"Time";"Angle 1.o/0/X";"Angle 1.o/0/Y";"Angle 1.a/0/X";"Angle 1.a/0/Y";"Angle 1.b/0/X";"Angle 1.b/0/Y";"Angle 1/o/X";"Angle 1/o/Y";"Angle 1/a/X";"Angle 1/a/Y";"Angle 1/b/X";"Angle 1/b/Y"
"0";"-287.4941";"-71.78156";"-68.46899";"-298.7697";"-146.2881";"-17.0282";"-287.4941";"-71.78156";"-68.46899";"-298.7697";"-146.2881";"-17.0282"
"8.341666";"-286.9474";"-72.15906";"-68.09424";"-298.9187";"-145.9771";"-16.99872";"-286.9474";"-72.15906";"-68.09424";"-298.9187";"-145.9771";"-16.99872"
"16.68333";"-286.9057";"-72.18036";"-68.79443";"-299.3873";"-145.9178";"-17.005";"-286.9057";"-72.18036";"-68.79443";"-299.3873";"-145.9178";"-17.005"
"25.025";"-286.8835";"-72.18591";"-70.0415";"-299.0107";"-145.7736";"-17.01013";"-286.8835";"-72.18591";"-70.0415";"-299.0107";"-145.7736";"-17.01013"
"33.36666";"-286.8413";"-72.2171";"-68.61621";"-299.4623";"-145.7582";"-17.02606";"-286.8413";"-72.2171";"-68.61621";"-299.4623";"-145.7582";"-17.02606"
"41.70833";"-286.8132";"-72.29596";"-68.61621";"-299.4623";"-145.6584";"-17.03064";"-286.8132";"-72.29596";"-68.61621";"-299.4623";"-145.6584";"-17.03064"
"50.05";"-286.7772";"-72.30157";"-68.61621";"-299.4623";"-145.602";"-17.0462";"-286.7772";"-72.30157";"-68.61621";"-299.4623";"-145.602";"-17.0462"
"58.39167";"-286.7673";"-72.49432";"-68.61621";"-299.4623";"-145.4568";"-17.01807";"-286.7673";"-72.49432";"-68.61621";"-299.4623";"-145.4568";"-17.01807"
"66.73333";"-286.7728";"-72.51196";"-68.61621";"-299.4623";"-145.4402";"-17.01917";"-286.7728";"-72.51196";"-68.61621";"-299.4623";"-145.4402";"-17.01917"
"75.075";"-286.7758";"-73.05133";"-68.61621";"-299.4623";"-145.2657";"-17.01013";"-286.7758";"-73.05133";"-68.61621";"-299.4623";"-145.2657";"-17.01013"
"83.41666";"-286.7778";"-73.23688";"-68.61621";"-299.4623";"-145.239";"-17.0282";"-286.7778";"-73.23688";"-68.61621";"-299.4623";"-145.239";"-17.0282"
"91.75833";"-287.1198";"-72.79321";"-68.61621";"-299.4623";"-145.1448";"-17.02814";"-287.1198";"-72.79321";"-68.61621";"-299.4623";"-145.1448";"-17.02814"
"100.1";"-286.941";"-73.16412";"-68.61621";"-299.4623";"-145.1053";"-17.02075";"-286.941";"-73.16412";"-68.61621";"-299.4623";"-145.1053";"-17.02075"
"108.4417";"-286.9482";"-73.25739";"-68.61621";"-299.4623";"-145.0144";"-17.01404";"-286.9482";"-73.25739";"-68.61621";"-299.4623";"-145.0144";"-17.01404"
"116.7833";"-286.9428";"-73.38672";"-68.61621";"-299.4623";"-144.9775";"-17.0246";"-286.9428";"-73.38672";"-68.61621";"-299.4623";"-144.9775";"-17.0246"
"125.125";"-287.0039";"-73.54852";"-68.61621";"-299.4623";"-144.922";"-17.03217";"-287.0039";"-73.54852";"-68.61621";"-299.4623";"-144.922";"-17.03217"
"133.4667";"-287.0266";"-73.60748";"-68.61621";"-299.4623";"-144.817";"-17.04547";"-287.0266";"-73.60748";"-68.61621";"-299.4623";"-144.817";"-17.04547"
"141.8083";"-287.0302";"-73.86957";"-68.61621";"-299.4623";"-144.7379";"-17.0459";"-287.0302";"-73.86957";"-68.61621";"-299.4623";"-144.7379";"-17.0459"
"150.15";"-287.0234";"-74.12738";"-68.61621";"-299.4623";"-144.7128";"-17.05914";"-287.0234";"-74.12738";"-68.61621";"-299.4623";"-144.7128";"-17.05914"
"158.4917";"-287.0181";"-74.1629";"-68.61621";"-299.4623";"-144.6539";"-17.06342";"-287.0181";"-74.1629";"-68.61621";"-299.4623";"-144.6539";"-17.06342"
"166.8333";"-286.9967";"-74.25726";"-68.61621";"-299.4623";"-144.603";"-17.07861";"-286.9967";"-74.25726";"-68.61621";"-299.4623";"-144.603";"-17.07861"
"175.175";"-287.2061";"-74.69403";"-68.61621";"-299.4623";"-144.4257";"-17.03394";"-287.2061";"-74.69403";"-68.61621";"-299.4623";"-144.4257";"-17.03394"
"183.5167";"-287.1755";"-74.99341";"-68.61621";"-299.4623";"-144.4028";"-17.04114";"-287.1755";"-74.99341";"-68.61621";"-299.4623";"-144.4028";"-17.04114"
"191.8583";"-287.1947";"-75.29205";"-68.61621";"-299.4623";"-144.3473";"-17.05878";"-287.1947";"-75.29205";"-68.61621";"-299.4623";"-144.3473";"-17.05878"
"200.2";"-287.3158";"-76.20886";"-68.61621";"-299.4623";"-144.284";"-17.08051";"-287.3158";"-76.20886";"-68.61621";"-299.4623";"-144.284";"-17.08051"
"208.5417";"-286.4544";"-74.17084";"-68.61621";"-299.4623";"-144.1398";"-17.06738";"-286.4544";"-74.17084";"-68.61621";"-299.4623";"-144.1398";"-17.06738"
"216.8833";"-285.969";"-74.06763";"-68.61621";"-299.4623";"-144.0986";"-17.06219";"-285.969";"-74.06763";"-68.61621";"-299.4623";"-144.0986";"-17.06219"
"225.225";"-285.9362";"-74.10962";"-68.61621";"-299.4623";"-144.0401";"-17.06567";"-285.9362";"-74.10962";"-68.61621";"-299.4623";"-144.0401";"-17.06567"
"233.5667";"-285.9093";"-74.19537";"-68.61621";"-299.4623";"-144.0086";"-17.06714";"-285.9093";"-74.19537";"-68.61621";"-299.4623";"-144.0086";"-17.06714"
"241.9083";"-285.8751";"-74.18524";"-68.61621";"-299.4623";"-143.8512";"-17.07568";"-285.8751";"-74.18524";"-68.61621";"-299.4623";"-143.8512";"-17.07568"
"250.25";"-285.8596";"-74.20428";"-68.61621";"-299.4623";"-143.8234";"-17.07635";"-285.8596";"-74.20428";"-68.61621";"-299.4623";"-143.8234";"-17.07635"
"258.5917";"-285.847";"-74.32361";"-68.61621";"-299.4623";"-143.7675";"-17.09338";"-285.847";"-74.32361";"-68.61621";"-299.4623";"-143.7675";"-17.09338"
"266.9333";"-285.842";"-74.34131";"-68.61621";"-299.4623";"-143.621";"-17.08765";"-285.842";"-74.34131";"-68.61621";"-299.4623";"-143.621";"-17.08765"
"275.275";"-285.817";"-74.38678";"-68.61621";"-299.4623";"-143.5594";"-17.10071";"-285.817";"-74.38678";"-68.61621";"-299.4623";"-143.5594";"-17.10071"
"283.6167";"-285.8184";"-74.36078";"-68.61621";"-299.4623";"-143.5197";"-17.13239";"-285.8184";"-74.36078";"-68.61621";"-299.4623";"-143.5197";"-17.13239"
"291.9583";"-285.8064";"-74.39978";"-68.61621";"-299.4623";"-143.3796";"-17.12567";"-285.8064";"-74.39978";"-68.61621";"-299.4623";"-143.3796";"-17.12567"
"300.3";"-284.7052";"-72.94165";"-68.61621";"-299.4623";"-143.3282";"-17.12512";"-284.7052";"-72.94165";"-68.61621";"-299.4623";"-143.3282";"-17.12512"
"308.6417";"-284.938";"-73.03522";"-68.61621";"-299.4623";"-143.212";"-17.19128";"-284.938";"-73.03522";"-68.61621";"-299.4623";"-143.212";"-17.19128"
"316.9833";"-284.9286";"-73.01477";"-68.61621";"-299.4623";"-143.1854";"-17.21423";"-284.9286";"-73.01477";"-68.61621";"-299.4623";"-143.1854";"-17.21423"
"325.325";"-284.9008";"-73.04053";"-68.61621";"-299.4623";"-143.0539";"-17.23962";"-284.9008";"-73.04053";"-68.61621";"-299.4623";"-143.0539";"-17.23962"
"333.6667";"-284.8969";"-73.06152";"-68.61621";"-299.4623";"-143.0104";"-17.26282";"-284.8969";"-73.06152";"-68.61621";"-299.4623";"-143.0104";"-17.26282"
"342.0083";"-284.8712";"-73.12817";"-68.61621";"-299.4623";"-142.96";"-17.31024";"-284.8712";"-73.12817";"-68.61621";"-299.4623";"-142.96";"-17.31024"
"350.35";"-284.8523";"-73.07202";"-68.61621";"-299.4623";"-142.8596";"-17.34821";"-284.8523";"-73.07202";"-68.61621";"-299.4623";"-142.8596";"-17.34821"
"358.6917";"-284.8297";"-73.12415";"-68.61621";"-299.4623";"-142.7624";"-17.34155";"-284.8297";"-73.12415";"-68.61621";"-299.4623";"-142.7624";"-17.34155"
"367.0333";"-284.8257";"-73.08728";"-68.61621";"-299.4623";"-142.7048";"-17.39081";"-284.8257";"-73.08728";"-68.61621";"-299.4623";"-142.7048";"-17.39081"
"375.375";"-284.7841";"-73.10425";"-68.61621";"-299.4623";"-142.6398";"-17.41296";"-284.7841";"-73.10425";"-68.61621";"-299.4623";"-142.6398";"-17.41296"
"383.7167";"-284.448";"-72.63446";"-68.61621";"-299.4623";"-142.5986";"-17.44415";"-284.448";"-72.63446";"-68.61621";"-299.4623";"-142.5986";"-17.44415"
"392.0583";"-284.7364";"-73.23279";"-68.61621";"-299.4623";"-142.4066";"-17.42352";"-284.7364";"-73.23279";"-68.61621";"-299.4623";"-142.4066";"-17.42352"
"400.4";"-284.9733";"-72.96765";"-68.61621";"-299.4623";"-142.3536";"-17.4671";"-284.9733";"-72.96765";"-68.61621";"-299.4623";"-142.3536";"-17.4671"
"408.7417";"-284.952";"-73.02106";"-68.61621";"-299.4623";"-142.2287";"-17.49872";"-284.952";"-73.02106";"-68.61621";"-299.4623";"-142.2287";"-17.49872"
"417.0833";"-284.9359";"-72.98376";"-68.61621";"-299.4623";"-142.2505";"-17.50861";"-284.9359";"-72.98376";"-68.61621";"-299.4623";"-142.2505";"-17.50861"
"425.425";"-284.8887";"-73.01929";"-68.61621";"-299.4623";"-142.0854";"-17.54266";"-284.8887";"-73.01929";"-68.61621";"-299.4623";"-142.0854";"-17.54266"
"433.7667";"-284.878";"-72.98517";"-68.61621";"-299.4623";"-142.0745";"-17.56769";"-284.878";"-72.98517";"-68.61621";"-299.4623";"-142.0745";"-17.56769"
"442.1083";"-284.846";"-73.03302";"-68.61621";"-299.4623";"-141.9297";"-17.62305";"-284.846";"-73.03302";"-68.61621";"-299.4623";"-141.9297";"-17.62305"
"450.45";"-284.8264";"-73.03448";"-68.61621";"-299.4623";"-141.9121";"-17.65094";"-284.8264";"-73.03448";"-68.61621";"-299.4623";"-141.9121";"-17.65094"
"458.7917";"-284.8116";"-73.06122";"-68.61621";"-299.4623";"-141.7899";"-17.68793";"-284.8116";"-73.06122";"-68.61621";"-299.4623";"-141.7899";"-17.68793"
"467.1333";"-284.7997";"-73.06488";"-68.61621";"-299.4623";"-141.7626";"-17.69373";"-284.7997";"-73.06488";"-68.61621";"-299.4623";"-141.7626";"-17.69373"
"475.475";"-284.7704";"-73.06305";"-68.61621";"-299.4623";"-141.6838";"-17.75183";"-284.7704";"-73.06305";"-68.61621";"-299.4623";"-141.6838";"-17.75183"
"483.8167";"-284.7429";"-73.18433";"-68.61621";"-299.4623";"-141.5741";"-17.75775";"-284.7429";"-73.18433";"-68.61621";"-299.4623";"-141.5741";"-17.75775"
"492.1583";"-284.7338";"-73.13342";"-68.61621";"-299.4623";"-141.4867";"-17.73853";"-284.7338";"-73.13342";"-68.61621";"-299.4623";"-141.4867";"-17.73853"
"500.5";"-284.7206";"-73.14642";"-68.61621";"-299.4623";"-141.4478";"-17.75842";"-284.7206";"-73.14642";"-68.61621";"-299.4623";"-141.4478";"-17.75842"
"508.8417";"-284.7066";"-73.1297";"-68.61621";"-299.4623";"-141.3401";"-17.77673";"-284.7066";"-73.1297";"-68.61621";"-299.4623";"-141.3401";"-17.77673"
"517.1833";"-284.6768";"-73.25189";"-68.61621";"-299.4623";"-141.2719";"-17.79749";"-284.6768";"-73.25189";"-68.61621";"-299.4623";"-141.2719";"-17.79749"
"525.525";"-284.6791";"-73.17981";"-68.61621";"-299.4623";"-141.1461";"-17.82227";"-284.6791";"-73.17981";"-68.61621";"-299.4623";"-141.1461";"-17.82227"
"533.8666";"-284.0284";"-72.63611";"-68.61621";"-299.4623";"-141.1091";"-17.85022";"-284.0284";"-72.63611";"-68.61621";"-299.4623";"-141.1091";"-17.85022"
"542.2083";"-283.9855";"-72.99634";"-68.61621";"-299.4623";"-141.012";"-17.89478";"-283.9855";"-72.99634";"-68.61621";"-299.4623";"-141.012";"-17.89478"
"550.55";"-283.962";"-73.01337";"-68.61621";"-299.4623";"-140.9732";"-17.92792";"-283.962";"-73.01337";"-68.61621";"-299.4623";"-140.9732";"-17.92792"
"558.8917";"-283.9482";"-72.99225";"-68.61621";"-299.4623";"-140.8519";"-17.96295";"-283.9482";"-72.99225";"-68.61621";"-299.4623";"-140.8519";"-17.96295"
"567.2333";"-283.9306";"-73.00342";"-68.61621";"-299.4623";"-140.7759";"-17.99152";"-283.9306";"-73.00342";"-68.61621";"-299.4623";"-140.7759";"-17.99152"
"575.575";"-283.8901";"-72.99213";"-68.61621";"-299.4623";"-140.6873";"-18.03662";"-283.8901";"-72.99213";"-68.61621";"-299.4623";"-140.6873";"-18.03662"
"583.9167";"-283.883";"-72.96338";"-68.61621";"-299.4623";"-140.6255";"-18.05731";"-283.883";"-72.96338";"-68.61621";"-299.4623";"-140.6255";"-18.05731"
"592.2584";"-283.8573";"-72.95209";"-68.61621";"-299.4623";"-140.4673";"-18.0166";"-283.8573";"-72.95209";"-68.61621";"-299.4623";"-140.4673";"-18.0166"
"600.6";"-283.8257";"-72.94659";"-68.61621";"-299.4623";"-140.4066";"-18.04224";"-283.8257";"-72.94659";"-68.61621";"-299.4623";"-140.4066";"-18.04224"
"608.9417";"-283.8181";"-72.94092";"-68.61621";"-299.4623";"-140.2857";"-18.07855";"-283.8181";"-72.94092";"-68.61621";"-299.4623";"-140.2857";"-18.07855"
"617.2833";"-283.7974";"-72.91071";"-68.61621";"-299.4623";"-140.1802";"-18.10974";"-283.7974";"-72.91071";"-68.61621";"-299.4623";"-140.1802";"-18.10974"
"625.625";"-283.7952";"-72.9516";"-68.61621";"-299.4623";"-140.0659";"-18.14117";"-283.7952";"-72.9516";"-68.61621";"-299.4623";"-140.0659";"-18.14117"
"633.9667";"-283.7849";"-72.92383";"-68.61621";"-299.4623";"-140.01";"-18.17706";"-283.7849";"-72.92383";"-68.61621";"-299.4623";"-140.01";"-18.17706"
"642.3083";"-283.7521";"-72.91864";"-68.61621";"-299.4623";"-139.9433";"-18.20508";"-283.7521";"-72.91864";"-68.61621";"-299.4623";"-139.9433";"-18.20508"
"650.65";"-283.0993";"-71.77008";"-68.61621";"-299.4623";"-139.8939";"-18.22516";"-283.0993";"-71.77008";"-68.61621";"-299.4623";"-139.8939";"-18.22516"
"658.9916";"-283.7433";"-72.93597";"-68.61621";"-299.4623";"-139.7761";"-18.26465";"-283.7433";"-72.93597";"-68.61621";"-299.4623";"-139.7761";"-18.26465"
"667.3333";"-283.7309";"-72.9101";"-68.61621";"-299.4623";"-139.6855";"-18.31946";"-283.7309";"-72.9101";"-68.61621";"-299.4623";"-139.6855";"-18.31946"
"675.675";"-282.7448";"-72.09625";"-68.61621";"-299.4623";"-139.6054";"-18.41797";"-282.7448";"-72.09625";"-68.61621";"-299.4623";"-139.6054";"-18.41797"
"684.0167";"-282.9868";"-71.97809";"-68.61621";"-299.4623";"-139.5029";"-18.44312";"-282.9868";"-71.97809";"-68.61621";"-299.4623";"-139.5029";"-18.44312"
"692.3583";"-282.9556";"-71.97235";"-68.61621";"-299.4623";"-139.4153";"-18.396";"-282.9556";"-71.97235";"-68.61621";"-299.4623";"-139.4153";"-18.396"
"700.7";"-282.9421";"-71.97418";"-68.61621";"-299.4623";"-139.3132";"-18.453";"-282.9421";"-71.97418";"-68.61621";"-299.4623";"-139.3132";"-18.453"
"709.0417";"-282.9261";"-71.97736";"-68.61621";"-299.4623";"-139.2399";"-18.50012";"-282.9261";"-71.97736";"-68.61621";"-299.4623";"-139.2399";"-18.50012"
"717.3834";"-282.9026";"-71.96448";"-68.61621";"-299.4623";"-139.1711";"-18.53448";"-282.9026";"-71.96448";"-68.61621";"-299.4623";"-139.1711";"-18.53448"
"725.725";"-282.8939";"-71.94275";"-68.61621";"-299.4623";"-139.0619";"-18.55304";"-282.8939";"-71.94275";"-68.61621";"-299.4623";"-139.0619";"-18.55304"
"734.0667";"-282.8696";"-71.90326";"-68.61621";"-299.4623";"-139.0151";"-18.60291";"-282.8696";"-71.90326";"-68.61621";"-299.4623";"-139.0151";"-18.60291"
"742.4083";"-282.8461";"-71.91675";"-68.61621";"-299.4623";"-138.8926";"-18.63336";"-282.8461";"-71.91675";"-68.61621";"-299.4623";"-138.8926";"-18.63336"
"750.75";"-282.8388";"-71.91858";"-68.61621";"-299.4623";"-138.801";"-18.6723";"-282.8388";"-71.91858";"-68.61621";"-299.4623";"-138.801";"-18.6723"
"759.0917";"-280.267";"-73.31262";"-68.61621";"-299.4623";"-138.7414";"-18.70337";"-280.267";"-73.31262";"-68.61621";"-299.4623";"-138.7414";"-18.70337"
"767.4333";"-281.8461";"-72.04382";"-68.61621";"-299.4623";"-138.6773";"-18.73456";"-281.8461";"-72.04382";"-68.61621";"-299.4623";"-138.6773";"-18.73456"
"775.775";"-281.9822";"-71.98279";"-68.61621";"-299.4623";"-138.5129";"-18.76251";"-281.9822";"-71.98279";"-68.61621";"-299.4623";"-138.5129";"-18.76251"
"784.1166";"-281.97";"-71.98956";"-68.61621";"-299.4623";"-138.4435";"-18.75836";"-281.97";"-71.98956";"-68.61621";"-299.4623";"-138.4435";"-18.75836"
"792.4583";"-281.9435";"-71.9812";"-68.61621";"-299.4623";"-138.3378";"-18.80322";"-281.9435";"-71.9812";"-68.61621";"-299.4623";"-138.3378";"-18.80322"
"800.8";"-281.8838";"-71.97339";"-68.61621";"-299.4623";"-138.2139";"-18.88281";"-281.8838";"-71.97339";"-68.61621";"-299.4623";"-138.2139";"-18.88281"
"809.1417";"-281.8843";"-71.97211";"-68.61621";"-299.4623";"-138.1712";"-18.90619";"-281.8843";"-71.97211";"-68.61621";"-299.4623";"-138.1712";"-18.90619"
"817.4833";"-281.8697";"-71.97333";"-68.61621";"-299.4623";"-138.1353";"-18.93121";"-281.8697";"-71.97333";"-68.61621";"-299.4623";"-138.1353";"-18.93121"
"825.825";"-281.8508";"-71.94543";"-68.61621";"-299.4623";"-138.0006";"-18.95831";"-281.8508";"-71.94543";"-68.61621";"-299.4623";"-138.0006";"-18.95831"
"834.1667";"-281.8414";"-71.96515";"-68.61621";"-299.4623";"-137.9311";"-19.00903";"-281.8414";"-71.96515";"-68.61621";"-299.4623";"-137.9311";"-19.00903"
"842.5084";"-281.8237";"-71.94855";"-68.61621";"-299.4623";"-137.8532";"-19.04559";"-281.8237";"-71.94855";"-68.61621";"-299.4623";"-137.8532";"-19.04559"
"850.85";"-281.7942";"-71.96338";"-68.61621";"-299.4623";"-137.7844";"-19.09186";"-281.7942";"-71.96338";"-68.61621";"-299.4623";"-137.7844";"-19.09186"
"859.1917";"-281.7793";"-71.94385";"-68.61621";"-299.4623";"-137.6525";"-19.10883";"-281.7793";"-71.94385";"-68.61621";"-299.4623";"-137.6525";"-19.10883"
"867.5333";"-281.7668";"-71.92993";"-68.61621";"-299.4623";"-137.615";"-19.14044";"-281.7668";"-71.92993";"-68.61621";"-299.4623";"-137.615";"-19.14044"
"875.875";"-281.7501";"-71.91809";"-68.61621";"-299.4623";"-137.4908";"-19.12122";"-281.7501";"-71.91809";"-68.61621";"-299.4623";"-137.4908";"-19.12122"
"884.2167";"-281.7264";"-71.92816";"-68.61621";"-299.4623";"-137.4077";"-19.15509";"-281.7264";"-71.92816";"-68.61621";"-299.4623";"-137.4077";"-19.15509"
"892.5583";"-281.7044";"-71.90192";"-68.61621";"-299.4623";"-137.2363";"-19.18109";"-281.7044";"-71.90192";"-68.61621";"-299.4623";"-137.2363";"-19.18109"
"900.9";"-280.2575";"-72.21051";"-68.61621";"-299.4623";"-137.2031";"-19.20386";"-280.2575";"-72.21051";"-68.61621";"-299.4623";"-137.2031";"-19.20386"
"909.2416";"-279.9769";"-71.9632";"-68.61621";"-299.4623";"-137.0723";"-19.24622";"-279.9769";"-71.9632";"-68.61621";"-299.4623";"-137.0723";"-19.24622"
"917.5833";"-279.9541";"-71.96039";"-68.61621";"-299.4623";"-137.0045";"-19.2627";"-279.9541";"-71.96039";"-68.61621";"-299.4623";"-137.0045";"-19.2627"
"925.925";"-279.9224";"-71.96381";"-68.61621";"-299.4623";"-136.8649";"-19.28601";"-279.9224";"-71.96381";"-68.61621";"-299.4623";"-136.8649";"-19.28601"
"934.2667";"-279.8922";"-71.94806";"-68.61621";"-299.4623";"-136.8263";"-19.30676";"-279.8922";"-71.94806";"-68.61621";"-299.4623";"-136.8263";"-19.30676"
"942.6083";"-279.8611";"-71.93231";"-68.61621";"-299.4623";"-136.6784";"-19.32617";"-279.8611";"-71.93231";"-68.61621";"-299.4623";"-136.6784";"-19.32617"
"950.95";"-279.8302";"-71.90802";"-68.61621";"-299.4623";"-136.653";"-19.35046";"-279.8302";"-71.90802";"-68.61621";"-299.4623";"-136.653";"-19.35046"
"959.2917";"-279.7991";"-71.90839";"-68.61621";"-299.4623";"-136.4901";"-19.33551";"-279.7991";"-71.90839";"-68.61621";"-299.4623";"-136.4901";"-19.33551"
"967.6334";"-279.7828";"-71.90961";"-68.61621";"-299.4623";"-136.4302";"-19.36456";"-279.7828";"-71.90961";"-68.61621";"-299.4623";"-136.4302";"-19.36456"
"975.975";"-279.7623";"-71.90302";"-68.61621";"-299.4623";"-136.3061";"-19.39526";"-279.7623";"-71.90302";"-68.61621";"-299.4623";"-136.3061";"-19.39526"
"984.3167";"-279.7262";"-71.89838";"-68.61621";"-299.4623";"-136.1677";"-19.42126";"-279.7262";"-71.89838";"-68.61621";"-299.4623";"-136.1677";"-19.42126"
"992.6583";"-279.683";"-71.87805";"-68.61621";"-299.4623";"-136.1061";"-19.47241";"-279.683";"-71.87805";"-68.61621";"-299.4623";"-136.1061";"-19.47241"
"1001";"-279.659";"-71.88751";"-68.61621";"-299.4623";"-136.0366";"-19.48901";"-279.659";"-71.88751";"-68.61621";"-299.4623";"-136.0366";"-19.48901"
"1009.342";"-279.6193";"-71.90405";"-68.61621";"-299.4623";"-135.9417";"-19.52319";"-279.6193";"-71.90405";"-68.61621";"-299.4623";"-135.9417";"-19.52319"
"1017.683";"-278.4874";"-71.88391";"-68.61621";"-299.4623";"-135.9322";"-19.54169";"-278.4874";"-71.88391";"-68.61621";"-299.4623";"-135.9322";"-19.54169"
"1026.025";"-277.9476";"-71.99384";"-68.61621";"-299.4623";"-135.7974";"-19.5896";"-277.9476";"-71.99384";"-68.61621";"-299.4623";"-135.7974";"-19.5896"
"1034.367";"-277.9351";"-71.96655";"-68.61621";"-299.4623";"-135.6873";"-19.63782";"-277.9351";"-71.96655";"-68.61621";"-299.4623";"-135.6873";"-19.63782"
"1042.708";"-277.8981";"-71.96869";"-68.61621";"-299.4623";"-135.6261";"-19.67694";"-277.8981";"-71.96869";"-68.61621";"-299.4623";"-135.6261";"-19.67694"
"1051.05";"-277.8584";"-71.97534";"-68.61621";"-299.4623";"-135.5598";"-19.69714";"-277.8584";"-71.97534";"-68.61621";"-299.4623";"-135.5598";"-19.69714"
"1059.392";"-277.837";"-71.96167";"-68.61621";"-299.4623";"-135.3798";"-19.64874";"-277.837";"-71.96167";"-68.61621";"-299.4623";"-135.3798";"-19.64874"
"1067.733";"-277.7919";"-71.95087";"-68.61621";"-299.4623";"-135.3113";"-19.68707";"-277.7919";"-71.95087";"-68.61621";"-299.4623";"-135.3113";"-19.68707"
"1076.075";"-277.7512";"-71.93756";"-68.61621";"-299.4623";"-135.1871";"-19.70929";"-277.7512";"-71.93756";"-68.61621";"-299.4623";"-135.1871";"-19.70929"
"1084.417";"-277.7314";"-71.92914";"-68.61621";"-299.4623";"-135.119";"-19.73682";"-277.7314";"-71.92914";"-68.61621";"-299.4623";"-135.119";"-19.73682"
"1092.758";"-277.6711";"-71.9295";"-68.61621";"-299.4623";"-134.973";"-19.74786";"-277.6711";"-71.9295";"-68.61621";"-299.4623";"-134.973";"-19.74786"
"1101.1";"-277.6382";"-71.91669";"-68.61621";"-299.4623";"-134.9176";"-19.771";"-277.6382";"-71.91669";"-68.61621";"-299.4623";"-134.9176";"-19.771"
"1109.442";"-277.5651";"-71.88879";"-68.61621";"-299.4623";"-134.8345";"-19.80682";"-277.5651";"-71.88879";"-68.61621";"-299.4623";"-134.8345";"-19.80682"
"1117.783";"-277.5291";"-71.88959";"-68.61621";"-299.4623";"-134.7736";"-19.84308";"-277.5291";"-71.88959";"-68.61621";"-299.4623";"-134.7736";"-19.84308"
"1126.125";"-277.4207";"-71.76703";"-68.61621";"-299.4623";"-134.6589";"-19.86487";"-277.4207";"-71.76703";"-68.61621";"-299.4623";"-134.6589";"-19.86487"
"1134.467";"-277.3961";"-71.74628";"-68.61621";"-299.4623";"-134.5351";"-19.88342";"-277.3961";"-71.74628";"-68.61621";"-299.4623";"-134.5351";"-19.88342"
"1142.808";"-277.3251";"-71.74414";"-68.61621";"-299.4623";"-134.431";"-19.86115";"-277.3251";"-71.74414";"-68.61621";"-299.4623";"-134.431";"-19.86115"
"1151.15";"-277.248";"-71.73047";"-68.61621";"-299.4623";"-134.3871";"-19.88739";"-277.248";"-71.73047";"-68.61621";"-299.4623";"-134.3871";"-19.88739"
"1159.492";"-277.1747";"-71.74872";"-68.61621";"-299.4623";"-134.2277";"-19.93695";"-277.1747";"-71.74872";"-68.61621";"-299.4623";"-134.2277";"-19.93695"
"1167.833";"-277.1334";"-71.74243";"-68.61621";"-299.4623";"-134.1825";"-19.94556";"-277.1334";"-71.74243";"-68.61621";"-299.4623";"-134.1825";"-19.94556"
"1176.175";"-277.0591";"-71.74341";"-68.61621";"-299.4623";"-134.0306";"-19.9577";"-277.0591";"-71.74341";"-68.61621";"-299.4623";"-134.0306";"-19.9577"
"1184.517";"-276.9722";"-71.75238";"-68.61621";"-299.4623";"-133.9995";"-19.96338";"-276.9722";"-71.75238";"-68.61621";"-299.4623";"-133.9995";"-19.96338"
"1192.858";"-276.8323";"-71.74774";"-68.61621";"-299.4623";"-133.8716";"-19.99701";"-276.8323";"-71.74774";"-68.61621";"-299.4623";"-133.8716";"-19.99701"
"1201.2";"-276.7904";"-71.75598";"-68.61621";"-299.4623";"-133.834";"-19.99817";"-276.7904";"-71.75598";"-68.61621";"-299.4623";"-133.834";"-19.99817"
"1209.542";"-276.7143";"-71.77423";"-68.61621";"-299.4623";"-133.6808";"-20.00244";"-276.7143";"-71.77423";"-68.61621";"-299.4623";"-133.6808";"-20.00244"
"1217.883";"-276.6619";"-71.7782";"-68.61621";"-299.4623";"-133.6394";"-20.01849";"-276.6619";"-71.7782";"-68.61621";"-299.4623";"-133.6394";"-20.01849"
"1226.225";"-276.4803";"-71.66534";"-68.61621";"-299.4623";"-133.4556";"-19.99713";"-276.4803";"-71.66534";"-68.61621";"-299.4623";"-133.4556";"-19.99713"
"1234.567";"-276.4434";"-71.65649";"-68.61621";"-299.4623";"-133.4037";"-20.00049";"-276.4434";"-71.65649";"-68.61621";"-299.4623";"-133.4037";"-20.00049"
"1242.908";"-276.34";"-71.6759";"-68.61621";"-299.4623";"-133.3286";"-20.00677";"-276.34";"-71.6759";"-68.61621";"-299.4623";"-133.3286";"-20.00677"
"1251.25";"-276.2531";"-71.66949";"-68.61621";"-299.4623";"-133.1536";"-20.02637";"-276.2531";"-71.66949";"-68.61621";"-299.4623";"-133.1536";"-20.02637"
"1259.592";"-276.1422";"-71.69092";"-68.61621";"-299.4623";"-133.0951";"-20.0271";"-276.1422";"-71.69092";"-68.61621";"-299.4623";"-133.0951";"-20.0271"
"1267.933";"-276.0884";"-71.69287";"-68.61621";"-299.4623";"-133.0518";"-20.03961";"-276.0884";"-71.69287";"-68.61621";"-299.4623";"-133.0518";"-20.03961"
"1276.275";"-275.976";"-71.67792";"-68.61621";"-299.4623";"-132.8845";"-20.0448";"-275.976";"-71.67792";"-68.61621";"-299.4623";"-132.8845";"-20.0448"
"1284.617";"-275.8882";"-71.68744";"-68.61621";"-299.4623";"-132.8299";"-20.06519";"-275.8882";"-71.68744";"-68.61621";"-299.4623";"-132.8299";"-20.06519"
"1292.958";"-275.7441";"-71.71625";"-68.61621";"-299.4623";"-132.6716";"-20.06543";"-275.7441";"-71.71625";"-68.61621";"-299.4623";"-132.6716";"-20.06543"
"1301.3";"-275.7041";"-71.698";"-68.61621";"-299.4623";"-132.6323";"-20.07855";"-275.7041";"-71.698";"-68.61621";"-299.4623";"-132.6323";"-20.07855"
"1309.642";"-275.5501";"-71.7243";"-68.61621";"-299.4623";"-132.4951";"-20.05914";"-275.5501";"-71.7243";"-68.61621";"-299.4623";"-132.4951";"-20.05914"
"1317.983";"-275.5053";"-71.72955";"-68.61621";"-299.4623";"-132.4343";"-20.06659";"-275.5053";"-71.72955";"-68.61621";"-299.4623";"-132.4343";"-20.06659"
"1326.325";"-275.3443";"-71.61285";"-68.61621";"-299.4623";"-132.2474";"-20.06946";"-275.3443";"-71.61285";"-68.61621";"-299.4623";"-132.2474";"-20.06946"
"1334.667";"-275.2882";"-71.58691";"-68.61621";"-299.4623";"-132.1965";"-20.08917";"-275.2882";"-71.58691";"-68.61621";"-299.4623";"-132.1965";"-20.08917"
"1343.008";"-275.2202";"-71.58594";"-68.61621";"-299.4623";"-132.0683";"-20.1012";"-275.2202";"-71.58594";"-68.61621";"-299.4623";"-132.0683";"-20.1012"
"1351.35";"-275.125";"-71.5871";"-68.61621";"-299.4623";"-131.9894";"-20.09595";"-275.125";"-71.5871";"-68.61621";"-299.4623";"-131.9894";"-20.09595"
"1359.692";"-274.9764";"-71.60254";"-68.61621";"-299.4623";"-131.8751";"-20.10309";"-274.9764";"-71.60254";"-68.61621";"-299.4623";"-131.8751";"-20.10309"
"1368.033";"-274.904";"-71.58319";"-68.61621";"-299.4623";"-131.8311";"-20.1167";"-274.904";"-71.58319";"-68.61621";"-299.4623";"-131.8311";"-20.1167"
"1376.375";"-274.7941";"-71.60181";"-68.61621";"-299.4623";"-131.6736";"-20.11145";"-274.7941";"-71.60181";"-68.61621";"-299.4623";"-131.6736";"-20.11145"
"1384.717";"-274.7044";"-71.59991";"-68.61621";"-299.4623";"-131.6381";"-20.12128";"-274.7044";"-71.59991";"-68.61621";"-299.4623";"-131.6381";"-20.12128"
"1393.058";"-274.5715";"-71.59656";"-68.61621";"-299.4623";"-131.4777";"-20.08545";"-274.5715";"-71.59656";"-68.61621";"-299.4623";"-131.4777";"-20.08545"
"1401.4";"-274.4006";"-71.46429";"-68.61621";"-299.4623";"-131.4222";"-20.08386";"-274.4006";"-71.46429";"-68.61621";"-299.4623";"-131.4222";"-20.08386"
"1409.742";"-274.272";"-71.46442";"-68.61621";"-299.4623";"-131.2587";"-20.10541";"-274.272";"-71.46442";"-68.61621";"-299.4623";"-131.2587";"-20.10541"
"1418.083";"-274.22";"-71.45862";"-68.61621";"-299.4623";"-131.2028";"-20.11285";"-274.22";"-71.45862";"-68.61621";"-299.4623";"-131.2028";"-20.11285"
"1426.425";"-274.0435";"-71.48157";"-68.61621";"-299.4623";"-131.1196";"-20.10876";"-274.0435";"-71.48157";"-68.61621";"-299.4623";"-131.1196";"-20.10876"
"1434.767";"-274.0148";"-71.48547";"-68.61621";"-299.4623";"-130.9826";"-20.11011";"-274.0148";"-71.48547";"-68.61621";"-299.4623";"-130.9826";"-20.11011"
"1443.108";"-273.8522";"-71.46277";"-68.61621";"-299.4623";"-130.9078";"-20.11768";"-273.8522";"-71.46277";"-68.61621";"-299.4623";"-130.9078";"-20.11768"
"1451.45";"-273.8043";"-71.45758";"-68.61621";"-299.4623";"-130.8215";"-20.13641";"-273.8043";"-71.45758";"-68.61621";"-299.4623";"-130.8215";"-20.13641"
"1459.792";"-273.6891";"-71.49158";"-68.61621";"-299.4623";"-130.7107";"-20.15405";"-273.6891";"-71.49158";"-68.61621";"-299.4623";"-130.7107";"-20.15405"
"1468.133";"-273.6144";"-71.46747";"-68.61621";"-299.4623";"-130.6429";"-20.15894";"-273.6144";"-71.46747";"-68.61621";"-299.4623";"-130.6429";"-20.15894"
"1476.475";"-273.4827";"-71.36517";"-68.61621";"-299.4623";"-130.5154";"-20.15814";"-273.4827";"-71.36517";"-68.61621";"-299.4623";"-130.5154";"-20.15814"
"1484.817";"-273.4375";"-71.36383";"-68.61621";"-299.4623";"-130.4075";"-20.13971";"-273.4375";"-71.36383";"-68.61621";"-299.4623";"-130.4075";"-20.13971"
"1493.158";"-273.2524";"-71.38635";"-68.61621";"-299.4623";"-130.2777";"-20.11023";"-273.2524";"-71.38635";"-68.61621";"-299.4623";"-130.2777";"-20.11023"
"1501.5";"-273.185";"-71.39282";"-68.61621";"-299.4623";"-130.1855";"-20.11542";"-273.185";"-71.39282";"-68.61621";"-299.4623";"-130.1855";"-20.11542"
"1509.842";"-273.0326";"-71.38849";"-68.61621";"-299.4623";"-130.0433";"-20.10474";"-273.0326";"-71.38849";"-68.61621";"-299.4623";"-130.0433";"-20.10474"
"1518.183";"-272.9642";"-71.41986";"-68.61621";"-299.4623";"-130.0124";"-20.10706";"-272.9642";"-71.41986";"-68.61621";"-299.4623";"-130.0124";"-20.10706"
"1526.525";"-272.828";"-71.43488";"-68.61621";"-299.4623";"-129.8707";"-20.09253";"-272.828";"-71.43488";"-68.61621";"-299.4623";"-129.8707";"-20.09253"
"1534.867";"-272.7268";"-71.42926";"-68.61621";"-299.4623";"-129.8173";"-20.09924";"-272.7268";"-71.42926";"-68.61621";"-299.4623";"-129.8173";"-20.09924"
"1543.208";"-272.597";"-71.48181";"-68.61621";"-299.4623";"-129.7142";"-20.0835";"-272.597";"-71.48181";"-68.61621";"-299.4623";"-129.7142";"-20.0835"
"1551.55";"-272.5132";"-71.46637";"-68.61621";"-299.4623";"-129.585";"-20.07104";"-272.5132";"-71.46637";"-68.61621";"-299.4623";"-129.585";"-20.07104"
"1559.892";"-272.3629";"-71.34003";"-68.61621";"-299.4623";"-129.485";"-20.03125";"-272.3629";"-71.34003";"-68.61621";"-299.4623";"-129.485";"-20.03125"
"1568.233";"-272.3224";"-71.33295";"-68.61621";"-299.4623";"-129.426";"-20.03619";"-272.3224";"-71.33295";"-68.61621";"-299.4623";"-129.426";"-20.03619"
"1576.575";"-272.1422";"-71.40314";"-68.61621";"-299.4623";"-129.2343";"-20.03217";"-272.1422";"-71.40314";"-68.61621";"-299.4623";"-129.2343";"-20.03217"
"1584.917";"-272.0883";"-71.38263";"-68.61621";"-299.4623";"-129.1843";"-20.02545";"-272.0883";"-71.38263";"-68.61621";"-299.4623";"-129.1843";"-20.02545"
"1593.258";"-271.9364";"-71.44275";"-68.61621";"-299.4623";"-129.0364";"-20.01898";"-271.9364";"-71.44275";"-68.61621";"-299.4623";"-129.0364";"-20.01898"
"1601.6";"-271.8853";"-71.41113";"-68.61621";"-299.4623";"-128.9852";"-20.02209";"-271.8853";"-71.41113";"-68.61621";"-299.4623";"-128.9852";"-20.02209"
"1609.942";"-271.6993";"-71.46796";"-68.61621";"-299.4623";"-128.807";"-20.01978";"-271.6993";"-71.46796";"-68.61621";"-299.4623";"-128.807";"-20.01978"
"1618.283";"-271.6536";"-71.44812";"-68.61621";"-299.4623";"-128.7515";"-20.01605";"-271.6536";"-71.44812";"-68.61621";"-299.4623";"-128.7515";"-20.01605"
"1626.625";"-271.5062";"-71.48059";"-68.61621";"-299.4623";"-128.6521";"-20.00043";"-271.5062";"-71.48059";"-68.61621";"-299.4623";"-128.6521";"-20.00043"
"1634.967";"-271.4337";"-71.35181";"-68.61621";"-299.4623";"-128.475";"-19.98163";"-271.4337";"-71.35181";"-68.61621";"-299.4623";"-128.475";"-19.98163"
"1643.308";"-271.2664";"-71.41046";"-68.61621";"-299.4623";"-128.4055";"-19.94635";"-271.2664";"-71.41046";"-68.61621";"-299.4623";"-128.4055";"-19.94635"
"1651.65";"-271.1916";"-71.37085";"-68.61621";"-299.4623";"-128.3009";"-19.94281";"-271.1916";"-71.37085";"-68.61621";"-299.4623";"-128.3009";"-19.94281"
"1659.992";"-271.0443";"-71.40491";"-68.61621";"-299.4623";"-128.1646";"-19.96057";"-271.0443";"-71.40491";"-68.61621";"-299.4623";"-128.1646";"-19.96057"
"1668.333";"-270.9811";"-71.37738";"-68.61621";"-299.4623";"-128.1059";"-19.94897";"-270.9811";"-71.37738";"-68.61621";"-299.4623";"-128.1059";"-19.94897"
"1676.675";"-270.8177";"-71.42859";"-68.61621";"-299.4623";"-127.9843";"-19.92731";"-270.8177";"-71.42859";"-68.61621";"-299.4623";"-127.9843";"-19.92731"
"1685.017";"-270.7779";"-71.44073";"-68.61621";"-299.4623";"-127.8867";"-19.95557";"-270.7779";"-71.44073";"-68.61621";"-299.4623";"-127.8867";"-19.95557"
"1693.358";"-270.6444";"-71.38922";"-68.61621";"-299.4623";"-127.7764";"-19.93475";"-270.6444";"-71.38922";"-68.61621";"-299.4623";"-127.7764";"-19.93475"
"1701.7";"-270.4873";"-71.36621";"-68.61621";"-299.4623";"-127.7434";"-19.92999";"-270.4873";"-71.36621";"-68.61621";"-299.4623";"-127.7434";"-19.92999"
"1710.042";"-270.3998";"-71.33771";"-68.61621";"-299.4623";"-127.5786";"-19.9339";"-270.3998";"-71.33771";"-68.61621";"-299.4623";"-127.5786";"-19.9339"
"1718.383";"-270.3119";"-71.36414";"-68.61621";"-299.4623";"-127.5272";"-19.92719";"-270.3119";"-71.36414";"-68.61621";"-299.4623";"-127.5272";"-19.92719"
"1726.725";"-270.1866";"-71.34253";"-68.61621";"-299.4623";"-127.371";"-19.86194";"-270.1866";"-71.34253";"-68.61621";"-299.4623";"-127.371";"-19.86194"
"1735.067";"-270.0913";"-71.40601";"-68.61621";"-299.4623";"-127.2791";"-19.87537";"-270.0913";"-71.40601";"-68.61621";"-299.4623";"-127.2791";"-19.87537"
"1743.408";"-269.9674";"-71.36963";"-68.61621";"-299.4623";"-127.1263";"-19.85895";"-269.9674";"-71.36963";"-68.61621";"-299.4623";"-127.1263";"-19.85895"
"1751.75";"-269.9193";"-71.40961";"-68.61621";"-299.4623";"-127.0965";"-19.85724";"-269.9193";"-71.40961";"-68.61621";"-299.4623";"-127.0965";"-19.85724"
"1760.092";"-269.7812";"-71.37482";"-68.61621";"-299.4623";"-126.9637";"-19.85211";"-269.7812";"-71.37482";"-68.61621";"-299.4623";"-126.9637";"-19.85211"
"1768.433";"-269.6774";"-71.45392";"-68.61621";"-299.4623";"-126.9069";"-19.86591";"-269.6774";"-71.45392";"-68.61621";"-299.4623";"-126.9069";"-19.86591"
"1776.775";"-269.5599";"-71.41425";"-68.61621";"-299.4623";"-126.8036";"-19.8468";"-269.5599";"-71.41425";"-68.61621";"-299.4623";"-126.8036";"-19.8468"
"1785.117";"-269.4517";"-71.34302";"-68.61621";"-299.4623";"-126.7085";"-19.83789";"-269.4517";"-71.34302";"-68.61621";"-299.4623";"-126.7085";"-19.83789"
"1793.458";"-269.3016";"-71.33319";"-68.61621";"-299.4623";"-126.5544";"-19.84821";"-269.3016";"-71.33319";"-68.61621";"-299.4623";"-126.5544";"-19.84821"
"1801.8";"-269.1402";"-71.32196";"-68.61621";"-299.4623";"-126.4139";"-19.78314";"-269.1402";"-71.32196";"-68.61621";"-299.4623";"-126.4139";"-19.78314"
"1810.142";"-269.0947";"-71.33167";"-68.61621";"-299.4623";"-126.3484";"-19.80334";"-269.0947";"-71.33167";"-68.61621";"-299.4623";"-126.3484";"-19.80334"
"1818.483";"-269.0468";"-71.33942";"-68.61621";"-299.4623";"-126.2577";"-19.78613";"-269.0468";"-71.33942";"-68.61621";"-299.4623";"-126.2577";"-19.78613"
"1826.825";"-268.8906";"-71.3468";"-68.61621";"-299.4623";"-126.1308";"-19.78589";"-268.8906";"-71.3468";"-68.61621";"-299.4623";"-126.1308";"-19.78589"
"1835.167";"-268.8077";"-71.36243";"-68.61621";"-299.4623";"-126.0452";"-19.81335";"-268.8077";"-71.36243";"-68.61621";"-299.4623";"-126.0452";"-19.81335"
"1843.508";"-268.6606";"-71.36938";"-68.61621";"-299.4623";"-125.9026";"-19.77972";"-268.6606";"-71.36938";"-68.61621";"-299.4623";"-125.9026";"-19.77972"
"1851.85";"-268.5703";"-71.38464";"-68.61621";"-299.4623";"-125.8401";"-19.80865";"-268.5703";"-71.38464";"-68.61621";"-299.4623";"-125.8401";"-19.80865"
"1860.192";"-268.397";"-71.29376";"-68.61621";"-299.4623";"-125.6998";"-19.78748";"-268.397";"-71.29376";"-68.61621";"-299.4623";"-125.6998";"-19.78748"
"1868.533";"-268.3328";"-71.28027";"-68.61621";"-299.4623";"-125.6406";"-19.78827";"-268.3328";"-71.28027";"-68.61621";"-299.4623";"-125.6406";"-19.78827"
"1876.875";"-268.2258";"-71.29376";"-68.61621";"-299.4623";"-125.4556";"-19.74329";"-268.2258";"-71.29376";"-68.61621";"-299.4623";"-125.4556";"-19.74329"
"1885.217";"-268.1262";"-71.28784";"-68.61621";"-299.4623";"-125.4364";"-19.74158";"-268.1262";"-71.28784";"-68.61621";"-299.4623";"-125.4364";"-19.74158"
"1893.558";"-267.9882";"-71.30853";"-68.61621";"-299.4623";"-125.2513";"-19.71619";"-267.9882";"-71.30853";"-68.61621";"-299.4623";"-125.2513";"-19.71619"
"1901.9";"-267.9465";"-71.29248";"-68.61621";"-299.4623";"-125.1498";"-19.72278";"-267.9465";"-71.29248";"-68.61621";"-299.4623";"-125.1498";"-19.72278"
"1910.242";"-267.7414";"-71.32922";"-68.61621";"-299.4623";"-125.0262";"-19.71832";"-267.7414";"-71.32922";"-68.61621";"-299.4623";"-125.0262";"-19.71832"
"1918.583";"-267.7017";"-71.32111";"-68.61621";"-299.4623";"-124.9749";"-19.71808";"-267.7017";"-71.32111";"-68.61621";"-299.4623";"-124.9749";"-19.71808"
"1926.925";"-267.5243";"-71.33868";"-68.61621";"-299.4623";"-124.8302";"-19.70667";"-267.5243";"-71.33868";"-68.61621";"-299.4623";"-124.8302";"-19.70667"
"1935.267";"-267.4816";"-71.20404";"-68.61621";"-299.4623";"-124.7274";"-19.73322";"-267.4816";"-71.20404";"-68.61621";"-299.4623";"-124.7274";"-19.73322"
"1943.608";"-267.3079";"-71.23547";"-68.61621";"-299.4623";"-124.613";"-19.71301";"-267.3079";"-71.23547";"-68.61621";"-299.4623";"-124.613";"-19.71301"
"1951.95";"-267.2789";"-71.23431";"-68.61621";"-299.4623";"-124.5405";"-19.72333";"-267.2789";"-71.23431";"-68.61621";"-299.4623";"-124.5405";"-19.72333"
"1960.292";"-267.0928";"-71.23114";"-68.61621";"-299.4623";"-124.3577";"-19.66797";"-267.0928";"-71.23114";"-68.61621";"-299.4623";"-124.3577";"-19.66797"
"1968.633";"-267.0546";"-71.22955";"-68.61621";"-299.4623";"-124.317";"-19.67181";"-267.0546";"-71.22955";"-68.61621";"-299.4623";"-124.317";"-19.67181"
"1976.975";"-266.8723";"-71.25244";"-68.61621";"-299.4623";"-124.134";"-19.68372";"-266.8723";"-71.25244";"-68.61621";"-299.4623";"-124.134";"-19.68372"
"1985.317";"-266.8488";"-71.24725";"-68.61621";"-299.4623";"-124.0802";"-19.69989";"-266.8488";"-71.24725";"-68.61621";"-299.4623";"-124.0802";"-19.69989"
"1993.658";"-266.6533";"-71.2868";"-68.61621";"-299.4623";"-123.9523";"-19.67297";"-266.6533";"-71.2868";"-68.61621";"-299.4623";"-123.9523";"-19.67297"
"2002";"-266.6322";"-71.26483";"-68.61621";"-299.4623";"-123.8691";"-19.69196";"-266.6322";"-71.26483";"-68.61621";"-299.4623";"-123.8691";"-19.69196"
"2010.342";"-266.4341";"-71.18048";"-68.61621";"-299.4623";"-123.7256";"-19.69141";"-266.4341";"-71.18048";"-68.61621";"-299.4623";"-123.7256";"-19.69141"
"2018.683";"-266.386";"-71.1698";"-68.61621";"-299.4623";"-123.6741";"-19.68781";"-266.386";"-71.1698";"-68.61621";"-299.4623";"-123.6741";"-19.68781"
"2027.025";"-266.2283";"-71.17859";"-68.61621";"-299.4623";"-123.5057";"-19.68646";"-266.2283";"-71.17859";"-68.61621";"-299.4623";"-123.5057";"-19.68646"
"2035.367";"-266.1713";"-71.17255";"-68.61621";"-299.4623";"-123.426";"-19.63275";"-266.1713";"-71.17255";"-68.61621";"-299.4623";"-123.426";"-19.63275"
"2043.708";"-266.0059";"-71.20538";"-68.61621";"-299.4623";"-123.3156";"-19.63495";"-266.0059";"-71.20538";"-68.61621";"-299.4623";"-123.3156";"-19.63495"
"2052.05";"-265.984";"-71.18762";"-68.61621";"-299.4623";"-123.2379";"-19.64154";"-265.984";"-71.18762";"-68.61621";"-299.4623";"-123.2379";"-19.64154"
"2060.392";"-265.8223";"-71.21576";"-68.61621";"-299.4623";"-123.0895";"-19.65863";"-265.8223";"-71.21576";"-68.61621";"-299.4623";"-123.0895";"-19.65863"
"2068.733";"-265.7817";"-71.2088";"-68.61621";"-299.4623";"-123.0482";"-19.65808";"-265.7817";"-71.2088";"-68.61621";"-299.4623";"-123.0482";"-19.65808"
"2077.075";"-265.7371";"-71.21558";"-68.61621";"-299.4623";"-122.9709";"-19.63049";"-265.7371";"-71.21558";"-68.61621";"-299.4623";"-122.9709";"-19.63049"
"2085.417";"-265.7175";"-71.21936";"-68.61621";"-299.4623";"-122.9592";"-19.61261";"-265.7175";"-71.21936";"-68.61621";"-299.4623";"-122.9592";"-19.61261"
"2093.758";"-265.6816";"-71.22406";"-68.61621";"-299.4623";"-122.9354";"-19.62793";"-265.6816";"-71.22406";"-68.61621";"-299.4623";"-122.9354";"-19.62793"
"2102.1";"-265.6597";"-71.22125";"-68.61621";"-299.4623";"-122.9022";"-19.63196";"-265.6597";"-71.22125";"-68.61621";"-299.4623";"-122.9022";"-19.63196"
"2110.442";"-265.6053";"-71.1991";"-68.61621";"-299.4623";"-122.8588";"-19.63788";"-265.6053";"-71.1991";"-68.61621";"-299.4623";"-122.8588";"-19.63788"
"2118.783";"-265.537";"-71.20374";"-68.61621";"-299.4623";"-122.7196";"-19.65027";"-265.537";"-71.20374";"-68.61621";"-299.4623";"-122.7196";"-19.65027"
"2127.125";"-265.4212";"-71.07007";"-68.61621";"-299.4623";"-122.6496";"-19.69482";"-265.4212";"-71.07007";"-68.61621";"-299.4623";"-122.6496";"-19.69482"
"2135.467";"-265.3879";"-71.0639";"-68.61621";"-299.4623";"-122.6236";"-19.70557";"-265.3879";"-71.0639";"-68.61621";"-299.4623";"-122.6236";"-19.70557"
"2143.808";"-265.33";"-71.04993";"-68.61621";"-299.4623";"-122.4408";"-19.68372";"-265.33";"-71.04993";"-68.61621";"-299.4623";"-122.4408";"-19.68372"
"2152.15";"-265.1243";"-71.06714";"-68.61621";"-299.4623";"-122.3652";"-19.6839";"-265.1243";"-71.06714";"-68.61621";"-299.4623";"-122.3652";"-19.6839"
"2160.492";"-265.0759";"-71.06561";"-68.61621";"-299.4623";"-122.2012";"-19.71436";"-265.0759";"-71.06561";"-68.61621";"-299.4623";"-122.2012";"-19.71436"
"2168.833";"-265.0183";"-71.04913";"-68.61621";"-299.4623";"-122.1378";"-19.73474";"-265.0183";"-71.04913";"-68.61621";"-299.4623";"-122.1378";"-19.73474"
"2177.175";"-264.8457";"-71.05115";"-68.61621";"-299.4623";"-121.9879";"-19.74524";"-264.8457";"-71.05115";"-68.61621";"-299.4623";"-121.9879";"-19.74524"
"2185.517";"-264.817";"-71.02655";"-68.61621";"-299.4623";"-121.9426";"-19.77216";"-264.817";"-71.02655";"-68.61621";"-299.4623";"-121.9426";"-19.77216"
"2193.858";"-264.7189";"-71.01288";"-68.61621";"-299.4623";"-121.7971";"-19.79486";"-264.7189";"-71.01288";"-68.61621";"-299.4623";"-121.7971";"-19.79486"
"2202.2";"-264.6196";"-70.99286";"-68.61621";"-299.4623";"-121.741";"-19.80988";"-264.6196";"-70.99286";"-68.61621";"-299.4623";"-121.741";"-19.80988"
"2210.542";"-264.4707";"-70.88812";"-68.61621";"-299.4623";"-121.6366";"-19.80603";"-264.4707";"-70.88812";"-68.61621";"-299.4623";"-121.6366";"-19.80603"
"2218.883";"-264.4137";"-70.87378";"-68.61621";"-299.4623";"-121.4743";"-19.77124";"-264.4137";"-70.87378";"-68.61621";"-299.4623";"-121.4743";"-19.77124"
"2227.225";"-264.2366";"-70.90314";"-68.61621";"-299.4623";"-121.3279";"-19.77856";"-264.2366";"-70.90314";"-68.61621";"-299.4623";"-121.3279";"-19.77856"
"2235.567";"-264.1719";"-70.87524";"-68.61621";"-299.4623";"-121.2492";"-19.81854";"-264.1719";"-70.87524";"-68.61621";"-299.4623";"-121.2492";"-19.81854"
"2243.908";"-264.0359";"-70.86304";"-68.61621";"-299.4623";"-121.0637";"-19.81433";"-264.0359";"-70.86304";"-68.61621";"-299.4623";"-121.0637";"-19.81433"
"2252.25";"-263.9858";"-70.83893";"-68.61621";"-299.4623";"-121.0073";"-19.83502";"-263.9858";"-70.83893";"-68.61621";"-299.4623";"-121.0073";"-19.83502"
"2260.592";"-263.8456";"-70.78992";"-68.61621";"-299.4623";"-120.8478";"-19.84082";"-263.8456";"-70.78992";"-68.61621";"-299.4623";"-120.8478";"-19.84082"
"2268.933";"-263.8107";"-70.79395";"-68.61621";"-299.4623";"-120.7937";"-19.86389";"-263.8107";"-70.79395";"-68.61621";"-299.4623";"-120.7937";"-19.86389"
"2277.275";"-263.6556";"-70.7738";"-68.61621";"-299.4623";"-120.6416";"-19.87451";"-263.6556";"-70.7738";"-68.61621";"-299.4623";"-120.6416";"-19.87451"
"2285.617";"-263.621";"-70.78101";"-68.61621";"-299.4623";"-120.5799";"-19.87811";"-263.621";"-70.78101";"-68.61621";"-299.4623";"-120.5799";"-19.87811"
"2293.958";"-263.4417";"-70.66797";"-68.61621";"-299.4623";"-120.4366";"-19.83868";"-263.4417";"-70.66797";"-68.61621";"-299.4623";"-120.4366";"-19.83868"
"2302.3";"-263.3917";"-70.66522";"-68.61621";"-299.4623";"-120.297";"-19.87048";"-263.3917";"-70.66522";"-68.61621";"-299.4623";"-120.297";"-19.87048"
"2310.642";"-263.2892";"-70.64246";"-68.61621";"-299.4623";"-120.2067";"-19.90942";"-263.2892";"-70.64246";"-68.61621";"-299.4623";"-120.2067";"-19.90942"
"2318.983";"-263.2572";"-70.63818";"-68.61621";"-299.4623";"-120.138";"-19.91107";"-263.2572";"-70.63818";"-68.61621";"-299.4623";"-120.138";"-19.91107"
"2327.325";"-263.0714";"-70.633";"-68.61621";"-299.4623";"-120.0121";"-19.91785";"-263.0714";"-70.633";"-68.61621";"-299.4623";"-120.0121";"-19.91785"
"2335.667";"-263.0508";"-70.61792";"-68.61621";"-299.4623";"-119.9534";"-19.9342";"-263.0508";"-70.61792";"-68.61621";"-299.4623";"-119.9534";"-19.9342"
"2344.008";"-262.9677";"-70.60901";"-68.61621";"-299.4623";"-119.8398";"-19.9646";"-262.9677";"-70.60901";"-68.61621";"-299.4623";"-119.8398";"-19.9646"
"2352.35";"-262.908";"-70.58063";"-68.61621";"-299.4623";"-119.7674";"-19.95691";"-262.908";"-70.58063";"-68.61621";"-299.4623";"-119.7674";"-19.95691"
"2360.692";"-262.7151";"-70.61292";"-68.61621";"-299.4623";"-119.619";"-19.98529";"-262.7151";"-70.61292";"-68.61621";"-299.4623";"-119.619";"-19.98529"
"2369.033";"-262.6995";"-70.59052";"-68.61621";"-299.4623";"-119.5547";"-19.9939";"-262.6995";"-70.59052";"-68.61621";"-299.4623";"-119.5547";"-19.9939"
"2377.375";"-262.3647";"-70.44873";"-68.61621";"-299.4623";"-119.3671";"-19.94757";"-262.3647";"-70.44873";"-68.61621";"-299.4623";"-119.3671";"-19.94757"
"2385.717";"-262.3242";"-70.43036";"-68.61621";"-299.4623";"-119.2959";"-19.95203";"-262.3242";"-70.43036";"-68.61621";"-299.4623";"-119.2959";"-19.95203"
"2394.058";"-262.2078";"-70.39673";"-68.61621";"-299.4623";"-119.1399";"-19.98401";"-262.2078";"-70.39673";"-68.61621";"-299.4623";"-119.1399";"-19.98401"
"2402.4";"-262.086";"-70.38995";"-68.61621";"-299.4623";"-119.0807";"-20.00299";"-262.086";"-70.38995";"-68.61621";"-299.4623";"-119.0807";"-20.00299"
"2410.742";"-262.0361";"-70.31622";"-68.61621";"-299.4623";"-118.931";"-20.02814";"-262.0361";"-70.31622";"-68.61621";"-299.4623";"-118.931";"-20.02814"
"2419.083";"-261.9741";"-70.31531";"-68.61621";"-299.4623";"-118.8275";"-20.06482";"-261.9741";"-70.31531";"-68.61621";"-299.4623";"-118.8275";"-20.06482"
"2427.425";"-261.8597";"-70.27405";"-68.61621";"-299.4623";"-118.7174";"-20.08545";"-261.8597";"-70.27405";"-68.61621";"-299.4623";"-118.7174";"-20.08545"
"2435.767";"-261.8259";"-70.26788";"-68.61621";"-299.4623";"-118.606";"-20.11444";"-261.8259";"-70.26788";"-68.61621";"-299.4623";"-118.606";"-20.11444"
"2444.108";"-261.7122";"-70.25397";"-68.61621";"-299.4623";"-118.4863";"-20.08459";"-261.7122";"-70.25397";"-68.61621";"-299.4623";"-118.4863";"-20.08459"
"2452.45";"-261.6554";"-70.22516";"-68.61621";"-299.4623";"-118.4313";"-20.12701";"-261.6554";"-70.22516";"-68.61621";"-299.4623";"-118.4313";"-20.12701"
"2460.792";"-261.5675";"-70.19971";"-68.61621";"-299.4623";"-118.2438";"-20.18073";"-261.5675";"-70.19971";"-68.61621";"-299.4623";"-118.2438";"-20.18073"
"2469.133";"-261.5001";"-70.18134";"-68.61621";"-299.4623";"-118.1948";"-20.19867";"-261.5001";"-70.18134";"-68.61621";"-299.4623";"-118.1948";"-20.19867"
"2477.475";"-261.3365";"-70.07745";"-68.61621";"-299.4623";"-118.0585";"-20.23517";"-261.3365";"-70.07745";"-68.61621";"-299.4623";"-118.0585";"-20.23517"
"2485.817";"-261.3113";"-70.06165";"-68.61621";"-299.4623";"-118.0156";"-20.27045";"-261.3113";"-70.06165";"-68.61621";"-299.4623";"-118.0156";"-20.27045"
"2494.158";"-261.2885";"-69.94012";"-68.61621";"-299.4623";"-117.9105";"-20.30206";"-261.2885";"-69.94012";"-68.61621";"-299.4623";"-117.9105";"-20.30206"
"2502.5";"-261.2278";"-69.93109";"-68.61621";"-299.4623";"-117.8546";"-20.33795";"-261.2278";"-69.93109";"-68.61621";"-299.4623";"-117.8546";"-20.33795"
"2510.842";"-261.1322";"-69.94122";"-68.61621";"-299.4623";"-117.7022";"-20.38489";"-261.1322";"-69.94122";"-68.61621";"-299.4623";"-117.7022";"-20.38489"
"2519.183";"-261.0999";"-69.93134";"-68.61621";"-299.4623";"-117.6736";"-20.42413";"-261.0999";"-69.93134";"-68.61621";"-299.4623";"-117.6736";"-20.42413"
"2527.525";"-260.9973";"-69.93042";"-68.61621";"-299.4623";"-117.5685";"-20.4538";"-260.9973";"-69.93042";"-68.61621";"-299.4623";"-117.5685";"-20.4538"
"2535.867";"-260.9391";"-69.90771";"-68.61621";"-299.4623";"-117.4271";"-20.45184";"-260.9391";"-69.90771";"-68.61621";"-299.4623";"-117.4271";"-20.45184"
"2544.208";"-260.8121";"-69.90186";"-68.61621";"-299.4623";"-117.3305";"-20.48187";"-260.8121";"-69.90186";"-68.61621";"-299.4623";"-117.3305";"-20.48187"
"2552.55";"-260.7464";"-69.85742";"-68.61621";"-299.4623";"-117.2243";"-20.51019";"-260.7464";"-69.85742";"-68.61621";"-299.4623";"-117.2243";"-20.51019"
"2560.892";"-260.6713";"-69.75507";"-68.61621";"-299.4623";"-117.1393";"-20.54352";"-260.6713";"-69.75507";"-68.61621";"-299.4623";"-117.1393";"-20.54352"
"2569.233";"-260.6052";"-69.76147";"-68.61621";"-299.4623";"-117.0596";"-20.57599";"-260.6052";"-69.76147";"-68.61621";"-299.4623";"-117.0596";"-20.57599"
"2577.575";"-260.521";"-69.73871";"-68.61621";"-299.4623";"-116.6896";"-20.6261";"-260.521";"-69.73871";"-68.61621";"-299.4623";"-116.6896";"-20.6261"
"2585.917";"-260.4268";"-69.57281";"-68.61621";"-299.4623";"-116.903";"-21.04559";"-260.4268";"-69.57281";"-68.61621";"-299.4623";"-116.903";"-21.04559"
"2594.258";"-260.3022";"-69.5943";"-68.61621";"-299.4623";"-116.7747";"-21.06006";"-260.3022";"-69.5943";"-68.61621";"-299.4623";"-116.7747";"-21.06006"
"2602.6";"-260.2321";"-69.53094";"-68.61621";"-299.4623";"-116.6738";"-21.0885";"-260.2321";"-69.53094";"-68.61621";"-299.4623";"-116.6738";"-21.0885"
"2610.942";"-260.1535";"-69.54028";"-68.61621";"-299.4623";"-116.5381";"-21.12054";"-260.1535";"-69.54028";"-68.61621";"-299.4623";"-116.5381";"-21.12054"
"2619.283";"-259.9512";"-69.49884";"-68.61621";"-299.4623";"-116.4489";"-21.09741";"-259.9512";"-69.49884";"-68.61621";"-299.4623";"-116.4489";"-21.09741"
"2627.625";"-259.8558";"-69.4079";"-68.61621";"-299.4623";"-116.3053";"-21.12933";"-259.8558";"-69.4079";"-68.61621";"-299.4623";"-116.3053";"-21.12933"
"2635.967";"-259.8251";"-69.39532";"-68.61621";"-299.4623";"-116.1962";"-21.13843";"-259.8251";"-69.39532";"-68.61621";"-299.4623";"-116.1962";"-21.13843"
"2644.308";"-259.7403";"-69.38385";"-68.61621";"-299.4623";"-116.0891";"-21.22266";"-259.7403";"-69.38385";"-68.61621";"-299.4623";"-116.0891";"-21.22266"
"2652.65";"-259.6806";"-69.37805";"-68.61621";"-299.4623";"-116.0067";"-21.22662";"-259.6806";"-69.37805";"-68.61621";"-299.4623";"-116.0067";"-21.22662"
"2660.992";"-259.5414";"-69.33228";"-68.61621";"-299.4623";"-115.9108";"-21.24402";"-259.5414";"-69.33228";"-68.61621";"-299.4623";"-115.9108";"-21.24402"
"2669.333";"-259.5153";"-69.33368";"-68.61621";"-299.4623";"-115.8422";"-21.2948";"-259.5153";"-69.33368";"-68.61621";"-299.4623";"-115.8422";"-21.2948"
"2677.675";"-259.4207";"-69.15253";"-68.61621";"-299.4623";"-115.7394";"-21.35059";"-259.4207";"-69.15253";"-68.61621";"-299.4623";"-115.7394";"-21.35059"
"2686.017";"-259.3598";"-69.12732";"-68.61621";"-299.4623";"-115.666";"-21.35181";"-259.3598";"-69.12732";"-68.61621";"-299.4623";"-115.666";"-21.35181"
"2694.358";"-259.2586";"-69.09656";"-68.61621";"-299.4623";"-115.5388";"-21.38416";"-259.2586";"-69.09656";"-68.61621";"-299.4623";"-115.5388";"-21.38416"
"2702.7";"-259.2289";"-69.08844";"-68.61621";"-299.4623";"-115.486";"-21.35828";"-259.2289";"-69.08844";"-68.61621";"-299.4623";"-115.486";"-21.35828"
"2711.042";"-259.1766";"-69.03607";"-68.61621";"-299.4623";"-115.3477";"-21.42346";"-259.1766";"-69.03607";"-68.61621";"-299.4623";"-115.3477";"-21.42346"
"2719.383";"-259.1094";"-69.03198";"-68.61621";"-299.4623";"-115.2891";"-21.44025";"-259.1094";"-69.03198";"-68.61621";"-299.4623";"-115.2891";"-21.44025"
"2727.725";"-259.032";"-68.99695";"-68.61621";"-299.4623";"-115.1147";"-21.4621";"-259.032";"-68.99695";"-68.61621";"-299.4623";"-115.1147";"-21.4621"
"2736.067";"-258.9607";"-68.97546";"-68.61621";"-299.4623";"-115.064";"-21.48035";"-258.9607";"-68.97546";"-68.61621";"-299.4623";"-115.064";"-21.48035"
"2744.408";"-258.8792";"-68.93585";"-68.61621";"-299.4623";"-114.9932";"-21.54486";"-258.8792";"-68.93585";"-68.61621";"-299.4623";"-114.9932";"-21.54486"
"2752.75";"-258.821";"-68.91742";"-68.61621";"-299.4623";"-114.9407";"-21.58142";"-258.821";"-68.91742";"-68.61621";"-299.4623";"-114.9407";"-21.58142"
"2761.092";"-258.7079";"-68.8858";"-68.61621";"-299.4623";"-114.8168";"-21.63226";"-258.7079";"-68.8858";"-68.61621";"-299.4623";"-114.8168";"-21.63226"
"2769.433";"-258.6501";"-68.86969";"-68.61621";"-299.4623";"-114.6954";"-21.64844";"-258.6501";"-68.86969";"-68.61621";"-299.4623";"-114.6954";"-21.64844"
"2777.775";"-258.5554";"-68.83307";"-68.61621";"-299.4623";"-114.6248";"-21.71393";"-258.5554";"-68.83307";"-68.61621";"-299.4623";"-114.6248";"-21.71393"
"2786.117";"-258.5099";"-68.81909";"-68.61621";"-299.4623";"-114.5024";"-21.74554";"-258.5099";"-68.81909";"-68.61621";"-299.4623";"-114.5024";"-21.74554"
"2794.458";"-258.4103";"-68.64795";"-68.61621";"-299.4623";"-114.3813";"-21.69714";"-258.4103";"-68.64795";"-68.61621";"-299.4623";"-114.3813";"-21.69714"
"2802.8";"-258.299";"-68.58972";"-68.61621";"-299.4623";"-114.2102";"-21.78082";"-258.299";"-68.58972";"-68.61621";"-299.4623";"-114.2102";"-21.78082"
"2811.142";"-258.2645";"-68.5708";"-68.61621";"-299.4623";"-114.1735";"-21.80078";"-258.2645";"-68.5708";"-68.61621";"-299.4623";"-114.1735";"-21.80078"
"2819.483";"-258.235";"-68.56195";"-68.61621";"-299.4623";"-114.1091";"-21.84595";"-258.235";"-68.56195";"-68.61621";"-299.4623";"-114.1091";"-21.84595"
"2827.825";"-258.1743";"-68.51129";"-68.61621";"-299.4623";"-113.9861";"-21.88257";"-258.1743";"-68.51129";"-68.61621";"-299.4623";"-113.9861";"-21.88257"
"2836.167";"-257.9914";"-68.48804";"-68.61621";"-299.4623";"-113.9134";"-21.92859";"-257.9914";"-68.48804";"-68.61621";"-299.4623";"-113.9134";"-21.92859"
"2844.508";"-257.8564";"-68.43201";"-68.61621";"-299.4623";"-113.7667";"-21.94611";"-257.8564";"-68.43201";"-68.61621";"-299.4623";"-113.7667";"-21.94611"
"2852.85";"-257.8234";"-68.41577";"-68.61621";"-299.4623";"-113.7402";"-21.97339";"-257.8234";"-68.41577";"-68.61621";"-299.4623";"-113.7402";"-21.97339"
"2861.192";"-257.7539";"-68.36603";"-68.61621";"-299.4623";"-113.6116";"-22.02515";"-257.7539";"-68.36603";"-68.61621";"-299.4623";"-113.6116";"-22.02515"
"2869.533";"-257.7155";"-68.362";"-68.61621";"-299.4623";"-113.5596";"-22.04572";"-257.7155";"-68.362";"-68.61621";"-299.4623";"-113.5596";"-22.04572"
"2877.875";"-257.6188";"-68.32361";"-68.61621";"-299.4623";"-113.4573";"-22.0376";"-257.6188";"-68.32361";"-68.61621";"-299.4623";"-113.4573";"-22.0376"
"2886.217";"-257.5768";"-68.31195";"-68.61621";"-299.4623";"-113.3399";"-22.07562";"-257.5768";"-68.31195";"-68.61621";"-299.4623";"-113.3399";"-22.07562"
"2894.558";"-257.4731";"-68.15363";"-68.61621";"-299.4623";"-113.2474";"-22.11035";"-257.4731";"-68.15363";"-68.61621";"-299.4623";"-113.2474";"-22.11035"
"2902.9";"-257.4233";"-68.12476";"-68.61621";"-299.4623";"-113.0894";"-22.13867";"-257.4233";"-68.12476";"-68.61621";"-299.4623";"-113.0894";"-22.13867"
"2911.242";"-257.33";"-68.07886";"-68.61621";"-299.4623";"-113.0359";"-22.16827";"-257.33";"-68.07886";"-68.61621";"-299.4623";"-113.0359";"-22.16827"
"2919.583";"-257.2714";"-68.05475";"-68.61621";"-299.4623";"-112.9361";"-22.21851";"-257.2714";"-68.05475";"-68.61621";"-299.4623";"-112.9361";"-22.21851"
"2927.925";"-257.1653";"-68.01636";"-68.61621";"-299.4623";"-112.8523";"-22.23505";"-257.1653";"-68.01636";"-68.61621";"-299.4623";"-112.8523";"-22.23505"
"2936.267";"-257.1164";"-68.00922";"-68.61621";"-299.4623";"-112.787";"-22.27094";"-257.1164";"-68.00922";"-68.61621";"-299.4623";"-112.787";"-22.27094"
"2944.608";"-257.0323";"-67.97504";"-68.61621";"-299.4623";"-112.6058";"-22.30597";"-257.0323";"-67.97504";"-68.61621";"-299.4623";"-112.6058";"-22.30597"
"2952.95";"-256.9867";"-67.94733";"-68.61621";"-299.4623";"-112.5734";"-22.32288";"-256.9867";"-67.94733";"-68.61621";"-299.4623";"-112.5734";"-22.32288"
"2961.292";"-256.871";"-67.91669";"-68.61621";"-299.4623";"-112.4179";"-22.36615";"-256.871";"-67.91669";"-68.61621";"-299.4623";"-112.4179";"-22.36615"
"2969.633";"-256.8459";"-67.89893";"-68.61621";"-299.4623";"-112.3571";"-22.38251";"-256.8459";"-67.89893";"-68.61621";"-299.4623";"-112.3571";"-22.38251"
"2977.975";"-256.7728";"-67.87128";"-68.61621";"-299.4623";"-112.1805";"-22.42267";"-256.7728";"-67.87128";"-68.61621";"-299.4623";"-112.1805";"-22.42267"
"2986.317";"-256.633";"-67.86194";"-68.61621";"-299.4623";"-112.1268";"-22.4444";"-256.633";"-67.86194";"-68.61621";"-299.4623";"-112.1268";"-22.4444"
"2994.658";"-256.5733";"-67.80066";"-68.61621";"-299.4623";"-112.0734";"-22.52161";"-256.5733";"-67.80066";"-68.61621";"-299.4623";"-112.0734";"-22.52161"
"3003";"-256.5298";"-67.79224";"-68.61621";"-299.4623";"-112.0145";"-22.56714";"-256.5298";"-67.79224";"-68.61621";"-299.4623";"-112.0145";"-22.56714"
"3011.342";"-256.4733";"-67.60358";"-68.61621";"-299.4623";"-111.8841";"-22.59625";"-256.4733";"-67.60358";"-68.61621";"-299.4623";"-111.8841";"-22.59625"
"3019.683";"-256.4185";"-67.55359";"-68.61621";"-299.4623";"-111.7855";"-22.60944";"-256.4185";"-67.55359";"-68.61621";"-299.4623";"-111.7855";"-22.60944"
"3028.025";"-256.334";"-67.5766";"-68.61621";"-299.4623";"-111.725";"-22.67603";"-256.334";"-67.5766";"-68.61621";"-299.4623";"-111.725";"-22.67603"
"3036.367";"-256.3043";"-67.52631";"-68.61621";"-299.4623";"-111.6719";"-22.71454";"-256.3043";"-67.52631";"-68.61621";"-299.4623";"-111.6719";"-22.71454"
"3044.708";"-256.0887";"-67.48712";"-68.61621";"-299.4623";"-111.5305";"-22.74323";"-256.0887";"-67.48712";"-68.61621";"-299.4623";"-111.5305";"-22.74323"
"3053.05";"-256.0476";"-67.44714";"-68.61621";"-299.4623";"-111.4584";"-22.73206";"-256.0476";"-67.44714";"-68.61621";"-299.4623";"-111.4584";"-22.73206"
"3061.392";"-255.9915";"-67.42615";"-68.61621";"-299.4623";"-111.3889";"-22.76538";"-255.9915";"-67.42615";"-68.61621";"-299.4623";"-111.3889";"-22.76538"
"3069.733";"-255.9528";"-67.39929";"-68.61621";"-299.4623";"-111.3063";"-22.79181";"-255.9528";"-67.39929";"-68.61621";"-299.4623";"-111.3063";"-22.79181"
"3078.075";"-255.8465";"-67.36243";"-68.61621";"-299.4623";"-111.1652";"-22.80573";"-255.8465";"-67.36243";"-68.61621";"-299.4623";"-111.1652";"-22.80573"
"3086.417";"-255.8201";"-67.33679";"-68.61621";"-299.4623";"-111.1159";"-22.82513";"-255.8201";"-67.33679";"-68.61621";"-299.4623";"-111.1159";"-22.82513"
"3094.758";"-255.7286";"-67.32794";"-68.61621";"-299.4623";"-111.0178";"-22.8844";"-255.7286";"-67.32794";"-68.61621";"-299.4623";"-111.0178";"-22.8844"
"3103.1";"-255.7178";"-67.30951";"-68.61621";"-299.4623";"-110.9717";"-22.89276";"-255.7178";"-67.30951";"-68.61621";"-299.4623";"-110.9717";"-22.89276"
"3111.442";"-255.6222";"-67.26782";"-68.61621";"-299.4623";"-110.857";"-22.94757";"-255.6222";"-67.26782";"-68.61621";"-299.4623";"-110.857";"-22.94757"
"3119.783";"-255.5392";"-67.23688";"-68.61621";"-299.4623";"-110.8049";"-22.96173";"-255.5392";"-67.23688";"-68.61621";"-299.4623";"-110.8049";"-22.96173"
"3128.125";"-255.4368";"-67.11456";"-68.61621";"-299.4623";"-110.6865";"-23.03424";"-255.4368";"-67.11456";"-68.61621";"-299.4623";"-110.6865";"-23.03424"
"3136.467";"-255.3908";"-67.11078";"-68.61621";"-299.4623";"-110.5867";"-23.05798";"-255.3908";"-67.11078";"-68.61621";"-299.4623";"-110.5867";"-23.05798"
"3144.808";"-255.2684";"-67.04797";"-68.61621";"-299.4623";"-110.473";"-23.02692";"-255.2684";"-67.04797";"-68.61621";"-299.4623";"-110.473";"-23.02692"
"3153.15";"-255.2314";"-67.02692";"-68.61621";"-299.4623";"-110.3801";"-23.06348";"-255.2314";"-67.02692";"-68.61621";"-299.4623";"-110.3801";"-23.06348"
"3161.492";"-255.1187";"-66.97327";"-68.61621";"-299.4623";"-110.2512";"-23.08258";"-255.1187";"-66.97327";"-68.61621";"-299.4623";"-110.2512";"-23.08258"
"3169.833";"-255.1002";"-66.97028";"-68.61621";"-299.4623";"-110.1313";"-23.13513";"-255.1002";"-66.97028";"-68.61621";"-299.4623";"-110.1313";"-23.13513"
"3178.175";"-254.9922";"-66.95331";"-68.61621";"-299.4623";"-110.0388";"-23.12616";"-254.9922";"-66.95331";"-68.61621";"-299.4623";"-110.0388";"-23.12616"
"3186.517";"-254.953";"-66.9422";"-68.61621";"-299.4623";"-109.9957";"-23.1701";"-254.953";"-66.9422";"-68.61621";"-299.4623";"-109.9957";"-23.1701"
"3194.858";"-254.9036";"-66.91083";"-68.61621";"-299.4623";"-109.905";"-23.22791";"-254.9036";"-66.91083";"-68.61621";"-299.4623";"-109.905";"-23.22791"
"3203.2";"-254.8551";"-66.91046";"-68.61621";"-299.4623";"-109.8375";"-23.26422";"-254.8551";"-66.91046";"-68.61621";"-299.4623";"-109.8375";"-23.26422"
"3211.542";"-254.7173";"-66.89453";"-68.61621";"-299.4623";"-109.749";"-23.29382";"-254.7173";"-66.89453";"-68.61621";"-299.4623";"-109.749";"-23.29382"
"3219.883";"-254.7093";"-66.87109";"-68.61621";"-299.4623";"-109.6846";"-23.28046";"-254.7093";"-66.87109";"-68.61621";"-299.4623";"-109.6846";"-23.28046"
"3228.225";"-254.623";"-66.82782";"-68.61621";"-299.4623";"-109.5411";"-23.33423";"-254.623";"-66.82782";"-68.61621";"-299.4623";"-109.5411";"-23.33423"
"3236.567";"-254.5901";"-66.81812";"-68.61621";"-299.4623";"-109.5075";"-23.3623";"-254.5901";"-66.81812";"-68.61621";"-299.4623";"-109.5075";"-23.3623"
"3244.908";"-254.4893";"-66.65784";"-68.61621";"-299.4623";"-109.3861";"-23.35931";"-254.4893";"-66.65784";"-68.61621";"-299.4623";"-109.3861";"-23.35931"
"3253.25";"-254.4661";"-66.63934";"-68.61621";"-299.4623";"-109.3356";"-23.40338";"-254.4661";"-66.63934";"-68.61621";"-299.4623";"-109.3356";"-23.40338"
"3261.592";"-254.3794";"-66.5968";"-68.61621";"-299.4623";"-109.1895";"-23.45056";"-254.3794";"-66.5968";"-68.61621";"-299.4623";"-109.1895";"-23.45056"
"3269.933";"-254.3439";"-66.58228";"-68.61621";"-299.4623";"-109.1364";"-23.46924";"-254.3439";"-66.58228";"-68.61621";"-299.4623";"-109.1364";"-23.46924"
"3278.275";"-254.2399";"-66.54449";"-68.61621";"-299.4623";"-109.0752";"-23.5238";"-254.2399";"-66.54449";"-68.61621";"-299.4623";"-109.0752";"-23.5238"
"3286.617";"-254.2193";"-66.52045";"-68.61621";"-299.4623";"-109.0259";"-23.55853";"-254.2193";"-66.52045";"-68.61621";"-299.4623";"-109.0259";"-23.55853"
"3294.958";"-253.9843";"-66.45447";"-68.61621";"-299.4623";"-108.857";"-23.56335";"-253.9843";"-66.45447";"-68.61621";"-299.4623";"-108.857";"-23.56335"
"3303.3";"-253.9256";"-66.44287";"-68.61621";"-299.4623";"-108.8328";"-23.61853";"-253.9256";"-66.44287";"-68.61621";"-299.4623";"-108.8328";"-23.61853"
"3311.642";"-253.8342";"-66.41675";"-68.61621";"-299.4623";"-108.7299";"-23.70148";"-253.8342";"-66.41675";"-68.61621";"-299.4623";"-108.7299";"-23.70148"
"3319.983";"-253.7986";"-66.41541";"-68.61621";"-299.4623";"-108.7029";"-23.71136";"-253.7986";"-66.41541";"-68.61621";"-299.4623";"-108.7029";"-23.71136"
"3328.325";"-253.6837";"-66.38434";"-68.61621";"-299.4623";"-108.6";"-23.74084";"-253.6837";"-66.38434";"-68.61621";"-299.4623";"-108.6";"-23.74084"
"3336.667";"-253.653";"-66.37817";"-68.61621";"-299.4623";"-108.4777";"-23.71454";"-253.653";"-66.37817";"-68.61621";"-299.4623";"-108.4777";"-23.71454"
"3345.008";"-253.6052";"-66.35718";"-68.61621";"-299.4623";"-108.402";"-23.75238";"-253.6052";"-66.35718";"-68.61621";"-299.4623";"-108.402";"-23.75238"
"3353.35";"-253.5295";"-66.34442";"-68.61621";"-299.4623";"-108.3368";"-23.75391";"-253.5295";"-66.34442";"-68.61621";"-299.4623";"-108.3368";"-23.75391"
"3361.692";"-253.4117";"-66.198";"-68.61621";"-299.4623";"-108.1924";"-23.7757";"-253.4117";"-66.198";"-68.61621";"-299.4623";"-108.1924";"-23.7757"
"3370.033";"-253.3762";"-66.18707";"-68.61621";"-299.4623";"-108.148";"-23.80444";"-253.3762";"-66.18707";"-68.61621";"-299.4623";"-108.148";"-23.80444"
"3378.375";"-253.2804";"-66.16022";"-68.61621";"-299.4623";"-108.0629";"-23.84253";"-253.2804";"-66.16022";"-68.61621";"-299.4623";"-108.0629";"-23.84253"
"3386.717";"-253.2555";"-66.1507";"-68.61621";"-299.4623";"-108.0283";"-23.87201";"-253.2555";"-66.1507";"-68.61621";"-299.4623";"-108.0283";"-23.87201"
"3395.058";"-253.1385";"-66.13617";"-68.61621";"-299.4623";"-107.894";"-23.90417";"-253.1385";"-66.13617";"-68.61621";"-299.4623";"-107.894";"-23.90417"
"3403.4";"-253.1132";"-66.10754";"-68.61621";"-299.4623";"-107.8522";"-23.92767";"-253.1132";"-66.10754";"-68.61621";"-299.4623";"-107.8522";"-23.92767"
"3411.742";"-253.0521";"-66.10706";"-68.61621";"-299.4623";"-107.7693";"-23.948";"-253.0521";"-66.10706";"-68.61621";"-299.4623";"-107.7693";"-23.948"
"3420.083";"-253.0101";"-66.08569";"-68.61621";"-299.4623";"-107.7006";"-23.9671";"-253.0101";"-66.08569";"-68.61621";"-299.4623";"-107.7006";"-23.9671"
"3428.425";"-252.9312";"-66.08704";"-68.61621";"-299.4623";"-107.5648";"-23.99432";"-252.9312";"-66.08704";"-68.61621";"-299.4623";"-107.5648";"-23.99432"
"3436.767";"-252.8824";"-66.06396";"-68.61621";"-299.4623";"-107.5527";"-24.00769";"-252.8824";"-66.06396";"-68.61621";"-299.4623";"-107.5527";"-24.00769"
"3445.108";"-252.7731";"-66.05792";"-68.61621";"-299.4623";"-107.415";"-23.99628";"-252.7731";"-66.05792";"-68.61621";"-299.4623";"-107.415";"-23.99628"
"3453.45";"-252.709";"-66.04651";"-68.61621";"-299.4623";"-107.3782";"-24.0163";"-252.709";"-66.04651";"-68.61621";"-299.4623";"-107.3782";"-24.0163"
"3461.792";"-252.6241";"-66.02789";"-68.61621";"-299.4623";"-107.1937";"-24.03503";"-252.6241";"-66.02789";"-68.61621";"-299.4623";"-107.1937";"-24.03503"
"3470.133";"-252.5921";"-66.00311";"-68.61621";"-299.4623";"-107.1721";"-24.04327";"-252.5921";"-66.00311";"-68.61621";"-299.4623";"-107.1721";"-24.04327"
"3478.475";"-252.4857";"-65.83002";"-68.61621";"-299.4623";"-107.0814";"-24.09711";"-252.4857";"-65.83002";"-68.61621";"-299.4623";"-107.0814";"-24.09711"
"3486.817";"-252.447";"-65.82715";"-68.61621";"-299.4623";"-107.0211";"-24.13458";"-252.447";"-65.82715";"-68.61621";"-299.4623";"-107.0211";"-24.13458"
"3495.158";"-252.3719";"-65.82544";"-68.61621";"-299.4623";"-106.8918";"-24.14551";"-252.3719";"-65.82544";"-68.61621";"-299.4623";"-106.8918";"-24.14551"
"3503.5";"-252.2875";"-65.83575";"-68.61621";"-299.4623";"-106.8211";"-24.16223";"-252.2875";"-65.83575";"-68.61621";"-299.4623";"-106.8211";"-24.16223"
"3511.842";"-252.2061";"-65.80542";"-68.61621";"-299.4623";"-106.6727";"-24.19897";"-252.2061";"-65.80542";"-68.61621";"-299.4623";"-106.6727";"-24.19897"
"3520.183";"-252.1713";"-65.79846";"-68.61621";"-299.4623";"-106.6434";"-24.21216";"-252.1713";"-65.79846";"-68.61621";"-299.4623";"-106.6434";"-24.21216"
"3528.525";"-252.1099";"-65.78491";"-68.61621";"-299.4623";"-106.4947";"-24.21625";"-252.1099";"-65.78491";"-68.61621";"-299.4623";"-106.4947";"-24.21625"
"3536.867";"-252.0709";"-65.74231";"-68.61621";"-299.4623";"-106.4688";"-24.23029";"-252.0709";"-65.74231";"-68.61621";"-299.4623";"-106.4688";"-24.23029"
"3545.208";"-252.0009";"-65.65277";"-68.61621";"-299.4623";"-106.2937";"-24.26373";"-252.0009";"-65.65277";"-68.61621";"-299.4623";"-106.2937";"-24.26373"
"3553.55";"-251.9416";"-65.67896";"-68.61621";"-299.4623";"-106.283";"-24.284";"-251.9416";"-65.67896";"-68.61621";"-299.4623";"-106.283";"-24.284"
"3561.892";"-251.8732";"-65.66309";"-68.61621";"-299.4623";"-106.222";"-24.31067";"-251.8732";"-65.66309";"-68.61621";"-299.4623";"-106.222";"-24.31067"
"3570.233";"-251.8563";"-65.65125";"-68.61621";"-299.4623";"-106.1354";"-24.32257";"-251.8563";"-65.65125";"-68.61621";"-299.4623";"-106.1354";"-24.32257"
"3578.575";"-251.7469";"-65.66156";"-68.61621";"-299.4623";"-106.0071";"-24.36365";"-251.7469";"-65.66156";"-68.61621";"-299.4623";"-106.0071";"-24.36365"
"3586.917";"-251.688";"-65.64832";"-68.61621";"-299.4623";"-105.9726";"-24.3927";"-251.688";"-65.64832";"-68.61621";"-299.4623";"-105.9726";"-24.3927"
"3595.258";"-251.6589";"-65.59924";"-68.61621";"-299.4623";"-105.8995";"-24.45129";"-251.6589";"-65.59924";"-68.61621";"-299.4623";"-105.8995";"-24.45129"
"3603.6";"-251.621";"-65.59454";"-68.61621";"-299.4623";"-105.8588";"-24.45703";"-251.621";"-65.59454";"-68.61621";"-299.4623";"-105.8588";"-24.45703"
"3611.942";"-251.2465";"-65.41858";"-68.61621";"-299.4623";"-105.729";"-24.49158";"-251.2465";"-65.41858";"-68.61621";"-299.4623";"-105.729";"-24.49158"
"3620.283";"-251.2477";"-65.41577";"-68.61621";"-299.4623";"-105.7631";"-24.50995";"-251.2477";"-65.41577";"-68.61621";"-299.4623";"-105.7631";"-24.50995"
"3628.625";"-251.189";"-65.36963";"-68.61621";"-299.4623";"-105.7267";"-24.52081";"-251.189";"-65.36963";"-68.61621";"-299.4623";"-105.7267";"-24.52081"
"3636.967";"-251.1539";"-65.35376";"-68.61621";"-299.4623";"-105.6826";"-24.52905";"-251.1539";"-65.35376";"-68.61621";"-299.4623";"-105.6826";"-24.52905"
"3645.308";"-251.1005";"-65.34637";"-68.61621";"-299.4623";"-105.527";"-24.56537";"-251.1005";"-65.34637";"-68.61621";"-299.4623";"-105.527";"-24.56537"
"3653.65";"-251.0656";"-65.31696";"-68.61621";"-299.4623";"-105.4921";"-24.52161";"-251.0656";"-65.31696";"-68.61621";"-299.4623";"-105.4921";"-24.52161"
"3661.992";"-250.9302";"-65.30499";"-68.61621";"-299.4623";"-105.4271";"-24.58661";"-250.9302";"-65.30499";"-68.61621";"-299.4623";"-105.4271";"-24.58661"
"3670.333";"-250.9086";"-65.30664";"-68.61621";"-299.4623";"-105.2217";"-24.60608";"-250.9086";"-65.30664";"-68.61621";"-299.4623";"-105.2217";"-24.60608"
"3678.675";"-250.8654";"-65.29236";"-68.61621";"-299.4623";"-105.2139";"-24.62988";"-250.8654";"-65.29236";"-68.61621";"-299.4623";"-105.2139";"-24.62988"
"3687.017";"-250.8078";"-65.28363";"-68.61621";"-299.4623";"-105.1758";"-24.63794";"-250.8078";"-65.28363";"-68.61621";"-299.4623";"-105.1758";"-24.63794"
"3695.358";"-250.6487";"-65.31647";"-68.61621";"-299.4623";"-105.1196";"-24.74573";"-250.6487";"-65.31647";"-68.61621";"-299.4623";"-105.1196";"-24.74573"
"3703.7";"-250.6378";"-65.29407";"-68.61621";"-299.4623";"-104.971";"-24.74866";"-250.6378";"-65.29407";"-68.61621";"-299.4623";"-104.971";"-24.74866"
"3712.042";"-250.5956";"-65.26703";"-68.61621";"-299.4623";"-104.9313";"-24.7475";"-250.5956";"-65.26703";"-68.61621";"-299.4623";"-104.9313";"-24.7475"
"3720.383";"-250.5494";"-65.25403";"-68.61621";"-299.4623";"-104.9158";"-24.76678";"-250.5494";"-65.25403";"-68.61621";"-299.4623";"-104.9158";"-24.76678"
"3728.725";"-250.4819";"-65.09595";"-68.61621";"-299.4623";"-104.7725";"-24.79462";"-250.4819";"-65.09595";"-68.61621";"-299.4623";"-104.7725";"-24.79462"
"3737.067";"-250.4414";"-65.08411";"-68.61621";"-299.4623";"-104.7386";"-24.81097";"-250.4414";"-65.08411";"-68.61621";"-299.4623";"-104.7386";"-24.81097"
"3745.408";"-250.2955";"-65.08075";"-68.61621";"-299.4623";"-104.7012";"-24.84009";"-250.2955";"-65.08075";"-68.61621";"-299.4623";"-104.7012";"-24.84009"
"3753.75";"-250.2733";"-65.06293";"-68.61621";"-299.4623";"-104.5322";"-24.84656";"-250.2733";"-65.06293";"-68.61621";"-299.4623";"-104.5322";"-24.84656"
"3762.092";"-250.2145";"-65.05548";"-68.61621";"-299.4623";"-104.4645";"-24.82806";"-250.2145";"-65.05548";"-68.61621";"-299.4623";"-104.4645";"-24.82806"
"3770.433";"-250.1934";"-65.04297";"-68.61621";"-299.4623";"-104.449";"-24.82861";"-250.1934";"-65.04297";"-68.61621";"-299.4623";"-104.449";"-24.82861"
"3778.775";"-250.1393";"-65.03314";"-68.61621";"-299.4623";"-104.3679";"-24.84924";"-250.1393";"-65.03314";"-68.61621";"-299.4623";"-104.3679";"-24.84924"
"3787.117";"-250.0038";"-65.03235";"-68.61621";"-299.4623";"-104.3115";"-24.87396";"-250.0038";"-65.03235";"-68.61621";"-299.4623";"-104.3115";"-24.87396"
"3795.458";"-249.9382";"-65.04169";"-68.61621";"-299.4623";"-104.1611";"-24.89978";"-249.9382";"-65.04169";"-68.61621";"-299.4623";"-104.1611";"-24.89978"
"3803.8";"-249.9081";"-64.97919";"-68.61621";"-299.4623";"-104.0668";"-24.95557";"-249.9081";"-64.97919";"-68.61621";"-299.4623";"-104.0668";"-24.95557"
"3812.142";"-249.8725";"-64.95837";"-68.61621";"-299.4623";"-104.0269";"-24.96851";"-249.8725";"-64.95837";"-68.61621";"-299.4623";"-104.0269";"-24.96851"
"3820.483";"-249.8477";"-64.97687";"-68.61621";"-299.4623";"-104.0042";"-24.96851";"-249.8477";"-64.97687";"-68.61621";"-299.4623";"-104.0042";"-24.96851"
"3828.825";"-249.7932";"-64.94867";"-68.61621";"-299.4623";"-103.8632";"-24.98859";"-249.7932";"-64.94867";"-68.61621";"-299.4623";"-103.8632";"-24.98859"
"3837.167";"-249.7406";"-64.94574";"-68.61621";"-299.4623";"-103.8326";"-25.00769";"-249.7406";"-64.94574";"-68.61621";"-299.4623";"-103.8326";"-25.00769"
"3845.508";"-249.608";"-64.96643";"-68.61621";"-299.4623";"-103.777";"-25.03101";"-249.608";"-64.96643";"-68.61621";"-299.4623";"-103.777";"-25.03101"
"3853.85";"-249.5944";"-64.96405";"-68.61621";"-299.4623";"-103.713";"-25.04987";"-249.5944";"-64.96405";"-68.61621";"-299.4623";"-103.713";"-25.04987"
"3862.192";"-249.5576";"-64.95996";"-68.61621";"-299.4623";"-103.5524";"-25.06946";"-249.5576";"-64.95996";"-68.61621";"-299.4623";"-103.5524";"-25.06946"
"3870.533";"-249.4984";"-64.79297";"-68.61621";"-299.4623";"-103.5295";"-25.09039";"-249.4984";"-64.79297";"-68.61621";"-299.4623";"-103.5295";"-25.09039"
"3878.875";"-249.3244";"-64.80646";"-68.61621";"-299.4623";"-103.4435";"-25.07916";"-249.3244";"-64.80646";"-68.61621";"-299.4623";"-103.4435";"-25.07916"
"3887.217";"-249.3253";"-64.79468";"-68.61621";"-299.4623";"-103.3902";"-25.08508";"-249.3253";"-64.79468";"-68.61621";"-299.4623";"-103.3902";"-25.08508"
"3895.558";"-249.3051";"-64.77502";"-68.61621";"-299.4623";"-103.246";"-25.11993";"-249.3051";"-64.77502";"-68.61621";"-299.4623";"-103.246";"-25.11993"
"3903.9";"-249.2538";"-64.75763";"-68.61621";"-299.4623";"-103.2222";"-25.13385";"-249.2538";"-64.75763";"-68.61621";"-299.4623";"-103.2222";"-25.13385"
"3912.242";"-249.2003";"-64.7619";"-68.61621";"-299.4623";"-103.1365";"-25.19";"-249.2003";"-64.7619";"-68.61621";"-299.4623";"-103.1365";"-25.19"
"3920.583";"-249.1543";"-64.72125";"-68.61621";"-299.4623";"-103.0958";"-25.1875";"-249.1543";"-64.72125";"-68.61621";"-299.4623";"-103.0958";"-25.1875"
"3928.925";"-249.0374";"-64.69434";"-68.61621";"-299.4623";"-103.0446";"-25.2052";"-249.0374";"-64.69434";"-68.61621";"-299.4623";"-103.0446";"-25.2052"
"3937.267";"-249.019";"-64.69037";"-68.61621";"-299.4623";"-102.8573";"-25.22992";"-249.019";"-64.69037";"-68.61621";"-299.4623";"-102.8573";"-25.22992"
"3945.608";"-248.9826";"-64.69666";"-68.61621";"-299.4623";"-102.8307";"-25.25256";"-248.9826";"-64.69666";"-68.61621";"-299.4623";"-102.8307";"-25.25256"
"3953.95";"-248.9363";"-64.67261";"-68.61621";"-299.4623";"-102.8239";"-25.26404";"-248.9363";"-64.67261";"-68.61621";"-299.4623";"-102.8239";"-25.26404"
"3962.292";"-248.8197";"-64.69318";"-68.61621";"-299.4623";"-102.7686";"-25.2771";"-248.8197";"-64.69318";"-68.61621";"-299.4623";"-102.7686";"-25.2771"
"3970.633";"-248.759";"-64.66925";"-68.61621";"-299.4623";"-102.7198";"-25.30951";"-248.759";"-64.66925";"-68.61621";"-299.4623";"-102.7198";"-25.30951"
"3978.975";"-248.7153";"-64.67816";"-68.61621";"-299.4623";"-102.5786";"-25.30652";"-248.7153";"-64.67816";"-68.61621";"-299.4623";"-102.5786";"-25.30652"
"3987.317";"-248.6821";"-64.65643";"-68.61621";"-299.4623";"-102.5308";"-25.33325";"-248.6821";"-64.65643";"-68.61621";"-299.4623";"-102.5308";"-25.33325"
"3995.658";"-248.575";"-64.67615";"-68.61621";"-299.4623";"-102.473";"-25.30902";"-248.575";"-64.67615";"-68.61621";"-299.4623";"-102.473";"-25.30902"
"4004";"-248.5554";"-64.65198";"-68.61621";"-299.4623";"-102.3969";"-25.32574";"-248.5554";"-64.65198";"-68.61621";"-299.4623";"-102.3969";"-25.32574"
"4012.342";"-248.3055";"-64.4859";"-68.61621";"-299.4623";"-102.2516";"-25.37762";"-248.3055";"-64.4859";"-68.61621";"-299.4623";"-102.2516";"-25.37762"
"4020.683";"-248.2361";"-64.44598";"-68.61621";"-299.4623";"-102.2138";"-25.39056";"-248.2361";"-64.44598";"-68.61621";"-299.4623";"-102.2138";"-25.39056"
"4029.025";"-248.1516";"-64.43713";"-68.61621";"-299.4623";"-102.1472";"-25.39954";"-248.1516";"-64.43713";"-68.61621";"-299.4623";"-102.1472";"-25.39954"
"4037.367";"-248.1401";"-64.40979";"-68.61621";"-299.4623";"-102.1056";"-25.41736";"-248.1401";"-64.40979";"-68.61621";"-299.4623";"-102.1056";"-25.41736"
"4045.708";"-248.1033";"-64.40973";"-68.61621";"-299.4623";"-101.9546";"-25.45789";"-248.1033";"-64.40973";"-68.61621";"-299.4623";"-101.9546";"-25.45789"
"4054.05";"-248.0696";"-64.39465";"-68.61621";"-299.4623";"-101.9315";"-25.48303";"-248.0696";"-64.39465";"-68.61621";"-299.4623";"-101.9315";"-25.48303"
"4062.392";"-247.9861";"-64.35815";"-68.61621";"-299.4623";"-101.8804";"-25.49792";"-247.9861";"-64.35815";"-68.61621";"-299.4623";"-101.8804";"-25.49792"
"4070.733";"-247.9563";"-64.35327";"-68.61621";"-299.4623";"-101.8765";"-25.53113";"-247.9563";"-64.35327";"-68.61621";"-299.4623";"-101.8765";"-25.53113"
"4079.075";"-247.8527";"-64.34808";"-68.61621";"-299.4623";"-101.7284";"-25.58038";"-247.8527";"-64.34808";"-68.61621";"-299.4623";"-101.7284";"-25.58038"
"4087.417";"-247.8011";"-64.34003";"-68.61621";"-299.4623";"-101.7225";"-25.61267";"-247.8011";"-64.34003";"-68.61621";"-299.4623";"-101.7225";"-25.61267"
"4095.758";"-247.7252";"-64.33826";"-68.61621";"-299.4623";"-101.6686";"-25.62488";"-247.7252";"-64.33826";"-68.61621";"-299.4623";"-101.6686";"-25.62488"
"4104.1";"-247.7151";"-64.31415";"-68.61621";"-299.4623";"-101.6157";"-25.64514";"-247.7151";"-64.31415";"-68.61621";"-299.4623";"-101.6157";"-25.64514"
"4112.442";"-247.5685";"-64.30511";"-68.61621";"-299.4623";"-101.4488";"-25.62451";"-247.5685";"-64.30511";"-68.61621";"-299.4623";"-101.4488";"-25.62451"
"4120.783";"-247.5341";"-64.29498";"-68.61621";"-299.4623";"-101.4236";"-25.64612";"-247.5341";"-64.29498";"-68.61621";"-299.4623";"-101.4236";"-25.64612"
"4129.125";"-247.5203";"-64.29425";"-68.61621";"-299.4623";"-101.3719";"-25.6748";"-247.5203";"-64.29425";"-68.61621";"-299.4623";"-101.3719";"-25.6748"
"4137.467";"-247.4777";"-64.13782";"-68.61621";"-299.4623";"-101.2995";"-25.7038";"-247.4777";"-64.13782";"-68.61621";"-299.4623";"-101.2995";"-25.7038"
"4145.808";"-247.3979";"-64.1142";"-68.61621";"-299.4623";"-101.1641";"-25.72266";"-247.3979";"-64.1142";"-68.61621";"-299.4623";"-101.1641";"-25.72266"
"4154.15";"-247.3046";"-64.11932";"-68.61621";"-299.4623";"-101.1392";"-25.71625";"-247.3046";"-64.11932";"-68.61621";"-299.4623";"-101.1392";"-25.71625"
"4162.492";"-247.22";"-64.10834";"-68.61621";"-299.4623";"-101.0864";"-25.73395";"-247.22";"-64.10834";"-68.61621";"-299.4623";"-101.0864";"-25.73395"
"4170.833";"-247.1979";"-64.10626";"-68.61621";"-299.4623";"-101.0422";"-25.75757";"-247.1979";"-64.10626";"-68.61621";"-299.4623";"-101.0422";"-25.75757"
"4179.175";"-247.149";"-64.07715";"-68.61621";"-299.4623";"-100.9122";"-25.76971";"-247.149";"-64.07715";"-68.61621";"-299.4623";"-100.9122";"-25.76971"
"4187.517";"-247.131";"-64.0675";"-68.61621";"-299.4623";"-100.8709";"-25.77814";"-247.131";"-64.0675";"-68.61621";"-299.4623";"-100.8709";"-25.77814"
"4195.858";"-247.0615";"-64.04596";"-68.61621";"-299.4623";"-100.7928";"-25.82709";"-247.0615";"-64.04596";"-68.61621";"-299.4623";"-100.7928";"-25.82709"
"4204.2";"-247.0206";"-64.04407";"-68.61621";"-299.4623";"-100.6699";"-25.85846";"-247.0206";"-64.04407";"-68.61621";"-299.4623";"-100.6699";"-25.85846"
"4212.542";"-246.8835";"-64.04126";"-68.61621";"-299.4623";"-100.605";"-25.84979";"-246.8835";"-64.04126";"-68.61621";"-299.4623";"-100.605";"-25.84979"
"4220.883";"-246.8617";"-64.02863";"-68.61621";"-299.4623";"-100.6031";"-25.86102";"-246.8617";"-64.02863";"-68.61621";"-299.4623";"-100.6031";"-25.86102"
"4229.225";"-246.8439";"-64.00458";"-68.61621";"-299.4623";"-100.5576";"-25.86145";"-246.8439";"-64.00458";"-68.61621";"-299.4623";"-100.5576";"-25.86145"
"4237.567";"-246.8102";"-64.01563";"-68.61621";"-299.4623";"-100.53";"-25.88135";"-246.8102";"-64.01563";"-68.61621";"-299.4623";"-100.53";"-25.88135"
"4245.908";"-246.7371";"-64.02026";"-68.61621";"-299.4623";"-100.48";"-25.86694";"-246.7371";"-64.02026";"-68.61621";"-299.4623";"-100.48";"-25.86694"
"4254.25";"-246.7198";"-64.00989";"-68.61621";"-299.4623";"-100.4424";"-25.87463";"-246.7198";"-64.00989";"-68.61621";"-299.4623";"-100.4424";"-25.87463"
"4262.592";"-246.5919";"-64.01404";"-68.61621";"-299.4623";"-100.3251";"-25.9115";"-246.5919";"-64.01404";"-68.61621";"-299.4623";"-100.3251";"-25.9115"
"4270.933";"-246.6015";"-64.00354";"-68.61621";"-299.4623";"-100.2853";"-25.91687";"-246.6015";"-64.00354";"-68.61621";"-299.4623";"-100.2853";"-25.91687"
"4279.275";"-246.5651";"-63.98413";"-68.61621";"-299.4623";"-100.2458";"-25.91425";"-246.5651";"-63.98413";"-68.61621";"-299.4623";"-100.2458";"-25.91425"
"4287.617";"-246.541";"-63.98505";"-68.61621";"-299.4623";"-100.2021";"-25.93958";"-246.541";"-63.98505";"-68.61621";"-299.4623";"-100.2021";"-25.93958"
"4295.958";"-246.4803";"-63.81036";"-68.61621";"-299.4623";"-100.0985";"-25.94946";"-246.4803";"-63.81036";"-68.61621";"-299.4623";"-100.0985";"-25.94946"
"4304.3";"-246.4754";"-63.80719";"-68.61621";"-299.4623";"-100.0676";"-25.9538";"-246.4754";"-63.80719";"-68.61621";"-299.4623";"-100.0676";"-25.9538"
"4312.642";"-246.3241";"-63.8454";"-68.61621";"-299.4623";"-99.97058";"-26.02496";"-246.3241";"-63.8454";"-68.61621";"-299.4623";"-99.97058";"-26.02496"
"4320.983";"-246.3204";"-63.82147";"-68.61621";"-299.4623";"-99.94843";"-26.0235";"-246.3204";"-63.82147";"-68.61621";"-299.4623";"-99.94843";"-26.0235"
"4329.325";"-246.295";"-63.80225";"-68.61621";"-299.4623";"-99.92401";"-26.03516";"-246.295";"-63.80225";"-68.61621";"-299.4623";"-99.92401";"-26.03516"
"4337.667";"-246.2667";"-63.79059";"-68.61621";"-299.4623";"-99.81573";"-26.06512";"-246.2667";"-63.79059";"-68.61621";"-299.4623";"-99.81573";"-26.06512"
"4346.008";"-246.1707";"-63.77667";"-68.61621";"-299.4623";"-99.76837";"-26.05896";"-246.1707";"-63.77667";"-68.61621";"-299.4623";"-99.76837";"-26.05896"
"4354.35";"-246.152";"-63.76227";"-68.61621";"-299.4623";"-99.73389";"-26.06732";"-246.152";"-63.76227";"-68.61621";"-299.4623";"-99.73389";"-26.06732"
"4362.692";"-246.1071";"-63.75452";"-68.61621";"-299.4623";"-99.65686";"-26.07202";"-246.1071";"-63.75452";"-68.61621";"-299.4623";"-99.65686";"-26.07202"
"4371.033";"-246.0729";"-63.74646";"-68.61621";"-299.4623";"-99.61591";"-26.08984";"-246.0729";"-63.74646";"-68.61621";"-299.4623";"-99.61591";"-26.08984"
"4379.375";"-245.9512";"-63.76294";"-68.61621";"-299.4623";"-99.56879";"-26.09302";"-245.9512";"-63.76294";"-68.61621";"-299.4623";"-99.56879";"-26.09302"
"4387.717";"-245.9242";"-63.74475";"-68.61621";"-299.4623";"-99.43768";"-26.07532";"-245.9242";"-63.74475";"-68.61621";"-299.4623";"-99.43768";"-26.07532"
"4396.058";"-245.8936";"-63.74512";"-68.61621";"-299.4623";"-99.34637";"-26.08057";"-245.8936";"-63.74512";"-68.61621";"-299.4623";"-99.34637";"-26.08057"
"4404.4";"-245.8631";"-63.73346";"-68.61621";"-299.4623";"-99.32904";"-26.10516";"-245.8631";"-63.73346";"-68.61621";"-299.4623";"-99.32904";"-26.10516"
"4412.742";"-245.7612";"-63.7041";"-68.61621";"-299.4623";"-99.27899";"-26.11877";"-245.7612";"-63.7041";"-68.61621";"-299.4623";"-99.27899";"-26.11877"
"4421.083";"-245.7452";"-63.69922";"-68.61621";"-299.4623";"-99.21368";"-26.13257";"-245.7452";"-63.69922";"-68.61621";"-299.4623";"-99.21368";"-26.13257"
"4429.425";"-245.6959";"-63.68823";"-68.61621";"-299.4623";"-99.10895";"-26.15576";"-245.6959";"-63.68823";"-68.61621";"-299.4623";"-99.10895";"-26.15576"
"4437.767";"-245.6617";"-63.68176";"-68.61621";"-299.4623";"-99.0658";"-26.1687";"-245.6617";"-63.68176";"-68.61621";"-299.4623";"-99.0658";"-26.1687"
"4446.108";"-245.6299";"-63.67389";"-68.61621";"-299.4623";"-99.0351";"-26.17596";"-245.6299";"-63.67389";"-68.61621";"-299.4623";"-99.0351";"-26.17596"
"4454.45";"-245.5998";"-63.6698";"-68.61621";"-299.4623";"-98.99438";"-26.20013";"-245.5998";"-63.6698";"-68.61621";"-299.4623";"-98.99438";"-26.20013"
"4462.792";"-245.4555";"-63.52106";"-68.61621";"-299.4623";"-98.95551";"-26.20441";"-245.4555";"-63.52106";"-68.61621";"-299.4623";"-98.95551";"-26.20441"
"4471.133";"-245.4656";"-63.50134";"-68.61621";"-299.4623";"-98.89954";"-26.21851";"-245.4656";"-63.50134";"-68.61621";"-299.4623";"-98.89954";"-26.21851"
"4479.475";"-245.2366";"-63.49359";"-68.61621";"-299.4623";"-98.81689";"-26.25311";"-245.2366";"-63.49359";"-68.61621";"-299.4623";"-98.81689";"-26.25311"
"4487.817";"-245.184";"-63.46149";"-68.61621";"-299.4623";"-98.78125";"-26.26996";"-245.184";"-63.46149";"-68.61621";"-299.4623";"-98.78125";"-26.26996"
"4496.158";"-245.1354";"-63.46033";"-68.61621";"-299.4623";"-98.7392";"-26.29077";"-245.1354";"-63.46033";"-68.61621";"-299.4623";"-98.7392";"-26.29077"
"4504.5";"-245.1039";"-63.43976";"-68.61621";"-299.4623";"-98.69067";"-26.31854";"-245.1039";"-63.43976";"-68.61621";"-299.4623";"-98.69067";"-26.31854"
"4512.842";"-245.0037";"-63.45325";"-68.61621";"-299.4623";"-98.55096";"-26.33209";"-245.0037";"-63.45325";"-68.61621";"-299.4623";"-98.55096";"-26.33209"
"4521.183";"-244.9556";"-63.40015";"-68.61621";"-299.4623";"-98.53436";"-26.33759";"-244.9556";"-63.40015";"-68.61621";"-299.4623";"-98.53436";"-26.33759"
"4529.525";"-244.9059";"-63.38092";"-68.61621";"-299.4623";"-98.47101";"-26.34113";"-244.9059";"-63.38092";"-68.61621";"-299.4623";"-98.47101";"-26.34113"
"4537.867";"-244.8878";"-63.38171";"-68.61621";"-299.4623";"-98.42792";"-26.3418";"-244.8878";"-63.38171";"-68.61621";"-299.4623";"-98.42792";"-26.3418"
"4546.208";"-244.8289";"-63.38092";"-68.61621";"-299.4623";"-98.3277";"-26.37286";"-244.8289";"-63.38092";"-68.61621";"-299.4623";"-98.3277";"-26.37286"
"4554.55";"-244.8071";"-63.37756";"-68.61621";"-299.4623";"-98.29297";"-26.39905";"-244.8071";"-63.37756";"-68.61621";"-299.4623";"-98.29297";"-26.39905"
"4562.892";"-244.7671";"-63.38019";"-68.61621";"-299.4623";"-98.2735";"-26.39276";"-244.7671";"-63.38019";"-68.61621";"-299.4623";"-98.2735";"-26.39276"
"4571.233";"-244.7271";"-63.3587";"-68.61621";"-299.4623";"-98.2254";"-26.42126";"-244.7271";"-63.3587";"-68.61621";"-299.4623";"-98.2254";"-26.42126"
"4579.575";"-244.7025";"-63.35834";"-68.61621";"-299.4623";"-98.18109";"-26.4278";"-244.7025";"-63.35834";"-68.61621";"-299.4623";"-98.18109";"-26.4278"
"4587.917";"-244.6591";"-63.34198";"-68.61621";"-299.4623";"-98.14935";"-26.43646";"-244.6591";"-63.34198";"-68.61621";"-299.4623";"-98.14935";"-26.43646"
"4596.258";"-244.6188";"-63.33612";"-68.61621";"-299.4623";"-98.04938";"-26.45947";"-244.6188";"-63.33612";"-68.61621";"-299.4623";"-98.04938";"-26.45947"
"4604.6";"-244.5942";"-63.33429";"-68.61621";"-299.4623";"-98.03723";"-26.4679";"-244.5942";"-63.33429";"-68.61621";"-299.4623";"-98.03723";"-26.4679"
"4612.942";"-244.4958";"-63.18958";"-68.61621";"-299.4623";"-97.9931";"-26.48755";"-244.4958";"-63.18958";"-68.61621";"-299.4623";"-97.9931";"-26.48755"
"4621.283";"-244.474";"-63.17328";"-68.61621";"-299.4623";"-98.01288";"-26.5014";"-244.474";"-63.17328";"-68.61621";"-299.4623";"-98.01288";"-26.5014"
"4629.625";"-244.4264";"-63.17639";"-68.61621";"-299.4623";"-97.95422";"-26.52118";"-244.4264";"-63.17639";"-68.61621";"-299.4623";"-97.95422";"-26.52118"
"4637.967";"-244.4047";"-63.17078";"-68.61621";"-299.4623";"-97.93445";"-26.57458";"-244.4047";"-63.17078";"-68.61621";"-299.4623";"-97.93445";"-26.57458"
"4646.308";"-244.3711";"-63.15094";"-68.61621";"-299.4623";"-97.79266";"-26.56476";"-244.3711";"-63.15094";"-68.61621";"-299.4623";"-97.79266";"-26.56476"
"4654.65";"-244.3419";"-63.1319";"-68.61621";"-299.4623";"-97.78687";"-26.61389";"-244.3419";"-63.1319";"-68.61621";"-299.4623";"-97.78687";"-26.61389"
"4662.992";"-244.3065";"-63.13019";"-68.61621";"-299.4623";"-97.75208";"-26.61151";"-244.3065";"-63.13019";"-68.61621";"-299.4623";"-97.75208";"-26.61151"
"4671.333";"-244.2435";"-63.13025";"-68.61621";"-299.4623";"-97.72418";"-26.62323";"-244.2435";"-63.13025";"-68.61621";"-299.4623";"-97.72418";"-26.62323"
"4679.675";"-244.2115";"-63.11542";"-68.61621";"-299.4623";"-97.64209";"-26.67615";"-244.2115";"-63.11542";"-68.61621";"-299.4623";"-97.64209";"-26.67615"
"4688.017";"-244.1732";"-63.11298";"-68.61621";"-299.4623";"-97.62775";"-26.70386";"-244.1732";"-63.11298";"-68.61621";"-299.4623";"-97.62775";"-26.70386"
"4696.358";"-244.1572";"-63.10175";"-68.61621";"-299.4623";"-97.56116";"-26.6712";"-244.1572";"-63.10175";"-68.61621";"-299.4623";"-97.56116";"-26.6712"
"4704.7";"-244.1109";"-63.10223";"-68.61621";"-299.4623";"-97.51965";"-26.69269";"-244.1109";"-63.10223";"-68.61621";"-299.4623";"-97.51965";"-26.69269"
"4713.042";"-244.0645";"-63.09259";"-68.61621";"-299.4623";"-97.44037";"-26.70135";"-244.0645";"-63.09259";"-68.61621";"-299.4623";"-97.44037";"-26.70135"
"4721.383";"-244.045";"-63.08295";"-68.61621";"-299.4623";"-97.36609";"-26.72742";"-244.045";"-63.08295";"-68.61621";"-299.4623";"-97.36609";"-26.72742"
"4729.725";"-243.9315";"-63.08624";"-68.61621";"-299.4623";"-97.29034";"-26.72046";"-243.9315";"-63.08624";"-68.61621";"-299.4623";"-97.29034";"-26.72046"
"4738.067";"-243.9231";"-63.05945";"-68.61621";"-299.4623";"-97.26593";"-26.74957";"-243.9231";"-63.05945";"-68.61621";"-299.4623";"-97.26593";"-26.74957"
"4746.408";"-243.8757";"-63.0592";"-68.61621";"-299.4623";"-97.17639";"-26.7688";"-243.8757";"-63.0592";"-68.61621";"-299.4623";"-97.17639";"-26.7688"
"4754.75";"-243.8458";"-63.04822";"-68.61621";"-299.4623";"-97.14587";"-26.78809";"-243.8458";"-63.04822";"-68.61621";"-299.4623";"-97.14587";"-26.78809"
"4763.092";"-243.8107";"-63.05249";"-68.61621";"-299.4623";"-97.11896";"-26.79779";"-243.8107";"-63.05249";"-68.61621";"-299.4623";"-97.11896";"-26.79779"
"4771.433";"-243.7881";"-63.04285";"-68.61621";"-299.4623";"-97.0816";"-26.81512";"-243.7881";"-63.04285";"-68.61621";"-299.4623";"-97.0816";"-26.81512"
"4779.775";"-243.731";"-63.02264";"-68.61621";"-299.4623";"-97.03381";"-26.82037";"-243.731";"-63.02264";"-68.61621";"-299.4623";"-97.03381";"-26.82037"
"4788.117";"-243.7067";"-63.01233";"-68.61621";"-299.4623";"-96.98682";"-26.83386";"-243.7067";"-63.01233";"-68.61621";"-299.4623";"-96.98682";"-26.83386"
"4796.458";"-243.6716";"-63.00879";"-68.61621";"-299.4623";"-96.9538";"-26.85449";"-243.6716";"-63.00879";"-68.61621";"-299.4623";"-96.9538";"-26.85449"
"4804.8";"-243.5162";"-63.0116";"-68.61621";"-299.4623";"-96.82825";"-26.90948";"-243.5162";"-63.0116";"-68.61621";"-299.4623";"-96.82825";"-26.90948"
"4813.142";"-243.5082";"-63";"-68.61621";"-299.4623";"-96.81592";"-26.90515";"-243.5082";"-63";"-68.61621";"-299.4623";"-96.81592";"-26.90515"
"4821.483";"-243.5057";"-62.99585";"-68.61621";"-299.4623";"-96.80859";"-26.90497";"-243.5057";"-62.99585";"-68.61621";"-299.4623";"-96.80859";"-26.90497"
"4829.825";"-243.4834";"-62.8316";"-68.61621";"-299.4623";"-96.76422";"-26.91895";"-243.4834";"-62.8316";"-68.61621";"-299.4623";"-96.76422";"-26.91895"
"4838.167";"-243.4639";"-62.82471";"-68.61621";"-299.4623";"-96.72034";"-26.94305";"-243.4639";"-62.82471";"-68.61621";"-299.4623";"-96.72034";"-26.94305"
"4846.508";"-243.4289";"-62.83325";"-68.61621";"-299.4623";"-96.60333";"-26.94257";"-243.4289";"-62.83325";"-68.61621";"-299.4623";"-96.60333";"-26.94257"
"4854.85";"-243.3886";"-62.8252";"-68.61621";"-299.4623";"-96.60614";"-26.948";"-243.3886";"-62.8252";"-68.61621";"-299.4623";"-96.60614";"-26.948"
"4863.192";"-243.3657";"-62.82019";"-68.61621";"-299.4623";"-96.58398";"-26.96533";"-243.3657";"-62.82019";"-68.61621";"-299.4623";"-96.58398";"-26.96533"
"4871.533";"-243.3602";"-62.8045";"-68.61621";"-299.4623";"-96.56799";"-26.98505";"-243.3602";"-62.8045";"-68.61621";"-299.4623";"-96.56799";"-26.98505"
"4879.875";"-243.3118";"-62.80505";"-68.61621";"-299.4623";"-96.52246";"-26.9895";"-243.3118";"-62.80505";"-68.61621";"-299.4623";"-96.52246";"-26.9895"
"4888.217";"-243.303";"-62.77771";"-68.61621";"-299.4623";"-96.49561";"-26.96051";"-243.303";"-62.77771";"-68.61621";"-299.4623";"-96.49561";"-26.96051"
"4896.558";"-243.2594";"-62.76868";"-68.61621";"-299.4623";"-96.44019";"-26.97235";"-243.2594";"-62.76868";"-68.61621";"-299.4623";"-96.44019";"-26.97235"
"4904.9";"-243.2216";"-62.76263";"-68.61621";"-299.4623";"-96.35773";"-26.97894";"-243.2216";"-62.76263";"-68.61621";"-299.4623";"-96.35773";"-26.97894"
"4913.242";"-243.2002";"-62.75616";"-68.61621";"-299.4623";"-96.29559";"-27.00134";"-243.2002";"-62.75616";"-68.61621";"-299.4623";"-96.29559";"-27.00134"
"4921.583";"-243.1791";"-62.74774";"-68.61621";"-299.4623";"-96.2865";"-26.99933";"-243.1791";"-62.74774";"-68.61621";"-299.4623";"-96.2865";"-26.99933"
"4929.925";"-243.1273";"-62.7486";"-68.61621";"-299.4623";"-96.22974";"-27.02026";"-243.1273";"-62.7486";"-68.61621";"-299.4623";"-96.22974";"-27.02026"
"4938.267";"-243.1057";"-62.7356";"-68.61621";"-299.4623";"-96.19916";"-27.03589";"-243.1057";"-62.7356";"-68.61621";"-299.4623";"-96.19916";"-27.03589"
"4946.608";"-243.0107";"-62.73767";"-68.61621";"-299.4623";"-96.16681";"-27.0473";"-243.0107";"-62.73767";"-68.61621";"-299.4623";"-96.16681";"-27.0473"
"4954.95";"-242.9953";"-62.72925";"-68.61621";"-299.4623";"-96.08069";"-27.05963";"-242.9953";"-62.72925";"-68.61621";"-299.4623";"-96.08069";"-27.05963"
"4963.292";"-242.9666";"-62.71503";"-68.61621";"-299.4623";"-96.00671";"-27.05432";"-242.9666";"-62.71503";"-68.61621";"-299.4623";"-96.00671";"-27.05432"
"4971.633";"-242.943";"-62.66742";"-68.61621";"-299.4623";"-95.99652";"-27.06769";"-242.943";"-62.66742";"-68.61621";"-299.4623";"-95.99652";"-27.06769"
"4979.975";"-242.9177";"-62.67267";"-68.61621";"-299.4623";"-95.9577";"-27.09595";"-242.9177";"-62.67267";"-68.61621";"-299.4623";"-95.9577";"-27.09595"
"4988.317";"-242.8854";"-62.66827";"-68.61621";"-299.4623";"-95.93512";"-27.0979";"-242.8854";"-62.66827";"-68.61621";"-299.4623";"-95.93512";"-27.0979"
"4996.658";"-242.8575";"-62.65753";"-68.61621";"-299.4623";"-95.90643";"-27.1225";"-242.8575";"-62.65753";"-68.61621";"-299.4623";"-95.90643";"-27.1225"
"5005";"-242.8127";"-62.65845";"-68.61621";"-299.4623";"-95.88373";"-27.13025";"-242.8127";"-62.65845";"-68.61621";"-299.4623";"-95.88373";"-27.13025"
"5013.342";"-242.7615";"-62.64709";"-68.61621";"-299.4623";"-95.84351";"-27.15112";"-242.7615";"-62.64709";"-68.61621";"-299.4623";"-95.84351";"-27.15112"
"5021.683";"-242.7512";"-62.65009";"-68.61621";"-299.4623";"-95.79718";"-27.17169";"-242.7512";"-62.65009";"-68.61621";"-299.4623";"-95.79718";"-27.17169"
"5030.025";"-242.7323";"-62.61737";"-68.61621";"-299.4623";"-95.7536";"-27.18433";"-242.7323";"-62.61737";"-68.61621";"-299.4623";"-95.7536";"-27.18433"
"5038.367";"-242.689";"-62.61719";"-68.61621";"-299.4623";"-95.7157";"-27.19104";"-242.689";"-62.61719";"-68.61621";"-299.4623";"-95.7157";"-27.19104"
"5046.708";"-242.3794";"-62.37915";"-68.61621";"-299.4623";"-95.6416";"-27.2077";"-242.3794";"-62.37915";"-68.61621";"-299.4623";"-95.6416";"-27.2077"
"5055.05";"-242.33";"-62.3913";"-68.61621";"-299.4623";"-95.62292";"-27.21515";"-242.33";"-62.3913";"-68.61621";"-299.4623";"-95.62292";"-27.21515"
"5063.392";"-242.33";"-62.37091";"-68.61621";"-299.4623";"-95.56787";"-27.23724";"-242.33";"-62.37091";"-68.61621";"-299.4623";"-95.56787";"-27.23724"
"5071.733";"-242.3143";"-62.36621";"-68.61621";"-299.4623";"-95.53223";"-27.2464";"-242.3143";"-62.36621";"-68.61621";"-299.4623";"-95.53223";"-27.2464"
"5080.075";"-242.2602";"-62.35211";"-68.61621";"-299.4623";"-95.48157";"-27.22198";"-242.2602";"-62.35211";"-68.61621";"-299.4623";"-95.48157";"-27.22198"
"5088.417";"-242.2256";"-62.33838";"-68.61621";"-299.4623";"-95.44672";"-27.23071";"-242.2256";"-62.33838";"-68.61621";"-299.4623";"-95.44672";"-27.23071"
"5096.758";"-242.1099";"-62.33295";"-68.61621";"-299.4623";"-95.37299";"-27.26166";"-242.1099";"-62.33295";"-68.61621";"-299.4623";"-95.37299";"-27.26166"
"5105.1";"-242.1042";"-62.33765";"-68.61621";"-299.4623";"-95.29156";"-27.25757";"-242.1042";"-62.33765";"-68.61621";"-299.4623";"-95.29156";"-27.25757"
"5113.442";"-242.0946";"-62.31464";"-68.61621";"-299.4623";"-95.25647";"-27.26099";"-242.0946";"-62.31464";"-68.61621";"-299.4623";"-95.25647";"-27.26099"
"5121.783";"-242.0852";"-62.31561";"-68.61621";"-299.4623";"-95.22595";"-27.27393";"-242.0852";"-62.31561";"-68.61621";"-299.4623";"-95.22595";"-27.27393"
"5130.125";"-242.0605";"-62.28168";"-68.61621";"-299.4623";"-95.14813";"-27.29358";"-242.0605";"-62.28168";"-68.61621";"-299.4623";"-95.14813";"-27.29358"
"5138.467";"-242.0244";"-62.27081";"-68.61621";"-299.4623";"-95.12195";"-27.30597";"-242.0244";"-62.27081";"-68.61621";"-299.4623";"-95.12195";"-27.30597"
"5146.808";"-242.0027";"-62.25787";"-68.61621";"-299.4623";"-95.10022";"-27.31982";"-242.0027";"-62.25787";"-68.61621";"-299.4623";"-95.10022";"-27.31982"
"5155.15";"-241.9993";"-62.25702";"-68.61621";"-299.4623";"-95.07336";"-27.33966";"-241.9993";"-62.25702";"-68.61621";"-299.4623";"-95.07336";"-27.33966"
"5163.492";"-241.9587";"-62.24176";"-68.61621";"-299.4623";"-94.99316";"-27.34265";"-241.9587";"-62.24176";"-68.61621";"-299.4623";"-94.99316";"-27.34265"
"5171.833";"-241.9376";"-62.25659";"-68.61621";"-299.4623";"-95.00696";"-27.35834";"-241.9376";"-62.25659";"-68.61621";"-299.4623";"-95.00696";"-27.35834"
"5180.175";"-241.9156";"-62.24298";"-68.61621";"-299.4623";"-94.96484";"-27.36438";"-241.9156";"-62.24298";"-68.61621";"-299.4623";"-94.96484";"-27.36438"
"5188.517";"-241.899";"-62.24335";"-68.61621";"-299.4623";"-94.94305";"-27.37476";"-241.899";"-62.24335";"-68.61621";"-299.4623";"-94.94305";"-27.37476"
"5196.858";"-241.8823";"-62.23242";"-68.61621";"-299.4623";"-94.92444";"-27.38464";"-241.8823";"-62.23242";"-68.61621";"-299.4623";"-94.92444";"-27.38464"
"5205.2";"-241.8629";"-62.21729";"-68.61621";"-299.4623";"-94.87933";"-27.39215";"-241.8629";"-62.21729";"-68.61621";"-299.4623";"-94.87933";"-27.39215"
"5213.542";"-241.8234";"-62.20844";"-68.61621";"-299.4623";"-94.80267";"-27.43042";"-241.8234";"-62.20844";"-68.61621";"-299.4623";"-94.80267";"-27.43042"
"5221.883";"-241.7879";"-62.18634";"-68.61621";"-299.4623";"-94.78949";"-27.44031";"-241.7879";"-62.18634";"-68.61621";"-299.4623";"-94.78949";"-27.44031"
"5230.225";"-241.7752";"-62.19269";"-68.61621";"-299.4623";"-94.74658";"-27.47089";"-241.7752";"-62.19269";"-68.61621";"-299.4623";"-94.74658";"-27.47089"
"5238.567";"-241.7719";"-62.18103";"-68.61621";"-299.4623";"-94.71631";"-27.49481";"-241.7719";"-62.18103";"-68.61621";"-299.4623";"-94.71631";"-27.49481"
"5246.908";"-241.7135";"-62.1839";"-68.61621";"-299.4623";"-94.63208";"-27.48846";"-241.7135";"-62.1839";"-68.61621";"-299.4623";"-94.63208";"-27.48846"
"5255.25";"-241.6777";"-62.1618";"-68.61621";"-299.4623";"-94.61615";"-27.49915";"-241.6777";"-62.1618";"-68.61621";"-299.4623";"-94.61615";"-27.49915"
"5263.592";"-241.5771";"-62.1698";"-68.61621";"-299.4623";"-94.60699";"-27.51251";"-241.5771";"-62.1698";"-68.61621";"-299.4623";"-94.60699";"-27.51251"
"5271.933";"-241.5865";"-62.14313";"-68.61621";"-299.4623";"-94.58685";"-27.52917";"-241.5865";"-62.14313";"-68.61621";"-299.4623";"-94.58685";"-27.52917"
"5280.275";"-241.53";"-62.15118";"-68.61621";"-299.4623";"-94.5636";"-27.55499";"-241.53";"-62.15118";"-68.61621";"-299.4623";"-94.5636";"-27.55499"
"5288.617";"-241.513";"-62.13135";"-68.61621";"-299.4623";"-94.4751";"-27.56494";"-241.513";"-62.13135";"-68.61621";"-299.4623";"-94.4751";"-27.56494"
"5296.958";"-241.4698";"-61.98401";"-68.61621";"-299.4623";"-94.47791";"-27.57056";"-241.4698";"-61.98401";"-68.61621";"-299.4623";"-94.47791";"-27.57056"
"5305.3";"-241.4558";"-61.96326";"-68.61621";"-299.4623";"-94.44037";"-27.57526";"-241.4558";"-61.96326";"-68.61621";"-299.4623";"-94.44037";"-27.57526"
"5313.642";"-241.3602";"-61.96735";"-68.61621";"-299.4623";"-94.37024";"-27.63019";"-241.3602";"-61.96735";"-68.61621";"-299.4623";"-94.37024";"-27.63019"
"5321.983";"-241.359";"-61.96149";"-68.61621";"-299.4623";"-94.34515";"-27.64423";"-241.359";"-61.96149";"-68.61621";"-299.4623";"-94.34515";"-27.64423"
"5330.325";"-241.3226";"-61.96454";"-68.61621";"-299.4623";"-94.31848";"-27.63904";"-241.3226";"-61.96454";"-68.61621";"-299.4623";"-94.31848";"-27.63904"
"5338.667";"-241.3014";"-61.95819";"-68.61621";"-299.4623";"-94.27484";"-27.64514";"-241.3014";"-61.95819";"-68.61621";"-299.4623";"-94.27484";"-27.64514"
"5347.008";"-241.2855";"-61.94147";"-68.61621";"-299.4623";"-94.21014";"-27.685";"-241.2855";"-61.94147";"-68.61621";"-299.4623";"-94.21014";"-27.685"
"5355.35";"-241.2693";"-61.92462";"-68.61621";"-299.4623";"-94.18591";"-27.66693";"-241.2693";"-61.92462";"-68.61621";"-299.4623";"-94.18591";"-27.66693"
"5363.692";"-241.2327";"-61.9176";"-68.61621";"-299.4623";"-94.14294";"-27.69958";"-241.2327";"-61.9176";"-68.61621";"-299.4623";"-94.14294";"-27.69958"
"5372.033";"-241.1945";"-61.91571";"-68.61621";"-299.4623";"-94.11816";"-27.70575";"-241.1945";"-61.91571";"-68.61621";"-299.4623";"-94.11816";"-27.70575"
"5380.375";"-241.1804";"-61.89697";"-68.61621";"-299.4623";"-94.09717";"-27.7085";"-241.1804";"-61.89697";"-68.61621";"-299.4623";"-94.09717";"-27.7085"
"5388.717";"-241.1497";"-61.89124";"-68.61621";"-299.4623";"-94.04865";"-27.72601";"-241.1497";"-61.89124";"-68.61621";"-299.4623";"-94.04865";"-27.72601"
"5397.058";"-241.1253";"-61.89026";"-68.61621";"-299.4623";"-94.02405";"-27.73914";"-241.1253";"-61.89026";"-68.61621";"-299.4623";"-94.02405";"-27.73914"
"5405.4";"-241.1158";"-61.87524";"-68.61621";"-299.4623";"-93.89697";"-27.74884";"-241.1158";"-61.87524";"-68.61621";"-299.4623";"-93.89697";"-27.74884"
"5413.742";"-241.0897";"-61.87433";"-68.61621";"-299.4623";"-93.8847";"-27.77521";"-241.0897";"-61.87433";"-68.61621";"-299.4623";"-93.8847";"-27.77521"
"5422.083";"-241.0623";"-61.8598";"-68.61621";"-299.4623";"-93.87219";"-27.77557";"-241.0623";"-61.8598";"-68.61621";"-299.4623";"-93.87219";"-27.77557"
"5430.425";"-241.0211";"-61.84308";"-68.61621";"-299.4623";"-93.84668";"-27.77924";"-241.0211";"-61.84308";"-68.61621";"-299.4623";"-93.84668";"-27.77924"
"5438.767";"-240.9861";"-61.83771";"-68.61621";"-299.4623";"-93.81769";"-27.79083";"-240.9861";"-61.83771";"-68.61621";"-299.4623";"-93.81769";"-27.79083"
"5447.108";"-240.951";"-61.80786";"-68.61621";"-299.4623";"-93.78729";"-27.82068";"-240.951";"-61.80786";"-68.61621";"-299.4623";"-93.78729";"-27.82068"
"5455.45";"-240.9283";"-61.80115";"-68.61621";"-299.4623";"-93.73834";"-27.84491";"-240.9283";"-61.80115";"-68.61621";"-299.4623";"-93.73834";"-27.84491"
"5463.792";"-240.9061";"-61.80084";"-68.61621";"-299.4623";"-93.61786";"-27.83765";"-240.9061";"-61.80084";"-68.61621";"-299.4623";"-93.61786";"-27.83765"
"5472.133";"-240.8749";"-61.78033";"-68.61621";"-299.4623";"-93.62451";"-27.85406";"-240.8749";"-61.78033";"-68.61621";"-299.4623";"-93.62451";"-27.85406"
"5480.475";"-240.8361";"-61.76764";"-68.61621";"-299.4623";"-93.57312";"-27.88086";"-240.8361";"-61.76764";"-68.61621";"-299.4623";"-93.57312";"-27.88086"
"5488.817";"-240.8058";"-61.75812";"-68.61621";"-299.4623";"-93.57501";"-27.88739";"-240.8058";"-61.75812";"-68.61621";"-299.4623";"-93.57501";"-27.88739"
"5497.158";"-240.7894";"-61.74799";"-68.61621";"-299.4623";"-93.53375";"-27.90051";"-240.7894";"-61.74799";"-68.61621";"-299.4623";"-93.53375";"-27.90051"
"5505.5";"-240.7753";"-61.72864";"-68.61621";"-299.4623";"-93.50232";"-27.9054";"-240.7753";"-61.72864";"-68.61621";"-299.4623";"-93.50232";"-27.9054"
"5513.842";"-240.7538";"-61.71649";"-68.61621";"-299.4623";"-93.46741";"-27.89502";"-240.7538";"-61.71649";"-68.61621";"-299.4623";"-93.46741";"-27.89502"
"5522.183";"-240.718";"-61.71588";"-68.61621";"-299.4623";"-93.4278";"-27.90271";"-240.718";"-61.71588";"-68.61621";"-299.4623";"-93.4278";"-27.90271"
"5530.525";"-240.6967";"-61.68268";"-68.61621";"-299.4623";"-93.37555";"-27.92786";"-240.6967";"-61.68268";"-68.61621";"-299.4623";"-93.37555";"-27.92786"
"5538.867";"-240.6807";"-61.66772";"-68.61621";"-299.4623";"-93.3537";"-27.9317";"-240.6807";"-61.66772";"-68.61621";"-299.4623";"-93.3537";"-27.9317"
"5547.208";"-240.6759";"-61.65448";"-68.61621";"-299.4623";"-93.30573";"-27.9679";"-240.6759";"-61.65448";"-68.61621";"-299.4623";"-93.30573";"-27.9679"
"5555.55";"-240.6349";"-61.65057";"-68.61621";"-299.4623";"-93.29797";"-27.97607";"-240.6349";"-61.65057";"-68.61621";"-299.4623";"-93.29797";"-27.97607"
"5563.892";"-240.6156";"-61.61981";"-68.61621";"-299.4623";"-93.19287";"-28.01178";"-240.6156";"-61.61981";"-68.61621";"-299.4623";"-93.19287";"-28.01178"
"5572.233";"-240.379";"-61.42609";"-68.61621";"-299.4623";"-93.18781";"-28.00836";"-240.379";"-61.42609";"-68.61621";"-299.4623";"-93.18781";"-28.00836"
"5580.575";"-240.3127";"-61.40601";"-68.61621";"-299.4623";"-93.15558";"-28.0274";"-240.3127";"-61.40601";"-68.61621";"-299.4623";"-93.15558";"-28.0274"
"5588.917";"-240.3007";"-61.39954";"-68.61621";"-299.4623";"-93.14276";"-28.02136";"-240.3007";"-61.39954";"-68.61621";"-299.4623";"-93.14276";"-28.02136"
"5597.258";"-240.257";"-61.37286";"-68.61621";"-299.4623";"-93.09204";"-28.06335";"-240.257";"-61.37286";"-68.61621";"-299.4623";"-93.09204";"-28.06335"
"5605.6";"-240.2544";"-61.35858";"-68.61621";"-299.4623";"-93.07068";"-28.07355";"-240.2544";"-61.35858";"-68.61621";"-299.4623";"-93.07068";"-28.07355"
"5613.942";"-240.2137";"-61.34631";"-68.61621";"-299.4623";"-92.99243";"-28.09839";"-240.2137";"-61.34631";"-68.61621";"-299.4623";"-92.99243";"-28.09839"
"5622.283";"-240.1932";"-61.33246";"-68.61621";"-299.4623";"-92.97522";"-28.10699";"-240.1932";"-61.33246";"-68.61621";"-299.4623";"-92.97522";"-28.10699"
"5630.625";"-240.1666";"-61.32336";"-68.61621";"-299.4623";"-92.92352";"-28.11823";"-240.1666";"-61.32336";"-68.61621";"-299.4623";"-92.92352";"-28.11823"
"5638.967";"-240.1531";"-61.29669";"-68.61621";"-299.4623";"-92.91492";"-28.12555";"-240.1531";"-61.29669";"-68.61621";"-299.4623";"-92.91492";"-28.12555"
"5647.308";"-240.0742";"-61.28784";"-68.61621";"-299.4623";"-92.88733";"-28.13251";"-240.0742";"-61.28784";"-68.61621";"-299.4623";"-92.88733";"-28.13251"
"5655.65";"-240.0492";"-61.2699";"-68.61621";"-299.4623";"-92.8645";"-28.15552";"-240.0492";"-61.2699";"-68.61621";"-299.4623";"-92.8645";"-28.15552"
"5663.992";"-240.0473";"-61.2644";"-68.61621";"-299.4623";"-92.81616";"-28.15833";"-240.0473";"-61.2644";"-68.61621";"-299.4623";"-92.81616";"-28.15833"
"5672.333";"-240.0292";"-61.25116";"-68.61621";"-299.4623";"-92.79535";"-28.17181";"-240.0292";"-61.25116";"-68.61621";"-299.4623";"-92.79535";"-28.17181"
"5680.675";"-240.0026";"-61.22351";"-68.61621";"-299.4623";"-92.75806";"-28.19678";"-240.0026";"-61.22351";"-68.61621";"-299.4623";"-92.75806";"-28.19678"
"5689.017";"-239.998";"-61.21191";"-68.61621";"-299.4623";"-92.73535";"-28.20325";"-239.998";"-61.21191";"-68.61621";"-299.4623";"-92.73535";"-28.20325"
"5697.358";"-239.9752";"-61.17596";"-68.61621";"-299.4623";"-92.62805";"-28.22095";"-239.9752";"-61.17596";"-68.61621";"-299.4623";"-92.62805";"-28.22095"
"5705.7";"-239.9594";"-61.16174";"-68.61621";"-299.4623";"-92.61768";"-28.23492";"-239.9594";"-61.16174";"-68.61621";"-299.4623";"-92.61768";"-28.23492"
"5714.042";"-239.9465";"-61.15564";"-68.61621";"-299.4623";"-92.60431";"-28.25208";"-239.9465";"-61.15564";"-68.61621";"-299.4623";"-92.60431";"-28.25208"
"5722.383";"-239.9077";"-61.14532";"-68.61621";"-299.4623";"-92.5719";"-28.26373";"-239.9077";"-61.14532";"-68.61621";"-299.4623";"-92.5719";"-28.26373"
"5730.725";"-239.8972";"-61.13727";"-68.61621";"-299.4623";"-92.52991";"-28.28296";"-239.8972";"-61.13727";"-68.61621";"-299.4623";"-92.52991";"-28.28296"
"5739.067";"-239.8823";"-61.13428";"-68.61621";"-299.4623";"-92.50281";"-28.29108";"-239.8823";"-61.13428";"-68.61621";"-299.4623";"-92.50281";"-28.29108"
"5747.408";"-239.8463";"-61.11737";"-68.61621";"-299.4623";"-92.44556";"-28.29028";"-239.8463";"-61.11737";"-68.61621";"-299.4623";"-92.44556";"-28.29028"
"5755.75";"-239.8054";"-61.08813";"-68.61621";"-299.4623";"-92.43634";"-28.29608";"-239.8054";"-61.08813";"-68.61621";"-299.4623";"-92.43634";"-28.29608"
"5764.092";"-239.7789";"-61.08276";"-68.61621";"-299.4623";"-92.38641";"-28.31995";"-239.7789";"-61.08276";"-68.61621";"-299.4623";"-92.38641";"-28.31995"
"5772.433";"-239.765";"-61.07428";"-68.61621";"-299.4623";"-92.35107";"-28.34686";"-239.765";"-61.07428";"-68.61621";"-299.4623";"-92.35107";"-28.34686"
"5780.775";"-239.7382";"-61.05969";"-68.61621";"-299.4623";"-92.29803";"-28.3703";"-239.7382";"-61.05969";"-68.61621";"-299.4623";"-92.29803";"-28.3703"
"5789.117";"-239.7069";"-61.03613";"-68.61621";"-299.4623";"-92.29285";"-28.36975";"-239.7069";"-61.03613";"-68.61621";"-299.4623";"-92.29285";"-28.36975"
"5797.458";"-239.6936";"-61.02893";"-68.61621";"-299.4623";"-92.23975";"-28.39319";"-239.6936";"-61.02893";"-68.61621";"-299.4623";"-92.23975";"-28.39319"
"5805.8";"-239.5966";"-61.00317";"-68.61621";"-299.4623";"-92.12885";"-28.46399";"-239.5966";"-61.00317";"-68.61621";"-299.4623";"-92.12885";"-28.46399"
"5814.142";"-239.5747";"-60.9986";"-68.61621";"-299.4623";"-92.11871";"-28.4624";"-239.5747";"-60.9986";"-68.61621";"-299.4623";"-92.11871";"-28.4624"
"5822.483";"-239.5637";"-60.98938";"-68.61621";"-299.4623";"-92.11407";"-28.4859";"-239.5637";"-60.98938";"-68.61621";"-299.4623";"-92.11407";"-28.4859"
"5830.825";"-239.5384";"-60.98767";"-68.61621";"-299.4623";"-92.07373";"-28.49231";"-239.5384";"-60.98767";"-68.61621";"-299.4623";"-92.07373";"-28.49231"
"5839.167";"-239.5341";"-60.98309";"-68.61621";"-299.4623";"-92.09631";"-28.50043";"-239.5341";"-60.98309";"-68.61621";"-299.4623";"-92.09631";"-28.50043"
"5847.508";"-239.5236";"-60.96747";"-68.61621";"-299.4623";"-92.01843";"-28.53699";"-239.5236";"-60.96747";"-68.61621";"-299.4623";"-92.01843";"-28.53699"
"5855.85";"-239.5134";"-60.96106";"-68.61621";"-299.4623";"-92.01752";"-28.54089";"-239.5134";"-60.96106";"-68.61621";"-299.4623";"-92.01752";"-28.54089"
"5864.192";"-239.4737";"-60.77991";"-68.61621";"-299.4623";"-91.97168";"-28.56256";"-239.4737";"-60.77991";"-68.61621";"-299.4623";"-91.97168";"-28.56256"
"5872.533";"-239.4548";"-60.7569";"-68.61621";"-299.4623";"-91.95734";"-28.59436";"-239.4548";"-60.7569";"-68.61621";"-299.4623";"-91.95734";"-28.59436"
"5880.875";"-239.4263";"-60.74036";"-68.61621";"-299.4623";"-91.91907";"-28.61737";"-239.4263";"-60.74036";"-68.61621";"-299.4623";"-91.91907";"-28.61737"
"5889.217";"-239.4095";"-60.70654";"-68.61621";"-299.4623";"-91.90497";"-28.62476";"-239.4095";"-60.70654";"-68.61621";"-299.4623";"-91.90497";"-28.62476"
"5897.558";"-239.407";"-60.68341";"-68.61621";"-299.4623";"-91.80072";"-28.64508";"-239.407";"-60.68341";"-68.61621";"-299.4623";"-91.80072";"-28.64508"
"5905.9";"-239.4041";"-60.67432";"-68.61621";"-299.4623";"-91.79541";"-28.68048";"-239.4041";"-60.67432";"-68.61621";"-299.4623";"-91.79541";"-28.68048"
"5914.242";"-239.349";"-60.65576";"-68.61621";"-299.4623";"-91.77118";"-28.71021";"-239.349";"-60.65576";"-68.61621";"-299.4623";"-91.77118";"-28.71021"
"5922.583";"-239.3325";"-60.6167";"-68.61621";"-299.4623";"-91.75885";"-28.70691";"-239.3325";"-60.6167";"-68.61621";"-299.4623";"-91.75885";"-28.70691"
"5930.925";"-239.3036";"-60.6106";"-68.61621";"-299.4623";"-91.70557";"-28.74335";"-239.3036";"-60.6106";"-68.61621";"-299.4623";"-91.70557";"-28.74335"
"5939.267";"-239.2982";"-60.58606";"-68.61621";"-299.4623";"-91.68256";"-28.7417";"-239.2982";"-60.58606";"-68.61621";"-299.4623";"-91.68256";"-28.7417"
"5947.608";"-239.2769";"-60.57513";"-68.61621";"-299.4623";"-91.65326";"-28.77576";"-239.2769";"-60.57513";"-68.61621";"-299.4623";"-91.65326";"-28.77576"
"5955.95";"-239.2637";"-60.54498";"-68.61621";"-299.4623";"-91.63391";"-28.78204";"-239.2637";"-60.54498";"-68.61621";"-299.4623";"-91.63391";"-28.78204"
"5964.292";"-239.2499";"-60.51178";"-68.61621";"-299.4623";"-91.56036";"-28.81744";"-239.2499";"-60.51178";"-68.61621";"-299.4623";"-91.56036";"-28.81744"
"5972.633";"-239.0319";"-60.47211";"-68.61621";"-299.4623";"-91.5415";"-28.82257";"-239.0319";"-60.47211";"-68.61621";"-299.4623";"-91.5415";"-28.82257"
"5980.975";"-238.9875";"-60.45093";"-68.61621";"-299.4623";"-91.50452";"-28.82666";"-238.9875";"-60.45093";"-68.61621";"-299.4623";"-91.50452";"-28.82666"
"5989.317";"-238.9758";"-60.45111";"-68.61621";"-299.4623";"-91.46313";"-28.80176";"-238.9758";"-60.45111";"-68.61621";"-299.4623";"-91.46313";"-28.80176"
"5997.658";"-238.922";"-60.40454";"-68.61621";"-299.4623";"-91.43188";"-28.85211";"-238.922";"-60.40454";"-68.61621";"-299.4623";"-91.43188";"-28.85211"
"6006";"-238.9103";"-60.40021";"-68.61621";"-299.4623";"-91.39301";"-28.86005";"-238.9103";"-60.40021";"-68.61621";"-299.4623";"-91.39301";"-28.86005"
"6014.342";"-238.8871";"-60.36926";"-68.61621";"-299.4623";"-91.29138";"-28.8808";"-238.8871";"-60.36926";"-68.61621";"-299.4623";"-91.29138";"-28.8808"
"6022.683";"-238.8631";"-60.3526";"-68.61621";"-299.4623";"-91.276";"-28.88184";"-238.8631";"-60.3526";"-68.61621";"-299.4623";"-91.276";"-28.88184"
"6031.025";"-238.8553";"-60.33844";"-68.61621";"-299.4623";"-91.23993";"-28.89862";"-238.8553";"-60.33844";"-68.61621";"-299.4623";"-91.23993";"-28.89862"
"6039.367";"-238.8295";"-60.31464";"-68.61621";"-299.4623";"-91.22821";"-28.89984";"-238.8295";"-60.31464";"-68.61621";"-299.4623";"-91.22821";"-28.89984"
"6047.708";"-238.7811";"-60.30835";"-68.61621";"-299.4623";"-91.18488";"-28.90637";"-238.7811";"-60.30835";"-68.61621";"-299.4623";"-91.18488";"-28.90637"
"6056.05";"-238.7653";"-60.30194";"-68.61621";"-299.4623";"-91.14929";"-28.93451";"-238.7653";"-60.30194";"-68.61621";"-299.4623";"-91.14929";"-28.93451"
"6064.392";"-238.7333";"-60.24377";"-68.61621";"-299.4623";"-91.12506";"-28.93549";"-238.7333";"-60.24377";"-68.61621";"-299.4623";"-91.12506";"-28.93549"
"6072.733";"-238.7269";"-60.22693";"-68.61621";"-299.4623";"-91.10321";"-28.93939";"-238.7269";"-60.22693";"-68.61621";"-299.4623";"-91.10321";"-28.93939"
"6081.075";"-238.704";"-60.20251";"-68.61621";"-299.4623";"-90.96899";"-28.95618";"-238.704";"-60.20251";"-68.61621";"-299.4623";"-90.96899";"-28.95618"
"6089.417";"-238.6763";"-60.19202";"-68.61621";"-299.4623";"-90.97992";"-28.98047";"-238.6763";"-60.19202";"-68.61621";"-299.4623";"-90.97992";"-28.98047"
"6097.758";"-238.6487";"-60.18524";"-68.61621";"-299.4623";"-90.94263";"-28.9726";"-238.6487";"-60.18524";"-68.61621";"-299.4623";"-90.94263";"-28.9726"
"6106.1";"-238.6328";"-60.17517";"-68.61621";"-299.4623";"-90.92657";"-28.97992";"-238.6328";"-60.17517";"-68.61621";"-299.4623";"-90.92657";"-28.97992"
"6114.442";"-238.6152";"-60.15936";"-68.61621";"-299.4623";"-90.87903";"-29.0141";"-238.6152";"-60.15936";"-68.61621";"-299.4623";"-90.87903";"-29.0141"
"6122.783";"-238.585";"-60.14429";"-68.61621";"-299.4623";"-90.86554";"-29.01886";"-238.585";"-60.14429";"-68.61621";"-299.4623";"-90.86554";"-29.01886"
"6131.125";"-238.5339";"-60.12421";"-68.61621";"-299.4623";"-90.83215";"-29.03052";"-238.5339";"-60.12421";"-68.61621";"-299.4623";"-90.83215";"-29.03052"
"6139.467";"-238.5152";"-60.11694";"-68.61621";"-299.4623";"-90.81635";"-29.05402";"-238.5152";"-60.11694";"-68.61621";"-299.4623";"-90.81635";"-29.05402"
"6147.808";"-238.4846";"-59.96545";"-68.61621";"-299.4623";"-90.74719";"-29.08594";"-238.4846";"-59.96545";"-68.61621";"-299.4623";"-90.74719";"-29.08594"
"6156.15";"-238.4556";"-59.94635";"-68.61621";"-299.4623";"-90.72736";"-29.09259";"-238.4556";"-59.94635";"-68.61621";"-299.4623";"-90.72736";"-29.09259"
"6164.492";"-238.4489";"-59.9339";"-68.61621";"-299.4623";"-90.69214";"-29.09747";"-238.4489";"-59.9339";"-68.61621";"-299.4623";"-90.69214";"-29.09747"
"6172.833";"-238.4318";"-59.90125";"-68.61621";"-299.4623";"-90.672";"-29.1037";"-238.4318";"-59.90125";"-68.61621";"-299.4623";"-90.672";"-29.1037"
"6181.175";"-238.3901";"-59.91187";"-68.61621";"-299.4623";"-90.56305";"-29.11853";"-238.3901";"-59.91187";"-68.61621";"-299.4623";"-90.56305";"-29.11853"
"6189.517";"-238.3749";"-59.89575";"-68.61621";"-299.4623";"-90.5517";"-29.12866";"-238.3749";"-59.89575";"-68.61621";"-299.4623";"-90.5517";"-29.12866"
"6197.858";"-238.3312";"-59.88226";"-68.61621";"-299.4623";"-90.56451";"-29.14679";"-238.3312";"-59.88226";"-68.61621";"-299.4623";"-90.56451";"-29.14679"
"6206.2";"-238.3165";"-59.84503";"-68.61621";"-299.4623";"-90.51947";"-29.15424";"-238.3165";"-59.84503";"-68.61621";"-299.4623";"-90.51947";"-29.15424"
"6214.542";"-238.2834";"-59.83557";"-68.61621";"-299.4623";"-90.47076";"-29.15186";"-238.2834";"-59.83557";"-68.61621";"-299.4623";"-90.47076";"-29.15186"
"6222.883";"-238.2534";"-59.83051";"-68.61621";"-299.4623";"-90.44476";"-29.1543";"-238.2534";"-59.83051";"-68.61621";"-299.4623";"-90.44476";"-29.1543"
"6231.225";"-238.2371";"-59.79401";"-68.61621";"-299.4623";"-90.4079";"-29.16705";"-238.2371";"-59.79401";"-68.61621";"-299.4623";"-90.4079";"-29.16705"
"6239.567";"-238.1943";"-59.78986";"-68.61621";"-299.4623";"-90.35071";"-29.18512";"-238.1943";"-59.78986";"-68.61621";"-299.4623";"-90.35071";"-29.18512"
"6247.908";"-238.192";"-59.77161";"-68.61621";"-299.4623";"-90.33258";"-29.17474";"-238.192";"-59.77161";"-68.61621";"-299.4623";"-90.33258";"-29.17474"
"6256.25";"-238.1758";"-59.75238";"-68.61621";"-299.4623";"-90.2937";"-29.18481";"-238.1758";"-59.75238";"-68.61621";"-299.4623";"-90.2937";"-29.18481"
"6264.592";"-238.1489";"-59.74786";"-68.61621";"-299.4623";"-90.17224";"-29.19769";"-238.1489";"-59.74786";"-68.61621";"-299.4623";"-90.17224";"-29.19769"
"6272.933";"-238.1328";"-59.71002";"-68.61621";"-299.4623";"-90.1676";"-29.22009";"-238.1328";"-59.71002";"-68.61621";"-299.4623";"-90.1676";"-29.22009"
"6281.275";"-238.1098";"-59.68823";"-68.61621";"-299.4623";"-90.14349";"-29.22302";"-238.1098";"-59.68823";"-68.61621";"-299.4623";"-90.14349";"-29.22302"
"6289.617";"-238.0992";"-59.67682";"-68.61621";"-299.4623";"-90.11682";"-29.24042";"-238.0992";"-59.67682";"-68.61621";"-299.4623";"-90.11682";"-29.24042"
"6297.958";"-238.0765";"-59.66162";"-68.61621";"-299.4623";"-90.10449";"-29.26129";"-238.0765";"-59.66162";"-68.61621";"-299.4623";"-90.10449";"-29.26129"
"6306.3";"-238.0534";"-59.64886";"-68.61621";"-299.4623";"-90.04187";"-29.30389";"-238.0534";"-59.64886";"-68.61621";"-299.4623";"-90.04187";"-29.30389"
"6314.642";"-238.0062";"-59.58148";"-68.61621";"-299.4623";"-89.987";"-29.36584";"-238.0062";"-59.58148";"-68.61621";"-299.4623";"-89.987";"-29.36584"
"6322.983";"-237.9866";"-59.56952";"-68.61621";"-299.4623";"-89.94934";"-29.36432";"-237.9866";"-59.56952";"-68.61621";"-299.4623";"-89.94934";"-29.36432"
"6331.325";"-237.9675";"-59.55243";"-68.61621";"-299.4623";"-89.95001";"-29.3656";"-237.9675";"-59.55243";"-68.61621";"-299.4623";"-89.95001";"-29.3656"
"6339.667";"-237.9471";"-59.54382";"-68.61621";"-299.4623";"-89.93616";"-29.37482";"-237.9471";"-59.54382";"-68.61621";"-299.4623";"-89.93616";"-29.37482"
"6348.008";"-237.9462";"-59.5014";"-68.61621";"-299.4623";"-89.90143";"-29.3858";"-237.9462";"-59.5014";"-68.61621";"-299.4623";"-89.90143";"-29.3858"
"6356.35";"-237.7133";"-59.49713";"-68.61621";"-299.4623";"-89.8736";"-29.38129";"-237.7133";"-59.49713";"-68.61621";"-299.4623";"-89.8736";"-29.38129"
"6364.692";"-237.6836";"-59.47083";"-68.61621";"-299.4623";"-89.70245";"-29.40448";"-237.6836";"-59.47083";"-68.61621";"-299.4623";"-89.70245";"-29.40448"
"6373.033";"-237.6504";"-59.46387";"-68.61621";"-299.4623";"-89.71851";"-29.41394";"-237.6504";"-59.46387";"-68.61621";"-299.4623";"-89.71851";"-29.41394"
"6381.375";"-237.6263";"-59.44556";"-68.61621";"-299.4623";"-89.70087";"-29.42261";"-237.6263";"-59.44556";"-68.61621";"-299.4623";"-89.70087";"-29.42261"
"6389.717";"-237.6073";"-59.45258";"-68.61621";"-299.4623";"-89.69116";"-29.43933";"-237.6073";"-59.45258";"-68.61621";"-299.4623";"-89.69116";"-29.43933"
"6398.058";"-237.5916";"-59.44037";"-68.61621";"-299.4623";"-89.6651";"-29.4491";"-237.5916";"-59.44037";"-68.61621";"-299.4623";"-89.6651";"-29.4491"
"6406.4";"-237.5558";"-59.40051";"-68.61621";"-299.4623";"-89.65179";"-29.45123";"-237.5558";"-59.40051";"-68.61621";"-299.4623";"-89.65179";"-29.45123"
"6414.742";"-237.5229";"-59.40698";"-68.61621";"-299.4623";"-89.61749";"-29.49811";"-237.5229";"-59.40698";"-68.61621";"-299.4623";"-89.61749";"-29.49811"
"6423.083";"-237.4934";"-59.25244";"-68.61621";"-299.4623";"-89.60901";"-29.49591";"-237.4934";"-59.25244";"-68.61621";"-299.4623";"-89.60901";"-29.49591"
"6431.425";"-237.5071";"-59.35748";"-68.61621";"-299.4623";"-89.60333";"-29.50549";"-237.5071";"-59.35748";"-68.61621";"-299.4623";"-89.60333";"-29.50549"
"6439.767";"-237.4454";"-59.20697";"-68.61621";"-299.4623";"-89.57074";"-29.5351";"-237.4454";"-59.20697";"-68.61621";"-299.4623";"-89.57074";"-29.5351"
"6448.108";"-237.3665";"-59.20789";"-68.61621";"-299.4623";"-89.53265";"-29.55328";"-237.3665";"-59.20789";"-68.61621";"-299.4623";"-89.53265";"-29.55328"
"6456.45";"-237.3694";"-59.19037";"-68.61621";"-299.4623";"-89.51074";"-29.56683";"-237.3694";"-59.19037";"-68.61621";"-299.4623";"-89.51074";"-29.56683"
"6464.792";"-237.3499";"-59.17139";"-68.61621";"-299.4623";"-89.45392";"-29.54791";"-237.3499";"-59.17139";"-68.61621";"-299.4623";"-89.45392";"-29.54791"
"6473.133";"-237.3334";"-59.16638";"-68.61621";"-299.4623";"-89.4209";"-29.56281";"-237.3334";"-59.16638";"-68.61621";"-299.4623";"-89.4209";"-29.56281"
"6481.475";"-237.2993";"-59.16199";"-68.61621";"-299.4623";"-89.39056";"-29.56915";"-237.2993";"-59.16199";"-68.61621";"-299.4623";"-89.39056";"-29.56915"
"6489.817";"-237.282";"-59.14667";"-68.61621";"-299.4623";"-89.35773";"-29.60449";"-237.282";"-59.14667";"-68.61621";"-299.4623";"-89.35773";"-29.60449"
"6498.158";"-237.2516";"-59.14734";"-68.61621";"-299.4623";"-89.32422";"-29.62433";"-237.2516";"-59.14734";"-68.61621";"-299.4623";"-89.32422";"-29.62433"
"6506.5";"-237.2445";"-59.14063";"-68.61621";"-299.4623";"-89.30786";"-29.61151";"-237.2445";"-59.14063";"-68.61621";"-299.4623";"-89.30786";"-29.61151"
"6514.842";"-237.1923";"-59.11108";"-68.61621";"-299.4623";"-89.1557";"-29.63116";"-237.1923";"-59.11108";"-68.61621";"-299.4623";"-89.1557";"-29.63116"
"6523.183";"-237.1687";"-59.11212";"-68.61621";"-299.4623";"-89.14856";"-29.65149";"-237.1687";"-59.11212";"-68.61621";"-299.4623";"-89.14856";"-29.65149"
"6531.525";"-237.136";"-59.10248";"-68.61621";"-299.4623";"-89.13287";"-29.65967";"-237.136";"-59.10248";"-68.61621";"-299.4623";"-89.13287";"-29.65967"
"6539.867";"-237.114";"-59.09747";"-68.61621";"-299.4623";"-89.12964";"-29.67133";"-237.114";"-59.09747";"-68.61621";"-299.4623";"-89.12964";"-29.67133"
"6548.208";"-237.1008";"-59.07928";"-68.61621";"-299.4623";"-89.12885";"-29.67218";"-237.1008";"-59.07928";"-68.61621";"-299.4623";"-89.12885";"-29.67218"
"6556.55";"-237.0981";"-59.07581";"-68.61621";"-299.4623";"-89.08331";"-29.70953";"-237.0981";"-59.07581";"-68.61621";"-299.4623";"-89.08331";"-29.70953"
"6564.892";"-237.0498";"-59.06329";"-68.61621";"-299.4623";"-89.07721";"-29.71497";"-237.0498";"-59.06329";"-68.61621";"-299.4623";"-89.07721";"-29.71497"
"6573.233";"-237.0348";"-59.0614";"-68.61621";"-299.4623";"-89.02142";"-29.75256";"-237.0348";"-59.0614";"-68.61621";"-299.4623";"-89.02142";"-29.75256"
"6581.575";"-237.0349";"-59.05139";"-68.61621";"-299.4623";"-88.91785";"-29.7428";"-237.0349";"-59.05139";"-68.61621";"-299.4623";"-88.91785";"-29.7428"
"6589.917";"-236.9951";"-59.03754";"-68.61621";"-299.4623";"-88.92047";"-29.76392";"-236.9951";"-59.03754";"-68.61621";"-299.4623";"-88.92047";"-29.76392"
"6598.258";"-236.9678";"-59.03119";"-68.61621";"-299.4623";"-88.89276";"-29.76691";"-236.9678";"-59.03119";"-68.61621";"-299.4623";"-88.89276";"-29.76691"
"6606.6";"-236.9549";"-59.01349";"-68.61621";"-299.4623";"-88.87726";"-29.78156";"-236.9549";"-59.01349";"-68.61621";"-299.4623";"-88.87726";"-29.78156"
"6614.942";"-236.8961";"-59.02124";"-68.61621";"-299.4623";"-88.83276";"-29.80798";"-236.8961";"-59.02124";"-68.61621";"-299.4623";"-88.83276";"-29.80798"
"6623.283";"-236.869";"-59.01746";"-68.61621";"-299.4623";"-88.80884";"-29.8136";"-236.869";"-59.01746";"-68.61621";"-299.4623";"-88.80884";"-29.8136"
"6631.625";"-236.8649";"-59.00586";"-68.61621";"-299.4623";"-88.79468";"-29.83185";"-236.8649";"-59.00586";"-68.61621";"-299.4623";"-88.79468";"-29.83185"
"6639.967";"-236.8461";"-58.98523";"-68.61621";"-299.4623";"-88.77051";"-29.84265";"-236.8461";"-58.98523";"-68.61621";"-299.4623";"-88.77051";"-29.84265"
"6648.308";"-236.7953";"-58.9859";"-68.61621";"-299.4623";"-88.74847";"-29.87354";"-236.7953";"-58.9859";"-68.61621";"-299.4623";"-88.74847";"-29.87354"
"6656.65";"-236.7847";"-58.98035";"-68.61621";"-299.4623";"-88.71863";"-29.87244";"-236.7847";"-58.98035";"-68.61621";"-299.4623";"-88.71863";"-29.87244"
"6664.992";"-236.7593";"-58.97296";"-68.61621";"-299.4623";"-88.70374";"-29.89154";"-236.7593";"-58.97296";"-68.61621";"-299.4623";"-88.70374";"-29.89154"
"6673.333";"-236.7563";"-58.96631";"-68.61621";"-299.4623";"-88.664";"-29.89026";"-236.7563";"-58.96631";"-68.61621";"-299.4623";"-88.664";"-29.89026"
"6681.675";"-236.736";"-58.95081";"-68.61621";"-299.4623";"-88.5282";"-29.91315";"-236.736";"-58.95081";"-68.61621";"-299.4623";"-88.5282";"-29.91315"
"6690.017";"-236.7295";"-58.94745";"-68.61621";"-299.4623";"-88.52948";"-29.91376";"-236.7295";"-58.94745";"-68.61621";"-299.4623";"-88.52948";"-29.91376"
"6698.358";"-236.7006";"-58.95392";"-68.61621";"-299.4623";"-88.53607";"-29.92145";"-236.7006";"-58.95392";"-68.61621";"-299.4623";"-88.53607";"-29.92145"
"6706.7";"-236.6783";"-58.95062";"-68.61621";"-299.4623";"-88.52722";"-29.91687";"-236.6783";"-58.95062";"-68.61621";"-299.4623";"-88.52722";"-29.91687"
"6715.042";"-236.669";"-58.92688";"-68.61621";"-299.4623";"-88.50323";"-29.92255";"-236.669";"-58.92688";"-68.61621";"-299.4623";"-88.50323";"-29.92255"
"6723.383";"-236.6354";"-58.92468";"-68.61621";"-299.4623";"-88.46893";"-29.89117";"-236.6354";"-58.92468";"-68.61621";"-299.4623";"-88.46893";"-29.89117"
"6731.725";"-236.5954";"-58.92523";"-68.61621";"-299.4623";"-88.4353";"-29.90503";"-236.5954";"-58.92523";"-68.61621";"-299.4623";"-88.4353";"-29.90503"
"6740.067";"-236.5746";"-58.92987";"-68.61621";"-299.4623";"-88.40344";"-29.92914";"-236.5746";"-58.92987";"-68.61621";"-299.4623";"-88.40344";"-29.92914"
"6748.408";"-236.4918";"-58.75677";"-68.61621";"-299.4623";"-88.38434";"-29.92444";"-236.4918";"-58.75677";"-68.61621";"-299.4623";"-88.38434";"-29.92444"
"6756.75";"-236.4835";"-58.75128";"-68.61621";"-299.4623";"-88.35706";"-29.93512";"-236.4835";"-58.75128";"-68.61621";"-299.4623";"-88.35706";"-29.93512"
"6765.092";"-236.4951";"-58.74072";"-68.61621";"-299.4623";"-88.32642";"-29.95007";"-236.4951";"-58.74072";"-68.61621";"-299.4623";"-88.32642";"-29.95007"
"6773.433";"-236.4497";"-58.75751";"-68.61621";"-299.4623";"-88.27838";"-29.9577";"-236.4497";"-58.75751";"-68.61621";"-299.4623";"-88.27838";"-29.9577"
"6781.775";"-236.4464";"-58.74927";"-68.61621";"-299.4623";"-88.23633";"-29.96997";"-236.4464";"-58.74927";"-68.61621";"-299.4623";"-88.23633";"-29.96997"
"6790.117";"-236.4217";"-58.75244";"-68.61621";"-299.4623";"-88.21454";"-29.96179";"-236.4217";"-58.75244";"-68.61621";"-299.4623";"-88.21454";"-29.96179"
"6798.458";"-236.3976";"-58.7464";"-68.61621";"-299.4623";"-88.17969";"-29.99774";"-236.3976";"-58.7464";"-68.61621";"-299.4623";"-88.17969";"-29.99774"
"6806.8";"-236.3269";"-58.7204";"-68.61621";"-299.4623";"-88.09186";"-30.03033";"-236.3269";"-58.7204";"-68.61621";"-299.4623";"-88.09186";"-30.03033"
"6815.142";"-236.3039";"-58.72046";"-68.61621";"-299.4623";"-88.08862";"-30.03107";"-236.3039";"-58.72046";"-68.61621";"-299.4623";"-88.08862";"-30.03107"
"6823.483";"-236.2982";"-58.70782";"-68.61621";"-299.4623";"-88.06744";"-30.04803";"-236.2982";"-58.70782";"-68.61621";"-299.4623";"-88.06744";"-30.04803"
"6831.825";"-236.2772";"-58.71075";"-68.61621";"-299.4623";"-88.06714";"-30.0481";"-236.2772";"-58.71075";"-68.61621";"-299.4623";"-88.06714";"-30.0481"
"6840.167";"-236.2607";"-58.70203";"-68.61621";"-299.4623";"-88.04547";"-30.0553";"-236.2607";"-58.70203";"-68.61621";"-299.4623";"-88.04547";"-30.0553"
"6848.508";"-236.2436";"-58.70819";"-68.61621";"-299.4623";"-88.00592";"-30.07904";"-236.2436";"-58.70819";"-68.61621";"-299.4623";"-88.00592";"-30.07904"
"6856.85";"-236.2152";"-58.68011";"-68.61621";"-299.4623";"-87.9671";"-30.08832";"-236.2152";"-58.68011";"-68.61621";"-299.4623";"-87.9671";"-30.08832"
"6865.192";"-236.1987";"-58.68829";"-68.61621";"-299.4623";"-87.84283";"-30.10272";"-236.1987";"-58.68829";"-68.61621";"-299.4623";"-87.84283";"-30.10272"
"6873.533";"-236.1796";"-58.6828";"-68.61621";"-299.4623";"-87.83887";"-30.10211";"-236.1796";"-58.6828";"-68.61621";"-299.4623";"-87.83887";"-30.10211"
"6881.875";"-236.0616";"-58.69006";"-68.61621";"-299.4623";"-87.84271";"-30.10931";"-236.0616";"-58.69006";"-68.61621";"-299.4623";"-87.84271";"-30.10931"
"6890.217";"-236.0607";"-58.67456";"-68.61621";"-299.4623";"-87.83643";"-30.1084";"-236.0607";"-58.67456";"-68.61621";"-299.4623";"-87.83643";"-30.1084"
"6898.558";"-236.036";"-58.67456";"-68.61621";"-299.4623";"-87.80951";"-30.11975";"-236.036";"-58.67456";"-68.61621";"-299.4623";"-87.80951";"-30.11975"
"6906.9";"-236.0243";"-58.63538";"-68.61621";"-299.4623";"-87.78156";"-30.12689";"-236.0243";"-58.63538";"-68.61621";"-299.4623";"-87.78156";"-30.12689"
"6915.242";"-236.0034";"-58.66156";"-68.61621";"-299.4623";"-87.7312";"-30.1355";"-236.0034";"-58.66156";"-68.61621";"-299.4623";"-87.7312";"-30.1355"
"6923.583";"-235.9975";"-58.65564";"-68.61621";"-299.4623";"-87.71088";"-30.14655";"-235.9975";"-58.65564";"-68.61621";"-299.4623";"-87.71088";"-30.14655"
"6931.925";"-235.986";"-58.6543";"-68.61621";"-299.4623";"-87.67975";"-30.15112";"-235.986";"-58.6543";"-68.61621";"-299.4623";"-87.67975";"-30.15112"
"6940.267";"-235.9724";"-58.63666";"-68.61621";"-299.4623";"-87.64392";"-30.15863";"-235.9724";"-58.63666";"-68.61621";"-299.4623";"-87.64392";"-30.15863"
"6948.608";"-235.9489";"-58.63043";"-68.61621";"-299.4623";"-87.61096";"-30.16046";"-235.9489";"-58.63043";"-68.61621";"-299.4623";"-87.61096";"-30.16046"
"6956.95";"-235.9206";"-58.6322";"-68.61621";"-299.4623";"-87.59656";"-30.14966";"-235.9206";"-58.6322";"-68.61621";"-299.4623";"-87.59656";"-30.14966"
"6965.292";"-235.9009";"-58.61084";"-68.61621";"-299.4623";"-87.57501";"-30.17896";"-235.9009";"-58.61084";"-68.61621";"-299.4623";"-87.57501";"-30.17896"
"6973.633";"-235.8654";"-58.60217";"-68.61621";"-299.4623";"-87.5459";"-30.16998";"-235.8654";"-58.60217";"-68.61621";"-299.4623";"-87.5459";"-30.16998"
"6981.975";"-235.8714";"-58.59833";"-68.61621";"-299.4623";"-87.51654";"-30.18298";"-235.8714";"-58.59833";"-68.61621";"-299.4623";"-87.51654";"-30.18298"
"6990.317";"-235.8204";"-58.59827";"-68.61621";"-299.4623";"-87.49744";"-30.15845";"-235.8204";"-58.59827";"-68.61621";"-299.4623";"-87.49744";"-30.15845"
"6998.658";"-235.8323";"-58.5882";"-68.61621";"-299.4623";"-87.46429";"-30.17242";"-235.8323";"-58.5882";"-68.61621";"-299.4623";"-87.46429";"-30.17242"
"7007";"-235.8245";"-58.56415";"-68.61621";"-299.4623";"-87.401";"-30.19879";"-235.8245";"-58.56415";"-68.61621";"-299.4623";"-87.401";"-30.19879"
"7015.342";"-235.7723";"-58.55945";"-68.61621";"-299.4623";"-87.3949";"-30.20984";"-235.7723";"-58.55945";"-68.61621";"-299.4623";"-87.3949";"-30.20984"
"7023.683";"-235.7549";"-58.56573";"-68.61621";"-299.4623";"-87.36182";"-30.20776";"-235.7549";"-58.56573";"-68.61621";"-299.4623";"-87.36182";"-30.20776"
"7032.025";"-235.7581";"-58.57086";"-68.61621";"-299.4623";"-87.32703";"-30.20703";"-235.7581";"-58.57086";"-68.61621";"-299.4623";"-87.32703";"-30.20703"
"7040.367";"-235.7159";"-58.58118";"-68.61621";"-299.4623";"-87.30719";"-30.21851";"-235.7159";"-58.58118";"-68.61621";"-299.4623";"-87.30719";"-30.21851"
"7048.708";"-235.3522";"-58.40527";"-68.61621";"-299.4623";"-87.27496";"-30.21979";"-235.3522";"-58.40527";"-68.61621";"-299.4623";"-87.27496";"-30.21979"
"7057.05";"-235.355";"-58.4032";"-68.61621";"-299.4623";"-87.24091";"-30.2348";"-235.355";"-58.4032";"-68.61621";"-299.4623";"-87.24091";"-30.2348"
"7065.392";"-235.3602";"-58.3999";"-68.61621";"-299.4623";"-87.11438";"-30.23492";"-235.3602";"-58.3999";"-68.61621";"-299.4623";"-87.11438";"-30.23492"
"7073.733";"-235.3471";"-58.40997";"-68.61621";"-299.4623";"-87.112";"-30.25024";"-235.3471";"-58.40997";"-68.61621";"-299.4623";"-87.112";"-30.25024"
"7082.075";"-235.3235";"-58.36298";"-68.61621";"-299.4623";"-87.0921";"-30.25116";"-235.3235";"-58.36298";"-68.61621";"-299.4623";"-87.0921";"-30.25116"
"7090.417";"-235.3046";"-58.36542";"-68.61621";"-299.4623";"-87.0827";"-30.2608";"-235.3046";"-58.36542";"-68.61621";"-299.4623";"-87.0827";"-30.2608"
"7098.758";"-235.2692";"-58.34058";"-68.61621";"-299.4623";"-87.06775";"-30.27631";"-235.2692";"-58.34058";"-68.61621";"-299.4623";"-87.06775";"-30.27631"
"7107.1";"-235.2351";"-58.36041";"-68.61621";"-299.4623";"-87.05078";"-30.27032";"-235.2351";"-58.36041";"-68.61621";"-299.4623";"-87.05078";"-30.27032"
"7115.442";"-235.2097";"-58.34949";"-68.61621";"-299.4623";"-87.01422";"-30.28705";"-235.2097";"-58.34949";"-68.61621";"-299.4623";"-87.01422";"-30.28705"
"7123.783";"-235.2033";"-58.34607";"-68.61621";"-299.4623";"-87.00586";"-30.29913";"-235.2033";"-58.34607";"-68.61621";"-299.4623";"-87.00586";"-30.29913"
"7132.125";"-235.1755";"-58.33319";"-68.61621";"-299.4623";"-86.95538";"-30.29883";"-235.1755";"-58.33319";"-68.61621";"-299.4623";"-86.95538";"-30.29883"
"7140.467";"-235.1422";"-58.34399";"-68.61621";"-299.4623";"-86.9469";"-30.30548";"-235.1422";"-58.34399";"-68.61621";"-299.4623";"-86.9469";"-30.30548"
"7148.808";"-235.1078";"-58.33569";"-68.61621";"-299.4623";"-86.91382";"-30.31152";"-235.1078";"-58.33569";"-68.61621";"-299.4623";"-86.91382";"-30.31152"
"7157.15";"-235.0717";"-58.33521";"-68.61621";"-299.4623";"-86.89148";"-30.29266";"-235.0717";"-58.33521";"-68.61621";"-299.4623";"-86.89148";"-30.29266"
"7165.492";"-235.0356";"-58.34186";"-68.61621";"-299.4623";"-86.77197";"-30.33447";"-235.0356";"-58.34186";"-68.61621";"-299.4623";"-86.77197";"-30.33447"
"7173.833";"-234.9829";"-58.35419";"-68.61621";"-299.4623";"-86.77551";"-30.33234";"-234.9829";"-58.35419";"-68.61621";"-299.4623";"-86.77551";"-30.33234"
"7182.175";"-234.9934";"-58.3324";"-68.61621";"-299.4623";"-86.76349";"-30.34259";"-234.9934";"-58.3324";"-68.61621";"-299.4623";"-86.76349";"-30.34259"
"7190.517";"-234.9634";"-58.33783";"-68.61621";"-299.4623";"-86.72803";"-30.34204";"-234.9634";"-58.33783";"-68.61621";"-299.4623";"-86.72803";"-30.34204"
"7198.858";"-234.9238";"-58.33893";"-68.61621";"-299.4623";"-86.72351";"-30.34845";"-234.9238";"-58.33893";"-68.61621";"-299.4623";"-86.72351";"-30.34845"
"7207.2";"-234.8885";"-58.3432";"-68.61621";"-299.4623";"-86.7077";"-30.34424";"-234.8885";"-58.3432";"-68.61621";"-299.4623";"-86.7077";"-30.34424"
"7215.542";"-234.8785";"-58.33282";"-68.61621";"-299.4623";"-86.64899";"-30.35834";"-234.8785";"-58.33282";"-68.61621";"-299.4623";"-86.64899";"-30.35834"
"7223.883";"-234.8607";"-58.32764";"-68.61621";"-299.4623";"-86.62585";"-30.36847";"-234.8607";"-58.32764";"-68.61621";"-299.4623";"-86.62585";"-30.36847"
"7232.225";"-234.7194";"-58.35083";"-68.61621";"-299.4623";"-86.58496";"-30.39001";"-234.7194";"-58.35083";"-68.61621";"-299.4623";"-86.58496";"-30.39001"
"7240.567";"-234.7191";"-58.35858";"-68.61621";"-299.4623";"-86.56683";"-30.38611";"-234.7191";"-58.35858";"-68.61621";"-299.4623";"-86.56683";"-30.38611"
"7248.908";"-234.7144";"-58.34918";"-68.61621";"-299.4623";"-86.54211";"-30.39685";"-234.7144";"-58.34918";"-68.61621";"-299.4623";"-86.54211";"-30.39685"
"7257.25";"-234.6926";"-58.34534";"-68.61621";"-299.4623";"-86.5108";"-30.41925";"-234.6926";"-58.34534";"-68.61621";"-299.4623";"-86.5108";"-30.41925"
"7265.592";"-234.6888";"-58.35059";"-68.61621";"-299.4623";"-86.47449";"-30.39813";"-234.6888";"-58.35059";"-68.61621";"-299.4623";"-86.47449";"-30.39813"
"7273.933";"-234.6807";"-58.35315";"-68.61621";"-299.4623";"-86.46912";"-30.40851";"-234.6807";"-58.35315";"-68.61621";"-299.4623";"-86.46912";"-30.40851"
"7282.275";"-234.6265";"-58.33484";"-68.61621";"-299.4623";"-86.43231";"-30.39648";"-234.6265";"-58.33484";"-68.61621";"-299.4623";"-86.43231";"-30.39648"
"7290.617";"-234.6136";"-58.33997";"-68.61621";"-299.4623";"-86.38971";"-30.4231";"-234.6136";"-58.33997";"-68.61621";"-299.4623";"-86.38971";"-30.4231"
"7298.958";"-234.5811";"-58.33691";"-68.61621";"-299.4623";"-86.25079";"-30.40192";"-234.5811";"-58.33691";"-68.61621";"-299.4623";"-86.25079";"-30.40192"
"7307.3";"-234.5729";"-58.33887";"-68.61621";"-299.4623";"-86.2514";"-30.40167";"-234.5729";"-58.33887";"-68.61621";"-299.4623";"-86.2514";"-30.40167"
"7315.642";"-234.4797";"-58.18604";"-68.61621";"-299.4623";"-86.2514";"-30.44019";"-234.4797";"-58.18604";"-68.61621";"-299.4623";"-86.2514";"-30.44019"
"7323.983";"-234.4846";"-58.19855";"-68.61621";"-299.4623";"-86.25244";"-30.43463";"-234.4846";"-58.19855";"-68.61621";"-299.4623";"-86.25244";"-30.43463"
"7332.325";"-234.4802";"-58.18835";"-68.61621";"-299.4623";"-86.21576";"-30.44476";"-234.4802";"-58.18835";"-68.61621";"-299.4623";"-86.21576";"-30.44476"
"7340.667";"-234.4862";"-58.18585";"-68.61621";"-299.4623";"-86.20575";"-30.43585";"-234.4862";"-58.18585";"-68.61621";"-299.4623";"-86.20575";"-30.43585"
"7349.008";"-234.4525";"-58.18127";"-68.61621";"-299.4623";"-86.16229";"-30.45697";"-234.4525";"-58.18127";"-68.61621";"-299.4623";"-86.16229";"-30.45697"
"7357.35";"-234.4284";"-58.18347";"-68.61621";"-299.4623";"-86.15063";"-30.47467";"-234.4284";"-58.18347";"-68.61621";"-299.4623";"-86.15063";"-30.47467"
"7365.692";"-234.386";"-58.1853";"-68.61621";"-299.4623";"-86.14282";"-30.46729";"-234.386";"-58.1853";"-68.61621";"-299.4623";"-86.14282";"-30.46729"
"7374.033";"-234.3699";"-58.18652";"-68.61621";"-299.4623";"-86.12372";"-30.45197";"-234.3699";"-58.18652";"-68.61621";"-299.4623";"-86.12372";"-30.45197"
"7382.375";"-234.3532";"-58.18201";"-68.61621";"-299.4623";"-86.10413";"-30.50464";"-234.3532";"-58.18201";"-68.61621";"-299.4623";"-86.10413";"-30.50464"
"7390.717";"-234.3386";"-58.17712";"-68.61621";"-299.4623";"-86.08887";"-30.50415";"-234.3386";"-58.17712";"-68.61621";"-299.4623";"-86.08887";"-30.50415"
"7399.058";"-234.3153";"-58.17224";"-68.61621";"-299.4623";"-86.04401";"-30.5097";"-234.3153";"-58.17224";"-68.61621";"-299.4623";"-86.04401";"-30.5097"
"7407.4";"-234.2982";"-58.16864";"-68.61621";"-299.4623";"-86.03912";"-30.51227";"-234.2982";"-58.16864";"-68.61621";"-299.4623";"-86.03912";"-30.51227"
"7415.742";"-234.2485";"-58.17114";"-68.61621";"-299.4623";"-85.98627";"-30.51215";"-234.2485";"-58.17114";"-68.61621";"-299.4623";"-85.98627";"-30.51215"
"7424.083";"-234.2318";"-58.1673";"-68.61621";"-299.4623";"-85.97369";"-30.53076";"-234.2318";"-58.1673";"-68.61621";"-299.4623";"-85.97369";"-30.53076"
"7432.425";"-234.2126";"-58.16614";"-68.61621";"-299.4623";"-85.95038";"-30.52429";"-234.2126";"-58.16614";"-68.61621";"-299.4623";"-85.95038";"-30.52429"
"7440.767";"-234.1751";"-58.16431";"-68.61621";"-299.4623";"-85.91205";"-30.54211";"-234.1751";"-58.16431";"-68.61621";"-299.4623";"-85.91205";"-30.54211"
"7449.108";"-234.155";"-58.14911";"-68.61621";"-299.4623";"-85.80652";"-30.54065";"-234.155";"-58.14911";"-68.61621";"-299.4623";"-85.80652";"-30.54065"
"7457.45";"-234.142";"-58.14789";"-68.61621";"-299.4623";"-85.81189";"-30.54498";"-234.142";"-58.14789";"-68.61621";"-299.4623";"-85.81189";"-30.54498"
"7465.792";"-234.1067";"-58.17761";"-68.61621";"-299.4623";"-85.79919";"-30.54083";"-234.1067";"-58.17761";"-68.61621";"-299.4623";"-85.79919";"-30.54083"
"7474.133";"-234.0934";"-58.15668";"-68.61621";"-299.4623";"-85.77972";"-30.55908";"-234.0934";"-58.15668";"-68.61621";"-299.4623";"-85.77972";"-30.55908"
"7482.475";"-233.9345";"-58.17603";"-68.61621";"-299.4623";"-85.73248";"-30.54993";"-233.9345";"-58.17603";"-68.61621";"-299.4623";"-85.73248";"-30.54993"
"7490.817";"-233.9445";"-58.16174";"-68.61621";"-299.4623";"-85.71368";"-30.56805";"-233.9445";"-58.16174";"-68.61621";"-299.4623";"-85.71368";"-30.56805"
"7499.158";"-233.925";"-58.17059";"-68.61621";"-299.4623";"-85.72272";"-30.57471";"-233.925";"-58.17059";"-68.61621";"-299.4623";"-85.72272";"-30.57471"
"7507.5";"-233.8719";"-58.15271";"-68.61621";"-299.4623";"-85.68286";"-30.58728";"-233.8719";"-58.15271";"-68.61621";"-299.4623";"-85.68286";"-30.58728"
"7515.842";"-233.8857";"-58.15967";"-68.61621";"-299.4623";"-85.64404";"-30.57581";"-233.8857";"-58.15967";"-68.61621";"-299.4623";"-85.64404";"-30.57581"
"7524.183";"-233.8741";"-58.16113";"-68.61621";"-299.4623";"-85.604";"-30.60687";"-233.8741";"-58.16113";"-68.61621";"-299.4623";"-85.604";"-30.60687"
"7532.525";"-233.8461";"-58.15045";"-68.61621";"-299.4623";"-85.51459";"-30.60522";"-233.8461";"-58.15045";"-68.61621";"-299.4623";"-85.51459";"-30.60522"
"7540.867";"-233.8223";"-58.15228";"-68.61621";"-299.4623";"-85.51569";"-30.60986";"-233.8223";"-58.15228";"-68.61621";"-299.4623";"-85.51569";"-30.60986"
"7549.208";"-233.8073";"-58.15485";"-68.61621";"-299.4623";"-85.47253";"-30.58661";"-233.8073";"-58.15485";"-68.61621";"-299.4623";"-85.47253";"-30.58661"
"7557.55";"-233.7699";"-58.15814";"-68.61621";"-299.4623";"-85.45245";"-30.59442";"-233.7699";"-58.15814";"-68.61621";"-299.4623";"-85.45245";"-30.59442"
"7565.892";"-233.7657";"-58.15704";"-68.61621";"-299.4623";"-85.43756";"-30.59998";"-233.7657";"-58.15704";"-68.61621";"-299.4623";"-85.43756";"-30.59998"
"7574.233";"-233.7573";"-58.15424";"-68.61621";"-299.4623";"-85.4176";"-30.61084";"-233.7573";"-58.15424";"-68.61621";"-299.4623";"-85.4176";"-30.61084"
"7582.575";"-233.6796";"-58.14996";"-68.61621";"-299.4623";"-85.38617";"-30.6311";"-233.6796";"-58.14996";"-68.61621";"-299.4623";"-85.38617";"-30.6311"
"7590.917";"-233.6531";"-58.146";"-68.61621";"-299.4623";"-85.36401";"-30.63434";"-233.6531";"-58.146";"-68.61621";"-299.4623";"-85.36401";"-30.63434"
"7599.258";"-233.6367";"-58.15485";"-68.61621";"-299.4623";"-85.31433";"-30.63147";"-233.6367";"-58.15485";"-68.61621";"-299.4623";"-85.31433";"-30.63147"
"7607.6";"-233.6107";"-58.14819";"-68.61621";"-299.4623";"-85.29846";"-30.63733";"-233.6107";"-58.14819";"-68.61621";"-299.4623";"-85.29846";"-30.63733"
"7615.942";"-233.5585";"-58.14441";"-68.61621";"-299.4623";"-85.2655";"-30.65387";"-233.5585";"-58.14441";"-68.61621";"-299.4623";"-85.2655";"-30.65387"
"7624.283";"-233.5534";"-58.151";"-68.61621";"-299.4623";"-85.25946";"-30.65796";"-233.5534";"-58.151";"-68.61621";"-299.4623";"-85.25946";"-30.65796"
"7632.625";"-233.5228";"-58.14972";"-68.61621";"-299.4623";"-85.25116";"-30.65826";"-233.5228";"-58.14972";"-68.61621";"-299.4623";"-85.25116";"-30.65826"
"7640.967";"-233.4871";"-58.01526";"-68.61621";"-299.4623";"-85.22473";"-30.66711";"-233.4871";"-58.01526";"-68.61621";"-299.4623";"-85.22473";"-30.66711"
"7649.308";"-233.4819";"-58.01691";"-68.61621";"-299.4623";"-85.1712";"-30.68726";"-233.4819";"-58.01691";"-68.61621";"-299.4623";"-85.1712";"-30.68726"
"7657.65";"-233.4564";"-58.00104";"-68.61621";"-299.4623";"-85.15314";"-30.68201";"-233.4564";"-58.00104";"-68.61621";"-299.4623";"-85.15314";"-30.68201"
"7665.992";"-233.4395";"-58.01819";"-68.61621";"-299.4623";"-85.12067";"-30.6864";"-233.4395";"-58.01819";"-68.61621";"-299.4623";"-85.12067";"-30.6864"
"7674.333";"-233.4431";"-58.01074";"-68.61621";"-299.4623";"-85.10938";"-30.69904";"-233.4431";"-58.01074";"-68.61621";"-299.4623";"-85.10938";"-30.69904"
"7682.675";"-233.3947";"-57.99634";"-68.61621";"-299.4623";"-85.06384";"-30.70844";"-233.3947";"-57.99634";"-68.61621";"-299.4623";"-85.06384";"-30.70844"
"7691.017";"-233.3909";"-57.99286";"-68.61621";"-299.4623";"-85.04938";"-30.71619";"-233.3909";"-57.99286";"-68.61621";"-299.4623";"-85.04938";"-30.71619"
"7699.358";"-233.3472";"-57.99207";"-68.61621";"-299.4623";"-85.03247";"-30.73114";"-233.3472";"-57.99207";"-68.61621";"-299.4623";"-85.03247";"-30.73114"
"7707.7";"-233.347";"-57.9884";"-68.61621";"-299.4623";"-85.02155";"-30.73755";"-233.347";"-57.9884";"-68.61621";"-299.4623";"-85.02155";"-30.73755"
"7716.042";"-233.3411";"-57.98914";"-68.61621";"-299.4623";"-85.01001";"-30.7403";"-233.3411";"-57.98914";"-68.61621";"-299.4623";"-85.01001";"-30.7403"
"7724.383";"-233.2927";"-57.99237";"-68.61621";"-299.4623";"-84.99408";"-30.76007";"-233.2927";"-57.99237";"-68.61621";"-299.4623";"-84.99408";"-30.76007"
"7732.725";"-233.1631";"-58.00995";"-68.61621";"-299.4623";"-84.95923";"-30.75989";"-233.1631";"-58.00995";"-68.61621";"-299.4623";"-84.95923";"-30.75989"
"7741.067";"-233.1699";"-58.01599";"-68.61621";"-299.4623";"-84.94275";"-30.76862";"-233.1699";"-58.01599";"-68.61621";"-299.4623";"-84.94275";"-30.76862"
"7749.408";"-233.1619";"-57.99579";"-68.61621";"-299.4623";"-84.90155";"-30.7851";"-233.1619";"-57.99579";"-68.61621";"-299.4623";"-84.90155";"-30.7851"
"7757.75";"-233.1594";"-58.00281";"-68.61621";"-299.4623";"-84.8656";"-30.78424";"-233.1594";"-58.00281";"-68.61621";"-299.4623";"-84.8656";"-30.78424"
"7766.092";"-233.1276";"-57.99957";"-68.61621";"-299.4623";"-84.78613";"-30.80994";"-233.1276";"-57.99957";"-68.61621";"-299.4623";"-84.78613";"-30.80994"
"7774.433";"-233.1296";"-58.00159";"-68.61621";"-299.4623";"-84.77826";"-30.80939";"-233.1296";"-58.00159";"-68.61621";"-299.4623";"-84.77826";"-30.80939"
"7782.775";"-233.1299";"-57.99121";"-68.61621";"-299.4623";"-84.77991";"-30.80933";"-233.1299";"-57.99121";"-68.61621";"-299.4623";"-84.77991";"-30.80933"
"7791.117";"-233.1074";"-57.98755";"-68.61621";"-299.4623";"-84.76154";"-30.81024";"-233.1074";"-57.98755";"-68.61621";"-299.4623";"-84.76154";"-30.81024"
"7799.458";"-233.0914";"-57.98993";"-68.61621";"-299.4623";"-84.72986";"-30.8028";"-233.0914";"-57.98993";"-68.61621";"-299.4623";"-84.72986";"-30.8028"
"7807.8";"-232.9547";"-57.99292";"-68.61621";"-299.4623";"-84.65625";"-30.82703";"-232.9547";"-57.99292";"-68.61621";"-299.4623";"-84.65625";"-30.82703"
"7816.142";"-232.9518";"-57.99115";"-68.61621";"-299.4623";"-84.6413";"-30.83228";"-232.9518";"-57.99115";"-68.61621";"-299.4623";"-84.6413";"-30.83228"
"7824.483";"-232.9575";"-57.98523";"-68.61621";"-299.4623";"-84.62354";"-30.8324";"-232.9575";"-57.98523";"-68.61621";"-299.4623";"-84.62354";"-30.8324"
"7832.825";"-232.9385";"-57.99438";"-68.61621";"-299.4623";"-84.6283";"-30.83014";"-232.9385";"-57.99438";"-68.61621";"-299.4623";"-84.6283";"-30.83014"
"7841.167";"-232.9191";"-57.98138";"-68.61621";"-299.4623";"-84.61841";"-30.83618";"-232.9191";"-57.98138";"-68.61621";"-299.4623";"-84.61841";"-30.83618"
"7849.508";"-232.8934";"-57.98932";"-68.61621";"-299.4623";"-84.57288";"-30.83746";"-232.8934";"-57.98932";"-68.61621";"-299.4623";"-84.57288";"-30.83746"
"7857.85";"-232.8593";"-57.97955";"-68.61621";"-299.4623";"-84.54669";"-30.85327";"-232.8593";"-57.97955";"-68.61621";"-299.4623";"-84.54669";"-30.85327"
"7866.192";"-232.8586";"-57.98578";"-68.61621";"-299.4623";"-84.5246";"-30.86365";"-232.8586";"-57.98578";"-68.61621";"-299.4623";"-84.5246";"-30.86365"
"7874.533";"-232.8507";"-57.9812";"-68.61621";"-299.4623";"-84.52368";"-30.86072";"-232.8507";"-57.9812";"-68.61621";"-299.4623";"-84.52368";"-30.86072"
"7882.875";"-232.8048";"-57.98309";"-68.61621";"-299.4623";"-84.48889";"-30.86566";"-232.8048";"-57.98309";"-68.61621";"-299.4623";"-84.48889";"-30.86566"
"7891.217";"-232.7634";"-57.97797";"-68.61621";"-299.4623";"-84.44995";"-30.87964";"-232.7634";"-57.97797";"-68.61621";"-299.4623";"-84.44995";"-30.87964"
"7899.558";"-232.7664";"-57.97626";"-68.61621";"-299.4623";"-84.43555";"-30.86743";"-232.7664";"-57.97626";"-68.61621";"-299.4623";"-84.43555";"-30.86743"
"7907.9";"-232.722";"-57.97394";"-68.61621";"-299.4623";"-84.40771";"-30.87097";"-232.722";"-57.97394";"-68.61621";"-299.4623";"-84.40771";"-30.87097"
"7916.242";"-232.7441";"-57.96149";"-68.61621";"-299.4623";"-84.38745";"-30.88751";"-232.7441";"-57.96149";"-68.61621";"-299.4623";"-84.38745";"-30.88751"
"7924.583";"-232.7418";"-57.96381";"-68.61621";"-299.4623";"-84.33612";"-30.8833";"-232.7418";"-57.96381";"-68.61621";"-299.4623";"-84.33612";"-30.8833"
"7932.925";"-232.7094";"-57.96698";"-68.61621";"-299.4623";"-84.315";"-30.8894";"-232.7094";"-57.96698";"-68.61621";"-299.4623";"-84.315";"-30.8894"
"7941.267";"-232.688";"-57.96436";"-68.61621";"-299.4623";"-84.30591";"-30.88831";"-232.688";"-57.96436";"-68.61621";"-299.4623";"-84.30591";"-30.88831"
"7949.608";"-232.6394";"-57.95984";"-68.61621";"-299.4623";"-84.21039";"-30.91058";"-232.6394";"-57.95984";"-68.61621";"-299.4623";"-84.21039";"-30.91058"
"7957.95";"-232.6262";"-57.9516";"-68.61621";"-299.4623";"-84.19879";"-30.91876";"-232.6262";"-57.9516";"-68.61621";"-299.4623";"-84.19879";"-30.91876"
"7966.292";"-232.5974";"-57.94934";"-68.61621";"-299.4623";"-84.19397";"-30.92548";"-232.5974";"-57.94934";"-68.61621";"-299.4623";"-84.19397";"-30.92548"
"7974.633";"-232.5557";"-57.9563";"-68.61621";"-299.4623";"-84.16962";"-30.92419";"-232.5557";"-57.9563";"-68.61621";"-299.4623";"-84.16962";"-30.92419"
"7982.975";"-232.4975";"-57.79718";"-68.61621";"-299.4623";"-84.14667";"-30.93976";"-232.4975";"-57.79718";"-68.61621";"-299.4623";"-84.14667";"-30.93976"
"7991.317";"-232.4706";"-57.81268";"-68.61621";"-299.4623";"-84.13379";"-30.93896";"-232.4706";"-57.81268";"-68.61621";"-299.4623";"-84.13379";"-30.93896"
"7999.658";"-232.4658";"-57.79932";"-68.61621";"-299.4623";"-84.1004";"-30.93585";"-232.4658";"-57.79932";"-68.61621";"-299.4623";"-84.1004";"-30.93585"
"8008";"-232.4474";"-57.79822";"-68.61621";"-299.4623";"-84.07355";"-30.9516";"-232.4474";"-57.79822";"-68.61621";"-299.4623";"-84.07355";"-30.9516"
"8016.342";"-232.4073";"-57.78821";"-68.61621";"-299.4623";"-84.06458";"-30.96606";"-232.4073";"-57.78821";"-68.61621";"-299.4623";"-84.06458";"-30.96606"
"8024.683";"-232.4166";"-57.77655";"-68.61621";"-299.4623";"-84.05273";"-30.97131";"-232.4166";"-57.77655";"-68.61621";"-299.4623";"-84.05273";"-30.97131"
"8033.025";"-232.3523";"-57.78906";"-68.61621";"-299.4623";"-84.02258";"-30.98395";"-232.3523";"-57.78906";"-68.61621";"-299.4623";"-84.02258";"-30.98395"
"8041.367";"-232.3615";"-57.79004";"-68.61621";"-299.4623";"-84.00983";"-30.98706";"-232.3615";"-57.79004";"-68.61621";"-299.4623";"-84.00983";"-30.98706"
"8049.708";"-232.3228";"-57.77252";"-68.61621";"-299.4623";"-83.97168";"-31.0022";"-232.3228";"-57.77252";"-68.61621";"-299.4623";"-83.97168";"-31.0022"
"8058.05";"-232.3145";"-57.77136";"-68.61621";"-299.4623";"-83.93921";"-31.01105";"-232.3145";"-57.77136";"-68.61621";"-299.4623";"-83.93921";"-31.01105"
"8066.392";"-232.2921";"-57.75922";"-68.61621";"-299.4623";"-83.90131";"-31.01196";"-232.2921";"-57.75922";"-68.61621";"-299.4623";"-83.90131";"-31.01196"
"8074.733";"-232.2594";"-57.77075";"-68.61621";"-299.4623";"-83.88776";"-31.01385";"-232.2594";"-57.77075";"-68.61621";"-299.4623";"-83.88776";"-31.01385"
"8083.075";"-232.2498";"-57.7666";"-68.61621";"-299.4623";"-83.87836";"-31.02771";"-232.2498";"-57.7666";"-68.61621";"-299.4623";"-83.87836";"-31.02771"
"8091.417";"-232.2361";"-57.75623";"-68.61621";"-299.4623";"-83.84338";"-31.04541";"-232.2361";"-57.75623";"-68.61621";"-299.4623";"-83.84338";"-31.04541"
"8099.758";"-232.1957";"-57.74731";"-68.61621";"-299.4623";"-83.83325";"-31.05353";"-232.1957";"-57.74731";"-68.61621";"-299.4623";"-83.83325";"-31.05353"
"8108.1";"-232.1875";"-57.74762";"-68.61621";"-299.4623";"-83.80267";"-31.05914";"-232.1875";"-57.74762";"-68.61621";"-299.4623";"-83.80267";"-31.05914"
"8116.442";"-232.1813";"-57.73907";"-68.61621";"-299.4623";"-83.76318";"-31.07166";"-232.1813";"-57.73907";"-68.61621";"-299.4623";"-83.76318";"-31.07166"
"8124.783";"-232.1526";"-57.74011";"-68.61621";"-299.4623";"-83.74884";"-31.07336";"-232.1526";"-57.74011";"-68.61621";"-299.4623";"-83.74884";"-31.07336"
"8133.125";"-232.1507";"-57.73065";"-68.61621";"-299.4623";"-83.72101";"-31.08337";"-232.1507";"-57.73065";"-68.61621";"-299.4623";"-83.72101";"-31.08337"
"8141.467";"-232.1297";"-57.72595";"-68.61621";"-299.4623";"-83.71088";"-31.07568";"-232.1297";"-57.72595";"-68.61621";"-299.4623";"-83.71088";"-31.07568"
"8149.808";"-232.1238";"-57.71539";"-68.61621";"-299.4623";"-83.68628";"-31.10095";"-232.1238";"-57.71539";"-68.61621";"-299.4623";"-83.68628";"-31.10095"
"8158.15";"-232.1118";"-57.7157";"-68.61621";"-299.4623";"-83.66675";"-31.09637";"-232.1118";"-57.7157";"-68.61621";"-299.4623";"-83.66675";"-31.09637"
"8166.492";"-232.0825";"-57.70557";"-68.61621";"-299.4623";"-83.63672";"-31.11749";"-232.0825";"-57.70557";"-68.61621";"-299.4623";"-83.63672";"-31.11749"
"8174.833";"-232.0602";"-57.69843";"-68.61621";"-299.4623";"-83.62823";"-31.13068";"-232.0602";"-57.69843";"-68.61621";"-299.4623";"-83.62823";"-31.13068"
"8183.175";"-232.0404";"-57.69775";"-68.61621";"-299.4623";"-83.57025";"-31.13055";"-232.0404";"-57.69775";"-68.61621";"-299.4623";"-83.57025";"-31.13055"
"8191.517";"-232.0243";"-57.68506";"-68.61621";"-299.4623";"-83.55371";"-31.13275";"-232.0243";"-57.68506";"-68.61621";"-299.4623";"-83.55371";"-31.13275"
"8199.858";"-231.8768";"-57.70624";"-68.61621";"-299.4623";"-83.5246";"-31.14899";"-231.8768";"-57.70624";"-68.61621";"-299.4623";"-83.5246";"-31.14899"
"8208.2";"-231.8898";"-57.70935";"-68.61621";"-299.4623";"-83.50458";"-31.15454";"-231.8898";"-57.70935";"-68.61621";"-299.4623";"-83.50458";"-31.15454"
"8216.542";"-231.877";"-57.7074";"-68.61621";"-299.4623";"-83.47034";"-31.14154";"-231.877";"-57.7074";"-68.61621";"-299.4623";"-83.47034";"-31.14154"
"8224.884";"-231.8714";"-57.70135";"-68.61621";"-299.4623";"-83.47034";"-31.15125";"-231.8714";"-57.70135";"-68.61621";"-299.4623";"-83.47034";"-31.15125"
"8233.225";"-231.8608";"-57.69397";"-68.61621";"-299.4623";"-83.40289";"-31.15845";"-231.8608";"-57.69397";"-68.61621";"-299.4623";"-83.40289";"-31.15845"
"8241.566";"-231.8535";"-57.69666";"-68.61621";"-299.4623";"-83.39856";"-31.16644";"-231.8535";"-57.69666";"-68.61621";"-299.4623";"-83.39856";"-31.16644"
"8249.908";"-231.8505";"-57.68756";"-68.61621";"-299.4623";"-83.36749";"-31.16437";"-231.8505";"-57.68756";"-68.61621";"-299.4623";"-83.36749";"-31.16437"
"8258.25";"-231.8393";"-57.68378";"-68.61621";"-299.4623";"-83.35254";"-31.18219";"-231.8393";"-57.68378";"-68.61621";"-299.4623";"-83.35254";"-31.18219"
"8266.592";"-231.827";"-57.69183";"-68.61621";"-299.4623";"-83.34271";"-31.18475";"-231.827";"-57.69183";"-68.61621";"-299.4623";"-83.34271";"-31.18475"
"8274.934";"-231.8384";"-57.67145";"-68.61621";"-299.4623";"-83.32312";"-31.19147";"-231.8384";"-57.67145";"-68.61621";"-299.4623";"-83.32312";"-31.19147"
"8283.275";"-231.8097";"-57.69244";"-68.61621";"-299.4623";"-83.27826";"-31.20575";"-231.8097";"-57.69244";"-68.61621";"-299.4623";"-83.27826";"-31.20575"
"8291.616";"-231.7949";"-57.66119";"-68.61621";"-299.4623";"-83.26697";"-31.21088";"-231.7949";"-57.66119";"-68.61621";"-299.4623";"-83.26697";"-31.21088"
"8299.958";"-231.7778";"-57.63892";"-68.61621";"-299.4623";"-83.17639";"-31.23328";"-231.7778";"-57.63892";"-68.61621";"-299.4623";"-83.17639";"-31.23328"
"8308.3";"-231.7766";"-57.64484";"-68.61621";"-299.4623";"-83.16638";"-31.26129";"-231.7766";"-57.64484";"-68.61621";"-299.4623";"-83.16638";"-31.26129"
"8316.642";"-231.698";"-57.60779";"-68.61621";"-299.4623";"-83.15198";"-31.27924";"-231.698";"-57.60779";"-68.61621";"-299.4623";"-83.15198";"-31.27924"
"8324.983";"-231.6985";"-57.61523";"-68.61621";"-299.4623";"-83.16217";"-31.28436";"-231.6985";"-57.61523";"-68.61621";"-299.4623";"-83.16217";"-31.28436"
"8333.325";"-231.6758";"-57.60895";"-68.61621";"-299.4623";"-83.11249";"-31.29584";"-231.6758";"-57.60895";"-68.61621";"-299.4623";"-83.11249";"-31.29584"
"8341.667";"-231.6766";"-57.58972";"-68.61621";"-299.4623";"-83.09113";"-31.29932";"-231.6766";"-57.58972";"-68.61621";"-299.4623";"-83.09113";"-31.29932"
"8350.009";"-231.3627";"-57.41107";"-68.61621";"-299.4623";"-83.0683";"-31.31104";"-231.3627";"-57.41107";"-68.61621";"-299.4623";"-83.0683";"-31.31104"
"8358.35";"-231.3486";"-57.39532";"-68.61621";"-299.4623";"-83.04517";"-31.31604";"-231.3486";"-57.39532";"-68.61621";"-299.4623";"-83.04517";"-31.31604"
"8366.691";"-231.3221";"-57.38263";"-68.61621";"-299.4623";"-83.0127";"-31.3468";"-231.3221";"-57.38263";"-68.61621";"-299.4623";"-83.0127";"-31.3468"
"8375.033";"-231.3148";"-57.37305";"-68.61621";"-299.4623";"-83.00378";"-31.34491";"-231.3148";"-57.37305";"-68.61621";"-299.4623";"-83.00378";"-31.34491"
"8383.375";"-231.2931";"-57.3725";"-68.61621";"-299.4623";"-82.97998";"-31.3573";"-231.2931";"-57.3725";"-68.61621";"-299.4623";"-82.97998";"-31.3573"
"8391.717";"-231.284";"-57.36273";"-68.61621";"-299.4623";"-82.96912";"-31.36176";"-231.284";"-57.36273";"-68.61621";"-299.4623";"-82.96912";"-31.36176"
"8400.059";"-231.2615";"-57.35156";"-68.61621";"-299.4623";"-82.88727";"-31.39014";"-231.2615";"-57.35156";"-68.61621";"-299.4623";"-82.88727";"-31.39014"
"8408.4";"-231.249";"-57.32568";"-68.61621";"-299.4623";"-82.86615";"-31.39484";"-231.249";"-57.32568";"-68.61621";"-299.4623";"-82.86615";"-31.39484"
"8416.741";"-231.2195";"-57.32733";"-68.61621";"-299.4623";"-82.86353";"-31.4082";"-231.2195";"-57.32733";"-68.61621";"-299.4623";"-82.86353";"-31.4082"
"8425.083";"-231.2048";"-57.33533";"-68.61621";"-299.4623";"-82.86774";"-31.40698";"-231.2048";"-57.33533";"-68.61621";"-299.4623";"-82.86774";"-31.40698"
"8433.425";"-231.1664";"-57.31097";"-68.61621";"-299.4623";"-82.82593";"-31.41766";"-231.1664";"-57.31097";"-68.61621";"-299.4623";"-82.82593";"-31.41766"
"8441.767";"-231.1373";"-57.30658";"-68.61621";"-299.4623";"-82.81458";"-31.43097";"-231.1373";"-57.30658";"-68.61621";"-299.4623";"-82.81458";"-31.43097"
"8450.108";"-231.1484";"-57.30457";"-68.61621";"-299.4623";"-82.76831";"-31.45605";"-231.1484";"-57.30457";"-68.61621";"-299.4623";"-82.76831";"-31.45605"
"8458.45";"-231.1318";"-57.29456";"-68.61621";"-299.4623";"-82.75952";"-31.45282";"-231.1318";"-57.29456";"-68.61621";"-299.4623";"-82.75952";"-31.45282"
"8466.792";"-231.1319";"-57.28046";"-68.61621";"-299.4623";"-82.72955";"-31.47943";"-231.1319";"-57.28046";"-68.61621";"-299.4623";"-82.72955";"-31.47943"
"8475.134";"-231.1208";"-57.26776";"-68.61621";"-299.4623";"-82.7439";"-31.50378";"-231.1208";"-57.26776";"-68.61621";"-299.4623";"-82.7439";"-31.50378"
"8483.475";"-231.0929";"-57.26343";"-68.61621";"-299.4623";"-82.71301";"-31.5108";"-231.0929";"-57.26343";"-68.61621";"-299.4623";"-82.71301";"-31.5108"
"8491.816";"-231.0845";"-57.26276";"-68.61621";"-299.4623";"-82.69122";"-31.52765";"-231.0845";"-57.26276";"-68.61621";"-299.4623";"-82.69122";"-31.52765"
"8500.158";"-231.0635";"-57.25287";"-68.61621";"-299.4623";"-82.65863";"-31.52618";"-231.0635";"-57.25287";"-68.61621";"-299.4623";"-82.65863";"-31.52618"
"8508.5";"-231.0441";"-57.24158";"-68.61621";"-299.4623";"-82.64862";"-31.55957";"-231.0441";"-57.24158";"-68.61621";"-299.4623";"-82.64862";"-31.55957"
"8516.842";"-231.0312";"-57.24066";"-68.61621";"-299.4623";"-82.59924";"-31.56635";"-231.0312";"-57.24066";"-68.61621";"-299.4623";"-82.59924";"-31.56635"
"8525.184";"-231.0142";"-57.23352";"-68.61621";"-299.4623";"-82.59692";"-31.56244";"-231.0142";"-57.23352";"-68.61621";"-299.4623";"-82.59692";"-31.56244"
"8533.525";"-230.978";"-57.22638";"-68.61621";"-299.4623";"-82.55493";"-31.60284";"-230.978";"-57.22638";"-68.61621";"-299.4623";"-82.55493";"-31.60284"
"8541.866";"-230.9689";"-57.22375";"-68.61621";"-299.4623";"-82.54987";"-31.62012";"-230.9689";"-57.22375";"-68.61621";"-299.4623";"-82.54987";"-31.62012"
"8550.208";"-230.9423";"-57.22614";"-68.61621";"-299.4623";"-82.50684";"-31.60822";"-230.9423";"-57.22614";"-68.61621";"-299.4623";"-82.50684";"-31.60822"
"8558.55";"-230.9263";"-57.21655";"-68.61621";"-299.4623";"-82.48047";"-31.59888";"-230.9263";"-57.21655";"-68.61621";"-299.4623";"-82.48047";"-31.59888"
"8566.892";"-230.9246";"-57.22137";"-68.61621";"-299.4623";"-82.46039";"-31.625";"-230.9246";"-57.22137";"-68.61621";"-299.4623";"-82.46039";"-31.625"
"8575.233";"-230.9084";"-57.20416";"-68.61621";"-299.4623";"-82.45282";"-31.64587";"-230.9084";"-57.20416";"-68.61621";"-299.4623";"-82.45282";"-31.64587"
"8583.575";"-230.879";"-57.20184";"-68.61621";"-299.4623";"-82.39001";"-31.66949";"-230.879";"-57.20184";"-68.61621";"-299.4623";"-82.39001";"-31.66949"
"8591.917";"-230.8692";"-57.18994";"-68.61621";"-299.4623";"-82.38733";"-31.66467";"-230.8692";"-57.18994";"-68.61621";"-299.4623";"-82.38733";"-31.66467"
"8600.259";"-230.8762";"-57.17694";"-68.61621";"-299.4623";"-82.33234";"-31.68738";"-230.8762";"-57.17694";"-68.61621";"-299.4623";"-82.33234";"-31.68738"
"8608.6";"-230.856";"-57.16669";"-68.61621";"-299.4623";"-82.31458";"-31.67804";"-230.856";"-57.16669";"-68.61621";"-299.4623";"-82.31458";"-31.67804"
"8616.941";"-230.8475";"-57.16486";"-68.61621";"-299.4623";"-82.28998";"-31.68921";"-230.8475";"-57.16486";"-68.61621";"-299.4623";"-82.28998";"-31.68921"
"8625.283";"-230.8135";"-57.15198";"-68.61621";"-299.4623";"-82.26947";"-31.70325";"-230.8135";"-57.15198";"-68.61621";"-299.4623";"-82.26947";"-31.70325"
"8633.625";"-230.7693";"-57.15344";"-68.61621";"-299.4623";"-82.25586";"-31.72168";"-230.7693";"-57.15344";"-68.61621";"-299.4623";"-82.25586";"-31.72168"
"8641.967";"-230.7513";"-57.15143";"-68.61621";"-299.4623";"-82.24817";"-31.73712";"-230.7513";"-57.15143";"-68.61621";"-299.4623";"-82.24817";"-31.73712"
"8650.309";"-230.7391";"-57.13025";"-68.61621";"-299.4623";"-82.20435";"-31.74817";"-230.7391";"-57.13025";"-68.61621";"-299.4623";"-82.20435";"-31.74817"
"8658.65";"-230.7362";"-57.13031";"-68.61621";"-299.4623";"-82.18939";"-31.75421";"-230.7362";"-57.13031";"-68.61621";"-299.4623";"-82.18939";"-31.75421"
"8666.991";"-230.7089";"-57.11145";"-68.61621";"-299.4623";"-82.17651";"-31.75024";"-230.7089";"-57.11145";"-68.61621";"-299.4623";"-82.17651";"-31.75024"
"8675.333";"-230.7008";"-57.11066";"-68.61621";"-299.4623";"-82.15234";"-31.78125";"-230.7008";"-57.11066";"-68.61621";"-299.4623";"-82.15234";"-31.78125"
"8683.675";"-230.6982";"-57.10718";"-68.61621";"-299.4623";"-82.13989";"-31.7923";"-230.6982";"-57.10718";"-68.61621";"-299.4623";"-82.13989";"-31.7923"
"8692.017";"-230.6694";"-57.09851";"-68.61621";"-299.4623";"-82.11682";"-31.80609";"-230.6694";"-57.09851";"-68.61621";"-299.4623";"-82.11682";"-31.80609"
"8700.358";"-230.6333";"-57.07184";"-68.61621";"-299.4623";"-82.0769";"-31.80994";"-230.6333";"-57.07184";"-68.61621";"-299.4623";"-82.0769";"-31.80994"
"8708.7";"-230.6207";"-57.07135";"-68.61621";"-299.4623";"-82.07123";"-31.80811";"-230.6207";"-57.07135";"-68.61621";"-299.4623";"-82.07123";"-31.80811"
"8717.042";"-230.5161";"-57.0874";"-68.61621";"-299.4623";"-82.05402";"-31.83228";"-230.5161";"-57.0874";"-68.61621";"-299.4623";"-82.05402";"-31.83228"
"8725.384";"-230.5237";"-57.08429";"-68.61621";"-299.4623";"-82.0238";"-31.8363";"-230.5237";"-57.08429";"-68.61621";"-299.4623";"-82.0238";"-31.8363"
"8733.725";"-230.5356";"-57.0744";"-68.61621";"-299.4623";"-81.96405";"-31.86389";"-230.5356";"-57.0744";"-68.61621";"-299.4623";"-81.96405";"-31.86389"
"8742.066";"-230.5271";"-57.07416";"-68.61621";"-299.4623";"-81.96271";"-31.86005";"-230.5271";"-57.07416";"-68.61621";"-299.4623";"-81.96271";"-31.86005"
"8750.408";"-230.4887";"-56.909";"-68.61621";"-299.4623";"-81.94879";"-31.87439";"-230.4887";"-56.909";"-68.61621";"-299.4623";"-81.94879";"-31.87439"
"8758.75";"-230.4918";"-56.89941";"-68.61621";"-299.4623";"-81.92987";"-31.87946";"-230.4918";"-56.89941";"-68.61621";"-299.4623";"-81.92987";"-31.87946"
"8767.092";"-230.4855";"-56.88635";"-68.61621";"-299.4623";"-81.90649";"-31.9082";"-230.4855";"-56.88635";"-68.61621";"-299.4623";"-81.90649";"-31.9082"
"8775.434";"-230.4763";"-56.86475";"-68.61621";"-299.4623";"-81.87921";"-31.91052";"-230.4763";"-56.86475";"-68.61621";"-299.4623";"-81.87921";"-31.91052"
"8783.775";"-230.4199";"-56.85754";"-68.61621";"-299.4623";"-81.85327";"-31.91675";"-230.4199";"-56.85754";"-68.61621";"-299.4623";"-81.85327";"-31.91675"
"8792.116";"-230.4213";"-56.85992";"-68.61621";"-299.4623";"-81.84686";"-31.92993";"-230.4213";"-56.85992";"-68.61621";"-299.4623";"-81.84686";"-31.92993"
"8800.458";"-230.4106";"-56.84052";"-68.61621";"-299.4623";"-81.82031";"-31.9447";"-230.4106";"-56.84052";"-68.61621";"-299.4623";"-81.82031";"-31.9447"
"8808.8";"-230.3459";"-56.82434";"-68.61621";"-299.4623";"-81.74725";"-31.95593";"-230.3459";"-56.82434";"-68.61621";"-299.4623";"-81.74725";"-31.95593"
"8817.142";"-230.3271";"-56.81885";"-68.61621";"-299.4623";"-81.74683";"-31.95636";"-230.3271";"-56.81885";"-68.61621";"-299.4623";"-81.74683";"-31.95636"
"8825.483";"-230.3352";"-56.81909";"-68.61621";"-299.4623";"-81.72809";"-31.96136";"-230.3352";"-56.81909";"-68.61621";"-299.4623";"-81.72809";"-31.96136"
"8833.825";"-230.337";"-56.79724";"-68.61621";"-299.4623";"-81.7132";"-31.97369";"-230.337";"-56.79724";"-68.61621";"-299.4623";"-81.7132";"-31.97369"
"8842.167";"-230.3382";"-56.79791";"-68.61621";"-299.4623";"-81.70575";"-31.98059";"-230.3382";"-56.79791";"-68.61621";"-299.4623";"-81.70575";"-31.98059"
"8850.509";"-230.3438";"-56.77649";"-68.61621";"-299.4623";"-81.67468";"-31.98004";"-230.3438";"-56.77649";"-68.61621";"-299.4623";"-81.67468";"-31.98004"
"8858.85";"-230.3303";"-56.76758";"-68.61621";"-299.4623";"-81.66449";"-31.98828";"-230.3303";"-56.76758";"-68.61621";"-299.4623";"-81.66449";"-31.98828"
"8867.191";"-230.3017";"-56.76569";"-68.61621";"-299.4623";"-81.64722";"-31.99487";"-230.3017";"-56.76569";"-68.61621";"-299.4623";"-81.64722";"-31.99487"
"8875.533";"-230.3016";"-56.77905";"-68.61621";"-299.4623";"-81.64093";"-31.99915";"-230.3016";"-56.77905";"-68.61621";"-299.4623";"-81.64093";"-31.99915"
"8883.875";"-230.2664";"-56.74878";"-68.61621";"-299.4623";"-81.62567";"-32.00934";"-230.2664";"-56.74878";"-68.61621";"-299.4623";"-81.62567";"-32.00934"
"8892.217";"-230.2626";"-56.75201";"-68.61621";"-299.4623";"-81.60382";"-32.01813";"-230.2626";"-56.75201";"-68.61621";"-299.4623";"-81.60382";"-32.01813"
"8900.559";"-230.2584";"-56.74908";"-68.61621";"-299.4623";"-81.56494";"-32.02734";"-230.2584";"-56.74908";"-68.61621";"-299.4623";"-81.56494";"-32.02734"
"8908.9";"-230.2347";"-56.745";"-68.61621";"-299.4623";"-81.55103";"-32.03851";"-230.2347";"-56.745";"-68.61621";"-299.4623";"-81.55103";"-32.03851"
"8917.241";"-230.229";"-56.72272";"-68.61621";"-299.4623";"-81.51001";"-32.06256";"-230.229";"-56.72272";"-68.61621";"-299.4623";"-81.51001";"-32.06256"
"8925.583";"-230.2072";"-56.71307";"-68.61621";"-299.4623";"-81.48474";"-32.05872";"-230.2072";"-56.71307";"-68.61621";"-299.4623";"-81.48474";"-32.05872"
"8933.925";"-230.1743";"-56.7124";"-68.61621";"-299.4623";"-81.44611";"-32.04816";"-230.1743";"-56.7124";"-68.61621";"-299.4623";"-81.44611";"-32.04816"
"8942.267";"-230.1774";"-56.69165";"-68.61621";"-299.4623";"-81.42291";"-32.07336";"-230.1774";"-56.69165";"-68.61621";"-299.4623";"-81.42291";"-32.07336"
"8950.608";"-230.1669";"-56.69025";"-68.61621";"-299.4623";"-81.38928";"-32.08246";"-230.1669";"-56.69025";"-68.61621";"-299.4623";"-81.38928";"-32.08246"
"8958.95";"-230.1594";"-56.66986";"-68.61621";"-299.4623";"-81.36108";"-32.09314";"-230.1594";"-56.66986";"-68.61621";"-299.4623";"-81.36108";"-32.09314"
"8967.292";"-230.1285";"-56.6814";"-68.61621";"-299.4623";"-81.32312";"-32.08911";"-230.1285";"-56.6814";"-68.61621";"-299.4623";"-81.32312";"-32.08911"
"8975.634";"-230.1039";"-56.64923";"-68.61621";"-299.4623";"-81.3042";"-32.10217";"-230.1039";"-56.64923";"-68.61621";"-299.4623";"-81.3042";"-32.10217"
"8983.975";"-230.048";"-56.68091";"-68.61621";"-299.4623";"-81.2829";"-32.13434";"-230.048";"-56.68091";"-68.61621";"-299.4623";"-81.2829";"-32.13434"
"8992.316";"-230.0393";"-56.67041";"-68.61621";"-299.4623";"-81.26758";"-32.13959";"-230.0393";"-56.67041";"-68.61621";"-299.4623";"-81.26758";"-32.13959"
"9000.658";"-230.0225";"-56.65186";"-68.61621";"-299.4623";"-81.22723";"-32.15173";"-230.0225";"-56.65186";"-68.61621";"-299.4623";"-81.22723";"-32.15173"
"9009";"-230.004";"-56.65424";"-68.61621";"-299.4623";"-81.21948";"-32.15015";"-230.004";"-56.65424";"-68.61621";"-299.4623";"-81.21948";"-32.15015"
"9017.342";"-229.9946";"-56.60779";"-68.61621";"-299.4623";"-81.16425";"-32.16345";"-229.9946";"-56.60779";"-68.61621";"-299.4623";"-81.16425";"-32.16345"
"9025.684";"-229.9897";"-56.60114";"-68.61621";"-299.4623";"-81.15137";"-32.16071";"-229.9897";"-56.60114";"-68.61621";"-299.4623";"-81.15137";"-32.16071"
"9034.025";"-229.9751";"-56.56274";"-68.61621";"-299.4623";"-81.11908";"-32.20093";"-229.9751";"-56.56274";"-68.61621";"-299.4623";"-81.11908";"-32.20093"
"9042.366";"-229.9658";"-56.54919";"-68.61621";"-299.4623";"-81.09637";"-32.21075";"-229.9658";"-56.54919";"-68.61621";"-299.4623";"-81.09637";"-32.21075"
"9050.708";"-229.9254";"-56.5517";"-68.61621";"-299.4623";"-81.05908";"-32.23663";"-229.9254";"-56.5517";"-68.61621";"-299.4623";"-81.05908";"-32.23663"
"9059.05";"-229.9054";"-56.56366";"-68.61621";"-299.4623";"-81.05017";"-32.23334";"-229.9054";"-56.56366";"-68.61621";"-299.4623";"-81.05017";"-32.23334"
"9067.392";"-229.9026";"-56.53961";"-68.61621";"-299.4623";"-80.9967";"-32.24951";"-229.9026";"-56.53961";"-68.61621";"-299.4623";"-80.9967";"-32.24951"
"9075.733";"-229.865";"-56.53223";"-68.61621";"-299.4623";"-80.98462";"-32.25641";"-229.865";"-56.53223";"-68.61621";"-299.4623";"-80.98462";"-32.25641"
"9084.075";"-229.8592";"-56.50079";"-68.61621";"-299.4623";"-80.95966";"-32.25824";"-229.8592";"-56.50079";"-68.61621";"-299.4623";"-80.95966";"-32.25824"
"9092.417";"-229.8627";"-56.50165";"-68.61621";"-299.4623";"-80.92932";"-32.27228";"-229.8627";"-56.50165";"-68.61621";"-299.4623";"-80.92932";"-32.27228"
"9100.759";"-229.613";"-56.48743";"-68.61621";"-299.4623";"-80.91528";"-32.29602";"-229.613";"-56.48743";"-68.61621";"-299.4623";"-80.91528";"-32.29602"
"9109.1";"-229.5838";"-56.453";"-68.61621";"-299.4623";"-80.88361";"-32.29712";"-229.5838";"-56.453";"-68.61621";"-299.4623";"-80.88361";"-32.29712"
"9117.441";"-229.5861";"-56.47858";"-68.61621";"-299.4623";"-80.83459";"-32.31555";"-229.5861";"-56.47858";"-68.61621";"-299.4623";"-80.83459";"-32.31555"
"9125.783";"-229.5459";"-56.45575";"-68.61621";"-299.4623";"-80.80627";"-32.31982";"-229.5459";"-56.45575";"-68.61621";"-299.4623";"-80.80627";"-32.31982"
"9134.125";"-229.5325";"-56.4411";"-68.61621";"-299.4623";"-80.79907";"-32.34296";"-229.5325";"-56.4411";"-68.61621";"-299.4623";"-80.79907";"-32.34296"
"9142.467";"-229.5208";"-56.44098";"-68.61621";"-299.4623";"-80.78741";"-32.36212";"-229.5208";"-56.44098";"-68.61621";"-299.4623";"-80.78741";"-32.36212"
"9150.809";"-229.4568";"-56.25586";"-68.61621";"-299.4623";"-80.72955";"-32.38409";"-229.4568";"-56.25586";"-68.61621";"-299.4623";"-80.72955";"-32.38409"
"9159.15";"-229.4101";"-56.26123";"-68.61621";"-299.4623";"-80.71259";"-32.38916";"-229.4101";"-56.26123";"-68.61621";"-299.4623";"-80.71259";"-32.38916"
"9167.491";"-229.4407";"-56.2522";"-68.61621";"-299.4623";"-80.71112";"-32.38928";"-229.4407";"-56.2522";"-68.61621";"-299.4623";"-80.71112";"-32.38928"
"9175.833";"-229.4063";"-56.24243";"-68.61621";"-299.4623";"-80.69226";"-32.39044";"-229.4063";"-56.24243";"-68.61621";"-299.4623";"-80.69226";"-32.39044"
"9184.175";"-229.4177";"-56.25421";"-68.61621";"-299.4623";"-80.65131";"-32.40332";"-229.4177";"-56.25421";"-68.61621";"-299.4623";"-80.65131";"-32.40332"
"9192.517";"-229.384";"-56.21448";"-68.61621";"-299.4623";"-80.60822";"-32.40216";"-229.384";"-56.21448";"-68.61621";"-299.4623";"-80.60822";"-32.40216"
"9200.858";"-229.3773";"-56.23035";"-68.61621";"-299.4623";"-80.59192";"-32.44293";"-229.3773";"-56.23035";"-68.61621";"-299.4623";"-80.59192";"-32.44293"
"9209.2";"-229.3617";"-56.22308";"-68.61621";"-299.4623";"-80.56683";"-32.44684";"-229.3617";"-56.22308";"-68.61621";"-299.4623";"-80.56683";"-32.44684"
"9217.542";"-229.3115";"-56.22705";"-68.61621";"-299.4623";"-80.51447";"-32.45868";"-229.3115";"-56.22705";"-68.61621";"-299.4623";"-80.51447";"-32.45868"
"9225.884";"-229.2775";"-56.18762";"-68.61621";"-299.4623";"-80.51331";"-32.4635";"-229.2775";"-56.18762";"-68.61621";"-299.4623";"-80.51331";"-32.4635"
"9234.225";"-229.2571";"-56.20056";"-68.61621";"-299.4623";"-80.48779";"-32.4668";"-229.2571";"-56.20056";"-68.61621";"-299.4623";"-80.48779";"-32.4668"
"9242.566";"-229.2403";"-56.18927";"-68.61621";"-299.4623";"-80.45428";"-32.48853";"-229.2403";"-56.18927";"-68.61621";"-299.4623";"-80.45428";"-32.48853"
"9250.908";"-229.2089";"-56.17896";"-68.61621";"-299.4623";"-80.44867";"-32.50623";"-229.2089";"-56.17896";"-68.61621";"-299.4623";"-80.44867";"-32.50623"
"9259.25";"-229.2037";"-56.17017";"-68.61621";"-299.4623";"-80.41931";"-32.51251";"-229.2037";"-56.17017";"-68.61621";"-299.4623";"-80.41931";"-32.51251"
"9267.592";"-229.1419";"-56.15283";"-68.61621";"-299.4623";"-80.38586";"-32.53345";"-229.1419";"-56.15283";"-68.61621";"-299.4623";"-80.38586";"-32.53345"
"9275.934";"-229.1293";"-56.14874";"-68.61621";"-299.4623";"-80.34106";"-32.55432";"-229.1293";"-56.14874";"-68.61621";"-299.4623";"-80.34106";"-32.55432"
"9284.275";"-229.1041";"-56.15588";"-68.61621";"-299.4623";"-80.328";"-32.57825";"-229.1041";"-56.15588";"-68.61621";"-299.4623";"-80.328";"-32.57825"
"9292.616";"-229.0975";"-56.14032";"-68.61621";"-299.4623";"-80.3067";"-32.58649";"-229.0975";"-56.14032";"-68.61621";"-299.4623";"-80.3067";"-32.58649"
"9300.958";"-229.0881";"-56.14929";"-68.61621";"-299.4623";"-80.25958";"-32.60565";"-229.0881";"-56.14929";"-68.61621";"-299.4623";"-80.25958";"-32.60565"
"9309.3";"-229.0867";"-56.14392";"-68.61621";"-299.4623";"-80.23077";"-32.59918";"-229.0867";"-56.14392";"-68.61621";"-299.4623";"-80.23077";"-32.59918"
"9317.642";"-229.0036";"-56.1189";"-68.61621";"-299.4623";"-80.18976";"-32.625";"-229.0036";"-56.1189";"-68.61621";"-299.4623";"-80.18976";"-32.625"
"9325.983";"-228.9937";"-56.11725";"-68.61621";"-299.4623";"-80.1972";"-32.63745";"-228.9937";"-56.11725";"-68.61621";"-299.4623";"-80.1972";"-32.63745"
"9334.325";"-229.0023";"-56.10779";"-68.61621";"-299.4623";"-80.15558";"-32.64728";"-229.0023";"-56.10779";"-68.61621";"-299.4623";"-80.15558";"-32.64728"
"9342.667";"-228.9799";"-56.10773";"-68.61621";"-299.4623";"-80.1366";"-32.646";"-228.9799";"-56.10773";"-68.61621";"-299.4623";"-80.1366";"-32.646"
"9351.009";"-228.9459";"-56.09137";"-68.61621";"-299.4623";"-80.09967";"-32.66876";"-228.9459";"-56.09137";"-68.61621";"-299.4623";"-80.09967";"-32.66876"
"9359.35";"-228.9377";"-56.09131";"-68.61621";"-299.4623";"-80.07007";"-32.67743";"-228.9377";"-56.09131";"-68.61621";"-299.4623";"-80.07007";"-32.67743"
"9367.691";"-228.9136";"-56.08643";"-68.61621";"-299.4623";"-80.04431";"-32.6897";"-228.9136";"-56.08643";"-68.61621";"-299.4623";"-80.04431";"-32.6897"
"9376.033";"-228.8831";"-56.08734";"-68.61621";"-299.4623";"-80.02496";"-32.68359";"-228.8831";"-56.08734";"-68.61621";"-299.4623";"-80.02496";"-32.68359"
"9384.375";"-228.8808";"-56.07349";"-68.61621";"-299.4623";"-79.98865";"-32.71686";"-228.8808";"-56.07349";"-68.61621";"-299.4623";"-79.98865";"-32.71686"
"9392.717";"-228.8686";"-56.07367";"-68.61621";"-299.4623";"-79.97223";"-32.7265";"-228.8686";"-56.07367";"-68.61621";"-299.4623";"-79.97223";"-32.7265"
"9401.059";"-228.8395";"-56.05255";"-68.61621";"-299.4623";"-79.94983";"-32.71912";"-228.8395";"-56.05255";"-68.61621";"-299.4623";"-79.94983";"-32.71912"
"9409.4";"-228.8196";"-56.05573";"-68.61621";"-299.4623";"-79.93488";"-32.72791";"-228.8196";"-56.05573";"-68.61621";"-299.4623";"-79.93488";"-32.72791"
"9417.741";"-228.772";"-56.04559";"-68.61621";"-299.4623";"-79.91675";"-32.73535";"-228.772";"-56.04559";"-68.61621";"-299.4623";"-79.91675";"-32.73535"
"9426.083";"-228.7327";"-56.052";"-68.61621";"-299.4623";"-79.89532";"-32.75031";"-228.7327";"-56.052";"-68.61621";"-299.4623";"-79.89532";"-32.75031"
"9434.425";"-228.7315";"-56.04895";"-68.61621";"-299.4623";"-79.82831";"-32.76892";"-228.7315";"-56.04895";"-68.61621";"-299.4623";"-79.82831";"-32.76892"
"9442.767";"-228.7183";"-56.04529";"-68.61621";"-299.4623";"-79.8197";"-32.78491";"-228.7183";"-56.04529";"-68.61621";"-299.4623";"-79.8197";"-32.78491"
"9451.108";"-228.6739";"-56.0307";"-68.61621";"-299.4623";"-79.77563";"-32.79309";"-228.6739";"-56.0307";"-68.61621";"-299.4623";"-79.77563";"-32.79309"
"9459.45";"-228.6528";"-56.02808";"-68.61621";"-299.4623";"-79.75775";"-32.79724";"-228.6528";"-56.02808";"-68.61621";"-299.4623";"-79.75775";"-32.79724"
"9467.792";"-228.6407";"-56.03601";"-68.61621";"-299.4623";"-79.72961";"-32.81116";"-228.6407";"-56.03601";"-68.61621";"-299.4623";"-79.72961";"-32.81116"
"9476.134";"-228.5992";"-56.03162";"-68.61621";"-299.4623";"-79.72235";"-32.81952";"-228.5992";"-56.03162";"-68.61621";"-299.4623";"-79.72235";"-32.81952"
"9484.475";"-228.5885";"-56.03522";"-68.61621";"-299.4623";"-79.69623";"-32.81708";"-228.5885";"-56.03522";"-68.61621";"-299.4623";"-79.69623";"-32.81708"
"9492.816";"-228.568";"-56.02545";"-68.61621";"-299.4623";"-79.66998";"-32.84052";"-228.568";"-56.02545";"-68.61621";"-299.4623";"-79.66998";"-32.84052"
"9501.158";"-228.5395";"-56.00549";"-68.61621";"-299.4623";"-79.65277";"-32.85364";"-228.5395";"-56.00549";"-68.61621";"-299.4623";"-79.65277";"-32.85364"
"9509.5";"-228.5023";"-56.02496";"-68.61621";"-299.4623";"-79.60657";"-32.87445";"-228.5023";"-56.02496";"-68.61621";"-299.4623";"-79.60657";"-32.87445"
"9517.842";"-228.4757";"-55.85315";"-68.61621";"-299.4623";"-79.56451";"-32.86572";"-228.4757";"-55.85315";"-68.61621";"-299.4623";"-79.56451";"-32.86572"
"9526.184";"-228.4644";"-55.86237";"-68.61621";"-299.4623";"-79.56317";"-32.86487";"-228.4644";"-55.86237";"-68.61621";"-299.4623";"-79.56317";"-32.86487"
"9534.525";"-228.421";"-55.83978";"-68.61621";"-299.4623";"-79.52014";"-32.8833";"-228.421";"-55.83978";"-68.61621";"-299.4623";"-79.52014";"-32.8833"
"9542.866";"-228.3944";"-55.84863";"-68.61621";"-299.4623";"-79.49756";"-32.88538";"-228.3944";"-55.84863";"-68.61621";"-299.4623";"-79.49756";"-32.88538"
"9551.208";"-228.4194";"-55.84039";"-68.61621";"-299.4623";"-79.4411";"-32.89215";"-228.4194";"-55.84039";"-68.61621";"-299.4623";"-79.4411";"-32.89215"
"9559.55";"-228.3943";"-55.82404";"-68.61621";"-299.4623";"-79.42651";"-32.87964";"-228.3943";"-55.82404";"-68.61621";"-299.4623";"-79.42651";"-32.87964"
"9567.892";"-228.347";"-55.81921";"-68.61621";"-299.4623";"-79.39935";"-32.90228";"-228.347";"-55.81921";"-68.61621";"-299.4623";"-79.39935";"-32.90228"
"9576.233";"-228.3182";"-55.82849";"-68.61621";"-299.4623";"-79.36047";"-32.90875";"-228.3182";"-55.82849";"-68.61621";"-299.4623";"-79.36047";"-32.90875"
"9584.575";"-228.3014";"-55.8114";"-68.61621";"-299.4623";"-79.35303";"-32.91638";"-228.3014";"-55.8114";"-68.61621";"-299.4623";"-79.35303";"-32.91638"
"9592.917";"-228.2795";"-55.80524";"-68.61621";"-299.4623";"-79.33759";"-32.92877";"-228.2795";"-55.80524";"-68.61621";"-299.4623";"-79.33759";"-32.92877"
"9601.259";"-228.2767";"-55.79907";"-68.61621";"-299.4623";"-79.2915";"-32.96027";"-228.2767";"-55.79907";"-68.61621";"-299.4623";"-79.2915";"-32.96027"
"9609.6";"-228.2549";"-55.79974";"-68.61621";"-299.4623";"-79.27014";"-32.95227";"-228.2549";"-55.79974";"-68.61621";"-299.4623";"-79.27014";"-32.95227"
"9617.941";"-228.2344";"-55.7912";"-68.61621";"-299.4623";"-79.25879";"-32.95166";"-228.2344";"-55.7912";"-68.61621";"-299.4623";"-79.25879";"-32.95166"
"9626.283";"-228.2104";"-55.80768";"-68.61621";"-299.4623";"-79.21014";"-32.95892";"-228.2104";"-55.80768";"-68.61621";"-299.4623";"-79.21014";"-32.95892"
"9634.625";"-228.2087";"-55.80487";"-68.61621";"-299.4623";"-79.15253";"-32.98474";"-228.2087";"-55.80487";"-68.61621";"-299.4623";"-79.15253";"-32.98474"
"9642.967";"-228.1841";"-55.80304";"-68.61621";"-299.4623";"-79.15411";"-32.99255";"-228.1841";"-55.80304";"-68.61621";"-299.4623";"-79.15411";"-32.99255"
"9651.309";"-228.1525";"-55.78955";"-68.61621";"-299.4623";"-79.11633";"-33.00983";"-228.1525";"-55.78955";"-68.61621";"-299.4623";"-79.11633";"-33.00983"
"9659.65";"-228.1276";"-55.78131";"-68.61621";"-299.4623";"-79.0954";"-33.00891";"-228.1276";"-55.78131";"-68.61621";"-299.4623";"-79.0954";"-33.00891"
"9667.991";"-228.1304";"-55.7774";"-68.61621";"-299.4623";"-79.05017";"-32.99921";"-228.1304";"-55.7774";"-68.61621";"-299.4623";"-79.05017";"-32.99921"
"9676.333";"-228.0845";"-55.77051";"-68.61621";"-299.4623";"-79.0321";"-33.01465";"-228.0845";"-55.77051";"-68.61621";"-299.4623";"-79.0321";"-33.01465"
"9684.675";"-228.0701";"-55.78113";"-68.61621";"-299.4623";"-79.02002";"-33.01715";"-228.0701";"-55.78113";"-68.61621";"-299.4623";"-79.02002";"-33.01715"
"9693.017";"-228.0435";"-55.76227";"-68.61621";"-299.4623";"-78.99408";"-33.03613";"-228.0435";"-55.76227";"-68.61621";"-299.4623";"-78.99408";"-33.03613"
"9701.358";"-228.0172";"-55.77258";"-68.61621";"-299.4623";"-78.95056";"-33.04553";"-228.0172";"-55.77258";"-68.61621";"-299.4623";"-78.95056";"-33.04553"
"9709.7";"-227.9833";"-55.76666";"-68.61621";"-299.4623";"-78.9278";"-33.05817";"-227.9833";"-55.76666";"-68.61621";"-299.4623";"-78.9278";"-33.05817"
"9718.042";"-227.9783";"-55.76416";"-68.61621";"-299.4623";"-78.90582";"-33.06036";"-227.9783";"-55.76416";"-68.61621";"-299.4623";"-78.90582";"-33.06036"
"9726.384";"-227.9559";"-55.75037";"-68.61621";"-299.4623";"-78.88013";"-33.06915";"-227.9559";"-55.75037";"-68.61621";"-299.4623";"-78.88013";"-33.06915"
"9734.725";"-227.9354";"-55.74609";"-68.61621";"-299.4623";"-78.86017";"-33.08777";"-227.9354";"-55.74609";"-68.61621";"-299.4623";"-78.86017";"-33.08777"
"9743.066";"-227.9171";"-55.75043";"-68.61621";"-299.4623";"-78.84546";"-33.08722";"-227.9171";"-55.75043";"-68.61621";"-299.4623";"-78.84546";"-33.08722"
"9751.408";"-227.9019";"-55.73944";"-68.61621";"-299.4623";"-78.81671";"-33.11041";"-227.9019";"-55.73944";"-68.61621";"-299.4623";"-78.81671";"-33.11041"
"9759.75";"-227.9009";"-55.7088";"-68.61621";"-299.4623";"-78.80261";"-33.11688";"-227.9009";"-55.7088";"-68.61621";"-299.4623";"-78.80261";"-33.11688"
"9768.092";"-227.8737";"-55.74005";"-68.61621";"-299.4623";"-78.75665";"-33.12567";"-227.8737";"-55.74005";"-68.61621";"-299.4623";"-78.75665";"-33.12567"
"9776.434";"-227.8291";"-55.72699";"-68.61621";"-299.4623";"-78.73224";"-33.1322";"-227.8291";"-55.72699";"-68.61621";"-299.4623";"-78.73224";"-33.1322"
"9784.775";"-227.8184";"-55.72687";"-68.61621";"-299.4623";"-78.72723";"-33.12909";"-227.8184";"-55.72687";"-68.61621";"-299.4623";"-78.72723";"-33.12909"
"9793.116";"-227.8065";"-55.72943";"-68.61621";"-299.4623";"-78.69714";"-33.14429";"-227.8065";"-55.72943";"-68.61621";"-299.4623";"-78.69714";"-33.14429"
"9801.458";"-227.7855";"-55.70294";"-68.61621";"-299.4623";"-78.65723";"-33.16223";"-227.7855";"-55.70294";"-68.61621";"-299.4623";"-78.65723";"-33.16223"
"9809.8";"-227.658";"-55.72095";"-68.61621";"-299.4623";"-78.58368";"-33.19733";"-227.658";"-55.72095";"-68.61621";"-299.4623";"-78.58368";"-33.19733"
"9818.142";"-227.6532";"-55.70587";"-68.61621";"-299.4623";"-78.57819";"-33.20044";"-227.6532";"-55.70587";"-68.61621";"-299.4623";"-78.57819";"-33.20044"
"9826.483";"-227.6522";"-55.70569";"-68.61621";"-299.4623";"-78.57941";"-33.19965";"-227.6522";"-55.70569";"-68.61621";"-299.4623";"-78.57941";"-33.19965"
"9834.825";"-227.6436";"-55.70953";"-68.61621";"-299.4623";"-78.55145";"-33.1944";"-227.6436";"-55.70953";"-68.61621";"-299.4623";"-78.55145";"-33.1944"
"9843.167";"-227.6372";"-55.70166";"-68.61621";"-299.4623";"-78.5014";"-33.22162";"-227.6372";"-55.70166";"-68.61621";"-299.4623";"-78.5014";"-33.22162"
"9851.509";"-227.6019";"-55.71716";"-68.61621";"-299.4623";"-78.45984";"-33.21356";"-227.6019";"-55.71716";"-68.61621";"-299.4623";"-78.45984";"-33.21356"
"9859.85";"-227.5895";"-55.71802";"-68.61621";"-299.4623";"-78.42688";"-33.19586";"-227.5895";"-55.71802";"-68.61621";"-299.4623";"-78.42688";"-33.19586"
"9868.191";"-227.5487";"-55.7066";"-68.61621";"-299.4623";"-78.41125";"-33.23651";"-227.5487";"-55.7066";"-68.61621";"-299.4623";"-78.41125";"-33.23651"
"9876.533";"-227.5142";"-55.71259";"-68.61621";"-299.4623";"-78.41296";"-33.2511";"-227.5142";"-55.71259";"-68.61621";"-299.4623";"-78.41296";"-33.2511"
"9884.875";"-227.4982";"-55.53052";"-68.61621";"-299.4623";"-78.35474";"-33.24591";"-227.4982";"-55.53052";"-68.61621";"-299.4623";"-78.35474";"-33.24591"
"9893.217";"-227.457";"-55.52618";"-68.61621";"-299.4623";"-78.34216";"-33.23883";"-227.457";"-55.52618";"-68.61621";"-299.4623";"-78.34216";"-33.23883"
"9901.559";"-227.4495";"-55.51758";"-68.61621";"-299.4623";"-78.31079";"-33.26141";"-227.4495";"-55.51758";"-68.61621";"-299.4623";"-78.31079";"-33.26141"
"9909.9";"-227.431";"-55.50824";"-68.61621";"-299.4623";"-78.28491";"-33.26611";"-227.431";"-55.50824";"-68.61621";"-299.4623";"-78.28491";"-33.26611"
"9918.241";"-227.415";"-55.50555";"-68.61621";"-299.4623";"-78.25305";"-33.29517";"-227.415";"-55.50555";"-68.61621";"-299.4623";"-78.25305";"-33.29517"
"9926.583";"-227.1875";"-55.49518";"-68.61621";"-299.4623";"-78.224";"-33.28723";"-227.1875";"-55.49518";"-68.61621";"-299.4623";"-78.224";"-33.28723"
"9934.925";"-227.3724";"-55.50024";"-68.61621";"-299.4623";"-78.1355";"-33.30804";"-227.3724";"-55.50024";"-68.61621";"-299.4623";"-78.1355";"-33.30804"
"9943.267";"-227.1454";"-55.48456";"-68.61621";"-299.4623";"-78.12451";"-33.29968";"-227.1454";"-55.48456";"-68.61621";"-299.4623";"-78.12451";"-33.29968"
"9951.608";"-227.3255";"-55.51605";"-68.61621";"-299.4623";"-78.10846";"-33.29651";"-227.3255";"-55.51605";"-68.61621";"-299.4623";"-78.10846";"-33.29651"
"9959.95";"-227.0386";"-55.48639";"-68.61621";"-299.4623";"-78.09601";"-33.30536";"-227.0386";"-55.48639";"-68.61621";"-299.4623";"-78.09601";"-33.30536"
"9968.292";"-227.0194";"-55.49261";"-68.61621";"-299.4623";"-78.05365";"-33.33545";"-227.0194";"-55.49261";"-68.61621";"-299.4623";"-78.05365";"-33.33545"
"9976.634";"-227.0112";"-55.47998";"-68.61621";"-299.4623";"-78.03436";"-33.34033";"-227.0112";"-55.47998";"-68.61621";"-299.4623";"-78.03436";"-33.34033"
"9984.975";"-226.9998";"-55.46979";"-68.61621";"-299.4623";"-78.00916";"-33.35297";"-226.9998";"-55.46979";"-68.61621";"-299.4623";"-78.00916";"-33.35297"
"9993.316";"-226.9851";"-55.47839";"-68.61621";"-299.4623";"-77.98505";"-33.37024";"-226.9851";"-55.47839";"-68.61621";"-299.4623";"-77.98505";"-33.37024"
"10001.66";"-226.9479";"-55.45514";"-68.61621";"-299.4623";"-77.9422";"-33.37311";"-226.9479";"-55.45514";"-68.61621";"-299.4623";"-77.9422";"-33.37311"
"10010";"-226.9308";"-55.45526";"-68.61621";"-299.4623";"-77.91937";"-33.39777";"-226.9308";"-55.45526";"-68.61621";"-299.4623";"-77.91937";"-33.39777"
"10018.34";"-226.9086";"-55.44525";"-68.61621";"-299.4623";"-77.89038";"-33.38623";"-226.9086";"-55.44525";"-68.61621";"-299.4623";"-77.89038";"-33.38623"
"10026.68";"-226.8783";"-55.43488";"-68.61621";"-299.4623";"-77.8642";"-33.40137";"-226.8783";"-55.43488";"-68.61621";"-299.4623";"-77.8642";"-33.40137"
"10035.03";"-226.856";"-55.42755";"-68.61621";"-299.4623";"-77.8512";"-33.41113";"-226.856";"-55.42755";"-68.61621";"-299.4623";"-77.8512";"-33.41113"
"10043.37";"-226.8456";"-55.41687";"-68.61621";"-299.4623";"-77.81958";"-33.40979";"-226.8456";"-55.41687";"-68.61621";"-299.4623";"-77.81958";"-33.40979"
"10051.71";"-226.7922";"-55.42279";"-68.61621";"-299.4623";"-77.76776";"-33.44116";"-226.7922";"-55.42279";"-68.61621";"-299.4623";"-77.76776";"-33.44116"
"10060.05";"-226.7808";"-55.41516";"-68.61621";"-299.4623";"-77.77148";"-33.45001";"-226.7808";"-55.41516";"-68.61621";"-299.4623";"-77.77148";"-33.45001"
"10068.39";"-226.7369";"-55.44653";"-68.61621";"-299.4623";"-77.74255";"-33.46466";"-226.7369";"-55.44653";"-68.61621";"-299.4623";"-77.74255";"-33.46466"
"10076.73";"-226.7105";"-55.41418";"-68.61621";"-299.4623";"-77.69617";"-33.43225";"-226.7105";"-55.41418";"-68.61621";"-299.4623";"-77.69617";"-33.43225"
"10085.08";"-226.6952";"-55.4198";"-68.61621";"-299.4623";"-77.68042";"-33.47418";"-226.6952";"-55.4198";"-68.61621";"-299.4623";"-77.68042";"-33.47418"
"10093.42";"-226.6669";"-55.41309";"-68.61621";"-299.4623";"-77.66785";"-33.47748";"-226.6669";"-55.41309";"-68.61621";"-299.4623";"-77.66785";"-33.47748"
"10101.76";"-226.6558";"-55.39868";"-68.61621";"-299.4623";"-77.65173";"-33.48169";"-226.6558";"-55.39868";"-68.61621";"-299.4623";"-77.65173";"-33.48169"
"10110.1";"-226.6168";"-55.36633";"-68.61621";"-299.4623";"-77.63385";"-33.48114";"-226.6168";"-55.36633";"-68.61621";"-299.4623";"-77.63385";"-33.48114"
"10118.44";"-226.5716";"-55.37659";"-68.61621";"-299.4623";"-77.54138";"-33.53406";"-226.5716";"-55.37659";"-68.61621";"-299.4623";"-77.54138";"-33.53406"
"10126.78";"-226.5631";"-55.35938";"-68.61621";"-299.4623";"-77.5434";"-33.55304";"-226.5631";"-55.35938";"-68.61621";"-299.4623";"-77.5434";"-33.55304"
"10135.13";"-226.5131";"-55.35876";"-68.61621";"-299.4623";"-77.50848";"-33.54681";"-226.5131";"-55.35876";"-68.61621";"-299.4623";"-77.50848";"-33.54681"
"10143.47";"-226.4971";"-55.22931";"-68.61621";"-299.4623";"-77.49078";"-33.53979";"-226.4971";"-55.22931";"-68.61621";"-299.4623";"-77.49078";"-33.53979"
"10151.81";"-226.4657";"-55.21436";"-68.61621";"-299.4623";"-77.43378";"-33.54883";"-226.4657";"-55.21436";"-68.61621";"-299.4623";"-77.43378";"-33.54883"
"10160.15";"-226.4214";"-55.20764";"-68.61621";"-299.4623";"-77.43604";"-33.5686";"-226.4214";"-55.20764";"-68.61621";"-299.4623";"-77.43604";"-33.5686"
"10168.49";"-226.395";"-55.21948";"-68.61621";"-299.4623";"-77.40436";"-33.56067";"-226.395";"-55.21948";"-68.61621";"-299.4623";"-77.40436";"-33.56067"
"10176.83";"-226.3773";"-55.19989";"-68.61621";"-299.4623";"-77.37909";"-33.58002";"-226.3773";"-55.19989";"-68.61621";"-299.4623";"-77.37909";"-33.58002"
"10185.17";"-226.35";"-55.19971";"-68.61621";"-299.4623";"-77.34338";"-33.6123";"-226.35";"-55.19971";"-68.61621";"-299.4623";"-77.34338";"-33.6123"
"10193.52";"-226.3409";"-55.19586";"-68.61621";"-299.4623";"-77.32245";"-33.6347";"-226.3409";"-55.19586";"-68.61621";"-299.4623";"-77.32245";"-33.6347"
"10201.86";"-226.2986";"-55.1875";"-68.61621";"-299.4623";"-77.29932";"-33.62354";"-226.2986";"-55.1875";"-68.61621";"-299.4623";"-77.29932";"-33.62354"
"10210.2";"-226.2852";"-55.19507";"-68.61621";"-299.4623";"-77.29108";"-33.63153";"-226.2852";"-55.19507";"-68.61621";"-299.4623";"-77.29108";"-33.63153"
"10218.54";"-226.239";"-55.18481";"-68.61621";"-299.4623";"-77.22174";"-33.67065";"-226.239";"-55.18481";"-68.61621";"-299.4623";"-77.22174";"-33.67065"
"10226.88";"-226.2292";"-55.19208";"-68.61621";"-299.4623";"-77.20392";"-33.68127";"-226.2292";"-55.19208";"-68.61621";"-299.4623";"-77.20392";"-33.68127"
"10235.22";"-226.1879";"-55.18805";"-68.61621";"-299.4623";"-77.18439";"-33.68213";"-226.1879";"-55.18805";"-68.61621";"-299.4623";"-77.18439";"-33.68213"
"10243.57";"-226.156";"-55.1734";"-68.61621";"-299.4623";"-77.17535";"-33.69397";"-226.156";"-55.1734";"-68.61621";"-299.4623";"-77.17535";"-33.69397"
"10251.91";"-226.1357";"-55.14703";"-68.61621";"-299.4623";"-77.09802";"-33.68939";"-226.1357";"-55.14703";"-68.61621";"-299.4623";"-77.09802";"-33.68939"
"10260.25";"-226.1368";"-55.14496";"-68.61621";"-299.4623";"-77.0788";"-33.6947";"-226.1368";"-55.14496";"-68.61621";"-299.4623";"-77.0788";"-33.6947"
"10268.59";"-226.0959";"-55.1413";"-68.61621";"-299.4623";"-77.06183";"-33.70935";"-226.0959";"-55.1413";"-68.61621";"-299.4623";"-77.06183";"-33.70935"
"10276.93";"-226.075";"-55.14288";"-68.61621";"-299.4623";"-77.04095";"-33.71826";"-226.075";"-55.14288";"-68.61621";"-299.4623";"-77.04095";"-33.71826"
"10285.28";"-226.066";"-55.13287";"-68.61621";"-299.4623";"-76.99664";"-33.73529";"-226.066";"-55.13287";"-68.61621";"-299.4623";"-76.99664";"-33.73529"
"10293.62";"-226.0499";"-55.12817";"-68.61621";"-299.4623";"-76.98462";"-33.74072";"-226.0499";"-55.12817";"-68.61621";"-299.4623";"-76.98462";"-33.74072"
"10301.96";"-226.0276";"-55.11359";"-68.61621";"-299.4623";"-76.9552";"-33.75842";"-226.0276";"-55.11359";"-68.61621";"-299.4623";"-76.9552";"-33.75842"
"10310.3";"-226.0014";"-55.11011";"-68.61621";"-299.4623";"-76.94098";"-33.75659";"-226.0014";"-55.11011";"-68.61621";"-299.4623";"-76.94098";"-33.75659"
"10318.64";"-225.9217";"-55.10645";"-68.61621";"-299.4623";"-76.86841";"-33.79303";"-225.9217";"-55.10645";"-68.61621";"-299.4623";"-76.86841";"-33.79303"
"10326.98";"-225.923";"-55.10834";"-68.61621";"-299.4623";"-76.86609";"-33.79395";"-225.923";"-55.10834";"-68.61621";"-299.4623";"-76.86609";"-33.79395"
"10335.33";"-225.8929";"-55.08807";"-68.61621";"-299.4623";"-76.84351";"-33.79572";"-225.8929";"-55.08807";"-68.61621";"-299.4623";"-76.84351";"-33.79572"
"10343.67";"-225.8812";"-55.09778";"-68.61621";"-299.4623";"-76.82507";"-33.80188";"-225.8812";"-55.09778";"-68.61621";"-299.4623";"-76.82507";"-33.80188"
"10352.01";"-225.8784";"-55.10266";"-68.61621";"-299.4623";"-76.80011";"-33.83417";"-225.8784";"-55.10266";"-68.61621";"-299.4623";"-76.80011";"-33.83417"
"10360.35";"-225.8618";"-55.09235";"-68.61621";"-299.4623";"-76.78015";"-33.85126";"-225.8618";"-55.09235";"-68.61621";"-299.4623";"-76.78015";"-33.85126"
"10368.69";"-225.8228";"-55.08783";"-68.61621";"-299.4623";"-76.76788";"-33.85236";"-225.8228";"-55.08783";"-68.61621";"-299.4623";"-76.76788";"-33.85236"
"10377.03";"-225.8063";"-55.07849";"-68.61621";"-299.4623";"-76.72278";"-33.84869";"-225.8063";"-55.07849";"-68.61621";"-299.4623";"-76.72278";"-33.84869"
"10385.38";"-225.7974";"-55.07751";"-68.61621";"-299.4623";"-76.71161";"-33.87555";"-225.7974";"-55.07751";"-68.61621";"-299.4623";"-76.71161";"-33.87555"
"10393.72";"-225.7951";"-55.06323";"-68.61621";"-299.4623";"-76.69177";"-33.88159";"-225.7951";"-55.06323";"-68.61621";"-299.4623";"-76.69177";"-33.88159"
"10402.06";"-225.7216";"-55.08032";"-68.61621";"-299.4623";"-76.65729";"-33.85034";"-225.7216";"-55.08032";"-68.61621";"-299.4623";"-76.65729";"-33.85034"
"10410.4";"-225.7305";"-55.05884";"-68.61621";"-299.4623";"-76.62537";"-33.8609";"-225.7305";"-55.05884";"-68.61621";"-299.4623";"-76.62537";"-33.8609"
"10418.74";"-225.6985";"-55.06396";"-68.61621";"-299.4623";"-76.59125";"-33.88025";"-225.6985";"-55.06396";"-68.61621";"-299.4623";"-76.59125";"-33.88025"
"10427.08";"-225.6733";"-55.03516";"-68.61621";"-299.4623";"-76.58276";"-33.89838";"-225.6733";"-55.03516";"-68.61621";"-299.4623";"-76.58276";"-33.89838"
"10435.42";"-225.6408";"-55.03815";"-68.61621";"-299.4623";"-76.51593";"-33.9115";"-225.6408";"-55.03815";"-68.61621";"-299.4623";"-76.51593";"-33.9115"
"10443.77";"-225.6274";"-55.02155";"-68.61621";"-299.4623";"-76.50635";"-33.91309";"-225.6274";"-55.02155";"-68.61621";"-299.4623";"-76.50635";"-33.91309"
"10452.11";"-225.6035";"-55.02246";"-68.61621";"-299.4623";"-76.4812";"-33.91376";"-225.6035";"-55.02246";"-68.61621";"-299.4623";"-76.4812";"-33.91376"
"10460.45";"-225.5927";"-55.02307";"-68.61621";"-299.4623";"-76.45496";"-33.92065";"-225.5927";"-55.02307";"-68.61621";"-299.4623";"-76.45496";"-33.92065"
"10468.79";"-225.5682";"-55.01959";"-68.61621";"-299.4623";"-76.42261";"-33.94434";"-225.5682";"-55.01959";"-68.61621";"-299.4623";"-76.42261";"-33.94434"
"10477.13";"-225.5643";"-55.02985";"-68.61621";"-299.4623";"-76.41223";"-33.93866";"-225.5643";"-55.02985";"-68.61621";"-299.4623";"-76.41223";"-33.93866"
"10485.47";"-225.5557";"-54.99866";"-68.61621";"-299.4623";"-76.36481";"-33.95184";"-225.5557";"-54.99866";"-68.61621";"-299.4623";"-76.36481";"-33.95184"
"10493.82";"-225.4662";"-54.91077";"-68.61621";"-299.4623";"-76.35004";"-33.96143";"-225.4662";"-54.91077";"-68.61621";"-299.4623";"-76.35004";"-33.96143"
"10502.16";"-225.5006";"-54.98761";"-68.61621";"-299.4623";"-76.31909";"-33.94971";"-225.5006";"-54.98761";"-68.61621";"-299.4623";"-76.31909";"-33.94971"
"10510.5";"-225.4798";"-54.87042";"-68.61621";"-299.4623";"-76.28766";"-33.95203";"-225.4798";"-54.87042";"-68.61621";"-299.4623";"-76.28766";"-33.95203"
"10518.84";"-225.4602";"-54.8595";"-68.61621";"-299.4623";"-76.25885";"-33.98492";"-225.4602";"-54.8595";"-68.61621";"-299.4623";"-76.25885";"-33.98492"
"10527.18";"-225.4238";"-54.84015";"-68.61621";"-299.4623";"-76.24689";"-33.98285";"-225.4238";"-54.84015";"-68.61621";"-299.4623";"-76.24689";"-33.98285"
"10535.53";"-225.4121";"-54.83746";"-68.61621";"-299.4623";"-76.1825";"-34.00671";"-225.4121";"-54.83746";"-68.61621";"-299.4623";"-76.1825";"-34.00671"
"10543.87";"-225.3823";"-54.82306";"-68.61621";"-299.4623";"-76.16516";"-34.01434";"-225.3823";"-54.82306";"-68.61621";"-299.4623";"-76.16516";"-34.01434"
"10552.21";"-225.3442";"-54.81458";"-68.61621";"-299.4623";"-76.12476";"-34.00244";"-225.3442";"-54.81458";"-68.61621";"-299.4623";"-76.12476";"-34.00244"
"10560.55";"-225.3177";"-54.79736";"-68.61621";"-299.4623";"-76.09119";"-34.01453";"-225.3177";"-54.79736";"-68.61621";"-299.4623";"-76.09119";"-34.01453"
"10568.89";"-225.2932";"-54.79474";"-68.61621";"-299.4623";"-76.07758";"-34.01367";"-225.2932";"-54.79474";"-68.61621";"-299.4623";"-76.07758";"-34.01367"
"10577.23";"-225.2943";"-54.79407";"-68.61621";"-299.4623";"-76.06799";"-34.01709";"-225.2943";"-54.79407";"-68.61621";"-299.4623";"-76.06799";"-34.01709"
"10585.58";"-225.2728";"-54.78485";"-68.61621";"-299.4623";"-76.04175";"-34.04596";"-225.2728";"-54.78485";"-68.61621";"-299.4623";"-76.04175";"-34.04596"
"10593.92";"-225.2676";"-54.78729";"-68.61621";"-299.4623";"-76.0144";"-34.04932";"-225.2676";"-54.78729";"-68.61621";"-299.4623";"-76.0144";"-34.04932"
"10602.26";"-225.2283";"-54.7691";"-68.61621";"-299.4623";"-75.98254";"-34.06641";"-225.2283";"-54.7691";"-68.61621";"-299.4623";"-75.98254";"-34.06641"
"10610.6";"-225.21";"-54.75122";"-68.61621";"-299.4623";"-75.96582";"-34.05927";"-225.21";"-54.75122";"-68.61621";"-299.4623";"-75.96582";"-34.05927"
"10618.94";"-225.1671";"-54.73407";"-68.61621";"-299.4623";"-75.92651";"-34.08331";"-225.1671";"-54.73407";"-68.61621";"-299.4623";"-75.92651";"-34.08331"
"10627.28";"-225.1686";"-54.72974";"-68.61621";"-299.4623";"-75.8988";"-34.09277";"-225.1686";"-54.72974";"-68.61621";"-299.4623";"-75.8988";"-34.09277"
"10635.63";"-225.1325";"-54.74384";"-68.61621";"-299.4623";"-75.8985";"-34.09796";"-225.1325";"-54.74384";"-68.61621";"-299.4623";"-75.8985";"-34.09796"
"10643.97";"-225.1187";"-54.72662";"-68.61621";"-299.4623";"-75.89709";"-34.09973";"-225.1187";"-54.72662";"-68.61621";"-299.4623";"-75.89709";"-34.09973"
"10652.31";"-225.0911";"-54.74011";"-68.61621";"-299.4623";"-75.82672";"-34.10913";"-225.0911";"-54.74011";"-68.61621";"-299.4623";"-75.82672";"-34.10913"
"10660.65";"-225.0731";"-54.70367";"-68.61621";"-299.4623";"-75.8208";"-34.12683";"-225.0731";"-54.70367";"-68.61621";"-299.4623";"-75.8208";"-34.12683"
"10668.99";"-225.0208";"-54.68097";"-68.61621";"-299.4623";"-75.7851";"-34.13171";"-225.0208";"-54.68097";"-68.61621";"-299.4623";"-75.7851";"-34.13171"
"10677.33";"-225.0157";"-54.68372";"-68.61621";"-299.4623";"-75.76752";"-34.14093";"-225.0157";"-54.68372";"-68.61621";"-299.4623";"-75.76752";"-34.14093"
"10685.67";"-224.9937";"-54.67993";"-68.61621";"-299.4623";"-75.7627";"-34.15332";"-224.9937";"-54.67993";"-68.61621";"-299.4623";"-75.7627";"-34.15332"
"10694.02";"-224.9692";"-54.67401";"-68.61621";"-299.4623";"-75.75195";"-34.15808";"-224.9692";"-54.67401";"-68.61621";"-299.4623";"-75.75195";"-34.15808"
"10702.36";"-224.9878";"-54.64703";"-68.61621";"-299.4623";"-75.72211";"-34.17798";"-224.9878";"-54.64703";"-68.61621";"-299.4623";"-75.72211";"-34.17798"
"10710.7";"-224.9964";"-54.62091";"-68.61621";"-299.4623";"-75.69995";"-34.19275";"-224.9964";"-54.62091";"-68.61621";"-299.4623";"-75.69995";"-34.19275"
"10719.04";"-224.9398";"-54.58466";"-68.61621";"-299.4623";"-75.66376";"-34.1731";"-224.9398";"-54.58466";"-68.61621";"-299.4623";"-75.66376";"-34.1731"
"10727.38";"-224.9028";"-54.60187";"-68.61621";"-299.4623";"-75.64832";"-34.18573";"-224.9028";"-54.60187";"-68.61621";"-299.4623";"-75.64832";"-34.18573"
"10735.72";"-224.9187";"-54.57819";"-68.61621";"-299.4623";"-75.62311";"-34.20178";"-224.9187";"-54.57819";"-68.61621";"-299.4623";"-75.62311";"-34.20178"
"10744.07";"-224.89";"-54.58765";"-68.61621";"-299.4623";"-75.59125";"-34.21783";"-224.89";"-54.58765";"-68.61621";"-299.4623";"-75.59125";"-34.21783"
"10752.41";"-224.8679";"-54.57391";"-68.61621";"-299.4623";"-75.57635";"-34.21271";"-224.8679";"-54.57391";"-68.61621";"-299.4623";"-75.57635";"-34.21271"
"10760.75";"-224.827";"-54.56653";"-68.61621";"-299.4623";"-75.55701";"-34.2326";"-224.827";"-54.56653";"-68.61621";"-299.4623";"-75.55701";"-34.2326"
"10769.09";"-224.7922";"-54.5365";"-68.61621";"-299.4623";"-75.49249";"-34.25317";"-224.7922";"-54.5365";"-68.61621";"-299.4623";"-75.49249";"-34.25317"
"10777.43";"-224.7891";"-54.55042";"-68.61621";"-299.4623";"-75.48175";"-34.25934";"-224.7891";"-54.55042";"-68.61621";"-299.4623";"-75.48175";"-34.25934"
"10785.78";"-224.7802";"-54.51721";"-68.61621";"-299.4623";"-75.44257";"-34.2771";"-224.7802";"-54.51721";"-68.61621";"-299.4623";"-75.44257";"-34.2771"
"10794.12";"-224.7617";"-54.51965";"-68.61621";"-299.4623";"-75.43823";"-34.27832";"-224.7617";"-54.51965";"-68.61621";"-299.4623";"-75.43823";"-34.27832"
"10802.46";"-224.7222";"-54.5011";"-68.61621";"-299.4623";"-75.35394";"-34.30188";"-224.7222";"-54.5011";"-68.61621";"-299.4623";"-75.35394";"-34.30188"
"10810.8";"-224.4965";"-54.37006";"-68.61621";"-299.4623";"-75.3338";"-34.33679";"-224.4965";"-54.37006";"-68.61621";"-299.4623";"-75.3338";"-34.33679"
"10819.14";"-224.4833";"-54.35962";"-68.61621";"-299.4623";"-75.28589";"-34.34595";"-224.4833";"-54.35962";"-68.61621";"-299.4623";"-75.28589";"-34.34595"
"10827.48";"-224.4864";"-54.34241";"-68.61621";"-299.4623";"-75.26959";"-34.35156";"-224.4864";"-54.34241";"-68.61621";"-299.4623";"-75.26959";"-34.35156"
"10835.83";"-224.4438";"-54.34418";"-68.61621";"-299.4623";"-75.2627";"-34.34003";"-224.4438";"-54.34418";"-68.61621";"-299.4623";"-75.2627";"-34.34003"
"10844.17";"-224.4296";"-54.33649";"-68.61621";"-299.4623";"-75.24298";"-34.354";"-224.4296";"-54.33649";"-68.61621";"-299.4623";"-75.24298";"-34.354"
"10852.51";"-224.4199";"-54.32281";"-68.61621";"-299.4623";"-75.21924";"-34.37659";"-224.4199";"-54.32281";"-68.61621";"-299.4623";"-75.21924";"-34.37659"
"10860.85";"-224.3998";"-54.31842";"-68.61621";"-299.4623";"-75.19232";"-34.37952";"-224.3998";"-54.31842";"-68.61621";"-299.4623";"-75.19232";"-34.37952"
"10869.19";"-224.3865";"-54.30243";"-68.61621";"-299.4623";"-75.16882";"-34.39954";"-224.3865";"-54.30243";"-68.61621";"-299.4623";"-75.16882";"-34.39954"
"10877.53";"-224.3632";"-54.29736";"-68.61621";"-299.4623";"-75.15125";"-34.41516";"-224.3632";"-54.29736";"-68.61621";"-299.4623";"-75.15125";"-34.41516"
"10885.88";"-224.3378";"-54.28003";"-68.61621";"-299.4623";"-75.09839";"-34.40668";"-224.3378";"-54.28003";"-68.61621";"-299.4623";"-75.09839";"-34.40668"
"10894.22";"-224.3307";"-54.27692";"-68.61621";"-299.4623";"-75.06635";"-34.43378";"-224.3307";"-54.27692";"-68.61621";"-299.4623";"-75.06635";"-34.43378"
"10902.56";"-224.2985";"-54.26947";"-68.61621";"-299.4623";"-75.04016";"-34.4505";"-224.2985";"-54.26947";"-68.61621";"-299.4623";"-75.04016";"-34.4505"
"10910.9";"-224.2841";"-54.2619";"-68.61621";"-299.4623";"-75.03003";"-34.4552";"-224.2841";"-54.2619";"-68.61621";"-299.4623";"-75.03003";"-34.4552"
"10919.24";"-224.2591";"-54.23981";"-68.61621";"-299.4623";"-75.0097";"-34.47382";"-224.2591";"-54.23981";"-68.61621";"-299.4623";"-75.0097";"-34.47382"
"10927.58";"-224.2612";"-54.22809";"-68.61621";"-299.4623";"-74.99451";"-34.51367";"-224.2612";"-54.22809";"-68.61621";"-299.4623";"-74.99451";"-34.51367"
"10935.92";"-224.2383";"-54.21082";"-68.61621";"-299.4623";"-74.97943";"-34.51501";"-224.2383";"-54.21082";"-68.61621";"-299.4623";"-74.97943";"-34.51501"
"10944.27";"-224.2189";"-54.18964";"-68.61621";"-299.4623";"-74.95343";"-34.53699";"-224.2189";"-54.18964";"-68.61621";"-299.4623";"-74.95343";"-34.53699"
"10952.61";"-224.2131";"-54.20477";"-68.61621";"-299.4623";"-74.8949";"-34.5777";"-224.2131";"-54.20477";"-68.61621";"-299.4623";"-74.8949";"-34.5777"
"10960.95";"-224.2159";"-54.19769";"-68.61621";"-299.4623";"-74.88281";"-34.58521";"-224.2159";"-54.19769";"-68.61621";"-299.4623";"-74.88281";"-34.58521"
"10969.29";"-224.1601";"-54.17999";"-68.61621";"-299.4623";"-74.87866";"-34.58734";"-224.1601";"-54.17999";"-68.61621";"-299.4623";"-74.87866";"-34.58734"
"10977.63";"-224.1462";"-54.18134";"-68.61621";"-299.4623";"-74.85455";"-34.58606";"-224.1462";"-54.18134";"-68.61621";"-299.4623";"-74.85455";"-34.58606"
"10985.97";"-224.1166";"-54.16693";"-68.61621";"-299.4623";"-74.82867";"-34.61292";"-224.1166";"-54.16693";"-68.61621";"-299.4623";"-74.82867";"-34.61292"
"10994.32";"-224.0958";"-54.14984";"-68.61621";"-299.4623";"-74.81268";"-34.6217";"-224.0958";"-54.14984";"-68.61621";"-299.4623";"-74.81268";"-34.6217"
"11002.66";"-224.0659";"-54.14319";"-68.61621";"-299.4623";"-74.78326";"-34.63806";"-224.0659";"-54.14319";"-68.61621";"-299.4623";"-74.78326";"-34.63806"
"11011";"-224.0594";"-54.1463";"-68.61621";"-299.4623";"-74.75568";"-34.63763";"-224.0594";"-54.1463";"-68.61621";"-299.4623";"-74.75568";"-34.63763"
"11019.34";"-224.0297";"-54.13831";"-68.61621";"-299.4623";"-74.7132";"-34.64319";"-224.0297";"-54.13831";"-68.61621";"-299.4623";"-74.7132";"-34.64319"
"11027.68";"-224.0333";"-54.10803";"-68.61621";"-299.4623";"-74.69067";"-34.67426";"-224.0333";"-54.10803";"-68.61621";"-299.4623";"-74.69067";"-34.67426"
"11036.03";"-223.9906";"-54.08832";"-68.61621";"-299.4623";"-74.66968";"-34.67743";"-223.9906";"-54.08832";"-68.61621";"-299.4623";"-74.66968";"-34.67743"
"11044.37";"-223.9844";"-54.08063";"-68.61621";"-299.4623";"-74.64929";"-34.69745";"-223.9844";"-54.08063";"-68.61621";"-299.4623";"-74.64929";"-34.69745"
"11052.71";"-223.979";"-54.06201";"-68.61621";"-299.4623";"-74.61212";"-34.7124";"-223.979";"-54.06201";"-68.61621";"-299.4623";"-74.61212";"-34.7124"
"11061.05";"-223.9659";"-54.04449";"-68.61621";"-299.4623";"-74.59735";"-34.70868";"-223.9659";"-54.04449";"-68.61621";"-299.4623";"-74.59735";"-34.70868"
"11069.39";"-223.92";"-54.04144";"-68.61621";"-299.4623";"-74.58539";"-34.73627";"-223.92";"-54.04144";"-68.61621";"-299.4623";"-74.58539";"-34.73627"
"11077.73";"-223.9049";"-54.02924";"-68.61621";"-299.4623";"-74.56476";"-34.74347";"-223.9049";"-54.02924";"-68.61621";"-299.4623";"-74.56476";"-34.74347"
"11086.08";"-223.8836";"-54.02179";"-68.61621";"-299.4623";"-74.5307";"-34.77106";"-223.8836";"-54.02179";"-68.61621";"-299.4623";"-74.5307";"-34.77106"
"11094.42";"-223.8783";"-54.01373";"-68.61621";"-299.4623";"-74.50421";"-34.7749";"-223.8783";"-54.01373";"-68.61621";"-299.4623";"-74.50421";"-34.7749"
"11102.76";"-223.8486";"-53.99017";"-68.61621";"-299.4623";"-74.45697";"-34.78082";"-223.8486";"-53.99017";"-68.61621";"-299.4623";"-74.45697";"-34.78082"
"11111.1";"-223.8457";"-53.9856";"-68.61621";"-299.4623";"-74.43683";"-34.78314";"-223.8457";"-53.9856";"-68.61621";"-299.4623";"-74.43683";"-34.78314"
"11119.44";"-223.8047";"-53.99139";"-68.61621";"-299.4623";"-74.39703";"-34.81342";"-223.8047";"-53.99139";"-68.61621";"-299.4623";"-74.39703";"-34.81342"
"11127.78";"-223.7795";"-53.98383";"-68.61621";"-299.4623";"-74.37646";"-34.80902";"-223.7795";"-53.98383";"-68.61621";"-299.4623";"-74.37646";"-34.80902"
"11136.13";"-223.746";"-53.9762";"-68.61621";"-299.4623";"-74.34705";"-34.82959";"-223.746";"-53.9762";"-68.61621";"-299.4623";"-74.34705";"-34.82959"
"11144.47";"-223.7458";"-53.96478";"-68.61621";"-299.4623";"-74.33392";"-34.83569";"-223.7458";"-53.96478";"-68.61621";"-299.4623";"-74.33392";"-34.83569"
"11152.81";"-223.7254";"-53.94281";"-68.61621";"-299.4623";"-74.30164";"-34.84332";"-223.7254";"-53.94281";"-68.61621";"-299.4623";"-74.30164";"-34.84332"
"11161.15";"-223.7031";"-53.93451";"-68.61621";"-299.4623";"-74.26526";"-34.86743";"-223.7031";"-53.93451";"-68.61621";"-299.4623";"-74.26526";"-34.86743"
"11169.49";"-223.6817";"-53.9259";"-68.61621";"-299.4623";"-74.22241";"-34.88043";"-223.6817";"-53.9259";"-68.61621";"-299.4623";"-74.22241";"-34.88043"
"11177.83";"-223.6563";"-53.91888";"-68.61621";"-299.4623";"-74.19568";"-34.88898";"-223.6563";"-53.91888";"-68.61621";"-299.4623";"-74.19568";"-34.88898"
"11186.17";"-223.6658";"-53.89215";"-68.61621";"-299.4623";"-74.16418";"-34.89435";"-223.6658";"-53.89215";"-68.61621";"-299.4623";"-74.16418";"-34.89435"
"11194.52";"-223.6341";"-53.88849";"-68.61621";"-299.4623";"-74.13934";"-34.91046";"-223.6341";"-53.88849";"-68.61621";"-299.4623";"-74.13934";"-34.91046"
"11202.86";"-223.6174";"-53.87701";"-68.61621";"-299.4623";"-74.12524";"-34.92767";"-223.6174";"-53.87701";"-68.61621";"-299.4623";"-74.12524";"-34.92767"
"11211.2";"-223.62";"-53.87042";"-68.61621";"-299.4623";"-74.10834";"-34.93518";"-223.62";"-53.87042";"-68.61621";"-299.4623";"-74.10834";"-34.93518"
"11219.54";"-223.5856";"-53.85974";"-68.61621";"-299.4623";"-74.08301";"-34.94531";"-223.5856";"-53.85974";"-68.61621";"-299.4623";"-74.08301";"-34.94531"
"11227.88";"-223.5726";"-53.86005";"-68.61621";"-299.4623";"-74.05914";"-34.95648";"-223.5726";"-53.86005";"-68.61621";"-299.4623";"-74.05914";"-34.95648"
"11236.22";"-223.5627";"-53.81946";"-68.61621";"-299.4623";"-74.02301";"-34.97461";"-223.5627";"-53.81946";"-68.61621";"-299.4623";"-74.02301";"-34.97461"
"11244.57";"-223.5513";"-53.80298";"-68.61621";"-299.4623";"-74.0155";"-34.97693";"-223.5513";"-53.80298";"-68.61621";"-299.4623";"-74.0155";"-34.97693"
"11252.91";"-223.5187";"-53.80255";"-68.61621";"-299.4623";"-73.99011";"-34.99567";"-223.5187";"-53.80255";"-68.61621";"-299.4623";"-73.99011";"-34.99567"
"11261.25";"-223.4879";"-53.67963";"-68.61621";"-299.4623";"-73.96991";"-35.00824";"-223.4879";"-53.67963";"-68.61621";"-299.4623";"-73.96991";"-35.00824"
"11269.59";"-223.4722";"-53.68402";"-68.61621";"-299.4623";"-73.93488";"-35.02637";"-223.4722";"-53.68402";"-68.61621";"-299.4623";"-73.93488";"-35.02637"
"11277.93";"-223.4339";"-53.67804";"-68.61621";"-299.4623";"-73.92194";"-35.02045";"-223.4339";"-53.67804";"-68.61621";"-299.4623";"-73.92194";"-35.02045"
"11286.28";"-223.4249";"-53.66058";"-68.61621";"-299.4623";"-73.88202";"-35.04071";"-223.4249";"-53.66058";"-68.61621";"-299.4623";"-73.88202";"-35.04071"
"11294.62";"-223.4136";"-53.65228";"-68.61621";"-299.4623";"-73.86926";"-35.03839";"-223.4136";"-53.65228";"-68.61621";"-299.4623";"-73.86926";"-35.03839"
"11302.96";"-223.3696";"-53.66211";"-68.61621";"-299.4623";"-73.82294";"-35.04059";"-223.3696";"-53.66211";"-68.61621";"-299.4623";"-73.82294";"-35.04059"
"11311.3";"-223.3369";"-53.64124";"-68.61621";"-299.4623";"-73.81635";"-35.04724";"-223.3369";"-53.64124";"-68.61621";"-299.4623";"-73.81635";"-35.04724"
"11319.64";"-223.3367";"-53.64209";"-68.61621";"-299.4623";"-73.78424";"-35.05853";"-223.3367";"-53.64209";"-68.61621";"-299.4623";"-73.78424";"-35.05853"
"11327.98";"-223.3211";"-53.62842";"-68.61621";"-299.4623";"-73.77106";"-35.06378";"-223.3211";"-53.62842";"-68.61621";"-299.4623";"-73.77106";"-35.06378"
"11336.33";"-223.2817";"-53.60529";"-68.61621";"-299.4623";"-73.76825";"-35.08337";"-223.2817";"-53.60529";"-68.61621";"-299.4623";"-73.76825";"-35.08337"
"11344.67";"-223.2633";"-53.56323";"-68.61621";"-299.4623";"-73.7334";"-35.09747";"-223.2633";"-53.56323";"-68.61621";"-299.4623";"-73.7334";"-35.09747"
"11353.01";"-223.2412";"-53.57617";"-68.61621";"-299.4623";"-73.70911";"-35.10236";"-223.2412";"-53.57617";"-68.61621";"-299.4623";"-73.70911";"-35.10236"
"11361.35";"-223.2235";"-53.53168";"-68.61621";"-299.4623";"-73.69006";"-35.11316";"-223.2235";"-53.53168";"-68.61621";"-299.4623";"-73.69006";"-35.11316"
"11369.69";"-223.1816";"-53.53125";"-68.61621";"-299.4623";"-73.65106";"-35.12164";"-223.1816";"-53.53125";"-68.61621";"-299.4623";"-73.65106";"-35.12164"
"11378.03";"-223.1895";"-53.5083";"-68.61621";"-299.4623";"-73.63635";"-35.13428";"-223.1895";"-53.5083";"-68.61621";"-299.4623";"-73.63635";"-35.13428"
"11386.38";"-223.1399";"-53.52466";"-68.61621";"-299.4623";"-73.61658";"-35.14948";"-223.1399";"-53.52466";"-68.61621";"-299.4623";"-73.61658";"-35.14948"
"11394.72";"-223.0362";"-53.49988";"-68.61621";"-299.4623";"-73.591";"-35.15198";"-223.0362";"-53.49988";"-68.61621";"-299.4623";"-73.591";"-35.15198"
"11403.06";"-223.013";"-53.49835";"-68.61621";"-299.4623";"-73.57861";"-35.172";"-223.013";"-53.49835";"-68.61621";"-299.4623";"-73.57861";"-35.172"
"11411.4";"-222.991";"-53.45209";"-68.61621";"-299.4623";"-73.54077";"-35.18262";"-222.991";"-53.45209";"-68.61621";"-299.4623";"-73.54077";"-35.18262"
"11419.74";"-222.9808";"-53.46814";"-68.61621";"-299.4623";"-73.52765";"-35.20703";"-222.9808";"-53.46814";"-68.61621";"-299.4623";"-73.52765";"-35.20703"
"11428.08";"-222.9717";"-53.45966";"-68.61621";"-299.4623";"-73.487";"-35.20313";"-222.9717";"-53.45966";"-68.61621";"-299.4623";"-73.487";"-35.20313"
"11436.42";"-222.9315";"-53.40991";"-68.61621";"-299.4623";"-73.4566";"-35.19678";"-222.9315";"-53.40991";"-68.61621";"-299.4623";"-73.4566";"-35.19678"
"11444.77";"-222.9166";"-53.40356";"-68.61621";"-299.4623";"-73.42432";"-35.21027";"-222.9166";"-53.40356";"-68.61621";"-299.4623";"-73.42432";"-35.21027"
"11453.11";"-222.9087";"-53.40857";"-68.61621";"-299.4623";"-73.39362";"-35.23407";"-222.9087";"-53.40857";"-68.61621";"-299.4623";"-73.39362";"-35.23407"
"11461.45";"-222.8747";"-53.39124";"-68.61621";"-299.4623";"-73.37494";"-35.24182";"-222.8747";"-53.39124";"-68.61621";"-299.4623";"-73.37494";"-35.24182"
"11469.79";"-222.85";"-53.37518";"-68.61621";"-299.4623";"-73.30066";"-35.26459";"-222.85";"-53.37518";"-68.61621";"-299.4623";"-73.30066";"-35.26459"
"11478.13";"-222.8555";"-53.37115";"-68.61621";"-299.4623";"-73.28497";"-35.26733";"-222.8555";"-53.37115";"-68.61621";"-299.4623";"-73.28497";"-35.26733"
"11486.47";"-222.7866";"-53.33594";"-68.61621";"-299.4623";"-73.26862";"-35.28351";"-222.7866";"-53.33594";"-68.61621";"-299.4623";"-73.26862";"-35.28351"
"11494.82";"-222.7776";"-53.33905";"-68.61621";"-299.4623";"-73.24329";"-35.29095";"-222.7776";"-53.33905";"-68.61621";"-299.4623";"-73.24329";"-35.29095"
"11503.16";"-222.7415";"-53.31561";"-68.61621";"-299.4623";"-73.20972";"-35.30139";"-222.7415";"-53.31561";"-68.61621";"-299.4623";"-73.20972";"-35.30139"
"11511.5";"-222.7382";"-53.29901";"-68.61621";"-299.4623";"-73.18164";"-35.30615";"-222.7382";"-53.29901";"-68.61621";"-299.4623";"-73.18164";"-35.30615"
"11519.84";"-222.7151";"-53.28363";"-68.61621";"-299.4623";"-73.1709";"-35.3454";"-222.7151";"-53.28363";"-68.61621";"-299.4623";"-73.1709";"-35.3454"
"11528.18";"-222.6786";"-53.28583";"-68.61621";"-299.4623";"-73.15332";"-35.34393";"-222.6786";"-53.28583";"-68.61621";"-299.4623";"-73.15332";"-35.34393"
"11536.53";"-222.6704";"-53.25684";"-68.61621";"-299.4623";"-73.12183";"-35.36395";"-222.6704";"-53.25684";"-68.61621";"-299.4623";"-73.12183";"-35.36395"
"11544.87";"-222.6575";"-53.25098";"-68.61621";"-299.4623";"-73.09015";"-35.37372";"-222.6575";"-53.25098";"-68.61621";"-299.4623";"-73.09015";"-35.37372"
"11553.21";"-222.6016";"-53.24219";"-68.61621";"-299.4623";"-73.06519";"-35.38678";"-222.6016";"-53.24219";"-68.61621";"-299.4623";"-73.06519";"-35.38678"
"11561.55";"-222.5751";"-53.24103";"-68.61621";"-299.4623";"-73.04138";"-35.3952";"-222.5751";"-53.24103";"-68.61621";"-299.4623";"-73.04138";"-35.3952"
"11569.89";"-222.5505";"-53.20209";"-68.61621";"-299.4623";"-73.02051";"-35.4046";"-222.5505";"-53.20209";"-68.61621";"-299.4623";"-73.02051";"-35.4046"
"11578.23";"-222.5231";"-53.203";"-68.61621";"-299.4623";"-72.97272";"-35.4278";"-222.5231";"-53.203";"-68.61621";"-299.4623";"-72.97272";"-35.4278"
"11586.58";"-222.5005";"-53.19714";"-68.61621";"-299.4623";"-72.95697";"-35.44073";"-222.5005";"-53.19714";"-68.61621";"-299.4623";"-72.95697";"-35.44073"
"11594.92";"-222.5039";"-53.19952";"-68.61621";"-299.4623";"-72.94434";"-35.44812";"-222.5039";"-53.19952";"-68.61621";"-299.4623";"-72.94434";"-35.44812"
"11603.26";"-222.4573";"-53.10223";"-68.61621";"-299.4623";"-72.92297";"-35.45837";"-222.4573";"-53.10223";"-68.61621";"-299.4623";"-72.92297";"-35.45837"
"11611.6";"-222.4582";"-53.099";"-68.61621";"-299.4623";"-72.9043";"-35.4726";"-222.4582";"-53.099";"-68.61621";"-299.4623";"-72.9043";"-35.4726"
"11619.94";"-222.4255";"-53.09662";"-68.61621";"-299.4623";"-72.88507";"-35.48645";"-222.4255";"-53.09662";"-68.61621";"-299.4623";"-72.88507";"-35.48645"
"11628.28";"-222.3976";"-53.0907";"-68.61621";"-299.4623";"-72.86523";"-35.48566";"-222.3976";"-53.0907";"-68.61621";"-299.4623";"-72.86523";"-35.48566"
"11636.63";"-222.4036";"-53.07263";"-68.61621";"-299.4623";"-72.83807";"-35.50494";"-222.4036";"-53.07263";"-68.61621";"-299.4623";"-72.83807";"-35.50494"
"11644.97";"-222.3987";"-53.05682";"-68.61621";"-299.4623";"-72.81201";"-35.51721";"-222.3987";"-53.05682";"-68.61621";"-299.4623";"-72.81201";"-35.51721"
"11653.31";"-222.3293";"-53.05005";"-68.61621";"-299.4623";"-72.79529";"-35.53729";"-222.3293";"-53.05005";"-68.61621";"-299.4623";"-72.79529";"-35.53729"
"11661.65";"-222.3197";"-53.0412";"-68.61621";"-299.4623";"-72.78809";"-35.54974";"-222.3197";"-53.0412";"-68.61621";"-299.4623";"-72.78809";"-35.54974"
"11669.99";"-222.3098";"-53.03839";"-68.61621";"-299.4623";"-72.76019";"-35.56299";"-222.3098";"-53.03839";"-68.61621";"-299.4623";"-72.76019";"-35.56299"
"11678.33";"-222.2943";"-53.03278";"-68.61621";"-299.4623";"-72.75305";"-35.56158";"-222.2943";"-53.03278";"-68.61621";"-299.4623";"-72.75305";"-35.56158"
"11686.67";"-222.2696";"-52.99561";"-68.61621";"-299.4623";"-72.7356";"-35.61072";"-222.2696";"-52.99561";"-68.61621";"-299.4623";"-72.7356";"-35.61072"
"11695.02";"-222.2676";"-52.99548";"-68.61621";"-299.4623";"-72.69495";"-35.61072";"-222.2676";"-52.99548";"-68.61621";"-299.4623";"-72.69495";"-35.61072"
"11703.36";"-222.2611";"-52.97919";"-68.61621";"-299.4623";"-72.67938";"-35.61768";"-222.2611";"-52.97919";"-68.61621";"-299.4623";"-72.67938";"-35.61768"
"11711.7";"-222.2321";"-52.95313";"-68.61621";"-299.4623";"-72.64697";"-35.64105";"-222.2321";"-52.95313";"-68.61621";"-299.4623";"-72.64697";"-35.64105"
"11720.04";"-222.1925";"-52.95941";"-68.61621";"-299.4623";"-72.64124";"-35.6507";"-222.1925";"-52.95941";"-68.61621";"-299.4623";"-72.64124";"-35.6507"
"11728.38";"-222.175";"-52.95679";"-68.61621";"-299.4623";"-72.62543";"-35.66138";"-222.175";"-52.95679";"-68.61621";"-299.4623";"-72.62543";"-35.66138"
"11736.72";"-222.1565";"-52.95801";"-68.61621";"-299.4623";"-72.60944";"-35.66376";"-222.1565";"-52.95801";"-68.61621";"-299.4623";"-72.60944";"-35.66376"
"11745.07";"-222.1293";"-52.94055";"-68.61621";"-299.4623";"-72.58044";"-35.6936";"-222.1293";"-52.94055";"-68.61621";"-299.4623";"-72.58044";"-35.6936"
"11753.41";"-222.1115";"-52.9281";"-68.61621";"-299.4623";"-72.52948";"-35.71356";"-222.1115";"-52.9281";"-68.61621";"-299.4623";"-72.52948";"-35.71356"
"11761.75";"-222.1292";"-52.91583";"-68.61621";"-299.4623";"-72.51385";"-35.72717";"-222.1292";"-52.91583";"-68.61621";"-299.4623";"-72.51385";"-35.72717"
"11770.09";"-222.0953";"-52.8996";"-68.61621";"-299.4623";"-72.50177";"-35.70819";"-222.0953";"-52.8996";"-68.61621";"-299.4623";"-72.50177";"-35.70819"
"11778.43";"-222.067";"-52.88641";"-68.61621";"-299.4623";"-72.42499";"-35.71887";"-222.067";"-52.88641";"-68.61621";"-299.4623";"-72.42499";"-35.71887"
"11786.78";"-222.0556";"-52.88837";"-68.61621";"-299.4623";"-72.41364";"-35.73743";"-222.0556";"-52.88837";"-68.61621";"-299.4623";"-72.41364";"-35.73743"
"11795.12";"-222.0371";"-52.888";"-68.61621";"-299.4623";"-72.39667";"-35.74231";"-222.0371";"-52.888";"-68.61621";"-299.4623";"-72.39667";"-35.74231"
"11803.46";"-221.9938";"-52.85156";"-68.61621";"-299.4623";"-72.29462";"-35.7793";"-221.9938";"-52.85156";"-68.61621";"-299.4623";"-72.29462";"-35.7793"
"11811.8";"-221.9118";"-52.85022";"-68.61621";"-299.4623";"-72.30103";"-35.7934";"-221.9118";"-52.85022";"-68.61621";"-299.4623";"-72.30103";"-35.7934"
"11820.14";"-221.9004";"-52.83856";"-68.61621";"-299.4623";"-72.28741";"-35.79883";"-221.9004";"-52.83856";"-68.61621";"-299.4623";"-72.28741";"-35.79883"
"11828.48";"-221.8997";"-52.83044";"-68.61621";"-299.4623";"-72.27374";"-35.80066";"-221.8997";"-52.83044";"-68.61621";"-299.4623";"-72.27374";"-35.80066"
"11836.83";"-221.8922";"-52.83063";"-68.61621";"-299.4623";"-72.25909";"-35.81445";"-221.8922";"-52.83063";"-68.61621";"-299.4623";"-72.25909";"-35.81445"
"11845.17";"-221.8784";"-52.81805";"-68.61621";"-299.4623";"-72.22949";"-35.81787";"-221.8784";"-52.81805";"-68.61621";"-299.4623";"-72.22949";"-35.81787"
"11853.51";"-221.8592";"-52.82678";"-68.61621";"-299.4623";"-72.21295";"-35.84155";"-221.8592";"-52.82678";"-68.61621";"-299.4623";"-72.21295";"-35.84155"
"11861.85";"-221.8412";"-52.81073";"-68.61621";"-299.4623";"-72.19067";"-35.85065";"-221.8412";"-52.81073";"-68.61621";"-299.4623";"-72.19067";"-35.85065"
"11870.19";"-221.8196";"-52.79474";"-68.61621";"-299.4623";"-72.18182";"-35.84467";"-221.8196";"-52.79474";"-68.61621";"-299.4623";"-72.18182";"-35.84467"
"11878.53";"-221.7979";"-52.7807";"-68.61621";"-299.4623";"-72.14667";"-35.85431";"-221.7979";"-52.7807";"-68.61621";"-299.4623";"-72.14667";"-35.85431"
"11886.88";"-221.7745";"-52.77008";"-68.61621";"-299.4623";"-72.13208";"-35.87592";"-221.7745";"-52.77008";"-68.61621";"-299.4623";"-72.13208";"-35.87592"
"11895.22";"-221.7396";"-52.75903";"-68.61621";"-299.4623";"-72.09149";"-35.89185";"-221.7396";"-52.75903";"-68.61621";"-299.4623";"-72.09149";"-35.89185"
"11903.56";"-221.7497";"-52.75098";"-68.61621";"-299.4623";"-72.09235";"-35.90985";"-221.7497";"-52.75098";"-68.61621";"-299.4623";"-72.09235";"-35.90985"
"11911.9";"-221.6474";"-52.78131";"-68.61621";"-299.4623";"-72.04932";"-35.9118";"-221.6474";"-52.78131";"-68.61621";"-299.4623";"-72.04932";"-35.9118"
"11920.24";"-221.6908";"-52.73389";"-68.61621";"-299.4623";"-72.01904";"-35.91357";"-221.6908";"-52.73389";"-68.61621";"-299.4623";"-72.01904";"-35.91357"
"11928.58";"-221.6801";"-52.72034";"-68.61621";"-299.4623";"-72.00732";"-35.91296";"-221.6801";"-52.72034";"-68.61621";"-299.4623";"-72.00732";"-35.91296"
"11936.92";"-221.6581";"-52.70264";"-68.61621";"-299.4623";"-71.99487";"-35.92499";"-221.6581";"-52.70264";"-68.61621";"-299.4623";"-71.99487";"-35.92499"
"11945.27";"-221.6633";"-52.70721";"-68.61621";"-299.4623";"-71.97754";"-35.93542";"-221.6633";"-52.70721";"-68.61621";"-299.4623";"-71.97754";"-35.93542"
"11953.61";"-221.6084";"-52.69073";"-68.61621";"-299.4623";"-71.96411";"-35.93781";"-221.6084";"-52.69073";"-68.61621";"-299.4623";"-71.96411";"-35.93781"
"11961.95";"-221.6049";"-52.69025";"-68.61621";"-299.4623";"-71.93372";"-35.94196";"-221.6049";"-52.69025";"-68.61621";"-299.4623";"-71.93372";"-35.94196"
"11970.29";"-221.5922";"-52.65082";"-68.61621";"-299.4623";"-71.93115";"-35.95612";"-221.5922";"-52.65082";"-68.61621";"-299.4623";"-71.93115";"-35.95612"
"11978.63";"-221.5535";"-52.67426";"-68.61621";"-299.4623";"-71.90564";"-35.96588";"-221.5535";"-52.67426";"-68.61621";"-299.4623";"-71.90564";"-35.96588"
"11986.97";"-221.5242";"-52.63715";"-68.61621";"-299.4623";"-71.88562";"-35.979";"-221.5242";"-52.63715";"-68.61621";"-299.4623";"-71.88562";"-35.979"
"11995.32";"-221.4961";"-52.53461";"-68.61621";"-299.4623";"-71.86993";"-35.98407";"-221.4961";"-52.53461";"-68.61621";"-299.4623";"-71.86993";"-35.98407"
"12003.66";"-221.4874";"-52.52148";"-68.61621";"-299.4623";"-71.84259";"-35.98633";"-221.4874";"-52.52148";"-68.61621";"-299.4623";"-71.84259";"-35.98633"
"12012";"-221.4912";"-52.50885";"-68.61621";"-299.4623";"-71.81818";"-36.00598";"-221.4912";"-52.50885";"-68.61621";"-299.4623";"-71.81818";"-36.00598"
"12020.34";"-221.3604";"-52.46338";"-68.61621";"-299.4623";"-71.77997";"-36.00098";"-221.3604";"-52.46338";"-68.61621";"-299.4623";"-71.77997";"-36.00098"
"12028.68";"-221.3499";"-52.45837";"-68.61621";"-299.4623";"-71.75305";"-36.01495";"-221.3499";"-52.45837";"-68.61621";"-299.4623";"-71.75305";"-36.01495"
"12037.03";"-221.321";"-52.43341";"-68.61621";"-299.4623";"-71.75531";"-36.03186";"-221.321";"-52.43341";"-68.61621";"-299.4623";"-71.75531";"-36.03186"
"12045.37";"-221.3134";"-52.42432";"-68.61621";"-299.4623";"-71.71875";"-36.03827";"-221.3134";"-52.42432";"-68.61621";"-299.4623";"-71.71875";"-36.03827"
"12053.71";"-221.296";"-52.41907";"-68.61621";"-299.4623";"-71.68549";"-36.05304";"-221.296";"-52.41907";"-68.61621";"-299.4623";"-71.68549";"-36.05304"
"12062.05";"-221.2603";"-52.41553";"-68.61621";"-299.4623";"-71.65759";"-36.04956";"-221.2603";"-52.41553";"-68.61621";"-299.4623";"-71.65759";"-36.04956"
"12070.39";"-221.266";"-52.40417";"-68.61621";"-299.4623";"-71.63873";"-36.05945";"-221.266";"-52.40417";"-68.61621";"-299.4623";"-71.63873";"-36.05945"
"12078.73";"-221.2129";"-52.3736";"-68.61621";"-299.4623";"-71.59845";"-36.07251";"-221.2129";"-52.3736";"-68.61621";"-299.4623";"-71.59845";"-36.07251"
"12087.08";"-221.1957";"-52.3728";"-68.61621";"-299.4623";"-71.58057";"-36.06317";"-221.1957";"-52.3728";"-68.61621";"-299.4623";"-71.58057";"-36.06317"
"12095.42";"-221.1826";"-52.34735";"-68.61621";"-299.4623";"-71.57025";"-36.07501";"-221.1826";"-52.34735";"-68.61621";"-299.4623";"-71.57025";"-36.07501"
"12103.76";"-221.1342";"-52.35541";"-68.61621";"-299.4623";"-71.53174";"-36.09863";"-221.1342";"-52.35541";"-68.61621";"-299.4623";"-71.53174";"-36.09863"
"12112.1";"-221.1262";"-52.34906";"-68.61621";"-299.4623";"-71.50433";"-36.1098";"-221.1262";"-52.34906";"-68.61621";"-299.4623";"-71.50433";"-36.1098"
"12120.44";"-221.1025";"-52.33295";"-68.61621";"-299.4623";"-71.48456";"-36.10028";"-221.1025";"-52.33295";"-68.61621";"-299.4623";"-71.48456";"-36.10028"
"12128.78";"-221.0745";"-52.31952";"-68.61621";"-299.4623";"-71.47186";"-36.10425";"-221.0745";"-52.31952";"-68.61621";"-299.4623";"-71.47186";"-36.10425"
"12137.13";"-221.0439";"-52.31378";"-68.61621";"-299.4623";"-71.42694";"-36.12878";"-221.0439";"-52.31378";"-68.61621";"-299.4623";"-71.42694";"-36.12878"
"12145.47";"-221.0346";"-52.30353";"-68.61621";"-299.4623";"-71.41431";"-36.13519";"-221.0346";"-52.30353";"-68.61621";"-299.4623";"-71.41431";"-36.13519"
"12153.81";"-221.0266";"-52.29761";"-68.61621";"-299.4623";"-71.37244";"-36.14594";"-221.0266";"-52.29761";"-68.61621";"-299.4623";"-71.37244";"-36.14594"
"12162.15";"-220.9979";"-52.27576";"-68.61621";"-299.4623";"-71.37244";"-36.15485";"-220.9979";"-52.27576";"-68.61621";"-299.4623";"-71.37244";"-36.15485"
"12170.49";"-220.9612";"-52.27655";"-68.61621";"-299.4623";"-71.33264";"-36.1524";"-220.9612";"-52.27655";"-68.61621";"-299.4623";"-71.33264";"-36.1524"
"12178.83";"-220.9509";"-52.26727";"-68.61621";"-299.4623";"-71.29498";"-36.17389";"-220.9509";"-52.26727";"-68.61621";"-299.4623";"-71.29498";"-36.17389"
"12187.17";"-220.9478";"-52.24506";"-68.61621";"-299.4623";"-71.26703";"-36.19391";"-220.9478";"-52.24506";"-68.61621";"-299.4623";"-71.26703";"-36.19391"
"12195.52";"-220.9432";"-52.24371";"-68.61621";"-299.4623";"-71.25391";"-36.19617";"-220.9432";"-52.24371";"-68.61621";"-299.4623";"-71.25391";"-36.19617"
"12203.86";"-220.8887";"-52.23163";"-68.61621";"-299.4623";"-71.22906";"-36.20416";"-220.8887";"-52.23163";"-68.61621";"-299.4623";"-71.22906";"-36.20416"
"12212.2";"-220.8822";"-52.22534";"-68.61621";"-299.4623";"-71.22076";"-36.20099";"-220.8822";"-52.22534";"-68.61621";"-299.4623";"-71.22076";"-36.20099"
"12220.54";"-220.8466";"-52.21417";"-68.61621";"-299.4623";"-71.1861";"-36.23138";"-220.8466";"-52.21417";"-68.61621";"-299.4623";"-71.1861";"-36.23138"
"12228.88";"-220.8129";"-52.20697";"-68.61621";"-299.4623";"-71.15845";"-36.23615";"-220.8129";"-52.20697";"-68.61621";"-299.4623";"-71.15845";"-36.23615"
"12237.22";"-220.8173";"-52.17212";"-68.61621";"-299.4623";"-71.15894";"-36.24518";"-220.8173";"-52.17212";"-68.61621";"-299.4623";"-71.15894";"-36.24518"
"12245.57";"-220.8012";"-52.16815";"-68.61621";"-299.4623";"-71.12213";"-36.25031";"-220.8012";"-52.16815";"-68.61621";"-299.4623";"-71.12213";"-36.25031"
"12253.91";"-220.7734";"-52.16339";"-68.61621";"-299.4623";"-71.09003";"-36.25507";"-220.7734";"-52.16339";"-68.61621";"-299.4623";"-71.09003";"-36.25507"
"12262.25";"-220.7488";"-52.15387";"-68.61621";"-299.4623";"-71.0769";"-36.26233";"-220.7488";"-52.15387";"-68.61621";"-299.4623";"-71.0769";"-36.26233"
"12270.59";"-220.7128";"-52.13208";"-68.61621";"-299.4623";"-71.03967";"-36.27716";"-220.7128";"-52.13208";"-68.61621";"-299.4623";"-71.03967";"-36.27716"
"12278.93";"-220.7004";"-52.12909";"-68.61621";"-299.4623";"-71.02271";"-36.27551";"-220.7004";"-52.12909";"-68.61621";"-299.4623";"-71.02271";"-36.27551"
"12287.28";"-220.6913";"-52.12457";"-68.61621";"-299.4623";"-70.99896";"-36.28943";"-220.6913";"-52.12457";"-68.61621";"-299.4623";"-70.99896";"-36.28943"
"12295.62";"-220.6823";"-52.12317";"-68.61621";"-299.4623";"-70.99042";"-36.3075";"-220.6823";"-52.12317";"-68.61621";"-299.4623";"-70.99042";"-36.3075"
"12303.96";"-220.6649";"-52.10535";"-68.61621";"-299.4623";"-70.96002";"-36.30792";"-220.6649";"-52.10535";"-68.61621";"-299.4623";"-70.96002";"-36.30792"
"12312.3";"-220.6557";"-52.10565";"-68.61621";"-299.4623";"-70.9433";"-36.31396";"-220.6557";"-52.10565";"-68.61621";"-299.4623";"-70.9433";"-36.31396"
"12320.64";"-220.5937";"-52.06146";"-68.61621";"-299.4623";"-70.88586";"-36.31366";"-220.5937";"-52.06146";"-68.61621";"-299.4623";"-70.88586";"-36.31366"
"12328.98";"-220.5569";"-52.06274";"-68.61621";"-299.4623";"-70.86993";"-36.32977";"-220.5569";"-52.06274";"-68.61621";"-299.4623";"-70.86993";"-36.32977"
"12337.33";"-220.5726";"-52.04462";"-68.61621";"-299.4623";"-70.85626";"-36.34357";"-220.5726";"-52.04462";"-68.61621";"-299.4623";"-70.85626";"-36.34357"
"12345.67";"-220.5539";"-52.05591";"-68.61621";"-299.4623";"-70.84216";"-36.34937";"-220.5539";"-52.05591";"-68.61621";"-299.4623";"-70.84216";"-36.34937"
"12354.01";"-220.5414";"-52.04413";"-68.61621";"-299.4623";"-70.82336";"-36.36438";"-220.5414";"-52.04413";"-68.61621";"-299.4623";"-70.82336";"-36.36438"
"12362.35";"-220.5131";"-52.03253";"-68.61621";"-299.4623";"-70.81256";"-36.37988";"-220.5131";"-52.03253";"-68.61621";"-299.4623";"-70.81256";"-36.37988"
"12370.69";"-220.532";"-52.02106";"-68.61621";"-299.4623";"-70.79761";"-36.36469";"-220.532";"-52.02106";"-68.61621";"-299.4623";"-70.79761";"-36.36469"
"12379.03";"-220.5035";"-52.02008";"-68.61621";"-299.4623";"-70.77057";"-36.37927";"-220.5035";"-52.02008";"-68.61621";"-299.4623";"-70.77057";"-36.37927"
"12387.38";"-220.488";"-51.89746";"-68.61621";"-299.4623";"-70.74695";"-36.41016";"-220.488";"-51.89746";"-68.61621";"-299.4623";"-70.74695";"-36.41016"
"12395.72";"-220.4587";"-51.89716";"-68.61621";"-299.4623";"-70.7215";"-36.42944";"-220.4587";"-51.89716";"-68.61621";"-299.4623";"-70.7215";"-36.42944"
"12404.06";"-220.442";"-51.89233";"-68.61621";"-299.4623";"-70.67438";"-36.41785";"-220.442";"-51.89233";"-68.61621";"-299.4623";"-70.67438";"-36.41785"
"12412.4";"-220.437";"-51.8858";"-68.61621";"-299.4623";"-70.66406";"-36.4231";"-220.437";"-51.8858";"-68.61621";"-299.4623";"-70.66406";"-36.4231"
"12420.74";"-220.3945";"-51.87842";"-68.61621";"-299.4623";"-70.64258";"-36.42883";"-220.3945";"-51.87842";"-68.61621";"-299.4623";"-70.64258";"-36.42883"
"12429.08";"-220.3675";"-51.87189";"-68.61621";"-299.4623";"-70.59955";"-36.46185";"-220.3675";"-51.87189";"-68.61621";"-299.4623";"-70.59955";"-36.46185"
"12437.42";"-220.3403";"-51.8559";"-68.61621";"-299.4623";"-70.59229";"-36.45471";"-220.3403";"-51.8559";"-68.61621";"-299.4623";"-70.59229";"-36.45471"
"12445.77";"-220.3329";"-51.85687";"-68.61621";"-299.4623";"-70.57056";"-36.46405";"-220.3329";"-51.85687";"-68.61621";"-299.4623";"-70.57056";"-36.46405"
"12454.11";"-220.3055";"-51.83844";"-68.61621";"-299.4623";"-70.55707";"-36.45898";"-220.3055";"-51.83844";"-68.61621";"-299.4623";"-70.55707";"-36.45898"
"12462.45";"-220.3087";"-51.82281";"-68.61621";"-299.4623";"-70.53326";"-36.505";"-220.3087";"-51.82281";"-68.61621";"-299.4623";"-70.53326";"-36.505"
"12470.79";"-220.2665";"-51.82379";"-68.61621";"-299.4623";"-70.50116";"-36.51111";"-220.2665";"-51.82379";"-68.61621";"-299.4623";"-70.50116";"-36.51111"
"12479.13";"-220.27";"-51.82806";"-68.61621";"-299.4623";"-70.50751";"-36.51019";"-220.27";"-51.82806";"-68.61621";"-299.4623";"-70.50751";"-36.51019"
"12487.47";"-220.2505";"-51.77173";"-68.61621";"-299.4623";"-70.4527";"-36.51196";"-220.2505";"-51.77173";"-68.61621";"-299.4623";"-70.4527";"-36.51196"
"12495.82";"-220.2491";"-51.77118";"-68.61621";"-299.4623";"-70.44336";"-36.52148";"-220.2491";"-51.77118";"-68.61621";"-299.4623";"-70.44336";"-36.52148"
"12504.16";"-220.2235";"-51.75201";"-68.61621";"-299.4623";"-70.41248";"-36.5235";"-220.2235";"-51.75201";"-68.61621";"-299.4623";"-70.41248";"-36.5235"
"12512.5";"-220.2207";"-51.74634";"-68.61621";"-299.4623";"-70.36761";"-36.5506";"-220.2207";"-51.74634";"-68.61621";"-299.4623";"-70.36761";"-36.5506"
"12520.84";"-220.196";"-51.73236";"-68.61621";"-299.4623";"-70.34656";"-36.56561";"-220.196";"-51.73236";"-68.61621";"-299.4623";"-70.34656";"-36.56561"
"12529.18";"-220.1625";"-51.71918";"-68.61621";"-299.4623";"-70.30194";"-36.58044";"-220.1625";"-51.71918";"-68.61621";"-299.4623";"-70.30194";"-36.58044"
"12537.53";"-220.1775";"-51.71008";"-68.61621";"-299.4623";"-70.31873";"-36.60461";"-220.1775";"-51.71008";"-68.61621";"-299.4623";"-70.31873";"-36.60461"
"12545.87";"-220.1462";"-51.70074";"-68.61621";"-299.4623";"-70.29657";"-36.61169";"-220.1462";"-51.70074";"-68.61621";"-299.4623";"-70.29657";"-36.61169"
"12554.21";"-220.1369";"-51.66858";"-68.61621";"-299.4623";"-70.25586";"-36.6217";"-220.1369";"-51.66858";"-68.61621";"-299.4623";"-70.25586";"-36.6217"
"12562.55";"-220.1137";"-51.66034";"-68.61621";"-299.4623";"-70.23596";"-36.6308";"-220.1137";"-51.66034";"-68.61621";"-299.4623";"-70.23596";"-36.6308"
"12570.89";"-220.0789";"-51.67175";"-68.61621";"-299.4623";"-70.23364";"-36.64929";"-220.0789";"-51.67175";"-68.61621";"-299.4623";"-70.23364";"-36.64929"
"12579.23";"-220.0699";"-51.67059";"-68.61621";"-299.4623";"-70.20825";"-36.6546";"-220.0699";"-51.67059";"-68.61621";"-299.4623";"-70.20825";"-36.6546"
"12587.58";"-220.0526";"-51.64893";"-68.61621";"-299.4623";"-70.17249";"-36.67554";"-220.0526";"-51.64893";"-68.61621";"-299.4623";"-70.17249";"-36.67554"
"12595.92";"-220.0446";"-51.63763";"-68.61621";"-299.4623";"-70.14594";"-36.68207";"-220.0446";"-51.63763";"-68.61621";"-299.4623";"-70.14594";"-36.68207"
"12604.26";"-220.0172";"-51.62585";"-68.61621";"-299.4623";"-70.12134";"-36.70935";"-220.0172";"-51.62585";"-68.61621";"-299.4623";"-70.12134";"-36.70935"
"12612.6";"-220.0241";"-51.59839";"-68.61621";"-299.4623";"-70.11371";"-36.71582";"-220.0241";"-51.59839";"-68.61621";"-299.4623";"-70.11371";"-36.71582"
"12620.94";"-219.998";"-51.56659";"-68.61621";"-299.4623";"-70.07672";"-36.69788";"-219.998";"-51.56659";"-68.61621";"-299.4623";"-70.07672";"-36.69788"
"12629.28";"-219.9806";"-51.5498";"-68.61621";"-299.4623";"-70.04846";"-36.71204";"-219.9806";"-51.5498";"-68.61621";"-299.4623";"-70.04846";"-36.71204"
"12637.63";"-219.9562";"-51.54333";"-68.61621";"-299.4623";"-70.0285";"-36.72418";"-219.9562";"-51.54333";"-68.61621";"-299.4623";"-70.0285";"-36.72418"
"12645.97";"-219.9412";"-51.54059";"-68.61621";"-299.4623";"-69.98663";"-36.7373";"-219.9412";"-51.54059";"-68.61621";"-299.4623";"-69.98663";"-36.7373"
"12654.31";"-219.9215";"-51.53497";"-68.61621";"-299.4623";"-69.97168";"-36.75018";"-219.9215";"-51.53497";"-68.61621";"-299.4623";"-69.97168";"-36.75018"
"12662.65";"-219.9008";"-51.51123";"-68.61621";"-299.4623";"-69.96643";"-36.76105";"-219.9008";"-51.51123";"-68.61621";"-299.4623";"-69.96643";"-36.76105"
"12670.99";"-219.7083";"-51.49011";"-68.61621";"-299.4623";"-69.91821";"-36.76227";"-219.7083";"-51.49011";"-68.61621";"-299.4623";"-69.91821";"-36.76227"
"12679.33";"-219.7014";"-51.47406";"-68.61621";"-299.4623";"-69.91266";"-36.77448";"-219.7014";"-51.47406";"-68.61621";"-299.4623";"-69.91266";"-36.77448"
"12687.67";"-219.6852";"-51.46191";"-68.61621";"-299.4623";"-69.90222";"-36.78192";"-219.6852";"-51.46191";"-68.61621";"-299.4623";"-69.90222";"-36.78192"
"12696.02";"-219.6393";"-51.44904";"-68.61621";"-299.4623";"-69.87256";"-36.80676";"-219.6393";"-51.44904";"-68.61621";"-299.4623";"-69.87256";"-36.80676"
"12704.36";"-219.6404";"-51.4505";"-68.61621";"-299.4623";"-69.84778";"-36.80267";"-219.6404";"-51.4505";"-68.61621";"-299.4623";"-69.84778";"-36.80267"
"12712.7";"-219.6266";"-51.41254";"-68.61621";"-299.4623";"-69.84131";"-36.81372";"-219.6266";"-51.41254";"-68.61621";"-299.4623";"-69.84131";"-36.81372"
"12721.04";"-219.5289";"-51.4187";"-68.61621";"-299.4623";"-69.81903";"-36.82892";"-219.5289";"-51.4187";"-68.61621";"-299.4623";"-69.81903";"-36.82892"
"12729.38";"-219.525";"-51.41235";"-68.61621";"-299.4623";"-69.79926";"-36.84808";"-219.525";"-51.41235";"-68.61621";"-299.4623";"-69.79926";"-36.84808"
"12737.72";"-219.5195";"-51.40765";"-68.61621";"-299.4623";"-69.79242";"-36.84229";"-219.5195";"-51.40765";"-68.61621";"-299.4623";"-69.79242";"-36.84229"
"12746.07";"-219.5209";"-51.40466";"-68.61621";"-299.4623";"-69.75861";"-36.86072";"-219.5209";"-51.40466";"-68.61621";"-299.4623";"-69.75861";"-36.86072"
"12754.41";"-219.5116";"-51.3728";"-68.61621";"-299.4623";"-69.7522";"-36.87537";"-219.5116";"-51.3728";"-68.61621";"-299.4623";"-69.7522";"-36.87537"
"12762.75";"-219.5139";"-51.3576";"-68.61621";"-299.4623";"-69.70947";"-36.88959";"-219.5139";"-51.3576";"-68.61621";"-299.4623";"-69.70947";"-36.88959"
"12771.09";"-219.4464";"-51.22302";"-68.61621";"-299.4623";"-69.70251";"-36.88812";"-219.4464";"-51.22302";"-68.61621";"-299.4623";"-69.70251";"-36.88812"
"12779.43";"-219.4188";"-51.20203";"-68.61621";"-299.4623";"-69.67419";"-36.90393";"-219.4188";"-51.20203";"-68.61621";"-299.4623";"-69.67419";"-36.90393"
"12787.78";"-219.4197";"-51.19739";"-68.61621";"-299.4623";"-69.65936";"-36.90405";"-219.4197";"-51.19739";"-68.61621";"-299.4623";"-69.65936";"-36.90405"
"12796.12";"-219.4155";"-51.18799";"-68.61621";"-299.4623";"-69.61548";"-36.9212";"-219.4155";"-51.18799";"-68.61621";"-299.4623";"-69.61548";"-36.9212"
"12804.46";"-219.3767";"-51.17639";"-68.61621";"-299.4623";"-69.60114";"-36.92377";"-219.3767";"-51.17639";"-68.61621";"-299.4623";"-69.60114";"-36.92377"
"12812.8";"-219.2889";"-51.15765";"-68.61621";"-299.4623";"-69.52405";"-36.9444";"-219.2889";"-51.15765";"-68.61621";"-299.4623";"-69.52405";"-36.9444"
"12821.14";"-219.2812";"-51.14587";"-68.61621";"-299.4623";"-69.53229";"-36.94629";"-219.2812";"-51.14587";"-68.61621";"-299.4623";"-69.53229";"-36.94629"
"12829.48";"-219.2795";"-51.15204";"-68.61621";"-299.4623";"-69.5379";"-36.94727";"-219.2795";"-51.15204";"-68.61621";"-299.4623";"-69.5379";"-36.94727"
"12837.83";"-219.2723";"-51.13007";"-68.61621";"-299.4623";"-69.49994";"-36.9408";"-219.2723";"-51.13007";"-68.61621";"-299.4623";"-69.49994";"-36.9408"
"12846.17";"-219.2813";"-51.11658";"-68.61621";"-299.4623";"-69.47345";"-36.95044";"-219.2813";"-51.11658";"-68.61621";"-299.4623";"-69.47345";"-36.95044"
"12854.51";"-219.2717";"-51.1001";"-68.61621";"-299.4623";"-69.4519";"-36.97052";"-219.2717";"-51.1001";"-68.61621";"-299.4623";"-69.4519";"-36.97052"
"12862.85";"-219.2596";"-51.0993";"-68.61621";"-299.4623";"-69.44122";"-36.96625";"-219.2596";"-51.0993";"-68.61621";"-299.4623";"-69.44122";"-36.96625"
"12871.19";"-219.2316";"-51.07721";"-68.61621";"-299.4623";"-69.41772";"-36.98572";"-219.2316";"-51.07721";"-68.61621";"-299.4623";"-69.41772";"-36.98572"
"12879.53";"-219.2163";"-51.07373";"-68.61621";"-299.4623";"-69.40491";"-36.99133";"-219.2163";"-51.07373";"-68.61621";"-299.4623";"-69.40491";"-36.99133"
"12887.88";"-219.2065";"-51.0437";"-68.61621";"-299.4623";"-69.37854";"-37.01501";"-219.2065";"-51.0437";"-68.61621";"-299.4623";"-69.37854";"-37.01501"
"12896.22";"-219.2002";"-51.04541";"-68.61621";"-299.4623";"-69.36377";"-37.01978";"-219.2002";"-51.04541";"-68.61621";"-299.4623";"-69.36377";"-37.01978"
"12904.56";"-219.1827";"-51.02832";"-68.61621";"-299.4623";"-69.31677";"-37.04718";"-219.1827";"-51.02832";"-68.61621";"-299.4623";"-69.31677";"-37.04718"
"12912.9";"-219.1765";"-51.02856";"-68.61621";"-299.4623";"-69.29333";"-37.04364";"-219.1765";"-51.02856";"-68.61621";"-299.4623";"-69.29333";"-37.04364"
"12921.24";"-219.1635";"-51.0058";"-68.61621";"-299.4623";"-69.26117";"-37.05322";"-219.1635";"-51.0058";"-68.61621";"-299.4623";"-69.26117";"-37.05322"
"12929.58";"-219.1458";"-51.00226";"-68.61621";"-299.4623";"-69.25616";"-37.04938";"-219.1458";"-51.00226";"-68.61621";"-299.4623";"-69.25616";"-37.04938"
"12937.92";"-219.1243";"-50.97821";"-68.61621";"-299.4623";"-69.23364";"-37.05603";"-219.1243";"-50.97821";"-68.61621";"-299.4623";"-69.23364";"-37.05603"
"12946.27";"-219.1088";"-50.98132";"-68.61621";"-299.4623";"-69.20197";"-37.06897";"-219.1088";"-50.98132";"-68.61621";"-299.4623";"-69.20197";"-37.06897"
"12954.61";"-219.0931";"-50.97235";"-68.61621";"-299.4623";"-69.18475";"-37.08533";"-219.0931";"-50.97235";"-68.61621";"-299.4623";"-69.18475";"-37.08533"
"12962.95";"-219.0858";"-50.97034";"-68.61621";"-299.4623";"-69.14337";"-37.0957";"-219.0858";"-50.97034";"-68.61621";"-299.4623";"-69.14337";"-37.0957"
"12971.29";"-219.0558";"-50.94904";"-68.61621";"-299.4623";"-69.14056";"-37.09882";"-219.0558";"-50.94904";"-68.61621";"-299.4623";"-69.14056";"-37.09882"
"12979.63";"-219.0348";"-50.9328";"-68.61621";"-299.4623";"-69.11523";"-37.09711";"-219.0348";"-50.9328";"-68.61621";"-299.4623";"-69.11523";"-37.09711"
"12987.97";"-219.0206";"-50.93097";"-68.61621";"-299.4623";"-69.09644";"-37.1189";"-219.0206";"-50.93097";"-68.61621";"-299.4623";"-69.09644";"-37.1189"
"12996.32";"-218.9855";"-50.93689";"-68.61621";"-299.4623";"-69.06512";"-37.13281";"-218.9855";"-50.93689";"-68.61621";"-299.4623";"-69.06512";"-37.13281"
"13004.66";"-218.9866";"-50.91058";"-68.61621";"-299.4623";"-69.04413";"-37.13458";"-218.9866";"-50.91058";"-68.61621";"-299.4623";"-69.04413";"-37.13458"
"13013";"-218.9661";"-50.90833";"-68.61621";"-299.4623";"-69.02747";"-37.14087";"-218.9661";"-50.90833";"-68.61621";"-299.4623";"-69.02747";"-37.14087"
"13021.34";"-218.9651";"-50.8656";"-68.61621";"-299.4623";"-69.00958";"-37.14484";"-218.9651";"-50.8656";"-68.61621";"-299.4623";"-69.00958";"-37.14484"
"13029.68";"-218.9515";"-50.85999";"-68.61621";"-299.4623";"-68.98047";"-37.14465";"-218.9515";"-50.85999";"-68.61621";"-299.4623";"-68.98047";"-37.14465"
"13038.03";"-218.8931";"-50.84558";"-68.61621";"-299.4623";"-68.96228";"-37.16986";"-218.8931";"-50.84558";"-68.61621";"-299.4623";"-68.96228";"-37.16986"
"13046.37";"-218.8882";"-50.84277";"-68.61621";"-299.4623";"-68.91565";"-37.2002";"-218.8882";"-50.84277";"-68.61621";"-299.4623";"-68.91565";"-37.2002"
"13054.71";"-218.8575";"-50.81696";"-68.61621";"-299.4623";"-68.91034";"-37.19727";"-218.8575";"-50.81696";"-68.61621";"-299.4623";"-68.91034";"-37.19727"
"13063.05";"-218.8455";"-50.82214";"-68.61621";"-299.4623";"-68.88641";"-37.21356";"-218.8455";"-50.82214";"-68.61621";"-299.4623";"-68.88641";"-37.21356"
"13071.39";"-218.8344";"-50.80798";"-68.61621";"-299.4623";"-68.86676";"-37.21167";"-218.8344";"-50.80798";"-68.61621";"-299.4623";"-68.86676";"-37.21167"
"13079.73";"-218.8416";"-50.81146";"-68.61621";"-299.4623";"-68.84473";"-37.22693";"-218.8416";"-50.81146";"-68.61621";"-299.4623";"-68.84473";"-37.22693"
"13088.08";"-218.7921";"-50.79474";"-68.61621";"-299.4623";"-68.82544";"-37.21863";"-218.7921";"-50.79474";"-68.61621";"-299.4623";"-68.82544";"-37.21863"
"13096.42";"-218.782";"-50.79431";"-68.61621";"-299.4623";"-68.8078";"-37.23242";"-218.782";"-50.79431";"-68.61621";"-299.4623";"-68.8078";"-37.23242"
"13104.76";"-218.7495";"-50.78387";"-68.61621";"-299.4623";"-68.78345";"-37.24469";"-218.7495";"-50.78387";"-68.61621";"-299.4623";"-68.78345";"-37.24469"
"13113.1";"-218.7405";"-50.78864";"-68.61621";"-299.4623";"-68.78284";"-37.26111";"-218.7405";"-50.78864";"-68.61621";"-299.4623";"-68.78284";"-37.26111"
"13121.44";"-218.723";"-50.77142";"-68.61621";"-299.4623";"-68.73431";"-37.27118";"-218.723";"-50.77142";"-68.61621";"-299.4623";"-68.73431";"-37.27118"
"13129.78";"-218.7139";"-50.7666";"-68.61621";"-299.4623";"-68.724";"-37.26996";"-218.7139";"-50.7666";"-68.61621";"-299.4623";"-68.724";"-37.26996"
"13138.13";"-218.685";"-50.72205";"-68.61621";"-299.4623";"-68.69836";"-37.29559";"-218.685";"-50.72205";"-68.61621";"-299.4623";"-68.69836";"-37.29559"
"13146.47";"-218.6788";"-50.71307";"-68.61621";"-299.4623";"-68.65009";"-37.32324";"-218.6788";"-50.71307";"-68.61621";"-299.4623";"-68.65009";"-37.32324"
"13154.81";"-218.6867";"-50.68811";"-68.61621";"-299.4623";"-68.65918";"-37.31989";"-218.6867";"-50.68811";"-68.61621";"-299.4623";"-68.65918";"-37.31989"
"13163.15";"-218.6581";"-50.68622";"-68.61621";"-299.4623";"-68.61884";"-37.3349";"-218.6581";"-50.68622";"-68.61621";"-299.4623";"-68.61884";"-37.3349"
"13171.49";"-218.6366";"-50.68695";"-68.61621";"-299.4623";"-68.6015";"-37.341";"-218.6366";"-50.68695";"-68.61621";"-299.4623";"-68.6015";"-37.341"
"13179.83";"-218.6516";"-50.67035";"-68.61621";"-299.4623";"-68.58057";"-37.35144";"-218.6516";"-50.67035";"-68.61621";"-299.4623";"-68.58057";"-37.35144"
"13188.17";"-218.5811";"-50.65277";"-68.61621";"-299.4623";"-68.54535";"-37.35773";"-218.5811";"-50.65277";"-68.61621";"-299.4623";"-68.54535";"-37.35773"
"13196.52";"-218.5771";"-50.63281";"-68.61621";"-299.4623";"-68.53485";"-37.35815";"-218.5771";"-50.63281";"-68.61621";"-299.4623";"-68.53485";"-37.35815"
"13204.86";"-218.5569";"-50.64447";"-68.61621";"-299.4623";"-68.47229";"-37.39056";"-218.5569";"-50.64447";"-68.61621";"-299.4623";"-68.47229";"-37.39056"
"13213.2";"-218.5621";"-50.62183";"-68.61621";"-299.4623";"-68.48529";"-37.39551";"-218.5621";"-50.62183";"-68.61621";"-299.4623";"-68.48529";"-37.39551"
"13221.54";"-218.3262";"-50.41357";"-68.61621";"-299.4623";"-68.44324";"-37.41473";"-218.3262";"-50.41357";"-68.61621";"-299.4623";"-68.44324";"-37.41473"
"13229.88";"-218.3264";"-50.39246";"-68.61621";"-299.4623";"-68.41492";"-37.42761";"-218.3264";"-50.39246";"-68.61621";"-299.4623";"-68.41492";"-37.42761"
"13238.22";"-218.3063";"-50.37811";"-68.61621";"-299.4623";"-68.39783";"-37.44989";"-218.3063";"-50.37811";"-68.61621";"-299.4623";"-68.39783";"-37.44989"
"13246.57";"-218.2922";"-50.36145";"-68.61621";"-299.4623";"-68.3739";"-37.47198";"-218.2922";"-50.36145";"-68.61621";"-299.4623";"-68.3739";"-37.47198"
"13254.91";"-218.2675";"-50.3382";"-68.61621";"-299.4623";"-68.35864";"-37.46417";"-218.2675";"-50.3382";"-68.61621";"-299.4623";"-68.35864";"-37.46417"
"13263.25";"-218.2366";"-50.34265";"-68.61621";"-299.4623";"-68.3429";"-37.49304";"-218.2366";"-50.34265";"-68.61621";"-299.4623";"-68.3429";"-37.49304"
"13271.59";"-218.191";"-50.34637";"-68.61621";"-299.4623";"-68.27863";"-37.48157";"-218.191";"-50.34637";"-68.61621";"-299.4623";"-68.27863";"-37.48157"
"13279.93";"-218.193";"-50.33807";"-68.61621";"-299.4623";"-68.27155";"-37.50226";"-218.193";"-50.33807";"-68.61621";"-299.4623";"-68.27155";"-37.50226"
"13288.28";"-218.1868";"-50.32434";"-68.61621";"-299.4623";"-68.25922";"-37.53448";"-218.1868";"-50.32434";"-68.61621";"-299.4623";"-68.25922";"-37.53448"
"13296.62";"-218.1948";"-50.31799";"-68.61621";"-299.4623";"-68.24054";"-37.5304";"-218.1948";"-50.31799";"-68.61621";"-299.4623";"-68.24054";"-37.5304"
"13304.96";"-218.1733";"-50.3136";"-68.61621";"-299.4623";"-68.20361";"-37.54706";"-218.1733";"-50.3136";"-68.61621";"-299.4623";"-68.20361";"-37.54706"
"13313.3";"-218.1613";"-50.28687";"-68.61621";"-299.4623";"-68.18439";"-37.55536";"-218.1613";"-50.28687";"-68.61621";"-299.4623";"-68.18439";"-37.55536"
"13321.64";"-218.1125";"-50.23718";"-68.61621";"-299.4623";"-68.12439";"-37.61694";"-218.1125";"-50.23718";"-68.61621";"-299.4623";"-68.12439";"-37.61694"
"13329.98";"-218.1136";"-50.237";"-68.61621";"-299.4623";"-68.12177";"-37.61298";"-218.1136";"-50.237";"-68.61621";"-299.4623";"-68.12177";"-37.61298"
"13338.33";"-218.1229";"-50.23572";"-68.61621";"-299.4623";"-68.1004";"-37.62994";"-218.1229";"-50.23572";"-68.61621";"-299.4623";"-68.1004";"-37.62994"
"13346.67";"-218.1019";"-50.22253";"-68.61621";"-299.4623";"-68.09882";"-37.63489";"-218.1019";"-50.22253";"-68.61621";"-299.4623";"-68.09882";"-37.63489"
"13355.01";"-218.0651";"-50.20081";"-68.61621";"-299.4623";"-68.05292";"-37.6615";"-218.0651";"-50.20081";"-68.61621";"-299.4623";"-68.05292";"-37.6615"
"13363.35";"-218.066";"-50.20117";"-68.61621";"-299.4623";"-68.03296";"-37.66522";"-218.066";"-50.20117";"-68.61621";"-299.4623";"-68.03296";"-37.66522"
"13371.69";"-218.0309";"-50.17932";"-68.61621";"-299.4623";"-68.00879";"-37.68262";"-218.0309";"-50.17932";"-68.61621";"-299.4623";"-68.00879";"-37.68262"
"13380.03";"-218.0139";"-50.17432";"-68.61621";"-299.4623";"-67.97601";"-37.69391";"-218.0139";"-50.17432";"-68.61621";"-299.4623";"-67.97601";"-37.69391"
"13388.38";"-217.9935";"-50.16394";"-68.61621";"-299.4623";"-67.96802";"-37.71863";"-217.9935";"-50.16394";"-68.61621";"-299.4623";"-67.96802";"-37.71863"
"13396.72";"-217.975";"-50.15869";"-68.61621";"-299.4623";"-67.95197";"-37.7298";"-217.975";"-50.15869";"-68.61621";"-299.4623";"-67.95197";"-37.7298"
"13405.06";"-217.9828";"-50.15643";"-68.61621";"-299.4623";"-67.90546";"-37.74182";"-217.9828";"-50.15643";"-68.61621";"-299.4623";"-67.90546";"-37.74182"
"13413.4";"-217.9533";"-50.13843";"-68.61621";"-299.4623";"-67.88953";"-37.74011";"-217.9533";"-50.13843";"-68.61621";"-299.4623";"-67.88953";"-37.74011"
"13421.74";"-217.9297";"-50.13409";"-68.61621";"-299.4623";"-67.87402";"-37.78766";"-217.9297";"-50.13409";"-68.61621";"-299.4623";"-67.87402";"-37.78766"
"13430.08";"-217.9224";"-50.12299";"-68.61621";"-299.4623";"-67.85144";"-37.78204";"-217.9224";"-50.12299";"-68.61621";"-299.4623";"-67.85144";"-37.78204"
"13438.42";"-217.9134";"-50.11292";"-68.61621";"-299.4623";"-67.85028";"-37.79138";"-217.9134";"-50.11292";"-68.61621";"-299.4623";"-67.85028";"-37.79138"
"13446.77";"-217.913";"-50.11475";"-68.61621";"-299.4623";"-67.83319";"-37.79413";"-217.913";"-50.11475";"-68.61621";"-299.4623";"-67.83319";"-37.79413"
"13455.11";"-217.8846";"-50.10028";"-68.61621";"-299.4623";"-67.7995";"-37.80286";"-217.8846";"-50.10028";"-68.61621";"-299.4623";"-67.7995";"-37.80286"
"13463.45";"-217.8614";"-50.11041";"-68.61621";"-299.4623";"-67.78467";"-37.79889";"-217.8614";"-50.11041";"-68.61621";"-299.4623";"-67.78467";"-37.79889"
"13471.79";"-217.8415";"-50.0921";"-68.61621";"-299.4623";"-67.75055";"-37.81781";"-217.8415";"-50.0921";"-68.61621";"-299.4623";"-67.75055";"-37.81781"
"13480.13";"-217.8441";"-50.07959";"-68.61621";"-299.4623";"-67.74524";"-37.81226";"-217.8441";"-50.07959";"-68.61621";"-299.4623";"-67.74524";"-37.81226"
"13488.47";"-217.8036";"-50.06604";"-68.61621";"-299.4623";"-67.70892";"-37.82758";"-217.8036";"-50.06604";"-68.61621";"-299.4623";"-67.70892";"-37.82758"
"13496.82";"-217.7877";"-50.05927";"-68.61621";"-299.4623";"-67.70013";"-37.8446";"-217.7877";"-50.05927";"-68.61621";"-299.4623";"-67.70013";"-37.8446"
"13505.16";"-217.7709";"-50.06183";"-68.61621";"-299.4623";"-67.66913";"-37.84827";"-217.7709";"-50.06183";"-68.61621";"-299.4623";"-67.66913";"-37.84827"
"13513.5";"-217.7747";"-50.05969";"-68.61621";"-299.4623";"-67.65686";"-37.85962";"-217.7747";"-50.05969";"-68.61621";"-299.4623";"-67.65686";"-37.85962"
"13521.84";"-217.7285";"-50.05615";"-68.61621";"-299.4623";"-67.60571";"-37.87427";"-217.7285";"-50.05615";"-68.61621";"-299.4623";"-67.60571";"-37.87427"
"13530.18";"-217.7285";"-50.02759";"-68.61621";"-299.4623";"-67.58936";"-37.88678";"-217.7285";"-50.02759";"-68.61621";"-299.4623";"-67.58936";"-37.88678"
"13538.53";"-217.6965";"-50.02167";"-68.61621";"-299.4623";"-67.58051";"-37.90051";"-217.6965";"-50.02167";"-68.61621";"-299.4623";"-67.58051";"-37.90051"
"13546.87";"-217.6829";"-50.01733";"-68.61621";"-299.4623";"-67.55255";"-37.91052";"-217.6829";"-50.01733";"-68.61621";"-299.4623";"-67.55255";"-37.91052"
"13555.21";"-217.6636";"-49.99182";"-68.61621";"-299.4623";"-67.53888";"-37.91443";"-217.6636";"-49.99182";"-68.61621";"-299.4623";"-67.53888";"-37.91443"
"13563.55";"-217.6436";"-49.98792";"-68.61621";"-299.4623";"-67.51239";"-37.93481";"-217.6436";"-49.98792";"-68.61621";"-299.4623";"-67.51239";"-37.93481"
"13571.89";"-217.6362";"-49.98383";"-68.61621";"-299.4623";"-67.49585";"-37.92731";"-217.6362";"-49.98383";"-68.61621";"-299.4623";"-67.49585";"-37.92731"
"13580.23";"-217.6029";"-49.97009";"-68.61621";"-299.4623";"-67.47046";"-37.94177";"-217.6029";"-49.97009";"-68.61621";"-299.4623";"-67.47046";"-37.94177"
"13588.58";"-217.6206";"-49.95831";"-68.61621";"-299.4623";"-67.43884";"-37.94958";"-217.6206";"-49.95831";"-68.61621";"-299.4623";"-67.43884";"-37.94958"
"13596.92";"-217.6102";"-49.94629";"-68.61621";"-299.4623";"-67.41193";"-37.96594";"-217.6102";"-49.94629";"-68.61621";"-299.4623";"-67.41193";"-37.96594"
"13605.26";"-217.5849";"-49.95703";"-68.61621";"-299.4623";"-67.37885";"-37.97437";"-217.5849";"-49.95703";"-68.61621";"-299.4623";"-67.37885";"-37.97437"
"13613.6";"-217.5504";"-49.94678";"-68.61621";"-299.4623";"-67.35657";"-37.98877";"-217.5504";"-49.94678";"-68.61621";"-299.4623";"-67.35657";"-37.98877"
"13621.94";"-217.5657";"-49.9516";"-68.61621";"-299.4623";"-67.3183";"-38.00848";"-217.5657";"-49.9516";"-68.61621";"-299.4623";"-67.3183";"-38.00848"
"13630.28";"-217.5375";"-49.93481";"-68.61621";"-299.4623";"-67.30487";"-38.01324";"-217.5375";"-49.93481";"-68.61621";"-299.4623";"-67.30487";"-38.01324"
"13638.63";"-217.5002";"-49.92645";"-68.61621";"-299.4623";"-67.27509";"-38.01178";"-217.5002";"-49.92645";"-68.61621";"-299.4623";"-67.27509";"-38.01178"
"13646.97";"-217.4885";"-49.77661";"-68.61621";"-299.4623";"-67.25641";"-38.01941";"-217.4885";"-49.77661";"-68.61621";"-299.4623";"-67.25641";"-38.01941"
"13655.31";"-217.474";"-49.74585";"-68.61621";"-299.4623";"-67.22931";"-38.04346";"-217.474";"-49.74585";"-68.61621";"-299.4623";"-67.22931";"-38.04346"
"13663.65";"-217.4755";"-49.73022";"-68.61621";"-299.4623";"-67.21875";"-38.0495";"-217.4755";"-49.73022";"-68.61621";"-299.4623";"-67.21875";"-38.0495"
"13671.99";"-217.4768";"-49.72083";"-68.61621";"-299.4623";"-67.19476";"-38.05725";"-217.4768";"-49.72083";"-68.61621";"-299.4623";"-67.19476";"-38.05725"
"13680.33";"-217.4614";"-49.71661";"-68.61621";"-299.4623";"-67.17761";"-38.06262";"-217.4614";"-49.71661";"-68.61621";"-299.4623";"-67.17761";"-38.06262"
"13688.67";"-217.3721";"-49.67383";"-68.61621";"-299.4623";"-67.14673";"-38.08771";"-217.3721";"-49.67383";"-68.61621";"-299.4623";"-67.14673";"-38.08771"
"13697.02";"-217.3878";"-49.66498";"-68.61621";"-299.4623";"-67.13232";"-38.08746";"-217.3878";"-49.66498";"-68.61621";"-299.4623";"-67.13232";"-38.08746"
"13705.36";"-217.3882";"-49.65186";"-68.61621";"-299.4623";"-67.11053";"-38.09229";"-217.3882";"-49.65186";"-68.61621";"-299.4623";"-67.11053";"-38.09229"
"13713.7";"-217.3522";"-49.64722";"-68.61621";"-299.4623";"-67.05975";"-38.11334";"-217.3522";"-49.64722";"-68.61621";"-299.4623";"-67.05975";"-38.11334"
"13722.04";"-217.3301";"-49.63666";"-68.61621";"-299.4623";"-67.0545";"-38.1189";"-217.3301";"-49.63666";"-68.61621";"-299.4623";"-67.0545";"-38.1189"
"13730.38";"-217.3275";"-49.62976";"-68.61621";"-299.4623";"-67.03021";"-38.12708";"-217.3275";"-49.62976";"-68.61621";"-299.4623";"-67.03021";"-38.12708"
"13738.72";"-217.3358";"-49.60095";"-68.61621";"-299.4623";"-67.01056";"-38.13934";"-217.3358";"-49.60095";"-68.61621";"-299.4623";"-67.01056";"-38.13934"
"13747.07";"-217.3061";"-49.60236";"-68.61621";"-299.4623";"-66.99915";"-38.15277";"-217.3061";"-49.60236";"-68.61621";"-299.4623";"-66.99915";"-38.15277"
"13755.41";"-217.2913";"-49.58319";"-68.61621";"-299.4623";"-66.99359";"-38.16833";"-217.2913";"-49.58319";"-68.61621";"-299.4623";"-66.99359";"-38.16833"
"13763.75";"-217.2533";"-49.57721";"-68.61621";"-299.4623";"-66.9574";"-38.16888";"-217.2533";"-49.57721";"-68.61621";"-299.4623";"-66.9574";"-38.16888"
"13772.09";"-217.2097";"-49.57263";"-68.61621";"-299.4623";"-66.91846";"-38.17853";"-217.2097";"-49.57263";"-68.61621";"-299.4623";"-66.91846";"-38.17853"
"13780.43";"-217.2236";"-49.56665";"-68.61621";"-299.4623";"-66.90924";"-38.18286";"-217.2236";"-49.56665";"-68.61621";"-299.4623";"-66.90924";"-38.18286"
"13788.78";"-217.1862";"-49.55402";"-68.61621";"-299.4623";"-66.88763";"-38.21033";"-217.1862";"-49.55402";"-68.61621";"-299.4623";"-66.88763";"-38.21033"
"13797.12";"-217.1928";"-49.54877";"-68.61621";"-299.4623";"-66.87408";"-38.22314";"-217.1928";"-49.54877";"-68.61621";"-299.4623";"-66.87408";"-38.22314"
"13805.46";"-217.1431";"-49.53577";"-68.61621";"-299.4623";"-66.8385";"-38.21942";"-217.1431";"-49.53577";"-68.61621";"-299.4623";"-66.8385";"-38.21942"
"13813.8";"-216.8719";"-49.46503";"-68.61621";"-299.4623";"-66.8064";"-38.25909";"-216.8719";"-49.46503";"-68.61621";"-299.4623";"-66.8064";"-38.25909"
"13822.14";"-216.8818";"-49.4621";"-68.61621";"-299.4623";"-66.78497";"-38.27142";"-216.8818";"-49.4621";"-68.61621";"-299.4623";"-66.78497";"-38.27142"
"13830.48";"-216.8763";"-49.45459";"-68.61621";"-299.4623";"-66.77704";"-38.27667";"-216.8763";"-49.45459";"-68.61621";"-299.4623";"-66.77704";"-38.27667"
"13838.83";"-216.8452";"-49.44824";"-68.61621";"-299.4623";"-66.78632";"-38.26788";"-216.8452";"-49.44824";"-68.61621";"-299.4623";"-66.78632";"-38.26788"
"13847.17";"-216.8341";"-49.44812";"-68.61621";"-299.4623";"-66.73578";"-38.28473";"-216.8341";"-49.44812";"-68.61621";"-299.4623";"-66.73578";"-38.28473"
"13855.51";"-216.7908";"-49.42902";"-68.61621";"-299.4623";"-66.73627";"-38.29382";"-216.7908";"-49.42902";"-68.61621";"-299.4623";"-66.73627";"-38.29382"
"13863.85";"-216.7798";"-49.41614";"-68.61621";"-299.4623";"-66.71802";"-38.30896";"-216.7798";"-49.41614";"-68.61621";"-299.4623";"-66.71802";"-38.30896"
"13872.19";"-216.7421";"-49.42352";"-68.61621";"-299.4623";"-66.67389";"-38.30255";"-216.7421";"-49.42352";"-68.61621";"-299.4623";"-66.67389";"-38.30255"
"13880.53";"-216.7084";"-49.41132";"-68.61621";"-299.4623";"-66.65448";"-38.3056";"-216.7084";"-49.41132";"-68.61621";"-299.4623";"-66.65448";"-38.3056"
"13888.88";"-216.6882";"-49.38928";"-68.61621";"-299.4623";"-66.60333";"-38.34705";"-216.6882";"-49.38928";"-68.61621";"-299.4623";"-66.60333";"-38.34705"
"13897.22";"-216.6708";"-49.36792";"-68.61621";"-299.4623";"-66.58148";"-38.36395";"-216.6708";"-49.36792";"-68.61621";"-299.4623";"-66.58148";"-38.36395"
"13905.56";"-216.6655";"-49.37726";"-68.61621";"-299.4623";"-66.5658";"-38.35931";"-216.6655";"-49.37726";"-68.61621";"-299.4623";"-66.5658";"-38.35931"
"13913.9";"-216.6431";"-49.36285";"-68.61621";"-299.4623";"-66.55182";"-38.37848";"-216.6431";"-49.36285";"-68.61621";"-299.4623";"-66.55182";"-38.37848"
"13922.24";"-216.6179";"-49.31256";"-68.61621";"-299.4623";"-66.50531";"-38.40271";"-216.6179";"-49.31256";"-68.61621";"-299.4623";"-66.50531";"-38.40271"
"13930.58";"-216.5651";"-49.31757";"-68.61621";"-299.4623";"-66.49188";"-38.40649";"-216.5651";"-49.31757";"-68.61621";"-299.4623";"-66.49188";"-38.40649"
"13938.92";"-216.5398";"-49.30798";"-68.61621";"-299.4623";"-66.45612";"-38.41296";"-216.5398";"-49.30798";"-68.61621";"-299.4623";"-66.45612";"-38.41296"
"13947.27";"-216.5463";"-49.29822";"-68.61621";"-299.4623";"-66.43475";"-38.42316";"-216.5463";"-49.29822";"-68.61621";"-299.4623";"-66.43475";"-38.42316"
"13955.61";"-216.5268";"-49.28442";"-68.61621";"-299.4623";"-66.36774";"-38.42664";"-216.5268";"-49.28442";"-68.61621";"-299.4623";"-66.36774";"-38.42664"
"13963.95";"-216.4744";"-49.16278";"-68.61621";"-299.4623";"-66.35132";"-38.43335";"-216.4744";"-49.16278";"-68.61621";"-299.4623";"-66.35132";"-38.43335"
"13972.29";"-216.4583";"-49.15393";"-68.61621";"-299.4623";"-66.3241";"-38.47516";"-216.4583";"-49.15393";"-68.61621";"-299.4623";"-66.3241";"-38.47516"
"13980.63";"-216.439";"-49.15002";"-68.61621";"-299.4623";"-66.29608";"-38.49976";"-216.439";"-49.15002";"-68.61621";"-299.4623";"-66.29608";"-38.49976"
"13988.97";"-216.4045";"-49.12561";"-68.61621";"-299.4623";"-66.2876";"-38.49896";"-216.4045";"-49.12561";"-68.61621";"-299.4623";"-66.2876";"-38.49896"
"13997.32";"-216.3848";"-49.11719";"-68.61621";"-299.4623";"-66.27838";"-38.51038";"-216.3848";"-49.11719";"-68.61621";"-299.4623";"-66.27838";"-38.51038"
"14005.66";"-216.3807";"-49.10138";"-68.61621";"-299.4623";"-66.2381";"-38.51422";"-216.3807";"-49.10138";"-68.61621";"-299.4623";"-66.2381";"-38.51422"
"14014";"-216.374";"-49.09808";"-68.61621";"-299.4623";"-66.20581";"-38.52203";"-216.374";"-49.09808";"-68.61621";"-299.4623";"-66.20581";"-38.52203"
"14022.34";"-216.3356";"-49.08771";"-68.61621";"-299.4623";"-66.19818";"-38.54968";"-216.3356";"-49.08771";"-68.61621";"-299.4623";"-66.19818";"-38.54968"
"14030.68";"-216.3253";"-49.06012";"-68.61621";"-299.4623";"-66.16479";"-38.56805";"-216.3253";"-49.06012";"-68.61621";"-299.4623";"-66.16479";"-38.56805"
"14039.03";"-216.3153";"-49.04108";"-68.61621";"-299.4623";"-66.16144";"-38.58533";"-216.3153";"-49.04108";"-68.61621";"-299.4623";"-66.16144";"-38.58533"
"14047.37";"-216.2939";"-49.03735";"-68.61621";"-299.4623";"-66.1413";"-38.57379";"-216.2939";"-49.03735";"-68.61621";"-299.4623";"-66.1413";"-38.57379"
"14055.71";"-216.2698";"-49.02802";"-68.61621";"-299.4623";"-66.11237";"-38.60382";"-216.2698";"-49.02802";"-68.61621";"-299.4623";"-66.11237";"-38.60382"
"14064.05";"-216.2543";"-49.02222";"-68.61621";"-299.4623";"-66.08667";"-38.60608";"-216.2543";"-49.02222";"-68.61621";"-299.4623";"-66.08667";"-38.60608"
"14072.39";"-216.2558";"-49.02887";"-68.61621";"-299.4623";"-66.07379";"-38.63977";"-216.2558";"-49.02887";"-68.61621";"-299.4623";"-66.07379";"-38.63977"
"14080.73";"-216.2574";"-49.0307";"-68.61621";"-299.4623";"-66.02667";"-38.60706";"-216.2574";"-49.0307";"-68.61621";"-299.4623";"-66.02667";"-38.60706"
"14089.08";"-216.2446";"-49.0174";"-68.61621";"-299.4623";"-66.02368";"-38.66589";"-216.2446";"-49.0174";"-68.61621";"-299.4623";"-66.02368";"-38.66589"
"14097.42";"-216.2129";"-48.99884";"-68.61621";"-299.4623";"-66.00836";"-38.6842";"-216.2129";"-48.99884";"-68.61621";"-299.4623";"-66.00836";"-38.6842"
"14105.76";"-216.2008";"-48.995";"-68.61621";"-299.4623";"-65.97919";"-38.67188";"-216.2008";"-48.995";"-68.61621";"-299.4623";"-65.97919";"-38.67188"
"14114.1";"-216.179";"-48.97827";"-68.61621";"-299.4623";"-65.95941";"-38.68225";"-216.179";"-48.97827";"-68.61621";"-299.4623";"-65.95941";"-38.68225"
"14122.44";"-216.1559";"-48.97144";"-68.61621";"-299.4623";"-65.94037";"-38.68384";"-216.1559";"-48.97144";"-68.61621";"-299.4623";"-65.94037";"-38.68384"
"14130.78";"-216.1123";"-48.96191";"-68.61621";"-299.4623";"-65.92188";"-38.69293";"-216.1123";"-48.96191";"-68.61621";"-299.4623";"-65.92188";"-38.69293"
"14139.13";"-216.111";"-48.95215";"-68.61621";"-299.4623";"-65.90601";"-38.7182";"-216.111";"-48.95215";"-68.61621";"-299.4623";"-65.90601";"-38.7182"
"14147.47";"-216.0919";"-48.93158";"-68.61621";"-299.4623";"-65.86603";"-38.73615";"-216.0919";"-48.93158";"-68.61621";"-299.4623";"-65.86603";"-38.73615"
"14155.81";"-216.0647";"-48.93347";"-68.61621";"-299.4623";"-65.84338";"-38.74554";"-216.0647";"-48.93347";"-68.61621";"-299.4623";"-65.84338";"-38.74554"
"14164.15";"-216.059";"-48.93494";"-68.61621";"-299.4623";"-65.83563";"-38.74438";"-216.059";"-48.93494";"-68.61621";"-299.4623";"-65.83563";"-38.74438"
"14172.49";"-216.0519";"-48.90826";"-68.61621";"-299.4623";"-65.81226";"-38.7644";"-216.0519";"-48.90826";"-68.61621";"-299.4623";"-65.81226";"-38.7644"
"14180.83";"-216.04";"-48.90149";"-68.61621";"-299.4623";"-65.77155";"-38.76825";"-216.04";"-48.90149";"-68.61621";"-299.4623";"-65.77155";"-38.76825"
"14189.17";"-215.941";"-48.89801";"-68.61621";"-299.4623";"-65.76672";"-38.7796";"-215.941";"-48.89801";"-68.61621";"-299.4623";"-65.76672";"-38.7796"
"14197.52";"-215.9315";"-48.8844";"-68.61621";"-299.4623";"-65.73212";"-38.78491";"-215.9315";"-48.8844";"-68.61621";"-299.4623";"-65.73212";"-38.78491"
"14205.86";"-215.8918";"-48.87238";"-68.61621";"-299.4623";"-65.68597";"-38.82159";"-215.8918";"-48.87238";"-68.61621";"-299.4623";"-65.68597";"-38.82159"
"14214.2";"-215.8768";"-48.87469";"-68.61621";"-299.4623";"-65.67242";"-38.81537";"-215.8768";"-48.87469";"-68.61621";"-299.4623";"-65.67242";"-38.81537"
"14222.54";"-215.8469";"-48.85645";"-68.61621";"-299.4623";"-65.65808";"-38.84766";"-215.8469";"-48.85645";"-68.61621";"-299.4623";"-65.65808";"-38.84766"
"14230.88";"-215.8263";"-48.8576";"-68.61621";"-299.4623";"-65.61761";"-38.86285";"-215.8263";"-48.8576";"-68.61621";"-299.4623";"-65.61761";"-38.86285"
"14239.22";"-215.8159";"-48.82056";"-68.61621";"-299.4623";"-65.58691";"-38.8678";"-215.8159";"-48.82056";"-68.61621";"-299.4623";"-65.58691";"-38.8678"
"14247.57";"-215.8007";"-48.81604";"-68.61621";"-299.4623";"-65.58429";"-38.88184";"-215.8007";"-48.81604";"-68.61621";"-299.4623";"-65.58429";"-38.88184"
"14255.91";"-215.7737";"-48.78284";"-68.61621";"-299.4623";"-65.5578";"-38.87012";"-215.7737";"-48.78284";"-68.61621";"-299.4623";"-65.5578";"-38.87012"
"14264.25";"-215.7605";"-48.77625";"-68.61621";"-299.4623";"-65.55249";"-38.87317";"-215.7605";"-48.77625";"-68.61621";"-299.4623";"-65.55249";"-38.87317"
"14272.59";"-215.7189";"-48.77942";"-68.61621";"-299.4623";"-65.50946";"-38.89966";"-215.7189";"-48.77942";"-68.61621";"-299.4623";"-65.50946";"-38.89966"
"14280.93";"-215.7059";"-48.77399";"-68.61621";"-299.4623";"-65.47565";"-38.89795";"-215.7059";"-48.77399";"-68.61621";"-299.4623";"-65.47565";"-38.89795"
"14289.28";"-215.6783";"-48.75659";"-68.61621";"-299.4623";"-65.4447";"-38.89691";"-215.6783";"-48.75659";"-68.61621";"-299.4623";"-65.4447";"-38.89691"
"14297.62";"-215.6638";"-48.75458";"-68.61621";"-299.4623";"-65.43787";"-38.90594";"-215.6638";"-48.75458";"-68.61621";"-299.4623";"-65.43787";"-38.90594"
"14305.96";"-215.654";"-48.73828";"-68.61621";"-299.4623";"-65.38751";"-38.9151";"-215.654";"-48.73828";"-68.61621";"-299.4623";"-65.38751";"-38.9151"
"14314.3";"-215.6561";"-48.71356";"-68.61621";"-299.4623";"-65.37787";"-38.91821";"-215.6561";"-48.71356";"-68.61621";"-299.4623";"-65.37787";"-38.91821"
"14322.64";"-215.6022";"-48.68378";"-68.61621";"-299.4623";"-65.33197";"-38.94464";"-215.6022";"-48.68378";"-68.61621";"-299.4623";"-65.33197";"-38.94464"
"14330.98";"-215.5865";"-48.67224";"-68.61621";"-299.4623";"-65.32245";"-38.95453";"-215.5865";"-48.67224";"-68.61621";"-299.4623";"-65.32245";"-38.95453"
"14339.33";"-215.5884";"-48.67609";"-68.61621";"-299.4623";"-65.297";"-38.96216";"-215.5884";"-48.67609";"-68.61621";"-299.4623";"-65.297";"-38.96216"
"14347.67";"-215.5797";"-48.67181";"-68.61621";"-299.4623";"-65.28021";"-38.96735";"-215.5797";"-48.67181";"-68.61621";"-299.4623";"-65.28021";"-38.96735"
"14356.01";"-215.5417";"-48.65765";"-68.61621";"-299.4623";"-65.23242";"-38.98737";"-215.5417";"-48.65765";"-68.61621";"-299.4623";"-65.23242";"-38.98737"
"14364.35";"-215.538";"-48.65271";"-68.61621";"-299.4623";"-65.22144";"-38.98932";"-215.538";"-48.65271";"-68.61621";"-299.4623";"-65.22144";"-38.98932"
"14372.69";"-215.3351";"-48.47662";"-68.61621";"-299.4623";"-65.18665";"-38.98206";"-215.3351";"-48.47662";"-68.61621";"-299.4623";"-65.18665";"-38.98206"
"14381.03";"-215.3326";"-48.4491";"-68.61621";"-299.4623";"-65.17902";"-38.99847";"-215.3326";"-48.4491";"-68.61621";"-299.4623";"-65.17902";"-38.99847"
"14389.38";"-215.2984";"-48.4483";"-68.61621";"-299.4623";"-65.15308";"-38.99542";"-215.2984";"-48.4483";"-68.61621";"-299.4623";"-65.15308";"-38.99542"
"14397.72";"-215.295";"-48.41724";"-68.61621";"-299.4623";"-65.12958";"-39.03204";"-215.295";"-48.41724";"-68.61621";"-299.4623";"-65.12958";"-39.03204"
"14406.06";"-215.2661";"-48.39868";"-68.61621";"-299.4623";"-65.07837";"-39.03558";"-215.2661";"-48.39868";"-68.61621";"-299.4623";"-65.07837";"-39.03558"
"14414.4";"-215.2488";"-48.38995";"-68.61621";"-299.4623";"-65.07587";"-39.03296";"-215.2488";"-48.38995";"-68.61621";"-299.4623";"-65.07587";"-39.03296"
"14422.74";"-215.2194";"-48.37878";"-68.61621";"-299.4623";"-65.03235";"-39.04968";"-215.2194";"-48.37878";"-68.61621";"-299.4623";"-65.03235";"-39.04968"
"14431.08";"-215.2192";"-48.3775";"-68.61621";"-299.4623";"-65.00323";"-39.0694";"-215.2192";"-48.3775";"-68.61621";"-299.4623";"-65.00323";"-39.0694"
"14439.42";"-215.1866";"-48.35889";"-68.61621";"-299.4623";"-64.9834";"-39.05884";"-215.1866";"-48.35889";"-68.61621";"-299.4623";"-64.9834";"-39.05884"
"14447.77";"-215.184";"-48.34821";"-68.61621";"-299.4623";"-64.98303";"-39.07788";"-215.184";"-48.34821";"-68.61621";"-299.4623";"-64.98303";"-39.07788"
"14456.11";"-215.131";"-48.33386";"-68.61621";"-299.4623";"-64.90906";"-39.10864";"-215.131";"-48.33386";"-68.61621";"-299.4623";"-64.90906";"-39.10864"
"14464.45";"-215.1056";"-48.32715";"-68.61621";"-299.4623";"-64.90924";"-39.10577";"-215.1056";"-48.32715";"-68.61621";"-299.4623";"-64.90924";"-39.10577"
"14472.79";"-215.0724";"-48.31458";"-68.61621";"-299.4623";"-64.86395";"-39.10431";"-215.0724";"-48.31458";"-68.61621";"-299.4623";"-64.86395";"-39.10431"
"14481.13";"-215.0662";"-48.315";"-68.61621";"-299.4623";"-64.86853";"-39.10352";"-215.0662";"-48.315";"-68.61621";"-299.4623";"-64.86853";"-39.10352"
"14489.47";"-215.0392";"-48.28931";"-68.61621";"-299.4623";"-64.83441";"-39.11713";"-215.0392";"-48.28931";"-68.61621";"-299.4623";"-64.83441";"-39.11713"
"14497.82";"-215.0345";"-48.2923";"-68.61621";"-299.4623";"-64.82227";"-39.12836";"-215.0345";"-48.2923";"-68.61621";"-299.4623";"-64.82227";"-39.12836"
"14506.16";"-214.9856";"-48.26184";"-68.61621";"-299.4623";"-64.78638";"-39.14539";"-214.9856";"-48.26184";"-68.61621";"-299.4623";"-64.78638";"-39.14539"
"14514.5";"-214.9824";"-48.26306";"-68.61621";"-299.4623";"-64.76489";"-39.16284";"-214.9824";"-48.26306";"-68.61621";"-299.4623";"-64.76489";"-39.16284"
"14522.84";"-214.9639";"-48.2453";"-68.61621";"-299.4623";"-64.73743";"-39.17572";"-214.9639";"-48.2453";"-68.61621";"-299.4623";"-64.73743";"-39.17572"
"14531.18";"-214.938";"-48.22552";"-68.61621";"-299.4623";"-64.7301";"-39.18347";"-214.938";"-48.22552";"-68.61621";"-299.4623";"-64.7301";"-39.18347"
"14539.53";"-214.8907";"-48.23175";"-68.61621";"-299.4623";"-64.67725";"-39.20905";"-214.8907";"-48.23175";"-68.61621";"-299.4623";"-64.67725";"-39.20905"
"14547.87";"-214.8925";"-48.22833";"-68.61621";"-299.4623";"-64.66431";"-39.20483";"-214.8925";"-48.22833";"-68.61621";"-299.4623";"-64.66431";"-39.20483"
"14556.21";"-214.8497";"-48.22504";"-68.61621";"-299.4623";"-64.61096";"-39.22217";"-214.8497";"-48.22504";"-68.61621";"-299.4623";"-64.61096";"-39.22217"
"14564.55";"-214.832";"-48.21497";"-68.61621";"-299.4623";"-64.59387";"-39.22791";"-214.832";"-48.21497";"-68.61621";"-299.4623";"-64.59387";"-39.22791"
"14572.89";"-214.8031";"-48.22046";"-68.61621";"-299.4623";"-64.55396";"-39.25043";"-214.8031";"-48.22046";"-68.61621";"-299.4623";"-64.55396";"-39.25043"
"14581.23";"-214.7809";"-48.20465";"-68.61621";"-299.4623";"-64.5592";"-39.25854";"-214.7809";"-48.20465";"-68.61621";"-299.4623";"-64.5592";"-39.25854"
"14589.58";"-214.72";"-48.18024";"-68.61621";"-299.4623";"-64.53217";"-39.27606";"-214.72";"-48.18024";"-68.61621";"-299.4623";"-64.53217";"-39.27606"
"14597.92";"-214.6981";"-48.1817";"-68.61621";"-299.4623";"-64.50854";"-39.28156";"-214.6981";"-48.1817";"-68.61621";"-299.4623";"-64.50854";"-39.28156"
"14606.26";"-214.6733";"-48.15509";"-68.61621";"-299.4623";"-64.40063";"-39.31409";"-214.6733";"-48.15509";"-68.61621";"-299.4623";"-64.40063";"-39.31409"
"14614.6";"-214.655";"-48.16016";"-68.61621";"-299.4623";"-64.37811";"-39.31323";"-214.655";"-48.16016";"-68.61621";"-299.4623";"-64.37811";"-39.31323"
"14622.94";"-214.6111";"-48.16162";"-68.61621";"-299.4623";"-64.35352";"-39.33954";"-214.6111";"-48.16162";"-68.61621";"-299.4623";"-64.35352";"-39.33954"
"14631.28";"-214.5928";"-48.1546";"-68.61621";"-299.4623";"-64.31897";"-39.32709";"-214.5928";"-48.1546";"-68.61621";"-299.4623";"-64.31897";"-39.32709"
"14639.63";"-214.5403";"-48.14545";"-68.61621";"-299.4623";"-64.30743";"-39.35663";"-214.5403";"-48.14545";"-68.61621";"-299.4623";"-64.30743";"-39.35663"
"14647.97";"-214.528";"-48.14008";"-68.61621";"-299.4623";"-64.28735";"-39.35236";"-214.528";"-48.14008";"-68.61621";"-299.4623";"-64.28735";"-39.35236"
"14656.31";"-214.4758";"-48.01465";"-68.61621";"-299.4623";"-64.24969";"-39.35657";"-214.4758";"-48.01465";"-68.61621";"-299.4623";"-64.24969";"-39.35657"
"14664.65";"-214.4594";"-48.01215";"-68.61621";"-299.4623";"-64.23804";"-39.36169";"-214.4594";"-48.01215";"-68.61621";"-299.4623";"-64.23804";"-39.36169"
"14672.99";"-214.4553";"-47.99628";"-68.61621";"-299.4623";"-64.20557";"-39.38336";"-214.4553";"-47.99628";"-68.61621";"-299.4623";"-64.20557";"-39.38336"
"14681.33";"-214.4531";"-47.99567";"-68.61621";"-299.4623";"-64.18365";"-39.37793";"-214.4531";"-47.99567";"-68.61621";"-299.4623";"-64.18365";"-39.37793"
"14689.67";"-214.4102";"-47.97961";"-68.61621";"-299.4623";"-64.15491";"-39.38696";"-214.4102";"-47.97961";"-68.61621";"-299.4623";"-64.15491";"-39.38696"
"14698.02";"-214.4096";"-47.96356";"-68.61621";"-299.4623";"-64.15308";"-39.38849";"-214.4096";"-47.96356";"-68.61621";"-299.4623";"-64.15308";"-39.38849"
"14706.36";"-214.3792";"-47.96759";"-68.61621";"-299.4623";"-64.13446";"-39.40747";"-214.3792";"-47.96759";"-68.61621";"-299.4623";"-64.13446";"-39.40747"
"14714.7";"-214.3738";"-47.96143";"-68.61621";"-299.4623";"-64.11731";"-39.40179";"-214.3738";"-47.96143";"-68.61621";"-299.4623";"-64.11731";"-39.40179"
"14723.04";"-214.3461";"-47.94019";"-68.61621";"-299.4623";"-64.09473";"-39.44556";"-214.3461";"-47.94019";"-68.61621";"-299.4623";"-64.09473";"-39.44556"
"14731.38";"-214.3539";"-47.93042";"-68.61621";"-299.4623";"-64.06537";"-39.4693";"-214.3539";"-47.93042";"-68.61621";"-299.4623";"-64.06537";"-39.4693"
"14739.72";"-214.3244";"-47.91223";"-68.61621";"-299.4623";"-64.04846";"-39.47931";"-214.3244";"-47.91223";"-68.61621";"-299.4623";"-64.04846";"-39.47931"
"14748.07";"-214.3026";"-47.90973";"-68.61621";"-299.4623";"-64.03564";"-39.47308";"-214.3026";"-47.90973";"-68.61621";"-299.4623";"-64.03564";"-39.47308"
"14756.41";"-214.2888";"-47.91296";"-68.61621";"-299.4623";"-63.97882";"-39.48834";"-214.2888";"-47.91296";"-68.61621";"-299.4623";"-63.97882";"-39.48834"
"14764.75";"-214.2442";"-47.93811";"-68.61621";"-299.4623";"-63.98553";"-39.5141";"-214.2442";"-47.93811";"-68.61621";"-299.4623";"-63.98553";"-39.5141"
"14773.09";"-214.2561";"-47.88556";"-68.61621";"-299.4623";"-63.93549";"-39.53497";"-214.2561";"-47.88556";"-68.61621";"-299.4623";"-63.93549";"-39.53497"
"14781.43";"-214.2431";"-47.88458";"-68.61621";"-299.4623";"-63.92017";"-39.53638";"-214.2431";"-47.88458";"-68.61621";"-299.4623";"-63.92017";"-39.53638"
"14789.78";"-214.2096";"-47.87195";"-68.61621";"-299.4623";"-63.91626";"-39.56738";"-214.2096";"-47.87195";"-68.61621";"-299.4623";"-63.91626";"-39.56738"
"14798.12";"-214.1979";"-47.88153";"-68.61621";"-299.4623";"-63.88824";"-39.60712";"-214.1979";"-47.88153";"-68.61621";"-299.4623";"-63.88824";"-39.60712"
"14806.46";"-214.1505";"-47.82843";"-68.61621";"-299.4623";"-63.86847";"-39.62292";"-214.1505";"-47.82843";"-68.61621";"-299.4623";"-63.86847";"-39.62292"
"14814.8";"-214.0739";"-47.8219";"-68.61621";"-299.4623";"-63.79596";"-39.62781";"-214.0739";"-47.8219";"-68.61621";"-299.4623";"-63.79596";"-39.62781"
"14823.14";"-214.0628";"-47.82166";"-68.61621";"-299.4623";"-63.77777";"-39.64679";"-214.0628";"-47.82166";"-68.61621";"-299.4623";"-63.77777";"-39.64679"
"14831.48";"-214.0643";"-47.81549";"-68.61621";"-299.4623";"-63.75079";"-39.6723";"-214.0643";"-47.81549";"-68.61621";"-299.4623";"-63.75079";"-39.6723"
"14839.83";"-214.0523";"-47.82025";"-68.61621";"-299.4623";"-63.7616";"-39.65308";"-214.0523";"-47.82025";"-68.61621";"-299.4623";"-63.7616";"-39.65308"
"14848.17";"-214.0392";"-47.81799";"-68.61621";"-299.4623";"-63.74945";"-39.66779";"-214.0392";"-47.81799";"-68.61621";"-299.4623";"-63.74945";"-39.66779"
"14856.51";"-214.0328";"-47.81244";"-68.61621";"-299.4623";"-63.69916";"-39.67938";"-214.0328";"-47.81244";"-68.61621";"-299.4623";"-63.69916";"-39.67938"
"14864.85";"-214.0184";"-47.7785";"-68.61621";"-299.4623";"-63.68866";"-39.68896";"-214.0184";"-47.7785";"-68.61621";"-299.4623";"-63.68866";"-39.68896"
"14873.19";"-213.9741";"-47.73969";"-68.61621";"-299.4623";"-63.64563";"-39.711";"-213.9741";"-47.73969";"-68.61621";"-299.4623";"-63.64563";"-39.711"
"14881.53";"-213.9572";"-47.75134";"-68.61621";"-299.4623";"-63.6286";"-39.72406";"-213.9572";"-47.75134";"-68.61621";"-299.4623";"-63.6286";"-39.72406"
"14889.88";"-213.9547";"-47.7323";"-68.61621";"-299.4623";"-63.58942";"-39.7384";"-213.9547";"-47.7323";"-68.61621";"-299.4623";"-63.58942";"-39.7384"
"14898.22";"-213.9256";"-47.73157";"-68.61621";"-299.4623";"-63.573";"-39.75549";"-213.9256";"-47.73157";"-68.61621";"-299.4623";"-63.573";"-39.75549"
"14906.56";"-213.9052";"-47.73114";"-68.61621";"-299.4623";"-63.54523";"-39.784";"-213.9052";"-47.73114";"-68.61621";"-299.4623";"-63.54523";"-39.784"
"14914.9";"-213.8892";"-47.72974";"-68.61621";"-299.4623";"-63.53552";"-39.78552";"-213.8892";"-47.72974";"-68.61621";"-299.4623";"-63.53552";"-39.78552"
"14923.24";"-213.869";"-47.72083";"-68.61621";"-299.4623";"-63.51843";"-39.80084";"-213.869";"-47.72083";"-68.61621";"-299.4623";"-63.51843";"-39.80084"
"14931.58";"-213.8703";"-47.69165";"-68.61621";"-299.4623";"-63.45917";"-39.80737";"-213.8703";"-47.69165";"-68.61621";"-299.4623";"-63.45917";"-39.80737"
"14939.92";"-213.8253";"-47.71454";"-68.61621";"-299.4623";"-63.42023";"-39.8147";"-213.8253";"-47.71454";"-68.61621";"-299.4623";"-63.42023";"-39.8147"
"14948.27";"-213.8095";"-47.66846";"-68.61621";"-299.4623";"-63.42114";"-39.81464";"-213.8095";"-47.66846";"-68.61621";"-299.4623";"-63.42114";"-39.81464"
"14956.61";"-213.7866";"-47.6496";"-68.61621";"-299.4623";"-63.39514";"-39.82825";"-213.7866";"-47.6496";"-68.61621";"-299.4623";"-63.39514";"-39.82825"
"14964.95";"-213.7866";"-47.63043";"-68.61621";"-299.4623";"-63.37311";"-39.83856";"-213.7866";"-47.63043";"-68.61621";"-299.4623";"-63.37311";"-39.83856"
"14973.29";"-213.7543";"-47.62482";"-68.61621";"-299.4623";"-63.36548";"-39.84869";"-213.7543";"-47.62482";"-68.61621";"-299.4623";"-63.36548";"-39.84869"
"14981.63";"-213.7384";"-47.61884";"-68.61621";"-299.4623";"-63.30981";"-39.84155";"-213.7384";"-47.61884";"-68.61621";"-299.4623";"-63.30981";"-39.84155"
"14989.97";"-213.7076";"-47.60986";"-68.61621";"-299.4623";"-63.29657";"-39.87927";"-213.7076";"-47.60986";"-68.61621";"-299.4623";"-63.29657";"-39.87927"
"14998.32";"-213.7004";"-47.6098";"-68.61621";"-299.4623";"-63.27332";"-39.88416";"-213.7004";"-47.6098";"-68.61621";"-299.4623";"-63.27332";"-39.88416"
"15006.66";"-213.676";"-47.59216";"-68.61621";"-299.4623";"-63.19873";"-39.87079";"-213.676";"-47.59216";"-68.61621";"-299.4623";"-63.19873";"-39.87079"
"15015";"-213.6404";"-47.57611";"-68.61621";"-299.4623";"-63.18829";"-39.88214";"-213.6404";"-47.57611";"-68.61621";"-299.4623";"-63.18829";"-39.88214"
"15023.34";"-213.6222";"-47.57416";"-68.61621";"-299.4623";"-63.16174";"-39.88959";"-213.6222";"-47.57416";"-68.61621";"-299.4623";"-63.16174";"-39.88959"
"15031.68";"-213.4069";"-47.39325";"-68.61621";"-299.4623";"-63.15009";"-39.90253";"-213.4069";"-47.39325";"-68.61621";"-299.4623";"-63.15009";"-39.90253"
"15040.03";"-213.379";"-47.38824";"-68.61621";"-299.4623";"-63.12299";"-39.92963";"-213.379";"-47.38824";"-68.61621";"-299.4623";"-63.12299";"-39.92963"
"15048.37";"-213.3405";"-47.37701";"-68.61621";"-299.4623";"-63.10602";"-39.94019";"-213.3405";"-47.37701";"-68.61621";"-299.4623";"-63.10602";"-39.94019"
"15056.71";"-213.3275";"-47.3584";"-68.61621";"-299.4623";"-63.07294";"-39.93756";"-213.3275";"-47.3584";"-68.61621";"-299.4623";"-63.07294";"-39.93756"
"15065.05";"-213.3016";"-47.34589";"-68.61621";"-299.4623";"-63.04742";"-39.95306";"-213.3016";"-47.34589";"-68.61621";"-299.4623";"-63.04742";"-39.95306"
"15073.39";"-213.2654";"-47.32422";"-68.61621";"-299.4623";"-63.0069";"-39.97614";"-213.2654";"-47.32422";"-68.61621";"-299.4623";"-63.0069";"-39.97614"
"15081.73";"-213.2739";"-47.30969";"-68.61621";"-299.4623";"-63.00061";"-39.97601";"-213.2739";"-47.30969";"-68.61621";"-299.4623";"-63.00061";"-39.97601"
"15090.08";"-213.2248";"-47.30878";"-68.61621";"-299.4623";"-62.97076";"-39.98877";"-213.2248";"-47.30878";"-68.61621";"-299.4623";"-62.97076";"-39.98877"
"15098.42";"-213.2056";"-47.29541";"-68.61621";"-299.4623";"-62.96576";"-40.00513";"-213.2056";"-47.29541";"-68.61621";"-299.4623";"-62.96576";"-40.00513"
"15106.76";"-213.2021";"-47.29407";"-68.61621";"-299.4623";"-62.93945";"-40.00598";"-213.2021";"-47.29407";"-68.61621";"-299.4623";"-62.93945";"-40.00598"
"15115.1";"-213.176";"-47.2674";"-68.61621";"-299.4623";"-62.90216";"-40.02124";"-213.176";"-47.2674";"-68.61621";"-299.4623";"-62.90216";"-40.02124"
"15123.44";"-213.1527";"-47.27222";"-68.61621";"-299.4623";"-62.9137";"-40.02985";"-213.1527";"-47.27222";"-68.61621";"-299.4623";"-62.9137";"-40.02985"
"15131.78";"-213.1152";"-47.24908";"-68.61621";"-299.4623";"-62.87006";"-40.06335";"-213.1152";"-47.24908";"-68.61621";"-299.4623";"-62.87006";"-40.06335"
"15140.13";"-213.1059";"-47.24634";"-68.61621";"-299.4623";"-62.8371";"-40.07678";"-213.1059";"-47.24634";"-68.61621";"-299.4623";"-62.8371";"-40.07678"
"15148.47";"-213.0817";"-47.22919";"-68.61621";"-299.4623";"-62.81281";"-40.0824";"-213.0817";"-47.22919";"-68.61621";"-299.4623";"-62.81281";"-40.0824"
"15156.81";"-213.0358";"-47.21075";"-68.61621";"-299.4623";"-62.75372";"-40.08636";"-213.0358";"-47.21075";"-68.61621";"-299.4623";"-62.75372";"-40.08636"
"15165.15";"-213.0227";"-47.19971";"-68.61621";"-299.4623";"-62.74658";"-40.09283";"-213.0227";"-47.19971";"-68.61621";"-299.4623";"-62.74658";"-40.09283"
"15173.49";"-212.9908";"-47.19611";"-68.61621";"-299.4623";"-62.70947";"-40.10095";"-212.9908";"-47.19611";"-68.61621";"-299.4623";"-62.70947";"-40.10095"
"15181.83";"-212.9684";"-47.17639";"-68.61621";"-299.4623";"-62.68713";"-40.11432";"-212.9684";"-47.17639";"-68.61621";"-299.4623";"-62.68713";"-40.11432"
"15190.17";"-212.9575";"-47.17981";"-68.61621";"-299.4623";"-62.66229";"-40.10461";"-212.9575";"-47.17981";"-68.61621";"-299.4623";"-62.66229";"-40.10461"
"15198.52";"-212.9518";"-47.16699";"-68.61621";"-299.4623";"-62.65118";"-40.10834";"-212.9518";"-47.16699";"-68.61621";"-299.4623";"-62.65118";"-40.10834"
"15206.86";"-212.925";"-47.15985";"-68.61621";"-299.4623";"-62.61823";"-40.14185";"-212.925";"-47.15985";"-68.61621";"-299.4623";"-62.61823";"-40.14185"
"15215.2";"-212.8847";"-47.14172";"-68.61621";"-299.4623";"-62.59747";"-40.15765";"-212.8847";"-47.14172";"-68.61621";"-299.4623";"-62.59747";"-40.15765"
"15223.54";"-212.8723";"-47.11139";"-68.61621";"-299.4623";"-62.56775";"-40.18634";"-212.8723";"-47.11139";"-68.61621";"-299.4623";"-62.56775";"-40.18634"
"15231.88";"-212.8253";"-47.10583";"-68.61621";"-299.4623";"-62.53412";"-40.185";"-212.8253";"-47.10583";"-68.61621";"-299.4623";"-62.53412";"-40.185"
"15240.22";"-212.7617";"-47.11304";"-68.61621";"-299.4623";"-62.51672";"-40.19135";"-212.7617";"-47.11304";"-68.61621";"-299.4623";"-62.51672";"-40.19135"
"15248.57";"-212.7485";"-47.09814";"-68.61621";"-299.4623";"-62.47052";"-40.19049";"-212.7485";"-47.09814";"-68.61621";"-299.4623";"-62.47052";"-40.19049"
"15256.91";"-212.7189";"-47.07782";"-68.61621";"-299.4623";"-62.47723";"-40.19135";"-212.7189";"-47.07782";"-68.61621";"-299.4623";"-62.47723";"-40.19135"
"15265.25";"-212.709";"-47.0816";"-68.61621";"-299.4623";"-62.44238";"-40.20221";"-212.709";"-47.0816";"-68.61621";"-299.4623";"-62.44238";"-40.20221"
"15273.59";"-212.691";"-47.07849";"-68.61621";"-299.4623";"-62.41534";"-40.22717";"-212.691";"-47.07849";"-68.61621";"-299.4623";"-62.41534";"-40.22717"
"15281.93";"-212.6791";"-47.07489";"-68.61621";"-299.4623";"-62.3869";"-40.24414";"-212.6791";"-47.07489";"-68.61621";"-299.4623";"-62.3869";"-40.24414"
"15290.28";"-212.6354";"-47.05841";"-68.61621";"-299.4623";"-62.35913";"-40.23584";"-212.6354";"-47.05841";"-68.61621";"-299.4623";"-62.35913";"-40.23584"
"15298.62";"-212.6199";"-47.06329";"-68.61621";"-299.4623";"-62.33673";"-40.24445";"-212.6199";"-47.06329";"-68.61621";"-299.4623";"-62.33673";"-40.24445"
"15306.96";"-212.5936";"-47.05676";"-68.61621";"-299.4623";"-62.30542";"-40.26166";"-212.5936";"-47.05676";"-68.61621";"-299.4623";"-62.30542";"-40.26166"
"15315.3";"-212.5728";"-47.0614";"-68.61621";"-299.4623";"-62.29291";"-40.27356";"-212.5728";"-47.0614";"-68.61621";"-299.4623";"-62.29291";"-40.27356"
"15323.64";"-212.5172";"-47.02759";"-68.61621";"-299.4623";"-62.24103";"-40.27704";"-212.5172";"-47.02759";"-68.61621";"-299.4623";"-62.24103";"-40.27704"
"15331.98";"-212.5018";"-47.02875";"-68.61621";"-299.4623";"-62.22211";"-40.28308";"-212.5018";"-47.02875";"-68.61621";"-299.4623";"-62.22211";"-40.28308"
"15340.33";"-212.493";"-46.89014";"-68.61621";"-299.4623";"-62.21613";"-40.29736";"-212.493";"-46.89014";"-68.61621";"-299.4623";"-62.21613";"-40.29736"
"15348.67";"-212.4574";"-46.88977";"-68.61621";"-299.4623";"-62.19531";"-40.30914";"-212.4574";"-46.88977";"-68.61621";"-299.4623";"-62.19531";"-40.30914"
"15357.01";"-212.4549";"-46.87982";"-68.61621";"-299.4623";"-62.17224";"-40.35327";"-212.4549";"-46.87982";"-68.61621";"-299.4623";"-62.17224";"-40.35327"
"15365.35";"-212.4388";"-46.85889";"-68.61621";"-299.4623";"-62.15051";"-40.35034";"-212.4388";"-46.85889";"-68.61621";"-299.4623";"-62.15051";"-40.35034"
"15373.69";"-212.4254";"-46.85364";"-68.61621";"-299.4623";"-62.12189";"-40.37134";"-212.4254";"-46.85364";"-68.61621";"-299.4623";"-62.12189";"-40.37134"
"15382.03";"-212.4057";"-46.85034";"-68.61621";"-299.4623";"-62.10815";"-40.3866";"-212.4057";"-46.85034";"-68.61621";"-299.4623";"-62.10815";"-40.3866"
"15390.38";"-212.4111";"-46.82928";"-68.61621";"-299.4623";"-62.05707";"-40.40948";"-212.4111";"-46.82928";"-68.61621";"-299.4623";"-62.05707";"-40.40948"
"15398.72";"-212.3796";"-46.82446";"-68.61621";"-299.4623";"-62.02948";"-40.42139";"-212.3796";"-46.82446";"-68.61621";"-299.4623";"-62.02948";"-40.42139"
"15407.06";"-212.3743";"-46.81134";"-68.61621";"-299.4623";"-62.0058";"-40.41125";"-212.3743";"-46.81134";"-68.61621";"-299.4623";"-62.0058";"-40.41125"
"15415.4";"-212.3409";"-46.81323";"-68.61621";"-299.4623";"-61.98553";"-40.41693";"-212.3409";"-46.81323";"-68.61621";"-299.4623";"-61.98553";"-40.41693"
"15423.74";"-212.3254";"-46.81696";"-68.61621";"-299.4623";"-61.95032";"-40.43854";"-212.3254";"-46.81696";"-68.61621";"-299.4623";"-61.95032";"-40.43854"
"15432.08";"-212.3068";"-46.79321";"-68.61621";"-299.4623";"-61.9408";"-40.43445";"-212.3068";"-46.79321";"-68.61621";"-299.4623";"-61.9408";"-40.43445"
"15440.42";"-212.2907";"-46.78638";"-68.61621";"-299.4623";"-61.91534";"-40.46954";"-212.2907";"-46.78638";"-68.61621";"-299.4623";"-61.91534";"-40.46954"
"15448.77";"-212.2662";"-46.78125";"-68.61621";"-299.4623";"-61.90564";"-40.48267";"-212.2662";"-46.78125";"-68.61621";"-299.4623";"-61.90564";"-40.48267"
"15457.11";"-212.2537";"-46.76288";"-68.61621";"-299.4623";"-61.83392";"-40.49951";"-212.2537";"-46.76288";"-68.61621";"-299.4623";"-61.83392";"-40.49951"
"15465.45";"-212.2298";"-46.76312";"-68.61621";"-299.4623";"-61.82513";"-40.50922";"-212.2298";"-46.76312";"-68.61621";"-299.4623";"-61.82513";"-40.50922"
"15473.79";"-212.2276";"-46.74194";"-68.61621";"-299.4623";"-61.78406";"-40.54803";"-212.2276";"-46.74194";"-68.61621";"-299.4623";"-61.78406";"-40.54803"
"15482.13";"-212.198";"-46.74445";"-68.61621";"-299.4623";"-61.77094";"-40.56201";"-212.198";"-46.74445";"-68.61621";"-299.4623";"-61.77094";"-40.56201"
"15490.47";"-212.1502";"-46.71362";"-68.61621";"-299.4623";"-61.73999";"-40.5528";"-212.1502";"-46.71362";"-68.61621";"-299.4623";"-61.73999";"-40.5528"
"15498.82";"-212.1477";"-46.70764";"-68.61621";"-299.4623";"-61.71899";"-40.58075";"-212.1477";"-46.70764";"-68.61621";"-299.4623";"-61.71899";"-40.58075"
"15507.16";"-212.0654";"-46.69531";"-68.61621";"-299.4623";"-61.6767";"-40.60638";"-212.0654";"-46.69531";"-68.61621";"-299.4623";"-61.6767";"-40.60638"
"15515.5";"-212.0654";"-46.69531";"-68.61621";"-299.4623";"-61.67444";"-40.61346";"-212.0654";"-46.69531";"-68.61621";"-299.4623";"-61.67444";"-40.61346"
"15523.84";"-212.0395";"-46.66412";"-68.61621";"-299.4623";"-61.65948";"-40.63373";"-212.0395";"-46.66412";"-68.61621";"-299.4623";"-61.65948";"-40.63373"
"15532.18";"-212.0103";"-46.66595";"-68.61621";"-299.4623";"-61.6394";"-40.6413";"-212.0103";"-46.66595";"-68.61621";"-299.4623";"-61.6394";"-40.6413"
"15540.53";"-211.9908";"-46.65967";"-68.61621";"-299.4623";"-61.58771";"-40.66113";"-211.9908";"-46.65967";"-68.61621";"-299.4623";"-61.58771";"-40.66113"
"15548.87";"-211.9772";"-46.6507";"-68.61621";"-299.4623";"-61.56165";"-40.65875";"-211.9772";"-46.6507";"-68.61621";"-299.4623";"-61.56165";"-40.65875"
"15557.21";"-212.002";"-46.63483";"-68.61621";"-299.4623";"-61.53687";"-40.6842";"-212.002";"-46.63483";"-68.61621";"-299.4623";"-61.53687";"-40.6842"
"15565.55";"-211.976";"-46.63403";"-68.61621";"-299.4623";"-61.52875";"-40.68896";"-211.976";"-46.63403";"-68.61621";"-299.4623";"-61.52875";"-40.68896"
"15573.89";"-211.9567";"-46.6134";"-68.61621";"-299.4623";"-61.49036";"-40.70685";"-211.9567";"-46.6134";"-68.61621";"-299.4623";"-61.49036";"-40.70685"
"15582.23";"-211.9233";"-46.59674";"-68.61621";"-299.4623";"-61.46106";"-40.72046";"-211.9233";"-46.59674";"-68.61621";"-299.4623";"-61.46106";"-40.72046"
"15590.58";"-211.8922";"-46.57635";"-68.61621";"-299.4623";"-61.43732";"-40.73669";"-211.8922";"-46.57635";"-68.61621";"-299.4623";"-61.43732";"-40.73669"
"15598.92";"-211.87";"-46.55945";"-68.61621";"-299.4623";"-61.39075";"-40.7442";"-211.87";"-46.55945";"-68.61621";"-299.4623";"-61.39075";"-40.7442"
"15607.26";"-211.8519";"-46.54364";"-68.61621";"-299.4623";"-61.38995";"-40.74951";"-211.8519";"-46.54364";"-68.61621";"-299.4623";"-61.38995";"-40.74951"
"15615.6";"-211.8232";"-46.54657";"-68.61621";"-299.4623";"-61.34735";"-40.76685";"-211.8232";"-46.54657";"-68.61621";"-299.4623";"-61.34735";"-40.76685"
"15623.94";"-211.8135";"-46.50189";"-68.61621";"-299.4623";"-61.33704";"-40.78235";"-211.8135";"-46.50189";"-68.61621";"-299.4623";"-61.33704";"-40.78235"
"15632.28";"-211.6095";"-46.49438";"-68.61621";"-299.4623";"-61.24017";"-40.79926";"-211.6095";"-46.49438";"-68.61621";"-299.4623";"-61.24017";"-40.79926"
"15640.63";"-211.5637";"-46.47015";"-68.61621";"-299.4623";"-61.22839";"-40.79156";"-211.5637";"-46.47015";"-68.61621";"-299.4623";"-61.22839";"-40.79156"
"15648.97";"-211.5374";"-46.45892";"-68.61621";"-299.4623";"-61.21362";"-40.80737";"-211.5374";"-46.45892";"-68.61621";"-299.4623";"-61.21362";"-40.80737"
"15657.31";"-211.478";"-46.30627";"-68.61621";"-299.4623";"-61.18445";"-40.81018";"-211.478";"-46.30627";"-68.61621";"-299.4623";"-61.18445";"-40.81018"
"15665.65";"-211.4614";"-46.30353";"-68.61621";"-299.4623";"-61.17584";"-40.82159";"-211.4614";"-46.30353";"-68.61621";"-299.4623";"-61.17584";"-40.82159"
"15673.99";"-211.4162";"-46.2569";"-68.61621";"-299.4623";"-61.13403";"-40.81873";"-211.4162";"-46.2569";"-68.61621";"-299.4623";"-61.13403";"-40.81873"
"15682.33";"-211.41";"-46.24695";"-68.61621";"-299.4623";"-61.11969";"-40.84906";"-211.41";"-46.24695";"-68.61621";"-299.4623";"-61.11969";"-40.84906"
"15690.67";"-211.3489";"-46.24658";"-68.61621";"-299.4623";"-61.06287";"-40.84723";"-211.3489";"-46.24658";"-68.61621";"-299.4623";"-61.06287";"-40.84723"
"15699.02";"-211.3471";"-46.23541";"-68.61621";"-299.4623";"-61.05243";"-40.85492";"-211.3471";"-46.23541";"-68.61621";"-299.4623";"-61.05243";"-40.85492"
"15707.36";"-211.3308";"-46.2312";"-68.61621";"-299.4623";"-61.0318";"-40.88916";"-211.3308";"-46.2312";"-68.61621";"-299.4623";"-61.0318";"-40.88916"
"15715.7";"-211.3289";"-46.22791";"-68.61621";"-299.4623";"-61.0318";"-40.90045";"-211.3289";"-46.22791";"-68.61621";"-299.4623";"-61.0318";"-40.90045"
"15724.04";"-211.2851";"-46.22327";"-68.61621";"-299.4623";"-60.98065";"-40.89282";"-211.2851";"-46.22327";"-68.61621";"-299.4623";"-60.98065";"-40.89282"
"15732.38";"-211.2642";"-46.21161";"-68.61621";"-299.4623";"-60.97113";"-40.90021";"-211.2642";"-46.21161";"-68.61621";"-299.4623";"-60.97113";"-40.90021"
"15740.72";"-211.2352";"-46.20276";"-68.61621";"-299.4623";"-60.92529";"-40.92371";"-211.2352";"-46.20276";"-68.61621";"-299.4623";"-60.92529";"-40.92371"
"15749.07";"-211.2114";"-46.16785";"-68.61621";"-299.4623";"-60.89795";"-40.93463";"-211.2114";"-46.16785";"-68.61621";"-299.4623";"-60.89795";"-40.93463"
"15757.41";"-211.1768";"-46.18408";"-68.61621";"-299.4623";"-60.88916";"-40.94153";"-211.1768";"-46.18408";"-68.61621";"-299.4623";"-60.88916";"-40.94153"
"15765.75";"-211.1644";"-46.17444";"-68.61621";"-299.4623";"-60.85962";"-40.94653";"-211.1644";"-46.17444";"-68.61621";"-299.4623";"-60.85962";"-40.94653"
"15774.09";"-211.1287";"-46.13879";"-68.61621";"-299.4623";"-60.80042";"-40.96216";"-211.1287";"-46.13879";"-68.61621";"-299.4623";"-60.80042";"-40.96216"
"15782.43";"-211.117";"-46.11206";"-68.61621";"-299.4623";"-60.77173";"-40.97375";"-211.117";"-46.11206";"-68.61621";"-299.4623";"-60.77173";"-40.97375"
"15790.78";"-211.1004";"-46.11011";"-68.61621";"-299.4623";"-60.75024";"-40.97479";"-211.1004";"-46.11011";"-68.61621";"-299.4623";"-60.75024";"-40.97479"
"15799.12";"-211.0936";"-46.10571";"-68.61621";"-299.4623";"-60.74713";"-40.98895";"-211.0936";"-46.10571";"-68.61621";"-299.4623";"-60.74713";"-40.98895"
"15807.46";"-211.0725";"-46.09668";"-68.61621";"-299.4623";"-60.71136";"-41.00659";"-211.0725";"-46.09668";"-68.61621";"-299.4623";"-60.71136";"-41.00659"
"15815.8";"-210.974";"-46.06482";"-68.61621";"-299.4623";"-60.64996";"-41.03064";"-210.974";"-46.06482";"-68.61621";"-299.4623";"-60.64996";"-41.03064"
"15824.14";"-210.9659";"-46.06543";"-68.61621";"-299.4623";"-60.65076";"-41.03741";"-210.9659";"-46.06543";"-68.61621";"-299.4623";"-60.65076";"-41.03741"
"15832.48";"-210.9493";"-46.05902";"-68.61621";"-299.4623";"-60.63696";"-41.04651";"-210.9493";"-46.05902";"-68.61621";"-299.4623";"-60.63696";"-41.04651"
"15840.83";"-210.9445";"-46.05627";"-68.61621";"-299.4623";"-60.62921";"-41.04651";"-210.9445";"-46.05627";"-68.61621";"-299.4623";"-60.62921";"-41.04651"
"15849.17";"-210.9211";"-46.04663";"-68.61621";"-299.4623";"-60.61597";"-41.06384";"-210.9211";"-46.04663";"-68.61621";"-299.4623";"-60.61597";"-41.06384"
"15857.51";"-210.8929";"-46.05487";"-68.61621";"-299.4623";"-60.58203";"-41.05804";"-210.8929";"-46.05487";"-68.61621";"-299.4623";"-60.58203";"-41.05804"
"15865.85";"-210.8801";"-46.05682";"-68.61621";"-299.4623";"-60.56598";"-41.07019";"-210.8801";"-46.05682";"-68.61621";"-299.4623";"-60.56598";"-41.07019"
"15874.19";"-210.829";"-46.04828";"-68.61621";"-299.4623";"-60.52197";"-41.08588";"-210.829";"-46.04828";"-68.61621";"-299.4623";"-60.52197";"-41.08588"
"15882.53";"-210.8254";"-46.04156";"-68.61621";"-299.4623";"-60.5069";"-41.08429";"-210.8254";"-46.04156";"-68.61621";"-299.4623";"-60.5069";"-41.08429"
"15890.88";"-210.8134";"-46.03314";"-68.61621";"-299.4623";"-60.48047";"-41.10419";"-210.8134";"-46.03314";"-68.61621";"-299.4623";"-60.48047";"-41.10419"
"15899.22";"-210.8029";"-46.02057";"-68.61621";"-299.4623";"-60.43915";"-41.10638";"-210.8029";"-46.02057";"-68.61621";"-299.4623";"-60.43915";"-41.10638"
"15907.56";"-210.7997";"-46.00562";"-68.61621";"-299.4623";"-60.41174";"-41.11877";"-210.7997";"-46.00562";"-68.61621";"-299.4623";"-60.41174";"-41.11877"
"15915.9";"-210.7705";"-46.01062";"-68.61621";"-299.4623";"-60.39612";"-41.12469";"-210.7705";"-46.01062";"-68.61621";"-299.4623";"-60.39612";"-41.12469"
"15924.24";"-210.7477";"-45.98163";"-68.61621";"-299.4623";"-60.34662";"-41.14093";"-210.7477";"-45.98163";"-68.61621";"-299.4623";"-60.34662";"-41.14093"
"15932.58";"-210.7471";"-45.98126";"-68.61621";"-299.4623";"-60.34784";"-41.14294";"-210.7471";"-45.98126";"-68.61621";"-299.4623";"-60.34784";"-41.14294"
"15940.92";"-210.7168";"-45.97021";"-68.61621";"-299.4623";"-60.31104";"-41.16718";"-210.7168";"-45.97021";"-68.61621";"-299.4623";"-60.31104";"-41.16718"
"15949.27";"-210.7194";"-45.97717";"-68.61621";"-299.4623";"-60.29279";"-41.16943";"-210.7194";"-45.97717";"-68.61621";"-299.4623";"-60.29279";"-41.16943"
"15957.61";"-210.6778";"-45.96344";"-68.61621";"-299.4623";"-60.25006";"-41.19531";"-210.6778";"-45.96344";"-68.61621";"-299.4623";"-60.25006";"-41.19531"
"15965.95";"-210.6705";"-45.96234";"-68.61621";"-299.4623";"-60.22845";"-41.20868";"-210.6705";"-45.96234";"-68.61621";"-299.4623";"-60.22845";"-41.20868"
"15974.29";"-210.526";"-45.96143";"-68.61621";"-299.4623";"-60.21423";"-41.20746";"-210.526";"-45.96143";"-68.61621";"-299.4623";"-60.21423";"-41.20746"
"15982.63";"-210.523";"-45.95483";"-68.61621";"-299.4623";"-60.20978";"-41.20618";"-210.523";"-45.95483";"-68.61621";"-299.4623";"-60.20978";"-41.20618"
"15990.97";"-210.4912";"-45.8006";"-68.61621";"-299.4623";"-60.12421";"-41.21997";"-210.4912";"-45.8006";"-68.61621";"-299.4623";"-60.12421";"-41.21997"
"15999.32";"-210.4907";"-45.79791";"-68.61621";"-299.4623";"-60.10919";"-41.22809";"-210.4907";"-45.79791";"-68.61621";"-299.4623";"-60.10919";"-41.22809"
"16007.66";"-210.4854";"-45.7821";"-68.61621";"-299.4623";"-60.08453";"-41.25519";"-210.4854";"-45.7821";"-68.61621";"-299.4623";"-60.08453";"-41.25519"
"16016";"-210.4724";"-45.78229";"-68.61621";"-299.4623";"-60.07709";"-41.26477";"-210.4724";"-45.78229";"-68.61621";"-299.4623";"-60.07709";"-41.26477"
"16024.34";"-210.4432";"-45.75439";"-68.61621";"-299.4623";"-60.04303";"-41.27112";"-210.4432";"-45.75439";"-68.61621";"-299.4623";"-60.04303";"-41.27112"
"16032.68";"-210.4297";"-45.7478";"-68.61621";"-299.4623";"-60.0235";"-41.27991";"-210.4297";"-45.7478";"-68.61621";"-299.4623";"-60.0235";"-41.27991"
"16041.03";"-210.3393";"-45.76117";"-68.61621";"-299.4623";"-59.9212";"-41.29266";"-210.3393";"-45.76117";"-68.61621";"-299.4623";"-59.9212";"-41.29266"
"16049.37";"-210.3151";"-45.74573";"-68.61621";"-299.4623";"-59.91589";"-41.31915";"-210.3151";"-45.74573";"-68.61621";"-299.4623";"-59.91589";"-41.31915"
"16057.71";"-210.3102";"-45.74225";"-68.61621";"-299.4623";"-59.8941";"-41.32086";"-210.3102";"-45.74225";"-68.61621";"-299.4623";"-59.8941";"-41.32086"
"16066.05";"-210.2997";"-45.72003";"-68.61621";"-299.4623";"-59.88348";"-41.32092";"-210.2997";"-45.72003";"-68.61621";"-299.4623";"-59.88348";"-41.32092"
"16074.39";"-210.2697";"-45.70013";"-68.61621";"-299.4623";"-59.84985";"-41.3291";"-210.2697";"-45.70013";"-68.61621";"-299.4623";"-59.84985";"-41.3291"
"16082.73";"-210.2571";"-45.68774";"-68.61621";"-299.4623";"-59.82507";"-41.36896";"-210.2571";"-45.68774";"-68.61621";"-299.4623";"-59.82507";"-41.36896"
"16091.08";"-210.2391";"-45.65253";"-68.61621";"-299.4623";"-59.79144";"-41.38165";"-210.2391";"-45.65253";"-68.61621";"-299.4623";"-59.79144";"-41.38165"
"16099.42";"-210.2018";"-45.63452";"-68.61621";"-299.4623";"-59.77661";"-41.39612";"-210.2018";"-45.63452";"-68.61621";"-299.4623";"-59.77661";"-41.39612"
"16107.76";"-210.1994";"-45.62744";"-68.61621";"-299.4623";"-59.74738";"-41.42706";"-210.1994";"-45.62744";"-68.61621";"-299.4623";"-59.74738";"-41.42706"
"16116.1";"-210.1714";"-45.63239";"-68.61621";"-299.4623";"-59.72803";"-41.42987";"-210.1714";"-45.63239";"-68.61621";"-299.4623";"-59.72803";"-41.42987"
"16124.44";"-210.1062";"-45.5954";"-68.61621";"-299.4623";"-59.65118";"-41.45105";"-210.1062";"-45.5954";"-68.61621";"-299.4623";"-59.65118";"-41.45105"
"16132.78";"-210.1122";"-45.59412";"-68.61621";"-299.4623";"-59.65643";"-41.45099";"-210.1122";"-45.59412";"-68.61621";"-299.4623";"-59.65643";"-41.45099"
"16141.13";"-210.0665";"-45.59546";"-68.61621";"-299.4623";"-59.65192";"-41.46356";"-210.0665";"-45.59546";"-68.61621";"-299.4623";"-59.65192";"-41.46356"
"16149.47";"-210.0627";"-45.59576";"-68.61621";"-299.4623";"-59.62958";"-41.47357";"-210.0627";"-45.59576";"-68.61621";"-299.4623";"-59.62958";"-41.47357"
"16157.81";"-209.995";"-45.59772";"-68.61621";"-299.4623";"-59.57855";"-41.49536";"-209.995";"-45.59772";"-68.61621";"-299.4623";"-59.57855";"-41.49536"
"16166.15";"-210.0052";"-45.54797";"-68.61621";"-299.4623";"-59.59015";"-41.50409";"-210.0052";"-45.54797";"-68.61621";"-299.4623";"-59.59015";"-41.50409"
"16174.49";"-209.9701";"-45.5545";"-68.61621";"-299.4623";"-59.51068";"-41.5401";"-209.9701";"-45.5545";"-68.61621";"-299.4623";"-59.51068";"-41.5401"
"16182.83";"-209.9623";"-45.55621";"-68.61621";"-299.4623";"-59.49451";"-41.53235";"-209.9623";"-45.55621";"-68.61621";"-299.4623";"-59.49451";"-41.53235"
"16191.17";"-209.9511";"-45.52545";"-68.61621";"-299.4623";"-59.44122";"-41.54517";"-209.9511";"-45.52545";"-68.61621";"-299.4623";"-59.44122";"-41.54517"
"16199.52";"-209.9274";"-45.51831";"-68.61621";"-299.4623";"-59.43054";"-41.57104";"-209.9274";"-45.51831";"-68.61621";"-299.4623";"-59.43054";"-41.57104"
"16207.86";"-209.9102";"-45.50159";"-68.61621";"-299.4623";"-59.40631";"-41.57318";"-209.9102";"-45.50159";"-68.61621";"-299.4623";"-59.40631";"-41.57318"
"16216.2";"-209.9089";"-45.50201";"-68.61621";"-299.4623";"-59.41302";"-41.58606";"-209.9089";"-45.50201";"-68.61621";"-299.4623";"-59.41302";"-41.58606"
"16224.54";"-209.6657";"-45.46881";"-68.61621";"-299.4623";"-59.36499";"-41.5918";"-209.6657";"-45.46881";"-68.61621";"-299.4623";"-59.36499";"-41.5918"
"16232.88";"-209.6606";"-45.46088";"-68.61621";"-299.4623";"-59.32953";"-41.63684";"-209.6606";"-45.46088";"-68.61621";"-299.4623";"-59.32953";"-41.63684"
"16241.22";"-209.6502";"-45.45361";"-68.61621";"-299.4623";"-59.24268";"-41.64069";"-209.6502";"-45.45361";"-68.61621";"-299.4623";"-59.24268";"-41.64069"
"16249.57";"-209.6044";"-45.43109";"-68.61621";"-299.4623";"-59.22211";"-41.66412";"-209.6044";"-45.43109";"-68.61621";"-299.4623";"-59.22211";"-41.66412"
"16257.91";"-209.54";"-45.43127";"-68.61621";"-299.4623";"-59.23065";"-41.66278";"-209.54";"-45.43127";"-68.61621";"-299.4623";"-59.23065";"-41.66278"
"16266.25";"-209.5349";"-45.43231";"-68.61621";"-299.4623";"-59.19751";"-41.68109";"-209.5349";"-45.43231";"-68.61621";"-299.4623";"-59.19751";"-41.68109"
"16274.59";"-209.5294";"-45.42078";"-68.61621";"-299.4623";"-59.13068";"-41.70862";"-209.5294";"-45.42078";"-68.61621";"-299.4623";"-59.13068";"-41.70862"
"16282.93";"-209.5093";"-45.40442";"-68.61621";"-299.4623";"-59.12085";"-41.7229";"-209.5093";"-45.40442";"-68.61621";"-299.4623";"-59.12085";"-41.7229"
"16291.28";"-209.4736";"-45.25098";"-68.61621";"-299.4623";"-59.10242";"-41.74432";"-209.4736";"-45.25098";"-68.61621";"-299.4623";"-59.10242";"-41.74432"
"16299.62";"-209.451";"-45.24683";"-68.61621";"-299.4623";"-59.09674";"-41.75305";"-209.451";"-45.24683";"-68.61621";"-299.4623";"-59.09674";"-41.75305"
"16307.96";"-209.3999";"-45.22736";"-68.61621";"-299.4623";"-59.05817";"-41.76703";"-209.3999";"-45.22736";"-68.61621";"-299.4623";"-59.05817";"-41.76703"
"16316.3";"-209.3887";"-45.2121";"-68.61621";"-299.4623";"-59.04694";"-41.77014";"-209.3887";"-45.2121";"-68.61621";"-299.4623";"-59.04694";"-41.77014"
"16324.64";"-209.288";"-45.18469";"-68.61621";"-299.4623";"-58.97534";"-41.80084";"-209.288";"-45.18469";"-68.61621";"-299.4623";"-58.97534";"-41.80084"
"16332.98";"-209.2847";"-45.18237";"-68.61621";"-299.4623";"-58.96881";"-41.80188";"-209.2847";"-45.18237";"-68.61621";"-299.4623";"-58.96881";"-41.80188"
"16341.33";"-209.2724";"-45.17755";"-68.61621";"-299.4623";"-58.93585";"-41.81226";"-209.2724";"-45.17755";"-68.61621";"-299.4623";"-58.93585";"-41.81226"
"16349.67";"-209.2757";"-45.16364";"-68.61621";"-299.4623";"-58.9231";"-41.81671";"-209.2757";"-45.16364";"-68.61621";"-299.4623";"-58.9231";"-41.81671"
"16358.01";"-209.2479";"-45.14545";"-68.61621";"-299.4623";"-58.90356";"-41.83112";"-209.2479";"-45.14545";"-68.61621";"-299.4623";"-58.90356";"-41.83112"
"16366.35";"-209.2519";"-45.13257";"-68.61621";"-299.4623";"-58.88763";"-41.84387";"-209.2519";"-45.13257";"-68.61621";"-299.4623";"-58.88763";"-41.84387"
"16374.69";"-209.1926";"-45.13611";"-68.61621";"-299.4623";"-58.83612";"-41.85168";"-209.1926";"-45.13611";"-68.61621";"-299.4623";"-58.83612";"-41.85168"
"16383.03";"-209.1594";"-45.1366";"-68.61621";"-299.4623";"-58.81189";"-41.87909";"-209.1594";"-45.1366";"-68.61621";"-299.4623";"-58.81189";"-41.87909"
"16391.38";"-209.1395";"-45.1095";"-68.61621";"-299.4623";"-58.7818";"-41.89392";"-209.1395";"-45.1095";"-68.61621";"-299.4623";"-58.7818";"-41.89392"
"16399.72";"-209.139";"-45.09351";"-68.61621";"-299.4623";"-58.74805";"-41.89954";"-209.139";"-45.09351";"-68.61621";"-299.4623";"-58.74805";"-41.89954"
"16408.06";"-209.0921";"-45.08649";"-68.61621";"-299.4623";"-58.72058";"-41.9093";"-209.0921";"-45.08649";"-68.61621";"-299.4623";"-58.72058";"-41.9093"
"16416.4";"-209.085";"-45.07703";"-68.61621";"-299.4623";"-58.70514";"-41.91614";"-209.085";"-45.07703";"-68.61621";"-299.4623";"-58.70514";"-41.91614"
"16424.74";"-209.0599";"-45.06042";"-68.61621";"-299.4623";"-58.68976";"-41.92822";"-209.0599";"-45.06042";"-68.61621";"-299.4623";"-58.68976";"-41.92822"
"16433.08";"-209.0269";"-45.05432";"-68.61621";"-299.4623";"-58.6629";"-41.94049";"-209.0269";"-45.05432";"-68.61621";"-299.4623";"-58.6629";"-41.94049"
"16441.43";"-209.0086";"-45.03827";"-68.61621";"-299.4623";"-58.64258";"-41.93842";"-209.0086";"-45.03827";"-68.61621";"-299.4623";"-58.64258";"-41.93842"
"16449.77";"-209.0007";"-45.03271";"-68.61621";"-299.4623";"-58.62109";"-41.94775";"-209.0007";"-45.03271";"-68.61621";"-299.4623";"-58.62109";"-41.94775"
"16458.11";"-208.9692";"-45.01788";"-68.61621";"-299.4623";"-58.61206";"-41.94867";"-208.9692";"-45.01788";"-68.61621";"-299.4623";"-58.61206";"-41.94867"
"16466.45";"-208.915";"-45.01947";"-68.61621";"-299.4623";"-58.54529";"-41.97174";"-208.915";"-45.01947";"-68.61621";"-299.4623";"-58.54529";"-41.97174"
"16474.79";"-208.9107";"-44.99744";"-68.61621";"-299.4623";"-58.44568";"-41.98108";"-208.9107";"-44.99744";"-68.61621";"-299.4623";"-58.44568";"-41.98108"
"16483.13";"-208.8746";"-44.98535";"-68.61621";"-299.4623";"-58.4527";"-41.9873";"-208.8746";"-44.98535";"-68.61621";"-299.4623";"-58.4527";"-41.9873"
"16491.47";"-208.8537";"-44.9646";"-68.61621";"-299.4623";"-58.40979";"-42";"-208.8537";"-44.9646";"-68.61621";"-299.4623";"-58.40979";"-42"
"16499.82";"-208.8336";"-44.94226";"-68.61621";"-299.4623";"-58.40582";"-42.00061";"-208.8336";"-44.94226";"-68.61621";"-299.4623";"-58.40582";"-42.00061"
"16508.16";"-208.7716";"-44.92261";"-68.61621";"-299.4623";"-58.39697";"-42.00665";"-208.7716";"-44.92261";"-68.61621";"-299.4623";"-58.39697";"-42.00665"
"16516.5";"-208.752";"-44.92114";"-68.61621";"-299.4623";"-58.39917";"-42.01642";"-208.752";"-44.92114";"-68.61621";"-299.4623";"-58.39917";"-42.01642"
"16524.84";"-208.7273";"-44.91901";"-68.61621";"-299.4623";"-58.35278";"-42.02789";"-208.7273";"-44.91901";"-68.61621";"-299.4623";"-58.35278";"-42.02789"
"16533.18";"-208.7125";"-44.91858";"-68.61621";"-299.4623";"-58.32397";"-42.0376";"-208.7125";"-44.91858";"-68.61621";"-299.4623";"-58.32397";"-42.0376"
"16541.53";"-208.7128";"-44.88446";"-68.61621";"-299.4623";"-58.30627";"-42.05908";"-208.7128";"-44.88446";"-68.61621";"-299.4623";"-58.30627";"-42.05908"
"16549.87";"-208.7116";"-44.88141";"-68.61621";"-299.4623";"-58.28375";"-42.07385";"-208.7116";"-44.88141";"-68.61621";"-299.4623";"-58.28375";"-42.07385"
"16558.21";"-208.676";"-44.86945";"-68.61621";"-299.4623";"-58.28192";"-42.07654";"-208.676";"-44.86945";"-68.61621";"-299.4623";"-58.28192";"-42.07654"
"16566.55";"-208.6757";"-44.86798";"-68.61621";"-299.4623";"-58.2207";"-42.08112";"-208.6757";"-44.86798";"-68.61621";"-299.4623";"-58.2207";"-42.08112"
"16574.89";"-208.6434";"-44.84668";"-68.61621";"-299.4623";"-58.21826";"-42.09534";"-208.6434";"-44.84668";"-68.61621";"-299.4623";"-58.21826";"-42.09534"
"16583.23";"-208.615";"-44.84424";"-68.61621";"-299.4623";"-58.19482";"-42.11145";"-208.615";"-44.84424";"-68.61621";"-299.4623";"-58.19482";"-42.11145"
"16591.57";"-208.5206";"-44.84998";"-68.61621";"-299.4623";"-58.15997";"-42.1369";"-208.5206";"-44.84998";"-68.61621";"-299.4623";"-58.15997";"-42.1369"
"16599.92";"-208.509";"-44.84375";"-68.61621";"-299.4623";"-58.1546";"-42.14386";"-208.509";"-44.84375";"-68.61621";"-299.4623";"-58.1546";"-42.14386"
"16608.26";"-208.4781";"-44.70203";"-68.61621";"-299.4623";"-58.11749";"-42.18195";"-208.4781";"-44.70203";"-68.61621";"-299.4623";"-58.11749";"-42.18195"
"16616.6";"-208.4785";"-44.68024";"-68.61621";"-299.4623";"-58.05988";"-42.18945";"-208.4785";"-44.68024";"-68.61621";"-299.4623";"-58.05988";"-42.18945"
"16624.94";"-208.4356";"-44.66614";"-68.61621";"-299.4623";"-57.95251";"-42.19824";"-208.4356";"-44.66614";"-68.61621";"-299.4623";"-57.95251";"-42.19824"
"16633.28";"-208.4459";"-44.62329";"-68.61621";"-299.4623";"-57.95654";"-42.19312";"-208.4459";"-44.62329";"-68.61621";"-299.4623";"-57.95654";"-42.19312"
"16641.63";"-208.3952";"-44.61835";"-68.61621";"-299.4623";"-57.93347";"-42.20795";"-208.3952";"-44.61835";"-68.61621";"-299.4623";"-57.93347";"-42.20795"
"16649.97";"-208.3729";"-44.61365";"-68.61621";"-299.4623";"-57.91742";"-42.21161";"-208.3729";"-44.61365";"-68.61621";"-299.4623";"-57.91742";"-42.21161"
"16658.31";"-208.339";"-44.5946";"-68.61621";"-299.4623";"-57.91644";"-42.21655";"-208.339";"-44.5946";"-68.61621";"-299.4623";"-57.91644";"-42.21655"
"16666.65";"-208.3378";"-44.57672";"-68.61621";"-299.4623";"-57.90961";"-42.224";"-208.3378";"-44.57672";"-68.61621";"-299.4623";"-57.90961";"-42.224"
"16674.99";"-208.3037";"-44.58984";"-68.61621";"-299.4623";"-57.88586";"-42.24426";"-208.3037";"-44.58984";"-68.61621";"-299.4623";"-57.88586";"-42.24426"
"16683.33";"-208.2763";"-44.57416";"-68.61621";"-299.4623";"-57.86578";"-42.25623";"-208.2763";"-44.57416";"-68.61621";"-299.4623";"-57.86578";"-42.25623"
"16691.68";"-208.284";"-44.5304";"-68.61621";"-299.4623";"-57.82135";"-42.2829";"-208.284";"-44.5304";"-68.61621";"-299.4623";"-57.82135";"-42.2829"
"16700.02";"-208.2923";"-44.5152";"-68.61621";"-299.4623";"-57.81604";"-42.29126";"-208.2923";"-44.5152";"-68.61621";"-299.4623";"-57.81604";"-42.29126"
"16708.36";"-208.2244";"-44.5163";"-68.61621";"-299.4623";"-57.77307";"-42.30634";"-208.2244";"-44.5163";"-68.61621";"-299.4623";"-57.77307";"-42.30634"
"16716.7";"-208.0413";"-44.47522";"-68.61621";"-299.4623";"-57.75049";"-42.30603";"-208.0413";"-44.47522";"-68.61621";"-299.4623";"-57.75049";"-42.30603"
"16725.04";"-208.0012";"-44.46851";"-68.61621";"-299.4623";"-57.6123";"-42.32288";"-208.0012";"-44.46851";"-68.61621";"-299.4623";"-57.6123";"-42.32288"
"16733.38";"-207.9802";"-44.43225";"-68.61621";"-299.4623";"-57.60956";"-42.32538";"-207.9802";"-44.43225";"-68.61621";"-299.4623";"-57.60956";"-42.32538"
"16741.72";"-207.9366";"-44.44299";"-68.61621";"-299.4623";"-57.59192";"-42.35034";"-207.9366";"-44.44299";"-68.61621";"-299.4623";"-57.59192";"-42.35034"
"16750.07";"-207.8993";"-44.39136";"-68.61621";"-299.4623";"-57.58624";"-42.37054";"-207.8993";"-44.39136";"-68.61621";"-299.4623";"-57.58624";"-42.37054"
"16758.41";"-207.8992";"-44.39209";"-68.61621";"-299.4623";"-57.59875";"-42.37933";"-207.8992";"-44.39209";"-68.61621";"-299.4623";"-57.59875";"-42.37933"
"16766.75";"-207.8489";"-44.38599";"-68.61621";"-299.4623";"-57.57037";"-42.39709";"-207.8489";"-44.38599";"-68.61621";"-299.4623";"-57.57037";"-42.39709"
"16775.09";"-207.7779";"-44.3609";"-68.61621";"-299.4623";"-57.54907";"-42.43463";"-207.7779";"-44.3609";"-68.61621";"-299.4623";"-57.54907";"-42.43463"
"16783.43";"-207.7546";"-44.35114";"-68.61621";"-299.4623";"-57.48395";"-42.4577";"-207.7546";"-44.35114";"-68.61621";"-299.4623";"-57.48395";"-42.4577"
"16791.78";"-207.7328";"-44.34747";"-68.61621";"-299.4623";"-57.45642";"-42.45892";"-207.7328";"-44.34747";"-68.61621";"-299.4623";"-57.45642";"-42.45892"
"16800.12";"-207.721";"-44.32306";"-68.61621";"-299.4623";"-57.43518";"-42.48535";"-207.721";"-44.32306";"-68.61621";"-299.4623";"-57.43518";"-42.48535"
"16808.46";"-207.697";"-44.32434";"-68.61621";"-299.4623";"-57.39911";"-42.47943";"-207.697";"-44.32434";"-68.61621";"-299.4623";"-57.39911";"-42.47943"
"16816.8";"-207.5963";"-44.27716";"-68.61621";"-299.4623";"-57.30121";"-42.53357";"-207.5963";"-44.27716";"-68.61621";"-299.4623";"-57.30121";"-42.53357"
"16825.14";"-207.5892";"-44.28247";"-68.61621";"-299.4623";"-57.29346";"-42.54071";"-207.5892";"-44.28247";"-68.61621";"-299.4623";"-57.29346";"-42.54071"
"16833.48";"-207.5859";"-44.28204";"-68.61621";"-299.4623";"-57.29346";"-42.53851";"-207.5859";"-44.28204";"-68.61621";"-299.4623";"-57.29346";"-42.53851"
"16841.82";"-207.5788";"-44.27228";"-68.61621";"-299.4623";"-57.29413";"-42.54517";"-207.5788";"-44.27228";"-68.61621";"-299.4623";"-57.29413";"-42.54517"
"16850.17";"-207.5773";"-44.26611";"-68.61621";"-299.4623";"-57.27576";"-42.54559";"-207.5773";"-44.26611";"-68.61621";"-299.4623";"-57.27576";"-42.54559"
"16858.51";"-207.5472";"-44.27069";"-68.61621";"-299.4623";"-57.27002";"-42.53058";"-207.5472";"-44.27069";"-68.61621";"-299.4623";"-57.27002";"-42.53058"
"16866.85";"-207.5209";"-44.26062";"-68.61621";"-299.4623";"-57.2243";"-42.55072";"-207.5209";"-44.26062";"-68.61621";"-299.4623";"-57.2243";"-42.55072"
"16875.19";"-207.4811";"-44.11017";"-68.61621";"-299.4623";"-57.19946";"-42.58264";"-207.4811";"-44.11017";"-68.61621";"-299.4623";"-57.19946";"-42.58264"
"16883.53";"-207.46";"-44.07751";"-68.61621";"-299.4623";"-57.18646";"-42.58746";"-207.46";"-44.07751";"-68.61621";"-299.4623";"-57.18646";"-42.58746"
"16891.88";"-207.4409";"-44.07843";"-68.61621";"-299.4623";"-57.1402";"-42.61182";"-207.4409";"-44.07843";"-68.61621";"-299.4623";"-57.1402";"-42.61182"
"16900.22";"-207.412";"-44.06952";"-68.61621";"-299.4623";"-57.11218";"-42.61865";"-207.412";"-44.06952";"-68.61621";"-299.4623";"-57.11218";"-42.61865"
"16908.56";"-207.4124";"-44.05579";"-68.61621";"-299.4623";"-56.96832";"-42.64301";"-207.4124";"-44.05579";"-68.61621";"-299.4623";"-56.96832";"-42.64301"
"16916.9";"-207.392";"-44.06531";"-68.61621";"-299.4623";"-56.97833";"-42.64868";"-207.392";"-44.06531";"-68.61621";"-299.4623";"-56.97833";"-42.64868"
"16925.24";"-207.3538";"-44.02509";"-68.61621";"-299.4623";"-56.98047";"-42.66925";"-207.3538";"-44.02509";"-68.61621";"-299.4623";"-56.98047";"-42.66925"
"16933.58";"-207.3455";"-44.01917";"-68.61621";"-299.4623";"-56.97449";"-42.66431";"-207.3455";"-44.01917";"-68.61621";"-299.4623";"-56.97449";"-42.66431"
"16941.93";"-207.3376";"-43.99823";"-68.61621";"-299.4623";"-56.96136";"-42.71716";"-207.3376";"-43.99823";"-68.61621";"-299.4623";"-56.96136";"-42.71716"
"16950.27";"-207.3048";"-43.99701";"-68.61621";"-299.4623";"-56.94855";"-42.72852";"-207.3048";"-43.99701";"-68.61621";"-299.4623";"-56.94855";"-42.72852"
"16958.61";"-207.2566";"-43.97998";"-68.61621";"-299.4623";"-56.91089";"-42.73895";"-207.2566";"-43.97998";"-68.61621";"-299.4623";"-56.91089";"-42.73895"
"16966.95";"-207.2557";"-43.95709";"-68.61621";"-299.4623";"-56.89453";"-42.74011";"-207.2557";"-43.95709";"-68.61621";"-299.4623";"-56.89453";"-42.74011"
"16975.29";"-207.1298";"-43.95715";"-68.61621";"-299.4623";"-56.84204";"-42.76733";"-207.1298";"-43.95715";"-68.61621";"-299.4623";"-56.84204";"-42.76733"
"16983.63";"-207.1454";"-43.95703";"-68.61621";"-299.4623";"-56.82574";"-42.76721";"-207.1454";"-43.95703";"-68.61621";"-299.4623";"-56.82574";"-42.76721"
"16991.97";"-207.1354";"-43.92462";"-68.61621";"-299.4623";"-56.82196";"-42.77557";"-207.1354";"-43.92462";"-68.61621";"-299.4623";"-56.82196";"-42.77557"
"17000.32";"-207.1222";"-43.90851";"-68.61621";"-299.4623";"-56.80048";"-42.79913";"-207.1222";"-43.90851";"-68.61621";"-299.4623";"-56.80048";"-42.79913"
"17008.66";"-207.1071";"-43.90631";"-68.61621";"-299.4623";"-56.65503";"-42.81329";"-207.1071";"-43.90631";"-68.61621";"-299.4623";"-56.65503";"-42.81329"
"17017";"-207.0823";"-43.89514";"-68.61621";"-299.4623";"-56.65802";"-42.81891";"-207.0823";"-43.89514";"-68.61621";"-299.4623";"-56.65802";"-42.81891"
"17025.34";"-207.0559";"-43.88922";"-68.61621";"-299.4623";"-56.65619";"-42.81854";"-207.0559";"-43.88922";"-68.61621";"-299.4623";"-56.65619";"-42.81854"
"17033.68";"-207.02";"-43.88965";"-68.61621";"-299.4623";"-56.64929";"-42.83606";"-207.02";"-43.88965";"-68.61621";"-299.4623";"-56.64929";"-42.83606"
"17042.03";"-206.909";"-43.86249";"-68.61621";"-299.4623";"-56.59424";"-42.85046";"-206.909";"-43.86249";"-68.61621";"-299.4623";"-56.59424";"-42.85046"
"17050.37";"-206.9295";"-43.83319";"-68.61621";"-299.4623";"-56.58301";"-42.8681";"-206.9295";"-43.83319";"-68.61621";"-299.4623";"-56.58301";"-42.8681"
"17058.71";"-206.9202";"-43.85046";"-68.61621";"-299.4623";"-56.55267";"-42.89374";"-206.9202";"-43.85046";"-68.61621";"-299.4623";"-56.55267";"-42.89374"
"17067.05";"-206.9077";"-43.84216";"-68.61621";"-299.4623";"-56.5127";"-42.90363";"-206.9077";"-43.84216";"-68.61621";"-299.4623";"-56.5127";"-42.90363"
"17075.39";"-206.867";"-43.79639";"-68.61621";"-299.4623";"-56.54291";"-42.89673";"-206.867";"-43.79639";"-68.61621";"-299.4623";"-56.54291";"-42.89673"
"17083.73";"-206.8589";"-43.79449";"-68.61621";"-299.4623";"-56.4494";"-42.9231";"-206.8589";"-43.79449";"-68.61621";"-299.4623";"-56.4494";"-42.9231"
"17092.07";"-206.8121";"-43.77454";"-68.61621";"-299.4623";"-56.35199";"-42.89862";"-206.8121";"-43.77454";"-68.61621";"-299.4623";"-56.35199";"-42.89862"
"17100.42";"-206.8105";"-43.77661";"-68.61621";"-299.4623";"-56.34369";"-42.91022";"-206.8105";"-43.77661";"-68.61621";"-299.4623";"-56.34369";"-42.91022"
"17108.76";"-206.7821";"-43.74542";"-68.61621";"-299.4623";"-56.33832";"-42.92999";"-206.7821";"-43.74542";"-68.61621";"-299.4623";"-56.33832";"-42.92999"
"17117.1";"-206.7661";"-43.74121";"-68.61621";"-299.4623";"-56.31903";"-42.95026";"-206.7661";"-43.74121";"-68.61621";"-299.4623";"-56.31903";"-42.95026"
"17125.44";"-206.7435";"-43.69537";"-68.61621";"-299.4623";"-56.30444";"-42.96362";"-206.7435";"-43.69537";"-68.61621";"-299.4623";"-56.30444";"-42.96362"
"17133.78";"-206.7355";"-43.67474";"-68.61621";"-299.4623";"-56.30249";"-42.97461";"-206.7355";"-43.67474";"-68.61621";"-299.4623";"-56.30249";"-42.97461"
"17142.13";"-206.7072";"-43.68921";"-68.61621";"-299.4623";"-56.25146";"-42.98236";"-206.7072";"-43.68921";"-68.61621";"-299.4623";"-56.25146";"-42.98236"
"17150.47";"-206.7009";"-43.68188";"-68.61621";"-299.4623";"-56.23669";"-42.98907";"-206.7009";"-43.68188";"-68.61621";"-299.4623";"-56.23669";"-42.98907"
"17158.81";"-206.6507";"-43.68164";"-68.61621";"-299.4623";"-56.20465";"-42.99762";"-206.6507";"-43.68164";"-68.61621";"-299.4623";"-56.20465";"-42.99762"
"17167.15";"-206.6085";"-43.68439";"-68.61621";"-299.4623";"-56.18726";"-43.01379";"-206.6085";"-43.68439";"-68.61621";"-299.4623";"-56.18726";"-43.01379"
"17175.49";"-206.6057";"-43.6889";"-68.61621";"-299.4623";"-56.16565";"-43.01227";"-206.6057";"-43.6889";"-68.61621";"-299.4623";"-56.16565";"-43.01227"
"17183.83";"-206.5635";"-43.64789";"-68.61621";"-299.4623";"-56.13806";"-43.02344";"-206.5635";"-43.64789";"-68.61621";"-299.4623";"-56.13806";"-43.02344"
"17192.18";"-206.3162";"-43.47388";"-68.61621";"-299.4623";"-56.10474";"-43.06342";"-206.3162";"-43.47388";"-68.61621";"-299.4623";"-56.10474";"-43.06342"
"17200.52";"-206.311";"-43.46283";"-68.61621";"-299.4623";"-56.07745";"-43.05505";"-206.311";"-43.46283";"-68.61621";"-299.4623";"-56.07745";"-43.05505"
"17208.86";"-206.2932";"-43.46564";"-68.61621";"-299.4623";"-56.06061";"-43.06982";"-206.2932";"-43.46564";"-68.61621";"-299.4623";"-56.06061";"-43.06982"
"17217.2";"-206.2784";"-43.44244";"-68.61621";"-299.4623";"-56.03064";"-43.06726";"-206.2784";"-43.44244";"-68.61621";"-299.4623";"-56.03064";"-43.06726"
"17225.54";"-206.2678";"-43.44293";"-68.61621";"-299.4623";"-55.87299";"-43.10309";"-206.2678";"-43.44293";"-68.61621";"-299.4623";"-55.87299";"-43.10309"
"17233.88";"-206.2516";"-43.42822";"-68.61621";"-299.4623";"-55.88861";"-43.10406";"-206.2516";"-43.42822";"-68.61621";"-299.4623";"-55.88861";"-43.10406"
"17242.22";"-206.2286";"-43.39648";"-68.61621";"-299.4623";"-55.87604";"-43.10931";"-206.2286";"-43.39648";"-68.61621";"-299.4623";"-55.87604";"-43.10931"
"17250.57";"-206.1911";"-43.37207";"-68.61621";"-299.4623";"-55.87488";"-43.1272";"-206.1911";"-43.37207";"-68.61621";"-299.4623";"-55.87488";"-43.1272"
"17258.91";"-206.1548";"-43.37372";"-68.61621";"-299.4623";"-55.854";"-43.13654";"-206.1548";"-43.37372";"-68.61621";"-299.4623";"-55.854";"-43.13654"
"17267.25";"-206.1359";"-43.34583";"-68.61621";"-299.4623";"-55.81097";"-43.16498";"-206.1359";"-43.34583";"-68.61621";"-299.4623";"-55.81097";"-43.16498"
"17275.59";"-206.0842";"-43.30151";"-68.61621";"-299.4623";"-55.80536";"-43.15704";"-206.0842";"-43.30151";"-68.61621";"-299.4623";"-55.80536";"-43.15704"
"17283.93";"-206.0771";"-43.30402";"-68.61621";"-299.4623";"-55.77856";"-43.16504";"-206.0771";"-43.30402";"-68.61621";"-299.4623";"-55.77856";"-43.16504"
"17292.28";"-205.9946";"-43.28162";"-68.61621";"-299.4623";"-55.74158";"-43.1745";"-205.9946";"-43.28162";"-68.61621";"-299.4623";"-55.74158";"-43.1745"
"17300.62";"-205.9919";"-43.27728";"-68.61621";"-299.4623";"-55.71198";"-43.18939";"-205.9919";"-43.27728";"-68.61621";"-299.4623";"-55.71198";"-43.18939"
"17308.96";"-205.9651";"-43.2746";"-68.61621";"-299.4623";"-55.68463";"-43.22711";"-205.9651";"-43.2746";"-68.61621";"-299.4623";"-55.68463";"-43.22711"
"17317.3";"-205.9429";"-43.258";"-68.61621";"-299.4623";"-55.66571";"-43.25098";"-205.9429";"-43.258";"-68.61621";"-299.4623";"-55.66571";"-43.25098"
"17325.64";"-205.8405";"-43.23645";"-68.61621";"-299.4623";"-55.5589";"-43.27435";"-205.8405";"-43.23645";"-68.61621";"-299.4623";"-55.5589";"-43.27435"
"17333.98";"-205.8295";"-43.2301";"-68.61621";"-299.4623";"-55.54919";"-43.26617";"-205.8295";"-43.2301";"-68.61621";"-299.4623";"-55.54919";"-43.26617"
"17342.32";"-205.8199";"-43.22437";"-68.61621";"-299.4623";"-55.52277";"-43.27393";"-205.8199";"-43.22437";"-68.61621";"-299.4623";"-55.52277";"-43.27393"
"17350.67";"-205.7981";"-43.20624";"-68.61621";"-299.4623";"-55.52234";"-43.27258";"-205.7981";"-43.20624";"-68.61621";"-299.4623";"-55.52234";"-43.27258"
"17359.01";"-205.7669";"-43.19727";"-68.61621";"-299.4623";"-55.47815";"-43.29364";"-205.7669";"-43.19727";"-68.61621";"-299.4623";"-55.47815";"-43.29364"
"17367.35";"-205.7488";"-43.18414";"-68.61621";"-299.4623";"-55.43774";"-43.30542";"-205.7488";"-43.18414";"-68.61621";"-299.4623";"-55.43774";"-43.30542"
"17375.69";"-205.7571";"-43.13165";"-68.61621";"-299.4623";"-55.47742";"-43.29333";"-205.7571";"-43.13165";"-68.61621";"-299.4623";"-55.47742";"-43.29333"
"17384.03";"-205.7291";"-43.13422";"-68.61621";"-299.4623";"-55.26404";"-43.32434";"-205.7291";"-43.13422";"-68.61621";"-299.4623";"-55.26404";"-43.32434"
"17392.38";"-205.6846";"-43.11841";"-68.61621";"-299.4623";"-55.23602";"-43.29199";"-205.6846";"-43.11841";"-68.61621";"-299.4623";"-55.23602";"-43.29199"
"17400.72";"-205.6417";"-43.11572";"-68.61621";"-299.4623";"-55.24445";"-43.34406";"-205.6417";"-43.11572";"-68.61621";"-299.4623";"-55.24445";"-43.34406"
"17409.06";"-205.5966";"-43.11658";"-68.61621";"-299.4623";"-55.23267";"-43.50452";"-205.5966";"-43.11658";"-68.61621";"-299.4623";"-55.23267";"-43.50452"
"17417.4";"-205.5907";"-43.11115";"-68.61621";"-299.4623";"-55.23163";"-43.50482";"-205.5907";"-43.11115";"-68.61621";"-299.4623";"-55.23163";"-43.50482"
"17425.74";"-205.559";"-43.10663";"-68.61621";"-299.4623";"-55.19342";"-43.50171";"-205.559";"-43.10663";"-68.61621";"-299.4623";"-55.19342";"-43.50171"
"17434.08";"-205.5348";"-43.08722";"-68.61621";"-299.4623";"-55.19342";"-43.50159";"-205.5348";"-43.08722";"-68.61621";"-299.4623";"-55.19342";"-43.50159"
"17442.43";"-205.4937";"-42.9577";"-68.61621";"-299.4623";"-55.17706";"-43.52527";"-205.4937";"-42.9577";"-68.61621";"-299.4623";"-55.17706";"-43.52527"
"17450.77";"-205.5085";"-43.06653";"-68.61621";"-299.4623";"-55.17828";"-43.52478";"-205.5085";"-43.06653";"-68.61621";"-299.4623";"-55.17828";"-43.52478"
"17459.11";"-205.4916";"-42.92279";"-68.61621";"-299.4623";"-54.97516";"-43.54279";"-205.4916";"-42.92279";"-68.61621";"-299.4623";"-54.97516";"-43.54279"
"17467.45";"-205.4754";"-42.92303";"-68.61621";"-299.4623";"-54.97437";"-43.54333";"-205.4754";"-42.92303";"-68.61621";"-299.4623";"-54.97437";"-43.54333"
"17475.79";"-205.4653";"-42.91223";"-68.61621";"-299.4623";"-54.97473";"-43.54358";"-205.4653";"-42.91223";"-68.61621";"-299.4623";"-54.97473";"-43.54358"
"17484.13";"-205.4572";"-42.89777";"-68.61621";"-299.4623";"-54.97424";"-43.5434";"-205.4572";"-42.89777";"-68.61621";"-299.4623";"-54.97424";"-43.5434"
"17492.47";"-205.3767";"-42.87921";"-68.61621";"-299.4623";"-54.95825";"-43.54938";"-205.3767";"-42.87921";"-68.61621";"-299.4623";"-54.95825";"-43.54938"
"17500.82";"-205.3621";"-42.87463";"-68.61621";"-299.4623";"-54.96167";"-43.54803";"-205.3621";"-42.87463";"-68.61621";"-299.4623";"-54.96167";"-43.54803"
"17509.16";"-205.3041";"-42.84821";"-68.61621";"-299.4623";"-54.9599";"-43.54913";"-205.3041";"-42.84821";"-68.61621";"-299.4623";"-54.9599";"-43.54913"
"17517.5";"-205.2961";"-42.8266";"-68.61621";"-299.4623";"-54.9574";"-43.54828";"-205.2961";"-42.8266";"-68.61621";"-299.4623";"-54.9574";"-43.54828"
"17525.84";"-205.1857";"-42.83795";"-68.61621";"-299.4623";"-54.74091";"-43.59625";"-205.1857";"-42.83795";"-68.61621";"-299.4623";"-54.74091";"-43.59625"
"17534.18";"-205.1958";"-42.82831";"-68.61621";"-299.4623";"-54.74036";"-43.59619";"-205.1958";"-42.82831";"-68.61621";"-299.4623";"-54.74036";"-43.59619"
"17542.53";"-205.1721";"-42.81451";"-68.61621";"-299.4623";"-54.73859";"-43.61719";"-205.1721";"-42.81451";"-68.61621";"-299.4623";"-54.73859";"-43.61719"
"17550.87";"-205.1612";"-42.80591";"-68.61621";"-299.4623";"-54.73712";"-43.61804";"-205.1612";"-42.80591";"-68.61621";"-299.4623";"-54.73712";"-43.61804"
"17559.21";"-205.1534";"-42.79413";"-68.61621";"-299.4623";"-54.71558";"-43.68225";"-205.1534";"-42.79413";"-68.61621";"-299.4623";"-54.71558";"-43.68225"
"17567.55";"-205.1368";"-42.77106";"-68.61621";"-299.4623";"-54.70563";"-43.68683";"-205.1368";"-42.77106";"-68.61621";"-299.4623";"-54.70563";"-43.68683"
"17575.89";"-205.0872";"-42.75903";"-68.61621";"-299.4623";"-54.66174";"-43.71747";"-205.0872";"-42.75903";"-68.61621";"-299.4623";"-54.66174";"-43.71747"
"17584.23";"-205.054";"-42.7204";"-68.61621";"-299.4623";"-54.65942";"-43.71753";"-205.054";"-42.7204";"-68.61621";"-299.4623";"-54.65942";"-43.71753"
"17592.57";"-205.0547";"-42.74158";"-68.61621";"-299.4623";"-54.6571";"-43.71765";"-205.0547";"-42.74158";"-68.61621";"-299.4623";"-54.6571";"-43.71765"
"17600.92";"-205.0131";"-42.68103";"-68.61621";"-299.4623";"-54.65234";"-43.71771";"-205.0131";"-42.68103";"-68.61621";"-299.4623";"-54.65234";"-43.71771"
"17609.26";"-204.9516";"-42.67535";"-68.61621";"-299.4623";"-54.64398";"-43.72272";"-204.9516";"-42.67535";"-68.61621";"-299.4623";"-54.64398";"-43.72272"
"17617.6";"-204.9528";"-42.6604";"-68.61621";"-299.4623";"-54.59631";"-43.75696";"-204.9528";"-42.6604";"-68.61621";"-299.4623";"-54.59631";"-43.75696"
"17625.94";"-204.9344";"-42.65356";"-68.61621";"-299.4623";"-54.42139";"-43.89404";"-204.9344";"-42.65356";"-68.61621";"-299.4623";"-54.42139";"-43.89404"
"17634.28";"-204.8985";"-42.60187";"-68.61621";"-299.4623";"-54.43707";"-43.87091";"-204.8985";"-42.60187";"-68.61621";"-299.4623";"-54.43707";"-43.87091"
"17642.63";"-204.858";"-42.60095";"-68.61621";"-299.4623";"-54.37683";"-43.85791";"-204.858";"-42.60095";"-68.61621";"-299.4623";"-54.37683";"-43.85791"
"17650.97";"-204.8408";"-42.57971";"-68.61621";"-299.4623";"-54.3562";"-43.8681";"-204.8408";"-42.57971";"-68.61621";"-299.4623";"-54.3562";"-43.8681"
"17659.31";"-204.7718";"-42.59894";"-68.61621";"-299.4623";"-54.34674";"-43.88025";"-204.7718";"-42.59894";"-68.61621";"-299.4623";"-54.34674";"-43.88025"
"17667.65";"-204.7611";"-42.58551";"-68.61621";"-299.4623";"-54.29901";"-43.89545";"-204.7611";"-42.58551";"-68.61621";"-299.4623";"-54.29901";"-43.89545"
"17675.99";"-204.7302";"-42.55212";"-68.61621";"-299.4623";"-54.2951";"-43.89081";"-204.7302";"-42.55212";"-68.61621";"-299.4623";"-54.2951";"-43.89081"
"17684.33";"-204.7091";"-42.52832";"-68.61621";"-299.4623";"-54.27948";"-43.88812";"-204.7091";"-42.52832";"-68.61621";"-299.4623";"-54.27948";"-43.88812"
"17692.68";"-204.6824";"-42.52466";"-68.61621";"-299.4623";"-54.23248";"-43.91125";"-204.6824";"-42.52466";"-68.61621";"-299.4623";"-54.23248";"-43.91125"
"17701.02";"-204.4484";"-42.37958";"-68.61621";"-299.4623";"-54.20941";"-43.9342";"-204.4484";"-42.37958";"-68.61621";"-299.4623";"-54.20941";"-43.9342"
"17709.36";"-204.4089";"-42.36127";"-68.61621";"-299.4623";"-54.15997";"-43.95227";"-204.4089";"-42.36127";"-68.61621";"-299.4623";"-54.15997";"-43.95227"
"17717.7";"-204.3901";"-42.31317";"-68.61621";"-299.4623";"-54.13593";"-43.9845";"-204.3901";"-42.31317";"-68.61621";"-299.4623";"-54.13593";"-43.9845"
"17726.04";"-204.3803";"-42.3457";"-68.61621";"-299.4623";"-54.06824";"-43.98608";"-204.3803";"-42.3457";"-68.61621";"-299.4623";"-54.06824";"-43.98608"
"17734.38";"-204.3497";"-42.2937";"-68.61621";"-299.4623";"-54.06042";"-43.99817";"-204.3497";"-42.2937";"-68.61621";"-299.4623";"-54.06042";"-43.99817"
"17742.72";"-204.2565";"-42.27094";"-68.61621";"-299.4623";"-54.02698";"-44.01447";"-204.2565";"-42.27094";"-68.61621";"-299.4623";"-54.02698";"-44.01447"
"17751.07";"-204.2635";"-42.26501";"-68.61621";"-299.4623";"-54.01166";"-44.0213";"-204.2635";"-42.26501";"-68.61621";"-299.4623";"-54.01166";"-44.0213"
"17759.41";"-204.2315";"-42.25146";"-68.61621";"-299.4623";"-53.98834";"-44.03796";"-204.2315";"-42.25146";"-68.61621";"-299.4623";"-53.98834";"-44.03796"
"17767.75";"-204.2097";"-42.21051";"-68.61621";"-299.4623";"-53.95044";"-44.05768";"-204.2097";"-42.21051";"-68.61621";"-299.4623";"-53.95044";"-44.05768"
"17776.09";"-204.2007";"-42.22089";"-68.61621";"-299.4623";"-53.79797";"-44.07794";"-204.2007";"-42.22089";"-68.61621";"-299.4623";"-53.79797";"-44.07794"
"17784.43";"-204.1859";"-42.22168";"-68.61621";"-299.4623";"-53.81818";"-44.07532";"-204.1859";"-42.22168";"-68.61621";"-299.4623";"-53.81818";"-44.07532"
"17792.78";"-204.1639";"-42.19476";"-68.61621";"-299.4623";"-53.81012";"-44.08295";"-204.1639";"-42.19476";"-68.61621";"-299.4623";"-53.81012";"-44.08295"
"17801.12";"-204.164";"-42.18274";"-68.61621";"-299.4623";"-53.79333";"-44.09119";"-204.164";"-42.18274";"-68.61621";"-299.4623";"-53.79333";"-44.09119"
"17809.46";"-204.1505";"-42.04541";"-68.61621";"-299.4623";"-53.79181";"-44.09357";"-204.1505";"-42.04541";"-68.61621";"-299.4623";"-53.79181";"-44.09357"
"17817.8";"-204.0507";"-42.04022";"-68.61621";"-299.4623";"-53.74066";"-44.16296";"-204.0507";"-42.04022";"-68.61621";"-299.4623";"-53.74066";"-44.16296"
"17826.14";"-204.0471";"-42.03497";"-68.61621";"-299.4623";"-53.73932";"-44.16351";"-204.0471";"-42.03497";"-68.61621";"-299.4623";"-53.73932";"-44.16351"
"17834.48";"-204.0325";"-42.04675";"-68.61621";"-299.4623";"-53.73163";"-44.16742";"-204.0325";"-42.04675";"-68.61621";"-299.4623";"-53.73163";"-44.16742"
"17842.82";"-204.0291";"-42.02655";"-68.61621";"-299.4623";"-53.7074";"-44.18866";"-204.0291";"-42.02655";"-68.61621";"-299.4623";"-53.7074";"-44.18866"
"17851.17";"-203.9825";"-42.03241";"-68.61621";"-299.4623";"-53.67065";"-44.20166";"-203.9825";"-42.03241";"-68.61621";"-299.4623";"-53.67065";"-44.20166"
"17859.51";"-203.874";"-42.03772";"-68.61621";"-299.4623";"-53.57037";"-44.20319";"-203.874";"-42.03772";"-68.61621";"-299.4623";"-53.57037";"-44.20319"
"17867.85";"-203.854";"-42.03687";"-68.61621";"-299.4623";"-53.57489";"-44.20514";"-203.854";"-42.03687";"-68.61621";"-299.4623";"-53.57489";"-44.20514"
"17876.19";"-203.8112";"-42.00635";"-68.61621";"-299.4623";"-53.55176";"-44.255";"-203.8112";"-42.00635";"-68.61621";"-299.4623";"-53.55176";"-44.255"
"17884.53";"-203.8105";"-41.98682";"-68.61621";"-299.4623";"-53.53278";"-44.29163";"-203.8105";"-41.98682";"-68.61621";"-299.4623";"-53.53278";"-44.29163"
"17892.88";"-203.7997";"-41.97351";"-68.61621";"-299.4623";"-53.49847";"-44.28815";"-203.7997";"-41.97351";"-68.61621";"-299.4623";"-53.49847";"-44.28815"
"17901.22";"-203.7784";"-41.96741";"-68.61621";"-299.4623";"-53.43866";"-44.31519";"-203.7784";"-41.96741";"-68.61621";"-299.4623";"-53.43866";"-44.31519"
"17909.56";"-203.759";"-41.95966";"-68.61621";"-299.4623";"-53.42438";"-44.35248";"-203.759";"-41.95966";"-68.61621";"-299.4623";"-53.42438";"-44.35248"
"17917.9";"-203.7191";"-41.95227";"-68.61621";"-299.4623";"-53.39679";"-44.35913";"-203.7191";"-41.95227";"-68.61621";"-299.4623";"-53.39679";"-44.35913"
"17926.24";"-203.6573";"-41.92395";"-68.61621";"-299.4623";"-53.35675";"-44.35895";"-203.6573";"-41.92395";"-68.61621";"-299.4623";"-53.35675";"-44.35895"
"17934.58";"-203.65";"-41.89618";"-68.61621";"-299.4623";"-53.32611";"-44.38428";"-203.65";"-41.89618";"-68.61621";"-299.4623";"-53.32611";"-44.38428"
"17942.93";"-203.6149";"-41.89893";"-68.61621";"-299.4623";"-53.22046";"-44.36798";"-203.6149";"-41.89893";"-68.61621";"-299.4623";"-53.22046";"-44.36798"
"17951.27";"-203.5891";"-41.89105";"-68.61621";"-299.4623";"-53.20923";"-44.39435";"-203.5891";"-41.89105";"-68.61621";"-299.4623";"-53.20923";"-44.39435"
"17959.61";"-203.4745";"-41.73169";"-68.61621";"-299.4623";"-53.18958";"-44.39392";"-203.4745";"-41.73169";"-68.61621";"-299.4623";"-53.18958";"-44.39392"
"17967.95";"-203.482";"-41.71259";"-68.61621";"-299.4623";"-53.1629";"-44.42853";"-203.482";"-41.71259";"-68.61621";"-299.4623";"-53.1629";"-44.42853"
"17976.29";"-203.4682";"-41.70416";"-68.61621";"-299.4623";"-53.14349";"-44.45178";"-203.4682";"-41.70416";"-68.61621";"-299.4623";"-53.14349";"-44.45178"
"17984.63";"-203.4407";"-41.66614";"-68.61621";"-299.4623";"-53.11249";"-44.48102";"-203.4407";"-41.66614";"-68.61621";"-299.4623";"-53.11249";"-44.48102"
"17992.97";"-203.4368";"-41.66321";"-68.61621";"-299.4623";"-53.07666";"-44.51672";"-203.4368";"-41.66321";"-68.61621";"-299.4623";"-53.07666";"-44.51672"
"18001.32";"-203.4221";"-41.63715";"-68.61621";"-299.4623";"-53.03839";"-44.53467";"-203.4221";"-41.63715";"-68.61621";"-299.4623";"-53.03839";"-44.53467"
"18009.66";"-203.4169";"-41.61469";"-68.61621";"-299.4623";"-53.04279";"-44.56995";"-203.4169";"-41.61469";"-68.61621";"-299.4623";"-53.04279";"-44.56995"
"18018";"-203.3776";"-41.56885";"-68.61621";"-299.4623";"-52.99829";"-44.59039";"-203.3776";"-41.56885";"-68.61621";"-299.4623";"-52.99829";"-44.59039"
"18026.34";"-203.2556";"-41.57214";"-68.61621";"-299.4623";"-52.95032";"-44.61316";"-203.2556";"-41.57214";"-68.61621";"-299.4623";"-52.95032";"-44.61316"
"18034.68";"-203.2503";"-41.55566";"-68.61621";"-299.4623";"-52.93085";"-44.63507";"-203.2503";"-41.55566";"-68.61621";"-299.4623";"-52.93085";"-44.63507"
"18043.03";"-203.2412";"-41.53131";"-68.61621";"-299.4623";"-52.84479";"-44.64948";"-203.2412";"-41.53131";"-68.61621";"-299.4623";"-52.84479";"-44.64948"
"18051.37";"-203.0483";"-41.49487";"-68.61621";"-299.4623";"-52.83771";"-44.66528";"-203.0483";"-41.49487";"-68.61621";"-299.4623";"-52.83771";"-44.66528"
"18059.71";"-203.0292";"-41.39624";"-68.61621";"-299.4623";"-52.81836";"-44.68243";"-203.0292";"-41.39624";"-68.61621";"-299.4623";"-52.81836";"-44.68243"
"18068.05";"-203.0245";"-41.38281";"-68.61621";"-299.4623";"-52.78851";"-44.69611";"-203.0245";"-41.38281";"-68.61621";"-299.4623";"-52.78851";"-44.69611"
"18076.39";"-202.9771";"-41.38745";"-68.61621";"-299.4623";"-52.75488";"-44.71082";"-202.9771";"-41.38745";"-68.61621";"-299.4623";"-52.75488";"-44.71082"
"18084.73";"-202.9739";"-41.37939";"-68.61621";"-299.4623";"-52.73401";"-44.73364";"-202.9739";"-41.37939";"-68.61621";"-299.4623";"-52.73401";"-44.73364"
"18093.07";"-202.9191";"-41.396";"-68.61621";"-299.4623";"-52.71326";"-44.73608";"-202.9191";"-41.396";"-68.61621";"-299.4623";"-52.71326";"-44.73608"
"18101.42";"-202.8749";"-41.36841";"-68.61621";"-299.4623";"-52.70258";"-44.74304";"-202.8749";"-41.36841";"-68.61621";"-299.4623";"-52.70258";"-44.74304"
"18109.76";"-202.8586";"-41.35712";"-68.61621";"-299.4623";"-52.66333";"-44.76886";"-202.8586";"-41.35712";"-68.61621";"-299.4623";"-52.66333";"-44.76886"
"18118.1";"-202.7943";"-41.34204";"-68.61621";"-299.4623";"-52.63098";"-44.7951";"-202.7943";"-41.34204";"-68.61621";"-299.4623";"-52.63098";"-44.7951"
"18126.44";"-202.6437";"-41.33307";"-68.61621";"-299.4623";"-52.51996";"-44.78552";"-202.6437";"-41.33307";"-68.61621";"-299.4623";"-52.51996";"-44.78552"
"18134.78";"-202.6157";"-41.30597";"-68.61621";"-299.4623";"-52.51373";"-44.79279";"-202.6157";"-41.30597";"-68.61621";"-299.4623";"-52.51373";"-44.79279"
"18143.13";"-202.5922";"-41.2959";"-68.61621";"-299.4623";"-52.46661";"-44.81903";"-202.5922";"-41.2959";"-68.61621";"-299.4623";"-52.46661";"-44.81903"
"18151.47";"-202.5726";"-41.27264";"-68.61621";"-299.4623";"-52.46051";"-44.82928";"-202.5726";"-41.27264";"-68.61621";"-299.4623";"-52.46051";"-44.82928"
"18159.81";"-202.5651";"-41.27032";"-68.61621";"-299.4623";"-52.41656";"-44.84882";"-202.5651";"-41.27032";"-68.61621";"-299.4623";"-52.41656";"-44.84882"
"18168.15";"-202.5396";"-41.25433";"-68.61621";"-299.4623";"-52.38391";"-44.87183";"-202.5396";"-41.25433";"-68.61621";"-299.4623";"-52.38391";"-44.87183"
"18176.49";"-202.5185";"-41.2439";"-68.61621";"-299.4623";"-52.32086";"-44.88715";"-202.5185";"-41.2439";"-68.61621";"-299.4623";"-52.32086";"-44.88715"
"18184.83";"-202.4848";"-41.10712";"-68.61621";"-299.4623";"-52.29285";"-44.90387";"-202.4848";"-41.10712";"-68.61621";"-299.4623";"-52.29285";"-44.90387"
"18193.18";"-202.4415";"-41.07898";"-68.61621";"-299.4623";"-52.27753";"-44.9126";"-202.4415";"-41.07898";"-68.61621";"-299.4623";"-52.27753";"-44.9126"
"18201.52";"-202.4354";"-41.05737";"-68.61621";"-299.4623";"-52.23431";"-44.93567";"-202.4354";"-41.05737";"-68.61621";"-299.4623";"-52.23431";"-44.93567"
"18209.86";"-202.3535";"-41.0061";"-68.61621";"-299.4623";"-52.22681";"-44.96759";"-202.3535";"-41.0061";"-68.61621";"-299.4623";"-52.22681";"-44.96759"
"18218.2";"-202.3402";"-41.01288";"-68.61621";"-299.4623";"-52.18848";"-44.97455";"-202.3402";"-41.01288";"-68.61621";"-299.4623";"-52.18848";"-44.97455"
"18226.54";"-202.3383";"-40.98785";"-68.61621";"-299.4623";"-52.14874";"-45.01355";"-202.3383";"-40.98785";"-68.61621";"-299.4623";"-52.14874";"-45.01355"
"18234.88";"-202.3248";"-40.96106";"-68.61621";"-299.4623";"-52.14063";"-45.02234";"-202.3248";"-40.96106";"-68.61621";"-299.4623";"-52.14063";"-45.02234"
"18243.22";"-202.3003";"-40.95459";"-68.61621";"-299.4623";"-52.08105";"-45.04248";"-202.3003";"-40.95459";"-68.61621";"-299.4623";"-52.08105";"-45.04248"
"18251.57";"-202.2569";"-40.93463";"-68.61621";"-299.4623";"-52.03571";"-45.04913";"-202.2569";"-40.93463";"-68.61621";"-299.4623";"-52.03571";"-45.04913"
"18259.91";"-202.246";"-40.93457";"-68.61621";"-299.4623";"-52.0141";"-45.06812";"-202.246";"-40.93457";"-68.61621";"-299.4623";"-52.0141";"-45.06812"
"18268.25";"-202.1995";"-40.909";"-68.61621";"-299.4623";"-51.97125";"-45.08405";"-202.1995";"-40.909";"-68.61621";"-299.4623";"-51.97125";"-45.08405"
"18276.59";"-202.0842";"-40.91107";"-68.61621";"-299.4623";"-51.89917";"-45.09363";"-202.0842";"-40.91107";"-68.61621";"-299.4623";"-51.89917";"-45.09363"
"18284.93";"-202.0848";"-40.89569";"-68.61621";"-299.4623";"-51.89514";"-45.09412";"-202.0848";"-40.89569";"-68.61621";"-299.4623";"-51.89514";"-45.09412"
"18293.28";"-202.0599";"-40.87238";"-68.61621";"-299.4623";"-51.85834";"-45.11926";"-202.0599";"-40.87238";"-68.61621";"-299.4623";"-51.85834";"-45.11926"
"18301.62";"-202.0394";"-40.86597";"-68.61621";"-299.4623";"-51.82922";"-45.13031";"-202.0394";"-40.86597";"-68.61621";"-299.4623";"-51.82922";"-45.13031"
"18309.96";"-202.0423";"-40.84814";"-68.61621";"-299.4623";"-51.80933";"-45.14624";"-202.0423";"-40.84814";"-68.61621";"-299.4623";"-51.80933";"-45.14624"
"18318.3";"-201.9913";"-40.84186";"-68.61621";"-299.4623";"-51.77319";"-45.15613";"-201.9913";"-40.84186";"-68.61621";"-299.4623";"-51.77319";"-45.15613"
"18326.64";"-201.9568";"-40.78442";"-68.61621";"-299.4623";"-51.70026";"-45.19849";"-201.9568";"-40.78442";"-68.61621";"-299.4623";"-51.70026";"-45.19849"
"18334.98";"-201.9503";"-40.77856";"-68.61621";"-299.4623";"-51.68158";"-45.20349";"-201.9503";"-40.77856";"-68.61621";"-299.4623";"-51.68158";"-45.20349"
"18343.32";"-201.9302";"-40.77655";"-68.61621";"-299.4623";"-51.64453";"-45.25104";"-201.9302";"-40.77655";"-68.61621";"-299.4623";"-51.64453";"-45.25104"
"18351.67";"-201.8994";"-40.77069";"-68.61621";"-299.4623";"-51.62866";"-45.24786";"-201.8994";"-40.77069";"-68.61621";"-299.4623";"-51.62866";"-45.24786"
"18360.01";"-201.8842";"-40.74097";"-68.61621";"-299.4623";"-51.59485";"-45.27124";"-201.8842";"-40.74097";"-68.61621";"-299.4623";"-51.59485";"-45.27124"
"18368.35";"-201.8519";"-40.73572";"-68.61621";"-299.4623";"-51.57892";"-45.26489";"-201.8519";"-40.73572";"-68.61621";"-299.4623";"-51.57892";"-45.26489"
"18376.69";"-201.73";"-40.73248";"-68.61621";"-299.4623";"-51.51996";"-45.26862";"-201.73";"-40.73248";"-68.61621";"-299.4623";"-51.51996";"-45.26862"
"18385.03";"-201.7167";"-40.71826";"-68.61621";"-299.4623";"-51.49274";"-45.29779";"-201.7167";"-40.71826";"-68.61621";"-299.4623";"-51.49274";"-45.29779"
"18393.38";"-201.7253";"-40.70691";"-68.61621";"-299.4623";"-51.46582";"-45.30292";"-201.7253";"-40.70691";"-68.61621";"-299.4623";"-51.46582";"-45.30292"
"18401.72";"-201.7064";"-40.69275";"-68.61621";"-299.4623";"-51.40002";"-45.32825";"-201.7064";"-40.69275";"-68.61621";"-299.4623";"-51.40002";"-45.32825"
"18410.06";"-201.6873";"-40.67084";"-68.61621";"-299.4623";"-51.35626";"-45.33405";"-201.6873";"-40.67084";"-68.61621";"-299.4623";"-51.35626";"-45.33405"
"18418.4";"-201.619";"-40.6579";"-68.61621";"-299.4623";"-51.31818";"-45.35461";"-201.619";"-40.6579";"-68.61621";"-299.4623";"-51.31818";"-45.35461"
"18426.74";"-201.3483";"-40.40424";"-68.61621";"-299.4623";"-51.28162";"-45.37134";"-201.3483";"-40.40424";"-68.61621";"-299.4623";"-51.28162";"-45.37134"
"18435.08";"-201.3649";"-40.39801";"-68.61621";"-299.4623";"-51.25275";"-45.38916";"-201.3649";"-40.39801";"-68.61621";"-299.4623";"-51.25275";"-45.38916"
"18443.43";"-201.291";"-40.39935";"-68.61621";"-299.4623";"-51.237";"-45.40369";"-201.291";"-40.39935";"-68.61621";"-299.4623";"-51.237";"-45.40369"
"18451.77";"-201.2906";"-40.39148";"-68.61621";"-299.4623";"-51.1925";"-45.41089";"-201.2906";"-40.39148";"-68.61621";"-299.4623";"-51.1925";"-45.41089"
"18460.11";"-201.2579";"-40.38855";"-68.61621";"-299.4623";"-51.08325";"-45.46686";"-201.2579";"-40.38855";"-68.61621";"-299.4623";"-51.08325";"-45.46686"
"18468.45";"-201.2266";"-40.36084";"-68.61621";"-299.4623";"-51.07275";"-45.48596";"-201.2266";"-40.36084";"-68.61621";"-299.4623";"-51.07275";"-45.48596"
"18476.79";"-201.1818";"-40.35895";"-68.61621";"-299.4623";"-51.06866";"-45.49353";"-201.1818";"-40.35895";"-68.61621";"-299.4623";"-51.06866";"-45.49353"
"18485.13";"-201.1575";"-40.31952";"-68.61621";"-299.4623";"-51.02747";"-45.52643";"-201.1575";"-40.31952";"-68.61621";"-299.4623";"-51.02747";"-45.52643"
"18493.47";"-201.0629";"-40.32068";"-68.61621";"-299.4623";"-50.99829";"-45.52692";"-201.0629";"-40.32068";"-68.61621";"-299.4623";"-50.99829";"-45.52692"
"18501.82";"-201.0525";"-40.31104";"-68.61621";"-299.4623";"-50.98035";"-45.5614";"-201.0525";"-40.31104";"-68.61621";"-299.4623";"-50.98035";"-45.5614"
"18510.16";"-201.0232";"-40.28625";"-68.61621";"-299.4623";"-50.91943";"-45.58344";"-201.0232";"-40.28625";"-68.61621";"-299.4623";"-50.91943";"-45.58344"
"18518.5";"-200.975";"-40.27148";"-68.61621";"-299.4623";"-50.9151";"-45.60242";"-200.975";"-40.27148";"-68.61621";"-299.4623";"-50.9151";"-45.60242"
"18526.84";"-200.9544";"-40.27417";"-68.61621";"-299.4623";"-50.86877";"-45.62415";"-200.9544";"-40.27417";"-68.61621";"-299.4623";"-50.86877";"-45.62415"
"18535.18";"-200.9193";"-40.2254";"-68.61621";"-299.4623";"-50.85413";"-45.6391";"-200.9193";"-40.2254";"-68.61621";"-299.4623";"-50.85413";"-45.6391"
"18543.53";"-200.8601";"-40.21973";"-68.61621";"-299.4623";"-50.80341";"-45.69135";"-200.8601";"-40.21973";"-68.61621";"-299.4623";"-50.80341";"-45.69135"
"18551.87";"-200.862";"-40.21161";"-68.61621";"-299.4623";"-50.75665";"-45.70807";"-200.862";"-40.21161";"-68.61621";"-299.4623";"-50.75665";"-45.70807"
"18560.21";"-200.8056";"-40.20538";"-68.61621";"-299.4623";"-50.72076";"-45.71881";"-200.8056";"-40.20538";"-68.61621";"-299.4623";"-50.72076";"-45.71881"
"18568.55";"-200.7698";"-40.18335";"-68.61621";"-299.4623";"-50.68475";"-45.74451";"-200.7698";"-40.18335";"-68.61621";"-299.4623";"-50.68475";"-45.74451"
"18576.89";"-200.6306";"-40.18127";"-68.61621";"-299.4623";"-50.63483";"-45.73602";"-200.6306";"-40.18127";"-68.61621";"-299.4623";"-50.63483";"-45.73602"
"18585.23";"-200.625";"-40.16327";"-68.61621";"-299.4623";"-50.57257";"-45.75189";"-200.625";"-40.16327";"-68.61621";"-299.4623";"-50.57257";"-45.75189"
"18593.57";"-200.618";"-40.12445";"-68.61621";"-299.4623";"-50.56097";"-45.78998";"-200.618";"-40.12445";"-68.61621";"-299.4623";"-50.56097";"-45.78998"
"18601.92";"-200.5721";"-40.12054";"-68.61621";"-299.4623";"-50.53711";"-45.80304";"-200.5721";"-40.12054";"-68.61621";"-299.4623";"-50.53711";"-45.80304"
"18610.26";"-200.4996";"-40.00275";"-68.61621";"-299.4623";"-50.44434";"-45.82367";"-200.4996";"-40.00275";"-68.61621";"-299.4623";"-50.44434";"-45.82367"
"18618.6";"-200.4803";"-39.99365";"-68.61621";"-299.4623";"-50.41333";"-45.8222";"-200.4803";"-39.99365";"-68.61621";"-299.4623";"-50.41333";"-45.8222"
"18626.94";"-200.4507";"-39.96887";"-68.61621";"-299.4623";"-50.37592";"-45.84369";"-200.4507";"-39.96887";"-68.61621";"-299.4623";"-50.37592";"-45.84369"
"18635.28";"-200.4454";"-39.9433";"-68.61621";"-299.4623";"-50.35309";"-45.86554";"-200.4454";"-39.9433";"-68.61621";"-299.4623";"-50.35309";"-45.86554"
"18643.63";"-200.3981";"-39.92285";"-68.61621";"-299.4623";"-50.33453";"-45.87366";"-200.3981";"-39.92285";"-68.61621";"-299.4623";"-50.33453";"-45.87366"
"18651.97";"-200.3711";"-39.89026";"-68.61621";"-299.4623";"-50.29651";"-45.89307";"-200.3711";"-39.89026";"-68.61621";"-299.4623";"-50.29651";"-45.89307"
"18660.31";"-200.3148";"-39.86212";"-68.61621";"-299.4623";"-50.21753";"-45.92285";"-200.3148";"-39.86212";"-68.61621";"-299.4623";"-50.21753";"-45.92285"
"18668.65";"-200.3099";"-39.84479";"-68.61621";"-299.4623";"-50.21631";"-45.94312";"-200.3099";"-39.84479";"-68.61621";"-299.4623";"-50.21631";"-45.94312"
"18676.99";"-200.2712";"-39.84332";"-68.61621";"-299.4623";"-50.17206";"-45.9646";"-200.2712";"-39.84332";"-68.61621";"-299.4623";"-50.17206";"-45.9646"
"18685.33";"-200.2416";"-39.82526";"-68.61621";"-299.4623";"-50.13849";"-45.94458";"-200.2416";"-39.82526";"-68.61621";"-299.4623";"-50.13849";"-45.94458"
"18693.68";"-200.2439";"-39.82104";"-68.61621";"-299.4623";"-50.12708";"-45.98578";"-200.2439";"-39.82104";"-68.61621";"-299.4623";"-50.12708";"-45.98578"
"18702.02";"-200.2166";"-39.80109";"-68.61621";"-299.4623";"-50.07983";"-46.01965";"-200.2166";"-39.80109";"-68.61621";"-299.4623";"-50.07983";"-46.01965"
"18710.36";"-200.1984";"-39.79956";"-68.61621";"-299.4623";"-49.99908";"-46.02106";"-200.1984";"-39.79956";"-68.61621";"-299.4623";"-49.99908";"-46.02106"
"18718.7";"-200.1856";"-39.77069";"-68.61621";"-299.4623";"-49.99884";"-46.03082";"-200.1856";"-39.77069";"-68.61621";"-299.4623";"-49.99884";"-46.03082"
"18727.04";"-200.0533";"-39.76819";"-68.61621";"-299.4623";"-49.9588";"-46.04071";"-200.0533";"-39.76819";"-68.61621";"-299.4623";"-49.9588";"-46.04071"
"18735.38";"-200.0517";"-39.76343";"-68.61621";"-299.4623";"-49.94446";"-46.06543";"-200.0517";"-39.76343";"-68.61621";"-299.4623";"-49.94446";"-46.06543"
"18743.72";"-200.0284";"-39.75122";"-68.61621";"-299.4623";"-49.91077";"-46.06903";"-200.0284";"-39.75122";"-68.61621";"-299.4623";"-49.91077";"-46.06903"
"18752.07";"-200.0223";"-39.72644";"-68.61621";"-299.4623";"-49.88049";"-46.09839";"-200.0223";"-39.72644";"-68.61621";"-299.4623";"-49.88049";"-46.09839"
"18760.41";"-199.9586";"-39.71838";"-68.61621";"-299.4623";"-49.82611";"-46.1106";"-199.9586";"-39.71838";"-68.61621";"-299.4623";"-49.82611";"-46.1106"
"18768.75";"-199.9395";"-39.66888";"-68.61621";"-299.4623";"-49.80219";"-46.13818";"-199.9395";"-39.66888";"-68.61621";"-299.4623";"-49.80219";"-46.13818"
"18777.09";"-199.8404";"-39.67371";"-68.61621";"-299.4623";"-49.72668";"-46.15167";"-199.8404";"-39.67371";"-68.61621";"-299.4623";"-49.72668";"-46.15167"
"18785.43";"-199.8209";"-39.63452";"-68.61621";"-299.4623";"-49.69531";"-46.17578";"-199.8209";"-39.63452";"-68.61621";"-299.4623";"-49.69531";"-46.17578"
"18793.78";"-199.7897";"-39.65094";"-68.61621";"-299.4623";"-49.66699";"-46.20258";"-199.7897";"-39.65094";"-68.61621";"-299.4623";"-49.66699";"-46.20258"
"18802.12";"-199.7678";"-39.60876";"-68.61621";"-299.4623";"-49.64673";"-46.21301";"-199.7678";"-39.60876";"-68.61621";"-299.4623";"-49.64673";"-46.21301"
"18810.46";"-199.7106";"-39.63916";"-68.61621";"-299.4623";"-49.55212";"-46.23541";"-199.7106";"-39.63916";"-68.61621";"-299.4623";"-49.55212";"-46.23541"
"18818.8";"-199.6666";"-39.55005";"-68.61621";"-299.4623";"-49.49805";"-46.29761";"-199.6666";"-39.55005";"-68.61621";"-299.4623";"-49.49805";"-46.29761"
"18827.14";"-199.4336";"-39.39484";"-68.61621";"-299.4623";"-49.4834";"-46.30444";"-199.4336";"-39.39484";"-68.61621";"-299.4623";"-49.4834";"-46.30444"
"18835.48";"-199.428";"-39.39185";"-68.61621";"-299.4623";"-49.45764";"-46.3089";"-199.428";"-39.39185";"-68.61621";"-299.4623";"-49.45764";"-46.3089"
"18843.82";"-199.3729";"-39.34216";"-68.61621";"-299.4623";"-49.43024";"-46.31305";"-199.3729";"-39.34216";"-68.61621";"-299.4623";"-49.43024";"-46.31305"
"18852.17";"-199.3605";"-39.31158";"-68.61621";"-299.4623";"-49.39258";"-46.33661";"-199.3605";"-39.31158";"-68.61621";"-299.4623";"-49.39258";"-46.33661"
"18860.51";"-199.2994";"-39.31018";"-68.61621";"-299.4623";"-49.33679";"-46.37305";"-199.2994";"-39.31018";"-68.61621";"-299.4623";"-49.33679";"-46.37305"
"18868.85";"-199.2791";"-39.29089";"-68.61621";"-299.4623";"-49.29944";"-46.38434";"-199.2791";"-39.29089";"-68.61621";"-299.4623";"-49.29944";"-46.38434"
"18877.19";"-199.2352";"-39.23175";"-68.61621";"-299.4623";"-49.28809";"-46.39502";"-199.2352";"-39.23175";"-68.61621";"-299.4623";"-49.28809";"-46.39502"
"18885.53";"-199.1954";"-39.23798";"-68.61621";"-299.4623";"-49.23279";"-46.41644";"-199.1954";"-39.23798";"-68.61621";"-299.4623";"-49.23279";"-46.41644"
"18893.88";"-199.1302";"-39.22437";"-68.61621";"-299.4623";"-49.13287";"-46.41974";"-199.1302";"-39.22437";"-68.61621";"-299.4623";"-49.13287";"-46.41974"
"18902.22";"-199.1108";"-39.20691";"-68.61621";"-299.4623";"-49.1236";"-46.42194";"-199.1108";"-39.20691";"-68.61621";"-299.4623";"-49.1236";"-46.42194"
"18910.56";"-199.0692";"-39.19513";"-68.61621";"-299.4623";"-49.0813";"-46.46716";"-199.0692";"-39.19513";"-68.61621";"-299.4623";"-49.0813";"-46.46716"
"18918.9";"-199.0536";"-39.17438";"-68.61621";"-299.4623";"-49.06573";"-46.48541";"-199.0536";"-39.17438";"-68.61621";"-299.4623";"-49.06573";"-46.48541"
"18927.24";"-199.0186";"-39.17419";"-68.61621";"-299.4623";"-49.06";"-46.51398";"-199.0186";"-39.17419";"-68.61621";"-299.4623";"-49.06";"-46.51398"
"18935.58";"-198.9789";"-39.1499";"-68.61621";"-299.4623";"-49.00958";"-46.54663";"-198.9789";"-39.1499";"-68.61621";"-299.4623";"-49.00958";"-46.54663"
"18943.93";"-198.9828";"-39.14154";"-68.61621";"-299.4623";"-48.9809";"-46.57703";"-198.9828";"-39.14154";"-68.61621";"-299.4623";"-48.9809";"-46.57703"
"18952.27";"-198.931";"-39.12616";"-68.61621";"-299.4623";"-48.94196";"-46.58569";"-198.931";"-39.12616";"-68.61621";"-299.4623";"-48.94196";"-46.58569"
"18960.61";"-198.878";"-39.10278";"-68.61621";"-299.4623";"-48.87372";"-46.6424";"-198.878";"-39.10278";"-68.61621";"-299.4623";"-48.87372";"-46.6424"
"18968.95";"-198.853";"-39.09998";"-68.61621";"-299.4623";"-48.84839";"-46.65717";"-198.853";"-39.09998";"-68.61621";"-299.4623";"-48.84839";"-46.65717"
"18977.29";"-198.7419";"-39.04279";"-68.61621";"-299.4623";"-48.79883";"-46.70361";"-198.7419";"-39.04279";"-68.61621";"-299.4623";"-48.79883";"-46.70361"
"18985.63";"-198.7214";"-39.02954";"-68.61621";"-299.4623";"-48.79395";"-46.70697";"-198.7214";"-39.02954";"-68.61621";"-299.4623";"-48.79395";"-46.70697"
"18993.97";"-198.6937";"-39.02625";"-68.61621";"-299.4623";"-48.72711";"-46.7132";"-198.6937";"-39.02625";"-68.61621";"-299.4623";"-48.72711";"-46.7132"
"19002.32";"-198.6503";"-39.01855";"-68.61621";"-299.4623";"-48.70343";"-46.73767";"-198.6503";"-39.01855";"-68.61621";"-299.4623";"-48.70343";"-46.73767"
"19010.66";"-198.5919";"-39.01361";"-68.61621";"-299.4623";"-48.66956";"-46.75409";"-198.5919";"-39.01361";"-68.61621";"-299.4623";"-48.66956";"-46.75409"
"19019";"-198.5594";"-38.99194";"-68.61621";"-299.4623";"-48.62555";"-46.76135";"-198.5594";"-38.99194";"-68.61621";"-299.4623";"-48.62555";"-46.76135"
"19027.34";"-198.4946";"-38.87061";"-68.61621";"-299.4623";"-48.5835";"-46.78101";"-198.4946";"-38.87061";"-68.61621";"-299.4623";"-48.5835";"-46.78101"
"19035.68";"-198.4927";"-38.85645";"-68.61621";"-299.4623";"-48.54724";"-46.79944";"-198.4927";"-38.85645";"-68.61621";"-299.4623";"-48.54724";"-46.79944"
"19044.03";"-198.4513";"-38.84088";"-68.61621";"-299.4623";"-48.46136";"-46.80029";"-198.4513";"-38.84088";"-68.61621";"-299.4623";"-48.46136";"-46.80029"
"19052.37";"-198.4335";"-38.80756";"-68.61621";"-299.4623";"-48.48132";"-46.83038";"-198.4335";"-38.80756";"-68.61621";"-299.4623";"-48.48132";"-46.83038"
"19060.71";"-198.4063";"-38.79181";"-68.61621";"-299.4623";"-48.39758";"-46.84399";"-198.4063";"-38.79181";"-68.61621";"-299.4623";"-48.39758";"-46.84399"
"19069.05";"-198.3476";"-38.789";"-68.61621";"-299.4623";"-48.37585";"-46.86804";"-198.3476";"-38.789";"-68.61621";"-299.4623";"-48.37585";"-46.86804"
"19077.39";"-198.2665";"-38.77631";"-68.61621";"-299.4623";"-48.31842";"-46.89911";"-198.2665";"-38.77631";"-68.61621";"-299.4623";"-48.31842";"-46.89911"
"19085.73";"-198.2738";"-38.76019";"-68.61621";"-299.4623";"-48.26947";"-46.91522";"-198.2738";"-38.76019";"-68.61621";"-299.4623";"-48.26947";"-46.91522"
"19094.07";"-198.2274";"-38.73291";"-68.61621";"-299.4623";"-48.20099";"-46.94269";"-198.2274";"-38.73291";"-68.61621";"-299.4623";"-48.20099";"-46.94269"
"19102.42";"-198.1842";"-38.72693";"-68.61621";"-299.4623";"-48.18018";"-46.93823";"-198.1842";"-38.72693";"-68.61621";"-299.4623";"-48.18018";"-46.93823"
"19110.76";"-198.1092";"-38.66858";"-68.61621";"-299.4623";"-48.12048";"-46.96814";"-198.1092";"-38.66858";"-68.61621";"-299.4623";"-48.12048";"-46.96814"
"19119.1";"-198.0958";"-38.65497";"-68.61621";"-299.4623";"-48.10431";"-46.98267";"-198.0958";"-38.65497";"-68.61621";"-299.4623";"-48.10431";"-46.98267"
"19127.44";"-198.0636";"-38.63599";"-68.61621";"-299.4623";"-48.07465";"-47.00244";"-198.0636";"-38.63599";"-68.61621";"-299.4623";"-48.07465";"-47.00244"
"19135.78";"-198.0583";"-38.62933";"-68.61621";"-299.4623";"-48.04431";"-47.02618";"-198.0583";"-38.62933";"-68.61621";"-299.4623";"-48.04431";"-47.02618"
"19144.13";"-198.0236";"-38.59698";"-68.61621";"-299.4623";"-47.97314";"-47.03766";"-198.0236";"-38.59698";"-68.61621";"-299.4623";"-47.97314";"-47.03766"
"19152.47";"-197.9875";"-38.56818";"-68.61621";"-299.4623";"-47.9436";"-47.05603";"-197.9875";"-38.56818";"-68.61621";"-299.4623";"-47.9436";"-47.05603"
"19160.81";"-197.9485";"-38.54767";"-68.61621";"-299.4623";"-47.91595";"-47.06659";"-197.9485";"-38.54767";"-68.61621";"-299.4623";"-47.91595";"-47.06659"
"19169.15";"-197.9245";"-38.52344";"-68.61621";"-299.4623";"-47.8631";"-47.07709";"-197.9245";"-38.52344";"-68.61621";"-299.4623";"-47.8631";"-47.07709"
"19177.49";"-197.879";"-38.51233";"-68.61621";"-299.4623";"-47.79907";"-47.11725";"-197.879";"-38.51233";"-68.61621";"-299.4623";"-47.79907";"-47.11725"
"19185.83";"-197.6594";"-38.49274";"-68.61621";"-299.4623";"-47.77661";"-47.11407";"-197.6594";"-38.49274";"-68.61621";"-299.4623";"-47.77661";"-47.11407"
"19194.18";"-197.5993";"-38.48511";"-68.61621";"-299.4623";"-47.74292";"-47.14966";"-197.5993";"-38.48511";"-68.61621";"-299.4623";"-47.74292";"-47.14966"
"19202.52";"-197.5432";"-38.48608";"-68.61621";"-299.4623";"-47.71594";"-47.14563";"-197.5432";"-38.48608";"-68.61621";"-299.4623";"-47.71594";"-47.14563"
"19210.86";"-197.491";"-38.32263";"-68.61621";"-299.4623";"-47.67499";"-47.17413";"-197.491";"-38.32263";"-68.61621";"-299.4623";"-47.67499";"-47.17413"
"19219.2";"-197.4595";"-38.31354";"-68.61621";"-299.4623";"-47.61536";"-47.20801";"-197.4595";"-38.31354";"-68.61621";"-299.4623";"-47.61536";"-47.20801"
"19227.54";"-197.3993";"-38.29761";"-68.61621";"-299.4623";"-47.5412";"-47.21472";"-197.3993";"-38.29761";"-68.61621";"-299.4623";"-47.5412";"-47.21472"
"19235.88";"-197.3679";"-38.28357";"-68.61621";"-299.4623";"-47.51172";"-47.23889";"-197.3679";"-38.28357";"-68.61621";"-299.4623";"-47.51172";"-47.23889"
"19244.22";"-197.3226";"-38.25195";"-68.61621";"-299.4623";"-47.49097";"-47.24878";"-197.3226";"-38.25195";"-68.61621";"-299.4623";"-47.49097";"-47.24878"
"19252.57";"-197.2981";"-38.23706";"-68.61621";"-299.4623";"-47.4552";"-47.25519";"-197.2981";"-38.23706";"-68.61621";"-299.4623";"-47.4552";"-47.25519"
"19260.91";"-197.2849";"-38.20947";"-68.61621";"-299.4623";"-47.36224";"-47.29706";"-197.2849";"-38.20947";"-68.61621";"-299.4623";"-47.36224";"-47.29706"
"19269.25";"-197.2436";"-38.19135";"-68.61621";"-299.4623";"-47.33655";"-47.30212";"-197.2436";"-38.19135";"-68.61621";"-299.4623";"-47.33655";"-47.30212"
"19277.59";"-197.1892";"-38.16718";"-68.61621";"-299.4623";"-47.28656";"-47.32623";"-197.1892";"-38.16718";"-68.61621";"-299.4623";"-47.28656";"-47.32623"
"19285.93";"-197.1745";"-38.15137";"-68.61621";"-299.4623";"-47.25452";"-47.33154";"-197.1745";"-38.15137";"-68.61621";"-299.4623";"-47.25452";"-47.33154"
"19294.28";"-197.1235";"-38.13312";"-68.61621";"-299.4623";"-47.21912";"-47.35266";"-197.1235";"-38.13312";"-68.61621";"-299.4623";"-47.21912";"-47.35266"
"19302.62";"-197.0987";"-38.11609";"-68.61621";"-299.4623";"-47.17877";"-47.37579";"-197.0987";"-38.11609";"-68.61621";"-299.4623";"-47.17877";"-47.37579"
"19310.96";"-197.0378";"-38.11035";"-68.61621";"-299.4623";"-47.11584";"-47.37555";"-197.0378";"-38.11035";"-68.61621";"-299.4623";"-47.11584";"-47.37555"
"19319.3";"-197.0183";"-38.09613";"-68.61621";"-299.4623";"-47.10126";"-47.41711";"-197.0183";"-38.09613";"-68.61621";"-299.4623";"-47.10126";"-47.41711"
"19327.64";"-196.9261";"-38.06537";"-68.61621";"-299.4623";"-47.01074";"-47.49146";"-196.9261";"-38.06537";"-68.61621";"-299.4623";"-47.01074";"-47.49146"
"19335.98";"-196.9012";"-38.05438";"-68.61621";"-299.4623";"-47.00775";"-47.49054";"-196.9012";"-38.05438";"-68.61621";"-299.4623";"-47.00775";"-47.49054"
"19344.32";"-196.8619";"-38.05731";"-68.61621";"-299.4623";"-46.95526";"-47.53778";"-196.8619";"-38.05731";"-68.61621";"-299.4623";"-46.95526";"-47.53778"
"19352.67";"-196.8416";"-38.03271";"-68.61621";"-299.4623";"-46.95258";"-47.54358";"-196.8416";"-38.03271";"-68.61621";"-299.4623";"-46.95258";"-47.54358"
"19361.01";"-196.799";"-38.02826";"-68.61621";"-299.4623";"-46.87531";"-47.5744";"-196.799";"-38.02826";"-68.61621";"-299.4623";"-46.87531";"-47.5744"
"19369.35";"-196.7389";"-38.02448";"-68.61621";"-299.4623";"-46.85742";"-47.5816";"-196.7389";"-38.02448";"-68.61621";"-299.4623";"-46.85742";"-47.5816"
"19377.69";"-196.6012";"-38.01776";"-68.61621";"-299.4623";"-46.78827";"-47.60388";"-196.6012";"-38.01776";"-68.61621";"-299.4623";"-46.78827";"-47.60388"
"19386.03";"-196.5869";"-37.99438";"-68.61621";"-299.4623";"-46.76416";"-47.63849";"-196.5869";"-37.99438";"-68.61621";"-299.4623";"-46.76416";"-47.63849"
"19394.38";"-196.5338";"-37.98529";"-68.61621";"-299.4623";"-46.65393";"-47.6239";"-196.5338";"-37.98529";"-68.61621";"-299.4623";"-46.65393";"-47.6239"
"19402.72";"-196.5313";"-37.97205";"-68.61621";"-299.4623";"-46.63745";"-47.65375";"-196.5313";"-37.97205";"-68.61621";"-299.4623";"-46.63745";"-47.65375"
"19411.06";"-196.4709";"-37.84662";"-68.61621";"-299.4623";"-46.58978";"-47.68176";"-196.4709";"-37.84662";"-68.61621";"-299.4623";"-46.58978";"-47.68176"
"19419.4";"-196.4277";"-37.82935";"-68.61621";"-299.4623";"-46.55737";"-47.71545";"-196.4277";"-37.82935";"-68.61621";"-299.4623";"-46.55737";"-47.71545"
"19427.74";"-196.4111";"-37.79651";"-68.61621";"-299.4623";"-46.5119";"-47.73694";"-196.4111";"-37.79651";"-68.61621";"-299.4623";"-46.5119";"-47.73694"
"19436.08";"-196.3785";"-37.79224";"-68.61621";"-299.4623";"-46.49426";"-47.73315";"-196.3785";"-37.79224";"-68.61621";"-299.4623";"-46.49426";"-47.73315"
"19444.43";"-196.2876";"-37.76733";"-68.61621";"-299.4623";"-46.41058";"-47.76837";"-196.2876";"-37.76733";"-68.61621";"-299.4623";"-46.41058";"-47.76837"
"19452.77";"-196.2864";"-37.75122";"-68.61621";"-299.4623";"-46.40326";"-47.77411";"-196.2864";"-37.75122";"-68.61621";"-299.4623";"-46.40326";"-47.77411"
"19461.11";"-196.2319";"-37.73651";"-68.61621";"-299.4623";"-46.30884";"-47.79816";"-196.2319";"-37.73651";"-68.61621";"-299.4623";"-46.30884";"-47.79816"
"19469.45";"-196.2139";"-37.73102";"-68.61621";"-299.4623";"-46.27869";"-47.80597";"-196.2139";"-37.73102";"-68.61621";"-299.4623";"-46.27869";"-47.80597"
"19477.79";"-196.182";"-37.69537";"-68.61621";"-299.4623";"-46.26129";"-47.81427";"-196.182";"-37.69537";"-68.61621";"-299.4623";"-46.26129";"-47.81427"
"19486.13";"-196.157";"-37.68713";"-68.61621";"-299.4623";"-46.22778";"-47.8429";"-196.157";"-37.68713";"-68.61621";"-299.4623";"-46.22778";"-47.8429"
"19494.47";"-196.0843";"-37.62195";"-68.61621";"-299.4623";"-46.14514";"-47.86224";"-196.0843";"-37.62195";"-68.61621";"-299.4623";"-46.14514";"-47.86224"
"19502.82";"-196.0372";"-37.62183";"-68.61621";"-299.4623";"-46.12671";"-47.87457";"-196.0372";"-37.62183";"-68.61621";"-299.4623";"-46.12671";"-47.87457"
"19511.16";"-195.9723";"-37.59686";"-68.61621";"-299.4623";"-46.0918";"-47.88232";"-195.9723";"-37.59686";"-68.61621";"-299.4623";"-46.0918";"-47.88232"
"19519.5";"-195.9435";"-37.60858";"-68.61621";"-299.4623";"-46.06616";"-47.896";"-195.9435";"-37.60858";"-68.61621";"-299.4623";"-46.06616";"-47.896"
"19527.84";"-195.9037";"-37.57709";"-68.61621";"-299.4623";"-46.00427";"-47.9325";"-195.9037";"-37.57709";"-68.61621";"-299.4623";"-46.00427";"-47.9325"
"19536.18";"-195.8614";"-37.56555";"-68.61621";"-299.4623";"-45.89008";"-47.93964";"-195.8614";"-37.56555";"-68.61621";"-299.4623";"-45.89008";"-47.93964"
"19544.53";"-195.8389";"-37.55743";"-68.61621";"-299.4623";"-45.89545";"-47.95532";"-195.8389";"-37.55743";"-68.61621";"-299.4623";"-45.89545";"-47.95532"
"19552.87";"-195.8069";"-37.51416";"-68.61621";"-299.4623";"-45.86932";"-47.97192";"-195.8069";"-37.51416";"-68.61621";"-299.4623";"-45.86932";"-47.97192"
"19561.21";"-195.7537";"-37.50726";"-68.61621";"-299.4623";"-45.84528";"-47.98572";"-195.7537";"-37.50726";"-68.61621";"-299.4623";"-45.84528";"-47.98572"
"19569.55";"-195.4657";"-37.33722";"-68.61621";"-299.4623";"-45.83209";"-47.99359";"-195.4657";"-37.33722";"-68.61621";"-299.4623";"-45.83209";"-47.99359"
"19577.89";"-195.3709";"-37.33136";"-68.61621";"-299.4623";"-45.73474";"-48.02844";"-195.3709";"-37.33136";"-68.61621";"-299.4623";"-45.73474";"-48.02844"
"19586.23";"-195.3543";"-37.29736";"-68.61621";"-299.4623";"-45.7132";"-48.04303";"-195.3543";"-37.29736";"-68.61621";"-299.4623";"-45.7132";"-48.04303"
"19594.57";"-195.3361";"-37.28564";"-68.61621";"-299.4623";"-45.68652";"-48.06787";"-195.3361";"-37.28564";"-68.61621";"-299.4623";"-45.68652";"-48.06787"
"19602.92";"-195.3077";"-37.2439";"-68.61621";"-299.4623";"-45.67389";"-48.06732";"-195.3077";"-37.2439";"-68.61621";"-299.4623";"-45.67389";"-48.06732"
"19611.26";"-195.2825";"-37.24042";"-68.61621";"-299.4623";"-45.62024";"-48.07782";"-195.2825";"-37.24042";"-68.61621";"-299.4623";"-45.62024";"-48.07782"
"19619.6";"-195.2592";"-37.18103";"-68.61621";"-299.4623";"-45.58099";"-48.11322";"-195.2592";"-37.18103";"-68.61621";"-299.4623";"-45.58099";"-48.11322"
"19627.94";"-195.2109";"-37.16418";"-68.61621";"-299.4623";"-45.50018";"-48.14618";"-195.2109";"-37.16418";"-68.61621";"-299.4623";"-45.50018";"-48.14618"
"19636.28";"-195.1872";"-37.15851";"-68.61621";"-299.4623";"-45.46698";"-48.1416";"-195.1872";"-37.15851";"-68.61621";"-299.4623";"-45.46698";"-48.1416"
"19644.63";"-195.0914";"-37.16077";"-68.61621";"-299.4623";"-45.34558";"-48.15387";"-195.0914";"-37.16077";"-68.61621";"-299.4623";"-45.34558";"-48.15387"
"19652.97";"-195.0883";"-37.13177";"-68.61621";"-299.4623";"-45.35645";"-48.17499";"-195.0883";"-37.13177";"-68.61621";"-299.4623";"-45.35645";"-48.17499"
"19661.31";"-195.0336";"-37.14569";"-68.61621";"-299.4623";"-45.24225";"-48.20178";"-195.0336";"-37.14569";"-68.61621";"-299.4623";"-45.24225";"-48.20178"
"19669.65";"-195.0084";"-37.12537";"-68.61621";"-299.4623";"-45.24091";"-48.22192";"-195.0084";"-37.12537";"-68.61621";"-299.4623";"-45.24091";"-48.22192"
"19677.99";"-194.932";"-37.09485";"-68.61621";"-299.4623";"-45.22614";"-48.24689";"-194.932";"-37.09485";"-68.61621";"-299.4623";"-45.22614";"-48.24689"
"19686.33";"-194.9079";"-37.08514";"-68.61621";"-299.4623";"-45.18921";"-48.26239";"-194.9079";"-37.08514";"-68.61621";"-299.4623";"-45.18921";"-48.26239"
"19694.68";"-194.8733";"-37.07672";"-68.61621";"-299.4623";"-45.11633";"-48.2793";"-194.8733";"-37.07672";"-68.61621";"-299.4623";"-45.11633";"-48.2793"
"19703.02";"-194.8297";"-37.07141";"-68.61621";"-299.4623";"-45.10083";"-48.31152";"-194.8297";"-37.07141";"-68.61621";"-299.4623";"-45.10083";"-48.31152"
"19711.36";"-194.7701";"-37.03387";"-68.61621";"-299.4623";"-45.05621";"-48.33807";"-194.7701";"-37.03387";"-68.61621";"-299.4623";"-45.05621";"-48.33807"
"19719.7";"-194.7386";"-37.03528";"-68.61621";"-299.4623";"-45.02051";"-48.35468";"-194.7386";"-37.03528";"-68.61621";"-299.4623";"-45.02051";"-48.35468"
"19728.04";"-194.6591";"-37.00714";"-68.61621";"-299.4623";"-44.9469";"-48.36389";"-194.6591";"-37.00714";"-68.61621";"-299.4623";"-44.9469";"-48.36389"
"19736.38";"-194.6204";"-36.98602";"-68.61621";"-299.4623";"-44.91681";"-48.38959";"-194.6204";"-36.98602";"-68.61621";"-299.4623";"-44.91681";"-48.38959"
"19744.72";"-194.5599";"-36.94086";"-68.61621";"-299.4623";"-44.84308";"-48.39728";"-194.5599";"-36.94086";"-68.61621";"-299.4623";"-44.84308";"-48.39728"
"19753.07";"-194.533";"-36.94635";"-68.61621";"-299.4623";"-44.80835";"-48.4303";"-194.533";"-36.94635";"-68.61621";"-299.4623";"-44.80835";"-48.4303"
"19761.41";"-194.4977";"-36.79059";"-68.61621";"-299.4623";"-44.7619";"-48.45551";"-194.4977";"-36.79059";"-68.61621";"-299.4623";"-44.7619";"-48.45551"
"19769.75";"-194.4778";"-36.78284";"-68.61621";"-299.4623";"-44.72992";"-48.49506";"-194.4778";"-36.78284";"-68.61621";"-299.4623";"-44.72992";"-48.49506"
"19778.09";"-194.4158";"-36.70477";"-68.61621";"-299.4623";"-44.69794";"-48.51678";"-194.4158";"-36.70477";"-68.61621";"-299.4623";"-44.69794";"-48.51678"
"19786.43";"-194.3803";"-36.71997";"-68.61621";"-299.4623";"-44.68634";"-48.54736";"-194.3803";"-36.71997";"-68.61621";"-299.4623";"-44.68634";"-48.54736"
"19794.78";"-194.3879";"-36.71039";"-68.61621";"-299.4623";"-44.64636";"-48.5603";"-194.3879";"-36.71039";"-68.61621";"-299.4623";"-44.64636";"-48.5603"
"19803.12";"-194.3208";"-36.6886";"-68.61621";"-299.4623";"-44.59741";"-48.59937";"-194.3208";"-36.6886";"-68.61621";"-299.4623";"-44.59741";"-48.59937"
"19811.46";"-194.281";"-36.65375";"-68.61621";"-299.4623";"-44.55945";"-48.633";"-194.281";"-36.65375";"-68.61621";"-299.4623";"-44.55945";"-48.633"
"19819.8";"-194.1819";"-36.61652";"-68.61621";"-299.4623";"-44.42365";"-48.68951";"-194.1819";"-36.61652";"-68.61621";"-299.4623";"-44.42365";"-48.68951"
"19828.14";"-194.1474";"-36.63684";"-68.61621";"-299.4623";"-44.41632";"-48.69659";"-194.1474";"-36.63684";"-68.61621";"-299.4623";"-44.41632";"-48.69659"
"19836.48";"-194.1272";"-36.63501";"-68.61621";"-299.4623";"-44.3913";"-48.70105";"-194.1272";"-36.63501";"-68.61621";"-299.4623";"-44.3913";"-48.70105"
"19844.82";"-194.0852";"-36.58063";"-68.61621";"-299.4623";"-44.354";"-48.71991";"-194.0852";"-36.58063";"-68.61621";"-299.4623";"-44.354";"-48.71991"
"19853.17";"-194.0247";"-36.54382";"-68.61621";"-299.4623";"-44.32434";"-48.74463";"-194.0247";"-36.54382";"-68.61621";"-299.4623";"-44.32434";"-48.74463"
"19861.51";"-193.9933";"-36.53064";"-68.61621";"-299.4623";"-44.21667";"-48.75336";"-193.9933";"-36.53064";"-68.61621";"-299.4623";"-44.21667";"-48.75336"
"19869.85";"-193.9597";"-36.51398";"-68.61621";"-299.4623";"-44.15894";"-48.76752";"-193.9597";"-36.51398";"-68.61621";"-299.4623";"-44.15894";"-48.76752"
"19878.19";"-193.8532";"-36.52466";"-68.61621";"-299.4623";"-44.14539";"-48.79822";"-193.8532";"-36.52466";"-68.61621";"-299.4623";"-44.14539";"-48.79822"
"19886.53";"-193.6444";"-36.48999";"-68.61621";"-299.4623";"-44.14056";"-48.80316";"-193.6444";"-36.48999";"-68.61621";"-299.4623";"-44.14056";"-48.80316"
"19894.88";"-193.5621";"-36.45898";"-68.61621";"-299.4623";"-44.10254";"-48.83063";"-193.5621";"-36.45898";"-68.61621";"-299.4623";"-44.10254";"-48.83063"
"19903.22";"-193.5336";"-36.41925";"-68.61621";"-299.4623";"-44.03937";"-48.84686";"-193.5336";"-36.41925";"-68.61621";"-299.4623";"-44.03937";"-48.84686"
"19911.56";"-193.4964";"-36.2926";"-68.61621";"-299.4623";"-43.96356";"-48.87134";"-193.4964";"-36.2926";"-68.61621";"-299.4623";"-43.96356";"-48.87134"
"19919.9";"-193.4491";"-36.2243";"-68.61621";"-299.4623";"-43.95978";"-48.87653";"-193.4491";"-36.2243";"-68.61621";"-299.4623";"-43.95978";"-48.87653"
"19928.24";"-193.4008";"-36.21942";"-68.61621";"-299.4623";"-43.89789";"-48.90771";"-193.4008";"-36.21942";"-68.61621";"-299.4623";"-43.89789";"-48.90771"
"19936.58";"-193.3755";"-36.17584";"-68.61621";"-299.4623";"-43.87097";"-48.91327";"-193.3755";"-36.17584";"-68.61621";"-299.4623";"-43.87097";"-48.91327"
"19944.93";"-193.3381";"-36.19958";"-68.61621";"-299.4623";"-43.80396";"-48.93298";"-193.3381";"-36.19958";"-68.61621";"-299.4623";"-43.80396";"-48.93298"
"19953.27";"-193.3127";"-36.16901";"-68.61621";"-299.4623";"-43.77948";"-48.94141";"-193.3127";"-36.16901";"-68.61621";"-299.4623";"-43.77948";"-48.94141"
"19961.61";"-193.2471";"-36.14734";"-68.61621";"-299.4623";"-43.74304";"-48.98352";"-193.2471";"-36.14734";"-68.61621";"-299.4623";"-43.74304";"-48.98352"
"19969.95";"-193.2019";"-36.12933";"-68.61621";"-299.4623";"-43.7168";"-49.00476";"-193.2019";"-36.12933";"-68.61621";"-299.4623";"-43.7168";"-49.00476"
"19978.29";"-193.1583";"-36.09082";"-68.61621";"-299.4623";"-43.6535";"-49.01984";"-193.1583";"-36.09082";"-68.61621";"-299.4623";"-43.6535";"-49.01984"
"19986.63";"-193.1091";"-36.06757";"-68.61621";"-299.4623";"-43.61584";"-49.03833";"-193.1091";"-36.06757";"-68.61621";"-299.4623";"-43.61584";"-49.03833"
"19994.97";"-193.0656";"-36.05878";"-68.61621";"-299.4623";"-43.49066";"-49.06012";"-193.0656";"-36.05878";"-68.61621";"-299.4623";"-43.49066";"-49.06012"
"20003.32";"-193.0228";"-36.0545";"-68.61621";"-299.4623";"-43.49066";"-49.07416";"-193.0228";"-36.0545";"-68.61621";"-299.4623";"-43.49066";"-49.07416"
"20011.66";"-192.9998";"-36.02527";"-68.61621";"-299.4623";"-43.44684";"-49.08521";"-192.9998";"-36.02527";"-68.61621";"-299.4623";"-43.44684";"-49.08521"
"20020";"-192.9381";"-36.00757";"-68.61621";"-299.4623";"-43.40747";"-49.08752";"-192.9381";"-36.00757";"-68.61621";"-299.4623";"-43.40747";"-49.08752"
"20028.34";"-192.8871";"-35.99127";"-68.61621";"-299.4623";"-43.34747";"-49.10724";"-192.8871";"-35.99127";"-68.61621";"-299.4623";"-43.34747";"-49.10724"
"20036.68";"-192.8251";"-35.98755";"-68.61621";"-299.4623";"-43.32733";"-49.12714";"-192.8251";"-35.98755";"-68.61621";"-299.4623";"-43.32733";"-49.12714"
"20045.03";"-192.7783";"-35.94702";"-68.61621";"-299.4623";"-43.19977";"-49.18701";"-192.7783";"-35.94702";"-68.61621";"-299.4623";"-43.19977";"-49.18701"
"20053.37";"-192.7605";"-35.92578";"-68.61621";"-299.4623";"-43.17969";"-49.19977";"-192.7605";"-35.92578";"-68.61621";"-299.4623";"-43.17969";"-49.19977"
"20061.71";"-192.7089";"-35.90704";"-68.61621";"-299.4623";"-43.16467";"-49.20343";"-192.7089";"-35.90704";"-68.61621";"-299.4623";"-43.16467";"-49.20343"
"20070.05";"-192.6522";"-35.89374";"-68.61621";"-299.4623";"-43.1405";"-49.21307";"-192.6522";"-35.89374";"-68.61621";"-299.4623";"-43.1405";"-49.21307"
"20078.39";"-192.5431";"-35.87915";"-68.61621";"-299.4623";"-43.06677";"-49.22601";"-192.5431";"-35.87915";"-68.61621";"-299.4623";"-43.06677";"-49.22601"
"20086.73";"-192.5213";"-35.87689";"-68.61621";"-299.4623";"-43.05011";"-49.23444";"-192.5213";"-35.87689";"-68.61621";"-299.4623";"-43.05011";"-49.23444"
"20095.07";"-192.4867";"-35.71716";"-68.61621";"-299.4623";"-42.98077";"-49.26263";"-192.4867";"-35.71716";"-68.61621";"-299.4623";"-42.98077";"-49.26263"
"20103.42";"-192.4713";"-35.71954";"-68.61621";"-299.4623";"-42.86426";"-49.28729";"-192.4713";"-35.71954";"-68.61621";"-299.4623";"-42.86426";"-49.28729"
"20111.76";"-192.3621";"-35.6286";"-68.61621";"-299.4623";"-42.86798";"-49.29669";"-192.3621";"-35.6286";"-68.61621";"-299.4623";"-42.86798";"-49.29669"
"20120.1";"-192.3672";"-35.64008";"-68.61621";"-299.4623";"-42.84399";"-49.3075";"-192.3672";"-35.64008";"-68.61621";"-299.4623";"-42.84399";"-49.3075"
"20128.44";"-192.3239";"-35.62109";"-68.61621";"-299.4623";"-42.79791";"-49.34332";"-192.3239";"-35.62109";"-68.61621";"-299.4623";"-42.79791";"-49.34332"
"20136.78";"-192.3062";"-35.60187";"-68.61621";"-299.4623";"-42.75238";"-49.34723";"-192.3062";"-35.60187";"-68.61621";"-299.4623";"-42.75238";"-49.34723"
"20145.13";"-192.2393";"-35.58203";"-68.61621";"-299.4623";"-42.7063";"-49.39954";"-192.2393";"-35.58203";"-68.61621";"-299.4623";"-42.7063";"-49.39954"
"20153.47";"-192.1943";"-35.57025";"-68.61621";"-299.4623";"-42.67316";"-49.4187";"-192.1943";"-35.57025";"-68.61621";"-299.4623";"-42.67316";"-49.4187"
"20161.81";"-192.1393";"-35.52277";"-68.61621";"-299.4623";"-42.64178";"-49.45313";"-192.1393";"-35.52277";"-68.61621";"-299.4623";"-42.64178";"-49.45313"
"20170.15";"-192.1071";"-35.52997";"-68.61621";"-299.4623";"-42.59161";"-49.44611";"-192.1071";"-35.52997";"-68.61621";"-299.4623";"-42.59161";"-49.44611"
"20178.49";"-191.9131";"-35.48987";"-68.61621";"-299.4623";"-42.47058";"-49.46008";"-191.9131";"-35.48987";"-68.61621";"-299.4623";"-42.47058";"-49.46008"
"20186.83";"-191.8684";"-35.48505";"-68.61621";"-299.4623";"-42.42004";"-49.49426";"-191.8684";"-35.48505";"-68.61621";"-299.4623";"-42.42004";"-49.49426"
"20195.18";"-191.8127";"-35.45789";"-68.61621";"-299.4623";"-42.40302";"-49.50476";"-191.8127";"-35.45789";"-68.61621";"-299.4623";"-42.40302";"-49.50476"
"20203.52";"-191.7985";"-35.46069";"-68.61621";"-299.4623";"-42.3855";"-49.51996";"-191.7985";"-35.46069";"-68.61621";"-299.4623";"-42.3855";"-49.51996"
"20211.86";"-191.7736";"-35.40479";"-68.61621";"-299.4623";"-42.33179";"-49.54309";"-191.7736";"-35.40479";"-68.61621";"-299.4623";"-42.33179";"-49.54309"
"20220.2";"-191.7294";"-35.41486";"-68.61621";"-299.4623";"-42.27673";"-49.58502";"-191.7294";"-35.41486";"-68.61621";"-299.4623";"-42.27673";"-49.58502"
"20228.54";"-191.5769";"-35.36304";"-68.61621";"-299.4623";"-42.24451";"-49.60986";"-191.5769";"-35.36304";"-68.61621";"-299.4623";"-42.24451";"-49.60986"
"20236.88";"-191.5669";"-35.35999";"-68.61621";"-299.4623";"-42.20496";"-49.64008";"-191.5669";"-35.35999";"-68.61621";"-299.4623";"-42.20496";"-49.64008"
"20245.22";"-191.5026";"-35.32855";"-68.61621";"-299.4623";"-42.07928";"-49.6637";"-191.5026";"-35.32855";"-68.61621";"-299.4623";"-42.07928";"-49.6637"
"20253.57";"-191.4775";"-35.20001";"-68.61621";"-299.4623";"-42.07556";"-49.67053";"-191.4775";"-35.20001";"-68.61621";"-299.4623";"-42.07556";"-49.67053"
"20261.91";"-191.3694";"-35.18274";"-68.61621";"-299.4623";"-42.0412";"-49.71283";"-191.3694";"-35.18274";"-68.61621";"-299.4623";"-42.0412";"-49.71283"
"20270.25";"-191.3376";"-35.17688";"-68.61621";"-299.4623";"-42.00745";"-49.73694";"-191.3376";"-35.17688";"-68.61621";"-299.4623";"-42.00745";"-49.73694"
"20278.59";"-191.2654";"-35.11481";"-68.61621";"-299.4623";"-41.89441";"-49.76062";"-191.2654";"-35.11481";"-68.61621";"-299.4623";"-41.89441";"-49.76062"
"20286.93";"-191.2597";"-35.10748";"-68.61621";"-299.4623";"-41.89105";"-49.7735";"-191.2597";"-35.10748";"-68.61621";"-299.4623";"-41.89105";"-49.7735"
"20295.28";"-191.2056";"-35.08209";"-68.61621";"-299.4623";"-41.85748";"-49.78778";"-191.2056";"-35.08209";"-68.61621";"-299.4623";"-41.85748";"-49.78778"
"20303.62";"-191.1802";"-35.07831";"-68.61621";"-299.4623";"-41.8125";"-49.7923";"-191.1802";"-35.07831";"-68.61621";"-299.4623";"-41.8125";"-49.7923"
"20311.96";"-191.1163";"-35.05347";"-68.61621";"-299.4623";"-41.77295";"-49.80225";"-191.1163";"-35.05347";"-68.61621";"-299.4623";"-41.77295";"-49.80225"
"20320.3";"-191.0983";"-35.04193";"-68.61621";"-299.4623";"-41.73187";"-49.82916";"-191.0983";"-35.04193";"-68.61621";"-299.4623";"-41.73187";"-49.82916"
"20328.64";"-190.9656";"-35.01593";"-68.61621";"-299.4623";"-41.64893";"-49.86426";"-190.9656";"-35.01593";"-68.61621";"-299.4623";"-41.64893";"-49.86426"
"20336.98";"-190.9612";"-35.00287";"-68.61621";"-299.4623";"-41.6109";"-49.87579";"-190.9612";"-35.00287";"-68.61621";"-299.4623";"-41.6109";"-49.87579"
"20345.32";"-190.912";"-34.99695";"-68.61621";"-299.4623";"-41.58063";"-49.90234";"-190.912";"-34.99695";"-68.61621";"-299.4623";"-41.58063";"-49.90234"
"20353.67";"-190.8619";"-34.97961";"-68.61621";"-299.4623";"-41.55786";"-49.91266";"-190.8619";"-34.97961";"-68.61621";"-299.4623";"-41.55786";"-49.91266"
"20362.01";"-190.8097";"-34.96332";"-68.61621";"-299.4623";"-41.39508";"-49.91333";"-190.8097";"-34.96332";"-68.61621";"-299.4623";"-41.39508";"-49.91333"
"20370.35";"-190.7751";"-34.94995";"-68.61621";"-299.4623";"-41.40179";"-49.93195";"-190.7751";"-34.94995";"-68.61621";"-299.4623";"-41.40179";"-49.93195"
"20378.69";"-190.6441";"-34.92999";"-68.61621";"-299.4623";"-41.36127";"-49.96478";"-190.6441";"-34.92999";"-68.61621";"-299.4623";"-41.36127";"-49.96478"
"20387.03";"-190.61";"-34.92389";"-68.61621";"-299.4623";"-41.33203";"-49.961";"-190.61";"-34.92389";"-68.61621";"-299.4623";"-41.33203";"-49.961"
"20395.38";"-190.557";"-34.89722";"-68.61621";"-299.4623";"-41.24396";"-50.00208";"-190.557";"-34.89722";"-68.61621";"-299.4623";"-41.24396";"-50.00208"
"20403.72";"-190.5517";"-34.88464";"-68.61621";"-299.4623";"-41.22699";"-50.01428";"-190.5517";"-34.88464";"-68.61621";"-299.4623";"-41.22699";"-50.01428"
"20412.06";"-190.5046";"-34.86414";"-68.61621";"-299.4623";"-41.17554";"-50.02673";"-190.5046";"-34.86414";"-68.61621";"-299.4623";"-41.17554";"-50.02673"
"20420.4";"-190.4792";"-34.71967";"-68.61621";"-299.4623";"-41.16022";"-50.05597";"-190.4792";"-34.71967";"-68.61621";"-299.4623";"-41.16022";"-50.05597"
"20428.74";"-190.3864";"-34.69507";"-68.61621";"-299.4623";"-41.02191";"-50.06848";"-190.3864";"-34.69507";"-68.61621";"-299.4623";"-41.02191";"-50.06848"
"20437.08";"-190.368";"-34.67242";"-68.61621";"-299.4623";"-41.02319";"-50.08344";"-190.368";"-34.67242";"-68.61621";"-299.4623";"-41.02319";"-50.08344"
"20445.43";"-190.2911";"-34.63605";"-68.61621";"-299.4623";"-40.99719";"-50.10748";"-190.2911";"-34.63605";"-68.61621";"-299.4623";"-40.99719";"-50.10748"
"20453.77";"-190.2735";"-34.61169";"-68.61621";"-299.4623";"-40.95874";"-50.12128";"-190.2735";"-34.61169";"-68.61621";"-299.4623";"-40.95874";"-50.12128"
"20462.11";"-190.2067";"-34.56787";"-68.61621";"-299.4623";"-40.90674";"-50.13513";"-190.2067";"-34.56787";"-68.61621";"-299.4623";"-40.90674";"-50.13513"
"20470.45";"-190.1761";"-34.54077";"-68.61621";"-299.4623";"-40.88635";"-50.1507";"-190.1761";"-34.54077";"-68.61621";"-299.4623";"-40.88635";"-50.1507"
"20478.79";"-189.9305";"-34.49194";"-68.61621";"-299.4623";"-40.75775";"-50.23474";"-189.9305";"-34.49194";"-68.61621";"-299.4623";"-40.75775";"-50.23474"
"20487.13";"-189.8957";"-34.48212";"-68.61621";"-299.4623";"-40.75342";"-50.24542";"-189.8957";"-34.48212";"-68.61621";"-299.4623";"-40.75342";"-50.24542"
"20495.47";"-189.8691";"-34.4563";"-68.61621";"-299.4623";"-40.72925";"-50.24304";"-189.8691";"-34.4563";"-68.61621";"-299.4623";"-40.72925";"-50.24304"
"20503.82";"-189.8419";"-34.46375";"-68.61621";"-299.4623";"-40.7016";"-50.24713";"-189.8419";"-34.46375";"-68.61621";"-299.4623";"-40.7016";"-50.24713"
"20512.16";"-189.8124";"-34.45721";"-68.61621";"-299.4623";"-40.67255";"-50.26282";"-189.8124";"-34.45721";"-68.61621";"-299.4623";"-40.67255";"-50.26282"
"20520.5";"-189.7754";"-34.42572";"-68.61621";"-299.4623";"-40.6344";"-50.271";"-189.7754";"-34.42572";"-68.61621";"-299.4623";"-40.6344";"-50.271"
"20528.84";"-189.7341";"-34.39313";"-68.61621";"-299.4623";"-40.60938";"-50.2912";"-189.7341";"-34.39313";"-68.61621";"-299.4623";"-40.60938";"-50.2912"
"20537.18";"-189.6843";"-34.37762";"-68.61621";"-299.4623";"-40.56171";"-50.30634";"-189.6843";"-34.37762";"-68.61621";"-299.4623";"-40.56171";"-50.30634"
"20545.53";"-189.5993";"-34.33612";"-68.61621";"-299.4623";"-40.44531";"-50.31677";"-189.5993";"-34.33612";"-68.61621";"-299.4623";"-40.44531";"-50.31677"
"20553.87";"-189.5952";"-34.32672";"-68.61621";"-299.4623";"-40.44025";"-50.33008";"-189.5952";"-34.32672";"-68.61621";"-299.4623";"-40.44025";"-50.33008"
"20562.21";"-189.5557";"-34.30164";"-68.61621";"-299.4623";"-40.3902";"-50.36163";"-189.5557";"-34.30164";"-68.61621";"-299.4623";"-40.3902";"-50.36163"
"20570.55";"-189.4895";"-34.1745";"-68.61621";"-299.4623";"-40.3739";"-50.37909";"-189.4895";"-34.1745";"-68.61621";"-299.4623";"-40.3739";"-50.37909"
"20578.89";"-189.4526";"-34.14435";"-68.61621";"-299.4623";"-40.29254";"-50.48956";"-189.4526";"-34.14435";"-68.61621";"-299.4623";"-40.29254";"-50.48956"
"20587.23";"-189.4462";"-34.11292";"-68.61621";"-299.4623";"-40.29211";"-50.49066";"-189.4462";"-34.11292";"-68.61621";"-299.4623";"-40.29211";"-50.49066"
"20595.57";"-189.343";"-34.10352";"-68.61621";"-299.4623";"-40.16052";"-50.52618";"-189.343";"-34.10352";"-68.61621";"-299.4623";"-40.16052";"-50.52618"
"20603.92";"-189.32";"-34.0683";"-68.61621";"-299.4623";"-40.14807";"-50.53961";"-189.32";"-34.0683";"-68.61621";"-299.4623";"-40.14807";"-50.53961"
"20612.26";"-189.2657";"-34.00732";"-68.61621";"-299.4623";"-40.10406";"-50.55518";"-189.2657";"-34.00732";"-68.61621";"-299.4623";"-40.10406";"-50.55518"
"20620.6";"-189.2366";"-34.00055";"-68.61621";"-299.4623";"-40.07666";"-50.57526";"-189.2366";"-34.00055";"-68.61621";"-299.4623";"-40.07666";"-50.57526"
"20628.94";"-189.1782";"-33.97418";"-68.61621";"-299.4623";"-40.00519";"-50.5766";"-189.1782";"-33.97418";"-68.61621";"-299.4623";"-40.00519";"-50.5766"
"20637.28";"-189.1542";"-33.96906";"-68.61621";"-299.4623";"-39.98682";"-50.61353";"-189.1542";"-33.96906";"-68.61621";"-299.4623";"-39.98682";"-50.61353"
"20645.63";"-189.109";"-33.95148";"-68.61621";"-299.4623";"-39.93774";"-50.65723";"-189.109";"-33.95148";"-68.61621";"-299.4623";"-39.93774";"-50.65723"
"20653.97";"-189.0623";"-33.91162";"-68.61621";"-299.4623";"-39.89703";"-50.66528";"-189.0623";"-33.91162";"-68.61621";"-299.4623";"-39.89703";"-50.66528"
"20662.31";"-188.9615";"-33.91199";"-68.61621";"-299.4623";"-39.84076";"-50.70911";"-188.9615";"-33.91199";"-68.61621";"-299.4623";"-39.84076";"-50.70911"
"20670.65";"-188.9471";"-33.87744";"-68.61621";"-299.4623";"-39.79376";"-50.71722";"-188.9471";"-33.87744";"-68.61621";"-299.4623";"-39.79376";"-50.71722"
"20678.99";"-188.8747";"-33.85974";"-68.61621";"-299.4623";"-39.74536";"-50.7323";"-188.8747";"-33.85974";"-68.61621";"-299.4623";"-39.74536";"-50.7323"
"20687.33";"-188.8193";"-33.85339";"-68.61621";"-299.4623";"-39.71545";"-50.76123";"-188.8193";"-33.85339";"-68.61621";"-299.4623";"-39.71545";"-50.76123"
"20695.68";"-188.7312";"-33.82703";"-68.61621";"-299.4623";"-39.67316";"-50.78778";"-188.7312";"-33.82703";"-68.61621";"-299.4623";"-39.67316";"-50.78778"
"20704.02";"-188.7083";"-33.80304";"-68.61621";"-299.4623";"-39.62103";"-50.8042";"-188.7083";"-33.80304";"-68.61621";"-299.4623";"-39.62103";"-50.8042"
"20712.36";"-188.6636";"-33.77411";"-68.61621";"-299.4623";"-39.59253";"-50.82648";"-188.6636";"-33.77411";"-68.61621";"-299.4623";"-39.59253";"-50.82648"
"20720.7";"-188.6462";"-33.76123";"-68.61621";"-299.4623";"-39.53644";"-50.84528";"-188.6462";"-33.76123";"-68.61621";"-299.4623";"-39.53644";"-50.84528"
"20729.04";"-188.5877";"-33.74542";"-68.61621";"-299.4623";"-39.5047";"-50.87592";"-188.5877";"-33.74542";"-68.61621";"-299.4623";"-39.5047";"-50.87592"
"20737.38";"-188.5403";"-33.74591";"-68.61621";"-299.4623";"-39.46344";"-50.875";"-188.5403";"-33.74591";"-68.61621";"-299.4623";"-39.46344";"-50.875"
"20745.72";"-188.5191";"-33.72577";"-68.61621";"-299.4623";"-39.35699";"-50.90228";"-188.5191";"-33.72577";"-68.61621";"-299.4623";"-39.35699";"-50.90228"
"20754.07";"-188.4708";"-33.53125";"-68.61621";"-299.4623";"-39.32446";"-50.9173";"-188.4708";"-33.53125";"-68.61621";"-299.4623";"-39.32446";"-50.9173"
"20762.41";"-188.2234";"-33.42712";"-68.61621";"-299.4623";"-39.28571";"-50.92004";"-188.2234";"-33.42712";"-68.61621";"-299.4623";"-39.28571";"-50.92004"
"20770.75";"-188.1896";"-33.42633";"-68.61621";"-299.4623";"-39.22992";"-50.95935";"-188.1896";"-33.42633";"-68.61621";"-299.4623";"-39.22992";"-50.95935"
"20779.09";"-188.1354";"-33.40515";"-68.61621";"-299.4623";"-39.16382";"-50.98413";"-188.1354";"-33.40515";"-68.61621";"-299.4623";"-39.16382";"-50.98413"
"20787.43";"-188.0853";"-33.39221";"-68.61621";"-299.4623";"-39.14771";"-50.99377";"-188.0853";"-33.39221";"-68.61621";"-299.4623";"-39.14771";"-50.99377"
"20795.78";"-187.9811";"-33.38293";"-68.61621";"-299.4623";"-39.06866";"-51.04437";"-187.9811";"-33.38293";"-68.61621";"-299.4623";"-39.06866";"-51.04437"
"20804.12";"-187.9231";"-33.35046";"-68.61621";"-299.4623";"-39.0509";"-51.0498";"-187.9231";"-33.35046";"-68.61621";"-299.4623";"-39.0509";"-51.0498"
"20812.46";"-187.9037";"-33.33142";"-68.61621";"-299.4623";"-39.00458";"-51.06842";"-187.9037";"-33.33142";"-68.61621";"-299.4623";"-39.00458";"-51.06842"
"20820.8";"-187.8059";"-33.25476";"-68.61621";"-299.4623";"-38.89917";"-51.12012";"-187.8059";"-33.25476";"-68.61621";"-299.4623";"-38.89917";"-51.12012"
"20829.14";"-187.8041";"-33.25494";"-68.61621";"-299.4623";"-38.89185";"-51.12323";"-187.8041";"-33.25494";"-68.61621";"-299.4623";"-38.89185";"-51.12323"
"20837.48";"-187.7509";"-33.23511";"-68.61621";"-299.4623";"-38.86871";"-51.1286";"-187.7509";"-33.23511";"-68.61621";"-299.4623";"-38.86871";"-51.1286"
"20845.82";"-187.6959";"-33.20929";"-68.61621";"-299.4623";"-38.82941";"-51.1438";"-187.6959";"-33.20929";"-68.61621";"-299.4623";"-38.82941";"-51.1438"
"20854.17";"-187.6636";"-33.20349";"-68.61621";"-299.4623";"-38.80481";"-51.15186";"-187.6636";"-33.20349";"-68.61621";"-299.4623";"-38.80481";"-51.15186"
"20862.51";"-187.5045";"-33.14355";"-68.61621";"-299.4623";"-38.70862";"-51.16815";"-187.5045";"-33.14355";"-68.61621";"-299.4623";"-38.70862";"-51.16815"
"20870.85";"-187.482";"-33.02673";"-68.61621";"-299.4623";"-38.68622";"-51.19727";"-187.482";"-33.02673";"-68.61621";"-299.4623";"-38.68622";"-51.19727"
"20879.19";"-187.4409";"-33.00092";"-68.61621";"-299.4623";"-38.62781";"-51.19989";"-187.4409";"-33.00092";"-68.61621";"-299.4623";"-38.62781";"-51.19989"
"20887.53";"-187.4297";"-32.99219";"-68.61621";"-299.4623";"-38.59326";"-51.22052";"-187.4297";"-32.99219";"-68.61621";"-299.4623";"-38.59326";"-51.22052"
"20895.88";"-187.3911";"-32.95642";"-68.61621";"-299.4623";"-38.52014";"-51.23907";"-187.3911";"-32.95642";"-68.61621";"-299.4623";"-38.52014";"-51.23907"
"20904.22";"-187.3549";"-32.94647";"-68.61621";"-299.4623";"-38.4765";"-51.24768";"-187.3549";"-32.94647";"-68.61621";"-299.4623";"-38.4765";"-51.24768"
"20912.56";"-187.2347";"-32.92889";"-68.61621";"-299.4623";"-38.44733";"-51.28027";"-187.2347";"-32.92889";"-68.61621";"-299.4623";"-38.44733";"-51.28027"
"20920.9";"-187.2355";"-32.9137";"-68.61621";"-299.4623";"-38.37762";"-51.30804";"-187.2355";"-32.9137";"-68.61621";"-299.4623";"-38.37762";"-51.30804"
"20929.24";"-187.1956";"-32.88202";"-68.61621";"-299.4623";"-38.31012";"-51.32166";"-187.1956";"-32.88202";"-68.61621";"-299.4623";"-38.31012";"-51.32166"
"20937.58";"-187.1743";"-32.87311";"-68.61621";"-299.4623";"-38.26941";"-51.33466";"-187.1743";"-32.87311";"-68.61621";"-299.4623";"-38.26941";"-51.33466"
"20945.93";"-187.0231";"-32.849";"-68.61621";"-299.4623";"-38.19476";"-51.38214";"-187.0231";"-32.849";"-68.61621";"-299.4623";"-38.19476";"-51.38214"
"20954.27";"-187.0169";"-32.83887";"-68.61621";"-299.4623";"-38.16949";"-51.38428";"-187.0169";"-32.83887";"-68.61621";"-299.4623";"-38.16949";"-51.38428"
"20962.61";"-186.9751";"-32.81976";"-68.61621";"-299.4623";"-38.1228";"-51.42664";"-186.9751";"-32.81976";"-68.61621";"-299.4623";"-38.1228";"-51.42664"
"20970.95";"-186.9537";"-32.78168";"-68.61621";"-299.4623";"-38.05573";"-51.44684";"-186.9537";"-32.78168";"-68.61621";"-299.4623";"-38.05573";"-51.44684"
"20979.29";"-186.7814";"-32.76202";"-68.61621";"-299.4623";"-38.01447";"-51.45166";"-186.7814";"-32.76202";"-68.61621";"-299.4623";"-38.01447";"-51.45166"
"20987.63";"-186.7972";"-32.73627";"-68.61621";"-299.4623";"-37.95386";"-51.49597";"-186.7972";"-32.73627";"-68.61621";"-299.4623";"-37.95386";"-51.49597"
"20995.97";"-186.8049";"-32.65533";"-68.61621";"-299.4623";"-37.85815";"-51.52484";"-186.8049";"-32.65533";"-68.61621";"-299.4623";"-37.85815";"-51.52484"
"21004.32";"-186.6945";"-32.6593";"-68.61621";"-299.4623";"-37.84082";"-51.55701";"-186.6945";"-32.6593";"-68.61621";"-299.4623";"-37.84082";"-51.55701"
"21012.66";"-186.5759";"-32.68066";"-68.61621";"-299.4623";"-37.75928";"-51.55579";"-186.5759";"-32.68066";"-68.61621";"-299.4623";"-37.75928";"-51.55579"
"21021";"-186.5736";"-32.65289";"-68.61621";"-299.4623";"-37.71033";"-51.59479";"-186.5736";"-32.65289";"-68.61621";"-299.4623";"-37.71033";"-51.59479"
"21029.34";"-186.5881";"-32.62372";"-68.61621";"-299.4623";"-37.62787";"-51.63019";"-186.5881";"-32.62372";"-68.61621";"-299.4623";"-37.62787";"-51.63019"
"21037.68";"-186.5664";"-32.62579";"-68.61621";"-299.4623";"-37.60962";"-51.64624";"-186.5664";"-32.62579";"-68.61621";"-299.4623";"-37.60962";"-51.64624"
"21046.03";"-186.1963";"-32.45618";"-68.61621";"-299.4623";"-37.58838";"-51.66455";"-186.1963";"-32.45618";"-68.61621";"-299.4623";"-37.58838";"-51.66455"
"21054.37";"-186.1864";"-32.40881";"-68.61621";"-299.4623";"-37.55029";"-51.69794";"-186.1864";"-32.40881";"-68.61621";"-299.4623";"-37.55029";"-51.69794"
"21062.71";"-186.159";"-32.41235";"-68.61621";"-299.4623";"-37.45062";"-51.72229";"-186.159";"-32.41235";"-68.61621";"-299.4623";"-37.45062";"-51.72229"
"21071.05";"-186.1431";"-32.35852";"-68.61621";"-299.4623";"-37.42908";"-51.73535";"-186.1431";"-32.35852";"-68.61621";"-299.4623";"-37.42908";"-51.73535"
"21079.39";"-186.0562";"-32.34753";"-68.61621";"-299.4623";"-37.36584";"-51.75171";"-186.0562";"-32.34753";"-68.61621";"-299.4623";"-37.36584";"-51.75171"
"21087.73";"-185.9901";"-32.33081";"-68.61621";"-299.4623";"-37.30194";"-51.76416";"-185.9901";"-32.33081";"-68.61621";"-299.4623";"-37.30194";"-51.76416"
"21096.07";"-185.9078";"-32.30005";"-68.61621";"-299.4623";"-37.23724";"-51.78418";"-185.9078";"-32.30005";"-68.61621";"-299.4623";"-37.23724";"-51.78418"
"21104.42";"-185.8881";"-32.2962";"-68.61621";"-299.4623";"-37.198";"-51.80237";"-185.8881";"-32.2962";"-68.61621";"-299.4623";"-37.198";"-51.80237"
"21112.76";"-185.8234";"-32.25018";"-68.61621";"-299.4623";"-37.16638";"-51.82556";"-185.8234";"-32.25018";"-68.61621";"-299.4623";"-37.16638";"-51.82556"
"21121.1";"-185.8042";"-32.23279";"-68.61621";"-299.4623";"-37.13361";"-51.84015";"-185.8042";"-32.23279";"-68.61621";"-299.4623";"-37.13361";"-51.84015"
"21129.44";"-185.7552";"-32.21826";"-68.61621";"-299.4623";"-37.12091";"-51.8501";"-185.7552";"-32.21826";"-68.61621";"-299.4623";"-37.12091";"-51.8501"
"21137.78";"-185.721";"-32.20392";"-68.61621";"-299.4623";"-37.0838";"-51.8728";"-185.721";"-32.20392";"-68.61621";"-299.4623";"-37.0838";"-51.8728"
"21146.13";"-185.7065";"-32.18195";"-68.61621";"-299.4623";"-37.02612";"-51.89441";"-185.7065";"-32.18195";"-68.61621";"-299.4623";"-37.02612";"-51.89441"
"21154.47";"-185.6138";"-32.16351";"-68.61621";"-299.4623";"-37.00934";"-51.90167";"-185.6138";"-32.16351";"-68.61621";"-299.4623";"-37.00934";"-51.90167"
"21162.81";"-185.526";"-32.15131";"-68.61621";"-299.4623";"-36.95508";"-51.94617";"-185.526";"-32.15131";"-68.61621";"-299.4623";"-36.95508";"-51.94617"
"21171.15";"-185.5309";"-32.1167";"-68.61621";"-299.4623";"-36.9162";"-51.95831";"-185.5309";"-32.1167";"-68.61621";"-299.4623";"-36.9162";"-51.95831"
"21179.49";"-185.4636";"-31.98309";"-68.61621";"-299.4623";"-36.85699";"-51.9823";"-185.4636";"-31.98309";"-68.61621";"-299.4623";"-36.85699";"-51.9823"
"21187.83";"-185.4178";"-31.96893";"-68.61621";"-299.4623";"-36.82037";"-52.00623";"-185.4178";"-31.96893";"-68.61621";"-299.4623";"-36.82037";"-52.00623"
"21196.18";"-185.3807";"-31.94586";"-68.61621";"-299.4623";"-36.75439";"-52.03003";"-185.3807";"-31.94586";"-68.61621";"-299.4623";"-36.75439";"-52.03003"
"21204.52";"-185.3415";"-31.91919";"-68.61621";"-299.4623";"-36.71094";"-52.06061";"-185.3415";"-31.91919";"-68.61621";"-299.4623";"-36.71094";"-52.06061"
"21212.86";"-185.246";"-31.85809";"-68.61621";"-299.4623";"-36.67749";"-52.05719";"-185.246";"-31.85809";"-68.61621";"-299.4623";"-36.67749";"-52.05719"
"21221.2";"-185.2238";"-31.84906";"-68.61621";"-299.4623";"-36.64099";"-52.07928";"-185.2238";"-31.84906";"-68.61621";"-299.4623";"-36.64099";"-52.07928"
"21229.54";"-185.1958";"-31.80011";"-68.61621";"-299.4623";"-36.5639";"-52.1048";"-185.1958";"-31.80011";"-68.61621";"-299.4623";"-36.5639";"-52.1048"
"21237.88";"-185.1445";"-31.77313";"-68.61621";"-299.4623";"-36.54022";"-52.12085";"-185.1445";"-31.77313";"-68.61621";"-299.4623";"-36.54022";"-52.12085"
"21246.22";"-185.0561";"-31.77606";"-68.61621";"-299.4623";"-36.45135";"-52.1463";"-185.0561";"-31.77606";"-68.61621";"-299.4623";"-36.45135";"-52.1463"
"21254.57";"-185.0214";"-31.76447";"-68.61621";"-299.4623";"-36.40747";"-52.16364";"-185.0214";"-31.76447";"-68.61621";"-299.4623";"-36.40747";"-52.16364"
"21262.91";"-184.9743";"-31.73877";"-68.61621";"-299.4623";"-36.31006";"-52.18176";"-184.9743";"-31.73877";"-68.61621";"-299.4623";"-36.31006";"-52.18176"
"21271.25";"-184.9633";"-31.69177";"-68.61621";"-299.4623";"-36.27625";"-52.20923";"-184.9633";"-31.69177";"-68.61621";"-299.4623";"-36.27625";"-52.20923"
"21279.59";"-184.7806";"-31.67999";"-68.61621";"-299.4623";"-36.18488";"-52.2345";"-184.7806";"-31.67999";"-68.61621";"-299.4623";"-36.18488";"-52.2345"
"21287.93";"-184.7608";"-31.66278";"-68.61621";"-299.4623";"-36.146";"-52.26013";"-184.7608";"-31.66278";"-68.61621";"-299.4623";"-36.146";"-52.26013"
"21296.28";"-184.7335";"-31.59705";"-68.61621";"-299.4623";"-36.12244";"-52.28595";"-184.7335";"-31.59705";"-68.61621";"-299.4623";"-36.12244";"-52.28595"
"21304.62";"-184.7182";"-31.56244";"-68.61621";"-299.4623";"-36.0766";"-52.30304";"-184.7182";"-31.56244";"-68.61621";"-299.4623";"-36.0766";"-52.30304"
"21312.96";"-184.6781";"-31.52716";"-68.61621";"-299.4623";"-36.01074";"-52.33075";"-184.6781";"-31.52716";"-68.61621";"-299.4623";"-36.01074";"-52.33075"
"21321.3";"-184.4531";"-31.38123";"-68.61621";"-299.4623";"-35.98413";"-52.35583";"-184.4531";"-31.38123";"-68.61621";"-299.4623";"-35.98413";"-52.35583"
"21329.64";"-184.3414";"-31.32715";"-68.61621";"-299.4623";"-35.92828";"-52.40198";"-184.3414";"-31.32715";"-68.61621";"-299.4623";"-35.92828";"-52.40198"
"21337.98";"-184.3246";"-31.32404";"-68.61621";"-299.4623";"-35.89099";"-52.40302";"-184.3246";"-31.32404";"-68.61621";"-299.4623";"-35.89099";"-52.40302"
"21346.32";"-184.28";"-31.27655";"-68.61621";"-299.4623";"-35.86011";"-52.42688";"-184.28";"-31.27655";"-68.61621";"-299.4623";"-35.86011";"-52.42688"
"21354.67";"-184.2386";"-31.27393";"-68.61621";"-299.4623";"-35.80408";"-52.46002";"-184.2386";"-31.27393";"-68.61621";"-299.4623";"-35.80408";"-52.46002"
"21363.01";"-184.1522";"-31.23285";"-68.61621";"-299.4623";"-35.77509";"-52.52979";"-184.1522";"-31.23285";"-68.61621";"-299.4623";"-35.77509";"-52.52979"
"21371.35";"-184.1376";"-31.23419";"-68.61621";"-299.4623";"-35.73633";"-52.55188";"-184.1376";"-31.23419";"-68.61621";"-299.4623";"-35.73633";"-52.55188"
"21379.69";"-184.068";"-31.18982";"-68.61621";"-299.4623";"-35.67725";"-52.57794";"-184.068";"-31.18982";"-68.61621";"-299.4623";"-35.67725";"-52.57794"
"21388.03";"-184.0379";"-31.18201";"-68.61621";"-299.4623";"-35.62286";"-52.59308";"-184.0379";"-31.18201";"-68.61621";"-299.4623";"-35.62286";"-52.59308"
"21396.38";"-183.9128";"-31.14813";"-68.61621";"-299.4623";"-35.58783";"-52.58875";"-183.9128";"-31.14813";"-68.61621";"-299.4623";"-35.58783";"-52.58875"
"21404.72";"-183.9075";"-31.14325";"-68.61621";"-299.4623";"-35.53632";"-52.64417";"-183.9075";"-31.14325";"-68.61621";"-299.4623";"-35.53632";"-52.64417"
"21413.06";"-183.8312";"-31.07965";"-68.61621";"-299.4623";"-35.46313";"-52.64758";"-183.8312";"-31.07965";"-68.61621";"-299.4623";"-35.46313";"-52.64758"
"21421.4";"-183.7947";"-31.07806";"-68.61621";"-299.4623";"-35.41089";"-52.66083";"-183.7947";"-31.07806";"-68.61621";"-299.4623";"-35.41089";"-52.66083"
"21429.74";"-183.7075";"-31.06427";"-68.61621";"-299.4623";"-35.3681";"-52.70258";"-183.7075";"-31.06427";"-68.61621";"-299.4623";"-35.3681";"-52.70258"
"21438.08";"-183.6855";"-31.05341";"-68.61621";"-299.4623";"-35.33203";"-52.71735";"-183.6855";"-31.05341";"-68.61621";"-299.4623";"-35.33203";"-52.71735"
"21446.43";"-183.6699";"-31.0351";"-68.61621";"-299.4623";"-35.28198";"-52.73151";"-183.6699";"-31.0351";"-68.61621";"-299.4623";"-35.28198";"-52.73151"
"21454.77";"-183.6414";"-31.02686";"-68.61621";"-299.4623";"-35.26929";"-52.74133";"-183.6414";"-31.02686";"-68.61621";"-299.4623";"-35.26929";"-52.74133"
"21463.11";"-183.5148";"-30.98291";"-68.61621";"-299.4623";"-35.19067";"-52.78674";"-183.5148";"-30.98291";"-68.61621";"-299.4623";"-35.19067";"-52.78674"
"21471.45";"-183.4868";"-30.88";"-68.61621";"-299.4623";"-35.14996";"-52.78546";"-183.4868";"-30.88";"-68.61621";"-299.4623";"-35.14996";"-52.78546"
"21479.79";"-183.4177";"-30.76135";"-68.61621";"-299.4623";"-35.12";"-52.83026";"-183.4177";"-30.76135";"-68.61621";"-299.4623";"-35.12";"-52.83026"
"21488.13";"-183.4224";"-30.78882";"-68.61621";"-299.4623";"-35.06805";"-52.84253";"-183.4224";"-30.78882";"-68.61621";"-299.4623";"-35.06805";"-52.84253"
"21496.47";"-183.3532";"-30.76428";"-68.61621";"-299.4623";"-34.97412";"-52.86212";"-183.3532";"-30.76428";"-68.61621";"-299.4623";"-34.97412";"-52.86212"
"21504.82";"-183.3494";"-30.76489";"-68.61621";"-299.4623";"-34.94897";"-52.88159";"-183.3494";"-30.76489";"-68.61621";"-299.4623";"-34.94897";"-52.88159"
"21513.16";"-183.2125";"-30.70886";"-68.61621";"-299.4623";"-34.90265";"-52.91077";"-183.2125";"-30.70886";"-68.61621";"-299.4623";"-34.90265";"-52.91077"
"21521.5";"-183.1899";"-30.70563";"-68.61621";"-299.4623";"-34.86987";"-52.90869";"-183.1899";"-30.70563";"-68.61621";"-299.4623";"-34.86987";"-52.90869"
"21529.84";"-183.1552";"-30.68286";"-68.61621";"-299.4623";"-34.78644";"-52.94257";"-183.1552";"-30.68286";"-68.61621";"-299.4623";"-34.78644";"-52.94257"
"21538.18";"-183.1132";"-30.63855";"-68.61621";"-299.4623";"-34.76086";"-52.96796";"-183.1132";"-30.63855";"-68.61621";"-299.4623";"-34.76086";"-52.96796"
"21546.53";"-183.004";"-30.61212";"-68.61621";"-299.4623";"-34.68732";"-52.95441";"-183.004";"-30.61212";"-68.61621";"-299.4623";"-34.68732";"-52.95441"
"21554.87";"-182.9788";"-30.57532";"-68.61621";"-299.4623";"-34.64618";"-52.99146";"-182.9788";"-30.57532";"-68.61621";"-299.4623";"-34.64618";"-52.99146"
"21563.21";"-182.9254";"-30.54706";"-68.61621";"-299.4623";"-34.57227";"-53.02344";"-182.9254";"-30.54706";"-68.61621";"-299.4623";"-34.57227";"-53.02344"
"21571.55";"-182.8872";"-30.53815";"-68.61621";"-299.4623";"-34.52875";"-53.02081";"-182.8872";"-30.53815";"-68.61621";"-299.4623";"-34.52875";"-53.02081"
"21579.89";"-182.7346";"-30.52252";"-68.61621";"-299.4623";"-34.45532";"-53.04932";"-182.7346";"-30.52252";"-68.61621";"-299.4623";"-34.45532";"-53.04932"
"21588.23";"-182.7355";"-30.50885";"-68.61621";"-299.4623";"-34.37134";"-53.03448";"-182.7355";"-30.50885";"-68.61621";"-299.4623";"-34.37134";"-53.03448"
"21596.57";"-182.4645";"-30.34515";"-68.61621";"-299.4623";"-34.30664";"-53.06891";"-182.4645";"-30.34515";"-68.61621";"-299.4623";"-34.30664";"-53.06891"
"21604.92";"-182.4271";"-30.32837";"-68.61621";"-299.4623";"-34.28107";"-53.07605";"-182.4271";"-30.32837";"-68.61621";"-299.4623";"-34.28107";"-53.07605"
"21613.26";"-182.2808";"-30.2641";"-68.61621";"-299.4623";"-34.18665";"-53.09521";"-182.2808";"-30.2641";"-68.61621";"-299.4623";"-34.18665";"-53.09521"
"21621.6";"-182.2739";"-30.23712";"-68.61621";"-299.4623";"-34.16534";"-53.12933";"-182.2739";"-30.23712";"-68.61621";"-299.4623";"-34.16534";"-53.12933"
"21629.94";"-182.2375";"-30.19995";"-68.61621";"-299.4623";"-34.11401";"-53.13361";"-182.2375";"-30.19995";"-68.61621";"-299.4623";"-34.11401";"-53.13361"
"21638.28";"-182.1873";"-30.18091";"-68.61621";"-299.4623";"-34.05859";"-53.16956";"-182.1873";"-30.18091";"-68.61621";"-299.4623";"-34.05859";"-53.16956"
"21646.63";"-182.0803";"-30.18018";"-68.61621";"-299.4623";"-33.9964";"-53.18378";"-182.0803";"-30.18018";"-68.61621";"-299.4623";"-33.9964";"-53.18378"
"21654.97";"-182.0593";"-30.17017";"-68.61621";"-299.4623";"-33.96887";"-53.21014";"-182.0593";"-30.17017";"-68.61621";"-299.4623";"-33.96887";"-53.21014"
"21663.31";"-182.0123";"-30.15192";"-68.61621";"-299.4623";"-33.89484";"-53.23895";"-182.0123";"-30.15192";"-68.61621";"-299.4623";"-33.89484";"-53.23895"
"21671.65";"-181.951";"-30.14709";"-68.61621";"-299.4623";"-33.84363";"-53.24524";"-181.951";"-30.14709";"-68.61621";"-299.4623";"-33.84363";"-53.24524"
"21679.99";"-181.8324";"-30.12518";"-68.61621";"-299.4623";"-33.77997";"-53.27911";"-181.8324";"-30.12518";"-68.61621";"-299.4623";"-33.77997";"-53.27911"
"21688.33";"-181.821";"-30.09796";"-68.61621";"-299.4623";"-33.7525";"-53.29639";"-181.821";"-30.09796";"-68.61621";"-299.4623";"-33.7525";"-53.29639"
"21696.68";"-181.7689";"-30.07861";"-68.61621";"-299.4623";"-33.6853";"-53.33661";"-181.7689";"-30.07861";"-68.61621";"-299.4623";"-33.6853";"-53.33661"
"21705.02";"-181.7057";"-30.04663";"-68.61621";"-299.4623";"-33.66803";"-53.35266";"-181.7057";"-30.04663";"-68.61621";"-299.4623";"-33.66803";"-53.35266"
"21713.36";"-181.5948";"-29.9588";"-68.61621";"-299.4623";"-33.60699";"-53.36273";"-181.5948";"-29.9588";"-68.61621";"-299.4623";"-33.60699";"-53.36273"
"21721.7";"-181.5834";"-29.94794";"-68.61621";"-299.4623";"-33.57281";"-53.38733";"-181.5834";"-29.94794";"-68.61621";"-299.4623";"-33.57281";"-53.38733"
"21730.04";"-181.5146";"-29.96014";"-68.61621";"-299.4623";"-33.45276";"-53.42841";"-181.5146";"-29.96014";"-68.61621";"-299.4623";"-33.45276";"-53.42841"
"21738.38";"-181.4736";"-29.84753";"-68.61621";"-299.4623";"-33.39392";"-53.43085";"-181.4736";"-29.84753";"-68.61621";"-299.4623";"-33.39392";"-53.43085"
"21746.72";"-181.4493";"-29.84326";"-68.61621";"-299.4623";"-33.34692";"-53.42108";"-181.4493";"-29.84326";"-68.61621";"-299.4623";"-33.34692";"-53.42108"
"21755.07";"-181.4164";"-29.82361";"-68.61621";"-299.4623";"-33.34235";"-53.42859";"-181.4164";"-29.82361";"-68.61621";"-299.4623";"-33.34235";"-53.42859"
"21763.41";"-181.2854";"-29.82019";"-68.61621";"-299.4623";"-33.27118";"-53.4649";"-181.2854";"-29.82019";"-68.61621";"-299.4623";"-33.27118";"-53.4649"
"21771.75";"-181.295";"-29.78876";"-68.61621";"-299.4623";"-33.28455";"-53.50397";"-181.295";"-29.78876";"-68.61621";"-299.4623";"-33.28455";"-53.50397"
"21780.09";"-181.2827";"-29.63428";"-68.61621";"-299.4623";"-33.24158";"-53.51105";"-181.2827";"-29.63428";"-68.61621";"-299.4623";"-33.24158";"-53.51105"
"21788.43";"-181.2217";"-29.66595";"-68.61621";"-299.4623";"-33.17432";"-53.55548";"-181.2217";"-29.66595";"-68.61621";"-299.4623";"-33.17432";"-53.55548"
"21796.78";"-181.1609";"-29.64978";"-68.61621";"-299.4623";"-33.10919";"-53.60529";"-181.1609";"-29.64978";"-68.61621";"-299.4623";"-33.10919";"-53.60529"
"21805.12";"-181.0465";"-29.6626";"-68.61621";"-299.4623";"-33.04926";"-53.60187";"-181.0465";"-29.6626";"-68.61621";"-299.4623";"-33.04926";"-53.60187"
"21813.46";"-181.0407";"-29.64661";"-68.61621";"-299.4623";"-32.96265";"-53.64038";"-181.0407";"-29.64661";"-68.61621";"-299.4623";"-32.96265";"-53.64038"
"21821.8";"-180.918";"-29.56909";"-68.61621";"-299.4623";"-32.89001";"-53.68439";"-180.918";"-29.56909";"-68.61621";"-299.4623";"-32.89001";"-53.68439"
"21830.14";"-180.8996";"-29.573";"-68.61621";"-299.4623";"-32.88727";"-53.68597";"-180.8996";"-29.573";"-68.61621";"-299.4623";"-32.88727";"-53.68597"
"21838.48";"-180.8624";"-29.56946";"-68.61621";"-299.4623";"-32.86292";"-53.70715";"-180.8624";"-29.56946";"-68.61621";"-299.4623";"-32.86292";"-53.70715"
"21846.82";"-180.821";"-29.5224";"-68.61621";"-299.4623";"-32.8136";"-53.74921";"-180.821";"-29.5224";"-68.61621";"-299.4623";"-32.8136";"-53.74921"
"21855.17";"-180.7952";"-29.53021";"-68.61621";"-299.4623";"-32.76508";"-53.74103";"-180.7952";"-29.53021";"-68.61621";"-299.4623";"-32.76508";"-53.74103"
"21863.51";"-180.4908";"-29.34473";"-68.61621";"-299.4623";"-32.69476";"-53.81415";"-180.4908";"-29.34473";"-68.61621";"-299.4623";"-32.69476";"-53.81415"
"21871.85";"-180.4456";"-29.33948";"-68.61621";"-299.4623";"-32.64716";"-53.8031";"-180.4456";"-29.33948";"-68.61621";"-299.4623";"-32.64716";"-53.8031"
"21880.19";"-180.3778";"-29.30371";"-68.61621";"-299.4623";"-32.60638";"-53.85071";"-180.3778";"-29.30371";"-68.61621";"-299.4623";"-32.60638";"-53.85071"
"21888.53";"-180.3335";"-29.27386";"-68.61621";"-299.4623";"-32.57806";"-53.84747";"-180.3335";"-29.27386";"-68.61621";"-299.4623";"-32.57806";"-53.84747"
"21896.88";"-180.248";"-29.21057";"-68.61621";"-299.4623";"-32.50775";"-53.88501";"-180.248";"-29.21057";"-68.61621";"-299.4623";"-32.50775";"-53.88501"
"21905.22";"-180.224";"-29.19562";"-68.61621";"-299.4623";"-32.47571";"-53.87891";"-180.224";"-29.19562";"-68.61621";"-299.4623";"-32.47571";"-53.87891"
"21913.56";"-180.1492";"-29.17023";"-68.61621";"-299.4623";"-32.35815";"-53.92328";"-180.1492";"-29.17023";"-68.61621";"-299.4623";"-32.35815";"-53.92328"
"21921.9";"-180.0513";"-29.16962";"-68.61621";"-299.4623";"-32.32037";"-53.93066";"-180.0513";"-29.16962";"-68.61621";"-299.4623";"-32.32037";"-53.93066"
"21930.24";"-180.0225";"-29.12262";"-68.61621";"-299.4623";"-32.24365";"-53.91742";"-180.0225";"-29.12262";"-68.61621";"-299.4623";"-32.24365";"-53.91742"
"21938.58";"-179.9977";"-29.09296";"-68.61621";"-299.4623";"-32.21014";"-53.93896";"-179.9977";"-29.09296";"-68.61621";"-299.4623";"-32.21014";"-53.93896"
"21946.93";"-179.9196";"-29.03003";"-68.61621";"-299.4623";"-32.13855";"-53.98206";"-179.9196";"-29.03003";"-68.61621";"-299.4623";"-32.13855";"-53.98206"
"21955.27";"-179.8625";"-29.03351";"-68.61621";"-299.4623";"-32.10773";"-54.00439";"-179.8625";"-29.03351";"-68.61621";"-299.4623";"-32.10773";"-54.00439"
"21963.61";"-179.7704";"-29.0166";"-68.61621";"-299.4623";"-32.01245";"-54.01019";"-179.7704";"-29.0166";"-68.61621";"-299.4623";"-32.01245";"-54.01019"
"21971.95";"-179.7172";"-29.00024";"-68.61621";"-299.4623";"-31.9964";"-54.02795";"-179.7172";"-29.00024";"-68.61621";"-299.4623";"-31.9964";"-54.02795"
"21980.29";"-179.6299";"-28.99365";"-68.61621";"-299.4623";"-31.93951";"-54.06854";"-179.6299";"-28.99365";"-68.61621";"-299.4623";"-31.93951";"-54.06854"
"21988.63";"-179.5893";"-28.96375";"-68.61621";"-299.4623";"-31.89661";"-54.09692";"-179.5893";"-28.96375";"-68.61621";"-299.4623";"-31.89661";"-54.09692"
"21996.97";"-179.5113";"-28.95551";"-68.61621";"-299.4623";"-31.83307";"-54.12378";"-179.5113";"-28.95551";"-68.61621";"-299.4623";"-31.83307";"-54.12378"
"22005.32";"-179.4839";"-28.80194";"-68.61621";"-299.4623";"-31.80682";"-54.13177";"-179.4839";"-28.80194";"-68.61621";"-299.4623";"-31.80682";"-54.13177"
"22013.66";"-179.4515";"-28.78809";"-68.61621";"-299.4623";"-31.75507";"-54.17114";"-179.4515";"-28.78809";"-68.61621";"-299.4623";"-31.75507";"-54.17114"
"22022";"-179.4294";"-28.74713";"-68.61621";"-299.4623";"-31.70874";"-54.18109";"-179.4294";"-28.74713";"-68.61621";"-299.4623";"-31.70874";"-54.18109"
"22030.34";"-179.3518";"-28.73914";"-68.61621";"-299.4623";"-31.61798";"-54.19745";"-179.3518";"-28.73914";"-68.61621";"-299.4623";"-31.61798";"-54.19745"
"22038.68";"-179.3292";"-28.71869";"-68.61621";"-299.4623";"-31.60791";"-54.21216";"-179.3292";"-28.71869";"-68.61621";"-299.4623";"-31.60791";"-54.21216"
"22047.03";"-179.2495";"-28.6701";"-68.61621";"-299.4623";"-31.5451";"-54.28229";"-179.2495";"-28.6701";"-68.61621";"-299.4623";"-31.5451";"-54.28229"
"22055.37";"-179.2192";"-28.65826";"-68.61621";"-299.4623";"-31.51971";"-54.29425";"-179.2192";"-28.65826";"-68.61621";"-299.4623";"-31.51971";"-54.29425"
"22063.71";"-179.198";"-28.63232";"-68.61621";"-299.4623";"-31.48932";"-54.27844";"-179.198";"-28.63232";"-68.61621";"-299.4623";"-31.48932";"-54.27844"
"22072.05";"-179.1671";"-28.62036";"-68.61621";"-299.4623";"-31.46014";"-54.29486";"-179.1671";"-28.62036";"-68.61621";"-299.4623";"-31.46014";"-54.29486"
"22080.39";"-179.1035";"-28.57422";"-68.61621";"-299.4623";"-31.34613";"-54.33667";"-179.1035";"-28.57422";"-68.61621";"-299.4623";"-31.34613";"-54.33667"
"22088.73";"-179.0704";"-28.54669";"-68.61621";"-299.4623";"-31.31335";"-54.3385";"-179.0704";"-28.54669";"-68.61621";"-299.4623";"-31.31335";"-54.3385"
"22097.07";"-178.8234";"-28.48621";"-68.61621";"-299.4623";"-31.25616";"-54.3515";"-178.8234";"-28.48621";"-68.61621";"-299.4623";"-31.25616";"-54.3515"
"22105.42";"-178.7858";"-28.45996";"-68.61621";"-299.4623";"-31.21082";"-54.38397";"-178.7858";"-28.45996";"-68.61621";"-299.4623";"-31.21082";"-54.38397"
"22113.76";"-178.7084";"-28.42993";"-68.61621";"-299.4623";"-31.10486";"-54.43628";"-178.7084";"-28.42993";"-68.61621";"-299.4623";"-31.10486";"-54.43628"
"22122.1";"-178.6339";"-28.40741";"-68.61621";"-299.4623";"-31.08844";"-54.46796";"-178.6339";"-28.40741";"-68.61621";"-299.4623";"-31.08844";"-54.46796"
"22130.44";"-178.5359";"-28.39148";"-68.61621";"-299.4623";"-31.03461";"-54.50232";"-178.5359";"-28.39148";"-68.61621";"-299.4623";"-31.03461";"-54.50232"
"22138.78";"-178.5016";"-28.35284";"-68.61621";"-299.4623";"-30.99481";"-54.51862";"-178.5016";"-28.35284";"-68.61621";"-299.4623";"-30.99481";"-54.51862"
"22147.13";"-178.4448";"-28.17676";"-68.61621";"-299.4623";"-30.91455";"-54.52515";"-178.4448";"-28.17676";"-68.61621";"-299.4623";"-30.91455";"-54.52515"
"22155.47";"-178.4088";"-28.15472";"-68.61621";"-299.4623";"-30.86841";"-54.54932";"-178.4088";"-28.15472";"-68.61621";"-299.4623";"-30.86841";"-54.54932"
"22163.81";"-178.3456";"-28.12817";"-68.61621";"-299.4623";"-30.79791";"-54.61658";"-178.3456";"-28.12817";"-68.61621";"-299.4623";"-30.79791";"-54.61658"
"22172.15";"-178.2329";"-28.11462";"-68.61621";"-299.4623";"-30.77454";"-54.60919";"-178.2329";"-28.11462";"-68.61621";"-299.4623";"-30.77454";"-54.60919"
"22180.49";"-178.1595";"-28.0816";"-68.61621";"-299.4623";"-30.69067";"-54.6557";"-178.1595";"-28.0816";"-68.61621";"-299.4623";"-30.69067";"-54.6557"
"22188.83";"-178.1375";"-28.05292";"-68.61621";"-299.4623";"-30.63794";"-54.69141";"-178.1375";"-28.05292";"-68.61621";"-299.4623";"-30.63794";"-54.69141"
"22197.18";"-178.0842";"-28.02429";"-68.61621";"-299.4623";"-30.61145";"-54.71161";"-178.0842";"-28.02429";"-68.61621";"-299.4623";"-30.61145";"-54.71161"
"22205.52";"-178.0276";"-27.99506";"-68.61621";"-299.4623";"-30.51672";"-54.75531";"-178.0276";"-27.99506";"-68.61621";"-299.4623";"-30.51672";"-54.75531"
"22213.86";"-177.913";"-27.97015";"-68.61621";"-299.4623";"-30.42242";"-54.74188";"-177.913";"-27.97015";"-68.61621";"-299.4623";"-30.42242";"-54.74188"
"22222.2";"-177.8796";"-27.94592";"-68.61621";"-299.4623";"-30.38794";"-54.76428";"-177.8796";"-27.94592";"-68.61621";"-299.4623";"-30.38794";"-54.76428"
"22230.54";"-177.8075";"-27.90637";"-68.61621";"-299.4623";"-30.30695";"-54.78662";"-177.8075";"-27.90637";"-68.61621";"-299.4623";"-30.30695";"-54.78662"
"22238.88";"-177.7284";"-27.8927";"-68.61621";"-299.4623";"-30.263";"-54.81885";"-177.7284";"-27.8927";"-68.61621";"-299.4623";"-30.263";"-54.81885"
"22247.22";"-177.5906";"-27.87164";"-68.61621";"-299.4623";"-30.13153";"-54.82343";"-177.5906";"-27.87164";"-68.61621";"-299.4623";"-30.13153";"-54.82343"
"22255.57";"-177.5662";"-27.85284";"-68.61621";"-299.4623";"-30.11121";"-54.83881";"-177.5662";"-27.85284";"-68.61621";"-299.4623";"-30.11121";"-54.83881"
"22263.91";"-177.5433";"-27.82739";"-68.61621";"-299.4623";"-30.05255";"-54.87054";"-177.5433";"-27.82739";"-68.61621";"-299.4623";"-30.05255";"-54.87054"
"22272.25";"-177.5187";"-27.81482";"-68.61621";"-299.4623";"-30.02588";"-54.88184";"-177.5187";"-27.81482";"-68.61621";"-299.4623";"-30.02588";"-54.88184"
"22280.59";"-177.3754";"-27.65076";"-68.61621";"-299.4623";"-29.92651";"-54.92731";"-177.3754";"-27.65076";"-68.61621";"-299.4623";"-29.92651";"-54.92731"
"22288.93";"-177.3644";"-27.64417";"-68.61621";"-299.4623";"-29.90363";"-54.94727";"-177.3644";"-27.64417";"-68.61621";"-299.4623";"-29.90363";"-54.94727"
"22297.28";"-177.2347";"-27.61346";"-68.61621";"-299.4623";"-29.82831";"-54.98425";"-177.2347";"-27.61346";"-68.61621";"-299.4623";"-29.82831";"-54.98425"
"22305.62";"-177.2311";"-27.57318";"-68.61621";"-299.4623";"-29.789";"-54.98608";"-177.2311";"-27.57318";"-68.61621";"-299.4623";"-29.789";"-54.98608"
"22313.96";"-177.0546";"-27.47131";"-68.61621";"-299.4623";"-29.73199";"-55.00995";"-177.0546";"-27.47131";"-68.61621";"-299.4623";"-29.73199";"-55.00995"
"22322.3";"-177.0002";"-27.45135";"-68.61621";"-299.4623";"-29.65942";"-55.03186";"-177.0002";"-27.45135";"-68.61621";"-299.4623";"-29.65942";"-55.03186"
"22330.64";"-176.8961";"-27.42957";"-68.61621";"-299.4623";"-29.59369";"-55.06671";"-176.8961";"-27.42957";"-68.61621";"-299.4623";"-29.59369";"-55.06671"
"22338.98";"-176.8875";"-27.41095";"-68.61621";"-299.4623";"-29.56458";"-55.07648";"-176.8875";"-27.41095";"-68.61621";"-299.4623";"-29.56458";"-55.07648"
"22347.32";"-176.8256";"-27.41187";"-68.61621";"-299.4623";"-29.5274";"-55.09979";"-176.8256";"-27.41187";"-68.61621";"-299.4623";"-29.5274";"-55.09979"
"22355.67";"-176.741";"-27.40063";"-68.61621";"-299.4623";"-29.3786";"-55.09137";"-176.741";"-27.40063";"-68.61621";"-299.4623";"-29.3786";"-55.09137"
"22364.01";"-176.6119";"-27.39801";"-68.61621";"-299.4623";"-29.32019";"-55.11816";"-176.6119";"-27.39801";"-68.61621";"-299.4623";"-29.32019";"-55.11816"
"22372.35";"-176.5755";"-27.3595";"-68.61621";"-299.4623";"-29.30634";"-55.10864";"-176.5755";"-27.3595";"-68.61621";"-299.4623";"-29.30634";"-55.10864"
"22380.69";"-176.5189";"-27.30231";"-68.61621";"-299.4623";"-29.20496";"-55.1554";"-176.5189";"-27.30231";"-68.61621";"-299.4623";"-29.20496";"-55.1554"
"22389.03";"-176.4955";"-27.17584";"-68.61621";"-299.4623";"-29.17291";"-55.17957";"-176.4955";"-27.17584";"-68.61621";"-299.4623";"-29.17291";"-55.17957"
"22397.38";"-176.3217";"-27.16675";"-68.61621";"-299.4623";"-29.0426";"-55.22168";"-176.3217";"-27.16675";"-68.61621";"-299.4623";"-29.0426";"-55.22168"
"22405.72";"-176.3238";"-27.12653";"-68.61621";"-299.4623";"-29.02692";"-55.22955";"-176.3238";"-27.12653";"-68.61621";"-299.4623";"-29.02692";"-55.22955"
"22414.06";"-176.2026";"-27.07788";"-68.61621";"-299.4623";"-28.95801";"-55.27228";"-176.2026";"-27.07788";"-68.61621";"-299.4623";"-28.95801";"-55.27228"
"22422.4";"-176.1871";"-27.05072";"-68.61621";"-299.4623";"-28.89282";"-55.29175";"-176.1871";"-27.05072";"-68.61621";"-299.4623";"-28.89282";"-55.29175"
"22430.74";"-176.1586";"-27.01019";"-68.61621";"-299.4623";"-28.81055";"-55.3031";"-176.1586";"-27.01019";"-68.61621";"-299.4623";"-28.81055";"-55.3031"
"22439.08";"-176.0773";"-26.99023";"-68.61621";"-299.4623";"-28.77246";"-55.32001";"-176.0773";"-26.99023";"-68.61621";"-299.4623";"-28.77246";"-55.32001"
"22447.43";"-175.955";"-26.97528";"-68.61621";"-299.4623";"-28.67676";"-55.3703";"-175.955";"-26.97528";"-68.61621";"-299.4623";"-28.67676";"-55.3703"
"22455.77";"-175.9315";"-26.93683";"-68.61621";"-299.4623";"-28.65216";"-55.39288";"-175.9315";"-26.93683";"-68.61621";"-299.4623";"-28.65216";"-55.39288"
"22464.11";"-175.8836";"-26.92969";"-68.61621";"-299.4623";"-28.57617";"-55.4021";"-175.8836";"-26.92969";"-68.61621";"-299.4623";"-28.57617";"-55.4021"
"22472.45";"-175.8107";"-26.88831";"-68.61621";"-299.4623";"-28.53253";"-55.45844";"-175.8107";"-26.88831";"-68.61621";"-299.4623";"-28.53253";"-55.45844"
"22480.79";"-175.6921";"-26.86981";"-68.61621";"-299.4623";"-28.41107";"-55.43048";"-175.6921";"-26.86981";"-68.61621";"-299.4623";"-28.41107";"-55.43048"
"22489.13";"-175.6355";"-26.84308";"-68.61621";"-299.4623";"-28.38049";"-55.46283";"-175.6355";"-26.84308";"-68.61621";"-299.4623";"-28.38049";"-55.46283"
"22497.47";"-175.6031";"-26.80182";"-68.61621";"-299.4623";"-28.3418";"-55.52118";"-175.6031";"-26.80182";"-68.61621";"-299.4623";"-28.3418";"-55.52118"
"22505.82";"-175.5319";"-26.77704";"-68.61621";"-299.4623";"-28.29327";"-55.56696";"-175.5319";"-26.77704";"-68.61621";"-299.4623";"-28.29327";"-55.56696"
"22514.16";"-175.4402";"-26.65277";"-68.61621";"-299.4623";"-28.21466";"-55.59033";"-175.4402";"-26.65277";"-68.61621";"-299.4623";"-28.21466";"-55.59033"
"22522.5";"-175.4204";"-26.6225";"-68.61621";"-299.4623";"-28.19177";"-55.62256";"-175.4204";"-26.6225";"-68.61621";"-299.4623";"-28.19177";"-55.62256"
"22530.84";"-175.3477";"-26.51563";"-68.61621";"-299.4623";"-28.07648";"-55.64777";"-175.3477";"-26.51563";"-68.61621";"-299.4623";"-28.07648";"-55.64777"
"22539.18";"-175.1743";"-26.49176";"-68.61621";"-299.4623";"-28.04895";"-55.68188";"-175.1743";"-26.49176";"-68.61621";"-299.4623";"-28.04895";"-55.68188"
"22547.53";"-175.0489";"-26.46521";"-68.61621";"-299.4623";"-27.97266";"-55.66925";"-175.0489";"-26.46521";"-68.61621";"-299.4623";"-27.97266";"-55.66925"
"22555.87";"-175.0398";"-26.4538";"-68.61621";"-299.4623";"-27.95367";"-55.70288";"-175.0398";"-26.4538";"-68.61621";"-299.4623";"-27.95367";"-55.70288"
"22564.21";"-174.9333";"-26.4256";"-68.61621";"-299.4623";"-27.89636";"-55.74139";"-174.9333";"-26.4256";"-68.61621";"-299.4623";"-27.89636";"-55.74139"
"22572.55";"-174.9205";"-26.38177";"-68.61621";"-299.4623";"-27.85553";"-55.77936";"-174.9205";"-26.38177";"-68.61621";"-299.4623";"-27.85553";"-55.77936"
"22580.89";"-174.7755";"-26.35669";"-68.61621";"-299.4623";"-27.74982";"-55.80786";"-174.7755";"-26.35669";"-68.61621";"-299.4623";"-27.74982";"-55.80786"
"22589.23";"-174.7703";"-26.34106";"-68.61621";"-299.4623";"-27.72644";"-55.83148";"-174.7703";"-26.34106";"-68.61621";"-299.4623";"-27.72644";"-55.83148"
"22597.57";"-174.6743";"-26.2608";"-68.61621";"-299.4623";"-27.65881";"-55.89838";"-174.6743";"-26.2608";"-68.61621";"-299.4623";"-27.65881";"-55.89838"
"22605.92";"-174.6353";"-26.24158";"-68.61621";"-299.4623";"-27.58612";"-55.90198";"-174.6353";"-26.24158";"-68.61621";"-299.4623";"-27.58612";"-55.90198"
"22614.26";"-174.4698";"-26.13361";"-68.61621";"-299.4623";"-27.48346";"-55.87402";"-174.4698";"-26.13361";"-68.61621";"-299.4623";"-27.48346";"-55.87402"
"22622.6";"-174.4484";"-26.09845";"-68.61621";"-299.4623";"-27.46448";"-55.90546";"-174.4484";"-26.09845";"-68.61621";"-299.4623";"-27.46448";"-55.90546"
"22630.94";"-174.4181";"-26.04895";"-68.61621";"-299.4623";"-27.3526";"-55.9209";"-174.4181";"-26.04895";"-68.61621";"-299.4623";"-27.3526";"-55.9209"
"22639.28";"-174.3712";"-26.02448";"-68.61621";"-299.4623";"-27.32855";"-55.93042";"-174.3712";"-26.02448";"-68.61621";"-299.4623";"-27.32855";"-55.93042"
"22647.63";"-174.2376";"-25.98108";"-68.61621";"-299.4623";"-27.23199";"-55.97052";"-174.2376";"-25.98108";"-68.61621";"-299.4623";"-27.23199";"-55.97052"
"22655.97";"-174.2261";"-25.9599";"-68.61621";"-299.4623";"-27.20819";"-55.9848";"-174.2261";"-25.9599";"-68.61621";"-299.4623";"-27.20819";"-55.9848"
"22664.31";"-174.1489";"-25.92987";"-68.61621";"-299.4623";"-27.12976";"-56.03857";"-174.1489";"-25.92987";"-68.61621";"-299.4623";"-27.12976";"-56.03857"
"22672.65";"-174.0408";"-25.88672";"-68.61621";"-299.4623";"-27.11188";"-56.03906";"-174.0408";"-25.88672";"-68.61621";"-299.4623";"-27.11188";"-56.03906"
"22680.99";"-174.0033";"-25.81049";"-68.61621";"-299.4623";"-26.99908";"-56.13708";"-174.0033";"-25.81049";"-68.61621";"-299.4623";"-26.99908";"-56.13708"
"22689.33";"-173.9787";"-25.8136";"-68.61621";"-299.4623";"-26.97443";"-56.14355";"-173.9787";"-25.8136";"-68.61621";"-299.4623";"-26.97443";"-56.14355"
"22697.68";"-173.9355";"-25.79523";"-68.61621";"-299.4623";"-26.91913";"-56.16357";"-173.9355";"-25.79523";"-68.61621";"-299.4623";"-26.91913";"-56.16357"
"22706.02";"-173.8944";"-25.75537";"-68.61621";"-299.4623";"-26.8623";"-56.1839";"-173.8944";"-25.75537";"-68.61621";"-299.4623";"-26.8623";"-56.1839"
"22714.36";"-173.7252";"-25.7287";"-68.61621";"-299.4623";"-26.74829";"-56.21936";"-173.7252";"-25.7287";"-68.61621";"-299.4623";"-26.74829";"-56.21936"
"22722.7";"-173.7087";"-25.71649";"-68.61621";"-299.4623";"-26.69348";"-56.21777";"-173.7087";"-25.71649";"-68.61621";"-299.4623";"-26.69348";"-56.21777"
"22731.04";"-173.6707";"-25.59113";"-68.61621";"-299.4623";"-26.64728";"-56.27081";"-173.6707";"-25.59113";"-68.61621";"-299.4623";"-26.64728";"-56.27081"
"22739.38";"-173.6307";"-25.5813";"-68.61621";"-299.4623";"-26.59943";"-56.28949";"-173.6307";"-25.5813";"-68.61621";"-299.4623";"-26.59943";"-56.28949"
"22747.72";"-173.3088";"-25.45898";"-68.61621";"-299.4623";"-26.5426";"-56.32892";"-173.3088";"-25.45898";"-68.61621";"-299.4623";"-26.5426";"-56.32892"
"22756.07";"-173.2626";"-25.40881";"-68.61621";"-299.4623";"-26.50024";"-56.35327";"-173.2626";"-25.40881";"-68.61621";"-299.4623";"-26.50024";"-56.35327"
"22764.41";"-173.1641";"-25.38715";"-68.61621";"-299.4623";"-26.3139";"-56.32208";"-173.1641";"-25.38715";"-68.61621";"-299.4623";"-26.3139";"-56.32208"
"22772.75";"-173.147";"-25.3537";"-68.61621";"-299.4623";"-26.3147";"-56.3418";"-173.147";"-25.3537";"-68.61621";"-299.4623";"-26.3147";"-56.3418"
"22781.09";"-173.045";"-25.30334";"-68.61621";"-299.4623";"-26.25452";"-56.37085";"-173.045";"-25.30334";"-68.61621";"-299.4623";"-26.25452";"-56.37085"
"22789.43";"-173.0109";"-25.20673";"-68.61621";"-299.4623";"-26.20477";"-56.37427";"-173.0109";"-25.20673";"-68.61621";"-299.4623";"-26.20477";"-56.37427"
"22797.78";"-172.892";"-25.20886";"-68.61621";"-299.4623";"-26.09534";"-56.43579";"-172.892";"-25.20886";"-68.61621";"-299.4623";"-26.09534";"-56.43579"
"22806.12";"-172.8487";"-25.19403";"-68.61621";"-299.4623";"-26.08234";"-56.4649";"-172.8487";"-25.19403";"-68.61621";"-299.4623";"-26.08234";"-56.4649"
"22814.46";"-172.758";"-25.16882";"-68.61621";"-299.4623";"-26.06842";"-56.50104";"-172.758";"-25.16882";"-68.61621";"-299.4623";"-26.06842";"-56.50104"
"22822.8";"-172.6423";"-25.10608";"-68.61621";"-299.4623";"-25.93469";"-56.58716";"-172.6423";"-25.10608";"-68.61621";"-299.4623";"-25.93469";"-56.58716"
"22831.14";"-172.6295";"-25.07996";"-68.61621";"-299.4623";"-25.92871";"-56.60345";"-172.6295";"-25.07996";"-68.61621";"-299.4623";"-25.92871";"-56.60345"
"22839.48";"-172.5743";"-25.07263";"-68.61621";"-299.4623";"-25.92133";"-56.633";"-172.5743";"-25.07263";"-68.61621";"-299.4623";"-25.92133";"-56.633"
"22847.82";"-172.4704";"-24.98248";"-68.61621";"-299.4623";"-25.84747";"-56.6673";"-172.4704";"-24.98248";"-68.61621";"-299.4623";"-25.84747";"-56.6673"
"22856.17";"-172.4117";"-24.92841";"-68.61621";"-299.4623";"-25.80859";"-56.67798";"-172.4117";"-24.92841";"-68.61621";"-299.4623";"-25.80859";"-56.67798"
"22864.51";"-172.3733";"-24.91534";"-68.61621";"-299.4623";"-25.67743";"-56.73163";"-172.3733";"-24.91534";"-68.61621";"-299.4623";"-25.67743";"-56.73163"
"22872.85";"-172.3207";"-24.89655";"-68.61621";"-299.4623";"-25.65106";"-56.74756";"-172.3207";"-24.89655";"-68.61621";"-299.4623";"-25.65106";"-56.74756"
"22881.19";"-172.1757";"-24.85284";"-68.61621";"-299.4623";"-25.58136";"-56.77795";"-172.1757";"-24.85284";"-68.61621";"-299.4623";"-25.58136";"-56.77795"
"22889.53";"-172.1259";"-24.83582";"-68.61621";"-299.4623";"-25.52094";"-56.815";"-172.1259";"-24.83582";"-68.61621";"-299.4623";"-25.52094";"-56.815"
"22897.88";"-172.0412";"-24.79498";"-68.61621";"-299.4623";"-25.35632";"-56.77283";"-172.0412";"-24.79498";"-68.61621";"-299.4623";"-25.35632";"-56.77283"
"22906.22";"-172.0227";"-24.78613";"-68.61621";"-299.4623";"-25.35138";"-56.77814";"-172.0227";"-24.78613";"-68.61621";"-299.4623";"-25.35138";"-56.77814"
"22914.56";"-171.9644";"-24.7243";"-68.61621";"-299.4623";"-25.31567";"-56.83594";"-171.9644";"-24.7243";"-68.61621";"-299.4623";"-25.31567";"-56.83594"
"22922.9";"-171.9";"-24.72375";"-68.61621";"-299.4623";"-25.27167";"-56.85553";"-171.9";"-24.72375";"-68.61621";"-299.4623";"-25.27167";"-56.85553"
"22931.24";"-171.7545";"-24.68512";"-68.61621";"-299.4623";"-25.11304";"-56.86963";"-171.7545";"-24.68512";"-68.61621";"-299.4623";"-25.11304";"-56.86963"
"22939.58";"-171.7509";"-24.65686";"-68.61621";"-299.4623";"-25.11682";"-56.88068";"-171.7509";"-24.65686";"-68.61621";"-299.4623";"-25.11682";"-56.88068"
"22947.93";"-171.7306";"-24.52869";"-68.61621";"-299.4623";"-25.06207";"-56.9259";"-171.7306";"-24.52869";"-68.61621";"-299.4623";"-25.06207";"-56.9259"
"22956.27";"-171.4803";"-24.39984";"-68.61621";"-299.4623";"-25.03717";"-56.94409";"-171.4803";"-24.39984";"-68.61621";"-299.4623";"-25.03717";"-56.94409"
"22964.61";"-171.333";"-24.42664";"-68.61621";"-299.4623";"-24.89154";"-56.96716";"-171.333";"-24.42664";"-68.61621";"-299.4623";"-24.89154";"-56.96716"
"22972.95";"-171.3165";"-24.40466";"-68.61621";"-299.4623";"-24.88043";"-56.9859";"-171.3165";"-24.40466";"-68.61621";"-299.4623";"-24.88043";"-56.9859"
"22981.29";"-171.3121";"-24.38879";"-68.61621";"-299.4623";"-24.83783";"-56.9903";"-171.3121";"-24.38879";"-68.61621";"-299.4623";"-24.83783";"-56.9903"
"22989.63";"-171.2673";"-24.35095";"-68.61621";"-299.4623";"-24.80298";"-57.01233";"-171.2673";"-24.35095";"-68.61621";"-299.4623";"-24.80298";"-57.01233"
"22997.97";"-171.2033";"-24.30981";"-68.61621";"-299.4623";"-24.69183";"-57.0603";"-171.2033";"-24.30981";"-68.61621";"-299.4623";"-24.69183";"-57.0603"
"23006.32";"-171.1631";"-24.24872";"-68.61621";"-299.4623";"-24.69025";"-57.06848";"-171.1631";"-24.24872";"-68.61621";"-299.4623";"-24.69025";"-57.06848"
"23014.66";"-171.012";"-24.23065";"-68.61621";"-299.4623";"-24.61078";"-57.07867";"-171.012";"-24.23065";"-68.61621";"-299.4623";"-24.61078";"-57.07867"
"23023";"-170.9845";"-24.19507";"-68.61621";"-299.4623";"-24.58118";"-57.10156";"-170.9845";"-24.19507";"-68.61621";"-299.4623";"-24.58118";"-57.10156"
"23031.34";"-170.9387";"-24.1546";"-68.61621";"-299.4623";"-24.40967";"-57.08032";"-170.9387";"-24.1546";"-68.61621";"-299.4623";"-24.40967";"-57.08032"
"23039.68";"-170.8623";"-24.15619";"-68.61621";"-299.4623";"-24.40967";"-57.10205";"-170.8623";"-24.15619";"-68.61621";"-299.4623";"-24.40967";"-57.10205"
"23048.03";"-170.7097";"-24.14539";"-68.61621";"-299.4623";"-24.34918";"-57.17554";"-170.7097";"-24.14539";"-68.61621";"-299.4623";"-24.34918";"-57.17554"
"23056.37";"-170.6806";"-24.08545";"-68.61621";"-299.4623";"-24.32819";"-57.19537";"-170.6806";"-24.08545";"-68.61621";"-299.4623";"-24.32819";"-57.19537"
"23064.71";"-170.5959";"-24.05688";"-68.61621";"-299.4623";"-24.17017";"-57.2298";"-170.5959";"-24.05688";"-68.61621";"-299.4623";"-24.17017";"-57.2298"
"23073.05";"-170.5506";"-24.01355";"-68.61621";"-299.4623";"-24.14038";"-57.25385";"-170.5506";"-24.01355";"-68.61621";"-299.4623";"-24.14038";"-57.25385"
"23081.39";"-170.415";"-23.87665";"-68.61621";"-299.4623";"-24.11731";"-57.26703";"-170.415";"-23.87665";"-68.61621";"-299.4623";"-24.11731";"-57.26703"
"23089.73";"-170.4098";"-23.85449";"-68.61621";"-299.4623";"-24.07214";"-57.28259";"-170.4098";"-23.85449";"-68.61621";"-299.4623";"-24.07214";"-57.28259"
"23098.07";"-170.3545";"-23.80865";"-68.61621";"-299.4623";"-23.93011";"-57.33282";"-170.3545";"-23.80865";"-68.61621";"-299.4623";"-23.93011";"-57.33282"
"23106.42";"-170.183";"-23.797";"-68.61621";"-299.4623";"-23.92297";"-57.3526";"-170.183";"-23.797";"-68.61621";"-299.4623";"-23.92297";"-57.3526"
"23114.76";"-170.1726";"-23.73669";"-68.61621";"-299.4623";"-23.82758";"-57.41046";"-170.1726";"-23.73669";"-68.61621";"-299.4623";"-23.82758";"-57.41046"
"23123.1";"-170.1719";"-23.69336";"-68.61621";"-299.4623";"-23.7652";"-57.45105";"-170.1719";"-23.69336";"-68.61621";"-299.4623";"-23.7652";"-57.45105"
"23131.44";"-169.9854";"-23.64484";"-68.61621";"-299.4623";"-23.61707";"-57.47943";"-169.9854";"-23.64484";"-68.61621";"-299.4623";"-23.61707";"-57.47943"
"23139.78";"-169.9657";"-23.62146";"-68.61621";"-299.4623";"-23.61713";"-57.49792";"-169.9657";"-23.62146";"-68.61621";"-299.4623";"-23.61713";"-57.49792"
"23148.13";"-169.9497";"-23.56995";"-68.61621";"-299.4623";"-23.65875";"-57.52441";"-169.9497";"-23.56995";"-68.61621";"-299.4623";"-23.65875";"-57.52441"
"23156.47";"-169.9038";"-23.53906";"-68.61621";"-299.4623";"-23.60687";"-57.56628";"-169.9038";"-23.53906";"-68.61621";"-299.4623";"-23.60687";"-57.56628"
"23164.81";"-169.6018";"-23.49255";"-68.61621";"-299.4623";"-23.49036";"-57.66626";"-169.6018";"-23.49255";"-68.61621";"-299.4623";"-23.49036";"-57.66626"
"23173.15";"-169.5743";"-23.44952";"-68.61621";"-299.4623";"-23.46442";"-57.66455";"-169.5743";"-23.44952";"-68.61621";"-299.4623";"-23.46442";"-57.66455"
"23181.49";"-169.4661";"-23.26404";"-68.61621";"-299.4623";"-23.44098";"-57.70911";"-169.4661";"-23.26404";"-68.61621";"-299.4623";"-23.44098";"-57.70911"
"23189.83";"-169.439";"-23.23975";"-68.61621";"-299.4623";"-23.3587";"-57.72345";"-169.439";"-23.23975";"-68.61621";"-299.4623";"-23.3587";"-57.72345"
"23198.18";"-169.2837";"-23.21442";"-68.61621";"-299.4623";"-23.22327";"-57.75208";"-169.2837";"-23.21442";"-68.61621";"-299.4623";"-23.22327";"-57.75208"
"23206.52";"-169.2653";"-23.17761";"-68.61621";"-299.4623";"-23.242";"-57.77374";"-169.2653";"-23.17761";"-68.61621";"-299.4623";"-23.242";"-57.77374"
"23214.86";"-169.2016";"-23.13257";"-68.61621";"-299.4623";"-23.18555";"-57.78973";"-169.2016";"-23.13257";"-68.61621";"-299.4623";"-23.18555";"-57.78973"
"23223.2";"-169.1567";"-23.09454";"-68.61621";"-299.4623";"-23.14331";"-57.83875";"-169.1567";"-23.09454";"-68.61621";"-299.4623";"-23.14331";"-57.83875"
"23231.54";"-169.0776";"-23.08234";"-68.61621";"-299.4623";"-23.02521";"-57.87537";"-169.0776";"-23.08234";"-68.61621";"-299.4623";"-23.02521";"-57.87537"
"23239.88";"-169.0633";"-23.02692";"-68.61621";"-299.4623";"-23.01709";"-57.90674";"-169.0633";"-23.02692";"-68.61621";"-299.4623";"-23.01709";"-57.90674"
"23248.22";"-168.97";"-22.95953";"-68.61621";"-299.4623";"-22.96051";"-57.93201";"-168.97";"-22.95953";"-68.61621";"-299.4623";"-22.96051";"-57.93201"
"23256.57";"-168.913";"-22.95129";"-68.61621";"-299.4623";"-22.93195";"-57.97485";"-168.913";"-22.95129";"-68.61621";"-299.4623";"-22.93195";"-57.97485"
"23264.91";"-168.749";"-22.93134";"-68.61621";"-299.4623";"-22.79059";"-58.00439";"-168.749";"-22.93134";"-68.61621";"-299.4623";"-22.79059";"-58.00439"
"23273.25";"-168.7332";"-22.90729";"-68.61621";"-299.4623";"-22.77191";"-58.01392";"-168.7332";"-22.90729";"-68.61621";"-299.4623";"-22.77191";"-58.01392"
"23281.59";"-168.6417";"-22.88531";"-68.61621";"-299.4623";"-22.76489";"-58.04272";"-168.6417";"-22.88531";"-68.61621";"-299.4623";"-22.76489";"-58.04272"
"23289.93";"-168.6231";"-22.88641";"-68.61621";"-299.4623";"-22.74829";"-58.06714";"-168.6231";"-22.88641";"-68.61621";"-299.4623";"-22.74829";"-58.06714"
"23298.28";"-168.5408";"-22.84302";"-68.61621";"-299.4623";"-22.66992";"-58.08459";"-168.5408";"-22.84302";"-68.61621";"-299.4623";"-22.66992";"-58.08459"
"23306.62";"-168.5023";"-22.83905";"-68.61621";"-299.4623";"-22.62537";"-58.09979";"-168.5023";"-22.83905";"-68.61621";"-299.4623";"-22.62537";"-58.09979"
"23314.96";"-168.4377";"-22.63696";"-68.61621";"-299.4623";"-22.48364";"-58.052";"-168.4377";"-22.63696";"-68.61621";"-299.4623";"-22.48364";"-58.052"
"23323.3";"-168.3911";"-22.60565";"-68.61621";"-299.4623";"-22.45135";"-58.078";"-168.3911";"-22.60565";"-68.61621";"-299.4623";"-22.45135";"-58.078"
"23331.64";"-168.2788";"-22.526";"-68.61621";"-299.4623";"-22.37903";"-58.11505";"-168.2788";"-22.526";"-68.61621";"-299.4623";"-22.37903";"-58.11505"
"23339.98";"-168.2675";"-22.52667";"-68.61621";"-299.4623";"-22.34875";"-58.13855";"-168.2675";"-22.52667";"-68.61621";"-299.4623";"-22.34875";"-58.13855"
"23348.32";"-168.017";"-22.44482";"-68.61621";"-299.4623";"-22.31244";"-58.12964";"-168.017";"-22.44482";"-68.61621";"-299.4623";"-22.31244";"-58.12964"
"23356.67";"-167.9355";"-22.45734";"-68.61621";"-299.4623";"-22.14191";"-58.18719";"-167.9355";"-22.45734";"-68.61621";"-299.4623";"-22.14191";"-58.18719"
"23365.01";"-167.8427";"-22.40985";"-68.61621";"-299.4623";"-22.11444";"-58.2218";"-167.8427";"-22.40985";"-68.61621";"-299.4623";"-22.11444";"-58.2218"
"23373.35";"-167.8076";"-22.37866";"-68.61621";"-299.4623";"-22.10242";"-58.24579";"-167.8076";"-22.37866";"-68.61621";"-299.4623";"-22.10242";"-58.24579"
"23381.69";"-167.707";"-22.29089";"-68.61621";"-299.4623";"-22.03168";"-58.2608";"-167.707";"-22.29089";"-68.61621";"-299.4623";"-22.03168";"-58.2608"
"23390.03";"-167.5742";"-22.28241";"-68.61621";"-299.4623";"-21.87714";"-58.31281";"-167.5742";"-22.28241";"-68.61621";"-299.4623";"-21.87714";"-58.31281"
"23398.38";"-167.485";"-22.14948";"-68.61621";"-299.4623";"-21.8573";"-58.30835";"-167.485";"-22.14948";"-68.61621";"-299.4623";"-21.8573";"-58.30835"
"23406.72";"-167.4579";"-22.13635";"-68.61621";"-299.4623";"-21.83453";"-58.34351";"-167.4579";"-22.13635";"-68.61621";"-299.4623";"-21.83453";"-58.34351"
"23415.06";"-167.3397";"-22.0976";"-68.61621";"-299.4623";"-21.77228";"-58.40845";"-167.3397";"-22.0976";"-68.61621";"-299.4623";"-21.77228";"-58.40845"
"23423.4";"-167.3098";"-22.00348";"-68.61621";"-299.4623";"-21.6933";"-58.42023";"-167.3098";"-22.00348";"-68.61621";"-299.4623";"-21.6933";"-58.42023"
"23431.74";"-167.168";"-21.9751";"-68.61621";"-299.4623";"-21.57623";"-58.44434";"-167.168";"-21.9751";"-68.61621";"-299.4623";"-21.57623";"-58.44434"
"23440.08";"-167.1653";"-21.95349";"-68.61621";"-299.4623";"-21.55139";"-58.47028";"-167.1653";"-21.95349";"-68.61621";"-299.4623";"-21.55139";"-58.47028"
"23448.43";"-167.077";"-21.93146";"-68.61621";"-299.4623";"-21.51947";"-58.5459";"-167.077";"-21.93146";"-68.61621";"-299.4623";"-21.51947";"-58.5459"
"23456.77";"-166.9481";"-21.90527";"-68.61621";"-299.4623";"-21.44141";"-58.51862";"-166.9481";"-21.90527";"-68.61621";"-299.4623";"-21.44141";"-58.51862"
"23465.11";"-166.8802";"-21.8786";"-68.61621";"-299.4623";"-21.37738";"-58.54474";"-166.8802";"-21.8786";"-68.61621";"-299.4623";"-21.37738";"-58.54474"
"23473.45";"-166.8481";"-21.82867";"-68.61621";"-299.4623";"-21.31537";"-58.54486";"-166.8481";"-21.82867";"-68.61621";"-299.4623";"-21.31537";"-58.54486"
"23481.79";"-166.74";"-21.81732";"-68.61621";"-299.4623";"-21.21533";"-58.61694";"-166.74";"-21.81732";"-68.61621";"-299.4623";"-21.21533";"-58.61694"
"23490.13";"-166.6519";"-21.78662";"-68.61621";"-299.4623";"-21.18762";"-58.67554";"-166.6519";"-21.78662";"-68.61621";"-299.4623";"-21.18762";"-58.67554"
"23498.47";"-166.5143";"-21.70374";"-68.61621";"-299.4623";"-21.0575";"-58.70569";"-166.5143";"-21.70374";"-68.61621";"-299.4623";"-21.0575";"-58.70569"
"23506.82";"-166.5242";"-21.68091";"-68.61621";"-299.4623";"-21.01642";"-58.71613";"-166.5242";"-21.68091";"-68.61621";"-299.4623";"-21.01642";"-58.71613"
"23515.16";"-166.4443";"-21.56018";"-68.61621";"-299.4623";"-20.96039";"-58.74554";"-166.4443";"-21.56018";"-68.61621";"-299.4623";"-20.96039";"-58.74554"
"23523.5";"-166.3864";"-21.5434";"-68.61621";"-299.4623";"-20.91248";"-58.7868";"-166.3864";"-21.5434";"-68.61621";"-299.4623";"-20.91248";"-58.7868"
"23531.84";"-166.1551";"-21.4964";"-68.61621";"-299.4623";"-20.82855";"-58.81946";"-166.1551";"-21.4964";"-68.61621";"-299.4623";"-20.82855";"-58.81946"
"23540.18";"-166.0967";"-21.44849";"-68.61621";"-299.4623";"-20.81201";"-58.84229";"-166.0967";"-21.44849";"-68.61621";"-299.4623";"-20.81201";"-58.84229"
"23548.53";"-165.9886";"-21.30109";"-68.61621";"-299.4623";"-20.72571";"-58.90051";"-165.9886";"-21.30109";"-68.61621";"-299.4623";"-20.72571";"-58.90051"
"23556.87";"-165.9543";"-21.29211";"-68.61621";"-299.4623";"-20.68616";"-58.91437";"-165.9543";"-21.29211";"-68.61621";"-299.4623";"-20.68616";"-58.91437"
"23565.21";"-165.8192";"-21.29694";"-68.61621";"-299.4623";"-20.5827";"-58.95099";"-165.8192";"-21.29694";"-68.61621";"-299.4623";"-20.5827";"-58.95099"
"23573.55";"-165.7896";"-21.25696";"-68.61621";"-299.4623";"-20.54828";"-58.966";"-165.7896";"-21.25696";"-68.61621";"-299.4623";"-20.54828";"-58.966"
"23581.89";"-165.6647";"-21.25085";"-68.61621";"-299.4623";"-20.41669";"-58.9679";"-165.6647";"-21.25085";"-68.61621";"-299.4623";"-20.41669";"-58.9679"
"23590.23";"-165.6441";"-21.23022";"-68.61621";"-299.4623";"-20.37885";"-58.98022";"-165.6441";"-21.23022";"-68.61621";"-299.4623";"-20.37885";"-58.98022"
"23598.57";"-165.5109";"-21.22931";"-68.61621";"-299.4623";"-20.34399";"-59.01752";"-165.5109";"-21.22931";"-68.61621";"-299.4623";"-20.34399";"-59.01752"
"23606.92";"-165.4781";"-21.10376";"-68.61621";"-299.4623";"-20.29382";"-59.02808";"-165.4781";"-21.10376";"-68.61621";"-299.4623";"-20.29382";"-59.02808"
"23615.26";"-165.429";"-21.08966";"-68.61621";"-299.4623";"-20.20514";"-59.05981";"-165.429";"-21.08966";"-68.61621";"-299.4623";"-20.20514";"-59.05981"
"23623.6";"-165.3583";"-20.96741";"-68.61621";"-299.4623";"-20.18341";"-59.06097";"-165.3583";"-20.96741";"-68.61621";"-299.4623";"-20.18341";"-59.06097"
"23631.94";"-165.3143";"-20.91882";"-68.61621";"-299.4623";"-20.11951";"-59.09656";"-165.3143";"-20.91882";"-68.61621";"-299.4623";"-20.11951";"-59.09656"
"23640.28";"-165.2273";"-20.92377";"-68.61621";"-299.4623";"-20.06732";"-59.11816";"-165.2273";"-20.92377";"-68.61621";"-299.4623";"-20.06732";"-59.11816"
"23648.63";"-165.1411";"-20.85754";"-68.61621";"-299.4623";"-19.92529";"-59.16156";"-165.1411";"-20.85754";"-68.61621";"-299.4623";"-19.92529";"-59.16156"
"23656.97";"-165.118";"-20.8479";"-68.61621";"-299.4623";"-19.90686";"-59.18469";"-165.118";"-20.8479";"-68.61621";"-299.4623";"-19.90686";"-59.18469"
"23665.31";"-165.0182";"-20.80023";"-68.61621";"-299.4623";"-19.80414";"-59.21112";"-165.0182";"-20.80023";"-68.61621";"-299.4623";"-19.80414";"-59.21112"
"23673.65";"-164.9691";"-20.76794";"-68.61621";"-299.4623";"-19.74866";"-59.23248";"-164.9691";"-20.76794";"-68.61621";"-299.4623";"-19.74866";"-59.23248"
"23681.99";"-164.8133";"-20.74091";"-68.61621";"-299.4623";"-20.30737";"-59.23248";"-164.8133";"-20.74091";"-68.61621";"-299.4623";"-20.30737";"-59.23248"
"23690.33";"-164.73";"-20.71802";"-68.61621";"-299.4623";"-19.94342";"-59.02521";"-164.73";"-20.71802";"-68.61621";"-299.4623";"-19.94342";"-59.02521"
"23698.68";"-164.6969";"-20.63574";"-68.61621";"-299.4623";"-19.83081";"-59.04175";"-164.6969";"-20.63574";"-68.61621";"-299.4623";"-19.83081";"-59.04175"
"23707.02";"-164.6591";"-20.60571";"-68.61621";"-299.4623";"-19.80591";"-59.0506";"-164.6591";"-20.60571";"-68.61621";"-299.4623";"-19.80591";"-59.0506"
"23715.36";"-164.3712";"-20.39673";"-68.61621";"-299.4623";"-19.69989";"-59.09863";"-164.3712";"-20.39673";"-68.61621";"-299.4623";"-19.69989";"-59.09863"
"23723.7";"-164.3364";"-20.38684";"-68.61621";"-299.4623";"-19.67255";"-59.10913";"-164.3364";"-20.38684";"-68.61621";"-299.4623";"-19.67255";"-59.10913"
"23732.04";"-164.2192";"-20.29895";"-68.61621";"-299.4623";"-19.51776";"-59.14404";"-164.2192";"-20.29895";"-68.61621";"-299.4623";"-19.51776";"-59.14404"
"23740.38";"-164.1841";"-20.30981";"-68.61621";"-299.4623";"-19.51434";"-59.16339";"-164.1841";"-20.30981";"-68.61621";"-299.4623";"-19.51434";"-59.16339"
"23748.72";"-164.0309";"-20.27783";"-68.61621";"-299.4623";"-19.37683";"-59.20074";"-164.0309";"-20.27783";"-68.61621";"-299.4623";"-19.37683";"-59.20074"
"23757.07";"-163.9868";"-20.24097";"-68.61621";"-299.4623";"-19.32764";"-59.22455";"-163.9868";"-20.24097";"-68.61621";"-299.4623";"-19.32764";"-59.22455"
"23765.41";"-163.9206";"-20.13672";"-68.61621";"-299.4623";"-19.25146";"-59.24469";"-163.9206";"-20.13672";"-68.61621";"-299.4623";"-19.25146";"-59.24469"
"23773.75";"-163.8314";"-20.13715";"-68.61621";"-299.4623";"-19.19897";"-59.26434";"-163.8314";"-20.13715";"-68.61621";"-299.4623";"-19.19897";"-59.26434"
"23782.09";"-163.6945";"-20.10107";"-68.61621";"-299.4623";"-19.11731";"-59.28583";"-163.6945";"-20.10107";"-68.61621";"-299.4623";"-19.11731";"-59.28583"
"23790.43";"-163.6599";"-20.09259";"-68.61621";"-299.4623";"-19.06635";"-59.30109";"-163.6599";"-20.09259";"-68.61621";"-299.4623";"-19.06635";"-59.30109"
"23798.78";"-163.5474";"-20.04486";"-68.61621";"-299.4623";"-18.97174";"-59.34625";"-163.5474";"-20.04486";"-68.61621";"-299.4623";"-18.97174";"-59.34625"
"23807.12";"-163.4343";"-19.94739";"-68.61621";"-299.4623";"-18.93494";"-59.35767";"-163.4343";"-19.94739";"-68.61621";"-299.4623";"-18.93494";"-59.35767"
"23815.46";"-163.371";"-19.8775";"-68.61621";"-299.4623";"-18.89417";"-59.37903";"-163.371";"-19.8775";"-68.61621";"-299.4623";"-18.89417";"-59.37903"
"23823.8";"-163.2741";"-19.82715";"-68.61621";"-299.4623";"-18.71649";"-59.47577";"-163.2741";"-19.82715";"-68.61621";"-299.4623";"-18.71649";"-59.47577"
"23832.14";"-163.2185";"-19.79816";"-68.61621";"-299.4623";"-18.67761";"-59.48804";"-163.2185";"-19.79816";"-68.61621";"-299.4623";"-18.67761";"-59.48804"
"23840.48";"-163.1884";"-19.77777";"-68.61621";"-299.4623";"-18.63409";"-59.49829";"-163.1884";"-19.77777";"-68.61621";"-299.4623";"-18.63409";"-59.49829"
"23848.82";"-163.0745";"-19.73669";"-68.61621";"-299.4623";"-18.46173";"-59.56653";"-163.0745";"-19.73669";"-68.61621";"-299.4623";"-18.46173";"-59.56653"
"23857.17";"-163.0214";"-19.70477";"-68.61621";"-299.4623";"-18.44073";"-59.56165";"-163.0214";"-19.70477";"-68.61621";"-299.4623";"-18.44073";"-59.56165"
"23865.51";"-162.9496";"-19.63818";"-68.61621";"-299.4623";"-18.37018";"-59.59137";"-162.9496";"-19.63818";"-68.61621";"-299.4623";"-18.37018";"-59.59137"
"23873.85";"-162.9068";"-19.61456";"-68.61621";"-299.4623";"-18.23059";"-59.61346";"-162.9068";"-19.61456";"-68.61621";"-299.4623";"-18.23059";"-59.61346"
"23882.19";"-162.7363";"-19.58887";"-68.61621";"-299.4623";"-18.16473";"-59.66803";"-162.7363";"-19.58887";"-68.61621";"-299.4623";"-18.16473";"-59.66803"
"23890.53";"-162.7253";"-19.5351";"-68.61621";"-299.4623";"-18.15704";"-59.6709";"-162.7253";"-19.5351";"-68.61621";"-299.4623";"-18.15704";"-59.6709"
"23898.88";"-162.441";"-19.38684";"-68.61621";"-299.4623";"-18.04077";"-59.69366";"-162.441";"-19.38684";"-68.61621";"-299.4623";"-18.04077";"-59.69366"
"23907.22";"-162.4106";"-19.32684";"-68.61621";"-299.4623";"-18.00812";"-59.71625";"-162.4106";"-19.32684";"-68.61621";"-299.4623";"-18.00812";"-59.71625"
"23915.56";"-162.3048";"-19.26001";"-68.61621";"-299.4623";"-17.95129";"-59.72961";"-162.3048";"-19.26001";"-68.61621";"-299.4623";"-17.95129";"-59.72961"
"23923.9";"-162.2161";"-19.21869";"-68.61621";"-299.4623";"-17.87738";"-59.77368";"-162.2161";"-19.21869";"-68.61621";"-299.4623";"-17.87738";"-59.77368"
"23932.24";"-162.1135";"-19.1972";"-68.61621";"-299.4623";"-17.74731";"-59.75909";"-162.1135";"-19.1972";"-68.61621";"-299.4623";"-17.74731";"-59.75909"
"23940.58";"-162.0493";"-19.15466";"-68.61621";"-299.4623";"-17.55743";"-59.46149";"-162.0493";"-19.15466";"-68.61621";"-299.4623";"-17.55743";"-59.46149"
"23948.93";"-161.9669";"-19.12177";"-68.61621";"-299.4623";"-17.88983";"-58.99603";"-161.9669";"-19.12177";"-68.61621";"-299.4623";"-17.88983";"-58.99603"
"23957.27";"-161.8818";"-19.0957";"-68.61621";"-299.4623";"-17.83978";"-59.03497";"-161.8818";"-19.0957";"-68.61621";"-299.4623";"-17.83978";"-59.03497"
"23965.61";"-161.7515";"-19.03217";"-68.61621";"-299.4623";"-17.70728";"-59.0528";"-161.7515";"-19.03217";"-68.61621";"-299.4623";"-17.70728";"-59.0528"
"23973.95";"-161.6711";"-19.00476";"-68.61621";"-299.4623";"-17.69763";"-59.07465";"-161.6711";"-19.00476";"-68.61621";"-299.4623";"-17.69763";"-59.07465"
"23982.29";"-161.5683";"-18.99188";"-68.61621";"-299.4623";"-17.55548";"-59.09216";"-161.5683";"-18.99188";"-68.61621";"-299.4623";"-17.55548";"-59.09216"
"23990.63";"-161.4957";"-18.83789";"-68.61621";"-299.4623";"-17.52216";"-59.10712";"-161.4957";"-18.83789";"-68.61621";"-299.4623";"-17.52216";"-59.10712"
"23998.97";"-161.376";"-18.84302";"-68.61621";"-299.4623";"-17.37762";"-59.16083";"-161.376";"-18.84302";"-68.61621";"-299.4623";"-17.37762";"-59.16083"
"24007.32";"-161.3421";"-18.79871";"-68.61621";"-299.4623";"-17.36572";"-59.17859";"-161.3421";"-18.79871";"-68.61621";"-299.4623";"-17.36572";"-59.17859"
"24015.66";"-161.2546";"-18.71606";"-68.61621";"-299.4623";"-17.23828";"-59.20374";"-161.2546";"-18.71606";"-68.61621";"-299.4623";"-17.23828";"-59.20374"
"24024";"-161.2018";"-18.69958";"-68.61621";"-299.4623";"-17.20044";"-59.22925";"-161.2018";"-18.69958";"-68.61621";"-299.4623";"-17.20044";"-59.22925"
"24032.34";"-161.1001";"-18.65601";"-68.61621";"-299.4623";"-17.06195";"-59.27985";"-161.1001";"-18.65601";"-68.61621";"-299.4623";"-17.06195";"-59.27985"
"24040.68";"-161.0496";"-18.62836";"-68.61621";"-299.4623";"-17.04132";"-59.28424";"-161.0496";"-18.62836";"-68.61621";"-299.4623";"-17.04132";"-59.28424"
"24049.03";"-160.9354";"-18.59015";"-68.61621";"-299.4623";"-16.9201";"-59.32129";"-160.9354";"-18.59015";"-68.61621";"-299.4623";"-16.9201";"-59.32129"
"24057.37";"-160.8531";"-18.53772";"-68.61621";"-299.4623";"-16.82874";"-59.3269";"-160.8531";"-18.53772";"-68.61621";"-299.4623";"-16.82874";"-59.3269"
"24065.71";"-160.5605";"-18.46753";"-68.61621";"-299.4623";"-16.77173";"-59.36182";"-160.5605";"-18.46753";"-68.61621";"-299.4623";"-16.77173";"-59.36182"
"24074.05";"-160.5038";"-18.43701";"-68.61621";"-299.4623";"-16.71967";"-59.35944";"-160.5038";"-18.43701";"-68.61621";"-299.4623";"-16.71967";"-59.35944"
"24082.39";"-160.3647";"-18.2901";"-68.61621";"-299.4623";"-16.63965";"-59.36829";"-160.3647";"-18.2901";"-68.61621";"-299.4623";"-16.63965";"-59.36829"
"24090.73";"-160.3182";"-18.23364";"-68.61621";"-299.4623";"-16.58929";"-59.37146";"-160.3182";"-18.23364";"-68.61621";"-299.4623";"-16.58929";"-59.37146"
"24099.07";"-160.2089";"-18.19208";"-68.61621";"-299.4623";"-16.43146";"-59.46198";"-160.2089";"-18.19208";"-68.61621";"-299.4623";"-16.43146";"-59.46198"
"24107.42";"-160.1461";"-18.14648";"-68.61621";"-299.4623";"-16.38403";"-59.48553";"-160.1461";"-18.14648";"-68.61621";"-299.4623";"-16.38403";"-59.48553"
"24115.76";"-160.0755";"-18.13086";"-68.61621";"-299.4623";"-16.28345";"-59.49805";"-160.0755";"-18.13086";"-68.61621";"-299.4623";"-16.28345";"-59.49805"
"24124.1";"-159.9836";"-18.08948";"-68.61621";"-299.4623";"-16.12567";"-59.56134";"-159.9836";"-18.08948";"-68.61621";"-299.4623";"-16.12567";"-59.56134"
"24132.44";"-159.8767";"-18.06763";"-68.61621";"-299.4623";"-16.06879";"-59.57025";"-159.8767";"-18.06763";"-68.61621";"-299.4623";"-16.06879";"-59.57025"
"24140.78";"-159.8246";"-18.02832";"-68.61621";"-299.4623";"-16.00623";"-59.61536";"-159.8246";"-18.02832";"-68.61621";"-299.4623";"-16.00623";"-59.61536"
"24149.13";"-159.7054";"-17.9895";"-68.61621";"-299.4623";"-15.90137";"-59.62805";"-159.7054";"-17.9895";"-68.61621";"-299.4623";"-15.90137";"-59.62805"
"24157.47";"-159.6204";"-17.97748";"-68.61621";"-299.4623";"-15.80914";"-59.62671";"-159.6204";"-17.97748";"-68.61621";"-299.4623";"-15.80914";"-59.62671"
"24165.81";"-159.5199";"-17.86707";"-68.61621";"-299.4623";"-17.04553";"-59.82159";"-159.5199";"-17.86707";"-68.61621";"-299.4623";"-17.04553";"-59.82159"
"24174.15";"-159.4427";"-17.76733";"-68.61621";"-299.4623";"-15.71362";"-59.69763";"-159.4427";"-17.76733";"-68.61621";"-299.4623";"-15.71362";"-59.69763"
"24182.49";"-159.3624";"-17.7309";"-68.61621";"-299.4623";"-15.849";"-60.01355";"-159.3624";"-17.7309";"-68.61621";"-299.4623";"-15.849";"-60.01355"
"24190.83";"-159.3051";"-17.70129";"-68.61621";"-299.4623";"-15.80872";"-60.02045";"-159.3051";"-17.70129";"-68.61621";"-299.4623";"-15.80872";"-60.02045"
"24199.18";"-159.1821";"-17.65613";"-68.61621";"-299.4623";"-15.72229";"-60.04321";"-159.1821";"-17.65613";"-68.61621";"-299.4623";"-15.72229";"-60.04321"
"24207.52";"-159.1462";"-17.63892";"-68.61621";"-299.4623";"-15.66565";"-60.07007";"-159.1462";"-17.63892";"-68.61621";"-299.4623";"-15.66565";"-60.07007"
"24215.86";"-159.0449";"-17.54437";"-68.61621";"-299.4623";"-15.5484";"-60.08612";"-159.0449";"-17.54437";"-68.61621";"-299.4623";"-15.5484";"-60.08612"
"24224.2";"-159.0052";"-17.53345";"-68.61621";"-299.4623";"-15.52765";"-60.11548";"-159.0052";"-17.53345";"-68.61621";"-299.4623";"-15.52765";"-60.11548"
"24232.54";"-158.7435";"-17.48212";"-68.61621";"-299.4623";"-15.46466";"-60.14307";"-158.7435";"-17.48212";"-68.61621";"-299.4623";"-15.46466";"-60.14307"
"24240.88";"-158.6655";"-17.43335";"-68.61621";"-299.4623";"-15.32825";"-60.18372";"-158.6655";"-17.43335";"-68.61621";"-299.4623";"-15.32825";"-60.18372"
"24249.22";"-158.5621";"-17.36578";"-68.61621";"-299.4623";"-15.24042";"-60.21222";"-158.5621";"-17.36578";"-68.61621";"-299.4623";"-15.24042";"-60.21222"
"24257.57";"-158.4866";"-17.21704";"-68.61621";"-299.4623";"-15.21222";"-60.22168";"-158.4866";"-17.21704";"-68.61621";"-299.4623";"-15.21222";"-60.22168"
"24265.91";"-158.34";"-17.19775";"-68.61621";"-299.4623";"-15.09802";"-60.25146";"-158.34";"-17.19775";"-68.61621";"-299.4623";"-15.09802";"-60.25146"
"24274.25";"-158.2955";"-17.16162";"-68.61621";"-299.4623";"-15.04773";"-60.27557";"-158.2955";"-17.16162";"-68.61621";"-299.4623";"-15.04773";"-60.27557"
"24282.59";"-158.204";"-17.07648";"-68.61621";"-299.4623";"-14.91235";"-60.29944";"-158.204";"-17.07648";"-68.61621";"-299.4623";"-14.91235";"-60.29944"
"24290.93";"-158.101";"-17.03632";"-68.61621";"-299.4623";"-14.90082";"-60.2998";"-158.101";"-17.03632";"-68.61621";"-299.4623";"-14.90082";"-60.2998"
"24299.28";"-158.0253";"-17.00903";"-68.61621";"-299.4623";"-14.82233";"-60.30188";"-158.0253";"-17.00903";"-68.61621";"-299.4623";"-14.82233";"-60.30188"
"24307.62";"-157.9484";"-16.96362";"-68.61621";"-299.4623";"-14.77228";"-60.3175";"-157.9484";"-16.96362";"-68.61621";"-299.4623";"-14.77228";"-60.3175"
"24315.96";"-157.8201";"-16.93182";"-68.61621";"-299.4623";"-14.65601";"-60.33258";"-157.8201";"-16.93182";"-68.61621";"-299.4623";"-14.65601";"-60.33258"
"24324.3";"-157.7253";"-16.90338";"-68.61621";"-299.4623";"-14.61066";"-60.3432";"-157.7253";"-16.90338";"-68.61621";"-299.4623";"-14.61066";"-60.3432"
"24332.64";"-157.6263";"-16.84485";"-68.61621";"-299.4623";"-14.4375";"-60.42487";"-157.6263";"-16.84485";"-68.61621";"-299.4623";"-14.4375";"-60.42487"
"24340.98";"-157.5901";"-16.81573";"-68.61621";"-299.4623";"-14.40399";"-60.41962";"-157.5901";"-16.81573";"-68.61621";"-299.4623";"-14.40399";"-60.41962"
"24349.32";"-157.4216";"-16.7204";"-68.61621";"-299.4623";"-14.29865";"-60.46405";"-157.4216";"-16.7204";"-68.61621";"-299.4623";"-14.29865";"-60.46405"
"24357.67";"-157.3801";"-16.67206";"-68.61621";"-299.4623";"-14.24414";"-60.49158";"-157.3801";"-16.67206";"-68.61621";"-299.4623";"-14.24414";"-60.49158"
"24366.01";"-157.3198";"-16.59448";"-68.61621";"-299.4623";"-14.06702";"-60.50604";"-157.3198";"-16.59448";"-68.61621";"-299.4623";"-14.06702";"-60.50604"
"24374.35";"-157.1949";"-16.50647";"-68.61621";"-299.4623";"-13.9989";"-60.51746";"-157.1949";"-16.50647";"-68.61621";"-299.4623";"-13.9989";"-60.51746"
"24382.69";"-157.1002";"-16.50433";"-68.61621";"-299.4623";"-13.95135";"-60.53992";"-157.1002";"-16.50433";"-68.61621";"-299.4623";"-13.95135";"-60.53992"
"24391.03";"-156.871";"-16.41937";"-68.61621";"-299.4623";"-13.92578";"-60.55988";"-156.871";"-16.41937";"-68.61621";"-299.4623";"-13.92578";"-60.55988"
"24399.38";"-156.7985";"-16.38092";"-68.61621";"-299.4623";"-14.72559";"-61.22693";"-156.7985";"-16.38092";"-68.61621";"-299.4623";"-14.72559";"-61.22693"
"24407.72";"-156.7188";"-16.33911";"-68.61621";"-299.4623";"-13.7522";"-60.59412";"-156.7188";"-16.33911";"-68.61621";"-299.4623";"-13.7522";"-60.59412"
"24416.06";"-156.5444";"-16.28046";"-68.61621";"-299.4623";"-13.87463";"-61.06519";"-156.5444";"-16.28046";"-68.61621";"-299.4623";"-13.87463";"-61.06519"
"24424.4";"-156.4863";"-16.17151";"-68.61621";"-299.4623";"-13.83313";"-61.07544";"-156.4863";"-16.17151";"-68.61621";"-299.4623";"-13.83313";"-61.07544"
"24432.74";"-156.4061";"-16.12256";"-68.61621";"-299.4623";"-13.69141";"-61.07336";"-156.4061";"-16.12256";"-68.61621";"-299.4623";"-13.69141";"-61.07336"
"24441.08";"-156.3002";"-16.0957";"-68.61621";"-299.4623";"-13.6593";"-61.07819";"-156.3002";"-16.0957";"-68.61621";"-299.4623";"-13.6593";"-61.07819"
"24449.43";"-156.1765";"-16.06366";"-68.61621";"-299.4623";"-13.55975";"-61.10651";"-156.1765";"-16.06366";"-68.61621";"-299.4623";"-13.55975";"-61.10651"
"24457.77";"-156.138";"-16.0202";"-68.61621";"-299.4623";"-13.51898";"-61.1214";"-156.138";"-16.0202";"-68.61621";"-299.4623";"-13.51898";"-61.1214"
"24466.11";"-156.0406";"-15.96503";"-68.61621";"-299.4623";"-13.34662";"-61.13965";"-156.0406";"-15.96503";"-68.61621";"-299.4623";"-13.34662";"-61.13965"
"24474.45";"-155.978";"-15.91876";"-68.61621";"-299.4623";"-13.26855";"-61.14917";"-155.978";"-15.91876";"-68.61621";"-299.4623";"-13.26855";"-61.14917"
"24482.79";"-155.8037";"-15.90485";"-68.61621";"-299.4623";"-13.20294";"-61.16144";"-155.8037";"-15.90485";"-68.61621";"-299.4623";"-13.20294";"-61.16144"
"24491.13";"-155.758";"-15.86609";"-68.61621";"-299.4623";"-13.16656";"-61.1795";"-155.758";"-15.86609";"-68.61621";"-299.4623";"-13.16656";"-61.1795"
"24499.47";"-155.6173";"-15.84131";"-68.61621";"-299.4623";"-13.00732";"-61.20746";"-155.6173";"-15.84131";"-68.61621";"-299.4623";"-13.00732";"-61.20746"
"24507.82";"-155.5057";"-15.82263";"-68.61621";"-299.4623";"-12.9798";"-61.23712";"-155.5057";"-15.82263";"-68.61621";"-299.4623";"-12.9798";"-61.23712"
"24516.16";"-155.406";"-15.67902";"-68.61621";"-299.4623";"-12.83368";"-61.26654";"-155.406";"-15.67902";"-68.61621";"-299.4623";"-12.83368";"-61.26654"
"24524.5";"-155.3536";"-15.64368";"-68.61621";"-299.4623";"-12.80872";"-61.276";"-155.3536";"-15.64368";"-68.61621";"-299.4623";"-12.80872";"-61.276"
"24532.84";"-155.1829";"-15.54321";"-68.61621";"-299.4623";"-12.73047";"-61.32306";"-155.1829";"-15.54321";"-68.61621";"-299.4623";"-12.73047";"-61.32306"
"24541.18";"-155.0453";"-15.49658";"-68.61621";"-299.4623";"-12.5741";"-61.35229";"-155.0453";"-15.49658";"-68.61621";"-299.4623";"-12.5741";"-61.35229"
"24549.53";"-155.001";"-15.42004";"-68.61621";"-299.4623";"-12.48737";"-61.34808";"-155.001";"-15.42004";"-68.61621";"-299.4623";"-12.48737";"-61.34808"
"24557.87";"-154.774";"-15.40283";"-68.61621";"-299.4623";"-12.45483";"-61.37244";"-154.774";"-15.40283";"-68.61621";"-299.4623";"-12.45483";"-61.37244"
"24566.21";"-154.746";"-15.34326";"-68.61621";"-299.4623";"-12.28345";"-61.43085";"-154.746";"-15.34326";"-68.61621";"-299.4623";"-12.28345";"-61.43085"
"24574.55";"-154.5441";"-15.33868";"-68.61621";"-299.4623";"-12.23688";"-61.44598";"-154.5441";"-15.33868";"-68.61621";"-299.4623";"-12.23688";"-61.44598"
"24582.89";"-154.4568";"-15.20148";"-68.61621";"-299.4623";"-12.17181";"-61.48236";"-154.4568";"-15.20148";"-68.61621";"-299.4623";"-12.17181";"-61.48236"
"24591.23";"-154.4246";"-15.14941";"-68.61621";"-299.4623";"-12.10699";"-61.49744";"-154.4246";"-15.14941";"-68.61621";"-299.4623";"-12.10699";"-61.49744"
"24599.57";"-154.3008";"-15.05554";"-68.61621";"-299.4623";"-11.98816";"-61.53992";"-154.3008";"-15.05554";"-68.61621";"-299.4623";"-11.98816";"-61.53992"
"24607.92";"-154.2534";"-15.04822";"-68.61621";"-299.4623";"-11.97272";"-61.58563";"-154.2534";"-15.04822";"-68.61621";"-299.4623";"-11.97272";"-61.58563"
"24616.26";"-154.1042";"-15.00946";"-68.61621";"-299.4623";"-11.91229";"-61.6861";"-154.1042";"-15.00946";"-68.61621";"-299.4623";"-11.91229";"-61.6861"
"24624.6";"-154.0643";"-14.95972";"-68.61621";"-299.4623";"-11.73322";"-61.70764";"-154.0643";"-14.95972";"-68.61621";"-299.4623";"-11.73322";"-61.70764"
"24632.94";"-153.9009";"-14.92322";"-68.61621";"-299.4623";"-11.67786";"-61.71027";"-153.9009";"-14.92322";"-68.61621";"-299.4623";"-11.67786";"-61.71027"
"24641.28";"-153.8411";"-14.89417";"-68.61621";"-299.4623";"-11.62524";"-61.72321";"-153.8411";"-14.89417";"-68.61621";"-299.4623";"-11.62524";"-61.72321"
"24649.63";"-153.7482";"-14.78302";"-68.61621";"-299.4623";"-11.48694";"-61.71533";"-153.7482";"-14.78302";"-68.61621";"-299.4623";"-11.48694";"-61.71533"
"24657.97";"-153.6906";"-14.75482";"-68.61621";"-299.4623";"-11.4472";"-61.75757";"-153.6906";"-14.75482";"-68.61621";"-299.4623";"-11.4472";"-61.75757"
"24666.31";"-153.5076";"-14.75104";"-68.61621";"-299.4623";"-11.26746";"-61.77527";"-153.5076";"-14.75104";"-68.61621";"-299.4623";"-11.26746";"-61.77527"
"24674.65";"-153.4622";"-14.63214";"-68.61621";"-299.4623";"-11.23145";"-61.80237";"-153.4622";"-14.63214";"-68.61621";"-299.4623";"-11.23145";"-61.80237"
"24682.99";"-153.1777";"-14.40344";"-68.61621";"-299.4623";"-11.18628";"-61.81665";"-153.1777";"-14.40344";"-68.61621";"-299.4623";"-11.18628";"-61.81665"
"24691.33";"-153.1448";"-14.40314";"-68.61621";"-299.4623";"-11.1394";"-61.87384";"-153.1448";"-14.40314";"-68.61621";"-299.4623";"-11.1394";"-61.87384"
"24699.68";"-153.0137";"-14.40894";"-68.61621";"-299.4623";"-11.00311";"-61.87836";"-153.0137";"-14.40894";"-68.61621";"-299.4623";"-11.00311";"-61.87836"
"24708.02";"-152.9702";"-14.37219";"-68.61621";"-299.4623";"-10.95648";"-61.91473";"-152.9702";"-14.37219";"-68.61621";"-299.4623";"-10.95648";"-61.91473"
"24716.36";"-152.7898";"-14.31793";"-68.61621";"-299.4623";"-10.81598";"-61.9743";"-152.7898";"-14.31793";"-68.61621";"-299.4623";"-10.81598";"-61.9743"
"24724.7";"-152.7458";"-14.29248";"-68.61621";"-299.4623";"-10.80817";"-61.98248";"-152.7458";"-14.29248";"-68.61621";"-299.4623";"-10.80817";"-61.98248"
"24733.04";"-152.5522";"-14.28589";"-68.61621";"-299.4623";"-10.73773";"-62.01538";"-152.5522";"-14.28589";"-68.61621";"-299.4623";"-10.73773";"-62.01538"
"24741.38";"-152.4645";"-14.12799";"-68.61621";"-299.4623";"-10.68701";"-62.04401";"-152.4645";"-14.12799";"-68.61621";"-299.4623";"-10.68701";"-62.04401"
"24749.72";"-152.3545";"-13.99146";"-68.61621";"-299.4623";"-10.5351";"-62.08069";"-152.3545";"-13.99146";"-68.61621";"-299.4623";"-10.5351";"-62.08069"
"24758.07";"-152.3098";"-13.99396";"-68.61621";"-299.4623";"-10.51569";"-62.11426";"-152.3098";"-13.99396";"-68.61621";"-299.4623";"-10.51569";"-62.11426"
"24766.41";"-152.148";"-14.00012";"-68.61621";"-299.4623";"-10.35742";"-62.06323";"-152.148";"-14.00012";"-68.61621";"-299.4623";"-10.35742";"-62.06323"
"24774.75";"-152.1285";"-13.93658";"-68.61621";"-299.4623";"-10.33716";"-62.10229";"-152.1285";"-13.93658";"-68.61621";"-299.4623";"-10.33716";"-62.10229"
"24783.09";"-151.9634";"-13.93988";"-68.61621";"-299.4623";"-10.15533";"-62.13287";"-151.9634";"-13.93988";"-68.61621";"-299.4623";"-10.15533";"-62.13287"
"24791.43";"-151.9335";"-13.85706";"-68.61621";"-299.4623";"-10.14777";"-62.18469";"-151.9335";"-13.85706";"-68.61621";"-299.4623";"-10.14777";"-62.18469"
"24799.78";"-151.7976";"-13.76318";"-68.61621";"-299.4623";"-10.07269";"-62.2077";"-151.7976";"-13.76318";"-68.61621";"-299.4623";"-10.07269";"-62.2077"
"24808.12";"-151.7263";"-13.75104";"-68.61621";"-299.4623";"-9.904114";"-62.25214";"-151.7263";"-13.75104";"-68.61621";"-299.4623";"-9.904114";"-62.25214"
"24816.46";"-151.538";"-13.75891";"-68.61621";"-299.4623";"-9.877075";"-62.27332";"-151.538";"-13.75891";"-68.61621";"-299.4623";"-9.877075";"-62.27332"
"24824.8";"-151.4399";"-13.54938";"-68.61621";"-299.4623";"-9.789917";"-62.36029";"-151.4399";"-13.54938";"-68.61621";"-299.4623";"-9.789917";"-62.36029"
"24833.14";"-151.386";"-13.55243";"-68.61621";"-299.4623";"-9.738342";"-62.38953";"-151.386";"-13.55243";"-68.61621";"-299.4623";"-9.738342";"-62.38953"
"24841.48";"-151.1666";"-13.48743";"-68.61621";"-299.4623";"-9.699768";"-62.38074";"-151.1666";"-13.48743";"-68.61621";"-299.4623";"-9.699768";"-62.38074"
"24849.82";"-151.0305";"-13.41803";"-68.61621";"-299.4623";"-9.522522";"-62.42352";"-151.0305";"-13.41803";"-68.61621";"-299.4623";"-9.522522";"-62.42352"
"24858.17";"-150.9819";"-13.40125";"-68.61621";"-299.4623";"-9.489746";"-62.37646";"-150.9819";"-13.40125";"-68.61621";"-299.4623";"-9.489746";"-62.37646"
"24866.51";"-150.8203";"-13.28253";"-68.61621";"-299.4623";"-9.304565";"-62.41248";"-150.8203";"-13.28253";"-68.61621";"-299.4623";"-9.304565";"-62.41248"
"24874.85";"-150.7826";"-13.2616";"-68.61621";"-299.4623";"-9.269043";"-62.47443";"-150.7826";"-13.2616";"-68.61621";"-299.4623";"-9.269043";"-62.47443"
"24883.19";"-150.5969";"-13.26086";"-68.61621";"-299.4623";"-9.216003";"-62.52478";"-150.5969";"-13.26086";"-68.61621";"-299.4623";"-9.216003";"-62.52478"
"24891.53";"-150.5016";"-13.22412";"-68.61621";"-299.4623";"-9.160645";"-62.56201";"-150.5016";"-13.22412";"-68.61621";"-299.4623";"-9.160645";"-62.56201"
"24899.88";"-150.3466";"-13.01038";"-68.61621";"-299.4623";"-9.022644";"-62.60974";"-150.3466";"-13.01038";"-68.61621";"-299.4623";"-9.022644";"-62.60974"
"24908.22";"-150.3116";"-13.0177";"-68.61621";"-299.4623";"-8.956482";"-62.59741";"-150.3116";"-13.0177";"-68.61621";"-299.4623";"-8.956482";"-62.59741"
"24916.56";"-150.1484";"-12.9823";"-68.61621";"-299.4623";"-8.874573";"-62.68085";"-150.1484";"-12.9823";"-68.61621";"-299.4623";"-8.874573";"-62.68085"
"24924.9";"-150.1002";"-12.95837";"-68.61621";"-299.4623";"-8.84198";"-62.71643";"-150.1002";"-12.95837";"-68.61621";"-299.4623";"-8.84198";"-62.71643"
"24933.24";"-149.9274";"-12.82709";"-68.61621";"-299.4623";"-8.682739";"-62.74664";"-149.9274";"-12.82709";"-68.61621";"-299.4623";"-8.682739";"-62.74664"
"24941.58";"-149.8747";"-12.83813";"-68.61621";"-299.4623";"-8.646912";"-62.76788";"-149.8747";"-12.83813";"-68.61621";"-299.4623";"-8.646912";"-62.76788"
"24949.93";"-149.689";"-12.82141";"-68.61621";"-299.4623";"-8.46991";"-62.76135";"-149.689";"-12.82141";"-68.61621";"-299.4623";"-8.46991";"-62.76135"
"24958.27";"-149.6241";"-12.80609";"-68.61621";"-299.4623";"-8.441101";"-62.76422";"-149.6241";"-12.80609";"-68.61621";"-299.4623";"-8.441101";"-62.76422"
"24966.61";"-149.475";"-12.53601";"-68.61621";"-299.4623";"-8.295044";"-62.83374";"-149.475";"-12.53601";"-68.61621";"-299.4623";"-8.295044";"-62.83374"
"24974.95";"-149.434";"-12.55646";"-68.61621";"-299.4623";"-8.284668";"-62.86487";"-149.434";"-12.55646";"-68.61621";"-299.4623";"-8.284668";"-62.86487"
"24983.29";"-149.2729";"-12.52789";"-68.61621";"-299.4623";"-8.10199";"-62.89948";"-149.2729";"-12.52789";"-68.61621";"-299.4623";"-8.10199";"-62.89948"
"24991.63";"-149.2224";"-12.5177";"-68.61621";"-299.4623";"-8.087769";"-62.91217";"-149.2224";"-12.5177";"-68.61621";"-299.4623";"-8.087769";"-62.91217"
"24999.97";"-148.9461";"-12.46063";"-68.61621";"-299.4623";"-7.929993";"-62.9624";"-148.9461";"-12.46063";"-68.61621";"-299.4623";"-7.929993";"-62.9624"
"25008.32";"-148.8859";"-12.42133";"-68.61621";"-299.4623";"-7.902832";"-62.98334";"-148.8859";"-12.42133";"-68.61621";"-299.4623";"-7.902832";"-62.98334"
"25016.66";"-148.7313";"-12.26831";"-68.61621";"-299.4623";"-7.791687";"-63.00824";"-148.7313";"-12.26831";"-68.61621";"-299.4623";"-7.791687";"-63.00824"
"25025";"-148.6246";"-12.27985";"-68.61621";"-299.4623";"-7.753723";"-63.02051";"-148.6246";"-12.27985";"-68.61621";"-299.4623";"-7.753723";"-63.02051"
"25033.34";"-148.4523";"-12.18408";"-68.61621";"-299.4623";"-7.627441";"-63.07922";"-148.4523";"-12.18408";"-68.61621";"-299.4623";"-7.627441";"-63.07922"
"25041.68";"-148.3896";"-12.15826";"-68.61621";"-299.4623";"-7.581543";"-63.11823";"-148.3896";"-12.15826";"-68.61621";"-299.4623";"-7.581543";"-63.11823"
"25050.03";"-148.2505";"-12.10651";"-68.61621";"-299.4623";"-7.456665";"-63.15723";"-148.2505";"-12.10651";"-68.61621";"-299.4623";"-7.456665";"-63.15723"
"25058.37";"-148.1882";"-12.06964";"-68.61621";"-299.4623";"-7.396912";"-63.1709";"-148.1882";"-12.06964";"-68.61621";"-299.4623";"-7.396912";"-63.1709"
"25066.71";"-148.0275";"-11.97003";"-68.61621";"-299.4623";"-7.241272";"-63.20142";"-148.0275";"-11.97003";"-68.61621";"-299.4623";"-7.241272";"-63.20142"
"25075.05";"-147.9935";"-11.96094";"-68.61621";"-299.4623";"-7.189636";"-63.23553";"-147.9935";"-11.96094";"-68.61621";"-299.4623";"-7.189636";"-63.23553"
"25083.39";"-147.798";"-11.9364";"-68.61621";"-299.4623";"-7.885986";"-62.82263";"-147.798";"-11.9364";"-68.61621";"-299.4623";"-7.885986";"-62.82263"
"25091.73";"-147.7343";"-11.87579";"-68.61621";"-299.4623";"-7.949646";"-63.02124";"-147.7343";"-11.87579";"-68.61621";"-299.4623";"-7.949646";"-63.02124"
"25100.07";"-147.6033";"-11.77698";"-68.61621";"-299.4623";"-7.780396";"-63.05151";"-147.6033";"-11.77698";"-68.61621";"-299.4623";"-7.780396";"-63.05151"
"25108.42";"-147.584";"-11.76575";"-68.61621";"-299.4623";"-7.74823";"-63.0647";"-147.584";"-11.76575";"-68.61621";"-299.4623";"-7.74823";"-63.0647"
"25116.76";"-147.3949";"-11.6427";"-68.61621";"-299.4623";"-7.604187";"-63.13141";"-147.3949";"-11.6427";"-68.61621";"-299.4623";"-7.604187";"-63.13141"
"25125.1";"-147.3672";"-11.55902";"-68.61621";"-299.4623";"-7.562134";"-63.14575";"-147.3672";"-11.55902";"-68.61621";"-299.4623";"-7.562134";"-63.14575"
"25133.44";"-147.0906";"-11.46893";"-68.61621";"-299.4623";"-7.359741";"-63.12488";"-147.0906";"-11.46893";"-68.61621";"-299.4623";"-7.359741";"-63.12488"
"25141.78";"-147.0079";"-11.45374";"-68.61621";"-299.4623";"-7.335815";"-63.12402";"-147.0079";"-11.45374";"-68.61621";"-299.4623";"-7.335815";"-63.12402"
"25150.13";"-146.8615";"-11.453";"-68.61621";"-299.4623";"-7.234436";"-63.151";"-146.8615";"-11.453";"-68.61621";"-299.4623";"-7.234436";"-63.151"
"25158.47";"-146.7001";"-11.35291";"-68.61621";"-299.4623";"-7.064453";"-63.18152";"-146.7001";"-11.35291";"-68.61621";"-299.4623";"-7.064453";"-63.18152"
"25166.81";"-146.5725";"-11.28015";"-68.61621";"-299.4623";"-7.006897";"-63.17896";"-146.5725";"-11.28015";"-68.61621";"-299.4623";"-7.006897";"-63.17896"
"25175.15";"-146.4698";"-11.14832";"-68.61621";"-299.4623";"-6.926941";"-63.20258";"-146.4698";"-11.14832";"-68.61621";"-299.4623";"-6.926941";"-63.20258"
"25183.49";"-146.344";"-11.1084";"-68.61621";"-299.4623";"-6.785034";"-63.22125";"-146.344";"-11.1084";"-68.61621";"-299.4623";"-6.785034";"-63.22125"
"25191.83";"-146.2258";"-11.06702";"-68.61621";"-299.4623";"-6.42926";"-62.93665";"-146.2258";"-11.06702";"-68.61621";"-299.4623";"-6.42926";"-62.93665"
"25200.18";"-146.1261";"-11.01892";"-68.61621";"-299.4623";"-5.823181";"-63.02429";"-146.1261";"-11.01892";"-68.61621";"-299.4623";"-5.823181";"-63.02429"
"25208.52";"-145.962";"-10.9505";"-68.61621";"-299.4623";"-5.784973";"-63.04492";"-145.962";"-10.9505";"-68.61621";"-299.4623";"-5.784973";"-63.04492"
"25216.86";"-145.9154";"-10.93958";"-68.61621";"-299.4623";"-5.60199";"-63.0921";"-145.9154";"-10.93958";"-68.61621";"-299.4623";"-5.60199";"-63.0921"
"25225.2";"-145.744";"-10.86591";"-68.61621";"-299.4623";"-5.578613";"-63.09705";"-145.744";"-10.86591";"-68.61621";"-299.4623";"-5.578613";"-63.09705"
"25233.54";"-145.6445";"-10.85516";"-68.61621";"-299.4623";"-5.386963";"-63.08368";"-145.6445";"-10.85516";"-68.61621";"-299.4623";"-5.386963";"-63.08368"
"25241.88";"-145.5206";"-10.81549";"-68.61621";"-299.4623";"-5.358765";"-63.0863";"-145.5206";"-10.81549";"-68.61621";"-299.4623";"-5.358765";"-63.0863"
"25250.22";"-145.4285";"-10.66992";"-68.61621";"-299.4623";"-5.170166";"-63.13281";"-145.4285";"-10.66992";"-68.61621";"-299.4623";"-5.170166";"-63.13281"
"25258.57";"-145.3189";"-10.59595";"-68.61621";"-299.4623";"-5.122986";"-63.13287";"-145.3189";"-10.59595";"-68.61621";"-299.4623";"-5.122986";"-63.13287"
"25266.91";"-145.2348";"-10.55304";"-68.61621";"-299.4623";"-4.966309";"-63.16193";"-145.2348";"-10.55304";"-68.61621";"-299.4623";"-4.966309";"-63.16193"
"25275.25";"-145.0612";"-10.52258";"-68.61621";"-299.4623";"-4.919067";"-63.17407";"-145.0612";"-10.52258";"-68.61621";"-299.4623";"-4.919067";"-63.17407"
"25283.59";"-144.8533";"-10.44";"-68.61621";"-299.4623";"-4.747253";"-63.21289";"-144.8533";"-10.44";"-68.61621";"-299.4623";"-4.747253";"-63.21289"
"25291.93";"-144.7312";"-10.39099";"-68.61621";"-299.4623";"-4.66864";"-63.23553";"-144.7312";"-10.39099";"-68.61621";"-299.4623";"-4.66864";"-63.23553"
"25300.28";"-144.6302";"-10.35968";"-68.61621";"-299.4623";"-4.51886";"-63.28333";"-144.6302";"-10.35968";"-68.61621";"-299.4623";"-4.51886";"-63.28333"
"25308.62";"-144.442";"-10.2464";"-68.61621";"-299.4623";"-4.440857";"-63.23218";"-144.442";"-10.2464";"-68.61621";"-299.4623";"-4.440857";"-63.23218"
"25316.96";"-144.3679";"-10.17419";"-68.61621";"-299.4623";"-4.268677";"-63.23755";"-144.3679";"-10.17419";"-68.61621";"-299.4623";"-4.268677";"-63.23755"
"25325.3";"-144.2482";"-10.14197";"-68.61621";"-299.4623";"-4.215393";"-63.27814";"-144.2482";"-10.14197";"-68.61621";"-299.4623";"-4.215393";"-63.27814"
"25333.64";"-144.1663";"-10.07819";"-68.61621";"-299.4623";"-4.091614";"-63.33075";"-144.1663";"-10.07819";"-68.61621";"-299.4623";"-4.091614";"-63.33075"
"25341.98";"-143.978";"-10.07257";"-68.61621";"-299.4623";"-3.962463";"-63.36194";"-143.978";"-10.07257";"-68.61621";"-299.4623";"-3.962463";"-63.36194"
"25350.32";"-143.8883";"-10.01001";"-68.61621";"-299.4623";"-3.860168";"-63.36157";"-143.8883";"-10.01001";"-68.61621";"-299.4623";"-3.860168";"-63.36157"
"25358.67";"-143.8362";"-9.968811";"-68.61621";"-299.4623";"-3.758118";"-63.37946";"-143.8362";"-9.968811";"-68.61621";"-299.4623";"-3.758118";"-63.37946"
"25367.01";"-143.6316";"-9.952942";"-68.61621";"-299.4623";"-3.640259";"-63.40857";"-143.6316";"-9.952942";"-68.61621";"-299.4623";"-3.640259";"-63.40857"
"25375.35";"-143.5331";"-9.908386";"-68.61621";"-299.4623";"-3.485107";"-63.3418";"-143.5331";"-9.908386";"-68.61621";"-299.4623";"-3.485107";"-63.3418"
"25383.69";"-143.397";"-9.720703";"-68.61621";"-299.4623";"-3.392944";"-63.35992";"-143.397";"-9.720703";"-68.61621";"-299.4623";"-3.392944";"-63.35992"
"25392.03";"-143.3411";"-9.718201";"-68.61621";"-299.4623";"-4.689392";"-64.03876";"-143.3411";"-9.718201";"-68.61621";"-299.4623";"-4.689392";"-64.03876"
"25400.38";"-143.1964";"-9.702637";"-68.61621";"-299.4623";"-4.945068";"-64.03369";"-143.1964";"-9.702637";"-68.61621";"-299.4623";"-4.945068";"-64.03369"
"25408.72";"-143.136";"-9.659546";"-68.61621";"-299.4623";"-4.821594";"-64.08618";"-143.136";"-9.659546";"-68.61621";"-299.4623";"-4.821594";"-64.08618"
"25417.06";"-142.9762";"-9.640869";"-68.61621";"-299.4623";"-4.71521";"-64.06525";"-142.9762";"-9.640869";"-68.61621";"-299.4623";"-4.71521";"-64.06525"
"25425.4";"-142.9086";"-9.538757";"-68.61621";"-299.4623";"-4.595581";"-64.10907";"-142.9086";"-9.538757";"-68.61621";"-299.4623";"-4.595581";"-64.10907"
"25433.74";"-142.5952";"-9.492432";"-68.61621";"-299.4623";"-4.512878";"-64.11993";"-142.5952";"-9.492432";"-68.61621";"-299.4623";"-4.512878";"-64.11993"
"25442.08";"-142.4925";"-9.364807";"-68.61621";"-299.4623";"-4.420105";"-64.1098";"-142.4925";"-9.364807";"-68.61621";"-299.4623";"-4.420105";"-64.1098"
"25450.43";"-142.3416";"-9.298645";"-68.61621";"-299.4623";"-4.266541";"-64.12885";"-142.3416";"-9.298645";"-68.61621";"-299.4623";"-4.266541";"-64.12885"
"25458.77";"-142.2097";"-9.250305";"-68.61621";"-299.4623";"-4.180603";"-64.12946";"-142.2097";"-9.250305";"-68.61621";"-299.4623";"-4.180603";"-64.12946"
"25467.11";"-142.1738";"-9.178223";"-68.61621";"-299.4623";"-4.029297";"-64.19073";"-142.1738";"-9.178223";"-68.61621";"-299.4623";"-4.029297";"-64.19073"
"25475.45";"-141.9954";"-9.15271";"-68.61621";"-299.4623";"-3.927307";"-64.24286";"-141.9954";"-9.15271";"-68.61621";"-299.4623";"-3.927307";"-64.24286"
"25483.79";"-141.9302";"-9.122437";"-68.61621";"-299.4623";"-3.810547";"-64.24561";"-141.9302";"-9.122437";"-68.61621";"-299.4623";"-3.810547";"-64.24561"
"25492.13";"-141.7281";"-9.04718";"-68.61621";"-299.4623";"-3.698242";"-64.28876";"-141.7281";"-9.04718";"-68.61621";"-299.4623";"-3.698242";"-64.28876"
"25500.47";"-141.6396";"-9.023315";"-68.61621";"-299.4623";"-3.576477";"-64.2699";"-141.6396";"-9.023315";"-68.61621";"-299.4623";"-3.576477";"-64.2699"
"25508.82";"-141.5303";"-8.920654";"-68.61621";"-299.4623";"-3.480469";"-64.24933";"-141.5303";"-8.920654";"-68.61621";"-299.4623";"-3.480469";"-64.24933"
"25517.16";"-141.3776";"-8.821167";"-68.61621";"-299.4623";"-3.313171";"-64.25488";"-141.3776";"-8.821167";"-68.61621";"-299.4623";"-3.313171";"-64.25488"
"25525.5";"-141.2208";"-8.779785";"-68.61621";"-299.4623";"-2.741577";"-64.26947";"-141.2208";"-8.779785";"-68.61621";"-299.4623";"-2.741577";"-64.26947"
"25533.84";"-141.1376";"-8.749329";"-68.61621";"-299.4623";"-2.852905";"-64.05658";"-141.1376";"-8.749329";"-68.61621";"-299.4623";"-2.852905";"-64.05658"
"25542.18";"-140.9835";"-8.632996";"-68.61621";"-299.4623";"-2.704834";"-64.10291";"-140.9835";"-8.632996";"-68.61621";"-299.4623";"-2.704834";"-64.10291"
"25550.53";"-140.8906";"-8.639893";"-68.61621";"-299.4623";"-2.593018";"-64.10974";"-140.8906";"-8.639893";"-68.61621";"-299.4623";"-2.593018";"-64.10974"
"25558.87";"-140.7108";"-8.60144";"-68.61621";"-299.4623";"-2.454834";"-64.039";"-140.7108";"-8.60144";"-68.61621";"-299.4623";"-2.454834";"-64.039"
"25567.21";"-140.4709";"-8.386902";"-68.61621";"-299.4623";"-2.31012";"-64.05878";"-140.4709";"-8.386902";"-68.61621";"-299.4623";"-2.31012";"-64.05878"
"25575.55";"-140.3842";"-8.360229";"-68.61621";"-299.4623";"-2.194946";"-64.09448";"-140.3842";"-8.360229";"-68.61621";"-299.4623";"-2.194946";"-64.09448"
"25583.89";"-140.2179";"-8.340515";"-68.61621";"-299.4623";"-2.083191";"-64.11292";"-140.2179";"-8.340515";"-68.61621";"-299.4623";"-2.083191";"-64.11292"
"25592.23";"-140.0652";"-8.272156";"-68.61621";"-299.4623";"-2.017212";"-64.13037";"-140.0652";"-8.272156";"-68.61621";"-299.4623";"-2.017212";"-64.13037"
"25600.57";"-139.9904";"-8.223511";"-68.61621";"-299.4623";"-1.869019";"-64.16364";"-139.9904";"-8.223511";"-68.61621";"-299.4623";"-1.869019";"-64.16364"
"25608.92";"-139.8851";"-8.224304";"-68.61621";"-299.4623";"-1.805908";"-64.1958";"-139.8851";"-8.224304";"-68.61621";"-299.4623";"-1.805908";"-64.1958"
"25617.26";"-139.6721";"-8.146667";"-68.61621";"-299.4623";"-1.650879";"-64.21808";"-139.6721";"-8.146667";"-68.61621";"-299.4623";"-1.650879";"-64.21808"
"25625.6";"-139.5452";"-8.09967";"-68.61621";"-299.4623";"-1.544922";"-64.27637";"-139.5452";"-8.09967";"-68.61621";"-299.4623";"-1.544922";"-64.27637"
"25633.94";"-139.4363";"-7.94281";"-68.61621";"-299.4623";"-1.419983";"-64.15527";"-139.4363";"-7.94281";"-68.61621";"-299.4623";"-1.419983";"-64.15527"
"25642.28";"-139.338";"-7.924561";"-68.61621";"-299.4623";"-1.20343";"-64.1806";"-139.338";"-7.924561";"-68.61621";"-299.4623";"-1.20343";"-64.1806"
"25650.63";"-139.2038";"-7.901978";"-68.61621";"-299.4623";"-1.112793";"-64.2558";"-139.2038";"-7.901978";"-68.61621";"-299.4623";"-1.112793";"-64.2558"
"25658.97";"-139.134";"-7.849426";"-68.61621";"-299.4623";"-1.023254";"-64.23706";"-139.134";"-7.849426";"-68.61621";"-299.4623";"-1.023254";"-64.23706"
"25667.31";"-138.9633";"-7.767273";"-68.61621";"-299.4623";"-0.56073";"-65.57001";"-138.9633";"-7.767273";"-68.61621";"-299.4623";"-0.56073";"-65.57001"
"25675.65";"-138.9283";"-7.743591";"-68.61621";"-299.4623";"-0.824707";"-64.33423";"-138.9283";"-7.743591";"-68.61621";"-299.4623";"-0.824707";"-64.33423"
"25683.99";"-138.7288";"-7.669556";"-68.61621";"-299.4623";"-0.6740112";"-64.82068";"-138.7288";"-7.669556";"-68.61621";"-299.4623";"-0.6740112";"-64.82068"
"25692.33";"-138.5507";"-7.639221";"-68.61621";"-299.4623";"-0.8838501";"-65.09222";"-138.5507";"-7.639221";"-68.61621";"-299.4623";"-0.8838501";"-65.09222"
"25700.68";"-138.9742";"-7.957825";"-68.61621";"-299.4623";"-0.7559204";"-65.07404";"-138.9742";"-7.957825";"-68.61621";"-299.4623";"-0.7559204";"-65.07404"
"25709.02";"-138.8098";"-7.942932";"-68.61621";"-299.4623";"-0.6225586";"-65.1012";"-138.8098";"-7.942932";"-68.61621";"-299.4623";"-0.6225586";"-65.1012"
"25717.36";"-138.7135";"-7.89093";"-68.61621";"-299.4623";"-0.4378052";"-64.9906";"-138.7135";"-7.89093";"-68.61621";"-299.4623";"-0.4378052";"-64.9906"
"25725.7";"-138.4974";"-7.844971";"-68.61621";"-299.4623";"-0.3575439";"-65.00024";"-138.4974";"-7.844971";"-68.61621";"-299.4623";"-0.3575439";"-65.00024"
"25734.04";"-138.3967";"-7.692566";"-68.61621";"-299.4623";"-0.196106";"-65.06323";"-138.3967";"-7.692566";"-68.61621";"-299.4623";"-0.196106";"-65.06323"
"25742.38";"-138.1806";"-7.679016";"-68.61621";"-299.4623";"-0.09606934";"-65.0918";"-138.1806";"-7.679016";"-68.61621";"-299.4623";"-0.09606934";"-65.0918"
"25750.72";"-138.1245";"-7.61615";"-68.61621";"-299.4623";"0.02667236";"-65.12665";"-138.1245";"-7.61615";"-68.61621";"-299.4623";"0.02667236";"-65.12665"
"25759.07";"-137.9542";"-7.554993";"-68.61621";"-299.4623";"0.1971436";"-65.18225";"-137.9542";"-7.554993";"-68.61621";"-299.4623";"0.1971436";"-65.18225"
"25767.41";"-137.8602";"-7.405396";"-68.61621";"-299.4623";"0.3098145";"-65.20776";"-137.8602";"-7.405396";"-68.61621";"-299.4623";"0.3098145";"-65.20776"
"25775.75";"-137.7764";"-7.382324";"-68.61621";"-299.4623";"0.4752197";"-65.24988";"-137.7764";"-7.382324";"-68.61621";"-299.4623";"0.4752197";"-65.24988"
"25784.09";"-137.5496";"-7.315247";"-68.61621";"-299.4623";"0.5993652";"-65.10608";"-137.5496";"-7.315247";"-68.61621";"-299.4623";"0.5993652";"-65.10608"
"25792.43";"-137.3792";"-7.285706";"-68.61621";"-299.4623";"0.09008789";"-66.07306";"-137.3792";"-7.285706";"-68.61621";"-299.4623";"0.09008789";"-66.07306"
"25800.78";"-137.2518";"-7.172791";"-68.61621";"-299.4623";"0.12146";"-66.02252";"-137.2518";"-7.172791";"-68.61621";"-299.4623";"0.12146";"-66.02252"
"25809.12";"-137.1577";"-7.141418";"-68.61621";"-299.4623";"0.2016602";"-66.05383";"-137.1577";"-7.141418";"-68.61621";"-299.4623";"0.2016602";"-66.05383"
"25817.46";"-137.02";"-7.028381";"-68.61621";"-299.4623";"0.3812866";"-66.12396";"-137.02";"-7.028381";"-68.61621";"-299.4623";"0.3812866";"-66.12396"
"25825.8";"-136.9129";"-7.001587";"-68.61621";"-299.4623";"0.560791";"-65.94177";"-136.9129";"-7.001587";"-68.61621";"-299.4623";"0.560791";"-65.94177"
"25834.14";"-136.7202";"-6.970215";"-68.61621";"-299.4623";"0.6818237";"-66.00598";"-136.7202";"-6.970215";"-68.61621";"-299.4623";"0.6818237";"-66.00598"
"25842.48";"-136.4865";"-6.938599";"-68.61621";"-299.4623";"0.7609253";"-66.00781";"-136.4865";"-6.938599";"-68.61621";"-299.4623";"0.7609253";"-66.00781"
"25850.82";"-136.4028";"-6.835876";"-68.61621";"-299.4623";"0.9155884";"-66.03406";"-136.4028";"-6.835876";"-68.61621";"-299.4623";"0.9155884";"-66.03406"
"25859.17";"-136.2399";"-6.803162";"-68.61621";"-299.4623";"1.041199";"-66.0636";"-136.2399";"-6.803162";"-68.61621";"-299.4623";"1.041199";"-66.0636"
"25867.51";"-136.1525";"-6.760864";"-68.61621";"-299.4623";"1.207947";"-66.06799";"-136.1525";"-6.760864";"-68.61621";"-299.4623";"1.207947";"-66.06799"
"25875.85";"-135.9756";"-6.694336";"-68.61621";"-299.4623";"1.262695";"-66.13171";"-135.9756";"-6.694336";"-68.61621";"-299.4623";"1.262695";"-66.13171"
"25884.19";"-135.8932";"-6.490173";"-68.61621";"-299.4623";"1.470154";"-66.16431";"-135.8932";"-6.490173";"-68.61621";"-299.4623";"1.470154";"-66.16431"
"25892.53";"-135.6543";"-6.482788";"-68.61621";"-299.4623";"1.65564";"-65.98322";"-135.6543";"-6.482788";"-68.61621";"-299.4623";"1.65564";"-65.98322"
"25900.88";"-135.5785";"-6.425964";"-68.61621";"-299.4623";"1.754395";"-65.99933";"-135.5785";"-6.425964";"-68.61621";"-299.4623";"1.754395";"-65.99933"
"25909.22";"-135.339";"-6.375916";"-68.61621";"-299.4623";"1.823364";"-66.00378";"-135.339";"-6.375916";"-68.61621";"-299.4623";"1.823364";"-66.00378"
"25917.56";"-135.261";"-6.271484";"-68.61621";"-299.4623";"2.002625";"-66.07593";"-135.261";"-6.271484";"-68.61621";"-299.4623";"2.002625";"-66.07593"
"25925.9";"-135.083";"-6.237854";"-68.61621";"-299.4623";"2.082214";"-66.11798";"-135.083";"-6.237854";"-68.61621";"-299.4623";"2.082214";"-66.11798"
"25934.24";"-134.9921";"-6.189575";"-68.61621";"-299.4623";"2.201294";"-66.17291";"-134.9921";"-6.189575";"-68.61621";"-299.4623";"2.201294";"-66.17291"
"25942.58";"-134.8464";"-6.147034";"-68.61621";"-299.4623";"2.431335";"-66.20325";"-134.8464";"-6.147034";"-68.61621";"-299.4623";"2.431335";"-66.20325"
"25950.93";"-134.7374";"-6.061707";"-68.61621";"-299.4623";"2.525269";"-66.01056";"-134.7374";"-6.061707";"-68.61621";"-299.4623";"2.525269";"-66.01056"
"25959.27";"-134.486";"-6.049255";"-68.61621";"-299.4623";"2.70105";"-65.99066";"-134.486";"-6.049255";"-68.61621";"-299.4623";"2.70105";"-65.99066"
"25967.61";"-134.3807";"-5.95636";"-68.61621";"-299.4623";"2.797791";"-66.04211";"-134.3807";"-5.95636";"-68.61621";"-299.4623";"2.797791";"-66.04211"
"25975.95";"-134.1934";"-5.930054";"-68.61621";"-299.4623";"2.484497";"-66.23767";"-134.1934";"-5.930054";"-68.61621";"-299.4623";"2.484497";"-66.23767"
"25984.29";"-134.091";"-5.833679";"-68.61621";"-299.4623";"2.066528";"-65.99884";"-134.091";"-5.833679";"-68.61621";"-299.4623";"2.066528";"-65.99884"
"25992.63";"-133.9804";"-5.742065";"-68.61621";"-299.4623";"2.276855";"-66.02026";"-133.9804";"-5.742065";"-68.61621";"-299.4623";"2.276855";"-66.02026"
"26000.97";"-133.8397";"-5.721558";"-68.61621";"-299.4623";"2.3396";"-66.01917";"-133.8397";"-5.721558";"-68.61621";"-299.4623";"2.3396";"-66.01917"
"26009.32";"-133.6973";"-5.661377";"-68.61621";"-299.4623";"2.538025";"-65.89441";"-133.6973";"-5.661377";"-68.61621";"-299.4623";"2.538025";"-65.89441"
"26017.66";"-133.5345";"-5.599365";"-68.61621";"-299.4623";"2.66272";"-65.93329";"-133.5345";"-5.599365";"-68.61621";"-299.4623";"2.66272";"-65.93329"
"26026";"-133.3244";"-5.521423";"-68.61621";"-299.4623";"2.825745";"-65.95685";"-133.3244";"-5.521423";"-68.61621";"-299.4623";"2.825745";"-65.95685"
"26034.34";"-133.2751";"-5.398315";"-68.61621";"-299.4623";"2.896729";"-65.95044";"-133.2751";"-5.398315";"-68.61621";"-299.4623";"2.896729";"-65.95044"
"26042.68";"-133.0969";"-5.353699";"-68.61621";"-299.4623";"3.074646";"-66.00421";"-133.0969";"-5.353699";"-68.61621";"-299.4623";"3.074646";"-66.00421"
"26051.03";"-133.0007";"-5.263794";"-68.61621";"-299.4623";"3.129395";"-65.98315";"-133.0007";"-5.263794";"-68.61621";"-299.4623";"3.129395";"-65.98315"
"26059.37";"-132.8578";"-5.205688";"-68.61621";"-299.4623";"3.301758";"-66.04327";"-132.8578";"-5.205688";"-68.61621";"-299.4623";"3.301758";"-66.04327"
"26067.71";"-132.6816";"-5.179565";"-68.61621";"-299.4623";"3.394531";"-66.03503";"-132.6816";"-5.179565";"-68.61621";"-299.4623";"3.394531";"-66.03503"
"26076.05";"-132.4732";"-5.139282";"-68.61621";"-299.4623";"3.611877";"-65.90472";"-132.4732";"-5.139282";"-68.61621";"-299.4623";"3.611877";"-65.90472"
"26084.39";"-132.3521";"-5.074646";"-68.61621";"-299.4623";"3.777466";"-65.92615";"-132.3521";"-5.074646";"-68.61621";"-299.4623";"3.777466";"-65.92615"
"26092.73";"-132.1774";"-5.013733";"-68.61621";"-299.4623";"3.812927";"-65.95679";"-132.1774";"-5.013733";"-68.61621";"-299.4623";"3.812927";"-65.95679"
"26101.07";"-132.0596";"-4.953735";"-68.61621";"-299.4623";"3.995544";"-65.98322";"-132.0596";"-4.953735";"-68.61621";"-299.4623";"3.995544";"-65.98322"
"26109.42";"-131.8887";"-4.896301";"-68.61621";"-299.4623";"4.127502";"-66.04083";"-131.8887";"-4.896301";"-68.61621";"-299.4623";"4.127502";"-66.04083"
"26117.76";"-131.7576";"-4.79657";"-68.61621";"-299.4623";"4.249329";"-66.10608";"-131.7576";"-4.79657";"-68.61621";"-299.4623";"4.249329";"-66.10608"
"26126.1";"-131.5458";"-4.751343";"-68.61621";"-299.4623";"4.489685";"-66.19415";"-131.5458";"-4.751343";"-68.61621";"-299.4623";"4.489685";"-66.19415"
"26134.44";"-131.3912";"-4.751587";"-68.61621";"-299.4623";"4.591614";"-66.03137";"-131.3912";"-4.751587";"-68.61621";"-299.4623";"4.591614";"-66.03137"
"26142.78";"-131.2404";"-4.617798";"-68.61621";"-299.4623";"4.786621";"-66.03033";"-131.2404";"-4.617798";"-68.61621";"-299.4623";"4.786621";"-66.03033"
"26151.13";"-131.0706";"-4.500793";"-68.61621";"-299.4623";"4.914001";"-66.08221";"-131.0706";"-4.500793";"-68.61621";"-299.4623";"4.914001";"-66.08221"
"26159.47";"-131.0139";"-4.429688";"-68.61621";"-299.4623";"4.993591";"-66.08209";"-131.0139";"-4.429688";"-68.61621";"-299.4623";"4.993591";"-66.08209"
"26167.81";"-130.8431";"-4.366089";"-68.61621";"-299.4623";"4.520813";"-67.07172";"-130.8431";"-4.366089";"-68.61621";"-299.4623";"4.520813";"-67.07172"
"26176.15";"-130.6541";"-4.312256";"-68.61621";"-299.4623";"5.152527";"-67.00537";"-130.6541";"-4.312256";"-68.61621";"-299.4623";"5.152527";"-67.00537"
"26184.49";"-130.4564";"-4.223145";"-68.61621";"-299.4623";"5.302673";"-67.00653";"-130.4564";"-4.223145";"-68.61621";"-299.4623";"5.302673";"-67.00653"
"26192.83";"-130.2859";"-4.203796";"-68.61621";"-299.4623";"5.453857";"-67.03558";"-130.2859";"-4.203796";"-68.61621";"-299.4623";"5.453857";"-67.03558"
"26201.18";"-130.1781";"-4.11792";"-68.61621";"-299.4623";"5.601379";"-67.0625";"-130.1781";"-4.11792";"-68.61621";"-299.4623";"5.601379";"-67.0625"
"26209.52";"-130.0385";"-4.052429";"-68.61621";"-299.4623";"5.663879";"-67.06024";"-130.0385";"-4.052429";"-68.61621";"-299.4623";"5.663879";"-67.06024"
"26217.86";"-129.8475";"-4.009888";"-68.61621";"-299.4623";"5.859558";"-67.07361";"-129.8475";"-4.009888";"-68.61621";"-299.4623";"5.859558";"-67.07361"
"26226.2";"-129.7056";"-3.963928";"-68.61621";"-299.4623";"5.974731";"-67.04761";"-129.7056";"-3.963928";"-68.61621";"-299.4623";"5.974731";"-67.04761"
"26234.54";"-129.4774";"-3.896423";"-68.61621";"-299.4623";"6.108215";"-67.0672";"-129.4774";"-3.896423";"-68.61621";"-299.4623";"6.108215";"-67.0672"
"26242.88";"-129.368";"-3.893799";"-68.61621";"-299.4623";"6.245972";"-67.06921";"-129.368";"-3.893799";"-68.61621";"-299.4623";"6.245972";"-67.06921"
"26251.22";"-129.2113";"-3.800659";"-68.61621";"-299.4623";"6.391052";"-67.0874";"-129.2113";"-3.800659";"-68.61621";"-299.4623";"6.391052";"-67.0874"
"26259.57";"-129.0707";"-3.73645";"-68.61621";"-299.4623";"6.584839";"-67.1001";"-129.0707";"-3.73645";"-68.61621";"-299.4623";"6.584839";"-67.1001"
"26267.91";"-128.9303";"-3.643311";"-68.61621";"-299.4623";"6.71344";"-67.13165";"-128.9303";"-3.643311";"-68.61621";"-299.4623";"6.71344";"-67.13165"
"26276.25";"-128.7488";"-3.60144";"-68.61621";"-299.4623";"6.854309";"-67.13947";"-128.7488";"-3.60144";"-68.61621";"-299.4623";"6.854309";"-67.13947"
"26284.59";"-128.6135";"-3.450867";"-68.61621";"-299.4623";"6.96875";"-67.09711";"-128.6135";"-3.450867";"-68.61621";"-299.4623";"6.96875";"-67.09711"
"26292.93";"-128.428";"-3.406311";"-68.61621";"-299.4623";"7.050232";"-67.14368";"-128.428";"-3.406311";"-68.61621";"-299.4623";"7.050232";"-67.14368"
"26301.28";"-128.2776";"-3.317139";"-68.61621";"-299.4623";"7.22113";"-67.1369";"-128.2776";"-3.317139";"-68.61621";"-299.4623";"7.22113";"-67.1369"
"26309.62";"-128.1393";"-3.272766";"-68.61621";"-299.4623";"7.053345";"-68.08569";"-128.1393";"-3.272766";"-68.61621";"-299.4623";"7.053345";"-68.08569"
"26317.96";"-128.0656";"-3.223206";"-68.61621";"-299.4623";"7.189697";"-67.94952";"-128.0656";"-3.223206";"-68.61621";"-299.4623";"7.189697";"-67.94952"
"26326.3";"-127.8986";"-3.171448";"-68.61621";"-299.4623";"7.221619";"-67.97363";"-127.8986";"-3.171448";"-68.61621";"-299.4623";"7.221619";"-67.97363"
"26334.64";"-127.7416";"-3.103943";"-68.61621";"-299.4623";"7.410522";"-67.90649";"-127.7416";"-3.103943";"-68.61621";"-299.4623";"7.410522";"-67.90649"
"26342.98";"-127.5349";"-3.05896";"-68.61621";"-299.4623";"7.508484";"-68.0827";"-127.5349";"-3.05896";"-68.61621";"-299.4623";"7.508484";"-68.0827"
"26351.32";"-127.3618";"-3.026062";"-68.61621";"-299.4623";"7.68396";"-68.05212";"-127.3618";"-3.026062";"-68.61621";"-299.4623";"7.68396";"-68.05212"
"26359.67";"-127.1908";"-2.946899";"-68.61621";"-299.4623";"7.816284";"-68.0498";"-127.1908";"-2.946899";"-68.61621";"-299.4623";"7.816284";"-68.0498"
"26368.01";"-127.1096";"-2.856262";"-68.61621";"-299.4623";"7.945984";"-68.01941";"-127.1096";"-2.856262";"-68.61621";"-299.4623";"7.945984";"-68.01941"
"26376.35";"-126.9388";"-2.814636";"-68.61621";"-299.4623";"8.088745";"-68.01691";"-126.9388";"-2.814636";"-68.61621";"-299.4623";"8.088745";"-68.01691"
"26384.69";"-126.7412";"-2.76947";"-68.61621";"-299.4623";"8.235291";"-67.99139";"-126.7412";"-2.76947";"-68.61621";"-299.4623";"8.235291";"-67.99139"
"26393.03";"-126.4771";"-2.746338";"-68.61621";"-299.4623";"8.310608";"-68.00922";"-126.4771";"-2.746338";"-68.61621";"-299.4623";"8.310608";"-68.00922"
"26401.38";"-126.3664";"-2.563782";"-68.61621";"-299.4623";"8.538147";"-68.1745";"-126.3664";"-2.563782";"-68.61621";"-299.4623";"8.538147";"-68.1745"
"26409.72";"-126.205";"-2.517029";"-68.61621";"-299.4623";"8.625";"-68.14783";"-126.205";"-2.517029";"-68.61621";"-299.4623";"8.625";"-68.14783"
"26418.06";"-126.0867";"-2.468689";"-68.61621";"-299.4623";"8.793213";"-68.13782";"-126.0867";"-2.468689";"-68.61621";"-299.4623";"8.793213";"-68.13782"
"26426.4";"-125.9512";"-2.389038";"-68.61621";"-299.4623";"8.912476";"-68.11548";"-125.9512";"-2.389038";"-68.61621";"-299.4623";"8.912476";"-68.11548"
"26434.74";"-125.7834";"-2.260193";"-68.61621";"-299.4623";"9.110657";"-68.10663";"-125.7834";"-2.260193";"-68.61621";"-299.4623";"9.110657";"-68.10663"
"26443.08";"-125.4949";"-2.269836";"-68.61621";"-299.4623";"9.190308";"-68.08508";"-125.4949";"-2.269836";"-68.61621";"-299.4623";"9.190308";"-68.08508"
"26451.43";"-125.3561";"-2.195068";"-68.61621";"-299.4623";"9.414917";"-68.07831";"-125.3561";"-2.195068";"-68.61621";"-299.4623";"9.414917";"-68.07831"
"26459.77";"-125.2217";"-2.147888";"-68.61621";"-299.4623";"9.197693";"-67.95221";"-125.2217";"-2.147888";"-68.61621";"-299.4623";"9.197693";"-67.95221"
"26468.11";"-125.0501";"-2.093994";"-68.61621";"-299.4623";"8.033691";"-68.58252";"-125.0501";"-2.093994";"-68.61621";"-299.4623";"8.033691";"-68.58252"
"26476.45";"-124.8766";"-2.039917";"-68.61621";"-299.4623";"9.37915";"-67.93274";"-124.8766";"-2.039917";"-68.61621";"-299.4623";"9.37915";"-67.93274"
"26484.79";"-124.7411";"-1.928223";"-68.61621";"-299.4623";"9.178162";"-67.95575";"-124.7411";"-1.928223";"-68.61621";"-299.4623";"9.178162";"-67.95575"
"26493.13";"-124.4946";"-1.89502";"-68.61621";"-299.4623";"9.223755";"-67.94165";"-124.4946";"-1.89502";"-68.61621";"-299.4623";"9.223755";"-67.94165"
"26501.47";"-124.3541";"-1.802307";"-68.61621";"-299.4623";"9.438538";"-67.90863";"-124.3541";"-1.802307";"-68.61621";"-299.4623";"9.438538";"-67.90863"
"26509.82";"-124.1608";"-1.739685";"-68.61621";"-299.4623";"9.555786";"-68.10028";"-124.1608";"-1.739685";"-68.61621";"-299.4623";"9.555786";"-68.10028"
"26518.16";"-124.0405";"-1.626526";"-68.61621";"-299.4623";"9.732788";"-68.07935";"-124.0405";"-1.626526";"-68.61621";"-299.4623";"9.732788";"-68.07935"
"26526.5";"-123.8653";"-1.585999";"-68.61621";"-299.4623";"9.813843";"-68.05975";"-123.8653";"-1.585999";"-68.61621";"-299.4623";"9.813843";"-68.05975"
"26534.84";"-123.683";"-1.495667";"-68.61621";"-299.4623";"10.00482";"-68.03198";"-123.683";"-1.495667";"-68.61621";"-299.4623";"10.00482";"-68.03198"
"26543.18";"-123.5621";"-1.426636";"-68.61621";"-299.4623";"10.09076";"-68.0473";"-123.5621";"-1.426636";"-68.61621";"-299.4623";"10.09076";"-68.0473"
"26551.53";"-123.3467";"-1.301514";"-68.61621";"-299.4623";"10.26306";"-68.01556";"-123.3467";"-1.301514";"-68.61621";"-299.4623";"10.26306";"-68.01556"
"26559.87";"-123.1671";"-1.280334";"-68.61621";"-299.4623";"10.34869";"-68.0249";"-123.1671";"-1.280334";"-68.61621";"-299.4623";"10.34869";"-68.0249"
"26568.21";"-123.0734";"-1.223328";"-68.61621";"-299.4623";"9.714478";"-68.9848";"-123.0734";"-1.223328";"-68.61621";"-299.4623";"9.714478";"-68.9848"
"26576.55";"-122.9003";"-1.173096";"-68.61621";"-299.4623";"10.09766";"-68.99182";"-122.9003";"-1.173096";"-68.61621";"-299.4623";"10.09766";"-68.99182"
"26584.89";"-122.767";"-1.08606";"-68.61621";"-299.4623";"10.22894";"-68.97552";"-122.767";"-1.08606";"-68.61621";"-299.4623";"10.22894";"-68.97552"
"26593.23";"-122.5019";"-1.051331";"-68.61621";"-299.4623";"10.35822";"-68.97217";"-122.5019";"-1.051331";"-68.61621";"-299.4623";"10.35822";"-68.97217"
"26601.57";"-122.3583";"-0.9692993";"-68.61621";"-299.4623";"10.55627";"-69.09204";"-122.3583";"-0.9692993";"-68.61621";"-299.4623";"10.55627";"-69.09204"
"26609.92";"-122.1934";"-0.9074097";"-68.61621";"-299.4623";"10.63403";"-69.0954";"-122.1934";"-0.9074097";"-68.61621";"-299.4623";"10.63403";"-69.0954"
"26618.26";"-122.0683";"-0.8009033";"-68.61621";"-299.4623";"10.7757";"-69.05811";"-122.0683";"-0.8009033";"-68.61621";"-299.4623";"10.7757";"-69.05811"
"26626.6";"-121.8645";"-0.7727661";"-68.61621";"-299.4623";"10.91376";"-69.06622";"-121.8645";"-0.7727661";"-68.61621";"-299.4623";"10.91376";"-69.06622"
"26634.94";"-121.6936";"-0.6953735";"-68.61621";"-299.4623";"11.06702";"-69.03162";"-121.6936";"-0.6953735";"-68.61621";"-299.4623";"11.06702";"-69.03162"
"26643.28";"-121.4221";"-0.6586914";"-68.61621";"-299.4623";"11.16583";"-69.03717";"-121.4221";"-0.6586914";"-68.61621";"-299.4623";"11.16583";"-69.03717"
"26651.63";"-121.2632";"-0.522522";"-68.61621";"-299.4623";"11.33142";"-69.0166";"-121.2632";"-0.522522";"-68.61621";"-299.4623";"11.33142";"-69.0166"
"26659.97";"-121.1017";"-0.4534912";"-68.61621";"-299.4623";"11.45264";"-69.05255";"-121.1017";"-0.4534912";"-68.61621";"-299.4623";"11.45264";"-69.05255"
"26668.31";"-120.9913";"-0.3865967";"-68.61621";"-299.4623";"11.65369";"-69.13385";"-120.9913";"-0.3865967";"-68.61621";"-299.4623";"11.65369";"-69.13385"
"26676.65";"-120.8005";"-0.3287354";"-68.61621";"-299.4623";"11.71912";"-69.14063";"-120.8005";"-0.3287354";"-68.61621";"-299.4623";"11.71912";"-69.14063"
"26684.99";"-120.6576";"-0.2695313";"-68.61621";"-299.4623";"11.9231";"-69.1134";"-120.6576";"-0.2695313";"-68.61621";"-299.4623";"11.9231";"-69.1134"
"26693.33";"-120.3754";"-0.213562";"-68.61621";"-299.4623";"11.95447";"-69.11841";"-120.3754";"-0.213562";"-68.61621";"-299.4623";"11.95447";"-69.11841"
"26701.68";"-120.2156";"-0.1220093";"-68.61621";"-299.4623";"12.16217";"-69.1153";"-120.2156";"-0.1220093";"-68.61621";"-299.4623";"12.16217";"-69.1153"
"26710.02";"-120.061";"-0.0826416";"-68.61621";"-299.4623";"12.33069";"-69.11041";"-120.061";"-0.0826416";"-68.61621";"-299.4623";"12.33069";"-69.11041"
"26718.36";"-119.9287";"-0.0222168";"-68.61621";"-299.4623";"12.42657";"-69.10925";"-119.9287";"-0.0222168";"-68.61621";"-299.4623";"12.42657";"-69.10925"
"26726.7";"-119.7031";"0.02618408";"-68.61621";"-299.4623";"12.57147";"-69.23151";"-119.7031";"0.02618408";"-68.61621";"-299.4623";"12.57147";"-69.23151"
"26735.04";"-119.4366";"0.1345825";"-68.61621";"-299.4623";"12.7157";"-69.20154";"-119.4366";"0.1345825";"-68.61621";"-299.4623";"12.7157";"-69.20154"
"26743.38";"-119.3644";"0.1921997";"-68.61621";"-299.4623";"12.81146";"-69.19788";"-119.3644";"0.1921997";"-68.61621";"-299.4623";"12.81146";"-69.19788"
"26751.72";"-119.1727";"0.276001";"-68.61621";"-299.4623";"12.93878";"-69.18506";"-119.1727";"0.276001";"-68.61621";"-299.4623";"12.93878";"-69.18506"
"26760.07";"-119.0141";"0.3169556";"-68.61621";"-299.4623";"13.03943";"-69.19348";"-119.0141";"0.3169556";"-68.61621";"-299.4623";"13.03943";"-69.19348"
"26768.41";"-118.8475";"0.4137573";"-68.61621";"-299.4623";"13.23199";"-69.19049";"-118.8475";"0.4137573";"-68.61621";"-299.4623";"13.23199";"-69.19049"
"26776.75";"-118.6497";"0.4605713";"-68.61621";"-299.4623";"13.30798";"-69.1933";"-118.6497";"0.4605713";"-68.61621";"-299.4623";"13.30798";"-69.1933"
"26785.09";"-118.453";"0.6243286";"-68.61621";"-299.4623";"13.47565";"-69.19263";"-118.453";"0.6243286";"-68.61621";"-299.4623";"13.47565";"-69.19263"
"26793.43";"-118.2465";"0.6468506";"-68.61621";"-299.4623";"13.59589";"-69.29254";"-118.2465";"0.6468506";"-68.61621";"-299.4623";"13.59589";"-69.29254"
"26801.78";"-118.1208";"0.7332764";"-68.61621";"-299.4623";"13.72278";"-69.27966";"-118.1208";"0.7332764";"-68.61621";"-299.4623";"13.72278";"-69.27966"
"26810.12";"-117.928";"0.7713623";"-68.61621";"-299.4623";"13.83057";"-69.29865";"-117.928";"0.7713623";"-68.61621";"-299.4623";"13.83057";"-69.29865"
"26818.46";"-117.7769";"0.8916626";"-68.61621";"-299.4623";"13.64081";"-70.54858";"-117.7769";"0.8916626";"-68.61621";"-299.4623";"13.64081";"-70.54858"
"26826.8";"-117.5795";"0.9489136";"-68.61621";"-299.4623";"14.00861";"-69.34869";"-117.5795";"0.9489136";"-68.61621";"-299.4623";"14.00861";"-69.34869"
"26835.14";"-117.3461";"0.9733887";"-68.61621";"-299.4623";"13.73956";"-70.28076";"-117.3461";"0.9733887";"-68.61621";"-299.4623";"13.73956";"-70.28076"
"26843.48";"-117.2023";"1.018494";"-68.61621";"-299.4623";"14.09369";"-70.02374";"-117.2023";"1.018494";"-68.61621";"-299.4623";"14.09369";"-70.02374"
"26851.82";"-117.0037";"1.127319";"-68.61621";"-299.4623";"14.24982";"-70.01477";"-117.0037";"1.127319";"-68.61621";"-299.4623";"14.24982";"-70.01477"
"26860.17";"-116.824";"1.147705";"-68.61621";"-299.4623";"14.37653";"-70.01666";"-116.824";"1.147705";"-68.61621";"-299.4623";"14.37653";"-70.01666"
"26868.51";"-116.6523";"1.190796";"-68.61621";"-299.4623";"14.61841";"-70.08862";"-116.6523";"1.190796";"-68.61621";"-299.4623";"14.61841";"-70.08862"
"26876.85";"-116.4119";"1.26123";"-68.61621";"-299.4623";"14.71936";"-70.08319";"-116.4119";"1.26123";"-68.61621";"-299.4623";"14.71936";"-70.08319"
"26885.19";"-116.2621";"1.437256";"-68.61621";"-299.4623";"14.7644";"-70.09204";"-116.2621";"1.437256";"-68.61621";"-299.4623";"14.7644";"-70.09204"
"26893.53";"-116.117";"1.4823";"-68.61621";"-299.4623";"14.97229";"-70.08484";"-116.117";"1.4823";"-68.61621";"-299.4623";"14.97229";"-70.08484"
"26901.88";"-115.9816";"1.598083";"-68.61621";"-299.4623";"15.08185";"-70.08069";"-115.9816";"1.598083";"-68.61621";"-299.4623";"15.08185";"-70.08069"
"26910.22";"-115.7524";"1.623474";"-68.61621";"-299.4623";"15.13953";"-70.08179";"-115.7524";"1.623474";"-68.61621";"-299.4623";"15.13953";"-70.08179"
"26918.56";"-115.5911";"1.681396";"-68.61621";"-299.4623";"15.31573";"-70.0733";"-115.5911";"1.681396";"-68.61621";"-299.4623";"15.31573";"-70.0733"
"26926.9";"-115.3509";"1.718933";"-68.61621";"-299.4623";"15.56677";"-70.14984";"-115.3509";"1.718933";"-68.61621";"-299.4623";"15.56677";"-70.14984"
"26935.24";"-115.22";"1.810486";"-68.61621";"-299.4623";"15.59955";"-70.14465";"-115.22";"1.810486";"-68.61621";"-299.4623";"15.59955";"-70.14465"
"26943.58";"-115.0994";"1.868408";"-68.61621";"-299.4623";"15.67883";"-70.1712";"-115.0994";"1.868408";"-68.61621";"-299.4623";"15.67883";"-70.1712"
"26951.93";"-114.9207";"1.912231";"-68.61621";"-299.4623";"15.92896";"-70.14014";"-114.9207";"1.912231";"-68.61621";"-299.4623";"15.92896";"-70.14014"
"26960.27";"-114.7071";"1.97052";"-68.61621";"-299.4623";"16.00763";"-70.14227";"-114.7071";"1.97052";"-68.61621";"-299.4623";"16.00763";"-70.14227"
"26968.61";"-114.5014";"2.0672";"-68.61621";"-299.4623";"16.13495";"-70.16229";"-114.5014";"2.0672";"-68.61621";"-299.4623";"16.13495";"-70.16229"
"26976.95";"-114.2623";"2.078613";"-68.61621";"-299.4623";"16.2467";"-70.16498";"-114.2623";"2.078613";"-68.61621";"-299.4623";"16.2467";"-70.16498"
"26985.29";"-114.1003";"2.147156";"-68.61621";"-299.4623";"16.4505";"-70.1546";"-114.1003";"2.147156";"-68.61621";"-299.4623";"16.4505";"-70.1546"
"26993.63";"-113.9384";"2.200745";"-68.61621";"-299.4623";"16.49408";"-70.1618";"-113.9384";"2.200745";"-68.61621";"-299.4623";"16.49408";"-70.1618"
"27001.97";"-113.7356";"2.358887";"-68.61621";"-299.4623";"16.72534";"-70.2608";"-113.7356";"2.358887";"-68.61621";"-299.4623";"16.72534";"-70.2608"
"27010.32";"-113.524";"2.407471";"-68.61621";"-299.4623";"16.7691";"-70.25287";"-113.524";"2.407471";"-68.61621";"-299.4623";"16.7691";"-70.25287"
"27018.66";"-113.3666";"2.53595";"-68.61621";"-299.4623";"16.98883";"-70.24298";"-113.3666";"2.53595";"-68.61621";"-299.4623";"16.98883";"-70.24298"
"27027";"-113.1475";"2.556274";"-68.61621";"-299.4623";"17.104";"-70.2309";"-113.1475";"2.556274";"-68.61621";"-299.4623";"17.104";"-70.2309"
"27035.34";"-112.9567";"2.675903";"-68.61621";"-299.4623";"17.28735";"-70.23358";"-112.9567";"2.675903";"-68.61621";"-299.4623";"17.28735";"-70.23358"
"27043.68";"-112.7757";"2.710022";"-68.61621";"-299.4623";"17.40753";"-70.24121";"-112.7757";"2.710022";"-68.61621";"-299.4623";"17.40753";"-70.24121"
"27052.03";"-112.4826";"2.810974";"-68.61621";"-299.4623";"17.58173";"-70.315";"-112.4826";"2.810974";"-68.61621";"-299.4623";"17.58173";"-70.315"
"27060.37";"-112.3313";"2.83374";"-68.61621";"-299.4623";"17.70844";"-70.30658";"-112.3313";"2.83374";"-68.61621";"-299.4623";"17.70844";"-70.30658"
"27068.71";"-112.1543";"2.885803";"-68.61621";"-299.4623";"17.83331";"-70.31628";"-112.1543";"2.885803";"-68.61621";"-299.4623";"17.83331";"-70.31628"
"27077.05";"-111.9545";"2.936768";"-68.61621";"-299.4623";"17.97717";"-70.31494";"-111.9545";"2.936768";"-68.61621";"-299.4623";"17.97717";"-70.31494"
"27085.39";"-111.8342";"3.069153";"-68.61621";"-299.4623";"18.14423";"-70.31372";"-111.8342";"3.069153";"-68.61621";"-299.4623";"18.14423";"-70.31372"
"27093.73";"-111.5646";"3.072815";"-68.61621";"-299.4623";"18.19788";"-70.32721";"-111.5646";"3.072815";"-68.61621";"-299.4623";"18.19788";"-70.32721"
"27102.07";"-111.308";"3.135681";"-68.61621";"-299.4623";"18.4364";"-70.31061";"-111.308";"3.135681";"-68.61621";"-299.4623";"18.4364";"-70.31061"
"27110.42";"-111.1475";"3.224121";"-68.61621";"-299.4623";"18.52826";"-70.40015";"-111.1475";"3.224121";"-68.61621";"-299.4623";"18.52826";"-70.40015"
"27118.76";"-111.0168";"3.346741";"-68.61621";"-299.4623";"18.69958";"-70.41864";"-111.0168";"3.346741";"-68.61621";"-299.4623";"18.69958";"-70.41864"
"27127.1";"-110.8064";"3.364075";"-68.61621";"-299.4623";"18.27045";"-71.22137";"-110.8064";"3.364075";"-68.61621";"-299.4623";"18.27045";"-71.22137"
"27135.44";"-110.6337";"3.456055";"-68.61621";"-299.4623";"18.18323";"-71.00531";"-110.6337";"3.456055";"-68.61621";"-299.4623";"18.18323";"-71.00531"
"27143.78";"-110.3864";"3.58252";"-68.61621";"-299.4623";"18.28912";"-71.00934";"-110.3864";"3.58252";"-68.61621";"-299.4623";"18.28912";"-71.00934"
"27152.13";"-110.2307";"3.66803";"-68.61621";"-299.4623";"18.45123";"-71.00952";"-110.2307";"3.66803";"-68.61621";"-299.4623";"18.45123";"-71.00952"
"27160.47";"-110.0829";"3.704895";"-68.61621";"-299.4623";"18.60925";"-71.08148";"-110.0829";"3.704895";"-68.61621";"-299.4623";"18.60925";"-71.08148"
"27168.81";"-109.8663";"3.762756";"-68.61621";"-299.4623";"18.76947";"-71.09308";"-109.8663";"3.762756";"-68.61621";"-299.4623";"18.76947";"-71.09308"
"27177.15";"-109.6179";"3.815125";"-68.61621";"-299.4623";"18.85382";"-71.09424";"-109.6179";"3.815125";"-68.61621";"-299.4623";"18.85382";"-71.09424"
"27185.49";"-109.4498";"3.868164";"-68.61621";"-299.4623";"19.01233";"-71.09668";"-109.4498";"3.868164";"-68.61621";"-299.4623";"19.01233";"-71.09668"
"27193.83";"-109.2229";"3.927368";"-68.61621";"-299.4623";"19.17383";"-71.09821";"-109.2229";"3.927368";"-68.61621";"-299.4623";"19.17383";"-71.09821"
"27202.18";"-109.0411";"4.007263";"-68.61621";"-299.4623";"19.2807";"-71.09363";"-109.0411";"4.007263";"-68.61621";"-299.4623";"19.2807";"-71.09363"
"27210.52";"-108.8367";"4.060059";"-68.61621";"-299.4623";"19.36389";"-71.10022";"-108.8367";"4.060059";"-68.61621";"-299.4623";"19.36389";"-71.10022"
"27218.86";"-108.6703";"4.100525";"-68.61621";"-299.4623";"19.57062";"-71.16852";"-108.6703";"4.100525";"-68.61621";"-299.4623";"19.57062";"-71.16852"
"27227.2";"-108.4855";"4.118225";"-68.61621";"-299.4623";"19.63184";"-71.16687";"-108.4855";"4.118225";"-68.61621";"-299.4623";"19.63184";"-71.16687"
"27235.54";"-108.3079";"4.214294";"-68.61621";"-299.4623";"19.82843";"-71.17737";"-108.3079";"4.214294";"-68.61621";"-299.4623";"19.82843";"-71.17737"
"27243.88";"-108.1105";"4.273193";"-68.61621";"-299.4623";"19.92053";"-71.17889";"-108.1105";"4.273193";"-68.61621";"-299.4623";"19.92053";"-71.17889"
"27252.22";"-107.959";"4.433411";"-68.61621";"-299.4623";"20.09296";"-71.16327";"-107.959";"4.433411";"-68.61621";"-299.4623";"20.09296";"-71.16327"
"27260.57";"-107.7444";"4.453125";"-68.61621";"-299.4623";"20.31787";"-71.1535";"-107.7444";"4.453125";"-68.61621";"-299.4623";"20.31787";"-71.1535"
"27268.91";"-107.4706";"4.558289";"-68.61621";"-299.4623";"20.41992";"-71.17273";"-107.4706";"4.558289";"-68.61621";"-299.4623";"20.41992";"-71.17273"
"27277.25";"-107.3005";"4.616638";"-68.61621";"-299.4623";"20.48309";"-71.17773";"-107.3005";"4.616638";"-68.61621";"-299.4623";"20.48309";"-71.17773"
"27285.59";"-107.1505";"4.684326";"-68.61621";"-299.4623";"20.67529";"-71.22375";"-107.1505";"4.684326";"-68.61621";"-299.4623";"20.67529";"-71.22375"
"27293.93";"-106.96";"4.737366";"-68.61621";"-299.4623";"20.77533";"-71.22528";"-106.96";"4.737366";"-68.61621";"-299.4623";"20.77533";"-71.22528"
"27302.28";"-106.7538";"4.857056";"-68.61621";"-299.4623";"20.95221";"-71.23578";"-106.7538";"4.857056";"-68.61621";"-299.4623";"20.95221";"-71.23578"
"27310.62";"-106.4695";"4.877747";"-68.61621";"-299.4623";"21.13208";"-71.24707";"-106.4695";"4.877747";"-68.61621";"-299.4623";"21.13208";"-71.24707"
"27318.96";"-106.3146";"4.976807";"-68.61621";"-299.4623";"21.21954";"-71.24463";"-106.3146";"4.976807";"-68.61621";"-299.4623";"21.21954";"-71.24463"
"27327.3";"-106.1162";"4.977112";"-68.61621";"-299.4623";"21.30005";"-71.24316";"-106.1162";"4.977112";"-68.61621";"-299.4623";"21.30005";"-71.24316"
"27335.64";"-105.9603";"5.092285";"-68.61621";"-299.4623";"21.51923";"-71.30457";"-105.9603";"5.092285";"-68.61621";"-299.4623";"21.51923";"-71.30457"
"27343.98";"-105.7116";"5.123413";"-68.61621";"-299.4623";"21.61627";"-71.30939";"-105.7116";"5.123413";"-68.61621";"-299.4623";"21.61627";"-71.30939"
"27352.32";"-105.4596";"5.179504";"-68.61621";"-299.4623";"21.81525";"-71.31439";"-105.4596";"5.179504";"-68.61621";"-299.4623";"21.81525";"-71.31439"
"27360.67";"-105.2384";"5.219849";"-68.61621";"-299.4623";"22.0202";"-71.31476";"-105.2384";"5.219849";"-68.61621";"-299.4623";"22.0202";"-71.31476"
"27369.01";"-105.0955";"5.37793";"-68.61621";"-299.4623";"22.08862";"-71.29541";"-105.0955";"5.37793";"-68.61621";"-299.4623";"22.08862";"-71.29541"
"27377.35";"-104.8773";"5.422058";"-68.61621";"-299.4623";"22.28113";"-71.30066";"-104.8773";"5.422058";"-68.61621";"-299.4623";"22.28113";"-71.30066"
"27385.69";"-104.6968";"5.575073";"-68.61621";"-299.4623";"22.37036";"-71.30505";"-104.6968";"5.575073";"-68.61621";"-299.4623";"22.37036";"-71.30505"
"27394.03";"-104.4011";"5.587891";"-68.61621";"-299.4623";"22.60742";"-71.37531";"-104.4011";"5.587891";"-68.61621";"-299.4623";"22.60742";"-71.37531"
"27402.38";"-104.2118";"5.651001";"-68.61621";"-299.4623";"22.68964";"-71.38049";"-104.2118";"5.651001";"-68.61621";"-299.4623";"22.68964";"-71.38049"
"27410.72";"-104.0146";"5.793152";"-68.61621";"-299.4623";"22.90723";"-71.37433";"-104.0146";"5.793152";"-68.61621";"-299.4623";"22.90723";"-71.37433"
"27419.06";"-103.7808";"5.846558";"-68.61621";"-299.4623";"22.99677";"-71.39075";"-103.7808";"5.846558";"-68.61621";"-299.4623";"22.99677";"-71.39075"
"27427.4";"-103.4905";"5.851746";"-68.61621";"-299.4623";"23.24542";"-71.38391";"-103.4905";"5.851746";"-68.61621";"-299.4623";"23.24542";"-71.38391"
"27435.74";"-103.3727";"5.918762";"-68.61621";"-299.4623";"23.28882";"-71.41132";"-103.3727";"5.918762";"-68.61621";"-299.4623";"23.28882";"-71.41132"
"27444.08";"-103.1744";"5.960022";"-68.61621";"-299.4623";"23.50543";"-71.45428";"-103.1744";"5.960022";"-68.61621";"-299.4623";"23.50543";"-71.45428"
"27452.43";"-103.0081";"6.062561";"-68.61621";"-299.4623";"23.56207";"-71.46478";"-103.0081";"6.062561";"-68.61621";"-299.4623";"23.56207";"-71.46478"
"27460.77";"-102.7999";"6.099304";"-68.61621";"-299.4623";"23.80334";"-71.47241";"-102.7999";"6.099304";"-68.61621";"-299.4623";"23.80334";"-71.47241"
"27469.11";"-102.5792";"6.168457";"-68.61621";"-299.4623";"23.86194";"-71.48444";"-102.5792";"6.168457";"-68.61621";"-299.4623";"23.86194";"-71.48444"
"27477.45";"-102.3108";"6.199402";"-68.61621";"-299.4623";"24.08154";"-71.4754";"-102.3108";"6.199402";"-68.61621";"-299.4623";"24.08154";"-71.4754"
"27485.79";"-102.1301";"6.320679";"-68.61621";"-299.4623";"24.17328";"-71.47186";"-102.1301";"6.320679";"-68.61621";"-299.4623";"24.17328";"-71.47186"
"27494.13";"-101.959";"6.389099";"-68.61621";"-299.4623";"24.39563";"-71.46857";"-101.959";"6.389099";"-68.61621";"-299.4623";"24.39563";"-71.46857"
"27502.47";"-101.7825";"6.595215";"-68.61621";"-299.4623";"24.55658";"-71.54718";"-101.7825";"6.595215";"-68.61621";"-299.4623";"24.55658";"-71.54718"
"27510.82";"-101.5704";"6.64325";"-68.61621";"-299.4623";"24.6026";"-71.56183";"-101.5704";"6.64325";"-68.61621";"-299.4623";"24.6026";"-71.56183"
"27519.16";"-101.3288";"6.698425";"-68.61621";"-299.4623";"24.80457";"-71.58545";"-101.3288";"6.698425";"-68.61621";"-299.4623";"24.80457";"-71.58545"
"27527.5";"-101.1398";"6.74292";"-68.61621";"-299.4623";"24.94604";"-71.57721";"-101.1398";"6.74292";"-68.61621";"-299.4623";"24.94604";"-71.57721"
"27535.84";"-100.9707";"6.83197";"-68.61621";"-299.4623";"25.0929";"-71.57251";"-100.9707";"6.83197";"-68.61621";"-299.4623";"25.0929";"-71.57251"
"27544.18";"-100.784";"6.88855";"-68.61621";"-299.4623";"25.19415";"-71.57843";"-100.784";"6.88855";"-68.61621";"-299.4623";"25.19415";"-71.57843"
"27552.53";"-100.4728";"6.914185";"-68.61621";"-299.4623";"25.40161";"-71.59827";"-100.4728";"6.914185";"-68.61621";"-299.4623";"25.40161";"-71.59827"
"27560.87";"-100.2476";"6.951172";"-68.61621";"-299.4623";"25.63123";"-71.61981";"-100.2476";"6.951172";"-68.61621";"-299.4623";"25.63123";"-71.61981"
"27569.21";"-100.0818";"7.058899";"-68.61621";"-299.4623";"25.72168";"-71.62341";"-100.0818";"7.058899";"-68.61621";"-299.4623";"25.72168";"-71.62341"
"27577.55";"-99.86877";"7.09021";"-68.61621";"-299.4623";"25.92322";"-71.61298";"-99.86877";"7.09021";"-68.61621";"-299.4623";"25.92322";"-71.61298"
"27585.89";"-99.63733";"7.153748";"-68.61621";"-299.4623";"26.02655";"-71.61237";"-99.63733";"7.153748";"-68.61621";"-299.4623";"26.02655";"-71.61237"
"27594.23";"-99.36786";"7.25116";"-68.61621";"-299.4623";"26.27539";"-71.59467";"-99.36786";"7.25116";"-68.61621";"-299.4623";"26.27539";"-71.59467"
"27602.57";"-99.17072";"7.311218";"-68.61621";"-299.4623";"26.33655";"-71.62891";"-99.17072";"7.311218";"-68.61621";"-299.4623";"26.33655";"-71.62891"
"27610.92";"-98.99457";"7.403381";"-68.61621";"-299.4623";"26.57141";"-71.69678";"-98.99457";"7.403381";"-68.61621";"-299.4623";"26.57141";"-71.69678"
"27619.26";"-98.77905";"7.515686";"-68.61621";"-299.4623";"26.72284";"-71.63898";"-98.77905";"7.515686";"-68.61621";"-299.4623";"26.72284";"-71.63898"
"27627.6";"-98.45599";"7.565979";"-68.61621";"-299.4623";"26.85217";"-71.63336";"-98.45599";"7.565979";"-68.61621";"-299.4623";"26.85217";"-71.63336"
"27635.94";"-98.26367";"7.655884";"-68.61621";"-299.4623";"27.00507";"-71.63849";"-98.26367";"7.655884";"-68.61621";"-299.4623";"27.00507";"-71.63849"
"27644.28";"-98.08282";"7.71344";"-68.61621";"-299.4623";"27.23157";"-71.64331";"-98.08282";"7.71344";"-68.61621";"-299.4623";"27.23157";"-71.64331"
"27652.63";"-97.90717";"7.768677";"-68.61621";"-299.4623";"27.34894";"-71.64868";"-97.90717";"7.768677";"-68.61621";"-299.4623";"27.34894";"-71.64868"
"27660.97";"-97.65259";"7.818909";"-68.61621";"-299.4623";"27.55939";"-71.69818";"-97.65259";"7.818909";"-68.61621";"-299.4623";"27.55939";"-71.69818"
"27669.31";"-97.36639";"7.899902";"-68.61621";"-299.4623";"27.68506";"-71.72461";"-97.36639";"7.899902";"-68.61621";"-299.4623";"27.68506";"-71.72461"
"27677.65";"-97.17438";"7.948608";"-68.61621";"-299.4623";"27.80432";"-71.73505";"-97.17438";"7.948608";"-68.61621";"-299.4623";"27.80432";"-71.73505"
"27685.99";"-96.99805";"7.995728";"-68.61621";"-299.4623";"27.97473";"-71.75311";"-96.99805";"7.995728";"-68.61621";"-299.4623";"27.97473";"-71.75311"
"27694.33";"-96.79706";"8.047668";"-68.61621";"-299.4623";"28.08276";"-71.75122";"-96.79706";"8.047668";"-68.61621";"-299.4623";"28.08276";"-71.75122"
"27702.68";"-96.49866";"8.123596";"-68.61621";"-299.4623";"28.24768";"-71.75134";"-96.49866";"8.123596";"-68.61621";"-299.4623";"28.24768";"-71.75134"
"27711.02";"-96.289";"8.163757";"-68.61621";"-299.4623";"28.51233";"-71.7774";"-96.289";"8.163757";"-68.61621";"-299.4623";"28.51233";"-71.7774"
"27719.36";"-96.06677";"8.221802";"-68.61621";"-299.4623";"28.64203";"-71.7486";"-96.06677";"8.221802";"-68.61621";"-299.4623";"28.64203";"-71.7486"
"27727.7";"-95.94092";"8.344543";"-68.61621";"-299.4623";"28.8114";"-71.74115";"-95.94092";"8.344543";"-68.61621";"-299.4623";"28.8114";"-71.74115"
"27736.04";"-95.69836";"8.44397";"-68.61621";"-299.4623";"28.92133";"-71.76685";"-95.69836";"8.44397";"-68.61621";"-299.4623";"28.92133";"-71.76685"
"27744.38";"-95.40826";"8.481934";"-68.61621";"-299.4623";"29.15106";"-71.75421";"-95.40826";"8.481934";"-68.61621";"-299.4623";"29.15106";"-71.75421"
"27752.72";"-95.20667";"8.572144";"-68.61621";"-299.4623";"29.28424";"-71.78229";"-95.20667";"8.572144";"-68.61621";"-299.4623";"29.28424";"-71.78229"
"27761.07";"-95.02191";"8.646667";"-68.61621";"-299.4623";"29.41382";"-71.80365";"-95.02191";"8.646667";"-68.61621";"-299.4623";"29.41382";"-71.80365"
"27769.41";"-94.8302";"8.761292";"-68.61621";"-299.4623";"29.56671";"-71.80902";"-94.8302";"8.761292";"-68.61621";"-299.4623";"29.56671";"-71.80902"
"27777.75";"-94.54236";"8.791931";"-68.61621";"-299.4623";"29.76624";"-71.81641";"-94.54236";"8.791931";"-68.61621";"-299.4623";"29.76624";"-71.81641"
"27786.09";"-94.31146";"8.831604";"-68.61621";"-299.4623";"29.88275";"-71.7832";"-94.31146";"8.831604";"-68.61621";"-299.4623";"29.88275";"-71.7832"
"27794.43";"-94.1377";"8.90509";"-68.61621";"-299.4623";"30.03876";"-71.81195";"-94.1377";"8.90509";"-68.61621";"-299.4623";"30.03876";"-71.81195"
"27802.78";"-93.97095";"8.97998";"-68.61621";"-299.4623";"30.2085";"-71.77374";"-93.97095";"8.97998";"-68.61621";"-299.4623";"30.2085";"-71.77374"
"27811.12";"-93.71735";"9.026794";"-68.61621";"-299.4623";"30.42261";"-71.76819";"-93.71735";"9.026794";"-68.61621";"-299.4623";"30.42261";"-71.76819"
"27819.46";"-93.4491";"9.096375";"-68.61621";"-299.4623";"30.51556";"-71.81201";"-93.4491";"9.096375";"-68.61621";"-299.4623";"30.51556";"-71.81201"
"27827.8";"-93.27966";"9.2146";"-68.61621";"-299.4623";"30.7135";"-71.77966";"-93.27966";"9.2146";"-68.61621";"-299.4623";"30.7135";"-71.77966"
"27836.14";"-93.08978";"9.231445";"-68.61621";"-299.4623";"30.89044";"-71.82263";"-93.08978";"9.231445";"-68.61621";"-299.4623";"30.89044";"-71.82263"
"27844.48";"-92.88959";"9.269531";"-68.61621";"-299.4623";"30.97571";"-71.82257";"-92.88959";"9.269531";"-68.61621";"-299.4623";"30.97571";"-71.82257"
"27852.82";"-92.6275";"9.357483";"-68.61621";"-299.4623";"31.23907";"-71.77716";"-92.6275";"9.357483";"-68.61621";"-299.4623";"31.23907";"-71.77716"
"27861.17";"-92.35718";"9.414001";"-68.61621";"-299.4623";"31.31677";"-71.77051";"-92.35718";"9.414001";"-68.61621";"-299.4623";"31.31677";"-71.77051"
"27869.51";"-92.1192";"9.586487";"-68.61621";"-299.4623";"31.57709";"-71.80023";"-92.1192";"9.586487";"-68.61621";"-299.4623";"31.57709";"-71.80023"
"27877.85";"-91.93463";"9.612976";"-68.61621";"-299.4623";"31.75494";"-71.81732";"-91.93463";"9.612976";"-68.61621";"-299.4623";"31.75494";"-71.81732"
"27886.19";"-91.65009";"9.691589";"-68.61621";"-299.4623";"31.55017";"-72.28064";"-91.65009";"9.691589";"-68.61621";"-299.4623";"31.55017";"-72.28064"
"27894.53";"-91.38525";"9.723267";"-68.61621";"-299.4623";"32.0426";"-72.64886";"-91.38525";"9.723267";"-68.61621";"-299.4623";"32.0426";"-72.64886"
"27902.88";"-91.15582";"9.79126";"-68.61621";"-299.4623";"32.13043";"-72.98572";"-91.15582";"9.79126";"-68.61621";"-299.4623";"32.13043";"-72.98572"
"27911.22";"-90.98785";"9.834534";"-68.61621";"-299.4623";"32.27075";"-72.99652";"-90.98785";"9.834534";"-68.61621";"-299.4623";"32.27075";"-72.99652"
"27919.56";"-90.74506";"9.94989";"-68.61621";"-299.4623";"32.49652";"-72.96954";"-90.74506";"9.94989";"-68.61621";"-299.4623";"32.49652";"-72.96954"
"27927.9";"-90.46149";"9.974487";"-68.61621";"-299.4623";"32.72876";"-73.00702";"-90.46149";"9.974487";"-68.61621";"-299.4623";"32.72876";"-73.00702"
"27936.24";"-90.24805";"10.02484";"-68.61621";"-299.4623";"32.81897";"-73.00806";"-90.24805";"10.02484";"-68.61621";"-299.4623";"32.81897";"-73.00806"
"27944.58";"-90.04712";"10.09869";"-68.61621";"-299.4623";"33.03723";"-73.00146";"-90.04712";"10.09869";"-68.61621";"-299.4623";"33.03723";"-73.00146"
"27952.93";"-89.82043";"10.21771";"-68.61621";"-299.4623";"33.1131";"-72.99689";"-89.82043";"10.21771";"-68.61621";"-299.4623";"33.1131";"-72.99689"
"27961.27";"-89.51172";"10.25317";"-68.61621";"-299.4623";"33.2785";"-72.98932";"-89.51172";"10.25317";"-68.61621";"-299.4623";"33.2785";"-72.98932"
"27969.61";"-89.30084";"10.30786";"-68.61621";"-299.4623";"33.50159";"-73.03986";"-89.30084";"10.30786";"-68.61621";"-299.4623";"33.50159";"-73.03986"
"27977.95";"-89.09882";"10.42169";"-68.61621";"-299.4623";"33.64191";"-73.03766";"-89.09882";"10.42169";"-68.61621";"-299.4623";"33.64191";"-73.03766"
"27986.29";"-88.91858";"10.57257";"-68.61621";"-299.4623";"33.81873";"-73.04858";"-88.91858";"10.57257";"-68.61621";"-299.4623";"33.81873";"-73.04858"
"27994.63";"-88.6618";"10.61719";"-68.61621";"-299.4623";"33.95477";"-73.0423";"-88.6618";"10.61719";"-68.61621";"-299.4623";"33.95477";"-73.0423"
"28002.97";"-88.38928";"10.68671";"-68.61621";"-299.4623";"34.17639";"-73.03314";"-88.38928";"10.68671";"-68.61621";"-299.4623";"34.17639";"-73.03314"
"28011.32";"-88.19501";"10.74359";"-68.61621";"-299.4623";"34.25604";"-73.02203";"-88.19501";"10.74359";"-68.61621";"-299.4623";"34.25604";"-73.02203"
"28019.66";"-87.99115";"10.77374";"-68.61621";"-299.4623";"34.45923";"-73.01544";"-87.99115";"10.77374";"-68.61621";"-299.4623";"34.45923";"-73.01544"
"28028";"-87.74695";"10.86639";"-68.61621";"-299.4623";"34.7016";"-73.03888";"-87.74695";"10.86639";"-68.61621";"-299.4623";"34.7016";"-73.03888"
"28036.34";"-87.46423";"10.90161";"-68.61621";"-299.4623";"34.87781";"-72.99982";"-87.46423";"10.90161";"-68.61621";"-299.4623";"34.87781";"-72.99982"
"28044.68";"-87.24933";"10.95038";"-68.61621";"-299.4623";"34.98181";"-72.98077";"-87.24933";"10.95038";"-68.61621";"-299.4623";"34.98181";"-72.98077"
"28053.03";"-87.03345";"10.98981";"-68.61621";"-299.4623";"35.20471";"-72.98627";"-87.03345";"10.98981";"-68.61621";"-299.4623";"35.20471";"-72.98627"
"28061.37";"-86.79706";"11.07172";"-68.61621";"-299.4623";"35.40613";"-72.9635";"-86.79706";"11.07172";"-68.61621";"-299.4623";"35.40613";"-72.9635"
"28069.71";"-86.51703";"11.15204";"-68.61621";"-299.4623";"35.53375";"-73.01746";"-86.51703";"11.15204";"-68.61621";"-299.4623";"35.53375";"-73.01746"
"28078.05";"-86.27081";"11.17944";"-68.61621";"-299.4623";"35.66772";"-72.99292";"-86.27081";"11.17944";"-68.61621";"-299.4623";"35.66772";"-72.99292"
"28086.39";"-86.08801";"11.27429";"-68.61621";"-299.4623";"35.86401";"-73.0033";"-86.08801";"11.27429";"-68.61621";"-299.4623";"35.86401";"-73.0033"
"28094.73";"-85.86469";"11.33374";"-68.61621";"-299.4623";"36.06586";"-72.97833";"-85.86469";"11.33374";"-68.61621";"-299.4623";"36.06586";"-72.97833"
"28103.07";"-85.59814";"11.40979";"-68.61621";"-299.4623";"36.25568";"-72.98938";"-85.59814";"11.40979";"-68.61621";"-299.4623";"36.25568";"-72.98938"
"28111.42";"-85.35754";"11.52631";"-68.61621";"-299.4623";"36.33521";"-72.99036";"-85.35754";"11.52631";"-68.61621";"-299.4623";"36.33521";"-72.99036"
"28119.76";"-85.15094";"11.60883";"-68.61621";"-299.4623";"36.53699";"-73.05194";"-85.15094";"11.60883";"-68.61621";"-299.4623";"36.53699";"-73.05194"
"28128.1";"-84.92523";"11.64246";"-68.61621";"-299.4623";"36.75836";"-73.04956";"-84.92523";"11.64246";"-68.61621";"-299.4623";"36.75836";"-73.04956"
"28136.44";"-84.7002";"11.73456";"-68.61621";"-299.4623";"36.84308";"-73.03925";"-84.7002";"11.73456";"-68.61621";"-299.4623";"36.84308";"-73.03925"
"28144.78";"-84.40747";"11.78015";"-68.61621";"-299.4623";"37.0882";"-73.01135";"-84.40747";"11.78015";"-68.61621";"-299.4623";"37.0882";"-73.01135"
"28153.13";"-84.22705";"11.85413";"-68.61621";"-299.4623";"37.16107";"-73.0412";"-84.22705";"11.85413";"-68.61621";"-299.4623";"37.16107";"-73.0412"
"28161.47";"-84.01178";"11.92804";"-68.61621";"-299.4623";"37.40002";"-72.99066";"-84.01178";"11.92804";"-68.61621";"-299.4623";"37.40002";"-72.99066"
"28169.81";"-83.79376";"11.99121";"-68.61621";"-299.4623";"37.49341";"-72.99786";"-83.79376";"11.99121";"-68.61621";"-299.4623";"37.49341";"-72.99786"
"28178.15";"-83.45203";"12.01984";"-68.61621";"-299.4623";"37.75922";"-73.0246";"-83.45203";"12.01984";"-68.61621";"-299.4623";"37.75922";"-73.0246"
"28186.49";"-83.24103";"12.09998";"-68.61621";"-299.4623";"37.95667";"-72.99976";"-83.24103";"12.09998";"-68.61621";"-299.4623";"37.95667";"-72.99976"
"28194.83";"-83.06738";"12.15881";"-68.61621";"-299.4623";"38.021";"-72.97351";"-83.06738";"12.15881";"-68.61621";"-299.4623";"38.021";"-72.97351"
"28203.18";"-82.89417";"12.24261";"-68.61621";"-299.4623";"38.25177";"-72.93286";"-82.89417";"12.24261";"-68.61621";"-299.4623";"38.25177";"-72.93286"
"28211.52";"-82.61884";"12.27893";"-68.61621";"-299.4623";"38.50635";"-72.99658";"-82.61884";"12.27893";"-68.61621";"-299.4623";"38.50635";"-72.99658"
"28219.86";"-82.31354";"12.38995";"-68.61621";"-299.4623";"38.67072";"-72.96277";"-82.31354";"12.38995";"-68.61621";"-299.4623";"38.67072";"-72.96277"
"28228.2";"-82.12256";"12.47229";"-68.61621";"-299.4623";"38.77295";"-72.95953";"-82.12256";"12.47229";"-68.61621";"-299.4623";"38.77295";"-72.95953"
"28236.54";"-81.90765";"12.53864";"-68.61621";"-299.4623";"38.99054";"-72.96393";"-81.90765";"12.53864";"-68.61621";"-299.4623";"38.99054";"-72.96393"
"28244.88";"-81.62146";"12.59338";"-68.61621";"-299.4623";"39.19934";"-72.93744";"-81.62146";"12.59338";"-68.61621";"-299.4623";"39.19934";"-72.93744"
"28253.22";"-81.31732";"12.68317";"-68.61621";"-299.4623";"39.39563";"-72.93616";"-81.31732";"12.68317";"-68.61621";"-299.4623";"39.39563";"-72.93616"
"28261.57";"-81.12878";"12.71387";"-68.61621";"-299.4623";"39.45422";"-72.90875";"-81.12878";"12.71387";"-68.61621";"-299.4623";"39.45422";"-72.90875"
"28269.91";"-80.89886";"12.82458";"-68.61621";"-299.4623";"39.74976";"-72.98895";"-80.89886";"12.82458";"-68.61621";"-299.4623";"39.74976";"-72.98895"
"28278.25";"-80.62842";"12.85944";"-68.61621";"-299.4623";"39.99017";"-72.98206";"-80.62842";"12.85944";"-68.61621";"-299.4623";"39.99017";"-72.98206"
"28286.59";"-80.32855";"12.90808";"-68.61621";"-299.4623";"40.15369";"-72.99542";"-80.32855";"12.90808";"-68.61621";"-299.4623";"40.15369";"-72.99542"
"28294.93";"-80.11694";"12.94916";"-68.61621";"-299.4623";"40.21674";"-72.97156";"-80.11694";"12.94916";"-68.61621";"-299.4623";"40.21674";"-72.97156"
"28303.28";"-79.92035";"13.01062";"-68.61621";"-299.4623";"40.44958";"-72.96393";"-79.92035";"13.01062";"-68.61621";"-299.4623";"40.44958";"-72.96393"
"28311.62";"-79.6416";"13.08679";"-68.61621";"-299.4623";"40.72125";"-72.9989";"-79.6416";"13.08679";"-68.61621";"-299.4623";"40.72125";"-72.9989"
"28319.96";"-79.36017";"13.13342";"-68.61621";"-299.4623";"40.89996";"-72.96204";"-79.36017";"13.13342";"-68.61621";"-299.4623";"40.89996";"-72.96204"
"28328.3";"-79.15912";"13.1803";"-68.61621";"-299.4623";"40.99677";"-72.97046";"-79.15912";"13.1803";"-68.61621";"-299.4623";"40.99677";"-72.97046"
"28336.64";"-78.97168";"13.30829";"-68.61621";"-299.4623";"41.17102";"-72.85303";"-78.97168";"13.30829";"-68.61621";"-299.4623";"41.17102";"-72.85303"
"28344.98";"-78.70715";"13.34448";"-68.61621";"-299.4623";"41.41241";"-72.8374";"-78.70715";"13.34448";"-68.61621";"-299.4623";"41.41241";"-72.8374"
"28353.32";"-78.40936";"13.43408";"-68.61621";"-299.4623";"41.52179";"-72.9223";"-78.40936";"13.43408";"-68.61621";"-299.4623";"41.52179";"-72.9223"
"28361.67";"-78.20117";"13.5072";"-68.61621";"-299.4623";"41.73273";"-72.90448";"-78.20117";"13.5072";"-68.61621";"-299.4623";"41.73273";"-72.90448"
"28370.01";"-78.0036";"13.6358";"-68.61621";"-299.4623";"41.9118";"-72.90033";"-78.0036";"13.6358";"-68.61621";"-299.4623";"41.9118";"-72.90033"
"28378.35";"-77.76538";"13.67194";"-68.61621";"-299.4623";"42.0072";"-72.9021";"-77.76538";"13.67194";"-68.61621";"-299.4623";"42.0072";"-72.9021"
"28386.69";"-77.47363";"13.76538";"-68.61621";"-299.4623";"42.20782";"-72.89819";"-77.47363";"13.76538";"-68.61621";"-299.4623";"42.20782";"-72.89819"
"28395.03";"-77.24384";"13.81689";"-68.61621";"-299.4623";"42.44507";"-72.87628";"-77.24384";"13.81689";"-68.61621";"-299.4623";"42.44507";"-72.87628"
"28403.38";"-77.05261";"13.89661";"-68.61621";"-299.4623";"42.53204";"-72.96625";"-77.05261";"13.89661";"-68.61621";"-299.4623";"42.53204";"-72.96625"
"28411.72";"-76.82672";"13.91846";"-68.61621";"-299.4623";"42.77533";"-72.93054";"-76.82672";"13.91846";"-68.61621";"-299.4623";"42.77533";"-72.93054"
"28420.06";"-76.49298";"13.99707";"-68.61621";"-299.4623";"42.91888";"-72.9115";"-76.49298";"13.99707";"-68.61621";"-299.4623";"42.91888";"-72.9115"
"28428.4";"-76.29022";"14.02698";"-68.61621";"-299.4623";"43.08453";"-72.8999";"-76.29022";"14.02698";"-68.61621";"-299.4623";"43.08453";"-72.8999"
"28436.74";"-76.08862";"14.10974";"-68.61621";"-299.4623";"43.33942";"-72.86835";"-76.08862";"14.10974";"-68.61621";"-299.4623";"43.33942";"-72.86835"
"28445.08";"-75.87579";"14.11273";"-68.61621";"-299.4623";"43.44751";"-72.83246";"-75.87579";"14.11273";"-68.61621";"-299.4623";"43.44751";"-72.83246"
"28453.43";"-75.64514";"14.15613";"-68.61621";"-299.4623";"43.66376";"-72.89044";"-75.64514";"14.15613";"-68.61621";"-299.4623";"43.66376";"-72.89044"
"28461.77";"-75.34888";"14.20288";"-68.61621";"-299.4623";"43.97723";"-72.85699";"-75.34888";"14.20288";"-68.61621";"-299.4623";"43.97723";"-72.85699"
"28470.11";"-75.14044";"14.22168";"-68.61621";"-299.4623";"44.15137";"-72.82947";"-75.14044";"14.22168";"-68.61621";"-299.4623";"44.15137";"-72.82947"
"28478.45";"-74.92804";"14.26056";"-68.61621";"-299.4623";"44.32727";"-72.80328";"-74.92804";"14.26056";"-68.61621";"-299.4623";"44.32727";"-72.80328"
"28486.79";"-74.63196";"14.31689";"-68.61621";"-299.4623";"44.54004";"-72.84235";"-74.63196";"14.31689";"-68.61621";"-299.4623";"44.54004";"-72.84235"
"28495.13";"-74.35919";"14.36652";"-68.61621";"-299.4623";"44.73389";"-72.78674";"-74.35919";"14.36652";"-68.61621";"-299.4623";"44.73389";"-72.78674"
"28503.47";"-74.16156";"14.47906";"-68.61621";"-299.4623";"44.95953";"-72.81519";"-74.16156";"14.47906";"-68.61621";"-299.4623";"44.95953";"-72.81519"
"28511.82";"-73.94397";"14.52783";"-68.61621";"-299.4623";"45.10626";"-72.79858";"-73.94397";"14.52783";"-68.61621";"-299.4623";"45.10626";"-72.79858"
"28520.16";"-73.65027";"14.5564";"-68.61621";"-299.4623";"45.33319";"-72.80231";"-73.65027";"14.5564";"-68.61621";"-299.4623";"45.33319";"-72.80231"
"28528.5";"-73.36078";"14.60376";"-68.61621";"-299.4623";"45.5387";"-72.81042";"-73.36078";"14.60376";"-68.61621";"-299.4623";"45.5387";"-72.81042"
"28536.84";"-73.16986";"14.62317";"-68.61621";"-299.4623";"45.74591";"-72.81738";"-73.16986";"14.62317";"-68.61621";"-299.4623";"45.74591";"-72.81738"
"28545.18";"-72.96063";"14.72388";"-68.61621";"-299.4623";"45.92761";"-72.81903";"-72.96063";"14.72388";"-68.61621";"-299.4623";"45.92761";"-72.81903"
"28553.53";"-72.74646";"14.76459";"-68.61621";"-299.4623";"46.12915";"-72.80768";"-72.74646";"14.76459";"-68.61621";"-299.4623";"46.12915";"-72.80768"
"28561.87";"-72.43005";"14.80042";"-68.61621";"-299.4623";"46.29303";"-72.79968";"-72.43005";"14.80042";"-68.61621";"-299.4623";"46.29303";"-72.79968"
"28570.21";"-72.19885";"14.8476";"-68.61621";"-299.4623";"46.49188";"-72.77997";"-72.19885";"14.8476";"-68.61621";"-299.4623";"46.49188";"-72.77997"
"28578.55";"-71.99133";"14.87909";"-68.61621";"-299.4623";"46.74518";"-72.80328";"-71.99133";"14.87909";"-68.61621";"-299.4623";"46.74518";"-72.80328"
"28586.89";"-71.77795";"14.92627";"-68.61621";"-299.4623";"46.88416";"-72.82562";"-71.77795";"14.92627";"-68.61621";"-299.4623";"46.88416";"-72.82562"
"28595.23";"-71.48407";"14.98645";"-68.61621";"-299.4623";"47.13306";"-72.7746";"-71.48407";"14.98645";"-68.61621";"-299.4623";"47.13306";"-72.7746"
"28603.57";"-71.24274";"15.01428";"-68.61621";"-299.4623";"47.30499";"-72.75537";"-71.24274";"15.01428";"-68.61621";"-299.4623";"47.30499";"-72.75537"
"28611.92";"-71.0415";"15.04913";"-68.61621";"-299.4623";"47.50336";"-72.74603";"-71.0415";"15.04913";"-68.61621";"-299.4623";"47.50336";"-72.74603"
"28620.26";"-70.82532";"15.0528";"-68.61621";"-299.4623";"47.81525";"-72.76563";"-70.82532";"15.0528";"-68.61621";"-299.4623";"47.81525";"-72.76563"
"28628.6";"-70.50842";"15.08551";"-68.61621";"-299.4623";"47.927";"-72.77179";"-70.50842";"15.08551";"-68.61621";"-299.4623";"47.927";"-72.77179"
"28636.94";"-70.28143";"15.15582";"-68.61621";"-299.4623";"48.13336";"-72.73346";"-70.28143";"15.15582";"-68.61621";"-299.4623";"48.13336";"-72.73346"
"28645.28";"-70.06805";"15.19275";"-68.61621";"-299.4623";"48.3595";"-72.69623";"-70.06805";"15.19275";"-68.61621";"-299.4623";"48.3595";"-72.69623"
"28653.63";"-69.84686";"15.2403";"-68.61621";"-299.4623";"48.47101";"-72.69086";"-69.84686";"15.2403";"-68.61621";"-299.4623";"48.47101";"-72.69086"
"28661.97";"-69.52509";"15.26654";"-68.61621";"-299.4623";"48.74603";"-72.72229";"-69.52509";"15.26654";"-68.61621";"-299.4623";"48.74603";"-72.72229"
"28670.31";"-69.28522";"15.33636";"-68.61621";"-299.4623";"48.99768";"-72.72339";"-69.28522";"15.33636";"-68.61621";"-299.4623";"48.99768";"-72.72339"
"28678.65";"-69.07715";"15.37665";"-68.61621";"-299.4623";"49.05609";"-72.72638";"-69.07715";"15.37665";"-68.61621";"-299.4623";"49.05609";"-72.72638"
"28686.99";"-68.84985";"15.51105";"-68.61621";"-299.4623";"49.32367";"-72.72266";"-68.84985";"15.51105";"-68.61621";"-299.4623";"49.32367";"-72.72266"
"28695.33";"-68.57623";"15.52417";"-68.61621";"-299.4623";"49.47498";"-72.70178";"-68.57623";"15.52417";"-68.61621";"-299.4623";"49.47498";"-72.70178"
"28703.68";"-68.29547";"15.56763";"-68.61621";"-299.4623";"49.75714";"-72.7536";"-68.29547";"15.56763";"-68.61621";"-299.4623";"49.75714";"-72.7536"
"28712.02";"-68.0882";"15.61694";"-68.61621";"-299.4623";"50.00421";"-72.72693";"-68.0882";"15.61694";"-68.61621";"-299.4623";"50.00421";"-72.72693"
"28720.36";"-67.86591";"15.6521";"-68.61621";"-299.4623";"50.18042";"-72.73859";"-67.86591";"15.6521";"-68.61621";"-299.4623";"50.18042";"-72.73859"
"28728.7";"-67.60089";"15.65735";"-68.61621";"-299.4623";"50.24677";"-72.68439";"-67.60089";"15.65735";"-68.61621";"-299.4623";"50.24677";"-72.68439"
"28737.04";"-67.49451";"15.71655";"-68.61621";"-299.4623";"50.41022";"-72.69275";"-67.49451";"15.71655";"-68.61621";"-299.4623";"50.41022";"-72.69275"
"28745.38";"-67.44257";"15.724";"-68.61621";"-299.4623";"50.00085";"-72.97504";"-67.44257";"15.724";"-68.61621";"-299.4623";"50.00085";"-72.97504"
"28753.72";"-67.34369";"15.73743";"-68.61621";"-299.4623";"50.05127";"-72.97949";"-67.34369";"15.73743";"-68.61621";"-299.4623";"50.05127";"-72.97949"
"28762.07";"-67.35181";"15.74939";"-68.61621";"-299.4623";"50.08887";"-72.96527";"-67.35181";"15.74939";"-68.61621";"-299.4623";"50.08887";"-72.96527"
"28770.41";"-67.34521";"15.78149";"-68.61621";"-299.4623";"49.74646";"-73.93219";"-67.34521";"15.78149";"-68.61621";"-299.4623";"49.74646";"-73.93219"
"28778.75";"-67.33582";"15.78497";"-68.61621";"-299.4623";"50.08344";"-72.96619";"-67.33582";"15.78497";"-68.61621";"-299.4623";"50.08344";"-72.96619"
"28787.09";"-67.33301";"15.79102";"-68.61621";"-299.4623";"49.93079";"-74.06653";"-67.33301";"15.79102";"-68.61621";"-299.4623";"49.93079";"-74.06653"
"28795.43";"-67.34387";"15.79095";"-68.61621";"-299.4623";"49.98871";"-74.01849";"-67.34387";"15.79095";"-68.61621";"-299.4623";"49.98871";"-74.01849"
"28803.78";"-67.34241";"15.78778";"-68.61621";"-299.4623";"49.98285";"-74.01508";"-67.34241";"15.78778";"-68.61621";"-299.4623";"49.98285";"-74.01508"
"28812.12";"-67.34723";"15.7782";"-68.61621";"-299.4623";"49.97192";"-74.01129";"-67.34723";"15.7782";"-68.61621";"-299.4623";"49.97192";"-74.01129"
"28820.46";"-67.35461";"15.77081";"-68.61621";"-299.4623";"49.96094";"-74.05096";"-67.35461";"15.77081";"-68.61621";"-299.4623";"49.96094";"-74.05096"
"28828.8";"-67.39008";"15.74756";"-68.61621";"-299.4623";"49.93518";"-74.05695";"-67.39008";"15.74756";"-68.61621";"-299.4623";"49.93518";"-74.05695"
"28837.14";"-67.39227";"15.75189";"-68.61621";"-299.4623";"49.94409";"-74.06732";"-67.39227";"15.75189";"-68.61621";"-299.4623";"49.94409";"-74.06732"
"28845.48";"-67.39294";"15.75824";"-68.61621";"-299.4623";"49.91333";"-74.10754";"-67.39294";"15.75824";"-68.61621";"-299.4623";"49.91333";"-74.10754"
"28853.82";"-67.39673";"15.76764";"-68.61621";"-299.4623";"49.94403";"-74.08789";"-67.39673";"15.76764";"-68.61621";"-299.4623";"49.94403";"-74.08789"
"28862.17";"-67.40479";"15.76227";"-68.61621";"-299.4623";"49.94836";"-74.0863";"-67.40479";"15.76227";"-68.61621";"-299.4623";"49.94836";"-74.0863"
