"Time";"Angle 1.o/0/X";"Angle 1.o/0/Y";"Angle 1.a/0/X";"Angle 1.a/0/Y";"Angle 1.b/0/X";"Angle 1.b/0/Y";"Angle 1/o/X";"Angle 1/o/Y";"Angle 1/a/X";"Angle 1/a/Y";"Angle 1/b/X";"Angle 1/b/Y"
"0";"-286.1458";"-70.56226";"-74.30603";"-294.6205";"-146.1421";"-17.51898";"-286.1458";"-70.56226";"-74.30603";"-294.6205";"-146.1421";"-17.51898"
"8.341666";"-285.946";"-71.12659";"-73.95355";"-295.0405";"-146";"-18";"-285.946";"-71.12659";"-73.95355";"-295.0405";"-146";"-18"
"16.68333";"-285.9392";"-71.17377";"-68.92145";"-295.6148";"-145.9694";"-18.06702";"-285.9392";"-71.17377";"-68.92145";"-295.6148";"-145.9694";"-18.06702"
"25.025";"-285.8749";"-71.22729";"-68.92145";"-295.6148";"-145.9067";"-18.07153";"-285.8749";"-71.22729";"-68.92145";"-295.6148";"-145.9067";"-18.07153"
"33.36666";"-285.8647";"-71.24701";"-68.92145";"-295.6148";"-145.8505";"-18.07367";"-285.8647";"-71.24701";"-68.92145";"-295.6148";"-145.8505";"-18.07367"
"41.70833";"-285.7856";"-71.35583";"-68.92145";"-295.6148";"-145.677";"-18.10846";"-285.7856";"-71.35583";"-68.92145";"-295.6148";"-145.677";"-18.10846"
"50.05";"-285.7681";"-71.34778";"-68.92145";"-295.6148";"-145.6496";"-18.12976";"-285.7681";"-71.34778";"-68.92145";"-295.6148";"-145.6496";"-18.12976"
"58.39167";"-285.736";"-71.49512";"-68.92145";"-295.6148";"-145.5561";"-18.14374";"-285.736";"-71.49512";"-68.92145";"-295.6148";"-145.5561";"-18.14374"
"66.73333";"-287.2311";"-70.9057";"-68.92145";"-295.6148";"-145.4327";"-18.11249";"-287.2311";"-70.9057";"-68.92145";"-295.6148";"-145.4327";"-18.11249"
"75.075";"-286.9208";"-71.07214";"-68.92145";"-295.6148";"-145.3435";"-18.12653";"-286.9208";"-71.07214";"-68.92145";"-295.6148";"-145.3435";"-18.12653"
"83.41666";"-287.5338";"-71.29492";"-68.92145";"-295.6148";"-145.3199";"-18.13171";"-287.5338";"-71.29492";"-68.92145";"-295.6148";"-145.3199";"-18.13171"
"91.75833";"-287.9843";"-71.66608";"-68.92145";"-295.6148";"-145.2197";"-18.14795";"-287.9843";"-71.66608";"-68.92145";"-295.6148";"-145.2197";"-18.14795"
"100.1";"-288.4832";"-72.31146";"-68.92145";"-295.6148";"-145.1347";"-18.12738";"-288.4832";"-72.31146";"-68.92145";"-295.6148";"-145.1347";"-18.12738"
"108.4417";"-287.9744";"-72.21533";"-68.92145";"-295.6148";"-145.0648";"-18.11566";"-287.9744";"-72.21533";"-68.92145";"-295.6148";"-145.0648";"-18.11566"
"116.7833";"-288.0181";"-72.2384";"-68.92145";"-295.6148";"-145.0123";"-18.11304";"-288.0181";"-72.2384";"-68.92145";"-295.6148";"-145.0123";"-18.11304"
"125.125";"-287.8756";"-72.78082";"-68.92145";"-295.6148";"-144.9445";"-18.12543";"-287.8756";"-72.78082";"-68.92145";"-295.6148";"-144.9445";"-18.12543"
"133.4667";"-288.0413";"-73.09955";"-68.92145";"-295.6148";"-144.8682";"-18.14038";"-288.0413";"-73.09955";"-68.92145";"-295.6148";"-144.8682";"-18.14038"
"141.8083";"-288.0134";"-73.12842";"-68.92145";"-295.6148";"-144.8356";"-18.13483";"-288.0134";"-73.12842";"-68.92145";"-295.6148";"-144.8356";"-18.13483"
"150.15";"-288.0358";"-73.25726";"-68.92145";"-295.6148";"-144.7897";"-18.13361";"-288.0358";"-73.25726";"-68.92145";"-295.6148";"-144.7897";"-18.13361"
"158.4917";"-288.0334";"-73.41577";"-68.92145";"-295.6148";"-144.7354";"-18.1604";"-288.0334";"-73.41577";"-68.92145";"-295.6148";"-144.7354";"-18.1604"
"166.8333";"-288.0585";"-73.41003";"-68.92145";"-295.6148";"-144.6689";"-18.16602";"-288.0585";"-73.41003";"-68.92145";"-295.6148";"-144.6689";"-18.16602"
"175.175";"-285.392";"-71.54608";"-68.92145";"-295.6148";"-144.5139";"-18.17615";"-285.392";"-71.54608";"-68.92145";"-295.6148";"-144.5139";"-18.17615"
"183.5167";"-286.7257";"-72.54944";"-68.92145";"-295.6148";"-144.497";"-18.17633";"-286.7257";"-72.54944";"-68.92145";"-295.6148";"-144.497";"-18.17633"
"191.8583";"-286.3207";"-73.10284";"-68.92145";"-295.6148";"-144.3758";"-18.17157";"-286.3207";"-73.10284";"-68.92145";"-295.6148";"-144.3758";"-18.17157"
"200.2";"-285.6263";"-73.0578";"-68.92145";"-295.6148";"-144.3184";"-18.15973";"-285.6263";"-73.0578";"-68.92145";"-295.6148";"-144.3184";"-18.15973"
"208.5417";"-285.9431";"-73.07611";"-68.92145";"-295.6148";"-144.2322";"-18.17572";"-285.9431";"-73.07611";"-68.92145";"-295.6148";"-144.2322";"-18.17572"
"216.8833";"-285.9126";"-73.13556";"-68.92145";"-295.6148";"-144.1821";"-18.18542";"-285.9126";"-73.13556";"-68.92145";"-295.6148";"-144.1821";"-18.18542"
"225.225";"-285.8967";"-73.11694";"-68.92145";"-295.6148";"-144.0472";"-18.18982";"-285.8967";"-73.11694";"-68.92145";"-295.6148";"-144.0472";"-18.18982"
"233.5667";"-285.8696";"-73.23932";"-68.92145";"-295.6148";"-143.9808";"-18.16895";"-285.8696";"-73.23932";"-68.92145";"-295.6148";"-143.9808";"-18.16895"
"241.9083";"-285.8594";"-73.26379";"-68.92145";"-295.6148";"-143.887";"-18.1698";"-285.8594";"-73.26379";"-68.92145";"-295.6148";"-143.887";"-18.1698"
"250.25";"-285.828";"-73.29083";"-68.92145";"-295.6148";"-143.8492";"-18.1955";"-285.828";"-73.29083";"-68.92145";"-295.6148";"-143.8492";"-18.1955"
"258.5917";"-285.812";"-73.36133";"-68.92145";"-295.6148";"-143.7559";"-18.20813";"-285.812";"-73.36133";"-68.92145";"-295.6148";"-143.7559";"-18.20813"
"266.9333";"-285.801";"-73.3949";"-68.92145";"-295.6148";"-143.7195";"-18.20795";"-285.801";"-73.3949";"-68.92145";"-295.6148";"-143.7195";"-18.20795"
"275.275";"-285.7755";"-73.43359";"-60.00305";"-294.914";"-143.6757";"-18.21771";"-285.7755";"-73.43359";"-60.00305";"-294.914";"-143.6757";"-18.21771"
"283.6167";"-285.2858";"-73.28094";"-61.28839";"-294.8478";"-143.5499";"-18.22656";"-285.2858";"-73.28094";"-61.28839";"-294.8478";"-143.5499";"-18.22656"
"291.9583";"-285.2764";"-72.65564";"-61.28839";"-294.8478";"-143.4435";"-18.23383";"-285.2764";"-72.65564";"-61.28839";"-294.8478";"-143.4435";"-18.23383"
"300.3";"-284.9526";"-73.00476";"-63.40649";"-295.3427";"-143.4142";"-18.26611";"-284.9526";"-73.00476";"-63.40649";"-295.3427";"-143.4142";"-18.26611"
"308.6417";"-284.9296";"-72.9964";"-62.60327";"-295.2302";"-143.2791";"-18.2829";"-284.9296";"-72.9964";"-62.60327";"-295.2302";"-143.2791";"-18.2829"
"316.9833";"-284.9277";"-73.07886";"-62.95355";"-295.1313";"-143.246";"-18.30774";"-284.9277";"-73.07886";"-62.95355";"-295.1313";"-143.246";"-18.30774"
"325.325";"-284.9053";"-73.09149";"-62.95355";"-295.1313";"-143.1542";"-18.33411";"-284.9053";"-73.09149";"-62.95355";"-295.1313";"-143.1542";"-18.33411"
"333.6667";"-284.8719";"-73.0824";"-62.95355";"-295.1313";"-143.0821";"-18.33832";"-284.8719";"-73.0824";"-62.95355";"-295.1313";"-143.0821";"-18.33832"
"342.0083";"-284.8648";"-73.12665";"-62.95355";"-295.1313";"-143.0228";"-18.3891";"-284.8648";"-73.12665";"-62.95355";"-295.1313";"-143.0228";"-18.3891"
"350.35";"-284.842";"-73.13367";"-62.95355";"-295.1313";"-142.9127";"-18.42328";"-284.842";"-73.13367";"-62.95355";"-295.1313";"-142.9127";"-18.42328"
"358.6917";"-284.1934";"-72.64795";"-62.95355";"-295.1313";"-142.8361";"-18.43317";"-284.1934";"-72.64795";"-62.95355";"-295.1313";"-142.8361";"-18.43317"
"367.0333";"-283.9622";"-73.04199";"-62.95355";"-295.1313";"-142.7814";"-18.46729";"-283.9622";"-73.04199";"-62.95355";"-295.1313";"-142.7814";"-18.46729"
"375.375";"-283.9448";"-73.05927";"-62.95355";"-295.1313";"-142.689";"-18.48969";"-283.9448";"-73.05927";"-62.95355";"-295.1313";"-142.689";"-18.48969"
"383.7167";"-283.9161";"-73.14532";"-62.95355";"-295.1313";"-142.6539";"-18.51904";"-283.9161";"-73.14532";"-62.95355";"-295.1313";"-142.6539";"-18.51904"
"392.0583";"-283.891";"-73.07666";"-62.95355";"-295.1313";"-142.5277";"-18.58386";"-283.891";"-73.07666";"-62.95355";"-295.1313";"-142.5277";"-18.58386"
"400.4";"-283.8679";"-73.18909";"-62.95355";"-295.1313";"-142.4653";"-18.61725";"-283.8679";"-73.18909";"-62.95355";"-295.1313";"-142.4653";"-18.61725"
"408.7417";"-283.8367";"-73.14514";"-62.95355";"-295.1313";"-142.3442";"-18.70581";"-283.8367";"-73.14514";"-62.95355";"-295.1313";"-142.3442";"-18.70581"
"417.0833";"-283.811";"-73.1665";"-62.95355";"-295.1313";"-142.2971";"-18.70068";"-283.811";"-73.1665";"-62.95355";"-295.1313";"-142.2971";"-18.70068"
"425.425";"-283.7917";"-73.15192";"-62.95355";"-295.1313";"-142.1616";"-18.71997";"-283.7917";"-73.15192";"-62.95355";"-295.1313";"-142.1616";"-18.71997"
"433.7667";"-283.7647";"-72.4364";"-62.95355";"-295.1313";"-142.1192";"-18.73419";"-283.7647";"-72.4364";"-62.95355";"-295.1313";"-142.1192";"-18.73419"
"442.1083";"-283.9503";"-72.01825";"-62.95355";"-295.1313";"-141.986";"-18.78046";"-283.9503";"-72.01825";"-62.95355";"-295.1313";"-141.986";"-18.78046"
"450.45";"-283.9345";"-72.02795";"-62.95355";"-295.1313";"-141.9247";"-18.80817";"-283.9345";"-72.02795";"-62.95355";"-295.1313";"-141.9247";"-18.80817"
"458.7917";"-283.9147";"-72.03241";"-62.95355";"-295.1313";"-141.8538";"-18.84088";"-283.9147";"-72.03241";"-62.95355";"-295.1313";"-141.8538";"-18.84088"
"467.1333";"-283.9058";"-72.01318";"-62.95355";"-295.1313";"-141.8223";"-18.87775";"-283.9058";"-72.01318";"-62.95355";"-295.1313";"-141.8223";"-18.87775"
"475.475";"-283.8594";"-72.09937";"-62.95355";"-295.1313";"-141.7156";"-18.86346";"-283.8594";"-72.09937";"-62.95355";"-295.1313";"-141.7156";"-18.86346"
"483.8167";"-283.8445";"-72.08405";"-62.95355";"-295.1313";"-141.6109";"-18.91241";"-283.8445";"-72.08405";"-62.95355";"-295.1313";"-141.6109";"-18.91241"
"492.1583";"-283.5082";"-72.09277";"-62.95355";"-295.1313";"-141.5205";"-18.95215";"-283.5082";"-72.09277";"-62.95355";"-295.1313";"-141.5205";"-18.95215"
"500.5";"-283.9738";"-71.9812";"-62.95355";"-295.1313";"-141.4756";"-18.9682";"-283.9738";"-71.9812";"-62.95355";"-295.1313";"-141.4756";"-18.9682"
"508.8417";"-283.9493";"-72.08673";"-62.95355";"-295.1313";"-141.3813";"-18.97162";"-283.9493";"-72.08673";"-62.95355";"-295.1313";"-141.3813";"-18.97162"
"517.1833";"-283.9425";"-72.02264";"-62.95355";"-295.1313";"-141.3499";"-18.99646";"-283.9425";"-72.02264";"-62.95355";"-295.1313";"-141.3499";"-18.99646"
"525.525";"-283.9078";"-72.07745";"-62.95355";"-295.1313";"-141.2117";"-19.00873";"-283.9078";"-72.07745";"-62.95355";"-295.1313";"-141.2117";"-19.00873"
"533.8666";"-283.9178";"-72.05811";"-62.95355";"-295.1313";"-141.1129";"-19.05066";"-283.9178";"-72.05811";"-62.95355";"-295.1313";"-141.1129";"-19.05066"
"542.2083";"-283.3997";"-72.08014";"-62.84271";"-295.2224";"-141.0491";"-19.06573";"-283.3997";"-72.08014";"-62.84271";"-295.2224";"-141.0491";"-19.06573"
"550.55";"-282.9886";"-72.00208";"-54.90692";"-295.0064";"-141.0063";"-19.07922";"-282.9886";"-72.00208";"-54.90692";"-295.0064";"-141.0063";"-19.07922"
"558.8917";"-282.9629";"-72.01385";"-60.45233";"-294.9713";"-140.8875";"-19.1131";"-282.9629";"-72.01385";"-60.45233";"-294.9713";"-140.8875";"-19.1131"
"567.2333";"-282.9565";"-71.9928";"-60.20673";"-294.9503";"-140.8633";"-19.11401";"-282.9565";"-71.9928";"-60.20673";"-294.9503";"-140.8633";"-19.11401"
"575.575";"-282.9263";"-72.00299";"-59.99414";"-295.5366";"-140.7312";"-19.17438";"-282.9263";"-72.00299";"-59.99414";"-295.5366";"-140.7312";"-19.17438"
"583.9167";"-282.9121";"-72.02173";"-61.54987";"-295.8915";"-140.6894";"-19.17255";"-282.9121";"-72.02173";"-61.54987";"-295.8915";"-140.6894";"-19.17255"
"592.2584";"-282.8848";"-72.00128";"-61.54987";"-295.8915";"-140.5496";"-19.22443";"-282.8848";"-72.00128";"-61.54987";"-295.8915";"-140.5496";"-19.22443"
"600.6";"-282.8547";"-72.01215";"-61.54987";"-295.8915";"-140.4684";"-19.21741";"-282.8547";"-72.01215";"-61.54987";"-295.8915";"-140.4684";"-19.21741"
"608.9417";"-282.8452";"-71.96429";"-61.54987";"-295.8915";"-140.313";"-19.23724";"-282.8452";"-71.96429";"-61.54987";"-295.8915";"-140.313";"-19.23724"
"617.2833";"-282.8145";"-71.95361";"-61.54987";"-295.8915";"-140.285";"-19.24896";"-282.8145";"-71.95361";"-61.54987";"-295.8915";"-140.285";"-19.24896"
"625.625";"-282.796";"-71.94916";"-61.54987";"-295.8915";"-140.1907";"-19.30414";"-282.796";"-71.94916";"-61.54987";"-295.8915";"-140.1907";"-19.30414"
"633.9667";"-282.7648";"-71.98956";"-61.54987";"-295.8915";"-140.0682";"-19.32343";"-282.7648";"-71.98956";"-61.54987";"-295.8915";"-140.0682";"-19.32343"
"642.3083";"-282.1159";"-72.27502";"-61.54987";"-295.8915";"-139.9948";"-19.36157";"-282.1159";"-72.27502";"-61.54987";"-295.8915";"-139.9948";"-19.36157"
"650.65";"-281.988";"-72.01965";"-61.54987";"-295.8915";"-139.9353";"-19.38971";"-281.988";"-72.01965";"-61.54987";"-295.8915";"-139.9353";"-19.38971"
"658.9916";"-281.9349";"-71.97009";"-61.54987";"-295.8915";"-139.8083";"-19.41296";"-281.9349";"-71.97009";"-61.54987";"-295.8915";"-139.8083";"-19.41296"
"667.3333";"-281.9278";"-71.99017";"-61.54987";"-295.8915";"-139.7818";"-19.43213";"-281.9278";"-71.99017";"-61.54987";"-295.8915";"-139.7818";"-19.43213"
"675.675";"-281.9085";"-71.97162";"-61.54987";"-295.8915";"-139.7123";"-19.46698";"-281.9085";"-71.97162";"-61.54987";"-295.8915";"-139.7123";"-19.46698"
"684.0167";"-281.9001";"-71.97247";"-61.54987";"-295.8915";"-139.6053";"-19.50275";"-281.9001";"-71.97247";"-61.54987";"-295.8915";"-139.6053";"-19.50275"
"692.3583";"-281.8688";"-71.97992";"-61.54987";"-295.8915";"-139.5217";"-19.5351";"-281.8688";"-71.97992";"-61.54987";"-295.8915";"-139.5217";"-19.5351"
"700.7";"-281.848";"-71.98529";"-61.46936";"-296.4206";"-139.4644";"-19.59027";"-281.848";"-71.98529";"-61.46936";"-296.4206";"-139.4644";"-19.59027"
"709.0417";"-281.8154";"-71.97076";"-59.05658";"-295.1242";"-139.3425";"-19.6557";"-281.8154";"-71.97076";"-59.05658";"-295.1242";"-139.3425";"-19.6557"
"717.3834";"-281.7985";"-71.97864";"-58.0304";"-295.0637";"-139.2443";"-19.68829";"-281.7985";"-71.97864";"-58.0304";"-295.0637";"-139.2443";"-19.68829"
"725.725";"-281.7686";"-71.94897";"-58.07367";"-295.5995";"-139.1199";"-19.75085";"-281.7686";"-71.94897";"-58.07367";"-295.5995";"-139.1199";"-19.75085"
"734.0667";"-281.7543";"-71.96289";"-58.01489";"-296.0544";"-139.0952";"-19.76996";"-281.7543";"-71.96289";"-58.01489";"-296.0544";"-139.0952";"-19.76996"
"742.4083";"-281.7293";"-71.96234";"-58.505";"-295.1379";"-138.9647";"-19.79181";"-281.7293";"-71.96234";"-58.505";"-295.1379";"-138.9647";"-19.79181"
"750.75";"-281.7046";"-71.95398";"-57.97571";"-295.6611";"-138.8925";"-19.82794";"-281.7046";"-71.95398";"-57.97571";"-295.6611";"-138.8925";"-19.82794"
"759.0917";"-281.6605";"-71.95837";"-52.50763";"-296.0444";"-138.743";"-19.86243";"-281.6605";"-71.95837";"-52.50763";"-296.0444";"-138.743";"-19.86243"
"767.4333";"-281.6469";"-71.96832";"-55.66479";"-295.9404";"-138.698";"-19.9021";"-281.6469";"-71.96832";"-55.66479";"-295.9404";"-138.698";"-19.9021"
"775.775";"-281.6225";"-71.95905";"-58.29761";"-295.8893";"-138.6138";"-19.92987";"-281.6225";"-71.95905";"-58.29761";"-295.8893";"-138.6138";"-19.92987"
"784.1166";"-281.6031";"-71.922";"-57.38715";"-295.4202";"-138.5368";"-19.97131";"-281.6031";"-71.922";"-57.38715";"-295.4202";"-138.5368";"-19.97131"
"792.4583";"-281.5936";"-71.9519";"-55.6098";"-295.5601";"-138.4147";"-20.02832";"-281.5936";"-71.9519";"-55.6098";"-295.5601";"-138.4147";"-20.02832"
"800.8";"-281.574";"-71.92242";"-64.00446";"-296.5007";"-138.353";"-20.04858";"-281.574";"-71.92242";"-64.00446";"-296.5007";"-138.353";"-20.04858"
"809.1417";"-281.5342";"-71.9397";"-54.74774";"-296.8944";"-138.2569";"-20.06616";"-281.5342";"-71.9397";"-54.74774";"-296.8944";"-138.2569";"-20.06616"
"817.4833";"-280.7263";"-71.91919";"-57.55206";"-296.3565";"-138.1917";"-20.09601";"-280.7263";"-71.91919";"-57.55206";"-296.3565";"-138.1917";"-20.09601"
"825.825";"-280.9665";"-72.02826";"-55.16626";"-296.7337";"-138.0952";"-20.14069";"-280.9665";"-72.02826";"-55.16626";"-296.7337";"-138.0952";"-20.14069"
"834.1667";"-280.9448";"-72.01917";"-50.73401";"-297.0338";"-138.0265";"-20.16675";"-280.9448";"-72.01917";"-50.73401";"-297.0338";"-138.0265";"-20.16675"
"842.5084";"-280.9124";"-72.00781";"-50.48944";"-296.7671";"-137.8696";"-20.18921";"-280.9124";"-72.00781";"-50.48944";"-296.7671";"-137.8696";"-20.18921"
"850.85";"-280.8898";"-72.01611";"-50.40094";"-297.1696";"-137.8485";"-20.20343";"-280.8898";"-72.01611";"-50.40094";"-297.1696";"-137.8485";"-20.20343"
"859.1917";"-280.8826";"-72.00006";"-52.08258";"-297.2875";"-137.763";"-20.26794";"-280.8826";"-72.00006";"-52.08258";"-297.2875";"-137.763";"-20.26794"
"867.5333";"-280.853";"-72.00958";"-52.38837";"-296.5739";"-137.691";"-20.29852";"-280.853";"-72.00958";"-52.38837";"-296.5739";"-137.691";"-20.29852"
"875.875";"-280.8408";"-71.99939";"-49.55396";"-297.2474";"-137.5536";"-20.32428";"-280.8408";"-71.99939";"-49.55396";"-297.2474";"-137.5536";"-20.32428"
"884.2167";"-280.8157";"-71.98883";"-50.71661";"-296.8115";"-137.4998";"-20.35443";"-280.8157";"-71.98883";"-50.71661";"-296.8115";"-137.4998";"-20.35443"
"892.5583";"-280.783";"-71.94092";"-50.12396";"-296.8511";"-137.3296";"-20.37665";"-280.783";"-71.94092";"-50.12396";"-296.8511";"-137.3296";"-20.37665"
"900.9";"-280.7417";"-71.96619";"-48.38898";"-296.9208";"-137.2932";"-20.39288";"-280.7417";"-71.96619";"-48.38898";"-296.9208";"-137.2932";"-20.39288"
"909.2416";"-280.7309";"-71.95361";"-47.88031";"-297.1669";"-137.1359";"-20.40375";"-280.7309";"-71.95361";"-47.88031";"-297.1669";"-137.1359";"-20.40375"
"917.5833";"-280.7141";"-71.95667";"-48.33685";"-297.7805";"-137.0823";"-20.42157";"-280.7141";"-71.95667";"-48.33685";"-297.7805";"-137.0823";"-20.42157"
"925.925";"-280.6798";"-71.93427";"-47.91254";"-298.0212";"-137.012";"-20.46014";"-280.6798";"-71.93427";"-47.91254";"-298.0212";"-137.012";"-20.46014"
"934.2667";"-280.6378";"-71.9364";"-52.01056";"-297.6469";"-136.9042";"-20.46887";"-280.6378";"-71.9364";"-52.01056";"-297.6469";"-136.9042";"-20.46887"
"942.6083";"-280.629";"-71.92035";"-48.0611";"-297.794";"-136.7839";"-20.5025";"-280.629";"-71.92035";"-48.0611";"-297.794";"-136.7839";"-20.5025"
"950.95";"-280.6038";"-71.93439";"-48.05957";"-298.0453";"-136.7468";"-20.5498";"-280.6038";"-71.93439";"-48.05957";"-298.0453";"-136.7468";"-20.5498"
"959.2917";"-280.5698";"-71.91315";"-48.03613";"-297.8853";"-136.6586";"-20.54565";"-280.5698";"-71.91315";"-48.03613";"-297.8853";"-136.6586";"-20.54565"
"967.6334";"-280.5363";"-71.91498";"-47.93854";"-297.6758";"-136.4969";"-20.59302";"-280.5363";"-71.91498";"-47.93854";"-297.6758";"-136.4969";"-20.59302"
"975.975";"-280.5345";"-71.89252";"-53.86139";"-298.8022";"-136.418";"-20.6131";"-280.5345";"-71.89252";"-53.86139";"-298.8022";"-136.418";"-20.6131"
"984.3167";"-279.8758";"-71.88947";"-48.75128";"-300.4882";"-136.3448";"-20.62982";"-279.8758";"-71.88947";"-48.75128";"-300.4882";"-136.3448";"-20.62982"
"992.6583";"-279.9714";"-72.00916";"-54.90479";"-298.0425";"-136.2698";"-20.6817";"-279.9714";"-72.00916";"-54.90479";"-298.0425";"-136.2698";"-20.6817"
"1001";"-279.9356";"-72.00854";"-60.53058";"-298.9262";"-136.1118";"-20.71277";"-279.9356";"-72.00854";"-60.53058";"-298.9262";"-136.1118";"-20.71277"
"1009.342";"-279.9117";"-72.0036";"-60.53058";"-298.9262";"-136.0444";"-20.72913";"-279.9117";"-72.0036";"-60.53058";"-298.9262";"-136.0444";"-20.72913"
"1017.683";"-279.8849";"-72.01477";"-56.12775";"-298.9991";"-136.0175";"-20.74377";"-279.8849";"-72.01477";"-56.12775";"-298.9991";"-136.0175";"-20.74377"
"1026.025";"-279.8339";"-72.00354";"-53.29633";"-297.9463";"-135.8663";"-20.76746";"-279.8339";"-72.00354";"-53.29633";"-297.9463";"-135.8663";"-20.76746"
"1034.367";"-279.8242";"-71.9975";"-56.03375";"-297.9996";"-135.7924";"-20.81262";"-279.8242";"-71.9975";"-56.03375";"-297.9996";"-135.7924";"-20.81262"
"1042.708";"-279.7547";"-71.99103";"-57.39178";"-297.6279";"-135.6927";"-20.86139";"-279.7547";"-71.99103";"-57.39178";"-297.6279";"-135.6927";"-20.86139"
"1051.05";"-279.7418";"-71.96307";"-57.00372";"-297.9877";"-135.634";"-20.87897";"-279.7418";"-71.96307";"-57.00372";"-297.9877";"-135.634";"-20.87897"
"1059.392";"-279.7154";"-71.96149";"-56.36438";"-298.9653";"-135.4565";"-20.87085";"-279.7154";"-71.96149";"-56.36438";"-298.9653";"-135.4565";"-20.87085"
"1067.733";"-279.6838";"-71.96686";"-48.96143";"-297.5555";"-135.3928";"-20.90411";"-279.6838";"-71.96686";"-48.96143";"-297.5555";"-135.3928";"-20.90411"
"1076.075";"-279.6296";"-71.9458";"-48.39069";"-297.9114";"-135.2905";"-20.90344";"-279.6296";"-71.9458";"-48.39069";"-297.9114";"-135.2905";"-20.90344"
"1084.417";"-279.6035";"-71.92041";"-48.80231";"-297.0497";"-135.1719";"-20.92834";"-279.6035";"-71.92041";"-48.80231";"-297.0497";"-135.1719";"-20.92834"
"1092.758";"-279.5511";"-71.92554";"-46.28021";"-298.1319";"-135.0812";"-20.95502";"-279.5511";"-71.92554";"-46.28021";"-298.1319";"-135.0812";"-20.95502"
"1101.1";"-279.5368";"-71.91833";"-47.44489";"-297.9581";"-135.0269";"-20.98364";"-279.5368";"-71.91833";"-47.44489";"-297.9581";"-135.0269";"-20.98364"
"1109.442";"-279.1675";"-71.79932";"-51.15039";"-297.9786";"-134.8895";"-20.99573";"-279.1675";"-71.79932";"-51.15039";"-297.9786";"-134.8895";"-20.99573"
"1117.783";"-278.9667";"-72.05353";"-49.91394";"-297.4633";"-134.8347";"-21.00775";"-278.9667";"-72.05353";"-49.91394";"-297.4633";"-134.8347";"-21.00775"
"1126.125";"-278.8684";"-72.06531";"-46.28479";"-297.9724";"-134.7036";"-21.03961";"-278.8684";"-72.06531";"-46.28479";"-297.9724";"-134.7036";"-21.03961"
"1134.467";"-278.855";"-72.05426";"-46.13947";"-298.0771";"-134.6455";"-21.07349";"-278.855";"-72.05426";"-46.13947";"-298.0771";"-134.6455";"-21.07349"
"1142.808";"-278.8223";"-72.01678";"-45.91467";"-296.9203";"-134.486";"-21.08618";"-278.8223";"-72.01678";"-45.91467";"-296.9203";"-134.486";"-21.08618"
"1151.15";"-278.7877";"-72.02563";"-45.96375";"-297.4028";"-134.4467";"-21.10028";"-278.7877";"-72.02563";"-45.96375";"-297.4028";"-134.4467";"-21.10028"
"1159.492";"-278.7574";"-72.0119";"-46.68848";"-297.9036";"-134.3518";"-21.12268";"-278.7574";"-72.0119";"-46.68848";"-297.9036";"-134.3518";"-21.12268"
"1167.833";"-278.7";"-72.00049";"-45.68347";"-297.4356";"-134.2941";"-21.15045";"-278.7";"-72.00049";"-45.68347";"-297.4356";"-134.2941";"-21.15045"
"1176.175";"-278.5541";"-72.03235";"-47.2019";"-297.0054";"-134.1005";"-21.146";"-278.5541";"-72.03235";"-47.2019";"-297.0054";"-134.1005";"-21.146"
"1184.517";"-278.5161";"-72.03607";"-47.03894";"-297.0452";"-134.0941";"-21.15625";"-278.5161";"-72.03607";"-47.03894";"-297.0452";"-134.0941";"-21.15625"
"1192.858";"-277.1787";"-71.32898";"-47.06433";"-297.1433";"-133.9941";"-21.17865";"-277.1787";"-71.32898";"-47.06433";"-297.1433";"-133.9941";"-21.17865"
"1201.2";"-276.9771";"-70.98553";"-46.84772";"-297.0303";"-133.8966";"-21.19629";"-276.9771";"-70.98553";"-46.84772";"-297.0303";"-133.8966";"-21.19629"
"1209.542";"-276.9055";"-70.99042";"-48.08856";"-297.2332";"-133.7676";"-21.21075";"-276.9055";"-70.99042";"-48.08856";"-297.2332";"-133.7676";"-21.21075"
"1217.883";"-276.8451";"-70.99982";"-48.14362";"-296.9274";"-133.7374";"-21.22455";"-276.8451";"-70.99982";"-48.14362";"-296.9274";"-133.7374";"-21.22455"
"1226.225";"-276.7195";"-70.99036";"-47.29163";"-297.2911";"-133.6";"-21.23163";"-276.7195";"-70.99036";"-47.29163";"-297.2911";"-133.6";"-21.23163"
"1234.567";"-276.6996";"-70.98181";"-48.36426";"-297.6562";"-133.5263";"-21.22742";"-276.6996";"-70.98181";"-48.36426";"-297.6562";"-133.5263";"-21.22742"
"1242.908";"-276.5638";"-71.00909";"-47.12634";"-297.033";"-133.4117";"-21.23163";"-276.5638";"-71.00909";"-47.12634";"-297.033";"-133.4117";"-21.23163"
"1251.25";"-276.5035";"-71.00836";"-47.59686";"-296.9025";"-133.2866";"-21.23358";"-276.5035";"-71.00836";"-47.59686";"-296.9025";"-133.2866";"-21.23358"
"1259.592";"-276.351";"-70.93884";"-47.80035";"-297.5892";"-133.1848";"-21.2558";"-276.351";"-70.93884";"-47.80035";"-297.5892";"-133.1848";"-21.2558"
"1267.933";"-276.3055";"-70.92432";"-48.22717";"-298.0439";"-133.0526";"-21.25641";"-276.3055";"-70.92432";"-48.22717";"-298.0439";"-133.0526";"-21.25641"
"1276.275";"-276.2032";"-70.9491";"-48.22015";"-297.9237";"-132.9686";"-21.26837";"-276.2032";"-70.9491";"-48.22015";"-297.9237";"-132.9686";"-21.26837"
"1284.617";"-276.1477";"-70.95074";"-47.97986";"-297.8848";"-132.942";"-21.28973";"-276.1477";"-70.95074";"-47.97986";"-297.8848";"-132.942";"-21.28973"
"1292.958";"-276.0113";"-70.93402";"-46.5885";"-297.7241";"-132.7648";"-21.27673";"-276.0113";"-70.93402";"-46.5885";"-297.7241";"-132.7648";"-21.27673"
"1301.3";"-275.9486";"-70.94598";"-52.70789";"-297.6041";"-132.7076";"-21.29517";"-275.9486";"-70.94598";"-52.70789";"-297.6041";"-132.7076";"-21.29517"
"1309.642";"-275.8062";"-70.95453";"-46.03693";"-297.9716";"-132.5715";"-21.30298";"-275.8062";"-70.95453";"-46.03693";"-297.9716";"-132.5715";"-21.30298"
"1317.983";"-275.7675";"-70.9494";"-46.61505";"-298.0999";"-132.5085";"-21.30792";"-275.7675";"-70.9494";"-46.61505";"-298.0999";"-132.5085";"-21.30792"
"1326.325";"-275.656";"-70.94611";"-44.90582";"-298.1299";"-132.4076";"-21.29626";"-275.656";"-70.94611";"-44.90582";"-298.1299";"-132.4076";"-21.29626"
"1334.667";"-275.5842";"-70.94891";"-43.40106";"-297.9361";"-132.2729";"-21.29846";"-275.5842";"-70.94891";"-43.40106";"-297.9361";"-132.2729";"-21.29846"
"1343.008";"-275.4415";"-70.83417";"-43.95569";"-297.9805";"-132.1605";"-21.29724";"-275.4415";"-70.83417";"-43.95569";"-297.9805";"-132.1605";"-21.29724"
"1351.35";"-275.3527";"-70.85504";"-45.5202";"-297.993";"-132.1166";"-21.31049";"-275.3527";"-70.85504";"-45.5202";"-297.993";"-132.1166";"-21.31049"
"1359.692";"-275.2695";"-70.83789";"-44.76599";"-298.0709";"-131.9728";"-21.29535";"-275.2695";"-70.83789";"-44.76599";"-298.0709";"-131.9728";"-21.29535"
"1368.033";"-275.1328";"-70.84125";"-43.96063";"-297.8794";"-131.8619";"-21.30365";"-275.1328";"-70.84125";"-43.96063";"-297.8794";"-131.8619";"-21.30365"
"1376.375";"-275.0532";"-70.85834";"-44.01678";"-297.5788";"-131.7615";"-21.30865";"-275.0532";"-70.85834";"-44.01678";"-297.5788";"-131.7615";"-21.30865"
"1384.717";"-274.9929";"-70.86139";"-44.5343";"-298.7917";"-131.7145";"-21.32147";"-274.9929";"-70.86139";"-44.5343";"-298.7917";"-131.7145";"-21.32147"
"1393.058";"-274.8668";"-70.8349";"-44.20966";"-298.7715";"-131.6137";"-21.32153";"-274.8668";"-70.8349";"-44.20966";"-298.7715";"-131.6137";"-21.32153"
"1401.4";"-274.8219";"-70.85797";"-43.40399";"-298.5584";"-131.5582";"-21.32458";"-274.8219";"-70.85797";"-43.40399";"-298.5584";"-131.5582";"-21.32458"
"1409.742";"-274.7083";"-70.87836";"-44.16986";"-299.3201";"-131.3635";"-21.34155";"-274.7083";"-70.87836";"-44.16986";"-299.3201";"-131.3635";"-21.34155"
"1418.083";"-274.6508";"-70.85168";"-43.50067";"-299.2769";"-131.2903";"-21.33228";"-274.6508";"-70.85168";"-43.50067";"-299.2769";"-131.2903";"-21.33228"
"1426.425";"-274.4828";"-70.75745";"-43.6123";"-297.9617";"-131.1431";"-21.34424";"-274.4828";"-70.75745";"-43.6123";"-297.9617";"-131.1431";"-21.34424"
"1434.767";"-274.4155";"-70.75665";"-45.0224";"-297.29";"-131.0909";"-21.34271";"-274.4155";"-70.75665";"-45.0224";"-297.29";"-131.0909";"-21.34271"
"1443.108";"-274.2579";"-70.76929";"-45.0224";"-297.29";"-130.9402";"-21.33789";"-274.2579";"-70.76929";"-45.0224";"-297.29";"-130.9402";"-21.33789"
"1451.45";"-274.2302";"-70.76184";"-45.0224";"-297.29";"-130.9164";"-21.35065";"-274.2302";"-70.76184";"-45.0224";"-297.29";"-130.9164";"-21.35065"
"1459.792";"-274.0995";"-70.76294";"-45.0224";"-297.29";"-130.8195";"-21.34406";"-274.0995";"-70.76294";"-45.0224";"-297.29";"-130.8195";"-21.34406"
"1468.133";"-274.0327";"-70.75757";"-45.0224";"-297.29";"-130.7381";"-21.35913";"-274.0327";"-70.75757";"-45.0224";"-297.29";"-130.7381";"-21.35913"
"1476.475";"-273.9195";"-70.74438";"-45.0224";"-297.29";"-130.5801";"-21.35547";"-273.9195";"-70.74438";"-45.0224";"-297.29";"-130.5801";"-21.35547"
"1484.817";"-273.8466";"-70.76788";"-45.0224";"-297.29";"-130.5135";"-21.36218";"-273.8466";"-70.76788";"-45.0224";"-297.29";"-130.5135";"-21.36218"
"1493.158";"-273.7038";"-70.72076";"-45.0224";"-297.29";"-130.3724";"-21.35895";"-273.7038";"-70.72076";"-45.0224";"-297.29";"-130.3724";"-21.35895"
"1501.5";"-273.65";"-70.73431";"-45.0224";"-297.29";"-130.2739";"-21.36139";"-273.65";"-70.73431";"-45.0224";"-297.29";"-130.2739";"-21.36139"
"1509.842";"-273.4778";"-70.70667";"-45.0224";"-297.29";"-130.1381";"-21.37061";"-273.4778";"-70.70667";"-45.0224";"-297.29";"-130.1381";"-21.37061"
"1518.183";"-273.3907";"-70.70703";"-45.0224";"-297.29";"-130.0975";"-21.33966";"-273.3907";"-70.70703";"-45.0224";"-297.29";"-130.0975";"-21.33966"
"1526.525";"-273.2358";"-70.71954";"-45.0224";"-297.29";"-129.9576";"-21.31738";"-273.2358";"-70.71954";"-45.0224";"-297.29";"-129.9576";"-21.31738"
"1534.867";"-273.0854";"-70.7124";"-45.0224";"-297.29";"-129.8479";"-21.29431";"-273.0854";"-70.7124";"-45.0224";"-297.29";"-129.8479";"-21.29431"
"1543.208";"-273.0335";"-70.7196";"-45.0224";"-297.29";"-129.7501";"-21.28906";"-273.0335";"-70.7196";"-45.0224";"-297.29";"-129.7501";"-21.28906"
"1551.55";"-272.9493";"-70.71429";"-45.0224";"-297.29";"-129.6822";"-21.29797";"-272.9493";"-70.71429";"-45.0224";"-297.29";"-129.6822";"-21.29797"
"1559.892";"-272.8118";"-70.73352";"-45.0224";"-297.29";"-129.5177";"-21.26855";"-272.8118";"-70.73352";"-45.0224";"-297.29";"-129.5177";"-21.26855"
"1568.233";"-272.7444";"-70.76208";"-45.0224";"-297.29";"-129.4808";"-21.24908";"-272.7444";"-70.76208";"-45.0224";"-297.29";"-129.4808";"-21.24908"
"1576.575";"-272.6325";"-70.73651";"-45.0224";"-297.29";"-129.3482";"-21.24249";"-272.6325";"-70.73651";"-45.0224";"-297.29";"-129.3482";"-21.24249"
"1584.917";"-272.5289";"-70.75122";"-45.0224";"-297.29";"-129.2391";"-21.23547";"-272.5289";"-70.75122";"-45.0224";"-297.29";"-129.2391";"-21.23547"
"1593.258";"-272.3624";"-70.68207";"-45.0224";"-297.29";"-129.1248";"-21.19757";"-272.3624";"-70.68207";"-45.0224";"-297.29";"-129.1248";"-21.19757"
"1601.6";"-272.2776";"-70.72253";"-45.0224";"-297.29";"-129.0865";"-21.21747";"-272.2776";"-70.72253";"-45.0224";"-297.29";"-129.0865";"-21.21747"
"1609.942";"-272.1476";"-70.67212";"-45.0224";"-297.29";"-128.9084";"-21.2074";"-272.1476";"-70.67212";"-45.0224";"-297.29";"-128.9084";"-21.2074"
"1618.283";"-272.065";"-70.73615";"-45.0224";"-297.29";"-128.8234";"-21.22205";"-272.065";"-70.73615";"-45.0224";"-297.29";"-128.8234";"-21.22205"
"1626.625";"-271.9259";"-70.69482";"-45.0224";"-297.29";"-128.6835";"-21.20502";"-271.9259";"-70.69482";"-45.0224";"-297.29";"-128.6835";"-21.20502"
"1634.967";"-271.8677";"-70.72742";"-45.0224";"-297.29";"-128.6191";"-21.20844";"-271.8677";"-70.72742";"-45.0224";"-297.29";"-128.6191";"-21.20844"
"1643.308";"-271.7252";"-70.71008";"-45.0224";"-297.29";"-128.4949";"-21.19916";"-271.7252";"-70.71008";"-45.0224";"-297.29";"-128.4949";"-21.19916"
"1651.65";"-271.6318";"-70.74414";"-45.0224";"-297.29";"-128.4576";"-21.18988";"-271.6318";"-70.74414";"-45.0224";"-297.29";"-128.4576";"-21.18988"
"1659.992";"-271.4758";"-70.66205";"-45.0224";"-297.29";"-128.2983";"-21.17737";"-271.4758";"-70.66205";"-45.0224";"-297.29";"-128.2983";"-21.17737"
"1668.333";"-271.4139";"-70.69666";"-45.0224";"-297.29";"-128.2085";"-21.14941";"-271.4139";"-70.69666";"-45.0224";"-297.29";"-128.2085";"-21.14941"
"1676.675";"-271.2424";"-70.69019";"-45.0224";"-297.29";"-128.0691";"-21.1615";"-271.2424";"-70.69019";"-45.0224";"-297.29";"-128.0691";"-21.1615"
"1685.017";"-271.2004";"-70.68909";"-45.0224";"-297.29";"-127.9523";"-21.13519";"-271.2004";"-70.68909";"-45.0224";"-297.29";"-127.9523";"-21.13519"
"1693.358";"-271.0486";"-70.70831";"-45.0224";"-297.29";"-127.8458";"-21.1391";"-271.0486";"-70.70831";"-45.0224";"-297.29";"-127.8458";"-21.1391"
"1701.7";"-271.0123";"-70.69788";"-45.0224";"-297.29";"-127.7822";"-21.14124";"-271.0123";"-70.69788";"-45.0224";"-297.29";"-127.7822";"-21.14124"
"1710.042";"-270.837";"-70.74457";"-45.0224";"-297.29";"-127.6427";"-21.1026";"-270.837";"-70.74457";"-45.0224";"-297.29";"-127.6427";"-21.1026"
"1718.383";"-270.7863";"-70.69421";"-45.0224";"-297.29";"-127.5839";"-21.10297";"-270.7863";"-70.69421";"-45.0224";"-297.29";"-127.5839";"-21.10297"
"1726.725";"-270.595";"-70.77039";"-45.0224";"-297.29";"-127.4225";"-21.11792";"-270.595";"-70.77039";"-45.0224";"-297.29";"-127.4225";"-21.11792"
"1735.067";"-270.57";"-70.73468";"-45.0224";"-297.29";"-127.3063";"-21.08008";"-270.57";"-70.73468";"-45.0224";"-297.29";"-127.3063";"-21.08008"
"1743.408";"-270.4003";"-70.71881";"-45.0224";"-297.29";"-127.2095";"-21.07806";"-270.4003";"-70.71881";"-45.0224";"-297.29";"-127.2095";"-21.07806"
"1751.75";"-270.3419";"-70.69263";"-45.0224";"-297.29";"-127.1262";"-21.07965";"-270.3419";"-70.69263";"-45.0224";"-297.29";"-127.1262";"-21.07965"
"1760.092";"-270.1586";"-70.742";"-45.0224";"-297.29";"-126.9742";"-21.06842";"-270.1586";"-70.742";"-45.0224";"-297.29";"-126.9742";"-21.06842"
"1768.433";"-270.1246";"-70.70844";"-45.0224";"-297.29";"-126.9197";"-21.05573";"-270.1246";"-70.70844";"-45.0224";"-297.29";"-126.9197";"-21.05573"
"1776.775";"-269.9669";"-70.76147";"-45.0224";"-297.29";"-126.8085";"-21.06079";"-269.9669";"-70.76147";"-45.0224";"-297.29";"-126.8085";"-21.06079"
"1785.117";"-269.9147";"-70.72522";"-45.0224";"-297.29";"-126.7625";"-21.07013";"-269.9147";"-70.72522";"-45.0224";"-297.29";"-126.7625";"-21.07013"
"1793.458";"-269.8145";"-70.72791";"-45.0224";"-297.29";"-126.5691";"-21.01794";"-269.8145";"-70.72791";"-45.0224";"-297.29";"-126.5691";"-21.01794"
"1801.8";"-269.7359";"-70.71686";"-45.0224";"-297.29";"-126.5341";"-21.02185";"-269.7359";"-70.71686";"-45.0224";"-297.29";"-126.5341";"-21.02185"
"1810.142";"-269.5427";"-70.7287";"-45.0224";"-297.29";"-126.4041";"-21.02417";"-269.5427";"-70.7287";"-45.0224";"-297.29";"-126.4041";"-21.02417"
"1818.483";"-269.4915";"-70.64459";"-45.0224";"-297.29";"-126.2682";"-21.00281";"-269.4915";"-70.64459";"-45.0224";"-297.29";"-126.2682";"-21.00281"
"1826.825";"-269.3106";"-70.65649";"-45.0224";"-297.29";"-126.1431";"-21.00409";"-269.3106";"-70.65649";"-45.0224";"-297.29";"-126.1431";"-21.00409"
"1835.167";"-269.2457";"-70.67407";"-45.0224";"-297.29";"-126.11";"-20.99884";"-269.2457";"-70.67407";"-45.0224";"-297.29";"-126.11";"-20.99884"
"1843.508";"-269.1391";"-70.64459";"-45.0224";"-297.29";"-125.9614";"-20.99475";"-269.1391";"-70.64459";"-45.0224";"-297.29";"-125.9614";"-20.99475"
"1851.85";"-269.0622";"-70.68768";"-45.0224";"-297.29";"-125.8455";"-20.97906";"-269.0622";"-70.68768";"-45.0224";"-297.29";"-125.8455";"-20.97906"
"1860.192";"-268.9042";"-70.67499";"-45.0224";"-297.29";"-125.7676";"-20.95874";"-268.9042";"-70.67499";"-45.0224";"-297.29";"-125.7676";"-20.95874"
"1868.533";"-268.8644";"-70.66296";"-45.0224";"-297.29";"-125.6163";"-20.94507";"-268.8644";"-70.66296";"-45.0224";"-297.29";"-125.6163";"-20.94507"
"1876.875";"-268.7287";"-70.66193";"-45.0224";"-297.29";"-125.5358";"-20.95544";"-268.7287";"-70.66193";"-45.0224";"-297.29";"-125.5358";"-20.95544"
"1885.217";"-268.6704";"-70.66473";"-45.0224";"-297.29";"-125.4432";"-20.95264";"-268.6704";"-70.66473";"-45.0224";"-297.29";"-125.4432";"-20.95264"
"1893.558";"-268.4536";"-70.60779";"-45.0224";"-297.29";"-125.2603";"-20.92676";"-268.4536";"-70.60779";"-45.0224";"-297.29";"-125.2603";"-20.92676"
"1901.9";"-268.3676";"-70.61975";"-45.0224";"-297.29";"-125.2324";"-20.90704";"-268.3676";"-70.61975";"-45.0224";"-297.29";"-125.2324";"-20.90704"
"1910.242";"-268.2328";"-70.61505";"-45.0224";"-297.29";"-125.0227";"-20.90997";"-268.2328";"-70.61505";"-45.0224";"-297.29";"-125.0227";"-20.90997"
"1918.583";"-268.1523";"-70.63104";"-45.0224";"-297.29";"-124.9778";"-20.91345";"-268.1523";"-70.63104";"-45.0224";"-297.29";"-124.9778";"-20.91345"
"1926.925";"-268.0079";"-70.6275";"-45.0224";"-297.29";"-124.8824";"-20.9046";"-268.0079";"-70.6275";"-45.0224";"-297.29";"-124.8824";"-20.9046"
"1935.267";"-267.9667";"-70.62592";"-45.0224";"-297.29";"-124.7257";"-20.92242";"-267.9667";"-70.62592";"-45.0224";"-297.29";"-124.7257";"-20.92242"
"1943.608";"-267.8059";"-70.62231";"-45.0224";"-297.29";"-124.6209";"-20.91577";"-267.8059";"-70.62231";"-45.0224";"-297.29";"-124.6209";"-20.91577"
"1951.95";"-267.7555";"-70.64539";"-45.0224";"-297.29";"-124.5309";"-20.88849";"-267.7555";"-70.64539";"-45.0224";"-297.29";"-124.5309";"-20.88849"
"1960.292";"-267.5391";"-70.60681";"-45.0224";"-297.29";"-124.4283";"-20.87512";"-267.5391";"-70.60681";"-45.0224";"-297.29";"-124.4283";"-20.87512"
"1968.633";"-267.494";"-70.53284";"-45.0224";"-297.29";"-124.2964";"-20.88916";"-267.494";"-70.53284";"-45.0224";"-297.29";"-124.2964";"-20.88916"
"1976.975";"-267.3459";"-70.55457";"-45.0224";"-297.29";"-124.1797";"-20.87555";"-267.3459";"-70.55457";"-45.0224";"-297.29";"-124.1797";"-20.87555"
"1985.317";"-267.303";"-70.54614";"-45.0224";"-297.29";"-124.0829";"-20.87402";"-267.303";"-70.54614";"-45.0224";"-297.29";"-124.0829";"-20.87402"
"1993.658";"-267.1299";"-70.57526";"-45.0224";"-297.29";"-124.0013";"-20.86908";"-267.1299";"-70.57526";"-45.0224";"-297.29";"-124.0013";"-20.86908"
"2002";"-267.0855";"-70.57703";"-45.0224";"-297.29";"-123.906";"-20.85712";"-267.0855";"-70.57703";"-45.0224";"-297.29";"-123.906";"-20.85712"
"2010.342";"-266.9321";"-70.55676";"-45.0224";"-297.29";"-123.7585";"-20.87354";"-266.9321";"-70.55676";"-45.0224";"-297.29";"-123.7585";"-20.87354"
"2018.683";"-266.8939";"-70.57867";"-45.0224";"-297.29";"-123.6198";"-20.83008";"-266.8939";"-70.57867";"-45.0224";"-297.29";"-123.6198";"-20.83008"
"2027.025";"-266.7087";"-70.57489";"-45.0224";"-297.29";"-123.5186";"-20.86395";"-266.7087";"-70.57489";"-45.0224";"-297.29";"-123.5186";"-20.86395"
"2035.367";"-266.6627";"-70.57788";"-45.0224";"-297.29";"-123.4482";"-20.85345";"-266.6627";"-70.57788";"-45.0224";"-297.29";"-123.4482";"-20.85345"
"2043.708";"-266.4705";"-70.51318";"-45.0224";"-297.29";"-123.3132";"-20.81891";"-266.4705";"-70.51318";"-45.0224";"-297.29";"-123.3132";"-20.81891"
"2052.05";"-266.4453";"-70.51086";"-45.0224";"-297.29";"-123.2299";"-20.81451";"-266.4453";"-70.51086";"-45.0224";"-297.29";"-123.2299";"-20.81451"
"2060.392";"-266.2411";"-70.54822";"-45.0224";"-297.29";"-123.082";"-20.80884";"-266.2411";"-70.54822";"-45.0224";"-297.29";"-123.082";"-20.80884"
"2068.733";"-266.2172";"-70.52356";"-45.0224";"-297.29";"-123.0438";"-20.7998";"-266.2172";"-70.52356";"-45.0224";"-297.29";"-123.0438";"-20.7998"
"2077.075";"-266.051";"-70.54846";"-45.0224";"-297.29";"-122.9442";"-20.80591";"-266.051";"-70.54846";"-45.0224";"-297.29";"-122.9442";"-20.80591"
"2085.417";"-266.0391";"-70.55682";"-45.0224";"-297.29";"-122.8909";"-20.79108";"-266.0391";"-70.55682";"-45.0224";"-297.29";"-122.8909";"-20.79108"
"2093.758";"-266.0119";"-70.53333";"-45.0224";"-297.29";"-122.8108";"-20.78009";"-266.0119";"-70.53333";"-45.0224";"-297.29";"-122.8108";"-20.78009"
"2102.1";"-266.0045";"-70.52832";"-45.0224";"-297.29";"-122.8048";"-20.7652";"-266.0045";"-70.52832";"-45.0224";"-297.29";"-122.8048";"-20.7652"
"2110.442";"-265.9639";"-70.52673";"-45.0224";"-297.29";"-122.7582";"-20.78516";"-265.9639";"-70.52673";"-45.0224";"-297.29";"-122.7582";"-20.78516"
"2118.783";"-265.9437";"-70.51337";"-45.0224";"-297.29";"-122.7097";"-20.80157";"-265.9437";"-70.51337";"-45.0224";"-297.29";"-122.7097";"-20.80157"
"2127.125";"-265.7257";"-70.49237";"-45.0224";"-297.29";"-122.6317";"-20.81281";"-265.7257";"-70.49237";"-45.0224";"-297.29";"-122.6317";"-20.81281"
"2135.467";"-265.6971";"-70.47052";"-45.0224";"-297.29";"-122.5912";"-20.82092";"-265.6971";"-70.47052";"-45.0224";"-297.29";"-122.5912";"-20.82092"
"2143.808";"-265.6048";"-70.47217";"-45.0224";"-297.29";"-122.535";"-20.82666";"-265.6048";"-70.47217";"-45.0224";"-297.29";"-122.535";"-20.82666"
"2152.15";"-265.572";"-70.45782";"-45.0224";"-297.29";"-122.3919";"-20.83929";"-265.572";"-70.45782";"-45.0224";"-297.29";"-122.3919";"-20.83929"
"2160.492";"-265.3809";"-70.3725";"-45.0224";"-297.29";"-122.2477";"-20.85046";"-265.3809";"-70.3725";"-45.0224";"-297.29";"-122.2477";"-20.85046"
"2168.833";"-265.3129";"-70.34778";"-45.0224";"-297.29";"-122.1147";"-20.87006";"-265.3129";"-70.34778";"-45.0224";"-297.29";"-122.1147";"-20.87006"
"2177.175";"-265.1563";"-70.36053";"-45.0224";"-297.29";"-122.0016";"-20.85815";"-265.1563";"-70.36053";"-45.0224";"-297.29";"-122.0016";"-20.85815"
"2185.517";"-265.1292";"-70.3266";"-45.0224";"-297.29";"-121.9425";"-20.88196";"-265.1292";"-70.3266";"-45.0224";"-297.29";"-121.9425";"-20.88196"
"2193.858";"-265.05";"-70.28442";"-45.0224";"-297.29";"-121.7894";"-20.89111";"-265.05";"-70.28442";"-45.0224";"-297.29";"-121.7894";"-20.89111"
"2202.2";"-264.9515";"-70.26947";"-45.0224";"-297.29";"-121.7386";"-20.89136";"-264.9515";"-70.26947";"-45.0224";"-297.29";"-121.7386";"-20.89136"
"2210.542";"-264.8396";"-70.26526";"-45.0224";"-297.29";"-121.5846";"-20.91284";"-264.8396";"-70.26526";"-45.0224";"-297.29";"-121.5846";"-20.91284"
"2218.883";"-264.7896";"-70.23822";"-45.0224";"-297.29";"-121.5323";"-20.91467";"-264.7896";"-70.23822";"-45.0224";"-297.29";"-121.5323";"-20.91467"
"2227.225";"-264.6086";"-70.24127";"-45.0224";"-297.29";"-121.3254";"-20.92255";"-264.6086";"-70.24127";"-45.0224";"-297.29";"-121.3254";"-20.92255"
"2235.567";"-264.5244";"-70.22107";"-45.0224";"-297.29";"-121.2338";"-20.91461";"-264.5244";"-70.22107";"-45.0224";"-297.29";"-121.2338";"-20.91461"
"2243.908";"-264.3527";"-70.16486";"-45.0224";"-297.29";"-121.054";"-20.91187";"-264.3527";"-70.16486";"-45.0224";"-297.29";"-121.054";"-20.91187"
"2252.25";"-264.2849";"-70.1283";"-45.0224";"-297.29";"-120.9709";"-20.94012";"-264.2849";"-70.1283";"-45.0224";"-297.29";"-120.9709";"-20.94012"
"2260.592";"-264.1661";"-70.07745";"-45.0224";"-297.29";"-120.8196";"-20.93726";"-264.1661";"-70.07745";"-45.0224";"-297.29";"-120.8196";"-20.93726"
"2268.933";"-264.1121";"-70.07245";"-45.0224";"-297.29";"-120.7875";"-20.9538";"-264.1121";"-70.07245";"-45.0224";"-297.29";"-120.7875";"-20.9538"
"2277.275";"-263.9721";"-70.00977";"-45.0224";"-297.29";"-120.6027";"-20.97235";"-263.9721";"-70.00977";"-45.0224";"-297.29";"-120.6027";"-20.97235"
"2285.617";"-263.9394";"-70.00519";"-45.0224";"-297.29";"-120.5436";"-20.98615";"-263.9394";"-70.00519";"-45.0224";"-297.29";"-120.5436";"-20.98615"
"2293.958";"-263.7753";"-70.0116";"-45.0224";"-297.29";"-120.4131";"-20.98224";"-263.7753";"-70.0116";"-45.0224";"-297.29";"-120.4131";"-20.98224"
"2302.3";"-263.7039";"-70.02271";"-45.0224";"-297.29";"-120.2965";"-20.98193";"-263.7039";"-70.02271";"-45.0224";"-297.29";"-120.2965";"-20.98193"
"2310.642";"-263.5178";"-70.01587";"-45.0224";"-297.29";"-120.1782";"-21.00732";"-263.5178";"-70.01587";"-45.0224";"-297.29";"-120.1782";"-21.00732"
"2318.983";"-263.501";"-70.02405";"-45.0224";"-297.29";"-120.1288";"-21.02045";"-263.501";"-70.02405";"-45.0224";"-297.29";"-120.1288";"-21.02045"
"2327.325";"-263.4382";"-69.91797";"-45.0224";"-297.29";"-119.9594";"-21.0368";"-263.4382";"-69.91797";"-45.0224";"-297.29";"-119.9594";"-21.0368"
"2335.667";"-263.3636";"-69.87909";"-45.0224";"-297.29";"-119.9476";"-21.0459";"-263.3636";"-69.87909";"-45.0224";"-297.29";"-119.9476";"-21.0459"
"2344.008";"-263.2129";"-69.92053";"-45.0224";"-297.29";"-119.8561";"-21.05994";"-263.2129";"-69.92053";"-45.0224";"-297.29";"-119.8561";"-21.05994"
"2352.35";"-263.1911";"-69.89111";"-45.0224";"-297.29";"-119.7291";"-21.07629";"-263.1911";"-69.89111";"-45.0224";"-297.29";"-119.7291";"-21.07629"
"2360.692";"-263.0382";"-69.87231";"-45.0224";"-297.29";"-119.6037";"-21.09088";"-263.0382";"-69.87231";"-45.0224";"-297.29";"-119.6037";"-21.09088"
"2369.033";"-262.9899";"-69.86578";"-44.05664";"-296.804";"-119.4531";"-21.09247";"-262.9899";"-69.86578";"-44.05664";"-296.804";"-119.4531";"-21.09247"
"2377.375";"-262.8406";"-69.85846";"-45.18439";"-297.455";"-119.3521";"-21.08813";"-262.8406";"-69.85846";"-45.18439";"-297.455";"-119.3521";"-21.08813"
"2385.717";"-262.7957";"-69.84998";"-42.46735";"-296.7419";"-119.2957";"-21.09271";"-262.7957";"-69.84998";"-42.46735";"-296.7419";"-119.2957";"-21.09271"
"2394.058";"-262.7062";"-69.82239";"-43.82373";"-297.4947";"-119.1383";"-21.10962";"-262.7062";"-69.82239";"-43.82373";"-297.4947";"-119.1383";"-21.10962"
"2402.4";"-262.5945";"-69.78778";"-44.29773";"-296.7241";"-119.0464";"-21.14319";"-262.5945";"-69.78778";"-44.29773";"-296.7241";"-119.0464";"-21.14319"
"2410.742";"-262.4498";"-69.69946";"-44.29773";"-296.7241";"-118.9183";"-21.12488";"-262.4498";"-69.69946";"-44.29773";"-296.7241";"-118.9183";"-21.12488"
"2419.083";"-262.3862";"-69.66077";"-41.99567";"-296.9619";"-118.8353";"-21.138";"-262.3862";"-69.66077";"-41.99567";"-296.9619";"-118.8353";"-21.138"
"2427.425";"-262.2515";"-69.5965";"-42.99481";"-297.1608";"-118.6527";"-21.14496";"-262.2515";"-69.5965";"-42.99481";"-297.1608";"-118.6527";"-21.14496"
"2435.767";"-262.2239";"-69.56805";"-43.43311";"-296.8362";"-118.6125";"-21.1673";"-262.2239";"-69.56805";"-43.43311";"-296.8362";"-118.6125";"-21.1673"
"2444.108";"-262.1085";"-69.55408";"-42.48938";"-297.1074";"-118.4484";"-21.1994";"-262.1085";"-69.55408";"-42.48938";"-297.1074";"-118.4484";"-21.1994"
"2452.45";"-262.0789";"-69.53247";"-41.64575";"-295.8698";"-118.3876";"-21.22394";"-262.0789";"-69.53247";"-41.64575";"-295.8698";"-118.3876";"-21.22394"
"2460.792";"-261.8785";"-69.49335";"-42.25232";"-296.0389";"-118.2646";"-21.24469";"-261.8785";"-69.49335";"-42.25232";"-296.0389";"-118.2646";"-21.24469"
"2469.133";"-261.849";"-69.47131";"-43.08423";"-296.2624";"-118.2077";"-21.27667";"-261.849";"-69.47131";"-43.08423";"-296.2624";"-118.2077";"-21.27667"
"2477.475";"-261.7021";"-69.44379";"-39.26715";"-295.6884";"-118.0435";"-21.36163";"-261.7021";"-69.44379";"-39.26715";"-295.6884";"-118.0435";"-21.36163"
"2485.817";"-261.6659";"-69.4082";"-39.21936";"-295.7242";"-117.9955";"-21.37848";"-261.6659";"-69.4082";"-39.21936";"-295.7242";"-117.9955";"-21.37848"
"2494.158";"-261.6085";"-69.3432";"-38.25934";"-295.977";"-117.8452";"-21.36401";"-261.6085";"-69.3432";"-38.25934";"-295.977";"-117.8452";"-21.36401"
"2502.5";"-261.545";"-69.32001";"-36.42255";"-295.9667";"-117.8309";"-21.38879";"-261.545";"-69.32001";"-36.42255";"-295.9667";"-117.8309";"-21.38879"
"2510.842";"-261.47";"-69.172";"-37.08307";"-296.5168";"-117.7695";"-21.42834";"-261.47";"-69.172";"-37.08307";"-296.5168";"-117.7695";"-21.42834"
"2519.183";"-261.4078";"-69.16254";"-38";"-299";"-117.6378";"-21.4433";"-261.4078";"-69.16254";"-38";"-299";"-117.6378";"-21.4433"
"2527.525";"-261.2677";"-69.17755";"-38.81201";"-298.3358";"-117.4847";"-21.53027";"-261.2677";"-69.17755";"-38.81201";"-298.3358";"-117.4847";"-21.53027"
"2535.867";"-261.1607";"-69.12451";"-38.81201";"-298.3358";"-117.4122";"-21.63074";"-261.1607";"-69.12451";"-38.81201";"-298.3358";"-117.4122";"-21.63074"
"2544.208";"-261.117";"-69.11658";"-38.81201";"-298.3358";"-117.2813";"-21.60992";"-261.117";"-69.11658";"-38.81201";"-298.3358";"-117.2813";"-21.60992"
"2552.55";"-261.0691";"-69.09967";"-38.81201";"-298.3358";"-117.2384";"-21.62012";"-261.0691";"-69.09967";"-38.81201";"-298.3358";"-117.2384";"-21.62012"
"2560.892";"-260.9736";"-69.06561";"-38.81201";"-298.3358";"-117.0573";"-21.63391";"-260.9736";"-69.06561";"-38.81201";"-298.3358";"-117.0573";"-21.63391"
"2569.233";"-260.9352";"-69.04633";"-38.81201";"-298.3358";"-117.0215";"-21.64374";"-260.9352";"-69.04633";"-38.81201";"-298.3358";"-117.0215";"-21.64374"
"2577.575";"-260.8314";"-69.01392";"-38.81201";"-298.3358";"-116.907";"-21.67609";"-260.8314";"-69.01392";"-38.81201";"-298.3358";"-116.907";"-21.67609"
"2585.917";"-260.7621";"-68.97607";"-38.81201";"-298.3358";"-116.8367";"-21.69806";"-260.7621";"-68.97607";"-38.81201";"-298.3358";"-116.8367";"-21.69806"
"2594.258";"-260.6262";"-68.93292";"-38.81201";"-298.3358";"-116.6367";"-21.71918";"-260.6262";"-68.93292";"-38.81201";"-298.3358";"-116.6367";"-21.71918"
"2602.6";"-260.5793";"-68.93042";"-38.81201";"-298.3358";"-116.6039";"-21.75031";"-260.5793";"-68.93042";"-38.81201";"-298.3358";"-116.6039";"-21.75031"
"2610.942";"-260.4241";"-68.82611";"-38.81201";"-298.3358";"-116.4287";"-21.8175";"-260.4241";"-68.82611";"-38.81201";"-298.3358";"-116.4287";"-21.8175"
"2619.283";"-260.3814";"-68.79041";"-38.81201";"-298.3358";"-116.3665";"-21.86029";"-260.3814";"-68.79041";"-38.81201";"-298.3358";"-116.3665";"-21.86029"
"2627.625";"-260.2801";"-68.77386";"-38.81201";"-298.3358";"-116.2125";"-21.86194";"-260.2801";"-68.77386";"-38.81201";"-298.3358";"-116.2125";"-21.86194"
"2635.967";"-260.2285";"-68.74878";"-38.81201";"-298.3358";"-116.1594";"-21.86536";"-260.2285";"-68.74878";"-38.81201";"-298.3358";"-116.1594";"-21.86536"
"2644.308";"-260.0974";"-68.73151";"-38.81201";"-298.3358";"-116.0236";"-21.90485";"-260.0974";"-68.73151";"-38.81201";"-298.3358";"-116.0236";"-21.90485"
"2652.65";"-260.0661";"-68.70685";"-38.81201";"-298.3358";"-115.9264";"-21.88824";"-260.0661";"-68.70685";"-38.81201";"-298.3358";"-115.9264";"-21.88824"
"2660.992";"-260.0021";"-68.63208";"-38.81201";"-298.3358";"-115.8364";"-21.94177";"-260.0021";"-68.63208";"-38.81201";"-298.3358";"-115.8364";"-21.94177"
"2669.333";"-259.895";"-68.62292";"-38.81201";"-298.3358";"-115.7403";"-21.96069";"-259.895";"-68.62292";"-38.81201";"-298.3358";"-115.7403";"-21.96069"
"2677.675";"-259.8386";"-68.56165";"-38.81201";"-298.3358";"-115.6575";"-21.99512";"-259.8386";"-68.56165";"-38.81201";"-298.3358";"-115.6575";"-21.99512"
"2686.017";"-259.7722";"-68.56799";"-38.81201";"-298.3358";"-115.5968";"-22.02655";"-259.7722";"-68.56799";"-38.81201";"-298.3358";"-115.5968";"-22.02655"
"2694.358";"-259.7407";"-68.51758";"-38.81201";"-298.3358";"-115.4447";"-22.07904";"-259.7407";"-68.51758";"-38.81201";"-298.3358";"-115.4447";"-22.07904"
"2702.7";"-259.6807";"-68.50415";"-38.81201";"-298.3358";"-115.4138";"-22.10718";"-259.6807";"-68.50415";"-38.81201";"-298.3358";"-115.4138";"-22.10718"
"2711.042";"-259.4435";"-68.36743";"-38.81201";"-298.3358";"-115.2551";"-22.11151";"-259.4435";"-68.36743";"-38.81201";"-298.3358";"-115.2551";"-22.11151"
"2719.383";"-259.4013";"-68.33319";"-38.81201";"-298.3358";"-115.2056";"-22.11139";"-259.4013";"-68.33319";"-38.81201";"-298.3358";"-115.2056";"-22.11139"
"2727.725";"-259.3361";"-68.28259";"-38.81201";"-298.3358";"-115.095";"-22.15015";"-259.3361";"-68.28259";"-38.81201";"-298.3358";"-115.095";"-22.15015"
"2736.067";"-259.2677";"-68.24945";"-38.81201";"-298.3358";"-114.9813";"-22.16272";"-259.2677";"-68.24945";"-38.81201";"-298.3358";"-114.9813";"-22.16272"
"2744.408";"-259.1664";"-68.20441";"-38.81201";"-298.3358";"-114.8969";"-22.18567";"-259.1664";"-68.20441";"-38.81201";"-298.3358";"-114.8969";"-22.18567"
"2752.75";"-259.1066";"-68.19757";"-38.81201";"-298.3358";"-114.8185";"-22.21265";"-259.1066";"-68.19757";"-38.81201";"-298.3358";"-114.8185";"-22.21265"
"2761.092";"-259.033";"-68.13123";"-38.81201";"-298.3358";"-114.6979";"-22.22827";"-259.033";"-68.13123";"-38.81201";"-298.3358";"-114.6979";"-22.22827"
"2769.433";"-258.9568";"-68.10083";"-38.81201";"-298.3358";"-114.6355";"-22.27161";"-258.9568";"-68.10083";"-38.81201";"-298.3358";"-114.6355";"-22.27161"
"2777.775";"-258.8768";"-68.0965";"-38.81201";"-298.3358";"-114.4795";"-22.29462";"-258.8768";"-68.0965";"-38.81201";"-298.3358";"-114.4795";"-22.29462"
"2786.117";"-258.8411";"-68.06769";"-38.81201";"-298.3358";"-114.3722";"-22.36389";"-258.8411";"-68.06769";"-38.81201";"-298.3358";"-114.3722";"-22.36389"
"2794.458";"-258.7091";"-68.00293";"-38.81201";"-298.3358";"-114.2656";"-22.37775";"-258.7091";"-68.00293";"-38.81201";"-298.3358";"-114.2656";"-22.37775"
"2802.8";"-258.6756";"-67.98499";"-38.81201";"-298.3358";"-114.2152";"-22.40692";"-258.6756";"-67.98499";"-38.81201";"-298.3358";"-114.2152";"-22.40692"
"2811.142";"-258.5808";"-67.96136";"-38.81201";"-298.3358";"-114.0562";"-22.45093";"-258.5808";"-67.96136";"-38.81201";"-298.3358";"-114.0562";"-22.45093"
"2819.483";"-258.5354";"-67.9425";"-38.81201";"-298.3358";"-114.0326";"-22.44733";"-258.5354";"-67.9425";"-38.81201";"-298.3358";"-114.0326";"-22.44733"
"2827.825";"-258.4131";"-67.78619";"-38.81201";"-298.3358";"-113.8876";"-22.48865";"-258.4131";"-67.78619";"-38.81201";"-298.3358";"-113.8876";"-22.48865"
"2836.167";"-258.3555";"-67.78961";"-38.81201";"-298.3358";"-113.7983";"-22.53784";"-258.3555";"-67.78961";"-38.81201";"-298.3358";"-113.7983";"-22.53784"
"2844.508";"-258.2849";"-67.72302";"-38.81201";"-298.3358";"-113.7211";"-22.5752";"-258.2849";"-67.72302";"-38.81201";"-298.3358";"-113.7211";"-22.5752"
"2852.85";"-258.2394";"-67.71442";"-38.81201";"-298.3358";"-113.6232";"-22.62097";"-258.2394";"-67.71442";"-38.81201";"-298.3358";"-113.6232";"-22.62097"
"2861.192";"-258.189";"-67.66821";"-38.81201";"-298.3358";"-113.5159";"-22.66498";"-258.189";"-67.66821";"-38.81201";"-298.3358";"-113.5159";"-22.66498"
"2869.533";"-258.0982";"-67.62738";"-38.81201";"-298.3358";"-113.4473";"-22.68164";"-258.0982";"-67.62738";"-38.81201";"-298.3358";"-113.4473";"-22.68164"
"2877.875";"-258.0283";"-67.63867";"-38.81201";"-298.3358";"-113.2854";"-22.77399";"-258.0283";"-67.63867";"-38.81201";"-298.3358";"-113.2854";"-22.77399"
"2886.217";"-257.9955";"-67.60547";"-38.81201";"-298.3358";"-113.2439";"-22.78925";"-257.9955";"-67.60547";"-38.81201";"-298.3358";"-113.2439";"-22.78925"
"2894.558";"-257.9127";"-67.53955";"-38.81201";"-298.3358";"-113.1425";"-22.85364";"-257.9127";"-67.53955";"-38.81201";"-298.3358";"-113.1425";"-22.85364"
"2902.9";"-257.86";"-67.51025";"-38.81201";"-298.3358";"-113.0352";"-22.87756";"-257.86";"-67.51025";"-38.81201";"-298.3358";"-113.0352";"-22.87756"
"2911.242";"-257.6257";"-67.4931";"-38.81201";"-298.3358";"-112.9453";"-22.91046";"-257.6257";"-67.4931";"-38.81201";"-298.3358";"-112.9453";"-22.91046"
"2919.583";"-257.5945";"-67.45398";"-38.81201";"-298.3358";"-112.919";"-22.92053";"-257.5945";"-67.45398";"-38.81201";"-298.3358";"-112.919";"-22.92053"
"2927.925";"-257.5245";"-67.401";"-38.81201";"-298.3358";"-112.7859";"-22.98053";"-257.5245";"-67.401";"-38.81201";"-298.3358";"-112.7859";"-22.98053"
"2936.267";"-257.449";"-67.28571";"-38.81201";"-298.3358";"-112.7192";"-22.98297";"-257.449";"-67.28571";"-38.81201";"-298.3358";"-112.7192";"-22.98297"
"2944.608";"-257.3026";"-67.24438";"-38.81201";"-298.3358";"-112.5779";"-23.0274";"-257.3026";"-67.24438";"-38.81201";"-298.3358";"-112.5779";"-23.0274"
"2952.95";"-257.2636";"-67.2193";"-38.81201";"-298.3358";"-112.5289";"-23.0495";"-257.2636";"-67.2193";"-38.81201";"-298.3358";"-112.5289";"-23.0495"
"2961.292";"-257.2032";"-67.1828";"-38.81201";"-298.3358";"-112.3373";"-23.08704";"-257.2032";"-67.1828";"-38.81201";"-298.3358";"-112.3373";"-23.08704"
"2969.633";"-257.1266";"-67.15784";"-38.81201";"-298.3358";"-112.2864";"-23.11816";"-257.1266";"-67.15784";"-38.81201";"-298.3358";"-112.2864";"-23.11816"
"2977.975";"-257.0363";"-67.08911";"-38.81201";"-298.3358";"-112.1718";"-23.15442";"-257.0363";"-67.08911";"-38.81201";"-298.3358";"-112.1718";"-23.15442"
"2986.317";"-256.9687";"-67.08026";"-38.81201";"-298.3358";"-112.1176";"-23.185";"-256.9687";"-67.08026";"-38.81201";"-298.3358";"-112.1176";"-23.185"
"2994.658";"-256.91";"-67.0462";"-38.81201";"-298.3358";"-111.9901";"-23.18317";"-256.91";"-67.0462";"-38.81201";"-298.3358";"-111.9901";"-23.18317"
"3003";"-256.8193";"-67.00403";"-38.81201";"-298.3358";"-111.9595";"-23.22571";"-256.8193";"-67.00403";"-38.81201";"-298.3358";"-111.9595";"-23.22571"
"3011.342";"-256.7535";"-66.97797";"-38.81201";"-298.3358";"-111.7854";"-23.25989";"-256.7535";"-66.97797";"-38.81201";"-298.3358";"-111.7854";"-23.25989"
"3019.683";"-256.7155";"-66.96277";"-38.81201";"-298.3358";"-111.7228";"-23.27777";"-256.7155";"-66.96277";"-38.81201";"-298.3358";"-111.7228";"-23.27777"
"3028.025";"-256.6328";"-66.9353";"-38.81201";"-298.3358";"-111.6235";"-23.32593";"-256.6328";"-66.9353";"-38.81201";"-298.3358";"-111.6235";"-23.32593"
"3036.367";"-256.5702";"-66.92719";"-38.81201";"-298.3358";"-111.5917";"-23.35046";"-256.5702";"-66.92719";"-38.81201";"-298.3358";"-111.5917";"-23.35046"
"3044.708";"-256.4554";"-66.81567";"-38.81201";"-298.3358";"-111.5023";"-23.39496";"-256.4554";"-66.81567";"-38.81201";"-298.3358";"-111.5023";"-23.39496"
"3053.05";"-256.4194";"-66.79504";"-38.81201";"-298.3358";"-111.4449";"-23.42432";"-256.4194";"-66.79504";"-38.81201";"-298.3358";"-111.4449";"-23.42432"
"3061.392";"-256.3424";"-66.75604";"-38.81201";"-298.3358";"-111.2802";"-23.43597";"-256.3424";"-66.75604";"-38.81201";"-298.3358";"-111.2802";"-23.43597"
"3069.733";"-256.2945";"-66.73547";"-38.81201";"-298.3358";"-111.2257";"-23.4574";"-256.2945";"-66.73547";"-38.81201";"-298.3358";"-111.2257";"-23.4574"
"3078.075";"-256.2222";"-66.68591";"-38.81201";"-298.3358";"-111.1539";"-23.48383";"-256.2222";"-66.68591";"-38.81201";"-298.3358";"-111.1539";"-23.48383"
"3086.417";"-256.183";"-66.67365";"-38.81201";"-298.3358";"-111.1133";"-23.52057";"-256.183";"-66.67365";"-38.81201";"-298.3358";"-111.1133";"-23.52057"
"3094.758";"-256.0935";"-66.66431";"-38.81201";"-298.3358";"-110.9353";"-23.54523";"-256.0935";"-66.66431";"-38.81201";"-298.3358";"-110.9353";"-23.54523"
"3103.1";"-256.0627";"-66.62311";"-38.81201";"-298.3358";"-110.8839";"-23.57306";"-256.0627";"-66.62311";"-38.81201";"-298.3358";"-110.8839";"-23.57306"
"3111.442";"-255.9921";"-66.58881";"-38.81201";"-298.3358";"-110.7885";"-23.61066";"-255.9921";"-66.58881";"-38.81201";"-298.3358";"-110.7885";"-23.61066"
"3119.783";"-255.9229";"-66.55103";"-38.81201";"-298.3358";"-110.7158";"-23.64032";"-255.9229";"-66.55103";"-38.81201";"-298.3358";"-110.7158";"-23.64032"
"3128.125";"-255.8257";"-66.54028";"-38.81201";"-298.3358";"-110.5881";"-23.70435";"-255.8257";"-66.54028";"-38.81201";"-298.3358";"-110.5881";"-23.70435"
"3136.467";"-255.6909";"-66.4978";"-38.81201";"-298.3358";"-110.5269";"-23.70276";"-255.6909";"-66.4978";"-38.81201";"-298.3358";"-110.5269";"-23.70276"
"3144.808";"-255.5917";"-66.45984";"-38.81201";"-298.3358";"-110.3817";"-23.77429";"-255.5917";"-66.45984";"-38.81201";"-298.3358";"-110.3817";"-23.77429"
"3153.15";"-255.5001";"-66.40491";"-38.81201";"-298.3358";"-110.3115";"-23.78516";"-255.5001";"-66.40491";"-38.81201";"-298.3358";"-110.3115";"-23.78516"
"3161.492";"-255.4313";"-66.28625";"-38.81201";"-298.3358";"-110.218";"-23.79633";"-255.4313";"-66.28625";"-38.81201";"-298.3358";"-110.218";"-23.79633"
"3169.833";"-255.3732";"-66.26404";"-38.81201";"-298.3358";"-110.1478";"-23.82654";"-255.3732";"-66.26404";"-38.81201";"-298.3358";"-110.1478";"-23.82654"
"3178.175";"-255.2648";"-66.22864";"-38.81201";"-298.3358";"-110.0325";"-23.87665";"-255.2648";"-66.22864";"-38.81201";"-298.3358";"-110.0325";"-23.87665"
"3186.517";"-255.1954";"-66.18152";"-38.81201";"-298.3358";"-109.9557";"-23.94305";"-255.1954";"-66.18152";"-38.81201";"-298.3358";"-109.9557";"-23.94305"
"3194.858";"-255.1431";"-66.17975";"-38.81201";"-298.3358";"-109.8875";"-23.94934";"-255.1431";"-66.17975";"-38.81201";"-298.3358";"-109.8875";"-23.94934"
"3203.2";"-255.0974";"-66.16711";"-38.81201";"-298.3358";"-109.8058";"-23.97815";"-255.0974";"-66.16711";"-38.81201";"-298.3358";"-109.8058";"-23.97815"
"3211.542";"-255.0197";"-66.12659";"-38.81201";"-298.3358";"-109.6932";"-24.02173";"-255.0197";"-66.12659";"-38.81201";"-298.3358";"-109.6932";"-24.02173"
"3219.883";"-254.9591";"-66.10242";"-38.81201";"-298.3358";"-109.6687";"-24.03113";"-254.9591";"-66.10242";"-38.81201";"-298.3358";"-109.6687";"-24.03113"
"3228.225";"-254.899";"-66.0976";"-38.81201";"-298.3358";"-109.5807";"-24.06451";"-254.899";"-66.0976";"-38.81201";"-298.3358";"-109.5807";"-24.06451"
"3236.567";"-254.8676";"-66.07629";"-38.81201";"-298.3358";"-109.4099";"-24.08801";"-254.8676";"-66.07629";"-38.81201";"-298.3358";"-109.4099";"-24.08801"
"3244.908";"-254.7689";"-66.03259";"-38.81201";"-298.3358";"-109.3535";"-24.11084";"-254.7689";"-66.03259";"-38.81201";"-298.3358";"-109.3535";"-24.11084"
"3253.25";"-254.7297";"-66.01489";"-38.81201";"-298.3358";"-109.3016";"-24.14618";"-254.7297";"-66.01489";"-38.81201";"-298.3358";"-109.3016";"-24.14618"
"3261.592";"-254.6756";"-65.99664";"-38.81201";"-298.3358";"-109.2252";"-24.1814";"-254.6756";"-65.99664";"-38.81201";"-298.3358";"-109.2252";"-24.1814"
"3269.933";"-254.5847";"-65.96204";"-38.81201";"-298.3358";"-109.0843";"-24.20551";"-254.5847";"-65.96204";"-38.81201";"-298.3358";"-109.0843";"-24.20551"
"3278.275";"-254.4715";"-65.88879";"-38.81201";"-298.3358";"-109.0254";"-24.21521";"-254.4715";"-65.88879";"-38.81201";"-298.3358";"-109.0254";"-24.21521"
"3286.617";"-254.4374";"-65.85931";"-38.81201";"-298.3358";"-108.9346";"-24.26379";"-254.4374";"-65.85931";"-38.81201";"-298.3358";"-108.9346";"-24.26379"
"3294.958";"-254.3432";"-65.82336";"-38.81201";"-298.3358";"-108.8808";"-24.28027";"-254.3432";"-65.82336";"-38.81201";"-298.3358";"-108.8808";"-24.28027"
"3303.3";"-254.2997";"-65.81067";"-38.81201";"-298.3358";"-108.7748";"-24.33136";"-254.2997";"-65.81067";"-38.81201";"-298.3358";"-108.7748";"-24.33136"
"3311.642";"-254.2042";"-65.7926";"-38.81201";"-298.3358";"-108.6399";"-24.32355";"-254.2042";"-65.7926";"-38.81201";"-298.3358";"-108.6399";"-24.32355"
"3319.983";"-254.1832";"-65.77319";"-38.81201";"-298.3358";"-108.6202";"-24.34723";"-254.1832";"-65.77319";"-38.81201";"-298.3358";"-108.6202";"-24.34723"
"3328.325";"-254.0999";"-65.74445";"-38.81201";"-298.3358";"-108.5126";"-24.37433";"-254.0999";"-65.74445";"-38.81201";"-298.3358";"-108.5126";"-24.37433"
"3336.667";"-254.0442";"-65.74976";"-38.81201";"-298.3358";"-108.4381";"-24.42053";"-254.0442";"-65.74976";"-38.81201";"-298.3358";"-108.4381";"-24.42053"
"3345.008";"-253.9431";"-65.69592";"-38.81201";"-298.3358";"-108.271";"-24.42963";"-253.9431";"-65.69592";"-38.81201";"-298.3358";"-108.271";"-24.42963"
"3353.35";"-253.9";"-65.69391";"-38.81201";"-298.3358";"-108.2654";"-24.44769";"-253.9";"-65.69391";"-38.81201";"-298.3358";"-108.2654";"-24.44769"
"3361.692";"-253.8517";"-65.65948";"-38.81201";"-298.3358";"-108.1569";"-24.48041";"-253.8517";"-65.65948";"-38.81201";"-298.3358";"-108.1569";"-24.48041"
"3370.033";"-253.7964";"-65.65332";"-38.81201";"-298.3358";"-108.0292";"-24.51422";"-253.7964";"-65.65332";"-38.81201";"-298.3358";"-108.0292";"-24.51422"
"3378.375";"-253.6661";"-65.60822";"-38.81201";"-298.3358";"-107.9983";"-24.49725";"-253.6661";"-65.60822";"-38.81201";"-298.3358";"-107.9983";"-24.49725"
"3386.717";"-253.6432";"-65.59387";"-38.81201";"-298.3358";"-107.9296";"-24.56787";"-253.6432";"-65.59387";"-38.81201";"-298.3358";"-107.9296";"-24.56787"
"3395.058";"-253.5381";"-65.58716";"-38.81201";"-298.3358";"-107.7855";"-24.5871";"-253.5381";"-65.58716";"-38.81201";"-298.3358";"-107.7855";"-24.5871"
"3403.4";"-253.388";"-65.4848";"-38.81201";"-298.3358";"-107.7827";"-24.62964";"-253.388";"-65.4848";"-38.81201";"-298.3358";"-107.7827";"-24.62964"
"3411.742";"-253.3271";"-65.44214";"-38.81201";"-298.3358";"-107.6979";"-24.6532";"-253.3271";"-65.44214";"-38.81201";"-298.3358";"-107.6979";"-24.6532"
"3420.083";"-253.2688";"-65.4339";"-38.81201";"-298.3358";"-107.5964";"-24.68402";"-253.2688";"-65.4339";"-38.81201";"-298.3358";"-107.5964";"-24.68402"
"3428.425";"-253.2071";"-65.39777";"-38.81201";"-298.3358";"-107.507";"-24.7442";"-253.2071";"-65.39777";"-38.81201";"-298.3358";"-107.507";"-24.7442"
"3436.767";"-253.1492";"-65.38098";"-38.81201";"-298.3358";"-107.4533";"-24.76288";"-253.1492";"-65.38098";"-38.81201";"-298.3358";"-107.4533";"-24.76288"
"3445.108";"-253.0323";"-65.37714";"-38.81201";"-298.3358";"-107.33";"-24.79785";"-253.0323";"-65.37714";"-38.81201";"-298.3358";"-107.33";"-24.79785"
"3453.45";"-253.0081";"-65.35413";"-38.81201";"-298.3358";"-107.2579";"-24.82507";"-253.0081";"-65.35413";"-38.81201";"-298.3358";"-107.2579";"-24.82507"
"3461.792";"-252.9535";"-65.33282";"-38.81201";"-298.3358";"-107.2537";"-24.82886";"-252.9535";"-65.33282";"-38.81201";"-298.3358";"-107.2537";"-24.82886"
"3470.133";"-252.8871";"-65.30078";"-38.81201";"-298.3358";"-107.0955";"-24.8822";"-252.8871";"-65.30078";"-38.81201";"-298.3358";"-107.0955";"-24.8822"
"3478.475";"-252.8255";"-65.26605";"-38.81201";"-298.3358";"-107.0139";"-24.88208";"-252.8255";"-65.26605";"-38.81201";"-298.3358";"-107.0139";"-24.88208"
"3486.817";"-252.7599";"-65.25024";"-38.81201";"-298.3358";"-106.9704";"-24.90778";"-252.7599";"-65.25024";"-38.81201";"-298.3358";"-106.9704";"-24.90778"
"3495.158";"-252.617";"-65.22028";"-38.81201";"-298.3358";"-106.8356";"-24.91431";"-252.617";"-65.22028";"-38.81201";"-298.3358";"-106.8356";"-24.91431"
"3503.5";"-252.5716";"-65.20374";"-38.81201";"-298.3358";"-106.8024";"-24.94702";"-252.5716";"-65.20374";"-38.81201";"-298.3358";"-106.8024";"-24.94702"
"3511.842";"-252.4953";"-65.10986";"-38.81201";"-298.3358";"-106.7335";"-24.97491";"-252.4953";"-65.10986";"-38.81201";"-298.3358";"-106.7335";"-24.97491"
"3520.183";"-252.4154";"-65.06665";"-38.81201";"-298.3358";"-106.6321";"-24.99939";"-252.4154";"-65.06665";"-38.81201";"-298.3358";"-106.6321";"-24.99939"
"3528.525";"-252.3352";"-65.05499";"-38.81201";"-298.3358";"-106.5052";"-25.04645";"-252.3352";"-65.05499";"-38.81201";"-298.3358";"-106.5052";"-25.04645"
"3536.867";"-252.2148";"-65.00732";"-38.81201";"-298.3358";"-106.4181";"-25.0777";"-252.2148";"-65.00732";"-38.81201";"-298.3358";"-106.4181";"-25.0777"
"3545.208";"-252.1956";"-65.00439";"-38.81201";"-298.3358";"-106.349";"-25.09479";"-252.1956";"-65.00439";"-38.81201";"-298.3358";"-106.349";"-25.09479"
"3553.55";"-252.1483";"-64.99585";"-38.81201";"-298.3358";"-106.2974";"-25.10736";"-252.1483";"-64.99585";"-38.81201";"-298.3358";"-106.2974";"-25.10736"
"3561.892";"-252.0732";"-64.98029";"-38.81201";"-298.3358";"-106.1426";"-25.13757";"-252.0732";"-64.98029";"-38.81201";"-298.3358";"-106.1426";"-25.13757"
"3570.233";"-252.0278";"-64.96606";"-38.81201";"-298.3358";"-106.1442";"-25.14526";"-252.0278";"-64.96606";"-38.81201";"-298.3358";"-106.1442";"-25.14526"
"3578.575";"-251.9574";"-64.95667";"-38.81201";"-298.3358";"-106.0793";"-25.16418";"-251.9574";"-64.95667";"-38.81201";"-298.3358";"-106.0793";"-25.16418"
"3586.917";"-251.9176";"-64.94049";"-38.81201";"-298.3358";"-106.0196";"-25.17957";"-251.9176";"-64.94049";"-38.81201";"-298.3358";"-106.0196";"-25.17957"
"3595.258";"-251.8125";"-64.91608";"-38.81201";"-298.3358";"-105.8506";"-25.20563";"-251.8125";"-64.91608";"-38.81201";"-298.3358";"-105.8506";"-25.20563"
"3603.6";"-251.778";"-64.90833";"-38.81201";"-298.3358";"-105.8359";"-25.21021";"-251.778";"-64.90833";"-38.81201";"-298.3358";"-105.8359";"-25.21021"
"3611.942";"-251.7245";"-64.86169";"-38.81201";"-298.3358";"-105.7659";"-25.24884";"-251.7245";"-64.86169";"-38.81201";"-298.3358";"-105.7659";"-25.24884"
"3620.283";"-251.6625";"-64.8559";"-38.81201";"-298.3358";"-105.7677";"-25.27246";"-251.6625";"-64.8559";"-38.81201";"-298.3358";"-105.7677";"-25.27246"
"3628.625";"-251.587";"-64.86945";"-38.81201";"-298.3358";"-105.7126";"-25.26166";"-251.587";"-64.86945";"-38.81201";"-298.3358";"-105.7126";"-25.26166"
"3636.967";"-251.5582";"-64.84766";"-38.81201";"-298.3358";"-105.6614";"-25.24823";"-251.5582";"-64.84766";"-38.81201";"-298.3358";"-105.6614";"-25.24823"
"3645.308";"-251.5235";"-64.84406";"-38.81201";"-298.3358";"-105.5053";"-25.26819";"-251.5235";"-64.84406";"-38.81201";"-298.3358";"-105.5053";"-25.26819"
"3653.65";"-251.4631";"-64.72852";"-38.81201";"-298.3358";"-105.4682";"-25.29712";"-251.4631";"-64.72852";"-38.81201";"-298.3358";"-105.4682";"-25.29712"
"3661.992";"-251.3392";"-64.69946";"-38.81201";"-298.3358";"-105.3915";"-25.33038";"-251.3392";"-64.69946";"-38.81201";"-298.3358";"-105.3915";"-25.33038"
"3670.333";"-251.3148";"-64.66272";"-38.81201";"-298.3358";"-105.3259";"-25.36029";"-251.3148";"-64.66272";"-38.81201";"-298.3358";"-105.3259";"-25.36029"
"3678.675";"-251.2628";"-64.66223";"-38.81201";"-298.3358";"-105.1812";"-25.36823";"-251.2628";"-64.66223";"-38.81201";"-298.3358";"-105.1812";"-25.36823"
"3687.017";"-251.2214";"-64.64215";"-38.81201";"-298.3358";"-105.1573";"-25.38672";"-251.2214";"-64.64215";"-38.81201";"-298.3358";"-105.1573";"-25.38672"
"3695.358";"-251.1222";"-64.63617";"-38.81201";"-298.3358";"-105.1138";"-25.3927";"-251.1222";"-64.63617";"-38.81201";"-298.3358";"-105.1138";"-25.3927"
"3703.7";"-251.0767";"-64.63043";"-38.81201";"-298.3358";"-104.9261";"-25.39288";"-251.0767";"-64.63043";"-38.81201";"-298.3358";"-104.9261";"-25.39288"
"3712.042";"-251.0344";"-64.62665";"-38.81201";"-298.3358";"-104.8906";"-25.40942";"-251.0344";"-64.62665";"-38.81201";"-298.3358";"-104.8906";"-25.40942"
"3720.383";"-251.0062";"-64.59747";"-38.81201";"-298.3358";"-104.886";"-25.42529";"-251.0062";"-64.59747";"-38.81201";"-298.3358";"-104.886";"-25.42529"
"3728.725";"-250.8781";"-64.5824";"-38.81201";"-298.3358";"-104.7889";"-25.46838";"-250.8781";"-64.5824";"-38.81201";"-298.3358";"-104.7889";"-25.46838"
"3737.067";"-250.8455";"-64.55591";"-38.81201";"-298.3358";"-104.7118";"-25.49622";"-250.8455";"-64.55591";"-38.81201";"-298.3358";"-104.7118";"-25.49622"
"3745.408";"-250.7811";"-64.53717";"-38.81201";"-298.3358";"-104.5854";"-25.49976";"-250.7811";"-64.53717";"-38.81201";"-298.3358";"-104.5854";"-25.49976"
"3753.75";"-250.7388";"-64.52588";"-38.81201";"-298.3358";"-104.5905";"-25.54742";"-250.7388";"-64.52588";"-38.81201";"-298.3358";"-104.5905";"-25.54742"
"3762.092";"-250.6166";"-64.52155";"-38.81201";"-298.3358";"-104.5203";"-25.5661";"-250.6166";"-64.52155";"-38.81201";"-298.3358";"-104.5203";"-25.5661"
"3770.433";"-250.4705";"-64.39093";"-38.81201";"-298.3358";"-104.4618";"-25.59204";"-250.4705";"-64.39093";"-38.81201";"-298.3358";"-104.4618";"-25.59204"
"3778.775";"-250.4161";"-64.3689";"-38.81201";"-298.3358";"-104.2722";"-25.61804";"-250.4161";"-64.3689";"-38.81201";"-298.3358";"-104.2722";"-25.61804"
"3787.117";"-250.3613";"-64.36859";"-38.81201";"-298.3358";"-104.2606";"-25.63037";"-250.3613";"-64.36859";"-38.81201";"-298.3358";"-104.2606";"-25.63037"
"3795.458";"-250.2281";"-64.33411";"-38.81201";"-298.3358";"-104.1978";"-25.67627";"-250.2281";"-64.33411";"-38.81201";"-298.3358";"-104.1978";"-25.67627"
"3803.8";"-250.199";"-64.32208";"-38.81201";"-298.3358";"-104.1475";"-25.68195";"-250.199";"-64.32208";"-38.81201";"-298.3358";"-104.1475";"-25.68195"
"3812.142";"-250.1522";"-64.29022";"-38.81201";"-298.3358";"-103.9778";"-25.70056";"-250.1522";"-64.29022";"-38.81201";"-298.3358";"-103.9778";"-25.70056"
"3820.483";"-250.0949";"-64.26172";"-38.81201";"-298.3358";"-103.9766";"-25.72595";"-250.0949";"-64.26172";"-38.81201";"-298.3358";"-103.9766";"-25.72595"
"3828.825";"-249.9877";"-64.25653";"-38.81201";"-298.3358";"-103.8878";"-25.7085";"-249.9877";"-64.25653";"-38.81201";"-298.3358";"-103.8878";"-25.7085"
"3837.167";"-249.9709";"-64.258";"-38.81201";"-298.3358";"-103.8268";"-25.73883";"-249.9709";"-64.258";"-38.81201";"-298.3358";"-103.8268";"-25.73883"
"3845.508";"-249.917";"-64.2121";"-38.81201";"-298.3358";"-103.6995";"-25.75928";"-249.917";"-64.2121";"-38.81201";"-298.3358";"-103.6995";"-25.75928"
"3853.85";"-249.8612";"-64.21167";"-38.81201";"-298.3358";"-103.6949";"-25.79449";"-249.8612";"-64.21167";"-38.81201";"-298.3358";"-103.6949";"-25.79449"
"3862.192";"-249.7175";"-64.2182";"-38.81201";"-298.3358";"-103.4887";"-25.85541";"-249.7175";"-64.2182";"-38.81201";"-298.3358";"-103.4887";"-25.85541"
"3870.533";"-249.703";"-64.20392";"-38.81201";"-298.3358";"-103.498";"-25.86517";"-249.703";"-64.20392";"-38.81201";"-298.3358";"-103.498";"-25.86517"
"3878.875";"-249.6257";"-64.1944";"-38.81201";"-298.3358";"-103.416";"-25.9491";"-249.6257";"-64.1944";"-38.81201";"-298.3358";"-103.416";"-25.9491"
"3887.217";"-249.5783";"-64.18134";"-38.81201";"-298.3358";"-103.4044";"-25.96014";"-249.5783";"-64.18134";"-38.81201";"-298.3358";"-103.4044";"-25.96014"
"3895.558";"-249.5383";"-64.15222";"-38.81201";"-298.3358";"-103.2262";"-25.95331";"-249.5383";"-64.15222";"-38.81201";"-298.3358";"-103.2262";"-25.95331"
"3903.9";"-249.4503";"-64.05371";"-38.81201";"-298.3358";"-103.1886";"-25.98248";"-249.4503";"-64.05371";"-38.81201";"-298.3358";"-103.1886";"-25.98248"
"3912.242";"-249.325";"-64.04803";"-38.81201";"-298.3358";"-103.1268";"-25.99658";"-249.325";"-64.04803";"-38.81201";"-298.3358";"-103.1268";"-25.99658"
"3920.583";"-249.298";"-64.02814";"-38.81201";"-298.3358";"-103.075";"-26.00903";"-249.298";"-64.02814";"-38.81201";"-298.3358";"-103.075";"-26.00903"
"3928.925";"-249.2596";"-64.03314";"-38.81201";"-298.3358";"-102.9271";"-26.01581";"-249.2596";"-64.03314";"-38.81201";"-298.3358";"-102.9271";"-26.01581"
"3937.267";"-249.2357";"-64.01227";"-38.81201";"-298.3358";"-102.9114";"-26.01746";"-249.2357";"-64.01227";"-38.81201";"-298.3358";"-102.9114";"-26.01746"
"3945.608";"-249.1177";"-64.005";"-38.81201";"-298.3358";"-102.8589";"-26.0625";"-249.1177";"-64.005";"-38.81201";"-298.3358";"-102.8589";"-26.0625"
"3953.95";"-249.0978";"-63.99304";"-38.81201";"-298.3358";"-102.8187";"-26.03912";"-249.0978";"-63.99304";"-38.81201";"-298.3358";"-102.8187";"-26.03912"
"3962.292";"-249.0483";"-63.96771";"-38.81201";"-298.3358";"-102.6661";"-26.08618";"-249.0483";"-63.96771";"-38.81201";"-298.3358";"-102.6661";"-26.08618"
"3970.633";"-249.0004";"-63.95844";"-38.81201";"-298.3358";"-102.6524";"-26.09283";"-249.0004";"-63.95844";"-38.81201";"-298.3358";"-102.6524";"-26.09283"
"3978.975";"-248.9035";"-63.89099";"-38.81201";"-298.3358";"-102.5947";"-26.10767";"-248.9035";"-63.89099";"-38.81201";"-298.3358";"-102.5947";"-26.10767"
"3987.317";"-248.8869";"-63.87952";"-38.81201";"-298.3358";"-102.548";"-26.12842";"-248.8869";"-63.87952";"-38.81201";"-298.3358";"-102.548";"-26.12842"
"3995.658";"-248.8374";"-63.89777";"-38.81201";"-298.3358";"-102.3973";"-26.16833";"-248.8374";"-63.89777";"-38.81201";"-298.3358";"-102.3973";"-26.16833"
"4004";"-248.8049";"-63.88751";"-38.81201";"-298.3358";"-102.3627";"-26.19275";"-248.8049";"-63.88751";"-38.81201";"-298.3358";"-102.3627";"-26.19275"
"4012.342";"-248.7212";"-63.8924";"-38.81201";"-298.3358";"-102.2177";"-26.20209";"-248.7212";"-63.8924";"-38.81201";"-298.3358";"-102.2177";"-26.20209"
"4020.683";"-248.6679";"-63.8576";"-38.81201";"-298.3358";"-102.2145";"-26.20648";"-248.6679";"-63.8576";"-38.81201";"-298.3358";"-102.2145";"-26.20648"
"4029.025";"-248.6178";"-63.87091";"-38.81201";"-298.3358";"-102.1617";"-26.24432";"-248.6178";"-63.87091";"-38.81201";"-298.3358";"-102.1617";"-26.24432"
"4037.367";"-248.5638";"-63.85345";"-38.81201";"-298.3358";"-102.1464";"-26.2337";"-248.5638";"-63.85345";"-38.81201";"-298.3358";"-102.1464";"-26.2337"
"4045.708";"-248.4407";"-63.72913";"-38.81201";"-298.3358";"-102.0254";"-26.2677";"-248.4407";"-63.72913";"-38.81201";"-298.3358";"-102.0254";"-26.2677"
"4054.05";"-248.4168";"-63.7049";"-38.81201";"-298.3358";"-101.9938";"-26.28009";"-248.4168";"-63.7049";"-38.81201";"-298.3358";"-101.9938";"-26.28009"
"4062.392";"-248.3515";"-63.71521";"-38.81201";"-298.3358";"-101.9574";"-26.29254";"-248.3515";"-63.71521";"-38.81201";"-298.3358";"-101.9574";"-26.29254"
"4070.733";"-248.3294";"-63.68616";"-38.81201";"-298.3358";"-101.7785";"-26.32166";"-248.3294";"-63.68616";"-38.81201";"-298.3358";"-101.7785";"-26.32166"
"4079.075";"-248.2156";"-63.69843";"-38.81201";"-298.3358";"-101.7657";"-26.34021";"-248.2156";"-63.69843";"-38.81201";"-298.3358";"-101.7657";"-26.34021"
"4087.417";"-248.1879";"-63.68457";"-38.81201";"-298.3358";"-101.7327";"-26.34692";"-248.1879";"-63.68457";"-38.81201";"-298.3358";"-101.7327";"-26.34692"
"4095.758";"-248.1346";"-63.66638";"-38.81201";"-298.3358";"-101.5715";"-26.37805";"-248.1346";"-63.66638";"-38.81201";"-298.3358";"-101.5715";"-26.37805"
"4104.1";"-248.1005";"-63.6557";"-38.81201";"-298.3358";"-101.5646";"-26.39673";"-248.1005";"-63.6557";"-38.81201";"-298.3358";"-101.5646";"-26.39673"
"4112.442";"-248.0499";"-63.62738";"-38.81201";"-298.3358";"-101.5071";"-26.40271";"-248.0499";"-63.62738";"-38.81201";"-298.3358";"-101.5071";"-26.40271"
"4120.783";"-247.9119";"-63.61395";"-38.81201";"-298.3358";"-101.463";"-26.44006";"-247.9119";"-63.61395";"-38.81201";"-298.3358";"-101.463";"-26.44006"
"4129.125";"-247.8868";"-63.60492";"-38.81201";"-298.3358";"-101.289";"-26.40863";"-247.8868";"-63.60492";"-38.81201";"-298.3358";"-101.289";"-26.40863"
"4137.467";"-247.8664";"-63.59949";"-38.81201";"-298.3358";"-101.2675";"-26.41809";"-247.8664";"-63.59949";"-38.81201";"-298.3358";"-101.2675";"-26.41809"
"4145.808";"-247.806";"-63.60699";"-38.81201";"-298.3358";"-101.2391";"-26.43451";"-247.806";"-63.60699";"-38.81201";"-298.3358";"-101.2391";"-26.43451"
"4154.15";"-247.7766";"-63.57574";"-38.81201";"-298.3358";"-101.1953";"-26.46613";"-247.7766";"-63.57574";"-38.81201";"-298.3358";"-101.1953";"-26.46613"
"4162.492";"-247.6318";"-63.57239";"-38.81201";"-298.3358";"-101.1411";"-26.47266";"-247.6318";"-63.57239";"-38.81201";"-298.3358";"-101.1411";"-26.47266"
"4170.833";"-247.5961";"-63.55988";"-38.81201";"-298.3358";"-100.9796";"-26.48694";"-247.5961";"-63.55988";"-38.81201";"-298.3358";"-100.9796";"-26.48694"
"4179.175";"-247.4445";"-63.39606";"-38.81201";"-298.3358";"-100.9038";"-26.51013";"-247.4445";"-63.39606";"-38.81201";"-298.3358";"-100.9038";"-26.51013"
"4187.517";"-247.3942";"-63.4021";"-38.81201";"-298.3358";"-100.8475";"-26.50616";"-247.3942";"-63.4021";"-38.81201";"-298.3358";"-100.8475";"-26.50616"
"4195.858";"-247.2446";"-63.3551";"-38.81201";"-298.3358";"-100.7119";"-26.52997";"-247.2446";"-63.3551";"-38.81201";"-298.3358";"-100.7119";"-26.52997"
"4204.2";"-247.2375";"-63.35132";"-38.81201";"-298.3358";"-100.703";"-26.53302";"-247.2375";"-63.35132";"-38.81201";"-298.3358";"-100.703";"-26.53302"
"4212.542";"-247.1929";"-63.34308";"-38.81201";"-298.3358";"-100.6734";"-26.59595";"-247.1929";"-63.34308";"-38.81201";"-298.3358";"-100.6734";"-26.59595"
"4220.883";"-247.1438";"-63.30945";"-38.81201";"-298.3358";"-100.6337";"-26.62201";"-247.1438";"-63.30945";"-38.81201";"-298.3358";"-100.6337";"-26.62201"
"4229.225";"-247.0974";"-63.29523";"-38.81201";"-298.3358";"-100.5894";"-26.64685";"-247.0974";"-63.29523";"-38.81201";"-298.3358";"-100.5894";"-26.64685"
"4237.567";"-247.0829";"-63.28802";"-38.81201";"-298.3358";"-100.3709";"-26.66138";"-247.0829";"-63.28802";"-38.81201";"-298.3358";"-100.3709";"-26.66138"
"4245.908";"-246.9241";"-63.30524";"-38.81201";"-298.3358";"-100.3619";"-26.69604";"-246.9241";"-63.30524";"-38.81201";"-298.3358";"-100.3619";"-26.69604"
"4254.25";"-246.9267";"-63.30029";"-38.81201";"-298.3358";"-100.3742";"-26.69171";"-246.9267";"-63.30029";"-38.81201";"-298.3358";"-100.3742";"-26.69171"
"4262.592";"-246.9137";"-63.29816";"-38.81201";"-298.3358";"-100.3369";"-26.6825";"-246.9137";"-63.29816";"-38.81201";"-298.3358";"-100.3369";"-26.6825"
"4270.933";"-246.8987";"-63.26367";"-38.81201";"-298.3358";"-100.2944";"-26.72205";"-246.8987";"-63.26367";"-38.81201";"-298.3358";"-100.2944";"-26.72205"
"4279.275";"-246.8516";"-63.26508";"-38.81201";"-298.3358";"-100.2116";"-26.75311";"-246.8516";"-63.26508";"-38.81201";"-298.3358";"-100.2116";"-26.75311"
"4287.617";"-246.8159";"-63.22632";"-38.81201";"-298.3358";"-100.1375";"-26.72235";"-246.8159";"-63.22632";"-38.81201";"-298.3358";"-100.1375";"-26.72235"
"4295.958";"-246.7841";"-63.2229";"-38.81201";"-298.3358";"-100.1403";"-26.7973";"-246.7841";"-63.2229";"-38.81201";"-298.3358";"-100.1403";"-26.7973"
"4304.3";"-246.743";"-63.20599";"-38.81201";"-298.3358";"-100.0661";"-26.81396";"-246.743";"-63.20599";"-38.81201";"-298.3358";"-100.0661";"-26.81396"
"4312.642";"-246.6025";"-63.21033";"-38.81201";"-298.3358";"-100.0054";"-26.81439";"-246.6025";"-63.21033";"-38.81201";"-298.3358";"-100.0054";"-26.81439"
"4320.983";"-246.5913";"-63.2121";"-38.81201";"-298.3358";"-99.97845";"-26.81598";"-246.5913";"-63.2121";"-38.81201";"-298.3358";"-99.97845";"-26.81598"
"4329.325";"-246.5403";"-63.19269";"-38.81201";"-298.3358";"-99.84448";"-26.83044";"-246.5403";"-63.19269";"-38.81201";"-298.3358";"-99.84448";"-26.83044"
"4337.667";"-246.5044";"-63.18304";"-38.81201";"-298.3358";"-99.83429";"-26.84033";"-246.5044";"-63.18304";"-38.81201";"-298.3358";"-99.83429";"-26.84033"
"4346.008";"-246.453";"-63.06012";"-38.81201";"-298.3358";"-99.78662";"-26.86243";"-246.453";"-63.06012";"-38.81201";"-298.3358";"-99.78662";"-26.86243"
"4354.35";"-246.4206";"-63.05646";"-38.81201";"-298.3358";"-99.76715";"-26.87976";"-246.4206";"-63.05646";"-38.81201";"-298.3358";"-99.76715";"-26.87976"
"4362.692";"-246.2981";"-63.0376";"-38.81201";"-298.3358";"-99.63763";"-26.90363";"-246.2981";"-63.0376";"-38.81201";"-298.3358";"-99.63763";"-26.90363"
"4371.033";"-246.2839";"-63.03784";"-38.81201";"-298.3358";"-99.62781";"-26.90509";"-246.2839";"-63.03784";"-38.81201";"-298.3358";"-99.62781";"-26.90509"
"4379.375";"-246.2139";"-63.03058";"-38.81201";"-298.3358";"-99.59113";"-26.93207";"-246.2139";"-63.03058";"-38.81201";"-298.3358";"-99.59113";"-26.93207"
"4387.717";"-246.1756";"-63.01782";"-38.81201";"-298.3358";"-99.50775";"-26.9491";"-246.1756";"-63.01782";"-38.81201";"-298.3358";"-99.50775";"-26.9491"
"4396.058";"-246.1339";"-63.00458";"-38.81201";"-298.3358";"-99.4043";"-26.98157";"-246.1339";"-63.00458";"-38.81201";"-298.3358";"-99.4043";"-26.98157"
"4404.4";"-246.0754";"-63.0166";"-38.81201";"-298.3358";"-99.37286";"-26.99219";"-246.0754";"-63.0166";"-38.81201";"-298.3358";"-99.37286";"-26.99219"
"4412.742";"-245.965";"-62.99951";"-38.81201";"-298.3358";"-99.26068";"-27.0061";"-245.965";"-62.99951";"-38.81201";"-298.3358";"-99.26068";"-27.0061"
"4421.083";"-245.9398";"-62.97363";"-38.81201";"-298.3358";"-99.22113";"-27.01154";"-245.9398";"-62.97363";"-38.81201";"-298.3358";"-99.22113";"-27.01154"
"4429.425";"-245.8998";"-62.95782";"-38.81201";"-298.3358";"-99.19635";"-27.01892";"-245.8998";"-62.95782";"-38.81201";"-298.3358";"-99.19635";"-27.01892"
"4437.767";"-245.858";"-62.94855";"-38.81201";"-298.3358";"-99.14587";"-27.03925";"-245.858";"-62.94855";"-38.81201";"-298.3358";"-99.14587";"-27.03925"
"4446.108";"-245.8141";"-62.92285";"-38.81201";"-298.3358";"-99.04144";"-27.03033";"-245.8141";"-62.92285";"-38.81201";"-298.3358";"-99.04144";"-27.03033"
"4454.45";"-245.7693";"-62.91589";"-38.81201";"-298.3358";"-99.03241";"-27.05786";"-245.7693";"-62.91589";"-38.81201";"-298.3358";"-99.03241";"-27.05786"
"4462.792";"-245.7539";"-62.90936";"-38.81201";"-298.3358";"-98.99719";"-27.05646";"-245.7539";"-62.90936";"-38.81201";"-298.3358";"-98.99719";"-27.05646"
"4471.133";"-245.7001";"-62.90363";"-38.81201";"-298.3358";"-98.95105";"-27.0755";"-245.7001";"-62.90363";"-38.81201";"-298.3358";"-98.95105";"-27.0755"
"4479.475";"-245.6552";"-62.88904";"-38.81201";"-298.3358";"-98.84705";"-27.10144";"-245.6552";"-62.88904";"-38.81201";"-298.3358";"-98.84705";"-27.10144"
"4487.817";"-245.61";"-62.87732";"-38.81201";"-298.3358";"-98.81079";"-27.1236";"-245.61";"-62.87732";"-38.81201";"-298.3358";"-98.81079";"-27.1236"
"4496.158";"-245.4875";"-62.77789";"-38.81201";"-298.3358";"-98.71857";"-27.12213";"-245.4875";"-62.77789";"-38.81201";"-298.3358";"-98.71857";"-27.12213"
"4504.5";"-245.4684";"-62.76862";"-38.81201";"-298.3358";"-98.70569";"-27.13123";"-245.4684";"-62.76862";"-38.81201";"-298.3358";"-98.70569";"-27.13123"
"4512.842";"-245.4125";"-62.73724";"-38.81201";"-298.3358";"-98.5766";"-27.16345";"-245.4125";"-62.73724";"-38.81201";"-298.3358";"-98.5766";"-27.16345"
"4521.183";"-245.3923";"-62.7215";"-38.81201";"-298.3358";"-98.547";"-27.16675";"-245.3923";"-62.7215";"-38.81201";"-298.3358";"-98.547";"-27.16675"
"4529.525";"-245.3439";"-62.71558";"-38.81201";"-298.3358";"-98.50549";"-27.18304";"-245.3439";"-62.71558";"-38.81201";"-298.3358";"-98.50549";"-27.18304"
"4537.867";"-245.2197";"-62.70349";"-38.81201";"-298.3358";"-98.42743";"-27.22406";"-245.2197";"-62.70349";"-38.81201";"-298.3358";"-98.42743";"-27.22406"
"4546.208";"-245.2119";"-62.70056";"-38.81201";"-298.3358";"-98.4137";"-27.22955";"-245.2119";"-62.70056";"-38.81201";"-298.3358";"-98.4137";"-27.22955"
"4554.55";"-245.1984";"-62.69702";"-38.81201";"-298.3358";"-98.36951";"-27.23486";"-245.1984";"-62.69702";"-38.81201";"-298.3358";"-98.36951";"-27.23486"
"4562.892";"-245.1652";"-62.69342";"-38.81201";"-298.3358";"-98.32892";"-27.2179";"-245.1652";"-62.69342";"-38.81201";"-298.3358";"-98.32892";"-27.2179"
"4571.233";"-245.1505";"-62.68646";"-38.81201";"-298.3358";"-98.30835";"-27.2309";"-245.1505";"-62.68646";"-38.81201";"-298.3358";"-98.30835";"-27.2309"
"4579.575";"-245.0977";"-62.66907";"-38.81201";"-298.3358";"-98.23474";"-27.23071";"-245.0977";"-62.66907";"-38.81201";"-298.3358";"-98.23474";"-27.23071"
"4587.917";"-245.0828";"-62.64758";"-38.81201";"-298.3358";"-98.22321";"-27.24878";"-245.0828";"-62.64758";"-38.81201";"-298.3358";"-98.22321";"-27.24878"
"4596.258";"-245.0152";"-62.63959";"-38.81201";"-298.3358";"-98.16534";"-27.2702";"-245.0152";"-62.63959";"-38.81201";"-298.3358";"-98.16534";"-27.2702"
"4604.6";"-244.9954";"-62.63947";"-38.81201";"-298.3358";"-98.12579";"-27.29034";"-244.9954";"-62.63947";"-38.81201";"-298.3358";"-98.12579";"-27.29034"
"4612.942";"-244.9714";"-62.62616";"-38.81201";"-298.3358";"-97.97479";"-27.30377";"-244.9714";"-62.62616";"-38.81201";"-298.3358";"-97.97479";"-27.30377"
"4621.283";"-244.9294";"-62.60748";"-38.81201";"-298.3358";"-97.96094";"-27.31927";"-244.9294";"-62.60748";"-38.81201";"-298.3358";"-97.96094";"-27.31927"
"4629.625";"-244.8314";"-62.61865";"-38.81201";"-298.3358";"-97.95392";"-27.32849";"-244.8314";"-62.61865";"-38.81201";"-298.3358";"-97.95392";"-27.32849"
"4637.967";"-244.8082";"-62.60742";"-38.81201";"-298.3358";"-97.92444";"-27.34668";"-244.8082";"-62.60742";"-38.81201";"-298.3358";"-97.92444";"-27.34668"
"4646.308";"-244.7925";"-62.60822";"-38.81201";"-298.3358";"-97.85175";"-27.35803";"-244.7925";"-62.60822";"-38.81201";"-298.3358";"-97.85175";"-27.35803"
"4654.65";"-244.7593";"-62.57599";"-38.81201";"-298.3358";"-97.81647";"-27.36713";"-244.7593";"-62.57599";"-38.81201";"-298.3358";"-97.81647";"-27.36713"
"4662.992";"-244.7274";"-62.578";"-38.81201";"-298.3358";"-97.72229";"-27.37946";"-244.7274";"-62.578";"-38.81201";"-298.3358";"-97.72229";"-27.37946"
"4671.333";"-244.689";"-62.5564";"-38.81201";"-298.3358";"-97.70581";"-27.39612";"-244.689";"-62.5564";"-38.81201";"-298.3358";"-97.70581";"-27.39612"
"4679.675";"-244.6433";"-62.5556";"-38.81201";"-298.3358";"-97.67401";"-27.41675";"-244.6433";"-62.5556";"-38.81201";"-298.3358";"-97.67401";"-27.41675"
"4688.017";"-244.6192";"-62.54266";"-38.81201";"-298.3358";"-97.64081";"-27.42926";"-244.6192";"-62.54266";"-38.81201";"-298.3358";"-97.64081";"-27.42926"
"4696.358";"-244.3846";"-62.40698";"-38.81201";"-298.3358";"-97.58075";"-27.47699";"-244.3846";"-62.40698";"-38.81201";"-298.3358";"-97.58075";"-27.47699"
"4704.7";"-244.3696";"-62.40033";"-38.81201";"-298.3358";"-97.53113";"-27.48303";"-244.3696";"-62.40033";"-38.81201";"-298.3358";"-97.53113";"-27.48303"
"4713.042";"-244.3133";"-62.37274";"-38.81201";"-298.3358";"-97.40613";"-27.49463";"-244.3133";"-62.37274";"-38.81201";"-298.3358";"-97.40613";"-27.49463"
"4721.383";"-244.2759";"-62.35486";"-38.81201";"-298.3358";"-97.38312";"-27.51489";"-244.2759";"-62.35486";"-38.81201";"-298.3358";"-97.38312";"-27.51489"
"4729.725";"-244.2422";"-62.3476";"-38.81201";"-298.3358";"-97.36127";"-27.49933";"-244.2422";"-62.3476";"-38.81201";"-298.3358";"-97.36127";"-27.49933"
"4738.067";"-244.1977";"-62.34045";"-38.81201";"-298.3358";"-97.27356";"-27.513";"-244.1977";"-62.34045";"-38.81201";"-298.3358";"-97.27356";"-27.513"
"4746.408";"-244.1282";"-62.31317";"-38.81201";"-298.3358";"-97.25372";"-27.53101";"-244.1282";"-62.31317";"-38.81201";"-298.3358";"-97.25372";"-27.53101"
"4754.75";"-244.0974";"-62.29871";"-38.81201";"-298.3358";"-97.21997";"-27.54034";"-244.0974";"-62.29871";"-38.81201";"-298.3358";"-97.21997";"-27.54034"
"4763.092";"-244.0463";"-62.27234";"-38.81201";"-298.3358";"-97.13879";"-27.56207";"-244.0463";"-62.27234";"-38.81201";"-298.3358";"-97.13879";"-27.56207"
"4771.433";"-244.0316";"-62.26532";"-38.81201";"-298.3358";"-97.10474";"-27.57648";"-244.0316";"-62.26532";"-38.81201";"-298.3358";"-97.10474";"-27.57648"
"4779.775";"-243.988";"-62.2663";"-38.81201";"-298.3358";"-97.04126";"-27.59625";"-243.988";"-62.2663";"-38.81201";"-298.3358";"-97.04126";"-27.59625"
"4788.117";"-243.957";"-62.24591";"-38.81201";"-298.3358";"-97.00592";"-27.64331";"-243.957";"-62.24591";"-38.81201";"-298.3358";"-97.00592";"-27.64331"
"4796.458";"-243.8863";"-62.22028";"-38.81201";"-298.3358";"-96.90332";"-27.65796";"-243.8863";"-62.22028";"-38.81201";"-298.3358";"-96.90332";"-27.65796"
"4804.8";"-243.8745";"-62.19958";"-38.81201";"-298.3358";"-96.8822";"-27.65137";"-243.8745";"-62.19958";"-38.81201";"-298.3358";"-96.8822";"-27.65137"
"4813.142";"-243.8271";"-62.21851";"-38.81201";"-298.3358";"-96.84961";"-27.66913";"-243.8271";"-62.21851";"-38.81201";"-298.3358";"-96.84961";"-27.66913"
"4821.483";"-243.7952";"-62.20935";"-38.81201";"-298.3358";"-96.80499";"-27.69482";"-243.7952";"-62.20935";"-38.81201";"-298.3358";"-96.80499";"-27.69482"
"4829.825";"-243.7635";"-62.19476";"-38.81201";"-298.3358";"-96.77155";"-27.7077";"-243.7635";"-62.19476";"-38.81201";"-298.3358";"-96.77155";"-27.7077"
"4838.167";"-243.7265";"-62.17267";"-38.81201";"-298.3358";"-96.75604";"-27.73883";"-243.7265";"-62.17267";"-38.81201";"-298.3358";"-96.75604";"-27.73883"
"4846.508";"-243.667";"-62.15674";"-38.81201";"-298.3358";"-96.66699";"-27.75824";"-243.667";"-62.15674";"-38.81201";"-298.3358";"-96.66699";"-27.75824"
"4854.85";"-243.6588";"-62.14716";"-38.81201";"-298.3358";"-96.64819";"-27.76129";"-243.6588";"-62.14716";"-38.81201";"-298.3358";"-96.64819";"-27.76129"
"4863.192";"-243.629";"-62.13751";"-38.81201";"-298.3358";"-96.60754";"-27.80627";"-243.629";"-62.13751";"-38.81201";"-298.3358";"-96.60754";"-27.80627"
"4871.533";"-243.6026";"-62.14056";"-38.81201";"-298.3358";"-96.57458";"-27.81903";"-243.6026";"-62.14056";"-38.81201";"-298.3358";"-96.57458";"-27.81903"
"4879.875";"-243.4945";"-62.03229";"-38.81201";"-298.3358";"-96.50452";"-27.81293";"-243.4945";"-62.03229";"-38.81201";"-298.3358";"-96.50452";"-27.81293"
"4888.217";"-243.4753";"-62.0351";"-38.81201";"-298.3358";"-96.46826";"-27.85046";"-243.4753";"-62.0351";"-38.81201";"-298.3358";"-96.46826";"-27.85046"
"4896.558";"-243.4468";"-62.01025";"-38.81201";"-298.3358";"-96.4342";"-27.84149";"-243.4468";"-62.01025";"-38.81201";"-298.3358";"-96.4342";"-27.84149"
"4904.9";"-243.413";"-62.00323";"-38.81201";"-298.3358";"-96.40179";"-27.86926";"-243.413";"-62.00323";"-38.81201";"-298.3358";"-96.40179";"-27.86926"
"4913.242";"-243.393";"-61.9881";"-38.81201";"-298.3358";"-96.36627";"-27.87659";"-243.393";"-61.9881";"-38.81201";"-298.3358";"-96.36627";"-27.87659"
"4921.583";"-243.3534";"-61.98132";"-38.81201";"-298.3358";"-96.33234";"-27.87677";"-243.3534";"-61.98132";"-38.81201";"-298.3358";"-96.33234";"-27.87677"
"4929.925";"-243.3115";"-61.9704";"-38.81201";"-298.3358";"-96.26471";"-27.88043";"-243.3115";"-61.9704";"-38.81201";"-298.3358";"-96.26471";"-27.88043"
"4938.267";"-243.2894";"-61.96521";"-38.81201";"-298.3358";"-96.22638";"-27.90613";"-243.2894";"-61.96521";"-38.81201";"-298.3358";"-96.22638";"-27.90613"
"4946.608";"-243.2668";"-61.93274";"-38.81201";"-298.3358";"-96.16711";"-27.92719";"-243.2668";"-61.93274";"-38.81201";"-298.3358";"-96.16711";"-27.92719"
"4954.95";"-243.2366";"-61.93414";"-38.81201";"-298.3358";"-96.17316";"-27.93213";"-243.2366";"-61.93414";"-38.81201";"-298.3358";"-96.17316";"-27.93213"
"4963.292";"-243.2047";"-61.91925";"-38.81201";"-298.3358";"-96.13464";"-27.94672";"-243.2047";"-61.91925";"-38.81201";"-298.3358";"-96.13464";"-27.94672"
"4971.633";"-243.1867";"-61.91626";"-38.81201";"-298.3358";"-96.07806";"-27.95825";"-243.1867";"-61.91626";"-38.81201";"-298.3358";"-96.07806";"-27.95825"
"4979.975";"-243.1544";"-61.90393";"-38.81201";"-298.3358";"-96.05634";"-27.9624";"-243.1544";"-61.90393";"-38.81201";"-298.3358";"-96.05634";"-27.9624"
"4988.317";"-243.1354";"-61.88464";"-38.81201";"-298.3358";"-96.02795";"-27.97644";"-243.1354";"-61.88464";"-38.81201";"-298.3358";"-96.02795";"-27.97644"
"4996.658";"-243.0809";"-61.88367";"-38.81201";"-298.3358";"-95.93164";"-27.96094";"-243.0809";"-61.88367";"-38.81201";"-298.3358";"-95.93164";"-27.96094"
"5005";"-243.0563";"-61.8797";"-38.81201";"-298.3358";"-95.9295";"-27.98651";"-243.0563";"-61.8797";"-38.81201";"-298.3358";"-95.9295";"-27.98651"
"5013.342";"-243.0279";"-61.87079";"-38.81201";"-298.3358";"-95.8634";"-28.00787";"-243.0279";"-61.87079";"-38.81201";"-298.3358";"-95.8634";"-28.00787"
"5021.683";"-243.0121";"-61.86627";"-38.81201";"-298.3358";"-95.83612";"-28.0144";"-243.0121";"-61.86627";"-38.81201";"-298.3358";"-95.83612";"-28.0144"
"5030.025";"-242.9587";"-61.86707";"-38.81201";"-298.3358";"-95.79987";"-28.02356";"-242.9587";"-61.86707";"-38.81201";"-298.3358";"-95.79987";"-28.02356"
"5038.367";"-242.94";"-61.85187";"-38.81201";"-298.3358";"-95.7514";"-28.05597";"-242.94";"-61.85187";"-38.81201";"-298.3358";"-95.7514";"-28.05597"
"5046.708";"-242.8367";"-61.82202";"-38.81201";"-298.3358";"-95.66217";"-28.07867";"-242.8367";"-61.82202";"-38.81201";"-298.3358";"-95.66217";"-28.07867"
"5055.05";"-242.8201";"-61.81238";"-38.81201";"-298.3358";"-95.62915";"-28.09491";"-242.8201";"-61.81238";"-38.81201";"-298.3358";"-95.62915";"-28.09491"
"5063.392";"-242.7888";"-61.79596";"-38.81201";"-298.3358";"-95.60828";"-28.08618";"-242.7888";"-61.79596";"-38.81201";"-298.3358";"-95.60828";"-28.08618"
"5071.733";"-242.7645";"-61.78345";"-38.81201";"-298.3358";"-95.573";"-28.10242";"-242.7645";"-61.78345";"-38.81201";"-298.3358";"-95.573";"-28.10242"
"5080.075";"-242.7087";"-61.78571";"-38.81201";"-298.3358";"-95.54279";"-28.11993";"-242.7087";"-61.78571";"-38.81201";"-298.3358";"-95.54279";"-28.11993"
"5088.417";"-242.6728";"-61.76862";"-38.81201";"-298.3358";"-95.43262";"-28.15863";"-242.6728";"-61.76862";"-38.81201";"-298.3358";"-95.43262";"-28.15863"
"5096.758";"-242.6448";"-61.76221";"-38.81201";"-298.3358";"-95.42389";"-28.14453";"-242.6448";"-61.76221";"-38.81201";"-298.3358";"-95.42389";"-28.14453"
"5105.1";"-242.6367";"-61.74774";"-38.81201";"-298.3358";"-95.40717";"-28.16785";"-242.6367";"-61.74774";"-38.81201";"-298.3358";"-95.40717";"-28.16785"
"5113.442";"-242.5615";"-61.74152";"-38.81201";"-298.3358";"-95.3299";"-28.17767";"-242.5615";"-61.74152";"-38.81201";"-298.3358";"-95.3299";"-28.17767"
"5121.783";"-242.5328";"-61.72626";"-38.81201";"-298.3358";"-95.29077";"-28.18964";"-242.5328";"-61.72626";"-38.81201";"-298.3358";"-95.29077";"-28.18964"
"5130.125";"-242.4969";"-61.61267";"-38.81201";"-298.3358";"-95.25812";"-28.21167";"-242.4969";"-61.61267";"-38.81201";"-298.3358";"-95.25812";"-28.21167"
"5138.467";"-242.4477";"-61.59534";"-38.81201";"-298.3358";"-95.20215";"-28.20996";"-242.4477";"-61.59534";"-38.81201";"-298.3358";"-95.20215";"-28.20996"
"5146.808";"-242.3668";"-61.58954";"-38.81201";"-298.3358";"-95.18011";"-28.22076";"-242.3668";"-61.58954";"-38.81201";"-298.3358";"-95.18011";"-28.22076"
"5155.15";"-242.3636";"-61.57239";"-38.81201";"-298.3358";"-95.14978";"-28.23956";"-242.3636";"-61.57239";"-38.81201";"-298.3358";"-95.14978";"-28.23956"
"5163.492";"-242.3463";"-61.57568";"-38.81201";"-298.3358";"-95.0733";"-28.22827";"-242.3463";"-61.57568";"-38.81201";"-298.3358";"-95.0733";"-28.22827"
"5171.833";"-242.3346";"-61.54559";"-38.81201";"-298.3358";"-95.05688";"-28.229";"-242.3346";"-61.54559";"-38.81201";"-298.3358";"-95.05688";"-28.229"
"5180.175";"-242.2997";"-61.56329";"-38.81201";"-298.3358";"-95.05023";"-28.24554";"-242.2997";"-61.56329";"-38.81201";"-298.3358";"-95.05023";"-28.24554"
"5188.517";"-242.2578";"-61.54742";"-38.81201";"-298.3358";"-95.03625";"-28.25659";"-242.2578";"-61.54742";"-38.81201";"-298.3358";"-95.03625";"-28.25659"
"5196.858";"-242.2372";"-61.54272";"-38.81201";"-298.3358";"-95.01672";"-28.26617";"-242.2372";"-61.54272";"-38.81201";"-298.3358";"-95.01672";"-28.26617"
"5205.2";"-242.2207";"-61.53497";"-38.81201";"-298.3358";"-94.93439";"-28.27533";"-242.2207";"-61.53497";"-38.81201";"-298.3358";"-94.93439";"-28.27533"
"5213.542";"-242.0724";"-61.4917";"-38.81201";"-298.3358";"-94.89349";"-28.27191";"-242.0724";"-61.4917";"-38.81201";"-298.3358";"-94.89349";"-28.27191"
"5221.883";"-242.0717";"-61.4707";"-38.81201";"-298.3358";"-94.86035";"-28.29108";"-242.0717";"-61.4707";"-38.81201";"-298.3358";"-94.86035";"-28.29108"
"5230.225";"-242.0206";"-61.47247";"-38.81201";"-298.3358";"-94.79358";"-28.30048";"-242.0206";"-61.47247";"-38.81201";"-298.3358";"-94.79358";"-28.30048"
"5238.567";"-241.988";"-61.47131";"-38.81201";"-298.3358";"-94.80231";"-28.30621";"-241.988";"-61.47131";"-38.81201";"-298.3358";"-94.80231";"-28.30621"
"5246.908";"-241.9752";"-61.44495";"-38.81201";"-298.3358";"-94.74481";"-28.30237";"-241.9752";"-61.44495";"-38.81201";"-298.3358";"-94.74481";"-28.30237"
"5255.25";"-241.9339";"-61.43896";"-38.81201";"-298.3358";"-94.72083";"-28.31738";"-241.9339";"-61.43896";"-38.81201";"-298.3358";"-94.72083";"-28.31738"
"5263.592";"-241.9119";"-61.41626";"-38.81201";"-298.3358";"-94.69733";"-28.34155";"-241.9119";"-61.41626";"-38.81201";"-298.3358";"-94.69733";"-28.34155"
"5271.933";"-241.8674";"-61.40906";"-38.81201";"-298.3358";"-94.67035";"-28.35602";"-241.8674";"-61.40906";"-38.81201";"-298.3358";"-94.67035";"-28.35602"
"5280.275";"-241.8283";"-61.39886";"-38.81201";"-298.3358";"-94.62512";"-28.36078";"-241.8283";"-61.39886";"-38.81201";"-298.3358";"-94.62512";"-28.36078"
"5288.617";"-241.7991";"-61.38959";"-38.81201";"-298.3358";"-94.61395";"-28.37115";"-241.7991";"-61.38959";"-38.81201";"-298.3358";"-94.61395";"-28.37115"
"5296.958";"-241.7603";"-61.3371";"-38.81201";"-298.3358";"-94.47064";"-28.38275";"-241.7603";"-61.3371";"-38.81201";"-298.3358";"-94.47064";"-28.38275"
"5305.3";"-241.7217";"-61.33521";"-38.81201";"-298.3358";"-94.45471";"-28.42212";"-241.7217";"-61.33521";"-38.81201";"-298.3358";"-94.45471";"-28.42212"
"5313.642";"-241.6834";"-61.32532";"-38.81201";"-298.3358";"-94.41571";"-28.42065";"-241.6834";"-61.32532";"-38.81201";"-298.3358";"-94.41571";"-28.42065"
"5321.983";"-241.6653";"-61.30786";"-38.81201";"-298.3358";"-94.38794";"-28.45197";"-241.6653";"-61.30786";"-38.81201";"-298.3358";"-94.38794";"-28.45197"
"5330.325";"-241.622";"-61.30261";"-38.81201";"-298.3358";"-94.34998";"-28.45404";"-241.622";"-61.30261";"-38.81201";"-298.3358";"-94.34998";"-28.45404"
"5338.667";"-241.5942";"-61.29938";"-38.81201";"-298.3358";"-94.3067";"-28.46173";"-241.5942";"-61.29938";"-38.81201";"-298.3358";"-94.3067";"-28.46173"
"5347.008";"-241.5414";"-61.28027";"-38.81201";"-298.3358";"-94.29529";"-28.46838";"-241.5414";"-61.28027";"-38.81201";"-298.3358";"-94.29529";"-28.46838"
"5355.35";"-241.4977";"-61.16388";"-38.81201";"-298.3358";"-94.28046";"-28.48553";"-241.4977";"-61.16388";"-38.81201";"-298.3358";"-94.28046";"-28.48553"
"5363.692";"-241.4674";"-61.1535";"-38.81201";"-298.3358";"-94.15747";"-28.50256";"-241.4674";"-61.1535";"-38.81201";"-298.3358";"-94.15747";"-28.50256"
"5372.033";"-241.428";"-61.12946";"-38.81201";"-298.3358";"-94.12537";"-28.50311";"-241.428";"-61.12946";"-38.81201";"-298.3358";"-94.12537";"-28.50311"
"5380.375";"-241.401";"-61.12695";"-38.81201";"-298.3358";"-94.0625";"-28.5307";"-241.401";"-61.12695";"-38.81201";"-298.3358";"-94.0625";"-28.5307"
"5388.717";"-241.3646";"-61.11224";"-38.81201";"-298.3358";"-94.03107";"-28.552";"-241.3646";"-61.11224";"-38.81201";"-298.3358";"-94.03107";"-28.552"
"5397.058";"-241.3318";"-61.10065";"-38.81201";"-298.3358";"-94.04626";"-28.54108";"-241.3318";"-61.10065";"-38.81201";"-298.3358";"-94.04626";"-28.54108"
"5405.4";"-241.3038";"-61.07855";"-38.81201";"-298.3358";"-94.01221";"-28.64691";"-241.3038";"-61.07855";"-38.81201";"-298.3358";"-94.01221";"-28.64691"
"5413.742";"-241.2801";"-61.07892";"-38.81201";"-298.3358";"-93.9776";"-28.58521";"-241.2801";"-61.07892";"-38.81201";"-298.3358";"-93.9776";"-28.58521"
"5422.083";"-241.2676";"-61.07324";"-38.81201";"-298.3358";"-93.9397";"-28.59479";"-241.2676";"-61.07324";"-38.81201";"-298.3358";"-93.9397";"-28.59479"
"5430.425";"-241.2486";"-61.07196";"-38.81201";"-298.3358";"-93.9057";"-28.63824";"-241.2486";"-61.07196";"-38.81201";"-298.3358";"-93.9057";"-28.63824"
"5438.767";"-241.2017";"-61.05121";"-38.81201";"-298.3358";"-93.85046";"-28.6604";"-241.2017";"-61.05121";"-38.81201";"-298.3358";"-93.85046";"-28.6604"
"5447.108";"-241.1482";"-61.01923";"-38.81201";"-298.3358";"-93.8158";"-28.67389";"-241.1482";"-61.01923";"-38.81201";"-298.3358";"-93.8158";"-28.67389"
"5455.45";"-241.1266";"-61.02185";"-38.81201";"-298.3358";"-93.77136";"-28.67627";"-241.1266";"-61.02185";"-38.81201";"-298.3358";"-93.77136";"-28.67627"
"5463.792";"-241.1047";"-61.00635";"-38.81201";"-298.3358";"-93.71191";"-28.67004";"-241.1047";"-61.00635";"-38.81201";"-298.3358";"-93.71191";"-28.67004"
"5472.133";"-241.0771";"-60.99396";"-38.81201";"-298.3358";"-93.68427";"-28.69971";"-241.0771";"-60.99396";"-38.81201";"-298.3358";"-93.68427";"-28.69971"
"5480.475";"-241.064";"-60.98645";"-38.81201";"-298.3358";"-93.63287";"-28.70746";"-241.064";"-60.98645";"-38.81201";"-298.3358";"-93.63287";"-28.70746"
"5488.817";"-241.0333";"-60.9704";"-38.81201";"-298.3358";"-93.61823";"-28.7063";"-241.0333";"-60.9704";"-38.81201";"-298.3358";"-93.61823";"-28.7063"
"5497.158";"-240.9967";"-60.95532";"-38.81201";"-298.3358";"-93.56665";"-28.75934";"-240.9967";"-60.95532";"-38.81201";"-298.3358";"-93.56665";"-28.75934"
"5505.5";"-240.9775";"-60.95367";"-38.81201";"-298.3358";"-93.54102";"-28.77069";"-240.9775";"-60.95367";"-38.81201";"-298.3358";"-93.54102";"-28.77069"
"5513.842";"-240.9594";"-60.93298";"-38.81201";"-298.3358";"-93.51465";"-28.78101";"-240.9594";"-60.93298";"-38.81201";"-298.3358";"-93.51465";"-28.78101"
"5522.183";"-240.9509";"-60.93079";"-38.81201";"-298.3358";"-93.48181";"-28.85394";"-240.9509";"-60.93079";"-38.81201";"-298.3358";"-93.48181";"-28.85394"
"5530.525";"-240.8978";"-60.88635";"-38.81201";"-298.3358";"-93.48834";"-28.87012";"-240.8978";"-60.88635";"-38.81201";"-298.3358";"-93.48834";"-28.87012"
"5538.867";"-240.828";"-60.86707";"-38.81201";"-298.3358";"-93.34729";"-28.87366";"-240.828";"-60.86707";"-38.81201";"-298.3358";"-93.34729";"-28.87366"
"5547.208";"-240.8228";"-60.86365";"-38.81201";"-298.3358";"-93.31702";"-28.87738";"-240.8228";"-60.86365";"-38.81201";"-298.3358";"-93.31702";"-28.87738"
"5555.55";"-240.8036";"-60.84601";"-38.81201";"-298.3358";"-93.328";"-28.87854";"-240.8036";"-60.84601";"-38.81201";"-298.3358";"-93.328";"-28.87854"
"5563.892";"-240.7963";"-60.83746";"-38.81201";"-298.3358";"-93.31073";"-28.90039";"-240.7963";"-60.83746";"-38.81201";"-298.3358";"-93.31073";"-28.90039"
"5572.233";"-240.7795";"-60.83496";"-38.81201";"-298.3358";"-93.2962";"-28.91785";"-240.7795";"-60.83496";"-38.81201";"-298.3358";"-93.2962";"-28.91785"
"5580.575";"-240.7349";"-60.83075";"-38.81201";"-298.3358";"-93.23206";"-28.93201";"-240.7349";"-60.83075";"-38.81201";"-298.3358";"-93.23206";"-28.93201"
"5588.917";"-240.7247";"-60.82562";"-38.81201";"-298.3358";"-93.19525";"-28.93097";"-240.7247";"-60.82562";"-38.81201";"-298.3358";"-93.19525";"-28.93097"
"5597.258";"-240.6752";"-60.80762";"-38.81201";"-298.3358";"-93.15088";"-28.95184";"-240.6752";"-60.80762";"-38.81201";"-298.3358";"-93.15088";"-28.95184"
"5605.6";"-240.6516";"-60.80267";"-38.81201";"-298.3358";"-93.1424";"-28.95654";"-240.6516";"-60.80267";"-38.81201";"-298.3358";"-93.1424";"-28.95654"
"5613.942";"-240.6484";"-60.78418";"-38.81201";"-298.3358";"-93.11841";"-28.98004";"-240.6484";"-60.78418";"-38.81201";"-298.3358";"-93.11841";"-28.98004"
"5622.283";"-240.6198";"-60.76172";"-38.81201";"-298.3358";"-93.07697";"-29.0105";"-240.6198";"-60.76172";"-38.81201";"-298.3358";"-93.07697";"-29.0105"
"5630.625";"-240.5614";"-60.73883";"-38.81201";"-298.3358";"-93.05157";"-29.00604";"-240.5614";"-60.73883";"-38.81201";"-298.3358";"-93.05157";"-29.00604"
"5638.967";"-240.5528";"-60.73352";"-38.81201";"-298.3358";"-92.99078";"-29.03925";"-240.5528";"-60.73352";"-38.81201";"-298.3358";"-92.99078";"-29.03925"
"5647.308";"-240.5167";"-60.7204";"-38.81201";"-298.3358";"-92.91296";"-29.02753";"-240.5167";"-60.7204";"-38.81201";"-298.3358";"-92.91296";"-29.02753"
"5655.65";"-240.4991";"-60.57251";"-38.81201";"-298.3358";"-92.90485";"-29.03436";"-240.4991";"-60.57251";"-38.81201";"-298.3358";"-92.90485";"-29.03436"
"5663.992";"-240.4628";"-60.57166";"-38.81201";"-298.3358";"-92.87402";"-29.073";"-240.4628";"-60.57166";"-38.81201";"-298.3358";"-92.87402";"-29.073"
"5672.333";"-240.4423";"-60.55798";"-38.81201";"-298.3358";"-92.85077";"-29.08221";"-240.4423";"-60.55798";"-38.81201";"-298.3358";"-92.85077";"-29.08221"
"5680.675";"-240.4114";"-60.53326";"-38.81201";"-298.3358";"-92.82397";"-29.09442";"-240.4114";"-60.53326";"-38.81201";"-298.3358";"-92.82397";"-29.09442"
"5689.017";"-240.3785";"-60.51526";"-38.81201";"-298.3358";"-92.79987";"-29.08917";"-240.3785";"-60.51526";"-38.81201";"-298.3358";"-92.79987";"-29.08917"
"5697.358";"-240.3646";"-60.50458";"-38.81201";"-298.3358";"-92.73627";"-29.11578";"-240.3646";"-60.50458";"-38.81201";"-298.3358";"-92.73627";"-29.11578"
"5705.7";"-240.2347";"-60.46869";"-38.81201";"-298.3358";"-92.71649";"-29.13287";"-240.2347";"-60.46869";"-38.81201";"-298.3358";"-92.71649";"-29.13287"
"5714.042";"-240.2053";"-60.44098";"-38.81201";"-298.3358";"-92.70313";"-29.13391";"-240.2053";"-60.44098";"-38.81201";"-298.3358";"-92.70313";"-29.13391"
"5722.383";"-240.1765";"-60.42279";"-38.81201";"-298.3358";"-92.66919";"-29.15784";"-240.1765";"-60.42279";"-38.81201";"-298.3358";"-92.66919";"-29.15784"
"5730.725";"-240.1568";"-60.41687";"-38.81201";"-298.3358";"-92.62665";"-29.16919";"-240.1568";"-60.41687";"-38.81201";"-298.3358";"-92.62665";"-29.16919"
"5739.067";"-240.1462";"-60.40918";"-38.81201";"-298.3358";"-92.61377";"-29.17883";"-240.1462";"-60.40918";"-38.81201";"-298.3358";"-92.61377";"-29.17883"
"5747.408";"-240.1155";"-60.37177";"-38.81201";"-298.3358";"-92.54858";"-29.23706";"-240.1155";"-60.37177";"-38.81201";"-298.3358";"-92.54858";"-29.23706"
"5755.75";"-240.0982";"-60.36536";"-38.81201";"-298.3358";"-92.5224";"-29.25256";"-240.0982";"-60.36536";"-38.81201";"-298.3358";"-92.5224";"-29.25256"
"5764.092";"-240.0442";"-60.32489";"-38.81201";"-298.3358";"-92.49792";"-29.27606";"-240.0442";"-60.32489";"-38.81201";"-298.3358";"-92.49792";"-29.27606"
"5772.433";"-240.0371";"-60.32019";"-38.81201";"-298.3358";"-92.45868";"-29.28473";"-240.0371";"-60.32019";"-38.81201";"-298.3358";"-92.45868";"-29.28473"
"5780.775";"-239.989";"-60.28821";"-38.81201";"-298.3358";"-92.41492";"-29.28229";"-239.989";"-60.28821";"-38.81201";"-298.3358";"-92.41492";"-29.28229"
"5789.117";"-239.9808";"-60.26904";"-38.81201";"-298.3358";"-92.38727";"-29.29242";"-239.9808";"-60.26904";"-38.81201";"-298.3358";"-92.38727";"-29.29242"
"5797.458";"-239.9537";"-60.2627";"-38.81201";"-298.3358";"-92.27197";"-29.3075";"-239.9537";"-60.2627";"-38.81201";"-298.3358";"-92.27197";"-29.3075"
"5805.8";"-239.9213";"-60.23834";"-38.81201";"-298.3358";"-92.26611";"-29.31372";"-239.9213";"-60.23834";"-38.81201";"-298.3358";"-92.26611";"-29.31372"
"5814.142";"-239.9148";"-60.24091";"-38.81201";"-298.3358";"-92.24518";"-29.31244";"-239.9148";"-60.24091";"-38.81201";"-298.3358";"-92.24518";"-29.31244"
"5822.483";"-239.8607";"-60.20752";"-38.81201";"-298.3358";"-92.22845";"-29.32556";"-239.8607";"-60.20752";"-38.81201";"-298.3358";"-92.22845";"-29.32556"
"5830.825";"-239.8301";"-60.18134";"-38.81201";"-298.3358";"-92.19519";"-29.36969";"-239.8301";"-60.18134";"-38.81201";"-298.3358";"-92.19519";"-29.36969"
"5839.167";"-239.8001";"-60.16364";"-38.81201";"-298.3358";"-92.15424";"-29.37152";"-239.8001";"-60.16364";"-38.81201";"-298.3358";"-92.15424";"-29.37152"
"5847.508";"-239.7773";"-60.14374";"-38.81201";"-298.3358";"-92.05157";"-29.37494";"-239.7773";"-60.14374";"-38.81201";"-298.3358";"-92.05157";"-29.37494"
"5855.85";"-239.7642";"-60.13599";"-38.81201";"-298.3358";"-92.04468";"-29.40417";"-239.7642";"-60.13599";"-38.81201";"-298.3358";"-92.04468";"-29.40417"
"5864.192";"-239.724";"-60.10931";"-38.81201";"-298.3358";"-92.02686";"-29.39349";"-239.724";"-60.10931";"-38.81201";"-298.3358";"-92.02686";"-29.39349"
"5872.533";"-239.6905";"-60.10114";"-38.81201";"-298.3358";"-91.98535";"-29.41711";"-239.6905";"-60.10114";"-38.81201";"-298.3358";"-91.98535";"-29.41711"
"5880.875";"-239.6664";"-60.07074";"-38.81201";"-298.3358";"-91.97034";"-29.4295";"-239.6664";"-60.07074";"-38.81201";"-298.3358";"-91.97034";"-29.4295"
"5889.217";"-239.6642";"-60.05273";"-38.81201";"-298.3358";"-91.93793";"-29.42767";"-239.6642";"-60.05273";"-38.81201";"-298.3358";"-91.93793";"-29.42767"
"5897.558";"-239.6354";"-60.02789";"-38.81201";"-298.3358";"-91.86823";"-29.44855";"-239.6354";"-60.02789";"-38.81201";"-298.3358";"-91.86823";"-29.44855"
"5905.9";"-239.6176";"-60.02234";"-38.81201";"-298.3358";"-91.86237";"-29.45361";"-239.6176";"-60.02234";"-38.81201";"-298.3358";"-91.86237";"-29.45361"
"5914.242";"-239.5817";"-60.00952";"-38.81201";"-298.3358";"-91.8399";"-29.49335";"-239.5817";"-60.00952";"-38.81201";"-298.3358";"-91.8399";"-29.49335"
"5922.583";"-239.563";"-59.98584";"-38.81201";"-298.3358";"-91.8219";"-29.52679";"-239.563";"-59.98584";"-38.81201";"-298.3358";"-91.8219";"-29.52679"
"5930.925";"-239.524";"-59.97192";"-38.81201";"-298.3358";"-91.78516";"-29.51752";"-239.524";"-59.97192";"-38.81201";"-298.3358";"-91.78516";"-29.51752"
"5939.267";"-239.4896";"-59.85541";"-38.81201";"-298.3358";"-91.77411";"-29.57513";"-239.4896";"-59.85541";"-38.81201";"-298.3358";"-91.77411";"-29.57513"
"5947.608";"-239.4547";"-59.84869";"-38.81201";"-298.3358";"-91.69604";"-29.56873";"-239.4547";"-59.84869";"-38.81201";"-298.3358";"-91.69604";"-29.56873"
"5955.95";"-239.4485";"-59.83148";"-38.81201";"-298.3358";"-91.66937";"-29.59442";"-239.4485";"-59.83148";"-38.81201";"-298.3358";"-91.66937";"-29.59442"
"5964.292";"-239.4025";"-59.81293";"-38.81201";"-298.3358";"-91.64996";"-29.61847";"-239.4025";"-59.81293";"-38.81201";"-298.3358";"-91.64996";"-29.61847"
"5972.633";"-239.3868";"-59.79559";"-38.81201";"-298.3358";"-91.6156";"-29.66107";"-239.3868";"-59.79559";"-38.81201";"-298.3358";"-91.6156";"-29.66107"
"5980.975";"-239.3785";"-59.76715";"-38.81201";"-298.3358";"-91.57037";"-29.65533";"-239.3785";"-59.76715";"-38.81201";"-298.3358";"-91.57037";"-29.65533"
"5989.317";"-239.3549";"-59.75024";"-38.81201";"-298.3358";"-91.54004";"-29.69702";"-239.3549";"-59.75024";"-38.81201";"-298.3358";"-91.54004";"-29.69702"
"5997.658";"-239.3164";"-59.71381";"-38.81201";"-298.3358";"-91.37726";"-29.72925";"-239.3164";"-59.71381";"-38.81201";"-298.3358";"-91.37726";"-29.72925"
"6006";"-239.2985";"-59.70178";"-38.81201";"-298.3358";"-91.36646";"-29.73737";"-239.2985";"-59.70178";"-38.81201";"-298.3358";"-91.36646";"-29.73737"
"6014.342";"-239.2816";"-59.67871";"-38.81201";"-298.3358";"-91.37079";"-29.75037";"-239.2816";"-59.67871";"-38.81201";"-298.3358";"-91.37079";"-29.75037"
"6022.683";"-239.2724";"-59.65442";"-38.81201";"-298.3358";"-91.35339";"-29.76044";"-239.2724";"-59.65442";"-38.81201";"-298.3358";"-91.35339";"-29.76044"
"6031.025";"-239.2239";"-59.67859";"-38.81201";"-298.3358";"-91.29675";"-29.79987";"-239.2239";"-59.67859";"-38.81201";"-298.3358";"-91.29675";"-29.79987"
"6039.367";"-239.2121";"-59.65009";"-38.81201";"-298.3358";"-91.27728";"-29.80908";"-239.2121";"-59.65009";"-38.81201";"-298.3358";"-91.27728";"-29.80908"
"6047.708";"-239.1253";"-59.58826";"-38.81201";"-298.3358";"-91.2049";"-29.83734";"-239.1253";"-59.58826";"-38.81201";"-298.3358";"-91.2049";"-29.83734"
"6056.05";"-239.1083";"-59.56787";"-38.81201";"-298.3358";"-91.19128";"-29.84985";"-239.1083";"-59.56787";"-38.81201";"-298.3358";"-91.19128";"-29.84985"
"6064.392";"-239.1071";"-59.55768";"-38.81201";"-298.3358";"-91.14752";"-29.8515";"-239.1071";"-59.55768";"-38.81201";"-298.3358";"-91.14752";"-29.8515"
"6072.733";"-239.0945";"-59.56097";"-38.81201";"-298.3358";"-91.11151";"-29.86389";"-239.0945";"-59.56097";"-38.81201";"-298.3358";"-91.11151";"-29.86389"
"6081.075";"-239.0735";"-59.53571";"-38.81201";"-298.3358";"-91.11975";"-29.91266";"-239.0735";"-59.53571";"-38.81201";"-298.3358";"-91.11975";"-29.91266"
"6089.417";"-239.0516";"-59.52423";"-38.81201";"-298.3358";"-91.09906";"-29.91803";"-239.0516";"-59.52423";"-38.81201";"-298.3358";"-91.09906";"-29.91803"
"6097.758";"-239.0319";"-59.50977";"-38.81201";"-298.3358";"-91.04858";"-29.94244";"-239.0319";"-59.50977";"-38.81201";"-298.3358";"-91.04858";"-29.94244"
"6106.1";"-238.9082";"-59.45972";"-38.81201";"-298.3358";"-91.02191";"-29.96521";"-238.9082";"-59.45972";"-38.81201";"-298.3358";"-91.02191";"-29.96521"
"6114.442";"-238.8757";"-59.46558";"-38.81201";"-298.3358";"-90.99622";"-29.96271";"-238.8757";"-59.46558";"-38.81201";"-298.3358";"-90.99622";"-29.96271"
"6122.783";"-238.8488";"-59.42822";"-38.81201";"-298.3358";"-90.97955";"-29.95422";"-238.8488";"-59.42822";"-38.81201";"-298.3358";"-90.97955";"-29.95422"
"6131.125";"-238.8224";"-59.39606";"-38.81201";"-298.3358";"-90.84814";"-29.96338";"-238.8224";"-59.39606";"-38.81201";"-298.3358";"-90.84814";"-29.96338"
"6139.467";"-238.8243";"-59.3783";"-38.81201";"-298.3358";"-90.84521";"-29.97729";"-238.8243";"-59.3783";"-38.81201";"-298.3358";"-90.84521";"-29.97729"
"6147.808";"-238.7739";"-59.37189";"-38.81201";"-298.3358";"-90.83337";"-30.00006";"-238.7739";"-59.37189";"-38.81201";"-298.3358";"-90.83337";"-30.00006"
"6156.15";"-238.741";"-59.34265";"-38.81201";"-298.3358";"-90.82068";"-30.0022";"-238.741";"-59.34265";"-38.81201";"-298.3358";"-90.82068";"-30.0022"
"6164.492";"-238.7031";"-59.33551";"-38.81201";"-298.3358";"-90.78534";"-30.04395";"-238.7031";"-59.33551";"-38.81201";"-298.3358";"-90.78534";"-30.04395"
"6172.833";"-238.692";"-59.33063";"-38.81201";"-298.3358";"-90.73291";"-30.05426";"-238.692";"-59.33063";"-38.81201";"-298.3358";"-90.73291";"-30.05426"
"6181.175";"-238.6667";"-59.27686";"-38.81201";"-298.3358";"-90.72736";"-30.05249";"-238.6667";"-59.27686";"-38.81201";"-298.3358";"-90.72736";"-30.05249"
"6189.517";"-238.6289";"-59.24744";"-38.81201";"-298.3358";"-90.68524";"-30.06866";"-238.6289";"-59.24744";"-38.81201";"-298.3358";"-90.68524";"-30.06866"
"6197.858";"-238.5988";"-59.2533";"-38.81201";"-298.3358";"-90.53168";"-30.11169";"-238.5988";"-59.2533";"-38.81201";"-298.3358";"-90.53168";"-30.11169"
"6206.2";"-238.5518";"-59.21942";"-38.81201";"-298.3358";"-90.53217";"-30.11163";"-238.5518";"-59.21942";"-38.81201";"-298.3358";"-90.53217";"-30.11163"
"6214.542";"-238.5092";"-59.20978";"-38.81201";"-298.3358";"-90.52362";"-30.10272";"-238.5092";"-59.20978";"-38.81201";"-298.3358";"-90.52362";"-30.10272"
"6222.883";"-238.5091";"-59.203";"-38.81201";"-298.3358";"-90.51019";"-30.11194";"-238.5091";"-59.203";"-38.81201";"-298.3358";"-90.51019";"-30.11194"
"6231.225";"-238.4937";"-59.08356";"-38.81201";"-298.3358";"-90.47528";"-30.13202";"-238.4937";"-59.08356";"-38.81201";"-298.3358";"-90.47528";"-30.13202"
"6239.567";"-238.4702";"-59.07892";"-38.81201";"-298.3358";"-90.42096";"-30.15527";"-238.4702";"-59.07892";"-38.81201";"-298.3358";"-90.42096";"-30.15527"
"6247.908";"-238.4";"-59.05127";"-38.81201";"-298.3358";"-90.40332";"-30.1778";"-238.4";"-59.05127";"-38.81201";"-298.3358";"-90.40332";"-30.1778"
"6256.25";"-238.3857";"-59.03583";"-38.81201";"-298.3358";"-90.38031";"-30.19147";"-238.3857";"-59.03583";"-38.81201";"-298.3358";"-90.38031";"-30.19147"
"6264.592";"-238.3764";"-59.03876";"-38.81201";"-298.3358";"-90.33392";"-30.20483";"-238.3764";"-59.03876";"-38.81201";"-298.3358";"-90.33392";"-30.20483"
"6272.933";"-238.3501";"-59.01459";"-38.81201";"-298.3358";"-90.30469";"-30.2226";"-238.3501";"-59.01459";"-38.81201";"-298.3358";"-90.30469";"-30.2226"
"6281.275";"-238.3029";"-58.99518";"-38.81201";"-298.3358";"-90.27704";"-30.24634";"-238.3029";"-58.99518";"-38.81201";"-298.3358";"-90.27704";"-30.24634"
"6289.617";"-238.2896";"-58.97833";"-38.81201";"-298.3358";"-90.25476";"-30.242";"-238.2896";"-58.97833";"-38.81201";"-298.3358";"-90.25476";"-30.242"
"6297.958";"-238.2623";"-58.96045";"-38.81201";"-298.3358";"-90.12219";"-30.25464";"-238.2623";"-58.96045";"-38.81201";"-298.3358";"-90.12219";"-30.25464"
"6306.3";"-238.2343";"-58.9447";"-38.81201";"-298.3358";"-90.12537";"-30.25824";"-238.2343";"-58.9447";"-38.81201";"-298.3358";"-90.12537";"-30.25824"
"6314.642";"-238.2027";"-58.91791";"-38.81201";"-298.3358";"-90.10754";"-30.27856";"-238.2027";"-58.91791";"-38.81201";"-298.3358";"-90.10754";"-30.27856"
"6322.983";"-238.1951";"-58.91779";"-38.81201";"-298.3358";"-90.06085";"-30.28491";"-238.1951";"-58.91779";"-38.81201";"-298.3358";"-90.06085";"-30.28491"
"6331.325";"-238.1786";"-58.89636";"-38.81201";"-298.3358";"-90.03656";"-30.31055";"-238.1786";"-58.89636";"-38.81201";"-298.3358";"-90.03656";"-30.31055"
"6339.667";"-238.1531";"-58.8703";"-38.81201";"-298.3358";"-90.02972";"-30.3092";"-238.1531";"-58.8703";"-38.81201";"-298.3358";"-90.02972";"-30.3092"
"6348.008";"-238.1188";"-58.86884";"-38.81201";"-298.3358";"-89.97955";"-30.31445";"-238.1188";"-58.86884";"-38.81201";"-298.3358";"-89.97955";"-30.31445"
"6356.35";"-238.0996";"-58.84888";"-38.81201";"-298.3358";"-89.94971";"-30.31732";"-238.0996";"-58.84888";"-38.81201";"-298.3358";"-89.94971";"-30.31732"
"6364.692";"-238.0663";"-58.82758";"-38.81201";"-298.3358";"-89.92694";"-30.34479";"-238.0663";"-58.82758";"-38.81201";"-298.3358";"-89.92694";"-30.34479"
"6373.033";"-238.0186";"-58.82886";"-38.81201";"-298.3358";"-89.88342";"-30.35706";"-238.0186";"-58.82886";"-38.81201";"-298.3358";"-89.88342";"-30.35706"
"6381.375";"-238.0035";"-58.79987";"-38.81201";"-298.3358";"-89.7511";"-30.37885";"-238.0035";"-58.79987";"-38.81201";"-298.3358";"-89.7511";"-30.37885"
"6389.717";"-237.994";"-58.78503";"-38.81201";"-298.3358";"-89.76428";"-30.38672";"-237.994";"-58.78503";"-38.81201";"-298.3358";"-89.76428";"-30.38672"
"6398.058";"-237.9487";"-58.77795";"-38.81201";"-298.3358";"-89.74207";"-30.39685";"-237.9487";"-58.77795";"-38.81201";"-298.3358";"-89.74207";"-30.39685"
"6406.4";"-237.9323";"-58.76471";"-38.81201";"-298.3358";"-89.7262";"-30.40436";"-237.9323";"-58.76471";"-38.81201";"-298.3358";"-89.7262";"-30.40436"
"6414.742";"-237.8888";"-58.75751";"-38.81201";"-298.3358";"-89.70331";"-30.41388";"-237.8888";"-58.75751";"-38.81201";"-298.3358";"-89.70331";"-30.41388"
"6423.083";"-237.8875";"-58.7547";"-38.81201";"-298.3358";"-89.68561";"-30.43774";"-237.8875";"-58.7547";"-38.81201";"-298.3358";"-89.68561";"-30.43774"
"6431.425";"-237.8618";"-58.72681";"-38.81201";"-298.3358";"-89.66895";"-30.4375";"-237.8618";"-58.72681";"-38.81201";"-298.3358";"-89.66895";"-30.4375"
"6439.767";"-237.8361";"-58.71704";"-38.81201";"-298.3358";"-89.63879";"-30.44135";"-237.8361";"-58.71704";"-38.81201";"-298.3358";"-89.63879";"-30.44135"
"6448.108";"-237.7936";"-58.68799";"-38.81201";"-298.3358";"-89.59998";"-30.44928";"-237.7936";"-58.68799";"-38.81201";"-298.3358";"-89.59998";"-30.44928"
"6456.45";"-237.7755";"-58.67981";"-38.81201";"-298.3358";"-89.55499";"-30.47699";"-237.7755";"-58.67981";"-38.81201";"-298.3358";"-89.55499";"-30.47699"
"6464.792";"-237.7458";"-58.66962";"-38.81201";"-298.3358";"-89.5545";"-30.46558";"-237.7458";"-58.66962";"-38.81201";"-298.3358";"-89.5545";"-30.46558"
"6473.133";"-237.7412";"-58.67059";"-38.81201";"-298.3358";"-89.49182";"-30.52814";"-237.7412";"-58.67059";"-38.81201";"-298.3358";"-89.49182";"-30.52814"
"6481.475";"-237.6899";"-58.65076";"-38.81201";"-298.3358";"-89.36389";"-30.50909";"-237.6899";"-58.65076";"-38.81201";"-298.3358";"-89.36389";"-30.50909"
"6489.817";"-237.6602";"-58.64539";"-38.81201";"-298.3358";"-89.36896";"-30.53516";"-237.6602";"-58.64539";"-38.81201";"-298.3358";"-89.36896";"-30.53516"
"6498.158";"-237.6246";"-58.61761";"-38.81201";"-298.3358";"-89.3396";"-30.53668";"-237.6246";"-58.61761";"-38.81201";"-298.3358";"-89.3396";"-30.53668"
"6506.5";"-237.6077";"-58.62073";"-38.81201";"-298.3358";"-89.30823";"-30.53644";"-237.6077";"-58.62073";"-38.81201";"-298.3358";"-89.30823";"-30.53644"
"6514.842";"-237.576";"-58.60962";"-38.81201";"-298.3358";"-89.3161";"-30.565";"-237.576";"-58.60962";"-38.81201";"-298.3358";"-89.3161";"-30.565"
"6523.183";"-237.5467";"-58.59125";"-38.81201";"-298.3358";"-89.28168";"-30.56433";"-237.5467";"-58.59125";"-38.81201";"-298.3358";"-89.28168";"-30.56433"
"6531.525";"-237.399";"-58.44342";"-38.81201";"-298.3358";"-89.28302";"-30.58441";"-237.399";"-58.44342";"-38.81201";"-298.3358";"-89.28302";"-30.58441"
"6539.867";"-237.3008";"-58.39825";"-38.81201";"-298.3358";"-89.14929";"-30.66455";"-237.3008";"-58.39825";"-38.81201";"-298.3358";"-89.14929";"-30.66455"
"6548.208";"-237.3038";"-58.39661";"-38.81201";"-298.3358";"-89.14941";"-30.67621";"-237.3038";"-58.39661";"-38.81201";"-298.3358";"-89.14941";"-30.67621"
"6556.55";"-237.303";"-58.39886";"-38.81201";"-298.3358";"-89.14246";"-30.66406";"-237.303";"-58.39886";"-38.81201";"-298.3358";"-89.14246";"-30.66406"
"6564.892";"-237.2557";"-58.383";"-38.81201";"-298.3358";"-89.13593";"-30.68524";"-237.2557";"-58.383";"-38.81201";"-298.3358";"-89.13593";"-30.68524"
"6573.233";"-237.2477";"-58.3725";"-38.81201";"-298.3358";"-89.13324";"-30.68695";"-237.2477";"-58.3725";"-38.81201";"-298.3358";"-89.13324";"-30.68695"
"6581.575";"-237.2238";"-58.36981";"-38.81201";"-298.3358";"-89.08698";"-30.7334";"-237.2238";"-58.36981";"-38.81201";"-298.3358";"-89.08698";"-30.7334"
"6589.917";"-237.206";"-58.34949";"-38.81201";"-298.3358";"-89.02747";"-30.73218";"-237.206";"-58.34949";"-38.81201";"-298.3358";"-89.02747";"-30.73218"
"6598.258";"-237.1851";"-58.34375";"-38.81201";"-298.3358";"-89.02399";"-30.74695";"-237.1851";"-58.34375";"-38.81201";"-298.3358";"-89.02399";"-30.74695"
"6606.6";"-237.163";"-58.34143";"-38.81201";"-298.3358";"-88.98376";"-30.76691";"-237.163";"-58.34143";"-38.81201";"-298.3358";"-88.98376";"-30.76691"
"6614.942";"-237.1467";"-58.32672";"-38.81201";"-298.3358";"-88.93921";"-30.75958";"-237.1467";"-58.32672";"-38.81201";"-298.3358";"-88.93921";"-30.75958"
"6623.283";"-237.1158";"-58.28961";"-38.81201";"-298.3358";"-88.92542";"-30.76324";"-237.1158";"-58.28961";"-38.81201";"-298.3358";"-88.92542";"-30.76324"
"6631.625";"-237.0784";"-58.29059";"-38.81201";"-298.3358";"-88.91199";"-30.79974";"-237.0784";"-58.29059";"-38.81201";"-298.3358";"-88.91199";"-30.79974"
"6639.967";"-237.0659";"-58.26245";"-38.81201";"-298.3358";"-88.84821";"-30.8111";"-237.0659";"-58.26245";"-38.81201";"-298.3358";"-88.84821";"-30.8111"
"6648.308";"-237.0428";"-58.26563";"-38.81201";"-298.3358";"-88.84265";"-30.81555";"-237.0428";"-58.26563";"-38.81201";"-298.3358";"-88.84265";"-30.81555"
"6656.65";"-237.0334";"-58.24768";"-38.81201";"-298.3358";"-88.81543";"-30.81726";"-237.0334";"-58.24768";"-38.81201";"-298.3358";"-88.81543";"-30.81726"
"6664.992";"-236.9907";"-58.25769";"-38.81201";"-298.3358";"-88.68341";"-30.86285";"-236.9907";"-58.25769";"-38.81201";"-298.3358";"-88.68341";"-30.86285"
"6673.333";"-236.9703";"-58.24768";"-38.81201";"-298.3358";"-88.69183";"-30.87885";"-236.9703";"-58.24768";"-38.81201";"-298.3358";"-88.69183";"-30.87885"
"6681.675";"-236.9478";"-58.23688";"-38.81201";"-298.3358";"-88.67578";"-30.87518";"-236.9478";"-58.23688";"-38.81201";"-298.3358";"-88.67578";"-30.87518"
"6690.017";"-236.9309";"-58.21967";"-38.81201";"-298.3358";"-88.66986";"-30.88116";"-236.9309";"-58.21967";"-38.81201";"-298.3358";"-88.66986";"-30.88116"
"6698.358";"-236.9133";"-58.21222";"-38.81201";"-298.3358";"-88.67523";"-30.88977";"-236.9133";"-58.21222";"-38.81201";"-298.3358";"-88.67523";"-30.88977"
"6706.7";"-236.8739";"-58.19788";"-38.81201";"-298.3358";"-88.60376";"-30.89087";"-236.8739";"-58.19788";"-38.81201";"-298.3358";"-88.60376";"-30.89087"
"6715.042";"-236.8652";"-58.19379";"-38.81201";"-298.3358";"-88.59821";"-30.90717";"-236.8652";"-58.19379";"-38.81201";"-298.3358";"-88.59821";"-30.90717"
"6723.383";"-236.8428";"-58.17145";"-38.81201";"-298.3358";"-88.57385";"-30.91797";"-236.8428";"-58.17145";"-38.81201";"-298.3358";"-88.57385";"-30.91797"
"6731.725";"-236.829";"-58.18872";"-38.81201";"-298.3358";"-88.56964";"-30.92682";"-236.829";"-58.18872";"-38.81201";"-298.3358";"-88.56964";"-30.92682"
"6740.067";"-236.8074";"-58.16052";"-38.81201";"-298.3358";"-88.53485";"-30.95984";"-236.8074";"-58.16052";"-38.81201";"-298.3358";"-88.53485";"-30.95984"
"6748.408";"-236.7814";"-58.16486";"-38.81201";"-298.3358";"-88.37665";"-30.95392";"-236.7814";"-58.16486";"-38.81201";"-298.3358";"-88.37665";"-30.95392"
"6756.75";"-236.7523";"-58.15991";"-38.81201";"-298.3358";"-88.38641";"-30.97522";"-236.7523";"-58.15991";"-38.81201";"-298.3358";"-88.38641";"-30.97522"
"6765.092";"-236.7261";"-58.14734";"-38.81201";"-298.3358";"-88.35034";"-30.97412";"-236.7261";"-58.14734";"-38.81201";"-298.3358";"-88.35034";"-30.97412"
"6773.433";"-236.6971";"-58.14313";"-38.81201";"-298.3358";"-88.3349";"-30.9801";"-236.6971";"-58.14313";"-38.81201";"-298.3358";"-88.3349";"-30.9801"
"6781.775";"-236.6647";"-58.14282";"-38.81201";"-298.3358";"-88.31238";"-30.99286";"-236.6647";"-58.14282";"-38.81201";"-298.3358";"-88.31238";"-30.99286"
"6790.117";"-236.6497";"-58.1308";"-38.81201";"-298.3358";"-88.32092";"-31.00116";"-236.6497";"-58.1308";"-38.81201";"-298.3358";"-88.32092";"-31.00116"
"6798.458";"-236.6029";"-58.13446";"-38.81201";"-298.3358";"-88.2608";"-31.00543";"-236.6029";"-58.13446";"-38.81201";"-298.3358";"-88.2608";"-31.00543"
"6806.8";"-236.5493";"-58.13232";"-38.81201";"-298.3358";"-88.23291";"-31.01483";"-236.5493";"-58.13232";"-38.81201";"-298.3358";"-88.23291";"-31.01483"
"6815.142";"-236.5248";"-58.10742";"-38.81201";"-298.3358";"-88.20746";"-31.03217";"-236.5248";"-58.10742";"-38.81201";"-298.3358";"-88.20746";"-31.03217"
"6823.483";"-236.4931";"-58.0108";"-38.81201";"-298.3358";"-88.17664";"-31.04626";"-236.4931";"-58.0108";"-38.81201";"-298.3358";"-88.17664";"-31.04626"
"6831.825";"-236.4751";"-58.00378";"-38.81201";"-298.3358";"-88.13751";"-31.04907";"-236.4751";"-58.00378";"-38.81201";"-298.3358";"-88.13751";"-31.04907"
"6840.167";"-236.4288";"-58.00275";"-38.81201";"-298.3358";"-88.11731";"-31.03949";"-236.4288";"-58.00275";"-38.81201";"-298.3358";"-88.11731";"-31.03949"
"6848.508";"-236.4263";"-57.99432";"-38.81201";"-298.3358";"-88.08356";"-31.0437";"-236.4263";"-57.99432";"-38.81201";"-298.3358";"-88.08356";"-31.0437"
"6856.85";"-236.3749";"-57.98114";"-38.81201";"-298.3358";"-88.04065";"-31.07635";"-236.3749";"-57.98114";"-38.81201";"-298.3358";"-88.04065";"-31.07635"
"6865.192";"-236.3318";"-57.98138";"-38.81201";"-298.3358";"-88.01373";"-31.07343";"-236.3318";"-57.98138";"-38.81201";"-298.3358";"-88.01373";"-31.07343"
"6873.533";"-236.3124";"-57.97791";"-38.81201";"-298.3358";"-87.96576";"-31.07397";"-236.3124";"-57.97791";"-38.81201";"-298.3358";"-87.96576";"-31.07397"
"6881.875";"-236.2921";"-57.96924";"-38.81201";"-298.3358";"-87.84845";"-31.0929";"-236.2921";"-57.96924";"-38.81201";"-298.3358";"-87.84845";"-31.0929"
"6890.217";"-236.2504";"-57.96747";"-38.81201";"-298.3358";"-87.83447";"-31.09717";"-236.2504";"-57.96747";"-38.81201";"-298.3358";"-87.83447";"-31.09717"
"6898.558";"-236.2401";"-57.95789";"-38.81201";"-298.3358";"-87.84595";"-31.09912";"-236.2401";"-57.95789";"-38.81201";"-298.3358";"-87.84595";"-31.09912"
"6906.9";"-236.2148";"-57.94769";"-38.81201";"-298.3358";"-87.83063";"-31.08759";"-236.2148";"-57.94769";"-38.81201";"-298.3358";"-87.83063";"-31.08759"
"6915.242";"-236.1971";"-57.94489";"-38.81201";"-298.3358";"-87.80774";"-31.14386";"-236.1971";"-57.94489";"-38.81201";"-298.3358";"-87.80774";"-31.14386"
"6923.583";"-236.1698";"-57.94189";"-38.81201";"-298.3358";"-87.80121";"-31.14417";"-236.1698";"-57.94189";"-38.81201";"-298.3358";"-87.80121";"-31.14417"
"6931.925";"-236.135";"-57.93433";"-38.81201";"-298.3358";"-87.76331";"-31.14984";"-236.135";"-57.93433";"-38.81201";"-298.3358";"-87.76331";"-31.14984"
"6940.267";"-236.1183";"-57.91998";"-38.81201";"-298.3358";"-87.71667";"-31.15668";"-236.1183";"-57.91998";"-38.81201";"-298.3358";"-87.71667";"-31.15668"
"6948.608";"-236.0886";"-57.92059";"-38.81201";"-298.3358";"-87.70062";"-31.14636";"-236.0886";"-57.92059";"-38.81201";"-298.3358";"-87.70062";"-31.14636"
"6956.95";"-236.0646";"-57.9115";"-38.81201";"-298.3358";"-87.69214";"-31.16815";"-236.0646";"-57.9115";"-38.81201";"-298.3358";"-87.69214";"-31.16815"
"6965.292";"-236.04";"-57.90643";"-38.81201";"-298.3358";"-87.63922";"-31.20227";"-236.04";"-57.90643";"-38.81201";"-298.3358";"-87.63922";"-31.20227"
"6973.633";"-236.02";"-57.9068";"-38.81201";"-298.3358";"-87.59601";"-31.19611";"-236.02";"-57.9068";"-38.81201";"-298.3358";"-87.59601";"-31.19611"
"6981.975";"-235.989";"-57.90338";"-38.81201";"-298.3358";"-87.58148";"-31.20514";"-235.989";"-57.90338";"-38.81201";"-298.3358";"-87.58148";"-31.20514"
"6990.317";"-235.9724";"-57.88678";"-38.81201";"-298.3358";"-87.57581";"-31.20593";"-235.9724";"-57.88678";"-38.81201";"-298.3358";"-87.57581";"-31.20593"
"6998.658";"-235.9456";"-57.89111";"-38.81201";"-298.3358";"-87.54376";"-31.23889";"-235.9456";"-57.89111";"-38.81201";"-298.3358";"-87.54376";"-31.23889"
"7007";"-235.9162";"-57.88647";"-38.81201";"-298.3358";"-87.50128";"-31.22522";"-235.9162";"-57.88647";"-38.81201";"-298.3358";"-87.50128";"-31.22522"
"7015.342";"-235.9037";"-57.88135";"-38.81201";"-298.3358";"-87.36066";"-31.22784";"-235.9037";"-57.88135";"-38.81201";"-298.3358";"-87.36066";"-31.22784"
"7023.683";"-235.8904";"-57.87061";"-38.81201";"-298.3358";"-87.38263";"-31.22156";"-235.8904";"-57.87061";"-38.81201";"-298.3358";"-87.38263";"-31.22156"
"7032.025";"-235.8603";"-57.88141";"-38.81201";"-298.3358";"-87.36121";"-31.22845";"-235.8603";"-57.88141";"-38.81201";"-298.3358";"-87.36121";"-31.22845"
"7040.367";"-235.8525";"-57.88019";"-38.81201";"-298.3358";"-87.3584";"-31.22937";"-235.8525";"-57.88019";"-38.81201";"-298.3358";"-87.3584";"-31.22937"
"7048.708";"-235.7393";"-57.88916";"-38.81201";"-298.3358";"-87.32404";"-31.24457";"-235.7393";"-57.88916";"-38.81201";"-298.3358";"-87.32404";"-31.24457"
"7057.05";"-235.7393";"-57.87354";"-38.81201";"-298.3358";"-87.31757";"-31.25342";"-235.7393";"-57.87354";"-38.81201";"-298.3358";"-87.31757";"-31.25342"
"7065.392";"-235.7189";"-57.89368";"-38.81201";"-298.3358";"-87.29858";"-31.23914";"-235.7189";"-57.89368";"-38.81201";"-298.3358";"-87.29858";"-31.23914"
"7073.733";"-235.6816";"-57.87573";"-38.81201";"-298.3358";"-87.28534";"-31.2489";"-235.6816";"-57.87573";"-38.81201";"-298.3358";"-87.28534";"-31.2489"
"7082.075";"-235.6568";"-57.88501";"-38.81201";"-298.3358";"-87.24078";"-31.25781";"-235.6568";"-57.88501";"-38.81201";"-298.3358";"-87.24078";"-31.25781"
"7090.417";"-235.6336";"-57.87164";"-38.81201";"-298.3358";"-87.22168";"-31.25684";"-235.6336";"-57.87164";"-38.81201";"-298.3358";"-87.22168";"-31.25684"
"7098.758";"-235.5967";"-57.87036";"-38.81201";"-298.3358";"-87.17126";"-31.26538";"-235.5967";"-57.87036";"-38.81201";"-298.3358";"-87.17126";"-31.26538"
"7107.1";"-235.5715";"-57.86835";"-38.81201";"-298.3358";"-87.15039";"-31.27124";"-235.5715";"-57.86835";"-38.81201";"-298.3358";"-87.15039";"-31.27124"
"7115.442";"-235.5518";"-57.86768";"-38.81201";"-298.3358";"-87.11749";"-31.28339";"-235.5518";"-57.86768";"-38.81201";"-298.3358";"-87.11749";"-31.28339"
"7123.783";"-235.5262";"-57.85492";"-38.81201";"-298.3358";"-87.10962";"-31.27606";"-235.5262";"-57.85492";"-38.81201";"-298.3358";"-87.10962";"-31.27606"
"7132.125";"-235.4941";"-57.76935";"-38.81201";"-298.3358";"-87.08441";"-31.29291";"-235.4941";"-57.76935";"-38.81201";"-298.3358";"-87.08441";"-31.29291"
"7140.467";"-235.4635";"-57.77313";"-38.81201";"-298.3358";"-86.91205";"-31.30688";"-235.4635";"-57.77313";"-38.81201";"-298.3358";"-86.91205";"-31.30688"
"7148.808";"-235.4582";"-57.77191";"-38.81201";"-298.3358";"-87.04364";"-31.28912";"-235.4582";"-57.77191";"-38.81201";"-298.3358";"-87.04364";"-31.28912"
"7157.15";"-235.4126";"-57.75812";"-38.81201";"-298.3358";"-86.97839";"-31.29865";"-235.4126";"-57.75812";"-38.81201";"-298.3358";"-86.97839";"-31.29865"
"7165.492";"-235.3951";"-57.76349";"-38.81201";"-298.3358";"-86.87604";"-31.29224";"-235.3951";"-57.76349";"-38.81201";"-298.3358";"-86.87604";"-31.29224"
"7173.833";"-235.3555";"-57.74811";"-38.81201";"-298.3358";"-86.86713";"-31.31122";"-235.3555";"-57.74811";"-38.81201";"-298.3358";"-86.86713";"-31.31122"
"7182.175";"-235.3135";"-57.76001";"-38.81201";"-298.3358";"-86.85754";"-31.30682";"-235.3135";"-57.76001";"-38.81201";"-298.3358";"-86.85754";"-31.30682"
"7190.517";"-235.284";"-57.74298";"-38.81201";"-298.3358";"-86.84271";"-31.31329";"-235.284";"-57.74298";"-38.81201";"-298.3358";"-86.84271";"-31.31329"
"7198.858";"-235.2665";"-57.74548";"-38.81201";"-298.3358";"-86.81293";"-31.34076";"-235.2665";"-57.74548";"-38.81201";"-298.3358";"-86.81293";"-31.34076"
"7207.2";"-235.2486";"-57.74384";"-38.81201";"-298.3358";"-86.76959";"-31.33746";"-235.2486";"-57.74384";"-38.81201";"-298.3358";"-86.76959";"-31.33746"
"7215.542";"-235.2131";"-57.7348";"-38.81201";"-298.3358";"-86.78442";"-31.34698";"-235.2131";"-57.7348";"-38.81201";"-298.3358";"-86.78442";"-31.34698"
"7223.883";"-235.1764";"-57.74585";"-38.81201";"-298.3358";"-86.71735";"-31.35596";"-235.1764";"-57.74585";"-38.81201";"-298.3358";"-86.71735";"-31.35596"
"7232.225";"-235.1714";"-57.73749";"-38.81201";"-298.3358";"-86.68713";"-31.36267";"-235.1714";"-57.73749";"-38.81201";"-298.3358";"-86.68713";"-31.36267"
"7240.567";"-235.1607";"-57.72247";"-38.81201";"-298.3358";"-86.66254";"-31.35248";"-235.1607";"-57.72247";"-38.81201";"-298.3358";"-86.66254";"-31.35248"
"7248.908";"-235.1143";"-57.74506";"-38.81201";"-298.3358";"-86.65057";"-31.35181";"-235.1143";"-57.74506";"-38.81201";"-298.3358";"-86.65057";"-31.35181"
"7257.25";"-235.0887";"-57.74036";"-38.81201";"-298.3358";"-86.63983";"-31.36212";"-235.0887";"-57.74036";"-38.81201";"-298.3358";"-86.63983";"-31.36212"
"7265.592";"-235.0557";"-57.7254";"-38.81201";"-298.3358";"-86.60504";"-31.38281";"-235.0557";"-57.7254";"-38.81201";"-298.3358";"-86.60504";"-31.38281"
"7273.933";"-235.0452";"-57.72656";"-38.81201";"-298.3358";"-86.58972";"-31.37335";"-235.0452";"-57.72656";"-38.81201";"-298.3358";"-86.58972";"-31.37335"
"7282.275";"-235.0299";"-57.72125";"-38.81201";"-298.3358";"-86.43457";"-31.39734";"-235.0299";"-57.72125";"-38.81201";"-298.3358";"-86.43457";"-31.39734"
"7290.617";"-235.0051";"-57.71704";"-38.81201";"-298.3358";"-86.43451";"-31.39771";"-235.0051";"-57.71704";"-38.81201";"-298.3358";"-86.43451";"-31.39771"
"7298.958";"-234.9851";"-57.71777";"-38.81201";"-298.3358";"-86.40472";"-31.39911";"-234.9851";"-57.71777";"-38.81201";"-298.3358";"-86.40472";"-31.39911"
"7307.3";"-234.9619";"-57.69635";"-38.81201";"-298.3358";"-86.40363";"-31.40936";"-234.9619";"-57.69635";"-38.81201";"-298.3358";"-86.40363";"-31.40936"
"7315.642";"-234.9296";"-57.70398";"-38.81201";"-298.3358";"-86.38892";"-31.4198";"-234.9296";"-57.70398";"-38.81201";"-298.3358";"-86.38892";"-31.4198"
"7323.983";"-234.9116";"-57.71417";"-38.81201";"-298.3358";"-86.37073";"-31.42865";"-234.9116";"-57.71417";"-38.81201";"-298.3358";"-86.37073";"-31.42865"
"7332.325";"-234.9163";"-57.69928";"-38.81201";"-298.3358";"-86.3399";"-31.42523";"-234.9163";"-57.69928";"-38.81201";"-298.3358";"-86.3399";"-31.42523"
"7340.667";"-234.9022";"-57.70007";"-38.81201";"-298.3358";"-86.32983";"-31.43195";"-234.9022";"-57.70007";"-38.81201";"-298.3358";"-86.32983";"-31.43195"
"7349.008";"-234.8489";"-57.71191";"-38.81201";"-298.3358";"-86.29816";"-31.42517";"-234.8489";"-57.71191";"-38.81201";"-298.3358";"-86.29816";"-31.42517"
"7357.35";"-234.812";"-57.70398";"-38.81201";"-298.3358";"-86.27277";"-31.42889";"-234.812";"-57.70398";"-38.81201";"-298.3358";"-86.27277";"-31.42889"
"7365.692";"-234.7955";"-57.69214";"-38.81201";"-298.3358";"-86.16071";"-31.43793";"-234.7955";"-57.69214";"-38.81201";"-298.3358";"-86.16071";"-31.43793"
"7374.033";"-234.7849";"-57.68817";"-38.81201";"-298.3358";"-86.14648";"-31.43939";"-234.7849";"-57.68817";"-38.81201";"-298.3358";"-86.14648";"-31.43939"
"7382.375";"-234.743";"-57.70007";"-38.81201";"-298.3358";"-86.15009";"-31.43982";"-234.743";"-57.70007";"-38.81201";"-298.3358";"-86.15009";"-31.43982"
"7390.717";"-234.695";"-57.68793";"-38.81201";"-298.3358";"-86.12518";"-31.42999";"-234.695";"-57.68793";"-38.81201";"-298.3358";"-86.12518";"-31.42999"
"7399.058";"-234.7035";"-57.67896";"-38.81201";"-298.3358";"-86.11871";"-31.44983";"-234.7035";"-57.67896";"-38.81201";"-298.3358";"-86.11871";"-31.44983"
"7407.4";"-234.6765";"-57.69421";"-38.81201";"-298.3358";"-86.07782";"-31.44153";"-234.6765";"-57.69421";"-38.81201";"-298.3358";"-86.07782";"-31.44153"
"7415.742";"-234.6617";"-57.67523";"-38.81201";"-298.3358";"-86.07233";"-31.45544";"-234.6617";"-57.67523";"-38.81201";"-298.3358";"-86.07233";"-31.45544"
"7424.083";"-234.6024";"-57.68628";"-38.81201";"-298.3358";"-86.0495";"-31.46277";"-234.6024";"-57.68628";"-38.81201";"-298.3358";"-86.0495";"-31.46277"
"7432.425";"-234.459";"-57.60291";"-38.81201";"-298.3358";"-86.0459";"-31.48535";"-234.459";"-57.60291";"-38.81201";"-298.3358";"-86.0459";"-31.48535"
"7440.767";"-234.4556";"-57.60864";"-38.81201";"-298.3358";"-85.97949";"-31.48151";"-234.4556";"-57.60864";"-38.81201";"-298.3358";"-85.97949";"-31.48151"
"7449.108";"-234.46";"-57.59033";"-38.81201";"-298.3358";"-85.88647";"-31.48792";"-234.46";"-57.59033";"-38.81201";"-298.3358";"-85.88647";"-31.48792"
"7457.45";"-234.4459";"-57.59039";"-38.81201";"-298.3358";"-85.86047";"-31.49011";"-234.4459";"-57.59039";"-38.81201";"-298.3358";"-85.86047";"-31.49011"
"7465.792";"-234.4373";"-57.58185";"-38.81201";"-298.3358";"-85.8537";"-31.49017";"-234.4373";"-57.58185";"-38.81201";"-298.3358";"-85.8537";"-31.49017"
"7474.133";"-234.397";"-57.60333";"-38.81201";"-298.3358";"-85.84027";"-31.48883";"-234.397";"-57.60333";"-38.81201";"-298.3358";"-85.84027";"-31.48883"
"7482.475";"-234.4002";"-57.56769";"-38.81201";"-298.3358";"-85.8078";"-31.50891";"-234.4002";"-57.56769";"-38.81201";"-298.3358";"-85.8078";"-31.50891"
"7490.817";"-234.3713";"-57.578";"-38.81201";"-298.3358";"-85.7984";"-31.50964";"-234.3713";"-57.578";"-38.81201";"-298.3358";"-85.7984";"-31.50964"
"7499.158";"-234.3526";"-57.57233";"-38.81201";"-298.3358";"-85.75775";"-31.54156";"-234.3526";"-57.57233";"-38.81201";"-298.3358";"-85.75775";"-31.54156"
"7507.5";"-234.3189";"-57.55981";"-38.81201";"-298.3358";"-85.74725";"-31.55341";"-234.3189";"-57.55981";"-38.81201";"-298.3358";"-85.74725";"-31.55341"
"7515.842";"-234.2819";"-57.57623";"-38.81201";"-298.3358";"-85.69861";"-31.5434";"-234.2819";"-57.57623";"-38.81201";"-298.3358";"-85.69861";"-31.5434"
"7524.183";"-234.2559";"-57.57013";"-38.81201";"-298.3358";"-85.68097";"-31.55841";"-234.2559";"-57.57013";"-38.81201";"-298.3358";"-85.68097";"-31.55841"
"7532.525";"-234.2334";"-57.56787";"-38.81201";"-298.3358";"-85.64386";"-31.5293";"-234.2334";"-57.56787";"-38.81201";"-298.3358";"-85.64386";"-31.5293"
"7540.867";"-234.1271";"-57.56519";"-38.81201";"-298.3358";"-85.61249";"-31.6153";"-234.1271";"-57.56519";"-38.81201";"-298.3358";"-85.61249";"-31.6153"
"7549.208";"-234.1214";"-57.56433";"-38.81201";"-298.3358";"-85.56482";"-31.61603";"-234.1214";"-57.56433";"-38.81201";"-298.3358";"-85.56482";"-31.61603"
"7557.55";"-234.1097";"-57.54712";"-38.81201";"-298.3358";"-85.56177";"-31.61359";"-234.1097";"-57.54712";"-38.81201";"-298.3358";"-85.56177";"-31.61359"
"7565.892";"-234.0992";"-57.56647";"-38.81201";"-298.3358";"-85.51819";"-31.60107";"-234.0992";"-57.56647";"-38.81201";"-298.3358";"-85.51819";"-31.60107"
"7574.233";"-234.0847";"-57.56091";"-38.81201";"-298.3358";"-85.48761";"-31.61212";"-234.0847";"-57.56091";"-38.81201";"-298.3358";"-85.48761";"-31.61212"
"7582.575";"-234.0637";"-57.55212";"-38.81201";"-298.3358";"-85.49353";"-31.64331";"-234.0637";"-57.55212";"-38.81201";"-298.3358";"-85.49353";"-31.64331"
"7590.917";"-234.0198";"-57.55243";"-38.81201";"-298.3358";"-85.4458";"-31.6347";"-234.0198";"-57.55243";"-38.81201";"-298.3358";"-85.4458";"-31.6347"
"7599.258";"-234.01";"-57.54474";"-38.81201";"-298.3358";"-85.32513";"-31.67499";"-234.01";"-57.54474";"-38.81201";"-298.3358";"-85.32513";"-31.67499"
"7607.6";"-233.9875";"-57.54315";"-38.81201";"-298.3358";"-85.3277";"-31.66479";"-233.9875";"-57.54315";"-38.81201";"-298.3358";"-85.3277";"-31.66479"
"7615.942";"-233.9488";"-57.53082";"-38.81201";"-298.3358";"-85.3042";"-31.69012";"-233.9488";"-57.53082";"-38.81201";"-298.3358";"-85.3042";"-31.69012"
"7624.283";"-233.9134";"-57.54437";"-38.81201";"-298.3358";"-85.30609";"-31.68658";"-233.9134";"-57.54437";"-38.81201";"-298.3358";"-85.30609";"-31.68658"
"7632.625";"-233.9112";"-57.54181";"-38.81201";"-298.3358";"-85.27338";"-31.68091";"-233.9112";"-57.54181";"-38.81201";"-298.3358";"-85.27338";"-31.68091"
"7640.967";"-233.8866";"-57.53552";"-38.81201";"-298.3358";"-85.25891";"-31.6908";"-233.8866";"-57.53552";"-38.81201";"-298.3358";"-85.25891";"-31.6908"
"7649.308";"-233.884";"-57.53381";"-38.81201";"-298.3358";"-85.27515";"-31.7027";"-233.884";"-57.53381";"-38.81201";"-298.3358";"-85.27515";"-31.7027"
"7657.65";"-233.8612";"-57.54034";"-38.81201";"-298.3358";"-85.25439";"-31.70734";"-233.8612";"-57.54034";"-38.81201";"-298.3358";"-85.25439";"-31.70734"
"7665.992";"-233.8456";"-57.5343";"-38.81201";"-298.3358";"-85.23071";"-31.71735";"-233.8456";"-57.5343";"-38.81201";"-298.3358";"-85.23071";"-31.71735"
"7674.333";"-233.8068";"-57.53418";"-38.81201";"-298.3358";"-85.20447";"-31.6991";"-233.8068";"-57.53418";"-38.81201";"-298.3358";"-85.20447";"-31.6991"
"7682.675";"-233.7855";"-57.53912";"-38.81201";"-298.3358";"-85.14667";"-31.69275";"-233.7855";"-57.53912";"-38.81201";"-298.3358";"-85.14667";"-31.69275"
"7691.017";"-233.7582";"-57.52161";"-38.81201";"-298.3358";"-85.12732";"-31.71283";"-233.7582";"-57.52161";"-38.81201";"-298.3358";"-85.12732";"-31.71283"
"7699.358";"-233.7533";"-57.51312";"-38.81201";"-298.3358";"-85.12311";"-31.68677";"-233.7533";"-57.51312";"-38.81201";"-298.3358";"-85.12311";"-31.68677"
"7707.7";"-233.7114";"-57.52026";"-38.81201";"-298.3358";"-85.07935";"-31.71143";"-233.7114";"-57.52026";"-38.81201";"-298.3358";"-85.07935";"-31.71143"
"7716.042";"-233.6945";"-57.5177";"-38.81201";"-298.3358";"-85.09058";"-31.72968";"-233.6945";"-57.5177";"-38.81201";"-298.3358";"-85.09058";"-31.72968"
"7724.383";"-233.5435";"-57.49902";"-38.81201";"-298.3358";"-85.06293";"-31.72131";"-233.5435";"-57.49902";"-38.81201";"-298.3358";"-85.06293";"-31.72131"
"7732.725";"-233.658";"-57.50293";"-38.81201";"-298.3358";"-85.03064";"-31.74152";"-233.658";"-57.50293";"-38.81201";"-298.3358";"-85.03064";"-31.74152"
"7741.067";"-233.4822";"-57.39081";"-38.81201";"-298.3358";"-85.02429";"-31.74371";"-233.4822";"-57.39081";"-38.81201";"-298.3358";"-85.02429";"-31.74371"
"7749.408";"-233.4579";"-57.38934";"-38.81201";"-298.3358";"-84.96594";"-31.76178";"-233.4579";"-57.38934";"-38.81201";"-298.3358";"-84.96594";"-31.76178"
"7757.75";"-233.4283";"-57.39069";"-38.81201";"-298.3358";"-84.94067";"-31.78699";"-233.4283";"-57.39069";"-38.81201";"-298.3358";"-84.94067";"-31.78699"
"7766.092";"-233.4162";"-57.38293";"-38.81201";"-298.3358";"-84.9278";"-31.78162";"-233.4162";"-57.38293";"-38.81201";"-298.3358";"-84.9278";"-31.78162"
"7774.433";"-233.403";"-57.36896";"-38.81201";"-298.3358";"-84.91943";"-31.78046";"-233.403";"-57.36896";"-38.81201";"-298.3358";"-84.91943";"-31.78046"
"7782.775";"-233.3624";"-57.37347";"-38.81201";"-298.3358";"-84.8772";"-31.80829";"-233.3624";"-57.37347";"-38.81201";"-298.3358";"-84.8772";"-31.80829"
"7791.117";"-233.3582";"-57.36377";"-38.81201";"-298.3358";"-84.86987";"-31.81146";"-233.3582";"-57.36377";"-38.81201";"-298.3358";"-84.86987";"-31.81146"
"7799.458";"-233.3381";"-57.36957";"-38.81201";"-298.3358";"-84.82422";"-31.81451";"-233.3381";"-57.36957";"-38.81201";"-298.3358";"-84.82422";"-31.81451"
"7807.8";"-233.3146";"-57.36804";"-38.81201";"-298.3358";"-84.81012";"-31.81909";"-233.3146";"-57.36804";"-38.81201";"-298.3358";"-84.81012";"-31.81909"
"7816.142";"-233.2704";"-57.36774";"-38.81201";"-298.3358";"-84.75085";"-31.82111";"-233.2704";"-57.36774";"-38.81201";"-298.3358";"-84.75085";"-31.82111"
"7824.483";"-233.2532";"-57.36981";"-38.81201";"-298.3358";"-84.74286";"-31.82953";"-233.2532";"-57.36981";"-38.81201";"-298.3358";"-84.74286";"-31.82953"
"7832.825";"-233.2323";"-57.34552";"-38.81201";"-298.3358";"-84.70557";"-31.84656";"-233.2323";"-57.34552";"-38.81201";"-298.3358";"-84.70557";"-31.84656"
"7841.167";"-233.2144";"-57.33936";"-38.81201";"-298.3358";"-84.69501";"-31.84491";"-233.2144";"-57.33936";"-38.81201";"-298.3358";"-84.69501";"-31.84491"
"7849.508";"-233.1854";"-57.3537";"-38.81201";"-298.3358";"-84.65094";"-31.87433";"-233.1854";"-57.3537";"-38.81201";"-298.3358";"-84.65094";"-31.87433"
"7857.85";"-233.1729";"-57.35492";"-38.81201";"-298.3358";"-84.63672";"-31.8653";"-233.1729";"-57.35492";"-38.81201";"-298.3358";"-84.63672";"-31.8653"
"7866.192";"-233.1626";"-57.34155";"-38.81201";"-298.3358";"-84.6264";"-31.8916";"-233.1626";"-57.34155";"-38.81201";"-298.3358";"-84.6264";"-31.8916"
"7874.533";"-233.1218";"-57.33478";"-38.81201";"-298.3358";"-84.58752";"-31.88678";"-233.1218";"-57.33478";"-38.81201";"-298.3358";"-84.58752";"-31.88678"
"7882.875";"-233.1079";"-57.33527";"-38.81201";"-298.3358";"-84.56561";"-31.89038";"-233.1079";"-57.33527";"-38.81201";"-298.3358";"-84.56561";"-31.89038"
"7891.217";"-233.0951";"-57.33313";"-38.81201";"-298.3358";"-84.55157";"-31.88263";"-233.0951";"-57.33313";"-38.81201";"-298.3358";"-84.55157";"-31.88263"
"7899.558";"-233.0434";"-57.34009";"-38.81201";"-298.3358";"-84.52667";"-31.87347";"-233.0434";"-57.34009";"-38.81201";"-298.3358";"-84.52667";"-31.87347"
"7907.9";"-233.0228";"-57.32227";"-38.81201";"-298.3358";"-84.50793";"-31.8844";"-233.0228";"-57.32227";"-38.81201";"-298.3358";"-84.50793";"-31.8844"
"7916.242";"-233.0001";"-57.31244";"-38.81201";"-298.3358";"-84.43982";"-31.91974";"-233.0001";"-57.31244";"-38.81201";"-298.3358";"-84.43982";"-31.91974"
"7924.583";"-232.978";"-57.30811";"-38.81201";"-298.3358";"-84.42786";"-31.9212";"-232.978";"-57.30811";"-38.81201";"-298.3358";"-84.42786";"-31.9212"
"7932.925";"-232.9311";"-57.31787";"-38.81201";"-298.3358";"-84.38275";"-31.91388";"-232.9311";"-57.31787";"-38.81201";"-298.3358";"-84.38275";"-31.91388"
"7941.267";"-232.9076";"-57.31439";"-38.81201";"-298.3358";"-84.36285";"-31.93848";"-232.9076";"-57.31439";"-38.81201";"-298.3358";"-84.36285";"-31.93848"
"7949.608";"-232.9084";"-57.31079";"-38.81201";"-298.3358";"-84.32251";"-31.93463";"-232.9084";"-57.31079";"-38.81201";"-298.3358";"-84.32251";"-31.93463"
"7957.95";"-232.8983";"-57.30927";"-38.81201";"-298.3358";"-84.30908";"-31.95026";"-232.8983";"-57.30927";"-38.81201";"-298.3358";"-84.30908";"-31.95026"
"7966.292";"-232.8403";"-57.3078";"-38.81201";"-298.3358";"-84.30627";"-31.93793";"-232.8403";"-57.3078";"-38.81201";"-298.3358";"-84.30627";"-31.93793"
"7974.633";"-232.8362";"-57.3028";"-38.81201";"-298.3358";"-84.27283";"-31.9491";"-232.8362";"-57.3028";"-38.81201";"-298.3358";"-84.27283";"-31.9491"
"7982.975";"-232.8241";"-57.29755";"-38.81201";"-298.3358";"-84.23755";"-31.96918";"-232.8241";"-57.29755";"-38.81201";"-298.3358";"-84.23755";"-31.96918"
"7991.317";"-232.8162";"-57.28845";"-38.81201";"-298.3358";"-84.22803";"-31.96729";"-232.8162";"-57.28845";"-38.81201";"-298.3358";"-84.22803";"-31.96729"
"7999.658";"-232.7502";"-57.28003";"-38.81201";"-298.3358";"-84.19763";"-31.96753";"-232.7502";"-57.28003";"-38.81201";"-298.3358";"-84.19763";"-31.96753"
"8008";"-232.7262";"-57.2796";"-38.81201";"-298.3358";"-84.17828";"-31.97168";"-232.7262";"-57.2796";"-38.81201";"-298.3358";"-84.17828";"-31.97168"
"8016.342";"-232.7082";"-57.26154";"-38.81201";"-298.3358";"-84.14935";"-31.98401";"-232.7082";"-57.26154";"-38.81201";"-298.3358";"-84.14935";"-31.98401"
"8024.683";"-232.6852";"-57.26465";"-38.81201";"-298.3358";"-84.11755";"-31.98462";"-232.6852";"-57.26465";"-38.81201";"-298.3358";"-84.11755";"-31.98462"
"8033.025";"-232.6689";"-57.24072";"-38.81201";"-298.3358";"-84.11578";"-31.99976";"-232.6689";"-57.24072";"-38.81201";"-298.3358";"-84.11578";"-31.99976"
"8041.367";"-232.6528";"-57.23822";"-38.81201";"-298.3358";"-84.08051";"-31.99969";"-232.6528";"-57.23822";"-38.81201";"-298.3358";"-84.08051";"-31.99969"
"8049.708";"-232.5367";"-57.22455";"-38.81201";"-298.3358";"-84.04987";"-32.0426";"-232.5367";"-57.22455";"-38.81201";"-298.3358";"-84.04987";"-32.0426"
"8058.05";"-232.5364";"-57.21332";"-38.81201";"-298.3358";"-84.02637";"-32.03967";"-232.5364";"-57.21332";"-38.81201";"-298.3358";"-84.02637";"-32.03967"
"8066.392";"-232.5085";"-57.21167";"-38.81201";"-298.3358";"-84.008";"-32.06641";"-232.5085";"-57.21167";"-38.81201";"-298.3358";"-84.008";"-32.06641"
"8074.733";"-232.4971";"-57.10413";"-38.81201";"-298.3358";"-83.99677";"-32.07489";"-232.4971";"-57.10413";"-38.81201";"-298.3358";"-83.99677";"-32.07489"
"8083.075";"-232.4588";"-57.11761";"-38.81201";"-298.3358";"-83.97363";"-32.05182";"-232.4588";"-57.11761";"-38.81201";"-298.3358";"-83.97363";"-32.05182"
"8091.417";"-232.4429";"-57.11157";"-38.81201";"-298.3358";"-83.93243";"-32.04126";"-232.4429";"-57.11157";"-38.81201";"-298.3358";"-83.93243";"-32.04126"
"8099.758";"-232.4194";"-57.09967";"-38.81201";"-298.3358";"-83.92773";"-32.07385";"-232.4194";"-57.09967";"-38.81201";"-298.3358";"-83.92773";"-32.07385"
"8108.1";"-232.4042";"-57.09613";"-38.81201";"-298.3358";"-83.90112";"-32.06372";"-232.4042";"-57.09613";"-38.81201";"-298.3358";"-83.90112";"-32.06372"
"8116.442";"-232.3722";"-57.09229";"-38.81201";"-298.3358";"-83.88593";"-32.05914";"-232.3722";"-57.09229";"-38.81201";"-298.3358";"-83.88593";"-32.05914"
"8124.783";"-232.3204";"-57.08502";"-38.81201";"-298.3358";"-83.82886";"-32.08063";"-232.3204";"-57.08502";"-38.81201";"-298.3358";"-83.82886";"-32.08063"
"8133.125";"-232.3468";"-57.08075";"-38.81201";"-298.3358";"-83.80005";"-32.09845";"-232.3468";"-57.08075";"-38.81201";"-298.3358";"-83.80005";"-32.09845"
"8141.467";"-232.319";"-57.08044";"-38.81201";"-298.3358";"-83.7876";"-32.10498";"-232.319";"-57.08044";"-38.81201";"-298.3358";"-83.7876";"-32.10498"
"8149.808";"-232.2958";"-57.05695";"-38.81201";"-298.3358";"-83.77991";"-32.10052";"-232.2958";"-57.05695";"-38.81201";"-298.3358";"-83.77991";"-32.10052"
"8158.15";"-232.2659";"-57.05975";"-38.81201";"-298.3358";"-83.76819";"-32.11078";"-232.2659";"-57.05975";"-38.81201";"-298.3358";"-83.76819";"-32.11078"
"8166.492";"-232.261";"-57.06384";"-38.81201";"-298.3358";"-83.71399";"-32.13525";"-232.261";"-57.06384";"-38.81201";"-298.3358";"-83.71399";"-32.13525"
"8174.833";"-232.249";"-57.05371";"-38.81201";"-298.3358";"-83.70654";"-32.13776";"-232.249";"-57.05371";"-38.81201";"-298.3358";"-83.70654";"-32.13776"
"8183.175";"-232.2252";"-57.0625";"-38.81201";"-298.3358";"-83.68982";"-32.14703";"-232.2252";"-57.0625";"-38.81201";"-298.3358";"-83.68982";"-32.14703"
"8191.517";"-232.1891";"-57.04053";"-38.81201";"-298.3358";"-83.67505";"-32.15771";"-232.1891";"-57.04053";"-38.81201";"-298.3358";"-83.67505";"-32.15771"
"8199.858";"-232.1497";"-57.04236";"-38.81201";"-298.3358";"-83.59796";"-32.16956";"-232.1497";"-57.04236";"-38.81201";"-298.3358";"-83.59796";"-32.16956"
"8208.2";"-232.1296";"-57.04016";"-38.81201";"-298.3358";"-83.57422";"-32.16211";"-232.1296";"-57.04016";"-38.81201";"-298.3358";"-83.57422";"-32.16211"
"8216.542";"-232.1295";"-57.02594";"-38.81201";"-298.3358";"-83.56158";"-32.16656";"-232.1295";"-57.02594";"-38.81201";"-298.3358";"-83.56158";"-32.16656"
"8224.884";"-232.1064";"-57.02893";"-38.81201";"-298.3358";"-83.54462";"-32.16309";"-232.1064";"-57.02893";"-38.81201";"-298.3358";"-83.54462";"-32.16309"
"8233.225";"-232.0821";"-57.01318";"-38.81201";"-298.3358";"-83.49854";"-32.19977";"-232.0821";"-57.01318";"-38.81201";"-298.3358";"-83.49854";"-32.19977"
"8241.566";"-232.076";"-57.01923";"-38.81201";"-298.3358";"-83.49298";"-32.20178";"-232.076";"-57.01923";"-38.81201";"-298.3358";"-83.49298";"-32.20178"
"8249.908";"-232.0456";"-57.00378";"-38.81201";"-298.3358";"-83.45819";"-32.20251";"-232.0456";"-57.00378";"-38.81201";"-298.3358";"-83.45819";"-32.20251"
"8258.25";"-232.0265";"-57.00348";"-38.81201";"-298.3358";"-83.42755";"-32.22345";"-232.0265";"-57.00348";"-38.81201";"-298.3358";"-83.42755";"-32.22345"
"8266.592";"-232.0256";"-56.99268";"-38.81201";"-298.3358";"-83.42566";"-32.21765";"-232.0256";"-56.99268";"-38.81201";"-298.3358";"-83.42566";"-32.21765"
"8274.934";"-232.0035";"-56.98706";"-38.81201";"-298.3358";"-83.39093";"-32.23151";"-232.0035";"-56.98706";"-38.81201";"-298.3358";"-83.39093";"-32.23151"
"8283.275";"-231.9734";"-56.98395";"-38.81201";"-298.3358";"-83.39972";"-32.22083";"-231.9734";"-56.98395";"-38.81201";"-298.3358";"-83.39972";"-32.22083"
"8291.616";"-231.9684";"-56.98413";"-38.81201";"-298.3358";"-83.3504";"-32.24017";"-231.9684";"-56.98413";"-38.81201";"-298.3358";"-83.3504";"-32.24017"
"8299.958";"-231.9384";"-56.97144";"-38.81201";"-298.3358";"-83.33978";"-32.2431";"-231.9384";"-56.97144";"-38.81201";"-298.3358";"-83.33978";"-32.2431"
"8308.3";"-231.9259";"-56.95966";"-38.81201";"-298.3358";"-83.31927";"-32.24951";"-231.9259";"-56.95966";"-38.81201";"-298.3358";"-83.31927";"-32.24951"
"8316.642";"-231.9133";"-56.95648";"-38.81201";"-298.3358";"-83.29401";"-32.27179";"-231.9133";"-56.95648";"-38.81201";"-298.3358";"-83.29401";"-32.27179"
"8324.983";"-231.9023";"-56.95551";"-38.81201";"-298.3358";"-83.25623";"-32.27203";"-231.9023";"-56.95551";"-38.81201";"-298.3358";"-83.25623";"-32.27203"
"8333.325";"-231.882";"-56.93445";"-38.81201";"-298.3358";"-83.25476";"-32.28308";"-231.882";"-56.93445";"-38.81201";"-298.3358";"-83.25476";"-32.28308"
"8341.667";"-231.8396";"-56.9281";"-38.81201";"-298.3358";"-83.2132";"-32.28284";"-231.8396";"-56.9281";"-38.81201";"-298.3358";"-83.2132";"-32.28284"
"8350.009";"-231.8429";"-56.92499";"-38.81201";"-298.3358";"-83.20538";"-32.29993";"-231.8429";"-56.92499";"-38.81201";"-298.3358";"-83.20538";"-32.29993"
"8358.35";"-231.7899";"-56.92194";"-38.81201";"-298.3358";"-83.16742";"-32.31213";"-231.7899";"-56.92194";"-38.81201";"-298.3358";"-83.16742";"-32.31213"
"8366.691";"-231.7792";"-56.92102";"-38.81201";"-298.3358";"-83.15082";"-32.32635";"-231.7792";"-56.92102";"-38.81201";"-298.3358";"-83.15082";"-32.32635"
"8375.033";"-231.7571";"-56.90753";"-38.81201";"-298.3358";"-83.10541";"-32.35339";"-231.7571";"-56.90753";"-38.81201";"-298.3358";"-83.10541";"-32.35339"
"8383.375";"-231.7356";"-56.91217";"-38.81201";"-298.3358";"-83.10968";"-32.33588";"-231.7356";"-56.91217";"-38.81201";"-298.3358";"-83.10968";"-32.33588"
"8391.717";"-231.7048";"-56.89301";"-38.81201";"-298.3358";"-83.09381";"-32.3396";"-231.7048";"-56.89301";"-38.81201";"-298.3358";"-83.09381";"-32.3396"
"8400.059";"-231.6953";"-56.90216";"-38.81201";"-298.3358";"-83.05157";"-32.35406";"-231.6953";"-56.90216";"-38.81201";"-298.3358";"-83.05157";"-32.35406"
"8408.4";"-231.6622";"-56.89246";"-38.81201";"-298.3358";"-83.0141";"-32.3515";"-231.6622";"-56.89246";"-38.81201";"-298.3358";"-83.0141";"-32.3515"
"8416.741";"-231.6369";"-56.88214";"-38.81201";"-298.3358";"-82.98663";"-32.36755";"-231.6369";"-56.88214";"-38.81201";"-298.3358";"-82.98663";"-32.36755"
"8425.083";"-231.6303";"-56.88971";"-38.81201";"-298.3358";"-82.96613";"-32.37036";"-231.6303";"-56.88971";"-38.81201";"-298.3358";"-82.96613";"-32.37036"
"8433.425";"-231.5997";"-56.86591";"-38.81201";"-298.3358";"-82.94116";"-32.38654";"-231.5997";"-56.86591";"-38.81201";"-298.3358";"-82.94116";"-32.38654"
"8441.767";"-231.5712";"-56.85895";"-38.81201";"-298.3358";"-82.92578";"-32.38617";"-231.5712";"-56.85895";"-38.81201";"-298.3358";"-82.92578";"-32.38617"
"8450.108";"-231.5234";"-56.83765";"-38.81201";"-298.3358";"-82.90039";"-32.40918";"-231.5234";"-56.83765";"-38.81201";"-298.3358";"-82.90039";"-32.40918"
"8458.45";"-231.5173";"-56.83746";"-38.81201";"-298.3358";"-82.86945";"-32.41638";"-231.5173";"-56.83746";"-38.81201";"-298.3358";"-82.86945";"-32.41638"
"8466.792";"-231.491";"-56.71307";"-38.81201";"-298.3358";"-82.83789";"-32.43573";"-231.491";"-56.71307";"-38.81201";"-298.3358";"-82.83789";"-32.43573"
"8475.134";"-231.4761";"-56.68805";"-38.81201";"-298.3358";"-82.80627";"-32.45428";"-231.4761";"-56.68805";"-38.81201";"-298.3358";"-82.80627";"-32.45428"
"8483.475";"-231.4539";"-56.69934";"-38.81201";"-298.3358";"-82.79767";"-32.46399";"-231.4539";"-56.69934";"-38.81201";"-298.3358";"-82.79767";"-32.46399"
"8491.816";"-231.4422";"-56.67493";"-38.81201";"-298.3358";"-82.79846";"-32.47174";"-231.4422";"-56.67493";"-38.81201";"-298.3358";"-82.79846";"-32.47174"
"8500.158";"-231.4141";"-56.68506";"-38.81201";"-298.3358";"-82.76379";"-32.49017";"-231.4141";"-56.68506";"-38.81201";"-298.3358";"-82.76379";"-32.49017"
"8508.5";"-231.4144";"-56.6817";"-38.81201";"-298.3358";"-82.75323";"-32.47028";"-231.4144";"-56.6817";"-38.81201";"-298.3358";"-82.75323";"-32.47028"
"8516.842";"-231.3682";"-56.66626";"-38.81201";"-298.3358";"-82.68634";"-32.5083";"-231.3682";"-56.66626";"-38.81201";"-298.3358";"-82.68634";"-32.5083"
"8525.184";"-231.3574";"-56.66162";"-38.81201";"-298.3358";"-82.6571";"-32.51367";"-231.3574";"-56.66162";"-38.81201";"-298.3358";"-82.6571";"-32.51367"
"8533.525";"-231.331";"-56.64368";"-38.81201";"-298.3358";"-82.60974";"-32.53131";"-231.331";"-56.64368";"-38.81201";"-298.3358";"-82.60974";"-32.53131"
"8541.866";"-231.2839";"-56.62854";"-38.81201";"-298.3358";"-82.54584";"-32.59753";"-231.2839";"-56.62854";"-38.81201";"-298.3358";"-82.54584";"-32.59753"
"8550.208";"-231.2537";"-56.62335";"-38.81201";"-298.3358";"-82.55182";"-32.60254";"-231.2537";"-56.62335";"-38.81201";"-298.3358";"-82.55182";"-32.60254"
"8558.55";"-231.2576";"-56.63074";"-38.81201";"-298.3358";"-82.5589";"-32.61285";"-231.2576";"-56.63074";"-38.81201";"-298.3358";"-82.5589";"-32.61285"
"8566.892";"-231.2521";"-56.61572";"-38.81201";"-298.3358";"-82.52417";"-32.63684";"-231.2521";"-56.61572";"-38.81201";"-298.3358";"-82.52417";"-32.63684"
"8575.233";"-231.2489";"-56.60071";"-38.81201";"-298.3358";"-82.49017";"-32.65045";"-231.2489";"-56.60071";"-38.81201";"-298.3358";"-82.49017";"-32.65045"
"8583.575";"-231.2263";"-56.60278";"-38.81201";"-298.3358";"-82.5033";"-32.62451";"-231.2263";"-56.60278";"-38.81201";"-298.3358";"-82.5033";"-32.62451"
"8591.917";"-231.2217";"-56.58325";"-38.81201";"-298.3358";"-82.45129";"-32.66626";"-231.2217";"-56.58325";"-38.81201";"-298.3358";"-82.45129";"-32.66626"
"8600.259";"-231.2041";"-56.57379";"-38.81201";"-298.3358";"-82.44385";"-32.68152";"-231.2041";"-56.57379";"-38.81201";"-298.3358";"-82.44385";"-32.68152"
"8608.6";"-231.1976";"-56.57849";"-38.81201";"-298.3358";"-82.41571";"-32.6875";"-231.1976";"-56.57849";"-38.81201";"-298.3358";"-82.41571";"-32.6875"
"8616.941";"-231.1751";"-56.54077";"-38.81201";"-298.3358";"-82.4021";"-32.69995";"-231.1751";"-56.54077";"-38.81201";"-298.3358";"-82.4021";"-32.69995"
"8625.283";"-231.1572";"-56.52722";"-38.81201";"-298.3358";"-82.38605";"-32.70697";"-231.1572";"-56.52722";"-38.81201";"-298.3358";"-82.38605";"-32.70697"
"8633.625";"-231.1465";"-56.5415";"-38.81201";"-298.3358";"-82.34668";"-32.7218";"-231.1465";"-56.5415";"-38.81201";"-298.3358";"-82.34668";"-32.7218"
"8641.967";"-231.129";"-56.52521";"-38.81201";"-298.3358";"-82.31702";"-32.72894";"-231.129";"-56.52521";"-38.81201";"-298.3358";"-82.31702";"-32.72894"
"8650.309";"-231.1121";"-56.51031";"-38.81201";"-298.3358";"-82.28009";"-32.74396";"-231.1121";"-56.51031";"-38.81201";"-298.3358";"-82.28009";"-32.74396"
"8658.65";"-231.1011";"-56.50854";"-38.81201";"-298.3358";"-82.27576";"-32.74133";"-231.1011";"-56.50854";"-38.81201";"-298.3358";"-82.27576";"-32.74133"
"8666.991";"-230.9741";"-56.46405";"-38.81201";"-298.3358";"-82.24567";"-32.75494";"-230.9741";"-56.46405";"-38.81201";"-298.3358";"-82.24567";"-32.75494"
"8675.333";"-230.9362";"-56.45923";"-38.81201";"-298.3358";"-82.21021";"-32.75696";"-230.9362";"-56.45923";"-38.81201";"-298.3358";"-82.21021";"-32.75696"
"8683.675";"-230.9255";"-56.44446";"-38.81201";"-298.3358";"-82.19226";"-32.79224";"-230.9255";"-56.44446";"-38.81201";"-298.3358";"-82.19226";"-32.79224"
"8692.017";"-230.906";"-56.45392";"-38.81201";"-298.3358";"-82.17554";"-32.80768";"-230.906";"-56.45392";"-38.81201";"-298.3358";"-82.17554";"-32.80768"
"8700.358";"-230.8994";"-56.44299";"-38.81201";"-298.3358";"-82.13831";"-32.81494";"-230.8994";"-56.44299";"-38.81201";"-298.3358";"-82.13831";"-32.81494"
"8708.7";"-230.8674";"-56.43231";"-38.81201";"-298.3358";"-82.10541";"-32.82281";"-230.8674";"-56.43231";"-38.81201";"-298.3358";"-82.10541";"-32.82281"
"8717.042";"-230.842";"-56.41498";"-38.81201";"-298.3358";"-82.08521";"-32.84167";"-230.842";"-56.41498";"-38.81201";"-298.3358";"-82.08521";"-32.84167"
"8725.384";"-230.8463";"-56.40015";"-38.81201";"-298.3358";"-82.0863";"-32.84955";"-230.8463";"-56.40015";"-38.81201";"-298.3358";"-82.0863";"-32.84955"
"8733.725";"-230.8156";"-56.39746";"-38.81201";"-298.3358";"-82.06238";"-32.85175";"-230.8156";"-56.39746";"-38.81201";"-298.3358";"-82.06238";"-32.85175"
"8742.066";"-230.7966";"-56.37579";"-38.81201";"-298.3358";"-82.04028";"-32.86383";"-230.7966";"-56.37579";"-38.81201";"-298.3358";"-82.04028";"-32.86383"
"8750.408";"-230.7897";"-56.34082";"-38.81201";"-298.3358";"-81.96692";"-32.87933";"-230.7897";"-56.34082";"-38.81201";"-298.3358";"-81.96692";"-32.87933"
"8758.75";"-230.7836";"-56.34546";"-38.81201";"-298.3358";"-81.97815";"-32.88385";"-230.7836";"-56.34546";"-38.81201";"-298.3358";"-81.97815";"-32.88385"
"8767.092";"-230.757";"-56.323";"-38.81201";"-298.3358";"-81.9491";"-32.90198";"-230.757";"-56.323";"-38.81201";"-298.3358";"-81.9491";"-32.90198"
"8775.434";"-230.7194";"-56.31812";"-38.81201";"-298.3358";"-81.93677";"-32.91058";"-230.7194";"-56.31812";"-38.81201";"-298.3358";"-81.93677";"-32.91058"
"8783.775";"-230.7271";"-56.31781";"-38.81201";"-298.3358";"-81.90845";"-32.93005";"-230.7271";"-56.31781";"-38.81201";"-298.3358";"-81.90845";"-32.93005"
"8792.116";"-230.6934";"-56.3031";"-38.81201";"-298.3358";"-81.9021";"-32.92902";"-230.6934";"-56.3031";"-38.81201";"-298.3358";"-81.9021";"-32.92902"
"8800.458";"-230.7018";"-56.28442";"-38.81201";"-298.3358";"-81.88568";"-32.92352";"-230.7018";"-56.28442";"-38.81201";"-298.3358";"-81.88568";"-32.92352"
"8808.8";"-230.6727";"-56.26703";"-38.81201";"-298.3358";"-81.84088";"-32.94818";"-230.6727";"-56.26703";"-38.81201";"-298.3358";"-81.84088";"-32.94818"
"8817.142";"-230.6279";"-56.26849";"-38.81201";"-298.3358";"-81.84442";"-32.95325";"-230.6279";"-56.26849";"-38.81201";"-298.3358";"-81.84442";"-32.95325"
"8825.483";"-230.6223";"-56.25311";"-38.81201";"-298.3358";"-81.82111";"-32.95483";"-230.6223";"-56.25311";"-38.81201";"-298.3358";"-81.82111";"-32.95483"
"8833.825";"-230.5947";"-56.25732";"-38.81201";"-298.3358";"-81.79633";"-32.9682";"-230.5947";"-56.25732";"-38.81201";"-298.3358";"-81.79633";"-32.9682"
"8842.167";"-230.5884";"-56.23541";"-38.81201";"-298.3358";"-81.78088";"-32.97528";"-230.5884";"-56.23541";"-38.81201";"-298.3358";"-81.78088";"-32.97528"
"8850.509";"-230.5579";"-56.22498";"-38.81201";"-298.3358";"-81.75635";"-33.01123";"-230.5579";"-56.22498";"-38.81201";"-298.3358";"-81.75635";"-33.01123"
"8858.85";"-230.5453";"-56.224";"-38.81201";"-298.3358";"-81.73248";"-33.02216";"-230.5453";"-56.224";"-38.81201";"-298.3358";"-81.73248";"-33.02216"
"8867.191";"-230.5426";"-56.20209";"-38.81201";"-298.3358";"-81.69513";"-33.00635";"-230.5426";"-56.20209";"-38.81201";"-298.3358";"-81.69513";"-33.00635"
"8875.533";"-230.5134";"-56.20142";"-38.81201";"-298.3358";"-81.68976";"-33.0141";"-230.5134";"-56.20142";"-38.81201";"-298.3358";"-81.68976";"-33.0141"
"8883.875";"-230.4932";"-56.08984";"-38.81201";"-298.3358";"-81.659";"-33.03119";"-230.4932";"-56.08984";"-38.81201";"-298.3358";"-81.659";"-33.03119"
"8892.217";"-230.4839";"-56.09076";"-38.81201";"-298.3358";"-81.65997";"-33.04425";"-230.4839";"-56.09076";"-38.81201";"-298.3358";"-81.65997";"-33.04425"
"8900.559";"-230.4835";"-56.07422";"-38.81201";"-298.3358";"-81.62726";"-33.04248";"-230.4835";"-56.07422";"-38.81201";"-298.3358";"-81.62726";"-33.04248"
"8908.9";"-230.4442";"-56.05695";"-38.81201";"-298.3358";"-81.62048";"-33.04016";"-230.4442";"-56.05695";"-38.81201";"-298.3358";"-81.62048";"-33.04016"
"8917.241";"-230.4366";"-56.05878";"-38.81201";"-298.3358";"-81.60461";"-33.07367";"-230.4366";"-56.05878";"-38.81201";"-298.3358";"-81.60461";"-33.07367"
"8925.583";"-230.4117";"-56.03729";"-38.81201";"-298.3358";"-81.55524";"-33.08557";"-230.4117";"-56.03729";"-38.81201";"-298.3358";"-81.55524";"-33.08557"
"8933.925";"-230.4039";"-56.03308";"-38.81201";"-298.3358";"-81.5495";"-33.09015";"-230.4039";"-56.03308";"-38.81201";"-298.3358";"-81.5495";"-33.09015"
"8942.267";"-230.3726";"-56.03894";"-38.81201";"-298.3358";"-81.51691";"-33.08856";"-230.3726";"-56.03894";"-38.81201";"-298.3358";"-81.51691";"-33.08856"
"8950.608";"-230.3533";"-56.02759";"-38.81201";"-298.3358";"-81.49121";"-33.1264";"-230.3533";"-56.02759";"-38.81201";"-298.3358";"-81.49121";"-33.1264"
"8958.95";"-230.3405";"-56.00885";"-38.81201";"-298.3358";"-81.46985";"-33.12921";"-230.3405";"-56.00885";"-38.81201";"-298.3358";"-81.46985";"-33.12921"
"8967.292";"-230.3044";"-55.99146";"-38.81201";"-298.3358";"-81.43793";"-33.13513";"-230.3044";"-55.99146";"-38.81201";"-298.3358";"-81.43793";"-33.13513"
"8975.634";"-230.2771";"-55.98511";"-38.81201";"-298.3358";"-81.39343";"-33.13184";"-230.2771";"-55.98511";"-38.81201";"-298.3358";"-81.39343";"-33.13184"
"8983.975";"-230.2714";"-55.98358";"-38.81201";"-298.3358";"-81.34027";"-33.14038";"-230.2714";"-55.98358";"-38.81201";"-298.3358";"-81.34027";"-33.14038"
"8992.316";"-230.223";"-55.95758";"-38.81201";"-298.3358";"-81.33636";"-33.1543";"-230.223";"-55.95758";"-38.81201";"-298.3358";"-81.33636";"-33.1543"
"9000.658";"-230.2408";"-55.96277";"-38.81201";"-298.3358";"-81.30432";"-33.17719";"-230.2408";"-55.96277";"-38.81201";"-298.3358";"-81.30432";"-33.17719"
"9009";"-230.1954";"-55.94";"-38.81201";"-298.3358";"-81.26758";"-33.18854";"-230.1954";"-55.94";"-38.81201";"-298.3358";"-81.26758";"-33.18854"
"9017.342";"-230.1908";"-55.95117";"-38.81201";"-298.3358";"-81.22864";"-33.20081";"-230.1908";"-55.95117";"-38.81201";"-298.3358";"-81.22864";"-33.20081"
"9025.684";"-230.1765";"-55.93469";"-38.81201";"-298.3358";"-81.23077";"-33.20374";"-230.1765";"-55.93469";"-38.81201";"-298.3358";"-81.23077";"-33.20374"
"9034.025";"-230.1619";"-55.93372";"-38.81201";"-298.3358";"-81.19537";"-33.21118";"-230.1619";"-55.93372";"-38.81201";"-298.3358";"-81.19537";"-33.21118"
"9042.366";"-230.1195";"-55.92725";"-38.81201";"-298.3358";"-81.18451";"-33.20917";"-230.1195";"-55.92725";"-38.81201";"-298.3358";"-81.18451";"-33.20917"
"9050.708";"-230.0523";"-55.89209";"-38.81201";"-298.3358";"-81.13013";"-33.24158";"-230.0523";"-55.89209";"-38.81201";"-298.3358";"-81.13013";"-33.24158"
"9059.05";"-230.0391";"-55.89838";"-38.81201";"-298.3358";"-81.12042";"-33.24066";"-230.0391";"-55.89838";"-38.81201";"-298.3358";"-81.12042";"-33.24066"
"9067.392";"-230.0276";"-55.89258";"-38.81201";"-298.3358";"-81.10925";"-33.2475";"-230.0276";"-55.89258";"-38.81201";"-298.3358";"-81.10925";"-33.2475"
"9075.733";"-230.0189";"-55.89398";"-38.81201";"-298.3358";"-81.09991";"-33.25134";"-230.0189";"-55.89398";"-38.81201";"-298.3358";"-81.09991";"-33.25134"
"9084.075";"-229.989";"-55.88605";"-38.81201";"-298.3358";"-81.05841";"-33.27649";"-229.989";"-55.88605";"-38.81201";"-298.3358";"-81.05841";"-33.27649"
"9092.417";"-229.988";"-55.88202";"-38.81201";"-298.3358";"-81.03485";"-33.30237";"-229.988";"-55.88202";"-38.81201";"-298.3358";"-81.03485";"-33.30237"
"9100.759";"-229.9597";"-55.86841";"-38.81201";"-298.3358";"-81.00732";"-33.28009";"-229.9597";"-55.86841";"-38.81201";"-298.3358";"-81.00732";"-33.28009"
"9109.1";"-229.9639";"-55.86908";"-38.81201";"-298.3358";"-80.98187";"-33.28479";"-229.9639";"-55.86908";"-38.81201";"-298.3358";"-80.98187";"-33.28479"
"9117.441";"-229.9183";"-55.84894";"-38.81201";"-298.3358";"-80.97406";"-33.29749";"-229.9183";"-55.84894";"-38.81201";"-298.3358";"-80.97406";"-33.29749"
"9125.783";"-229.9023";"-55.8399";"-38.81201";"-298.3358";"-80.93915";"-33.30206";"-229.9023";"-55.8399";"-38.81201";"-298.3358";"-80.93915";"-33.30206"
"9134.125";"-229.8867";"-55.83539";"-38.81201";"-298.3358";"-80.90967";"-33.31451";"-229.8867";"-55.83539";"-38.81201";"-298.3358";"-80.90967";"-33.31451"
"9142.467";"-229.8678";"-55.83557";"-38.81201";"-298.3358";"-80.87836";"-33.34381";"-229.8678";"-55.83557";"-38.81201";"-298.3358";"-80.87836";"-33.34381"
"9150.809";"-229.8425";"-55.81097";"-38.81201";"-298.3358";"-80.84851";"-33.34521";"-229.8425";"-55.81097";"-38.81201";"-298.3358";"-80.84851";"-33.34521"
"9159.15";"-229.8186";"-55.79718";"-38.81201";"-298.3358";"-80.82104";"-33.35638";"-229.8186";"-55.79718";"-38.81201";"-298.3358";"-80.82104";"-33.35638"
"9167.491";"-229.8062";"-55.79443";"-38.81201";"-298.3358";"-80.82178";"-33.37903";"-229.8062";"-55.79443";"-38.81201";"-298.3358";"-80.82178";"-33.37903"
"9175.833";"-229.7984";"-55.79468";"-38.81201";"-298.3358";"-80.79382";"-33.39355";"-229.7984";"-55.79468";"-38.81201";"-298.3358";"-80.79382";"-33.39355"
"9184.175";"-229.7758";"-55.77985";"-38.81201";"-298.3358";"-80.76678";"-33.38373";"-229.7758";"-55.77985";"-38.81201";"-298.3358";"-80.76678";"-33.38373"
"9192.517";"-229.7447";"-55.78284";"-38.81201";"-298.3358";"-80.74066";"-33.39813";"-229.7447";"-55.78284";"-38.81201";"-298.3358";"-80.74066";"-33.39813"
"9200.858";"-229.714";"-55.77161";"-38.81201";"-298.3358";"-80.71277";"-33.38879";"-229.714";"-55.77161";"-38.81201";"-298.3358";"-80.71277";"-33.38879"
"9209.2";"-229.6982";"-55.76447";"-38.81201";"-298.3358";"-80.6817";"-33.41064";"-229.6982";"-55.76447";"-38.81201";"-298.3358";"-80.6817";"-33.41064"
"9217.542";"-229.6725";"-55.77448";"-38.81201";"-298.3358";"-80.65491";"-33.43341";"-229.6725";"-55.77448";"-38.81201";"-298.3358";"-80.65491";"-33.43341"
"9225.884";"-229.651";"-55.75568";"-38.81201";"-298.3358";"-80.63641";"-33.44177";"-229.651";"-55.75568";"-38.81201";"-298.3358";"-80.63641";"-33.44177"
"9234.225";"-229.6138";"-55.75439";"-38.81201";"-298.3358";"-80.5506";"-33.47186";"-229.6138";"-55.75439";"-38.81201";"-298.3358";"-80.5506";"-33.47186"
"9242.566";"-229.5936";"-55.74854";"-38.81201";"-298.3358";"-80.5542";"-33.47931";"-229.5936";"-55.74854";"-38.81201";"-298.3358";"-80.5542";"-33.47931"
"9250.908";"-229.5721";"-55.724";"-38.81201";"-298.3358";"-80.53296";"-33.47418";"-229.5721";"-55.724";"-38.81201";"-298.3358";"-80.53296";"-33.47418"
"9259.25";"-229.5501";"-55.71362";"-38.81201";"-298.3358";"-80.51941";"-33.47479";"-229.5501";"-55.71362";"-38.81201";"-298.3358";"-80.51941";"-33.47479"
"9267.592";"-229.5266";"-55.70825";"-38.81201";"-298.3358";"-80.4588";"-33.52966";"-229.5266";"-55.70825";"-38.81201";"-298.3358";"-80.4588";"-33.52966"
"9275.934";"-229.5034";"-55.69562";"-38.81201";"-298.3358";"-80.43585";"-33.53198";"-229.5034";"-55.69562";"-38.81201";"-298.3358";"-80.43585";"-33.53198"
"9284.275";"-229.4774";"-55.57983";"-38.81201";"-298.3358";"-80.41479";"-33.53479";"-229.4774";"-55.57983";"-38.81201";"-298.3358";"-80.41479";"-33.53479"
"9292.616";"-229.4595";"-55.57544";"-38.81201";"-298.3358";"-80.38141";"-33.56018";"-229.4595";"-55.57544";"-38.81201";"-298.3358";"-80.38141";"-33.56018"
"9300.958";"-229.4077";"-55.57513";"-38.81201";"-298.3358";"-80.32593";"-33.57135";"-229.4077";"-55.57513";"-38.81201";"-298.3358";"-80.32593";"-33.57135"
"9309.3";"-229.3847";"-55.55127";"-38.81201";"-298.3358";"-80.3172";"-33.57788";"-229.3847";"-55.55127";"-38.81201";"-298.3358";"-80.3172";"-33.57788"
"9317.642";"-229.3698";"-55.55792";"-38.81201";"-298.3358";"-80.28735";"-33.59808";"-229.3698";"-55.55792";"-38.81201";"-298.3358";"-80.28735";"-33.59808"
"9325.983";"-229.3491";"-55.55322";"-38.81201";"-298.3358";"-80.26611";"-33.59888";"-229.3491";"-55.55322";"-38.81201";"-298.3358";"-80.26611";"-33.59888"
"9334.325";"-229.3285";"-55.53729";"-38.81201";"-298.3358";"-80.27356";"-33.60828";"-229.3285";"-55.53729";"-38.81201";"-298.3358";"-80.27356";"-33.60828"
"9342.667";"-229.3215";"-55.51758";"-38.81201";"-298.3358";"-80.21747";"-33.62573";"-229.3215";"-55.51758";"-38.81201";"-298.3358";"-80.21747";"-33.62573"
"9351.009";"-229.3084";"-55.50732";"-38.81201";"-298.3358";"-80.19794";"-33.63354";"-229.3084";"-55.50732";"-38.81201";"-298.3358";"-80.19794";"-33.63354"
"9359.35";"-229.1677";"-55.49731";"-38.81201";"-298.3358";"-80.19537";"-33.64771";"-229.1677";"-55.49731";"-38.81201";"-298.3358";"-80.19537";"-33.64771"
"9367.691";"-229.2588";"-55.50378";"-38.81201";"-298.3358";"-80.1178";"-33.66516";"-229.2588";"-55.50378";"-38.81201";"-298.3358";"-80.1178";"-33.66516"
"9376.033";"-229.123";"-55.49072";"-38.81201";"-298.3358";"-80.10486";"-33.65289";"-229.123";"-55.49072";"-38.81201";"-298.3358";"-80.10486";"-33.65289"
"9384.375";"-229.0781";"-55.47333";"-38.81201";"-298.3358";"-80.0932";"-33.703";"-229.0781";"-55.47333";"-38.81201";"-298.3358";"-80.0932";"-33.703"
"9392.717";"-229.062";"-55.46332";"-38.81201";"-298.3358";"-80.05353";"-33.70972";"-229.062";"-55.46332";"-38.81201";"-298.3358";"-80.05353";"-33.70972"
"9401.059";"-229.0466";"-55.45935";"-38.81201";"-298.3358";"-80.04321";"-33.72192";"-229.0466";"-55.45935";"-38.81201";"-298.3358";"-80.04321";"-33.72192"
"9409.4";"-229.0282";"-55.45123";"-38.81201";"-298.3358";"-80.01575";"-33.74542";"-229.0282";"-55.45123";"-38.81201";"-298.3358";"-80.01575";"-33.74542"
"9417.741";"-228.9763";"-55.44427";"-38.81201";"-298.3358";"-79.98071";"-33.73865";"-228.9763";"-55.44427";"-38.81201";"-298.3358";"-79.98071";"-33.73865"
"9426.083";"-228.9728";"-55.42078";"-38.81201";"-298.3358";"-79.94946";"-33.7442";"-228.9728";"-55.42078";"-38.81201";"-298.3358";"-79.94946";"-33.7442"
"9434.425";"-228.9533";"-55.4104";"-38.81201";"-298.3358";"-79.90247";"-33.74194";"-228.9533";"-55.4104";"-38.81201";"-298.3358";"-79.90247";"-33.74194"
"9442.767";"-228.9304";"-55.4035";"-38.81201";"-298.3358";"-79.87012";"-33.75598";"-228.9304";"-55.4035";"-38.81201";"-298.3358";"-79.87012";"-33.75598"
"9451.108";"-228.9167";"-55.38739";"-38.81201";"-298.3358";"-79.85205";"-33.79688";"-228.9167";"-55.38739";"-38.81201";"-298.3358";"-79.85205";"-33.79688"
"9459.45";"-228.8956";"-55.3833";"-38.81201";"-298.3358";"-79.83032";"-33.78644";"-228.8956";"-55.3833";"-38.81201";"-298.3358";"-79.83032";"-33.78644"
"9467.792";"-228.8871";"-55.38501";"-38.81201";"-298.3358";"-79.80157";"-33.80676";"-228.8871";"-55.38501";"-38.81201";"-298.3358";"-79.80157";"-33.80676"
"9476.134";"-228.8696";"-55.37244";"-38.81201";"-298.3358";"-79.7804";"-33.82153";"-228.8696";"-55.37244";"-38.81201";"-298.3358";"-79.7804";"-33.82153"
"9484.475";"-228.8347";"-55.37219";"-38.81201";"-298.3358";"-79.77313";"-33.81146";"-228.8347";"-55.37219";"-38.81201";"-298.3358";"-79.77313";"-33.81146"
"9492.816";"-228.8206";"-55.34528";"-38.81201";"-298.3358";"-79.7608";"-33.84314";"-228.8206";"-55.34528";"-38.81201";"-298.3358";"-79.7608";"-33.84314"
"9501.158";"-228.792";"-55.3407";"-38.81201";"-298.3358";"-79.73254";"-33.83936";"-228.792";"-55.3407";"-38.81201";"-298.3358";"-79.73254";"-33.83936"
"9509.5";"-228.7727";"-55.32135";"-38.81201";"-298.3358";"-79.69153";"-33.85059";"-228.7727";"-55.32135";"-38.81201";"-298.3358";"-79.69153";"-33.85059"
"9517.842";"-228.7584";"-55.33179";"-38.81201";"-298.3358";"-79.67969";"-33.84479";"-228.7584";"-55.33179";"-38.81201";"-298.3358";"-79.67969";"-33.84479"
"9526.184";"-228.7336";"-55.31378";"-38.81201";"-298.3358";"-79.64899";"-33.85901";"-228.7336";"-55.31378";"-38.81201";"-298.3358";"-79.64899";"-33.85901"
"9534.525";"-228.6899";"-55.33118";"-38.81201";"-298.3358";"-79.62769";"-33.86578";"-228.6899";"-55.33118";"-38.81201";"-298.3358";"-79.62769";"-33.86578"
"9542.866";"-228.6238";"-55.30182";"-38.81201";"-298.3358";"-79.55347";"-33.89929";"-228.6238";"-55.30182";"-38.81201";"-298.3358";"-79.55347";"-33.89929"
"9551.208";"-228.6093";"-55.30383";"-38.81201";"-298.3358";"-79.54114";"-33.91504";"-228.6093";"-55.30383";"-38.81201";"-298.3358";"-79.54114";"-33.91504"
"9559.55";"-228.5798";"-55.30609";"-38.81201";"-298.3358";"-79.52747";"-33.91248";"-228.5798";"-55.30609";"-38.81201";"-298.3358";"-79.52747";"-33.91248"
"9567.892";"-228.5871";"-55.29254";"-38.81201";"-298.3358";"-79.51178";"-33.92627";"-228.5871";"-55.29254";"-38.81201";"-298.3358";"-79.51178";"-33.92627"
"9576.233";"-228.5535";"-55.29065";"-38.81201";"-298.3358";"-79.46484";"-33.92828";"-228.5535";"-55.29065";"-38.81201";"-298.3358";"-79.46484";"-33.92828"
"9584.575";"-228.5162";"-55.27124";"-38.81201";"-298.3358";"-79.45593";"-33.95374";"-228.5162";"-55.27124";"-38.81201";"-298.3358";"-79.45593";"-33.95374"
"9592.917";"-228.4932";"-55.16486";"-38.81201";"-298.3358";"-79.39563";"-33.96484";"-228.4932";"-55.16486";"-38.81201";"-298.3358";"-79.39563";"-33.96484"
"9601.259";"-228.4922";"-55.17072";"-38.81201";"-298.3358";"-79.35217";"-33.97998";"-228.4922";"-55.17072";"-38.81201";"-298.3358";"-79.35217";"-33.97998"
"9609.6";"-228.4447";"-55.15637";"-38.81201";"-298.3358";"-79.36243";"-33.97266";"-228.4447";"-55.15637";"-38.81201";"-298.3358";"-79.36243";"-33.97266"
"9617.941";"-228.4163";"-55.1524";"-38.81201";"-298.3358";"-79.28503";"-33.98895";"-228.4163";"-55.1524";"-38.81201";"-298.3358";"-79.28503";"-33.98895"
"9626.283";"-228.3862";"-55.15356";"-38.81201";"-298.3358";"-79.28577";"-33.98218";"-228.3862";"-55.15356";"-38.81201";"-298.3358";"-79.28577";"-33.98218"
"9634.625";"-228.3844";"-55.14929";"-38.81201";"-298.3358";"-79.23431";"-34.01068";"-228.3844";"-55.14929";"-38.81201";"-298.3358";"-79.23431";"-34.01068"
"9642.967";"-228.3611";"-55.14954";"-38.81201";"-298.3358";"-79.21582";"-34.01453";"-228.3611";"-55.14954";"-38.81201";"-298.3358";"-79.21582";"-34.01453"
"9651.309";"-228.3255";"-55.14972";"-38.81201";"-298.3358";"-79.19659";"-34.02771";"-228.3255";"-55.14972";"-38.81201";"-298.3358";"-79.19659";"-34.02771"
"9659.65";"-228.314";"-55.13904";"-38.81201";"-298.3358";"-79.16339";"-34.03394";"-228.314";"-55.13904";"-38.81201";"-298.3358";"-79.16339";"-34.03394"
"9667.991";"-228.2859";"-55.13373";"-38.81201";"-298.3358";"-79.17389";"-34.04877";"-228.2859";"-55.13373";"-38.81201";"-298.3358";"-79.17389";"-34.04877"
"9676.333";"-228.2591";"-55.12762";"-38.81201";"-298.3358";"-79.14294";"-34.06824";"-228.2591";"-55.12762";"-38.81201";"-298.3358";"-79.14294";"-34.06824"
"9684.675";"-228.2585";"-55.10706";"-38.81201";"-298.3358";"-79.0954";"-34.05237";"-228.2585";"-55.10706";"-38.81201";"-298.3358";"-79.0954";"-34.05237"
"9693.017";"-228.2306";"-55.10199";"-38.81201";"-298.3358";"-79.03741";"-34.08191";"-228.2306";"-55.10199";"-38.81201";"-298.3358";"-79.03741";"-34.08191"
"9701.358";"-228.2147";"-55.10114";"-38.81201";"-298.3358";"-79.03253";"-34.06232";"-228.2147";"-55.10114";"-38.81201";"-298.3358";"-79.03253";"-34.06232"
"9709.7";"-228.2014";"-55.09863";"-38.81201";"-298.3358";"-79.00085";"-34.08936";"-228.2014";"-55.09863";"-38.81201";"-298.3358";"-79.00085";"-34.08936"
"9718.042";"-228.1818";"-55.08362";"-38.81201";"-298.3358";"-78.99493";"-34.05109";"-228.1818";"-55.08362";"-38.81201";"-298.3358";"-78.99493";"-34.05109"
"9726.384";"-228.1579";"-55.06567";"-38.81201";"-298.3358";"-78.96698";"-34.08594";"-228.1579";"-55.06567";"-38.81201";"-298.3358";"-78.96698";"-34.08594"
"9734.725";"-228.1057";"-55.06818";"-38.81201";"-298.3358";"-78.94501";"-34.0495";"-228.1057";"-55.06818";"-38.81201";"-298.3358";"-78.94501";"-34.0495"
"9743.066";"-228.0983";"-55.06927";"-38.81201";"-298.3358";"-78.93103";"-34.07904";"-228.0983";"-55.06927";"-38.81201";"-298.3358";"-78.93103";"-34.07904"
"9751.408";"-228.0733";"-55.05292";"-38.81201";"-298.3358";"-78.91284";"-34.09808";"-228.0733";"-55.05292";"-38.81201";"-298.3358";"-78.91284";"-34.09808"
"9759.75";"-228.0667";"-55.05127";"-38.81201";"-298.3358";"-78.87616";"-34.11737";"-228.0667";"-55.05127";"-38.81201";"-298.3358";"-78.87616";"-34.11737"
"9768.092";"-228.0414";"-55.05212";"-38.81201";"-298.3358";"-78.8559";"-34.11859";"-228.0414";"-55.05212";"-38.81201";"-298.3358";"-78.8559";"-34.11859"
"9776.434";"-228.01";"-55.04865";"-38.81201";"-298.3358";"-78.83081";"-34.14197";"-228.01";"-55.04865";"-38.81201";"-298.3358";"-78.83081";"-34.14197"
"9784.775";"-228.0186";"-55.03766";"-38.81201";"-298.3358";"-78.79865";"-34.15765";"-228.0186";"-55.03766";"-38.81201";"-298.3358";"-78.79865";"-34.15765"
"9793.116";"-227.9772";"-55.04382";"-38.81201";"-298.3358";"-78.77539";"-34.1665";"-227.9772";"-55.04382";"-38.81201";"-298.3358";"-78.77539";"-34.1665"
"9801.458";"-227.9589";"-55.03198";"-38.81201";"-298.3358";"-78.7547";"-34.17957";"-227.9589";"-55.03198";"-38.81201";"-298.3358";"-78.7547";"-34.17957"
"9809.8";"-227.96";"-55.03253";"-38.81201";"-298.3358";"-78.72705";"-34.18439";"-227.96";"-55.03253";"-38.81201";"-298.3358";"-78.72705";"-34.18439"
"9818.142";"-227.9094";"-55.02875";"-38.81201";"-298.3358";"-78.64117";"-34.18134";"-227.9094";"-55.02875";"-38.81201";"-298.3358";"-78.64117";"-34.18134"
"9826.483";"-227.889";"-55.02063";"-38.81201";"-298.3358";"-78.63513";"-34.18359";"-227.889";"-55.02063";"-38.81201";"-298.3358";"-78.63513";"-34.18359"
"9834.825";"-227.847";"-55.02753";"-38.81201";"-298.3358";"-78.60504";"-34.19604";"-227.847";"-55.02753";"-38.81201";"-298.3358";"-78.60504";"-34.19604"
"9843.167";"-227.8304";"-55.04071";"-38.81201";"-298.3358";"-78.58691";"-34.20209";"-227.8304";"-55.04071";"-38.81201";"-298.3358";"-78.58691";"-34.20209"
"9851.509";"-227.8068";"-55.0202";"-38.81201";"-298.3358";"-78.55579";"-34.21246";"-227.8068";"-55.0202";"-38.81201";"-298.3358";"-78.55579";"-34.21246"
"9859.85";"-227.7791";"-55.00891";"-38.81201";"-298.3358";"-78.534";"-34.21283";"-227.7791";"-55.00891";"-38.81201";"-298.3358";"-78.534";"-34.21283"
"9868.191";"-227.7655";"-55.01117";"-38.81201";"-298.3358";"-78.50696";"-34.23035";"-227.7655";"-55.01117";"-38.81201";"-298.3358";"-78.50696";"-34.23035"
"9876.533";"-227.7474";"-55.02325";"-38.81201";"-298.3358";"-78.4754";"-34.2511";"-227.7474";"-55.02325";"-38.81201";"-298.3358";"-78.4754";"-34.2511"
"9884.875";"-227.7131";"-55.01685";"-38.81201";"-298.3358";"-78.4621";"-34.26141";"-227.7131";"-55.01685";"-38.81201";"-298.3358";"-78.4621";"-34.26141"
"9893.217";"-227.6857";"-55";"-38.81201";"-298.3358";"-78.42383";"-34.27008";"-227.6857";"-55";"-38.81201";"-298.3358";"-78.42383";"-34.27008"
"9901.559";"-227.6404";"-55.00055";"-38.81201";"-298.3358";"-78.42322";"-34.26752";"-227.6404";"-55.00055";"-38.81201";"-298.3358";"-78.42322";"-34.26752"
"9909.9";"-227.6337";"-54.98535";"-38.81201";"-298.3358";"-78.37317";"-34.27869";"-227.6337";"-54.98535";"-38.81201";"-298.3358";"-78.37317";"-34.27869"
"9918.241";"-227.5908";"-54.9798";"-38.81201";"-298.3358";"-78.32275";"-34.29529";"-227.5908";"-54.9798";"-38.81201";"-298.3358";"-78.32275";"-34.29529"
"9926.583";"-227.5594";"-54.97198";"-38.81201";"-298.3358";"-78.27875";"-34.29816";"-227.5594";"-54.97198";"-38.81201";"-298.3358";"-78.27875";"-34.29816"
"9934.925";"-227.5182";"-54.97058";"-38.81201";"-298.3358";"-78.28223";"-34.29242";"-227.5182";"-54.97058";"-38.81201";"-298.3358";"-78.28223";"-34.29242"
"9943.267";"-227.5074";"-54.96484";"-38.81201";"-298.3358";"-78.25885";"-34.29822";"-227.5074";"-54.96484";"-38.81201";"-298.3358";"-78.25885";"-34.29822"
"9951.608";"-227.48";"-54.85547";"-38.81201";"-298.3358";"-78.2226";"-34.30396";"-227.48";"-54.85547";"-38.81201";"-298.3358";"-78.2226";"-34.30396"
"9959.95";"-227.4533";"-54.85095";"-38.81201";"-298.3358";"-78.19659";"-34.31952";"-227.4533";"-54.85095";"-38.81201";"-298.3358";"-78.19659";"-34.31952"
"9968.292";"-227.403";"-54.84644";"-38.81201";"-298.3358";"-78.15576";"-34.30957";"-227.403";"-54.84644";"-38.81201";"-298.3358";"-78.15576";"-34.30957"
"9976.634";"-227.3932";"-54.84613";"-38.81201";"-298.3358";"-78.13159";"-34.32513";"-227.3932";"-54.84613";"-38.81201";"-298.3358";"-78.13159";"-34.32513"
"9984.975";"-227.3704";"-54.84442";"-38.81201";"-298.3358";"-78.12476";"-34.31079";"-227.3704";"-54.84442";"-38.81201";"-298.3358";"-78.12476";"-34.31079"
"9993.316";"-227.3583";"-54.84283";"-38.81201";"-298.3358";"-78.07306";"-34.33344";"-227.3583";"-54.84283";"-38.81201";"-298.3358";"-78.07306";"-34.33344"
"10001.66";"-227.3043";"-54.83478";"-38.81201";"-298.3358";"-78.04968";"-34.32507";"-227.3043";"-54.83478";"-38.81201";"-298.3358";"-78.04968";"-34.32507"
"10010";"-227.2803";"-54.82996";"-38.81201";"-298.3358";"-78.02509";"-34.34851";"-227.2803";"-54.82996";"-38.81201";"-298.3358";"-78.02509";"-34.34851"
"10018.34";"-227.2451";"-54.823";"-38.81201";"-298.3358";"-78.01038";"-34.35303";"-227.2451";"-54.823";"-38.81201";"-298.3358";"-78.01038";"-34.35303"
"10026.68";"-227.2286";"-54.80664";"-38.81201";"-298.3358";"-77.97241";"-34.37811";"-227.2286";"-54.80664";"-38.81201";"-298.3358";"-77.97241";"-34.37811"
"10035.03";"-227.2018";"-54.80493";"-38.81201";"-298.3358";"-77.96295";"-34.37152";"-227.2018";"-54.80493";"-38.81201";"-298.3358";"-77.96295";"-34.37152"
"10043.37";"-227.1969";"-54.80634";"-38.81201";"-298.3358";"-77.93402";"-34.39716";"-227.1969";"-54.80634";"-38.81201";"-298.3358";"-77.93402";"-34.39716"
"10051.71";"-227.132";"-54.8017";"-38.81201";"-298.3358";"-77.85608";"-34.39441";"-227.132";"-54.8017";"-38.81201";"-298.3358";"-77.85608";"-34.39441"
"10060.05";"-227.1191";"-54.81982";"-38.81201";"-298.3358";"-77.85266";"-34.39899";"-227.1191";"-54.81982";"-38.81201";"-298.3358";"-77.85266";"-34.39899"
"10068.39";"-227.1064";"-54.7854";"-38.81201";"-298.3358";"-77.81299";"-34.41949";"-227.1064";"-54.7854";"-38.81201";"-298.3358";"-77.81299";"-34.41949"
"10076.73";"-227.0898";"-54.80206";"-38.81201";"-298.3358";"-77.80713";"-34.41412";"-227.0898";"-54.80206";"-38.81201";"-298.3358";"-77.80713";"-34.41412"
"10085.08";"-227.0754";"-54.7887";"-38.81201";"-298.3358";"-77.76697";"-34.44049";"-227.0754";"-54.7887";"-38.81201";"-298.3358";"-77.76697";"-34.44049"
"10093.42";"-227.0454";"-54.77069";"-38.81201";"-298.3358";"-77.77051";"-34.43616";"-227.0454";"-54.77069";"-38.81201";"-298.3358";"-77.77051";"-34.43616"
"10101.76";"-227.0391";"-54.78204";"-38.81201";"-298.3358";"-77.73334";"-34.4632";"-227.0391";"-54.78204";"-38.81201";"-298.3358";"-77.73334";"-34.4632"
"10110.1";"-227.0151";"-54.78259";"-38.81201";"-298.3358";"-77.68488";"-34.46155";"-227.0151";"-54.78259";"-38.81201";"-298.3358";"-77.68488";"-34.46155"
"10118.44";"-226.9812";"-54.77655";"-38.81201";"-298.3358";"-77.68188";"-34.47064";"-226.9812";"-54.77655";"-38.81201";"-298.3358";"-77.68188";"-34.47064"
"10126.78";"-226.9691";"-54.76886";"-38.81201";"-298.3358";"-77.64618";"-34.48651";"-226.9691";"-54.76886";"-38.81201";"-298.3358";"-77.64618";"-34.48651"
"10135.13";"-226.9434";"-54.75861";"-38.81201";"-298.3358";"-77.61981";"-34.49286";"-226.9434";"-54.75861";"-38.81201";"-298.3358";"-77.61981";"-34.49286"
"10143.47";"-226.9065";"-54.73859";"-38.81201";"-298.3358";"-77.60956";"-34.4892";"-226.9065";"-54.73859";"-38.81201";"-298.3358";"-77.60956";"-34.4892"
"10151.81";"-226.8751";"-54.73608";"-38.81201";"-298.3358";"-77.55927";"-34.53125";"-226.8751";"-54.73608";"-38.81201";"-298.3358";"-77.55927";"-34.53125"
"10160.15";"-226.8447";"-54.72736";"-38.81201";"-298.3358";"-77.53217";"-34.51825";"-226.8447";"-54.72736";"-38.81201";"-298.3358";"-77.53217";"-34.51825"
"10168.49";"-226.7975";"-54.71704";"-38.81201";"-298.3358";"-77.47345";"-34.5321";"-226.7975";"-54.71704";"-38.81201";"-298.3358";"-77.47345";"-34.5321"
"10176.83";"-226.7858";"-54.72046";"-38.81201";"-298.3358";"-77.45007";"-34.54376";"-226.7858";"-54.72046";"-38.81201";"-298.3358";"-77.45007";"-34.54376"
"10185.17";"-226.7629";"-54.71338";"-38.81201";"-298.3358";"-77.42749";"-34.5741";"-226.7629";"-54.71338";"-38.81201";"-298.3358";"-77.42749";"-34.5741"
"10193.52";"-226.748";"-54.70074";"-38.81201";"-298.3358";"-77.36389";"-34.62695";"-226.748";"-54.70074";"-38.81201";"-298.3358";"-77.36389";"-34.62695"
"10201.86";"-226.7054";"-54.68744";"-38.81201";"-298.3358";"-77.37463";"-34.61584";"-226.7054";"-54.68744";"-38.81201";"-298.3358";"-77.37463";"-34.61584"
"10210.2";"-226.677";"-54.69012";"-38.81201";"-298.3358";"-77.34845";"-34.6189";"-226.677";"-54.69012";"-38.81201";"-298.3358";"-77.34845";"-34.6189"
"10218.54";"-226.6572";"-54.69501";"-38.81201";"-298.3358";"-77.32416";"-34.63989";"-226.6572";"-54.69501";"-38.81201";"-298.3358";"-77.32416";"-34.63989"
"10226.88";"-226.6472";"-54.68896";"-38.81201";"-298.3358";"-77.28961";"-34.6676";"-226.6472";"-54.68896";"-38.81201";"-298.3358";"-77.28961";"-34.6676"
"10235.22";"-226.6013";"-54.68451";"-38.81201";"-298.3358";"-77.27637";"-34.63922";"-226.6013";"-54.68451";"-38.81201";"-298.3358";"-77.27637";"-34.63922"
"10243.57";"-226.5575";"-54.66193";"-38.81201";"-298.3358";"-77.18353";"-34.63666";"-226.5575";"-54.66193";"-38.81201";"-298.3358";"-77.18353";"-34.63666"
"10251.91";"-226.5308";"-54.66547";"-38.81201";"-298.3358";"-77.14941";"-34.66943";"-226.5308";"-54.66547";"-38.81201";"-298.3358";"-77.14941";"-34.66943"
"10260.25";"-226.5043";"-54.672";"-38.81201";"-298.3358";"-77.15314";"-34.6734";"-226.5043";"-54.672";"-38.81201";"-298.3358";"-77.15314";"-34.6734"
"10268.59";"-226.4361";"-54.59302";"-38.81201";"-298.3358";"-77.13055";"-34.70563";"-226.4361";"-54.59302";"-38.81201";"-298.3358";"-77.13055";"-34.70563"
"10276.93";"-226.4304";"-54.57263";"-38.81201";"-298.3358";"-77.10315";"-34.73657";"-226.4304";"-54.57263";"-38.81201";"-298.3358";"-77.10315";"-34.73657"
"10285.28";"-226.3885";"-54.57703";"-38.81201";"-298.3358";"-77.07111";"-34.72864";"-226.3885";"-54.57703";"-38.81201";"-298.3358";"-77.07111";"-34.72864"
"10293.62";"-226.3696";"-54.55853";"-38.81201";"-298.3358";"-77.0484";"-34.73572";"-226.3696";"-54.55853";"-38.81201";"-298.3358";"-77.0484";"-34.73572"
"10301.96";"-226.3447";"-54.56091";"-38.81201";"-298.3358";"-77.03906";"-34.71954";"-226.3447";"-54.56091";"-38.81201";"-298.3358";"-77.03906";"-34.71954"
"10310.3";"-226.3182";"-54.55054";"-38.81201";"-298.3358";"-77.02838";"-34.72137";"-226.3182";"-54.55054";"-38.81201";"-298.3358";"-77.02838";"-34.72137"
"10318.64";"-226.3087";"-54.53534";"-38.81201";"-298.3358";"-76.95294";"-34.74805";"-226.3087";"-54.53534";"-38.81201";"-298.3358";"-76.95294";"-34.74805"
"10326.98";"-226.285";"-54.5202";"-38.81201";"-298.3358";"-76.91901";"-34.776";"-226.285";"-54.5202";"-38.81201";"-298.3358";"-76.91901";"-34.776"
"10335.33";"-226.2592";"-54.51111";"-38.81201";"-298.3358";"-76.91809";"-34.76404";"-226.2592";"-54.51111";"-38.81201";"-298.3358";"-76.91809";"-34.76404"
"10343.67";"-226.1685";"-54.49542";"-38.81201";"-298.3358";"-76.90692";"-34.77533";"-226.1685";"-54.49542";"-38.81201";"-298.3358";"-76.90692";"-34.77533"
"10352.01";"-226.1298";"-54.46582";"-38.81201";"-298.3358";"-76.849";"-34.78284";"-226.1298";"-54.46582";"-38.81201";"-298.3358";"-76.849";"-34.78284"
"10360.35";"-226.1083";"-54.47784";"-38.81201";"-298.3358";"-76.81744";"-34.80579";"-226.1083";"-54.47784";"-38.81201";"-298.3358";"-76.81744";"-34.80579"
"10368.69";"-226.1011";"-54.47437";"-38.81201";"-298.3358";"-76.82465";"-34.81885";"-226.1011";"-54.47437";"-38.81201";"-298.3358";"-76.82465";"-34.81885"
"10377.03";"-226.0883";"-54.46417";"-38.81201";"-298.3358";"-76.80646";"-34.8175";"-226.0883";"-54.46417";"-38.81201";"-298.3358";"-76.80646";"-34.8175"
"10385.38";"-226.0635";"-54.45142";"-38.81201";"-298.3358";"-76.75043";"-34.83875";"-226.0635";"-54.45142";"-38.81201";"-298.3358";"-76.75043";"-34.83875"
"10393.72";"-226.048";"-54.46954";"-38.81201";"-298.3358";"-76.73169";"-34.82898";"-226.048";"-54.46954";"-38.81201";"-298.3358";"-76.73169";"-34.82898"
"10402.06";"-226.0242";"-54.43793";"-38.81201";"-298.3358";"-76.69458";"-34.8772";"-226.0242";"-54.43793";"-38.81201";"-298.3358";"-76.69458";"-34.8772"
"10410.4";"-226.004";"-54.43066";"-38.81201";"-298.3358";"-76.69165";"-34.8653";"-226.004";"-54.43066";"-38.81201";"-298.3358";"-76.69165";"-34.8653"
"10418.74";"-225.9727";"-54.43207";"-38.81201";"-298.3358";"-76.66431";"-34.90393";"-225.9727";"-54.43207";"-38.81201";"-298.3358";"-76.66431";"-34.90393"
"10427.08";"-225.955";"-54.42712";"-38.81201";"-298.3358";"-76.64691";"-34.90375";"-225.955";"-54.42712";"-38.81201";"-298.3358";"-76.64691";"-34.90375"
"10435.42";"-225.944";"-54.4129";"-38.81201";"-298.3358";"-76.60468";"-34.90399";"-225.944";"-54.4129";"-38.81201";"-298.3358";"-76.60468";"-34.90399"
"10443.77";"-225.9254";"-54.40686";"-38.81201";"-298.3358";"-76.56165";"-34.91046";"-225.9254";"-54.40686";"-38.81201";"-298.3358";"-76.56165";"-34.91046"
"10452.11";"-225.9199";"-54.3783";"-38.81201";"-298.3358";"-76.57349";"-34.91656";"-225.9199";"-54.3783";"-38.81201";"-298.3358";"-76.57349";"-34.91656"
"10460.45";"-225.8878";"-54.37085";"-38.81201";"-298.3358";"-76.54968";"-34.92719";"-225.8878";"-54.37085";"-38.81201";"-298.3358";"-76.54968";"-34.92719"
"10468.79";"-225.8668";"-54.36249";"-38.81201";"-298.3358";"-76.5249";"-34.94409";"-225.8668";"-54.36249";"-38.81201";"-298.3358";"-76.5249";"-34.94409"
"10477.13";"-225.8412";"-54.35388";"-38.81201";"-298.3358";"-76.47308";"-34.95624";"-225.8412";"-54.35388";"-38.81201";"-298.3358";"-76.47308";"-34.95624"
"10485.47";"-225.8269";"-54.36035";"-38.81201";"-298.3358";"-76.43958";"-34.96362";"-225.8269";"-54.36035";"-38.81201";"-298.3358";"-76.43958";"-34.96362"
"10493.82";"-225.8141";"-54.3468";"-38.81201";"-298.3358";"-76.41669";"-34.96826";"-225.8141";"-54.3468";"-38.81201";"-298.3358";"-76.41669";"-34.96826"
"10502.16";"-225.7826";"-54.32898";"-38.81201";"-298.3358";"-76.39087";"-34.98303";"-225.7826";"-54.32898";"-38.81201";"-298.3358";"-76.39087";"-34.98303"
"10510.5";"-225.7499";"-54.33405";"-38.81201";"-298.3358";"-76.37";"-34.98578";"-225.7499";"-54.33405";"-38.81201";"-298.3358";"-76.37";"-34.98578"
"10518.84";"-225.7275";"-54.31512";"-38.81201";"-298.3358";"-76.33691";"-34.99457";"-225.7275";"-54.31512";"-38.81201";"-298.3358";"-76.33691";"-34.99457"
"10527.18";"-225.7018";"-54.30054";"-38.81201";"-298.3358";"-76.31097";"-35.00629";"-225.7018";"-54.30054";"-38.81201";"-298.3358";"-76.31097";"-35.00629"
"10535.53";"-225.6901";"-54.29694";"-38.81201";"-298.3358";"-76.29034";"-35.01459";"-225.6901";"-54.29694";"-38.81201";"-298.3358";"-76.29034";"-35.01459"
"10543.87";"-225.6257";"-54.28357";"-38.81201";"-298.3358";"-76.2215";"-35.01721";"-225.6257";"-54.28357";"-38.81201";"-298.3358";"-76.2215";"-35.01721"
"10552.21";"-225.6042";"-54.28082";"-38.81201";"-298.3358";"-76.2132";"-35.01837";"-225.6042";"-54.28082";"-38.81201";"-298.3358";"-76.2132";"-35.01837"
"10560.55";"-225.5975";"-54.26495";"-38.81201";"-298.3358";"-76.18738";"-35.02222";"-225.5975";"-54.26495";"-38.81201";"-298.3358";"-76.18738";"-35.02222"
"10568.89";"-225.5909";"-54.24615";"-38.81201";"-298.3358";"-76.15112";"-35.01947";"-225.5909";"-54.24615";"-38.81201";"-298.3358";"-76.15112";"-35.01947"
"10577.23";"-225.5567";"-54.2467";"-38.81201";"-298.3358";"-76.14166";"-35.01776";"-225.5567";"-54.2467";"-38.81201";"-298.3358";"-76.14166";"-35.01776"
"10585.58";"-225.5262";"-54.22729";"-38.81201";"-298.3358";"-76.0929";"-35.04761";"-225.5262";"-54.22729";"-38.81201";"-298.3358";"-76.0929";"-35.04761"
"10593.92";"-225.5021";"-54.22455";"-38.81201";"-298.3358";"-76.07141";"-35.05377";"-225.5021";"-54.22455";"-38.81201";"-298.3358";"-76.07141";"-35.05377"
"10602.26";"-225.4788";"-54.1449";"-38.81201";"-298.3358";"-76.05243";"-35.07007";"-225.4788";"-54.1449";"-38.81201";"-298.3358";"-76.05243";"-35.07007"
"10610.6";"-225.4361";"-54.12799";"-38.81201";"-298.3358";"-76.05084";"-35.08136";"-225.4361";"-54.12799";"-38.81201";"-298.3358";"-76.05084";"-35.08136"
"10618.94";"-225.4286";"-54.13208";"-38.81201";"-298.3358";"-75.99274";"-35.09589";"-225.4286";"-54.13208";"-38.81201";"-298.3358";"-75.99274";"-35.09589"
"10627.28";"-225.4125";"-54.09967";"-38.81201";"-298.3358";"-75.96887";"-35.11322";"-225.4125";"-54.09967";"-38.81201";"-298.3358";"-75.96887";"-35.11322"
"10635.63";"-225.3874";"-54.10455";"-38.81201";"-298.3358";"-75.95612";"-35.10986";"-225.3874";"-54.10455";"-38.81201";"-298.3358";"-75.95612";"-35.10986"
"10643.97";"-225.3649";"-54.09369";"-38.81201";"-298.3358";"-75.92627";"-35.11475";"-225.3649";"-54.09369";"-38.81201";"-298.3358";"-75.92627";"-35.11475"
"10652.31";"-225.336";"-54.09296";"-38.81201";"-298.3358";"-75.91718";"-35.12476";"-225.336";"-54.09296";"-38.81201";"-298.3358";"-75.91718";"-35.12476"
"10660.65";"-225.3215";"-54.08875";"-38.81201";"-298.3358";"-75.90442";"-35.13647";"-225.3215";"-54.08875";"-38.81201";"-298.3358";"-75.90442";"-35.13647"
"10668.99";"-225.3003";"-54.0705";"-38.81201";"-298.3358";"-75.85522";"-35.13434";"-225.3003";"-54.0705";"-38.81201";"-298.3358";"-75.85522";"-35.13434"
"10677.33";"-225.2748";"-54.07123";"-38.81201";"-298.3358";"-75.8559";"-35.12848";"-225.2748";"-54.07123";"-38.81201";"-298.3358";"-75.8559";"-35.12848"
"10685.67";"-225.2477";"-54.04346";"-38.81201";"-298.3358";"-75.8172";"-35.1629";"-225.2477";"-54.04346";"-38.81201";"-298.3358";"-75.8172";"-35.1629"
"10694.02";"-225.2285";"-54.04077";"-38.81201";"-298.3358";"-75.79132";"-35.16064";"-225.2285";"-54.04077";"-38.81201";"-298.3358";"-75.79132";"-35.16064"
"10702.36";"-225.2137";"-54.02148";"-38.81201";"-298.3358";"-75.7923";"-35.16608";"-225.2137";"-54.02148";"-38.81201";"-298.3358";"-75.7923";"-35.16608"
"10710.7";"-225.2056";"-54.01898";"-38.81201";"-298.3358";"-75.75677";"-35.16931";"-225.2056";"-54.01898";"-38.81201";"-298.3358";"-75.75677";"-35.16931"
"10719.04";"-225.2032";"-54.01385";"-38.81201";"-298.3358";"-75.75177";"-35.1618";"-225.2032";"-54.01385";"-38.81201";"-298.3358";"-75.75177";"-35.1618"
"10727.38";"-225.1841";"-53.99854";"-38.81201";"-298.3358";"-75.73029";"-35.17072";"-225.1841";"-53.99854";"-38.81201";"-298.3358";"-75.73029";"-35.17072"
"10735.72";"-225.1567";"-53.98334";"-38.81201";"-298.3358";"-75.66174";"-35.18451";"-225.1567";"-53.98334";"-38.81201";"-298.3358";"-75.66174";"-35.18451"
"10744.07";"-225.1215";"-53.9823";"-38.81201";"-298.3358";"-75.6214";"-35.19263";"-225.1215";"-53.9823";"-38.81201";"-298.3358";"-75.6214";"-35.19263"
"10752.41";"-225.1113";"-53.97607";"-38.81201";"-298.3358";"-75.62537";"-35.20111";"-225.1113";"-53.97607";"-38.81201";"-298.3358";"-75.62537";"-35.20111"
"10760.75";"-225.0966";"-53.96375";"-38.81201";"-298.3358";"-75.58301";"-35.21503";"-225.0966";"-53.96375";"-38.81201";"-298.3358";"-75.58301";"-35.21503"
"10769.09";"-225.0669";"-53.96906";"-38.81201";"-298.3358";"-75.58167";"-35.21405";"-225.0669";"-53.96906";"-38.81201";"-298.3358";"-75.58167";"-35.21405"
"10777.43";"-225.0662";"-53.95258";"-38.81201";"-298.3358";"-75.55884";"-35.21997";"-225.0662";"-53.95258";"-38.81201";"-298.3358";"-75.55884";"-35.21997"
"10785.78";"-225.0243";"-53.95001";"-38.81201";"-298.3358";"-75.5379";"-35.26471";"-225.0243";"-53.95001";"-38.81201";"-298.3358";"-75.5379";"-35.26471"
"10794.12";"-225.0062";"-53.95178";"-38.81201";"-298.3358";"-75.51074";"-35.26935";"-225.0062";"-53.95178";"-38.81201";"-298.3358";"-75.51074";"-35.26935"
"10802.46";"-225.0018";"-53.9184";"-38.81201";"-298.3358";"-75.49323";"-35.29932";"-225.0018";"-53.9184";"-38.81201";"-298.3358";"-75.49323";"-35.29932"
"10810.8";"-224.9536";"-53.9007";"-38.81201";"-298.3358";"-75.44348";"-35.30597";"-224.9536";"-53.9007";"-38.81201";"-298.3358";"-75.44348";"-35.30597"
"10819.14";"-224.9546";"-53.91321";"-38.81201";"-298.3358";"-75.41907";"-35.29987";"-224.9546";"-53.91321";"-38.81201";"-298.3358";"-75.41907";"-35.29987"
"10827.48";"-224.9151";"-53.87585";"-38.81201";"-298.3358";"-75.39038";"-35.31055";"-224.9151";"-53.87585";"-38.81201";"-298.3358";"-75.39038";"-35.31055"
"10835.83";"-224.8949";"-53.88654";"-38.81201";"-298.3358";"-75.36469";"-35.33246";"-224.8949";"-53.88654";"-38.81201";"-298.3358";"-75.36469";"-35.33246"
"10844.17";"-224.8684";"-53.86224";"-38.81201";"-298.3358";"-75.33429";"-35.34143";"-224.8684";"-53.86224";"-38.81201";"-298.3358";"-75.33429";"-35.34143"
"10852.51";"-224.8351";"-53.85394";"-38.81201";"-298.3358";"-75.33594";"-35.35291";"-224.8351";"-53.85394";"-38.81201";"-298.3358";"-75.33594";"-35.35291"
"10860.85";"-224.8214";"-53.84906";"-38.81201";"-298.3358";"-75.30548";"-35.36011";"-224.8214";"-53.84906";"-38.81201";"-298.3358";"-75.30548";"-35.36011"
"10869.19";"-224.8004";"-53.82678";"-38.81201";"-298.3358";"-75.20813";"-35.37073";"-224.8004";"-53.82678";"-38.81201";"-298.3358";"-75.20813";"-35.37073"
"10877.53";"-224.7683";"-53.8136";"-38.81201";"-298.3358";"-75.19177";"-35.35553";"-224.7683";"-53.8136";"-38.81201";"-298.3358";"-75.19177";"-35.35553"
"10885.88";"-224.7101";"-53.81866";"-38.81201";"-298.3358";"-75.17206";"-35.36566";"-224.7101";"-53.81866";"-38.81201";"-298.3358";"-75.17206";"-35.36566"
"10894.22";"-224.7037";"-53.82385";"-38.81201";"-298.3358";"-75.16199";"-35.37921";"-224.7037";"-53.82385";"-38.81201";"-298.3358";"-75.16199";"-35.37921"
"10902.56";"-224.6594";"-53.79657";"-38.81201";"-298.3358";"-75.12494";"-35.39966";"-224.6594";"-53.79657";"-38.81201";"-298.3358";"-75.12494";"-35.39966"
"10910.9";"-224.642";"-53.77863";"-38.81201";"-298.3358";"-75.10718";"-35.41333";"-224.642";"-53.77863";"-38.81201";"-298.3358";"-75.10718";"-35.41333"
"10919.24";"-224.6312";"-53.76917";"-38.81201";"-298.3358";"-75.07965";"-35.4234";"-224.6312";"-53.76917";"-38.81201";"-298.3358";"-75.07965";"-35.4234"
"10927.58";"-224.602";"-53.76935";"-38.81201";"-298.3358";"-75.06122";"-35.43121";"-224.602";"-53.76935";"-38.81201";"-298.3358";"-75.06122";"-35.43121"
"10935.92";"-224.5739";"-53.74182";"-38.81201";"-298.3358";"-75.03442";"-35.43591";"-224.5739";"-53.74182";"-38.81201";"-298.3358";"-75.03442";"-35.43591"
"10944.27";"-224.5571";"-53.74927";"-38.81201";"-298.3358";"-75.01605";"-35.44415";"-224.5571";"-53.74927";"-38.81201";"-298.3358";"-75.01605";"-35.44415"
"10952.61";"-224.5032";"-53.73816";"-38.81201";"-298.3358";"-74.98322";"-35.47272";"-224.5032";"-53.73816";"-38.81201";"-298.3358";"-74.98322";"-35.47272"
"10960.95";"-224.4753";"-53.685";"-38.81201";"-298.3358";"-74.95349";"-35.47009";"-224.4753";"-53.685";"-38.81201";"-298.3358";"-74.95349";"-35.47009"
"10969.29";"-224.4706";"-53.6582";"-38.81201";"-298.3358";"-74.9375";"-35.49396";"-224.4706";"-53.6582";"-38.81201";"-298.3358";"-74.9375";"-35.49396"
"10977.63";"-224.4517";"-53.66663";"-38.81201";"-298.3358";"-74.91309";"-35.49396";"-224.4517";"-53.66663";"-38.81201";"-298.3358";"-74.91309";"-35.49396"
"10985.97";"-224.4406";"-53.64655";"-38.81201";"-298.3358";"-74.89233";"-35.50592";"-224.4406";"-53.64655";"-38.81201";"-298.3358";"-74.89233";"-35.50592"
"10994.32";"-224.3911";"-53.6286";"-38.81201";"-298.3358";"-74.85986";"-35.5343";"-224.3911";"-53.6286";"-38.81201";"-298.3358";"-74.85986";"-35.5343"
"11002.66";"-224.3821";"-53.61353";"-38.81201";"-298.3358";"-74.81451";"-35.57532";"-224.3821";"-53.61353";"-38.81201";"-298.3358";"-74.81451";"-35.57532"
"11011";"-224.3712";"-53.6026";"-38.81201";"-298.3358";"-74.77875";"-35.57275";"-224.3712";"-53.6026";"-38.81201";"-298.3358";"-74.77875";"-35.57275"
"11019.34";"-224.3456";"-53.59955";"-38.81201";"-298.3358";"-74.78033";"-35.58154";"-224.3456";"-53.59955";"-38.81201";"-298.3358";"-74.78033";"-35.58154"
"11027.68";"-224.3348";"-53.57037";"-39";"-300";"-74.74512";"-35.60754";"-224.3348";"-53.57037";"-39";"-300";"-74.74512";"-35.60754"
"11036.03";"-224.3118";"-53.56604";"-39.23926";"-299.159";"-74.74084";"-35.60638";"-224.3118";"-53.56604";"-39.23926";"-299.159";"-74.74084";"-35.60638"
"11044.37";"-224.2872";"-53.55115";"-38.51843";"-298.9288";"-74.70428";"-35.62817";"-224.2872";"-53.55115";"-38.51843";"-298.9288";"-74.70428";"-35.62817"
"11052.71";"-224.2485";"-53.50122";"-38.51843";"-298.9288";"-74.66095";"-35.65173";"-224.2485";"-53.50122";"-38.51843";"-298.9288";"-74.66095";"-35.65173"
"11061.05";"-224.1868";"-53.49475";"-38.51843";"-298.9288";"-74.64899";"-35.66479";"-224.1868";"-53.49475";"-38.51843";"-298.9288";"-74.64899";"-35.66479"
"11069.39";"-224.1633";"-53.46802";"-38.51843";"-298.9288";"-74.63483";"-35.65973";"-224.1633";"-53.46802";"-38.51843";"-298.9288";"-74.63483";"-35.65973"
"11077.73";"-224.1402";"-53.46204";"-38.51843";"-298.9288";"-74.59814";"-35.67786";"-224.1402";"-53.46204";"-38.51843";"-298.9288";"-74.59814";"-35.67786"
"11086.08";"-224.1326";"-53.44183";"-38.51843";"-298.9288";"-74.5827";"-35.68707";"-224.1326";"-53.44183";"-38.51843";"-298.9288";"-74.5827";"-35.68707"
"11094.42";"-224.1014";"-53.43774";"-38.51843";"-298.9288";"-74.55957";"-35.69763";"-224.1014";"-53.43774";"-38.51843";"-298.9288";"-74.55957";"-35.69763"
"11102.76";"-224.0963";"-53.43103";"-38.51843";"-298.9288";"-74.5304";"-35.7099";"-224.0963";"-53.43103";"-38.51843";"-298.9288";"-74.5304";"-35.7099"
"11111.1";"-224.0807";"-53.39685";"-38.51843";"-298.9288";"-74.43085";"-35.73737";"-224.0807";"-53.39685";"-38.51843";"-298.9288";"-74.43085";"-35.73737"
"11119.44";"-224.0718";"-53.39441";"-38.51843";"-298.9288";"-74.42755";"-35.73419";"-224.0718";"-53.39441";"-38.51843";"-298.9288";"-74.42755";"-35.73419"
"11127.78";"-224.0403";"-53.37677";"-38.51843";"-298.9288";"-74.40692";"-35.7561";"-224.0403";"-53.37677";"-38.51843";"-298.9288";"-74.40692";"-35.7561"
"11136.13";"-224.006";"-53.35266";"-38.51843";"-298.9288";"-74.38879";"-35.78387";"-224.006";"-53.35266";"-38.51843";"-298.9288";"-74.38879";"-35.78387"
"11144.47";"-223.994";"-53.33484";"-38.51843";"-298.9288";"-74.37811";"-35.8017";"-223.994";"-53.33484";"-38.51843";"-298.9288";"-74.37811";"-35.8017"
"11152.81";"-223.9492";"-53.33234";"-38.51843";"-298.9288";"-74.35608";"-35.82501";"-223.9492";"-53.33234";"-38.51843";"-298.9288";"-74.35608";"-35.82501"
"11161.15";"-223.9365";"-53.31158";"-38.51843";"-298.9288";"-74.33771";"-35.83057";"-223.9365";"-53.31158";"-38.51843";"-298.9288";"-74.33771";"-35.83057"
"11169.49";"-223.9026";"-53.26416";"-38.51843";"-298.9288";"-74.29675";"-35.83191";"-223.9026";"-53.26416";"-38.51843";"-298.9288";"-74.29675";"-35.83191"
"11177.83";"-223.8984";"-53.2605";"-38.51843";"-298.9288";"-74.27826";"-35.83429";"-223.8984";"-53.2605";"-38.51843";"-298.9288";"-74.27826";"-35.83429"
"11186.17";"-223.887";"-53.25372";"-38.51843";"-298.9288";"-74.22162";"-35.85913";"-223.887";"-53.25372";"-38.51843";"-298.9288";"-74.22162";"-35.85913"
"11194.52";"-223.8564";"-53.26074";"-38.51843";"-298.9288";"-74.21796";"-35.86444";"-223.8564";"-53.26074";"-38.51843";"-298.9288";"-74.21796";"-35.86444"
"11202.86";"-223.8426";"-53.23889";"-38.51843";"-298.9288";"-74.19202";"-35.88477";"-223.8426";"-53.23889";"-38.51843";"-298.9288";"-74.19202";"-35.88477"
"11211.2";"-223.8177";"-53.23029";"-38.51843";"-298.9288";"-74.17456";"-35.88171";"-223.8177";"-53.23029";"-38.51843";"-298.9288";"-74.17456";"-35.88171"
"11219.54";"-223.8034";"-53.19897";"-38.51843";"-298.9288";"-74.14825";"-35.88165";"-223.8034";"-53.19897";"-38.51843";"-298.9288";"-74.14825";"-35.88165"
"11227.88";"-223.7704";"-53.19263";"-38.51843";"-298.9288";"-74.12885";"-35.89124";"-223.7704";"-53.19263";"-38.51843";"-298.9288";"-74.12885";"-35.89124"
"11236.22";"-223.7347";"-53.17279";"-38.51843";"-298.9288";"-74.07361";"-35.91577";"-223.7347";"-53.17279";"-38.51843";"-298.9288";"-74.07361";"-35.91577"
"11244.57";"-223.7174";"-53.1579";"-38.51843";"-298.9288";"-74.06561";"-35.92169";"-223.7174";"-53.1579";"-38.51843";"-298.9288";"-74.06561";"-35.92169"
"11252.91";"-223.6798";"-53.14624";"-38.51843";"-298.9288";"-74.04987";"-35.94196";"-223.6798";"-53.14624";"-38.51843";"-298.9288";"-74.04987";"-35.94196"
"11261.25";"-223.6451";"-53.13812";"-38.51843";"-298.9288";"-74.04004";"-35.9444";"-223.6451";"-53.13812";"-38.51843";"-298.9288";"-74.04004";"-35.9444"
"11269.59";"-223.6384";"-53.13025";"-38.51843";"-298.9288";"-73.98541";"-35.96729";"-223.6384";"-53.13025";"-38.51843";"-298.9288";"-73.98541";"-35.96729"
"11277.93";"-223.6133";"-53.11871";"-38.51843";"-298.9288";"-73.9657";"-35.9881";"-223.6133";"-53.11871";"-38.51843";"-298.9288";"-73.9657";"-35.9881"
"11286.28";"-223.5648";"-53.10046";"-38.51843";"-298.9288";"-73.93671";"-36.00061";"-223.5648";"-53.10046";"-38.51843";"-298.9288";"-73.93671";"-36.00061"
"11294.62";"-223.5466";"-53.09528";"-38.51843";"-298.9288";"-73.93335";"-35.99597";"-223.5466";"-53.09528";"-38.51843";"-298.9288";"-73.93335";"-35.99597"
"11302.96";"-223.5131";"-53.0799";"-38.51843";"-298.9288";"-73.88885";"-36.01794";"-223.5131";"-53.0799";"-38.51843";"-298.9288";"-73.88885";"-36.01794"
"11311.3";"-223.4998";"-53.02625";"-38.51843";"-298.9288";"-73.87732";"-36.02045";"-223.4998";"-53.02625";"-38.51843";"-298.9288";"-73.87732";"-36.02045"
"11319.64";"-223.4835";"-53.0022";"-38.51843";"-298.9288";"-73.85406";"-36.02484";"-223.4835";"-53.0022";"-38.51843";"-298.9288";"-73.85406";"-36.02484"
"11327.98";"-223.4581";"-53.00116";"-38.51843";"-298.9288";"-73.85822";"-36.01862";"-223.4581";"-53.00116";"-38.51843";"-298.9288";"-73.85822";"-36.01862"
"11336.33";"-223.4406";"-52.98761";"-38.51843";"-298.9288";"-73.80737";"-36.03925";"-223.4406";"-52.98761";"-38.51843";"-298.9288";"-73.80737";"-36.03925"
"11344.67";"-223.4176";"-52.98157";"-38.51843";"-298.9288";"-73.78473";"-36.06592";"-223.4176";"-52.98157";"-38.51843";"-298.9288";"-73.78473";"-36.06592"
"11353.01";"-223.4024";"-52.96082";"-38.51843";"-298.9288";"-73.76715";"-36.05786";"-223.4024";"-52.96082";"-38.51843";"-298.9288";"-73.76715";"-36.05786"
"11361.35";"-223.3829";"-52.95813";"-38.51843";"-298.9288";"-73.76459";"-36.07813";"-223.3829";"-52.95813";"-38.51843";"-298.9288";"-73.76459";"-36.07813"
"11369.69";"-223.3655";"-52.95294";"-38.51843";"-298.9288";"-73.73022";"-36.07324";"-223.3655";"-52.95294";"-38.51843";"-298.9288";"-73.73022";"-36.07324"
"11378.03";"-223.3247";"-52.92981";"-38.51843";"-298.9288";"-73.7171";"-36.06842";"-223.3247";"-52.92981";"-38.51843";"-298.9288";"-73.7171";"-36.06842"
"11386.38";"-223.2963";"-52.90582";"-38.51843";"-298.9288";"-73.68604";"-36.10168";"-223.2963";"-52.90582";"-38.51843";"-298.9288";"-73.68604";"-36.10168"
"11394.72";"-223.2824";"-52.89185";"-38.51843";"-298.9288";"-73.65857";"-36.10126";"-223.2824";"-52.89185";"-38.51843";"-298.9288";"-73.65857";"-36.10126"
"11403.06";"-223.2585";"-52.88556";"-38.51843";"-298.9288";"-73.63239";"-36.12292";"-223.2585";"-52.88556";"-38.51843";"-298.9288";"-73.63239";"-36.12292"
"11411.4";"-223.2385";"-52.88135";"-38.51843";"-298.9288";"-73.59845";"-36.14032";"-223.2385";"-52.88135";"-38.51843";"-298.9288";"-73.59845";"-36.14032"
"11419.74";"-223.2339";"-52.87939";"-38.51843";"-298.9288";"-73.5777";"-36.15533";"-223.2339";"-52.87939";"-38.51843";"-298.9288";"-73.5777";"-36.15533"
"11428.08";"-223.212";"-52.88153";"-38.51843";"-298.9288";"-73.53772";"-36.15985";"-223.212";"-52.88153";"-38.51843";"-298.9288";"-73.53772";"-36.15985"
"11436.42";"-223.1698";"-52.85968";"-38.51843";"-298.9288";"-73.50922";"-36.16681";"-223.1698";"-52.85968";"-38.51843";"-298.9288";"-73.50922";"-36.16681"
"11444.77";"-223.1636";"-52.84363";"-38.51843";"-298.9288";"-73.49829";"-36.18683";"-223.1636";"-52.84363";"-38.51843";"-298.9288";"-73.49829";"-36.18683"
"11453.11";"-223.1513";"-52.83624";"-38.51843";"-298.9288";"-73.44482";"-36.19653";"-223.1513";"-52.83624";"-38.51843";"-298.9288";"-73.44482";"-36.19653"
"11461.45";"-223.1209";"-52.81207";"-38.51843";"-298.9288";"-73.42773";"-36.20441";"-223.1209";"-52.81207";"-38.51843";"-298.9288";"-73.42773";"-36.20441"
"11469.79";"-223.1025";"-52.80627";"-38.51843";"-298.9288";"-73.40741";"-36.20099";"-223.1025";"-52.80627";"-38.51843";"-298.9288";"-73.40741";"-36.20099"
"11478.13";"-223.0835";"-52.80048";"-38.51843";"-298.9288";"-73.38733";"-36.21478";"-223.0835";"-52.80048";"-38.51843";"-298.9288";"-73.38733";"-36.21478"
"11486.47";"-223.0517";"-52.80139";"-38.51843";"-298.9288";"-73.33838";"-36.23566";"-223.0517";"-52.80139";"-38.51843";"-298.9288";"-73.33838";"-36.23566"
"11494.82";"-223.0292";"-52.77698";"-38.51843";"-298.9288";"-73.31439";"-36.24072";"-223.0292";"-52.77698";"-38.51843";"-298.9288";"-73.31439";"-36.24072"
"11503.16";"-223.008";"-52.75885";"-38.51843";"-298.9288";"-73.28156";"-36.25397";"-223.008";"-52.75885";"-38.51843";"-298.9288";"-73.28156";"-36.25397"
"11511.5";"-222.9927";"-52.74011";"-38.51843";"-298.9288";"-73.26801";"-36.26611";"-222.9927";"-52.74011";"-38.51843";"-298.9288";"-73.26801";"-36.26611"
"11519.84";"-222.9755";"-52.73102";"-38.51843";"-298.9288";"-73.24792";"-36.26617";"-222.9755";"-52.73102";"-38.51843";"-298.9288";"-73.24792";"-36.26617"
"11528.18";"-222.9496";"-52.71283";"-38.51843";"-298.9288";"-73.21454";"-36.28723";"-222.9496";"-52.71283";"-38.51843";"-298.9288";"-73.21454";"-36.28723"
"11536.53";"-222.9296";"-52.70386";"-38.51843";"-298.9288";"-73.18713";"-36.3103";"-222.9296";"-52.70386";"-38.51843";"-298.9288";"-73.18713";"-36.3103"
"11544.87";"-222.8776";"-52.68384";"-38.51843";"-298.9288";"-73.14075";"-36.32318";"-222.8776";"-52.68384";"-38.51843";"-298.9288";"-73.14075";"-36.32318"
"11553.21";"-222.8508";"-52.66351";"-38.51843";"-298.9288";"-73.10156";"-36.32343";"-222.8508";"-52.66351";"-38.51843";"-298.9288";"-73.10156";"-36.32343"
"11561.55";"-222.8441";"-52.66345";"-38.51843";"-298.9288";"-73.10266";"-36.33813";"-222.8441";"-52.66345";"-38.51843";"-298.9288";"-73.10266";"-36.33813"
"11569.89";"-222.8308";"-52.63721";"-38.51843";"-298.9288";"-73.09753";"-36.336";"-222.8308";"-52.63721";"-38.51843";"-298.9288";"-73.09753";"-36.336"
"11578.23";"-222.8254";"-52.63922";"-38.51843";"-298.9288";"-73.08002";"-36.33929";"-222.8254";"-52.63922";"-38.51843";"-298.9288";"-73.08002";"-36.33929"
"11586.58";"-222.7989";"-52.61511";"-38.51843";"-298.9288";"-73.0459";"-36.35583";"-222.7989";"-52.61511";"-38.51843";"-298.9288";"-73.0459";"-36.35583"
"11594.92";"-222.783";"-52.62146";"-38.51843";"-298.9288";"-73.03784";"-36.35736";"-222.783";"-52.62146";"-38.51843";"-298.9288";"-73.03784";"-36.35736"
"11603.26";"-222.7629";"-52.61853";"-38.51843";"-298.9288";"-73.01855";"-36.38562";"-222.7629";"-52.61853";"-38.51843";"-298.9288";"-73.01855";"-36.38562"
"11611.6";"-222.7343";"-52.617";"-38.51843";"-298.9288";"-72.99823";"-36.40173";"-222.7343";"-52.617";"-38.51843";"-298.9288";"-72.99823";"-36.40173"
"11619.94";"-222.7023";"-52.59827";"-38.51843";"-298.9288";"-72.95624";"-36.39343";"-222.7023";"-52.59827";"-38.51843";"-298.9288";"-72.95624";"-36.39343"
"11628.28";"-222.677";"-52.59308";"-38.51843";"-298.9288";"-72.92377";"-36.40143";"-222.677";"-52.59308";"-38.51843";"-298.9288";"-72.92377";"-36.40143"
"11636.63";"-222.6785";"-52.57416";"-38.51843";"-298.9288";"-72.90686";"-36.39917";"-222.6785";"-52.57416";"-38.51843";"-298.9288";"-72.90686";"-36.39917"
"11644.97";"-222.6469";"-52.56921";"-38.51843";"-298.9288";"-72.88544";"-36.41876";"-222.6469";"-52.56921";"-38.51843";"-298.9288";"-72.88544";"-36.41876"
"11653.31";"-222.6549";"-52.5423";"-38.51843";"-298.9288";"-72.86255";"-36.44574";"-222.6549";"-52.5423";"-38.51843";"-298.9288";"-72.86255";"-36.44574"
"11661.65";"-222.6107";"-52.54065";"-38.51843";"-298.9288";"-72.83948";"-36.44513";"-222.6107";"-52.54065";"-38.51843";"-298.9288";"-72.83948";"-36.44513"
"11669.99";"-222.6089";"-52.50006";"-38.51843";"-298.9288";"-72.82001";"-36.46039";"-222.6089";"-52.50006";"-38.51843";"-298.9288";"-72.82001";"-36.46039"
"11678.33";"-222.5526";"-52.49023";"-38.51843";"-298.9288";"-72.80945";"-36.47437";"-222.5526";"-52.49023";"-38.51843";"-298.9288";"-72.80945";"-36.47437"
"11686.67";"-222.5078";"-52.4635";"-38.51843";"-298.9288";"-72.7923";"-36.48517";"-222.5078";"-52.4635";"-38.51843";"-298.9288";"-72.7923";"-36.48517"
"11695.02";"-222.4741";"-52.42206";"-38.51843";"-298.9288";"-72.76923";"-36.49585";"-222.4741";"-52.42206";"-38.51843";"-298.9288";"-72.76923";"-36.49585"
"11703.36";"-222.4466";"-52.40771";"-38.51843";"-298.9288";"-72.74622";"-36.49799";"-222.4466";"-52.40771";"-38.51843";"-298.9288";"-72.74622";"-36.49799"
"11711.7";"-222.4396";"-52.38666";"-38.51843";"-298.9288";"-72.69318";"-36.51581";"-222.4396";"-52.38666";"-38.51843";"-298.9288";"-72.69318";"-36.51581"
"11720.04";"-222.4201";"-52.38867";"-38.51843";"-298.9288";"-72.68115";"-36.53723";"-222.4201";"-52.38867";"-38.51843";"-298.9288";"-72.68115";"-36.53723"
"11728.38";"-222.3906";"-52.36719";"-38.51843";"-298.9288";"-72.64691";"-36.55682";"-222.3906";"-52.36719";"-38.51843";"-298.9288";"-72.64691";"-36.55682"
"11736.72";"-222.3643";"-52.32703";"-38.51843";"-298.9288";"-72.61206";"-36.56055";"-222.3643";"-52.32703";"-38.51843";"-298.9288";"-72.61206";"-36.56055"
"11745.07";"-222.3478";"-52.328";"-38.51843";"-298.9288";"-72.58112";"-36.57593";"-222.3478";"-52.328";"-38.51843";"-298.9288";"-72.58112";"-36.57593"
"11753.41";"-222.3278";"-52.30243";"-38.51843";"-298.9288";"-72.54846";"-36.56274";"-222.3278";"-52.30243";"-38.51843";"-298.9288";"-72.54846";"-36.56274"
"11761.75";"-222.3116";"-52.29645";"-38.51843";"-298.9288";"-72.52234";"-36.57593";"-222.3116";"-52.29645";"-38.51843";"-298.9288";"-72.52234";"-36.57593"
"11770.09";"-222.2857";"-52.27838";"-38.51843";"-298.9288";"-72.50977";"-36.6181";"-222.2857";"-52.27838";"-38.51843";"-298.9288";"-72.50977";"-36.6181"
"11778.43";"-222.2589";"-52.27777";"-38.51843";"-298.9288";"-72.49451";"-36.67969";"-222.2589";"-52.27777";"-38.51843";"-298.9288";"-72.49451";"-36.67969"
"11786.78";"-222.2393";"-52.25464";"-38.51843";"-298.9288";"-72.47076";"-36.6781";"-222.2393";"-52.25464";"-38.51843";"-298.9288";"-72.47076";"-36.6781"
"11795.12";"-222.2159";"-52.24481";"-38.51843";"-298.9288";"-72.4613";"-36.69055";"-222.2159";"-52.24481";"-38.51843";"-298.9288";"-72.4613";"-36.69055"
"11803.46";"-222.1974";"-52.2276";"-38.51843";"-298.9288";"-72.414";"-36.69543";"-222.1974";"-52.2276";"-38.51843";"-298.9288";"-72.414";"-36.69543"
"11811.8";"-222.1771";"-52.23004";"-38.51843";"-298.9288";"-72.38141";"-36.70105";"-222.1771";"-52.23004";"-38.51843";"-298.9288";"-72.38141";"-36.70105"
"11820.14";"-222.1646";"-52.18964";"-38.51843";"-298.9288";"-72.35883";"-36.71771";"-222.1646";"-52.18964";"-38.51843";"-298.9288";"-72.35883";"-36.71771"
"11828.48";"-222.1307";"-52.17841";"-38.51843";"-298.9288";"-72.3399";"-36.74146";"-222.1307";"-52.17841";"-38.51843";"-298.9288";"-72.3399";"-36.74146"
"11836.83";"-222.1127";"-52.1795";"-38.51843";"-298.9288";"-72.28479";"-36.74634";"-222.1127";"-52.1795";"-38.51843";"-298.9288";"-72.28479";"-36.74634"
"11845.17";"-222.0935";"-52.16479";"-38.51843";"-298.9288";"-72.26874";"-36.75708";"-222.0935";"-52.16479";"-38.51843";"-298.9288";"-72.26874";"-36.75708"
"11853.51";"-222.0901";"-52.16211";"-38.51843";"-298.9288";"-72.24957";"-36.78772";"-222.0901";"-52.16211";"-38.51843";"-298.9288";"-72.24957";"-36.78772"
"11861.85";"-222.0684";"-52.15417";"-38.51843";"-298.9288";"-72.22662";"-36.79095";"-222.0684";"-52.15417";"-38.51843";"-298.9288";"-72.22662";"-36.79095"
"11870.19";"-222.0346";"-52.13745";"-38.51843";"-298.9288";"-72.22015";"-36.78503";"-222.0346";"-52.13745";"-38.51843";"-298.9288";"-72.22015";"-36.78503"
"11878.53";"-222.0255";"-52.1192";"-38.51843";"-298.9288";"-72.1781";"-36.78833";"-222.0255";"-52.1192";"-38.51843";"-298.9288";"-72.1781";"-36.78833"
"11886.88";"-222.0094";"-52.12805";"-38.51843";"-298.9288";"-72.16602";"-36.8092";"-222.0094";"-52.12805";"-38.51843";"-298.9288";"-72.16602";"-36.8092"
"11895.22";"-221.9841";"-52.08679";"-38.51843";"-298.9288";"-72.1405";"-36.80786";"-221.9841";"-52.08679";"-38.51843";"-298.9288";"-72.1405";"-36.80786"
"11903.56";"-221.9632";"-52.09192";"-38.51843";"-298.9288";"-72.13171";"-36.84723";"-221.9632";"-52.09192";"-38.51843";"-298.9288";"-72.13171";"-36.84723"
"11911.9";"-221.9363";"-52.0719";"-38.51843";"-298.9288";"-72.10944";"-36.86322";"-221.9363";"-52.0719";"-38.51843";"-298.9288";"-72.10944";"-36.86322"
"11920.24";"-221.9312";"-52.07397";"-38.51843";"-298.9288";"-72.07086";"-36.86469";"-221.9312";"-52.07397";"-38.51843";"-298.9288";"-72.07086";"-36.86469"
"11928.58";"-221.9229";"-52.05725";"-38.51843";"-298.9288";"-72.06189";"-36.87219";"-221.9229";"-52.05725";"-38.51843";"-298.9288";"-72.06189";"-36.87219"
"11936.92";"-221.8902";"-52.04773";"-38.51843";"-298.9288";"-72.0354";"-36.86078";"-221.8902";"-52.04773";"-38.51843";"-298.9288";"-72.0354";"-36.86078"
"11945.27";"-221.8856";"-52.03778";"-38.51843";"-298.9288";"-72.00989";"-36.87244";"-221.8856";"-52.03778";"-38.51843";"-298.9288";"-72.00989";"-36.87244"
"11953.61";"-221.8784";"-52.03979";"-38.51843";"-298.9288";"-72.01312";"-36.88318";"-221.8784";"-52.03979";"-38.51843";"-298.9288";"-72.01312";"-36.88318"
"11961.95";"-221.8484";"-52.02808";"-38.51843";"-298.9288";"-71.97314";"-36.90222";"-221.8484";"-52.02808";"-38.51843";"-298.9288";"-71.97314";"-36.90222"
"11970.29";"-221.83";"-52.00372";"-38.51843";"-298.9288";"-71.97534";"-36.89929";"-221.83";"-52.00372";"-38.51843";"-298.9288";"-71.97534";"-36.89929"
"11978.63";"-221.819";"-51.9859";"-38.51843";"-298.9288";"-71.93359";"-36.91461";"-221.819";"-51.9859";"-38.51843";"-298.9288";"-71.93359";"-36.91461"
"11986.97";"-221.798";"-51.99139";"-38.51843";"-298.9288";"-71.9187";"-36.9187";"-221.798";"-51.99139";"-38.51843";"-298.9288";"-71.9187";"-36.9187"
"11995.32";"-221.7812";"-51.98334";"-38.51843";"-298.9288";"-71.90454";"-36.93274";"-221.7812";"-51.98334";"-38.51843";"-298.9288";"-71.90454";"-36.93274"
"12003.66";"-221.7335";"-51.96649";"-38.51843";"-298.9288";"-71.87024";"-36.9361";"-221.7335";"-51.96649";"-38.51843";"-298.9288";"-71.87024";"-36.9361"
"12012";"-221.7146";"-51.95569";"-38.51843";"-298.9288";"-71.86603";"-36.94446";"-221.7146";"-51.95569";"-38.51843";"-298.9288";"-71.86603";"-36.94446"
"12020.34";"-221.7119";"-51.94159";"-38.51843";"-298.9288";"-71.83325";"-36.95502";"-221.7119";"-51.94159";"-38.51843";"-298.9288";"-71.83325";"-36.95502"
"12028.68";"-221.6977";"-51.93347";"-38.51843";"-298.9288";"-71.79572";"-36.96582";"-221.6977";"-51.93347";"-38.51843";"-298.9288";"-71.79572";"-36.96582"
"12037.03";"-221.6604";"-51.91089";"-38.51843";"-298.9288";"-71.72003";"-36.94965";"-221.6604";"-51.91089";"-38.51843";"-298.9288";"-71.72003";"-36.94965"
"12045.37";"-221.6426";"-51.91876";"-38.51843";"-298.9288";"-71.72266";"-36.97357";"-221.6426";"-51.91876";"-38.51843";"-298.9288";"-71.72266";"-36.97357"
"12053.71";"-221.5869";"-51.89813";"-38.51843";"-298.9288";"-71.70288";"-36.9848";"-221.5869";"-51.89813";"-38.51843";"-298.9288";"-71.70288";"-36.9848"
"12062.05";"-221.5942";"-51.89417";"-38.51843";"-298.9288";"-71.68262";"-36.99805";"-221.5942";"-51.89417";"-38.51843";"-298.9288";"-71.68262";"-36.99805"
"12070.39";"-221.549";"-51.89673";"-38.51843";"-298.9288";"-71.67413";"-37.00684";"-221.549";"-51.89673";"-38.51843";"-298.9288";"-71.67413";"-37.00684"
"12078.73";"-221.542";"-51.88904";"-38.51843";"-298.9288";"-71.66119";"-37.00537";"-221.542";"-51.88904";"-38.51843";"-298.9288";"-71.66119";"-37.00537"
"12087.08";"-221.5128";"-51.88251";"-38.51843";"-298.9288";"-71.61633";"-37.01233";"-221.5128";"-51.88251";"-38.51843";"-298.9288";"-71.61633";"-37.01233"
"12095.42";"-221.4996";"-51.82886";"-38.51843";"-298.9288";"-71.60266";"-37.02136";"-221.4996";"-51.82886";"-38.51843";"-298.9288";"-71.60266";"-37.02136"
"12103.76";"-221.4702";"-51.79791";"-38.51843";"-298.9288";"-71.58423";"-37.03284";"-221.4702";"-51.79791";"-38.51843";"-298.9288";"-71.58423";"-37.03284"
"12112.1";"-221.4486";"-51.78308";"-38.51843";"-298.9288";"-71.56171";"-37.04401";"-221.4486";"-51.78308";"-38.51843";"-298.9288";"-71.56171";"-37.04401"
"12120.44";"-221.4244";"-51.75702";"-38.51843";"-298.9288";"-71.52106";"-37.05273";"-221.4244";"-51.75702";"-38.51843";"-298.9288";"-71.52106";"-37.05273"
"12128.78";"-221.4149";"-51.75977";"-38.51843";"-298.9288";"-71.5127";"-37.05286";"-221.4149";"-51.75977";"-38.51843";"-298.9288";"-71.5127";"-37.05286"
"12137.13";"-221.382";"-51.74701";"-38.51843";"-298.9288";"-71.46246";"-37.08051";"-221.382";"-51.74701";"-38.51843";"-298.9288";"-71.46246";"-37.08051"
"12145.47";"-221.3618";"-51.74573";"-38.51843";"-298.9288";"-71.45221";"-37.07739";"-221.3618";"-51.74573";"-38.51843";"-298.9288";"-71.45221";"-37.07739"
"12153.81";"-221.3408";"-51.73755";"-38.51843";"-298.9288";"-71.42633";"-37.11053";"-221.3408";"-51.73755";"-38.51843";"-298.9288";"-71.42633";"-37.11053"
"12162.15";"-221.3245";"-51.71655";"-38.51843";"-298.9288";"-71.37366";"-37.11176";"-221.3245";"-51.71655";"-38.51843";"-298.9288";"-71.37366";"-37.11176"
"12170.49";"-221.296";"-51.71301";"-38.51843";"-298.9288";"-71.36084";"-37.11292";"-221.296";"-51.71301";"-38.51843";"-298.9288";"-71.36084";"-37.11292"
"12178.83";"-221.2905";"-51.69745";"-38.51843";"-298.9288";"-71.35889";"-37.12512";"-221.2905";"-51.69745";"-38.51843";"-298.9288";"-71.35889";"-37.12512"
"12187.17";"-221.2736";"-51.67517";"-38.51843";"-298.9288";"-71.30328";"-37.12036";"-221.2736";"-51.67517";"-38.51843";"-298.9288";"-71.30328";"-37.12036"
"12195.52";"-221.2539";"-51.67084";"-38.51843";"-298.9288";"-71.28149";"-37.12756";"-221.2539";"-51.67084";"-38.51843";"-298.9288";"-71.28149";"-37.12756"
"12203.86";"-221.2445";"-51.65564";"-38.51843";"-298.9288";"-71.28503";"-37.14313";"-221.2445";"-51.65564";"-38.51843";"-298.9288";"-71.28503";"-37.14313"
"12212.2";"-221.2322";"-51.62665";"-38.51843";"-298.9288";"-71.24304";"-37.13672";"-221.2322";"-51.62665";"-38.51843";"-298.9288";"-71.24304";"-37.13672"
"12220.54";"-221.2187";"-51.63293";"-38.51843";"-298.9288";"-71.19122";"-37.13586";"-221.2187";"-51.63293";"-38.51843";"-298.9288";"-71.19122";"-37.13586"
"12228.88";"-221.1789";"-51.61829";"-38.51843";"-298.9288";"-71.16998";"-37.15662";"-221.1789";"-51.61829";"-38.51843";"-298.9288";"-71.16998";"-37.15662"
"12237.22";"-221.1664";"-51.61615";"-38.51843";"-298.9288";"-71.17175";"-37.15472";"-221.1664";"-51.61615";"-38.51843";"-298.9288";"-71.17175";"-37.15472"
"12245.57";"-221.1456";"-51.59045";"-38.51843";"-298.9288";"-71.15692";"-37.15161";"-221.1456";"-51.59045";"-38.51843";"-298.9288";"-71.15692";"-37.15161"
"12253.91";"-221.1381";"-51.5752";"-38.51843";"-298.9288";"-71.13757";"-37.17975";"-221.1381";"-51.5752";"-38.51843";"-298.9288";"-71.13757";"-37.17975"
"12262.25";"-221.1154";"-51.56592";"-38.51843";"-298.9288";"-71.11591";"-37.18475";"-221.1154";"-51.56592";"-38.51843";"-298.9288";"-71.11591";"-37.18475"
"12270.59";"-221.1132";"-51.54034";"-38.51843";"-298.9288";"-71.10699";"-37.18927";"-221.1132";"-51.54034";"-38.51843";"-298.9288";"-71.10699";"-37.18927"
"12278.93";"-221.0974";"-51.51624";"-38.51843";"-298.9288";"-71.0838";"-37.19806";"-221.0974";"-51.51624";"-38.51843";"-298.9288";"-71.0838";"-37.19806"
"12287.28";"-221.07";"-51.50891";"-38.51843";"-298.9288";"-71.06366";"-37.20825";"-221.07";"-51.50891";"-38.51843";"-298.9288";"-71.06366";"-37.20825"
"12295.62";"-221.0435";"-51.51447";"-38.51843";"-298.9288";"-71.06342";"-37.22107";"-221.0435";"-51.51447";"-38.51843";"-298.9288";"-71.06342";"-37.22107"
"12303.96";"-220.9965";"-51.47675";"-38.51843";"-298.9288";"-71.01953";"-37.22217";"-220.9965";"-51.47675";"-38.51843";"-298.9288";"-71.01953";"-37.22217"
"12312.3";"-220.9694";"-51.47156";"-38.51843";"-298.9288";"-71.0047";"-37.22919";"-220.9694";"-51.47156";"-38.51843";"-298.9288";"-71.0047";"-37.22919"
"12320.64";"-220.9184";"-51.47479";"-38.51843";"-298.9288";"-70.97626";"-37.24115";"-220.9184";"-51.47479";"-38.51843";"-298.9288";"-70.97626";"-37.24115"
"12328.98";"-220.9";"-51.466";"-38.51843";"-298.9288";"-70.94708";"-37.25183";"-220.9";"-51.466";"-38.51843";"-298.9288";"-70.94708";"-37.25183"
"12337.33";"-220.8949";"-51.44055";"-38.51843";"-298.9288";"-70.93469";"-37.24335";"-220.8949";"-51.44055";"-38.51843";"-298.9288";"-70.93469";"-37.24335"
"12345.67";"-220.8647";"-51.42615";"-38.51843";"-298.9288";"-70.90924";"-37.2373";"-220.8647";"-51.42615";"-38.51843";"-298.9288";"-70.90924";"-37.2373"
"12354.01";"-220.8582";"-51.40222";"-38.51843";"-298.9288";"-70.89203";"-37.25385";"-220.8582";"-51.40222";"-38.51843";"-298.9288";"-70.89203";"-37.25385"
"12362.35";"-220.8275";"-51.40277";"-38.51843";"-298.9288";"-70.85437";"-37.26569";"-220.8275";"-51.40277";"-38.51843";"-298.9288";"-70.85437";"-37.26569"
"12370.69";"-220.8145";"-51.3598";"-38.51843";"-298.9288";"-70.8316";"-37.26636";"-220.8145";"-51.3598";"-38.51843";"-298.9288";"-70.8316";"-37.26636"
"12379.03";"-220.798";"-51.36169";"-38.51843";"-298.9288";"-70.82184";"-37.2934";"-220.798";"-51.36169";"-38.51843";"-298.9288";"-70.82184";"-37.2934"
"12387.38";"-220.793";"-51.36584";"-38.51843";"-298.9288";"-70.81226";"-37.28357";"-220.793";"-51.36584";"-38.51843";"-298.9288";"-70.81226";"-37.28357"
"12395.72";"-220.7842";"-51.34766";"-38.51843";"-298.9288";"-70.78448";"-37.31238";"-220.7842";"-51.34766";"-38.51843";"-298.9288";"-70.78448";"-37.31238"
"12404.06";"-220.7416";"-51.3255";"-38.51843";"-298.9288";"-70.77472";"-37.30719";"-220.7416";"-51.3255";"-38.51843";"-298.9288";"-70.77472";"-37.30719"
"12412.4";"-220.7319";"-51.31244";"-38.51843";"-298.9288";"-70.7403";"-37.31366";"-220.7319";"-51.31244";"-38.51843";"-298.9288";"-70.7403";"-37.31366"
"12420.74";"-220.6786";"-51.31641";"-38.51843";"-298.9288";"-70.71875";"-37.32672";"-220.6786";"-51.31641";"-38.51843";"-298.9288";"-70.71875";"-37.32672"
"12429.08";"-220.662";"-51.29718";"-38.51843";"-298.9288";"-70.68799";"-37.33044";"-220.662";"-51.29718";"-38.51843";"-298.9288";"-70.68799";"-37.33044"
"12437.42";"-220.6346";"-51.30914";"-38.51843";"-298.9288";"-70.67059";"-37.34863";"-220.6346";"-51.30914";"-38.51843";"-298.9288";"-70.67059";"-37.34863"
"12445.77";"-220.6108";"-51.29736";"-38.51843";"-298.9288";"-70.65167";"-37.3598";"-220.6108";"-51.29736";"-38.51843";"-298.9288";"-70.65167";"-37.3598"
"12454.11";"-220.5811";"-51.27588";"-38.51843";"-298.9288";"-70.62067";"-37.35852";"-220.5811";"-51.27588";"-38.51843";"-298.9288";"-70.62067";"-37.35852"
"12462.45";"-220.5571";"-51.26447";"-38.51843";"-298.9288";"-70.5835";"-37.3515";"-220.5571";"-51.26447";"-38.51843";"-298.9288";"-70.5835";"-37.3515"
"12470.79";"-220.5271";"-51.26349";"-38.51843";"-298.9288";"-70.58417";"-37.37042";"-220.5271";"-51.26349";"-38.51843";"-298.9288";"-70.58417";"-37.37042"
"12479.13";"-220.4956";"-51.18866";"-38.51843";"-298.9288";"-70.55084";"-37.37268";"-220.4956";"-51.18866";"-38.51843";"-298.9288";"-70.55084";"-37.37268"
"12487.47";"-220.4861";"-51.16193";"-38.51843";"-298.9288";"-70.53821";"-37.40265";"-220.4861";"-51.16193";"-38.51843";"-298.9288";"-70.53821";"-37.40265"
"12495.82";"-220.4717";"-51.15424";"-38.51843";"-298.9288";"-70.52917";"-37.40662";"-220.4717";"-51.15424";"-38.51843";"-298.9288";"-70.52917";"-37.40662"
"12504.16";"-220.4552";"-51.1416";"-38.51843";"-298.9288";"-70.48413";"-37.42822";"-220.4552";"-51.1416";"-38.51843";"-298.9288";"-70.48413";"-37.42822"
"12512.5";"-220.4411";"-51.1167";"-38.51843";"-298.9288";"-70.43384";"-37.42456";"-220.4411";"-51.1167";"-38.51843";"-298.9288";"-70.43384";"-37.42456"
"12520.84";"-220.4063";"-51.11835";"-38.51843";"-298.9288";"-70.44452";"-37.44196";"-220.4063";"-51.11835";"-38.51843";"-298.9288";"-70.44452";"-37.44196"
"12529.18";"-220.3857";"-51.10046";"-38.51843";"-298.9288";"-70.39459";"-37.44989";"-220.3857";"-51.10046";"-38.51843";"-298.9288";"-70.39459";"-37.44989"
"12537.53";"-220.3594";"-51.09027";"-38.51843";"-298.9288";"-70.36334";"-37.47565";"-220.3594";"-51.09027";"-38.51843";"-298.9288";"-70.36334";"-37.47565"
"12545.87";"-220.3044";"-51.0575";"-38.51843";"-298.9288";"-70.30847";"-37.46533";"-220.3044";"-51.0575";"-38.51843";"-298.9288";"-70.30847";"-37.46533"
"12554.21";"-220.311";"-51.06976";"-38.51843";"-298.9288";"-70.30261";"-37.49768";"-220.311";"-51.06976";"-38.51843";"-298.9288";"-70.30261";"-37.49768"
"12562.55";"-220.2954";"-51.05005";"-38.51843";"-298.9288";"-70.28076";"-37.49493";"-220.2954";"-51.05005";"-38.51843";"-298.9288";"-70.28076";"-37.49493"
"12570.89";"-220.2848";"-51.03918";"-38.51843";"-298.9288";"-70.23334";"-37.51428";"-220.2848";"-51.03918";"-38.51843";"-298.9288";"-70.23334";"-37.51428"
"12579.23";"-220.2607";"-51.02948";"-38.51843";"-298.9288";"-70.2149";"-37.52893";"-220.2607";"-51.02948";"-38.51843";"-298.9288";"-70.2149";"-37.52893"
"12587.58";"-220.2523";"-51.01672";"-38.51843";"-298.9288";"-70.18298";"-37.52521";"-220.2523";"-51.01672";"-38.51843";"-298.9288";"-70.18298";"-37.52521"
"12595.92";"-220.232";"-50.99567";"-38.51843";"-298.9288";"-70.17523";"-37.51709";"-220.232";"-50.99567";"-38.51843";"-298.9288";"-70.17523";"-37.51709"
"12604.26";"-220.2093";"-50.98938";"-38.51843";"-298.9288";"-70.14758";"-37.52039";"-220.2093";"-50.98938";"-38.51843";"-298.9288";"-70.14758";"-37.52039"
"12612.6";"-220.1985";"-50.98547";"-38.51843";"-298.9288";"-70.12537";"-37.5368";"-220.1985";"-50.98547";"-38.51843";"-298.9288";"-70.12537";"-37.5368"
"12620.94";"-220.1633";"-50.96863";"-38.51843";"-298.9288";"-70.10504";"-37.55127";"-220.1633";"-50.96863";"-38.51843";"-298.9288";"-70.10504";"-37.55127"
"12629.28";"-220.163";"-50.9613";"-38.51843";"-298.9288";"-70.08472";"-37.57782";"-220.163";"-50.9613";"-38.51843";"-298.9288";"-70.08472";"-37.57782"
"12637.63";"-220.1386";"-50.93988";"-38.51843";"-298.9288";"-70.06848";"-37.61469";"-220.1386";"-50.93988";"-38.51843";"-298.9288";"-70.06848";"-37.61469"
"12645.97";"-220.1215";"-50.93549";"-38.51843";"-298.9288";"-70.0434";"-37.6145";"-220.1215";"-50.93549";"-38.51843";"-298.9288";"-70.0434";"-37.6145"
"12654.31";"-220.0899";"-50.93396";"-38.51843";"-298.9288";"-70.00488";"-37.62244";"-220.0899";"-50.93396";"-38.51843";"-298.9288";"-70.00488";"-37.62244"
"12662.65";"-220.0889";"-50.90918";"-38.51843";"-298.9288";"-70.01776";"-37.6507";"-220.0889";"-50.90918";"-38.51843";"-298.9288";"-70.01776";"-37.6507"
"12670.99";"-220.0669";"-50.90826";"-38.51843";"-298.9288";"-69.98444";"-37.63098";"-220.0669";"-50.90826";"-38.51843";"-298.9288";"-69.98444";"-37.63098"
"12679.33";"-220.052";"-50.8949";"-38.51843";"-298.9288";"-69.96167";"-37.66284";"-220.052";"-50.8949";"-38.51843";"-298.9288";"-69.96167";"-37.66284"
"12687.67";"-220.0203";"-50.8894";"-38.51843";"-298.9288";"-69.93829";"-37.66998";"-220.0203";"-50.8894";"-38.51843";"-298.9288";"-69.93829";"-37.66998"
"12696.02";"-220.0156";"-50.87268";"-38.51843";"-298.9288";"-69.91754";"-37.65717";"-220.0156";"-50.87268";"-38.51843";"-298.9288";"-69.91754";"-37.65717"
"12704.36";"-219.9803";"-50.84277";"-38.51843";"-298.9288";"-69.90082";"-37.67407";"-219.9803";"-50.84277";"-38.51843";"-298.9288";"-69.90082";"-37.67407"
"12712.7";"-219.9747";"-50.84076";"-38.51843";"-298.9288";"-69.87128";"-37.68591";"-219.9747";"-50.84076";"-38.51843";"-298.9288";"-69.87128";"-37.68591"
"12721.04";"-219.9592";"-50.82111";"-38.51843";"-298.9288";"-69.86261";"-37.6925";"-219.9592";"-50.82111";"-38.51843";"-298.9288";"-69.86261";"-37.6925"
"12729.38";"-219.938";"-50.82318";"-38.51843";"-298.9288";"-69.83093";"-37.69421";"-219.938";"-50.82318";"-38.51843";"-298.9288";"-69.83093";"-37.69421"
"12737.72";"-219.882";"-50.81641";"-38.51843";"-298.9288";"-69.82513";"-37.73694";"-219.882";"-50.81641";"-38.51843";"-298.9288";"-69.82513";"-37.73694"
"12746.07";"-219.8753";"-50.81036";"-38.51843";"-298.9288";"-69.79614";"-37.73511";"-219.8753";"-50.81036";"-38.51843";"-298.9288";"-69.79614";"-37.73511"
"12754.41";"-219.852";"-50.78778";"-38.51843";"-298.9288";"-69.76013";"-37.74176";"-219.852";"-50.78778";"-38.51843";"-298.9288";"-69.76013";"-37.74176"
"12762.75";"-219.8427";"-50.78638";"-38.51843";"-298.9288";"-69.75323";"-37.7572";"-219.8427";"-50.78638";"-38.51843";"-298.9288";"-69.75323";"-37.7572"
"12771.09";"-219.8261";"-50.75562";"-38.51843";"-298.9288";"-69.74316";"-37.76855";"-219.8261";"-50.75562";"-38.51843";"-298.9288";"-69.74316";"-37.76855"
"12779.43";"-219.8129";"-50.75018";"-38.51843";"-298.9288";"-69.73529";"-37.7785";"-219.8129";"-50.75018";"-38.51843";"-298.9288";"-69.73529";"-37.7785"
"12787.78";"-219.8065";"-50.72174";"-38.51843";"-298.9288";"-69.67401";"-37.79602";"-219.8065";"-50.72174";"-38.51843";"-298.9288";"-69.67401";"-37.79602"
"12796.12";"-219.78";"-50.7254";"-38.51843";"-298.9288";"-69.65454";"-37.79285";"-219.78";"-50.7254";"-38.51843";"-298.9288";"-69.65454";"-37.79285"
"12804.46";"-219.7643";"-50.70441";"-38.51843";"-298.9288";"-69.62653";"-37.8111";"-219.7643";"-50.70441";"-38.51843";"-298.9288";"-69.62653";"-37.8111"
"12812.8";"-219.734";"-50.70306";"-38.51843";"-298.9288";"-69.60864";"-37.8205";"-219.734";"-50.70306";"-38.51843";"-298.9288";"-69.60864";"-37.8205"
"12821.14";"-219.7089";"-50.68829";"-38.51843";"-298.9288";"-69.56635";"-37.83179";"-219.7089";"-50.68829";"-38.51843";"-298.9288";"-69.56635";"-37.83179"
"12829.48";"-219.6936";"-50.68988";"-38.51843";"-298.9288";"-69.5705";"-37.85144";"-219.6936";"-50.68988";"-38.51843";"-298.9288";"-69.5705";"-37.85144"
"12837.83";"-219.6572";"-50.66711";"-38.51843";"-298.9288";"-69.53278";"-37.85565";"-219.6572";"-50.66711";"-38.51843";"-298.9288";"-69.53278";"-37.85565"
"12846.17";"-219.6401";"-50.66052";"-38.51843";"-298.9288";"-69.50391";"-37.86761";"-219.6401";"-50.66052";"-38.51843";"-298.9288";"-69.50391";"-37.86761"
"12854.51";"-219.6266";"-50.65497";"-38.51843";"-298.9288";"-69.46942";"-37.883";"-219.6266";"-50.65497";"-38.51843";"-298.9288";"-69.46942";"-37.883"
"12862.85";"-219.6254";"-50.64813";"-38.51843";"-298.9288";"-69.43115";"-37.89294";"-219.6254";"-50.64813";"-38.51843";"-298.9288";"-69.43115";"-37.89294"
"12871.19";"-219.5598";"-50.63812";"-38.51843";"-298.9288";"-69.45984";"-37.90613";"-219.5598";"-50.63812";"-38.51843";"-298.9288";"-69.45984";"-37.90613"
"12879.53";"-219.5535";"-50.60815";"-38.51843";"-298.9288";"-69.42157";"-37.92633";"-219.5535";"-50.60815";"-38.51843";"-298.9288";"-69.42157";"-37.92633"
"12887.88";"-219.5248";"-50.59363";"-38.51843";"-298.9288";"-69.40771";"-37.91302";"-219.5248";"-50.59363";"-38.51843";"-298.9288";"-69.40771";"-37.91302"
"12896.22";"-219.5344";"-50.58801";"-38.51843";"-298.9288";"-69.38361";"-37.91846";"-219.5344";"-50.58801";"-38.51843";"-298.9288";"-69.38361";"-37.91846"
"12904.56";"-219.3672";"-50.46362";"-38.51843";"-298.9288";"-69.31897";"-37.94012";"-219.3672";"-50.46362";"-38.51843";"-298.9288";"-69.31897";"-37.94012"
"12912.9";"-219.3699";"-50.45355";"-38.51843";"-298.9288";"-69.31335";"-37.94788";"-219.3699";"-50.45355";"-38.51843";"-298.9288";"-69.31335";"-37.94788"
"12921.24";"-219.3701";"-50.44025";"-38.51843";"-298.9288";"-69.2951";"-37.96674";"-219.3701";"-50.44025";"-38.51843";"-298.9288";"-69.2951";"-37.96674"
"12929.58";"-219.3481";"-50.41736";"-38.51843";"-298.9288";"-69.2832";"-37.98059";"-219.3481";"-50.41736";"-38.51843";"-298.9288";"-69.2832";"-37.98059"
"12937.92";"-219.3118";"-50.41998";"-38.51843";"-298.9288";"-69.24963";"-37.98645";"-219.3118";"-50.41998";"-38.51843";"-298.9288";"-69.24963";"-37.98645"
"12946.27";"-219.2985";"-50.40015";"-38.51843";"-298.9288";"-69.24103";"-37.99683";"-219.2985";"-50.40015";"-38.51843";"-298.9288";"-69.24103";"-37.99683"
"12954.61";"-219.2897";"-50.38892";"-38.51843";"-298.9288";"-69.18597";"-37.99323";"-219.2897";"-50.38892";"-38.51843";"-298.9288";"-69.18597";"-37.99323"
"12962.95";"-219.2628";"-50.37079";"-38.51843";"-298.9288";"-69.17285";"-37.9986";"-219.2628";"-50.37079";"-38.51843";"-298.9288";"-69.17285";"-37.9986"
"12971.29";"-219.2379";"-50.35712";"-38.51843";"-298.9288";"-69.15198";"-38.0116";"-219.2379";"-50.35712";"-38.51843";"-298.9288";"-69.15198";"-38.0116"
"12979.63";"-219.2275";"-50.33905";"-38.51843";"-298.9288";"-69.11945";"-38.01099";"-219.2275";"-50.33905";"-38.51843";"-298.9288";"-69.11945";"-38.01099"
"12987.97";"-219.2158";"-50.33746";"-38.51843";"-298.9288";"-69.11267";"-38.03668";"-219.2158";"-50.33746";"-38.51843";"-298.9288";"-69.11267";"-38.03668"
"12996.32";"-219.1954";"-50.32867";"-38.51843";"-298.9288";"-69.09369";"-38.03778";"-219.1954";"-50.32867";"-38.51843";"-298.9288";"-69.09369";"-38.03778"
"13004.66";"-219.1614";"-50.27216";"-38.51843";"-298.9288";"-69.05475";"-38.06012";"-219.1614";"-50.27216";"-38.51843";"-298.9288";"-69.05475";"-38.06012"
"13013";"-219.1689";"-50.26892";"-38.51843";"-298.9288";"-69.05225";"-38.07458";"-219.1689";"-50.26892";"-38.51843";"-298.9288";"-69.05225";"-38.07458"
"13021.34";"-219.1423";"-50.26526";"-38.51843";"-298.9288";"-69.02588";"-38.06696";"-219.1423";"-50.26526";"-38.51843";"-298.9288";"-69.02588";"-38.06696"
"13029.68";"-219.1151";"-50.24512";"-38.51843";"-298.9288";"-69.01331";"-38.06238";"-219.1151";"-50.24512";"-38.51843";"-298.9288";"-69.01331";"-38.06238"
"13038.03";"-219.0944";"-50.24017";"-38.51843";"-298.9288";"-68.99347";"-38.08411";"-219.0944";"-50.24017";"-38.51843";"-298.9288";"-68.99347";"-38.08411"
"13046.37";"-219.0728";"-50.22345";"-38.51843";"-298.9288";"-68.95593";"-38.0976";"-219.0728";"-50.22345";"-38.51843";"-298.9288";"-68.95593";"-38.0976"
"13054.71";"-219.0068";"-50.20386";"-38.51843";"-298.9288";"-68.91095";"-38.10669";"-219.0068";"-50.20386";"-38.51843";"-298.9288";"-68.91095";"-38.10669"
"13063.05";"-218.9962";"-50.20074";"-38.51843";"-298.9288";"-68.89948";"-38.11041";"-218.9962";"-50.20074";"-38.51843";"-298.9288";"-68.89948";"-38.11041"
"13071.39";"-218.9938";"-50.19165";"-38.51843";"-298.9288";"-68.88922";"-38.11902";"-218.9938";"-50.19165";"-38.51843";"-298.9288";"-68.88922";"-38.11902"
"13079.73";"-218.9686";"-50.1839";"-38.51843";"-298.9288";"-68.8844";"-38.12189";"-218.9686";"-50.1839";"-38.51843";"-298.9288";"-68.8844";"-38.12189"
"13088.08";"-218.9542";"-50.17834";"-38.51843";"-298.9288";"-68.8595";"-38.13623";"-218.9542";"-50.17834";"-38.51843";"-298.9288";"-68.8595";"-38.13623"
"13096.42";"-218.9463";"-50.15448";"-38.51843";"-298.9288";"-68.84149";"-38.12927";"-218.9463";"-50.15448";"-38.51843";"-298.9288";"-68.84149";"-38.12927"
"13104.76";"-218.9252";"-50.14313";"-38.51843";"-298.9288";"-68.80157";"-38.13666";"-218.9252";"-50.14313";"-38.51843";"-298.9288";"-68.80157";"-38.13666"
"13113.1";"-218.8971";"-50.13654";"-38.51843";"-298.9288";"-68.79956";"-38.15155";"-218.8971";"-50.13654";"-38.51843";"-298.9288";"-68.79956";"-38.15155"
"13121.44";"-218.8766";"-50.11542";"-38.51843";"-298.9288";"-68.75848";"-38.15912";"-218.8766";"-50.11542";"-38.51843";"-298.9288";"-68.75848";"-38.15912"
"13129.78";"-218.8633";"-50.11859";"-38.51843";"-298.9288";"-68.73773";"-38.16803";"-218.8633";"-50.11859";"-38.51843";"-298.9288";"-68.73773";"-38.16803"
"13138.13";"-218.8707";"-50.10223";"-38.51843";"-298.9288";"-68.72119";"-38.18158";"-218.8707";"-50.10223";"-38.51843";"-298.9288";"-68.72119";"-38.18158"
"13146.47";"-218.8522";"-50.09125";"-38.51843";"-298.9288";"-68.72046";"-38.18378";"-218.8522";"-50.09125";"-38.51843";"-298.9288";"-68.72046";"-38.18378"
"13154.81";"-218.8206";"-50.07928";"-38.51843";"-298.9288";"-68.67896";"-38.19641";"-218.8206";"-50.07928";"-38.51843";"-298.9288";"-68.67896";"-38.19641"
"13163.15";"-218.805";"-50.06653";"-38.51843";"-298.9288";"-68.66809";"-38.19379";"-218.805";"-50.06653";"-38.51843";"-298.9288";"-68.66809";"-38.19379"
"13171.49";"-218.7833";"-50.06702";"-38.51843";"-298.9288";"-68.65479";"-38.22272";"-218.7833";"-50.06702";"-38.51843";"-298.9288";"-68.65479";"-38.22272"
"13179.83";"-218.7586";"-50.05011";"-38.51843";"-298.9288";"-68.62946";"-38.22333";"-218.7586";"-50.05011";"-38.51843";"-298.9288";"-68.62946";"-38.22333"
"13188.17";"-218.7468";"-50.04144";"-38.51843";"-298.9288";"-68.61731";"-38.23553";"-218.7468";"-50.04144";"-38.51843";"-298.9288";"-68.61731";"-38.23553"
"13196.52";"-218.7366";"-50.03516";"-38.51843";"-298.9288";"-68.57239";"-38.25079";"-218.7366";"-50.03516";"-38.51843";"-298.9288";"-68.57239";"-38.25079"
"13204.86";"-218.6937";"-50.01569";"-38.51843";"-298.9288";"-68.5351";"-38.26801";"-218.6937";"-50.01569";"-38.51843";"-298.9288";"-68.5351";"-38.26801"
"13213.2";"-218.6808";"-50.00684";"-38.51843";"-298.9288";"-68.5011";"-38.28235";"-218.6808";"-50.00684";"-38.51843";"-298.9288";"-68.5011";"-38.28235"
"13221.54";"-218.6465";"-49.97913";"-38.51843";"-298.9288";"-68.51746";"-38.28467";"-218.6465";"-49.97913";"-38.51843";"-298.9288";"-68.51746";"-38.28467"
"13229.88";"-218.6426";"-49.97546";"-38.51843";"-298.9288";"-68.48553";"-38.3186";"-218.6426";"-49.97546";"-38.51843";"-298.9288";"-68.48553";"-38.3186"
"13238.22";"-218.6094";"-49.9632";"-38.51843";"-298.9288";"-68.45856";"-38.32489";"-218.6094";"-49.9632";"-38.51843";"-298.9288";"-68.45856";"-38.32489"
"13246.57";"-218.5896";"-49.94507";"-38.51843";"-298.9288";"-68.4328";"-38.34314";"-218.5896";"-49.94507";"-38.51843";"-298.9288";"-68.4328";"-38.34314"
"13254.91";"-218.5621";"-49.94818";"-38.51843";"-298.9288";"-68.39789";"-38.35382";"-218.5621";"-49.94818";"-38.51843";"-298.9288";"-68.39789";"-38.35382"
"13263.25";"-218.524";"-49.92957";"-38.51843";"-298.9288";"-68.37024";"-38.36151";"-218.524";"-49.92957";"-38.51843";"-298.9288";"-68.37024";"-38.36151"
"13271.59";"-218.5351";"-49.91449";"-38.51843";"-298.9288";"-68.34558";"-38.37518";"-218.5351";"-49.91449";"-38.51843";"-298.9288";"-68.34558";"-38.37518"
"13279.93";"-218.5266";"-49.89667";"-38.51843";"-298.9288";"-68.33636";"-38.38086";"-218.5266";"-49.89667";"-38.51843";"-298.9288";"-68.33636";"-38.38086"
"13288.28";"-218.4851";"-49.81171";"-38.51843";"-298.9288";"-68.26849";"-38.38733";"-218.4851";"-49.81171";"-38.51843";"-298.9288";"-68.26849";"-38.38733"
"13296.62";"-218.4754";"-49.80853";"-38.51843";"-298.9288";"-68.26031";"-38.39124";"-218.4754";"-49.80853";"-38.51843";"-298.9288";"-68.26031";"-38.39124"
"13304.96";"-218.4528";"-49.78949";"-38.51843";"-298.9288";"-68.25275";"-38.41461";"-218.4528";"-49.78949";"-38.51843";"-298.9288";"-68.25275";"-38.41461"
"13313.3";"-218.4441";"-49.77209";"-38.51843";"-298.9288";"-68.22504";"-38.42603";"-218.4441";"-49.77209";"-38.51843";"-298.9288";"-68.22504";"-38.42603"
"13321.64";"-218.3941";"-49.75629";"-38.51843";"-298.9288";"-68.18768";"-38.41321";"-218.3941";"-49.75629";"-38.51843";"-298.9288";"-68.18768";"-38.41321"
"13329.98";"-218.379";"-49.72998";"-38.51843";"-298.9288";"-68.15314";"-38.44238";"-218.379";"-49.72998";"-38.51843";"-298.9288";"-68.15314";"-38.44238"
"13338.33";"-218.3516";"-49.72302";"-38.51843";"-298.9288";"-68.14734";"-38.44244";"-218.3516";"-49.72302";"-38.51843";"-298.9288";"-68.14734";"-38.44244"
"13346.67";"-218.3356";"-49.72485";"-38.51843";"-298.9288";"-68.12225";"-38.45551";"-218.3356";"-49.72485";"-38.51843";"-298.9288";"-68.12225";"-38.45551"
"13355.01";"-218.3267";"-49.71735";"-38.51843";"-298.9288";"-68.08679";"-38.48004";"-218.3267";"-49.71735";"-38.51843";"-298.9288";"-68.08679";"-38.48004"
"13363.35";"-218.3036";"-49.70245";"-38.51843";"-298.9288";"-68.07111";"-38.49554";"-218.3036";"-49.70245";"-38.51843";"-298.9288";"-68.07111";"-38.49554"
"13371.69";"-218.2694";"-49.67865";"-38.51843";"-298.9288";"-68.01782";"-38.50085";"-218.2694";"-49.67865";"-38.51843";"-298.9288";"-68.01782";"-38.50085"
"13380.03";"-218.2488";"-49.68353";"-38.51843";"-298.9288";"-67.99402";"-38.51892";"-218.2488";"-49.68353";"-38.51843";"-298.9288";"-67.99402";"-38.51892"
"13388.38";"-218.235";"-49.66217";"-38.51843";"-298.9288";"-67.95239";"-38.54926";"-218.235";"-49.66217";"-38.51843";"-298.9288";"-67.95239";"-38.54926"
"13396.72";"-218.2231";"-49.65027";"-38.51843";"-298.9288";"-67.93964";"-38.56042";"-218.2231";"-49.65027";"-38.51843";"-298.9288";"-67.93964";"-38.56042"
"13405.06";"-218.1855";"-49.54852";"-38.51843";"-298.9288";"-67.92041";"-38.56366";"-218.1855";"-49.54852";"-38.51843";"-298.9288";"-67.92041";"-38.56366"
"13413.4";"-218.1716";"-49.55109";"-38.51843";"-298.9288";"-67.91339";"-38.58234";"-218.1716";"-49.55109";"-38.51843";"-298.9288";"-67.91339";"-38.58234"
"13421.74";"-218.1626";"-49.5423";"-38.51843";"-298.9288";"-67.86267";"-38.58374";"-218.1626";"-49.5423";"-38.51843";"-298.9288";"-67.86267";"-38.58374"
"13430.08";"-218.1526";"-49.54047";"-38.51843";"-298.9288";"-67.86578";"-38.61237";"-218.1526";"-49.54047";"-38.51843";"-298.9288";"-67.86578";"-38.61237"
"13438.42";"-218.1294";"-49.53705";"-38.51843";"-298.9288";"-67.8454";"-38.62097";"-218.1294";"-49.53705";"-38.51843";"-298.9288";"-67.8454";"-38.62097"
"13446.77";"-218.1162";"-49.53876";"-38.51843";"-298.9288";"-67.82318";"-38.63452";"-218.1162";"-49.53876";"-38.51843";"-298.9288";"-67.82318";"-38.63452"
"13455.11";"-218.1011";"-49.53259";"-38.51843";"-298.9288";"-67.81787";"-38.63556";"-218.1011";"-49.53259";"-38.51843";"-298.9288";"-67.81787";"-38.63556"
"13463.45";"-218.0908";"-49.53058";"-38.51843";"-298.9288";"-67.78149";"-38.65051";"-218.0908";"-49.53058";"-38.51843";"-298.9288";"-67.78149";"-38.65051"
"13471.79";"-218.0736";"-49.53564";"-38.51843";"-298.9288";"-67.76611";"-38.66846";"-218.0736";"-49.53564";"-38.51843";"-298.9288";"-67.76611";"-38.66846"
"13480.13";"-218.0573";"-49.51563";"-38.51843";"-298.9288";"-67.75635";"-38.67206";"-218.0573";"-49.51563";"-38.51843";"-298.9288";"-67.75635";"-38.67206"
"13488.47";"-218.0179";"-49.51385";"-38.51843";"-298.9288";"-67.70984";"-38.67456";"-218.0179";"-49.51385";"-38.51843";"-298.9288";"-67.70984";"-38.67456"
"13496.82";"-217.9129";"-49.4762";"-38.51843";"-298.9288";"-67.71228";"-38.67987";"-217.9129";"-49.4762";"-38.51843";"-298.9288";"-67.71228";"-38.67987"
"13505.16";"-217.9144";"-49.47913";"-38.51843";"-298.9288";"-67.67224";"-38.71588";"-217.9144";"-49.47913";"-38.51843";"-298.9288";"-67.67224";"-38.71588"
"13513.5";"-217.8983";"-49.46552";"-38.51843";"-298.9288";"-67.67236";"-38.7312";"-217.8983";"-49.46552";"-38.51843";"-298.9288";"-67.67236";"-38.7312"
"13521.84";"-217.8705";"-49.45282";"-38.51843";"-298.9288";"-67.62878";"-38.73969";"-217.8705";"-49.45282";"-38.51843";"-298.9288";"-67.62878";"-38.73969"
"13530.18";"-217.8416";"-49.43555";"-38.51843";"-298.9288";"-67.60803";"-38.74817";"-217.8416";"-49.43555";"-38.51843";"-298.9288";"-67.60803";"-38.74817"
"13538.53";"-217.8333";"-49.42743";"-38.51843";"-298.9288";"-67.58118";"-38.76947";"-217.8333";"-49.42743";"-38.51843";"-298.9288";"-67.58118";"-38.76947"
"13546.87";"-217.7462";"-49.35602";"-38.51843";"-298.9288";"-67.53925";"-38.78729";"-217.7462";"-49.35602";"-38.51843";"-298.9288";"-67.53925";"-38.78729"
"13555.21";"-217.7477";"-49.36523";"-38.51843";"-298.9288";"-67.52673";"-38.7937";"-217.7477";"-49.36523";"-38.51843";"-298.9288";"-67.52673";"-38.7937"
"13563.55";"-217.7465";"-49.35516";"-38.51843";"-298.9288";"-67.51312";"-38.802";"-217.7465";"-49.35516";"-38.51843";"-298.9288";"-67.51312";"-38.802"
"13571.89";"-217.7437";"-49.35931";"-38.51843";"-298.9288";"-67.48218";"-38.85254";"-217.7437";"-49.35931";"-38.51843";"-298.9288";"-67.48218";"-38.85254"
"13580.23";"-217.7221";"-49.34015";"-38.51843";"-298.9288";"-67.46844";"-38.85883";"-217.7221";"-49.34015";"-38.51843";"-298.9288";"-67.46844";"-38.85883"
"13588.58";"-217.7004";"-49.33368";"-38.51843";"-298.9288";"-67.44043";"-38.87518";"-217.7004";"-49.33368";"-38.51843";"-298.9288";"-67.44043";"-38.87518"
"13596.92";"-217.6876";"-49.31409";"-38.51843";"-298.9288";"-67.43872";"-38.87665";"-217.6876";"-49.31409";"-38.51843";"-298.9288";"-67.43872";"-38.87665"
"13605.26";"-217.6738";"-49.31854";"-38.51843";"-298.9288";"-67.39441";"-38.86926";"-217.6738";"-49.31854";"-38.51843";"-298.9288";"-67.39441";"-38.86926"
"13613.6";"-217.6531";"-49.29449";"-38.51843";"-298.9288";"-67.362";"-38.89313";"-217.6531";"-49.29449";"-38.51843";"-298.9288";"-67.362";"-38.89313"
"13621.94";"-217.6338";"-49.29211";"-38.51843";"-298.9288";"-67.33826";"-38.91321";"-217.6338";"-49.29211";"-38.51843";"-298.9288";"-67.33826";"-38.91321"
"13630.28";"-217.6064";"-49.28033";"-38.51843";"-298.9288";"-67.32019";"-38.9223";"-217.6064";"-49.28033";"-38.51843";"-298.9288";"-67.32019";"-38.9223"
"13638.63";"-217.5867";"-49.26483";"-38.51843";"-298.9288";"-67.29987";"-38.9198";"-217.5867";"-49.26483";"-38.51843";"-298.9288";"-67.29987";"-38.9198"
"13646.97";"-217.574";"-49.26196";"-38.51843";"-298.9288";"-67.27728";"-38.93335";"-217.574";"-49.26196";"-38.51843";"-298.9288";"-67.27728";"-38.93335"
"13655.31";"-217.561";"-49.23694";"-38.51843";"-298.9288";"-67.2464";"-38.94562";"-217.561";"-49.23694";"-38.51843";"-298.9288";"-67.2464";"-38.94562"
"13663.65";"-217.554";"-49.22156";"-38.51843";"-298.9288";"-67.22363";"-38.94873";"-217.554";"-49.22156";"-38.51843";"-298.9288";"-67.22363";"-38.94873"
"13671.99";"-217.5311";"-49.2157";"-38.51843";"-298.9288";"-67.19189";"-38.96741";"-217.5311";"-49.2157";"-38.51843";"-298.9288";"-67.19189";"-38.96741"
"13680.33";"-217.5091";"-49.20538";"-38.51843";"-298.9288";"-67.16962";"-38.96582";"-217.5091";"-49.20538";"-38.51843";"-298.9288";"-67.16962";"-38.96582"
"13688.67";"-217.4938";"-49.10895";"-38.51843";"-298.9288";"-67.15845";"-38.99878";"-217.4938";"-49.10895";"-38.51843";"-298.9288";"-67.15845";"-38.99878"
"13697.02";"-217.4929";"-49.09528";"-38.51843";"-298.9288";"-67.12299";"-39.00031";"-217.4929";"-49.09528";"-38.51843";"-298.9288";"-67.12299";"-39.00031"
"13705.36";"-217.4672";"-49.10199";"-38.51843";"-298.9288";"-67.10547";"-39.00629";"-217.4672";"-49.10199";"-38.51843";"-298.9288";"-67.10547";"-39.00629"
"13713.7";"-217.423";"-49.08429";"-38.51843";"-298.9288";"-67.08447";"-39.01788";"-217.423";"-49.08429";"-38.51843";"-298.9288";"-67.08447";"-39.01788"
"13722.04";"-217.3961";"-49.05988";"-38.51843";"-298.9288";"-67.07782";"-39.01953";"-217.3961";"-49.05988";"-38.51843";"-298.9288";"-67.07782";"-39.01953"
"13730.38";"-217.3792";"-49.04767";"-38.51843";"-298.9288";"-67.06622";"-39.03046";"-217.3792";"-49.04767";"-38.51843";"-298.9288";"-67.06622";"-39.03046"
"13738.72";"-217.3625";"-49.04895";"-38.51843";"-298.9288";"-67.02179";"-39.04651";"-217.3625";"-49.04895";"-38.51843";"-298.9288";"-67.02179";"-39.04651"
"13747.07";"-217.3411";"-49.04095";"-38.51843";"-298.9288";"-67.02441";"-39.04926";"-217.3411";"-49.04095";"-38.51843";"-298.9288";"-67.02441";"-39.04926"
"13755.41";"-217.3339";"-49.03479";"-38.51843";"-298.9288";"-66.9726";"-39.07111";"-217.3339";"-49.03479";"-38.51843";"-298.9288";"-66.9726";"-39.07111"
"13763.75";"-217.3005";"-49.02283";"-38.51843";"-298.9288";"-66.95251";"-39.07245";"-217.3005";"-49.02283";"-38.51843";"-298.9288";"-66.95251";"-39.07245"
"13772.09";"-217.2773";"-49.00671";"-38.96588";"-298.6677";"-66.96008";"-39.07874";"-217.2773";"-49.00671";"-38.96588";"-298.6677";"-66.96008";"-39.07874"
"13780.43";"-217.2535";"-49";"-38.63422";"-299.3834";"-66.94714";"-39.08588";"-217.2535";"-49";"-38.63422";"-299.3834";"-66.94714";"-39.08588"
"13788.78";"-217.2474";"-48.97925";"-40.26819";"-299.8225";"-66.90613";"-39.09918";"-217.2474";"-48.97925";"-40.26819";"-299.8225";"-66.90613";"-39.09918"
"13797.12";"-217.2222";"-48.97205";"-39.6759";"-298.4858";"-66.90588";"-39.11273";"-217.2222";"-48.97205";"-39.6759";"-298.4858";"-66.90588";"-39.11273"
"13805.46";"-217.2127";"-48.93658";"-40.3963";"-299.2849";"-66.88348";"-39.12042";"-217.2127";"-48.93658";"-40.3963";"-299.2849";"-66.88348";"-39.12042"
"13813.8";"-217.2076";"-48.92804";"-40.53522";"-298.9763";"-66.85461";"-39.12054";"-217.2076";"-48.92804";"-40.53522";"-298.9763";"-66.85461";"-39.12054"
"13822.14";"-217.1711";"-48.9007";"-38.36157";"-298.0748";"-66.84143";"-39.13666";"-217.1711";"-48.9007";"-38.36157";"-298.0748";"-66.84143";"-39.13666"
"13830.48";"-217.1461";"-48.89215";"-39.70581";"-298.3419";"-66.80267";"-39.1615";"-217.1461";"-48.89215";"-39.70581";"-298.3419";"-66.80267";"-39.1615"
"13838.83";"-217.1279";"-48.87762";"-38.1059";"-297.8228";"-66.78314";"-39.17352";"-217.1279";"-48.87762";"-38.1059";"-297.8228";"-66.78314";"-39.17352"
"13847.17";"-217.1008";"-48.86267";"-37.953";"-298.4325";"-66.76892";"-39.16852";"-217.1008";"-48.86267";"-37.953";"-298.4325";"-66.76892";"-39.16852"
"13855.51";"-217.0765";"-48.85779";"-38.20996";"-297.7109";"-66.75616";"-39.19623";"-217.0765";"-48.85779";"-38.20996";"-297.7109";"-66.75616";"-39.19623"
"13863.85";"-217.0589";"-48.85089";"-42";"-300";"-66.73865";"-39.19751";"-217.0589";"-48.85089";"-42";"-300";"-66.73865";"-39.19751"
"13872.19";"-217.0339";"-48.84619";"-38.94537";"-298.8314";"-66.70532";"-39.20465";"-217.0339";"-48.84619";"-38.94537";"-298.8314";"-66.70532";"-39.20465"
"13880.53";"-217.0181";"-48.82214";"-39.33051";"-298.6016";"-66.67981";"-39.21149";"-217.0181";"-48.82214";"-39.33051";"-298.6016";"-66.67981";"-39.21149"
"13888.88";"-217.0001";"-48.75543";"-38.04156";"-299.4904";"-66.66095";"-39.22418";"-217.0001";"-48.75543";"-38.04156";"-299.4904";"-66.66095";"-39.22418"
"13897.22";"-216.9867";"-48.76135";"-40.38422";"-299.0161";"-66.62677";"-39.22852";"-216.9867";"-48.76135";"-40.38422";"-299.0161";"-66.62677";"-39.22852"
"13905.56";"-216.9763";"-48.763";"-39.64569";"-298.1295";"-66.61816";"-39.25049";"-216.9763";"-48.763";"-39.64569";"-298.1295";"-66.61816";"-39.25049"
"13913.9";"-216.9453";"-48.75427";"-40.00342";"-297.9808";"-66.612";"-39.24634";"-216.9453";"-48.75427";"-40.00342";"-297.9808";"-66.612";"-39.24634"
"13922.24";"-216.9221";"-48.74915";"-40.26208";"-299.4557";"-66.55188";"-39.26532";"-216.9221";"-48.74915";"-40.26208";"-299.4557";"-66.55188";"-39.26532"
"13930.58";"-216.8753";"-48.72418";"-37.88721";"-297.6384";"-66.53522";"-39.26501";"-216.8753";"-48.72418";"-37.88721";"-297.6384";"-66.53522";"-39.26501"
"13938.92";"-216.8671";"-48.71912";"-38.83337";"-297.8789";"-66.48462";"-39.27856";"-216.8671";"-48.71912";"-38.83337";"-297.8789";"-66.48462";"-39.27856"
"13947.27";"-216.8475";"-48.71173";"-38.83337";"-297.8789";"-66.45935";"-39.28052";"-216.8475";"-48.71173";"-38.83337";"-297.8789";"-66.45935";"-39.28052"
"13955.61";"-216.809";"-48.698";"-38.83337";"-297.8789";"-66.36914";"-39.29871";"-216.809";"-48.698";"-38.83337";"-297.8789";"-66.36914";"-39.29871"
"13963.95";"-216.7857";"-48.68909";"-38.83337";"-297.8789";"-66.36591";"-39.30109";"-216.7857";"-48.68909";"-38.83337";"-297.8789";"-66.36591";"-39.30109"
"13972.29";"-216.7562";"-48.69556";"-38.83337";"-297.8789";"-66.34796";"-39.33234";"-216.7562";"-48.69556";"-38.83337";"-297.8789";"-66.34796";"-39.33234"
"13980.63";"-216.7377";"-48.69928";"-38.83337";"-297.8789";"-66.32678";"-39.33429";"-216.7377";"-48.69928";"-38.83337";"-297.8789";"-66.32678";"-39.33429"
"13988.97";"-216.7217";"-48.69177";"-38.83337";"-297.8789";"-66.30835";"-39.34503";"-216.7217";"-48.69177";"-38.83337";"-297.8789";"-66.30835";"-39.34503"
"13997.32";"-216.7166";"-48.68298";"-38.83337";"-297.8789";"-66.30615";"-39.34863";"-216.7166";"-48.68298";"-38.83337";"-297.8789";"-66.30615";"-39.34863"
"14005.66";"-216.6781";"-48.64746";"-38.83337";"-297.8789";"-66.28162";"-39.37463";"-216.6781";"-48.64746";"-38.83337";"-297.8789";"-66.28162";"-39.37463"
"14014";"-216.6685";"-48.64185";"-38.83337";"-297.8789";"-66.26501";"-39.37933";"-216.6685";"-48.64185";"-38.83337";"-297.8789";"-66.26501";"-39.37933"
"14022.34";"-216.6281";"-48.62927";"-38.83337";"-297.8789";"-66.2373";"-39.37994";"-216.6281";"-48.62927";"-38.83337";"-297.8789";"-66.2373";"-39.37994"
"14030.68";"-216.6327";"-48.60571";"-38.83337";"-297.8789";"-66.19543";"-39.40906";"-216.6327";"-48.60571";"-38.83337";"-297.8789";"-66.19543";"-39.40906"
"14039.03";"-216.5896";"-48.60388";"-38.83337";"-297.8789";"-66.17926";"-39.38666";"-216.5896";"-48.60388";"-38.83337";"-297.8789";"-66.17926";"-39.38666"
"14047.37";"-216.5831";"-48.58521";"-38.83337";"-297.8789";"-66.13708";"-39.41223";"-216.5831";"-48.58521";"-38.83337";"-297.8789";"-66.13708";"-39.41223"
"14055.71";"-216.4295";"-48.41882";"-38.83337";"-297.8789";"-66.09888";"-39.4328";"-216.4295";"-48.41882";"-38.83337";"-297.8789";"-66.09888";"-39.4328"
"14064.05";"-216.4169";"-48.41449";"-38.83337";"-297.8789";"-66.07562";"-39.44391";"-216.4169";"-48.41449";"-38.83337";"-297.8789";"-66.07562";"-39.44391"
"14072.39";"-216.4203";"-48.41742";"-38.83337";"-297.8789";"-66.07025";"-39.45074";"-216.4203";"-48.41742";"-38.83337";"-297.8789";"-66.07025";"-39.45074"
"14080.73";"-216.3928";"-48.41699";"-38.83337";"-297.8789";"-66.0517";"-39.45972";"-216.3928";"-48.41699";"-38.83337";"-297.8789";"-66.0517";"-39.45972"
"14089.08";"-216.3688";"-48.41327";"-38.83337";"-297.8789";"-66.04163";"-39.45538";"-216.3688";"-48.41327";"-38.83337";"-297.8789";"-66.04163";"-39.45538"
"14097.42";"-216.3403";"-48.40027";"-38.83337";"-297.8789";"-66.02533";"-39.46545";"-216.3403";"-48.40027";"-38.83337";"-297.8789";"-66.02533";"-39.46545"
"14105.76";"-216.3279";"-48.38367";"-38.83337";"-297.8789";"-65.97705";"-39.4848";"-216.3279";"-48.38367";"-38.83337";"-297.8789";"-65.97705";"-39.4848"
"14114.1";"-216.2989";"-48.36737";"-38.83337";"-297.8789";"-65.96826";"-39.49152";"-216.2989";"-48.36737";"-38.83337";"-297.8789";"-65.96826";"-39.49152"
"14122.44";"-216.2985";"-48.35974";"-38.83337";"-297.8789";"-65.94708";"-39.49658";"-216.2985";"-48.35974";"-38.83337";"-297.8789";"-65.94708";"-39.49658"
"14130.78";"-216.2781";"-48.34442";"-38.83337";"-297.8789";"-65.88177";"-39.5061";"-216.2781";"-48.34442";"-38.83337";"-297.8789";"-65.88177";"-39.5061"
"14139.13";"-216.2548";"-48.32318";"-38.83337";"-297.8789";"-65.86633";"-39.5329";"-216.2548";"-48.32318";"-38.83337";"-297.8789";"-65.86633";"-39.5329"
"14147.47";"-216.249";"-48.31476";"-38.83337";"-297.8789";"-65.85248";"-39.53821";"-216.249";"-48.31476";"-38.83337";"-297.8789";"-65.85248";"-39.53821"
"14155.81";"-216.2266";"-48.29462";"-38.83337";"-297.8789";"-65.81317";"-39.54272";"-216.2266";"-48.29462";"-38.83337";"-297.8789";"-65.81317";"-39.54272"
"14164.15";"-216.2083";"-48.28168";"-38.83337";"-297.8789";"-65.78784";"-39.56378";"-216.2083";"-48.28168";"-38.83337";"-297.8789";"-65.78784";"-39.56378"
"14172.49";"-216.1895";"-48.28577";"-38.83337";"-297.8789";"-65.79089";"-39.55029";"-216.1895";"-48.28577";"-38.83337";"-297.8789";"-65.79089";"-39.55029"
"14180.83";"-216.1816";"-48.28467";"-38.83337";"-297.8789";"-65.77075";"-39.56421";"-216.1816";"-48.28467";"-38.83337";"-297.8789";"-65.77075";"-39.56421"
"14189.17";"-216.1604";"-48.24365";"-38.83337";"-297.8789";"-65.7193";"-39.58997";"-216.1604";"-48.24365";"-38.83337";"-297.8789";"-65.7193";"-39.58997"
"14197.52";"-216.1296";"-48.24713";"-38.83337";"-297.8789";"-65.70197";"-39.60358";"-216.1296";"-48.24713";"-38.83337";"-297.8789";"-65.70197";"-39.60358"
"14205.86";"-216.1088";"-48.22772";"-38.83337";"-297.8789";"-65.64661";"-39.62378";"-216.1088";"-48.22772";"-38.83337";"-297.8789";"-65.64661";"-39.62378"
"14214.2";"-216.0936";"-48.21753";"-38.83337";"-297.8789";"-65.64581";"-39.62769";"-216.0936";"-48.21753";"-38.83337";"-297.8789";"-65.64581";"-39.62769"
"14222.54";"-216.0582";"-48.19513";"-38.83337";"-297.8789";"-65.60596";"-39.64191";"-216.0582";"-48.19513";"-38.83337";"-297.8789";"-65.60596";"-39.64191"
"14230.88";"-216.0414";"-48.20374";"-38.83337";"-297.8789";"-65.60681";"-39.64453";"-216.0414";"-48.20374";"-38.83337";"-297.8789";"-65.60681";"-39.64453"
"14239.22";"-216.0247";"-48.16687";"-38.83337";"-297.8789";"-65.5816";"-39.6734";"-216.0247";"-48.16687";"-38.83337";"-297.8789";"-65.5816";"-39.6734"
"14247.57";"-215.9969";"-48.14862";"-38.83337";"-297.8789";"-65.54315";"-39.67926";"-215.9969";"-48.14862";"-38.83337";"-297.8789";"-65.54315";"-39.67926"
"14255.91";"-215.9901";"-48.14386";"-38.83337";"-297.8789";"-65.53113";"-39.69012";"-215.9901";"-48.14386";"-38.83337";"-297.8789";"-65.53113";"-39.69012"
"14264.25";"-215.9678";"-48.14258";"-38.83337";"-297.8789";"-65.50574";"-39.7038";"-215.9678";"-48.14258";"-38.83337";"-297.8789";"-65.50574";"-39.7038"
"14272.59";"-215.9484";"-48.13007";"-38.83337";"-297.8789";"-65.47821";"-39.74567";"-215.9484";"-48.13007";"-38.83337";"-297.8789";"-65.47821";"-39.74567"
"14280.93";"-215.9006";"-48.1012";"-38.83337";"-297.8789";"-65.45746";"-39.75226";"-215.9006";"-48.1012";"-38.83337";"-297.8789";"-65.45746";"-39.75226"
"14289.28";"-215.8745";"-48.09912";"-38.83337";"-297.8789";"-65.41345";"-39.75586";"-215.8745";"-48.09912";"-38.83337";"-297.8789";"-65.41345";"-39.75586"
"14297.62";"-215.8426";"-48.0921";"-38.83337";"-297.8789";"-65.37115";"-39.77313";"-215.8426";"-48.0921";"-38.83337";"-297.8789";"-65.37115";"-39.77313"
"14305.96";"-215.8284";"-48.0813";"-38.83337";"-297.8789";"-65.37317";"-39.79718";"-215.8284";"-48.0813";"-38.83337";"-297.8789";"-65.37317";"-39.79718"
"14314.3";"-215.8112";"-48.07379";"-38.83337";"-297.8789";"-65.36353";"-39.7959";"-215.8112";"-48.07379";"-38.83337";"-297.8789";"-65.36353";"-39.7959"
"14322.64";"-215.7962";"-48.04901";"-38.83337";"-297.8789";"-65.33563";"-39.80701";"-215.7962";"-48.04901";"-38.83337";"-297.8789";"-65.33563";"-39.80701"
"14330.98";"-215.7946";"-48.04449";"-38.83337";"-297.8789";"-65.31128";"-39.82758";"-215.7946";"-48.04449";"-38.83337";"-297.8789";"-65.31128";"-39.82758"
"14339.33";"-215.7321";"-48.03979";"-38.83337";"-297.8789";"-65.28687";"-39.81439";"-215.7321";"-48.03979";"-38.83337";"-297.8789";"-65.28687";"-39.81439"
"14347.67";"-215.7249";"-48.02295";"-38.83337";"-297.8789";"-65.22113";"-39.85773";"-215.7249";"-48.02295";"-38.83337";"-297.8789";"-65.22113";"-39.85773"
"14356.01";"-215.722";"-48.01837";"-38.83337";"-297.8789";"-65.21887";"-39.84131";"-215.722";"-48.01837";"-38.83337";"-297.8789";"-65.21887";"-39.84131"
"14364.35";"-215.7009";"-47.9978";"-38.83337";"-297.8789";"-65.20673";"-39.84766";"-215.7009";"-47.9978";"-38.83337";"-297.8789";"-65.20673";"-39.84766"
"14372.69";"-215.6569";"-47.99683";"-38.83337";"-297.8789";"-65.20245";"-39.86194";"-215.6569";"-47.99683";"-38.83337";"-297.8789";"-65.20245";"-39.86194"
"14381.03";"-215.6216";"-47.97845";"-38.83337";"-297.8789";"-65.17139";"-39.87219";"-215.6216";"-47.97845";"-38.83337";"-297.8789";"-65.17139";"-39.87219"
"14389.38";"-215.6339";"-47.96118";"-38.83337";"-297.8789";"-65.12378";"-39.87927";"-215.6339";"-47.96118";"-38.83337";"-297.8789";"-65.12378";"-39.87927"
"14397.72";"-215.5852";"-47.95123";"-38.83337";"-297.8789";"-65.1051";"-39.90485";"-215.5852";"-47.95123";"-38.83337";"-297.8789";"-65.1051";"-39.90485"
"14406.06";"-215.5841";"-47.92877";"-38.83337";"-297.8789";"-65.06805";"-39.89771";"-215.5841";"-47.92877";"-38.83337";"-297.8789";"-65.06805";"-39.89771"
"14414.4";"-215.5389";"-47.93311";"-38.83337";"-297.8789";"-65.06708";"-39.8866";"-215.5389";"-47.93311";"-38.83337";"-297.8789";"-65.06708";"-39.8866"
"14422.74";"-215.5097";"-47.91913";"-38.83337";"-297.8789";"-65.03754";"-39.92249";"-215.5097";"-47.91913";"-38.83337";"-297.8789";"-65.03754";"-39.92249"
"14431.08";"-215.5029";"-47.92334";"-38.83337";"-297.8789";"-65.00226";"-39.94965";"-215.5029";"-47.92334";"-38.83337";"-297.8789";"-65.00226";"-39.94965"
"14439.42";"-215.4643";"-47.81183";"-38.83337";"-297.8789";"-64.97089";"-39.94824";"-215.4643";"-47.81183";"-38.83337";"-297.8789";"-64.97089";"-39.94824"
"14447.77";"-215.4335";"-47.78748";"-38.83337";"-297.8789";"-64.94012";"-39.9491";"-215.4335";"-47.78748";"-38.83337";"-297.8789";"-64.94012";"-39.9491"
"14456.11";"-215.33";"-47.78888";"-38.83337";"-297.8789";"-64.91644";"-39.96527";"-215.33";"-47.78888";"-38.83337";"-297.8789";"-64.91644";"-39.96527"
"14464.45";"-215.3192";"-47.78278";"-38.83337";"-297.8789";"-64.89362";"-39.97754";"-215.3192";"-47.78278";"-38.83337";"-297.8789";"-64.89362";"-39.97754"
"14472.79";"-215.319";"-47.75824";"-38.83337";"-297.8789";"-64.89154";"-39.98291";"-215.319";"-47.75824";"-38.83337";"-297.8789";"-64.89154";"-39.98291"
"14481.13";"-215.3057";"-47.74988";"-38.83337";"-297.8789";"-64.87665";"-39.99091";"-215.3057";"-47.74988";"-38.83337";"-297.8789";"-64.87665";"-39.99091"
"14489.47";"-215.3079";"-47.73303";"-38.83337";"-297.8789";"-64.8161";"-40.00482";"-215.3079";"-47.73303";"-38.83337";"-297.8789";"-64.8161";"-40.00482"
"14497.82";"-215.2976";"-47.73334";"-38.83337";"-297.8789";"-64.80804";"-40.01825";"-215.2976";"-47.73334";"-38.83337";"-297.8789";"-64.80804";"-40.01825"
"14506.16";"-215.2611";"-47.7207";"-38.83337";"-297.8789";"-64.75812";"-40.04407";"-215.2611";"-47.7207";"-38.83337";"-297.8789";"-64.75812";"-40.04407"
"14514.5";"-215.2499";"-47.71759";"-38.83337";"-297.8789";"-64.74847";"-40.04407";"-215.2499";"-47.71759";"-38.83337";"-297.8789";"-64.74847";"-40.04407"
"14522.84";"-215.2396";"-47.70813";"-38.83337";"-297.8789";"-64.72607";"-40.04242";"-215.2396";"-47.70813";"-38.83337";"-297.8789";"-64.72607";"-40.04242"
"14531.18";"-215.2236";"-47.69324";"-38.83337";"-297.8789";"-64.71179";"-40.03998";"-215.2236";"-47.69324";"-38.83337";"-297.8789";"-64.71179";"-40.03998"
"14539.53";"-215.2017";"-47.70508";"-38.83337";"-297.8789";"-64.64966";"-40.05865";"-215.2017";"-47.70508";"-38.83337";"-297.8789";"-64.64966";"-40.05865"
"14547.87";"-215.0773";"-47.66229";"-38.83337";"-297.8789";"-64.59387";"-40.07837";"-215.0773";"-47.66229";"-38.83337";"-297.8789";"-64.59387";"-40.07837"
"14556.21";"-215.0685";"-47.65735";"-38.83337";"-297.8789";"-64.58588";"-40.0918";"-215.0685";"-47.65735";"-38.83337";"-297.8789";"-64.58588";"-40.0918"
"14564.55";"-215.0707";"-47.63983";"-38.83337";"-297.8789";"-64.56995";"-40.09705";"-215.0707";"-47.63983";"-38.83337";"-297.8789";"-64.56995";"-40.09705"
"14572.89";"-215.0687";"-47.65527";"-38.83337";"-297.8789";"-64.54553";"-40.11731";"-215.0687";"-47.65527";"-38.83337";"-297.8789";"-64.54553";"-40.11731"
"14581.23";"-215.0411";"-47.62848";"-38.83337";"-297.8789";"-64.54266";"-40.13208";"-215.0411";"-47.62848";"-38.83337";"-297.8789";"-64.54266";"-40.13208"
"14589.58";"-215.0331";"-47.61755";"-38.83337";"-297.8789";"-64.49573";"-40.13391";"-215.0331";"-47.61755";"-38.83337";"-297.8789";"-64.49573";"-40.13391"
"14597.92";"-215.0262";"-47.61469";"-38.83337";"-297.8789";"-64.48651";"-40.13739";"-215.0262";"-47.61469";"-38.83337";"-297.8789";"-64.48651";"-40.13739"
"14606.26";"-214.9896";"-47.59607";"-38.83337";"-297.8789";"-64.44849";"-40.17731";"-214.9896";"-47.59607";"-38.83337";"-297.8789";"-64.44849";"-40.17731"
"14614.6";"-214.9698";"-47.57635";"-38.83337";"-297.8789";"-64.43768";"-40.18469";"-214.9698";"-47.57635";"-38.83337";"-297.8789";"-64.43768";"-40.18469"
"14622.94";"-214.9296";"-47.57819";"-38.83337";"-297.8789";"-64.38135";"-40.20526";"-214.9296";"-47.57819";"-38.83337";"-297.8789";"-64.38135";"-40.20526"
"14631.28";"-214.8937";"-47.56024";"-38.83337";"-297.8789";"-64.35107";"-40.20349";"-214.8937";"-47.56024";"-38.83337";"-297.8789";"-64.35107";"-40.20349"
"14639.63";"-214.8828";"-47.54779";"-38.83337";"-297.8789";"-64.34039";"-40.20709";"-214.8828";"-47.54779";"-38.83337";"-297.8789";"-64.34039";"-40.20709"
"14647.97";"-214.8565";"-47.52826";"-38.83337";"-297.8789";"-64.29156";"-40.21246";"-214.8565";"-47.52826";"-38.83337";"-297.8789";"-64.29156";"-40.21246"
"14656.31";"-214.8411";"-47.52563";"-38.83337";"-297.8789";"-64.28082";"-40.20416";"-214.8411";"-47.52563";"-38.83337";"-297.8789";"-64.28082";"-40.20416"
"14664.65";"-214.8256";"-47.50854";"-38.83337";"-297.8789";"-64.24823";"-40.21155";"-214.8256";"-47.50854";"-38.83337";"-297.8789";"-64.24823";"-40.21155"
"14672.99";"-214.6912";"-47.48761";"-38.83337";"-297.8789";"-64.17889";"-40.23059";"-214.6912";"-47.48761";"-38.83337";"-297.8789";"-64.17889";"-40.23059"
"14681.33";"-214.6787";"-47.47217";"-38.83337";"-297.8789";"-64.17358";"-40.23285";"-214.6787";"-47.47217";"-38.83337";"-297.8789";"-64.17358";"-40.23285"
"14689.67";"-214.6349";"-47.4696";"-38.83337";"-297.8789";"-64.16913";"-40.23499";"-214.6349";"-47.4696";"-38.83337";"-297.8789";"-64.16913";"-40.23499"
"14698.02";"-214.6346";"-47.46698";"-38.83337";"-297.8789";"-64.15375";"-40.25531";"-214.6346";"-47.46698";"-38.83337";"-297.8789";"-64.15375";"-40.25531"
"14706.36";"-214.613";"-47.45288";"-38.83337";"-297.8789";"-64.12744";"-40.24292";"-214.613";"-47.45288";"-38.83337";"-297.8789";"-64.12744";"-40.24292"
"14714.7";"-214.5995";"-47.44135";"-38.83337";"-297.8789";"-64.10028";"-40.26532";"-214.5995";"-47.44135";"-38.83337";"-297.8789";"-64.10028";"-40.26532"
"14723.04";"-214.5797";"-47.42889";"-38.83337";"-297.8789";"-64.06897";"-40.26044";"-214.5797";"-47.42889";"-38.83337";"-297.8789";"-64.06897";"-40.26044"
"14731.38";"-214.5493";"-47.43475";"-38.83337";"-297.8789";"-64.04944";"-40.27399";"-214.5493";"-47.43475";"-38.83337";"-297.8789";"-64.04944";"-40.27399"
"14739.72";"-214.5333";"-47.41193";"-38.83337";"-297.8789";"-64.04041";"-40.28522";"-214.5333";"-47.41193";"-38.83337";"-297.8789";"-64.04041";"-40.28522"
"14748.07";"-214.519";"-47.3985";"-38.83337";"-297.8789";"-64.00177";"-40.29663";"-214.519";"-47.3985";"-38.83337";"-297.8789";"-64.00177";"-40.29663"
"14756.41";"-214.4805";"-47.32184";"-38.83337";"-297.8789";"-63.96887";"-40.29834";"-214.4805";"-47.32184";"-38.83337";"-297.8789";"-63.96887";"-40.29834"
"14764.75";"-214.4537";"-47.31958";"-38.83337";"-297.8789";"-63.95862";"-40.3103";"-214.4537";"-47.31958";"-38.83337";"-297.8789";"-63.95862";"-40.3103"
"14773.09";"-214.457";"-47.30017";"-38.83337";"-297.8789";"-63.9527";"-40.31323";"-214.457";"-47.30017";"-38.83337";"-297.8789";"-63.9527";"-40.31323"
"14781.43";"-214.4318";"-47.26935";"-38.83337";"-297.8789";"-63.93933";"-40.31793";"-214.4318";"-47.26935";"-38.83337";"-297.8789";"-63.93933";"-40.31793"
"14789.78";"-214.3114";"-47.28485";"-38.83337";"-297.8789";"-63.89917";"-40.35236";"-214.3114";"-47.28485";"-38.83337";"-297.8789";"-63.89917";"-40.35236"
"14798.12";"-214.2988";"-47.25635";"-38.83337";"-297.8789";"-63.88385";"-40.34619";"-214.2988";"-47.25635";"-38.83337";"-297.8789";"-63.88385";"-40.34619"
"14806.46";"-214.29";"-47.24646";"-38.83337";"-297.8789";"-63.85626";"-40.35706";"-214.29";"-47.24646";"-38.83337";"-297.8789";"-63.85626";"-40.35706"
"14814.8";"-214.2845";"-47.24176";"-38.83337";"-297.8789";"-63.83276";"-40.37836";"-214.2845";"-47.24176";"-38.83337";"-297.8789";"-63.83276";"-40.37836"
"14823.14";"-214.2601";"-47.21661";"-38.83337";"-297.8789";"-63.80505";"-40.39374";"-214.2601";"-47.21661";"-38.83337";"-297.8789";"-63.80505";"-40.39374"
"14831.48";"-214.2463";"-47.21252";"-38.83337";"-297.8789";"-63.79498";"-40.39111";"-214.2463";"-47.21252";"-38.83337";"-297.8789";"-63.79498";"-40.39111"
"14839.83";"-214.2371";"-47.20306";"-38.83337";"-297.8789";"-63.76764";"-40.40149";"-214.2371";"-47.20306";"-38.83337";"-297.8789";"-63.76764";"-40.40149"
"14848.17";"-214.1921";"-47.19244";"-38.83337";"-297.8789";"-63.73584";"-40.41534";"-214.1921";"-47.19244";"-38.83337";"-297.8789";"-63.73584";"-40.41534"
"14856.51";"-214.1676";"-47.18024";"-38.83337";"-297.8789";"-63.68091";"-40.42291";"-214.1676";"-47.18024";"-38.83337";"-297.8789";"-63.68091";"-40.42291"
"14864.85";"-214.166";"-47.16699";"-38.83337";"-297.8789";"-63.65765";"-40.43408";"-214.166";"-47.16699";"-38.83337";"-297.8789";"-63.65765";"-40.43408"
"14873.19";"-214.1157";"-47.14539";"-38.83337";"-297.8789";"-63.64996";"-40.44647";"-214.1157";"-47.14539";"-38.83337";"-297.8789";"-63.64996";"-40.44647"
"14881.53";"-214.1031";"-47.13806";"-38.83337";"-297.8789";"-63.6322";"-40.45673";"-214.1031";"-47.13806";"-38.83337";"-297.8789";"-63.6322";"-40.45673"
"14889.88";"-214.0844";"-47.10345";"-38.83337";"-297.8789";"-63.61145";"-40.47894";"-214.0844";"-47.10345";"-38.83337";"-297.8789";"-63.61145";"-40.47894"
"14898.22";"-214.0769";"-47.10553";"-38.83337";"-297.8789";"-63.59558";"-40.48621";"-214.0769";"-47.10553";"-38.83337";"-297.8789";"-63.59558";"-40.48621"
"14906.56";"-214.0406";"-47.09161";"-38.83337";"-297.8789";"-63.58521";"-40.49695";"-214.0406";"-47.09161";"-38.83337";"-297.8789";"-63.58521";"-40.49695"
"14914.9";"-214.0255";"-47.08795";"-38.83337";"-297.8789";"-63.50122";"-40.50391";"-214.0255";"-47.08795";"-38.83337";"-297.8789";"-63.50122";"-40.50391"
"14923.24";"-214.0151";"-47.07166";"-38.83337";"-297.8789";"-63.47412";"-40.57922";"-214.0151";"-47.07166";"-38.83337";"-297.8789";"-63.47412";"-40.57922"
"14931.58";"-214.0096";"-47.06616";"-38.83337";"-297.8789";"-63.43207";"-40.57751";"-214.0096";"-47.06616";"-38.83337";"-297.8789";"-63.43207";"-40.57751"
"14939.92";"-213.9681";"-47.05786";"-38.83337";"-297.8789";"-63.41656";"-40.61725";"-213.9681";"-47.05786";"-38.83337";"-297.8789";"-63.41656";"-40.61725"
"14948.27";"-213.9637";"-47.05725";"-38.83337";"-297.8789";"-63.36865";"-40.6087";"-213.9637";"-47.05725";"-38.83337";"-297.8789";"-63.36865";"-40.6087"
"14956.61";"-213.9271";"-47.02527";"-38.83337";"-297.8789";"-63.35022";"-40.61505";"-213.9271";"-47.02527";"-38.83337";"-297.8789";"-63.35022";"-40.61505"
"14964.95";"-213.908";"-47.01044";"-38.83337";"-297.8789";"-63.33105";"-40.63556";"-213.908";"-47.01044";"-38.83337";"-297.8789";"-63.33105";"-40.63556"
"14973.29";"-213.8939";"-46.99982";"-38.83337";"-297.8789";"-63.29126";"-40.65472";"-213.8939";"-46.99982";"-38.83337";"-297.8789";"-63.29126";"-40.65472"
"14981.63";"-213.8772";"-46.98181";"-38.83337";"-297.8789";"-63.26935";"-40.66449";"-213.8772";"-46.98181";"-38.83337";"-297.8789";"-63.26935";"-40.66449"
"14989.97";"-213.8364";"-46.98865";"-38.83337";"-297.8789";"-63.25952";"-40.68115";"-213.8364";"-46.98865";"-38.83337";"-297.8789";"-63.25952";"-40.68115"
"14998.32";"-213.8163";"-46.97247";"-38.83337";"-297.8789";"-63.24493";"-40.68579";"-213.8163";"-46.97247";"-38.83337";"-297.8789";"-63.24493";"-40.68579"
"15006.66";"-213.8017";"-46.97278";"-38.83337";"-297.8789";"-63.16138";"-40.71649";"-213.8017";"-46.97278";"-38.83337";"-297.8789";"-63.16138";"-40.71649"
"15015";"-213.7618";"-46.95807";"-38.83337";"-297.8789";"-63.16736";"-40.72424";"-213.7618";"-46.95807";"-38.83337";"-297.8789";"-63.16736";"-40.72424"
"15023.34";"-213.6721";"-46.94952";"-38.83337";"-297.8789";"-63.13055";"-40.76184";"-213.6721";"-46.94952";"-38.83337";"-297.8789";"-63.13055";"-40.76184"
"15031.68";"-213.6664";"-46.95465";"-38.83337";"-297.8789";"-63.12488";"-40.76636";"-213.6664";"-46.95465";"-38.83337";"-297.8789";"-63.12488";"-40.76636"
"15040.03";"-213.6279";"-46.93231";"-38.83337";"-297.8789";"-63.08545";"-40.77844";"-213.6279";"-46.93231";"-38.83337";"-297.8789";"-63.08545";"-40.77844"
"15048.37";"-213.6257";"-46.93115";"-38.83337";"-297.8789";"-63.05267";"-40.79041";"-213.6257";"-46.93115";"-38.83337";"-297.8789";"-63.05267";"-40.79041"
"15056.71";"-213.5764";"-46.88898";"-38.83337";"-297.8789";"-63.02264";"-40.82898";"-213.5764";"-46.88898";"-38.83337";"-297.8789";"-63.02264";"-40.82898"
"15065.05";"-213.5711";"-46.88666";"-38.83337";"-297.8789";"-62.99878";"-40.82129";"-213.5711";"-46.88666";"-38.83337";"-297.8789";"-62.99878";"-40.82129"
"15073.39";"-213.5122";"-46.8891";"-38.83337";"-297.8789";"-62.98163";"-40.8313";"-213.5122";"-46.8891";"-38.83337";"-297.8789";"-62.98163";"-40.8313"
"15081.73";"-213.5103";"-46.88324";"-38.83337";"-297.8789";"-62.97827";"-40.83826";"-213.5103";"-46.88324";"-38.83337";"-297.8789";"-62.97827";"-40.83826"
"15090.08";"-213.5093";"-46.84967";"-38.83337";"-297.8789";"-62.94794";"-40.85846";"-213.5093";"-46.84967";"-38.83337";"-297.8789";"-62.94794";"-40.85846"
"15098.42";"-213.4881";"-46.7627";"-38.83337";"-297.8789";"-62.93097";"-40.86279";"-213.4881";"-46.7627";"-38.83337";"-297.8789";"-62.93097";"-40.86279"
"15106.76";"-213.4533";"-46.7478";"-38.83337";"-297.8789";"-62.91046";"-40.88654";"-213.4533";"-46.7478";"-38.83337";"-297.8789";"-62.91046";"-40.88654"
"15115.1";"-213.4406";"-46.75342";"-38.83337";"-297.8789";"-62.89764";"-40.88373";"-213.4406";"-46.75342";"-38.83337";"-297.8789";"-62.89764";"-40.88373"
"15123.44";"-213.4146";"-46.73547";"-38.83337";"-297.8789";"-62.85986";"-40.89813";"-213.4146";"-46.73547";"-38.83337";"-297.8789";"-62.85986";"-40.89813"
"15131.78";"-213.4059";"-46.72455";"-38.83337";"-297.8789";"-62.79175";"-40.8985";"-213.4059";"-46.72455";"-38.83337";"-297.8789";"-62.79175";"-40.8985"
"15140.13";"-213.3773";"-46.71979";"-38.83337";"-297.8789";"-62.76672";"-40.90253";"-213.3773";"-46.71979";"-38.83337";"-297.8789";"-62.76672";"-40.90253"
"15148.47";"-213.3538";"-46.71368";"-38.83337";"-297.8789";"-62.74756";"-40.91351";"-213.3538";"-46.71368";"-38.83337";"-297.8789";"-62.74756";"-40.91351"
"15156.81";"-213.3344";"-46.67523";"-38.83337";"-297.8789";"-62.70691";"-40.91632";"-213.3344";"-46.67523";"-38.83337";"-297.8789";"-62.70691";"-40.91632"
"15165.15";"-213.3154";"-46.64679";"-38.83337";"-297.8789";"-62.69482";"-40.91663";"-213.3154";"-46.64679";"-38.83337";"-297.8789";"-62.69482";"-40.91663"
"15173.49";"-213.2741";"-46.65045";"-38.83337";"-297.8789";"-62.68738";"-40.93188";"-213.2741";"-46.65045";"-38.83337";"-297.8789";"-62.68738";"-40.93188"
"15181.83";"-213.2557";"-46.63666";"-38.83337";"-297.8789";"-62.64069";"-40.95331";"-213.2557";"-46.63666";"-38.83337";"-297.8789";"-62.64069";"-40.95331"
"15190.17";"-213.2325";"-46.60663";"-38.83337";"-297.8789";"-62.62085";"-40.96881";"-213.2325";"-46.60663";"-38.83337";"-297.8789";"-62.62085";"-40.96881"
"15198.52";"-213.2153";"-46.59637";"-38.83337";"-297.8789";"-62.61029";"-40.97607";"-213.2153";"-46.59637";"-38.83337";"-297.8789";"-62.61029";"-40.97607"
"15206.86";"-213.1868";"-46.58606";"-38.83337";"-297.8789";"-62.57166";"-40.98901";"-213.1868";"-46.58606";"-38.83337";"-297.8789";"-62.57166";"-40.98901"
"15215.2";"-213.1677";"-46.5882";"-38.83337";"-297.8789";"-62.56122";"-40.99878";"-213.1677";"-46.5882";"-38.83337";"-297.8789";"-62.56122";"-40.99878"
"15223.54";"-213.1304";"-46.57892";"-38.83337";"-297.8789";"-62.53143";"-41.00525";"-213.1304";"-46.57892";"-38.83337";"-297.8789";"-62.53143";"-41.00525"
"15231.88";"-213.1047";"-46.56671";"-38.83337";"-297.8789";"-62.47516";"-41.05316";"-213.1047";"-46.56671";"-38.83337";"-297.8789";"-62.47516";"-41.05316"
"15240.22";"-213.0935";"-46.5545";"-38.83337";"-297.8789";"-62.46283";"-41.06494";"-213.0935";"-46.5545";"-38.83337";"-297.8789";"-62.46283";"-41.06494"
"15248.57";"-213.0937";"-46.54199";"-38.83337";"-297.8789";"-62.44751";"-41.06506";"-213.0937";"-46.54199";"-38.83337";"-297.8789";"-62.44751";"-41.06506"
"15256.91";"-213.0602";"-46.52087";"-38.83337";"-297.8789";"-62.42883";"-41.08234";"-213.0602";"-46.52087";"-38.83337";"-297.8789";"-62.42883";"-41.08234"
"15265.25";"-213.0482";"-46.51801";"-38.83337";"-297.8789";"-62.39917";"-41.08142";"-213.0482";"-46.51801";"-38.83337";"-297.8789";"-62.39917";"-41.08142"
"15273.59";"-213.0152";"-46.50433";"-38.83337";"-297.8789";"-62.33844";"-41.07343";"-213.0152";"-46.50433";"-38.83337";"-297.8789";"-62.33844";"-41.07343"
"15281.93";"-212.996";"-46.50122";"-38.83337";"-297.8789";"-62.32446";"-41.08105";"-212.996";"-46.50122";"-38.83337";"-297.8789";"-62.32446";"-41.08105"
"15290.28";"-212.8796";"-46.46912";"-38.83337";"-297.8789";"-62.32458";"-41.10126";"-212.8796";"-46.46912";"-38.83337";"-297.8789";"-62.32458";"-41.10126"
"15298.62";"-212.8567";"-46.45953";"-38.83337";"-297.8789";"-62.30823";"-41.10767";"-212.8567";"-46.45953";"-38.83337";"-297.8789";"-62.30823";"-41.10767"
"15306.96";"-212.8438";"-46.47272";"-38.83337";"-297.8789";"-62.24872";"-41.12982";"-212.8438";"-46.47272";"-38.83337";"-297.8789";"-62.24872";"-41.12982"
"15315.3";"-212.8295";"-46.44983";"-38.83337";"-297.8789";"-62.23352";"-41.13727";"-212.8295";"-46.44983";"-38.83337";"-297.8789";"-62.23352";"-41.13727"
"15323.64";"-212.7948";"-46.45844";"-38.83337";"-297.8789";"-62.21179";"-41.13483";"-212.7948";"-46.45844";"-38.83337";"-297.8789";"-62.21179";"-41.13483"
"15331.98";"-212.7883";"-46.45264";"-38.83337";"-297.8789";"-62.1875";"-41.14331";"-212.7883";"-46.45264";"-38.83337";"-297.8789";"-62.1875";"-41.14331"
"15340.33";"-212.7558";"-46.4339";"-38.83337";"-297.8789";"-62.15265";"-41.15051";"-212.7558";"-46.4339";"-38.83337";"-297.8789";"-62.15265";"-41.15051"
"15348.67";"-212.7488";"-46.43054";"-38.83337";"-297.8789";"-62.13922";"-41.15924";"-212.7488";"-46.43054";"-38.83337";"-297.8789";"-62.13922";"-41.15924"
"15357.01";"-212.7032";"-46.4068";"-38.83337";"-297.8789";"-62.12512";"-41.15802";"-212.7032";"-46.4068";"-38.83337";"-297.8789";"-62.12512";"-41.15802"
"15365.35";"-212.6728";"-46.39203";"-38.83337";"-297.8789";"-62.0705";"-41.17047";"-212.6728";"-46.39203";"-38.83337";"-297.8789";"-62.0705";"-41.17047"
"15373.69";"-212.6744";"-46.38452";"-38.83337";"-297.8789";"-62.07867";"-41.17419";"-212.6744";"-46.38452";"-38.83337";"-297.8789";"-62.07867";"-41.17419"
"15382.03";"-212.6367";"-46.37708";"-38.83337";"-297.8789";"-62.04681";"-41.18512";"-212.6367";"-46.37708";"-38.83337";"-297.8789";"-62.04681";"-41.18512"
"15390.38";"-212.6371";"-46.34497";"-38.83337";"-297.8789";"-62.02045";"-41.1983";"-212.6371";"-46.34497";"-38.83337";"-297.8789";"-62.02045";"-41.1983"
"15398.72";"-212.5971";"-46.33325";"-38.83337";"-297.8789";"-62.00684";"-41.21045";"-212.5971";"-46.33325";"-38.83337";"-297.8789";"-62.00684";"-41.21045"
"15407.06";"-212.5575";"-46.31744";"-38.83337";"-297.8789";"-61.97852";"-41.22504";"-212.5575";"-46.31744";"-38.83337";"-297.8789";"-61.97852";"-41.22504"
"15415.4";"-212.5515";"-46.31561";"-38.83337";"-297.8789";"-61.94098";"-41.24158";"-212.5515";"-46.31561";"-38.83337";"-297.8789";"-61.94098";"-41.24158"
"15423.74";"-212.5142";"-46.30646";"-38.83337";"-297.8789";"-61.92621";"-41.23053";"-212.5142";"-46.30646";"-38.83337";"-297.8789";"-61.92621";"-41.23053"
"15432.08";"-212.4762";"-46.20563";"-38.83337";"-297.8789";"-61.9054";"-41.26874";"-212.4762";"-46.20563";"-38.83337";"-297.8789";"-61.9054";"-41.26874"
"15440.42";"-212.4578";"-46.19507";"-38.83337";"-297.8789";"-61.86902";"-41.2699";"-212.4578";"-46.19507";"-38.83337";"-297.8789";"-61.86902";"-41.2699"
"15448.77";"-212.4395";"-46.18976";"-38.83337";"-297.8789";"-61.86047";"-41.27991";"-212.4395";"-46.18976";"-38.83337";"-297.8789";"-61.86047";"-41.27991"
"15457.11";"-212.4316";"-46.17908";"-38.83337";"-297.8789";"-61.83118";"-41.27539";"-212.4316";"-46.17908";"-38.83337";"-297.8789";"-61.83118";"-41.27539"
"15465.45";"-212.338";"-46.15839";"-38.83337";"-297.8789";"-61.8064";"-41.28827";"-212.338";"-46.15839";"-38.83337";"-297.8789";"-61.8064";"-41.28827"
"15473.79";"-212.3375";"-46.16443";"-38.83337";"-297.8789";"-61.78571";"-41.30225";"-212.3375";"-46.16443";"-38.83337";"-297.8789";"-61.78571";"-41.30225"
"15482.13";"-212.3207";"-46.15643";"-38.83337";"-297.8789";"-61.7569";"-41.31006";"-212.3207";"-46.15643";"-38.83337";"-297.8789";"-61.7569";"-41.31006"
"15490.47";"-212.2447";"-46.11682";"-38.83337";"-297.8789";"-61.71948";"-41.3197";"-212.2447";"-46.11682";"-38.83337";"-297.8789";"-61.71948";"-41.3197"
"15498.82";"-212.2348";"-46.10779";"-38.83337";"-297.8789";"-61.7052";"-41.32141";"-212.2348";"-46.10779";"-38.83337";"-297.8789";"-61.7052";"-41.32141"
"15507.16";"-212.2335";"-46.07825";"-38.83337";"-297.8789";"-61.62732";"-41.31982";"-212.2335";"-46.07825";"-38.83337";"-297.8789";"-61.62732";"-41.31982"
"15515.5";"-212.2097";"-46.07916";"-38.83337";"-297.8789";"-61.62274";"-41.32666";"-212.2097";"-46.07916";"-38.83337";"-297.8789";"-61.62274";"-41.32666"
"15523.84";"-212.1904";"-46.05847";"-38.83337";"-297.8789";"-61.6131";"-41.33691";"-212.1904";"-46.05847";"-38.83337";"-297.8789";"-61.6131";"-41.33691"
"15532.18";"-212.1593";"-46.05139";"-38.83337";"-297.8789";"-61.56543";"-41.34027";"-212.1593";"-46.05139";"-38.83337";"-297.8789";"-61.56543";"-41.34027"
"15540.53";"-212.1472";"-46.04486";"-38.83337";"-297.8789";"-61.54449";"-41.38214";"-212.1472";"-46.04486";"-38.83337";"-297.8789";"-61.54449";"-41.38214"
"15548.87";"-212.065";"-46.00433";"-38.83337";"-297.8789";"-61.48907";"-41.43549";"-212.065";"-46.00433";"-38.83337";"-297.8789";"-61.48907";"-41.43549"
"15557.21";"-212.0621";"-46.00732";"-38.83337";"-297.8789";"-61.47546";"-41.43518";"-212.0621";"-46.00732";"-38.83337";"-297.8789";"-61.47546";"-41.43518"
"15565.55";"-212.0611";"-46.00427";"-38.83337";"-297.8789";"-61.47522";"-41.44043";"-212.0611";"-46.00427";"-38.83337";"-297.8789";"-61.47522";"-41.44043"
"15573.89";"-212.0512";"-45.9989";"-38.83337";"-297.8789";"-61.45453";"-41.45636";"-212.0512";"-45.9989";"-38.83337";"-297.8789";"-61.45453";"-41.45636"
"15582.23";"-212.0383";"-45.99255";"-38.83337";"-297.8789";"-61.42938";"-41.46149";"-212.0383";"-45.99255";"-38.83337";"-297.8789";"-61.42938";"-41.46149"
"15590.58";"-211.9579";"-45.97571";"-38.83337";"-297.8789";"-61.38666";"-41.47809";"-211.9579";"-45.97571";"-38.83337";"-297.8789";"-61.38666";"-41.47809"
"15598.92";"-211.9395";"-45.95605";"-38.83337";"-297.8789";"-61.35474";"-41.49463";"-211.9395";"-45.95605";"-38.83337";"-297.8789";"-61.35474";"-41.49463"
"15607.26";"-211.9462";"-45.95959";"-38.83337";"-297.8789";"-61.28113";"-41.50208";"-211.9462";"-45.95959";"-38.83337";"-297.8789";"-61.28113";"-41.50208"
"15615.6";"-211.9371";"-45.95392";"-38.83337";"-297.8789";"-61.26807";"-41.55402";"-211.9371";"-45.95392";"-38.83337";"-297.8789";"-61.26807";"-41.55402"
"15623.94";"-211.9088";"-45.93243";"-38.83337";"-297.8789";"-61.229";"-41.51184";"-211.9088";"-45.93243";"-38.83337";"-297.8789";"-61.229";"-41.51184"
"15632.28";"-211.8958";"-45.93286";"-38.83337";"-297.8789";"-61.20416";"-41.52936";"-211.8958";"-45.93286";"-38.83337";"-297.8789";"-61.20416";"-41.52936"
"15640.63";"-211.8064";"-45.93677";"-38.83337";"-297.8789";"-61.16992";"-41.52411";"-211.8064";"-45.93677";"-38.83337";"-297.8789";"-61.16992";"-41.52411"
"15648.97";"-211.7881";"-45.93347";"-38.83337";"-297.8789";"-61.15265";"-41.55414";"-211.7881";"-45.93347";"-38.83337";"-297.8789";"-61.15265";"-41.55414"
"15657.31";"-211.7753";"-45.88702";"-38.83337";"-297.8789";"-61.10052";"-41.57422";"-211.7753";"-45.88702";"-38.83337";"-297.8789";"-61.10052";"-41.57422"
"15665.65";"-211.7556";"-45.88397";"-38.83337";"-297.8789";"-61.10291";"-41.58972";"-211.7556";"-45.88397";"-38.83337";"-297.8789";"-61.10291";"-41.58972"
"15673.99";"-211.7241";"-45.88208";"-38.83337";"-297.8789";"-61.06091";"-41.58868";"-211.7241";"-45.88208";"-38.83337";"-297.8789";"-61.06091";"-41.58868"
"15682.33";"-211.7075";"-45.87177";"-38.83337";"-297.8789";"-61.05231";"-41.63165";"-211.7075";"-45.87177";"-38.83337";"-297.8789";"-61.05231";"-41.63165"
"15690.67";"-211.676";"-45.86682";"-38.83337";"-297.8789";"-61.00305";"-41.64429";"-211.676";"-45.86682";"-38.83337";"-297.8789";"-61.00305";"-41.64429"
"15699.02";"-211.6561";"-45.84357";"-38.83337";"-297.8789";"-60.99969";"-41.64911";"-211.6561";"-45.84357";"-38.83337";"-297.8789";"-60.99969";"-41.64911"
"15707.36";"-211.6115";"-45.82166";"-38.83337";"-297.8789";"-60.96375";"-41.65936";"-211.6115";"-45.82166";"-38.83337";"-297.8789";"-60.96375";"-41.65936"
"15715.7";"-211.5907";"-45.8175";"-38.83337";"-297.8789";"-60.95355";"-41.68408";"-211.5907";"-45.8175";"-38.83337";"-297.8789";"-60.95355";"-41.68408"
"15724.04";"-211.5693";"-45.80225";"-38.83337";"-297.8789";"-60.93878";"-41.69501";"-211.5693";"-45.80225";"-38.83337";"-297.8789";"-60.93878";"-41.69501"
"15732.38";"-211.5439";"-45.79608";"-38.83337";"-297.8789";"-60.90594";"-41.69019";"-211.5439";"-45.79608";"-38.83337";"-297.8789";"-60.90594";"-41.69019"
"15740.72";"-211.533";"-45.78076";"-38.83337";"-297.8789";"-60.88171";"-41.72595";"-211.533";"-45.78076";"-38.83337";"-297.8789";"-60.88171";"-41.72595"
"15749.07";"-211.4926";"-45.67041";"-38.83337";"-297.8789";"-60.8595";"-41.74353";"-211.4926";"-45.67041";"-38.83337";"-297.8789";"-60.8595";"-41.74353"
"15757.41";"-211.4857";"-45.64191";"-38.83337";"-297.8789";"-60.82825";"-41.75543";"-211.4857";"-45.64191";"-38.83337";"-297.8789";"-60.82825";"-41.75543"
"15765.75";"-211.4747";"-45.64117";"-38.83337";"-297.8789";"-60.823";"-41.77325";"-211.4747";"-45.64117";"-38.83337";"-297.8789";"-60.823";"-41.77325"
"15774.09";"-211.4182";"-45.63654";"-38.83337";"-297.8789";"-60.74396";"-41.75275";"-211.4182";"-45.63654";"-38.83337";"-297.8789";"-60.74396";"-41.75275"
"15782.43";"-211.3903";"-45.62903";"-38.83337";"-297.8789";"-60.74506";"-41.74445";"-211.3903";"-45.62903";"-38.83337";"-297.8789";"-60.74506";"-41.74445"
"15790.78";"-211.3683";"-45.59705";"-38.83337";"-297.8789";"-60.65857";"-41.79608";"-211.3683";"-45.59705";"-38.83337";"-297.8789";"-60.65857";"-41.79608"
"15799.12";"-211.3612";"-45.57745";"-38.83337";"-297.8789";"-60.66162";"-41.80273";"-211.3612";"-45.57745";"-38.83337";"-297.8789";"-60.66162";"-41.80273"
"15807.46";"-211.3306";"-45.57324";"-38.83337";"-297.8789";"-60.66144";"-41.81763";"-211.3306";"-45.57324";"-38.83337";"-297.8789";"-60.66144";"-41.81763"
"15815.8";"-211.3168";"-45.56134";"-38.83337";"-297.8789";"-60.64001";"-41.80414";"-211.3168";"-45.56134";"-38.83337";"-297.8789";"-60.64001";"-41.80414"
"15824.14";"-211.2925";"-45.5332";"-38.83337";"-297.8789";"-60.63031";"-41.83246";"-211.2925";"-45.5332";"-38.83337";"-297.8789";"-60.63031";"-41.83246"
"15832.48";"-211.2753";"-45.5083";"-38.83337";"-297.8789";"-60.60315";"-41.86322";"-211.2753";"-45.5083";"-38.83337";"-297.8789";"-60.60315";"-41.86322"
"15840.83";"-211.2521";"-45.52185";"-38.83337";"-297.8789";"-60.57483";"-41.85925";"-211.2521";"-45.52185";"-38.83337";"-297.8789";"-60.57483";"-41.85925"
"15849.17";"-211.2299";"-45.50366";"-38.83337";"-297.8789";"-60.56976";"-41.86084";"-211.2299";"-45.50366";"-38.83337";"-297.8789";"-60.56976";"-41.86084"
"15857.51";"-211.1194";"-45.45789";"-38.83337";"-297.8789";"-60.52832";"-41.86523";"-211.1194";"-45.45789";"-38.83337";"-297.8789";"-60.52832";"-41.86523"
"15865.85";"-211.1045";"-45.44635";"-38.83337";"-297.8789";"-60.50061";"-41.86975";"-211.1045";"-45.44635";"-38.83337";"-297.8789";"-60.50061";"-41.86975"
"15874.19";"-211.0732";"-45.44922";"-38.83337";"-297.8789";"-60.48108";"-41.99487";"-211.0732";"-45.44922";"-38.83337";"-297.8789";"-60.48108";"-41.99487"
"15882.53";"-211.0418";"-45.43097";"-38.83337";"-297.8789";"-60.43872";"-41.98468";"-211.0418";"-45.43097";"-38.83337";"-297.8789";"-60.43872";"-41.98468"
"15890.88";"-211.0228";"-45.42279";"-38.83337";"-297.8789";"-60.34576";"-41.98248";"-211.0228";"-45.42279";"-38.83337";"-297.8789";"-60.34576";"-41.98248"
"15899.22";"-211.0178";"-45.42206";"-38.83337";"-297.8789";"-60.34186";"-41.98834";"-211.0178";"-45.42206";"-38.83337";"-297.8789";"-60.34186";"-41.98834"
"15907.56";"-210.9795";"-45.38342";"-38.83337";"-297.8789";"-60.33557";"-42.00861";"-210.9795";"-45.38342";"-38.83337";"-297.8789";"-60.33557";"-42.00861"
"15915.9";"-210.9698";"-45.36987";"-38.83337";"-297.8789";"-60.33148";"-42.01318";"-210.9698";"-45.36987";"-38.83337";"-297.8789";"-60.33148";"-42.01318"
"15924.24";"-210.9557";"-45.34436";"-38.83337";"-297.8789";"-60.2829";"-42.0022";"-210.9557";"-45.34436";"-38.83337";"-297.8789";"-60.2829";"-42.0022"
"15932.58";"-210.9415";"-45.33978";"-38.83337";"-297.8789";"-60.2652";"-42.0119";"-210.9415";"-45.33978";"-38.83337";"-297.8789";"-60.2652";"-42.0119"
"15940.92";"-210.8472";"-45.34656";"-38.83337";"-297.8789";"-60.25812";"-42.02185";"-210.8472";"-45.34656";"-38.83337";"-297.8789";"-60.25812";"-42.02185"
"15949.27";"-210.8367";"-45.34167";"-38.83337";"-297.8789";"-60.25226";"-42.03107";"-210.8367";"-45.34167";"-38.83337";"-297.8789";"-60.25226";"-42.03107"
"15957.61";"-210.8261";"-45.30634";"-38.83337";"-297.8789";"-60.21484";"-42.03595";"-210.8261";"-45.30634";"-38.83337";"-297.8789";"-60.21484";"-42.03595"
"15965.95";"-210.811";"-45.29791";"-38.83337";"-297.8789";"-60.19751";"-42.05231";"-210.811";"-45.29791";"-38.83337";"-297.8789";"-60.19751";"-42.05231"
"15974.29";"-210.7927";"-45.29504";"-38.83337";"-297.8789";"-60.14557";"-42.03943";"-210.7927";"-45.29504";"-38.83337";"-297.8789";"-60.14557";"-42.03943"
"15982.63";"-210.7738";"-45.2774";"-38.83337";"-297.8789";"-60.13165";"-42.04639";"-210.7738";"-45.2774";"-38.83337";"-297.8789";"-60.13165";"-42.04639"
"15990.97";"-210.7314";"-45.28278";"-38.83337";"-297.8789";"-60.0968";"-42.0567";"-210.7314";"-45.28278";"-38.83337";"-297.8789";"-60.0968";"-42.0567"
"15999.32";"-210.7247";"-45.25586";"-38.83337";"-297.8789";"-60.09943";"-42.07123";"-210.7247";"-45.25586";"-38.83337";"-297.8789";"-60.09943";"-42.07123"
"16007.66";"-210.686";"-45.23523";"-38.83337";"-297.8789";"-59.98639";"-42.10693";"-210.686";"-45.23523";"-38.83337";"-297.8789";"-59.98639";"-42.10693"
"16016";"-210.6683";"-45.23486";"-38.83337";"-297.8789";"-59.98444";"-42.10919";"-210.6683";"-45.23486";"-38.83337";"-297.8789";"-59.98444";"-42.10919"
"16024.34";"-210.6654";"-45.21204";"-38.83337";"-297.8789";"-59.97455";"-42.11035";"-210.6654";"-45.21204";"-38.83337";"-297.8789";"-59.97455";"-42.11035"
"16032.68";"-210.6444";"-45.21936";"-38.83337";"-297.8789";"-59.94604";"-42.12115";"-210.6444";"-45.21936";"-38.83337";"-297.8789";"-59.94604";"-42.12115"
"16041.03";"-210.5013";"-45.21368";"-38.83337";"-297.8789";"-59.93445";"-42.13171";"-210.5013";"-45.21368";"-38.83337";"-297.8789";"-59.93445";"-42.13171"
"16049.37";"-210.4948";"-45.1098";"-38.83337";"-297.8789";"-59.92255";"-42.13373";"-210.4948";"-45.1098";"-38.83337";"-297.8789";"-59.92255";"-42.13373"
"16057.71";"-210.431";"-45.06427";"-38.83337";"-297.8789";"-59.85321";"-42.17255";"-210.431";"-45.06427";"-38.83337";"-297.8789";"-59.85321";"-42.17255"
"16066.05";"-210.417";"-45.05475";"-38.83337";"-297.8789";"-59.84125";"-42.17535";"-210.417";"-45.05475";"-38.83337";"-297.8789";"-59.84125";"-42.17535"
"16074.39";"-210.4088";"-45.05109";"-38.83337";"-297.8789";"-59.83655";"-42.17542";"-210.4088";"-45.05109";"-38.83337";"-297.8789";"-59.83655";"-42.17542"
"16082.73";"-210.4048";"-45.05005";"-38.83337";"-297.8789";"-59.82037";"-42.18597";"-210.4048";"-45.05005";"-38.83337";"-297.8789";"-59.82037";"-42.18597"
"16091.08";"-210.3628";"-45.04303";"-38.83337";"-297.8789";"-59.79785";"-42.20416";"-210.3628";"-45.04303";"-38.83337";"-297.8789";"-59.79785";"-42.20416"
"16099.42";"-210.3474";"-45.047";"-38.83337";"-297.8789";"-59.76526";"-42.21436";"-210.3474";"-45.047";"-38.83337";"-297.8789";"-59.76526";"-42.21436"
"16107.76";"-210.3377";"-45.02332";"-38.83337";"-297.8789";"-59.71436";"-42.21509";"-210.3377";"-45.02332";"-38.83337";"-297.8789";"-59.71436";"-42.21509"
"16116.1";"-210.308";"-45.02197";"-38.83337";"-297.8789";"-59.68463";"-42.23767";"-210.308";"-45.02197";"-38.83337";"-297.8789";"-59.68463";"-42.23767"
"16124.44";"-210.2286";"-45.01233";"-38.83337";"-297.8789";"-59.66992";"-42.22729";"-210.2286";"-45.01233";"-38.83337";"-297.8789";"-59.66992";"-42.22729"
"16132.78";"-210.218";"-45.00891";"-38.83337";"-297.8789";"-59.65302";"-42.23456";"-210.218";"-45.00891";"-38.83337";"-297.8789";"-59.65302";"-42.23456"
"16141.13";"-210.2081";"-44.97064";"-38.83337";"-297.8789";"-59.57825";"-42.23602";"-210.2081";"-44.97064";"-38.83337";"-297.8789";"-59.57825";"-42.23602"
"16149.47";"-210.1906";"-44.98132";"-38.83337";"-297.8789";"-59.5611";"-42.25134";"-210.1906";"-44.98132";"-38.83337";"-297.8789";"-59.5611";"-42.25134"
"16157.81";"-210.1693";"-44.95569";"-38.83337";"-297.8789";"-59.56403";"-42.26093";"-210.1693";"-44.95569";"-38.83337";"-297.8789";"-59.56403";"-42.26093"
"16166.15";"-210.1531";"-44.95929";"-38.83337";"-297.8789";"-59.53607";"-42.27264";"-210.1531";"-44.95929";"-38.83337";"-297.8789";"-59.53607";"-42.27264"
"16174.49";"-210.1398";"-44.93414";"-38.83337";"-297.8789";"-59.46967";"-42.31152";"-210.1398";"-44.93414";"-38.83337";"-297.8789";"-59.46967";"-42.31152"
"16182.83";"-210.1375";"-44.9325";"-38.83337";"-297.8789";"-59.44934";"-42.32452";"-210.1375";"-44.9325";"-38.83337";"-297.8789";"-59.44934";"-42.32452"
"16191.17";"-210.0643";"-44.91687";"-38.83337";"-297.8789";"-59.43567";"-42.33789";"-210.0643";"-44.91687";"-38.83337";"-297.8789";"-59.43567";"-42.33789"
"16199.52";"-210.0676";"-44.91437";"-38.83337";"-297.8789";"-59.37463";"-42.3241";"-210.0676";"-44.91437";"-38.83337";"-297.8789";"-59.37463";"-42.3241"
"16207.86";"-210.035";"-44.9303";"-38.83337";"-297.8789";"-59.39551";"-42.35248";"-210.035";"-44.9303";"-38.83337";"-297.8789";"-59.39551";"-42.35248"
"16216.2";"-209.9987";"-44.91876";"-38.83337";"-297.8789";"-59.34161";"-42.35504";"-209.9987";"-44.91876";"-38.83337";"-297.8789";"-59.34161";"-42.35504"
"16224.54";"-209.9828";"-44.90796";"-38.83337";"-297.8789";"-59.32599";"-42.37329";"-209.9828";"-44.90796";"-38.83337";"-297.8789";"-59.32599";"-42.37329"
"16232.88";"-209.9701";"-44.89288";"-38.83337";"-297.8789";"-59.31183";"-42.38281";"-209.9701";"-44.89288";"-38.83337";"-297.8789";"-59.31183";"-42.38281"
"16241.22";"-209.8977";"-44.88208";"-38.83337";"-297.8789";"-59.25385";"-42.40094";"-209.8977";"-44.88208";"-38.83337";"-297.8789";"-59.25385";"-42.40094"
"16249.57";"-209.879";"-44.87042";"-38.83337";"-297.8789";"-59.21448";"-42.39496";"-209.879";"-44.87042";"-38.83337";"-297.8789";"-59.21448";"-42.39496"
"16257.91";"-209.8616";"-44.84473";"-38.83337";"-297.8789";"-59.20471";"-42.41931";"-209.8616";"-44.84473";"-38.83337";"-297.8789";"-59.20471";"-42.41931"
"16266.25";"-209.8397";"-44.84094";"-38.83337";"-297.8789";"-59.16748";"-42.42316";"-209.8397";"-44.84094";"-38.83337";"-297.8789";"-59.16748";"-42.42316"
"16274.59";"-209.8032";"-44.82635";"-38.83337";"-297.8789";"-59.14722";"-42.43109";"-209.8032";"-44.82635";"-38.83337";"-297.8789";"-59.14722";"-42.43109"
"16282.93";"-209.7706";"-44.82587";"-38.83337";"-297.8789";"-59.11987";"-42.42853";"-209.7706";"-44.82587";"-38.83337";"-297.8789";"-59.11987";"-42.42853"
"16291.28";"-209.7261";"-44.79694";"-38.83337";"-297.8789";"-59.11926";"-42.44574";"-209.7261";"-44.79694";"-38.83337";"-297.8789";"-59.11926";"-42.44574"
"16299.62";"-209.7223";"-44.78931";"-38.83337";"-297.8789";"-59.0755";"-42.45697";"-209.7223";"-44.78931";"-38.83337";"-297.8789";"-59.0755";"-42.45697"
"16307.96";"-209.6967";"-44.77368";"-38.83337";"-297.8789";"-59.03485";"-42.46533";"-209.6967";"-44.77368";"-38.83337";"-297.8789";"-59.03485";"-42.46533"
"16316.3";"-209.679";"-44.76453";"-38.83337";"-297.8789";"-59.02832";"-42.47357";"-209.679";"-44.76453";"-38.83337";"-297.8789";"-59.02832";"-42.47357"
"16324.64";"-209.6711";"-44.76031";"-38.83337";"-297.8789";"-59.00177";"-42.48334";"-209.6711";"-44.76031";"-38.83337";"-297.8789";"-59.00177";"-42.48334"
"16332.98";"-209.6332";"-44.74048";"-38.83337";"-297.8789";"-58.97839";"-42.49146";"-209.6332";"-44.74048";"-38.83337";"-297.8789";"-58.97839";"-42.49146"
"16341.33";"-209.5959";"-44.72382";"-38.83337";"-297.8789";"-58.89746";"-42.50299";"-209.5959";"-44.72382";"-38.83337";"-297.8789";"-58.89746";"-42.50299"
"16349.67";"-209.5606";"-44.71869";"-38.83337";"-297.8789";"-58.87384";"-42.50793";"-209.5606";"-44.71869";"-38.83337";"-297.8789";"-58.87384";"-42.50793"
"16358.01";"-209.5361";"-44.71948";"-38.83337";"-297.8789";"-58.82019";"-42.53125";"-209.5361";"-44.71948";"-38.83337";"-297.8789";"-58.82019";"-42.53125"
"16366.35";"-209.5036";"-44.69885";"-38.83337";"-297.8789";"-58.80811";"-42.51563";"-209.5036";"-44.69885";"-38.83337";"-297.8789";"-58.80811";"-42.51563"
"16374.69";"-209.4836";"-44.58551";"-38.83337";"-297.8789";"-58.79633";"-42.56598";"-209.4836";"-44.58551";"-38.83337";"-297.8789";"-58.79633";"-42.56598"
"16383.03";"-209.4698";"-44.57745";"-38.83337";"-297.8789";"-58.76752";"-42.59607";"-209.4698";"-44.57745";"-38.83337";"-297.8789";"-58.76752";"-42.59607"
"16391.38";"-209.394";"-44.55652";"-38.83337";"-297.8789";"-58.73193";"-42.59314";"-209.394";"-44.55652";"-38.83337";"-297.8789";"-58.73193";"-42.59314"
"16399.72";"-209.3709";"-44.55103";"-38.83337";"-297.8789";"-58.71118";"-42.6319";"-209.3709";"-44.55103";"-38.83337";"-297.8789";"-58.71118";"-42.6319"
"16408.06";"-209.369";"-44.51459";"-38.83337";"-297.8789";"-58.64056";"-42.61725";"-209.369";"-44.51459";"-38.83337";"-297.8789";"-58.64056";"-42.61725"
"16416.4";"-209.3395";"-44.51111";"-38.83337";"-297.8789";"-58.63568";"-42.61401";"-209.3395";"-44.51111";"-38.83337";"-297.8789";"-58.63568";"-42.61401"
"16424.74";"-209.2323";"-44.49518";"-38.83337";"-297.8789";"-58.59747";"-42.66022";"-209.2323";"-44.49518";"-38.83337";"-297.8789";"-58.59747";"-42.66022"
"16433.08";"-209.2109";"-44.49463";"-38.83337";"-297.8789";"-58.58588";"-42.6839";"-209.2109";"-44.49463";"-38.83337";"-297.8789";"-58.58588";"-42.6839"
"16441.43";"-209.1937";"-44.45984";"-38.83337";"-297.8789";"-58.53375";"-42.69977";"-209.1937";"-44.45984";"-38.83337";"-297.8789";"-58.53375";"-42.69977"
"16449.77";"-209.1642";"-44.44061";"-38.83337";"-297.8789";"-58.52405";"-42.70001";"-209.1642";"-44.44061";"-38.83337";"-297.8789";"-58.52405";"-42.70001"
"16458.11";"-209.1242";"-44.42548";"-38.83337";"-297.8789";"-58.50848";"-42.70941";"-209.1242";"-44.42548";"-38.83337";"-297.8789";"-58.50848";"-42.70941"
"16466.45";"-209.0978";"-44.42365";"-38.83337";"-297.8789";"-58.47937";"-42.78632";"-209.0978";"-44.42365";"-38.83337";"-297.8789";"-58.47937";"-42.78632"
"16474.79";"-209.0795";"-44.37213";"-38.83337";"-297.8789";"-58.43616";"-42.7998";"-209.0795";"-44.37213";"-38.83337";"-297.8789";"-58.43616";"-42.7998"
"16483.13";"-209.0574";"-44.33673";"-38.83337";"-297.8789";"-58.42206";"-42.82831";"-209.0574";"-44.33673";"-38.83337";"-297.8789";"-58.42206";"-42.82831"
"16491.47";"-209.0168";"-44.33844";"-38.83337";"-297.8789";"-58.40411";"-42.83008";"-209.0168";"-44.33844";"-38.83337";"-297.8789";"-58.40411";"-42.83008"
"16499.82";"-209.0056";"-44.34003";"-38.83337";"-297.8789";"-58.3725";"-42.85345";"-209.0056";"-44.34003";"-38.83337";"-297.8789";"-58.3725";"-42.85345"
"16508.16";"-208.9949";"-44.33496";"-38.83337";"-297.8789";"-58.33978";"-42.87164";"-208.9949";"-44.33496";"-38.83337";"-297.8789";"-58.33978";"-42.87164"
"16516.5";"-208.9728";"-44.30505";"-38.83337";"-297.8789";"-58.32245";"-42.8714";"-208.9728";"-44.30505";"-38.83337";"-297.8789";"-58.32245";"-42.8714"
"16524.84";"-208.9384";"-44.31055";"-38.83337";"-297.8789";"-58.30359";"-42.89722";"-208.9384";"-44.31055";"-38.83337";"-297.8789";"-58.30359";"-42.89722"
"16533.18";"-208.926";"-44.29742";"-38.83337";"-297.8789";"-58.29462";"-42.90912";"-208.926";"-44.29742";"-38.83337";"-297.8789";"-58.29462";"-42.90912"
"16541.53";"-208.8969";"-44.28021";"-38.83337";"-297.8789";"-58.15375";"-42.91388";"-208.8969";"-44.28021";"-38.83337";"-297.8789";"-58.15375";"-42.91388"
"16549.87";"-208.8323";"-44.25854";"-38.83337";"-297.8789";"-58.14288";"-42.94592";"-208.8323";"-44.25854";"-38.83337";"-297.8789";"-58.14288";"-42.94592"
"16558.21";"-208.8351";"-44.25104";"-38.83337";"-297.8789";"-58.14368";"-42.94965";"-208.8351";"-44.25104";"-38.83337";"-297.8789";"-58.14368";"-42.94965"
"16566.55";"-208.8308";"-44.2301";"-38.83337";"-297.8789";"-58.14014";"-42.9574";"-208.8308";"-44.2301";"-38.83337";"-297.8789";"-58.14014";"-42.9574"
"16574.89";"-208.8019";"-44.20844";"-38.83337";"-297.8789";"-58.11169";"-42.96185";"-208.8019";"-44.20844";"-38.83337";"-297.8789";"-58.11169";"-42.96185"
"16583.23";"-208.785";"-44.18689";"-38.83337";"-297.8789";"-58.09961";"-42.97437";"-208.785";"-44.18689";"-38.83337";"-297.8789";"-58.09961";"-42.97437"
"16591.57";"-208.7718";"-44.18811";"-38.83337";"-297.8789";"-58.07349";"-42.96173";"-208.7718";"-44.18811";"-38.83337";"-297.8789";"-58.07349";"-42.96173"
"16599.92";"-208.7313";"-44.18793";"-38.83337";"-297.8789";"-58.06488";"-42.98267";"-208.7313";"-44.18793";"-38.83337";"-297.8789";"-58.06488";"-42.98267"
"16608.26";"-208.7117";"-44.16412";"-38.83337";"-297.8789";"-58.05554";"-42.98785";"-208.7117";"-44.16412";"-38.83337";"-297.8789";"-58.05554";"-42.98785"
"16616.6";"-208.6925";"-44.15509";"-38.83337";"-297.8789";"-58.01074";"-43.00519";"-208.6925";"-44.15509";"-38.83337";"-297.8789";"-58.01074";"-43.00519"
"16624.94";"-208.6064";"-44.15155";"-38.83337";"-297.8789";"-57.8855";"-42.99323";"-208.6064";"-44.15155";"-38.83337";"-297.8789";"-57.8855";"-42.99323"
"16633.28";"-208.6057";"-44.14063";"-38.83337";"-297.8789";"-57.8833";"-43.00323";"-208.6057";"-44.14063";"-38.83337";"-297.8789";"-57.8833";"-43.00323"
"16641.63";"-208.562";"-44.11621";"-38.83337";"-297.8789";"-57.87927";"-43.02356";"-208.562";"-44.11621";"-38.83337";"-297.8789";"-57.87927";"-43.02356"
"16649.97";"-208.5238";"-44.11371";"-38.83337";"-297.8789";"-57.85626";"-43.02942";"-208.5238";"-44.11371";"-38.83337";"-297.8789";"-57.85626";"-43.02942"
"16658.31";"-208.4978";"-43.98846";"-38.83337";"-297.8789";"-57.84143";"-43.05371";"-208.4978";"-43.98846";"-38.83337";"-297.8789";"-57.84143";"-43.05371"
"16666.65";"-208.4733";"-43.9776";"-38.83337";"-297.8789";"-57.82947";"-43.05829";"-208.4733";"-43.9776";"-38.83337";"-297.8789";"-57.82947";"-43.05829"
"16674.99";"-208.4481";"-43.9679";"-38.83337";"-297.8789";"-57.79388";"-43.06494";"-208.4481";"-43.9679";"-38.83337";"-297.8789";"-57.79388";"-43.06494"
"16683.33";"-208.4163";"-43.95288";"-38.83337";"-297.8789";"-57.78839";"-43.07111";"-208.4163";"-43.95288";"-38.83337";"-297.8789";"-57.78839";"-43.07111"
"16691.68";"-208.3953";"-43.94299";"-38.83337";"-297.8789";"-57.76392";"-43.07959";"-208.3953";"-43.94299";"-38.83337";"-297.8789";"-57.76392";"-43.07959"
"16700.02";"-208.3594";"-43.93854";"-38.83337";"-297.8789";"-57.75085";"-43.08582";"-208.3594";"-43.93854";"-38.83337";"-297.8789";"-57.75085";"-43.08582"
"16708.36";"-208.3333";"-43.91547";"-38.83337";"-297.8789";"-57.71655";"-43.1178";"-208.3333";"-43.91547";"-38.83337";"-297.8789";"-57.71655";"-43.1178"
"16716.7";"-208.3204";"-43.90674";"-38.83337";"-297.8789";"-57.68988";"-43.13245";"-208.3204";"-43.90674";"-38.83337";"-297.8789";"-57.68988";"-43.13245"
"16725.04";"-208.2797";"-43.88666";"-38.83337";"-297.8789";"-57.65509";"-43.12946";"-208.2797";"-43.88666";"-38.83337";"-297.8789";"-57.65509";"-43.12946"
"16733.38";"-208.2712";"-43.84369";"-38.83337";"-297.8789";"-57.63788";"-43.13623";"-208.2712";"-43.84369";"-38.83337";"-297.8789";"-57.63788";"-43.13623"
"16741.72";"-208.2231";"-43.85437";"-38.83337";"-297.8789";"-57.61884";"-43.15979";"-208.2231";"-43.85437";"-38.83337";"-297.8789";"-57.61884";"-43.15979"
"16750.07";"-208.2001";"-43.84241";"-38.83337";"-297.8789";"-57.56927";"-43.1615";"-208.2001";"-43.84241";"-38.83337";"-297.8789";"-57.56927";"-43.1615"
"16758.41";"-208.1802";"-43.82172";"-38.83337";"-297.8789";"-57.53674";"-43.17401";"-208.1802";"-43.82172";"-38.83337";"-297.8789";"-57.53674";"-43.17401"
"16766.75";"-208.1573";"-43.79614";"-38.83337";"-297.8789";"-57.53467";"-43.17548";"-208.1573";"-43.79614";"-38.83337";"-297.8789";"-57.53467";"-43.17548"
"16775.09";"-208.1235";"-43.78827";"-38.83337";"-297.8789";"-57.47601";"-43.23767";"-208.1235";"-43.78827";"-38.83337";"-297.8789";"-57.47601";"-43.23767"
"16783.43";"-208.1001";"-43.76855";"-38.83337";"-297.8789";"-57.43805";"-43.24841";"-208.1001";"-43.76855";"-38.83337";"-297.8789";"-57.43805";"-43.24841"
"16791.78";"-208.0631";"-43.75726";"-38.83337";"-297.8789";"-57.44025";"-43.24066";"-208.0631";"-43.75726";"-38.83337";"-297.8789";"-57.44025";"-43.24066"
"16800.12";"-208.0478";"-43.75269";"-38.83337";"-297.8789";"-57.37445";"-43.23981";"-208.0478";"-43.75269";"-38.83337";"-297.8789";"-57.37445";"-43.23981"
"16808.46";"-208.0315";"-43.73419";"-38.83337";"-297.8789";"-57.2475";"-43.24707";"-208.0315";"-43.73419";"-38.83337";"-297.8789";"-57.2475";"-43.24707"
"16816.8";"-208.0104";"-43.73181";"-38.83337";"-297.8789";"-57.26508";"-43.26691";"-208.0104";"-43.73181";"-38.83337";"-297.8789";"-57.26508";"-43.26691"
"16825.14";"-207.9725";"-43.70551";"-38.83337";"-297.8789";"-57.24341";"-43.27332";"-207.9725";"-43.70551";"-38.83337";"-297.8789";"-57.24341";"-43.27332"
"16833.48";"-207.9362";"-43.6828";"-38.83337";"-297.8789";"-57.22101";"-43.29211";"-207.9362";"-43.6828";"-38.83337";"-297.8789";"-57.22101";"-43.29211"
"16841.82";"-207.9012";"-43.69257";"-38.83337";"-297.8789";"-57.2077";"-43.30322";"-207.9012";"-43.69257";"-38.83337";"-297.8789";"-57.2077";"-43.30322"
"16850.17";"-207.9066";"-43.67865";"-38.83337";"-297.8789";"-57.19781";"-43.30334";"-207.9066";"-43.67865";"-38.83337";"-297.8789";"-57.19781";"-43.30334"
"16858.51";"-207.8746";"-43.67523";"-38.83337";"-297.8789";"-57.19196";"-43.30817";"-207.8746";"-43.67523";"-38.83337";"-297.8789";"-57.19196";"-43.30817"
"16866.85";"-207.8578";"-43.66498";"-38.83337";"-297.8789";"-57.17572";"-43.30054";"-207.8578";"-43.66498";"-38.83337";"-297.8789";"-57.17572";"-43.30054"
"16875.19";"-207.8368";"-43.64771";"-38.83337";"-297.8789";"-57.1524";"-43.32513";"-207.8368";"-43.64771";"-38.83337";"-297.8789";"-57.1524";"-43.32513"
"16883.53";"-207.8051";"-43.63464";"-38.83337";"-297.8789";"-57.12994";"-43.33594";"-207.8051";"-43.63464";"-38.83337";"-297.8789";"-57.12994";"-43.33594"
"16891.88";"-207.7728";"-43.60345";"-38.83337";"-297.8789";"-57.10144";"-43.34363";"-207.7728";"-43.60345";"-38.83337";"-297.8789";"-57.10144";"-43.34363"
"16900.22";"-207.7548";"-43.58429";"-38.83337";"-297.8789";"-57.08002";"-43.36115";"-207.7548";"-43.58429";"-38.83337";"-297.8789";"-57.08002";"-43.36115"
"16908.56";"-207.7372";"-43.5719";"-38.83337";"-297.8789";"-57.06812";"-43.37274";"-207.7372";"-43.5719";"-38.83337";"-297.8789";"-57.06812";"-43.37274"
"16916.9";"-207.7181";"-43.55115";"-38.83337";"-297.8789";"-57.03027";"-43.38849";"-207.7181";"-43.55115";"-38.83337";"-297.8789";"-57.03027";"-43.38849"
"16925.24";"-207.7086";"-43.53442";"-38.83337";"-297.8789";"-56.89099";"-43.37238";"-207.7086";"-43.53442";"-38.83337";"-297.8789";"-56.89099";"-43.37238"
"16933.58";"-207.679";"-43.5108";"-38.83337";"-297.8789";"-56.89862";"-43.39618";"-207.679";"-43.5108";"-38.83337";"-297.8789";"-56.89862";"-43.39618"
"16941.93";"-207.6251";"-43.50226";"-38.83337";"-297.8789";"-56.87592";"-43.3963";"-207.6251";"-43.50226";"-38.83337";"-297.8789";"-56.87592";"-43.3963"
"16950.27";"-207.4967";"-43.37219";"-38.83337";"-297.8789";"-56.87152";"-43.40424";"-207.4967";"-43.37219";"-38.83337";"-297.8789";"-56.87152";"-43.40424"
"16958.61";"-207.4476";"-43.3714";"-38.83337";"-297.8789";"-56.84302";"-43.40344";"-207.4476";"-43.3714";"-38.83337";"-297.8789";"-56.84302";"-43.40344"
"16966.95";"-207.4146";"-43.35999";"-38.83337";"-297.8789";"-56.8277";"-43.41193";"-207.4146";"-43.35999";"-38.83337";"-297.8789";"-56.8277";"-43.41193"
"16975.29";"-207.3885";"-43.33978";"-38.83337";"-297.8789";"-56.81488";"-43.41602";"-207.3885";"-43.33978";"-38.83337";"-297.8789";"-56.81488";"-43.41602"
"16983.63";"-207.3658";"-43.3324";"-38.83337";"-297.8789";"-56.78772";"-43.43115";"-207.3658";"-43.3324";"-38.83337";"-297.8789";"-56.78772";"-43.43115"
"16991.97";"-207.2686";"-43.32288";"-38.83337";"-297.8789";"-56.76166";"-43.45038";"-207.2686";"-43.32288";"-38.83337";"-297.8789";"-56.76166";"-43.45038"
"17000.32";"-207.2704";"-43.29883";"-38.83337";"-297.8789";"-56.71375";"-43.46741";"-207.2704";"-43.29883";"-38.83337";"-297.8789";"-56.71375";"-43.46741"
"17008.66";"-207.2619";"-43.26532";"-38.83337";"-297.8789";"-56.57013";"-43.49249";"-207.2619";"-43.26532";"-38.83337";"-297.8789";"-56.57013";"-43.49249"
"17017";"-207.2446";"-43.26184";"-38.83337";"-297.8789";"-56.50934";"-43.50079";"-207.2446";"-43.26184";"-38.83337";"-297.8789";"-56.50934";"-43.50079"
"17025.34";"-207.2324";"-43.26501";"-38.83337";"-297.8789";"-56.58008";"-43.49445";"-207.2324";"-43.26501";"-38.83337";"-297.8789";"-56.58008";"-43.49445"
"17033.68";"-207.1907";"-43.24249";"-38.83337";"-297.8789";"-56.51416";"-43.52612";"-207.1907";"-43.24249";"-38.83337";"-297.8789";"-56.51416";"-43.52612"
"17042.03";"-207.1345";"-43.22308";"-38.83337";"-297.8789";"-56.50769";"-43.50323";"-207.1345";"-43.22308";"-38.83337";"-297.8789";"-56.50769";"-43.50323"
"17050.37";"-207.1248";"-43.21088";"-38.83337";"-297.8789";"-56.46387";"-43.60089";"-207.1248";"-43.21088";"-38.83337";"-297.8789";"-56.46387";"-43.60089"
"17058.71";"-207.0553";"-43.17548";"-38.83337";"-297.8789";"-56.4129";"-43.70404";"-207.0553";"-43.17548";"-38.83337";"-297.8789";"-56.4129";"-43.70404"
"17067.05";"-207.0458";"-43.15393";"-38.83337";"-297.8789";"-56.37964";"-43.69305";"-207.0458";"-43.15393";"-38.83337";"-297.8789";"-56.37964";"-43.69305"
"17075.39";"-207.0297";"-43.15778";"-38.83337";"-297.8789";"-56.37451";"-43.70862";"-207.0297";"-43.15778";"-38.83337";"-297.8789";"-56.37451";"-43.70862"
"17083.73";"-207.0102";"-43.15118";"-38.83337";"-297.8789";"-56.37531";"-43.7041";"-207.0102";"-43.15118";"-38.83337";"-297.8789";"-56.37531";"-43.7041"
"17092.07";"-206.9714";"-43.13031";"-38.83337";"-297.8789";"-56.32825";"-43.72009";"-206.9714";"-43.13031";"-38.83337";"-297.8789";"-56.32825";"-43.72009"
"17100.42";"-206.9717";"-43.12903";"-38.83337";"-297.8789";"-56.29193";"-43.73517";"-206.9717";"-43.12903";"-38.83337";"-297.8789";"-56.29193";"-43.73517"
"17108.76";"-206.9508";"-43.10822";"-38.83337";"-297.8789";"-56.29095";"-43.74786";"-206.9508";"-43.10822";"-38.83337";"-297.8789";"-56.29095";"-43.74786"
"17117.1";"-206.9429";"-43.09656";"-38.83337";"-297.8789";"-56.25012";"-43.7674";"-206.9429";"-43.09656";"-38.83337";"-297.8789";"-56.25012";"-43.7674"
"17125.44";"-206.9069";"-43.09991";"-38.83337";"-297.8789";"-56.22784";"-43.77783";"-206.9069";"-43.09991";"-38.83337";"-297.8789";"-56.22784";"-43.77783"
"17133.78";"-206.8856";"-43.07257";"-38.83337";"-297.8789";"-56.2113";"-43.78589";"-206.8856";"-43.07257";"-38.83337";"-297.8789";"-56.2113";"-43.78589"
"17142.13";"-206.8452";"-43.0553";"-38.83337";"-297.8789";"-56.06812";"-43.78632";"-206.8452";"-43.0553";"-38.83337";"-297.8789";"-56.06812";"-43.78632"
"17150.47";"-206.8105";"-43.0282";"-38.83337";"-297.8789";"-56.06763";"-43.80524";"-206.8105";"-43.0282";"-38.83337";"-297.8789";"-56.06763";"-43.80524"
"17158.81";"-206.7855";"-43.03656";"-38.83337";"-297.8789";"-56.05792";"-43.81";"-206.7855";"-43.03656";"-38.83337";"-297.8789";"-56.05792";"-43.81"
"17167.15";"-206.7733";"-43.04669";"-38.83337";"-297.8789";"-56.05872";"-43.81219";"-206.7733";"-43.04669";"-38.83337";"-297.8789";"-56.05872";"-43.81219"
"17175.49";"-206.751";"-43.02747";"-38.83337";"-297.8789";"-56.03473";"-43.82153";"-206.751";"-43.02747";"-38.83337";"-297.8789";"-56.03473";"-43.82153"
"17183.83";"-206.7316";"-43.03717";"-38.83337";"-297.8789";"-56.03558";"-43.82977";"-206.7316";"-43.03717";"-38.83337";"-297.8789";"-56.03558";"-43.82977"
"17192.18";"-206.6927";"-43.00861";"-38.83337";"-297.8789";"-55.98346";"-43.85834";"-206.6927";"-43.00861";"-38.83337";"-297.8789";"-55.98346";"-43.85834"
"17200.52";"-206.6708";"-42.99976";"-38.83337";"-297.8789";"-55.97424";"-43.86841";"-206.6708";"-42.99976";"-38.83337";"-297.8789";"-55.97424";"-43.86841"
"17208.86";"-206.6428";"-42.96216";"-38.83337";"-297.8789";"-55.96106";"-43.87006";"-206.6428";"-42.96216";"-38.83337";"-297.8789";"-55.96106";"-43.87006"
"17217.2";"-206.6356";"-42.94745";"-38.83337";"-297.8789";"-55.94421";"-43.87305";"-206.6356";"-42.94745";"-38.83337";"-297.8789";"-55.94421";"-43.87305"
"17225.54";"-206.5782";"-42.94055";"-38.83337";"-297.8789";"-55.87341";"-43.91071";"-206.5782";"-42.94055";"-38.83337";"-297.8789";"-55.87341";"-43.91071"
"17233.88";"-206.549";"-42.92688";"-38.83337";"-297.8789";"-55.8703";"-43.91437";"-206.549";"-42.92688";"-38.83337";"-297.8789";"-55.8703";"-43.91437"
"17242.22";"-206.4449";"-42.83557";"-38.9834";"-297.6866";"-55.85083";"-43.91553";"-206.4449";"-42.83557";"-38.9834";"-297.6866";"-55.85083";"-43.91553"
"17250.57";"-206.4197";"-42.81848";"-39.06805";"-298.0323";"-55.81903";"-43.93274";"-206.4197";"-42.81848";"-39.06805";"-298.0323";"-55.81903";"-43.93274"
"17258.91";"-206.4253";"-42.7782";"-38.96552";"-297.9426";"-55.78564";"-43.93964";"-206.4253";"-42.7782";"-38.96552";"-297.9426";"-55.78564";"-43.93964"
"17267.25";"-206.3932";"-42.77118";"-39.27576";"-298.0242";"-55.77289";"-43.94556";"-206.3932";"-42.77118";"-39.27576";"-298.0242";"-55.77289";"-43.94556"
"17275.59";"-206.3835";"-42.75171";"-39.27576";"-298.0242";"-55.73248";"-43.96362";"-206.3835";"-42.75171";"-39.27576";"-298.0242";"-55.73248";"-43.96362"
"17283.93";"-206.3595";"-42.7442";"-39.27576";"-298.0242";"-55.71204";"-43.97186";"-206.3595";"-42.7442";"-39.27576";"-298.0242";"-55.71204";"-43.97186"
"17292.28";"-206.313";"-42.71472";"-39.27576";"-298.0242";"-55.67828";"-43.96875";"-206.313";"-42.71472";"-39.27576";"-298.0242";"-55.67828";"-43.96875"
"17300.62";"-206.3046";"-42.70758";"-39.27576";"-298.0242";"-55.63892";"-44.00079";"-206.3046";"-42.70758";"-39.27576";"-298.0242";"-55.63892";"-44.00079"
"17308.96";"-206.2896";"-42.70844";"-39.1568";"-298.1663";"-55.67798";"-43.96906";"-206.2896";"-42.70844";"-39.1568";"-298.1663";"-55.67798";"-43.96906"
"17317.3";"-206.2474";"-42.69342";"-39.01489";"-298.0047";"-55.4671";"-44.01318";"-206.2474";"-42.69342";"-39.01489";"-298.0047";"-55.4671";"-44.01318"
"17325.64";"-206.1489";"-42.70416";"-38.71722";"-296.9158";"-55.46301";"-44.07294";"-206.1489";"-42.70416";"-38.71722";"-296.9158";"-55.46301";"-44.07294"
"17333.98";"-206.141";"-42.69635";"-40";"-299";"-55.46216";"-44.07251";"-206.141";"-42.69635";"-40";"-299";"-55.46216";"-44.07251"
"17342.32";"-206.1036";"-42.66803";"-40.02362";"-297.0605";"-55.46063";"-44.07141";"-206.1036";"-42.66803";"-40.02362";"-297.0605";"-55.46063";"-44.07141"
"17350.67";"-206.092";"-42.65198";"-40.08868";"-296.7769";"-55.44147";"-44.07483";"-206.092";"-42.65198";"-40.08868";"-296.7769";"-55.44147";"-44.07483"
"17359.01";"-206.0633";"-42.64093";"-40.38629";"-297.2718";"-55.43011";"-44.10901";"-206.0633";"-42.64093";"-40.38629";"-297.2718";"-55.43011";"-44.10901"
"17367.35";"-206.0469";"-42.64063";"-39.86664";"-297.0179";"-55.41772";"-44.11603";"-206.0469";"-42.64063";"-39.86664";"-297.0179";"-55.41772";"-44.11603"
"17375.69";"-206.0364";"-42.60345";"-39.4873";"-296.7614";"-55.39288";"-44.1167";"-206.0364";"-42.60345";"-39.4873";"-296.7614";"-55.39288";"-44.1167"
"17384.03";"-205.9951";"-42.57471";"-38.87482";"-297.1245";"-55.39185";"-44.11694";"-205.9951";"-42.57471";"-38.87482";"-297.1245";"-55.39185";"-44.11694"
"17392.38";"-205.9559";"-42.56525";"-39.05353";"-296.663";"-55.19971";"-44.11859";"-205.9559";"-42.56525";"-39.05353";"-296.663";"-55.19971";"-44.11859"
"17400.72";"-205.9417";"-42.56549";"-38.78314";"-297.7076";"-55.1922";"-44.27563";"-205.9417";"-42.56549";"-38.78314";"-297.7076";"-55.1922";"-44.27563"
"17409.06";"-205.9069";"-42.54291";"-39.93665";"-297.9637";"-55.17957";"-44.27869";"-205.9069";"-42.54291";"-39.93665";"-297.9637";"-55.17957";"-44.27869"
"17417.4";"-205.9118";"-42.50867";"-39.65576";"-295.9863";"-55.17883";"-44.2782";"-205.9118";"-42.50867";"-39.65576";"-295.9863";"-55.17883";"-44.2782"
"17425.74";"-205.7874";"-42.49945";"-39.65576";"-295.9863";"-55.17078";"-44.26343";"-205.7874";"-42.49945";"-39.65576";"-295.9863";"-55.17078";"-44.26343"
"17434.08";"-205.7607";"-42.49506";"-39.65576";"-295.9863";"-55.11371";"-44.25098";"-205.7607";"-42.49506";"-39.65576";"-295.9863";"-55.11371";"-44.25098"
"17442.43";"-205.7167";"-42.48352";"-41";"-298";"-54.95544";"-44.24945";"-205.7167";"-42.48352";"-41";"-298";"-54.95544";"-44.24945"
"17450.77";"-205.6931";"-42.45239";"-40.94666";"-297.7269";"-54.95685";"-44.25079";"-205.6931";"-42.45239";"-40.94666";"-297.7269";"-54.95685";"-44.25079"
"17459.11";"-205.607";"-42.45795";"-41.70563";"-297.8619";"-54.96509";"-44.26691";"-205.607";"-42.45795";"-41.70563";"-297.8619";"-54.96509";"-44.26691"
"17467.45";"-205.5729";"-42.44611";"-41.96942";"-298.0576";"-54.96576";"-44.26807";"-205.5729";"-42.44611";"-41.96942";"-298.0576";"-54.96576";"-44.26807"
"17475.79";"-205.5795";"-42.46057";"-43";"-300";"-54.9599";"-44.27045";"-205.5795";"-42.46057";"-43";"-300";"-54.9599";"-44.27045"
"17484.13";"-205.5699";"-42.44";"-44.02588";"-300.5354";"-54.94073";"-44.27313";"-205.5699";"-42.44";"-44.02588";"-300.5354";"-54.94073";"-44.27313"
"17492.47";"-205.5422";"-42.4079";"-44.02588";"-300.5354";"-54.92224";"-44.28094";"-205.5422";"-42.4079";"-44.02588";"-300.5354";"-54.92224";"-44.28094"
"17500.82";"-205.4975";"-42.30353";"-44.02588";"-300.5354";"-54.90503";"-44.29706";"-205.4975";"-42.30353";"-44.02588";"-300.5354";"-54.90503";"-44.29706"
"17509.16";"-205.4847";"-42.29114";"-44.02588";"-300.5354";"-54.85858";"-44.31769";"-205.4847";"-42.29114";"-44.02588";"-300.5354";"-54.85858";"-44.31769"
"17517.5";"-205.4546";"-42.25989";"-44.02588";"-300.5354";"-54.8559";"-44.32172";"-205.4546";"-42.25989";"-44.02588";"-300.5354";"-54.8559";"-44.32172"
"17525.84";"-205.4033";"-42.2229";"-44.02588";"-300.5354";"-54.83704";"-44.32794";"-205.4033";"-42.2229";"-44.02588";"-300.5354";"-54.83704";"-44.32794"
"17534.18";"-205.3951";"-42.22186";"-44.02588";"-300.5354";"-54.82709";"-44.33112";"-205.3951";"-42.22186";"-44.02588";"-300.5354";"-54.82709";"-44.33112"
"17542.53";"-205.3389";"-42.20782";"-44.02588";"-300.5354";"-54.78809";"-44.36011";"-205.3389";"-42.20782";"-44.02588";"-300.5354";"-54.78809";"-44.36011"
"17550.87";"-205.2556";"-42.14648";"-44.02588";"-300.5354";"-54.67352";"-44.3847";"-205.2556";"-42.14648";"-44.02588";"-300.5354";"-54.67352";"-44.3847"
"17559.21";"-205.246";"-42.14191";"-44.02588";"-300.5354";"-54.67365";"-44.39587";"-205.246";"-42.14191";"-44.02588";"-300.5354";"-54.67365";"-44.39587"
"17567.55";"-205.2476";"-42.13745";"-44.02588";"-300.5354";"-54.66803";"-44.40125";"-205.2476";"-42.13745";"-44.02588";"-300.5354";"-54.66803";"-44.40125"
"17575.89";"-205.2209";"-42.13562";"-44.02588";"-300.5354";"-54.61688";"-44.39453";"-205.2209";"-42.13562";"-44.02588";"-300.5354";"-54.61688";"-44.39453"
"17584.23";"-205.1917";"-42.1319";"-44.02588";"-300.5354";"-54.59387";"-44.4079";"-205.1917";"-42.1319";"-44.02588";"-300.5354";"-54.59387";"-44.4079"
"17592.57";"-205.1573";"-42.10132";"-44.02588";"-300.5354";"-54.59235";"-44.42493";"-205.1573";"-42.10132";"-44.02588";"-300.5354";"-54.59235";"-44.42493"
"17600.92";"-205.142";"-42.10223";"-44.02588";"-300.5354";"-54.55005";"-44.43054";"-205.142";"-42.10223";"-44.02588";"-300.5354";"-54.55005";"-44.43054"
"17609.26";"-205.1252";"-42.06958";"-44.02588";"-300.5354";"-54.51825";"-44.44696";"-205.1252";"-42.06958";"-44.02588";"-300.5354";"-54.51825";"-44.44696"
"17617.6";"-205.1122";"-42.05615";"-44.02588";"-300.5354";"-54.41205";"-44.50391";"-205.1122";"-42.05615";"-44.02588";"-300.5354";"-54.41205";"-44.50391"
"17625.94";"-205.068";"-42.03326";"-44.02588";"-300.5354";"-54.28931";"-44.50726";"-205.068";"-42.03326";"-44.02588";"-300.5354";"-54.28931";"-44.50726"
"17634.28";"-205.0461";"-42.02722";"-44.02588";"-300.5354";"-54.30139";"-44.53064";"-205.0461";"-42.02722";"-44.02588";"-300.5354";"-54.30139";"-44.53064"
"17642.63";"-205.0172";"-42.00244";"-44.02588";"-300.5354";"-54.27924";"-44.54913";"-205.0172";"-42.00244";"-44.02588";"-300.5354";"-54.27924";"-44.54913"
"17650.97";"-204.9988";"-41.99603";"-44.02588";"-300.5354";"-54.27472";"-44.57922";"-204.9988";"-41.99603";"-44.02588";"-300.5354";"-54.27472";"-44.57922"
"17659.31";"-204.9207";"-41.98114";"-44.02588";"-300.5354";"-54.2406";"-44.58777";"-204.9207";"-41.98114";"-44.02588";"-300.5354";"-54.2406";"-44.58777"
"17667.65";"-204.9094";"-41.9729";"-44.02588";"-300.5354";"-54.19971";"-44.63092";"-204.9094";"-41.9729";"-44.02588";"-300.5354";"-54.19971";"-44.63092"
"17675.99";"-204.8709";"-41.96313";"-44.02588";"-300.5354";"-54.1814";"-44.6402";"-204.8709";"-41.96313";"-44.02588";"-300.5354";"-54.1814";"-44.6402"
"17684.33";"-204.8583";"-41.93646";"-44.02588";"-300.5354";"-54.15173";"-44.64612";"-204.8583";"-41.93646";"-44.02588";"-300.5354";"-54.15173";"-44.64612"
"17692.68";"-204.8039";"-41.93439";"-44.02588";"-300.5354";"-54.06195";"-44.69928";"-204.8039";"-41.93439";"-44.02588";"-300.5354";"-54.06195";"-44.69928"
"17701.02";"-204.806";"-41.90033";"-44.02588";"-300.5354";"-54.06238";"-44.70099";"-204.806";"-41.90033";"-44.02588";"-300.5354";"-54.06238";"-44.70099"
"17709.36";"-204.7571";"-41.90637";"-44.02588";"-300.5354";"-54.04034";"-44.70929";"-204.7571";"-41.90637";"-44.02588";"-300.5354";"-54.04034";"-44.70929"
"17717.7";"-204.7345";"-41.88922";"-44.02588";"-300.5354";"-54.02515";"-44.71484";"-204.7345";"-41.88922";"-44.02588";"-300.5354";"-54.02515";"-44.71484"
"17726.04";"-204.711";"-41.86493";"-44.02588";"-300.5354";"-53.99219";"-44.73877";"-204.711";"-41.86493";"-44.02588";"-300.5354";"-53.99219";"-44.73877"
"17734.38";"-204.6837";"-41.84338";"-44.02588";"-300.5354";"-53.97009";"-44.776";"-204.6837";"-41.84338";"-44.02588";"-300.5354";"-53.97009";"-44.776"
"17742.72";"-204.6079";"-41.81445";"-44.02588";"-300.5354";"-53.96387";"-44.79242";"-204.6079";"-41.81445";"-44.02588";"-300.5354";"-53.96387";"-44.79242"
"17751.07";"-204.5861";"-41.79956";"-44.02588";"-300.5354";"-53.93616";"-44.79657";"-204.5861";"-41.79956";"-44.02588";"-300.5354";"-53.93616";"-44.79657"
"17759.41";"-204.5592";"-41.7771";"-44.02588";"-300.5354";"-53.88513";"-44.82568";"-204.5592";"-41.7771";"-44.02588";"-300.5354";"-53.88513";"-44.82568"
"17767.75";"-204.517";"-41.76501";"-44.02588";"-300.5354";"-53.86542";"-44.84357";"-204.517";"-41.76501";"-44.02588";"-300.5354";"-53.86542";"-44.84357"
"17776.09";"-204.4812";"-41.65137";"-44.02588";"-300.5354";"-53.84375";"-44.83936";"-204.4812";"-41.65137";"-44.02588";"-300.5354";"-53.84375";"-44.83936"
"17784.43";"-204.4706";"-41.64362";"-44.02588";"-300.5354";"-53.82916";"-44.84967";"-204.4706";"-41.64362";"-44.02588";"-300.5354";"-53.82916";"-44.84967"
"17792.78";"-204.4647";"-41.61707";"-44.02588";"-300.5354";"-53.80042";"-44.85669";"-204.4647";"-41.61707";"-44.02588";"-300.5354";"-53.80042";"-44.85669"
"17801.12";"-204.4303";"-41.5954";"-44.02588";"-300.5354";"-53.78003";"-44.86829";"-204.4303";"-41.5954";"-44.02588";"-300.5354";"-53.78003";"-44.86829"
"17809.46";"-204.3818";"-41.59406";"-44.02588";"-300.5354";"-53.76215";"-44.89764";"-204.3818";"-41.59406";"-44.02588";"-300.5354";"-53.76215";"-44.89764"
"17817.8";"-204.3522";"-41.56769";"-44.02588";"-300.5354";"-53.72961";"-44.92126";"-204.3522";"-41.56769";"-44.02588";"-300.5354";"-53.72961";"-44.92126"
"17826.14";"-204.3333";"-41.55084";"-44.02588";"-300.5354";"-53.72784";"-44.91327";"-204.3333";"-41.55084";"-44.02588";"-300.5354";"-53.72784";"-44.91327"
"17834.48";"-204.305";"-41.52679";"-44.02588";"-300.5354";"-53.70001";"-44.93024";"-204.305";"-41.52679";"-44.02588";"-300.5354";"-53.70001";"-44.93024"
"17842.82";"-204.2784";"-41.50891";"-44.02588";"-300.5354";"-53.65582";"-44.95215";"-204.2784";"-41.50891";"-44.02588";"-300.5354";"-53.65582";"-44.95215"
"17851.17";"-204.1669";"-41.46875";"-44.02588";"-300.5354";"-53.64355";"-44.95807";"-204.1669";"-41.46875";"-44.02588";"-300.5354";"-53.64355";"-44.95807"
"17859.51";"-204.0967";"-41.44098";"-44.02588";"-300.5354";"-53.59564";"-44.98254";"-204.0967";"-41.44098";"-44.02588";"-300.5354";"-53.59564";"-44.98254"
"17867.85";"-204.0797";"-41.43317";"-44.02588";"-300.5354";"-53.59167";"-44.98303";"-204.0797";"-41.43317";"-44.02588";"-300.5354";"-53.59167";"-44.98303"
"17876.19";"-204.0204";"-41.39728";"-44.02588";"-300.5354";"-53.43353";"-45.07495";"-204.0204";"-41.39728";"-44.02588";"-300.5354";"-53.43353";"-45.07495"
"17884.53";"-204.0157";"-41.38007";"-44.02588";"-300.5354";"-53.42511";"-45.0799";"-204.0157";"-41.38007";"-44.02588";"-300.5354";"-53.42511";"-45.0799"
"17892.88";"-203.9913";"-41.37695";"-44.02588";"-300.5354";"-53.41211";"-45.0921";"-203.9913";"-41.37695";"-44.02588";"-300.5354";"-53.41211";"-45.0921"
"17901.22";"-203.9688";"-41.34991";"-44.02588";"-300.5354";"-53.40558";"-45.09521";"-203.9688";"-41.34991";"-44.02588";"-300.5354";"-53.40558";"-45.09521"
"17909.56";"-203.9495";"-41.32892";"-44.02588";"-300.5354";"-53.3833";"-45.1001";"-203.9495";"-41.32892";"-44.02588";"-300.5354";"-53.3833";"-45.1001"
"17917.9";"-203.9181";"-41.30225";"-44.02588";"-300.5354";"-53.33459";"-45.12299";"-203.9181";"-41.30225";"-44.02588";"-300.5354";"-53.33459";"-45.12299"
"17926.24";"-203.8991";"-41.29797";"-44.02588";"-300.5354";"-53.29498";"-45.13623";"-203.8991";"-41.29797";"-44.02588";"-300.5354";"-53.29498";"-45.13623"
"17934.58";"-203.8486";"-41.27753";"-44.02588";"-300.5354";"-53.28101";"-45.1593";"-203.8486";"-41.27753";"-44.02588";"-300.5354";"-53.28101";"-45.1593"
"17942.93";"-203.8309";"-41.25177";"-44.02588";"-300.5354";"-53.22095";"-45.15839";"-203.8309";"-41.25177";"-44.02588";"-300.5354";"-53.22095";"-45.15839"
"17951.27";"-203.8129";"-41.23309";"-44.02588";"-300.5354";"-53.19702";"-45.16803";"-203.8129";"-41.23309";"-44.02588";"-300.5354";"-53.19702";"-45.16803"
"17959.61";"-203.7305";"-41.20331";"-44.02588";"-300.5354";"-53.16766";"-45.20575";"-203.7305";"-41.20331";"-44.02588";"-300.5354";"-53.16766";"-45.20575"
"17967.95";"-203.709";"-41.17572";"-44.02588";"-300.5354";"-53.14032";"-45.21246";"-203.709";"-41.17572";"-44.02588";"-300.5354";"-53.14032";"-45.21246"
"17976.29";"-203.5762";"-41.17224";"-44.02588";"-300.5354";"-53.1142";"-45.2124";"-203.5762";"-41.17224";"-44.02588";"-300.5354";"-53.1142";"-45.2124"
"17984.63";"-203.5791";"-41.16382";"-44.02588";"-300.5354";"-53.09827";"-45.21899";"-203.5791";"-41.16382";"-44.02588";"-300.5354";"-53.09827";"-45.21899"
"17992.97";"-203.5341";"-41.15118";"-44.02588";"-300.5354";"-52.95544";"-45.23853";"-203.5341";"-41.15118";"-44.02588";"-300.5354";"-52.95544";"-45.23853"
"18001.32";"-203.5179";"-41.13995";"-44.02588";"-300.5354";"-52.95703";"-45.25024";"-203.5179";"-41.13995";"-44.02588";"-300.5354";"-52.95703";"-45.25024"
"18009.66";"-203.4845";"-41.03973";"-44.02588";"-300.5354";"-52.94781";"-45.24304";"-203.4845";"-41.03973";"-44.02588";"-300.5354";"-52.94781";"-45.24304"
"18018";"-203.455";"-41.00555";"-44.02588";"-300.5354";"-52.9469";"-45.24323";"-203.455";"-41.00555";"-44.02588";"-300.5354";"-52.9469";"-45.24323"
"18026.34";"-203.4279";"-40.99725";"-44.02588";"-300.5354";"-52.91284";"-45.28992";"-203.4279";"-40.99725";"-44.02588";"-300.5354";"-52.91284";"-45.28992"
"18034.68";"-203.3868";"-40.96796";"-44.02588";"-300.5354";"-52.89233";"-45.29102";"-203.3868";"-40.96796";"-44.02588";"-300.5354";"-52.89233";"-45.29102"
"18043.03";"-203.3789";"-40.95856";"-44.02588";"-300.5354";"-52.82562";"-45.31598";"-203.3789";"-40.95856";"-44.02588";"-300.5354";"-52.82562";"-45.31598"
"18051.37";"-203.357";"-40.9411";"-44.02588";"-300.5354";"-52.81018";"-45.33252";"-203.357";"-40.9411";"-44.02588";"-300.5354";"-52.81018";"-45.33252"
"18059.71";"-203.2836";"-40.87146";"-44.02588";"-300.5354";"-52.75757";"-45.37946";"-203.2836";"-40.87146";"-44.02588";"-300.5354";"-52.75757";"-45.37946"
"18068.05";"-203.2737";"-40.86743";"-44.02588";"-300.5354";"-52.76349";"-45.38135";"-203.2737";"-40.86743";"-44.02588";"-300.5354";"-52.76349";"-45.38135"
"18076.39";"-203.2612";"-40.83191";"-44.02588";"-300.5354";"-52.72565";"-45.40179";"-203.2612";"-40.83191";"-44.02588";"-300.5354";"-52.72565";"-45.40179"
"18084.73";"-203.2532";"-40.81836";"-44.02588";"-300.5354";"-52.70599";"-45.40271";"-203.2532";"-40.81836";"-44.02588";"-300.5354";"-52.70599";"-45.40271"
"18093.07";"-203.2065";"-40.81757";"-44.02588";"-300.5354";"-52.66809";"-45.40936";"-203.2065";"-40.81757";"-44.02588";"-300.5354";"-52.66809";"-45.40936"
"18101.42";"-203.1765";"-40.79889";"-44.02588";"-300.5354";"-52.64752";"-45.42188";"-203.1765";"-40.79889";"-44.02588";"-300.5354";"-52.64752";"-45.42188"
"18109.76";"-203.1458";"-40.79712";"-44.02588";"-300.5354";"-52.6153";"-45.42651";"-203.1458";"-40.79712";"-44.02588";"-300.5354";"-52.6153";"-45.42651"
"18118.1";"-203.1212";"-40.78119";"-44.02588";"-300.5354";"-52.57727";"-45.43524";"-203.1212";"-40.78119";"-44.02588";"-300.5354";"-52.57727";"-45.43524"
"18126.44";"-202.9993";"-40.78284";"-44.02588";"-300.5354";"-52.46466";"-45.48511";"-202.9993";"-40.78284";"-44.02588";"-300.5354";"-52.46466";"-45.48511"
"18134.78";"-202.9936";"-40.75769";"-44.02588";"-300.5354";"-52.45935";"-45.49866";"-202.9936";"-40.75769";"-44.02588";"-300.5354";"-52.45935";"-45.49866"
"18143.13";"-202.9781";"-40.71472";"-44.02588";"-300.5354";"-52.34125";"-45.50934";"-202.9781";"-40.71472";"-44.02588";"-300.5354";"-52.34125";"-45.50934"
"18151.47";"-202.96";"-40.69666";"-44.02588";"-300.5354";"-52.31885";"-45.55078";"-202.96";"-40.69666";"-44.02588";"-300.5354";"-52.31885";"-45.55078"
"18159.81";"-202.9451";"-40.66681";"-44.02588";"-300.5354";"-52.29749";"-45.56201";"-202.9451";"-40.66681";"-44.02588";"-300.5354";"-52.29749";"-45.56201"
"18168.15";"-202.9131";"-40.64886";"-44.02588";"-300.5354";"-52.27429";"-45.59961";"-202.9131";"-40.64886";"-44.02588";"-300.5354";"-52.27429";"-45.59961"
"18176.49";"-202.8804";"-40.63202";"-44.02588";"-300.5354";"-52.25134";"-45.59741";"-202.8804";"-40.63202";"-44.02588";"-300.5354";"-52.25134";"-45.59741"
"18184.83";"-202.8584";"-40.61389";"-44.02588";"-300.5354";"-52.20813";"-45.65051";"-202.8584";"-40.61389";"-44.02588";"-300.5354";"-52.20813";"-45.65051"
"18193.18";"-202.8146";"-40.61652";"-44.02588";"-300.5354";"-52.1308";"-45.66193";"-202.8146";"-40.61652";"-44.02588";"-300.5354";"-52.1308";"-45.66193"
"18201.52";"-202.7946";"-40.57556";"-44.02588";"-300.5354";"-52.12439";"-45.69629";"-202.7946";"-40.57556";"-44.02588";"-300.5354";"-52.12439";"-45.69629"
"18209.86";"-202.7682";"-40.55402";"-44.02588";"-300.5354";"-52.09601";"-45.70868";"-202.7682";"-40.55402";"-44.02588";"-300.5354";"-52.09601";"-45.70868"
"18218.2";"-202.6056";"-40.53448";"-44.02588";"-300.5354";"-52.07758";"-45.72125";"-202.6056";"-40.53448";"-44.02588";"-300.5354";"-52.07758";"-45.72125"
"18226.54";"-202.5882";"-40.5332";"-44.02588";"-300.5354";"-52.03876";"-45.73004";"-202.5882";"-40.5332";"-44.02588";"-300.5354";"-52.03876";"-45.73004"
"18234.88";"-202.5887";"-40.5329";"-44.02588";"-300.5354";"-52.0163";"-45.75934";"-202.5887";"-40.5329";"-44.02588";"-300.5354";"-52.0163";"-45.75934"
"18243.22";"-202.4705";"-40.39587";"-44.02588";"-300.5354";"-51.92981";"-45.77277";"-202.4705";"-40.39587";"-44.02588";"-300.5354";"-51.92981";"-45.77277"
"18251.57";"-202.4485";"-40.37439";"-44.02588";"-300.5354";"-51.92493";"-45.77826";"-202.4485";"-40.37439";"-44.02588";"-300.5354";"-51.92493";"-45.77826"
"18259.91";"-202.4128";"-40.32635";"-44.02588";"-300.5354";"-51.90723";"-45.82391";"-202.4128";"-40.32635";"-44.02588";"-300.5354";"-51.90723";"-45.82391"
"18268.25";"-202.3807";"-40.30878";"-44.02588";"-300.5354";"-51.87878";"-45.82617";"-202.3807";"-40.30878";"-44.02588";"-300.5354";"-51.87878";"-45.82617"
"18276.59";"-202.3693";"-40.29987";"-44.02588";"-300.5354";"-51.84027";"-45.86938";"-202.3693";"-40.29987";"-44.02588";"-300.5354";"-51.84027";"-45.86938"
"18284.93";"-202.3331";"-40.29089";"-44.02588";"-300.5354";"-51.80328";"-45.87848";"-202.3331";"-40.29089";"-44.02588";"-300.5354";"-51.80328";"-45.87848"
"18293.28";"-202.272";"-40.27576";"-44.02588";"-300.5354";"-51.77802";"-45.86273";"-202.272";"-40.27576";"-44.02588";"-300.5354";"-51.77802";"-45.86273"
"18301.62";"-202.2492";"-40.23413";"-44.02588";"-300.5354";"-51.75885";"-45.91254";"-202.2492";"-40.23413";"-44.02588";"-300.5354";"-51.75885";"-45.91254"
"18309.96";"-202.1372";"-40.25201";"-44.02588";"-300.5354";"-51.70026";"-45.89124";"-202.1372";"-40.25201";"-44.02588";"-300.5354";"-51.70026";"-45.89124"
"18318.3";"-202.1234";"-40.22052";"-44.02588";"-300.5354";"-51.67432";"-45.90607";"-202.1234";"-40.22052";"-44.02588";"-300.5354";"-51.67432";"-45.90607"
"18326.64";"-202.1165";"-40.21375";"-44.02588";"-300.5354";"-51.65393";"-45.92517";"-202.1165";"-40.21375";"-44.02588";"-300.5354";"-51.65393";"-45.92517"
"18334.98";"-202.0896";"-40.18176";"-44.02588";"-300.5354";"-51.61377";"-45.94824";"-202.0896";"-40.18176";"-44.02588";"-300.5354";"-51.61377";"-45.94824"
"18343.32";"-202.0815";"-40.14758";"-44.02588";"-300.5354";"-51.57892";"-45.96075";"-202.0815";"-40.14758";"-44.02588";"-300.5354";"-51.57892";"-45.96075"
"18351.67";"-202.0547";"-40.1283";"-44.02588";"-300.5354";"-51.55615";"-45.97784";"-202.0547";"-40.1283";"-44.02588";"-300.5354";"-51.55615";"-45.97784"
"18360.01";"-201.9421";"-40.1095";"-44.02588";"-300.5354";"-51.51074";"-45.99536";"-201.9421";"-40.1095";"-44.02588";"-300.5354";"-51.51074";"-45.99536"
"18368.35";"-201.947";"-40.10919";"-44.02588";"-300.5354";"-51.4762";"-46.06354";"-201.947";"-40.10919";"-44.02588";"-300.5354";"-51.4762";"-46.06354"
"18376.69";"-201.9254";"-40.07336";"-44.02588";"-300.5354";"-51.40179";"-46.09369";"-201.9254";"-40.07336";"-44.02588";"-300.5354";"-51.40179";"-46.09369"
"18385.03";"-201.9127";"-40.0639";"-44.02588";"-300.5354";"-51.38373";"-46.10388";"-201.9127";"-40.0639";"-44.02588";"-300.5354";"-51.38373";"-46.10388"
"18393.38";"-201.8625";"-40.0636";"-44.02588";"-300.5354";"-51.3631";"-46.11322";"-201.8625";"-40.0636";"-44.02588";"-300.5354";"-51.3631";"-46.11322"
"18401.72";"-201.8436";"-40.05023";"-44.02588";"-300.5354";"-51.33655";"-46.11566";"-201.8436";"-40.05023";"-44.02588";"-300.5354";"-51.33655";"-46.11566"
"18410.06";"-201.8121";"-40.0293";"-44.02588";"-300.5354";"-51.29852";"-46.13074";"-201.8121";"-40.0293";"-44.02588";"-300.5354";"-51.29852";"-46.13074"
"18418.4";"-201.7885";"-40.01404";"-44.02588";"-300.5354";"-51.24756";"-46.13898";"-201.7885";"-40.01404";"-44.02588";"-300.5354";"-51.24756";"-46.13898"
"18426.74";"-201.7478";"-39.99756";"-44.02588";"-300.5354";"-51.24243";"-46.15961";"-201.7478";"-39.99756";"-44.02588";"-300.5354";"-51.24243";"-46.15961"
"18435.08";"-201.7152";"-39.94885";"-44.02588";"-300.5354";"-51.20721";"-46.16705";"-201.7152";"-39.94885";"-44.02588";"-300.5354";"-51.20721";"-46.16705"
"18443.43";"-201.652";"-39.94171";"-44.02588";"-300.5354";"-51.16577";"-46.18195";"-201.652";"-39.94171";"-44.02588";"-300.5354";"-51.16577";"-46.18195"
"18451.77";"-201.6431";"-39.93054";"-44.02588";"-300.5354";"-51.15466";"-46.19531";"-201.6431";"-39.93054";"-44.02588";"-300.5354";"-51.15466";"-46.19531"
"18460.11";"-201.5003";"-39.93036";"-44.02588";"-300.5354";"-51.09509";"-46.22394";"-201.5003";"-39.93036";"-44.02588";"-300.5354";"-51.09509";"-46.22394"
"18468.45";"-201.5067";"-39.92145";"-44.02588";"-300.5354";"-51.05621";"-46.23773";"-201.5067";"-39.92145";"-44.02588";"-300.5354";"-51.05621";"-46.23773"
"18476.79";"-201.4715";"-39.81165";"-44.02588";"-300.5354";"-50.98212";"-46.2431";"-201.4715";"-39.81165";"-44.02588";"-300.5354";"-50.98212";"-46.2431"
"18485.13";"-201.4294";"-39.80688";"-44.02588";"-300.5354";"-50.95917";"-46.25641";"-201.4294";"-39.80688";"-44.02588";"-300.5354";"-50.95917";"-46.25641"
"18493.47";"-201.4166";"-39.77478";"-44.02588";"-300.5354";"-50.94232";"-46.27673";"-201.4166";"-39.77478";"-44.02588";"-300.5354";"-50.94232";"-46.27673"
"18501.82";"-201.3925";"-39.76538";"-44.02588";"-300.5354";"-50.90662";"-46.27332";"-201.3925";"-39.76538";"-44.02588";"-300.5354";"-50.90662";"-46.27332"
"18510.16";"-201.331";"-39.73627";"-44.02588";"-300.5354";"-50.87567";"-46.29907";"-201.331";"-39.73627";"-44.02588";"-300.5354";"-50.87567";"-46.29907"
"18518.5";"-201.3111";"-39.72717";"-44.02588";"-300.5354";"-50.84692";"-46.31183";"-201.3111";"-39.72717";"-44.02588";"-300.5354";"-50.84692";"-46.31183"
"18526.84";"-201.2656";"-39.70245";"-44.02588";"-300.5354";"-50.81561";"-46.32153";"-201.2656";"-39.70245";"-44.02588";"-300.5354";"-50.81561";"-46.32153"
"18535.18";"-201.2323";"-39.67639";"-44.02588";"-300.5354";"-50.77777";"-46.33643";"-201.2323";"-39.67639";"-44.02588";"-300.5354";"-50.77777";"-46.33643"
"18543.53";"-201.1607";"-39.65735";"-44.02588";"-300.5354";"-50.70337";"-46.3479";"-201.1607";"-39.65735";"-44.02588";"-300.5354";"-50.70337";"-46.3479"
"18551.87";"-201.0953";"-39.59784";"-44.02588";"-300.5354";"-50.65234";"-46.38715";"-201.0953";"-39.59784";"-44.02588";"-300.5354";"-50.65234";"-46.38715"
"18560.21";"-201.0896";"-39.60071";"-44.02588";"-300.5354";"-50.63007";"-46.39801";"-201.0896";"-39.60071";"-44.02588";"-300.5354";"-50.63007";"-46.39801"
"18568.55";"-201.0882";"-39.58496";"-44.02588";"-300.5354";"-50.62762";"-46.40033";"-201.0882";"-39.58496";"-44.02588";"-300.5354";"-50.62762";"-46.40033"
"18576.89";"-201.0515";"-39.56598";"-44.02588";"-300.5354";"-50.59711";"-46.40845";"-201.0515";"-39.56598";"-44.02588";"-300.5354";"-50.59711";"-46.40845"
"18585.23";"-201.0231";"-39.55829";"-44.02588";"-300.5354";"-50.56738";"-46.41626";"-201.0231";"-39.55829";"-44.02588";"-300.5354";"-50.56738";"-46.41626"
"18593.57";"-200.9907";"-39.53094";"-44.02588";"-300.5354";"-50.51459";"-46.43933";"-200.9907";"-39.53094";"-44.02588";"-300.5354";"-50.51459";"-46.43933"
"18601.92";"-200.9648";"-39.52155";"-44.02588";"-300.5354";"-50.49646";"-46.49884";"-200.9648";"-39.52155";"-44.02588";"-300.5354";"-50.49646";"-46.49884"
"18610.26";"-200.9183";"-39.50922";"-44.02588";"-300.5354";"-50.37305";"-46.51862";"-200.9183";"-39.50922";"-44.02588";"-300.5354";"-50.37305";"-46.51862"
"18618.6";"-200.7896";"-39.45276";"-44.02588";"-300.5354";"-50.26599";"-46.52386";"-200.7896";"-39.45276";"-44.02588";"-300.5354";"-50.26599";"-46.52386"
"18626.94";"-200.7404";"-39.4447";"-44.02588";"-300.5354";"-50.24622";"-46.58887";"-200.7404";"-39.4447";"-44.02588";"-300.5354";"-50.24622";"-46.58887"
"18635.28";"-200.6914";"-39.42487";"-44.02588";"-300.5354";"-50.23486";"-46.59064";"-200.6914";"-39.42487";"-44.02588";"-300.5354";"-50.23486";"-46.59064"
"18643.63";"-200.6545";"-39.4046";"-44.02588";"-300.5354";"-50.19904";"-46.63666";"-200.6545";"-39.4046";"-44.02588";"-300.5354";"-50.19904";"-46.63666"
"18651.97";"-200.602";"-39.39417";"-44.02588";"-300.5354";"-50.18768";"-46.63489";"-200.602";"-39.39417";"-44.02588";"-300.5354";"-50.18768";"-46.63489"
"18660.31";"-200.5607";"-39.37787";"-44.02588";"-300.5354";"-50.13965";"-46.6651";"-200.5607";"-39.37787";"-44.02588";"-300.5354";"-50.13965";"-46.6651"
"18668.65";"-200.5488";"-39.3512";"-44.02588";"-300.5354";"-50.11481";"-46.67694";"-200.5488";"-39.3512";"-44.02588";"-300.5354";"-50.11481";"-46.67694"
"18676.99";"-200.4868";"-39.22699";"-44.02588";"-300.5354";"-50.09253";"-46.69629";"-200.4868";"-39.22699";"-44.02588";"-300.5354";"-50.09253";"-46.69629"
"18685.33";"-200.4562";"-39.21259";"-44.02588";"-300.5354";"-50.07776";"-46.70837";"-200.4562";"-39.21259";"-44.02588";"-300.5354";"-50.07776";"-46.70837"
"18693.68";"-200.4408";"-39.2002";"-44.02588";"-300.5354";"-49.98108";"-46.72528";"-200.4408";"-39.2002";"-44.02588";"-300.5354";"-49.98108";"-46.72528"
"18702.02";"-200.3964";"-39.18958";"-44.02588";"-300.5354";"-49.97473";"-46.72723";"-200.3964";"-39.18958";"-44.02588";"-300.5354";"-49.97473";"-46.72723"
"18710.36";"-200.2827";"-39.17041";"-44.02588";"-300.5354";"-49.92712";"-46.76483";"-200.2827";"-39.17041";"-44.02588";"-300.5354";"-49.92712";"-46.76483"
"18718.7";"-200.2763";"-39.1568";"-44.02588";"-300.5354";"-49.90253";"-46.78674";"-200.2763";"-39.1568";"-44.02588";"-300.5354";"-49.90253";"-46.78674"
"18727.04";"-200.2411";"-39.1485";"-44.02588";"-300.5354";"-49.87207";"-46.7915";"-200.2411";"-39.1485";"-44.02588";"-300.5354";"-49.87207";"-46.7915"
"18735.38";"-200.2311";"-39.14453";"-44.02588";"-300.5354";"-49.85486";"-46.80652";"-200.2311";"-39.14453";"-44.02588";"-300.5354";"-49.85486";"-46.80652"
"18743.72";"-200.1935";"-39.11841";"-44.02588";"-300.5354";"-49.81183";"-46.81073";"-200.1935";"-39.11841";"-44.02588";"-300.5354";"-49.81183";"-46.81073"
"18752.07";"-200.1503";"-39.10632";"-44.02588";"-300.5354";"-49.79126";"-46.83185";"-200.1503";"-39.10632";"-44.02588";"-300.5354";"-49.79126";"-46.83185"
"18760.41";"-200.1151";"-39.07501";"-44.02588";"-300.5354";"-49.745";"-46.87555";"-200.1151";"-39.07501";"-44.02588";"-300.5354";"-49.745";"-46.87555"
"18768.75";"-200.0847";"-39.06116";"-44.02588";"-300.5354";"-49.71716";"-46.87976";"-200.0847";"-39.06116";"-44.02588";"-300.5354";"-49.71716";"-46.87976"
"18777.09";"-200.0045";"-39.04889";"-44.02588";"-300.5354";"-49.66443";"-46.92163";"-200.0045";"-39.04889";"-44.02588";"-300.5354";"-49.66443";"-46.92163"
"18785.43";"-199.9852";"-39.02142";"-44.02588";"-300.5354";"-49.65088";"-46.94244";"-199.9852";"-39.02142";"-44.02588";"-300.5354";"-49.65088";"-46.94244"
"18793.78";"-199.9677";"-39.01898";"-44.02588";"-300.5354";"-49.55072";"-46.95471";"-199.9677";"-39.01898";"-44.02588";"-300.5354";"-49.55072";"-46.95471"
"18802.12";"-199.9371";"-38.99133";"-44.02588";"-300.5354";"-49.53607";"-46.98297";"-199.9371";"-38.99133";"-44.02588";"-300.5354";"-49.53607";"-46.98297"
"18810.46";"-199.9094";"-38.98096";"-44.02588";"-300.5354";"-49.49127";"-47.05371";"-199.9094";"-38.98096";"-44.02588";"-300.5354";"-49.49127";"-47.05371"
"18818.8";"-199.8398";"-38.9624";"-44.02588";"-300.5354";"-49.47827";"-47.06091";"-199.8398";"-38.9624";"-44.02588";"-300.5354";"-49.47827";"-47.06091"
"18827.14";"-199.7538";"-38.95551";"-44.02588";"-300.5354";"-49.40594";"-47.06024";"-199.7538";"-38.95551";"-44.02588";"-300.5354";"-49.40594";"-47.06024"
"18835.48";"-199.7386";"-38.92578";"-44.02588";"-300.5354";"-49.3775";"-47.08661";"-199.7386";"-38.92578";"-44.02588";"-300.5354";"-49.3775";"-47.08661"
"18843.82";"-199.7226";"-38.90051";"-44.02588";"-300.5354";"-49.34753";"-47.09595";"-199.7226";"-38.90051";"-44.02588";"-300.5354";"-49.34753";"-47.09595"
"18852.17";"-199.6902";"-38.88324";"-44.02588";"-300.5354";"-49.3252";"-47.10779";"-199.6902";"-38.88324";"-44.02588";"-300.5354";"-49.3252";"-47.10779"
"18860.51";"-199.6348";"-38.84918";"-44.02588";"-300.5354";"-49.23981";"-47.12567";"-199.6348";"-38.84918";"-44.02588";"-300.5354";"-49.23981";"-47.12567"
"18868.85";"-199.6259";"-38.84058";"-44.02588";"-300.5354";"-49.21313";"-47.13892";"-199.6259";"-38.84058";"-44.02588";"-300.5354";"-49.21313";"-47.13892"
"18877.19";"-199.5921";"-38.82416";"-44.02588";"-300.5354";"-49.19336";"-47.15289";"-199.5921";"-38.82416";"-44.02588";"-300.5354";"-49.19336";"-47.15289"
"18885.53";"-199.5405";"-38.81262";"-44.02588";"-300.5354";"-49.17084";"-47.15924";"-199.5405";"-38.81262";"-44.02588";"-300.5354";"-49.17084";"-47.15924"
"18893.88";"-199.4877";"-38.70374";"-44.02588";"-300.5354";"-49.12366";"-47.19696";"-199.4877";"-38.70374";"-44.02588";"-300.5354";"-49.12366";"-47.19696"
"18902.22";"-199.4698";"-38.69427";"-44.02588";"-300.5354";"-49.09778";"-47.21014";"-199.4698";"-38.69427";"-44.02588";"-300.5354";"-49.09778";"-47.21014"
"18910.56";"-199.4217";"-38.66687";"-44.02588";"-300.5354";"-49.05103";"-47.22015";"-199.4217";"-38.66687";"-44.02588";"-300.5354";"-49.05103";"-47.22015"
"18918.9";"-199.3788";"-38.66071";"-44.02588";"-300.5354";"-49.01843";"-47.23804";"-199.3788";"-38.66071";"-44.02588";"-300.5354";"-49.01843";"-47.23804"
"18927.24";"-199.2566";"-38.64716";"-44.02588";"-300.5354";"-48.95728";"-47.25037";"-199.2566";"-38.64716";"-44.02588";"-300.5354";"-48.95728";"-47.25037"
"18935.58";"-199.2422";"-38.61499";"-44.02588";"-300.5354";"-48.92548";"-47.26221";"-199.2422";"-38.61499";"-44.02588";"-300.5354";"-48.92548";"-47.26221"
"18943.93";"-199.2274";"-38.59998";"-44.02588";"-300.5354";"-48.89349";"-47.27325";"-199.2274";"-38.59998";"-44.02588";"-300.5354";"-48.89349";"-47.27325"
"18952.27";"-199.2165";"-38.5708";"-44.02588";"-300.5354";"-48.87885";"-47.27289";"-199.2165";"-38.5708";"-44.02588";"-300.5354";"-48.87885";"-47.27289"
"18960.61";"-199.1971";"-38.50623";"-44.02588";"-300.5354";"-48.84283";"-47.30487";"-199.1971";"-38.50623";"-44.02588";"-300.5354";"-48.84283";"-47.30487"
"18968.95";"-199.0706";"-38.49176";"-44.02588";"-300.5354";"-48.81976";"-47.30768";"-199.0706";"-38.49176";"-44.02588";"-300.5354";"-48.81976";"-47.30768"
"18977.29";"-198.9617";"-38.47662";"-44.02588";"-300.5354";"-48.77386";"-47.33691";"-198.9617";"-38.47662";"-44.02588";"-300.5354";"-48.77386";"-47.33691"
"18985.63";"-198.9568";"-38.4704";"-44.02588";"-300.5354";"-48.73743";"-47.34912";"-198.9568";"-38.4704";"-44.02588";"-300.5354";"-48.73743";"-47.34912"
"18993.97";"-198.9313";"-38.43719";"-44.02588";"-300.5354";"-48.65723";"-47.37903";"-198.9313";"-38.43719";"-44.02588";"-300.5354";"-48.65723";"-47.37903"
"19002.32";"-198.8906";"-38.42212";"-44.02588";"-300.5354";"-48.64142";"-47.38263";"-198.8906";"-38.42212";"-44.02588";"-300.5354";"-48.64142";"-47.38263"
"19010.66";"-198.8698";"-38.42432";"-44.02588";"-300.5354";"-48.61865";"-47.40076";"-198.8698";"-38.42432";"-44.02588";"-300.5354";"-48.61865";"-47.40076"
"19019";"-198.8371";"-38.38928";"-44.02588";"-300.5354";"-48.59766";"-47.4101";"-198.8371";"-38.38928";"-44.02588";"-300.5354";"-48.59766";"-47.4101"
"19027.34";"-198.7349";"-38.35309";"-44.02588";"-300.5354";"-48.55389";"-47.42743";"-198.7349";"-38.35309";"-44.02588";"-300.5354";"-48.55389";"-47.42743"
"19035.68";"-198.7098";"-38.33978";"-44.02588";"-300.5354";"-48.39258";"-47.53723";"-198.7098";"-38.33978";"-44.02588";"-300.5354";"-48.39258";"-47.53723"
"19044.03";"-198.6916";"-38.32147";"-44.02588";"-300.5354";"-48.35797";"-47.54596";"-198.6916";"-38.32147";"-44.02588";"-300.5354";"-48.35797";"-47.54596"
"19052.37";"-198.6535";"-38.31732";"-44.02588";"-300.5354";"-48.32501";"-47.57672";"-198.6535";"-38.31732";"-44.02588";"-300.5354";"-48.32501";"-47.57672"
"19060.71";"-198.5414";"-38.26312";"-44.02588";"-300.5354";"-48.23053";"-47.62616";"-198.5414";"-38.26312";"-44.02588";"-300.5354";"-48.23053";"-47.62616"
"19069.05";"-198.5358";"-38.25629";"-44.02588";"-300.5354";"-48.21448";"-47.6413";"-198.5358";"-38.25629";"-44.02588";"-300.5354";"-48.21448";"-47.6413"
"19077.39";"-198.4927";"-38.16016";"-44.02588";"-300.5354";"-48.18903";"-47.64215";"-198.4927";"-38.16016";"-44.02588";"-300.5354";"-48.18903";"-47.64215"
"19085.73";"-198.478";"-38.14471";"-44.02588";"-300.5354";"-48.14508";"-47.64966";"-198.478";"-38.14471";"-44.02588";"-300.5354";"-48.14508";"-47.64966"
"19094.07";"-198.368";"-38.13989";"-44.02588";"-300.5354";"-48.12683";"-47.66687";"-198.368";"-38.13989";"-44.02588";"-300.5354";"-48.12683";"-47.66687"
"19102.42";"-198.3384";"-38.10498";"-44.02588";"-300.5354";"-48.09143";"-47.69043";"-198.3384";"-38.10498";"-44.02588";"-300.5354";"-48.09143";"-47.69043"
"19110.76";"-198.3229";"-38.10339";"-44.02588";"-300.5354";"-48.04718";"-47.71051";"-198.3229";"-38.10339";"-44.02588";"-300.5354";"-48.04718";"-47.71051"
"19119.1";"-198.2916";"-38.06207";"-44.02588";"-300.5354";"-48.01508";"-47.72552";"-198.2916";"-38.06207";"-44.02588";"-300.5354";"-48.01508";"-47.72552"
"19127.44";"-198.2738";"-38.04004";"-44.02588";"-300.5354";"-47.97168";"-47.72211";"-198.2738";"-38.04004";"-44.02588";"-300.5354";"-47.97168";"-47.72211"
"19135.78";"-198.2256";"-38.03302";"-44.02588";"-300.5354";"-47.96613";"-47.73993";"-198.2256";"-38.03302";"-44.02588";"-300.5354";"-47.96613";"-47.73993"
"19144.13";"-198.1401";"-37.99597";"-44.02588";"-300.5354";"-47.8833";"-47.78357";"-198.1401";"-37.99597";"-44.02588";"-300.5354";"-47.8833";"-47.78357"
"19152.47";"-198.1032";"-37.98401";"-44.02588";"-300.5354";"-47.81421";"-47.82355";"-198.1032";"-37.98401";"-44.02588";"-300.5354";"-47.81421";"-47.82355"
"19160.81";"-198.0834";"-37.97803";"-44.02588";"-300.5354";"-47.76959";"-47.82239";"-198.0834";"-37.97803";"-44.02588";"-300.5354";"-47.76959";"-47.82239"
"19169.15";"-198.0751";"-37.94952";"-44.02588";"-300.5354";"-47.75562";"-47.84216";"-198.0751";"-37.94952";"-44.02588";"-300.5354";"-47.75562";"-47.84216"
"19177.49";"-198.0049";"-37.94232";"-44.02588";"-300.5354";"-47.70929";"-47.8689";"-198.0049";"-37.94232";"-44.02588";"-300.5354";"-47.70929";"-47.8689"
"19185.83";"-197.9962";"-37.92694";"-44.02588";"-300.5354";"-47.67755";"-47.86517";"-197.9962";"-37.92694";"-44.02588";"-300.5354";"-47.67755";"-47.86517"
"19194.18";"-197.8882";"-37.93878";"-44.02588";"-300.5354";"-47.65131";"-47.90039";"-197.8882";"-37.93878";"-44.02588";"-300.5354";"-47.65131";"-47.90039"
"19202.52";"-197.8453";"-37.90436";"-44.02588";"-300.5354";"-47.60883";"-47.92865";"-197.8453";"-37.90436";"-44.02588";"-300.5354";"-47.60883";"-47.92865"
"19210.86";"-197.7972";"-37.89581";"-44.02588";"-300.5354";"-47.59381";"-47.95233";"-197.7972";"-37.89581";"-44.02588";"-300.5354";"-47.59381";"-47.95233"
"19219.2";"-197.7867";"-37.85413";"-44.02588";"-300.5354";"-47.55505";"-47.95471";"-197.7867";"-37.85413";"-44.02588";"-300.5354";"-47.55505";"-47.95471"
"19227.54";"-197.7385";"-37.85028";"-44.02588";"-300.5354";"-47.52417";"-47.96991";"-197.7385";"-37.85028";"-44.02588";"-300.5354";"-47.52417";"-47.96991"
"19235.88";"-197.733";"-37.82507";"-44.02588";"-300.5354";"-47.49133";"-48.05292";"-197.733";"-37.82507";"-44.02588";"-300.5354";"-47.49133";"-48.05292"
"19244.22";"-197.6766";"-37.82166";"-44.02588";"-300.5354";"-47.40448";"-48.06854";"-197.6766";"-37.82166";"-44.02588";"-300.5354";"-47.40448";"-48.06854"
"19252.57";"-197.6389";"-37.797";"-44.02588";"-300.5354";"-47.35956";"-48.0614";"-197.6389";"-37.797";"-44.02588";"-300.5354";"-47.35956";"-48.0614"
"19260.91";"-197.5394";"-37.79114";"-44.02588";"-300.5354";"-47.33026";"-48.08929";"-197.5394";"-37.79114";"-44.02588";"-300.5354";"-47.33026";"-48.08929"
"19269.25";"-197.5149";"-37.79205";"-44.02588";"-300.5354";"-47.27826";"-48.10815";"-197.5149";"-37.79205";"-44.02588";"-300.5354";"-47.27826";"-48.10815"
"19277.59";"-197.434";"-37.63593";"-44.02588";"-300.5354";"-47.19055";"-48.12134";"-197.434";"-37.63593";"-44.02588";"-300.5354";"-47.19055";"-48.12134"
"19285.93";"-197.4221";"-37.62311";"-44.02588";"-300.5354";"-47.16681";"-48.14313";"-197.4221";"-37.62311";"-44.02588";"-300.5354";"-47.16681";"-48.14313"
"19294.28";"-197.3751";"-37.6015";"-44.02588";"-300.5354";"-47.1236";"-48.14392";"-197.3751";"-37.6015";"-44.02588";"-300.5354";"-47.1236";"-48.14392"
"19302.62";"-197.3533";"-37.59015";"-44.02588";"-300.5354";"-47.1109";"-48.15967";"-197.3533";"-37.59015";"-44.02588";"-300.5354";"-47.1109";"-48.15967"
"19310.96";"-197.3164";"-37.56274";"-44.02588";"-300.5354";"-47.06848";"-48.1651";"-197.3164";"-37.56274";"-44.02588";"-300.5354";"-47.06848";"-48.1651"
"19319.3";"-197.2909";"-37.54633";"-44.02588";"-300.5354";"-47.02612";"-48.16693";"-197.2909";"-37.54633";"-44.02588";"-300.5354";"-47.02612";"-48.16693"
"19327.64";"-197.2331";"-37.53644";"-44.02588";"-300.5354";"-47.00812";"-48.20203";"-197.2331";"-37.53644";"-44.02588";"-300.5354";"-47.00812";"-48.20203"
"19335.98";"-197.1961";"-37.52026";"-44.02588";"-300.5354";"-46.98169";"-48.2085";"-197.1961";"-37.52026";"-44.02588";"-300.5354";"-46.98169";"-48.2085"
"19344.32";"-197.0355";"-37.48895";"-44.02588";"-300.5354";"-46.87085";"-48.24622";"-197.0355";"-37.48895";"-44.02588";"-300.5354";"-46.87085";"-48.24622"
"19352.67";"-196.9897";"-37.46021";"-44.02588";"-300.5354";"-46.8667";"-48.245";"-196.9897";"-37.46021";"-44.02588";"-300.5354";"-46.8667";"-48.245"
"19361.01";"-196.9644";"-37.44049";"-44.02588";"-300.5354";"-46.81873";"-48.25513";"-196.9644";"-37.44049";"-44.02588";"-300.5354";"-46.81873";"-48.25513"
"19369.35";"-196.9314";"-37.39606";"-44.02588";"-300.5354";"-46.78497";"-48.27472";"-196.9314";"-37.39606";"-44.02588";"-300.5354";"-46.78497";"-48.27472"
"19377.69";"-196.8655";"-37.37726";"-44.02588";"-300.5354";"-46.75739";"-48.28058";"-196.8655";"-37.37726";"-44.02588";"-300.5354";"-46.75739";"-48.28058"
"19386.03";"-196.8217";"-37.36737";"-44.02588";"-300.5354";"-46.7312";"-48.29126";"-196.8217";"-37.36737";"-44.02588";"-300.5354";"-46.7312";"-48.29126"
"19394.38";"-196.7911";"-37.36023";"-44.02588";"-300.5354";"-46.67059";"-48.33759";"-196.7911";"-37.36023";"-44.02588";"-300.5354";"-46.67059";"-48.33759"
"19402.72";"-196.7325";"-37.34424";"-44.02588";"-300.5354";"-46.61676";"-48.32318";"-196.7325";"-37.34424";"-44.02588";"-300.5354";"-46.61676";"-48.32318"
"19411.06";"-196.6815";"-37.33777";"-44.02588";"-300.5354";"-46.54517";"-48.3349";"-196.6815";"-37.33777";"-44.02588";"-300.5354";"-46.54517";"-48.3349"
"19419.4";"-196.6588";"-37.25775";"-44.02588";"-300.5354";"-46.53394";"-48.34552";"-196.6588";"-37.25775";"-44.02588";"-300.5354";"-46.53394";"-48.34552"
"19427.74";"-196.5825";"-37.24347";"-44.02588";"-300.5354";"-46.51367";"-48.36194";"-196.5825";"-37.24347";"-44.02588";"-300.5354";"-46.51367";"-48.36194"
"19436.08";"-196.5651";"-37.24304";"-44.02588";"-300.5354";"-46.46399";"-48.42572";"-196.5651";"-37.24304";"-44.02588";"-300.5354";"-46.46399";"-48.42572"
"19444.43";"-196.4847";"-37.16217";"-44.02588";"-300.5354";"-46.43066";"-48.45422";"-196.4847";"-37.16217";"-44.02588";"-300.5354";"-46.43066";"-48.45422"
"19452.77";"-196.4614";"-37.15179";"-44.02588";"-300.5354";"-46.38751";"-48.45081";"-196.4614";"-37.15179";"-44.02588";"-300.5354";"-46.38751";"-48.45081"
"19461.11";"-196.4141";"-37.12628";"-44.02588";"-300.5354";"-46.28961";"-48.48407";"-196.4141";"-37.12628";"-44.02588";"-300.5354";"-46.28961";"-48.48407"
"19469.45";"-196.3785";"-37.10693";"-44.02588";"-300.5354";"-46.25531";"-48.4856";"-196.3785";"-37.10693";"-44.02588";"-300.5354";"-46.25531";"-48.4856"
"19477.79";"-196.3124";"-37.09167";"-44.02588";"-300.5354";"-46.18488";"-48.49628";"-196.3124";"-37.09167";"-44.02588";"-300.5354";"-46.18488";"-48.49628"
"19486.13";"-196.2754";"-37.08496";"-44.02588";"-300.5354";"-46.17487";"-48.49072";"-196.2754";"-37.08496";"-44.02588";"-300.5354";"-46.17487";"-48.49072"
"19494.47";"-196.229";"-37.04749";"-44.02588";"-300.5354";"-46.05145";"-48.53436";"-196.229";"-37.04749";"-44.02588";"-300.5354";"-46.05145";"-48.53436"
"19502.82";"-196.1998";"-37.04541";"-44.02588";"-300.5354";"-46.0318";"-48.56201";"-196.1998";"-37.04541";"-44.02588";"-300.5354";"-46.0318";"-48.56201"
"19511.16";"-196.1097";"-36.97223";"-44.02588";"-300.5354";"-45.99915";"-48.58282";"-196.1097";"-36.97223";"-44.02588";"-300.5354";"-45.99915";"-48.58282"
"19519.5";"-196.0967";"-36.9765";"-44.02588";"-300.5354";"-45.95422";"-48.60626";"-196.0967";"-36.9765";"-44.02588";"-300.5354";"-45.95422";"-48.60626"
"19527.84";"-196.05";"-36.95087";"-44.02588";"-300.5354";"-45.8819";"-48.62616";"-196.05";"-36.95087";"-44.02588";"-300.5354";"-45.8819";"-48.62616"
"19536.18";"-196.0206";"-36.9527";"-44.02588";"-300.5354";"-45.85803";"-48.67389";"-196.0206";"-36.9527";"-44.02588";"-300.5354";"-45.85803";"-48.67389"
"19544.53";"-195.9379";"-36.9248";"-44.02588";"-300.5354";"-45.81982";"-48.68188";"-195.9379";"-36.9248";"-44.02588";"-300.5354";"-45.81982";"-48.68188"
"19552.87";"-195.8843";"-36.91016";"-44.02588";"-300.5354";"-45.74207";"-48.73004";"-195.8843";"-36.91016";"-44.02588";"-300.5354";"-45.74207";"-48.73004"
"19561.21";"-195.8732";"-36.89215";"-44.02588";"-300.5354";"-45.72845";"-48.73639";"-195.8732";"-36.89215";"-44.02588";"-300.5354";"-45.72845";"-48.73639"
"19569.55";"-195.8654";"-36.88379";"-44.02588";"-300.5354";"-45.71936";"-48.74316";"-195.8654";"-36.88379";"-44.02588";"-300.5354";"-45.71936";"-48.74316"
"19577.89";"-195.8232";"-36.85706";"-44.02588";"-300.5354";"-45.68768";"-48.77667";"-195.8232";"-36.85706";"-44.02588";"-300.5354";"-45.68768";"-48.77667"
"19586.23";"-195.7696";"-36.83826";"-44.02588";"-300.5354";"-45.65594";"-48.77148";"-195.7696";"-36.83826";"-44.02588";"-300.5354";"-45.65594";"-48.77148"
"19594.57";"-195.7068";"-36.83154";"-44.02588";"-300.5354";"-45.60876";"-48.79871";"-195.7068";"-36.83154";"-44.02588";"-300.5354";"-45.60876";"-48.79871"
"19602.92";"-195.6473";"-36.80139";"-44.02588";"-300.5354";"-45.56219";"-48.81787";"-195.6473";"-36.80139";"-44.02588";"-300.5354";"-45.56219";"-48.81787"
"19611.26";"-195.603";"-36.78339";"-44.02588";"-300.5354";"-45.48846";"-48.89801";"-195.603";"-36.78339";"-44.02588";"-300.5354";"-45.48846";"-48.89801"
"19619.6";"-195.6022";"-36.7666";"-44.02588";"-300.5354";"-45.46283";"-48.92633";"-195.6022";"-36.7666";"-44.02588";"-300.5354";"-45.46283";"-48.92633"
"19627.94";"-195.5591";"-36.76105";"-44.02588";"-300.5354";"-45.41748";"-48.9444";"-195.5591";"-36.76105";"-44.02588";"-300.5354";"-45.41748";"-48.9444"
"19636.28";"-195.5051";"-36.71289";"-44.02588";"-300.5354";"-45.39374";"-48.94995";"-195.5051";"-36.71289";"-44.02588";"-300.5354";"-45.39374";"-48.94995"
"19644.63";"-195.4349";"-36.62158";"-44.02588";"-300.5354";"-45.35126";"-48.96228";"-195.4349";"-36.62158";"-44.02588";"-300.5354";"-45.35126";"-48.96228"
"19652.97";"-195.4098";"-36.60791";"-44.02588";"-300.5354";"-45.31915";"-49.01007";"-195.4098";"-36.60791";"-44.02588";"-300.5354";"-45.31915";"-49.01007"
"19661.31";"-195.3799";"-36.58881";"-44.02588";"-300.5354";"-45.19434";"-48.98547";"-195.3799";"-36.58881";"-44.02588";"-300.5354";"-45.19434";"-48.98547"
"19669.65";"-195.2762";"-36.53107";"-44.02588";"-300.5354";"-45.19061";"-49.00159";"-195.2762";"-36.53107";"-44.02588";"-300.5354";"-45.19061";"-49.00159"
"19677.99";"-195.2582";"-36.52704";"-44.02588";"-300.5354";"-45.12524";"-49.02484";"-195.2582";"-36.52704";"-44.02588";"-300.5354";"-45.12524";"-49.02484"
"19686.33";"-195.2492";"-36.5199";"-44.02588";"-300.5354";"-45.08374";"-49.05481";"-195.2492";"-36.5199";"-44.02588";"-300.5354";"-45.08374";"-49.05481"
"19694.68";"-195.1937";"-36.50903";"-44.02588";"-300.5354";"-45.05353";"-49.06915";"-195.1937";"-36.50903";"-44.02588";"-300.5354";"-45.05353";"-49.06915"
"19703.02";"-195.068";"-36.47943";"-44.02588";"-300.5354";"-45.00854";"-49.08521";"-195.068";"-36.47943";"-44.02588";"-300.5354";"-45.00854";"-49.08521"
"19711.36";"-194.9955";"-36.45856";"-44.02588";"-300.5354";"-44.9903";"-49.11719";"-194.9955";"-36.45856";"-44.02588";"-300.5354";"-44.9903";"-49.11719"
"19719.7";"-194.938";"-36.43073";"-44.02588";"-300.5354";"-44.95404";"-49.11725";"-194.938";"-36.43073";"-44.02588";"-300.5354";"-44.95404";"-49.11725"
"19728.04";"-194.8906";"-36.40845";"-44.02588";"-300.5354";"-44.91901";"-49.13165";"-194.8906";"-36.40845";"-44.02588";"-300.5354";"-44.91901";"-49.13165"
"19736.38";"-194.8544";"-36.41217";"-44.02588";"-300.5354";"-44.87299";"-49.14813";"-194.8544";"-36.41217";"-44.02588";"-300.5354";"-44.87299";"-49.14813"
"19744.72";"-194.8232";"-36.37012";"-44.02588";"-300.5354";"-44.81372";"-49.17059";"-194.8232";"-36.37012";"-44.02588";"-300.5354";"-44.81372";"-49.17059"
"19753.07";"-194.774";"-36.36176";"-44.02588";"-300.5354";"-44.78467";"-49.18329";"-194.774";"-36.36176";"-44.02588";"-300.5354";"-44.78467";"-49.18329"
"19761.41";"-194.6644";"-36.34265";"-44.02588";"-300.5354";"-44.73804";"-49.19489";"-194.6644";"-36.34265";"-44.02588";"-300.5354";"-44.73804";"-49.19489"
"19769.75";"-194.6378";"-36.33197";"-44.02588";"-300.5354";"-44.71484";"-49.20886";"-194.6378";"-36.33197";"-44.02588";"-300.5354";"-44.71484";"-49.20886"
"19778.09";"-194.6224";"-36.28912";"-44.02588";"-300.5354";"-44.69031";"-49.2146";"-194.6224";"-36.28912";"-44.02588";"-300.5354";"-44.69031";"-49.2146"
"19786.43";"-194.5828";"-36.2868";"-44.02588";"-300.5354";"-44.62488";"-49.23773";"-194.5828";"-36.2868";"-44.02588";"-300.5354";"-44.62488";"-49.23773"
"19794.78";"-194.4821";"-36.14337";"-44.02588";"-300.5354";"-44.53534";"-49.24042";"-194.4821";"-36.14337";"-44.02588";"-300.5354";"-44.53534";"-49.24042"
"19803.12";"-194.4581";"-36.14148";"-44.02588";"-300.5354";"-44.51538";"-49.25806";"-194.4581";"-36.14148";"-44.02588";"-300.5354";"-44.51538";"-49.25806"
"19811.46";"-194.4169";"-36.08075";"-44.02588";"-300.5354";"-44.48419";"-49.32367";"-194.4169";"-36.08075";"-44.02588";"-300.5354";"-44.48419";"-49.32367"
"19819.8";"-194.3907";"-36.0722";"-44.02588";"-300.5354";"-44.45984";"-49.3385";"-194.3907";"-36.0722";"-44.02588";"-300.5354";"-44.45984";"-49.3385"
"19828.14";"-194.3016";"-36.0191";"-44.02588";"-300.5354";"-44.38934";"-49.36951";"-194.3016";"-36.0191";"-44.02588";"-300.5354";"-44.38934";"-49.36951"
"19836.48";"-194.2811";"-36.0412";"-44.02588";"-300.5354";"-44.35706";"-49.37225";"-194.2811";"-36.0412";"-44.02588";"-300.5354";"-44.35706";"-49.37225"
"19844.82";"-194.2189";"-35.98969";"-44.02588";"-300.5354";"-44.27917";"-49.40405";"-194.2189";"-35.98969";"-44.02588";"-300.5354";"-44.27917";"-49.40405"
"19853.17";"-194.1962";"-35.98718";"-44.02588";"-300.5354";"-44.27515";"-49.41083";"-194.1962";"-35.98718";"-44.02588";"-300.5354";"-44.27515";"-49.41083"
"19861.51";"-194.1636";"-35.95935";"-44.02588";"-300.5354";"-44.23669";"-49.4422";"-194.1636";"-35.95935";"-44.02588";"-300.5354";"-44.23669";"-49.4422"
"19869.85";"-194.1401";"-35.95117";"-44.02588";"-300.5354";"-44.19635";"-49.4516";"-194.1401";"-35.95117";"-44.02588";"-300.5354";"-44.19635";"-49.4516"
"19878.19";"-194.0469";"-35.92706";"-44.02588";"-300.5354";"-44.09497";"-49.43353";"-194.0469";"-35.92706";"-44.02588";"-300.5354";"-44.09497";"-49.43353"
"19886.53";"-194.0156";"-35.9248";"-44.02588";"-300.5354";"-44.07898";"-49.4599";"-194.0156";"-35.9248";"-44.02588";"-300.5354";"-44.07898";"-49.4599"
"19894.88";"-193.942";"-35.87762";"-44.02588";"-300.5354";"-44.00635";"-49.46826";"-193.942";"-35.87762";"-44.02588";"-300.5354";"-44.00635";"-49.46826"
"19903.22";"-193.9149";"-35.86139";"-44.02588";"-300.5354";"-43.99774";"-49.47589";"-193.9149";"-35.86139";"-44.02588";"-300.5354";"-43.99774";"-49.47589"
"19911.56";"-193.8718";"-35.84607";"-44.02588";"-300.5354";"-43.95801";"-49.49518";"-193.8718";"-35.84607";"-44.02588";"-300.5354";"-43.95801";"-49.49518"
"19919.9";"-193.8444";"-35.83313";"-44.02588";"-300.5354";"-43.8595";"-49.53064";"-193.8444";"-35.83313";"-44.02588";"-300.5354";"-43.8595";"-49.53064"
"19928.24";"-193.7615";"-35.78705";"-44.02588";"-300.5354";"-43.79578";"-49.5517";"-193.7615";"-35.78705";"-44.02588";"-300.5354";"-43.79578";"-49.5517"
"19936.58";"-193.7408";"-35.7807";"-44.02588";"-300.5354";"-43.76947";"-49.55847";"-193.7408";"-35.7807";"-44.02588";"-300.5354";"-43.76947";"-49.55847"
"19944.93";"-193.672";"-35.77032";"-44.02588";"-300.5354";"-43.71558";"-49.60736";"-193.672";"-35.77032";"-44.02588";"-300.5354";"-43.71558";"-49.60736"
"19953.27";"-193.64";"-35.75122";"-44.02588";"-300.5354";"-43.65399";"-49.63159";"-193.64";"-35.75122";"-44.02588";"-300.5354";"-43.65399";"-49.63159"
"19961.61";"-193.5461";"-35.70911";"-44.02588";"-300.5354";"-43.59619";"-49.68073";"-193.5461";"-35.70911";"-44.02588";"-300.5354";"-43.59619";"-49.68073"
"19969.95";"-193.5046";"-35.70978";"-44.02588";"-300.5354";"-43.57379";"-49.68768";"-193.5046";"-35.70978";"-44.02588";"-300.5354";"-43.57379";"-49.68768"
"19978.29";"-193.4692";"-35.56561";"-44.02588";"-300.5354";"-43.53699";"-49.73425";"-193.4692";"-35.56561";"-44.02588";"-300.5354";"-43.53699";"-49.73425"
"19986.63";"-193.4294";"-35.5437";"-44.02588";"-300.5354";"-43.53217";"-49.74017";"-193.4294";"-35.5437";"-44.02588";"-300.5354";"-43.53217";"-49.74017"
"19994.97";"-193.382";"-35.52087";"-44.02588";"-300.5354";"-43.47076";"-49.84271";"-193.382";"-35.52087";"-44.02588";"-300.5354";"-43.47076";"-49.84271"
"20003.32";"-193.356";"-35.50665";"-44.02588";"-300.5354";"-43.41254";"-49.84613";"-193.356";"-35.50665";"-44.02588";"-300.5354";"-43.41254";"-49.84613"
"20011.66";"-193.1556";"-35.44275";"-44.02588";"-300.5354";"-43.30511";"-49.84186";"-193.1556";"-35.44275";"-44.02588";"-300.5354";"-43.30511";"-49.84186"
"20020";"-193.1281";"-35.45624";"-44.02588";"-300.5354";"-43.29608";"-49.87067";"-193.1281";"-35.45624";"-44.02588";"-300.5354";"-43.29608";"-49.87067"
"20028.34";"-193.1151";"-35.44342";"-44.02588";"-300.5354";"-43.24353";"-49.91266";"-193.1151";"-35.44342";"-44.02588";"-300.5354";"-43.24353";"-49.91266"
"20036.68";"-193.0814";"-35.40326";"-44.02588";"-300.5354";"-43.22546";"-49.92419";"-193.0814";"-35.40326";"-44.02588";"-300.5354";"-43.22546";"-49.92419"
"20045.03";"-193.0119";"-35.34351";"-44.02588";"-300.5354";"-43.17993";"-49.9248";"-193.0119";"-35.34351";"-44.02588";"-300.5354";"-43.17993";"-49.9248"
"20053.37";"-192.9818";"-35.33051";"-44.02588";"-300.5354";"-43.14716";"-49.95111";"-192.9818";"-35.33051";"-44.02588";"-300.5354";"-43.14716";"-49.95111"
"20061.71";"-192.8987";"-35.30774";"-44.02588";"-300.5354";"-43.07239";"-49.98285";"-192.8987";"-35.30774";"-44.02588";"-300.5354";"-43.07239";"-49.98285"
"20070.05";"-192.861";"-35.28894";"-44.02588";"-300.5354";"-43.06158";"-49.98065";"-192.861";"-35.28894";"-44.02588";"-300.5354";"-43.06158";"-49.98065"
"20078.39";"-192.7892";"-35.26422";"-44.02588";"-300.5354";"-43.00763";"-50.00153";"-192.7892";"-35.26422";"-44.02588";"-300.5354";"-43.00763";"-50.00153"
"20086.73";"-192.7397";"-35.23163";"-44.02588";"-300.5354";"-42.97882";"-50.00629";"-192.7397";"-35.23163";"-44.02588";"-300.5354";"-42.97882";"-50.00629"
"20095.07";"-192.6965";"-35.22699";"-44.02588";"-300.5354";"-42.93756";"-50.03534";"-192.6965";"-35.22699";"-44.02588";"-300.5354";"-42.93756";"-50.03534"
"20103.42";"-192.6569";"-35.20355";"-44.02588";"-300.5354";"-42.81824";"-50.04175";"-192.6569";"-35.20355";"-44.02588";"-300.5354";"-42.81824";"-50.04175"
"20111.76";"-192.6003";"-35.19513";"-44.02588";"-300.5354";"-42.77014";"-50.04712";"-192.6003";"-35.19513";"-44.02588";"-300.5354";"-42.77014";"-50.04712"
"20120.1";"-192.55";"-35.17181";"-44.02588";"-300.5354";"-42.771";"-50.06598";"-192.55";"-35.17181";"-44.02588";"-300.5354";"-42.771";"-50.06598"
"20128.44";"-192.4547";"-35.06512";"-44.02588";"-300.5354";"-42.74518";"-50.07855";"-192.4547";"-35.06512";"-44.02588";"-300.5354";"-42.74518";"-50.07855"
"20136.78";"-192.4299";"-35.052";"-44.02588";"-300.5354";"-42.71082";"-50.08911";"-192.4299";"-35.052";"-44.02588";"-300.5354";"-42.71082";"-50.08911"
"20145.13";"-192.353";"-35.04681";"-44.02588";"-300.5354";"-42.61865";"-50.11212";"-192.353";"-35.04681";"-44.02588";"-300.5354";"-42.61865";"-50.11212"
"20153.47";"-192.3122";"-35.02716";"-44.02588";"-300.5354";"-42.60413";"-50.12598";"-192.3122";"-35.02716";"-44.02588";"-300.5354";"-42.60413";"-50.12598"
"20161.81";"-192.2537";"-34.99426";"-44.02588";"-300.5354";"-42.56531";"-50.14374";"-192.2537";"-34.99426";"-44.02588";"-300.5354";"-42.56531";"-50.14374"
"20170.15";"-192.2385";"-34.98029";"-44.02588";"-300.5354";"-42.53638";"-50.16736";"-192.2385";"-34.98029";"-44.02588";"-300.5354";"-42.53638";"-50.16736"
"20178.49";"-192.203";"-34.94678";"-44.02588";"-300.5354";"-42.48108";"-50.24457";"-192.203";"-34.94678";"-44.02588";"-300.5354";"-42.48108";"-50.24457"
"20186.83";"-192.1492";"-34.93256";"-44.02588";"-300.5354";"-42.44183";"-50.24646";"-192.1492";"-34.93256";"-44.02588";"-300.5354";"-42.44183";"-50.24646"
"20195.18";"-192.1107";"-34.89575";"-44.02588";"-300.5354";"-42.40057";"-50.26068";"-192.1107";"-34.89575";"-44.02588";"-300.5354";"-42.40057";"-50.26068"
"20203.52";"-192.0751";"-34.8902";"-44.02588";"-300.5354";"-42.36774";"-50.28827";"-192.0751";"-34.8902";"-44.02588";"-300.5354";"-42.36774";"-50.28827"
"20211.86";"-192.0342";"-34.88928";"-44.02588";"-300.5354";"-42.2193";"-50.27124";"-192.0342";"-34.88928";"-44.02588";"-300.5354";"-42.2193";"-50.27124"
"20220.2";"-192.0189";"-34.87604";"-44.02588";"-300.5354";"-42.19836";"-50.28955";"-192.0189";"-34.87604";"-44.02588";"-300.5354";"-42.19836";"-50.28955"
"20228.54";"-191.9437";"-34.85803";"-44.02588";"-300.5354";"-42.17645";"-50.31305";"-191.9437";"-34.85803";"-44.02588";"-300.5354";"-42.17645";"-50.31305"
"20236.88";"-191.9022";"-34.84479";"-44.02588";"-300.5354";"-42.17218";"-50.31696";"-191.9022";"-34.84479";"-44.02588";"-300.5354";"-42.17218";"-50.31696"
"20245.22";"-191.8323";"-34.8031";"-44.02588";"-300.5354";"-42.11163";"-50.34357";"-191.8323";"-34.8031";"-44.02588";"-300.5354";"-42.11163";"-50.34357"
"20253.57";"-191.8031";"-34.80322";"-44.02588";"-300.5354";"-42.07678";"-50.35846";"-191.8031";"-34.80322";"-44.02588";"-300.5354";"-42.07678";"-50.35846"
"20261.91";"-191.7408";"-34.76044";"-44.02588";"-300.5354";"-42.02997";"-50.37988";"-191.7408";"-34.76044";"-44.02588";"-300.5354";"-42.02997";"-50.37988"
"20270.25";"-191.6596";"-34.76215";"-44.02588";"-300.5354";"-41.97388";"-50.38208";"-191.6596";"-34.76215";"-44.02588";"-300.5354";"-41.97388";"-50.38208"
"20278.59";"-191.6078";"-34.73865";"-44.02588";"-300.5354";"-41.87421";"-50.39728";"-191.6078";"-34.73865";"-44.02588";"-300.5354";"-41.87421";"-50.39728"
"20286.93";"-191.5482";"-34.71002";"-44.02588";"-300.5354";"-41.86798";"-50.42725";"-191.5482";"-34.71002";"-44.02588";"-300.5354";"-41.86798";"-50.42725"
"20295.28";"-191.4844";"-34.60229";"-44.02588";"-300.5354";"-41.83899";"-50.41003";"-191.4844";"-34.60229";"-44.02588";"-300.5354";"-41.83899";"-50.41003"
"20303.62";"-191.4396";"-34.57159";"-44.02588";"-300.5354";"-41.80859";"-50.4342";"-191.4396";"-34.57159";"-44.02588";"-300.5354";"-41.80859";"-50.4342"
"20311.96";"-191.3967";"-34.55157";"-44.02588";"-300.5354";"-41.73956";"-50.46436";"-191.3967";"-34.55157";"-44.02588";"-300.5354";"-41.73956";"-50.46436"
"20320.3";"-191.371";"-34.52423";"-44.02588";"-300.5354";"-41.71436";"-50.46124";"-191.371";"-34.52423";"-44.02588";"-300.5354";"-41.71436";"-50.46124"
"20328.64";"-191.1921";"-34.47156";"-44.02588";"-300.5354";"-41.66718";"-50.49994";"-191.1921";"-34.47156";"-44.02588";"-300.5354";"-41.66718";"-50.49994"
"20336.98";"-191.1619";"-34.47107";"-44.02588";"-300.5354";"-41.56482";"-50.52466";"-191.1619";"-34.47107";"-44.02588";"-300.5354";"-41.56482";"-50.52466"
"20345.32";"-191.1011";"-34.46191";"-44.02588";"-300.5354";"-41.40497";"-50.63055";"-191.1011";"-34.46191";"-44.02588";"-300.5354";"-41.40497";"-50.63055"
"20353.67";"-191.0596";"-34.4173";"-44.02588";"-300.5354";"-41.3988";"-50.63849";"-191.0596";"-34.4173";"-44.02588";"-300.5354";"-41.3988";"-50.63849"
"20362.01";"-191.0076";"-34.39075";"-44.02588";"-300.5354";"-41.36603";"-50.65863";"-191.0076";"-34.39075";"-44.02588";"-300.5354";"-41.36603";"-50.65863"
"20370.35";"-190.9872";"-34.36499";"-44.02588";"-300.5354";"-41.34161";"-50.7005";"-190.9872";"-34.36499";"-44.02588";"-300.5354";"-41.34161";"-50.7005"
"20378.69";"-190.9097";"-34.33099";"-44.02588";"-300.5354";"-41.20807";"-50.75287";"-190.9097";"-34.33099";"-44.02588";"-300.5354";"-41.20807";"-50.75287"
"20387.03";"-190.8746";"-34.30933";"-44.02588";"-300.5354";"-41.18726";"-50.771";"-190.8746";"-34.30933";"-44.02588";"-300.5354";"-41.18726";"-50.771"
"20395.38";"-190.7836";"-34.30566";"-44.02588";"-300.5354";"-41.16827";"-50.76782";"-190.7836";"-34.30566";"-44.02588";"-300.5354";"-41.16827";"-50.76782"
"20403.72";"-190.7407";"-34.25714";"-44.02588";"-300.5354";"-41.1507";"-50.78436";"-190.7407";"-34.25714";"-44.02588";"-300.5354";"-41.1507";"-50.78436"
"20412.06";"-190.6915";"-34.25214";"-44.02588";"-300.5354";"-41.11334";"-50.80396";"-190.6915";"-34.25214";"-44.02588";"-300.5354";"-41.11334";"-50.80396"
"20420.4";"-190.655";"-34.22723";"-44.02588";"-300.5354";"-41.08002";"-50.81866";"-190.655";"-34.22723";"-44.02588";"-300.5354";"-41.08002";"-50.81866"
"20428.74";"-190.6068";"-34.19751";"-44.02588";"-300.5354";"-40.95593";"-50.85162";"-190.6068";"-34.19751";"-44.02588";"-300.5354";"-40.95593";"-50.85162"
"20437.08";"-190.5525";"-34.18567";"-44.02588";"-300.5354";"-40.94244";"-50.87067";"-190.5525";"-34.18567";"-44.02588";"-300.5354";"-40.94244";"-50.87067"
"20445.43";"-190.4524";"-34.08118";"-44.02588";"-300.5354";"-40.92584";"-50.88202";"-190.4524";"-34.08118";"-44.02588";"-300.5354";"-40.92584";"-50.88202"
"20453.77";"-190.4273";"-34.06952";"-44.02588";"-300.5354";"-40.84265";"-50.89923";"-190.4273";"-34.06952";"-44.02588";"-300.5354";"-40.84265";"-50.89923"
"20462.11";"-190.3566";"-34.02209";"-44.02588";"-300.5354";"-40.80536";"-50.90558";"-190.3566";"-34.02209";"-44.02588";"-300.5354";"-40.80536";"-50.90558"
"20470.45";"-190.2859";"-33.96613";"-44.02588";"-300.5354";"-40.79938";"-50.9129";"-190.2859";"-33.96613";"-44.02588";"-300.5354";"-40.79938";"-50.9129"
"20478.79";"-190.2512";"-33.96173";"-44.02588";"-300.5354";"-40.66486";"-50.9613";"-190.2512";"-33.96173";"-44.02588";"-300.5354";"-40.66486";"-50.9613"
"20487.13";"-190.2061";"-33.96521";"-44.02588";"-300.5354";"-40.6698";"-50.9649";"-190.2061";"-33.96521";"-44.02588";"-300.5354";"-40.6698";"-50.9649"
"20495.47";"-190.1423";"-33.91986";"-44.02588";"-300.5354";"-40.63159";"-51.00385";"-190.1423";"-33.91986";"-44.02588";"-300.5354";"-40.63159";"-51.00385"
"20503.82";"-190.128";"-33.9032";"-44.02588";"-300.5354";"-40.59955";"-51.01874";"-190.128";"-33.9032";"-44.02588";"-300.5354";"-40.59955";"-51.01874"
"20512.16";"-190.0867";"-33.91376";"-44.02588";"-300.5354";"-40.57373";"-51.01569";"-190.0867";"-33.91376";"-44.02588";"-300.5354";"-40.57373";"-51.01569"
"20520.5";"-190.0721";"-33.8916";"-44.02588";"-300.5354";"-40.55151";"-51.02289";"-190.0721";"-33.8916";"-44.02588";"-300.5354";"-40.55151";"-51.02289"
"20528.84";"-190.0195";"-33.85699";"-44.02588";"-300.5354";"-40.50885";"-51.03101";"-190.0195";"-33.85699";"-44.02588";"-300.5354";"-40.50885";"-51.03101"
"20537.18";"-190.0078";"-33.84558";"-44.02588";"-300.5354";"-40.48627";"-51.10461";"-190.0078";"-33.84558";"-44.02588";"-300.5354";"-40.48627";"-51.10461"
"20545.53";"-189.9423";"-33.81598";"-44.02588";"-300.5354";"-40.42468";"-51.15088";"-189.9423";"-33.81598";"-44.02588";"-300.5354";"-40.42468";"-51.15088"
"20553.87";"-189.8867";"-33.75604";"-44.02588";"-300.5354";"-40.33325";"-51.19086";"-189.8867";"-33.75604";"-44.02588";"-300.5354";"-40.33325";"-51.19086"
"20562.21";"-189.8481";"-33.74164";"-44.02588";"-300.5354";"-40.31787";"-51.19733";"-189.8481";"-33.74164";"-44.02588";"-300.5354";"-40.31787";"-51.19733"
"20570.55";"-189.8278";"-33.73523";"-44.02588";"-300.5354";"-40.31329";"-51.20917";"-189.8278";"-33.73523";"-44.02588";"-300.5354";"-40.31329";"-51.20917"
"20578.89";"-189.7743";"-33.69659";"-44.02588";"-300.5354";"-40.27692";"-51.22064";"-189.7743";"-33.69659";"-44.02588";"-300.5354";"-40.27692";"-51.22064"
"20587.23";"-189.7421";"-33.68555";"-44.02588";"-300.5354";"-40.22437";"-51.22687";"-189.7421";"-33.68555";"-44.02588";"-300.5354";"-40.22437";"-51.22687"
"20595.57";"-189.6853";"-33.65778";"-44.02588";"-300.5354";"-40.16394";"-51.25677";"-189.6853";"-33.65778";"-44.02588";"-300.5354";"-40.16394";"-51.25677"
"20603.92";"-189.6526";"-33.63965";"-44.02588";"-300.5354";"-40.11731";"-51.26239";"-189.6526";"-33.63965";"-44.02588";"-300.5354";"-40.11731";"-51.26239"
"20612.26";"-189.5899";"-33.5929";"-44.02588";"-300.5354";"-40.099";"-51.28644";"-189.5899";"-33.5929";"-44.02588";"-300.5354";"-40.099";"-51.28644"
"20620.6";"-189.5585";"-33.58551";"-44.02588";"-300.5354";"-40.0498";"-51.28717";"-189.5585";"-33.58551";"-44.02588";"-300.5354";"-40.0498";"-51.28717"
"20628.94";"-189.3466";"-33.44214";"-44.02588";"-300.5354";"-40.01178";"-51.31";"-189.3466";"-33.44214";"-44.02588";"-300.5354";"-40.01178";"-51.31"
"20637.28";"-189.3242";"-33.43695";"-44.02588";"-300.5354";"-39.98413";"-51.30975";"-189.3242";"-33.43695";"-44.02588";"-300.5354";"-39.98413";"-51.30975"
"20645.63";"-189.2629";"-33.40778";"-44.02588";"-300.5354";"-39.85693";"-51.3548";"-189.2629";"-33.40778";"-44.02588";"-300.5354";"-39.85693";"-51.3548"
"20653.97";"-189.2375";"-33.36816";"-44.02588";"-300.5354";"-39.85846";"-51.35522";"-189.2375";"-33.36816";"-44.02588";"-300.5354";"-39.85846";"-51.35522"
"20662.31";"-189.1762";"-33.3421";"-44.02588";"-300.5354";"-39.78644";"-51.362";"-189.1762";"-33.3421";"-44.02588";"-300.5354";"-39.78644";"-51.362"
"20670.65";"-189.1253";"-33.28235";"-44.02588";"-300.5354";"-39.76526";"-51.39038";"-189.1253";"-33.28235";"-44.02588";"-300.5354";"-39.76526";"-51.39038"
"20678.99";"-189.0734";"-33.25391";"-44.02588";"-300.5354";"-39.74139";"-51.38745";"-189.0734";"-33.25391";"-44.02588";"-300.5354";"-39.74139";"-51.38745"
"20687.33";"-189.019";"-33.24829";"-44.02588";"-300.5354";"-39.68774";"-51.41016";"-189.019";"-33.24829";"-44.02588";"-300.5354";"-39.68774";"-51.41016"
"20695.68";"-188.9584";"-33.21991";"-44.02588";"-300.5354";"-39.64673";"-51.43414";"-188.9584";"-33.21991";"-44.02588";"-300.5354";"-39.64673";"-51.43414"
"20704.02";"-188.9099";"-33.19165";"-44.02588";"-300.5354";"-39.57385";"-51.44934";"-188.9099";"-33.19165";"-44.02588";"-300.5354";"-39.57385";"-51.44934"
"20712.36";"-188.9034";"-33.1582";"-44.02588";"-300.5354";"-39.55103";"-51.45972";"-188.9034";"-33.1582";"-44.02588";"-300.5354";"-39.55103";"-51.45972"
"20720.7";"-188.8546";"-33.13885";"-44.02588";"-300.5354";"-39.41815";"-51.59509";"-188.8546";"-33.13885";"-44.02588";"-300.5354";"-39.41815";"-51.59509"
"20729.04";"-188.7913";"-33.12006";"-44.02588";"-300.5354";"-39.34863";"-51.62634";"-188.7913";"-33.12006";"-44.02588";"-300.5354";"-39.34863";"-51.62634"
"20737.38";"-188.7457";"-33.09418";"-44.02588";"-300.5354";"-39.30676";"-51.63757";"-188.7457";"-33.09418";"-44.02588";"-300.5354";"-39.30676";"-51.63757"
"20745.72";"-188.6807";"-33.03687";"-44.02588";"-300.5354";"-39.26837";"-51.67303";"-188.6807";"-33.03687";"-44.02588";"-300.5354";"-39.26837";"-51.67303"
"20754.07";"-188.6492";"-33.01813";"-44.02588";"-300.5354";"-39.21417";"-51.69946";"-188.6492";"-33.01813";"-44.02588";"-300.5354";"-39.21417";"-51.69946"
"20762.41";"-188.5469";"-32.99237";"-44.02588";"-300.5354";"-39.19";"-51.72571";"-188.5469";"-32.99237";"-44.02588";"-300.5354";"-39.19";"-51.72571"
"20770.75";"-188.4962";"-32.88647";"-44.02588";"-300.5354";"-39.13214";"-51.73694";"-188.4962";"-32.88647";"-44.02588";"-300.5354";"-39.13214";"-51.73694"
"20779.09";"-188.4077";"-32.87756";"-44.02588";"-300.5354";"-39.06769";"-51.75098";"-188.4077";"-32.87756";"-44.02588";"-300.5354";"-39.06769";"-51.75098"
"20787.43";"-188.3763";"-32.8501";"-44.02588";"-300.5354";"-39.04138";"-51.77197";"-188.3763";"-32.8501";"-44.02588";"-300.5354";"-39.04138";"-51.77197"
"20795.78";"-188.3198";"-32.83667";"-44.02588";"-300.5354";"-38.98846";"-51.81232";"-188.3198";"-32.83667";"-44.02588";"-300.5354";"-38.98846";"-51.81232"
"20804.12";"-188.2853";"-32.82996";"-44.02588";"-300.5354";"-38.94525";"-51.82159";"-188.2853";"-32.82996";"-44.02588";"-300.5354";"-38.94525";"-51.82159"
"20812.46";"-188.2568";"-32.79041";"-44.02588";"-300.5354";"-38.91174";"-51.86639";"-188.2568";"-32.79041";"-44.02588";"-300.5354";"-38.91174";"-51.86639"
"20820.8";"-188.1784";"-32.76581";"-44.02588";"-300.5354";"-38.88336";"-51.88239";"-188.1784";"-32.76581";"-44.02588";"-300.5354";"-38.88336";"-51.88239"
"20829.14";"-188.1134";"-32.76501";"-44.02588";"-300.5354";"-38.81104";"-51.88452";"-188.1134";"-32.76501";"-44.02588";"-300.5354";"-38.81104";"-51.88452"
"20837.48";"-188.0947";"-32.73828";"-44.02588";"-300.5354";"-38.78052";"-51.88165";"-188.0947";"-32.73828";"-44.02588";"-300.5354";"-38.78052";"-51.88165"
"20845.82";"-188.0428";"-32.64398";"-44.02588";"-300.5354";"-38.70758";"-51.91095";"-188.0428";"-32.64398";"-44.02588";"-300.5354";"-38.70758";"-51.91095"
"20854.17";"-188.0162";"-32.63043";"-44.02588";"-300.5354";"-38.67639";"-51.92609";"-188.0162";"-32.63043";"-44.02588";"-300.5354";"-38.67639";"-51.92609"
"20862.51";"-187.9165";"-32.62018";"-44.02588";"-300.5354";"-38.6402";"-51.94702";"-187.9165";"-32.62018";"-44.02588";"-300.5354";"-38.6402";"-51.94702"
"20870.85";"-187.8981";"-32.61945";"-44.02588";"-300.5354";"-38.60077";"-51.96399";"-187.8981";"-32.61945";"-44.02588";"-300.5354";"-38.60077";"-51.96399"
"20879.19";"-187.8419";"-32.54834";"-44.02588";"-300.5354";"-38.56262";"-51.9906";"-187.8419";"-32.54834";"-44.02588";"-300.5354";"-38.56262";"-51.9906"
"20887.53";"-187.7683";"-32.54242";"-44.02588";"-300.5354";"-38.52637";"-51.99957";"-187.7683";"-32.54242";"-44.02588";"-300.5354";"-38.52637";"-51.99957"
"20895.88";"-187.7444";"-32.53662";"-44.02588";"-300.5354";"-38.46155";"-52.08246";"-187.7444";"-32.53662";"-44.02588";"-300.5354";"-38.46155";"-52.08246"
"20904.22";"-187.6726";"-32.51489";"-44.02588";"-300.5354";"-38.39587";"-52.08777";"-187.6726";"-32.51489";"-44.02588";"-300.5354";"-38.39587";"-52.08777"
"20912.56";"-187.444";"-32.35919";"-44.02588";"-300.5354";"-38.31934";"-52.10321";"-187.444";"-32.35919";"-44.02588";"-300.5354";"-38.31934";"-52.10321"
"20920.9";"-187.4446";"-32.33789";"-44.02588";"-300.5354";"-38.27075";"-52.11188";"-187.4446";"-32.33789";"-44.02588";"-300.5354";"-38.27075";"-52.11188"
"20929.24";"-187.3995";"-32.31818";"-44.02588";"-300.5354";"-38.28345";"-52.13885";"-187.3995";"-32.31818";"-44.02588";"-300.5354";"-38.28345";"-52.13885"
"20937.58";"-187.3751";"-32.29974";"-44.02588";"-300.5354";"-38.16821";"-52.14545";"-187.3751";"-32.29974";"-44.02588";"-300.5354";"-38.16821";"-52.14545"
"20945.93";"-187.2935";"-32.27332";"-44.02588";"-300.5354";"-38.14417";"-52.17236";"-187.2935";"-32.27332";"-44.02588";"-300.5354";"-38.14417";"-52.17236"
"20954.27";"-187.2698";"-32.24976";"-44.02588";"-300.5354";"-38.10852";"-52.18848";"-187.2698";"-32.24976";"-44.02588";"-300.5354";"-38.10852";"-52.18848"
"20962.61";"-187.1499";"-32.23199";"-44.02588";"-300.5354";"-38.02332";"-52.19318";"-187.1499";"-32.23199";"-44.02588";"-300.5354";"-38.02332";"-52.19318"
"20970.95";"-187.1243";"-32.18799";"-44.02588";"-300.5354";"-38.00714";"-52.21234";"-187.1243";"-32.18799";"-44.02588";"-300.5354";"-38.00714";"-52.21234"
"20979.29";"-187.0834";"-32.18787";"-44.02588";"-300.5354";"-37.96619";"-52.24023";"-187.0834";"-32.18787";"-44.02588";"-300.5354";"-37.96619";"-52.24023"
"20987.63";"-187.0593";"-32.15833";"-44.02588";"-300.5354";"-37.94727";"-52.23132";"-187.0593";"-32.15833";"-44.02588";"-300.5354";"-37.94727";"-52.23132"
"20995.97";"-186.9246";"-32.07526";"-44.02588";"-300.5354";"-37.8537";"-52.26154";"-186.9246";"-32.07526";"-44.02588";"-300.5354";"-37.8537";"-52.26154"
"21004.32";"-186.9177";"-32.05981";"-44.02588";"-300.5354";"-37.8277";"-52.27588";"-186.9177";"-32.05981";"-44.02588";"-300.5354";"-37.8277";"-52.27588"
"21012.66";"-186.8854";"-32.02545";"-44.02588";"-300.5354";"-37.73572";"-52.27808";"-186.8854";"-32.02545";"-44.02588";"-300.5354";"-37.73572";"-52.27808"
"21021";"-186.8318";"-32.0274";"-44.02588";"-300.5354";"-37.70428";"-52.29272";"-186.8318";"-32.0274";"-44.02588";"-300.5354";"-37.70428";"-52.29272"
"21029.34";"-186.7875";"-32.01471";"-44.02588";"-300.5354";"-37.65045";"-52.33075";"-186.7875";"-32.01471";"-44.02588";"-300.5354";"-37.65045";"-52.33075"
"21037.68";"-186.7425";"-32.00385";"-44.02588";"-300.5354";"-37.58582";"-52.33087";"-186.7425";"-32.00385";"-44.02588";"-300.5354";"-37.58582";"-52.33087"
"21046.03";"-186.5765";"-31.98584";"-44.02588";"-300.5354";"-37.56622";"-52.35211";"-186.5765";"-31.98584";"-44.02588";"-300.5354";"-37.56622";"-52.35211"
"21054.37";"-186.5583";"-31.95349";"-44.02588";"-300.5354";"-37.52142";"-52.35535";"-186.5583";"-31.95349";"-44.02588";"-300.5354";"-37.52142";"-52.35535"
"21062.71";"-186.48";"-31.82031";"-44.02588";"-300.5354";"-37.42651";"-52.44556";"-186.48";"-31.82031";"-44.02588";"-300.5354";"-37.42651";"-52.44556"
"21071.05";"-186.4728";"-31.81866";"-44.02588";"-300.5354";"-37.3938";"-52.47119";"-186.4728";"-31.81866";"-44.02588";"-300.5354";"-37.3938";"-52.47119"
"21079.39";"-186.3315";"-31.80078";"-44.02588";"-300.5354";"-37.36023";"-52.48096";"-186.3315";"-31.80078";"-44.02588";"-300.5354";"-37.36023";"-52.48096"
"21087.73";"-186.324";"-31.7951";"-44.02588";"-300.5354";"-37.30994";"-52.49384";"-186.324";"-31.7951";"-44.02588";"-300.5354";"-37.30994";"-52.49384"
"21096.07";"-186.258";"-31.77209";"-44.02588";"-300.5354";"-37.22876";"-52.49884";"-186.258";"-31.77209";"-44.02588";"-300.5354";"-37.22876";"-52.49884"
"21104.42";"-186.2332";"-31.75677";"-44.02588";"-300.5354";"-37.12207";"-52.53156";"-186.2332";"-31.75677";"-44.02588";"-300.5354";"-37.12207";"-52.53156"
"21112.76";"-186.1855";"-31.71033";"-44.02588";"-300.5354";"-37.05939";"-52.53552";"-186.1855";"-31.71033";"-44.02588";"-300.5354";"-37.05939";"-52.53552"
"21121.1";"-186.1695";"-31.70239";"-44.02588";"-300.5354";"-37.02856";"-52.55371";"-186.1695";"-31.70239";"-44.02588";"-300.5354";"-37.02856";"-52.55371"
"21129.44";"-186.1297";"-31.70081";"-44.02588";"-300.5354";"-37.02832";"-52.57813";"-186.1297";"-31.70081";"-44.02588";"-300.5354";"-37.02832";"-52.57813"
"21137.78";"-186.0836";"-31.67261";"-44.02588";"-300.5354";"-36.97321";"-52.60205";"-186.0836";"-31.67261";"-44.02588";"-300.5354";"-36.97321";"-52.60205"
"21146.13";"-185.9927";"-31.65637";"-44.02588";"-300.5354";"-36.93292";"-52.62292";"-185.9927";"-31.65637";"-44.02588";"-300.5354";"-36.93292";"-52.62292"
"21154.47";"-185.9929";"-31.6286";"-44.02588";"-300.5354";"-36.88623";"-52.63702";"-185.9929";"-31.6286";"-44.02588";"-300.5354";"-36.88623";"-52.63702"
"21162.81";"-185.9074";"-31.59937";"-44.02588";"-300.5354";"-36.84961";"-52.67377";"-185.9074";"-31.59937";"-44.02588";"-300.5354";"-36.84961";"-52.67377"
"21171.15";"-185.8859";"-31.57172";"-44.02588";"-300.5354";"-36.80408";"-52.70056";"-185.8859";"-31.57172";"-44.02588";"-300.5354";"-36.80408";"-52.70056"
"21179.49";"-185.676";"-31.44629";"-44.02588";"-300.5354";"-36.7439";"-52.72351";"-185.676";"-31.44629";"-44.02588";"-300.5354";"-36.7439";"-52.72351"
"21187.83";"-185.668";"-31.44604";"-44.02588";"-300.5354";"-36.7168";"-52.73633";"-185.668";"-31.44604";"-44.02588";"-300.5354";"-36.7168";"-52.73633"
"21196.18";"-185.6319";"-31.43298";"-44.02588";"-300.5354";"-36.62769";"-52.77112";"-185.6319";"-31.43298";"-44.02588";"-300.5354";"-36.62769";"-52.77112"
"21204.52";"-185.5815";"-31.43951";"-44.02588";"-300.5354";"-36.60492";"-52.76721";"-185.5815";"-31.43951";"-44.02588";"-300.5354";"-36.60492";"-52.76721"
"21212.86";"-185.4241";"-31.33295";"-44.02588";"-300.5354";"-36.58148";"-52.80817";"-185.4241";"-31.33295";"-44.02588";"-300.5354";"-36.58148";"-52.80817"
"21221.2";"-185.4033";"-31.30695";"-44.02588";"-300.5354";"-36.51007";"-52.82086";"-185.4033";"-31.30695";"-44.02588";"-300.5354";"-36.51007";"-52.82086"
"21229.54";"-185.3472";"-31.2547";"-44.02588";"-300.5354";"-36.47253";"-52.90723";"-185.3472";"-31.2547";"-44.02588";"-300.5354";"-36.47253";"-52.90723"
"21237.88";"-185.2968";"-31.24695";"-44.02588";"-300.5354";"-36.41113";"-52.93573";"-185.2968";"-31.24695";"-44.02588";"-300.5354";"-36.41113";"-52.93573"
"21246.22";"-185.2739";"-31.21466";"-44.02588";"-300.5354";"-36.35669";"-52.95282";"-185.2739";"-31.21466";"-44.02588";"-300.5354";"-36.35669";"-52.95282"
"21254.57";"-185.2433";"-31.19299";"-44.02588";"-300.5354";"-36.33044";"-52.98938";"-185.2433";"-31.19299";"-44.02588";"-300.5354";"-36.33044";"-52.98938"
"21262.91";"-185.1195";"-31.09521";"-44.02588";"-300.5354";"-36.24805";"-52.99359";"-185.1195";"-31.09521";"-44.02588";"-300.5354";"-36.24805";"-52.99359"
"21271.25";"-185.1061";"-31.09528";"-44.02588";"-300.5354";"-36.20618";"-53.01971";"-185.1061";"-31.09528";"-44.02588";"-300.5354";"-36.20618";"-53.01971"
"21279.59";"-184.9802";"-31.07855";"-44.02588";"-300.5354";"-36.16382";"-53.01636";"-184.9802";"-31.07855";"-44.02588";"-300.5354";"-36.16382";"-53.01636"
"21287.93";"-184.9615";"-31.08386";"-44.02588";"-300.5354";"-36.138";"-53.0473";"-184.9615";"-31.08386";"-44.02588";"-300.5354";"-36.138";"-53.0473"
"21296.28";"-184.9167";"-31.04474";"-44.02588";"-300.5354";"-36.04517";"-53.07288";"-184.9167";"-31.04474";"-44.02588";"-300.5354";"-36.04517";"-53.07288"
"21304.62";"-184.8621";"-31.02795";"-44.02588";"-300.5354";"-36.00677";"-53.09027";"-184.8621";"-31.02795";"-44.02588";"-300.5354";"-36.00677";"-53.09027"
"21312.96";"-184.7512";"-30.94739";"-44.02588";"-300.5354";"-35.95447";"-53.11584";"-184.7512";"-30.94739";"-44.02588";"-300.5354";"-35.95447";"-53.11584"
"21321.3";"-184.7495";"-30.95825";"-44.02588";"-300.5354";"-35.91492";"-53.14716";"-184.7495";"-30.95825";"-44.02588";"-300.5354";"-35.91492";"-53.14716"
"21329.64";"-184.7061";"-30.9187";"-44.02588";"-300.5354";"-35.87823";"-53.14441";"-184.7061";"-30.9187";"-44.02588";"-300.5354";"-35.87823";"-53.14441"
"21337.98";"-184.6519";"-30.90479";"-44.02588";"-300.5354";"-35.85077";"-53.17017";"-184.6519";"-30.90479";"-44.02588";"-300.5354";"-35.85077";"-53.17017"
"21346.32";"-184.4818";"-30.81842";"-44.02588";"-300.5354";"-35.80579";"-53.18518";"-184.4818";"-30.81842";"-44.02588";"-300.5354";"-35.80579";"-53.18518"
"21354.67";"-184.4871";"-30.78265";"-44.02588";"-300.5354";"-35.7677";"-53.21014";"-184.4871";"-30.78265";"-44.02588";"-300.5354";"-35.7677";"-53.21014"
"21363.01";"-184.4547";"-30.76868";"-44.02588";"-300.5354";"-35.69482";"-53.22388";"-184.4547";"-30.76868";"-44.02588";"-300.5354";"-35.69482";"-53.22388"
"21371.35";"-184.4137";"-30.73175";"-44.02588";"-300.5354";"-35.65845";"-53.25061";"-184.4137";"-30.73175";"-44.02588";"-300.5354";"-35.65845";"-53.25061"
"21379.69";"-184.2755";"-30.71002";"-44.02588";"-300.5354";"-35.5741";"-53.27142";"-184.2755";"-30.71002";"-44.02588";"-300.5354";"-35.5741";"-53.27142"
"21388.03";"-184.2725";"-30.6853";"-44.02588";"-300.5354";"-35.54053";"-53.28711";"-184.2725";"-30.6853";"-44.02588";"-300.5354";"-35.54053";"-53.28711"
"21396.38";"-184.2513";"-30.62701";"-44.02588";"-300.5354";"-35.48334";"-53.35077";"-184.2513";"-30.62701";"-44.02588";"-300.5354";"-35.48334";"-53.35077"
"21404.72";"-184.2305";"-30.61914";"-44.02588";"-300.5354";"-35.44983";"-53.35828";"-184.2305";"-30.61914";"-44.02588";"-300.5354";"-35.44983";"-53.35828"
"21413.06";"-184.0944";"-30.60144";"-44.02588";"-300.5354";"-35.37469";"-53.37488";"-184.0944";"-30.60144";"-44.02588";"-300.5354";"-35.37469";"-53.37488"
"21421.4";"-184.0823";"-30.56683";"-44.02588";"-300.5354";"-35.35034";"-53.38171";"-184.0823";"-30.56683";"-44.02588";"-300.5354";"-35.35034";"-53.38171"
"21429.74";"-183.9506";"-30.47675";"-44.02588";"-300.5354";"-35.28735";"-53.41418";"-183.9506";"-30.47675";"-44.02588";"-300.5354";"-35.28735";"-53.41418"
"21438.08";"-183.9138";"-30.45929";"-44.02588";"-300.5354";"-35.23474";"-53.40802";"-183.9138";"-30.45929";"-44.02588";"-300.5354";"-35.23474";"-53.40802"
"21446.43";"-183.8948";"-30.46307";"-44.02588";"-300.5354";"-35.16797";"-53.43933";"-183.8948";"-30.46307";"-44.02588";"-300.5354";"-35.16797";"-53.43933"
"21454.77";"-183.8674";"-30.43738";"-44.02588";"-300.5354";"-35.17657";"-53.44019";"-183.8674";"-30.43738";"-44.02588";"-300.5354";"-35.17657";"-53.44019"
"21463.11";"-183.7979";"-30.43164";"-44.02588";"-300.5354";"-35.1366";"-53.45441";"-183.7979";"-30.43164";"-44.02588";"-300.5354";"-35.1366";"-53.45441"
"21471.45";"-183.7542";"-30.41425";"-44.02588";"-300.5354";"-35.08636";"-53.45905";"-183.7542";"-30.41425";"-44.02588";"-300.5354";"-35.08636";"-53.45905"
"21479.79";"-183.6334";"-30.33228";"-44.02588";"-300.5354";"-35.02631";"-53.46899";"-183.6334";"-30.33228";"-44.02588";"-300.5354";"-35.02631";"-53.46899"
"21488.13";"-183.6243";"-30.28741";"-44.02588";"-300.5354";"-34.9079";"-53.50378";"-183.6243";"-30.28741";"-44.02588";"-300.5354";"-34.9079";"-53.50378"
"21496.47";"-183.5703";"-30.29852";"-44.02588";"-300.5354";"-34.85138";"-53.53937";"-183.5703";"-30.29852";"-44.02588";"-300.5354";"-34.85138";"-53.53937"
"21504.82";"-183.5056";"-30.24469";"-44.02588";"-300.5354";"-34.81531";"-53.55988";"-183.5056";"-30.24469";"-44.02588";"-300.5354";"-34.81531";"-53.55988"
"21513.16";"-183.3713";"-30.17126";"-44.02588";"-300.5354";"-34.78467";"-53.57678";"-183.3713";"-30.17126";"-44.02588";"-300.5354";"-34.78467";"-53.57678"
"21521.5";"-183.3635";"-30.14807";"-44.02588";"-300.5354";"-34.76172";"-53.59186";"-183.3635";"-30.14807";"-44.02588";"-300.5354";"-34.76172";"-53.59186"
"21529.84";"-183.3262";"-30.11139";"-44.02588";"-300.5354";"-34.66547";"-53.61389";"-183.3262";"-30.11139";"-44.02588";"-300.5354";"-34.66547";"-53.61389"
"21538.18";"-183.2846";"-30.08441";"-44.02588";"-300.5354";"-34.646";"-53.63959";"-183.2846";"-30.08441";"-44.02588";"-300.5354";"-34.646";"-53.63959"
"21546.53";"-183.1563";"-30.07184";"-44.02588";"-300.5354";"-34.56927";"-53.65747";"-183.1563";"-30.07184";"-44.02588";"-300.5354";"-34.56927";"-53.65747"
"21554.87";"-183.0704";"-29.99652";"-44.02588";"-300.5354";"-34.51617";"-53.73804";"-183.0704";"-29.99652";"-44.02588";"-300.5354";"-34.51617";"-53.73804"
"21563.21";"-183.0539";"-30.00079";"-44.02588";"-300.5354";"-34.45532";"-53.80927";"-183.0539";"-30.00079";"-44.02588";"-300.5354";"-34.45532";"-53.80927"
"21571.55";"-183.0317";"-29.99164";"-44.02588";"-300.5354";"-34.42932";"-53.82745";"-183.0317";"-29.99164";"-44.02588";"-300.5354";"-34.42932";"-53.82745"
"21579.89";"-182.9827";"-29.96924";"-44.02588";"-300.5354";"-34.38379";"-53.85089";"-182.9827";"-29.96924";"-44.02588";"-300.5354";"-34.38379";"-53.85089"
"21588.23";"-182.9464";"-29.95453";"-44.02588";"-300.5354";"-34.31769";"-53.87207";"-182.9464";"-29.95453";"-44.02588";"-300.5354";"-34.31769";"-53.87207"
"21596.57";"-182.8116";"-29.9212";"-44.02588";"-300.5354";"-34.2218";"-53.86279";"-182.8116";"-29.9212";"-44.02588";"-300.5354";"-34.2218";"-53.86279"
"21604.92";"-182.7964";"-29.91858";"-44.02588";"-300.5354";"-34.21204";"-53.88477";"-182.7964";"-29.91858";"-44.02588";"-300.5354";"-34.21204";"-53.88477"
"21613.26";"-182.7514";"-29.85437";"-44.02588";"-300.5354";"-34.13458";"-53.88055";"-182.7514";"-29.85437";"-44.02588";"-300.5354";"-34.13458";"-53.88055"
"21621.6";"-182.7212";"-29.81512";"-44.02588";"-300.5354";"-34.10022";"-53.92041";"-182.7212";"-29.81512";"-44.02588";"-300.5354";"-34.10022";"-53.92041"
"21629.94";"-182.5341";"-29.82135";"-44.02588";"-300.5354";"-34.02753";"-53.92816";"-182.5341";"-29.82135";"-44.02588";"-300.5354";"-34.02753";"-53.92816"
"21638.28";"-182.5073";"-29.81097";"-44.02588";"-300.5354";"-33.98547";"-53.95605";"-182.5073";"-29.81097";"-44.02588";"-300.5354";"-33.98547";"-53.95605"
"21646.63";"-182.4669";"-29.59448";"-44.02588";"-300.5354";"-33.93646";"-53.974";"-182.4669";"-29.59448";"-44.02588";"-300.5354";"-33.93646";"-53.974"
"21654.97";"-182.3231";"-29.59198";"-44.02588";"-300.5354";"-33.89789";"-54.00983";"-182.3231";"-29.59198";"-44.02588";"-300.5354";"-33.89789";"-54.00983"
"21663.31";"-182.2773";"-29.5932";"-44.02588";"-300.5354";"-33.84894";"-54.03516";"-182.2773";"-29.5932";"-44.02588";"-300.5354";"-33.84894";"-54.03516"
"21671.65";"-182.2577";"-29.58588";"-44.02588";"-300.5354";"-33.80103";"-54.05109";"-182.2577";"-29.58588";"-44.02588";"-300.5354";"-33.80103";"-54.05109"
"21679.99";"-182.2245";"-29.54163";"-44.02588";"-300.5354";"-33.73999";"-54.03662";"-182.2245";"-29.54163";"-44.02588";"-300.5354";"-33.73999";"-54.03662"
"21688.33";"-182.1724";"-29.54932";"-44.02588";"-300.5354";"-33.69171";"-54.06946";"-182.1724";"-29.54932";"-44.02588";"-300.5354";"-33.69171";"-54.06946"
"21696.68";"-181.9589";"-29.48566";"-44.02588";"-300.5354";"-33.63898";"-54.08606";"-181.9589";"-29.48566";"-44.02588";"-300.5354";"-33.63898";"-54.08606"
"21705.02";"-181.9404";"-29.47058";"-44.02588";"-300.5354";"-33.60913";"-54.112";"-181.9404";"-29.47058";"-44.02588";"-300.5354";"-33.60913";"-54.112"
"21713.36";"-181.8959";"-29.41675";"-44.02588";"-300.5354";"-33.55707";"-54.12183";"-181.8959";"-29.41675";"-44.02588";"-300.5354";"-33.55707";"-54.12183"
"21721.7";"-181.8621";"-29.41187";"-44.02588";"-300.5354";"-33.51068";"-54.13672";"-181.8621";"-29.41187";"-44.02588";"-300.5354";"-33.51068";"-54.13672"
"21730.04";"-181.7258";"-29.38477";"-44.02588";"-300.5354";"-33.42609";"-54.22125";"-181.7258";"-29.38477";"-44.02588";"-300.5354";"-33.42609";"-54.22125"
"21738.38";"-181.7056";"-29.3562";"-44.02588";"-300.5354";"-33.39343";"-54.21338";"-181.7056";"-29.3562";"-44.02588";"-300.5354";"-33.39343";"-54.21338"
"21746.72";"-181.6322";"-29.33032";"-44.02588";"-300.5354";"-33.28143";"-54.25623";"-181.6322";"-29.33032";"-44.02588";"-300.5354";"-33.28143";"-54.25623"
"21755.07";"-181.5965";"-29.34729";"-44.02588";"-300.5354";"-33.26044";"-54.24268";"-181.5965";"-29.34729";"-44.02588";"-300.5354";"-33.26044";"-54.24268"
"21763.41";"-181.569";"-29.30408";"-44.02588";"-300.5354";"-33.21112";"-54.23511";"-181.569";"-29.30408";"-44.02588";"-300.5354";"-33.21112";"-54.23511"
"21771.75";"-181.5375";"-29.29053";"-44.02588";"-300.5354";"-33.1842";"-54.24463";"-181.5375";"-29.29053";"-44.02588";"-300.5354";"-33.1842";"-54.24463"
"21780.09";"-181.4356";"-29.17322";"-44.02588";"-300.5354";"-33.16132";"-54.26965";"-181.4356";"-29.17322";"-44.02588";"-300.5354";"-33.16132";"-54.26965"
"21788.43";"-181.4127";"-29.14728";"-44.02588";"-300.5354";"-33.11145";"-54.28461";"-181.4127";"-29.14728";"-44.02588";"-300.5354";"-33.11145";"-54.28461"
"21796.78";"-181.3683";"-29.12292";"-44.02588";"-300.5354";"-33.07678";"-54.30096";"-181.3683";"-29.12292";"-44.02588";"-300.5354";"-33.07678";"-54.30096"
"21805.12";"-181.3334";"-29.08838";"-44.02588";"-300.5354";"-33.04071";"-54.32513";"-181.3334";"-29.08838";"-44.02588";"-300.5354";"-33.04071";"-54.32513"
"21813.46";"-181.2151";"-29.07202";"-44.02588";"-300.5354";"-32.94879";"-54.33636";"-181.2151";"-29.07202";"-44.02588";"-300.5354";"-32.94879";"-54.33636"
"21821.8";"-181.1733";"-29.04456";"-44.02588";"-300.5354";"-32.91614";"-54.35474";"-181.1733";"-29.04456";"-44.02588";"-300.5354";"-32.91614";"-54.35474"
"21830.14";"-181.1169";"-29.03595";"-44.02588";"-300.5354";"-32.8504";"-54.37616";"-181.1169";"-29.03595";"-44.02588";"-300.5354";"-32.8504";"-54.37616"
"21838.48";"-181.0808";"-29.01031";"-44.02588";"-300.5354";"-32.82202";"-54.38934";"-181.0808";"-29.01031";"-44.02588";"-300.5354";"-32.82202";"-54.38934"
"21846.82";"-180.9869";"-28.99896";"-44.02588";"-300.5354";"-32.75488";"-54.40717";"-180.9869";"-28.99896";"-44.02588";"-300.5354";"-32.75488";"-54.40717"
"21855.17";"-180.9537";"-28.96301";"-44.02588";"-300.5354";"-32.72644";"-54.41583";"-180.9537";"-28.96301";"-44.02588";"-300.5354";"-32.72644";"-54.41583"
"21863.51";"-180.8241";"-28.86975";"-44.02588";"-300.5354";"-32.70081";"-54.44012";"-180.8241";"-28.86975";"-44.02588";"-300.5354";"-32.70081";"-54.44012"
"21871.85";"-180.8204";"-28.85187";"-44.02588";"-300.5354";"-32.61804";"-54.46088";"-180.8204";"-28.85187";"-44.02588";"-300.5354";"-32.61804";"-54.46088"
"21880.19";"-180.7813";"-28.83838";"-44.02588";"-300.5354";"-32.45978";"-54.58325";"-180.7813";"-28.83838";"-44.02588";"-300.5354";"-32.45978";"-54.58325"
"21888.53";"-180.7299";"-28.82495";"-44.02588";"-300.5354";"-32.44727";"-54.61084";"-180.7299";"-28.82495";"-44.02588";"-300.5354";"-32.44727";"-54.61084"
"21896.88";"-180.6251";"-28.81964";"-44.02588";"-300.5354";"-32.3468";"-54.60278";"-180.6251";"-28.81964";"-44.02588";"-300.5354";"-32.3468";"-54.60278"
"21905.22";"-180.6006";"-28.77594";"-44.02588";"-300.5354";"-32.30658";"-54.63226";"-180.6006";"-28.77594";"-44.02588";"-300.5354";"-32.30658";"-54.63226"
"21913.56";"-180.509";"-28.77094";"-44.02588";"-300.5354";"-32.23547";"-54.65955";"-180.509";"-28.77094";"-44.02588";"-300.5354";"-32.23547";"-54.65955"
"21921.9";"-180.4472";"-28.65527";"-44.02588";"-300.5354";"-32.21722";"-54.68341";"-180.4472";"-28.65527";"-44.02588";"-300.5354";"-32.21722";"-54.68341"
"21930.24";"-180.327";"-28.55414";"-44.02588";"-300.5354";"-32.12872";"-54.68396";"-180.327";"-28.55414";"-44.02588";"-300.5354";"-32.12872";"-54.68396"
"21938.58";"-180.3174";"-28.54016";"-44.02588";"-300.5354";"-32.09351";"-54.72198";"-180.3174";"-28.54016";"-44.02588";"-300.5354";"-32.09351";"-54.72198"
"21946.93";"-180.2545";"-28.51373";"-44.02588";"-300.5354";"-32.0293";"-54.75879";"-180.2545";"-28.51373";"-44.02588";"-300.5354";"-32.0293";"-54.75879"
"21955.27";"-180.1252";"-28.48944";"-44.02588";"-300.5354";"-31.98846";"-54.7699";"-180.1252";"-28.48944";"-44.02588";"-300.5354";"-31.98846";"-54.7699"
"21963.61";"-180.0284";"-28.44312";"-44.02588";"-300.5354";"-31.92596";"-54.79016";"-180.0284";"-28.44312";"-44.02588";"-300.5354";"-31.92596";"-54.79016"
"21971.95";"-179.9968";"-28.41577";"-44.02588";"-300.5354";"-31.88959";"-54.80499";"-179.9968";"-28.41577";"-44.02588";"-300.5354";"-31.88959";"-54.80499"
"21980.29";"-179.9003";"-28.37659";"-44.02588";"-300.5354";"-31.85956";"-54.83533";"-179.9003";"-28.37659";"-44.02588";"-300.5354";"-31.85956";"-54.83533"
"21988.63";"-179.8824";"-28.37177";"-44.02588";"-300.5354";"-31.80261";"-54.84619";"-179.8824";"-28.37177";"-44.02588";"-300.5354";"-31.80261";"-54.84619"
"21996.97";"-179.7751";"-28.33173";"-44.02588";"-300.5354";"-31.71356";"-54.90765";"-179.7751";"-28.33173";"-44.02588";"-300.5354";"-31.71356";"-54.90765"
"22005.32";"-179.7487";"-28.302";"-44.02588";"-300.5354";"-31.71881";"-54.92407";"-179.7487";"-28.302";"-44.02588";"-300.5354";"-31.71881";"-54.92407"
"22013.66";"-179.7215";"-28.29089";"-44.02588";"-300.5354";"-31.66632";"-54.92694";"-179.7215";"-28.29089";"-44.02588";"-300.5354";"-31.66632";"-54.92694"
"22022";"-179.6391";"-28.24207";"-44.02588";"-300.5354";"-31.62726";"-54.96051";"-179.6391";"-28.24207";"-44.02588";"-300.5354";"-31.62726";"-54.96051"
"22030.34";"-179.5188";"-28.16125";"-44.02588";"-300.5354";"-31.54425";"-54.95734";"-179.5188";"-28.16125";"-44.02588";"-300.5354";"-31.54425";"-54.95734"
"22038.68";"-179.4946";"-28.09186";"-44.02588";"-300.5354";"-31.5058";"-54.99536";"-179.4946";"-28.09186";"-44.02588";"-300.5354";"-31.5058";"-54.99536"
"22047.03";"-179.386";"-28.06317";"-44.02588";"-300.5354";"-31.46735";"-55.07306";"-179.386";"-28.06317";"-44.02588";"-300.5354";"-31.46735";"-55.07306"
"22055.37";"-179.3488";"-28.06055";"-44.02588";"-300.5354";"-31.40979";"-55.10608";"-179.3488";"-28.06055";"-44.02588";"-300.5354";"-31.40979";"-55.10608"
"22063.71";"-179.3208";"-28.01959";"-44.02588";"-300.5354";"-31.34814";"-55.11218";"-179.3208";"-28.01959";"-44.02588";"-300.5354";"-31.34814";"-55.11218"
"22072.05";"-179.2991";"-28.021";"-44.02588";"-300.5354";"-31.34088";"-55.11053";"-179.2991";"-28.021";"-44.02588";"-300.5354";"-31.34088";"-55.11053"
"22080.39";"-179.2667";"-27.99866";"-44.02588";"-300.5354";"-31.30298";"-55.13245";"-179.2667";"-27.99866";"-44.02588";"-300.5354";"-31.30298";"-55.13245"
"22088.73";"-179.2182";"-27.98499";"-44.02588";"-300.5354";"-31.26965";"-55.14001";"-179.2182";"-27.98499";"-44.02588";"-300.5354";"-31.26965";"-55.14001"
"22097.07";"-179.1473";"-27.93604";"-44.02588";"-300.5354";"-31.16736";"-55.13654";"-179.1473";"-27.93604";"-44.02588";"-300.5354";"-31.16736";"-55.13654"
"22105.42";"-179.1406";"-27.93298";"-44.02588";"-300.5354";"-31.13599";"-55.16583";"-179.1406";"-27.93298";"-44.02588";"-300.5354";"-31.13599";"-55.16583"
"22113.76";"-179.0261";"-27.84601";"-44.02588";"-300.5354";"-31.06012";"-55.1944";"-179.0261";"-27.84601";"-44.02588";"-300.5354";"-31.06012";"-55.1944"
"22122.1";"-178.9912";"-27.84851";"-44.02588";"-300.5354";"-31.04169";"-55.20966";"-178.9912";"-27.84851";"-44.02588";"-300.5354";"-31.04169";"-55.20966"
"22130.44";"-178.911";"-27.80206";"-44.02588";"-300.5354";"-30.9505";"-55.20514";"-178.911";"-27.80206";"-44.02588";"-300.5354";"-30.9505";"-55.20514"
"22138.78";"-178.8945";"-27.7887";"-44.02588";"-300.5354";"-30.91602";"-55.23041";"-178.8945";"-27.7887";"-44.02588";"-300.5354";"-30.91602";"-55.23041"
"22147.13";"-178.7744";"-27.75232";"-44.02588";"-300.5354";"-30.87396";"-55.26416";"-178.7744";"-27.75232";"-44.02588";"-300.5354";"-30.87396";"-55.26416"
"22155.47";"-178.7527";"-27.73175";"-44.02588";"-300.5354";"-30.8429";"-55.27527";"-178.7527";"-27.73175";"-44.02588";"-300.5354";"-30.8429";"-55.27527"
"22163.81";"-178.6527";"-27.70251";"-44.02588";"-300.5354";"-30.77032";"-55.30591";"-178.6527";"-27.70251";"-44.02588";"-300.5354";"-30.77032";"-55.30591"
"22172.15";"-178.6398";"-27.68927";"-44.02588";"-300.5354";"-30.74774";"-55.31207";"-178.6398";"-27.68927";"-44.02588";"-300.5354";"-30.74774";"-55.31207"
"22180.49";"-178.571";"-27.63159";"-44.02588";"-300.5354";"-30.63129";"-55.33441";"-178.571";"-27.63159";"-44.02588";"-300.5354";"-30.63129";"-55.33441"
"22188.83";"-178.5422";"-27.61932";"-44.02588";"-300.5354";"-30.60052";"-55.34247";"-178.5422";"-27.61932";"-44.02588";"-300.5354";"-30.60052";"-55.34247"
"22197.18";"-178.2806";"-27.48969";"-44.02588";"-300.5354";"-30.55701";"-55.3714";"-178.2806";"-27.48969";"-44.02588";"-300.5354";"-30.55701";"-55.3714"
"22205.52";"-178.2595";"-27.45618";"-44.02588";"-300.5354";"-30.49841";"-55.46161";"-178.2595";"-27.45618";"-44.02588";"-300.5354";"-30.49841";"-55.46161"
"22213.86";"-178.212";"-27.42499";"-44.02588";"-300.5354";"-30.40247";"-55.44464";"-178.212";"-27.42499";"-44.02588";"-300.5354";"-30.40247";"-55.44464"
"22222.2";"-178.1161";"-27.37616";"-44.02588";"-300.5354";"-30.38367";"-55.46527";"-178.1161";"-27.37616";"-44.02588";"-300.5354";"-30.38367";"-55.46527"
"22230.54";"-178.0535";"-27.31848";"-44.02588";"-300.5354";"-30.20142";"-55.52081";"-178.0535";"-27.31848";"-44.02588";"-300.5354";"-30.20142";"-55.52081"
"22238.88";"-178.0066";"-27.289";"-44.02588";"-300.5354";"-30.16364";"-55.52679";"-178.0066";"-27.289";"-44.02588";"-300.5354";"-30.16364";"-55.52679"
"22247.22";"-177.9431";"-27.23578";"-44.02588";"-300.5354";"-30.07721";"-55.56085";"-177.9431";"-27.23578";"-44.02588";"-300.5354";"-30.07721";"-55.56085"
"22255.57";"-177.8939";"-27.21228";"-44.02588";"-300.5354";"-30.05084";"-55.57922";"-177.8939";"-27.21228";"-44.02588";"-300.5354";"-30.05084";"-55.57922"
"22263.91";"-177.7346";"-27.20471";"-44.02588";"-300.5354";"-29.96283";"-55.61627";"-177.7346";"-27.20471";"-44.02588";"-300.5354";"-29.96283";"-55.61627"
"22272.25";"-177.7167";"-27.19629";"-44.02588";"-300.5354";"-29.94659";"-55.63245";"-177.7167";"-27.19629";"-44.02588";"-300.5354";"-29.94659";"-55.63245"
"22280.59";"-177.6682";"-27.15985";"-44.02588";"-300.5354";"-29.84784";"-55.63098";"-177.6682";"-27.15985";"-44.02588";"-300.5354";"-29.84784";"-55.63098"
"22288.93";"-177.6122";"-27.12366";"-44.02588";"-300.5354";"-29.82806";"-55.67297";"-177.6122";"-27.12366";"-44.02588";"-300.5354";"-29.82806";"-55.67297"
"22297.28";"-177.4459";"-27.0318";"-44.02588";"-300.5354";"-29.74463";"-55.72766";"-177.4459";"-27.0318";"-44.02588";"-300.5354";"-29.74463";"-55.72766"
"22305.62";"-177.4404";"-27.02472";"-44.02588";"-300.5354";"-29.72925";"-55.72998";"-177.4404";"-27.02472";"-44.02588";"-300.5354";"-29.72925";"-55.72998"
"22313.96";"-177.3647";"-26.98151";"-44.02588";"-300.5354";"-29.63684";"-55.75385";"-177.3647";"-26.98151";"-44.02588";"-300.5354";"-29.63684";"-55.75385"
"22322.3";"-177.3087";"-26.94666";"-44.02588";"-300.5354";"-29.61707";"-55.77283";"-177.3087";"-26.94666";"-44.02588";"-300.5354";"-29.61707";"-55.77283"
"22330.64";"-177.1882";"-26.92957";"-44.02588";"-300.5354";"-29.48309";"-55.88251";"-177.1882";"-26.92957";"-44.02588";"-300.5354";"-29.48309";"-55.88251"
"22338.98";"-177.1613";"-26.90814";"-44.02588";"-300.5354";"-29.47888";"-55.8952";"-177.1613";"-26.90814";"-44.02588";"-300.5354";"-29.47888";"-55.8952"
"22347.32";"-177.1286";"-26.88324";"-44.02588";"-300.5354";"-29.43512";"-55.92462";"-177.1286";"-26.88324";"-44.02588";"-300.5354";"-29.43512";"-55.92462"
"22355.67";"-177.0583";"-26.84619";"-44.02588";"-300.5354";"-29.38751";"-55.91809";"-177.0583";"-26.84619";"-44.02588";"-300.5354";"-29.38751";"-55.91809"
"22364.01";"-176.9564";"-26.8244";"-44.02588";"-300.5354";"-29.26685";"-55.95593";"-176.9564";"-26.8244";"-44.02588";"-300.5354";"-29.26685";"-55.95593"
"22372.35";"-176.9373";"-26.79584";"-44.02588";"-300.5354";"-29.23077";"-55.95929";"-176.9373";"-26.79584";"-44.02588";"-300.5354";"-29.23077";"-55.95929"
"22380.69";"-176.8364";"-26.77319";"-44.02588";"-300.5354";"-29.14862";"-55.99615";"-176.8364";"-26.77319";"-44.02588";"-300.5354";"-29.14862";"-55.99615"
"22389.03";"-176.7828";"-26.73169";"-44.02588";"-300.5354";"-29.09497";"-55.98743";"-176.7828";"-26.73169";"-44.02588";"-300.5354";"-29.09497";"-55.98743"
"22397.38";"-176.7125";"-26.68219";"-44.02588";"-300.5354";"-29.02942";"-56.02686";"-176.7125";"-26.68219";"-44.02588";"-300.5354";"-29.02942";"-56.02686"
"22405.72";"-176.6742";"-26.67426";"-44.02588";"-300.5354";"-28.99634";"-56.05634";"-176.6742";"-26.67426";"-44.02588";"-300.5354";"-28.99634";"-56.05634"
"22414.06";"-176.5665";"-26.62769";"-44.02588";"-300.5354";"-28.85315";"-56.05249";"-176.5665";"-26.62769";"-44.02588";"-300.5354";"-28.85315";"-56.05249"
"22422.4";"-176.5037";"-26.58862";"-44.02588";"-300.5354";"-28.84277";"-56.06366";"-176.5037";"-26.58862";"-44.02588";"-300.5354";"-28.84277";"-56.06366"
"22430.74";"-176.3461";"-26.49158";"-44.02588";"-300.5354";"-28.77179";"-56.11279";"-176.3461";"-26.49158";"-44.02588";"-300.5354";"-28.77179";"-56.11279"
"22439.08";"-176.2355";"-26.43359";"-44.02588";"-300.5354";"-28.7301";"-56.11639";"-176.2355";"-26.43359";"-44.02588";"-300.5354";"-28.7301";"-56.11639"
"22447.43";"-176.1941";"-26.41858";"-44.02588";"-300.5354";"-28.62598";"-56.13818";"-176.1941";"-26.41858";"-44.02588";"-300.5354";"-28.62598";"-56.13818"
"22455.77";"-176.1522";"-26.36133";"-44.02588";"-300.5354";"-28.59753";"-56.15649";"-176.1522";"-26.36133";"-44.02588";"-300.5354";"-28.59753";"-56.15649"
"22464.11";"-176.0714";"-26.31226";"-44.02588";"-300.5354";"-28.55298";"-56.18927";"-176.0714";"-26.31226";"-44.02588";"-300.5354";"-28.55298";"-56.18927"
"22472.45";"-176.0457";"-26.30518";"-44.02588";"-300.5354";"-28.51062";"-56.21277";"-176.0457";"-26.30518";"-44.02588";"-300.5354";"-28.51062";"-56.21277"
"22480.79";"-175.9407";"-26.26312";"-44.02588";"-300.5354";"-28.36273";"-56.23822";"-175.9407";"-26.26312";"-44.02588";"-300.5354";"-28.36273";"-56.23822"
"22489.13";"-175.8958";"-26.22278";"-44.02588";"-300.5354";"-28.32068";"-56.25739";"-175.8958";"-26.22278";"-44.02588";"-300.5354";"-28.32068";"-56.25739"
"22497.47";"-175.8157";"-26.14252";"-44.02588";"-300.5354";"-28.25897";"-56.30414";"-175.8157";"-26.14252";"-44.02588";"-300.5354";"-28.25897";"-56.30414"
"22505.82";"-175.7627";"-26.14252";"-44.02588";"-300.5354";"-28.23315";"-56.31561";"-175.7627";"-26.14252";"-44.02588";"-300.5354";"-28.23315";"-56.31561"
"22514.16";"-175.6685";"-26.13074";"-44.02588";"-300.5354";"-28.12708";"-56.33813";"-175.6685";"-26.13074";"-44.02588";"-300.5354";"-28.12708";"-56.33813"
"22522.5";"-175.601";"-26.10126";"-44.02588";"-300.5354";"-28.08905";"-56.34503";"-175.601";"-26.10126";"-44.02588";"-300.5354";"-28.08905";"-56.34503"
"22530.84";"-175.5193";"-26.08923";"-44.02588";"-300.5354";"-28.04358";"-56.36926";"-175.5193";"-26.08923";"-44.02588";"-300.5354";"-28.04358";"-56.36926"
"22539.18";"-175.4587";"-25.97394";"-44.02588";"-300.5354";"-27.97766";"-56.38922";"-175.4587";"-25.97394";"-44.02588";"-300.5354";"-27.97766";"-56.38922"
"22547.53";"-175.3878";"-25.94928";"-44.02588";"-300.5354";"-27.88849";"-56.4024";"-175.3878";"-25.94928";"-44.02588";"-300.5354";"-27.88849";"-56.4024"
"22555.87";"-175.2925";"-25.85504";"-44.02588";"-300.5354";"-27.80609";"-56.46466";"-175.2925";"-25.85504";"-44.02588";"-300.5354";"-27.80609";"-56.46466"
"22564.21";"-175.2531";"-25.84839";"-44.02588";"-300.5354";"-27.78076";"-56.48053";"-175.2531";"-25.84839";"-44.02588";"-300.5354";"-27.78076";"-56.48053"
"22572.55";"-175.2077";"-25.83691";"-44.02588";"-300.5354";"-27.74969";"-56.48749";"-175.2077";"-25.83691";"-44.02588";"-300.5354";"-27.74969";"-56.48749"
"22580.89";"-175.1017";"-25.81775";"-44.02588";"-300.5354";"-27.65277";"-56.52087";"-175.1017";"-25.81775";"-44.02588";"-300.5354";"-27.65277";"-56.52087"
"22589.23";"-175.0747";"-25.80121";"-44.02588";"-300.5354";"-27.62128";"-56.54492";"-175.0747";"-25.80121";"-44.02588";"-300.5354";"-27.62128";"-56.54492"
"22597.57";"-174.9868";"-25.78387";"-44.02588";"-300.5354";"-27.51581";"-56.60449";"-174.9868";"-25.78387";"-44.02588";"-300.5354";"-27.51581";"-56.60449"
"22605.92";"-174.9728";"-25.74286";"-44.02588";"-300.5354";"-27.47906";"-56.65411";"-174.9728";"-25.74286";"-44.02588";"-300.5354";"-27.47906";"-56.65411"
"22614.26";"-174.8545";"-25.68793";"-44.02588";"-300.5354";"-27.38098";"-56.70148";"-174.8545";"-25.68793";"-44.02588";"-300.5354";"-27.38098";"-56.70148"
"22622.6";"-174.8101";"-25.65552";"-44.02588";"-300.5354";"-27.35889";"-56.73462";"-174.8101";"-25.65552";"-44.02588";"-300.5354";"-27.35889";"-56.73462"
"22630.94";"-174.731";"-25.56244";"-44.02588";"-300.5354";"-27.25458";"-56.75226";"-174.731";"-25.56244";"-44.02588";"-300.5354";"-27.25458";"-56.75226"
"22639.28";"-174.7134";"-25.55432";"-44.02588";"-300.5354";"-27.22662";"-56.74121";"-174.7134";"-25.55432";"-44.02588";"-300.5354";"-27.22662";"-56.74121"
"22647.63";"-174.6165";"-25.5097";"-44.02588";"-300.5354";"-27.15057";"-56.79932";"-174.6165";"-25.5097";"-44.02588";"-300.5354";"-27.15057";"-56.79932"
"22655.97";"-174.4698";"-25.39069";"-44.02588";"-300.5354";"-27.12585";"-56.823";"-174.4698";"-25.39069";"-44.02588";"-300.5354";"-27.12585";"-56.823"
"22664.31";"-174.3556";"-25.37427";"-44.02588";"-300.5354";"-27.07263";"-56.87482";"-174.3556";"-25.37427";"-44.02588";"-300.5354";"-27.07263";"-56.87482"
"22672.65";"-174.3258";"-25.34088";"-44.02588";"-300.5354";"-27.02686";"-56.89185";"-174.3258";"-25.34088";"-44.02588";"-300.5354";"-27.02686";"-56.89185"
"22680.99";"-174.22";"-25.29681";"-44.02588";"-300.5354";"-26.9187";"-56.89551";"-174.22";"-25.29681";"-44.02588";"-300.5354";"-26.9187";"-56.89551"
"22689.33";"-174.1962";"-25.26282";"-44.02588";"-300.5354";"-26.90491";"-56.89954";"-174.1962";"-25.26282";"-44.02588";"-300.5354";"-26.90491";"-56.89954"
"22697.68";"-174.124";"-25.16333";"-44.02588";"-300.5354";"-26.83929";"-56.97595";"-174.124";"-25.16333";"-44.02588";"-300.5354";"-26.83929";"-56.97595"
"22706.02";"-174.0842";"-25.14697";"-44.02588";"-300.5354";"-26.80475";"-56.99255";"-174.0842";"-25.14697";"-44.02588";"-300.5354";"-26.80475";"-56.99255"
"22714.36";"-173.95";"-25.12445";"-44.02588";"-300.5354";"-26.70264";"-57.01172";"-173.95";"-25.12445";"-44.02588";"-300.5354";"-26.70264";"-57.01172"
"22722.7";"-173.9281";"-25.10565";"-44.02588";"-300.5354";"-26.68286";"-57.02521";"-173.9281";"-25.10565";"-44.02588";"-300.5354";"-26.68286";"-57.02521"
"22731.04";"-173.8377";"-25.07849";"-44.02588";"-300.5354";"-26.57703";"-57.0744";"-173.8377";"-25.07849";"-44.02588";"-300.5354";"-26.57703";"-57.0744"
"22739.38";"-173.8";"-25.05573";"-44.02588";"-300.5354";"-26.56232";"-57.07983";"-173.8";"-25.05573";"-44.02588";"-300.5354";"-26.56232";"-57.07983"
"22747.72";"-173.6921";"-25.01935";"-44.02588";"-300.5354";"-26.41779";"-57.19727";"-173.6921";"-25.01935";"-44.02588";"-300.5354";"-26.41779";"-57.19727"
"22756.07";"-173.6442";"-24.99091";"-44.02588";"-300.5354";"-26.39362";"-57.18848";"-173.6442";"-24.99091";"-44.02588";"-300.5354";"-26.39362";"-57.18848"
"22764.41";"-173.5797";"-24.90552";"-44.02588";"-300.5354";"-26.88855";"-54.5907";"-173.5797";"-24.90552";"-44.02588";"-300.5354";"-26.88855";"-54.5907"
"22772.75";"-173.4594";"-24.78943";"-44.02588";"-300.5354";"-26.94299";"-55.4751";"-173.4594";"-24.78943";"-44.02588";"-300.5354";"-26.94299";"-55.4751"
"22781.09";"-173.3633";"-24.79694";"-44.02588";"-300.5354";"-26.89233";"-54.98816";"-173.3633";"-24.79694";"-44.02588";"-300.5354";"-26.89233";"-54.98816"
"22789.43";"-173.3085";"-24.75647";"-44.02588";"-300.5354";"-26.88055";"-54.99487";"-173.3085";"-24.75647";"-44.02588";"-300.5354";"-26.88055";"-54.99487"
"22797.78";"-173.2894";"-24.69";"-44.02588";"-300.5354";"-26.80914";"-55.03162";"-173.2894";"-24.69";"-44.02588";"-300.5354";"-26.80914";"-55.03162"
"22806.12";"-173.1786";"-24.66705";"-44.02588";"-300.5354";"-26.75647";"-55.04712";"-173.1786";"-24.66705";"-44.02588";"-300.5354";"-26.75647";"-55.04712"
"22814.46";"-173.0968";"-24.65149";"-44.02588";"-300.5354";"-26.6308";"-55.06311";"-173.0968";"-24.65149";"-44.02588";"-300.5354";"-26.6308";"-55.06311"
"22822.8";"-173.0767";"-24.61816";"-44.02588";"-300.5354";"-26.61542";"-55.07654";"-173.0767";"-24.61816";"-44.02588";"-300.5354";"-26.61542";"-55.07654"
"22831.14";"-172.9473";"-24.58905";"-44.02588";"-300.5354";"-26.52881";"-55.0921";"-172.9473";"-24.58905";"-44.02588";"-300.5354";"-26.52881";"-55.0921"
"22839.48";"-172.9147";"-24.53479";"-44.02588";"-300.5354";"-26.48145";"-55.12195";"-172.9147";"-24.53479";"-44.02588";"-300.5354";"-26.48145";"-55.12195"
"22847.82";"-172.818";"-24.51947";"-44.02588";"-300.5354";"-26.31519";"-55.14557";"-172.818";"-24.51947";"-44.02588";"-300.5354";"-26.31519";"-55.14557"
"22856.17";"-172.6672";"-24.46265";"-44.02588";"-300.5354";"-26.28326";"-55.1792";"-172.6672";"-24.46265";"-44.02588";"-300.5354";"-26.28326";"-55.1792"
"22864.51";"-172.5903";"-24.44183";"-44.02588";"-300.5354";"-26.24701";"-55.20526";"-172.5903";"-24.44183";"-44.02588";"-300.5354";"-26.24701";"-55.20526"
"22872.85";"-172.5292";"-24.39868";"-44.02588";"-300.5354";"-26.21619";"-55.23004";"-172.5292";"-24.39868";"-44.02588";"-300.5354";"-26.21619";"-55.23004"
"22881.19";"-172.428";"-24.29395";"-44.02588";"-300.5354";"-26.14429";"-55.258";"-172.428";"-24.29395";"-44.02588";"-300.5354";"-26.14429";"-55.258"
"22889.53";"-172.3723";"-24.25476";"-44.02588";"-300.5354";"-26.0882";"-55.26532";"-172.3723";"-24.25476";"-44.02588";"-300.5354";"-26.0882";"-55.26532"
"22897.88";"-172.287";"-24.185";"-44.02588";"-300.5354";"-25.95959";"-55.3064";"-172.287";"-24.185";"-44.02588";"-300.5354";"-25.95959";"-55.3064"
"22906.22";"-172.2485";"-24.18127";"-44.02588";"-300.5354";"-25.93945";"-55.33826";"-172.2485";"-24.18127";"-44.02588";"-300.5354";"-25.93945";"-55.33826"
"22914.56";"-172.1512";"-24.13556";"-44.02588";"-300.5354";"-25.90393";"-55.34064";"-172.1512";"-24.13556";"-44.02588";"-300.5354";"-25.90393";"-55.34064"
"22922.9";"-172.1304";"-24.10437";"-44.02588";"-300.5354";"-25.86633";"-55.3576";"-172.1304";"-24.10437";"-44.02588";"-300.5354";"-25.86633";"-55.3576"
"22931.24";"-172.0167";"-24.08875";"-44.02588";"-300.5354";"-25.70343";"-55.36481";"-172.0167";"-24.08875";"-44.02588";"-300.5354";"-25.70343";"-55.36481"
"22939.58";"-171.9619";"-24.05566";"-44.02588";"-300.5354";"-25.67645";"-55.38812";"-171.9619";"-24.05566";"-44.02588";"-300.5354";"-25.67645";"-55.38812"
"22947.93";"-171.8568";"-24.03186";"-44.02588";"-300.5354";"-25.61139";"-55.474";"-171.8568";"-24.03186";"-44.02588";"-300.5354";"-25.61139";"-55.474"
"22956.27";"-171.837";"-24.01434";"-44.02588";"-300.5354";"-25.59558";"-55.48688";"-171.837";"-24.01434";"-44.02588";"-300.5354";"-25.59558";"-55.48688"
"22964.61";"-171.6998";"-23.9223";"-44.02588";"-300.5354";"-25.41687";"-55.49945";"-171.6998";"-23.9223";"-44.02588";"-300.5354";"-25.41687";"-55.49945"
"22972.95";"-171.679";"-23.91852";"-44.02588";"-300.5354";"-25.39575";"-55.51886";"-171.679";"-23.91852";"-44.02588";"-300.5354";"-25.39575";"-55.51886"
"22981.29";"-171.6159";"-23.90405";"-44.02588";"-300.5354";"-25.32739";"-55.55371";"-171.6159";"-23.90405";"-44.02588";"-300.5354";"-25.32739";"-55.55371"
"22989.63";"-171.5634";"-23.88745";"-44.02588";"-300.5354";"-25.30737";"-55.56262";"-171.5634";"-23.88745";"-44.02588";"-300.5354";"-25.30737";"-55.56262"
"22997.97";"-171.535";"-23.87201";"-44.02588";"-300.5354";"-25.23999";"-55.56445";"-171.535";"-23.87201";"-44.02588";"-300.5354";"-25.23999";"-55.56445"
"23006.32";"-171.4622";"-23.76208";"-44.02588";"-300.5354";"-25.22058";"-55.56305";"-171.4622";"-23.76208";"-44.02588";"-300.5354";"-25.22058";"-55.56305"
"23014.66";"-171.3197";"-23.70496";"-44.02588";"-300.5354";"-25.10315";"-55.60681";"-171.3197";"-23.70496";"-44.02588";"-300.5354";"-25.10315";"-55.60681"
"23023";"-171.2908";"-23.6546";"-44.02588";"-300.5354";"-25.09119";"-55.60889";"-171.2908";"-23.6546";"-44.02588";"-300.5354";"-25.09119";"-55.60889"
"23031.34";"-171.2596";"-23.62134";"-44.02588";"-300.5354";"-25.05817";"-55.66052";"-171.2596";"-23.62134";"-44.02588";"-300.5354";"-25.05817";"-55.66052"
"23039.68";"-171.2003";"-23.58966";"-44.02588";"-300.5354";"-25.0036";"-55.69446";"-171.2003";"-23.58966";"-44.02588";"-300.5354";"-25.0036";"-55.69446"
"23048.03";"-171.0941";"-23.55591";"-44.02588";"-300.5354";"-24.86346";"-55.70807";"-171.0941";"-23.55591";"-44.02588";"-300.5354";"-24.86346";"-55.70807"
"23056.37";"-171.0529";"-23.5224";"-44.02588";"-300.5354";"-24.83807";"-55.73132";"-171.0529";"-23.5224";"-44.02588";"-300.5354";"-24.83807";"-55.73132"
"23064.71";"-170.9056";"-23.45703";"-44.02588";"-300.5354";"-24.76733";"-55.78345";"-170.9056";"-23.45703";"-44.02588";"-300.5354";"-24.76733";"-55.78345"
"23073.05";"-170.8713";"-23.44067";"-44.02588";"-300.5354";"-24.74426";"-55.80298";"-170.8713";"-23.44067";"-44.02588";"-300.5354";"-24.74426";"-55.80298"
"23081.39";"-170.8103";"-23.39233";"-44.02588";"-300.5354";"-24.57941";"-55.80908";"-170.8103";"-23.39233";"-44.02588";"-300.5354";"-24.57941";"-55.80908"
"23089.73";"-170.6368";"-23.36255";"-44.02588";"-300.5354";"-24.56036";"-55.82532";"-170.6368";"-23.36255";"-44.02588";"-300.5354";"-24.56036";"-55.82532"
"23098.07";"-170.575";"-23.33954";"-44.02588";"-300.5354";"-24.50879";"-55.8548";"-170.575";"-23.33954";"-44.02588";"-300.5354";"-24.50879";"-55.8548"
"23106.42";"-170.5328";"-23.28851";"-44.02588";"-300.5354";"-24.47174";"-55.8725";"-170.5328";"-23.28851";"-44.02588";"-300.5354";"-24.47174";"-55.8725"
"23114.76";"-170.376";"-23.15704";"-44.02588";"-300.5354";"-24.31158";"-55.88843";"-170.376";"-23.15704";"-44.02588";"-300.5354";"-24.31158";"-55.88843"
"23123.1";"-170.3589";"-23.1319";"-44.02588";"-300.5354";"-24.27161";"-55.92902";"-170.3589";"-23.1319";"-44.02588";"-300.5354";"-24.27161";"-55.92902"
"23131.44";"-170.2058";"-23.09698";"-44.02588";"-300.5354";"-24.23279";"-55.9588";"-170.2058";"-23.09698";"-44.02588";"-300.5354";"-24.23279";"-55.9588"
"23139.78";"-170.1763";"-23.07751";"-44.02588";"-300.5354";"-24.15259";"-55.97369";"-170.1763";"-23.07751";"-44.02588";"-300.5354";"-24.15259";"-55.97369"
"23148.13";"-170.113";"-23.02722";"-44.02588";"-300.5354";"-24.05737";"-56.01196";"-170.113";"-23.02722";"-44.02588";"-300.5354";"-24.05737";"-56.01196"
"23156.47";"-170.0817";"-22.99213";"-44.02588";"-300.5354";"-24.05969";"-56.01685";"-170.0817";"-22.99213";"-44.02588";"-300.5354";"-24.05969";"-56.01685"
"23164.81";"-169.97";"-22.92163";"-44.02588";"-300.5354";"-23.9624";"-56.06482";"-169.97";"-22.92163";"-44.02588";"-300.5354";"-23.9624";"-56.06482"
"23173.15";"-169.9239";"-22.90704";"-44.02588";"-300.5354";"-23.91119";"-56.08441";"-169.9239";"-22.90704";"-44.02588";"-300.5354";"-23.91119";"-56.08441"
"23181.49";"-169.8723";"-22.85486";"-44.02588";"-300.5354";"-23.87555";"-56.11871";"-169.8723";"-22.85486";"-44.02588";"-300.5354";"-23.87555";"-56.11871"
"23189.83";"-169.8339";"-22.83594";"-44.02588";"-300.5354";"-23.70782";"-56.15564";"-169.8339";"-22.83594";"-44.02588";"-300.5354";"-23.70782";"-56.15564"
"23198.18";"-169.6628";"-22.80585";"-44.02588";"-300.5354";"-23.69446";"-56.14752";"-169.6628";"-22.80585";"-44.02588";"-300.5354";"-23.69446";"-56.14752"
"23206.52";"-169.6345";"-22.78107";"-44.02588";"-300.5354";"-23.67474";"-56.18195";"-169.6345";"-22.78107";"-44.02588";"-300.5354";"-23.67474";"-56.18195"
"23214.86";"-169.5694";"-22.7132";"-44.02588";"-300.5354";"-23.62201";"-56.26416";"-169.5694";"-22.7132";"-44.02588";"-300.5354";"-23.62201";"-56.26416"
"23223.2";"-169.5056";"-22.68378";"-44.02588";"-300.5354";"-23.58685";"-56.25806";"-169.5056";"-22.68378";"-44.02588";"-300.5354";"-23.58685";"-56.25806"
"23231.54";"-169.3895";"-22.54559";"-44.02588";"-300.5354";"-23.43732";"-56.28961";"-169.3895";"-22.54559";"-44.02588";"-300.5354";"-23.43732";"-56.28961"
"23239.88";"-169.2615";"-22.4986";"-44.02588";"-300.5354";"-23.40497";"-56.31158";"-169.2615";"-22.4986";"-44.02588";"-300.5354";"-23.40497";"-56.31158"
"23248.22";"-169.2306";"-22.45923";"-44.02588";"-300.5354";"-23.38831";"-56.33051";"-169.2306";"-22.45923";"-44.02588";"-300.5354";"-23.38831";"-56.33051"
"23256.57";"-169.1791";"-22.42291";"-44.02588";"-300.5354";"-23.29852";"-56.3515";"-169.1791";"-22.42291";"-44.02588";"-300.5354";"-23.29852";"-56.3515"
"23264.91";"-169.0289";"-22.40063";"-44.02588";"-300.5354";"-23.1803";"-56.38953";"-169.0289";"-22.40063";"-44.02588";"-300.5354";"-23.1803";"-56.38953"
"23273.25";"-169.0091";"-22.37";"-44.02588";"-300.5354";"-23.16699";"-56.40234";"-169.0091";"-22.37";"-44.02588";"-300.5354";"-23.16699";"-56.40234"
"23281.59";"-168.9467";"-22.26978";"-44.02588";"-300.5354";"-23.09778";"-56.43188";"-168.9467";"-22.26978";"-44.02588";"-300.5354";"-23.09778";"-56.43188"
"23289.93";"-168.8934";"-22.2569";"-44.02588";"-300.5354";"-23.05927";"-56.45001";"-168.8934";"-22.2569";"-44.02588";"-300.5354";"-23.05927";"-56.45001"
"23298.28";"-168.7988";"-22.25702";"-44.02588";"-300.5354";"-22.94244";"-56.4873";"-168.7988";"-22.25702";"-44.02588";"-300.5354";"-22.94244";"-56.4873"
"23306.62";"-168.7709";"-22.22107";"-44.02588";"-300.5354";"-22.94055";"-56.49756";"-168.7709";"-22.22107";"-44.02588";"-300.5354";"-22.94055";"-56.49756"
"23314.96";"-168.7078";"-22.2099";"-44.02588";"-300.5354";"-22.88464";"-56.54065";"-168.7078";"-22.2099";"-44.02588";"-300.5354";"-22.88464";"-56.54065"
"23323.3";"-168.6589";"-22.15009";"-44.02588";"-300.5354";"-22.85541";"-56.57697";"-168.6589";"-22.15009";"-44.02588";"-300.5354";"-22.85541";"-56.57697"
"23331.64";"-168.4834";"-22.05212";"-44.02588";"-300.5354";"-22.73932";"-56.59637";"-168.4834";"-22.05212";"-44.02588";"-300.5354";"-22.73932";"-56.59637"
"23339.98";"-168.4684";"-21.93884";"-44.02588";"-300.5354";"-22.72687";"-56.62427";"-168.4684";"-21.93884";"-44.02588";"-300.5354";"-22.72687";"-56.62427"
"23348.32";"-168.3289";"-21.94763";"-44.02588";"-300.5354";"-22.63623";"-56.65015";"-168.3289";"-21.94763";"-44.02588";"-300.5354";"-22.63623";"-56.65015"
"23356.67";"-168.2642";"-21.89203";"-44.02588";"-300.5354";"-22.60815";"-56.67639";"-168.2642";"-21.89203";"-44.02588";"-300.5354";"-22.60815";"-56.67639"
"23365.01";"-168.1631";"-21.85559";"-44.02588";"-300.5354";"-22.47388";"-56.71735";"-168.1631";"-21.85559";"-44.02588";"-300.5354";"-22.47388";"-56.71735"
"23373.35";"-168.1576";"-21.81799";"-44.02588";"-300.5354";"-22.45435";"-56.72003";"-168.1576";"-21.81799";"-44.02588";"-300.5354";"-22.45435";"-56.72003"
"23381.69";"-168.0817";"-21.78302";"-44.02588";"-300.5354";"-22.3941";"-56.76007";"-168.0817";"-21.78302";"-44.02588";"-300.5354";"-22.3941";"-56.76007"
"23390.03";"-168.0157";"-21.74622";"-44.02588";"-300.5354";"-22.32581";"-56.80707";"-168.0157";"-21.74622";"-44.02588";"-300.5354";"-22.32581";"-56.80707"
"23398.38";"-167.9196";"-21.70557";"-44.02588";"-300.5354";"-22.23279";"-56.80524";"-167.9196";"-21.70557";"-44.02588";"-300.5354";"-22.23279";"-56.80524"
"23406.72";"-167.8735";"-21.677";"-44.02588";"-300.5354";"-22.20319";"-56.82916";"-167.8735";"-21.677";"-44.02588";"-300.5354";"-22.20319";"-56.82916"
"23415.06";"-167.7112";"-21.62988";"-44.02588";"-300.5354";"-22.1524";"-56.85187";"-167.7112";"-21.62988";"-44.02588";"-300.5354";"-22.1524";"-56.85187"
"23423.4";"-167.6703";"-21.61115";"-44.02588";"-300.5354";"-22.08899";"-56.8999";"-167.6703";"-21.61115";"-44.02588";"-300.5354";"-22.08899";"-56.8999"
"23431.74";"-167.6099";"-21.57648";"-44.02588";"-300.5354";"-21.94";"-56.9137";"-167.6099";"-21.57648";"-44.02588";"-300.5354";"-21.94";"-56.9137"
"23440.08";"-167.399";"-21.42133";"-44.02588";"-300.5354";"-21.89459";"-56.95013";"-167.399";"-21.42133";"-44.02588";"-300.5354";"-21.89459";"-56.95013"
"23448.43";"-167.3004";"-21.37006";"-44.02588";"-300.5354";"-21.83899";"-56.9549";"-167.3004";"-21.37006";"-44.02588";"-300.5354";"-21.83899";"-56.9549"
"23456.77";"-167.2454";"-21.31799";"-44.02588";"-300.5354";"-21.78369";"-56.97009";"-167.2454";"-21.31799";"-44.02588";"-300.5354";"-21.78369";"-56.97009"
"23465.11";"-167.1303";"-21.29395";"-44.02588";"-300.5354";"-21.63269";"-56.99622";"-167.1303";"-21.29395";"-44.02588";"-300.5354";"-21.63269";"-56.99622"
"23473.45";"-167.0516";"-21.28503";"-44.02588";"-300.5354";"-21.59283";"-57.02716";"-167.0516";"-21.28503";"-44.02588";"-300.5354";"-21.59283";"-57.02716"
"23481.79";"-166.9474";"-21.12982";"-44.02588";"-300.5354";"-21.54968";"-57.04327";"-166.9474";"-21.12982";"-44.02588";"-300.5354";"-21.54968";"-57.04327"
"23490.13";"-166.9252";"-21.15009";"-44.02588";"-300.5354";"-21.50153";"-57.07813";"-166.9252";"-21.15009";"-44.02588";"-300.5354";"-21.50153";"-57.07813"
"23498.47";"-166.8103";"-21.12415";"-44.02588";"-300.5354";"-21.37451";"-57.11841";"-166.8103";"-21.12415";"-44.02588";"-300.5354";"-21.37451";"-57.11841"
"23506.82";"-166.7496";"-21.10602";"-44.02588";"-300.5354";"-21.30798";"-57.14142";"-166.7496";"-21.10602";"-44.02588";"-300.5354";"-21.30798";"-57.14142"
"23515.16";"-166.6204";"-21.06494";"-44.02588";"-300.5354";"-21.16107";"-57.16956";"-166.6204";"-21.06494";"-44.02588";"-300.5354";"-21.16107";"-57.16956"
"23523.5";"-166.5872";"-21.05151";"-44.02588";"-300.5354";"-21.11224";"-57.18225";"-166.5872";"-21.05151";"-44.02588";"-300.5354";"-21.11224";"-57.18225"
"23531.84";"-166.4586";"-20.93835";"-44.02588";"-300.5354";"-21.06488";"-57.19373";"-166.4586";"-20.93835";"-44.02588";"-300.5354";"-21.06488";"-57.19373"
"23540.18";"-166.4133";"-20.90234";"-44.02588";"-300.5354";"-21.04462";"-57.25476";"-166.4133";"-20.90234";"-44.02588";"-300.5354";"-21.04462";"-57.25476"
"23548.53";"-166.2732";"-20.84717";"-44.02588";"-300.5354";"-20.9444";"-57.26886";"-166.2732";"-20.84717";"-44.02588";"-300.5354";"-20.9444";"-57.26886"
"23556.87";"-166.2407";"-20.79358";"-44.02588";"-300.5354";"-20.85797";"-57.35529";"-166.2407";"-20.79358";"-44.02588";"-300.5354";"-20.85797";"-57.35529"
"23565.21";"-166.1763";"-20.77051";"-44.02588";"-300.5354";"-20.82257";"-57.37262";"-166.1763";"-20.77051";"-44.02588";"-300.5354";"-20.82257";"-57.37262"
"23573.55";"-166.1348";"-20.76599";"-44.02588";"-300.5354";"-20.80725";"-57.38971";"-166.1348";"-20.76599";"-44.02588";"-300.5354";"-20.80725";"-57.38971"
"23581.89";"-166.0413";"-20.72906";"-44.02588";"-300.5354";"-20.69159";"-57.41266";"-166.0413";"-20.72906";"-44.02588";"-300.5354";"-20.69159";"-57.41266"
"23590.23";"-165.9654";"-20.69611";"-44.02588";"-300.5354";"-20.64545";"-57.42499";"-165.9654";"-20.69611";"-44.02588";"-300.5354";"-20.64545";"-57.42499"
"23598.57";"-165.8788";"-20.67194";"-44.02588";"-300.5354";"-20.55859";"-57.4469";"-165.8788";"-20.67194";"-44.02588";"-300.5354";"-20.55859";"-57.4469"
"23606.92";"-165.8643";"-20.64844";"-44.02588";"-300.5354";"-20.51648";"-57.47302";"-165.8643";"-20.64844";"-44.02588";"-300.5354";"-20.51648";"-57.47302"
"23615.26";"-165.7659";"-20.60162";"-44.02588";"-300.5354";"-20.45233";"-57.47565";"-165.7659";"-20.60162";"-44.02588";"-300.5354";"-20.45233";"-57.47565"
"23623.6";"-165.7094";"-20.56537";"-44.02588";"-300.5354";"-20.42023";"-57.51666";"-165.7094";"-20.56537";"-44.02588";"-300.5354";"-20.42023";"-57.51666"
"23631.94";"-165.64";"-20.53619";"-44.02588";"-300.5354";"-20.27594";"-57.51678";"-165.64";"-20.53619";"-44.02588";"-300.5354";"-20.27594";"-57.51678"
"23640.28";"-165.4586";"-20.40356";"-44.02588";"-300.5354";"-20.26306";"-57.54407";"-165.4586";"-20.40356";"-44.02588";"-300.5354";"-20.26306";"-57.54407"
"23648.63";"-165.3868";"-20.33276";"-44.02588";"-300.5354";"-20.21423";"-57.58948";"-165.3868";"-20.33276";"-44.02588";"-300.5354";"-20.21423";"-57.58948"
"23656.97";"-165.3365";"-20.29059";"-44.02588";"-300.5354";"-20.18591";"-57.60455";"-165.3365";"-20.29059";"-44.02588";"-300.5354";"-20.18591";"-57.60455"
"23665.31";"-165.2189";"-20.2641";"-44.02588";"-300.5354";"-20.02966";"-57.65283";"-165.2189";"-20.2641";"-44.02588";"-300.5354";"-20.02966";"-57.65283"
"23673.65";"-165.1801";"-20.2171";"-44.02588";"-300.5354";"-20.0025";"-57.67633";"-165.1801";"-20.2171";"-44.02588";"-300.5354";"-20.0025";"-57.67633"
"23681.99";"-165.0648";"-20.12195";"-44.02588";"-300.5354";"-19.89478";"-57.72931";"-165.0648";"-20.12195";"-44.02588";"-300.5354";"-19.89478";"-57.72931"
"23690.33";"-165.0203";"-20.12115";"-44.02588";"-300.5354";"-19.87097";"-57.76544";"-165.0203";"-20.12115";"-44.02588";"-300.5354";"-19.87097";"-57.76544"
"23698.68";"-164.9196";"-20.07288";"-44.02588";"-300.5354";"-19.776";"-57.80182";"-164.9196";"-20.07288";"-44.02588";"-300.5354";"-19.776";"-57.80182"
"23707.02";"-164.8467";"-20.04431";"-44.02588";"-300.5354";"-19.76434";"-57.81512";"-164.8467";"-20.04431";"-44.02588";"-300.5354";"-19.76434";"-57.81512"
"23715.36";"-164.7654";"-20.01514";"-44.02588";"-300.5354";"-19.69873";"-57.8421";"-164.7654";"-20.01514";"-44.02588";"-300.5354";"-19.69873";"-57.8421"
"23723.7";"-164.6852";"-19.95477";"-44.02588";"-300.5354";"-19.58698";"-57.87598";"-164.6852";"-19.95477";"-44.02588";"-300.5354";"-19.58698";"-57.87598"
"23732.04";"-164.5852";"-19.91663";"-44.02588";"-300.5354";"-19.49194";"-57.8894";"-164.5852";"-19.91663";"-44.02588";"-300.5354";"-19.49194";"-57.8894"
"23740.38";"-164.5247";"-19.88428";"-44.02588";"-300.5354";"-19.44751";"-57.92621";"-164.5247";"-19.88428";"-44.02588";"-300.5354";"-19.44751";"-57.92621"
"23748.72";"-164.3961";"-19.79071";"-44.02588";"-300.5354";"-19.33527";"-57.95459";"-164.3961";"-19.79071";"-44.02588";"-300.5354";"-19.33527";"-57.95459"
"23757.07";"-164.3127";"-19.73883";"-44.02588";"-300.5354";"-19.2749";"-57.96533";"-164.3127";"-19.73883";"-44.02588";"-300.5354";"-19.2749";"-57.96533"
"23765.41";"-164.2383";"-19.6853";"-44.02588";"-300.5354";"-19.1684";"-58.0058";"-164.2383";"-19.6853";"-44.02588";"-300.5354";"-19.1684";"-58.0058"
"23773.75";"-164.1727";"-19.64288";"-44.02588";"-300.5354";"-19.12018";"-58.03571";"-164.1727";"-19.64288";"-44.02588";"-300.5354";"-19.12018";"-58.03571"
"23782.09";"-164.0681";"-19.60059";"-44.02588";"-300.5354";"-19.11096";"-58.07819";"-164.0681";"-19.60059";"-44.02588";"-300.5354";"-19.11096";"-58.07819"
"23790.43";"-164.001";"-19.54041";"-44.02588";"-300.5354";"-19.03955";"-58.08954";"-164.001";"-19.54041";"-44.02588";"-300.5354";"-19.03955";"-58.08954"
"23798.78";"-163.8753";"-19.48846";"-44.02588";"-300.5354";"-18.90961";"-58.12842";"-163.8753";"-19.48846";"-44.02588";"-300.5354";"-18.90961";"-58.12842"
"23807.12";"-163.7535";"-19.44733";"-44.02588";"-300.5354";"-18.88025";"-58.13324";"-163.7535";"-19.44733";"-44.02588";"-300.5354";"-18.88025";"-58.13324"
"23815.46";"-163.6625";"-19.41962";"-44.02588";"-300.5354";"-18.82623";"-58.16162";"-163.6625";"-19.41962";"-44.02588";"-300.5354";"-18.82623";"-58.16162"
"23823.8";"-163.5858";"-19.36615";"-44.02588";"-300.5354";"-18.79694";"-58.19171";"-163.5858";"-19.36615";"-44.02588";"-300.5354";"-18.79694";"-58.19171"
"23832.14";"-163.4606";"-19.24634";"-44.02588";"-300.5354";"-18.63104";"-58.22388";"-163.4606";"-19.24634";"-44.02588";"-300.5354";"-18.63104";"-58.22388"
"23840.48";"-163.4044";"-19.20551";"-44.02588";"-300.5354";"-18.60791";"-58.26373";"-163.4044";"-19.20551";"-44.02588";"-300.5354";"-18.60791";"-58.26373"
"23848.82";"-163.2883";"-19.16595";"-44.02588";"-300.5354";"-18.50793";"-58.29004";"-163.2883";"-19.16595";"-44.02588";"-300.5354";"-18.50793";"-58.29004"
"23857.17";"-163.2394";"-19.13983";"-44.02588";"-300.5354";"-18.45758";"-58.32648";"-163.2394";"-19.13983";"-44.02588";"-300.5354";"-18.45758";"-58.32648"
"23865.51";"-163.1536";"-19.10876";"-44.02588";"-300.5354";"-19.76733";"-57.56531";"-163.1536";"-19.10876";"-44.02588";"-300.5354";"-19.76733";"-57.56531"
"23873.85";"-163.0581";"-19.047";"-44.02588";"-300.5354";"-19.62585";"-58.33252";"-163.0581";"-19.047";"-44.02588";"-300.5354";"-19.62585";"-58.33252"
"23882.19";"-163.0012";"-18.95728";"-44.02588";"-300.5354";"-19.7113";"-58.47992";"-163.0012";"-18.95728";"-44.02588";"-300.5354";"-19.7113";"-58.47992"
"23890.53";"-162.9227";"-18.97711";"-44.02588";"-300.5354";"-19.79419";"-59.12439";"-162.9227";"-18.97711";"-44.02588";"-300.5354";"-19.79419";"-59.12439"
"23898.88";"-162.8425";"-18.91492";"-44.02588";"-300.5354";"-19.9491";"-58.3877";"-162.8425";"-18.91492";"-44.02588";"-300.5354";"-19.9491";"-58.3877"
"23907.22";"-162.788";"-18.87219";"-44.02588";"-300.5354";"-19.77246";"-58.15027";"-162.788";"-18.87219";"-44.02588";"-300.5354";"-19.77246";"-58.15027"
"23915.56";"-162.6858";"-18.8277";"-44.02588";"-300.5354";"-19.69769";"-58.638";"-162.6858";"-18.8277";"-44.02588";"-300.5354";"-19.69769";"-58.638"
"23923.9";"-162.5898";"-18.78815";"-44.02588";"-300.5354";"-19.6795";"-59.32928";"-162.5898";"-18.78815";"-44.02588";"-300.5354";"-19.6795";"-59.32928"
"23932.24";"-162.5325";"-18.75812";"-44.02588";"-300.5354";"-19.96564";"-59.02295";"-162.5325";"-18.75812";"-44.02588";"-300.5354";"-19.96564";"-59.02295"
"23940.58";"-162.3856";"-18.65552";"-44.02588";"-300.5354";"-19.90234";"-59.03955";"-162.3856";"-18.65552";"-44.02588";"-300.5354";"-19.90234";"-59.03955"
"23948.93";"-162.2859";"-18.62268";"-44.02588";"-300.5354";"-19.76898";"-59.03723";"-162.2859";"-18.62268";"-44.02588";"-300.5354";"-19.76898";"-59.03723"
"23957.27";"-162.2482";"-18.56726";"-44.02588";"-300.5354";"-19.74731";"-59.05756";"-162.2482";"-18.56726";"-44.02588";"-300.5354";"-19.74731";"-59.05756"
"23965.61";"-162.0748";"-18.46698";"-44.02588";"-300.5354";"-19.55328";"-59.07361";"-162.0748";"-18.46698";"-44.02588";"-300.5354";"-19.55328";"-59.07361"
"23973.95";"-161.996";"-18.44574";"-44.02588";"-300.5354";"-19.52185";"-59.08282";"-161.996";"-18.44574";"-44.02588";"-300.5354";"-19.52185";"-59.08282"
"23982.29";"-161.9055";"-18.40704";"-44.02588";"-300.5354";"-18.90564";"-59.46252";"-161.9055";"-18.40704";"-44.02588";"-300.5354";"-18.90564";"-59.46252"
"23990.63";"-161.8391";"-18.37061";"-44.02588";"-300.5354";"-18.46991";"-59.34631";"-161.8391";"-18.37061";"-44.02588";"-300.5354";"-18.46991";"-59.34631"
"23998.97";"-161.6928";"-18.25348";"-44.02588";"-300.5354";"-17.88495";"-59.00269";"-161.6928";"-18.25348";"-44.02588";"-300.5354";"-17.88495";"-59.00269"
"24007.32";"-161.6468";"-18.24847";"-44.02588";"-300.5354";"-17.78925";"-59.01587";"-161.6468";"-18.24847";"-44.02588";"-300.5354";"-17.78925";"-59.01587"
"24015.66";"-161.4814";"-18.15405";"-44.02588";"-300.5354";"-17.76147";"-59.03693";"-161.4814";"-18.15405";"-44.02588";"-300.5354";"-17.76147";"-59.03693"
"24024";"-161.4357";"-18.12128";"-44.02588";"-300.5354";"-17.70654";"-59.04077";"-161.4357";"-18.12128";"-44.02588";"-300.5354";"-17.70654";"-59.04077"
"24032.34";"-161.3307";"-18.10114";"-44.02588";"-300.5354";"-17.55786";"-59.07361";"-161.3307";"-18.10114";"-44.02588";"-300.5354";"-17.55786";"-59.07361"
"24040.68";"-161.2319";"-18.07623";"-44.02588";"-300.5354";"-17.47601";"-59.11188";"-161.2319";"-18.07623";"-44.02588";"-300.5354";"-17.47601";"-59.11188"
"24049.03";"-161.1567";"-18.01434";"-44.02588";"-300.5354";"-17.38995";"-59.13379";"-161.1567";"-18.01434";"-44.02588";"-300.5354";"-17.38995";"-59.13379"
"24057.37";"-161.1006";"-17.98584";"-44.02588";"-300.5354";"-17.3197";"-59.14148";"-161.1006";"-17.98584";"-44.02588";"-300.5354";"-17.3197";"-59.14148"
"24065.71";"-160.9624";"-17.90057";"-44.02588";"-300.5354";"-17.19495";"-59.19977";"-160.9624";"-17.90057";"-44.02588";"-300.5354";"-17.19495";"-59.19977"
"24074.05";"-160.9227";"-17.87732";"-44.02588";"-300.5354";"-17.02374";"-59.68915";"-160.9227";"-17.87732";"-44.02588";"-300.5354";"-17.02374";"-59.68915"
"24082.39";"-160.7834";"-17.84827";"-44.02588";"-300.5354";"-16.85376";"-60.04095";"-160.7834";"-17.84827";"-44.02588";"-300.5354";"-16.85376";"-60.04095"
"24090.73";"-160.7222";"-17.81024";"-44.02588";"-300.5354";"-16.82935";"-60.03943";"-160.7222";"-17.81024";"-44.02588";"-300.5354";"-16.82935";"-60.03943"
"24099.07";"-160.5988";"-17.77899";"-44.02588";"-300.5354";"-16.71118";"-60.06775";"-160.5988";"-17.77899";"-44.02588";"-300.5354";"-16.71118";"-60.06775"
"24107.42";"-160.4875";"-17.68573";"-44.02588";"-300.5354";"-16.61591";"-60.06262";"-160.4875";"-17.68573";"-44.02588";"-300.5354";"-16.61591";"-60.06262"
"24115.76";"-160.3887";"-17.60406";"-44.02588";"-300.5354";"-16.51703";"-60.07751";"-160.3887";"-17.60406";"-44.02588";"-300.5354";"-16.51703";"-60.07751"
"24124.1";"-160.317";"-17.58234";"-44.02588";"-300.5354";"-16.49976";"-60.15222";"-160.317";"-17.58234";"-44.02588";"-300.5354";"-16.49976";"-60.15222"
"24132.44";"-160.2511";"-17.53125";"-44.02588";"-300.5354";"-16.3147";"-60.16333";"-160.2511";"-17.53125";"-44.02588";"-300.5354";"-16.3147";"-60.16333"
"24140.78";"-160.1047";"-17.47577";"-44.02588";"-300.5354";"-16.29529";"-60.19348";"-160.1047";"-17.47577";"-44.02588";"-300.5354";"-16.29529";"-60.19348"
"24149.13";"-159.9857";"-17.43524";"-44.02588";"-300.5354";"-16.17175";"-60.22345";"-159.9857";"-17.43524";"-44.02588";"-300.5354";"-16.17175";"-60.22345"
"24157.47";"-159.9207";"-17.40259";"-44.02588";"-300.5354";"-16.13971";"-60.23712";"-159.9207";"-17.40259";"-44.02588";"-300.5354";"-16.13971";"-60.23712"
"24165.81";"-159.811";"-17.30927";"-44.02588";"-300.5354";"-16.09534";"-60.25513";"-159.811";"-17.30927";"-44.02588";"-300.5354";"-16.09534";"-60.25513"
"24174.15";"-159.7039";"-17.29694";"-44.02588";"-300.5354";"-15.96051";"-60.26776";"-159.7039";"-17.29694";"-44.02588";"-300.5354";"-15.96051";"-60.26776"
"24182.49";"-159.555";"-17.26965";"-44.02588";"-300.5354";"-15.88416";"-60.27283";"-159.555";"-17.26965";"-44.02588";"-300.5354";"-15.88416";"-60.27283"
"24190.83";"-159.5016";"-17.19977";"-44.02588";"-300.5354";"-15.85895";"-60.29346";"-159.5016";"-17.19977";"-44.02588";"-300.5354";"-15.85895";"-60.29346"
"24199.18";"-159.4095";"-17.11725";"-44.02588";"-300.5354";"-15.7373";"-60.32703";"-159.4095";"-17.11725";"-44.02588";"-300.5354";"-15.7373";"-60.32703"
"24207.52";"-159.319";"-17.05048";"-44.02588";"-300.5354";"-15.73145";"-60.35034";"-159.319";"-17.05048";"-44.02588";"-300.5354";"-15.73145";"-60.35034"
"24215.86";"-159.243";"-17.013";"-44.02588";"-300.5354";"-15.62616";"-60.36884";"-159.243";"-17.013";"-44.02588";"-300.5354";"-15.62616";"-60.36884"
"24224.2";"-159.2067";"-16.99078";"-44.02588";"-300.5354";"-15.57758";"-60.3941";"-159.2067";"-16.99078";"-44.02588";"-300.5354";"-15.57758";"-60.3941"
"24232.54";"-159.1187";"-16.93018";"-44.02588";"-300.5354";"-15.46289";"-60.47028";"-159.1187";"-16.93018";"-44.02588";"-300.5354";"-15.46289";"-60.47028"
"24240.88";"-159.0256";"-16.87769";"-44.02588";"-300.5354";"-15.44366";"-60.48584";"-159.0256";"-16.87769";"-44.02588";"-300.5354";"-15.44366";"-60.48584"
"24249.22";"-158.9312";"-16.83362";"-44.02588";"-300.5354";"-15.3006";"-60.55377";"-158.9312";"-16.83362";"-44.02588";"-300.5354";"-15.3006";"-60.55377"
"24257.57";"-158.8485";"-16.78156";"-44.02588";"-300.5354";"-15.14459";"-60.57422";"-158.8485";"-16.78156";"-44.02588";"-300.5354";"-15.14459";"-60.57422"
"24265.91";"-158.7616";"-16.75031";"-44.02588";"-300.5354";"-15.0929";"-60.57666";"-158.7616";"-16.75031";"-44.02588";"-300.5354";"-15.0929";"-60.57666"
"24274.25";"-158.6562";"-16.71564";"-44.02588";"-300.5354";"-15.00787";"-60.5918";"-158.6562";"-16.71564";"-44.02588";"-300.5354";"-15.00787";"-60.5918"
"24282.59";"-158.5317";"-16.6734";"-44.02588";"-300.5354";"-14.92841";"-60.62115";"-158.5317";"-16.6734";"-44.02588";"-300.5354";"-14.92841";"-60.62115"
"24290.93";"-158.4767";"-16.57825";"-44.02588";"-300.5354";"-14.86456";"-60.60767";"-158.4767";"-16.57825";"-44.02588";"-300.5354";"-14.86456";"-60.60767"
"24299.28";"-158.3506";"-16.50775";"-44.02588";"-300.5354";"-14.81421";"-60.65039";"-158.3506";"-16.50775";"-44.02588";"-300.5354";"-14.81421";"-60.65039"
"24307.62";"-158.2203";"-16.46393";"-44.02588";"-300.5354";"-14.78021";"-60.66357";"-158.2203";"-16.46393";"-44.02588";"-300.5354";"-14.78021";"-60.66357"
"24315.96";"-158.1117";"-16.34576";"-44.02588";"-300.5354";"-14.65924";"-60.70477";"-158.1117";"-16.34576";"-44.02588";"-300.5354";"-14.65924";"-60.70477"
"24324.3";"-158.0324";"-16.32813";"-44.02588";"-300.5354";"-14.60138";"-60.70447";"-158.0324";"-16.32813";"-44.02588";"-300.5354";"-14.60138";"-60.70447"
"24332.64";"-157.9337";"-16.25171";"-44.02588";"-300.5354";"-14.43091";"-60.74414";"-157.9337";"-16.25171";"-44.02588";"-300.5354";"-14.43091";"-60.74414"
"24340.98";"-157.8101";"-16.23138";"-44.02588";"-300.5354";"-14.39441";"-60.76935";"-157.8101";"-16.23138";"-44.02588";"-300.5354";"-14.39441";"-60.76935"
"24349.32";"-157.7283";"-16.16315";"-44.02588";"-300.5354";"-14.29492";"-60.81787";"-157.7283";"-16.16315";"-44.02588";"-300.5354";"-14.29492";"-60.81787"
"24357.67";"-157.6297";"-16.14172";"-44.02588";"-300.5354";"-14.24457";"-60.82562";"-157.6297";"-16.14172";"-44.02588";"-300.5354";"-14.24457";"-60.82562"
"24366.01";"-157.4982";"-16.02301";"-44.02588";"-300.5354";"-14.30731";"-60.05103";"-157.4982";"-16.02301";"-44.02588";"-300.5354";"-14.30731";"-60.05103"
"24374.35";"-157.4257";"-16.00897";"-44.02588";"-300.5354";"-14.38715";"-59.56061";"-157.4257";"-16.00897";"-44.02588";"-300.5354";"-14.38715";"-59.56061"
"24382.69";"-157.3284";"-15.94104";"-44.02588";"-300.5354";"-14.05042";"-59.69879";"-157.3284";"-15.94104";"-44.02588";"-300.5354";"-14.05042";"-59.69879"
"24391.03";"-157.2622";"-15.90326";"-44.02588";"-300.5354";"-14.52924";"-59.24347";"-157.2622";"-15.90326";"-44.02588";"-300.5354";"-14.52924";"-59.24347"
"24399.38";"-157.1229";"-15.8736";"-44.02588";"-300.5354";"-14.68146";"-59.44061";"-157.1229";"-15.8736";"-44.02588";"-300.5354";"-14.68146";"-59.44061"
"24407.72";"-157.0536";"-15.81403";"-44.02588";"-300.5354";"-14.97803";"-58.97656";"-157.0536";"-15.81403";"-44.02588";"-300.5354";"-14.97803";"-58.97656"
"24416.06";"-156.957";"-15.77893";"-44.02588";"-300.5354";"-14.90253";"-58.99335";"-156.957";"-15.77893";"-44.02588";"-300.5354";"-14.90253";"-58.99335"
"24424.4";"-156.8806";"-15.75415";"-44.02588";"-300.5354";"-14.86584";"-59.00659";"-156.8806";"-15.75415";"-44.02588";"-300.5354";"-14.86584";"-59.00659"
"24432.74";"-156.7469";"-15.70691";"-44.02588";"-300.5354";"-14.68567";"-59.0246";"-156.7469";"-15.70691";"-44.02588";"-300.5354";"-14.68567";"-59.0246"
"24441.08";"-156.6819";"-15.66296";"-44.02588";"-300.5354";"-14.66565";"-59.03473";"-156.6819";"-15.66296";"-44.02588";"-300.5354";"-14.66565";"-59.03473"
"24449.43";"-156.5475";"-15.59943";"-44.02588";"-300.5354";"-14.60651";"-59.05786";"-156.5475";"-15.59943";"-44.02588";"-300.5354";"-14.60651";"-59.05786"
"24457.77";"-156.3708";"-15.47913";"-44.02588";"-300.5354";"-14.47089";"-59.08008";"-156.3708";"-15.47913";"-44.02588";"-300.5354";"-14.47089";"-59.08008"
"24466.11";"-156.2856";"-15.42853";"-44.02588";"-300.5354";"-14.33832";"-59.08325";"-156.2856";"-15.42853";"-44.02588";"-300.5354";"-14.33832";"-59.08325"
"24474.45";"-156.1984";"-15.36389";"-44.02588";"-300.5354";"-14.14252";"-59.73755";"-156.1984";"-15.36389";"-44.02588";"-300.5354";"-14.14252";"-59.73755"
"24482.79";"-156.0876";"-15.30115";"-44.02588";"-300.5354";"-13.90363";"-60.01709";"-156.0876";"-15.30115";"-44.02588";"-300.5354";"-13.90363";"-60.01709"
"24491.13";"-156.0497";"-15.27917";"-44.02588";"-300.5354";"-13.85968";"-60.03625";"-156.0497";"-15.27917";"-44.02588";"-300.5354";"-13.85968";"-60.03625"
"24499.47";"-155.9108";"-15.20026";"-44.02588";"-300.5354";"-13.71643";"-60.04321";"-155.9108";"-15.20026";"-44.02588";"-300.5354";"-13.71643";"-60.04321"
"24507.82";"-155.8472";"-15.18683";"-44.02588";"-300.5354";"-13.68317";"-60.05591";"-155.8472";"-15.18683";"-44.02588";"-300.5354";"-13.68317";"-60.05591"
"24516.16";"-155.6725";"-15.16473";"-44.02588";"-300.5354";"-13.49713";"-60.07141";"-155.6725";"-15.16473";"-44.02588";"-300.5354";"-13.49713";"-60.07141"
"24524.5";"-155.6095";"-15.14978";"-44.02588";"-300.5354";"-13.44495";"-60.09137";"-155.6095";"-15.14978";"-44.02588";"-300.5354";"-13.44495";"-60.09137"
"24532.84";"-155.4464";"-15.00641";"-44.02588";"-300.5354";"-13.34161";"-60.12018";"-155.4464";"-15.00641";"-44.02588";"-300.5354";"-13.34161";"-60.12018"
"24541.18";"-155.3896";"-14.97412";"-44.02588";"-300.5354";"-13.30151";"-60.13226";"-155.3896";"-14.97412";"-44.02588";"-300.5354";"-13.30151";"-60.13226"
"24549.53";"-155.2542";"-14.9389";"-44.02588";"-300.5354";"-13.12793";"-60.16803";"-155.2542";"-14.9389";"-44.02588";"-300.5354";"-13.12793";"-60.16803"
"24557.87";"-155.1241";"-14.83722";"-44.02588";"-300.5354";"-13.02936";"-60.22467";"-155.1241";"-14.83722";"-44.02588";"-300.5354";"-13.02936";"-60.22467"
"24566.21";"-155.094";"-14.83191";"-44.02588";"-300.5354";"-12.97638";"-61.50208";"-155.094";"-14.83191";"-44.02588";"-300.5354";"-12.97638";"-61.50208"
"24574.55";"-155.0236";"-14.79266";"-44.02588";"-300.5354";"-12.96338";"-62.02509";"-155.0236";"-14.79266";"-44.02588";"-300.5354";"-12.96338";"-62.02509"
"24582.89";"-154.8833";"-14.7868";"-44.02588";"-300.5354";"-12.80817";"-62.06458";"-154.8833";"-14.7868";"-44.02588";"-300.5354";"-12.80817";"-62.06458"
"24591.23";"-154.8207";"-14.74274";"-44.02588";"-300.5354";"-12.76709";"-62.07672";"-154.8207";"-14.74274";"-44.02588";"-300.5354";"-12.76709";"-62.07672"
"24599.57";"-154.6848";"-14.60608";"-44.02588";"-300.5354";"-12.62036";"-62.11877";"-154.6848";"-14.60608";"-44.02588";"-300.5354";"-12.62036";"-62.11877"
"24607.92";"-154.6074";"-14.58875";"-44.02588";"-300.5354";"-12.60266";"-62.1394";"-154.6074";"-14.58875";"-44.02588";"-300.5354";"-12.60266";"-62.1394"
"24616.26";"-154.362";"-14.49414";"-44.02588";"-300.5354";"-12.52039";"-62.16022";"-154.362";"-14.49414";"-44.02588";"-300.5354";"-12.52039";"-62.16022"
"24624.6";"-154.2969";"-14.39594";"-44.02588";"-300.5354";"-12.36359";"-62.14825";"-154.2969";"-14.39594";"-44.02588";"-300.5354";"-12.36359";"-62.14825"
"24632.94";"-154.1686";"-14.27502";"-44.02588";"-300.5354";"-12.2774";"-62.14026";"-154.1686";"-14.27502";"-44.02588";"-300.5354";"-12.2774";"-62.14026"
"24641.28";"-154.1413";"-14.24786";"-44.02588";"-300.5354";"-12.24109";"-62.1521";"-154.1413";"-14.24786";"-44.02588";"-300.5354";"-12.24109";"-62.1521"
"24649.63";"-153.9545";"-14.23859";"-44.02588";"-300.5354";"-12.09058";"-62.21069";"-153.9545";"-14.23859";"-44.02588";"-300.5354";"-12.09058";"-62.21069"
"24657.97";"-153.9273";"-14.2052";"-44.02588";"-300.5354";"-12.05524";"-62.23785";"-153.9273";"-14.2052";"-44.02588";"-300.5354";"-12.05524";"-62.23785"
"24666.31";"-153.8342";"-14.11444";"-44.02588";"-300.5354";"-11.95801";"-62.27161";"-153.8342";"-14.11444";"-44.02588";"-300.5354";"-11.95801";"-62.27161"
"24674.65";"-153.6417";"-14.11139";"-44.02588";"-300.5354";"-11.92535";"-62.2818";"-153.6417";"-14.11139";"-44.02588";"-300.5354";"-11.92535";"-62.2818"
"24682.99";"-153.5675";"-14.07648";"-44.02588";"-300.5354";"-11.73901";"-62.3111";"-153.5675";"-14.07648";"-44.02588";"-300.5354";"-11.73901";"-62.3111"
"24691.33";"-153.4814";"-13.98932";"-44.02588";"-300.5354";"-11.72827";"-62.32837";"-153.4814";"-13.98932";"-44.02588";"-300.5354";"-11.72827";"-62.32837"
"24699.68";"-153.3466";"-13.83771";"-44.02588";"-300.5354";"-11.63635";"-62.37988";"-153.3466";"-13.83771";"-44.02588";"-300.5354";"-11.63635";"-62.37988"
"24708.02";"-153.3073";"-13.83209";"-44.02588";"-300.5354";"-11.58917";"-62.40997";"-153.3073";"-13.83209";"-44.02588";"-300.5354";"-11.58917";"-62.40997"
"24716.36";"-153.1344";"-13.82269";"-44.02588";"-300.5354";"-11.53931";"-62.35736";"-153.1344";"-13.82269";"-44.02588";"-300.5354";"-11.53931";"-62.35736"
"24724.7";"-153.0867";"-13.79871";"-44.02588";"-300.5354";"-11.96295";"-61.99402";"-153.0867";"-13.79871";"-44.02588";"-300.5354";"-11.96295";"-61.99402"
"24733.04";"-152.9589";"-13.73657";"-44.02588";"-300.5354";"-11.80969";"-62.06158";"-152.9589";"-13.73657";"-44.02588";"-300.5354";"-11.80969";"-62.06158"
"24741.38";"-152.9139";"-13.7146";"-44.02588";"-300.5354";"-11.79553";"-62.07739";"-152.9139";"-13.7146";"-44.02588";"-300.5354";"-11.79553";"-62.07739"
"24749.72";"-152.7625";"-13.54468";"-44.02588";"-300.5354";"-11.6308";"-62.12311";"-152.7625";"-13.54468";"-44.02588";"-300.5354";"-11.6308";"-62.12311"
"24758.07";"-152.7142";"-13.57312";"-44.02588";"-300.5354";"-11.61127";"-62.13123";"-152.7142";"-13.57312";"-44.02588";"-300.5354";"-11.61127";"-62.13123"
"24766.41";"-152.4427";"-13.47577";"-44.02588";"-300.5354";"-11.49902";"-62.08411";"-152.4427";"-13.47577";"-44.02588";"-300.5354";"-11.49902";"-62.08411"
"24774.75";"-152.3904";"-13.41296";"-44.02588";"-300.5354";"-11.45892";"-62.086";"-152.3904";"-13.41296";"-44.02588";"-300.5354";"-11.45892";"-62.086"
"24783.09";"-152.2181";"-13.38654";"-44.02588";"-300.5354";"-11.59833";"-61.48956";"-152.2181";"-13.38654";"-44.02588";"-300.5354";"-11.59833";"-61.48956"
"24791.43";"-152.1901";"-13.3446";"-44.02588";"-300.5354";"-11.24304";"-62.13824";"-152.1901";"-13.3446";"-44.02588";"-300.5354";"-11.24304";"-62.13824"
"24799.78";"-152.0265";"-13.19824";"-44.02588";"-300.5354";"-11.1806";"-62.16364";"-152.0265";"-13.19824";"-44.02588";"-300.5354";"-11.1806";"-62.16364"
"24808.12";"-152.0013";"-13.19409";"-44.02588";"-300.5354";"-10.79517";"-62.04395";"-152.0013";"-13.19409";"-44.02588";"-300.5354";"-10.79517";"-62.04395"
"24816.46";"-151.7968";"-13.16608";"-44.02588";"-300.5354";"-10.77148";"-62.06158";"-151.7968";"-13.16608";"-44.02588";"-300.5354";"-10.77148";"-62.06158"
"24824.8";"-151.7623";"-13.14447";"-44.02588";"-300.5354";"-10.72095";"-62.08948";"-151.7623";"-13.14447";"-44.02588";"-300.5354";"-10.72095";"-62.08948"
"24833.14";"-151.5666";"-13.02179";"-44.02588";"-300.5354";"-10.57001";"-62.12427";"-151.5666";"-13.02179";"-44.02588";"-300.5354";"-10.57001";"-62.12427"
"24841.48";"-151.4863";"-12.95459";"-44.02588";"-300.5354";"-10.53448";"-62.1427";"-151.4863";"-12.95459";"-44.02588";"-300.5354";"-10.53448";"-62.1427"
"24849.82";"-151.3359";"-12.91705";"-44.02588";"-300.5354";"-10.33875";"-62.08746";"-151.3359";"-12.91705";"-44.02588";"-300.5354";"-10.33875";"-62.08746"
"24858.17";"-151.2828";"-12.8772";"-44.02588";"-300.5354";"-10.3056";"-62.10522";"-151.2828";"-12.8772";"-44.02588";"-300.5354";"-10.3056";"-62.10522"
"24866.51";"-151.1608";"-12.85663";"-44.02588";"-300.5354";"-10.14166";"-62.14575";"-151.1608";"-12.85663";"-44.02588";"-300.5354";"-10.14166";"-62.14575"
"24874.85";"-151.1108";"-12.77472";"-44.02588";"-300.5354";"-10.09711";"-62.17615";"-151.1108";"-12.77472";"-44.02588";"-300.5354";"-10.09711";"-62.17615"
"24883.19";"-150.9547";"-12.67395";"-44.02588";"-300.5354";"-9.976074";"-62.23328";"-150.9547";"-12.67395";"-44.02588";"-300.5354";"-9.976074";"-62.23328"
"24891.53";"-150.9084";"-12.66022";"-44.02588";"-300.5354";"-9.938171";"-62.25562";"-150.9084";"-12.66022";"-44.02588";"-300.5354";"-9.938171";"-62.25562"
"24899.88";"-150.7272";"-12.67639";"-44.02588";"-300.5354";"-9.774231";"-62.28265";"-150.7272";"-12.67639";"-44.02588";"-300.5354";"-9.774231";"-62.28265"
"24908.22";"-150.6715";"-12.58923";"-44.02588";"-300.5354";"-9.754761";"-62.29926";"-150.6715";"-12.58923";"-44.02588";"-300.5354";"-9.754761";"-62.29926"
"24916.56";"-150.4467";"-12.40552";"-44.02588";"-300.5354";"-9.56543";"-62.32092";"-150.4467";"-12.40552";"-44.02588";"-300.5354";"-9.56543";"-62.32092"
"24924.9";"-150.3715";"-12.38831";"-44.02588";"-300.5354";"-9.537903";"-62.34418";"-150.3715";"-12.38831";"-44.02588";"-300.5354";"-9.537903";"-62.34418"
"24933.24";"-150.2116";"-12.3808";"-44.02588";"-300.5354";"-9.366882";"-62.28613";"-150.2116";"-12.3808";"-44.02588";"-300.5354";"-9.366882";"-62.28613"
"24941.58";"-150.0919";"-12.32684";"-44.02588";"-300.5354";"-9.321777";"-62.32129";"-150.0919";"-12.32684";"-44.02588";"-300.5354";"-9.321777";"-62.32129"
"24949.93";"-149.9824";"-12.2948";"-44.02588";"-300.5354";"-9.776978";"-61.74603";"-149.9824";"-12.2948";"-44.02588";"-300.5354";"-9.776978";"-61.74603"
"24958.27";"-149.9155";"-12.24561";"-44.02588";"-300.5354";"-9.127686";"-62.41675";"-149.9155";"-12.24561";"-44.02588";"-300.5354";"-9.127686";"-62.41675"
"24966.61";"-149.7856";"-12.11621";"-44.02588";"-300.5354";"-8.837952";"-62.03711";"-149.7856";"-12.11621";"-44.02588";"-300.5354";"-8.837952";"-62.03711"
"24974.95";"-149.6705";"-12.11194";"-44.02588";"-300.5354";"-8.803162";"-62.05902";"-149.6705";"-12.11194";"-44.02588";"-300.5354";"-8.803162";"-62.05902"
"24983.29";"-149.5232";"-12.08698";"-44.02588";"-300.5354";"-8.613342";"-62.07605";"-149.5232";"-12.08698";"-44.02588";"-300.5354";"-8.613342";"-62.07605"
"24991.63";"-149.438";"-11.96942";"-44.02588";"-300.5354";"-8.590576";"-62.11713";"-149.438";"-11.96942";"-44.02588";"-300.5354";"-8.590576";"-62.11713"
"24999.97";"-149.2914";"-11.88733";"-44.02588";"-300.5354";"-8.384338";"-62.06342";"-149.2914";"-11.88733";"-44.02588";"-300.5354";"-8.384338";"-62.06342"
"25008.32";"-149.2536";"-11.87158";"-44.02588";"-300.5354";"-8.372925";"-62.07855";"-149.2536";"-11.87158";"-44.02588";"-300.5354";"-8.372925";"-62.07855"
"25016.66";"-149.0746";"-11.83911";"-44.02588";"-300.5354";"-8.205261";"-62.12805";"-149.0746";"-11.83911";"-44.02588";"-300.5354";"-8.205261";"-62.12805"
"25025";"-148.9938";"-11.79596";"-44.02588";"-300.5354";"-8.144897";"-62.15472";"-148.9938";"-11.79596";"-44.02588";"-300.5354";"-8.144897";"-62.15472"
"25033.34";"-148.8456";"-11.76276";"-44.02588";"-300.5354";"-7.996948";"-62.19305";"-148.8456";"-11.76276";"-44.02588";"-300.5354";"-7.996948";"-62.19305"
"25041.68";"-148.7974";"-11.72363";"-44.02588";"-300.5354";"-7.975159";"-62.22461";"-148.7974";"-11.72363";"-44.02588";"-300.5354";"-7.975159";"-62.22461"
"25050.03";"-148.6429";"-11.61182";"-44.02588";"-300.5354";"-7.839172";"-62.2652";"-148.6429";"-11.61182";"-44.02588";"-300.5354";"-7.839172";"-62.2652"
"25058.37";"-148.5733";"-11.60931";"-44.02588";"-300.5354";"-7.804138";"-62.29071";"-148.5733";"-11.60931";"-44.02588";"-300.5354";"-7.804138";"-62.29071"
"25066.71";"-148.3517";"-11.47211";"-44.02588";"-300.5354";"-7.649475";"-62.37885";"-148.3517";"-11.47211";"-44.02588";"-300.5354";"-7.649475";"-62.37885"
"25075.05";"-148.3006";"-11.4585";"-44.02588";"-300.5354";"-7.604248";"-62.36798";"-148.3006";"-11.4585";"-44.02588";"-300.5354";"-7.604248";"-62.36798"
"25083.39";"-148.1259";"-11.29413";"-44.02588";"-300.5354";"-7.404541";"-62.35187";"-148.1259";"-11.29413";"-44.02588";"-300.5354";"-7.404541";"-62.35187"
"25091.73";"-148.076";"-11.28271";"-44.02588";"-300.5354";"-7.365417";"-62.37616";"-148.076";"-11.28271";"-44.02588";"-300.5354";"-7.365417";"-62.37616"
"25100.07";"-147.8929";"-11.23492";"-44.02588";"-300.5354";"-7.215637";"-62.42798";"-147.8929";"-11.23492";"-44.02588";"-300.5354";"-7.215637";"-62.42798"
"25108.42";"-147.8755";"-11.20685";"-44.02588";"-300.5354";"-7.169067";"-62.41895";"-147.8755";"-11.20685";"-44.02588";"-300.5354";"-7.169067";"-62.41895"
"25116.76";"-147.684";"-11.11096";"-44.02588";"-300.5354";"-7.016296";"-62.47601";"-147.684";"-11.11096";"-44.02588";"-300.5354";"-7.016296";"-62.47601"
"25125.1";"-147.65";"-11.10449";"-44.02588";"-300.5354";"-7.615967";"-62.32104";"-147.65";"-11.10449";"-44.02588";"-300.5354";"-7.615967";"-62.32104"
"25133.44";"-147.4207";"-10.97766";"-44.02588";"-300.5354";"-7.84436";"-62.05377";"-147.4207";"-10.97766";"-44.02588";"-300.5354";"-7.84436";"-62.05377"
"25141.78";"-147.3766";"-10.97382";"-44.02588";"-300.5354";"-7.814575";"-62.06738";"-147.3766";"-10.97382";"-44.02588";"-300.5354";"-7.814575";"-62.06738"
"25150.13";"-147.1915";"-10.85522";"-44.02588";"-300.5354";"-7.73291";"-62.09381";"-147.1915";"-10.85522";"-44.02588";"-300.5354";"-7.73291";"-62.09381"
"25158.47";"-147.1279";"-10.82629";"-44.02588";"-300.5354";"-7.662964";"-62.11627";"-147.1279";"-10.82629";"-44.02588";"-300.5354";"-7.662964";"-62.11627"
"25166.81";"-146.961";"-10.76593";"-44.02588";"-300.5354";"-7.473999";"-62.08661";"-146.961";"-10.76593";"-44.02588";"-300.5354";"-7.473999";"-62.08661"
"25175.15";"-146.9313";"-10.76385";"-44.02588";"-300.5354";"-7.425171";"-62.12323";"-146.9313";"-10.76385";"-44.02588";"-300.5354";"-7.425171";"-62.12323"
"25183.49";"-146.7399";"-10.70837";"-44.02588";"-300.5354";"-7.242859";"-62.13464";"-146.7399";"-10.70837";"-44.02588";"-300.5354";"-7.242859";"-62.13464"
"25191.83";"-146.6307";"-10.66357";"-44.02588";"-300.5354";"-7.358032";"-62.62341";"-146.6307";"-10.66357";"-44.02588";"-300.5354";"-7.358032";"-62.62341"
"25200.18";"-146.4118";"-10.48651";"-44.02588";"-300.5354";"-6.837891";"-63.0415";"-146.4118";"-10.48651";"-44.02588";"-300.5354";"-6.837891";"-63.0415"
"25208.52";"-146.3506";"-10.4552";"-44.02588";"-300.5354";"-6.789917";"-63.05176";"-146.3506";"-10.4552";"-44.02588";"-300.5354";"-6.789917";"-63.05176"
"25216.86";"-146.1743";"-10.39978";"-44.02588";"-300.5354";"-6.622803";"-63.07629";"-146.1743";"-10.39978";"-44.02588";"-300.5354";"-6.622803";"-63.07629"
"25225.2";"-146.0805";"-10.3515";"-44.02588";"-300.5354";"-6.548218";"-63.10455";"-146.0805";"-10.3515";"-44.02588";"-300.5354";"-6.548218";"-63.10455"
"25233.54";"-145.9481";"-10.20953";"-44.02588";"-300.5354";"-6.387085";"-63.07135";"-145.9481";"-10.20953";"-44.02588";"-300.5354";"-6.387085";"-63.07135"
"25241.88";"-145.8659";"-10.20068";"-44.02588";"-300.5354";"-6.304382";"-63.11139";"-145.8659";"-10.20068";"-44.02588";"-300.5354";"-6.304382";"-63.11139"
"25250.22";"-145.7189";"-10.18225";"-44.02588";"-300.5354";"-6.156738";"-63.11823";"-145.7189";"-10.18225";"-44.02588";"-300.5354";"-6.156738";"-63.11823"
"25258.57";"-145.5805";"-10.14001";"-44.02588";"-300.5354";"-6.121582";"-63.13812";"-145.5805";"-10.14001";"-44.02588";"-300.5354";"-6.121582";"-63.13812"
"25266.91";"-145.437";"-9.994568";"-44.02588";"-300.5354";"-5.955811";"-63.16284";"-145.437";"-9.994568";"-44.02588";"-300.5354";"-5.955811";"-63.16284"
"25275.25";"-145.3453";"-9.987915";"-44.02588";"-300.5354";"-5.897095";"-63.17847";"-145.3453";"-9.987915";"-44.02588";"-300.5354";"-5.897095";"-63.17847"
"25283.59";"-145.2278";"-9.926575";"-44.02588";"-300.5354";"-5.725281";"-63.2088";"-145.2278";"-9.926575";"-44.02588";"-300.5354";"-5.725281";"-63.2088"
"25291.93";"-145.1429";"-9.862793";"-44.02588";"-300.5354";"-5.813965";"-63.09247";"-145.1429";"-9.862793";"-44.02588";"-300.5354";"-5.813965";"-63.09247"
"25300.28";"-144.9959";"-9.824158";"-44.02588";"-300.5354";"-5.839294";"-63.01428";"-144.9959";"-9.824158";"-44.02588";"-300.5354";"-5.839294";"-63.01428"
"25308.62";"-144.8366";"-9.803772";"-44.02588";"-300.5354";"-5.802002";"-63.02808";"-144.8366";"-9.803772";"-44.02588";"-300.5354";"-5.802002";"-63.02808"
"25316.96";"-144.7722";"-9.754944";"-44.02588";"-300.5354";"-5.659485";"-63.07458";"-144.7722";"-9.754944";"-44.02588";"-300.5354";"-5.659485";"-63.07458"
"25325.3";"-144.5533";"-9.745239";"-44.02588";"-300.5354";"-5.578857";"-63.09058";"-144.5533";"-9.745239";"-44.02588";"-300.5354";"-5.578857";"-63.09058"
"25333.64";"-144.5159";"-9.682556";"-44.02588";"-300.5354";"-5.393677";"-63.01697";"-144.5159";"-9.682556";"-44.02588";"-300.5354";"-5.393677";"-63.01697"
"25341.98";"-144.3305";"-9.586975";"-44.02588";"-300.5354";"-5.317688";"-63.04651";"-144.3305";"-9.586975";"-44.02588";"-300.5354";"-5.317688";"-63.04651"
"25350.32";"-144.1991";"-9.481628";"-44.02588";"-300.5354";"-5.193909";"-63.08301";"-144.1991";"-9.481628";"-44.02588";"-300.5354";"-5.193909";"-63.08301"
"25358.67";"-144.0751";"-9.445251";"-44.02588";"-300.5354";"-5.040466";"-63.09454";"-144.0751";"-9.445251";"-44.02588";"-300.5354";"-5.040466";"-63.09454"
"25367.01";"-143.9512";"-9.402588";"-44.02588";"-300.5354";"-4.959229";"-63.14349";"-143.9512";"-9.402588";"-44.02588";"-300.5354";"-4.959229";"-63.14349"
"25375.35";"-143.8721";"-9.354492";"-44.02588";"-300.5354";"-4.891968";"-63.15607";"-143.8721";"-9.354492";"-44.02588";"-300.5354";"-4.891968";"-63.15607"
"25383.69";"-143.6994";"-9.251099";"-44.02588";"-300.5354";"-4.777588";"-63.20239";"-143.6994";"-9.251099";"-44.02588";"-300.5354";"-4.777588";"-63.20239"
"25392.03";"-143.5209";"-9.241821";"-44.02588";"-300.5354";"-4.603638";"-63.23267";"-143.5209";"-9.241821";"-44.02588";"-300.5354";"-4.603638";"-63.23267"
"25400.38";"-143.4229";"-9.149536";"-44.02588";"-300.5354";"-4.512329";"-63.24408";"-143.4229";"-9.149536";"-44.02588";"-300.5354";"-4.512329";"-63.24408"
"25408.72";"-143.3318";"-9.094055";"-44.02588";"-300.5354";"-4.417358";"-63.17926";"-143.3318";"-9.094055";"-44.02588";"-300.5354";"-4.417358";"-63.17926"
"25417.06";"-143.2061";"-9.015015";"-44.02588";"-300.5354";"-4.307373";"-63.20898";"-143.2061";"-9.015015";"-44.02588";"-300.5354";"-4.307373";"-63.20898"
"25425.4";"-143.1644";"-8.991882";"-44.02588";"-300.5354";"-4.185059";"-63.25287";"-143.1644";"-8.991882";"-44.02588";"-300.5354";"-4.185059";"-63.25287"
"25433.74";"-142.995";"-8.952576";"-44.02588";"-300.5354";"-4.086609";"-63.25122";"-142.995";"-8.952576";"-44.02588";"-300.5354";"-4.086609";"-63.25122"
"25442.08";"-142.9269";"-8.916504";"-44.02588";"-300.5354";"-3.996582";"-63.29163";"-142.9269";"-8.916504";"-44.02588";"-300.5354";"-3.996582";"-63.29163"
"25450.43";"-142.7469";"-8.840027";"-44.02588";"-300.5354";"-3.903259";"-63.31982";"-142.7469";"-8.840027";"-44.02588";"-300.5354";"-3.903259";"-63.31982"
"25458.77";"-142.7001";"-8.784729";"-44.02588";"-300.5354";"-3.804932";"-63.36206";"-142.7001";"-8.784729";"-44.02588";"-300.5354";"-3.804932";"-63.36206"
"25467.11";"-142.4822";"-8.659668";"-44.02588";"-300.5354";"-3.658691";"-63.40485";"-142.4822";"-8.659668";"-44.02588";"-300.5354";"-3.658691";"-63.40485"
"25475.45";"-142.3914";"-8.635681";"-44.02588";"-300.5354";"-3.513672";"-63.44769";"-142.3914";"-8.635681";"-44.02588";"-300.5354";"-3.513672";"-63.44769"
"25483.79";"-142.2303";"-8.57489";"-44.02588";"-300.5354";"-3.405334";"-63.30798";"-142.2303";"-8.57489";"-44.02588";"-300.5354";"-3.405334";"-63.30798"
"25492.13";"-142.1087";"-8.533386";"-44.02588";"-300.5354";"-4.199707";"-63.81946";"-142.1087";"-8.533386";"-44.02588";"-300.5354";"-4.199707";"-63.81946"
"25500.47";"-141.9369";"-8.453918";"-44.02588";"-300.5354";"-3.904907";"-64.05225";"-141.9369";"-8.453918";"-44.02588";"-300.5354";"-3.904907";"-64.05225"
"25508.82";"-141.7814";"-8.431519";"-44.02588";"-300.5354";"-3.79187";"-64.09491";"-141.7814";"-8.431519";"-44.02588";"-300.5354";"-3.79187";"-64.09491"
"25517.16";"-141.6762";"-8.316711";"-44.02588";"-300.5354";"-3.671875";"-64.13745";"-141.6762";"-8.316711";"-44.02588";"-300.5354";"-3.671875";"-64.13745"
"25525.5";"-141.5757";"-8.325745";"-44.02588";"-300.5354";"-3.565125";"-64.18036";"-141.5757";"-8.325745";"-44.02588";"-300.5354";"-3.565125";"-64.18036"
"25533.84";"-141.3884";"-8.172852";"-44.02588";"-300.5354";"-3.437378";"-64.10327";"-141.3884";"-8.172852";"-44.02588";"-300.5354";"-3.437378";"-64.10327"
"25542.18";"-141.2582";"-8.133423";"-44.02588";"-300.5354";"-3.901367";"-64.42413";"-141.2582";"-8.133423";"-44.02588";"-300.5354";"-3.901367";"-64.42413"
"25550.53";"-141.1432";"-8.057739";"-44.02588";"-300.5354";"-3.922668";"-64.0636";"-141.1432";"-8.057739";"-44.02588";"-300.5354";"-3.922668";"-64.0636"
"25558.87";"-140.9987";"-7.990479";"-44.02588";"-300.5354";"-3.762634";"-64.10828";"-140.9987";"-7.990479";"-44.02588";"-300.5354";"-3.762634";"-64.10828"
"25567.21";"-140.8753";"-7.957275";"-44.02588";"-300.5354";"-3.673218";"-64.1297";"-140.8753";"-7.957275";"-44.02588";"-300.5354";"-3.673218";"-64.1297"
"25575.55";"-140.7314";"-7.93042";"-44.02588";"-300.5354";"-3.572266";"-64.1535";"-140.7314";"-7.93042";"-44.02588";"-300.5354";"-3.572266";"-64.1535"
"25583.89";"-140.6373";"-7.896667";"-44.02588";"-300.5354";"-3.380798";"-64.04889";"-140.6373";"-7.896667";"-44.02588";"-300.5354";"-3.380798";"-64.04889"
"25592.23";"-140.4796";"-7.786011";"-44.02588";"-300.5354";"-3.322021";"-64.09003";"-140.4796";"-7.786011";"-44.02588";"-300.5354";"-3.322021";"-64.09003"
"25600.57";"-140.3696";"-7.665833";"-44.02588";"-300.5354";"-3.164917";"-64.10284";"-140.3696";"-7.665833";"-44.02588";"-300.5354";"-3.164917";"-64.10284"
"25608.92";"-140.2413";"-7.643677";"-44.02588";"-300.5354";"-3.089172";"-64.10229";"-140.2413";"-7.643677";"-44.02588";"-300.5354";"-3.089172";"-64.10229"
"25617.26";"-140.1108";"-7.601563";"-44.02588";"-300.5354";"-3.583008";"-64.78021";"-140.1108";"-7.601563";"-44.02588";"-300.5354";"-3.583008";"-64.78021"
"25625.6";"-139.9576";"-7.553345";"-44.02588";"-300.5354";"-3.95752";"-65.05298";"-139.9576";"-7.553345";"-44.02588";"-300.5354";"-3.95752";"-65.05298"
"25633.94";"-139.7841";"-7.499573";"-44.02588";"-300.5354";"-3.802612";"-65.09814";"-139.7841";"-7.499573";"-44.02588";"-300.5354";"-3.802612";"-65.09814"
"25642.28";"-139.6899";"-7.456848";"-44.02588";"-300.5354";"-3.66687";"-65.172";"-139.6899";"-7.456848";"-44.02588";"-300.5354";"-3.66687";"-65.172"
"25650.63";"-139.4954";"-7.334595";"-44.02588";"-300.5354";"-3.514282";"-65.16058";"-139.4954";"-7.334595";"-44.02588";"-300.5354";"-3.514282";"-65.16058"
"25658.97";"-139.4206";"-7.311218";"-44.02588";"-300.5354";"-3.379028";"-65.05908";"-139.4206";"-7.311218";"-44.02588";"-300.5354";"-3.379028";"-65.05908"
"25667.31";"-139.2496";"-7.206848";"-44.02588";"-300.5354";"-3.269165";"-65.06415";"-139.2496";"-7.206848";"-44.02588";"-300.5354";"-3.269165";"-65.06415"
"25675.65";"-139.1597";"-7.170898";"-44.02588";"-300.5354";"-3.081726";"-65.11768";"-139.1597";"-7.170898";"-44.02588";"-300.5354";"-3.081726";"-65.11768"
"25683.99";"-139.0305";"-7.098083";"-44.02588";"-300.5354";"-3.028381";"-65.13788";"-139.0305";"-7.098083";"-44.02588";"-300.5354";"-3.028381";"-65.13788"
"25692.33";"-138.8641";"-7.057129";"-44.02588";"-300.5354";"-2.964172";"-65.18066";"-138.8641";"-7.057129";"-44.02588";"-300.5354";"-2.964172";"-65.18066"
"25700.68";"-138.7596";"-7.017944";"-44.02588";"-300.5354";"-2.793518";"-65.20483";"-138.7596";"-7.017944";"-44.02588";"-300.5354";"-2.793518";"-65.20483"
"25709.02";"-138.5876";"-6.978149";"-44.02588";"-300.5354";"-2.630188";"-65.23499";"-138.5876";"-6.978149";"-44.02588";"-300.5354";"-2.630188";"-65.23499"
"25717.36";"-138.4749";"-6.845886";"-44.02588";"-300.5354";"-2.505249";"-65.26678";"-138.4749";"-6.845886";"-44.02588";"-300.5354";"-2.505249";"-65.26678"
"25725.7";"-138.3293";"-6.802734";"-44.02588";"-300.5354";"-2.380798";"-65.14215";"-138.3293";"-6.802734";"-44.02588";"-300.5354";"-2.380798";"-65.14215"
"25734.04";"-138.2298";"-6.760559";"-44.02588";"-300.5354";"-2.217346";"-65.1499";"-138.2298";"-6.760559";"-44.02588";"-300.5354";"-2.217346";"-65.1499"
"25742.38";"-138.0446";"-6.715027";"-44.02588";"-300.5354";"-2.140198";"-65.17004";"-138.0446";"-6.715027";"-44.02588";"-300.5354";"-2.140198";"-65.17004"
"25750.72";"-137.9873";"-6.604736";"-44.02588";"-300.5354";"-1.976013";"-65.23676";"-137.9873";"-6.604736";"-44.02588";"-300.5354";"-1.976013";"-65.23676"
"25759.07";"-137.7799";"-6.600769";"-44.02588";"-300.5354";"-1.894226";"-65.24231";"-137.7799";"-6.600769";"-44.02588";"-300.5354";"-1.894226";"-65.24231"
"25767.41";"-137.722";"-6.52356";"-44.02588";"-300.5354";"-1.691589";"-65.30457";"-137.722";"-6.52356";"-44.02588";"-300.5354";"-1.691589";"-65.30457"
"25775.75";"-137.4175";"-6.426514";"-44.02588";"-300.5354";"-1.625671";"-65.30701";"-137.4175";"-6.426514";"-44.02588";"-300.5354";"-1.625671";"-65.30701"
"25784.09";"-137.3687";"-6.361206";"-44.02588";"-300.5354";"-1.399231";"-65.17987";"-137.3687";"-6.361206";"-44.02588";"-300.5354";"-1.399231";"-65.17987"
"25792.43";"-137.1921";"-6.334351";"-44.02588";"-300.5354";"-1.291321";"-65.22656";"-137.1921";"-6.334351";"-44.02588";"-300.5354";"-1.291321";"-65.22656"
"25800.78";"-137.1054";"-6.224487";"-44.02588";"-300.5354";"-1.158752";"-65.27441";"-137.1054";"-6.224487";"-44.02588";"-300.5354";"-1.158752";"-65.27441"
"25809.12";"-136.8987";"-6.191711";"-44.02588";"-300.5354";"-1.070984";"-65.26465";"-136.8987";"-6.191711";"-44.02588";"-300.5354";"-1.070984";"-65.26465"
"25817.46";"-136.8099";"-6.170776";"-44.02588";"-300.5354";"-0.9206543";"-65.35034";"-136.8099";"-6.170776";"-44.02588";"-300.5354";"-0.9206543";"-65.35034"
"25825.8";"-136.6223";"-6.133057";"-44.02588";"-300.5354";"-0.7759399";"-65.38269";"-136.6223";"-6.133057";"-44.02588";"-300.5354";"-0.7759399";"-65.38269"
"25834.14";"-136.4894";"-5.950256";"-44.02588";"-300.5354";"-0.6621094";"-65.41821";"-136.4894";"-5.950256";"-44.02588";"-300.5354";"-0.6621094";"-65.41821"
"25842.48";"-136.3379";"-5.928833";"-44.02588";"-300.5354";"-0.6456299";"-65.53314";"-136.3379";"-5.928833";"-44.02588";"-300.5354";"-0.6456299";"-65.53314"
"25850.82";"-136.2144";"-5.897644";"-44.02588";"-300.5354";"-0.940918";"-66.02942";"-136.2144";"-5.897644";"-44.02588";"-300.5354";"-0.940918";"-66.02942"
"25859.17";"-136.0496";"-5.85022";"-44.02588";"-300.5354";"-0.8314209";"-66.05267";"-136.0496";"-5.85022";"-44.02588";"-300.5354";"-0.8314209";"-66.05267"
"25867.51";"-135.9713";"-5.715637";"-44.02588";"-300.5354";"-0.6544189";"-66.09631";"-135.9713";"-5.715637";"-44.02588";"-300.5354";"-0.6544189";"-66.09631"
"25875.85";"-135.7495";"-5.720093";"-44.02588";"-300.5354";"-0.4683228";"-65.88812";"-135.7495";"-5.720093";"-44.02588";"-300.5354";"-0.4683228";"-65.88812"
"25884.19";"-135.6861";"-5.661926";"-44.02588";"-300.5354";"-0.3233643";"-65.91669";"-135.6861";"-5.661926";"-44.02588";"-300.5354";"-0.3233643";"-65.91669"
"25892.53";"-135.5113";"-5.628235";"-44.02588";"-300.5354";"-0.2384033";"-65.95605";"-135.5113";"-5.628235";"-44.02588";"-300.5354";"-0.2384033";"-65.95605"
"25900.88";"-135.3336";"-5.46936";"-44.02588";"-300.5354";"-0.0637207";"-66.00073";"-135.3336";"-5.46936";"-44.02588";"-300.5354";"-0.0637207";"-66.00073"
"25909.22";"-135.1866";"-5.419617";"-44.02588";"-300.5354";"0.01306152";"-66.00043";"-135.1866";"-5.419617";"-44.02588";"-300.5354";"0.01306152";"-66.00043"
"25917.56";"-135.0714";"-5.346985";"-44.02588";"-300.5354";"0.1744995";"-66.03802";"-135.0714";"-5.346985";"-44.02588";"-300.5354";"0.1744995";"-66.03802"
"25925.9";"-134.8776";"-5.321533";"-44.02588";"-300.5354";"0.244873";"-66.08862";"-134.8776";"-5.321533";"-44.02588";"-300.5354";"0.244873";"-66.08862"
"25934.24";"-134.7966";"-5.218384";"-44.02588";"-300.5354";"0.4980469";"-66.16724";"-134.7966";"-5.218384";"-44.02588";"-300.5354";"0.4980469";"-66.16724"
"25942.58";"-134.597";"-5.196167";"-44.02588";"-300.5354";"0.5648804";"-65.96326";"-134.597";"-5.196167";"-44.02588";"-300.5354";"0.5648804";"-65.96326"
"25950.93";"-134.4979";"-5.110535";"-44.02588";"-300.5354";"0.7374878";"-65.98486";"-134.4979";"-5.110535";"-44.02588";"-300.5354";"0.7374878";"-65.98486"
"25959.27";"-134.3015";"-4.989685";"-44.02588";"-300.5354";"0.8059082";"-65.98413";"-134.3015";"-4.989685";"-44.02588";"-300.5354";"0.8059082";"-65.98413"
"25967.61";"-134.1983";"-4.964905";"-44.02588";"-300.5354";"0.9830933";"-66.05994";"-134.1983";"-4.964905";"-44.02588";"-300.5354";"0.9830933";"-66.05994"
"25975.95";"-134.0691";"-4.947937";"-44.02588";"-300.5354";"1.136536";"-66.12744";"-134.0691";"-4.947937";"-44.02588";"-300.5354";"1.136536";"-66.12744"
"25984.29";"-133.9185";"-4.855408";"-44.02588";"-300.5354";"1.228577";"-66.13849";"-133.9185";"-4.855408";"-44.02588";"-300.5354";"1.228577";"-66.13849"
"25992.63";"-133.7598";"-4.803894";"-44.02588";"-300.5354";"1.309387";"-66.12366";"-133.7598";"-4.803894";"-44.02588";"-300.5354";"1.309387";"-66.12366"
"26000.97";"-133.6097";"-4.761902";"-44.02588";"-300.5354";"1.520203";"-65.9505";"-133.6097";"-4.761902";"-44.02588";"-300.5354";"1.520203";"-65.9505"
"26009.32";"-133.4501";"-4.705017";"-44.02588";"-300.5354";"1.713623";"-65.9826";"-133.4501";"-4.705017";"-44.02588";"-300.5354";"1.713623";"-65.9826"
"26017.66";"-133.3597";"-4.610291";"-44.02588";"-300.5354";"1.760437";"-65.99048";"-133.3597";"-4.610291";"-44.02588";"-300.5354";"1.760437";"-65.99048"
"26026";"-133.2472";"-4.603088";"-44.02588";"-300.5354";"1.948608";"-66.03369";"-133.2472";"-4.603088";"-44.02588";"-300.5354";"1.948608";"-66.03369"
"26034.34";"-133.1045";"-4.531555";"-44.02588";"-300.5354";"1.738037";"-66.52441";"-133.1045";"-4.531555";"-44.02588";"-300.5354";"1.738037";"-66.52441"
"26042.68";"-132.9073";"-4.497375";"-44.02588";"-300.5354";"1.994141";"-67.01208";"-132.9073";"-4.497375";"-44.02588";"-300.5354";"1.994141";"-67.01208"
"26051.03";"-132.791";"-4.34552";"-44.02588";"-300.5354";"2.173096";"-67.03619";"-132.791";"-4.34552";"-44.02588";"-300.5354";"2.173096";"-67.03619"
"26059.37";"-132.567";"-4.34314";"-44.02588";"-300.5354";"2.208069";"-67.01276";"-132.567";"-4.34314";"-44.02588";"-300.5354";"2.208069";"-67.01276"
"26067.71";"-132.4361";"-4.190369";"-44.02588";"-300.5354";"2.484558";"-67.11969";"-132.4361";"-4.190369";"-44.02588";"-300.5354";"2.484558";"-67.11969"
"26076.05";"-132.3106";"-4.189331";"-44.02588";"-300.5354";"2.547363";"-67.04993";"-132.3106";"-4.189331";"-44.02588";"-300.5354";"2.547363";"-67.04993"
"26084.39";"-132.1501";"-4.111633";"-44.02588";"-300.5354";"2.750549";"-67.00116";"-132.1501";"-4.111633";"-44.02588";"-300.5354";"2.750549";"-67.00116"
"26092.73";"-131.9927";"-4.068359";"-44.02588";"-300.5354";"2.938232";"-67.06067";"-131.9927";"-4.068359";"-44.02588";"-300.5354";"2.938232";"-67.06067"
"26101.07";"-131.901";"-3.950928";"-44.02588";"-300.5354";"3.045593";"-67.11237";"-131.901";"-3.950928";"-44.02588";"-300.5354";"3.045593";"-67.11237"
"26109.42";"-131.6789";"-3.937805";"-44.02588";"-300.5354";"3.098389";"-67.11908";"-131.6789";"-3.937805";"-44.02588";"-300.5354";"3.098389";"-67.11908"
"26117.76";"-131.5347";"-3.867615";"-44.02588";"-300.5354";"3.295654";"-67.15149";"-131.5347";"-3.867615";"-44.02588";"-300.5354";"3.295654";"-67.15149"
"26126.1";"-131.4315";"-3.74762";"-44.02588";"-300.5354";"3.357361";"-67.15057";"-131.4315";"-3.74762";"-44.02588";"-300.5354";"3.357361";"-67.15057"
"26134.44";"-131.2334";"-3.718994";"-44.02588";"-300.5354";"3.595947";"-67.06024";"-131.2334";"-3.718994";"-44.02588";"-300.5354";"3.595947";"-67.06024"
"26142.78";"-131.0977";"-3.675781";"-44.02588";"-300.5354";"3.73468";"-67.08093";"-131.0977";"-3.675781";"-44.02588";"-300.5354";"3.73468";"-67.08093"
"26151.13";"-130.9966";"-3.60144";"-44.02588";"-300.5354";"3.870789";"-67.10657";"-130.9966";"-3.60144";"-44.02588";"-300.5354";"3.870789";"-67.10657"
"26159.47";"-130.812";"-3.541626";"-44.02588";"-300.5354";"4.056702";"-67.1759";"-130.812";"-3.541626";"-44.02588";"-300.5354";"4.056702";"-67.1759"
"26167.81";"-130.5654";"-3.498718";"-44.02588";"-300.5354";"4.137451";"-67.185";"-130.5654";"-3.498718";"-44.02588";"-300.5354";"4.137451";"-67.185"
"26176.15";"-130.4176";"-3.375183";"-44.02588";"-300.5354";"4.315674";"-67.2345";"-130.4176";"-3.375183";"-44.02588";"-300.5354";"4.315674";"-67.2345"
"26184.49";"-130.2603";"-3.316467";"-44.02588";"-300.5354";"4.50293";"-67.10303";"-130.2603";"-3.316467";"-44.02588";"-300.5354";"4.50293";"-67.10303"
"26192.83";"-130.1071";"-3.23999";"-44.02588";"-300.5354";"4.621033";"-67.12897";"-130.1071";"-3.23999";"-44.02588";"-300.5354";"4.621033";"-67.12897"
"26201.18";"-129.9752";"-3.233765";"-44.02588";"-300.5354";"4.766846";"-67.10535";"-129.9752";"-3.233765";"-44.02588";"-300.5354";"4.766846";"-67.10535"
"26209.52";"-129.8347";"-3.138";"-44.02588";"-300.5354";"4.91272";"-67.16895";"-129.8347";"-3.138";"-44.02588";"-300.5354";"4.91272";"-67.16895"
"26217.86";"-129.666";"-3.08429";"-44.02588";"-300.5354";"4.841431";"-66.22699";"-129.666";"-3.08429";"-44.02588";"-300.5354";"4.841431";"-66.22699"
"26226.2";"-129.4613";"-2.977722";"-44.02588";"-300.5354";"5.042114";"-66.00262";"-129.4613";"-2.977722";"-44.02588";"-300.5354";"5.042114";"-66.00262"
"26234.54";"-129.3167";"-2.919861";"-44.02588";"-300.5354";"5.201294";"-65.99097";"-129.3167";"-2.919861";"-44.02588";"-300.5354";"5.201294";"-65.99097"
"26242.88";"-129.1803";"-2.848511";"-44.02588";"-300.5354";"5.387573";"-65.99164";"-129.1803";"-2.848511";"-44.02588";"-300.5354";"5.387573";"-65.99164"
"26251.22";"-129.0723";"-2.797546";"-44.02588";"-300.5354";"5.524719";"-66.08234";"-129.0723";"-2.797546";"-44.02588";"-300.5354";"5.524719";"-66.08234"
"26259.57";"-128.8671";"-2.797058";"-44.02588";"-300.5354";"5.730591";"-66.07739";"-128.8671";"-2.797058";"-44.02588";"-300.5354";"5.730591";"-66.07739"
"26267.91";"-128.7769";"-2.73114";"-44.02588";"-300.5354";"5.806213";"-66.0976";"-128.7769";"-2.73114";"-44.02588";"-300.5354";"5.806213";"-66.0976"
"26276.25";"-128.5992";"-2.651428";"-44.02588";"-300.5354";"5.950439";"-66.078";"-128.5992";"-2.651428";"-44.02588";"-300.5354";"5.950439";"-66.078"
"26284.59";"-128.4297";"-2.555786";"-44.02588";"-300.5354";"6.059204";"-66.10449";"-128.4297";"-2.555786";"-44.02588";"-300.5354";"6.059204";"-66.10449"
"26292.93";"-128.2202";"-2.458069";"-44.02588";"-300.5354";"6.197083";"-66.08197";"-128.2202";"-2.458069";"-44.02588";"-300.5354";"6.197083";"-66.08197"
"26301.28";"-128.0809";"-2.381958";"-44.02588";"-300.5354";"6.351013";"-66.0658";"-128.0809";"-2.381958";"-44.02588";"-300.5354";"6.351013";"-66.0658"
"26309.62";"-127.9489";"-2.339722";"-44.02588";"-300.5354";"6.530396";"-66.16174";"-127.9489";"-2.339722";"-44.02588";"-300.5354";"6.530396";"-66.16174"
"26317.96";"-127.7691";"-2.300781";"-44.02588";"-300.5354";"6.720703";"-66.14874";"-127.7691";"-2.300781";"-44.02588";"-300.5354";"6.720703";"-66.14874"
"26326.3";"-127.6494";"-2.238159";"-44.02588";"-300.5354";"6.788757";"-66.12415";"-127.6494";"-2.238159";"-44.02588";"-300.5354";"6.788757";"-66.12415"
"26334.64";"-127.4854";"-2.127075";"-44.02588";"-300.5354";"6.965027";"-66.11365";"-127.4854";"-2.127075";"-44.02588";"-300.5354";"6.965027";"-66.11365"
"26342.98";"-127.33";"-2.092163";"-44.02588";"-300.5354";"7.031494";"-66.11798";"-127.33";"-2.092163";"-44.02588";"-300.5354";"7.031494";"-66.11798"
"26351.32";"-127.188";"-1.977783";"-44.02588";"-300.5354";"7.198914";"-66.0813";"-127.188";"-1.977783";"-44.02588";"-300.5354";"7.198914";"-66.0813"
"26359.67";"-127.0167";"-1.961609";"-44.02588";"-300.5354";"7.285461";"-66.10114";"-127.0167";"-1.961609";"-44.02588";"-300.5354";"7.285461";"-66.10114"
"26368.01";"-126.9012";"-1.893188";"-44.02588";"-300.5354";"7.468872";"-66.05817";"-126.9012";"-1.893188";"-44.02588";"-300.5354";"7.468872";"-66.05817"
"26376.35";"-126.7585";"-1.864563";"-44.02588";"-300.5354";"7.649902";"-66.19849";"-126.7585";"-1.864563";"-44.02588";"-300.5354";"7.649902";"-66.19849"
"26384.69";"-126.5892";"-1.814758";"-44.02588";"-300.5354";"7.810669";"-66.21051";"-126.5892";"-1.814758";"-44.02588";"-300.5354";"7.810669";"-66.21051"
"26393.03";"-126.3904";"-1.733032";"-44.02588";"-300.5354";"7.928589";"-66.20819";"-126.3904";"-1.733032";"-44.02588";"-300.5354";"7.928589";"-66.20819"
"26401.38";"-126.2274";"-1.658081";"-44.02588";"-300.5354";"7.632263";"-66.72034";"-126.2274";"-1.658081";"-44.02588";"-300.5354";"7.632263";"-66.72034"
"26409.72";"-126.0738";"-1.61554";"-44.02588";"-300.5354";"8.112488";"-66.98126";"-126.0738";"-1.61554";"-44.02588";"-300.5354";"8.112488";"-66.98126"
"26418.06";"-125.9399";"-1.549683";"-44.02588";"-300.5354";"8.237427";"-66.98944";"-125.9399";"-1.549683";"-44.02588";"-300.5354";"8.237427";"-66.98944"
"26426.4";"-125.7509";"-1.510437";"-44.02588";"-300.5354";"8.34668";"-66.98486";"-125.7509";"-1.510437";"-44.02588";"-300.5354";"8.34668";"-66.98486"
"26434.74";"-125.4926";"-1.325134";"-44.02588";"-300.5354";"8.603638";"-67.11774";"-125.4926";"-1.325134";"-44.02588";"-300.5354";"8.603638";"-67.11774"
"26443.08";"-125.3319";"-1.300842";"-44.02588";"-300.5354";"8.696838";"-67.11432";"-125.3319";"-1.300842";"-44.02588";"-300.5354";"8.696838";"-67.11432"
"26451.43";"-125.2124";"-1.224121";"-44.02588";"-300.5354";"8.861633";"-67.07422";"-125.2124";"-1.224121";"-44.02588";"-300.5354";"8.861633";"-67.07422"
"26459.77";"-125.0089";"-1.203979";"-44.02588";"-300.5354";"9.010132";"-67.06329";"-125.0089";"-1.203979";"-44.02588";"-300.5354";"9.010132";"-67.06329"
"26468.11";"-124.8702";"-1.101624";"-44.02588";"-300.5354";"9.140869";"-67.00818";"-124.8702";"-1.101624";"-44.02588";"-300.5354";"9.140869";"-67.00818"
"26476.45";"-124.694";"-1.081787";"-44.02588";"-300.5354";"8.728943";"-67.14441";"-124.694";"-1.081787";"-44.02588";"-300.5354";"8.728943";"-67.14441"
"26484.79";"-124.5182";"-1.054382";"-44.02588";"-300.5354";"9.076904";"-66.98657";"-124.5182";"-1.054382";"-44.02588";"-300.5354";"9.076904";"-66.98657"
"26493.13";"-124.3604";"-0.9197388";"-44.02588";"-300.5354";"9.154114";"-66.95978";"-124.3604";"-0.9197388";"-44.02588";"-300.5354";"9.154114";"-66.95978"
"26501.47";"-124.2313";"-0.8255005";"-44.02588";"-300.5354";"9.348511";"-66.94946";"-124.2313";"-0.8255005";"-44.02588";"-300.5354";"9.348511";"-66.94946"
"26509.82";"-124.0085";"-0.7952271";"-44.02588";"-300.5354";"9.412048";"-66.95325";"-124.0085";"-0.7952271";"-44.02588";"-300.5354";"9.412048";"-66.95325"
"26518.16";"-123.8751";"-0.7680664";"-44.02588";"-300.5354";"9.623291";"-67.09717";"-123.8751";"-0.7680664";"-44.02588";"-300.5354";"9.623291";"-67.09717"
"26526.5";"-123.7444";"-0.7070923";"-44.02588";"-300.5354";"9.711853";"-67.09302";"-123.7444";"-0.7070923";"-44.02588";"-300.5354";"9.711853";"-67.09302"
"26534.84";"-123.564";"-0.6401367";"-44.02588";"-300.5354";"9.895752";"-67.07739";"-123.564";"-0.6401367";"-44.02588";"-300.5354";"9.895752";"-67.07739"
"26543.18";"-123.3337";"-0.5334473";"-44.02588";"-300.5354";"10.05774";"-67.07129";"-123.3337";"-0.5334473";"-44.02588";"-300.5354";"10.05774";"-67.07129"
"26551.53";"-123.1555";"-0.4133911";"-44.02588";"-300.5354";"10.12775";"-67.0506";"-123.1555";"-0.4133911";"-44.02588";"-300.5354";"10.12775";"-67.0506"
"26559.87";"-123.0228";"-0.31073";"-44.02588";"-300.5354";"10.216";"-67.08484";"-123.0228";"-0.31073";"-44.02588";"-300.5354";"10.216";"-67.08484"
"26568.21";"-122.8597";"-0.2843628";"-44.02588";"-300.5354";"10.09131";"-67.3551";"-122.8597";"-0.2843628";"-44.02588";"-300.5354";"10.09131";"-67.3551"
"26576.55";"-122.6463";"-0.2647705";"-44.02588";"-300.5354";"10.19324";"-68.07007";"-122.6463";"-0.2647705";"-44.02588";"-300.5354";"10.19324";"-68.07007"
"26584.89";"-122.5698";"-0.2160034";"-44.02588";"-300.5354";"10.05664";"-67.99799";"-122.5698";"-0.2160034";"-44.02588";"-300.5354";"10.05664";"-67.99799"
"26593.23";"-122.3486";"-0.08056641";"-44.02588";"-300.5354";"10.10083";"-68.00085";"-122.3486";"-0.08056641";"-44.02588";"-300.5354";"10.10083";"-68.00085"
"26601.57";"-122.1713";"0.005310059";"-42.85754";"-300.0435";"10.3772";"-67.95142";"-122.1713";"0.005310059";"-42.85754";"-300.0435";"10.3772";"-67.95142"
"26609.92";"-122.0536";"0.03417969";"-44.47156";"-300.7677";"10.43945";"-67.96521";"-122.0536";"0.03417969";"-44.47156";"-300.7677";"10.43945";"-67.96521"
"26618.26";"-121.8915";"0.08898926";"-44.30713";"-300.6591";"10.6842";"-68.06348";"-121.8915";"0.08898926";"-44.30713";"-300.6591";"10.6842";"-68.06348"
"26626.6";"-121.6547";"0.1218262";"-42.99451";"-299.4651";"10.77606";"-68.04871";"-121.6547";"0.1218262";"-42.99451";"-299.4651";"10.77606";"-68.04871"
"26634.94";"-121.5419";"0.1929321";"-45.06104";"-300.2453";"10.90778";"-68.04535";"-121.5419";"0.1929321";"-45.06104";"-300.2453";"10.90778";"-68.04535"
"26643.28";"-121.3325";"0.3303833";"-42.08734";"-299.653";"11.01361";"-68.05792";"-121.3325";"0.3303833";"-42.08734";"-299.653";"11.01361";"-68.05792"
"26651.63";"-121.1556";"0.3610229";"-45.15424";"-299.9604";"11.19519";"-68.02161";"-121.1556";"0.3610229";"-45.15424";"-299.9604";"11.19519";"-68.02161"
"26659.97";"-120.9673";"0.4534302";"-44.41595";"-299.0824";"11.27423";"-68.02197";"-120.9673";"0.4534302";"-44.41595";"-299.0824";"11.27423";"-68.02197"
"26668.31";"-120.7783";"0.5348511";"-46.92584";"-299.8227";"11.48975";"-68.01849";"-120.7783";"0.5348511";"-46.92584";"-299.8227";"11.48975";"-68.01849"
"26676.65";"-120.5449";"0.5321045";"-48.69702";"-299.873";"11.60266";"-68.15808";"-120.5449";"0.5321045";"-48.69702";"-299.873";"11.60266";"-68.15808"
"26684.99";"-120.4183";"0.7040405";"-48.69702";"-299.873";"11.7926";"-68.15759";"-120.4183";"0.7040405";"-48.69702";"-299.873";"11.7926";"-68.15759"
"26693.33";"-120.2233";"0.7319336";"-48.69702";"-299.873";"11.88147";"-68.13617";"-120.2233";"0.7319336";"-48.69702";"-299.873";"11.88147";"-68.13617"
"26701.68";"-120.0742";"0.8103027";"-49.08374";"-300.6019";"12.04358";"-68.14606";"-120.0742";"0.8103027";"-49.08374";"-300.6019";"12.04358";"-68.14606"
"26710.02";"-119.8665";"0.8435669";"-49.04279";"-300.9379";"12.13934";"-68.12817";"-119.8665";"0.8435669";"-49.04279";"-300.9379";"12.13934";"-68.12817"
"26718.36";"-119.7304";"0.9161377";"-49.03192";"-300.9735";"12.31677";"-68.12653";"-119.7304";"0.9161377";"-49.03192";"-300.9735";"12.31677";"-68.12653"
"26726.7";"-119.5122";"0.9364624";"-49.75116";"-301.6139";"12.38116";"-68.1272";"-119.5122";"0.9364624";"-49.75116";"-301.6139";"12.38116";"-68.1272"
"26735.04";"-119.3224";"1.129944";"-56.81836";"-302.1214";"12.61444";"-68.1969";"-119.3224";"1.129944";"-56.81836";"-302.1214";"12.61444";"-68.1969"
"26743.38";"-119.233";"1.15271";"-59.28711";"-301.1672";"12.67365";"-68.2088";"-119.233";"1.15271";"-59.28711";"-301.1672";"12.67365";"-68.2088"
"26751.72";"-119.0374";"1.174927";"-52.60712";"-301.1263";"12.88483";"-68.1944";"-119.0374";"1.174927";"-52.60712";"-301.1263";"12.88483";"-68.1944"
"26760.07";"-118.8524";"1.214172";"-57.31848";"-300.0377";"12.49854";"-68.50952";"-118.8524";"1.214172";"-57.31848";"-300.0377";"12.49854";"-68.50952"
"26768.41";"-118.642";"1.340576";"-53.04968";"-301.1865";"13.13928";"-68.16986";"-118.642";"1.340576";"-53.04968";"-301.1865";"13.13928";"-68.16986"
"26776.75";"-118.5326";"1.34137";"-59.93182";"-300.3693";"13.13818";"-67.98743";"-118.5326";"1.34137";"-59.93182";"-300.3693";"13.13818";"-67.98743"
"26785.09";"-118.3112";"1.463501";"-59.93182";"-300.3693";"13.32263";"-67.98022";"-118.3112";"1.463501";"-59.93182";"-300.3693";"13.32263";"-67.98022"
"26793.43";"-118.0707";"1.538147";"-59.93182";"-300.3693";"13.37189";"-67.99097";"-118.0707";"1.538147";"-59.93182";"-300.3693";"13.37189";"-67.99097"
"26801.78";"-117.9169";"1.656494";"-59.93182";"-300.3693";"13.59528";"-68.10333";"-117.9169";"1.656494";"-59.93182";"-300.3693";"13.59528";"-68.10333"
"26810.12";"-117.7662";"1.694275";"-59.93182";"-300.3693";"13.67657";"-68.10669";"-117.7662";"1.694275";"-59.93182";"-300.3693";"13.67657";"-68.10669"
"26818.46";"-117.5358";"1.72168";"-59.93182";"-300.3693";"13.76514";"-68.10382";"-117.5358";"1.72168";"-59.93182";"-300.3693";"13.76514";"-68.10382"
"26826.8";"-117.372";"1.863159";"-59.93182";"-300.3693";"13.99622";"-68.07965";"-117.372";"1.863159";"-59.93182";"-300.3693";"13.99622";"-68.07965"
"26835.14";"-117.1864";"1.968323";"-59.93182";"-300.3693";"14.06134";"-68.09308";"-117.1864";"1.968323";"-59.93182";"-300.3693";"14.06134";"-68.09308"
"26843.48";"-117.0396";"1.988281";"-59.93182";"-300.3693";"14.2652";"-68.09375";"-117.0396";"1.988281";"-59.93182";"-300.3693";"14.2652";"-68.09375"
"26851.82";"-116.8279";"2.038635";"-59.93182";"-300.3693";"14.37512";"-68.07898";"-116.8279";"2.038635";"-59.93182";"-300.3693";"14.37512";"-68.07898"
"26860.17";"-116.623";"2.068604";"-59.93182";"-300.3693";"14.46948";"-68.09283";"-116.623";"2.068604";"-59.93182";"-300.3693";"14.46948";"-68.09283"
"26868.51";"-116.5026";"2.184753";"-59.93182";"-300.3693";"14.71765";"-68.15546";"-116.5026";"2.184753";"-59.93182";"-300.3693";"14.71765";"-68.15546"
"26876.85";"-116.3065";"2.254395";"-59.93182";"-300.3693";"14.85492";"-68.14453";"-116.3065";"2.254395";"-59.93182";"-300.3693";"14.85492";"-68.14453"
"26885.19";"-116.1107";"2.308411";"-59.93182";"-300.3693";"14.96887";"-68.1261";"-116.1107";"2.308411";"-59.93182";"-300.3693";"14.96887";"-68.1261"
"26893.53";"-115.9704";"2.346985";"-59.93182";"-300.3693";"15.09589";"-68.1178";"-115.9704";"2.346985";"-59.93182";"-300.3693";"15.09589";"-68.1178"
"26901.88";"-115.8352";"2.415344";"-59.93182";"-300.3693";"15.28632";"-68.11536";"-115.8352";"2.415344";"-59.93182";"-300.3693";"15.28632";"-68.11536"
"26910.22";"-115.4907";"2.605774";"-59.93182";"-300.3693";"15.40222";"-68.11798";"-115.4907";"2.605774";"-59.93182";"-300.3693";"15.40222";"-68.11798"
"26918.56";"-115.338";"2.65979";"-59.93182";"-300.3693";"15.48273";"-68.11279";"-115.338";"2.65979";"-59.93182";"-300.3693";"15.48273";"-68.11279"
"26926.9";"-115.2262";"2.683716";"-59.93182";"-300.3693";"15.68933";"-68.17572";"-115.2262";"2.683716";"-59.93182";"-300.3693";"15.68933";"-68.17572"
"26935.24";"-115.0385";"2.718201";"-59.93182";"-300.3693";"15.82623";"-68.17896";"-115.0385";"2.718201";"-59.93182";"-300.3693";"15.82623";"-68.17896"
"26943.58";"-114.8901";"2.745178";"-59.93182";"-300.3693";"15.86603";"-68.185";"-114.8901";"2.745178";"-59.93182";"-300.3693";"15.86603";"-68.185"
"26951.93";"-114.7469";"2.891235";"-59.93182";"-300.3693";"15.73352";"-69.15088";"-114.7469";"2.891235";"-59.93182";"-300.3693";"15.73352";"-69.15088"
"26960.27";"-114.4874";"2.952637";"-59.93182";"-300.3693";"16.05548";"-69.01831";"-114.4874";"2.952637";"-59.93182";"-300.3693";"16.05548";"-69.01831"
"26968.61";"-114.2885";"2.989014";"-59.93182";"-300.3693";"16.23755";"-69.0235";"-114.2885";"2.989014";"-59.93182";"-300.3693";"16.23755";"-69.0235"
"26976.95";"-114.1381";"3.069763";"-59.93182";"-300.3693";"16.35803";"-69.03186";"-114.1381";"3.069763";"-59.93182";"-300.3693";"16.35803";"-69.03186"
"26985.29";"-113.9591";"3.125";"-59.93182";"-300.3693";"16.4408";"-69.03082";"-113.9591";"3.125";"-59.93182";"-300.3693";"16.4408";"-69.03082"
"26993.63";"-113.8081";"3.172058";"-59.93182";"-300.3693";"16.70972";"-69.10211";"-113.8081";"3.172058";"-59.93182";"-300.3693";"16.70972";"-69.10211"
"27001.97";"-113.6224";"3.219177";"-59.93182";"-300.3693";"16.85938";"-69.09167";"-113.6224";"3.219177";"-59.93182";"-300.3693";"16.85938";"-69.09167"
"27010.32";"-113.3928";"3.334839";"-59.93182";"-300.3693";"16.96204";"-69.09979";"-113.3928";"3.334839";"-59.93182";"-300.3693";"16.96204";"-69.09979"
"27018.66";"-113.217";"3.429138";"-59.93182";"-300.3693";"17.11713";"-69.09448";"-113.217";"3.429138";"-59.93182";"-300.3693";"17.11713";"-69.09448"
"27027";"-113.0179";"3.445496";"-59.93182";"-300.3693";"17.16968";"-69.10193";"-113.0179";"3.445496";"-59.93182";"-300.3693";"17.16968";"-69.10193"
"27035.34";"-112.7603";"3.573425";"-59.93182";"-300.3693";"17.3811";"-69.09503";"-112.7603";"3.573425";"-59.93182";"-300.3693";"17.3811";"-69.09503"
"27043.68";"-112.5049";"3.595337";"-59.93182";"-300.3693";"17.6181";"-69.14203";"-112.5049";"3.595337";"-59.93182";"-300.3693";"17.6181";"-69.14203"
"27052.03";"-112.3729";"3.721375";"-59.93182";"-300.3693";"17.68311";"-69.14557";"-112.3729";"3.721375";"-59.93182";"-300.3693";"17.68311";"-69.14557"
"27060.37";"-112.1799";"3.777344";"-59.93182";"-300.3693";"17.80048";"-69.13849";"-112.1799";"3.777344";"-59.93182";"-300.3693";"17.80048";"-69.13849"
"27068.71";"-112.0251";"3.887451";"-59.93182";"-300.3693";"17.95935";"-69.14465";"-112.0251";"3.887451";"-59.93182";"-300.3693";"17.95935";"-69.14465"
"27077.05";"-111.829";"3.915649";"-59.93182";"-300.3693";"18.05804";"-69.14728";"-111.829";"3.915649";"-59.93182";"-300.3693";"18.05804";"-69.14728"
"27085.39";"-111.6294";"3.940979";"-59.93182";"-300.3693";"18.24048";"-69.13239";"-111.6294";"3.940979";"-59.93182";"-300.3693";"18.24048";"-69.13239"
"27093.73";"-111.3752";"4.068787";"-59.93182";"-300.3693";"18.33911";"-69.1452";"-111.3752";"4.068787";"-59.93182";"-300.3693";"18.33911";"-69.1452"
"27102.07";"-111.2448";"4.156067";"-59.93182";"-300.3693";"18.50073";"-69.216";"-111.2448";"4.156067";"-59.93182";"-300.3693";"18.50073";"-69.216"
"27110.42";"-111.0358";"4.200684";"-59.93182";"-300.3693";"18.56982";"-69.23022";"-111.0358";"4.200684";"-59.93182";"-300.3693";"18.56982";"-69.23022"
"27118.76";"-110.8675";"4.245972";"-59.93182";"-300.3693";"17.98267";"-69.70154";"-110.8675";"4.245972";"-59.93182";"-300.3693";"17.98267";"-69.70154"
"27127.1";"-110.6302";"4.291504";"-59.93182";"-300.3693";"18.14081";"-70.02856";"-110.6302";"4.291504";"-59.93182";"-300.3693";"18.14081";"-70.02856"
"27135.44";"-110.5032";"4.338135";"-59.93182";"-300.3693";"18.27777";"-70.01001";"-110.5032";"4.338135";"-59.93182";"-300.3693";"18.27777";"-70.01001"
"27143.78";"-110.2708";"4.431702";"-59.93182";"-300.3693";"18.40332";"-70.026";"-110.2708";"4.431702";"-59.93182";"-300.3693";"18.40332";"-70.026"
"27152.13";"-110.0289";"4.513306";"-59.93182";"-300.3693";"18.56976";"-70.08105";"-110.0289";"4.513306";"-59.93182";"-300.3693";"18.56976";"-70.08105"
"27160.47";"-109.8724";"4.535645";"-59.93182";"-300.3693";"18.71857";"-70.09302";"-109.8724";"4.535645";"-59.93182";"-300.3693";"18.71857";"-70.09302"
"27168.81";"-109.6449";"4.620056";"-59.93182";"-300.3693";"18.85059";"-70.09863";"-109.6449";"4.620056";"-59.93182";"-300.3693";"18.85059";"-70.09863"
"27177.15";"-109.422";"4.727234";"-59.93182";"-300.3693";"18.99719";"-70.10931";"-109.422";"4.727234";"-59.93182";"-300.3693";"18.99719";"-70.10931"
"27185.49";"-109.2623";"4.84729";"-59.93182";"-300.3693";"19.13849";"-70.11572";"-109.2623";"4.84729";"-59.93182";"-300.3693";"19.13849";"-70.11572"
"27193.83";"-109.0679";"4.863098";"-59.93182";"-300.3693";"19.26306";"-70.11029";"-109.0679";"4.863098";"-59.93182";"-300.3693";"19.26306";"-70.11029"
"27202.18";"-108.9335";"4.933289";"-59.93182";"-300.3693";"19.43182";"-70.11597";"-108.9335";"4.933289";"-59.93182";"-300.3693";"19.43182";"-70.11597"
"27210.52";"-108.7036";"4.960022";"-59.93182";"-300.3693";"19.50348";"-70.1687";"-108.7036";"4.960022";"-59.93182";"-300.3693";"19.50348";"-70.1687"
"27218.86";"-108.5027";"5.077332";"-59.93182";"-300.3693";"19.69263";"-70.17114";"-108.5027";"5.077332";"-59.93182";"-300.3693";"19.69263";"-70.17114"
"27227.2";"-108.2877";"5.149536";"-59.93182";"-300.3693";"19.76721";"-70.18628";"-108.2877";"5.149536";"-59.93182";"-300.3693";"19.76721";"-70.18628"
"27235.54";"-108.1556";"5.185974";"-59.93182";"-300.3693";"19.94464";"-70.18488";"-108.1556";"5.185974";"-59.93182";"-300.3693";"19.94464";"-70.18488"
"27243.88";"-107.961";"5.216736";"-59.93182";"-300.3693";"20.00031";"-70.19763";"-107.961";"5.216736";"-59.93182";"-300.3693";"20.00031";"-70.19763"
"27252.22";"-107.8373";"5.348328";"-59.93182";"-300.3693";"20.21161";"-70.19745";"-107.8373";"5.348328";"-59.93182";"-300.3693";"20.21161";"-70.19745"
"27260.57";"-107.5844";"5.345581";"-59.93182";"-300.3693";"20.31476";"-70.21002";"-107.5844";"5.345581";"-59.93182";"-300.3693";"20.31476";"-70.21002"
"27268.91";"-107.4037";"5.48175";"-59.93182";"-300.3693";"20.5318";"-70.25201";"-107.4037";"5.48175";"-59.93182";"-300.3693";"20.5318";"-70.25201"
"27277.25";"-107.1346";"5.518494";"-59.93182";"-300.3693";"20.62317";"-70.26764";"-107.1346";"5.518494";"-59.93182";"-300.3693";"20.62317";"-70.26764"
"27285.59";"-106.9885";"5.635864";"-59.93182";"-300.3693";"20.76532";"-70.25793";"-106.9885";"5.635864";"-59.93182";"-300.3693";"20.76532";"-70.25793"
"27293.93";"-106.7796";"5.667114";"-59.93182";"-300.3693";"20.83844";"-70.27863";"-106.7796";"5.667114";"-59.93182";"-300.3693";"20.83844";"-70.27863"
"27302.28";"-106.5536";"5.738159";"-59.93182";"-300.3693";"21.04639";"-70.24817";"-106.5536";"5.738159";"-59.93182";"-300.3693";"21.04639";"-70.24817"
"27310.62";"-106.3079";"5.838562";"-59.93182";"-300.3693";"21.23663";"-70.26361";"-106.3079";"5.838562";"-59.93182";"-300.3693";"21.23663";"-70.26361"
"27318.96";"-106.1842";"5.909668";"-59.93182";"-300.3693";"21.34033";"-70.25616";"-106.1842";"5.909668";"-59.93182";"-300.3693";"21.34033";"-70.25616"
"27327.3";"-105.9537";"5.944275";"-59.93182";"-300.3693";"21.43402";"-70.24963";"-105.9537";"5.944275";"-59.93182";"-300.3693";"21.43402";"-70.24963"
"27335.64";"-105.8051";"6.037964";"-59.93182";"-300.3693";"21.64398";"-70.31775";"-105.8051";"6.037964";"-59.93182";"-300.3693";"21.64398";"-70.31775"
"27343.98";"-105.5704";"6.048706";"-59.93182";"-300.3693";"21.70953";"-70.32544";"-105.5704";"6.048706";"-59.93182";"-300.3693";"21.70953";"-70.32544"
"27352.32";"-105.3783";"6.23053";"-59.93182";"-300.3693";"21.90961";"-70.30829";"-105.3783";"6.23053";"-59.93182";"-300.3693";"21.90961";"-70.30829"
"27360.67";"-105.1546";"6.236267";"-59.93182";"-300.3693";"22.12665";"-70.3125";"-105.1546";"6.236267";"-59.93182";"-300.3693";"22.12665";"-70.3125"
"27369.01";"-105.0056";"6.31958";"-59.93182";"-300.3693";"22.33173";"-70.29456";"-105.0056";"6.31958";"-59.93182";"-300.3693";"22.33173";"-70.29456"
"27377.35";"-104.7759";"6.336609";"-59.93182";"-300.3693";"22.37366";"-70.29663";"-104.7759";"6.336609";"-59.93182";"-300.3693";"22.37366";"-70.29663"
"27385.69";"-104.571";"6.445679";"-59.93182";"-300.3693";"22.59167";"-70.37067";"-104.571";"6.445679";"-59.93182";"-300.3693";"22.59167";"-70.37067"
"27394.03";"-104.2626";"6.527588";"-59.93182";"-300.3693";"22.80957";"-70.3678";"-104.2626";"6.527588";"-59.93182";"-300.3693";"22.80957";"-70.3678"
"27402.38";"-104.0903";"6.614441";"-59.93182";"-300.3693";"22.85718";"-70.34869";"-104.0903";"6.614441";"-59.93182";"-300.3693";"22.85718";"-70.34869"
"27410.72";"-103.8523";"6.611816";"-59.93182";"-300.3693";"23.05713";"-70.38574";"-103.8523";"6.611816";"-59.93182";"-300.3693";"23.05713";"-70.38574"
"27419.06";"-103.6669";"6.752075";"-59.93182";"-300.3693";"23.12714";"-70.38879";"-103.6669";"6.752075";"-59.93182";"-300.3693";"23.12714";"-70.38879"
"27427.4";"-103.3817";"6.832214";"-59.93182";"-300.3693";"23.34448";"-70.38361";"-103.3817";"6.832214";"-59.93182";"-300.3693";"23.34448";"-70.38361"
"27435.74";"-103.2413";"6.880005";"-59.93182";"-300.3693";"23.43536";"-70.40643";"-103.2413";"6.880005";"-59.93182";"-300.3693";"23.43536";"-70.40643"
"27444.08";"-103.0411";"6.93335";"-59.93182";"-300.3693";"23.63837";"-70.45367";"-103.0411";"6.93335";"-59.93182";"-300.3693";"23.63837";"-70.45367"
"27452.43";"-102.8568";"7.031799";"-59.93182";"-300.3693";"23.72412";"-70.46783";"-102.8568";"7.031799";"-59.93182";"-300.3693";"23.72412";"-70.46783"
"27460.77";"-102.6141";"7.031128";"-59.93182";"-300.3693";"23.96191";"-70.49115";"-102.6141";"7.031128";"-59.93182";"-300.3693";"23.96191";"-70.49115"
"27469.11";"-102.4777";"7.216858";"-59.93182";"-300.3693";"24.00732";"-70.49054";"-102.4777";"7.216858";"-59.93182";"-300.3693";"24.00732";"-70.49054"
"27477.45";"-102.2461";"7.229675";"-59.93182";"-300.3693";"24.22614";"-70.4903";"-102.2461";"7.229675";"-59.93182";"-300.3693";"24.22614";"-70.4903"
"27485.79";"-102.0284";"7.315613";"-59.93182";"-300.3693";"24.25311";"-70.49103";"-102.0284";"7.315613";"-59.93182";"-300.3693";"24.25311";"-70.49103"
"27494.13";"-101.8165";"7.31665";"-59.93182";"-300.3693";"24.62793";"-70.5318";"-101.8165";"7.31665";"-59.93182";"-300.3693";"24.62793";"-70.5318"
"27502.47";"-101.6442";"7.424255";"-59.93182";"-300.3693";"24.69128";"-70.55121";"-101.6442";"7.424255";"-59.93182";"-300.3693";"24.69128";"-70.55121"
"27510.82";"-101.3424";"7.561768";"-59.93182";"-300.3693";"24.90259";"-70.54779";"-101.3424";"7.561768";"-59.93182";"-300.3693";"24.90259";"-70.54779"
"27519.16";"-101.1496";"7.649658";"-59.93182";"-300.3693";"24.97137";"-70.54431";"-101.1496";"7.649658";"-59.93182";"-300.3693";"24.97137";"-70.54431"
"27527.5";"-100.9324";"7.674927";"-59.93182";"-300.3693";"25.16693";"-70.53961";"-100.9324";"7.674927";"-59.93182";"-300.3693";"25.16693";"-70.53961"
"27535.84";"-100.7939";"7.711731";"-59.93182";"-300.3693";"25.24371";"-70.521";"-100.7939";"7.711731";"-59.93182";"-300.3693";"25.24371";"-70.521"
"27544.18";"-100.4943";"7.846985";"-59.93182";"-300.3693";"25.45685";"-70.50543";"-100.4943";"7.846985";"-59.93182";"-300.3693";"25.45685";"-70.50543"
"27552.53";"-100.2925";"7.935669";"-59.93182";"-300.3693";"25.57935";"-70.61829";"-100.2925";"7.935669";"-59.93182";"-300.3693";"25.57935";"-70.61829"
"27560.87";"-100.1501";"8.012817";"-59.93182";"-300.3693";"25.74622";"-70.64697";"-100.1501";"8.012817";"-59.93182";"-300.3693";"25.74622";"-70.64697"
"27569.21";"-99.93298";"8.023438";"-59.93182";"-300.3693";"25.86499";"-70.64752";"-99.93298";"8.023438";"-59.93182";"-300.3693";"25.86499";"-70.64752"
"27577.55";"-99.67401";"8.048157";"-59.93182";"-300.3693";"25.98535";"-70.64087";"-99.67401";"8.048157";"-59.93182";"-300.3693";"25.98535";"-70.64087"
"27585.89";"-99.45404";"8.166077";"-59.93182";"-300.3693";"26.13867";"-70.63684";"-99.45404";"8.166077";"-59.93182";"-300.3693";"26.13867";"-70.63684"
"27594.23";"-99.24561";"8.204285";"-59.93182";"-300.3693";"26.37372";"-70.6261";"-99.24561";"8.204285";"-59.93182";"-300.3693";"26.37372";"-70.6261"
"27602.57";"-99.05408";"8.250671";"-59.93182";"-300.3693";"26.48016";"-70.62079";"-99.05408";"8.250671";"-59.93182";"-300.3693";"26.48016";"-70.62079"
"27610.92";"-98.841";"8.29541";"-59.93182";"-300.3693";"26.5625";"-70.69861";"-98.841";"8.29541";"-59.93182";"-300.3693";"26.5625";"-70.69861"
"27619.26";"-98.6759";"8.395264";"-59.93182";"-300.3693";"26.81213";"-70.67206";"-98.6759";"8.395264";"-59.93182";"-300.3693";"26.81213";"-70.67206"
"27627.6";"-98.41962";"8.496704";"-59.93182";"-300.3693";"27.00983";"-70.65533";"-98.41962";"8.496704";"-59.93182";"-300.3693";"27.00983";"-70.65533"
"27635.94";"-98.11017";"8.563171";"-59.93182";"-300.3693";"27.10681";"-70.64124";"-98.11017";"8.563171";"-59.93182";"-300.3693";"27.10681";"-70.64124"
"27644.28";"-97.91156";"8.638123";"-59.93182";"-300.3693";"27.36188";"-70.64258";"-97.91156";"8.638123";"-59.93182";"-300.3693";"27.36188";"-70.64258"
"27652.63";"-97.71356";"8.657288";"-59.93182";"-300.3693";"27.40771";"-70.6626";"-97.71356";"8.657288";"-59.93182";"-300.3693";"27.40771";"-70.6626"
"27660.97";"-97.45197";"8.786743";"-59.93182";"-300.3693";"27.64612";"-70.737";"-97.45197";"8.786743";"-59.93182";"-300.3693";"27.64612";"-70.737"
"27669.31";"-97.27777";"8.86084";"-59.93182";"-300.3693";"27.78827";"-70.72168";"-97.27777";"8.86084";"-59.93182";"-300.3693";"27.78827";"-70.72168"
"27677.65";"-97.07153";"8.916077";"-59.93182";"-300.3693";"27.88049";"-70.73383";"-97.07153";"8.916077";"-59.93182";"-300.3693";"27.88049";"-70.73383"
"27685.99";"-96.84528";"8.943726";"-59.93182";"-300.3693";"28.1059";"-70.73279";"-96.84528";"8.943726";"-59.93182";"-300.3693";"28.1059";"-70.73279"
"27694.33";"-96.62805";"8.974731";"-59.93182";"-300.3693";"28.24976";"-70.73932";"-96.62805";"8.974731";"-59.93182";"-300.3693";"28.24976";"-70.73932"
"27702.68";"-96.38818";"9.125";"-59.93182";"-300.3693";"28.41931";"-70.74384";"-96.38818";"9.125";"-59.93182";"-300.3693";"28.41931";"-70.74384"
"27711.02";"-96.18787";"9.158813";"-59.93182";"-300.3693";"28.62195";"-70.78302";"-96.18787";"9.158813";"-59.93182";"-300.3693";"28.62195";"-70.78302"
"27719.36";"-95.95013";"9.207275";"-59.93182";"-300.3693";"28.77368";"-70.79553";"-95.95013";"9.207275";"-59.93182";"-300.3693";"28.77368";"-70.79553"
"27727.7";"-95.71033";"9.230103";"-59.93182";"-300.3693";"28.96954";"-70.78381";"-95.71033";"9.230103";"-59.93182";"-300.3693";"28.96954";"-70.78381"
"27736.04";"-95.48151";"9.372864";"-59.93182";"-300.3693";"29.06702";"-70.7901";"-95.48151";"9.372864";"-59.93182";"-300.3693";"29.06702";"-70.7901"
"27744.38";"-95.34119";"9.470825";"-59.93182";"-300.3693";"29.23291";"-70.79651";"-95.34119";"9.470825";"-59.93182";"-300.3693";"29.23291";"-70.79651"
"27752.72";"-95.11346";"9.49231";"-59.93182";"-300.3693";"29.37335";"-70.79327";"-95.11346";"9.49231";"-59.93182";"-300.3693";"29.37335";"-70.79327"
"27761.07";"-94.81909";"9.544006";"-59.93182";"-300.3693";"29.53882";"-70.82037";"-94.81909";"9.544006";"-59.93182";"-300.3693";"29.53882";"-70.82037"
"27769.41";"-94.61804";"9.648376";"-59.93182";"-300.3693";"29.68146";"-70.83405";"-94.61804";"9.648376";"-59.93182";"-300.3693";"29.68146";"-70.83405"
"27777.75";"-94.36432";"9.757263";"-59.93182";"-300.3693";"29.91974";"-70.78943";"-94.36432";"9.757263";"-59.93182";"-300.3693";"29.91974";"-70.78943"
"27786.09";"-94.18689";"9.854187";"-59.93182";"-300.3693";"30.00873";"-70.81213";"-94.18689";"9.854187";"-59.93182";"-300.3693";"30.00873";"-70.81213"
"27794.43";"-93.98108";"9.871582";"-59.93182";"-300.3693";"30.24774";"-70.79932";"-93.98108";"9.871582";"-59.93182";"-300.3693";"30.24774";"-70.79932"
"27802.78";"-93.74377";"9.939575";"-59.93182";"-300.3693";"30.41321";"-70.79742";"-93.74377";"9.939575";"-59.93182";"-300.3693";"30.41321";"-70.79742"
"27811.12";"-93.53589";"9.979004";"-59.93182";"-300.3693";"30.49878";"-70.80737";"-93.53589";"9.979004";"-59.93182";"-300.3693";"30.49878";"-70.80737"
"27819.46";"-93.34766";"10.15619";"-59.93182";"-300.3693";"30.71545";"-70.84332";"-93.34766";"10.15619";"-59.93182";"-300.3693";"30.71545";"-70.84332"
"27827.8";"-93.15051";"10.15039";"-59.93182";"-300.3693";"30.81018";"-70.86755";"-93.15051";"10.15039";"-59.93182";"-300.3693";"30.81018";"-70.86755"
"27836.14";"-92.95367";"10.18695";"-59.93182";"-300.3693";"31.01123";"-70.86102";"-92.95367";"10.18695";"-59.93182";"-300.3693";"31.01123";"-70.86102"
"27844.48";"-92.70209";"10.21051";"-59.93182";"-300.3693";"31.10681";"-70.85266";"-92.70209";"10.21051";"-59.93182";"-300.3693";"31.10681";"-70.85266"
"27852.82";"-92.45416";"10.37506";"-59.93182";"-300.3693";"31.31171";"-70.88074";"-92.45416";"10.37506";"-59.93182";"-300.3693";"31.31171";"-70.88074"
"27861.17";"-92.24548";"10.40631";"-59.93182";"-300.3693";"31.46918";"-70.90741";"-92.24548";"10.40631";"-59.93182";"-300.3693";"31.46918";"-70.90741"
"27869.51";"-91.95062";"10.51007";"-59.93182";"-300.3693";"31.64874";"-70.93475";"-91.95062";"10.51007";"-59.93182";"-300.3693";"31.64874";"-70.93475"
"27877.85";"-91.79449";"10.49896";"-59.93182";"-300.3693";"31.87817";"-70.89679";"-91.79449";"10.49896";"-59.93182";"-300.3693";"31.87817";"-70.89679"
"27886.19";"-91.47266";"10.63892";"-59.93182";"-300.3693";"32.00482";"-70.91248";"-91.47266";"10.63892";"-59.93182";"-300.3693";"32.00482";"-70.91248"
"27894.53";"-91.24414";"10.68951";"-59.93182";"-300.3693";"32.12177";"-70.90112";"-91.24414";"10.68951";"-59.93182";"-300.3693";"32.12177";"-70.90112"
"27902.88";"-91.01654";"10.78864";"-59.93182";"-300.3693";"32.33459";"-70.85205";"-91.01654";"10.78864";"-59.93182";"-300.3693";"32.33459";"-70.85205"
"27911.22";"-90.78967";"10.79828";"-59.93182";"-300.3693";"32.50012";"-70.87921";"-90.78967";"10.79828";"-59.93182";"-300.3693";"32.50012";"-70.87921"
"27919.56";"-90.52069";"10.85321";"-59.93182";"-300.3693";"32.70154";"-70.79901";"-90.52069";"10.85321";"-59.93182";"-300.3693";"32.70154";"-70.79901"
"27927.9";"-90.3136";"10.97107";"-59.93182";"-300.3693";"32.88824";"-70.75824";"-90.3136";"10.97107";"-59.93182";"-300.3693";"32.88824";"-70.75824"
"27936.24";"-90.10583";"11.07001";"-59.93182";"-300.3693";"33.10309";"-70.8017";"-90.10583";"11.07001";"-59.93182";"-300.3693";"33.10309";"-70.8017"
"27944.58";"-89.89288";"11.09357";"-59.93182";"-300.3693";"33.1861";"-70.77887";"-89.89288";"11.09357";"-59.93182";"-300.3693";"33.1861";"-70.77887"
"27952.93";"-89.72876";"11.18353";"-59.93182";"-300.3693";"33.38513";"-70.72498";"-89.72876";"11.18353";"-59.93182";"-300.3693";"33.38513";"-70.72498"
"27961.27";"-89.4458";"11.28723";"-59.93182";"-300.3693";"33.57849";"-70.7359";"-89.4458";"11.28723";"-59.93182";"-300.3693";"33.57849";"-70.7359"
"27969.61";"-89.23889";"11.31775";"-59.93182";"-300.3693";"33.72845";"-70.60809";"-89.23889";"11.31775";"-59.93182";"-300.3693";"33.72845";"-70.60809"
"27977.95";"-89.04224";"11.35028";"-59.93182";"-300.3693";"33.97565";"-70.51892";"-89.04224";"11.35028";"-59.93182";"-300.3693";"33.97565";"-70.51892"
"27986.29";"-88.79987";"11.46796";"-59.93182";"-300.3693";"34.04352";"-70.63916";"-88.79987";"11.46796";"-59.93182";"-300.3693";"34.04352";"-70.63916"
"27994.63";"-88.46851";"11.55756";"-59.93182";"-300.3693";"34.28528";"-70.58087";"-88.46851";"11.55756";"-59.93182";"-300.3693";"34.28528";"-70.58087"
"28002.97";"-88.23846";"11.65356";"-59.93182";"-300.3693";"34.41241";"-70.64209";"-88.23846";"11.65356";"-59.93182";"-300.3693";"34.41241";"-70.64209"
"28011.32";"-88.02826";"11.65143";"-59.93182";"-300.3693";"34.11523";"-70.98254";"-88.02826";"11.65143";"-59.93182";"-300.3693";"34.11523";"-70.98254"
"28019.66";"-87.81696";"11.7215";"-59.93182";"-300.3693";"34.12555";"-71.93481";"-87.81696";"11.7215";"-59.93182";"-300.3693";"34.12555";"-71.93481"
"28028";"-87.54376";"11.76605";"-59.93182";"-300.3693";"34.38983";"-71.50513";"-87.54376";"11.76605";"-59.93182";"-300.3693";"34.38983";"-71.50513"
"28036.34";"-87.34497";"11.93677";"-59.93182";"-300.3693";"34.11743";"-71.99762";"-87.34497";"11.93677";"-59.93182";"-300.3693";"34.11743";"-71.99762"
"28044.68";"-87.11194";"11.93866";"-59.93182";"-300.3693";"34.24811";"-71.99011";"-87.11194";"11.93866";"-59.93182";"-300.3693";"34.24811";"-71.99011"
"28053.03";"-86.89124";"11.96429";"-59.93182";"-300.3693";"34.50861";"-72.0271";"-86.89124";"11.96429";"-59.93182";"-300.3693";"34.50861";"-72.0271"
"28061.37";"-86.65381";"12.00494";"-59.93182";"-300.3693";"34.56482";"-72.01965";"-86.65381";"12.00494";"-59.93182";"-300.3693";"34.56482";"-72.01965"
"28069.71";"-86.39691";"12.18433";"-59.93182";"-300.3693";"34.82196";"-71.95166";"-86.39691";"12.18433";"-59.93182";"-300.3693";"34.82196";"-71.95166"
"28078.05";"-86.1781";"12.19153";"-59.93182";"-300.3693";"35.01154";"-71.94373";"-86.1781";"12.19153";"-59.93182";"-300.3693";"35.01154";"-71.94373"
"28086.39";"-85.94476";"12.23682";"-59.93182";"-300.3693";"35.17249";"-71.92987";"-85.94476";"12.23682";"-59.93182";"-300.3693";"35.17249";"-71.92987"
"28094.73";"-85.70099";"12.26465";"-59.93182";"-300.3693";"35.38196";"-71.922";"-85.70099";"12.26465";"-59.93182";"-300.3693";"35.38196";"-71.922"
"28103.07";"-85.41571";"12.43695";"-59.93182";"-300.3693";"35.50238";"-71.98389";"-85.41571";"12.43695";"-59.93182";"-300.3693";"35.50238";"-71.98389"
"28111.42";"-85.22821";"12.45856";"-59.93182";"-300.3693";"35.6983";"-71.96307";"-85.22821";"12.45856";"-59.93182";"-300.3693";"35.6983";"-71.96307"
"28119.76";"-84.96722";"12.51807";"-59.93182";"-300.3693";"35.80298";"-71.96442";"-84.96722";"12.51807";"-59.93182";"-300.3693";"35.80298";"-71.96442"
"28128.1";"-84.75214";"12.54193";"-59.93182";"-300.3693";"36.03174";"-71.95172";"-84.75214";"12.54193";"-59.93182";"-300.3693";"36.03174";"-71.95172"
"28136.44";"-84.52008";"12.65607";"-59.93182";"-300.3693";"36.22101";"-71.95905";"-84.52008";"12.65607";"-59.93182";"-300.3693";"36.22101";"-71.95905"
"28144.78";"-84.26984";"12.755";"-59.93182";"-300.3693";"36.27881";"-71.95642";"-84.26984";"12.755";"-59.93182";"-300.3693";"36.27881";"-71.95642"
"28153.13";"-84.07318";"12.80878";"-59.93182";"-300.3693";"36.49048";"-71.95837";"-84.07318";"12.80878";"-59.93182";"-300.3693";"36.49048";"-71.95837"
"28161.47";"-83.85883";"12.83545";"-59.93182";"-300.3693";"36.70331";"-72.02625";"-83.85883";"12.83545";"-59.93182";"-300.3693";"36.70331";"-72.02625"
"28169.81";"-83.61182";"12.92859";"-59.93182";"-300.3693";"36.80701";"-72.02258";"-83.61182";"12.92859";"-59.93182";"-300.3693";"36.80701";"-72.02258"
"28178.15";"-83.3454";"13.04126";"-59.93182";"-300.3693";"37.04504";"-72.00305";"-83.3454";"13.04126";"-59.93182";"-300.3693";"37.04504";"-72.00305"
"28186.49";"-83.15265";"13.0614";"-59.93182";"-300.3693";"37.07257";"-72.00592";"-83.15265";"13.0614";"-59.93182";"-300.3693";"37.07257";"-72.00592"
"28194.83";"-82.92932";"13.10382";"-59.93182";"-300.3693";"37.34088";"-71.97559";"-82.92932";"13.10382";"-59.93182";"-300.3693";"37.34088";"-71.97559"
"28203.18";"-82.71967";"13.19318";"-59.93182";"-300.3693";"37.54156";"-72.03943";"-82.71967";"13.19318";"-59.93182";"-300.3693";"37.54156";"-72.03943"
"28211.52";"-82.43726";"13.29877";"-59.93182";"-300.3693";"37.633";"-72.01001";"-82.43726";"13.29877";"-59.93182";"-300.3693";"37.633";"-72.01001"
"28219.86";"-82.19794";"13.33044";"-59.93182";"-300.3693";"37.99219";"-71.953";"-82.19794";"13.33044";"-59.93182";"-300.3693";"37.99219";"-71.953"
"28228.2";"-81.9707";"13.36938";"-59.93182";"-300.3693";"38.03607";"-71.92627";"-81.9707";"13.36938";"-59.93182";"-300.3693";"38.03607";"-71.92627"
"28236.54";"-81.77594";"13.46594";"-59.93182";"-300.3693";"38.26892";"-71.88898";"-81.77594";"13.46594";"-59.93182";"-300.3693";"38.26892";"-71.88898"
"28244.88";"-81.42407";"13.56927";"-59.93182";"-300.3693";"38.51062";"-71.95215";"-81.42407";"13.56927";"-59.93182";"-300.3693";"38.51062";"-71.95215"
"28253.22";"-81.18988";"13.59027";"-59.93182";"-300.3693";"40.17273";"-72.41064";"-81.18988";"13.59027";"-59.93182";"-300.3693";"40.17273";"-72.41064"
"28261.57";"-80.94806";"13.66235";"-59.93182";"-300.3693";"39.9967";"-72.00171";"-80.94806";"13.66235";"-59.93182";"-300.3693";"39.9967";"-72.00171"
"28269.91";"-80.73608";"13.73724";"-59.93182";"-300.3693";"40.25092";"-71.99438";"-80.73608";"13.73724";"-59.93182";"-300.3693";"40.25092";"-71.99438"
"28278.25";"-80.44257";"13.82977";"-59.93182";"-300.3693";"40.49628";"-71.95251";"-80.44257";"13.82977";"-59.93182";"-300.3693";"40.49628";"-71.95251"
"28286.59";"-80.20123";"13.8988";"-59.93182";"-300.3693";"40.70721";"-72.0802";"-80.20123";"13.8988";"-59.93182";"-300.3693";"40.70721";"-72.0802"
"28294.93";"-79.96667";"13.94305";"-59.93182";"-300.3693";"40.7818";"-72.08936";"-79.96667";"13.94305";"-59.93182";"-300.3693";"40.7818";"-72.08936"
"28303.28";"-79.70227";"14.00507";"-59.93182";"-300.3693";"40.99054";"-72.05695";"-79.70227";"14.00507";"-59.93182";"-300.3693";"40.99054";"-72.05695"
"28311.62";"-79.47772";"14.11151";"-59.93182";"-300.3693";"41.19952";"-72.03656";"-79.47772";"14.11151";"-59.93182";"-300.3693";"41.19952";"-72.03656"
"28319.96";"-79.24194";"14.17773";"-59.93182";"-300.3693";"41.2887";"-72.01251";"-79.24194";"14.17773";"-59.93182";"-300.3693";"41.2887";"-72.01251"
"28328.3";"-79.02728";"14.20764";"-59.93182";"-300.3693";"41.55402";"-72.12158";"-79.02728";"14.20764";"-59.93182";"-300.3693";"41.55402";"-72.12158"
"28336.64";"-78.83527";"14.26465";"-59.93182";"-300.3693";"41.70624";"-72.10175";"-78.83527";"14.26465";"-59.93182";"-300.3693";"41.70624";"-72.10175"
"28344.98";"-78.55829";"14.29254";"-59.93182";"-300.3693";"41.93365";"-72.06152";"-78.55829";"14.29254";"-59.93182";"-300.3693";"41.93365";"-72.06152"
"28353.32";"-78.29077";"14.4444";"-59.93182";"-300.3693";"42.01611";"-72.06134";"-78.29077";"14.4444";"-59.93182";"-300.3693";"42.01611";"-72.06134"
"28361.67";"-78.07855";"14.47644";"-59.93182";"-300.3693";"42.24475";"-72.00323";"-78.07855";"14.47644";"-59.93182";"-300.3693";"42.24475";"-72.00323"
"28370.01";"-77.8147";"14.54791";"-59.93182";"-300.3693";"42.33258";"-71.98114";"-77.8147";"14.54791";"-59.93182";"-300.3693";"42.33258";"-71.98114"
"28378.35";"-77.54437";"14.63086";"-59.93182";"-300.3693";"42.56079";"-72.06348";"-77.54437";"14.63086";"-59.93182";"-300.3693";"42.56079";"-72.06348"
"28386.69";"-77.31476";"14.76294";"-59.93182";"-300.3693";"42.75049";"-72.03375";"-77.31476";"14.76294";"-59.93182";"-300.3693";"42.75049";"-72.03375"
"28395.03";"-77.10876";"14.79858";"-59.93182";"-300.3693";"42.92975";"-72.00537";"-77.10876";"14.79858";"-59.93182";"-300.3693";"42.92975";"-72.00537"
"28403.38";"-76.89404";"14.86926";"-59.93182";"-300.3693";"43.02869";"-72.01953";"-76.89404";"14.86926";"-59.93182";"-300.3693";"43.02869";"-72.01953"
"28411.72";"-76.64111";"14.90082";"-59.93182";"-300.3693";"43.27393";"-71.98126";"-76.64111";"14.90082";"-59.93182";"-300.3693";"43.27393";"-71.98126"
"28420.06";"-76.37445";"15.0127";"-59.93182";"-300.3693";"43.4624";"-71.95135";"-76.37445";"15.0127";"-59.93182";"-300.3693";"43.4624";"-71.95135"
"28428.4";"-76.16016";"15.03778";"-59.93182";"-300.3693";"43.55579";"-72.08344";"-76.16016";"15.03778";"-59.93182";"-300.3693";"43.55579";"-72.08344"
"28436.74";"-75.93945";"15.09137";"-59.93182";"-300.3693";"43.76898";"-72.05939";"-75.93945";"15.09137";"-59.93182";"-300.3693";"43.76898";"-72.05939"
"28445.08";"-75.70667";"15.09644";"-59.93182";"-300.3693";"44.099";"-73.30804";"-75.70667";"15.09644";"-59.93182";"-300.3693";"44.099";"-73.30804"
"28453.43";"-75.42639";"15.20941";"-59.93182";"-300.3693";"44.18854";"-72.00183";"-75.42639";"15.20941";"-59.93182";"-300.3693";"44.18854";"-72.00183"
"28461.77";"-75.22565";"15.2226";"-59.93182";"-300.3693";"44.08722";"-72.00043";"-75.22565";"15.2226";"-59.93182";"-300.3693";"44.08722";"-72.00043"
"28470.11";"-74.97693";"15.2514";"-59.93182";"-300.3693";"44.3916";"-71.91516";"-74.97693";"15.2514";"-59.93182";"-300.3693";"44.3916";"-71.91516"
"28478.45";"-74.7525";"15.2774";"-59.93182";"-300.3693";"44.54126";"-72.08252";"-74.7525";"15.2774";"-59.93182";"-300.3693";"44.54126";"-72.08252"
"28486.79";"-74.45148";"15.34534";"-59.93182";"-300.3693";"44.8194";"-72.0166";"-74.45148";"15.34534";"-59.93182";"-300.3693";"44.8194";"-72.0166"
"28495.13";"-74.21277";"15.35535";"-59.93182";"-300.3693";"44.96149";"-71.94708";"-74.21277";"15.35535";"-59.93182";"-300.3693";"44.96149";"-71.94708"
"28503.47";"-74.00269";"15.41034";"-59.93182";"-300.3693";"45.18976";"-71.92517";"-74.00269";"15.41034";"-59.93182";"-300.3693";"45.18976";"-71.92517"
"28511.82";"-73.77838";"15.4472";"-59.93182";"-300.3693";"45.29468";"-71.88672";"-73.77838";"15.4472";"-59.93182";"-300.3693";"45.29468";"-71.88672"
"28520.16";"-73.42737";"15.5625";"-59.93182";"-300.3693";"45.5979";"-72.04956";"-73.42737";"15.5625";"-59.93182";"-300.3693";"45.5979";"-72.04956"
"28528.5";"-73.20898";"15.5672";"-59.93182";"-300.3693";"45.44055";"-72.96686";"-73.20898";"15.5672";"-59.93182";"-300.3693";"45.44055";"-72.96686"
"28536.84";"-72.96863";"15.62885";"-59.93182";"-300.3693";"45.18658";"-72.97113";"-72.96863";"15.62885";"-59.93182";"-300.3693";"45.18658";"-72.97113"
"28545.18";"-72.74713";"15.65045";"-59.93182";"-300.3693";"45.422";"-72.91602";"-72.74713";"15.65045";"-59.93182";"-300.3693";"45.422";"-72.91602"
"28553.53";"-72.48083";"15.76953";"-59.93182";"-300.3693";"45.68665";"-73.06195";"-72.48083";"15.76953";"-59.93182";"-300.3693";"45.68665";"-73.06195"
"28561.87";"-72.28925";"15.83118";"-59.93182";"-300.3693";"45.88849";"-73.02826";"-72.28925";"15.83118";"-59.93182";"-300.3693";"45.88849";"-73.02826"
"28570.21";"-72.07153";"15.85504";"-59.93182";"-300.3693";"45.97717";"-73.00983";"-72.07153";"15.85504";"-59.93182";"-300.3693";"45.97717";"-73.00983"
"28578.55";"-71.83514";"15.86279";"-59.93182";"-300.3693";"46.18585";"-72.95819";"-71.83514";"15.86279";"-59.93182";"-300.3693";"46.18585";"-72.95819"
"28586.89";"-71.60693";"15.91718";"-59.93182";"-300.3693";"46.35645";"-72.92584";"-71.60693";"15.91718";"-59.93182";"-300.3693";"46.35645";"-72.92584"
"28595.23";"-71.34521";"15.96613";"-59.93182";"-300.3693";"46.50854";"-73.07977";"-71.34521";"15.96613";"-59.93182";"-300.3693";"46.50854";"-73.07977"
"28603.57";"-71.1156";"16.01141";"-59.93182";"-300.3693";"46.82117";"-73.03949";"-71.1156";"16.01141";"-59.93182";"-300.3693";"46.82117";"-73.03949"
"28611.92";"-70.90057";"16.02216";"-59.93182";"-300.3693";"46.87781";"-73.00305";"-70.90057";"16.02216";"-59.93182";"-300.3693";"46.87781";"-73.00305"
"28620.26";"-70.61401";"16.07721";"-59.93182";"-300.3693";"47.13715";"-72.96442";"-70.61401";"16.07721";"-59.93182";"-300.3693";"47.13715";"-72.96442"
"28628.6";"-70.37872";"16.12531";"-59.93182";"-300.3693";"47.3764";"-72.93329";"-70.37872";"16.12531";"-59.93182";"-300.3693";"47.3764";"-72.93329"
"28636.94";"-70.16309";"16.15906";"-59.93182";"-300.3693";"48.41693";"-73.6792";"-70.16309";"16.15906";"-59.93182";"-300.3693";"48.41693";"-73.6792"
"28645.28";"-69.93628";"16.1897";"-59.93182";"-300.3693";"48.07703";"-73.97406";"-69.93628";"16.1897";"-59.93182";"-300.3693";"48.07703";"-73.97406"
"28653.63";"-69.66711";"16.25177";"-59.93182";"-300.3693";"48.41595";"-73.89624";"-69.66711";"16.25177";"-59.93182";"-300.3693";"48.41595";"-73.89624"
"28661.97";"-69.40106";"16.31012";"-59.93182";"-300.3693";"48.50848";"-74.08643";"-69.40106";"16.31012";"-59.93182";"-300.3693";"48.50848";"-74.08643"
"28670.31";"-69.19128";"16.35242";"-59.93182";"-300.3693";"48.76239";"-74.06757";"-69.19128";"16.35242";"-59.93182";"-300.3693";"48.76239";"-74.06757"
"28678.65";"-68.97235";"16.37518";"-59.93182";"-300.3693";"48.96075";"-73.98694";"-68.97235";"16.37518";"-59.93182";"-300.3693";"48.96075";"-73.98694"
"28686.99";"-68.70294";"16.40057";"-59.93182";"-300.3693";"49.18488";"-73.97467";"-68.70294";"16.40057";"-59.93182";"-300.3693";"49.18488";"-73.97467"
"28695.33";"-68.42267";"16.47644";"-59.93182";"-300.3693";"49.3385";"-73.94818";"-68.42267";"16.47644";"-59.93182";"-300.3693";"49.3385";"-73.94818"
"28703.68";"-68.13593";"16.54596";"-59.93182";"-300.3693";"49.49963";"-73.93066";"-68.13593";"16.54596";"-59.93182";"-300.3693";"49.49963";"-73.93066"
"28712.02";"-67.92651";"16.57489";"-59.93182";"-300.3693";"49.79327";"-74.07861";"-67.92651";"16.57489";"-59.93182";"-300.3693";"49.79327";"-74.07861"
"28720.36";"-67.68817";"16.66284";"-59.93182";"-300.3693";"49.99591";"-74.05817";"-67.68817";"16.66284";"-59.93182";"-300.3693";"49.99591";"-74.05817"
"28728.7";"-67.4212";"16.71521";"-59.93182";"-300.3693";"50.06635";"-74.04449";"-67.4212";"16.71521";"-59.93182";"-300.3693";"50.06635";"-74.04449"
"28737.04";"-67.21014";"16.74261";"-59.93182";"-300.3693";"50.31934";"-73.98401";"-67.21014";"16.74261";"-59.93182";"-300.3693";"50.31934";"-73.98401"
"28745.38";"-67.14539";"16.7677";"-59.93182";"-300.3693";"50.38434";"-73.97632";"-67.14539";"16.7677";"-59.93182";"-300.3693";"50.38434";"-73.97632"
