Time;Angle 1.o/0/X;Angle 1.o/0/Y;Angle 1.a/0/X;Angle 1.a/0/Y;Angle 1.b/0/X;Angle 1.b/0/Y;Angle 1/o/X;Angle 1/o/Y;Angle 1/a/X;Angle 1/a/Y;Angle 1/b/X;Angle 1/b/Y
-8.341666;-267.5132;-92.76025;38.70679;-294.4807;-131.8198;-40.77045;-267.5132;-92.76025;38.70679;-294.4807;-131.8198;-40.77045
0;-267.9885;-93.00592;39.15094;-294.1059;-132.045;-41.01154;-267.9885;-93.00592;39.15094;-294.1059;-132.045;-41.01154
8.341666;-267.9895;-93.00226;39.18219;-294.0569;-131.9793;-41.03375;-267.9895;-93.00226;39.18219;-294.0569;-131.9793;-41.03375
16.68333;-267.9467;-93.22455;38.94556;-294.0819;-131.8292;-41.05615;-267.9467;-93.22455;38.94556;-294.0819;-131.8292;-41.05615
25.025;-267.9482;-93.22839;38.94598;-294.0747;-131.7927;-41.06622;-267.9482;-93.22839;38.94598;-294.0747;-131.7927;-41.06622
33.36666;-267.9433;-93.22998;38.97449;-294.1061;-131.6375;-41.09796;-267.9433;-93.22998;38.97449;-294.1061;-131.6375;-41.09796
41.70833;-267.9142;-93.46967;39.04889;-294.1155;-131.5724;-41.12927;-267.9142;-93.46967;39.04889;-294.1155;-131.5724;-41.12927
50.05;-267.8615;-93.39801;39.07458;-294.0341;-131.4116;-41.06921;-267.8615;-93.39801;39.07458;-294.0341;-131.4116;-41.06921
58.39167;-267.8671;-93.49023;39.10187;-293.9403;-131.3732;-41.08984;-267.8671;-93.49023;39.10187;-293.9403;-131.3732;-41.08984
66.73333;-267.8566;-93.76563;39.1687;-294.0153;-131.287;-41.16064;-267.8566;-93.76563;39.1687;-294.0153;-131.287;-41.16064
75.075;-267.8456;-93.77344;38.82983;-294.1658;-131.1606;-41.19507;-267.8456;-93.77344;38.82983;-294.1658;-131.1606;-41.19507
83.41666;-267.8138;-93.92926;38.98749;-293.9027;-131.0489;-41.22797;-267.8138;-93.92926;38.98749;-293.9027;-131.0489;-41.22797
91.75833;-267.811;-93.93256;38.94196;-293.9162;-130.9259;-41.29974;-267.811;-93.93256;38.94196;-293.9162;-130.9259;-41.29974
100.1;-267.8619;-94.2052;39.11969;-293.9873;-130.8692;-41.3205;-267.8619;-94.2052;39.11969;-293.9873;-130.8692;-41.3205
108.4417;-267.9427;-94.20105;39.01282;-294.0756;-130.8273;-41.34668;-267.9427;-94.20105;39.01282;-294.0756;-130.8273;-41.34668
116.7833;-267.9063;-94.23163;38.95801;-293.998;-130.7073;-41.3764;-267.9063;-94.23163;38.95801;-293.998;-130.7073;-41.3764
125.125;-267.8791;-94.29315;39.03741;-294.0276;-130.5638;-41.44257;-267.8791;-94.29315;39.03741;-294.0276;-130.5638;-41.44257
133.4667;-268.1422;-94.59094;39.10498;-294.0289;-130.4485;-41.30328;-268.1422;-94.59094;39.10498;-294.0289;-130.4485;-41.30328
141.8083;-268.1597;-94.56421;39.04144;-294.0067;-130.889;-41.54657;-268.1597;-94.56421;39.04144;-294.0067;-130.889;-41.54657
150.15;-268.176;-94.63751;38.92456;-294.0286;-130.7716;-41.59058;-268.176;-94.63751;38.92456;-294.0286;-130.7716;-41.59058
158.4917;-268.1631;-94.6665;38.93152;-294.0467;-130.7438;-41.6192;-268.1631;-94.6665;38.93152;-294.0467;-130.7438;-41.6192
166.8333;-268.1636;-94.91199;38.87042;-293.9533;-130.5604;-41.68872;-268.1636;-94.91199;38.87042;-293.9533;-130.5604;-41.68872
175.175;-268.2183;-94.9278;38.7486;-294.0062;-130.5058;-41.69159;-268.2183;-94.9278;38.7486;-294.0062;-130.5058;-41.69159
183.5167;-268.1145;-96.35797;38.8222;-293.9086;-130.3749;-41.6062;-268.1145;-96.35797;38.8222;-293.9086;-130.3749;-41.6062
191.8583;-267.9541;-96.04639;38.88904;-294.115;-130.3697;-41.61951;-267.9541;-96.04639;38.88904;-294.115;-130.3697;-41.61951
200.2;-267.9401;-96.15271;38.80804;-293.9359;-130.3102;-41.65802;-267.9401;-96.15271;38.80804;-293.9359;-130.3102;-41.65802
208.5417;-267.2976;-96.80902;38.82013;-293.9274;-130.1782;-41.70441;-267.2976;-96.80902;38.82013;-293.9274;-130.1782;-41.70441
216.8833;-266.9521;-97.10297;38.81268;-293.9473;-130.0808;-41.71185;-266.9521;-97.10297;38.81268;-293.9473;-130.0808;-41.71185
225.225;-266.9323;-97.20886;39.11993;-293.9863;-130.0425;-41.75629;-266.9323;-97.20886;39.11993;-293.9863;-130.0425;-41.75629
233.5667;-266.8293;-97.1803;38.82275;-293.9295;-129.9407;-41.78937;-266.8293;-97.1803;38.82275;-293.9295;-129.9407;-41.78937
241.9083;-266.8287;-97.22461;38.70807;-293.89;-129.884;-41.81232;-266.8287;-97.22461;38.70807;-293.89;-129.884;-41.81232
250.25;-266.802;-97.17584;39.08331;-294.0153;-129.6341;-41.86505;-266.802;-97.17584;39.08331;-294.0153;-129.6341;-41.86505
258.5917;-266.8138;-97.2865;39.22711;-294.0334;-129.5787;-41.87695;-266.8138;-97.2865;39.22711;-294.0334;-129.5787;-41.87695
266.9333;-266.7219;-97.33875;38.39429;-293.9424;-129.5179;-41.88306;-266.7219;-97.33875;38.39429;-293.9424;-129.5179;-41.88306
275.275;-266.7045;-95.79016;37.98218;-294.0012;-129.4616;-41.8205;-266.7045;-95.79016;37.98218;-294.0012;-129.4616;-41.8205
283.6167;-266.9258;-96.0437;38.0058;-293.9254;-129.2962;-41.86652;-266.9258;-96.0437;38.0058;-293.9254;-129.2962;-41.86652
291.9583;-266.9203;-96.02887;38.00537;-293.9393;-129.239;-41.90131;-266.9203;-96.02887;38.00537;-293.9393;-129.239;-41.90131
300.3;-266.9;-96.07281;37.99329;-293.9567;-129.0827;-41.92749;-266.9;-96.07281;37.99329;-293.9567;-129.0827;-41.92749
308.6417;-266.8766;-96.05444;38.15259;-293.9896;-129.0404;-41.96326;-266.8766;-96.05444;38.15259;-293.9896;-129.0404;-41.96326
316.9833;-266.8521;-96.06537;38.04517;-293.9741;-128.9739;-42.0097;-266.8521;-96.06537;38.04517;-293.9741;-128.9739;-42.0097
325.325;-266.8243;-96.07294;37.94598;-294.0295;-128.9297;-42.04523;-266.8243;-96.07294;37.94598;-294.0295;-128.9297;-42.04523
333.6667;-266.8268;-96.10632;38.01312;-293.9886;-128.7456;-42.10101;-266.8268;-96.10632;38.01312;-293.9886;-128.7456;-42.10101
342.0083;-266.8135;-96.14392;38.00214;-293.9801;-128.6702;-42.14929;-266.8135;-96.14392;38.00214;-293.9801;-128.6702;-42.14929
350.35;-266.7678;-96.16925;38.28461;-293.892;-128.5822;-42.21631;-266.7678;-96.16925;38.28461;-293.892;-128.5822;-42.21631
358.6917;-266.5071;-96.18909;38.01172;-293.9362;-128.2626;-42.14166;-266.5071;-96.18909;38.01172;-293.9362;-128.2626;-42.14166
367.0333;-266.0033;-96.04401;38.31677;-293.7961;-127.7654;-42.16547;-266.0033;-96.04401;38.31677;-293.7961;-127.7654;-42.16547
375.375;-265.9742;-96.23279;38.2771;-293.8636;-127.6836;-42.36115;-265.9742;-96.23279;38.2771;-293.8636;-127.6836;-42.36115
383.7167;-266.1555;-96.35785;38.16089;-294.157;-128.0407;-42.60205;-266.1555;-96.35785;38.16089;-294.157;-128.0407;-42.60205
392.0583;-266.4326;-96.36182;37.67993;-293.8311;-128.2134;-42.63068;-266.4326;-96.36182;37.67993;-293.8311;-128.2134;-42.63068
400.4;-266.6321;-96.44806;37.44916;-293.5909;-128.4117;-42.54865;-266.6321;-96.44806;37.44916;-293.5909;-128.4117;-42.54865
408.7417;-266.4602;-96.16681;37.45416;-293.6514;-128.1169;-42.56866;-266.4602;-96.16681;37.45416;-293.6514;-128.1169;-42.56866
417.0833;-266.1353;-96.16083;37.92426;-293.529;-127.8151;-42.56012;-266.1353;-96.16083;37.92426;-293.529;-127.8151;-42.56012
425.425;-266.4346;-96.11011;37.53198;-294.2178;-128.0521;-42.53943;-266.4346;-96.11011;37.53198;-294.2178;-128.0521;-42.53943
433.7667;-266.7786;-96.29578;37.23248;-293.9232;-128.2382;-42.5791;-266.7786;-96.29578;37.23248;-293.9232;-128.2382;-42.5791
442.1083;-266.6741;-96.43457;37.2489;-293.9139;-128.0353;-42.75806;-266.6741;-96.43457;37.2489;-293.9139;-128.0353;-42.75806
450.45;-266.7067;-96.15332;37.27087;-293.9131;-127.5925;-42.78839;-266.7067;-96.15332;37.27087;-293.9131;-127.5925;-42.78839
458.7917;-266.4238;-95.99402;37.79041;-294.1131;-127.2712;-42.72504;-266.4238;-95.99402;37.79041;-294.1131;-127.2712;-42.72504
467.1333;-266.2462;-96.04266;37.97864;-294.0199;-127.1073;-42.73022;-266.2462;-96.04266;37.97864;-294.0199;-127.1073;-42.73022
475.475;-266.496;-96.09766;37.86639;-294.1575;-127.2029;-42.77533;-266.496;-96.09766;37.86639;-294.1575;-127.2029;-42.77533
483.8167;-266.5812;-96.09497;37.85736;-293.9402;-127.2078;-42.81586;-266.5812;-96.09497;37.85736;-293.9402;-127.2078;-42.81586
492.1583;-266.4839;-96.07013;37.53601;-294.0463;-127.1208;-42.83777;-266.4839;-96.07013;37.53601;-294.0463;-127.1208;-42.83777
500.5;-266.3225;-96.06702;38.13177;-293.9716;-126.9307;-42.85632;-266.3225;-96.06702;38.13177;-293.9716;-126.9307;-42.85632
508.8417;-266.3823;-96.09412;37.96643;-294.0069;-126.9129;-42.87512;-266.3823;-96.09412;37.96643;-294.0069;-126.9129;-42.87512
517.1833;-266.5719;-96.1665;37.74054;-294.103;-126.9469;-42.99316;-266.5719;-96.1665;37.74054;-294.103;-126.9469;-42.99316
525.525;-266.6179;-96.24286;37.9679;-294.0894;-126.9532;-43.03143;-266.6179;-96.24286;37.9679;-294.0894;-126.9532;-43.03143
533.8666;-266.5626;-96.23212;37.97388;-293.9673;-126.864;-43.05688;-266.5626;-96.23212;37.97388;-293.9673;-126.864;-43.05688
542.2083;-266.3169;-96.22449;38.01245;-294.0215;-126.5722;-43.09204;-266.3169;-96.22449;38.01245;-294.0215;-126.5722;-43.09204
550.55;-266.3538;-96.14197;37.8598;-294.0531;-126.5891;-43.11572;-266.3538;-96.14197;37.8598;-294.0531;-126.5891;-43.11572
558.8917;-266.4723;-96.19861;37.78723;-294.0761;-126.5693;-43.19464;-266.4723;-96.19861;37.78723;-294.0761;-126.5693;-43.19464
567.2333;-266.5868;-96.25317;37.85632;-294.1933;-126.5551;-43.27374;-266.5868;-96.25317;37.85632;-294.1933;-126.5551;-43.27374
575.575;-264.783;-96.13507;37.85431;-294.1145;-126.4088;-43.17413;-264.783;-96.13507;37.85431;-294.1145;-126.4088;-43.17413
583.9167;-264.8828;-95.91077;37.83789;-294.1193;-125.7363;-43.03864;-264.8828;-95.91077;37.83789;-294.1193;-125.7363;-43.03864
592.2584;-264.8096;-95.99548;37.98596;-293.989;-125.7112;-43.05328;-264.8096;-95.99548;37.98596;-293.989;-125.7112;-43.05328
600.6;-264.8425;-95.98395;37.94537;-294.0754;-125.5799;-43.18799;-264.8425;-95.98395;37.94537;-294.0754;-125.5799;-43.18799
608.9417;-264.9075;-95.99597;37.88373;-294.0935;-125.6032;-43.20587;-264.9075;-95.99597;37.88373;-294.0935;-125.6032;-43.20587
617.2833;-264.89;-95.97266;38.06049;-294.073;-125.5347;-43.20563;-264.89;-95.97266;38.06049;-294.073;-125.5347;-43.20563
625.625;-264.8474;-95.94208;38.04456;-294.1202;-125.3348;-43.13708;-264.8474;-95.94208;38.04456;-294.1202;-125.3348;-43.13708
633.9667;-264.8342;-95.85736;38.0296;-294.0958;-125.2584;-43.13953;-264.8342;-95.85736;38.0296;-294.0958;-125.2584;-43.13953
642.3083;-264.8326;-95.85608;37.84991;-293.9818;-125.2451;-43.15161;-264.8326;-95.85608;37.84991;-293.9818;-125.2451;-43.15161
650.65;-264.8089;-95.90179;37.88727;-294.0152;-125.0927;-43.22498;-264.8089;-95.90179;37.88727;-294.0152;-125.0927;-43.22498
658.9916;-264.6682;-95.88879;37.94312;-293.9321;-124.8395;-43.28796;-264.6682;-95.88879;37.94312;-293.9321;-124.8395;-43.28796
667.3333;-264.4011;-95.89337;38.39948;-293.9755;-124.5416;-43.35999;-264.4011;-95.89337;38.39948;-293.9755;-124.5416;-43.35999
675.675;-264.1334;-95.84875;38.43842;-293.9645;-124.0655;-43.33276;-264.1334;-95.84875;38.43842;-293.9645;-124.0655;-43.33276
684.0167;-263.8742;-95.87732;38.77435;-293.9054;-123.8247;-43.43628;-263.8742;-95.87732;38.77435;-293.9054;-123.8247;-43.43628
692.3583;-263.5829;-95.89697;38.8562;-293.8448;-123.88;-43.55188;-263.5829;-95.89697;38.8562;-293.8448;-123.88;-43.55188
700.7;-263.1573;-95.95331;39.8382;-293.9984;-123.3707;-43.66357;-263.1573;-95.95331;39.8382;-293.9984;-123.3707;-43.66357
709.0417;-262.9456;-96.0387;39.98163;-293.9965;-123.0457;-43.77435;-262.9456;-96.0387;39.98163;-293.9965;-123.0457;-43.77435
717.3834;-262.7655;-96.19781;40.10895;-293.9387;-122.7885;-43.93463;-262.7655;-96.19781;40.10895;-293.9387;-122.7885;-43.93463
725.725;-262.7648;-96.1861;40.09937;-293.9651;-122.7191;-43.9826;-262.7648;-96.1861;40.09937;-293.9651;-122.7191;-43.9826
734.0667;-262.9776;-96.31195;40.08545;-294.0021;-122.7393;-44.1272;-262.9776;-96.31195;40.08545;-294.0021;-122.7393;-44.1272
742.4083;-263.319;-96.27533;39.44379;-294.0303;-122.9872;-44.12402;-263.319;-96.27533;39.44379;-294.0303;-122.9872;-44.12402
750.75;-263.7523;-96.20032;39.38556;-293.8765;-123.3785;-44.05328;-263.7523;-96.20032;39.38556;-293.8765;-123.3785;-44.05328
759.0917;-263.991;-95.90912;38.71765;-293.9533;-123.5863;-43.92639;-263.991;-95.90912;38.71765;-293.9533;-123.5863;-43.92639
767.4333;-264.1077;-95.89862;38.46204;-293.8283;-123.6453;-43.91998;-264.1077;-95.89862;38.46204;-293.8283;-123.6453;-43.91998
775.775;-264.1978;-95.87878;37.98712;-294.012;-123.6714;-43.93616;-264.1978;-95.87878;37.98712;-294.012;-123.6714;-43.93616
784.1166;-264.5145;-95.99292;37.95056;-294.1199;-123.9186;-43.94037;-264.5145;-95.99292;37.95056;-294.1199;-123.9186;-43.94037
792.4583;-264.6078;-96.00806;37.9978;-294.2271;-123.9205;-44.01886;-264.6078;-96.00806;37.9978;-294.2271;-123.9205;-44.01886
800.8;-264.4922;-96.16748;37.70361;-294.2884;-123.5919;-44.20856;-264.4922;-96.16748;37.70361;-294.2884;-123.5919;-44.20856
809.1417;-264.2103;-96.24908;37.73132;-294.2879;-123.1978;-44.3631;-264.2103;-96.24908;37.73132;-294.2879;-123.1978;-44.3631
817.4833;-264.1078;-96.31567;38.14124;-294.402;-123.002;-44.45245;-264.1078;-96.31567;38.14124;-294.402;-123.002;-44.45245
825.825;-264.1066;-96.31427;37.87494;-293.909;-122.9828;-44.48096;-264.1066;-96.31427;37.87494;-293.909;-122.9828;-44.48096
834.1667;-264.1246;-96.31506;37.82947;-293.8914;-122.9605;-44.49561;-264.1246;-96.31506;37.82947;-293.8914;-122.9605;-44.49561
842.5084;-264.0953;-96.24585;37.75842;-294.0068;-122.938;-44.49426;-264.0953;-96.24585;37.75842;-294.0068;-122.938;-44.49426
850.85;-264.0112;-96.08252;37.81494;-293.9807;-122.732;-44.42682;-264.0112;-96.08252;37.81494;-293.9807;-122.732;-44.42682
859.1917;-264.0824;-96.06702;37.83002;-293.8069;-122.7361;-44.41193;-264.0824;-96.06702;37.83002;-293.8069;-122.7361;-44.41193
867.5333;-264.285;-96.05566;37.82111;-293.9711;-122.794;-44.44128;-264.285;-96.05566;37.82111;-293.9711;-122.794;-44.44128
875.875;-264.5345;-96.26941;37.80707;-294.0941;-123.256;-44.65613;-264.5345;-96.26941;37.80707;-294.0941;-123.256;-44.65613
884.2167;-264.5556;-96.27484;37.84167;-294.0859;-123.2399;-44.67755;-264.5556;-96.27484;37.84167;-294.0859;-123.2399;-44.67755
892.5583;-264.5522;-96.27307;37.84845;-294.0958;-122.8712;-42.48328;-264.5522;-96.27307;37.84845;-294.0958;-122.8712;-42.48328
900.9;-264.8469;-95.98322;38.07977;-294.1172;-123.968;-43.35358;-264.8469;-95.98322;38.07977;-294.1172;-123.968;-43.35358
909.2416;-264.7961;-95.97278;38.17389;-293.9644;-123.9957;-43.05096;-264.7961;-95.97278;38.17389;-293.9644;-123.9957;-43.05096
917.5833;-264.7498;-95.91943;38.17145;-293.5635;-123.8024;-43.03937;-264.7498;-95.91943;38.17145;-293.5635;-123.8024;-43.03937
925.925;-264.571;-95.9118;37.95337;-294.122;-123.6906;-43.00739;-264.571;-95.9118;37.95337;-294.122;-123.6906;-43.00739
934.2667;-264.4169;-95.76892;37.97211;-294.017;-123.462;-42.95483;-264.4169;-95.76892;37.97211;-294.017;-123.462;-42.95483
942.6083;-264.3328;-95.75891;38.08917;-294.0344;-123.2446;-42.96869;-264.3328;-95.75891;38.08917;-294.0344;-123.2446;-42.96869
950.95;-264.2261;-95.7431;38.27832;-294.0969;-123.008;-42.9939;-264.2261;-95.7431;38.27832;-294.0969;-123.008;-42.9939
959.2917;-264.2279;-95.78375;37.99707;-294.3683;-123.0082;-42.99396;-264.2279;-95.78375;37.99707;-294.3683;-123.0082;-42.99396
967.6334;-264.2348;-95.84174;37.97333;-294.2197;-122.8882;-43.20306;-264.2348;-95.84174;37.97333;-294.2197;-122.8882;-43.20306
975.975;-263.2629;-96.7962;37.97748;-294.0634;-122.6359;-43.2251;-263.2629;-96.7962;37.97748;-294.0634;-122.6359;-43.2251
984.3167;-262.97;-97.04108;37.90411;-294.2526;-122.6003;-43.2229;-262.97;-97.04108;37.90411;-294.2526;-122.6003;-43.2229
992.6583;-262.9484;-96.97595;37.99219;-294.2625;-122.5829;-43.22876;-262.9484;-96.97595;37.99219;-294.2625;-122.5829;-43.22876
1001;-262.8989;-96.8847;37.80719;-294.2271;-122.3401;-43.16461;-262.8989;-96.8847;37.80719;-294.2271;-122.3401;-43.16461
1009.342;-262.8762;-96.84149;37.98798;-293.8463;-122.3308;-43.16339;-262.8762;-96.84149;37.98798;-293.8463;-122.3308;-43.16339
1017.683;-262.8451;-96.83087;38.48779;-294.0272;-122.2787;-43.17035;-262.8451;-96.83087;38.48779;-294.0272;-122.2787;-43.17035
1026.025;-262.8685;-96.8244;38.26404;-294.0695;-122.2787;-43.16992;-262.8685;-96.8244;38.26404;-294.0695;-122.2787;-43.16992
1034.367;-262.8915;-96.82886;37.38971;-293.9282;-122.0816;-43.21161;-262.8915;-96.82886;37.38971;-293.9282;-122.0816;-43.21161
1042.708;-262.9097;-96.83557;37.26923;-293.8143;-122.0841;-43.25519;-262.9097;-96.83557;37.26923;-293.8143;-122.0841;-43.25519
1051.05;-262.8245;-96.84943;36.83112;-294.0919;-121.9717;-43.46198;-262.8245;-96.84943;36.83112;-294.0919;-121.9717;-43.46198
1059.392;-262.762;-96.85168;37.00018;-293.9854;-121.7206;-43.48859;-262.762;-96.85168;37.00018;-293.9854;-121.7206;-43.48859
1067.733;-262.6871;-96.85461;36.99567;-293.8289;-122.047;-43.52203;-262.6871;-96.85461;36.99567;-293.8289;-122.047;-43.52203
1076.075;-262.674;-96.83514;37.05438;-293.9702;-121.8543;-43.54504;-262.674;-96.83514;37.05438;-293.9702;-121.8543;-43.54504
1084.417;-262.6898;-96.78809;36.9624;-293.9675;-121.8004;-43.58551;-262.6898;-96.78809;36.9624;-293.9675;-121.8004;-43.58551
1092.758;-262.642;-96.74597;37.07251;-293.8388;-121.7958;-43.58429;-262.642;-96.74597;37.07251;-293.8388;-121.7958;-43.58429
1101.1;-262.5923;-96.72333;37.06653;-293.8128;-121.5241;-43.61572;-262.5923;-96.72333;37.06653;-293.8128;-121.5241;-43.61572
1109.442;-262.572;-96.71863;36.79083;-293.8278;-121.5241;-43.61566;-262.572;-96.71863;36.79083;-293.8278;-121.5241;-43.61566
1117.783;-262.5214;-96.77502;36.89972;-293.9371;-121.3821;-43.76428;-262.5214;-96.77502;36.89972;-293.9371;-121.3821;-43.76428
1126.125;-262.4727;-96.72327;36.9032;-293.9736;-121.1552;-43.78223;-262.4727;-96.72327;36.9032;-293.9736;-121.1552;-43.78223
1134.467;-262.2901;-96.71344;37.01569;-293.9976;-120.9465;-43.7984;-262.2901;-96.71344;37.01569;-293.9976;-120.9465;-43.7984
1142.808;-262.2093;-96.73065;36.98676;-293.9744;-120.9131;-43.85052;-262.2093;-96.73065;36.98676;-293.9744;-120.9131;-43.85052
1151.15;-262.0565;-96.70691;37.23395;-293.9662;-120.6602;-43.84467;-262.0565;-96.70691;37.23395;-293.9662;-120.6602;-43.84467
1159.492;-262.0268;-96.66846;36.66925;-293.9733;-120.5559;-43.87463;-262.0268;-96.66846;36.66925;-293.9733;-120.5559;-43.87463
1167.833;-260.5728;-96.63873;36.99274;-293.846;-120.3845;-43.8493;-260.5728;-96.63873;36.99274;-293.846;-120.3845;-43.8493
1176.175;-260.9209;-97.03748;37.03937;-293.8737;-120.2011;-43.87341;-260.9209;-97.03748;37.03937;-293.8737;-120.2011;-43.87341
1184.517;-260.8098;-97.05316;37.04059;-293.9407;-120.1467;-43.92236;-260.8098;-97.05316;37.04059;-293.9407;-120.1467;-43.92236
1192.858;-260.7784;-97.06781;37.07599;-294.0364;-119.3031;-43.47174;-260.7784;-97.06781;37.07599;-294.0364;-119.3031;-43.47174
1201.2;-260.6706;-97.06909;37.07867;-294.0908;-118.8151;-43.04614;-260.6706;-97.06909;37.07867;-294.0908;-118.8151;-43.04614
1209.542;-260.6359;-97.09821;37.0835;-294.0128;-118.7636;-43.08289;-260.6359;-97.09821;37.0835;-294.0128;-118.7636;-43.08289
1217.883;-260.6095;-97.11566;36.92542;-294.0945;-118.5812;-43.12042;-260.6095;-97.11566;36.92542;-294.0945;-118.5812;-43.12042
1226.225;-260.5471;-97.12512;36.90503;-294.1417;-118.5767;-43.15112;-260.5471;-97.12512;36.90503;-294.1417;-118.5767;-43.15112
1234.567;-260.4667;-97.0011;36.94464;-294.039;-118.5298;-43.13153;-260.4667;-97.0011;36.94464;-294.039;-118.5298;-43.13153
1242.908;-260.4433;-96.987;36.73145;-293.8434;-118.4258;-43.08685;-260.4433;-96.987;36.73145;-293.8434;-118.4258;-43.08685
1251.25;-260.3842;-96.94653;36.56049;-293.9464;-118.292;-43.08948;-260.3842;-96.94653;36.56049;-293.9464;-118.292;-43.08948
1259.592;-260.3184;-96.95093;36.56586;-293.7954;-118.197;-43.09131;-260.3184;-96.95093;36.56586;-293.7954;-118.197;-43.09131
1267.933;-260.1671;-96.93549;36.66748;-293.9413;-118.0519;-43.10559;-260.1671;-96.93549;36.66748;-293.9413;-118.0519;-43.10559
1276.275;-260.1243;-96.9671;36.88971;-293.894;-117.9729;-43.15009;-260.1243;-96.9671;36.88971;-293.894;-117.9729;-43.15009
1284.617;-259.9506;-96.98865;36.5824;-293.8683;-117.7002;-43.30182;-259.9506;-96.98865;36.5824;-293.8683;-117.7002;-43.30182
1292.958;-259.9193;-96.98419;36.90637;-293.8983;-117.6728;-43.30328;-259.9193;-96.98419;36.90637;-293.8983;-117.6728;-43.30328
1301.3;-259.7458;-97.00055;36.55078;-293.9383;-117.4901;-43.24786;-259.7458;-97.00055;36.55078;-293.9383;-117.4901;-43.24786
1309.642;-259.7067;-96.99408;36.96094;-293.8921;-117.3643;-43.26526;-259.7067;-96.99408;36.96094;-293.8921;-117.3643;-43.26526
1317.983;-259.6154;-96.94824;36.9939;-294.0692;-117.2446;-43.2619;-259.6154;-96.94824;36.9939;-294.0692;-117.2446;-43.2619
1326.325;-259.4991;-96.80927;36.93005;-294.078;-117.1711;-43.26868;-259.4991;-96.80927;36.93005;-294.078;-117.1711;-43.26868
1334.667;-259.3507;-96.79181;37.01331;-294.0887;-117.0565;-43.27637;-259.3507;-96.79181;37.01331;-294.0887;-117.0565;-43.27637
1343.008;-259.2775;-96.7572;37.05127;-293.8542;-116.9711;-43.27966;-259.2775;-96.7572;37.05127;-293.8542;-116.9711;-43.27966
1351.35;-259.141;-96.73071;36.92102;-294.0251;-116.7919;-43.30969;-259.141;-96.73071;36.92102;-294.0251;-116.7919;-43.30969
1359.692;-259.0851;-96.71283;36.83722;-293.9219;-116.7363;-43.33435;-259.0851;-96.71283;36.83722;-293.9219;-116.7363;-43.33435
1368.033;-259.1041;-96.72382;36.77734;-294.0109;-116.7025;-43.39331;-259.1041;-96.72382;36.77734;-294.0109;-116.7025;-43.39331
1376.375;-259.1411;-96.67206;36.79413;-293.9952;-116.7303;-43.40356;-259.1411;-96.67206;36.79413;-293.9952;-116.7303;-43.40356
1384.717;-259.1959;-96.53064;36.47894;-294.0833;-116.7067;-43.39099;-259.1959;-96.53064;36.47894;-294.0833;-116.7067;-43.39099
1393.058;-259.057;-96.49219;35.99768;-293.9233;-116.6765;-43.37897;-259.057;-96.49219;35.99768;-293.9233;-116.6765;-43.37897
1401.4;-258.7192;-96.45673;36.53082;-294.0342;-116.2847;-43.31775;-258.7192;-96.45673;36.53082;-294.0342;-116.2847;-43.31775
1409.742;-258.4212;-96.4126;36.57471;-294.0461;-116.1121;-43.34558;-258.4212;-96.4126;36.57471;-294.0461;-116.1121;-43.34558
1418.083;-258.2913;-96.47455;36.34747;-293.6786;-115.8268;-43.45105;-258.2913;-96.47455;36.34747;-293.6786;-115.8268;-43.45105
1426.425;-258.2998;-96.64087;35.93341;-294.0183;-116.0463;-43.58057;-258.2998;-96.64087;35.93341;-294.0183;-116.0463;-43.58057
1434.767;-258.2171;-96.63733;36.02039;-294.0828;-115.9851;-43.70343;-258.2171;-96.63733;36.02039;-294.0828;-115.9851;-43.70343
1443.108;-258.195;-96.59583;36.11383;-294.0759;-115.9167;-43.68036;-258.195;-96.59583;36.11383;-294.0759;-115.9167;-43.68036
1451.45;-257.9478;-96.47614;36.09052;-294.1273;-115.7598;-43.63611;-257.9478;-96.47614;36.09052;-294.1273;-115.7598;-43.63611
1459.792;-257.8691;-96.39667;36.07062;-294.1416;-115.6832;-43.6012;-257.8691;-96.39667;36.07062;-294.1416;-115.6832;-43.6012
1468.133;-257.8077;-96.37616;36.03583;-294.1174;-115.9034;-44.02942;-257.8077;-96.37616;36.03583;-294.1174;-115.9034;-44.02942
1476.475;-257.8963;-96.50201;35.9964;-294.1306;-115.8924;-44.07129;-257.8963;-96.50201;35.9964;-294.1306;-115.8924;-44.07129
1484.817;-257.7258;-96.61877;35.93091;-294.1259;-115.6928;-44.22815;-257.7258;-96.61877;35.93091;-294.1259;-115.6928;-44.22815
1493.158;-257.507;-96.68732;35.90802;-294.2231;-115.5673;-44.23657;-257.507;-96.68732;35.90802;-294.2231;-115.5673;-44.23657
1501.5;-257.2507;-96.48334;36.02258;-293.9659;-115.2234;-44.1936;-257.2507;-96.48334;36.02258;-293.9659;-115.2234;-44.1936
1509.842;-257.1484;-96.45605;36.27588;-293.9177;-115.2036;-44.19006;-257.1484;-96.45605;36.27588;-293.9177;-115.2036;-44.19006
1518.183;-257.2323;-96.42523;35.99799;-293.8536;-115.2303;-44.16309;-257.2323;-96.42523;35.99799;-293.8536;-115.2303;-44.16309
1526.525;-257.3455;-96.28278;35.90485;-293.8538;-115.4194;-44.10333;-257.3455;-96.28278;35.90485;-293.8538;-115.4194;-44.10333
1534.867;-257.2343;-96.25574;35.83026;-293.8917;-115.2718;-44.09583;-257.2343;-96.25574;35.83026;-293.8917;-115.2718;-44.09583
1543.208;-257.0399;-96.26239;35.95941;-293.8302;-115.1981;-44.09235;-257.0399;-96.26239;35.95941;-293.8302;-115.1981;-44.09235
1551.55;-257.0206;-96.2785;35.73303;-293.9169;-115.028;-44.10327;-257.0206;-96.2785;35.73303;-293.9169;-115.028;-44.10327
1559.892;-257.0231;-96.32678;35.72339;-293.9086;-115.0063;-44.14832;-257.0231;-96.32678;35.72339;-293.9086;-115.0063;-44.14832
1568.233;-256.9747;-96.39246;35.76031;-293.8756;-114.9787;-44.18329;-256.9747;-96.39246;35.76031;-293.8756;-114.9787;-44.18329
1576.575;-256.7643;-96.37347;36.02222;-293.8935;-114.8257;-44.18762;-256.7643;-96.37347;36.02222;-293.8935;-114.8257;-44.18762
1584.917;-256.446;-96.2229;36.17706;-293.7616;-114.4675;-44.1344;-256.446;-96.2229;36.17706;-293.7616;-114.4675;-44.1344
1593.258;-256.1983;-96.22321;36.43549;-293.5851;-114.1708;-44.12128;-256.1983;-96.22321;36.43549;-293.5851;-114.1708;-44.12128
1601.6;-256.0247;-96.26642;35.86304;-294.2112;-114.0842;-44.16418;-256.0247;-96.26642;35.86304;-294.2112;-114.0842;-44.16418
1609.942;-255.9797;-96.33289;36.06927;-294.0898;-113.9489;-44.18927;-255.9797;-96.33289;36.06927;-294.0898;-113.9489;-44.18927
1618.283;-255.7433;-96.48444;36.30457;-294.337;-113.6792;-44.32013;-255.7433;-96.48444;36.30457;-294.337;-113.6792;-44.32013
1626.625;-255.712;-96.53058;36.36877;-294.3109;-113.6504;-44.35345;-255.712;-96.53058;36.36877;-294.3109;-113.6504;-44.35345
1634.967;-255.6228;-96.59247;36.83649;-294.6289;-113.6366;-44.39221;-255.6228;-96.59247;36.83649;-294.6289;-113.6366;-44.39221
1643.308;-255.8664;-96.52509;35.88989;-294.4734;-113.7841;-44.4585;-255.8664;-96.52509;35.88989;-294.4734;-113.7841;-44.4585
1651.65;-256.0081;-96.49603;34.99603;-293.8157;-113.9521;-44.47626;-256.0081;-96.49603;34.99603;-293.8157;-113.9521;-44.47626
1659.992;-256.1276;-96.40021;35.00781;-293.8353;-113.9952;-44.48901;-256.1276;-96.40021;35.00781;-293.8353;-113.9952;-44.48901
1668.333;-256.035;-96.41174;34.88336;-293.763;-113.992;-44.42993;-256.035;-96.41174;34.88336;-293.763;-113.992;-44.42993
1676.675;-256.0287;-96.35699;34.88629;-293.7303;-114.0146;-44.42419;-256.0287;-96.35699;34.88629;-293.7303;-114.0146;-44.42419
1685.017;-255.966;-96.40082;34.76282;-293.9309;-113.938;-44.45374;-255.966;-96.40082;34.76282;-293.9309;-113.938;-44.45374
1693.358;-255.9137;-96.4248;34.90259;-293.9119;-113.871;-44.47247;-255.9137;-96.4248;34.90259;-293.9119;-113.871;-44.47247
1701.7;-255.9858;-96.50348;34.66547;-293.9517;-114.0134;-44.51849;-255.9858;-96.50348;34.66547;-293.9517;-114.0134;-44.51849
1710.042;-255.9155;-96.53265;34.88031;-293.9382;-113.9699;-44.5639;-255.9155;-96.53265;34.88031;-293.9382;-113.9699;-44.5639
1718.383;-255.7396;-96.55103;34.67035;-293.8057;-113.7679;-44.60535;-255.7396;-96.55103;34.67035;-293.8057;-113.7679;-44.60535
1726.725;-255.3787;-96.47662;35.05487;-293.7543;-113.637;-44.62592;-255.3787;-96.47662;35.05487;-293.7543;-113.637;-44.62592
1735.067;-255.2896;-96.48615;34.93732;-293.8941;-113.4532;-44.68414;-255.2896;-96.48615;34.93732;-293.8941;-113.4532;-44.68414
1743.408;-255.2587;-96.54199;34.87329;-293.9025;-111.9355;-42.82269;-255.2587;-96.54199;34.87329;-293.9025;-111.9355;-42.82269
1751.75;-255.1915;-96.58673;35.01862;-293.8626;-111.8119;-43.06934;-255.1915;-96.58673;35.01862;-293.8626;-111.8119;-43.06934
1760.092;-255.0323;-96.71002;35.02136;-293.8964;-111.7676;-43.07477;-255.0323;-96.71002;35.02136;-293.8964;-111.7676;-43.07477
1768.433;-254.9305;-96.67932;34.88434;-293.8786;-111.6044;-43.12329;-254.9305;-96.67932;34.88434;-293.8786;-111.6044;-43.12329
1776.775;-254.8871;-96.7561;34.87482;-293.9877;-111.572;-43.13782;-254.8871;-96.7561;34.87482;-293.9877;-111.572;-43.13782
1785.117;-254.8818;-96.71442;34.716;-294.1213;-111.5374;-43.1496;-254.8818;-96.71442;34.716;-294.1213;-111.5374;-43.1496
1793.458;-254.8295;-96.76385;34.77618;-294.1513;-111.5198;-43.15533;-254.8295;-96.76385;34.77618;-294.1513;-111.5198;-43.15533
1801.8;-254.7136;-96.72235;34.995;-294.0426;-111.3748;-43.16736;-254.7136;-96.72235;34.995;-294.0426;-111.3748;-43.16736
1810.142;-254.6297;-96.76691;34.86395;-294.1307;-111.2183;-43.16418;-254.6297;-96.76691;34.86395;-294.1307;-111.2183;-43.16418
1818.483;-254.4872;-96.57684;34.98053;-294.1094;-111.2012;-43.16125;-254.4872;-96.57684;34.98053;-294.1094;-111.2012;-43.16125
1826.825;-254.4176;-96.62366;34.85046;-294.1367;-111.1875;-43.16406;-254.4176;-96.62366;34.85046;-294.1367;-111.1875;-43.16406
1835.167;-254.2746;-96.62952;34.68457;-294.0856;-111.0251;-43.16473;-254.2746;-96.62952;34.68457;-294.0856;-111.0251;-43.16473
1843.508;-254.2291;-96.64441;34.82959;-294.0726;-110.9839;-43.17407;-254.2291;-96.64441;34.82959;-294.0726;-110.9839;-43.17407
1851.85;-254.0928;-96.64789;34.89624;-294.014;-110.7767;-43.19836;-254.0928;-96.64789;34.89624;-294.014;-110.7767;-43.19836
1860.192;-254.064;-96.66046;34.87885;-293.9848;-110.7436;-43.22223;-254.064;-96.66046;34.87885;-293.9848;-110.7436;-43.22223
1868.533;-254.0324;-96.62744;34.5036;-294.0781;-110.6385;-43.24182;-254.0324;-96.62744;34.5036;-294.0781;-110.6385;-43.24182
1876.875;-253.9344;-96.62225;34.91437;-294.072;-110.595;-43.29529;-253.9344;-96.62225;34.91437;-294.072;-110.595;-43.29529
1885.217;-253.8852;-96.65009;35.00781;-294.0552;-110.5343;-43.29443;-253.8852;-96.65009;35.00781;-294.0552;-110.5343;-43.29443
1893.558;-253.842;-96.63428;35.01904;-294.0455;-110.4706;-43.31146;-253.842;-96.63428;35.01904;-294.0455;-110.4706;-43.31146
1901.9;-253.5945;-96.65906;34.98358;-294.0016;-110.2382;-43.31915;-253.5945;-96.65906;34.98358;-294.0016;-110.2382;-43.31915
1910.242;-253.2617;-96.46667;34.99634;-293.8893;-109.9927;-43.31451;-253.2617;-96.46667;34.99634;-293.8893;-109.9927;-43.31451
1918.583;-252.9976;-96.5;35.50024;-294.0369;-109.7117;-43.30011;-252.9976;-96.5;35.50024;-294.0369;-109.7117;-43.30011
1926.925;-252.7156;-96.48248;35.74097;-294.0595;-109.4448;-43.30737;-252.7156;-96.48248;35.74097;-294.0595;-109.4448;-43.30737
1935.267;-252.3002;-96.45746;35.7699;-294.0522;-109.0376;-43.32642;-252.3002;-96.45746;35.7699;-294.0522;-109.0376;-43.32642
1943.608;-252.0967;-96.46643;35.80042;-294.0391;-108.8397;-43.39252;-252.0967;-96.46643;35.80042;-294.0391;-108.8397;-43.39252
1951.95;-252.1188;-96.58063;35.77948;-294.0912;-108.6703;-43.55927;-252.1188;-96.58063;35.77948;-294.0912;-108.6703;-43.55927
1960.292;-251.8586;-96.49493;35.77069;-294.131;-108.622;-43.53723;-251.8586;-96.49493;35.77069;-294.131;-108.622;-43.53723
1968.633;-251.8329;-96.47504;35.66315;-294.0847;-108.43;-43.55469;-251.8329;-96.47504;35.66315;-294.0847;-108.43;-43.55469
1976.975;-251.7999;-96.32312;35.7536;-294.1144;-108.2836;-43.50476;-251.7999;-96.32312;35.7536;-294.1144;-108.2836;-43.50476
1985.317;-251.6127;-96.28424;35.22357;-294.0149;-108.3152;-43.40814;-251.6127;-96.28424;35.22357;-294.0149;-108.3152;-43.40814
1993.658;-251.5603;-96.21552;35.68713;-293.9915;-108.2811;-43.35968;-251.5603;-96.21552;35.68713;-293.9915;-108.2811;-43.35968
2002;-251.3853;-96.03387;35.65601;-294.0972;-108.069;-43.35071;-251.3853;-96.03387;35.65601;-294.0972;-108.069;-43.35071
2010.342;-251.3698;-96.02679;35.55243;-294.0901;-108.0364;-43.34088;-251.3698;-96.02679;35.55243;-294.0901;-108.0364;-43.34088
2018.683;-251.1898;-96.06958;35.50653;-294.0764;-107.8389;-43.34106;-251.1898;-96.06958;35.50653;-294.0764;-107.8389;-43.34106
2027.025;-251.179;-96.09772;35.51501;-294.1133;-107.8271;-43.37756;-251.179;-96.09772;35.51501;-294.1133;-107.8271;-43.37756
2035.367;-251.4105;-96.21368;34.78821;-294.3274;-107.9369;-43.6438;-251.4105;-96.21368;34.78821;-294.3274;-107.9369;-43.6438
2043.708;-251.4251;-96.03326;34.89026;-293.8373;-107.9005;-43.57953;-251.4251;-96.03326;34.89026;-293.8373;-107.9005;-43.57953
2052.05;-251.0536;-95.78894;34.97424;-293.7132;-107.6367;-43.28613;-251.0536;-95.78894;34.97424;-293.7132;-107.6367;-43.28613
2060.392;-250.6193;-95.70532;35.24695;-293.8152;-107.1138;-43.27917;-250.6193;-95.70532;35.24695;-293.8152;-107.1138;-43.27917
2068.733;-250.27;-95.75012;35.4093;-293.5649;-106.8516;-43.328;-250.27;-95.75012;35.4093;-293.5649;-106.8516;-43.328
2077.075;-250.3167;-95.9397;34.91571;-294.2918;-106.9009;-43.47729;-250.3167;-95.9397;34.91571;-294.2918;-106.9009;-43.47729
2085.417;-250.5003;-96.09424;34.79333;-294.1494;-106.9976;-43.63422;-250.5003;-96.09424;34.79333;-294.1494;-106.9976;-43.63422
2093.758;-250.2277;-96.0343;34.89423;-294.1657;-106.7512;-43.62384;-250.2277;-96.0343;34.89423;-294.1657;-106.7512;-43.62384
2102.1;-249.9948;-96.03076;35.01947;-294.1217;-106.4805;-43.65326;-249.9948;-96.03076;35.01947;-294.1217;-106.4805;-43.65326
2110.442;-250.0667;-95.97028;35.03949;-294.0859;-106.5151;-43.60474;-250.0667;-95.97028;35.03949;-294.0859;-106.5151;-43.60474
2118.783;-250.4549;-95.90656;34.25726;-294.2476;-106.9504;-43.57837;-250.4549;-95.90656;34.25726;-294.2476;-106.9504;-43.57837
2127.125;-250.4519;-95.90369;34.0542;-294.1436;-106.9281;-43.58081;-250.4519;-95.90369;34.0542;-294.1436;-106.9281;-43.58081
2135.467;-250.2552;-95.88098;34.07104;-294.0861;-106.6823;-43.57019;-250.2552;-95.88098;34.07104;-294.0861;-106.6823;-43.57019
2143.808;-249.8395;-95.84454;34.10168;-294.0443;-106.1654;-43.59082;-249.8395;-95.84454;34.10168;-294.0443;-106.1654;-43.59082
2152.15;-249.5965;-95.89246;34.85187;-294.1231;-105.9515;-43.59241;-249.5965;-95.89246;34.85187;-294.1231;-105.9515;-43.59241
2160.492;-249.8135;-95.95386;34.36151;-294.0323;-106.215;-43.68042;-249.8135;-95.95386;34.36151;-294.0323;-106.215;-43.68042
2168.833;-249.8743;-96.06659;33.71484;-294.0051;-106.2696;-43.82947;-249.8743;-96.06659;33.71484;-294.0051;-106.2696;-43.82947
2177.175;-249.7936;-95.96136;33.80243;-293.9472;-106.17;-43.80804;-249.7936;-95.96136;33.80243;-293.9472;-106.17;-43.80804
2185.517;-249.5234;-95.88409;34.2702;-294.0275;-105.8679;-43.75494;-249.5234;-95.88409;34.2702;-294.0275;-105.8679;-43.75494
2193.858;-249.4647;-95.56659;33.72778;-293.9594;-105.873;-43.69434;-249.4647;-95.56659;33.72778;-293.9594;-105.873;-43.69434
2202.2;-249.5494;-95.6225;33.73706;-293.9584;-105.8836;-43.72241;-249.5494;-95.6225;33.73706;-293.9584;-105.8836;-43.72241
2210.542;-249.5319;-95.63574;33.47137;-293.9053;-105.8736;-43.74139;-249.5319;-95.63574;33.47137;-293.9053;-105.8736;-43.74139
2218.883;-249.3182;-95.60034;33.27002;-293.9012;-105.6373;-43.81659;-249.3182;-95.60034;33.27002;-293.9012;-105.6373;-43.81659
2227.225;-248.8727;-95.68903;33.89197;-294.0681;-105.2061;-43.87067;-248.8727;-95.68903;33.89197;-294.0681;-105.2061;-43.87067
2235.567;-248.6916;-95.83905;33.836;-293.9624;-105.0417;-43.90601;-248.6916;-95.83905;33.836;-293.9624;-105.0417;-43.90601
2243.908;-248.709;-95.836;33.75665;-293.9964;-105.0506;-43.901;-248.709;-95.836;33.75665;-293.9964;-105.0506;-43.901
2252.25;-248.7815;-95.78491;33.5;-293.9492;-105.0599;-43.90564;-248.7815;-95.78491;33.5;-293.9492;-105.0599;-43.90564
2260.592;-248.8483;-95.64459;33.94971;-293.7934;-105.0917;-43.86139;-248.8483;-95.64459;33.94971;-293.7934;-105.0917;-43.86139
2268.933;-248.7305;-95.43347;25.69983;-293.3704;-105.0166;-43.79633;-248.7305;-95.43347;25.69983;-293.3704;-105.0166;-43.79633
2277.275;-248.5073;-95.27979;25.88159;-293.1696;-104.8033;-43.77509;-248.5073;-95.27979;25.88159;-293.1696;-104.8033;-43.77509
2285.617;-248.4886;-95.2226;26.93158;-293.2846;-104.7783;-43.81226;-248.4886;-95.2226;26.93158;-293.2846;-104.7783;-43.81226
2293.958;-248.4832;-95.35663;25.75507;-293.3502;-104.7778;-44.01941;-248.4832;-95.35663;25.75507;-293.3502;-104.7778;-44.01941
2302.3;-248.2498;-95.45465;26.73688;-293.3385;-104.5718;-44.07074;-248.2498;-95.45465;26.73688;-293.3385;-104.5718;-44.07074
2310.642;-247.9534;-95.49658;26.76721;-293.3362;-104.2917;-44.13306;-247.9534;-95.49658;26.76721;-293.3362;-104.2917;-44.13306
2318.983;-247.8522;-95.50171;27.83832;-293.2994;-104.069;-44.08807;-247.8522;-95.50171;27.83832;-293.2994;-104.069;-44.08807
2327.325;-247.7365;-95.46698;27.79181;-293.3096;-104.0615;-44.06268;-247.7365;-95.46698;27.79181;-293.3096;-104.0615;-44.06268
2335.667;-247.7989;-95.29706;27.45575;-293.3405;-104.0778;-43.97681;-247.7989;-95.29706;27.45575;-293.3405;-104.0778;-43.97681
2344.008;-247.8522;-95.1557;28.8064;-293.1353;-104.0776;-43.91968;-247.8522;-95.1557;28.8064;-293.1353;-104.0776;-43.91968
2352.35;-247.7764;-95.09204;27.63245;-293.0933;-103.9418;-43.89624;-247.7764;-95.09204;27.63245;-293.0933;-103.9418;-43.89624
2360.692;-247.4757;-95.03387;27.44727;-293.0674;-103.6723;-43.88586;-247.4757;-95.03387;27.44727;-293.0674;-103.6723;-43.88586
2369.033;-247.2733;-95.07642;27.75165;-293.1483;-103.486;-44.02844;-247.2733;-95.07642;27.75165;-293.1483;-103.486;-44.02844
2377.375;-247.2344;-95.26727;24.54578;-293.6274;-103.4875;-44.23755;-247.2344;-95.26727;24.54578;-293.6274;-103.4875;-44.23755
2385.717;-247.0266;-95.35297;17.77472;-293.7135;-103.2346;-44.3208;-247.0266;-95.35297;17.77472;-293.7135;-103.2346;-44.3208
2394.058;-246.8134;-95.3847;17.71136;-293.6813;-103.0243;-44.28711;-246.8134;-95.3847;17.71136;-293.6813;-103.0243;-44.28711
2402.4;-246.6396;-95.22162;27.57886;-293.0876;-102.8132;-44.19128;-246.6396;-95.22162;27.57886;-293.0876;-102.8132;-44.19128
2410.742;-246.6553;-95.11194;25.49701;-293.1066;-102.785;-44.01123;-246.6553;-95.11194;25.49701;-293.1066;-102.785;-44.01123
2419.083;-246.7845;-94.95435;25.66223;-293.0967;-102.8297;-43.96832;-246.7845;-94.95435;25.66223;-293.0967;-102.8297;-43.96832
2427.425;-246.8309;-94.88684;25.68304;-293.1157;-102.8356;-43.99304;-246.8309;-94.88684;25.68304;-293.1157;-102.8356;-43.99304
2435.767;-246.6677;-94.92065;26.57288;-292.9976;-102.7404;-43.99725;-246.6677;-94.92065;26.57288;-292.9976;-102.7404;-43.99725
2444.108;-246.386;-94.84723;26.65833;-293.1223;-102.4423;-44.10742;-246.386;-94.84723;26.65833;-293.1223;-102.4423;-44.10742
2452.45;-246.1674;-94.9986;27.19196;-293.2585;-102.2673;-44.26361;-246.1674;-94.9986;27.19196;-293.2585;-102.2673;-44.26361
2460.792;-246.0813;-95.04773;14.20789;-293.7943;-101.9306;-44.53363;-246.0813;-95.04773;14.20789;-293.7943;-101.9306;-44.53363
2469.133;-245.914;-95.06757;26.37994;-293.3723;-101.8813;-44.55817;-245.914;-95.06757;26.37994;-293.3723;-101.8813;-44.55817
2477.475;-245.754;-95.02386;22.9021;-293.4892;-101.7851;-44.4928;-245.754;-95.02386;22.9021;-293.4892;-101.7851;-44.4928
2485.817;-245.7054;-94.81732;22.74243;-293.0074;-101.6921;-44.26801;-245.7054;-94.81732;22.74243;-293.0074;-101.6921;-44.26801
2494.158;-245.7181;-94.54065;22.46307;-293.045;-101.6673;-44.26923;-245.7181;-94.54065;22.46307;-293.045;-101.6673;-44.26923
2502.5;-245.7365;-94.50061;26.64423;-293.0493;-101.6528;-44.21515;-245.7365;-94.50061;26.64423;-293.0493;-101.6528;-44.21515
2510.842;-245.7332;-94.51117;27.11383;-293.1571;-101.6248;-44.26221;-245.7332;-94.51117;27.11383;-293.1571;-101.6248;-44.26221
2519.183;-245.6064;-94.64471;25.35992;-293.2784;-101.2899;-44.58777;-245.6064;-94.64471;25.35992;-293.2784;-101.2899;-44.58777
2527.525;-245.3624;-94.63135;24.01379;-293.4196;-101.1918;-44.60718;-245.3624;-94.63135;24.01379;-293.4196;-101.1918;-44.60718
2535.867;-245.2053;-94.78821;26.50409;-293.3518;-100.9791;-44.73651;-245.2053;-94.78821;26.50409;-293.3518;-100.9791;-44.73651
2544.208;-245.1871;-94.77344;26.83105;-293.3391;-100.9666;-44.7345;-245.1871;-94.77344;26.83105;-293.3391;-100.9666;-44.7345
2552.55;-245.1984;-94.60706;26.31628;-293.39;-100.9471;-44.73578;-245.1984;-94.60706;26.31628;-293.39;-100.9471;-44.73578
2560.892;-245.1942;-94.50964;26.39789;-293.3408;-100.9057;-44.70465;-245.1942;-94.50964;26.39789;-293.3408;-100.9057;-44.70465
2569.233;-244.9443;-94.34589;25.09253;-293.2191;-100.6902;-44.64526;-244.9443;-94.34589;25.09253;-293.2191;-100.6902;-44.64526
2577.575;-244.8703;-94.31464;25.82007;-293.1613;-100.479;-44.70465;-244.8703;-94.31464;25.82007;-293.1613;-100.479;-44.70465
2585.917;-244.642;-94.34814;27.98413;-293.2835;-100.2725;-44.72064;-244.642;-94.34814;27.98413;-293.2835;-100.2725;-44.72064
2594.258;-244.4574;-94.35706;27.7171;-293.3137;-100.2355;-44.94092;-244.4574;-94.35706;27.7171;-293.3137;-100.2355;-44.94092
2602.6;-244.4478;-94.51855;15.2395;-293.8053;-100.1158;-45.12396;-244.4478;-94.51855;15.2395;-293.8053;-100.1158;-45.12396
2610.942;-244.3947;-94.58612;14.9823;-293.9048;-100.0089;-45.16278;-244.3947;-94.58612;14.9823;-293.9048;-100.0089;-45.16278
2619.283;-244.3206;-94.60565;26.96454;-293.7184;-99.90326;-45.18671;-244.3206;-94.60565;26.96454;-293.7184;-99.90326;-45.18671
2627.625;-244.1682;-94.492;26.9715;-293.7375;-99.85693;-45.16248;-244.1682;-94.492;26.9715;-293.7375;-99.85693;-45.16248
2635.967;-244.1658;-94.28027;14.73572;-293.8476;-99.78168;-44.99091;-244.1658;-94.28027;14.73572;-293.8476;-99.78168;-44.99091
2644.308;-244.1751;-94.08905;13.4201;-293.8605;-99.74689;-44.9101;-244.1751;-94.08905;13.4201;-293.8605;-99.74689;-44.9101
2652.65;-244.0333;-93.97699;27;-293;-99.48248;-44.92242;-244.0333;-93.97699;27;-293;-99.48248;-44.92242
2660.992;-243.8848;-93.974;27.36029;-293.3484;-99.25488;-44.89362;-243.8848;-93.974;27.36029;-293.3484;-99.25488;-44.89362
2669.333;-243.7665;-94.01172;28.492;-293.36;-99.24072;-44.9729;-243.7665;-94.01172;28.492;-293.36;-99.24072;-44.9729
2677.675;-243.7141;-94.15363;15.3313;-293.8531;-99.23376;-45.211;-243.7141;-94.15363;15.3313;-293.8531;-99.23376;-45.211
2686.017;-243.7241;-94.23169;26.21863;-293.8661;-99.138;-45.45276;-243.7241;-94.23169;26.21863;-293.8661;-99.138;-45.45276
2694.358;-243.6392;-94.21429;26.11957;-293.8499;-99.08026;-45.45245;-243.6392;-94.21429;26.11957;-293.8499;-99.08026;-45.45245
2702.7;-243.4097;-93.98138;25.22827;-293.776;-98.87994;-45.37341;-243.4097;-93.98138;25.22827;-293.776;-98.87994;-45.37341
2711.042;-243.308;-93.8866;27.07837;-293.7097;-98.62982;-45.34924;-243.308;-93.8866;27.07837;-293.7097;-98.62982;-45.34924
2719.383;-243.2427;-93.72076;25.80042;-293.7354;-98.59821;-45.24225;-243.2427;-93.72076;25.80042;-293.7354;-98.59821;-45.24225
2727.725;-243.2431;-93.66077;25.80438;-293.8323;-98.5672;-45.22357;-243.2431;-93.66077;25.80438;-293.8323;-98.5672;-45.22357
2736.067;-243.1427;-93.53912;25.7439;-293.7252;-98.42548;-45.28882;-243.1427;-93.53912;25.7439;-293.7252;-98.42548;-45.28882
2744.408;-242.9346;-93.62744;26.02795;-293.7719;-98.24432;-45.28168;-242.9346;-93.62744;26.02795;-293.7719;-98.24432;-45.28168
2752.75;-242.7595;-93.74585;24.47626;-293.9406;-98.05243;-45.3949;-242.7595;-93.74585;24.47626;-293.9406;-98.05243;-45.3949
2761.092;-242.6993;-93.77942;25.45129;-294.1349;-97.79846;-45.62451;-242.6993;-93.77942;25.45129;-294.1349;-97.79846;-45.62451
2769.433;-242.6999;-93.84613;24.13617;-294.1383;-97.79211;-45.69794;-242.6999;-93.84613;24.13617;-294.1383;-97.79211;-45.69794
2777.775;-242.696;-93.86603;24.30939;-294.1429;-97.79016;-45.76288;-242.696;-93.86603;24.30939;-294.1429;-97.79016;-45.76288
2786.117;-242.6174;-93.80127;28.4505;-293.9932;-97.64825;-45.77533;-242.6174;-93.80127;28.4505;-293.9932;-97.64825;-45.77533
2794.458;-242.4011;-93.60394;28.19336;-294.0436;-97.39142;-45.82941;-242.4011;-93.60394;28.19336;-294.0436;-97.39142;-45.82941
2802.8;-242.2716;-93.42676;26.37042;-294.1633;-97.37012;-45.82446;-242.2716;-93.42676;26.37042;-294.1633;-97.37012;-45.82446
2811.142;-242.2955;-93.42712;27.86176;-294.0742;-97.35913;-45.86322;-242.2955;-93.42712;27.86176;-294.0742;-97.35913;-45.86322
2819.483;-242.2825;-93.44781;26.22345;-294.2198;-97.40436;-46.02362;-242.2825;-93.44781;26.22345;-294.2198;-97.40436;-46.02362
2827.825;-242.2226;-93.50812;26.10089;-294.3571;-97.15497;-46.0354;-242.2226;-93.50812;26.10089;-294.3571;-97.15497;-46.0354
2836.167;-242.1052;-93.5813;24.94781;-294.4257;-97.03534;-46.14777;-242.1052;-93.5813;24.94781;-294.4257;-97.03534;-46.14777
2844.508;-241.923;-93.65063;24.5553;-294.5281;-96.85583;-46.16882;-241.923;-93.65063;24.5553;-294.5281;-96.85583;-46.16882
2852.85;-241.8751;-93.65729;24.70691;-294.5104;-96.76038;-46.28265;-241.8751;-93.65729;24.70691;-294.5104;-96.76038;-46.28265
2861.192;-241.8499;-93.64624;25.33795;-294.4971;-96.75269;-46.3075;-241.8499;-93.64624;25.33795;-294.4971;-96.75269;-46.3075
2869.533;-241.8102;-93.604;24.64069;-294.5464;-96.63141;-46.33655;-241.8102;-93.604;24.64069;-294.5464;-96.63141;-46.33655
2877.875;-241.4869;-93.40735;26.72162;-294.7292;-96.18726;-46.50763;-241.4869;-93.40735;26.72162;-294.7292;-96.18726;-46.50763
2886.217;-241.4393;-93.41516;26.43341;-294.8316;-96.14929;-46.52869;-241.4393;-93.41516;26.43341;-294.8316;-96.14929;-46.52869
2894.558;-241.4343;-93.42639;26.37653;-294.8403;-96.16644;-46.59375;-241.4343;-93.42639;26.37653;-294.8403;-96.16644;-46.59375
2902.9;-241.4853;-93.50043;26.59515;-295.0247;-96.04279;-46.77094;-241.4853;-93.50043;26.59515;-295.0247;-96.04279;-46.77094
2911.242;-241.4276;-93.54681;26.49249;-294.9947;-96.0697;-46.86182;-241.4276;-93.54681;26.49249;-294.9947;-96.0697;-46.86182
2919.583;-241.3;-93.57892;26.5802;-295.0381;-95.97424;-46.96014;-241.3;-93.57892;26.5802;-295.0381;-95.97424;-46.96014
2927.925;-241.2592;-93.56793;26.55774;-295.0774;-95.83893;-46.96619;-241.2592;-93.56793;26.55774;-295.0774;-95.83893;-46.96619
2936.267;-241.2096;-93.52985;26.92371;-295.0944;-95.80762;-46.98865;-241.2096;-93.52985;26.92371;-295.0944;-95.80762;-46.98865
2944.608;-241.062;-93.46747;26.67773;-295.0701;-95.73535;-46.99524;-241.062;-93.46747;26.67773;-295.0701;-95.73535;-46.99524
2952.95;-240.8981;-93.4314;26.86481;-295.1323;-95.53217;-46.99329;-240.8981;-93.4314;26.86481;-295.1323;-95.53217;-46.99329
2961.292;-240.7924;-93.40735;26.9295;-295.0745;-95.37622;-47.0575;-240.7924;-93.40735;26.9295;-295.0745;-95.37622;-47.0575
2969.633;-240.5856;-93.35461;26.8786;-295.1219;-95.15137;-47.05688;-240.5856;-93.35461;26.8786;-295.1219;-95.15137;-47.05688
2977.975;-240.3296;-93.28522;26.95215;-295.1468;-95.06342;-47.16168;-240.3296;-93.28522;26.95215;-295.1468;-95.06342;-47.16168
2986.317;-240.3114;-93.33008;27.14117;-295.2952;-94.98737;-47.25031;-240.3114;-93.33008;27.14117;-295.2952;-94.98737;-47.25031
2994.658;-240.319;-93.4198;27.38336;-295.2455;-94.66138;-47.5155;-240.319;-93.4198;27.38336;-295.2455;-94.66138;-47.5155
3003;-240.3712;-93.51746;23.76709;-295.7352;-94.65155;-47.62201;-240.3712;-93.51746;23.76709;-295.7352;-94.65155;-47.62201
3011.342;-240.2461;-93.4906;26.01471;-295.8344;-94.70502;-47.67883;-240.2461;-93.4906;26.01471;-295.8344;-94.70502;-47.67883
3019.683;-240.2436;-93.48169;20.9093;-295.8901;-94.58502;-47.70093;-240.2436;-93.48169;20.9093;-295.8901;-94.58502;-47.70093
3028.025;-240.1858;-93.34601;10.85425;-295.9893;-94.40601;-47.74231;-240.1858;-93.34601;10.85425;-295.9893;-94.40601;-47.74231
3036.367;-240.0701;-93.22992;23.4259;-295.6269;-94.29065;-47.69196;-240.0701;-93.22992;23.4259;-295.6269;-94.29065;-47.69196
3044.708;-240.0316;-93.12274;26.99225;-295.4814;-94.21252;-47.63635;-240.0316;-93.12274;26.99225;-295.4814;-94.21252;-47.63635
3053.05;-239.954;-93.08606;23.41083;-295.6655;-94.09167;-47.59631;-239.954;-93.08606;23.41083;-295.6655;-94.09167;-47.59631
3061.392;-239.8643;-93.11145;22.78552;-295.6315;-94.04266;-47.63721;-239.8643;-93.11145;22.78552;-295.6315;-94.04266;-47.63721
3069.733;-239.7904;-93.16803;26.0545;-295.7968;-93.93219;-47.71497;-239.7904;-93.16803;26.0545;-295.7968;-93.93219;-47.71497
3078.075;-239.5457;-93.22516;24.90216;-295.9432;-93.86334;-47.79077;-239.5457;-93.22516;24.90216;-295.9432;-93.86334;-47.79077
3086.417;-239.4908;-93.12451;26.71777;-295.8621;-93.74536;-47.91321;-239.4908;-93.12451;26.71777;-295.8621;-93.74536;-47.91321
3094.758;-239.4785;-93.12787;25.93719;-295.9246;-93.71039;-47.92108;-239.4785;-93.12787;25.93719;-295.9246;-93.71039;-47.92108
3103.1;-239.4276;-93.10553;26.94208;-295.8828;-93.66876;-47.9212;-239.4276;-93.10553;26.94208;-295.8828;-93.66876;-47.9212
3111.442;-239.3823;-93.05701;26.28455;-295.8266;-93.52002;-47.89886;-239.3823;-93.05701;26.28455;-295.8266;-93.52002;-47.89886
3119.783;-239.2181;-92.96167;23.11047;-295.9167;-93.40265;-47.97791;-239.2181;-92.96167;23.11047;-295.9167;-93.40265;-47.97791
3128.125;-239.191;-92.93439;28.17896;-295.8185;-93.18982;-47.95221;-239.191;-92.93439;28.17896;-295.8185;-93.18982;-47.95221
3136.467;-239.1358;-92.92181;25.91907;-295.9514;-93.16748;-47.96313;-239.1358;-92.92181;25.91907;-295.9514;-93.16748;-47.96313
3144.808;-239.0734;-92.93146;25.21497;-295.9687;-93.14893;-48.00415;-239.0734;-92.93146;25.21497;-295.9687;-93.14893;-48.00415
3153.15;-238.9373;-92.97913;27.65771;-295.9769;-93.03839;-48.14471;-238.9373;-92.97913;27.65771;-295.9769;-93.03839;-48.14471
3161.492;-238.869;-93.03375;26.83862;-296.2762;-92.99487;-48.20612;-238.869;-93.03375;26.83862;-296.2762;-92.99487;-48.20612
3169.833;-238.7103;-93.0564;27.65729;-296.3068;-92.867;-48.35419;-238.7103;-93.0564;27.65729;-296.3068;-92.867;-48.35419
3178.175;-238.6833;-93.07263;26.04938;-296.3135;-92.80615;-48.37506;-238.6833;-93.07263;26.04938;-296.3135;-92.80615;-48.37506
3186.517;-238.6859;-93.05627;30.11566;-296.1524;-92.78516;-48.41168;-238.6859;-93.05627;30.11566;-296.1524;-92.78516;-48.41168
3194.858;-238.5145;-93.03198;29.98938;-296.142;-92.5722;-48.37183;-238.5145;-93.03198;29.98938;-296.142;-92.5722;-48.37183
3203.2;-238.3547;-92.84222;25.93561;-296.3289;-92.4624;-48.46979;-238.3547;-92.84222;25.93561;-296.3289;-92.4624;-48.46979
3211.542;-238.2734;-92.83307;25.72968;-296.3831;-92.22223;-48.43683;-238.2734;-92.83307;25.72968;-296.3831;-92.22223;-48.43683
3219.883;-238.1616;-92.85004;26.78809;-296.2241;-92.19708;-48.44702;-238.1616;-92.85004;26.78809;-296.2241;-92.19708;-48.44702
3228.225;-238.1609;-92.84833;27.03778;-296.4273;-91.88477;-48.52014;-238.1609;-92.84833;27.03778;-296.4273;-91.88477;-48.52014
3236.567;-238.1344;-92.84619;27.64813;-296.4056;-91.90997;-48.65857;-238.1344;-92.84619;27.64813;-296.4056;-91.90997;-48.65857
3244.908;-238.1169;-92.85822;25.97876;-296.7228;-91.87915;-48.70844;-238.1169;-92.85822;25.97876;-296.7228;-91.87915;-48.70844
3253.25;-238.0721;-92.87775;26.63141;-296.662;-91.81335;-48.75537;-238.0721;-92.87775;26.63141;-296.662;-91.81335;-48.75537
3261.592;-238.0707;-92.86475;25.43323;-296.3823;-91.80371;-48.76941;-238.0707;-92.86475;25.43323;-296.3823;-91.80371;-48.76941
3269.933;-238.0469;-92.82098;22.34998;-296.5568;-91.75262;-48.77002;-238.0469;-92.82098;22.34998;-296.5568;-91.75262;-48.77002
3278.275;-237.9462;-92.81256;27.02521;-296.3435;-91.58429;-48.75781;-237.9462;-92.81256;27.02521;-296.3435;-91.58429;-48.75781
3286.617;-237.8673;-92.7301;27.59418;-296.3073;-91.50977;-48.74121;-237.8673;-92.7301;27.59418;-296.3073;-91.50977;-48.74121
3294.958;-237.79;-92.70715;27.66412;-296.3298;-91.43182;-48.82751;-237.79;-92.70715;27.66412;-296.3298;-91.43182;-48.82751
3303.3;-237.6205;-92.74103;14.73444;-296.6929;-91.24963;-48.87469;-237.6205;-92.74103;14.73444;-296.6929;-91.24963;-48.87469
3311.642;-237.6216;-92.77692;12.23102;-296.7938;-91.271;-48.95331;-237.6216;-92.77692;12.23102;-296.7938;-91.271;-48.95331
3319.983;-237.449;-92.70557;7.255066;-296.9658;-91.16907;-49.07355;-237.449;-92.70557;7.255066;-296.9658;-91.16907;-49.07355
3328.325;-237.4056;-92.73926;12.14209;-296.848;-91.12994;-49.07672;-237.4056;-92.73926;12.14209;-296.848;-91.12994;-49.07672
3336.667;-237.3256;-92.6897;6.709961;-296.7057;-91.09265;-49.06744;-237.3256;-92.6897;6.709961;-296.7057;-91.09265;-49.06744
3345.008;-237.3029;-92.64679;5.147278;-296.6467;-90.91962;-48.98999;-237.3029;-92.64679;5.147278;-296.6467;-90.91962;-48.98999
3353.35;-237.1854;-92.63251;6.875977;-296.6223;-90.84222;-48.98059;-237.1854;-92.63251;6.875977;-296.6223;-90.84222;-48.98059
3361.692;-237.1684;-92.53864;5.736938;-296.9827;-90.79633;-48.94208;-237.1684;-92.53864;5.736938;-296.9827;-90.79633;-48.94208
3370.033;-236.997;-92.40704;6.674866;-296.9486;-90.67542;-48.88269;-236.997;-92.40704;6.674866;-296.9486;-90.67542;-48.88269
3378.375;-236.9877;-92.41968;5.343933;-296.9503;-90.67841;-48.88068;-236.9877;-92.41968;5.343933;-296.9503;-90.67841;-48.88068
3386.717;-236.9191;-92.49426;8.842102;-296.8279;-90.67059;-48.92957;-236.9191;-92.49426;8.842102;-296.8279;-90.67059;-48.92957
3395.058;-237.0161;-92.51843;7.952515;-296.8663;-90.62415;-48.95728;-237.0161;-92.51843;7.952515;-296.8663;-90.62415;-48.95728
3403.4;-236.9233;-92.6228;8.279724;-296.8152;-90.59393;-49.00061;-236.9233;-92.6228;8.279724;-296.8152;-90.59393;-49.00061
3411.742;-236.9145;-92.61285;7.753113;-296.7776;-90.53253;-49.02374;-236.9145;-92.61285;7.753113;-296.7776;-90.53253;-49.02374
3420.083;-236.886;-92.56287;11.12213;-296.7222;-90.52179;-48.99506;-236.886;-92.56287;11.12213;-296.7222;-90.52179;-48.99506
3428.425;-236.7586;-92.48438;11.98096;-296.6253;-90.44244;-49.01276;-236.7586;-92.48438;11.98096;-296.6253;-90.44244;-49.01276
3436.767;-236.7207;-92.4726;14.58356;-296.6043;-90.34418;-49.01843;-236.7207;-92.4726;14.58356;-296.6043;-90.34418;-49.01843
3445.108;-236.7177;-92.45172;9.97644;-296.2994;-90.34729;-49.01758;-236.7177;-92.45172;9.97644;-296.2994;-90.34729;-49.01758
3453.45;-236.7005;-92.44891;11.65076;-296.3052;-90.33667;-49.00018;-236.7005;-92.44891;11.65076;-296.3052;-90.33667;-49.00018
3461.792;-236.6334;-92.49225;4.931885;-296.7111;-90.31262;-49.0368;-236.6334;-92.49225;4.931885;-296.7111;-90.31262;-49.0368
3470.133;-236.7404;-92.51208;8.90686;-296.4709;-90.25763;-49.08661;-236.7404;-92.51208;8.90686;-296.4709;-90.25763;-49.08661
3478.475;-236.697;-92.58868;1.435303;-296.7197;-90.25195;-49.13629;-236.697;-92.58868;1.435303;-296.7197;-90.25195;-49.13629
3486.817;-236.7004;-92.60425;8.231262;-296.7246;-90.30988;-49.26929;-236.7004;-92.60425;8.231262;-296.7246;-90.30988;-49.26929
3495.158;-236.693;-92.61786;6.163391;-296.7401;-90.31635;-49.2699;-236.693;-92.61786;6.163391;-296.7401;-90.31635;-49.2699
3503.5;-236.6636;-92.5899;6.140259;-296.6675;-90.27228;-49.25702;-236.6636;-92.5899;6.140259;-296.6675;-90.27228;-49.25702
3511.842;-236.3601;-92.42969;17.06049;-296.1;-90.08398;-49.2168;-236.3601;-92.42969;17.06049;-296.1;-90.08398;-49.2168
3520.183;-236.302;-92.41449;16.31818;-296.1725;-90.03821;-49.1955;-236.302;-92.41449;16.31818;-296.1725;-90.03821;-49.1955
3528.525;-236.2843;-92.40863;10.64301;-296.2649;-90.04218;-49.19537;-236.2843;-92.40863;10.64301;-296.2649;-90.04218;-49.19537
3536.867;-236.2729;-92.40863;3.739685;-296.6471;-90.00073;-49.2085;-236.2729;-92.40863;3.739685;-296.6471;-90.00073;-49.2085
3545.208;-236.2479;-92.46228;11.80237;-296.58;-89.99066;-49.2561;-236.2479;-92.46228;11.80237;-296.58;-89.99066;-49.2561
3553.55;-236.3424;-92.67438;5.599487;-296.7325;-90.05518;-49.46228;-236.3424;-92.67438;5.599487;-296.7325;-90.05518;-49.46228
3561.892;-236.3412;-92.6767;5.104492;-296.853;-90.04102;-49.49072;-236.3412;-92.6767;5.104492;-296.853;-90.04102;-49.49072
3570.233;-236.3431;-92.66901;5.980164;-296.7139;-89.72491;-49.52625;-236.3431;-92.66901;5.980164;-296.7139;-89.72491;-49.52625
3578.575;-236.3652;-92.66248;5.440308;-296.7905;-89.74194;-49.54456;-236.3652;-92.66248;5.440308;-296.7905;-89.74194;-49.54456
3586.917;-236.3527;-92.61261;5.021973;-296.6714;-89.66821;-49.55676;-236.3527;-92.61261;5.021973;-296.6714;-89.66821;-49.55676
3595.258;-236.2857;-92.52637;5.416687;-296.6735;-89.62811;-49.51373;-236.2857;-92.52637;5.416687;-296.6735;-89.62811;-49.51373
3603.6;-236.0503;-92.40509;5.302795;-296.6833;-89.79352;-49.44666;-236.0503;-92.40509;5.302795;-296.6833;-89.79352;-49.44666
3611.942;-236.052;-92.40826;5.548462;-296.6498;-89.79626;-49.44983;-236.052;-92.40826;5.548462;-296.6498;-89.79626;-49.44983
3620.283;-236.073;-92.42896;7.101196;-296.5845;-89.81763;-49.48291;-236.073;-92.42896;7.101196;-296.5845;-89.81763;-49.48291
3628.625;-236.088;-92.44263;7.101196;-296.6543;-89.49255;-49.63422;-236.088;-92.44263;7.101196;-296.6543;-89.49255;-49.63422
3636.967;-236.1835;-92.66138;5.438477;-296.7538;-89.50458;-49.7019;-236.1835;-92.66138;5.438477;-296.7538;-89.50458;-49.7019
3645.308;-236.2054;-92.67151;5.695129;-296.6866;-89.51923;-49.73444;-236.2054;-92.67151;5.695129;-296.6866;-89.51923;-49.73444
3653.65;-236.248;-92.67059;7.741638;-296.7576;-89.61487;-49.79297;-236.248;-92.67059;7.741638;-296.7576;-89.61487;-49.79297
3661.992;-236.2576;-92.67535;7.365479;-296.7752;-89.63104;-49.80225;-236.2576;-92.67535;7.365479;-296.7752;-89.63104;-49.80225
3670.333;-236.2753;-92.57904;6.123596;-296.649;-89.60754;-49.80463;-236.2753;-92.57904;6.123596;-296.649;-89.60754;-49.80463
3678.675;-236.271;-92.53778;7.94928;-296.6394;-89.57434;-49.79742;-236.271;-92.53778;7.94928;-296.6394;-89.57434;-49.79742
3687.017;-236.2767;-92.52258;10.89709;-296.4417;-89.58197;-49.79102;-236.2767;-92.52258;10.89709;-296.4417;-89.58197;-49.79102
3695.358;-236.1593;-92.49591;5.920837;-296.6194;-89.58203;-49.79553;-236.1593;-92.49591;5.920837;-296.6194;-89.58203;-49.79553
3703.7;-236.2977;-92.51733;4.240051;-296.6647;-89.60974;-49.82349;-236.2977;-92.51733;4.240051;-296.6647;-89.60974;-49.82349
3712.042;-236.299;-92.51636;7.274658;-296.6228;-89.61877;-49.85107;-236.299;-92.51636;7.274658;-296.6228;-89.61877;-49.85107
3720.383;-236.1586;-92.49994;2.835938;-296.7248;-89.57172;-49.86475;-236.1586;-92.49994;2.835938;-296.7248;-89.57172;-49.86475
3728.725;-236.1226;-92.49854;11.02533;-296.3672;-89.54395;-49.86578;-236.1226;-92.49854;11.02533;-296.3672;-89.54395;-49.86578
3737.067;-236.2305;-92.50909;7.050354;-296.5341;-89.52966;-49.89478;-236.2305;-92.50909;7.050354;-296.5341;-89.52966;-49.89478
3745.408;-236.0933;-92.48969;3.847412;-296.515;-89.51245;-49.88837;-236.0933;-92.48969;3.847412;-296.515;-89.51245;-49.88837
3753.75;-236.1613;-92.46423;13.83997;-296.3383;-89.57147;-49.91449;-236.1613;-92.46423;13.83997;-296.3383;-89.57147;-49.91449
3762.092;-236.1694;-92.42944;15.66559;-296.3209;-89.57971;-49.90717;-236.1694;-92.42944;15.66559;-296.3209;-89.57971;-49.90717
3770.433;-236.1515;-92.43817;7.216553;-296.3007;-89.55585;-49.91785;-236.1515;-92.43817;7.216553;-296.3007;-89.55585;-49.91785
3778.775;-236.1503;-92.401;6.106262;-296.6104;-89.54401;-49.90021;-236.1503;-92.401;6.106262;-296.6104;-89.54401;-49.90021
3787.117;-236.141;-92.41736;8.142578;-296.3027;-89.52698;-49.90991;-236.141;-92.41736;8.142578;-296.3027;-89.52698;-49.90991
3795.458;-236.1372;-92.41443;9.631409;-296.2643;-89.50867;-49.91852;-236.1372;-92.41443;9.631409;-296.2643;-89.50867;-49.91852
3803.8;-236.1326;-92.40308;9.867981;-296.1826;-89.5318;-49.91821;-236.1326;-92.40308;9.867981;-296.1826;-89.5318;-49.91821
3812.142;-236.139;-92.40247;15.60498;-296.0867;-89.55487;-49.94366;-236.139;-92.40247;15.60498;-296.0867;-89.55487;-49.94366
3820.483;-236.1732;-92.36316;9.576416;-296.2326;-89.56799;-49.94049;-236.1732;-92.36316;9.576416;-296.2326;-89.56799;-49.94049
3828.825;-236.1946;-92.33832;13.64215;-296.1027;-89.56598;-49.94525;-236.1946;-92.33832;13.64215;-296.1027;-89.56598;-49.94525
3837.167;-236.2284;-92.19238;6.050476;-296.2396;-89.57843;-49.93378;-236.2284;-92.19238;6.050476;-296.2396;-89.57843;-49.93378
3845.508;-236.2251;-92.18488;7.382935;-296.2947;-89.5697;-49.89526;-236.2251;-92.18488;7.382935;-296.2947;-89.5697;-49.89526
3853.85;-236.1845;-92.17523;10.11285;-296.1498;-89.50739;-49.91498;-236.1845;-92.17523;10.11285;-296.1498;-89.50739;-49.91498
3862.192;-236.1721;-92.19983;6.937927;-296.2761;-89.47284;-50.00623;-236.1721;-92.19983;6.937927;-296.2761;-89.47284;-50.00623
3870.533;-236.1497;-92.22516;14.44543;-296.0817;-89.47815;-50.05341;-236.1497;-92.22516;14.44543;-296.0817;-89.47815;-50.05341
3878.875;-236.142;-92.30231;7.941162;-296.2629;-89.42889;-50.16309;-236.142;-92.30231;7.941162;-296.2629;-89.42889;-50.16309
3887.217;-236.1367;-92.30878;7.993591;-296.2825;-89.4762;-50.19702;-236.1367;-92.30878;7.993591;-296.2825;-89.4762;-50.19702
3895.558;-236.1707;-92.31708;7.93512;-296.266;-89.49005;-50.22247;-236.1707;-92.31708;7.93512;-296.266;-89.49005;-50.22247
3903.9;-236.316;-92.28711;11.26941;-296.1952;-89.63562;-50.13617;-236.316;-92.28711;11.26941;-296.1952;-89.63562;-50.13617
3912.242;-236.3089;-92.24182;11.00885;-296.1873;-89.61139;-50.11316;-236.3089;-92.24182;11.00885;-296.1873;-89.61139;-50.11316
3920.583;-236.322;-92.10205;7.524963;-296.1792;-89.58899;-50.07251;-236.322;-92.10205;7.524963;-296.1792;-89.58899;-50.07251
3928.925;-236.2901;-92.10883;10.12262;-295.9204;-89.38892;-50.12524;-236.2901;-92.10883;10.12262;-295.9204;-89.38892;-50.12524
3937.267;-236.1234;-92.13586;7.34375;-296.1915;-89.39923;-50.16559;-236.1234;-92.13586;7.34375;-296.1915;-89.39923;-50.16559
3945.608;-236.1304;-92.13745;15.7984;-296.0389;-89.40729;-50.1925;-236.1304;-92.13745;15.7984;-296.0389;-89.40729;-50.1925
3953.95;-236.1579;-92.1615;7.144104;-296.2502;-89.44037;-50.23383;-236.1579;-92.1615;7.144104;-296.2502;-89.44037;-50.23383
3962.292;-236.153;-92.20264;15.31348;-296.1339;-89.44519;-50.32819;-236.153;-92.20264;15.31348;-296.1339;-89.44519;-50.32819
3970.633;-236.1498;-92.29639;7.680603;-296.2697;-89.50983;-50.2865;-236.1498;-92.29639;7.680603;-296.2697;-89.50983;-50.2865
3978.975;-236.1872;-92.14166;7.247192;-296.1784;-89.50452;-50.25262;-236.1872;-92.14166;7.247192;-296.1784;-89.50452;-50.25262
3987.317;-236.2158;-92.12073;5.101929;-296.2775;-89.49567;-50.32672;-236.2158;-92.12073;5.101929;-296.2775;-89.49567;-50.32672
3995.658;-236.2178;-92.07617;7.898071;-296.2717;-89.47308;-50.31342;-236.2178;-92.07617;7.898071;-296.2717;-89.47308;-50.31342
4004;-236.2205;-91.94086;7.547668;-295.9326;-89.32953;-50.20599;-236.2205;-91.94086;7.547668;-295.9326;-89.32953;-50.20599
4012.342;-236.2075;-91.91309;7.263733;-296.1968;-89.32306;-50.19934;-236.2075;-91.91309;7.263733;-296.1968;-89.32306;-50.19934
4020.683;-236.1926;-91.95892;2.440613;-296.105;-89.28503;-50.24866;-236.1926;-91.95892;2.440613;-296.105;-89.28503;-50.24866
4029.025;-236.1517;-92.00134;6.172302;-296.1071;-89.25232;-50.30865;-236.1517;-92.00134;6.172302;-296.1071;-89.25232;-50.30865
4037.367;-236.1201;-92.11212;7.045837;-296.2334;-89.28229;-50.39185;-236.1201;-92.11212;7.045837;-296.2334;-89.28229;-50.39185
4045.708;-236.1188;-92.08685;6.236633;-296.313;-89.30676;-50.4187;-236.1188;-92.08685;6.236633;-296.313;-89.30676;-50.4187
4054.05;-236.1024;-92.02936;11.0614;-295.9567;-89.24951;-50.39758;-236.1024;-92.02936;11.0614;-295.9567;-89.24951;-50.39758
4062.392;-236.0734;-91.9682;11.02832;-296.0547;-89.1991;-50.37323;-236.0734;-91.9682;11.02832;-296.0547;-89.1991;-50.37323
4070.733;-236.108;-91.76404;6.67511;-295.9679;-89.05255;-50.29883;-236.108;-91.76404;6.67511;-295.9679;-89.05255;-50.29883
4079.075;-236.0841;-91.7113;11.33234;-295.9064;-89.03394;-50.26776;-236.0841;-91.7113;11.33234;-295.9064;-89.03394;-50.26776
4087.417;-236.056;-91.67834;11.15308;-295.9486;-88.99847;-50.26752;-236.056;-91.67834;11.15308;-295.9486;-88.99847;-50.26752
4095.758;-235.9017;-91.71753;4.972107;-296.0619;-88.93982;-50.28162;-235.9017;-91.71753;4.972107;-296.0619;-88.93982;-50.28162
4104.1;-235.8523;-91.74615;10.86993;-296.0425;-88.85315;-50.30939;-235.8523;-91.74615;10.86993;-296.0425;-88.85315;-50.30939
4112.442;-235.8434;-91.72473;11.03662;-295.916;-88.81592;-50.35486;-235.8434;-91.72473;11.03662;-295.916;-88.81592;-50.35486
4120.783;-235.7836;-91.64075;10.96692;-296.0527;-88.64709;-50.31775;-235.7836;-91.64075;10.96692;-296.0527;-88.64709;-50.31775
4129.125;-235.7207;-91.57556;9.745178;-296.0409;-88.59192;-50.31573;-235.7207;-91.57556;9.745178;-296.0409;-88.59192;-50.31573
4137.467;-235.38;-91.3006;7.290161;-296.1907;-88.45013;-50.40973;-235.38;-91.3006;7.290161;-296.1907;-88.45013;-50.40973
4145.808;-235.3707;-91.29053;9.210693;-296.1552;-88.47131;-50.42285;-235.3707;-91.29053;9.210693;-296.1552;-88.47131;-50.42285
4154.15;-235.3425;-91.25287;7.506958;-296.0644;-88.35602;-50.4375;-235.3425;-91.25287;7.506958;-296.0644;-88.35602;-50.4375
4162.492;-235.2998;-91.20581;6.966003;-296.2436;-88.28717;-50.41162;-235.2998;-91.20581;6.966003;-296.2436;-88.28717;-50.41162
4170.833;-235.1624;-91.10254;11.99445;-296.138;-88.16266;-50.3963;-235.1624;-91.10254;11.99445;-296.138;-88.16266;-50.3963
4179.175;-235.1545;-91.07544;7.598877;-296.0861;-88.09808;-50.38556;-235.1545;-91.07544;7.598877;-296.0861;-88.09808;-50.38556
4187.517;-235.0907;-91.04626;5.810364;-296.1575;-87.96698;-50.3822;-235.0907;-91.04626;5.810364;-296.1575;-87.96698;-50.3822
4195.858;-235.0274;-90.99664;8.958008;-296.0557;-87.89539;-50.36993;-235.0274;-90.99664;8.958008;-296.0557;-87.89539;-50.36993
4204.2;-234.9365;-90.8833;16.57501;-296.053;-87.73328;-50.34668;-234.9365;-90.8833;16.57501;-296.053;-87.73328;-50.34668
4212.542;-234.9227;-90.8714;4.34314;-296.1931;-87.70447;-50.34644;-234.9227;-90.8714;4.34314;-296.1931;-87.70447;-50.34644
4220.883;-234.7457;-90.84991;2.694519;-296.1228;-87.55225;-50.32281;-234.7457;-90.84991;2.694519;-296.1228;-87.55225;-50.32281
4229.225;-234.729;-90.81812;2.949463;-296.2236;-87.53802;-50.32648;-234.729;-90.81812;2.949463;-296.2236;-87.53802;-50.32648
4237.567;-234.5601;-90.69977;3.244751;-296.3047;-87.41711;-50.44299;-234.5601;-90.69977;3.244751;-296.3047;-87.41711;-50.44299
4245.908;-234.5475;-90.70166;4.277405;-296.3821;-87.26184;-50.45709;-234.5475;-90.70166;4.277405;-296.3821;-87.26184;-50.45709
4254.25;-234.4528;-90.50647;9.595398;-296.2104;-86.80988;-50.50433;-234.4528;-90.50647;9.595398;-296.2104;-86.80988;-50.50433
4262.592;-234.2695;-90.48431;11.54846;-296.1634;-87.15356;-50.49396;-234.2695;-90.48431;11.54846;-296.1634;-87.15356;-50.49396
4270.933;-234.2409;-90.44165;12.93115;-296.0932;-87.11487;-50.427;-234.2409;-90.44165;12.93115;-296.0932;-87.11487;-50.427
4279.275;-234.1895;-90.41034;12.94513;-296.0363;-87.0224;-50.40369;-234.1895;-90.41034;12.94513;-296.0363;-87.0224;-50.40369
4287.617;-234.0837;-90.28888;8.808777;-295.9548;-86.88928;-50.37488;-234.0837;-90.28888;8.808777;-295.9548;-86.88928;-50.37488
4295.958;-234.0497;-90.29156;8.913757;-296.0477;-86.83771;-50.32391;-234.0497;-90.29156;8.913757;-296.0477;-86.83771;-50.32391
4304.3;-233.9227;-90.28711;15.79883;-295.9976;-86.71252;-50.3407;-233.9227;-90.28711;15.79883;-295.9976;-86.71252;-50.3407
4312.642;-233.9088;-90.28516;15.92004;-296.0188;-86.67133;-50.35187;-233.9088;-90.28516;15.92004;-296.0188;-86.67133;-50.35187
4320.983;-233.8506;-90.30914;10.89026;-296.2273;-86.63062;-50.39081;-233.8506;-90.30914;10.89026;-296.2273;-86.63062;-50.39081
4329.325;-233.7833;-90.32245;16.13049;-296.0067;-86.18604;-50.55396;-233.7833;-90.32245;16.13049;-296.0067;-86.18604;-50.55396
4337.667;-233.6121;-90.34576;7.147644;-296.3243;-86.05017;-50.56561;-233.6121;-90.34576;7.147644;-296.3243;-86.05017;-50.56561
4346.008;-233.5795;-90.33563;14.66223;-296.2158;-85.99872;-50.56152;-233.5795;-90.33563;14.66223;-296.2158;-85.99872;-50.56152
4354.35;-233.3854;-90.20514;7.776428;-296.291;-85.85474;-50.53857;-233.3854;-90.20514;7.776428;-296.291;-85.85474;-50.53857
4362.692;-233.332;-90.18103;7.444153;-296.3083;-85.763;-50.54352;-233.332;-90.18103;7.444153;-296.3083;-85.763;-50.54352
4371.033;-233.1609;-90.22168;17.79456;-296.1039;-85.5896;-50.59467;-233.1609;-90.22168;17.79456;-296.1039;-85.5896;-50.59467
4379.375;-233.1178;-90.2356;3.683228;-296.6169;-85.52917;-50.64789;-233.1178;-90.2356;3.683228;-296.6169;-85.52917;-50.64789
4387.717;-232.967;-90.30908;4.773865;-296.6492;-85.39813;-50.84113;-232.967;-90.30908;4.773865;-296.6492;-85.39813;-50.84113
4396.058;-232.9146;-90.31268;4.775452;-296.6208;-85.33173;-50.85724;-232.9146;-90.31268;4.775452;-296.6208;-85.33173;-50.85724
4404.4;-232.7262;-90.34113;4.912781;-296.5603;-85.16199;-50.87146;-232.7262;-90.34113;4.912781;-296.5603;-85.16199;-50.87146
4412.742;-232.6566;-90.33679;3.363586;-296.6791;-85.09387;-50.8667;-232.6566;-90.33679;3.363586;-296.6791;-85.09387;-50.8667
4421.083;-232.4844;-90.20923;3.097656;-296.7003;-84.97186;-50.86346;-232.4844;-90.20923;3.097656;-296.7003;-84.97186;-50.86346
4429.425;-232.4711;-90.20923;4.016174;-296.6665;-84.94434;-50.86487;-232.4711;-90.20923;4.016174;-296.6665;-84.94434;-50.86487
4437.767;-232.4276;-90.16199;7.825256;-296.4333;-84.86829;-50.86072;-232.4276;-90.16199;7.825256;-296.4333;-84.86829;-50.86072
4446.108;-232.3536;-90.14783;8.36792;-296.5681;-84.78534;-50.87988;-232.3536;-90.14783;8.36792;-296.5681;-84.78534;-50.87988
4454.45;-232.2111;-90.17053;7.609375;-296.5366;-84.65558;-50.8905;-232.2111;-90.17053;7.609375;-296.5366;-84.65558;-50.8905
4462.792;-232.0259;-90.17188;6.190735;-296.6543;-84.49579;-51.02344;-232.0259;-90.17188;6.190735;-296.6543;-84.49579;-51.02344
4471.133;-231.9942;-90.14197;3.878357;-296.7167;-84.33911;-51.00616;-231.9942;-90.14197;3.878357;-296.7167;-84.33911;-51.00616
4479.475;-231.9604;-90.13007;9.950012;-296.7205;-84.29309;-51.02124;-231.9604;-90.13007;9.950012;-296.7205;-84.29309;-51.02124
4487.817;-231.8272;-90.13385;5.832031;-296.8035;-84.26343;-51.03308;-231.8272;-90.13385;5.832031;-296.8035;-84.26343;-51.03308
4496.158;-231.7531;-90.10352;5.678589;-296.7767;-84.04108;-51.02167;-231.7531;-90.10352;5.678589;-296.7767;-84.04108;-51.02167
4504.5;-231.5214;-90.04767;9.14917;-296.8312;-83.89709;-51.00531;-231.5214;-90.04767;9.14917;-296.8312;-83.89709;-51.00531
4512.842;-231.4434;-89.90607;8.315247;-296.8662;-83.84991;-51.03491;-231.4434;-89.90607;8.315247;-296.8662;-83.84991;-51.03491
4521.183;-231.3047;-89.9256;9.106201;-296.7925;-83.74426;-51.06195;-231.3047;-89.9256;9.106201;-296.7925;-83.74426;-51.06195
4529.525;-231.2761;-89.92493;10.03137;-296.8176;-83.69977;-51.1178;-231.2761;-89.92493;10.03137;-296.8176;-83.69977;-51.1178
4537.867;-231.1281;-89.93231;8.087402;-296.8303;-83.50787;-51.09833;-231.1281;-89.93231;8.087402;-296.8303;-83.50787;-51.09833
4546.208;-231.09;-89.90985;9.019531;-296.8578;-83.43689;-51.20868;-231.09;-89.90985;9.019531;-296.8578;-83.43689;-51.20868
4554.55;-230.9811;-89.85773;3.701965;-296.9171;-83.28845;-51.18591;-230.9811;-89.85773;3.701965;-296.9171;-83.28845;-51.18591
4562.892;-230.9592;-89.8432;4.267944;-296.991;-83.23431;-51.20392;-230.9592;-89.8432;4.267944;-296.991;-83.23431;-51.20392
4571.233;-230.9211;-89.8222;4.44928;-296.9669;-83.21045;-51.20044;-230.9211;-89.8222;4.44928;-296.9669;-83.21045;-51.20044
4579.575;-230.8612;-89.7746;4.397461;-296.933;-83.09735;-51.18555;-230.8612;-89.7746;4.397461;-296.933;-83.09735;-51.18555
4587.917;-230.6693;-89.71649;16.51868;-296.7447;-82.96021;-51.14093;-230.6693;-89.71649;16.51868;-296.7447;-82.96021;-51.14093
4596.258;-230.6531;-89.70355;6.931213;-296.9871;-82.95258;-51.16486;-230.6531;-89.70355;6.931213;-296.9871;-82.95258;-51.16486
4604.6;-230.6282;-89.74719;16.57977;-296.8042;-82.9118;-51.19916;-230.6282;-89.74719;16.57977;-296.8042;-82.9118;-51.19916
4612.942;-230.5704;-89.76984;2.916809;-297.1243;-82.89063;-51.23096;-230.5704;-89.76984;2.916809;-297.1243;-82.89063;-51.23096
4621.283;-230.4324;-89.61536;8.813721;-296.9875;-82.84772;-51.27527;-230.4324;-89.61536;8.813721;-296.9875;-82.84772;-51.27527
4629.625;-230.337;-89.66309;9.033752;-297.0197;-82.71765;-51.31311;-230.337;-89.66309;9.033752;-297.0197;-82.71765;-51.31311
4637.967;-230.1829;-89.73102;10.94666;-297.0363;-82.56561;-51.34698;-230.1829;-89.73102;10.94666;-297.0363;-82.56561;-51.34698
4646.308;-230.1352;-89.76727;10.20105;-297.0396;-82.53833;-51.37402;-230.1352;-89.76727;10.20105;-297.0396;-82.53833;-51.37402
4654.65;-230.0033;-89.80023;8.734985;-297.1634;-82.01782;-51.61823;-230.0033;-89.80023;8.734985;-297.1634;-82.01782;-51.61823
4662.992;-229.969;-89.80927;7.333069;-297.172;-81.96222;-51.64307;-229.969;-89.80927;7.333069;-297.172;-81.96222;-51.64307
4671.333;-229.9108;-89.81299;17.02325;-297.0432;-81.89661;-51.7373;-229.9108;-89.81299;17.02325;-297.0432;-81.89661;-51.7373
4679.675;-229.7206;-89.85773;5.16626;-297.2758;-81.8028;-51.7522;-229.7206;-89.85773;5.16626;-297.2758;-81.8028;-51.7522
4688.017;-229.6166;-89.86493;3.266479;-297.3669;-81.63159;-51.71503;-229.6166;-89.86493;3.266479;-297.3669;-81.63159;-51.71503
4696.358;-229.5195;-89.85852;3.765991;-297.624;-81.55865;-51.73419;-229.5195;-89.85852;3.765991;-297.624;-81.55865;-51.73419
4704.7;-229.3889;-89.70068;5.835876;-297.4515;-81.39215;-51.83759;-229.3889;-89.70068;5.835876;-297.4515;-81.39215;-51.83759
4713.042;-229.3626;-89.68414;5.824585;-297.4169;-81.34869;-51.82343;-229.3626;-89.68414;5.824585;-297.4169;-81.34869;-51.82343
4721.383;-229.3091;-89.63568;5.955017;-297.2794;-81.203;-51.78345;-229.3091;-89.63568;5.955017;-297.2794;-81.203;-51.78345
4729.725;-229.2741;-89.57153;5.302429;-297.3275;-81.19141;-51.77673;-229.2741;-89.57153;5.302429;-297.3275;-81.19141;-51.77673
4738.067;-229.2227;-89.55212;3.127991;-297.4181;-81.10358;-51.7663;-229.2227;-89.55212;3.127991;-297.4181;-81.10358;-51.7663
4746.408;-229.0624;-89.5614;3.158081;-297.4236;-81.00122;-51.81744;-229.0624;-89.5614;3.158081;-297.4236;-81.00122;-51.81744
4754.75;-229.0048;-89.62939;9.084961;-297.2382;-80.93036;-51.91138;-229.0048;-89.62939;9.084961;-297.2382;-80.93036;-51.91138
4763.092;-228.974;-89.68872;3.75177;-297.4349;-80.91718;-51.96747;-228.974;-89.68872;3.75177;-297.4349;-80.91718;-51.96747
4771.433;-228.8373;-89.77448;2.413147;-297.5882;-80.87036;-52.02667;-228.8373;-89.77448;2.413147;-297.5882;-80.87036;-52.02667
4779.775;-228.7916;-89.79913;7.620972;-297.644;-80.81427;-52.05493;-228.7916;-89.79913;7.620972;-297.644;-80.81427;-52.05493
4788.117;-228.7238;-89.75824;5.961243;-297.5581;-80.63654;-52.02972;-228.7238;-89.75824;5.961243;-297.5581;-80.63654;-52.02972
4796.458;-228.6876;-89.74103;4.177002;-297.578;-80.62927;-52.00507;-228.6876;-89.74103;4.177002;-297.578;-80.62927;-52.00507
4804.8;-228.5018;-89.73572;7.821594;-297.4137;-80.5249;-51.98743;-228.5018;-89.73572;7.821594;-297.4137;-80.5249;-51.98743
4813.142;-228.4745;-89.55017;3.651184;-297.5342;-80.46808;-52.11414;-228.4745;-89.55017;3.651184;-297.5342;-80.46808;-52.11414
4821.483;-228.415;-89.5791;7.256226;-297.6559;-80.42444;-52.16223;-228.415;-89.5791;7.256226;-297.6559;-80.42444;-52.16223
4829.825;-228.2887;-89.65253;6.620911;-297.691;-80.31592;-52.24249;-228.2887;-89.65253;6.620911;-297.691;-80.31592;-52.24249
4838.167;-228.2192;-89.77765;5.240112;-297.86;-80.35907;-52.3678;-228.2192;-89.77765;5.240112;-297.86;-80.35907;-52.3678
4846.508;-228.2014;-89.7757;1.273987;-297.8437;-80.28217;-52.37781;-228.2014;-89.7757;1.273987;-297.8437;-80.28217;-52.37781
4854.85;-228.1195;-89.77338;7.011719;-297.9585;-80.16608;-52.34637;-228.1195;-89.77338;7.011719;-297.9585;-80.16608;-52.34637
4863.192;-228.0741;-89.75854;6.498291;-297.8442;-80.11554;-52.33954;-228.0741;-89.75854;6.498291;-297.8442;-80.11554;-52.33954
4871.533;-227.9462;-89.72638;7.158997;-297.8767;-80.00085;-52.31439;-227.9462;-89.72638;7.158997;-297.8767;-80.00085;-52.31439
4879.875;-227.8809;-89.64923;9.0495;-297.5527;-79.95367;-52.28595;-227.8809;-89.64923;9.0495;-297.5527;-79.95367;-52.28595
4888.217;-227.8749;-89.6496;11.01526;-297.6975;-79.91852;-52.2915;-227.8749;-89.6496;11.01526;-297.6975;-79.91852;-52.2915
4896.558;-227.8575;-89.65131;10.79193;-297.6293;-79.9046;-52.2981;-227.8575;-89.65131;10.79193;-297.6293;-79.9046;-52.2981
4904.9;-227.7585;-89.66968;5.465637;-297.7326;-79.82843;-52.34406;-227.7585;-89.66968;5.465637;-297.7326;-79.82843;-52.34406
4913.242;-227.602;-89.71979;5.442993;-297.7896;-79.75244;-52.35938;-227.602;-89.71979;5.442993;-297.7896;-79.75244;-52.35938
4921.583;-227.5157;-89.76447;6.290771;-297.9683;-79.70862;-52.38098;-227.5157;-89.76447;6.290771;-297.9683;-79.70862;-52.38098
4929.925;-227.5051;-89.75665;11.1781;-297.8495;-79.67932;-52.41992;-227.5051;-89.75665;11.1781;-297.8495;-79.67932;-52.41992
4938.267;-227.4972;-89.59113;4.398865;-297.8424;-79.2312;-52.6015;-227.4972;-89.59113;4.398865;-297.8424;-79.2312;-52.6015
4946.608;-227.4871;-89.58618;5.008179;-297.9554;-79.2254;-52.60712;-227.4871;-89.58618;5.008179;-297.9554;-79.2254;-52.60712
4954.95;-227.4454;-89.55115;9.094971;-297.7873;-79.14294;-52.60858;-227.4454;-89.55115;9.094971;-297.7873;-79.14294;-52.60858
4963.292;-227.4064;-89.54803;9.235413;-297.8141;-79.06183;-52.63062;-227.4064;-89.54803;9.235413;-297.8141;-79.06183;-52.63062
4971.633;-227.248;-89.59558;5.806763;-297.956;-78.95721;-52.63403;-227.248;-89.59558;5.806763;-297.956;-78.95721;-52.63403
4979.975;-227.2266;-89.612;7.297241;-297.8792;-78.96167;-52.65631;-227.2266;-89.612;7.297241;-297.8792;-78.96167;-52.65631
4988.317;-227.1976;-89.61224;5.665833;-297.9022;-78.95471;-52.7088;-227.1976;-89.61224;5.665833;-297.9022;-78.95471;-52.7088
4996.658;-227.1752;-89.61115;6.066345;-297.9232;-78.90033;-52.71729;-227.1752;-89.61115;6.066345;-297.9232;-78.90033;-52.71729
5005;-227.0276;-89.65759;5.957153;-297.9043;-78.75623;-52.73584;-227.0276;-89.65759;5.957153;-297.9043;-78.75623;-52.73584
5013.342;-227.0287;-89.65405;7.060486;-297.9131;-78.73914;-52.7417;-227.0287;-89.65405;7.060486;-297.9131;-78.73914;-52.7417
5021.683;-227.0078;-89.6637;11.67365;-297.9683;-78.66901;-52.77686;-227.0078;-89.6637;11.67365;-297.9683;-78.66901;-52.77686
5030.025;-226.975;-89.68115;11.43616;-298.0228;-78.66058;-52.79047;-226.975;-89.68115;11.43616;-298.0228;-78.66058;-52.79047
5038.367;-226.9337;-89.66315;14.38715;-297.84;-78.60565;-52.80347;-226.9337;-89.66315;14.38715;-297.84;-78.60565;-52.80347
5046.708;-226.8987;-89.69244;13.96027;-297.928;-78.54816;-52.81165;-226.8987;-89.69244;13.96027;-297.928;-78.54816;-52.81165
5055.05;-226.7084;-89.73114;6.886108;-298.113;-78.49561;-52.94073;-226.7084;-89.73114;6.886108;-298.113;-78.49561;-52.94073
5063.392;-226.686;-89.73419;6.884399;-298.0448;-78.46631;-52.97095;-226.686;-89.73419;6.884399;-298.0448;-78.46631;-52.97095
5071.733;-226.6168;-89.73376;6.955444;-298.0183;-78.35571;-52.96704;-226.6168;-89.73376;6.955444;-298.0183;-78.35571;-52.96704
5080.075;-226.5562;-89.76086;8.358215;-298.0634;-78.28345;-52.98822;-226.5562;-89.76086;8.358215;-298.0634;-78.28345;-52.98822
5088.417;-226.4136;-89.58868;6.730591;-298.0878;-78.20569;-53.02521;-226.4136;-89.58868;6.730591;-298.0878;-78.20569;-53.02521
5096.758;-226.3967;-89.58057;6.779236;-298.1709;-78.17627;-53.02844;-226.3967;-89.58057;6.779236;-298.1709;-78.17627;-53.02844
5105.1;-226.3572;-89.57758;7.181824;-298.2068;-78.11823;-53.03625;-226.3572;-89.57758;7.181824;-298.2068;-78.11823;-53.03625
5113.442;-226.2993;-89.61487;7.309692;-298.2615;-78.05298;-53.04816;-226.2993;-89.61487;7.309692;-298.2615;-78.05298;-53.04816
5121.783;-226.2622;-89.62012;6.056702;-298.2346;-78.03882;-53.05725;-226.2622;-89.62012;6.056702;-298.2346;-78.03882;-53.05725
5130.125;-226.2451;-89.62585;8.295105;-298.0495;-78.01825;-53.07745;-226.2451;-89.62585;8.295105;-298.0495;-78.01825;-53.07745
5138.467;-226.2345;-89.6358;7.385925;-298.2326;-78.0152;-53.0871;-226.2345;-89.6358;7.385925;-298.2326;-78.0152;-53.0871
5146.808;-226.1995;-89.65533;7.38501;-298.3479;-77.98352;-53.1358;-226.1995;-89.65533;7.38501;-298.3479;-77.98352;-53.1358
5155.15;-226.0771;-89.69299;7.049255;-298.3159;-77.8703;-53.14728;-226.0771;-89.69299;7.049255;-298.3159;-77.8703;-53.14728
5163.492;-226.0638;-89.70667;15.95215;-298.1096;-77.83496;-53.16504;-226.0638;-89.70667;15.95215;-298.1096;-77.83496;-53.16504
5171.833;-225.9789;-89.75342;12.82556;-298.2234;-77.78845;-53.19421;-225.9789;-89.75342;12.82556;-298.2234;-77.78845;-53.19421
5180.175;-225.972;-89.76221;13.01685;-298.2183;-77.76801;-53.21338;-225.972;-89.76221;13.01685;-298.2183;-77.76801;-53.21338
5188.517;-225.8939;-89.78882;6.094788;-298.6406;-77.72235;-53.24292;-225.8939;-89.78882;6.094788;-298.6406;-77.72235;-53.24292
5196.858;-225.8652;-89.7735;6.181946;-298.701;-77.6842;-53.23645;-225.8652;-89.7735;6.181946;-298.701;-77.6842;-53.23645
5205.2;-225.8177;-89.76971;12.14014;-298.5479;-77.63324;-53.23804;-225.8177;-89.76971;12.14014;-298.5479;-77.63324;-53.23804
5213.542;-225.7787;-89.76031;4.487793;-298.6395;-77.59912;-53.23889;-225.7787;-89.76031;4.487793;-298.6395;-77.59912;-53.23889
5221.883;-225.7302;-89.75909;15.3606;-298.3693;-77.55737;-53.2442;-225.7302;-89.75909;15.3606;-298.3693;-77.55737;-53.2442
5230.225;-225.6795;-89.75311;8.316528;-298.3796;-77.47577;-53.37073;-225.6795;-89.75311;8.316528;-298.3796;-77.47577;-53.37073
5238.567;-225.5244;-89.80652;11.98517;-298.439;-77.39264;-53.40363;-225.5244;-89.80652;11.98517;-298.439;-77.39264;-53.40363
5246.908;-225.4877;-89.62683;12.0799;-298.4526;-77.3335;-53.42932;-225.4877;-89.62683;12.0799;-298.4526;-77.3335;-53.42932
5255.25;-225.4508;-89.64185;8.032104;-298.7201;-77.33612;-53.45868;-225.4508;-89.64185;8.032104;-298.7201;-77.33612;-53.45868
5263.592;-225.4485;-89.63483;7.014832;-298.7058;-77.31604;-53.46533;-225.4485;-89.63483;7.014832;-298.7058;-77.31604;-53.46533
5271.933;-225.4105;-89.63086;6.764954;-298.6259;-77.25488;-53.48584;-225.4105;-89.63086;6.764954;-298.6259;-77.25488;-53.48584
5280.275;-225.3788;-89.61194;6.967224;-298.6267;-77.22467;-53.49194;-225.3788;-89.61194;6.967224;-298.6267;-77.22467;-53.49194
5288.617;-225.2452;-89.62567;6.433289;-298.5993;-77.17499;-53.49091;-225.2452;-89.62567;6.433289;-298.5993;-77.17499;-53.49091
5296.958;-225.209;-89.69177;6.185303;-298.6444;-76.72961;-53.55707;-225.209;-89.69177;6.185303;-298.6444;-76.72961;-53.55707
5305.3;-225.1855;-89.6958;6.996826;-298.7403;-76.6994;-53.62646;-225.1855;-89.6958;6.996826;-298.7403;-76.6994;-53.62646
5313.642;-225.1672;-89.71002;7.4422;-298.7647;-76.69843;-53.65271;-225.1672;-89.71002;7.4422;-298.7647;-76.69843;-53.65271
5321.983;-225.0255;-89.74396;6.304077;-298.729;-76.61816;-53.67566;-225.0255;-89.74396;6.304077;-298.729;-76.61816;-53.67566
5330.325;-225.0256;-89.72797;8.343323;-298.7693;-76.5777;-53.67291;-225.0256;-89.72797;8.343323;-298.7693;-76.5777;-53.67291
5338.667;-225.0157;-89.69202;5.817871;-298.7886;-76.49646;-53.74506;-225.0157;-89.69202;5.817871;-298.7886;-76.49646;-53.74506
5347.008;-225.0009;-89.6994;6.491638;-298.72;-76.48181;-53.73969;-225.0009;-89.6994;6.491638;-298.72;-76.48181;-53.73969
5355.35;-224.9708;-89.65912;5.117859;-298.8198;-76.35144;-53.73676;-224.9708;-89.65912;5.117859;-298.8198;-76.35144;-53.73676
5363.692;-224.9615;-89.65845;6.955017;-298.7229;-76.35767;-53.73102;-224.9615;-89.65845;6.955017;-298.7229;-76.35767;-53.73102
5372.033;-224.9058;-89.6861;7.567261;-298.7897;-76.30566;-53.76135;-224.9058;-89.6861;7.567261;-298.7897;-76.30566;-53.76135
5380.375;-224.8898;-89.70728;4.349609;-298.9308;-76.28656;-53.78918;-224.8898;-89.70728;4.349609;-298.9308;-76.28656;-53.78918
5388.717;-224.7396;-89.74115;6.637939;-298.7011;-76.27405;-53.84882;-224.7396;-89.74115;6.637939;-298.7011;-76.27405;-53.84882
5397.058;-224.7266;-89.73724;5.907349;-298.7443;-76.20306;-53.8454;-224.7266;-89.73724;5.907349;-298.7443;-76.20306;-53.8454
5405.4;-224.7177;-89.73193;7.841553;-298.777;-76.18164;-53.84814;-224.7177;-89.73193;7.841553;-298.777;-76.18164;-53.84814
5413.742;-224.6935;-89.69946;7.406067;-298.7794;-76.1579;-53.83594;-224.6935;-89.69946;7.406067;-298.7794;-76.1579;-53.83594
5422.083;-224.6639;-89.67218;6.409241;-298.6923;-76.09576;-53.83783;-224.6639;-89.67218;6.409241;-298.6923;-76.09576;-53.83783
5430.425;-224.6229;-89.65137;7.180054;-298.5991;-76.04852;-53.84778;-224.6229;-89.65137;7.180054;-298.5991;-76.04852;-53.84778
5438.767;-224.2856;-89.46191;6.041931;-298.65;-76.01373;-53.84381;-224.2856;-89.46191;6.041931;-298.65;-76.01373;-53.84381
5447.108;-224.2746;-89.47156;5.94397;-298.6883;-75.92841;-53.85822;-224.2746;-89.47156;5.94397;-298.6883;-75.92841;-53.85822
5455.45;-224.2321;-89.49304;14.76703;-298.7866;-75.8313;-53.88812;-224.2321;-89.49304;14.76703;-298.7866;-75.8313;-53.88812
5463.792;-224.1794;-89.49493;14.6637;-298.7881;-75.81238;-53.93225;-224.1794;-89.49493;14.6637;-298.7881;-75.81238;-53.93225
5472.133;-224.2045;-89.50702;6.126282;-298.7968;-75.76471;-53.91614;-224.2045;-89.50702;6.126282;-298.7968;-75.76471;-53.91614
5480.475;-224.0416;-89.48676;6.490295;-298.8536;-75.73865;-53.9425;-224.0416;-89.48676;6.490295;-298.8536;-75.73865;-53.9425
5488.817;-224.0273;-89.47375;6.488953;-298.8069;-75.72046;-53.94873;-224.0273;-89.47375;6.488953;-298.8069;-75.72046;-53.94873
5497.158;-224.0132;-89.46759;7.513306;-298.7967;-75.69415;-53.96716;-224.0132;-89.46759;7.513306;-298.7967;-75.69415;-53.96716
5505.5;-223.9882;-89.46545;6.762939;-298.8586;-75.60394;-53.99323;-223.9882;-89.46545;6.762939;-298.8586;-75.60394;-53.99323
5513.842;-223.951;-89.47583;6.60144;-298.8113;-75.54657;-54.02277;-223.951;-89.47583;6.60144;-298.8113;-75.54657;-54.02277
5522.183;-223.8123;-89.49933;6.026245;-298.8276;-75.48138;-54.10986;-223.8123;-89.49933;6.026245;-298.8276;-75.48138;-54.10986
5530.525;-223.7925;-89.49786;7.894043;-298.8173;-75.45215;-54.13458;-223.7925;-89.49786;7.894043;-298.8173;-75.45215;-54.13458
5538.867;-223.7386;-89.47632;7.8479;-298.866;-75.37183;-54.14099;-223.7386;-89.47632;7.8479;-298.866;-75.37183;-54.14099
5547.208;-223.7161;-89.44098;8.106079;-298.8832;-75.33337;-54.14435;-223.7161;-89.44098;8.106079;-298.8832;-75.33337;-54.14435
5555.55;-223.5471;-89.47034;7.957214;-298.8425;-75.23779;-54.13379;-223.5471;-89.47034;7.957214;-298.8425;-75.23779;-54.13379
5563.892;-223.533;-89.45569;7.689575;-298.81;-75.19702;-54.11469;-223.533;-89.45569;7.689575;-298.81;-75.19702;-54.11469
5572.233;-223.4972;-89.31573;7.00061;-298.8859;-75.16089;-54.12903;-223.4972;-89.31573;7.00061;-298.8859;-75.16089;-54.12903
5580.575;-223.4941;-89.31372;7.130005;-298.8683;-75.0979;-54.13489;-223.4941;-89.31372;7.130005;-298.8683;-75.0979;-54.13489
5588.917;-223.4881;-89.30884;6.949951;-298.9086;-75.12726;-54.15265;-223.4881;-89.30884;6.949951;-298.9086;-75.12726;-54.15265
5597.258;-223.4755;-89.29688;13.13879;-298.83;-75.09338;-54.15802;-223.4755;-89.29688;13.13879;-298.83;-75.09338;-54.15802
5605.6;-223.442;-89.28729;7.921265;-298.7938;-75.08807;-54.172;-223.442;-89.28729;7.921265;-298.7938;-75.08807;-54.172
5613.942;-223.4208;-89.27185;8.592529;-298.8954;-75.00159;-54.19275;-223.4208;-89.27185;8.592529;-298.8954;-75.00159;-54.19275
5622.283;-223.3898;-89.24384;7.43689;-298.7288;-74.9715;-54.17688;-223.3898;-89.24384;7.43689;-298.7288;-74.9715;-54.17688
5630.625;-223.3247;-89.22742;6.732117;-298.8243;-74.9361;-54.16431;-223.3247;-89.22742;6.732117;-298.8243;-74.9361;-54.16431
5638.967;-223.2806;-89.19586;18.36548;-298.8428;-74.87341;-54.16864;-223.2806;-89.19586;18.36548;-298.8428;-74.87341;-54.16864
5647.308;-223.2626;-89.18378;7.847107;-298.7507;-74.85944;-54.17523;-223.2626;-89.18378;7.847107;-298.7507;-74.85944;-54.17523
5655.65;-223.2508;-89.18713;7.459229;-298.7221;-74.82281;-54.18939;-223.2508;-89.18713;7.459229;-298.7221;-74.82281;-54.18939
5663.992;-223.2413;-89.17358;8.888062;-298.7192;-74.8067;-54.19928;-223.2413;-89.17358;8.888062;-298.7192;-74.8067;-54.19928
5672.333;-223.2133;-89.14984;7.54718;-298.7915;-74.79535;-54.20172;-223.2133;-89.14984;7.54718;-298.7915;-74.79535;-54.20172
5680.675;-223.2021;-89.13708;7.18988;-298.8297;-74.75574;-54.17896;-223.2021;-89.13708;7.18988;-298.8297;-74.75574;-54.17896
5689.017;-223.2114;-89.06079;8.498413;-298.7399;-74.70563;-54.17773;-223.2114;-89.06079;8.498413;-298.7399;-74.70563;-54.17773
5697.358;-223.1989;-89.05627;8.166748;-298.6855;-74.6582;-54.1759;-223.1989;-89.05627;8.166748;-298.6855;-74.6582;-54.1759
5705.7;-223.1655;-89.08801;7.155945;-298.8261;-74.69678;-54.21906;-223.1655;-89.08801;7.155945;-298.8261;-74.69678;-54.21906
5714.042;-223.1495;-89.0965;10.15515;-298.8894;-74.68958;-54.23578;-223.1495;-89.0965;10.15515;-298.8894;-74.68958;-54.23578
5722.383;-223.1401;-89.09961;7.269104;-298.916;-74.67059;-54.26959;-223.1401;-89.09961;7.269104;-298.916;-74.67059;-54.26959
5730.725;-223.1315;-89.10876;6.044067;-298.9407;-74.6618;-54.29572;-223.1315;-89.10876;6.044067;-298.9407;-74.6618;-54.29572
5739.067;-223.1325;-89.12286;4.711121;-299.1296;-74.63342;-54.37421;-223.1325;-89.12286;4.711121;-299.1296;-74.63342;-54.37421
5747.408;-223.1212;-89.12915;6.934692;-298.9914;-74.63428;-54.37598;-223.1212;-89.12915;6.934692;-298.9914;-74.63428;-54.37598
5755.75;-223.0507;-89.12695;8.136597;-298.9314;-74.60944;-54.3786;-223.0507;-89.12695;8.136597;-298.9314;-74.60944;-54.3786
5764.092;-223.03;-89.10352;8.236572;-298.9973;-74.5304;-54.37457;-223.03;-89.10352;8.236572;-298.9973;-74.5304;-54.37457
5772.433;-222.9001;-89.08044;8.027893;-298.9695;-74.36914;-54.43744;-222.9001;-89.08044;8.027893;-298.9695;-74.36914;-54.43744
5780.775;-222.8915;-89.07452;7.902588;-298.9611;-74.35016;-54.42993;-222.8915;-89.07452;7.902588;-298.9611;-74.35016;-54.42993
5789.117;-222.8795;-89.04395;8.208679;-298.9157;-74.27887;-54.40491;-222.8795;-89.04395;8.208679;-298.9157;-74.27887;-54.40491
5797.458;-222.8421;-89.03088;8.749084;-298.9448;-74.27136;-54.41187;-222.8421;-89.03088;8.749084;-298.9448;-74.27136;-54.41187
5805.8;-222.8033;-89.01471;12.9881;-298.9161;-74.29541;-54.41992;-222.8033;-89.01471;12.9881;-298.9161;-74.29541;-54.41992
5814.142;-222.7721;-89.00342;8.078491;-298.9758;-74.29419;-54.44275;-222.7721;-89.00342;8.078491;-298.9758;-74.29419;-54.44275
5822.483;-222.8221;-88.96667;6.853394;-299.0969;-74.271;-54.45117;-222.8221;-88.96667;6.853394;-299.0969;-74.271;-54.45117
5830.825;-222.8304;-88.95197;7.651733;-298.9163;-74.30853;-54.46704;-222.8304;-88.95197;7.651733;-298.9163;-74.30853;-54.46704
5839.167;-222.8947;-88.90118;7.698914;-299.0035;-74.26654;-54.45062;-222.8947;-88.90118;7.698914;-299.0035;-74.26654;-54.45062
5847.508;-222.8995;-88.85419;7.717651;-299.018;-74.29199;-54.42853;-222.8995;-88.85419;7.717651;-299.018;-74.29199;-54.42853
5855.85;-222.9263;-88.7829;9.05127;-298.9322;-74.25989;-54.44128;-222.9263;-88.7829;9.05127;-298.9322;-74.25989;-54.44128
5864.192;-222.9385;-88.75458;9.243896;-298.9158;-74.27649;-54.4184;-222.9385;-88.75458;9.243896;-298.9158;-74.27649;-54.4184
5872.533;-222.931;-88.73352;7.174133;-298.9102;-74.23175;-54.41785;-222.931;-88.73352;7.174133;-298.9102;-74.23175;-54.41785
5880.875;-222.8798;-88.67084;4.805481;-298.8252;-74.22321;-54.4502;-222.8798;-88.67084;4.805481;-298.8252;-74.22321;-54.4502
5889.217;-222.879;-88.66705;4.33728;-298.8707;-73.98334;-54.00275;-222.879;-88.66705;4.33728;-298.8707;-73.98334;-54.00275
5897.558;-222.8605;-88.67273;8.527283;-298.7571;-73.96161;-54.00146;-222.8605;-88.67273;8.527283;-298.7571;-73.96161;-54.00146
5905.9;-222.842;-88.64526;5.716797;-298.8616;-73.93457;-53.99622;-222.842;-88.64526;5.716797;-298.8616;-73.93457;-53.99622
5914.242;-222.8342;-88.63397;5.519592;-298.7993;-73.92737;-53.99902;-222.8342;-88.63397;5.519592;-298.7993;-73.92737;-53.99902
5922.583;-222.8245;-88.64014;6.382263;-298.8579;-73.91187;-54.01697;-222.8245;-88.64014;6.382263;-298.8579;-73.91187;-54.01697
5930.925;-222.833;-88.61658;6.260254;-298.838;-73.87457;-54.01904;-222.833;-88.61658;6.260254;-298.838;-73.87457;-54.01904
5939.267;-222.7786;-88.57874;7.792908;-298.968;-73.73865;-53.9906;-222.7786;-88.57874;7.792908;-298.968;-73.73865;-53.9906
5947.608;-222.7573;-88.5672;7.841003;-298.8866;-73.75372;-53.9989;-222.7573;-88.5672;7.841003;-298.8866;-73.75372;-53.9989
5955.95;-222.7394;-88.51038;6.932312;-298.7626;-73.75018;-53.99707;-222.7394;-88.51038;6.932312;-298.7626;-73.75018;-53.99707
5964.292;-222.7352;-88.51575;8.063049;-298.8055;-73.75269;-54.00879;-222.7352;-88.51575;8.063049;-298.8055;-73.75269;-54.00879
5972.633;-222.4854;-88.36346;5.941101;-298.7982;-73.73785;-54.01526;-222.4854;-88.36346;5.941101;-298.7982;-73.73785;-54.01526
5980.975;-222.4732;-88.36224;5.62439;-298.9582;-73.72809;-54.01959;-222.4732;-88.36224;5.62439;-298.9582;-73.72809;-54.01959
5989.317;-222.453;-88.35968;7.171936;-298.9096;-73.72101;-54.04022;-222.453;-88.35968;7.171936;-298.9096;-73.72101;-54.04022
5997.658;-222.4334;-88.35864;7.122986;-298.9258;-73.70862;-54.05804;-222.4334;-88.35864;7.122986;-298.9258;-73.70862;-54.05804
6006;-222.3843;-88.34583;6.753967;-298.9772;-73.67731;-54.05621;-222.3843;-88.34583;6.753967;-298.9772;-73.67731;-54.05621
6014.342;-222.3201;-88.31921;15.76801;-298.8561;-73.64685;-54.05939;-222.3201;-88.31921;15.76801;-298.8561;-73.64685;-54.05939
6022.683;-222.2105;-88.30371;6.883911;-298.9668;-73.42914;-54.19635;-222.2105;-88.30371;6.883911;-298.9668;-73.42914;-54.19635
6031.025;-222.1926;-88.30151;7.075928;-298.883;-73.41974;-54.20721;-222.1926;-88.30151;7.075928;-298.883;-73.41974;-54.20721
6039.367;-222.1333;-88.29669;7.263245;-299.0018;-73.37537;-54.20953;-222.1333;-88.29669;7.263245;-299.0018;-73.37537;-54.20953
6047.708;-222.118;-88.28571;7.021912;-299.0224;-73.33417;-54.21075;-222.118;-88.28571;7.021912;-299.0224;-73.33417;-54.21075
6056.05;-222.0878;-88.25543;7.185303;-298.9559;-73.35022;-54.21265;-222.0878;-88.25543;7.185303;-298.9559;-73.35022;-54.21265
6064.392;-222.0833;-88.24902;5.843567;-298.9504;-73.30188;-54.21332;-222.0833;-88.24902;5.843567;-298.9504;-73.30188;-54.21332
6072.733;-222.0933;-88.22955;6.899292;-298.9805;-73.30896;-54.21686;-222.0933;-88.22955;6.899292;-298.9805;-73.30896;-54.21686
6081.075;-222.0826;-88.20471;7.960449;-299.0142;-73.26678;-54.2218;-222.0826;-88.20471;7.960449;-299.0142;-73.26678;-54.2218
6089.417;-222.0242;-88.17993;5.503418;-298.8404;-73.14862;-54.20105;-222.0242;-88.17993;5.503418;-298.8404;-73.14862;-54.20105
6097.758;-221.9916;-88.16345;13.9566;-298.8548;-73.12762;-54.20337;-221.9916;-88.16345;13.9566;-298.8548;-73.12762;-54.20337
6106.1;-221.9047;-88.15631;10.10754;-299.0376;-73.11853;-54.20587;-221.9047;-88.15631;10.10754;-299.0376;-73.11853;-54.20587
6114.442;-221.8842;-88.1582;8.550842;-299.0259;-73.09192;-54.22308;-221.8842;-88.1582;8.550842;-299.0259;-73.09192;-54.22308
6122.783;-221.8514;-88.16522;7.079529;-298.9282;-73.07495;-54.23456;-221.8514;-88.16522;7.079529;-298.9282;-73.07495;-54.23456
6131.125;-221.8212;-88.17041;6.781006;-298.9756;-73.06653;-54.25146;-221.8212;-88.17041;6.781006;-298.9756;-73.06653;-54.25146
6139.467;-221.7706;-88.15375;5.010498;-298.9454;-73.03619;-54.2666;-221.7706;-88.15375;5.010498;-298.9454;-73.03619;-54.2666
6147.808;-221.7617;-88.14697;4.846619;-298.9555;-73.03174;-54.27655;-221.7617;-88.14697;4.846619;-298.9555;-73.03174;-54.27655
6156.15;-221.7064;-88.12885;6.922607;-298.9566;-72.86487;-54.23999;-221.7064;-88.12885;6.922607;-298.9566;-72.86487;-54.23999
6164.492;-221.6601;-88.117;7.28479;-298.9294;-72.86609;-54.23669;-221.6601;-88.117;7.28479;-298.9294;-72.86609;-54.23669
6172.833;-221.4938;-87.96509;7.70343;-298.9787;-72.80035;-54.23663;-221.4938;-87.96509;7.70343;-298.9787;-72.80035;-54.23663
6181.175;-221.4719;-87.97229;4.38623;-299.0216;-72.78534;-54.23749;-221.4719;-87.97229;4.38623;-299.0216;-72.78534;-54.23749
6189.517;-221.4531;-87.96948;6.949402;-299.0598;-72.64441;-54.22351;-221.4531;-87.96948;6.949402;-299.0598;-72.64441;-54.22351
6197.858;-221.443;-87.96149;5.643982;-299.073;-72.6745;-54.23865;-221.443;-87.96149;5.643982;-299.073;-72.6745;-54.23865
6206.2;-221.437;-87.96295;12.8938;-298.9473;-72.66211;-54.26477;-221.437;-87.96295;12.8938;-298.9473;-72.66211;-54.26477
6214.542;-221.4314;-87.94849;14.04376;-298.9368;-72.67035;-54.26782;-221.4314;-87.94849;14.04376;-298.9368;-72.67035;-54.26782
6222.883;-221.45;-87.88379;7.319763;-299.0061;-72.67035;-54.24902;-221.45;-87.88379;7.319763;-299.0061;-72.67035;-54.24902
6231.225;-221.4564;-87.84637;7.385132;-298.9846;-72.63678;-54.22345;-221.4564;-87.84637;7.385132;-298.9846;-72.63678;-54.22345
6239.567;-221.4813;-87.73322;7.162964;-299.0419;-72.61975;-54.20105;-221.4813;-87.73322;7.162964;-299.0419;-72.61975;-54.20105
6247.908;-221.4866;-87.70691;5.603699;-298.9603;-72.5993;-54.19263;-221.4866;-87.70691;5.603699;-298.9603;-72.5993;-54.19263
6256.25;-221.4789;-87.65466;7.018799;-298.9166;-72.57501;-54.18921;-221.4789;-87.65466;7.018799;-298.9166;-72.57501;-54.18921
6264.592;-221.4674;-87.64978;11.1756;-298.84;-72.53888;-54.18152;-221.4674;-87.64978;11.1756;-298.84;-72.53888;-54.18152
6272.933;-221.4431;-87.65369;6.210388;-298.9025;-72.51239;-54.19861;-221.4431;-87.65369;6.210388;-298.9025;-72.51239;-54.19861
6281.275;-221.408;-87.6474;7.804138;-298.7804;-72.48303;-54.39685;-221.408;-87.6474;7.804138;-298.7804;-72.48303;-54.39685
6289.617;-221.3627;-87.64667;7.668274;-298.9316;-72.44318;-54.39685;-221.3627;-87.64667;7.668274;-298.9316;-72.44318;-54.39685
6297.958;-221.3021;-87.62579;6.748474;-298.9498;-72.3642;-54.38751;-221.3021;-87.62579;6.748474;-298.9498;-72.3642;-54.38751
6306.3;-221.1974;-87.63916;5.643005;-298.9223;-72.20282;-54.35889;-221.1974;-87.63916;5.643005;-298.9223;-72.20282;-54.35889
6314.642;-221.1888;-87.58478;6.854919;-298.9296;-72.17932;-54.36212;-221.1888;-87.58478;6.854919;-298.9296;-72.17932;-54.36212
6322.983;-221.1321;-87.55963;7.024231;-298.8979;-72.08411;-54.33948;-221.1321;-87.55963;7.024231;-298.8979;-72.08411;-54.33948
6331.325;-221.0801;-87.53546;6.428101;-298.9911;-72.05249;-54.34906;-221.0801;-87.53546;6.428101;-298.9911;-72.05249;-54.34906
6339.667;-221.0001;-87.56799;8.805542;-298.8803;-71.95813;-54.33679;-221.0001;-87.56799;8.805542;-298.8803;-71.95813;-54.33679
6348.008;-220.9711;-87.5675;7.283325;-298.9903;-71.95752;-54.34979;-220.9711;-87.5675;7.283325;-298.9903;-71.95752;-54.34979
6356.35;-220.973;-87.55798;9.133911;-298.9218;-71.96155;-54.37238;-220.973;-87.55798;9.133911;-298.9218;-71.96155;-54.37238
6364.692;-220.7759;-87.49091;9.360107;-298.941;-71.97565;-54.38788;-220.7759;-87.49091;9.360107;-298.941;-71.97565;-54.38788
6373.033;-220.7805;-87.45673;6.161804;-298.9473;-71.96381;-54.38422;-220.7805;-87.45673;6.161804;-298.9473;-71.96381;-54.38422
6381.375;-220.7835;-87.44995;8.260071;-298.887;-71.94666;-54.37604;-220.7835;-87.44995;8.260071;-298.887;-71.94666;-54.37604
6389.717;-220.7583;-87.38251;11.0564;-298.9797;-71.87256;-54.34137;-220.7583;-87.38251;11.0564;-298.9797;-71.87256;-54.34137
6398.058;-220.7573;-87.37616;4.669495;-299.0537;-71.85468;-54.33789;-220.7573;-87.37616;4.669495;-299.0537;-71.85468;-54.33789
6406.4;-220.7324;-87.37238;8.522461;-298.9413;-71.8446;-54.34167;-220.7324;-87.37238;8.522461;-298.9413;-71.8446;-54.34167
6414.742;-220.6771;-87.37219;8.05719;-298.9629;-71.8175;-54.35461;-220.6771;-87.37219;8.05719;-298.9629;-71.8175;-54.35461
6423.083;-220.585;-87.4021;8.868774;-298.9595;-70.90082;-54.5921;-220.585;-87.4021;8.868774;-298.9595;-70.90082;-54.5921
6431.425;-220.4598;-87.2782;8.657532;-298.8095;-70.9032;-54.62469;-220.4598;-87.2782;8.657532;-298.8095;-70.9032;-54.62469
6439.767;-220.442;-87.28052;9.317383;-298.9606;-70.84784;-54.64746;-220.442;-87.28052;9.317383;-298.9606;-70.84784;-54.64746
6448.108;-220.4072;-87.27222;8.621582;-298.9509;-70.83081;-54.65381;-220.4072;-87.27222;8.621582;-298.9509;-70.83081;-54.65381
6456.45;-220.4141;-87.25006;10.44708;-298.948;-70.73444;-54.62415;-220.4141;-87.25006;10.44708;-298.948;-70.73444;-54.62415
6464.792;-220.3831;-87.22137;4.255127;-299.11;-70.71619;-54.61981;-220.3831;-87.22137;4.255127;-299.11;-70.71619;-54.61981
6473.133;-220.3726;-87.20081;9.135315;-298.9355;-70.67401;-54.57593;-220.3726;-87.20081;9.135315;-298.9355;-70.67401;-54.57593
6481.475;-220.3326;-87.16388;8.090881;-298.9231;-70.61163;-54.54767;-220.3326;-87.16388;8.090881;-298.9231;-70.61163;-54.54767
6489.817;-220.3374;-87.16895;5.323059;-298.954;-70.60187;-54.52161;-220.3374;-87.16895;5.323059;-298.954;-70.60187;-54.52161
6498.158;-220.3194;-87.17651;6.382629;-298.9429;-70.59772;-54.53516;-220.3194;-87.17651;6.382629;-298.9429;-70.59772;-54.53516
6506.5;-220.3121;-87.16345;9.022522;-298.9583;-70.60535;-54.55829;-220.3121;-87.16345;9.022522;-298.9583;-70.60535;-54.55829
6514.842;-220.2874;-87.16949;6.796021;-299.0881;-70.59412;-54.57983;-220.2874;-87.16949;6.796021;-299.0881;-70.59412;-54.57983
6523.183;-220.2641;-87.16962;8.205261;-298.8877;-70.55139;-54.58746;-220.2641;-87.16962;8.205261;-298.8877;-70.55139;-54.58746
6531.525;-220.2499;-87.15771;8.130432;-298.8878;-70.51648;-54.59924;-220.2499;-87.15771;8.130432;-298.8878;-70.51648;-54.59924
6539.867;-220.2057;-87.1449;6.969482;-298.897;-70.37543;-54.78027;-220.2057;-87.1449;6.969482;-298.897;-70.37543;-54.78027
6548.208;-220.1701;-87.10828;6.910095;-298.8853;-70.35864;-54.78076;-220.1701;-87.10828;6.910095;-298.8853;-70.35864;-54.78076
6556.55;-220.1546;-87.09601;7.861084;-298.8893;-70.36292;-54.7691;-220.1546;-87.09601;7.861084;-298.8893;-70.36292;-54.7691
6564.892;-220.123;-87.08124;7.88031;-298.9014;-70.33441;-54.7641;-220.123;-87.08124;7.88031;-298.9014;-70.33441;-54.7641
6573.233;-220.098;-87.0733;7.12384;-298.9112;-70.31189;-54.7572;-220.098;-87.0733;7.12384;-298.9112;-70.31189;-54.7572
6581.575;-220.0781;-87.07068;7.703125;-298.9107;-70.28241;-54.76605;-220.0781;-87.07068;7.703125;-298.9107;-70.28241;-54.76605
6589.917;-220.0383;-87.05328;6.163574;-298.9616;-70.20734;-54.76489;-220.0383;-87.05328;6.163574;-298.9616;-70.20734;-54.76489
6598.258;-220.021;-87.06262;6.276611;-298.9705;-70.2121;-54.78241;-220.021;-87.06262;6.276611;-298.9705;-70.2121;-54.78241
6606.6;-219.9807;-87.06348;8.890625;-299.0268;-70.19568;-54.79718;-219.9807;-87.06348;8.890625;-299.0268;-70.19568;-54.79718
6614.942;-219.9481;-87.05865;8.842651;-298.9629;-70.18756;-54.80682;-219.9481;-87.05865;8.842651;-298.9629;-70.18756;-54.80682
6623.283;-219.926;-87.04785;6.540283;-298.9581;-70.13214;-54.79974;-219.926;-87.04785;6.540283;-298.9581;-70.13214;-54.79974
6631.625;-219.8985;-87.04504;7.824951;-299.092;-70.10638;-54.80328;-219.8985;-87.04504;7.824951;-299.092;-70.10638;-54.80328
6639.967;-219.863;-87.02576;5.528992;-298.7817;-70.06873;-54.79999;-219.863;-87.02576;5.528992;-298.7817;-70.06873;-54.79999
6648.308;-219.8618;-87.01593;5.216309;-298.8905;-70.06073;-54.80634;-219.8618;-87.01593;5.216309;-298.8905;-70.06073;-54.80634
6656.65;-219.815;-87.01575;7.445679;-298.9219;-70.02576;-54.80872;-219.815;-87.01575;7.445679;-298.9219;-70.02576;-54.80872
6664.992;-219.7906;-87.01477;8.477783;-298.8587;-70.021;-54.8233;-219.7906;-87.01477;8.477783;-298.8587;-70.021;-54.8233
6673.333;-219.7405;-87.01575;9.082031;-298.9595;-69.8877;-54.81226;-219.7405;-87.01575;9.082031;-298.9595;-69.8877;-54.81226
6681.675;-219.7035;-87.02527;9.41571;-298.9294;-69.89728;-54.81927;-219.7035;-87.02527;9.41571;-298.9294;-69.89728;-54.81927
6690.017;-219.7007;-87.0166;9.052673;-298.9401;-69.89178;-54.83789;-219.7007;-87.0166;9.052673;-298.9401;-69.89178;-54.83789
6698.358;-219.6609;-87.03448;8.824829;-298.9344;-69.89734;-54.84058;-219.6609;-87.03448;8.824829;-298.9344;-69.89734;-54.84058
6706.7;-219.6752;-86.98047;6.329834;-298.9319;-69.88501;-54.82269;-219.6752;-86.98047;6.329834;-298.9319;-69.88501;-54.82269
6715.042;-219.6562;-86.95801;6.742188;-298.8991;-69.84131;-54.78815;-219.6562;-86.95801;6.742188;-298.8991;-69.84131;-54.78815
6723.383;-219.6259;-86.9082;6.522888;-298.9273;-69.71173;-54.71924;-219.6259;-86.9082;6.522888;-298.9273;-69.71173;-54.71924
6731.725;-219.6196;-86.88599;6.599915;-298.9497;-69.71375;-54.70953;-219.6196;-86.88599;6.599915;-298.9497;-69.71375;-54.70953
6740.067;-219.5231;-86.87323;9.560425;-298.8798;-69.7027;-54.70691;-219.5231;-86.87323;9.560425;-298.8798;-69.7027;-54.70691
6748.408;-219.5051;-86.87836;10.75458;-298.8681;-69.66876;-54.71594;-219.5051;-86.87836;10.75458;-298.8681;-69.66876;-54.71594
6756.75;-219.453;-86.67236;7.884705;-298.8594;-69.65228;-54.72174;-219.453;-86.67236;7.884705;-298.8594;-69.65228;-54.72174
6765.092;-219.4299;-86.68298;7.670654;-298.8463;-69.64508;-54.73016;-219.4299;-86.68298;7.670654;-298.8463;-69.64508;-54.73016
6773.433;-219.3687;-86.66986;6.177856;-298.9286;-69.59869;-54.7337;-219.3687;-86.66986;6.177856;-298.9286;-69.59869;-54.7337
6781.775;-219.353;-86.6698;6.124817;-298.9193;-69.55835;-54.72748;-219.353;-86.6698;6.124817;-298.9193;-69.55835;-54.72748
6790.117;-219.3527;-86.66223;8.161133;-298.934;-69.54321;-54.72021;-219.3527;-86.66223;8.161133;-298.934;-69.54321;-54.72021
6798.458;-219.3441;-86.65118;8.050781;-298.8472;-69.51563;-54.71393;-219.3441;-86.65118;8.050781;-298.8472;-69.51563;-54.71393
6806.8;-219.3239;-86.59644;9.321716;-298.7874;-69.51105;-54.72144;-219.3239;-86.59644;9.321716;-298.7874;-69.51105;-54.72144
6815.142;-219.2996;-86.60846;6.078125;-298.8465;-69.30798;-54.88239;-219.2996;-86.60846;6.078125;-298.8465;-69.30798;-54.88239
6823.483;-219.2494;-86.63239;6.657288;-298.9249;-69.31091;-54.90594;-219.2494;-86.63239;6.657288;-298.9249;-69.31091;-54.90594
6831.825;-219.196;-86.67279;7.289551;-298.9525;-69.29395;-54.92474;-219.196;-86.67279;7.289551;-298.9525;-69.29395;-54.92474
6840.167;-219.0594;-86.67609;7.165466;-298.8674;-69.25873;-54.93958;-219.0594;-86.67609;7.165466;-298.8674;-69.25873;-54.93958
6848.508;-219.0214;-86.68213;7.899475;-298.9421;-69.18207;-54.94922;-219.0214;-86.68213;7.899475;-298.9421;-69.18207;-54.94922
6856.85;-218.9744;-86.66229;9.55072;-298.8743;-69.05151;-54.9071;-218.9744;-86.66229;9.55072;-298.8743;-69.05151;-54.9071
6865.192;-218.9175;-86.64539;7.988647;-298.8939;-69.04608;-54.90698;-218.9175;-86.64539;7.988647;-298.8939;-69.04608;-54.90698
6873.533;-218.8609;-86.64557;8.948792;-298.8953;-68.90295;-54.86591;-218.8609;-86.64557;8.948792;-298.8953;-68.90295;-54.86591
6881.875;-218.7059;-86.58167;8.522522;-298.8264;-68.78156;-54.8028;-218.7059;-86.58167;8.522522;-298.8264;-68.78156;-54.8028
6890.217;-218.701;-86.58038;8.362488;-298.8793;-68.75226;-54.79199;-218.701;-86.58038;8.362488;-298.8793;-68.75226;-54.79199
6898.558;-218.6716;-86.57477;7.810608;-298.7752;-68.7464;-54.79694;-218.6716;-86.57477;7.810608;-298.7752;-68.7464;-54.79694
6906.9;-218.6697;-86.58112;8.120056;-298.7728;-68.71887;-54.80103;-218.6697;-86.58112;8.120056;-298.7728;-68.71887;-54.80103
6915.242;-218.6538;-86.6004;8.047668;-298.8743;-68.73401;-54.84644;-218.6538;-86.6004;8.047668;-298.8743;-68.73401;-54.84644
6923.583;-218.6569;-86.59961;7.637756;-298.8756;-68.7724;-54.87427;-218.6569;-86.59961;7.637756;-298.8756;-68.7724;-54.87427
6931.925;-218.6608;-86.59436;8.900696;-298.6714;-68.77112;-54.87616;-218.6608;-86.59436;8.900696;-298.6714;-68.77112;-54.87616
6940.267;-218.4427;-86.40692;8.698547;-298.602;-68.74341;-54.86664;-218.4427;-86.40692;8.698547;-298.602;-68.74341;-54.86664
6948.608;-218.4417;-86.36407;5.385742;-298.7351;-68.74591;-54.86023;-218.4417;-86.36407;5.385742;-298.7351;-68.74591;-54.86023
6956.95;-218.4478;-86.29108;6.157227;-298.6693;-68.70441;-54.82263;-218.4478;-86.29108;6.157227;-298.6693;-68.70441;-54.82263
6965.292;-218.4252;-86.28442;5.994324;-298.7413;-68.6936;-54.81934;-218.4252;-86.28442;5.994324;-298.7413;-68.6936;-54.81934
6973.633;-218.4036;-86.29022;7.714111;-298.668;-70.56342;-55.61682;-218.4036;-86.29022;7.714111;-298.668;-70.56342;-55.61682
6981.975;-218.3667;-86.27716;8.282532;-298.7401;-70.9635;-56.01746;-218.3667;-86.27716;8.282532;-298.7401;-70.9635;-56.01746
6990.317;-218.3278;-86.29761;8.579529;-298.7084;-71.01392;-56.07544;-218.3278;-86.29761;8.579529;-298.7084;-71.01392;-56.07544
6998.658;-218.3035;-86.31079;8.824341;-298.8199;-70.98962;-56.08826;-218.3035;-86.31079;8.824341;-298.8199;-70.98962;-56.08826
7007;-218.2515;-86.30438;9.098145;-298.7207;-70.95032;-56.09125;-218.2515;-86.30438;9.098145;-298.7207;-70.95032;-56.09125
7015.342;-218.2139;-86.30023;7.796509;-298.756;-70.90717;-56.08984;-218.2139;-86.30023;7.796509;-298.756;-70.90717;-56.08984
7023.683;-218.1257;-86.31244;6.387756;-298.6849;-70.78711;-56.06244;-218.1257;-86.31244;6.387756;-298.6849;-70.78711;-56.06244
7032.025;-218.1226;-86.28925;6.905273;-298.72;-70.74524;-56.03967;-218.1226;-86.28925;6.905273;-298.72;-70.74524;-56.03967
7040.367;-218.1193;-86.29388;7.142151;-298.7365;-70.57727;-55.92889;-218.1193;-86.29388;7.142151;-298.7365;-70.57727;-55.92889
7048.708;-218.1109;-86.29871;7.77002;-298.7248;-70.46991;-56.04419;-218.1109;-86.29871;7.77002;-298.7248;-70.46991;-56.04419
7057.05;-218.116;-86.2901;7.883057;-298.7086;-70.216;-55.87512;-218.116;-86.2901;7.883057;-298.7086;-70.216;-55.87512
7065.392;-218.1132;-86.28864;6.7854;-298.9547;-70.10565;-55.81244;-218.1132;-86.28864;6.7854;-298.9547;-70.10565;-55.81244
7073.733;-218.1156;-86.27838;8.703552;-298.7166;-70.19751;-55.88477;-218.1156;-86.27838;8.703552;-298.7166;-70.19751;-55.88477
7082.075;-218.1183;-86.26825;10.15381;-298.7083;-70.29907;-55.97247;-218.1183;-86.26825;10.15381;-298.7083;-70.29907;-55.97247
7090.417;-218.1278;-86.23584;8.059082;-298.6741;-70.24805;-55.93976;-218.1278;-86.23584;8.059082;-298.6741;-70.24805;-55.93976
7098.758;-218.1256;-86.22943;7.839966;-298.6174;-70.08447;-55.84198;-218.1256;-86.22943;7.839966;-298.6174;-70.08447;-55.84198
7107.1;-218.1409;-86.18378;7.824829;-298.6828;-69.94946;-55.69672;-218.1409;-86.18378;7.824829;-298.6828;-69.94946;-55.69672
7115.442;-218.1517;-86.17206;10.66357;-298.6151;-70.46149;-55.41968;-218.1517;-86.17206;10.66357;-298.6151;-70.46149;-55.41968
7123.783;-218.1358;-86.15283;11.48853;-298.5406;-70.16656;-55.24597;-218.1358;-86.15283;11.48853;-298.5406;-70.16656;-55.24597
7132.125;-218.1132;-86.16107;8.703613;-298.5314;-69.96283;-55.16309;-218.1132;-86.16107;8.703613;-298.5314;-69.96283;-55.16309
7140.467;-218.0651;-86.13403;10.7063;-298.504;-69.75061;-54.70209;-218.0651;-86.13403;10.7063;-298.504;-69.75061;-54.70209
7148.808;-218.0119;-86.14404;14.72015;-298.3173;-69.82166;-54.93054;-218.0119;-86.14404;14.72015;-298.3173;-69.82166;-54.93054
7157.15;-218.0037;-86.12268;6.934509;-298.5938;-69.64465;-54.81781;-218.0037;-86.12268;6.934509;-298.5938;-69.64465;-54.81781
7165.492;-217.9553;-86.14801;7.179626;-298.392;-69.42157;-54.94421;-217.9553;-86.14801;7.179626;-298.392;-69.42157;-54.94421
7173.833;-217.9603;-86.12769;21;-298;-69.30048;-54.84222;-217.9603;-86.12769;21;-298;-69.30048;-54.84222
7182.175;-217.915;-86.13831;11.64618;-298.3971;-69.85156;-54.34357;-217.915;-86.13831;11.64618;-298.3971;-69.85156;-54.34357
7190.517;-217.9372;-86.10724;6.312439;-298.5679;-69.68201;-54.25452;-217.9372;-86.10724;6.312439;-298.5679;-69.68201;-54.25452
7198.858;-217.929;-86.10736;6.793823;-298.551;-69.48065;-54.29181;-217.929;-86.10736;6.793823;-298.551;-69.48065;-54.29181
7207.2;-217.9169;-86.07343;6.549988;-298.6101;-69.23334;-54.13959;-217.9169;-86.07343;6.549988;-298.6101;-69.23334;-54.13959
7215.542;-217.9158;-86.06934;11.75995;-298.3425;-69.08466;-54.04156;-217.9158;-86.06934;11.75995;-298.3425;-69.08466;-54.04156
7223.883;-217.8588;-86.06116;10.19312;-298.3563;-69.58313;-54.51624;-217.8588;-86.06116;10.19312;-298.3563;-69.58313;-54.51624
7232.225;-217.8298;-86.05603;14.39691;-298.2875;-69.89166;-54.8999;-217.8298;-86.05603;14.39691;-298.2875;-69.89166;-54.8999
7240.567;-217.8214;-86.05756;20.17249;-298.0096;-69.78076;-54.79315;-217.8214;-86.05756;20.17249;-298.0096;-69.78076;-54.79315
7248.908;-217.8141;-86.05743;10.12726;-298.158;-69.63849;-54.74023;-217.8141;-86.05743;10.12726;-298.158;-69.63849;-54.74023
7257.25;-217.7588;-86.02838;8.962097;-298.3704;-69.57343;-54.6723;-217.7588;-86.02838;8.962097;-298.3704;-69.57343;-54.6723
7265.592;-217.7158;-86.02625;18.42859;-298.0768;-69.51758;-54.61102;-217.7158;-86.02625;18.42859;-298.0768;-69.51758;-54.61102
7273.933;-217.6549;-86.00067;18.25012;-298.1277;-69.44366;-54.7738;-217.6549;-86.00067;18.25012;-298.1277;-69.44366;-54.7738
7282.275;-217.5937;-85.99573;8.269531;-298.2213;-69.40387;-54.74994;-217.5937;-85.99573;8.269531;-298.2213;-69.40387;-54.74994
7290.617;-217.5776;-85.94446;21.16034;-297.9217;-69.36511;-54.72559;-217.5776;-85.94446;21.16034;-297.9217;-69.36511;-54.72559
7298.958;-217.5498;-85.9422;17.71252;-297.9849;-69.36182;-54.72449;-217.5498;-85.9422;17.71252;-297.9849;-69.36182;-54.72449
7307.3;-217.5485;-85.91931;7.667053;-298.238;-69.33661;-54.68768;-217.5485;-85.91931;7.667053;-298.238;-69.33661;-54.68768
7315.642;-217.5258;-85.91162;6.203613;-298.2584;-69.21796;-54.61902;-217.5258;-85.91162;6.203613;-298.2584;-69.21796;-54.61902
7323.983;-217.5406;-85.83826;8.185791;-298.1534;-69.7561;-54.35077;-217.5406;-85.83826;8.185791;-298.1534;-69.7561;-54.35077
7332.325;-217.5569;-85.81268;7.97699;-298.1075;-69.72791;-54.32806;-217.5569;-85.81268;7.97699;-298.1075;-69.72791;-54.32806
7340.667;-217.6131;-85.63806;6.426086;-298.0433;-69.7486;-54.30518;-217.6131;-85.63806;6.426086;-298.0433;-69.7486;-54.30518
7349.008;-217.6216;-85.62476;6.56897;-298.0185;-69.75671;-54.28223;-217.6216;-85.62476;6.56897;-298.0185;-69.75671;-54.28223
7357.35;-217.6669;-85.56799;7.010376;-298.0192;-69.60492;-54.75244;-217.6669;-85.56799;7.010376;-298.0192;-69.60492;-54.75244
7365.692;-217.6901;-85.54456;7.18634;-297.9159;-70.00946;-54.98657;-217.6901;-85.54456;7.18634;-297.9159;-70.00946;-54.98657
7374.033;-217.4824;-85.37866;7.062744;-297.8088;-70.03955;-54.99841;-217.4824;-85.37866;7.062744;-297.8088;-70.03955;-54.99841
7382.375;-217.4719;-85.35992;6.927979;-297.7148;-70.04865;-54.99438;-217.4719;-85.35992;6.927979;-297.7148;-70.04865;-54.99438
7390.717;-217.4782;-85.27515;7.73053;-297.6362;-70.07532;-54.99542;-217.4782;-85.27515;7.73053;-297.6362;-70.07532;-54.99542
7399.058;-217.4805;-85.26221;7.444641;-297.6572;-70.07849;-54.9837;-217.4805;-85.26221;7.444641;-297.6572;-70.07849;-54.9837
7407.4;-217.4905;-85.20837;6.224854;-297.5442;-70.07062;-54.96417;-217.4905;-85.20837;6.224854;-297.5442;-70.07062;-54.96417
7415.742;-217.4976;-85.17847;8.993652;-297.4504;-68.79944;-54.45959;-217.4976;-85.17847;8.993652;-297.4504;-68.79944;-54.45959
7424.083;-217.4871;-85.12933;8.634583;-297.2322;-68.94659;-53.97461;-217.4871;-85.12933;8.634583;-297.2322;-68.94659;-53.97461
7432.425;-217.472;-85.05389;9.744873;-297.2471;-68.95135;-53.9696;-217.472;-85.05389;9.744873;-297.2471;-68.95135;-53.9696
7440.767;-217.4417;-85.06897;8.766846;-297.2632;-68.89453;-53.93066;-217.4417;-85.06897;8.766846;-297.2632;-68.89453;-53.93066
7449.108;-217.4022;-85.03687;17.92029;-297.2203;-68.85828;-53.92206;-217.4022;-85.03687;17.92029;-297.2203;-68.85828;-53.92206
7457.45;-217.3356;-85.03882;7.446228;-297.2665;-68.97308;-54.87677;-217.3356;-85.03882;7.446228;-297.2665;-68.97308;-54.87677
7465.792;-217.339;-85.03223;7.700317;-297.2424;-68.8197;-54.99884;-217.339;-85.03223;7.700317;-297.2424;-68.8197;-54.99884
7474.133;-217.3133;-85.01355;7.561401;-297.2378;-68.94922;-54.97308;-217.3133;-85.01355;7.561401;-297.2378;-68.94922;-54.97308
7482.475;-217.3195;-84.90417;7.189758;-297.2674;-68.91302;-54.94928;-217.3195;-84.90417;7.189758;-297.2674;-68.91302;-54.94928
7490.817;-217.3298;-84.87891;6.241028;-297.0574;-68.89862;-54.86023;-217.3298;-84.87891;6.241028;-297.0574;-68.89862;-54.86023
7499.158;-217.4152;-84.70465;8.658569;-296.9278;-68.92303;-54.84662;-217.4152;-84.70465;8.658569;-296.9278;-68.92303;-54.84662
7507.5;-217.4527;-84.69324;6.99646;-296.9001;-68.95612;-54.83429;-217.4527;-84.69324;6.99646;-296.9001;-68.95612;-54.83429
7515.842;-217.5527;-84.80756;5.470459;-296.9466;-68.99188;-54.80713;-217.5527;-84.80756;5.470459;-296.9466;-68.99188;-54.80713
7524.183;-217.684;-84.70367;7.187683;-296.8024;-69.0329;-54.78247;-217.684;-84.70367;7.187683;-296.8024;-69.0329;-54.78247
7532.525;-217.687;-84.67767;6.518982;-296.8354;-69.06232;-54.78253;-217.687;-84.67767;6.518982;-296.8354;-69.06232;-54.78253
7540.867;-217.6967;-84.64886;5.47583;-296.8593;-69.05957;-54.75928;-217.6967;-84.64886;5.47583;-296.8593;-69.05957;-54.75928
7549.208;-217.6911;-84.61035;4.756104;-296.8078;-69.06146;-54.74933;-217.6911;-84.61035;4.756104;-296.8078;-69.06146;-54.74933
7557.55;-217.6746;-84.59247;6.881653;-296.7318;-69.02386;-54.71692;-217.6746;-84.59247;6.881653;-296.7318;-69.02386;-54.71692
7565.892;-217.6338;-84.60675;7.6651;-296.7402;-68.9942;-54.70111;-217.6338;-84.60675;7.6651;-296.7402;-68.9942;-54.70111
7574.233;-217.4088;-84.38733;6.398315;-296.7739;-68.97321;-54.68213;-217.4088;-84.38733;6.398315;-296.7739;-68.97321;-54.68213
7582.575;-217.3729;-84.37799;6.877869;-296.68;-68.93933;-54.65955;-217.3729;-84.37799;6.877869;-296.68;-68.93933;-54.65955
7590.917;-217.3408;-84.35291;6.385803;-296.6606;-68.80884;-54.58807;-217.3408;-84.35291;6.385803;-296.6606;-68.80884;-54.58807
7599.258;-217.2879;-84.32294;6.583557;-296.6082;-69.29651;-54.49445;-217.2879;-84.32294;6.583557;-296.6082;-69.29651;-54.49445
7607.6;-217.194;-84.34351;9.205872;-296.4207;-69.14764;-54.35162;-217.194;-84.34351;9.205872;-296.4207;-69.14764;-54.35162
7615.942;-217.1759;-84.33221;9.242798;-296.4471;-69.11523;-54.33948;-217.1759;-84.33221;9.242798;-296.4471;-69.11523;-54.33948
7624.283;-217.1197;-84.33887;11.67883;-296.3458;-69.01111;-54.31323;-217.1197;-84.33887;11.67883;-296.3458;-69.01111;-54.31323
7632.625;-217.1122;-84.34283;8.841064;-296.376;-68.98621;-54.29419;-217.1122;-84.34283;8.841064;-296.376;-68.98621;-54.29419
7640.967;-217.1085;-84.3382;7.05072;-296.3167;-68.96313;-54.27209;-217.1085;-84.3382;7.05072;-296.3167;-68.96313;-54.27209
7649.308;-217.1265;-84.32074;8.070007;-296.3907;-68.96332;-54.2677;-217.1265;-84.32074;8.070007;-296.3907;-68.96332;-54.2677
7657.65;-217.1412;-84.28516;6.345703;-296.4536;-68.92041;-54.2019;-217.1412;-84.28516;6.345703;-296.4536;-68.92041;-54.2019
7665.992;-217.1531;-84.24347;9.615967;-296.3023;-68.87006;-54.13794;-217.1531;-84.24347;9.615967;-296.3023;-68.87006;-54.13794
7674.333;-217.1432;-84.21887;8.042419;-296.5022;-68.80194;-54.02362;-217.1432;-84.21887;8.042419;-296.5022;-68.80194;-54.02362
7682.675;-217.1472;-84.20709;6.085266;-296.4155;-68.78778;-54.02277;-217.1472;-84.20709;6.085266;-296.4155;-68.78778;-54.02277
7691.017;-217.1784;-84.16852;7.654785;-296.2626;-68.77551;-54.00287;-217.1784;-84.16852;7.654785;-296.2626;-68.77551;-54.00287
7699.358;-217.1714;-84.16138;7.978699;-296.2602;-68.73279;-53.96869;-217.1714;-84.16138;7.978699;-296.2602;-68.73279;-53.96869
7707.7;-217.1246;-84.1637;7.172852;-296.2989;-68.66205;-53.94537;-217.1246;-84.1637;7.172852;-296.2989;-68.66205;-53.94537
7716.042;-217.0943;-84.16022;9.340576;-296.0552;-68.6037;-53.92987;-217.0943;-84.16022;9.340576;-296.0552;-68.6037;-53.92987
7724.383;-217.1205;-84.14417;7.735352;-296.2226;-68.61841;-53.90082;-217.1205;-84.14417;7.735352;-296.2226;-68.61841;-53.90082
7732.725;-217.1322;-84.14313;7.823547;-296.0786;-68.61621;-53.90137;-217.1322;-84.14313;7.823547;-296.0786;-68.61621;-53.90137
7741.067;-217.1192;-84.10156;6.369019;-296.0237;-68.61377;-53.88507;-217.1192;-84.10156;6.369019;-296.0237;-68.61377;-53.88507
7749.408;-217.0993;-84.06763;6.246277;-296.0569;-68.52295;-53.83069;-217.0993;-84.06763;6.246277;-296.0569;-68.52295;-53.83069
7757.75;-217.0955;-84.01892;7.083679;-295.9325;-68.41907;-53.89612;-217.0955;-84.01892;7.083679;-295.9325;-68.41907;-53.89612
7766.092;-217.0793;-84.01135;7.014587;-295.9504;-68.42206;-53.9115;-217.0793;-84.01135;7.014587;-295.9504;-68.42206;-53.9115
7774.433;-217.0823;-84.00861;7.3974;-295.9851;-68.40924;-53.90216;-217.0823;-84.00861;7.3974;-295.9851;-68.40924;-53.90216
7782.775;-217.0854;-83.98138;7.596619;-295.8998;-68.37988;-53.89862;-217.0854;-83.98138;7.596619;-295.8998;-68.37988;-53.89862
7791.117;-217.0516;-83.97791;7.875305;-296.0267;-68.38257;-53.89343;-217.0516;-83.97791;7.875305;-296.0267;-68.38257;-53.89343
7799.458;-217.0486;-83.96997;8.025024;-295.9288;-68.38043;-53.8996;-217.0486;-83.96997;8.025024;-295.9288;-68.38043;-53.8996
7807.8;-217.0924;-83.94421;7.835571;-295.9079;-68.39246;-53.88287;-217.0924;-83.94421;7.835571;-295.9079;-68.39246;-53.88287
7816.142;-217.086;-83.88171;7.22821;-295.9534;-68.38623;-53.87048;-217.086;-83.88171;7.22821;-295.9534;-68.38623;-53.87048
7824.483;-217.1086;-83.78192;7.135193;-295.8582;-68.33936;-53.8302;-217.1086;-83.78192;7.135193;-295.8582;-68.33936;-53.8302
7832.825;-217.0767;-83.76849;8.202332;-295.7648;-68.25653;-53.79285;-217.0767;-83.76849;8.202332;-295.7648;-68.25653;-53.79285
7841.167;-216.959;-83.76129;15.56555;-295.5936;-68.13452;-53.74634;-216.959;-83.76129;15.56555;-295.5936;-68.13452;-53.74634
7849.508;-217.0184;-83.74829;8.041931;-295.7254;-68.15161;-53.74805;-217.0184;-83.74829;8.041931;-295.7254;-68.15161;-53.74805
7857.85;-217.0507;-83.76379;5.653625;-295.8271;-68.22437;-53.78131;-217.0507;-83.76379;5.653625;-295.8271;-68.22437;-53.78131
7866.192;-217.0677;-83.74023;6.230103;-295.8087;-68.21564;-53.77704;-217.0677;-83.74023;6.230103;-295.8087;-68.21564;-53.77704
7874.533;-217.0694;-83.69598;5.251282;-295.8233;-68.24603;-53.77966;-217.0694;-83.69598;5.251282;-295.8233;-68.24603;-53.77966
7882.875;-217.0812;-83.5625;15.23889;-295.3741;-68.23285;-53.72455;-217.0812;-83.5625;15.23889;-295.3741;-68.23285;-53.72455
7891.217;-217.096;-83.54822;16.36786;-295.4225;-68.21777;-53.71466;-217.096;-83.54822;16.36786;-295.4225;-68.21777;-53.71466
7899.558;-216.9652;-83.49921;19.64178;-295.3533;-68.22528;-53.7085;-216.9652;-83.49921;19.64178;-295.3533;-68.22528;-53.7085
7907.9;-217.1516;-83.52045;7.113892;-295.5305;-68.27954;-53.70508;-217.1516;-83.52045;7.113892;-295.5305;-68.27954;-53.70508
7916.242;-217.1498;-83.52917;6.752319;-295.5585;-68.25049;-53.70691;-217.1498;-83.52917;6.752319;-295.5585;-68.25049;-53.70691
7924.583;-216.9439;-83.48602;6.919617;-295.6304;-68.2771;-53.69818;-216.9439;-83.48602;6.919617;-295.6304;-68.2771;-53.69818
7932.925;-216.9584;-83.45679;10.51508;-295.3057;-68.20691;-53.64264;-216.9584;-83.45679;10.51508;-295.3057;-68.20691;-53.64264
7941.267;-216.973;-83.43262;6.807129;-295.5779;-68.24634;-53.64075;-216.973;-83.43262;6.807129;-295.5779;-68.24634;-53.64075
7949.608;-217.0161;-83.4054;12.41205;-295.2245;-68.74402;-53.36627;-217.0161;-83.4054;12.41205;-295.2245;-68.74402;-53.36627
7957.95;-217.0118;-83.30829;15.89484;-295.1581;-68.70453;-53.2998;-217.0118;-83.30829;15.89484;-295.1581;-68.70453;-53.2998
7966.292;-217.0003;-83.27112;9.200867;-295.0422;-68.63843;-53.24512;-217.0003;-83.27112;9.200867;-295.0422;-68.63843;-53.24512
7974.633;-217.0063;-83.21826;17.25763;-295.0081;-68.59369;-53.15784;-217.0063;-83.21826;17.25763;-295.0081;-68.59369;-53.15784
7982.975;-217.0147;-83.20935;15.91138;-295.0649;-68.59894;-53.15198;-217.0147;-83.20935;15.91138;-295.0649;-68.59894;-53.15198
7991.317;-217.0518;-83.20844;14.46753;-294.9457;-68.64441;-53.14667;-217.0518;-83.20844;14.46753;-294.9457;-68.64441;-53.14667
7999.658;-217.1061;-83.15363;18.96063;-294.8483;-68.69501;-53.13318;-217.1061;-83.15363;18.96063;-294.8483;-68.69501;-53.13318
8008;-217.1521;-83.10968;11.90271;-294.9202;-68.66943;-53.07916;-217.1521;-83.10968;11.90271;-294.9202;-68.66943;-53.07916
8016.342;-217.1399;-83.06885;9.132202;-294.9545;-68.63098;-53.05963;-217.1399;-83.06885;9.132202;-294.9545;-68.63098;-53.05963
8024.683;-217.1661;-82.97852;7.076477;-294.9871;-68.56781;-52.99469;-217.1661;-82.97852;7.076477;-294.9871;-68.56781;-52.99469
8033.025;-217.119;-82.95142;6.261902;-294.915;-68.45447;-53.10931;-217.119;-82.95142;6.261902;-294.915;-68.45447;-53.10931
8041.367;-216.9969;-82.98346;7.649414;-294.8976;-68.33282;-53.08289;-216.9969;-82.98346;7.649414;-294.8976;-68.33282;-53.08289
8049.708;-216.9745;-82.99615;7.28595;-294.9165;-68.26074;-53.06641;-216.9745;-82.99615;7.28595;-294.9165;-68.26074;-53.06641
8058.05;-216.9275;-83.00403;7.7724;-294.91;-68.26318;-53.07239;-216.9275;-83.00403;7.7724;-294.91;-68.26318;-53.07239
8066.392;-216.9316;-82.99316;7.816956;-294.9762;-68.26422;-53.06989;-216.9316;-82.99316;7.816956;-294.9762;-68.26422;-53.06989
8074.733;-216.9237;-82.97772;7.291382;-295.0046;-68.23206;-53.04065;-216.9237;-82.97772;7.291382;-295.0046;-68.23206;-53.04065
8083.075;-216.9125;-82.96094;4.137268;-294.9716;-68.18695;-53.0177;-216.9125;-82.96094;4.137268;-294.9716;-68.18695;-53.0177
8091.417;-216.8871;-82.90161;8.756104;-294.9326;-68.07574;-52.96844;-216.8871;-82.90161;8.756104;-294.9326;-68.07574;-52.96844
8099.758;-216.8232;-82.87378;8.819031;-294.9727;-67.95306;-52.9187;-216.8232;-82.87378;8.819031;-294.9727;-67.95306;-52.9187
8108.1;-216.6373;-82.9295;4.84906;-294.9886;-67.89575;-52.94562;-216.6373;-82.9295;4.84906;-294.9886;-67.89575;-52.94562
8116.442;-216.6113;-82.987;10.69812;-294.9252;-67.90942;-52.98877;-216.6113;-82.987;10.69812;-294.9252;-67.90942;-52.98877
8124.783;-216.5771;-83.0127;5.109558;-295.0253;-67.92896;-53.01056;-216.5771;-83.0127;5.109558;-295.0253;-67.92896;-53.01056
8133.125;-216.5912;-82.99048;9.493469;-294.851;-67.89301;-53.00433;-216.5912;-82.99048;9.493469;-294.851;-67.89301;-53.00433
8141.467;-216.5551;-82.93732;5.493469;-294.9103;-67.79541;-52.93994;-216.5551;-82.93732;5.493469;-294.9103;-67.79541;-52.93994
8149.808;-216.4716;-82.72595;8.081726;-294.8021;-67.70526;-52.89453;-216.4716;-82.72595;8.081726;-294.8021;-67.70526;-52.89453
8158.15;-216.3284;-82.49939;9.252563;-294.7515;-67.68292;-52.83777;-216.3284;-82.49939;9.252563;-294.7515;-67.68292;-52.83777
8166.492;-216.3295;-82.49323;7.158752;-294.9172;-67.72516;-52.81506;-216.3295;-82.49323;7.158752;-294.9172;-67.72516;-52.81506
8174.833;-216.5189;-82.75763;6.732788;-294.7944;-67.69183;-52.85522;-216.5189;-82.75763;6.732788;-294.7944;-67.69183;-52.85522
8183.175;-216.4479;-82.63593;6.813354;-294.7507;-67.64685;-52.8775;-216.4479;-82.63593;6.813354;-294.7507;-67.64685;-52.8775
8191.517;-216.3243;-82.69678;10.32227;-294.7655;-67.6073;-52.89813;-216.3243;-82.69678;10.32227;-294.7655;-67.6073;-52.89813
8199.858;-216.312;-82.72357;8.547363;-294.7012;-67.58783;-52.93445;-216.312;-82.72357;8.547363;-294.7012;-67.58783;-52.93445
8208.2;-216.3459;-82.73993;6.947205;-294.9142;-67.63953;-53.00311;-216.3459;-82.73993;6.947205;-294.9142;-67.63953;-53.00311
8216.542;-216.376;-82.72021;7.076477;-294.8834;-67.66553;-52.98804;-216.376;-82.72021;7.076477;-294.8834;-67.66553;-52.98804
8224.884;-216.3693;-82.54425;6.950317;-294.6567;-67.58002;-52.89825;-216.3693;-82.54425;6.950317;-294.6567;-67.58002;-52.89825
8233.225;-216.1674;-82.43378;6.28479;-294.6583;-67.44098;-52.99615;-216.1674;-82.43378;6.28479;-294.6583;-67.44098;-52.99615
8241.566;-216.146;-82.43433;7.841675;-294.6334;-67.46362;-52.99493;-216.146;-82.43433;7.841675;-294.6334;-67.46362;-52.99493
8249.908;-216.1422;-82.4397;7.777466;-294.7139;-67.48248;-53.00714;-216.1422;-82.4397;7.777466;-294.7139;-67.48248;-53.00714
8258.25;-216.1531;-82.46851;-7;-295;-67.50592;-52.88074;-216.1531;-82.46851;-7;-295;-67.50592;-52.88074
8266.592;-216.2605;-82.64838;-22;-295;-67.5155;-52.94891;-216.2605;-82.64838;-22;-295;-67.5155;-52.94891
8274.934;-216.1973;-82.67529;-27.66504;-295.0975;-67.38696;-53.15625;-216.1973;-82.67529;-27.66504;-295.0975;-67.38696;-53.15625
8283.275;-216.185;-82.68311;-36.7475;-295.111;-67.36865;-53.14355;-216.185;-82.68311;-36.7475;-295.111;-67.36865;-53.14355
8291.616;-216.2507;-82.57813;-31.87714;-295.108;-67.43109;-53.08527;-216.2507;-82.57813;-31.87714;-295.108;-67.43109;-53.08527
8299.958;-216.0864;-82.49377;-31.83911;-295.0852;-67.41284;-53.04803;-216.0864;-82.49377;-31.83911;-295.0852;-67.41284;-53.04803
8308.3;-216.0969;-82.35913;-33.91028;-295.0245;-67.37372;-52.99841;-216.0969;-82.35913;-33.91028;-295.0245;-67.37372;-52.99841
8316.642;-216.0648;-82.35675;-27.06659;-294.9625;-67.27795;-52.94989;-216.0648;-82.35675;-27.06659;-294.9625;-67.27795;-52.94989
8324.983;-216.0574;-82.35614;-33.77881;-295.0067;-67.28174;-52.9588;-216.0574;-82.35614;-33.77881;-295.0067;-67.28174;-52.9588
8333.325;-216.0522;-82.40759;-33.02612;-295.1386;-67.30933;-53.01691;-216.0522;-82.40759;-33.02612;-295.1386;-67.30933;-53.01691
8341.667;-216.2338;-82.57867;-28.06299;-295.1158;-67.4021;-53.15936;-216.2338;-82.57867;-28.06299;-295.1158;-67.4021;-53.15936
8350.009;-216.21;-82.57281;-33.02472;-295.2362;-67.35492;-53.16321;-216.21;-82.57281;-33.02472;-295.2362;-67.35492;-53.16321
8358.35;-216.1597;-82.54559;-24.99365;-295.0759;-67.2511;-53.1333;-216.1597;-82.54559;-24.99365;-295.0759;-67.2511;-53.1333
8366.691;-215.951;-82.47864;-27.97949;-295.1104;-67.21198;-53.08362;-215.951;-82.47864;-27.97949;-295.1104;-67.21198;-53.08362
8375.033;-215.9546;-82.39282;-33.91071;-295.0486;-67.17786;-53.01324;-215.9546;-82.39282;-33.91071;-295.0486;-67.17786;-53.01324
8383.375;-215.9576;-82.35217;-22.29639;-294.9649;-67.15039;-52.98157;-215.9576;-82.35217;-22.29639;-294.9649;-67.15039;-52.98157
8391.717;-215.9175;-82.33881;-21.30511;-294.9376;-67.10443;-52.93597;-215.9175;-82.33881;-21.30511;-294.9376;-67.10443;-52.93597
8400.059;-215.8683;-82.34833;-21.9566;-294.927;-67.08105;-52.95972;-215.8683;-82.34833;-21.9566;-294.927;-67.08105;-52.95972
8408.4;-215.7465;-82.40527;-30.56348;-295.0131;-67.03363;-52.99072;-215.7465;-82.40527;-30.56348;-295.0131;-67.03363;-52.99072
8416.741;-215.7338;-82.43182;-28.40948;-295.0964;-67.02698;-53.02289;-215.7338;-82.43182;-28.40948;-295.0964;-67.02698;-53.02289
8425.083;-215.7203;-82.45557;-22.05292;-295.0171;-67.04321;-53.08478;-215.7203;-82.45557;-22.05292;-295.0171;-67.04321;-53.08478
8433.425;-215.7114;-82.45062;-22.13232;-295.0793;-67.01202;-53.07959;-215.7114;-82.45062;-22.13232;-295.0793;-67.01202;-53.07959
8441.767;-215.7067;-82.41913;-9.268372;-295.0219;-66.97418;-53.06012;-215.7067;-82.41913;-9.268372;-295.0219;-66.97418;-53.06012
8450.108;-215.6977;-82.4035;5;-295;-66.92438;-53.03186;-215.6977;-82.4035;5;-295;-66.92438;-53.03186
8458.45;-215.6852;-82.37006;12.13312;-294.5728;-66.92114;-53.00574;-215.6852;-82.37006;12.13312;-294.5728;-66.92114;-53.00574
8466.792;-215.6802;-82.32776;3.23822;-294.7646;-66.9278;-52.97455;-215.6802;-82.32776;3.23822;-294.7646;-66.9278;-52.97455
8475.134;-215.6425;-82.31769;13.06354;-294.6146;-66.88574;-52.97589;-215.6425;-82.31769;13.06354;-294.6146;-66.88574;-52.97589
8483.475;-215.6074;-82.31805;7.70929;-294.6383;-66.84192;-52.97656;-215.6074;-82.31805;7.70929;-294.6383;-66.84192;-52.97656
8491.816;-215.5825;-82.33899;11.33057;-294.6864;-66.7442;-53.00079;-215.5825;-82.33899;11.33057;-294.6864;-66.7442;-53.00079
8500.158;-215.5803;-82.35931;8.651367;-294.6105;-66.7616;-53.0202;-215.5803;-82.35931;8.651367;-294.6105;-66.7616;-53.0202
8508.5;-215.5524;-82.37244;7.570068;-294.712;-66.74792;-53.04553;-215.5524;-82.37244;7.570068;-294.712;-66.74792;-53.04553
8516.842;-215.5538;-82.36041;9.343994;-294.6252;-66.75574;-53.03381;-215.5538;-82.36041;9.343994;-294.6252;-66.75574;-53.03381
8525.184;-215.4918;-82.17059;8.424927;-294.593;-66.71405;-53.0174;-215.4918;-82.17059;8.424927;-294.593;-66.71405;-53.0174
8533.525;-215.4813;-82.133;7.607483;-294.6018;-66.6488;-52.95374;-215.4813;-82.133;7.607483;-294.6018;-66.6488;-52.95374
8541.866;-215.4716;-82.10492;7.839478;-294.732;-66.63312;-52.95288;-215.4716;-82.10492;7.839478;-294.732;-66.63312;-52.95288
8550.208;-215.4616;-82.10199;8.195496;-294.7493;-66.61475;-52.94678;-215.4616;-82.10199;8.195496;-294.7493;-66.61475;-52.94678
8558.55;-215.4286;-82.10199;4.299866;-294.744;-66.58472;-52.96216;-215.4286;-82.10199;4.299866;-294.744;-66.58472;-52.96216
8566.892;-215.4171;-82.12134;8.853577;-294.7332;-66.56482;-53.00085;-215.4171;-82.12134;8.853577;-294.7332;-66.56482;-53.00085
8575.233;-215.3787;-82.13617;8.309265;-294.7277;-66.54388;-53.03149;-215.3787;-82.13617;8.309265;-294.7277;-66.54388;-53.03149
8583.575;-215.3633;-82.14508;4.703796;-294.7863;-66.54102;-53.04053;-215.3633;-82.14508;4.703796;-294.7863;-66.54102;-53.04053
8591.917;-215.3546;-82.13806;8.091064;-294.8571;-66.53192;-53.03864;-215.3546;-82.13806;8.091064;-294.8571;-66.53192;-53.03864
8600.259;-215.3845;-82.10217;7.790894;-294.7778;-66.52374;-53.02673;-215.3845;-82.10217;7.790894;-294.7778;-66.52374;-53.02673
8608.6;-215.3701;-82.05554;4.244751;-294.6709;-66.47241;-53.13135;-215.3701;-82.05554;4.244751;-294.6709;-66.47241;-53.13135
8616.941;-215.3676;-81.96454;7.8078;-294.5189;-66.44324;-53.10614;-215.3676;-81.96454;7.8078;-294.5189;-66.44324;-53.10614
8625.283;-215.3599;-81.94769;7.886353;-294.5915;-66.44348;-53.10907;-215.3599;-81.94769;7.886353;-294.5915;-66.44348;-53.10907
8633.625;-215.3575;-81.95667;7.768799;-294.6414;-66.44012;-53.1217;-215.3575;-81.95667;7.768799;-294.6414;-66.44012;-53.1217
8641.967;-215.3456;-81.96747;16.20917;-294.593;-66.42957;-53.1333;-215.3456;-81.96747;16.20917;-294.593;-66.42957;-53.1333
8650.309;-215.3344;-81.9837;15.95447;-294.5556;-66.38281;-53.15393;-215.3344;-81.9837;15.95447;-294.5556;-66.38281;-53.15393
8658.65;-215.3156;-82.00586;16.05023;-294.7161;-66.34686;-53.16333;-215.3156;-82.00586;16.05023;-294.7161;-66.34686;-53.16333
8666.991;-215.3054;-82.0152;6.443604;-294.5745;-66.31653;-53.16785;-215.3054;-82.0152;6.443604;-294.5745;-66.31653;-53.16785
8675.333;-215.3097;-81.99292;7.348938;-294.6635;-66.32458;-53.16864;-215.3097;-81.99292;7.348938;-294.6635;-66.32458;-53.16864
8683.675;-215.3198;-81.97852;9.862244;-294.2893;-66.32001;-53.16943;-215.3198;-81.97852;9.862244;-294.2893;-66.32001;-53.16943
8692.017;-215.3136;-81.95404;7.779602;-294.6689;-66.31494;-53.15918;-215.3136;-81.95404;7.779602;-294.6689;-66.31494;-53.15918
8700.358;-215.3109;-81.94489;7.594971;-294.6351;-66.30316;-53.16382;-215.3109;-81.94489;7.594971;-294.6351;-66.30316;-53.16382
8708.7;-215.2626;-81.93774;7.647705;-294.701;-66.2865;-53.16772;-215.2626;-81.93774;7.647705;-294.701;-66.2865;-53.16772
8717.042;-215.0906;-81.96271;6.316528;-294.722;-66.08594;-53.15955;-215.0906;-81.96271;6.316528;-294.722;-66.08594;-53.15955
8725.384;-215.0064;-81.9632;8.245728;-294.6906;-65.99652;-53.13928;-215.0064;-81.9632;8.245728;-294.6906;-65.99652;-53.13928
8733.725;-214.9977;-81.98236;8.081421;-294.6721;-65.9931;-53.18542;-214.9977;-81.98236;8.081421;-294.6721;-65.9931;-53.18542
8742.066;-215.0076;-81.99744;10.20337;-294.6634;-66.04327;-53.26825;-215.0076;-81.99744;10.20337;-294.6634;-66.04327;-53.26825
8750.408;-215.0594;-81.99005;8.955872;-294.675;-66.09204;-53.25909;-215.0594;-81.99005;8.955872;-294.675;-66.09204;-53.25909
8758.75;-215.0272;-81.96625;7.867188;-294.798;-66.00293;-53.22699;-215.0272;-81.96625;7.867188;-294.798;-66.00293;-53.22699
8767.092;-214.9562;-81.93146;8.090576;-294.7769;-65.9082;-53.18964;-214.9562;-81.93146;8.090576;-294.7769;-65.9082;-53.18964
8775.434;-214.9568;-81.9007;7.44397;-294.811;-65.82172;-53.14478;-214.9568;-81.9007;7.44397;-294.811;-65.82172;-53.14478
8783.775;-214.9631;-81.87585;6.546997;-294.7538;-65.83356;-53.15265;-214.9631;-81.87585;6.546997;-294.7538;-65.83356;-53.15265
8792.116;-214.9764;-81.88324;6.687988;-294.7243;-65.87;-53.17877;-214.9764;-81.88324;6.687988;-294.7243;-65.87;-53.17877
8800.458;-214.965;-81.90625;7.758545;-294.7115;-65.84552;-53.19672;-214.965;-81.90625;7.758545;-294.7115;-65.84552;-53.19672
8808.8;-214.9084;-81.91534;6.812988;-294.7672;-65.83777;-53.20264;-214.9084;-81.91534;6.812988;-294.7672;-65.83777;-53.20264
8817.142;-214.867;-81.91461;6.699585;-294.7896;-65.79285;-53.20892;-214.867;-81.91461;6.699585;-294.7896;-65.79285;-53.20892
8825.483;-214.8857;-81.91357;6.066589;-294.7661;-65.8009;-53.23059;-214.8857;-81.91357;6.066589;-294.7661;-65.8009;-53.23059
8833.825;-214.9056;-81.88593;6.073975;-294.7448;-65.80688;-53.22333;-214.9056;-81.88593;6.073975;-294.7448;-65.80688;-53.22333
8842.167;-214.8402;-81.85059;3.81189;-294.7601;-65.75555;-53.21179;-214.8402;-81.85059;3.81189;-294.7601;-65.75555;-53.21179
8850.509;-214.7665;-81.82605;7.499268;-294.6686;-65.61914;-53.18481;-214.7665;-81.82605;7.499268;-294.6686;-65.61914;-53.18481
8858.85;-214.7358;-81.79846;7.392944;-294.7169;-65.56946;-53.17957;-214.7358;-81.79846;7.392944;-294.7169;-65.56946;-53.17957
8867.191;-214.7147;-81.80463;7.711731;-294.7161;-65.59064;-53.20221;-214.7147;-81.80463;7.711731;-294.7161;-65.59064;-53.20221
8875.533;-214.696;-81.84851;8.104858;-294.7045;-65.58282;-53.22668;-214.696;-81.84851;8.104858;-294.7045;-65.58282;-53.22668
8883.875;-214.5417;-81.96777;5.916504;-294.8454;-65.50165;-53.33136;-214.5417;-81.96777;5.916504;-294.8454;-65.50165;-53.33136
8892.217;-214.4573;-81.75989;6.076843;-294.8144;-65.448;-53.44086;-214.4573;-81.75989;6.076843;-294.8144;-65.448;-53.44086
8900.559;-214.4324;-81.78418;6.069336;-294.7815;-65.42133;-53.45691;-214.4324;-81.78418;6.069336;-294.7815;-65.42133;-53.45691
8908.9;-214.4251;-81.78497;8.010071;-294.8257;-65.23639;-53.50177;-214.4251;-81.78497;8.010071;-294.8257;-65.23639;-53.50177
8917.241;-214.423;-81.78503;7.781433;-294.7847;-65.23297;-53.53241;-214.423;-81.78503;7.781433;-294.7847;-65.23297;-53.53241
8925.583;-214.4297;-81.77246;8.232056;-294.8462;-65.20819;-53.50574;-214.4297;-81.77246;8.232056;-294.8462;-65.20819;-53.50574
8933.925;-214.424;-81.74542;6.079956;-294.8433;-65.39093;-53.49329;-214.424;-81.74542;6.079956;-294.8433;-65.39093;-53.49329
8942.267;-214.4113;-81.73254;8.151428;-294.8319;-65.19769;-53.50275;-214.4113;-81.73254;8.151428;-294.8319;-65.19769;-53.50275
8950.608;-214.4102;-81.73975;7.317261;-294.8495;-65.17004;-53.50989;-214.4102;-81.73975;7.317261;-294.8495;-65.17004;-53.50989
8958.95;-214.4249;-81.74701;8.829346;-294.8129;-65.1897;-53.5603;-214.4249;-81.74701;8.829346;-294.8129;-65.1897;-53.5603
8967.292;-214.3805;-81.76379;6.973816;-294.8648;-65.17505;-53.60516;-214.3805;-81.76379;6.973816;-294.8648;-65.17505;-53.60516
8975.634;-214.3331;-81.7738;8.97644;-294.9716;-65.06372;-53.6225;-214.3331;-81.7738;8.97644;-294.9716;-65.06372;-53.6225
8983.975;-214.2986;-81.7688;8.733032;-294.9786;-65.02332;-53.60413;-214.2986;-81.7688;8.733032;-294.9786;-65.02332;-53.60413
8992.316;-214.2809;-81.7464;8.25354;-294.9461;-64.96912;-53.63702;-214.2809;-81.7464;8.25354;-294.9461;-64.96912;-53.63702
9000.658;-214.2811;-81.73926;7.1521;-294.9697;-64.9671;-53.64569;-214.2811;-81.73926;7.1521;-294.9697;-64.9671;-53.64569
9009;-214.2853;-81.72894;6.916809;-295.0085;-64.95758;-53.65851;-214.2853;-81.72894;6.916809;-295.0085;-64.95758;-53.65851
9017.342;-214.2499;-81.73834;7.112244;-295.0609;-64.90802;-53.68713;-214.2499;-81.73834;7.112244;-295.0609;-64.90802;-53.68713
9025.684;-214.1557;-81.77655;8.069092;-294.975;-64.83258;-53.75995;-214.1557;-81.77655;8.069092;-294.975;-64.83258;-53.75995
9034.025;-214.1406;-81.81738;8.530823;-294.9613;-64.81641;-53.80554;-214.1406;-81.81738;8.530823;-294.9613;-64.81641;-53.80554
9042.366;-214.0875;-81.8537;7.302979;-295.041;-64.74347;-53.86316;-214.0875;-81.8537;7.302979;-295.041;-64.74347;-53.86316
9050.708;-214.0513;-81.86102;8.544189;-294.9827;-64.7417;-53.92072;-214.0513;-81.86102;8.544189;-294.9827;-64.7417;-53.92072
9059.05;-214.0095;-81.85327;6.792908;-295.1212;-64.65826;-53.87573;-214.0095;-81.85327;6.792908;-295.1212;-64.65826;-53.87573
9067.392;-213.9735;-81.83734;7.800354;-295.0829;-64.64014;-53.8844;-213.9735;-81.83734;7.800354;-295.0829;-64.64014;-53.8844
9075.733;-213.9924;-81.77142;6.665344;-295.0864;-64.58783;-53.85266;-213.9924;-81.77142;6.665344;-295.0864;-64.58783;-53.85266
9084.075;-214.0203;-81.72681;6.931335;-294.9801;-64.6283;-53.84766;-214.0203;-81.72681;6.931335;-294.9801;-64.6283;-53.84766
9092.417;-214.0224;-81.70465;7.366882;-295.05;-64.62927;-53.85541;-214.0224;-81.70465;7.366882;-295.05;-64.62927;-53.85541
9100.759;-214.0176;-81.6922;7.021362;-295.0432;-64.62885;-53.8645;-214.0176;-81.6922;7.021362;-295.0432;-64.62885;-53.8645
9109.1;-214.0055;-81.70197;7.808655;-294.9319;-64.6225;-53.87482;-214.0055;-81.70197;7.808655;-294.9319;-64.6225;-53.87482
9117.441;-213.9892;-81.68945;8.167786;-294.9681;-64.61188;-53.9209;-213.9892;-81.68945;8.167786;-294.9681;-64.61188;-53.9209
9125.783;-213.9942;-81.71313;10.02838;-294.9342;-64.59729;-53.94122;-213.9942;-81.71313;10.02838;-294.9342;-64.59729;-53.94122
9134.125;-213.9779;-81.70471;8.040588;-295.0274;-64.60138;-53.96228;-213.9779;-81.70471;8.040588;-295.0274;-64.60138;-53.96228
9142.467;-214.0098;-81.65594;8.227356;-294.8998;-64.59583;-53.95398;-214.0098;-81.65594;8.227356;-294.8998;-64.59583;-53.95398
9150.809;-214.0327;-81.60101;8.177734;-295.0141;-64.59698;-53.95782;-214.0327;-81.60101;8.177734;-295.0141;-64.59698;-53.95782
9159.15;-213.8481;-81.4978;8.302673;-294.9476;-64.62213;-53.93646;-213.8481;-81.4978;8.302673;-294.9476;-64.62213;-53.93646
9167.491;-213.8616;-81.45929;7.88385;-294.9222;-64.63141;-53.92224;-213.8616;-81.45929;7.88385;-294.9222;-64.63141;-53.92224
9175.833;-213.8526;-81.45508;15.91992;-294.8054;-64.61084;-53.91351;-213.8526;-81.45508;15.91992;-294.8054;-64.61084;-53.91351
9184.175;-213.8485;-81.44336;14.20099;-294.8535;-64.60529;-53.94843;-213.8485;-81.44336;14.20099;-294.8535;-64.60529;-53.94843
9192.517;-213.8257;-81.4588;5.318115;-294.8354;-64.57947;-53.98053;-213.8257;-81.4588;5.318115;-294.8354;-64.57947;-53.98053
9200.858;-213.817;-81.46539;6.29425;-294.9502;-64.56573;-53.98737;-213.817;-81.46539;6.29425;-294.9502;-64.56573;-53.98737
9209.2;-213.8074;-81.44788;7.520386;-294.8424;-64.55756;-54.0509;-213.8074;-81.44788;7.520386;-294.8424;-64.55756;-54.0509
9217.542;-213.7735;-81.44934;7.195068;-294.9862;-64.55621;-54.06628;-213.7735;-81.44934;7.195068;-294.9862;-64.55621;-54.06628
9225.884;-213.7518;-81.43933;8.518066;-294.8218;-64.4964;-53.9588;-213.7518;-81.43933;8.518066;-294.8218;-64.4964;-53.9588
9234.225;-213.7256;-81.41382;8.173401;-294.9534;-63.96973;-53.99084;-213.7256;-81.41382;8.173401;-294.9534;-63.96973;-53.99084
9242.566;-213.6849;-81.42523;9.00238;-294.8531;-63.9209;-53.98956;-213.6849;-81.42523;9.00238;-294.8531;-63.9209;-53.98956
9250.908;-213.67;-81.41034;3.163391;-295.0637;-63.89685;-54.00311;-213.67;-81.41034;3.163391;-295.0637;-63.89685;-54.00311
9259.25;-213.6172;-81.41992;5.202209;-294.8983;-63.86359;-54.00433;-213.6172;-81.41992;5.202209;-294.8983;-63.86359;-54.00433
9267.592;-213.5411;-81.42627;5.206116;-294.9058;-63.82159;-54.00848;-213.5411;-81.42627;5.206116;-294.9058;-63.82159;-54.00848
9275.934;-213.4677;-81.31531;6.83429;-294.8808;-63.76764;-54.00977;-213.4677;-81.31531;6.83429;-294.8808;-63.76764;-54.00977
9284.275;-213.447;-81.30145;9.626404;-294.8618;-63.73859;-54.0285;-213.447;-81.30145;9.626404;-294.8618;-63.73859;-54.0285
9292.616;-213.429;-81.27948;7.217346;-294.8751;-63.67383;-54.01758;-213.429;-81.27948;7.217346;-294.8751;-63.67383;-54.01758
9300.958;-213.3707;-81.26062;6.027283;-294.7779;-63.65259;-54.02734;-213.3707;-81.26062;6.027283;-294.7779;-63.65259;-54.02734
9309.3;-213.3626;-81.27325;6.339966;-295.0165;-63.61102;-54.02081;-213.3626;-81.27325;6.339966;-295.0165;-63.61102;-54.02081
9317.642;-213.3351;-81.27002;6.25;-295.027;-63.5802;-54.03333;-213.3351;-81.27002;6.25;-295.027;-63.5802;-54.03333
9325.983;-213.2988;-81.30127;7.761047;-294.9903;-63.5166;-54.06482;-213.2988;-81.30127;7.761047;-294.9903;-63.5166;-54.06482
9334.325;-213.2468;-81.3045;7.22644;-294.988;-63.48376;-54.16602;-213.2468;-81.3045;7.22644;-294.988;-63.48376;-54.16602
9342.667;-213.1844;-81.33173;8.521851;-294.9409;-63.40942;-54.20746;-213.1844;-81.33173;8.521851;-294.9409;-63.40942;-54.20746
9351.009;-213.1515;-81.34241;8.255493;-294.9654;-63.35193;-54.22015;-213.1515;-81.34241;8.255493;-294.9654;-63.35193;-54.22015
9359.35;-213.1411;-81.3244;5.869873;-295.001;-63.29834;-54.21808;-213.1411;-81.3244;5.869873;-295.001;-63.29834;-54.21808
9367.691;-213.1262;-81.30609;4.340393;-295.0731;-63.29108;-54.20667;-213.1262;-81.30609;4.340393;-295.0731;-63.29108;-54.20667
9376.033;-213.1089;-81.29889;5.355591;-295.0671;-63.26379;-54.21552;-213.1089;-81.29889;5.355591;-295.0671;-63.26379;-54.21552
9384.375;-213.0825;-81.29285;6.751709;-294.9343;-63.25433;-54.21783;-213.0825;-81.29285;6.751709;-294.9343;-63.25433;-54.21783
9392.717;-213.0219;-81.27643;9.659302;-295.023;-63.15375;-54.20135;-213.0219;-81.27643;9.659302;-295.023;-63.15375;-54.20135
9401.059;-213.0135;-81.26746;9.613403;-295.0289;-63.13367;-54.21674;-213.0135;-81.26746;9.613403;-295.0289;-63.13367;-54.21674
9409.4;-212.9884;-81.30273;9.567993;-294.9896;-63.11115;-54.2478;-212.9884;-81.30273;9.567993;-294.9896;-63.11115;-54.2478
9417.741;-212.9728;-81.29822;7.594971;-295.0298;-63.08502;-54.26489;-212.9728;-81.29822;7.594971;-295.0298;-63.08502;-54.26489
9426.083;-212.9424;-81.3175;7.467651;-295.1205;-63.06677;-54.27924;-212.9424;-81.3175;7.467651;-295.1205;-63.06677;-54.27924
9434.425;-212.9388;-81.3028;7.500366;-295.1309;-63.04785;-54.30304;-212.9388;-81.3028;7.500366;-295.1309;-63.04785;-54.30304
9442.767;-212.9055;-81.32373;7.99939;-295.1249;-63.83014;-54.93109;-212.9055;-81.32373;7.99939;-295.1249;-63.83014;-54.93109
9451.108;-212.8983;-81.3158;7.177063;-295.1074;-63.96289;-55.01086;-212.8983;-81.3158;7.177063;-295.1074;-63.96289;-55.01086
9459.45;-212.8823;-81.2851;7.929504;-295.0377;-63.95093;-55.01495;-212.8823;-81.2851;7.929504;-295.0377;-63.95093;-55.01495
9467.792;-212.8513;-81.28906;6.139526;-295.1993;-63.94531;-55.02228;-212.8513;-81.28906;6.139526;-295.1993;-63.94531;-55.02228
9476.134;-212.8362;-81.27814;7.922607;-295.1064;-63.90369;-55.02557;-212.8362;-81.27814;7.922607;-295.1064;-63.90369;-55.02557
9484.475;-212.8068;-81.27509;6.243469;-295.1465;-63.88568;-55.03229;-212.8068;-81.27509;6.243469;-295.1465;-63.88568;-55.03229
9492.816;-212.7897;-81.27368;8.377747;-295.1525;-63.8172;-55.02216;-212.7897;-81.27368;8.377747;-295.1525;-63.8172;-55.02216
9501.158;-212.7617;-81.28339;6.074646;-295.2187;-63.79669;-55.04291;-212.7617;-81.28339;6.074646;-295.2187;-63.79669;-55.04291
9509.5;-212.7128;-81.29761;6.1604;-295.4331;-63.80853;-55.06512;-212.7128;-81.29761;6.1604;-295.4331;-63.80853;-55.06512
9517.842;-212.6777;-81.31;6.827393;-295.3899;-63.78381;-55.08301;-212.6777;-81.31;6.827393;-295.3899;-63.78381;-55.08301
9526.184;-212.5807;-81.29175;7.153137;-295.334;-63.7019;-55.0816;-212.5807;-81.29175;7.153137;-295.334;-63.7019;-55.0816
9534.525;-212.5405;-81.29169;7.980896;-295.1948;-63.67206;-55.07776;-212.5405;-81.29169;7.980896;-295.1948;-63.67206;-55.07776
9542.866;-212.5314;-81.28558;8.419495;-295.3106;-63.64539;-55.08362;-212.5314;-81.28558;8.419495;-295.3106;-63.64539;-55.08362
9551.208;-212.4677;-81.15405;8.027832;-295.0848;-63.5838;-55.05811;-212.4677;-81.15405;8.027832;-295.0848;-63.5838;-55.05811
9559.55;-212.4718;-81.12701;7.980225;-295.1938;-63.55029;-55.06335;-212.4718;-81.12701;7.980225;-295.1938;-63.55029;-55.06335
9567.892;-212.4639;-81.12061;8.17334;-295.1368;-63.53107;-55.06555;-212.4639;-81.12061;8.17334;-295.1368;-63.53107;-55.06555
9576.233;-212.4534;-81.10858;5.859558;-295.0831;-63.49261;-55.12183;-212.4534;-81.10858;5.859558;-295.0831;-63.49261;-55.12183
9584.575;-212.446;-81.10944;5.042786;-295.1946;-63.50592;-55.05042;-212.446;-81.10944;5.042786;-295.1946;-63.50592;-55.05042
9592.917;-212.4322;-81.11139;12.31598;-294.9092;-63.48743;-55.13354;-212.4322;-81.11139;12.31598;-294.9092;-63.48743;-55.13354
9601.259;-212.4147;-81.12408;9.110718;-294.9664;-63.466;-55.14459;-212.4147;-81.12408;9.110718;-294.9664;-63.466;-55.14459
9609.6;-212.3969;-81.13641;8.871338;-295.1027;-63.36414;-55.16071;-212.3969;-81.13641;8.871338;-295.1027;-63.36414;-55.16071
9617.941;-212.3769;-81.1507;8.038208;-295.1959;-63.35809;-55.17047;-212.3769;-81.1507;8.038208;-295.1959;-63.35809;-55.17047
9626.283;-212.3392;-81.14099;7.326843;-295.1785;-63.33942;-55.18573;-212.3392;-81.14099;7.326843;-295.1785;-63.33942;-55.18573
9634.625;-212.3146;-81.12238;5.377075;-295.0887;-63.32892;-55.18665;-212.3146;-81.12238;5.377075;-295.0887;-63.32892;-55.18665
9642.967;-212.308;-81.09949;10.01355;-295.1557;-63.30859;-55.16907;-212.308;-81.09949;10.01355;-295.1557;-63.30859;-55.16907
9651.309;-212.3076;-81.06836;10.05078;-295.1595;-63.27966;-55.15582;-212.3076;-81.06836;10.05078;-295.1595;-63.27966;-55.15582
9659.65;-212.2816;-81.06201;7.022827;-294.9602;-63.27643;-55.14807;-212.2816;-81.06201;7.022827;-294.9602;-63.27643;-55.14807
9667.991;-212.269;-81.04742;7.38916;-295.0842;-63.22437;-55.15082;-212.269;-81.04742;7.38916;-295.0842;-63.22437;-55.15082
9676.333;-212.2455;-81.04102;7.72699;-295.0922;-63.23511;-55.15564;-212.2455;-81.04102;7.72699;-295.0922;-63.23511;-55.15564
9684.675;-212.2314;-81.03986;7.259399;-295.257;-63.19983;-55.16559;-212.2314;-81.03986;7.259399;-295.257;-63.19983;-55.16559
9693.017;-212.2226;-81.05627;3.951721;-295.2012;-63.17828;-55.20093;-212.2226;-81.05627;3.951721;-295.2012;-63.17828;-55.20093
9701.358;-212.2119;-81.05554;7.16217;-295.2004;-63.1593;-55.19879;-212.2119;-81.05554;7.16217;-295.2004;-63.1593;-55.19879
9709.7;-212.2017;-81.04437;11.13708;-295.0795;-63.15192;-55.21832;-212.2017;-81.04437;11.13708;-295.0795;-63.15192;-55.21832
9718.042;-212.1947;-81.02045;11.89282;-294.9964;-63.13361;-55.21606;-212.1947;-81.02045;11.89282;-294.9964;-63.13361;-55.21606
9726.384;-212.1738;-81.00995;9.567749;-294.981;-63.07434;-55.19287;-212.1738;-81.00995;9.567749;-294.981;-63.07434;-55.19287
9734.725;-212.1602;-81.00403;5.968079;-294.9717;-63.06561;-55.18793;-212.1602;-81.00403;5.968079;-294.9717;-63.06561;-55.18793
9743.066;-212.1266;-81.00037;9.948303;-295.0762;-63.02942;-55.19489;-212.1266;-81.00037;9.948303;-295.0762;-63.02942;-55.19489
9751.408;-212.1171;-80.99323;7.128235;-295.1911;-63.02161;-55.19904;-212.1171;-80.99323;7.128235;-295.1911;-63.02161;-55.19904
9759.75;-212.1144;-81.00006;7.09314;-295.204;-63.0094;-55.21643;-212.1144;-81.00006;7.09314;-295.204;-63.0094;-55.21643
9768.092;-212.1022;-81.00159;6.289429;-295.1071;-62.97638;-55.21851;-212.1022;-81.00159;6.289429;-295.1071;-62.97638;-55.21851
9776.434;-212.0761;-81.00366;10.32428;-295.0137;-62.96564;-55.23145;-212.0761;-81.00366;10.32428;-295.0137;-62.96564;-55.23145
9784.775;-212.0364;-80.98846;9.854065;-294.9554;-62.9259;-55.2113;-212.0364;-80.98846;9.854065;-294.9554;-62.9259;-55.2113
9793.116;-212.0203;-80.96277;8.842834;-295.0455;-62.86029;-55.21497;-212.0203;-80.96277;8.842834;-295.0455;-62.86029;-55.21497
9801.458;-212.0162;-80.96344;8.736328;-295.0507;-62.86017;-55.22772;-212.0162;-80.96344;8.736328;-295.0507;-62.86017;-55.22772
9809.8;-211.9858;-80.974;8.12085;-295.0875;-62.83313;-55.22046;-211.9858;-80.974;8.12085;-295.0875;-62.83313;-55.22046
9818.142;-211.9681;-80.98407;8.335266;-295.0643;-62.83063;-55.22693;-211.9681;-80.98407;8.335266;-295.0643;-62.83063;-55.22693
9826.483;-211.9279;-80.99371;7.517212;-295.118;-62.79529;-55.25598;-211.9279;-80.99371;7.517212;-295.118;-62.79529;-55.25598
9834.825;-211.902;-81.0191;7.928406;-295.2684;-62.7655;-55.2627;-211.902;-81.0191;7.928406;-295.2684;-62.7655;-55.2627
9843.167;-211.8885;-81.01575;15.99261;-295.0448;-62.68701;-55.26239;-211.8885;-81.01575;15.99261;-295.0448;-62.68701;-55.26239
9851.509;-211.8758;-81.00586;7.817444;-295.0848;-62.68671;-55.2746;-211.8758;-81.00586;7.817444;-295.0848;-62.68671;-55.2746
9859.85;-211.8383;-80.98065;6.844482;-295.1823;-62.67188;-55.25299;-211.8383;-80.98065;6.844482;-295.1823;-62.67188;-55.25299
9868.191;-211.8215;-80.95526;7.226196;-295.1631;-62.63843;-55.24225;-211.8215;-80.95526;7.226196;-295.1631;-62.63843;-55.24225
9876.533;-211.8361;-80.91095;6.566895;-295.0764;-62.62622;-55.23175;-211.8361;-80.91095;6.566895;-295.0764;-62.62622;-55.23175
9884.875;-211.7391;-80.94263;8.924255;-295.0313;-62.49652;-55.28699;-211.7391;-80.94263;8.924255;-295.0313;-62.49652;-55.28699
9893.217;-211.7164;-80.95789;6.407776;-295.2462;-62.48132;-55.29443;-211.7164;-80.95789;6.407776;-295.2462;-62.48132;-55.29443
9901.559;-211.6965;-80.98492;6.420959;-295.2986;-62.46619;-55.31409;-211.6965;-80.98492;6.420959;-295.2986;-62.46619;-55.31409
9909.9;-211.6589;-81.00427;8.486694;-295.1485;-62.48712;-55.35126;-211.6589;-81.00427;8.486694;-295.1485;-62.48712;-55.35126
9918.241;-211.6459;-81.01385;11.77979;-295.0763;-62.44696;-55.37604;-211.6459;-81.01385;11.77979;-295.0763;-62.44696;-55.37604
9926.583;-211.5909;-81.02197;11.1134;-295.1675;-62.41901;-55.36987;-211.5909;-81.02197;11.1134;-295.1675;-62.41901;-55.36987
9934.925;-211.5792;-80.99896;7.306519;-295.2946;-62.37909;-55.36707;-211.5792;-80.99896;7.306519;-295.2946;-62.37909;-55.36707
9943.267;-211.535;-80.96661;7.356079;-295.1638;-62.30786;-55.33789;-211.535;-80.96661;7.356079;-295.1638;-62.30786;-55.33789
9951.608;-211.5176;-80.95728;6.300049;-295.2047;-62.28381;-55.33362;-211.5176;-80.95728;6.300049;-295.2047;-62.28381;-55.33362
9959.95;-211.4436;-80.7644;12.06006;-295.0519;-62.2796;-55.33496;-211.4436;-80.7644;12.06006;-295.0519;-62.2796;-55.33496
9968.292;-211.4368;-80.76624;12.00867;-295.0616;-62.2464;-55.33112;-211.4368;-80.76624;12.00867;-295.0616;-62.2464;-55.33112
9976.634;-211.3837;-80.79645;9.722778;-295.1169;-62.18365;-55.35059;-211.3837;-80.79645;9.722778;-295.1169;-62.18365;-55.35059
9984.975;-211.3561;-80.82947;8.661316;-295.2225;-62.16302;-55.35559;-211.3561;-80.82947;8.661316;-295.2225;-62.16302;-55.35559
9993.316;-211.3284;-80.85553;12.55255;-295.0582;-62.14056;-55.36823;-211.3284;-80.85553;12.55255;-295.0582;-62.14056;-55.36823
10001.66;-211.3195;-80.85492;8.931458;-294.9969;-62.0968;-55.3916;-211.3195;-80.85492;8.931458;-294.9969;-62.0968;-55.3916
10010;-211.2861;-80.83221;10.69617;-295.0876;-62.07629;-55.39569;-211.2861;-80.83221;10.69617;-295.0876;-62.07629;-55.39569
10018.34;-211.2439;-80.83514;7.400085;-295.1974;-62.04547;-55.40314;-211.2439;-80.83514;7.400085;-295.1974;-62.04547;-55.40314
10026.68;-211.2373;-80.81506;12.30444;-295.085;-61.99634;-55.3894;-211.2373;-80.81506;12.30444;-295.085;-61.99634;-55.3894
10035.03;-211.2079;-80.80225;7.057556;-295.2023;-61.97687;-55.37958;-211.2079;-80.80225;7.057556;-295.2023;-61.97687;-55.37958
10043.37;-211.1602;-80.78156;7.40271;-295.231;-61.89972;-55.37427;-211.1602;-80.78156;7.40271;-295.231;-61.89972;-55.37427
10051.71;-211.1441;-80.77661;7.579224;-295.101;-61.89215;-55.38812;-211.1441;-80.77661;7.579224;-295.101;-61.89215;-55.38812
10060.05;-211.1099;-80.79633;9.875;-295.1624;-61.83917;-55.39453;-211.1099;-80.79633;9.875;-295.1624;-61.83917;-55.39453
10068.39;-211.0997;-80.78564;9.810791;-295.148;-61.8299;-55.39948;-211.0997;-80.78564;9.810791;-295.148;-61.8299;-55.39948
10076.73;-211.0685;-80.81458;16.88916;-294.9539;-61.79614;-55.43243;-211.0685;-80.81458;16.88916;-294.9539;-61.79614;-55.43243
10085.08;-211.0504;-80.79633;7.832153;-295.1838;-61.79108;-55.43298;-211.0504;-80.79633;7.832153;-295.1838;-61.79108;-55.43298
10093.42;-211.0388;-80.81256;6.219543;-295.0456;-61.75562;-55.43219;-211.0388;-80.81256;6.219543;-295.0456;-61.75562;-55.43219
10101.76;-211.0099;-80.78149;12.93835;-295.1408;-61.72375;-55.44006;-211.0099;-80.78149;12.93835;-295.1408;-61.72375;-55.44006
10110.1;-211.0094;-80.78046;11.13141;-295.036;-61.72339;-55.4447;-211.0094;-80.78046;11.13141;-295.036;-61.72339;-55.4447
10118.44;-211.0062;-80.75555;7.828369;-295.0095;-61.71344;-55.45557;-211.0062;-80.75555;7.828369;-295.0095;-61.71344;-55.45557
10126.78;-210.9925;-80.74835;11.77576;-295.1236;-61.65417;-55.43762;-210.9925;-80.74835;11.77576;-295.1236;-61.65417;-55.43762
10135.13;-210.9751;-80.72858;14.8819;-294.9991;-61.66162;-55.4444;-210.9751;-80.72858;14.8819;-294.9991;-61.66162;-55.4444
10143.47;-210.9751;-80.70276;10.78137;-295.0616;-61.62805;-55.42401;-210.9751;-80.70276;10.78137;-295.0616;-61.62805;-55.42401
10151.81;-210.9729;-80.70898;14.36627;-295.0005;-61.62469;-55.42883;-210.9729;-80.70898;14.36627;-295.0005;-61.62469;-55.42883
10160.15;-210.9427;-80.70355;8.214905;-295.0937;-61.57135;-55.43622;-210.9427;-80.70355;8.214905;-295.0937;-61.57135;-55.43622
10168.49;-210.9264;-80.6814;7.383545;-295.0875;-61.56207;-55.44153;-210.9264;-80.6814;7.383545;-295.0875;-61.56207;-55.44153
10176.83;-210.912;-80.71863;10.24133;-295.0643;-61.54431;-55.44824;-210.912;-80.71863;10.24133;-295.0643;-61.54431;-55.44824
10185.17;-210.9063;-80.68921;7.954895;-294.9083;-61.44531;-55.52386;-210.9063;-80.68921;7.954895;-294.9083;-61.44531;-55.52386
10193.52;-210.8987;-80.66376;14.41125;-295.0894;-61.41119;-55.55902;-210.8987;-80.66376;14.41125;-295.0894;-61.41119;-55.55902
10201.86;-210.8723;-80.66913;8.613464;-295.0636;-61.40289;-55.55945;-210.8723;-80.66913;8.613464;-295.0636;-61.40289;-55.55945
10210.2;-210.8406;-80.64374;8.929382;-295.1913;-61.39075;-55.53766;-210.8406;-80.64374;8.929382;-295.1913;-61.39075;-55.53766
10218.54;-210.8252;-80.63477;6.99646;-295.0064;-61.35156;-55.53882;-210.8252;-80.63477;6.99646;-295.0064;-61.35156;-55.53882
10226.88;-210.7957;-80.60706;15.72369;-295.064;-61.33215;-55.53961;-210.7957;-80.60706;15.72369;-295.064;-61.33215;-55.53961
10235.22;-210.7767;-80.59991;8.842773;-295.0659;-61.30908;-55.54248;-210.7767;-80.59991;8.842773;-295.0659;-61.30908;-55.54248
10243.57;-210.7423;-80.61157;8.579407;-295.1212;-61.28595;-55.54327;-210.7423;-80.61157;8.579407;-295.1212;-61.28595;-55.54327
10251.91;-210.7269;-80.60663;7.554993;-295.1078;-61.26947;-55.54968;-210.7269;-80.60663;7.554993;-295.1078;-61.26947;-55.54968
10260.25;-210.7111;-80.59546;7.618042;-295.1484;-61.25909;-55.54138;-210.7111;-80.59546;7.618042;-295.1484;-61.25909;-55.54138
10268.59;-210.6985;-80.59222;7.737549;-295.1564;-61.24567;-55.55817;-210.6985;-80.59222;7.737549;-295.1564;-61.24567;-55.55817
10276.93;-210.6964;-80.60077;5.423889;-295.2715;-61.23016;-55.57507;-210.6964;-80.60077;5.423889;-295.2715;-61.23016;-55.57507
10285.28;-210.7036;-80.58136;15.18817;-295.0998;-61.18176;-55.59039;-210.7036;-80.58136;15.18817;-295.0998;-61.18176;-55.59039
10293.62;-210.6943;-80.5553;10.90814;-295.0278;-61.18365;-55.57538;-210.6943;-80.5553;10.90814;-295.0278;-61.18365;-55.57538
10301.96;-210.6846;-80.55054;11.19421;-294.9896;-61.18689;-55.58264;-210.6846;-80.55054;11.19421;-294.9896;-61.18689;-55.58264
10310.3;-210.4615;-80.37915;7.285034;-295.1385;-61.13776;-55.57526;-210.4615;-80.37915;7.285034;-295.1385;-61.13776;-55.57526
10318.64;-210.427;-80.38452;12.01685;-295.0328;-61.13342;-55.591;-210.427;-80.38452;12.01685;-295.0328;-61.13342;-55.591
10326.98;-210.4006;-80.38733;8.788086;-295.1799;-61.09851;-55.60651;-210.4006;-80.38733;8.788086;-295.1799;-61.09851;-55.60651
10335.33;-210.3708;-80.40125;7.274658;-295.1808;-61.06305;-55.62518;-210.3708;-80.40125;7.274658;-295.1808;-61.06305;-55.62518
10343.67;-210.3342;-80.40393;8.418274;-295.2385;-60.9184;-55.63464;-210.3342;-80.40393;8.418274;-295.2385;-60.9184;-55.63464
10352.01;-210.2952;-80.41138;8.959717;-295.2238;-60.91803;-55.64233;-210.2952;-80.41138;8.959717;-295.2238;-60.91803;-55.64233
10360.35;-210.2332;-80.38312;7.381775;-295.2484;-60.89478;-55.65314;-210.2332;-80.38312;7.381775;-295.2484;-60.89478;-55.65314
10368.69;-210.2117;-80.39337;7.803467;-295.0736;-60.87103;-55.66418;-210.2117;-80.39337;7.803467;-295.0736;-60.87103;-55.66418
10377.03;-210.1855;-80.38251;7.545959;-295.158;-60.82678;-55.68073;-210.1855;-80.38251;7.545959;-295.158;-60.82678;-55.68073
10385.38;-210.127;-80.40112;7.289063;-295.1627;-60.80487;-55.68823;-210.127;-80.40112;7.289063;-295.1627;-60.80487;-55.68823
10393.72;-210.0268;-80.39197;7.951843;-295.1864;-60.64783;-55.73969;-210.0268;-80.39197;7.951843;-295.1864;-60.64783;-55.73969
10402.06;-210.0186;-80.37628;9.078552;-295.0914;-60.64667;-55.73102;-210.0186;-80.37628;9.078552;-295.0914;-60.64667;-55.73102
10410.4;-209.9843;-80.39246;8.076599;-295.1642;-60.62598;-55.76068;-209.9843;-80.39246;8.076599;-295.1642;-60.62598;-55.76068
10418.74;-209.9712;-80.40039;8.07428;-295.1955;-60.58209;-55.76538;-209.9712;-80.40039;8.07428;-295.1955;-60.58209;-55.76538
10427.08;-209.9474;-80.40338;6.756775;-295.2845;-60.58063;-55.77753;-209.9474;-80.40338;6.756775;-295.2845;-60.58063;-55.77753
10435.42;-209.928;-80.39874;16.57019;-295.0432;-60.53058;-55.80768;-209.928;-80.39874;16.57019;-295.0432;-60.53058;-55.80768
10443.77;-209.9117;-80.40472;17.43732;-295.0731;-60.50476;-55.82959;-209.9117;-80.40472;17.43732;-295.0731;-60.50476;-55.82959
10452.11;-209.885;-80.40265;4.929443;-295.3768;-60.46655;-55.84436;-209.885;-80.40265;4.929443;-295.3768;-60.46655;-55.84436
10460.45;-209.8369;-80.41278;8.341003;-295.4304;-60.43597;-55.87604;-209.8369;-80.41278;8.341003;-295.4304;-60.43597;-55.87604
10468.79;-209.8174;-80.41699;8.252197;-295.4802;-60.38831;-55.89105;-209.8174;-80.41699;8.252197;-295.4802;-60.38831;-55.89105
10477.13;-209.7808;-80.40985;8.974243;-295.2778;-60.36279;-55.89624;-209.7808;-80.40985;8.974243;-295.2778;-60.36279;-55.89624
10485.47;-209.7385;-80.42389;9.006836;-295.2828;-60.25513;-55.91217;-209.7385;-80.42389;9.006836;-295.2828;-60.25513;-55.91217
10493.82;-209.6297;-80.43292;8.163696;-295.1702;-60.16302;-55.91449;-209.6297;-80.43292;8.163696;-295.1702;-60.16302;-55.91449
10502.16;-209.5923;-80.45648;8.25885;-295.1916;-60.17004;-55.91425;-209.5923;-80.45648;8.25885;-295.1916;-60.17004;-55.91425
10510.5;-209.5569;-80.45807;18.02081;-295.1321;-60.13678;-55.95581;-209.5569;-80.45807;18.02081;-295.1321;-60.13678;-55.95581
10518.84;-209.5571;-80.46497;9.166382;-295.2458;-60.11786;-55.97491;-209.5571;-80.46497;9.166382;-295.2458;-60.11786;-55.97491
10527.18;-209.4801;-80.35742;12.8468;-295.2092;-60.07874;-55.98395;-209.4801;-80.35742;12.8468;-295.2092;-60.07874;-55.98395
10535.53;-209.4301;-80.35083;17.67712;-295.1219;-60.04358;-56.00232;-209.4301;-80.35083;17.67712;-295.1219;-60.04358;-56.00232
10543.87;-209.4058;-80.35992;9.108887;-295.3619;-59.96631;-56.02081;-209.4058;-80.35992;9.108887;-295.3619;-59.96631;-56.02081
10552.21;-209.4034;-80.34149;7.291992;-295.4624;-59.96558;-56.03314;-209.4034;-80.34149;7.291992;-295.4624;-59.96558;-56.03314
10560.55;-209.3979;-80.32965;9.336853;-295.3922;-59.94556;-56.04095;-209.3979;-80.32965;9.336853;-295.3922;-59.94556;-56.04095
10568.89;-209.3897;-80.30859;10.79822;-295.4458;-59.91577;-56.06317;-209.3897;-80.30859;10.79822;-295.4458;-59.91577;-56.06317
10577.23;-209.3296;-80.29413;6.997742;-295.3464;-59.836;-56.03583;-209.3296;-80.29413;6.997742;-295.3464;-59.836;-56.03583
10585.58;-209.313;-80.2868;21;-295;-59.8186;-56.0545;-209.313;-80.2868;21;-295;-59.8186;-56.0545
10593.92;-209.2733;-80.31097;10.37695;-295.2755;-59.81177;-56.07507;-209.2733;-80.31097;10.37695;-295.2755;-59.81177;-56.07507
10602.26;-209.2648;-80.31555;8.459106;-295.363;-59.81201;-56.10443;-209.2648;-80.31555;8.459106;-295.363;-59.81201;-56.10443
10610.6;-209.2317;-80.30792;17.36823;-295.2303;-59.73059;-56.14606;-209.2317;-80.30792;17.36823;-295.2303;-59.73059;-56.14606
10618.94;-209.1926;-80.30573;17.28522;-295.2122;-59.71783;-56.15808;-209.1926;-80.30573;17.28522;-295.2122;-59.71783;-56.15808
10627.28;-209.175;-80.31256;10.0401;-295.2999;-59.66595;-56.16339;-209.175;-80.31256;10.0401;-295.2999;-59.66595;-56.16339
10635.63;-209.1633;-80.31152;6.989502;-295.5778;-59.65344;-56.19189;-209.1633;-80.31152;6.989502;-295.5778;-59.65344;-56.19189
10643.97;-209.1304;-80.29675;10.75262;-295.2921;-59.64795;-56.20569;-209.1304;-80.29675;10.75262;-295.2921;-59.64795;-56.20569
10652.31;-209.117;-80.29358;9.411926;-295.3398;-59.61804;-56.21906;-209.117;-80.29358;9.411926;-295.3398;-59.61804;-56.21906
10660.65;-209.0688;-80.29865;10.66943;-295.328;-59.52655;-56.24432;-209.0688;-80.29865;10.66943;-295.328;-59.52655;-56.24432
10668.99;-209.0595;-80.29614;8.886475;-295.2797;-59.50897;-56.2478;-209.0595;-80.29614;8.886475;-295.2797;-59.50897;-56.2478
10677.33;-209.0398;-80.27972;6.154358;-295.5773;-59.48798;-56.16315;-209.0398;-80.27972;6.154358;-295.5773;-59.48798;-56.16315
10685.67;-209.0275;-80.28516;6.307861;-295.6174;-59.4826;-56.17438;-209.0275;-80.28516;6.307861;-295.6174;-59.4826;-56.17438
10694.02;-209.011;-80.28912;8.022339;-295.4834;-59.44458;-56.20294;-209.011;-80.28912;8.022339;-295.4834;-59.44458;-56.20294
10702.36;-208.9905;-80.30383;11.2262;-295.2871;-59.40796;-56.21716;-208.9905;-80.30383;11.2262;-295.2871;-59.40796;-56.21716
10710.7;-208.9754;-80.31866;7.932922;-295.4857;-59.39685;-56.23566;-208.9754;-80.31866;7.932922;-295.4857;-59.39685;-56.23566
10719.04;-208.952;-80.31232;7.81842;-295.4328;-59.38977;-56.23645;-208.952;-80.31232;7.81842;-295.4328;-59.38977;-56.23645
10727.38;-208.9462;-80.31781;5.945313;-295.6005;-59.36407;-56.2597;-208.9462;-80.31781;5.945313;-295.6005;-59.36407;-56.2597
10735.72;-208.9126;-80.32562;7.068481;-295.7339;-59.34442;-56.27075;-208.9126;-80.32562;7.068481;-295.7339;-59.34442;-56.27075
10744.07;-208.9039;-80.32843;8.100159;-295.6561;-59.29639;-56.30316;-208.9039;-80.32843;8.100159;-295.6561;-59.29639;-56.30316
10752.41;-208.8877;-80.32147;5.521362;-295.6529;-59.22827;-56.34454;-208.8877;-80.32147;5.521362;-295.6529;-59.22827;-56.34454
10760.75;-208.8618;-80.32037;2.446472;-295.7755;-59.24103;-56.36505;-208.8618;-80.32037;2.446472;-295.7755;-59.24103;-56.36505
10769.09;-208.8525;-80.3407;6.335693;-295.7042;-59.21643;-56.39209;-208.8525;-80.3407;6.335693;-295.7042;-59.21643;-56.39209
10777.43;-208.8187;-80.33472;12.04846;-295.7267;-59.1969;-56.41132;-208.8187;-80.33472;12.04846;-295.7267;-59.1969;-56.41132
10785.78;-208.8178;-80.35425;7.133789;-295.8247;-59.20563;-56.43774;-208.8178;-80.35425;7.133789;-295.8247;-59.20563;-56.43774
10794.12;-208.8221;-80.35303;12.02277;-295.8213;-59.198;-56.4859;-208.8221;-80.35303;12.02277;-295.8213;-59.198;-56.4859
10802.46;-208.8164;-80.35315;6.010437;-295.8583;-59.37134;-56.51282;-208.8164;-80.35315;6.010437;-295.8583;-59.37134;-56.51282
10810.8;-208.8419;-80.34424;7.130432;-295.739;-59.37726;-56.54315;-208.8419;-80.34424;7.130432;-295.739;-59.37726;-56.54315
10819.14;-208.9079;-80.32269;3.974426;-295.7937;-59.4024;-56.52521;-208.9079;-80.32269;3.974426;-295.7937;-59.4024;-56.52521
10827.48;-208.9716;-80.24384;7.230103;-295.7407;-59.27582;-56.4967;-208.9716;-80.24384;7.230103;-295.7407;-59.27582;-56.4967
10835.83;-209.0193;-80.11151;7.525024;-295.687;-59.31067;-56.42285;-209.0193;-80.11151;7.525024;-295.687;-59.31067;-56.42285
10844.17;-209.0458;-80.03168;14.61237;-295.2472;-59.31866;-56.29065;-209.0458;-80.03168;14.61237;-295.2472;-59.31866;-56.29065
10852.51;-209.0342;-79.94916;15.86713;-295.2213;-59.3183;-56.26093;-209.0342;-79.94916;15.86713;-295.2213;-59.3183;-56.26093
10860.85;-209.0751;-79.85498;11.95435;-295.086;-59.36469;-56.19751;-209.0751;-79.85498;11.95435;-295.086;-59.36469;-56.19751
10869.19;-209.097;-79.83289;10.88391;-295.1344;-59.37292;-56.19427;-209.097;-79.83289;10.88391;-295.1344;-59.37292;-56.19427
10877.53;-209.1373;-79.82526;7.876282;-295.1703;-59.40607;-56.20557;-209.1373;-79.82526;7.876282;-295.1703;-59.40607;-56.20557
10885.88;-209.189;-79.79047;5.912903;-295.2742;-59.47583;-56.19873;-209.189;-79.79047;5.912903;-295.2742;-59.47583;-56.19873
10894.22;-209.1891;-79.77692;5.893982;-295.1702;-59.4762;-56.2041;-209.1891;-79.77692;5.893982;-295.1702;-59.4762;-56.2041
10902.56;-209.2148;-79.74786;5.820251;-295.1345;-59.47644;-56.20624;-209.2148;-79.74786;5.820251;-295.1345;-59.47644;-56.20624
10910.9;-209.2583;-79.63892;9.078064;-295.064;-59.50629;-56.32684;-209.2583;-79.63892;9.078064;-295.064;-59.50629;-56.32684
10919.24;-209.2845;-79.50543;5.084167;-295.084;-59.53369;-56.229;-209.2845;-79.50543;5.084167;-295.084;-59.53369;-56.229
10927.58;-209.209;-79.40186;5.769714;-295.0124;-59.59875;-56.10382;-209.209;-79.40186;5.769714;-295.0124;-59.59875;-56.10382
10935.92;-209.2614;-79.37323;4.937134;-295.0411;-59.63818;-56.10114;-209.2614;-79.37323;4.937134;-295.0411;-59.63818;-56.10114
10944.27;-209.2588;-79.3299;7.621399;-294.9974;-59.65228;-56.06;-209.2588;-79.3299;7.621399;-294.9974;-59.65228;-56.06
10952.61;-209.2609;-79.33716;6.398865;-294.9845;-59.65173;-56.06055;-209.2609;-79.33716;6.398865;-294.9845;-59.65173;-56.06055
10960.95;-209.259;-79.35535;4.172913;-295.0761;-59.64679;-56.12732;-209.259;-79.35535;4.172913;-295.0761;-59.64679;-56.12732
10969.29;-209.2512;-79.40289;7.019836;-295.09;-59.61298;-56.40424;-209.2512;-79.40289;7.019836;-295.09;-59.61298;-56.40424
10977.63;-209.3705;-79.5271;11.91144;-295.0508;-59.60516;-56.39722;-209.3705;-79.5271;11.91144;-295.0508;-59.60516;-56.39722
10985.97;-209.3843;-79.52155;8.08075;-295.046;-59.6051;-56.39917;-209.3843;-79.52155;8.08075;-295.046;-59.6051;-56.39917
10994.32;-209.3693;-79.51965;9.735352;-295.048;-59.56622;-56.42938;-209.3693;-79.51965;9.735352;-295.048;-59.56622;-56.42938
11002.66;-209.2012;-79.49567;7.885376;-295.0627;-59.54395;-56.43018;-209.2012;-79.49567;7.885376;-295.0627;-59.54395;-56.43018
11011;-209.1476;-79.46222;11.3125;-295.1674;-59.49487;-56.25604;-209.1476;-79.46222;11.3125;-295.1674;-59.49487;-56.25604
11019.34;-209.1187;-79.45508;7.595093;-295.2529;-59.33044;-56.27997;-209.1187;-79.45508;7.595093;-295.2529;-59.33044;-56.27997
11027.68;-209.028;-79.47247;14.57397;-295.1055;-59.25531;-56.34882;-209.028;-79.47247;14.57397;-295.1055;-59.25531;-56.34882
11036.03;-209.0983;-79.53497;14.41516;-295.1486;-59.21545;-56.41925;-209.0983;-79.53497;14.41516;-295.1486;-59.21545;-56.41925
11044.37;-208.9491;-79.58881;7.800964;-295.4373;-59.01794;-56.48901;-208.9491;-79.58881;7.800964;-295.4373;-59.01794;-56.48901
11052.71;-208.8203;-79.59137;15.13702;-295.3138;-59.18933;-56.54089;-208.8203;-79.59137;15.13702;-295.3138;-59.18933;-56.54089
11061.05;-208.7118;-79.63342;18.16205;-295.0984;-59.00958;-56.5639;-208.7118;-79.63342;18.16205;-295.0984;-59.00958;-56.5639
11069.39;-208.6514;-79.6192;9.083984;-295.176;-58.98663;-56.57227;-208.6514;-79.6192;9.083984;-295.176;-58.98663;-56.57227
11077.73;-208.4324;-79.41437;6.592407;-295.1588;-58.94031;-56.55914;-208.4324;-79.41437;6.592407;-295.1588;-58.94031;-56.55914
11086.08;-208.4188;-79.3584;7.559998;-295.141;-58.92395;-56.52972;-208.4188;-79.3584;7.559998;-295.141;-58.92395;-56.52972
11094.42;-208.4099;-79.31488;5.964966;-295.2481;-58.94666;-56.54065;-208.4099;-79.31488;5.964966;-295.2481;-58.94666;-56.54065
11102.76;-208.4269;-79.29614;6.685425;-295.0873;-58.93872;-56.52362;-208.4269;-79.29614;6.685425;-295.0873;-58.93872;-56.52362
11111.1;-208.465;-79.28632;8.126526;-295.1136;-58.94495;-56.54559;-208.465;-79.28632;8.126526;-295.1136;-58.94495;-56.54559
11119.44;-208.5161;-79.41516;6.4953;-295.1904;-58.94879;-56.56421;-208.5161;-79.41516;6.4953;-295.1904;-58.94879;-56.56421
11127.78;-208.5206;-79.42584;13.3125;-295.1077;-58.96851;-56.59607;-208.5206;-79.42584;13.3125;-295.1077;-58.96851;-56.59607
11136.13;-208.5403;-79.4068;13.09625;-295.1206;-58.96863;-56.59662;-208.5403;-79.4068;13.09625;-295.1206;-58.96863;-56.59662
11144.47;-208.5822;-79.39563;7.099548;-295.235;-58.95532;-56.60394;-208.5822;-79.39563;7.099548;-295.235;-58.95532;-56.60394
11152.81;-208.6201;-79.37622;7.877319;-295.2109;-58.98102;-56.62189;-208.6201;-79.37622;7.877319;-295.2109;-58.98102;-56.62189
11161.15;-208.717;-79.33441;8.141724;-295.1514;-59.00232;-56.59955;-208.717;-79.33441;8.141724;-295.1514;-59.00232;-56.59955
11169.49;-208.7174;-79.31403;8.180664;-295.0767;-59.0033;-56.59918;-208.7174;-79.31403;8.180664;-295.0767;-59.0033;-56.59918
11177.83;-208.6777;-79.31036;10.08868;-295.142;-59.00238;-56.62488;-208.6777;-79.31036;10.08868;-295.142;-59.00238;-56.62488
11186.17;-208.624;-79.32172;10.71228;-295.0965;-58.95789;-56.67194;-208.624;-79.32172;10.71228;-295.0965;-58.95789;-56.67194
11194.52;-208.4608;-79.21277;9.216675;-295.2452;-58.88812;-56.70209;-208.4608;-79.21277;9.216675;-295.2452;-58.88812;-56.70209
11202.86;-208.4;-79.24225;10.29565;-295.2248;-58.81488;-56.74847;-208.4;-79.24225;10.29565;-295.2248;-58.81488;-56.74847
11211.2;-208.3506;-79.26831;8.995361;-295.2754;-58.69336;-56.83948;-208.3506;-79.26831;8.995361;-295.2754;-58.69336;-56.83948
11219.54;-208.3165;-79.2749;10.55017;-295.2292;-58.66882;-56.86029;-208.3165;-79.2749;10.55017;-295.2292;-58.66882;-56.86029
11227.88;-208.272;-79.26508;7.204651;-295.2164;-58.63354;-56.87366;-208.272;-79.26508;7.204651;-295.2164;-58.63354;-56.87366
11236.22;-208.2274;-79.25531;15.87128;-295.191;-58.586;-56.89734;-208.2274;-79.25531;15.87128;-295.191;-58.586;-56.89734
11244.57;-208.1755;-79.26837;7.346069;-295.3661;-58.41809;-56.73798;-208.1755;-79.26837;7.346069;-295.3661;-58.41809;-56.73798
11252.91;-208.1211;-79.27924;8.062317;-295.3326;-58.37866;-56.7934;-208.1211;-79.27924;8.062317;-295.3326;-58.37866;-56.7934
11261.25;-208.0134;-79.29272;7.093689;-295.4066;-58.33337;-56.86127;-208.0134;-79.29272;7.093689;-295.4066;-58.33337;-56.86127
11269.59;-207.9796;-79.29797;7.327209;-295.4207;-58.25897;-56.88361;-207.9796;-79.29797;7.327209;-295.4207;-58.25897;-56.88361
11277.93;-207.8491;-79.32263;8.186218;-295.354;-58.07153;-56.94128;-207.8491;-79.32263;8.186218;-295.354;-58.07153;-56.94128
11286.28;-207.7889;-79.31787;8.212463;-295.3539;-58.00159;-56.96643;-207.7889;-79.31787;8.212463;-295.3539;-58.00159;-56.96643
11294.62;-207.7025;-79.29834;8.185913;-295.2582;-57.8667;-56.98712;-207.7025;-79.29834;8.185913;-295.2582;-57.8667;-56.98712
11302.96;-207.6858;-79.28949;8.387268;-295.2704;-57.85675;-56.98883;-207.6858;-79.28949;8.387268;-295.2704;-57.85675;-56.98883
11311.3;-207.6153;-79.29901;8.095886;-295.6031;-57.83875;-57.0296;-207.6153;-79.29901;8.095886;-295.6031;-57.83875;-57.0296
11319.64;-207.5782;-79.29633;7.950806;-295.5361;-57.81708;-57.04474;-207.5782;-79.29633;7.950806;-295.5361;-57.81708;-57.04474
11327.98;-207.4465;-79.17877;16.30927;-295.2493;-57.76019;-57.06519;-207.4465;-79.17877;16.30927;-295.2493;-57.76019;-57.06519
11336.33;-207.4048;-79.19379;17.14911;-295.2368;-57.68048;-57.10779;-207.4048;-79.19379;17.14911;-295.2368;-57.68048;-57.10779
11344.67;-207.3623;-79.20624;11.98212;-295.452;-57.57434;-57.17859;-207.3623;-79.20624;11.98212;-295.452;-57.57434;-57.17859
11353.01;-207.3588;-79.19562;5.745117;-295.5427;-57.57434;-57.17859;-207.3588;-79.19562;5.745117;-295.5427;-57.57434;-57.17859
11361.35;-207.3411;-79.20587;9.695618;-295.3413;-57.55914;-57.1875;-207.3411;-79.20587;9.695618;-295.3413;-57.55914;-57.1875
11369.69;-207.3263;-79.198;10.21161;-295.4332;-57.56592;-57.19452;-207.3263;-79.198;10.21161;-295.4332;-57.56592;-57.19452
11378.03;-207.3627;-79.15765;8.435242;-295.4147;-57.57446;-57.18958;-207.3627;-79.15765;8.435242;-295.4147;-57.57446;-57.18958
11386.38;-207.3866;-79.10004;8.427917;-295.3904;-57.57373;-57.19061;-207.3866;-79.10004;8.427917;-295.3904;-57.57373;-57.19061
11394.72;-207.3771;-79.06262;22;-295;-57.59064;-57.14386;-207.3771;-79.06262;22;-295;-57.59064;-57.14386
11403.06;-207.368;-79.06256;7;-296;-57.57904;-57.1427;-207.368;-79.06256;7;-296;-57.57904;-57.1427
11411.4;-207.3559;-79.08569;19.59583;-295.2085;-57.55389;-57.19049;-207.3559;-79.08569;19.59583;-295.2085;-57.55389;-57.19049
11419.74;-207.3384;-79.07751;6.283081;-295.4196;-57.51758;-57.21942;-207.3384;-79.07751;6.283081;-295.4196;-57.51758;-57.21942
11428.08;-207.3201;-79.08179;19.25977;-295.1297;-57.47876;-57.05634;-207.3201;-79.08179;19.25977;-295.1297;-57.47876;-57.05634
11436.42;-207.2955;-79.07513;17.3653;-295.2094;-57.46368;-57.05304;-207.2955;-79.07513;17.3653;-295.2094;-57.46368;-57.05304
11444.77;-207.2829;-79.04138;19.26263;-295.0822;-57.44348;-57.04736;-207.2829;-79.04138;19.26263;-295.0822;-57.44348;-57.04736
11453.11;-207.2704;-79.01514;7.79541;-295.4483;-57.43811;-57.0426;-207.2704;-79.01514;7.79541;-295.4483;-57.43811;-57.0426
11461.45;-207.2701;-78.9906;19.29297;-295.074;-57.41858;-57.05688;-207.2701;-78.9906;19.29297;-295.074;-57.41858;-57.05688
11469.79;-207.2713;-78.98334;22.16553;-295.1212;-57.40247;-57.06421;-207.2713;-78.98334;22.16553;-295.1212;-57.40247;-57.06421
11478.13;-207.2462;-78.98633;19.22668;-295.0856;-57.35107;-57.09888;-207.2462;-78.98633;19.22668;-295.0856;-57.35107;-57.09888
11486.47;-207.2292;-79.00159;18.14819;-295.1173;-57.30963;-57.20984;-207.2292;-79.00159;18.14819;-295.1173;-57.30963;-57.20984
11494.82;-207.1842;-79.02795;20.28632;-295.2081;-57.15521;-57.32623;-207.1842;-79.02795;20.28632;-295.2081;-57.15521;-57.32623
11503.16;-207.147;-79.06091;10.96954;-295.4297;-57.1496;-57.33386;-207.147;-79.06091;10.96954;-295.4297;-57.1496;-57.33386
11511.5;-207.1369;-79.01996;7.204651;-295.5724;-57.12225;-57.3291;-207.1369;-79.01996;7.204651;-295.5724;-57.12225;-57.3291
11519.84;-207.1104;-79.00189;8.30188;-295.5517;-57.10822;-57.32898;-207.1104;-79.00189;8.30188;-295.5517;-57.10822;-57.32898
11528.18;-207.0425;-78.97443;7.810669;-295.4636;-56.97522;-57.32935;-207.0425;-78.97443;7.810669;-295.4636;-56.97522;-57.32935
11536.53;-207.0317;-78.96503;10.88306;-295.5405;-56.9787;-57.33716;-207.0317;-78.96503;10.88306;-295.5405;-56.9787;-57.33716
11544.87;-206.9976;-78.96039;17.87866;-295.3049;-56.9248;-57.37183;-206.9976;-78.96039;17.87866;-295.3049;-56.9248;-57.37183
11553.21;-206.9549;-78.96454;6.172058;-295.5039;-56.88153;-57.41327;-206.9549;-78.96454;6.172058;-295.5039;-56.88153;-57.41327
11561.55;-206.7953;-79.00812;12.21637;-295.5951;-56.76318;-57.48578;-206.7953;-79.00812;12.21637;-295.5951;-56.76318;-57.48578
11569.89;-206.7879;-79.00232;4.374695;-295.6656;-56.92938;-57.539;-206.7879;-79.00232;4.374695;-295.6656;-56.92938;-57.539
11578.23;-206.7421;-79.05035;8.311035;-295.5598;-56.89197;-57.56769;-206.7421;-79.05035;8.311035;-295.5598;-56.89197;-57.56769
11586.58;-206.7042;-79.04126;13.90979;-295.593;-56.85699;-57.57983;-206.7042;-79.04126;13.90979;-295.593;-56.85699;-57.57983
11594.92;-206.6616;-79.03485;8.719421;-295.6047;-56.84656;-57.59137;-206.6616;-79.03485;8.719421;-295.6047;-56.84656;-57.59137
11603.26;-206.6486;-79.01318;11.86499;-295.5184;-56.83319;-57.58618;-206.6486;-79.01318;11.86499;-295.5184;-56.83319;-57.58618
11611.6;-206.643;-78.99365;9.89856;-295.5735;-56.82269;-57.59912;-206.643;-78.99365;9.89856;-295.5735;-56.82269;-57.59912
11619.94;-206.6172;-78.98083;7.137634;-295.6052;-56.79675;-57.60883;-206.6172;-78.98083;7.137634;-295.6052;-56.79675;-57.60883
11628.28;-206.603;-78.97162;8.405212;-295.6611;-56.78522;-57.6145;-206.603;-78.97162;8.405212;-295.6611;-56.78522;-57.6145
11636.63;-206.5874;-78.96301;9.453491;-295.6074;-56.78076;-57.62836;-206.5874;-78.96301;9.453491;-295.6074;-56.78076;-57.62836
11644.97;-206.5582;-78.96509;6.757751;-295.6177;-56.73505;-57.64856;-206.5582;-78.96509;6.757751;-295.6177;-56.73505;-57.64856
11653.31;-206.532;-78.97388;6.727661;-295.6168;-56.73431;-57.64807;-206.532;-78.97388;6.727661;-295.6168;-56.73431;-57.64807
11661.65;-206.5422;-78.97357;8.072205;-295.6721;-56.71606;-57.66632;-206.5422;-78.97357;8.072205;-295.6721;-56.71606;-57.66632
11669.99;-206.5667;-78.94861;8.112793;-295.7155;-56.72656;-57.66675;-206.5667;-78.94861;8.112793;-295.7155;-56.72656;-57.66675
11678.33;-206.5557;-78.92871;8.210632;-295.6077;-56.70618;-57.68372;-206.5557;-78.92871;8.210632;-295.6077;-56.70618;-57.68372
11686.67;-206.5439;-78.89423;8.060059;-295.7271;-56.71527;-57.68701;-206.5439;-78.89423;8.060059;-295.7271;-56.71527;-57.68701
11695.02;-206.541;-78.85413;17.44232;-295.2677;-56.68536;-57.68433;-206.541;-78.85413;17.44232;-295.2677;-56.68536;-57.68433
11703.36;-206.5181;-78.81909;18.60986;-295.2047;-56.67188;-57.6806;-206.5181;-78.81909;18.60986;-295.2047;-56.67188;-57.6806
11711.7;-206.4946;-78.65527;12.62323;-295.4072;-56.67957;-57.69586;-206.4946;-78.65527;12.62323;-295.4072;-56.67957;-57.69586
11720.04;-206.5172;-78.77637;5.018005;-295.6205;-56.67914;-57.69611;-206.5172;-78.77637;5.018005;-295.6205;-56.67914;-57.69611
11728.38;-206.5367;-78.77661;19;-295;-56.6604;-57.70642;-206.5367;-78.77661;19;-295;-56.6604;-57.70642
11736.72;-206.5416;-78.74249;16.58453;-295.2546;-56.64746;-57.71228;-206.5416;-78.74249;16.58453;-295.2546;-56.64746;-57.71228
11745.07;-206.5441;-78.74878;9.182678;-295.3203;-56.65796;-57.72833;-206.5441;-78.74878;9.182678;-295.3203;-56.65796;-57.72833
11753.41;-206.5381;-78.72644;14.41907;-295.2346;-56.64587;-57.72375;-206.5381;-78.72644;14.41907;-295.2346;-56.64587;-57.72375
11761.75;-206.5739;-78.69214;9.727966;-295.4004;-56.64386;-57.73022;-206.5739;-78.69214;9.727966;-295.4004;-56.64386;-57.73022
11770.09;-206.5562;-78.67639;8.245667;-295.3598;-56.62219;-57.73633;-206.5562;-78.67639;8.245667;-295.3598;-56.62219;-57.73633
11778.43;-206.3823;-78.44702;9.639771;-295.5353;-56.58856;-57.7323;-206.3823;-78.44702;9.639771;-295.5353;-56.58856;-57.7323
11786.78;-206.3641;-78.43628;7.284424;-295.581;-56.57916;-57.73401;-206.3641;-78.43628;7.284424;-295.581;-56.57916;-57.73401
11795.12;-206.334;-78.43677;11.14417;-295.317;-56.54004;-57.77057;-206.334;-78.43677;11.14417;-295.317;-56.54004;-57.77057
11803.46;-206.3323;-78.42993;4.56073;-295.5745;-56.52661;-57.79114;-206.3323;-78.42993;4.56073;-295.5745;-56.52661;-57.79114
11811.8;-206.3262;-78.42548;14.86285;-295.2062;-56.52979;-57.80957;-206.3262;-78.42548;14.86285;-295.2062;-56.52979;-57.80957
11820.14;-206.3195;-78.41705;9.907715;-295.293;-56.50964;-57.80829;-206.3195;-78.41705;9.907715;-295.293;-56.50964;-57.80829
11828.48;-206.2975;-78.39221;14.90472;-295.2286;-56.4505;-57.69196;-206.2975;-78.39221;14.90472;-295.2286;-56.4505;-57.69196
11836.83;-206.2814;-78.37952;15.02814;-295.1962;-56.45178;-57.69464;-206.2814;-78.37952;15.02814;-295.1962;-56.45178;-57.69464
11845.17;-206.2534;-78.35004;9.101868;-295.4066;-56.41711;-57.69922;-206.2534;-78.35004;9.101868;-295.4066;-56.41711;-57.69922
11853.51;-206.2335;-78.33105;8.759521;-295.4122;-56.41718;-57.69922;-206.2335;-78.33105;8.759521;-295.4122;-56.41718;-57.69922
11861.85;-206.1956;-78.30701;9.885071;-295.3351;-56.2713;-57.73718;-206.1956;-78.30701;9.885071;-295.3351;-56.2713;-57.73718
11870.19;-206.1848;-78.31738;9.927185;-295.3516;-56.26947;-57.73633;-206.1848;-78.31738;9.927185;-295.3516;-56.26947;-57.73633
11878.53;-206.1715;-78.31293;10.01282;-295.348;-56.27014;-57.73944;-206.1715;-78.31293;10.01282;-295.348;-56.27014;-57.73944
11886.88;-206.1868;-78.27313;9.264648;-295.3638;-56.24768;-57.81793;-206.1868;-78.27313;9.264648;-295.3638;-56.24768;-57.81793
11895.22;-206.185;-78.26764;9.373291;-295.3862;-56.24524;-57.8186;-206.185;-78.26764;9.373291;-295.3862;-56.24524;-57.8186
11903.56;-206.1863;-78.26617;7.733948;-295.5869;-56.24579;-57.81836;-206.1863;-78.26617;7.733948;-295.5869;-56.24579;-57.81836
11911.9;-206.1777;-78.25043;7.992188;-295.412;-56.2467;-57.82361;-206.1777;-78.25043;7.992188;-295.412;-56.2467;-57.82361
11920.24;-206.172;-78.23975;8.164795;-295.3469;-56.24664;-57.82361;-206.172;-78.23975;8.164795;-295.3469;-56.24664;-57.82361
11928.58;-206.1608;-78.22382;18.29102;-295.2017;-56.22296;-57.81384;-206.1608;-78.22382;18.29102;-295.2017;-56.22296;-57.81384
11936.92;-206.1414;-78.21985;11.81323;-295.2112;-56.19244;-57.83698;-206.1414;-78.21985;11.81323;-295.2112;-56.19244;-57.83698
11945.27;-206.1126;-78.22217;9.271912;-295.4374;-56.01123;-57.85187;-206.1126;-78.22217;9.271912;-295.4374;-56.01123;-57.85187
11953.61;-206.0895;-78.23206;16.32794;-295.326;-56.01105;-57.8515;-206.0895;-78.23206;16.32794;-295.326;-56.01105;-57.8515
11961.95;-206.0742;-78.22729;8.988403;-295.4482;-55.98755;-58.02496;-206.0742;-78.22729;8.988403;-295.4482;-55.98755;-58.02496
11970.29;-206.0416;-78.24988;8.563171;-295.5358;-55.98724;-57.99261;-206.0416;-78.24988;8.563171;-295.5358;-55.98724;-57.99261
11978.63;-206.0281;-78.21082;5.580627;-295.4852;-55.99347;-58.01746;-206.0281;-78.21082;5.580627;-295.4852;-55.99347;-58.01746
11986.97;-206.0162;-78.20703;7.788879;-295.4636;-55.99377;-58.01746;-206.0162;-78.20703;7.788879;-295.4636;-55.99377;-58.01746
11995.32;-205.9976;-78.19812;15.26953;-295.3536;-55.99292;-58.01788;-205.9976;-78.19812;15.26953;-295.3536;-55.99292;-58.01788
12003.66;-205.9893;-78.18665;15.49341;-295.3422;-55.99335;-58.01794;-205.9893;-78.18665;15.49341;-295.3422;-55.99335;-58.01794
12012;-205.9938;-78.18073;8.536499;-295.4644;-55.99323;-58.01697;-205.9938;-78.18073;8.536499;-295.4644;-55.99323;-58.01697
12020.34;-205.9932;-78.17755;7.095947;-295.65;-55.99335;-58.01758;-205.9932;-78.17755;7.095947;-295.65;-55.99335;-58.01758
12028.68;-205.981;-78.17029;5.486145;-295.6893;-55.99341;-58.0174;-205.981;-78.17029;5.486145;-295.6893;-55.99341;-58.0174
12037.03;-205.9805;-78.17853;5.391052;-295.7023;-55.96716;-58.00397;-205.9805;-78.17853;5.391052;-295.7023;-55.96716;-58.00397
12045.37;-205.9648;-78.16071;5.787903;-295.7209;-55.9928;-58.01746;-205.9648;-78.16071;5.787903;-295.7209;-55.9928;-58.01746
12053.71;-205.9493;-78.16431;8.952698;-295.715;-55.96246;-58.02289;-205.9493;-78.16431;8.952698;-295.715;-55.96246;-58.02289
12062.05;-205.9658;-78.13916;9.927856;-295.4365;-55.93805;-58.04437;-205.9658;-78.13916;9.927856;-295.4365;-55.93805;-58.04437
12070.39;-205.9231;-78.13049;6.406494;-295.5582;-55.91943;-58.02692;-205.9231;-78.13049;6.406494;-295.5582;-55.91943;-58.02692
12078.73;-205.8987;-78.10382;17.00165;-295.2529;-55.75372;-58.0387;-205.8987;-78.10382;17.00165;-295.2529;-55.75372;-58.0387
12087.08;-205.8559;-78.09436;17.25085;-295.2186;-55.75189;-58.03809;-205.8559;-78.09436;17.25085;-295.2186;-55.75189;-58.03809
12095.42;-205.8732;-78.09283;8.174194;-295.4408;-55.75244;-58.07562;-205.8732;-78.09283;8.174194;-295.4408;-55.75244;-58.07562
12103.76;-205.8246;-78.08875;8.092957;-295.4827;-55.74573;-58.08862;-205.8246;-78.08875;8.092957;-295.4827;-55.74573;-58.08862
12112.1;-205.8248;-78.08655;7.680908;-295.4332;-55.70703;-58.27655;-205.8248;-78.08655;7.680908;-295.4332;-55.70703;-58.27655
12120.44;-205.7158;-78.0957;5.894714;-295.666;-55.70734;-58.27417;-205.7158;-78.0957;5.894714;-295.666;-55.70734;-58.27417
12128.78;-205.6525;-78.10864;16.19122;-295.1849;-55.6684;-58.2464;-205.6525;-78.10864;16.19122;-295.1849;-55.6684;-58.2464
12137.13;-205.6362;-78.08734;16.13257;-295.2341;-55.66766;-58.2467;-205.6362;-78.08734;16.13257;-295.2341;-55.66766;-58.2467
12145.47;-205.5863;-78.08502;20.87024;-295.0836;-55.66858;-58.24811;-205.5863;-78.08502;20.87024;-295.0836;-55.66858;-58.24811
12153.81;-205.5524;-78.07452;7.999817;-295.4188;-55.41113;-58.11597;-205.5524;-78.07452;7.999817;-295.4188;-55.41113;-58.11597
12162.15;-205.5313;-78.07404;6.805969;-295.7281;-55.41077;-58.11676;-205.5313;-78.07404;6.805969;-295.7281;-55.41077;-58.11676
12170.49;-205.4852;-77.93622;6.331421;-295.7397;-55.4115;-58.11633;-205.4852;-77.93622;6.331421;-295.7397;-55.4115;-58.11633
12178.83;-205.4664;-77.94513;6.54364;-295.6947;-55.40973;-58.11615;-205.4664;-77.94513;6.54364;-295.6947;-55.40973;-58.11615
12187.17;-205.434;-77.9444;5.94519;-295.8444;-55.39838;-58.17145;-205.434;-77.9444;5.94519;-295.8444;-55.39838;-58.17145
12195.52;-205.4235;-77.94849;6.476563;-295.6533;-55.39276;-58.20789;-205.4235;-77.94849;6.476563;-295.6533;-55.39276;-58.20789
12203.86;-205.3845;-77.93024;5.778992;-295.6516;-55.35449;-58.24628;-205.3845;-77.93024;5.778992;-295.6516;-55.35449;-58.24628
12212.2;-205.3787;-77.89728;6.976074;-295.6638;-55.35901;-58.23828;-205.3787;-77.89728;6.976074;-295.6638;-55.35901;-58.23828
12220.54;-205.3806;-77.88367;4.784668;-295.693;-55.35944;-58.2381;-205.3806;-77.88367;4.784668;-295.693;-55.35944;-58.2381
12228.88;-205.3619;-77.84845;5.787659;-295.7126;-55.35944;-58.23877;-205.3619;-77.84845;5.787659;-295.7126;-55.35944;-58.23877
12237.22;-205.3488;-77.83588;6.803284;-295.748;-55.33307;-58.25043;-205.3488;-77.83588;6.803284;-295.748;-55.33307;-58.25043
12245.57;-205.3398;-77.8468;5.407898;-295.7189;-55.14801;-58.33051;-205.3398;-77.8468;5.407898;-295.7189;-55.14801;-58.33051
12253.91;-205.3318;-77.83545;5.731628;-295.7156;-55.14679;-58.33032;-205.3318;-77.83545;5.731628;-295.7156;-55.14679;-58.33032
12262.25;-205.3318;-77.83356;6.068542;-295.6854;-55.14819;-58.3299;-205.3318;-77.83356;6.068542;-295.6854;-55.14819;-58.3299
12270.59;-205.3187;-77.81207;6.908508;-295.6625;-55.14868;-58.33014;-205.3187;-77.81207;6.908508;-295.6625;-55.14868;-58.33014
12278.93;-205.3147;-77.80139;7.003601;-295.6819;-55.14557;-58.33063;-205.3147;-77.80139;7.003601;-295.6819;-55.14557;-58.33063
12287.28;-205.3144;-77.76306;5.451294;-295.6942;-55.1441;-58.33105;-205.3144;-77.76306;5.451294;-295.6942;-55.1441;-58.33105
12295.62;-205.289;-77.71924;15.16699;-295.4154;-55.13879;-58.31061;-205.289;-77.71924;15.16699;-295.4154;-55.13879;-58.31061
12303.96;-205.2689;-77.68835;0;-296;-55.12018;-58.31183;-205.2689;-77.68835;0;-296;-55.12018;-58.31183
12312.3;-205.2641;-77.69873;-15;-296;-55.11316;-58.35376;-205.2641;-77.69873;-15;-296;-55.11316;-58.35376
12320.64;-205.2496;-77.68811;-30;-296;-55.08746;-58.40308;-205.2496;-77.68811;-30;-296;-55.08746;-58.40308
12328.98;-205.2256;-77.67944;-33.32678;-295.9272;-55.05212;-58.45856;-205.2256;-77.67944;-33.32678;-295.9272;-55.05212;-58.45856
12337.33;-205.2067;-77.66919;-33.10132;-295.8812;-55.04041;-58.49438;-205.2067;-77.66919;-33.10132;-295.8812;-55.04041;-58.49438
12345.67;-205.181;-77.65735;-27.31287;-295.9672;-55;-58.48737;-205.181;-77.65735;-27.31287;-295.9672;-55;-58.48737
12354.01;-205.1696;-77.6521;-31.58411;-295.9509;-55.09265;-58.5058;-205.1696;-77.6521;-31.58411;-295.9509;-55.09265;-58.5058
12362.35;-205.0783;-77.60388;-32.8009;-295.9871;-55.06897;-58.53497;-205.0783;-77.60388;-32.8009;-295.9871;-55.06897;-58.53497
12370.69;-205.0577;-77.60333;-32.55951;-295.9717;-55.03314;-58.54248;-205.0577;-77.60333;-32.55951;-295.9717;-55.03314;-58.54248
12379.03;-205.017;-77.60846;-33.49353;-295.9095;-55.01837;-58.60156;-205.017;-77.60846;-33.49353;-295.9095;-55.01837;-58.60156
12387.38;-205.0001;-77.61017;-20.66699;-295.9309;-54.97852;-58.6084;-205.0001;-77.61017;-20.66699;-295.9309;-54.97852;-58.6084
12395.72;-204.9789;-77.62506;-21.07617;-296.0207;-54.85632;-58.66266;-204.9789;-77.62506;-21.07617;-296.0207;-54.85632;-58.66266
12404.06;-204.9613;-77.62579;-20.35425;-296.0381;-54.84863;-58.66626;-204.9613;-77.62579;-20.35425;-296.0381;-54.84863;-58.66626
12412.4;-204.9428;-77.61707;-18.6947;-296.1926;-54.84326;-58.69086;-204.9428;-77.61707;-18.6947;-296.1926;-54.84326;-58.69086
12420.74;-204.931;-77.62549;-21.79065;-296.1263;-54.83655;-58.69104;-204.931;-77.62549;-21.79065;-296.1263;-54.83655;-58.69104
12429.08;-204.9087;-77.59778;-22.00439;-296.0834;-54.8161;-58.69586;-204.9087;-77.59778;-22.00439;-296.0834;-54.8161;-58.69586
12437.42;-204.8757;-77.58612;-32.07129;-296.0069;-54.8056;-58.70355;-204.8757;-77.58612;-32.07129;-296.0069;-54.8056;-58.70355
12445.77;-204.8365;-77.55835;-21.93927;-296.0648;-54.75092;-58.71954;-204.8365;-77.55835;-21.93927;-296.0648;-54.75092;-58.71954
12454.11;-204.8303;-77.5639;-21.92426;-296.0701;-54.74316;-58.73187;-204.8303;-77.5639;-21.92426;-296.0701;-54.74316;-58.73187
12462.45;-204.7939;-77.55878;-24.37006;-296.0882;-54.71039;-58.73804;-204.7939;-77.55878;-24.37006;-296.0882;-54.71039;-58.73804
12470.79;-204.7713;-77.54144;-22.22473;-296.2356;-54.68982;-58.77954;-204.7713;-77.54144;-22.22473;-296.2356;-54.68982;-58.77954
12479.13;-204.7058;-77.58197;-24.60876;-296.1407;-54.63654;-58.79987;-204.7058;-77.58197;-24.60876;-296.1407;-54.63654;-58.79987
12487.47;-204.6921;-77.59418;-24.59546;-296.1695;-54.59174;-58.83044;-204.6921;-77.59418;-24.59546;-296.1695;-54.59174;-58.83044
12495.82;-204.6682;-77.59296;-20.19336;-296.2051;-54.49701;-58.78351;-204.6682;-77.59296;-20.19336;-296.2051;-54.49701;-58.78351
12504.16;-204.6379;-77.6134;-32.7088;-296.2818;-54.49457;-58.78217;-204.6379;-77.6134;-32.7088;-296.2818;-54.49457;-58.78217
12512.5;-204.3438;-77.46149;-21.89447;-296.2154;-54.48883;-58.79492;-204.3438;-77.46149;-21.89447;-296.2154;-54.48883;-58.79492
12520.84;-204.3204;-77.46216;-22.62061;-296.3181;-54.46002;-58.81989;-204.3204;-77.46216;-22.62061;-296.3181;-54.46002;-58.81989
12529.18;-204.3038;-77.43518;-23.87653;-296.1784;-54.45685;-58.81982;-204.3038;-77.43518;-23.87653;-296.1784;-54.45685;-58.81982
12537.53;-204.2997;-77.44434;-24.46942;-296.136;-54.42981;-58.84717;-204.2997;-77.44434;-24.46942;-296.136;-54.42981;-58.84717
12545.87;-204.2947;-77.43414;-30.60394;-296.359;-54.41888;-58.86597;-204.2947;-77.43414;-30.60394;-296.359;-54.41888;-58.86597
12554.21;-204.29;-77.43567;-23.25549;-296.3492;-54.40375;-58.87805;-204.29;-77.43567;-23.25549;-296.3492;-54.40375;-58.87805
12562.55;-204.2849;-77.43402;-24.12195;-296.3499;-54.35028;-58.91315;-204.2849;-77.43402;-24.12195;-296.3499;-54.35028;-58.91315
12570.89;-204.2917;-77.43781;-31.32996;-296.3184;-54.33606;-58.92053;-204.2917;-77.43781;-31.32996;-296.3184;-54.33606;-58.92053
12579.23;-204.2939;-77.43231;-31.54474;-296.3448;-54.35095;-58.92218;-204.2939;-77.43231;-31.54474;-296.3448;-54.35095;-58.92218
12587.58;-204.2902;-77.43353;-45.67377;-296.3408;-54.33429;-58.93256;-204.2902;-77.43353;-45.67377;-296.3408;-54.33429;-58.93256
12595.92;-204.2729;-77.42908;-57.13409;-296.6528;-54.3042;-58.98248;-204.2729;-77.42908;-57.13409;-296.6528;-54.3042;-58.98248
12604.26;-204.28;-77.43756;-60.86365;-296.5932;-54.28033;-59.02563;-204.28;-77.43756;-60.86365;-296.5932;-54.28033;-59.02563
12612.6;-204.2736;-77.4325;-69.97589;-296.764;-54.27222;-59.06641;-204.2736;-77.4325;-69.97589;-296.764;-54.27222;-59.06641
12620.94;-204.2684;-77.42761;-69.01233;-296.9454;-54.26947;-59.09271;-204.2684;-77.42761;-69.01233;-296.9454;-54.26947;-59.09271
12629.28;-204.2656;-77.43677;-69.6825;-296.7085;-54.23761;-59.13959;-204.2656;-77.43677;-69.6825;-296.7085;-54.23761;-59.13959
12637.63;-204.2359;-77.4408;-85;-297;-54.19849;-59.17743;-204.2359;-77.4408;-85;-297;-54.19849;-59.17743
12645.97;-204.2448;-77.44855;-71;-297;-54.16455;-59.21863;-204.2448;-77.44855;-71;-297;-54.16455;-59.21863
12654.31;-204.2393;-77.45776;-86;-297;-54.16571;-59.2785;-204.2393;-77.45776;-86;-297;-54.16571;-59.2785
12662.65;-204.2269;-77.46411;-72;-297;-54.14105;-59.2959;-204.2269;-77.46411;-72;-297;-54.14105;-59.2959
12670.99;-204.2056;-77.45953;-62.16876;-296.9019;-54.10828;-59.47614;-204.2056;-77.45953;-62.16876;-296.9019;-54.10828;-59.47614
12679.33;-204.191;-77.47388;-68.39368;-296.8313;-54.08081;-59.4953;-204.191;-77.47388;-68.39368;-296.8313;-54.08081;-59.4953
12687.67;-204.1932;-77.47296;-68.15302;-296.8828;-54.20367;-59.51886;-204.1932;-77.47296;-68.15302;-296.8828;-54.20367;-59.51886
12696.02;-204.1735;-77.4873;-68.53485;-296.8841;-54.19714;-59.552;-204.1735;-77.4873;-68.53485;-296.8841;-54.19714;-59.552
12704.36;-204.1726;-77.49487;-69.27283;-296.8664;-54.16699;-59.61786;-204.1726;-77.49487;-69.27283;-296.8664;-54.16699;-59.61786
12712.7;-204.2734;-77.55261;-70.56561;-296.8998;-54.1817;-59.73962;-204.2734;-77.55261;-70.56561;-296.8998;-54.1817;-59.73962
12721.04;-204.272;-77.58746;-69.67987;-297.2685;-54.16705;-59.76044;-204.272;-77.58746;-69.67987;-297.2685;-54.16705;-59.76044
12729.38;-204.2706;-77.63751;-72.03394;-297.2528;-54.17261;-59.89496;-204.2706;-77.63751;-72.03394;-297.2528;-54.17261;-59.89496
12737.72;-204.2657;-77.65302;-70.00226;-297.2726;-54.15112;-59.88171;-204.2657;-77.65302;-70.00226;-297.2726;-54.15112;-59.88171
12746.07;-204.1144;-77.71887;-73.7049;-297.2763;-53.96161;-59.95056;-204.1144;-77.71887;-73.7049;-297.2763;-53.96161;-59.95056
12754.41;-204.0912;-77.75287;-68.77661;-297.1918;-53.93524;-59.99939;-204.0912;-77.75287;-68.77661;-297.1918;-53.93524;-59.99939
12762.75;-204.077;-77.92657;-72.67401;-297.3528;-53.90607;-60.15735;-204.077;-77.92657;-72.67401;-297.3528;-53.90607;-60.15735
12771.09;-204.0762;-77.93573;-66.07996;-297.3902;-53.90375;-60.18713;-204.0762;-77.93573;-66.07996;-297.3902;-53.90375;-60.18713
12779.43;-204.0551;-77.97644;-68.84186;-297.528;-53.86072;-60.2851;-204.0551;-77.97644;-68.84186;-297.528;-53.86072;-60.2851
12787.78;-203.9814;-78.02826;-66.79675;-297.6152;-53.88849;-60.55457;-203.9814;-78.02826;-66.79675;-297.6152;-53.88849;-60.55457
12796.12;-203.9716;-78.17731;-69.63788;-297.7436;-53.76874;-60.66431;-203.9716;-78.17731;-69.63788;-297.7436;-53.76874;-60.66431
12804.46;-203.9682;-78.17981;-68.64734;-297.8013;-53.79022;-60.82813;-203.9682;-78.17981;-68.64734;-297.8013;-53.79022;-60.82813
12812.8;-203.9628;-78.35559;-69.57806;-298.0883;-53.80652;-60.89722;-203.9628;-78.35559;-69.57806;-298.0883;-53.80652;-60.89722
12821.14;-203.9311;-78.37292;-67.33936;-298.187;-53.75824;-61.09113;-203.9311;-78.37292;-67.33936;-298.187;-53.75824;-61.09113
12829.48;-203.7449;-78.39575;-69.43176;-298.0449;-53.58722;-61.146;-203.7449;-78.39575;-69.43176;-298.0449;-53.58722;-61.146
12837.83;-203.6974;-78.41931;-68.72656;-298.1295;-53.54266;-61.1521;-203.6974;-78.41931;-68.72656;-298.1295;-53.54266;-61.1521
12846.17;-203.65;-78.43665;-68.30841;-298.3267;-53.44745;-61.08038;-203.65;-78.43665;-68.30841;-298.3267;-53.44745;-61.08038
12854.51;-203.6351;-78.4718;-58.50073;-298.6197;-53.4361;-61.09949;-203.6351;-78.4718;-58.50073;-298.6197;-53.4361;-61.09949
12862.85;-203.7625;-78.52405;-68.87341;-298.4302;-53.42755;-61.3302;-203.7625;-78.52405;-68.87341;-298.4302;-53.42755;-61.3302
12871.19;-203.7344;-78.57947;-59.7121;-298.6092;-53.41711;-61.36493;-203.7344;-78.57947;-59.7121;-298.6092;-53.41711;-61.36493
12879.53;-203.7243;-78.81384;-59.99915;-298.8851;-53.56763;-61.72375;-203.7243;-78.81384;-59.99915;-298.8851;-53.56763;-61.72375
12887.88;-203.7996;-78.89532;-65.52393;-299.0345;-53.5827;-61.96936;-203.7996;-78.89532;-65.52393;-299.0345;-53.5827;-61.96936
12896.22;-203.8016;-79.10895;-52;-299;-53.54846;-62.245;-203.8016;-79.10895;-52;-299;-53.54846;-62.245
12904.56;-203.8262;-79.1947;-52.75757;-299.2114;-53.65546;-62.53973;-203.8262;-79.1947;-52.75757;-299.2114;-53.65546;-62.53973
12912.9;-203.7988;-79.32471;-61.16095;-299.7032;-53.66376;-62.58698;-203.7988;-79.32471;-61.16095;-299.7032;-53.66376;-62.58698
12921.24;-203.7681;-79.35321;-50.39813;-299.6788;-53.62695;-62.63617;-203.7681;-79.35321;-50.39813;-299.6788;-53.62695;-62.63617
12929.58;-203.7243;-79.3288;-36;-300;-53.56116;-62.62122;-203.7243;-79.3288;-36;-300;-53.56116;-62.62122
12937.92;-203.7168;-79.32123;-29.04132;-299.6687;-53.5459;-62.59814;-203.7168;-79.32123;-29.04132;-299.6687;-53.5459;-62.59814
12946.27;-203.7075;-79.19;-33.9281;-299.4451;-53.36963;-62.45441;-203.7075;-79.19;-33.9281;-299.4451;-53.36963;-62.45441
12954.61;-203.686;-79.18579;-35.19727;-299.3204;-53.34918;-62.37347;-203.686;-79.18579;-35.19727;-299.3204;-53.34918;-62.37347
12962.95;-203.6962;-79.1416;-29.43256;-299.3032;-53.35376;-62.40765;-203.6962;-79.1416;-29.43256;-299.3032;-53.35376;-62.40765
12971.29;-203.6657;-79.17474;-34.46936;-299.3345;-53.34778;-62.47681;-203.6657;-79.17474;-34.46936;-299.3345;-53.34778;-62.47681
12979.63;-203.7063;-79.28101;-23.52893;-299.8209;-53.54541;-62.77057;-203.7063;-79.28101;-23.52893;-299.8209;-53.54541;-62.77057
12987.97;-203.7749;-79.33844;-22.44745;-299.9387;-53.60443;-62.83319;-203.7749;-79.33844;-22.44745;-299.9387;-53.60443;-62.83319
12996.32;-203.9082;-79.44751;-23.11469;-299.9031;-53.6214;-62.97498;-203.9082;-79.44751;-23.11469;-299.9031;-53.6214;-62.97498
13004.66;-203.9318;-79.41321;-23.0976;-299.9528;-53.68811;-62.98987;-203.9318;-79.41321;-23.0976;-299.9528;-53.68811;-62.98987
13013;-203.9838;-79.35712;-23.19641;-299.9016;-53.83954;-62.95209;-203.9838;-79.35712;-23.19641;-299.9016;-53.83954;-62.95209
13021.34;-204.0302;-79.30212;-22.7204;-299.9425;-53.86932;-62.92749;-204.0302;-79.30212;-22.7204;-299.9425;-53.86932;-62.92749
13029.68;-204.1697;-79.17932;-24.73669;-299.9137;-53.92603;-62.90295;-204.1697;-79.17932;-24.73669;-299.9137;-53.92603;-62.90295
13038.03;-204.1498;-79.17267;-22.89435;-300.0312;-53.93347;-62.89899;-204.1498;-79.17267;-22.89435;-300.0312;-53.93347;-62.89899
13046.37;-204.1318;-79.16888;-21.53015;-300.0065;-53.90173;-62.93201;-204.1318;-79.16888;-21.53015;-300.0065;-53.90173;-62.93201
13054.71;-204.1041;-79.21814;-31.36316;-299.9667;-53.87793;-62.98303;-204.1041;-79.21814;-31.36316;-299.9667;-53.87793;-62.98303
13063.05;-204.1159;-79.36682;-24.73877;-300.1013;-53.87134;-63.17181;-204.1159;-79.36682;-24.73877;-300.1013;-53.87134;-63.17181
13071.39;-204.1195;-79.38794;-24.59076;-300.0876;-53.8797;-63.22772;-204.1195;-79.38794;-24.59076;-300.0876;-53.8797;-63.22772
13079.73;-204.1093;-79.38196;-24.99023;-300.1289;-53.8501;-63.27045;-204.1093;-79.38196;-24.99023;-300.1289;-53.8501;-63.27045
13088.08;-204.1061;-79.37506;-28.68018;-300.1491;-53.84222;-63.27185;-204.1061;-79.37506;-28.68018;-300.1491;-53.84222;-63.27185
13096.42;-204.114;-79.31744;-42.29657;-300.2335;-53.83917;-63.25214;-204.114;-79.31744;-42.29657;-300.2335;-53.83917;-63.25214
13104.76;-204.1309;-79.2854;-35.81171;-300.1017;-53.85095;-63.23761;-204.1309;-79.2854;-35.81171;-300.1017;-53.85095;-63.23761
13113.1;-204.1584;-79.29468;-32.75647;-300.1087;-53.86029;-63.26837;-204.1584;-79.29468;-32.75647;-300.1087;-53.86029;-63.26837
13121.44;-204.191;-79.31903;-25.34039;-300.1077;-53.98767;-63.5152;-204.191;-79.31903;-25.34039;-300.1077;-53.98767;-63.5152
13129.78;-204.2078;-79.43188;-26.87;-300.5563;-53.99463;-63.60944;-204.2078;-79.43188;-26.87;-300.5563;-53.99463;-63.60944
13138.13;-204.2928;-79.53595;-34.11005;-300.7419;-53.99835;-63.79449;-204.2928;-79.53595;-34.11005;-300.7419;-53.99835;-63.79449
13146.47;-204.264;-79.71399;-22.90851;-300.8351;-53.98248;-63.8526;-204.264;-79.71399;-22.90851;-300.8351;-53.98248;-63.8526
13154.81;-204.2565;-79.71277;-22.6203;-300.7834;-53.9541;-63.88824;-204.2565;-79.71277;-22.6203;-300.7834;-53.9541;-63.88824
13163.15;-204.2307;-79.69427;-22.65247;-300.8448;-53.93695;-63.89966;-204.2307;-79.69427;-22.65247;-300.8448;-53.93695;-63.89966
13171.49;-204.181;-79.65771;-35.11572;-300.7637;-53.87799;-63.89063;-204.181;-79.65771;-35.11572;-300.7637;-53.87799;-63.89063
13179.83;-204.013;-79.49652;-41.11609;-300.7166;-53.7627;-63.87189;-204.013;-79.49652;-41.11609;-300.7166;-53.7627;-63.87189
13188.17;-203.9985;-79.4754;-35.14343;-300.6973;-53.7749;-63.86829;-203.9985;-79.4754;-35.14343;-300.6973;-53.7749;-63.86829
13196.52;-203.9954;-79.48273;-42.84296;-300.7627;-53.75726;-63.88965;-203.9954;-79.48273;-42.84296;-300.7627;-53.75726;-63.88965
13204.86;-204.0558;-79.53973;-56.73895;-300.7713;-53.73358;-63.93134;-204.0558;-79.53973;-56.73895;-300.7713;-53.73358;-63.93134
13213.2;-204.0555;-79.72369;-49.35986;-300.8796;-53.68542;-64.12677;-204.0555;-79.72369;-49.35986;-300.8796;-53.68542;-64.12677
13221.54;-204.0382;-79.75165;-49.53998;-300.8533;-53.66162;-64.1911;-204.0382;-79.75165;-49.53998;-300.8533;-53.66162;-64.1911
13229.88;-204.0429;-79.79791;-42.13354;-300.9848;-53.65735;-64.27429;-204.0429;-79.79791;-42.13354;-300.9848;-53.65735;-64.27429
13238.22;-204.0355;-79.79688;-52.35828;-300.8256;-53.64954;-64.30487;-204.0355;-79.79688;-52.35828;-300.8256;-53.64954;-64.30487
13246.57;-204.0523;-79.74695;-62.66663;-300.9688;-53.63733;-64.26263;-204.0523;-79.74695;-62.66663;-300.9688;-53.63733;-64.26263
13254.91;-204.0431;-79.68439;-69.6936;-300.8639;-53.63965;-64.25623;-204.0431;-79.68439;-69.6936;-300.8639;-53.63965;-64.25623
13263.25;-204.0391;-79.5069;-56;-301;-53.62598;-64.24719;-204.0391;-79.5069;-56;-301;-53.62598;-64.24719
13271.59;-204.041;-79.50165;-53.86682;-300.8621;-53.63611;-64.23615;-204.041;-79.50165;-53.86682;-300.8621;-53.63611;-64.23615
13279.93;-204.0377;-79.52002;-61.854;-301.0271;-53.60083;-64.26282;-204.0377;-79.52002;-61.854;-301.0271;-53.60083;-64.26282
13288.28;-204.0269;-79.5343;-49.73334;-300.8976;-53.59094;-64.27832;-204.0269;-79.5343;-49.73334;-300.8976;-53.59094;-64.27832
13296.62;-204.023;-79.6059;-61.30591;-300.9849;-53.57751;-64.34247;-204.023;-79.6059;-61.30591;-300.9849;-53.57751;-64.34247
13304.96;-204.0348;-79.60718;-56.74799;-300.913;-53.58276;-64.39258;-204.0348;-79.60718;-56.74799;-300.913;-53.58276;-64.39258
13313.3;-204.1185;-79.58563;-49.85419;-301.0338;-53.67761;-64.42212;-204.1185;-79.58563;-49.85419;-301.0338;-53.67761;-64.42212
13321.64;-204.1671;-79.5481;-49.27002;-300.9892;-53.7226;-64.41785;-204.1671;-79.5481;-49.27002;-300.9892;-53.7226;-64.41785
13329.98;-204.1345;-79.47479;-54.72772;-300.9567;-53.76306;-64.38123;-204.1345;-79.47479;-54.72772;-300.9567;-53.76306;-64.38123
13338.33;-204.1689;-79.44781;-51.90997;-300.9704;-53.79401;-64.35132;-204.1689;-79.44781;-51.90997;-300.9704;-53.79401;-64.35132
13346.67;-204.2057;-79.41089;-41.82172;-300.7906;-53.83606;-64.32788;-204.2057;-79.41089;-41.82172;-300.7906;-53.83606;-64.32788
13355.01;-204.2573;-79.41162;-46.70111;-300.8734;-53.87762;-64.37238;-204.2573;-79.41162;-46.70111;-300.8734;-53.87762;-64.37238
13363.35;-204.3022;-79.4162;-52.66278;-300.8996;-53.95361;-64.39423;-204.3022;-79.4162;-52.66278;-300.8996;-53.95361;-64.39423
13371.69;-204.3201;-79.422;-68;-301;-53.95569;-64.40509;-204.3201;-79.422;-68;-301;-53.95569;-64.40509
13380.03;-204.3324;-79.42303;-54;-301;-53.96039;-64.45581;-204.3324;-79.42303;-54;-301;-53.96039;-64.45581
13388.38;-204.3304;-79.40735;-54.70575;-301.0073;-53.95313;-64.46442;-204.3304;-79.40735;-54.70575;-301.0073;-53.95313;-64.46442
13396.72;-204.4382;-79.32135;-63.11731;-300.9389;-54.00256;-64.46417;-204.4382;-79.32135;-63.11731;-300.9389;-54.00256;-64.46417
13405.06;-204.4551;-79.3075;-61.73328;-300.9449;-54.00415;-64.46674;-204.4551;-79.3075;-61.73328;-300.9449;-54.00415;-64.46674
13413.4;-204.4797;-79.28693;-61.30438;-301.0186;-54.00177;-64.48132;-204.4797;-79.28693;-61.30438;-301.0186;-54.00177;-64.48132
13421.74;-204.486;-79.27991;-63.16034;-301.03;-54.14905;-64.51184;-204.486;-79.27991;-63.16034;-301.03;-54.14905;-64.51184
13430.08;-204.4897;-79.29498;-56.98297;-300.9575;-54.14551;-64.58435;-204.4897;-79.29498;-56.98297;-300.9575;-54.14551;-64.58435
13438.42;-204.468;-79.32294;-64.93335;-301.0711;-54.13135;-64.60535;-204.468;-79.32294;-64.93335;-301.0711;-54.13135;-64.60535
13446.77;-204.4279;-79.34015;-74.72345;-301.0027;-54.04999;-64.67548;-204.4279;-79.34015;-74.72345;-301.0027;-54.04999;-64.67548
13455.11;-204.3887;-79.36432;-88.33997;-301.0129;-54.01947;-64.69421;-204.3887;-79.36432;-88.33997;-301.0129;-54.01947;-64.69421
13463.45;-204.2637;-79.35437;-74;-301;-53.90015;-64.72125;-204.2637;-79.35437;-74;-301;-53.90015;-64.72125
13471.79;-204.2543;-79.34985;-70.67181;-300.9925;-53.90076;-64.72644;-204.2543;-79.34985;-70.67181;-300.9925;-53.90076;-64.72644
13480.13;-204.2406;-79.33582;-72.42352;-300.9061;-53.82751;-64.72119;-204.2406;-79.33582;-72.42352;-300.9061;-53.82751;-64.72119
13488.47;-204.2188;-79.33112;-72.01807;-300.945;-53.8222;-64.70746;-204.2188;-79.33112;-72.01807;-300.945;-53.8222;-64.70746
13496.82;-204.2162;-79.29785;-72.22662;-300.9472;-53.8241;-64.71167;-204.2162;-79.29785;-72.22662;-300.9472;-53.8241;-64.71167
13505.16;-204.228;-79.29968;-72.5069;-300.9164;-53.83984;-64.71149;-204.228;-79.29968;-72.5069;-300.9164;-53.83984;-64.71149
13513.5;-204.2444;-79.29517;-65.43616;-301.1151;-53.84241;-64.74921;-204.2444;-79.29517;-65.43616;-301.1151;-53.84241;-64.74921
13521.84;-204.2387;-79.29431;-71.70599;-301.0237;-53.84796;-64.76367;-204.2387;-79.29431;-71.70599;-301.0237;-53.84796;-64.76367
13530.18;-204.2445;-79.29523;-66.51367;-301.0593;-53.85162;-64.78094;-204.2445;-79.29523;-66.51367;-301.0593;-53.85162;-64.78094
13538.53;-204.2399;-79.28363;-63.96655;-300.9482;-53.8349;-64.79205;-204.2399;-79.28363;-63.96655;-300.9482;-53.8349;-64.79205
13546.87;-204.2341;-79.22943;-68.60675;-301.0212;-53.83997;-64.7757;-204.2341;-79.22943;-68.60675;-301.0212;-53.83997;-64.7757
13555.21;-204.2301;-79.2066;-68.94415;-301.0092;-53.81866;-64.75952;-204.2301;-79.2066;-68.94415;-301.0092;-53.81866;-64.75952
13563.55;-204.2094;-79.17914;-71.59924;-300.8652;-53.80951;-64.75848;-204.2094;-79.17914;-71.59924;-300.8652;-53.80951;-64.75848
13571.89;-204.2234;-79.17139;-72.09479;-300.9257;-53.81677;-64.76453;-204.2234;-79.17139;-72.09479;-300.9257;-53.81677;-64.76453
13580.23;-204.2228;-79.15631;-72.46698;-300.9819;-53.81305;-64.79907;-204.2228;-79.15631;-72.46698;-300.9819;-53.81305;-64.79907
13588.58;-204.2322;-79.16321;-71.43903;-300.9536;-53.8006;-64.83826;-204.2322;-79.16321;-71.43903;-300.9536;-53.8006;-64.83826
13596.92;-204.2143;-79.18933;-71.23322;-300.9783;-53.79858;-64.88208;-204.2143;-79.18933;-71.23322;-300.9783;-53.79858;-64.88208
13605.26;-204.1956;-79.19525;-71.66547;-301.0034;-53.75342;-64.91162;-204.1956;-79.19525;-71.66547;-301.0034;-53.75342;-64.91162
13613.6;-204.1678;-79.17529;-71.95154;-300.9936;-53.7381;-64.92737;-204.1678;-79.17529;-71.95154;-300.9936;-53.7381;-64.92737
13621.94;-204.1563;-79.16541;-72.56476;-301.0114;-53.72144;-64.92059;-204.1563;-79.16541;-72.56476;-301.0114;-53.72144;-64.92059
13630.28;-204.1368;-79.11566;-71.23236;-300.9573;-53.6911;-64.88318;-204.1368;-79.11566;-71.23236;-300.9573;-53.6911;-64.88318
13638.63;-204.1364;-79.1015;-57;-301;-53.69116;-64.88251;-204.1364;-79.1015;-57;-301;-53.69116;-64.88251
13646.97;-204.135;-79.05383;-49.16626;-300.9244;-53.67084;-64.88269;-204.135;-79.05383;-49.16626;-300.9244;-53.67084;-64.88269
13655.31;-204.1293;-79.04694;-35.89355;-301.02;-53.6474;-64.89752;-204.1293;-79.04694;-35.89355;-301.02;-53.6474;-64.89752
13663.65;-204.1238;-79.05566;-36.23981;-301.1269;-53.6524;-64.94794;-204.1238;-79.05566;-36.23981;-301.1269;-53.6524;-64.94794
13671.99;-204.1102;-79.06305;-26.39624;-301.084;-53.63928;-64.99487;-204.1102;-79.06305;-26.39624;-301.084;-53.63928;-64.99487
13680.33;-204.0968;-79.08459;-36.2605;-301.2395;-53.57159;-65.05536;-204.0968;-79.08459;-36.2605;-301.2395;-53.57159;-65.05536
13688.67;-204.0812;-79.09064;-36.19196;-301.1609;-53.54639;-65.05457;-204.0812;-79.09064;-36.19196;-301.1609;-53.54639;-65.05457
13697.02;-204.0441;-79.05994;-36.16907;-301.0715;-53.44604;-64.95441;-204.0441;-79.05994;-36.16907;-301.0715;-53.44604;-64.95441
13705.36;-204.0164;-79.03876;-51;-301;-53.43591;-64.9433;-204.0164;-79.03876;-51;-301;-53.43591;-64.9433
13713.7;-204.0135;-78.96802;-49.28046;-300.9958;-53.43329;-64.91473;-204.0135;-78.96802;-49.28046;-300.9958;-53.43329;-64.91473
13722.04;-204.0128;-78.96118;-53.72382;-300.9771;-53.41614;-64.93109;-204.0128;-78.96118;-53.72382;-300.9771;-53.41614;-64.93109
13730.38;-204.0081;-78.98309;-64.23889;-301.0001;-53.42657;-64.97449;-204.0081;-78.98309;-64.23889;-301.0001;-53.42657;-64.97449
13738.72;-203.9908;-79.00232;-73.93597;-301.0087;-53.40302;-65.03369;-203.9908;-79.00232;-73.93597;-301.0087;-53.40302;-65.03369
13747.07;-203.8871;-79.07202;-73.31018;-301.2247;-53.26733;-65.19952;-203.8871;-79.07202;-73.31018;-301.2247;-53.26733;-65.19952
13755.41;-203.8564;-79.08777;-73.09161;-301.1735;-53.22949;-65.20618;-203.8564;-79.08777;-73.09161;-301.1735;-53.22949;-65.20618
13763.75;-203.8519;-79.10687;-84.93719;-301.2712;-53.18915;-65.24323;-203.8519;-79.10687;-84.93719;-301.2712;-53.18915;-65.24323
13772.09;-203.8094;-79.08514;-90.95959;-301.1418;-53.12488;-65.24902;-203.8094;-79.08514;-90.95959;-301.1418;-53.12488;-65.24902
13780.43;-203.7609;-79.05658;-100.9046;-300.9922;-53.06067;-65.23364;-203.7609;-79.05658;-100.9046;-300.9922;-53.06067;-65.23364
13788.78;-203.7153;-79.04694;-89.28186;-300.9468;-53.03674;-65.2193;-203.7153;-79.04694;-89.28186;-300.9468;-53.03674;-65.2193
13797.12;-203.6805;-79.02814;-90.06763;-301.1077;-53.02332;-65.21265;-203.6805;-79.02814;-90.06763;-301.1077;-53.02332;-65.21265
13805.46;-203.6616;-79.03479;-91.90454;-300.9306;-53.00751;-65.23767;-203.6616;-79.03479;-91.90454;-300.9306;-53.00751;-65.23767
13813.8;-203.6448;-79.04346;-90.04199;-301.1464;-52.9809;-65.32849;-203.6448;-79.04346;-90.04199;-301.1464;-52.9809;-65.32849
13822.14;-203.5958;-79.10901;-88.53918;-301.1752;-52.88776;-65.43011;-203.5958;-79.10901;-88.53918;-301.1752;-52.88776;-65.43011
13830.48;-203.5906;-79.11853;-100.2589;-301.2131;-53.03406;-65.5575;-203.5906;-79.11853;-100.2589;-301.2131;-53.03406;-65.5575
13838.83;-203.5902;-79.12097;-102.3292;-301.205;-53.00159;-65.57953;-203.5902;-79.12097;-102.3292;-301.205;-53.00159;-65.57953
13847.17;-203.5646;-79.09613;-108.7911;-301.1907;-52.9389;-65.54694;-203.5646;-79.09613;-108.7911;-301.1907;-52.9389;-65.54694
13855.51;-203.5444;-79.05096;-112.1298;-301.1232;-52.93701;-65.53723;-203.5444;-79.05096;-112.1298;-301.1232;-52.93701;-65.53723
13863.85;-203.407;-78.92395;-119.9282;-301.0155;-52.85675;-65.52747;-203.407;-78.92395;-119.9282;-301.0155;-52.85675;-65.52747
13872.19;-203.4179;-78.88025;-119.8631;-301.076;-52.85571;-65.51611;-203.4179;-78.88025;-119.8631;-301.076;-52.85571;-65.51611
13880.53;-203.3654;-78.86823;-107.0158;-301.1808;-52.8288;-65.52588;-203.3654;-78.86823;-107.0158;-301.1808;-52.8288;-65.52588
13888.88;-203.3129;-78.87048;-105.2204;-301.2773;-52.77228;-65.59216;-203.3129;-78.87048;-105.2204;-301.2773;-52.77228;-65.59216
13897.22;-203.2915;-78.89081;-91;-301;-52.73914;-65.61731;-203.2915;-78.89081;-91;-301;-52.73914;-65.61731
13905.56;-203.2902;-78.89105;-90.34198;-301.2417;-52.70703;-65.66406;-203.2902;-78.89105;-90.34198;-301.2417;-52.70703;-65.66406
13913.9;-203.2554;-78.91553;-90.18805;-301.3125;-52.65894;-65.72791;-203.2554;-78.91553;-90.18805;-301.3125;-52.65894;-65.72791
13922.24;-203.2305;-78.93494;-89.95258;-301.3286;-52.64465;-65.74939;-203.2305;-78.93494;-89.95258;-301.3286;-52.64465;-65.74939
13930.58;-203.1973;-78.9223;-90.32324;-301.2678;-52.62994;-65.73236;-203.1973;-78.9223;-90.32324;-301.2678;-52.62994;-65.73236
13938.92;-203.1909;-78.91718;-105;-301;-52.62036;-65.72211;-203.1909;-78.91718;-105;-301;-52.62036;-65.72211
13947.27;-203.1559;-78.83655;-115.8105;-301.2592;-52.58105;-65.66876;-203.1559;-78.83655;-115.8105;-301.2592;-52.58105;-65.66876
13955.61;-203.1745;-78.62268;-112.8315;-301.2419;-52.56396;-65.63763;-203.1745;-78.62268;-112.8315;-301.2419;-52.56396;-65.63763
13963.95;-203.176;-78.61652;-116.964;-301.1176;-52.5459;-65.61511;-203.176;-78.61652;-116.964;-301.1176;-52.5459;-65.61511
13972.29;-203.1691;-78.61224;-116.7495;-301.1462;-52.55286;-65.61212;-203.1691;-78.61224;-116.7495;-301.1462;-52.55286;-65.61212
13980.63;-203.1627;-78.65961;-106.6091;-301.1833;-52.55695;-65.6601;-203.1627;-78.65961;-106.6091;-301.1833;-52.55695;-65.6601
13988.97;-203.1581;-78.67041;-119.2214;-301.2932;-52.55627;-65.68933;-203.1581;-78.67041;-119.2214;-301.2932;-52.55627;-65.68933
13997.32;-203.1693;-78.71539;-105.8876;-301.1919;-52.5647;-65.73431;-203.1693;-78.71539;-105.8876;-301.1919;-52.5647;-65.73431
14005.66;-203.1693;-78.71454;-96.20038;-301.1467;-52.54602;-65.76276;-203.1693;-78.71454;-96.20038;-301.1467;-52.54602;-65.76276
14014;-203.1608;-78.69763;-109.0022;-301.2759;-52.4856;-65.64197;-203.1608;-78.69763;-109.0022;-301.2759;-52.4856;-65.64197
14022.34;-203.1383;-78.65411;-105.8964;-301.2471;-52.46844;-65.64142;-203.1383;-78.65411;-105.8964;-301.2471;-52.46844;-65.64142
14030.68;-203.1197;-78.60211;-120.2018;-301.0546;-52.39984;-65.6347;-203.1197;-78.60211;-120.2018;-301.0546;-52.39984;-65.6347
14039.03;-203.085;-78.57068;-111.9584;-301.1824;-52.36664;-65.64502;-203.085;-78.57068;-111.9584;-301.1824;-52.36664;-65.64502
14047.37;-203.0604;-78.54376;-119.5316;-301.158;-52.32532;-65.66882;-203.0604;-78.54376;-119.5316;-301.158;-52.32532;-65.66882
14055.71;-203.0383;-78.56573;-110.0521;-301.2498;-52.28009;-65.68469;-203.0383;-78.56573;-110.0521;-301.2498;-52.28009;-65.68469
14064.05;-203.0016;-78.59143;-119.786;-301.1667;-52.2489;-65.74493;-203.0016;-78.59143;-119.786;-301.1667;-52.2489;-65.74493
14072.39;-202.993;-78.59705;-120.012;-301.1505;-52.24597;-65.75812;-202.993;-78.59705;-120.012;-301.1505;-52.24597;-65.75812
14080.73;-202.9581;-78.56909;-117.3532;-301.2557;-52.22156;-65.76233;-202.9581;-78.56909;-117.3532;-301.2557;-52.22156;-65.76233
14089.08;-202.9276;-78.55286;-121.074;-301.1845;-52.20844;-65.76166;-202.9276;-78.55286;-121.074;-301.1845;-52.20844;-65.76166
14097.42;-202.8874;-78.53979;-117.131;-301.2108;-52.1853;-65.77753;-202.8874;-78.53979;-117.131;-301.2108;-52.1853;-65.77753
14105.76;-202.8683;-78.55225;-115.6703;-301.3538;-52.14246;-65.78497;-202.8683;-78.55225;-115.6703;-301.3538;-52.14246;-65.78497
14114.1;-202.6953;-78.56439;-104.0396;-301.3329;-52.03888;-65.8252;-202.6953;-78.56439;-104.0396;-301.3329;-52.03888;-65.8252
14122.44;-202.6752;-78.54651;-92.23657;-301.2089;-51.99628;-65.83826;-202.6752;-78.54651;-92.23657;-301.2089;-51.99628;-65.83826
14130.78;-202.3559;-78.44403;-104.7801;-301.3269;-51.9118;-65.8598;-202.3559;-78.44403;-104.7801;-301.3269;-51.9118;-65.8598
14139.13;-202.3461;-78.44714;-113.7337;-301.3254;-51.87097;-65.8833;-202.3461;-78.44714;-113.7337;-301.3254;-51.87097;-65.8833
14147.47;-202.3524;-78.43884;-110.8543;-301.2379;-51.82196;-65.8783;-202.3524;-78.43884;-110.8543;-301.2379;-51.82196;-65.8783
14155.81;-202.3578;-78.43256;-118.483;-301.1844;-51.79822;-65.90118;-202.3578;-78.43256;-118.483;-301.1844;-51.79822;-65.90118
14164.15;-202.3481;-78.41827;-110.9941;-301.2667;-51.82959;-65.88947;-202.3481;-78.41827;-110.9941;-301.2667;-51.82959;-65.88947
14172.49;-202.3522;-78.40326;-113.4703;-301.2947;-51.83093;-65.92816;-202.3522;-78.40326;-113.4703;-301.2947;-51.83093;-65.92816
14180.83;-202.353;-78.39435;-119.0983;-301.213;-51.82538;-65.92963;-202.353;-78.39435;-119.0983;-301.213;-51.82538;-65.92963
14189.17;-202.3541;-78.39398;-118.4271;-301.2286;-51.79102;-65.95935;-202.3541;-78.39398;-118.4271;-301.2286;-51.79102;-65.95935
14197.52;-202.3557;-78.37805;-118.1796;-301.2488;-51.80371;-65.95697;-202.3557;-78.37805;-118.1796;-301.2488;-51.80371;-65.95697
14205.86;-202.3134;-78.33667;-119.4675;-301.2251;-51.76904;-65.953;-202.3134;-78.33667;-119.4675;-301.2251;-51.76904;-65.953
14214.2;-202.3011;-78.25153;-117.1868;-301.1873;-51.74835;-65.93439;-202.3011;-78.25153;-117.1868;-301.1873;-51.74835;-65.93439
14222.54;-202.298;-78.21533;-117.1857;-301.1173;-51.72021;-65.9209;-202.298;-78.21533;-117.1857;-301.1173;-51.72021;-65.9209
14230.88;-202.3036;-78.21381;-104.9012;-301.1974;-51.72363;-65.91547;-202.3036;-78.21381;-104.9012;-301.1974;-51.72363;-65.91547
14239.22;-202.3126;-78.20801;-91;-301;-51.73297;-65.92133;-202.3126;-78.20801;-91;-301;-51.73297;-65.92133
14247.57;-202.3134;-78.22095;-90.20154;-301.1824;-51.73615;-65.95325;-202.3134;-78.22095;-90.20154;-301.1824;-51.73615;-65.95325
14255.91;-202.3085;-78.22168;-91.0799;-301.1308;-51.72955;-65.99066;-202.3085;-78.22168;-91.0799;-301.1308;-51.72955;-65.99066
14264.25;-202.2923;-78.22058;-89.71814;-301.2372;-51.71173;-65.97485;-202.2923;-78.22058;-89.71814;-301.2372;-51.71173;-65.97485
14272.59;-202.2808;-78.22076;-90.06946;-301.317;-51.68188;-66.00415;-202.2808;-78.22076;-90.06946;-301.317;-51.68188;-66.00415
14280.93;-202.2191;-78.20184;-100.9883;-301.3053;-51.65698;-66.00635;-202.2191;-78.20184;-100.9883;-301.3053;-51.65698;-66.00635
14289.28;-202.2076;-78.16382;-105.6082;-301.2007;-51.61853;-65.98962;-202.2076;-78.16382;-105.6082;-301.2007;-51.61853;-65.98962
14297.62;-202.2127;-78.02576;-116.8095;-301.0822;-51.61566;-65.96509;-202.2127;-78.02576;-116.8095;-301.0822;-51.61566;-65.96509
14305.96;-202.2031;-78.02173;-116.8752;-301.1033;-51.61157;-65.94397;-202.2031;-78.02173;-116.8752;-301.1033;-51.61157;-65.94397
14314.3;-202.2019;-78.02594;-112.587;-301.2162;-51.5661;-65.9599;-202.2019;-78.02594;-112.587;-301.2162;-51.5661;-65.9599
14322.64;-202.2122;-78.03162;-108.856;-301.1988;-51.59192;-65.97913;-202.2122;-78.03162;-108.856;-301.1988;-51.59192;-65.97913
14330.98;-202.2137;-78.03003;-112.8757;-301.231;-51.60114;-66.0849;-202.2137;-78.03003;-112.8757;-301.231;-51.60114;-66.0849
14339.33;-202.2131;-78.03387;-118.2321;-301.213;-51.60608;-66.09888;-202.2131;-78.03387;-118.2321;-301.213;-51.60608;-66.09888
14347.67;-202.2074;-78.03217;-112.9116;-301.2955;-51.61145;-66.12451;-202.2074;-78.03217;-112.9116;-301.2955;-51.61145;-66.12451
14356.01;-202.1998;-78.01672;-117.5128;-301.1556;-51.5788;-66.104;-202.1998;-78.01672;-117.5128;-301.1556;-51.5788;-66.104
14364.35;-202.157;-77.96454;-118.7569;-301.1118;-51.48285;-65.88812;-202.157;-77.96454;-118.7569;-301.1118;-51.48285;-65.88812
14372.69;-202.1255;-77.92163;-118.3515;-301.0348;-51.44757;-65.87842;-202.1255;-77.92163;-118.3515;-301.0348;-51.44757;-65.87842
14381.03;-202.0086;-77.92059;-113.0859;-301.2178;-51.37482;-65.86688;-202.0086;-77.92059;-113.0859;-301.2178;-51.37482;-65.86688
14389.38;-202.0217;-77.92584;-113.7769;-301.1508;-51.34229;-65.91315;-202.0217;-77.92584;-113.7769;-301.1508;-51.34229;-65.91315
14397.72;-201.9416;-77.98322;-111.924;-301.2437;-51.27814;-66.04932;-201.9416;-77.98322;-111.924;-301.2437;-51.27814;-66.04932
14406.06;-201.9381;-78.00507;-119.3489;-301.2898;-51.24841;-66.12189;-201.9381;-78.00507;-119.3489;-301.2898;-51.24841;-66.12189
14414.4;-201.9362;-78.0318;-114.7916;-301.238;-51.22589;-66.203;-201.9362;-78.0318;-114.7916;-301.238;-51.22589;-66.203
14422.74;-201.9227;-78.02844;-118.7678;-301.2249;-51.23309;-66.19653;-201.9227;-78.02844;-118.7678;-301.2249;-51.23309;-66.19653
14431.08;-201.9202;-77.99756;-114.6032;-301.2345;-51.20947;-66.19873;-201.9202;-77.99756;-114.6032;-301.2345;-51.20947;-66.19873
14439.42;-201.8976;-77.95227;-112.1371;-301.2631;-51.21259;-66.15717;-201.8976;-77.95227;-112.1371;-301.2631;-51.21259;-66.15717
14447.77;-201.8882;-77.80182;-116.9944;-301.0812;-51.10693;-66.08258;-201.8882;-77.80182;-116.9944;-301.0812;-51.10693;-66.08258
14456.11;-201.6816;-77.81757;-119.761;-301.0559;-51.06458;-66.08887;-201.6816;-77.81757;-119.761;-301.0559;-51.06458;-66.08887
14464.45;-201.6049;-77.828;-116.8854;-301.1992;-50.97516;-66.16785;-201.6049;-77.828;-116.8854;-301.1992;-50.97516;-66.16785
14472.79;-201.5697;-77.91406;-113.1756;-301.326;-50.90533;-66.26947;-201.5697;-77.91406;-113.1756;-301.326;-50.90533;-66.26947
14481.13;-201.4911;-77.94489;-111.5735;-301.3541;-50.79736;-66.41675;-201.4911;-77.94489;-111.5735;-301.3541;-50.79736;-66.41675
14489.47;-201.4443;-77.94684;-119.2869;-301.3464;-50.76172;-66.47131;-201.4443;-77.94684;-119.2869;-301.3464;-50.76172;-66.47131
14497.82;-201.4463;-77.93579;-118.9794;-301.3608;-50.83484;-66.52087;-201.4463;-77.93579;-118.9794;-301.3608;-50.83484;-66.52087
14506.16;-201.4158;-77.93427;-119.1771;-301.3224;-50.8432;-66.51147;-201.4158;-77.93427;-119.1771;-301.3224;-50.8432;-66.51147
14514.5;-201.2951;-77.69373;-112.1017;-301.1909;-50.72815;-66.42517;-201.2951;-77.69373;-112.1017;-301.1909;-50.72815;-66.42517
14522.84;-201.2924;-77.69373;-111.2093;-301.2023;-50.71985;-66.3526;-201.2924;-77.69373;-111.2093;-301.2023;-50.71985;-66.3526
14531.18;-201.3098;-77.68115;-112.0433;-301.1562;-50.65417;-66.25647;-201.3098;-77.68115;-112.0433;-301.1562;-50.65417;-66.25647
14539.53;-201.2885;-77.64941;-114.6655;-301.1548;-50.62445;-66.24817;-201.2885;-77.64941;-114.6655;-301.1548;-50.62445;-66.24817
14547.87;-201.2961;-77.65576;-111.7565;-301.159;-50.59106;-66.34967;-201.2961;-77.65576;-111.7565;-301.159;-50.59106;-66.34967
14556.21;-201.2947;-77.65515;-113.0349;-301.152;-50.56238;-66.43408;-201.2947;-77.65515;-113.0349;-301.152;-50.56238;-66.43408
14564.55;-201.266;-77.6803;-110.2979;-301.1791;-50.63647;-66.50659;-201.266;-77.6803;-110.2979;-301.1791;-50.63647;-66.50659
14572.89;-201.2665;-77.67645;-120.6111;-301.1825;-50.61475;-66.53601;-201.2665;-77.67645;-120.6111;-301.1825;-50.61475;-66.53601
14581.23;-201.2563;-77.6825;-113.8856;-301.335;-50.55701;-66.55682;-201.2563;-77.6825;-113.8856;-301.335;-50.55701;-66.55682
14589.58;-201.2393;-77.68268;-114.452;-301.2949;-50.55664;-66.54919;-201.2393;-77.68268;-114.452;-301.2949;-50.55664;-66.54919
14597.92;-201.0059;-77.43787;-117.3853;-301.1298;-50.40753;-66.29724;-201.0059;-77.43787;-117.3853;-301.1298;-50.40753;-66.29724
14606.26;-201.006;-77.43561;-111.101;-301.1428;-50.37268;-66.2666;-201.006;-77.43561;-111.101;-301.1428;-50.37268;-66.2666
14614.6;-200.9765;-77.45465;-112.0173;-301.1332;-50.2876;-66.23083;-200.9765;-77.45465;-112.0173;-301.1332;-50.2876;-66.23083
14622.94;-200.918;-77.42462;-115.9123;-301.1078;-50.22607;-66.27063;-200.918;-77.42462;-115.9123;-301.1078;-50.22607;-66.27063
14631.28;-200.7283;-77.47382;-115.0905;-301.1046;-50.0979;-66.31055;-200.7283;-77.47382;-115.0905;-301.1046;-50.0979;-66.31055
14639.63;-200.7007;-77.47418;-114.484;-301.1039;-50.04749;-66.36902;-200.7007;-77.47418;-114.484;-301.1039;-50.04749;-66.36902
14647.97;-200.6987;-77.46576;-107.1764;-301.1698;-49.97815;-66.43146;-200.6987;-77.46576;-107.1764;-301.1698;-49.97815;-66.43146
14656.31;-200.6707;-77.46124;-106.6818;-301.1934;-49.9671;-66.4765;-200.6707;-77.46124;-106.6818;-301.1934;-49.9671;-66.4765
14664.65;-200.6851;-77.46936;-106.959;-301.1884;-50.14453;-66.52698;-200.6851;-77.46936;-106.959;-301.1884;-50.14453;-66.52698
14672.99;-200.6827;-77.47113;-106.9211;-301.2026;-50.15448;-66.53033;-200.6827;-77.47113;-106.9211;-301.2026;-50.15448;-66.53033
14681.33;-200.6846;-77.47083;-117.4164;-301.0715;-50.15479;-66.52423;-200.6846;-77.47083;-117.4164;-301.0715;-50.15479;-66.52423
14689.67;-200.684;-77.47058;-117.1536;-301.0676;-50.16724;-66.5202;-200.684;-77.47058;-117.1536;-301.0676;-50.16724;-66.5202
14698.02;-200.6844;-77.47083;-120.7162;-301.0507;-50.17065;-66.52087;-200.6844;-77.47083;-120.7162;-301.0507;-50.17065;-66.52087
14706.36;-200.6829;-77.47015;-121.293;-301.06;-50.1571;-66.53564;-200.6829;-77.47015;-121.293;-301.06;-50.1571;-66.53564
14714.7;-200.598;-77.4328;-116.781;-301.1687;-50.03564;-66.56055;-200.598;-77.4328;-116.781;-301.1687;-50.03564;-66.56055
14723.04;-200.3737;-77.3468;-117.1158;-301.1489;-49.9458;-66.61444;-200.3737;-77.3468;-117.1158;-301.1489;-49.9458;-66.61444
14731.38;-200.3345;-77.35522;-119.3076;-301.126;-49.81519;-66.66095;-200.3345;-77.35522;-119.3076;-301.126;-49.81519;-66.66095
14739.72;-200.3279;-77.35535;-120.6779;-301.1031;-49.8089;-66.6803;-200.3279;-77.35535;-120.6779;-301.1031;-49.8089;-66.6803
14748.07;-200.2983;-77.36304;-120.0592;-301.1135;-49.79022;-66.69806;-200.2983;-77.36304;-120.0592;-301.1135;-49.79022;-66.69806
14756.41;-200.308;-77.35748;-114.7632;-301.1979;-49.78265;-66.71112;-200.308;-77.35748;-114.7632;-301.1979;-49.78265;-66.71112
14764.75;-200.2977;-77.33862;-120.0271;-301.1445;-49.78711;-66.71606;-200.2977;-77.33862;-120.0271;-301.1445;-49.78711;-66.71606
14773.09;-200.3183;-77.31799;-119.9083;-301.0477;-49.81165;-66.70435;-200.3183;-77.31799;-119.9083;-301.0477;-49.81165;-66.70435
14781.43;-200.3465;-77.25775;-120.9336;-301.2072;-49.82336;-66.67096;-200.3465;-77.25775;-120.9336;-301.2072;-49.82336;-66.67096
14789.78;-200.3544;-77.23218;-117.4949;-301.12;-49.83081;-66.66589;-200.3544;-77.23218;-117.4949;-301.12;-49.83081;-66.66589
14798.12;-200.3718;-77.23914;-112.3518;-301.2194;-49.83081;-66.69257;-200.3718;-77.23914;-112.3518;-301.2194;-49.83081;-66.69257
14806.46;-200.3602;-77.26453;-98.95013;-301.0866;-49.7807;-66.75629;-200.3602;-77.26453;-98.95013;-301.0866;-49.7807;-66.75629
14814.8;-200.3184;-77.29443;-91.01312;-301.145;-49.77618;-66.88409;-200.3184;-77.29443;-91.01312;-301.145;-49.77618;-66.88409
14823.14;-200.2718;-77.32544;-104.8937;-301.3797;-49.7243;-66.90002;-200.2718;-77.32544;-104.8937;-301.3797;-49.7243;-66.90002
14831.48;-200.1313;-77.33307;-118.895;-301.1716;-49.60156;-66.91223;-200.1313;-77.33307;-118.895;-301.1716;-49.60156;-66.91223
14839.83;-200.124;-77.33032;-113.9616;-301.2865;-49.57922;-66.9007;-200.124;-77.33032;-113.9616;-301.2865;-49.57922;-66.9007
14848.17;-200.1466;-77.28918;-103.7777;-301.1589;-49.58124;-66.86365;-200.1466;-77.28918;-103.7777;-301.1589;-49.58124;-66.86365
14856.51;-200.1492;-77.2663;-105.2286;-301.1831;-49.59186;-66.86218;-200.1492;-77.2663;-105.2286;-301.1831;-49.59186;-66.86218
14864.85;-200.1845;-77.11603;-101.0008;-301.1463;-49.66241;-66.776;-200.1845;-77.11603;-101.0008;-301.1463;-49.66241;-66.776
14873.19;-200.1859;-77.11603;-91.08716;-301.0325;-49.66687;-66.76892;-200.1859;-77.11603;-91.08716;-301.0325;-49.66687;-66.76892
14881.53;-200.1846;-77.1156;-90.47626;-301.0616;-49.66608;-66.79224;-200.1846;-77.1156;-90.47626;-301.0616;-49.66608;-66.79224
14889.88;-200.3013;-77.10571;-89.7998;-301.2217;-49.73676;-66.84277;-200.3013;-77.10571;-89.7998;-301.2217;-49.73676;-66.84277
14898.22;-200.3177;-77.10602;-89.72931;-301.2316;-49.76031;-66.85052;-200.3177;-77.10602;-89.72931;-301.2316;-49.76031;-66.85052
14906.56;-200.3176;-77.10602;-89.84119;-301.2406;-49.755;-66.85791;-200.3176;-77.10602;-89.84119;-301.2406;-49.755;-66.85791
14914.9;-200.3154;-77.08777;-90.0564;-300.9905;-49.77112;-66.80853;-200.3154;-77.08777;-90.0564;-300.9905;-49.77112;-66.80853
14923.24;-200.3146;-77.0174;-91.76093;-301.0368;-49.77576;-66.78571;-200.3146;-77.0174;-91.76093;-301.0368;-49.77576;-66.78571
14931.58;-200.3474;-76.83923;-89.24121;-300.9778;-49.78882;-66.70795;-200.3474;-76.83923;-89.24121;-300.9778;-49.78882;-66.70795
14939.92;-200.3474;-76.83923;-75;-301;-49.80896;-66.69666;-200.3474;-76.83923;-75;-301;-49.80896;-66.69666
14948.27;-200.362;-76.86102;-89.21643;-300.9505;-49.81464;-66.72205;-200.362;-76.86102;-89.21643;-300.9505;-49.81464;-66.72205
14956.61;-200.6007;-76.96704;-75.66003;-301.0268;-49.83191;-66.74078;-200.6007;-76.96704;-75.66003;-301.0268;-49.83191;-66.74078
14964.95;-200.5651;-77.12054;-73.25293;-301.1152;-49.86908;-66.8783;-200.5651;-77.12054;-73.25293;-301.1152;-49.86908;-66.8783
14973.29;-200.5114;-77.10925;-73.28485;-301.1411;-49.83228;-66.90723;-200.5114;-77.10925;-73.28485;-301.1411;-49.83228;-66.90723
14981.63;-200.3193;-77.02258;-73.43372;-301.156;-49.78943;-66.94342;-200.3193;-77.02258;-73.43372;-301.156;-49.78943;-66.94342
14989.97;-200.3191;-77.01062;-74.28027;-301.1061;-49.75702;-66.9408;-200.3191;-77.01062;-74.28027;-301.1061;-49.75702;-66.9408
14998.32;-200.3026;-76.99689;-73.93982;-301.1729;-49.67474;-66.90118;-200.3026;-76.99689;-73.93982;-301.1729;-49.67474;-66.90118
15006.66;-200.285;-76.99664;-73.92035;-301.2107;-49.62463;-66.92267;-200.285;-76.99664;-73.92035;-301.2107;-49.62463;-66.92267
15015;-200.2915;-76.94885;-74.02667;-301.0799;-49.61371;-66.90674;-200.2915;-76.94885;-74.02667;-301.0799;-49.61371;-66.90674
15023.34;-200.0937;-76.97308;-72.7298;-301.2112;-49.5802;-66.92212;-200.0937;-76.97308;-72.7298;-301.2112;-49.5802;-66.92212
15031.68;-200.104;-76.97205;-74.26184;-301.0358;-49.50842;-66.99542;-200.104;-76.97205;-74.26184;-301.0358;-49.50842;-66.99542
15040.03;-200.1039;-76.97205;-89;-301;-49.50018;-67.00232;-200.1039;-76.97205;-89;-301;-49.50018;-67.00232
15048.37;-200.106;-76.96991;-90.2193;-301.2314;-49.48859;-66.91357;-200.106;-76.96991;-90.2193;-301.2314;-49.48859;-66.91357
15056.71;-200.106;-76.96991;-89.38745;-301.1024;-49.48364;-66.96558;-200.106;-76.96991;-89.38745;-301.1024;-49.48364;-66.96558
15065.05;-200.1047;-76.95557;-89.68317;-301.106;-49.46454;-66.95502;-200.1047;-76.95557;-89.68317;-301.106;-49.46454;-66.95502
15073.39;-200.1278;-76.91437;-88.50977;-301.0701;-49.44171;-66.96582;-200.1278;-76.91437;-88.50977;-301.0701;-49.44171;-66.96582
15081.73;-200.1418;-76.74207;-90.85315;-301.0983;-49.42755;-66.97052;-200.1418;-76.74207;-90.85315;-301.0983;-49.42755;-66.97052
15090.08;-200.1404;-76.74164;-90.89679;-301.1382;-49.40009;-66.96167;-200.1404;-76.74164;-90.89679;-301.1382;-49.40009;-66.96167
15098.42;-200.1058;-76.75189;-91.38269;-301.013;-49.36737;-66.94855;-200.1058;-76.75189;-91.38269;-301.013;-49.36737;-66.94855
15106.76;-200.0952;-76.72943;-90.92462;-301.0249;-49.33142;-66.95081;-200.0952;-76.72943;-90.92462;-301.0249;-49.33142;-66.95081
15115.1;-199.9603;-76.73163;-91.43463;-301.0057;-49.24249;-66.93451;-199.9603;-76.73163;-91.43463;-301.0057;-49.24249;-66.93451
15123.44;-199.9492;-76.69824;-90.19983;-300.9936;-49.20276;-66.95209;-199.9492;-76.69824;-90.19983;-300.9936;-49.20276;-66.95209
15131.78;-199.961;-76.69684;-98.07172;-301.0551;-49.1875;-66.94226;-199.961;-76.69684;-98.07172;-301.0551;-49.1875;-66.94226
15140.13;-199.9634;-76.66565;-92.07123;-301.0529;-49.21045;-66.95465;-199.9634;-76.66565;-92.07123;-301.0529;-49.21045;-66.95465
15148.47;-199.9811;-76.60974;-98.84161;-301.0804;-49.20984;-66.94843;-199.9811;-76.60974;-98.84161;-301.0804;-49.20984;-66.94843
15156.81;-200.0275;-76.51099;-109.848;-301.1719;-49.24115;-66.92084;-200.0275;-76.51099;-109.848;-301.1719;-49.24115;-66.92084
15165.15;-199.9222;-76.39056;-108.3764;-301.0441;-49.2818;-66.90869;-199.9222;-76.39056;-108.3764;-301.0441;-49.2818;-66.90869
15173.49;-199.9349;-76.37842;-108.8817;-301.1072;-49.29596;-66.88623;-199.9349;-76.37842;-108.8817;-301.1072;-49.29596;-66.88623
15181.83;-199.9474;-76.37695;-107.9967;-301.0197;-49.29962;-66.90234;-199.9474;-76.37695;-107.9967;-301.0197;-49.29962;-66.90234
15190.17;-199.957;-76.36469;-110.7747;-301.0991;-49.29681;-66.896;-199.957;-76.36469;-110.7747;-301.0991;-49.29681;-66.896
15198.52;-199.9464;-76.34467;-110.8119;-301.0168;-49.28021;-66.8847;-199.9464;-76.34467;-110.8119;-301.0168;-49.28021;-66.8847
15206.86;-199.9202;-76.31195;-100.0712;-301.0087;-49.23602;-66.86786;-199.9202;-76.31195;-100.0712;-301.0087;-49.23602;-66.86786
15215.2;-199.764;-76.20123;-113.1449;-300.985;-49.17297;-66.76801;-199.764;-76.20123;-113.1449;-300.985;-49.17297;-66.76801
15223.54;-199.7559;-76.15942;-116.8115;-300.6963;-49.06915;-66.71906;-199.7559;-76.15942;-116.8115;-300.6963;-49.06915;-66.71906
15231.88;-199.7585;-76.13977;-112.2616;-300.8986;-49.07172;-66.68518;-199.7585;-76.13977;-112.2616;-300.8986;-49.07172;-66.68518
15240.22;-199.7708;-76.08539;-113.0457;-300.647;-49.07471;-66.66687;-199.7708;-76.08539;-113.0457;-300.647;-49.07471;-66.66687
15248.57;-199.7819;-76.04974;-111.6663;-300.6687;-49.05493;-66.64362;-199.7819;-76.04974;-111.6663;-300.6687;-49.05493;-66.64362
15256.91;-199.7079;-76.01428;-121.0317;-300.3286;-49.0329;-66.63867;-199.7079;-76.01428;-121.0317;-300.3286;-49.0329;-66.63867
15265.25;-199.6606;-76.01245;-107;-301;-49.01453;-66.61169;-199.6606;-76.01245;-107;-301;-49.01453;-66.61169
15273.59;-199.6349;-75.99664;-106.7023;-300.731;-48.95959;-66.5705;-199.6349;-75.99664;-106.7023;-300.731;-48.95959;-66.5705
15281.93;-199.64;-75.95459;-112.9384;-300.4417;-48.89459;-66.58636;-199.64;-75.95459;-112.9384;-300.4417;-48.89459;-66.58636
15290.28;-199.5721;-75.94312;-113.5421;-300.4218;-48.85529;-66.58466;-199.5721;-75.94312;-113.5421;-300.4218;-48.85529;-66.58466
15298.62;-199.4357;-75.66479;-113.0154;-300.4071;-48.83417;-66.52728;-199.4357;-75.66479;-113.0154;-300.4071;-48.83417;-66.52728
15306.96;-199.4345;-75.65247;-113.4066;-300.416;-48.62469;-66.40295;-199.4345;-75.65247;-113.4066;-300.416;-48.62469;-66.40295
15315.3;-199.3923;-75.58411;-112.8535;-300.2435;-48.60889;-66.34058;-199.3923;-75.58411;-112.8535;-300.2435;-48.60889;-66.34058
15323.64;-199.265;-75.39178;-111.8538;-300.1033;-48.59747;-66.20343;-199.265;-75.39178;-111.8538;-300.1033;-48.59747;-66.20343
15331.98;-199.1475;-75.32257;-113.3185;-300.0044;-48.55249;-66.08661;-199.1475;-75.32257;-113.3185;-300.0044;-48.55249;-66.08661
15340.33;-199.1186;-75.29224;-112.8999;-299.9973;-48.44812;-65.88794;-199.1186;-75.29224;-112.8999;-299.9973;-48.44812;-65.88794
15348.67;-199.1354;-75.14886;-113.7829;-299.8746;-48.43311;-65.8504;-199.1354;-75.14886;-113.7829;-299.8746;-48.43311;-65.8504
15357.01;-199.1381;-75.15033;-120.1213;-299.7726;-48.42688;-65.86383;-199.1381;-75.15033;-120.1213;-299.7726;-48.42688;-65.86383
15365.35;-199.1144;-75.13733;-111.9806;-299.7889;-48.41156;-65.84924;-199.1144;-75.13733;-111.9806;-299.7889;-48.41156;-65.84924
15373.69;-199.1093;-75.13422;-111.974;-299.7464;-48.38037;-65.86255;-199.1093;-75.13422;-111.974;-299.7464;-48.38037;-65.86255
15382.03;-199.0812;-75.13495;-105.0453;-299.9379;-48.34833;-65.901;-199.0812;-75.13495;-105.0453;-299.9379;-48.34833;-65.901
15390.38;-199.0762;-75.13269;-103.0391;-299.7476;-48.36151;-65.89063;-199.0762;-75.13269;-103.0391;-299.7476;-48.36151;-65.89063
15398.72;-199.08;-75.02673;-106.0109;-299.7662;-48.38623;-65.81482;-199.08;-75.02673;-106.0109;-299.7662;-48.38623;-65.81482
15407.06;-199.0845;-75.00153;-107.4545;-299.6843;-48.36554;-65.76971;-199.0845;-75.00153;-107.4545;-299.6843;-48.36554;-65.76971
15415.4;-199.0832;-74.95801;-105.2363;-299.736;-48.33795;-65.76239;-199.0832;-74.95801;-105.2363;-299.736;-48.33795;-65.76239
15423.74;-199.0954;-74.92163;-115.8763;-299.4307;-48.36621;-65.73669;-199.0954;-74.92163;-115.8763;-299.4307;-48.36621;-65.73669
15432.08;-199.087;-74.91711;-110.7919;-299.7816;-48.32593;-65.76581;-199.087;-74.91711;-110.7919;-299.7816;-48.32593;-65.76581
15440.42;-199.0891;-74.91809;-106.3203;-299.721;-48.31732;-65.78381;-199.0891;-74.91809;-106.3203;-299.721;-48.31732;-65.78381
15448.77;-199.0548;-74.94574;-98.67792;-299.8546;-48.27612;-65.85376;-199.0548;-74.94574;-98.67792;-299.8546;-48.27612;-65.85376
15457.11;-199.0437;-74.98352;-110.2374;-299.7999;-48.2514;-65.93146;-199.0437;-74.98352;-110.2374;-299.7999;-48.2514;-65.93146
15465.45;-198.9998;-74.96466;-111.5366;-299.751;-48.22522;-65.96661;-198.9998;-74.96466;-111.5366;-299.751;-48.22522;-65.96661
15473.79;-198.9906;-74.96539;-110.886;-299.806;-48.19714;-65.96014;-198.9906;-74.96539;-110.886;-299.806;-48.19714;-65.96014
15482.13;-198.9545;-74.91827;-110.4391;-299.6407;-48.18756;-65.92194;-198.9545;-74.91827;-110.4391;-299.6407;-48.18756;-65.92194
15490.47;-198.9454;-74.7226;-110.1531;-299.6704;-48.17682;-65.89679;-198.9454;-74.7226;-110.1531;-299.6704;-48.17682;-65.89679
15498.82;-198.9306;-74.70276;-116.1761;-299.3513;-48.10938;-65.86694;-198.9306;-74.70276;-116.1761;-299.3513;-48.10938;-65.86694
15507.16;-198.9017;-74.6897;-117.0436;-299.3558;-48.09662;-65.87323;-198.9017;-74.6897;-117.0436;-299.3558;-48.09662;-65.87323
15515.5;-198.7702;-74.72443;-114.6478;-299.4717;-47.98859;-65.88214;-198.7702;-74.72443;-114.6478;-299.4717;-47.98859;-65.88214
15523.84;-198.7289;-74.75574;-114.9643;-299.5438;-47.97131;-65.89764;-198.7289;-74.75574;-114.9643;-299.5438;-47.97131;-65.89764
15532.18;-198.6468;-74.77606;-117.6926;-299.3668;-47.90271;-65.96527;-198.6468;-74.77606;-117.6926;-299.3668;-47.90271;-65.96527
15540.53;-198.5917;-74.79028;-104;-299;-47.86646;-65.99103;-198.5917;-74.79028;-104;-299;-47.86646;-65.99103
15548.87;-198.474;-74.6557;-118.1368;-299.3999;-47.79785;-66.01056;-198.474;-74.6557;-118.1368;-299.3999;-47.79785;-66.01056
15557.21;-198.465;-74.6427;-109.6912;-299.6689;-47.78131;-66.00989;-198.465;-74.6427;-109.6912;-299.6689;-47.78131;-66.00989
15565.55;-198.4358;-74.59686;-108.6712;-299.7418;-47.70703;-65.97015;-198.4358;-74.59686;-108.6712;-299.7418;-47.70703;-65.97015
15573.89;-198.4157;-74.57581;-109.6929;-299.7385;-47.67926;-65.95636;-198.4157;-74.57581;-109.6929;-299.7385;-47.67926;-65.95636
15582.23;-198.2584;-74.492;-117.9539;-299.3481;-47.65277;-65.93042;-198.2584;-74.492;-117.9539;-299.3481;-47.65277;-65.93042
15590.58;-198.238;-74.47766;-121.1166;-299.3182;-47.60535;-65.92987;-198.238;-74.47766;-121.1166;-299.3182;-47.60535;-65.92987
15598.92;-198.2079;-74.44501;-115.3834;-299.3987;-47.55542;-65.89905;-198.2079;-74.44501;-115.3834;-299.3987;-47.55542;-65.89905
15607.26;-198.1966;-74.43329;-118.8094;-299.3243;-47.53461;-65.91357;-198.1966;-74.43329;-118.8094;-299.3243;-47.53461;-65.91357
15615.6;-198.1489;-74.33948;-116.7681;-299.3642;-47.45593;-65.75537;-198.1489;-74.33948;-116.7681;-299.3642;-47.45593;-65.75537
15623.94;-198.1301;-74.34686;-116.8764;-299.342;-47.42627;-65.76404;-198.1301;-74.34686;-116.8764;-299.342;-47.42627;-65.76404
15632.28;-198.0909;-74.32306;-110.8236;-299.3373;-47.39539;-65.76123;-198.0909;-74.32306;-110.8236;-299.3373;-47.39539;-65.76123
15640.63;-198.0947;-74.31146;-114.2662;-299.4031;-47.40759;-65.7691;-198.0947;-74.31146;-114.2662;-299.4031;-47.40759;-65.7691
15648.97;-198.0769;-74.29218;-111.3434;-299.1307;-47.38995;-65.7572;-198.0769;-74.29218;-111.3434;-299.1307;-47.38995;-65.7572
15657.31;-198.0745;-74.28705;-111.0287;-299.1845;-47.39258;-65.76215;-198.0745;-74.28705;-111.0287;-299.1845;-47.39258;-65.76215
15665.65;-198.0717;-74.27917;-116.3206;-299.1477;-47.39398;-65.75824;-198.0717;-74.27917;-116.3206;-299.1477;-47.39398;-65.75824
15673.99;-198.0726;-74.26624;-116.6399;-299.2155;-47.37415;-65.77313;-198.0726;-74.26624;-116.6399;-299.2155;-47.37415;-65.77313
15682.33;-198.0656;-74.22223;-115.7112;-299.1755;-47.35651;-65.77197;-198.0656;-74.22223;-115.7112;-299.1755;-47.35651;-65.77197
15690.67;-198.0668;-74.2085;-122.0023;-299.1743;-47.32739;-65.77441;-198.0668;-74.2085;-122.0023;-299.1743;-47.32739;-65.77441
15699.02;-198.0432;-74.18079;-116.9616;-299.045;-47.31525;-65.76587;-198.0432;-74.18079;-116.9616;-299.045;-47.31525;-65.76587
15707.36;-198.022;-74.16809;-116.9456;-299.0601;-47.28339;-65.77618;-198.022;-74.16809;-116.9456;-299.0601;-47.28339;-65.77618
15715.7;-197.8414;-74.08936;-116.0968;-299.2151;-47.13617;-65.7749;-197.8414;-74.08936;-116.0968;-299.2151;-47.13617;-65.7749
15724.04;-197.8455;-74.09882;-116.1651;-299.2632;-47.12305;-65.81116;-197.8455;-74.09882;-116.1651;-299.2632;-47.12305;-65.81116
15732.38;-197.9003;-74.23273;-119.4616;-299.2058;-47.20313;-65.96515;-197.9003;-74.23273;-119.4616;-299.2058;-47.20313;-65.96515
15740.72;-197.9369;-74.26508;-120.1185;-299.241;-47.23822;-66.02734;-197.9369;-74.26508;-120.1185;-299.241;-47.23822;-66.02734
15749.07;-197.9129;-74.22406;-126.0364;-299.241;-47.19763;-66.00122;-197.9129;-74.22406;-126.0364;-299.241;-47.19763;-66.00122
15757.41;-197.8057;-74.19458;-116.7634;-299.1569;-47;-65.96796;-197.8057;-74.19458;-116.7634;-299.1569;-47;-65.96796
15765.75;-197.545;-74.06921;-117.0637;-299.1731;-46.82513;-65.92743;-197.545;-74.06921;-117.0637;-299.1731;-46.82513;-65.92743
15774.09;-197.5233;-74.04993;-120.5032;-299.1027;-46.81903;-65.87299;-197.5233;-74.04993;-120.5032;-299.1027;-46.81903;-65.87299
15782.43;-197.5292;-73.98694;-120.6063;-298.987;-46.85071;-65.83032;-197.5292;-73.98694;-120.6063;-298.987;-46.85071;-65.83032
15790.78;-197.4094;-73.87854;-120.6499;-298.9739;-46.74939;-65.82092;-197.4094;-73.87854;-120.6499;-298.9739;-46.74939;-65.82092
15799.12;-197.2872;-73.88257;-120.1162;-298.8489;-46.58691;-65.89221;-197.2872;-73.88257;-120.1162;-298.8489;-46.58691;-65.89221
15807.46;-197.2847;-73.89252;-117.8934;-299.1776;-46.57349;-65.91418;-197.2847;-73.89252;-117.8934;-299.1776;-46.57349;-65.91418
15815.8;-197.2552;-73.9248;-115.5245;-299.2681;-46.56665;-65.97296;-197.2552;-73.9248;-115.5245;-299.2681;-46.56665;-65.97296
15824.14;-197.2606;-73.93481;-117.0885;-299.2194;-46.55585;-65.9939;-197.2606;-73.93481;-117.0885;-299.2194;-46.55585;-65.9939
15832.48;-197.2458;-73.89514;-105.9986;-299.137;-46.55243;-65.96466;-197.2458;-73.89514;-105.9986;-299.137;-46.55243;-65.96466
15840.83;-197.1658;-73.65491;-105.0227;-298.9368;-46.45764;-65.76636;-197.1658;-73.65491;-105.0227;-298.9368;-46.45764;-65.76636
15849.17;-197.1184;-73.57397;-110.9613;-298.9272;-46.37689;-65.65424;-197.1184;-73.57397;-110.9613;-298.9272;-46.37689;-65.65424
15857.51;-197.0283;-73.38654;-113.9882;-298.8162;-46.36469;-65.61774;-197.0283;-73.38654;-113.9882;-298.8162;-46.36469;-65.61774
15865.85;-196.9919;-73.35345;-104.3568;-298.7884;-46.3277;-65.52014;-196.9919;-73.35345;-104.3568;-298.7884;-46.3277;-65.52014
15874.19;-196.9518;-73.36041;-109.4205;-298.8525;-46.31104;-65.52057;-196.9518;-73.36041;-109.4205;-298.8525;-46.31104;-65.52057
15882.53;-196.82;-73.37616;-117.0086;-298.7638;-46.13495;-65.55591;-196.82;-73.37616;-117.0086;-298.7638;-46.13495;-65.55591
15890.88;-196.6935;-73.36945;-113.7601;-298.8647;-46.02319;-65.57819;-196.6935;-73.36945;-113.7601;-298.8647;-46.02319;-65.57819
15899.22;-196.6854;-73.36469;-114.1528;-298.8864;-46.02423;-65.58423;-196.6854;-73.36469;-114.1528;-298.8864;-46.02423;-65.58423
15907.56;-196.6948;-73.36255;-114.1228;-298.8644;-46.03149;-65.5744;-196.6948;-73.36255;-114.1228;-298.8644;-46.03149;-65.5744
15915.9;-196.6602;-73.31903;-116.8484;-298.8354;-46.00098;-65.56122;-196.6602;-73.31903;-116.8484;-298.8354;-46.00098;-65.56122
15924.24;-196.6267;-73.16742;-103.6801;-298.7834;-45.81482;-65.42914;-196.6267;-73.16742;-103.6801;-298.7834;-45.81482;-65.42914
15932.58;-196.5709;-73.13452;-111.8043;-298.7227;-45.82318;-65.29559;-196.5709;-73.13452;-111.8043;-298.7227;-45.82318;-65.29559
15940.92;-196.5402;-73.0993;-112.3533;-298.6619;-45.81696;-65.2663;-196.5402;-73.0993;-112.3533;-298.6619;-45.81696;-65.2663
15949.27;-196.4208;-72.89856;-113.8807;-298.2484;-45.75793;-65.18121;-196.4208;-72.89856;-113.8807;-298.2484;-45.75793;-65.18121
15957.61;-196.3781;-72.86353;-117.2119;-298.2437;-45.66437;-65.12378;-196.3781;-72.86353;-117.2119;-298.2437;-45.66437;-65.12378
15965.95;-196.3182;-72.81079;-115.2723;-298.1766;-45.56042;-65.08844;-196.3182;-72.81079;-115.2723;-298.1766;-45.56042;-65.08844
15974.29;-196.1738;-72.80182;-115.7115;-298.2315;-45.49786;-64.9635;-196.1738;-72.80182;-115.7115;-298.2315;-45.49786;-64.9635
15982.63;-196.1791;-72.71179;-114.6989;-298.1003;-45.41095;-64.96143;-196.1791;-72.71179;-114.6989;-298.1003;-45.41095;-64.96143
15990.97;-196.1658;-72.71808;-114.1332;-298.1298;-45.39282;-64.93402;-196.1658;-72.71808;-114.1332;-298.1298;-45.39282;-64.93402
15999.32;-196.1339;-72.62982;-109.1057;-298.1299;-45.30774;-64.83502;-196.1339;-72.62982;-109.1057;-298.1299;-45.30774;-64.83502
16007.66;-195.8707;-72.47565;-108.2983;-298.062;-45.20105;-64.82208;-195.8707;-72.47565;-108.2983;-298.062;-45.20105;-64.82208
16016;-195.8244;-72.41351;-107.9291;-297.917;-45.15942;-64.77777;-195.8244;-72.41351;-107.9291;-297.917;-45.15942;-64.77777
16024.34;-195.7711;-72.39282;-119.1525;-297.8392;-45.11536;-64.74152;-195.7711;-72.39282;-119.1525;-297.8392;-45.11536;-64.74152
16032.68;-195.7408;-72.36554;-105.865;-297.9069;-45.04065;-64.72076;-195.7408;-72.36554;-105.865;-297.9069;-45.04065;-64.72076
16041.03;-195.5585;-72.35474;-116.7544;-297.8022;-44.98749;-64.71448;-195.5585;-72.35474;-116.7544;-297.8022;-44.98749;-64.71448
16049.37;-195.4194;-72.23621;-107.3946;-297.7206;-44.8244;-64.72949;-195.4194;-72.23621;-107.3946;-297.7206;-44.8244;-64.72949
16057.71;-195.3777;-72.22443;-107.7753;-297.6974;-44.76563;-64.716;-195.3777;-72.22443;-107.7753;-297.6974;-44.76563;-64.716
16066.05;-195.223;-72.16656;-106.0776;-297.7225;-44.59082;-64.70453;-195.223;-72.16656;-106.0776;-297.7225;-44.59082;-64.70453
16074.39;-195.1945;-72.14404;-118.8117;-297.6942;-44.58112;-64.67371;-195.1945;-72.14404;-118.8117;-297.6942;-44.58112;-64.67371
16082.73;-195.1427;-72.09912;-119.7075;-297.3531;-44.33954;-64.44202;-195.1427;-72.09912;-119.7075;-297.3531;-44.33954;-64.44202
16091.08;-195.0312;-71.99298;-116.2369;-297.2902;-44.25464;-64.40082;-195.0312;-71.99298;-116.2369;-297.2902;-44.25464;-64.40082
16099.42;-195.018;-71.87494;-121.5748;-297.2895;-44.19379;-64.20538;-195.018;-71.87494;-121.5748;-297.2895;-44.19379;-64.20538
16107.76;-194.9798;-71.81262;-116.3071;-297.1524;-44.1853;-64.18201;-194.9798;-71.81262;-116.3071;-297.1524;-44.1853;-64.18201
16116.1;-195.0037;-71.71564;-119.7362;-297.0751;-44.16626;-64.17444;-195.0037;-71.71564;-119.7362;-297.0751;-44.16626;-64.17444
16124.44;-195.0156;-71.73322;-118.0536;-297.1588;-44.20721;-64.18628;-195.0156;-71.73322;-118.0536;-297.1588;-44.20721;-64.18628
16132.78;-195.0048;-71.79004;-114.1891;-297.0901;-44.19891;-64.24243;-195.0048;-71.79004;-114.1891;-297.0901;-44.19891;-64.24243
16141.13;-195.0091;-71.7774;-113.649;-297.1043;-44.16541;-64.26251;-195.0091;-71.7774;-113.649;-297.1043;-44.16541;-64.26251
16149.47;-194.9499;-71.79382;-113.8156;-297.1876;-44.08954;-64.27887;-194.9499;-71.79382;-113.8156;-297.1876;-44.08954;-64.27887
16157.81;-194.8521;-71.8407;-122.8871;-297.1312;-44.03778;-64.35175;-194.8521;-71.8407;-122.8871;-297.1312;-44.03778;-64.35175
16166.15;-194.7956;-71.7746;-113.5609;-297.0536;-43.95795;-64.28888;-194.7956;-71.7746;-113.5609;-297.0536;-43.95795;-64.28888
16174.49;-194.7823;-71.67706;-106.0486;-297.226;-43.93756;-64.2218;-194.7823;-71.67706;-106.0486;-297.226;-43.93756;-64.2218
16182.83;-194.6624;-71.52301;-105.8764;-297.1268;-43.88208;-64.11993;-194.6624;-71.52301;-105.8764;-297.1268;-43.88208;-64.11993
16191.17;-194.4489;-71.40479;-107.3325;-296.9418;-43.84436;-64.08783;-194.4489;-71.40479;-107.3325;-296.9418;-43.84436;-64.08783
16199.52;-194.4046;-71.36853;-106.0704;-297.0398;-43.81049;-64.09424;-194.4046;-71.36853;-106.0704;-297.0398;-43.81049;-64.09424
16207.86;-194.3715;-71.34229;-106.4609;-297.0318;-43.77332;-64.10687;-194.3715;-71.34229;-106.4609;-297.0318;-43.77332;-64.10687
16216.2;-194.3453;-71.3631;-105.415;-297.0167;-43.68396;-64.1402;-194.3453;-71.3631;-105.415;-297.0167;-43.68396;-64.1402
16224.54;-194.2632;-71.40228;-101.8697;-297.1458;-43.63928;-64.19922;-194.2632;-71.40228;-101.8697;-297.1458;-43.63928;-64.19922
16232.88;-194.1974;-71.40558;-103.5156;-297.0067;-43.50714;-64.22058;-194.1974;-71.40558;-103.5156;-297.0067;-43.50714;-64.22058
16241.22;-194.1928;-71.39093;-104.5766;-296.9446;-43.50488;-64.23389;-194.1928;-71.39093;-104.5766;-296.9446;-43.50488;-64.23389
16249.57;-194.181;-71.33191;-100.1834;-296.9045;-43.50476;-64.20068;-194.181;-71.33191;-100.1834;-296.9045;-43.50476;-64.20068
16257.91;-194.162;-71.27539;-111.0161;-296.9849;-43.49463;-64.01849;-194.162;-71.27539;-111.0161;-296.9849;-43.49463;-64.01849
16266.25;-194.1571;-71.17102;-114.0972;-296.9638;-43.50726;-64.04675;-194.1571;-71.17102;-114.0972;-296.9638;-43.50726;-64.04675
16274.59;-194.1819;-71.13818;-114.1903;-297.0075;-43.50043;-64.03333;-194.1819;-71.13818;-114.1903;-297.0075;-43.50043;-64.03333
16282.93;-194.1541;-71.11249;-108.8229;-296.8398;-43.48389;-63.93823;-194.1541;-71.11249;-108.8229;-296.8398;-43.48389;-63.93823
16291.28;-194.132;-71.12573;-109.0204;-296.8141;-43.45258;-63.94128;-194.132;-71.12573;-109.0204;-296.8141;-43.45258;-63.94128
16299.62;-194.0756;-71.13074;-112.136;-296.7009;-43.3811;-64.00519;-194.0756;-71.13074;-112.136;-296.7009;-43.3811;-64.00519
16307.96;-194.0707;-71.1507;-106.2089;-296.8698;-43.32819;-64.06995;-194.0707;-71.1507;-106.2089;-296.8698;-43.32819;-64.06995
16316.3;-194.0609;-71.16589;-105.0825;-296.8566;-43.35754;-64.07159;-194.0609;-71.16589;-105.0825;-296.8566;-43.35754;-64.07159
16324.64;-194.0778;-71.15527;-117.2397;-296.8544;-43.36078;-64.07361;-194.0778;-71.15527;-117.2397;-296.8544;-43.36078;-64.07361
16332.98;-194.1008;-71.10199;-132;-297;-43.37939;-64.0647;-194.1008;-71.10199;-132;-297;-43.37939;-64.0647
16341.33;-194.0806;-70.97772;-131.7958;-296.9723;-43.37469;-64.00049;-194.0806;-70.97772;-131.7958;-296.9723;-43.37469;-64.00049
16349.67;-194.1072;-70.89471;-132.2076;-296.9186;-43.37274;-63.91339;-194.1072;-70.89471;-132.2076;-296.9186;-43.37274;-63.91339
16358.01;-194.0992;-70.88171;-131.3126;-296.799;-43.36908;-63.91748;-194.0992;-70.88171;-131.3126;-296.799;-43.36908;-63.91748
16366.35;-194.0802;-70.84741;-117;-297;-43.37335;-63.92322;-194.0802;-70.84741;-117;-297;-43.37335;-63.92322
16374.69;-194.104;-70.83252;-107.2135;-296.7758;-43.35748;-63.93756;-194.104;-70.83252;-107.2135;-296.7758;-43.35748;-63.93756
16383.03;-194.0874;-70.85425;-104.5655;-296.7798;-43.34277;-63.99402;-194.0874;-70.85425;-104.5655;-296.7798;-43.34277;-63.99402
16391.38;-194.0603;-70.86023;-104.8165;-296.6985;-43.30902;-63.98468;-194.0603;-70.86023;-104.8165;-296.6985;-43.30902;-63.98468
16399.72;-193.8461;-70.79431;-95.68835;-296.6755;-43.05365;-63.95941;-193.8461;-70.79431;-95.68835;-296.6755;-43.05365;-63.95941
16408.06;-193.7736;-70.78149;-86.58954;-296.356;-43.02557;-63.92712;-193.7736;-70.78149;-86.58954;-296.356;-43.02557;-63.92712
16416.4;-193.6971;-70.85205;-94.84064;-296.6545;-42.96063;-63.94946;-193.6971;-70.85205;-94.84064;-296.6545;-42.96063;-63.94946
16424.74;-193.7191;-70.81061;-96.0213;-296.7198;-42.9585;-63.9342;-193.7191;-70.81061;-96.0213;-296.7198;-42.9585;-63.9342
16433.08;-193.7709;-70.71332;-101.9309;-296.7033;-42.99744;-63.9176;-193.7709;-70.71332;-101.9309;-296.7033;-42.99744;-63.9176
16441.43;-193.7825;-70.72522;-110.6478;-296.7404;-42.98956;-63.91705;-193.7825;-70.72522;-110.6478;-296.7404;-42.98956;-63.91705
16449.77;-193.7637;-70.73224;-101.6106;-296.7704;-42.97192;-63.96179;-193.7637;-70.73224;-101.6106;-296.7704;-42.97192;-63.96179
16458.11;-193.829;-70.78839;-95.87726;-296.886;-42.98627;-64.04919;-193.829;-70.78839;-95.87726;-296.886;-42.98627;-64.04919
16466.45;-193.8229;-70.73016;-106.122;-296.7502;-43.03552;-64.01819;-193.8229;-70.73016;-106.122;-296.7502;-43.03552;-64.01819
16474.79;-193.7646;-70.73273;-114.4459;-296.6465;-42.9895;-64.03046;-193.7646;-70.73273;-114.4459;-296.6465;-42.9895;-64.03046
16483.13;-193.6031;-70.68719;-106.6972;-296.6534;-42.80811;-64.0152;-193.6031;-70.68719;-106.6972;-296.6534;-42.80811;-64.0152
16491.47;-193.5921;-70.63794;-114.9297;-296.6145;-42.80316;-63.98798;-193.5921;-70.63794;-114.9297;-296.6145;-42.80316;-63.98798
16499.82;-193.3513;-70.37073;-112.0615;-296.6217;-42.75903;-63.96246;-193.3513;-70.37073;-112.0615;-296.6217;-42.75903;-63.96246
16508.16;-193.4145;-70.3045;-114.9977;-296.4282;-42.81354;-63.84265;-193.4145;-70.3045;-114.9977;-296.4282;-42.81354;-63.84265
16516.5;-193.4788;-70.21869;-105.1281;-296.2487;-42.83203;-63.83191;-193.4788;-70.21869;-105.1281;-296.2487;-42.83203;-63.83191
16524.84;-193.4745;-70.22394;-104.99;-296.4311;-42.81537;-63.84351;-193.4745;-70.22394;-104.99;-296.4311;-42.81537;-63.84351
16533.18;-193.4235;-70.25116;-104.7977;-296.4199;-42.76025;-63.95331;-193.4235;-70.25116;-104.7977;-296.4199;-42.76025;-63.95331
16541.53;-193.411;-70.29175;-106.1148;-296.5781;-42.76428;-63.98352;-193.411;-70.29175;-106.1148;-296.5781;-42.76428;-63.98352
16549.87;-193.3763;-70.31079;-105.2155;-296.4269;-42.72577;-64.01898;-193.3763;-70.31079;-105.2155;-296.4269;-42.72577;-64.01898
16558.21;-193.3509;-70.30231;-104.7504;-296.4202;-42.69897;-64.0246;-193.3509;-70.30231;-104.7504;-296.4202;-42.69897;-64.0246
16566.55;-193.2548;-70.23688;-112.8388;-296.3804;-42.60059;-63.98163;-193.2548;-70.23688;-112.8388;-296.3804;-42.60059;-63.98163
16574.89;-193.2196;-70.18085;-112.6868;-296.4211;-42.58875;-63.93146;-193.2196;-70.18085;-112.6868;-296.4211;-42.58875;-63.93146
16583.23;-193.2567;-70.03937;-101.1717;-296.0464;-42.57361;-63.79968;-193.2567;-70.03937;-101.1717;-296.0464;-42.57361;-63.79968
16591.57;-193.2682;-70.04181;-103.1828;-296.199;-42.59637;-63.81781;-193.2682;-70.04181;-103.1828;-296.199;-42.59637;-63.81781
16599.92;-193.2665;-70.04132;-96.17499;-296.0153;-42.60101;-63.85724;-193.2665;-70.04132;-96.17499;-296.0153;-42.60101;-63.85724
16608.26;-193.2563;-70.05652;-86.15375;-296.0037;-42.58728;-63.89337;-193.2563;-70.05652;-86.15375;-296.0037;-42.58728;-63.89337
16616.6;-193.1909;-70.11829;-97.95782;-296.2062;-42.53131;-64.02002;-193.1909;-70.11829;-97.95782;-296.2062;-42.53131;-64.02002
16624.94;-193.1463;-70.16028;-86.95569;-296.1683;-42.46765;-63.93817;-193.1463;-70.16028;-86.95569;-296.1683;-42.46765;-63.93817
16633.28;-193.0893;-70.1142;-95.70581;-296.1544;-42.34222;-63.94617;-193.0893;-70.1142;-95.70581;-296.1544;-42.34222;-63.94617
16641.63;-193.0826;-70.09552;-108.864;-296.1783;-42.341;-63.9342;-193.0826;-70.09552;-108.864;-296.1783;-42.341;-63.9342
16649.97;-193.0551;-69.95618;-101.6075;-296.3105;-42.33539;-63.88623;-193.0551;-69.95618;-101.6075;-296.3105;-42.33539;-63.88623
16658.31;-193.0803;-69.87506;-101.4002;-296.2303;-42.32977;-63.84113;-193.0803;-69.87506;-101.4002;-296.2303;-42.32977;-63.84113
16666.65;-193.0864;-69.7738;-101.5279;-296.1201;-42.33923;-63.78625;-193.0864;-69.7738;-101.5279;-296.1201;-42.33923;-63.78625
16674.99;-193.0779;-69.77472;-101.8601;-296.1364;-42.33588;-63.79749;-193.0779;-69.77472;-101.8601;-296.1364;-42.33588;-63.79749
16683.33;-193.074;-69.79114;-101.2706;-296.1365;-42.33398;-63.83655;-193.074;-69.79114;-101.2706;-296.1365;-42.33398;-63.83655
16691.68;-193.0289;-69.84222;-97.02148;-296.1454;-42.25256;-63.90729;-193.0289;-69.84222;-97.02148;-296.1454;-42.25256;-63.90729
16700.02;-192.9802;-69.92273;-101.6668;-296.2695;-42.22083;-63.99872;-192.9802;-69.92273;-101.6668;-296.2695;-42.22083;-63.99872
16708.36;-192.9224;-69.90063;-101.6832;-296.2462;-42.02625;-64.00043;-192.9224;-69.90063;-101.6832;-296.2462;-42.02625;-64.00043
16716.7;-192.8481;-69.87183;-101.8621;-296.0678;-42.05927;-63.98993;-192.8481;-69.87183;-101.8621;-296.0678;-42.05927;-63.98993
16725.04;-192.8494;-69.79962;-103.2488;-296.1514;-42.09027;-63.96625;-192.8494;-69.79962;-103.2488;-296.1514;-42.09027;-63.96625
16733.38;-192.8772;-69.61389;-104.3704;-296.0783;-42.07867;-63.86536;-192.8772;-69.61389;-104.3704;-296.0783;-42.07867;-63.86536
16741.72;-192.8537;-69.53247;-108.5904;-295.9512;-42.05811;-63.78387;-192.8537;-69.53247;-108.5904;-295.9512;-42.05811;-63.78387
16750.07;-192.876;-69.51898;-112.1533;-296.0007;-42.0553;-63.8396;-192.876;-69.51898;-112.1533;-296.0007;-42.0553;-63.8396
16758.41;-192.8418;-69.53534;-115.7032;-296.0127;-42.04083;-63.85931;-192.8418;-69.53534;-115.7032;-296.0127;-42.04083;-63.85931
16766.75;-192.8206;-69.56171;-114.0099;-296.0273;-41.97101;-63.95142;-192.8206;-69.56171;-114.0099;-296.0273;-41.97101;-63.95142
16775.09;-192.791;-69.59088;-109.631;-296.1428;-41.95197;-64.00262;-192.791;-69.59088;-109.631;-296.1428;-41.95197;-64.00262
16783.43;-192.6046;-69.6662;-104.0159;-295.9318;-41.81195;-64.06018;-192.6046;-69.6662;-104.0159;-295.9318;-41.81195;-64.06018
16791.78;-192.5976;-69.66785;-108.2928;-296.0803;-41.81226;-64.06268;-192.5976;-69.66785;-108.2928;-296.0803;-41.81226;-64.06268
16800.12;-192.6074;-69.60223;-98.13831;-295.9764;-41.82208;-64.04895;-192.6074;-69.60223;-98.13831;-295.9764;-41.82208;-64.04895
16808.46;-192.4437;-69.3927;-86.97443;-295.9766;-41.83002;-64.02643;-192.4437;-69.3927;-86.97443;-295.9766;-41.83002;-64.02643
16816.8;-192.4679;-69.26282;-73;-296;-41.82928;-63.90723;-192.4679;-69.26282;-73;-296;-41.82928;-63.90723
16825.14;-192.4694;-69.25262;-66.05853;-295.6078;-41.79938;-63.91589;-192.4694;-69.25262;-66.05853;-295.6078;-41.79938;-63.91589
16833.48;-192.3915;-69.25531;-66.74652;-295.6801;-41.76855;-63.91809;-192.3915;-69.25531;-66.74652;-295.6801;-41.76855;-63.91809
16841.82;-192.3735;-69.25366;-65.12347;-295.5723;-41.74414;-63.95569;-192.3735;-69.25366;-65.12347;-295.5723;-41.74414;-63.95569
16850.17;-192.296;-69.32275;-71.18469;-295.8901;-41.69232;-64.06921;-192.296;-69.32275;-71.18469;-295.8901;-41.69232;-64.06921
16858.51;-192.28;-69.3042;-86;-296;-41.64044;-64.08868;-192.28;-69.3042;-86;-296;-41.64044;-64.08868
16866.85;-192.2714;-69.28906;-86.64539;-295.7707;-41.56268;-64.06683;-192.2714;-69.28906;-86.64539;-295.7707;-41.56268;-64.06683
16875.19;-192.241;-69.24908;-86.16248;-295.7916;-41.54559;-64.02582;-192.241;-69.24908;-86.16248;-295.7916;-41.54559;-64.02582
16883.53;-192.2579;-69.1524;-95.17242;-295.7205;-41.57239;-64.00995;-192.2579;-69.1524;-95.17242;-295.7205;-41.57239;-64.00995
16891.88;-192.2532;-69.07343;-107.4031;-295.9557;-41.58508;-63.9303;-192.2532;-69.07343;-107.4031;-295.9557;-41.58508;-63.9303
16900.22;-192.2404;-69.04956;-108.1771;-295.9089;-41.5791;-63.93994;-192.2404;-69.04956;-108.1771;-295.9089;-41.5791;-63.93994
16908.56;-192.2205;-69.04803;-114.6787;-295.8554;-41.56531;-63.93933;-192.2205;-69.04803;-114.6787;-295.8554;-41.56531;-63.93933
16916.9;-192.1766;-69.06775;-108.909;-295.972;-41.40417;-63.89905;-192.1766;-69.06775;-108.909;-295.972;-41.40417;-63.89905
16925.24;-192.1364;-69.11041;-108.9329;-296.039;-41.40222;-63.95239;-192.1364;-69.11041;-108.9329;-296.039;-41.40222;-63.95239
16933.58;-192.1162;-69.12439;-106.303;-296.0882;-41.34973;-64.04462;-192.1162;-69.12439;-106.303;-296.0882;-41.34973;-64.04462
16941.93;-192.1118;-69.1134;-106.736;-295.9443;-41.34082;-64.02295;-192.1118;-69.1134;-106.736;-295.9443;-41.34082;-64.02295
16950.27;-192.0859;-69.0318;-98.76343;-295.8554;-41.36456;-63.93958;-192.0859;-69.0318;-98.76343;-295.8554;-41.36456;-63.93958
16958.61;-192.0836;-68.98987;-96.97308;-295.6906;-41.34729;-63.92627;-192.0836;-68.98987;-96.97308;-295.6906;-41.34729;-63.92627
16966.95;-192.0554;-68.93213;-112;-296;-41.33405;-63.9184;-192.0554;-68.93213;-112;-296;-41.33405;-63.9184
16975.29;-192.05;-68.91583;-104.9855;-295.8119;-41.34772;-63.92444;-192.05;-68.91583;-104.9855;-295.8119;-41.34772;-63.92444
16983.63;-192.0222;-68.9151;-108.809;-295.8871;-41.29376;-63.96075;-192.0222;-68.9151;-108.809;-295.8871;-41.29376;-63.96075
16991.97;-191.9963;-68.93408;-105.1786;-295.855;-41.23743;-63.99237;-191.9963;-68.93408;-105.1786;-295.855;-41.23743;-63.99237
17000.32;-191.885;-68.97949;-101.4388;-295.9009;-41.10175;-64.0495;-191.885;-68.97949;-101.4388;-295.9009;-41.10175;-64.0495
17008.66;-191.8791;-68.97583;-109.9537;-296.0677;-41.10077;-64.06854;-191.8791;-68.97583;-109.9537;-296.0677;-41.10077;-64.06854
17017;-191.8538;-68.9386;-106.7589;-296.0605;-41.06342;-64.06909;-191.8538;-68.9386;-106.7589;-296.0605;-41.06342;-64.06909
17025.34;-191.8306;-68.90924;-114.8464;-295.9661;-41.06567;-64.06146;-191.8306;-68.90924;-114.8464;-295.9661;-41.06567;-64.06146
17033.68;-191.8411;-68.85107;-107.4659;-295.9333;-41.05554;-64.05688;-191.8411;-68.85107;-107.4659;-295.9333;-41.05554;-64.05688
17042.03;-191.8163;-68.80701;-108.1028;-295.9658;-41.0274;-64.02783;-191.8163;-68.80701;-108.1028;-295.9658;-41.0274;-64.02783
17050.37;-191.7726;-68.685;-110.7953;-295.9005;-41.01947;-64.04022;-191.7726;-68.685;-110.7953;-295.9005;-41.01947;-64.04022
17058.71;-191.7561;-68.67273;-114.7438;-295.801;-40.98199;-64.02448;-191.7561;-68.67273;-114.7438;-295.801;-40.98199;-64.02448
17067.05;-191.6392;-68.69904;-117.6957;-295.7133;-40.96252;-64.04547;-191.6392;-68.69904;-117.6957;-295.7133;-40.96252;-64.04547
17075.39;-191.6076;-68.70752;-104;-296;-40.90155;-64.07837;-191.6076;-68.70752;-104;-296;-40.90155;-64.07837
17083.73;-191.5994;-68.69934;-109.7039;-295.867;-40.86127;-64.09479;-191.5994;-68.69934;-109.7039;-295.867;-40.86127;-64.09479
17092.07;-191.5933;-68.6958;-109.6981;-295.9294;-40.83972;-64.12378;-191.5933;-68.6958;-109.6981;-295.9294;-40.83972;-64.12378
17100.42;-191.5975;-68.69641;-97.00909;-295.7409;-40.8219;-64.13074;-191.5975;-68.69641;-97.00909;-295.7409;-40.8219;-64.13074
17108.76;-191.5753;-68.66638;-109.1393;-295.9496;-40.81158;-64.12286;-191.5753;-68.66638;-109.1393;-295.9496;-40.81158;-64.12286
17117.1;-191.4093;-68.46423;-95.98792;-295.7404;-40.78259;-64.13086;-191.4093;-68.46423;-95.98792;-295.7404;-40.78259;-64.13086
17125.44;-191.3625;-68.45172;-104.787;-295.8018;-40.75073;-64.12744;-191.3625;-68.45172;-104.787;-295.8018;-40.75073;-64.12744
17133.78;-191.3348;-68.42456;-96.75317;-295.67;-40.67999;-64.12872;-191.3348;-68.42456;-96.75317;-295.67;-40.67999;-64.12872
17142.13;-191.293;-68.41431;-103.8702;-295.7564;-40.66248;-64.14429;-191.293;-68.41431;-103.8702;-295.7564;-40.66248;-64.14429
17150.47;-191.2603;-68.40131;-101.9865;-295.7979;-40.64777;-64.16821;-191.2603;-68.40131;-101.9865;-295.7979;-40.64777;-64.16821
17158.81;-191.244;-68.39203;-107.8969;-295.7869;-40.59467;-64.20825;-191.244;-68.39203;-107.8969;-295.7869;-40.59467;-64.20825
17167.15;-191.2235;-68.39618;-101.1927;-295.7748;-40.59839;-64.21844;-191.2235;-68.39618;-101.1927;-295.7748;-40.59839;-64.21844
17175.49;-191.2203;-68.39307;-95.03644;-295.8328;-40.56366;-64.22809;-191.2203;-68.39307;-95.03644;-295.8328;-40.56366;-64.22809
17183.83;-191.2075;-68.37024;-102.339;-295.7474;-40.53949;-64.25378;-191.2075;-68.37024;-102.339;-295.7474;-40.53949;-64.25378
17192.18;-191.1936;-68.34924;-95.48254;-295.7609;-40.4848;-64.12024;-191.1936;-68.34924;-95.48254;-295.7609;-40.4848;-64.12024
17200.52;-191.1371;-68.30933;-107.9877;-295.8585;-40.51904;-64.22998;-191.1371;-68.30933;-107.9877;-295.8585;-40.51904;-64.22998
17208.86;-191.1024;-68.29205;-103.1458;-295.6829;-40.47552;-64.12427;-191.1024;-68.29205;-103.1458;-295.6829;-40.47552;-64.12427
17217.2;-191.078;-68.29755;-110.9442;-295.8366;-40.3551;-64.16077;-191.078;-68.29755;-110.9442;-295.8366;-40.3551;-64.16077
17225.54;-191.0507;-68.29175;-107.037;-295.7369;-40.30255;-64.18585;-191.0507;-68.29175;-107.037;-295.7369;-40.30255;-64.18585
17233.88;-191.0162;-68.28021;-113.0969;-295.6644;-40.33936;-64.20349;-191.0162;-68.28021;-113.0969;-295.6644;-40.33936;-64.20349
17242.22;-190.9917;-68.271;-113.7617;-295.7413;-40.30511;-64.25317;-190.9917;-68.271;-113.7617;-295.7413;-40.30511;-64.25317
17250.57;-190.9839;-68.24683;-114.304;-295.6657;-40.27618;-64.27063;-190.9839;-68.24683;-114.304;-295.6657;-40.27618;-64.27063
17258.91;-190.9692;-68.23639;-119.4801;-295.7103;-40.2442;-64.28064;-190.9692;-68.23639;-119.4801;-295.7103;-40.2442;-64.28064
17267.25;-190.9342;-68.24548;-112.9418;-295.7617;-40.21558;-64.31805;-190.9342;-68.24548;-112.9418;-295.7617;-40.21558;-64.31805
17275.59;-190.9152;-68.22241;-112.579;-295.9214;-40.17303;-64.315;-190.9152;-68.22241;-112.579;-295.9214;-40.17303;-64.315
17283.93;-190.8781;-68.20239;-112.3851;-295.6646;-40.12421;-64.31696;-190.8781;-68.20239;-112.3851;-295.6646;-40.12421;-64.31696
17292.28;-190.827;-68.18597;-111.9563;-295.698;-40.104;-64.34039;-190.827;-68.18597;-111.9563;-295.698;-40.104;-64.34039
17300.62;-190.8111;-68.17462;-111.9949;-295.7528;-40.04156;-64.35608;-190.8111;-68.17462;-111.9949;-295.7528;-40.04156;-64.35608
17308.96;-190.7872;-68.16516;-111.9194;-295.799;-40.01904;-64.38171;-190.7872;-68.16516;-111.9194;-295.799;-40.01904;-64.38171
17317.3;-190.7672;-68.15955;-112.7911;-295.7468;-39.99402;-64.40649;-190.7672;-68.15955;-112.7911;-295.7468;-39.99402;-64.40649
17325.64;-190.7411;-68.15228;-112.1003;-295.7623;-39.97919;-64.47906;-190.7411;-68.15228;-112.1003;-295.7623;-39.97919;-64.47906
17333.98;-190.702;-68.1438;-101.722;-295.7467;-39.97028;-64.45874;-190.702;-68.1438;-101.722;-295.7467;-39.97028;-64.45874
17342.32;-190.6877;-68.14209;-112.8428;-295.6672;-40.0401;-64.50702;-190.6877;-68.14209;-112.8428;-295.6672;-40.0401;-64.50702
17350.67;-190.6095;-68.10852;-114.0354;-295.7796;-39.94025;-64.51581;-190.6095;-68.10852;-114.0354;-295.7796;-39.94025;-64.51581
17359.01;-190.6019;-68.09717;-114.3916;-295.7511;-39.92853;-64.51147;-190.6019;-68.09717;-114.3916;-295.7511;-39.92853;-64.51147
17367.35;-190.53;-68.052;-108.184;-295.7222;-39.87415;-64.52234;-190.53;-68.052;-108.184;-295.7222;-39.87415;-64.52234
17375.69;-190.4878;-67.92297;-108.8286;-295.8878;-39.85162;-64.52435;-190.4878;-67.92297;-108.8286;-295.8878;-39.85162;-64.52435
17384.03;-190.4648;-67.92706;-110.6707;-295.915;-39.83124;-64.54224;-190.4648;-67.92706;-110.6707;-295.915;-39.83124;-64.54224
17392.38;-190.4551;-67.90863;-109.8999;-295.8865;-39.80316;-64.57452;-190.4551;-67.90863;-109.8999;-295.8865;-39.80316;-64.57452
17400.72;-190.3967;-67.91315;-106.0969;-295.793;-39.76923;-64.59906;-190.3967;-67.91315;-106.0969;-295.793;-39.76923;-64.59906
17409.06;-190.3776;-67.89832;-94.14459;-295.5761;-39.75824;-64.61316;-190.3776;-67.89832;-94.14459;-295.5761;-39.75824;-64.61316
17417.4;-190.372;-67.89508;-96.29572;-295.7021;-39.73828;-64.62115;-190.372;-67.89508;-96.29572;-295.7021;-39.73828;-64.62115
17425.74;-190.3232;-67.88727;-111;-296;-39.7301;-64.63531;-190.3232;-67.88727;-111;-296;-39.7301;-64.63531
17434.08;-190.2945;-67.82416;-112.0235;-295.7081;-39.66919;-64.65253;-190.2945;-67.82416;-112.0235;-295.7081;-39.66919;-64.65253
17442.43;-190.2656;-67.81458;-98;-296;-39.64124;-64.65863;-190.2656;-67.81458;-98;-296;-39.64124;-64.65863
17450.77;-190.2498;-67.81421;-110.2844;-295.7798;-39.58887;-64.67053;-190.2498;-67.81421;-110.2844;-295.7798;-39.58887;-64.67053
17459.11;-190.2453;-67.77643;-112.0121;-295.7327;-39.57593;-64.68024;-190.2453;-67.77643;-112.0121;-295.7327;-39.57593;-64.68024
17467.45;-190.2057;-67.77869;-111.4155;-295.8751;-39.55792;-64.70306;-190.2057;-67.77869;-111.4155;-295.8751;-39.55792;-64.70306
17475.79;-190.2023;-67.77606;-112.8625;-295.9348;-39.54425;-64.70996;-190.2023;-67.77606;-112.8625;-295.9348;-39.54425;-64.70996
17484.13;-190.1683;-67.76056;-105.6919;-295.8149;-39.51337;-64.72339;-190.1683;-67.76056;-105.6919;-295.8149;-39.51337;-64.72339
17492.47;-190.1529;-67.76038;-114.1639;-295.813;-39.50098;-64.7489;-190.1529;-67.76038;-114.1639;-295.813;-39.50098;-64.7489
17500.82;-190.1056;-67.75378;-108.6823;-295.7841;-39.45563;-64.64795;-190.1056;-67.75378;-108.6823;-295.7841;-39.45563;-64.64795
17509.16;-190.0937;-67.75879;-117.6827;-295.7797;-39.41736;-64.65289;-190.0937;-67.75879;-117.6827;-295.7797;-39.41736;-64.65289
17517.5;-190.0685;-67.68707;-104.7459;-295.5789;-39.38647;-64.68329;-190.0685;-67.68707;-104.7459;-295.5789;-39.38647;-64.68329
17525.84;-190.0515;-67.6861;-108.5739;-295.6772;-39.35284;-64.69458;-190.0515;-67.6861;-108.5739;-295.6772;-39.35284;-64.69458
17534.18;-190.0371;-67.66113;-105.0179;-295.5618;-39.31555;-64.72589;-190.0371;-67.66113;-105.0179;-295.5618;-39.31555;-64.72589
17542.53;-190.0176;-67.65588;-105.0353;-295.8519;-39.29877;-64.73596;-190.0176;-67.65588;-105.0353;-295.8519;-39.29877;-64.73596
17550.87;-189.9938;-67.62787;-105.928;-295.6425;-39.28186;-64.76489;-189.9938;-67.62787;-105.928;-295.6425;-39.28186;-64.76489
17559.21;-189.9869;-67.63086;-107.4517;-295.6788;-39.21497;-64.78741;-189.9869;-67.63086;-107.4517;-295.6788;-39.21497;-64.78741
17567.55;-189.9131;-67.62415;-101.1135;-295.6992;-39.19232;-64.80048;-189.9131;-67.62415;-101.1135;-295.6992;-39.19232;-64.80048
17575.89;-189.9032;-67.59277;-100.6237;-295.6539;-39.14264;-64.81079;-189.9032;-67.59277;-100.6237;-295.6539;-39.14264;-64.81079
17584.23;-189.8503;-67.58673;-114.2667;-295.7533;-39.13562;-64.82843;-189.8503;-67.58673;-114.2667;-295.7533;-39.13562;-64.82843
17592.57;-189.8209;-67.55713;-103.343;-295.6779;-39.10602;-64.84674;-189.8209;-67.55713;-103.343;-295.6779;-39.10602;-64.84674
17600.92;-189.6378;-67.45508;-116.0067;-295.7429;-39.00226;-64.83148;-189.6378;-67.45508;-116.0067;-295.7429;-39.00226;-64.83148
17609.26;-189.5967;-67.44775;-105.8593;-295.6265;-38.97864;-64.84637;-189.5967;-67.44775;-105.8593;-295.6265;-38.97864;-64.84637
17617.6;-189.5856;-67.44244;-100.2927;-295.6675;-38.97058;-64.86761;-189.5856;-67.44244;-100.2927;-295.6675;-38.97058;-64.86761
17625.94;-189.5698;-67.44043;-115;-296;-38.93243;-64.9212;-189.5698;-67.44043;-115;-296;-38.93243;-64.9212
17634.28;-189.5148;-67.43304;-106.9856;-295.7579;-38.90833;-64.91614;-189.5148;-67.43304;-106.9856;-295.7579;-38.90833;-64.91614
17642.63;-189.4695;-67.31708;-107.5457;-295.7269;-38.86383;-64.92828;-189.4695;-67.31708;-107.5457;-295.7269;-38.86383;-64.92828
17650.97;-189.4312;-67.31299;-102.6528;-295.6606;-38.80182;-64.97095;-189.4312;-67.31299;-102.6528;-295.6606;-38.80182;-64.97095
17659.31;-189.3787;-67.29132;-95.52045;-295.6047;-38.78595;-64.98401;-189.3787;-67.29132;-95.52045;-295.6047;-38.78595;-64.98401
17667.65;-189.3759;-67.28296;-87.00287;-295.3445;-38.78473;-64.98114;-189.3759;-67.28296;-87.00287;-295.3445;-38.78473;-64.98114
17675.99;-189.3443;-67.26434;-86.97449;-295.3286;-38.73767;-64.96826;-189.3443;-67.26434;-86.97449;-295.3286;-38.73767;-64.96826
17684.33;-189.313;-67.22009;-89.81671;-295.4462;-38.72546;-64.99591;-189.313;-67.22009;-89.81671;-295.4462;-38.72546;-64.99591
17692.68;-189.3051;-67.19434;-98.90271;-295.6852;-38.7019;-65.01691;-189.3051;-67.19434;-98.90271;-295.6852;-38.7019;-65.01691
17701.02;-189.2583;-67.20166;-95.53113;-295.7781;-38.64685;-65.06274;-189.2583;-67.20166;-95.53113;-295.7781;-38.64685;-65.06274
17709.36;-189.2441;-67.19104;-95.11078;-295.7191;-38.6286;-65.07263;-189.2441;-67.19104;-95.11078;-295.7191;-38.6286;-65.07263
17717.7;-189.2062;-67.1767;-103.24;-295.7368;-38.54163;-65.09857;-189.2062;-67.1767;-103.24;-295.7368;-38.54163;-65.09857
17726.04;-189.1837;-67.17456;-99.40625;-295.7744;-38.50464;-65.12067;-189.1837;-67.17456;-99.40625;-295.7744;-38.50464;-65.12067
17734.38;-189.1439;-67.1507;-86.81201;-295.2697;-38.508;-65.11499;-189.1439;-67.1507;-86.81201;-295.2697;-38.508;-65.11499
17742.72;-189.1398;-67.14124;-102;-296;-38.49023;-65.03442;-189.1398;-67.14124;-102;-296;-38.49023;-65.03442
17751.07;-189.0819;-67.10773;-95.8551;-295.6551;-38.42645;-65.04681;-189.0819;-67.10773;-95.8551;-295.6551;-38.42645;-65.04681
17759.41;-189.0836;-67.09326;-95.36639;-295.5819;-38.39117;-65.06689;-189.0836;-67.09326;-95.36639;-295.5819;-38.39117;-65.06689
17767.75;-189.0435;-67.08521;-95.26056;-295.6888;-38.33441;-65.09973;-189.0435;-67.08521;-95.26056;-295.6888;-38.33441;-65.09973
17776.09;-189.0355;-67.06885;-95.36511;-295.6841;-38.32062;-65.11475;-189.0355;-67.06885;-95.36511;-295.6841;-38.32062;-65.11475
17784.43;-188.9974;-67.05823;-86.97571;-295.4042;-38.28998;-65.14056;-188.9974;-67.05823;-86.97571;-295.4042;-38.28998;-65.14056
17792.78;-188.9838;-67.04449;-86.74567;-295.3806;-38.23035;-65.17145;-188.9838;-67.04449;-86.74567;-295.3806;-38.23035;-65.17145
17801.12;-188.9797;-67.04291;-94.64648;-295.6511;-38.18958;-65.17847;-188.9797;-67.04291;-94.64648;-295.6511;-38.18958;-65.17847
17809.46;-188.9522;-67.02399;-86.82092;-295.2495;-38.18109;-65.19379;-188.9522;-67.02399;-86.82092;-295.2495;-38.18109;-65.19379
17817.8;-188.9235;-67.00964;-100.7803;-295.7882;-38.16223;-65.20856;-188.9235;-67.00964;-100.7803;-295.7882;-38.16223;-65.20856
17826.14;-188.8901;-66.9942;-87.69458;-295.2368;-38.14594;-65.21375;-188.8901;-66.9942;-87.69458;-295.2368;-38.14594;-65.21375
17834.48;-188.8834;-66.94489;-102.3768;-295.7636;-38.12097;-65.22882;-188.8834;-66.94489;-102.3768;-295.7636;-38.12097;-65.22882
17842.82;-188.8486;-66.95087;-88;-295;-38.0697;-65.25128;-188.8486;-66.95087;-88;-295;-38.0697;-65.25128
17851.17;-188.8077;-66.92548;-103;-296;-38.06989;-65.27551;-188.8077;-66.92548;-103;-296;-38.06989;-65.27551
17859.51;-188.7905;-66.91467;-106.7679;-295.8942;-38.04553;-65.31702;-188.7905;-66.91467;-106.7679;-295.8942;-38.04553;-65.31702
17867.85;-188.7434;-66.90985;-94.57739;-295.788;-37.97021;-65.35114;-188.7434;-66.90985;-94.57739;-295.788;-37.97021;-65.35114
17876.19;-188.7032;-66.90491;-102.5883;-295.8199;-37.95093;-65.38025;-188.7032;-66.90491;-102.5883;-295.8199;-37.95093;-65.38025
17884.53;-188.6392;-66.87347;-107.85;-295.8268;-37.90656;-65.43726;-188.6392;-66.87347;-107.85;-295.8268;-37.90656;-65.43726
17892.88;-188.5828;-66.7699;-112.764;-295.6727;-37.83673;-65.46381;-188.5828;-66.7699;-112.764;-295.6727;-37.83673;-65.46381
17901.22;-188.5872;-66.75452;-119.7512;-295.8166;-37.82605;-65.47089;-188.5872;-66.75452;-119.7512;-295.8166;-37.82605;-65.47089
17909.56;-188.5821;-66.75403;-112.582;-295.8335;-37.80029;-65.48566;-188.5821;-66.75403;-112.582;-295.8335;-37.80029;-65.48566
17917.9;-188.4959;-66.58582;-119.8566;-295.7214;-37.8847;-65.52698;-188.4959;-66.58582;-119.8566;-295.7214;-37.8847;-65.52698
17926.24;-188.4785;-66.58038;-135;-296;-37.83276;-65.53625;-188.4785;-66.58038;-135;-296;-37.83276;-65.53625
17934.58;-188.452;-66.55823;-136.201;-295.8686;-37.82733;-65.53998;-188.452;-66.55823;-136.201;-295.8686;-37.82733;-65.53998
17942.93;-188.4282;-66.54169;-135.8765;-295.8497;-37.77441;-65.58484;-188.4282;-66.54169;-135.8765;-295.8497;-37.77441;-65.58484
17951.27;-188.424;-66.50226;-135.8323;-295.9009;-37.76617;-65.59503;-188.424;-66.50226;-135.8323;-295.9009;-37.76617;-65.59503
17959.61;-188.3557;-66.51971;-132.916;-295.9549;-37.73816;-65.61627;-188.3557;-66.51971;-132.916;-295.9549;-37.73816;-65.61627
17967.95;-188.2502;-66.47015;-138.5103;-295.947;-37.67102;-65.60095;-188.2502;-66.47015;-138.5103;-295.947;-37.67102;-65.60095
17976.29;-188.2228;-66.46082;-136.911;-295.7315;-37.63965;-65.6123;-188.2228;-66.46082;-136.911;-295.7315;-37.63965;-65.6123
17984.63;-188.1949;-66.44775;-137.8657;-295.8091;-37.62976;-65.63428;-188.1949;-66.44775;-137.8657;-295.8091;-37.62976;-65.63428
17992.97;-188.1735;-66.42834;-133.1414;-295.8391;-37.5918;-65.64288;-188.1735;-66.42834;-133.1414;-295.8391;-37.5918;-65.64288
18001.32;-188.1105;-66.41327;-132.931;-295.7726;-37.52313;-65.69458;-188.1105;-66.41327;-132.931;-295.7726;-37.52313;-65.69458
18009.66;-188.0878;-66.40851;-133.1878;-295.7499;-37.49854;-65.60706;-188.0878;-66.40851;-133.1878;-295.7499;-37.49854;-65.60706
18018;-188.0245;-66.42236;-131.6804;-295.8172;-37.44739;-65.63733;-188.0245;-66.42236;-131.6804;-295.8172;-37.44739;-65.63733
18026.34;-188.0261;-66.38684;-131.1372;-295.7709;-37.41986;-65.65033;-188.0261;-66.38684;-131.1372;-295.7709;-37.41986;-65.65033
18034.68;-188.0187;-66.37952;-131.4965;-295.9326;-37.39722;-65.67621;-188.0187;-66.37952;-131.4965;-295.9326;-37.39722;-65.67621
18043.03;-187.9896;-66.36414;-131.5295;-295.9238;-37.33203;-65.69208;-187.9896;-66.36414;-131.5295;-295.9238;-37.33203;-65.69208
18051.37;-187.9624;-66.33203;-136.8049;-295.8856;-37.32959;-65.71704;-187.9624;-66.33203;-136.8049;-295.8856;-37.32959;-65.71704
18059.71;-187.9572;-66.32355;-136.8404;-295.804;-37.302;-65.7215;-187.9572;-66.32355;-136.8404;-295.804;-37.302;-65.7215
18068.05;-187.9457;-66.27533;-135.1005;-295.7704;-37.25739;-65.7605;-187.9457;-66.27533;-135.1005;-295.7704;-37.25739;-65.7605
18076.39;-187.9289;-66.26532;-131.9858;-295.7874;-37.237;-65.75598;-187.9289;-66.26532;-131.9858;-295.7874;-37.237;-65.75598
18084.73;-187.7766;-66.2796;-134.1047;-295.8912;-37.17828;-65.80322;-187.7766;-66.2796;-134.1047;-295.8912;-37.17828;-65.80322
18093.07;-187.7827;-66.25562;-135.2114;-295.9402;-37.14258;-65.82776;-187.7827;-66.25562;-135.2114;-295.9402;-37.14258;-65.82776
18101.42;-187.7711;-66.25403;-131.1936;-295.77;-37.12;-65.82306;-187.7711;-66.25403;-131.1936;-295.77;-37.12;-65.82306
18109.76;-187.7663;-66.24487;-135.1088;-295.8517;-37.07343;-65.84717;-187.7663;-66.24487;-135.1088;-295.8517;-37.07343;-65.84717
18118.1;-187.7235;-66.23352;-131.6702;-295.9158;-37.06836;-65.84314;-187.7235;-66.23352;-131.6702;-295.9158;-37.06836;-65.84314
18126.44;-187.6861;-66.20349;-138.0117;-295.9524;-37.03021;-65.87811;-187.6861;-66.20349;-138.0117;-295.9524;-37.03021;-65.87811
18134.78;-187.4726;-66.06708;-130.9229;-295.8137;-36.96387;-65.89673;-187.4726;-66.06708;-130.9229;-295.8137;-36.96387;-65.89673
18143.13;-187.4836;-66.0343;-134.9714;-295.8885;-36.95941;-65.91217;-187.4836;-66.0343;-134.9714;-295.8885;-36.95941;-65.91217
18151.47;-187.4641;-66.05145;-137.0724;-295.72;-36.91675;-65.9248;-187.4641;-66.05145;-137.0724;-295.72;-36.91675;-65.9248
18159.81;-187.4676;-66.02344;-137.8658;-295.819;-36.8822;-65.96179;-187.4676;-66.02344;-137.8658;-295.819;-36.8822;-65.96179
18168.15;-187.4255;-66.00885;-136.3668;-295.747;-36.86328;-65.96875;-187.4255;-66.00885;-136.3668;-295.747;-36.86328;-65.96875
18176.49;-187.412;-65.9884;-136.0988;-295.7781;-36.81866;-65.99304;-187.412;-65.9884;-136.0988;-295.7781;-36.81866;-65.99304
18184.83;-187.3705;-65.99237;-136.7383;-295.8577;-36.78662;-66.00085;-187.3705;-65.99237;-136.7383;-295.8577;-36.78662;-66.00085
18193.18;-187.3461;-65.96338;-136.8481;-295.8346;-36.75085;-66.01001;-187.3461;-65.96338;-136.8481;-295.8346;-36.75085;-66.01001
18201.52;-187.2566;-65.92822;-134.4871;-295.8729;-36.70752;-66.03619;-187.2566;-65.92822;-134.4871;-295.8729;-36.70752;-66.03619
18209.86;-187.2517;-65.91821;-135.6454;-295.8881;-36.65503;-66.06976;-187.2517;-65.91821;-135.6454;-295.8881;-36.65503;-66.06976
18218.2;-187.2495;-65.90729;-136.8887;-295.8794;-36.66022;-66.06409;-187.2495;-65.90729;-136.8887;-295.8794;-36.66022;-66.06409
18226.54;-187.1884;-65.89758;-136.9123;-295.8312;-36.58911;-66.08966;-187.1884;-65.89758;-136.9123;-295.8312;-36.58911;-66.08966
18234.88;-187.1752;-65.87885;-135.1553;-295.8097;-36.50659;-66.08868;-187.1752;-65.87885;-135.1553;-295.8097;-36.50659;-66.08868
18243.22;-187.1367;-65.86151;-137.6234;-295.821;-36.49164;-66.02802;-187.1367;-65.86151;-137.6234;-295.821;-36.49164;-66.02802
18251.57;-187.1575;-65.78143;-132.0721;-295.8127;-36.45007;-66.02521;-187.1575;-65.78143;-132.0721;-295.8127;-36.45007;-66.02521
18259.91;-187.145;-65.77844;-123.1202;-295.8068;-36.4278;-66.05115;-187.145;-65.77844;-123.1202;-295.8068;-36.4278;-66.05115
18268.25;-187.1227;-65.75934;-132.2816;-295.8485;-36.39148;-66.08179;-187.1227;-65.75934;-132.2816;-295.8485;-36.39148;-66.08179
18276.59;-187.0918;-65.75098;-134.3143;-295.8372;-36.34735;-66.11078;-187.0918;-65.75098;-134.3143;-295.8372;-36.34735;-66.11078
18284.93;-187.0016;-65.74127;-136.263;-295.7154;-36.30096;-66.15857;-187.0016;-65.74127;-136.263;-295.7154;-36.30096;-66.15857
18293.28;-186.9917;-65.70691;-138.5166;-295.8405;-36.25348;-66.15997;-186.9917;-65.70691;-138.5166;-295.8405;-36.25348;-66.15997
18301.62;-186.9701;-65.69757;-138.0253;-295.8721;-36.19568;-66.20673;-186.9701;-65.69757;-138.0253;-295.8721;-36.19568;-66.20673
18309.96;-186.9545;-65.68665;-137.2612;-295.8819;-36.1792;-66.22528;-186.9545;-65.68665;-137.2612;-295.8819;-36.1792;-66.22528
18318.3;-186.9161;-65.6778;-138.7906;-295.9595;-36.15991;-66.24945;-186.9161;-65.6778;-138.7906;-295.9595;-36.15991;-66.24945
18326.64;-186.8566;-65.63275;-138.6693;-295.8448;-36.12061;-66.27484;-186.8566;-65.63275;-138.6693;-295.8448;-36.12061;-66.27484
18334.98;-186.8265;-65.64301;-135.8733;-295.8234;-36.07648;-66.31921;-186.8265;-65.64301;-135.8733;-295.8234;-36.07648;-66.31921
18343.32;-186.8103;-65.63098;-135.991;-295.8323;-36.03741;-66.36066;-186.8103;-65.63098;-135.991;-295.8323;-36.03741;-66.36066
18351.67;-186.7628;-65.58698;-136.2921;-295.8405;-35.98901;-66.38617;-186.7628;-65.58698;-136.2921;-295.8405;-35.98901;-66.38617
18360.01;-186.7298;-65.57709;-136.3175;-295.8219;-35.9657;-66.38715;-186.7298;-65.57709;-136.3175;-295.8219;-35.9657;-66.38715
18368.35;-186.4196;-65.41431;-135.5611;-295.8516;-35.91406;-66.42004;-186.4196;-65.41431;-135.5611;-295.8516;-35.91406;-66.42004
18376.69;-186.4246;-65.41302;-133.7599;-295.8134;-35.89258;-66.44446;-186.4246;-65.41302;-133.7599;-295.8134;-35.89258;-66.44446
18385.03;-186.3755;-65.39899;-134.135;-295.8401;-35.81848;-66.44312;-186.3755;-65.39899;-134.135;-295.8401;-35.81848;-66.44312
18393.38;-186.368;-65.37567;-132.9714;-295.8351;-35.79547;-66.44293;-186.368;-65.37567;-132.9714;-295.8351;-35.79547;-66.44293
18401.72;-186.345;-65.33887;-135.2382;-295.7889;-35.84186;-66.52124;-186.345;-65.33887;-135.2382;-295.7889;-35.84186;-66.52124
18410.06;-186.3276;-65.32745;-135.2818;-295.7954;-35.86804;-66.50983;-186.3276;-65.32745;-135.2818;-295.7954;-35.86804;-66.50983
18418.4;-186.3201;-65.3313;-130.3893;-295.9008;-35.82507;-66.5285;-186.3201;-65.3313;-130.3893;-295.9008;-35.82507;-66.5285
18426.74;-186.2913;-65.3255;-118.808;-295.8793;-35.77863;-66.54028;-186.2913;-65.3255;-118.808;-295.8793;-35.77863;-66.54028
18435.08;-186.2552;-65.31561;-113.2241;-295.7656;-35.75696;-66.56287;-186.2552;-65.31561;-113.2241;-295.7656;-35.75696;-66.56287
18443.43;-186.226;-65.28546;-103.1408;-295.9809;-35.75079;-66.57098;-186.226;-65.28546;-103.1408;-295.9809;-35.75079;-66.57098
18451.77;-186.1436;-65.27899;-113.0056;-295.8788;-35.64673;-66.59833;-186.1436;-65.27899;-113.0056;-295.8788;-35.64673;-66.59833
18460.11;-186.1351;-65.26422;-113.0486;-295.8293;-35.60596;-66.62152;-186.1351;-65.26422;-113.0486;-295.8293;-35.60596;-66.62152
18468.45;-186.1051;-65.27173;-113.4319;-295.902;-35.59137;-66.6756;-186.1051;-65.27173;-113.4319;-295.902;-35.59137;-66.6756
18476.79;-186.0828;-65.26917;-111.4801;-295.9036;-35.58289;-66.69543;-186.0828;-65.26917;-111.4801;-295.9036;-35.58289;-66.69543
18485.13;-186.0563;-65.25043;-111.6255;-295.7715;-35.5257;-66.70496;-186.0563;-65.25043;-111.6255;-295.7715;-35.5257;-66.70496
18493.47;-186.0238;-65.23175;-108.0346;-295.9352;-35.4848;-66.64185;-186.0238;-65.23175;-108.0346;-295.9352;-35.4848;-66.64185
18501.82;-185.9226;-65.23169;-111.9222;-295.722;-35.43982;-66.69653;-185.9226;-65.23169;-111.9222;-295.722;-35.43982;-66.69653
18510.16;-185.9252;-65.23199;-111.8192;-295.9238;-35.4137;-66.70074;-185.9252;-65.23199;-111.8192;-295.9238;-35.4137;-66.70074
18518.5;-185.9015;-65.20728;-103.323;-295.8278;-35.35101;-66.73315;-185.9015;-65.20728;-103.323;-295.8278;-35.35101;-66.73315
18526.84;-185.878;-65.18036;-103.1788;-295.863;-35.30475;-66.73474;-185.878;-65.18036;-103.1788;-295.863;-35.30475;-66.73474
18535.18;-185.8568;-65.17499;-104.3962;-295.782;-35.28668;-66.73682;-185.8568;-65.17499;-104.3962;-295.782;-35.28668;-66.73682
18543.53;-185.8289;-65.17517;-104.899;-295.8112;-35.2309;-66.75665;-185.8289;-65.17517;-104.899;-295.8112;-35.2309;-66.75665
18551.87;-185.7761;-65.16089;-102.646;-295.8984;-35.14423;-66.81506;-185.7761;-65.16089;-102.646;-295.8984;-35.14423;-66.81506
18560.21;-185.7422;-65.14874;-102.3222;-295.7656;-35.14185;-66.8302;-185.7422;-65.14874;-102.3222;-295.7656;-35.14185;-66.8302
18568.55;-185.6818;-65.14667;-103.1113;-295.7504;-35.11011;-66.84418;-185.6818;-65.14667;-103.1113;-295.7504;-35.11011;-66.84418
18576.89;-185.6646;-65.14001;-103.133;-295.8015;-35.09113;-66.85657;-185.6646;-65.14001;-103.133;-295.8015;-35.09113;-66.85657
18585.23;-185.6062;-65.10657;-111.9145;-295.8517;-35.02991;-66.89935;-185.6062;-65.10657;-111.9145;-295.8517;-35.02991;-66.89935
18593.57;-185.5753;-65.09949;-115.0574;-295.8991;-34.99554;-66.90613;-185.5753;-65.09949;-115.0574;-295.8991;-34.99554;-66.90613
18601.92;-185.4426;-64.92749;-103.2314;-295.7769;-34.974;-66.93512;-185.4426;-64.92749;-103.2314;-295.7769;-34.974;-66.93512
18610.26;-185.4363;-64.92432;-114.2086;-295.8127;-34.91229;-66.91327;-185.4363;-64.92432;-114.2086;-295.8127;-34.91229;-66.91327
18618.6;-185.41;-64.90363;-106.0306;-295.7526;-34.88068;-66.93866;-185.41;-64.90363;-106.0306;-295.7526;-34.88068;-66.93866
18626.94;-185.3975;-64.88037;-105.3205;-295.7231;-34.85175;-66.97845;-185.3975;-64.88037;-105.3205;-295.7231;-34.85175;-66.97845
18635.28;-185.3684;-64.86676;-100.8318;-295.8122;-34.79382;-66.99701;-185.3684;-64.86676;-100.8318;-295.8122;-34.79382;-66.99701
18643.63;-185.3552;-64.86053;-105.0654;-295.7118;-34.76196;-67.03217;-185.3552;-64.86053;-105.0654;-295.7118;-34.76196;-67.03217
18651.97;-185.2841;-64.85736;-94.11462;-295.8461;-34.7547;-67.02905;-185.2841;-64.85736;-94.11462;-295.8461;-34.7547;-67.02905
18660.31;-185.2749;-64.84351;-94.03217;-295.9055;-34.69037;-67.0592;-185.2749;-64.84351;-94.03217;-295.9055;-34.69037;-67.0592
18668.65;-185.2488;-64.82397;-104.6137;-295.8547;-34.65417;-67.08405;-185.2488;-64.82397;-104.6137;-295.8547;-34.65417;-67.08405
18676.99;-185.2064;-64.80292;-104.4655;-295.8543;-34.63794;-67.10199;-185.2064;-64.80292;-104.4655;-295.8543;-34.63794;-67.10199
18685.33;-185.1843;-64.77374;-105.4695;-295.8751;-34.58154;-67.13019;-185.1843;-64.77374;-105.4695;-295.8751;-34.58154;-67.13019
18693.68;-185.1638;-64.74628;-104.7584;-295.9364;-34.5705;-67.15607;-185.1638;-64.74628;-104.7584;-295.9364;-34.5705;-67.15607
18702.02;-185.0627;-64.75079;-112.025;-295.8235;-34.48828;-67.07935;-185.0627;-64.75079;-112.025;-295.8235;-34.48828;-67.07935
18710.36;-185.0586;-64.72638;-112.051;-295.8668;-34.47668;-67.10297;-185.0586;-64.72638;-112.051;-295.8668;-34.47668;-67.10297
18718.7;-185.0403;-64.70319;-105.2292;-295.7919;-34.41943;-67.10132;-185.0403;-64.70319;-105.2292;-295.7919;-34.41943;-67.10132
18727.04;-185.009;-64.6908;-119.1924;-295.8187;-34.4024;-67.1261;-185.009;-64.6908;-119.1924;-295.8187;-34.4024;-67.1261
18735.38;-184.9913;-64.58887;-125.1295;-295.9684;-34.33606;-67.16797;-184.9913;-64.58887;-125.1295;-295.9684;-34.33606;-67.16797
18743.72;-184.9598;-64.57153;-125.6638;-295.9634;-34.31335;-67.19733;-184.9598;-64.57153;-125.6638;-295.9634;-34.31335;-67.19733
18752.07;-184.9215;-64.54443;-114.4789;-295.775;-34.25336;-67.22052;-184.9215;-64.54443;-114.4789;-295.775;-34.25336;-67.22052
18760.41;-184.9066;-64.52606;-103.128;-295.9333;-34.21454;-67.24945;-184.9066;-64.52606;-103.128;-295.9333;-34.21454;-67.24945
18768.75;-184.8262;-64.51245;-107.2589;-295.7548;-34.1687;-67.25348;-184.8262;-64.51245;-107.2589;-295.7548;-34.1687;-67.25348
18777.09;-184.8081;-64.51672;-103.3372;-295.8464;-34.14227;-67.28845;-184.8081;-64.51672;-103.3372;-295.8464;-34.14227;-67.28845
18785.43;-184.6194;-64.49988;-100.0739;-295.8025;-34.0954;-67.3299;-184.6194;-64.49988;-100.0739;-295.8025;-34.0954;-67.3299
18793.78;-184.5972;-64.48358;-100.1042;-295.8619;-34.06433;-67.33344;-184.5972;-64.48358;-100.1042;-295.8619;-34.06433;-67.33344
18802.12;-184.4344;-64.37262;-99.66309;-295.9264;-33.99457;-67.4245;-184.4344;-64.37262;-99.66309;-295.9264;-33.99457;-67.4245
18810.46;-184.4351;-64.36066;-106.7921;-295.7438;-33.95819;-67.4425;-184.4351;-64.36066;-106.7921;-295.7438;-33.95819;-67.4425
18818.8;-184.3925;-64.32959;-109.0623;-295.9906;-33.89575;-67.47192;-184.3925;-64.32959;-109.0623;-295.9906;-33.89575;-67.47192
18827.14;-184.374;-64.32867;-103.8174;-296.0731;-33.94397;-67.50085;-184.374;-64.32867;-103.8174;-296.0731;-33.94397;-67.50085
18835.48;-184.3424;-64.30988;-95.57532;-295.9146;-33.90875;-67.52502;-184.3424;-64.30988;-95.57532;-295.9146;-33.90875;-67.52502
18843.82;-184.3172;-64.28967;-105.6052;-295.931;-33.89386;-67.53467;-184.3172;-64.28967;-105.6052;-295.931;-33.89386;-67.53467
18852.17;-184.275;-64.25836;-102.1282;-295.9246;-33.87415;-67.53503;-184.275;-64.25836;-102.1282;-295.9246;-33.87415;-67.53503
18860.51;-184.2614;-64.24841;-94.86963;-295.8736;-33.82465;-67.5451;-184.2614;-64.24841;-94.86963;-295.8736;-33.82465;-67.5451
18868.85;-184.2217;-64.23419;-108.7881;-295.9955;-33.76404;-67.58612;-184.2217;-64.23419;-108.7881;-295.9955;-33.76404;-67.58612
18877.19;-184.1865;-64.22296;-103.2327;-295.8255;-33.75745;-67.60669;-184.1865;-64.22296;-103.2327;-295.8255;-33.75745;-67.60669
18885.53;-184.1736;-64.19604;-108.0067;-295.972;-33.66968;-67.60065;-184.1736;-64.19604;-108.0067;-295.972;-33.66968;-67.60065
18893.88;-184.0364;-64.14221;-106.1835;-295.878;-33.6319;-67.63007;-184.0364;-64.14221;-106.1835;-295.878;-33.6319;-67.63007
18902.22;-184.0357;-64.14069;-106.1917;-295.9024;-33.61243;-67.64648;-184.0357;-64.14069;-106.1917;-295.9024;-33.61243;-67.64648
18910.56;-184.0236;-64.12897;-106.2795;-295.8883;-33.60925;-67.6579;-184.0236;-64.12897;-106.2795;-295.8883;-33.60925;-67.6579
18918.9;-183.9998;-64.13293;-103.6106;-295.8513;-33.54401;-67.68982;-183.9998;-64.13293;-103.6106;-295.8513;-33.54401;-67.68982
18927.24;-183.9866;-64.13281;-102.4706;-295.8892;-33.51245;-67.69617;-183.9866;-64.13281;-102.4706;-295.8892;-33.51245;-67.69617
18935.58;-183.9366;-64.11279;-108.3439;-296.0159;-33.4729;-67.66333;-183.9366;-64.11279;-108.3439;-296.0159;-33.4729;-67.66333
18943.93;-183.9176;-64.10901;-110.3849;-295.9871;-33.45868;-67.66168;-183.9176;-64.10901;-110.3849;-295.9871;-33.45868;-67.66168
18952.27;-183.8881;-64.08551;-112.6352;-295.8883;-33.40161;-67.67389;-183.8881;-64.08551;-112.6352;-295.8883;-33.40161;-67.67389
18960.61;-183.8436;-64.08307;-114.348;-295.7614;-33.34064;-67.70337;-183.8436;-64.08307;-114.348;-295.7614;-33.34064;-67.70337
18968.95;-183.8;-64.05042;-104.0958;-295.8463;-33.28992;-67.73322;-183.8;-64.05042;-104.0958;-295.8463;-33.28992;-67.73322
18977.29;-183.7716;-64.04535;-112.7778;-295.7824;-33.24036;-67.76331;-183.7716;-64.04535;-112.7778;-295.7824;-33.24036;-67.76331
18985.63;-183.6159;-64.02795;-107.1915;-295.781;-33.20819;-67.76617;-183.6159;-64.02795;-107.1915;-295.781;-33.20819;-67.76617
18993.97;-183.6175;-64.00439;-106.3166;-295.8929;-33.18127;-67.77618;-183.6175;-64.00439;-106.3166;-295.8929;-33.18127;-67.77618
19002.32;-183.5743;-64.00031;-105.9743;-295.9484;-33.13904;-67.81598;-183.5743;-64.00031;-105.9743;-295.9484;-33.13904;-67.81598
19010.66;-183.5556;-63.99359;-108.6116;-295.9103;-33.11462;-67.82416;-183.5556;-63.99359;-108.6116;-295.9103;-33.11462;-67.82416
19019;-183.4773;-63.8175;-109.3787;-295.8988;-33.06885;-67.8465;-183.4773;-63.8175;-109.3787;-295.8988;-33.06885;-67.8465
19027.34;-183.465;-63.8125;-111.5815;-295.8516;-33.03271;-67.86005;-183.465;-63.8125;-111.5815;-295.8516;-33.03271;-67.86005
19035.68;-183.3585;-63.73572;-110.2423;-295.892;-32.98853;-67.89758;-183.3585;-63.73572;-110.2423;-295.892;-32.98853;-67.89758
19044.03;-183.3563;-63.73297;-110.1976;-295.8552;-32.96399;-67.89752;-183.3563;-63.73297;-110.1976;-295.8552;-32.96399;-67.89752
19052.37;-183.3289;-63.71411;-112.1703;-295.8536;-32.86871;-67.90863;-183.3289;-63.71411;-112.1703;-295.8536;-32.86871;-67.90863
19060.71;-183.3102;-63.70819;-116.1328;-295.7049;-32.83203;-67.94348;-183.3102;-63.70819;-116.1328;-295.7049;-32.83203;-67.94348
19069.05;-183.2928;-63.6828;-112.1393;-295.8798;-32.77533;-67.98615;-183.2928;-63.6828;-112.1393;-295.8798;-32.77533;-67.98615
19077.39;-183.2639;-63.68323;-112.3691;-295.8741;-32.7616;-67.99475;-183.2639;-63.68323;-112.3691;-295.8741;-32.7616;-67.99475
19085.73;-183.1286;-63.64264;-111.5594;-295.9154;-32.72253;-68.00647;-183.1286;-63.64264;-111.5594;-295.9154;-32.72253;-68.00647
19094.07;-183.121;-63.63031;-112.7833;-295.8845;-32.6955;-68.01587;-183.121;-63.63031;-112.7833;-295.8845;-32.6955;-68.01587
19102.42;-183.1034;-63.61261;-115.7917;-295.9004;-32.65698;-68.04822;-183.1034;-63.61261;-115.7917;-295.9004;-32.65698;-68.04822
19110.76;-183.0898;-63.57819;-116.6519;-295.8595;-32.59442;-68.05872;-183.0898;-63.57819;-116.6519;-295.8595;-32.59442;-68.05872
19119.1;-183.0407;-63.57532;-111.7216;-295.9138;-32.53918;-68.0661;-183.0407;-63.57532;-111.7216;-295.9138;-32.53918;-68.0661
19127.44;-183.0379;-63.54413;-114.2797;-295.8968;-32.53601;-68.09332;-183.0379;-63.54413;-114.2797;-295.8968;-32.53601;-68.09332
19135.78;-183.002;-63.50159;-112.4569;-295.6205;-32.45288;-68.03967;-183.002;-63.50159;-112.4569;-295.6205;-32.45288;-68.03967
19144.13;-182.8135;-63.48145;-113.8473;-295.7346;-32.42535;-68.06494;-182.8135;-63.48145;-113.8473;-295.7346;-32.42535;-68.06494
19152.47;-182.664;-63.5;-113.3078;-295.7759;-32.40057;-68.08252;-182.664;-63.5;-113.3078;-295.7759;-32.40057;-68.08252
19160.81;-182.6699;-63.45502;-113.0921;-295.749;-32.33344;-68.12;-182.6699;-63.45502;-113.0921;-295.749;-32.33344;-68.12
19169.15;-182.5989;-63.44623;-114.6863;-295.8204;-32.25452;-68.18079;-182.5989;-63.44623;-114.6863;-295.8204;-32.25452;-68.18079
19177.49;-182.5524;-63.43225;-110.0785;-295.9619;-32.23065;-68.18359;-182.5524;-63.43225;-110.0785;-295.9619;-32.23065;-68.18359
19185.83;-182.4991;-63.3075;-105.3707;-295.9446;-32.1709;-68.21808;-182.4991;-63.3075;-105.3707;-295.9446;-32.1709;-68.21808
19194.18;-182.4804;-63.28662;-94.02588;-295.6017;-32.14807;-68.21472;-182.4804;-63.28662;-94.02588;-295.6017;-32.14807;-68.21472
19202.52;-182.4143;-63.27429;-93.1861;-295.6589;-32.10193;-68.2373;-182.4143;-63.27429;-93.1861;-295.6589;-32.10193;-68.2373
19210.86;-182.3899;-63.26251;-97.0155;-295.7714;-32.05804;-68.24878;-182.3899;-63.26251;-97.0155;-295.7714;-32.05804;-68.24878
19219.2;-182.3354;-63.23688;-112;-296;-32.00574;-68.27765;-182.3354;-63.23688;-112;-296;-32.00574;-68.27765
19227.54;-182.3152;-63.22766;-108.7004;-295.811;-31.97687;-68.29669;-182.3152;-63.22766;-108.7004;-295.811;-31.97687;-68.29669
19235.88;-182.2805;-63.19788;-114.64;-295.782;-31.90967;-68.37085;-182.2805;-63.19788;-114.64;-295.782;-31.90967;-68.37085
19244.22;-182.2598;-63.20392;-119.8801;-295.8941;-31.87549;-68.39282;-182.2598;-63.20392;-119.8801;-295.8941;-31.87549;-68.39282
19252.57;-182.1625;-63.13348;-113.1841;-295.7529;-31.84003;-68.42584;-182.1625;-63.13348;-113.1841;-295.7529;-31.84003;-68.42584
19260.91;-182.1486;-63.13446;-113.2645;-295.9042;-31.81152;-68.45453;-182.1486;-63.13446;-113.2645;-295.9042;-31.81152;-68.45453
19269.25;-182.1263;-63.09906;-103.8212;-295.7208;-31.84619;-68.5083;-182.1263;-63.09906;-103.8212;-295.7208;-31.84619;-68.5083
19277.59;-182.1237;-63.10309;-103.3081;-295.7081;-31.80536;-68.53021;-182.1237;-63.10309;-103.3081;-295.7081;-31.80536;-68.53021
19285.93;-182.0837;-63.07532;-103.74;-295.7728;-31.79187;-68.5434;-182.0837;-63.07532;-103.74;-295.7728;-31.79187;-68.5434
19294.28;-182.0433;-63.09332;-103.7889;-295.8235;-31.77429;-68.5614;-182.0433;-63.09332;-103.7889;-295.8235;-31.77429;-68.5614
19302.62;-181.9642;-63.08856;-112.0306;-295.8168;-31.672;-68.57111;-181.9642;-63.08856;-112.0306;-295.8168;-31.672;-68.57111
19310.96;-181.9627;-63.07715;-110.4764;-295.6971;-31.63593;-68.57782;-181.9627;-63.07715;-110.4764;-295.6971;-31.63593;-68.57782
19319.3;-181.9459;-63.0459;-113.7003;-295.7637;-31.58765;-68.61169;-181.9459;-63.0459;-113.7003;-295.7637;-31.58765;-68.61169
19327.64;-181.9196;-63.03638;-113.9644;-295.8152;-31.57098;-68.63599;-181.9196;-63.03638;-113.9644;-295.8152;-31.57098;-68.63599
19335.98;-181.8386;-63.00397;-112.6909;-295.8713;-31.51794;-68.66138;-181.8386;-63.00397;-112.6909;-295.8713;-31.51794;-68.66138
19344.32;-181.8129;-62.9845;-104.1971;-295.8406;-31.47021;-68.59631;-181.8129;-62.9845;-104.1971;-295.8406;-31.47021;-68.59631
19352.67;-181.792;-62.97174;-113.1304;-295.8524;-31.45422;-68.61066;-181.792;-62.97174;-113.1304;-295.8524;-31.45422;-68.61066
19361.01;-181.7542;-62.95746;-101.973;-295.9515;-31.3905;-68.61719;-181.7542;-62.95746;-101.973;-295.9515;-31.3905;-68.61719
19369.35;-181.5873;-62.95313;-113.8947;-295.8537;-31.32196;-68.60297;-181.5873;-62.95313;-113.8947;-295.8537;-31.32196;-68.60297
19377.69;-181.5676;-62.93359;-114.4761;-295.8219;-31.27197;-68.62177;-181.5676;-62.93359;-114.4761;-295.8219;-31.27197;-68.62177
19386.03;-181.4969;-62.7962;-113.2948;-295.8113;-31.22168;-68.67603;-181.4969;-62.7962;-113.2948;-295.8113;-31.22168;-68.67603
19394.38;-181.4891;-62.77563;-114.7134;-295.7905;-31.18884;-68.67578;-181.4891;-62.77563;-114.7134;-295.7905;-31.18884;-68.67578
19402.72;-181.405;-62.6983;-103.916;-295.8254;-31.14233;-68.71027;-181.405;-62.6983;-103.916;-295.8254;-31.14233;-68.71027
19411.06;-181.4044;-62.69366;-103.9818;-295.8259;-31.12738;-68.72278;-181.4044;-62.69366;-103.9818;-295.8259;-31.12738;-68.72278
19419.4;-181.36;-62.67877;-118.2519;-295.7427;-31.04321;-68.75854;-181.36;-62.67877;-118.2519;-295.7427;-31.04321;-68.75854
19427.74;-181.3313;-62.67084;-132.2095;-295.9793;-31.02966;-68.75879;-181.3313;-62.67084;-132.2095;-295.9793;-31.02966;-68.75879
19436.08;-181.2946;-62.64386;-135.818;-295.9351;-30.9668;-68.79297;-181.2946;-62.64386;-135.818;-295.9351;-30.9668;-68.79297
19444.43;-181.2858;-62.63348;-130.2679;-296.041;-30.91852;-68.80768;-181.2858;-62.63348;-130.2679;-296.041;-30.91852;-68.80768
19452.77;-181.2485;-62.5976;-137.8695;-295.9401;-30.93402;-68.80841;-181.2485;-62.5976;-137.8695;-295.9401;-30.93402;-68.80841
19461.11;-181.1945;-62.58148;-138.0666;-295.9982;-30.81934;-68.83636;-181.1945;-62.58148;-138.0666;-295.9982;-30.81934;-68.83636
19469.45;-181.118;-62.55859;-138.1974;-296.051;-30.76843;-68.8562;-181.118;-62.55859;-138.1974;-296.051;-30.76843;-68.8562
19477.79;-181.09;-62.53339;-138.0978;-296.0394;-30.75641;-68.86981;-181.09;-62.53339;-138.0978;-296.0394;-30.75641;-68.86981
19486.13;-180.9329;-62.49261;-138.1263;-295.9551;-30.69995;-68.90704;-180.9329;-62.49261;-138.1263;-295.9551;-30.69995;-68.90704
19494.47;-180.9157;-62.48639;-138.3176;-296.0122;-30.66681;-68.91541;-180.9157;-62.48639;-138.3176;-296.0122;-30.66681;-68.91541
19502.82;-180.8218;-62.45905;-135.7755;-295.9609;-30.64435;-68.92847;-180.8218;-62.45905;-135.7755;-295.9609;-30.64435;-68.92847
19511.16;-180.7509;-62.45575;-135.6486;-295.7823;-30.61163;-68.95801;-180.7509;-62.45575;-135.6486;-295.7823;-30.61163;-68.95801
19519.5;-180.7466;-62.43335;-136.736;-295.8956;-30.5376;-68.94983;-180.7466;-62.43335;-136.736;-295.8956;-30.5376;-68.94983
19527.84;-180.7219;-62.42682;-131.4938;-295.9883;-30.50317;-68.96869;-180.7219;-62.42682;-131.4938;-295.9883;-30.50317;-68.96869
19536.18;-180.5675;-62.33807;-134.8319;-295.8865;-30.4043;-68.90851;-180.5675;-62.33807;-134.8319;-295.8865;-30.4043;-68.90851
19544.53;-180.5314;-62.35492;-134.7662;-296.071;-30.36548;-68.9342;-180.5314;-62.35492;-134.7662;-296.071;-30.36548;-68.9342
19552.87;-180.5149;-62.33527;-132.0641;-295.9367;-30.33295;-68.9516;-180.5149;-62.33527;-132.0641;-295.9367;-30.33295;-68.9516
19561.21;-180.445;-62.22375;-136.0037;-295.913;-30.28839;-68.95184;-180.445;-62.22375;-136.0037;-295.913;-30.28839;-68.95184
19569.55;-180.4183;-62.21198;-134.7635;-295.903;-30.23212;-68.99249;-180.4183;-62.21198;-134.7635;-295.903;-30.23212;-68.99249
19577.89;-180.3486;-62.21179;-134.7453;-295.9523;-30.19678;-69.01514;-180.3486;-62.21179;-134.7453;-295.9523;-30.19678;-69.01514
19586.23;-180.2795;-62.20886;-133.7253;-295.8114;-30.11151;-69.02454;-180.2795;-62.20886;-133.7253;-295.8114;-30.11151;-69.02454
19594.57;-180.2584;-62.20618;-131.0149;-295.7399;-30.08643;-69.04852;-180.2584;-62.20618;-131.0149;-295.7399;-30.08643;-69.04852
19602.92;-180.2431;-62.18713;-136.1425;-295.7755;-30.01697;-69.06665;-180.2431;-62.18713;-136.1425;-295.7755;-30.01697;-69.06665
19611.26;-180.2033;-62.15747;-133.07;-295.8007;-30.0083;-69.10077;-180.2033;-62.15747;-133.07;-295.8007;-30.0083;-69.10077
19619.6;-180.1677;-62.14709;-132.4573;-295.8667;-29.948;-69.1463;-180.1677;-62.14709;-132.4573;-295.8667;-29.948;-69.1463
19627.94;-180.1552;-62.10925;-136.1791;-295.7418;-29.92267;-69.15851;-180.1552;-62.10925;-136.1791;-295.7418;-29.92267;-69.15851
19636.28;-180.1285;-62.11389;-135.3724;-295.8928;-29.86938;-69.17169;-180.1285;-62.11389;-135.3724;-295.8928;-29.86938;-69.17169
19644.63;-180.1055;-62.09973;-136.8727;-295.949;-29.83972;-69.20825;-180.1055;-62.09973;-136.8727;-295.949;-29.83972;-69.20825
19652.97;-180.0604;-62.05804;-124.6117;-296.0159;-29.7774;-69.25995;-180.0604;-62.05804;-124.6117;-296.0159;-29.7774;-69.25995
19661.31;-180.0429;-62.03912;-124.554;-296.0065;-29.77148;-69.26154;-180.0429;-62.03912;-124.554;-296.0065;-29.77148;-69.26154
19669.65;-180.0078;-62.02185;-111;-296;-29.66589;-69.28522;-180.0078;-62.02185;-111;-296;-29.66589;-69.28522
19677.99;-179.9833;-62.0108;-115.7428;-295.8011;-29.63879;-69.33295;-179.9833;-62.0108;-115.7428;-295.8011;-29.63879;-69.33295
19686.33;-179.8989;-61.97528;-109.8477;-295.8;-29.58868;-69.35065;-179.8989;-61.97528;-109.8477;-295.8;-29.58868;-69.35065
19694.68;-179.7579;-61.98114;-114.8093;-295.7681;-29.57098;-69.39496;-179.7579;-61.98114;-114.8093;-295.7681;-29.57098;-69.39496
19703.02;-179.7692;-61.9624;-112.1334;-295.7737;-29.48096;-69.2821;-179.7692;-61.9624;-112.1334;-295.7737;-29.48096;-69.2821
19711.36;-179.7452;-61.94629;-101.9703;-295.77;-29.43555;-69.3219;-179.7452;-61.94629;-101.9703;-295.77;-29.43555;-69.3219
19719.7;-179.623;-61.927;-108.8465;-295.8674;-29.33435;-69.39471;-179.623;-61.927;-108.8465;-295.8674;-29.33435;-69.39471
19728.04;-179.6016;-61.93073;-108.6553;-295.923;-29.29688;-69.43842;-179.6016;-61.93073;-108.6553;-295.923;-29.29688;-69.43842
19736.38;-179.5637;-61.9007;-102.6114;-295.924;-29.26526;-69.44373;-179.5637;-61.9007;-102.6114;-295.924;-29.26526;-69.44373
19744.72;-179.5248;-61.88373;-110.8601;-295.7535;-29.23877;-69.45691;-179.5248;-61.88373;-110.8601;-295.7535;-29.23877;-69.45691
19753.07;-179.4404;-61.70227;-115.7581;-295.7801;-29.14636;-69.4696;-179.4404;-61.70227;-115.7581;-295.7801;-29.14636;-69.4696
19761.41;-179.4001;-61.69293;-108.5323;-295.8524;-29.25507;-69.51904;-179.4001;-61.69293;-108.5323;-295.8524;-29.25507;-69.51904
19769.75;-179.3758;-61.58038;-100.513;-295.7584;-29.21149;-69.53864;-179.3758;-61.58038;-100.513;-295.7584;-29.21149;-69.53864
19778.09;-179.3609;-61.57794;-114.0886;-295.6426;-29.16516;-69.56598;-179.3609;-61.57794;-114.0886;-295.6426;-29.16516;-69.56598
19786.43;-179.3083;-61.56873;-114.0211;-295.6882;-29.1239;-69.57458;-179.3083;-61.56873;-114.0211;-295.6882;-29.1239;-69.57458
19794.78;-179.2938;-61.55927;-111.4283;-295.7706;-29.07117;-69.57208;-179.2938;-61.55927;-111.4283;-295.7706;-29.07117;-69.57208
19803.12;-179.2473;-61.50378;-113.4188;-295.762;-29.01721;-69.58185;-179.2473;-61.50378;-113.4188;-295.762;-29.01721;-69.58185
19811.46;-179.225;-61.51465;-113.9214;-295.7309;-28.97729;-69.60822;-179.225;-61.51465;-113.9214;-295.7309;-28.97729;-69.60822
19819.8;-179.0692;-61.4574;-111.0434;-295.8251;-28.9425;-69.6441;-179.0692;-61.4574;-111.0434;-295.8251;-28.9425;-69.6441
19828.14;-179.0139;-61.45734;-111.0046;-295.8435;-28.93359;-69.67578;-179.0139;-61.45734;-111.0046;-295.8435;-28.93359;-69.67578
19836.48;-178.8983;-61.43982;-109.7317;-295.8139;-28.85077;-69.71381;-178.8983;-61.43982;-109.7317;-295.8139;-28.85077;-69.71381
19844.82;-178.8912;-61.42944;-96.99414;-295.747;-28.81647;-69.70978;-178.8912;-61.42944;-96.99414;-295.747;-28.81647;-69.70978
19853.17;-178.8585;-61.40845;-94.14172;-295.8157;-28.74634;-69.72412;-178.8585;-61.40845;-94.14172;-295.8157;-28.74634;-69.72412
19861.51;-178.8105;-61.39191;-94.06451;-295.8234;-28.70984;-69.75189;-178.8105;-61.39191;-94.06451;-295.8234;-28.70984;-69.75189
19869.85;-178.7247;-61.38727;-100.9938;-295.8189;-28.68683;-69.77124;-178.7247;-61.38727;-100.9938;-295.8189;-28.68683;-69.77124
19878.19;-178.6675;-61.36951;-103.0201;-295.8818;-28.6394;-69.77887;-178.6675;-61.36951;-103.0201;-295.8818;-28.6394;-69.77887
19886.53;-178.618;-61.3559;-101.3593;-295.8145;-28.57361;-69.82178;-178.618;-61.3559;-101.3593;-295.8145;-28.57361;-69.82178
19894.88;-178.5005;-61.30481;-110.7579;-295.9187;-28.47675;-69.78833;-178.5005;-61.30481;-110.7579;-295.9187;-28.47675;-69.78833
19903.22;-178.4888;-61.19128;-111.4694;-295.9311;-28.4632;-69.80322;-178.4888;-61.19128;-111.4694;-295.9311;-28.4632;-69.80322
19911.56;-178.4559;-61.1925;-113.782;-295.8705;-28.43951;-69.80322;-178.4559;-61.1925;-113.782;-295.8705;-28.43951;-69.80322
19919.9;-178.3935;-61.16724;-114.8568;-295.8265;-28.38702;-69.81848;-178.3935;-61.16724;-114.8568;-295.8265;-28.38702;-69.81848
19928.24;-178.3795;-61.14514;-114.696;-295.8067;-28.3645;-69.82898;-178.3795;-61.14514;-114.696;-295.8067;-28.3645;-69.82898
19936.58;-178.2972;-61.13452;-130;-296;-28.29303;-69.87817;-178.2972;-61.13452;-130;-296;-28.29303;-69.87817
19944.93;-178.2874;-61.12195;-134.9307;-295.9338;-28.26532;-69.88953;-178.2874;-61.12195;-134.9307;-295.9338;-28.26532;-69.88953
19953.27;-178.265;-61.10944;-130.8012;-295.8929;-28.21747;-69.89923;-178.265;-61.10944;-130.8012;-295.8929;-28.21747;-69.89923
19961.61;-178.2262;-61.09778;-130.8872;-295.9717;-28.16144;-69.93353;-178.2262;-61.09778;-130.8872;-295.9717;-28.16144;-69.93353
19969.95;-178.1726;-61.0722;-130.8543;-295.8694;-28.07141;-69.96356;-178.1726;-61.0722;-130.8543;-295.8694;-28.07141;-69.96356
19978.29;-178.1198;-61.05145;-137.2313;-295.8887;-28.04706;-69.96667;-178.1198;-61.05145;-137.2313;-295.8887;-28.04706;-69.96667
19986.63;-178.1066;-61.01257;-137.6298;-295.9376;-28.01617;-70.00519;-178.1066;-61.01257;-137.6298;-295.9376;-28.01617;-70.00519
19994.97;-178.0774;-60.9931;-137.2693;-295.9088;-27.96429;-70.03839;-178.0774;-60.9931;-137.2693;-295.9088;-27.96429;-70.03839
20003.32;-178.0107;-60.99152;-123;-296;-27.94098;-70.05182;-178.0107;-60.99152;-123;-296;-27.94098;-70.05182
20011.66;-177.985;-60.98694;-114.8236;-295.939;-27.90106;-70.06525;-177.985;-60.98694;-114.8236;-295.939;-27.90106;-70.06525
20020;-177.9567;-60.96198;-109.4219;-295.8651;-27.82159;-70.11035;-177.9567;-60.96198;-109.4219;-295.8651;-27.82159;-70.11035
20028.34;-177.9019;-60.94727;-106.84;-295.8008;-27.81232;-70.12927;-177.9019;-60.94727;-106.84;-295.8008;-27.81232;-70.12927
20036.68;-177.8677;-60.90625;-104.1807;-295.8278;-27.74854;-70.14905;-177.8677;-60.90625;-104.1807;-295.8278;-27.74854;-70.14905
20045.03;-177.8262;-60.87085;-105.9048;-295.9077;-27.73749;-70.15936;-177.8262;-60.87085;-105.9048;-295.9077;-27.73749;-70.15936
20053.37;-177.7368;-60.87152;-111.2625;-295.9352;-27.58789;-70.16833;-177.7368;-60.87152;-111.2625;-295.9352;-27.58789;-70.16833
20061.71;-177.6936;-60.84747;-111.0226;-295.8263;-27.58856;-70.2019;-177.6936;-60.84747;-111.0226;-295.8263;-27.58856;-70.2019
20070.05;-177.6755;-60.81476;-115.0168;-295.8461;-27.55261;-70.20544;-177.6755;-60.81476;-115.0168;-295.8461;-27.55261;-70.20544
20078.39;-177.618;-60.80237;-116.3062;-295.8811;-27.51855;-70.24109;-177.618;-60.80237;-116.3062;-295.8811;-27.51855;-70.24109
20086.73;-177.4719;-60.62543;-110.9629;-295.8308;-27.48767;-70.17023;-177.4719;-60.62543;-110.9629;-295.8308;-27.48767;-70.17023
20095.07;-177.4703;-60.62872;-116.1068;-295.8393;-27.43195;-70.22382;-177.4703;-60.62872;-116.1068;-295.8393;-27.43195;-70.22382
20103.42;-177.4324;-60.55212;-115.5947;-295.8785;-27.37805;-70.24011;-177.4324;-60.55212;-115.5947;-295.8785;-27.37805;-70.24011
20111.76;-177.3978;-60.53052;-110.8518;-295.9296;-27.31689;-70.26215;-177.3978;-60.53052;-110.8518;-295.9296;-27.31689;-70.26215
20120.1;-177.2066;-60.49023;-115.8182;-295.826;-27.27814;-70.30109;-177.2066;-60.49023;-115.8182;-295.826;-27.27814;-70.30109
20128.44;-177.1764;-60.47601;-110.1691;-295.8951;-27.21185;-70.30792;-177.1764;-60.47601;-110.1691;-295.8951;-27.21185;-70.30792
20136.78;-177.1275;-60.44696;-109.9427;-295.9946;-27.09296;-70.35284;-177.1275;-60.44696;-109.9427;-295.9946;-27.09296;-70.35284
20145.13;-177.0978;-60.43939;-100.9592;-295.8501;-27.08099;-70.37061;-177.0978;-60.43939;-100.9592;-295.8501;-27.08099;-70.37061
20153.47;-177.0432;-60.44006;-109.9132;-295.8945;-27.06757;-70.39575;-177.0432;-60.44006;-109.9132;-295.8945;-27.06757;-70.39575
20161.81;-177.0164;-60.42804;-105.3755;-295.8444;-27.04846;-70.44507;-177.0164;-60.42804;-105.3755;-295.8444;-27.04846;-70.44507
20170.15;-176.948;-60.38269;-116.7236;-295.8903;-26.98218;-70.53625;-176.948;-60.38269;-116.7236;-295.8903;-26.98218;-70.53625
20178.49;-176.9155;-60.39099;-110.0732;-296.0394;-26.9776;-70.53796;-176.9155;-60.39099;-110.0732;-296.0394;-26.9776;-70.53796
20186.83;-176.8708;-60.36615;-96;-296;-26.96057;-70.55627;-176.8708;-60.36615;-96;-296;-26.96057;-70.55627
20195.18;-176.8389;-60.35858;-111;-296;-26.94403;-70.56885;-176.8389;-60.35858;-111;-296;-26.94403;-70.56885
20203.52;-176.7493;-60.3222;-110.8466;-295.927;-26.79639;-70.57654;-176.7493;-60.3222;-110.8466;-295.927;-26.79639;-70.57654
20211.86;-176.7036;-60.31525;-112.5593;-295.7433;-26.80151;-70.59406;-176.7036;-60.31525;-112.5593;-295.7433;-26.80151;-70.59406
20220.2;-176.5945;-60.29572;-99.70874;-295.8202;-26.76782;-70.61389;-176.5945;-60.29572;-99.70874;-295.8202;-26.76782;-70.61389
20228.54;-176.5715;-60.27966;-95.0661;-295.8937;-26.74823;-70.62292;-176.5715;-60.27966;-95.0661;-295.8937;-26.74823;-70.62292
20236.88;-176.5175;-60.25836;-95.08575;-295.7883;-26.68152;-70.64618;-176.5175;-60.25836;-95.08575;-295.7883;-26.68152;-70.64618
20245.22;-176.4968;-60.14246;-95.38934;-295.8311;-26.68329;-70.65076;-176.4968;-60.14246;-95.38934;-295.8311;-26.68329;-70.65076
20253.57;-176.4181;-60.10461;-98.10663;-295.8002;-26.61798;-70.69348;-176.4181;-60.10461;-98.10663;-295.8002;-26.61798;-70.69348
20261.91;-176.3951;-60.09674;-103.8739;-295.9578;-26.58441;-70.68665;-176.3951;-60.09674;-103.8739;-295.9578;-26.58441;-70.68665
20270.25;-176.2842;-60.07788;-107.9507;-295.7828;-26.52295;-70.71472;-176.2842;-60.07788;-107.9507;-295.7828;-26.52295;-70.71472
20278.59;-176.2661;-60.07806;-107.5746;-295.8729;-26.45172;-70.63928;-176.2661;-60.07806;-107.5746;-295.8729;-26.45172;-70.63928
20286.93;-176.231;-60.04688;-100.6403;-295.7524;-26.31519;-70.66248;-176.231;-60.04688;-100.6403;-295.7524;-26.31519;-70.66248
20295.28;-176.2014;-60.05115;-87;-295;-26.30359;-70.68292;-176.2014;-60.05115;-87;-295;-26.30359;-70.68292
20303.62;-176.1487;-60.01495;-87.28656;-295.3235;-26.30194;-70.70111;-176.1487;-60.01495;-87.28656;-295.3235;-26.30194;-70.70111
20311.96;-176.1051;-59.99573;-102;-296;-26.25806;-70.73236;-176.1051;-59.99573;-102;-296;-26.25806;-70.73236
20320.3;-176.0932;-59.97406;-106.8132;-295.9423;-26.20752;-70.73273;-176.0932;-59.97406;-106.8132;-295.9423;-26.20752;-70.73273
20328.64;-176.0397;-59.96924;-102.6492;-295.7982;-26.14929;-70.77393;-176.0397;-59.96924;-102.6492;-295.7982;-26.14929;-70.77393
20336.98;-175.9153;-59.94928;-107.2191;-295.9651;-26.02136;-70.80408;-175.9153;-59.94928;-107.2191;-295.9651;-26.02136;-70.80408
20345.32;-175.8854;-59.90924;-106.1521;-295.9064;-25.99487;-70.8219;-175.8854;-59.90924;-106.1521;-295.9064;-25.99487;-70.8219
20353.67;-175.8438;-59.85461;-106.5151;-295.9237;-25.94574;-70.84375;-175.8438;-59.85461;-106.5151;-295.9237;-25.94574;-70.84375
20362.01;-175.819;-59.83179;-107.3075;-295.9559;-25.92651;-70.84949;-175.819;-59.83179;-107.3075;-295.9559;-25.92651;-70.84949
20370.35;-175.7483;-59.82617;-103.941;-295.7518;-25.88348;-70.87781;-175.7483;-59.82617;-103.941;-295.7518;-25.88348;-70.87781
20378.69;-175.7234;-59.78479;-112.0457;-295.9189;-25.86078;-70.89404;-175.7234;-59.78479;-112.0457;-295.9189;-25.86078;-70.89404
20387.03;-175.6484;-59.78412;-101.8187;-295.913;-25.72693;-70.9024;-175.6484;-59.78412;-101.8187;-295.913;-25.72693;-70.9024
20395.38;-175.6104;-59.76019;-102.3298;-295.9008;-25.72168;-70.91229;-175.6104;-59.76019;-102.3298;-295.9008;-25.72168;-70.91229
20403.72;-175.4966;-59.50806;-95.453;-295.7736;-25.65656;-70.97406;-175.4966;-59.50806;-95.453;-295.7736;-25.65656;-70.97406
20412.06;-175.3408;-59.49365;-108.7963;-295.9852;-25.64117;-70.98792;-175.3408;-59.49365;-108.7963;-295.9852;-25.64117;-70.98792
20420.4;-175.4331;-59.50269;-113.3008;-295.9665;-25.62451;-71.01025;-175.4331;-59.50269;-113.3008;-295.9665;-25.62451;-71.01025
20428.74;-175.2837;-59.48163;-117.2313;-295.839;-25.58783;-71.02716;-175.2837;-59.48163;-117.2313;-295.839;-25.58783;-71.02716
20437.08;-175.176;-59.49829;-116.2292;-295.8589;-25.43201;-70.95856;-175.176;-59.49829;-116.2292;-295.8589;-25.43201;-70.95856
20445.43;-175.1754;-59.4444;-115.786;-295.8901;-25.42688;-70.97803;-175.1754;-59.4444;-115.786;-295.8901;-25.42688;-70.97803
20453.77;-175.1279;-59.43585;-118.061;-295.8843;-25.37006;-70.99811;-175.1279;-59.43585;-118.061;-295.8843;-25.37006;-70.99811
20462.11;-175.1072;-59.40771;-118.6473;-295.94;-25.34155;-71.02704;-175.1072;-59.40771;-118.6473;-295.94;-25.34155;-71.02704
20470.45;-175.0469;-59.37891;-109.1691;-295.8818;-25.30463;-71.02966;-175.0469;-59.37891;-109.1691;-295.8818;-25.30463;-71.02966
20478.79;-175.0068;-59.35699;-116.9055;-295.7659;-25.27582;-71.05896;-175.0068;-59.35699;-116.9055;-295.7659;-25.27582;-71.05896
20487.13;-174.9195;-59.3429;-114.299;-295.9045;-25.12683;-71.08997;-174.9195;-59.3429;-114.299;-295.9045;-25.12683;-71.08997
20495.47;-174.9048;-59.30322;-107.8561;-295.9583;-25.10413;-71.10693;-174.9048;-59.30322;-107.8561;-295.9583;-25.10413;-71.10693
20503.82;-174.8584;-59.25555;-119.6682;-295.8254;-25.07593;-71.14905;-174.8584;-59.25555;-119.6682;-295.8254;-25.07593;-71.14905
20512.16;-174.8196;-59.24646;-116.1034;-295.7877;-25.05212;-71.17255;-174.8196;-59.24646;-116.1034;-295.7877;-25.05212;-71.17255
20520.5;-174.7672;-59.23724;-119.7488;-295.9434;-24.99438;-71.19482;-174.7672;-59.23724;-119.7488;-295.9434;-24.99438;-71.19482
20528.84;-174.7195;-59.21912;-116.1826;-295.8116;-24.98633;-71.22607;-174.7195;-59.21912;-116.1826;-295.8116;-24.98633;-71.22607
20537.18;-174.7061;-59.22064;-110.7525;-295.793;-24.95233;-71.25391;-174.7061;-59.22064;-110.7525;-295.793;-24.95233;-71.25391
20545.53;-174.6432;-59.21362;-101.0472;-295.7787;-24.92041;-71.24707;-174.6432;-59.21362;-101.0472;-295.7787;-24.92041;-71.24707
20553.87;-174.5504;-59.19403;-109.8161;-295.8788;-24.88269;-71.29852;-174.5504;-59.19403;-109.8161;-295.8788;-24.88269;-71.29852
20562.21;-174.5604;-59.16888;-109.0076;-295.8346;-24.83643;-71.32123;-174.5604;-59.16888;-109.0076;-295.8346;-24.83643;-71.32123
20570.55;-174.4536;-59.03339;-109.0697;-295.8829;-24.70044;-71.35083;-174.4536;-59.03339;-109.0697;-295.8829;-24.70044;-71.35083
20578.89;-174.4419;-59.00757;-108.9834;-295.8886;-24.71887;-71.35663;-174.4419;-59.00757;-108.9834;-295.8886;-24.71887;-71.35663
20587.23;-174.4119;-58.97961;-123.0803;-295.8833;-24.66632;-71.41833;-174.4119;-58.97961;-123.0803;-295.8833;-24.66632;-71.41833
20595.57;-174.3779;-58.95648;-110.1285;-295.8846;-24.6416;-71.42841;-174.3779;-58.95648;-110.1285;-295.8846;-24.6416;-71.42841
20603.92;-174.3172;-58.93774;-109.6568;-295.9301;-24.59552;-71.47449;-174.3172;-58.93774;-109.6568;-295.9301;-24.59552;-71.47449
20612.26;-174.2859;-58.91449;-110.5956;-295.9088;-24.66101;-71.50006;-174.2859;-58.91449;-110.5956;-295.9088;-24.66101;-71.50006
20620.6;-174.2451;-58.80273;-115.771;-295.676;-24.6181;-71.50818;-174.2451;-58.80273;-115.771;-295.676;-24.6181;-71.50818
20628.94;-174.2029;-58.77203;-118.7495;-295.7268;-24.55511;-71.53918;-174.2029;-58.77203;-118.7495;-295.7268;-24.55511;-71.53918
20637.28;-174.1809;-58.77832;-115.661;-295.6416;-24.3089;-71.47791;-174.1809;-58.77832;-115.661;-295.6416;-24.3089;-71.47791
20645.63;-174.1506;-58.76569;-114.1558;-295.6724;-24.29071;-71.48145;-174.1506;-58.76569;-114.1558;-295.6724;-24.29071;-71.48145
20653.97;-174.0277;-58.76581;-114.0131;-295.6622;-24.34381;-71.5611;-174.0277;-58.76581;-114.0131;-295.6622;-24.34381;-71.5611
20662.31;-174.0225;-58.72284;-101.9442;-295.8051;-24.34473;-71.56293;-174.0225;-58.72284;-101.9442;-295.8051;-24.34473;-71.56293
20670.65;-173.9775;-58.70636;-115.6204;-295.6638;-24.2608;-71.60248;-173.9775;-58.70636;-115.6204;-295.6638;-24.2608;-71.60248
20678.99;-173.9462;-58.69794;-114.3703;-295.6446;-24.22705;-71.62201;-173.9462;-58.69794;-114.3703;-295.6446;-24.22705;-71.62201
20687.33;-173.8698;-58.65503;-102.983;-295.8821;-24.15601;-71.63373;-173.8698;-58.65503;-102.983;-295.8821;-24.15601;-71.63373
20695.68;-173.8281;-58.62347;-112.8282;-295.9105;-24.14966;-71.63635;-173.8281;-58.62347;-112.8282;-295.9105;-24.14966;-71.63635
20704.02;-173.7813;-58.60864;-112.0234;-295.8688;-24.08295;-71.68195;-173.7813;-58.60864;-112.0234;-295.8688;-24.08295;-71.68195
20712.36;-173.7289;-58.61383;-115.1561;-295.6424;-24.01563;-71.72015;-173.7289;-58.61383;-115.1561;-295.6424;-24.01563;-71.72015
20720.7;-173.4529;-58.43298;-115.7581;-295.7372;-23.95862;-71.72217;-173.4529;-58.43298;-115.7581;-295.7372;-23.95862;-71.72217
20729.04;-173.4161;-58.40442;-115.3875;-295.7377;-23.93579;-71.72876;-173.4161;-58.40442;-115.3875;-295.7377;-23.93579;-71.72876
20737.38;-173.3953;-58.39178;-106.054;-295.7347;-23.89954;-71.74072;-173.3953;-58.39178;-106.054;-295.7347;-23.89954;-71.74072
20745.72;-173.3533;-58.37109;-92;-296;-23.8299;-71.77277;-173.3533;-58.37109;-92;-296;-23.8299;-71.77277
20754.07;-173.3087;-58.26654;-85.42401;-295.6448;-23.74176;-71.79108;-173.3087;-58.26654;-85.42401;-295.6448;-23.74176;-71.79108
20762.41;-173.2911;-58.27209;-100;-296;-23.72961;-71.79193;-173.2911;-58.27209;-100;-296;-23.72961;-71.79193
20770.75;-173.1998;-58.26208;-86;-296;-23.68555;-71.82581;-173.1998;-58.26208;-86;-296;-23.68555;-71.82581
20779.09;-173.16;-58.25049;-101;-296;-23.66882;-71.83917;-173.16;-58.25049;-101;-296;-23.66882;-71.83917
20787.43;-173.1245;-58.23645;-112.0065;-295.8977;-23.62616;-71.86639;-173.1245;-58.23645;-112.0065;-295.8977;-23.62616;-71.86639
20795.78;-173.0887;-58.22498;-109.2094;-295.8615;-23.58698;-71.87787;-173.0887;-58.22498;-109.2094;-295.8615;-23.58698;-71.87787
20804.12;-173.051;-58.19836;-110.9199;-295.8668;-23.42975;-71.82587;-173.051;-58.19836;-110.9199;-295.8668;-23.42975;-71.82587
20812.46;-172.9871;-58.18097;-109.4308;-295.9253;-23.43427;-71.81708;-172.9871;-58.18097;-109.4308;-295.9253;-23.43427;-71.81708
20820.8;-172.8959;-58.16827;-109.8308;-295.9088;-23.38708;-71.8631;-172.8959;-58.16827;-109.8308;-295.9088;-23.38708;-71.8631
20829.14;-172.8801;-58.15729;-112.0667;-295.9205;-23.35736;-71.87555;-172.8801;-58.15729;-112.0667;-295.9205;-23.35736;-71.87555
20837.48;-172.8232;-58.12598;-114.4176;-295.8157;-23.29437;-71.90411;-172.8232;-58.12598;-114.4176;-295.8157;-23.29437;-71.90411
20845.82;-172.7883;-58.11658;-113.287;-295.8017;-23.24829;-71.94293;-172.7883;-58.11658;-113.287;-295.8017;-23.24829;-71.94293
20854.17;-172.7394;-58.02765;-114.2923;-295.8145;-23.21252;-71.95404;-172.7394;-58.02765;-114.2923;-295.8145;-23.21252;-71.95404
20862.51;-172.6806;-58.02563;-110.928;-295.944;-23.1698;-71.96985;-172.6806;-58.02563;-110.928;-295.944;-23.1698;-71.96985
20870.85;-172.4755;-57.91949;-113.9696;-295.7228;-23.02008;-71.99658;-172.4755;-57.91949;-113.9696;-295.7228;-23.02008;-71.99658
20879.19;-172.4553;-57.914;-101.8773;-295.8746;-23.01038;-71.9903;-172.4553;-57.914;-101.8773;-295.8746;-23.01038;-71.9903
20887.53;-172.4329;-57.87469;-112.9462;-295.7278;-22.96021;-72.0556;-172.4329;-57.87469;-112.9462;-295.7278;-22.96021;-72.0556
20895.88;-172.3735;-57.81311;-112.5378;-295.8312;-22.83783;-72.11688;-172.3735;-57.81311;-112.5378;-295.8312;-22.83783;-72.11688
20904.22;-172.3488;-57.80389;-100.7524;-295.8928;-22.82037;-72.12054;-172.3488;-57.80389;-100.7524;-295.8928;-22.82037;-72.12054
20912.56;-172.3262;-57.78998;-88.9364;-295.7076;-22.82489;-72.11755;-172.3262;-57.78998;-88.9364;-295.7076;-22.82489;-72.11755
20920.9;-172.2959;-57.76031;-86.89996;-295.6124;-22.79095;-72.13324;-172.2959;-57.76031;-86.89996;-295.6124;-22.79095;-72.13324
20929.24;-172.2059;-57.72705;-100.0032;-295.816;-22.75165;-72.17047;-172.2059;-57.72705;-100.0032;-295.816;-22.75165;-72.17047
20937.58;-172.1681;-57.70844;-100.145;-295.9683;-22.60181;-72.1759;-172.1681;-57.70844;-100.145;-295.9683;-22.60181;-72.1759
20945.93;-172.1333;-57.68042;-95.19263;-295.8185;-22.59705;-72.2146;-172.1333;-57.68042;-95.19263;-295.8185;-22.59705;-72.2146
20954.27;-172.1119;-57.64844;-102.7556;-295.8553;-22.57318;-72.24286;-172.1119;-57.64844;-102.7556;-295.8553;-22.57318;-72.24286
20962.61;-172.0676;-57.6239;-114.373;-295.849;-22.53528;-72.26379;-172.0676;-57.6239;-114.373;-295.849;-22.53528;-72.26379
20970.95;-172.0538;-57.56335;-117.1307;-295.782;-22.44427;-72.177;-172.0538;-57.56335;-117.1307;-295.782;-22.44427;-72.177
20979.29;-171.9925;-57.53699;-108.4495;-295.9272;-22.41687;-72.19031;-171.9925;-57.53699;-108.4495;-295.9272;-22.41687;-72.19031
20987.63;-171.8469;-57.54645;-110.8901;-295.8635;-22.23981;-72.23694;-171.8469;-57.54645;-110.8901;-295.8635;-22.23981;-72.23694
20995.97;-171.8358;-57.52081;-111.3771;-295.7458;-22.24097;-72.25928;-171.8358;-57.52081;-111.3771;-295.7458;-22.24097;-72.25928
21004.32;-171.6458;-57.48047;-102.0891;-295.7582;-22.21216;-72.28265;-171.6458;-57.48047;-102.0891;-295.7582;-22.21216;-72.28265
21012.66;-171.6267;-57.45532;-114.1707;-295.7424;-22.16968;-72.31122;-171.6267;-57.45532;-114.1707;-295.7424;-22.16968;-72.31122
21021;-171.4403;-57.2915;-113.993;-295.9078;-22.0047;-72.34015;-171.4403;-57.2915;-113.993;-295.9078;-22.0047;-72.34015
21029.34;-171.4357;-57.28699;-117.2596;-295.7166;-22.00793;-72.36682;-171.4357;-57.28699;-117.2596;-295.7166;-22.00793;-72.36682
21037.68;-171.3754;-57.27063;-112.4431;-295.8751;-21.97382;-72.41547;-171.3754;-57.27063;-112.4431;-295.8751;-21.97382;-72.41547
21046.03;-171.3536;-57.24384;-112.1192;-295.8049;-21.90826;-72.4812;-171.3536;-57.24384;-112.1192;-295.8049;-21.90826;-72.4812
21054.37;-171.2017;-57.24127;-114.364;-295.9204;-21.87207;-72.49774;-171.2017;-57.24127;-114.364;-295.9204;-21.87207;-72.49774
21062.71;-171.1866;-57.21259;-101.6665;-295.821;-21.83173;-72.47009;-171.1866;-57.21259;-101.6665;-295.821;-21.83173;-72.47009
21071.05;-171.1531;-57.20276;-113.3182;-295.8325;-21.83722;-72.55695;-171.1531;-57.20276;-113.3182;-295.8325;-21.83722;-72.55695
21079.39;-171.1526;-57.17139;-109.8362;-295.8845;-21.83087;-72.54889;-171.1526;-57.17139;-109.8362;-295.8845;-21.83087;-72.54889
21087.73;-171.0802;-57.16382;-101.8816;-295.9696;-21.77972;-72.57977;-171.0802;-57.16382;-101.8816;-295.9696;-21.77972;-72.57977
21096.07;-171.0178;-57.13263;-112.8608;-295.8651;-21.73218;-72.61249;-171.0178;-57.13263;-112.8608;-295.8651;-21.73218;-72.61249
21104.42;-170.9695;-57.07098;-110.2594;-295.9238;-21.62469;-72.62695;-170.9695;-57.07098;-110.2594;-295.9238;-21.62469;-72.62695
21112.76;-170.9548;-57.06702;-111.0352;-295.8748;-21.59583;-72.62891;-170.9548;-57.06702;-111.0352;-295.8748;-21.59583;-72.62891
21121.1;-170.912;-57.04449;-111.7158;-295.8362;-21.58588;-72.64465;-170.912;-57.04449;-111.7158;-295.8362;-21.58588;-72.64465
21129.44;-170.8621;-57.02429;-111.584;-295.8514;-21.52454;-72.66351;-170.8621;-57.02429;-111.584;-295.8514;-21.52454;-72.66351
21137.78;-170.6893;-57.02081;-103.0341;-295.942;-21.45508;-72.60059;-170.6893;-57.02081;-103.0341;-295.942;-21.45508;-72.60059
21146.13;-170.706;-57.01984;-102.89;-295.881;-21.39691;-72.62286;-170.706;-57.01984;-102.89;-295.881;-21.39691;-72.62286
21154.47;-170.6611;-57.00055;-112.8877;-295.7943;-21.41217;-72.6524;-170.6611;-57.00055;-112.8877;-295.7943;-21.41217;-72.6524
21162.81;-170.6492;-56.99701;-111.8193;-295.8341;-21.388;-72.67175;-170.6492;-56.99701;-111.8193;-295.8341;-21.388;-72.67175
21171.15;-170.5891;-56.96869;-113.1142;-295.9563;-21.3371;-72.67072;-170.5891;-56.96869;-113.1142;-295.9563;-21.3371;-72.67072
21179.49;-170.5554;-56.93439;-113.7938;-295.8102;-21.2998;-72.68964;-170.5554;-56.93439;-113.7938;-295.8102;-21.2998;-72.68964
21187.83;-170.4189;-56.74487;-114.0032;-295.8502;-21.22882;-72.72278;-170.4189;-56.74487;-114.0032;-295.8502;-21.22882;-72.72278
21196.18;-170.4178;-56.73865;-114.7351;-295.825;-21.21777;-72.74603;-170.4178;-56.73865;-114.7351;-295.825;-21.21777;-72.74603
21204.52;-170.3821;-56.70831;-101;-296;-21.09167;-72.76624;-170.3821;-56.70831;-101;-296;-21.09167;-72.76624
21212.86;-170.3642;-56.65808;-95.41937;-295.7887;-21.07831;-72.78882;-170.3642;-56.65808;-95.41937;-295.7887;-21.07831;-72.78882
21221.2;-170.3049;-56.63354;-100.9231;-295.7304;-21.021;-72.7962;-170.3049;-56.63354;-100.9231;-295.7304;-21.021;-72.7962
21229.54;-170.2818;-56.59387;-94.61176;-295.8867;-20.96655;-72.83362;-170.2818;-56.59387;-94.61176;-295.8867;-20.96655;-72.83362
21237.88;-170.1463;-56.60181;-95.42188;-295.6586;-20.84644;-72.9494;-170.1463;-56.60181;-95.42188;-295.6586;-20.84644;-72.9494
21246.22;-170.1424;-56.5553;-94.07312;-295.7221;-20.83197;-72.90747;-170.1424;-56.5553;-94.07312;-295.7221;-20.83197;-72.90747
21254.57;-170.1327;-56.50018;-100.4197;-295.7315;-20.82361;-72.9361;-170.1327;-56.50018;-100.4197;-295.7315;-20.82361;-72.9361
21262.91;-169.9713;-56.39594;-100.4237;-295.7334;-20.79169;-72.95227;-169.9713;-56.39594;-100.4237;-295.7334;-20.79169;-72.95227
21271.25;-169.8123;-56.41351;-112.8106;-295.843;-20.6637;-72.98413;-169.8123;-56.41351;-112.8106;-295.843;-20.6637;-72.98413
21279.59;-169.7901;-56.40027;-111.6555;-295.8633;-20.64667;-72.99341;-169.7901;-56.40027;-111.6555;-295.8633;-20.64667;-72.99341
21287.93;-169.7583;-56.37994;-113.1578;-295.7619;-20.58215;-73.00897;-169.7583;-56.37994;-113.1578;-295.7619;-20.58215;-73.00897
21296.28;-169.719;-56.37445;-112.9702;-295.6812;-20.56805;-73.02454;-169.719;-56.37445;-112.9702;-295.6812;-20.56805;-73.02454
21304.62;-169.5457;-56.37463;-113.2949;-295.7145;-20.53564;-73.05255;-169.5457;-56.37463;-113.2949;-295.7145;-20.53564;-73.05255
21312.96;-169.5223;-56.33997;-112.0518;-295.7596;-20.44293;-72.96149;-169.5223;-56.33997;-112.0518;-295.7596;-20.44293;-72.96149
21321.3;-169.4807;-56.22803;-110.8325;-295.6395;-20.42383;-73.00934;-169.4807;-56.22803;-110.8325;-295.6395;-20.42383;-73.00934
21329.64;-169.4549;-56.17169;-110.6332;-295.6938;-20.36462;-73.02332;-169.4549;-56.17169;-110.6332;-295.6938;-20.36462;-73.02332
21337.98;-169.3815;-56.15887;-111.2564;-295.7791;-20.22766;-73.06799;-169.3815;-56.15887;-111.2564;-295.7791;-20.22766;-73.06799
21346.32;-169.3453;-56.13165;-103.0028;-295.8279;-20.21234;-73.06561;-169.3453;-56.13165;-103.0028;-295.8279;-20.21234;-73.06561
21354.67;-169.243;-56.07141;-89;-296;-20.16028;-73.10516;-169.243;-56.07141;-89;-296;-20.16028;-73.10516
21363.01;-169.239;-56.03931;-88.95819;-295.524;-20.10254;-73.13092;-169.239;-56.03931;-88.95819;-295.524;-20.10254;-73.13092
21371.35;-169.1777;-56.04785;-85.89148;-295.4397;-20.01111;-73.18182;-169.1777;-56.04785;-85.89148;-295.4397;-20.01111;-73.18182
21379.69;-169.1424;-56.01483;-88.14307;-295.5416;-19.9787;-73.19684;-169.1424;-56.01483;-88.14307;-295.5416;-19.9787;-73.19684
21388.03;-169.038;-55.95911;-86.71466;-295.5523;-19.92346;-73.22614;-169.038;-55.95911;-86.71466;-295.5523;-19.92346;-73.22614
21396.38;-169.0131;-55.94495;-86.95929;-295.5253;-19.88776;-73.24274;-169.0131;-55.94495;-86.95929;-295.5253;-19.88776;-73.24274
21404.72;-168.951;-55.90839;-102;-296;-19.81494;-73.33649;-168.951;-55.90839;-102;-296;-19.81494;-73.33649
21413.06;-168.9018;-55.90088;-108.1021;-295.9064;-19.78638;-73.33911;-168.9018;-55.90088;-108.1021;-295.9064;-19.78638;-73.33911
21421.4;-168.8471;-55.88995;-101.1801;-295.9277;-19.73004;-73.36102;-168.8471;-55.88995;-101.1801;-295.9277;-19.73004;-73.36102
21429.74;-168.7868;-55.86267;-107.4929;-295.9671;-19.69531;-73.40613;-168.7868;-55.86267;-107.4929;-295.9671;-19.69531;-73.40613
21438.08;-168.7575;-55.83453;-102.7421;-295.9059;-19.60596;-73.41089;-168.7575;-55.83453;-102.7421;-295.9059;-19.60596;-73.41089
21446.43;-168.7087;-55.81293;-116.7714;-295.844;-19.58453;-73.41949;-168.7087;-55.81293;-116.7714;-295.844;-19.58453;-73.41949
21454.77;-168.619;-55.7832;-112.92;-295.8015;-19.53522;-73.46869;-168.619;-55.7832;-112.92;-295.8015;-19.53522;-73.46869
21463.11;-168.5632;-55.78192;-114.3282;-295.8149;-19.48822;-73.32562;-168.5632;-55.78192;-114.3282;-295.8149;-19.48822;-73.32562
21471.45;-168.4963;-55.59863;-104.3442;-295.8818;-19.61304;-73.52655;-168.4963;-55.59863;-104.3442;-295.8818;-19.61304;-73.52655
21479.79;-168.4652;-55.59839;-102.0128;-295.9187;-19.42535;-73.40204;-168.4652;-55.59839;-102.0128;-295.9187;-19.42535;-73.40204
21488.13;-168.4244;-55.53143;-108.1558;-296.0062;-19.3772;-73.39368;-168.4244;-55.53143;-108.1558;-296.0062;-19.3772;-73.39368
21496.47;-168.3997;-55.53558;-114.1254;-295.9546;-19.29669;-73.44373;-168.3997;-55.53558;-114.1254;-295.9546;-19.29669;-73.44373
21504.82;-168.1938;-55.46375;-116.9462;-295.8484;-19.20892;-73.47089;-168.1938;-55.46375;-116.9462;-295.8484;-19.20892;-73.47089
21513.16;-168.1661;-55.44043;-110.892;-295.8558;-19.30731;-73.51312;-168.1661;-55.44043;-110.892;-295.8558;-19.30731;-73.51312
21521.5;-168.0917;-55.4267;-116.6898;-295.7983;-19.23566;-73.51929;-168.0917;-55.4267;-116.6898;-295.7983;-19.23566;-73.51929
21529.84;-168.0729;-55.40619;-110.476;-295.8271;-19.2226;-73.5304;-168.0729;-55.40619;-110.476;-295.8271;-19.2226;-73.5304
21538.18;-167.9851;-55.35754;-117.8408;-295.791;-19.11621;-73.62189;-167.9851;-55.35754;-117.8408;-295.791;-19.11621;-73.62189
21546.53;-167.9709;-55.35681;-116.8162;-295.8525;-19.08722;-73.63019;-167.9709;-55.35681;-116.8162;-295.8525;-19.08722;-73.63019
21554.87;-167.9249;-55.32318;-118.1199;-295.8217;-19.06335;-73.62994;-167.9249;-55.32318;-118.1199;-295.8217;-19.06335;-73.62994
21563.21;-167.8787;-55.28314;-116.9407;-295.7213;-19.01617;-73.65906;-167.8787;-55.28314;-116.9407;-295.7213;-19.01617;-73.65906
21571.55;-167.7556;-55.27899;-108.6456;-295.8817;-18.961;-73.6615;-167.7556;-55.27899;-108.6456;-295.8817;-18.961;-73.6615
21579.89;-167.6756;-55.26563;-106.3109;-295.8718;-18.91736;-73.70953;-167.6756;-55.26563;-106.3109;-295.8718;-18.91736;-73.70953
21588.23;-167.6515;-55.25641;-108.4084;-295.8347;-18.79181;-73.72302;-167.6515;-55.25641;-108.4084;-295.8347;-18.79181;-73.72302
21596.57;-167.6271;-55.22522;-100.3652;-295.7804;-18.76965;-73.7406;-167.6271;-55.22522;-100.3652;-295.7804;-18.76965;-73.7406
21604.92;-167.4975;-55.09375;-105.8045;-295.7988;-18.73029;-73.78235;-167.4975;-55.09375;-105.8045;-295.7988;-18.73029;-73.78235
21613.26;-167.4528;-55.07654;-106.9227;-295.6869;-18.70367;-73.79401;-167.4528;-55.07654;-106.9227;-295.6869;-18.70367;-73.79401
21621.6;-167.3774;-55.04138;-112.8803;-295.7198;-18.60577;-73.80762;-167.3774;-55.04138;-112.8803;-295.7198;-18.60577;-73.80762
21629.94;-167.346;-55.00983;-108.6082;-295.7645;-18.57129;-73.83447;-167.346;-55.00983;-108.6082;-295.7645;-18.57129;-73.83447
21638.28;-167.241;-54.99762;-112.7363;-295.8044;-18.47211;-73.73016;-167.241;-54.99762;-112.7363;-295.8044;-18.47211;-73.73016
21646.63;-167.2286;-54.98047;-107.226;-295.8038;-18.47412;-73.7323;-167.2286;-54.98047;-107.226;-295.8038;-18.47412;-73.7323
21654.97;-167.1599;-54.97186;-117.6528;-295.7897;-18.37482;-73.7442;-167.1599;-54.97186;-117.6528;-295.7897;-18.37482;-73.7442
21663.31;-167.1379;-54.93451;-109.7805;-295.7609;-18.32513;-73.80762;-167.1379;-54.93451;-109.7805;-295.7609;-18.32513;-73.80762
21671.65;-167.0474;-54.91022;-113.148;-295.7761;-18.19763;-73.80432;-167.0474;-54.91022;-113.148;-295.7761;-18.19763;-73.80432
21679.99;-167.0493;-54.90021;-112.7085;-295.7452;-18.16046;-73.83337;-167.0493;-54.90021;-112.7085;-295.7452;-18.16046;-73.83337
21688.33;-166.9519;-54.88293;-110.1059;-295.7896;-18.12152;-73.84473;-166.9519;-54.88293;-110.1059;-295.7896;-18.12152;-73.84473
21696.68;-166.9269;-54.84857;-102.6283;-295.7446;-18.07336;-73.8938;-166.9269;-54.84857;-102.6283;-295.7446;-18.07336;-73.8938
21705.02;-166.862;-54.81378;-112.6018;-295.8309;-17.97784;-73.94708;-166.862;-54.81378;-112.6018;-295.8309;-17.97784;-73.94708
21713.36;-166.8323;-54.78772;-110.0416;-295.8275;-17.97021;-73.95203;-166.8323;-54.78772;-110.0416;-295.8275;-17.97021;-73.95203
21721.7;-166.6797;-54.711;-108.7283;-295.8357;-17.90649;-73.99194;-166.6797;-54.711;-108.7283;-295.8357;-17.90649;-73.99194
21730.04;-166.6595;-54.71509;-108.897;-295.8472;-17.86102;-74.00977;-166.6595;-54.71509;-108.897;-295.8472;-17.86102;-74.00977
21738.38;-166.5984;-54.6991;-113.7123;-295.8797;-17.75922;-74.06732;-166.5984;-54.6991;-113.7123;-295.8797;-17.75922;-74.06732
21746.72;-166.5176;-54.67511;-106.1216;-295.8922;-17.71851;-74.08478;-166.5176;-54.67511;-106.1216;-295.8922;-17.71851;-74.08478
21755.07;-166.2861;-54.46838;-111.2292;-295.8506;-17.6886;-74.07147;-166.2861;-54.46838;-111.2292;-295.8506;-17.6886;-74.07147
21763.41;-166.2803;-54.45062;-113.9091;-295.7098;-17.62775;-74.08954;-166.2803;-54.45062;-113.9091;-295.7098;-17.62775;-74.08954
21771.75;-166.255;-54.46478;-112.0287;-295.8181;-17.5799;-74.13776;-166.255;-54.46478;-112.0287;-295.8181;-17.5799;-74.13776
21780.09;-166.2299;-54.46918;-111.551;-295.7281;-17.56494;-74.15552;-166.2299;-54.46918;-111.551;-295.7281;-17.56494;-74.15552
21788.43;-166.135;-54.42322;-105.826;-295.884;-17.51978;-74.17426;-166.135;-54.42322;-105.826;-295.884;-17.51978;-74.17426
21796.78;-166.0977;-54.39758;-93.3559;-295.7628;-17.48285;-74.0459;-166.0977;-54.39758;-93.3559;-295.7628;-17.48285;-74.0459
21805.12;-166.0738;-54.36798;-94.44562;-295.7481;-17.42114;-74.06744;-166.0738;-54.36798;-94.44562;-295.7481;-17.42114;-74.06744
21813.46;-166.0176;-54.35516;-94.44604;-295.7536;-17.32153;-74.10236;-166.0176;-54.35516;-94.44604;-295.7536;-17.32153;-74.10236
21821.8;-165.9119;-54.34253;-105.5272;-295.9799;-17.22778;-74.17236;-165.9119;-54.34253;-105.5272;-295.9799;-17.22778;-74.17236
21830.14;-165.8993;-54.32458;-114.0987;-295.8367;-17.19049;-74.17554;-165.8993;-54.32458;-114.0987;-295.8367;-17.19049;-74.17554
21838.48;-165.8582;-54.25317;-113.339;-295.8349;-17.16522;-74.20294;-165.8582;-54.25317;-113.339;-295.8349;-17.16522;-74.20294
21846.82;-165.8047;-54.24622;-112.3808;-295.798;-17.10992;-74.24811;-165.8047;-54.24622;-112.3808;-295.798;-17.10992;-74.24811
21855.17;-165.6734;-54.25024;-111.2409;-295.8356;-17.02765;-74.27722;-165.6734;-54.25024;-111.2409;-295.8356;-17.02765;-74.27722
21863.51;-165.6282;-54.24689;-97;-296;-16.97766;-74.33167;-165.6282;-54.24689;-97;-296;-16.97766;-74.33167
21871.85;-165.5436;-54.20868;-107.126;-295.795;-16.94403;-74.32031;-165.5436;-54.20868;-107.126;-295.795;-16.94403;-74.32031
21880.19;-165.4807;-54.09564;-114.2048;-295.7101;-16.91681;-74.34906;-165.4807;-54.09564;-114.2048;-295.7101;-16.91681;-74.34906
21888.53;-165.422;-54.06073;-107.9978;-295.8538;-16.80713;-74.41968;-165.422;-54.06073;-107.9978;-295.8538;-16.80713;-74.41968
21896.88;-165.3356;-54.00464;-101.0585;-295.7902;-16.84363;-74.52539;-165.3356;-54.00464;-101.0585;-295.7902;-16.84363;-74.52539
21905.22;-165.2916;-53.98798;-96.02423;-295.7767;-16.83807;-74.52045;-165.2916;-53.98798;-96.02423;-295.7767;-16.83807;-74.52045
21913.56;-165.2682;-53.97748;-101.8976;-295.8138;-16.81219;-74.54675;-165.2682;-53.97748;-101.8976;-295.8138;-16.81219;-74.54675
21921.9;-165.2189;-53.92657;-93.02289;-295.6443;-16.71149;-74.54144;-165.2189;-53.92657;-93.02289;-295.6443;-16.71149;-74.54144
21930.24;-165.1943;-53.93164;-108;-296;-16.70184;-74.55548;-165.1943;-53.93164;-108;-296;-16.70184;-74.55548
21938.58;-165.0726;-53.88837;-104.304;-295.6627;-16.62561;-74.59601;-165.0726;-53.88837;-104.304;-295.6627;-16.62561;-74.59601
21946.93;-165.0629;-53.88068;-105.8928;-295.7534;-16.57574;-74.60217;-165.0629;-53.88068;-105.8928;-295.7534;-16.57574;-74.60217
21955.27;-165.0167;-53.84296;-112.6022;-295.7457;-16.52722;-74.62878;-165.0167;-53.84296;-112.6022;-295.7457;-16.52722;-74.62878
21963.61;-164.963;-53.80878;-107.2663;-295.679;-16.49084;-74.52917;-164.963;-53.80878;-107.2663;-295.679;-16.49084;-74.52917
21971.95;-164.8611;-53.75818;-112.9003;-295.8337;-16.36371;-74.56104;-164.8611;-53.75818;-112.9003;-295.8337;-16.36371;-74.56104
21980.29;-164.8458;-53.73212;-114.0396;-295.7711;-16.31177;-74.60614;-164.8458;-53.73212;-114.0396;-295.7711;-16.31177;-74.60614
21988.63;-164.7963;-53.67621;-108.7794;-295.8038;-16.26648;-74.63177;-164.7963;-53.67621;-108.7794;-295.8038;-16.26648;-74.63177
21996.97;-164.7255;-53.65442;-108.1404;-295.8804;-16.2334;-74.63068;-164.7255;-53.65442;-108.1404;-295.8804;-16.2334;-74.63068
22005.32;-164.627;-53.60693;-103.6617;-295.7524;-16.11322;-74.6861;-164.627;-53.60693;-103.6617;-295.7524;-16.11322;-74.6861
22013.66;-164.5886;-53.60614;-94.87543;-295.6125;-16.08185;-74.69073;-164.5886;-53.60614;-94.87543;-295.6125;-16.08185;-74.69073
22022;-164.3908;-53.43805;-100.956;-295.7621;-16.06024;-74.72992;-164.3908;-53.43805;-100.956;-295.7621;-16.06024;-74.72992
22030.34;-164.3446;-53.4187;-95.1145;-295.7276;-15.99902;-74.76746;-164.3446;-53.4187;-95.1145;-295.7276;-15.99902;-74.76746
22038.68;-164.3171;-53.36816;-102.757;-295.8349;-15.91809;-74.78796;-164.3171;-53.36816;-102.757;-295.8349;-15.91809;-74.78796
22047.03;-164.2372;-53.33514;-113.4177;-295.7369;-15.88922;-74.80798;-164.2372;-53.33514;-113.4177;-295.7369;-15.88922;-74.80798
22055.37;-164.1953;-53.31885;-115.9255;-295.6167;-15.85144;-74.8432;-164.1953;-53.31885;-115.9255;-295.6167;-15.85144;-74.8432
22063.71;-164.1555;-53.30725;-131;-296;-15.81281;-74.84442;-164.1555;-53.30725;-131;-296;-15.81281;-74.84442
22072.05;-164.0729;-53.25464;-134.2834;-295.8934;-15.68103;-74.87292;-164.0729;-53.25464;-134.2834;-295.8934;-15.68103;-74.87292
22080.39;-164.0551;-53.2522;-137.6227;-295.9146;-15.68201;-74.91162;-164.0551;-53.2522;-137.6227;-295.9146;-15.68201;-74.91162
22088.73;-164.0231;-53.24933;-135.9496;-295.9309;-15.63239;-74.92017;-164.0231;-53.24933;-135.9496;-295.9309;-15.63239;-74.92017
22097.07;-164.0084;-53.22205;-133.4686;-295.9603;-15.62463;-74.94128;-164.0084;-53.22205;-133.4686;-295.9603;-15.62463;-74.94128
22105.42;-163.9194;-53.19208;-136.2167;-295.8707;-15.57947;-74.97412;-163.9194;-53.19208;-136.2167;-295.8707;-15.57947;-74.97412
22113.76;-163.8744;-53.16724;-136.301;-295.8569;-15.55481;-74.97241;-163.8744;-53.16724;-136.301;-295.8569;-15.55481;-74.97241
22122.1;-163.778;-53.16205;-136.4731;-295.9425;-15.35638;-74.86591;-163.778;-53.16205;-136.4731;-295.9425;-15.35638;-74.86591
22130.44;-163.7548;-53.08405;-133.9636;-295.8718;-15.34711;-74.90131;-163.7548;-53.08405;-133.9636;-295.8718;-15.34711;-74.90131
22138.78;-163.6225;-53.12299;-135.3271;-295.8637;-15.29077;-74.93372;-163.6225;-53.12299;-135.3271;-295.8637;-15.29077;-74.93372
22147.13;-163.5927;-53.09546;-135.2844;-295.9483;-15.24396;-74.95673;-163.5927;-53.09546;-135.2844;-295.9483;-15.24396;-74.95673
22155.47;-163.4969;-52.95551;-137.5873;-295.9459;-15.16077;-75.0141;-163.4969;-52.95551;-137.5873;-295.9459;-15.16077;-75.0141
22163.81;-163.4291;-52.88568;-137.8637;-295.8576;-15.11737;-75.04645;-163.4291;-52.88568;-137.8637;-295.8576;-15.11737;-75.04645
22172.15;-163.3773;-52.89417;-137.9235;-295.8807;-15.07849;-75.07379;-163.3773;-52.89417;-137.9235;-295.8807;-15.07849;-75.07379
22180.49;-163.3427;-52.83557;-138.0109;-295.9127;-15.02448;-75.10291;-163.3427;-52.83557;-138.0109;-295.9127;-15.02448;-75.10291
22188.83;-163.2995;-52.7804;-137.5308;-295.9427;-14.89014;-75.13196;-163.2995;-52.7804;-137.5308;-295.9427;-14.89014;-75.13196
22197.18;-163.2169;-52.74695;-137.7775;-295.8775;-14.87616;-75.16028;-163.2169;-52.74695;-137.7775;-295.8775;-14.87616;-75.16028
22205.52;-163.1373;-52.73865;-136.8586;-295.9846;-14.81348;-75.20618;-163.1373;-52.73865;-136.8586;-295.9846;-14.81348;-75.20618
22213.86;-163.1305;-52.7171;-137.0017;-295.933;-14.776;-75.22546;-163.1305;-52.7171;-137.0017;-295.933;-14.776;-75.22546
22222.2;-163.0478;-52.67096;-137.4091;-295.8892;-14.68225;-75.26337;-163.0478;-52.67096;-137.4091;-295.8892;-14.68225;-75.26337
22230.54;-163.0435;-52.62415;-123;-296;-14.64838;-75.27374;-163.0435;-52.62415;-123;-296;-14.64838;-75.27374
22238.88;-162.9695;-52.62183;-138;-296;-14.53918;-75.39917;-162.9695;-52.62183;-138;-296;-14.53918;-75.39917
22247.22;-162.9202;-52.5462;-137.7907;-296.0302;-14.52594;-75.40729;-162.9202;-52.5462;-137.7907;-296.0302;-14.52594;-75.40729
22255.57;-162.8183;-52.51764;-138.1453;-295.9342;-14.39612;-75.24957;-162.8183;-52.51764;-138.1453;-295.9342;-14.39612;-75.24957
22263.91;-162.6185;-52.47961;-137.051;-295.876;-14.37585;-75.28265;-162.6185;-52.47961;-137.051;-295.876;-14.37585;-75.28265
22272.25;-162.4838;-52.36517;-138.4158;-295.9518;-14.32568;-75.31854;-162.4838;-52.36517;-138.4158;-295.9518;-14.32568;-75.31854
22280.59;-162.444;-52.33008;-137.8892;-296.0216;-14.27124;-75.35406;-162.444;-52.33008;-137.8892;-296.0216;-14.27124;-75.35406
22288.93;-162.3654;-52.29126;-137.9976;-295.8909;-14.15356;-75.35681;-162.3654;-52.29126;-137.9976;-295.8909;-14.15356;-75.35681
22297.28;-162.3044;-52.26965;-137.3328;-295.8629;-14.10437;-75.37372;-162.3044;-52.26965;-137.3328;-295.8629;-14.10437;-75.37372
22305.62;-162.2545;-52.26245;-137.8887;-296.0353;-14.12079;-75.51263;-162.2545;-52.26245;-137.8887;-296.0353;-14.12079;-75.51263
22313.96;-162.1693;-52.22974;-137.932;-296.0618;-14.01154;-75.51233;-162.1693;-52.22974;-137.932;-296.0618;-14.01154;-75.51233
22322.3;-162.107;-52.21265;-133.1823;-295.9705;-13.97742;-75.52264;-162.107;-52.21265;-133.1823;-295.9705;-13.97742;-75.52264
22330.64;-162.0592;-52.18823;-137.337;-295.9523;-13.96741;-75.52747;-162.0592;-52.18823;-137.337;-295.9523;-13.96741;-75.52747
22338.98;-161.9974;-52.16473;-126.3298;-295.9684;-13.87659;-75.60217;-161.9974;-52.16473;-126.3298;-295.9684;-13.87659;-75.60217
22347.32;-161.954;-52.13934;-137.4482;-295.9998;-13.86804;-75.58813;-161.954;-52.13934;-137.4482;-295.9998;-13.86804;-75.58813
22355.67;-161.9005;-52.0777;-135.3576;-295.7175;-13.76001;-75.63385;-161.9005;-52.0777;-135.3576;-295.7175;-13.76001;-75.63385
22364.01;-161.8558;-52.07281;-135.4217;-295.8298;-13.73907;-75.63837;-161.8558;-52.07281;-135.4217;-295.8298;-13.73907;-75.63837
22372.35;-161.7551;-52.03455;-136.2089;-295.8553;-13.66571;-75.65137;-161.7551;-52.03455;-136.2089;-295.8553;-13.66571;-75.65137
22380.69;-161.7056;-52.03094;-134.6562;-295.8922;-13.62292;-75.6582;-161.7056;-52.03094;-134.6562;-295.8922;-13.62292;-75.6582
22389.03;-161.5131;-52.02527;-136.8343;-295.9401;-13.51813;-75.67517;-161.5131;-52.02527;-136.8343;-295.9401;-13.51813;-75.67517
22397.38;-161.4946;-51.89514;-137.6188;-296.0126;-13.49194;-75.57825;-161.4946;-51.89514;-137.6188;-296.0126;-13.49194;-75.57825
22405.72;-161.4009;-51.82874;-135.8707;-295.8362;-13.36298;-75.67877;-161.4009;-51.82874;-135.8707;-295.8362;-13.36298;-75.67877
22414.06;-161.3797;-51.82971;-129.9445;-295.9617;-13.34216;-75.68646;-161.3797;-51.82971;-129.9445;-295.9617;-13.34216;-75.68646
22422.4;-161.2966;-51.76086;-117.0562;-295.7268;-13.27588;-75.71143;-161.2966;-51.76086;-117.0562;-295.7268;-13.27588;-75.71143
22430.74;-161.2755;-51.71655;-108.967;-295.8884;-13.1676;-75.74512;-161.2755;-51.71655;-108.967;-295.8884;-13.1676;-75.74512
22439.08;-161.2156;-51.68726;-95;-296;-13.06384;-75.76117;-161.2156;-51.68726;-95;-296;-13.06384;-75.76117
22447.43;-161.1451;-51.64502;-94.68066;-295.7783;-13.06586;-75.76886;-161.1451;-51.64502;-94.68066;-295.7783;-13.06586;-75.76886
22455.77;-161.0844;-51.62134;-110;-296;-13.00317;-75.81049;-161.0844;-51.62134;-110;-296;-13.00317;-75.81049
22464.11;-161.0399;-51.59229;-112.2042;-295.8387;-12.94971;-75.81323;-161.0399;-51.59229;-112.2042;-295.8387;-12.94971;-75.81323
22472.45;-160.9769;-51.54004;-119.4846;-295.9603;-12.84454;-75.84637;-160.9769;-51.54004;-119.4846;-295.9603;-12.84454;-75.84637
22480.79;-160.7677;-51.49829;-113.3453;-295.7708;-12.80511;-75.862;-160.7677;-51.49829;-113.3453;-295.7708;-12.80511;-75.862
22489.13;-160.6186;-51.48669;-109.3765;-295.832;-12.6665;-75.92316;-160.6186;-51.48669;-109.3765;-295.832;-12.6665;-75.92316
22497.47;-160.5669;-51.46301;-108.9193;-295.8703;-12.66656;-75.91315;-160.5669;-51.46301;-108.9193;-295.8703;-12.66656;-75.91315
22505.82;-160.4755;-51.31628;-117.9241;-295.9623;-12.60449;-75.96204;-160.4755;-51.31628;-117.9241;-295.9623;-12.60449;-75.96204
22514.16;-160.4426;-51.30859;-129.0524;-296.0756;-12.58661;-75.96521;-160.4426;-51.30859;-129.0524;-296.0756;-12.58661;-75.96521
22522.5;-160.34;-51.24719;-116.9728;-295.7971;-12.42889;-75.89648;-160.34;-51.24719;-116.9728;-295.7971;-12.42889;-75.89648
22530.84;-160.3037;-51.24115;-116.4766;-295.6877;-12.40857;-75.91675;-160.3037;-51.24115;-116.4766;-295.6877;-12.40857;-75.91675
22539.18;-160.2775;-51.2085;-130.3114;-296.0151;-12.33405;-75.9458;-160.2775;-51.2085;-130.3114;-296.0151;-12.33405;-75.9458
22547.53;-160.2114;-51.17352;-116;-296;-12.2876;-75.94202;-160.2114;-51.17352;-116;-296;-12.2876;-75.94202
22555.87;-160.1503;-51.14764;-114.0641;-295.8466;-12.12366;-76.03766;-160.1503;-51.14764;-114.0641;-295.8466;-12.12366;-76.03766
22564.21;-160.1336;-51.12537;-114.4234;-295.7625;-12.11768;-76.03186;-160.1336;-51.12537;-114.4234;-295.7625;-12.11768;-76.03186
22572.55;-160.0645;-51.09338;-114.2121;-295.73;-12.05823;-76.07446;-160.0645;-51.09338;-114.2121;-295.73;-12.05823;-76.07446
22580.89;-160.0132;-51.07874;-110.3068;-295.7784;-12.00269;-76.10272;-160.0132;-51.07874;-110.3068;-295.7784;-12.00269;-76.10272
22589.23;-159.9605;-51.04047;-113.8867;-295.8596;-11.90363;-76.16315;-159.9605;-51.04047;-113.8867;-295.8596;-11.90363;-76.16315
22597.57;-159.9296;-51.01678;-112.0214;-295.7844;-11.88007;-76.16858;-159.9296;-51.01678;-112.0214;-295.7844;-11.88007;-76.16858
22605.92;-159.8323;-50.96069;-115.2266;-295.821;-11.81097;-76.2157;-159.8323;-50.96069;-115.2266;-295.821;-11.81097;-76.2157
22614.26;-159.769;-50.94281;-115.3773;-295.9042;-11.77673;-76.23102;-159.769;-50.94281;-115.3773;-295.9042;-11.77673;-76.23102
22622.6;-159.6187;-50.93011;-115.118;-295.7338;-11.60089;-76.25916;-159.6187;-50.93011;-115.118;-295.7338;-11.60089;-76.25916
22630.94;-159.5941;-50.89746;-115.6695;-295.7466;-11.58704;-76.28705;-159.5941;-50.89746;-115.6695;-295.7466;-11.58704;-76.28705
22639.28;-159.4657;-50.74304;-115.0188;-295.7797;-11.53223;-76.37262;-159.4657;-50.74304;-115.0188;-295.7797;-11.53223;-76.37262
22647.63;-159.4225;-50.69489;-114.2784;-295.6636;-11.48346;-76.2453;-159.4225;-50.69489;-114.2784;-295.6636;-11.48346;-76.2453
22655.97;-159.3837;-50.62769;-122.3651;-295.9623;-11.38;-76.263;-159.3837;-50.62769;-122.3651;-295.9623;-11.38;-76.263
22664.31;-159.3405;-50.61078;-131.001;-295.8383;-11.34229;-76.28937;-159.3405;-50.61078;-131.001;-295.8383;-11.34229;-76.28937
22672.65;-159.2632;-50.56696;-117;-296;-11.27234;-76.32178;-159.2632;-50.56696;-117;-296;-11.27234;-76.32178
22680.99;-159.2079;-50.53308;-106.2477;-295.7276;-11.24323;-76.37543;-159.2079;-50.53308;-106.2477;-295.7276;-11.24323;-76.37543
22689.33;-159.0293;-50.48889;-114.9242;-295.6953;-11.06744;-76.42114;-159.0293;-50.48889;-114.9242;-295.6953;-11.06744;-76.42114
22697.68;-158.9715;-50.47333;-115.863;-295.7483;-11.05225;-76.43683;-158.9715;-50.47333;-115.863;-295.7483;-11.05225;-76.43683
22706.02;-158.8818;-50.38831;-105.1847;-295.962;-11.13141;-76.50684;-158.8818;-50.38831;-105.1847;-295.962;-11.13141;-76.50684
22714.36;-158.8553;-50.36914;-108.5901;-295.8412;-11.08527;-76.54047;-158.8553;-50.36914;-108.5901;-295.8412;-11.08527;-76.54047
22722.7;-158.7432;-50.33545;-104.4482;-295.9496;-11.00018;-76.55603;-158.7432;-50.33545;-104.4482;-295.9496;-11.00018;-76.55603
22731.04;-158.6967;-50.32623;-105.5501;-295.9105;-10.93652;-76.64685;-158.6967;-50.32623;-105.5501;-295.9105;-10.93652;-76.64685
22739.38;-158.6093;-50.2887;-103.3456;-295.9219;-10.8241;-76.63495;-158.6093;-50.2887;-103.3456;-295.9219;-10.8241;-76.63495
22747.72;-158.5482;-50.26575;-103.0253;-295.9219;-10.81464;-76.68567;-158.5482;-50.26575;-103.0253;-295.9219;-10.81464;-76.68567
22756.07;-158.4323;-50.12469;-103.2338;-295.8137;-10.73126;-76.6864;-158.4323;-50.12469;-103.2338;-295.8137;-10.73126;-76.6864
22764.41;-158.3931;-50.10107;-103.2207;-295.8812;-10.68817;-76.71515;-158.3931;-50.10107;-103.2207;-295.8812;-10.68817;-76.71515
22772.75;-158.329;-50.03644;-107.6275;-295.8511;-10.63965;-76.77924;-158.329;-50.03644;-107.6275;-295.8511;-10.63965;-76.77924
22781.09;-158.2991;-50.01495;-103.0668;-295.8093;-10.60272;-76.80975;-158.2991;-50.01495;-103.0668;-295.8093;-10.60272;-76.80975
22789.43;-158.1588;-50.03168;-104.6771;-295.8439;-10.4137;-76.68988;-158.1588;-50.03168;-104.6771;-295.8439;-10.4137;-76.68988
22797.78;-158.1376;-49.9986;-104.8396;-295.8879;-10.38971;-76.68475;-158.1376;-49.9986;-104.8396;-295.8879;-10.38971;-76.68475
22806.12;-158.0671;-49.94489;-109.4186;-295.8851;-10.30206;-76.74139;-158.0671;-49.94489;-109.4186;-295.8851;-10.30206;-76.74139
22814.46;-158.0334;-49.909;-114.6124;-295.7064;-10.25421;-76.76111;-158.0334;-49.909;-114.6124;-295.7064;-10.25421;-76.76111
22822.8;-157.9452;-49.82538;-109.8879;-295.7615;-10.18256;-76.77966;-157.9452;-49.82538;-109.8879;-295.7615;-10.18256;-76.77966
22831.14;-157.843;-49.81647;-105;-296.006;-10.13977;-76.84778;-157.843;-49.81647;-105;-296.006;-10.13977;-76.84778
22839.48;-157.7558;-49.79773;-110.1456;-295.8484;-9.991577;-76.86487;-157.7558;-49.79773;-110.1456;-295.8484;-9.991577;-76.86487
22847.82;-157.7203;-49.75818;-113.7936;-295.7306;-9.976135;-76.89941;-157.7203;-49.75818;-113.7936;-295.7306;-9.976135;-76.89941
22856.17;-157.6121;-49.69299;-110.158;-295.7897;-9.911743;-76.95776;-157.6121;-49.69299;-110.158;-295.7897;-9.911743;-76.95776
22864.51;-157.5244;-49.66931;-110.2303;-295.8009;-9.886963;-77.00525;-157.5244;-49.66931;-110.2303;-295.8009;-9.886963;-77.00525
22872.85;-157.3054;-49.48865;-112.9476;-295.6887;-9.804199;-77.02502;-157.3054;-49.48865;-112.9476;-295.6887;-9.804199;-77.02502
22881.19;-157.2604;-49.48749;-109.585;-295.7565;-9.738281;-77.05701;-157.2604;-49.48749;-109.585;-295.7565;-9.738281;-77.05701
22889.53;-157.2236;-49.41461;-111.3355;-295.8564;-9.604248;-77.07574;-157.2236;-49.41461;-111.3355;-295.8564;-9.604248;-77.07574
22897.88;-157.1046;-49.34546;-109.6245;-295.8318;-9.456055;-77.06659;-157.1046;-49.34546;-109.6245;-295.8318;-9.456055;-77.06659
22906.22;-157.0861;-49.33856;-110.176;-295.864;-9.431946;-77.05176;-157.0861;-49.33856;-110.176;-295.864;-9.431946;-77.05176
22914.56;-157.0548;-49.32538;-112.447;-295.9787;-9.399536;-77.06567;-157.0548;-49.32538;-112.447;-295.9787;-9.399536;-77.06567
22922.9;-156.9429;-49.31818;-104.8791;-295.7324;-9.338135;-77.078;-156.9429;-49.31818;-104.8791;-295.7324;-9.338135;-77.078
22931.24;-156.9088;-49.29932;-105.22;-295.7303;-9.298096;-77.08679;-156.9088;-49.29932;-105.22;-295.7303;-9.298096;-77.08679
22939.58;-156.8377;-49.25153;-104.8829;-295.7332;-9.126038;-77.16113;-156.8377;-49.25153;-104.8829;-295.7332;-9.126038;-77.16113
22947.93;-156.7717;-49.23962;-104.925;-295.8253;-9.122253;-77.16962;-156.7717;-49.23962;-104.925;-295.8253;-9.122253;-77.16962
22956.27;-156.6271;-49.21393;-113.2032;-295.7218;-9.054688;-77.21222;-156.6271;-49.21393;-113.2032;-295.7218;-9.054688;-77.21222
22964.61;-156.5973;-49.20508;-105.1804;-295.5848;-9.020203;-77.23615;-156.5973;-49.20508;-105.1804;-295.5848;-9.020203;-77.23615
22972.95;-156.4695;-49.039;-113.1064;-295.7095;-8.937683;-77.30591;-156.4695;-49.039;-113.1064;-295.7095;-8.937683;-77.30591
22981.29;-156.4086;-49.02264;-107.4293;-295.8712;-8.903931;-77.28918;-156.4086;-49.02264;-107.4293;-295.8712;-8.903931;-77.28918
22989.63;-156.3317;-49.01105;-111.0527;-295.8885;-8.747375;-77.34656;-156.3317;-49.01105;-111.0527;-295.8885;-8.747375;-77.34656
22997.97;-156.3287;-49.00873;-107.3246;-295.8746;-8.735229;-77.37054;-156.3287;-49.00873;-107.3246;-295.8746;-8.735229;-77.37054
23006.32;-156.3008;-48.9895;-112.2359;-295.8052;-8.715698;-77.42914;-156.3008;-48.9895;-112.2359;-295.8052;-8.715698;-77.42914
23014.66;-156.2766;-48.96667;-117.9645;-295.8623;-8.82196;-77.50543;-156.2766;-48.96667;-117.9645;-295.8623;-8.82196;-77.50543
23023;-156.1629;-48.92023;-117.4788;-295.7135;-8.754761;-77.53986;-156.1629;-48.92023;-117.4788;-295.7135;-8.754761;-77.53986
23031.34;-156.1326;-48.87561;-117.9617;-295.7723;-8.721619;-77.56793;-156.1326;-48.87561;-117.9617;-295.7723;-8.721619;-77.56793
23039.68;-156.0848;-48.85962;-119.0607;-295.791;-8.382751;-77.39026;-156.0848;-48.85962;-119.0607;-295.791;-8.382751;-77.39026
23048.03;-156.0294;-48.81573;-108.9816;-295.8312;-8.350342;-77.40155;-156.0294;-48.81573;-108.9816;-295.8312;-8.350342;-77.40155
23056.37;-155.8854;-48.79297;-103.3578;-295.767;-8.317505;-77.48883;-155.8854;-48.79297;-103.3578;-295.767;-8.317505;-77.48883
23064.71;-155.8653;-48.74506;-112.7961;-295.6219;-8.376038;-77.50873;-155.8653;-48.74506;-112.7961;-295.6219;-8.376038;-77.50873
23073.05;-155.7238;-48.66626;-110.4487;-295.683;-8.250549;-77.64014;-155.7238;-48.66626;-110.4487;-295.683;-8.250549;-77.64014
23081.39;-155.7049;-48.62207;-111.3021;-295.7541;-8.240234;-77.65015;-155.7049;-48.62207;-111.3021;-295.7541;-8.240234;-77.65015
23089.73;-155.6439;-48.57428;-104.0261;-295.7898;-8.177856;-77.6665;-155.6439;-48.57428;-104.0261;-295.7898;-8.177856;-77.6665
23098.07;-155.3151;-48.42017;-104.0846;-295.6036;-8.155212;-77.68677;-155.3151;-48.42017;-104.0846;-295.6036;-8.155212;-77.68677
23106.42;-155.2975;-48.38409;-114.916;-295.9285;-8.106079;-77.7215;-155.2975;-48.38409;-114.916;-295.9285;-8.106079;-77.7215
23114.76;-155.2963;-48.36945;-103.3491;-295.8021;-8.059998;-77.76294;-155.2963;-48.36945;-103.3491;-295.8021;-8.059998;-77.76294
23123.1;-155.2343;-48.32196;-104.0646;-295.8076;-7.888733;-77.81598;-155.2343;-48.32196;-104.0646;-295.8076;-7.888733;-77.81598
23131.44;-155.1689;-48.28528;-114.2614;-295.7662;-7.841248;-77.83038;-155.1689;-48.28528;-114.2614;-295.7662;-7.841248;-77.83038
23139.78;-155.0538;-48.22754;-117.7415;-295.8041;-7.78418;-77.91339;-155.0538;-48.22754;-117.7415;-295.8041;-7.78418;-77.91339
23148.13;-155.0422;-48.21051;-104;-295;-7.734802;-77.91467;-155.0422;-48.21051;-104;-295;-7.734802;-77.91467
23156.47;-154.8663;-48.21173;-106.5828;-295.7734;-7.542358;-77.99225;-154.8663;-48.21173;-106.5828;-295.7734;-7.542358;-77.99225
23164.81;-154.8458;-48.15314;-102.247;-295.6486;-7.527283;-78.01294;-154.8458;-48.15314;-102.247;-295.6486;-7.527283;-78.01294
23173.15;-154.7871;-48.09369;-110.2197;-295.7813;-7.457703;-77.86218;-154.7871;-48.09369;-110.2197;-295.7813;-7.457703;-77.86218
23181.49;-154.7366;-48.08508;-110.8542;-295.7532;-7.423828;-77.91016;-154.7366;-48.08508;-110.8542;-295.7532;-7.423828;-77.91016
23189.83;-154.5685;-48.04364;-109.7277;-295.7864;-7.292542;-78.00873;-154.5685;-48.04364;-109.7277;-295.7864;-7.292542;-78.00873
23198.18;-154.5549;-48.02722;-98.98322;-295.7745;-7.286621;-78.02551;-154.5549;-48.02722;-98.98322;-295.7745;-7.286621;-78.02551
23206.52;-154.4578;-47.88965;-109.039;-295.8253;-7.23291;-78.04791;-154.4578;-47.88965;-109.039;-295.8253;-7.23291;-78.04791
23214.86;-154.4207;-47.86633;-101.9725;-295.6716;-7.179749;-78.10669;-154.4207;-47.86633;-101.9725;-295.6716;-7.179749;-78.10669
23223.2;-154.3151;-47.79797;-101.1373;-295.7263;-7.117981;-78.1886;-154.3151;-47.79797;-101.1373;-295.7263;-7.117981;-78.1886
23231.54;-154.3169;-47.7674;-112.6044;-295.8584;-7.074585;-78.2641;-154.3169;-47.7674;-112.6044;-295.8584;-7.074585;-78.2641
23239.88;-154.2513;-47.74548;-107.9764;-295.9061;-6.898132;-78.30243;-154.2513;-47.74548;-107.9764;-295.9061;-6.898132;-78.30243
23248.22;-154.1934;-47.703;-108.098;-295.8452;-6.885315;-78.34198;-154.1934;-47.703;-108.098;-295.8452;-6.885315;-78.34198
23256.57;-154.1202;-47.56537;-111.3919;-295.8015;-6.822021;-78.42615;-154.1202;-47.56537;-111.3919;-295.8015;-6.822021;-78.42615
23264.91;-154.1013;-47.53833;-116.8668;-295.8625;-6.799377;-78.46796;-154.1013;-47.53833;-116.8668;-295.8625;-6.799377;-78.46796
23273.25;-154.0732;-47.5058;-113.2573;-295.6891;-6.67981;-78.49316;-154.0732;-47.5058;-113.2573;-295.6891;-6.67981;-78.49316
23281.59;-153.7608;-47.44299;-113.6202;-295.8487;-6.883911;-78.51605;-153.7608;-47.44299;-113.6202;-295.8487;-6.883911;-78.51605
23289.93;-153.6969;-47.43164;-112.3743;-295.8425;-6.813416;-78.56635;-153.6969;-47.43164;-112.3743;-295.8425;-6.813416;-78.56635
23298.28;-153.6724;-47.41064;-104.0427;-296.0244;-6.772156;-78.62451;-153.6724;-47.41064;-104.0427;-296.0244;-6.772156;-78.62451
23306.62;-153.6161;-47.40356;-104.7952;-295.8644;-6.582275;-78.66083;-153.6161;-47.40356;-104.7952;-295.8644;-6.582275;-78.66083
23314.96;-153.5652;-47.39783;-107.2079;-295.8273;-6.608093;-78.69568;-153.5652;-47.39783;-107.2079;-295.8273;-6.608093;-78.69568
23323.3;-153.4498;-47.22266;-104.8942;-295.9332;-6.576538;-78.67725;-153.4498;-47.22266;-104.8942;-295.9332;-6.576538;-78.67725
23331.64;-153.4244;-47.23828;-104.9918;-295.9422;-6.506958;-78.70648;-153.4244;-47.23828;-104.9918;-295.9422;-6.506958;-78.70648
23339.98;-153.3531;-47.17383;-113.1051;-295.8399;-6.447083;-78.59271;-153.3531;-47.17383;-113.1051;-295.8399;-6.447083;-78.59271
23348.32;-153.3066;-47.15259;-105.9551;-295.7773;-6.435608;-78.6239;-153.3066;-47.15259;-105.9551;-295.7773;-6.435608;-78.6239
23356.67;-153.1545;-47.06689;-108.7499;-295.9249;-6.33197;-78.64575;-153.1545;-47.06689;-108.7499;-295.9249;-6.33197;-78.64575
23365.01;-153.1379;-47.06116;-108.7164;-295.8797;-6.258057;-78.68561;-153.1379;-47.06116;-108.7164;-295.8797;-6.258057;-78.68561
23373.35;-153.0962;-47.02155;-107.7913;-295.9156;-6.183594;-78.71625;-153.0962;-47.02155;-107.7913;-295.9156;-6.183594;-78.71625
23381.69;-153.0419;-47.00452;-107.2758;-295.8938;-6.130371;-78.75555;-153.0419;-47.00452;-107.2758;-295.8938;-6.130371;-78.75555
23390.03;-152.9178;-46.95715;-104.933;-296.0298;-6.082581;-78.80902;-152.9178;-46.95715;-104.933;-296.0298;-6.082581;-78.80902
23398.38;-152.8765;-46.93719;-104.4621;-295.9858;-6.021729;-78.84479;-152.8765;-46.93719;-104.4621;-295.9858;-6.021729;-78.84479
23406.72;-152.7169;-46.86249;-119;-296;-5.89386;-78.92133;-152.7169;-46.86249;-119;-296;-5.89386;-78.92133
23415.06;-152.6827;-46.86591;-117.5797;-295.8301;-5.882568;-78.96088;-152.6827;-46.86591;-117.5797;-295.8301;-5.882568;-78.96088
23423.4;-152.4961;-46.69781;-106.1915;-295.9249;-5.85022;-78.97711;-152.4961;-46.69781;-106.1915;-295.9249;-5.85022;-78.97711
23431.74;-152.4829;-46.66998;-113.1407;-295.8124;-5.767395;-79.03967;-152.4829;-46.66998;-113.1407;-295.8124;-5.767395;-79.03967
23440.08;-152.4152;-46.60028;-115.9972;-295.7836;-5.629761;-79.05554;-152.4152;-46.60028;-115.9972;-295.7836;-5.629761;-79.05554
23448.43;-152.3954;-46.57086;-119.062;-295.791;-5.62677;-79.06653;-152.3954;-46.57086;-119.062;-295.791;-5.62677;-79.06653
23456.77;-152.2774;-46.52637;-116.1097;-295.8254;-5.568176;-79.12622;-152.2774;-46.52637;-116.1097;-295.8254;-5.568176;-79.12622
23465.11;-152.1132;-46.48914;-118.3453;-295.949;-5.514709;-79.20483;-152.1132;-46.48914;-118.3453;-295.949;-5.514709;-79.20483
23473.45;-151.9937;-46.36127;-114.7607;-295.8545;-5.345947;-79.01379;-151.9937;-46.36127;-114.7607;-295.8545;-5.345947;-79.01379
23481.79;-151.9727;-46.34814;-115.2708;-295.8962;-5.303284;-79.04852;-151.9727;-46.34814;-115.2708;-295.8962;-5.303284;-79.04852
23490.13;-151.9056;-46.34009;-108.8159;-295.8711;-5.218811;-79.12225;-151.9056;-46.34009;-108.8159;-295.8711;-5.218811;-79.12225
23498.47;-151.8475;-46.29492;-109.2835;-295.8461;-5.146118;-79.14862;-151.8475;-46.29492;-109.2835;-295.8461;-5.146118;-79.14862
23506.82;-151.6258;-46.30579;-107.1545;-295.8068;-4.999451;-79.24414;-151.6258;-46.30579;-107.1545;-295.8068;-4.999451;-79.24414
23515.16;-151.5924;-46.26038;-107.5892;-295.7689;-4.951721;-79.23566;-151.5924;-46.26038;-107.5892;-295.7689;-4.951721;-79.23566
23523.5;-151.4073;-46.16907;-107.0173;-295.8831;-4.900818;-79.30835;-151.4073;-46.16907;-107.0173;-295.8831;-4.900818;-79.30835
23531.84;-151.4003;-46.14368;-106.7302;-295.8965;-4.842285;-79.38824;-151.4003;-46.14368;-106.7302;-295.8965;-4.842285;-79.38824
23540.18;-151.3489;-46.11951;-110.7203;-295.872;-4.796143;-78.98041;-151.3489;-46.11951;-110.7203;-295.872;-4.796143;-78.98041
23548.53;-151.2064;-46.07617;-102.8843;-295.7842;-4.785278;-78.98926;-151.2064;-46.07617;-102.8843;-295.7842;-4.785278;-78.98926
23556.87;-151.1825;-45.98376;-106.056;-295.7654;-4.652649;-79.03033;-151.1825;-45.98376;-106.056;-295.7654;-4.652649;-79.03033
23565.21;-151.1677;-45.96454;-106.4236;-295.8257;-4.626526;-79.04291;-151.1677;-45.96454;-106.4236;-295.8257;-4.626526;-79.04291
23573.55;-151.0325;-45.96454;-106.0585;-295.7606;-4.591003;-79.05353;-151.0325;-45.96454;-106.0585;-295.7606;-4.591003;-79.05353
23581.89;-151.0123;-45.93372;-111.6869;-295.763;-4.520325;-79.07861;-151.0123;-45.93372;-111.6869;-295.763;-4.520325;-79.07861
23590.23;-150.9379;-45.88171;-105.9633;-295.8638;-4.423523;-79.08679;-150.9379;-45.88171;-105.9633;-295.8638;-4.423523;-79.08679
23598.57;-150.7594;-45.85785;-109.0745;-295.8248;-4.349976;-79.10956;-150.7594;-45.85785;-109.0745;-295.8248;-4.349976;-79.10956
23606.92;-150.729;-45.82233;-115.99;-295.8143;-4.207764;-79.13049;-150.729;-45.82233;-115.99;-295.8143;-4.207764;-79.13049
23615.26;-150.69;-45.79095;-103.2917;-295.7719;-4.167419;-79.16156;-150.69;-45.79095;-103.2917;-295.7719;-4.167419;-79.16156
23623.6;-150.6235;-45.77924;-105.3751;-295.9012;-4.053833;-79.1803;-150.6235;-45.77924;-105.3751;-295.9012;-4.053833;-79.1803
23631.94;-150.6054;-45.7738;-116.6217;-295.848;-4.056885;-79.1828;-150.6054;-45.7738;-116.6217;-295.848;-4.056885;-79.1828
23640.28;-150.4384;-45.56165;-103;-296;-4.017273;-79.20917;-150.4384;-45.56165;-103;-296;-4.017273;-79.20917
23648.63;-150.411;-45.52081;-110.0231;-295.92;-3.949707;-79.23743;-150.411;-45.52081;-110.0231;-295.92;-3.949707;-79.23743
23656.97;-150.2784;-45.39722;-105.9526;-295.8907;-3.916016;-79.25287;-150.2784;-45.39722;-105.9526;-295.8907;-3.916016;-79.25287
23665.31;-150.1527;-45.39398;-104.8715;-295.8185;-3.882813;-79.27893;-150.1527;-45.39398;-104.8715;-295.8185;-3.882813;-79.27893
23673.65;-150.0903;-45.38019;-114.2552;-295.7467;-3.747192;-79.29663;-150.0903;-45.38019;-114.2552;-295.7467;-3.747192;-79.29663
23681.99;-150.0652;-45.3363;-118.6113;-295.7349;-3.705688;-79.35052;-150.0652;-45.3363;-118.6113;-295.7349;-3.705688;-79.35052
23690.33;-150.0279;-45.3288;-119.6885;-295.7505;-3.592163;-79.36292;-150.0279;-45.3288;-119.6885;-295.7505;-3.592163;-79.36292
23698.68;-149.8381;-45.31641;-114.032;-295.5793;-3.564026;-79.38727;-149.8381;-45.31641;-114.032;-295.5793;-3.564026;-79.38727
23707.02;-149.8167;-45.2168;-104.9294;-295.7089;-3.382446;-79.45465;-149.8167;-45.2168;-104.9294;-295.7089;-3.382446;-79.45465
23715.36;-149.6785;-45.22443;-111.0969;-295.6359;-3.369385;-79.47052;-149.6785;-45.22443;-111.0969;-295.6359;-3.369385;-79.47052
23723.7;-149.5876;-45.16998;-105.0956;-295.7486;-3.234741;-79.51514;-149.5876;-45.16998;-105.0956;-295.7486;-3.234741;-79.51514
23732.04;-149.5576;-45.15784;-116.6054;-295.7848;-3.201599;-79.53925;-149.5576;-45.15784;-116.6054;-295.7848;-3.201599;-79.53925
23740.38;-149.4089;-44.95343;-114.0428;-295.6628;-3.106201;-79.54858;-149.4089;-44.95343;-114.0428;-295.6628;-3.106201;-79.54858
23748.72;-149.3924;-44.94086;-115.6513;-295.761;-3.050842;-79.59747;-149.3924;-44.94086;-115.6513;-295.761;-3.050842;-79.59747
23757.07;-149.2634;-44.92578;-110.9081;-295.8671;-2.924316;-79.60626;-149.2634;-44.92578;-110.9081;-295.8671;-2.924316;-79.60626
23765.41;-149.235;-44.91479;-108.4109;-295.7905;-2.881714;-79.6615;-149.235;-44.91479;-108.4109;-295.7905;-2.881714;-79.6615
23773.75;-149.1174;-44.78552;-110.1528;-295.8556;-2.761292;-79.67096;-149.1174;-44.78552;-110.1528;-295.8556;-2.761292;-79.67096
23782.09;-149.0913;-44.76678;-110.169;-295.7254;-2.723267;-79.70044;-149.0913;-44.76678;-110.169;-295.7254;-2.723267;-79.70044
23790.43;-149.0356;-44.70251;-112.7173;-295.8946;-2.664856;-79.71393;-149.0356;-44.70251;-112.7173;-295.8946;-2.664856;-79.71393
23798.78;-148.9739;-44.66425;-110.0329;-295.8755;-2.615417;-79.74561;-148.9739;-44.66425;-110.0329;-295.8755;-2.615417;-79.74561
23807.12;-148.8237;-44.62384;-111.6072;-295.7498;-2.49408;-79.77863;-148.8237;-44.62384;-111.6072;-295.7498;-2.49408;-79.77863
23815.46;-148.8007;-44.60822;-111.7723;-295.8009;-2.452942;-79.79926;-148.8007;-44.60822;-111.7723;-295.8009;-2.452942;-79.79926
23823.8;-148.4583;-44.38837;-110.4488;-295.7339;-2.298035;-79.84442;-148.4583;-44.38837;-110.4488;-295.7339;-2.298035;-79.84442
23832.14;-148.4175;-44.36957;-116.9243;-295.6963;-2.250977;-79.84467;-148.4175;-44.36957;-116.9243;-295.6963;-2.250977;-79.84467
23840.48;-148.2897;-44.35309;-111.2824;-295.8752;-2.161133;-79.87695;-148.2897;-44.35309;-111.2824;-295.8752;-2.161133;-79.87695
23848.82;-148.26;-44.32257;-109.3171;-295.9581;-2.124939;-79.89728;-148.26;-44.32257;-109.3171;-295.9581;-2.124939;-79.89728
23857.17;-148.1758;-44.27264;-111.6643;-295.8293;-2.023254;-79.94238;-148.1758;-44.27264;-111.6643;-295.8293;-2.023254;-79.94238
23865.51;-148.1358;-44.24109;-117.2602;-295.6049;-1.984741;-79.96173;-148.1358;-44.24109;-117.2602;-295.6049;-1.984741;-79.96173
23873.85;-148.0148;-44.16931;-109.5911;-295.8766;-1.871826;-80.01233;-148.0148;-44.16931;-109.5911;-295.8766;-1.871826;-80.01233
23882.19;-147.997;-44.15179;-109.9887;-295.831;-1.867432;-80.02539;-147.997;-44.15179;-109.9887;-295.831;-1.867432;-80.02539
23890.53;-147.8358;-44.13672;-105.9643;-295.8097;-1.773743;-80.05811;-147.8358;-44.13672;-105.9643;-295.8097;-1.773743;-80.05811
23898.88;-147.7281;-44.08289;-112.062;-295.7092;-1.63678;-80.12775;-147.7281;-44.08289;-112.062;-295.7092;-1.63678;-80.12775
23907.22;-147.653;-44.06879;-118.782;-295.8031;-1.600952;-80.146;-147.653;-44.06879;-118.782;-295.8031;-1.600952;-80.146
23915.56;-147.6016;-44.04248;-119.2709;-295.7075;-1.602112;-80.15045;-147.6016;-44.04248;-119.2709;-295.7075;-1.602112;-80.15045
23923.9;-147.4329;-43.9234;-116.0661;-295.8273;-1.416382;-80.16437;-147.4329;-43.9234;-116.0661;-295.8273;-1.416382;-80.16437
23932.24;-147.4238;-43.88055;-115.92;-295.6908;-1.402771;-80.18463;-147.4238;-43.88055;-115.92;-295.6908;-1.402771;-80.18463
23940.58;-147.3521;-43.83099;-116.8301;-295.8062;-1.337097;-80.19971;-147.3521;-43.83099;-116.8301;-295.8062;-1.337097;-80.19971
23948.93;-147.3002;-43.76965;-116.1096;-295.8062;-1.294189;-80.2146;-147.3002;-43.76965;-116.1096;-295.8062;-1.294189;-80.2146
23957.27;-147.1797;-43.64441;-112.7;-295.6754;-1.148132;-80.2417;-147.1797;-43.64441;-112.7;-295.6754;-1.148132;-80.2417
23965.61;-147.1241;-43.61237;-112.3365;-295.7804;-1.098816;-80.28387;-147.1241;-43.61237;-112.3365;-295.7804;-1.098816;-80.28387
23973.95;-147.0141;-43.58411;-102.6655;-295.7805;-1.026245;-80.31158;-147.0141;-43.58411;-102.6655;-295.7805;-1.026245;-80.31158
23982.29;-146.9785;-43.52521;-95.97754;-295.7199;-0.9395142;-80.35388;-146.9785;-43.52521;-95.97754;-295.7199;-0.9395142;-80.35388
23990.63;-146.8673;-43.52808;-87.01343;-295.4442;-0.8572388;-80.40063;-146.8673;-43.52808;-87.01343;-295.4442;-0.8572388;-80.40063
23998.97;-146.6929;-43.45435;-86.14117;-295.4471;-0.7572632;-80.44373;-146.6929;-43.45435;-86.14117;-295.4471;-0.7572632;-80.44373
24007.32;-146.5447;-43.36353;-72;-295;-0.6485596;-80.44208;-146.5447;-43.36353;-72;-295;-0.6485596;-80.44208
24015.66;-146.4534;-43.30231;-69.97833;-295.3812;-0.6281128;-80.47504;-146.4534;-43.30231;-69.97833;-295.3812;-0.6281128;-80.47504
24024;-146.3366;-43.26373;-67.88483;-295.4378;-0.5174561;-80.55499;-146.3366;-43.26373;-67.88483;-295.4378;-0.5174561;-80.55499
24032.34;-146.2977;-43.23413;-68.75934;-295.4002;-0.4489136;-80.54114;-146.2977;-43.23413;-68.75934;-295.4002;-0.4489136;-80.54114
24040.68;-146.1794;-43.20892;-59.88269;-295.2562;-0.338562;-80.60547;-146.1794;-43.20892;-59.88269;-295.2562;-0.338562;-80.60547
24049.03;-146.1299;-43.15979;-59.40289;-295.327;-0.2589722;-80.60706;-146.1299;-43.15979;-59.40289;-295.327;-0.2589722;-80.60706
24057.37;-146.0303;-43.1283;-70.14313;-295.2779;-0.1159668;-80.63477;-146.0303;-43.1283;-70.14313;-295.2779;-0.1159668;-80.63477
24065.71;-145.9863;-43.11151;-85;-295;-0.09906006;-80.68085;-145.9863;-43.11151;-85;-295;-0.09906006;-80.68085
24074.05;-145.8493;-43.09039;-86.73578;-295.2446;0.009765625;-80.73877;-145.8493;-43.09039;-86.73578;-295.2446;0.009765625;-80.73877
24082.39;-145.7891;-43.07733;-91.1933;-295.3157;0.04156494;-80.73639;-145.7891;-43.07733;-91.1933;-295.3157;0.04156494;-80.73639
24090.73;-145.6362;-43.03284;-86.97852;-295.2108;0.1069946;-80.77802;-145.6362;-43.03284;-86.97852;-295.2108;0.1069946;-80.77802
24099.07;-145.5575;-42.99634;-85.95807;-295.3642;0.1695557;-80.79932;-145.5575;-42.99634;-85.95807;-295.3642;0.1695557;-80.79932
24107.42;-145.4204;-42.75934;-87.4538;-295.3915;0.2962646;-80.83197;-145.4204;-42.75934;-87.4538;-295.3915;0.2962646;-80.83197
24115.76;-145.3965;-42.74957;-87.65656;-295.4345;0.4293823;-80.85022;-145.3965;-42.74957;-87.65656;-295.4345;0.4293823;-80.85022
24124.1;-145.2653;-42.72876;-87.40027;-295.3751;0.4668579;-80.87909;-145.2653;-42.72876;-87.40027;-295.3751;0.4668579;-80.87909
24132.44;-145.2238;-42.68927;-87.30524;-295.2466;0.5359497;-80.87482;-145.2238;-42.68927;-87.30524;-295.2466;0.5359497;-80.87482
24140.78;-145.1314;-42.63684;-102;-296;0.6323853;-80.92664;-145.1314;-42.63684;-102;-296;0.6323853;-80.92664
24149.13;-145.0804;-42.56805;-104.0013;-295.8868;0.6791382;-80.96631;-145.0804;-42.56805;-104.0013;-295.8868;0.6791382;-80.96631
24157.47;-144.9053;-42.46912;-98.69995;-295.8572;0.8065796;-81.03033;-144.9053;-42.46912;-98.69995;-295.8572;0.8065796;-81.03033
24165.81;-144.8189;-42.44623;-103.2736;-295.928;0.8355103;-81.0434;-144.8189;-42.44623;-103.2736;-295.928;0.8355103;-81.0434
24174.15;-144.636;-42.40808;-90.3587;-295.3345;0.9887695;-81.07123;-144.636;-42.40808;-90.3587;-295.3345;0.9887695;-81.07123
24182.49;-144.5495;-42.38739;-87.30774;-295.326;1.020142;-81.09631;-144.5495;-42.38739;-87.30774;-295.326;1.020142;-81.09631
24190.83;-144.4238;-42.27478;-86.92163;-295.374;-0.5092163;-82.43976;-144.4238;-42.27478;-86.92163;-295.374;-0.5092163;-82.43976
24199.18;-144.3707;-42.24768;-96.16992;-295.634;-0.9172363;-82.01593;-144.3707;-42.24768;-96.16992;-295.634;-0.9172363;-82.01593
24207.52;-144.3146;-42.16132;-87.15332;-295.4513;-0.8381348;-82.02527;-144.3146;-42.16132;-87.15332;-295.4513;-0.8381348;-82.02527
24215.86;-144.2122;-42.13348;-88.85254;-295.5106;-0.7767334;-82.05878;-144.2122;-42.13348;-88.85254;-295.5106;-0.7767334;-82.05878
24224.2;-144.1652;-42.10468;-87.88025;-295.4102;-0.6428223;-82.05884;-144.1652;-42.10468;-87.88025;-295.4102;-0.6428223;-82.05884
24232.54;-144.1324;-42.07935;-95.27484;-295.8691;-0.6212158;-82.07593;-144.1324;-42.07935;-95.27484;-295.8691;-0.6212158;-82.07593
24240.88;-144.0389;-42.01331;-86.15131;-295.4695;-0.5166626;-82.11389;-144.0389;-42.01331;-86.15131;-295.4695;-0.5166626;-82.11389
24249.22;-143.9351;-41.99835;-94.48608;-295.6914;-0.4544067;-82.17303;-143.9351;-41.99835;-94.48608;-295.6914;-0.4544067;-82.17303
24257.57;-143.863;-41.9704;-100.8051;-295.916;-0.3591309;-82.17664;-143.863;-41.9704;-100.8051;-295.916;-0.3591309;-82.17664
24265.91;-143.8044;-41.92725;-103.7031;-295.9312;-0.2694092;-82.21777;-143.8044;-41.92725;-103.7031;-295.9312;-0.2694092;-82.21777
24274.25;-143.6102;-41.89301;-102.4891;-295.8799;-0.1630249;-82.23828;-143.6102;-41.89301;-102.4891;-295.8799;-0.1630249;-82.23828
24282.59;-143.5397;-41.85712;-102.1299;-295.9044;-0.1411133;-82.25439;-143.5397;-41.85712;-102.1299;-295.9044;-0.1411133;-82.25439
24290.93;-143.4029;-41.66931;-94.46368;-295.8452;-0.000976563;-82.2619;-143.4029;-41.66931;-94.46368;-295.8452;-0.000976563;-82.2619
24299.28;-143.3719;-41.63037;-98.61414;-295.6848;0.03283691;-82.28937;-143.3719;-41.63037;-98.61414;-295.6848;0.03283691;-82.28937
24307.62;-143.2213;-41.57751;-101.9824;-295.7938;0.1356201;-82.28412;-143.2213;-41.57751;-101.9824;-295.7938;0.1356201;-82.28412
24315.96;-143.1899;-41.50537;-107.9794;-295.9393;0.2033691;-82.32043;-143.1899;-41.50537;-107.9794;-295.9393;0.2033691;-82.32043
24324.3;-142.9865;-41.44592;-105.2592;-295.8356;0.2994995;-82.31995;-142.9865;-41.44592;-105.2592;-295.8356;0.2994995;-82.31995
24332.64;-142.9568;-41.39447;-105.371;-295.9097;0.3604736;-82.34308;-142.9568;-41.39447;-105.371;-295.9097;0.3604736;-82.34308
24340.98;-142.7764;-41.36389;-109.6182;-295.5707;0.4849243;-82.34894;-142.7764;-41.36389;-109.6182;-295.5707;0.4849243;-82.34894
24349.32;-142.7265;-41.27808;-109.1005;-295.5714;0.5447388;-82.39813;-142.7265;-41.27808;-109.1005;-295.5714;0.5447388;-82.39813
24357.67;-142.632;-41.2641;-95;-296;0.6958008;-82.42072;-142.632;-41.2641;-95;-296;0.6958008;-82.42072
24366.01;-142.425;-41.16541;-94.59875;-295.8403;0.7808228;-82.42786;-142.425;-41.16541;-94.59875;-295.8403;0.7808228;-82.42786
24374.35;-142.3786;-41.10638;-86.42316;-295.3068;0.8453369;-82.46814;-142.3786;-41.10638;-86.42316;-295.3068;0.8453369;-82.46814
24382.69;-142.2872;-41.07397;-86.09174;-295.277;0.8934326;-82.49976;-142.2872;-41.07397;-86.09174;-295.277;0.8934326;-82.49976
24391.03;-142.184;-41.04132;-86.18719;-295.3837;1.023987;-82.50555;-142.184;-41.04132;-86.18719;-295.3837;1.023987;-82.50555
24399.38;-142.118;-41.02527;-87.07343;-295.4493;1.07959;-82.53101;-142.118;-41.02527;-87.07343;-295.4493;1.07959;-82.53101
24407.72;-142.0471;-40.9173;-101.3642;-295.6581;1.175964;-82.54761;-142.0471;-40.9173;-101.3642;-295.6581;1.175964;-82.54761
24416.06;-142.0048;-40.89526;-87;-295;1.222473;-82.59039;-142.0048;-40.89526;-87;-295;1.222473;-82.59039
24424.4;-141.8582;-40.86713;-86.97443;-295.3292;1.372437;-82.6272;-141.8582;-40.86713;-86.97443;-295.3292;1.372437;-82.6272
24432.74;-141.8203;-40.81421;-87.79797;-295.4048;1.395569;-82.63489;-141.8203;-40.81421;-87.79797;-295.4048;1.395569;-82.63489
24441.08;-141.6615;-40.73236;-94.56519;-295.6818;1.500549;-82.67163;-141.6615;-40.73236;-94.56519;-295.6818;1.500549;-82.67163
24449.43;-141.5637;-40.71362;-86.06818;-295.3785;1.611755;-82.68408;-141.5637;-40.71362;-86.06818;-295.3785;1.611755;-82.68408
24457.77;-141.4247;-40.61438;-87.69116;-295.4117;1.661865;-82.69104;-141.4247;-40.61438;-87.69116;-295.4117;1.661865;-82.69104
24466.11;-141.3815;-40.50488;-95.23553;-295.7496;1.74292;-82.71771;-141.3815;-40.50488;-95.23553;-295.7496;1.74292;-82.71771
24474.45;-141.1817;-40.46899;-102.418;-295.6801;1.871399;-82.73651;-141.1817;-40.46899;-102.418;-295.6801;1.871399;-82.73651
24482.79;-141.1189;-40.41858;-111.0838;-295.6633;1.905884;-82.75702;-141.1189;-40.41858;-111.0838;-295.6633;1.905884;-82.75702
24491.13;-141.0396;-40.34357;-114.9327;-295.6282;1.986633;-82.77271;-141.0396;-40.34357;-114.9327;-295.6282;1.986633;-82.77271
24499.47;-140.9551;-40.31598;-109.8529;-295.7542;2.025024;-82.81299;-140.9551;-40.31598;-109.8529;-295.7542;2.025024;-82.81299
24507.82;-140.8297;-40.28229;-109.4644;-295.6912;2.182373;-82.84161;-140.8297;-40.28229;-109.4644;-295.6912;2.182373;-82.84161
24516.16;-140.7557;-40.2691;-109.1322;-295.7029;2.236816;-82.87122;-140.7557;-40.2691;-109.1322;-295.7029;2.236816;-82.87122
24524.5;-140.5793;-40.23981;-116.8026;-295.7285;2.334534;-82.9046;-140.5793;-40.23981;-116.8026;-295.7285;2.334534;-82.9046
24532.84;-140.4838;-40.07452;-116.7462;-295.7046;2.391418;-82.9223;-140.4838;-40.07452;-116.7462;-295.7046;2.391418;-82.9223
24541.18;-140.3832;-40.06952;-113.7827;-295.6323;2.539063;-82.93634;-140.3832;-40.06952;-113.7827;-295.6323;2.539063;-82.93634
24549.53;-140.3313;-40.0462;-113.9911;-295.7;2.568054;-82.92657;-140.3313;-40.0462;-113.9911;-295.7;2.568054;-82.92657
24557.87;-140.196;-40.00769;-105.694;-295.6875;2.711975;-82.96954;-140.196;-40.00769;-105.694;-295.6875;2.711975;-82.96954
24566.21;-140.1569;-39.96918;-105.7236;-295.6608;2.762207;-82.9848;-140.1569;-39.96918;-105.7236;-295.6608;2.762207;-82.9848
24574.55;-140.0211;-39.88251;-108.9222;-295.6221;2.853088;-83.03534;-140.0211;-39.88251;-108.9222;-295.6221;2.853088;-83.03534
24582.89;-139.9681;-39.86066;-105.349;-295.631;2.958679;-83.08398;-139.9681;-39.86066;-105.349;-295.631;2.958679;-83.08398
24591.23;-139.7961;-39.85315;-111.0685;-295.781;3.047363;-83.10175;-139.7961;-39.85315;-111.0685;-295.781;3.047363;-83.10175
24599.57;-139.7695;-39.815;-114.8254;-295.7029;3.104065;-83.15094;-139.7695;-39.815;-114.8254;-295.7029;3.104065;-83.15094
24607.92;-139.5396;-39.76007;-104.2938;-295.7258;3.222534;-83.1983;-139.5396;-39.76007;-104.2938;-295.7258;3.222534;-83.1983
24616.26;-139.504;-39.62677;-109.0439;-295.6818;3.290039;-83.22473;-139.504;-39.62677;-109.0439;-295.6818;3.290039;-83.22473
24624.6;-139.2813;-39.43347;-115.1627;-295.7532;3.42041;-83.24738;-139.2813;-39.43347;-115.1627;-295.7532;3.42041;-83.24738
24632.94;-139.2179;-39.41742;-104.7288;-295.7804;3.467834;-83.2699;-139.2179;-39.41742;-104.7288;-295.7804;3.467834;-83.2699
24641.28;-139.1342;-39.37915;-110.255;-295.6484;3.59668;-83.25842;-139.1342;-39.37915;-110.255;-295.6484;3.59668;-83.25842
24649.63;-139.1091;-39.32635;-109.2218;-295.6863;3.620056;-83.28101;-139.1091;-39.32635;-109.2218;-295.6863;3.620056;-83.28101
24657.97;-138.9442;-39.31946;-95.82831;-295.7268;3.779785;-83.33685;-138.9442;-39.31946;-95.82831;-295.7268;3.779785;-83.33685
24666.31;-138.9026;-39.22778;-103.3229;-295.6841;3.801392;-83.37164;-138.9026;-39.22778;-103.3229;-295.6841;3.801392;-83.37164
24674.65;-138.7026;-39.21588;-103.8474;-295.7976;3.891296;-83.44849;-138.7026;-39.21588;-103.8474;-295.7976;3.891296;-83.44849
24682.99;-138.6534;-39.17621;-112.3443;-295.7322;3.901733;-83.50122;-138.6534;-39.17621;-112.3443;-295.7322;3.901733;-83.50122
24691.33;-138.4697;-39.10327;-112.1594;-295.7582;3.97583;-83.53455;-138.4697;-39.10327;-112.1594;-295.7582;3.97583;-83.53455
24699.68;-138.3752;-39.04877;-112.8439;-295.7471;4.023376;-83.54797;-138.3752;-39.04877;-112.8439;-295.7471;4.023376;-83.54797
24708.02;-138.2881;-38.94458;-118.9733;-295.8884;4.141235;-83.59387;-138.2881;-38.94458;-118.9733;-295.8884;4.141235;-83.59387
24716.36;-138.2645;-38.91791;-108.9152;-295.8138;4.197693;-83.60767;-138.2645;-38.91791;-108.9152;-295.8138;4.197693;-83.60767
24724.7;-138.1273;-38.89587;-118.5878;-295.9334;4.282532;-83.69647;-138.1273;-38.89587;-118.5878;-295.9334;4.282532;-83.69647
24733.04;-138.1052;-38.86713;-105;-296;4.33136;-83.74615;-138.1052;-38.86713;-105;-296;4.33136;-83.74615
24741.38;-137.9626;-38.78503;-118.2701;-295.8317;4.465332;-83.79584;-137.9626;-38.78503;-118.2701;-295.8317;4.465332;-83.79584
24749.72;-137.858;-38.77118;-117.9279;-295.7911;4.52417;-83.78076;-137.858;-38.77118;-117.9279;-295.7911;4.52417;-83.78076
24758.07;-137.6943;-38.64594;-104;-296;4.649841;-83.8205;-137.6943;-38.64594;-104;-296;4.649841;-83.8205
24766.41;-137.5977;-38.63824;-103.1783;-295.717;4.698547;-83.84607;-137.5977;-38.63824;-103.1783;-295.717;4.698547;-83.84607
24774.75;-137.3655;-38.43024;-99.3186;-295.7495;4.712341;-83.88068;-137.3655;-38.43024;-99.3186;-295.7495;4.712341;-83.88068
24783.09;-137.3213;-38.40912;-110.6804;-295.7654;4.86499;-83.91986;-137.3213;-38.40912;-110.6804;-295.7654;4.86499;-83.91986
24791.43;-137.213;-38.33545;-111.684;-295.7508;4.929321;-83.96222;-137.213;-38.33545;-111.684;-295.7508;4.929321;-83.96222
24799.78;-137.1716;-38.32721;-114.9025;-295.7397;4.96582;-83.97253;-137.1716;-38.32721;-114.9025;-295.7397;4.96582;-83.97253
24808.12;-137.0122;-38.27789;-111.2383;-295.7526;5.098083;-83.98657;-137.0122;-38.27789;-111.2383;-295.7526;5.098083;-83.98657
24816.46;-136.9647;-38.24426;-111.9314;-295.707;5.126709;-84.04102;-136.9647;-38.24426;-111.9314;-295.707;5.126709;-84.04102
24824.8;-136.8013;-38.17853;-110.8311;-295.7773;5.149292;-84.09296;-136.8013;-38.17853;-110.8311;-295.7773;5.149292;-84.09296
24833.14;-136.6866;-38.16571;-112.8784;-295.7784;5.316406;-84.1076;-136.6866;-38.16571;-112.8784;-295.7784;5.316406;-84.1076
24841.48;-136.5021;-38.0863;-102.4563;-295.7738;5.36499;-84.14954;-136.5021;-38.0863;-102.4563;-295.7738;5.36499;-84.14954
24849.82;-136.4561;-38.00873;-106.216;-295.8812;5.403931;-84.1803;-136.4561;-38.00873;-106.216;-295.8812;5.403931;-84.1803
24858.17;-136.3079;-37.93591;-113.4807;-295.6368;5.557739;-84.20874;-136.3079;-37.93591;-113.4807;-295.6368;5.557739;-84.20874
24866.51;-136.2603;-37.89874;-113.2227;-295.7029;5.594299;-84.2168;-136.2603;-37.89874;-113.2227;-295.7029;5.594299;-84.2168
24874.85;-136.1524;-37.85577;-112.7508;-295.7672;5.74469;-84.26489;-136.1524;-37.85577;-112.7508;-295.7672;5.74469;-84.26489
24883.19;-136.1182;-37.80035;-110.0526;-295.7756;5.784119;-84.29932;-136.1182;-37.80035;-110.0526;-295.7756;5.784119;-84.29932
24891.53;-135.9517;-37.72546;-96.79126;-295.761;5.897888;-84.32764;-135.9517;-37.72546;-96.79126;-295.761;5.897888;-84.32764
24899.88;-135.763;-37.64288;-110.9111;-295.8521;5.98407;-84.40741;-135.763;-37.64288;-110.9111;-295.8521;5.98407;-84.40741
24908.22;-135.7112;-37.62274;-108.4551;-295.6824;6.05249;-84.40875;-135.7112;-37.62274;-108.4551;-295.6824;6.05249;-84.40875
24916.56;-135.6319;-37.56439;-108.6188;-295.739;6.107056;-84.42212;-135.6319;-37.56439;-108.6188;-295.739;6.107056;-84.42212
24924.9;-135.3585;-37.42896;-108.2535;-295.7419;6.22467;-84.4408;-135.3585;-37.42896;-108.2535;-295.7419;6.22467;-84.4408
24933.24;-135.3041;-37.38965;-112.7458;-295.8376;6.04657;-84.01489;-135.3041;-37.38965;-112.7458;-295.8376;6.04657;-84.01489
24941.58;-135.1833;-37.35876;-108.0531;-295.702;6.221375;-84.05621;-135.1833;-37.35876;-108.0531;-295.702;6.221375;-84.05621
24949.93;-135.1153;-37.30017;-108.2108;-295.7612;6.258972;-84.06989;-135.1153;-37.30017;-108.2108;-295.7612;6.258972;-84.06989
24958.27;-134.975;-37.28821;-103.0095;-295.7477;6.430603;-84.10974;-134.975;-37.28821;-103.0095;-295.7477;6.430603;-84.10974
24966.61;-134.8642;-37.23865;-97.60638;-295.7408;6.462097;-84.12903;-134.8642;-37.23865;-97.60638;-295.7408;6.462097;-84.12903
24974.95;-134.7475;-37.20062;-86.40625;-295.3801;6.65686;-84.0816;-134.7475;-37.20062;-86.40625;-295.3801;6.65686;-84.0816
24983.29;-134.6305;-37.15033;-86.87415;-295.3271;6.708618;-84.11505;-134.6305;-37.15033;-86.87415;-295.3271;6.708618;-84.11505
24991.63;-134.4656;-37.03168;-86.10425;-295.446;6.841675;-84.12878;-134.4656;-37.03168;-86.10425;-295.446;6.841675;-84.12878
24999.97;-134.3798;-36.98431;-95.71191;-295.7189;6.916626;-84.18103;-134.3798;-36.98431;-95.71191;-295.7189;6.916626;-84.18103
25008.32;-134.2657;-36.9707;-103.1631;-295.6711;7.033875;-84.21228;-134.2657;-36.9707;-103.1631;-295.6711;7.033875;-84.21228
25016.66;-134.2236;-36.89154;-103.3243;-295.679;7.146851;-84.26031;-134.2236;-36.89154;-103.3243;-295.679;7.146851;-84.26031
25025;-134.1055;-36.89148;-94.87012;-295.7281;7.228394;-84.29431;-134.1055;-36.89148;-94.87012;-295.7281;7.228394;-84.29431
25033.34;-134.0366;-36.82672;-86.74146;-295.3811;7.329224;-84.31464;-134.0366;-36.82672;-86.74146;-295.3811;7.329224;-84.31464
25041.68;-133.9083;-36.72058;-86.22534;-295.2665;7.46521;-84.37585;-133.9083;-36.72058;-86.22534;-295.2665;7.46521;-84.37585
25050.03;-133.6853;-36.67957;-72;-295;7.534119;-84.27899;-133.6853;-36.67957;-72;-295;7.534119;-84.27899
25058.37;-133.6214;-36.63184;-59.36395;-295.2926;7.703125;-84.30255;-133.6214;-36.63184;-59.36395;-295.2926;7.703125;-84.30255
25066.71;-133.4295;-36.4657;-53.45697;-295.2554;7.753906;-84.33362;-133.4295;-36.4657;-53.45697;-295.2554;7.753906;-84.33362
25075.05;-133.3063;-36.43011;-60.21289;-295.3075;7.8927;-84.38605;-133.3063;-36.43011;-60.21289;-295.3075;7.8927;-84.38605
25083.39;-133.2419;-36.34778;-50.38281;-295.131;7.918701;-84.39362;-133.2419;-36.34778;-50.38281;-295.131;7.918701;-84.39362
25091.73;-133.1219;-36.29285;-39.42712;-295.3439;8.0625;-84.41858;-133.1219;-36.29285;-39.42712;-295.3439;8.0625;-84.41858
25100.07;-133.0428;-36.29785;-28.8963;-295.2239;8.119202;-84.45874;-133.0428;-36.29785;-28.8963;-295.2239;8.119202;-84.45874
25108.42;-132.9224;-36.24371;-26.04419;-295.1669;8.273071;-84.48785;-132.9224;-36.24371;-26.04419;-295.1669;8.273071;-84.48785
25116.76;-132.7814;-36.20801;-20.55676;-295.0689;8.182861;-84.50867;-132.7814;-36.20801;-20.55676;-295.0689;8.182861;-84.50867
25125.1;-132.6534;-36.12836;-33.18488;-295.1622;8.320923;-84.62524;-132.6534;-36.12836;-33.18488;-295.1622;8.320923;-84.62524
25133.44;-132.5532;-36.13361;-34.8338;-295.1481;8.396729;-84.64099;-132.5532;-36.13361;-34.8338;-295.1481;8.396729;-84.64099
25141.78;-132.3914;-36.01465;-36.7655;-295.2505;8.537476;-84.50763;-132.3914;-36.01465;-36.7655;-295.2505;8.537476;-84.50763
25150.13;-132.2827;-35.98267;-33.19141;-295.2424;8.660645;-84.60382;-132.2827;-35.98267;-33.19141;-295.2424;8.660645;-84.60382
25158.47;-132.1876;-35.91669;-41.02466;-295.127;8.757019;-84.61804;-132.1876;-35.91669;-41.02466;-295.127;8.757019;-84.61804
25166.81;-132.1192;-35.87842;-41.33984;-295.1445;8.798767;-84.67334;-132.1192;-35.87842;-41.33984;-295.1445;8.798767;-84.67334
25175.15;-132.023;-35.784;-29.18805;-295.1816;8.954773;-84.73865;-132.023;-35.784;-29.18805;-295.1816;8.954773;-84.73865
25183.49;-131.9395;-35.69592;-29.37427;-295.1022;7.384949;-84.43384;-131.9395;-35.69592;-29.37427;-295.1022;7.384949;-84.43384
25191.83;-131.7103;-35.67188;-32.36261;-295.1058;7.046814;-83.96552;-131.7103;-35.67188;-32.36261;-295.1058;7.046814;-83.96552
25200.18;-131.677;-35.65039;-33.81659;-295.1951;7.169861;-84.01147;-131.677;-35.65039;-33.81659;-295.1951;7.169861;-84.01147
25208.52;-131.3857;-35.47491;-32.21796;-295.2618;7.286926;-84.00781;-131.3857;-35.47491;-32.21796;-295.2618;7.286926;-84.00781
25216.86;-131.2946;-35.4173;-31.48969;-295.1749;7.472046;-84.06738;-131.2946;-35.4173;-31.48969;-295.1749;7.472046;-84.06738
25225.2;-131.2018;-35.30786;-22.93347;-295.1464;7.575073;-83.97638;-131.2018;-35.30786;-22.93347;-295.1464;7.575073;-83.97638
25233.54;-131.1285;-35.29962;-23.82672;-295.1713;7.616394;-83.99707;-131.1285;-35.29962;-23.82672;-295.1713;7.616394;-83.99707
25241.88;-130.9818;-35.26459;-32.31628;-295.1655;7.795959;-84.02142;-130.9818;-35.26459;-32.31628;-295.1655;7.795959;-84.02142
25250.22;-130.882;-35.22772;-20.97711;-295.1695;7.898926;-84.07495;-130.882;-35.22772;-20.97711;-295.1695;7.898926;-84.07495
25258.57;-130.6934;-35.13788;-32.82025;-295.1643;7.996399;-84.07007;-130.6934;-35.13788;-32.82025;-295.1643;7.996399;-84.07007
25266.91;-130.6155;-35.12701;-33.03455;-295.1384;8.099243;-84.12384;-130.6155;-35.12701;-33.03455;-295.1384;8.099243;-84.12384
25275.25;-130.4442;-35.02673;-32.63184;-295.175;8.209351;-84.13031;-130.4442;-35.02673;-32.63184;-295.175;8.209351;-84.13031
25283.59;-130.3204;-35.00897;-31.61346;-295.182;8.357178;-84.17194;-130.3204;-35.00897;-31.61346;-295.182;8.357178;-84.17194
25291.93;-130.2148;-34.90808;-32.90857;-295.1351;8.497986;-84.19049;-130.2148;-34.90808;-32.90857;-295.1351;8.497986;-84.19049
25300.28;-130.1661;-34.89288;-32.63806;-295.1503;8.561951;-84.08783;-130.1661;-34.89288;-32.63806;-295.1503;8.561951;-84.08783
25308.62;-130.0272;-34.85516;-28.03137;-295.1378;8.6875;-84.12653;-130.0272;-34.85516;-28.03137;-295.1378;8.6875;-84.12653
25316.96;-129.9048;-34.79913;-28.13733;-295.1549;8.743164;-84.17401;-129.9048;-34.79913;-28.13733;-295.1549;8.743164;-84.17401
25325.3;-129.7898;-34.69452;-19.52777;-295.1249;8.900085;-84.17236;-129.7898;-34.69452;-19.52777;-295.1249;8.900085;-84.17236
25333.64;-129.5945;-34.67365;-30.73364;-295.1526;9.018005;-84.22424;-129.5945;-34.67365;-30.73364;-295.1526;9.018005;-84.22424
25341.98;-129.4753;-34.55951;-33.68561;-295.1862;9.095215;-84.26544;-129.4753;-34.55951;-33.68561;-295.1862;9.095215;-84.26544
25350.32;-129.3291;-34.42853;-49;-295;9.184387;-84.27948;-129.3291;-34.42853;-49;-295;9.184387;-84.27948
25358.67;-129.1739;-34.41638;-61.81995;-295.2987;9.336975;-84.32129;-129.1739;-34.41638;-61.81995;-295.2987;9.336975;-84.32129
25367.01;-129.0833;-34.35138;-51.4184;-295.1616;9.51886;-84.22754;-129.0833;-34.35138;-51.4184;-295.1616;9.51886;-84.22754
25375.35;-128.9962;-34.32227;-49.2793;-295.2559;9.583862;-84.23553;-128.9962;-34.32227;-49.2793;-295.2559;9.583862;-84.23553
25383.69;-128.8534;-34.26532;-50.87085;-295.1672;9.733826;-84.26556;-128.8534;-34.26532;-50.87085;-295.1672;9.733826;-84.26556
25392.03;-128.699;-34.21393;-52.45703;-295.2253;9.833618;-84.29236;-128.699;-34.21393;-52.45703;-295.2253;9.833618;-84.29236
25400.38;-128.5184;-34.18335;-50.36761;-295.1767;9.900146;-84.31982;-128.5184;-34.18335;-50.36761;-295.1767;9.900146;-84.31982
25408.72;-128.4149;-34.06293;-49.41852;-295.2723;10.04401;-84.3642;-128.4149;-34.06293;-49.41852;-295.2723;10.04401;-84.3642
25417.06;-128.3477;-34.03644;-60.422;-295.2568;10.10168;-84.39691;-128.3477;-34.03644;-60.422;-295.2568;10.10168;-84.39691
25425.4;-128.2183;-33.99713;-52.36243;-295.2936;10.26904;-84.46228;-128.2183;-33.99713;-52.36243;-295.2936;10.26904;-84.46228
25433.74;-128.1334;-33.94873;-59.28656;-295.2751;10.25116;-84.51385;-128.1334;-33.94873;-59.28656;-295.2751;10.25116;-84.51385
25442.08;-128.0295;-33.92328;-58.62134;-295.2891;10.53033;-84.30652;-128.0295;-33.92328;-58.62134;-295.2891;10.53033;-84.30652
25450.43;-127.9242;-33.8689;-57.60773;-295.2823;10.62146;-84.33899;-127.9242;-33.8689;-57.60773;-295.2823;10.62146;-84.33899
25458.77;-127.7475;-33.80359;-59.89032;-295.3306;10.72314;-84.40576;-127.7475;-33.80359;-59.89032;-295.3306;10.72314;-84.40576
25467.11;-127.6797;-33.76642;-61.53009;-295.3098;10.76697;-84.41168;-127.6797;-33.76642;-61.53009;-295.3098;10.76697;-84.41168
25475.45;-127.4462;-33.62256;-62.30743;-295.239;10.90149;-84.47009;-127.4462;-33.62256;-62.30743;-295.239;10.90149;-84.47009
25483.79;-127.3873;-33.51868;-65.82941;-295.2501;10.88074;-84.521;-127.3873;-33.51868;-65.82941;-295.2501;10.88074;-84.521
25492.13;-127.2165;-33.46198;-60.04633;-295.2867;13.2533;-86.49677;-127.2165;-33.46198;-60.04633;-295.2867;13.2533;-86.49677
25500.47;-127.1212;-33.40039;-56.35474;-295.2059;13.07581;-86.03064;-127.1212;-33.40039;-56.35474;-295.2059;13.07581;-86.03064
25508.82;-126.9705;-33.35248;-65.29095;-295.2509;12.75757;-86.54309;-126.9705;-33.35248;-65.29095;-295.2509;12.75757;-86.54309
25517.16;-126.9149;-33.31409;-51;-295;13.12903;-87.09131;-126.9149;-33.31409;-51;-295;13.12903;-87.09131
25525.5;-126.6662;-33.27911;-40.31946;-295.2446;13.2381;-87.11554;-126.6662;-33.27911;-40.31946;-295.2446;13.2381;-87.11554
25533.84;-126.5681;-33.25549;-28.82947;-295.0812;13.1106;-87.05566;-126.5681;-33.25549;-28.82947;-295.0812;13.1106;-87.05566
25542.18;-126.428;-33.11383;-31.1123;-295.1037;13.19519;-87.0769;-126.428;-33.11383;-31.1123;-295.1037;13.19519;-87.0769
25550.53;-126.2768;-33.06879;-23.74341;-295.0756;13.30334;-87.09583;-126.2768;-33.06879;-23.74341;-295.0756;13.30334;-87.09583
25558.87;-126.1837;-33.04614;-30.66418;-295.1899;13.46747;-87.12097;-126.1837;-33.04614;-30.66418;-295.1899;13.46747;-87.12097
25567.21;-126.1002;-32.99017;-33.07172;-295.209;13.59186;-87.03247;-126.1002;-32.99017;-33.07172;-295.209;13.59186;-87.03247
25575.55;-125.9591;-32.92401;-42.41925;-295.086;13.77179;-87.04279;-125.9591;-32.92401;-42.41925;-295.086;13.77179;-87.04279
25583.89;-125.7476;-32.88422;-48.62506;-295.153;13.86603;-87.08533;-125.7476;-32.88422;-48.62506;-295.153;13.86603;-87.08533
25592.23;-125.6133;-32.85742;-48.77637;-295.3055;13.96643;-87.13672;-125.6133;-32.85742;-48.77637;-295.3055;13.96643;-87.13672
25600.57;-125.4948;-32.68738;-49.20941;-295.1814;14.07074;-87.14917;-125.4948;-32.68738;-49.20941;-295.1814;14.07074;-87.14917
25608.92;-125.3488;-32.61401;-41.26355;-295.2804;14.20288;-87.19061;-125.3488;-32.61401;-41.26355;-295.2804;14.20288;-87.19061
25617.26;-125.2737;-32.55261;-40.72076;-295.2478;14.3302;-87.21576;-125.2737;-32.55261;-40.72076;-295.2478;14.3302;-87.21576
25625.6;-125.0997;-32.48895;-27;-295;14.44208;-87.25848;-125.0997;-32.48895;-27;-295;14.44208;-87.25848
25633.94;-124.9972;-32.46027;-32.64551;-295.0745;14.5661;-87.15607;-124.9972;-32.46027;-32.64551;-295.0745;14.5661;-87.15607
25642.28;-124.8199;-32.41724;-19;-295;14.70038;-87.17493;-124.8199;-32.41724;-19;-295;14.70038;-87.17493
25650.63;-124.7101;-32.37347;-19.71002;-295.1368;14.77924;-87.19727;-124.7101;-32.37347;-19.71002;-295.1368;14.77924;-87.19727
25658.97;-124.4883;-32.30347;-19.73999;-295.1241;14.97192;-87.20905;-124.4883;-32.30347;-19.73999;-295.1241;14.97192;-87.20905
25667.31;-124.4174;-32.17743;-21.2052;-295.1202;15.04761;-87.24683;-124.4174;-32.17743;-21.2052;-295.1202;15.04761;-87.24683
25675.65;-124.2748;-32.1347;-20.79315;-295.1543;15.20154;-87.29773;-124.2748;-32.1347;-20.79315;-295.1543;15.20154;-87.29773
25683.99;-124.1573;-32.12201;-18.44647;-295.0892;15.28912;-87.33307;-124.1573;-32.12201;-18.44647;-295.0892;15.28912;-87.33307
25692.33;-124.074;-32.08234;-20.43964;-295.1396;15.46185;-87.36877;-124.074;-32.08234;-20.43964;-295.1396;15.46185;-87.36877
25700.68;-123.8941;-32.0365;-20.13531;-295.1309;15.59167;-87.23151;-123.8941;-32.0365;-20.13531;-295.1309;15.59167;-87.23151
25709.02;-123.7894;-31.96533;-30.03412;-295.0684;15.72003;-87.24866;-123.7894;-31.96533;-30.03412;-295.0684;15.72003;-87.24866
25717.36;-123.5914;-31.94965;-29.80688;-295.0806;15.80475;-87.2951;-123.5914;-31.94965;-29.80688;-295.0806;15.80475;-87.2951
25725.7;-123.4744;-31.8363;-31.82214;-295.0836;15.94806;-87.34406;-123.4744;-31.8363;-31.82214;-295.0836;15.94806;-87.34406
25734.04;-123.4147;-31.78003;-30.15198;-295.0298;16.03046;-87.3631;-123.4147;-31.78003;-30.15198;-295.0298;16.03046;-87.3631
25742.38;-123.2706;-31.75366;-27.83087;-295.1381;16.21313;-87.41046;-123.2706;-31.75366;-27.83087;-295.1381;16.21313;-87.41046
25750.72;-123.1246;-31.6579;-31.56738;-295.1105;16.28912;-87.27448;-123.1246;-31.6579;-31.56738;-295.1105;16.28912;-87.27448
25759.07;-123.084;-31.50049;-41.28278;-295.1318;16.17651;-87.07483;-123.084;-31.50049;-41.28278;-295.1318;16.17651;-87.07483
25767.41;-122.8089;-31.47424;-29.89618;-295.2049;16.28589;-87.11487;-122.8089;-31.47424;-29.89618;-295.2049;16.28589;-87.11487
25775.75;-122.677;-31.42542;-18.48401;-295.1235;16.42389;-87.15021;-122.677;-31.42542;-18.48401;-295.1235;16.42389;-87.15021
25784.09;-122.525;-31.38513;-31.59186;-295.1215;16.54602;-87.00403;-122.525;-31.38513;-31.59186;-295.1215;16.54602;-87.00403
25792.43;-122.3769;-31.26233;-22.18939;-295.2076;16.72638;-87.05078;-122.3769;-31.26233;-22.18939;-295.2076;16.72638;-87.05078
25800.78;-122.212;-31.25665;-24.02667;-295.0891;16.79919;-87.05933;-122.212;-31.25665;-24.02667;-295.0891;16.79919;-87.05933
25809.12;-122.1548;-31.19452;-20.84131;-295.1936;16.97687;-87.09583;-122.1548;-31.19452;-20.84131;-295.1936;16.97687;-87.09583
25817.46;-121.9597;-31.17023;-30.17749;-295.132;17.07025;-87.14478;-121.9597;-31.17023;-30.17749;-295.132;17.07025;-87.14478
25825.8;-121.8723;-31.078;-20.81219;-295.1371;17.19995;-87.19769;-121.8723;-31.078;-20.81219;-295.1371;17.19995;-87.19769
25834.14;-121.611;-31.07043;-23.11078;-295.0898;17.39484;-87.237;-121.611;-31.07043;-23.11078;-295.0898;17.39484;-87.237
25842.48;-121.5383;-31.02417;-16.90009;-295.161;17.45679;-87.24274;-121.5383;-31.02417;-16.90009;-295.161;17.45679;-87.24274
25850.82;-121.3831;-30.93201;-16.05865;-295.198;17.62469;-87.11823;-121.3831;-30.93201;-16.05865;-295.198;17.62469;-87.11823
25859.17;-121.2883;-30.78088;-15.30951;-295.0839;17.7475;-87.08496;-121.2883;-30.78088;-15.30951;-295.0839;17.7475;-87.08496
25867.51;-121.1173;-30.75336;-20.22083;-295.1193;17.88165;-87.15887;-121.1173;-30.75336;-20.22083;-295.1193;17.88165;-87.15887
25875.85;-121.081;-30.7038;-33.98138;-295.122;18.00824;-87.14825;-121.081;-30.7038;-33.98138;-295.122;18.00824;-87.14825
25884.19;-120.8693;-30.67047;-33.28247;-295.1062;18.1485;-87.21899;-120.8693;-30.67047;-33.28247;-295.1062;18.1485;-87.21899
25892.53;-120.7839;-30.60846;-29.51599;-295.1501;18.24786;-87.26526;-120.7839;-30.60846;-29.51599;-295.1501;18.24786;-87.26526
25900.88;-120.4421;-30.40472;-22.87994;-295.0611;18.46417;-87.30884;-120.4421;-30.40472;-22.87994;-295.0611;18.46417;-87.30884
25909.22;-120.3691;-30.37518;-18.40088;-295.117;18.54797;-87.08765;-120.3691;-30.37518;-18.40088;-295.117;18.54797;-87.08765
25917.56;-120.2037;-30.32916;-18.56549;-295.1085;18.63336;-87.14191;-120.2037;-30.32916;-18.56549;-295.1085;18.63336;-87.14191
25925.9;-120.1598;-30.30591;-28.65045;-295.264;18.81866;-87.16943;-120.1598;-30.30591;-28.65045;-295.264;18.81866;-87.16943
25934.24;-119.9987;-30.22852;-23.11194;-295.1889;18.89362;-87.18286;-119.9987;-30.22852;-23.11194;-295.1889;18.89362;-87.18286
25942.58;-119.9034;-30.11859;-34.36487;-295.1373;19.05573;-87.22083;-119.9034;-30.11859;-34.36487;-295.1373;19.05573;-87.22083
25950.93;-119.6299;-30.12506;-33.47424;-295.1774;19.16931;-87.242;-119.6299;-30.12506;-33.47424;-295.1774;19.16931;-87.242
25959.27;-119.4958;-30.04431;-43.55798;-295.0759;19.32019;-87.31879;-119.4958;-30.04431;-43.55798;-295.0759;19.32019;-87.31879
25967.61;-119.3537;-29.99438;-59;-295;19.5141;-87.13721;-119.3537;-29.99438;-59;-295;19.5141;-87.13721
25975.95;-119.2792;-29.86688;-53.51666;-295.1185;19.60944;-87.12122;-119.2792;-29.86688;-53.51666;-295.1185;19.60944;-87.12122
25984.29;-119.0983;-29.87811;-47.43207;-295.2794;19.71875;-87.13501;-119.0983;-29.87811;-47.43207;-295.2794;19.71875;-87.13501
25992.63;-119.0442;-29.8161;-60.61945;-295.2202;19.89655;-87.20654;-119.0442;-29.8161;-60.61945;-295.2202;19.89655;-87.20654
26000.97;-118.8569;-29.76373;-53.05176;-295.1434;19.9826;-87.20886;-118.8569;-29.76373;-53.05176;-295.1434;19.9826;-87.20886
26009.32;-118.7507;-29.61304;-60.12494;-295.3632;20.15417;-87.27069;-118.7507;-29.61304;-60.12494;-295.3632;20.15417;-87.27069
26017.66;-118.4779;-29.5238;-46;-295;20.2467;-87.30731;-118.4779;-29.5238;-46;-295;20.2467;-87.30731
26026;-118.3786;-29.46448;-32;-295;20.41254;-87.39288;-118.3786;-29.46448;-32;-295;20.41254;-87.39288
26034.34;-118.1976;-29.44598;-23.06586;-295.0692;20.52985;-87.08026;-118.1976;-29.44598;-23.06586;-295.0692;20.52985;-87.08026
26042.68;-118.1525;-29.29816;-24.34174;-295.0684;20.70471;-87.1745;-118.1525;-29.29816;-24.34174;-295.0684;20.70471;-87.1745
26051.03;-117.9841;-29.28137;-25.64514;-295.0983;20.77167;-87.14246;-117.9841;-29.28137;-25.64514;-295.0983;20.77167;-87.14246
26059.37;-117.8928;-29.27643;-30.84094;-295.1742;20.94812;-87.23694;-117.8928;-29.27643;-30.84094;-295.1742;20.94812;-87.23694
26067.71;-117.6734;-29.25537;-31.18634;-295.1746;21.05756;-87.21539;-117.6734;-29.25537;-31.18634;-295.1746;21.05756;-87.21539
26076.05;-117.5429;-29.12549;-19.20679;-295.1436;21.19952;-87.31866;-117.5429;-29.12549;-19.20679;-295.1436;21.19952;-87.31866
26084.39;-117.3331;-29.06738;-31.07587;-295.1655;21.30029;-87.34308;-117.3331;-29.06738;-31.07587;-295.1655;21.30029;-87.34308
26092.73;-117.2653;-29.03003;-22.83405;-295.1699;21.47687;-87.42871;-117.2653;-29.03003;-22.83405;-295.1699;21.47687;-87.42871
26101.07;-117.0988;-28.99323;-21.79089;-295.063;21.61462;-87.09821;-117.0988;-28.99323;-21.79089;-295.063;21.61462;-87.09821
26109.42;-116.9753;-28.89215;-21.86304;-295.136;21.77679;-87.14758;-116.9753;-28.89215;-21.86304;-295.136;21.77679;-87.14758
26117.76;-116.8339;-28.87744;-25.84705;-295.1497;21.9986;-87.20966;-116.8339;-28.87744;-25.84705;-295.1497;21.9986;-87.20966
26126.1;-116.6619;-28.84589;-21.96722;-295.1152;22.09406;-87.25146;-116.6619;-28.84589;-21.96722;-295.1152;22.09406;-87.25146
26134.44;-116.4806;-28.73309;-20.79523;-295.1432;22.18097;-87.28149;-116.4806;-28.73309;-20.79523;-295.1432;22.18097;-87.28149
26142.78;-116.3643;-28.53912;-23.92346;-295.1179;22.33618;-87.37714;-116.3643;-28.53912;-23.92346;-295.1179;22.33618;-87.37714
26151.13;-116.179;-28.52655;-33.20557;-295.1151;22.57135;-87.07129;-116.179;-28.52655;-33.20557;-295.1151;22.57135;-87.07129
26159.47;-116.0675;-28.45764;-20.87183;-295.0789;21.68506;-86.95343;-116.0675;-28.45764;-20.87183;-295.0789;21.68506;-86.95343
26167.81;-115.8521;-28.42139;-20.9624;-295.0639;22.1073;-87.08038;-115.8521;-28.42139;-20.9624;-295.0639;22.1073;-87.08038
26176.15;-115.7564;-28.33612;-32.16064;-295.2643;22.31769;-87.07104;-115.7564;-28.33612;-32.16064;-295.2643;22.31769;-87.07104
26184.49;-115.4637;-28.27881;-20.73737;-295.1127;22.46454;-87.12506;-115.4637;-28.27881;-20.73737;-295.1127;22.46454;-87.12506
26192.83;-115.3448;-28.16931;-21.10333;-295.1166;22.62823;-87.01263;-115.3448;-28.16931;-21.10333;-295.1166;22.62823;-87.01263
26201.18;-115.2371;-28.14844;-20.59625;-295.0398;22.82013;-87.02625;-115.2371;-28.14844;-20.59625;-295.0398;22.82013;-87.02625
26209.52;-115.1036;-28.1048;-26.56427;-295.1218;22.89111;-87.03461;-115.1036;-28.1048;-26.56427;-295.1218;22.89111;-87.03461
26217.86;-114.9524;-28.06775;-26.75366;-295.1249;22.96033;-87.04926;-114.9524;-28.06775;-26.75366;-295.1249;22.96033;-87.04926
26226.2;-114.8017;-27.97632;-20.44678;-295.0313;23.14404;-87.08929;-114.8017;-27.97632;-20.44678;-295.0313;23.14404;-87.08929
26234.54;-114.6425;-27.94934;-19.53253;-294.9948;23.23859;-87.08386;-114.6425;-27.94934;-19.53253;-294.9948;23.23859;-87.08386
26242.88;-114.4615;-27.81982;-23.24652;-294.9957;23.40692;-87.07996;-114.4615;-27.81982;-23.24652;-294.9957;23.40692;-87.07996
26251.22;-114.2932;-27.77966;-22.91357;-295.0858;23.64441;-86.95758;-114.2932;-27.77966;-22.91357;-295.0858;23.64441;-86.95758
26259.57;-114.218;-27.66187;-24.72961;-295.061;23.75488;-86.98523;-114.218;-27.66187;-24.72961;-295.061;23.75488;-86.98523
26267.91;-114.1149;-27.6322;-28.96826;-295.1145;23.83954;-87.00519;-114.1149;-27.6322;-28.96826;-295.1145;23.83954;-87.00519
26276.25;-113.9753;-27.52942;-24.78674;-295.0594;23.99799;-87.0318;-113.9753;-27.52942;-24.78674;-295.0594;23.99799;-87.0318
26284.59;-113.6871;-27.46448;-23.06592;-295.0477;24.13019;-87.04315;-113.6871;-27.46448;-23.06592;-295.0477;24.13019;-87.04315
26292.93;-113.4841;-27.37793;-33.13464;-295.0685;24.2674;-87.06415;-113.4841;-27.37793;-33.13464;-295.0685;24.2674;-87.06415
26301.28;-113.368;-27.32477;-33.09003;-295.1277;24.39563;-87.10571;-113.368;-27.32477;-33.09003;-295.1277;24.39563;-87.10571
26309.62;-113.234;-27.24445;-32.58496;-295.0948;24.58899;-86.96521;-113.234;-27.24445;-32.58496;-295.0948;24.58899;-86.96521
26317.96;-113.0964;-27.21454;-25.26831;-295.0553;24.7793;-86.9585;-113.0964;-27.21454;-25.26831;-295.0553;24.7793;-86.9585
26326.3;-112.9535;-27.1684;-22.20087;-295.1477;24.87488;-86.94043;-112.9535;-27.1684;-22.20087;-295.1477;24.87488;-86.94043
26334.64;-112.7486;-27.14044;-21.09192;-295.1163;23.1452;-89.51312;-112.7486;-27.14044;-21.09192;-295.1163;23.1452;-89.51312
26342.98;-112.5962;-27.10632;-23.37219;-295.1964;23.07379;-89.9881;-112.5962;-27.10632;-23.37219;-295.1964;23.07379;-89.9881
26351.32;-112.4184;-27.01355;-31.64935;-295.1263;23.26453;-89.98566;-112.4184;-27.01355;-31.64935;-295.1263;23.26453;-89.98566
26359.67;-112.3191;-26.87054;-22.94269;-295.2023;23.33868;-89.95874;-112.3191;-26.87054;-22.94269;-295.2023;23.33868;-89.95874
26368.01;-112.1501;-26.85541;-24.70844;-295.125;23.43677;-89.95563;-112.1501;-26.85541;-24.70844;-295.125;23.43677;-89.95563
26376.35;-112.055;-26.81848;-26.78845;-295.1369;23.64691;-90.07697;-112.055;-26.81848;-26.78845;-295.1369;23.64691;-90.07697
26384.69;-111.8649;-26.74878;-24.12225;-295.0042;23.83954;-90.05469;-111.8649;-26.74878;-24.12225;-295.0042;23.83954;-90.05469
26393.03;-111.7308;-26.61151;-22.21838;-295.0671;23.89764;-90.0575;-111.7308;-26.61151;-22.21838;-295.0671;23.89764;-90.0575
26401.38;-111.4533;-26.53302;-21.00659;-295.0723;24.09705;-90.02161;-111.4533;-26.53302;-21.00659;-295.0723;24.09705;-90.02161
26409.72;-111.2687;-26.44019;-35.05499;-295.1052;24.19812;-90.01563;-111.2687;-26.44019;-35.05499;-295.1052;24.19812;-90.01563
26418.06;-111.157;-26.41205;-35.11035;-295.1794;24.37634;-90.01855;-111.157;-26.41205;-35.11035;-295.1794;24.37634;-90.01855
26426.4;-111.0387;-26.31903;-22.46808;-295.2582;24.49213;-89.99548;-111.0387;-26.31903;-22.46808;-295.2582;24.49213;-89.99548
26434.74;-110.816;-26.30237;-23.32111;-295.1611;24.58893;-90.16626;-110.816;-26.30237;-23.32111;-295.1611;24.58893;-90.16626
26443.08;-110.6521;-26.26282;-24.60742;-295.1604;24.76556;-90.15277;-110.6521;-26.26282;-24.60742;-295.1604;24.76556;-90.15277
26451.43;-110.4497;-26.16736;-25.45361;-295.1277;24.94714;-90.13257;-110.4497;-26.16736;-25.45361;-295.1277;24.94714;-90.13257
26459.77;-110.3307;-26.091;-31.49701;-295.1224;25.04449;-90.14282;-110.3307;-26.091;-31.49701;-295.1224;25.04449;-90.14282
26468.11;-110.1735;-26.05664;-30.92914;-295.1261;25.24371;-90.10699;-110.1735;-26.05664;-30.92914;-295.1261;25.24371;-90.10699
26476.45;-110.0113;-26.0199;-25.33502;-295.1345;25.34955;-90.11176;-110.0113;-26.0199;-25.33502;-295.1345;25.34955;-90.11176
26484.79;-109.9053;-25.8952;-29.01727;-295.1329;25.495;-90.11102;-109.9053;-25.8952;-29.01727;-295.1329;25.495;-90.11102
26493.13;-109.6958;-25.8125;-20.40082;-295.2212;25.14374;-89.95654;-109.6958;-25.8125;-20.40082;-295.2212;25.14374;-89.95654
26501.47;-109.4468;-25.75507;-21.18347;-295.281;25.27991;-89.94159;-109.4468;-25.75507;-21.18347;-295.281;25.27991;-89.94159
26509.82;-109.3159;-25.67175;-22.69446;-295.2189;25.44098;-89.91077;-109.3159;-25.67175;-22.69446;-295.2189;25.44098;-89.91077
26518.16;-109.1934;-25.59784;-29.02429;-295.1362;25.59259;-90.09259;-109.1934;-25.59784;-29.02429;-295.1362;25.59259;-90.09259
26526.5;-109.026;-25.4566;-27.79938;-295.1185;26.21338;-88.65027;-109.026;-25.4566;-27.79938;-295.1185;26.21338;-88.65027
26534.84;-108.8286;-25.4505;-26.42615;-295.1217;26.0929;-88.95258;-108.8286;-25.4505;-26.42615;-295.1217;26.0929;-88.95258
26543.18;-108.608;-25.37695;-32.28394;-295.1611;26.25684;-88.93616;-108.608;-25.37695;-32.28394;-295.1611;26.25684;-88.93616
26551.53;-108.4462;-25.3241;-23.32153;-295.0571;26.33759;-88.92761;-108.4462;-25.3241;-23.32153;-295.0571;26.33759;-88.92761
26559.87;-108.3157;-25.21387;-31.15778;-295.1028;26.56122;-89.0871;-108.3157;-25.21387;-31.15778;-295.1028;26.56122;-89.0871
26568.21;-108.15;-25.19501;-34.56708;-295.1567;26.71484;-89.06067;-108.15;-25.19501;-34.56708;-295.1567;26.71484;-89.06067
26576.55;-107.9942;-25.16052;-32.95093;-295.1569;26.84833;-89.05212;-107.9942;-25.16052;-32.95093;-295.1569;26.84833;-89.05212
26584.89;-107.9142;-25.10345;-32.58221;-295.1279;26.92273;-89.06372;-107.9142;-25.10345;-32.58221;-295.1279;26.92273;-89.06372
26593.23;-107.6642;-25.02832;-20.34692;-295.1202;27.07324;-89.02618;-107.6642;-25.02832;-20.34692;-295.1202;27.07324;-89.02618
26601.57;-107.4442;-24.97284;-20.60547;-295.0736;27.15369;-89.026;-107.4442;-24.97284;-20.60547;-295.0736;27.15369;-89.026
26609.92;-107.3151;-24.90942;-34.21136;-295.0753;27.34009;-88.9928;-107.3151;-24.90942;-34.21136;-295.0753;27.34009;-88.9928
26618.26;-107.1605;-24.84412;-33.10223;-295.1047;27.52271;-89.15558;-107.1605;-24.84412;-33.10223;-295.1047;27.52271;-89.15558
26626.6;-107.092;-24.70575;-19.99316;-295.1683;27.63538;-89.14276;-107.092;-24.70575;-19.99316;-295.1683;27.63538;-89.14276
26634.94;-106.89;-24.67181;-20.24109;-295.1038;27.78491;-89.1109;-106.89;-24.67181;-20.24109;-295.1038;27.78491;-89.1109
26643.28;-106.7772;-24.5434;-32.41211;-295.1304;27.89752;-89.06006;-106.7772;-24.5434;-32.41211;-295.1304;27.89752;-89.06006
26651.63;-106.428;-24.47357;-21.07294;-295.1714;28.03412;-89.05725;-106.428;-24.47357;-21.07294;-295.1714;28.03412;-89.05725
26659.97;-106.2719;-24.39514;-21.43243;-295.1379;28.22418;-89.02075;-106.2719;-24.39514;-21.43243;-295.1379;28.22418;-89.02075
26668.31;-106.1811;-24.35138;-30.6814;-295.1426;28.31616;-89.00793;-106.1811;-24.35138;-30.6814;-295.1426;28.31616;-89.00793
26676.65;-106.0113;-24.26355;-23.11578;-295.0555;28.49744;-89.00037;-106.0113;-24.26355;-23.11578;-295.0555;28.49744;-89.00037
26684.99;-105.7613;-24.24017;-17.05695;-295.1346;29.09198;-91.40784;-105.7613;-24.24017;-17.05695;-295.1346;29.09198;-91.40784
26693.33;-105.4971;-24.15247;-18.25031;-295.1922;29.1488;-90.98004;-105.4971;-24.15247;-18.25031;-295.1922;29.1488;-90.98004
26701.68;-105.3356;-24.10919;-21.7699;-295.1773;29.24268;-91.0036;-105.3356;-24.10919;-21.7699;-295.1773;29.24268;-91.0036
26710.02;-105.2518;-24.04938;-18.87866;-295.2333;29.43817;-90.97327;-105.2518;-24.04938;-18.87866;-295.2333;29.43817;-90.97327
26718.36;-105.0871;-24.00977;-19.15277;-295.1787;29.56451;-91.11847;-105.0871;-24.00977;-19.15277;-295.1787;29.56451;-91.11847
26726.7;-104.9457;-23.89856;-23.80811;-295.1263;29.72845;-91.12354;-104.9457;-23.89856;-23.80811;-295.1263;29.72845;-91.12354
26735.04;-104.685;-23.87463;-17.20178;-295.0746;29.85956;-91.10986;-104.685;-23.87463;-17.20178;-295.0746;29.85956;-91.10986
26743.38;-104.5534;-23.80414;-23.74835;-295.0999;29.99908;-91.09863;-104.5534;-23.80414;-23.74835;-295.0999;29.99908;-91.09863
26751.72;-104.3572;-23.63019;-23.69141;-295.0979;30.11835;-91.08307;-104.3572;-23.63019;-23.69141;-295.0979;30.11835;-91.08307
26760.07;-104.2384;-23.54358;-23.63501;-295.1382;30.16248;-91.0849;-104.2384;-23.54358;-23.63501;-295.1382;30.16248;-91.0849
26768.41;-103.9951;-23.49249;-23.62769;-295.1098;30.42328;-91.03864;-103.9951;-23.49249;-23.62769;-295.1098;30.42328;-91.03864
26776.75;-103.8802;-23.37518;-22.59192;-295.1309;30.59375;-91.17352;-103.8802;-23.37518;-22.59192;-295.1309;30.59375;-91.17352
26785.09;-103.6313;-23.3537;-33.20099;-295.1354;30.66687;-91.16638;-103.6313;-23.3537;-33.20099;-295.1354;30.66687;-91.16638
26793.43;-103.3948;-23.26617;-22.24847;-295.1657;30.84381;-91.13696;-103.3948;-23.26617;-22.24847;-295.1657;30.84381;-91.13696
26801.78;-103.2833;-23.20422;-21.91168;-295.1595;30.97009;-91.13202;-103.2833;-23.20422;-21.91168;-295.1595;30.97009;-91.13202
26810.12;-103.1395;-23.12909;-24.1106;-295.1786;31.15759;-91.10773;-103.1395;-23.12909;-24.1106;-295.1786;31.15759;-91.10773
26818.46;-102.9384;-23.1095;-17.46112;-295.0034;31.22211;-91.10077;-102.9384;-23.1095;-17.46112;-295.0034;31.22211;-91.10077
26826.8;-102.7354;-22.98102;-24.67328;-295.1313;31.34875;-91.1134;-102.7354;-22.98102;-24.67328;-295.1313;31.34875;-91.1134
26835.14;-102.5386;-22.96704;-19.1709;-295.1541;31.52832;-91.22028;-102.5386;-22.96704;-19.1709;-295.1541;31.52832;-91.22028
26843.48;-102.3973;-22.88141;-32.77112;-295.093;31.65485;-91.21796;-102.3973;-22.88141;-32.77112;-295.093;31.65485;-91.21796
26851.82;-102.2286;-22.81665;-33.67688;-295.1201;31.79694;-91.20013;-102.2286;-22.81665;-33.67688;-295.1201;31.79694;-91.20013
26860.17;-102.0812;-22.71167;-29.4035;-295.0667;31.89783;-91.20953;-102.0812;-22.71167;-29.4035;-295.0667;31.89783;-91.20953
26868.51;-101.8698;-22.69238;-32.96674;-295.0804;32.03888;-91.22278;-101.8698;-22.69238;-32.96674;-295.0804;32.03888;-91.22278
26876.85;-101.7101;-22.58539;-20.12421;-295.0421;32.14502;-91.22034;-101.7101;-22.58539;-20.12421;-295.0421;32.14502;-91.22034
26885.19;-101.4131;-22.49951;-20.17529;-295.0204;32.2901;-91.21051;-101.4131;-22.49951;-20.17529;-295.0204;32.2901;-91.21051
26893.53;-101.2853;-22.38281;-21.66504;-295.1857;32.46094;-91.21149;-101.2853;-22.38281;-21.66504;-295.1857;32.46094;-91.21149
26901.88;-101.1396;-22.30359;-24.34235;-295.1801;32.61591;-91.30005;-101.1396;-22.30359;-24.34235;-295.1801;32.61591;-91.30005
26910.22;-100.9792;-22.25854;-32.85052;-295.1064;32.69562;-91.31372;-100.9792;-22.25854;-32.85052;-295.1064;32.69562;-91.31372
26918.56;-100.7827;-22.21643;-32.91486;-295.0994;32.86786;-91.31482;-100.7827;-22.21643;-32.91486;-295.0994;32.86786;-91.31482
26926.9;-100.4816;-22.15588;-30.30597;-295.1753;31.69403;-90.79651;-100.4816;-22.15588;-30.30597;-295.1753;31.69403;-90.79651
26935.24;-100.3666;-22.10065;-19.89301;-295.1192;32.1308;-91.00073;-100.3666;-22.10065;-19.89301;-295.1192;32.1308;-91.00073
26943.58;-100.2362;-22.02112;-31.97784;-295.1809;31.65631;-91.45361;-100.2362;-22.02112;-31.97784;-295.1809;31.65631;-91.45361
26951.93;-100.0863;-22.00085;-26.17279;-295.1143;32.06384;-91.00452;-100.0863;-22.00085;-26.17279;-295.1143;32.06384;-91.00452
26960.27;-99.94617;-21.91656;-31.03772;-295.1107;32.2392;-90.98663;-99.94617;-21.91656;-31.03772;-295.1107;32.2392;-90.98663
26968.61;-99.6767;-21.89331;-45.12201;-295.2592;32.35529;-90.99756;-99.6767;-21.89331;-45.12201;-295.2592;32.35529;-90.99756
26976.95;-99.46777;-21.75873;-59.23969;-295.3397;32.48499;-91.00433;-99.46777;-21.75873;-59.23969;-295.3397;32.48499;-91.00433
26985.29;-99.3382;-21.74805;-66.98584;-295.3409;32.63745;-91.09894;-99.3382;-21.74805;-66.98584;-295.3409;32.63745;-91.09894
26993.63;-99.19476;-21.58899;-67.30078;-295.4902;32.76581;-91.09711;-99.19476;-21.58899;-67.30078;-295.4902;32.76581;-91.09711
27001.97;-99.02594;-21.51941;-59.69568;-295.2067;32.90875;-91.11072;-99.02594;-21.51941;-59.69568;-295.2067;32.90875;-91.11072
27010.32;-98.76898;-21.453;-71.61664;-295.306;33.04669;-91.10358;-98.76898;-21.453;-71.61664;-295.306;33.04669;-91.10358
27018.66;-98.5105;-21.41949;-86.25983;-295.3615;33.073;-91.258;-98.5105;-21.41949;-86.25983;-295.3615;33.073;-91.258
27027;-98.3432;-21.32153;-85.72479;-295.4393;33.32507;-91.00562;-98.3432;-21.32153;-85.72479;-295.4393;33.32507;-91.00562
27035.34;-98.19635;-21.25836;-86.4281;-295.3975;33.2981;-91.00415;-98.19635;-21.25836;-86.4281;-295.3975;33.2981;-91.00415
27043.68;-98.06891;-21.15021;-85.76538;-295.3365;33.11462;-90.98236;-98.06891;-21.15021;-85.76538;-295.3365;33.11462;-90.98236
27052.03;-97.87872;-21.12115;-86.07697;-295.3729;33.19446;-90.98151;-97.87872;-21.12115;-86.07697;-295.3729;33.19446;-90.98151
27060.37;-97.6051;-21.08411;-86.31024;-295.3541;33.39789;-90.96918;-97.6051;-21.08411;-86.31024;-295.3541;33.39789;-90.96918
27068.71;-97.39819;-20.99493;-86.18555;-295.3818;33.54846;-91.05176;-97.39819;-20.99493;-86.18555;-295.3818;33.54846;-91.05176
27077.05;-97.27966;-20.90546;-86.93439;-295.4546;33.71942;-91.05231;-97.27966;-20.90546;-86.93439;-295.4546;33.71942;-91.05231
27085.39;-97.10663;-20.86346;-86.75372;-295.4159;33.84265;-91.04669;-97.10663;-20.86346;-86.75372;-295.4159;33.84265;-91.04669
27093.73;-96.87891;-20.79437;-86.91455;-295.3779;33.96924;-91.02155;-96.87891;-20.79437;-86.91455;-295.3779;33.96924;-91.02155
27102.07;-96.62683;-20.7431;-86.67639;-295.4565;34.11212;-91.01099;-96.62683;-20.7431;-86.67639;-295.4565;34.11212;-91.01099
27110.42;-96.43872;-20.60333;-100.7969;-295.7216;34.27618;-91.02179;-96.43872;-20.60333;-100.7969;-295.7216;34.27618;-91.02179
27118.76;-96.31049;-20.52325;-110.2827;-295.7212;34.3385;-91.01343;-96.31049;-20.52325;-110.2827;-295.7212;34.3385;-91.01343
27127.1;-96.11115;-20.44849;-108.1458;-295.7823;34.53778;-91.09821;-96.11115;-20.44849;-108.1458;-295.7823;34.53778;-91.09821
27135.44;-95.89478;-20.3927;-107.9317;-295.8373;35.2663;-91.42651;-95.89478;-20.3927;-107.9317;-295.8373;35.2663;-91.42651
27143.78;-95.67554;-20.31549;-104.8627;-295.872;35.19189;-90.98914;-95.67554;-20.31549;-104.8627;-295.872;35.19189;-90.98914
27152.13;-95.4494;-20.24469;-110.3832;-295.8564;35.39667;-90.9798;-95.4494;-20.24469;-110.3832;-295.8564;35.39667;-90.9798
27160.47;-95.29694;-20.14893;-104.2953;-295.8224;35.48834;-91.00262;-95.29694;-20.14893;-104.2953;-295.8224;35.48834;-91.00262
27168.81;-95.11432;-20.12885;-109.954;-295.8267;35.60785;-91.07214;-95.11432;-20.12885;-109.954;-295.8267;35.60785;-91.07214
27177.15;-94.97357;-20.07678;-110.5494;-295.7648;35.75739;-91.08026;-94.97357;-20.07678;-110.5494;-295.7648;35.75739;-91.08026
27185.49;-94.71106;-20.04266;-110.0511;-295.7623;35.8902;-91.09174;-94.71106;-20.04266;-110.0511;-295.7623;35.8902;-91.09174
27193.83;-94.48413;-19.9552;-104.4334;-295.8141;36.0675;-91.0824;-94.48413;-19.9552;-104.4334;-295.8141;36.0675;-91.0824
27202.18;-94.33722;-19.90375;-104.0139;-295.8375;36.21716;-91.09778;-94.33722;-19.90375;-104.0139;-295.8375;36.21716;-91.09778
27210.52;-94.15973;-19.81256;-111.9772;-295.7246;36.32111;-91.07745;-94.15973;-19.81256;-111.9772;-295.7246;36.32111;-91.07745
27218.86;-93.98132;-19.7558;-110.9791;-295.6959;36.34314;-92.27393;-93.98132;-19.7558;-110.9791;-295.6959;36.34314;-92.27393
27227.2;-93.78308;-19.63245;-117.2336;-295.7774;36.16504;-92.008;-93.78308;-19.63245;-117.2336;-295.7774;36.16504;-92.008
27235.54;-93.58691;-19.58936;-112.8036;-295.7148;36.22076;-92.0119;-93.58691;-19.58936;-112.8036;-295.7148;36.22076;-92.0119
27243.88;-93.33972;-19.46674;-122.415;-295.8885;36.86536;-92.17926;-93.33972;-19.46674;-122.415;-295.8885;36.86536;-92.17926
27252.22;-93.21997;-19.39874;-129.3128;-295.9077;37.07422;-92.01007;-93.21997;-19.39874;-129.3128;-295.9077;37.07422;-92.01007
27260.57;-93.07898;-19.30859;-131.8822;-295.8768;37.25647;-92.00433;-93.07898;-19.30859;-131.8822;-295.8768;37.25647;-92.00433
27268.91;-92.85632;-19.28802;-134.0377;-295.8163;37.33362;-92.01794;-92.85632;-19.28802;-134.0377;-295.8163;37.33362;-92.01794
27277.25;-92.56958;-19.24139;-120;-296;37.52985;-92.06116;-92.56958;-19.24139;-120;-296;37.52985;-92.06116
27285.59;-92.36609;-19.16339;-111.3271;-295.701;38.43146;-91.58191;-92.36609;-19.16339;-111.3271;-295.701;38.43146;-91.58191
27293.93;-92.2439;-19.06769;-120.0642;-295.7548;38.17249;-92.02484;-92.2439;-19.06769;-120.0642;-295.7548;38.17249;-92.02484
27302.28;-92.04175;-19.04767;-115.5448;-295.7432;38.36774;-92.02783;-92.04175;-19.04767;-115.5448;-295.7432;38.36774;-92.02783
27310.62;-91.87299;-18.95282;-120.2631;-295.7094;38.4696;-92.01929;-91.87299;-18.95282;-120.2631;-295.7094;38.4696;-92.01929
27318.96;-91.57587;-18.92133;-132.7595;-295.8336;38.68781;-92.06213;-91.57587;-18.92133;-132.7595;-295.8336;38.68781;-92.06213
27327.3;-91.38367;-18.77667;-120.2896;-295.7099;38.14185;-92.06622;-91.38367;-18.77667;-120.2896;-295.7099;38.14185;-92.06622
27335.64;-91.22705;-18.75128;-107.8603;-295.8756;38.19104;-91.99487;-91.22705;-18.75128;-107.8603;-295.8756;38.19104;-91.99487
27343.98;-91.1225;-18.65045;-114.3707;-295.7104;38.26538;-92.01508;-91.1225;-18.65045;-114.3707;-295.7104;38.26538;-92.01508
27352.32;-90.88464;-18.58289;-114.6531;-295.7294;38.50116;-92.0318;-90.88464;-18.58289;-114.6531;-295.7294;38.50116;-92.0318
27360.67;-90.63904;-18.4903;-113.0354;-295.6486;38.43793;-92.354;-90.63904;-18.4903;-113.0354;-295.6486;38.43793;-92.354
27369.01;-90.38135;-18.43024;-114.9504;-295.6895;38.18524;-92.00574;-90.38135;-18.43024;-114.9504;-295.6895;38.18524;-92.00574
27377.35;-90.16791;-18.31689;-114.7249;-295.6745;38.27747;-92.01062;-90.16791;-18.31689;-114.7249;-295.6745;38.27747;-92.01062
27385.69;-89.98749;-18.29297;-116.7416;-295.6835;38.48016;-92.02277;-89.98749;-18.29297;-116.7416;-295.6835;38.48016;-92.02277
27394.03;-89.77692;-18.21387;-113.8603;-295.7048;38.57697;-92.04523;-89.77692;-18.21387;-113.8603;-295.7048;38.57697;-92.04523
27402.38;-89.48975;-18.17957;-114.1437;-295.7375;38.78119;-92.05829;-89.48975;-18.17957;-114.1437;-295.7375;38.78119;-92.05829
27410.72;-89.32776;-18.09912;-103.7087;-295.7189;38.90424;-92.07574;-89.32776;-18.09912;-103.7087;-295.7189;38.90424;-92.07574
27419.06;-89.15857;-18.07782;-115.8895;-295.7798;38.98254;-92.10205;-89.15857;-18.07782;-115.8895;-295.7798;38.98254;-92.10205
27427.4;-88.99982;-17.98132;-109.0589;-295.7993;39.18433;-92.08148;-88.99982;-17.98132;-109.0589;-295.7993;39.18433;-92.08148
27435.74;-88.73975;-17.94836;-101.9699;-295.7633;39.349;-92.08081;-88.73975;-17.94836;-101.9699;-295.7633;39.349;-92.08081
27444.08;-88.45862;-17.85181;-117;-296;39.48022;-92.09961;-88.45862;-17.85181;-117;-296;39.48022;-92.09961
27452.43;-88.27911;-17.77002;-119.9326;-295.9615;40.09424;-92.1424;-88.27911;-17.77002;-119.9326;-295.9615;40.09424;-92.1424
27460.77;-88.16876;-17.67023;-108.2921;-295.8604;40.15497;-91.99371;-88.16876;-17.67023;-108.2921;-295.8604;40.15497;-91.99371
27469.11;-87.95422;-17.62695;-108.975;-295.8255;40.36395;-92.00677;-87.95422;-17.62695;-108.975;-295.8255;40.36395;-92.00677
27477.45;-87.71173;-17.47992;-108.396;-295.8063;40.4328;-91.99463;-87.71173;-17.47992;-108.396;-295.8063;40.4328;-91.99463
27485.79;-87.43738;-17.44556;-108.1376;-295.8318;40.66431;-92.03766;-87.43738;-17.44556;-108.1376;-295.8318;40.66431;-92.03766
27494.13;-87.29901;-17.36487;-109.6142;-295.879;40.74902;-92.03821;-87.29901;-17.36487;-109.6142;-295.879;40.74902;-92.03821
27502.47;-87.10162;-17.30591;-113.1349;-295.7958;40.8631;-92.01758;-87.10162;-17.30591;-113.1349;-295.7958;40.8631;-92.01758
27510.82;-86.9187;-17.19763;-112.9285;-295.6466;41.00824;-92.04309;-86.9187;-17.19763;-112.9285;-295.6466;41.00824;-92.04309
27519.16;-86.63416;-17.20514;-114.129;-295.7584;41.19611;-92.02448;-86.63416;-17.20514;-114.129;-295.7584;41.19611;-92.02448
27527.5;-86.43158;-17.11859;-111.995;-295.7067;41.3114;-92.0318;-86.43158;-17.11859;-111.995;-295.7067;41.3114;-92.0318
27535.84;-86.24988;-17.05902;-114.4952;-295.8076;41.41248;-92.02893;-86.24988;-17.05902;-114.4952;-295.8076;41.41248;-92.02893
27544.18;-86.12732;-16.97839;-112.9327;-295.6809;41.5946;-92.07367;-86.12732;-16.97839;-112.9327;-295.6809;41.5946;-92.07367
27552.53;-85.91608;-16.95038;-111.1152;-295.7836;41.79297;-92.04895;-85.91608;-16.95038;-111.1152;-295.7836;41.79297;-92.04895
27560.87;-85.6543;-16.87299;-102.1699;-295.7168;41.89917;-92.07397;-85.6543;-16.87299;-102.1699;-295.7168;41.89917;-92.07397
27569.21;-85.41248;-16.7757;-112.9351;-295.7155;42.104;-92.07367;-85.41248;-16.7757;-112.9351;-295.7155;42.104;-92.07367
27577.55;-85.27216;-16.65228;-115.0717;-295.6315;42.15088;-92.06769;-85.27216;-16.65228;-115.0717;-295.6315;42.15088;-92.06769
27585.89;-85.11584;-16.58417;-110.9374;-295.7125;42.35986;-92.08417;-85.11584;-16.58417;-110.9374;-295.7125;42.35986;-92.08417
27594.23;-84.862;-16.48163;-115.8582;-295.678;42.51721;-92.13068;-84.862;-16.48163;-115.8582;-295.678;42.51721;-92.13068
27602.57;-84.56238;-16.4574;-115.2542;-295.627;42.70367;-92.1145;-84.56238;-16.4574;-115.2542;-295.627;42.70367;-92.1145
27610.92;-84.34613;-16.32703;-103.0307;-295.7339;42.96112;-92.77844;-84.34613;-16.32703;-103.0307;-295.7339;42.96112;-92.77844
27619.26;-84.17255;-16.28668;-106.0188;-295.6719;43.17419;-92.98969;-84.17255;-16.28668;-106.0188;-295.6719;43.17419;-92.98969
27627.6;-83.97534;-16.20721;-111.5707;-295.6854;44.17328;-93.28607;-83.97534;-16.20721;-111.5707;-295.6854;44.17328;-93.28607
27635.94;-83.67999;-16.20239;-102.9743;-295.6697;44.12775;-92.99255;-83.67999;-16.20239;-102.9743;-295.6697;44.12775;-92.99255
27644.28;-83.46112;-16.11072;-115.2591;-295.4202;43.19623;-93.15338;-83.46112;-16.11072;-115.2591;-295.4202;43.19623;-93.15338
27652.63;-83.27252;-16.06537;-121.9222;-295.7951;43.04016;-93.01282;-83.27252;-16.06537;-121.9222;-295.7951;43.04016;-93.01282
27660.97;-83.1026;-15.9856;-109.1735;-295.7617;43.25024;-92.99127;-83.1026;-15.9856;-109.1735;-295.7617;43.25024;-92.99127
27669.31;-82.91229;-15.94342;-118.8221;-295.7907;43.45844;-93.01837;-82.91229;-15.94342;-118.8221;-295.7907;43.45844;-93.01837
27677.65;-82.64508;-15.9021;-106.1673;-295.774;43.56836;-93.04822;-82.64508;-15.9021;-106.1673;-295.774;43.56836;-93.04822
27685.99;-82.38544;-15.776;-110.2401;-295.8012;43.78131;-93.06165;-82.38544;-15.776;-110.2401;-295.8012;43.78131;-93.06165
27694.33;-82.21729;-15.68396;-109.1649;-295.7655;43.93762;-93.04645;-82.21729;-15.68396;-109.1649;-295.7655;43.93762;-93.04645
27702.68;-82.0094;-15.61377;-112.2352;-295.7343;44.04932;-93.08502;-82.0094;-15.61377;-112.2352;-295.7343;44.04932;-93.08502
27711.02;-81.77753;-15.52655;-112.2142;-295.6232;44.27679;-93.06732;-81.77753;-15.52655;-112.2142;-295.6232;44.27679;-93.06732
27719.36;-81.47223;-15.43518;-111.0961;-295.7004;44.29596;-93.06213;-81.47223;-15.43518;-111.0961;-295.7004;44.29596;-93.06213
27727.7;-81.30719;-15.38733;-111.6674;-295.6556;44.55829;-93.12134;-81.30719;-15.38733;-111.6674;-295.6556;44.55829;-93.12134
27736.04;-81.09528;-15.31812;-112.1324;-295.6187;44.66443;-93.1189;-81.09528;-15.31812;-112.1324;-295.6187;44.66443;-93.1189
27744.38;-80.89764;-15.2215;-103.7239;-295.7976;44.88049;-93.11444;-80.89764;-15.2215;-103.7239;-295.7976;44.88049;-93.11444
27752.72;-80.61255;-15.1908;-103.8397;-295.8359;45.06238;-93.11377;-80.61255;-15.1908;-103.8397;-295.8359;45.06238;-93.11377
27761.07;-80.38678;-15.07697;-102.2534;-295.8206;45.1156;-93.12354;-80.38678;-15.07697;-102.2534;-295.8206;45.1156;-93.12354
27769.41;-80.2301;-15.03723;-101.0176;-295.8208;45.33002;-93.10791;-80.2301;-15.03723;-101.0176;-295.8208;45.33002;-93.10791
27777.75;-80.04279;-14.9989;-114.4681;-295.6981;45.41138;-93.10468;-80.04279;-14.9989;-114.4681;-295.6981;45.41138;-93.10468
27786.09;-79.77393;-14.94873;-112.4907;-295.7313;45.66425;-93.13751;-79.77393;-14.94873;-112.4907;-295.7313;45.66425;-93.13751
27794.43;-79.49371;-14.83276;-103.2372;-295.712;45.74268;-93.15497;-79.49371;-14.83276;-103.2372;-295.712;45.74268;-93.15497
27802.78;-79.30164;-14.80585;-114.9792;-295.6929;45.9812;-93.12244;-79.30164;-14.80585;-114.9792;-295.6929;45.9812;-93.12244
27811.12;-79.13885;-14.72815;-114.382;-295.7093;46.14661;-93.09601;-79.13885;-14.72815;-114.382;-295.7093;46.14661;-93.09601
27819.46;-78.96985;-14.55688;-111.8429;-295.7748;46.19885;-93.10016;-78.96985;-14.55688;-111.8429;-295.7748;46.19885;-93.10016
27827.8;-78.65961;-14.49805;-112.9257;-295.7792;46.42535;-93.08508;-78.65961;-14.49805;-112.9257;-295.7792;46.42535;-93.08508
27836.14;-78.40955;-14.45416;-114.7533;-295.8417;47.66077;-94.26031;-78.40955;-14.45416;-114.7533;-295.8417;47.66077;-94.26031
27844.48;-78.24072;-14.39484;-114.9019;-295.7542;48.23248;-94.00684;-78.24072;-14.39484;-114.9019;-295.7542;48.23248;-94.00684
27852.82;-78.05267;-14.34277;-108.6704;-295.9404;48.39227;-94.01727;-78.05267;-14.34277;-108.6704;-295.9404;48.39227;-94.01727
27861.17;-77.83612;-14.23328;-107.0811;-295.7059;48.48529;-94.01794;-77.83612;-14.23328;-107.0811;-295.7059;48.48529;-94.01794
27869.51;-77.52277;-14.22156;-111.3357;-295.7544;48.73132;-94.05609;-77.52277;-14.22156;-111.3357;-295.7544;48.73132;-94.05609
27877.85;-77.34131;-14.15521;-106.117;-295.6874;48.83759;-94.0517;-77.34131;-14.15521;-106.117;-295.6874;48.83759;-94.0517
27886.19;-77.16321;-14.11115;-106.0699;-295.7089;48.99286;-94.07025;-77.16321;-14.11115;-106.0699;-295.7089;48.99286;-94.07025
27894.53;-76.95502;-13.98956;-116.3558;-295.8326;49.16699;-94.04163;-76.95502;-13.98956;-116.3558;-295.8326;49.16699;-94.04163
27902.88;-76.75531;-13.94342;-104.5332;-295.7381;49.39905;-94.05035;-76.75531;-13.94342;-104.5332;-295.7381;49.39905;-94.05035
27911.22;-76.4505;-13.87091;-95.65863;-295.7028;49.50391;-94.09546;-76.4505;-13.87091;-95.65863;-295.7028;49.50391;-94.09546
27919.56;-76.2616;-13.84137;-96.07214;-295.6993;49.66058;-94.07397;-76.2616;-13.84137;-96.07214;-295.6993;49.66058;-94.07397
27927.9;-76.04138;-13.73682;-95.82947;-295.7564;49.86627;-94.06635;-76.04138;-13.73682;-95.82947;-295.7564;49.86627;-94.06635
27936.24;-75.78131;-13.72119;-95.88733;-295.7275;50.01013;-94.04718;-75.78131;-13.72119;-95.88733;-295.7275;50.01013;-94.04718
27944.58;-75.47449;-13.54254;-107.8573;-295.8615;50.1817;-94.03827;-75.47449;-13.54254;-107.8573;-295.8615;50.1817;-94.03827
27952.93;-75.27045;-13.4649;-107.9001;-295.8319;50.29785;-93.99524;-75.27045;-13.4649;-107.9001;-295.8319;50.29785;-93.99524
27961.27;-75.10022;-13.4126;-107.1981;-295.6918;50.51312;-94.03296;-75.10022;-13.4126;-107.1981;-295.6918;50.51312;-94.03296
27969.61;-74.84216;-13.38879;-107.1292;-295.6686;50.71643;-94.03052;-74.84216;-13.38879;-107.1292;-295.6686;50.71643;-94.03052
27977.95;-74.55145;-13.2757;-107.3895;-295.746;50.88269;-94.00897;-74.55145;-13.2757;-107.3895;-295.746;50.88269;-94.00897
27986.29;-74.32379;-13.22778;-108.0245;-295.7891;51.06891;-94.01184;-74.32379;-13.22778;-108.0245;-295.7891;51.06891;-94.01184
27994.63;-74.17694;-13.10657;-107.154;-295.7313;51.17078;-94.0174;-74.17694;-13.10657;-107.154;-295.7313;51.17078;-94.0174
28002.97;-73.94086;-13.09619;-122;-296;51.34546;-94.03937;-73.94086;-13.09619;-122;-296;51.34546;-94.03937
28011.32;-73.63464;-13.04022;-111.8598;-295.9124;51.48273;-94.01129;-73.63464;-13.04022;-111.8598;-295.9124;51.48273;-94.01129
28019.66;-73.39014;-12.98206;-111.8498;-295.869;51.68048;-94.0528;-73.39014;-12.98206;-111.8498;-295.869;51.68048;-94.0528
28028;-73.2533;-12.90131;-109.8101;-295.7413;51.84357;-94.04523;-73.2533;-12.90131;-109.8101;-295.7413;51.84357;-94.04523
28036.34;-73.05731;-12.83972;-101.0468;-295.6735;52.03265;-94.02795;-73.05731;-12.83972;-101.0468;-295.6735;52.03265;-94.02795
28044.68;-72.83362;-12.72614;-87;-295;52.18457;-94.00452;-72.83362;-12.72614;-87;-295;52.18457;-94.00452
28053.03;-72.48676;-12.66876;-86.40576;-295.2724;52.40826;-93.98853;-72.48676;-12.66876;-86.40576;-295.2724;52.40826;-93.98853
28061.37;-72.32092;-12.52643;-95.03064;-295.7407;52.552;-94.06207;-72.32092;-12.52643;-95.03064;-295.7407;52.552;-94.06207
28069.71;-72.09656;-12.49951;-85.80762;-295.4019;52.71173;-94.05017;-72.09656;-12.49951;-85.80762;-295.4019;52.71173;-94.05017
28078.05;-71.86328;-12.41638;-86.08289;-295.3825;52.93127;-94.02686;-71.86328;-12.41638;-86.08289;-295.3825;52.93127;-94.02686
28086.39;-71.49988;-12.33118;-86.62946;-295.347;53.07269;-93.99689;-71.49988;-12.33118;-86.62946;-295.347;53.07269;-93.99689
28094.73;-71.31714;-12.23236;-86.33221;-295.2972;53.21783;-93.97998;-71.31714;-12.23236;-86.33221;-295.2972;53.21783;-93.97998
28103.07;-71.1463;-12.19702;-86.88342;-295.3307;52.64404;-95.0965;-71.1463;-12.19702;-86.88342;-295.3307;52.64404;-95.0965
28111.42;-70.92456;-12.1402;-87.67896;-295.3559;53.1709;-94.96942;-70.92456;-12.1402;-87.67896;-295.3559;53.1709;-94.96942
28119.76;-70.62;-12.11731;-101.0572;-295.7297;53.25238;-94.96295;-70.62;-12.11731;-101.0572;-295.7297;53.25238;-94.96295
28128.1;-70.36951;-11.98883;-103.8818;-295.7548;53.46362;-94.94745;-70.36951;-11.98883;-103.8818;-295.7548;53.46362;-94.94745
28136.44;-70.19269;-11.97717;-106.1118;-295.7686;53.59589;-95.02533;-70.19269;-11.97717;-106.1118;-295.7686;53.59589;-95.02533
28144.78;-69.98175;-11.93713;-110.6438;-295.7224;53.80115;-95.00433;-69.98175;-11.93713;-110.6438;-295.7224;53.80115;-95.00433
28153.13;-69.73798;-11.89496;-110.5845;-295.7175;53.987;-94.97998;-69.73798;-11.89496;-110.5845;-295.7175;53.987;-94.97998
28161.47;-69.44067;-11.71167;-111.8583;-295.6652;54.09698;-94.99829;-69.44067;-11.71167;-111.8583;-295.6652;54.09698;-94.99829
28169.81;-69.25549;-11.67938;-98;-295;54.31879;-94.98663;-69.25549;-11.67938;-98;-295;54.31879;-94.98663
28178.15;-69.08142;-11.56885;-98.20184;-295.4053;54.41742;-94.96265;-69.08142;-11.56885;-98.20184;-295.4053;54.41742;-94.96265
28186.49;-68.86481;-11.51886;-97.58984;-295.4426;54.68103;-95.03076;-68.86481;-11.51886;-97.58984;-295.4426;54.68103;-95.03076
28194.83;-68.48529;-11.37567;-113;-296;54.84979;-95.01349;-68.48529;-11.37567;-113;-296;54.84979;-95.01349
28203.18;-68.29047;-11.33014;-112.9474;-295.6594;54.94678;-94.98328;-68.29047;-11.33014;-112.9474;-295.6594;54.94678;-94.98328
28211.52;-68.14014;-11.25458;-112.6406;-295.598;55.15167;-94.95654;-68.14014;-11.25458;-112.6406;-295.598;55.15167;-94.95654
28219.86;-67.89758;-11.23682;-109.061;-295.6372;55.38159;-94.94843;-67.89758;-11.23682;-109.061;-295.6372;55.38159;-94.94843
28228.2;-67.64771;-11.16394;-105.9205;-295.6708;55.46124;-94.91614;-67.64771;-11.16394;-105.9205;-295.6708;55.46124;-94.91614
28236.54;-67.35864;-11.09882;-105.7889;-295.7385;55.69202;-94.97571;-67.35864;-11.09882;-105.7889;-295.7385;55.69202;-94.97571
28244.88;-67.18945;-11.01251;-111.563;-295.6628;55.89972;-94.94519;-67.18945;-11.01251;-111.563;-295.6628;55.89972;-94.94519
28253.22;-66.961;-10.99432;-112.8702;-295.8507;55.96149;-94.94147;-66.961;-10.99432;-112.8702;-295.8507;55.96149;-94.94147
28261.57;-66.67102;-10.93103;-111.833;-295.7036;56.18945;-94.89893;-66.67102;-10.93103;-111.833;-295.7036;56.18945;-94.89893
28269.91;-66.39508;-10.85791;-109.9316;-295.6838;56.42639;-94.88629;-66.39508;-10.85791;-109.9316;-295.6838;56.42639;-94.88629
28278.25;-66.24347;-10.77704;-114.1748;-295.7539;56.62048;-94.94153;-66.24347;-10.77704;-114.1748;-295.7539;56.62048;-94.94153
28286.59;-66.01855;-10.74054;-109.9499;-295.7087;56.80786;-94.92523;-66.01855;-10.74054;-109.9499;-295.7087;56.80786;-94.92523
28294.93;-65.73529;-10.61127;-113.0538;-295.7554;56.98993;-94.94049;-65.73529;-10.61127;-113.0538;-295.7554;56.98993;-94.94049
28303.28;-65.43939;-10.53821;-112.6776;-295.794;57.19366;-94.90466;-65.43939;-10.53821;-112.6776;-295.794;57.19366;-94.90466
28311.62;-65.22034;-10.4234;-112.9577;-295.7884;57.31604;-94.93964;-65.22034;-10.4234;-112.9577;-295.7884;57.31604;-94.93964
28319.96;-64.9975;-10.40045;-108.3005;-295.685;57.55359;-95.0152;-64.9975;-10.40045;-108.3005;-295.685;57.55359;-95.0152
28328.3;-64.71222;-10.30743;-95.06549;-295.7035;57.71991;-94.9942;-64.71222;-10.30743;-95.06549;-295.7035;57.71991;-94.9942
28336.64;-64.40497;-10.25366;-110;-296;57.79559;-94.95105;-64.40497;-10.25366;-110;-296;57.79559;-94.95105
28344.98;-64.23352;-10.19373;-113.9382;-295.7059;58.07928;-94.95569;-64.23352;-10.19373;-113.9382;-295.7059;58.07928;-94.95569
28353.32;-64.04169;-10.16425;-113.8024;-295.7197;58.24402;-94.93268;-64.04169;-10.16425;-113.8024;-295.7197;58.24402;-94.93268
28361.67;-63.77167;-10.0885;-118.2304;-295.6974;58.40375;-94.9007;-63.77167;-10.0885;-118.2304;-295.6974;58.40375;-94.9007
28370.01;-63.47638;-10.02325;-118.8499;-295.7265;58.61053;-94.96234;-63.47638;-10.02325;-118.8499;-295.7265;58.61053;-94.96234
28378.35;-63.26642;-9.971375;-117.9963;-295.7261;58.76514;-94.93286;-63.26642;-9.971375;-117.9963;-295.7261;58.76514;-94.93286
28386.69;-63.08655;-9.918335;-114.2568;-295.8536;58.95013;-94.91418;-63.08655;-9.918335;-114.2568;-295.8536;58.95013;-94.91418
28395.03;-62.83844;-9.815979;-107.0232;-295.7551;59.12457;-94.86792;-62.83844;-9.815979;-107.0232;-295.7551;59.12457;-94.86792
28403.38;-62.53455;-9.797424;-107.2229;-295.8195;59.24664;-94.86328;-62.53455;-9.797424;-107.2229;-295.8195;59.24664;-94.86328
28411.72;-62.33197;-9.656067;-112.5816;-295.6097;59.47992;-94.8241;-62.33197;-9.656067;-112.5816;-295.6097;59.47992;-94.8241
28420.06;-62.17102;-9.54834;-117.9804;-295.7004;59.59625;-94.93152;-62.17102;-9.54834;-117.9804;-295.7004;59.59625;-94.93152
28428.4;-61.88861;-9.491272;-109.1611;-295.6953;59.80597;-94.89185;-61.88861;-9.491272;-109.1611;-295.6953;59.80597;-94.89185
28436.74;-61.55292;-9.453979;-113.8961;-295.596;60.01978;-94.88818;-61.55292;-9.453979;-113.8961;-295.596;60.01978;-94.88818
28445.08;-61.34143;-9.362244;-118.9677;-295.6326;60.1684;-94.86829;-61.34143;-9.362244;-118.9677;-295.6326;60.1684;-94.86829
28453.43;-61.17188;-9.326538;-118.0095;-295.6899;60.35577;-94.85876;-61.17188;-9.326538;-118.0095;-295.6899;60.35577;-94.85876
28461.77;-60.96228;-9.299255;-119.6385;-295.7698;60.5611;-94.93762;-60.96228;-9.299255;-119.6385;-295.7698;60.5611;-94.93762
28470.11;-60.70337;-9.253723;-117.105;-295.7286;60.7937;-94.88715;-60.70337;-9.253723;-117.105;-295.7286;60.7937;-94.88715
28478.45;-60.38281;-9.183167;-120.8405;-295.7582;60.91132;-94.89111;-60.38281;-9.183167;-120.8405;-295.7582;60.91132;-94.89111
28486.79;-60.20618;-9.148132;-121.2269;-295.6419;61.1358;-94.85187;-60.20618;-9.148132;-121.2269;-295.6419;61.1358;-94.85187
28495.13;-60.01007;-9.105103;-119.0513;-295.6681;61.34857;-94.82056;-60.01007;-9.105103;-119.0513;-295.6681;61.34857;-94.82056
28503.47;-59.71436;-9.09436;-113.1761;-295.7579;61.62598;-94.87854;-59.71436;-9.09436;-113.1761;-295.7579;61.62598;-94.87854
28511.82;-59.4173;-8.994019;-107.0486;-295.7482;61.75244;-94.85791;-59.4173;-8.994019;-107.0486;-295.7482;61.75244;-94.85791
28520.16;-59.23645;-8.978027;-94.92499;-295.9307;61.93762;-94.77698;-59.23645;-8.978027;-94.92499;-295.9307;61.93762;-94.77698
28528.5;-59.03809;-8.909912;-94.79932;-295.7674;62.13965;-94.80176;-59.03809;-8.909912;-94.79932;-295.7674;62.13965;-94.80176
28536.84;-58.76563;-8.894348;-103.7838;-295.7908;62.30835;-94.80292;-58.76563;-8.894348;-103.7838;-295.7908;62.30835;-94.80292
28545.18;-58.47247;-8.805176;-94.95697;-295.7533;62.53009;-94.83508;-58.47247;-8.805176;-94.95697;-295.7533;62.53009;-94.83508
28553.53;-58.27277;-8.778625;-94.71338;-295.763;62.74451;-94.81152;-58.27277;-8.778625;-94.71338;-295.763;62.74451;-94.81152
28561.87;-58.09485;-8.72168;-95.40552;-295.847;62.92322;-94.8031;-58.09485;-8.72168;-95.40552;-295.847;62.92322;-94.8031
28570.21;-57.85956;-8.662903;-103.8475;-295.8204;63.12592;-94.80414;-57.85956;-8.662903;-103.8475;-295.8204;63.12592;-94.80414
28578.55;-57.50885;-8.583069;-103.0038;-295.7103;63.31152;-94.73157;-57.50885;-8.583069;-103.0038;-295.7103;63.31152;-94.73157
28586.89;-57.29425;-8.479309;-94.69971;-295.7414;63.43951;-94.69696;-57.29425;-8.479309;-94.69971;-295.7414;63.43951;-94.69696
28595.23;-57.09723;-8.437927;-94.78979;-295.6851;63.68872;-94.82471;-57.09723;-8.437927;-94.78979;-295.6851;63.68872;-94.82471
28603.57;-56.85571;-8.404175;-102.7397;-295.8062;63.91388;-94.79852;-56.85571;-8.404175;-102.7397;-295.8062;63.91388;-94.79852
28611.92;-56.51953;-8.376038;-103.2491;-295.776;64.06152;-94.77771;-56.51953;-8.376038;-103.2491;-295.776;64.06152;-94.77771
28620.26;-56.31995;-8.302795;-112.7158;-295.6696;64.28625;-94.73639;-56.31995;-8.302795;-112.7158;-295.6696;64.28625;-94.73639
28628.6;-56.1543;-8.269897;-104.8954;-295.7175;64.47827;-94.71649;-56.1543;-8.269897;-104.8954;-295.7175;64.47827;-94.71649
28636.94;-55.9256;-8.250244;-113.5878;-295.6991;64.78613;-94.76361;-55.9256;-8.250244;-113.5878;-295.6991;64.78613;-94.76361
28645.28;-55.6084;-8.203369;-113.8149;-295.577;64.94849;-94.7226;-55.6084;-8.203369;-113.8149;-295.577;64.94849;-94.7226
28653.63;-55.36505;-8.131958;-104.7383;-295.7363;65.10291;-94.68597;-55.36505;-8.131958;-104.7383;-295.7363;65.10291;-94.68597
28661.97;-55.16931;-8.060669;-107.7791;-295.7394;65.27246;-94.69202;-55.16931;-8.060669;-107.7791;-295.7394;65.27246;-94.69202
28670.31;-54.93921;-8.052246;-108.1234;-295.858;65.5271;-94.70618;-54.93921;-8.052246;-108.1234;-295.858;65.5271;-94.70618
28678.65;-54.72443;-8.019165;-94.95013;-295.713;65.68713;-94.71936;-54.72443;-8.019165;-94.95013;-295.713;65.68713;-94.71936
28686.99;-54.41119;-7.956665;-85.90692;-295.4041;65.93628;-94.71021;-54.41119;-7.956665;-85.90692;-295.4041;65.93628;-94.71021
28695.33;-54.22534;-7.924255;-94.54413;-295.6348;66.12915;-94.65637;-54.22534;-7.924255;-94.54413;-295.6348;66.12915;-94.65637
28703.68;-53.99634;-7.891846;-85.59607;-295.3494;66.26648;-94.64252;-53.99634;-7.891846;-85.59607;-295.3494;66.26648;-94.64252
28712.02;-53.74701;-7.81958;-85.28223;-295.3946;66.48315;-94.63708;-53.74701;-7.81958;-85.28223;-295.3946;66.48315;-94.63708
28720.36;-53.44519;-7.756836;-71;-295;66.07019;-96.00439;-53.44519;-7.756836;-71;-295;66.07019;-96.00439
28728.7;-53.28467;-7.72699;-86;-295;66.23425;-95.97528;-53.28467;-7.72699;-86;-295;66.23425;-95.97528
28737.04;-53.0639;-7.682678;-94.12537;-295.6648;66.43616;-95.90106;-53.0639;-7.682678;-94.12537;-295.6648;66.43616;-95.90106
28745.38;-52.79559;-7.637573;-93.98438;-295.7255;66.59839;-96.09583;-52.79559;-7.637573;-93.98438;-295.7255;66.59839;-96.09583
28753.72;-52.56793;-7.565369;-107.394;-295.7237;66.80762;-96.01941;-52.56793;-7.565369;-107.394;-295.7237;66.80762;-96.01941
28762.07;-52.46954;-7.502258;-94.22961;-295.5316;66.85327;-96.03265;-52.46954;-7.502258;-94.22961;-295.5316;66.85327;-96.03265
28770.41;-52.33484;-7.484558;-94.93243;-295.6212;66.88794;-96.01324;-52.33484;-7.484558;-94.93243;-295.6212;66.88794;-96.01324
28778.75;-52.31726;-7.487427;-101.8155;-295.8327;66.94067;-95.95221;-52.31726;-7.487427;-101.8155;-295.8327;66.94067;-95.95221
