"Time";"Angle 1.o/0/X";"Angle 1.o/0/Y";"Angle 1.a/0/X";"Angle 1.a/0/Y";"Angle 1.b/0/X";"Angle 1.b/0/Y";"Angle 1/o/X";"Angle 1/o/Y";"Angle 1/a/X";"Angle 1/a/Y";"Angle 1/b/X";"Angle 1/b/Y"
"0";"-287.0858";"-71.64423";"-81.7749";"-292.2571";"-145.8256";"-17.7085";"-287.0858";"-71.64423";"-81.7749";"-292.2571";"-145.8256";"-17.7085"
"8.341666";"-286.9553";"-72.12628";"-81.7749";"-292.2571";"-146";"-18";"-286.9553";"-72.12628";"-81.7749";"-292.2571";"-146";"-18"
"16.68333";"-286.9695";"-72.29297";"-82.03894";"-291.9446";"-145.9128";"-18.08038";"-286.9695";"-72.29297";"-82.03894";"-291.9446";"-145.9128";"-18.08038"
"25.025";"-286.942";"-72.2608";"-82.03894";"-291.9446";"-145.821";"-18.05884";"-286.942";"-72.2608";"-82.03894";"-291.9446";"-145.821";"-18.05884"
"33.36666";"-286.9511";"-72.32147";"-82.03894";"-291.9446";"-145.7742";"-18.06061";"-286.9511";"-72.32147";"-82.03894";"-291.9446";"-145.7742";"-18.06061"
"41.70833";"-286.9124";"-72.29266";"-82.03894";"-291.9446";"-145.6981";"-18.05688";"-286.9124";"-72.29266";"-82.03894";"-291.9446";"-145.6981";"-18.05688"
"50.05";"-286.8574";"-72.39569";"-82.03894";"-291.9446";"-145.5862";"-18.10889";"-286.8574";"-72.39569";"-82.03894";"-291.9446";"-145.5862";"-18.10889"
"58.39167";"-286.8357";"-72.3772";"-82.03894";"-291.9446";"-145.5389";"-18.11871";"-286.8357";"-72.3772";"-82.03894";"-291.9446";"-145.5389";"-18.11871"
"66.73333";"-286.8281";"-72.44818";"-82.03894";"-291.9446";"-145.4418";"-18.10095";"-286.8281";"-72.44818";"-82.03894";"-291.9446";"-145.4418";"-18.10095"
"75.075";"-286.7798";"-72.57831";"-82.03894";"-291.9446";"-145.387";"-18.12024";"-286.7798";"-72.57831";"-82.03894";"-291.9446";"-145.387";"-18.12024"
"83.41666";"-286.7975";"-72.67139";"-82.03894";"-291.9446";"-145.2219";"-18.09442";"-286.7975";"-72.67139";"-82.03894";"-291.9446";"-145.2219";"-18.09442"
"91.75833";"-286.7723";"-72.84723";"-82.03894";"-291.9446";"-145.1731";"-18.11005";"-286.7723";"-72.84723";"-82.03894";"-291.9446";"-145.1731";"-18.11005"
"100.1";"-286.9082";"-72.87524";"-82.03894";"-291.9446";"-145.0898";"-18.11987";"-286.9082";"-72.87524";"-82.03894";"-291.9446";"-145.0898";"-18.11987"
"108.4417";"-287.7586";"-73.35406";"-82.03894";"-291.9446";"-145.0551";"-18.1311";"-287.7586";"-73.35406";"-82.03894";"-291.9446";"-145.0551";"-18.1311"
"116.7833";"-287.9786";"-73.49689";"-82.03894";"-291.9446";"-144.9372";"-18.09137";"-287.9786";"-73.49689";"-82.03894";"-291.9446";"-144.9372";"-18.09137"
"125.125";"-288.0319";"-73.55304";"-82.03894";"-291.9446";"-144.8987";"-18.10297";"-288.0319";"-73.55304";"-82.03894";"-291.9446";"-144.8987";"-18.10297"
"133.4667";"-287.4683";"-74.06171";"-82.03894";"-291.9446";"-144.8324";"-18.12482";"-287.4683";"-74.06171";"-82.03894";"-291.9446";"-144.8324";"-18.12482"
"141.8083";"-287.9727";"-74.01508";"-82.03894";"-291.9446";"-144.7864";"-18.11633";"-287.9727";"-74.01508";"-82.03894";"-291.9446";"-144.7864";"-18.11633"
"150.15";"-287.0021";"-73.35413";"-82.03894";"-291.9446";"-144.6796";"-18.09821";"-287.0021";"-73.35413";"-82.03894";"-291.9446";"-144.6796";"-18.09821"
"158.4917";"-286.4969";"-73.03485";"-82.03894";"-291.9446";"-144.6284";"-18.1076";"-286.4969";"-73.03485";"-82.03894";"-291.9446";"-144.6284";"-18.1076"
"166.8333";"-285.9293";"-73.19";"-82.03894";"-291.9446";"-144.5612";"-18.11389";"-285.9293";"-73.19";"-82.03894";"-291.9446";"-144.5612";"-18.11389"
"175.175";"-285.9297";"-73.04962";"-82.03894";"-291.9446";"-144.4887";"-18.07434";"-285.9297";"-73.04962";"-82.03894";"-291.9446";"-144.4887";"-18.07434"
"183.5167";"-285.9395";"-73.14966";"-82.03894";"-291.9446";"-144.4297";"-18.08533";"-285.9395";"-73.14966";"-82.03894";"-291.9446";"-144.4297";"-18.08533"
"191.8583";"-285.9327";"-73.18066";"-82.03894";"-291.9446";"-144.3882";"-18.09558";"-285.9327";"-73.18066";"-82.03894";"-291.9446";"-144.3882";"-18.09558"
"200.2";"-285.8793";"-73.33789";"-82.03894";"-291.9446";"-144.274";"-18.13696";"-285.8793";"-73.33789";"-82.03894";"-291.9446";"-144.274";"-18.13696"
"208.5417";"-285.8696";"-73.42181";"-82.03894";"-291.9446";"-144.2098";"-18.13232";"-285.8696";"-73.42181";"-82.03894";"-291.9446";"-144.2098";"-18.13232"
"216.8833";"-285.3611";"-73.46301";"-82.03894";"-291.9446";"-144.0776";"-18.15948";"-285.3611";"-73.46301";"-82.03894";"-291.9446";"-144.0776";"-18.15948"
"225.225";"-284.1321";"-72.60437";"-82.03894";"-291.9446";"-144.0286";"-18.12756";"-284.1321";"-72.60437";"-82.03894";"-291.9446";"-144.0286";"-18.12756"
"233.5667";"-284.272";"-72.94666";"-82.03894";"-291.9446";"-143.9763";"-18.14783";"-284.272";"-72.94666";"-82.03894";"-291.9446";"-143.9763";"-18.14783"
"241.9083";"-283.9646";"-73.07452";"-82.03894";"-291.9446";"-143.9112";"-18.1499";"-283.9646";"-73.07452";"-82.03894";"-291.9446";"-143.9112";"-18.1499"
"250.25";"-283.92";"-73.09216";"-82.03894";"-291.9446";"-143.7984";"-18.16656";"-283.92";"-73.09216";"-82.03894";"-291.9446";"-143.7984";"-18.16656"
"258.5917";"-283.9089";"-73.17438";"-82.03894";"-291.9446";"-143.7599";"-18.15552";"-283.9089";"-73.17438";"-82.03894";"-291.9446";"-143.7599";"-18.15552"
"266.9333";"-283.883";"-73.1861";"-82.03894";"-291.9446";"-143.6393";"-18.18665";"-283.883";"-73.1861";"-82.03894";"-291.9446";"-143.6393";"-18.18665"
"275.275";"-283.8445";"-73.21918";"-82.03894";"-291.9446";"-143.6215";"-18.18414";"-283.8445";"-73.21918";"-82.03894";"-291.9446";"-143.6215";"-18.18414"
"283.6167";"-283.3629";"-72.97656";"-82.03894";"-291.9446";"-143.5591";"-18.20166";"-283.3629";"-72.97656";"-82.03894";"-291.9446";"-143.5591";"-18.20166"
"291.9583";"-282.9725";"-73.04584";"-82.03894";"-291.9446";"-143.4674";"-18.16095";"-282.9725";"-73.04584";"-82.03894";"-291.9446";"-143.4674";"-18.16095"
"300.3";"-282.9401";"-73.06";"-82.03894";"-291.9446";"-143.3545";"-18.2132";"-282.9401";"-73.06";"-82.03894";"-291.9446";"-143.3545";"-18.2132"
"308.6417";"-282.9218";"-73.06812";"-82.03894";"-291.9446";"-143.2962";"-18.21661";"-282.9218";"-73.06812";"-82.03894";"-291.9446";"-143.2962";"-18.21661"
"316.9833";"-282.8833";"-73.10175";"-82.03894";"-291.9446";"-143.1871";"-18.24695";"-282.8833";"-73.10175";"-82.03894";"-291.9446";"-143.1871";"-18.24695"
"325.325";"-282.8664";"-73.09583";"-82.03894";"-291.9446";"-143.1341";"-18.26605";"-282.8664";"-73.09583";"-82.03894";"-291.9446";"-143.1341";"-18.26605"
"333.6667";"-283.9854";"-72.32678";"-82.03894";"-291.9446";"-143.0571";"-18.31384";"-283.9854";"-72.32678";"-82.03894";"-291.9446";"-143.0571";"-18.31384"
"342.0083";"-283.9605";"-72.07843";"-82.03894";"-291.9446";"-143.0143";"-18.33649";"-283.9605";"-72.07843";"-82.03894";"-291.9446";"-143.0143";"-18.33649"
"350.35";"-283.9298";"-72.00928";"-82.03894";"-291.9446";"-142.8635";"-18.33728";"-283.9298";"-72.00928";"-82.03894";"-291.9446";"-142.8635";"-18.33728"
"358.6917";"-283.8901";"-72.09003";"-82.03894";"-291.9446";"-142.8323";"-18.38251";"-283.8901";"-72.09003";"-82.03894";"-291.9446";"-142.8323";"-18.38251"
"367.0333";"-283.8915";"-72.0603";"-82.03894";"-291.9446";"-142.7955";"-18.41479";"-283.8915";"-72.0603";"-82.03894";"-291.9446";"-142.7955";"-18.41479"
"375.375";"-283.8312";"-72.13483";"-82.03894";"-291.9446";"-142.6098";"-18.46057";"-283.8312";"-72.13483";"-82.03894";"-291.9446";"-142.6098";"-18.46057"
"383.7167";"-283.814";"-72.14111";"-82.03894";"-291.9446";"-142.5786";"-18.48846";"-283.814";"-72.14111";"-82.03894";"-291.9446";"-142.5786";"-18.48846"
"392.0583";"-283.798";"-72.16559";"-82.03894";"-291.9446";"-142.5283";"-18.5293";"-283.798";"-72.16559";"-82.03894";"-291.9446";"-142.5283";"-18.5293"
"400.4";"-283.777";"-72.15851";"-82.03894";"-291.9446";"-142.4103";"-18.54285";"-283.777";"-72.15851";"-82.03894";"-291.9446";"-142.4103";"-18.54285"
"408.7417";"-282.8171";"-72.15869";"-82.03894";"-291.9446";"-142.3622";"-18.58142";"-282.8171";"-72.15869";"-82.03894";"-291.9446";"-142.3622";"-18.58142"
"417.0833";"-282.918";"-72.08618";"-82.03894";"-291.9446";"-142.2583";"-18.59283";"-282.918";"-72.08618";"-82.03894";"-291.9446";"-142.2583";"-18.59283"
"425.425";"-282.9156";"-72.03339";"-82.03894";"-291.9446";"-142.1981";"-18.62036";"-282.9156";"-72.03339";"-82.03894";"-291.9446";"-142.1981";"-18.62036"
"433.7667";"-282.8778";"-72.07489";"-82.03894";"-291.9446";"-142.0718";"-18.68347";"-282.8778";"-72.07489";"-82.03894";"-291.9446";"-142.0718";"-18.68347"
"442.1083";"-282.8754";"-72.06036";"-82.03894";"-291.9446";"-142.035";"-18.69373";"-282.8754";"-72.06036";"-82.03894";"-291.9446";"-142.035";"-18.69373"
"450.45";"-282.8463";"-72.13831";"-82.03894";"-291.9446";"-141.9256";"-18.73187";"-282.8463";"-72.13831";"-82.03894";"-291.9446";"-141.9256";"-18.73187"
"458.7917";"-282.8113";"-72.0708";"-82.03894";"-291.9446";"-141.8609";"-18.74152";"-282.8113";"-72.0708";"-82.03894";"-291.9446";"-141.8609";"-18.74152"
"467.1333";"-282.1255";"-72.10748";"-82.03894";"-291.9446";"-141.7349";"-18.79022";"-282.1255";"-72.10748";"-82.03894";"-291.9446";"-141.7349";"-18.79022"
"475.475";"-281.9763";"-71.99475";"-82.03894";"-291.9446";"-141.6973";"-18.8208";"-281.9763";"-71.99475";"-82.03894";"-291.9446";"-141.6973";"-18.8208"
"483.8167";"-281.9606";"-72.06213";"-82.03894";"-291.9446";"-141.6106";"-18.87152";"-281.9606";"-72.06213";"-82.03894";"-291.9446";"-141.6106";"-18.87152"
"492.1583";"-281.9442";"-72.04218";"-82.03894";"-291.9446";"-141.5471";"-18.8598";"-281.9442";"-72.04218";"-82.03894";"-291.9446";"-141.5471";"-18.8598"
"500.5";"-281.9063";"-72.08545";"-82.03894";"-291.9446";"-141.4198";"-18.86713";"-281.9063";"-72.08545";"-82.03894";"-291.9446";"-141.4198";"-18.86713"
"508.8417";"-281.8995";"-72.11096";"-82.03894";"-291.9446";"-141.374";"-18.89838";"-281.8995";"-72.11096";"-82.03894";"-291.9446";"-141.374";"-18.89838"
"517.1833";"-281.8598";"-72.11603";"-82.03894";"-291.9446";"-141.2971";"-18.90637";"-281.8598";"-72.11603";"-82.03894";"-291.9446";"-141.2971";"-18.90637"
"525.525";"-281.8537";"-72.11395";"-82.03894";"-291.9446";"-141.1354";"-18.94708";"-281.8537";"-72.11395";"-82.03894";"-291.9446";"-141.1354";"-18.94708"
"533.8666";"-281.8306";"-72.13446";"-82.03894";"-291.9446";"-141.1138";"-18.966";"-281.8306";"-72.13446";"-82.03894";"-291.9446";"-141.1138";"-18.966"
"542.2083";"-281.8129";"-72.17139";"-82.03894";"-291.9446";"-141.0622";"-18.98962";"-281.8129";"-72.17139";"-82.03894";"-291.9446";"-141.0622";"-18.98962"
"550.55";"-281.788";"-72.15076";"-82.03894";"-291.9446";"-140.9334";"-19.01038";"-281.788";"-72.15076";"-82.03894";"-291.9446";"-140.9334";"-19.01038"
"558.8917";"-281.7538";"-72.24847";"-82.03894";"-291.9446";"-140.9119";"-19.0296";"-281.7538";"-72.24847";"-82.03894";"-291.9446";"-140.9119";"-19.0296"
"567.2333";"-281.7468";"-72.17023";"-82.03894";"-291.9446";"-140.8014";"-19.0827";"-281.7468";"-72.17023";"-82.03894";"-291.9446";"-140.8014";"-19.0827"
"575.575";"-281.7037";"-72.2738";"-82.03894";"-291.9446";"-140.7386";"-19.08636";"-281.7037";"-72.2738";"-82.03894";"-291.9446";"-140.7386";"-19.08636"
"583.9167";"-281.6938";"-72.1908";"-82.03894";"-291.9446";"-140.6241";"-19.09454";"-281.6938";"-72.1908";"-82.03894";"-291.9446";"-140.6241";"-19.09454"
"592.2584";"-281.6367";"-72.28406";"-82.03894";"-291.9446";"-140.584";"-19.14685";"-281.6367";"-72.28406";"-82.03894";"-291.9446";"-140.584";"-19.14685"
"600.6";"-281.0136";"-72.03644";"-82.03894";"-291.9446";"-140.4377";"-19.17792";"-281.0136";"-72.03644";"-82.03894";"-291.9446";"-140.4377";"-19.17792"
"608.9417";"-280.9475";"-72.07092";"-82.03894";"-291.9446";"-140.4136";"-19.17816";"-280.9475";"-72.07092";"-82.03894";"-291.9446";"-140.4136";"-19.17816"
"617.2833";"-280.937";"-72.00922";"-82.03894";"-291.9446";"-140.274";"-19.22736";"-280.937";"-72.00922";"-82.03894";"-291.9446";"-140.274";"-19.22736"
"625.625";"-280.9092";"-72.01166";"-82.03894";"-291.9446";"-140.2068";"-19.23938";"-280.9092";"-72.01166";"-82.03894";"-291.9446";"-140.2068";"-19.23938"
"633.9667";"-280.8901";"-72.00775";"-82.03894";"-291.9446";"-140.0727";"-19.24762";"-280.8901";"-72.00775";"-82.03894";"-291.9446";"-140.0727";"-19.24762"
"642.3083";"-280.8509";"-71.99438";"-82.03894";"-291.9446";"-140.0244";"-19.28998";"-280.8509";"-71.99438";"-82.03894";"-291.9446";"-140.0244";"-19.28998"
"650.65";"-280.8389";"-72.00629";"-82.03894";"-291.9446";"-139.8949";"-19.29315";"-280.8389";"-72.00629";"-82.03894";"-291.9446";"-139.8949";"-19.29315"
"658.9916";"-280.8053";"-71.96722";"-82.03894";"-291.9446";"-139.8607";"-19.32617";"-280.8053";"-71.96722";"-82.03894";"-291.9446";"-139.8607";"-19.32617"
"667.3333";"-280.7882";"-71.99744";"-82.03894";"-291.9446";"-139.7354";"-19.34528";"-280.7882";"-71.99744";"-82.03894";"-291.9446";"-139.7354";"-19.34528"
"675.675";"-280.7618";"-72.00018";"-82.03894";"-291.9446";"-139.6614";"-19.37964";"-280.7618";"-72.00018";"-82.03894";"-291.9446";"-139.6614";"-19.37964"
"684.0167";"-280.7502";"-71.98352";"-82.03894";"-291.9446";"-139.5682";"-19.42285";"-280.7502";"-71.98352";"-82.03894";"-291.9446";"-139.5682";"-19.42285"
"692.3583";"-280.7277";"-71.97064";"-82.03894";"-291.9446";"-139.4993";"-19.43707";"-280.7277";"-71.97064";"-82.03894";"-291.9446";"-139.4993";"-19.43707"
"700.7";"-280.7048";"-71.99554";"-82.03894";"-291.9446";"-139.4238";"-19.46344";"-280.7048";"-71.99554";"-82.03894";"-291.9446";"-139.4238";"-19.46344"
"709.0417";"-280.6738";"-71.97235";"-82.03894";"-291.9446";"-139.3629";"-19.5061";"-280.6738";"-71.97235";"-82.03894";"-291.9446";"-139.3629";"-19.5061"
"717.3834";"-280.6491";"-71.99347";"-82.03894";"-291.9446";"-139.2435";"-19.58313";"-280.6491";"-71.99347";"-82.03894";"-291.9446";"-139.2435";"-19.58313"
"725.725";"-280.6342";"-71.97565";"-82.03894";"-291.9446";"-139.1564";"-19.60492";"-280.6342";"-71.97565";"-82.03894";"-291.9446";"-139.1564";"-19.60492"
"734.0667";"-280.2717";"-72.01813";"-82.03894";"-291.9446";"-139.0875";"-19.67999";"-280.2717";"-72.01813";"-82.03894";"-291.9446";"-139.0875";"-19.67999"
"742.4083";"-279.9691";"-71.9776";"-82.03894";"-291.9446";"-139.007";"-19.70966";"-279.9691";"-71.9776";"-82.03894";"-291.9446";"-139.007";"-19.70966"
"750.75";"-279.9322";"-71.98553";"-82.03894";"-291.9446";"-138.8728";"-19.7406";"-279.9322";"-71.98553";"-82.03894";"-291.9446";"-138.8728";"-19.7406"
"759.0917";"-279.9141";"-71.96667";"-82.03894";"-291.9446";"-138.8007";"-19.7854";"-279.9141";"-71.96667";"-82.03894";"-291.9446";"-138.8007";"-19.7854"
"767.4333";"-279.8925";"-71.97406";"-82.03894";"-291.9446";"-138.7015";"-19.83319";"-279.8925";"-71.97406";"-82.03894";"-291.9446";"-138.7015";"-19.83319"
"775.775";"-279.8745";"-71.97949";"-82.03894";"-291.9446";"-138.6414";"-19.84827";"-279.8745";"-71.97949";"-82.03894";"-291.9446";"-138.6414";"-19.84827"
"784.1166";"-279.5182";"-71.9668";"-82.03894";"-291.9446";"-138.5261";"-19.89136";"-279.5182";"-71.9668";"-82.03894";"-291.9446";"-138.5261";"-19.89136"
"792.4583";"-279.9733";"-71.96881";"-82.03894";"-291.9446";"-138.445";"-19.90845";"-279.9733";"-71.96881";"-82.03894";"-291.9446";"-138.445";"-19.90845"
"800.8";"-279.9476";"-71.98041";"-82.03894";"-291.9446";"-138.2881";"-19.9151";"-279.9476";"-71.98041";"-82.03894";"-291.9446";"-138.2881";"-19.9151"
"809.1417";"-279.9324";"-71.97961";"-82.03894";"-291.9446";"-138.2585";"-19.97748";"-279.9324";"-71.97961";"-82.03894";"-291.9446";"-138.2585";"-19.97748"
"817.4833";"-279.8937";"-71.96216";"-82.03894";"-291.9446";"-138.1747";"-19.99762";"-279.8937";"-71.96216";"-82.03894";"-291.9446";"-138.1747";"-19.99762"
"825.825";"-279.8846";"-71.96179";"-82.03894";"-291.9446";"-138.1144";"-20.05017";"-279.8846";"-71.96179";"-82.03894";"-291.9446";"-138.1144";"-20.05017"
"834.1667";"-279.86";"-71.94733";"-82.03894";"-291.9446";"-137.9709";"-20.08386";"-279.86";"-71.94733";"-82.03894";"-291.9446";"-137.9709";"-20.08386"
"842.5084";"-279.841";"-71.95654";"-82.03894";"-291.9446";"-137.923";"-20.1073";"-279.841";"-71.95654";"-82.03894";"-291.9446";"-137.923";"-20.1073"
"850.85";"-279.4827";"-71.94135";"-82.03894";"-291.9446";"-137.8266";"-20.13666";"-279.4827";"-71.94135";"-82.03894";"-291.9446";"-137.8266";"-20.13666"
"859.1917";"-278.9705";"-72.02802";"-82.03894";"-291.9446";"-137.7657";"-20.16443";"-278.9705";"-72.02802";"-82.03894";"-291.9446";"-137.7657";"-20.16443"
"867.5333";"-278.9445";"-72.0119";"-82.03894";"-291.9446";"-137.66";"-20.23206";"-278.9445";"-72.0119";"-82.03894";"-291.9446";"-137.66";"-20.23206"
"875.875";"-278.9303";"-72.03522";"-82.03894";"-291.9446";"-137.6058";"-20.24353";"-278.9303";"-72.03522";"-82.03894";"-291.9446";"-137.6058";"-20.24353"
"884.2167";"-278.8747";"-71.96564";"-82.03894";"-291.9446";"-137.5084";"-20.29248";"-278.8747";"-71.96564";"-82.03894";"-291.9446";"-137.5084";"-20.29248"
"892.5583";"-278.8666";"-71.9812";"-82.03894";"-291.9446";"-137.4012";"-20.30823";"-278.8666";"-71.9812";"-82.03894";"-291.9446";"-137.4012";"-20.30823"
"900.9";"-278.8391";"-71.96558";"-82.03894";"-291.9446";"-137.2675";"-20.30475";"-278.8391";"-71.96558";"-82.03894";"-291.9446";"-137.2675";"-20.30475"
"909.2416";"-278.8043";"-71.9696";"-82.03894";"-291.9446";"-137.2346";"-20.33044";"-278.8043";"-71.9696";"-82.03894";"-291.9446";"-137.2346";"-20.33044"
"917.5833";"-278.7813";"-71.93903";"-82.03894";"-291.9446";"-137.1531";"-20.38818";"-278.7813";"-71.93903";"-82.03894";"-291.9446";"-137.1531";"-20.38818"
"925.925";"-278.7536";"-71.95709";"-82.03894";"-291.9446";"-137.0068";"-20.38629";"-278.7536";"-71.95709";"-82.03894";"-291.9446";"-137.0068";"-20.38629"
"934.2667";"-278.7229";"-71.90759";"-82.03894";"-291.9446";"-136.9221";"-20.41736";"-278.7229";"-71.90759";"-82.03894";"-291.9446";"-136.9221";"-20.41736"
"942.6083";"-278.6931";"-71.91296";"-82.03894";"-291.9446";"-136.862";"-20.42999";"-278.6931";"-71.91296";"-82.03894";"-291.9446";"-136.862";"-20.42999"
"950.95";"-278.6566";"-71.89862";"-82.03894";"-291.9446";"-136.7028";"-20.45563";"-278.6566";"-71.89862";"-82.03894";"-291.9446";"-136.7028";"-20.45563"
"959.2917";"-278.6215";"-71.88501";"-82.03894";"-291.9446";"-136.6349";"-20.46936";"-278.6215";"-71.88501";"-82.03894";"-291.9446";"-136.6349";"-20.46936"
"967.6334";"-278.6003";"-71.89655";"-82.03894";"-291.9446";"-136.5482";"-20.52087";"-278.6003";"-71.89655";"-82.03894";"-291.9446";"-136.5482";"-20.52087"
"975.975";"-278.5668";"-71.89337";"-82.03894";"-291.9446";"-136.5004";"-20.53931";"-278.5668";"-71.89337";"-82.03894";"-291.9446";"-136.5004";"-20.53931"
"984.3167";"-278.5328";"-71.88202";"-82.03894";"-291.9446";"-136.3309";"-20.52643";"-278.5328";"-71.88202";"-82.03894";"-291.9446";"-136.3309";"-20.52643"
"992.6583";"-278.4992";"-71.81934";"-82.03894";"-291.9446";"-136.2745";"-20.56152";"-278.4992";"-71.81934";"-82.03894";"-291.9446";"-136.2745";"-20.56152"
"1001";"-278.4603";"-71.81738";"-82.03894";"-291.9446";"-136.1768";"-20.57251";"-278.4603";"-71.81738";"-82.03894";"-291.9446";"-136.1768";"-20.57251"
"1009.342";"-278.4187";"-71.79962";"-82.03894";"-291.9446";"-136.1124";"-20.62897";"-278.4187";"-71.79962";"-82.03894";"-291.9446";"-136.1124";"-20.62897"
"1017.683";"-278.3436";"-71.80383";"-82.03894";"-291.9446";"-135.9707";"-20.65192";"-278.3436";"-71.80383";"-82.03894";"-291.9446";"-135.9707";"-20.65192"
"1026.025";"-278.3239";"-71.80267";"-82.03894";"-291.9446";"-135.9051";"-20.70721";"-278.3239";"-71.80267";"-82.03894";"-291.9446";"-135.9051";"-20.70721"
"1034.367";"-278.2715";"-71.77667";"-82.03894";"-291.9446";"-135.8275";"-20.73279";"-278.2715";"-71.77667";"-82.03894";"-291.9446";"-135.8275";"-20.73279"
"1042.708";"-278.224";"-71.75861";"-82.03894";"-291.9446";"-135.6837";"-20.7652";"-278.224";"-71.75861";"-82.03894";"-291.9446";"-135.6837";"-20.7652"
"1051.05";"-278.2189";"-71.74939";"-82.03894";"-291.9446";"-135.6069";"-20.80225";"-278.2189";"-71.74939";"-82.03894";"-291.9446";"-135.6069";"-20.80225"
"1059.392";"-278.1982";"-71.74506";"-82.03894";"-291.9446";"-135.5519";"-20.82086";"-278.1982";"-71.74506";"-82.03894";"-291.9446";"-135.5519";"-20.82086"
"1067.733";"-278.1528";"-71.73083";"-82.03894";"-291.9446";"-135.3749";"-20.84082";"-278.1528";"-71.73083";"-82.03894";"-291.9446";"-135.3749";"-20.84082"
"1076.075";"-278.123";"-71.74084";"-82.03894";"-291.9446";"-135.3363";"-20.85895";"-278.123";"-71.74084";"-82.03894";"-291.9446";"-135.3363";"-20.85895"
"1084.417";"-278.0498";"-71.7149";"-82.03894";"-291.9446";"-135.1829";"-20.87097";"-278.0498";"-71.7149";"-82.03894";"-291.9446";"-135.1829";"-20.87097"
"1092.758";"-277.9978";"-71.71411";"-82.03894";"-291.9446";"-135.1171";"-20.8891";"-277.9978";"-71.71411";"-82.03894";"-291.9446";"-135.1171";"-20.8891"
"1101.1";"-277.9836";"-71.70129";"-82.03894";"-291.9446";"-135.0319";"-20.93524";"-277.9836";"-71.70129";"-82.03894";"-291.9446";"-135.0319";"-20.93524"
"1109.442";"-277.9429";"-71.71716";"-82.03894";"-291.9446";"-134.9319";"-20.94629";"-277.9429";"-71.71716";"-82.03894";"-291.9446";"-134.9319";"-20.94629"
"1117.783";"-277.838";"-71.70288";"-82.03894";"-291.9446";"-134.8589";"-20.96362";"-277.838";"-71.70288";"-82.03894";"-291.9446";"-134.8589";"-20.96362"
"1126.125";"-277.803";"-71.7074";"-82.03894";"-291.9446";"-134.8069";"-20.99127";"-277.803";"-71.7074";"-82.03894";"-291.9446";"-134.8069";"-20.99127"
"1134.467";"-277.7511";"-71.72302";"-82.03894";"-291.9446";"-134.6523";"-21.01709";"-277.7511";"-71.72302";"-82.03894";"-291.9446";"-134.6523";"-21.01709"
"1142.808";"-277.703";"-71.70648";"-82.03894";"-291.9446";"-134.5881";"-21.04266";"-277.703";"-71.70648";"-82.03894";"-291.9446";"-134.5881";"-21.04266"
"1151.15";"-277.673";"-71.69647";"-82.03894";"-291.9446";"-134.416";"-21.04919";"-277.673";"-71.69647";"-82.03894";"-291.9446";"-134.416";"-21.04919"
"1159.492";"-277.6356";"-71.69928";"-82.03894";"-291.9446";"-134.3651";"-21.06586";"-277.6356";"-71.69928";"-82.03894";"-291.9446";"-134.3651";"-21.06586"
"1167.833";"-277.615";"-71.69275";"-82.03894";"-291.9446";"-134.2322";"-21.09222";"-277.615";"-71.69275";"-82.03894";"-291.9446";"-134.2322";"-21.09222"
"1176.175";"-277.5864";"-71.68652";"-82.03894";"-291.9446";"-134.1892";"-21.10712";"-277.5864";"-71.68652";"-82.03894";"-291.9446";"-134.1892";"-21.10712"
"1184.517";"-277.5193";"-71.6897";"-82.03894";"-291.9446";"-134.0618";"-21.12256";"-277.5193";"-71.6897";"-82.03894";"-291.9446";"-134.0618";"-21.12256"
"1192.858";"-277.9874";"-72.06799";"-82.03894";"-291.9446";"-134.0126";"-21.16461";"-277.9874";"-72.06799";"-82.03894";"-291.9446";"-134.0126";"-21.16461"
"1201.2";"-277.8684";"-72.05908";"-82.03894";"-291.9446";"-133.8588";"-21.15027";"-277.8684";"-72.05908";"-82.03894";"-291.9446";"-133.8588";"-21.15027"
"1209.542";"-277.8312";"-72.0719";"-82.03894";"-291.9446";"-133.8076";"-21.16241";"-277.8312";"-72.0719";"-82.03894";"-291.9446";"-133.8076";"-21.16241"
"1217.883";"-277.7666";"-72.07166";"-82.03894";"-291.9446";"-133.7377";"-21.2077";"-277.7666";"-72.07166";"-82.03894";"-291.9446";"-133.7377";"-21.2077"
"1226.225";"-277.717";"-72.0824";"-82.03894";"-291.9446";"-133.6918";"-21.18433";"-277.717";"-72.0824";"-82.03894";"-291.9446";"-133.6918";"-21.18433"
"1234.567";"-277.6519";"-72.08582";"-82.03894";"-291.9446";"-133.4844";"-21.19061";"-277.6519";"-72.08582";"-82.03894";"-291.9446";"-133.4844";"-21.19061"
"1242.908";"-277.5742";"-72.08435";"-82.03894";"-291.9446";"-133.4308";"-21.19586";"-277.5742";"-72.08435";"-82.03894";"-291.9446";"-133.4308";"-21.19586"
"1251.25";"-277.4238";"-72.02271";"-82.03894";"-291.9446";"-133.2782";"-21.19281";"-277.4238";"-72.02271";"-82.03894";"-291.9446";"-133.2782";"-21.19281"
"1259.592";"-277.3784";"-72.01801";"-82.03894";"-291.9446";"-133.2289";"-21.19934";"-277.3784";"-72.01801";"-82.03894";"-291.9446";"-133.2289";"-21.19934"
"1267.933";"-277.29";"-72.01276";"-82.03894";"-291.9446";"-133.0762";"-21.19598";"-277.29";"-72.01276";"-82.03894";"-291.9446";"-133.0762";"-21.19598"
"1276.275";"-277.2316";"-72.00427";"-82.03894";"-291.9446";"-133.0303";"-21.19257";"-277.2316";"-72.00427";"-82.03894";"-291.9446";"-133.0303";"-21.19257"
"1284.617";"-277.124";"-71.99695";"-82.03894";"-291.9446";"-132.9255";"-21.21698";"-277.124";"-71.99695";"-82.03894";"-291.9446";"-132.9255";"-21.21698"
"1292.958";"-277.0749";"-71.9964";"-82.03894";"-291.9446";"-132.7974";"-21.2121";"-277.0749";"-71.9964";"-82.03894";"-291.9446";"-132.7974";"-21.2121"
"1301.3";"-276.9913";"-72.01331";"-82.03894";"-291.9446";"-132.7218";"-21.2193";"-276.9913";"-72.01331";"-82.03894";"-291.9446";"-132.7218";"-21.2193"
"1309.642";"-276.9274";"-72.02118";"-82.03894";"-291.9446";"-132.6373";"-21.21576";"-276.9274";"-72.02118";"-82.03894";"-291.9446";"-132.6373";"-21.21576"
"1317.983";"-276.7852";"-72.00861";"-82.03894";"-291.9446";"-132.486";"-21.20227";"-276.7852";"-72.00861";"-82.03894";"-291.9446";"-132.486";"-21.20227"
"1326.325";"-276.7294";"-71.97974";"-82.03894";"-291.9446";"-132.3676";"-21.20612";"-276.7294";"-71.97974";"-82.03894";"-291.9446";"-132.3676";"-21.20612"
"1334.667";"-276.6065";"-72.02844";"-82.03894";"-291.9446";"-132.3246";"-21.22089";"-276.6065";"-72.02844";"-82.03894";"-291.9446";"-132.3246";"-21.22089"
"1343.008";"-276.545";"-72.01495";"-82.03894";"-291.9446";"-132.1488";"-21.21826";"-276.545";"-72.01495";"-82.03894";"-291.9446";"-132.1488";"-21.21826"
"1351.35";"-276.3798";"-71.91418";"-82.03894";"-291.9446";"-132.0773";"-21.21808";"-276.3798";"-71.91418";"-82.03894";"-291.9446";"-132.0773";"-21.21808"
"1359.692";"-276.32";"-71.92975";"-82.03894";"-291.9446";"-132.0408";"-21.22046";"-276.32";"-71.92975";"-82.03894";"-291.9446";"-132.0408";"-21.22046"
"1368.033";"-276.2433";"-71.90369";"-82.03894";"-291.9446";"-131.9235";"-21.2301";"-276.2433";"-71.90369";"-82.03894";"-291.9446";"-131.9235";"-21.2301"
"1376.375";"-276.0659";"-71.90198";"-82.03894";"-291.9446";"-131.7655";"-21.21246";"-276.0659";"-71.90198";"-82.03894";"-291.9446";"-131.7655";"-21.21246"
"1384.717";"-276.0098";"-71.90039";"-82.03894";"-291.9446";"-131.6812";"-21.22443";"-276.0098";"-71.90039";"-82.03894";"-291.9446";"-131.6812";"-21.22443"
"1393.058";"-275.965";"-71.90527";"-82.03894";"-291.9446";"-131.6358";"-21.22644";"-275.965";"-71.90527";"-82.03894";"-291.9446";"-131.6358";"-21.22644"
"1401.4";"-275.8024";"-71.92957";"-82.03894";"-291.9446";"-131.464";"-21.20972";"-275.8024";"-71.92957";"-82.03894";"-291.9446";"-131.464";"-21.20972"
"1409.742";"-275.7632";"-71.93085";"-82.03894";"-291.9446";"-131.3987";"-21.21722";"-275.7632";"-71.93085";"-82.03894";"-291.9446";"-131.3987";"-21.21722"
"1418.083";"-275.6382";"-71.91425";"-82.03894";"-291.9446";"-131.3257";"-21.24023";"-275.6382";"-71.91425";"-82.03894";"-291.9446";"-131.3257";"-21.24023"
"1426.425";"-275.5151";"-71.93042";"-82.03894";"-291.9446";"-131.1721";"-21.21393";"-275.5151";"-71.93042";"-82.03894";"-291.9446";"-131.1721";"-21.21393"
"1434.767";"-275.4035";"-71.80811";"-82.03894";"-291.9446";"-131.0945";"-21.23096";"-275.4035";"-71.80811";"-82.03894";"-291.9446";"-131.0945";"-21.23096"
"1443.108";"-275.3455";"-71.81281";"-82.03894";"-291.9446";"-131.0217";"-21.24152";"-275.3455";"-71.81281";"-82.03894";"-291.9446";"-131.0217";"-21.24152"
"1451.45";"-275.2492";"-71.83728";"-82.03894";"-291.9446";"-130.8831";"-21.23541";"-275.2492";"-71.83728";"-82.03894";"-291.9446";"-130.8831";"-21.23541"
"1459.792";"-275.1754";"-71.79834";"-82.03894";"-291.9446";"-130.8146";"-21.25061";"-275.1754";"-71.79834";"-82.03894";"-291.9446";"-130.8146";"-21.25061"
"1468.133";"-275.0385";"-71.84106";"-82.03894";"-291.9446";"-130.7067";"-21.24805";"-275.0385";"-71.84106";"-82.03894";"-291.9446";"-130.7067";"-21.24805"
"1476.475";"-274.9784";"-71.8446";"-82.03894";"-291.9446";"-130.5815";"-21.27539";"-274.9784";"-71.8446";"-82.03894";"-291.9446";"-130.5815";"-21.27539"
"1484.817";"-274.8512";"-71.85217";"-82.03894";"-291.9446";"-130.5241";"-21.27051";"-274.8512";"-71.85217";"-82.03894";"-291.9446";"-130.5241";"-21.27051"
"1493.158";"-274.7902";"-71.82538";"-82.03894";"-291.9446";"-130.4518";"-21.25116";"-274.7902";"-71.82538";"-82.03894";"-291.9446";"-130.4518";"-21.25116"
"1501.5";"-274.6858";"-71.86017";"-82.03894";"-291.9446";"-130.2546";"-21.27179";"-274.6858";"-71.86017";"-82.03894";"-291.9446";"-130.2546";"-21.27179"
"1509.842";"-274.6233";"-71.83588";"-82.03894";"-291.9446";"-130.1819";"-21.27185";"-274.6233";"-71.83588";"-82.03894";"-291.9446";"-130.1819";"-21.27185"
"1518.183";"-274.4168";"-71.75732";"-82.03894";"-291.9446";"-130.1084";"-21.25519";"-274.4168";"-71.75732";"-82.03894";"-291.9446";"-130.1084";"-21.25519"
"1526.525";"-274.3671";"-71.75037";"-82.03894";"-291.9446";"-129.9733";"-21.242";"-274.3671";"-71.75037";"-82.03894";"-291.9446";"-129.9733";"-21.242"
"1534.867";"-274.2208";"-71.76019";"-82.03894";"-291.9446";"-129.8709";"-21.23346";"-274.2208";"-71.76019";"-82.03894";"-291.9446";"-129.8709";"-21.23346"
"1543.208";"-274.1433";"-71.77789";"-82.03894";"-291.9446";"-129.8452";"-21.21545";"-274.1433";"-71.77789";"-82.03894";"-291.9446";"-129.8452";"-21.21545"
"1551.55";"-274.0235";"-71.75891";"-82.03894";"-291.9446";"-129.6945";"-21.19891";"-274.0235";"-71.75891";"-82.03894";"-291.9446";"-129.6945";"-21.19891"
"1559.892";"-273.9517";"-71.78235";"-82.03894";"-291.9446";"-129.5778";"-21.19073";"-273.9517";"-71.78235";"-82.03894";"-291.9446";"-129.5778";"-21.19073"
"1568.233";"-273.851";"-71.80408";"-82.03894";"-291.9446";"-129.4702";"-21.16333";"-273.851";"-71.80408";"-82.03894";"-291.9446";"-129.4702";"-21.16333"
"1576.575";"-273.6899";"-71.8092";"-82.03894";"-291.9446";"-129.3745";"-21.16565";"-273.6899";"-71.8092";"-82.03894";"-291.9446";"-129.3745";"-21.16565"
"1584.917";"-273.6429";"-71.81";"-82.03894";"-291.9446";"-129.2268";"-21.1496";"-273.6429";"-71.81";"-82.03894";"-291.9446";"-129.2268";"-21.1496"
"1593.258";"-273.5643";"-71.82996";"-82.03894";"-291.9446";"-129.1988";"-21.14325";"-273.5643";"-71.82996";"-82.03894";"-291.9446";"-129.1988";"-21.14325"
"1601.6";"-273.3679";"-71.7655";"-82.03894";"-291.9446";"-128.9982";"-21.14972";"-273.3679";"-71.7655";"-82.03894";"-291.9446";"-128.9982";"-21.14972"
"1609.942";"-273.3135";"-71.7619";"-82.03894";"-291.9446";"-128.9606";"-21.13489";"-273.3135";"-71.7619";"-82.03894";"-291.9446";"-128.9606";"-21.13489"
"1618.283";"-273.1387";"-71.79352";"-82.03894";"-291.9446";"-128.8439";"-21.11456";"-273.1387";"-71.79352";"-82.03894";"-291.9446";"-128.8439";"-21.11456"
"1626.625";"-273.0708";"-71.77057";"-82.03894";"-291.9446";"-128.761";"-21.13367";"-273.0708";"-71.77057";"-82.03894";"-291.9446";"-128.761";"-21.13367"
"1634.967";"-272.9299";"-71.81268";"-82.03894";"-291.9446";"-128.603";"-21.11902";"-272.9299";"-71.81268";"-82.03894";"-291.9446";"-128.603";"-21.11902"
"1643.308";"-272.8621";"-71.81738";"-82.03894";"-291.9446";"-128.5236";"-21.12769";"-272.8621";"-71.81738";"-82.03894";"-291.9446";"-128.5236";"-21.12769"
"1651.65";"-272.6808";"-71.86401";"-82.03894";"-291.9446";"-128.4162";"-21.1123";"-272.6808";"-71.86401";"-82.03894";"-291.9446";"-128.4162";"-21.1123"
"1659.992";"-272.6358";"-71.84558";"-82.03894";"-291.9446";"-128.3132";"-21.11859";"-272.6358";"-71.84558";"-82.03894";"-291.9446";"-128.3132";"-21.11859"
"1668.333";"-272.4136";"-71.77911";"-82.03894";"-291.9446";"-128.2134";"-21.08795";"-272.4136";"-71.77911";"-82.03894";"-291.9446";"-128.2134";"-21.08795"
"1676.675";"-272.396";"-71.75623";"-82.03894";"-291.9446";"-128.0915";"-21.07886";"-272.396";"-71.75623";"-82.03894";"-291.9446";"-128.0915";"-21.07886"
"1685.017";"-272.2015";"-71.80798";"-82.03894";"-291.9446";"-127.9803";"-21.08081";"-272.2015";"-71.80798";"-82.03894";"-291.9446";"-127.9803";"-21.08081"
"1693.358";"-272.195";"-71.78149";"-82.03894";"-291.9446";"-127.8933";"-21.04443";"-272.195";"-71.78149";"-82.03894";"-291.9446";"-127.8933";"-21.04443"
"1701.7";"-272.0212";"-71.8028";"-82.03894";"-291.9446";"-127.7825";"-21.05658";"-272.0212";"-71.8028";"-82.03894";"-291.9446";"-127.7825";"-21.05658"
"1710.042";"-271.9958";"-71.7973";"-82.03894";"-291.9446";"-127.7134";"-21.06653";"-271.9958";"-71.7973";"-82.03894";"-291.9446";"-127.7134";"-21.06653"
"1718.383";"-271.8314";"-71.83832";"-82.03894";"-291.9446";"-127.5581";"-21.05414";"-271.8314";"-71.83832";"-82.03894";"-291.9446";"-127.5581";"-21.05414"
"1726.725";"-271.7699";"-71.82904";"-82.03894";"-291.9446";"-127.4591";"-21.03003";"-271.7699";"-71.82904";"-82.03894";"-291.9446";"-127.4591";"-21.03003"
"1735.067";"-271.6248";"-71.83875";"-82.03894";"-291.9446";"-127.34";"-20.98871";"-271.6248";"-71.83875";"-82.03894";"-291.9446";"-127.34";"-20.98871"
"1743.408";"-271.4803";"-71.7547";"-82.03894";"-291.9446";"-127.283";"-20.99536";"-271.4803";"-71.7547";"-82.03894";"-291.9446";"-127.283";"-20.99536"
"1751.75";"-271.3652";"-71.74945";"-82.03894";"-291.9446";"-127.1589";"-21.02417";"-271.3652";"-71.74945";"-82.03894";"-291.9446";"-127.1589";"-21.02417"
"1760.092";"-271.2617";"-71.79688";"-82.03894";"-291.9446";"-127.0638";"-20.99255";"-271.2617";"-71.79688";"-82.03894";"-291.9446";"-127.0638";"-20.99255"
"1768.433";"-271.2104";"-71.74158";"-82.03894";"-291.9446";"-126.9293";"-20.99365";"-271.2104";"-71.74158";"-82.03894";"-291.9446";"-126.9293";"-20.99365"
"1776.775";"-271.0492";"-71.82233";"-82.03894";"-291.9446";"-126.8796";"-20.9906";"-271.0492";"-71.82233";"-82.03894";"-291.9446";"-126.8796";"-20.9906"
"1785.117";"-270.9756";"-71.75604";"-82.03894";"-291.9446";"-126.7354";"-20.96698";"-270.9756";"-71.75604";"-82.03894";"-291.9446";"-126.7354";"-20.96698"
"1793.458";"-270.9028";"-71.78589";"-82.03894";"-291.9446";"-126.6857";"-20.96136";"-270.9028";"-71.78589";"-82.03894";"-291.9446";"-126.6857";"-20.96136"
"1801.8";"-270.7465";"-71.77765";"-82.03894";"-291.9446";"-126.5824";"-20.95776";"-270.7465";"-71.77765";"-82.03894";"-291.9446";"-126.5824";"-20.95776"
"1810.142";"-270.6329";"-71.84253";"-82.03894";"-291.9446";"-126.4243";"-20.94574";"-270.6329";"-71.84253";"-82.03894";"-291.9446";"-126.4243";"-20.94574"
"1818.483";"-270.5051";"-71.81775";"-82.03894";"-291.9446";"-126.3345";"-20.94995";"-270.5051";"-71.81775";"-82.03894";"-291.9446";"-126.3345";"-20.94995"
"1826.825";"-270.4304";"-71.70288";"-82.03894";"-291.9446";"-126.2623";"-20.95154";"-270.4304";"-71.70288";"-82.03894";"-291.9446";"-126.2623";"-20.95154"
"1835.167";"-270.3344";"-71.65619";"-82.03894";"-291.9446";"-126.1083";"-20.92786";"-270.3344";"-71.65619";"-82.03894";"-291.9446";"-126.1083";"-20.92786"
"1843.508";"-270.2083";"-71.72522";"-82.03894";"-291.9446";"-126.051";"-20.92346";"-270.2083";"-71.72522";"-82.03894";"-291.9446";"-126.051";"-20.92346"
"1851.85";"-270.1174";"-71.67352";"-82.03894";"-291.9446";"-125.9188";"-20.91193";"-270.1174";"-71.67352";"-82.03894";"-291.9446";"-125.9188";"-20.91193"
"1860.192";"-270.0287";"-71.70447";"-82.03894";"-291.9446";"-125.8523";"-20.91125";"-270.0287";"-71.70447";"-82.03894";"-291.9446";"-125.8523";"-20.91125"
"1868.533";"-269.9063";"-71.75195";"-82.03894";"-291.9446";"-125.678";"-20.89856";"-269.9063";"-71.75195";"-82.03894";"-291.9446";"-125.678";"-20.89856"
"1876.875";"-269.8286";"-71.74487";"-82.03894";"-291.9446";"-125.6088";"-20.88568";"-269.8286";"-71.74487";"-82.03894";"-291.9446";"-125.6088";"-20.88568"
"1885.217";"-269.6486";"-71.77563";"-82.03894";"-291.9446";"-125.4354";"-20.87341";"-269.6486";"-71.77563";"-82.03894";"-291.9446";"-125.4354";"-20.87341"
"1893.558";"-269.5845";"-71.74847";"-82.03894";"-291.9446";"-125.3519";"-20.87543";"-269.5845";"-71.74847";"-82.03894";"-291.9446";"-125.3519";"-20.87543"
"1901.9";"-269.3677";"-71.66614";"-82.03894";"-291.9446";"-125.2159";"-20.8421";"-269.3677";"-71.66614";"-82.03894";"-291.9446";"-125.2159";"-20.8421"
"1910.242";"-269.3295";"-71.63257";"-82.03894";"-291.9446";"-125.1819";"-20.83844";"-269.3295";"-71.63257";"-82.03894";"-291.9446";"-125.1819";"-20.83844"
"1918.583";"-269.1928";"-71.67987";"-82.03894";"-291.9446";"-125.0141";"-20.82538";"-269.1928";"-71.67987";"-82.03894";"-291.9446";"-125.0141";"-20.82538"
"1926.925";"-269.1316";"-71.64813";"-82.03894";"-291.9446";"-124.9115";"-20.83258";"-269.1316";"-71.64813";"-82.03894";"-291.9446";"-124.9115";"-20.83258"
"1935.267";"-268.9713";"-71.69153";"-82.03894";"-291.9446";"-124.7949";"-20.81415";"-268.9713";"-71.69153";"-82.03894";"-291.9446";"-124.7949";"-20.81415"
"1943.608";"-268.9219";"-71.67999";"-82.03894";"-291.9446";"-124.7565";"-20.81976";"-268.9219";"-71.67999";"-82.03894";"-291.9446";"-124.7565";"-20.81976"
"1951.95";"-268.7164";"-71.7149";"-82.03894";"-291.9446";"-124.5772";"-20.7887";"-268.7164";"-71.7149";"-82.03894";"-291.9446";"-124.5772";"-20.7887"
"1960.292";"-268.6666";"-71.69971";"-82.03894";"-291.9446";"-124.5145";"-20.79132";"-268.6666";"-71.69971";"-82.03894";"-291.9446";"-124.5145";"-20.79132"
"1968.633";"-268.4492";"-71.61096";"-82.03894";"-291.9446";"-124.362";"-20.77667";"-268.4492";"-71.61096";"-82.03894";"-291.9446";"-124.362";"-20.77667"
"1976.975";"-268.4141";"-71.58289";"-82.03894";"-291.9446";"-124.2984";"-20.78534";"-268.4141";"-71.58289";"-82.03894";"-291.9446";"-124.2984";"-20.78534"
"1985.317";"-268.2333";"-71.61487";"-82.03894";"-291.9446";"-124.1315";"-20.76636";"-268.2333";"-71.61487";"-82.03894";"-291.9446";"-124.1315";"-20.76636"
"1993.658";"-268.2039";"-71.56061";"-82.03894";"-291.9446";"-124.0646";"-20.76233";"-268.2039";"-71.56061";"-82.03894";"-291.9446";"-124.0646";"-20.76233"
"2002";"-268.0611";"-71.62958";"-82.03894";"-291.9446";"-123.8949";"-20.76904";"-268.0611";"-71.62958";"-82.03894";"-291.9446";"-123.8949";"-20.76904"
"2010.342";"-268.0212";"-71.60437";"-82.03894";"-291.9446";"-123.8128";"-20.7652";"-268.0212";"-71.60437";"-82.03894";"-291.9446";"-123.8128";"-20.7652"
"2018.683";"-267.841";"-71.61298";"-82.03894";"-291.9446";"-123.7155";"-20.75201";"-267.841";"-71.61298";"-82.03894";"-291.9446";"-123.7155";"-20.75201"
"2027.025";"-267.7996";"-71.60779";"-82.03894";"-291.9446";"-123.6423";"-20.76831";"-267.7996";"-71.60779";"-82.03894";"-291.9446";"-123.6423";"-20.76831"
"2035.367";"-267.5675";"-71.64197";"-82.03894";"-291.9446";"-123.4907";"-20.71881";"-267.5675";"-71.64197";"-82.03894";"-291.9446";"-123.4907";"-20.71881"
"2043.708";"-267.3803";"-71.48438";"-82.03894";"-291.9446";"-123.4144";"-20.71198";"-267.3803";"-71.48438";"-82.03894";"-291.9446";"-123.4144";"-20.71198"
"2052.05";"-267.2537";"-71.49097";"-82.03894";"-291.9446";"-123.2381";"-20.72076";"-267.2537";"-71.49097";"-82.03894";"-291.9446";"-123.2381";"-20.72076"
"2060.392";"-267.2137";"-71.49597";"-82.03894";"-291.9446";"-123.135";"-20.70251";"-267.2137";"-71.49597";"-82.03894";"-291.9446";"-123.135";"-20.70251"
"2068.733";"-267.0599";"-71.48743";"-82.03894";"-291.9446";"-123.0145";"-20.71008";"-267.0599";"-71.48743";"-82.03894";"-291.9446";"-123.0145";"-20.71008"
"2077.075";"-267.0249";"-71.49829";"-82.03894";"-291.9446";"-122.9702";"-20.6936";"-267.0249";"-71.49829";"-82.03894";"-291.9446";"-122.9702";"-20.6936"
"2085.417";"-266.8638";"-71.49261";"-82.03894";"-291.9446";"-122.8287";"-20.66925";"-266.8638";"-71.49261";"-82.03894";"-291.9446";"-122.8287";"-20.66925"
"2093.758";"-266.8397";"-71.49622";"-82.03894";"-291.9446";"-122.7815";"-20.66962";"-266.8397";"-71.49622";"-82.03894";"-291.9446";"-122.7815";"-20.66962"
"2102.1";"-266.8806";"-71.50543";"-82.03894";"-291.9446";"-122.7335";"-20.64203";"-266.8806";"-71.50543";"-82.03894";"-291.9446";"-122.7335";"-20.64203"
"2110.442";"-266.7331";"-71.49677";"-82.03894";"-291.9446";"-122.7188";"-20.64502";"-266.7331";"-71.49677";"-82.03894";"-291.9446";"-122.7188";"-20.64502"
"2118.783";"-266.7133";"-71.49829";"-82.03894";"-291.9446";"-122.6952";"-20.67102";"-266.7133";"-71.49829";"-82.03894";"-291.9446";"-122.6952";"-20.67102"
"2127.125";"-266.6823";"-71.4895";"-82.03894";"-291.9446";"-122.6497";"-20.67389";"-266.6823";"-71.4895";"-82.03894";"-291.9446";"-122.6497";"-20.67389"
"2135.467";"-266.6057";"-71.47308";"-82.03894";"-291.9446";"-122.4974";"-20.69983";"-266.6057";"-71.47308";"-82.03894";"-291.9446";"-122.4974";"-20.69983"
"2143.808";"-266.536";"-71.47021";"-82.03894";"-291.9446";"-122.4659";"-20.70032";"-266.536";"-71.47021";"-82.03894";"-291.9446";"-122.4659";"-20.70032"
"2152.15";"-266.4228";"-71.35559";"-82.03894";"-291.9446";"-122.3707";"-20.76105";"-266.4228";"-71.35559";"-82.03894";"-291.9446";"-122.3707";"-20.76105"
"2160.492";"-266.3848";"-71.34344";"-82.03894";"-291.9446";"-122.3232";"-20.74091";"-266.3848";"-71.34344";"-82.03894";"-291.9446";"-122.3232";"-20.74091"
"2168.833";"-266.25";"-71.33716";"-82.03894";"-291.9446";"-122.1907";"-20.74292";"-266.25";"-71.33716";"-82.03894";"-291.9446";"-122.1907";"-20.74292"
"2177.175";"-266.2015";"-71.34534";"-82.03894";"-291.9446";"-122.0819";"-20.76483";"-266.2015";"-71.34534";"-82.03894";"-291.9446";"-122.0819";"-20.76483"
"2185.517";"-266.0793";"-71.35211";"-82.03894";"-291.9446";"-121.9659";"-20.76038";"-266.0793";"-71.35211";"-82.03894";"-291.9446";"-121.9659";"-20.76038"
"2193.858";"-266.0399";"-71.36041";"-82.03894";"-291.9446";"-121.8536";"-20.79559";"-266.0399";"-71.36041";"-82.03894";"-291.9446";"-121.8536";"-20.79559"
"2202.2";"-265.9167";"-71.32825";"-82.03894";"-291.9446";"-121.7321";"-20.79254";"-265.9167";"-71.32825";"-82.03894";"-291.9446";"-121.7321";"-20.79254"
"2210.542";"-265.88";"-71.3092";"-82.03894";"-291.9446";"-121.6838";"-20.79974";"-265.88";"-71.3092";"-82.03894";"-291.9446";"-121.6838";"-20.79974"
"2218.883";"-265.7774";"-71.28107";"-82.03894";"-291.9446";"-121.4823";"-20.79498";"-265.7774";"-71.28107";"-82.03894";"-291.9446";"-121.4823";"-20.79498"
"2227.225";"-265.7057";"-71.27789";"-82.03894";"-291.9446";"-121.4346";"-20.80444";"-265.7057";"-71.27789";"-82.03894";"-291.9446";"-121.4346";"-20.80444"
"2235.567";"-265.5005";"-71.30365";"-82.03894";"-291.9446";"-121.2634";"-20.82214";"-265.5005";"-71.30365";"-82.03894";"-291.9446";"-121.2634";"-20.82214"
"2243.908";"-265.4503";"-71.17902";"-82.03894";"-291.9446";"-121.2123";"-20.82806";"-265.4503";"-71.17902";"-82.03894";"-291.9446";"-121.2123";"-20.82806"
"2252.25";"-265.2703";"-71.18695";"-82.03894";"-291.9446";"-121.0132";"-20.8222";"-265.2703";"-71.18695";"-82.03894";"-291.9446";"-121.0132";"-20.8222"
"2260.592";"-265.2167";"-71.16443";"-82.03894";"-291.9446";"-120.9461";"-20.841";"-265.2167";"-71.16443";"-82.03894";"-291.9446";"-120.9461";"-20.841"
"2268.933";"-265.0822";"-71.10858";"-82.03894";"-291.9446";"-120.792";"-20.85242";"-265.0822";"-71.10858";"-82.03894";"-291.9446";"-120.792";"-20.85242"
"2277.275";"-265.0383";"-71.1037";"-82.03894";"-291.9446";"-120.7212";"-20.8678";"-265.0383";"-71.1037";"-82.03894";"-291.9446";"-120.7212";"-20.8678"
"2285.617";"-264.8716";"-71.09509";"-82.03894";"-291.9446";"-120.6188";"-20.87048";"-264.8716";"-71.09509";"-82.03894";"-291.9446";"-120.6188";"-20.87048"
"2293.958";"-264.8461";"-71.07813";"-82.03894";"-291.9446";"-120.4542";"-20.87909";"-264.8461";"-71.07813";"-82.03894";"-291.9446";"-120.4542";"-20.87909"
"2302.3";"-264.6404";"-71.07697";"-82.03894";"-291.9446";"-120.3574";"-20.87067";"-264.6404";"-71.07697";"-82.03894";"-291.9446";"-120.3574";"-20.87067"
"2310.642";"-264.6154";"-71.0661";"-82.03894";"-291.9446";"-120.3019";"-20.88257";"-264.6154";"-71.0661";"-82.03894";"-291.9446";"-120.3019";"-20.88257"
"2318.983";"-264.5005";"-71.07715";"-82.03894";"-291.9446";"-120.1785";"-20.8905";"-264.5005";"-71.07715";"-82.03894";"-291.9446";"-120.1785";"-20.8905"
"2327.325";"-264.4371";"-70.95526";"-82.03894";"-291.9446";"-120.0742";"-20.90106";"-264.4371";"-70.95526";"-82.03894";"-291.9446";"-120.0742";"-20.90106"
"2335.667";"-264.2949";"-70.97156";"-82.03894";"-291.9446";"-119.9341";"-20.94122";"-264.2949";"-70.97156";"-82.03894";"-291.9446";"-119.9341";"-20.94122"
"2344.008";"-264.2576";"-70.9541";"-82.03894";"-291.9446";"-119.8773";"-20.96613";"-264.2576";"-70.9541";"-82.03894";"-291.9446";"-119.8773";"-20.96613"
"2352.35";"-264.1343";"-70.94531";"-82.03894";"-291.9446";"-119.7285";"-20.99268";"-264.1343";"-70.94531";"-82.03894";"-291.9446";"-119.7285";"-20.99268"
"2360.692";"-264.0992";"-70.92572";"-82.03894";"-291.9446";"-119.7137";"-20.99164";"-264.0992";"-70.92572";"-82.03894";"-291.9446";"-119.7137";"-20.99164"
"2369.033";"-264.0325";"-70.92657";"-82.03894";"-291.9446";"-119.59";"-21.02673";"-264.0325";"-70.92657";"-82.03894";"-291.9446";"-119.59";"-21.02673"
"2377.375";"-263.8854";"-70.87842";"-82.03894";"-291.9446";"-119.367";"-21.04095";"-263.8854";"-70.87842";"-82.03894";"-291.9446";"-119.367";"-21.04095"
"2385.717";"-263.7916";"-70.87756";"-82.03894";"-291.9446";"-119.3023";"-21.03375";"-263.7916";"-70.87756";"-82.03894";"-291.9446";"-119.3023";"-21.03375"
"2394.058";"-263.7308";"-70.86926";"-82.03894";"-291.9446";"-119.2449";"-21.02808";"-263.7308";"-70.86926";"-82.03894";"-291.9446";"-119.2449";"-21.02808"
"2402.4";"-263.5095";"-70.89856";"-82.03894";"-291.9446";"-119.0625";"-21.03357";"-263.5095";"-70.89856";"-82.03894";"-291.9446";"-119.0625";"-21.03357"
"2410.742";"-263.4721";"-70.74658";"-82.03894";"-291.9446";"-119.0352";"-21.04791";"-263.4721";"-70.74658";"-82.03894";"-291.9446";"-119.0352";"-21.04791"
"2419.083";"-263.381";"-70.73743";"-82.03894";"-291.9446";"-118.8666";"-21.05133";"-263.381";"-70.73743";"-82.03894";"-291.9446";"-118.8666";"-21.05133"
"2427.425";"-263.327";"-70.685";"-82.03894";"-291.9446";"-118.8022";"-21.06055";"-263.327";"-70.685";"-82.03894";"-291.9446";"-118.8022";"-21.06055"
"2435.767";"-263.2158";"-70.60437";"-82.03894";"-291.9446";"-118.6525";"-21.08044";"-263.2158";"-70.60437";"-82.03894";"-291.9446";"-118.6525";"-21.08044"
"2444.108";"-263.1511";"-70.58521";"-82.03894";"-291.9446";"-118.588";"-21.11176";"-263.1511";"-70.58521";"-82.03894";"-291.9446";"-118.588";"-21.11176"
"2452.45";"-263.0762";"-70.54919";"-82.03894";"-291.9446";"-118.4196";"-21.11456";"-263.0762";"-70.54919";"-82.03894";"-291.9446";"-118.4196";"-21.11456"
"2460.792";"-262.9571";"-70.55573";"-82.03894";"-291.9446";"-118.348";"-21.1405";"-262.9571";"-70.55573";"-82.03894";"-291.9446";"-118.348";"-21.1405"
"2469.133";"-262.8809";"-70.52118";"-82.03894";"-291.9446";"-118.2205";"-21.18726";"-262.8809";"-70.52118";"-82.03894";"-291.9446";"-118.2205";"-21.18726"
"2477.475";"-262.7128";"-70.4975";"-82.03894";"-291.9446";"-118.1306";"-21.19916";"-262.7128";"-70.4975";"-82.03894";"-291.9446";"-118.1306";"-21.19916"
"2485.817";"-262.6342";"-70.46246";"-82.03894";"-291.9446";"-118.039";"-21.21454";"-262.6342";"-70.46246";"-82.03894";"-291.9446";"-118.039";"-21.21454"
"2494.158";"-262.5532";"-70.44427";"-82.03894";"-291.9446";"-117.9132";"-21.22461";"-262.5532";"-70.44427";"-82.03894";"-291.9446";"-117.9132";"-21.22461"
"2502.5";"-262.4193";"-70.3349";"-82.03894";"-291.9446";"-117.8438";"-21.27875";"-262.4193";"-70.3349";"-82.03894";"-291.9446";"-117.8438";"-21.27875"
"2510.842";"-262.3942";"-70.30896";"-82.03894";"-291.9446";"-117.7852";"-21.29803";"-262.3942";"-70.30896";"-82.03894";"-291.9446";"-117.7852";"-21.29803"
"2519.183";"-262.3378";"-70.28723";"-82.03894";"-291.9446";"-117.6221";"-21.32251";"-262.3378";"-70.28723";"-82.03894";"-291.9446";"-117.6221";"-21.32251"
"2527.525";"-262.2833";"-70.26031";"-82.03894";"-291.9446";"-117.5796";"-21.36334";"-262.2833";"-70.26031";"-82.03894";"-291.9446";"-117.5796";"-21.36334"
"2535.867";"-262.1841";"-70.22772";"-82.03894";"-291.9446";"-117.517";"-21.38623";"-262.1841";"-70.22772";"-82.03894";"-291.9446";"-117.517";"-21.38623"
"2544.208";"-262.1555";"-70.21759";"-82.03894";"-291.9446";"-117.4196";"-21.43915";"-262.1555";"-70.21759";"-82.03894";"-291.9446";"-117.4196";"-21.43915"
"2552.55";"-262.0473";"-70.15094";"-82.03894";"-291.9446";"-117.2764";"-21.44293";"-262.0473";"-70.15094";"-82.03894";"-291.9446";"-117.2764";"-21.44293"
"2560.892";"-262.012";"-70.14764";"-82.03894";"-291.9446";"-117.1891";"-21.46161";"-262.012";"-70.14764";"-82.03894";"-291.9446";"-117.1891";"-21.46161"
"2569.233";"-261.9472";"-70.10693";"-82.03894";"-291.9446";"-117.0426";"-21.47705";"-261.9472";"-70.10693";"-82.03894";"-291.9446";"-117.0426";"-21.47705"
"2577.575";"-261.8828";"-70.08563";"-82.03894";"-291.9446";"-116.9717";"-21.49512";"-261.8828";"-70.08563";"-82.03894";"-291.9446";"-116.9717";"-21.49512"
"2585.917";"-261.7587";"-70.06885";"-82.03894";"-291.9446";"-116.8298";"-21.56628";"-261.7587";"-70.06885";"-82.03894";"-291.9446";"-116.8298";"-21.56628"
"2594.258";"-261.7014";"-70.04492";"-82.03894";"-291.9446";"-116.7746";"-21.56335";"-261.7014";"-70.04492";"-82.03894";"-291.9446";"-116.7746";"-21.56335"
"2602.6";"-261.5317";"-70.04016";"-82.03894";"-291.9446";"-116.6194";"-21.6142";"-261.5317";"-70.04016";"-82.03894";"-291.9446";"-116.6194";"-21.6142"
"2610.942";"-261.4753";"-69.91833";"-82.03894";"-291.9446";"-116.5352";"-21.65247";"-261.4753";"-69.91833";"-82.03894";"-291.9446";"-116.5352";"-21.65247"
"2619.283";"-261.3436";"-69.89471";"-82.03894";"-291.9446";"-116.3798";"-21.69354";"-261.3436";"-69.89471";"-82.03894";"-291.9446";"-116.3798";"-21.69354"
"2627.625";"-261.2993";"-69.86761";"-82.03894";"-291.9446";"-116.2757";"-21.71344";"-261.2993";"-69.86761";"-82.03894";"-291.9446";"-116.2757";"-21.71344"
"2635.967";"-261.2365";"-69.8269";"-82.03894";"-291.9446";"-116.0927";"-21.74249";"-261.2365";"-69.8269";"-82.03894";"-291.9446";"-116.0927";"-21.74249"
"2644.308";"-261.1866";"-69.79797";"-82.03894";"-291.9446";"-116.0709";"-21.7793";"-261.1866";"-69.79797";"-82.03894";"-291.9446";"-116.0709";"-21.7793"
"2652.65";"-261.0394";"-69.79578";"-82.03894";"-291.9446";"-115.9489";"-21.82941";"-261.0394";"-69.79578";"-82.03894";"-291.9446";"-115.9489";"-21.82941"
"2660.992";"-261.0147";"-69.74396";"-82.03894";"-291.9446";"-115.8823";"-21.85614";"-261.0147";"-69.74396";"-82.03894";"-291.9446";"-115.8823";"-21.85614"
"2669.333";"-260.9341";"-69.68762";"-82.03894";"-291.9446";"-115.7731";"-21.86151";"-260.9341";"-69.68762";"-82.03894";"-291.9446";"-115.7731";"-21.86151"
"2677.675";"-260.8637";"-69.65741";"-82.03894";"-291.9446";"-115.6833";"-21.8667";"-260.8637";"-69.65741";"-82.03894";"-291.9446";"-115.6833";"-21.8667"
"2686.017";"-260.7456";"-69.63489";"-82.03894";"-291.9446";"-115.56";"-21.90979";"-260.7456";"-69.63489";"-82.03894";"-291.9446";"-115.56";"-21.90979"
"2694.358";"-260.7216";"-69.58807";"-82.03894";"-291.9446";"-115.4911";"-21.95026";"-260.7216";"-69.58807";"-82.03894";"-291.9446";"-115.4911";"-21.95026"
"2702.7";"-260.6611";"-69.57605";"-82.03894";"-291.9446";"-115.4089";"-21.95667";"-260.6611";"-69.57605";"-82.03894";"-291.9446";"-115.4089";"-21.95667"
"2711.042";"-260.3873";"-69.40613";"-82.03894";"-291.9446";"-115.2847";"-22.00787";"-260.3873";"-69.40613";"-82.03894";"-291.9446";"-115.2847";"-22.00787"
"2719.383";"-260.3419";"-69.36267";"-82.03894";"-291.9446";"-115.1738";"-22.0058";"-260.3419";"-69.36267";"-82.03894";"-291.9446";"-115.1738";"-22.0058"
"2727.725";"-260.3004";"-69.35181";"-82.03894";"-291.9446";"-115.1177";"-22.01721";"-260.3004";"-69.35181";"-82.03894";"-291.9446";"-115.1177";"-22.01721"
"2736.067";"-260.2744";"-69.30841";"-82.03894";"-291.9446";"-115.0249";"-22.02673";"-260.2744";"-69.30841";"-82.03894";"-291.9446";"-115.0249";"-22.02673"
"2744.408";"-260.2054";"-69.28564";"-82.03894";"-291.9446";"-114.9497";"-22.06921";"-260.2054";"-69.28564";"-82.03894";"-291.9446";"-114.9497";"-22.06921"
"2752.75";"-260.119";"-69.25183";"-82.03894";"-291.9446";"-114.796";"-22.08752";"-260.119";"-69.25183";"-82.03894";"-291.9446";"-114.796";"-22.08752"
"2761.092";"-260.0734";"-69.24304";"-82.03894";"-291.9446";"-114.744";"-22.12122";"-260.0734";"-69.24304";"-82.03894";"-291.9446";"-114.744";"-22.12122"
"2769.433";"-259.9764";"-69.20184";"-82.03894";"-291.9446";"-114.6379";"-22.16382";"-259.9764";"-69.20184";"-82.03894";"-291.9446";"-114.6379";"-22.16382"
"2777.775";"-259.9316";"-69.18933";"-82.03894";"-291.9446";"-114.5169";"-22.17816";"-259.9316";"-69.18933";"-82.03894";"-291.9446";"-114.5169";"-22.17816"
"2786.117";"-259.8033";"-69.15924";"-82.03894";"-291.9446";"-114.4159";"-22.20129";"-259.8033";"-69.15924";"-82.03894";"-291.9446";"-114.4159";"-22.20129"
"2794.458";"-259.7651";"-69.13544";"-82.03894";"-291.9446";"-114.3626";"-22.22681";"-259.7651";"-69.13544";"-82.03894";"-291.9446";"-114.3626";"-22.22681"
"2802.8";"-259.6469";"-69.11279";"-82.03894";"-291.9446";"-114.1573";"-22.24487";"-259.6469";"-69.11279";"-82.03894";"-291.9446";"-114.1573";"-22.24487"
"2811.142";"-259.5925";"-69.10651";"-82.03894";"-291.9446";"-114.1065";"-22.28094";"-259.5925";"-69.10651";"-82.03894";"-291.9446";"-114.1065";"-22.28094"
"2819.483";"-259.4528";"-68.92358";"-82.03894";"-291.9446";"-113.9921";"-22.28766";"-259.4528";"-68.92358";"-82.03894";"-291.9446";"-113.9921";"-22.28766"
"2827.825";"-259.4216";"-68.90698";"-82.03894";"-291.9446";"-113.9068";"-22.34485";"-259.4216";"-68.90698";"-82.03894";"-291.9446";"-113.9068";"-22.34485"
"2836.167";"-259.3422";"-68.85175";"-82.03894";"-291.9446";"-113.8025";"-22.36694";"-259.3422";"-68.85175";"-82.03894";"-291.9446";"-113.8025";"-22.36694"
"2844.508";"-259.3009";"-68.841";"-82.03894";"-291.9446";"-113.7842";"-22.3587";"-259.3009";"-68.841";"-82.03894";"-291.9446";"-113.7842";"-22.3587"
"2852.85";"-259.2229";"-68.802";"-82.03894";"-291.9446";"-113.6306";"-22.41663";"-259.2229";"-68.802";"-82.03894";"-291.9446";"-113.6306";"-22.41663"
"2861.192";"-259.1824";"-68.78503";"-82.03894";"-291.9446";"-113.5793";"-22.44269";"-259.1824";"-68.78503";"-82.03894";"-291.9446";"-113.5793";"-22.44269"
"2869.533";"-259.1243";"-68.74518";"-82.03894";"-291.9446";"-113.4265";"-22.53802";"-259.1243";"-68.74518";"-82.03894";"-291.9446";"-113.4265";"-22.53802"
"2877.875";"-259.082";"-68.71906";"-82.03894";"-291.9446";"-113.3237";"-22.59613";"-259.082";"-68.71906";"-82.03894";"-291.9446";"-113.3237";"-22.59613"
"2886.217";"-258.9443";"-68.67133";"-82.03894";"-291.9446";"-113.2695";"-22.62012";"-258.9443";"-68.67133";"-82.03894";"-291.9446";"-113.2695";"-22.62012"
"2894.558";"-258.905";"-68.63184";"-82.03894";"-291.9446";"-113.2001";"-22.64172";"-258.905";"-68.63184";"-82.03894";"-291.9446";"-113.2001";"-22.64172"
"2902.9";"-258.8457";"-68.59613";"-82.03894";"-291.9446";"-113.0774";"-22.68811";"-258.8457";"-68.59613";"-82.03894";"-291.9446";"-113.0774";"-22.68811"
"2911.242";"-258.7615";"-68.54993";"-82.03894";"-291.9446";"-112.9819";"-22.72437";"-258.7615";"-68.54993";"-82.03894";"-291.9446";"-112.9819";"-22.72437"
"2919.583";"-258.6844";"-68.51709";"-82.03894";"-291.9446";"-112.9074";"-22.75031";"-258.6844";"-68.51709";"-82.03894";"-291.9446";"-112.9074";"-22.75031"
"2927.925";"-258.478";"-68.37842";"-82.03894";"-291.9446";"-112.813";"-22.80499";"-258.478";"-68.37842";"-82.03894";"-291.9446";"-112.813";"-22.80499"
"2936.267";"-258.3892";"-68.36584";"-82.03894";"-291.9446";"-112.7112";"-22.81293";"-258.3892";"-68.36584";"-82.03894";"-291.9446";"-112.7112";"-22.81293"
"2944.608";"-258.3578";"-68.32416";"-82.03894";"-291.9446";"-112.6151";"-22.86261";"-258.3578";"-68.32416";"-82.03894";"-291.9446";"-112.6151";"-22.86261"
"2952.95";"-258.2593";"-68.29309";"-82.03894";"-291.9446";"-112.489";"-22.89789";"-258.2593";"-68.29309";"-82.03894";"-291.9446";"-112.489";"-22.89789"
"2961.292";"-258.2155";"-68.2655";"-82.03894";"-291.9446";"-112.3837";"-22.89594";"-258.2155";"-68.2655";"-82.03894";"-291.9446";"-112.3837";"-22.89594"
"2969.633";"-258.1063";"-68.23138";"-82.03894";"-291.9446";"-112.2723";"-22.95557";"-258.1063";"-68.23138";"-82.03894";"-291.9446";"-112.2723";"-22.95557"
"2977.975";"-258.067";"-68.23499";"-82.03894";"-291.9446";"-112.135";"-22.99591";"-258.067";"-68.23499";"-82.03894";"-291.9446";"-112.135";"-22.99591"
"2986.317";"-257.991";"-68.17847";"-82.03894";"-291.9446";"-112.084";"-23.04517";"-257.991";"-68.17847";"-82.03894";"-291.9446";"-112.084";"-23.04517"
"2994.658";"-257.9424";"-68.14551";"-82.03894";"-291.9446";"-111.9745";"-23.065";"-257.9424";"-68.14551";"-82.03894";"-291.9446";"-111.9745";"-23.065"
"3003";"-257.7927";"-68.14252";"-82.03894";"-291.9446";"-111.8655";"-23.08844";"-257.7927";"-68.14252";"-82.03894";"-291.9446";"-111.8655";"-23.08844"
"3011.342";"-257.7542";"-68.10651";"-82.03894";"-291.9446";"-111.8026";"-23.10272";"-257.7542";"-68.10651";"-82.03894";"-291.9446";"-111.8026";"-23.10272"
"3019.683";"-257.6864";"-68.08185";"-82.03894";"-291.9446";"-111.7057";"-23.13184";"-257.6864";"-68.08185";"-82.03894";"-291.9446";"-111.7057";"-23.13184"
"3028.025";"-257.6108";"-68.04041";"-82.03894";"-291.9446";"-111.5668";"-23.16553";"-257.6108";"-68.04041";"-82.03894";"-291.9446";"-111.5668";"-23.16553"
"3036.367";"-257.519";"-68.02344";"-82.03894";"-291.9446";"-111.5176";"-23.18921";"-257.519";"-68.02344";"-82.03894";"-291.9446";"-111.5176";"-23.18921"
"3044.708";"-257.4881";"-67.90045";"-82.03894";"-291.9446";"-111.4608";"-23.21454";"-257.4881";"-67.90045";"-82.03894";"-291.9446";"-111.4608";"-23.21454"
"3053.05";"-257.3847";"-67.87457";"-82.03894";"-291.9446";"-111.3418";"-23.24048";"-257.3847";"-67.87457";"-82.03894";"-291.9446";"-111.3418";"-23.24048"
"3061.392";"-257.348";"-67.84503";"-82.03894";"-291.9446";"-111.299";"-23.2627";"-257.348";"-67.84503";"-82.03894";"-291.9446";"-111.299";"-23.2627"
"3069.733";"-257.3094";"-67.80695";"-82.03894";"-291.9446";"-111.2013";"-23.33533";"-257.3094";"-67.80695";"-82.03894";"-291.9446";"-111.2013";"-23.33533"
"3078.075";"-257.2793";"-67.78046";"-82.03894";"-291.9446";"-111.0816";"-23.38";"-257.2793";"-67.78046";"-82.03894";"-291.9446";"-111.0816";"-23.38"
"3086.417";"-257.2269";"-67.73431";"-82.03894";"-291.9446";"-111.0125";"-23.35309";"-257.2269";"-67.73431";"-82.03894";"-291.9446";"-111.0125";"-23.35309"
"3094.758";"-257.1253";"-67.69934";"-82.03894";"-291.9446";"-110.9271";"-23.41553";"-257.1253";"-67.69934";"-82.03894";"-291.9446";"-110.9271";"-23.41553"
"3103.1";"-257.0816";"-67.67944";"-82.03894";"-291.9446";"-110.8396";"-23.42188";"-257.0816";"-67.67944";"-82.03894";"-291.9446";"-110.8396";"-23.42188"
"3111.442";"-257.0168";"-67.61835";"-82.03894";"-291.9446";"-110.7488";"-23.42395";"-257.0168";"-67.61835";"-82.03894";"-291.9446";"-110.7488";"-23.42395"
"3119.783";"-256.928";"-67.59039";"-82.03894";"-291.9446";"-110.6482";"-23.46112";"-256.928";"-67.59039";"-82.03894";"-291.9446";"-110.6482";"-23.46112"
"3128.125";"-256.9045";"-67.57227";"-82.03894";"-291.9446";"-110.6227";"-23.49231";"-256.9045";"-67.57227";"-82.03894";"-291.9446";"-110.6227";"-23.49231"
"3136.467";"-256.8151";"-67.50012";"-82.03894";"-291.9446";"-110.5114";"-23.55359";"-256.8151";"-67.50012";"-82.03894";"-291.9446";"-110.5114";"-23.55359"
"3144.808";"-256.6224";"-67.49408";"-82.03894";"-291.9446";"-110.3746";"-23.57166";"-256.6224";"-67.49408";"-82.03894";"-291.9446";"-110.3746";"-23.57166"
"3153.15";"-256.4727";"-67.36328";"-82.03894";"-291.9446";"-110.2734";"-23.59357";"-256.4727";"-67.36328";"-82.03894";"-291.9446";"-110.2734";"-23.59357"
"3161.492";"-256.443";"-67.35254";"-82.03894";"-291.9446";"-110.2511";"-23.65167";"-256.443";"-67.35254";"-82.03894";"-291.9446";"-110.2511";"-23.65167"
"3169.833";"-256.3495";"-67.32074";"-82.03894";"-291.9446";"-110.1352";"-23.68573";"-256.3495";"-67.32074";"-82.03894";"-291.9446";"-110.1352";"-23.68573"
"3178.175";"-256.3116";"-67.30408";"-82.03894";"-291.9446";"-110.0311";"-23.7099";"-256.3116";"-67.30408";"-82.03894";"-291.9446";"-110.0311";"-23.7099"
"3186.517";"-256.2343";"-67.26965";"-82.03894";"-291.9446";"-109.9175";"-23.74988";"-256.2343";"-67.26965";"-82.03894";"-291.9446";"-109.9175";"-23.74988"
"3194.858";"-256.1799";"-67.24097";"-82.03894";"-291.9446";"-109.8683";"-23.77881";"-256.1799";"-67.24097";"-82.03894";"-291.9446";"-109.8683";"-23.77881"
"3203.2";"-256.1259";"-67.23059";"-82.03894";"-291.9446";"-109.7491";"-23.85742";"-256.1259";"-67.23059";"-82.03894";"-291.9446";"-109.7491";"-23.85742"
"3211.542";"-256.1025";"-67.20721";"-82.03894";"-291.9446";"-109.6811";"-23.86145";"-256.1025";"-67.20721";"-82.03894";"-291.9446";"-109.6811";"-23.86145"
"3219.883";"-255.971";"-67.17792";"-82.03894";"-291.9446";"-109.5541";"-23.86865";"-255.971";"-67.17792";"-82.03894";"-291.9446";"-109.5541";"-23.86865"
"3228.225";"-255.9364";"-67.17401";"-82.03894";"-291.9446";"-109.4901";"-23.90906";"-255.9364";"-67.17401";"-82.03894";"-291.9446";"-109.4901";"-23.90906"
"3236.567";"-255.8774";"-67.14771";"-82.03894";"-291.9446";"-109.4621";"-23.94305";"-255.8774";"-67.14771";"-82.03894";"-291.9446";"-109.4621";"-23.94305"
"3244.908";"-255.8367";"-67.12262";"-82.03894";"-291.9446";"-109.2855";"-23.96838";"-255.8367";"-67.12262";"-82.03894";"-291.9446";"-109.2855";"-23.96838"
"3253.25";"-255.7077";"-67.10382";"-82.03894";"-291.9446";"-109.2344";"-23.98273";"-255.7077";"-67.10382";"-82.03894";"-291.9446";"-109.2344";"-23.98273"
"3261.592";"-255.7032";"-67.08099";"-82.03894";"-291.9446";"-109.1835";"-24.00403";"-255.7032";"-67.08099";"-82.03894";"-291.9446";"-109.1835";"-24.00403"
"3269.933";"-255.559";"-67.04144";"-82.03894";"-291.9446";"-109.0906";"-24.02222";"-255.559";"-67.04144";"-82.03894";"-291.9446";"-109.0906";"-24.02222"
"3278.275";"-255.5177";"-67.05359";"-82.03894";"-291.9446";"-108.9993";"-24.0708";"-255.5177";"-67.05359";"-82.03894";"-291.9446";"-108.9993";"-24.0708"
"3286.617";"-255.4193";"-66.9082";"-82.03894";"-291.9446";"-108.9045";"-24.10291";"-255.4193";"-66.9082";"-82.03894";"-291.9446";"-108.9045";"-24.10291"
"3294.958";"-255.3942";"-66.88568";"-82.03894";"-291.9446";"-108.8758";"-24.1203";"-255.3942";"-66.88568";"-82.03894";"-291.9446";"-108.8758";"-24.1203"
"3303.3";"-255.2955";"-66.87408";"-82.03894";"-291.9446";"-108.69";"-24.16412";"-255.2955";"-66.87408";"-82.03894";"-291.9446";"-108.69";"-24.16412"
"3311.642";"-255.2472";"-66.84039";"-82.03894";"-291.9446";"-108.6378";"-24.18823";"-255.2472";"-66.84039";"-82.03894";"-291.9446";"-108.6378";"-24.18823"
"3319.983";"-255.2071";"-66.81433";"-82.03894";"-291.9446";"-108.5505";"-24.22333";"-255.2071";"-66.81433";"-82.03894";"-291.9446";"-108.5505";"-24.22333"
"3328.325";"-255.159";"-66.81042";"-82.03894";"-291.9446";"-108.5386";"-24.23108";"-255.159";"-66.81042";"-82.03894";"-291.9446";"-108.5386";"-24.23108"
"3336.667";"-255.0779";"-66.79114";"-82.03894";"-291.9446";"-108.317";"-24.24231";"-255.0779";"-66.79114";"-82.03894";"-291.9446";"-108.317";"-24.24231"
"3345.008";"-255.0229";"-66.75403";"-82.03894";"-291.9446";"-108.2886";"-24.27124";"-255.0229";"-66.75403";"-82.03894";"-291.9446";"-108.2886";"-24.27124"
"3353.35";"-254.9596";"-66.7218";"-82.03894";"-291.9446";"-108.2465";"-24.28461";"-254.9596";"-66.7218";"-82.03894";"-291.9446";"-108.2465";"-24.28461"
"3361.692";"-254.8999";"-66.69989";"-82.03894";"-291.9446";"-108.1334";"-24.32721";"-254.8999";"-66.69989";"-82.03894";"-291.9446";"-108.1334";"-24.32721"
"3370.033";"-254.7752";"-66.70728";"-82.03894";"-291.9446";"-108.03";"-24.32544";"-254.7752";"-66.70728";"-82.03894";"-291.9446";"-108.03";"-24.32544"
"3378.375";"-254.6769";"-66.63947";"-82.03894";"-291.9446";"-107.9569";"-24.38098";"-254.6769";"-66.63947";"-82.03894";"-291.9446";"-107.9569";"-24.38098"
"3386.717";"-254.6555";"-66.63989";"-82.03894";"-291.9446";"-107.8943";"-24.39063";"-254.6555";"-66.63989";"-82.03894";"-291.9446";"-107.8943";"-24.39063"
"3395.058";"-254.6088";"-66.61804";"-82.03894";"-291.9446";"-107.8644";"-24.39099";"-254.6088";"-66.61804";"-82.03894";"-291.9446";"-107.8644";"-24.39099"
"3403.4";"-254.3677";"-66.46429";"-82.03894";"-291.9446";"-107.7235";"-24.40314";"-254.3677";"-66.46429";"-82.03894";"-291.9446";"-107.7235";"-24.40314"
"3411.742";"-254.3291";"-66.43988";"-82.03894";"-291.9446";"-107.6974";"-24.43848";"-254.3291";"-66.43988";"-82.03894";"-291.9446";"-107.6974";"-24.43848"
"3420.083";"-254.254";"-66.41766";"-82.03894";"-291.9446";"-107.613";"-24.47803";"-254.254";"-66.41766";"-82.03894";"-291.9446";"-107.613";"-24.47803"
"3428.425";"-254.2338";"-66.40436";"-82.03894";"-291.9446";"-107.5746";"-24.54047";"-254.2338";"-66.40436";"-82.03894";"-291.9446";"-107.5746";"-24.54047"
"3436.767";"-254.1718";"-66.38611";"-82.03894";"-291.9446";"-107.4281";"-24.56799";"-254.1718";"-66.38611";"-82.03894";"-291.9446";"-107.4281";"-24.56799"
"3445.108";"-254.1283";"-66.37628";"-82.03894";"-291.9446";"-107.3881";"-24.56537";"-254.1283";"-66.37628";"-82.03894";"-291.9446";"-107.3881";"-24.56537"
"3453.45";"-254.0171";"-66.35431";"-82.03894";"-291.9446";"-107.2798";"-24.62329";"-254.0171";"-66.35431";"-82.03894";"-291.9446";"-107.2798";"-24.62329"
"3461.792";"-253.9651";"-66.34064";"-82.03894";"-291.9446";"-107.211";"-24.63501";"-253.9651";"-66.34064";"-82.03894";"-291.9446";"-107.211";"-24.63501"
"3470.133";"-253.9086";"-66.31531";"-82.03894";"-291.9446";"-107.1532";"-24.68341";"-253.9086";"-66.31531";"-82.03894";"-291.9446";"-107.1532";"-24.68341"
"3478.475";"-253.7875";"-66.31744";"-82.03894";"-291.9446";"-107.0613";"-24.68219";"-253.7875";"-66.31744";"-82.03894";"-291.9446";"-107.0613";"-24.68219"
"3486.817";"-253.7233";"-66.29224";"-82.03894";"-291.9446";"-106.9662";"-24.72668";"-253.7233";"-66.29224";"-82.03894";"-291.9446";"-106.9662";"-24.72668"
"3495.158";"-253.6638";"-66.29053";"-82.03894";"-291.9446";"-106.8499";"-24.76892";"-253.6638";"-66.29053";"-82.03894";"-291.9446";"-106.8499";"-24.76892"
"3503.5";"-253.5753";"-66.26434";"-82.03894";"-291.9446";"-106.737";"-24.79224";"-253.5753";"-66.26434";"-82.03894";"-291.9446";"-106.737";"-24.79224"
"3511.842";"-253.5098";"-66.26257";"-82.03894";"-291.9446";"-106.7299";"-24.80347";"-253.5098";"-66.26257";"-82.03894";"-291.9446";"-106.7299";"-24.80347"
"3520.183";"-253.3954";"-66.14874";"-82.03894";"-291.9446";"-106.5542";"-24.83173";"-253.3954";"-66.14874";"-82.03894";"-291.9446";"-106.5542";"-24.83173"
"3528.525";"-253.3533";"-66.11499";"-82.03894";"-291.9446";"-106.5247";"-24.84473";"-253.3533";"-66.11499";"-82.03894";"-291.9446";"-106.5247";"-24.84473"
"3536.867";"-253.3044";"-66.0993";"-82.03894";"-291.9446";"-106.4619";"-24.88293";"-253.3044";"-66.0993";"-82.03894";"-291.9446";"-106.4619";"-24.88293"
"3545.208";"-253.273";"-66.08923";"-82.03894";"-291.9446";"-106.3766";"-24.90631";"-253.273";"-66.08923";"-82.03894";"-291.9446";"-106.3766";"-24.90631"
"3553.55";"-253.1853";"-66.07349";"-82.03894";"-291.9446";"-106.183";"-24.90619";"-253.1853";"-66.07349";"-82.03894";"-291.9446";"-106.183";"-24.90619"
"3561.892";"-253.1425";"-66.05017";"-82.03894";"-291.9446";"-106.1577";"-24.92712";"-253.1425";"-66.05017";"-82.03894";"-291.9446";"-106.1577";"-24.92712"
"3570.233";"-253.0823";"-66.02417";"-82.03894";"-291.9446";"-106.1112";"-24.94482";"-253.0823";"-66.02417";"-82.03894";"-291.9446";"-106.1112";"-24.94482"
"3578.575";"-253.0316";"-66.01367";"-82.03894";"-291.9446";"-106.0385";"-24.96808";"-253.0316";"-66.01367";"-82.03894";"-291.9446";"-106.0385";"-24.96808"
"3586.917";"-252.919";"-66.01788";"-82.03894";"-291.9446";"-105.8773";"-24.99457";"-252.919";"-66.01788";"-82.03894";"-291.9446";"-105.8773";"-24.99457"
"3595.258";"-252.864";"-65.98956";"-82.03894";"-291.9446";"-105.8632";"-25.00433";"-252.864";"-65.98956";"-82.03894";"-291.9446";"-105.8632";"-25.00433"
"3603.6";"-252.7797";"-65.98138";"-82.03894";"-291.9446";"-105.8045";"-25.04187";"-252.7797";"-65.98138";"-82.03894";"-291.9446";"-105.8045";"-25.04187"
"3611.942";"-252.7386";"-65.94781";"-82.03894";"-291.9446";"-105.6332";"-25.06171";"-252.7386";"-65.94781";"-82.03894";"-291.9446";"-105.6332";"-25.06171"
"3620.283";"-252.613";"-65.92535";"-82.03894";"-291.9446";"-105.5958";"-25.10046";"-252.613";"-65.92535";"-82.03894";"-291.9446";"-105.5958";"-25.10046"
"3628.625";"-252.5835";"-65.91138";"-82.03894";"-291.9446";"-105.5532";"-25.10614";"-252.5835";"-65.91138";"-82.03894";"-291.9446";"-105.5532";"-25.10614"
"3636.967";"-252.4897";"-65.7818";"-82.03894";"-291.9446";"-105.5095";"-25.13403";"-252.4897";"-65.7818";"-82.03894";"-291.9446";"-105.5095";"-25.13403"
"3645.308";"-252.4734";"-65.77679";"-82.03894";"-291.9446";"-105.4892";"-25.14026";"-252.4734";"-65.77679";"-82.03894";"-291.9446";"-105.4892";"-25.14026"
"3653.65";"-252.434";"-65.75726";"-82.03894";"-291.9446";"-105.3266";"-25.17035";"-252.434";"-65.75726";"-82.03894";"-291.9446";"-105.3266";"-25.17035"
"3661.992";"-252.4028";"-65.75549";"-82.03894";"-291.9446";"-105.2863";"-25.16547";"-252.4028";"-65.75549";"-82.03894";"-291.9446";"-105.2863";"-25.16547"
"3670.333";"-252.3291";"-65.7099";"-82.03894";"-291.9446";"-105.1391";"-25.18176";"-252.3291";"-65.7099";"-82.03894";"-291.9446";"-105.1391";"-25.18176"
"3678.675";"-252.3121";"-65.70343";"-82.03894";"-291.9446";"-105.146";"-25.17365";"-252.3121";"-65.70343";"-82.03894";"-291.9446";"-105.146";"-25.17365"
"3687.017";"-252.2208";"-65.69055";"-82.03894";"-291.9446";"-105.0986";"-25.21283";"-252.2208";"-65.69055";"-82.03894";"-291.9446";"-105.0986";"-25.21283"
"3695.358";"-252.1921";"-65.65308";"-82.03894";"-291.9446";"-105.0403";"-25.24146";"-252.1921";"-65.65308";"-82.03894";"-291.9446";"-105.0403";"-25.24146"
"3703.7";"-252.0984";"-65.65619";"-82.03894";"-291.9446";"-104.8889";"-25.23138";"-252.0984";"-65.65619";"-82.03894";"-291.9446";"-104.8889";"-25.23138"
"3712.042";"-252.0785";"-65.64252";"-82.03894";"-291.9446";"-104.8724";"-25.2547";"-252.0785";"-65.64252";"-82.03894";"-291.9446";"-104.8724";"-25.2547"
"3720.383";"-252.034";"-65.63202";"-82.03894";"-291.9446";"-104.7723";"-25.28735";"-252.034";"-65.63202";"-82.03894";"-291.9446";"-104.7723";"-25.28735"
"3728.725";"-252.0023";"-65.60071";"-82.03894";"-291.9446";"-104.7602";"-25.29932";"-252.0023";"-65.60071";"-82.03894";"-291.9446";"-104.7602";"-25.29932"
"3737.067";"-251.8542";"-65.59387";"-82.03894";"-291.9446";"-104.5745";"-25.33582";"-251.8542";"-65.59387";"-82.03894";"-291.9446";"-104.5745";"-25.33582"
"3745.408";"-251.832";"-65.56335";"-82.03894";"-291.9446";"-104.5334";"-25.36285";"-251.832";"-65.56335";"-82.03894";"-291.9446";"-104.5334";"-25.36285"
"3753.75";"-251.7439";"-65.55695";"-82.03894";"-291.9446";"-104.4824";"-25.36005";"-251.7439";"-65.55695";"-82.03894";"-291.9446";"-104.4824";"-25.36005"
"3762.092";"-251.6898";"-65.55328";"-82.03894";"-291.9446";"-104.4375";"-25.38696";"-251.6898";"-65.55328";"-82.03894";"-291.9446";"-104.4375";"-25.38696"
"3770.433";"-251.4028";"-65.38147";"-82.03894";"-291.9446";"-104.2634";"-25.38129";"-251.4028";"-65.38147";"-82.03894";"-291.9446";"-104.2634";"-25.38129"
"3778.775";"-251.3903";"-65.37079";"-82.03894";"-291.9446";"-104.2676";"-25.39636";"-251.3903";"-65.37079";"-82.03894";"-291.9446";"-104.2676";"-25.39636"
"3787.117";"-251.3479";"-65.36707";"-82.03894";"-291.9446";"-104.2017";"-25.43762";"-251.3479";"-65.36707";"-82.03894";"-291.9446";"-104.2017";"-25.43762"
"3795.458";"-251.3188";"-65.35797";"-82.03894";"-291.9446";"-104.1413";"-25.45074";"-251.3188";"-65.35797";"-82.03894";"-291.9446";"-104.1413";"-25.45074"
"3803.8";"-251.1722";"-65.35632";"-82.03894";"-291.9446";"-103.9816";"-25.46777";"-251.1722";"-65.35632";"-82.03894";"-291.9446";"-103.9816";"-25.46777"
"3812.142";"-251.1472";"-65.33142";"-82.03894";"-291.9446";"-103.9548";"-25.48291";"-251.1472";"-65.33142";"-82.03894";"-291.9446";"-103.9548";"-25.48291"
"3820.483";"-251.1134";"-65.31628";"-82.03894";"-291.9446";"-103.8227";"-25.50726";"-251.1134";"-65.31628";"-82.03894";"-291.9446";"-103.8227";"-25.50726"
"3828.825";"-251.063";"-65.3009";"-82.03894";"-291.9446";"-103.8073";"-25.5451";"-251.063";"-65.3009";"-82.03894";"-291.9446";"-103.8073";"-25.5451"
"3837.167";"-250.9243";"-65.28796";"-82.03894";"-291.9446";"-103.7392";"-25.55371";"-250.9243";"-65.28796";"-82.03894";"-291.9446";"-103.7392";"-25.55371"
"3845.508";"-250.8887";"-65.28259";"-82.03894";"-291.9446";"-103.6727";"-25.59296";"-250.8887";"-65.28259";"-82.03894";"-291.9446";"-103.6727";"-25.59296"
"3853.85";"-250.8585";"-65.24286";"-82.03894";"-291.9446";"-103.5645";"-25.6319";"-250.8585";"-65.24286";"-82.03894";"-291.9446";"-103.5645";"-25.6319"
"3862.192";"-250.8238";"-65.25385";"-82.03894";"-291.9446";"-103.5355";"-25.65662";"-250.8238";"-65.25385";"-82.03894";"-291.9446";"-103.5355";"-25.65662"
"3870.533";"-250.6816";"-65.26532";"-82.03894";"-291.9446";"-103.4266";"-25.68207";"-250.6816";"-65.26532";"-82.03894";"-291.9446";"-103.4266";"-25.68207"
"3878.875";"-250.6362";"-65.23785";"-82.03894";"-291.9446";"-103.3792";"-25.6767";"-250.6362";"-65.23785";"-82.03894";"-291.9446";"-103.3792";"-25.6767"
"3887.217";"-250.5197";"-65.22455";"-82.03894";"-291.9446";"-103.2409";"-25.75372";"-250.5197";"-65.22455";"-82.03894";"-291.9446";"-103.2409";"-25.75372"
"3895.558";"-250.4904";"-65.10059";"-82.03894";"-291.9446";"-103.2078";"-25.76965";"-250.4904";"-65.10059";"-82.03894";"-291.9446";"-103.2078";"-25.76965"
"3903.9";"-250.3632";"-65.08765";"-82.03894";"-291.9446";"-103.1267";"-25.78503";"-250.3632";"-65.08765";"-82.03894";"-291.9446";"-103.1267";"-25.78503"
"3912.242";"-250.3557";"-65.08447";"-82.03894";"-291.9446";"-103.0822";"-25.79895";"-250.3557";"-65.08447";"-82.03894";"-291.9446";"-103.0822";"-25.79895"
"3920.583";"-250.3166";"-65.06262";"-82.03894";"-291.9446";"-102.9165";"-25.83026";"-250.3166";"-65.06262";"-82.03894";"-291.9446";"-102.9165";"-25.83026"
"3928.925";"-250.2952";"-65.05945";"-82.03894";"-291.9446";"-102.905";"-25.84137";"-250.2952";"-65.05945";"-82.03894";"-291.9446";"-102.905";"-25.84137"
"3937.267";"-250.1497";"-65.05902";"-82.03894";"-291.9446";"-102.8278";"-25.86938";"-250.1497";"-65.05902";"-82.03894";"-291.9446";"-102.8278";"-25.86938"
"3945.608";"-250.1383";"-65.05658";"-82.03894";"-291.9446";"-102.8074";"-25.87952";"-250.1383";"-65.05658";"-82.03894";"-291.9446";"-102.8074";"-25.87952"
"3953.95";"-250.1169";"-65.06445";"-82.03894";"-291.9446";"-102.7609";"-25.88599";"-250.1169";"-65.06445";"-82.03894";"-291.9446";"-102.7609";"-25.88599"
"3962.292";"-250.0861";"-65.03741";"-82.03894";"-291.9446";"-102.5508";"-25.9118";"-250.0861";"-65.03741";"-82.03894";"-291.9446";"-102.5508";"-25.9118"
"3970.633";"-250.0565";"-65.02655";"-82.03894";"-291.9446";"-102.5266";"-25.93268";"-250.0565";"-65.02655";"-82.03894";"-291.9446";"-102.5266";"-25.93268"
"3978.975";"-249.9928";"-65.00952";"-82.03894";"-291.9446";"-102.4956";"-25.96509";"-249.9928";"-65.00952";"-82.03894";"-291.9446";"-102.4956";"-25.96509"
"3987.317";"-249.8849";"-65.01202";"-82.03894";"-291.9446";"-102.4724";"-26.00043";"-249.8849";"-65.01202";"-82.03894";"-291.9446";"-102.4724";"-26.00043"
"3995.658";"-249.8763";"-64.99365";"-82.03894";"-291.9446";"-102.372";"-26.00812";"-249.8763";"-64.99365";"-82.03894";"-291.9446";"-102.372";"-26.00812"
"4004";"-249.8056";"-64.99225";"-82.03894";"-291.9446";"-102.2314";"-26.02588";"-249.8056";"-64.99225";"-82.03894";"-291.9446";"-102.2314";"-26.02588"
"4012.342";"-249.7614";"-64.97668";"-82.03894";"-291.9446";"-102.2122";"-26.02667";"-249.7614";"-64.97668";"-82.03894";"-291.9446";"-102.2122";"-26.02667"
"4020.683";"-249.7249";"-64.99316";"-82.03894";"-291.9446";"-102.1565";"-26.05786";"-249.7249";"-64.99316";"-82.03894";"-291.9446";"-102.1565";"-26.05786"
"4029.025";"-249.6387";"-64.98071";"-82.03894";"-291.9446";"-101.9893";"-26.06598";"-249.6387";"-64.98071";"-82.03894";"-291.9446";"-101.9893";"-26.06598"
"4037.367";"-249.4868";"-64.82318";"-82.03894";"-291.9446";"-101.9486";"-26.08014";"-249.4868";"-64.82318";"-82.03894";"-291.9446";"-101.9486";"-26.08014"
"4045.708";"-249.4867";"-64.79327";"-82.03894";"-291.9446";"-101.9496";"-26.08679";"-249.4867";"-64.79327";"-82.03894";"-291.9446";"-101.9496";"-26.08679"
"4054.05";"-249.448";"-64.79193";"-82.03894";"-291.9446";"-101.8892";"-26.1048";"-249.448";"-64.79193";"-82.03894";"-291.9446";"-101.8892";"-26.1048"
"4062.392";"-249.4284";"-64.75165";"-82.03894";"-291.9446";"-101.8149";"-26.11078";"-249.4284";"-64.75165";"-82.03894";"-291.9446";"-101.8149";"-26.11078"
"4070.733";"-249.2981";"-64.76459";"-82.03894";"-291.9446";"-101.6868";"-26.13715";"-249.2981";"-64.76459";"-82.03894";"-291.9446";"-101.6868";"-26.13715"
"4079.075";"-249.2761";"-64.72913";"-82.03894";"-291.9446";"-101.6867";"-26.14783";"-249.2761";"-64.72913";"-82.03894";"-291.9446";"-101.6867";"-26.14783"
"4087.417";"-249.2347";"-64.737";"-82.03894";"-291.9446";"-101.6237";"-26.20935";"-249.2347";"-64.737";"-82.03894";"-291.9446";"-101.6237";"-26.20935"
"4095.758";"-249.2145";"-64.72662";"-82.03894";"-291.9446";"-101.5557";"-26.22498";"-249.2145";"-64.72662";"-82.03894";"-291.9446";"-101.5557";"-26.22498"
"4104.1";"-249.1517";"-64.72064";"-82.03894";"-291.9446";"-101.4133";"-26.21429";"-249.1517";"-64.72064";"-82.03894";"-291.9446";"-101.4133";"-26.21429"
"4112.442";"-249.1129";"-64.69452";"-82.03894";"-291.9446";"-101.3663";"-26.21863";"-249.1129";"-64.69452";"-82.03894";"-291.9446";"-101.3663";"-26.21863"
"4120.783";"-249.0072";"-64.65363";"-82.03894";"-291.9446";"-101.3749";"-26.23553";"-249.0072";"-64.65363";"-82.03894";"-291.9446";"-101.3749";"-26.23553"
"4129.125";"-248.9783";"-64.65674";"-82.03894";"-291.9446";"-101.3015";"-26.26636";"-248.9783";"-64.65674";"-82.03894";"-291.9446";"-101.3015";"-26.26636"
"4137.467";"-248.9098";"-64.63458";"-82.03894";"-291.9446";"-101.123";"-26.25116";"-248.9098";"-64.63458";"-82.03894";"-291.9446";"-101.123";"-26.25116"
"4145.808";"-248.8745";"-64.6261";"-82.03894";"-291.9446";"-101.1049";"-26.27246";"-248.8745";"-64.6261";"-82.03894";"-291.9446";"-101.1049";"-26.27246"
"4154.15";"-248.7556";"-64.63019";"-82.03894";"-291.9446";"-101.0235";"-26.31329";"-248.7556";"-64.63019";"-82.03894";"-291.9446";"-101.0235";"-26.31329"
"4162.492";"-248.7449";"-64.61896";"-82.03894";"-291.9446";"-100.9924";"-26.33704";"-248.7449";"-64.61896";"-82.03894";"-291.9446";"-100.9924";"-26.33704"
"4170.833";"-248.7067";"-64.58441";"-82.03894";"-291.9446";"-100.8935";"-26.34167";"-248.7067";"-64.58441";"-82.03894";"-291.9446";"-100.8935";"-26.34167"
"4179.175";"-248.6837";"-64.60138";"-82.03894";"-291.9446";"-100.8536";"-26.36609";"-248.6837";"-64.60138";"-82.03894";"-291.9446";"-100.8536";"-26.36609"
"4187.517";"-248.3607";"-64.40985";"-82.03894";"-291.9446";"-100.7488";"-26.38873";"-248.3607";"-64.40985";"-82.03894";"-291.9446";"-100.7488";"-26.38873"
"4195.858";"-248.3351";"-64.39691";"-82.03894";"-291.9446";"-100.7515";"-26.38397";"-248.3351";"-64.39691";"-82.03894";"-291.9446";"-100.7515";"-26.38397"
"4204.2";"-248.3049";"-64.38733";"-82.03894";"-291.9446";"-100.6637";"-26.38446";"-248.3049";"-64.38733";"-82.03894";"-291.9446";"-100.6637";"-26.38446"
"4212.542";"-248.2669";"-64.38269";"-82.03894";"-291.9446";"-100.6299";"-26.38232";"-248.2669";"-64.38269";"-82.03894";"-291.9446";"-100.6299";"-26.38232"
"4220.883";"-248.1871";"-64.34845";"-82.03894";"-291.9446";"-100.5043";"-26.41931";"-248.1871";"-64.34845";"-82.03894";"-291.9446";"-100.5043";"-26.41931"
"4229.225";"-248.1514";"-64.362";"-82.03894";"-291.9446";"-100.4559";"-26.4397";"-248.1514";"-64.362";"-82.03894";"-291.9446";"-100.4559";"-26.4397"
"4237.567";"-248.0435";"-64.34033";"-82.03894";"-291.9446";"-100.3359";"-26.48553";"-248.0435";"-64.34033";"-82.03894";"-291.9446";"-100.3359";"-26.48553"
"4245.908";"-248.0282";"-64.33319";"-82.03894";"-291.9446";"-100.3246";"-26.48987";"-248.0282";"-64.33319";"-82.03894";"-291.9446";"-100.3246";"-26.48987"
"4254.25";"-247.9882";"-64.3299";"-82.03894";"-291.9446";"-100.203";"-26.49817";"-247.9882";"-64.3299";"-82.03894";"-291.9446";"-100.203";"-26.49817"
"4262.592";"-247.985";"-64.33813";"-82.03894";"-291.9446";"-100.1767";"-26.51166";"-247.985";"-64.33813";"-82.03894";"-291.9446";"-100.1767";"-26.51166"
"4270.933";"-247.926";"-64.31287";"-82.03894";"-291.9446";"-100.1469";"-26.52252";"-247.926";"-64.31287";"-82.03894";"-291.9446";"-100.1469";"-26.52252"
"4279.275";"-247.9088";"-64.2995";"-82.03894";"-291.9446";"-100.1515";"-26.56085";"-247.9088";"-64.2995";"-82.03894";"-291.9446";"-100.1515";"-26.56085"
"4287.617";"-247.867";"-64.28027";"-82.03894";"-291.9446";"-100.0887";"-26.54633";"-247.867";"-64.28027";"-82.03894";"-291.9446";"-100.0887";"-26.54633"
"4295.958";"-247.8211";"-64.27875";"-82.03894";"-291.9446";"-100.0242";"-26.58923";"-247.8211";"-64.27875";"-82.03894";"-291.9446";"-100.0242";"-26.58923"
"4304.3";"-247.7709";"-64.27563";"-82.03894";"-291.9446";"-99.94232";"-26.61639";"-247.7709";"-64.27563";"-82.03894";"-291.9446";"-99.94232";"-26.61639"
"4312.642";"-247.7572";"-64.28186";"-82.03894";"-291.9446";"-99.9043";"-26.64587";"-247.7572";"-64.28186";"-82.03894";"-291.9446";"-99.9043";"-26.64587"
"4320.983";"-247.6215";"-64.29144";"-82.03894";"-291.9446";"-99.88843";"-26.65228";"-247.6215";"-64.29144";"-82.03894";"-291.9446";"-99.88843";"-26.65228"
"4329.325";"-247.6041";"-64.29083";"-82.03894";"-291.9446";"-99.84937";"-26.66534";"-247.6041";"-64.29083";"-82.03894";"-291.9446";"-99.84937";"-26.66534"
"4337.667";"-247.562";"-64.26947";"-82.03894";"-291.9446";"-99.73169";"-26.71118";"-247.562";"-64.26947";"-82.03894";"-291.9446";"-99.73169";"-26.71118"
"4346.008";"-247.5238";"-64.26147";"-82.03894";"-291.9446";"-99.69482";"-26.72388";"-247.5238";"-64.26147";"-82.03894";"-291.9446";"-99.69482";"-26.72388"
"4354.35";"-247.3871";"-64.12726";"-82.03894";"-291.9446";"-99.64862";"-26.73206";"-247.3871";"-64.12726";"-82.03894";"-291.9446";"-99.64862";"-26.73206"
"4362.692";"-247.3535";"-64.11578";"-82.03894";"-291.9446";"-99.58813";"-26.71722";"-247.3535";"-64.11578";"-82.03894";"-291.9446";"-99.58813";"-26.71722"
"4371.033";"-247.323";"-64.086";"-82.03894";"-291.9446";"-99.41742";"-26.7619";"-247.323";"-64.086";"-82.03894";"-291.9446";"-99.41742";"-26.7619"
"4379.375";"-247.2344";"-64.06738";"-82.03894";"-291.9446";"-99.3479";"-26.80536";"-247.2344";"-64.06738";"-82.03894";"-291.9446";"-99.3479";"-26.80536"
"4387.717";"-247.2161";"-64.05841";"-82.03894";"-291.9446";"-99.32611";"-26.80225";"-247.2161";"-64.05841";"-82.03894";"-291.9446";"-99.32611";"-26.80225"
"4396.058";"-247.1896";"-64.04559";"-82.03894";"-291.9446";"-99.3006";"-26.80273";"-247.1896";"-64.04559";"-82.03894";"-291.9446";"-99.3006";"-26.80273"
"4404.4";"-247.1406";"-64.05695";"-82.03894";"-291.9446";"-99.25616";"-26.79346";"-247.1406";"-64.05695";"-82.03894";"-291.9446";"-99.25616";"-26.79346"
"4412.742";"-247.0908";"-64.04993";"-82.03894";"-291.9446";"-99.23169";"-26.81024";"-247.0908";"-64.04993";"-82.03894";"-291.9446";"-99.23169";"-26.81024"
"4421.083";"-246.9756";"-64.04926";"-82.03894";"-291.9446";"-99.06519";"-26.83942";"-246.9756";"-64.04926";"-82.03894";"-291.9446";"-99.06519";"-26.83942"
"4429.425";"-246.9597";"-64.04376";"-82.03894";"-291.9446";"-99.04126";"-26.85608";"-246.9597";"-64.04376";"-82.03894";"-291.9446";"-99.04126";"-26.85608"
"4437.767";"-246.9066";"-64.03784";"-82.03894";"-291.9446";"-99.00946";"-26.8501";"-246.9066";"-64.03784";"-82.03894";"-291.9446";"-99.00946";"-26.8501"
"4446.108";"-246.8805";"-64.02185";"-82.03894";"-291.9446";"-98.99414";"-26.85669";"-246.8805";"-64.02185";"-82.03894";"-291.9446";"-98.99414";"-26.85669"
"4454.45";"-246.8471";"-64.00256";"-82.03894";"-291.9446";"-98.85907";"-26.8999";"-246.8471";"-64.00256";"-82.03894";"-291.9446";"-98.85907";"-26.8999"
"4462.792";"-246.7874";"-63.99487";"-82.03894";"-291.9446";"-98.83826";"-26.9187";"-246.7874";"-63.99487";"-82.03894";"-291.9446";"-98.83826";"-26.9187"
"4471.133";"-246.7221";"-63.98273";"-82.03894";"-291.9446";"-98.72876";"-26.94922";"-246.7221";"-63.98273";"-82.03894";"-291.9446";"-98.72876";"-26.94922"
"4479.475";"-246.6891";"-63.9812";"-82.03894";"-291.9446";"-98.7251";"-26.94653";"-246.6891";"-63.9812";"-82.03894";"-291.9446";"-98.7251";"-26.94653"
"4487.817";"-246.6281";"-63.98895";"-82.03894";"-291.9446";"-98.69659";"-26.98505";"-246.6281";"-63.98895";"-82.03894";"-291.9446";"-98.69659";"-26.98505"
"4496.158";"-246.5865";"-63.97198";"-82.03894";"-291.9446";"-98.65039";"-26.98059";"-246.5865";"-63.97198";"-82.03894";"-291.9446";"-98.65039";"-26.98059"
"4504.5";"-246.5106";"-63.99243";"-82.03894";"-291.9446";"-98.5163";"-27.00171";"-246.5106";"-63.99243";"-82.03894";"-291.9446";"-98.5163";"-27.00171"
"4512.842";"-246.4658";"-63.8089";"-82.03894";"-291.9446";"-98.51105";"-27.00879";"-246.4658";"-63.8089";"-82.03894";"-291.9446";"-98.51105";"-27.00879"
"4521.183";"-246.3801";"-63.80396";"-82.03894";"-291.9446";"-98.4433";"-27.06097";"-246.3801";"-63.80396";"-82.03894";"-291.9446";"-98.4433";"-27.06097"
"4529.525";"-246.3828";"-63.79352";"-82.03894";"-291.9446";"-98.39655";"-27.04999";"-246.3828";"-63.79352";"-82.03894";"-291.9446";"-98.39655";"-27.04999"
"4537.867";"-246.3438";"-63.77966";"-82.03894";"-291.9446";"-98.30603";"-27.05927";"-246.3438";"-63.77966";"-82.03894";"-291.9446";"-98.30603";"-27.05927"
"4546.208";"-246.3126";"-63.76984";"-82.03894";"-291.9446";"-98.25677";"-27.08215";"-246.3126";"-63.76984";"-82.03894";"-291.9446";"-98.25677";"-27.08215"
"4554.55";"-246.2109";"-63.76807";"-82.03894";"-291.9446";"-98.14996";"-27.06451";"-246.2109";"-63.76807";"-82.03894";"-291.9446";"-98.14996";"-27.06451"
"4562.892";"-246.1971";"-63.76508";"-82.03894";"-291.9446";"-98.15027";"-27.06464";"-246.1971";"-63.76508";"-82.03894";"-291.9446";"-98.15027";"-27.06464"
"4571.233";"-246.1749";"-63.7641";"-82.03894";"-291.9446";"-98.10614";"-27.09003";"-246.1749";"-63.7641";"-82.03894";"-291.9446";"-98.10614";"-27.09003"
"4579.575";"-246.1517";"-63.7417";"-82.03894";"-291.9446";"-98.05981";"-27.10736";"-246.1517";"-63.7417";"-82.03894";"-291.9446";"-98.05981";"-27.10736"
"4587.917";"-246.0938";"-63.73993";"-82.03894";"-291.9446";"-98.0415";"-27.10217";"-246.0938";"-63.73993";"-82.03894";"-291.9446";"-98.0415";"-27.10217"
"4596.258";"-246.0756";"-63.70111";"-82.03894";"-291.9446";"-98.00165";"-27.12341";"-246.0756";"-63.70111";"-82.03894";"-291.9446";"-98.00165";"-27.12341"
"4604.6";"-246.04";"-63.70227";"-82.03894";"-291.9446";"-97.89087";"-27.14923";"-246.04";"-63.70227";"-82.03894";"-291.9446";"-97.89087";"-27.14923"
"4612.942";"-245.9942";"-63.68127";"-82.03894";"-291.9446";"-97.87756";"-27.15216";"-245.9942";"-63.68127";"-82.03894";"-291.9446";"-97.87756";"-27.15216"
"4621.283";"-245.9781";"-63.68042";"-82.03894";"-291.9446";"-97.82947";"-27.18079";"-245.9781";"-63.68042";"-82.03894";"-291.9446";"-97.82947";"-27.18079"
"4629.625";"-245.9389";"-63.66376";"-82.03894";"-291.9446";"-97.81201";"-27.20148";"-245.9389";"-63.66376";"-82.03894";"-291.9446";"-97.81201";"-27.20148"
"4637.967";"-245.8942";"-63.65747";"-82.03894";"-291.9446";"-97.76807";"-27.20581";"-245.8942";"-63.65747";"-82.03894";"-291.9446";"-97.76807";"-27.20581"
"4646.308";"-245.8649";"-63.67535";"-82.03894";"-291.9446";"-97.74054";"-27.19501";"-245.8649";"-63.67535";"-82.03894";"-291.9446";"-97.74054";"-27.19501"
"4654.65";"-245.8457";"-63.66724";"-82.03894";"-291.9446";"-97.64771";"-27.23138";"-245.8457";"-63.66724";"-82.03894";"-291.9446";"-97.64771";"-27.23138"
"4662.992";"-245.8027";"-63.66235";"-82.03894";"-291.9446";"-97.6311";"-27.22522";"-245.8027";"-63.66235";"-82.03894";"-291.9446";"-97.6311";"-27.22522"
"4671.333";"-245.7699";"-63.6554";"-82.03894";"-291.9446";"-97.5105";"-27.2561";"-245.7699";"-63.6554";"-82.03894";"-291.9446";"-97.5105";"-27.2561"
"4679.675";"-245.7371";"-63.61328";"-82.03894";"-291.9446";"-97.50275";"-27.25842";"-245.7371";"-63.61328";"-82.03894";"-291.9446";"-97.50275";"-27.25842"
"4688.017";"-245.7046";"-63.60815";"-82.03894";"-291.9446";"-97.45673";"-27.27185";"-245.7046";"-63.60815";"-82.03894";"-291.9446";"-97.45673";"-27.27185"
"4696.358";"-245.6481";"-63.60687";"-82.03894";"-291.9446";"-97.42633";"-27.29944";"-245.6481";"-63.60687";"-82.03894";"-291.9446";"-97.42633";"-27.29944"
"4704.7";"-245.3481";"-63.41962";"-82.03894";"-291.9446";"-97.40277";"-27.30798";"-245.3481";"-63.41962";"-82.03894";"-291.9446";"-97.40277";"-27.30798"
"4713.042";"-245.3393";"-63.40533";"-82.03894";"-291.9446";"-97.36493";"-27.32037";"-245.3393";"-63.40533";"-82.03894";"-291.9446";"-97.36493";"-27.32037"
"4721.383";"-245.3166";"-63.40314";"-82.03894";"-291.9446";"-97.25488";"-27.31403";"-245.3166";"-63.40314";"-82.03894";"-291.9446";"-97.25488";"-27.31403"
"4729.725";"-245.2961";"-63.40228";"-82.03894";"-291.9446";"-97.2226";"-27.32635";"-245.2961";"-63.40228";"-82.03894";"-291.9446";"-97.2226";"-27.32635"
"4738.067";"-245.2413";"-63.36084";"-82.03894";"-291.9446";"-97.12378";"-27.36151";"-245.2413";"-63.36084";"-82.03894";"-291.9446";"-97.12378";"-27.36151"
"4746.408";"-245.2247";"-63.35315";"-82.03894";"-291.9446";"-97.10181";"-27.37079";"-245.2247";"-63.35315";"-82.03894";"-291.9446";"-97.10181";"-27.37079"
"4754.75";"-245.1424";"-63.34393";"-82.03894";"-291.9446";"-97.0592";"-27.38629";"-245.1424";"-63.34393";"-82.03894";"-291.9446";"-97.0592";"-27.38629"
"4763.092";"-245.1208";"-63.34363";"-82.03894";"-291.9446";"-96.99481";"-27.41321";"-245.1208";"-63.34363";"-82.03894";"-291.9446";"-96.99481";"-27.41321"
"4771.433";"-245.0685";"-63.32379";"-82.03894";"-291.9446";"-96.93524";"-27.42383";"-245.0685";"-63.32379";"-82.03894";"-291.9446";"-96.93524";"-27.42383"
"4779.775";"-245.0588";"-63.30878";"-82.03894";"-291.9446";"-96.91138";"-27.41144";"-245.0588";"-63.30878";"-82.03894";"-291.9446";"-96.91138";"-27.41144"
"4788.117";"-244.9767";"-63.30194";"-82.03894";"-291.9446";"-96.83344";"-27.44592";"-244.9767";"-63.30194";"-82.03894";"-291.9446";"-96.83344";"-27.44592"
"4796.458";"-244.9414";"-63.29797";"-82.03894";"-291.9446";"-96.80188";"-27.45697";"-244.9414";"-63.29797";"-82.03894";"-291.9446";"-96.80188";"-27.45697"
"4804.8";"-244.8428";"-63.29932";"-82.03894";"-291.9446";"-96.76239";"-27.47748";"-244.8428";"-63.29932";"-82.03894";"-291.9446";"-96.76239";"-27.47748"
"4813.142";"-244.8185";"-63.30396";"-82.03894";"-291.9446";"-96.71814";"-27.487";"-244.8185";"-63.30396";"-82.03894";"-291.9446";"-96.71814";"-27.487"
"4821.483";"-244.7945";"-63.28632";"-82.03894";"-291.9446";"-96.67639";"-27.48505";"-244.7945";"-63.28632";"-82.03894";"-291.9446";"-96.67639";"-27.48505"
"4829.825";"-244.7703";"-63.29797";"-82.03894";"-291.9446";"-96.62195";"-27.51123";"-244.7703";"-63.29797";"-82.03894";"-291.9446";"-96.62195";"-27.51123"
"4838.167";"-244.752";"-63.25861";"-82.03894";"-291.9446";"-96.58539";"-27.54315";"-244.752";"-63.25861";"-82.03894";"-291.9446";"-96.58539";"-27.54315"
"4846.508";"-244.7185";"-63.27161";"-82.03894";"-291.9446";"-96.54279";"-27.53833";"-244.7185";"-63.27161";"-82.03894";"-291.9446";"-96.54279";"-27.53833"
"4854.85";"-244.6703";"-63.25525";"-82.03894";"-291.9446";"-96.52686";"-27.57898";"-244.6703";"-63.25525";"-82.03894";"-291.9446";"-96.52686";"-27.57898"
"4863.192";"-244.625";"-63.25958";"-82.03894";"-291.9446";"-96.4458";"-27.60712";"-244.625";"-63.25958";"-82.03894";"-291.9446";"-96.4458";"-27.60712"
"4871.533";"-244.5842";"-63.24445";"-82.03894";"-291.9446";"-96.37909";"-27.6106";"-244.5842";"-63.24445";"-82.03894";"-291.9446";"-96.37909";"-27.6106"
"4879.875";"-244.5544";"-63.24188";"-82.03894";"-291.9446";"-96.30084";"-27.63055";"-244.5544";"-63.24188";"-82.03894";"-291.9446";"-96.30084";"-27.63055"
"4888.217";"-244.4407";"-63.12469";"-82.03894";"-291.9446";"-96.29279";"-27.66827";"-244.4407";"-63.12469";"-82.03894";"-291.9446";"-96.29279";"-27.66827"
"4896.558";"-244.4363";"-63.12091";"-82.03894";"-291.9446";"-96.28784";"-27.66248";"-244.4363";"-63.12091";"-82.03894";"-291.9446";"-96.28784";"-27.66248"
"4904.9";"-244.4286";"-63.11249";"-82.03894";"-291.9446";"-96.26196";"-27.65955";"-244.4286";"-63.11249";"-82.03894";"-291.9446";"-96.26196";"-27.65955"
"4913.242";"-244.3969";"-63.06573";"-82.03894";"-291.9446";"-96.21375";"-27.64734";"-244.3969";"-63.06573";"-82.03894";"-291.9446";"-96.21375";"-27.64734"
"4921.583";"-244.3762";"-63.078";"-82.03894";"-291.9446";"-96.1626";"-27.68347";"-244.3762";"-63.078";"-82.03894";"-291.9446";"-96.1626";"-27.68347"
"4929.925";"-244.3708";"-63.06329";"-82.03894";"-291.9446";"-96.14203";"-27.68402";"-244.3708";"-63.06329";"-82.03894";"-291.9446";"-96.14203";"-27.68402"
"4938.267";"-244.3279";"-63.0575";"-82.03894";"-291.9446";"-96.11334";"-27.70239";"-244.3279";"-63.0575";"-82.03894";"-291.9446";"-96.11334";"-27.70239"
"4946.608";"-244.3185";"-63.04492";"-82.03894";"-291.9446";"-96.06317";"-27.71222";"-244.3185";"-63.04492";"-82.03894";"-291.9446";"-96.06317";"-27.71222"
"4954.95";"-244.277";"-63.05481";"-82.03894";"-291.9446";"-95.92499";"-27.73676";"-244.277";"-63.05481";"-82.03894";"-291.9446";"-95.92499";"-27.73676"
"4963.292";"-244.269";"-63.04156";"-82.03894";"-291.9446";"-95.91779";"-27.74579";"-244.269";"-63.04156";"-82.03894";"-291.9446";"-95.91779";"-27.74579"
"4971.633";"-244.2107";"-63.03308";"-82.03894";"-291.9446";"-95.89484";"-27.75079";"-244.2107";"-63.03308";"-82.03894";"-291.9446";"-95.89484";"-27.75079"
"4979.975";"-244.2123";"-63.013";"-82.03894";"-291.9446";"-95.86353";"-27.75879";"-244.2123";"-63.013";"-82.03894";"-291.9446";"-95.86353";"-27.75879"
"4988.317";"-244.1686";"-62.99011";"-82.03894";"-291.9446";"-95.85107";"-27.7851";"-244.1686";"-62.99011";"-82.03894";"-291.9446";"-95.85107";"-27.7851"
"4996.658";"-244.1583";"-62.98859";"-82.03894";"-291.9446";"-95.79944";"-27.78284";"-244.1583";"-62.98859";"-82.03894";"-291.9446";"-95.79944";"-27.78284"
"5005";"-244.0864";"-62.96973";"-82.03894";"-291.9446";"-95.71106";"-27.82617";"-244.0864";"-62.96973";"-82.03894";"-291.9446";"-95.71106";"-27.82617"
"5013.342";"-244.0801";"-62.96472";"-82.03894";"-291.9446";"-95.67786";"-27.84857";"-244.0801";"-62.96472";"-82.03894";"-291.9446";"-95.67786";"-27.84857"
"5021.683";"-244.053";"-62.96027";"-82.03894";"-291.9446";"-95.66498";"-27.84875";"-244.053";"-62.96027";"-82.03894";"-291.9446";"-95.66498";"-27.84875"
"5030.025";"-244.0356";"-62.94287";"-82.03894";"-291.9446";"-95.6225";"-27.8728";"-244.0356";"-62.94287";"-82.03894";"-291.9446";"-95.6225";"-27.8728"
"5038.367";"-243.9807";"-62.93915";"-82.03894";"-291.9446";"-95.59222";"-27.90442";"-243.9807";"-62.93915";"-82.03894";"-291.9446";"-95.59222";"-27.90442"
"5046.708";"-243.9675";"-62.93365";"-82.03894";"-291.9446";"-95.55231";"-27.92194";"-243.9675";"-62.93365";"-82.03894";"-291.9446";"-95.55231";"-27.92194"
"5055.05";"-243.9081";"-62.92273";"-82.03894";"-291.9446";"-95.44574";"-27.91772";"-243.9081";"-62.92273";"-82.03894";"-291.9446";"-95.44574";"-27.91772"
"5063.392";"-243.8684";"-62.90027";"-82.03894";"-291.9446";"-95.42065";"-27.9212";"-243.8684";"-62.90027";"-82.03894";"-291.9446";"-95.42065";"-27.9212"
"5071.733";"-243.7498";"-62.92651";"-82.03894";"-291.9446";"-95.39697";"-27.94196";"-243.7498";"-62.92651";"-82.03894";"-291.9446";"-95.39697";"-27.94196"
"5080.075";"-243.7403";"-62.91461";"-82.03894";"-291.9446";"-95.35706";"-27.96216";"-243.7403";"-62.91461";"-82.03894";"-291.9446";"-95.35706";"-27.96216"
"5088.417";"-243.7234";"-62.91016";"-82.03894";"-291.9446";"-95.26215";"-27.9585";"-243.7234";"-62.91016";"-82.03894";"-291.9446";"-95.26215";"-27.9585"
"5096.758";"-243.6933";"-62.89728";"-82.03894";"-291.9446";"-95.2428";"-27.96191";"-243.6933";"-62.89728";"-82.03894";"-291.9446";"-95.2428";"-27.96191"
"5105.1";"-243.648";"-62.90839";"-82.03894";"-291.9446";"-95.21838";"-27.98438";"-243.648";"-62.90839";"-82.03894";"-291.9446";"-95.21838";"-27.98438"
"5113.442";"-243.6161";"-62.89886";"-82.03894";"-291.9446";"-95.19562";"-27.99402";"-243.6161";"-62.89886";"-82.03894";"-291.9446";"-95.19562";"-27.99402"
"5121.783";"-243.5723";"-62.89301";"-82.03894";"-291.9446";"-95.15936";"-28.00745";"-243.5723";"-62.89301";"-82.03894";"-291.9446";"-95.15936";"-28.00745"
"5130.125";"-243.5464";"-62.89581";"-82.03894";"-291.9446";"-95.05902";"-28.00403";"-243.5464";"-62.89581";"-82.03894";"-291.9446";"-95.05902";"-28.00403"
"5138.467";"-243.4982";"-62.67377";"-82.03894";"-291.9446";"-95.02728";"-28.02356";"-243.4982";"-62.67377";"-82.03894";"-291.9446";"-95.02728";"-28.02356"
"5146.808";"-243.4817";"-62.6673";"-82.03894";"-291.9446";"-94.995";"-28.02582";"-243.4817";"-62.6673";"-82.03894";"-291.9446";"-94.995";"-28.02582"
"5155.15";"-243.4472";"-62.65088";"-82.03894";"-291.9446";"-94.97876";"-28.05249";"-243.4472";"-62.65088";"-82.03894";"-291.9446";"-94.97876";"-28.05249"
"5163.492";"-243.3844";"-62.65643";"-82.03894";"-291.9446";"-94.95251";"-28.06598";"-243.3844";"-62.65643";"-82.03894";"-291.9446";"-94.95251";"-28.06598"
"5171.833";"-243.3716";"-62.62549";"-82.03894";"-291.9446";"-94.89661";"-28.07037";"-243.3716";"-62.62549";"-82.03894";"-291.9446";"-94.89661";"-28.07037"
"5180.175";"-243.3687";"-62.59015";"-82.03894";"-291.9446";"-94.86902";"-28.09442";"-243.3687";"-62.59015";"-82.03894";"-291.9446";"-94.86902";"-28.09442"
"5188.517";"-243.3134";"-62.59552";"-82.03894";"-291.9446";"-94.8233";"-28.11761";"-243.3134";"-62.59552";"-82.03894";"-291.9446";"-94.8233";"-28.11761"
"5196.858";"-243.3146";"-62.59601";"-82.03894";"-291.9446";"-94.81848";"-28.11169";"-243.3146";"-62.59601";"-82.03894";"-291.9446";"-94.81848";"-28.11169"
"5205.2";"-243.3018";"-62.56958";"-82.03894";"-291.9446";"-94.76807";"-28.10797";"-243.3018";"-62.56958";"-82.03894";"-291.9446";"-94.76807";"-28.10797"
"5213.542";"-243.3032";"-62.57007";"-82.03894";"-291.9446";"-94.75836";"-28.10516";"-243.3032";"-62.57007";"-82.03894";"-291.9446";"-94.75836";"-28.10516"
"5221.883";"-243.2681";"-62.51001";"-82.03894";"-291.9446";"-94.71674";"-28.13129";"-243.2681";"-62.51001";"-82.03894";"-291.9446";"-94.71674";"-28.13129"
"5230.225";"-243.2403";"-62.51428";"-82.03894";"-291.9446";"-94.68762";"-28.15479";"-243.2403";"-62.51428";"-82.03894";"-291.9446";"-94.68762";"-28.15479"
"5238.567";"-243.0336";"-62.48273";"-82.03894";"-291.9446";"-94.59845";"-28.15594";"-243.0336";"-62.48273";"-82.03894";"-291.9446";"-94.59845";"-28.15594"
"5246.908";"-242.9919";"-62.47668";"-82.03894";"-291.9446";"-94.5683";"-28.16772";"-242.9919";"-62.47668";"-82.03894";"-291.9446";"-94.5683";"-28.16772"
"5255.25";"-242.9344";"-62.48749";"-82.03894";"-291.9446";"-94.53284";"-28.17749";"-242.9344";"-62.48749";"-82.03894";"-291.9446";"-94.53284";"-28.17749"
"5263.592";"-242.9025";"-62.48322";"-82.03894";"-291.9446";"-94.50891";"-28.17523";"-242.9025";"-62.48322";"-82.03894";"-291.9446";"-94.50891";"-28.17523"
"5271.933";"-242.8782";"-62.46405";"-82.03894";"-291.9446";"-94.45337";"-28.22327";"-242.8782";"-62.46405";"-82.03894";"-291.9446";"-94.45337";"-28.22327"
"5280.275";"-242.8439";"-62.45306";"-82.03894";"-291.9446";"-94.40619";"-28.22528";"-242.8439";"-62.45306";"-82.03894";"-291.9446";"-94.40619";"-28.22528"
"5288.617";"-242.7689";"-62.44824";"-82.03894";"-291.9446";"-94.31738";"-28.2373";"-242.7689";"-62.44824";"-82.03894";"-291.9446";"-94.31738";"-28.2373"
"5296.958";"-242.7476";"-62.43787";"-82.03894";"-291.9446";"-94.29626";"-28.2464";"-242.7476";"-62.43787";"-82.03894";"-291.9446";"-94.29626";"-28.2464"
"5305.3";"-242.6992";"-62.42664";"-82.03894";"-291.9446";"-94.276";"-28.25244";"-242.6992";"-62.42664";"-82.03894";"-291.9446";"-94.276";"-28.25244"
"5313.642";"-242.6931";"-62.41602";"-82.03894";"-291.9446";"-94.25543";"-28.27289";"-242.6931";"-62.41602";"-82.03894";"-291.9446";"-94.25543";"-28.27289"
"5321.983";"-242.614";"-62.40979";"-82.03894";"-291.9446";"-94.10828";"-28.26556";"-242.614";"-62.40979";"-82.03894";"-291.9446";"-94.10828";"-28.26556"
"5330.325";"-242.5798";"-62.39648";"-82.03894";"-291.9446";"-94.10181";"-28.27393";"-242.5798";"-62.39648";"-82.03894";"-291.9446";"-94.10181";"-28.27393"
"5338.667";"-242.5444";"-62.39838";"-82.03894";"-291.9446";"-94.1048";"-28.30109";"-242.5444";"-62.39838";"-82.03894";"-291.9446";"-94.1048";"-28.30109"
"5347.008";"-242.5308";"-62.39258";"-82.03894";"-291.9446";"-94.07349";"-28.29492";"-242.5308";"-62.39258";"-82.03894";"-291.9446";"-94.07349";"-28.29492"
"5355.35";"-242.483";"-62.24902";"-82.03894";"-291.9446";"-94.03925";"-28.32086";"-242.483";"-62.24902";"-82.03894";"-291.9446";"-94.03925";"-28.32086"
"5363.692";"-242.4617";"-62.24664";"-82.03894";"-291.9446";"-94.00183";"-28.32886";"-242.4617";"-62.24664";"-82.03894";"-291.9446";"-94.00183";"-28.32886"
"5372.033";"-242.4258";"-62.22168";"-82.03894";"-291.9446";"-93.99304";"-28.34631";"-242.4258";"-62.22168";"-82.03894";"-291.9446";"-93.99304";"-28.34631"
"5380.375";"-242.3735";"-62.19049";"-82.03894";"-291.9446";"-93.89447";"-28.37677";"-242.3735";"-62.19049";"-82.03894";"-291.9446";"-93.89447";"-28.37677"
"5388.717";"-242.3663";"-62.18207";"-82.03894";"-291.9446";"-93.88049";"-28.37128";"-242.3663";"-62.18207";"-82.03894";"-291.9446";"-93.88049";"-28.37128"
"5397.058";"-242.3616";"-62.17377";"-82.03894";"-291.9446";"-93.85931";"-28.36353";"-242.3616";"-62.17377";"-82.03894";"-291.9446";"-93.85931";"-28.36353"
"5405.4";"-242.3417";"-62.17542";"-82.03894";"-291.9446";"-93.84863";"-28.38116";"-242.3417";"-62.17542";"-82.03894";"-291.9446";"-93.84863";"-28.38116"
"5413.742";"-242.3386";"-62.16882";"-82.03894";"-291.9446";"-93.82184";"-28.39075";"-242.3386";"-62.16882";"-82.03894";"-291.9446";"-93.82184";"-28.39075"
"5422.083";"-242.2983";"-62.15552";"-82.03894";"-291.9446";"-93.80554";"-28.43738";"-242.2983";"-62.15552";"-82.03894";"-291.9446";"-93.80554";"-28.43738"
"5430.425";"-242.2719";"-62.15057";"-82.03894";"-291.9446";"-93.77441";"-28.45135";"-242.2719";"-62.15057";"-82.03894";"-291.9446";"-93.77441";"-28.45135"
"5438.767";"-242.2565";"-62.1463";"-82.03894";"-291.9446";"-93.66437";"-28.44214";"-242.2565";"-62.1463";"-82.03894";"-291.9446";"-93.66437";"-28.44214"
"5447.108";"-242.2465";"-62.13928";"-82.03894";"-291.9446";"-93.64209";"-28.43811";"-242.2465";"-62.13928";"-82.03894";"-291.9446";"-93.64209";"-28.43811"
"5455.45";"-242.2068";"-62.13556";"-82.03894";"-291.9446";"-93.62103";"-28.45502";"-242.2068";"-62.13556";"-82.03894";"-291.9446";"-93.62103";"-28.45502"
"5463.792";"-242.1816";"-62.12317";"-82.03894";"-291.9446";"-93.61603";"-28.47101";"-242.1816";"-62.12317";"-82.03894";"-291.9446";"-93.61603";"-28.47101"
"5472.133";"-242.1374";"-62.10474";"-82.03894";"-291.9446";"-93.50037";"-28.49377";"-242.1374";"-62.10474";"-82.03894";"-291.9446";"-93.50037";"-28.49377"
"5480.475";"-242.1229";"-62.10059";"-82.03894";"-291.9446";"-93.50488";"-28.49182";"-242.1229";"-62.10059";"-82.03894";"-291.9446";"-93.50488";"-28.49182"
"5488.817";"-242.0679";"-62.08014";"-82.03894";"-291.9446";"-93.41504";"-28.52661";"-242.0679";"-62.08014";"-82.03894";"-291.9446";"-93.41504";"-28.52661"
"5497.158";"-242.0359";"-62.08905";"-82.03894";"-291.9446";"-93.37537";"-28.5423";"-242.0359";"-62.08905";"-82.03894";"-291.9446";"-93.37537";"-28.5423"
"5505.5";"-242.0143";"-62.05713";"-82.03894";"-291.9446";"-93.35535";"-28.55774";"-242.0143";"-62.05713";"-82.03894";"-291.9446";"-93.35535";"-28.55774"
"5513.842";"-241.9946";"-62.04639";"-82.03894";"-291.9446";"-93.32867";"-28.56122";"-241.9946";"-62.04639";"-82.03894";"-291.9446";"-93.32867";"-28.56122"
"5522.183";"-241.9265";"-62.03998";"-82.03894";"-291.9446";"-93.3009";"-28.56659";"-241.9265";"-62.03998";"-82.03894";"-291.9446";"-93.3009";"-28.56659"
"5530.525";"-241.9257";"-62.03601";"-82.03894";"-291.9446";"-93.25763";"-28.56299";"-241.9257";"-62.03601";"-82.03894";"-291.9446";"-93.25763";"-28.56299"
"5538.867";"-241.9029";"-62.03082";"-82.03894";"-291.9446";"-93.19653";"-28.61517";"-241.9029";"-62.03082";"-82.03894";"-291.9446";"-93.19653";"-28.61517"
"5547.208";"-241.8843";"-62.01807";"-82.03894";"-291.9446";"-93.19867";"-28.64618";"-241.8843";"-62.01807";"-82.03894";"-291.9446";"-93.19867";"-28.64618"
"5555.55";"-241.8833";"-61.9964";"-82.03894";"-291.9446";"-93.18457";"-28.63959";"-241.8833";"-61.9964";"-82.03894";"-291.9446";"-93.18457";"-28.63959"
"5563.892";"-241.8472";"-61.99023";"-82.03894";"-291.9446";"-93.12506";"-28.64343";"-241.8472";"-61.99023";"-82.03894";"-291.9446";"-93.12506";"-28.64343"
"5572.233";"-241.8196";"-61.98169";"-82.03894";"-291.9446";"-93.10425";"-28.69849";"-241.8196";"-61.98169";"-82.03894";"-291.9446";"-93.10425";"-28.69849"
"5580.575";"-241.7953";"-61.9798";"-82.03894";"-291.9446";"-93.08685";"-28.71021";"-241.7953";"-61.9798";"-82.03894";"-291.9446";"-93.08685";"-28.71021"
"5588.917";"-241.7893";"-61.95844";"-82.03894";"-291.9446";"-92.96979";"-28.72296";"-241.7893";"-61.95844";"-82.03894";"-291.9446";"-92.96979";"-28.72296"
"5597.258";"-241.7701";"-61.9502";"-82.03894";"-291.9446";"-92.95422";"-28.72809";"-241.7701";"-61.9502";"-82.03894";"-291.9446";"-92.95422";"-28.72809"
"5605.6";"-241.7426";"-61.93127";"-82.03894";"-291.9446";"-92.90161";"-28.76514";"-241.7426";"-61.93127";"-82.03894";"-291.9446";"-92.90161";"-28.76514"
"5613.942";"-241.7246";"-61.92316";"-82.03894";"-291.9446";"-92.90271";"-28.7818";"-241.7246";"-61.92316";"-82.03894";"-291.9446";"-92.90271";"-28.7818"
"5622.283";"-241.6725";"-61.91266";"-82.03894";"-291.9446";"-92.86304";"-28.80542";"-241.6725";"-61.91266";"-82.03894";"-291.9446";"-92.86304";"-28.80542"
"5630.625";"-241.6552";"-61.8822";"-82.03894";"-291.9446";"-92.8479";"-28.81354";"-241.6552";"-61.8822";"-82.03894";"-291.9446";"-92.8479";"-28.81354"
"5638.967";"-241.6426";"-61.8573";"-82.03894";"-291.9446";"-92.8291";"-28.83105";"-241.6426";"-61.8573";"-82.03894";"-291.9446";"-92.8291";"-28.83105"
"5647.308";"-241.6046";"-61.84808";"-82.03894";"-291.9446";"-92.79651";"-28.85962";"-241.6046";"-61.84808";"-82.03894";"-291.9446";"-92.79651";"-28.85962"
"5655.65";"-241.5949";"-61.86011";"-82.03894";"-291.9446";"-92.76196";"-28.87006";"-241.5949";"-61.86011";"-82.03894";"-291.9446";"-92.76196";"-28.87006"
"5663.992";"-241.5536";"-61.83197";"-82.03894";"-291.9446";"-92.7276";"-28.90625";"-241.5536";"-61.83197";"-82.03894";"-291.9446";"-92.7276";"-28.90625"
"5672.333";"-241.5228";"-61.82349";"-82.03894";"-291.9446";"-92.64093";"-28.89844";"-241.5228";"-61.82349";"-82.03894";"-291.9446";"-92.64093";"-28.89844"
"5680.675";"-241.4843";"-61.57275";"-82.03894";"-291.9446";"-92.61194";"-28.94092";"-241.4843";"-61.57275";"-82.03894";"-291.9446";"-92.61194";"-28.94092"
"5689.017";"-241.451";"-61.53839";"-82.03894";"-291.9446";"-92.59058";"-28.93646";"-241.451";"-61.53839";"-82.03894";"-291.9446";"-92.59058";"-28.93646"
"5697.358";"-241.4388";"-61.53204";"-82.03894";"-291.9446";"-92.5567";"-28.97717";"-241.4388";"-61.53204";"-82.03894";"-291.9446";"-92.5567";"-28.97717"
"5705.7";"-241.4148";"-61.52234";"-82.03894";"-291.9446";"-92.51703";"-28.96484";"-241.4148";"-61.52234";"-82.03894";"-291.9446";"-92.51703";"-28.96484"
"5714.042";"-241.3845";"-61.51508";"-82.03894";"-291.9446";"-92.49957";"-28.97772";"-241.3845";"-61.51508";"-82.03894";"-291.9446";"-92.49957";"-28.97772"
"5722.383";"-241.1742";"-61.47455";"-82.03894";"-291.9446";"-92.46069";"-29.02814";"-241.1742";"-61.47455";"-82.03894";"-291.9446";"-92.46069";"-29.02814"
"5730.725";"-241.144";"-61.46558";"-82.03894";"-291.9446";"-92.44604";"-29.02728";"-241.144";"-61.46558";"-82.03894";"-291.9446";"-92.44604";"-29.02728"
"5739.067";"-241.1307";"-61.45984";"-82.03894";"-291.9446";"-92.39551";"-29.06036";"-241.1307";"-61.45984";"-82.03894";"-291.9446";"-92.39551";"-29.06036"
"5747.408";"-241.1295";"-61.44098";"-82.03894";"-291.9446";"-92.35315";"-29.06641";"-241.1295";"-61.44098";"-82.03894";"-291.9446";"-92.35315";"-29.06641"
"5755.75";"-241.0931";"-61.42719";"-82.03894";"-291.9446";"-92.30304";"-29.08356";"-241.0931";"-61.42719";"-82.03894";"-291.9446";"-92.30304";"-29.08356"
"5764.092";"-241.0707";"-61.41797";"-82.03894";"-291.9446";"-92.29108";"-29.09924";"-241.0707";"-61.41797";"-82.03894";"-291.9446";"-92.29108";"-29.09924"
"5772.433";"-241.0372";"-61.39172";"-82.03894";"-291.9446";"-92.23187";"-29.11383";"-241.0372";"-61.39172";"-82.03894";"-291.9446";"-92.23187";"-29.11383"
"5780.775";"-241.0196";"-61.38538";"-82.03894";"-291.9446";"-92.20624";"-29.1153";"-241.0196";"-61.38538";"-82.03894";"-291.9446";"-92.20624";"-29.1153"
"5789.117";"-240.9879";"-61.35437";"-82.03894";"-291.9446";"-92.2085";"-29.11432";"-240.9879";"-61.35437";"-82.03894";"-291.9446";"-92.2085";"-29.11432"
"5797.458";"-240.9733";"-61.34827";"-82.03894";"-291.9446";"-92.19415";"-29.1153";"-240.9733";"-61.34827";"-82.03894";"-291.9446";"-92.19415";"-29.1153"
"5805.8";"-240.9595";"-61.32111";"-82.03894";"-291.9446";"-92.16418";"-29.15369";"-240.9595";"-61.32111";"-82.03894";"-291.9446";"-92.16418";"-29.15369"
"5814.142";"-240.9386";"-61.31567";"-82.03894";"-291.9446";"-92.12012";"-29.15466";"-240.9386";"-61.31567";"-82.03894";"-291.9446";"-92.12012";"-29.15466"
"5822.483";"-240.9045";"-61.30121";"-82.03894";"-291.9446";"-92.00641";"-29.18597";"-240.9045";"-61.30121";"-82.03894";"-291.9446";"-92.00641";"-29.18597"
"5830.825";"-240.8821";"-61.29669";"-82.03894";"-291.9446";"-91.99146";"-29.18097";"-240.8821";"-61.29669";"-82.03894";"-291.9446";"-91.99146";"-29.18097"
"5839.167";"-240.7975";"-61.28314";"-82.03894";"-291.9446";"-91.96759";"-29.21381";"-240.7975";"-61.28314";"-82.03894";"-291.9446";"-91.96759";"-29.21381"
"5847.508";"-240.79";"-61.27765";"-82.03894";"-291.9446";"-91.94214";"-29.21069";"-240.79";"-61.27765";"-82.03894";"-291.9446";"-91.94214";"-29.21069"
"5855.85";"-240.7249";"-61.24072";"-82.03894";"-291.9446";"-91.88654";"-29.23987";"-240.7249";"-61.24072";"-82.03894";"-291.9446";"-91.88654";"-29.23987"
"5864.192";"-240.7178";"-61.23755";"-82.03894";"-291.9446";"-91.86102";"-29.25769";"-240.7178";"-61.23755";"-82.03894";"-291.9446";"-91.86102";"-29.25769"
"5872.533";"-240.7015";"-61.22583";"-82.03894";"-291.9446";"-91.82819";"-29.26202";"-240.7015";"-61.22583";"-82.03894";"-291.9446";"-91.82819";"-29.26202"
"5880.875";"-240.6811";"-61.20441";"-82.03894";"-291.9446";"-91.82257";"-29.25934";"-240.6811";"-61.20441";"-82.03894";"-291.9446";"-91.82257";"-29.25934"
"5889.217";"-240.6169";"-61.15515";"-82.03894";"-291.9446";"-91.7298";"-29.32202";"-240.6169";"-61.15515";"-82.03894";"-291.9446";"-91.7298";"-29.32202"
"5897.558";"-240.6131";"-61.15308";"-82.03894";"-291.9446";"-91.71466";"-29.32947";"-240.6131";"-61.15308";"-82.03894";"-291.9446";"-91.71466";"-29.32947"
"5905.9";"-240.6087";"-61.14954";"-82.03894";"-291.9446";"-91.68323";"-29.35522";"-240.6087";"-61.14954";"-82.03894";"-291.9446";"-91.68323";"-29.35522"
"5914.242";"-240.5938";"-61.1347";"-82.03894";"-291.9446";"-91.66302";"-29.34552";"-240.5938";"-61.1347";"-82.03894";"-291.9446";"-91.66302";"-29.34552"
"5922.583";"-240.5722";"-61.14203";"-82.03894";"-291.9446";"-91.63586";"-29.35999";"-240.5722";"-61.14203";"-82.03894";"-291.9446";"-91.63586";"-29.35999"
"5930.925";"-240.5774";"-61.11401";"-82.03894";"-291.9446";"-91.58862";"-29.3822";"-240.5774";"-61.11401";"-82.03894";"-291.9446";"-91.58862";"-29.3822"
"5939.267";"-240.5176";"-61.11688";"-82.03894";"-291.9446";"-91.54865";"-29.39056";"-240.5176";"-61.11688";"-82.03894";"-291.9446";"-91.54865";"-29.39056"
"5947.608";"-240.4849";"-60.93585";"-82.03894";"-291.9446";"-91.5246";"-29.39661";"-240.4849";"-60.93585";"-82.03894";"-291.9446";"-91.5246";"-29.39661"
"5955.95";"-240.4864";"-60.89581";"-82.03894";"-291.9446";"-91.50476";"-29.40411";"-240.4864";"-60.89581";"-82.03894";"-291.9446";"-91.50476";"-29.40411"
"5964.292";"-240.4722";"-60.89471";"-82.03894";"-291.9446";"-91.46753";"-29.41907";"-240.4722";"-60.89471";"-82.03894";"-291.9446";"-91.46753";"-29.41907"
"5972.633";"-240.4542";"-60.85864";"-82.03894";"-291.9446";"-91.35925";"-29.45398";"-240.4542";"-60.85864";"-82.03894";"-291.9446";"-91.35925";"-29.45398"
"5980.975";"-240.4479";"-60.8623";"-82.03894";"-291.9446";"-91.35413";"-29.45166";"-240.4479";"-60.8623";"-82.03894";"-291.9446";"-91.35413";"-29.45166"
"5989.317";"-240.4185";"-60.8327";"-82.03894";"-291.9446";"-91.33154";"-29.4762";"-240.4185";"-60.8327";"-82.03894";"-291.9446";"-91.33154";"-29.4762"
"5997.658";"-240.3962";"-60.80096";"-82.03894";"-291.9446";"-91.31299";"-29.46838";"-240.3962";"-60.80096";"-82.03894";"-291.9446";"-91.31299";"-29.46838"
"6006";"-240.374";"-60.77527";"-82.03894";"-291.9446";"-91.24725";"-29.53674";"-240.374";"-60.77527";"-82.03894";"-291.9446";"-91.24725";"-29.53674"
"6014.342";"-240.363";"-60.75726";"-82.03894";"-291.9446";"-91.21399";"-29.53754";"-240.363";"-60.75726";"-82.03894";"-291.9446";"-91.21399";"-29.53754"
"6022.683";"-240.3463";"-60.7348";"-82.03894";"-291.9446";"-91.18018";"-29.56104";"-240.3463";"-60.7348";"-82.03894";"-291.9446";"-91.18018";"-29.56104"
"6031.025";"-240.3248";"-60.73499";"-82.03894";"-291.9446";"-91.15308";"-29.57422";"-240.3248";"-60.73499";"-82.03894";"-291.9446";"-91.15308";"-29.57422"
"6039.367";"-240.3048";"-60.7027";"-82.03894";"-291.9446";"-91.13416";"-29.58081";"-240.3048";"-60.7027";"-82.03894";"-291.9446";"-91.13416";"-29.58081"
"6047.708";"-240.2751";"-60.6795";"-82.03894";"-291.9446";"-91.11127";"-29.62317";"-240.2751";"-60.6795";"-82.03894";"-291.9446";"-91.11127";"-29.62317"
"6056.05";"-240.2379";"-60.6756";"-82.03894";"-291.9446";"-91.06586";"-29.61798";"-240.2379";"-60.6756";"-82.03894";"-291.9446";"-91.06586";"-29.61798"
"6064.392";"-240.2227";"-60.64832";"-82.03894";"-291.9446";"-91.02728";"-29.65771";"-240.2227";"-60.64832";"-82.03894";"-291.9446";"-91.02728";"-29.65771"
"6072.733";"-240.2169";"-60.63354";"-82.03894";"-291.9446";"-90.92572";"-29.68127";"-240.2169";"-60.63354";"-82.03894";"-291.9446";"-90.92572";"-29.68127"
"6081.075";"-240.1896";"-60.61432";"-82.03894";"-291.9446";"-90.91962";"-29.70032";"-240.1896";"-60.61432";"-82.03894";"-291.9446";"-90.91962";"-29.70032"
"6089.417";"-240.1817";"-60.58948";"-82.03894";"-291.9446";"-90.91022";"-29.71429";"-240.1817";"-60.58948";"-82.03894";"-291.9446";"-90.91022";"-29.71429"
"6097.758";"-240.173";"-60.54816";"-82.03894";"-291.9446";"-90.87927";"-29.73071";"-240.173";"-60.54816";"-82.03894";"-291.9446";"-90.87927";"-29.73071"
"6106.1";"-240.1443";"-60.53473";"-82.03894";"-291.9446";"-90.85504";"-29.75146";"-240.1443";"-60.53473";"-82.03894";"-291.9446";"-90.85504";"-29.75146"
"6114.442";"-240.1024";"-60.52533";"-82.03894";"-291.9446";"-90.82129";"-29.73468";"-240.1024";"-60.52533";"-82.03894";"-291.9446";"-90.82129";"-29.73468"
"6122.783";"-239.872";"-60.49884";"-82.03894";"-291.9446";"-90.77283";"-29.75549";"-239.872";"-60.49884";"-82.03894";"-291.9446";"-90.77283";"-29.75549"
"6131.125";"-239.8596";"-60.48126";"-82.03894";"-291.9446";"-90.74609";"-29.80255";"-239.8596";"-60.48126";"-82.03894";"-291.9446";"-90.74609";"-29.80255"
"6139.467";"-239.816";"-60.47375";"-82.03894";"-291.9446";"-90.62341";"-29.80127";"-239.816";"-60.47375";"-82.03894";"-291.9446";"-90.62341";"-29.80127"
"6147.808";"-239.801";"-60.44995";"-82.03894";"-291.9446";"-90.60303";"-29.81415";"-239.801";"-60.44995";"-82.03894";"-291.9446";"-90.60303";"-29.81415"
"6156.15";"-239.7377";"-60.42847";"-82.03894";"-291.9446";"-90.59692";"-29.83673";"-239.7377";"-60.42847";"-82.03894";"-291.9446";"-90.59692";"-29.83673"
"6164.492";"-239.7325";"-60.43152";"-82.03894";"-291.9446";"-90.57568";"-29.85809";"-239.7325";"-60.43152";"-82.03894";"-291.9446";"-90.57568";"-29.85809"
"6172.833";"-239.715";"-60.40027";"-82.03894";"-291.9446";"-90.55585";"-29.86487";"-239.715";"-60.40027";"-82.03894";"-291.9446";"-90.55585";"-29.86487"
"6181.175";"-239.6656";"-60.39227";"-82.03894";"-291.9446";"-90.52454";"-29.87335";"-239.6656";"-60.39227";"-82.03894";"-291.9446";"-90.52454";"-29.87335"
"6189.517";"-239.579";"-60.39886";"-82.03894";"-291.9446";"-90.4754";"-29.92932";"-239.579";"-60.39886";"-82.03894";"-291.9446";"-90.4754";"-29.92932"
"6197.858";"-239.5685";"-60.3714";"-82.03894";"-291.9446";"-90.44696";"-29.94287";"-239.5685";"-60.3714";"-82.03894";"-291.9446";"-90.44696";"-29.94287"
"6206.2";"-239.5324";"-60.37671";"-82.03894";"-291.9446";"-90.41705";"-29.94702";"-239.5324";"-60.37671";"-82.03894";"-291.9446";"-90.41705";"-29.94702"
"6214.542";"-239.5242";"-60.36963";"-82.03894";"-291.9446";"-90.38153";"-29.95343";"-239.5242";"-60.36963";"-82.03894";"-291.9446";"-90.38153";"-29.95343"
"6222.883";"-239.4988";"-60.20599";"-82.03894";"-291.9446";"-90.37439";"-29.97473";"-239.4988";"-60.20599";"-82.03894";"-291.9446";"-90.37439";"-29.97473"
"6231.225";"-239.4869";"-60.19946";"-82.03894";"-291.9446";"-90.33972";"-29.99951";"-239.4869";"-60.19946";"-82.03894";"-291.9446";"-90.33972";"-29.99951"
"6239.567";"-239.4397";"-60.16888";"-82.03894";"-291.9446";"-90.17462";"-29.99078";"-239.4397";"-60.16888";"-82.03894";"-291.9446";"-90.17462";"-29.99078"
"6247.908";"-239.4444";"-60.16168";"-82.03894";"-291.9446";"-90.18561";"-29.99988";"-239.4444";"-60.16168";"-82.03894";"-291.9446";"-90.18561";"-29.99988"
"6256.25";"-239.3994";"-60.13269";"-82.03894";"-291.9446";"-90.1748";"-30.00598";"-239.3994";"-60.13269";"-82.03894";"-291.9446";"-90.1748";"-30.00598"
"6264.592";"-239.3961";"-60.12628";"-82.03894";"-291.9446";"-90.15814";"-30.0401";"-239.3961";"-60.12628";"-82.03894";"-291.9446";"-90.15814";"-30.0401"
"6272.933";"-239.3852";"-60.12286";"-82.03894";"-291.9446";"-90.10614";"-30.02289";"-239.3852";"-60.12286";"-82.03894";"-291.9446";"-90.10614";"-30.02289"
"6281.275";"-239.3768";"-60.10266";"-82.03894";"-291.9446";"-90.06744";"-30.06317";"-239.3768";"-60.10266";"-82.03894";"-291.9446";"-90.06744";"-30.06317"
"6289.617";"-239.3378";"-60.07843";"-82.03894";"-291.9446";"-90.05182";"-30.06085";"-239.3378";"-60.07843";"-82.03894";"-291.9446";"-90.05182";"-30.06085"
"6297.958";"-239.3242";"-60.06598";"-82.03894";"-291.9446";"-90.04059";"-30.07928";"-239.3242";"-60.06598";"-82.03894";"-291.9446";"-90.04059";"-30.07928"
"6306.3";"-239.3027";"-60.05609";"-82.03894";"-291.9446";"-89.99231";"-30.09613";"-239.3027";"-60.05609";"-82.03894";"-291.9446";"-89.99231";"-30.09613"
"6314.642";"-239.2982";"-60.04742";"-82.03894";"-291.9446";"-89.97882";"-30.11188";"-239.2982";"-60.04742";"-82.03894";"-291.9446";"-89.97882";"-30.11188"
"6322.983";"-239.2674";"-60.01917";"-82.03894";"-291.9446";"-89.93878";"-30.13837";"-239.2674";"-60.01917";"-82.03894";"-291.9446";"-89.93878";"-30.13837"
"6331.325";"-239.2172";"-60.01361";"-82.03894";"-291.9446";"-89.89282";"-30.14166";"-239.2172";"-60.01361";"-82.03894";"-291.9446";"-89.89282";"-30.14166"
"6339.667";"-239.208";"-59.98694";"-82.03894";"-291.9446";"-89.8736";"-30.15619";"-239.208";"-59.98694";"-82.03894";"-291.9446";"-89.8736";"-30.15619"
"6348.008";"-239.1765";"-59.96729";"-82.03894";"-291.9446";"-89.85443";"-30.16345";"-239.1765";"-59.96729";"-82.03894";"-291.9446";"-89.85443";"-30.16345"
"6356.35";"-239.175";"-59.96796";"-82.03894";"-291.9446";"-89.70453";"-30.17578";"-239.175";"-59.96796";"-82.03894";"-291.9446";"-89.70453";"-30.17578"
"6364.692";"-239.1583";"-59.95337";"-82.03894";"-291.9446";"-89.70319";"-30.19061";"-239.1583";"-59.95337";"-82.03894";"-291.9446";"-89.70319";"-30.19061"
"6373.033";"-239.1187";"-59.92377";"-82.03894";"-291.9446";"-89.69708";"-30.20215";"-239.1187";"-59.92377";"-82.03894";"-291.9446";"-89.69708";"-30.20215"
"6381.375";"-239.0279";"-59.88623";"-82.03894";"-291.9446";"-89.60284";"-30.28497";"-239.0279";"-59.88623";"-82.03894";"-291.9446";"-89.60284";"-30.28497"
"6389.717";"-239.0114";"-59.87939";"-82.03894";"-291.9446";"-89.59265";"-30.28448";"-239.0114";"-59.87939";"-82.03894";"-291.9446";"-89.59265";"-30.28448"
"6398.058";"-239.0059";"-59.88519";"-82.03894";"-291.9446";"-89.59375";"-30.2829";"-239.0059";"-59.88519";"-82.03894";"-291.9446";"-89.59375";"-30.2829"
"6406.4";"-238.9813";"-59.86011";"-82.03894";"-291.9446";"-89.56287";"-30.29126";"-238.9813";"-59.86011";"-82.03894";"-291.9446";"-89.56287";"-30.29126"
"6414.742";"-238.9742";"-59.85474";"-82.03894";"-291.9446";"-89.55664";"-30.28864";"-238.9742";"-59.85474";"-82.03894";"-291.9446";"-89.55664";"-30.28864"
"6423.083";"-238.9322";"-59.86554";"-82.03894";"-291.9446";"-89.52661";"-30.29944";"-238.9322";"-59.86554";"-82.03894";"-291.9446";"-89.52661";"-30.29944"
"6431.425";"-238.8997";"-59.84576";"-82.03894";"-291.9446";"-89.50092";"-30.3175";"-238.8997";"-59.84576";"-82.03894";"-291.9446";"-89.50092";"-30.3175"
"6439.767";"-238.8677";"-59.83655";"-82.03894";"-291.9446";"-89.44922";"-30.32166";"-238.8677";"-59.83655";"-82.03894";"-291.9446";"-89.44922";"-30.32166"
"6448.108";"-238.8567";"-59.82031";"-82.03894";"-291.9446";"-89.43195";"-30.33026";"-238.8567";"-59.82031";"-82.03894";"-291.9446";"-89.43195";"-30.33026"
"6456.45";"-238.8415";"-59.81207";"-82.03894";"-291.9446";"-89.39526";"-30.35065";"-238.8415";"-59.81207";"-82.03894";"-291.9446";"-89.39526";"-30.35065"
"6464.792";"-238.8312";"-59.78748";"-82.03894";"-291.9446";"-89.39136";"-30.35547";"-238.8312";"-59.78748";"-82.03894";"-291.9446";"-89.39136";"-30.35547"
"6473.133";"-238.7936";"-59.79462";"-82.03894";"-291.9446";"-89.34412";"-30.37799";"-238.7936";"-59.79462";"-82.03894";"-291.9446";"-89.34412";"-30.37799"
"6481.475";"-238.7885";"-59.77173";"-82.03894";"-291.9446";"-89.30542";"-30.3952";"-238.7885";"-59.77173";"-82.03894";"-291.9446";"-89.30542";"-30.3952"
"6489.817";"-238.7702";"-59.74927";"-82.03894";"-291.9446";"-89.27142";"-30.39661";"-238.7702";"-59.74927";"-82.03894";"-291.9446";"-89.27142";"-30.39661"
"6498.158";"-238.753";"-59.74664";"-82.03894";"-291.9446";"-89.24878";"-30.40601";"-238.753";"-59.74664";"-82.03894";"-291.9446";"-89.24878";"-30.40601"
"6506.5";"-238.7281";"-59.73071";"-82.03894";"-291.9446";"-89.26819";"-30.39624";"-238.7281";"-59.73071";"-82.03894";"-291.9446";"-89.26819";"-30.39624"
"6514.842";"-238.6699";"-59.72131";"-82.03894";"-291.9446";"-89.26794";"-30.3963";"-238.6699";"-59.72131";"-82.03894";"-291.9446";"-89.26794";"-30.3963"
"6523.183";"-238.6814";"-59.68701";"-82.03894";"-291.9446";"-89.03894";"-30.41223";"-238.6814";"-59.68701";"-82.03894";"-291.9446";"-89.03894";"-30.41223"
"6531.525";"-238.6573";"-59.67981";"-82.03894";"-291.9446";"-89.02643";"-30.40881";"-238.6573";"-59.67981";"-82.03894";"-291.9446";"-89.02643";"-30.40881"
"6539.867";"-238.6075";"-59.68341";"-82.03894";"-291.9446";"-89.01447";"-30.43158";"-238.6075";"-59.68341";"-82.03894";"-291.9446";"-89.01447";"-30.43158"
"6548.208";"-238.5956";"-59.67017";"-82.03894";"-291.9446";"-88.99597";"-30.44238";"-238.5956";"-59.67017";"-82.03894";"-291.9446";"-88.99597";"-30.44238"
"6556.55";"-238.352";"-59.4444";"-82.03894";"-291.9446";"-88.97162";"-30.47034";"-238.352";"-59.4444";"-82.03894";"-291.9446";"-88.97162";"-30.47034"
"6564.892";"-238.3475";"-59.4375";"-82.03894";"-291.9446";"-88.96777";"-30.4743";"-238.3475";"-59.4375";"-82.03894";"-291.9446";"-88.96777";"-30.4743"
"6573.233";"-238.2775";"-59.40424";"-82.03894";"-291.9446";"-88.93896";"-30.48352";"-238.2775";"-59.40424";"-82.03894";"-291.9446";"-88.93896";"-30.48352"
"6581.575";"-238.266";"-59.41974";"-82.03894";"-291.9446";"-88.9234";"-30.50177";"-238.266";"-59.41974";"-82.03894";"-291.9446";"-88.9234";"-30.50177"
"6589.917";"-238.2347";"-59.39673";"-82.03894";"-291.9446";"-88.75604";"-30.48187";"-238.2347";"-59.39673";"-82.03894";"-291.9446";"-88.75604";"-30.48187"
"6598.258";"-238.2255";"-59.37744";"-82.03894";"-291.9446";"-88.77881";"-30.50732";"-238.2255";"-59.37744";"-82.03894";"-291.9446";"-88.77881";"-30.50732"
"6606.6";"-238.2048";"-59.36853";"-82.03894";"-291.9446";"-88.75403";"-30.52301";"-238.2048";"-59.36853";"-82.03894";"-291.9446";"-88.75403";"-30.52301"
"6614.942";"-238.1888";"-59.36224";"-82.03894";"-291.9446";"-88.75641";"-30.53955";"-238.1888";"-59.36224";"-82.03894";"-291.9446";"-88.75641";"-30.53955"
"6623.283";"-238.1633";"-59.35217";"-82.03894";"-291.9446";"-88.70831";"-30.58228";"-238.1633";"-59.35217";"-82.03894";"-291.9446";"-88.70831";"-30.58228"
"6631.625";"-238.1618";"-59.34979";"-82.03894";"-291.9446";"-88.68744";"-30.6051";"-238.1618";"-59.34979";"-82.03894";"-291.9446";"-88.68744";"-30.6051"
"6639.967";"-238.1223";"-59.33252";"-82.03894";"-291.9446";"-88.64563";"-30.62384";"-238.1223";"-59.33252";"-82.03894";"-291.9446";"-88.64563";"-30.62384"
"6648.308";"-238.1206";"-59.32642";"-82.03894";"-291.9446";"-88.60809";"-30.63403";"-238.1206";"-59.32642";"-82.03894";"-291.9446";"-88.60809";"-30.63403"
"6656.65";"-238.0805";"-59.31885";"-82.03894";"-291.9446";"-88.58954";"-30.66931";"-238.0805";"-59.31885";"-82.03894";"-291.9446";"-88.58954";"-30.66931"
"6664.992";"-238.0525";"-59.31543";"-82.03894";"-291.9446";"-88.57892";"-30.68225";"-238.0525";"-59.31543";"-82.03894";"-291.9446";"-88.57892";"-30.68225"
"6673.333";"-238.0232";"-59.30518";"-82.03894";"-291.9446";"-88.52087";"-30.72192";"-238.0232";"-59.30518";"-82.03894";"-291.9446";"-88.52087";"-30.72192"
"6681.675";"-238.0087";"-59.28906";"-82.03894";"-291.9446";"-88.51196";"-30.70862";"-238.0087";"-59.28906";"-82.03894";"-291.9446";"-88.51196";"-30.70862"
"6690.017";"-237.9902";"-59.28949";"-82.03894";"-291.9446";"-88.4859";"-30.75507";"-237.9902";"-59.28949";"-82.03894";"-291.9446";"-88.4859";"-30.75507"
"6698.358";"-237.98";"-59.28333";"-82.03894";"-291.9446";"-88.46716";"-30.74927";"-237.98";"-59.28333";"-82.03894";"-291.9446";"-88.46716";"-30.74927"
"6706.7";"-237.894";"-59.30566";"-82.03894";"-291.9446";"-88.44519";"-30.77313";"-237.894";"-59.30566";"-82.03894";"-291.9446";"-88.44519";"-30.77313"
"6715.042";"-237.901";"-59.2981";"-82.03894";"-291.9446";"-88.42743";"-30.77795";"-237.901";"-59.2981";"-82.03894";"-291.9446";"-88.42743";"-30.77795"
"6723.383";"-237.8831";"-59.30908";"-82.03894";"-291.9446";"-88.35748";"-30.80396";"-237.8831";"-59.30908";"-82.03894";"-291.9446";"-88.35748";"-30.80396"
"6731.725";"-237.8734";"-59.30115";"-82.03894";"-291.9446";"-88.36774";"-30.79529";"-237.8734";"-59.30115";"-82.03894";"-291.9446";"-88.36774";"-30.79529"
"6740.067";"-237.8218";"-59.28217";"-82.03894";"-291.9446";"-88.29315";"-30.81995";"-237.8218";"-59.28217";"-82.03894";"-291.9446";"-88.29315";"-30.81995"
"6748.408";"-237.8098";"-59.28021";"-82.03894";"-291.9446";"-88.28809";"-30.81561";"-237.8098";"-59.28021";"-82.03894";"-291.9446";"-88.28809";"-30.81561"
"6756.75";"-237.7595";"-59.28455";"-82.03894";"-291.9446";"-88.2597";"-30.83533";"-237.7595";"-59.28455";"-82.03894";"-291.9446";"-88.2597";"-30.83533"
"6765.092";"-237.746";"-59.28113";"-82.03894";"-291.9446";"-88.24603";"-30.8399";"-237.746";"-59.28113";"-82.03894";"-291.9446";"-88.24603";"-30.8399"
"6773.433";"-237.7075";"-59.27393";"-82.03894";"-291.9446";"-88.18152";"-30.86676";"-237.7075";"-59.27393";"-82.03894";"-291.9446";"-88.18152";"-30.86676"
"6781.775";"-237.6977";"-59.27417";"-82.03894";"-291.9446";"-88.16278";"-30.8642";"-237.6977";"-59.27417";"-82.03894";"-291.9446";"-88.16278";"-30.8642"
"6790.117";"-237.6655";"-59.25775";"-82.03894";"-291.9446";"-88.12482";"-30.86969";"-237.6655";"-59.25775";"-82.03894";"-291.9446";"-88.12482";"-30.86969"
"6798.458";"-237.6266";"-59.26239";"-82.03894";"-291.9446";"-88.10205";"-30.87958";"-237.6266";"-59.26239";"-82.03894";"-291.9446";"-88.10205";"-30.87958"
"6806.8";"-237.6081";"-59.25037";"-82.03894";"-291.9446";"-88.07813";"-30.86304";"-237.6081";"-59.25037";"-82.03894";"-291.9446";"-88.07813";"-30.86304"
"6815.142";"-237.5797";"-59.25623";"-82.03894";"-291.9446";"-88.04767";"-30.87592";"-237.5797";"-59.25623";"-82.03894";"-291.9446";"-88.04767";"-30.87592"
"6823.483";"-237.551";"-59.24652";"-82.03894";"-291.9446";"-88.01141";"-30.89795";"-237.551";"-59.24652";"-82.03894";"-291.9446";"-88.01141";"-30.89795"
"6831.825";"-237.52";"-59.2608";"-82.03894";"-291.9446";"-87.99652";"-30.91113";"-237.52";"-59.2608";"-82.03894";"-291.9446";"-87.99652";"-30.91113"
"6840.167";"-237.4877";"-59.08252";"-82.03894";"-291.9446";"-87.95209";"-30.90924";"-237.4877";"-59.08252";"-82.03894";"-291.9446";"-87.95209";"-30.90924"
"6848.508";"-237.4711";"-59.07428";"-82.03894";"-291.9446";"-87.91998";"-30.93286";"-237.4711";"-59.07428";"-82.03894";"-291.9446";"-87.91998";"-30.93286"
"6856.85";"-237.4615";"-59.06677";"-82.03894";"-291.9446";"-87.89764";"-30.92816";"-237.4615";"-59.06677";"-82.03894";"-291.9446";"-87.89764";"-30.92816"
"6865.192";"-237.449";"-59.06732";"-82.03894";"-291.9446";"-87.8869";"-30.94647";"-237.449";"-59.06732";"-82.03894";"-291.9446";"-87.8869";"-30.94647"
"6873.533";"-237.4229";"-59.06653";"-82.03894";"-291.9446";"-87.84198";"-30.95422";"-237.4229";"-59.06653";"-82.03894";"-291.9446";"-87.84198";"-30.95422"
"6881.875";"-237.4111";"-59.06689";"-82.03894";"-291.9446";"-87.68585";"-30.95752";"-237.4111";"-59.06689";"-82.03894";"-291.9446";"-87.68585";"-30.95752"
"6890.217";"-237.3005";"-59.05511";"-82.03894";"-291.9446";"-87.73456";"-30.99603";"-237.3005";"-59.05511";"-82.03894";"-291.9446";"-87.73456";"-30.99603"
"6898.558";"-237.2907";"-59.0531";"-82.03894";"-291.9446";"-87.71252";"-30.98773";"-237.2907";"-59.0531";"-82.03894";"-291.9446";"-87.71252";"-30.98773"
"6906.9";"-237.2728";"-59.03241";"-82.03894";"-291.9446";"-87.68921";"-31.01117";"-237.2728";"-59.03241";"-82.03894";"-291.9446";"-87.68921";"-31.01117"
"6915.242";"-237.2608";"-59.03815";"-82.03894";"-291.9446";"-87.68231";"-31.01685";"-237.2608";"-59.03815";"-82.03894";"-291.9446";"-87.68231";"-31.01685"
"6923.583";"-237.2385";"-59.02887";"-82.03894";"-291.9446";"-87.64142";"-31.00568";"-237.2385";"-59.02887";"-82.03894";"-291.9446";"-87.64142";"-31.00568"
"6931.925";"-237.2285";"-59.03632";"-82.03894";"-291.9446";"-87.62524";"-31.01422";"-237.2285";"-59.03632";"-82.03894";"-291.9446";"-87.62524";"-31.01422"
"6940.267";"-237.2092";"-59.03198";"-82.03894";"-291.9446";"-87.57727";"-31.0224";"-237.2092";"-59.03198";"-82.03894";"-291.9446";"-87.57727";"-31.0224"
"6948.608";"-237.1819";"-59.03058";"-82.03894";"-291.9446";"-87.54382";"-31.03229";"-237.1819";"-59.03058";"-82.03894";"-291.9446";"-87.54382";"-31.03229"
"6956.95";"-237.1478";"-59.0271";"-82.03894";"-291.9446";"-87.51404";"-31.0437";"-237.1478";"-59.0271";"-82.03894";"-291.9446";"-87.51404";"-31.0437"
"6965.292";"-237.1365";"-59.01434";"-82.03894";"-291.9446";"-87.47803";"-31.04773";"-237.1365";"-59.01434";"-82.03894";"-291.9446";"-87.47803";"-31.04773"
"6973.633";"-237.1187";"-59.00281";"-82.03894";"-291.9446";"-87.4411";"-31.06573";"-237.1187";"-59.00281";"-82.03894";"-291.9446";"-87.4411";"-31.06573"
"6981.975";"-237.0826";"-58.98615";"-82.03894";"-291.9446";"-87.43872";"-31.06726";"-237.0826";"-58.98615";"-82.03894";"-291.9446";"-87.43872";"-31.06726"
"6990.317";"-237.0273";"-59.00653";"-82.03894";"-291.9446";"-87.40845";"-31.07318";"-237.0273";"-59.00653";"-82.03894";"-291.9446";"-87.40845";"-31.07318"
"6998.658";"-237.0183";"-58.99835";"-82.03894";"-291.9446";"-87.37177";"-31.08856";"-237.0183";"-58.99835";"-82.03894";"-291.9446";"-87.37177";"-31.08856"
"7007";"-236.9998";"-58.98047";"-82.03894";"-291.9446";"-87.21844";"-31.07996";"-236.9998";"-58.98047";"-82.03894";"-291.9446";"-87.21844";"-31.07996"
"7015.342";"-236.9809";"-58.98145";"-82.03894";"-291.9446";"-87.22809";"-31.07489";"-236.9809";"-58.98145";"-82.03894";"-291.9446";"-87.22809";"-31.07489"
"7023.683";"-236.9586";"-58.97791";"-82.03894";"-291.9446";"-87.18958";"-31.09491";"-236.9586";"-58.97791";"-82.03894";"-291.9446";"-87.18958";"-31.09491"
"7032.025";"-236.924";"-58.97302";"-82.03894";"-291.9446";"-87.16425";"-31.09412";"-236.924";"-58.97302";"-82.03894";"-291.9446";"-87.16425";"-31.09412"
"7040.367";"-236.8922";"-58.98602";"-82.03894";"-291.9446";"-87.16632";"-31.10596";"-236.8922";"-58.98602";"-82.03894";"-291.9446";"-87.16632";"-31.10596"
"7048.708";"-236.8646";"-58.99005";"-82.03894";"-291.9446";"-87.1449";"-31.12067";"-236.8646";"-58.99005";"-82.03894";"-291.9446";"-87.1449";"-31.12067"
"7057.05";"-236.8292";"-58.97223";"-82.03894";"-291.9446";"-87.11017";"-31.12762";"-236.8292";"-58.97223";"-82.03894";"-291.9446";"-87.11017";"-31.12762"
"7065.392";"-236.8071";"-58.9798";"-82.03894";"-291.9446";"-87.08673";"-31.12659";"-236.8071";"-58.9798";"-82.03894";"-291.9446";"-87.08673";"-31.12659"
"7073.733";"-236.8071";"-58.97723";"-82.03894";"-291.9446";"-87.08118";"-31.1311";"-236.8071";"-58.97723";"-82.03894";"-291.9446";"-87.08118";"-31.1311"
"7082.075";"-236.757";"-58.97601";"-82.03894";"-291.9446";"-87.06561";"-31.13892";"-236.757";"-58.97601";"-82.03894";"-291.9446";"-87.06561";"-31.13892"
"7090.417";"-236.6562";"-59.01251";"-82.03894";"-291.9446";"-87.02045";"-31.1496";"-236.6562";"-59.01251";"-82.03894";"-291.9446";"-87.02045";"-31.1496"
"7098.758";"-236.6535";"-59.01068";"-82.03894";"-291.9446";"-86.99683";"-31.15076";"-236.6535";"-59.01068";"-82.03894";"-291.9446";"-86.99683";"-31.15076"
"7107.1";"-236.6329";"-59.00378";"-82.03894";"-291.9446";"-86.94647";"-31.1485";"-236.6329";"-59.00378";"-82.03894";"-291.9446";"-86.94647";"-31.1485"
"7115.442";"-236.6135";"-59.00793";"-82.03894";"-291.9446";"-86.93494";"-31.15765";"-236.6135";"-59.00793";"-82.03894";"-291.9446";"-86.93494";"-31.15765"
"7123.783";"-236.5988";"-58.98877";"-82.03894";"-291.9446";"-86.91119";"-31.15564";"-236.5988";"-58.98877";"-82.03894";"-291.9446";"-86.91119";"-31.15564"
"7132.125";"-236.5651";"-58.99957";"-82.03894";"-291.9446";"-86.90692";"-31.16388";"-236.5651";"-58.99957";"-82.03894";"-291.9446";"-86.90692";"-31.16388"
"7140.467";"-236.5499";"-58.97998";"-82.03894";"-291.9446";"-86.86597";"-31.16113";"-236.5499";"-58.97998";"-82.03894";"-291.9446";"-86.86597";"-31.16113"
"7148.808";"-236.5118";"-58.99512";"-82.03894";"-291.9446";"-86.81989";"-31.19244";"-236.5118";"-58.99512";"-82.03894";"-291.9446";"-86.81989";"-31.19244"
"7157.15";"-236.512";"-58.9762";"-82.03894";"-291.9446";"-86.79816";"-31.18036";"-236.512";"-58.9762";"-82.03894";"-291.9446";"-86.79816";"-31.18036"
"7165.492";"-236.4799";"-58.78363";"-82.03894";"-291.9446";"-86.76904";"-31.19366";"-236.4799";"-58.78363";"-82.03894";"-291.9446";"-86.76904";"-31.19366"
"7173.833";"-236.4724";"-58.78223";"-82.03894";"-291.9446";"-86.711";"-31.21802";"-236.4724";"-58.78223";"-82.03894";"-291.9446";"-86.711";"-31.21802"
"7182.175";"-236.4486";"-58.77875";"-82.03894";"-291.9446";"-86.69745";"-31.21136";"-236.4486";"-58.77875";"-82.03894";"-291.9446";"-86.69745";"-31.21136"
"7190.517";"-236.3497";"-58.7738";"-82.03894";"-291.9446";"-86.66937";"-31.22992";"-236.3497";"-58.7738";"-82.03894";"-291.9446";"-86.66937";"-31.22992"
"7198.858";"-236.3457";"-58.77594";"-82.03894";"-291.9446";"-86.63934";"-31.2218";"-236.3457";"-58.77594";"-82.03894";"-291.9446";"-86.63934";"-31.2218"
"7207.2";"-236.3214";"-58.77698";"-82.03894";"-291.9446";"-86.6048";"-31.22546";"-236.3214";"-58.77698";"-82.03894";"-291.9446";"-86.6048";"-31.22546"
"7215.542";"-236.2983";"-58.77808";"-82.03894";"-291.9446";"-86.57581";"-31.23438";"-236.2983";"-58.77808";"-82.03894";"-291.9446";"-86.57581";"-31.23438"
"7223.883";"-236.2872";"-58.76794";"-82.03894";"-291.9446";"-86.54614";"-31.21948";"-236.2872";"-58.76794";"-82.03894";"-291.9446";"-86.54614";"-31.21948"
"7232.225";"-236.2742";"-58.78888";"-82.03894";"-291.9446";"-86.53632";"-31.22845";"-236.2742";"-58.78888";"-82.03894";"-291.9446";"-86.53632";"-31.22845"
"7240.567";"-236.2814";"-58.76678";"-82.03894";"-291.9446";"-86.47784";"-31.27271";"-236.2814";"-58.76678";"-82.03894";"-291.9446";"-86.47784";"-31.27271"
"7248.908";"-236.2482";"-58.7688";"-82.03894";"-291.9446";"-86.45428";"-31.27838";"-236.2482";"-58.7688";"-82.03894";"-291.9446";"-86.45428";"-31.27838"
"7257.25";"-236.202";"-58.75952";"-82.03894";"-291.9446";"-86.43909";"-31.27625";"-236.202";"-58.75952";"-82.03894";"-291.9446";"-86.43909";"-31.27625"
"7265.592";"-236.1686";"-58.77942";"-82.03894";"-291.9446";"-86.40149";"-31.24829";"-236.1686";"-58.77942";"-82.03894";"-291.9446";"-86.40149";"-31.24829"
"7273.933";"-236.1475";"-58.74622";"-82.03894";"-291.9446";"-86.36981";"-31.26752";"-236.1475";"-58.74622";"-82.03894";"-291.9446";"-86.36981";"-31.26752"
"7282.275";"-236.1175";"-58.77142";"-82.03894";"-291.9446";"-86.34961";"-31.28925";"-236.1175";"-58.77142";"-82.03894";"-291.9446";"-86.34961";"-31.28925"
"7290.617";"-236.0779";"-58.74823";"-82.03894";"-291.9446";"-86.30029";"-31.29535";"-236.0779";"-58.74823";"-82.03894";"-291.9446";"-86.30029";"-31.29535"
"7298.958";"-236.0672";"-58.755";"-82.03894";"-291.9446";"-86.3009";"-31.30396";"-236.0672";"-58.755";"-82.03894";"-291.9446";"-86.3009";"-31.30396"
"7307.3";"-236.0608";"-58.73962";"-82.03894";"-291.9446";"-86.23822";"-31.31787";"-236.0608";"-58.73962";"-82.03894";"-291.9446";"-86.23822";"-31.31787"
"7315.642";"-236.0434";"-58.74908";"-82.03894";"-291.9446";"-86.23212";"-31.32355";"-236.0434";"-58.74908";"-82.03894";"-291.9446";"-86.23212";"-31.32355"
"7323.983";"-235.8991";"-58.76141";"-82.03894";"-291.9446";"-86.18103";"-31.31152";"-235.8991";"-58.76141";"-82.03894";"-291.9446";"-86.18103";"-31.31152"
"7332.325";"-235.8883";"-58.77142";"-82.03894";"-291.9446";"-86.16809";"-31.32373";"-235.8883";"-58.77142";"-82.03894";"-291.9446";"-86.16809";"-31.32373"
"7340.667";"-235.9149";"-58.75677";"-82.03894";"-291.9446";"-86.13739";"-31.3291";"-235.9149";"-58.75677";"-82.03894";"-291.9446";"-86.13739";"-31.3291"
"7349.008";"-235.9156";"-58.75726";"-82.03894";"-291.9446";"-86.00684";"-31.32867";"-235.9156";"-58.75726";"-82.03894";"-291.9446";"-86.00684";"-31.32867"
"7357.35";"-235.8643";"-58.76086";"-82.03894";"-291.9446";"-86.09564";"-31.32452";"-235.8643";"-58.76086";"-82.03894";"-291.9446";"-86.09564";"-31.32452"
"7365.692";"-235.8639";"-58.76086";"-82.03894";"-291.9446";"-85.96118";"-31.34796";"-235.8639";"-58.76086";"-82.03894";"-291.9446";"-85.96118";"-31.34796"
"7374.033";"-235.8373";"-58.75543";"-82.03894";"-291.9446";"-85.97705";"-31.33813";"-235.8373";"-58.75543";"-82.03894";"-291.9446";"-85.97705";"-31.33813"
"7382.375";"-235.7458";"-58.75739";"-82.03894";"-291.9446";"-85.9491";"-31.33649";"-235.7458";"-58.75739";"-82.03894";"-291.9446";"-85.9491";"-31.33649"
"7390.717";"-235.7465";"-58.75";"-82.03894";"-291.9446";"-85.95093";"-31.32959";"-235.7465";"-58.75";"-82.03894";"-291.9446";"-85.95093";"-31.32959"
"7399.058";"-235.7359";"-58.76196";"-82.03894";"-291.9446";"-85.91901";"-31.32892";"-235.7359";"-58.76196";"-82.03894";"-291.9446";"-85.91901";"-31.32892"
"7407.4";"-235.7431";"-58.75208";"-82.03894";"-291.9446";"-85.88647";"-31.34772";"-235.7431";"-58.75208";"-82.03894";"-291.9446";"-85.88647";"-31.34772"
"7415.742";"-235.6942";"-58.77386";"-82.03894";"-291.9446";"-85.87665";"-31.34473";"-235.6942";"-58.77386";"-82.03894";"-291.9446";"-85.87665";"-31.34473"
"7424.083";"-235.677";"-58.77277";"-82.03894";"-291.9446";"-85.85284";"-31.32794";"-235.677";"-58.77277";"-82.03894";"-291.9446";"-85.85284";"-31.32794"
"7432.425";"-235.6611";"-58.78412";"-82.03894";"-291.9446";"-85.8407";"-31.33643";"-235.6611";"-58.78412";"-82.03894";"-291.9446";"-85.8407";"-31.33643"
"7440.767";"-235.6303";"-58.771";"-82.03894";"-291.9446";"-85.81354";"-31.33502";"-235.6303";"-58.771";"-82.03894";"-291.9446";"-85.81354";"-31.33502"
"7449.108";"-235.6287";"-58.78009";"-82.03894";"-291.9446";"-85.78833";"-31.33868";"-235.6287";"-58.78009";"-82.03894";"-291.9446";"-85.78833";"-31.33868"
"7457.45";"-235.5406";"-58.79492";"-82.03894";"-291.9446";"-85.73822";"-31.3504";"-235.5406";"-58.79492";"-82.03894";"-291.9446";"-85.73822";"-31.3504"
"7465.792";"-235.5347";"-58.79132";"-82.03894";"-291.9446";"-85.72113";"-31.36774";"-235.5347";"-58.79132";"-82.03894";"-291.9446";"-85.72113";"-31.36774"
"7474.133";"-235.52";"-58.79071";"-82.03894";"-291.9446";"-85.6853";"-31.3811";"-235.52";"-58.79071";"-82.03894";"-291.9446";"-85.6853";"-31.3811"
"7482.475";"-235.4946";"-58.53052";"-82.03894";"-291.9446";"-85.66003";"-31.38519";"-235.4946";"-58.53052";"-82.03894";"-291.9446";"-85.66003";"-31.38519"
"7490.817";"-235.4785";"-58.58521";"-82.03894";"-291.9446";"-85.63794";"-31.38837";"-235.4785";"-58.58521";"-82.03894";"-291.9446";"-85.63794";"-31.38837"
"7499.158";"-235.4924";"-58.55884";"-82.03894";"-291.9446";"-85.62384";"-31.40033";"-235.4924";"-58.55884";"-82.03894";"-291.9446";"-85.62384";"-31.40033"
"7507.5";"-235.4512";"-58.58002";"-82.03894";"-291.9446";"-85.49017";"-31.43756";"-235.4512";"-58.58002";"-82.03894";"-291.9446";"-85.49017";"-31.43756"
"7515.842";"-235.4318";"-58.53406";"-82.03894";"-291.9446";"-85.50269";"-31.42596";"-235.4318";"-58.53406";"-82.03894";"-291.9446";"-85.50269";"-31.42596"
"7524.183";"-235.4116";"-58.55023";"-82.03894";"-291.9446";"-85.47131";"-31.40289";"-235.4116";"-58.55023";"-82.03894";"-291.9446";"-85.47131";"-31.40289"
"7532.525";"-235.3945";"-58.51971";"-82.03894";"-291.9446";"-85.47406";"-31.40649";"-235.3945";"-58.51971";"-82.03894";"-291.9446";"-85.47406";"-31.40649"
"7540.867";"-235.3824";"-58.53717";"-82.03894";"-291.9446";"-85.42175";"-31.40454";"-235.3824";"-58.53717";"-82.03894";"-291.9446";"-85.42175";"-31.40454"
"7549.208";"-235.3378";"-58.53326";"-82.03894";"-291.9446";"-85.41431";"-31.40393";"-235.3378";"-58.53326";"-82.03894";"-291.9446";"-85.41431";"-31.40393"
"7557.55";"-235.3033";"-58.52911";"-82.03894";"-291.9446";"-85.3786";"-31.43201";"-235.3033";"-58.52911";"-82.03894";"-291.9446";"-85.3786";"-31.43201"
"7565.892";"-235.307";"-58.51086";"-82.03894";"-291.9446";"-85.37866";"-31.4328";"-235.307";"-58.51086";"-82.03894";"-291.9446";"-85.37866";"-31.4328"
"7574.233";"-235.2855";"-58.51624";"-82.03894";"-291.9446";"-85.30103";"-31.45703";"-235.2855";"-58.51624";"-82.03894";"-291.9446";"-85.30103";"-31.45703"
"7582.575";"-235.2621";"-58.53229";"-82.03894";"-291.9446";"-85.29974";"-31.46161";"-235.2621";"-58.53229";"-82.03894";"-291.9446";"-85.29974";"-31.46161"
"7590.917";"-235.1364";"-58.52094";"-82.03894";"-291.9446";"-85.24866";"-31.45374";"-235.1364";"-58.52094";"-82.03894";"-291.9446";"-85.24866";"-31.45374"
"7599.258";"-235.1442";"-58.5202";"-82.03894";"-291.9446";"-85.24664";"-31.45898";"-235.1442";"-58.5202";"-82.03894";"-291.9446";"-85.24664";"-31.45898"
"7607.6";"-235.14";"-58.52399";"-82.03894";"-291.9446";"-85.2356";"-31.4624";"-235.14";"-58.52399";"-82.03894";"-291.9446";"-85.2356";"-31.4624"
"7615.942";"-235.1248";"-58.52551";"-82.03894";"-291.9446";"-85.16724";"-31.4585";"-235.1248";"-58.52551";"-82.03894";"-291.9446";"-85.16724";"-31.4585"
"7624.283";"-235.0729";"-58.53503";"-82.03894";"-291.9446";"-85.13428";"-31.47931";"-235.0729";"-58.53503";"-82.03894";"-291.9446";"-85.13428";"-31.47931"
"7632.625";"-235.0696";"-58.52954";"-82.03894";"-291.9446";"-85.10327";"-31.47089";"-235.0696";"-58.52954";"-82.03894";"-291.9446";"-85.10327";"-31.47089"
"7640.967";"-235.0624";"-58.54034";"-82.03894";"-291.9446";"-85.04755";"-31.50116";"-235.0624";"-58.54034";"-82.03894";"-291.9446";"-85.04755";"-31.50116"
"7649.308";"-235.0222";"-58.53918";"-82.03894";"-291.9446";"-85.06177";"-31.49176";"-235.0222";"-58.53918";"-82.03894";"-291.9446";"-85.06177";"-31.49176"
"7657.65";"-235.0241";"-58.53668";"-82.03894";"-291.9446";"-85.05646";"-31.49396";"-235.0241";"-58.53668";"-82.03894";"-291.9446";"-85.05646";"-31.49396"
"7665.992";"-235.0345";"-58.5321";"-82.03894";"-291.9446";"-85.04944";"-31.49237";"-235.0345";"-58.5321";"-82.03894";"-291.9446";"-85.04944";"-31.49237"
"7674.333";"-235.0013";"-58.53015";"-82.03894";"-291.9446";"-84.98456";"-31.49774";"-235.0013";"-58.53015";"-82.03894";"-291.9446";"-84.98456";"-31.49774"
"7682.675";"-234.9828";"-58.5257";"-82.03894";"-291.9446";"-84.97943";"-31.49786";"-234.9828";"-58.5257";"-82.03894";"-291.9446";"-84.97943";"-31.49786"
"7691.017";"-234.949";"-58.51648";"-82.03894";"-291.9446";"-84.94751";"-31.52423";"-234.949";"-58.51648";"-82.03894";"-291.9446";"-84.94751";"-31.52423"
"7699.358";"-234.9432";"-58.53613";"-82.03894";"-291.9446";"-84.92322";"-31.5412";"-234.9432";"-58.53613";"-82.03894";"-291.9446";"-84.92322";"-31.5412"
"7707.7";"-234.9119";"-58.51526";"-82.03894";"-291.9446";"-84.89441";"-31.55212";"-234.9119";"-58.51526";"-82.03894";"-291.9446";"-84.89441";"-31.55212"
"7716.042";"-234.8943";"-58.52051";"-82.03894";"-291.9446";"-84.90051";"-31.56842";"-234.8943";"-58.52051";"-82.03894";"-291.9446";"-84.90051";"-31.56842"
"7724.383";"-234.8566";"-58.51416";"-82.03894";"-291.9446";"-84.85931";"-31.56549";"-234.8566";"-58.51416";"-82.03894";"-291.9446";"-84.85931";"-31.56549"
"7732.725";"-234.8605";"-58.51257";"-82.03894";"-291.9446";"-84.84955";"-31.58307";"-234.8605";"-58.51257";"-82.03894";"-291.9446";"-84.84955";"-31.58307"
"7741.067";"-234.8287";"-58.51709";"-82.03894";"-291.9446";"-84.81689";"-31.58398";"-234.8287";"-58.51709";"-82.03894";"-291.9446";"-84.81689";"-31.58398"
"7749.408";"-234.8329";"-58.51611";"-82.03894";"-291.9446";"-84.8045";"-31.58405";"-234.8329";"-58.51611";"-82.03894";"-291.9446";"-84.8045";"-31.58405"
"7757.75";"-234.7982";"-58.50458";"-82.03894";"-291.9446";"-84.78174";"-31.61835";"-234.7982";"-58.50458";"-82.03894";"-291.9446";"-84.78174";"-31.61835"
"7766.092";"-234.5396";"-58.49121";"-82.03894";"-291.9446";"-84.76819";"-31.63208";"-234.5396";"-58.49121";"-82.03894";"-291.9446";"-84.76819";"-31.63208"
"7774.433";"-234.7505";"-58.51184";"-82.03894";"-291.9446";"-84.59894";"-31.61957";"-234.7505";"-58.51184";"-82.03894";"-291.9446";"-84.59894";"-31.61957"
"7782.775";"-234.4738";"-58.36078";"-82.03894";"-291.9446";"-84.61169";"-31.62274";"-234.4738";"-58.36078";"-82.03894";"-291.9446";"-84.61169";"-31.62274"
"7791.117";"-234.4714";"-58.35785";"-82.03894";"-291.9446";"-84.63501";"-31.60767";"-234.4714";"-58.35785";"-82.03894";"-291.9446";"-84.63501";"-31.60767"
"7799.458";"-234.4595";"-58.362";"-82.03894";"-291.9446";"-84.6319";"-31.60712";"-234.4595";"-58.362";"-82.03894";"-291.9446";"-84.6319";"-31.60712"
"7807.8";"-234.4337";"-58.36469";"-82.03894";"-291.9446";"-84.62347";"-31.63782";"-234.4337";"-58.36469";"-82.03894";"-291.9446";"-84.62347";"-31.63782"
"7816.142";"-234.4208";"-58.36609";"-82.03894";"-291.9446";"-84.59711";"-31.65411";"-234.4208";"-58.36609";"-82.03894";"-291.9446";"-84.59711";"-31.65411"
"7824.483";"-234.3782";"-58.35449";"-82.03894";"-291.9446";"-84.54364";"-31.64307";"-234.3782";"-58.35449";"-82.03894";"-291.9446";"-84.54364";"-31.64307"
"7832.825";"-234.3773";"-58.35571";"-82.03894";"-291.9446";"-84.54016";"-31.63867";"-234.3773";"-58.35571";"-82.03894";"-291.9446";"-84.54016";"-31.63867"
"7841.167";"-234.3503";"-58.3515";"-82.03894";"-291.9446";"-84.51105";"-31.67804";"-234.3503";"-58.3515";"-82.03894";"-291.9446";"-84.51105";"-31.67804"
"7849.508";"-234.3371";"-58.34625";"-82.03894";"-291.9446";"-84.48773";"-31.69794";"-234.3371";"-58.34625";"-82.03894";"-291.9446";"-84.48773";"-31.69794"
"7857.85";"-234.3052";"-58.33746";"-82.03894";"-291.9446";"-84.42133";"-31.69299";"-234.3052";"-58.33746";"-82.03894";"-291.9446";"-84.42133";"-31.69299"
"7866.192";"-234.2863";"-58.34607";"-82.03894";"-291.9446";"-84.40662";"-31.71808";"-234.2863";"-58.34607";"-82.03894";"-291.9446";"-84.40662";"-31.71808"
"7874.533";"-234.2783";"-58.32086";"-82.03894";"-291.9446";"-84.39575";"-31.71509";"-234.2783";"-58.32086";"-82.03894";"-291.9446";"-84.39575";"-31.71509"
"7882.875";"-234.2311";"-58.32269";"-82.03894";"-291.9446";"-84.37305";"-31.73285";"-234.2311";"-58.32269";"-82.03894";"-291.9446";"-84.37305";"-31.73285"
"7891.217";"-234.1577";"-58.33185";"-82.03894";"-291.9446";"-84.31415";"-31.77917";"-234.1577";"-58.33185";"-82.03894";"-291.9446";"-84.31415";"-31.77917"
"7899.558";"-234.158";"-58.32855";"-82.03894";"-291.9446";"-84.30139";"-31.75763";"-234.158";"-58.32855";"-82.03894";"-291.9446";"-84.30139";"-31.75763"
"7907.9";"-234.1387";"-58.32471";"-82.03894";"-291.9446";"-84.27271";"-31.78613";"-234.1387";"-58.32471";"-82.03894";"-291.9446";"-84.27271";"-31.78613"
"7916.242";"-234.1387";"-58.32483";"-82.03894";"-291.9446";"-84.26324";"-31.79071";"-234.1387";"-58.32483";"-82.03894";"-291.9446";"-84.26324";"-31.79071"
"7924.583";"-234.1125";"-58.31677";"-82.03894";"-291.9446";"-84.203";"-31.78473";"-234.1125";"-58.31677";"-82.03894";"-291.9446";"-84.203";"-31.78473"
"7932.925";"-234.0875";"-58.30951";"-82.03894";"-291.9446";"-84.19373";"-31.79553";"-234.0875";"-58.30951";"-82.03894";"-291.9446";"-84.19373";"-31.79553"
"7941.267";"-234.0737";"-58.30927";"-82.03894";"-291.9446";"-84.18787";"-31.77612";"-234.0737";"-58.30927";"-82.03894";"-291.9446";"-84.18787";"-31.77612"
"7949.608";"-234.0486";"-58.30829";"-82.03894";"-291.9446";"-84.16864";"-31.78259";"-234.0486";"-58.30829";"-82.03894";"-291.9446";"-84.16864";"-31.78259"
"7957.95";"-234.0383";"-58.31256";"-82.03894";"-291.9446";"-84.14642";"-31.78857";"-234.0383";"-58.31256";"-82.03894";"-291.9446";"-84.14642";"-31.78857"
"7966.292";"-234.0385";"-58.31549";"-82.03894";"-291.9446";"-84.12762";"-31.8064";"-234.0385";"-58.31549";"-82.03894";"-291.9446";"-84.12762";"-31.8064"
"7974.633";"-234.0137";"-58.31555";"-82.03894";"-291.9446";"-84.12231";"-31.80347";"-234.0137";"-58.31555";"-82.03894";"-291.9446";"-84.12231";"-31.80347"
"7982.975";"-233.9837";"-58.30493";"-82.03894";"-291.9446";"-84.08734";"-31.81219";"-233.9837";"-58.30493";"-82.03894";"-291.9446";"-84.08734";"-31.81219"
"7991.317";"-233.8082";"-58.35242";"-82.03894";"-291.9446";"-83.98126";"-31.80927";"-233.8082";"-58.35242";"-82.03894";"-291.9446";"-83.98126";"-31.80927"
"7999.658";"-233.825";"-58.34662";"-82.03894";"-291.9446";"-83.97089";"-31.81812";"-233.825";"-58.34662";"-82.03894";"-291.9446";"-83.97089";"-31.81812"
"8008";"-233.8065";"-58.33704";"-82.03894";"-291.9446";"-83.95984";"-31.81635";"-233.8065";"-58.33704";"-82.03894";"-291.9446";"-83.95984";"-31.81635"
"8016.342";"-233.7736";"-58.32507";"-82.03894";"-291.9446";"-83.96783";"-31.84265";"-233.7736";"-58.32507";"-82.03894";"-291.9446";"-83.96783";"-31.84265"
"8024.683";"-233.7741";"-58.33417";"-82.03894";"-291.9446";"-83.91693";"-31.85364";"-233.7741";"-58.33417";"-82.03894";"-291.9446";"-83.91693";"-31.85364"
"8033.025";"-233.762";"-58.32574";"-82.03894";"-291.9446";"-83.91302";"-31.84589";"-233.762";"-58.32574";"-82.03894";"-291.9446";"-83.91302";"-31.84589"
"8041.367";"-233.7658";"-58.32617";"-82.03894";"-291.9446";"-83.89233";"-31.87506";"-233.7658";"-58.32617";"-82.03894";"-291.9446";"-83.89233";"-31.87506"
"8049.708";"-233.7424";"-58.32239";"-82.03894";"-291.9446";"-83.87817";"-31.88342";"-233.7424";"-58.32239";"-82.03894";"-291.9446";"-83.87817";"-31.88342"
"8058.05";"-233.6965";"-58.31415";"-82.03894";"-291.9446";"-83.85028";"-31.89343";"-233.6965";"-58.31415";"-82.03894";"-291.9446";"-83.85028";"-31.89343"
"8066.392";"-233.6909";"-58.31079";"-82.03894";"-291.9446";"-83.83124";"-31.89459";"-233.6909";"-58.31079";"-82.03894";"-291.9446";"-83.83124";"-31.89459"
"8074.733";"-233.6661";"-58.30237";"-82.03894";"-291.9446";"-83.8089";"-31.90845";"-233.6661";"-58.30237";"-82.03894";"-291.9446";"-83.8089";"-31.90845"
"8083.075";"-233.6602";"-58.30188";"-82.03894";"-291.9446";"-83.77881";"-31.91876";"-233.6602";"-58.30188";"-82.03894";"-291.9446";"-83.77881";"-31.91876"
"8091.417";"-233.6396";"-58.29272";"-82.03894";"-291.9446";"-83.76953";"-31.92554";"-233.6396";"-58.29272";"-82.03894";"-291.9446";"-83.76953";"-31.92554"
"8099.758";"-233.616";"-58.29504";"-82.03894";"-291.9446";"-83.7229";"-31.93164";"-233.616";"-58.29504";"-82.03894";"-291.9446";"-83.7229";"-31.93164"
"8108.1";"-233.5829";"-58.29456";"-82.03894";"-291.9446";"-83.7345";"-31.93652";"-233.5829";"-58.29456";"-82.03894";"-291.9446";"-83.7345";"-31.93652"
"8116.442";"-233.5567";"-58.29572";"-82.03894";"-291.9446";"-83.68677";"-31.92981";"-233.5567";"-58.29572";"-82.03894";"-291.9446";"-83.68677";"-31.92981"
"8124.783";"-233.5142";"-58.29736";"-82.03894";"-291.9446";"-83.66412";"-31.94281";"-233.5142";"-58.29736";"-82.03894";"-291.9446";"-83.66412";"-31.94281"
"8133.125";"-233.4945";"-58.14844";"-82.03894";"-291.9446";"-83.6452";"-31.94073";"-233.4945";"-58.14844";"-82.03894";"-291.9446";"-83.6452";"-31.94073"
"8141.467";"-233.4761";"-58.11914";"-82.03894";"-291.9446";"-83.59924";"-31.9859";"-233.4761";"-58.11914";"-82.03894";"-291.9446";"-83.59924";"-31.9859"
"8149.808";"-233.4567";"-58.12622";"-82.03894";"-291.9446";"-83.59131";"-31.98987";"-233.4567";"-58.12622";"-82.03894";"-291.9446";"-83.59131";"-31.98987"
"8158.15";"-233.4648";"-58.11523";"-82.03894";"-291.9446";"-83.54102";"-31.98694";"-233.4648";"-58.11523";"-82.03894";"-291.9446";"-83.54102";"-31.98694"
"8166.492";"-233.4467";"-58.10974";"-82.03894";"-291.9446";"-83.52814";"-31.99927";"-233.4467";"-58.10974";"-82.03894";"-291.9446";"-83.52814";"-31.99927"
"8174.833";"-233.4394";"-58.10437";"-82.03894";"-291.9446";"-83.48871";"-32.00433";"-233.4394";"-58.10437";"-82.03894";"-291.9446";"-83.48871";"-32.00433"
"8183.175";"-233.3913";"-58.10028";"-82.03894";"-291.9446";"-83.4491";"-32.01624";"-233.3913";"-58.10028";"-82.03894";"-291.9446";"-83.4491";"-32.01624"
"8191.517";"-233.3761";"-58.10681";"-82.03894";"-291.9446";"-83.44092";"-32.01007";"-233.3761";"-58.10681";"-82.03894";"-291.9446";"-83.44092";"-32.01007"
"8199.858";"-233.346";"-58.09363";"-82.03894";"-291.9446";"-83.4295";"-32.02057";"-233.346";"-58.09363";"-82.03894";"-291.9446";"-83.4295";"-32.02057"
"8208.2";"-233.3453";"-58.08752";"-82.03894";"-291.9446";"-83.39526";"-32.04053";"-233.3453";"-58.08752";"-82.03894";"-291.9446";"-83.39526";"-32.04053"
"8216.542";"-233.3129";"-58.08136";"-82.03894";"-291.9446";"-83.36902";"-32.03546";"-233.3129";"-58.08136";"-82.03894";"-291.9446";"-83.36902";"-32.03546"
"8224.884";"-233.3133";"-58.08215";"-82.03894";"-291.9446";"-83.32159";"-32.04437";"-233.3133";"-58.08215";"-82.03894";"-291.9446";"-83.32159";"-32.04437"
"8233.225";"-233.3109";"-58.08179";"-82.03894";"-291.9446";"-83.2948";"-32.06409";"-233.3109";"-58.08179";"-82.03894";"-291.9446";"-83.2948";"-32.06409"
"8241.566";"-233.2576";"-58.073";"-82.03894";"-291.9446";"-83.28583";"-32.07013";"-233.2576";"-58.073";"-82.03894";"-291.9446";"-83.28583";"-32.07013"
"8249.908";"-233.2467";"-58.07214";"-82.03894";"-291.9446";"-83.24384";"-32.08319";"-233.2467";"-58.07214";"-82.03894";"-291.9446";"-83.24384";"-32.08319"
"8258.25";"-233.2336";"-58.06921";"-82.03894";"-291.9446";"-83.2417";"-32.07263";"-233.2336";"-58.06921";"-82.03894";"-291.9446";"-83.2417";"-32.07263"
"8266.592";"-233.2273";"-58.06433";"-82.03894";"-291.9446";"-83.20276";"-32.08282";"-233.2273";"-58.06433";"-82.03894";"-291.9446";"-83.20276";"-32.08282"
"8274.934";"-233.2078";"-58.05652";"-82.03894";"-291.9446";"-83.19531";"-32.09204";"-233.2078";"-58.05652";"-82.03894";"-291.9446";"-83.19531";"-32.09204"
"8283.275";"-233.1899";"-58.04865";"-82.03894";"-291.9446";"-83.19427";"-32.09692";"-233.1899";"-58.04865";"-82.03894";"-291.9446";"-83.19427";"-32.09692"
"8291.616";"-233.1879";"-58.04156";"-82.03894";"-291.9446";"-83.14795";"-32.11053";"-233.1879";"-58.04156";"-82.03894";"-291.9446";"-83.14795";"-32.11053"
"8299.958";"-233.1499";"-58.03076";"-82.03894";"-291.9446";"-83.13";"-32.11255";"-233.1499";"-58.03076";"-82.03894";"-291.9446";"-83.13";"-32.11255"
"8308.3";"-233.1313";"-58.03186";"-82.03894";"-291.9446";"-83.09161";"-32.13678";"-233.1313";"-58.03186";"-82.03894";"-291.9446";"-83.09161";"-32.13678"
"8316.642";"-233.0964";"-58.01807";"-82.03894";"-291.9446";"-83.08472";"-32.15356";"-233.0964";"-58.01807";"-82.03894";"-291.9446";"-83.08472";"-32.15356"
"8324.983";"-233.0912";"-58.02722";"-82.03894";"-291.9446";"-83.06525";"-32.14087";"-233.0912";"-58.02722";"-82.03894";"-291.9446";"-83.06525";"-32.14087"
"8333.325";"-233.0726";"-58.00476";"-82.03894";"-291.9446";"-83.05298";"-32.1507";"-233.0726";"-58.00476";"-82.03894";"-291.9446";"-83.05298";"-32.1507"
"8341.667";"-233.076";"-57.99628";"-82.03894";"-291.9446";"-83.02423";"-32.15808";"-233.076";"-57.99628";"-82.03894";"-291.9446";"-83.02423";"-32.15808"
"8350.009";"-233.0242";"-57.9917";"-82.03894";"-291.9446";"-83.00458";"-32.17377";"-233.0242";"-57.9917";"-82.03894";"-291.9446";"-83.00458";"-32.17377"
"8358.35";"-232.869";"-58.01141";"-82.03894";"-291.9446";"-82.9812";"-32.18359";"-232.869";"-58.01141";"-82.03894";"-291.9446";"-82.9812";"-32.18359"
"8366.691";"-232.8722";"-58.00824";"-82.03894";"-291.9446";"-82.96027";"-32.19629";"-232.8722";"-58.00824";"-82.03894";"-291.9446";"-82.96027";"-32.19629"
"8375.033";"-232.8785";"-57.9895";"-82.03894";"-291.9446";"-82.91064";"-32.22144";"-232.8785";"-57.9895";"-82.03894";"-291.9446";"-82.91064";"-32.22144"
"8383.375";"-232.8185";"-57.96484";"-82.03894";"-291.9446";"-82.86536";"-32.25195";"-232.8185";"-57.96484";"-82.03894";"-291.9446";"-82.86536";"-32.25195"
"8391.717";"-232.8189";"-57.96698";"-82.03894";"-291.9446";"-82.84058";"-32.25867";"-232.8189";"-57.96698";"-82.03894";"-291.9446";"-82.84058";"-32.25867"
"8400.059";"-232.8235";"-57.95612";"-82.03894";"-291.9446";"-82.82428";"-32.27502";"-232.8235";"-57.95612";"-82.03894";"-291.9446";"-82.82428";"-32.27502"
"8408.4";"-232.8107";"-57.96234";"-82.03894";"-291.9446";"-82.81671";"-32.26398";"-232.8107";"-57.96234";"-82.03894";"-291.9446";"-82.81671";"-32.26398"
"8416.741";"-232.8101";"-57.96783";"-82.03894";"-291.9446";"-82.78619";"-32.27808";"-232.8101";"-57.96783";"-82.03894";"-291.9446";"-82.78619";"-32.27808"
"8425.083";"-232.7946";"-57.95734";"-82.03894";"-291.9446";"-82.76862";"-32.29968";"-232.7946";"-57.95734";"-82.03894";"-291.9446";"-82.76862";"-32.29968"
"8433.425";"-232.7676";"-57.97052";"-82.03894";"-291.9446";"-82.75818";"-32.31024";"-232.7676";"-57.97052";"-82.03894";"-291.9446";"-82.75818";"-32.31024"
"8441.767";"-232.7468";"-57.95685";"-82.03894";"-291.9446";"-82.73389";"-32.31348";"-232.7468";"-57.95685";"-82.03894";"-291.9446";"-82.73389";"-32.31348"
"8450.108";"-232.731";"-57.96729";"-82.03894";"-291.9446";"-82.71313";"-32.31024";"-232.731";"-57.96729";"-82.03894";"-291.9446";"-82.71313";"-32.31024"
"8458.45";"-232.7109";"-57.95325";"-82.03894";"-291.9446";"-82.68689";"-32.32684";"-232.7109";"-57.95325";"-82.03894";"-291.9446";"-82.68689";"-32.32684"
"8466.792";"-232.6748";"-57.95166";"-82.03894";"-291.9446";"-82.67822";"-32.31616";"-232.6748";"-57.95166";"-82.03894";"-291.9446";"-82.67822";"-32.31616"
"8475.134";"-232.6929";"-57.95013";"-82.03894";"-291.9446";"-82.6156";"-32.34131";"-232.6929";"-57.95013";"-82.03894";"-291.9446";"-82.6156";"-32.34131"
"8483.475";"-232.6417";"-57.93475";"-82.03894";"-291.9446";"-82.59937";"-32.35144";"-232.6417";"-57.93475";"-82.03894";"-291.9446";"-82.59937";"-32.35144"
"8491.816";"-232.6313";"-57.92712";"-82.03894";"-291.9446";"-82.59381";"-32.35907";"-232.6313";"-57.92712";"-82.03894";"-291.9446";"-82.59381";"-32.35907"
"8500.158";"-232.6274";"-57.9281";"-82.03894";"-291.9446";"-82.57336";"-32.37769";"-232.6274";"-57.9281";"-82.03894";"-291.9446";"-82.57336";"-32.37769"
"8508.5";"-232.6035";"-57.9248";"-82.03894";"-291.9446";"-82.53857";"-32.38422";"-232.6035";"-57.9248";"-82.03894";"-291.9446";"-82.53857";"-32.38422"
"8516.842";"-232.605";"-57.92377";"-82.03894";"-291.9446";"-82.51923";"-32.39105";"-232.605";"-57.92377";"-82.03894";"-291.9446";"-82.51923";"-32.39105"
"8525.184";"-232.5515";"-57.9032";"-82.03894";"-291.9446";"-82.50861";"-32.40112";"-232.5515";"-57.9032";"-82.03894";"-291.9446";"-82.50861";"-32.40112"
"8533.525";"-232.5344";"-57.90472";"-82.03894";"-291.9446";"-82.45721";"-32.43665";"-232.5344";"-57.90472";"-82.03894";"-291.9446";"-82.45721";"-32.43665"
"8541.866";"-232.5333";"-57.89447";"-82.03894";"-291.9446";"-82.45081";"-32.44159";"-232.5333";"-57.89447";"-82.03894";"-291.9446";"-82.45081";"-32.44159"
"8550.208";"-232.5104";"-57.88599";"-82.03894";"-291.9446";"-82.41498";"-32.448";"-232.5104";"-57.88599";"-82.03894";"-291.9446";"-82.41498";"-32.448"
"8558.55";"-232.4734";"-57.63287";"-82.03894";"-291.9446";"-82.35571";"-32.45978";"-232.4734";"-57.63287";"-82.03894";"-291.9446";"-82.35571";"-32.45978"
"8566.892";"-232.4787";"-57.62964";"-82.03894";"-291.9446";"-82.341";"-32.47534";"-232.4787";"-57.62964";"-82.03894";"-291.9446";"-82.341";"-32.47534"
"8575.233";"-232.4521";"-57.63123";"-82.03894";"-291.9446";"-82.32825";"-32.46222";"-232.4521";"-57.63123";"-82.03894";"-291.9446";"-82.32825";"-32.46222"
"8583.575";"-232.4383";"-57.62244";"-82.03894";"-291.9446";"-82.29126";"-32.47906";"-232.4383";"-57.62244";"-82.03894";"-291.9446";"-82.29126";"-32.47906"
"8591.917";"-232.394";"-57.63068";"-82.03894";"-291.9446";"-82.25067";"-32.50043";"-232.394";"-57.63068";"-82.03894";"-291.9446";"-82.25067";"-32.50043"
"8600.259";"-232.3932";"-57.6123";"-82.03894";"-291.9446";"-82.2597";"-32.49658";"-232.3932";"-57.6123";"-82.03894";"-291.9446";"-82.2597";"-32.49658"
"8608.6";"-232.3586";"-57.59253";"-82.03894";"-291.9446";"-82.2049";"-32.51178";"-232.3586";"-57.59253";"-82.03894";"-291.9446";"-82.2049";"-32.51178"
"8616.941";"-232.3448";"-57.59167";"-82.03894";"-291.9446";"-82.19922";"-32.51379";"-232.3448";"-57.59167";"-82.03894";"-291.9446";"-82.19922";"-32.51379"
"8625.283";"-232.313";"-57.60449";"-82.03894";"-291.9446";"-82.17303";"-32.55219";"-232.313";"-57.60449";"-82.03894";"-291.9446";"-82.17303";"-32.55219"
"8633.625";"-232.3108";"-57.59222";"-82.03894";"-291.9446";"-82.1557";"-32.55157";"-232.3108";"-57.59222";"-82.03894";"-291.9446";"-82.1557";"-32.55157"
"8641.967";"-232.2834";"-57.55963";"-82.03894";"-291.9446";"-82.11493";"-32.59546";"-232.2834";"-57.55963";"-82.03894";"-291.9446";"-82.11493";"-32.59546"
"8650.309";"-232.2777";"-57.56158";"-82.03894";"-291.9446";"-82.10211";"-32.59747";"-232.2777";"-57.56158";"-82.03894";"-291.9446";"-82.10211";"-32.59747"
"8658.65";"-232.2805";"-57.52863";"-82.03894";"-291.9446";"-82.08258";"-32.61389";"-232.2805";"-57.52863";"-82.03894";"-291.9446";"-82.08258";"-32.61389"
"8666.991";"-232.2813";"-57.52155";"-82.03894";"-291.9446";"-82.0802";"-32.62012";"-232.2813";"-57.52155";"-82.03894";"-291.9446";"-82.0802";"-32.62012"
"8675.333";"-232.2481";"-57.50519";"-82.03894";"-291.9446";"-82.04858";"-32.62939";"-232.2481";"-57.50519";"-82.03894";"-291.9446";"-82.04858";"-32.62939"
"8683.675";"-231.9521";"-57.49017";"-82.03894";"-291.9446";"-82.01929";"-32.65985";"-231.9521";"-57.49017";"-82.03894";"-291.9446";"-82.01929";"-32.65985"
"8692.017";"-231.9442";"-57.4845";"-82.03894";"-291.9446";"-82.01788";"-32.65576";"-231.9442";"-57.4845";"-82.03894";"-291.9446";"-82.01788";"-32.65576"
"8700.358";"-231.9387";"-57.46753";"-82.03894";"-291.9446";"-81.99817";"-32.67688";"-231.9387";"-57.46753";"-82.03894";"-291.9446";"-81.99817";"-32.67688"
"8708.7";"-231.9125";"-57.45966";"-82.03894";"-291.9446";"-81.99359";"-32.67017";"-231.9125";"-57.45966";"-82.03894";"-291.9446";"-81.99359";"-32.67017"
"8717.042";"-231.9114";"-57.45636";"-82.03894";"-291.9446";"-81.96991";"-32.70062";"-231.9114";"-57.45636";"-82.03894";"-291.9446";"-81.96991";"-32.70062"
"8725.384";"-231.8652";"-57.44452";"-82.03894";"-291.9446";"-81.93726";"-32.70599";"-231.8652";"-57.44452";"-82.03894";"-291.9446";"-81.93726";"-32.70599"
"8733.725";"-231.8411";"-57.44348";"-82.03894";"-291.9446";"-81.90454";"-32.74438";"-231.8411";"-57.44348";"-82.03894";"-291.9446";"-81.90454";"-32.74438"
"8742.066";"-231.8361";"-57.43805";"-82.03894";"-291.9446";"-81.89154";"-32.70685";"-231.8361";"-57.43805";"-82.03894";"-291.9446";"-81.89154";"-32.70685"
"8750.408";"-231.8185";"-57.42639";"-82.03894";"-291.9446";"-81.87653";"-32.72064";"-231.8185";"-57.42639";"-82.03894";"-291.9446";"-81.87653";"-32.72064"
"8758.75";"-231.7997";"-57.42975";"-82.03894";"-291.9446";"-81.82544";"-32.72638";"-231.7997";"-57.42975";"-82.03894";"-291.9446";"-81.82544";"-32.72638"
"8767.092";"-231.7485";"-57.43469";"-82.03894";"-291.9446";"-81.79712";"-32.7356";"-231.7485";"-57.43469";"-82.03894";"-291.9446";"-81.79712";"-32.7356"
"8775.434";"-231.7327";"-57.40997";"-82.03894";"-291.9446";"-81.76276";"-32.77393";"-231.7327";"-57.40997";"-82.03894";"-291.9446";"-81.76276";"-32.77393"
"8783.775";"-231.7239";"-57.39856";"-82.03894";"-291.9446";"-81.74683";"-32.78064";"-231.7239";"-57.39856";"-82.03894";"-291.9446";"-81.74683";"-32.78064"
"8792.116";"-231.7053";"-57.37579";"-82.03894";"-291.9446";"-81.73322";"-32.80286";"-231.7053";"-57.37579";"-82.03894";"-291.9446";"-81.73322";"-32.80286"
"8800.458";"-231.7007";"-57.37836";"-82.03894";"-291.9446";"-81.71747";"-32.81598";"-231.7007";"-57.37836";"-82.03894";"-291.9446";"-81.71747";"-32.81598"
"8808.8";"-231.6763";"-57.37115";"-82.03894";"-291.9446";"-81.69519";"-32.80267";"-231.6763";"-57.37115";"-82.03894";"-291.9446";"-81.69519";"-32.80267"
"8817.142";"-231.6476";"-57.36957";"-82.03894";"-291.9446";"-81.67401";"-32.82477";"-231.6476";"-57.36957";"-82.03894";"-291.9446";"-81.67401";"-32.82477"
"8825.483";"-231.6296";"-57.3714";"-82.03894";"-291.9446";"-81.63245";"-32.83405";"-231.6296";"-57.3714";"-82.03894";"-291.9446";"-81.63245";"-32.83405"
"8833.825";"-231.6192";"-57.37006";"-82.03894";"-291.9446";"-81.62329";"-32.85699";"-231.6192";"-57.37006";"-82.03894";"-291.9446";"-81.62329";"-32.85699"
"8842.167";"-231.5541";"-57.34937";"-82.03894";"-291.9446";"-81.57971";"-32.88489";"-231.5541";"-57.34937";"-82.03894";"-291.9446";"-81.57971";"-32.88489"
"8850.509";"-231.5327";"-57.34052";"-82.03894";"-291.9446";"-81.56671";"-32.88953";"-231.5327";"-57.34052";"-82.03894";"-291.9446";"-81.56671";"-32.88953"
"8858.85";"-231.5388";"-57.34698";"-82.03894";"-291.9446";"-81.5246";"-32.91144";"-231.5388";"-57.34698";"-82.03894";"-291.9446";"-81.5246";"-32.91144"
"8867.191";"-231.5262";"-57.33215";"-82.03894";"-291.9446";"-81.50018";"-32.90704";"-231.5262";"-57.33215";"-82.03894";"-291.9446";"-81.50018";"-32.90704"
"8875.533";"-231.4967";"-57.16217";"-82.03894";"-291.9446";"-81.49084";"-32.92657";"-231.4967";"-57.16217";"-82.03894";"-291.9446";"-81.49084";"-32.92657"
"8883.875";"-231.476";"-57.16638";"-82.03894";"-291.9446";"-81.50311";"-32.92065";"-231.476";"-57.16638";"-82.03894";"-291.9446";"-81.50311";"-32.92065"
"8892.217";"-231.4574";"-57.12384";"-82.03894";"-291.9446";"-81.43628";"-32.92474";"-231.4574";"-57.12384";"-82.03894";"-291.9446";"-81.43628";"-32.92474"
"8900.559";"-231.4516";"-57.11981";"-82.03894";"-291.9446";"-81.41888";"-32.92139";"-231.4516";"-57.11981";"-82.03894";"-291.9446";"-81.41888";"-32.92139"
"8908.9";"-231.4529";"-57.11749";"-82.03894";"-291.9446";"-81.41895";"-32.93103";"-231.4529";"-57.11749";"-82.03894";"-291.9446";"-81.41895";"-32.93103"
"8917.241";"-231.4491";"-57.12427";"-82.03894";"-291.9446";"-81.40851";"-32.93231";"-231.4491";"-57.12427";"-82.03894";"-291.9446";"-81.40851";"-32.93231"
"8925.583";"-231.4182";"-57.11542";"-82.03894";"-291.9446";"-81.37457";"-32.95129";"-231.4182";"-57.11542";"-82.03894";"-291.9446";"-81.37457";"-32.95129"
"8933.925";"-231.4006";"-57.10492";"-82.03894";"-291.9446";"-81.34784";"-32.95227";"-231.4006";"-57.10492";"-82.03894";"-291.9446";"-81.34784";"-32.95227"
"8942.267";"-231.3798";"-57.10254";"-82.03894";"-291.9446";"-81.30829";"-32.95721";"-231.3798";"-57.10254";"-82.03894";"-291.9446";"-81.30829";"-32.95721"
"8950.608";"-231.3671";"-57.10553";"-82.03894";"-291.9446";"-81.30371";"-32.97595";"-231.3671";"-57.10553";"-82.03894";"-291.9446";"-81.30371";"-32.97595"
"8958.95";"-231.3737";"-57.1012";"-82.03894";"-291.9446";"-81.27722";"-32.99109";"-231.3737";"-57.1012";"-82.03894";"-291.9446";"-81.27722";"-32.99109"
"8967.292";"-231.3733";"-57.07239";"-82.03894";"-291.9446";"-81.26276";"-32.99127";"-231.3733";"-57.07239";"-82.03894";"-291.9446";"-81.26276";"-32.99127"
"8975.634";"-231.3352";"-57.08563";"-82.03894";"-291.9446";"-81.20801";"-33.01807";"-231.3352";"-57.08563";"-82.03894";"-291.9446";"-81.20801";"-33.01807"
"8983.975";"-231.3331";"-57.07538";"-82.03894";"-291.9446";"-81.17639";"-33.02802";"-231.3331";"-57.07538";"-82.03894";"-291.9446";"-81.17639";"-33.02802"
"8992.316";"-231.3034";"-57.06372";"-82.03894";"-291.9446";"-81.17877";"-33.03271";"-231.3034";"-57.06372";"-82.03894";"-291.9446";"-81.17877";"-33.03271"
"9000.658";"-231.3118";"-57.04425";"-82.03894";"-291.9446";"-81.146";"-33.04419";"-231.3118";"-57.04425";"-82.03894";"-291.9446";"-81.146";"-33.04419"
"9009";"-231.2543";"-57.05365";"-82.03894";"-291.9446";"-81.12512";"-33.04913";"-231.2543";"-57.05365";"-82.03894";"-291.9446";"-81.12512";"-33.04913"
"9017.342";"-231.2402";"-57.04529";"-82.03894";"-291.9446";"-81.08466";"-33.06274";"-231.2402";"-57.04529";"-82.03894";"-291.9446";"-81.08466";"-33.06274"
"9025.684";"-231.2081";"-57.03693";"-82.03894";"-291.9446";"-81.06207";"-33.05609";"-231.2081";"-57.03693";"-82.03894";"-291.9446";"-81.06207";"-33.05609"
"9034.025";"-231.1979";"-57.02228";"-82.03894";"-291.9446";"-81.04327";"-33.09503";"-231.1979";"-57.02228";"-82.03894";"-291.9446";"-81.04327";"-33.09503"
"9042.366";"-231.1968";"-57.01929";"-82.03894";"-291.9446";"-81.0141";"-33.11743";"-231.1968";"-57.01929";"-82.03894";"-291.9446";"-81.0141";"-33.11743"
"9050.708";"-231.1772";"-57.01892";"-82.03894";"-291.9446";"-80.97742";"-33.11395";"-231.1772";"-57.01892";"-82.03894";"-291.9446";"-80.97742";"-33.11395"
"9059.05";"-231.1282";"-56.99658";"-82.03894";"-291.9446";"-80.94708";"-33.13263";"-231.1282";"-56.99658";"-82.03894";"-291.9446";"-80.94708";"-33.13263"
"9067.392";"-231.0961";"-56.98822";"-82.03894";"-291.9446";"-80.94824";"-33.12433";"-231.0961";"-56.98822";"-82.03894";"-291.9446";"-80.94824";"-33.12433"
"9075.733";"-231.0883";"-56.97321";"-82.03894";"-291.9446";"-80.888";"-33.14716";"-231.0883";"-56.97321";"-82.03894";"-291.9446";"-80.888";"-33.14716"
"9084.075";"-231.092";"-56.95917";"-82.03894";"-291.9446";"-80.8916";"-33.15314";"-231.092";"-56.95917";"-82.03894";"-291.9446";"-80.8916";"-33.15314"
"9092.417";"-231.0529";"-56.96722";"-82.03894";"-291.9446";"-80.86719";"-33.16772";"-231.0529";"-56.96722";"-82.03894";"-291.9446";"-80.86719";"-33.16772"
"9100.759";"-231.0443";"-56.9574";"-82.03894";"-291.9446";"-80.81244";"-33.17456";"-231.0443";"-56.9574";"-82.03894";"-291.9446";"-80.81244";"-33.17456"
"9109.1";"-231.0241";"-56.935";"-82.03894";"-291.9446";"-80.79718";"-33.19324";"-231.0241";"-56.935";"-82.03894";"-291.9446";"-80.79718";"-33.19324"
"9117.441";"-231.0078";"-56.93433";"-82.03894";"-291.9446";"-80.77789";"-33.19629";"-231.0078";"-56.93433";"-82.03894";"-291.9446";"-80.77789";"-33.19629"
"9125.783";"-230.9846";"-56.9317";"-82.03894";"-291.9446";"-80.78198";"-33.20184";"-230.9846";"-56.9317";"-82.03894";"-291.9446";"-80.78198";"-33.20184"
"9134.125";"-230.967";"-56.92352";"-82.03894";"-291.9446";"-80.73596";"-33.19385";"-230.967";"-56.92352";"-82.03894";"-291.9446";"-80.73596";"-33.19385"
"9142.467";"-230.9481";"-56.89673";"-82.03894";"-291.9446";"-80.65759";"-33.2193";"-230.9481";"-56.89673";"-82.03894";"-291.9446";"-80.65759";"-33.2193"
"9150.809";"-230.9166";"-56.9046";"-82.03894";"-291.9446";"-80.64496";"-33.22784";"-230.9166";"-56.9046";"-82.03894";"-291.9446";"-80.64496";"-33.22784"
"9159.15";"-230.9108";"-56.89709";"-82.03894";"-291.9446";"-80.61292";"-33.25238";"-230.9108";"-56.89709";"-82.03894";"-291.9446";"-80.61292";"-33.25238"
"9167.491";"-230.8842";"-56.88861";"-82.03894";"-291.9446";"-80.59143";"-33.25726";"-230.8842";"-56.88861";"-82.03894";"-291.9446";"-80.59143";"-33.25726"
"9175.833";"-230.8671";"-56.88611";"-82.03894";"-291.9446";"-80.58142";"-33.27881";"-230.8671";"-56.88611";"-82.03894";"-291.9446";"-80.58142";"-33.27881"
"9184.175";"-230.8498";"-56.88873";"-82.03894";"-291.9446";"-80.57288";"-33.29102";"-230.8498";"-56.88873";"-82.03894";"-291.9446";"-80.57288";"-33.29102"
"9192.517";"-230.8286";"-56.87268";"-82.03894";"-291.9446";"-80.52191";"-33.30048";"-230.8286";"-56.87268";"-82.03894";"-291.9446";"-80.52191";"-33.30048"
"9200.858";"-230.8135";"-56.86334";"-82.03894";"-291.9446";"-80.51392";"-33.29865";"-230.8135";"-56.86334";"-82.03894";"-291.9446";"-80.51392";"-33.29865"
"9209.2";"-230.7858";"-56.8493";"-82.03894";"-291.9446";"-80.50519";"-33.2937";"-230.7858";"-56.8493";"-82.03894";"-291.9446";"-80.50519";"-33.2937"
"9217.542";"-230.7634";"-56.85431";"-82.03894";"-291.9446";"-80.4574";"-33.30841";"-230.7634";"-56.85431";"-82.03894";"-291.9446";"-80.4574";"-33.30841"
"9225.884";"-230.7481";"-56.83594";"-82.03894";"-291.9446";"-80.46014";"-33.33087";"-230.7481";"-56.83594";"-82.03894";"-291.9446";"-80.46014";"-33.33087"
"9234.225";"-230.7047";"-56.8421";"-82.03894";"-291.9446";"-80.41443";"-33.34869";"-230.7047";"-56.8421";"-82.03894";"-291.9446";"-80.41443";"-33.34869"
"9242.566";"-230.6866";"-56.81006";"-82.03894";"-291.9446";"-80.39203";"-33.34888";"-230.6866";"-56.81006";"-82.03894";"-291.9446";"-80.39203";"-33.34888"
"9250.908";"-230.6478";"-56.79669";"-82.03894";"-291.9446";"-80.35529";"-33.36322";"-230.6478";"-56.79669";"-82.03894";"-291.9446";"-80.35529";"-33.36322"
"9259.25";"-230.616";"-56.81763";"-82.03894";"-291.9446";"-80.32257";"-33.36365";"-230.616";"-56.81763";"-82.03894";"-291.9446";"-80.32257";"-33.36365"
"9267.592";"-230.6146";"-56.80798";"-82.03894";"-291.9446";"-80.28613";"-33.36707";"-230.6146";"-56.80798";"-82.03894";"-291.9446";"-80.28613";"-33.36707"
"9275.934";"-230.5743";"-56.7981";"-82.03894";"-291.9446";"-80.27612";"-33.38562";"-230.5743";"-56.7981";"-82.03894";"-291.9446";"-80.27612";"-33.38562"
"9284.275";"-230.5707";"-56.78796";"-82.03894";"-291.9446";"-80.24323";"-33.40918";"-230.5707";"-56.78796";"-82.03894";"-291.9446";"-80.24323";"-33.40918"
"9292.616";"-230.5027";"-56.77539";"-82.03894";"-291.9446";"-80.22021";"-33.39978";"-230.5027";"-56.77539";"-82.03894";"-291.9446";"-80.22021";"-33.39978"
"9300.958";"-230.4916";"-56.5614";"-82.03894";"-291.9446";"-80.19055";"-33.42694";"-230.4916";"-56.5614";"-82.03894";"-291.9446";"-80.19055";"-33.42694"
"9309.3";"-230.4802";"-56.52423";"-82.03894";"-291.9446";"-80.17651";"-33.43695";"-230.4802";"-56.52423";"-82.03894";"-291.9446";"-80.17651";"-33.43695"
"9317.642";"-230.4663";"-56.50598";"-82.03894";"-291.9446";"-80.14282";"-33.44781";"-230.4663";"-56.50598";"-82.03894";"-291.9446";"-80.14282";"-33.44781"
"9325.983";"-230.4495";"-56.5174";"-82.03894";"-291.9446";"-80.10925";"-33.4577";"-230.4495";"-56.5174";"-82.03894";"-291.9446";"-80.10925";"-33.4577"
"9334.325";"-230.4448";"-56.50153";"-82.03894";"-291.9446";"-80.06555";"-33.479";"-230.4448";"-56.50153";"-82.03894";"-291.9446";"-80.06555";"-33.479"
"9342.667";"-230.2518";"-56.49774";"-82.03894";"-291.9446";"-80.06458";"-33.49493";"-230.2518";"-56.49774";"-82.03894";"-291.9446";"-80.06458";"-33.49493"
"9351.009";"-230.2272";"-56.4939";"-82.03894";"-291.9446";"-80.03064";"-33.49695";"-230.2272";"-56.4939";"-82.03894";"-291.9446";"-80.03064";"-33.49695"
"9359.35";"-230.2084";"-56.48755";"-82.03894";"-291.9446";"-79.99994";"-33.50958";"-230.2084";"-56.48755";"-82.03894";"-291.9446";"-79.99994";"-33.50958"
"9367.691";"-230.1915";"-56.48126";"-82.03894";"-291.9446";"-80.01001";"-33.51483";"-230.1915";"-56.48126";"-82.03894";"-291.9446";"-80.01001";"-33.51483"
"9376.033";"-230.1647";"-56.48602";"-82.03894";"-291.9446";"-79.93378";"-33.53979";"-230.1647";"-56.48602";"-82.03894";"-291.9446";"-79.93378";"-33.53979"
"9384.375";"-230.1086";"-56.46381";"-82.03894";"-291.9446";"-79.8634";"-33.54468";"-230.1086";"-56.46381";"-82.03894";"-291.9446";"-79.8634";"-33.54468"
"9392.717";"-230.0971";"-56.47095";"-82.03894";"-291.9446";"-79.85498";"-33.54962";"-230.0971";"-56.47095";"-82.03894";"-291.9446";"-79.85498";"-33.54962"
"9401.059";"-230.0975";"-56.44525";"-82.03894";"-291.9446";"-79.86505";"-33.55505";"-230.0975";"-56.44525";"-82.03894";"-291.9446";"-79.86505";"-33.55505"
"9409.4";"-230.0714";"-56.4624";"-82.03894";"-291.9446";"-79.82733";"-33.59534";"-230.0714";"-56.4624";"-82.03894";"-291.9446";"-79.82733";"-33.59534"
"9417.741";"-230.0495";"-56.45642";"-82.03894";"-291.9446";"-79.81244";"-33.58771";"-230.0495";"-56.45642";"-82.03894";"-291.9446";"-79.81244";"-33.58771"
"9426.083";"-230.0126";"-56.44995";"-82.03894";"-291.9446";"-79.77655";"-33.6283";"-230.0126";"-56.44995";"-82.03894";"-291.9446";"-79.77655";"-33.6283"
"9434.425";"-230.0045";"-56.43378";"-82.03894";"-291.9446";"-79.75928";"-33.63599";"-230.0045";"-56.43378";"-82.03894";"-291.9446";"-79.75928";"-33.63599"
"9442.767";"-229.9929";"-56.43774";"-82.03894";"-291.9446";"-79.74603";"-33.64471";"-229.9929";"-56.43774";"-82.03894";"-291.9446";"-79.74603";"-33.64471"
"9451.108";"-229.9857";"-56.43353";"-82.03894";"-291.9446";"-79.72845";"-33.64777";"-229.9857";"-56.43353";"-82.03894";"-291.9446";"-79.72845";"-33.64777"
"9459.45";"-229.9653";"-56.42181";"-82.03894";"-291.9446";"-79.69214";"-33.66632";"-229.9653";"-56.42181";"-82.03894";"-291.9446";"-79.69214";"-33.66632"
"9467.792";"-229.9271";"-56.4162";"-82.03894";"-291.9446";"-79.64441";"-33.67712";"-229.9271";"-56.4162";"-82.03894";"-291.9446";"-79.64441";"-33.67712"
"9476.134";"-229.9103";"-56.41217";"-82.03894";"-291.9446";"-79.62378";"-33.69727";"-229.9103";"-56.41217";"-82.03894";"-291.9446";"-79.62378";"-33.69727"
"9484.475";"-229.8986";"-56.39105";"-82.03894";"-291.9446";"-79.61108";"-33.70349";"-229.8986";"-56.39105";"-82.03894";"-291.9446";"-79.61108";"-33.70349"
"9492.816";"-229.8418";"-56.40509";"-82.03894";"-291.9446";"-79.57214";"-33.73895";"-229.8418";"-56.40509";"-82.03894";"-291.9446";"-79.57214";"-33.73895"
"9501.158";"-229.823";"-56.39807";"-82.03894";"-291.9446";"-79.54504";"-33.74103";"-229.823";"-56.39807";"-82.03894";"-291.9446";"-79.54504";"-33.74103"
"9509.5";"-229.7908";"-56.39008";"-82.03894";"-291.9446";"-79.50787";"-33.75153";"-229.7908";"-56.39008";"-82.03894";"-291.9446";"-79.50787";"-33.75153"
"9517.842";"-229.789";"-56.38641";"-82.03894";"-291.9446";"-79.50037";"-33.76379";"-229.789";"-56.38641";"-82.03894";"-291.9446";"-79.50037";"-33.76379"
"9526.184";"-229.7529";"-56.38214";"-82.03894";"-291.9446";"-79.47913";"-33.76868";"-229.7529";"-56.38214";"-82.03894";"-291.9446";"-79.47913";"-33.76868"
"9534.525";"-229.7153";"-56.39215";"-82.03894";"-291.9446";"-79.4577";"-33.78015";"-229.7153";"-56.39215";"-82.03894";"-291.9446";"-79.4577";"-33.78015"
"9542.866";"-229.694";"-56.38324";"-82.03894";"-291.9446";"-79.39166";"-33.79504";"-229.694";"-56.38324";"-82.03894";"-291.9446";"-79.39166";"-33.79504"
"9551.208";"-229.6798";"-56.38995";"-82.03894";"-291.9446";"-79.36877";"-33.80585";"-229.6798";"-56.38995";"-82.03894";"-291.9446";"-79.36877";"-33.80585"
"9559.55";"-229.669";"-56.37598";"-82.03894";"-291.9446";"-79.36554";"-33.80511";"-229.669";"-56.37598";"-82.03894";"-291.9446";"-79.36554";"-33.80511"
"9567.892";"-229.6299";"-56.38397";"-82.03894";"-291.9446";"-79.29993";"-33.83667";"-229.6299";"-56.38397";"-82.03894";"-291.9446";"-79.29993";"-33.83667"
"9576.233";"-229.6021";"-56.37421";"-82.03894";"-291.9446";"-79.26514";"-33.87097";"-229.6021";"-56.37421";"-82.03894";"-291.9446";"-79.26514";"-33.87097"
"9584.575";"-229.5673";"-56.3833";"-82.03894";"-291.9446";"-79.25995";"-33.8609";"-229.5673";"-56.3833";"-82.03894";"-291.9446";"-79.25995";"-33.8609"
"9592.917";"-229.5487";"-56.3595";"-82.03894";"-291.9446";"-79.24683";"-33.86133";"-229.5487";"-56.3595";"-82.03894";"-291.9446";"-79.24683";"-33.86133"
"9601.259";"-229.5247";"-56.3631";"-82.03894";"-291.9446";"-79.20441";"-33.8869";"-229.5247";"-56.3631";"-82.03894";"-291.9446";"-79.20441";"-33.8869"
"9609.6";"-229.5119";"-56.35846";"-82.03894";"-291.9446";"-79.20648";"-33.86755";"-229.5119";"-56.35846";"-82.03894";"-291.9446";"-79.20648";"-33.86755"
"9617.941";"-229.4943";"-56.20807";"-82.03894";"-291.9446";"-79.18286";"-33.87952";"-229.4943";"-56.20807";"-82.03894";"-291.9446";"-79.18286";"-33.87952"
"9626.283";"-229.4589";"-56.19177";"-82.03894";"-291.9446";"-79.14264";"-33.89856";"-229.4589";"-56.19177";"-82.03894";"-291.9446";"-79.14264";"-33.89856"
"9634.625";"-229.4382";"-56.19696";"-82.03894";"-291.9446";"-79.10535";"-33.89587";"-229.4382";"-56.19696";"-82.03894";"-291.9446";"-79.10535";"-33.89587"
"9642.967";"-229.4351";"-56.17731";"-82.03894";"-291.9446";"-79.09863";"-33.88849";"-229.4351";"-56.17731";"-82.03894";"-291.9446";"-79.09863";"-33.88849"
"9651.309";"-229.4245";"-56.1853";"-82.03894";"-291.9446";"-79.04395";"-33.90729";"-229.4245";"-56.1853";"-82.03894";"-291.9446";"-79.04395";"-33.90729"
"9659.65";"-229.3939";"-56.17096";"-82.03894";"-291.9446";"-79.00928";"-33.9259";"-229.3939";"-56.17096";"-82.03894";"-291.9446";"-79.00928";"-33.9259"
"9667.991";"-229.3739";"-56.17389";"-82.03894";"-291.9446";"-78.9826";"-33.93335";"-229.3739";"-56.17389";"-82.03894";"-291.9446";"-78.9826";"-33.93335"
"9676.333";"-229.3467";"-56.16052";"-82.03894";"-291.9446";"-78.94415";"-33.95697";"-229.3467";"-56.16052";"-82.03894";"-291.9446";"-78.94415";"-33.95697"
"9684.675";"-229.3373";"-56.15808";"-82.03894";"-291.9446";"-78.9209";"-33.95544";"-229.3373";"-56.15808";"-82.03894";"-291.9446";"-78.9209";"-33.95544"
"9693.017";"-229.3273";"-56.16681";"-82.03894";"-291.9446";"-78.90662";"-33.99103";"-229.3273";"-56.16681";"-82.03894";"-291.9446";"-78.90662";"-33.99103"
"9701.358";"-229.3363";"-56.1626";"-82.03894";"-291.9446";"-78.88177";"-33.97968";"-229.3363";"-56.1626";"-82.03894";"-291.9446";"-78.88177";"-33.97968"
"9709.7";"-229.3157";"-56.15741";"-82.03894";"-291.9446";"-78.86627";"-33.98187";"-229.3157";"-56.15741";"-82.03894";"-291.9446";"-78.86627";"-33.98187"
"9718.042";"-229.3058";"-56.14917";"-82.03894";"-291.9446";"-78.84698";"-33.98743";"-229.3058";"-56.14917";"-82.03894";"-291.9446";"-78.84698";"-33.98743"
"9726.384";"-229.2473";"-56.1369";"-82.03894";"-291.9446";"-78.81085";"-34.00916";"-229.2473";"-56.1369";"-82.03894";"-291.9446";"-78.81085";"-34.00916"
"9734.725";"-229.2386";"-56.13007";"-82.03894";"-291.9446";"-78.80176";"-34.02179";"-229.2386";"-56.13007";"-82.03894";"-291.9446";"-78.80176";"-34.02179"
"9743.066";"-229.2145";"-56.13397";"-82.03894";"-291.9446";"-78.79321";"-34.03058";"-229.2145";"-56.13397";"-82.03894";"-291.9446";"-78.79321";"-34.03058"
"9751.408";"-229.1882";"-56.13409";"-82.03894";"-291.9446";"-78.76813";"-34.04254";"-229.1882";"-56.13409";"-82.03894";"-291.9446";"-78.76813";"-34.04254"
"9759.75";"-229.1724";"-56.1189";"-82.03894";"-291.9446";"-78.72888";"-34.04413";"-229.1724";"-56.1189";"-82.03894";"-291.9446";"-78.72888";"-34.04413"
"9768.092";"-229.1496";"-56.12604";"-82.03894";"-291.9446";"-78.70905";"-34.05157";"-229.1496";"-56.12604";"-82.03894";"-291.9446";"-78.70905";"-34.05157"
"9776.434";"-229.1324";"-56.12292";"-82.03894";"-291.9446";"-78.67963";"-34.07379";"-229.1324";"-56.12292";"-82.03894";"-291.9446";"-78.67963";"-34.07379"
"9784.775";"-229.1041";"-56.10864";"-82.03894";"-291.9446";"-78.62769";"-34.0567";"-229.1041";"-56.10864";"-82.03894";"-291.9446";"-78.62769";"-34.0567"
"9793.116";"-229.0815";"-56.1131";"-82.03894";"-291.9446";"-78.62024";"-34.08643";"-229.0815";"-56.1131";"-82.03894";"-291.9446";"-78.62024";"-34.08643"
"9801.458";"-229.0763";"-56.12006";"-82.03894";"-291.9446";"-78.55029";"-34.08368";"-229.0763";"-56.12006";"-82.03894";"-291.9446";"-78.55029";"-34.08368"
"9809.8";"-229.0297";"-56.10254";"-82.03894";"-291.9446";"-78.55908";"-34.07465";"-229.0297";"-56.10254";"-82.03894";"-291.9446";"-78.55908";"-34.07465"
"9818.142";"-229.0293";"-56.10156";"-82.03894";"-291.9446";"-78.52649";"-34.09662";"-229.0293";"-56.10156";"-82.03894";"-291.9446";"-78.52649";"-34.09662"
"9826.483";"-228.9996";"-56.10315";"-82.03894";"-291.9446";"-78.48315";"-34.11755";"-228.9996";"-56.10315";"-82.03894";"-291.9446";"-78.48315";"-34.11755"
"9834.825";"-228.9838";"-56.10382";"-82.03894";"-291.9446";"-78.45093";"-34.11609";"-228.9838";"-56.10382";"-82.03894";"-291.9446";"-78.45093";"-34.11609"
"9843.167";"-228.9554";"-56.09369";"-82.03894";"-291.9446";"-78.44116";"-34.11084";"-228.9554";"-56.09369";"-82.03894";"-291.9446";"-78.44116";"-34.11084"
"9851.509";"-228.9465";"-56.08057";"-82.03894";"-291.9446";"-78.42285";"-34.11145";"-228.9465";"-56.08057";"-82.03894";"-291.9446";"-78.42285";"-34.11145"
"9859.85";"-228.9127";"-56.09821";"-82.03894";"-291.9446";"-78.38849";"-34.12457";"-228.9127";"-56.09821";"-82.03894";"-291.9446";"-78.38849";"-34.12457"
"9868.191";"-228.8961";"-56.099";"-82.03894";"-291.9446";"-78.3335";"-34.13159";"-228.8961";"-56.099";"-82.03894";"-291.9446";"-78.3335";"-34.13159"
"9876.533";"-228.7717";"-56.08124";"-82.03894";"-291.9446";"-78.33148";"-34.14569";"-228.7717";"-56.08124";"-82.03894";"-291.9446";"-78.33148";"-34.14569"
"9884.875";"-228.7693";"-56.06976";"-82.03894";"-291.9446";"-78.31403";"-34.15582";"-228.7693";"-56.06976";"-82.03894";"-291.9446";"-78.31403";"-34.15582"
"9893.217";"-228.7109";"-56.1084";"-82.03894";"-291.9446";"-78.24164";"-34.15863";"-228.7109";"-56.1084";"-82.03894";"-291.9446";"-78.24164";"-34.15863"
"9901.559";"-228.7059";"-56.11255";"-82.03894";"-291.9446";"-78.22217";"-34.17621";"-228.7059";"-56.11255";"-82.03894";"-291.9446";"-78.22217";"-34.17621"
"9909.9";"-228.689";"-56.09229";"-82.03894";"-291.9446";"-78.18585";"-34.17554";"-228.689";"-56.09229";"-82.03894";"-291.9446";"-78.18585";"-34.17554"
"9918.241";"-228.6764";"-56.09729";"-82.03894";"-291.9446";"-78.17969";"-34.20593";"-228.6764";"-56.09729";"-82.03894";"-291.9446";"-78.17969";"-34.20593"
"9926.583";"-228.6617";"-56.08258";"-82.03894";"-291.9446";"-78.16663";"-34.19897";"-228.6617";"-56.08258";"-82.03894";"-291.9446";"-78.16663";"-34.19897"
"9934.925";"-228.6178";"-56.09509";"-82.03894";"-291.9446";"-78.14673";"-34.20319";"-228.6178";"-56.09509";"-82.03894";"-291.9446";"-78.14673";"-34.20319"
"9943.267";"-228.6195";"-56.0943";"-82.03894";"-291.9446";"-78.04999";"-34.2373";"-228.6195";"-56.0943";"-82.03894";"-291.9446";"-78.04999";"-34.2373"
"9951.608";"-228.6076";"-56.07935";"-82.03894";"-291.9446";"-78.05261";"-34.22089";"-228.6076";"-56.07935";"-82.03894";"-291.9446";"-78.05261";"-34.22089"
"9959.95";"-228.5645";"-56.09637";"-82.03894";"-291.9446";"-78.0285";"-34.23407";"-228.5645";"-56.09637";"-82.03894";"-291.9446";"-78.0285";"-34.23407"
"9968.292";"-228.5273";"-56.09479";"-82.03894";"-291.9446";"-78.01672";"-34.23389";"-228.5273";"-56.09479";"-82.03894";"-291.9446";"-78.01672";"-34.23389"
"9976.634";"-228.4713";"-55.91071";"-82.03894";"-291.9446";"-77.96844";"-34.25616";"-228.4713";"-55.91071";"-82.03894";"-291.9446";"-77.96844";"-34.25616"
"9984.975";"-228.4648";"-55.92688";"-82.03894";"-291.9446";"-77.94745";"-34.25366";"-228.4648";"-55.92688";"-82.03894";"-291.9446";"-77.94745";"-34.25366"
"9993.316";"-228.4347";"-55.91113";"-82.03894";"-291.9446";"-77.94617";"-34.27228";"-228.4347";"-55.91113";"-82.03894";"-291.9446";"-77.94617";"-34.27228"
"10001.66";"-228.4185";"-55.90741";"-82.03894";"-291.9446";"-77.90631";"-34.28015";"-228.4185";"-55.90741";"-82.03894";"-291.9446";"-77.90631";"-34.28015"
"10010";"-228.3953";"-55.91492";"-82.03894";"-291.9446";"-77.85645";"-34.30121";"-228.3953";"-55.91492";"-82.03894";"-291.9446";"-77.85645";"-34.30121"
"10018.34";"-228.3555";"-55.90283";"-82.03894";"-291.9446";"-77.85858";"-34.29773";"-228.3555";"-55.90283";"-82.03894";"-291.9446";"-77.85858";"-34.29773"
"10026.68";"-228.3303";"-55.89056";"-82.03894";"-291.9446";"-77.81024";"-34.30969";"-228.3303";"-55.89056";"-82.03894";"-291.9446";"-77.81024";"-34.30969"
"10035.03";"-228.2902";"-55.88336";"-82.03894";"-291.9446";"-77.74524";"-34.30829";"-228.2902";"-55.88336";"-82.03894";"-291.9446";"-77.74524";"-34.30829"
"10043.37";"-228.2933";"-55.89819";"-82.03894";"-291.9446";"-77.73969";"-34.28632";"-228.2933";"-55.89819";"-82.03894";"-291.9446";"-77.73969";"-34.28632"
"10051.71";"-228.2653";"-55.88916";"-82.03894";"-291.9446";"-77.72662";"-34.28918";"-228.2653";"-55.88916";"-82.03894";"-291.9446";"-77.72662";"-34.28918"
"10060.05";"-228.2466";"-55.88452";"-82.03894";"-291.9446";"-77.70227";"-34.315";"-228.2466";"-55.88452";"-82.03894";"-291.9446";"-77.70227";"-34.315"
"10068.39";"-228.2291";"-55.87225";"-82.03894";"-291.9446";"-77.68469";"-34.32819";"-228.2291";"-55.87225";"-82.03894";"-291.9446";"-77.68469";"-34.32819"
"10076.73";"-228.2186";"-55.86877";"-82.03894";"-291.9446";"-77.61987";"-34.35364";"-228.2186";"-55.86877";"-82.03894";"-291.9446";"-77.61987";"-34.35364"
"10085.08";"-228.1961";"-55.84711";"-82.03894";"-291.9446";"-77.60834";"-34.35461";"-228.1961";"-55.84711";"-82.03894";"-291.9446";"-77.60834";"-34.35461"
"10093.42";"-228.1778";"-55.8573";"-82.03894";"-291.9446";"-77.58936";"-34.35583";"-228.1778";"-55.8573";"-82.03894";"-291.9446";"-77.58936";"-34.35583"
"10101.76";"-228.1277";"-55.84485";"-82.03894";"-291.9446";"-77.57135";"-34.35553";"-228.1277";"-55.84485";"-82.03894";"-291.9446";"-77.57135";"-34.35553"
"10110.1";"-228.0924";"-55.84296";"-82.03894";"-291.9446";"-77.57458";"-34.37689";"-228.0924";"-55.84296";"-82.03894";"-291.9446";"-77.57458";"-34.37689"
"10118.44";"-228.087";"-55.84314";"-82.03894";"-291.9446";"-77.5434";"-34.37921";"-228.087";"-55.84314";"-82.03894";"-291.9446";"-77.5434";"-34.37921"
"10126.78";"-228.0479";"-55.83228";"-82.03894";"-291.9446";"-77.4967";"-34.40942";"-228.0479";"-55.83228";"-82.03894";"-291.9446";"-77.4967";"-34.40942"
"10135.13";"-228.0346";"-55.84167";"-82.03894";"-291.9446";"-77.45929";"-34.3924";"-228.0346";"-55.84167";"-82.03894";"-291.9446";"-77.45929";"-34.3924"
"10143.47";"-228.0308";"-55.82544";"-82.03894";"-291.9446";"-77.46796";"-34.43097";"-228.0308";"-55.82544";"-82.03894";"-291.9446";"-77.46796";"-34.43097"
"10151.81";"-227.9825";"-55.82111";"-82.03894";"-291.9446";"-77.43353";"-34.4295";"-227.9825";"-55.82111";"-82.03894";"-291.9446";"-77.43353";"-34.4295"
"10160.15";"-227.9214";"-55.84064";"-82.03894";"-291.9446";"-77.38977";"-34.46356";"-227.9214";"-55.84064";"-82.03894";"-291.9446";"-77.38977";"-34.46356"
"10168.49";"-227.915";"-55.82678";"-82.03894";"-291.9446";"-77.383";"-34.46832";"-227.915";"-55.82678";"-82.03894";"-291.9446";"-77.383";"-34.46832"
"10176.83";"-227.8585";"-55.82642";"-82.03894";"-291.9446";"-77.28113";"-34.46179";"-227.8585";"-55.82642";"-82.03894";"-291.9446";"-77.28113";"-34.46179"
"10185.17";"-227.8596";"-55.82648";"-82.03894";"-291.9446";"-77.26379";"-34.46948";"-227.8596";"-55.82648";"-82.03894";"-291.9446";"-77.26379";"-34.46948"
"10193.52";"-227.8377";"-55.79517";"-82.03894";"-291.9446";"-77.25452";"-34.47296";"-227.8377";"-55.79517";"-82.03894";"-291.9446";"-77.25452";"-34.47296"
"10201.86";"-227.8191";"-55.80341";"-82.03894";"-291.9446";"-77.25104";"-34.48016";"-227.8191";"-55.80341";"-82.03894";"-291.9446";"-77.25104";"-34.48016"
"10210.2";"-227.7838";"-55.81219";"-82.03894";"-291.9446";"-77.20538";"-34.48877";"-227.7838";"-55.81219";"-82.03894";"-291.9446";"-77.20538";"-34.48877"
"10218.54";"-227.7542";"-55.80475";"-82.03894";"-291.9446";"-77.1991";"-34.49377";"-227.7542";"-55.80475";"-82.03894";"-291.9446";"-77.1991";"-34.49377"
"10226.88";"-227.7175";"-55.8114";"-82.03894";"-291.9446";"-77.1272";"-34.49841";"-227.7175";"-55.8114";"-82.03894";"-291.9446";"-77.1272";"-34.49841"
"10235.22";"-227.7151";"-55.80548";"-82.03894";"-291.9446";"-77.11932";"-34.50848";"-227.7151";"-55.80548";"-82.03894";"-291.9446";"-77.11932";"-34.50848"
"10243.57";"-227.6676";"-55.78076";"-82.03894";"-291.9446";"-77.05829";"-34.53296";"-227.6676";"-55.78076";"-82.03894";"-291.9446";"-77.05829";"-34.53296"
"10251.91";"-227.66";"-55.76007";"-82.03894";"-291.9446";"-77.03619";"-34.55023";"-227.66";"-55.76007";"-82.03894";"-291.9446";"-77.03619";"-34.55023"
"10260.25";"-227.6189";"-55.76642";"-82.03894";"-291.9446";"-77.00214";"-34.57477";"-227.6189";"-55.76642";"-82.03894";"-291.9446";"-77.00214";"-34.57477"
"10268.59";"-227.5859";"-55.74927";"-82.03894";"-291.9446";"-76.98615";"-34.58563";"-227.5859";"-55.74927";"-82.03894";"-291.9446";"-76.98615";"-34.58563"
"10276.93";"-227.5451";"-55.76678";"-82.03894";"-291.9446";"-76.96362";"-34.59595";"-227.5451";"-55.76678";"-82.03894";"-291.9446";"-76.96362";"-34.59595"
"10285.28";"-227.5465";"-55.7525";"-82.03894";"-291.9446";"-76.93103";"-34.60132";"-227.5465";"-55.7525";"-82.03894";"-291.9446";"-76.93103";"-34.60132"
"10293.62";"-227.4975";"-55.54938";"-82.03894";"-291.9446";"-76.88611";"-34.60724";"-227.4975";"-55.54938";"-82.03894";"-291.9446";"-76.88611";"-34.60724"
"10301.96";"-227.4952";"-55.51593";"-82.03894";"-291.9446";"-76.88855";"-34.6181";"-227.4952";"-55.51593";"-82.03894";"-291.9446";"-76.88855";"-34.6181"
"10310.3";"-227.4618";"-55.53766";"-82.03894";"-291.9446";"-76.84619";"-34.66095";"-227.4618";"-55.53766";"-82.03894";"-291.9446";"-76.84619";"-34.66095"
"10318.64";"-227.4377";"-55.51434";"-82.03894";"-291.9446";"-76.80914";"-34.67133";"-227.4377";"-55.51434";"-82.03894";"-291.9446";"-76.80914";"-34.67133"
"10326.98";"-227.4042";"-55.50128";"-82.03894";"-291.9446";"-76.81635";"-34.65887";"-227.4042";"-55.50128";"-82.03894";"-291.9446";"-76.81635";"-34.65887"
"10335.33";"-227.2493";"-55.49945";"-82.03894";"-291.9446";"-76.78436";"-34.66663";"-227.2493";"-55.49945";"-82.03894";"-291.9446";"-76.78436";"-34.66663"
"10343.67";"-227.3568";"-55.52643";"-82.03894";"-291.9446";"-76.74658";"-34.67926";"-227.3568";"-55.52643";"-82.03894";"-291.9446";"-76.74658";"-34.67926"
"10352.01";"-227.2074";"-55.48883";"-82.03894";"-291.9446";"-76.72516";"-34.68317";"-227.2074";"-55.48883";"-82.03894";"-291.9446";"-76.72516";"-34.68317"
"10360.35";"-227.1822";"-55.49133";"-82.03894";"-291.9446";"-76.69135";"-34.72815";"-227.1822";"-55.49133";"-82.03894";"-291.9446";"-76.69135";"-34.72815"
"10368.69";"-227.3073";"-55.52551";"-82.03894";"-291.9446";"-76.646";"-34.73358";"-227.3073";"-55.52551";"-82.03894";"-291.9446";"-76.646";"-34.73358"
"10377.03";"-227.1488";"-55.47577";"-82.03894";"-291.9446";"-76.64307";"-34.73541";"-227.1488";"-55.47577";"-82.03894";"-291.9446";"-76.64307";"-34.73541"
"10385.38";"-227.0639";"-55.48077";"-82.03894";"-291.9446";"-76.55981";"-34.75964";"-227.0639";"-55.48077";"-82.03894";"-291.9446";"-76.55981";"-34.75964"
"10393.72";"-227.0638";"-55.47736";"-82.03894";"-291.9446";"-76.54132";"-34.77948";"-227.0638";"-55.47736";"-82.03894";"-291.9446";"-76.54132";"-34.77948"
"10402.06";"-227.0543";"-55.47058";"-82.03894";"-291.9446";"-76.54718";"-34.78693";"-227.0543";"-55.47058";"-82.03894";"-291.9446";"-76.54718";"-34.78693"
"10410.4";"-227.0409";"-55.46606";"-82.03894";"-291.9446";"-76.50458";"-34.77869";"-227.0409";"-55.46606";"-82.03894";"-291.9446";"-76.50458";"-34.77869"
"10418.74";"-227.0173";"-55.47205";"-82.03894";"-291.9446";"-76.49744";"-34.78381";"-227.0173";"-55.47205";"-82.03894";"-291.9446";"-76.49744";"-34.78381"
"10427.08";"-226.9891";"-55.47583";"-82.03894";"-291.9446";"-76.45502";"-34.80084";"-226.9891";"-55.47583";"-82.03894";"-291.9446";"-76.45502";"-34.80084"
"10435.42";"-226.9794";"-55.46155";"-82.03894";"-291.9446";"-76.40845";"-34.81653";"-226.9794";"-55.46155";"-82.03894";"-291.9446";"-76.40845";"-34.81653"
"10443.77";"-226.9376";"-55.46063";"-82.03894";"-291.9446";"-76.42169";"-34.80511";"-226.9376";"-55.46063";"-82.03894";"-291.9446";"-76.42169";"-34.80511"
"10452.11";"-226.9217";"-55.45502";"-82.03894";"-291.9446";"-76.39294";"-34.80676";"-226.9217";"-55.45502";"-82.03894";"-291.9446";"-76.39294";"-34.80676"
"10460.45";"-226.8972";"-55.43579";"-82.03894";"-291.9446";"-76.36737";"-34.8158";"-226.8972";"-55.43579";"-82.03894";"-291.9446";"-76.36737";"-34.8158"
"10468.79";"-226.8808";"-55.42334";"-82.03894";"-291.9446";"-76.31934";"-34.84912";"-226.8808";"-55.42334";"-82.03894";"-291.9446";"-76.31934";"-34.84912"
"10477.13";"-226.8635";"-55.42047";"-82.03894";"-291.9446";"-76.29639";"-34.85388";"-226.8635";"-55.42047";"-82.03894";"-291.9446";"-76.29639";"-34.85388"
"10485.47";"-226.848";"-55.41174";"-82.03894";"-291.9446";"-76.30457";"-34.84753";"-226.848";"-55.41174";"-82.03894";"-291.9446";"-76.30457";"-34.84753"
"10493.82";"-226.814";"-55.40509";"-82.03894";"-291.9446";"-76.24414";"-34.86542";"-226.814";"-55.40509";"-82.03894";"-291.9446";"-76.24414";"-34.86542"
"10502.16";"-226.8018";"-55.40198";"-82.03894";"-291.9446";"-76.2373";"-34.87744";"-226.8018";"-55.40198";"-82.03894";"-291.9446";"-76.2373";"-34.87744"
"10510.5";"-226.7604";"-55.37756";"-82.03894";"-291.9446";"-76.18976";"-34.89697";"-226.7604";"-55.37756";"-82.03894";"-291.9446";"-76.18976";"-34.89697"
"10518.84";"-226.7228";"-55.38831";"-82.03894";"-291.9446";"-76.15186";"-34.89307";"-226.7228";"-55.38831";"-82.03894";"-291.9446";"-76.15186";"-34.89307"
"10527.18";"-226.6857";"-55.37347";"-82.03894";"-291.9446";"-76.1684";"-34.90894";"-226.6857";"-55.37347";"-82.03894";"-291.9446";"-76.1684";"-34.90894"
"10535.53";"-226.6597";"-55.35443";"-82.03894";"-291.9446";"-76.117";"-34.9339";"-226.6597";"-55.35443";"-82.03894";"-291.9446";"-76.117";"-34.9339"
"10543.87";"-226.6272";"-55.35651";"-82.03894";"-291.9446";"-76.08978";"-34.95496";"-226.6272";"-55.35651";"-82.03894";"-291.9446";"-76.08978";"-34.95496"
"10552.21";"-226.5878";"-55.3504";"-82.03894";"-291.9446";"-76.05615";"-34.95825";"-226.5878";"-55.3504";"-82.03894";"-291.9446";"-76.05615";"-34.95825"
"10560.55";"-226.6011";"-55.34338";"-82.03894";"-291.9446";"-76.08289";"-34.95276";"-226.6011";"-55.34338";"-82.03894";"-291.9446";"-76.08289";"-34.95276"
"10568.89";"-226.5315";"-55.36261";"-82.03894";"-291.9446";"-76.04456";"-34.95825";"-226.5315";"-55.36261";"-82.03894";"-291.9446";"-76.04456";"-34.95825"
"10577.23";"-226.5203";"-55.33765";"-82.03894";"-291.9446";"-75.99536";"-34.9809";"-226.5203";"-55.33765";"-82.03894";"-291.9446";"-75.99536";"-34.9809"
"10585.58";"-226.4987";"-55.21509";"-82.03894";"-291.9446";"-75.96484";"-34.99164";"-226.4987";"-55.21509";"-82.03894";"-291.9446";"-75.96484";"-34.99164"
"10593.92";"-226.4602";"-55.20123";"-82.03894";"-291.9446";"-75.94568";"-34.97491";"-226.4602";"-55.20123";"-82.03894";"-291.9446";"-75.94568";"-34.97491"
"10602.26";"-226.4474";"-55.19434";"-82.03894";"-291.9446";"-75.91339";"-34.97479";"-226.4474";"-55.19434";"-82.03894";"-291.9446";"-75.91339";"-34.97479"
"10610.6";"-226.4303";"-55.19684";"-82.03894";"-291.9446";"-75.88397";"-34.98846";"-226.4303";"-55.19684";"-82.03894";"-291.9446";"-75.88397";"-34.98846"
"10618.94";"-226.4089";"-55.18079";"-82.03894";"-291.9446";"-75.86475";"-34.98993";"-226.4089";"-55.18079";"-82.03894";"-291.9446";"-75.86475";"-34.98993"
"10627.28";"-226.3981";"-55.15576";"-82.03894";"-291.9446";"-75.85693";"-35.00958";"-226.3981";"-55.15576";"-82.03894";"-291.9446";"-75.85693";"-35.00958"
"10635.63";"-226.3924";"-55.14417";"-82.03894";"-291.9446";"-75.8429";"-35.02356";"-226.3924";"-55.14417";"-82.03894";"-291.9446";"-75.8429";"-35.02356"
"10643.97";"-226.3738";"-55.14716";"-82.03894";"-291.9446";"-75.78906";"-35.04407";"-226.3738";"-55.14716";"-82.03894";"-291.9446";"-75.78906";"-35.04407"
"10652.31";"-226.3492";"-55.14624";"-82.03894";"-291.9446";"-75.70953";"-35.05975";"-226.3492";"-55.14624";"-82.03894";"-291.9446";"-75.70953";"-35.05975"
"10660.65";"-226.3643";"-55.12952";"-82.03894";"-291.9446";"-75.71161";"-35.04718";"-226.3643";"-55.12952";"-82.03894";"-291.9446";"-75.71161";"-35.04718"
"10668.99";"-226.347";"-55.12122";"-82.03894";"-291.9446";"-75.7124";"-35.07446";"-226.347";"-55.12122";"-82.03894";"-291.9446";"-75.7124";"-35.07446"
"10677.33";"-226.3143";"-55.12189";"-82.03894";"-291.9446";"-75.68127";"-35.0564";"-226.3143";"-55.12189";"-82.03894";"-291.9446";"-75.68127";"-35.0564"
"10685.67";"-226.3043";"-55.10846";"-82.03894";"-291.9446";"-75.65997";"-35.08484";"-226.3043";"-55.10846";"-82.03894";"-291.9446";"-75.65997";"-35.08484"
"10694.02";"-226.2727";"-55.08679";"-82.03894";"-291.9446";"-75.62738";"-35.08978";"-226.2727";"-55.08679";"-82.03894";"-291.9446";"-75.62738";"-35.08978"
"10702.36";"-226.2548";"-55.07465";"-82.03894";"-291.9446";"-75.61285";"-35.0921";"-226.2548";"-55.07465";"-82.03894";"-291.9446";"-75.61285";"-35.0921"
"10710.7";"-226.2454";"-55.08533";"-82.03894";"-291.9446";"-75.60187";"-35.10297";"-226.2454";"-55.08533";"-82.03894";"-291.9446";"-75.60187";"-35.10297"
"10719.04";"-226.2383";"-55.08008";"-82.03894";"-291.9446";"-75.57764";"-35.10443";"-226.2383";"-55.08008";"-82.03894";"-291.9446";"-75.57764";"-35.10443"
"10727.38";"-226.2143";"-55.08032";"-82.03894";"-291.9446";"-75.56573";"-35.10876";"-226.2143";"-55.08032";"-82.03894";"-291.9446";"-75.56573";"-35.10876"
"10735.72";"-226.1995";"-55.07434";"-82.03894";"-291.9446";"-75.53784";"-35.11609";"-226.1995";"-55.07434";"-82.03894";"-291.9446";"-75.53784";"-35.11609"
"10744.07";"-226.1865";"-55.04016";"-82.03894";"-291.9446";"-75.50836";"-35.13196";"-226.1865";"-55.04016";"-82.03894";"-291.9446";"-75.50836";"-35.13196"
"10752.41";"-226.1489";"-55.03949";"-82.03894";"-291.9446";"-75.50519";"-35.1427";"-226.1489";"-55.03949";"-82.03894";"-291.9446";"-75.50519";"-35.1427"
"10760.75";"-226.1484";"-55.03345";"-82.03894";"-291.9446";"-75.44189";"-35.15991";"-226.1484";"-55.03345";"-82.03894";"-291.9446";"-75.44189";"-35.15991"
"10769.09";"-226.1145";"-55.02081";"-82.03894";"-291.9446";"-75.4068";"-35.17407";"-226.1145";"-55.02081";"-82.03894";"-291.9446";"-75.4068";"-35.17407"
"10777.43";"-226.0924";"-55.02167";"-82.03894";"-291.9446";"-75.40375";"-35.18475";"-226.0924";"-55.02167";"-82.03894";"-291.9446";"-75.40375";"-35.18475"
"10785.78";"-226.0963";"-55.01367";"-82.03894";"-291.9446";"-75.38776";"-35.18713";"-226.0963";"-55.01367";"-82.03894";"-291.9446";"-75.38776";"-35.18713"
"10794.12";"-226.0668";"-55.01764";"-82.03894";"-291.9446";"-75.35791";"-35.19867";"-226.0668";"-55.01764";"-82.03894";"-291.9446";"-75.35791";"-35.19867"
"10802.46";"-226.0434";"-55.00446";"-82.03894";"-291.9446";"-75.34125";"-35.2016";"-226.0434";"-55.00446";"-82.03894";"-291.9446";"-75.34125";"-35.2016"
"10810.8";"-225.9915";"-54.99408";"-82.03894";"-291.9446";"-75.30377";"-35.21936";"-225.9915";"-54.99408";"-82.03894";"-291.9446";"-75.30377";"-35.21936"
"10819.14";"-225.9908";"-54.98645";"-82.03894";"-291.9446";"-75.28217";"-35.23138";"-225.9908";"-54.98645";"-82.03894";"-291.9446";"-75.28217";"-35.23138"
"10827.48";"-225.9625";"-54.98065";"-82.03894";"-291.9446";"-75.23132";"-35.245";"-225.9625";"-54.98065";"-82.03894";"-291.9446";"-75.23132";"-35.245"
"10835.83";"-225.9398";"-54.96942";"-82.03894";"-291.9446";"-75.20496";"-35.24982";"-225.9398";"-54.96942";"-82.03894";"-291.9446";"-75.20496";"-35.24982"
"10844.17";"-225.9045";"-54.96564";"-82.03894";"-291.9446";"-75.1651";"-35.28003";"-225.9045";"-54.96564";"-82.03894";"-291.9446";"-75.1651";"-35.28003"
"10852.51";"-225.8901";"-54.95367";"-82.03894";"-291.9446";"-75.13672";"-35.2876";"-225.8901";"-54.95367";"-82.03894";"-291.9446";"-75.13672";"-35.2876"
"10860.85";"-225.8889";"-54.9267";"-82.03894";"-291.9446";"-75.1228";"-35.28699";"-225.8889";"-54.9267";"-82.03894";"-291.9446";"-75.1228";"-35.28699"
"10869.19";"-225.8485";"-54.90247";"-82.03894";"-291.9446";"-75.11285";"-35.29395";"-225.8485";"-54.90247";"-82.03894";"-291.9446";"-75.11285";"-35.29395"
"10877.53";"-225.8235";"-54.90729";"-82.03894";"-291.9446";"-75.08533";"-35.29425";"-225.8235";"-54.90729";"-82.03894";"-291.9446";"-75.08533";"-35.29425"
"10885.88";"-225.8002";"-54.90521";"-82.03894";"-291.9446";"-75.06207";"-35.30463";"-225.8002";"-54.90521";"-82.03894";"-291.9446";"-75.06207";"-35.30463"
"10894.22";"-225.7294";"-54.89148";"-82.03894";"-291.9446";"-75.00275";"-35.31232";"-225.7294";"-54.89148";"-82.03894";"-291.9446";"-75.00275";"-35.31232"
"10902.56";"-225.7129";"-54.8869";"-82.03894";"-291.9446";"-74.99011";"-35.33862";"-225.7129";"-54.8869";"-82.03894";"-291.9446";"-74.99011";"-35.33862"
"10910.9";"-225.696";"-54.86121";"-82.03894";"-291.9446";"-74.95825";"-35.33374";"-225.696";"-54.86121";"-82.03894";"-291.9446";"-74.95825";"-35.33374"
"10919.24";"-225.6592";"-54.86182";"-82.03894";"-291.9446";"-74.91913";"-35.3457";"-225.6592";"-54.86182";"-82.03894";"-291.9446";"-74.91913";"-35.3457"
"10927.58";"-225.648";"-54.84894";"-82.03894";"-291.9446";"-74.89648";"-35.34595";"-225.648";"-54.84894";"-82.03894";"-291.9446";"-74.89648";"-35.34595"
"10935.92";"-225.6209";"-54.8493";"-82.03894";"-291.9446";"-74.8963";"-35.3548";"-225.6209";"-54.8493";"-82.03894";"-291.9446";"-74.8963";"-35.3548"
"10944.27";"-225.605";"-54.83398";"-82.03894";"-291.9446";"-74.86493";"-35.38501";"-225.605";"-54.83398";"-82.03894";"-291.9446";"-74.86493";"-35.38501"
"10952.61";"-225.5823";"-54.82294";"-82.03894";"-291.9446";"-74.84204";"-35.38269";"-225.5823";"-54.82294";"-82.03894";"-291.9446";"-74.84204";"-35.38269"
"10960.95";"-225.5807";"-54.84338";"-82.03894";"-291.9446";"-74.81219";"-35.41882";"-225.5807";"-54.84338";"-82.03894";"-291.9446";"-74.81219";"-35.41882"
"10969.29";"-225.5402";"-54.82886";"-82.03894";"-291.9446";"-74.79437";"-35.4267";"-225.5402";"-54.82886";"-82.03894";"-291.9446";"-74.79437";"-35.4267"
"10977.63";"-225.5133";"-54.80444";"-82.03894";"-291.9446";"-74.77484";"-35.43469";"-225.5133";"-54.80444";"-82.03894";"-291.9446";"-74.77484";"-35.43469"
"10985.97";"-225.5074";"-54.80139";"-82.03894";"-291.9446";"-74.75464";"-35.43372";"-225.5074";"-54.80139";"-82.03894";"-291.9446";"-74.75464";"-35.43372"
"10994.32";"-225.478";"-54.66974";"-82.03894";"-291.9446";"-74.69952";"-35.43811";"-225.478";"-54.66974";"-82.03894";"-291.9446";"-74.69952";"-35.43811"
"11002.66";"-225.4492";"-54.64142";"-82.03894";"-291.9446";"-74.69427";"-35.43518";"-225.4492";"-54.64142";"-82.03894";"-291.9446";"-74.69427";"-35.43518"
"11011";"-225.4572";"-54.6347";"-82.03894";"-291.9446";"-74.66718";"-35.45135";"-225.4572";"-54.6347";"-82.03894";"-291.9446";"-74.66718";"-35.45135"
"11019.34";"-225.4283";"-54.59149";"-82.03894";"-291.9446";"-74.64429";"-35.45807";"-225.4283";"-54.59149";"-82.03894";"-291.9446";"-74.64429";"-35.45807"
"11027.68";"-225.4007";"-54.60785";"-82.03894";"-291.9446";"-74.62622";"-35.48236";"-225.4007";"-54.60785";"-82.03894";"-291.9446";"-74.62622";"-35.48236"
"11036.03";"-225.3887";"-54.57819";"-82.03894";"-291.9446";"-74.59644";"-35.49841";"-225.3887";"-54.57819";"-82.03894";"-291.9446";"-74.59644";"-35.49841"
"11044.37";"-225.3708";"-54.54572";"-82.03894";"-291.9446";"-74.56085";"-35.51965";"-225.3708";"-54.54572";"-82.03894";"-291.9446";"-74.56085";"-35.51965"
"11052.71";"-225.3582";"-54.53302";"-82.03894";"-291.9446";"-74.53119";"-35.53998";"-225.3582";"-54.53302";"-82.03894";"-291.9446";"-74.53119";"-35.53998"
"11061.05";"-225.2266";"-54.49939";"-82.03894";"-291.9446";"-74.55304";"-35.5368";"-225.2266";"-54.49939";"-82.03894";"-291.9446";"-74.55304";"-35.5368"
"11069.39";"-225.2025";"-54.48438";"-82.03894";"-291.9446";"-74.4906";"-35.57471";"-225.2025";"-54.48438";"-82.03894";"-291.9446";"-74.4906";"-35.57471"
"11077.73";"-225.1995";"-54.47321";"-82.03894";"-291.9446";"-74.43121";"-35.59149";"-225.1995";"-54.47321";"-82.03894";"-291.9446";"-74.43121";"-35.59149"
"11086.08";"-225.1774";"-54.46973";"-82.03894";"-291.9446";"-74.4353";"-35.59839";"-225.1774";"-54.46973";"-82.03894";"-291.9446";"-74.4353";"-35.59839"
"11094.42";"-225.1591";"-54.45465";"-82.03894";"-291.9446";"-74.37152";"-35.61035";"-225.1591";"-54.45465";"-82.03894";"-291.9446";"-74.37152";"-35.61035"
"11102.76";"-225.1413";"-54.45728";"-82.03894";"-291.9446";"-74.36066";"-35.6153";"-225.1413";"-54.45728";"-82.03894";"-291.9446";"-74.36066";"-35.6153"
"11111.1";"-225.1154";"-54.43256";"-82.03894";"-291.9446";"-74.33887";"-35.62451";"-225.1154";"-54.43256";"-82.03894";"-291.9446";"-74.33887";"-35.62451"
"11119.44";"-225.0853";"-54.43616";"-82.03894";"-291.9446";"-74.30835";"-35.68311";"-225.0853";"-54.43616";"-82.03894";"-291.9446";"-74.30835";"-35.68311"
"11127.78";"-225.0744";"-54.39661";"-82.03894";"-291.9446";"-74.29706";"-35.66968";"-225.0744";"-54.39661";"-82.03894";"-291.9446";"-74.29706";"-35.66968"
"11136.13";"-225.0643";"-54.39661";"-82.03894";"-291.9446";"-74.27228";"-35.69238";"-225.0643";"-54.39661";"-82.03894";"-291.9446";"-74.27228";"-35.69238"
"11144.47";"-225.0461";"-54.38385";"-82.03894";"-291.9446";"-74.24811";"-35.68164";"-225.0461";"-54.38385";"-82.03894";"-291.9446";"-74.24811";"-35.68164"
"11152.81";"-225.0197";"-54.38519";"-82.03894";"-291.9446";"-74.22357";"-35.69489";"-225.0197";"-54.38519";"-82.03894";"-291.9446";"-74.22357";"-35.69489"
"11161.15";"-225.0181";"-54.3822";"-82.03894";"-291.9446";"-74.17688";"-35.70612";"-225.0181";"-54.3822";"-82.03894";"-291.9446";"-74.17688";"-35.70612"
"11169.49";"-224.9642";"-54.36835";"-82.03894";"-291.9446";"-74.13416";"-35.73834";"-224.9642";"-54.36835";"-82.03894";"-291.9446";"-74.13416";"-35.73834"
"11177.83";"-224.9524";"-54.37042";"-82.03894";"-291.9446";"-74.10913";"-35.73529";"-224.9524";"-54.37042";"-82.03894";"-291.9446";"-74.10913";"-35.73529"
"11186.17";"-224.8967";"-54.35626";"-82.03894";"-291.9446";"-74.0799";"-35.71637";"-224.8967";"-54.35626";"-82.03894";"-291.9446";"-74.0799";"-35.71637"
"11194.52";"-224.8992";"-54.33832";"-82.03894";"-291.9446";"-74.0661";"-35.76062";"-224.8992";"-54.33832";"-82.03894";"-291.9446";"-74.0661";"-35.76062"
"11202.86";"-224.8657";"-54.3324";"-82.03894";"-291.9446";"-74.02924";"-35.77704";"-224.8657";"-54.3324";"-82.03894";"-291.9446";"-74.02924";"-35.77704"
"11211.2";"-224.8351";"-54.33173";"-82.03894";"-291.9446";"-74.00018";"-35.78827";"-224.8351";"-54.33173";"-82.03894";"-291.9446";"-74.00018";"-35.78827"
"11219.54";"-224.8231";"-54.3255";"-82.03894";"-291.9446";"-73.97821";"-35.8042";"-224.8231";"-54.3255";"-82.03894";"-291.9446";"-73.97821";"-35.8042"
"11227.88";"-224.8142";"-54.31384";"-82.03894";"-291.9446";"-73.98187";"-35.83032";"-224.8142";"-54.31384";"-82.03894";"-291.9446";"-73.98187";"-35.83032"
"11236.22";"-224.7961";"-54.3042";"-82.03894";"-291.9446";"-73.98267";"-35.83521";"-224.7961";"-54.3042";"-82.03894";"-291.9446";"-73.98267";"-35.83521"
"11244.57";"-224.7701";"-54.30365";"-82.03894";"-291.9446";"-73.9151";"-35.85016";"-224.7701";"-54.30365";"-82.03894";"-291.9446";"-73.9151";"-35.85016"
"11252.91";"-224.731";"-54.29224";"-82.03894";"-291.9446";"-73.86639";"-35.86646";"-224.731";"-54.29224";"-82.03894";"-291.9446";"-73.86639";"-35.86646"
"11261.25";"-224.6804";"-54.2735";"-82.03894";"-291.9446";"-73.8653";"-35.86993";"-224.6804";"-54.2735";"-82.03894";"-291.9446";"-73.8653";"-35.86993"
"11269.59";"-224.6452";"-54.27197";"-82.03894";"-291.9446";"-73.8313";"-35.86768";"-224.6452";"-54.27197";"-82.03894";"-291.9446";"-73.8313";"-35.86768"
"11277.93";"-224.6072";"-54.25244";"-82.03894";"-291.9446";"-73.82471";"-35.91113";"-224.6072";"-54.25244";"-82.03894";"-291.9446";"-73.82471";"-35.91113"
"11286.28";"-224.6115";"-54.24854";"-82.03894";"-291.9446";"-73.81177";"-35.90961";"-224.6115";"-54.24854";"-82.03894";"-291.9446";"-73.81177";"-35.90961"
"11294.62";"-224.579";"-54.22662";"-82.03894";"-291.9446";"-73.78223";"-35.93341";"-224.579";"-54.22662";"-82.03894";"-291.9446";"-73.78223";"-35.93341"
"11302.96";"-224.5684";"-54.22986";"-82.03894";"-291.9446";"-73.75336";"-35.92059";"-224.5684";"-54.22986";"-82.03894";"-291.9446";"-73.75336";"-35.92059"
"11311.3";"-224.5514";"-54.17657";"-82.03894";"-291.9446";"-73.71948";"-35.94171";"-224.5514";"-54.17657";"-82.03894";"-291.9446";"-73.71948";"-35.94171"
"11319.64";"-224.5265";"-54.18555";"-82.03894";"-291.9446";"-73.68738";"-35.94824";"-224.5265";"-54.18555";"-82.03894";"-291.9446";"-73.68738";"-35.94824"
"11327.98";"-224.5234";"-54.19678";"-82.03894";"-291.9446";"-73.6908";"-35.95166";"-224.5234";"-54.19678";"-82.03894";"-291.9446";"-73.6908";"-35.95166"
"11336.33";"-224.4991";"-54.07367";"-82.03894";"-291.9446";"-73.66577";"-35.95544";"-224.4991";"-54.07367";"-82.03894";"-291.9446";"-73.66577";"-35.95544"
"11344.67";"-224.4885";"-54.08051";"-82.03894";"-291.9446";"-73.63934";"-35.95801";"-224.4885";"-54.08051";"-82.03894";"-291.9446";"-73.63934";"-35.95801"
"11353.01";"-224.4729";"-54.06067";"-82.03894";"-291.9446";"-73.62531";"-35.94879";"-224.4729";"-54.06067";"-82.03894";"-291.9446";"-73.62531";"-35.94879"
"11361.35";"-224.4474";"-54.06213";"-82.03894";"-291.9446";"-73.59802";"-35.99469";"-224.4474";"-54.06213";"-82.03894";"-291.9446";"-73.59802";"-35.99469"
"11369.69";"-224.4411";"-54.0506";"-82.03894";"-291.9446";"-73.55505";"-35.97791";"-224.4411";"-54.0506";"-82.03894";"-291.9446";"-73.55505";"-35.97791"
"11378.03";"-224.4073";"-54.04584";"-82.03894";"-291.9446";"-73.52728";"-36.02014";"-224.4073";"-54.04584";"-82.03894";"-291.9446";"-73.52728";"-36.02014"
"11386.38";"-224.3904";"-53.99841";"-82.03894";"-291.9446";"-73.47424";"-36.03876";"-224.3904";"-53.99841";"-82.03894";"-291.9446";"-73.47424";"-36.03876"
"11394.72";"-224.3909";"-54.00134";"-82.03894";"-291.9446";"-73.46881";"-36.04144";"-224.3909";"-54.00134";"-82.03894";"-291.9446";"-73.46881";"-36.04144"
"11403.06";"-224.3941";"-54.00269";"-82.03894";"-291.9446";"-73.4433";"-36.05536";"-224.3941";"-54.00269";"-82.03894";"-291.9446";"-73.4433";"-36.05536"
"11411.4";"-224.3611";"-53.9967";"-82.03894";"-291.9446";"-73.42334";"-36.05066";"-224.3611";"-53.9967";"-82.03894";"-291.9446";"-73.42334";"-36.05066"
"11419.74";"-224.355";"-53.99109";"-82.03894";"-291.9446";"-73.41956";"-36.06042";"-224.355";"-53.99109";"-82.03894";"-291.9446";"-73.41956";"-36.06042"
"11428.08";"-224.3469";"-53.9787";"-82.03894";"-291.9446";"-73.38428";"-36.07733";"-224.3469";"-53.9787";"-82.03894";"-291.9446";"-73.38428";"-36.07733"
"11436.42";"-224.3143";"-53.96686";"-82.03894";"-291.9446";"-73.35992";"-36.08972";"-224.3143";"-53.96686";"-82.03894";"-291.9446";"-73.35992";"-36.08972"
"11444.77";"-224.2939";"-53.95166";"-82.03894";"-291.9446";"-73.32324";"-36.1214";"-224.2939";"-53.95166";"-82.03894";"-291.9446";"-73.32324";"-36.1214"
"11453.11";"-224.289";"-53.94275";"-82.03894";"-291.9446";"-73.30627";"-36.12775";"-224.289";"-53.94275";"-82.03894";"-291.9446";"-73.30627";"-36.12775"
"11461.45";"-224.2613";"-53.93231";"-82.03894";"-291.9446";"-73.26886";"-36.13324";"-224.2613";"-53.93231";"-82.03894";"-291.9446";"-73.26886";"-36.13324"
"11469.79";"-224.2488";"-53.92377";"-82.03894";"-291.9446";"-73.23834";"-36.1601";"-224.2488";"-53.92377";"-82.03894";"-291.9446";"-73.23834";"-36.1601"
"11478.13";"-224.2141";"-53.90973";"-82.03894";"-291.9446";"-73.2301";"-36.15833";"-224.2141";"-53.90973";"-82.03894";"-291.9446";"-73.2301";"-36.15833"
"11486.47";"-224.1961";"-53.89526";"-82.03894";"-291.9446";"-73.20166";"-36.16815";"-224.1961";"-53.89526";"-82.03894";"-291.9446";"-73.20166";"-36.16815"
"11494.82";"-224.1882";"-53.86926";"-82.03894";"-291.9446";"-73.16656";"-36.1698";"-224.1882";"-53.86926";"-82.03894";"-291.9446";"-73.16656";"-36.1698"
"11503.16";"-224.1667";"-53.87628";"-82.03894";"-291.9446";"-73.13507";"-36.17126";"-224.1667";"-53.87628";"-82.03894";"-291.9446";"-73.13507";"-36.17126"
"11511.5";"-224.1593";"-53.85242";"-82.03894";"-291.9446";"-73.11743";"-36.17865";"-224.1593";"-53.85242";"-82.03894";"-291.9446";"-73.11743";"-36.17865"
"11519.84";"-224.1195";"-53.86243";"-82.03894";"-291.9446";"-73.09332";"-36.19452";"-224.1195";"-53.86243";"-82.03894";"-291.9446";"-73.09332";"-36.19452"
"11528.18";"-224.0992";"-53.82574";"-82.03894";"-291.9446";"-73.04968";"-36.22192";"-224.0992";"-53.82574";"-82.03894";"-291.9446";"-73.04968";"-36.22192"
"11536.53";"-224.0854";"-53.80914";"-82.03894";"-291.9446";"-73.04944";"-36.2157";"-224.0854";"-53.80914";"-82.03894";"-291.9446";"-73.04944";"-36.2157"
"11544.87";"-224.0826";"-53.8045";"-82.03894";"-291.9446";"-73.04065";"-36.25104";"-224.0826";"-53.8045";"-82.03894";"-291.9446";"-73.04065";"-36.25104"
"11553.21";"-224.0757";"-53.80988";"-82.03894";"-291.9446";"-72.99939";"-36.26837";"-224.0757";"-53.80988";"-82.03894";"-291.9446";"-72.99939";"-36.26837"
"11561.55";"-224.0393";"-53.77942";"-82.03894";"-291.9446";"-72.97168";"-36.26099";"-224.0393";"-53.77942";"-82.03894";"-291.9446";"-72.97168";"-36.26099"
"11569.89";"-224.011";"-53.77521";"-82.03894";"-291.9446";"-72.95038";"-36.27844";"-224.011";"-53.77521";"-82.03894";"-291.9446";"-72.95038";"-36.27844"
"11578.23";"-223.9917";"-53.776";"-82.03894";"-291.9446";"-72.92761";"-36.27594";"-223.9917";"-53.776";"-82.03894";"-291.9446";"-72.92761";"-36.27594"
"11586.58";"-223.9675";"-53.77142";"-82.03894";"-291.9446";"-72.90808";"-36.30682";"-223.9675";"-53.77142";"-82.03894";"-291.9446";"-72.90808";"-36.30682"
"11594.92";"-223.9466";"-53.72614";"-82.03894";"-291.9446";"-72.87891";"-36.29944";"-223.9466";"-53.72614";"-82.03894";"-291.9446";"-72.87891";"-36.29944"
"11603.26";"-223.9313";"-53.70471";"-82.03894";"-291.9446";"-72.84912";"-36.32874";"-223.9313";"-53.70471";"-82.03894";"-291.9446";"-72.84912";"-36.32874"
"11611.6";"-223.9288";"-53.6944";"-82.03894";"-291.9446";"-72.81305";"-36.34247";"-223.9288";"-53.6944";"-82.03894";"-291.9446";"-72.81305";"-36.34247"
"11619.94";"-223.8925";"-53.69409";"-82.03894";"-291.9446";"-72.79797";"-36.34039";"-223.8925";"-53.69409";"-82.03894";"-291.9446";"-72.79797";"-36.34039"
"11628.28";"-223.8711";"-53.65228";"-82.03894";"-291.9446";"-72.76385";"-36.36218";"-223.8711";"-53.65228";"-82.03894";"-291.9446";"-72.76385";"-36.36218"
"11636.63";"-223.8807";"-53.63647";"-82.03894";"-291.9446";"-72.76508";"-36.36816";"-223.8807";"-53.63647";"-82.03894";"-291.9446";"-72.76508";"-36.36816"
"11644.97";"-223.8604";"-53.65613";"-82.03894";"-291.9446";"-72.74573";"-36.36115";"-223.8604";"-53.65613";"-82.03894";"-291.9446";"-72.74573";"-36.36115"
"11653.31";"-223.834";"-53.64166";"-82.03894";"-291.9446";"-72.7254";"-36.36987";"-223.834";"-53.64166";"-82.03894";"-291.9446";"-72.7254";"-36.36987"
"11661.65";"-223.8181";"-53.64484";"-82.03894";"-291.9446";"-72.70496";"-36.37286";"-223.8181";"-53.64484";"-82.03894";"-291.9446";"-72.70496";"-36.37286"
"11669.99";"-223.7977";"-53.62531";"-82.03894";"-291.9446";"-72.67786";"-36.38422";"-223.7977";"-53.62531";"-82.03894";"-291.9446";"-72.67786";"-36.38422"
"11678.33";"-223.7773";"-53.58533";"-82.03894";"-291.9446";"-72.66254";"-36.38947";"-223.7773";"-53.58533";"-82.03894";"-291.9446";"-72.66254";"-36.38947"
"11686.67";"-223.7721";"-53.58093";"-82.03894";"-291.9446";"-72.6416";"-36.40649";"-223.7721";"-53.58093";"-82.03894";"-291.9446";"-72.6416";"-36.40649"
"11695.02";"-223.7441";"-53.57416";"-82.03894";"-291.9446";"-72.60419";"-36.41333";"-223.7441";"-53.57416";"-82.03894";"-291.9446";"-72.60419";"-36.41333"
"11703.36";"-223.7353";"-53.55774";"-82.03894";"-291.9446";"-72.57709";"-36.44031";"-223.7353";"-53.55774";"-82.03894";"-291.9446";"-72.57709";"-36.44031"
"11711.7";"-223.7222";"-53.56866";"-82.03894";"-291.9446";"-72.54907";"-36.44312";"-223.7222";"-53.56866";"-82.03894";"-291.9446";"-72.54907";"-36.44312"
"11720.04";"-223.7109";"-53.54449";"-82.03894";"-291.9446";"-72.52448";"-36.46271";"-223.7109";"-53.54449";"-82.03894";"-291.9446";"-72.52448";"-36.46271"
"11728.38";"-223.6751";"-53.55646";"-82.03894";"-291.9446";"-72.52081";"-36.46606";"-223.6751";"-53.55646";"-82.03894";"-291.9446";"-72.52081";"-36.46606"
"11736.72";"-223.6613";"-53.52789";"-82.03894";"-291.9446";"-72.48608";"-36.49286";"-223.6613";"-53.52789";"-82.03894";"-291.9446";"-72.48608";"-36.49286"
"11745.07";"-223.4633";"-53.39447";"-82.03894";"-291.9446";"-72.46265";"-36.51233";"-223.4633";"-53.39447";"-82.03894";"-291.9446";"-72.46265";"-36.51233"
"11753.41";"-223.469";"-53.38953";"-82.03894";"-291.9446";"-72.42084";"-36.52124";"-223.469";"-53.38953";"-82.03894";"-291.9446";"-72.42084";"-36.52124"
"11761.75";"-223.432";"-53.36047";"-82.03894";"-291.9446";"-72.39136";"-36.53137";"-223.432";"-53.36047";"-82.03894";"-291.9446";"-72.39136";"-36.53137"
"11770.09";"-223.4363";"-53.3465";"-82.03894";"-291.9446";"-72.37323";"-36.53949";"-223.4363";"-53.3465";"-82.03894";"-291.9446";"-72.37323";"-36.53949"
"11778.43";"-223.3981";"-53.34906";"-82.03894";"-291.9446";"-72.37109";"-36.565";"-223.3981";"-53.34906";"-82.03894";"-291.9446";"-72.37109";"-36.565"
"11786.78";"-223.3942";"-53.33563";"-82.03894";"-291.9446";"-72.34088";"-36.56396";"-223.3942";"-53.33563";"-82.03894";"-291.9446";"-72.34088";"-36.56396"
"11795.12";"-223.3752";"-53.32721";"-82.03894";"-291.9446";"-72.29669";"-36.58661";"-223.3752";"-53.32721";"-82.03894";"-291.9446";"-72.29669";"-36.58661"
"11803.46";"-223.339";"-53.31281";"-82.03894";"-291.9446";"-72.28357";"-36.59711";"-223.339";"-53.31281";"-82.03894";"-291.9446";"-72.28357";"-36.59711"
"11811.8";"-223.3266";"-53.29291";"-82.03894";"-291.9446";"-72.24744";"-36.62164";"-223.3266";"-53.29291";"-82.03894";"-291.9446";"-72.24744";"-36.62164"
"11820.14";"-223.3178";"-53.28296";"-82.03894";"-291.9446";"-72.21283";"-36.62939";"-223.3178";"-53.28296";"-82.03894";"-291.9446";"-72.21283";"-36.62939"
"11828.48";"-223.2889";"-53.26587";"-82.03894";"-291.9446";"-72.17944";"-36.63464";"-223.2889";"-53.26587";"-82.03894";"-291.9446";"-72.17944";"-36.63464"
"11836.83";"-223.2485";"-53.25366";"-82.03894";"-291.9446";"-72.15594";"-36.6413";"-223.2485";"-53.25366";"-82.03894";"-291.9446";"-72.15594";"-36.6413"
"11845.17";"-223.2357";"-53.26556";"-82.03894";"-291.9446";"-72.16302";"-36.66168";"-223.2357";"-53.26556";"-82.03894";"-291.9446";"-72.16302";"-36.66168"
"11853.51";"-223.2296";"-53.24646";"-82.03894";"-291.9446";"-72.13477";"-36.67468";"-223.2296";"-53.24646";"-82.03894";"-291.9446";"-72.13477";"-36.67468"
"11861.85";"-223.2066";"-53.2547";"-82.03894";"-291.9446";"-72.09955";"-36.6897";"-223.2066";"-53.2547";"-82.03894";"-291.9446";"-72.09955";"-36.6897"
"11870.19";"-223.1883";"-53.24438";"-82.03894";"-291.9446";"-72.08582";"-36.71515";"-223.1883";"-53.24438";"-82.03894";"-291.9446";"-72.08582";"-36.71515"
"11878.53";"-223.166";"-53.22504";"-82.03894";"-291.9446";"-72.06958";"-36.71808";"-223.166";"-53.22504";"-82.03894";"-291.9446";"-72.06958";"-36.71808"
"11886.88";"-223.128";"-53.21576";"-82.03894";"-291.9446";"-72.05341";"-36.72119";"-223.128";"-53.21576";"-82.03894";"-291.9446";"-72.05341";"-36.72119"
"11895.22";"-223.1064";"-53.17883";"-82.03894";"-291.9446";"-71.99304";"-36.73792";"-223.1064";"-53.17883";"-82.03894";"-291.9446";"-71.99304";"-36.73792"
"11903.56";"-223.0908";"-53.18091";"-82.03894";"-291.9446";"-71.98621";"-36.73761";"-223.0908";"-53.18091";"-82.03894";"-291.9446";"-71.98621";"-36.73761"
"11911.9";"-223.0841";"-53.17108";"-82.03894";"-291.9446";"-71.97424";"-36.77277";"-223.0841";"-53.17108";"-82.03894";"-291.9446";"-71.97424";"-36.77277"
"11920.24";"-223.069";"-53.17529";"-82.03894";"-291.9446";"-71.94916";"-36.77789";"-223.069";"-53.17529";"-82.03894";"-291.9446";"-71.94916";"-36.77789"
"11928.58";"-223.0217";"-53.16333";"-82.03894";"-291.9446";"-71.91187";"-36.79303";"-223.0217";"-53.16333";"-82.03894";"-291.9446";"-71.91187";"-36.79303"
"11936.92";"-222.9884";"-53.17133";"-82.03894";"-291.9446";"-71.89691";"-36.80035";"-222.9884";"-53.17133";"-82.03894";"-291.9446";"-71.89691";"-36.80035"
"11945.27";"-222.9677";"-53.15204";"-82.03894";"-291.9446";"-71.8833";"-36.80365";"-222.9677";"-53.15204";"-82.03894";"-291.9446";"-71.8833";"-36.80365"
"11953.61";"-222.9771";"-53.15167";"-82.03894";"-291.9446";"-71.88538";"-36.80371";"-222.9771";"-53.15167";"-82.03894";"-291.9446";"-71.88538";"-36.80371"
"11961.95";"-222.9467";"-53.15167";"-82.03894";"-291.9446";"-71.86462";"-36.80994";"-222.9467";"-53.15167";"-82.03894";"-291.9446";"-71.86462";"-36.80994"
"11970.29";"-222.9191";"-53.15625";"-82.03894";"-291.9446";"-71.84314";"-36.80859";"-222.9191";"-53.15625";"-82.03894";"-291.9446";"-71.84314";"-36.80859"
"11978.63";"-222.9059";"-53.1142";"-82.03894";"-291.9446";"-71.78217";"-36.83698";"-222.9059";"-53.1142";"-82.03894";"-291.9446";"-71.78217";"-36.83698"
"11986.97";"-222.8908";"-53.12354";"-82.03894";"-291.9446";"-71.77905";"-36.86859";"-222.8908";"-53.12354";"-82.03894";"-291.9446";"-71.77905";"-36.86859"
"11995.32";"-222.8593";"-53.11987";"-82.03894";"-291.9446";"-71.75812";"-36.85956";"-222.8593";"-53.11987";"-82.03894";"-291.9446";"-71.75812";"-36.85956"
"12003.66";"-222.8115";"-53.11841";"-82.03894";"-291.9446";"-71.72223";"-36.86798";"-222.8115";"-53.11841";"-82.03894";"-291.9446";"-71.72223";"-36.86798"
"12012";"-222.8196";"-53.09174";"-82.03894";"-291.9446";"-71.73352";"-36.88055";"-222.8196";"-53.09174";"-82.03894";"-291.9446";"-71.73352";"-36.88055"
"12020.34";"-222.7842";"-53.09412";"-82.03894";"-291.9446";"-71.68805";"-36.88812";"-222.7842";"-53.09412";"-82.03894";"-291.9446";"-71.68805";"-36.88812"
"12028.68";"-222.7669";"-53.08661";"-82.03894";"-291.9446";"-71.66046";"-36.91644";"-222.7669";"-53.08661";"-82.03894";"-291.9446";"-71.66046";"-36.91644"
"12037.03";"-222.7544";"-53.08258";"-82.03894";"-291.9446";"-71.65332";"-36.91998";"-222.7544";"-53.08258";"-82.03894";"-291.9446";"-71.65332";"-36.91998"
"12045.37";"-222.7001";"-53.08185";"-82.03894";"-291.9446";"-71.61591";"-36.91284";"-222.7001";"-53.08185";"-82.03894";"-291.9446";"-71.61591";"-36.91284"
"12053.71";"-222.7042";"-53.07404";"-82.03894";"-291.9446";"-71.60254";"-36.91876";"-222.7042";"-53.07404";"-82.03894";"-291.9446";"-71.60254";"-36.91876"
"12062.05";"-222.655";"-53.04126";"-82.03894";"-291.9446";"-71.56866";"-36.94012";"-222.655";"-53.04126";"-82.03894";"-291.9446";"-71.56866";"-36.94012"
"12070.39";"-222.6538";"-53.03131";"-82.03894";"-291.9446";"-71.56879";"-36.94806";"-222.6538";"-53.03131";"-82.03894";"-291.9446";"-71.56879";"-36.94806"
"12078.73";"-222.5903";"-53.02124";"-82.03894";"-291.9446";"-71.53253";"-36.9588";"-222.5903";"-53.02124";"-82.03894";"-291.9446";"-71.53253";"-36.9588"
"12087.08";"-222.5982";"-53.03088";"-82.03894";"-291.9446";"-71.49951";"-36.96558";"-222.5982";"-53.03088";"-82.03894";"-291.9446";"-71.49951";"-36.96558"
"12095.42";"-222.5688";"-53.00299";"-82.03894";"-291.9446";"-71.4707";"-36.99921";"-222.5688";"-53.00299";"-82.03894";"-291.9446";"-71.4707";"-36.99921"
"12103.76";"-222.5578";"-52.99463";"-82.03894";"-291.9446";"-71.44342";"-36.992";"-222.5578";"-52.99463";"-82.03894";"-291.9446";"-71.44342";"-36.992"
"12112.1";"-222.5331";"-52.96594";"-82.03894";"-291.9446";"-71.38086";"-37.013";"-222.5331";"-52.96594";"-82.03894";"-291.9446";"-71.38086";"-37.013"
"12120.44";"-222.527";"-52.97046";"-82.03894";"-291.9446";"-71.36871";"-37.01367";"-222.527";"-52.97046";"-82.03894";"-291.9446";"-71.36871";"-37.01367"
"12128.78";"-222.4659";"-52.83435";"-82.03894";"-291.9446";"-71.38684";"-37.01263";"-222.4659";"-52.83435";"-82.03894";"-291.9446";"-71.38684";"-37.01263"
"12137.13";"-222.4515";"-52.81342";"-82.03894";"-291.9446";"-71.34705";"-37.021";"-222.4515";"-52.81342";"-82.03894";"-291.9446";"-71.34705";"-37.021"
"12145.47";"-222.4095";"-52.80054";"-82.03894";"-291.9446";"-71.30835";"-37.03033";"-222.4095";"-52.80054";"-82.03894";"-291.9446";"-71.30835";"-37.03033"
"12153.81";"-222.4006";"-52.78027";"-82.03894";"-291.9446";"-71.2774";"-37.05054";"-222.4006";"-52.78027";"-82.03894";"-291.9446";"-71.2774";"-37.05054"
"12162.15";"-222.4108";"-52.77655";"-82.03894";"-291.9446";"-71.26831";"-37.05273";"-222.4108";"-52.77655";"-82.03894";"-291.9446";"-71.26831";"-37.05273"
"12170.49";"-222.3987";"-52.7608";"-82.03894";"-291.9446";"-71.24219";"-37.04974";"-222.3987";"-52.7608";"-82.03894";"-291.9446";"-71.24219";"-37.04974"
"12178.83";"-222.377";"-52.72064";"-82.03894";"-291.9446";"-71.20782";"-37.06482";"-222.377";"-52.72064";"-82.03894";"-291.9446";"-71.20782";"-37.06482"
"12187.17";"-222.3691";"-52.724";"-82.03894";"-291.9446";"-71.19275";"-37.07117";"-222.3691";"-52.724";"-82.03894";"-291.9446";"-71.19275";"-37.07117"
"12195.52";"-222.3345";"-52.72217";"-82.03894";"-291.9446";"-71.16797";"-37.0683";"-222.3345";"-52.72217";"-82.03894";"-291.9446";"-71.16797";"-37.0683"
"12203.86";"-222.3484";"-52.70758";"-82.03894";"-291.9446";"-71.13232";"-37.08832";"-222.3484";"-52.70758";"-82.03894";"-291.9446";"-71.13232";"-37.08832"
"12212.2";"-222.3271";"-52.67139";"-82.03894";"-291.9446";"-71.12567";"-37.09167";"-222.3271";"-52.67139";"-82.03894";"-291.9446";"-71.12567";"-37.09167"
"12220.54";"-222.287";"-52.65875";"-82.03894";"-291.9446";"-71.08948";"-37.09351";"-222.287";"-52.65875";"-82.03894";"-291.9446";"-71.08948";"-37.09351"
"12228.88";"-222.3101";"-52.64435";"-82.03894";"-291.9446";"-71.07971";"-37.11066";"-222.3101";"-52.64435";"-82.03894";"-291.9446";"-71.07971";"-37.11066"
"12237.22";"-222.2629";"-52.61383";"-82.03894";"-291.9446";"-71.07452";"-37.11261";"-222.2629";"-52.61383";"-82.03894";"-291.9446";"-71.07452";"-37.11261"
"12245.57";"-222.2243";"-52.63025";"-82.03894";"-291.9446";"-71.04022";"-37.13239";"-222.2243";"-52.63025";"-82.03894";"-291.9446";"-71.04022";"-37.13239"
"12253.91";"-222.2384";"-52.5921";"-82.03894";"-291.9446";"-71.01208";"-37.14319";"-222.2384";"-52.5921";"-82.03894";"-291.9446";"-71.01208";"-37.14319"
"12262.25";"-222.1761";"-52.57007";"-82.03894";"-291.9446";"-70.99573";"-37.14587";"-222.1761";"-52.57007";"-82.03894";"-291.9446";"-70.99573";"-37.14587"
"12270.59";"-222.163";"-52.55573";"-82.03894";"-291.9446";"-70.96417";"-37.14471";"-222.163";"-52.55573";"-82.03894";"-291.9446";"-70.96417";"-37.14471"
"12278.93";"-222.1904";"-52.55383";"-82.03894";"-291.9446";"-70.91211";"-37.15167";"-222.1904";"-52.55383";"-82.03894";"-291.9446";"-70.91211";"-37.15167"
"12287.28";"-222.1282";"-52.54388";"-82.03894";"-291.9446";"-70.92474";"-37.16107";"-222.1282";"-52.54388";"-82.03894";"-291.9446";"-70.92474";"-37.16107"
"12295.62";"-222.1094";"-52.55731";"-82.03894";"-291.9446";"-70.89008";"-37.16016";"-222.1094";"-52.55731";"-82.03894";"-291.9446";"-70.89008";"-37.16016"
"12303.96";"-221.9149";"-52.492";"-82.03894";"-291.9446";"-70.88733";"-37.16003";"-221.9149";"-52.492";"-82.03894";"-291.9446";"-70.88733";"-37.16003"
"12312.3";"-221.8451";"-52.49945";"-82.03894";"-291.9446";"-70.85913";"-37.16736";"-221.8451";"-52.49945";"-82.03894";"-291.9446";"-70.85913";"-37.16736"
"12320.64";"-221.8135";"-52.48389";"-82.03894";"-291.9446";"-70.82477";"-37.19434";"-221.8135";"-52.48389";"-82.03894";"-291.9446";"-70.82477";"-37.19434"
"12328.98";"-221.8145";"-52.47754";"-82.03894";"-291.9446";"-70.80017";"-37.19781";"-221.8145";"-52.47754";"-82.03894";"-291.9446";"-70.80017";"-37.19781"
"12337.33";"-221.7527";"-52.47473";"-82.03894";"-291.9446";"-70.78864";"-37.21301";"-221.7527";"-52.47473";"-82.03894";"-291.9446";"-70.78864";"-37.21301"
"12345.67";"-221.7167";"-52.45697";"-82.03894";"-291.9446";"-70.78113";"-37.20319";"-221.7167";"-52.45697";"-82.03894";"-291.9446";"-70.78113";"-37.20319"
"12354.01";"-221.6929";"-52.44916";"-82.03894";"-291.9446";"-70.75922";"-37.21295";"-221.6929";"-52.44916";"-82.03894";"-291.9446";"-70.75922";"-37.21295"
"12362.35";"-221.6514";"-52.43713";"-82.03894";"-291.9446";"-70.73242";"-37.21747";"-221.6514";"-52.43713";"-82.03894";"-291.9446";"-70.73242";"-37.21747"
"12370.69";"-221.6294";"-52.43109";"-82.03894";"-291.9446";"-70.71124";"-37.22803";"-221.6294";"-52.43109";"-82.03894";"-291.9446";"-70.71124";"-37.22803"
"12379.03";"-221.5665";"-52.41187";"-82.03894";"-291.9446";"-70.69958";"-37.23865";"-221.5665";"-52.41187";"-82.03894";"-291.9446";"-70.69958";"-37.23865"
"12387.38";"-221.4747";"-52.29449";"-82.03894";"-291.9446";"-70.6192";"-37.26691";"-221.4747";"-52.29449";"-82.03894";"-291.9446";"-70.6192";"-37.26691"
"12395.72";"-221.456";"-52.29315";"-82.03894";"-291.9446";"-70.61768";"-37.26056";"-221.456";"-52.29315";"-82.03894";"-291.9446";"-70.61768";"-37.26056"
"12404.06";"-221.4648";"-52.29236";"-82.03894";"-291.9446";"-70.59485";"-37.26898";"-221.4648";"-52.29236";"-82.03894";"-291.9446";"-70.59485";"-37.26898"
"12412.4";"-221.4454";"-52.27332";"-82.03894";"-291.9446";"-70.5752";"-37.27942";"-221.4454";"-52.27332";"-82.03894";"-291.9446";"-70.5752";"-37.27942"
"12420.74";"-221.4296";"-52.26483";"-82.03894";"-291.9446";"-70.55731";"-37.29193";"-221.4296";"-52.26483";"-82.03894";"-291.9446";"-70.55731";"-37.29193"
"12429.08";"-221.4033";"-52.25757";"-82.03894";"-291.9446";"-70.56403";"-37.29694";"-221.4033";"-52.25757";"-82.03894";"-291.9446";"-70.56403";"-37.29694"
"12437.42";"-221.4106";"-52.25562";"-82.03894";"-291.9446";"-70.54785";"-37.28754";"-221.4106";"-52.25562";"-82.03894";"-291.9446";"-70.54785";"-37.28754"
"12445.77";"-221.3736";"-52.23981";"-82.03894";"-291.9446";"-70.52271";"-37.30609";"-221.3736";"-52.23981";"-82.03894";"-291.9446";"-70.52271";"-37.30609"
"12454.11";"-221.3559";"-52.23724";"-82.03894";"-291.9446";"-70.49475";"-37.32819";"-221.3559";"-52.23724";"-82.03894";"-291.9446";"-70.49475";"-37.32819"
"12462.45";"-221.3292";"-52.23541";"-82.03894";"-291.9446";"-70.47028";"-37.33923";"-221.3292";"-52.23541";"-82.03894";"-291.9446";"-70.47028";"-37.33923"
"12470.79";"-221.3202";"-52.22821";"-82.03894";"-291.9446";"-70.4201";"-37.33759";"-221.3202";"-52.22821";"-82.03894";"-291.9446";"-70.4201";"-37.33759"
"12479.13";"-221.296";"-52.18433";"-82.03894";"-291.9446";"-70.39374";"-37.35706";"-221.296";"-52.18433";"-82.03894";"-291.9446";"-70.39374";"-37.35706"
"12487.47";"-221.2928";"-52.18475";"-82.03894";"-291.9446";"-70.36365";"-37.35236";"-221.2928";"-52.18475";"-82.03894";"-291.9446";"-70.36365";"-37.35236"
"12495.82";"-221.2528";"-52.20026";"-82.03894";"-291.9446";"-70.34259";"-37.35388";"-221.2528";"-52.20026";"-82.03894";"-291.9446";"-70.34259";"-37.35388"
"12504.16";"-221.2383";"-52.18848";"-82.03894";"-291.9446";"-70.31628";"-37.36047";"-221.2383";"-52.18848";"-82.03894";"-291.9446";"-70.31628";"-37.36047"
"12512.5";"-221.255";"-52.16956";"-82.03894";"-291.9446";"-70.29901";"-37.37341";"-221.255";"-52.16956";"-82.03894";"-291.9446";"-70.29901";"-37.37341"
"12520.84";"-221.2592";"-52.16681";"-82.03894";"-291.9446";"-70.28064";"-37.37463";"-221.2592";"-52.16681";"-82.03894";"-291.9446";"-70.28064";"-37.37463"
"12529.18";"-221.2432";"-52.15771";"-82.03894";"-291.9446";"-70.2464";"-37.39276";"-221.2432";"-52.15771";"-82.03894";"-291.9446";"-70.2464";"-37.39276"
"12537.53";"-221.215";"-52.15283";"-82.03894";"-291.9446";"-70.23358";"-37.41284";"-221.215";"-52.15283";"-82.03894";"-291.9446";"-70.23358";"-37.41284"
"12545.87";"-221.2072";"-52.14258";"-82.03894";"-291.9446";"-70.1839";"-37.41284";"-221.2072";"-52.14258";"-82.03894";"-291.9446";"-70.1839";"-37.41284"
"12554.21";"-221.1643";"-52.1297";"-82.03894";"-291.9446";"-70.16412";"-37.43018";"-221.1643";"-52.1297";"-82.03894";"-291.9446";"-70.16412";"-37.43018"
"12562.55";"-221.1821";"-52.10321";"-82.03894";"-291.9446";"-70.16235";"-37.43225";"-221.1821";"-52.10321";"-82.03894";"-291.9446";"-70.16235";"-37.43225"
"12570.89";"-221.1584";"-52.10004";"-82.03894";"-291.9446";"-70.13739";"-37.43591";"-221.1584";"-52.10004";"-82.03894";"-291.9446";"-70.13739";"-37.43591"
"12579.23";"-221.1375";"-52.07867";"-82.03894";"-291.9446";"-70.12042";"-37.44965";"-221.1375";"-52.07867";"-82.03894";"-291.9446";"-70.12042";"-37.44965"
"12587.58";"-221.1328";"-52.07922";"-82.03894";"-291.9446";"-70.07886";"-37.44476";"-221.1328";"-52.07922";"-82.03894";"-291.9446";"-70.07886";"-37.44476"
"12595.92";"-221.1174";"-52.06555";"-82.03894";"-291.9446";"-70.08173";"-37.46149";"-221.1174";"-52.06555";"-82.03894";"-291.9446";"-70.08173";"-37.46149"
"12604.26";"-221.095";"-52.06549";"-82.03894";"-291.9446";"-70.05365";"-37.47601";"-221.095";"-52.06549";"-82.03894";"-291.9446";"-70.05365";"-37.47601"
"12612.6";"-221.0721";"-52.0498";"-82.03894";"-291.9446";"-70.02765";"-37.48285";"-221.0721";"-52.0498";"-82.03894";"-291.9446";"-70.02765";"-37.48285"
"12620.94";"-221.0485";"-52.04437";"-82.03894";"-291.9446";"-70.0069";"-37.4812";"-221.0485";"-52.04437";"-82.03894";"-291.9446";"-70.0069";"-37.4812"
"12629.28";"-221.041";"-52.02087";"-82.03894";"-291.9446";"-69.97913";"-37.49457";"-221.041";"-52.02087";"-82.03894";"-291.9446";"-69.97913";"-37.49457"
"12637.63";"-221.0404";"-52.01538";"-82.03894";"-291.9446";"-69.96161";"-37.49115";"-221.0404";"-52.01538";"-82.03894";"-291.9446";"-69.96161";"-37.49115"
"12645.97";"-220.9896";"-52.00867";"-82.03894";"-291.9446";"-69.89685";"-37.50812";"-220.9896";"-52.00867";"-82.03894";"-291.9446";"-69.89685";"-37.50812"
"12654.31";"-220.9883";"-51.99884";"-82.03894";"-291.9446";"-69.89331";"-37.52325";"-220.9883";"-51.99884";"-82.03894";"-291.9446";"-69.89331";"-37.52325"
"12662.65";"-220.9649";"-51.99109";"-82.03894";"-291.9446";"-69.86902";"-37.54175";"-220.9649";"-51.99109";"-82.03894";"-291.9446";"-69.86902";"-37.54175"
"12670.99";"-220.9612";"-51.97345";"-82.03894";"-291.9446";"-69.86115";"-37.55188";"-220.9612";"-51.97345";"-82.03894";"-291.9446";"-69.86115";"-37.55188"
"12679.33";"-220.9366";"-51.93811";"-82.03894";"-291.9446";"-69.84589";"-37.57489";"-220.9366";"-51.93811";"-82.03894";"-291.9446";"-69.84589";"-37.57489"
"12687.67";"-220.912";"-51.93353";"-82.03894";"-291.9446";"-69.8186";"-37.59479";"-220.912";"-51.93353";"-82.03894";"-291.9446";"-69.8186";"-37.59479"
"12696.02";"-220.8802";"-51.9541";"-82.03894";"-291.9446";"-69.77429";"-37.59143";"-220.8802";"-51.9541";"-82.03894";"-291.9446";"-69.77429";"-37.59143"
"12704.36";"-220.8361";"-51.92017";"-82.03894";"-291.9446";"-69.78192";"-37.6225";"-220.8361";"-51.92017";"-82.03894";"-291.9446";"-69.78192";"-37.6225"
"12712.7";"-220.8324";"-51.91278";"-82.03894";"-291.9446";"-69.74268";"-37.63959";"-220.8324";"-51.91278";"-82.03894";"-291.9446";"-69.74268";"-37.63959"
"12721.04";"-220.8188";"-51.91553";"-82.03894";"-291.9446";"-69.7337";"-37.6297";"-220.8188";"-51.91553";"-82.03894";"-291.9446";"-69.7337";"-37.6297"
"12729.38";"-220.7898";"-51.90546";"-82.03894";"-291.9446";"-69.70496";"-37.64801";"-220.7898";"-51.90546";"-82.03894";"-291.9446";"-69.70496";"-37.64801"
"12737.72";"-220.7606";"-51.85358";"-82.03894";"-291.9446";"-69.6853";"-37.66321";"-220.7606";"-51.85358";"-82.03894";"-291.9446";"-69.6853";"-37.66321"
"12746.07";"-220.763";"-51.84875";"-82.03894";"-291.9446";"-69.67889";"-37.65942";"-220.763";"-51.84875";"-82.03894";"-291.9446";"-69.67889";"-37.65942"
"12754.41";"-220.736";"-51.83649";"-82.03894";"-291.9446";"-69.65063";"-37.68414";"-220.736";"-51.83649";"-82.03894";"-291.9446";"-69.65063";"-37.68414"
"12762.75";"-220.7166";"-51.83173";"-82.03894";"-291.9446";"-69.63171";"-37.7149";"-220.7166";"-51.83173";"-82.03894";"-291.9446";"-69.63171";"-37.7149"
"12771.09";"-220.6886";"-51.81927";"-82.03894";"-291.9446";"-69.61108";"-37.70288";"-220.6886";"-51.81927";"-82.03894";"-291.9446";"-69.61108";"-37.70288"
"12779.43";"-220.6682";"-51.81067";"-82.03894";"-291.9446";"-69.5293";"-37.72638";"-220.6682";"-51.81067";"-82.03894";"-291.9446";"-69.5293";"-37.72638"
"12787.78";"-220.603";"-51.81427";"-82.03894";"-291.9446";"-69.53967";"-37.71985";"-220.603";"-51.81427";"-82.03894";"-291.9446";"-69.53967";"-37.71985"
"12796.12";"-220.6223";"-51.80951";"-82.03894";"-291.9446";"-69.50256";"-37.76068";"-220.6223";"-51.80951";"-82.03894";"-291.9446";"-69.50256";"-37.76068"
"12804.46";"-220.5836";"-51.78156";"-82.03894";"-291.9446";"-69.48425";"-37.75098";"-220.5836";"-51.78156";"-82.03894";"-291.9446";"-69.48425";"-37.75098"
"12812.8";"-220.5611";"-51.76471";"-82.03894";"-291.9446";"-69.46442";"-37.78784";"-220.5611";"-51.76471";"-82.03894";"-291.9446";"-69.46442";"-37.78784"
"12821.14";"-220.5596";"-51.73889";"-82.03894";"-291.9446";"-69.43848";"-37.77673";"-220.5596";"-51.73889";"-82.03894";"-291.9446";"-69.43848";"-37.77673"
"12829.48";"-220.4935";"-51.5943";"-82.03894";"-291.9446";"-69.41431";"-37.80646";"-220.4935";"-51.5943";"-82.03894";"-291.9446";"-69.41431";"-37.80646"
"12837.83";"-220.4727";"-51.57678";"-82.03894";"-291.9446";"-69.39679";"-37.78961";"-220.4727";"-51.57678";"-82.03894";"-291.9446";"-69.39679";"-37.78961"
"12846.17";"-220.459";"-51.56445";"-82.03894";"-291.9446";"-69.37311";"-37.80475";"-220.459";"-51.56445";"-82.03894";"-291.9446";"-69.37311";"-37.80475"
"12854.51";"-220.4332";"-51.55048";"-82.03894";"-291.9446";"-69.34436";"-37.81897";"-220.4332";"-51.55048";"-82.03894";"-291.9446";"-69.34436";"-37.81897"
"12862.85";"-220.4213";"-51.54181";"-82.03894";"-291.9446";"-69.31097";"-37.8291";"-220.4213";"-51.54181";"-82.03894";"-291.9446";"-69.31097";"-37.8291"
"12871.19";"-220.4211";"-51.51385";"-82.03894";"-291.9446";"-69.30768";"-37.85388";"-220.4211";"-51.51385";"-82.03894";"-291.9446";"-69.30768";"-37.85388"
"12879.53";"-220.2806";"-51.48248";"-82.03894";"-291.9446";"-69.29041";"-37.85559";"-220.2806";"-51.48248";"-82.03894";"-291.9446";"-69.29041";"-37.85559"
"12887.88";"-220.2744";"-51.47571";"-82.03894";"-291.9446";"-69.25787";"-37.87292";"-220.2744";"-51.47571";"-82.03894";"-291.9446";"-69.25787";"-37.87292"
"12896.22";"-220.2247";"-51.43005";"-82.03894";"-291.9446";"-69.21985";"-37.87793";"-220.2247";"-51.43005";"-82.03894";"-291.9446";"-69.21985";"-37.87793"
"12904.56";"-220.2184";"-51.43048";"-82.03894";"-291.9446";"-69.2121";"-37.88202";"-220.2184";"-51.43048";"-82.03894";"-291.9446";"-69.2121";"-37.88202"
"12912.9";"-220.216";"-51.41785";"-82.03894";"-291.9446";"-69.18524";"-37.88934";"-220.216";"-51.41785";"-82.03894";"-291.9446";"-69.18524";"-37.88934"
"12921.24";"-220.1976";"-51.4021";"-82.03894";"-291.9446";"-69.17755";"-37.90784";"-220.1976";"-51.4021";"-82.03894";"-291.9446";"-69.17755";"-37.90784"
"12929.58";"-220.1976";"-51.3891";"-82.03894";"-291.9446";"-69.13354";"-37.90289";"-220.1976";"-51.3891";"-82.03894";"-291.9446";"-69.13354";"-37.90289"
"12937.92";"-220.1777";"-51.37817";"-82.03894";"-291.9446";"-69.1217";"-37.90906";"-220.1777";"-51.37817";"-82.03894";"-291.9446";"-69.1217";"-37.90906"
"12946.27";"-220.1506";"-51.3761";"-82.03894";"-291.9446";"-69.09375";"-37.91614";"-220.1506";"-51.3761";"-82.03894";"-291.9446";"-69.09375";"-37.91614"
"12954.61";"-220.15";"-51.35724";"-82.03894";"-291.9446";"-69.08429";"-37.92926";"-220.15";"-51.35724";"-82.03894";"-291.9446";"-69.08429";"-37.92926"
"12962.95";"-220.1245";"-51.349";"-82.03894";"-291.9446";"-69.06122";"-37.92944";"-220.1245";"-51.349";"-82.03894";"-291.9446";"-69.06122";"-37.92944"
"12971.29";"-220.1039";"-51.33124";"-82.03894";"-291.9446";"-69.04126";"-37.95605";"-220.1039";"-51.33124";"-82.03894";"-291.9446";"-69.04126";"-37.95605"
"12979.63";"-220.0918";"-51.32672";"-82.03894";"-291.9446";"-69.01172";"-37.96356";"-220.0918";"-51.32672";"-82.03894";"-291.9446";"-69.01172";"-37.96356"
"12987.97";"-220.0818";"-51.31342";"-82.03894";"-291.9446";"-69.00403";"-37.99463";"-220.0818";"-51.31342";"-82.03894";"-291.9446";"-69.00403";"-37.99463"
"12996.32";"-220.0753";"-51.31799";"-82.03894";"-291.9446";"-68.93951";"-37.97046";"-220.0753";"-51.31799";"-82.03894";"-291.9446";"-68.93951";"-37.97046"
"13004.66";"-220.048";"-51.31079";"-82.03894";"-291.9446";"-68.94";"-37.97504";"-220.048";"-51.31079";"-82.03894";"-291.9446";"-68.94";"-37.97504"
"13013";"-220.0233";"-51.3017";"-82.03894";"-291.9446";"-68.9234";"-37.99347";"-220.0233";"-51.3017";"-82.03894";"-291.9446";"-68.9234";"-37.99347"
"13021.34";"-220.0266";"-51.28754";"-82.03894";"-291.9446";"-68.91034";"-38.00415";"-220.0266";"-51.28754";"-82.03894";"-291.9446";"-68.91034";"-38.00415"
"13029.68";"-220.0027";"-51.25287";"-82.03894";"-291.9446";"-68.88831";"-38.01935";"-220.0027";"-51.25287";"-82.03894";"-291.9446";"-68.88831";"-38.01935"
"13038.03";"-219.991";"-51.25537";"-82.03894";"-291.9446";"-68.89258";"-38.0213";"-219.991";"-51.25537";"-82.03894";"-291.9446";"-68.89258";"-38.0213"
"13046.37";"-219.9781";"-51.23199";"-82.03894";"-291.9446";"-68.84119";"-38.04419";"-219.9781";"-51.23199";"-82.03894";"-291.9446";"-68.84119";"-38.04419"
"13054.71";"-219.9658";"-51.23132";"-82.03894";"-291.9446";"-68.83496";"-38.05042";"-219.9658";"-51.23132";"-82.03894";"-291.9446";"-68.83496";"-38.05042"
"13063.05";"-219.9513";"-51.22266";"-82.03894";"-291.9446";"-68.81134";"-38.05188";"-219.9513";"-51.22266";"-82.03894";"-291.9446";"-68.81134";"-38.05188"
"13071.39";"-219.939";"-51.21576";"-82.03894";"-291.9446";"-68.77649";"-38.06653";"-219.939";"-51.21576";"-82.03894";"-291.9446";"-68.77649";"-38.06653"
"13079.73";"-219.8944";"-51.20691";"-82.03894";"-291.9446";"-68.76025";"-38.08258";"-219.8944";"-51.20691";"-82.03894";"-291.9446";"-68.76025";"-38.08258"
"13088.08";"-219.8964";"-51.19592";"-82.03894";"-291.9446";"-68.73889";"-38.09845";"-219.8964";"-51.19592";"-82.03894";"-291.9446";"-68.73889";"-38.09845"
"13096.42";"-219.8645";"-51.177";"-82.03894";"-291.9446";"-68.71393";"-38.08673";"-219.8645";"-51.177";"-82.03894";"-291.9446";"-68.71393";"-38.08673"
"13104.76";"-219.8408";"-51.17133";"-82.03894";"-291.9446";"-68.65894";"-38.0993";"-219.8408";"-51.17133";"-82.03894";"-291.9446";"-68.65894";"-38.0993"
"13113.1";"-219.8297";"-51.14496";"-82.03894";"-291.9446";"-68.65851";"-38.11908";"-219.8297";"-51.14496";"-82.03894";"-291.9446";"-68.65851";"-38.11908"
"13121.44";"-219.8103";"-51.15454";"-82.03894";"-291.9446";"-68.63922";"-38.12933";"-219.8103";"-51.15454";"-82.03894";"-291.9446";"-68.63922";"-38.12933"
"13129.78";"-219.7785";"-51.14819";"-82.03894";"-291.9446";"-68.61401";"-38.13586";"-219.7785";"-51.14819";"-82.03894";"-291.9446";"-68.61401";"-38.13586"
"13138.13";"-219.7743";"-51.14453";"-82.03894";"-291.9446";"-68.60938";"-38.14648";"-219.7743";"-51.14453";"-82.03894";"-291.9446";"-68.60938";"-38.14648"
"13146.47";"-219.7148";"-51.12903";"-82.03894";"-291.9446";"-68.56537";"-38.13672";"-219.7148";"-51.12903";"-82.03894";"-291.9446";"-68.56537";"-38.13672"
"13154.81";"-219.7108";"-51.10999";"-82.03894";"-291.9446";"-68.55261";"-38.15466";"-219.7108";"-51.10999";"-82.03894";"-291.9446";"-68.55261";"-38.15466"
"13163.15";"-219.6625";"-51.08722";"-82.03894";"-291.9446";"-68.53223";"-38.16248";"-219.6625";"-51.08722";"-82.03894";"-291.9446";"-68.53223";"-38.16248"
"13171.49";"-219.6523";"-51.09167";"-82.03894";"-291.9446";"-68.48792";"-38.18781";"-219.6523";"-51.09167";"-82.03894";"-291.9446";"-68.48792";"-38.18781"
"13179.83";"-219.6413";"-51.08038";"-82.03894";"-291.9446";"-68.48505";"-38.1842";"-219.6413";"-51.08038";"-82.03894";"-291.9446";"-68.48505";"-38.1842"
"13188.17";"-219.6187";"-51.08142";"-82.03894";"-291.9446";"-68.48535";"-38.19037";"-219.6187";"-51.08142";"-82.03894";"-291.9446";"-68.48535";"-38.19037"
"13196.52";"-219.6078";"-51.07007";"-82.03894";"-291.9446";"-68.43542";"-38.20593";"-219.6078";"-51.07007";"-82.03894";"-291.9446";"-68.43542";"-38.20593"
"13204.86";"-219.587";"-51.06372";"-82.03894";"-291.9446";"-68.38831";"-38.18915";"-219.587";"-51.06372";"-82.03894";"-291.9446";"-68.38831";"-38.18915"
"13213.2";"-219.5493";"-51.04993";"-82.03894";"-291.9446";"-68.37402";"-38.22693";"-219.5493";"-51.04993";"-82.03894";"-291.9446";"-68.37402";"-38.22693"
"13221.54";"-219.5135";"-51.03601";"-82.03894";"-291.9446";"-68.34729";"-38.22864";"-219.5135";"-51.03601";"-82.03894";"-291.9446";"-68.34729";"-38.22864"
"13229.88";"-219.4982";"-50.9176";"-82.03894";"-291.9446";"-68.29614";"-38.24268";"-219.4982";"-50.9176";"-82.03894";"-291.9446";"-68.29614";"-38.24268"
"13238.22";"-219.4917";"-50.89917";"-82.03894";"-291.9446";"-68.27954";"-38.25671";"-219.4917";"-50.89917";"-82.03894";"-291.9446";"-68.27954";"-38.25671"
"13246.57";"-219.4573";"-50.88";"-82.03894";"-291.9446";"-68.26855";"-38.27069";"-219.4573";"-50.88";"-82.03894";"-291.9446";"-68.26855";"-38.27069"
"13254.91";"-219.454";"-50.86658";"-82.03894";"-291.9446";"-68.24481";"-38.27606";"-219.454";"-50.86658";"-82.03894";"-291.9446";"-68.24481";"-38.27606"
"13263.25";"-219.4261";"-50.86169";"-82.03894";"-291.9446";"-68.19501";"-38.29468";"-219.4261";"-50.86169";"-82.03894";"-291.9446";"-68.19501";"-38.29468"
"13271.59";"-219.4207";"-50.84326";"-82.03894";"-291.9446";"-68.19025";"-38.30432";"-219.4207";"-50.84326";"-82.03894";"-291.9446";"-68.19025";"-38.30432"
"13279.93";"-219.3912";"-50.81995";"-82.03894";"-291.9446";"-68.16919";"-38.29852";"-219.3912";"-50.81995";"-82.03894";"-291.9446";"-68.16919";"-38.29852"
"13288.28";"-219.394";"-50.80731";"-82.03894";"-291.9446";"-68.1488";"-38.31519";"-219.394";"-50.80731";"-82.03894";"-291.9446";"-68.1488";"-38.31519"
"13296.62";"-219.374";"-50.8111";"-82.03894";"-291.9446";"-68.11151";"-38.33246";"-219.374";"-50.8111";"-82.03894";"-291.9446";"-68.11151";"-38.33246"
"13304.96";"-219.352";"-50.79401";"-82.03894";"-291.9446";"-68.11127";"-38.33246";"-219.352";"-50.79401";"-82.03894";"-291.9446";"-68.11127";"-38.33246"
"13313.3";"-219.3464";"-50.7569";"-82.03894";"-291.9446";"-68.08771";"-38.33807";"-219.3464";"-50.7569";"-82.03894";"-291.9446";"-68.08771";"-38.33807"
"13321.64";"-219.2843";"-50.74329";"-82.03894";"-291.9446";"-68.06396";"-38.35291";"-219.2843";"-50.74329";"-82.03894";"-291.9446";"-68.06396";"-38.35291"
"13329.98";"-219.2818";"-50.703";"-82.03894";"-291.9446";"-68.02533";"-38.37268";"-219.2818";"-50.703";"-82.03894";"-291.9446";"-68.02533";"-38.37268"
"13338.33";"-219.2792";"-50.70294";"-82.03894";"-291.9446";"-68.01849";"-38.37506";"-219.2792";"-50.70294";"-82.03894";"-291.9446";"-68.01849";"-38.37506"
"13346.67";"-219.2823";"-50.67529";"-82.03894";"-291.9446";"-67.98029";"-38.39691";"-219.2823";"-50.67529";"-82.03894";"-291.9446";"-67.98029";"-38.39691"
"13355.01";"-219.2836";"-50.66589";"-82.03894";"-291.9446";"-67.97876";"-38.39105";"-219.2836";"-50.66589";"-82.03894";"-291.9446";"-67.97876";"-38.39105"
"13363.35";"-219.2244";"-50.65784";"-82.03894";"-291.9446";"-67.93964";"-38.39764";"-219.2244";"-50.65784";"-82.03894";"-291.9446";"-67.93964";"-38.39764"
"13371.69";"-219.2241";"-50.64612";"-82.03894";"-291.9446";"-67.91656";"-38.40253";"-219.2241";"-50.64612";"-82.03894";"-291.9446";"-67.91656";"-38.40253"
"13380.03";"-219.2184";"-50.64905";"-82.03894";"-291.9446";"-67.88336";"-38.42749";"-219.2184";"-50.64905";"-82.03894";"-291.9446";"-67.88336";"-38.42749"
"13388.38";"-219.1375";"-50.57788";"-82.03894";"-291.9446";"-67.82904";"-38.47266";"-219.1375";"-50.57788";"-82.03894";"-291.9446";"-67.82904";"-38.47266"
"13396.72";"-219.1376";"-50.56128";"-82.03894";"-291.9446";"-67.82526";"-38.4624";"-219.1376";"-50.56128";"-82.03894";"-291.9446";"-67.82526";"-38.4624"
"13405.06";"-219.1393";"-50.5639";"-82.03894";"-291.9446";"-67.80408";"-38.46173";"-219.1393";"-50.5639";"-82.03894";"-291.9446";"-67.80408";"-38.46173"
"13413.4";"-219.1204";"-50.53845";"-82.03894";"-291.9446";"-67.79816";"-38.49084";"-219.1204";"-50.53845";"-82.03894";"-291.9446";"-67.79816";"-38.49084"
"13421.74";"-219.1179";"-50.53015";"-82.03894";"-291.9446";"-67.79004";"-38.49768";"-219.1179";"-50.53015";"-82.03894";"-291.9446";"-67.79004";"-38.49768"
"13430.08";"-219.1152";"-50.53607";"-82.03894";"-291.9446";"-67.72156";"-38.5025";"-219.1152";"-50.53607";"-82.03894";"-291.9446";"-67.72156";"-38.5025"
"13438.42";"-218.9697";"-50.495";"-82.03894";"-291.9446";"-67.70581";"-38.51746";"-218.9697";"-50.495";"-82.03894";"-291.9446";"-67.70581";"-38.51746"
"13446.77";"-218.9655";"-50.49603";"-82.03894";"-291.9446";"-67.68805";"-38.53186";"-218.9655";"-50.49603";"-82.03894";"-291.9446";"-67.68805";"-38.53186"
"13455.11";"-218.9401";"-50.49017";"-82.03894";"-291.9446";"-67.67535";"-38.56494";"-218.9401";"-50.49017";"-82.03894";"-291.9446";"-67.67535";"-38.56494"
"13463.45";"-218.9434";"-50.48584";"-82.03894";"-291.9446";"-67.67914";"-38.5871";"-218.9434";"-50.48584";"-82.03894";"-291.9446";"-67.67914";"-38.5871"
"13471.79";"-218.908";"-50.47443";"-82.03894";"-291.9446";"-67.65082";"-38.59369";"-218.908";"-50.47443";"-82.03894";"-291.9446";"-67.65082";"-38.59369"
"13480.13";"-218.91";"-50.47083";"-82.03894";"-291.9446";"-67.62531";"-38.60449";"-218.91";"-50.47083";"-82.03894";"-291.9446";"-67.62531";"-38.60449"
"13488.47";"-218.9044";"-50.46735";"-82.03894";"-291.9446";"-67.60297";"-38.61517";"-218.9044";"-50.46735";"-82.03894";"-291.9446";"-67.60297";"-38.61517"
"13496.82";"-218.8716";"-50.45898";"-82.03894";"-291.9446";"-67.57111";"-38.646";"-218.8716";"-50.45898";"-82.03894";"-291.9446";"-67.57111";"-38.646"
"13505.16";"-218.8421";"-50.43909";"-82.03894";"-291.9446";"-67.5451";"-38.65399";"-218.8421";"-50.43909";"-82.03894";"-291.9446";"-67.5451";"-38.65399"
"13513.5";"-218.8285";"-50.43134";"-82.03894";"-291.9446";"-67.54956";"-38.65381";"-218.8285";"-50.43134";"-82.03894";"-291.9446";"-67.54956";"-38.65381"
"13521.84";"-218.7956";"-50.4248";"-82.03894";"-291.9446";"-67.53973";"-38.66132";"-218.7956";"-50.4248";"-82.03894";"-291.9446";"-67.53973";"-38.66132"
"13530.18";"-218.7944";"-50.41443";"-82.03894";"-291.9446";"-67.50073";"-38.67816";"-218.7944";"-50.41443";"-82.03894";"-291.9446";"-67.50073";"-38.67816"
"13538.53";"-218.7693";"-50.41669";"-82.03894";"-291.9446";"-67.48853";"-38.73474";"-218.7693";"-50.41669";"-82.03894";"-291.9446";"-67.48853";"-38.73474"
"13546.87";"-218.7455";"-50.40967";"-82.03894";"-291.9446";"-67.46344";"-38.73163";"-218.7455";"-50.40967";"-82.03894";"-291.9446";"-67.46344";"-38.73163"
"13555.21";"-218.7277";"-50.40485";"-82.03894";"-291.9446";"-67.4043";"-38.76349";"-218.7277";"-50.40485";"-82.03894";"-291.9446";"-67.4043";"-38.76349"
"13563.55";"-218.7112";"-50.37531";"-82.03894";"-291.9446";"-67.41791";"-38.77014";"-218.7112";"-50.37531";"-82.03894";"-291.9446";"-67.41791";"-38.77014"
"13571.89";"-218.6849";"-50.37469";"-82.03894";"-291.9446";"-67.36725";"-38.79865";"-218.6849";"-50.37469";"-82.03894";"-291.9446";"-67.36725";"-38.79865"
"13580.23";"-218.6712";"-50.36047";"-82.03894";"-291.9446";"-67.34625";"-38.8056";"-218.6712";"-50.36047";"-82.03894";"-291.9446";"-67.34625";"-38.8056"
"13588.58";"-218.6573";"-50.35931";"-82.03894";"-291.9446";"-67.3266";"-38.81622";"-218.6573";"-50.35931";"-82.03894";"-291.9446";"-67.3266";"-38.81622"
"13596.92";"-218.6454";"-50.34705";"-82.03894";"-291.9446";"-67.30621";"-38.81372";"-218.6454";"-50.34705";"-82.03894";"-291.9446";"-67.30621";"-38.81372"
"13605.26";"-218.5958";"-50.34009";"-82.03894";"-291.9446";"-67.27228";"-38.84131";"-218.5958";"-50.34009";"-82.03894";"-291.9446";"-67.27228";"-38.84131"
"13613.6";"-218.5818";"-50.31519";"-82.03894";"-291.9446";"-67.24457";"-38.83905";"-218.5818";"-50.31519";"-82.03894";"-291.9446";"-67.24457";"-38.83905"
"13621.94";"-218.5621";"-50.32117";"-82.03894";"-291.9446";"-67.22943";"-38.8476";"-218.5621";"-50.32117";"-82.03894";"-291.9446";"-67.22943";"-38.8476"
"13630.28";"-218.5353";"-50.29944";"-82.03894";"-291.9446";"-67.21344";"-38.86127";"-218.5353";"-50.29944";"-82.03894";"-291.9446";"-67.21344";"-38.86127"
"13638.63";"-218.5114";"-50.28882";"-82.03894";"-291.9446";"-67.18848";"-38.86127";"-218.5114";"-50.28882";"-82.03894";"-291.9446";"-67.18848";"-38.86127"
"13646.97";"-218.4805";"-50.1897";"-82.03894";"-291.9446";"-67.11835";"-38.87762";"-218.4805";"-50.1897";"-82.03894";"-291.9446";"-67.11835";"-38.87762"
"13655.31";"-218.4482";"-50.18945";"-82.03894";"-291.9446";"-67.10828";"-38.88434";"-218.4482";"-50.18945";"-82.03894";"-291.9446";"-67.10828";"-38.88434"
"13663.65";"-218.4398";"-50.15955";"-82.03894";"-291.9446";"-67.08698";"-38.89075";"-218.4398";"-50.15955";"-82.03894";"-291.9446";"-67.08698";"-38.89075"
"13671.99";"-218.4095";"-50.15778";"-82.03894";"-291.9446";"-67.08008";"-38.9035";"-218.4095";"-50.15778";"-82.03894";"-291.9446";"-67.08008";"-38.9035"
"13680.33";"-218.4075";"-50.14648";"-82.03894";"-291.9446";"-67.07068";"-38.91205";"-218.4075";"-50.14648";"-82.03894";"-291.9446";"-67.07068";"-38.91205"
"13688.67";"-218.409";"-50.14661";"-82.03894";"-291.9446";"-67.04919";"-38.92468";"-218.409";"-50.14661";"-82.03894";"-291.9446";"-67.04919";"-38.92468"
"13697.02";"-218.3633";"-50.12927";"-82.03894";"-291.9446";"-66.99664";"-38.95856";"-218.3633";"-50.12927";"-82.03894";"-291.9446";"-66.99664";"-38.95856"
"13705.36";"-218.3566";"-50.12097";"-82.03894";"-291.9446";"-66.98547";"-38.95551";"-218.3566";"-50.12097";"-82.03894";"-291.9446";"-66.98547";"-38.95551"
"13713.7";"-218.3454";"-50.11078";"-82.03894";"-291.9446";"-66.96985";"-38.97461";"-218.3454";"-50.11078";"-82.03894";"-291.9446";"-66.96985";"-38.97461"
"13722.04";"-218.3374";"-50.10254";"-82.03894";"-291.9446";"-66.94849";"-38.99396";"-218.3374";"-50.10254";"-82.03894";"-291.9446";"-66.94849";"-38.99396"
"13730.38";"-218.3216";"-50.0788";"-82.03894";"-291.9446";"-66.91693";"-38.99792";"-218.3216";"-50.0788";"-82.03894";"-291.9446";"-66.91693";"-38.99792"
"13738.72";"-218.3194";"-50.07904";"-82.03894";"-291.9446";"-66.91498";"-39.00439";"-218.3194";"-50.07904";"-82.03894";"-291.9446";"-66.91498";"-39.00439"
"13747.07";"-218.2931";"-50.05255";"-82.03894";"-291.9446";"-66.88574";"-39.02533";"-218.2931";"-50.05255";"-82.03894";"-291.9446";"-66.88574";"-39.02533"
"13755.41";"-218.2713";"-50.03943";"-82.03894";"-291.9446";"-66.8869";"-39.0296";"-218.2713";"-50.03943";"-82.03894";"-291.9446";"-66.8869";"-39.0296"
"13763.75";"-218.2533";"-50.02734";"-82.03894";"-291.9446";"-66.86145";"-39.03876";"-218.2533";"-50.02734";"-82.03894";"-291.9446";"-66.86145";"-39.03876"
"13772.09";"-218.2369";"-50.01758";"-82.03894";"-291.9446";"-66.85339";"-39.03735";"-218.2369";"-50.01758";"-82.03894";"-291.9446";"-66.85339";"-39.03735"
"13780.43";"-218.2259";"-49.99371";"-82.03894";"-291.9446";"-66.82294";"-39.06415";"-218.2259";"-49.99371";"-82.03894";"-291.9446";"-66.82294";"-39.06415"
"13788.78";"-218.2199";"-49.99817";"-82.03894";"-291.9446";"-66.82477";"-39.06268";"-218.2199";"-49.99817";"-82.03894";"-291.9446";"-66.82477";"-39.06268"
"13797.12";"-218.2061";"-49.99756";"-82.03894";"-291.9446";"-66.80048";"-39.06189";"-218.2061";"-49.99756";"-82.03894";"-291.9446";"-66.80048";"-39.06189"
"13805.46";"-218.1944";"-49.98676";"-82.03894";"-291.9446";"-66.78186";"-39.06006";"-218.1944";"-49.98676";"-82.03894";"-291.9446";"-66.78186";"-39.06006"
"13813.8";"-218.1768";"-49.96716";"-82.03894";"-291.9446";"-66.71326";"-39.06805";"-218.1768";"-49.96716";"-82.03894";"-291.9446";"-66.71326";"-39.06805"
"13822.14";"-218.1499";"-49.95605";"-82.03894";"-291.9446";"-66.70282";"-39.08209";"-218.1499";"-49.95605";"-82.03894";"-291.9446";"-66.70282";"-39.08209"
"13830.48";"-218.1462";"-49.93488";"-82.03894";"-291.9446";"-66.68707";"-39.08484";"-218.1462";"-49.93488";"-82.03894";"-291.9446";"-66.68707";"-39.08484"
"13838.83";"-218.1403";"-49.93182";"-82.03894";"-291.9446";"-66.66626";"-39.10516";"-218.1403";"-49.93182";"-82.03894";"-291.9446";"-66.66626";"-39.10516"
"13847.17";"-218.1274";"-49.91992";"-82.03894";"-291.9446";"-66.64758";"-39.10974";"-218.1274";"-49.91992";"-82.03894";"-291.9446";"-66.64758";"-39.10974"
"13855.51";"-218.101";"-49.9068";"-82.03894";"-291.9446";"-66.6369";"-39.11127";"-218.101";"-49.9068";"-82.03894";"-291.9446";"-66.6369";"-39.11127"
"13863.85";"-218.0674";"-49.89954";"-82.03894";"-291.9446";"-66.5813";"-39.13342";"-218.0674";"-49.89954";"-82.03894";"-291.9446";"-66.5813";"-39.13342"
"13872.19";"-218.0538";"-49.87738";"-82.03894";"-291.9446";"-66.57904";"-39.13702";"-218.0538";"-49.87738";"-82.03894";"-291.9446";"-66.57904";"-39.13702"
"13880.53";"-218.024";"-49.8634";"-82.03894";"-291.9446";"-66.56079";"-39.15637";"-218.024";"-49.8634";"-82.03894";"-291.9446";"-66.56079";"-39.15637"
"13888.88";"-218.0186";"-49.86389";"-82.03894";"-291.9446";"-66.54034";"-39.18292";"-218.0186";"-49.86389";"-82.03894";"-291.9446";"-66.54034";"-39.18292"
"13897.22";"-217.9642";"-49.79254";"-82.03894";"-291.9446";"-66.43988";"-39.1861";"-217.9642";"-49.79254";"-82.03894";"-291.9446";"-66.43988";"-39.1861"
"13905.56";"-217.9705";"-49.79706";"-82.03894";"-291.9446";"-66.42786";"-39.18866";"-217.9705";"-49.79706";"-82.03894";"-291.9446";"-66.42786";"-39.18866"
"13913.9";"-217.9556";"-49.79187";"-82.03894";"-291.9446";"-66.42493";"-39.19879";"-217.9556";"-49.79187";"-82.03894";"-291.9446";"-66.42493";"-39.19879"
"13922.24";"-217.9445";"-49.78009";"-82.03894";"-291.9446";"-66.41418";"-39.20868";"-217.9445";"-49.78009";"-82.03894";"-291.9446";"-66.41418";"-39.20868"
"13930.58";"-217.915";"-49.76135";"-82.03894";"-291.9446";"-66.37622";"-39.20795";"-217.915";"-49.76135";"-82.03894";"-291.9446";"-66.37622";"-39.20795"
"13938.92";"-217.8976";"-49.7594";"-82.03894";"-291.9446";"-66.36285";"-39.21716";"-217.8976";"-49.7594";"-82.03894";"-291.9446";"-66.36285";"-39.21716"
"13947.27";"-217.8887";"-49.7605";"-82.03894";"-291.9446";"-66.30792";"-39.24469";"-217.8887";"-49.7605";"-82.03894";"-291.9446";"-66.30792";"-39.24469"
"13955.61";"-217.8669";"-49.74091";"-82.03894";"-291.9446";"-66.29333";"-39.25177";"-217.8669";"-49.74091";"-82.03894";"-291.9446";"-66.29333";"-39.25177"
"13963.95";"-217.8699";"-49.71747";"-82.03894";"-291.9446";"-66.25952";"-39.24933";"-217.8699";"-49.71747";"-82.03894";"-291.9446";"-66.25952";"-39.24933"
"13972.29";"-217.8611";"-49.71069";"-82.03894";"-291.9446";"-66.24445";"-39.26123";"-217.8611";"-49.71069";"-82.03894";"-291.9446";"-66.24445";"-39.26123"
"13980.63";"-217.8137";"-49.69397";"-82.03894";"-291.9446";"-66.19049";"-39.26764";"-217.8137";"-49.69397";"-82.03894";"-291.9446";"-66.19049";"-39.26764"
"13988.97";"-217.787";"-49.6886";"-82.03894";"-291.9446";"-66.17664";"-39.26459";"-217.787";"-49.6886";"-82.03894";"-291.9446";"-66.17664";"-39.26459"
"13997.32";"-217.7808";"-49.67645";"-82.03894";"-291.9446";"-66.13733";"-39.30017";"-217.7808";"-49.67645";"-82.03894";"-291.9446";"-66.13733";"-39.30017"
"14005.66";"-217.7498";"-49.6734";"-82.03894";"-291.9446";"-66.11475";"-39.31171";"-217.7498";"-49.6734";"-82.03894";"-291.9446";"-66.11475";"-39.31171"
"14014";"-217.7537";"-49.65308";"-82.03894";"-291.9446";"-66.11798";"-39.31317";"-217.7537";"-49.65308";"-82.03894";"-291.9446";"-66.11798";"-39.31317"
"14022.34";"-217.7237";"-49.62677";"-82.03894";"-291.9446";"-66.07043";"-39.33459";"-217.7237";"-49.62677";"-82.03894";"-291.9446";"-66.07043";"-39.33459"
"14030.68";"-217.6965";"-49.61584";"-82.03894";"-291.9446";"-66.06982";"-39.32568";"-217.6965";"-49.61584";"-82.03894";"-291.9446";"-66.06982";"-39.32568"
"14039.03";"-217.6818";"-49.58569";"-82.03894";"-291.9446";"-66.05566";"-39.33301";"-217.6818";"-49.58569";"-82.03894";"-291.9446";"-66.05566";"-39.33301"
"14047.37";"-217.6646";"-49.57507";"-82.03894";"-291.9446";"-66.03552";"-39.35181";"-217.6646";"-49.57507";"-82.03894";"-291.9446";"-66.03552";"-39.35181"
"14055.71";"-217.6612";"-49.55139";"-82.03894";"-291.9446";"-65.96973";"-39.39069";"-217.6612";"-49.55139";"-82.03894";"-291.9446";"-65.96973";"-39.39069"
"14064.05";"-217.6382";"-49.53033";"-82.03894";"-291.9446";"-65.97693";"-39.39691";"-217.6382";"-49.53033";"-82.03894";"-291.9446";"-65.97693";"-39.39691"
"14072.39";"-217.4739";"-49.41016";"-82.03894";"-291.9446";"-65.93286";"-39.4054";"-217.4739";"-49.41016";"-82.03894";"-291.9446";"-65.93286";"-39.4054"
"14080.73";"-217.4338";"-49.4101";"-82.03894";"-291.9446";"-65.88892";"-39.37665";"-217.4338";"-49.4101";"-82.03894";"-291.9446";"-65.88892";"-39.37665"
"14089.08";"-217.4222";"-49.40033";"-82.03894";"-291.9446";"-65.86798";"-39.38568";"-217.4222";"-49.40033";"-82.03894";"-291.9446";"-65.86798";"-39.38568"
"14097.42";"-217.4098";"-49.38409";"-82.03894";"-291.9446";"-65.85632";"-39.41809";"-217.4098";"-49.38409";"-82.03894";"-291.9446";"-65.85632";"-39.41809"
"14105.76";"-217.4068";"-49.38184";"-82.03894";"-291.9446";"-65.85144";"-39.41956";"-217.4068";"-49.38184";"-82.03894";"-291.9446";"-65.85144";"-39.41956"
"14114.1";"-217.3631";"-49.37164";"-82.03894";"-291.9446";"-65.85425";"-39.41595";"-217.3631";"-49.37164";"-82.03894";"-291.9446";"-65.85425";"-39.41595"
"14122.44";"-217.3594";"-49.36658";"-82.03894";"-291.9446";"-65.82507";"-39.43182";"-217.3594";"-49.36658";"-82.03894";"-291.9446";"-65.82507";"-39.43182"
"14130.78";"-217.3339";"-49.35126";"-82.03894";"-291.9446";"-65.79297";"-39.45142";"-217.3339";"-49.35126";"-82.03894";"-291.9446";"-65.79297";"-39.45142"
"14139.13";"-217.3118";"-49.34961";"-82.03894";"-291.9446";"-65.76752";"-39.47223";"-217.3118";"-49.34961";"-82.03894";"-291.9446";"-65.76752";"-39.47223"
"14147.47";"-217.3118";"-49.31842";"-82.03894";"-291.9446";"-65.75409";"-39.49994";"-217.3118";"-49.31842";"-82.03894";"-291.9446";"-65.75409";"-39.49994"
"14155.81";"-217.2834";"-49.30817";"-82.03894";"-291.9446";"-65.73694";"-39.4881";"-217.2834";"-49.30817";"-82.03894";"-291.9446";"-65.73694";"-39.4881"
"14164.15";"-217.2593";"-49.29901";"-82.03894";"-291.9446";"-65.66571";"-39.50684";"-217.2593";"-49.29901";"-82.03894";"-291.9446";"-65.66571";"-39.50684"
"14172.49";"-217.2446";"-49.29553";"-82.03894";"-291.9446";"-65.66534";"-39.50275";"-217.2446";"-49.29553";"-82.03894";"-291.9446";"-65.66534";"-39.50275"
"14180.83";"-217.2";"-49.29187";"-82.03894";"-291.9446";"-65.6355";"-39.5188";"-217.2";"-49.29187";"-82.03894";"-291.9446";"-65.6355";"-39.5188"
"14189.17";"-217.1956";"-49.28644";"-82.03894";"-291.9446";"-65.62152";"-39.54413";"-217.1956";"-49.28644";"-82.03894";"-291.9446";"-65.62152";"-39.54413"
"14197.52";"-217.1856";"-49.27118";"-82.03894";"-291.9446";"-65.59833";"-39.5188";"-217.1856";"-49.27118";"-82.03894";"-291.9446";"-65.59833";"-39.5188"
"14205.86";"-217.1772";"-49.26422";"-82.03894";"-291.9446";"-65.57367";"-39.54596";"-217.1772";"-49.26422";"-82.03894";"-291.9446";"-65.57367";"-39.54596"
"14214.2";"-217.1467";"-49.24683";"-82.03894";"-291.9446";"-65.51324";"-39.5744";"-217.1467";"-49.24683";"-82.03894";"-291.9446";"-65.51324";"-39.5744"
"14222.54";"-217.1407";"-49.24951";"-82.03894";"-291.9446";"-65.50049";"-39.58154";"-217.1407";"-49.24951";"-82.03894";"-291.9446";"-65.50049";"-39.58154"
"14230.88";"-217.0963";"-49.23053";"-82.03894";"-291.9446";"-65.47198";"-39.60754";"-217.0963";"-49.23053";"-82.03894";"-291.9446";"-65.47198";"-39.60754"
"14239.22";"-217.0753";"-49.22412";"-82.03894";"-291.9446";"-65.47693";"-39.6181";"-217.0753";"-49.22412";"-82.03894";"-291.9446";"-65.47693";"-39.6181"
"14247.57";"-217.0521";"-49.20837";"-82.03894";"-291.9446";"-65.43768";"-39.63666";"-217.0521";"-49.20837";"-82.03894";"-291.9446";"-65.43768";"-39.63666"
"14255.91";"-217.0453";"-49.19672";"-82.03894";"-291.9446";"-65.4223";"-39.64337";"-217.0453";"-49.19672";"-82.03894";"-291.9446";"-65.4223";"-39.64337"
"14264.25";"-216.9702";"-49.19965";"-82.03894";"-291.9446";"-65.38275";"-39.66772";"-216.9702";"-49.19965";"-82.03894";"-291.9446";"-65.38275";"-39.66772"
"14272.59";"-216.9693";"-49.19366";"-82.03894";"-291.9446";"-65.38281";"-39.67419";"-216.9693";"-49.19366";"-82.03894";"-291.9446";"-65.38281";"-39.67419"
"14280.93";"-216.9232";"-49.17487";"-82.03894";"-291.9446";"-65.31848";"-39.7066";"-216.9232";"-49.17487";"-82.03894";"-291.9446";"-65.31848";"-39.7066"
"14289.28";"-216.92";"-49.16754";"-82.03894";"-291.9446";"-65.29987";"-39.6994";"-216.92";"-49.16754";"-82.03894";"-291.9446";"-65.29987";"-39.6994"
"14297.62";"-216.9081";"-49.16675";"-82.03894";"-291.9446";"-65.25623";"-39.71118";"-216.9081";"-49.16675";"-82.03894";"-291.9446";"-65.25623";"-39.71118"
"14305.96";"-216.897";"-49.15662";"-82.03894";"-291.9446";"-65.23444";"-39.7049";"-216.897";"-49.15662";"-82.03894";"-291.9446";"-65.23444";"-39.7049"
"14314.3";"-216.8379";"-49.13116";"-82.03894";"-291.9446";"-65.19836";"-39.72797";"-216.8379";"-49.13116";"-82.03894";"-291.9446";"-65.19836";"-39.72797"
"14322.64";"-216.8419";"-49.10962";"-82.03894";"-291.9446";"-65.20544";"-39.74414";"-216.8419";"-49.10962";"-82.03894";"-291.9446";"-65.20544";"-39.74414"
"14330.98";"-216.8342";"-49.10443";"-82.03894";"-291.9446";"-65.16907";"-39.78235";"-216.8342";"-49.10443";"-82.03894";"-291.9446";"-65.16907";"-39.78235"
"14339.33";"-216.805";"-49.09857";"-82.03894";"-291.9446";"-65.1629";"-39.78638";"-216.805";"-49.09857";"-82.03894";"-291.9446";"-65.1629";"-39.78638"
"14347.67";"-216.7648";"-49.09662";"-82.03894";"-291.9446";"-65.09888";"-39.78717";"-216.7648";"-49.09662";"-82.03894";"-291.9446";"-65.09888";"-39.78717"
"14356.01";"-216.7531";"-49.091";"-82.03894";"-291.9446";"-65.09888";"-39.78766";"-216.7531";"-49.091";"-82.03894";"-291.9446";"-65.09888";"-39.78766"
"14364.35";"-216.7305";"-49.07489";"-82.03894";"-291.9446";"-65.0675";"-39.79547";"-216.7305";"-49.07489";"-82.03894";"-291.9446";"-65.0675";"-39.79547"
"14372.69";"-216.7196";"-49.05615";"-82.03894";"-291.9446";"-65.06744";"-39.80164";"-216.7196";"-49.05615";"-82.03894";"-291.9446";"-65.06744";"-39.80164"
"14381.03";"-216.6841";"-49.03931";"-82.03894";"-291.9446";"-65.04138";"-39.82501";"-216.6841";"-49.03931";"-82.03894";"-291.9446";"-65.04138";"-39.82501"
"14389.38";"-216.5455";"-48.99744";"-82.03894";"-291.9446";"-65.00128";"-39.84045";"-216.5455";"-48.99744";"-82.03894";"-291.9446";"-65.00128";"-39.84045"
"14397.72";"-216.5455";"-48.99744";"-82.03894";"-291.9446";"-64.98987";"-39.84857";"-216.5455";"-48.99744";"-82.03894";"-291.9446";"-64.98987";"-39.84857"
"14406.06";"-216.5573";"-48.99341";"-82.03894";"-291.9446";"-64.97223";"-39.86401";"-216.5573";"-48.99341";"-82.03894";"-291.9446";"-64.97223";"-39.86401"
"14414.4";"-216.5419";"-48.99158";"-82.03894";"-291.9446";"-64.93359";"-39.86273";"-216.5419";"-48.99158";"-82.03894";"-291.9446";"-64.93359";"-39.86273"
"14422.74";"-216.5416";"-48.99152";"-82.03894";"-291.9446";"-64.91077";"-39.87622";"-216.5416";"-48.99152";"-82.03894";"-291.9446";"-64.91077";"-39.87622"
"14431.08";"-216.4907";"-48.85779";"-82.03894";"-291.9446";"-64.91058";"-39.87317";"-216.4907";"-48.85779";"-82.03894";"-291.9446";"-64.91058";"-39.87317"
"14439.42";"-216.4927";"-48.85291";"-82.03894";"-291.9446";"-64.89349";"-39.89105";"-216.4927";"-48.85291";"-82.03894";"-291.9446";"-64.89349";"-39.89105"
"14447.77";"-216.4522";"-48.82593";"-82.03894";"-291.9446";"-64.86182";"-39.9035";"-216.4522";"-48.82593";"-82.03894";"-291.9446";"-64.86182";"-39.9035"
"14456.11";"-216.4305";"-48.81445";"-82.03894";"-291.9446";"-64.82562";"-39.90149";"-216.4305";"-48.81445";"-82.03894";"-291.9446";"-64.82562";"-39.90149"
"14464.45";"-216.4268";"-48.79156";"-82.03894";"-291.9446";"-64.79419";"-39.91681";"-216.4268";"-48.79156";"-82.03894";"-291.9446";"-64.79419";"-39.91681"
"14472.79";"-216.409";"-48.77057";"-82.03894";"-291.9446";"-64.78882";"-39.9173";"-216.409";"-48.77057";"-82.03894";"-291.9446";"-64.78882";"-39.9173"
"14481.13";"-216.3927";"-48.75256";"-82.03894";"-291.9446";"-64.76147";"-39.91693";"-216.3927";"-48.75256";"-82.03894";"-291.9446";"-64.76147";"-39.91693"
"14489.47";"-216.3953";"-48.74957";"-82.03894";"-291.9446";"-64.74359";"-39.92407";"-216.3953";"-48.74957";"-82.03894";"-291.9446";"-64.74359";"-39.92407"
"14497.82";"-216.3783";"-48.72522";"-82.03894";"-291.9446";"-64.66888";"-39.95428";"-216.3783";"-48.72522";"-82.03894";"-291.9446";"-64.66888";"-39.95428"
"14506.16";"-216.3513";"-48.7132";"-82.03894";"-291.9446";"-64.65802";"-39.96539";"-216.3513";"-48.7132";"-82.03894";"-291.9446";"-64.65802";"-39.96539"
"14514.5";"-216.3259";"-48.71637";"-82.03894";"-291.9446";"-64.63855";"-39.97571";"-216.3259";"-48.71637";"-82.03894";"-291.9446";"-64.63855";"-39.97571"
"14522.84";"-216.3174";"-48.69458";"-82.03894";"-291.9446";"-64.57654";"-39.94281";"-216.3174";"-48.69458";"-82.03894";"-291.9446";"-64.57654";"-39.94281"
"14531.18";"-216.2794";"-48.70142";"-82.03894";"-291.9446";"-64.54529";"-39.99915";"-216.2794";"-48.70142";"-82.03894";"-291.9446";"-64.54529";"-39.99915"
"14539.53";"-216.2711";"-48.68176";"-82.03894";"-291.9446";"-64.52258";"-40.00696";"-216.2711";"-48.68176";"-82.03894";"-291.9446";"-64.52258";"-40.00696"
"14547.87";"-216.2509";"-48.67566";"-82.03894";"-291.9446";"-64.49939";"-40.02875";"-216.2509";"-48.67566";"-82.03894";"-291.9446";"-64.49939";"-40.02875"
"14556.21";"-216.2244";"-48.6665";"-82.03894";"-291.9446";"-64.49225";"-40.04279";"-216.2244";"-48.6665";"-82.03894";"-291.9446";"-64.49225";"-40.04279"
"14564.55";"-216.1947";"-48.6521";"-82.03894";"-291.9446";"-64.46997";"-40.04584";"-216.1947";"-48.6521";"-82.03894";"-291.9446";"-64.46997";"-40.04584"
"14572.89";"-216.193";"-48.64728";"-82.03894";"-291.9446";"-64.43915";"-40.05414";"-216.193";"-48.64728";"-82.03894";"-291.9446";"-64.43915";"-40.05414"
"14581.23";"-216.1646";"-48.6131";"-82.03894";"-291.9446";"-64.41125";"-40.06366";"-216.1646";"-48.6131";"-82.03894";"-291.9446";"-64.41125";"-40.06366"
"14589.58";"-216.1698";"-48.59467";"-82.03894";"-291.9446";"-64.38";"-40.08722";"-216.1698";"-48.59467";"-82.03894";"-291.9446";"-64.38";"-40.08722"
"14597.92";"-216.1405";"-48.5777";"-82.03894";"-291.9446";"-64.35461";"-40.09229";"-216.1405";"-48.5777";"-82.03894";"-291.9446";"-64.35461";"-40.09229"
"14606.26";"-216.1142";"-48.58167";"-82.03894";"-291.9446";"-64.32507";"-40.11292";"-216.1142";"-48.58167";"-82.03894";"-291.9446";"-64.32507";"-40.11292"
"14614.6";"-216.1025";"-48.5705";"-82.03894";"-291.9446";"-64.27234";"-40.07489";"-216.1025";"-48.5705";"-82.03894";"-291.9446";"-64.27234";"-40.07489"
"14622.94";"-216.0835";"-48.56116";"-82.03894";"-291.9446";"-64.25134";"-40.10797";"-216.0835";"-48.56116";"-82.03894";"-291.9446";"-64.25134";"-40.10797"
"14631.28";"-216.0353";"-48.55164";"-82.03894";"-291.9446";"-64.21844";"-40.12567";"-216.0353";"-48.55164";"-82.03894";"-291.9446";"-64.21844";"-40.12567"
"14639.63";"-216.0333";"-48.52191";"-82.03894";"-291.9446";"-64.19391";"-40.13635";"-216.0333";"-48.52191";"-82.03894";"-291.9446";"-64.19391";"-40.13635"
"14647.97";"-215.9509";"-48.50403";"-82.03894";"-291.9446";"-64.18823";"-40.14014";"-215.9509";"-48.50403";"-82.03894";"-291.9446";"-64.18823";"-40.14014"
"14656.31";"-215.934";"-48.52429";"-82.03894";"-291.9446";"-64.1579";"-40.14954";"-215.934";"-48.52429";"-82.03894";"-291.9446";"-64.1579";"-40.14954"
"14664.65";"-215.917";"-48.50085";"-82.03894";"-291.9446";"-64.13385";"-40.15631";"-215.917";"-48.50085";"-82.03894";"-291.9446";"-64.13385";"-40.15631"
"14672.99";"-215.6987";"-48.49408";"-82.03894";"-291.9446";"-64.1131";"-40.16046";"-215.6987";"-48.49408";"-82.03894";"-291.9446";"-64.1131";"-40.16046"
"14681.33";"-215.6487";"-48.47424";"-82.03894";"-291.9446";"-64.06378";"-40.18622";"-215.6487";"-48.47424";"-82.03894";"-291.9446";"-64.06378";"-40.18622"
"14689.67";"-215.6451";"-48.47504";"-82.03894";"-291.9446";"-64.03699";"-40.19214";"-215.6451";"-48.47504";"-82.03894";"-291.9446";"-64.03699";"-40.19214"
"14698.02";"-215.4801";"-48.35022";"-82.03894";"-291.9446";"-64.03235";"-40.19232";"-215.4801";"-48.35022";"-82.03894";"-291.9446";"-64.03235";"-40.19232"
"14706.36";"-215.4664";"-48.33264";"-82.03894";"-291.9446";"-63.99847";"-40.1864";"-215.4664";"-48.33264";"-82.03894";"-291.9446";"-63.99847";"-40.1864"
"14714.7";"-215.4749";"-48.33984";"-82.03894";"-291.9446";"-63.98846";"-40.20343";"-215.4749";"-48.33984";"-82.03894";"-291.9446";"-63.98846";"-40.20343"
"14723.04";"-215.4565";"-48.3399";"-82.03894";"-291.9446";"-63.97699";"-40.20123";"-215.4565";"-48.3399";"-82.03894";"-291.9446";"-63.97699";"-40.20123"
"14731.38";"-215.449";"-48.33386";"-82.03894";"-291.9446";"-63.95325";"-40.20062";"-215.449";"-48.33386";"-82.03894";"-291.9446";"-63.95325";"-40.20062"
"14739.72";"-215.4399";"-48.32727";"-82.03894";"-291.9446";"-63.93195";"-40.22607";"-215.4399";"-48.32727";"-82.03894";"-291.9446";"-63.93195";"-40.22607"
"14748.07";"-215.3925";"-48.32379";"-82.03894";"-291.9446";"-63.91235";"-40.22571";"-215.3925";"-48.32379";"-82.03894";"-291.9446";"-63.91235";"-40.22571"
"14756.41";"-215.3887";"-48.31189";"-82.03894";"-291.9446";"-63.87885";"-40.25171";"-215.3887";"-48.31189";"-82.03894";"-291.9446";"-63.87885";"-40.25171"
"14764.75";"-215.3857";"-48.30139";"-82.03894";"-291.9446";"-63.86322";"-40.2569";"-215.3857";"-48.30139";"-82.03894";"-291.9446";"-63.86322";"-40.2569"
"14773.09";"-215.3737";"-48.29376";"-82.03894";"-291.9446";"-63.84845";"-40.26782";"-215.3737";"-48.29376";"-82.03894";"-291.9446";"-63.84845";"-40.26782"
"14781.43";"-215.3543";"-48.28607";"-82.03894";"-291.9446";"-63.82361";"-40.27313";"-215.3543";"-48.28607";"-82.03894";"-291.9446";"-63.82361";"-40.27313"
"14789.78";"-215.3302";"-48.27679";"-82.03894";"-291.9446";"-63.78888";"-40.29022";"-215.3302";"-48.27679";"-82.03894";"-291.9446";"-63.78888";"-40.29022"
"14798.12";"-215.293";"-48.26813";"-82.03894";"-291.9446";"-63.75079";"-40.30811";"-215.293";"-48.26813";"-82.03894";"-291.9446";"-63.75079";"-40.30811"
"14806.46";"-215.287";"-48.26044";"-82.03894";"-291.9446";"-63.73651";"-40.30884";"-215.287";"-48.26044";"-82.03894";"-291.9446";"-63.73651";"-40.30884"
"14814.8";"-215.2582";"-48.22571";"-82.03894";"-291.9446";"-63.69995";"-40.33417";"-215.2582";"-48.22571";"-82.03894";"-291.9446";"-63.69995";"-40.33417"
"14823.14";"-215.2457";"-48.21216";"-82.03894";"-291.9446";"-63.68848";"-40.33337";"-215.2457";"-48.21216";"-82.03894";"-291.9446";"-63.68848";"-40.33337"
"14831.48";"-215.2449";"-48.19385";"-82.03894";"-291.9446";"-63.66541";"-40.35602";"-215.2449";"-48.19385";"-82.03894";"-291.9446";"-63.66541";"-40.35602"
"14839.83";"-215.2062";"-48.19666";"-82.03894";"-291.9446";"-63.64758";"-40.3587";"-215.2062";"-48.19666";"-82.03894";"-291.9446";"-63.64758";"-40.3587"
"14848.17";"-215.2061";"-48.19196";"-82.03894";"-291.9446";"-63.6109";"-40.37518";"-215.2061";"-48.19196";"-82.03894";"-291.9446";"-63.6109";"-40.37518"
"14856.51";"-215.1881";"-48.18164";"-82.03894";"-291.9446";"-63.61212";"-40.37988";"-215.1881";"-48.18164";"-82.03894";"-291.9446";"-63.61212";"-40.37988"
"14864.85";"-215.1751";"-48.17139";"-82.03894";"-291.9446";"-63.56384";"-40.39203";"-215.1751";"-48.17139";"-82.03894";"-291.9446";"-63.56384";"-40.39203"
"14873.19";"-215.1309";"-48.17511";"-82.03894";"-291.9446";"-63.55249";"-40.39154";"-215.1309";"-48.17511";"-82.03894";"-291.9446";"-63.55249";"-40.39154"
"14881.53";"-215.1277";"-48.15247";"-82.03894";"-291.9446";"-63.5274";"-40.41138";"-215.1277";"-48.15247";"-82.03894";"-291.9446";"-63.5274";"-40.41138"
"14889.88";"-215.102";"-48.1463";"-82.03894";"-291.9446";"-63.46582";"-40.435";"-215.102";"-48.1463";"-82.03894";"-291.9446";"-63.46582";"-40.435"
"14898.22";"-215.0195";"-48.14362";"-82.03894";"-291.9446";"-63.45166";"-40.44128";"-215.0195";"-48.14362";"-82.03894";"-291.9446";"-63.45166";"-40.44128"
"14906.56";"-215.0254";"-48.14313";"-82.03894";"-291.9446";"-63.42914";"-40.46045";"-215.0254";"-48.14313";"-82.03894";"-291.9446";"-63.42914";"-40.46045"
"14914.9";"-214.9854";"-48.12762";"-82.03894";"-291.9446";"-63.39673";"-40.48767";"-214.9854";"-48.12762";"-82.03894";"-291.9446";"-63.39673";"-40.48767"
"14923.24";"-214.9991";"-48.10779";"-82.03894";"-291.9446";"-63.38672";"-40.47906";"-214.9991";"-48.10779";"-82.03894";"-291.9446";"-63.38672";"-40.47906"
"14931.58";"-214.9651";"-48.11139";"-82.03894";"-291.9446";"-63.32489";"-40.50751";"-214.9651";"-48.11139";"-82.03894";"-291.9446";"-63.32489";"-40.50751"
"14939.92";"-214.9323";"-48.09662";"-82.03894";"-291.9446";"-63.3006";"-40.54407";"-214.9323";"-48.09662";"-82.03894";"-291.9446";"-63.3006";"-40.54407"
"14948.27";"-214.9182";"-48.08868";"-82.03894";"-291.9446";"-63.25781";"-40.53937";"-214.9182";"-48.08868";"-82.03894";"-291.9446";"-63.25781";"-40.53937"
"14956.61";"-214.8988";"-48.0899";"-82.03894";"-291.9446";"-63.23871";"-40.55481";"-214.8988";"-48.0899";"-82.03894";"-291.9446";"-63.23871";"-40.55481"
"14964.95";"-214.8928";"-48.07782";"-82.03894";"-291.9446";"-63.21033";"-40.56097";"-214.8928";"-48.07782";"-82.03894";"-291.9446";"-63.21033";"-40.56097"
"14973.29";"-214.8732";"-48.07245";"-82.03894";"-291.9446";"-63.18842";"-40.56226";"-214.8732";"-48.07245";"-82.03894";"-291.9446";"-63.18842";"-40.56226"
"14981.63";"-214.8344";"-48.06793";"-82.03894";"-291.9446";"-63.1546";"-40.59851";"-214.8344";"-48.06793";"-82.03894";"-291.9446";"-63.1546";"-40.59851"
"14989.97";"-214.8255";"-48.06537";"-82.03894";"-291.9446";"-63.12482";"-40.61401";"-214.8255";"-48.06537";"-82.03894";"-291.9446";"-63.12482";"-40.61401"
"14998.32";"-214.7656";"-48.05371";"-82.03894";"-291.9446";"-63.06915";"-40.64008";"-214.7656";"-48.05371";"-82.03894";"-291.9446";"-63.06915";"-40.64008"
"15006.66";"-214.7595";"-48.0484";"-82.03894";"-291.9446";"-63.06903";"-40.64447";"-214.7595";"-48.0484";"-82.03894";"-291.9446";"-63.06903";"-40.64447"
"15015";"-214.7137";"-48.0426";"-82.03894";"-291.9446";"-63.05206";"-40.65216";"-214.7137";"-48.0426";"-82.03894";"-291.9446";"-63.05206";"-40.65216"
"15023.34";"-214.7256";"-48.02863";"-82.03894";"-291.9446";"-63.02844";"-40.67712";"-214.7256";"-48.02863";"-82.03894";"-291.9446";"-63.02844";"-40.67712"
"15031.68";"-214.6879";"-48.02716";"-82.03894";"-291.9446";"-63.01898";"-40.7019";"-214.6879";"-48.02716";"-82.03894";"-291.9446";"-63.01898";"-40.7019"
"15040.03";"-214.6564";"-48.00269";"-82.03894";"-291.9446";"-63.00494";"-40.70581";"-214.6564";"-48.00269";"-82.03894";"-291.9446";"-63.00494";"-40.70581"
"15048.37";"-214.6066";"-47.99811";"-82.03894";"-291.9446";"-62.9671";"-40.72119";"-214.6066";"-47.99811";"-82.03894";"-291.9446";"-62.9671";"-40.72119"
"15056.71";"-214.5836";"-47.9873";"-82.03894";"-291.9446";"-62.95667";"-40.71094";"-214.5836";"-47.9873";"-82.03894";"-291.9446";"-62.95667";"-40.71094"
"15065.05";"-214.5292";"-47.95361";"-82.03894";"-291.9446";"-62.91949";"-40.73962";"-214.5292";"-47.95361";"-82.03894";"-291.9446";"-62.91949";"-40.73962"
"15073.39";"-214.5289";"-47.96027";"-82.03894";"-291.9446";"-62.90564";"-40.73956";"-214.5289";"-47.96027";"-82.03894";"-291.9446";"-62.90564";"-40.73956"
"15081.73";"-214.4774";"-47.80396";"-82.03894";"-291.9446";"-62.88599";"-40.74554";"-214.4774";"-47.80396";"-82.03894";"-291.9446";"-62.88599";"-40.74554"
"15090.08";"-214.4759";"-47.78558";"-82.03894";"-291.9446";"-62.82166";"-40.76624";"-214.4759";"-47.78558";"-82.03894";"-291.9446";"-62.82166";"-40.76624"
"15098.42";"-214.452";"-47.78992";"-82.03894";"-291.9446";"-62.82001";"-40.78809";"-214.452";"-47.78992";"-82.03894";"-291.9446";"-62.82001";"-40.78809"
"15106.76";"-214.4368";"-47.79034";"-82.03894";"-291.9446";"-62.81226";"-40.79291";"-214.4368";"-47.79034";"-82.03894";"-291.9446";"-62.81226";"-40.79291"
"15115.1";"-214.4238";"-47.75928";"-82.03894";"-291.9446";"-62.74609";"-40.80304";"-214.4238";"-47.75928";"-82.03894";"-291.9446";"-62.74609";"-40.80304"
"15123.44";"-214.4058";"-47.7558";"-82.03894";"-291.9446";"-62.74689";"-40.82172";"-214.4058";"-47.7558";"-82.03894";"-291.9446";"-62.74689";"-40.82172"
"15131.78";"-214.3961";"-47.71313";"-82.03894";"-291.9446";"-62.71729";"-40.83899";"-214.3961";"-47.71313";"-82.03894";"-291.9446";"-62.71729";"-40.83899"
"15140.13";"-214.3872";"-47.71674";"-82.03894";"-291.9446";"-62.6925";"-40.85284";"-214.3872";"-47.71674";"-82.03894";"-291.9446";"-62.6925";"-40.85284"
"15148.47";"-214.358";"-47.68597";"-82.03894";"-291.9446";"-62.65009";"-40.84424";"-214.358";"-47.68597";"-82.03894";"-291.9446";"-62.65009";"-40.84424"
"15156.81";"-214.3549";"-47.68402";"-82.03894";"-291.9446";"-62.64429";"-40.8678";"-214.3549";"-47.68402";"-82.03894";"-291.9446";"-62.64429";"-40.8678"
"15165.15";"-214.3438";"-47.65985";"-82.03894";"-291.9446";"-62.61938";"-40.86945";"-214.3438";"-47.65985";"-82.03894";"-291.9446";"-62.61938";"-40.86945"
"15173.49";"-214.332";"-47.65436";"-82.03894";"-291.9446";"-62.60767";"-40.87775";"-214.332";"-47.65436";"-82.03894";"-291.9446";"-62.60767";"-40.87775"
"15181.83";"-214.3109";"-47.60443";"-82.03894";"-291.9446";"-62.56592";"-40.89874";"-214.3109";"-47.60443";"-82.03894";"-291.9446";"-62.56592";"-40.89874"
"15190.17";"-214.2815";"-47.60956";"-82.03894";"-291.9446";"-62.53802";"-40.90912";"-214.2815";"-47.60956";"-82.03894";"-291.9446";"-62.53802";"-40.90912"
"15198.52";"-214.2753";"-47.57214";"-82.03894";"-291.9446";"-62.51355";"-40.91852";"-214.2753";"-47.57214";"-82.03894";"-291.9446";"-62.51355";"-40.91852"
"15206.86";"-214.266";"-47.56317";"-82.03894";"-291.9446";"-62.49896";"-40.94855";"-214.266";"-47.56317";"-82.03894";"-291.9446";"-62.49896";"-40.94855"
"15215.2";"-214.2392";"-47.56177";"-82.03894";"-291.9446";"-62.40863";"-40.98157";"-214.2392";"-47.56177";"-82.03894";"-291.9446";"-62.40863";"-40.98157"
"15223.54";"-214.2204";"-47.54803";"-82.03894";"-291.9446";"-62.40851";"-40.98425";"-214.2204";"-47.54803";"-82.03894";"-291.9446";"-62.40851";"-40.98425"
"15231.88";"-214.1865";"-47.52502";"-82.03894";"-291.9446";"-62.3819";"-40.98071";"-214.1865";"-47.52502";"-82.03894";"-291.9446";"-62.3819";"-40.98071"
"15240.22";"-214.1561";"-47.51685";"-82.03894";"-291.9446";"-62.35583";"-40.98871";"-214.1561";"-47.51685";"-82.03894";"-291.9446";"-62.35583";"-40.98871"
"15248.57";"-214.1558";"-47.50317";"-82.03894";"-291.9446";"-62.31915";"-41.00085";"-214.1558";"-47.50317";"-82.03894";"-291.9446";"-62.31915";"-41.00085"
"15256.91";"-213.983";"-47.49841";"-82.03894";"-291.9446";"-62.31561";"-41.00854";"-213.983";"-47.49841";"-82.03894";"-291.9446";"-62.31561";"-41.00854"
"15265.25";"-213.9232";"-47.46936";"-82.03894";"-291.9446";"-62.27246";"-41.02997";"-213.9232";"-47.46936";"-82.03894";"-291.9446";"-62.27246";"-41.02997"
"15273.59";"-213.9116";"-47.46973";"-82.03894";"-291.9446";"-62.28101";"-41.03613";"-213.9116";"-47.46973";"-82.03894";"-291.9446";"-62.28101";"-41.03613"
"15281.93";"-213.8993";"-47.47003";"-82.03894";"-291.9446";"-62.23315";"-41.05811";"-213.8993";"-47.47003";"-82.03894";"-291.9446";"-62.23315";"-41.05811"
"15290.28";"-213.8679";"-47.46106";"-82.03894";"-291.9446";"-62.16211";"-41.05646";"-213.8679";"-47.46106";"-82.03894";"-291.9446";"-62.16211";"-41.05646"
"15298.62";"-213.8611";"-47.44971";"-82.03894";"-291.9446";"-62.15875";"-41.02844";"-213.8611";"-47.44971";"-82.03894";"-291.9446";"-62.15875";"-41.02844"
"15306.96";"-213.8347";"-47.44244";"-82.03894";"-291.9446";"-62.15033";"-41.03687";"-213.8347";"-47.44244";"-82.03894";"-291.9446";"-62.15033";"-41.03687"
"15315.3";"-213.8241";"-47.44104";"-82.03894";"-291.9446";"-62.14044";"-41.03735";"-213.8241";"-47.44104";"-82.03894";"-291.9446";"-62.14044";"-41.03735"
"15323.64";"-213.7791";"-47.42731";"-82.03894";"-291.9446";"-62.12854";"-41.05792";"-213.7791";"-47.42731";"-82.03894";"-291.9446";"-62.12854";"-41.05792"
"15331.98";"-213.7858";"-47.43311";"-82.03894";"-291.9446";"-62.08588";"-41.06647";"-213.7858";"-47.43311";"-82.03894";"-291.9446";"-62.08588";"-41.06647"
"15340.33";"-213.7574";"-47.42926";"-82.03894";"-291.9446";"-62.06482";"-41.06323";"-213.7574";"-47.42926";"-82.03894";"-291.9446";"-62.06482";"-41.06323"
"15348.67";"-213.7203";"-47.42078";"-82.03894";"-291.9446";"-62.02667";"-41.09851";"-213.7203";"-47.42078";"-82.03894";"-291.9446";"-62.02667";"-41.09851"
"15357.01";"-213.7103";"-47.41833";"-82.03894";"-291.9446";"-62.01013";"-41.1012";"-213.7103";"-47.41833";"-82.03894";"-291.9446";"-62.01013";"-41.1012"
"15365.35";"-213.6514";"-47.41357";"-82.03894";"-291.9446";"-61.99377";"-41.1167";"-213.6514";"-47.41357";"-82.03894";"-291.9446";"-61.99377";"-41.1167"
"15373.69";"-213.6276";"-47.40009";"-82.03894";"-291.9446";"-61.98535";"-41.12897";"-213.6276";"-47.40009";"-82.03894";"-291.9446";"-61.98535";"-41.12897"
"15382.03";"-213.6076";"-47.40039";"-82.03894";"-291.9446";"-61.93713";"-41.16107";"-213.6076";"-47.40039";"-82.03894";"-291.9446";"-61.93713";"-41.16107"
"15390.38";"-213.47";"-47.24213";"-82.03894";"-291.9446";"-61.8847";"-41.13818";"-213.47";"-47.24213";"-82.03894";"-291.9446";"-61.8847";"-41.13818"
"15398.72";"-213.4501";"-47.23303";"-82.03894";"-291.9446";"-61.86926";"-41.16144";"-213.4501";"-47.23303";"-82.03894";"-291.9446";"-61.86926";"-41.16144"
"15407.06";"-213.4443";"-47.23535";"-82.03894";"-291.9446";"-61.85889";"-41.16833";"-213.4443";"-47.23535";"-82.03894";"-291.9446";"-61.85889";"-41.16833"
"15415.4";"-213.4445";"-47.22107";"-82.03894";"-291.9446";"-61.82697";"-41.17279";"-213.4445";"-47.22107";"-82.03894";"-291.9446";"-61.82697";"-41.17279"
"15423.74";"-213.4332";"-47.22638";"-82.03894";"-291.9446";"-61.80554";"-41.19629";"-213.4332";"-47.22638";"-82.03894";"-291.9446";"-61.80554";"-41.19629"
"15432.08";"-213.3918";"-47.20795";"-82.03894";"-291.9446";"-61.77423";"-41.19336";"-213.3918";"-47.20795";"-82.03894";"-291.9446";"-61.77423";"-41.19336"
"15440.42";"-213.3848";"-47.20032";"-82.03894";"-291.9446";"-61.76941";"-41.19794";"-213.3848";"-47.20032";"-82.03894";"-291.9446";"-61.76941";"-41.19794"
"15448.77";"-213.3677";"-47.18707";"-82.03894";"-291.9446";"-61.75159";"-41.20801";"-213.3677";"-47.18707";"-82.03894";"-291.9446";"-61.75159";"-41.20801"
"15457.11";"-213.3647";"-47.18567";"-82.03894";"-291.9446";"-61.72473";"-41.21887";"-213.3647";"-47.18567";"-82.03894";"-291.9446";"-61.72473";"-41.21887"
"15465.45";"-213.36";"-47.16766";"-82.03894";"-291.9446";"-61.68298";"-41.2312";"-213.36";"-47.16766";"-82.03894";"-291.9446";"-61.68298";"-41.2312"
"15473.79";"-213.3453";"-47.1651";"-82.03894";"-291.9446";"-61.67847";"-41.23462";"-213.3453";"-47.1651";"-82.03894";"-291.9446";"-61.67847";"-41.23462"
"15482.13";"-213.303";"-47.09918";"-82.03894";"-291.9446";"-61.62494";"-41.24658";"-213.303";"-47.09918";"-82.03894";"-291.9446";"-61.62494";"-41.24658"
"15490.47";"-213.2715";"-47.10492";"-82.03894";"-291.9446";"-61.61554";"-41.24811";"-213.2715";"-47.10492";"-82.03894";"-291.9446";"-61.61554";"-41.24811"
"15498.82";"-213.2873";"-47.10663";"-82.03894";"-291.9446";"-61.58795";"-41.2561";"-213.2873";"-47.10663";"-82.03894";"-291.9446";"-61.58795";"-41.2561"
"15507.16";"-213.2667";"-47.10645";"-82.03894";"-291.9446";"-61.56781";"-41.27283";"-213.2667";"-47.10645";"-82.03894";"-291.9446";"-61.56781";"-41.27283"
"15515.5";"-213.2176";"-47.08905";"-82.03894";"-291.9446";"-61.56561";"-41.26715";"-213.2176";"-47.08905";"-82.03894";"-291.9446";"-61.56561";"-41.26715"
"15523.84";"-213.1863";"-47.08148";"-82.03894";"-291.9446";"-61.45813";"-41.30859";"-213.1863";"-47.08148";"-82.03894";"-291.9446";"-61.45813";"-41.30859"
"15532.18";"-213.1884";"-47.08148";"-82.03894";"-291.9446";"-61.44421";"-41.32312";"-213.1884";"-47.08148";"-82.03894";"-291.9446";"-61.44421";"-41.32312"
"15540.53";"-213.1625";"-47.08313";"-82.03894";"-291.9446";"-61.41949";"-41.31976";"-213.1625";"-47.08313";"-82.03894";"-291.9446";"-61.41949";"-41.31976"
"15548.87";"-213.1334";"-47.06915";"-82.03894";"-291.9446";"-61.40692";"-41.34528";"-213.1334";"-47.06915";"-82.03894";"-291.9446";"-61.40692";"-41.34528"
"15557.21";"-213.1206";"-47.05884";"-82.03894";"-291.9446";"-61.40552";"-41.3573";"-213.1206";"-47.05884";"-82.03894";"-291.9446";"-61.40552";"-41.3573"
"15565.55";"-213.0875";"-47.04193";"-82.03894";"-291.9446";"-61.36511";"-41.3858";"-213.0875";"-47.04193";"-82.03894";"-291.9446";"-61.36511";"-41.3858"
"15573.89";"-213.0529";"-47.04498";"-82.03894";"-291.9446";"-61.33234";"-41.3913";"-213.0529";"-47.04498";"-82.03894";"-291.9446";"-61.33234";"-41.3913"
"15582.23";"-213.0482";"-47.03088";"-82.03894";"-291.9446";"-61.31897";"-41.40155";"-213.0482";"-47.03088";"-82.03894";"-291.9446";"-61.31897";"-41.40155"
"15590.58";"-213.0355";"-47.03217";"-82.03894";"-291.9446";"-61.2962";"-41.4115";"-213.0355";"-47.03217";"-82.03894";"-291.9446";"-61.2962";"-41.4115"
"15598.92";"-213.0186";"-46.99323";"-82.03894";"-291.9446";"-61.26227";"-41.41785";"-213.0186";"-46.99323";"-82.03894";"-291.9446";"-61.26227";"-41.41785"
"15607.26";"-212.9913";"-46.99072";"-82.03894";"-291.9446";"-61.20923";"-41.40924";"-212.9913";"-46.99072";"-82.03894";"-291.9446";"-61.20923";"-41.40924"
"15615.6";"-212.9294";"-46.96997";"-82.03894";"-291.9446";"-61.17297";"-41.41052";"-212.9294";"-46.96997";"-82.03894";"-291.9446";"-61.17297";"-41.41052"
"15623.94";"-212.9269";"-46.95984";"-82.03894";"-291.9446";"-61.13611";"-41.42725";"-212.9269";"-46.95984";"-82.03894";"-291.9446";"-61.13611";"-41.42725"
"15632.28";"-212.8795";"-46.9613";"-82.03894";"-291.9446";"-61.15314";"-41.43073";"-212.8795";"-46.9613";"-82.03894";"-291.9446";"-61.15314";"-41.43073"
"15640.63";"-212.8554";"-46.95441";"-82.03894";"-291.9446";"-61.117";"-41.45514";"-212.8554";"-46.95441";"-82.03894";"-291.9446";"-61.117";"-41.45514"
"15648.97";"-212.817";"-46.93823";"-82.03894";"-291.9446";"-61.10089";"-41.45715";"-212.817";"-46.93823";"-82.03894";"-291.9446";"-61.10089";"-41.45715"
"15657.31";"-212.8118";"-46.93433";"-82.03894";"-291.9446";"-61.0752";"-41.47003";"-212.8118";"-46.93433";"-82.03894";"-291.9446";"-61.0752";"-41.47003"
"15665.65";"-212.7879";"-46.9165";"-82.03894";"-291.9446";"-61.04254";"-41.49036";"-212.7879";"-46.9165";"-82.03894";"-291.9446";"-61.04254";"-41.49036"
"15673.99";"-212.7476";"-46.91449";"-82.03894";"-291.9446";"-61.00854";"-41.49756";"-212.7476";"-46.91449";"-82.03894";"-291.9446";"-61.00854";"-41.49756"
"15682.33";"-212.707";"-46.88605";"-82.03894";"-291.9446";"-60.95142";"-41.51276";"-212.707";"-46.88605";"-82.03894";"-291.9446";"-60.95142";"-41.51276"
"15690.67";"-212.7083";"-46.88525";"-82.03894";"-291.9446";"-60.93121";"-41.51276";"-212.7083";"-46.88525";"-82.03894";"-291.9446";"-60.93121";"-41.51276"
"15699.02";"-212.6738";"-46.86267";"-82.03894";"-291.9446";"-60.90802";"-41.52332";"-212.6738";"-46.86267";"-82.03894";"-291.9446";"-60.90802";"-41.52332"
"15707.36";"-212.6692";"-46.84808";"-82.03894";"-291.9446";"-60.90112";"-41.57098";"-212.6692";"-46.84808";"-82.03894";"-291.9446";"-60.90112";"-41.57098"
"15715.7";"-212.6416";"-46.83209";"-82.03894";"-291.9446";"-60.85138";"-41.5531";"-212.6416";"-46.83209";"-82.03894";"-291.9446";"-60.85138";"-41.5531"
"15724.04";"-212.6153";"-46.83026";"-82.03894";"-291.9446";"-60.82007";"-41.56818";"-212.6153";"-46.83026";"-82.03894";"-291.9446";"-60.82007";"-41.56818"
"15732.38";"-212.5967";"-46.80518";"-82.03894";"-291.9446";"-60.81042";"-41.60004";"-212.5967";"-46.80518";"-82.03894";"-291.9446";"-60.81042";"-41.60004"
"15740.72";"-212.5943";"-46.79443";"-82.03894";"-291.9446";"-60.77753";"-41.59711";"-212.5943";"-46.79443";"-82.03894";"-291.9446";"-60.77753";"-41.59711"
"15749.07";"-212.5546";"-46.78711";"-82.03894";"-291.9446";"-60.70355";"-41.61493";"-212.5546";"-46.78711";"-82.03894";"-291.9446";"-60.70355";"-41.61493"
"15757.41";"-212.5137";"-46.78455";"-82.03894";"-291.9446";"-60.69836";"-41.63983";"-212.5137";"-46.78455";"-82.03894";"-291.9446";"-60.69836";"-41.63983"
"15765.75";"-212.4601";"-46.5874";"-82.03894";"-291.9446";"-60.65289";"-41.62103";"-212.4601";"-46.5874";"-82.03894";"-291.9446";"-60.65289";"-41.62103"
"15774.09";"-212.4659";"-46.57184";"-82.03894";"-291.9446";"-60.63757";"-41.64941";"-212.4659";"-46.57184";"-82.03894";"-291.9446";"-60.63757";"-41.64941"
"15782.43";"-212.436";"-46.56964";"-82.03894";"-291.9446";"-60.63342";"-41.67847";"-212.436";"-46.56964";"-82.03894";"-291.9446";"-60.63342";"-41.67847"
"15790.78";"-212.4304";"-46.56036";"-82.03894";"-291.9446";"-60.62091";"-41.66614";"-212.4304";"-46.56036";"-82.03894";"-291.9446";"-60.62091";"-41.66614"
"15799.12";"-212.4021";"-46.52887";"-82.03894";"-291.9446";"-60.55505";"-41.71442";"-212.4021";"-46.52887";"-82.03894";"-291.9446";"-60.55505";"-41.71442"
"15807.46";"-212.4";"-46.53149";"-82.03894";"-291.9446";"-60.53729";"-41.72241";"-212.4";"-46.53149";"-82.03894";"-291.9446";"-60.53729";"-41.72241"
"15815.8";"-212.3769";"-46.50385";"-82.03894";"-291.9446";"-60.52759";"-41.72223";"-212.3769";"-46.50385";"-82.03894";"-291.9446";"-60.52759";"-41.72223"
"15824.14";"-212.2224";"-46.49884";"-82.03894";"-291.9446";"-60.50757";"-41.71021";"-212.2224";"-46.49884";"-82.03894";"-291.9446";"-60.50757";"-41.71021"
"15832.48";"-212.1968";"-46.48639";"-82.03894";"-291.9446";"-60.46954";"-41.78418";"-212.1968";"-46.48639";"-82.03894";"-291.9446";"-60.46954";"-41.78418"
"15840.83";"-212.1774";"-46.47888";"-82.03894";"-291.9446";"-60.44348";"-41.8042";"-212.1774";"-46.47888";"-82.03894";"-291.9446";"-60.44348";"-41.8042"
"15849.17";"-212.136";"-46.47192";"-82.03894";"-291.9446";"-60.39276";"-41.81274";"-212.136";"-46.47192";"-82.03894";"-291.9446";"-60.39276";"-41.81274"
"15857.51";"-212.1228";"-46.4588";"-82.03894";"-291.9446";"-60.38196";"-41.80988";"-212.1228";"-46.4588";"-82.03894";"-291.9446";"-60.38196";"-41.80988"
"15865.85";"-212.1078";"-46.42523";"-82.03894";"-291.9446";"-60.32074";"-41.8316";"-212.1078";"-46.42523";"-82.03894";"-291.9446";"-60.32074";"-41.8316"
"15874.19";"-212.1043";"-46.41974";"-82.03894";"-291.9446";"-60.3053";"-41.85303";"-212.1043";"-46.41974";"-82.03894";"-291.9446";"-60.3053";"-41.85303"
"15882.53";"-212.0855";"-46.41577";"-82.03894";"-291.9446";"-60.28607";"-41.87164";"-212.0855";"-46.41577";"-82.03894";"-291.9446";"-60.28607";"-41.87164"
"15890.88";"-212.0688";"-46.40302";"-82.03894";"-291.9446";"-60.27234";"-41.87433";"-212.0688";"-46.40302";"-82.03894";"-291.9446";"-60.27234";"-41.87433"
"15899.22";"-211.9374";"-46.35626";"-82.03894";"-291.9446";"-60.21484";"-41.87524";"-211.9374";"-46.35626";"-82.03894";"-291.9446";"-60.21484";"-41.87524"
"15907.56";"-211.9293";"-46.36414";"-82.03894";"-291.9446";"-60.20789";"-41.87866";"-211.9293";"-46.36414";"-82.03894";"-291.9446";"-60.20789";"-41.87866"
"15915.9";"-211.9232";"-46.35779";"-82.03894";"-291.9446";"-60.19659";"-41.88904";"-211.9232";"-46.35779";"-82.03894";"-291.9446";"-60.19659";"-41.88904"
"15924.24";"-211.9216";"-46.34491";"-82.03894";"-291.9446";"-60.18317";"-41.89496";"-211.9216";"-46.34491";"-82.03894";"-291.9446";"-60.18317";"-41.89496"
"15932.58";"-211.8839";"-46.35889";"-82.03894";"-291.9446";"-60.15369";"-41.91254";"-211.8839";"-46.35889";"-82.03894";"-291.9446";"-60.15369";"-41.91254"
"15940.92";"-211.8715";"-46.35815";"-82.03894";"-291.9446";"-60.13501";"-41.93353";"-211.8715";"-46.35815";"-82.03894";"-291.9446";"-60.13501";"-41.93353"
"15949.27";"-211.842";"-46.34869";"-82.03894";"-291.9446";"-60.1236";"-41.93042";"-211.842";"-46.34869";"-82.03894";"-291.9446";"-60.1236";"-41.93042"
"15957.61";"-211.8241";"-46.33923";"-82.03894";"-291.9446";"-60.09607";"-41.93695";"-211.8241";"-46.33923";"-82.03894";"-291.9446";"-60.09607";"-41.93695"
"15965.95";"-211.8112";"-46.30884";"-82.03894";"-291.9446";"-60.08154";"-41.96051";"-211.8112";"-46.30884";"-82.03894";"-291.9446";"-60.08154";"-41.96051"
"15974.29";"-211.809";"-46.30914";"-82.03894";"-291.9446";"-60.06689";"-41.97113";"-211.809";"-46.30914";"-82.03894";"-291.9446";"-60.06689";"-41.97113"
"15982.63";"-211.7526";"-46.30811";"-82.03894";"-291.9446";"-60.03998";"-41.96912";"-211.7526";"-46.30811";"-82.03894";"-291.9446";"-60.03998";"-41.96912"
"15990.97";"-211.7509";"-46.30817";"-82.03894";"-291.9446";"-60.01392";"-41.99225";"-211.7509";"-46.30817";"-82.03894";"-291.9446";"-60.01392";"-41.99225"
"15999.32";"-211.6919";"-46.28802";"-82.03894";"-291.9446";"-60.013";"-42.01068";"-211.6919";"-46.28802";"-82.03894";"-291.9446";"-60.013";"-42.01068"
"16007.66";"-211.6764";"-46.29297";"-82.03894";"-291.9446";"-59.98706";"-42.01227";"-211.6764";"-46.29297";"-82.03894";"-291.9446";"-59.98706";"-42.01227"
"16016";"-211.6212";"-46.28046";"-82.03894";"-291.9446";"-59.8924";"-42.02972";"-211.6212";"-46.28046";"-82.03894";"-291.9446";"-59.8924";"-42.02972"
"16024.34";"-211.6227";"-46.27753";"-82.03894";"-291.9446";"-59.8924";"-42.03027";"-211.6227";"-46.27753";"-82.03894";"-291.9446";"-59.8924";"-42.03027"
"16032.68";"-211.519";"-46.26929";"-82.03894";"-291.9446";"-59.88153";"-42.04956";"-211.519";"-46.26929";"-82.03894";"-291.9446";"-59.88153";"-42.04956"
"16041.03";"-211.5059";"-46.25934";"-82.03894";"-291.9446";"-59.85974";"-42.05518";"-211.5059";"-46.25934";"-82.03894";"-291.9446";"-59.85974";"-42.05518"
"16049.37";"-211.4633";"-46.12567";"-82.03894";"-291.9446";"-59.83136";"-42.04169";"-211.4633";"-46.12567";"-82.03894";"-291.9446";"-59.83136";"-42.04169"
"16057.71";"-211.4597";"-46.12134";"-82.03894";"-291.9446";"-59.8139";"-42.04352";"-211.4597";"-46.12134";"-82.03894";"-291.9446";"-59.8139";"-42.04352"
"16066.05";"-211.4312";"-46.11957";"-82.03894";"-291.9446";"-59.75287";"-42.05463";"-211.4312";"-46.11957";"-82.03894";"-291.9446";"-59.75287";"-42.05463"
"16074.39";"-211.4003";"-46.12299";"-82.03894";"-291.9446";"-59.72614";"-42.06494";"-211.4003";"-46.12299";"-82.03894";"-291.9446";"-59.72614";"-42.06494"
"16082.73";"-211.4013";"-46.10242";"-82.03894";"-291.9446";"-59.71271";"-42.09766";"-211.4013";"-46.10242";"-82.03894";"-291.9446";"-59.71271";"-42.09766"
"16091.08";"-211.3655";"-46.08813";"-82.03894";"-291.9446";"-59.68506";"-42.09839";"-211.3655";"-46.08813";"-82.03894";"-291.9446";"-59.68506";"-42.09839"
"16099.42";"-211.3177";"-46.07544";"-82.03894";"-291.9446";"-59.65015";"-42.13031";"-211.3177";"-46.07544";"-82.03894";"-291.9446";"-59.65015";"-42.13031"
"16107.76";"-211.2972";"-46.07013";"-82.03894";"-291.9446";"-59.64557";"-42.14191";"-211.2972";"-46.07013";"-82.03894";"-291.9446";"-59.64557";"-42.14191"
"16116.1";"-211.2963";"-46.05212";"-82.03894";"-291.9446";"-59.58832";"-42.14917";"-211.2963";"-46.05212";"-82.03894";"-291.9446";"-59.58832";"-42.14917"
"16124.44";"-211.2839";"-46.04425";"-82.03894";"-291.9446";"-59.57098";"-42.15674";"-211.2839";"-46.04425";"-82.03894";"-291.9446";"-59.57098";"-42.15674"
"16132.78";"-211.2623";"-46.03809";"-82.03894";"-291.9446";"-59.53528";"-42.1554";"-211.2623";"-46.03809";"-82.03894";"-291.9446";"-59.53528";"-42.1554"
"16141.13";"-211.2532";"-46.03235";"-82.03894";"-291.9446";"-59.52661";"-42.1687";"-211.2532";"-46.03235";"-82.03894";"-291.9446";"-59.52661";"-42.1687"
"16149.47";"-211.2032";"-46.03308";"-82.03894";"-291.9446";"-59.47736";"-42.22015";"-211.2032";"-46.03308";"-82.03894";"-291.9446";"-59.47736";"-42.22015"
"16157.81";"-211.2131";"-46.01825";"-82.03894";"-291.9446";"-59.46527";"-42.22369";"-211.2131";"-46.01825";"-82.03894";"-291.9446";"-59.46527";"-42.22369"
"16166.15";"-211.1686";"-46.00189";"-82.03894";"-291.9446";"-59.39923";"-42.22906";"-211.1686";"-46.00189";"-82.03894";"-291.9446";"-59.39923";"-42.22906"
"16174.49";"-211.1619";"-45.99078";"-82.03894";"-291.9446";"-59.37195";"-42.23138";"-211.1619";"-45.99078";"-82.03894";"-291.9446";"-59.37195";"-42.23138"
"16182.83";"-211.1359";"-45.974";"-82.03894";"-291.9446";"-59.3667";"-42.25299";"-211.1359";"-45.974";"-82.03894";"-291.9446";"-59.3667";"-42.25299"
"16191.17";"-211.1162";"-45.97089";"-82.03894";"-291.9446";"-59.33618";"-42.26031";"-211.1162";"-45.97089";"-82.03894";"-291.9446";"-59.33618";"-42.26031"
"16199.52";"-211.0649";"-45.95349";"-82.03894";"-291.9446";"-59.28131";"-42.26935";"-211.0649";"-45.95349";"-82.03894";"-291.9446";"-59.28131";"-42.26935"
"16207.86";"-211.0643";"-45.95367";"-82.03894";"-291.9446";"-59.26123";"-42.26843";"-211.0643";"-45.95367";"-82.03894";"-291.9446";"-59.26123";"-42.26843"
"16216.2";"-211.0211";"-45.92786";"-82.03894";"-291.9446";"-59.24731";"-42.28754";"-211.0211";"-45.92786";"-82.03894";"-291.9446";"-59.24731";"-42.28754"
"16224.54";"-210.9898";"-45.91406";"-82.03894";"-291.9446";"-59.21014";"-42.29297";"-210.9898";"-45.91406";"-82.03894";"-291.9446";"-59.21014";"-42.29297"
"16232.88";"-210.9573";"-45.88861";"-82.03894";"-291.9446";"-59.17737";"-42.31";"-210.9573";"-45.88861";"-82.03894";"-291.9446";"-59.17737";"-42.31"
"16241.22";"-210.9294";"-45.88202";"-82.03894";"-291.9446";"-59.1662";"-42.31201";"-210.9294";"-45.88202";"-82.03894";"-291.9446";"-59.1662";"-42.31201"
"16249.57";"-210.8964";"-45.86719";"-82.03894";"-291.9446";"-59.09973";"-42.32349";"-210.8964";"-45.86719";"-82.03894";"-291.9446";"-59.09973";"-42.32349"
"16257.91";"-210.8925";"-45.86633";"-82.03894";"-291.9446";"-59.09686";"-42.33209";"-210.8925";"-45.86633";"-82.03894";"-291.9446";"-59.09686";"-42.33209"
"16266.25";"-210.8677";"-45.85059";"-82.03894";"-291.9446";"-58.99249";"-42.32318";"-210.8677";"-45.85059";"-82.03894";"-291.9446";"-58.99249";"-42.32318"
"16274.59";"-210.8635";"-45.83563";"-82.03894";"-291.9446";"-59.00458";"-42.3396";"-210.8635";"-45.83563";"-82.03894";"-291.9446";"-59.00458";"-42.3396"
"16282.93";"-210.8133";"-45.85492";"-82.03894";"-291.9446";"-58.99854";"-42.35089";"-210.8133";"-45.85492";"-82.03894";"-291.9446";"-58.99854";"-42.35089"
"16291.28";"-210.815";"-45.85315";"-82.03894";"-291.9446";"-58.97241";"-42.36041";"-210.815";"-45.85315";"-82.03894";"-291.9446";"-58.97241";"-42.36041"
"16299.62";"-210.7157";"-45.81781";"-82.03894";"-291.9446";"-58.96063";"-42.37097";"-210.7157";"-45.81781";"-82.03894";"-291.9446";"-58.96063";"-42.37097"
"16307.96";"-210.7122";"-45.80499";"-82.03894";"-291.9446";"-58.93488";"-42.39044";"-210.7122";"-45.80499";"-82.03894";"-291.9446";"-58.93488";"-42.39044"
"16316.3";"-210.6719";"-45.81458";"-82.03894";"-291.9446";"-58.89545";"-42.39368";"-210.6719";"-45.81458";"-82.03894";"-291.9446";"-58.89545";"-42.39368"
"16324.64";"-210.6736";"-45.81036";"-82.03894";"-291.9446";"-58.88306";"-42.39758";"-210.6736";"-45.81036";"-82.03894";"-291.9446";"-58.88306";"-42.39758"
"16332.98";"-210.5918";"-45.80035";"-82.03894";"-291.9446";"-58.85645";"-42.42975";"-210.5918";"-45.80035";"-82.03894";"-291.9446";"-58.85645";"-42.42975"
"16341.33";"-210.5992";"-45.79382";"-82.03894";"-291.9446";"-58.84735";"-42.43311";"-210.5992";"-45.79382";"-82.03894";"-291.9446";"-58.84735";"-42.43311"
"16349.67";"-210.5533";"-45.78613";"-82.03894";"-291.9446";"-58.80579";"-42.42206";"-210.5533";"-45.78613";"-82.03894";"-291.9446";"-58.80579";"-42.42206"
"16358.01";"-210.5399";"-45.77075";"-82.03894";"-291.9446";"-58.77319";"-42.44116";"-210.5399";"-45.77075";"-82.03894";"-291.9446";"-58.77319";"-42.44116"
"16366.35";"-210.5204";"-45.76453";"-82.03894";"-291.9446";"-58.74683";"-42.45551";"-210.5204";"-45.76453";"-82.03894";"-291.9446";"-58.74683";"-42.45551"
"16374.69";"-210.5022";"-45.75372";"-82.03894";"-291.9446";"-58.73529";"-42.46521";"-210.5022";"-45.75372";"-82.03894";"-291.9446";"-58.73529";"-42.46521"
"16383.03";"-210.46";"-45.54346";"-82.03894";"-291.9446";"-58.7066";"-42.47919";"-210.46";"-45.54346";"-82.03894";"-291.9446";"-58.7066";"-42.47919"
"16391.38";"-210.2634";"-45.47723";"-82.03894";"-291.9446";"-58.55304";"-42.54761";"-210.2634";"-45.47723";"-82.03894";"-291.9446";"-58.55304";"-42.54761"
"16399.72";"-210.259";"-45.47272";"-82.03894";"-291.9446";"-58.55042";"-42.54736";"-210.259";"-45.47272";"-82.03894";"-291.9446";"-58.55042";"-42.54736"
"16408.06";"-210.256";"-45.46173";"-82.03894";"-291.9446";"-58.55042";"-42.5415";"-210.256";"-45.46173";"-82.03894";"-291.9446";"-58.55042";"-42.5415"
"16416.4";"-210.2343";"-45.4624";"-82.03894";"-291.9446";"-58.51575";"-42.55798";"-210.2343";"-45.4624";"-82.03894";"-291.9446";"-58.51575";"-42.55798"
"16424.74";"-210.2397";"-45.44037";"-82.03894";"-291.9446";"-58.49329";"-42.60669";"-210.2397";"-45.44037";"-82.03894";"-291.9446";"-58.49329";"-42.60669"
"16433.08";"-210.178";"-45.44226";"-82.03894";"-291.9446";"-58.45715";"-42.63019";"-210.178";"-45.44226";"-82.03894";"-291.9446";"-58.45715";"-42.63019"
"16441.43";"-210.1703";"-45.42322";"-82.03894";"-291.9446";"-58.43402";"-42.62506";"-210.1703";"-45.42322";"-82.03894";"-291.9446";"-58.43402";"-42.62506"
"16449.77";"-210.1629";"-45.40167";"-82.03894";"-291.9446";"-58.42035";"-42.64844";"-210.1629";"-45.40167";"-82.03894";"-291.9446";"-58.42035";"-42.64844"
"16458.11";"-210.1441";"-45.40192";"-82.03894";"-291.9446";"-58.40247";"-42.66675";"-210.1441";"-45.40192";"-82.03894";"-291.9446";"-58.40247";"-42.66675"
"16466.45";"-210.1168";"-45.39478";"-82.03894";"-291.9446";"-58.35223";"-42.68738";"-210.1168";"-45.39478";"-82.03894";"-291.9446";"-58.35223";"-42.68738"
"16474.79";"-210.0829";"-45.38916";"-82.03894";"-291.9446";"-58.33362";"-42.69696";"-210.0829";"-45.38916";"-82.03894";"-291.9446";"-58.33362";"-42.69696"
"16483.13";"-210.0641";"-45.37573";"-82.03894";"-291.9446";"-58.30811";"-42.71008";"-210.0641";"-45.37573";"-82.03894";"-291.9446";"-58.30811";"-42.71008"
"16491.47";"-209.9974";"-45.3598";"-82.03894";"-291.9446";"-58.28137";"-42.73639";"-209.9974";"-45.3598";"-82.03894";"-291.9446";"-58.28137";"-42.73639"
"16499.82";"-210.0236";"-45.34607";"-82.03894";"-291.9446";"-58.24994";"-42.77563";"-210.0236";"-45.34607";"-82.03894";"-291.9446";"-58.24994";"-42.77563"
"16508.16";"-209.978";"-45.32587";"-82.03894";"-291.9446";"-58.23846";"-42.79205";"-209.978";"-45.32587";"-82.03894";"-291.9446";"-58.23846";"-42.79205"
"16516.5";"-209.953";"-45.32599";"-82.03894";"-291.9446";"-58.2027";"-42.79633";"-209.953";"-45.32599";"-82.03894";"-291.9446";"-58.2027";"-42.79633"
"16524.84";"-209.9464";"-45.32813";"-82.03894";"-291.9446";"-58.18073";"-42.81134";"-209.9464";"-45.32813";"-82.03894";"-291.9446";"-58.18073";"-42.81134"
"16533.18";"-209.9003";"-45.31622";"-82.03894";"-291.9446";"-58.04602";"-42.81122";"-209.9003";"-45.31622";"-82.03894";"-291.9446";"-58.04602";"-42.81122"
"16541.53";"-209.8664";"-45.29553";"-82.03894";"-291.9446";"-58.04602";"-42.81476";"-209.8664";"-45.29553";"-82.03894";"-291.9446";"-58.04602";"-42.81476"
"16549.87";"-209.8627";"-45.29156";"-82.03894";"-291.9446";"-58.04987";"-42.82556";"-209.8627";"-45.29156";"-82.03894";"-291.9446";"-58.04987";"-42.82556"
"16558.21";"-209.8555";"-45.28503";"-82.03894";"-291.9446";"-58.04529";"-42.83191";"-209.8555";"-45.28503";"-82.03894";"-291.9446";"-58.04529";"-42.83191"
"16566.55";"-209.8013";"-45.27246";"-82.03894";"-291.9446";"-58.03577";"-42.84003";"-209.8013";"-45.27246";"-82.03894";"-291.9446";"-58.03577";"-42.84003"
"16574.89";"-209.7976";"-45.27094";"-82.03894";"-291.9446";"-58.02344";"-42.8429";"-209.7976";"-45.27094";"-82.03894";"-291.9446";"-58.02344";"-42.8429"
"16583.23";"-209.7509";"-45.25775";"-82.03894";"-291.9446";"-57.99768";"-42.85596";"-209.7509";"-45.25775";"-82.03894";"-291.9446";"-57.99768";"-42.85596"
"16591.57";"-209.7264";"-45.2525";"-82.03894";"-291.9446";"-57.99438";"-42.88263";"-209.7264";"-45.2525";"-82.03894";"-291.9446";"-57.99438";"-42.88263"
"16599.92";"-209.6702";"-45.22266";"-82.03894";"-291.9446";"-57.95428";"-42.87982";"-209.6702";"-45.22266";"-82.03894";"-291.9446";"-57.95428";"-42.87982"
"16608.26";"-209.6223";"-45.21735";"-82.03894";"-291.9446";"-57.93353";"-42.88116";"-209.6223";"-45.21735";"-82.03894";"-291.9446";"-57.93353";"-42.88116"
"16616.6";"-209.6226";"-45.21625";"-82.03894";"-291.9446";"-57.92322";"-42.90582";"-209.6226";"-45.21625";"-82.03894";"-291.9446";"-57.92322";"-42.90582"
"16624.94";"-209.624";"-45.22119";"-82.03894";"-291.9446";"-57.88782";"-42.92236";"-209.624";"-45.22119";"-82.03894";"-291.9446";"-57.88782";"-42.92236"
"16633.28";"-209.5491";"-45.20172";"-82.03894";"-291.9446";"-57.75513";"-42.92065";"-209.5491";"-45.20172";"-82.03894";"-291.9446";"-57.75513";"-42.92065"
"16641.63";"-209.5065";"-45.20099";"-82.03894";"-291.9446";"-57.76678";"-42.93536";"-209.5065";"-45.20099";"-82.03894";"-291.9446";"-57.76678";"-42.93536"
"16649.97";"-209.4643";"-45.06842";"-82.03894";"-291.9446";"-57.75269";"-42.95496";"-209.4643";"-45.06842";"-82.03894";"-291.9446";"-57.75269";"-42.95496"
"16658.31";"-209.4453";"-45.04272";"-82.03894";"-291.9446";"-57.74078";"-42.96411";"-209.4453";"-45.04272";"-82.03894";"-291.9446";"-57.74078";"-42.96411"
"16666.65";"-209.4534";"-45.01971";"-82.03894";"-291.9446";"-57.72369";"-42.96985";"-209.4534";"-45.01971";"-82.03894";"-291.9446";"-57.72369";"-42.96985"
"16674.99";"-209.451";"-45.01685";"-82.03894";"-291.9446";"-57.71405";"-42.9884";"-209.451";"-45.01685";"-82.03894";"-291.9446";"-57.71405";"-42.9884"
"16683.33";"-209.3969";"-44.98315";"-82.03894";"-291.9446";"-57.67218";"-43.01404";"-209.3969";"-44.98315";"-82.03894";"-291.9446";"-57.67218";"-43.01404"
"16691.68";"-209.3839";"-44.9845";"-82.03894";"-291.9446";"-57.65631";"-43.02344";"-209.3839";"-44.9845";"-82.03894";"-291.9446";"-57.65631";"-43.02344"
"16700.02";"-209.3531";"-44.96686";"-82.03894";"-291.9446";"-57.62024";"-43.02301";"-209.3531";"-44.96686";"-82.03894";"-291.9446";"-57.62024";"-43.02301"
"16708.36";"-209.3401";"-44.94153";"-82.03894";"-291.9446";"-57.59363";"-43.03485";"-209.3401";"-44.94153";"-82.03894";"-291.9446";"-57.59363";"-43.03485"
"16716.7";"-209.3268";"-44.95007";"-82.03894";"-291.9446";"-57.55994";"-43.03198";"-209.3268";"-44.95007";"-82.03894";"-291.9446";"-57.55994";"-43.03198"
"16725.04";"-209.2858";"-44.92841";"-82.03894";"-291.9446";"-57.54071";"-43.04791";"-209.2858";"-44.92841";"-82.03894";"-291.9446";"-57.54071";"-43.04791"
"16733.38";"-209.2692";"-44.90991";"-82.03894";"-291.9446";"-57.49371";"-43.08862";"-209.2692";"-44.90991";"-82.03894";"-291.9446";"-57.49371";"-43.08862"
"16741.72";"-209.2477";"-44.9118";"-82.03894";"-291.9446";"-57.43707";"-43.11481";"-209.2477";"-44.9118";"-82.03894";"-291.9446";"-57.43707";"-43.11481"
"16750.07";"-209.2083";"-44.87512";"-82.03894";"-291.9446";"-57.45477";"-43.10693";"-209.2083";"-44.87512";"-82.03894";"-291.9446";"-57.45477";"-43.10693"
"16758.41";"-209.1899";"-44.86963";"-82.03894";"-291.9446";"-57.41595";"-43.11981";"-209.1899";"-44.86963";"-82.03894";"-291.9446";"-57.41595";"-43.11981"
"16766.75";"-209.1437";"-44.85236";"-82.03894";"-291.9446";"-57.27032";"-43.13715";"-209.1437";"-44.85236";"-82.03894";"-291.9446";"-57.27032";"-43.13715"
"16775.09";"-209.1393";"-44.82294";"-82.03894";"-291.9446";"-57.28003";"-43.1532";"-209.1393";"-44.82294";"-82.03894";"-291.9446";"-57.28003";"-43.1532"
"16783.43";"-209.1006";"-44.82593";"-82.03894";"-291.9446";"-57.27252";"-43.15881";"-209.1006";"-44.82593";"-82.03894";"-291.9446";"-57.27252";"-43.15881"
"16791.78";"-209.0993";"-44.80835";"-82.03894";"-291.9446";"-57.27362";"-43.16016";"-209.0993";"-44.80835";"-82.03894";"-291.9446";"-57.27362";"-43.16016"
"16800.12";"-209.0741";"-44.78363";"-82.03894";"-291.9446";"-57.22717";"-43.17352";"-209.0741";"-44.78363";"-82.03894";"-291.9446";"-57.22717";"-43.17352"
"16808.46";"-209.0356";"-44.79224";"-82.03894";"-291.9446";"-57.21521";"-43.18726";"-209.0356";"-44.79224";"-82.03894";"-291.9446";"-57.21521";"-43.18726"
"16816.8";"-208.9755";"-44.76031";"-82.03894";"-291.9446";"-57.17853";"-43.17834";"-208.9755";"-44.76031";"-82.03894";"-291.9446";"-57.17853";"-43.17834"
"16825.14";"-208.9551";"-44.74512";"-82.03894";"-291.9446";"-57.1629";"-43.18628";"-208.9551";"-44.74512";"-82.03894";"-291.9446";"-57.1629";"-43.18628"
"16833.48";"-208.9504";"-44.73456";"-82.03894";"-291.9446";"-57.12933";"-43.21106";"-208.9504";"-44.73456";"-82.03894";"-291.9446";"-57.12933";"-43.21106"
"16841.82";"-208.9476";"-44.72638";"-82.03894";"-291.9446";"-57.10388";"-43.21503";"-208.9476";"-44.72638";"-82.03894";"-291.9446";"-57.10388";"-43.21503"
"16850.17";"-208.9221";"-44.71106";"-82.03894";"-291.9446";"-57.07776";"-43.22595";"-208.9221";"-44.71106";"-82.03894";"-291.9446";"-57.07776";"-43.22595"
"16858.51";"-208.9046";"-44.69025";"-82.03894";"-291.9446";"-57.07733";"-43.22766";"-208.9046";"-44.69025";"-82.03894";"-291.9446";"-57.07733";"-43.22766"
"16866.85";"-208.8965";"-44.71118";"-82.03894";"-291.9446";"-57.0448";"-43.23828";"-208.8965";"-44.71118";"-82.03894";"-291.9446";"-57.0448";"-43.23828"
"16875.19";"-208.8495";"-44.68439";"-82.03894";"-291.9446";"-57.03217";"-43.24542";"-208.8495";"-44.68439";"-82.03894";"-291.9446";"-57.03217";"-43.24542"
"16883.53";"-208.8204";"-44.67896";"-82.03894";"-291.9446";"-57.01038";"-43.24762";"-208.8204";"-44.67896";"-82.03894";"-291.9446";"-57.01038";"-43.24762"
"16891.88";"-208.8047";"-44.6308";"-82.03894";"-291.9446";"-56.99146";"-43.25372";"-208.8047";"-44.6308";"-82.03894";"-291.9446";"-56.99146";"-43.25372"
"16900.22";"-208.7607";"-44.60846";"-82.03894";"-291.9446";"-56.90051";"-43.30585";"-208.7607";"-44.60846";"-82.03894";"-291.9446";"-56.90051";"-43.30585"
"16908.56";"-208.751";"-44.59589";"-82.03894";"-291.9446";"-56.8844";"-43.29822";"-208.751";"-44.59589";"-82.03894";"-291.9446";"-56.8844";"-43.29822"
"16916.9";"-208.7197";"-44.58368";"-82.03894";"-291.9446";"-56.86298";"-43.31934";"-208.7197";"-44.58368";"-82.03894";"-291.9446";"-56.86298";"-43.31934"
"16925.24";"-208.6802";"-44.55609";"-82.03894";"-291.9446";"-56.85223";"-43.31964";"-208.6802";"-44.55609";"-82.03894";"-291.9446";"-56.85223";"-43.31964"
"16933.58";"-208.6567";"-44.56232";"-82.03894";"-291.9446";"-56.80847";"-43.33832";"-208.6567";"-44.56232";"-82.03894";"-291.9446";"-56.80847";"-43.33832"
"16941.93";"-208.4511";"-44.41327";"-82.03894";"-291.9446";"-56.7934";"-43.33142";"-208.4511";"-44.41327";"-82.03894";"-291.9446";"-56.7934";"-43.33142"
"16950.27";"-208.4639";"-44.414";"-82.03894";"-291.9446";"-56.78583";"-43.3374";"-208.4639";"-44.414";"-82.03894";"-291.9446";"-56.78583";"-43.3374"
"16958.61";"-208.4264";"-44.39423";"-82.03894";"-291.9446";"-56.75861";"-43.34906";"-208.4264";"-44.39423";"-82.03894";"-291.9446";"-56.75861";"-43.34906"
"16966.95";"-208.4097";"-44.38379";"-82.03894";"-291.9446";"-56.73834";"-43.36249";"-208.4097";"-44.38379";"-82.03894";"-291.9446";"-56.73834";"-43.36249"
"16975.29";"-208.3793";"-44.36469";"-82.03894";"-291.9446";"-56.71082";"-43.38208";"-208.3793";"-44.36469";"-82.03894";"-291.9446";"-56.71082";"-43.38208"
"16983.63";"-208.3474";"-44.34222";"-82.03894";"-291.9446";"-56.69141";"-43.38257";"-208.3474";"-44.34222";"-82.03894";"-291.9446";"-56.69141";"-43.38257"
"16991.97";"-208.3286";"-44.32642";"-82.03894";"-291.9446";"-56.66168";"-43.38507";"-208.3286";"-44.32642";"-82.03894";"-291.9446";"-56.66168";"-43.38507"
"17000.32";"-208.3007";"-44.31818";"-82.03894";"-291.9446";"-56.51794";"-43.40063";"-208.3007";"-44.31818";"-82.03894";"-291.9446";"-56.51794";"-43.40063"
"17008.66";"-208.2931";"-44.30951";"-82.03894";"-291.9446";"-56.52106";"-43.40918";"-208.2931";"-44.30951";"-82.03894";"-291.9446";"-56.52106";"-43.40918"
"17017";"-208.2368";"-44.3075";"-82.03894";"-291.9446";"-56.50446";"-43.43903";"-208.2368";"-44.3075";"-82.03894";"-291.9446";"-56.50446";"-43.43903"
"17025.34";"-208.2225";"-44.27783";"-82.03894";"-291.9446";"-56.49396";"-43.4895";"-208.2225";"-44.27783";"-82.03894";"-291.9446";"-56.49396";"-43.4895"
"17033.68";"-208.2115";"-44.2641";"-82.03894";"-291.9446";"-56.46643";"-43.49866";"-208.2115";"-44.2641";"-82.03894";"-291.9446";"-56.46643";"-43.49866"
"17042.03";"-208.1876";"-44.2403";"-82.03894";"-291.9446";"-56.40106";"-43.52362";"-208.1876";"-44.2403";"-82.03894";"-291.9446";"-56.40106";"-43.52362"
"17050.37";"-208.1338";"-44.23602";"-82.03894";"-291.9446";"-56.36255";"-43.51385";"-208.1338";"-44.23602";"-82.03894";"-291.9446";"-56.36255";"-43.51385"
"17058.71";"-208.1259";"-44.2453";"-82.03894";"-291.9446";"-56.3562";"-43.52295";"-208.1259";"-44.2453";"-82.03894";"-291.9446";"-56.3562";"-43.52295"
"17067.05";"-208.0968";"-44.22656";"-82.03894";"-291.9446";"-56.28809";"-43.53015";"-208.0968";"-44.22656";"-82.03894";"-291.9446";"-56.28809";"-43.53015"
"17075.39";"-208.0728";"-44.22223";"-82.03894";"-291.9446";"-56.26208";"-43.56219";"-208.0728";"-44.22223";"-82.03894";"-291.9446";"-56.26208";"-43.56219"
"17083.73";"-208.0503";"-44.20587";"-82.03894";"-291.9446";"-56.24139";"-43.56085";"-208.0503";"-44.20587";"-82.03894";"-291.9446";"-56.24139";"-43.56085"
"17092.07";"-208.0446";"-44.20038";"-82.03894";"-291.9446";"-56.22144";"-43.57648";"-208.0446";"-44.20038";"-82.03894";"-291.9446";"-56.22144";"-43.57648"
"17100.42";"-208.0024";"-44.17798";"-82.03894";"-291.9446";"-56.19586";"-43.61377";"-208.0024";"-44.17798";"-82.03894";"-291.9446";"-56.19586";"-43.61377"
"17108.76";"-207.9705";"-44.18475";"-82.03894";"-291.9446";"-56.17523";"-43.61145";"-207.9705";"-44.18475";"-82.03894";"-291.9446";"-56.17523";"-43.61145"
"17117.1";"-207.9532";"-44.14368";"-82.03894";"-291.9446";"-56.13702";"-43.61218";"-207.9532";"-44.14368";"-82.03894";"-291.9446";"-56.13702";"-43.61218"
"17125.44";"-207.911";"-44.14825";"-82.03894";"-291.9446";"-56.11127";"-43.62897";"-207.911";"-44.14825";"-82.03894";"-291.9446";"-56.11127";"-43.62897"
"17133.78";"-207.8836";"-44.13196";"-82.03894";"-291.9446";"-56.10083";"-43.63342";"-207.8836";"-44.13196";"-82.03894";"-291.9446";"-56.10083";"-43.63342"
"17142.13";"-207.8412";"-44.1377";"-82.03894";"-291.9446";"-56.05963";"-43.65948";"-207.8412";"-44.1377";"-82.03894";"-291.9446";"-56.05963";"-43.65948"
"17150.47";"-207.8121";"-44.10791";"-82.03894";"-291.9446";"-55.9411";"-43.67969";"-207.8121";"-44.10791";"-82.03894";"-291.9446";"-55.9411";"-43.67969"
"17158.81";"-207.8175";"-44.09277";"-82.03894";"-291.9446";"-55.94525";"-43.7005";"-207.8175";"-44.09277";"-82.03894";"-291.9446";"-55.94525";"-43.7005"
"17167.15";"-207.7588";"-44.07617";"-82.03894";"-291.9446";"-55.93713";"-43.69482";"-207.7588";"-44.07617";"-82.03894";"-291.9446";"-55.93713";"-43.69482"
"17175.49";"-207.7469";"-44.07587";"-82.03894";"-291.9446";"-55.93011";"-43.71094";"-207.7469";"-44.07587";"-82.03894";"-291.9446";"-55.93011";"-43.71094"
"17183.83";"-207.6673";"-44.08197";"-82.03894";"-291.9446";"-55.92352";"-43.74713";"-207.6673";"-44.08197";"-82.03894";"-291.9446";"-55.92352";"-43.74713"
"17192.18";"-207.6698";"-44.08478";"-82.03894";"-291.9446";"-55.87738";"-43.75183";"-207.6698";"-44.08478";"-82.03894";"-291.9446";"-55.87738";"-43.75183"
"17200.52";"-207.6252";"-44.07397";"-82.03894";"-291.9446";"-55.88074";"-43.75342";"-207.6252";"-44.07397";"-82.03894";"-291.9446";"-55.88074";"-43.75342"
"17208.86";"-207.6221";"-44.0495";"-82.03894";"-291.9446";"-55.85114";"-43.77478";"-207.6221";"-44.0495";"-82.03894";"-291.9446";"-55.85114";"-43.77478"
"17217.2";"-207.5743";"-44.02991";"-82.03894";"-291.9446";"-55.81213";"-43.80225";"-207.5743";"-44.02991";"-82.03894";"-291.9446";"-55.81213";"-43.80225"
"17225.54";"-207.5397";"-44.02576";"-82.03894";"-291.9446";"-55.78656";"-43.80511";"-207.5397";"-44.02576";"-82.03894";"-291.9446";"-55.78656";"-43.80511"
"17233.88";"-207.548";"-44.01953";"-82.03894";"-291.9446";"-55.76392";"-43.80341";"-207.548";"-44.01953";"-82.03894";"-291.9446";"-55.76392";"-43.80341"
"17242.22";"-207.5338";"-44.00409";"-82.03894";"-291.9446";"-55.73969";"-43.81573";"-207.5338";"-44.00409";"-82.03894";"-291.9446";"-55.73969";"-43.81573"
"17250.57";"-207.4494";"-43.86591";"-82.03894";"-291.9446";"-55.72101";"-43.81085";"-207.4494";"-43.86591";"-82.03894";"-291.9446";"-55.72101";"-43.81085"
"17258.91";"-207.4355";"-43.84778";"-82.03894";"-291.9446";"-55.72125";"-43.81091";"-207.4355";"-43.84778";"-82.03894";"-291.9446";"-55.72125";"-43.81091"
"17267.25";"-207.4373";"-43.8335";"-82.03894";"-291.9446";"-55.69055";"-43.83148";"-207.4373";"-43.8335";"-82.03894";"-291.9446";"-55.69055";"-43.83148"
"17275.59";"-207.405";"-43.82599";"-82.03894";"-291.9446";"-55.69037";"-43.83112";"-207.405";"-43.82599";"-82.03894";"-291.9446";"-55.69037";"-43.83112"
"17283.93";"-207.3807";"-43.80017";"-82.03894";"-291.9446";"-55.45538";"-43.86633";"-207.3807";"-43.80017";"-82.03894";"-291.9446";"-55.45538";"-43.86633"
"17292.28";"-207.3425";"-43.77448";"-82.03894";"-291.9446";"-55.45288";"-43.86615";"-207.3425";"-43.77448";"-82.03894";"-291.9446";"-55.45288";"-43.86615"
"17300.62";"-207.3448";"-43.76495";"-82.03894";"-291.9446";"-55.45428";"-43.88538";"-207.3448";"-43.76495";"-82.03894";"-291.9446";"-55.45428";"-43.88538"
"17308.96";"-207.3186";"-43.74451";"-82.03894";"-291.9446";"-55.45477";"-43.88489";"-207.3186";"-43.74451";"-82.03894";"-291.9446";"-55.45477";"-43.88489"
"17317.3";"-207.2831";"-43.74615";"-82.03894";"-291.9446";"-55.41895";"-43.90753";"-207.2831";"-43.74615";"-82.03894";"-291.9446";"-55.41895";"-43.90753"
"17325.64";"-207.2437";"-43.72205";"-82.03894";"-291.9446";"-55.39948";"-43.92975";"-207.2437";"-43.72205";"-82.03894";"-291.9446";"-55.39948";"-43.92975"
"17333.98";"-207.2177";"-43.70764";"-82.03894";"-291.9446";"-55.40039";"-43.92804";"-207.2177";"-43.70764";"-82.03894";"-291.9446";"-55.40039";"-43.92804"
"17342.32";"-207.1962";"-43.68506";"-82.03894";"-291.9446";"-55.39929";"-43.92719";"-207.1962";"-43.68506";"-82.03894";"-291.9446";"-55.39929";"-43.92719"
"17350.67";"-207.1627";"-43.66632";"-82.03894";"-291.9446";"-55.21448";"-44.0957";"-207.1627";"-43.66632";"-82.03894";"-291.9446";"-55.21448";"-44.0957"
"17359.01";"-207.1488";"-43.6554";"-82.03894";"-291.9446";"-55.21436";"-44.09479";"-207.1488";"-43.6554";"-82.03894";"-291.9446";"-55.21436";"-44.09479"
"17367.35";"-207.1058";"-43.64667";"-82.03894";"-291.9446";"-55.20129";"-44.0719";"-207.1058";"-43.64667";"-82.03894";"-291.9446";"-55.20129";"-44.0719"
"17375.69";"-207.1051";"-43.62976";"-82.03894";"-291.9446";"-55.1925";"-44.07001";"-207.1051";"-43.62976";"-82.03894";"-291.9446";"-55.1925";"-44.07001"
"17384.03";"-207.0729";"-43.60309";"-82.03894";"-291.9446";"-55.17078";"-44.07666";"-207.0729";"-43.60309";"-82.03894";"-291.9446";"-55.17078";"-44.07666"
"17392.38";"-206.8284";"-43.49603";"-82.03894";"-291.9446";"-55.091";"-44.12421";"-206.8284";"-43.49603";"-82.03894";"-291.9446";"-55.091";"-44.12421"
"17400.72";"-206.824";"-43.49933";"-82.03894";"-291.9446";"-55.08942";"-44.12817";"-206.824";"-43.49933";"-82.03894";"-291.9446";"-55.08942";"-44.12817"
"17409.06";"-206.7999";"-43.48932";"-82.03894";"-291.9446";"-55.07581";"-44.13647";"-206.7999";"-43.48932";"-82.03894";"-291.9446";"-55.07581";"-44.13647"
"17417.4";"-206.7875";"-43.48853";"-82.03894";"-291.9446";"-55.07355";"-44.13788";"-206.7875";"-43.48853";"-82.03894";"-291.9446";"-55.07355";"-44.13788"
"17425.74";"-206.7455";"-43.48853";"-82.03894";"-291.9446";"-55.05646";"-44.13611";"-206.7455";"-43.48853";"-82.03894";"-291.9446";"-55.05646";"-44.13611"
"17434.08";"-206.7066";"-43.4873";"-82.03894";"-291.9446";"-55.01825";"-44.15674";"-206.7066";"-43.4873";"-82.03894";"-291.9446";"-55.01825";"-44.15674"
"17442.43";"-206.6879";"-43.48346";"-82.03894";"-291.9446";"-55.01337";"-44.1687";"-206.6879";"-43.48346";"-82.03894";"-291.9446";"-55.01337";"-44.1687"
"17450.77";"-206.649";"-43.45496";"-82.03894";"-291.9446";"-54.98444";"-44.15552";"-206.649";"-43.45496";"-82.03894";"-291.9446";"-54.98444";"-44.15552"
"17459.11";"-206.6184";"-43.46259";"-82.03894";"-291.9446";"-54.93463";"-44.18573";"-206.6184";"-43.46259";"-82.03894";"-291.9446";"-54.93463";"-44.18573"
"17467.45";"-206.5352";"-43.43976";"-82.03894";"-291.9446";"-54.92474";"-44.1806";"-206.5352";"-43.43976";"-82.03894";"-291.9446";"-54.92474";"-44.1806"
"17475.79";"-206.5436";"-43.4361";"-82.03894";"-291.9446";"-54.91443";"-44.17896";"-206.5436";"-43.4361";"-82.03894";"-291.9446";"-54.91443";"-44.17896"
"17484.13";"-206.4802";"-43.32666";"-82.03894";"-291.9446";"-54.86499";"-44.2019";"-206.4802";"-43.32666";"-82.03894";"-291.9446";"-54.86499";"-44.2019"
"17492.47";"-206.4736";"-43.31976";"-82.03894";"-291.9446";"-54.85559";"-44.20746";"-206.4736";"-43.31976";"-82.03894";"-291.9446";"-54.85559";"-44.20746"
"17500.82";"-206.4643";"-43.29724";"-82.03894";"-291.9446";"-54.81598";"-44.21533";"-206.4643";"-43.29724";"-82.03894";"-291.9446";"-54.81598";"-44.21533"
"17509.16";"-206.4386";"-43.28094";"-82.03894";"-291.9446";"-54.79639";"-44.21973";"-206.4386";"-43.28094";"-82.03894";"-291.9446";"-54.79639";"-44.21973"
"17517.5";"-206.4289";"-43.27124";"-82.03894";"-291.9446";"-54.77069";"-44.21478";"-206.4289";"-43.27124";"-82.03894";"-291.9446";"-54.77069";"-44.21478"
"17525.84";"-206.406";"-43.26361";"-82.03894";"-291.9446";"-54.75024";"-44.23718";"-206.406";"-43.26361";"-82.03894";"-291.9446";"-54.75024";"-44.23718"
"17534.18";"-206.3664";"-43.24048";"-82.03894";"-291.9446";"-54.70135";"-44.25983";"-206.3664";"-43.24048";"-82.03894";"-291.9446";"-54.70135";"-44.25983"
"17542.53";"-206.3469";"-43.2204";"-82.03894";"-291.9446";"-54.67517";"-44.27032";"-206.3469";"-43.2204";"-82.03894";"-291.9446";"-54.67517";"-44.27032"
"17550.87";"-206.3257";"-43.2016";"-82.03894";"-291.9446";"-54.65765";"-44.2771";"-206.3257";"-43.2016";"-82.03894";"-291.9446";"-54.65765";"-44.2771"
"17559.21";"-206.3235";"-43.19177";"-82.03894";"-291.9446";"-54.64478";"-44.27307";"-206.3235";"-43.19177";"-82.03894";"-291.9446";"-54.64478";"-44.27307"
"17567.55";"-206.2905";"-43.18896";"-82.03894";"-291.9446";"-54.59668";"-44.31183";"-206.2905";"-43.18896";"-82.03894";"-291.9446";"-54.59668";"-44.31183"
"17575.89";"-206.2764";"-43.16815";"-82.03894";"-291.9446";"-54.56335";"-44.31";"-206.2764";"-43.16815";"-82.03894";"-291.9446";"-54.56335";"-44.31"
"17584.23";"-206.2444";"-43.14752";"-82.03894";"-291.9446";"-54.53284";"-44.33533";"-206.2444";"-43.14752";"-82.03894";"-291.9446";"-54.53284";"-44.33533"
"17592.57";"-206.2015";"-43.14734";"-82.03894";"-291.9446";"-54.49048";"-44.38611";"-206.2015";"-43.14734";"-82.03894";"-291.9446";"-54.49048";"-44.38611"
"17600.92";"-206.1943";"-43.1236";"-82.03894";"-291.9446";"-54.34894";"-44.38556";"-206.1943";"-43.1236";"-82.03894";"-291.9446";"-54.34894";"-44.38556"
"17609.26";"-206.1681";"-43.12079";"-82.03894";"-291.9446";"-54.34375";"-44.39569";"-206.1681";"-43.12079";"-82.03894";"-291.9446";"-54.34375";"-44.39569"
"17617.6";"-206.1512";"-43.09882";"-82.03894";"-291.9446";"-54.32935";"-44.40234";"-206.1512";"-43.09882";"-82.03894";"-291.9446";"-54.32935";"-44.40234"
"17625.94";"-206.1343";"-43.08051";"-82.03894";"-291.9446";"-54.32013";"-44.41974";"-206.1343";"-43.08051";"-82.03894";"-291.9446";"-54.32013";"-44.41974"
"17634.28";"-206.0806";"-43.07739";"-82.03894";"-291.9446";"-54.30939";"-44.42126";"-206.0806";"-43.07739";"-82.03894";"-291.9446";"-54.30939";"-44.42126"
"17642.63";"-206.0566";"-43.05981";"-82.03894";"-291.9446";"-54.2536";"-44.44958";"-206.0566";"-43.05981";"-82.03894";"-291.9446";"-54.2536";"-44.44958"
"17650.97";"-205.9921";"-43.05048";"-82.03894";"-291.9446";"-54.23352";"-44.47662";"-205.9921";"-43.05048";"-82.03894";"-291.9446";"-54.23352";"-44.47662"
"17659.31";"-205.9625";"-43.02356";"-82.03894";"-291.9446";"-54.21729";"-44.47723";"-205.9625";"-43.02356";"-82.03894";"-291.9446";"-54.21729";"-44.47723"
"17667.65";"-205.952";"-43.02533";"-82.03894";"-291.9446";"-54.1272";"-44.50323";"-205.952";"-43.02533";"-82.03894";"-291.9446";"-54.1272";"-44.50323"
"17675.99";"-205.9136";"-43.01324";"-82.03894";"-291.9446";"-54.09448";"-44.52209";"-205.9136";"-43.01324";"-82.03894";"-291.9446";"-54.09448";"-44.52209"
"17684.33";"-205.878";"-42.97968";"-82.03894";"-291.9446";"-53.99115";"-44.54846";"-205.878";"-42.97968";"-82.03894";"-291.9446";"-53.99115";"-44.54846"
"17692.68";"-205.8575";"-42.97205";"-82.03894";"-291.9446";"-53.98895";"-44.55316";"-205.8575";"-42.97205";"-82.03894";"-291.9446";"-53.98895";"-44.55316"
"17701.02";"-205.762";"-42.96606";"-82.03894";"-291.9446";"-53.9668";"-44.5766";"-205.762";"-42.96606";"-82.03894";"-291.9446";"-53.9668";"-44.5766"
"17709.36";"-205.765";"-42.95184";"-82.03894";"-291.9446";"-53.9621";"-44.59125";"-205.765";"-42.95184";"-82.03894";"-291.9446";"-53.9621";"-44.59125"
"17717.7";"-205.6977";"-42.95831";"-82.03894";"-291.9446";"-53.94037";"-44.60205";"-205.6977";"-42.95831";"-82.03894";"-291.9446";"-53.94037";"-44.60205"
"17726.04";"-205.6803";"-42.93433";"-82.03894";"-291.9446";"-53.92218";"-44.62714";"-205.6803";"-42.93433";"-82.03894";"-291.9446";"-53.92218";"-44.62714"
"17734.38";"-205.6322";"-42.93939";"-82.03894";"-291.9446";"-53.88763";"-44.64972";"-205.6322";"-42.93939";"-82.03894";"-291.9446";"-53.88763";"-44.64972"
"17742.72";"-205.627";"-42.89911";"-82.03894";"-291.9446";"-53.86395";"-44.66742";"-205.627";"-42.89911";"-82.03894";"-291.9446";"-53.86395";"-44.66742"
"17751.07";"-205.6403";"-42.78607";"-82.03894";"-291.9446";"-53.83966";"-44.68799";"-205.6403";"-42.78607";"-82.03894";"-291.9446";"-53.83966";"-44.68799"
"17759.41";"-205.5842";"-42.80914";"-82.03894";"-291.9446";"-53.83142";"-44.70947";"-205.5842";"-42.80914";"-82.03894";"-291.9446";"-53.83142";"-44.70947"
"17767.75";"-205.5567";"-42.79132";"-82.03894";"-291.9446";"-53.7547";"-44.72681";"-205.5567";"-42.79132";"-82.03894";"-291.9446";"-53.7547";"-44.72681"
"17776.09";"-205.5226";"-42.7821";"-82.03894";"-291.9446";"-53.72607";"-44.7478";"-205.5226";"-42.7821";"-82.03894";"-291.9446";"-53.72607";"-44.7478"
"17784.43";"-205.4468";"-42.63019";"-82.03894";"-291.9446";"-53.68933";"-44.75305";"-205.4468";"-42.63019";"-82.03894";"-291.9446";"-53.68933";"-44.75305"
"17792.78";"-205.4493";"-42.62207";"-82.03894";"-291.9446";"-53.6861";"-44.7713";"-205.4493";"-42.62207";"-82.03894";"-291.9446";"-53.6861";"-44.7713"
"17801.12";"-205.4097";"-42.63177";"-82.03894";"-291.9446";"-53.65564";"-44.78253";"-205.4097";"-42.63177";"-82.03894";"-291.9446";"-53.65564";"-44.78253"
"17809.46";"-205.3922";"-42.62054";"-82.03894";"-291.9446";"-53.64514";"-44.79388";"-205.3922";"-42.62054";"-82.03894";"-291.9446";"-53.64514";"-44.79388"
"17817.8";"-205.3886";"-42.59509";"-82.03894";"-291.9446";"-53.63916";"-44.79974";"-205.3886";"-42.59509";"-82.03894";"-291.9446";"-53.63916";"-44.79974"
"17826.14";"-205.3737";"-42.59412";"-82.03894";"-291.9446";"-53.60577";"-44.82971";"-205.3737";"-42.59412";"-82.03894";"-291.9446";"-53.60577";"-44.82971"
"17834.48";"-205.3467";"-42.53577";"-82.03894";"-291.9446";"-53.47144";"-44.87628";"-205.3467";"-42.53577";"-82.03894";"-291.9446";"-53.47144";"-44.87628"
"17842.82";"-205.3344";"-42.53058";"-82.03894";"-291.9446";"-53.46088";"-44.90369";"-205.3344";"-42.53058";"-82.03894";"-291.9446";"-53.46088";"-44.90369"
"17851.17";"-205.155";"-42.46466";"-82.03894";"-291.9446";"-53.43091";"-44.90814";"-205.155";"-42.46466";"-82.03894";"-291.9446";"-53.43091";"-44.90814"
"17859.51";"-205.1562";"-42.46039";"-82.03894";"-291.9446";"-53.41522";"-44.92975";"-205.1562";"-42.46039";"-82.03894";"-291.9446";"-53.41522";"-44.92975"
"17867.85";"-205.1029";"-42.43671";"-82.03894";"-291.9446";"-53.41101";"-44.93439";"-205.1029";"-42.43671";"-82.03894";"-291.9446";"-53.41101";"-44.93439"
"17876.19";"-205.0793";"-42.42371";"-82.03894";"-291.9446";"-53.37921";"-44.95703";"-205.0793";"-42.42371";"-82.03894";"-291.9446";"-53.37921";"-44.95703"
"17884.53";"-205.0325";"-42.40125";"-82.03894";"-291.9446";"-53.34888";"-44.98834";"-205.0325";"-42.40125";"-82.03894";"-291.9446";"-53.34888";"-44.98834"
"17892.88";"-205.0121";"-42.40039";"-82.03894";"-291.9446";"-53.33563";"-44.98962";"-205.0121";"-42.40039";"-82.03894";"-291.9446";"-53.33563";"-44.98962"
"17901.22";"-204.9274";"-42.36383";"-82.03894";"-291.9446";"-53.23425";"-45.03796";"-204.9274";"-42.36383";"-82.03894";"-291.9446";"-53.23425";"-45.03796"
"17909.56";"-204.9188";"-42.36414";"-82.03894";"-291.9446";"-53.23413";"-45.03833";"-204.9188";"-42.36414";"-82.03894";"-291.9446";"-53.23413";"-45.03833"
"17917.9";"-204.9051";"-42.35913";"-82.03894";"-291.9446";"-53.19983";"-45.03998";"-204.9051";"-42.35913";"-82.03894";"-291.9446";"-53.19983";"-45.03998"
"17926.24";"-204.8861";"-42.35413";"-82.03894";"-291.9446";"-53.1673";"-45.06445";"-204.8861";"-42.35413";"-82.03894";"-291.9446";"-53.1673";"-45.06445"
"17934.58";"-204.819";"-42.33557";"-82.03894";"-291.9446";"-53.16254";"-45.07544";"-204.819";"-42.33557";"-82.03894";"-291.9446";"-53.16254";"-45.07544"
"17942.93";"-204.8217";"-42.31689";"-82.03894";"-291.9446";"-53.14038";"-45.08002";"-204.8217";"-42.31689";"-82.03894";"-291.9446";"-53.14038";"-45.08002"
"17951.27";"-204.7656";"-42.30713";"-82.03894";"-291.9446";"-53.0368";"-45.0907";"-204.7656";"-42.30713";"-82.03894";"-291.9446";"-53.0368";"-45.0907"
"17959.61";"-204.7237";"-42.30707";"-82.03894";"-291.9446";"-53.03662";"-45.10773";"-204.7237";"-42.30707";"-82.03894";"-291.9446";"-53.03662";"-45.10773"
"17967.95";"-204.601";"-42.29285";"-82.03894";"-291.9446";"-53.00232";"-45.11499";"-204.601";"-42.29285";"-82.03894";"-291.9446";"-53.00232";"-45.11499"
"17976.29";"-204.5945";"-42.2821";"-82.03894";"-291.9446";"-52.98572";"-45.12756";"-204.5945";"-42.2821";"-82.03894";"-291.9446";"-52.98572";"-45.12756"
"17984.63";"-204.5873";"-42.26703";"-82.03894";"-291.9446";"-52.96429";"-45.14746";"-204.5873";"-42.26703";"-82.03894";"-291.9446";"-52.96429";"-45.14746"
"17992.97";"-204.5367";"-42.24255";"-82.03894";"-291.9446";"-52.94348";"-45.15607";"-204.5367";"-42.24255";"-82.03894";"-291.9446";"-52.94348";"-45.15607"
"18001.32";"-204.5297";"-42.22998";"-82.03894";"-291.9446";"-52.88257";"-45.17328";"-204.5297";"-42.22998";"-82.03894";"-291.9446";"-52.88257";"-45.17328"
"18009.66";"-204.4791";"-42.07703";"-82.03894";"-291.9446";"-52.85217";"-45.18524";"-204.4791";"-42.07703";"-82.03894";"-291.9446";"-52.85217";"-45.18524"
"18018";"-204.4792";"-42.08154";"-82.03894";"-291.9446";"-52.83673";"-45.19995";"-204.4792";"-42.08154";"-82.03894";"-291.9446";"-52.83673";"-45.19995"
"18026.34";"-204.4615";"-42.06067";"-82.03894";"-291.9446";"-52.81042";"-45.21259";"-204.4615";"-42.06067";"-82.03894";"-291.9446";"-52.81042";"-45.21259"
"18034.68";"-204.4363";"-42.05969";"-82.03894";"-291.9446";"-52.78351";"-45.22247";"-204.4363";"-42.05969";"-82.03894";"-291.9446";"-52.78351";"-45.22247"
"18043.03";"-204.4141";"-42.034";"-82.03894";"-291.9446";"-52.74182";"-45.24915";"-204.4141";"-42.034";"-82.03894";"-291.9446";"-52.74182";"-45.24915"
"18051.37";"-204.3298";"-41.94635";"-82.03894";"-291.9446";"-52.67621";"-45.23865";"-204.3298";"-41.94635";"-82.03894";"-291.9446";"-52.67621";"-45.23865"
"18059.71";"-204.3103";"-41.95099";"-82.03894";"-291.9446";"-52.67603";"-45.263";"-204.3103";"-41.95099";"-82.03894";"-291.9446";"-52.67603";"-45.263"
"18068.05";"-204.3069";"-41.93732";"-82.03894";"-291.9446";"-52.62842";"-45.26428";"-204.3069";"-41.93732";"-82.03894";"-291.9446";"-52.62842";"-45.26428"
"18076.39";"-204.2856";"-41.93903";"-82.03894";"-291.9446";"-52.5918";"-45.27319";"-204.2856";"-41.93903";"-82.03894";"-291.9446";"-52.5918";"-45.27319"
"18084.73";"-204.272";"-41.91357";"-82.03894";"-291.9446";"-52.56708";"-45.27246";"-204.272";"-41.91357";"-82.03894";"-291.9446";"-52.56708";"-45.27246"
"18093.07";"-204.2551";"-41.89417";"-82.03894";"-291.9446";"-52.54327";"-45.29193";"-204.2551";"-41.89417";"-82.03894";"-291.9446";"-52.54327";"-45.29193"
"18101.42";"-204.2206";"-41.91559";"-82.03894";"-291.9446";"-52.50269";"-45.31219";"-204.2206";"-41.91559";"-82.03894";"-291.9446";"-52.50269";"-45.31219"
"18109.76";"-204.1961";"-41.89551";"-82.03894";"-291.9446";"-52.48352";"-45.37201";"-204.1961";"-41.89551";"-82.03894";"-291.9446";"-52.48352";"-45.37201"
"18118.1";"-204.1807";"-41.86139";"-82.03894";"-291.9446";"-52.44073";"-45.39343";"-204.1807";"-41.86139";"-82.03894";"-291.9446";"-52.44073";"-45.39343"
"18126.44";"-204.1592";"-41.84033";"-82.03894";"-291.9446";"-52.40656";"-45.41492";"-204.1592";"-41.84033";"-82.03894";"-291.9446";"-52.40656";"-45.41492"
"18134.78";"-204.1042";"-41.84888";"-82.03894";"-291.9446";"-52.38184";"-45.41431";"-204.1042";"-41.84888";"-82.03894";"-291.9446";"-52.38184";"-45.41431"
"18143.13";"-204.0742";"-41.82001";"-82.03894";"-291.9446";"-52.31732";"-45.42529";"-204.0742";"-41.82001";"-82.03894";"-291.9446";"-52.31732";"-45.42529"
"18151.47";"-203.9689";"-41.76227";"-82.03894";"-291.9446";"-52.30695";"-45.45502";"-203.9689";"-41.76227";"-82.03894";"-291.9446";"-52.30695";"-45.45502"
"18159.81";"-203.9611";"-41.75653";"-82.03894";"-291.9446";"-52.27826";"-45.45929";"-203.9611";"-41.75653";"-82.03894";"-291.9446";"-52.27826";"-45.45929"
"18168.15";"-203.9481";"-41.74915";"-82.03894";"-291.9446";"-52.17615";"-45.45813";"-203.9481";"-41.74915";"-82.03894";"-291.9446";"-52.17615";"-45.45813"
"18176.49";"-203.9259";"-41.74158";"-82.03894";"-291.9446";"-52.15485";"-45.46564";"-203.9259";"-41.74158";"-82.03894";"-291.9446";"-52.15485";"-45.46564"
"18184.83";"-203.8964";"-41.70795";"-82.03894";"-291.9446";"-52.12683";"-45.4892";"-203.8964";"-41.70795";"-82.03894";"-291.9446";"-52.12683";"-45.4892"
"18193.18";"-203.8934";"-41.71564";"-82.03894";"-291.9446";"-52.10236";"-45.48956";"-203.8934";"-41.71564";"-82.03894";"-291.9446";"-52.10236";"-45.48956"
"18201.52";"-203.8317";"-41.69604";"-82.03894";"-291.9446";"-52.02936";"-45.54285";"-203.8317";"-41.69604";"-82.03894";"-291.9446";"-52.02936";"-45.54285"
"18209.86";"-203.8304";"-41.66595";"-82.03894";"-291.9446";"-52.00269";"-45.57635";"-203.8304";"-41.66595";"-82.03894";"-291.9446";"-52.00269";"-45.57635"
"18218.2";"-203.7977";"-41.65637";"-82.03894";"-291.9446";"-51.97571";"-45.56378";"-203.7977";"-41.65637";"-82.03894";"-291.9446";"-51.97571";"-45.56378"
"18226.54";"-203.7449";"-41.60846";"-82.03894";"-291.9446";"-51.95526";"-45.59906";"-203.7449";"-41.60846";"-82.03894";"-291.9446";"-51.95526";"-45.59906"
"18234.88";"-203.7248";"-41.59644";"-82.03894";"-291.9446";"-51.90747";"-45.61633";"-203.7248";"-41.59644";"-82.03894";"-291.9446";"-51.90747";"-45.61633"
"18243.22";"-203.7005";"-41.54913";"-82.03894";"-291.9446";"-51.89349";"-45.63495";"-203.7005";"-41.54913";"-82.03894";"-291.9446";"-51.89349";"-45.63495"
"18251.57";"-203.7186";"-41.54089";"-82.03894";"-291.9446";"-51.84369";"-45.66028";"-203.7186";"-41.54089";"-82.03894";"-291.9446";"-51.84369";"-45.66028"
"18259.91";"-203.3628";"-41.38495";"-82.03894";"-291.9446";"-51.82898";"-45.67078";"-203.3628";"-41.38495";"-82.03894";"-291.9446";"-51.82898";"-45.67078"
"18268.25";"-203.3444";"-41.36243";"-82.03894";"-291.9446";"-51.74854";"-45.71582";"-203.3444";"-41.36243";"-82.03894";"-291.9446";"-51.74854";"-45.71582"
"18276.59";"-203.3412";"-41.34515";"-82.03894";"-291.9446";"-51.72229";"-45.71021";"-203.3412";"-41.34515";"-82.03894";"-291.9446";"-51.72229";"-45.71021"
"18284.93";"-203.3138";"-41.34772";"-82.03894";"-291.9446";"-51.69812";"-45.72565";"-203.3138";"-41.34772";"-82.03894";"-291.9446";"-51.69812";"-45.72565"
"18293.28";"-203.2912";"-41.32111";"-82.03894";"-291.9446";"-51.6781";"-45.74225";"-203.2912";"-41.32111";"-82.03894";"-291.9446";"-51.6781";"-45.74225"
"18301.62";"-203.2618";"-41.31921";"-82.03894";"-291.9446";"-51.63721";"-45.77557";"-203.2618";"-41.31921";"-82.03894";"-291.9446";"-51.63721";"-45.77557"
"18309.96";"-203.2229";"-41.28253";"-82.03894";"-291.9446";"-51.62952";"-45.78387";"-203.2229";"-41.28253";"-82.03894";"-291.9446";"-51.62952";"-45.78387"
"18318.3";"-203.2156";"-41.27783";"-82.03894";"-291.9446";"-51.51941";"-45.81146";"-203.2156";"-41.27783";"-82.03894";"-291.9446";"-51.51941";"-45.81146"
"18326.64";"-203.1836";"-41.26721";"-82.03894";"-291.9446";"-51.50323";"-45.82208";"-203.1836";"-41.26721";"-82.03894";"-291.9446";"-51.50323";"-45.82208"
"18334.98";"-203.116";"-41.24323";"-82.03894";"-291.9446";"-51.45435";"-45.92273";"-203.116";"-41.24323";"-82.03894";"-291.9446";"-51.45435";"-45.92273"
"18343.32";"-203.1036";"-41.23981";"-82.03894";"-291.9446";"-51.4566";"-45.92981";"-203.1036";"-41.23981";"-82.03894";"-291.9446";"-51.4566";"-45.92981"
"18351.67";"-203.0693";"-41.22095";"-82.03894";"-291.9446";"-51.41803";"-45.95117";"-203.0693";"-41.22095";"-82.03894";"-291.9446";"-51.41803";"-45.95117"
"18360.01";"-203.0488";"-41.20551";"-82.03894";"-291.9446";"-51.41254";"-45.95343";"-203.0488";"-41.20551";"-82.03894";"-291.9446";"-51.41254";"-45.95343"
"18368.35";"-202.9388";"-41.14795";"-82.03894";"-291.9446";"-51.3559";"-45.98065";"-202.9388";"-41.14795";"-82.03894";"-291.9446";"-51.3559";"-45.98065"
"18376.69";"-202.9373";"-41.15027";"-82.03894";"-291.9446";"-51.33032";"-45.98267";"-202.9373";"-41.15027";"-82.03894";"-291.9446";"-51.33032";"-45.98267"
"18385.03";"-202.9041";"-41.12286";"-82.03894";"-291.9446";"-51.27728";"-45.992";"-202.9041";"-41.12286";"-82.03894";"-291.9446";"-51.27728";"-45.992"
"18393.38";"-202.8318";"-41.08154";"-82.03894";"-291.9446";"-51.19482";"-46.02081";"-202.8318";"-41.08154";"-82.03894";"-291.9446";"-51.19482";"-46.02081"
"18401.72";"-202.8171";"-41.07977";"-82.03894";"-291.9446";"-51.17938";"-46.03064";"-202.8171";"-41.07977";"-82.03894";"-291.9446";"-51.17938";"-46.03064"
"18410.06";"-202.8033";"-41.08301";"-82.03894";"-291.9446";"-51.15723";"-46.03479";"-202.8033";"-41.08301";"-82.03894";"-291.9446";"-51.15723";"-46.03479"
"18418.4";"-202.7723";"-41.06592";"-82.03894";"-291.9446";"-51.14264";"-46.05334";"-202.7723";"-41.06592";"-82.03894";"-291.9446";"-51.14264";"-46.05334"
"18426.74";"-202.7507";"-41.0744";"-82.03894";"-291.9446";"-51.1427";"-46.05334";"-202.7507";"-41.0744";"-82.03894";"-291.9446";"-51.1427";"-46.05334"
"18435.08";"-202.6954";"-41.0661";"-82.03894";"-291.9446";"-51.08313";"-46.08429";"-202.6954";"-41.0661";"-82.03894";"-291.9446";"-51.08313";"-46.08429"
"18443.43";"-202.6657";"-41.03375";"-82.03894";"-291.9446";"-51.06726";"-46.08435";"-202.6657";"-41.03375";"-82.03894";"-291.9446";"-51.06726";"-46.08435"
"18451.77";"-202.6265";"-41.03333";"-82.03894";"-291.9446";"-50.96625";"-46.09906";"-202.6265";"-41.03333";"-82.03894";"-291.9446";"-50.96625";"-46.09906"
"18460.11";"-202.6234";"-41.01666";"-82.03894";"-291.9446";"-50.95813";"-46.1145";"-202.6234";"-41.01666";"-82.03894";"-291.9446";"-50.95813";"-46.1145"
"18468.45";"-202.4665";"-40.88574";"-82.03894";"-291.9446";"-50.93256";"-46.13074";"-202.4665";"-40.88574";"-82.03894";"-291.9446";"-50.93256";"-46.13074"
"18476.79";"-202.473";"-40.87036";"-82.03894";"-291.9446";"-50.93243";"-46.13031";"-202.473";"-40.87036";"-82.03894";"-291.9446";"-50.93243";"-46.13031"
"18485.13";"-202.45";"-40.85638";"-82.03894";"-291.9446";"-50.88922";"-46.15253";"-202.45";"-40.85638";"-82.03894";"-291.9446";"-50.88922";"-46.15253"
"18493.47";"-202.456";"-40.8385";"-82.03894";"-291.9446";"-50.86053";"-46.16443";"-202.456";"-40.8385";"-82.03894";"-291.9446";"-50.86053";"-46.16443"
"18501.82";"-202.4219";"-40.79633";"-82.03894";"-291.9446";"-50.81561";"-46.17676";"-202.4219";"-40.79633";"-82.03894";"-291.9446";"-50.81561";"-46.17676"
"18510.16";"-202.3859";"-40.78143";"-82.03894";"-291.9446";"-50.78802";"-46.18774";"-202.3859";"-40.78143";"-82.03894";"-291.9446";"-50.78802";"-46.18774"
"18518.5";"-202.3336";"-40.76825";"-82.03894";"-291.9446";"-50.7536";"-46.20697";"-202.3336";"-40.76825";"-82.03894";"-291.9446";"-50.7536";"-46.20697"
"18526.84";"-202.3153";"-40.76141";"-82.03894";"-291.9446";"-50.72333";"-46.22217";"-202.3153";"-40.76141";"-82.03894";"-291.9446";"-50.72333";"-46.22217"
"18535.18";"-202.2384";"-40.71844";"-82.03894";"-291.9446";"-50.62201";"-46.21631";"-202.2384";"-40.71844";"-82.03894";"-291.9446";"-50.62201";"-46.21631"
"18543.53";"-202.2265";"-40.70917";"-82.03894";"-291.9446";"-50.61676";"-46.21844";"-202.2265";"-40.70917";"-82.03894";"-291.9446";"-50.61676";"-46.21844"
"18551.87";"-202.212";"-40.69";"-82.03894";"-291.9446";"-50.56793";"-46.24683";"-202.212";"-40.69";"-82.03894";"-291.9446";"-50.56793";"-46.24683"
"18560.21";"-202.1926";"-40.69012";"-82.03894";"-291.9446";"-50.5675";"-46.26752";"-202.1926";"-40.69012";"-82.03894";"-291.9446";"-50.5675";"-46.26752"
"18568.55";"-202.1509";"-40.64398";"-82.03894";"-291.9446";"-50.5293";"-46.26556";"-202.1509";"-40.64398";"-82.03894";"-291.9446";"-50.5293";"-46.26556"
"18576.89";"-202.1304";"-40.62598";"-82.03894";"-291.9446";"-50.5163";"-46.28204";"-202.1304";"-40.62598";"-82.03894";"-291.9446";"-50.5163";"-46.28204"
"18585.23";"-202.1074";"-40.55798";"-82.03894";"-291.9446";"-50.45502";"-46.35126";"-202.1074";"-40.55798";"-82.03894";"-291.9446";"-50.45502";"-46.35126"
"18593.57";"-202.062";"-40.54669";"-82.03894";"-291.9446";"-50.42297";"-46.3775";"-202.062";"-40.54669";"-82.03894";"-291.9446";"-50.42297";"-46.3775"
"18601.92";"-202.0439";"-40.5354";"-82.03894";"-291.9446";"-50.34961";"-46.37952";"-202.0439";"-40.5354";"-82.03894";"-291.9446";"-50.34961";"-46.37952"
"18610.26";"-202.0314";"-40.52209";"-82.03894";"-291.9446";"-50.33154";"-46.40277";"-202.0314";"-40.52209";"-82.03894";"-291.9446";"-50.33154";"-46.40277"
"18618.6";"-201.9858";"-40.50751";"-82.03894";"-291.9446";"-50.24683";"-46.40845";"-201.9858";"-40.50751";"-82.03894";"-291.9446";"-50.24683";"-46.40845"
"18626.94";"-201.7222";"-40.48846";"-82.03894";"-291.9446";"-50.24097";"-46.41321";"-201.7222";"-40.48846";"-82.03894";"-291.9446";"-50.24097";"-46.41321"
"18635.28";"-201.6969";"-40.46851";"-82.03894";"-291.9446";"-50.21124";"-46.45239";"-201.6969";"-40.46851";"-82.03894";"-291.9446";"-50.21124";"-46.45239"
"18643.63";"-201.6628";"-40.46271";"-82.03894";"-291.9446";"-50.19019";"-46.46143";"-201.6628";"-40.46271";"-82.03894";"-291.9446";"-50.19019";"-46.46143"
"18651.97";"-201.5292";"-40.44312";"-82.03894";"-291.9446";"-50.15216";"-46.47668";"-201.5292";"-40.44312";"-82.03894";"-291.9446";"-50.15216";"-46.47668"
"18660.31";"-201.5102";"-40.43829";"-82.03894";"-291.9446";"-50.1236";"-46.48785";"-201.5102";"-40.43829";"-82.03894";"-291.9446";"-50.1236";"-46.48785"
"18668.65";"-201.4845";"-40.30902";"-82.03894";"-291.9446";"-50.00946";"-46.51062";"-201.4845";"-40.30902";"-82.03894";"-291.9446";"-50.00946";"-46.51062"
"18676.99";"-201.4563";"-40.28314";"-82.03894";"-291.9446";"-49.96179";"-46.52545";"-201.4563";"-40.28314";"-82.03894";"-291.9446";"-49.96179";"-46.52545"
"18685.33";"-201.4375";"-40.27917";"-82.03894";"-291.9446";"-49.94543";"-46.54126";"-201.4375";"-40.27917";"-82.03894";"-291.9446";"-49.94543";"-46.54126"
"18693.68";"-201.3965";"-40.2619";"-82.03894";"-291.9446";"-49.92798";"-46.56439";"-201.3965";"-40.2619";"-82.03894";"-291.9446";"-49.92798";"-46.56439"
"18702.02";"-201.2923";"-40.25079";"-82.03894";"-291.9446";"-49.88617";"-46.573";"-201.2923";"-40.25079";"-82.03894";"-291.9446";"-49.88617";"-46.573"
"18710.36";"-201.2816";"-40.24451";"-82.03894";"-291.9446";"-49.86035";"-46.58423";"-201.2816";"-40.24451";"-82.03894";"-291.9446";"-49.86035";"-46.58423"
"18718.7";"-201.2785";"-40.22186";"-82.03894";"-291.9446";"-49.77032";"-46.61853";"-201.2785";"-40.22186";"-82.03894";"-291.9446";"-49.77032";"-46.61853"
"18727.04";"-201.2723";"-40.21918";"-82.03894";"-291.9446";"-49.77264";"-46.6275";"-201.2723";"-40.21918";"-82.03894";"-291.9446";"-49.77264";"-46.6275"
"18735.38";"-201.2192";"-40.20361";"-82.03894";"-291.9446";"-49.72882";"-46.66095";"-201.2192";"-40.20361";"-82.03894";"-291.9446";"-49.72882";"-46.66095"
"18743.72";"-201.2142";"-40.18854";"-82.03894";"-291.9446";"-49.70703";"-46.67212";"-201.2142";"-40.18854";"-82.03894";"-291.9446";"-49.70703";"-46.67212"
"18752.07";"-201.1731";"-40.18817";"-82.03894";"-291.9446";"-49.63428";"-46.71289";"-201.1731";"-40.18817";"-82.03894";"-291.9446";"-49.63428";"-46.71289"
"18760.41";"-201.1558";"-40.16644";"-82.03894";"-291.9446";"-49.61932";"-46.72992";"-201.1558";"-40.16644";"-82.03894";"-291.9446";"-49.61932";"-46.72992"
"18768.75";"-201.0538";"-40.10907";"-82.03894";"-291.9446";"-49.58624";"-46.74152";"-201.0538";"-40.10907";"-82.03894";"-291.9446";"-49.58624";"-46.74152"
"18777.09";"-201.0486";"-40.11121";"-82.03894";"-291.9446";"-49.55994";"-46.75293";"-201.0486";"-40.11121";"-82.03894";"-291.9446";"-49.55994";"-46.75293"
"18785.43";"-201.0315";"-40.09839";"-82.03894";"-291.9446";"-49.52924";"-46.80499";"-201.0315";"-40.09839";"-82.03894";"-291.9446";"-49.52924";"-46.80499"
"18793.78";"-200.9847";"-40.08569";"-82.03894";"-291.9446";"-49.50903";"-46.80255";"-200.9847";"-40.08569";"-82.03894";"-291.9446";"-49.50903";"-46.80255"
"18802.12";"-200.9404";"-40.06848";"-82.03894";"-291.9446";"-49.43903";"-46.88525";"-200.9404";"-40.06848";"-82.03894";"-291.9446";"-49.43903";"-46.88525"
"18810.46";"-200.8989";"-40.05615";"-82.03894";"-291.9446";"-49.4032";"-46.93036";"-200.8989";"-40.05615";"-82.03894";"-291.9446";"-49.4032";"-46.93036"
"18818.8";"-200.8593";"-40.0567";"-82.03894";"-291.9446";"-49.32458";"-46.9303";"-200.8593";"-40.0567";"-82.03894";"-291.9446";"-49.32458";"-46.9303"
"18827.14";"-200.8425";"-40.04108";"-82.03894";"-291.9446";"-49.29352";"-46.94495";"-200.8425";"-40.04108";"-82.03894";"-291.9446";"-49.29352";"-46.94495"
"18835.48";"-200.778";"-40.01099";"-82.03894";"-291.9446";"-49.25067";"-46.96008";"-200.778";"-40.01099";"-82.03894";"-291.9446";"-49.25067";"-46.96008"
"18843.82";"-200.7645";"-39.99622";"-82.03894";"-291.9446";"-49.25629";"-46.97308";"-200.7645";"-39.99622";"-82.03894";"-291.9446";"-49.25629";"-46.97308"
"18852.17";"-200.7102";"-39.99597";"-82.03894";"-291.9446";"-49.19403";"-46.98627";"-200.7102";"-39.99597";"-82.03894";"-291.9446";"-49.19403";"-46.98627"
"18860.51";"-200.6841";"-39.98779";"-82.03894";"-291.9446";"-49.16492";"-47.00909";"-200.6841";"-39.98779";"-82.03894";"-291.9446";"-49.16492";"-47.00909"
"18868.85";"-200.6327";"-39.96631";"-82.03894";"-291.9446";"-49.12622";"-47.04938";"-200.6327";"-39.96631";"-82.03894";"-291.9446";"-49.12622";"-47.04938"
"18877.19";"-200.5926";"-39.9624";"-82.03894";"-291.9446";"-49.09692";"-47.06647";"-200.5926";"-39.9624";"-82.03894";"-291.9446";"-49.09692";"-47.06647"
"18885.53";"-200.5055";"-39.9613";"-82.03894";"-291.9446";"-49.0224";"-47.07605";"-200.5055";"-39.9613";"-82.03894";"-291.9446";"-49.0224";"-47.07605"
"18893.88";"-200.5084";"-39.94299";"-82.03894";"-291.9446";"-49.0116";"-47.08057";"-200.5084";"-39.94299";"-82.03894";"-291.9446";"-49.0116";"-47.08057"
"18902.22";"-200.4309";"-39.72241";"-82.03894";"-291.9446";"-48.9917";"-47.10962";"-200.4309";"-39.72241";"-82.03894";"-291.9446";"-48.9917";"-47.10962"
"18910.56";"-200.4263";"-39.71924";"-82.03894";"-291.9446";"-48.9588";"-47.11975";"-200.4263";"-39.71924";"-82.03894";"-291.9446";"-48.9588";"-47.11975"
"18918.9";"-200.4118";"-39.71149";"-82.03894";"-291.9446";"-48.92957";"-47.12665";"-200.4118";"-39.71149";"-82.03894";"-291.9446";"-48.92957";"-47.12665"
"18927.24";"-200.4044";"-39.68781";"-82.03894";"-291.9446";"-48.89014";"-47.12646";"-200.4044";"-39.68781";"-82.03894";"-291.9446";"-48.89014";"-47.12646"
"18935.58";"-200.3788";"-39.67914";"-82.03894";"-291.9446";"-48.85388";"-47.15649";"-200.3788";"-39.67914";"-82.03894";"-291.9446";"-48.85388";"-47.15649"
"18943.93";"-200.3558";"-39.59174";"-82.03894";"-291.9446";"-48.81775";"-47.1579";"-200.3558";"-39.59174";"-82.03894";"-291.9446";"-48.81775";"-47.1579"
"18952.27";"-200.2639";"-39.62201";"-82.03894";"-291.9446";"-48.79242";"-47.16687";"-200.2639";"-39.62201";"-82.03894";"-291.9446";"-48.79242";"-47.16687"
"18960.61";"-200.2573";"-39.58917";"-82.03894";"-291.9446";"-48.7525";"-47.18549";"-200.2573";"-39.58917";"-82.03894";"-291.9446";"-48.7525";"-47.18549"
"18968.95";"-200.2381";"-39.58148";"-82.03894";"-291.9446";"-48.69092";"-47.19543";"-200.2381";"-39.58148";"-82.03894";"-291.9446";"-48.69092";"-47.19543"
"18977.29";"-200.2223";"-39.53662";"-82.03894";"-291.9446";"-48.67255";"-47.19965";"-200.2223";"-39.53662";"-82.03894";"-291.9446";"-48.67255";"-47.19965"
"18985.63";"-199.9609";"-39.47534";"-82.03894";"-291.9446";"-48.63232";"-47.23682";"-199.9609";"-39.47534";"-82.03894";"-291.9446";"-48.63232";"-47.23682"
"18993.97";"-199.95";"-39.46259";"-82.03894";"-291.9446";"-48.61456";"-47.24481";"-199.95";"-39.46259";"-82.03894";"-291.9446";"-48.61456";"-47.24481"
"19002.32";"-199.9182";"-39.45856";"-82.03894";"-291.9446";"-48.55597";"-47.27112";"-199.9182";"-39.45856";"-82.03894";"-291.9446";"-48.55597";"-47.27112"
"19010.66";"-199.8971";"-39.4317";"-82.03894";"-291.9446";"-48.49695";"-47.33026";"-199.8971";"-39.4317";"-82.03894";"-291.9446";"-48.49695";"-47.33026"
"19019";"-199.8194";"-39.42236";"-82.03894";"-291.9446";"-48.45715";"-47.35266";"-199.8194";"-39.42236";"-82.03894";"-291.9446";"-48.45715";"-47.35266"
"19027.34";"-199.7928";"-39.41626";"-82.03894";"-291.9446";"-48.41766";"-47.36084";"-199.7928";"-39.41626";"-82.03894";"-291.9446";"-48.41766";"-47.36084"
"19035.68";"-199.6792";"-39.40009";"-82.03894";"-291.9446";"-48.38159";"-47.3894";"-199.6792";"-39.40009";"-82.03894";"-291.9446";"-48.38159";"-47.3894"
"19044.03";"-199.6689";"-39.37897";"-82.03894";"-291.9446";"-48.33893";"-47.38788";"-199.6689";"-39.37897";"-82.03894";"-291.9446";"-48.33893";"-47.38788"
"19052.37";"-199.582";"-39.37537";"-82.03894";"-291.9446";"-48.30981";"-47.42706";"-199.582";"-39.37537";"-82.03894";"-291.9446";"-48.30981";"-47.42706"
"19060.71";"-199.5824";"-39.36169";"-82.03894";"-291.9446";"-48.25665";"-47.44977";"-199.5824";"-39.36169";"-82.03894";"-291.9446";"-48.25665";"-47.44977"
"19069.05";"-199.5311";"-39.32892";"-82.03894";"-291.9446";"-48.17865";"-47.44788";"-199.5311";"-39.32892";"-82.03894";"-291.9446";"-48.17865";"-47.44788"
"19077.39";"-199.4942";"-39.21637";"-82.03894";"-291.9446";"-48.15924";"-47.46326";"-199.4942";"-39.21637";"-82.03894";"-291.9446";"-48.15924";"-47.46326"
"19085.73";"-199.4273";"-39.18829";"-82.03894";"-291.9446";"-48.1228";"-47.4765";"-199.4273";"-39.18829";"-82.03894";"-291.9446";"-48.1228";"-47.4765"
"19094.07";"-199.4101";"-39.18158";"-82.03894";"-291.9446";"-48.10242";"-47.48218";"-199.4101";"-39.18158";"-82.03894";"-291.9446";"-48.10242";"-47.48218"
"19102.42";"-199.332";"-39.16516";"-82.03894";"-291.9446";"-48.01886";"-47.48792";"-199.332";"-39.16516";"-82.03894";"-291.9446";"-48.01886";"-47.48792"
"19110.76";"-199.3333";"-39.15503";"-82.03894";"-291.9446";"-47.94604";"-47.51654";"-199.3333";"-39.15503";"-82.03894";"-291.9446";"-47.94604";"-47.51654"
"19119.1";"-199.2984";"-39.13336";"-82.03894";"-291.9446";"-47.88965";"-47.53522";"-199.2984";"-39.13336";"-82.03894";"-291.9446";"-47.88965";"-47.53522"
"19127.44";"-199.2822";"-39.11365";"-82.03894";"-291.9446";"-47.86456";"-47.55914";"-199.2822";"-39.11365";"-82.03894";"-291.9446";"-47.86456";"-47.55914"
"19135.78";"-199.2175";"-39.09778";"-82.03894";"-291.9446";"-47.82794";"-47.5647";"-199.2175";"-39.09778";"-82.03894";"-291.9446";"-47.82794";"-47.5647"
"19144.13";"-199.1979";"-39.09369";"-82.03894";"-291.9446";"-47.80322";"-47.59723";"-199.1979";"-39.09369";"-82.03894";"-291.9446";"-47.80322";"-47.59723"
"19152.47";"-199.1676";"-39.07306";"-82.03894";"-291.9446";"-47.76263";"-47.61993";"-199.1676";"-39.07306";"-82.03894";"-291.9446";"-47.76263";"-47.61993"
"19160.81";"-199.1246";"-39.05768";"-82.03894";"-291.9446";"-47.724";"-47.65137";"-199.1246";"-39.05768";"-82.03894";"-291.9446";"-47.724";"-47.65137"
"19169.15";"-199.07";"-39.06232";"-82.03894";"-291.9446";"-47.68518";"-47.71295";"-199.07";"-39.06232";"-82.03894";"-291.9446";"-47.68518";"-47.71295"
"19177.49";"-199.0444";"-39.03998";"-82.03894";"-291.9446";"-47.63953";"-47.7157";"-199.0444";"-39.03998";"-82.03894";"-291.9446";"-47.63953";"-47.7157"
"19185.83";"-198.9778";"-39.02039";"-82.03894";"-291.9446";"-47.59399";"-47.74194";"-198.9778";"-39.02039";"-82.03894";"-291.9446";"-47.59399";"-47.74194"
"19194.18";"-198.9647";"-38.99414";"-82.03894";"-291.9446";"-47.57086";"-47.75671";"-198.9647";"-38.99414";"-82.03894";"-291.9446";"-47.57086";"-47.75671"
"19202.52";"-198.8695";"-38.96527";"-82.03894";"-291.9446";"-47.52246";"-47.78357";"-198.8695";"-38.96527";"-82.03894";"-291.9446";"-47.52246";"-47.78357"
"19210.86";"-198.8407";"-38.94958";"-82.03894";"-291.9446";"-47.48004";"-47.8609";"-198.8407";"-38.94958";"-82.03894";"-291.9446";"-47.48004";"-47.8609"
"19219.2";"-198.7996";"-38.95288";"-82.03894";"-291.9446";"-47.38824";"-47.87781";"-198.7996";"-38.95288";"-82.03894";"-291.9446";"-47.38824";"-47.87781"
"19227.54";"-198.7867";"-38.94873";"-82.03894";"-291.9446";"-47.35205";"-47.89478";"-198.7867";"-38.94873";"-82.03894";"-291.9446";"-47.35205";"-47.89478"
"19235.88";"-198.7277";"-38.91437";"-82.03894";"-291.9446";"-47.32001";"-47.88879";"-198.7277";"-38.91437";"-82.03894";"-291.9446";"-47.32001";"-47.88879"
"19244.22";"-198.6833";"-38.89532";"-82.03894";"-291.9446";"-47.29419";"-47.92035";"-198.6833";"-38.89532";"-82.03894";"-291.9446";"-47.29419";"-47.92035"
"19252.57";"-198.627";"-38.88495";"-82.03894";"-291.9446";"-47.24908";"-47.953";"-198.627";"-38.88495";"-82.03894";"-291.9446";"-47.24908";"-47.953"
"19260.91";"-198.6321";"-38.87286";"-82.03894";"-291.9446";"-47.21899";"-47.9563";"-198.6321";"-38.87286";"-82.03894";"-291.9446";"-47.21899";"-47.9563"
"19269.25";"-198.5945";"-38.87854";"-82.03894";"-291.9446";"-47.18854";"-47.95697";"-198.5945";"-38.87854";"-82.03894";"-291.9446";"-47.18854";"-47.95697"
"19277.59";"-198.4662";"-38.71912";"-82.03894";"-291.9446";"-47.15076";"-47.96686";"-198.4662";"-38.71912";"-82.03894";"-291.9446";"-47.15076";"-47.96686"
"19285.93";"-198.4362";"-38.6723";"-82.03894";"-291.9446";"-47.10229";"-48.00165";"-198.4362";"-38.6723";"-82.03894";"-291.9446";"-47.10229";"-48.00165"
"19294.28";"-198.437";"-38.65845";"-82.03894";"-291.9446";"-47.08582";"-48.00018";"-198.437";"-38.65845";"-82.03894";"-291.9446";"-47.08582";"-48.00018"
"19302.62";"-198.3977";"-38.63379";"-82.03894";"-291.9446";"-47.0354";"-48.03943";"-198.3977";"-38.63379";"-82.03894";"-291.9446";"-47.0354";"-48.03943"
"19310.96";"-198.3885";"-38.62268";"-82.03894";"-291.9446";"-47.01849";"-48.04504";"-198.3885";"-38.62268";"-82.03894";"-291.9446";"-47.01849";"-48.04504"
"19319.3";"-198.3221";"-38.57727";"-82.03894";"-291.9446";"-46.95953";"-48.08643";"-198.3221";"-38.57727";"-82.03894";"-291.9446";"-46.95953";"-48.08643"
"19327.64";"-198.3234";"-38.57104";"-82.03894";"-291.9446";"-46.92694";"-48.09589";"-198.3234";"-38.57104";"-82.03894";"-291.9446";"-46.92694";"-48.09589"
"19335.98";"-198.2903";"-38.53882";"-82.03894";"-291.9446";"-46.85394";"-48.11902";"-198.2903";"-38.53882";"-82.03894";"-291.9446";"-46.85394";"-48.11902"
"19344.32";"-198.2623";"-38.50403";"-82.03894";"-291.9446";"-46.84674";"-48.12848";"-198.2623";"-38.50403";"-82.03894";"-291.9446";"-46.84674";"-48.12848"
"19352.67";"-198.0047";"-38.48309";"-82.03894";"-291.9446";"-46.79211";"-48.125";"-198.0047";"-38.48309";"-82.03894";"-291.9446";"-46.79211";"-48.125"
"19361.01";"-197.9811";"-38.47156";"-82.03894";"-291.9446";"-46.75818";"-48.14197";"-197.9811";"-38.47156";"-82.03894";"-291.9446";"-46.75818";"-48.14197"
"19369.35";"-197.9611";"-38.44733";"-82.03894";"-291.9446";"-46.64136";"-48.14911";"-197.9611";"-38.44733";"-82.03894";"-291.9446";"-46.64136";"-48.14911"
"19377.69";"-197.9282";"-38.44196";"-82.03894";"-291.9446";"-46.64093";"-48.16016";"-197.9282";"-38.44196";"-82.03894";"-291.9446";"-46.64093";"-48.16016"
"19386.03";"-197.8519";"-38.42822";"-82.03894";"-291.9446";"-46.61285";"-48.17981";"-197.8519";"-38.42822";"-82.03894";"-291.9446";"-46.61285";"-48.17981"
"19394.38";"-197.7601";"-38.37476";"-82.03894";"-291.9446";"-46.52289";"-48.22736";"-197.7601";"-38.37476";"-82.03894";"-291.9446";"-46.52289";"-48.22736"
"19402.72";"-197.7358";"-38.37848";"-82.03894";"-291.9446";"-46.51306";"-48.23413";"-197.7358";"-38.37848";"-82.03894";"-291.9446";"-46.51306";"-48.23413"
"19411.06";"-197.7125";"-38.37848";"-82.03894";"-291.9446";"-46.49237";"-48.29144";"-197.7125";"-38.37848";"-82.03894";"-291.9446";"-46.49237";"-48.29144"
"19419.4";"-197.6639";"-38.36383";"-82.03894";"-291.9446";"-46.42676";"-48.3045";"-197.6639";"-38.36383";"-82.03894";"-291.9446";"-46.42676";"-48.3045"
"19427.74";"-197.6422";"-38.35577";"-82.03894";"-291.9446";"-46.38977";"-48.31525";"-197.6422";"-38.35577";"-82.03894";"-291.9446";"-46.38977";"-48.31525"
"19436.08";"-197.5458";"-38.35193";"-82.03894";"-291.9446";"-46.39447";"-48.31628";"-197.5458";"-38.35193";"-82.03894";"-291.9446";"-46.39447";"-48.31628"
"19444.43";"-197.5271";"-38.34546";"-82.03894";"-291.9446";"-46.28223";"-48.33514";"-197.5271";"-38.34546";"-82.03894";"-291.9446";"-46.28223";"-48.33514"
"19452.77";"-197.4195";"-38.19672";"-82.03894";"-291.9446";"-46.18854";"-48.33295";"-197.4195";"-38.19672";"-82.03894";"-291.9446";"-46.18854";"-48.33295"
"19461.11";"-197.407";"-38.18799";"-82.03894";"-291.9446";"-46.18762";"-48.34961";"-197.407";"-38.18799";"-82.03894";"-291.9446";"-46.18762";"-48.34961"
"19469.45";"-197.3795";"-38.15814";"-82.03894";"-291.9446";"-46.16071";"-48.37079";"-197.3795";"-38.15814";"-82.03894";"-291.9446";"-46.16071";"-48.37079"
"19477.79";"-197.3718";"-38.15247";"-82.03894";"-291.9446";"-46.13599";"-48.3703";"-197.3718";"-38.15247";"-82.03894";"-291.9446";"-46.13599";"-48.3703"
"19486.13";"-197.3058";"-38.13452";"-82.03894";"-291.9446";"-46.06799";"-48.40277";"-197.3058";"-38.13452";"-82.03894";"-291.9446";"-46.06799";"-48.40277"
"19494.47";"-197.2781";"-38.13226";"-82.03894";"-291.9446";"-46.05859";"-48.42023";"-197.2781";"-38.13226";"-82.03894";"-291.9446";"-46.05859";"-48.42023"
"19502.82";"-197.2051";"-38.1059";"-82.03894";"-291.9446";"-46.00201";"-48.44226";"-197.2051";"-38.1059";"-82.03894";"-291.9446";"-46.00201";"-48.44226"
"19511.16";"-197.1902";"-38.09985";"-82.03894";"-291.9446";"-45.96283";"-48.44226";"-197.1902";"-38.09985";"-82.03894";"-291.9446";"-45.96283";"-48.44226"
"19519.5";"-197.1573";"-38.08044";"-82.03894";"-291.9446";"-45.90674";"-48.46674";"-197.1573";"-38.08044";"-82.03894";"-291.9446";"-45.90674";"-48.46674"
"19527.84";"-197.1196";"-38.08124";"-82.03894";"-291.9446";"-45.90063";"-48.47351";"-197.1196";"-38.08124";"-82.03894";"-291.9446";"-45.90063";"-48.47351"
"19536.18";"-197.0421";"-37.99841";"-82.03894";"-291.9446";"-45.80798";"-48.48468";"-197.0421";"-37.99841";"-82.03894";"-291.9446";"-45.80798";"-48.48468"
"19544.53";"-197.0399";"-37.9986";"-82.03894";"-291.9446";"-45.729";"-48.50165";"-197.0399";"-37.9986";"-82.03894";"-291.9446";"-45.729";"-48.50165"
"19552.87";"-196.9631";"-37.98431";"-82.03894";"-291.9446";"-45.758";"-48.49323";"-196.9631";"-37.98431";"-82.03894";"-291.9446";"-45.758";"-48.49323"
"19561.21";"-196.9367";"-37.98462";"-82.03894";"-291.9446";"-45.66681";"-48.52222";"-196.9367";"-37.98462";"-82.03894";"-291.9446";"-45.66681";"-48.52222"
"19569.55";"-196.8938";"-37.96716";"-82.03894";"-291.9446";"-45.57385";"-48.55573";"-196.8938";"-37.96716";"-82.03894";"-291.9446";"-45.57385";"-48.55573"
"19577.89";"-196.8329";"-37.95807";"-82.03894";"-291.9446";"-45.54059";"-48.56921";"-196.8329";"-37.95807";"-82.03894";"-291.9446";"-45.54059";"-48.56921"
"19586.23";"-196.8182";"-37.92554";"-82.03894";"-291.9446";"-45.5036";"-48.5929";"-196.8182";"-37.92554";"-82.03894";"-291.9446";"-45.5036";"-48.5929"
"19594.57";"-196.7752";"-37.91998";"-82.03894";"-291.9446";"-45.47876";"-48.7038";"-196.7752";"-37.91998";"-82.03894";"-291.9446";"-45.47876";"-48.7038"
"19602.92";"-196.7108";"-37.8985";"-82.03894";"-291.9446";"-45.42065";"-48.72729";"-196.7108";"-37.8985";"-82.03894";"-291.9446";"-45.42065";"-48.72729"
"19611.26";"-196.6763";"-37.8949";"-82.03894";"-291.9446";"-45.41315";"-48.73499";"-196.6763";"-37.8949";"-82.03894";"-291.9446";"-45.41315";"-48.73499"
"19619.6";"-196.5854";"-37.86133";"-82.03894";"-291.9446";"-45.34991";"-48.75342";"-196.5854";"-37.86133";"-82.03894";"-291.9446";"-45.34991";"-48.75342"
"19627.94";"-196.5659";"-37.80481";"-82.03894";"-291.9446";"-45.30634";"-48.80139";"-196.5659";"-37.80481";"-82.03894";"-291.9446";"-45.30634";"-48.80139"
"19636.28";"-196.5563";"-37.86322";"-82.03894";"-291.9446";"-45.23737";"-48.80499";"-196.5563";"-37.86322";"-82.03894";"-291.9446";"-45.23737";"-48.80499"
"19644.63";"-196.4998";"-37.69305";"-82.03894";"-291.9446";"-45.22162";"-48.82709";"-196.4998";"-37.69305";"-82.03894";"-291.9446";"-45.22162";"-48.82709"
"19652.97";"-196.4584";"-37.62256";"-82.03894";"-291.9446";"-45.18457";"-48.85181";"-196.4584";"-37.62256";"-82.03894";"-291.9446";"-45.18457";"-48.85181"
"19661.31";"-196.4623";"-37.57031";"-82.03894";"-291.9446";"-45.15735";"-48.86444";"-196.4623";"-37.57031";"-82.03894";"-291.9446";"-45.15735";"-48.86444"
"19669.65";"-196.3742";"-37.5766";"-82.03894";"-291.9446";"-45.10571";"-48.88708";"-196.3742";"-37.5766";"-82.03894";"-291.9446";"-45.10571";"-48.88708"
"19677.99";"-196.3705";"-37.55518";"-82.03894";"-291.9446";"-45.06592";"-48.90479";"-196.3705";"-37.55518";"-82.03894";"-291.9446";"-45.06592";"-48.90479"
"19686.33";"-196.3602";"-37.52441";"-82.03894";"-291.9446";"-44.97314";"-48.92444";"-196.3602";"-37.52441";"-82.03894";"-291.9446";"-44.97314";"-48.92444"
"19694.68";"-196.1473";"-37.49426";"-82.03894";"-291.9446";"-44.9505";"-48.93536";"-196.1473";"-37.49426";"-82.03894";"-291.9446";"-44.9505";"-48.93536"
"19703.02";"-196.041";"-37.48346";"-82.03894";"-291.9446";"-44.9035";"-48.94061";"-196.041";"-37.48346";"-82.03894";"-291.9446";"-44.9035";"-48.94061"
"19711.36";"-196.0153";"-37.46552";"-82.03894";"-291.9446";"-44.88831";"-48.95813";"-196.0153";"-37.46552";"-82.03894";"-291.9446";"-44.88831";"-48.95813"
"19719.7";"-196.0092";"-37.44757";"-82.03894";"-291.9446";"-44.85101";"-48.9848";"-196.0092";"-37.44757";"-82.03894";"-291.9446";"-44.85101";"-48.9848"
"19728.04";"-195.93";"-37.45032";"-82.03894";"-291.9446";"-44.8432";"-48.99561";"-195.93";"-37.45032";"-82.03894";"-291.9446";"-44.8432";"-48.99561"
"19736.38";"-195.8646";"-37.38293";"-82.03894";"-291.9446";"-44.76178";"-49.02374";"-195.8646";"-37.38293";"-82.03894";"-291.9446";"-44.76178";"-49.02374"
"19744.72";"-195.8401";"-37.37482";"-82.03894";"-291.9446";"-44.74255";"-49.03741";"-195.8401";"-37.37482";"-82.03894";"-291.9446";"-44.74255";"-49.03741"
"19753.07";"-195.743";"-37.36047";"-82.03894";"-291.9446";"-44.64996";"-49.03809";"-195.743";"-37.36047";"-82.03894";"-291.9446";"-44.64996";"-49.03809"
"19761.41";"-195.7342";"-37.35443";"-82.03894";"-291.9446";"-44.6308";"-49.05579";"-195.7342";"-37.35443";"-82.03894";"-291.9446";"-44.6308";"-49.05579"
"19769.75";"-195.6661";"-37.34418";"-82.03894";"-291.9446";"-44.58374";"-49.09399";"-195.6661";"-37.34418";"-82.03894";"-291.9446";"-44.58374";"-49.09399"
"19778.09";"-195.5967";"-37.3559";"-82.03894";"-291.9446";"-44.57257";"-49.10321";"-195.5967";"-37.3559";"-82.03894";"-291.9446";"-44.57257";"-49.10321"
"19786.43";"-195.4825";"-37.2049";"-82.03894";"-291.9446";"-44.51617";"-49.11993";"-195.4825";"-37.2049";"-82.03894";"-291.9446";"-44.51617";"-49.11993"
"19794.78";"-195.4765";"-37.19922";"-82.03894";"-291.9446";"-44.47461";"-49.18781";"-195.4765";"-37.19922";"-82.03894";"-291.9446";"-44.47461";"-49.18781"
"19803.12";"-195.4428";"-37.16046";"-82.03894";"-291.9446";"-44.40686";"-49.21289";"-195.4428";"-37.16046";"-82.03894";"-291.9446";"-44.40686";"-49.21289"
"19811.46";"-195.3999";"-37.15668";"-82.03894";"-291.9446";"-44.38721";"-49.22076";"-195.3999";"-37.15668";"-82.03894";"-291.9446";"-44.38721";"-49.22076"
"19819.8";"-195.381";"-37.1142";"-82.03894";"-291.9446";"-44.32715";"-49.23688";"-195.381";"-37.1142";"-82.03894";"-291.9446";"-44.32715";"-49.23688"
"19828.14";"-195.3469";"-37.1095";"-82.03894";"-291.9446";"-44.28619";"-49.25586";"-195.3469";"-37.1095";"-82.03894";"-291.9446";"-44.28619";"-49.25586"
"19836.48";"-195.2948";"-37.07782";"-82.03894";"-291.9446";"-44.25018";"-49.26843";"-195.2948";"-37.07782";"-82.03894";"-291.9446";"-44.25018";"-49.26843"
"19844.82";"-195.2861";"-37.07233";"-82.03894";"-291.9446";"-44.22198";"-49.29358";"-195.2861";"-37.07233";"-82.03894";"-291.9446";"-44.22198";"-49.29358"
"19853.17";"-195.2239";"-37.05518";"-82.03894";"-291.9446";"-44.11737";"-49.29382";"-195.2239";"-37.05518";"-82.03894";"-291.9446";"-44.11737";"-49.29382"
"19861.51";"-195.1779";"-37.03314";"-82.03894";"-291.9446";"-44.09027";"-49.30682";"-195.1779";"-37.03314";"-82.03894";"-291.9446";"-44.09027";"-49.30682"
"19869.85";"-195.1255";"-37.03735";"-82.03894";"-291.9446";"-44.0423";"-49.31964";"-195.1255";"-37.03735";"-82.03894";"-291.9446";"-44.0423";"-49.31964"
"19878.19";"-195.0793";"-36.99622";"-82.03894";"-291.9446";"-44.04822";"-49.33606";"-195.0793";"-36.99622";"-82.03894";"-291.9446";"-44.04822";"-49.33606"
"19886.53";"-195.0306";"-36.96716";"-82.03894";"-291.9446";"-44.00562";"-49.34851";"-195.0306";"-36.96716";"-82.03894";"-291.9446";"-44.00562";"-49.34851"
"19894.88";"-195.0115";"-36.96576";"-82.03894";"-291.9446";"-43.95789";"-49.36346";"-195.0115";"-36.96576";"-82.03894";"-291.9446";"-43.95789";"-49.36346"
"19903.22";"-194.9304";"-36.92859";"-82.03894";"-291.9446";"-43.87665";"-49.41632";"-194.9304";"-36.92859";"-82.03894";"-291.9446";"-43.87665";"-49.41632"
"19911.56";"-194.9081";"-36.92419";"-82.03894";"-291.9446";"-43.86053";"-49.42517";"-194.9081";"-36.92419";"-82.03894";"-291.9446";"-43.86053";"-49.42517"
"19919.9";"-194.875";"-36.91949";"-82.03894";"-291.9446";"-43.82355";"-49.42035";"-194.875";"-36.91949";"-82.03894";"-291.9446";"-43.82355";"-49.42035"
"19928.24";"-194.8112";"-36.90509";"-82.03894";"-291.9446";"-43.78876";"-49.44708";"-194.8112";"-36.90509";"-82.03894";"-291.9446";"-43.78876";"-49.44708"
"19936.58";"-194.7442";"-36.87964";"-82.03894";"-291.9446";"-43.74713";"-49.45361";"-194.7442";"-36.87964";"-82.03894";"-291.9446";"-43.74713";"-49.45361"
"19944.93";"-194.7081";"-36.83038";"-82.03894";"-291.9446";"-43.72565";"-49.474";"-194.7081";"-36.83038";"-82.03894";"-291.9446";"-43.72565";"-49.474"
"19953.27";"-194.6747";"-36.84296";"-82.03894";"-291.9446";"-43.61371";"-49.49408";"-194.6747";"-36.84296";"-82.03894";"-291.9446";"-43.61371";"-49.49408"
"19961.61";"-194.6536";"-36.82208";"-82.03894";"-291.9446";"-43.52277";"-49.51111";"-194.6536";"-36.82208";"-82.03894";"-291.9446";"-43.52277";"-49.51111"
"19969.95";"-194.5825";"-36.80585";"-82.03894";"-291.9446";"-43.49359";"-49.61798";"-194.5825";"-36.80585";"-82.03894";"-291.9446";"-43.49359";"-49.61798"
"19978.29";"-194.5444";"-36.79626";"-82.03894";"-291.9446";"-43.47113";"-49.61316";"-194.5444";"-36.79626";"-82.03894";"-291.9446";"-43.47113";"-49.61316"
"19986.63";"-194.5322";"-36.76965";"-82.03894";"-291.9446";"-43.40308";"-49.64227";"-194.5322";"-36.76965";"-82.03894";"-291.9446";"-43.40308";"-49.64227"
"19994.97";"-194.4565";"-36.5321";"-82.03894";"-291.9446";"-43.36536";"-49.64886";"-194.4565";"-36.5321";"-82.03894";"-291.9446";"-43.36536";"-49.64886"
"20003.32";"-194.2642";"-36.49963";"-82.03894";"-291.9446";"-43.30872";"-49.68732";"-194.2642";"-36.49963";"-82.03894";"-291.9446";"-43.30872";"-49.68732"
"20011.66";"-194.2343";"-36.49554";"-82.03894";"-291.9446";"-43.29877";"-49.70258";"-194.2343";"-36.49554";"-82.03894";"-291.9446";"-43.29877";"-49.70258"
"20020";"-194.1594";"-36.45428";"-82.03894";"-291.9446";"-43.23932";"-49.73395";"-194.1594";"-36.45428";"-82.03894";"-291.9446";"-43.23932";"-49.73395"
"20028.34";"-194.1298";"-36.43848";"-82.03894";"-291.9446";"-43.2099";"-49.76666";"-194.1298";"-36.43848";"-82.03894";"-291.9446";"-43.2099";"-49.76666"
"20036.68";"-194.0695";"-36.41681";"-82.03894";"-291.9446";"-43.08221";"-49.79095";"-194.0695";"-36.41681";"-82.03894";"-291.9446";"-43.08221";"-49.79095"
"20045.03";"-194.0372";"-36.40222";"-82.03894";"-291.9446";"-43.09528";"-49.80402";"-194.0372";"-36.40222";"-82.03894";"-291.9446";"-43.09528";"-49.80402"
"20053.37";"-193.9741";"-36.37555";"-82.03894";"-291.9446";"-43.05023";"-49.87189";"-193.9741";"-36.37555";"-82.03894";"-291.9446";"-43.05023";"-49.87189"
"20061.71";"-193.9714";"-36.37543";"-82.03894";"-291.9446";"-43.01709";"-49.87";"-193.9714";"-36.37543";"-82.03894";"-291.9446";"-43.01709";"-49.87"
"20070.05";"-193.8456";"-36.34851";"-82.03894";"-291.9446";"-42.95746";"-49.87006";"-193.8456";"-36.34851";"-82.03894";"-291.9446";"-42.95746";"-49.87006"
"20078.39";"-193.8332";"-36.34753";"-82.03894";"-291.9446";"-42.91412";"-49.87958";"-193.8332";"-36.34753";"-82.03894";"-291.9446";"-42.91412";"-49.87958"
"20086.73";"-193.7748";"-36.32904";"-82.03894";"-291.9446";"-42.89441";"-49.89099";"-193.7748";"-36.32904";"-82.03894";"-291.9446";"-42.89441";"-49.89099"
"20095.07";"-193.7273";"-36.31061";"-82.03894";"-291.9446";"-42.84448";"-49.9187";"-193.7273";"-36.31061";"-82.03894";"-291.9446";"-42.84448";"-49.9187"
"20103.42";"-193.6416";"-36.28546";"-82.03894";"-291.9446";"-42.73425";"-49.9184";"-193.6416";"-36.28546";"-82.03894";"-291.9446";"-42.73425";"-49.9184"
"20111.76";"-193.5671";"-36.28949";"-82.03894";"-291.9446";"-42.71716";"-49.94135";"-193.5671";"-36.28949";"-82.03894";"-291.9446";"-42.71716";"-49.94135"
"20120.1";"-193.5278";"-36.25977";"-82.03894";"-291.9446";"-42.68323";"-49.96436";"-193.5278";"-36.25977";"-82.03894";"-291.9446";"-42.68323";"-49.96436"
"20128.44";"-193.4766";"-36.12665";"-82.03894";"-291.9446";"-42.64514";"-49.98212";"-193.4766";"-36.12665";"-82.03894";"-291.9446";"-42.64514";"-49.98212"
"20136.78";"-193.4167";"-36.08307";"-82.03894";"-291.9446";"-42.61865";"-49.99823";"-193.4167";"-36.08307";"-82.03894";"-291.9446";"-42.61865";"-49.99823"
"20145.13";"-193.4069";"-36.09039";"-82.03894";"-291.9446";"-42.58344";"-49.99976";"-193.4069";"-36.09039";"-82.03894";"-291.9446";"-42.58344";"-49.99976"
"20153.47";"-193.3532";"-36.08325";"-82.03894";"-291.9446";"-42.42224";"-50.07874";"-193.3532";"-36.08325";"-82.03894";"-291.9446";"-42.42224";"-50.07874"
"20161.81";"-193.3398";"-36.07654";"-82.03894";"-291.9446";"-42.41339";"-50.08734";"-193.3398";"-36.07654";"-82.03894";"-291.9446";"-42.41339";"-50.08734"
"20170.15";"-193.3023";"-36.03027";"-82.03894";"-291.9446";"-42.39838";"-50.12549";"-193.3023";"-36.03027";"-82.03894";"-291.9446";"-42.39838";"-50.12549"
"20178.49";"-193.2562";"-36.03333";"-82.03894";"-291.9446";"-42.37677";"-50.12726";"-193.2562";"-36.03333";"-82.03894";"-291.9446";"-42.37677";"-50.12726"
"20186.83";"-193.2317";"-35.99359";"-82.03894";"-291.9446";"-42.33551";"-50.13831";"-193.2317";"-35.99359";"-82.03894";"-291.9446";"-42.33551";"-50.13831"
"20195.18";"-193.208";"-35.98773";"-82.03894";"-291.9446";"-42.28473";"-50.15588";"-193.208";"-35.98773";"-82.03894";"-291.9446";"-42.28473";"-50.15588"
"20203.52";"-193.114";"-35.9541";"-82.03894";"-291.9446";"-42.23615";"-50.16815";"-193.114";"-35.9541";"-82.03894";"-291.9446";"-42.23615";"-50.16815"
"20211.86";"-193.0896";"-35.93683";"-82.03894";"-291.9446";"-42.21619";"-50.18347";"-193.0896";"-35.93683";"-82.03894";"-291.9446";"-42.21619";"-50.18347"
"20220.2";"-193.0769";"-35.92773";"-82.03894";"-291.9446";"-42.17603";"-50.20966";"-193.0769";"-35.92773";"-82.03894";"-291.9446";"-42.17603";"-50.20966"
"20228.54";"-193.0074";"-35.9281";"-82.03894";"-291.9446";"-42.13873";"-50.22205";"-193.0074";"-35.9281";"-82.03894";"-291.9446";"-42.13873";"-50.22205"
"20236.88";"-192.9868";"-35.90375";"-82.03894";"-291.9446";"-42.04938";"-50.2287";"-192.9868";"-35.90375";"-82.03894";"-291.9446";"-42.04938";"-50.2287"
"20245.22";"-192.8746";"-35.90491";"-82.03894";"-291.9446";"-42.02972";"-50.25665";"-192.8746";"-35.90491";"-82.03894";"-291.9446";"-42.02972";"-50.25665"
"20253.57";"-192.782";"-35.87054";"-82.03894";"-291.9446";"-41.95514";"-50.26495";"-192.782";"-35.87054";"-82.03894";"-291.9446";"-41.95514";"-50.26495"
"20261.91";"-192.7914";"-35.84509";"-82.03894";"-291.9446";"-41.94916";"-50.2608";"-192.7914";"-35.84509";"-82.03894";"-291.9446";"-41.94916";"-50.2608"
"20270.25";"-192.7271";"-35.80365";"-82.03894";"-291.9446";"-41.8913";"-50.29364";"-192.7271";"-35.80365";"-82.03894";"-291.9446";"-41.8913";"-50.29364"
"20278.59";"-192.6972";"-35.80463";"-82.03894";"-291.9446";"-41.85077";"-50.323";"-192.6972";"-35.80463";"-82.03894";"-291.9446";"-41.85077";"-50.323"
"20286.93";"-192.6191";"-35.7702";"-82.03894";"-291.9446";"-41.83673";"-50.33734";"-192.6191";"-35.7702";"-82.03894";"-291.9446";"-41.83673";"-50.33734"
"20295.28";"-192.5973";"-35.76813";"-82.03894";"-291.9446";"-41.79523";"-50.33429";"-192.5973";"-35.76813";"-82.03894";"-291.9446";"-41.79523";"-50.33429"
"20303.62";"-192.5025";"-35.7171";"-82.03894";"-291.9446";"-41.64545";"-50.33624";"-192.5025";"-35.7171";"-82.03894";"-291.9446";"-41.64545";"-50.33624"
"20311.96";"-192.5296";"-35.70734";"-82.03894";"-291.9446";"-41.63025";"-50.35284";"-192.5296";"-35.70734";"-82.03894";"-291.9446";"-41.63025";"-50.35284"
"20320.3";"-192.3963";"-35.52209";"-82.03894";"-291.9446";"-41.61682";"-50.37592";"-192.3963";"-35.52209";"-82.03894";"-291.9446";"-41.61682";"-50.37592"
"20328.64";"-192.2508";"-35.49811";"-82.03894";"-291.9446";"-41.58496";"-50.37561";"-192.2508";"-35.49811";"-82.03894";"-291.9446";"-41.58496";"-50.37561"
"20336.98";"-192.2053";"-35.46027";"-82.03894";"-291.9446";"-41.46533";"-50.45422";"-192.2053";"-35.46027";"-82.03894";"-291.9446";"-41.46533";"-50.45422"
"20345.32";"-192.1622";"-35.44476";"-82.03894";"-291.9446";"-41.43292";"-50.46454";"-192.1622";"-35.44476";"-82.03894";"-291.9446";"-41.43292";"-50.46454"
"20353.67";"-192.0636";"-35.44141";"-82.03894";"-291.9446";"-41.38275";"-50.47052";"-192.0636";"-35.44141";"-82.03894";"-291.9446";"-41.38275";"-50.47052"
"20362.01";"-192.0413";"-35.42346";"-82.03894";"-291.9446";"-41.37177";"-50.48505";"-192.0413";"-35.42346";"-82.03894";"-291.9446";"-41.37177";"-50.48505"
"20370.35";"-191.9794";"-35.38611";"-82.03894";"-291.9446";"-41.23004";"-50.52509";"-191.9794";"-35.38611";"-82.03894";"-291.9446";"-41.23004";"-50.52509"
"20378.69";"-191.9504";"-35.36987";"-82.03894";"-291.9446";"-41.20355";"-50.5484";"-191.9504";"-35.36987";"-82.03894";"-291.9446";"-41.20355";"-50.5484"
"20387.03";"-191.9";"-35.35974";"-82.03894";"-291.9446";"-41.15985";"-50.57697";"-191.9";"-35.35974";"-82.03894";"-291.9446";"-41.15985";"-50.57697"
"20395.38";"-191.764";"-35.3277";"-82.03894";"-291.9446";"-41.06049";"-50.67255";"-191.764";"-35.3277";"-82.03894";"-291.9446";"-41.06049";"-50.67255"
"20403.72";"-191.7158";"-35.31219";"-82.03894";"-291.9446";"-41.03271";"-50.68158";"-191.7158";"-35.31219";"-82.03894";"-291.9446";"-41.03271";"-50.68158"
"20412.06";"-191.6913";"-35.30951";"-82.03894";"-291.9446";"-41.02399";"-50.69666";"-191.6913";"-35.30951";"-82.03894";"-291.9446";"-41.02399";"-50.69666"
"20420.4";"-191.6292";"-35.29669";"-82.03894";"-291.9446";"-40.95526";"-50.69897";"-191.6292";"-35.29669";"-82.03894";"-291.9446";"-40.95526";"-50.69897"
"20428.74";"-191.5559";"-35.28174";"-82.03894";"-291.9446";"-40.93793";"-50.69806";"-191.5559";"-35.28174";"-82.03894";"-291.9446";"-40.93793";"-50.69806"
"20437.08";"-191.4944";"-35.13177";"-82.03894";"-291.9446";"-40.80109";"-50.73315";"-191.4944";"-35.13177";"-82.03894";"-291.9446";"-40.80109";"-50.73315"
"20445.43";"-191.4821";"-35.12408";"-82.03894";"-291.9446";"-40.79565";"-50.74341";"-191.4821";"-35.12408";"-82.03894";"-291.9446";"-40.79565";"-50.74341"
"20453.77";"-191.4197";"-35.10071";"-82.03894";"-291.9446";"-40.78711";"-50.74902";"-191.4197";"-35.10071";"-82.03894";"-291.9446";"-40.78711";"-50.74902"
"20462.11";"-191.3973";"-35.07263";"-82.03894";"-291.9446";"-40.76593";"-50.7865";"-191.3973";"-35.07263";"-82.03894";"-291.9446";"-40.76593";"-50.7865"
"20470.45";"-191.3389";"-35.03125";"-82.03894";"-291.9446";"-40.70496";"-50.82367";"-191.3389";"-35.03125";"-82.03894";"-291.9446";"-40.70496";"-50.82367"
"20478.79";"-191.3395";"-35.02264";"-82.03894";"-291.9446";"-40.68347";"-50.84882";"-191.3395";"-35.02264";"-82.03894";"-291.9446";"-40.68347";"-50.84882"
"20487.13";"-191.2849";"-35.00818";"-82.03894";"-291.9446";"-40.60767";"-50.85492";"-191.2849";"-35.00818";"-82.03894";"-291.9446";"-40.60767";"-50.85492"
"20495.47";"-191.2255";"-34.98993";"-82.03894";"-291.9446";"-40.58032";"-50.88452";"-191.2255";"-34.98993";"-82.03894";"-291.9446";"-40.58032";"-50.88452"
"20503.82";"-191.1359";"-34.97565";"-82.03894";"-291.9446";"-40.51154";"-50.91693";"-191.1359";"-34.97565";"-82.03894";"-291.9446";"-40.51154";"-50.91693"
"20512.16";"-191.1381";"-34.94598";"-82.03894";"-291.9446";"-40.49121";"-50.97943";"-191.1381";"-34.94598";"-82.03894";"-291.9446";"-40.49121";"-50.97943"
"20520.5";"-191.1088";"-34.90027";"-82.03894";"-291.9446";"-40.43292";"-50.9859";"-191.1088";"-34.90027";"-82.03894";"-291.9446";"-40.43292";"-50.9859"
"20528.84";"-191.0923";"-34.91034";"-82.03894";"-291.9446";"-40.38904";"-50.99915";"-191.0923";"-34.91034";"-82.03894";"-291.9446";"-40.38904";"-50.99915"
"20537.18";"-191.0409";"-34.88989";"-82.03894";"-291.9446";"-40.34998";"-51.01038";"-191.0409";"-34.88989";"-82.03894";"-291.9446";"-40.34998";"-51.01038"
"20545.53";"-191.007";"-34.8587";"-82.03894";"-291.9446";"-40.3324";"-51.01978";"-191.007";"-34.8587";"-82.03894";"-291.9446";"-40.3324";"-51.01978"
"20553.87";"-190.9666";"-34.85236";"-82.03894";"-291.9446";"-40.25592";"-51.0368";"-190.9666";"-34.85236";"-82.03894";"-291.9446";"-40.25592";"-51.0368"
"20562.21";"-190.9211";"-34.82214";"-82.03894";"-291.9446";"-40.23151";"-51.04266";"-190.9211";"-34.82214";"-82.03894";"-291.9446";"-40.23151";"-51.04266"
"20570.55";"-190.9042";"-34.7951";"-82.03894";"-291.9446";"-40.18085";"-51.07928";"-190.9042";"-34.7951";"-82.03894";"-291.9446";"-40.18085";"-51.07928"
"20578.89";"-190.8766";"-34.77228";"-82.03894";"-291.9446";"-40.18549";"-51.08728";"-190.8766";"-34.77228";"-82.03894";"-291.9446";"-40.18549";"-51.08728"
"20587.23";"-190.8232";"-34.71851";"-82.03894";"-291.9446";"-40.13202";"-51.12402";"-190.8232";"-34.71851";"-82.03894";"-291.9446";"-40.13202";"-51.12402"
"20595.57";"-190.7733";"-34.71271";"-82.03894";"-291.9446";"-40.09601";"-51.1441";"-190.7733";"-34.71271";"-82.03894";"-291.9446";"-40.09601";"-51.1441"
"20603.92";"-190.7266";"-34.6955";"-82.03894";"-291.9446";"-40.05212";"-51.15729";"-190.7266";"-34.6955";"-82.03894";"-291.9446";"-40.05212";"-51.15729"
"20612.26";"-190.6686";"-34.6651";"-82.03894";"-291.9446";"-40.01941";"-51.15533";"-190.6686";"-34.6651";"-82.03894";"-291.9446";"-40.01941";"-51.15533"
"20620.6";"-190.628";"-34.67749";"-82.03894";"-291.9446";"-39.93256";"-51.22797";"-190.628";"-34.67749";"-82.03894";"-291.9446";"-39.93256";"-51.22797"
"20628.94";"-190.3925";"-34.45984";"-82.03894";"-291.9446";"-39.93134";"-51.22998";"-190.3925";"-34.45984";"-82.03894";"-291.9446";"-39.93134";"-51.22998"
"20637.28";"-190.3547";"-34.43768";"-82.03894";"-291.9446";"-39.86456";"-51.23572";"-190.3547";"-34.43768";"-82.03894";"-291.9446";"-39.86456";"-51.23572"
"20645.63";"-190.2959";"-34.43054";"-82.03894";"-291.9446";"-39.84308";"-51.25488";"-190.2959";"-34.43054";"-82.03894";"-291.9446";"-39.84308";"-51.25488"
"20653.97";"-190.2806";"-34.40735";"-82.03894";"-291.9446";"-39.7984";"-51.2785";"-190.2806";"-34.40735";"-82.03894";"-291.9446";"-39.7984";"-51.2785"
"20662.31";"-190.2401";"-34.37451";"-82.03894";"-291.9446";"-39.75763";"-51.28339";"-190.2401";"-34.37451";"-82.03894";"-291.9446";"-39.75763";"-51.28339"
"20670.65";"-190.176";"-34.33997";"-82.03894";"-291.9446";"-39.6427";"-51.30127";"-190.176";"-34.33997";"-82.03894";"-291.9446";"-39.6427";"-51.30127"
"20678.99";"-190.1309";"-34.32709";"-82.03894";"-291.9446";"-39.63818";"-51.29095";"-190.1309";"-34.32709";"-82.03894";"-291.9446";"-39.63818";"-51.29095"
"20687.33";"-190.1058";"-34.30157";"-82.03894";"-291.9446";"-39.59857";"-51.33435";"-190.1058";"-34.30157";"-82.03894";"-291.9446";"-39.59857";"-51.33435"
"20695.68";"-189.9967";"-34.30603";"-82.03894";"-291.9446";"-39.5553";"-51.36346";"-189.9967";"-34.30603";"-82.03894";"-291.9446";"-39.5553";"-51.36346"
"20704.02";"-189.9594";"-34.22705";"-82.03894";"-291.9446";"-39.52441";"-51.36224";"-189.9594";"-34.22705";"-82.03894";"-291.9446";"-39.52441";"-51.36224"
"20712.36";"-189.9338";"-34.21875";"-82.03894";"-291.9446";"-39.45636";"-51.43512";"-189.9338";"-34.21875";"-82.03894";"-291.9446";"-39.45636";"-51.43512"
"20720.7";"-189.8302";"-34.20581";"-82.03894";"-291.9446";"-39.40973";"-51.44336";"-189.8302";"-34.20581";"-82.03894";"-291.9446";"-39.40973";"-51.44336"
"20729.04";"-189.8193";"-34.18994";"-82.03894";"-291.9446";"-39.37018";"-51.46814";"-189.8193";"-34.18994";"-82.03894";"-291.9446";"-39.37018";"-51.46814"
"20737.38";"-189.7311";"-34.17822";"-82.03894";"-291.9446";"-39.3009";"-51.47748";"-189.7311";"-34.17822";"-82.03894";"-291.9446";"-39.3009";"-51.47748"
"20745.72";"-189.6929";"-34.15796";"-82.03894";"-291.9446";"-39.24988";"-51.49652";"-189.6929";"-34.15796";"-82.03894";"-291.9446";"-39.24988";"-51.49652"
"20754.07";"-189.6356";"-34.13409";"-82.03894";"-291.9446";"-39.18243";"-51.4989";"-189.6356";"-34.13409";"-82.03894";"-291.9446";"-39.18243";"-51.4989"
"20762.41";"-189.6132";"-34.09125";"-82.03894";"-291.9446";"-39.09973";"-51.53406";"-189.6132";"-34.09125";"-82.03894";"-291.9446";"-39.09973";"-51.53406"
"20770.75";"-189.5584";"-34.08832";"-82.03894";"-291.9446";"-39.07813";"-51.57697";"-189.5584";"-34.08832";"-82.03894";"-291.9446";"-39.07813";"-51.57697"
"20779.09";"-189.511";"-34.0752";"-82.03894";"-291.9446";"-39.0213";"-51.62054";"-189.511";"-34.0752";"-82.03894";"-291.9446";"-39.0213";"-51.62054"
"20787.43";"-189.4161";"-33.92743";"-82.03894";"-291.9446";"-38.96503";"-51.61548";"-189.4161";"-33.92743";"-82.03894";"-291.9446";"-38.96503";"-51.61548"
"20795.78";"-189.3858";"-33.91852";"-82.03894";"-291.9446";"-38.94678";"-51.6438";"-189.3858";"-33.91852";"-82.03894";"-291.9446";"-38.94678";"-51.6438"
"20804.12";"-189.3385";"-33.8963";"-82.03894";"-291.9446";"-38.90521";"-51.68103";"-189.3385";"-33.8963";"-82.03894";"-291.9446";"-38.90521";"-51.68103"
"20812.46";"-189.3066";"-33.87109";"-82.03894";"-291.9446";"-38.85687";"-51.69928";"-189.3066";"-33.87109";"-82.03894";"-291.9446";"-38.85687";"-51.69928"
"20820.8";"-189.2366";"-33.80365";"-82.03894";"-291.9446";"-38.74036";"-51.72131";"-189.2366";"-33.80365";"-82.03894";"-291.9446";"-38.74036";"-51.72131"
"20829.14";"-189.2288";"-33.78003";"-82.03894";"-291.9446";"-38.75403";"-51.73175";"-189.2288";"-33.78003";"-82.03894";"-291.9446";"-38.75403";"-51.73175"
"20837.48";"-189.1511";"-33.75446";"-82.03894";"-291.9446";"-38.71997";"-51.75513";"-189.1511";"-33.75446";"-82.03894";"-291.9446";"-38.71997";"-51.75513"
"20845.82";"-189.1277";"-33.73712";"-82.03894";"-291.9446";"-38.67279";"-51.76794";"-189.1277";"-33.73712";"-82.03894";"-291.9446";"-38.67279";"-51.76794"
"20854.17";"-189.0784";"-33.73163";"-82.03894";"-291.9446";"-38.63904";"-51.8111";"-189.0784";"-33.73163";"-82.03894";"-291.9446";"-38.63904";"-51.8111"
"20862.51";"-189.0135";"-33.72864";"-82.03894";"-291.9446";"-38.58185";"-51.84198";"-189.0135";"-33.72864";"-82.03894";"-291.9446";"-38.58185";"-51.84198"
"20870.85";"-188.9579";"-33.69635";"-82.03894";"-291.9446";"-38.54431";"-51.849";"-188.9579";"-33.69635";"-82.03894";"-291.9446";"-38.54431";"-51.849"
"20879.19";"-188.9326";"-33.66888";"-82.03894";"-291.9446";"-38.48462";"-51.91443";"-188.9326";"-33.66888";"-82.03894";"-291.9446";"-38.48462";"-51.91443"
"20887.53";"-188.8446";"-33.65637";"-82.03894";"-291.9446";"-38.34991";"-51.90961";"-188.8446";"-33.65637";"-82.03894";"-291.9446";"-38.34991";"-51.90961"
"20895.88";"-188.8121";"-33.633";"-82.03894";"-291.9446";"-38.34027";"-51.95483";"-188.8121";"-33.633";"-82.03894";"-291.9446";"-38.34027";"-51.95483"
"20904.22";"-188.517";"-33.4903";"-82.03894";"-291.9446";"-38.26434";"-51.99896";"-188.517";"-33.4903";"-82.03894";"-291.9446";"-38.26434";"-51.99896"
"20912.56";"-188.5032";"-33.49084";"-82.03894";"-291.9446";"-38.25098";"-51.98608";"-188.5032";"-33.49084";"-82.03894";"-291.9446";"-38.25098";"-51.98608"
"20920.9";"-188.464";"-33.35718";"-82.03894";"-291.9446";"-38.22418";"-52.01086";"-188.464";"-33.35718";"-82.03894";"-291.9446";"-38.22418";"-52.01086"
"20929.24";"-188.4533";"-33.34802";"-82.03894";"-291.9446";"-38.19385";"-52.03546";"-188.4533";"-33.34802";"-82.03894";"-291.9446";"-38.19385";"-52.03546"
"20937.58";"-188.361";"-33.32306";"-82.03894";"-291.9446";"-38.07361";"-52.0434";"-188.361";"-33.32306";"-82.03894";"-291.9446";"-38.07361";"-52.0434"
"20945.93";"-188.3215";"-33.30396";"-82.03894";"-291.9446";"-38.0672";"-52.06104";"-188.3215";"-33.30396";"-82.03894";"-291.9446";"-38.0672";"-52.06104"
"20954.27";"-188.2764";"-33.27533";"-82.03894";"-291.9446";"-38.04443";"-52.07178";"-188.2764";"-33.27533";"-82.03894";"-291.9446";"-38.04443";"-52.07178"
"20962.61";"-188.2144";"-33.24426";"-82.03894";"-291.9446";"-37.95343";"-52.07947";"-188.2144";"-33.24426";"-82.03894";"-291.9446";"-37.95343";"-52.07947"
"20970.95";"-188.2154";"-33.22675";"-82.03894";"-291.9446";"-37.93799";"-52.10168";"-188.2154";"-33.22675";"-82.03894";"-291.9446";"-37.93799";"-52.10168"
"20979.29";"-188.0734";"-33.22424";"-82.03894";"-291.9446";"-37.8941";"-52.12885";"-188.0734";"-33.22424";"-82.03894";"-291.9446";"-37.8941";"-52.12885"
"20987.63";"-188.0532";"-33.1889";"-82.03894";"-291.9446";"-37.84802";"-52.13379";"-188.0532";"-33.1889";"-82.03894";"-291.9446";"-37.84802";"-52.13379"
"20995.97";"-188.0267";"-33.17096";"-82.03894";"-291.9446";"-37.80682";"-52.1485";"-188.0267";"-33.17096";"-82.03894";"-291.9446";"-37.80682";"-52.1485"
"21004.32";"-187.986";"-33.1709";"-82.03894";"-291.9446";"-37.70856";"-52.16663";"-187.986";"-33.1709";"-82.03894";"-291.9446";"-37.70856";"-52.16663"
"21012.66";"-187.9136";"-33.15356";"-82.03894";"-291.9446";"-37.6709";"-52.16406";"-187.9136";"-33.15356";"-82.03894";"-291.9446";"-37.6709";"-52.16406"
"21021";"-187.8057";"-33.11157";"-82.03894";"-291.9446";"-37.63989";"-52.20209";"-187.8057";"-33.11157";"-82.03894";"-291.9446";"-37.63989";"-52.20209"
"21029.34";"-187.7856";"-33.10107";"-82.03894";"-291.9446";"-37.59381";"-52.20605";"-187.7856";"-33.10107";"-82.03894";"-291.9446";"-37.59381";"-52.20605"
"21037.68";"-187.7408";"-33.09033";"-82.03894";"-291.9446";"-37.51984";"-52.22583";"-187.7408";"-33.09033";"-82.03894";"-291.9446";"-37.51984";"-52.22583"
"21046.03";"-187.7012";"-33.07343";"-82.03894";"-291.9446";"-37.46124";"-52.3125";"-187.7012";"-33.07343";"-82.03894";"-291.9446";"-37.46124";"-52.3125"
"21054.37";"-187.5155";"-33.07239";"-82.03894";"-291.9446";"-37.39514";"-52.30133";"-187.5155";"-33.07239";"-82.03894";"-291.9446";"-37.39514";"-52.30133"
"21062.71";"-187.5156";"-33.03351";"-82.03894";"-291.9446";"-37.37311";"-52.33075";"-187.5156";"-33.03351";"-82.03894";"-291.9446";"-37.37311";"-52.33075"
"21071.05";"-187.4712";"-32.88879";"-82.03894";"-291.9446";"-37.29004";"-52.34473";"-187.4712";"-32.88879";"-82.03894";"-291.9446";"-37.29004";"-52.34473"
"21079.39";"-187.4497";"-32.86523";"-82.03894";"-291.9446";"-37.26746";"-52.34821";"-187.4497";"-32.86523";"-82.03894";"-291.9446";"-37.26746";"-52.34821"
"21087.73";"-187.4118";"-32.84174";"-82.03894";"-291.9446";"-37.20502";"-52.37054";"-187.4118";"-32.84174";"-82.03894";"-291.9446";"-37.20502";"-52.37054"
"21096.07";"-187.367";"-32.81628";"-82.03894";"-291.9446";"-37.12988";"-52.37726";"-187.367";"-32.81628";"-82.03894";"-291.9446";"-37.12988";"-52.37726"
"21104.42";"-187.2915";"-32.74396";"-82.03894";"-291.9446";"-37.10962";"-52.41406";"-187.2915";"-32.74396";"-82.03894";"-291.9446";"-37.10962";"-52.41406"
"21112.76";"-187.2807";"-32.75726";"-82.03894";"-291.9446";"-37.08429";"-52.41705";"-187.2807";"-32.75726";"-82.03894";"-291.9446";"-37.08429";"-52.41705"
"21121.1";"-187.2218";"-32.71729";"-82.03894";"-291.9446";"-37.00989";"-52.42682";"-187.2218";"-32.71729";"-82.03894";"-291.9446";"-37.00989";"-52.42682"
"21129.44";"-187.1785";"-32.69672";"-82.03894";"-291.9446";"-36.98102";"-52.43427";"-187.1785";"-32.69672";"-82.03894";"-291.9446";"-36.98102";"-52.43427"
"21137.78";"-187.1401";"-32.65387";"-82.03894";"-291.9446";"-36.94025";"-52.45203";"-187.1401";"-32.65387";"-82.03894";"-291.9446";"-36.94025";"-52.45203"
"21146.13";"-187.1252";"-32.66229";"-82.03894";"-291.9446";"-36.92395";"-52.45984";"-187.1252";"-32.66229";"-82.03894";"-291.9446";"-36.92395";"-52.45984"
"21154.47";"-187.0976";"-32.62463";"-82.03894";"-291.9446";"-36.85748";"-52.4679";"-187.0976";"-32.62463";"-82.03894";"-291.9446";"-36.85748";"-52.4679"
"21162.81";"-187.0302";"-32.61731";"-82.03894";"-291.9446";"-36.83533";"-52.47662";"-187.0302";"-32.61731";"-82.03894";"-291.9446";"-36.83533";"-52.47662"
"21171.15";"-186.9046";"-32.57849";"-82.03894";"-291.9446";"-36.78632";"-52.48712";"-186.9046";"-32.57849";"-82.03894";"-291.9446";"-36.78632";"-52.48712"
"21179.49";"-186.9208";"-32.55438";"-82.03894";"-291.9446";"-36.70215";"-52.51733";"-186.9208";"-32.55438";"-82.03894";"-291.9446";"-36.70215";"-52.51733"
"21187.83";"-186.7039";"-32.4964";"-82.03894";"-291.9446";"-36.64777";"-52.56873";"-186.7039";"-32.4964";"-82.03894";"-291.9446";"-36.64777";"-52.56873"
"21196.18";"-186.6624";"-32.49512";"-82.03894";"-291.9446";"-36.5921";"-52.60614";"-186.6624";"-32.49512";"-82.03894";"-291.9446";"-36.5921";"-52.60614"
"21204.52";"-186.5785";"-32.48279";"-82.03894";"-291.9446";"-36.49847";"-52.71576";"-186.5785";"-32.48279";"-82.03894";"-291.9446";"-36.49847";"-52.71576"
"21212.86";"-186.5258";"-32.46771";"-82.03894";"-291.9446";"-36.47913";"-52.74542";"-186.5258";"-32.46771";"-82.03894";"-291.9446";"-36.47913";"-52.74542"
"21221.2";"-186.3811";"-32.34009";"-82.03894";"-291.9446";"-36.41211";"-52.77386";"-186.3811";"-32.34009";"-82.03894";"-291.9446";"-36.41211";"-52.77386"
"21229.54";"-186.3691";"-32.32666";"-82.03894";"-291.9446";"-36.38849";"-52.78613";"-186.3691";"-32.32666";"-82.03894";"-291.9446";"-36.38849";"-52.78613"
"21237.88";"-186.3464";"-32.23468";"-82.03894";"-291.9446";"-36.33313";"-52.80304";"-186.3464";"-32.23468";"-82.03894";"-291.9446";"-36.33313";"-52.80304"
"21246.22";"-186.329";"-32.22174";"-82.03894";"-291.9446";"-36.28296";"-52.81671";"-186.329";"-32.22174";"-82.03894";"-291.9446";"-36.28296";"-52.81671"
"21254.57";"-186.1988";"-32.22168";"-82.03894";"-291.9446";"-36.2085";"-52.86926";"-186.1988";"-32.22168";"-82.03894";"-291.9446";"-36.2085";"-52.86926"
"21262.91";"-186.1844";"-32.21637";"-82.03894";"-291.9446";"-36.19489";"-52.87744";"-186.1844";"-32.21637";"-82.03894";"-291.9446";"-36.19489";"-52.87744"
"21271.25";"-186.1359";"-32.1734";"-82.03894";"-291.9446";"-36.13708";"-52.91339";"-186.1359";"-32.1734";"-82.03894";"-291.9446";"-36.13708";"-52.91339"
"21279.59";"-186.1039";"-32.14484";"-82.03894";"-291.9446";"-36.09631";"-52.93573";"-186.1039";"-32.14484";"-82.03894";"-291.9446";"-36.09631";"-52.93573"
"21287.93";"-185.9703";"-32.15204";"-82.03894";"-291.9446";"-36.03448";"-52.92914";"-185.9703";"-32.15204";"-82.03894";"-291.9446";"-36.03448";"-52.92914"
"21296.28";"-185.9721";"-32.1156";"-82.03894";"-291.9446";"-35.98499";"-52.94598";"-185.9721";"-32.1156";"-82.03894";"-291.9446";"-35.98499";"-52.94598"
"21304.62";"-185.9404";"-32.07172";"-82.03894";"-291.9446";"-35.91779";"-52.96484";"-185.9404";"-32.07172";"-82.03894";"-291.9446";"-35.91779";"-52.96484"
"21312.96";"-185.9111";"-32.05408";"-82.03894";"-291.9446";"-35.90015";"-52.99097";"-185.9111";"-32.05408";"-82.03894";"-291.9446";"-35.90015";"-52.99097"
"21321.3";"-185.8187";"-32.04468";"-82.03894";"-291.9446";"-35.84143";"-53.00482";"-185.8187";"-32.04468";"-82.03894";"-291.9446";"-35.84143";"-53.00482"
"21329.64";"-185.8109";"-32.01422";"-82.03894";"-291.9446";"-35.82074";"-53.02222";"-185.8109";"-32.01422";"-82.03894";"-291.9446";"-35.82074";"-53.02222"
"21337.98";"-185.6953";"-31.99316";"-82.03894";"-291.9446";"-35.75586";"-53.05353";"-185.6953";"-31.99316";"-82.03894";"-291.9446";"-35.75586";"-53.05353"
"21346.32";"-185.6859";"-31.9762";"-82.03894";"-291.9446";"-35.71442";"-53.08008";"-185.6859";"-31.9762";"-82.03894";"-291.9446";"-35.71442";"-53.08008"
"21354.67";"-185.6415";"-31.92389";"-82.03894";"-291.9446";"-35.6474";"-53.09869";"-185.6415";"-31.92389";"-82.03894";"-291.9446";"-35.6474";"-53.09869"
"21363.01";"-185.6006";"-31.9176";"-82.03894";"-291.9446";"-35.62195";"-53.11389";"-185.6006";"-31.9176";"-82.03894";"-291.9446";"-35.62195";"-53.11389"
"21371.35";"-185.4437";"-31.7381";"-82.03894";"-291.9446";"-35.59967";"-53.12207";"-185.4437";"-31.7381";"-82.03894";"-291.9446";"-35.59967";"-53.12207"
"21379.69";"-185.4415";"-31.72272";"-82.03894";"-291.9446";"-35.56403";"-53.13989";"-185.4415";"-31.72272";"-82.03894";"-291.9446";"-35.56403";"-53.13989"
"21388.03";"-185.4323";"-31.69696";"-82.03894";"-291.9446";"-35.46167";"-53.23676";"-185.4323";"-31.69696";"-82.03894";"-291.9446";"-35.46167";"-53.23676"
"21396.38";"-185.3043";"-31.59167";"-82.03894";"-291.9446";"-35.37347";"-53.23975";"-185.3043";"-31.59167";"-82.03894";"-291.9446";"-35.37347";"-53.23975"
"21404.72";"-185.2982";"-31.59027";"-82.03894";"-291.9446";"-35.33563";"-53.23761";"-185.2982";"-31.59027";"-82.03894";"-291.9446";"-35.33563";"-53.23761"
"21413.06";"-185.2574";"-31.59863";"-82.03894";"-291.9446";"-35.31952";"-53.24493";"-185.2574";"-31.59863";"-82.03894";"-291.9446";"-35.31952";"-53.24493"
"21421.4";"-185.2416";"-31.56989";"-82.03894";"-291.9446";"-35.25012";"-53.28772";"-185.2416";"-31.56989";"-82.03894";"-291.9446";"-35.25012";"-53.28772"
"21429.74";"-185.0566";"-31.58234";"-82.03894";"-291.9446";"-35.22748";"-53.28113";"-185.0566";"-31.58234";"-82.03894";"-291.9446";"-35.22748";"-53.28113"
"21438.08";"-184.895";"-31.48145";"-82.03894";"-291.9446";"-35.16681";"-53.31445";"-184.895";"-31.48145";"-82.03894";"-291.9446";"-35.16681";"-53.31445"
"21446.43";"-184.8802";"-31.4743";"-82.03894";"-291.9446";"-35.13776";"-53.33234";"-184.8802";"-31.4743";"-82.03894";"-291.9446";"-35.13776";"-53.33234"
"21454.77";"-184.8514";"-31.45361";"-82.03894";"-291.9446";"-35.06281";"-53.34149";"-184.8514";"-31.45361";"-82.03894";"-291.9446";"-35.06281";"-53.34149"
"21463.11";"-184.8162";"-31.44714";"-82.03894";"-291.9446";"-35.0437";"-53.34161";"-184.8162";"-31.44714";"-82.03894";"-291.9446";"-35.0437";"-53.34161"
"21471.45";"-184.7618";"-31.4353";"-82.03894";"-291.9446";"-35.00726";"-53.35022";"-184.7618";"-31.4353";"-82.03894";"-291.9446";"-35.00726";"-53.35022"
"21479.79";"-184.7114";"-31.4162";"-82.03894";"-291.9446";"-34.97925";"-53.35718";"-184.7114";"-31.4162";"-82.03894";"-291.9446";"-34.97925";"-53.35718"
"21488.13";"-184.5354";"-31.34814";"-82.03894";"-291.9446";"-34.93201";"-53.38306";"-184.5354";"-31.34814";"-82.03894";"-291.9446";"-34.93201";"-53.38306"
"21496.47";"-184.5457";"-31.33521";"-82.03894";"-291.9446";"-34.88879";"-53.39783";"-184.5457";"-31.33521";"-82.03894";"-291.9446";"-34.88879";"-53.39783"
"21504.82";"-184.4998";"-31.19806";"-82.03894";"-291.9446";"-34.85046";"-53.43091";"-184.4998";"-31.19806";"-82.03894";"-291.9446";"-34.85046";"-53.43091"
"21513.16";"-184.4701";"-31.19513";"-82.03894";"-291.9446";"-34.7738";"-53.43866";"-184.4701";"-31.19513";"-82.03894";"-291.9446";"-34.7738";"-53.43866"
"21521.5";"-184.3417";"-31.17529";"-82.03894";"-291.9446";"-34.71033";"-53.4718";"-184.3417";"-31.17529";"-82.03894";"-291.9446";"-34.71033";"-53.4718"
"21529.84";"-184.3558";"-31.15466";"-82.03894";"-291.9446";"-34.69098";"-53.47363";"-184.3558";"-31.15466";"-82.03894";"-291.9446";"-34.69098";"-53.47363"
"21538.18";"-184.3154";"-31.12207";"-82.03894";"-291.9446";"-34.67682";"-53.48285";"-184.3154";"-31.12207";"-82.03894";"-291.9446";"-34.67682";"-53.48285"
"21546.53";"-184.3013";"-31.1236";"-82.03894";"-291.9446";"-34.57129";"-53.53564";"-184.3013";"-31.1236";"-82.03894";"-291.9446";"-34.57129";"-53.53564"
"21554.87";"-184.1419";"-31.10504";"-82.03894";"-291.9446";"-34.49615";"-53.65015";"-184.1419";"-31.10504";"-82.03894";"-291.9446";"-34.49615";"-53.65015"
"21563.21";"-184.1418";"-31.0849";"-82.03894";"-291.9446";"-34.45404";"-53.64728";"-184.1418";"-31.0849";"-82.03894";"-291.9446";"-34.45404";"-53.64728"
"21571.55";"-184.131";"-31.04474";"-82.03894";"-291.9446";"-34.36603";"-53.67163";"-184.131";"-31.04474";"-82.03894";"-291.9446";"-34.36603";"-53.67163"
"21579.89";"-184.0889";"-31.02979";"-82.03894";"-291.9446";"-34.30133";"-53.7088";"-184.0889";"-31.02979";"-82.03894";"-291.9446";"-34.30133";"-53.7088"
"21588.23";"-183.9297";"-30.99921";"-82.03894";"-291.9446";"-34.25098";"-53.75159";"-183.9297";"-30.99921";"-82.03894";"-291.9446";"-34.25098";"-53.75159"
"21596.57";"-183.9114";"-30.98798";"-82.03894";"-291.9446";"-34.20471";"-53.74976";"-183.9114";"-30.98798";"-82.03894";"-291.9446";"-34.20471";"-53.74976"
"21604.92";"-183.8588";"-30.95654";"-82.03894";"-291.9446";"-34.11212";"-53.77252";"-183.8588";"-30.95654";"-82.03894";"-291.9446";"-34.11212";"-53.77252"
"21613.26";"-183.8344";"-30.94031";"-82.03894";"-291.9446";"-34.09503";"-53.78314";"-183.8344";"-30.94031";"-82.03894";"-291.9446";"-34.09503";"-53.78314"
"21621.6";"-183.6672";"-30.88092";"-82.03894";"-291.9446";"-34.0611";"-53.82092";"-183.6672";"-30.88092";"-82.03894";"-291.9446";"-34.0611";"-53.82092"
"21629.94";"-183.6335";"-30.88";"-82.03894";"-291.9446";"-33.99011";"-53.82715";"-183.6335";"-30.88";"-82.03894";"-291.9446";"-33.99011";"-53.82715"
"21638.28";"-183.6149";"-30.80798";"-82.03894";"-291.9446";"-33.90936";"-53.83789";"-183.6149";"-30.80798";"-82.03894";"-291.9446";"-33.90936";"-53.83789"
"21646.63";"-183.5659";"-30.80597";"-82.03894";"-291.9446";"-33.87482";"-53.86255";"-183.5659";"-30.80597";"-82.03894";"-291.9446";"-33.87482";"-53.86255"
"21654.97";"-183.4349";"-30.65802";"-82.03894";"-291.9446";"-33.79053";"-53.8902";"-183.4349";"-30.65802";"-82.03894";"-291.9446";"-33.79053";"-53.8902"
"21663.31";"-183.4169";"-30.65051";"-82.03894";"-291.9446";"-33.784";"-53.91699";"-183.4169";"-30.65051";"-82.03894";"-291.9446";"-33.784";"-53.91699"
"21671.65";"-183.3805";"-30.62781";"-82.03894";"-291.9446";"-33.72388";"-53.92297";"-183.3805";"-30.62781";"-82.03894";"-291.9446";"-33.72388";"-53.92297"
"21679.99";"-183.34";"-30.59729";"-82.03894";"-291.9446";"-33.66663";"-53.95587";"-183.34";"-30.59729";"-82.03894";"-291.9446";"-33.66663";"-53.95587"
"21688.33";"-183.192";"-30.59314";"-82.03894";"-291.9446";"-33.5838";"-53.95453";"-183.192";"-30.59314";"-82.03894";"-291.9446";"-33.5838";"-53.95453"
"21696.68";"-183.191";"-30.51508";"-82.03894";"-291.9446";"-33.5545";"-53.9873";"-183.191";"-30.51508";"-82.03894";"-291.9446";"-33.5545";"-53.9873"
"21705.02";"-183.1682";"-30.50098";"-82.03894";"-291.9446";"-33.5238";"-54.00702";"-183.1682";"-30.50098";"-82.03894";"-291.9446";"-33.5238";"-54.00702"
"21713.36";"-182.9678";"-30.47162";"-82.03894";"-291.9446";"-33.47662";"-54.07397";"-182.9678";"-30.47162";"-82.03894";"-291.9446";"-33.47662";"-54.07397"
"21721.7";"-182.9286";"-30.46484";"-82.03894";"-291.9446";"-33.42938";"-54.08612";"-182.9286";"-30.46484";"-82.03894";"-291.9446";"-33.42938";"-54.08612"
"21730.04";"-182.8788";"-30.45331";"-82.03894";"-291.9446";"-33.3858";"-54.11359";"-182.8788";"-30.45331";"-82.03894";"-291.9446";"-33.3858";"-54.11359"
"21738.38";"-182.6962";"-30.43414";"-82.03894";"-291.9446";"-33.28406";"-54.1001";"-182.6962";"-30.43414";"-82.03894";"-291.9446";"-33.28406";"-54.1001"
"21746.72";"-182.6829";"-30.39484";"-82.03894";"-291.9446";"-33.26373";"-54.13104";"-182.6829";"-30.39484";"-82.03894";"-291.9446";"-33.26373";"-54.13104"
"21755.07";"-182.5931";"-30.38361";"-82.03894";"-291.9446";"-33.14978";"-54.13342";"-182.5931";"-30.38361";"-82.03894";"-291.9446";"-33.14978";"-54.13342"
"21763.41";"-182.5558";"-30.36383";"-82.03894";"-291.9446";"-33.13782";"-54.13684";"-182.5558";"-30.36383";"-82.03894";"-291.9446";"-33.13782";"-54.13684"
"21771.75";"-182.4912";"-30.24384";"-82.03894";"-291.9446";"-33.11395";"-54.16528";"-182.4912";"-30.24384";"-82.03894";"-291.9446";"-33.11395";"-54.16528"
"21780.09";"-182.4676";"-30.2182";"-82.03894";"-291.9446";"-33.05243";"-54.1897";"-182.4676";"-30.2182";"-82.03894";"-291.9446";"-33.05243";"-54.1897"
"21788.43";"-182.4291";"-30.22009";"-82.03894";"-291.9446";"-33.02228";"-54.20056";"-182.4291";"-30.22009";"-82.03894";"-291.9446";"-33.02228";"-54.20056"
"21796.78";"-182.3961";"-30.13947";"-82.03894";"-291.9446";"-33.00299";"-54.1969";"-182.3961";"-30.13947";"-82.03894";"-291.9446";"-33.00299";"-54.1969"
"21805.12";"-182.2812";"-30.08264";"-82.03894";"-291.9446";"-32.93811";"-54.21521";"-182.2812";"-30.08264";"-82.03894";"-291.9446";"-32.93811";"-54.21521"
"21813.46";"-182.2642";"-30.07166";"-82.03894";"-291.9446";"-32.88196";"-54.22919";"-182.2642";"-30.07166";"-82.03894";"-291.9446";"-32.88196";"-54.22919"
"21821.8";"-182.2216";"-30.07446";"-82.03894";"-291.9446";"-32.8269";"-54.25549";"-182.2216";"-30.07446";"-82.03894";"-291.9446";"-32.8269";"-54.25549"
"21830.14";"-182.191";"-30.05524";"-82.03894";"-291.9446";"-32.80103";"-54.26367";"-182.191";"-30.05524";"-82.03894";"-291.9446";"-32.80103";"-54.26367"
"21838.48";"-182.1637";"-30.0498";"-82.03894";"-291.9446";"-32.71075";"-54.30157";"-182.1637";"-30.0498";"-82.03894";"-291.9446";"-32.71075";"-54.30157"
"21846.82";"-181.9922";"-30.04034";"-82.03894";"-291.9446";"-32.70886";"-54.30884";"-181.9922";"-30.04034";"-82.03894";"-291.9446";"-32.70886";"-54.30884"
"21855.17";"-181.9707";"-30.02484";"-82.03894";"-291.9446";"-32.65576";"-54.30682";"-181.9707";"-30.02484";"-82.03894";"-291.9446";"-32.65576";"-54.30682"
"21863.51";"-181.9606";"-30.00684";"-82.03894";"-291.9446";"-32.61658";"-54.3219";"-181.9606";"-30.00684";"-82.03894";"-291.9446";"-32.61658";"-54.3219"
"21871.85";"-181.8779";"-29.9599";"-82.03894";"-291.9446";"-32.55536";"-54.34497";"-181.8779";"-29.9599";"-82.03894";"-291.9446";"-32.55536";"-54.34497"
"21880.19";"-181.8345";"-29.92847";"-82.03894";"-291.9446";"-32.49066";"-54.42029";"-181.8345";"-29.92847";"-82.03894";"-291.9446";"-32.49066";"-54.42029"
"21888.53";"-181.7217";"-29.85168";"-82.03894";"-291.9446";"-32.41266";"-54.43604";"-181.7217";"-29.85168";"-82.03894";"-291.9446";"-32.41266";"-54.43604"
"21896.88";"-181.7064";"-29.84851";"-82.03894";"-291.9446";"-32.36115";"-54.43311";"-181.7064";"-29.84851";"-82.03894";"-291.9446";"-32.36115";"-54.43311"
"21905.22";"-181.6463";"-29.84619";"-82.03894";"-291.9446";"-32.32257";"-54.48785";"-181.6463";"-29.84619";"-82.03894";"-291.9446";"-32.32257";"-54.48785"
"21913.56";"-181.6392";"-29.84631";"-82.03894";"-291.9446";"-32.18457";"-54.52032";"-181.6392";"-29.84631";"-82.03894";"-291.9446";"-32.18457";"-54.52032"
"21921.9";"-181.5593";"-29.81219";"-82.03894";"-291.9446";"-32.14246";"-54.55328";"-181.5593";"-29.81219";"-82.03894";"-291.9446";"-32.14246";"-54.55328"
"21930.24";"-181.481";"-29.64484";"-82.03894";"-291.9446";"-32.10663";"-54.55316";"-181.481";"-29.64484";"-82.03894";"-291.9446";"-32.10663";"-54.55316"
"21938.58";"-181.4719";"-29.58789";"-82.03894";"-291.9446";"-32.0556";"-54.57666";"-181.4719";"-29.58789";"-82.03894";"-291.9446";"-32.0556";"-54.57666"
"21946.93";"-181.2935";"-29.58936";"-82.03894";"-291.9446";"-31.9776";"-54.59784";"-181.2935";"-29.58936";"-82.03894";"-291.9446";"-31.9776";"-54.59784"
"21955.27";"-181.1633";"-29.42944";"-82.03894";"-291.9446";"-31.88763";"-54.64203";"-181.1633";"-29.42944";"-82.03894";"-291.9446";"-31.88763";"-54.64203"
"21963.61";"-181.086";"-29.43945";"-82.03894";"-291.9446";"-31.87323";"-54.65607";"-181.086";"-29.43945";"-82.03894";"-291.9446";"-31.87323";"-54.65607"
"21971.95";"-180.9844";"-29.43713";"-82.03894";"-291.9446";"-31.81879";"-54.68872";"-180.9844";"-29.43713";"-82.03894";"-291.9446";"-31.81879";"-54.68872"
"21980.29";"-180.9669";"-29.4306";"-82.03894";"-291.9446";"-31.77661";"-54.70648";"-180.9669";"-29.4306";"-82.03894";"-291.9446";"-31.77661";"-54.70648"
"21988.63";"-180.8854";"-29.39233";"-82.03894";"-291.9446";"-31.70129";"-54.72144";"-180.8854";"-29.39233";"-82.03894";"-291.9446";"-31.70129";"-54.72144"
"21996.97";"-180.8449";"-29.37854";"-82.03894";"-291.9446";"-31.68054";"-54.76111";"-180.8449";"-29.37854";"-82.03894";"-291.9446";"-31.68054";"-54.76111"
"22005.32";"-180.7577";"-29.32922";"-82.03894";"-291.9446";"-31.59418";"-54.79333";"-180.7577";"-29.32922";"-82.03894";"-291.9446";"-31.59418";"-54.79333"
"22013.66";"-180.6987";"-29.32574";"-82.03894";"-291.9446";"-31.57385";"-54.82043";"-180.6987";"-29.32574";"-82.03894";"-291.9446";"-31.57385";"-54.82043"
"22022";"-180.5502";"-29.31317";"-82.03894";"-291.9446";"-31.52631";"-54.82562";"-180.5502";"-29.31317";"-82.03894";"-291.9446";"-31.52631";"-54.82562"
"22030.34";"-180.5436";"-29.28357";"-82.03894";"-291.9446";"-31.48718";"-54.92706";"-180.5436";"-29.28357";"-82.03894";"-291.9446";"-31.48718";"-54.92706"
"22038.68";"-180.4883";"-29.16663";"-82.03894";"-291.9446";"-31.39301";"-54.93414";"-180.4883";"-29.16663";"-82.03894";"-291.9446";"-31.39301";"-54.93414"
"22047.03";"-180.463";"-29.1236";"-82.03894";"-291.9446";"-31.36859";"-54.95728";"-180.463";"-29.1236";"-82.03894";"-291.9446";"-31.36859";"-54.95728"
"22055.37";"-180.3528";"-29.05988";"-82.03894";"-291.9446";"-31.31116";"-54.992";"-180.3528";"-29.05988";"-82.03894";"-291.9446";"-31.31116";"-54.992"
"22063.71";"-180.3499";"-29.04803";"-82.03894";"-291.9446";"-31.29108";"-55.0061";"-180.3499";"-29.04803";"-82.03894";"-291.9446";"-31.29108";"-55.0061"
"22072.05";"-180.3208";"-29.03888";"-82.03894";"-291.9446";"-31.23187";"-55.02234";"-180.3208";"-29.03888";"-82.03894";"-291.9446";"-31.23187";"-55.02234"
"22080.39";"-180.2985";"-29.03217";"-82.03894";"-291.9446";"-31.18756";"-55.02765";"-180.2985";"-29.03217";"-82.03894";"-291.9446";"-31.18756";"-55.02765"
"22088.73";"-180.2868";"-29.01239";"-82.03894";"-291.9446";"-31.18567";"-55.0332";"-180.2868";"-29.01239";"-82.03894";"-291.9446";"-31.18567";"-55.0332"
"22097.07";"-180.2571";"-29.01538";"-82.03894";"-291.9446";"-31.17059";"-55.04535";"-180.2571";"-29.01538";"-82.03894";"-291.9446";"-31.17059";"-55.04535"
"22105.42";"-180.1027";"-28.96191";"-82.03894";"-291.9446";"-31.07275";"-55.08716";"-180.1027";"-28.96191";"-82.03894";"-291.9446";"-31.07275";"-55.08716"
"22113.76";"-180.0988";"-28.94727";"-82.03894";"-291.9446";"-31.04608";"-55.08722";"-180.0988";"-28.94727";"-82.03894";"-291.9446";"-31.04608";"-55.08722"
"22122.1";"-180.0392";"-28.92847";"-82.03894";"-291.9446";"-30.94531";"-55.0885";"-180.0392";"-28.92847";"-82.03894";"-291.9446";"-30.94531";"-55.0885"
"22130.44";"-180.013";"-28.87347";"-82.03894";"-291.9446";"-30.92175";"-55.1084";"-180.013";"-28.87347";"-82.03894";"-291.9446";"-30.92175";"-55.1084"
"22138.78";"-179.9481";"-28.85693";"-82.03894";"-291.9446";"-30.87921";"-55.14398";"-179.9481";"-28.85693";"-82.03894";"-291.9446";"-30.87921";"-55.14398"
"22147.13";"-179.9278";"-28.82819";"-82.03894";"-291.9446";"-30.828";"-55.15381";"-179.9278";"-28.82819";"-82.03894";"-291.9446";"-30.828";"-55.15381"
"22155.47";"-179.7418";"-28.84161";"-82.03894";"-291.9446";"-30.71716";"-55.16193";"-179.7418";"-28.84161";"-82.03894";"-291.9446";"-30.71716";"-55.16193"
"22163.81";"-179.7303";"-28.82178";"-82.03894";"-291.9446";"-30.6875";"-55.18744";"-179.7303";"-28.82178";"-82.03894";"-291.9446";"-30.6875";"-55.18744"
"22172.15";"-179.7233";"-28.76355";"-82.03894";"-291.9446";"-30.63989";"-55.20135";"-179.7233";"-28.76355";"-82.03894";"-291.9446";"-30.63989";"-55.20135"
"22180.49";"-179.6669";"-28.72522";"-82.03894";"-291.9446";"-30.61096";"-55.22412";"-179.6669";"-28.72522";"-82.03894";"-291.9446";"-30.61096";"-55.22412"
"22188.83";"-179.5421";"-28.62598";"-82.03894";"-291.9446";"-30.54456";"-55.28711";"-179.5421";"-28.62598";"-82.03894";"-291.9446";"-30.54456";"-55.28711"
"22197.18";"-179.3667";"-28.47028";"-82.03894";"-291.9446";"-30.48444";"-55.33765";"-179.3667";"-28.47028";"-82.03894";"-291.9446";"-30.48444";"-55.33765"
"22205.52";"-179.2217";"-28.46295";"-82.03894";"-291.9446";"-30.3728";"-55.35364";"-179.2217";"-28.46295";"-82.03894";"-291.9446";"-30.3728";"-55.35364"
"22213.86";"-179.2081";"-28.42578";"-82.03894";"-291.9446";"-30.349";"-55.36243";"-179.2081";"-28.42578";"-82.03894";"-291.9446";"-30.349";"-55.36243"
"22222.2";"-179.1778";"-28.40942";"-82.03894";"-291.9446";"-30.30237";"-55.37061";"-179.1778";"-28.40942";"-82.03894";"-291.9446";"-30.30237";"-55.37061"
"22230.54";"-179.1306";"-28.3291";"-82.03894";"-291.9446";"-30.17865";"-55.39532";"-179.1306";"-28.3291";"-82.03894";"-291.9446";"-30.17865";"-55.39532"
"22238.88";"-179.0185";"-28.34583";"-82.03894";"-291.9446";"-30.12469";"-55.40906";"-179.0185";"-28.34583";"-82.03894";"-291.9446";"-30.12469";"-55.40906"
"22247.22";"-178.9835";"-28.32367";"-82.03894";"-291.9446";"-30.08765";"-55.42493";"-178.9835";"-28.32367";"-82.03894";"-291.9446";"-30.08765";"-55.42493"
"22255.57";"-178.8895";"-28.26654";"-82.03894";"-291.9446";"-30.01306";"-55.42487";"-178.8895";"-28.26654";"-82.03894";"-291.9446";"-30.01306";"-55.42487"
"22263.91";"-178.8544";"-28.27136";"-82.03894";"-291.9446";"-29.97906";"-55.453";"-178.8544";"-28.27136";"-82.03894";"-291.9446";"-29.97906";"-55.453"
"22272.25";"-178.7944";"-28.23029";"-82.03894";"-291.9446";"-29.87048";"-55.44635";"-178.7944";"-28.23029";"-82.03894";"-291.9446";"-29.87048";"-55.44635"
"22280.59";"-178.7124";"-28.20288";"-82.03894";"-291.9446";"-29.83313";"-55.47607";"-178.7124";"-28.20288";"-82.03894";"-291.9446";"-29.83313";"-55.47607"
"22288.93";"-178.5335";"-28.19708";"-82.03894";"-291.9446";"-29.7688";"-55.49719";"-178.5335";"-28.19708";"-82.03894";"-291.9446";"-29.7688";"-55.49719"
"22297.28";"-178.5136";"-28.18915";"-82.03894";"-291.9446";"-29.70221";"-55.53705";"-178.5136";"-28.18915";"-82.03894";"-291.9446";"-29.70221";"-55.53705"
"22305.62";"-178.4705";"-28.0686";"-82.03894";"-291.9446";"-29.61676";"-55.55981";"-178.4705";"-28.0686";"-82.03894";"-291.9446";"-29.61676";"-55.55981"
"22313.96";"-178.443";"-28.02655";"-82.03894";"-291.9446";"-29.55768";"-55.55981";"-178.443";"-28.02655";"-82.03894";"-291.9446";"-29.55768";"-55.55981"
"22322.3";"-178.3727";"-28.00769";"-82.03894";"-291.9446";"-29.51563";"-55.63867";"-178.3727";"-28.00769";"-82.03894";"-291.9446";"-29.51563";"-55.63867"
"22330.64";"-178.3248";"-28.00537";"-82.03894";"-291.9446";"-29.4621";"-55.71869";"-178.3248";"-28.00537";"-82.03894";"-291.9446";"-29.4621";"-55.71869"
"22338.98";"-178.2511";"-27.96881";"-82.03894";"-291.9446";"-29.3385";"-55.77588";"-178.2511";"-27.96881";"-82.03894";"-291.9446";"-29.3385";"-55.77588"
"22347.32";"-178.1997";"-27.94128";"-82.03894";"-291.9446";"-29.32648";"-55.7832";"-178.1997";"-27.94128";"-82.03894";"-291.9446";"-29.32648";"-55.7832"
"22355.67";"-178.1204";"-27.90839";"-82.03894";"-291.9446";"-29.25653";"-55.78949";"-178.1204";"-27.90839";"-82.03894";"-291.9446";"-29.25653";"-55.78949"
"22364.01";"-178.0892";"-27.88324";"-82.03894";"-291.9446";"-29.20612";"-55.81195";"-178.0892";"-27.88324";"-82.03894";"-291.9446";"-29.20612";"-55.81195"
"22372.35";"-177.9918";"-27.88544";"-82.03894";"-291.9446";"-29.08777";"-55.84222";"-177.9918";"-27.88544";"-82.03894";"-291.9446";"-29.08777";"-55.84222"
"22380.69";"-177.9684";"-27.84937";"-82.03894";"-291.9446";"-29.07202";"-55.85352";"-177.9684";"-27.84937";"-82.03894";"-291.9446";"-29.07202";"-55.85352"
"22389.03";"-177.8964";"-27.77679";"-82.03894";"-291.9446";"-29.02521";"-55.87225";"-177.8964";"-27.77679";"-82.03894";"-291.9446";"-29.02521";"-55.87225"
"22397.38";"-177.7526";"-27.74487";"-82.03894";"-291.9446";"-28.89563";"-55.94989";"-177.7526";"-27.74487";"-82.03894";"-291.9446";"-28.89563";"-55.94989"
"22405.72";"-177.7637";"-27.72223";"-82.03894";"-291.9446";"-28.88934";"-55.95575";"-177.7637";"-27.72223";"-82.03894";"-291.9446";"-28.88934";"-55.95575"
"22414.06";"-177.7144";"-27.70374";"-82.03894";"-291.9446";"-28.86566";"-55.94159";"-177.7144";"-27.70374";"-82.03894";"-291.9446";"-28.86566";"-55.94159"
"22422.4";"-177.6573";"-27.66388";"-82.03894";"-291.9446";"-28.83087";"-55.97449";"-177.6573";"-27.66388";"-82.03894";"-291.9446";"-28.83087";"-55.97449"
"22430.74";"-177.3907";"-27.47168";"-82.03894";"-291.9446";"-28.76709";"-55.99872";"-177.3907";"-27.47168";"-82.03894";"-291.9446";"-28.76709";"-55.99872"
"22439.08";"-177.3174";"-27.45056";"-82.03894";"-291.9446";"-28.64972";"-56.01379";"-177.3174";"-27.45056";"-82.03894";"-291.9446";"-28.64972";"-56.01379"
"22447.43";"-177.2603";"-27.41559";"-82.03894";"-291.9446";"-28.6178";"-56.03308";"-177.2603";"-27.41559";"-82.03894";"-291.9446";"-28.6178";"-56.03308"
"22455.77";"-177.17";"-27.39874";"-82.03894";"-291.9446";"-28.5498";"-56.04938";"-177.17";"-27.39874";"-82.03894";"-291.9446";"-28.5498";"-56.04938"
"22464.11";"-177.1354";"-27.37622";"-82.03894";"-291.9446";"-28.44141";"-56.10602";"-177.1354";"-27.37622";"-82.03894";"-291.9446";"-28.44141";"-56.10602"
"22472.45";"-177.0355";"-27.3078";"-82.03894";"-291.9446";"-28.37201";"-56.10944";"-177.0355";"-27.3078";"-82.03894";"-291.9446";"-28.37201";"-56.10944"
"22480.79";"-177.0118";"-27.3103";"-82.03894";"-291.9446";"-28.33228";"-56.14136";"-177.0118";"-27.3103";"-82.03894";"-291.9446";"-28.33228";"-56.14136"
"22489.13";"-176.8984";"-27.28418";"-82.03894";"-291.9446";"-28.24426";"-56.15881";"-176.8984";"-27.28418";"-82.03894";"-291.9446";"-28.24426";"-56.15881"
"22497.47";"-176.8358";"-27.26422";"-82.03894";"-291.9446";"-28.20697";"-56.19958";"-176.8358";"-27.26422";"-82.03894";"-291.9446";"-28.20697";"-56.19958"
"22505.82";"-176.7467";"-27.23615";"-82.03894";"-291.9446";"-28.11603";"-56.18109";"-176.7467";"-27.23615";"-82.03894";"-291.9446";"-28.11603";"-56.18109"
"22514.16";"-176.7054";"-27.21185";"-82.03894";"-291.9446";"-28.09277";"-56.20959";"-176.7054";"-27.21185";"-82.03894";"-291.9446";"-28.09277";"-56.20959"
"22522.5";"-176.6219";"-27.20319";"-82.03894";"-291.9446";"-28.01538";"-56.2149";"-176.6219";"-27.20319";"-82.03894";"-291.9446";"-28.01538";"-56.2149"
"22530.84";"-176.5586";"-27.18353";"-82.03894";"-291.9446";"-27.93829";"-56.24048";"-176.5586";"-27.18353";"-82.03894";"-291.9446";"-27.93829";"-56.24048"
"22539.18";"-176.4536";"-27.06134";"-82.03894";"-291.9446";"-27.89172";"-56.26721";"-176.4536";"-27.06134";"-82.03894";"-291.9446";"-27.89172";"-56.26721"
"22547.53";"-176.4205";"-27.03052";"-82.03894";"-291.9446";"-27.86761";"-56.27985";"-176.4205";"-27.03052";"-82.03894";"-291.9446";"-27.86761";"-56.27985"
"22555.87";"-176.3719";"-26.97852";"-82.03894";"-291.9446";"-27.76428";"-56.31262";"-176.3719";"-26.97852";"-82.03894";"-291.9446";"-27.76428";"-56.31262"
"22564.21";"-176.3634";"-26.94885";"-82.03894";"-291.9446";"-27.73364";"-56.33997";"-176.3634";"-26.94885";"-82.03894";"-291.9446";"-27.73364";"-56.33997"
"22572.55";"-176.2713";"-26.93158";"-82.03894";"-291.9446";"-27.69952";"-56.35254";"-176.2713";"-26.93158";"-82.03894";"-291.9446";"-27.69952";"-56.35254"
"22580.89";"-176.1946";"-26.89948";"-82.03894";"-291.9446";"-27.64935";"-56.37689";"-176.1946";"-26.89948";"-82.03894";"-291.9446";"-27.64935";"-56.37689"
"22589.23";"-176.1365";"-26.87439";"-82.03894";"-291.9446";"-27.54828";"-56.40601";"-176.1365";"-26.87439";"-82.03894";"-291.9446";"-27.54828";"-56.40601"
"22597.57";"-176.1129";"-26.84418";"-82.03894";"-291.9446";"-27.5437";"-56.41107";"-176.1129";"-26.84418";"-82.03894";"-291.9446";"-27.5437";"-56.41107"
"22605.92";"-176.0023";"-26.72406";"-82.03894";"-291.9446";"-27.44653";"-56.4679";"-176.0023";"-26.72406";"-82.03894";"-291.9446";"-27.44653";"-56.4679"
"22614.26";"-175.9802";"-26.72913";"-82.03894";"-291.9446";"-27.40552";"-56.49683";"-175.9802";"-26.72913";"-82.03894";"-291.9446";"-27.40552";"-56.49683"
"22622.6";"-175.8717";"-26.70111";"-82.03894";"-291.9446";"-27.2298";"-56.50952";"-175.8717";"-26.70111";"-82.03894";"-291.9446";"-27.2298";"-56.50952"
"22630.94";"-175.8478";"-26.68976";"-82.03894";"-291.9446";"-27.22571";"-56.5387";"-175.8478";"-26.68976";"-82.03894";"-291.9446";"-27.22571";"-56.5387"
"22639.28";"-175.7316";"-26.63574";"-82.03894";"-291.9446";"-27.16663";"-56.57184";"-175.7316";"-26.63574";"-82.03894";"-291.9446";"-27.16663";"-56.57184"
"22647.63";"-175.7279";"-26.61023";"-82.03894";"-291.9446";"-27.11713";"-56.61163";"-175.7279";"-26.61023";"-82.03894";"-291.9446";"-27.11713";"-56.61163"
"22655.97";"-175.6028";"-26.59094";"-82.03894";"-291.9446";"-27.05713";"-56.65881";"-175.6028";"-26.59094";"-82.03894";"-291.9446";"-27.05713";"-56.65881"
"22664.31";"-175.3856";"-26.39636";"-82.03894";"-291.9446";"-27.02533";"-56.67413";"-175.3856";"-26.39636";"-82.03894";"-291.9446";"-27.02533";"-56.67413"
"22672.65";"-175.3201";"-26.2912";"-82.03894";"-291.9446";"-26.89233";"-56.7467";"-175.3201";"-26.2912";"-82.03894";"-291.9446";"-26.89233";"-56.7467"
"22680.99";"-175.303";"-26.29358";"-82.03894";"-291.9446";"-26.87689";"-56.74756";"-175.303";"-26.29358";"-82.03894";"-291.9446";"-26.87689";"-56.74756"
"22689.33";"-175.1976";"-26.28717";"-82.03894";"-291.9446";"-26.8269";"-56.76276";"-175.1976";"-26.28717";"-82.03894";"-291.9446";"-26.8269";"-56.76276"
"22697.68";"-175.1667";"-26.24323";"-82.03894";"-291.9446";"-26.80298";"-56.79126";"-175.1667";"-26.24323";"-82.03894";"-291.9446";"-26.80298";"-56.79126"
"22706.02";"-175.1098";"-26.17072";"-82.03894";"-291.9446";"-26.72052";"-56.91302";"-175.1098";"-26.17072";"-82.03894";"-291.9446";"-26.72052";"-56.91302"
"22714.36";"-175.0627";"-26.15979";"-82.03894";"-291.9446";"-26.68408";"-56.9104";"-175.0627";"-26.15979";"-82.03894";"-291.9446";"-26.68408";"-56.9104"
"22722.7";"-174.9014";"-26.1615";"-82.03894";"-291.9446";"-26.53772";"-56.91644";"-174.9014";"-26.1615";"-82.03894";"-291.9446";"-26.53772";"-56.91644"
"22731.04";"-174.8893";"-26.15784";"-82.03894";"-291.9446";"-26.53436";"-56.92023";"-174.8893";"-26.15784";"-82.03894";"-291.9446";"-26.53436";"-56.92023"
"22739.38";"-174.8337";"-26.12885";"-82.03894";"-291.9446";"-26.45374";"-56.97473";"-174.8337";"-26.12885";"-82.03894";"-291.9446";"-26.45374";"-56.97473"
"22747.72";"-174.7863";"-26.08356";"-82.03894";"-291.9446";"-26.43146";"-57.00616";"-174.7863";"-26.08356";"-82.03894";"-291.9446";"-26.43146";"-57.00616"
"22756.07";"-174.6018";"-26.08801";"-82.03894";"-291.9446";"-26.28986";"-57.04382";"-174.6018";"-26.08801";"-82.03894";"-291.9446";"-26.28986";"-57.04382"
"22764.41";"-174.5375";"-26.06128";"-82.03894";"-291.9446";"-26.26221";"-57.0769";"-174.5375";"-26.06128";"-82.03894";"-291.9446";"-26.26221";"-57.0769"
"22772.75";"-174.5176";"-25.98108";"-82.03894";"-291.9446";"-26.20074";"-57.07361";"-174.5176";"-25.98108";"-82.03894";"-291.9446";"-26.20074";"-57.07361"
"22781.09";"-174.4872";"-25.83417";"-82.03894";"-291.9446";"-26.1604";"-57.0838";"-174.4872";"-25.83417";"-82.03894";"-291.9446";"-26.1604";"-57.0838"
"22789.43";"-174.3561";"-25.84027";"-82.03894";"-291.9446";"-26.06177";"-57.1192";"-174.3561";"-25.84027";"-82.03894";"-291.9446";"-26.06177";"-57.1192"
"22797.78";"-174.3332";"-25.7879";"-82.03894";"-291.9446";"-26.03033";"-57.13348";"-174.3332";"-25.7879";"-82.03894";"-291.9446";"-26.03033";"-57.13348"
"22806.12";"-174.2949";"-25.74677";"-82.03894";"-291.9446";"-25.94946";"-57.12354";"-174.2949";"-25.74677";"-82.03894";"-291.9446";"-25.94946";"-57.12354"
"22814.46";"-174.2059";"-25.71075";"-82.03894";"-291.9446";"-25.92529";"-57.14728";"-174.2059";"-25.71075";"-82.03894";"-291.9446";"-25.92529";"-57.14728"
"22822.8";"-174.1425";"-25.61914";"-82.03894";"-291.9446";"-25.79132";"-57.18683";"-174.1425";"-25.61914";"-82.03894";"-291.9446";"-25.79132";"-57.18683"
"22831.14";"-174.1051";"-25.60706";"-82.03894";"-291.9446";"-25.78058";"-57.20203";"-174.1051";"-25.60706";"-82.03894";"-291.9446";"-25.78058";"-57.20203"
"22839.48";"-174.027";"-25.5481";"-82.03894";"-291.9446";"-25.73175";"-57.26776";"-174.027";"-25.5481";"-82.03894";"-291.9446";"-25.73175";"-57.26776"
"22847.82";"-173.8113";"-25.49622";"-82.03894";"-291.9446";"-25.69159";"-57.28564";"-173.8113";"-25.49622";"-82.03894";"-291.9446";"-25.69159";"-57.28564"
"22856.17";"-173.7043";"-25.49304";"-82.03894";"-291.9446";"-25.53101";"-57.29211";"-173.7043";"-25.49304";"-82.03894";"-291.9446";"-25.53101";"-57.29211"
"22864.51";"-173.6503";"-25.46887";"-82.03894";"-291.9446";"-25.50323";"-57.30054";"-173.6503";"-25.46887";"-82.03894";"-291.9446";"-25.50323";"-57.30054"
"22872.85";"-173.5485";"-25.44586";"-82.03894";"-291.9446";"-25.4588";"-57.34015";"-173.5485";"-25.44586";"-82.03894";"-291.9446";"-25.4588";"-57.34015"
"22881.19";"-173.4673";"-25.30426";"-82.03894";"-291.9446";"-25.4126";"-57.34918";"-173.4673";"-25.30426";"-82.03894";"-291.9446";"-25.4126";"-57.34918"
"22889.53";"-173.3795";"-25.23975";"-82.03894";"-291.9446";"-25.27301";"-57.3681";"-173.3795";"-25.23975";"-82.03894";"-291.9446";"-25.27301";"-57.3681"
"22897.88";"-173.3669";"-25.21716";"-82.03894";"-291.9446";"-25.24725";"-57.39136";"-173.3669";"-25.21716";"-82.03894";"-291.9446";"-25.24725";"-57.39136"
"22906.22";"-173.28";"-25.1908";"-82.03894";"-291.9446";"-25.17523";"-57.44385";"-173.28";"-25.1908";"-82.03894";"-291.9446";"-25.17523";"-57.44385"
"22914.56";"-173.2545";"-25.16119";"-82.03894";"-291.9446";"-25.15259";"-57.44409";"-173.2545";"-25.16119";"-82.03894";"-291.9446";"-25.15259";"-57.44409"
"22922.9";"-173.1288";"-25.13141";"-82.03894";"-291.9446";"-25.02307";"-57.49146";"-173.1288";"-25.13141";"-82.03894";"-291.9446";"-25.02307";"-57.49146"
"22931.24";"-173.0883";"-25.11633";"-82.03894";"-291.9446";"-25.01514";"-57.49799";"-173.0883";"-25.11633";"-82.03894";"-291.9446";"-25.01514";"-57.49799"
"22939.58";"-173.0227";"-25.09082";"-82.03894";"-291.9446";"-24.97266";"-57.53064";"-173.0227";"-25.09082";"-82.03894";"-291.9446";"-24.97266";"-57.53064"
"22947.93";"-172.9581";"-25.05786";"-82.03894";"-291.9446";"-24.92529";"-57.55219";"-172.9581";"-25.05786";"-82.03894";"-291.9446";"-24.92529";"-57.55219"
"22956.27";"-172.8427";"-25.04645";"-82.03894";"-291.9446";"-24.79156";"-57.59839";"-172.8427";"-25.04645";"-82.03894";"-291.9446";"-24.79156";"-57.59839"
"22964.61";"-172.7953";"-25.0354";"-82.03894";"-291.9446";"-24.77344";"-57.59698";"-172.7953";"-25.0354";"-82.03894";"-291.9446";"-24.77344";"-57.59698"
"22972.95";"-172.7182";"-24.94385";"-82.03894";"-291.9446";"-24.71454";"-57.65131";"-172.7182";"-24.94385";"-82.03894";"-291.9446";"-24.71454";"-57.65131"
"22981.29";"-172.6689";"-24.9306";"-82.03894";"-291.9446";"-24.65002";"-57.66437";"-172.6689";"-24.9306";"-82.03894";"-291.9446";"-24.65002";"-57.66437"
"22989.63";"-172.5156";"-24.94672";"-82.03894";"-291.9446";"-24.51263";"-57.70282";"-172.5156";"-24.94672";"-82.03894";"-291.9446";"-24.51263";"-57.70282"
"22997.97";"-172.5109";"-24.93207";"-82.03894";"-291.9446";"-24.5";"-57.70142";"-172.5109";"-24.93207";"-82.03894";"-291.9446";"-24.5";"-57.70142"
"23006.32";"-172.4732";"-24.79962";"-82.03894";"-291.9446";"-24.45679";"-57.73212";"-172.4732";"-24.79962";"-82.03894";"-291.9446";"-24.45679";"-57.73212"
"23014.66";"-172.4628";"-24.76221";"-82.03894";"-291.9446";"-24.40033";"-57.771";"-172.4628";"-24.76221";"-82.03894";"-291.9446";"-24.40033";"-57.771"
"23023";"-172.3869";"-24.70959";"-82.03894";"-291.9446";"-24.38928";"-57.80615";"-172.3869";"-24.70959";"-82.03894";"-291.9446";"-24.38928";"-57.80615"
"23031.34";"-172.3621";"-24.67096";"-82.03894";"-291.9446";"-24.34167";"-57.8288";"-172.3621";"-24.67096";"-82.03894";"-291.9446";"-24.34167";"-57.8288"
"23039.68";"-172.2828";"-24.61938";"-82.03894";"-291.9446";"-24.21631";"-57.87183";"-172.2828";"-24.61938";"-82.03894";"-291.9446";"-24.21631";"-57.87183"
"23048.03";"-172.2568";"-24.58154";"-82.03894";"-291.9446";"-24.17334";"-57.92834";"-172.2568";"-24.58154";"-82.03894";"-291.9446";"-24.17334";"-57.92834"
"23056.37";"-172.1597";"-24.53204";"-82.03894";"-291.9446";"-24.14905";"-57.92896";"-172.1597";"-24.53204";"-82.03894";"-291.9446";"-24.14905";"-57.92896"
"23064.71";"-172.1356";"-24.51202";"-82.03894";"-291.9446";"-24.10028";"-57.94745";"-172.1356";"-24.51202";"-82.03894";"-291.9446";"-24.10028";"-57.94745"
"23073.05";"-171.8524";"-24.4743";"-82.03894";"-291.9446";"-23.95361";"-57.99304";"-171.8524";"-24.4743";"-82.03894";"-291.9446";"-23.95361";"-57.99304"
"23081.39";"-171.8013";"-24.43066";"-82.03894";"-291.9446";"-23.93762";"-58.00098";"-171.8013";"-24.43066";"-82.03894";"-291.9446";"-23.93762";"-58.00098"
"23089.73";"-171.6407";"-24.36401";"-82.03894";"-291.9446";"-23.89844";"-58.04425";"-171.6407";"-24.36401";"-82.03894";"-291.9446";"-23.89844";"-58.04425"
"23098.07";"-171.577";"-24.34851";"-82.03894";"-291.9446";"-23.89185";"-58.0545";"-171.577";"-24.34851";"-82.03894";"-291.9446";"-23.89185";"-58.0545"
"23106.42";"-171.5272";"-24.32513";"-82.03894";"-291.9446";"-23.82263";"-58.09259";"-171.5272";"-24.32513";"-82.03894";"-291.9446";"-23.82263";"-58.09259"
"23114.76";"-171.5004";"-24.28729";"-82.03894";"-291.9446";"-23.63458";"-58.11603";"-171.5004";"-24.28729";"-82.03894";"-291.9446";"-23.63458";"-58.11603"
"23123.1";"-171.3685";"-24.18408";"-82.03894";"-291.9446";"-23.60651";"-58.14471";"-171.3685";"-24.18408";"-82.03894";"-291.9446";"-23.60651";"-58.14471"
"23131.44";"-171.3566";"-24.15594";"-82.03894";"-291.9446";"-23.56995";"-58.1557";"-171.3566";"-24.15594";"-82.03894";"-291.9446";"-23.56995";"-58.1557"
"23139.78";"-171.2406";"-24.08514";"-82.03894";"-291.9446";"-23.44531";"-58.20026";"-171.2406";"-24.08514";"-82.03894";"-291.9446";"-23.44531";"-58.20026"
"23148.13";"-171.2198";"-24.0614";"-82.03894";"-291.9446";"-23.45068";"-58.22333";"-171.2198";"-24.0614";"-82.03894";"-291.9446";"-23.45068";"-58.22333"
"23156.47";"-171.0917";"-24.05267";"-82.03894";"-291.9446";"-23.37323";"-58.24982";"-171.0917";"-24.05267";"-82.03894";"-291.9446";"-23.37323";"-58.24982"
"23164.81";"-171.0454";"-23.99707";"-82.03894";"-291.9446";"-23.33685";"-58.26434";"-171.0454";"-23.99707";"-82.03894";"-291.9446";"-23.33685";"-58.26434"
"23173.15";"-170.9883";"-23.98682";"-82.03894";"-291.9446";"-23.20197";"-58.31482";"-170.9883";"-23.98682";"-82.03894";"-291.9446";"-23.20197";"-58.31482"
"23181.49";"-170.9251";"-23.93085";"-82.03894";"-291.9446";"-23.18457";"-58.32471";"-170.9251";"-23.93085";"-82.03894";"-291.9446";"-23.18457";"-58.32471"
"23189.83";"-170.8145";"-23.87994";"-82.03894";"-291.9446";"-23.15039";"-58.32739";"-170.8145";"-23.87994";"-82.03894";"-291.9446";"-23.15039";"-58.32739"
"23198.18";"-170.7975";"-23.86365";"-82.03894";"-291.9446";"-23.09216";"-58.36456";"-170.7975";"-23.86365";"-82.03894";"-291.9446";"-23.09216";"-58.36456"
"23206.52";"-170.7191";"-23.82874";"-82.03894";"-291.9446";"-22.97729";"-58.38995";"-170.7191";"-23.82874";"-82.03894";"-291.9446";"-22.97729";"-58.38995"
"23214.86";"-170.6577";"-23.82422";"-82.03894";"-291.9446";"-22.96875";"-58.42719";"-170.6577";"-23.82422";"-82.03894";"-291.9446";"-22.96875";"-58.42719"
"23223.2";"-170.4993";"-23.65601";"-82.03894";"-291.9446";"-22.90149";"-58.41028";"-170.4993";"-23.65601";"-82.03894";"-291.9446";"-22.90149";"-58.41028"
"23231.54";"-170.4813";"-23.60565";"-82.03894";"-291.9446";"-22.87622";"-58.42981";"-170.4813";"-23.60565";"-82.03894";"-291.9446";"-22.87622";"-58.42981"
"23239.88";"-170.322";"-23.48175";"-82.03894";"-291.9446";"-22.74738";"-58.47876";"-170.322";"-23.48175";"-82.03894";"-291.9446";"-22.74738";"-58.47876"
"23248.22";"-170.2784";"-23.46179";"-82.03894";"-291.9446";"-22.74182";"-58.49023";"-170.2784";"-23.46179";"-82.03894";"-291.9446";"-22.74182";"-58.49023"
"23256.57";"-170.1675";"-23.44006";"-82.03894";"-291.9446";"-22.70044";"-58.58722";"-170.1675";"-23.44006";"-82.03894";"-291.9446";"-22.70044";"-58.58722"
"23264.91";"-170.0994";"-23.42413";"-82.03894";"-291.9446";"-22.66547";"-58.58484";"-170.0994";"-23.42413";"-82.03894";"-291.9446";"-22.66547";"-58.58484"
"23273.25";"-170.0557";"-23.3833";"-82.03894";"-291.9446";"-22.50922";"-58.65717";"-170.0557";"-23.3833";"-82.03894";"-291.9446";"-22.50922";"-58.65717"
"23281.59";"-169.9916";"-23.32813";"-82.03894";"-291.9446";"-22.52454";"-58.67242";"-169.9916";"-23.32813";"-82.03894";"-291.9446";"-22.52454";"-58.67242"
"23289.93";"-169.8588";"-23.2854";"-82.03894";"-291.9446";"-22.45343";"-58.73596";"-169.8588";"-23.2854";"-82.03894";"-291.9446";"-22.45343";"-58.73596"
"23298.28";"-169.8309";"-23.28491";"-82.03894";"-291.9446";"-22.43158";"-58.76276";"-169.8309";"-23.28491";"-82.03894";"-291.9446";"-22.43158";"-58.76276"
"23306.62";"-169.7764";"-23.27704";"-82.03894";"-291.9446";"-22.24304";"-58.74225";"-169.7764";"-23.27704";"-82.03894";"-291.9446";"-22.24304";"-58.74225"
"23314.96";"-169.7205";"-23.25958";"-82.03894";"-291.9446";"-22.26434";"-58.77332";"-169.7205";"-23.25958";"-82.03894";"-291.9446";"-22.26434";"-58.77332"
"23323.3";"-169.5975";"-23.16919";"-82.03894";"-291.9446";"-22.24011";"-58.8316";"-169.5975";"-23.16919";"-82.03894";"-291.9446";"-22.24011";"-58.8316"
"23331.64";"-169.5777";"-23.16681";"-82.03894";"-291.9446";"-22.19672";"-58.87091";"-169.5777";"-23.16681";"-82.03894";"-291.9446";"-22.19672";"-58.87091"
"23339.98";"-169.4184";"-23.02631";"-82.03894";"-291.9446";"-22.1709";"-58.89972";"-169.4184";"-23.02631";"-82.03894";"-291.9446";"-22.1709";"-58.89972"
"23348.32";"-169.4197";"-23.01099";"-82.03894";"-291.9446";"-22.10535";"-58.91956";"-169.4197";"-23.01099";"-82.03894";"-291.9446";"-22.10535";"-58.91956"
"23356.67";"-169.3568";"-22.95477";"-82.03894";"-291.9446";"-21.98663";"-58.93866";"-169.3568";"-22.95477";"-82.03894";"-291.9446";"-21.98663";"-58.93866"
"23365.01";"-169.34";"-22.94714";"-82.03894";"-291.9446";"-21.95978";"-58.95654";"-169.34";"-22.94714";"-82.03894";"-291.9446";"-21.95978";"-58.95654"
"23373.35";"-169.174";"-22.90546";"-82.03894";"-291.9446";"-21.90399";"-59.01855";"-169.174";"-22.90546";"-82.03894";"-291.9446";"-21.90399";"-59.01855"
"23381.69";"-169.1642";"-22.89679";"-82.03894";"-291.9446";"-21.87482";"-59.05029";"-169.1642";"-22.89679";"-82.03894";"-291.9446";"-21.87482";"-59.05029"
"23390.03";"-169.1176";"-22.76306";"-82.03894";"-291.9446";"-21.75958";"-59.09796";"-169.1176";"-22.76306";"-82.03894";"-291.9446";"-21.75958";"-59.09796"
"23398.38";"-168.9907";"-22.75171";"-82.03894";"-291.9446";"-21.70734";"-59.1391";"-168.9907";"-22.75171";"-82.03894";"-291.9446";"-21.70734";"-59.1391"
"23406.72";"-168.9177";"-22.70679";"-82.03894";"-291.9446";"-21.70435";"-59.1438";"-168.9177";"-22.70679";"-82.03894";"-291.9446";"-21.70435";"-59.1438"
"23415.06";"-168.8837";"-22.68628";"-82.03894";"-291.9446";"-21.67572";"-59.16376";"-168.8837";"-22.68628";"-82.03894";"-291.9446";"-21.67572";"-59.16376"
"23423.4";"-168.7311";"-22.58447";"-82.03894";"-291.9446";"-21.46857";"-59.15161";"-168.7311";"-22.58447";"-82.03894";"-291.9446";"-21.46857";"-59.15161"
"23431.74";"-168.7039";"-22.58447";"-82.03894";"-291.9446";"-21.46545";"-59.16992";"-168.7039";"-22.58447";"-82.03894";"-291.9446";"-21.46545";"-59.16992"
"23440.08";"-168.4163";"-22.41504";"-82.03894";"-291.9446";"-21.4176";"-59.19073";"-168.4163";"-22.41504";"-82.03894";"-291.9446";"-21.4176";"-59.19073"
"23448.43";"-168.3711";"-22.39124";"-82.03894";"-291.9446";"-21.37012";"-59.21948";"-168.3711";"-22.39124";"-82.03894";"-291.9446";"-21.37012";"-59.21948"
"23456.77";"-168.281";"-22.35614";"-82.03894";"-291.9446";"-21.22644";"-59.25189";"-168.281";"-22.35614";"-82.03894";"-291.9446";"-21.22644";"-59.25189"
"23465.11";"-168.2295";"-22.32129";"-82.03894";"-291.9446";"-21.20319";"-59.27136";"-168.2295";"-22.32129";"-82.03894";"-291.9446";"-21.20319";"-59.27136"
"23473.45";"-168.1057";"-22.30133";"-82.03894";"-291.9446";"-21.08118";"-59.29852";"-168.1057";"-22.30133";"-82.03894";"-291.9446";"-21.08118";"-59.29852"
"23481.79";"-168.0721";"-22.28546";"-82.03894";"-291.9446";"-21.05145";"-59.31604";"-168.0721";"-22.28546";"-82.03894";"-291.9446";"-21.05145";"-59.31604"
"23490.13";"-167.9274";"-22.20209";"-82.03894";"-291.9446";"-20.96942";"-59.3183";"-167.9274";"-22.20209";"-82.03894";"-291.9446";"-20.96942";"-59.3183"
"23498.47";"-167.8819";"-22.17816";"-82.03894";"-291.9446";"-20.94067";"-59.349";"-167.8819";"-22.17816";"-82.03894";"-291.9446";"-20.94067";"-59.349"
"23506.82";"-167.741";"-22.16577";"-82.03894";"-291.9446";"-20.85632";"-59.37598";"-167.741";"-22.16577";"-82.03894";"-291.9446";"-20.85632";"-59.37598"
"23515.16";"-167.685";"-22.15674";"-82.03894";"-291.9446";"-20.80713";"-59.37677";"-167.685";"-22.15674";"-82.03894";"-291.9446";"-20.80713";"-59.37677"
"23523.5";"-167.6447";"-22.104";"-82.03894";"-291.9446";"-20.65833";"-59.43652";"-167.6447";"-22.104";"-82.03894";"-291.9446";"-20.65833";"-59.43652"
"23531.84";"-167.6139";"-22.10187";"-82.03894";"-291.9446";"-20.67572";"-59.44366";"-167.6139";"-22.10187";"-82.03894";"-291.9446";"-20.67572";"-59.44366"
"23540.18";"-167.4376";"-21.98279";"-82.03894";"-291.9446";"-20.52948";"-59.47278";"-167.4376";"-21.98279";"-82.03894";"-291.9446";"-20.52948";"-59.47278"
"23548.53";"-167.3917";"-21.92456";"-82.03894";"-291.9446";"-20.45642";"-59.46967";"-167.3917";"-21.92456";"-82.03894";"-291.9446";"-20.45642";"-59.46967"
"23556.87";"-167.3131";"-21.87885";"-82.03894";"-291.9446";"-20.38348";"-59.5271";"-167.3131";"-21.87885";"-82.03894";"-291.9446";"-20.38348";"-59.5271"
"23565.21";"-167.3043";"-21.86157";"-82.03894";"-291.9446";"-20.38373";"-59.5238";"-167.3043";"-21.86157";"-82.03894";"-291.9446";"-20.38373";"-59.5238"
"23573.55";"-167.2315";"-21.81049";"-82.03894";"-291.9446";"-20.27362";"-59.54401";"-167.2315";"-21.81049";"-82.03894";"-291.9446";"-20.27362";"-59.54401"
"23581.89";"-167.1465";"-21.7749";"-82.03894";"-291.9446";"-20.23419";"-59.57306";"-167.1465";"-21.7749";"-82.03894";"-291.9446";"-20.23419";"-59.57306"
"23590.23";"-167.0603";"-21.76294";"-82.03894";"-291.9446";"-20.16785";"-59.59741";"-167.0603";"-21.76294";"-82.03894";"-291.9446";"-20.16785";"-59.59741"
"23598.57";"-167.0063";"-21.69769";"-82.03894";"-291.9446";"-20.08118";"-59.65247";"-167.0063";"-21.69769";"-82.03894";"-291.9446";"-20.08118";"-59.65247"
"23606.92";"-166.9086";"-21.67926";"-82.03894";"-291.9446";"-20.0274";"-59.64673";"-166.9086";"-21.67926";"-82.03894";"-291.9446";"-20.0274";"-59.64673"
"23615.26";"-166.8591";"-21.63153";"-82.03894";"-291.9446";"-19.95703";"-59.66638";"-166.8591";"-21.63153";"-82.03894";"-291.9446";"-19.95703";"-59.66638"
"23623.6";"-166.7641";"-21.63281";"-82.03894";"-291.9446";"-19.90448";"-59.7171";"-166.7641";"-21.63281";"-82.03894";"-291.9446";"-19.90448";"-59.7171"
"23631.94";"-166.6933";"-21.57581";"-82.03894";"-291.9446";"-19.87433";"-59.73309";"-166.6933";"-21.57581";"-82.03894";"-291.9446";"-19.87433";"-59.73309"
"23640.28";"-166.46";"-21.409";"-82.03894";"-291.9446";"-19.80798";"-59.75043";"-166.46";"-21.409";"-82.03894";"-291.9446";"-19.80798";"-59.75043"
"23648.63";"-166.3962";"-21.32379";"-82.03894";"-291.9446";"-19.74677";"-59.77551";"-166.3962";"-21.32379";"-82.03894";"-291.9446";"-19.74677";"-59.77551"
"23656.97";"-166.3243";"-21.30206";"-82.03894";"-291.9446";"-19.66101";"-59.82172";"-166.3243";"-21.30206";"-82.03894";"-291.9446";"-19.66101";"-59.82172"
"23665.31";"-166.2874";"-21.28534";"-82.03894";"-291.9446";"-19.62604";"-59.84192";"-166.2874";"-21.28534";"-82.03894";"-291.9446";"-19.62604";"-59.84192"
"23673.65";"-166.205";"-21.24695";"-82.03894";"-291.9446";"-19.60638";"-59.89185";"-166.205";"-21.24695";"-82.03894";"-291.9446";"-19.60638";"-59.89185"
"23681.99";"-166.1288";"-21.23132";"-82.03894";"-291.9446";"-19.46704";"-59.94965";"-166.1288";"-21.23132";"-82.03894";"-291.9446";"-19.46704";"-59.94965"
"23690.33";"-166.0567";"-21.21722";"-82.03894";"-291.9446";"-19.4325";"-59.97736";"-166.0567";"-21.21722";"-82.03894";"-291.9446";"-19.4325";"-59.97736"
"23698.68";"-165.9908";"-21.15009";"-82.03894";"-291.9446";"-19.3288";"-60.01105";"-165.9908";"-21.15009";"-82.03894";"-291.9446";"-19.3288";"-60.01105"
"23707.02";"-165.8865";"-21.12708";"-82.03894";"-291.9446";"-19.23022";"-60.01025";"-165.8865";"-21.12708";"-82.03894";"-291.9446";"-19.23022";"-60.01025"
"23715.36";"-165.8173";"-21.08215";"-82.03894";"-291.9446";"-19.20374";"-60.03625";"-165.8173";"-21.08215";"-82.03894";"-291.9446";"-19.20374";"-60.03625"
"23723.7";"-165.7165";"-21.03381";"-82.03894";"-291.9446";"-19.12329";"-60.06555";"-165.7165";"-21.03381";"-82.03894";"-291.9446";"-19.12329";"-60.06555"
"23732.04";"-165.6322";"-21.02014";"-82.03894";"-291.9446";"-19.08734";"-60.07086";"-165.6322";"-21.02014";"-82.03894";"-291.9446";"-19.08734";"-60.07086"
"23740.38";"-165.5745";"-20.97571";"-82.03894";"-291.9446";"-19.00745";"-60.17389";"-165.5745";"-20.97571";"-82.03894";"-291.9446";"-19.00745";"-60.17389"
"23748.72";"-165.5172";"-20.95697";"-82.03894";"-291.9446";"-18.93329";"-60.1756";"-165.5172";"-20.95697";"-82.03894";"-291.9446";"-18.93329";"-60.1756"
"23757.07";"-165.3852";"-20.81775";"-82.03894";"-291.9446";"-18.86505";"-60.20233";"-165.3852";"-20.81775";"-82.03894";"-291.9446";"-18.86505";"-60.20233"
"23765.41";"-165.3371";"-20.76447";"-82.03894";"-291.9446";"-18.81622";"-60.21515";"-165.3371";"-20.76447";"-82.03894";"-291.9446";"-18.81622";"-60.21515"
"23773.75";"-165.2654";"-20.69281";"-82.03894";"-291.9446";"-18.72351";"-60.23511";"-165.2654";"-20.69281";"-82.03894";"-291.9446";"-18.72351";"-60.23511"
"23782.09";"-165.2436";"-20.66858";"-82.03894";"-291.9446";"-18.64948";"-60.2984";"-165.2436";"-20.66858";"-82.03894";"-291.9446";"-18.64948";"-60.2984"
"23790.43";"-165.1166";"-20.58014";"-82.03894";"-291.9446";"-18.58911";"-60.27014";"-165.1166";"-20.58014";"-82.03894";"-291.9446";"-18.58911";"-60.27014"
"23798.78";"-165.0806";"-20.52649";"-82.03894";"-291.9446";"-18.52789";"-60.28741";"-165.0806";"-20.52649";"-82.03894";"-291.9446";"-18.52789";"-60.28741"
"23807.12";"-164.7929";"-20.46887";"-82.03894";"-291.9446";"-18.45331";"-60.37634";"-164.7929";"-20.46887";"-82.03894";"-291.9446";"-18.45331";"-60.37634"
"23815.46";"-164.7015";"-20.45831";"-82.03894";"-291.9446";"-18.39368";"-60.39301";"-164.7015";"-20.45831";"-82.03894";"-291.9446";"-18.39368";"-60.39301"
"23823.8";"-164.5969";"-20.40796";"-82.03894";"-291.9446";"-18.28992";"-60.39594";"-164.5969";"-20.40796";"-82.03894";"-291.9446";"-18.28992";"-60.39594"
"23832.14";"-164.4922";"-20.30658";"-82.03894";"-291.9446";"-18.18042";"-60.40466";"-164.4922";"-20.30658";"-82.03894";"-291.9446";"-18.18042";"-60.40466"
"23840.48";"-164.4222";"-20.24634";"-82.03894";"-291.9446";"-18.12518";"-60.42108";"-164.4222";"-20.24634";"-82.03894";"-291.9446";"-18.12518";"-60.42108"
"23848.82";"-164.3755";"-20.22858";"-82.03894";"-291.9446";"-18.09607";"-60.43933";"-164.3755";"-20.22858";"-82.03894";"-291.9446";"-18.09607";"-60.43933"
"23857.17";"-164.2848";"-20.18256";"-82.03894";"-291.9446";"-18.02228";"-60.45898";"-164.2848";"-20.18256";"-82.03894";"-291.9446";"-18.02228";"-60.45898"
"23865.51";"-164.1934";"-20.13721";"-82.03894";"-291.9446";"-17.97009";"-60.46503";"-164.1934";"-20.13721";"-82.03894";"-291.9446";"-17.97009";"-60.46503"
"23873.85";"-164.1317";"-20.10675";"-82.03894";"-291.9446";"-17.91632";"-60.49622";"-164.1317";"-20.10675";"-82.03894";"-291.9446";"-17.91632";"-60.49622"
"23882.19";"-164.0291";"-20.07013";"-82.03894";"-291.9446";"-17.7356";"-60.52502";"-164.0291";"-20.07013";"-82.03894";"-291.9446";"-17.7356";"-60.52502"
"23890.53";"-163.9659";"-20.03668";"-82.03894";"-291.9446";"-17.617";"-60.5014";"-163.9659";"-20.03668";"-82.03894";"-291.9446";"-17.617";"-60.5014"
"23898.88";"-163.9431";"-20.01489";"-82.03894";"-291.9446";"-17.63458";"-60.51477";"-163.9431";"-20.01489";"-82.03894";"-291.9446";"-17.63458";"-60.51477"
"23907.22";"-163.8055";"-19.95972";"-82.03894";"-291.9446";"-17.49506";"-60.66846";"-163.8055";"-19.95972";"-82.03894";"-291.9446";"-17.49506";"-60.66846"
"23915.56";"-163.7905";"-19.94629";"-82.03894";"-291.9446";"-17.46869";"-60.69855";"-163.7905";"-19.94629";"-82.03894";"-291.9446";"-17.46869";"-60.69855"
"23923.9";"-163.6588";"-19.91235";"-82.03894";"-291.9446";"-17.36377";"-60.70367";"-163.6588";"-19.91235";"-82.03894";"-291.9446";"-17.36377";"-60.70367"
"23932.24";"-163.5425";"-19.88806";"-82.03894";"-291.9446";"-17.32471";"-60.72357";"-163.5425";"-19.88806";"-82.03894";"-291.9446";"-17.32471";"-60.72357"
"23940.58";"-163.4816";"-19.672";"-82.03894";"-291.9446";"-17.21472";"-60.71948";"-163.4816";"-19.672";"-82.03894";"-291.9446";"-17.21472";"-60.71948"
"23948.93";"-163.4531";"-19.64325";"-82.03894";"-291.9446";"-17.20959";"-60.72845";"-163.4531";"-19.64325";"-82.03894";"-291.9446";"-17.20959";"-60.72845"
"23957.27";"-163.2993";"-19.61792";"-82.03894";"-291.9446";"-17.0705";"-60.77087";"-163.2993";"-19.61792";"-82.03894";"-291.9446";"-17.0705";"-60.77087"
"23965.61";"-163.261";"-19.57178";"-82.03894";"-291.9446";"-17.04456";"-60.789";"-163.261";"-19.57178";"-82.03894";"-291.9446";"-17.04456";"-60.789"
"23973.95";"-163.1707";"-19.50549";"-82.03894";"-291.9446";"-16.96698";"-60.79346";"-163.1707";"-19.50549";"-82.03894";"-291.9446";"-16.96698";"-60.79346"
"23982.29";"-162.9655";"-19.4577";"-82.03894";"-291.9446";"-16.9375";"-60.81885";"-162.9655";"-19.4577";"-82.03894";"-291.9446";"-16.9375";"-60.81885"
"23990.63";"-162.7995";"-19.43304";"-82.03894";"-291.9446";"-16.77698";"-60.84229";"-162.7995";"-19.43304";"-82.03894";"-291.9446";"-16.77698";"-60.84229"
"23998.97";"-162.7484";"-19.39801";"-82.03894";"-291.9446";"-16.75403";"-60.86359";"-162.7484";"-19.39801";"-82.03894";"-291.9446";"-16.75403";"-60.86359"
"24007.32";"-162.6405";"-19.36023";"-82.03894";"-291.9446";"-16.61414";"-60.85535";"-162.6405";"-19.36023";"-82.03894";"-291.9446";"-16.61414";"-60.85535"
"24015.66";"-162.5351";"-19.32458";"-82.03894";"-291.9446";"-16.55609";"-60.89343";"-162.5351";"-19.32458";"-82.03894";"-291.9446";"-16.55609";"-60.89343"
"24024";"-162.4396";"-19.20404";"-82.03894";"-291.9446";"-16.51117";"-60.9278";"-162.4396";"-19.20404";"-82.03894";"-291.9446";"-16.51117";"-60.9278"
"24032.34";"-162.3813";"-19.16284";"-82.03894";"-291.9446";"-16.43274";"-61.00854";"-162.3813";"-19.16284";"-82.03894";"-291.9446";"-16.43274";"-61.00854"
"24040.68";"-162.2773";"-19.11914";"-82.03894";"-291.9446";"-16.29596";"-61.03052";"-162.2773";"-19.11914";"-82.03894";"-291.9446";"-16.29596";"-61.03052"
"24049.03";"-162.2238";"-19.06232";"-82.03894";"-291.9446";"-16.25818";"-61.02319";"-162.2238";"-19.06232";"-82.03894";"-291.9446";"-16.25818";"-61.02319"
"24057.37";"-162.1528";"-18.99487";"-82.03894";"-291.9446";"-16.18878";"-61.05029";"-162.1528";"-18.99487";"-82.03894";"-291.9446";"-16.18878";"-61.05029"
"24065.71";"-162.0547";"-18.99152";"-82.03894";"-291.9446";"-16.12457";"-61.03168";"-162.0547";"-18.99152";"-82.03894";"-291.9446";"-16.12457";"-61.03168"
"24074.05";"-161.9164";"-18.97668";"-82.03894";"-291.9446";"-15.98395";"-61.07086";"-161.9164";"-18.97668";"-82.03894";"-291.9446";"-15.98395";"-61.07086"
"24082.39";"-161.8885";"-18.94446";"-82.03894";"-291.9446";"-15.96503";"-61.08459";"-161.8885";"-18.94446";"-82.03894";"-291.9446";"-15.96503";"-61.08459"
"24090.73";"-161.7232";"-18.90771";"-82.03894";"-291.9446";"-15.86517";"-61.1087";"-161.7232";"-18.90771";"-82.03894";"-291.9446";"-15.86517";"-61.1087"
"24099.07";"-161.7027";"-18.85809";"-82.03894";"-291.9446";"-15.83618";"-61.14575";"-161.7027";"-18.85809";"-82.03894";"-291.9446";"-15.83618";"-61.14575"
"24107.42";"-161.4951";"-18.71564";"-82.03894";"-291.9446";"-15.70325";"-61.15857";"-161.4951";"-18.71564";"-82.03894";"-291.9446";"-15.70325";"-61.15857"
"24115.76";"-161.4717";"-18.66309";"-82.03894";"-291.9446";"-15.68176";"-61.17419";"-161.4717";"-18.66309";"-82.03894";"-291.9446";"-15.68176";"-61.17419"
"24124.1";"-161.4448";"-18.59589";"-82.03894";"-291.9446";"-15.59509";"-61.19818";"-161.4448";"-18.59589";"-82.03894";"-291.9446";"-15.59509";"-61.19818"
"24132.44";"-161.3669";"-18.55725";"-82.03894";"-291.9446";"-15.52277";"-61.21802";"-161.3669";"-18.55725";"-82.03894";"-291.9446";"-15.52277";"-61.21802"
"24140.78";"-161.2542";"-18.52795";"-82.03894";"-291.9446";"-15.41144";"-61.3172";"-161.2542";"-18.52795";"-82.03894";"-291.9446";"-15.41144";"-61.3172"
"24149.13";"-161.0594";"-18.47955";"-82.03894";"-291.9446";"-15.38708";"-61.33545";"-161.0594";"-18.47955";"-82.03894";"-291.9446";"-15.38708";"-61.33545"
"24157.47";"-160.8924";"-18.44659";"-82.03894";"-291.9446";"-15.3042";"-61.33856";"-160.8924";"-18.44659";"-82.03894";"-291.9446";"-15.3042";"-61.33856"
"24165.81";"-160.8386";"-18.39923";"-82.03894";"-291.9446";"-15.21936";"-61.37018";"-160.8386";"-18.39923";"-82.03894";"-291.9446";"-15.21936";"-61.37018"
"24174.15";"-160.7236";"-18.34558";"-82.03894";"-291.9446";"-15.12708";"-61.35034";"-160.7236";"-18.34558";"-82.03894";"-291.9446";"-15.12708";"-61.35034"
"24182.49";"-160.6348";"-18.31616";"-82.03894";"-291.9446";"-15.06763";"-61.36646";"-160.6348";"-18.31616";"-82.03894";"-291.9446";"-15.06763";"-61.36646"
"24190.83";"-160.5101";"-18.28021";"-82.03894";"-291.9446";"-15.03735";"-61.40894";"-160.5101";"-18.28021";"-82.03894";"-291.9446";"-15.03735";"-61.40894"
"24199.18";"-160.4598";"-18.18536";"-82.03894";"-291.9446";"-14.9516";"-61.43176";"-160.4598";"-18.18536";"-82.03894";"-291.9446";"-14.9516";"-61.43176"
"24207.52";"-160.3515";"-18.14227";"-82.03894";"-291.9446";"-14.89093";"-61.42236";"-160.3515";"-18.14227";"-82.03894";"-291.9446";"-14.89093";"-61.42236"
"24215.86";"-160.3371";"-18.12421";"-82.03894";"-291.9446";"-14.86792";"-61.45648";"-160.3371";"-18.12421";"-82.03894";"-291.9446";"-14.86792";"-61.45648"
"24224.2";"-160.2496";"-18.0354";"-82.03894";"-291.9446";"-14.76984";"-61.49011";"-160.2496";"-18.0354";"-82.03894";"-291.9446";"-14.76984";"-61.49011"
"24232.54";"-160.227";"-18.02521";"-82.03894";"-291.9446";"-14.59375";"-61.51581";"-160.227";"-18.02521";"-82.03894";"-291.9446";"-14.59375";"-61.51581"
"24240.88";"-160.118";"-17.97137";"-82.03894";"-291.9446";"-14.4826";"-61.66962";"-160.118";"-17.97137";"-82.03894";"-291.9446";"-14.4826";"-61.66962"
"24249.22";"-160.0469";"-17.93896";"-82.03894";"-291.9446";"-14.45734";"-61.69879";"-160.0469";"-17.93896";"-82.03894";"-291.9446";"-14.45734";"-61.69879"
"24257.57";"-159.9036";"-17.90808";"-82.03894";"-291.9446";"-14.41754";"-61.7099";"-159.9036";"-17.90808";"-82.03894";"-291.9446";"-14.41754";"-61.7099"
"24265.91";"-159.8585";"-17.85742";"-82.03894";"-291.9446";"-14.36652";"-61.68463";"-159.8585";"-17.85742";"-82.03894";"-291.9446";"-14.36652";"-61.68463"
"24274.25";"-159.7734";"-17.81085";"-82.03894";"-291.9446";"-14.26752";"-61.70868";"-159.7734";"-17.81085";"-82.03894";"-291.9446";"-14.26752";"-61.70868"
"24282.59";"-159.6531";"-17.76758";"-82.03894";"-291.9446";"-14.25208";"-61.74127";"-159.6531";"-17.76758";"-82.03894";"-291.9446";"-14.25208";"-61.74127"
"24290.93";"-159.5383";"-17.71277";"-82.03894";"-291.9446";"-14.16675";"-61.77594";"-159.5383";"-17.71277";"-82.03894";"-291.9446";"-14.16675";"-61.77594"
"24299.28";"-159.4871";"-17.56244";"-82.03894";"-291.9446";"-14.02026";"-61.82397";"-159.4871";"-17.56244";"-82.03894";"-291.9446";"-14.02026";"-61.82397"
"24307.62";"-159.2624";"-17.47247";"-82.03894";"-291.9446";"-13.97003";"-61.83008";"-159.2624";"-17.47247";"-82.03894";"-291.9446";"-13.97003";"-61.83008"
"24315.96";"-159.1795";"-17.42554";"-82.03894";"-291.9446";"-13.94696";"-61.80951";"-159.1795";"-17.42554";"-82.03894";"-291.9446";"-13.94696";"-61.80951"
"24324.3";"-159.0441";"-17.39307";"-82.03894";"-291.9446";"-13.8609";"-61.86188";"-159.0441";"-17.39307";"-82.03894";"-291.9446";"-13.8609";"-61.86188"
"24332.64";"-159.0018";"-17.34363";"-82.03894";"-291.9446";"-13.81049";"-61.87872";"-159.0018";"-17.34363";"-82.03894";"-291.9446";"-13.81049";"-61.87872"
"24340.98";"-158.8911";"-17.2666";"-82.03894";"-291.9446";"-13.65521";"-61.87787";"-158.8911";"-17.2666";"-82.03894";"-291.9446";"-13.65521";"-61.87787"
"24349.32";"-158.7939";"-17.25391";"-82.03894";"-291.9446";"-13.67444";"-61.91797";"-158.7939";"-17.25391";"-82.03894";"-291.9446";"-13.67444";"-61.91797"
"24357.67";"-158.6296";"-17.24774";"-82.03894";"-291.9446";"-13.64478";"-61.92365";"-158.6296";"-17.24774";"-82.03894";"-291.9446";"-13.64478";"-61.92365"
"24366.01";"-158.5536";"-17.21411";"-82.03894";"-291.9446";"-13.45947";"-62.02954";"-158.5536";"-17.21411";"-82.03894";"-291.9446";"-13.45947";"-62.02954"
"24374.35";"-158.4826";"-17.08691";"-82.03894";"-291.9446";"-13.43262";"-62.02502";"-158.4826";"-17.08691";"-82.03894";"-291.9446";"-13.43262";"-62.02502"
"24382.69";"-158.4282";"-17.04803";"-82.03894";"-291.9446";"-13.39972";"-62.02582";"-158.4282";"-17.04803";"-82.03894";"-291.9446";"-13.39972";"-62.02582"
"24391.03";"-158.3394";"-16.97253";"-82.03894";"-291.9446";"-13.3634";"-62.05554";"-158.3394";"-16.97253";"-82.03894";"-291.9446";"-13.3634";"-62.05554"
"24399.38";"-158.1826";"-16.92371";"-82.03894";"-291.9446";"-13.1814";"-62.1051";"-158.1826";"-16.92371";"-82.03894";"-291.9446";"-13.1814";"-62.1051"
"24407.72";"-158.1021";"-16.9104";"-82.03894";"-291.9446";"-13.14258";"-62.10364";"-158.1021";"-16.9104";"-82.03894";"-291.9446";"-13.14258";"-62.10364"
"24416.06";"-158.0604";"-16.86938";"-82.03894";"-291.9446";"-13.09619";"-62.11755";"-158.0604";"-16.86938";"-82.03894";"-291.9446";"-13.09619";"-62.11755"
"24424.4";"-157.8643";"-16.86804";"-82.03894";"-291.9446";"-13.0495";"-62.11407";"-157.8643";"-16.86804";"-82.03894";"-291.9446";"-13.0495";"-62.11407"
"24432.74";"-157.8144";"-16.81818";"-82.03894";"-291.9446";"-12.85065";"-62.13715";"-157.8144";"-16.81818";"-82.03894";"-291.9446";"-12.85065";"-62.13715"
"24441.08";"-157.7802";"-16.7204";"-82.03894";"-291.9446";"-12.79077";"-62.14551";"-157.7802";"-16.7204";"-82.03894";"-291.9446";"-12.79077";"-62.14551"
"24449.43";"-157.6515";"-16.6983";"-82.03894";"-291.9446";"-12.7713";"-62.14563";"-157.6515";"-16.6983";"-82.03894";"-291.9446";"-12.7713";"-62.14563"
"24457.77";"-157.5578";"-16.66199";"-82.03894";"-291.9446";"-12.75067";"-62.17767";"-157.5578";"-16.66199";"-82.03894";"-291.9446";"-12.75067";"-62.17767"
"24466.11";"-157.3771";"-16.44916";"-82.03894";"-291.9446";"-12.69977";"-62.18451";"-157.3771";"-16.44916";"-82.03894";"-291.9446";"-12.69977";"-62.18451"
"24474.45";"-157.268";"-16.37701";"-82.03894";"-291.9446";"-12.58002";"-62.21088";"-157.268";"-16.37701";"-82.03894";"-291.9446";"-12.58002";"-62.21088"
"24482.79";"-157.1696";"-16.35431";"-82.03894";"-291.9446";"-12.55939";"-62.21167";"-157.1696";"-16.35431";"-82.03894";"-291.9446";"-12.55939";"-62.21167"
"24491.13";"-157.0818";"-16.33502";"-82.03894";"-291.9446";"-12.52002";"-62.24603";"-157.0818";"-16.33502";"-82.03894";"-291.9446";"-12.52002";"-62.24603"
"24499.47";"-157.0214";"-16.31293";"-82.03894";"-291.9446";"-12.43536";"-62.32623";"-157.0214";"-16.31293";"-82.03894";"-291.9446";"-12.43536";"-62.32623"
"24507.82";"-156.8777";"-16.29205";"-82.03894";"-291.9446";"-12.32306";"-62.33423";"-156.8777";"-16.29205";"-82.03894";"-291.9446";"-12.32306";"-62.33423"
"24516.16";"-156.7914";"-16.25055";"-82.03894";"-291.9446";"-12.24786";"-62.35669";"-156.7914";"-16.25055";"-82.03894";"-291.9446";"-12.24786";"-62.35669"
"24524.5";"-156.6125";"-16.19604";"-82.03894";"-291.9446";"-12.1261";"-62.36218";"-156.6125";"-16.19604";"-82.03894";"-291.9446";"-12.1261";"-62.36218"
"24532.84";"-156.5591";"-16.16394";"-82.03894";"-291.9446";"-12.09473";"-62.38513";"-156.5591";"-16.16394";"-82.03894";"-291.9446";"-12.09473";"-62.38513"
"24541.18";"-156.4282";"-16.0246";"-82.03894";"-291.9446";"-12.0105";"-62.42651";"-156.4282";"-16.0246";"-82.03894";"-291.9446";"-12.0105";"-62.42651"
"24549.53";"-156.3718";"-15.99988";"-82.03894";"-291.9446";"-11.94116";"-62.45087";"-156.3718";"-15.99988";"-82.03894";"-291.9446";"-11.94116";"-62.45087"
"24557.87";"-156.2531";"-15.95752";"-82.03894";"-291.9446";"-11.80548";"-62.43781";"-156.2531";"-15.95752";"-82.03894";"-291.9446";"-11.80548";"-62.43781"
"24566.21";"-156.1957";"-15.91339";"-82.03894";"-291.9446";"-11.76654";"-62.47052";"-156.1957";"-15.91339";"-82.03894";"-291.9446";"-11.76654";"-62.47052"
"24574.55";"-156.054";"-15.83093";"-82.03894";"-291.9446";"-11.66968";"-62.61511";"-156.054";"-15.83093";"-82.03894";"-291.9446";"-11.66968";"-62.61511"
"24582.89";"-156.0218";"-15.81848";"-82.03894";"-291.9446";"-11.54968";"-62.6145";"-156.0218";"-15.81848";"-82.03894";"-291.9446";"-11.54968";"-62.6145"
"24591.23";"-155.8416";"-15.79474";"-82.03894";"-291.9446";"-11.4762";"-62.6792";"-155.8416";"-15.79474";"-82.03894";"-291.9446";"-11.4762";"-62.6792"
"24599.57";"-155.8403";"-15.72778";"-82.03894";"-291.9446";"-11.48132";"-62.74969";"-155.8403";"-15.72778";"-82.03894";"-291.9446";"-11.48132";"-62.74969"
"24607.92";"-155.6141";"-15.69904";"-82.03894";"-291.9446";"-11.31799";"-62.79767";"-155.6141";"-15.69904";"-82.03894";"-291.9446";"-11.31799";"-62.79767"
"24616.26";"-155.583";"-15.64795";"-82.03894";"-291.9446";"-11.27509";"-62.83484";"-155.583";"-15.64795";"-82.03894";"-291.9446";"-11.27509";"-62.83484"
"24624.6";"-155.3024";"-15.41016";"-82.03894";"-291.9446";"-11.10919";"-62.85956";"-155.3024";"-15.41016";"-82.03894";"-291.9446";"-11.10919";"-62.85956"
"24632.94";"-155.2915";"-15.40277";"-82.03894";"-291.9446";"-11.10571";"-62.90387";"-155.2915";"-15.40277";"-82.03894";"-291.9446";"-11.10571";"-62.90387"
"24641.28";"-155.1315";"-15.36017";"-82.03894";"-291.9446";"-11.0235";"-62.90625";"-155.1315";"-15.36017";"-82.03894";"-291.9446";"-11.0235";"-62.90625"
"24649.63";"-155.1074";"-15.28131";"-82.03894";"-291.9446";"-11.00244";"-62.9201";"-155.1074";"-15.28131";"-82.03894";"-291.9446";"-11.00244";"-62.9201"
"24657.97";"-154.8958";"-15.28033";"-82.03894";"-291.9446";"-10.84387";"-62.96918";"-154.8958";"-15.28033";"-82.03894";"-291.9446";"-10.84387";"-62.96918"
"24666.31";"-154.8821";"-15.26514";"-82.03894";"-291.9446";"-10.82788";"-62.99158";"-154.8821";"-15.26514";"-82.03894";"-291.9446";"-10.82788";"-62.99158"
"24674.65";"-154.6854";"-15.15997";"-82.03894";"-291.9446";"-10.70581";"-62.99982";"-154.6854";"-15.15997";"-82.03894";"-291.9446";"-10.70581";"-62.99982"
"24682.99";"-154.6626";"-15.14172";"-82.03894";"-291.9446";"-10.69641";"-63.01172";"-154.6626";"-15.14172";"-82.03894";"-291.9446";"-10.69641";"-63.01172"
"24691.33";"-154.4857";"-15.04114";"-82.03894";"-291.9446";"-10.59766";"-63.07361";"-154.4857";"-15.04114";"-82.03894";"-291.9446";"-10.59766";"-63.07361"
"24699.68";"-154.4589";"-15.00262";"-82.03894";"-291.9446";"-10.54443";"-63.08093";"-154.4589";"-15.00262";"-82.03894";"-291.9446";"-10.54443";"-63.08093"
"24708.02";"-154.3951";"-14.96069";"-82.03894";"-291.9446";"-10.41656";"-63.12592";"-154.3951";"-14.96069";"-82.03894";"-291.9446";"-10.41656";"-63.12592"
"24716.36";"-154.3187";"-14.94098";"-82.03894";"-291.9446";"-10.36218";"-63.15118";"-154.3187";"-14.94098";"-82.03894";"-291.9446";"-10.36218";"-63.15118"
"24724.7";"-154.2222";"-14.73376";"-82.03894";"-291.9446";"-10.20404";"-63.18634";"-154.2222";"-14.73376";"-82.03894";"-291.9446";"-10.20404";"-63.18634"
"24733.04";"-154.14";"-14.7467";"-82.03894";"-291.9446";"-10.19116";"-63.19891";"-154.14";"-14.7467";"-82.03894";"-291.9446";"-10.19116";"-63.19891"
"24741.38";"-153.9637";"-14.75336";"-82.03894";"-291.9446";"-10.07922";"-63.33313";"-153.9637";"-14.75336";"-82.03894";"-291.9446";"-10.07922";"-63.33313"
"24749.72";"-153.9197";"-14.74133";"-82.03894";"-291.9446";"-10.05573";"-63.32751";"-153.9197";"-14.74133";"-82.03894";"-291.9446";"-10.05573";"-63.32751"
"24758.07";"-153.7177";"-14.72168";"-82.03894";"-291.9446";"-9.912292";"-63.36023";"-153.7177";"-14.72168";"-82.03894";"-291.9446";"-9.912292";"-63.36023"
"24766.41";"-153.6932";"-14.58386";"-82.03894";"-291.9446";"-9.871155";"-63.36987";"-153.6932";"-14.58386";"-82.03894";"-291.9446";"-9.871155";"-63.36987"
"24774.75";"-153.4061";"-14.38147";"-82.03894";"-291.9446";"-9.738037";"-63.38916";"-153.4061";"-14.38147";"-82.03894";"-291.9446";"-9.738037";"-63.38916"
"24783.09";"-153.3919";"-14.36237";"-82.03894";"-291.9446";"-9.720276";"-63.43164";"-153.3919";"-14.36237";"-82.03894";"-291.9446";"-9.720276";"-63.43164"
"24791.43";"-153.2134";"-14.35559";"-82.03894";"-291.9446";"-9.535278";"-63.43829";"-153.2134";"-14.35559";"-82.03894";"-291.9446";"-9.535278";"-63.43829"
"24799.78";"-153.1797";"-14.34357";"-82.03894";"-291.9446";"-9.520142";"-63.46588";"-153.1797";"-14.34357";"-82.03894";"-291.9446";"-9.520142";"-63.46588"
"24808.12";"-153.0165";"-14.29504";"-82.03894";"-291.9446";"-9.46344";"-63.53442";"-153.0165";"-14.29504";"-82.03894";"-291.9446";"-9.46344";"-63.53442"
"24816.46";"-152.9435";"-14.25476";"-82.03894";"-291.9446";"-9.390015";"-63.54675";"-152.9435";"-14.25476";"-82.03894";"-291.9446";"-9.390015";"-63.54675"
"24824.8";"-152.7926";"-14.15649";"-82.03894";"-291.9446";"-9.194275";"-63.60474";"-152.7926";"-14.15649";"-82.03894";"-291.9446";"-9.194275";"-63.60474"
"24833.14";"-152.7323";"-14.13306";"-82.03894";"-291.9446";"-9.176819";"-63.65936";"-152.7323";"-14.13306";"-82.03894";"-291.9446";"-9.176819";"-63.65936"
"24841.48";"-152.5192";"-14.12598";"-82.03894";"-291.9446";"-9.049744";"-63.70551";"-152.5192";"-14.12598";"-82.03894";"-291.9446";"-9.049744";"-63.70551"
"24849.82";"-152.4807";"-14.00555";"-82.03894";"-291.9446";"-9.022705";"-63.73755";"-152.4807";"-14.00555";"-82.03894";"-291.9446";"-9.022705";"-63.73755"
"24858.17";"-152.3899";"-13.88599";"-82.03894";"-291.9446";"-8.869812";"-63.76996";"-152.3899";"-13.88599";"-82.03894";"-291.9446";"-8.869812";"-63.76996"
"24866.51";"-152.3474";"-13.86969";"-82.03894";"-291.9446";"-8.8255";"-63.82019";"-152.3474";"-13.86969";"-82.03894";"-291.9446";"-8.8255";"-63.82019"
"24874.85";"-152.1998";"-13.86932";"-82.03894";"-291.9446";"-8.711243";"-63.87018";"-152.1998";"-13.86932";"-82.03894";"-291.9446";"-8.711243";"-63.87018"
"24883.19";"-152.1382";"-13.8053";"-82.03894";"-291.9446";"-8.841858";"-62.46869";"-152.1382";"-13.8053";"-82.03894";"-291.9446";"-8.841858";"-62.46869"
"24891.53";"-151.9889";"-13.81683";"-82.03894";"-291.9446";"-8.328491";"-61.71655";"-151.9889";"-13.81683";"-82.03894";"-291.9446";"-8.328491";"-61.71655"
"24899.88";"-151.8961";"-13.77173";"-82.03894";"-291.9446";"-9.555359";"-61.06317";"-151.8961";"-13.77173";"-82.03894";"-291.9446";"-9.555359";"-61.06317"
"24908.22";"-151.7589";"-13.66974";"-82.03894";"-291.9446";"-9.070557";"-61.5567";"-151.7589";"-13.66974";"-82.03894";"-291.9446";"-9.070557";"-61.5567"
"24916.56";"-151.694";"-13.66992";"-82.03894";"-291.9446";"-8.940979";"-62.02112";"-151.694";"-13.66992";"-82.03894";"-291.9446";"-8.940979";"-62.02112"
"24924.9";"-151.3962";"-13.45764";"-82.03894";"-291.9446";"-8.82666";"-62.03558";"-151.3962";"-13.45764";"-82.03894";"-291.9446";"-8.82666";"-62.03558"
"24933.24";"-151.3475";"-13.42175";"-82.03894";"-291.9446";"-8.813599";"-62.03809";"-151.3475";"-13.42175";"-82.03894";"-291.9446";"-8.813599";"-62.03809"
"24941.58";"-151.2007";"-13.29443";"-82.03894";"-291.9446";"-8.638916";"-62.08057";"-151.2007";"-13.29443";"-82.03894";"-291.9446";"-8.638916";"-62.08057"
"24949.93";"-151.1733";"-13.28918";"-82.03894";"-291.9446";"-8.628967";"-62.08728";"-151.1733";"-13.28918";"-82.03894";"-291.9446";"-8.628967";"-62.08728"
"24958.27";"-150.9855";"-13.28998";"-82.03894";"-291.9446";"-8.419678";"-62.04425";"-150.9855";"-13.28998";"-82.03894";"-291.9446";"-8.419678";"-62.04425"
"24966.61";"-150.9571";"-13.25604";"-82.03894";"-291.9446";"-8.36731";"-62.05841";"-150.9571";"-13.25604";"-82.03894";"-291.9446";"-8.36731";"-62.05841"
"24974.95";"-150.7428";"-13.14453";"-82.03894";"-291.9446";"-8.186279";"-62.08801";"-150.7428";"-13.14453";"-82.03894";"-291.9446";"-8.186279";"-62.08801"
"24983.29";"-150.6984";"-13.13989";"-82.03894";"-291.9446";"-8.155518";"-62.11169";"-150.6984";"-13.13989";"-82.03894";"-291.9446";"-8.155518";"-62.11169"
"24991.63";"-150.4803";"-13.04199";"-82.03894";"-291.9446";"-8.010498";"-62.15973";"-150.4803";"-13.04199";"-82.03894";"-291.9446";"-8.010498";"-62.15973"
"24999.97";"-150.4484";"-13.02789";"-82.03894";"-291.9446";"-7.998596";"-62.16412";"-150.4484";"-13.02789";"-82.03894";"-291.9446";"-7.998596";"-62.16412"
"25008.32";"-150.308";"-12.99292";"-82.03894";"-291.9446";"-7.816833";"-62.2265";"-150.308";"-12.99292";"-82.03894";"-291.9446";"-7.816833";"-62.2265"
"25016.66";"-150.2627";"-12.94165";"-82.03894";"-291.9446";"-7.78241";"-62.26904";"-150.2627";"-12.94165";"-82.03894";"-291.9446";"-7.78241";"-62.26904"
"25025";"-150.1077";"-12.83929";"-82.03894";"-291.9446";"-7.618896";"-62.28302";"-150.1077";"-12.83929";"-82.03894";"-291.9446";"-7.618896";"-62.28302"
"25033.34";"-150.1005";"-12.82416";"-82.03894";"-291.9446";"-7.094299";"-62.62518";"-150.1005";"-12.82416";"-82.03894";"-291.9446";"-7.094299";"-62.62518"
"25041.68";"-149.8978";"-12.80597";"-82.03894";"-291.9446";"-6.832703";"-63.06049";"-149.8978";"-12.80597";"-82.03894";"-291.9446";"-6.832703";"-63.06049"
"25050.03";"-149.85";"-12.78729";"-82.03894";"-291.9446";"-6.78772";"-63.10083";"-149.85";"-12.78729";"-82.03894";"-291.9446";"-6.78772";"-63.10083"
"25058.37";"-149.6606";"-12.65179";"-82.03894";"-291.9446";"-6.649353";"-63.12933";"-149.6606";"-12.65179";"-82.03894";"-291.9446";"-6.649353";"-63.12933"
"25066.71";"-149.6395";"-12.6217";"-82.03894";"-291.9446";"-6.601624";"-63.14948";"-149.6395";"-12.6217";"-82.03894";"-291.9446";"-6.601624";"-63.14948"
"25075.05";"-149.3475";"-12.47467";"-82.03894";"-291.9446";"-6.451904";"-63.11646";"-149.3475";"-12.47467";"-82.03894";"-291.9446";"-6.451904";"-63.11646"
"25083.39";"-149.2953";"-12.42523";"-82.03894";"-291.9446";"-6.387939";"-63.12921";"-149.2953";"-12.42523";"-82.03894";"-291.9446";"-6.387939";"-63.12921"
"25091.73";"-149.1429";"-12.29791";"-82.03894";"-291.9446";"-6.217224";"-63.17163";"-149.1429";"-12.29791";"-82.03894";"-291.9446";"-6.217224";"-63.17163"
"25100.07";"-149.0747";"-12.29694";"-82.03894";"-291.9446";"-6.19165";"-63.18506";"-149.0747";"-12.29694";"-82.03894";"-291.9446";"-6.19165";"-63.18506"
"25108.42";"-148.8928";"-12.26636";"-82.03894";"-291.9446";"-6.054443";"-63.20709";"-148.8928";"-12.26636";"-82.03894";"-291.9446";"-6.054443";"-63.20709"
"25116.76";"-148.8448";"-12.25049";"-82.03894";"-291.9446";"-5.998474";"-63.22968";"-148.8448";"-12.25049";"-82.03894";"-291.9446";"-5.998474";"-63.22968"
"25125.1";"-148.624";"-12.21863";"-82.03894";"-291.9446";"-5.874329";"-63.28394";"-148.624";"-12.21863";"-82.03894";"-291.9446";"-5.874329";"-63.28394"
"25133.44";"-148.5667";"-12.18982";"-82.03894";"-291.9446";"-5.827881";"-63.27338";"-148.5667";"-12.18982";"-82.03894";"-291.9446";"-5.827881";"-63.27338"
"25141.78";"-148.4057";"-12.01788";"-82.03894";"-291.9446";"-5.653625";"-63.36163";"-148.4057";"-12.01788";"-82.03894";"-291.9446";"-5.653625";"-63.36163"
"25150.13";"-148.3478";"-11.97656";"-82.03894";"-291.9446";"-5.616638";"-63.38184";"-148.3478";"-11.97656";"-82.03894";"-291.9446";"-5.616638";"-63.38184"
"25158.47";"-148.2112";"-11.95471";"-82.03894";"-291.9446";"-5.444214";"-63.33636";"-148.2112";"-11.95471";"-82.03894";"-291.9446";"-5.444214";"-63.33636"
"25166.81";"-148.1508";"-11.90692";"-82.03894";"-291.9446";"-5.413757";"-63.36725";"-148.1508";"-11.90692";"-82.03894";"-291.9446";"-5.413757";"-63.36725"
"25175.15";"-147.9797";"-11.81091";"-82.03894";"-291.9446";"-5.245605";"-63.42932";"-147.9797";"-11.81091";"-82.03894";"-291.9446";"-5.245605";"-63.42932"
"25183.49";"-147.9362";"-11.7851";"-82.03894";"-291.9446";"-5.185852";"-63.4505";"-147.9362";"-11.7851";"-82.03894";"-291.9446";"-5.185852";"-63.4505"
"25191.83";"-147.7155";"-11.78577";"-82.03894";"-291.9446";"-5.057007";"-63.47876";"-147.7155";"-11.78577";"-82.03894";"-291.9446";"-5.057007";"-63.47876"
"25200.18";"-147.6449";"-11.68219";"-82.03894";"-291.9446";"-4.986267";"-63.49628";"-147.6449";"-11.68219";"-82.03894";"-291.9446";"-4.986267";"-63.49628"
"25208.52";"-147.3915";"-11.45862";"-82.03894";"-291.9446";"-4.911987";"-63.56207";"-147.3915";"-11.45862";"-82.03894";"-291.9446";"-4.911987";"-63.56207"
"25216.86";"-147.3079";"-11.43188";"-82.03894";"-291.9446";"-4.890137";"-63.58746";"-147.3079";"-11.43188";"-82.03894";"-291.9446";"-4.890137";"-63.58746"
"25225.2";"-147.1695";"-11.41272";"-82.03894";"-291.9446";"-4.721191";"-63.62939";"-147.1695";"-11.41272";"-82.03894";"-291.9446";"-4.721191";"-63.62939"
"25233.54";"-147.0891";"-11.32751";"-82.03894";"-291.9446";"-6.104919";"-63.32129";"-147.0891";"-11.32751";"-82.03894";"-291.9446";"-6.104919";"-63.32129"
"25241.88";"-146.9474";"-11.25293";"-82.03894";"-291.9446";"-6.227783";"-62.87762";"-146.9474";"-11.25293";"-82.03894";"-291.9446";"-6.227783";"-62.87762"
"25250.22";"-146.7681";"-11.24951";"-82.03894";"-291.9446";"-6.856934";"-62.43378";"-146.7681";"-11.24951";"-82.03894";"-291.9446";"-6.856934";"-62.43378"
"25258.57";"-146.6525";"-11.23138";"-82.03894";"-291.9446";"-6.46698";"-62.4624";"-146.6525";"-11.23138";"-82.03894";"-291.9446";"-6.46698";"-62.4624"
"25266.91";"-146.5151";"-11.19031";"-82.03894";"-291.9446";"-6.506165";"-62.49933";"-146.5151";"-11.19031";"-82.03894";"-291.9446";"-6.506165";"-62.49933"
"25275.25";"-146.4254";"-11.06";"-82.03894";"-291.9446";"-6.938599";"-62.00836";"-146.4254";"-11.06";"-82.03894";"-291.9446";"-6.938599";"-62.00836"
"25283.59";"-146.3528";"-11.021";"-82.03894";"-291.9446";"-6.876099";"-62.0368";"-146.3528";"-11.021";"-82.03894";"-291.9446";"-6.876099";"-62.0368"
"25291.93";"-146.2422";"-11.00964";"-82.03894";"-291.9446";"-6.715942";"-62.07758";"-146.2422";"-11.00964";"-82.03894";"-291.9446";"-6.715942";"-62.07758"
"25300.28";"-146.1603";"-10.92389";"-82.03894";"-291.9446";"-6.627991";"-62.10797";"-146.1603";"-10.92389";"-82.03894";"-291.9446";"-6.627991";"-62.10797"
"25308.62";"-146.0137";"-10.88574";"-82.03894";"-291.9446";"-6.441895";"-62.06494";"-146.0137";"-10.88574";"-82.03894";"-291.9446";"-6.441895";"-62.06494"
"25316.96";"-145.924";"-10.84418";"-82.03894";"-291.9446";"-6.361267";"-62.10443";"-145.924";"-10.84418";"-82.03894";"-291.9446";"-6.361267";"-62.10443"
"25325.3";"-145.7819";"-10.77637";"-82.03894";"-291.9446";"-6.225891";"-62.09918";"-145.7819";"-10.77637";"-82.03894";"-291.9446";"-6.225891";"-62.09918"
"25333.64";"-145.6483";"-10.77887";"-82.03894";"-291.9446";"-6.164063";"-62.12244";"-145.6483";"-10.77887";"-82.03894";"-291.9446";"-6.164063";"-62.12244"
"25341.98";"-145.5141";"-10.70563";"-82.03894";"-291.9446";"-6.020264";"-62.15527";"-145.5141";"-10.70563";"-82.03894";"-291.9446";"-6.020264";"-62.15527"
"25350.32";"-145.4207";"-10.55707";"-82.03894";"-291.9446";"-5.976563";"-62.16479";"-145.4207";"-10.55707";"-82.03894";"-291.9446";"-5.976563";"-62.16479"
"25358.67";"-145.3099";"-10.5036";"-82.03894";"-291.9446";"-5.825317";"-62.19562";"-145.3099";"-10.5036";"-82.03894";"-291.9446";"-5.825317";"-62.19562"
"25367.01";"-145.087";"-10.4574";"-82.03894";"-291.9446";"-5.776245";"-62.2337";"-145.087";"-10.4574";"-82.03894";"-291.9446";"-5.776245";"-62.2337"
"25375.35";"-144.9643";"-10.32904";"-82.03894";"-291.9446";"-5.752991";"-63.52399";"-144.9643";"-10.32904";"-82.03894";"-291.9446";"-5.752991";"-63.52399"
"25383.69";"-144.8018";"-10.34277";"-82.03894";"-291.9446";"-5.618164";"-64.2251";"-144.8018";"-10.34277";"-82.03894";"-291.9446";"-5.618164";"-64.2251"
"25392.03";"-144.7053";"-10.29828";"-82.03894";"-291.9446";"-5.937805";"-64.03687";"-144.7053";"-10.29828";"-82.03894";"-291.9446";"-5.937805";"-64.03687"
"25400.38";"-144.4634";"-10.1535";"-82.03894";"-291.9446";"-5.767456";"-64.07086";"-144.4634";"-10.1535";"-82.03894";"-291.9446";"-5.767456";"-64.07086"
"25408.72";"-144.4268";"-10.13654";"-82.03894";"-291.9446";"-5.68988";"-64.08759";"-144.4268";"-10.13654";"-82.03894";"-291.9446";"-5.68988";"-64.08759"
"25417.06";"-144.3784";"-10.11536";"-82.03894";"-291.9446";"-5.544312";"-64.11133";"-144.3784";"-10.11536";"-82.03894";"-291.9446";"-5.544312";"-64.11133"
"25425.4";"-144.2142";"-10.08582";"-82.03894";"-291.9446";"-5.435852";"-64.06482";"-144.2142";"-10.08582";"-82.03894";"-291.9446";"-5.435852";"-64.06482"
"25433.74";"-144.1669";"-10.05426";"-82.03894";"-291.9446";"-5.271057";"-64.09589";"-144.1669";"-10.05426";"-82.03894";"-291.9446";"-5.271057";"-64.09589"
"25442.08";"-144.016";"-10.01202";"-82.03894";"-291.9446";"-5.234985";"-64.14172";"-144.016";"-10.01202";"-82.03894";"-291.9446";"-5.234985";"-64.14172"
"25450.43";"-143.934";"-9.903076";"-82.03894";"-291.9446";"-4.813782";"-64.32361";"-143.934";"-9.903076";"-82.03894";"-291.9446";"-4.813782";"-64.32361"
"25458.77";"-143.7797";"-9.869934";"-82.03894";"-291.9446";"-4.905212";"-64.01978";"-143.7797";"-9.869934";"-82.03894";"-291.9446";"-4.905212";"-64.01978"
"25467.11";"-143.6266";"-9.847107";"-82.03894";"-291.9446";"-4.81604";"-64.05518";"-143.6266";"-9.847107";"-82.03894";"-291.9446";"-4.81604";"-64.05518"
"25475.45";"-143.4904";"-9.732971";"-82.03894";"-291.9446";"-4.66687";"-64.09155";"-143.4904";"-9.732971";"-82.03894";"-291.9446";"-4.66687";"-64.09155"
"25483.79";"-143.3444";"-9.682129";"-82.03894";"-291.9446";"-4.602356";"-64.10693";"-143.3444";"-9.682129";"-82.03894";"-291.9446";"-4.602356";"-64.10693"
"25492.13";"-143.2839";"-9.631104";"-82.03894";"-291.9446";"-4.39679";"-64.0683";"-143.2839";"-9.631104";"-82.03894";"-291.9446";"-4.39679";"-64.0683"
"25500.47";"-143.138";"-9.551758";"-82.03894";"-291.9446";"-4.291748";"-64.11432";"-143.138";"-9.551758";"-82.03894";"-291.9446";"-4.291748";"-64.11432"
"25508.82";"-142.9678";"-9.436035";"-82.03894";"-291.9446";"-4.197937";"-64.1203";"-142.9678";"-9.436035";"-82.03894";"-291.9446";"-4.197937";"-64.1203"
"25517.16";"-142.8376";"-9.431641";"-82.03894";"-291.9446";"-4.129333";"-64.15631";"-142.8376";"-9.431641";"-82.03894";"-291.9446";"-4.129333";"-64.15631"
"25525.5";"-142.6889";"-9.395203";"-82.03894";"-291.9446";"-3.967896";"-64.16571";"-142.6889";"-9.395203";"-82.03894";"-291.9446";"-3.967896";"-64.16571"
"25533.84";"-142.5116";"-9.316833";"-82.03894";"-291.9446";"-3.886108";"-64.164";"-142.5116";"-9.316833";"-82.03894";"-291.9446";"-3.886108";"-64.164"
"25542.18";"-142.3888";"-9.22937";"-82.03894";"-291.9446";"-3.877686";"-64.05725";"-142.3888";"-9.22937";"-82.03894";"-291.9446";"-3.877686";"-64.05725"
"25550.53";"-142.2914";"-9.18219";"-82.03894";"-291.9446";"-3.739502";"-64.07843";"-142.2914";"-9.18219";"-82.03894";"-291.9446";"-3.739502";"-64.07843"
"25558.87";"-142.1481";"-9.127319";"-82.03894";"-291.9446";"-3.632629";"-64.12421";"-142.1481";"-9.127319";"-82.03894";"-291.9446";"-3.632629";"-64.12421"
"25567.21";"-142.0554";"-9.0849";"-82.03894";"-291.9446";"-3.489746";"-64.05273";"-142.0554";"-9.0849";"-82.03894";"-291.9446";"-3.489746";"-64.05273"
"25575.55";"-141.92";"-9.03363";"-82.03894";"-291.9446";"-3.337891";"-64.05701";"-141.92";"-9.03363";"-82.03894";"-291.9446";"-3.337891";"-64.05701"
"25583.89";"-141.7266";"-9.006042";"-82.03894";"-291.9446";"-3.223816";"-64.10956";"-141.7266";"-9.006042";"-82.03894";"-291.9446";"-3.223816";"-64.10956"
"25592.23";"-141.6219";"-8.943542";"-82.03894";"-291.9446";"-3.100037";"-64.1051";"-141.6219";"-8.943542";"-82.03894";"-291.9446";"-3.100037";"-64.1051"
"25600.57";"-141.4983";"-8.824402";"-82.03894";"-291.9446";"-3.015503";"-64.14911";"-141.4983";"-8.824402";"-82.03894";"-291.9446";"-3.015503";"-64.14911"
"25608.92";"-141.3896";"-8.71759";"-82.03894";"-291.9446";"-2.88208";"-64.15137";"-141.3896";"-8.71759";"-82.03894";"-291.9446";"-2.88208";"-64.15137"
"25617.26";"-141.2601";"-8.705505";"-82.03894";"-291.9446";"-2.82428";"-64.17334";"-141.2601";"-8.705505";"-82.03894";"-291.9446";"-2.82428";"-64.17334"
"25625.6";"-141.1234";"-8.657349";"-82.03894";"-291.9446";"-2.723877";"-64.24023";"-141.1234";"-8.657349";"-82.03894";"-291.9446";"-2.723877";"-64.24023"
"25633.94";"-141.0515";"-8.579529";"-82.03894";"-291.9446";"-2.530334";"-64.28882";"-141.0515";"-8.579529";"-82.03894";"-291.9446";"-2.530334";"-64.28882"
"25642.28";"-140.774";"-8.496094";"-82.03894";"-291.9446";"-2.42511";"-64.17181";"-140.774";"-8.496094";"-82.03894";"-291.9446";"-2.42511";"-64.17181"
"25650.63";"-140.6497";"-8.454041";"-82.03894";"-291.9446";"-2.240723";"-64.19287";"-140.6497";"-8.454041";"-82.03894";"-291.9446";"-2.240723";"-64.19287"
"25658.97";"-140.4728";"-8.377625";"-82.03894";"-291.9446";"-2.155884";"-64.23242";"-140.4728";"-8.377625";"-82.03894";"-291.9446";"-2.155884";"-64.23242"
"25667.31";"-140.4185";"-8.327148";"-82.03894";"-291.9446";"-2.051453";"-64.26318";"-140.4185";"-8.327148";"-82.03894";"-291.9446";"-2.051453";"-64.26318"
"25675.65";"-140.28";"-8.235168";"-82.03894";"-291.9446";"-1.963318";"-64.30792";"-140.28";"-8.235168";"-82.03894";"-291.9446";"-1.963318";"-64.30792"
"25683.99";"-140.2252";"-8.202759";"-82.03894";"-291.9446";"-1.841553";"-64.34949";"-140.2252";"-8.202759";"-82.03894";"-291.9446";"-1.841553";"-64.34949"
"25692.33";"-140.0245";"-8.180359";"-82.03894";"-291.9446";"-1.707581";"-64.34875";"-140.0245";"-8.180359";"-82.03894";"-291.9446";"-1.707581";"-64.34875"
"25700.68";"-139.9649";"-8.132507";"-82.03894";"-291.9446";"-1.555847";"-64.41321";"-139.9649";"-8.132507";"-82.03894";"-291.9446";"-1.555847";"-64.41321"
"25709.02";"-139.7217";"-8.042419";"-82.03894";"-291.9446";"-1.372864";"-64.27124";"-139.7217";"-8.042419";"-82.03894";"-291.9446";"-1.372864";"-64.27124"
"25717.36";"-139.6497";"-8.023682";"-82.03894";"-291.9446";"-1.790161";"-64.44501";"-139.6497";"-8.023682";"-82.03894";"-291.9446";"-1.790161";"-64.44501"
"25725.7";"-139.4702";"-7.924683";"-82.03894";"-291.9446";"-1.852417";"-64.05988";"-139.4702";"-7.924683";"-82.03894";"-291.9446";"-1.852417";"-64.05988"
"25734.04";"-139.3141";"-7.892029";"-82.03894";"-291.9446";"-1.764343";"-64.12079";"-139.3141";"-7.892029";"-82.03894";"-291.9446";"-1.764343";"-64.12079"
"25742.38";"-139.2614";"-7.787842";"-82.03894";"-291.9446";"-1.578552";"-64.13354";"-139.2614";"-7.787842";"-82.03894";"-291.9446";"-1.578552";"-64.13354"
"25750.72";"-139.0698";"-7.771179";"-82.03894";"-291.9446";"-1.419922";"-64.02148";"-139.0698";"-7.771179";"-82.03894";"-291.9446";"-1.419922";"-64.02148"
"25759.07";"-138.9987";"-7.674744";"-82.03894";"-291.9446";"-1.280884";"-64.05054";"-138.9987";"-7.674744";"-82.03894";"-291.9446";"-1.280884";"-64.05054"
"25767.41";"-138.815";"-7.64563";"-82.03894";"-291.9446";"-1.209656";"-64.06213";"-138.815";"-7.64563";"-82.03894";"-291.9446";"-1.209656";"-64.06213"
"25775.75";"-138.6963";"-7.612488";"-82.03894";"-291.9446";"-1.041687";"-64.12616";"-138.6963";"-7.612488";"-82.03894";"-291.9446";"-1.041687";"-64.12616"
"25784.09";"-138.4611";"-7.480408";"-82.03894";"-291.9446";"-0.9769897";"-64.15411";"-138.4611";"-7.480408";"-82.03894";"-291.9446";"-0.9769897";"-64.15411"
"25792.43";"-138.3456";"-7.331421";"-82.03894";"-291.9446";"-0.8115234";"-64.18628";"-138.3456";"-7.331421";"-82.03894";"-291.9446";"-0.8115234";"-64.18628"
"25800.78";"-138.262";"-7.319763";"-82.03894";"-291.9446";"-0.6277466";"-64.22797";"-138.262";"-7.319763";"-82.03894";"-291.9446";"-0.6277466";"-64.22797"
"25809.12";"-138.1273";"-7.28418";"-82.03894";"-291.9446";"-0.5115967";"-64.26434";"-138.1273";"-7.28418";"-82.03894";"-291.9446";"-0.5115967";"-64.26434"
"25817.46";"-137.9302";"-7.247803";"-82.03894";"-291.9446";"-0.317749";"-64.09509";"-137.9302";"-7.247803";"-82.03894";"-291.9446";"-0.317749";"-64.09509"
"25825.8";"-137.8113";"-7.125854";"-82.03894";"-291.9446";"-0.2164307";"-64.1333";"-137.8113";"-7.125854";"-82.03894";"-291.9446";"-0.2164307";"-64.1333"
"25834.14";"-137.6358";"-7.13501";"-82.03894";"-291.9446";"-0.09521484";"-64.17804";"-137.6358";"-7.13501";"-82.03894";"-291.9446";"-0.09521484";"-64.17804"
"25842.48";"-137.4982";"-7.046448";"-82.03894";"-291.9446";"0.02832031";"-64.18658";"-137.4982";"-7.046448";"-82.03894";"-291.9446";"0.02832031";"-64.18658"
"25850.82";"-137.3331";"-7.030579";"-82.03894";"-291.9446";"0.180542";"-64.23291";"-137.3331";"-7.030579";"-82.03894";"-291.9446";"0.180542";"-64.23291"
"25859.17";"-137.2545";"-6.954773";"-82.03894";"-291.9446";"0.2936401";"-64.23584";"-137.2545";"-6.954773";"-82.03894";"-291.9446";"0.2936401";"-64.23584"
"25867.51";"-137.1586";"-6.89093";"-82.03894";"-291.9446";"0.3590088";"-64.25586";"-137.1586";"-6.89093";"-82.03894";"-291.9446";"0.3590088";"-64.25586"
"25875.85";"-137.0146";"-6.757019";"-82.03894";"-291.9446";"0.578064";"-64.11487";"-137.0146";"-6.757019";"-82.03894";"-291.9446";"0.578064";"-64.11487"
"25884.19";"-136.7796";"-6.753479";"-82.03894";"-291.9446";"0.6925659";"-64.12421";"-136.7796";"-6.753479";"-82.03894";"-291.9446";"0.6925659";"-64.12421"
"25892.53";"-136.7066";"-6.745972";"-82.03894";"-291.9446";"0.8618774";"-64.13824";"-136.7066";"-6.745972";"-82.03894";"-291.9446";"0.8618774";"-64.13824"
"25900.88";"-136.5566";"-6.685547";"-82.03894";"-291.9446";"0.9638062";"-64.16565";"-136.5566";"-6.685547";"-82.03894";"-291.9446";"0.9638062";"-64.16565"
"25909.22";"-136.3406";"-6.455261";"-82.03894";"-291.9446";"0.961853";"-64.72498";"-136.3406";"-6.455261";"-82.03894";"-291.9446";"0.961853";"-64.72498"
"25917.56";"-136.1634";"-6.437622";"-82.03894";"-291.9446";"1.070007";"-65.03302";"-136.1634";"-6.437622";"-82.03894";"-291.9446";"1.070007";"-65.03302"
"25925.9";"-136.1031";"-6.386902";"-82.03894";"-291.9446";"1.226013";"-65.04376";"-136.1031";"-6.386902";"-82.03894";"-291.9446";"1.226013";"-65.04376"
"25934.24";"-135.916";"-6.342529";"-82.03894";"-291.9446";"1.255859";"-65.02576";"-135.916";"-6.342529";"-82.03894";"-291.9446";"1.255859";"-65.02576"
"25942.58";"-135.8187";"-6.21106";"-82.03894";"-291.9446";"1.5";"-64.96393";"-135.8187";"-6.21106";"-82.03894";"-291.9446";"1.5";"-64.96393"
"25950.93";"-135.5581";"-6.22345";"-82.03894";"-291.9446";"1.711792";"-64.97778";"-135.5581";"-6.22345";"-82.03894";"-291.9446";"1.711792";"-64.97778"
"25959.27";"-135.4825";"-6.156311";"-82.03894";"-291.9446";"1.798157";"-64.99487";"-135.4825";"-6.156311";"-82.03894";"-291.9446";"1.798157";"-64.99487"
"25967.61";"-135.3371";"-6.113464";"-82.03894";"-291.9446";"1.865051";"-64.9953";"-135.3371";"-6.113464";"-82.03894";"-291.9446";"1.865051";"-64.9953"
"25975.95";"-135.2172";"-5.999329";"-82.03894";"-291.9446";"2.039246";"-65";"-135.2172";"-5.999329";"-82.03894";"-291.9446";"2.039246";"-65"
"25984.29";"-135.1182";"-5.99646";"-82.03894";"-291.9446";"2.209961";"-65.04889";"-135.1182";"-5.99646";"-82.03894";"-291.9446";"2.209961";"-65.04889"
"25992.63";"-134.9615";"-5.944824";"-82.03894";"-291.9446";"2.27002";"-65.0448";"-134.9615";"-5.944824";"-82.03894";"-291.9446";"2.27002";"-65.0448"
"26000.97";"-134.7879";"-5.896973";"-82.03894";"-291.9446";"2.458496";"-65.15118";"-134.7879";"-5.896973";"-82.03894";"-291.9446";"2.458496";"-65.15118"
"26009.32";"-134.6464";"-5.826599";"-82.03894";"-291.9446";"2.587097";"-64.94324";"-134.6464";"-5.826599";"-82.03894";"-291.9446";"2.587097";"-64.94324"
"26017.66";"-134.4954";"-5.677124";"-82.03894";"-291.9446";"2.758118";"-64.98065";"-134.4954";"-5.677124";"-82.03894";"-291.9446";"2.758118";"-64.98065"
"26026";"-134.3953";"-5.619446";"-82.03894";"-291.9446";"2.842163";"-64.99097";"-134.3953";"-5.619446";"-82.03894";"-291.9446";"2.842163";"-64.99097"
"26034.34";"-134.2552";"-5.580261";"-82.03894";"-291.9446";"2.998657";"-64.98859";"-134.2552";"-5.580261";"-82.03894";"-291.9446";"2.998657";"-64.98859"
"26042.68";"-134.1818";"-5.560974";"-82.03894";"-291.9446";"3.089417";"-65.00232";"-134.1818";"-5.560974";"-82.03894";"-291.9446";"3.089417";"-65.00232"
"26051.03";"-133.9413";"-5.449524";"-82.03894";"-291.9446";"3.296631";"-65.05237";"-133.9413";"-5.449524";"-82.03894";"-291.9446";"3.296631";"-65.05237"
"26059.37";"-133.8139";"-5.367493";"-82.03894";"-291.9446";"3.326355";"-65.02753";"-133.8139";"-5.367493";"-82.03894";"-291.9446";"3.326355";"-65.02753"
"26067.71";"-133.5533";"-5.35498";"-82.03894";"-291.9446";"3.532349";"-64.88037";"-133.5533";"-5.35498";"-82.03894";"-291.9446";"3.532349";"-64.88037"
"26076.05";"-133.4698";"-5.24823";"-82.03894";"-291.9446";"3.63092";"-64.91766";"-133.4698";"-5.24823";"-82.03894";"-291.9446";"3.63092";"-64.91766"
"26084.39";"-133.3547";"-5.186218";"-82.03894";"-291.9446";"3.819946";"-64.95447";"-133.3547";"-5.186218";"-82.03894";"-291.9446";"3.819946";"-64.95447"
"26092.73";"-133.2146";"-5.142212";"-82.03894";"-291.9446";"3.878723";"-64.98419";"-133.2146";"-5.142212";"-82.03894";"-291.9446";"3.878723";"-64.98419"
"26101.07";"-133.0463";"-5.052917";"-82.03894";"-291.9446";"4.046448";"-65.0495";"-133.0463";"-5.052917";"-82.03894";"-291.9446";"4.046448";"-65.0495"
"26109.42";"-132.9113";"-5.037781";"-82.03894";"-291.9446";"4.502625";"-65.62708";"-132.9113";"-5.037781";"-82.03894";"-291.9446";"4.502625";"-65.62708"
"26117.76";"-132.6913";"-4.965881";"-82.03894";"-291.9446";"5.041138";"-65.97882";"-132.6913";"-4.965881";"-82.03894";"-291.9446";"5.041138";"-65.97882"
"26126.1";"-132.5989";"-4.908264";"-82.03894";"-291.9446";"5.289063";"-65.99951";"-132.5989";"-4.908264";"-82.03894";"-291.9446";"5.289063";"-65.99951"
"26134.44";"-132.3804";"-4.852905";"-82.03894";"-291.9446";"5.462952";"-66";"-132.3804";"-4.852905";"-82.03894";"-291.9446";"5.462952";"-66"
"26142.78";"-132.2936";"-4.763794";"-82.03894";"-291.9446";"5.587097";"-65.96112";"-132.2936";"-4.763794";"-82.03894";"-291.9446";"5.587097";"-65.96112"
"26151.13";"-132.1304";"-4.662659";"-82.03894";"-291.9446";"5.672302";"-65.98029";"-132.1304";"-4.662659";"-82.03894";"-291.9446";"5.672302";"-65.98029"
"26159.47";"-132.008";"-4.639526";"-82.03894";"-291.9446";"5.879395";"-65.96631";"-132.008";"-4.639526";"-82.03894";"-291.9446";"5.879395";"-65.96631"
"26167.81";"-131.7902";"-4.469727";"-82.03894";"-291.9446";"6.068176";"-66.06622";"-131.7902";"-4.469727";"-82.03894";"-291.9446";"6.068176";"-66.06622"
"26176.15";"-131.5955";"-4.49762";"-82.03894";"-291.9446";"6.120056";"-66.06714";"-131.5955";"-4.49762";"-82.03894";"-291.9446";"6.120056";"-66.06714"
"26184.49";"-131.421";"-4.409729";"-82.03894";"-291.9446";"6.319702";"-66.08911";"-131.421";"-4.409729";"-82.03894";"-291.9446";"6.319702";"-66.08911"
"26192.83";"-131.2754";"-4.325867";"-82.03894";"-291.9446";"5.679138";"-66.76672";"-131.2754";"-4.325867";"-82.03894";"-291.9446";"5.679138";"-66.76672"
"26201.18";"-131.1579";"-4.259399";"-82.03894";"-291.9446";"5.931335";"-67.33014";"-131.1579";"-4.259399";"-82.03894";"-291.9446";"5.931335";"-67.33014"
"26209.52";"-130.9975";"-4.209412";"-82.03894";"-291.9446";"6.156616";"-66.96881";"-130.9975";"-4.209412";"-82.03894";"-291.9446";"6.156616";"-66.96881"
"26217.86";"-130.8542";"-4.160828";"-82.03894";"-291.9446";"6.23114";"-67.00525";"-130.8542";"-4.160828";"-82.03894";"-291.9446";"6.23114";"-67.00525"
"26226.2";"-130.6781";"-4.118958";"-82.03894";"-291.9446";"6.395813";"-67.00336";"-130.6781";"-4.118958";"-82.03894";"-291.9446";"6.395813";"-67.00336"
"26234.54";"-130.4918";"-4.033875";"-82.03894";"-291.9446";"6.572266";"-67.04993";"-130.4918";"-4.033875";"-82.03894";"-291.9446";"6.572266";"-67.04993"
"26242.88";"-130.3608";"-3.971008";"-82.03894";"-291.9446";"6.712463";"-67.05475";"-130.3608";"-3.971008";"-82.03894";"-291.9446";"6.712463";"-67.05475"
"26251.22";"-130.2579";"-3.935486";"-82.03894";"-291.9446";"6.891235";"-67.03461";"-130.2579";"-3.935486";"-82.03894";"-291.9446";"6.891235";"-67.03461"
"26259.57";"-130.1125";"-3.878662";"-82.03894";"-291.9446";"6.959595";"-67.06262";"-130.1125";"-3.878662";"-82.03894";"-291.9446";"6.959595";"-67.06262"
"26267.91";"-129.9597";"-3.85083";"-82.03894";"-291.9446";"7.111572";"-67.01978";"-129.9597";"-3.85083";"-82.03894";"-291.9446";"7.111572";"-67.01978"
"26276.25";"-129.8088";"-3.763855";"-82.03894";"-291.9446";"7.221497";"-67.04974";"-129.8088";"-3.763855";"-82.03894";"-291.9446";"7.221497";"-67.04974"
"26284.59";"-129.6379";"-3.72345";"-82.03894";"-291.9446";"7.38855";"-67.04303";"-129.6379";"-3.72345";"-82.03894";"-291.9446";"7.38855";"-67.04303"
"26292.93";"-129.4478";"-3.591187";"-82.03894";"-291.9446";"7.512939";"-67.10077";"-129.4478";"-3.591187";"-82.03894";"-291.9446";"7.512939";"-67.10077"
"26301.28";"-129.2641";"-3.483948";"-82.03894";"-291.9446";"6.735596";"-67.71094";"-129.2641";"-3.483948";"-82.03894";"-291.9446";"6.735596";"-67.71094"
"26309.62";"-129.1454";"-3.376465";"-82.03894";"-291.9446";"7.119446";"-67.99866";"-129.1454";"-3.376465";"-82.03894";"-291.9446";"7.119446";"-67.99866"
"26317.96";"-128.981";"-3.336365";"-82.03894";"-291.9446";"7.249512";"-67.95313";"-128.981";"-3.336365";"-82.03894";"-291.9446";"7.249512";"-67.95313"
"26326.3";"-128.8423";"-3.293762";"-82.03894";"-291.9446";"7.422852";"-67.95178";"-128.8423";"-3.293762";"-82.03894";"-291.9446";"7.422852";"-67.95178"
"26334.64";"-128.6818";"-3.260132";"-82.03894";"-291.9446";"7.568481";"-68.10242";"-128.6818";"-3.260132";"-82.03894";"-291.9446";"7.568481";"-68.10242"
"26342.98";"-128.4857";"-3.184387";"-82.03894";"-291.9446";"7.702209";"-68.08905";"-128.4857";"-3.184387";"-82.03894";"-291.9446";"7.702209";"-68.08905"
"26351.32";"-128.3374";"-3.121643";"-82.03894";"-291.9446";"7.820435";"-68.07178";"-128.3374";"-3.121643";"-82.03894";"-291.9446";"7.820435";"-68.07178"
"26359.67";"-128.2363";"-3.067078";"-82.03894";"-291.9446";"7.940247";"-68.06396";"-128.2363";"-3.067078";"-82.03894";"-291.9446";"7.940247";"-68.06396"
"26368.01";"-128.1212";"-3.015869";"-82.03894";"-291.9446";"8.095154";"-68.05487";"-128.1212";"-3.015869";"-82.03894";"-291.9446";"8.095154";"-68.05487"
"26376.35";"-127.9241";"-2.996643";"-82.03894";"-291.9446";"8.190674";"-68.03467";"-127.9241";"-2.996643";"-82.03894";"-291.9446";"8.190674";"-68.03467"
"26384.69";"-127.7938";"-2.931885";"-82.03894";"-291.9446";"8.258972";"-68.05066";"-127.7938";"-2.931885";"-82.03894";"-291.9446";"8.258972";"-68.05066"
"26393.03";"-127.5499";"-2.83551";"-82.03894";"-291.9446";"8.453979";"-68.00781";"-127.5499";"-2.83551";"-82.03894";"-291.9446";"8.453979";"-68.00781"
"26401.38";"-127.3906";"-2.728149";"-82.03894";"-291.9446";"8.67157";"-68.15436";"-127.3906";"-2.728149";"-82.03894";"-291.9446";"8.67157";"-68.15436"
"26409.72";"-127.2662";"-2.695068";"-82.03894";"-291.9446";"8.795898";"-68.14252";"-127.2662";"-2.695068";"-82.03894";"-291.9446";"8.795898";"-68.14252"
"26418.06";"-127.1545";"-2.666809";"-82.03894";"-291.9446";"8.860596";"-68.13013";"-127.1545";"-2.666809";"-82.03894";"-291.9446";"8.860596";"-68.13013"
"26426.4";"-126.9689";"-2.601563";"-82.03894";"-291.9446";"9.043335";"-68.13129";"-126.9689";"-2.601563";"-82.03894";"-291.9446";"9.043335";"-68.13129"
"26434.74";"-126.7826";"-2.394531";"-82.03894";"-291.9446";"9.234131";"-68.10876";"-126.7826";"-2.394531";"-82.03894";"-291.9446";"9.234131";"-68.10876"
"26443.08";"-126.5291";"-2.38031";"-82.03894";"-291.9446";"9.355164";"-68.09485";"-126.5291";"-2.38031";"-82.03894";"-291.9446";"9.355164";"-68.09485"
"26451.43";"-126.3804";"-2.320251";"-82.03894";"-291.9446";"9.514587";"-68.27405";"-126.3804";"-2.320251";"-82.03894";"-291.9446";"9.514587";"-68.27405"
"26459.77";"-126.2246";"-2.224365";"-82.03894";"-291.9446";"10.15234";"-67.94379";"-126.2246";"-2.224365";"-82.03894";"-291.9446";"10.15234";"-67.94379"
"26468.11";"-126.0882";"-2.204895";"-82.03894";"-291.9446";"10.20074";"-67.95026";"-126.0882";"-2.204895";"-82.03894";"-291.9446";"10.20074";"-67.95026"
"26476.45";"-125.9136";"-2.170776";"-82.03894";"-291.9446";"10.42133";"-67.91998";"-125.9136";"-2.170776";"-82.03894";"-291.9446";"10.42133";"-67.91998"
"26484.79";"-125.7629";"-2.146301";"-82.03894";"-291.9446";"10.52441";"-68.1123";"-125.7629";"-2.146301";"-82.03894";"-291.9446";"10.52441";"-68.1123"
"26493.13";"-125.4965";"-1.987183";"-82.03894";"-291.9446";"10.72223";"-68.09003";"-125.4965";"-1.987183";"-82.03894";"-291.9446";"10.72223";"-68.09003"
"26501.47";"-125.3814";"-1.96521";"-82.03894";"-291.9446";"10.82501";"-68.08612";"-125.3814";"-1.96521";"-82.03894";"-291.9446";"10.82501";"-68.08612"
"26509.82";"-125.2626";"-1.927734";"-82.03894";"-291.9446";"10.99054";"-68.06085";"-125.2626";"-1.927734";"-82.03894";"-291.9446";"10.99054";"-68.06085"
"26518.16";"-125.0956";"-1.862915";"-82.03894";"-291.9446";"11.06207";"-68.06476";"-125.0956";"-1.862915";"-82.03894";"-291.9446";"11.06207";"-68.06476"
"26526.5";"-124.9383";"-1.738098";"-82.03894";"-291.9446";"11.237";"-68.03552";"-124.9383";"-1.738098";"-82.03894";"-291.9446";"11.237";"-68.03552"
"26534.84";"-124.7541";"-1.72467";"-82.03894";"-291.9446";"11.38629";"-68.00507";"-124.7541";"-1.72467";"-82.03894";"-291.9446";"11.38629";"-68.00507"
"26543.18";"-124.5932";"-1.599854";"-82.03894";"-291.9446";"11.50256";"-68.19458";"-124.5932";"-1.599854";"-82.03894";"-291.9446";"11.50256";"-68.19458"
"26551.53";"-124.4059";"-1.508179";"-82.03894";"-291.9446";"10.7478";"-68.47424";"-124.4059";"-1.508179";"-82.03894";"-291.9446";"10.7478";"-68.47424"
"26559.87";"-124.1857";"-1.389282";"-82.03894";"-291.9446";"11.76105";"-68.16455";"-124.1857";"-1.389282";"-82.03894";"-291.9446";"11.76105";"-68.16455"
"26568.21";"-124.1014";"-1.342163";"-82.03894";"-291.9446";"12.11212";"-67.9787";"-124.1014";"-1.342163";"-82.03894";"-291.9446";"12.11212";"-67.9787"
"26576.55";"-123.8961";"-1.308411";"-82.03894";"-291.9446";"12.25311";"-67.97729";"-123.8961";"-1.308411";"-82.03894";"-291.9446";"12.25311";"-67.97729"
"26584.89";"-123.6647";"-1.29834";"-82.03894";"-291.9446";"12.50732";"-68.09192";"-123.6647";"-1.29834";"-82.03894";"-291.9446";"12.50732";"-68.09192"
"26593.23";"-123.5148";"-1.202271";"-82.03894";"-291.9446";"12.61548";"-68.08154";"-123.5148";"-1.202271";"-82.03894";"-291.9446";"12.61548";"-68.08154"
"26601.57";"-123.3395";"-1.128174";"-82.03894";"-291.9446";"12.73907";"-68.08917";"-123.3395";"-1.128174";"-82.03894";"-291.9446";"12.73907";"-68.08917"
"26609.92";"-123.235";"-1.047546";"-82.03894";"-291.9446";"12.84784";"-68.05701";"-123.235";"-1.047546";"-82.03894";"-291.9446";"12.84784";"-68.05701"
"26618.26";"-123.04";"-1.011169";"-82.03894";"-291.9446";"12.92133";"-68.04999";"-123.04";"-1.011169";"-82.03894";"-291.9446";"12.92133";"-68.04999"
"26626.6";"-122.9351";"-0.9535522";"-82.03894";"-291.9446";"12.13599";"-68.36163";"-122.9351";"-0.9535522";"-82.03894";"-291.9446";"12.13599";"-68.36163"
"26634.94";"-122.7153";"-0.9425049";"-82.03894";"-291.9446";"12.12811";"-67.98248";"-122.7153";"-0.9425049";"-82.03894";"-291.9446";"12.12811";"-67.98248"
"26643.28";"-122.4717";"-0.7854614";"-82.03894";"-291.9446";"12.27081";"-67.94452";"-122.4717";"-0.7854614";"-82.03894";"-291.9446";"12.27081";"-67.94452"
"26651.63";"-122.3922";"-0.7336426";"-82.03894";"-291.9446";"12.35602";"-67.94775";"-122.3922";"-0.7336426";"-82.03894";"-291.9446";"12.35602";"-67.94775"
"26659.97";"-122.2289";"-0.6851807";"-82.03894";"-291.9446";"12.59259";"-68.07837";"-122.2289";"-0.6851807";"-82.03894";"-291.9446";"12.59259";"-68.07837"
"26668.31";"-122.051";"-0.6201172";"-82.03894";"-291.9446";"12.68555";"-68.07898";"-122.051";"-0.6201172";"-82.03894";"-291.9446";"12.68555";"-68.07898"
"26676.65";"-121.7934";"-0.4855957";"-82.03894";"-291.9446";"12.87183";"-68.05585";"-121.7934";"-0.4855957";"-82.03894";"-291.9446";"12.87183";"-68.05585"
"26684.99";"-121.5181";"-0.451355";"-82.03894";"-291.9446";"12.94482";"-68.05835";"-121.5181";"-0.451355";"-82.03894";"-291.9446";"12.94482";"-68.05835"
"26693.33";"-121.4271";"-0.3273315";"-82.03894";"-291.9446";"13.16138";"-68.02612";"-121.4271";"-0.3273315";"-82.03894";"-291.9446";"13.16138";"-68.02612"
"26701.68";"-121.2733";"-0.2886963";"-82.03894";"-291.9446";"13.2605";"-68.00775";"-121.2733";"-0.2886963";"-82.03894";"-291.9446";"13.2605";"-68.00775"
"26710.02";"-121.1042";"-0.2039185";"-82.03894";"-291.9446";"13.4505";"-68.00012";"-121.1042";"-0.2039185";"-82.03894";"-291.9446";"13.4505";"-68.00012"
"26718.36";"-120.9924";"-0.1723022";"-82.03894";"-291.9446";"13.55872";"-68.11499";"-120.9924";"-0.1723022";"-82.03894";"-291.9446";"13.55872";"-68.11499"
"26726.7";"-120.7655";"-0.1274414";"-82.03894";"-291.9446";"13.77094";"-68.11273";"-120.7655";"-0.1274414";"-82.03894";"-291.9446";"13.77094";"-68.11273"
"26735.04";"-120.4913";"-0.08520508";"-82.03894";"-291.9446";"13.90259";"-68.08612";"-120.4913";"-0.08520508";"-82.03894";"-291.9446";"13.90259";"-68.08612"
"26743.38";"-120.3553";"0.004760742";"-82.03894";"-291.9446";"13.99231";"-68.08893";"-120.3553";"0.004760742";"-82.03894";"-291.9446";"13.99231";"-68.08893"
"26751.72";"-120.2782";"0.08441162";"-82.03894";"-291.9446";"13.03912";"-69.5105";"-120.2782";"0.08441162";"-82.03894";"-291.9446";"13.03912";"-69.5105"
"26760.07";"-120.0934";"0.161499";"-82.03894";"-291.9446";"13.948";"-68.56671";"-120.0934";"0.161499";"-82.03894";"-291.9446";"13.948";"-68.56671"
"26768.41";"-119.8733";"0.1871948";"-82.03894";"-291.9446";"14.12476";"-68.99127";"-119.8733";"0.1871948";"-82.03894";"-291.9446";"14.12476";"-68.99127"
"26776.75";"-119.6599";"0.2377319";"-82.03894";"-291.9446";"14.29871";"-68.99341";"-119.6599";"0.2377319";"-82.03894";"-291.9446";"14.29871";"-68.99341"
"26785.09";"-119.4652";"0.3624268";"-82.03894";"-291.9446";"14.4223";"-68.97894";"-119.4652";"0.3624268";"-82.03894";"-291.9446";"14.4223";"-68.97894"
"26793.43";"-119.3185";"0.5147095";"-82.03894";"-291.9446";"14.508";"-69.10809";"-119.3185";"0.5147095";"-82.03894";"-291.9446";"14.508";"-69.10809"
"26801.78";"-119.1204";"0.5390015";"-82.03894";"-291.9446";"14.64435";"-69.11469";"-119.1204";"0.5390015";"-82.03894";"-291.9446";"14.64435";"-69.11469"
"26810.12";"-118.9196";"0.638916";"-82.03894";"-291.9446";"14.78461";"-69.08264";"-118.9196";"0.638916";"-82.03894";"-291.9446";"14.78461";"-69.08264"
"26818.46";"-118.7929";"0.6871338";"-82.03894";"-291.9446";"14.87213";"-69.08105";"-118.7929";"0.6871338";"-82.03894";"-291.9446";"14.87213";"-69.08105"
"26826.8";"-118.5613";"0.7452393";"-82.03894";"-291.9446";"15.04547";"-69.05322";"-118.5613";"0.7452393";"-82.03894";"-291.9446";"15.04547";"-69.05322"
"26835.14";"-118.3647";"0.8306885";"-82.03894";"-291.9446";"15.18091";"-69.03656";"-118.3647";"0.8306885";"-82.03894";"-291.9446";"15.18091";"-69.03656"
"26843.48";"-118.2177";"0.8738403";"-82.03894";"-291.9446";"15.35693";"-69.04376";"-118.2177";"0.8738403";"-82.03894";"-291.9446";"15.35693";"-69.04376"
"26851.82";"-118.037";"0.9165649";"-82.03894";"-291.9446";"15.49609";"-69.04938";"-118.037";"0.9165649";"-82.03894";"-291.9446";"15.49609";"-69.04938"
"26860.17";"-117.8344";"0.9856567";"-82.03894";"-291.9446";"15.63135";"-69.13196";"-117.8344";"0.9856567";"-82.03894";"-291.9446";"15.63135";"-69.13196"
"26868.51";"-117.6104";"1.025879";"-82.03894";"-291.9446";"15.75226";"-69.13043";"-117.6104";"1.025879";"-82.03894";"-291.9446";"15.75226";"-69.13043"
"26876.85";"-117.4667";"1.116455";"-82.03894";"-291.9446";"15.82526";"-69.13641";"-117.4667";"1.116455";"-82.03894";"-291.9446";"15.82526";"-69.13641"
"26885.19";"-117.3085";"1.16803";"-82.03894";"-291.9446";"15.40503";"-69.77185";"-117.3085";"1.16803";"-82.03894";"-291.9446";"15.40503";"-69.77185"
"26893.53";"-117.144";"1.315063";"-82.03894";"-291.9446";"15.06091";"-69.97778";"-117.144";"1.315063";"-82.03894";"-291.9446";"15.06091";"-69.97778"
"26901.88";"-117.0609";"1.363831";"-82.03894";"-291.9446";"15.18335";"-69.97638";"-117.0609";"1.363831";"-82.03894";"-291.9446";"15.18335";"-69.97638"
"26910.22";"-116.851";"1.415894";"-82.03894";"-291.9446";"15.32788";"-70.00677";"-116.851";"1.415894";"-82.03894";"-291.9446";"15.32788";"-70.00677"
"26918.56";"-116.5978";"1.467346";"-82.03894";"-291.9446";"15.48108";"-69.99811";"-116.5978";"1.467346";"-82.03894";"-291.9446";"15.48108";"-69.99811"
"26926.9";"-116.4059";"1.611267";"-82.03894";"-291.9446";"15.70239";"-70.07574";"-116.4059";"1.611267";"-82.03894";"-291.9446";"15.70239";"-70.07574"
"26935.24";"-116.2256";"1.703857";"-82.03894";"-291.9446";"15.77155";"-70.09668";"-116.2256";"1.703857";"-82.03894";"-291.9446";"15.77155";"-70.09668"
"26943.58";"-116.0806";"1.741638";"-82.03894";"-291.9446";"15.93518";"-70.06885";"-116.0806";"1.741638";"-82.03894";"-291.9446";"15.93518";"-70.06885"
"26951.93";"-115.973";"1.765625";"-82.03894";"-291.9446";"15.97601";"-70.07306";"-115.973";"1.765625";"-82.03894";"-291.9446";"15.97601";"-70.07306"
"26960.27";"-115.7508";"1.805725";"-82.03894";"-291.9446";"16.10742";"-70.08691";"-115.7508";"1.805725";"-82.03894";"-291.9446";"16.10742";"-70.08691"
"26968.61";"-115.4826";"1.855713";"-82.03894";"-291.9446";"16.30176";"-70.07288";"-115.4826";"1.855713";"-82.03894";"-291.9446";"16.30176";"-70.07288"
"26976.95";"-115.3594";"1.933411";"-82.03894";"-291.9446";"16.37903";"-70.08221";"-115.3594";"1.933411";"-82.03894";"-291.9446";"16.37903";"-70.08221"
"26985.29";"-115.1714";"1.974243";"-82.03894";"-291.9446";"16.52344";"-70.1463";"-115.1714";"1.974243";"-82.03894";"-291.9446";"16.52344";"-70.1463"
"26993.63";"-114.985";"2.068054";"-82.03894";"-291.9446";"16.70239";"-70.14319";"-114.985";"2.068054";"-82.03894";"-291.9446";"16.70239";"-70.14319"
"27001.97";"-114.8167";"2.088379";"-82.03894";"-291.9446";"16.85889";"-70.13104";"-114.8167";"2.088379";"-82.03894";"-291.9446";"16.85889";"-70.13104"
"27010.32";"-114.5908";"2.132202";"-82.03894";"-291.9446";"17.03375";"-70.13361";"-114.5908";"2.132202";"-82.03894";"-291.9446";"17.03375";"-70.13361"
"27018.66";"-114.3859";"2.269287";"-82.03894";"-291.9446";"17.04596";"-70.12512";"-114.3859";"2.269287";"-82.03894";"-291.9446";"17.04596";"-70.12512"
"27027";"-114.2457";"2.369263";"-82.03894";"-291.9446";"17.24738";"-70.14124";"-114.2457";"2.369263";"-82.03894";"-291.9446";"17.24738";"-70.14124"
"27035.34";"-114.0473";"2.406982";"-82.03894";"-291.9446";"17.32721";"-70.14581";"-114.0473";"2.406982";"-82.03894";"-291.9446";"17.32721";"-70.14581"
"27043.68";"-113.8016";"2.518005";"-82.03894";"-291.9446";"17.53644";"-70.22144";"-113.8016";"2.518005";"-82.03894";"-291.9446";"17.53644";"-70.22144"
"27052.03";"-113.543";"2.523926";"-82.03894";"-291.9446";"17.7655";"-70.21619";"-113.543";"2.523926";"-82.03894";"-291.9446";"17.7655";"-70.21619"
"27060.37";"-113.3757";"2.695496";"-82.03894";"-291.9446";"17.81323";"-70.21722";"-113.3757";"2.695496";"-82.03894";"-291.9446";"17.81323";"-70.21722"
"27068.71";"-113.2051";"2.729919";"-82.03894";"-291.9446";"17.89569";"-70.23822";"-113.2051";"2.729919";"-82.03894";"-291.9446";"17.89569";"-70.23822"
"27077.05";"-113.0181";"2.816345";"-82.03894";"-291.9446";"18.07947";"-70.21399";"-113.0181";"2.816345";"-82.03894";"-291.9446";"18.07947";"-70.21399"
"27085.39";"-112.7983";"2.854492";"-82.03894";"-291.9446";"18.23914";"-70.21423";"-112.7983";"2.854492";"-82.03894";"-291.9446";"18.23914";"-70.21423"
"27093.73";"-112.6347";"2.896118";"-82.03894";"-291.9446";"18.39404";"-70.22211";"-112.6347";"2.896118";"-82.03894";"-291.9446";"18.39404";"-70.22211"
"27102.07";"-112.4195";"2.961792";"-82.03894";"-291.9446";"18.51251";"-70.2951";"-112.4195";"2.961792";"-82.03894";"-291.9446";"18.51251";"-70.2951"
"27110.42";"-112.2485";"3.094788";"-82.03894";"-291.9446";"18.68762";"-70.28564";"-112.2485";"3.094788";"-82.03894";"-291.9446";"18.68762";"-70.28564"
"27118.76";"-112.0462";"3.102112";"-82.03894";"-291.9446";"18.75775";"-70.29669";"-112.0462";"3.102112";"-82.03894";"-291.9446";"18.75775";"-70.29669"
"27127.1";"-111.8336";"3.173523";"-82.03894";"-291.9446";"18.98096";"-70.27112";"-111.8336";"3.173523";"-82.03894";"-291.9446";"18.98096";"-70.27112"
"27135.44";"-111.6921";"3.231445";"-82.03894";"-291.9446";"19.02502";"-70.29163";"-111.6921";"3.231445";"-82.03894";"-291.9446";"19.02502";"-70.29163"
"27143.78";"-111.4886";"3.407471";"-82.03894";"-291.9446";"19.17059";"-70.30017";"-111.4886";"3.407471";"-82.03894";"-291.9446";"19.17059";"-70.30017"
"27152.13";"-111.2957";"3.418762";"-82.03894";"-291.9446";"19.31421";"-70.30206";"-111.2957";"3.418762";"-82.03894";"-291.9446";"19.31421";"-70.30206"
"27160.47";"-111.09";"3.541321";"-82.03894";"-291.9446";"19.44495";"-70.29059";"-111.09";"3.541321";"-82.03894";"-291.9446";"19.44495";"-70.29059"
"27168.81";"-110.8666";"3.582397";"-82.03894";"-291.9446";"19.56073";"-70.38031";"-110.8666";"3.582397";"-82.03894";"-291.9446";"19.56073";"-70.38031"
"27177.15";"-110.71";"3.684509";"-82.03894";"-291.9446";"19.74213";"-70.38635";"-110.71";"3.684509";"-82.03894";"-291.9446";"19.74213";"-70.38635"
"27185.49";"-110.4377";"3.717529";"-82.03894";"-291.9446";"19.91931";"-70.40002";"-110.4377";"3.717529";"-82.03894";"-291.9446";"19.91931";"-70.40002"
"27193.83";"-110.274";"3.784851";"-82.03894";"-291.9446";"20.03613";"-70.41168";"-110.274";"3.784851";"-82.03894";"-291.9446";"20.03613";"-70.41168"
"27202.18";"-110.0832";"3.802246";"-82.03894";"-291.9446";"20.1438";"-70.41772";"-110.0832";"3.802246";"-82.03894";"-291.9446";"20.1438";"-70.41772"
"27210.52";"-109.9431";"3.881042";"-82.03894";"-291.9446";"20.29639";"-70.40717";"-109.9431";"3.881042";"-82.03894";"-291.9446";"20.29639";"-70.40717"
"27218.86";"-109.7058";"3.907043";"-82.03894";"-291.9446";"20.46167";"-70.41827";"-109.7058";"3.907043";"-82.03894";"-291.9446";"20.46167";"-70.41827"
"27227.2";"-109.4525";"3.969421";"-82.03894";"-291.9446";"20.59424";"-70.4975";"-109.4525";"3.969421";"-82.03894";"-291.9446";"20.59424";"-70.4975"
"27235.54";"-109.2745";"4.017883";"-82.03894";"-291.9446";"21.00024";"-70.5108";"-109.2745";"4.017883";"-82.03894";"-291.9446";"21.00024";"-70.5108"
"27243.88";"-109.1694";"4.085022";"-82.03894";"-291.9446";"21.0589";"-70.52722";"-109.1694";"4.085022";"-82.03894";"-291.9446";"21.0589";"-70.52722"
"27252.22";"-108.9483";"4.125671";"-82.03894";"-291.9446";"21.13049";"-70.52368";"-108.9483";"4.125671";"-82.03894";"-291.9446";"21.13049";"-70.52368"
"27260.57";"-108.8547";"4.254517";"-82.03894";"-291.9446";"21.26617";"-70.53857";"-108.8547";"4.254517";"-82.03894";"-291.9446";"21.26617";"-70.53857"
"27268.91";"-108.5869";"4.265015";"-82.03894";"-291.9446";"21.31757";"-70.55054";"-108.5869";"4.265015";"-82.03894";"-291.9446";"21.31757";"-70.55054"
"27277.25";"-108.3917";"4.362976";"-82.03894";"-291.9446";"21.51941";"-70.60681";"-108.3917";"4.362976";"-82.03894";"-291.9446";"21.51941";"-70.60681"
"27285.59";"-108.2451";"4.445679";"-82.03894";"-291.9446";"21.75867";"-70.60315";"-108.2451";"4.445679";"-82.03894";"-291.9446";"21.75867";"-70.60315"
"27293.93";"-108.0276";"4.596008";"-82.03894";"-291.9446";"21.85449";"-70.61548";"-108.0276";"4.596008";"-82.03894";"-291.9446";"21.85449";"-70.61548"
"27302.28";"-107.764";"4.62616";"-82.03894";"-291.9446";"21.88995";"-70.62012";"-107.764";"4.62616";"-82.03894";"-291.9446";"21.88995";"-70.62012"
"27310.62";"-107.4992";"4.733459";"-82.03894";"-291.9446";"22.10858";"-70.61841";"-107.4992";"4.733459";"-82.03894";"-291.9446";"22.10858";"-70.61841"
"27318.96";"-107.2993";"4.75885";"-82.03894";"-291.9446";"22.16864";"-70.61444";"-107.2993";"4.75885";"-82.03894";"-291.9446";"22.16864";"-70.61444"
"27327.3";"-107.2028";"4.85675";"-82.03894";"-291.9446";"22.36255";"-70.63135";"-107.2028";"4.85675";"-82.03894";"-291.9446";"22.36255";"-70.63135"
"27335.64";"-106.9814";"4.871155";"-82.03894";"-291.9446";"22.51886";"-70.6911";"-106.9814";"4.871155";"-82.03894";"-291.9446";"22.51886";"-70.6911"
"27343.98";"-106.7877";"5.000305";"-82.03894";"-291.9446";"22.67529";"-70.69592";"-106.7877";"5.000305";"-82.03894";"-291.9446";"22.67529";"-70.69592"
"27352.32";"-106.4895";"5.017212";"-82.03894";"-291.9446";"22.8869";"-70.70313";"-106.4895";"5.017212";"-82.03894";"-291.9446";"22.8869";"-70.70313"
"27360.67";"-106.3234";"5.130676";"-82.03894";"-291.9446";"22.95435";"-70.72247";"-106.3234";"5.130676";"-82.03894";"-291.9446";"22.95435";"-70.72247"
"27369.01";"-106.1295";"5.134644";"-82.03894";"-291.9446";"23.16479";"-70.71216";"-106.1295";"5.134644";"-82.03894";"-291.9446";"23.16479";"-70.71216"
"27377.35";"-105.9905";"5.24408";"-82.03894";"-291.9446";"23.22137";"-70.72559";"-105.9905";"5.24408";"-82.03894";"-291.9446";"23.22137";"-70.72559"
"27385.69";"-105.7076";"5.277649";"-82.03894";"-291.9446";"23.44794";"-70.70337";"-105.7076";"5.277649";"-82.03894";"-291.9446";"23.44794";"-70.70337"
"27394.03";"-105.4917";"5.421326";"-82.03894";"-291.9446";"23.51825";"-70.78918";"-105.4917";"5.421326";"-82.03894";"-291.9446";"23.51825";"-70.78918"
"27402.38";"-105.3393";"5.558411";"-82.03894";"-291.9446";"23.64978";"-70.81299";"-105.3393";"5.558411";"-82.03894";"-291.9446";"23.64978";"-70.81299"
"27410.72";"-105.1409";"5.585876";"-82.03894";"-291.9446";"23.86884";"-70.81024";"-105.1409";"5.585876";"-82.03894";"-291.9446";"23.86884";"-70.81024"
"27419.06";"-104.8961";"5.604187";"-82.03894";"-291.9446";"23.92163";"-70.80524";"-104.8961";"5.604187";"-82.03894";"-291.9446";"23.92163";"-70.80524"
"27427.4";"-104.663";"5.694153";"-82.03894";"-291.9446";"24.12103";"-70.80695";"-104.663";"5.694153";"-82.03894";"-291.9446";"24.12103";"-70.80695"
"27435.74";"-104.4187";"5.744507";"-82.03894";"-291.9446";"24.33759";"-70.80402";"-104.4187";"5.744507";"-82.03894";"-291.9446";"24.33759";"-70.80402"
"27444.08";"-104.2856";"5.803345";"-82.03894";"-291.9446";"24.43097";"-70.81476";"-104.2856";"5.803345";"-82.03894";"-291.9446";"24.43097";"-70.81476"
"27452.43";"-104.0885";"5.856812";"-82.03894";"-291.9446";"24.6709";"-70.84418";"-104.0885";"5.856812";"-82.03894";"-291.9446";"24.6709";"-70.84418"
"27460.77";"-103.8788";"5.932251";"-82.03894";"-291.9446";"24.69775";"-70.86731";"-103.8788";"5.932251";"-82.03894";"-291.9446";"24.69775";"-70.86731"
"27469.11";"-103.6008";"5.948059";"-82.03894";"-291.9446";"24.94427";"-70.86377";"-103.6008";"5.948059";"-82.03894";"-291.9446";"24.94427";"-70.86377"
"27477.45";"-103.4014";"6.023376";"-82.03894";"-291.9446";"24.96167";"-70.90668";"-103.4014";"6.023376";"-82.03894";"-291.9446";"24.96167";"-70.90668"
"27485.79";"-103.2126";"6.064697";"-82.03894";"-291.9446";"25.07306";"-70.91772";"-103.2126";"6.064697";"-82.03894";"-291.9446";"25.07306";"-70.91772"
"27494.13";"-103.0827";"6.178406";"-82.03894";"-291.9446";"25.29028";"-70.91284";"-103.0827";"6.178406";"-82.03894";"-291.9446";"25.29028";"-70.91284"
"27502.47";"-102.8225";"6.250427";"-82.03894";"-291.9446";"25.38647";"-70.90466";"-102.8225";"6.250427";"-82.03894";"-291.9446";"25.38647";"-70.90466"
"27510.82";"-102.6033";"6.394165";"-82.03894";"-291.9446";"25.55566";"-70.95935";"-102.6033";"6.394165";"-82.03894";"-291.9446";"25.55566";"-70.95935"
"27519.16";"-102.3952";"6.439697";"-82.03894";"-291.9446";"25.80695";"-70.95563";"-102.3952";"6.439697";"-82.03894";"-291.9446";"25.80695";"-70.95563"
"27527.5";"-102.1929";"6.539551";"-82.03894";"-291.9446";"25.89008";"-70.96326";"-102.1929";"6.539551";"-82.03894";"-291.9446";"25.89008";"-70.96326"
"27535.84";"-101.9926";"6.569519";"-82.03894";"-291.9446";"26.09711";"-70.97894";"-101.9926";"6.569519";"-82.03894";"-291.9446";"26.09711";"-70.97894"
"27544.18";"-101.7374";"6.675964";"-82.03894";"-291.9446";"26.12823";"-70.99109";"-101.7374";"6.675964";"-82.03894";"-291.9446";"26.12823";"-70.99109"
"27552.53";"-101.5588";"6.723145";"-82.03894";"-291.9446";"26.33105";"-70.98029";"-101.5588";"6.723145";"-82.03894";"-291.9446";"26.33105";"-70.98029"
"27560.87";"-101.2939";"6.799805";"-82.03894";"-291.9446";"26.46332";"-70.99615";"-101.2939";"6.799805";"-82.03894";"-291.9446";"26.46332";"-70.99615"
"27569.21";"-101.2277";"6.858765";"-82.03894";"-291.9446";"26.58411";"-71.02362";"-101.2277";"6.858765";"-82.03894";"-291.9446";"26.58411";"-71.02362"
"27577.55";"-100.9646";"6.923157";"-82.03894";"-291.9446";"26.7572";"-71.03949";"-100.9646";"6.923157";"-82.03894";"-291.9446";"26.7572";"-71.03949"
"27585.89";"-100.6826";"6.949646";"-82.03894";"-291.9446";"26.96777";"-71.0473";"-100.6826";"6.949646";"-82.03894";"-291.9446";"26.96777";"-71.0473"
"27594.23";"-100.4373";"7.040161";"-82.03894";"-291.9446";"27.0368";"-71.05981";"-100.4373";"7.040161";"-82.03894";"-291.9446";"27.0368";"-71.05981"
"27602.57";"-100.2672";"7.091614";"-82.03894";"-291.9446";"27.31067";"-71.04968";"-100.2672";"7.091614";"-82.03894";"-291.9446";"27.31067";"-71.04968"
"27610.92";"-100.0939";"7.168213";"-82.03894";"-291.9446";"27.52258";"-71.08179";"-100.0939";"7.168213";"-82.03894";"-291.9446";"27.52258";"-71.08179"
"27619.26";"-99.86072";"7.252197";"-82.03894";"-291.9446";"27.58923";"-71.07294";"-99.86072";"7.252197";"-82.03894";"-291.9446";"27.58923";"-71.07294"
"27627.6";"-99.59039";"7.326965";"-82.03894";"-291.9446";"27.76471";"-71.09186";"-99.59039";"7.326965";"-82.03894";"-291.9446";"27.76471";"-71.09186"
"27635.94";"-99.37897";"7.381287";"-82.03894";"-291.9446";"27.95087";"-71.11951";"-99.37897";"7.381287";"-82.03894";"-291.9446";"27.95087";"-71.11951"
"27644.28";"-99.18341";"7.518005";"-82.03894";"-291.9446";"28.1087";"-71.07239";"-99.18341";"7.518005";"-82.03894";"-291.9446";"28.1087";"-71.07239"
"27652.63";"-99.00653";"7.581726";"-82.03894";"-291.9446";"28.21692";"-71.06012";"-99.00653";"7.581726";"-82.03894";"-291.9446";"28.21692";"-71.06012"
"27660.97";"-98.74097";"7.63678";"-82.03894";"-291.9446";"28.41473";"-71.09229";"-98.74097";"7.63678";"-82.03894";"-291.9446";"28.41473";"-71.09229"
"27669.31";"-98.46252";"7.704468";"-82.03894";"-291.9446";"28.66101";"-71.12213";"-98.46252";"7.704468";"-82.03894";"-291.9446";"28.66101";"-71.12213"
"27677.65";"-98.29523";"7.787476";"-82.03894";"-291.9446";"28.72156";"-71.14618";"-98.29523";"7.787476";"-82.03894";"-291.9446";"28.72156";"-71.14618"
"27685.99";"-98.12384";"7.827454";"-82.03894";"-291.9446";"28.92657";"-71.16791";"-98.12384";"7.827454";"-82.03894";"-291.9446";"28.92657";"-71.16791"
"27694.33";"-97.87738";"7.883484";"-82.03894";"-291.9446";"29.11835";"-71.16937";"-97.87738";"7.883484";"-82.03894";"-291.9446";"29.11835";"-71.16937"
"27702.68";"-97.61615";"7.922119";"-82.03894";"-291.9446";"29.22345";"-71.18732";"-97.61615";"7.922119";"-82.03894";"-291.9446";"29.22345";"-71.18732"
"27711.02";"-97.37952";"8.01532";"-82.03894";"-291.9446";"29.40698";"-71.17963";"-97.37952";"8.01532";"-82.03894";"-291.9446";"29.40698";"-71.17963"
"27719.36";"-97.21863";"8.056702";"-82.03894";"-291.9446";"29.09521";"-71.97833";"-97.21863";"8.056702";"-82.03894";"-291.9446";"29.09521";"-71.97833"
"27727.7";"-96.98956";"8.123535";"-82.03894";"-291.9446";"29.13837";"-72.01459";"-96.98956";"8.123535";"-82.03894";"-291.9446";"29.13837";"-72.01459"
"27736.04";"-96.72601";"8.156982";"-82.03894";"-291.9446";"29.39081";"-71.99805";"-96.72601";"8.156982";"-82.03894";"-291.9446";"29.39081";"-71.99805"
"27744.38";"-96.47791";"8.28009";"-82.03894";"-291.9446";"29.45081";"-72.01135";"-96.47791";"8.28009";"-82.03894";"-291.9446";"29.45081";"-72.01135"
"27752.72";"-96.33929";"8.386475";"-82.03894";"-291.9446";"29.60577";"-72.08252";"-96.33929";"8.386475";"-82.03894";"-291.9446";"29.60577";"-72.08252"
"27761.07";"-96.13275";"8.429749";"-82.03894";"-291.9446";"29.79181";"-72.0697";"-96.13275";"8.429749";"-82.03894";"-291.9446";"29.79181";"-72.0697"
"27769.41";"-95.86517";"8.516663";"-82.03894";"-291.9446";"30.01172";"-72.073";"-95.86517";"8.516663";"-82.03894";"-291.9446";"30.01172";"-72.073"
"27777.75";"-95.7049";"8.646912";"-82.03894";"-291.9446";"30.08551";"-72.06805";"-95.7049";"8.646912";"-82.03894";"-291.9446";"30.08551";"-72.06805"
"27786.09";"-95.43469";"8.705811";"-82.03894";"-291.9446";"30.19043";"-72.06891";"-95.43469";"8.705811";"-82.03894";"-291.9446";"30.19043";"-72.06891"
"27794.43";"-95.24738";"8.744934";"-82.03894";"-291.9446";"30.40826";"-72.06177";"-95.24738";"8.744934";"-82.03894";"-291.9446";"30.40826";"-72.06177"
"27802.78";"-95.03815";"8.791809";"-82.03894";"-291.9446";"30.61133";"-72.10071";"-95.03815";"8.791809";"-82.03894";"-291.9446";"30.61133";"-72.10071"
"27811.12";"-94.85516";"8.881958";"-82.03894";"-291.9446";"30.7113";"-72.10889";"-94.85516";"8.881958";"-82.03894";"-291.9446";"30.7113";"-72.10889"
"27819.46";"-94.52869";"8.913635";"-82.03894";"-291.9446";"30.87329";"-72.08771";"-94.52869";"8.913635";"-82.03894";"-291.9446";"30.87329";"-72.08771"
"27827.8";"-94.37097";"8.9776";"-82.03894";"-291.9446";"31.08936";"-72.06805";"-94.37097";"8.9776";"-82.03894";"-291.9446";"31.08936";"-72.06805"
"27836.14";"-94.18329";"9.041687";"-82.03894";"-291.9446";"31.19879";"-72.07269";"-94.18329";"9.041687";"-82.03894";"-291.9446";"31.19879";"-72.07269"
"27844.48";"-93.97968";"9.149048";"-82.03894";"-291.9446";"31.34851";"-72.06616";"-93.97968";"9.149048";"-82.03894";"-291.9446";"31.34851";"-72.06616"
"27852.82";"-93.70648";"9.158081";"-82.03894";"-291.9446";"31.59357";"-72.11902";"-93.70648";"9.158081";"-82.03894";"-291.9446";"31.59357";"-72.11902"
"27861.17";"-93.46851";"9.208252";"-82.03894";"-291.9446";"31.70605";"-72.11584";"-93.46851";"9.208252";"-82.03894";"-291.9446";"31.70605";"-72.11584"
"27869.51";"-93.29791";"9.294373";"-82.03894";"-291.9446";"31.90698";"-72.12469";"-93.29791";"9.294373";"-82.03894";"-291.9446";"31.90698";"-72.12469"
"27877.85";"-93.09454";"9.386475";"-82.03894";"-291.9446";"31.99103";"-72.12164";"-93.09454";"9.386475";"-82.03894";"-291.9446";"31.99103";"-72.12164"
"27886.19";"-92.85748";"9.404663";"-82.03894";"-291.9446";"32.20575";"-72.13055";"-92.85748";"9.404663";"-82.03894";"-291.9446";"32.20575";"-72.13055"
"27894.53";"-92.51752";"9.564148";"-82.03894";"-291.9446";"32.34589";"-72.11713";"-92.51752";"9.564148";"-82.03894";"-291.9446";"32.34589";"-72.11713"
"27902.88";"-92.32672";"9.621643";"-82.03894";"-291.9446";"32.54462";"-72.14856";"-92.32672";"9.621643";"-82.03894";"-291.9446";"32.54462";"-72.14856"
"27911.22";"-92.12427";"9.70636";"-82.03894";"-291.9446";"32.72742";"-72.16376";"-92.12427";"9.70636";"-82.03894";"-291.9446";"32.72742";"-72.16376"
"27919.56";"-91.86981";"9.733948";"-82.03894";"-291.9446";"32.79999";"-72.16278";"-91.86981";"9.733948";"-82.03894";"-291.9446";"32.79999";"-72.16278"
"27927.9";"-91.5697";"9.803711";"-82.03894";"-291.9446";"33.02917";"-72.10773";"-91.5697";"9.803711";"-82.03894";"-291.9446";"33.02917";"-72.10773"
"27936.24";"-91.34235";"9.860352";"-82.03894";"-291.9446";"33.2442";"-72.11438";"-91.34235";"9.860352";"-82.03894";"-291.9446";"33.2442";"-72.11438"
"27944.58";"-91.17017";"9.944092";"-82.03894";"-291.9446";"33.36743";"-72.09302";"-91.17017";"9.944092";"-82.03894";"-291.9446";"33.36743";"-72.09302"
"27952.93";"-90.94617";"9.97229";"-82.03894";"-291.9446";"33.50403";"-72.13007";"-90.94617";"9.97229";"-82.03894";"-291.9446";"33.50403";"-72.13007"
"27961.27";"-90.72125";"10.05536";"-82.03894";"-291.9446";"33.672";"-72.12738";"-90.72125";"10.05536";"-82.03894";"-291.9446";"33.672";"-72.12738"
"27969.61";"-90.42938";"10.11371";"-82.03894";"-291.9446";"33.86011";"-72.12177";"-90.42938";"10.11371";"-82.03894";"-291.9446";"33.86011";"-72.12177"
"27977.95";"-90.26257";"10.20789";"-82.03894";"-291.9446";"34.06158";"-72.09918";"-90.26257";"10.20789";"-82.03894";"-291.9446";"34.06158";"-72.09918"
"27986.29";"-90.0462";"10.24518";"-82.03894";"-291.9446";"34.16864";"-72.10089";"-90.0462";"10.24518";"-82.03894";"-291.9446";"34.16864";"-72.10089"
"27994.63";"-89.82599";"10.39447";"-82.03894";"-291.9446";"34.36627";"-72.09814";"-89.82599";"10.39447";"-82.03894";"-291.9446";"34.36627";"-72.09814"
"28002.97";"-89.52057";"10.42468";"-82.03894";"-291.9446";"34.47095";"-72.091";"-89.52057";"10.42468";"-82.03894";"-291.9446";"34.47095";"-72.091"
"28011.32";"-89.32819";"10.5235";"-82.03894";"-291.9446";"34.69543";"-72.94135";"-89.32819";"10.5235";"-82.03894";"-291.9446";"34.69543";"-72.94135"
"28019.66";"-89.12061";"10.60443";"-82.03894";"-291.9446";"35.11255";"-72.98846";"-89.12061";"10.60443";"-82.03894";"-291.9446";"35.11255";"-72.98846"
"28028";"-88.87903";"10.64905";"-82.03894";"-291.9446";"35.28986";"-72.99091";"-88.87903";"10.64905";"-82.03894";"-291.9446";"35.28986";"-72.99091"
"28036.34";"-88.60223";"10.70056";"-82.03894";"-291.9446";"35.5415";"-73.05994";"-88.60223";"10.70056";"-82.03894";"-291.9446";"35.5415";"-73.05994"
"28044.68";"-88.3606";"10.82184";"-82.03894";"-291.9446";"35.75818";"-73.00934";"-88.3606";"10.82184";"-82.03894";"-291.9446";"35.75818";"-73.00934"
"28053.03";"-88.15436";"10.83112";"-82.03894";"-291.9446";"35.80859";"-72.9939";"-88.15436";"10.83112";"-82.03894";"-291.9446";"35.80859";"-72.9939"
"28061.37";"-87.97974";"10.88715";"-82.03894";"-291.9446";"36.07764";"-72.96039";"-87.97974";"10.88715";"-82.03894";"-291.9446";"36.07764";"-72.96039"
"28069.71";"-87.70715";"10.93475";"-82.03894";"-291.9446";"36.16217";"-72.95367";"-87.70715";"10.93475";"-82.03894";"-291.9446";"36.16217";"-72.95367"
"28078.05";"-87.45068";"11.02997";"-82.03894";"-291.9446";"36.37518";"-72.94092";"-87.45068";"11.02997";"-82.03894";"-291.9446";"36.37518";"-72.94092"
"28086.39";"-87.24225";"11.0697";"-82.03894";"-291.9446";"36.57953";"-72.9928";"-87.24225";"11.0697";"-82.03894";"-291.9446";"36.57953";"-72.9928"
"28094.73";"-87.03796";"11.12909";"-82.03894";"-291.9446";"36.7038";"-73.02222";"-87.03796";"11.12909";"-82.03894";"-291.9446";"36.7038";"-73.02222"
"28103.07";"-86.7655";"11.16364";"-82.03894";"-291.9446";"36.93842";"-72.99762";"-86.7655";"11.16364";"-82.03894";"-291.9446";"36.93842";"-72.99762"
"28111.42";"-86.50623";"11.23444";"-82.03894";"-291.9446";"37.15619";"-72.97815";"-86.50623";"11.23444";"-82.03894";"-291.9446";"37.15619";"-72.97815"
"28119.76";"-86.31238";"11.31818";"-82.03894";"-291.9446";"37.21179";"-72.98193";"-86.31238";"11.31818";"-82.03894";"-291.9446";"37.21179";"-72.98193"
"28128.1";"-86.15448";"11.42102";"-82.03894";"-291.9446";"37.44257";"-72.95959";"-86.15448";"11.42102";"-82.03894";"-291.9446";"37.44257";"-72.95959"
"28136.44";"-85.93188";"11.48486";"-82.03894";"-291.9446";"37.52191";"-73.03357";"-85.93188";"11.48486";"-82.03894";"-291.9446";"37.52191";"-73.03357"
"28144.78";"-85.5517";"11.57019";"-82.03894";"-291.9446";"37.7804";"-73.00586";"-85.5517";"11.57019";"-82.03894";"-291.9446";"37.7804";"-73.00586"
"28153.13";"-85.34686";"11.66394";"-82.03894";"-291.9446";"37.85748";"-73.00189";"-85.34686";"11.66394";"-82.03894";"-291.9446";"37.85748";"-73.00189"
"28161.47";"-85.16748";"11.71332";"-82.03894";"-291.9446";"38.08368";"-73.00916";"-85.16748";"11.71332";"-82.03894";"-291.9446";"38.08368";"-73.00916"
"28169.81";"-84.96832";"11.7641";"-82.03894";"-291.9446";"38.17517";"-72.99591";"-84.96832";"11.7641";"-82.03894";"-291.9446";"38.17517";"-72.99591"
"28178.15";"-84.65881";"11.84009";"-82.03894";"-291.9446";"38.38635";"-72.96899";"-84.65881";"11.84009";"-82.03894";"-291.9446";"38.38635";"-72.96899"
"28186.49";"-84.39624";"11.88861";"-82.03894";"-291.9446";"38.66479";"-73.01563";"-84.39624";"11.88861";"-82.03894";"-291.9446";"38.66479";"-73.01563"
"28194.83";"-84.211";"11.96112";"-82.03894";"-291.9446";"38.72339";"-73.00122";"-84.211";"11.96112";"-82.03894";"-291.9446";"38.72339";"-73.00122"
"28203.18";"-84.00781";"12.01306";"-82.03894";"-291.9446";"38.97455";"-72.96387";"-84.00781";"12.01306";"-82.03894";"-291.9446";"38.97455";"-72.96387"
"28211.52";"-83.76343";"12.07184";"-82.03894";"-291.9446";"39.1723";"-72.93457";"-83.76343";"12.07184";"-82.03894";"-291.9446";"39.1723";"-72.93457"
"28219.86";"-83.46399";"12.13342";"-82.03894";"-291.9446";"39.22076";"-72.93829";"-83.46399";"12.13342";"-82.03894";"-291.9446";"39.22076";"-72.93829"
"28228.2";"-83.28729";"12.23358";"-82.03894";"-291.9446";"39.4574";"-72.9115";"-83.28729";"12.23358";"-82.03894";"-291.9446";"39.4574";"-72.9115"
"28236.54";"-83.10175";"12.29877";"-82.03894";"-291.9446";"39.74487";"-72.97168";"-83.10175";"12.29877";"-82.03894";"-291.9446";"39.74487";"-72.97168"
"28244.88";"-82.82758";"12.37152";"-82.03894";"-291.9446";"39.84094";"-72.96344";"-82.82758";"12.37152";"-82.03894";"-291.9446";"39.84094";"-72.96344"
"28253.22";"-82.50916";"12.41693";"-82.03894";"-291.9446";"40.06079";"-72.94208";"-82.50916";"12.41693";"-82.03894";"-291.9446";"40.06079";"-72.94208"
"28261.57";"-82.3266";"12.56165";"-82.03894";"-291.9446";"40.27405";"-72.8988";"-82.3266";"12.56165";"-82.03894";"-291.9446";"40.27405";"-72.8988"
"28269.91";"-82.1084";"12.60907";"-82.03894";"-291.9446";"40.32141";"-72.90051";"-82.1084";"12.60907";"-82.03894";"-291.9446";"40.32141";"-72.90051"
"28278.25";"-81.80823";"12.67285";"-82.03894";"-291.9446";"40.57886";"-72.97723";"-81.80823";"12.67285";"-82.03894";"-291.9446";"40.57886";"-72.97723"
"28286.59";"-81.48615";"12.71997";"-82.03894";"-291.9446";"40.82196";"-72.95654";"-81.48615";"12.71997";"-82.03894";"-291.9446";"40.82196";"-72.95654"
"28294.93";"-81.2973";"12.78741";"-82.03894";"-291.9446";"40.99231";"-72.9505";"-81.2973";"12.78741";"-82.03894";"-291.9446";"40.99231";"-72.9505"
"28303.28";"-81.10907";"12.83276";"-82.03894";"-291.9446";"41.06299";"-72.92889";"-81.10907";"12.83276";"-82.03894";"-291.9446";"41.06299";"-72.92889"
"28311.62";"-80.87274";"12.88831";"-82.03894";"-291.9446";"41.31482";"-72.92029";"-80.87274";"12.88831";"-82.03894";"-291.9446";"41.31482";"-72.92029"
"28319.96";"-80.55048";"12.93268";"-82.03894";"-291.9446";"41.55841";"-72.98322";"-80.55048";"12.93268";"-82.03894";"-291.9446";"41.55841";"-72.98322"
"28328.3";"-80.31354";"13.01837";"-82.03894";"-291.9446";"41.73376";"-72.99402";"-80.31354";"13.01837";"-82.03894";"-291.9446";"41.73376";"-72.99402"
"28336.64";"-80.12762";"13.07611";"-82.03894";"-291.9446";"41.84467";"-72.9892";"-80.12762";"13.07611";"-82.03894";"-291.9446";"41.84467";"-72.9892"
"28344.98";"-79.89886";"13.13586";"-82.03894";"-291.9446";"42.02234";"-72.93414";"-79.89886";"13.13586";"-82.03894";"-291.9446";"42.02234";"-72.93414"
"28353.32";"-79.58014";"13.17865";"-82.03894";"-291.9446";"42.21796";"-72.90692";"-79.58014";"13.17865";"-82.03894";"-291.9446";"42.21796";"-72.90692"
"28361.67";"-79.36536";"13.29712";"-82.03894";"-291.9446";"42.42639";"-72.90656";"-79.36536";"13.29712";"-82.03894";"-291.9446";"42.42639";"-72.90656"
"28370.01";"-79.18378";"13.36707";"-82.03894";"-291.9446";"42.4754";"-72.89374";"-79.18378";"13.36707";"-82.03894";"-291.9446";"42.4754";"-72.89374"
"28378.35";"-78.97186";"13.4826";"-82.03894";"-291.9446";"42.74854";"-72.95941";"-78.97186";"13.4826";"-82.03894";"-291.9446";"42.74854";"-72.95941"
"28386.69";"-78.66571";"13.52264";"-82.03894";"-291.9446";"42.94238";"-72.93347";"-78.66571";"13.52264";"-82.03894";"-291.9446";"42.94238";"-72.93347"
"28395.03";"-78.39716";"13.63147";"-82.03894";"-291.9446";"43.14508";"-72.92145";"-78.39716";"13.63147";"-82.03894";"-291.9446";"43.14508";"-72.92145"
"28403.38";"-78.24115";"13.73718";"-82.03894";"-291.9446";"43.19342";"-72.91583";"-78.24115";"13.73718";"-82.03894";"-291.9446";"43.19342";"-72.91583"
"28411.72";"-78.02698";"13.75397";"-82.03894";"-291.9446";"43.39276";"-72.89404";"-78.02698";"13.75397";"-82.03894";"-291.9446";"43.39276";"-72.89404"
"28420.06";"-77.75128";"13.80438";"-82.03894";"-291.9446";"43.58868";"-72.98285";"-77.75128";"13.80438";"-82.03894";"-291.9446";"43.58868";"-72.98285"
"28428.4";"-77.48291";"13.8941";"-82.03894";"-291.9446";"43.784";"-72.9585";"-77.48291";"13.8941";"-82.03894";"-291.9446";"43.784";"-72.9585"
"28436.74";"-77.2793";"13.91205";"-82.03894";"-291.9446";"43.98138";"-72.93219";"-77.2793";"13.91205";"-82.03894";"-291.9446";"43.98138";"-72.93219"
"28445.08";"-77.04907";"13.95105";"-82.03894";"-291.9446";"44.16132";"-72.92242";"-77.04907";"13.95105";"-82.03894";"-291.9446";"44.16132";"-72.92242"
"28453.43";"-76.76642";"13.98102";"-82.03894";"-291.9446";"44.28754";"-72.91949";"-76.76642";"13.98102";"-82.03894";"-291.9446";"44.28754";"-72.91949"
"28461.77";"-76.47296";"14.06036";"-82.03894";"-291.9446";"44.52216";"-72.94928";"-76.47296";"14.06036";"-82.03894";"-291.9446";"44.52216";"-72.94928"
"28470.11";"-76.29553";"14.07257";"-82.03894";"-291.9446";"44.20105";"-74.04559";"-76.29553";"14.07257";"-82.03894";"-291.9446";"44.20105";"-74.04559"
"28478.45";"-76.09204";"14.1535";"-82.03894";"-291.9446";"44.18994";"-73.96399";"-76.09204";"14.1535";"-82.03894";"-291.9446";"44.18994";"-73.96399"
"28486.79";"-75.84509";"14.15973";"-82.03894";"-291.9446";"44.44122";"-73.9151";"-75.84509";"14.15973";"-82.03894";"-291.9446";"44.44122";"-73.9151"
"28495.13";"-75.50372";"14.20435";"-82.03894";"-291.9446";"44.64496";"-74.0658";"-75.50372";"14.20435";"-82.03894";"-291.9446";"44.64496";"-74.0658"
"28503.47";"-75.3161";"14.25916";"-82.03894";"-291.9446";"44.79663";"-74.01636";"-75.3161";"14.25916";"-82.03894";"-291.9446";"44.79663";"-74.01636"
"28511.82";"-75.07446";"14.32086";"-82.03894";"-291.9446";"45.03754";"-73.97766";"-75.07446";"14.32086";"-82.03894";"-291.9446";"45.03754";"-73.97766"
"28520.16";"-74.84967";"14.35413";"-82.03894";"-291.9446";"45.19257";"-73.94727";"-74.84967";"14.35413";"-82.03894";"-291.9446";"45.19257";"-73.94727"
"28528.5";"-74.68988";"14.4726";"-82.03894";"-291.9446";"45.47937";"-73.91473";"-74.68988";"14.4726";"-82.03894";"-291.9446";"45.47937";"-73.91473"
"28536.84";"-74.36041";"14.53583";"-82.03894";"-291.9446";"45.58838";"-74.06451";"-74.36041";"14.53583";"-82.03894";"-291.9446";"45.58838";"-74.06451"
"28545.18";"-74.1496";"14.60193";"-82.03894";"-291.9446";"45.82635";"-74.03979";"-74.1496";"14.60193";"-82.03894";"-291.9446";"45.82635";"-74.03979"
"28553.53";"-73.90161";"14.59943";"-82.03894";"-291.9446";"45.97662";"-74.00031";"-73.90161";"14.59943";"-82.03894";"-291.9446";"45.97662";"-74.00031"
"28561.87";"-73.70465";"14.64246";"-82.03894";"-291.9446";"46.19354";"-73.95734";"-73.70465";"14.64246";"-82.03894";"-291.9446";"46.19354";"-73.95734"
"28570.21";"-73.39905";"14.6983";"-82.03894";"-291.9446";"46.38605";"-73.91174";"-73.39905";"14.6983";"-82.03894";"-291.9446";"46.38605";"-73.91174"
"28578.55";"-73.19196";"14.7348";"-82.03894";"-291.9446";"46.61456";"-74.05023";"-73.19196";"14.7348";"-82.03894";"-291.9446";"46.61456";"-74.05023"
"28586.89";"-72.96698";"14.75311";"-82.03894";"-291.9446";"46.83337";"-74.01349";"-72.96698";"14.75311";"-82.03894";"-291.9446";"46.83337";"-74.01349"
"28595.23";"-72.69629";"14.79834";"-82.03894";"-291.9446";"46.94781";"-73.99628";"-72.69629";"14.79834";"-82.03894";"-291.9446";"46.94781";"-73.99628"
"28603.57";"-72.41071";"14.87402";"-82.03894";"-291.9446";"47.18402";"-73.94385";"-72.41071";"14.87402";"-82.03894";"-291.9446";"47.18402";"-73.94385"
"28611.92";"-72.23602";"14.9386";"-82.03894";"-291.9446";"47.36469";"-73.89386";"-72.23602";"14.9386";"-82.03894";"-291.9446";"47.36469";"-73.89386"
"28620.26";"-72.01453";"14.95605";"-82.03894";"-291.9446";"47.51184";"-74.02948";"-72.01453";"14.95605";"-82.03894";"-291.9446";"47.51184";"-74.02948"
"28628.6";"-71.73364";"14.97888";"-82.03894";"-291.9446";"47.74414";"-73.99945";"-71.73364";"14.97888";"-82.03894";"-291.9446";"47.74414";"-73.99945"
"28636.94";"-71.44153";"15.03143";"-82.03894";"-291.9446";"47.9668";"-73.96686";"-71.44153";"15.03143";"-82.03894";"-291.9446";"47.9668";"-73.96686"
"28645.28";"-71.27411";"15.08051";"-82.03894";"-291.9446";"48.18085";"-73.90436";"-71.27411";"15.08051";"-82.03894";"-291.9446";"48.18085";"-73.90436"
"28653.63";"-71.04266";"15.10858";"-82.03894";"-291.9446";"48.35144";"-73.87354";"-71.04266";"15.10858";"-82.03894";"-291.9446";"48.35144";"-73.87354"
"28661.97";"-70.79279";"15.14429";"-82.03894";"-291.9446";"48.62207";"-74.03693";"-70.79279";"15.14429";"-82.03894";"-291.9446";"48.62207";"-74.03693"
"28670.31";"-70.47852";"15.23566";"-82.03894";"-291.9446";"48.73444";"-74.00208";"-70.47852";"15.23566";"-82.03894";"-291.9446";"48.73444";"-74.00208"
"28678.65";"-70.27509";"15.25616";"-82.03894";"-291.9446";"48.94617";"-73.974";"-70.27509";"15.25616";"-82.03894";"-291.9446";"48.94617";"-73.974"
"28686.99";"-70.06305";"15.29626";"-82.03894";"-291.9446";"49.21576";"-73.8963";"-70.06305";"15.29626";"-82.03894";"-291.9446";"49.21576";"-73.8963"
"28695.33";"-69.78156";"15.29779";"-82.03894";"-291.9446";"49.4201";"-73.89008";"-69.78156";"15.29779";"-82.03894";"-291.9446";"49.4201";"-73.89008"
"28703.68";"-69.46863";"15.39746";"-82.03894";"-291.9446";"49.56891";"-74.06696";"-69.46863";"15.39746";"-82.03894";"-291.9446";"49.56891";"-74.06696"
"28712.02";"-69.30536";"15.46472";"-82.03894";"-291.9446";"49.78644";"-74.03436";"-69.30536";"15.46472";"-82.03894";"-291.9446";"49.78644";"-74.03436"
"28720.36";"-69.06244";"15.51495";"-82.03894";"-291.9446";"49.9704";"-73.99371";"-69.06244";"15.51495";"-82.03894";"-291.9446";"49.9704";"-73.99371"
"28728.7";"-68.82446";"15.54724";"-82.03894";"-291.9446";"50.203";"-73.94263";"-68.82446";"15.54724";"-82.03894";"-291.9446";"50.203";"-73.94263"
"28737.04";"-68.48895";"15.57666";"-82.03894";"-291.9446";"50.32501";"-73.91235";"-68.48895";"15.57666";"-82.03894";"-291.9446";"50.32501";"-73.91235"
"28745.38";"-68.31323";"15.65955";"-82.03894";"-291.9446";"50.50873";"-74.10016";"-68.31323";"15.65955";"-82.03894";"-291.9446";"50.50873";"-74.10016"
"28753.72";"-68.13666";"15.67206";"-82.03894";"-291.9446";"50.76923";"-74.04144";"-68.13666";"15.67206";"-82.03894";"-291.9446";"50.76923";"-74.04144"
"28762.07";"-68.04364";"15.68738";"-82.03894";"-291.9446";"50.87415";"-74.00562";"-68.04364";"15.68738";"-82.03894";"-291.9446";"50.87415";"-74.00562"
"28770.41";"-68.02698";"15.69037";"-82.03894";"-291.9446";"50.87988";"-74.00067";"-68.02698";"15.69037";"-82.03894";"-291.9446";"50.87988";"-74.00067"
"28778.75";"-67.96442";"15.71155";"-82.03894";"-291.9446";"50.93884";"-73.96985";"-67.96442";"15.71155";"-82.03894";"-291.9446";"50.93884";"-73.96985"
"28787.09";"-67.9198";"15.72699";"-82.03894";"-291.9446";"50.94049";"-73.96289";"-67.9198";"15.72699";"-82.03894";"-291.9446";"50.94049";"-73.96289"
"28795.43";"-67.94415";"15.72327";"-82.03894";"-291.9446";"50.96155";"-73.98413";"-67.94415";"15.72327";"-82.03894";"-291.9446";"50.96155";"-73.98413"
"28803.78";"-67.91394";"15.72925";"-82.03894";"-291.9446";"50.96216";"-73.95709";"-67.91394";"15.72925";"-82.03894";"-291.9446";"50.96216";"-73.95709"
"28812.12";"-67.92871";"15.7403";"-82.03894";"-291.9446";"50.9494";"-73.96277";"-67.92871";"15.7403";"-82.03894";"-291.9446";"50.9494";"-73.96277"
"28820.46";"-67.92468";"15.7395";"-82.03894";"-291.9446";"50.95587";"-73.95496";"-67.92468";"15.7395";"-82.03894";"-291.9446";"50.95587";"-73.95496"
"28828.8";"-67.93408";"15.72821";"-82.03894";"-291.9446";"50.93835";"-73.97205";"-67.93408";"15.72821";"-82.03894";"-291.9446";"50.93835";"-73.97205"
"28837.14";"-67.9325";"15.72345";"-82.03894";"-291.9446";"50.94666";"-73.98407";"-67.9325";"15.72345";"-82.03894";"-291.9446";"50.94666";"-73.98407"
"28845.48";"-67.93225";"15.70966";"-82.03894";"-291.9446";"50.92023";"-73.98322";"-67.93225";"15.70966";"-82.03894";"-291.9446";"50.92023";"-73.98322"
"28853.82";"-67.94531";"15.72064";"-82.03894";"-291.9446";"50.9389";"-73.99731";"-67.94531";"15.72064";"-82.03894";"-291.9446";"50.9389";"-73.99731"
