frame,t_s,cadera_y_mm,cadera_z_mm,rodilla_y_mm,rodilla_z_mm,tobillo_y_mm,tobillo_z_mm,Force_Fx1_N_Nm,Force_Fy1_N_Nm,Force_Fz1_N_Nm,Moment_Mx1_N_Nm,Moment_My1_N_Nm,Moment_Mz1_N_Nm,Force_Fx2_N_Nm,Force_Fy2_N_Nm,Force_Fz2_N_Nm,Moment_Mx2_N_Nm,Moment_My2_N_Nm,Moment_Mz2_N_Nm,Force_Fx3_N_Nm,Force_Fy3_N_Nm,Force_Fz3_N_Nm,Moment_Mx3_N_Nm,Moment_My3_N_Nm,Moment_Mz3_N_Nm,Force_Fx4_N_Nm,Force_Fy4_N_Nm,Force_Fz4_N_Nm,Moment_Mx4_N_Nm,Moment_My4_N_Nm,Moment_Mz4_N_Nm,Force_Fx5_N_Nm,Force_Fy5_N_Nm,Force_Fz5_N_Nm,Moment_Mx5_N_Nm,Moment_My5_N_Nm,Moment_Mz5_N_Nm
338,3.38,-2057.3208,896.73254,-1881.13,464.945,-1883.4012,10.507216,-1.1944591733143103e-22,-1.1344259054830177e-22,1.235340768913815e-21,1.5688382073182822e-19,-2.2852150299888995e-19,-4.899598512462162e-21,-1.4888505975774092e-14,-1.742572777833082e-14,1.3556317391338542e-13,1.1385615800857397e-11,6.02468324794464e-13,1.2616200076830119e-12,0.1691202461719513,0.2871614575386047,1.2418139815330504,-22.287562370300293,33.8410831451416,17.6978702545166,0.0,0.0,0.0,0.0,0.0,0.0,0.0,0.0,0.0,0.0,0.0,0.0
340,3.4,-2032.0587,902.6734,-1866.55,465.974,-1885.6981,11.154093,-2.390530614235824e-22,-9.213432406293362e-23,1.6070474836151417e-21,2.1005019156671434e-19,-2.777332396474337e-19,1.502055278116215e-20,-2.184718758576872e-14,-3.880757240353697e-14,2.440779850909798e-13,1.8580750479890718e-11,5.239904593123263e-13,1.7569440043455064e-12,0.16737000644207,0.3150694251060486,1.3217519402503968,-24.03562355041504,42.021325302124026,18.656336402893068,0.0,0.0,0.0,0.0,0.0,0.0,0.0,0.0,0.0,0.0,0.0,0.0
341,3.41,-2018.5997,905.68695,-1861.51,465.866,-1884.9912,11.514421,-2.8257058461969653e-22,-1.229069488642604e-23,1.2798826677539482e-21,1.7385573288690198e-19,-1.9965273806207592e-19,3.553512383798015e-20,-2.013068361908076e-14,-4.868861085518313e-14,2.690076433093866e-13,1.8951059298222273e-11,1.3111419891828233e-13,1.5267529970310057e-12,0.17237922847270964,0.32992095649242403,1.3240515351295472,-24.058593368530275,45.92398338317871,19.541862297058106,0.0,0.0,0.0,0.0,0.0,0.0,0.0,0.0,0.0,0.0,0.0,0.0
342,3.42,-2005.281,908.6267,-1857.3,465.586,-1884.3032,11.800016,-2.8012574942659045e-22,1.4668292096144052e-22,2.498020624476396e-22,4.996114277530212e-20,1.3598892729665677e-20,6.446399168579057e-20,-1.059442753574639e-14,-5.2898502838814e-14,2.3461165058217757e-13,1.3834148236691046e-11,-6.728820707005076e-13,6.091230127171394e-13,0.18118748515844346,0.33909050524234774,1.3145455121994019,-24.417317581176757,48.913566970825194,21.010957527160645,0.0,0.0,0.0,0.0,0.0,0.0,0.0,0.0,0.0,0.0,0.0,0.0
343,3.43,-1992.6516,911.1651,-1853.72,465.207,-1883.491,12.087168,-1.890990264642655e-22,4.1049607573752005e-22,-1.829252066446788e-21,-2.0623420060585409e-19,4.2389766688774814e-19,1.0083765290608144e-19,1.1203674448377296e-14,-4.4789071065799886e-14,9.550069915919505e-14,-3.720691777679003e-13,-2.028333024543111e-12,-1.3620319038202752e-12,0.19379684031009675,0.34157553911209104,1.3029825806617736,-25.810693740844727,50.94800643920898,22.698708724975585,0.0,0.0,0.0,0.0,0.0,0.0,0.0,0.0,0.0,0.0,0.0,0.0
344,3.44,-1980.7406,913.46106,-1850.42,465.101,-1883.5375,12.320642,4.606513150349677e-23,7.968300916815248e-22,-5.3068264548518546e-21,-6.406716115732363e-19,1.090821204538729e-18,1.4047881939450712e-19,5.012103132160349e-14,-1.5232749551722087e-14,-2.0429551266291056e-13,-2.7869427252080747e-11,-4.038160192516848e-12,-4.7737849697554454e-12,0.2080744445323944,0.34208488166332246,1.2991426587104797,-28.257139205932617,52.442745971679685,24.490906524658204,0.0,0.0,0.0,0.0,0.0,0.0,0.0,0.0,0.0,0.0,0.0,0.0
345,3.45,-1969.4572,915.45233,-1847.4,465.048,-1883.0901,12.717031,4.889550858007767e-22,1.3023166097209855e-21,-1.0431593768834412e-20,-1.2877491424546305e-18,2.0511311444985483e-18,1.7426195870078734e-19,1.1032626702944977e-13,4.6905937436985325e-14,-7.240749612304892e-13,-7.273133414975597e-11,-6.700868809481064e-12,-9.934788235133052e-12,0.21911923885345458,0.3439907044172287,1.3025574564933777,-30.260000801086427,54.08949851989746,26.434323692321776,0.0,0.0,0.0,0.0,0.0,0.0,0.0,0.0,0.0,0.0,0.0,0.0
346,3.46,-1958.5859,917.272,-1844.19,465.052,-1883.0424,12.951403,1.1991878718996465e-21,1.883711378174776e-21,-1.717957536317903e-20,-2.1488340064803133e-18,3.2859202240103513e-18,1.8625439090983846e-19,1.933653717288604e-13,1.5323556971382455e-13,-1.5113405861001683e-12,-1.37527061960796e-10,-9.812474877773925e-12,-1.690620811747867e-11,0.22353566586971282,0.34795448184013367,1.303696084022522,-31.655326652526856,55.79227981567383,28.185183906555174,0.0,0.0,0.0,0.0,0.0,0.0,0.0,0.0,0.0,0.0,0.0,0.0
347,3.47,-1948.0916,919.1818,-1841.24,465.181,-1881.9796,13.419308,2.2103003684891915e-21,2.433583921188208e-21,-2.500423673013155e-20,-3.160672940394334e-18,4.673903318403098e-18,1.5219975800182128e-19,2.9521069291361943e-13,3.1270900853561794e-13,-2.576039468543678e-12,-2.2111101005695133e-10,-1.2838250428026665e-11,-2.5249350353584443e-11,0.22155237644910813,0.35368850231170657,1.2965872526168822,-33.717767333984376,56.88286590576172,29.23923053741455,0.0,0.0,0.0,0.0,0.0,0.0,0.0,0.0,0.0,0.0,0.0,0.0
348,3.48,-1937.9384,920.90186,-1838.26,465.128,-1881.953,13.629252,3.494810077794608e-21,2.7528353085398467e-21,-3.2511703897414535e-20,-4.153893000317248e-18,5.9321632342057865e-18,3.913400595958261e-20,4.022418330492869e-13,5.263599262396792e-13,-3.852059860323665e-12,-3.1547006396071e-10,-1.4765304343772322e-11,-3.3689070630393836e-11,0.21606095731258393,0.3579455018043518,1.2836224675178527,-36.790104675292966,56.754869842529295,29.272080612182616,0.0,0.0,0.0,0.0,0.0,0.0,0.0,0.0,0.0,0.0,0.0,0.0
349,3.49,-1927.4742,922.77795,-1835.26,465.094,-1882.3575,13.974126,4.915097829384714e-21,2.5255142016448407e-21,-3.7090458457507825e-20,-4.8050266656160234e-18,6.550759750109789e-18,-1.926792423142662e-19,4.86388316775499e-13,7.795115518783452e-13,-5.145819577737076e-12,-4.0171088677709577e-10,-1.3963320864146534e-11,-3.971719030049225e-11,0.20979413837194444,0.35712927877902984,1.2674951910972596,-40.245523834228514,54.592340087890626,28.21665096282959,0.0,0.0,0.0,0.0,0.0,0.0,0.0,0.0,0.0,0.0,0.0,0.0
350,3.5,-1917.3955,924.5742,-1832.29,465.147,-1882.7603,14.200222,6.161861930246143e-21,1.3058580398273505e-21,-3.4566626041679685e-20,-4.590723524929868e-18,5.735554438079844e-18,-5.839011127043497e-19,5.001390144046547e-13,1.0314716637239985e-12,-6.07559814090608e-12,-4.4561173639934284e-10,-8.104037189579638e-12,-3.9201424398283005e-11,0.204846553504467,0.35053115487098696,1.2426189661026001,-43.65449981689453,50.19695053100586,26.225154685974122,0.0,0.0,0.0,0.0,0.0,0.0,0.0,0.0,0.0,0.0,0.0,0.0
351,3.51,-1907.0844,926.1507,-1829.64,465.039,-1883.4385,14.497022,6.687370985091432e-21,-1.4669155400275176e-21,-1.9015136640695935e-20,-2.7603136878685776e-18,2.384607885293126e-18,-1.164467022839128e-18,3.728297916704912e-13,1.2035156725376251e-12,-6.011565203967173e-12,-3.9369756898999244e-10,5.780304593262439e-12,-2.6125462036785674e-11,0.20289356708526612,0.33928160965442655,1.2074798464775085,-46.66892013549805,43.99847640991211,23.695576858520507,0.0,0.0,0.0,0.0,0.0,0.0,0.0,0.0,0.0,0.0,0.0,0.0
352,3.52,-1896.7733,927.5347,-1827.48,465.032,-1883.4408,14.877957,5.649161209808677e-21,-6.404434058516061e-21,1.7067948970248262e-20,1.6475044238631616e-18,-4.862892959076693e-18,-1.9342457366370103e-18,1.0558573171072618e-14,1.1672435045427531e-12,-4.035629838118615e-12,-1.7154111824589647e-10,3.098638342441395e-11,7.335937461877898e-12,0.20252659916877747,0.32542106211185456,1.1656325578689575,-48.947628784179685,37.33327980041504,21.09288101196289,0.0,0.0,0.0,0.0,0.0,0.0,0.0,0.0,0.0,0.0,0.0,0.0
353,3.53,-1886.5715,928.766,-1825.26,465.052,-1883.2273,15.264918,1.89137982056596e-21,-1.402877712076042e-20,8.194423346914198e-20,9.70736186587605e-18,-1.7451812309481006e-17,-2.8347075514463025e-18,-6.968226207637249e-13,7.372483049397638e-13,1.0478192559492185e-12,3.130860234262789e-10,7.043487043612018e-11,7.011389906164123e-11,0.20178948491811752,0.31357771456241607,1.1269928216934204,-49.56826553344727,32.03286647796631,18.880496215820312,0.0,0.0,0.0,0.0,0.0,0.0,0.0,0.0,0.0,0.0,0.0,0.0
354,3.54,-1876.1841,929.7564,-1823.3,464.99,-1882.4119,15.66916,-5.994959339294104e-21,-2.452718309162018e-20,1.8280350066925293e-19,2.2383192385307668e-17,-3.654538093502174e-17,-3.7118417045889845e-18,-1.857114158634876e-12,-3.255750015965968e-13,1.0605563259200034e-11,1.1586065939983569e-09,1.2541605462490502e-10,1.7053833761826455e-10,0.20010520219802858,0.3089896559715271,1.102846384048462,-47.55945358276367,29.487829399108886,17.601033020019532,0.0,0.0,0.0,0.0,0.0,0.0,0.0,0.0,0.0,0.0,0.0,0.0
355,3.55,-1866.0602,930.6494,-1821.15,464.861,-1883.1711,15.819567,-1.947689737373595e-20,-3.737840519861636e-20,3.2253792989076595e-19,4.012688852609975e-17,-6.240117497370317e-17,-4.273490578310982e-18,-3.5403523212032552e-12,-2.2910614811549877e-12,2.591613017938199e-11,2.445170088627435e-09,1.9365397202486535e-10,3.1320511462151757e-10,0.19751138985157013,0.3131360590457916,1.0946231007575988,-43.46517333984375,28.927559471130373,17.269784355163573,0.0,0.0,0.0,0.0,0.0,0.0,0.0,0.0,0.0,0.0,0.0,0.0
356,3.56,-1855.9833,931.3485,-1818.89,464.829,-1883.1711,15.981102,-3.9682486098727274e-20,-5.084468908230371e-20,4.947959246504305e-19,6.225594753530174e-17,-9.343715930892101e-17,-4.0489655532052026e-18,-5.721603182559653e-12,-5.405668968005983e-12,4.769274315752359e-11,4.192723856988323e-09,2.6664206120852183e-10,4.940369252581789e-10,0.1948786571621895,0.32367869317531583,1.1024354696273804,-38.773508071899414,28.291028022766113,18.07037220001221,0.0,0.0,0.0,0.0,0.0,0.0,0.0,0.0,0.0,0.0,0.0,0.0
357,3.57,-1845.822,931.8557,-1816.78,464.725,-1883.8138,16.303268,-6.673347672613373e-20,-6.135900931344653e-20,6.772153576064568e-19,8.609318314764573e-17,-1.2498299362004263e-16,-2.365542019701102e-18,-8.199022884236574e-12,-9.794512943750444e-12,7.533021359473757e-11,6.298061272502764e-09,3.263835035571816e-10,6.933546403686819e-10,0.19201714396476746,0.3363473504781723,1.1297813773155212,-35.595892333984374,26.1426721572876,20.125463485717773,0.0,0.0,0.0,0.0,0.0,0.0,0.0,0.0,0.0,0.0,0.0,0.0
358,3.58,-1836.0195,932.1961,-1814.8,464.734,-1883.8456,16.525885,-9.875822230499513e-20,-6.289747736485506e-20,8.232024735125917e-19,1.0590898955306806e-16,-1.4780410733303668e-16,1.6350019740603953e-18,-1.0489081565118185e-11,-1.5308326654916993e-11,1.0584719489781236e-10,8.450390165393173e-09,3.419785482572379e-10,8.67215504962715e-10,0.18619775921106338,0.34731983840465547,1.167658805847168,-34.10658836364746,22.24620704650879,22.684149169921874,0.0,0.0,0.0,0.0,0.0,0.0,0.0,0.0,0.0,0.0,0.0,0.0
359,3.59,-1826.0677,932.28766,-1812.9,464.639,-1883.5819,16.679852,-1.305870420778377e-19,-4.6516181860667e-20,8.534158399221563e-19,1.1180553132952904e-16,-1.4663883219609813e-16,8.907110614473054e-18,-1.1709668824855246e-11,-2.1310513943773036e-11,1.325621445946723e-10,1.0031167096968829e-08,2.669652943154688e-10,9.38050354060138e-10,0.17657816112041474,0.3539108633995056,1.1981088280677796,-32.8063663482666,18.11608009338379,24.706644439697264,0.0,0.0,0.0,0.0,0.0,0.0,0.0,0.0,0.0,0.0,0.0,0.0
360,3.6,-1816.1014,932.1652,-1811.01,464.4,-1883.4403,16.939068,-1.5223222225592456e-19,-3.5030734424773637e-22,6.492999764867469e-19,8.883184183644386e-17,-9.921122872388739e-17,2.0298296389949197e-17,-1.0475652463537433e-11,-2.641333887720698e-11,1.436594329606855e-10,1.0014189211204893e-08,3.8944045080771536e-11,7.868222240414724e-10,0.16377661675214766,0.3573491215705872,1.2132824182510376,-30.710819435119628,14.835149765014648,25.978215217590332,0.0,0.0,0.0,0.0,0.0,0.0,0.0,0.0,0.0,0.0,0.0,0.0
361,3.61,-1806.2085,931.9562,-1809.02,464.251,-1883.3812,16.95279,-1.4741753995237723e-19,8.948799205488974e-20,5.2594424555154556e-20,1.682000212095887e-17,2.3527211503404485e-17,3.618721090260567e-17,-4.8507990376214786e-12,-2.8196518730982945e-11,1.2098361201751118e-10,6.896959714453032e-09,-4.1624424740316357e-10,2.5055717015054493e-10,0.15050822496414185,0.35920721888542173,1.2129765391349792,-27.83710823059082,12.989371013641357,27.100368309020997,0.0,0.0,0.0,0.0,0.0,0.0,0.0,0.0,0.0,0.0,0.0,0.0
362,3.62,-1796.0651,931.5661,-1806.69,464.073,-1883.0284,16.912035,-9.265692970575091e-20,2.365413667119428e-19,-1.123392087392858e-18,-1.283263057856215e-16,2.548420078398265e-16,5.59245840423457e-17,7.575938639446666e-12,-2.297826685870863e-11,3.9648441908096685e-11,-1.2860169623651885e-09,-1.1727746385137294e-09,-8.689238301107238e-10,0.14119918942451476,0.3592574715614319,1.1948631882667542,-24.55908832550049,13.064655876159668,28.30228042602539,0.0,0.0,0.0,0.0,0.0,0.0,0.0,0.0,0.0,0.0,0.0,0.0
363,3.63,-1786.5621,930.9676,-1804.73,463.911,-1882.8326,16.997845,4.231569485404126e-20,4.495105752627802e-19,-3.06311199158641e-18,-3.7091757254629634e-16,6.259498014867635e-16,7.706317797869343e-17,2.939591296075017e-11,-5.7588155760995155e-12,-1.3065001649992247e-10,-1.6794804214015358e-08,-2.2820084044639087e-09,-2.777189211933262e-09,0.13819680511951446,0.3586626201868057,1.1561951398849488,-21.889247322082518,16.26642427444458,29.124186325073243,0.0,0.0,0.0,0.0,0.0,0.0,0.0,0.0,0.0,0.0,0.0,0.0
364,3.64,-1776.3557,930.2444,-1802.45,463.595,-1882.6406,16.870321,2.916229114040123e-19,7.250057123268292e-19,-5.889857454008038e-18,-7.281932136089412e-16,1.1544705858337109e-15,9.441488943993664e-17,6.275282897483248e-11,2.948344641345857e-11,-4.2141264922079815e-10,-4.1765930980375285e-08,-3.735146925087918e-09,-5.630858446181719e-09,0.14441051334142685,0.3618190437555313,1.1006393551826477,-20.690311431884766,22.55655117034912,29.60951328277588,0.0,0.0,0.0,0.0,0.0,0.0,0.0,0.0,0.0,0.0,0.0,0.0
365,3.65,-1766.1464,929.4528,-1799.8,463.22,-1882.7467,16.732874,6.863737048932485e-19,1.0371808630902592e-18,-9.570074286020318e-18,-1.1983395233148426e-15,1.8261704129238902e-15,9.90621125439902e-17,1.0826008145503607e-10,8.890166207364825e-11,-8.567649145696521e-10,-7.743779519842065e-08,-5.409169823167303e-09,-9.443173532019954e-09,0.16040071547031404,0.37099694907665254,1.0321273982524872,-21.63080177307129,31.358154296875,29.900032234191894,0.0,0.0,0.0,0.0,0.0,0.0,0.0,0.0,0.0,0.0,0.0,0.0
366,3.66,-1756.1837,928.4697,-1797.21,462.855,-1882.1211,16.593887,1.242238502672333e-18,1.3245036928820207e-18,-1.3775687746754179e-17,-1.7430687833863353e-15,2.569286467709101e-15,7.758495622990249e-17,1.6336777486358757e-10,1.7700955007304843e-10,-1.4390667768537923e-09,-1.229217467368926e-07,-6.996939561076942e-09,-1.3944624921435889e-08,0.18331527709960938,0.38636172413825987,0.9523839056491852,-24.51535415649414,42.04493713378906,29.985182189941405,0.0,0.0,0.0,0.0,0.0,0.0,0.0,0.0,0.0,0.0,0.0,0.0
367,3.67,-1746.2845,927.50397,-1794.11,462.595,-1881.5294,16.563822,1.940054374674238e-18,1.4750307637307587e-18,-1.7707219130139717e-17,-2.2649923378035404e-15,3.222341458503878e-15,1.194575599811496e-17,2.2016298367733e-10,2.937441900829896e-10,-2.1276467476738502e-09,-1.7346854974675807e-07,-7.928053058492423e-09,-1.83991302193931e-08,0.20963670760393144,0.40471729040145876,0.8595038414001465,-28.05805377960205,53.18517379760742,29.6839750289917,0.0,0.0,0.0,0.0,0.0,0.0,0.0,0.0,0.0,0.0,0.0,0.0
368,3.68,-1736.1842,926.3449,-1790.64,462.293,-1881.1154,16.572693,2.6988562466471768e-18,1.3133142036011051e-18,-1.9895173723452295e-17,-2.581844175844443e-15,3.4992173860167007e-15,-1.1931316186627548e-16,2.6274600828379845e-10,4.3016665229878015e-10,-2.8107214111727786e-09,-2.1828808627333274e-07,-7.2960844033076455e-09,-2.1390465221315936e-08,0.2364052265882492,0.41946299076080323,0.7648172736167907,-31.140228080749512,62.7683765411377,28.96855239868164,0.0,0.0,0.0,0.0,0.0,0.0,0.0,0.0,0.0,0.0,0.0,0.0
369,3.69,-1725.8901,925.23175,-1786.64,461.774,-1880.714,16.54643,3.3424933808495374e-18,5.945111193146716e-19,-1.8020362578528204e-17,-2.402522345767966e-15,2.9596579068354798e-15,-3.376880862137059e-16,2.645905133880078e-10,5.62839186368791e-10,-3.27271829636544e-09,-2.381720136668264e-07,-3.820664928877448e-09,-2.0616618812141496e-08,0.25805119425058365,0.42460225224494935,0.7038212954998017,-33.01353530883789,68.06091766357422,28.13541946411133,0.0,0.0,0.0,0.0,0.0,0.0,0.0,0.0,0.0,0.0,0.0,0.0
370,3.7,-1715.5295,923.6794,-1782.14,461.165,-1880.5248,16.581898,3.564059022557301e-18,-9.856933451351941e-19,-8.826361036280474e-18,-1.3140397240472477e-15,9.994086541928131e-16,-6.581298245856177e-16,1.8668541712507647e-10,6.473618807678605e-10,-3.162728146044458e-09,-2.0346579532315445e-07,4.111052773203561e-09,-1.2762900158946877e-08,0.2673606604337692,0.4158304750919342,0.729133689403534,-32.23230381011963,65.89297676086426,27.233740997314452,0.0,0.0,0.0,0.0,0.0,0.0,0.0,0.0,0.0,0.0,0.0,0.0
371,3.71,-1705.0458,922.1528,-1777.06,460.56,-1879.7576,16.68379,2.8970253535625776e-18,-3.7534816457526586e-18,1.1761976505748486e-17,1.2062978839056246e-15,-3.118438256204798e-15,-1.0782623751187073e-15,-2.2231498690165927e-11,6.122662155050307e-10,-1.9748696233889972e-09,-7.334438303363556e-08,1.8261408651909506e-08,6.432793703270434e-09,0.25719629526138305,0.3871260344982147,0.9090381264686584,-27.20747776031494,51.34346694946289,25.955669975280763,0.0,0.0,0.0,0.0,0.0,0.0,0.0,0.0,0.0,0.0,0.0,0.0
372,3.72,-1694.4242,920.84467,-1770.81,459.705,-1880.1785,16.71457,7.083005620418947e-19,-7.9770801429935e-18,4.815602302096412e-17,5.733435322780598e-15,-1.0161665718675783e-14,-1.5627642574481896e-15,-4.2144636530627724e-10,3.554830332874737e-10,9.421465961556575e-10,2.0215546285839993e-07,4.01405220173956e-08,4.1761337321588596e-08,0.21686599850654603,0.32969408929347993,1.3379836440086366,-15.176372718811034,18.14093165397644,24.321011352539063,0.0,0.0,0.0,0.0,0.0,0.0,0.0,0.0,0.0,0.0,0.0,0.0
373,3.73,-1683.9563,919.07104,-1764.61,458.785,-1879.8724,17.075888,-3.7639662117155565e-18,-1.3729458276679815e-17,1.0406201700622332e-16,1.2766798895998394e-14,-2.0721600738733084e-14,-2.0231580786153332e-15,-1.0675817063710014e-09,-2.5309800730927143e-10,6.3216440970848e-09,6.753703274853251e-07,7.030319366663207e-08,9.756583878584024e-08,0.12911806032061576,0.23638616502285004,2.1282063841819765,9.186705762147904,-40.1737060546875,22.809252166748045,0.0,0.0,0.0,0.0,0.0,0.0,0.0,0.0,0.0,0.0,0.0,0.0
374,3.74,-1673.3641,917.2414,-1757.62,457.788,-1879.6534,17.623623,-1.1297249077163088e-17,-2.068160080158606e-17,1.8067418964517324e-16,2.2505216481084715e-14,-3.486448038229157e-14,-2.294899144171135e-15,-1.9946439278051288e-09,-1.358017343022766e-09,1.4830539107890672e-08,1.3871309079149796e-06,1.0727654284892196e-07,1.7598147366015838e-07,-0.026817074744030833,0.10298727340996265,3.384019064903259,51.30880165100098,-129.12863159179688,21.864596557617187,0.0,0.0,0.0,0.0,0.0,0.0,0.0,0.0,0.0,0.0,0.0,0.0
375,3.75,-1663.0352,915.6735,-1749.94,456.699,-1879.5283,18.276405,-2.2459937375359725e-17,-2.782450540325357e-17,2.739364981927238e-16,3.4502024650359504e-14,-5.161554777338706e-14,-2.1162724952102933e-15,-3.182208252461294e-09,-3.087346089891696e-09,2.6801274621846006e-08,2.343329197174171e-06,1.4610020855343463e-07,2.741943774253741e-07,-0.26916072368621824,-0.0686144514940679,5.160685396194458,114.83661346435547,-249.2396728515625,22.358621025085448,0.0,0.0,0.0,0.0,0.0,0.0,0.0,0.0,0.0,0.0,0.0,0.0
376,3.76,-1652.0809,913.9631,-1742.12,455.407,-1879.555,19.302883,-3.7238976676295005e-17,-3.313827047946624e-17,3.708373982308608e-16,4.719350520728145e-14,-6.827693927813697e-14,-1.1173022110079308e-15,-4.5103448531591536e-09,-5.497700517054227e-09,4.1813805040646915e-08,3.480133659650164e-06,1.7656309694302764e-07,3.806380959758826e-07,-0.6039129316806793,-0.2626702308654785,7.411535215377808,199.0856475830078,-391.497998046875,26.02135009765625,0.0,0.0,0.0,0.0,0.0,0.0,0.0,0.0,0.0,0.0,0.0,0.0
377,3.77,-1640.9143,912.185,-1734.11,454.228,-1879.4862,20.593761,-5.4495208664664686e-17,-3.326025877486638e-17,4.44966336289746e-16,5.732639840258513e-14,-7.963254553921932e-14,1.1684621910468347e-15,-5.702657546180489e-09,-8.48937675712591e-09,5.8114879664117326e-08,4.617853710442432e-06,1.8139340056677612e-07,4.7029648726493177e-07,-1.0164794683456422,-0.44108625054359435,9.891966533660888,295.83531951904297,-532.7867370605469,34.72047080993652,0.0,0.0,0.0,0.0,0.0,0.0,0.0,0.0,0.0,0.0,0.0,0.0
378,3.78,-1629.5656,910.4534,-1725.84,452.991,-1879.7279,22.128506,-7.125156051961755e-17,-2.3253669450919068e-17,4.52003806299868e-16,5.936548588868565e-14,-7.71781869370134e-14,5.25132367213706e-15,-6.263760310432076e-09,-1.1689546308701892e-08,7.189993240785953e-08,5.40695191375562e-06,1.3491519510466787e-07,4.997164410269761e-07,-1.4549553871154786,-0.5330608129501343,12.045015621185303,386.74140625,-627.554345703125,50.341557312011716,0.0,0.0,0.0,0.0,0.0,0.0,0.0,0.0,0.0,0.0,0.0,0.0
379,3.79,-1618.2833,908.8124,-1716.97,451.827,-1879.1615,23.946716,-8.187560427119711e-17,3.3574671283750645e-18,3.2647138475858885e-16,4.504502782061437e-14,-4.8637970482211765e-14,1.1569652587996348e-14,-5.4251986014719474e-09,-1.4309346862972917e-08,7.654910945120719e-08,5.275418789096875e-06,3.0257523153665034e-09,4.029930153137684e-07,-1.806298851966858,-0.42502048015594485,12.885360145568848,437.8271911621094,-601.3824340820313,74.45233573913575,0.0,0.0,0.0,0.0,0.0,0.0,0.0,0.0,0.0,0.0,0.0,0.0
380,3.8,-1606.6461,907.2364,-1707.86,450.624,-1878.84,26.025122,-7.73085098222093e-17,5.40462120503207e-17,-1.8068633199482102e-17,3.337800964236409e-15,2.181410508347528e-14,2.0286996603826375e-14,-2.124440892647961e-09,-1.4994250108202323e-08,6.200943900580568e-08,3.3950093779822056e-06,-2.5425336218631857e-07,9.088005263890863e-08,-1.875490391254425,0.04087911080569029,10.907445621490478,394.99810485839845,-348.3991195678711,108.55314712524414,0.0,0.0,0.0,0.0,0.0,0.0,0.0,0.0,0.0,0.0,0.0,0.0
381,3.81,-1594.64,905.36395,-1698.49,449.26,-1878.9438,28.458227,-4.4621727755964306e-17,1.3592203502807176e-16,-6.821697578292176e-16,-7.875454845554519e-14,1.5203001279217274e-13,3.098237219214964e-14,4.945382492405059e-09,-1.1707444258490796e-08,1.4651336943671822e-08,-1.3054686391456017e-06,-6.760080680123792e-07,-5.43748824100021e-07,-1.373674613237381,1.0587983667850493,4.053827324509621,181.83862342834473,266.54378547668455,152.82189178466797,0.0,0.0,0.0,0.0,0.0,0.0,0.0,0.0,0.0,0.0,0.0,0.0
382,3.82,-1582.1053,903.6563,-1688.95,448.134,-1878.4109,31.436272,3.2652880916699646e-17,2.5319808629579535e-16,-1.7628527307650292e-15,-2.140582334867261e-13,3.5830133619189213e-13,4.222832715829791e-14,1.716355297887162e-08,-1.713307475059711e-09,-8.190875515623474e-08,-1.0039497055913671e-05,-1.287551572204393e-06,-1.6097797583825013e-06,0.0797506257891655,2.8398273944854737,-10.162739205360413,-297.74283084869387,1395.558367919922,204.57741088867186,0.0,0.0,0.0,0.0,0.0,0.0,0.0,0.0,0.0,0.0,0.0,0.0
383,3.83,-1569.5886,902.0268,-1678.74,447.086,-1877.8702,34.882126,1.7279122193501392e-16,4.031604931354401e-16,-3.3203907949286595e-15,-4.111146346312891e-13,6.48869282957043e-13,5.108081892310403e-14,3.56252945366009e-08,1.8239494092853192e-08,-2.4436125585225453e-07,-2.3923388471303043e-05,-2.0796315880033943e-06,-3.1859834507486085e-06,2.931007945537567,5.560876178741455,-34.310257530212404,-1146.7369506835937,3175.88076171875,256.5661682128906,0.0,0.0,0.0,0.0,0.0,0.0,0.0,0.0,0.0,0.0,0.0,0.0
384,3.84,-1556.039,900.1728,-1667.98,445.882,-1877.4453,38.791496,3.919541678339269e-16,5.704674890803817e-16,-5.325069388667806e-15,-6.67506241253113e-13,1.0137897574376275e-12,5.255481108894927e-14,6.053641001813049e-08,5.140329548680711e-08,-4.848525975376105e-07,-4.35407771874452e-05,-2.978662519126374e-06,-5.268337463348871e-06,7.619425201416016,9.271374368667603,-70.33430328369141,-2449.32841796875,5673.343408203125,294.3074523925781,0.0,0.0,0.0,0.0,0.0,0.0,0.0,0.0,0.0,0.0,0.0,0.0
385,3.85,-1542.6147,898.7157,-1656.62,444.859,-1876.3325,43.33636,6.972143335218749e-16,7.199581316556303e-16,-7.581420952793993e-15,-9.602596929420005e-13,1.4108351856570445e-12,3.923359185952326e-14,9.031059278186149e-08,1.0003069945696552e-07,-8.029563332456746e-07,-6.826020980952308e-05,-3.8086797303549246e-06,-7.693135330555378e-06,14.43868055343628,13.761975860595703,-118.34247817993165,-4231.5892578125,8794.093994140625,293.53053588867186,0.0,0.0,0.0,0.0,0.0,0.0,0.0,0.0,0.0,0.0,0.0,0.0
386,3.86,-1528.6847,897.0066,-1644.64,443.724,-1875.5541,48.79622,1.0758017444069335e-15,7.887789551090673e-16,-9.632012374515995e-15,-1.2335241877416137e-12,1.7480359607718876e-12,1.2583777918523919e-15,1.203668503535482e-07,1.6373741402730956e-07,-1.17394012022487e-06,-9.528300724923611e-05,-4.2489245061005935e-06,-1.0036721414508066e-05,23.35960750579834,18.396183013916016,-175.0351135253906,-6406.89677734375,12179.20009765625,215.6085006713867,0.0,0.0,0.0,0.0,0.0,0.0,0.0,0.0,0.0,0.0,0.0,0.0
387,3.87,-1514.4044,895.8225,-1631.12,442.501,-1873.9806,55.14491,1.4803121221866773e-15,6.796098177983342e-16,-1.0651124300169743e-14,-1.3847472756130242e-12,1.8650665213615357e-12,-7.293980008741055e-14,1.417144702031692e-07,2.3713229069244335e-07,-1.5334465274463583e-06,-0.00011846010311273858,-3.795998281930224e-06,-1.1500668824737658e-05,34.05148811340332,22.068797492980956,-234.16184844970704,-8795.426953125,15254.29150390625,2.221785068511963,0.0,0.0,0.0,0.0,0.0,0.0,0.0,0.0,0.0,0.0,0.0,0.0
388,3.88,-1500.6171,895.24316,-1616.5,441.633,-1871.5892,62.707478,1.8106243513748112e-15,2.581126766731387e-16,-9.351526392581974e-15,-1.2521895196085376e-12,1.5181188446102001e-12,-1.9469082108199837e-13,1.395607412746358e-07,3.067529831923821e-07,-1.759921894972649e-06,-0.00012702425883617252,-1.7465524237536556e-06,-1.080402853403939e-05,46.07510070800781,23.68724670410156,-290.8911560058594,-11271.90361328125,17572.53671875,-403.11012115478513,0.0,0.0,0.0,0.0,0.0,0.0,0.0,0.0,0.0,0.0,0.0,0.0
389,3.89,-1486.2917,894.88104,-1600.66,440.781,-1868.2032,71.459915,1.8949895634872564e-15,-6.406263281289489e-16,-3.9454209654653995e-15,-6.088864506451249e-13,3.7621378621178084e-13,-3.7137045283582027e-13,9.239189253662517e-08,3.475957953469333e-07,-1.6580800206611456e-06,-0.00010454830335220322,2.774771286340183e-06,-6.122512218098564e-06,58.83694953918457,22.67981662750244,-343.3405517578125,-13802.0150390625,18936.879296875,-1018.5107482910156,0.0,0.0,0.0,0.0,0.0,0.0,0.0,0.0,0.0,0.0,0.0,0.0
390,3.9,-1471.9911,895.0745,-1583.49,439.939,-1863.4692,81.24322,1.4753358036215583e-15,-2.190158554512487e-15,7.777303028731031e-15,8.289995265299837e-13,-1.9591211302977946e-12,-6.003973034886257e-13,-2.7743363972820846e-08,3.199253711727579e-07,-9.494693529177312e-07,-2.8663454600064142e-05,1.0708061836339766e-05,4.862376188441431e-06,71.84351806640625,19.13343734741211,-392.0755279541016,-16411.20966796875,19362.2509765625,-1820.4117797851563,0.0,0.0,0.0,0.0,0.0,0.0,0.0,0.0,0.0,0.0,0.0,0.0
391,3.91,-1457.6821,895.37463,-1564.69,439.113,-1856.5027,91.87144,2.0529214081895744e-16,-4.527372277766983e-15,2.8166902946331897e-14,3.3684297972430554e-12,-5.894818704346716e-12,-8.606319433154818e-13,-2.52699965130887e-07,1.67611162993353e-07,7.202466857592071e-07,0.00012765825049427805,2.2829688168712893e-05,2.4715636300243204e-05,84.8410270690918,13.689871120452882,-438.5724609375,-19121.034375,19001.694921875,-2758.8734130859375,0.0,0.0,0.0,0.0,0.0,0.0,0.0,0.0,0.0,0.0,0.0,0.0
392,3.92,-1443.3171,895.3135,-1544.41,437.758,-1848.2072,103.19721,-2.326458310648497e-15,-7.675736207998274e-15,5.91221844837295e-14,7.266770041605697e-12,-1.1728924862591805e-11,-1.1013750024838065e-12,-6.121093434785507e-07,-1.8005660535891365e-07,3.7437682294694243e-06,0.0003921763302059844,3.935868990083691e-05,5.5691401576041245e-05,97.2727035522461,7.285050630569458,-483.6531127929687,-21890.923828125,18086.088671875,-3756.7524658203124,0.0,0.0,0.0,0.0,0.0,0.0,0.0,0.0,0.0,0.0,0.0,0.0
393,3.93,-1428.9518,895.5844,-1522.85,436.294,-1837.025,115.07263,-6.53078453607416e-15,-1.1431041575408812e-14,1.010796847156041e-13,1.260572436365126e-11,-1.94560532615351e-11,-1.230087765587834e-12,-1.1221551233120408e-06,-8.003469531558949e-07,8.467414818369435e-06,0.0007855227217078209,5.936339912295807e-05,9.874535098788328e-05,108.1187614440918,0.7925133347511292,-527.3650115966797,-24638.5953125,16880.346875,-4717.573974609375,0.0,0.0,0.0,0.0,0.0,0.0,0.0,0.0,0.0,0.0,0.0,0.0
394,3.94,-1414.8893,896.02515,-1500.07,434.689,-1824.1715,126.845894,-1.2691142760182587e-14,-1.520944896177441e-14,1.5149935478223423e-13,1.9100409621997105e-11,-2.8482713756994293e-11,-1.1014107811554985e-12,-1.767898754678754e-06,-1.7594801192899468e-06,1.504069650763995e-05,0.0013081213459372521,7.996250569703988e-05,0.00015201507339952515,116.54984436035156,-5.264956974983216,-569.5252319335938,-27291.4416015625,15628.067578125,-5555.965673828125,0.0,0.0,0.0,0.0,0.0,0.0,0.0,0.0,0.0,0.0,0.0,0.0
395,3.95,-1401.0928,896.4419,-1476.69,433.101,-1808.52,137.26917,-2.0756043300654108e-14,-1.786906245123147e-14,2.0283797970248317e-13,2.5841161849227134e-11,-3.725512710828216e-11,-5.120884171891902e-13,-2.4785117375358824e-06,-3.0818062896287302e-06,2.3184546807897278e-05,0.001920988375786692,9.53726688749157e-05,0.00020873438188573346,122.16542129516601,-10.65168571472168,-609.6268798828125,-29786.2068359375,14509.9095703125,-6211.716162109375,0.0,0.0,0.0,0.0,0.0,0.0,0.0,0.0,0.0,0.0,0.0,0.0
396,3.96,-1388.119,896.8985,-1452.74,431.131,-1793.4957,145.9052,-3.0038835087148764e-14,-1.7535005192921993e-14,2.401511688078159e-13,3.098412394708649e-11,-4.283159348028587e-11,7.910654621049069e-13,-3.096349541920063e-06,-4.702795422417694e-06,3.1872845102043354e-05,0.00252055125311017,9.595122683094814e-05,0.0002546897245338187,124.81484146118164,-15.236201858520507,-646.7636657714844,-32058.8796875,13633.3419921875,-6651.548095703125,0.0,0.0,0.0,0.0,0.0,0.0,0.0,0.0,0.0,0.0,0.0,0.0
397,3.97,-1375.6327,897.158,-1428.87,429.568,-1778.2609,153.23969,-3.882981548873187e-14,-1.1485177695705145e-14,2.3871182808221647e-13,3.143757719425988e-11,-4.047876582535803e-11,3.0803064309317673e-12,-3.343579055581358e-06,-6.405039721357753e-06,3.894348665198777e-05,0.0029095985228195786,6.752410954504739e-05,0.00026557007513474675,124.58470153808594,-18.92019100189209,-679.8198974609375,-34047.648828125,13038.14697265625,-6867.6236328125,0.0,0.0,0.0,0.0,0.0,0.0,0.0,0.0,0.0,0.0,0.0,0.0
398,3.98,-1363.1039,897.4734,-1404.91,428.39,-1761.5037,160.61066,-4.395738567792348e-14,3.810857332394963e-15,1.6239435740150048e-13,2.2636599539271883e-11,-2.3438803415515297e-11,6.581103674171973e-12,-2.794331794575555e-06,-7.740948376522283e-06,4.069230635650456e-05,0.002769655641168356,-8.524805468823616e-06,0.00020492583134910092,121.77481155395508,-21.661915588378907,-707.7462097167969,-35702.982421875,12709.49453125,-6870.814306640625,0.0,0.0,0.0,0.0,0.0,0.0,0.0,0.0,0.0,0.0,0.0,0.0
399,3.99,-1350.4867,897.7957,-1381.02,428.01,-1744.9481,167.73479,-4.0385339319134845e-14,3.2367340856425275e-14,-3.595545856424523e-14,-1.4411967387724377e-12,1.6899785466439192e-11,1.1358548736989382e-11,-8.661710197088723e-07,-7.953386466397206e-06,3.155874383082846e-05,0.0016446400142740459,-0.00015371193949249574,2.3940220216900343e-05,116.81383590698242,-23.504025268554688,-729.6549438476562,-36991.4234375,12589.9611328125,-6687.9388671875,0.0,0.0,0.0,0.0,0.0,0.0,0.0,0.0,0.0,0.0,0.0,0.0
400,4.0,-1337.8595,898.1938,-1357.23,429.019,-1726.14,173.84494,-2.1004405134547035e-14,7.790252817829746e-14,-4.1040477223239224e-13,-4.779619373895816e-11,9.009908201462747e-11,1.71459679787489e-11,3.1482717929520732e-06,-5.9167607105337085e-06,4.086622561771947e-06,-0.001048525029909797,-0.0003885641315719113,-0.0003352061292389408,110.18846130371094,-24.573708915710448,-744.8884887695312,-37896.486328125,12593.27822265625,-6358.298388671875,0.0,0.0,0.0,0.0,0.0,0.0,0.0,0.0,0.0,0.0,0.0,0.0
401,4.01,-1325.9233,899.167,-1333.17,430.953,-1705.7166,178.12233,2.3134456685287227e-14,1.4241421830338796e-13,-1.0118051362029145e-12,-1.2317363656810799e-10,2.046238053998728e-10,2.3113979827349417e-11,9.981329412767082e-06,-1.359887917828928e-07,-5.056825284555089e-05,-0.005960170784965158,-0.0007253628107719123,-0.0009300230361986905,102.39584655761719,-25.057826805114747,-753.1481018066406,-38423.0703125,12623.02109375,-5926.715869140625,0.0,0.0,0.0,0.0,0.0,0.0,0.0,0.0,0.0,0.0,0.0,0.0
402,4.02,-1313.8274,900.4649,-1308.8,433.364,-1683.8568,180.802,1.01799969007884e-13,2.2394092602431166e-13,-1.8690965333627295e-12,-2.3174542007620147e-10,3.641988127744966e-10,2.7594937272723553e-11,2.0188307735224954e-05,1.114170472646947e-05,-0.00014122401407803408,-0.013671053387224675,-0.001156580779934302,-0.0017997062299400569,93.8971321105957,-25.159911918640137,-754.5763000488281,-38599.7515625,12591.56484375,-5436.8498046875,0.0,0.0,0.0,0.0,0.0,0.0,0.0,0.0,0.0,0.0,0.0,0.0
403,4.03,-1301.814,902.45447,-1284.43,436.31,-1660.479,181.59824,2.2334541578379955e-13,3.134298376394895e-13,-2.959717432075848e-12,-3.713968715901572e-10,5.621889787033041e-10,2.7805508243106124e-11,3.380941034265561e-05,2.9630131029989572e-05,-0.0002739322793786414,-0.024447835609316827,-0.0016385079710744322,-0.0029357836116105317,85.08367080688477,-25.057913398742677,-749.7445251464844,-38472.723828125,12434.37431640625,-4925.350341796875,0.0,0.0,0.0,0.0,0.0,0.0,0.0,0.0,0.0,0.0,0.0,0.0
404,4.04,-1290.0106,904.33105,-1260.45,438.884,-1635.6439,180.61147,3.908002448125419e-13,3.908331666115095e-13,-4.167953785924605e-12,-5.284457177401336e-10,7.738667096024443e-10,1.9651077119708925e-11,4.9871272130985746e-05,5.643953954859171e-05,-0.00044750370434485374,-0.0378645621240139,-0.0020705693052150307,-0.004239742970094084,76.26904678344727,-24.880183601379393,-739.562744140625,-38097.242578125,12113.5296875,-4418.48271484375,0.0,0.0,0.0,0.0,0.0,0.0,0.0,0.0,0.0,0.0,0.0,0.0
405,4.05,-1278.5443,906.76483,-1236.33,442.122,-1609.4332,177.6766,5.959132113545623e-13,4.209071920212651e-13,-5.232673842836544e-12,-6.709401978444163e-10,9.469545036999705e-10,-2.2505588457297566e-12,6.573029349965509e-05,9.116512082982809e-05,-0.0006470413471106439,-0.05228026024997234,-0.002272639889270067,-0.005468405084684491,67.69784851074219,-24.698154830932616,-725.175,-37535.47421875,11614.280859375,-3931.3364990234377,0.0,0.0,0.0,0.0,0.0,0.0,0.0,0.0,0.0,0.0,0.0,0.0
406,4.06,-1266.9248,909.17004,-1212.78,445.306,-1582.5049,172.98671,8.110485861471256e-13,3.497271157566761e-13,-5.690529124302568e-12,-7.412597591294201e-10,9.917283438909409e-10,-4.412658571872896e-11,7.631070984643884e-05,0.00013058199619990772,-0.0008355934754945338,-0.06419777832925319,-0.0019654538366012273,-0.006172304833307862,59.56117553710938,-24.5324125289917,-707.8277282714844,-36854.857421875,10935.21884765625,-3469.2352783203123,0.0,0.0,0.0,0.0,0.0,0.0,0.0,0.0,0.0,0.0,0.0,0.0
407,4.07,-1255.5035,911.636,-1189.78,448.473,-1554.9952,167.5257,9.794053588974005e-13,1.0366674271805208e-13,-4.827837435383841e-12,-6.496388871291004e-10,7.73314628998989e-10,-1.1192864829423498e-10,7.33727305487264e-05,0.00016697727551218122,-0.0009447221586015075,-0.067589271068573,-0.0007630586114828475,-0.005639457795768976,52.00531692504883,-24.35810604095459,-688.7695068359375,-36121.016015625,10077.98369140625,-3031.0044921875,0.0,0.0,0.0,0.0,0.0,0.0,0.0,0.0,0.0,0.0,0.0,0.0
408,4.08,-1244.1144,914.0893,-1167.36,451.837,-1526.4836,161.38225,1.004989277561541e-12,-4.065169940037014e-13,-1.6641583605397046e-12,-2.7148009448113575e-10,1.1062419921076261e-10,-2.092398296293929e-10,4.506454570218921e-05,0.0001862903780420311,-0.0008658692124299705,-0.053364606201648714,0.0018089912133291363,-0.0028669147926848383,45.12816467285156,-24.10212345123291,-669.1849426269531,-35391.809375,9042.10498046875,-2611.89794921875,0.0,0.0,0.0,0.0,0.0,0.0,0.0,0.0,0.0,0.0,0.0,0.0
409,4.09,-1233.054,916.26984,-1145.65,455.558,-1496.5071,154.48398,7.451928722528034e-13,-1.2729352402880701e-12,4.99747143624038e-12,5.471412350965821e-10,-1.2114863057188786e-09,-3.339360066245689e-10,-2.3835972595520615e-05,0.00016645351861370726,-0.0004459308707737364,-0.009281250671483577,0.006251017656177282,0.0034049149486236273,38.968845748901366,-23.650798797607422,-650.1578247070313,-34716.0015625,7825.327490234375,-2204.59853515625,0.0,0.0,0.0,0.0,0.0,0.0,0.0,0.0,0.0,0.0,0.0,0.0
410,4.1,-1222.0746,918.3908,-1124.75,459.533,-1465.8759,146.72002,1.0730017457096776e-14,-2.5649048857045997e-12,1.640621249965335e-11,1.969744622964953e-09,-3.408088633527484e-09,-4.73454406235696e-10,-0.00015041347869555467,7.663219839741942e-05,0.0005076237062894507,0.07925995793193578,0.012959546875208616,0.014546505361795425,33.49850559234619,-22.885393142700195,-632.6330871582031,-34132.78671875,6431.21748046875,-1799.68525390625,0.0,0.0,0.0,0.0,0.0,0.0,0.0,0.0,0.0,0.0,0.0,0.0
411,4.11,-1211.3303,920.1839,-1104.36,463.74,-1434.0747,138.1369,-1.4201151322598692e-12,-4.286089972521667e-12,3.352795506506023e-11,4.1281372986645696e-09,-6.627876514286868e-09,-5.988123386035937e-10,-0.0003501109080389142,-0.00012155086415077676,0.002204661350697279,0.22694233506917955,0.022007237188518047,0.03172176294028759,28.624697303771974,-21.732778358459473,-617.3633544921875,-33670.615234375,4876.0970703125,-1387.2109497070312,0.0,0.0,0.0,0.0,0.0,0.0,0.0,0.0,0.0,0.0,0.0,0.0
412,4.12,-1200.3379,921.8112,-1084.27,467.881,-1401.3668,128.88742,-3.763805066225867e-12,-6.311419659468798e-12,5.6480529975200257e-11,7.051893780030127e-09,-1.0844731246351103e-08,-6.580387956756084e-10,-0.0006304240261670202,-0.0004693138733273372,0.004824107582680881,0.4440904796123505,0.03281488064676523,0.05533463396131992,24.210738563537596,-20.203338623046875,-604.8709533691406,-33348.065625,3187.312109375,-958.7714294433594,0.0,0.0,0.0,0.0,0.0,0.0,0.0,0.0,0.0,0.0,0.0,0.0
413,4.13,-1189.8258,923.0328,-1064.88,471.628,-1367.9192,119.11781,-7.159924216015856e-12,-8.304127524505488e-12,8.369714435407793e-11,1.0562775276667934e-08,-1.5700804834040127e-08,-5.704876793188874e-10,-0.0009810935007408261,-0.0010007021657656879,0.00842964299954474,0.7293773114681243,0.04371465817093849,0.08418755903840065,20.1009822845459,-18.401661109924316,-595.4377563476562,-33174.925390625,1395.8249267578126,-509.2360473632813,0.0,0.0,0.0,0.0,0.0,0.0,0.0,0.0,0.0,0.0,0.0,0.0
414,4.14,-1179.1346,924.0207,-1046.42,475.551,-1333.8828,109.5183,-1.1555643074367961e-11,-9.619704165186872e-12,1.1081923018130268e-10,1.4133522086012817e-08,-2.0303698455848006e-08,-2.2461648305216463e-10,-0.0013605099986307323,-0.0017253340221941472,0.012841338478028774,1.059237688779831,0.05143653340637684,0.11433901563286782,16.14337339401245,-16.50934705734253,-589.137060546875,-33154.75390625,-471.29608619213104,-37.012270545959474,0.0,0.0,0.0,0.0,0.0,0.0,0.0,0.0,0.0,0.0,0.0,0.0
415,4.15,-1168.2816,924.8511,-1028.21,478.96,-1299.46,100.06926,-1.654041582518917e-11,-9.213993457102276e-12,1.2940436638908538e-10,1.6720885298582288e-08,-2.299686610029994e-08,5.16815562567885e-10,-0.0016789456945843994,-0.0026023877086117863,0.01746118804439902,1.3741413235664368,0.050603440031409264,0.13772816061973572,12.216888046264648,-14.74062967300415,-585.8608642578125,-33287.79375,-2398.53798828125,456.17939910888674,0.0,0.0,0.0,0.0,0.0,0.0,0.0,0.0,0.0,0.0,0.0,0.0
416,4.16,-1157.5557,925.3535,-1011.26,481.828,-1265.2292,91.294174,-2.1134864344740657e-11,-5.587651652136372e-12,1.2567267851371077e-10,1.6600020913415392e-08,-2.1148735207532354e-08,1.79872975403228e-09,-0.0017807822790928186,-0.003505576145835221,0.021062768064439297,1.5629881978034974,0.03339905086904764,0.14077017307281495,8.24917550086975,-13.293498611450195,-585.3483764648438,-33569.903515625,-4387.009057617188,967.0388916015625,0.0,0.0,0.0,0.0,0.0,0.0,0.0,0.0,0.0,0.0,0.0,0.0
417,4.17,-1146.7379,925.58685,-993.946,484.175,-1228.5856,81.548,-2.3555633485439208e-11,3.1816143686649867e-12,7.971414743568328e-11,1.1252528553384877e-08,-1.104309752530952e-08,3.7363417471070194e-09,-0.001430261181667447,-0.004181392164900899,0.02157595008611679,1.4486623644828795,-0.01032674404559657,0.10332754403352737,4.217859864234924,-12.316948127746581,-587.2167358398438,-33990.3671875,-6454.40537109375,1492.0060546875,0.0,0.0,0.0,0.0,0.0,0.0,0.0,0.0,0.0,0.0,0.0,0.0
418,4.18,-1135.7395,925.7559,-977.391,486.162,-1191.7517,72.40642,-2.100596120657716e-11,1.9246126047034463e-11,-3.4164099197223073e-11,-2.606758198187009e-09,1.1999868232415168e-08,6.351644676882984e-09,-0.0003084696021687705,-0.004207133268937469,0.015928307455033063,0.7802849560976028,-0.0921339925378561,-0.0012713397853076458,0.14213737323880196,-11.891134643554688,-591.0157897949218,-34533.50703125,-8629.86943359375,2028.29033203125,0.0,0.0,0.0,0.0,0.0,0.0,0.0,0.0,0.0,0.0,0.0,0.0
419,4.19,-1124.8446,925.4183,-961.287,487.913,-1153.4401,63.722855,-9.580743501064887e-12,4.454241454843189e-11,-2.449817515515207e-10,-2.8741549673583223e-08,5.3091592988607773e-08,9.478667184481537e-09,0.001966907555470243,-0.0029614271013997497,4.5557311386801304e-05,-0.7591252572834492,-0.222762855887413,-0.20418364480137824,-3.9284740447998048,-12.018853950500489,-596.3178771972656,-35180.705859375,-10948.65654296875,2573.78828125,0.0,0.0,0.0,0.0,0.0,0.0,0.0,0.0,0.0,0.0,0.0,0.0
420,4.2,-1113.3466,924.98706,-945.817,489.025,-1115.4329,55.705326,1.5576643078683837e-11,7.999116508061733e-11,-5.79287043334098e-10,-7.06864998534229e-08,1.1660815459890728e-07,1.2637214652500007e-08,0.0057836697902530435,0.00037187086509220534,-0.030839018058031797,-3.517403411865234,-0.4080521374940872,-0.5356889426708221,-7.923608779907227,-12.631565761566161,-602.80400390625,-35912.34453125,-13448.32294921875,3125.5474609375,0.0,0.0,0.0,0.0,0.0,0.0,0.0,0.0,0.0,0.0,0.0,0.0
421,4.21,-1102.3289,924.29517,-930.732,489.697,-1077.5588,48.695187,5.967646862781173e-11,1.2425505485635925e-10,-1.0506479963812154e-09,-1.3044244795423765e-07,2.0414858568074123e-07,1.4884248322744043e-08,0.011420839000493288,0.006736112292855978,-0.08136991038918495,-7.795226335525513,-0.6425157248973846,-1.0150352776050569,-11.759751415252685,-13.610377407073974,-610.2883483886719,-36710.253515625,-16166.7556640625,3678.2618896484373,0.0,0.0,0.0,0.0,0.0,0.0,0.0,0.0,0.0,0.0,0.0,0.0
422,4.22,-1090.8492,923.4237,-916.167,490.019,-1039.28,42.72717,1.2701167964590533e-10,1.7201984975345752e-10,-1.6432249339004557e-09,-2.0641280400468532e-07,3.114218344535402e-07,1.4667559256054119e-08,0.018860078230500222,0.017031356878578662,-0.1545236051082611,-13.709006118774415,-0.9003455817699433,-1.6341012358665465,-15.357742881774902,-14.818115139007569,-618.6644836425781,-37557.380078125,-19138.123828125,4225.540551757813,0.0,0.0,0.0,0.0,0.0,0.0,0.0,0.0,0.0,0.0,0.0,0.0
423,4.23,-1079.7107,922.17786,-901.676,489.89,-1001.0821,37.673786,2.1877010619730797e-10,2.1187830101521143e-10,-2.2888982487145883e-09,-2.9050048624412737e-07,4.240101986852096e-07,9.728989702750823e-09,0.027510732784867285,0.03179631344974041,-0.249117848277092,-20.98115692138672,-1.1241833686828613,-2.3340699672698975,-18.65707607269287,-16.13445472717285,-627.8185668945313,-38434.9734375,-22385.81640625,4761.208154296875,0.0,0.0,0.0,0.0,0.0,0.0,0.0,0.0,0.0,0.0,0.0,0.0
424,4.24,-1068.3232,920.5972,-887.911,489.335,-963.9945,33.642937,3.2973845320860564e-10,2.240937255204578e-10,-2.8389141260021233e-09,-3.644676411340697e-07,5.122535981172405e-07,-2.8662659877498607e-09,0.03585167713463307,0.05070143789052963,-0.3562513589859009,-28.65378646850586,-1.2130134582519532,-2.9757049083709717,-21.61945209503174,-17.473840141296385,-637.5645935058594,-39319.92421875,-25919.031640625,5278.76533203125,0.0,0.0,0.0,0.0,0.0,0.0,0.0,0.0,0.0,0.0,0.0,0.0
425,4.25,-1056.7412,919.0631,-874.111,488.613,-926.72504,30.558817,4.4386752329206304e-10,1.7881853220380605e-10,-3.033607898217383e-09,-3.959831531119562e-07,5.260012073904363e-07,-2.6464294755612627e-08,0.04102176018059254,0.07183109261095524,-0.4547612339258194,-34.741746520996095,-1.0120771467685699,-3.306344985961914,-24.230091857910157,-18.781954193115233,-647.6540283203125,-40186.773828125,-29731.5529296875,5770.158837890625,0.0,0.0,0.0,0.0,0.0,0.0,0.0,0.0,0.0,0.0,0.0,0.0
426,4.26,-1045.0948,917.48303,-860.954,487.691,-891.0305,28.46233,5.289897742066785e-10,3.5745691129296375e-11,-2.4777162099809404e-09,-3.352811006607226e-07,3.907207428710535e-07,-6.418002698183046e-08,0.03843647427856922,0.09077682569622994,-0.5061700940132141,-35.874654388427736,-0.3098210819065571,-2.930686044692993,-26.51191864013672,-20.015692901611327,-657.8486572265625,-41012.912109375,-33802.660546875,6226.534765625,0.0,0.0,0.0,0.0,0.0,0.0,0.0,0.0,0.0,0.0,0.0,0.0
427,4.27,-1033.4691,915.6826,-848.621,486.532,-856.64307,27.29568,5.315163753571995e-10,-2.5334734587989515e-10,-6.341541661583627e-10,-1.1403546973376422e-07,7.446026861757105e-09,-1.1771974612884151e-07,0.021573682501912116,0.09964275434613228,-0.4501977413892746,-27.027737045288085,1.150540977716446,-1.2979256048798562,-28.538302993774415,-21.127504920959474,-668.0271301269531,-41783.15390625,-38097.712109375,6640.8873046875,0.0,0.0,0.0,0.0,0.0,0.0,0.0,0.0,0.0,0.0,0.0,0.0
428,4.28,-1021.8972,913.7064,-836.202,485.1,-823.30133,26.91988,3.7272763209195146e-10,-7.372162658114689e-10,3.1444001735714265e-09,3.5111041327695604e-07,-7.398000576586128e-07,-1.8552631644297435e-07,-0.017846114168060014,0.08618646189570427,-0.20275235120207072,-1.508245974779129,3.6346265077590942,2.2753359377384186,-30.42992877960205,-22.07007541656494,-678.2401794433594,-42492.7375,-42569.34296875,7009.823095703125,0.0,0.0,0.0,0.0,0.0,0.0,0.0,0.0,0.0,0.0,0.0,0.0
429,4.29,-1010.2175,911.67694,-823.993,483.53,-791.133,26.909252,-5.069737160461052e-11,-1.450636943900463e-09,9.520164967469213e-09,1.1470552010450774e-06,-1.964338514426345e-06,-2.6017920617960044e-07,-0.08896814063191413,0.033487888099625704,0.3406403500586748,48.55729446411133,7.343411254882812,8.519742727279663,-32.36254825592041,-22.79909267425537,-688.685107421875,-43146.18125,-47157.00859375,7334.876416015625,0.0,0.0,0.0,0.0,0.0,0.0,0.0,0.0,0.0,0.0,0.0,0.0
430,4.3,-998.8302,909.46747,-811.251,481.942,-760.7224,27.545546,-8.580742977271072e-10,-2.3905028401216553e-09,1.8980357818776385e-08,2.340818195989414e-06,-3.7394270748336565e-06,-3.251469280485253e-07,-0.19980369210243226,-0.07925361972302199,1.2918943822383882,130.91232986450194,12.290331649780274,18.03273696899414,-34.57072372436524,-23.270372772216795,-699.6363586425781,-43752.7078125,-51787.354296875,7622.875439453125,0.0,0.0,0.0,0.0,0.0,0.0,0.0,0.0,0.0,0.0,0.0,0.0
431,4.31,-987.05963,907.3508,-798.99,480.223,-731.82837,28.397139,-2.163059487081398e-09,-3.48103403879918e-09,3.152199905542829e-08,3.9401391177307236e-06,-6.037890807419899e-06,-3.5128088597957686e-07,-0.3536927342414856,-0.2739749103784561,2.742916131019592,250.66273345947266,18.120174503326417,30.96885929107666,-37.319903182983396,-23.433210563659667,-711.3376281738281,-44320.8421875,-56378.053125,7884.6341796875,0.0,0.0,0.0,0.0,0.0,0.0,0.0,0.0,0.0,0.0,0.0,0.0
432,4.32,-975.1042,905.4005,-786.45,478.757,-705.39667,29.352018,-4.0333049788898735e-09,-4.528537855819081e-09,4.619025553154188e-08,5.835155661770841e-06,-8.645719208288938e-06,-2.938866145996144e-07,-0.5438671320676803,-0.5680649787187576,4.718418288230896,406.2152587890625,23.87060413360596,46.574210739135744,-40.861076736450194,-23.224826049804687,-723.9170104980469,-44853.398046875,-60842.09609375,8132.837158203125,0.0,0.0,0.0,0.0,0.0,0.0,0.0,0.0,0.0,0.0,0.0,0.0
433,4.33,-963.2337,903.23926,-774.01,477.147,-680.98474,30.076641,-6.426210497068041e-09,-5.169794725645716e-09,6.047429366162759e-08,7.721262454651878e-06,-1.1051670571760042e-05,-9.181913878109071e-08,-0.7459965646266937,-0.9647177696228028,7.10490083694458,583.4466796875,27.695625495910644,62.56138305664062,-45.39792823791504,-22.577504920959473,-737.3437072753907,-45346.92265625,-65094.284375,8379.9421875,0.0,0.0,0.0,0.0,0.0,0.0,0.0,0.0,0.0,0.0,0.0,0.0
434,4.34,-950.8191,901.59235,-761.979,475.497,-658.4934,31.092527,-9.098004305485573e-09,-4.8239507943748094e-09,6.961226546309263e-08,9.009158020489849e-06,-1.232424428962986e-05,3.292087797035492e-07,-0.9091094374656677,-1.4385533213615418,9.555183219909669,748.2295471191406,26.600273895263673,74.36686248779297,-51.07248764038086,-21.442334175109863,-751.3761291503906,-45792.77578125,-69055.18828125,8636.529296875,0.0,0.0,0.0,0.0,0.0,0.0,0.0,0.0,0.0,0.0,0.0,0.0
435,4.35,-938.0558,899.8242,-749.791,473.789,-638.8036,31.521938,-1.1488984519303358e-08,-2.6660413543488914e-09,6.59337004549343e-08,8.7376843111997e-06,-1.1001989787473575e-05,1.0461489750923646e-06,-0.9461511671543121,-1.9164706349372864,11.374817848205566,838.0659545898437,16.278780603408812,74.40864868164063,-57.9659912109375,-19.838801383972168,-765.4918212890625,-46176.83671875,-72651.9078125,8910.1162109375,0.0,0.0,0.0,0.0,0.0,0.0,0.0,0.0,0.0,0.0,0.0,0.0
436,4.36,-925.16534,898.2405,-737.43,472.056,-621.1137,31.271019,-1.2597772425237964e-08,2.3492879318992575e-09,3.847719280969386e-08,5.5189494332807955e-06,-5.043528733494895e-06,2.117432313752943e-06,-0.7267461121082306,-2.255129647254944,11.408270359039307,754.564111328125,-8.796250766608864,51.573048973083495,-66.08034400939941,-17.87302360534668,-778.8618957519532,-46476.451953125,-75817.13359375,9201.451953125,0.0,0.0,0.0,0.0,0.0,0.0,0.0,0.0,0.0,0.0,0.0,0.0
437,4.37,-911.92126,896.93866,-724.893,470.428,-607.0648,30.105389,-1.0872933398076156e-08,1.137379674887029e-08,-2.6739149316945544e-08,-2.436911219660942e-06,8.090984431419202e-06,3.5474950664138307e-06,-0.07647132091224193,-2.218816637992859,7.959702825546264,359.8703182220459,-54.82427558898926,-8.695194911956786,-75.31060104370117,-15.695586395263671,-790.4130187988281,-46658.809765625,-78488.390625,9501.59833984375,0.0,0.0,0.0,0.0,0.0,0.0,0.0,0.0,0.0,0.0,0.0,0.0
438,4.38,-898.6266,895.6891,-712.078,468.999,-594.8392,28.637045,-4.171734541147387e-09,2.5411334370062377e-08,-1.4526176244089585e-07,-1.714980453471071e-05,3.1128002774494234e-05,5.234461059444584e-06,1.2109888911247253,-1.4648723125457763,-1.194590449333191,-518.1121362686157,-127.40164184570312,-123.15770835876465,-85.44818496704102,-13.440150260925293,-798.9033752441406,-46681.707421875,-80597.940625,9793.2615234375,0.0,0.0,0.0,0.0,0.0,0.0,0.0,0.0,0.0,0.0,0.0,0.0
439,4.39,-885.3519,894.5687,-698.824,467.768,-585.09247,26.25799,1.0137902339835137e-08,4.486909190859478e-08,-3.3088993092178496e-07,-4.04646512834006e-05,6.631696560361888e-05,6.901196093167527e-06,3.340396356582642,0.4516934365034103,-18.619437217712402,-2065.0333984375,-229.22889404296876,-307.7021820068359,-96.19074096679688,-11.184199047088622,-802.962255859375,-46492.287890625,-82062.35,10053.34658203125,0.0,0.0,0.0,0.0,0.0,0.0,0.0,0.0,0.0,0.0,0.0,0.0
440,4.4,-871.6182,893.7343,-685.712,466.663,-577.84045,23.480978,3.482852921621315e-08,6.886915642212443e-08,-5.897770932961066e-07,-7.331806737056467e-05,0.0001142873807111755,8.015277398953912e-06,6.450428771972656,4.037715721130371,-46.75275497436523,-4435.70947265625,-356.54637451171874,-571.6245422363281,-107.130712890625,-8.933409118652344,-801.1237365722657,-46025.520703125,-82778.57109375,10253.10654296875,0.0,0.0,0.0,0.0,0.0,0.0,0.0,0.0,0.0,0.0,0.0,0.0
441,4.41,-857.8664,892.94305,-672.637,465.508,-572.9433,20.20255,7.209182406597847e-08,9.430620124817324e-08,-9.113206203892332e-07,-0.00011459274392109365,0.00017232627724297344,7.712070964771555e-06,10.50860891342163,9.764136457443238,-87.0349510192871,-7677.3431640625,-494.1960021972656,-908.5454772949219,-117.73277893066407,-6.626801156997681,-791.90673828125,-45206.10859375,-82626.52890625,10357.08759765625,0.0,0.0,0.0,0.0,0.0,0.0,0.0,0.0,0.0,0.0,0.0,0.0
442,4.42,-844.06366,892.33746,-659.79,464.368,-570.26544,18.130287,1.2231544559426767e-07,1.147019865754828e-07,-1.2556154956655518e-06,-0.00015952341200318188,0.0002320596351637505,4.747533762383682e-06,15.160314750671386,17.888073253631593,-138.5289192199707,-11613.82578125,-609.520263671875,-1283.6236572265625,-127.31545333862304,-4.165053606033325,-773.8917602539062,-43953.836328125,-81478.8609375,10323.78525390625,0.0,0.0,0.0,0.0,0.0,0.0,0.0,0.0,0.0,0.0,0.0,0.0
443,4.43,-830.3077,892.2002,-648.081,463.347,-569.5366,16.388597,1.8226125888531897e-07,1.1901769525479722e-07,-1.5380930676656134e-06,-0.00019772202358581126,0.00027668940601870417,-2.4766702516387794e-06,19.576926612854002,28.239583587646486,-196.4916976928711,-15734.20712890625,-646.1397155761719,-1621.0498168945312,-135.0600830078125,-1.4585421547293662,-745.8156921386719,-42192.705078125,-79213.1421875,10109.55595703125,0.0,0.0,0.0,0.0,0.0,0.0,0.0,0.0,0.0,0.0,0.0,0.0
444,4.44,-816.41144,892.7691,-636.66,463.234,-567.70544,17.364225,2.426411640499282e-07,9.07501487290574e-08,-1.6134201018758177e-06,-0.0002110712419380434,0.00027821769472211597,-1.5755231470393482e-05,22.60698833465576,40.275216293334964,-254.56680145263672,-19405.318359375,-527.7768127441407,-1819.6930419921875,-140.06972961425782,1.5128304645419122,-706.740087890625,-39864.55390625,-75729.859375,9678.07666015625,0.0,0.0,0.0,0.0,0.0,0.0,0.0,0.0,0.0,0.0,0.0,0.0
445,4.45,-802.22723,894.21027,-624.667,464.352,-556.146,20.308035,2.852686208143496e-07,7.858091199963724e-09,-1.2629188915980195e-06,-0.000172010475944262,0.0001955010069650598,-3.6711747270601336e-05,23.32573833465576,53.229174041748045,-308.88478088378906,-22242.083984375,-186.30544776916503,-1805.5644287109376,-141.47090759277344,4.649505209922791,-656.2774291992188,-36942.7890625,-70975.8078125,9011.48583984375,0.0,0.0,0.0,0.0,0.0,0.0,0.0,0.0,0.0,0.0,0.0,0.0
446,4.46,-787.9819,896.2643,-613.106,466.235,-549.2352,21.403017,2.8026285292526154e-07,-1.5567543485417445e-07,-1.9270502122914478e-07,-4.311313066409639e-05,-2.5483059107500595e-05,-6.613722616748419e-05,21.4131498336792,66.34545936584473,-358.5178955078125,-24134.8333984375,409.40867767333987,-1563.13583984375,-138.53952331542968,7.717006826400757,-594.7930847167969,-33441.1607421875,-64967.9703125,8116.044482421875,0.0,0.0,0.0,0.0,0.0,0.0,0.0,0.0,0.0,0.0,0.0,0.0
447,4.47,-774.7764,898.4014,-601.757,468.135,-548.4206,21.576393,1.8421633853904496e-07,-4.255819021636853e-07,1.946769117466829e-06,0.0002206967561505735,-0.0004471508131246082,-0.00010296078253304585,17.150620651245116,79.41060485839844,-404.8899230957031,-25178.1953125,1245.5366516113281,-1126.7862121582032,-130.83148574829102,10.360622787475586,-523.6001953125,-29420.9177734375,-57818.958203125,7025.01201171875,0.0,0.0,0.0,0.0,0.0,0.0,0.0,0.0,0.0,0.0,0.0,0.0
448,4.48,-762.0054,900.88904,-590.369,469.737,-552.02826,20.50495,-5.920075178966755e-08,-8.191129666101915e-07,5.505585409082414e-06,0.0006654799304669723,-0.0011290101683698595,-0.00014282249758252875,11.213613510131836,92.48737030029297,-450.0819122314453,-25567.49921875,2268.5356689453124,-555.0974243164062,-118.36327514648437,12.186551761627197,-445.1000701904297,-25000.6642578125,-49758.907421875,5800.102001953125,0.0,0.0,0.0,0.0,0.0,0.0,0.0,0.0,0.0,0.0,0.0,0.0
449,4.49,-749.77264,903.2354,-579.167,470.909,-555.1024,19.349525,-5.140859343555349e-07,-1.3317252410161017e-06,1.0727043900260469e-05,0.0013250253163278104,-0.0021065883920527995,-0.00017631248920224607,4.469471275806427,105.10070037841797,-495.35296936035155,-25552.4625,3392.0804931640623,88.19056949615478,-101.7724235534668,12.884340286254883,-362.83452758789065,-20366.426171875,-41146.787890625,4527.18779296875,0.0,0.0,0.0,0.0,0.0,0.0,0.0,0.0,0.0,0.0,0.0,0.0
450,4.5,-738.1192,905.60944,-568.657,471.695,-557.8415,17.723259,-1.2398933392887557e-06,-1.9179125388291142e-06,1.757196450853371e-05,0.0021988629596307874,-0.00335786088835448,-0.00018710361036937683,-2.274456371180713,116.24583435058594,-540.5572509765625,-25384.0138671875,4519.054028320313,747.4588439941406,-82.37602844238282,12.339973640441894,-281.32568206787107,-15765.72666015625,-32458.9291015625,3304.51064453125,0.0,0.0,0.0,0.0,0.0,0.0,0.0,0.0,0.0,0.0,0.0,0.0
451,4.51,-726.0355,908.4879,-559.213,472.515,-559.9427,16.488312,-2.2687407749799602e-06,-2.4665666842338396e-06,2.5464191639912315e-05,0.0032200807239860297,-0.004755725478753447,-0.000150452498201048,-8.530960655212402,125.03153228759766,-584.7159362792969,-25260.2841796875,5575.331982421875,1378.8089599609375,-61.99104385375976,10.716042041778564,-205.57901611328126,-11480.082421875,-24240.382421875,2221.416015625,0.0,0.0,0.0,0.0,0.0,0.0,0.0,0.0,0.0,0.0,0.0,0.0
452,4.52,-713.3337,911.5461,-551.404,473.532,-560.777,16.826254,-3.5697222301678267e-06,-2.773291566882108e-06,3.2961322904156984e-05,0.004213232919573784,-0.006007991451770067,-3.2878233014344005e-05,-14.083188438415528,130.9547546386719,-626.5794250488282,-25308.66328125,6515.49609375,1945.9447998046876,-42.56868133544922,8.424495887756347,-140.0955383300781,-7767.45185546875,-16996.6140625,1337.535791015625,0.0,0.0,0.0,0.0,0.0,0.0,0.0,0.0,0.0,0.0,0.0,0.0
453,4.53,-700.6488,914.4314,-544.873,474.096,-561.2154,17.183485,-4.998953227186576e-06,-2.5153231945296285e-06,3.738151426659897e-05,0.004845959227532148,-0.006591583602130413,0.00020577131654135882,-18.780985641479493,133.75890045166017,-664.7577270507812,-25593.306640625,7308.973486328125,2421.7570068359373,-25.794318199157715,5.9686657905578615,-87.62953186035156,-4789.66416015625,-11054.575,676.4150817871093,0.0,0.0,0.0,0.0,0.0,0.0,0.0,0.0,0.0,0.0,0.0,0.0
454,4.54,-687.8121,917.3685,-539.522,474.413,-559.0623,17.758728,-6.237274055820307e-06,-1.2392380199344189e-06,3.445984584686812e-05,0.004583271173760295,-0.005695768678560853,0.00060624839970842,-22.472096633911132,133.43619079589843,-697.9477172851563,-26122.2419921875,7933.995947265625,2787.4316650390624,-12.753903865814209,3.767220067977905,-48.58954200744629,-2573.766320800781,-6496.92734375,230.31903762817382,0.0,0.0,0.0,0.0,0.0,0.0,0.0,0.0,0.0,0.0,0.0,0.0
455,4.55,-675.45605,919.9279,-535.145,474.517,-559.9955,17.648607,-6.723146134390845e-06,1.6226958861054186e-06,1.816798917388951e-05,0.0026611139182932675,-0.002200399007415399,0.0011979206174146384,-25.06712989807129,130.25715179443358,-725.1839721679687,-26855.128125,8380.59541015625,3029.594677734375,-3.765904796123505,2.0666731119155886,-21.625427055358887,-1043.7823608398437,-3223.102880859375,-32.58722839355469,0.0,0.0,0.0,0.0,0.0,0.0,0.0,0.0,0.0,0.0,0.0,0.0
456,4.56,-663.40955,922.37506,-531.291,474.402,-560.52325,17.49298,-5.596877508651233e-06,6.685532753181178e-06,-1.9093202990916324e-05,-0.0018944776296848432,0.005271076562348753,0.00197898285696283,-26.581170272827148,124.6861686706543,-745.83603515625,-27712.4427734375,8652.27578125,3143.209521484375,1.571453957259655,0.9318454504013062,-4.5984685808420185,-78.32585296630859,-1047.9491394042968,-158.51160888671876,0.0,0.0,0.0,0.0,0.0,0.0,0.0,0.0,0.0,0.0,0.0,0.0
457,4.57,-652.1633,924.59485,-527.755,474.37,-561.7564,17.800776,-1.684043039062999e-06,1.4466877200902672e-05,-8.563556839362718e-05,-0.010165491048246622,0.01816960973665118,0.0028875973774120213,-27.13603687286377,117.28871231079101,-759.5163757324219,-28587.2294921875,8765.0099609375,3135.2400634765627,4.117757630348206,0.28526489064097404,4.8047748565673825,451.91343383789064,243.67966995239257,-194.25792541503907,0.0,0.0,0.0,0.0,0.0,0.0,0.0,0.0,0.0,0.0,0.0,0.0
458,4.58,-641.12964,926.6122,-524.723,474.172,-561.65894,17.936287,6.439808430513949e-06,2.5135509895335416e-05,-0.00018859623523894697,-0.023110636323690415,0.037643888406455515,0.0037642886163666844,-26.95492877960205,108.637548828125,-766.0937377929688,-29368.3833984375,8744.9583984375,3022.0794677734375,4.812628889083863,-0.00863890592008829,8.824868202209473,671.1897094726562,879.3510009765625,-178.1606918334961,0.0,0.0,0.0,0.0,0.0,0.0,0.0,0.0,0.0,0.0,0.0,0.0
459,4.59,-630.36847,928.4799,-521.847,474.077,-560.9604,18.161531,2.024638079092256e-05,3.813023795373738e-05,-0.00033063097507692876,-0.04115374833345413,0.06390132755041122,0.004308923194184899,-26.309819602966307,99.22641372680664,-765.7497497558594,-29966.4986328125,8623.1732421875,2824.683251953125,4.441694974899292,-0.07773642539978028,9.43594570159912,691.3905090332031,1076.8836669921875,-138.0068229675293,0.0,0.0,0.0,0.0,0.0,0.0,0.0,0.0,0.0,0.0,0.0,0.0
460,4.6,-619.8128,930.18463,-519.198,474.053,-561.3361,18.488678,4.0845955481927376e-05,5.164389222045429e-05,-0.000504867426934652,-0.06354850381612778,0.09525594189763069,0.004040415841154754,-25.442501640319826,89.4371452331543,-759.0174194335938,-30328.713671875,8429.06826171875,2565.2138916015624,3.579656171798706,-0.021790561079978944,8.184971714019776,602.3571044921875,1016.8486572265625,-92.1636573791504,0.0,0.0,0.0,0.0,0.0,0.0,0.0,0.0,0.0,0.0,0.0,0.0
461,4.61,-609.8025,931.93536,-516.766,474.048,-560.8723,18.826288,6.830438505858182e-05,6.200414209160954e-05,-0.0006880304135847837,-0.0875040739774704,0.12686092406511307,0.0022741392254829406,-24.522732543945313,79.5579620361328,-746.7602233886719,-30437.759765625,8186.960205078125,2264.520068359375,2.600334143638611,0.09039147831499576,6.168287086486816,468.7848388671875,832.2220642089844,-50.99780082702637,0.0,0.0,0.0,0.0,0.0,0.0,0.0,0.0,0.0,0.0,0.0,0.0
462,4.62,-599.84845,933.3196,-514.086,473.974,-559.30585,19.298693,0.00010063723457278683,6.304445887508336e-05,-0.0008321318659000098,-0.10711534917354584,0.1492186278104782,-0.0018592914726468734,-23.650085258483887,69.82146530151367,-730.09375,-30301.2560546875,7916.21552734375,1940.9672241210938,1.7152627468109132,0.2138335958123207,4.07955801486969,331.3927886962891,610.90107421875,-18.788311386108397,0.0,0.0,0.0,0.0,0.0,0.0,0.0,0.0,0.0,0.0,0.0,0.0
463,4.63,-589.86414,934.7419,-511.787,473.829,-559.9152,19.548235,0.00013248619070509448,4.564966347970767e-05,-0.0008559300156775862,-0.11224281787872314,0.14671697914600373,-0.009320608340203762,-22.87444934844971,60.435886001586915,-710.3153503417968,-29940.323828125,7633.189453125,1610.5055541992188,1.0188411474227905,0.3219064146280289,2.29327929019928,211.4556442260742,404.7297790527344,3.772723191976547,0.0,0.0,0.0,0.0,0.0,0.0,0.0,0.0,0.0,0.0,0.0,0.0
464,4.64,-580.12946,936.0473,-509.759,473.709,-560.6848,19.6117,0.0001535855990368873,-2.2192288497535627e-06,-0.0006385708751622587,-0.08763962015509605,0.09666787385940552,-0.0209521965123713,-22.216785621643066,51.5967342376709,-688.8382446289063,-29382.0982421875,7352.348828125,1286.272216796875,0.5309243589639664,0.40143040418624876,0.9502835512161255,116.46082000732422,239.29986114501952,17.707768726348878,0.0,0.0,0.0,0.0,0.0,0.0,0.0,0.0,0.0,0.0,0.0,0.0
465,4.65,-570.0627,937.32074,-507.924,473.564,-560.85657,19.716051,0.00014729329850524664,-9.457622290938161e-05,-1.942939463788207e-05,-0.012827781989471987,-0.030382535001263023,-0.03710697926580906,-21.68179817199707,43.472605514526364,-667.1174133300781,-28657.565234375,7086.501611328125,977.5896606445312,0.23009686172008514,0.44975636899471283,0.0499272420653142,46.630957794189456,121.84885330200196,24.812670516967774,0.0,0.0,0.0,0.0,0.0,0.0,0.0,0.0,0.0,0.0,0.0,0.0
466,4.66,-560.0681,938.3233,-506.067,473.52,-560.86584,20.167793,8.969898299255874e-05,-0.0002449579624226317,0.0011899503821041434,0.13653119914233686,-0.2679669722914696,-0.05707783065736294,-21.25811309814453,36.17601203918457,-646.5619079589844,-27802.69765625,6845.90263671875,689.092138671875,0.07503970004618168,0.4724732518196106,-0.47909776866436005,-0.39222729206085205,48.822629737854,27.139926147460937,0.0,0.0,0.0,0.0,0.0,0.0,0.0,0.0,0.0,0.0,0.0,0.0
467,4.67,-550.5904,939.01276,-504.30704,473.367,-561.37805,20.432852,-4.987037565342689e-05,-0.00046180415665730834,0.00317407613620162,0.3847834348678589,-0.6472184389829636,-0.07831504270434379,-20.922707557678223,29.738115310668945,-628.4220886230469,-26857.6396484375,6637.772265625,421.0103698730469,0.019162958674132823,0.47832698225975034,-0.7410044491291046,-27.805770492553712,11.326989126205444,26.328014373779297,0.0,0.0,0.0,0.0,0.0,0.0,0.0,0.0,0.0,0.0,0.0,0.0
468,4.68,-540.84375,939.6946,-501.852,473.138,-561.7362,20.435844,-0.00030578530713682995,-0.0007410485646687448,0.00605295579880476,0.7487915754318237,-1.1850172102451324,-0.09547287374734878,-20.659863662719726,24.10680980682373,-613.6661560058594,-25860.8982421875,6467.077392578125,170.6442008972168,0.020676337741315366,0.4758182615041733,-0.8430284321308136,-40.115027236938474,-1.1926655232906342,23.76708393096924,0.0,0.0,0.0,0.0,0.0,0.0,0.0,0.0,0.0,0.0,0.0,0.0
469,4.69,-530.7973,940.2253,-499.397,473.079,-561.6802,20.701643,-0.0007090173603501171,-0.0010555700224358588,0.009784271568059921,1.2256795048713685,-1.8653424024581908,-0.09941742420196534,-20.476718711853028,19.177213668823242,-602.8854553222657,-24840.177734375,6337.846923828125,-65.55389089584351,0.048269078508019446,0.4704438179731369,-0.862000697851181,-41.99023666381836,0.8884552836418151,20.730403900146484,0.0,0.0,0.0,0.0,0.0,0.0,0.0,0.0,0.0,0.0,0.0,0.0
470,4.7,-521.24023,940.49286,-497.311,472.941,-563.52545,20.978672,-0.001274392893537879,-0.0013417895999737084,0.014023233391344547,1.775091779232025,-2.613158702850342,-0.07646507546305656,-20.401383018493654,14.836090660095214,-596.2669128417969,-23804.20234375,6253.403515625,-290.41983795166016,0.08093293905258178,0.46297650337219237,-0.8285763561725616,-37.167449951171875,9.463644218444824,18.359610557556152,0.0,0.0,0.0,0.0,0.0,0.0,0.0,0.0,0.0,0.0,0.0,0.0
471,4.71,-511.85382,940.4056,-494.626,472.599,-562.18225,21.004095,-0.0019807911827228963,-0.0014848485821858048,0.017943341843783857,2.296254777908325,-3.2618372201919557,-0.008303522039204836,-20.46833438873291,10.984360885620116,-593.6295715332031,-22739.659765625,6215.93857421875,-506.4866577148438,0.1075942113995552,0.45278725028038025,-0.761390769481659,-30.23615417480469,19.415841579437256,17.291163635253906,0.0,0.0,0.0,0.0,0.0,0.0,0.0,0.0,0.0,0.0,0.0,0.0
472,4.72,-502.36768,940.17566,-492.16,472.302,-562.2517,21.209019,-0.002743728016503155,-0.001305592933204025,0.020036372542381286,2.602000188827515,-3.5180426836013794,0.12673621252179146,-20.70407829284668,7.529638481140137,-594.5122924804688,-21615.5001953125,6226.287158203125,-717.3486206054688,0.12414627075195313,0.44052544236183167,-0.6777919948101043,-25.376300621032716,27.855223083496092,17.38901538848877,0.0,0.0,0.0,0.0,0.0,0.0,0.0,0.0,0.0,0.0,0.0,0.0
473,4.73,-493.04803,939.9154,-489.638,472.042,-562.3431,21.382137,-0.0033815820002928375,-0.0005550778892029484,0.017933573666960002,2.394883370399475,-2.932509160041809,0.3501735180616379,-21.122687530517577,4.366183233261109,-598.2848266601562,-20392.1369140625,6283.730078125,-928.9603820800781,0.13167462050914763,0.42860270738601686,-0.5879478514194488,-23.972317504882813,32.81536521911621,18.48872013092041,0.0,0.0,0.0,0.0,0.0,0.0,0.0,0.0,0.0,0.0,0.0,0.0
474,4.74,-483.82123,939.2799,-486.873,471.666,-562.33203,21.451248,-0.003579868655651808,0.001074618601705879,0.00832317442400381,1.254729577898979,-0.8912637382745743,0.6766094446182251,-21.72453956604004,1.3736871149390937,-604.2566833496094,-19028.6048828125,6386.01318359375,-1149.8029174804688,0.134829743206501,0.4184842497110367,-0.49843615889549253,-25.347574043273926,33.981767654418945,20.399013900756835,0.0,0.0,0.0,0.0,0.0,0.0,0.0,0.0,0.0,0.0,0.0,0.0
475,4.75,-474.73553,938.65356,-483.97,471.384,-562.7131,21.717237,-0.002862719492986798,0.003911214577965438,-0.012919521797448397,-1.3477720625698566,3.350704276561737,1.102701151371002,-22.49336185455322,-1.5615330412983894,-611.771923828125,-17485.8625,6529.707373046875,-1389.6491088867188,0.13738486170768738,0.4090810388326645,-0.41550486385822294,-28.543326759338377,32.65494804382324,22.6913143157959,0.0,0.0,0.0,0.0,0.0,0.0,0.0,0.0,0.0,0.0,0.0,0.0
476,4.76,-465.17578,937.979,-481.221,471.08,-563.5696,21.725597,-0.0005871533605386503,0.00821997169405222,-0.05022890605032444,-5.991035532951355,10.563645601272583,1.5912587642669678,-23.398959159851074,-4.523354887962341,-620.2703857421875,-15726.23759765625,6710.837451171875,-1657.32099609375,0.14021829515695572,0.4009011149406433,-0.33642790019512175,-32.81149768829346,30.16938762664795,25.042712020874024,0.0,0.0,0.0,0.0,0.0,0.0,0.0,0.0,0.0,0.0,0.0,0.0
477,4.77,-455.4149,937.43695,-477.546,470.831,-563.2756,21.819555,0.004016591131221503,0.014063061121851206,-0.10727557986974716,-13.170770454406739,21.329640769958495,2.0507594466209413,-24.406432151794434,-7.554095506668091,-629.3089233398438,-13713.04287109375,6925.1412109375,-1958.74619140625,0.14173137545585632,0.39606001079082487,-0.26742532253265383,-37.637474060058594,27.2401424407959,27.0173246383667,0.0,0.0,0.0,0.0,0.0,0.0,0.0,0.0,0.0,0.0,0.0,0.0
478,4.78,-445.87155,936.6063,-474.538,470.519,-562.99786,22.075932,0.011727616097778082,0.021088770218193532,-0.1851151019334793,-23.06926555633545,35.685763931274415,2.312264013290405,-25.48609790802002,-10.6569109916687,-638.5316528320312,-11410.6642578125,7169.02265625,-2295.496142578125,0.14066260159015656,0.3956893295049667,-0.224192713201046,-42.84368896484375,24.640485572814942,28.187831306457518,0.0,0.0,0.0,0.0,0.0,0.0,0.0,0.0,0.0,0.0,0.0,0.0
479,4.79,-435.7783,935.77386,-471.062,470.15,-562.28766,21.97621,0.023103226721286774,0.028249260038137436,-0.279395218193531,-35.20348930358887,52.598358154296875,2.108393061161041,-26.624677085876463,-13.795631694793702,-647.6358764648437,-8782.873388671875,7440.50966796875,-2663.4184814453124,0.13803123831748962,0.4006774663925171,-0.20318156182765962,-49.135311889648435,23.39614963531494,28.786388397216797,0.0,0.0,0.0,0.0,0.0,0.0,0.0,0.0,0.0,0.0,0.0,0.0
480,4.8,-426.19662,934.8165,-467.326,469.665,-562.28217,22.375612,0.03809798751026392,0.033466385677456856,-0.37659316658973696,-47.94601936340332,69.27100524902343,1.0627830088138581,-27.826849365234374,-16.888092613220216,-656.37158203125,-5794.1255859375,7738.537841796875,-3052.3185302734373,0.13502209186553954,0.4095454812049866,-0.18333650827407838,-56.3263126373291,23.86615333557129,29.021718978881836,0.0,0.0,0.0,0.0,0.0,0.0,0.0,0.0,0.0,0.0,0.0,0.0
481,4.81,-416.3379,933.8574,-463.241,469.255,-561.9608,22.522028,0.05550894439220429,0.03329948782920837,-0.449526771903038,-57.94636535644531,80.34233245849609,-1.2968415215611457,-29.104683113098144,-19.811716842651368,-664.5718872070313,-2414.9301940917967,8061.552197265625,-3446.879248046875,0.13191404491662978,0.420305410027504,-0.1544887199997902,-63.50870780944824,25.753245162963868,28.59065799713135,0.0,0.0,0.0,0.0,0.0,0.0,0.0,0.0,0.0,0.0,0.0,0.0
482,4.82,-406.32632,932.82916,-458.75,468.737,-561.74915,22.771643,0.07225381284952163,0.02271931925788522,-0.4528363853693008,-59.53689193725586,77.1168327331543,-5.483722472190857,-30.462230110168456,-22.425718116760255,-672.1910522460937,1372.058364868164,8406.423046875,-3829.2578369140624,0.13088194280862808,0.4303990870714188,-0.12261407151818275,-69.62426681518555,28.350876235961913,27.312670707702637,0.0,0.0,0.0,0.0,0.0,0.0,0.0,0.0,0.0,0.0,0.0,0.0
483,4.83,-396.335,931.67816,-454.057,468.13,-561.5502,22.920845,0.0825468547642231,-0.004842082120012492,-0.31980186998844146,-44.29179573059082,47.09667797088623,-11.932653045654297,-31.87695140838623,-24.60747833251953,-679.3343078613282,5563.885717773437,8767.9349609375,-4182.641870117188,0.13267661780118942,0.4379050940275192,-0.09017357453703881,-73.42282638549804,30.960692977905275,25.535003662109375,0.0,0.0,0.0,0.0,0.0,0.0,0.0,0.0,0.0,0.0,0.0,0.0
484,4.84,-386.36566,930.5294,-448.671,467.532,-561.2186,23.102324,0.0771296739578247,-0.05692057088017464,0.03726548297563568,-1.0193738013505935,-25.757180458307268,-20.79204330444336,-33.29318618774414,-26.298274993896484,-686.251025390625,10130.834228515625,9140.1927734375,-4493.91357421875,0.13652579188346864,0.4426763325929642,-0.057783312350511554,-73.78186264038087,33.04448928833008,23.689101219177246,0.0,0.0,0.0,0.0,0.0,0.0,0.0,0.0,0.0,0.0,0.0,0.0
485,4.85,-376.43372,929.45416,-442.692,466.778,-561.2377,23.425795,0.042845696397125724,-0.1406123086810112,0.7198030412197113,83.401127243042,-159.4268997192383,-31.607958221435545,-34.6348331451416,-27.527295875549317,-693.2856750488281,15016.1521484375,9519.60107421875,-4753.997021484375,0.14291347116231917,0.44360153675079345,-0.03337778188288212,-69.9937255859375,34.7762393951416,21.43080005645752,0.0,0.0,0.0,0.0,0.0,0.0,0.0,0.0,0.0,0.0,0.0,0.0
486,4.86,-366.05844,927.9525,-436.552,465.869,-560.6388,23.86054,-0.03698630851285998,-0.2599733307957649,1.8247294902801514,221.7988479614258,-370.13311157226565,-42.895529174804686,-35.82524147033691,-28.414425659179688,-700.81005859375,20137.59921875,9906.71494140625,-4956.971337890625,0.1525835156440735,0.4412993788719177,-0.020212941430509092,-62.511817169189456,36.067544555664064,18.805412673950194,0.0,0.0,0.0,0.0,0.0,0.0,0.0,0.0,0.0,0.0,0.0,0.0
487,4.87,-355.28937,926.4059,-429.781,464.843,-560.295,24.21799,-0.1807607129216194,-0.411901518702507,3.4103313207626345,422.4849517822266,-665.6769287109375,-51.62341957092285,-36.80335006713867,-29.174670028686524,-709.1578491210937,25387.54140625,10306.2169921875,-5099.577099609375,0.16579273492097854,0.4376815855503082,-0.010104894870892167,-52.174790954589845,35.55467491149902,16.045822525024413,0.0,0.0,0.0,0.0,0.0,0.0,0.0,0.0,0.0,0.0,0.0,0.0
488,4.88,-344.69617,924.8382,-422.574,463.684,-560.15063,24.668941,-0.4045363932847977,-0.5803371965885162,5.4418556690216064,682.4295532226563,-1035.0921936035156,-52.68811874389648,-37.53288383483887,-30.113332176208495,-718.5837280273438,30634.21328125,10724.897265625,-5181.56875,0.18225377798080444,0.4332991003990173,0.00666136595827993,-40.74062576293945,33.07614459991455,13.407156562805175,0.0,0.0,0.0,0.0,0.0,0.0,0.0,0.0,0.0,0.0,0.0,0.0
489,4.89,-333.76135,923.13135,-415.315,462.501,-559.6546,25.348602,-0.7148869693279266,-0.7289818584918976,7.714417409896851,977.4927124023437,-1434.3131225585937,-38.53031234741211,-38.00414772033692,-31.60011386871338,-729.2238647460938,35729.05625,11167.6564453125,-5206.39482421875,0.19976431578397752,0.42810109853744505,0.024938424117863178,-29.151697158813477,29.53491153717041,11.107470321655274,0.0,0.0,0.0,0.0,0.0,0.0,0.0,0.0,0.0,0.0,0.0,0.0
490,4.9,-322.42984,921.6898,-407.363,461.321,-559.0888,26.019686,-1.0979254364967346,-0.7933792054653168,9.75555477142334,1249.9388671875,-1768.5114013671875,0.8543307542800903,-38.23075141906738,-34.022712326049806,-741.0359802246094,40521.046875,11632.53701171875,-5180.948046875,0.21570131927728653,0.42076070606708527,0.03289041481912136,-17.62925777435303,26.37307415008545,9.297205543518066,0.0,0.0,0.0,0.0,0.0,0.0,0.0,0.0,0.0,0.0,0.0,0.0
491,4.91,-312.0144,919.4483,-399.445,459.675,-558.79504,26.831478,-1.5042734265327453,-0.6741955876350403,10.718242073059082,1394.5158203125,-1873.400048828125,77.14126434326172,-38.240871047973634,-37.73168678283692,-753.7242919921875,44870.8875,12106.7037109375,-5114.55595703125,0.22699746787548064,0.4124861806631088,0.025598705187439917,-7.5301251888275145,25.983210945129393,8.505408382415771,0.0,0.0,0.0,0.0,0.0,0.0,0.0,0.0,0.0,0.0,0.0,0.0
492,4.92,-300.62204,917.7277,-391.263,458.429,-558.2287,27.990751,-1.8307774305343627,-0.23490126724354923,9.288303089141845,1246.0317626953124,-1500.2861694335938,201.65811767578126,-38.05938873291016,-42.98982315063476,-766.6752990722656,48660.26875,12564.91171875,-5018.0375,0.2314250573515892,0.4056720405817032,0.00043160305358469486,-1.7672480404376985,28.872534942626952,8.810806465148925,0.0,0.0,0.0,0.0,0.0,0.0,0.0,0.0,0.0,0.0,0.0,0.0
493,4.93,-288.84613,915.73883,-382.587,456.97,-557.5092,29.42019,-1.9015339493751526,0.6912804767489433,3.648331570625305,573.6700286865234,-313.01522674560545,381.5677185058594,-37.687384033203124,-49.92369766235352,-778.936279296875,51797.559375,12971.01396484375,-4902.553955078125,0.22955336719751357,0.39978307485580444,-0.03639472890645266,-2.755423331260681,33.07299861907959,9.901622295379639,0.0,0.0,0.0,0.0,0.0,0.0,0.0,0.0,0.0,0.0,0.0,0.0
494,4.94,-276.76242,913.9254,-373.61,455.795,-556.45746,31.297348,-1.4534141421318054,2.2785511136054994,-8.437447202205657,-909.8497093200683,2091.031042480469,613.7319061279297,-37.09378204345703,-58.4756778717041,-789.2242431640625,54219.9015625,13281.9466796875,-4776.752490234375,0.22337511479854583,0.39328262209892273,-0.06996368728578091,-10.798733806610107,35.99181442260742,11.429464054107665,0.0,0.0,0.0,0.0,0.0,0.0,0.0,0.0,0.0,0.0,0.0,0.0
495,4.95,-264.88168,911.9643,-364.814,454.528,-556.03595,33.550266,-0.13479386791586875,4.661891579627991,-29.32938461303711,-3513.0753173828125,6119.652880859375,875.9575622558593,-36.23042602539063,-68.37508125305176,-795.9716613769531,55887.61875,13454.520703125,-4641.999169921875,0.21494064182043077,0.38387987911701205,-0.08635087832808494,-23.81026420593262,37.03123931884765,13.259672832489013,0.0,0.0,0.0,0.0,0.0,0.0,0.0,0.0,0.0,0.0,0.0,0.0
496,4.96,-252.26143,909.9587,-355.15,453.33,-555.5552,36.7373,2.4696601748466493,7.858479356765747,-60.903007888793944,-7490.862548828125,12065.1263671875,1115.8503784179688,-35.020758056640624,-79.1320899963379,-797.4069885253906,56773.896875,13449.387109375,-4490.061279296875,0.20655000656843187,0.369822683930397,-0.08041082546114922,-38.46603260040283,37.64488296508789,15.472100162506104,0.0,0.0,0.0,0.0,0.0,0.0,0.0,0.0,0.0,0.0,0.0,0.0
497,4.97,-239.39674,907.9609,-345.071,452.279,-555.594,40.422375,6.771207714080811,11.65124158859253,-103.51396331787109,-12915.22841796875,19905.18447265625,1238.451513671875,-33.338752365112306,-90.05797805786133,-791.6598999023438,56855.598828125,13231.384375,-4304.923583984375,0.20007456094026566,0.3531827211380005,-0.05669377967715263,-52.64835777282715,38.787749481201175,17.855878257751463,0.0,0.0,0.0,0.0,0.0,0.0,0.0,0.0,0.0,0.0,0.0,0.0
498,4.98,-226.09264,906.4688,-334.015,451.072,-554.35876,44.250122,13.055196285247803,15.441250133514405,-154.5304382324219,-19490.39609375,29027.731640625,1095.308984375,-31.02748508453369,-100.31877670288085,-776.9015502929688,56106.47421875,12771.41748046875,-4067.1359375,0.19580094516277313,0.3382879108190536,-0.019109653169289233,-65.36287536621094,40.46976509094238,19.727662086486816,0.0,0.0,0.0,0.0,0.0,0.0,0.0,0.0,0.0,0.0,0.0,0.0
499,4.99,-212.96902,904.85406,-322.352,449.989,-553.2465,49.239513,21.39005889892578,18.21393585205078,-208.11772918701172,-26526.7078125,38208.361328125,491.86300163269044,-27.949600982666016,-109.00285568237305,-751.5379699707031,54497.62109375,12051.17158203125,-3759.688134765625,0.19411618560552596,0.3264204502105713,0.030208584666252137,-75.63532943725586,42.19367866516113,20.592458534240723,0.0,0.0,0.0,0.0,0.0,0.0,0.0,0.0,0.0,0.0,0.0,0.0
500,5.0,-199.53189,904.0127,-309.685,449.051,-552.4254,55.295147,31.55338020324707,18.94914855957031,-259.3293792724609,-33452.4470703125,46419.519921875,-720.4866874694824,-24.052217292785645,-115.18704071044922,-714.4658874511719,52008.982421875,11070.56904296875,-3374.0552490234377,0.19364617764949799,0.3186029613018036,0.0828025609254837,-82.60064392089843,42.58622283935547,20.194793510437012,0.0,0.0,0.0,0.0,0.0,0.0,0.0,0.0,0.0,0.0,0.0,0.0
501,5.01,-185.96486,903.36847,-295.722,448.124,-550.24695,62.09632,42.88483924865723,17.0779935836792,-306.4250213623047,-40086.906640625,53281.178515625,-2541.014929199219,-19.424936866760255,-118.02543563842774,-665.2966857910156,48642.9890625,9855.1345703125,-2914.245849609375,0.19259397089481353,0.31523920595645905,0.13249544501304628,-85.58047943115234,41.04021682739258,18.662405014038086,0.0,0.0,0.0,0.0,0.0,0.0,0.0,0.0,0.0,0.0,0.0,0.0
502,5.02,-172.55453,903.44025,-280.422,447.039,-548.2579,70.370865,54.62619895935059,12.592394828796387,-350.40492858886716,-46569.47890625,58959.44921875,-4853.890405273438,-14.33394250869751,-116.87490539550781,-604.4790344238281,44435.580078125,8458.541064453126,-2398.2366455078127,0.19153755605220796,0.31557008624076843,0.18189797401428223,-85.18879699707031,37.91801223754883,16.726554489135744,0.0,0.0,0.0,0.0,0.0,0.0,0.0,0.0,0.0,0.0,0.0,0.0
503,5.03,-158.68971,903.34875,-263.723,446.178,-543.70264,79.55826,66.38651390075684,5.983525562286377,-393.412890625,-53145.229296875,63865.359765625,-7511.9373046875,-9.202508401870727,-111.40875091552735,-533.4096557617188,39471.97265625,6959.02041015625,-1857.203662109375,0.19077597707509994,0.3189367324113846,0.22705252319574357,-82.13438034057617,34.407022094726564,14.984247016906739,0.0,0.0,0.0,0.0,0.0,0.0,0.0,0.0,0.0,0.0,0.0,0.0
504,5.04,-145.05,903.82446,-245.764,445.512,-537.489,89.41359,77.79643096923829,-1.8899309650063514,-436.76878356933594,-59907.579296875,68342.87265625,-10324.49794921875,-4.532066869735718,-101.68762512207032,-454.5260467529297,33906.51484375,5449.797607421875,-1331.3595703125,0.19170771837234496,0.3246949940919876,0.2712964087724686,-77.24470672607421,31.218520736694337,13.764751815795899,0.0,0.0,0.0,0.0,0.0,0.0,0.0,0.0,0.0,0.0,0.0,0.0
505,5.05,-131.35434,904.1676,-225.889,444.351,-530.41437,100.17361,88.01182861328125,-10.03580265045166,-480.39581909179685,-66744.083203125,72596.54140625,-13029.44873046875,-0.7887679951265454,-88.22054672241211,-371.3304138183594,27975.8494140625,4025.428564453125,-862.6723266601563,0.19478680491447448,0.33203618228435516,0.3154079407453537,-71.06956481933594,28.210004234313963,12.982631874084472,0.0,0.0,0.0,0.0,0.0,0.0,0.0,0.0,0.0,0.0,0.0,0.0
506,5.06,-117.88594,904.59735,-205.196,443.114,-521.48706,111.224174,96.10457992553711,-17.733589744567873,-523.6197296142578,-73485.1609375,76755.925,-15390.58212890625,1.7235928356647492,-72.01812133789062,-288.2514953613281,21994.5724609375,2767.51943359375,-485.11949768066404,0.19830505549907684,0.3389008790254593,0.351634481549263,-63.87545280456543,25.753177833557128,12.414813232421874,0.0,0.0,0.0,0.0,0.0,0.0,0.0,0.0,0.0,0.0,0.0,0.0
507,5.07,-103.821625,905.2514,-183.063,442.033,-510.03784,123.08769,101.61574935913086,-24.668262672424316,-565.6449829101563,-79984.02265625,80876.04609375,-17282.560546875,2.9594480752944947,-54.592502212524415,-210.233154296875,16322.14345703125,1733.3155517578125,-215.82356338500978,0.20126098692417144,0.34487982392311095,0.3660226732492447,-56.57704620361328,25.05822410583496,11.95124101638794,0.0,0.0,0.0,0.0,0.0,0.0,0.0,0.0,0.0,0.0,0.0,0.0
508,5.08,-90.63102,905.74756,-160.374,440.782,-496.5801,134.48482,104.47698135375977,-30.69784641265869,-605.4358642578125,-86084.684375,84906.15078125,-18660.9638671875,3.145524096488953,-37.735534858703616,-141.96509323120117,11302.62509765625,948.8012084960938,-50.695636677742,0.20444394648075104,0.34936457574367524,0.35700230598449706,-50.51942749023438,25.393181610107423,11.226812267303467,0.0,0.0,0.0,0.0,0.0,0.0,0.0,0.0,0.0,0.0,0.0,0.0
509,5.09,-78.06246,906.0504,-137.454,439.637,-482.16037,144.89595,104.84405899047852,-35.676383590698244,-641.7318664550781,-91607.09140625,88702.646875,-19520.52109375,2.6794039011001587,-23.094063377380373,-86.74845275878906,7179.283154296875,406.3520935058594,32.18566336631775,0.21006689220666885,0.35148565769195556,0.3374239057302475,-46.49518089294433,25.71455364227295,10.49117021560669,0.0,0.0,0.0,0.0,0.0,0.0,0.0,0.0,0.0,0.0,0.0,0.0
510,5.1,-66.01902,906.45557,-114.225,438.114,-467.89896,152.82565,103.06034240722656,-39.51174812316894,-673.2450012207031,-96373.3328125,92065.80546875,-19889.3095703125,1.9577402114868163,-11.749250507354736,-45.595489501953125,4032.2355712890626,69.55147275924682,62.27179641723633,0.2196884959936142,0.34953303039073946,0.31862755715847013,-44.12811050415039,25.741396713256837,10.183215427398682,0.0,0.0,0.0,0.0,0.0,0.0,0.0,0.0,0.0,0.0,0.0,0.0
511,5.11,-54.17705,906.75757,-91.0354,436.966,-453.1096,159.99805,99.56949234008789,-42.23393325805664,-698.9145202636719,-100245.86484375,94791.5875,-19826.6455078125,1.2541430115699768,-3.980312240123749,-17.478706932067873,1806.185986328125,-112.19153289794922,65.07902908325195,0.2329140603542328,0.3425897926092148,0.3019675463438034,-43.10027847290039,25.237775802612305,10.534346961975098,0.0,0.0,0.0,0.0,0.0,0.0,0.0,0.0,0.0,0.0,0.0,0.0
512,5.12,-42.67418,907.1412,-68.0583,436.523,-436.36133,166.30078,94.8239990234375,-43.97200698852539,-718.0785400390625,-103149.0234375,96712.9703125,-19412.958203125,0.6908744961023331,0.6554082453250885,-0.2714239418506622,377.8588577270508,-187.60367584228516,55.89449272155762,0.24778129607439042,0.3318702936172485,0.2850061595439911,-43.39890670776367,23.47948474884033,11.622049617767335,0.0,0.0,0.0,0.0,0.0,0.0,0.0,0.0,0.0,0.0,0.0,0.0
513,5.13,-30.715385,907.9719,-45.5514,437.796,-418.15512,172.52933,89.24421081542968,-44.926504898071286,-730.5059631347656,-105070.5828125,97717.5953125,-18738.270703125,0.2915820226073265,2.936664652824402,8.624453258514404,-416.86168365478517,-196.67335510253906,42.3098690032959,0.2597477793693542,0.3204467535018921,0.26827401518821714,-45.01068687438965,21.10091438293457,12.845900535583496,0.0,0.0,0.0,0.0,0.0,0.0,0.0,0.0,0.0,0.0,0.0,0.0
514,5.14,-18.800684,908.9304,-23.1073,439.573,-397.97217,176.59851,83.19089126586914,-45.3247989654541,-736.3190795898438,-106046.64375,97750.103125,-17889.426171875,0.03994460590183735,3.6450241804122925,11.834732246398925,-759.6868774414063,-170.17532196044922,28.616333389282225,0.26547946929931643,0.31235610544681547,0.25106301754713056,-47.759843826293945,19.745216941833498,13.6630859375,0.0,0.0,0.0,0.0,0.0,0.0,0.0,0.0,0.0,0.0,0.0,0.0
515,5.15,-7.2759085,910.34607,-0.0363541,441.918,-375.32138,178.65805,76.9364990234375,-45.357337188720706,-735.9607238769531,-106152.01328125,96820.7140625,-16936.496484375,-0.09585117958486081,3.4318910360336305,11.61110544204712,-815.6908508300781,-129.5766845703125,17.036606788635254,0.26347959935665133,0.30840849578380586,0.23420096337795257,-51.60134620666504,20.16804447174072,13.946890163421632,0.0,0.0,0.0,0.0,0.0,0.0,0.0,0.0,0.0,0.0,0.0,0.0
516,5.16,4.0952425,912.1951,22.9305,444.574,-351.268,177.83719,70.66253356933593,-45.1432804107666,-730.1754638671875,-105495.66484375,95007.31328125,-15926.6482421875,-0.15052914768457412,2.778426671028137,9.656185531616211,-715.2524475097656,-88.1564956665039,8.379315423965455,0.2551777720451355,0.30702402293682096,0.22270941883325576,-56.73517761230469,21.475729751586915,13.300134372711181,0.0,0.0,0.0,0.0,0.0,0.0,0.0,0.0,0.0,0.0,0.0,0.0
517,5.17,15.137985,914.2585,46.0129,447.489,-325.70694,175.87196,64.48839302062989,-44.7367862701416,-719.9401489257813,-104214.3578125,92441.36328125,-14888.69462890625,-0.15480825752019883,2.001960241794586,7.120294904708862,-550.2403045654297,-52.876961135864256,2.597415679693222,0.2418753832578659,0.30630501806735994,0.22383527010679244,-62.61083869934082,22.370151710510253,11.888884735107421,0.0,0.0,0.0,0.0,0.0,0.0,0.0,0.0,0.0,0.0,0.0,0.0
518,5.18,26.548185,916.4923,68.6255,450.555,-299.3786,172.4366,58.50427093505859,-44.15416374206543,-706.3886657714844,-102465.5734375,89288.9625,-13840.92080078125,-0.13247933462262154,1.2852465510368347,4.687327933311463,-378.15276794433595,-26.347060012817384,-0.7889241494238377,0.2256040930747986,0.3072064071893692,0.24517678320407868,-68.55610580444336,22.21627254486084,10.05084810256958,0.0,0.0,0.0,0.0,0.0,0.0,0.0,0.0,0.0,0.0,0.0,0.0
519,5.19,37.64543,918.7664,90.917,453.628,-272.44116,167.96524,52.78718566894531,-43.391944122314456,-690.7207641601562,-100415.68046875,85729.15703125,-12795.22412109375,-0.09999888315796852,0.7128439784049988,2.69283641576767,-229.6934341430664,-8.522666907310485,-2.4061692118644715,0.21020074635744096,0.311269149184227,0.2813885688781738,-73.61459197998047,21.022555351257324,7.8088174819946286,0.0,0.0,0.0,0.0,0.0,0.0,0.0,0.0,0.0,0.0,0.0,0.0
520,5.2,48.694145,920.9503,112.5,456.681,-244.99182,162.39488,47.389072036743165,-42.43388023376465,-674.1385498046875,-98230.61484375,81940.38984375,-11756.68095703125,-0.06744228526949883,0.30539018362760545,1.239980161190033,-116.91518783569336,1.9983793124556541,-2.8569589614868165,0.1988285943865776,0.318035826086998,0.32103478610515596,-76.85702972412109,18.85523567199707,5.40240249633789,0.0,0.0,0.0,0.0,0.0,0.0,0.0,0.0,0.0,0.0,0.0,0.0
521,5.21,59.485363,923.0617,133.489,459.999,-216.38937,155.75049,42.320936584472655,-41.26623725891113,-657.7925354003906,-96068.53515625,78092.95,-10724.1703125,-0.04000534396618605,0.0473657994880341,0.29600846257526425,-40.3652421951294,7.0947500705719,-2.636182117462158,0.19196509718894958,0.3252991706132889,0.345728999376297,-77.34772033691407,15.486465740203858,3.471672797203064,0.0,0.0,0.0,0.0,0.0,0.0,0.0,0.0,0.0,0.0,0.0,0.0
522,5.22,70.26053,925.1004,153.985,463.198,-186.31935,147.95929,37.55968132019043,-39.89856796264648,-642.6767517089844,-94067.321875,74334.30703125,-9694.78408203125,-0.01955002509057522,-0.09289198964834214,-0.2365652471780777,5.4155143141746525,8.592593383789062,-2.10487105846405,0.1900196298956871,0.33110169768333436,0.3415454089641571,-74.58182373046876,12.058986282348632,2.5751657247543336,0.0,0.0,0.0,0.0,0.0,0.0,0.0,0.0,0.0,0.0,0.0,0.0
523,5.23,80.59436,926.8642,173.682,466.853,-155.64503,140.0485,33.069536972045896,-38.37314147949219,-629.5294372558594,-92331.2375,70774.30546875,-8668.3333984375,-0.005928015091922134,-0.15033454746007918,-0.473086416721344,28.111369132995605,8.001667165756226,-1.4979816913604735,0.19328255504369735,0.33513210713863373,0.30760169923305514,-69.67552032470704,9.997262477874756,3.0573604822158815,0.0,0.0,0.0,0.0,0.0,0.0,0.0,0.0,0.0,0.0,0.0,0.0
524,5.24,90.907425,928.389,192.621,470.55,-124.039116,131.54941,28.817602729797365,-36.75696144104004,-618.8141418457031,-90926.6984375,67481.76953125,-7648.721728515625,0.002019782705883699,-0.15606685876846313,-0.5198114275932312,35.33382797241211,6.429715728759765,-0.9483737468719482,0.2012736290693283,0.33786059319972994,0.2583614870905876,-63.98901596069336,9.884688186645509,4.919147944450378,0.0,0.0,0.0,0.0,0.0,0.0,0.0,0.0,0.0,0.0,0.0,0.0
525,5.25,101.00847,929.8226,210.95,474.168,-91.77307,122.823166,24.776253318786623,-35.13173408508301,-610.7549133300781,-89886.79921875,64489.39453125,-6642.891259765625,0.005788837885484099,-0.13428616747260094,-0.4614832878112793,33.450843811035156,4.60211820602417,-0.5153262317180634,0.21319535821676255,0.3401075184345245,0.20989427864551544,-58.10475120544434,11.764111518859863,7.772895193099975,0.0,0.0,0.0,0.0,0.0,0.0,0.0,0.0,0.0,0.0,0.0,0.0
526,5.26,111.19531,931.07513,228.49,477.776,-58.560658,113.94429,20.917722511291505,-33.58941993713379,-605.3924560546875,-89219.7375,61799.74921875,-5659.28603515625,0.0068107153289020065,-0.10180147290229798,-0.3583483099937439,27.181525421142577,2.9325884103775026,-0.21086812913417816,0.22670061141252518,0.34212619364261626,0.17400173842906952,-52.41980972290039,14.977840328216553,10.62637939453125,0.0,0.0,0.0,0.0,0.0,0.0,0.0,0.0,0.0,0.0,0.0,0.0
527,5.27,121.29571,931.91876,246.003,480.783,-25.374119,105.15794,17.21311435699463,-32.22474212646485,-602.6338073730469,-88915.70234375,59389.518359375,-4706.662353515625,0.006257258541882038,-0.06895705908536912,-0.2485029309988022,19.648878860473634,1.6089330554008483,-0.02081225689034909,0.23802008479833603,0.34478969871997833,0.15474011600017548,-47.824004364013675,18.4662223815918,12.386949825286866,0.0,0.0,0.0,0.0,0.0,0.0,0.0,0.0,0.0,0.0,0.0,0.0
528,5.28,131.44867,932.7198,263.001,483.497,8.767533,96.03667,13.636820125579835,-31.11547718048096,-602.2909912109375,-88953.0390625,57215.81953125,-3792.2391845703123,0.004980998951941729,-0.04113200977444649,-0.1526108831167221,12.659857845306396,0.6729713380336761,0.08026845678687096,0.2447334811091423,0.3492376893758774,0.15227539390325545,-44.61222534179687,21.291211891174317,12.778157901763915,0.0,0.0,0.0,0.0,0.0,0.0,0.0,0.0,0.0,0.0,0.0,0.0
529,5.29,141.90742,933.0885,279.449,485.829,43.833344,86.98186,10.166099357604981,-30.30408878326416,-604.1291259765625,-89305.3921875,55228.31875,-2919.41337890625,0.0035350935766473414,-0.02029848303645849,-0.0790925607085228,7.057991886138916,0.08478615256026387,0.1195548802614212,0.24915286004543305,0.35559843182563783,0.1620917871594429,-42.624819946289065,23.62250175476074,11.895976543426514,0.0,0.0,0.0,0.0,0.0,0.0,0.0,0.0,0.0,0.0,0.0,0.0
530,5.3,152.3894,933.34,295.279,487.841,80.893456,78.24552,6.782778882980347,-29.800284385681152,-607.89560546875,-89944.6359375,53377.8109375,-2088.330114746094,0.0022310204454697668,-0.00636328806867823,-0.028734929952770473,3.057467448711395,-0.23126734644174576,0.12082321494817734,0.25516837239265444,0.3627893954515457,0.17988464385271072,-42.830264282226565,25.305602836608887,10.400347042083741,0.0,0.0,0.0,0.0,0.0,0.0,0.0,0.0,0.0,0.0,0.0,0.0
531,5.31,162.6429,933.21405,310.989,489.798,118.81323,69.99791,3.4838584661483765,-29.59421100616455,-613.3253967285157,-90839.865625,51616.479296875,-1298.7810119628907,0.001206559402635321,0.0018146140093449504,0.0017270947340875865,0.5147383159026504,-0.35722937881946565,0.10233043730258942,0.2630275398492813,0.3694252550601959,0.20050496160984038,-45.517677307128906,25.358970069885252,9.257083892822266,0.0,0.0,0.0,0.0,0.0,0.0,0.0,0.0,0.0,0.0,0.0,0.0
532,5.32,173.42107,933.0142,326.1,491.143,156.96913,62.087914,0.28235565721988676,-29.668649673461914,-620.1480346679688,-91957.10234375,49897.150390625,-552.3468292236328,0.000488290804787539,0.00573456734418869,0.017125992476940154,-0.8750479072332382,-0.3654306173324585,0.07660098224878312,0.26922658681869505,0.37516859769821165,0.2258615255355835,-49.823081970214844,23.065092468261717,8.887017917633056,0.0,0.0,0.0,0.0,0.0,0.0,0.0,0.0,0.0,0.0,0.0,0.0
533,5.33,183.89476,932.2954,340.58,492.141,194.91473,55.804512,-2.8026368260383605,-30.00345573425293,-628.1051940917969,-93260.39609375,48175.45625,147.76920127868652,4.137171581533039e-05,0.006842680461704731,0.022334913536906243,-1.4514286756515502,-0.3117449641227722,0.05122530795633793,0.26929464638233186,0.37918199598789215,0.26084275394678114,-53.95812835693359,18.90198383331299,9.303640747070313,0.0,0.0,0.0,0.0,0.0,0.0,0.0,0.0,0.0,0.0,0.0,0.0
534,5.34,194.30002,931.54407,354.565,492.78,231.48425,50.33091,-5.758285808563232,-30.571949768066407,-636.9647888183594,-94713.10703125,46412.7859375,798.3823059082031,-0.00019512170692905783,0.006328526511788368,0.021475748158991337,-1.517984354496002,-0.234725658595562,0.030052619613707067,0.259570848941803,0.3800797343254089,0.3009000390768051,-57.36321754455567,14.324853324890137,10.02525463104248,0.0,0.0,0.0,0.0,0.0,0.0,0.0,0.0,0.0,0.0,0.0,0.0
535,5.35,205.00316,930.5394,368.481,492.88,268.9016,45.836876,-8.587278509140015,-31.34004783630371,-646.5127197265625,-96276.85625,44578.245703125,1398.2074584960938,-0.000285877997521311,0.005061195185407996,0.01763072106987238,-1.3116911768913269,-0.15790558308362962,0.014397310651838779,0.24139676988124847,0.3767453581094742,0.34012978374958036,-60.19089126586914,10.864623260498046,10.348505592346191,0.0,0.0,0.0,0.0,0.0,0.0,0.0,0.0,0.0,0.0,0.0,0.0
536,5.36,215.42197,929.2779,382.347,492.757,306.55746,41.930946,-11.309173202514648,-32.272505569458005,-656.5262939453125,-97909.4421875,42648.116796875,1948.1068725585938,-0.00028727220778819175,0.003607175569050014,0.012858755607157945,-0.9977070927619934,-0.09336071759462357,0.004061368416296318,0.22034238427877426,0.3678707331418991,0.3743129938840866,-62.37878303527832,8.533544445037842,9.654156494140626,0.0,0.0,0.0,0.0,0.0,0.0,0.0,0.0,0.0,0.0,0.0,0.0
537,5.37,226.16478,927.9305,395.873,492.417,343.08212,39.66959,-13.96005630493164,-33.331716537475586,-666.7785278320313,-99566.04375,40607.574609375,2451.384912109375,-0.00024246913089882584,0.0022875059396028517,0.008366037579253315,-0.6780698120594024,-0.045358996279537676,-0.0018999789986992254,0.20141339302062988,0.35335240960121156,0.3957698822021484,-63.59113388061523,6.889028263092041,7.8696617603302,0.0,0.0,0.0,0.0,0.0,0.0,0.0,0.0,0.0,0.0,0.0,0.0
538,5.38,236.88022,926.7859,409.035,492.041,378.49875,38.110447,-16.593191623687744,-34.4708911895752,-677.0964660644531,-101206.95390625,38457.77109375,2915.097021484375,-0.00018099714652635156,0.0012460699246730656,0.004728895053267479,-0.40617278814315794,-0.013474869169294834,-0.004665998462587595,0.1881379097700119,0.33489114940166476,0.4077086389064789,-64.98496627807617,6.018899822235108,5.536309480667114,0.0,0.0,0.0,0.0,0.0,0.0,0.0,0.0,0.0,0.0,0.0,0.0
539,5.39,247.56969,925.1353,421.873,491.426,412.6325,37.465954,-19.28745288848877,-35.62592391967773,-687.4264465332031,-102807.12734375,36225.183984375,3352.454931640625,-0.00012068976866430603,0.0005128070537466556,0.002108274097554386,-0.20192197412252427,0.005064556558500044,-0.005349740805104375,0.18259952813386918,0.3157455027103424,0.41541274189949035,-67.66228790283203,6.857636547088623,3.1946538925170898,0.0,0.0,0.0,0.0,0.0,0.0,0.0,0.0,0.0,0.0,0.0,0.0
540,5.4,258.19568,923.2891,434.433,490.68,444.89633,37.483494,-22.15794906616211,-36.710886764526364,-697.8539672851563,-104360.6828125,33965.803125,3785.1486083984373,-7.053772787912749e-05,5.428871045296546e-05,0.00042590546763676684,-0.06483987346291542,0.013800487760454417,-0.004853817354887724,0.18456557691097258,0.2990982741117477,0.4178295940160751,-70.6457015991211,10.201018619537354,1.1610052049160005,0.0,0.0,0.0,0.0,0.0,0.0,0.0,0.0,0.0,0.0,0.0,0.0
541,5.41,268.70175,921.4637,447.277,489.934,475.60248,37.76304,-25.353502082824708,-37.61760940551758,-708.5608703613282,-105876.75546875,31759.2388671875,4243.012158203125,-3.355751559865894e-05,-0.0001902192656416446,-0.0005071531588328071,0.015962580987252294,0.016108294762670994,-0.0038295439211651684,0.19312595427036286,0.28659963309764863,0.4160427749156952,-72.31175231933594,15.156390190124512,-0.3222102984786034,0.0,0.0,0.0,0.0,0.0,0.0,0.0,0.0,0.0,0.0,0.0,0.0
542,5.42,279.4799,919.6324,459.978,489.184,504.69095,38.41132,-29.040036964416505,-38.22115974426269,-719.7388366699219,-107369.1609375,29694.5474609375,4761.11650390625,-9.213935675234097e-06,-0.000285875829285942,-0.0009068452869541943,0.05500567406415939,0.014743173308670521,-0.0026957407593727113,0.2062971219420433,0.27819922268390657,0.4137087047100067,-72.49523696899413,19.717159271240234,-0.7303588956594467,0.0,0.0,0.0,0.0,0.0,0.0,0.0,0.0,0.0,0.0,0.0,0.0
543,5.43,290.00906,917.6184,473.23,488.539,532.3741,39.576523,-33.37865104675293,-38.39516067504883,-731.4884033203125,-108843.73671875,27852.812109375,5376.449951171875,4.770737575654493e-06,-0.00028979156049899755,-0.000968788709724322,0.06637710854411125,0.011704660393297673,-0.0016852444387041032,0.22168375551700592,0.2733286529779434,0.41018269658088685,-72.72650375366212,22.725696563720703,0.40290420800447463,0.0,0.0,0.0,0.0,0.0,0.0,0.0,0.0,0.0,0.0,0.0,0.0
544,5.44,300.87448,915.9206,485.964,487.961,557.40326,40.435234,-38.509507751464845,-38.03924980163574,-743.7300415039062,-110286.94453125,26291.35703125,6123.70185546875,1.1209828062419547e-05,-0.00024588657979620623,-0.0008471466309856624,0.06170972175896168,0.008286670176312327,-0.0008983094128780067,0.23706200271844863,0.27286271154880526,0.40799770355224607,-74.1246322631836,23.793347549438476,2.6712545275688173,0.0,0.0,0.0,0.0,0.0,0.0,0.0,0.0,0.0,0.0,0.0,0.0
545,5.45,312.07437,914.32043,498.455,487.184,580.8805,40.686447,-44.53860359191894,-37.123769760131836,-756.13486328125,-111658.04375,25031.9322265625,7026.181787109375,1.274643009310239e-05,-0.0001843351376010105,-0.0006503257434815168,0.049530009552836415,0.005215046601369977,-0.0003510913360514678,0.25082321763038634,0.27727494239807127,0.41696505546569823,-76.54587783813477,23.30106716156006,5.414688777923584,0.0,0.0,0.0,0.0,0.0,0.0,0.0,0.0,0.0,0.0,0.0,0.0
546,5.46,323.46448,912.8456,511.31796,486.369,601.091,41.283627,-51.50462951660156,-35.70768775939941,-768.1003173828125,-112886.12734375,24055.4234375,8085.52119140625,1.151723927250714e-05,-0.00012345795330475083,-0.0004460134223336354,0.03541521225124598,0.0028083481825888156,-1.391720716128475e-05,0.2619708746671677,0.28517710864543916,0.4390342265367508,-78.23394088745117,21.49092082977295,8.308794593811035,0.0,0.0,0.0,0.0,0.0,0.0,0.0,0.0,0.0,0.0,0.0,0.0
547,5.47,335.4655,911.38074,523.686,485.47,620.08405,41.611942,-59.36289978027344,-33.91295967102051,-778.7820434570312,-113872.075,23308.0845703125,9280.7443359375,9.059834883373697e-06,-7.257410979946143e-05,-0.00027022159047191964,0.0225414153188467,0.0011251098767388612,0.00016176258213818073,0.26957819163799285,0.29464158713817595,0.46873195469379425,-78.28144073486328,18.49388370513916,10.558617496490479,0.0,0.0,0.0,0.0,0.0,0.0,0.0,0.0,0.0,0.0,0.0,0.0
548,5.48,347.86743,910.21796,535.901,484.236,636.7474,40.98667,-68.00347671508788,-31.88236560821533,-787.1644165039063,-114495.2875,22716.28046875,10575.8666015625,6.359914641507202e-06,-3.489470909698866e-05,-0.00013695892484975048,0.012346053868532181,8.080965544650098e-05,0.00022651653562206776,0.27236693501472475,0.30411905944347384,0.5043855011463165,-76.38328628540039,14.58469820022583,11.40627965927124,0.0,0.0,0.0,0.0,0.0,0.0,0.0,0.0,0.0,0.0,0.0,0.0
549,5.49,360.86462,909.2118,548.19,482.933,650.11816,39.949352,-77.26084823608399,-29.72932834625244,-792.1458740234375,-114622.6734375,22202.76484375,11927.7431640625,3.963043104704411e-06,-9.97951215140347e-06,-4.669376066885888e-05,0.005144265713170171,-0.0004692827322287485,0.00022393894469132646,0.2694768518209457,0.3133563607931137,0.5440101861953736,-72.75796203613281,10.739291000366212,10.887576293945312,0.0,0.0,0.0,0.0,0.0,0.0,0.0,0.0,0.0,0.0,0.0,0.0
550,5.5,373.71585,908.04034,560.402,481.441,661.0583,38.354214,-86.90805130004883,-27.499403381347655,-792.6096252441406,-114115.36484375,21697.7015625,13291.120703125,2.1018907546022094e-06,4.420566932594739e-06,7.1462116920884e-06,0.0006238326790480641,-0.0006779414368793368,0.00018712800665525718,0.2597653418779373,0.32240494191646574,0.5773708760738373,-69.08227462768555,8.611473560333252,9.560010623931884,0.0,0.0,0.0,0.0,0.0,0.0,0.0,0.0,0.0,0.0,0.0,0.0
551,5.51,386.9743,907.3571,572.401,480.071,669.9223,36.24903,-96.63864364624024,-25.156964111328126,-787.4572631835938,-112831.51796875,21142.7548828125,14619.02177734375,8.112764902534763e-07,1.1128868663945468e-05,3.371425464138156e-05,-0.001800759811885655,-0.0006778705050237477,0.0001385371397191193,0.24341570287942887,0.3312758237123489,0.5975210547447205,-66.28590621948243,8.897939968109132,7.679305839538574,0.0,0.0,0.0,0.0,0.0,0.0,0.0,0.0,0.0,0.0,0.0,0.0
552,5.52,400.14862,906.49365,584.722,478.8,676.094,33.696896,-106.04087371826172,-22.598463249206542,-775.6002319335937,-110625.640625,20490.5005859375,15858.50087890625,1.8708829507829704e-08,1.2816807520721341e-05,4.204111573926639e-05,-0.002762857568450272,-0.0005704204784706234,9.158514512819238e-05,0.22417526543140412,0.33971375823020933,0.6068464279174804,-63.535365676879884,11.619887542724609,5.468367052078247,0.0,0.0,0.0,0.0,0.0,0.0,0.0,0.0,0.0,0.0,0.0,0.0
553,5.53,413.7852,906.0754,596.305,477.246,680.6358,30.32363,-114.57510986328126,-19.688182640075684,-755.9450012207031,-107347.5859375,19701.11875,16944.8177734375,-3.920280619240657e-07,1.1654326590360142e-05,3.96635241486365e-05,-0.002820057258941233,-0.00042475062946323305,5.291622437653132e-05,0.20692099928855895,0.34505521357059477,0.6080562889575958,-59.20881805419922,16.12473335266113,3.370720934867859,0.0,0.0,0.0,0.0,0.0,0.0,0.0,0.0,0.0,0.0,0.0,0.0
554,5.54,427.14056,905.398,607.917,475.586,683.3992,27.511497,-121.56939010620117,-16.311293125152588,-727.4111450195312,-102846.6203125,18738.5501953125,17797.3400390625,-5.41230548378735e-07,9.20952206797665e-06,3.215528686268953e-05,-0.0024026274913921952,-0.00028249929746380074,2.4636281159473584e-05,0.19583613127470018,0.3447193682193756,0.6063768565654755,-52.458523178100585,20.592509460449218,1.4282141864299773,0.0,0.0,0.0,0.0,0.0,0.0,0.0,0.0,0.0,0.0,0.0,0.0
555,5.55,440.59366,904.6952,618.782,473.401,682.2671,24.72316,-126.25042266845703,-12.439684963226318,-689.0086059570312,-96986.01875,17568.8794921875,18320.2556640625,-5.322325534962147e-07,6.492365127996891e-06,2.3197092741611413e-05,-0.0018071477883495391,-0.0001645475975237787,6.182583598501879e-06,0.19249224066734313,0.3387683600187302,0.6138425648212433,-44.335428619384764,22.951196479797364,-0.12474492862820626,0.0,0.0,0.0,0.0,0.0,0.0,0.0,0.0,0.0,0.0,0.0,0.0
556,5.56,453.97852,904.5738,628.839,472.125,683.07764,23.838234,-127.8090591430664,-8.193821096420288,-640.0205383300781,-89673.53515625,16162.21181640625,18409.397265625,-4.432669754805829e-07,4.065637745043204e-06,1.4912394362909254e-05,-0.0012144204578362406,-7.778819963277783e-05,-4.291432890113356e-06,0.19559735357761382,0.3282285839319229,0.6342765927314759,-36.75050163269043,23.27537899017334,-0.6755032181739807,0.0,0.0,0.0,0.0,0.0,0.0,0.0,0.0,0.0,0.0,0.0,0.0
557,5.57,467.01202,905.0692,639.026,472.132,690.84894,27.020685,-125.50819931030273,-3.8673854947090147,-580.3442565917969,-80910.57578125,14500.47939453125,17967.7478515625,-3.272556995170817e-07,2.1728677097598847e-06,8.286977163152187e-06,-0.0007170311931986362,-2.0824796774832065e-05,-9.000255886348896e-06,0.20122466385364532,0.3155691593885422,0.6612978935241699,-32.672367095947266,22.492363929748535,0.058049459010362625,0.0,0.0,0.0,0.0,0.0,0.0,0.0,0.0,0.0,0.0,0.0,0.0
558,5.58,480.23157,906.38403,649.766,473.339,701.4194,28.080414,-118.86017990112305,0.11343406029045582,-510.8850524902344,-70845.0109375,12591.82802734375,16931.12197265625,-2.157123674351169e-07,8.547395623281773e-07,3.5650989730129367e-06,-0.0003475078890915029,1.1782451201725052e-05,-9.996766584663419e-06,0.20628782063722612,0.30418357253074646,0.6771386861801147,-33.81165771484375,21.34102840423584,1.8855352222919464,0.0,0.0,0.0,0.0,0.0,0.0,0.0,0.0,0.0,0.0,0.0,0.0
559,5.59,493.86578,908.345,659.221,474.658,704.9528,28.83553,-107.81054000854492,3.279265022277832,-433.8073669433594,-59803.747265625,10482.11650390625,15292.89697265625,-1.2414263750315513e-07,4.112906526465565e-08,5.70798632831826e-07,-0.00010232471377094043,2.6691710263548885e-05,-8.925405654736097e-06,0.20869654268026352,0.29668228030204774,0.6705093204975128,-38.54628372192383,20.343303680419922,4.613475441932678,0.0,0.0,0.0,0.0,0.0,0.0,0.0,0.0,0.0,0.0,0.0,0.0
560,5.6,506.68265,910.69855,668.566,475.783,702.0084,27.720339,-92.89195175170899,5.248594808578491,-352.60174560546875,-48293.499609375,8261.067724609375,13126.11787109375,-5.735913042315133e-08,-3.8398691515340033e-07,-1.0602020495298347e-06,4.003498568181385e-05,3.0132956453599036e-05,-6.959899428693461e-06,0.20768250823020934,0.29343329668045043,0.6401590287685395,-44.456922149658205,19.902813720703126,7.631835412979126,0.0,0.0,0.0,0.0,0.0,0.0,0.0,0.0,0.0,0.0,0.0,0.0
561,5.61,518.3874,912.7353,678.92,476.649,698.6611,26.372618,-75.30372009277343,5.8750101089477536,-271.8595916748047,-36961.7642578125,6060.108349609375,10597.46904296875,-1.3910353373336459e-08,-5.418615387497994e-07,-1.731347447275766e-06,0.00010693454678403213,2.712867244554218e-05,-4.845808325626421e-06,0.20648293942213058,0.2931777060031891,0.5936814785003662,-50.65575256347656,20.397066497802733,10.103373050689697,0.0,0.0,0.0,0.0,0.0,0.0,0.0,0.0,0.0,0.0,0.0,0.0
562,5.62,529.3077,914.6404,689.618,477.145,695.78955,24.419226,-56.76984825134277,5.327423143386841,-196.69766235351562,-26512.2671875,4034.234423828125,7949.875390625,1.0648035719817984e-08,-5.372253610858024e-07,-1.8023038705905492e-06,0.0001244094906724058,2.1284245667629877e-05,-2.9902645565016427e-06,0.20877705365419388,0.29393482208251953,0.5428729772567749,-57.0803108215332,21.494708824157716,11.670898532867431,0.0,0.0,0.0,0.0,0.0,0.0,0.0,0.0,0.0,0.0,0.0,0.0
563,5.63,540.0897,916.84503,699.048,477.805,694.0832,23.454412,-39.1646842956543,4.039096879959106,-131.737451171875,-17563.60322265625,2327.583544921875,5449.639697265625,2.1595952404140917e-08,-4.497127520153299e-07,-1.5532223301306658e-06,0.0001136866667366121,1.4904670297255507e-05,-1.5617665667377878e-06,0.21387998759746552,0.2950916409492493,0.5073562771081924,-63.356827926635745,22.495438194274904,12.169595336914062,0.0,0.0,0.0,0.0,0.0,0.0,0.0,0.0,0.0,0.0,0.0,0.0
564,5.64,551.014,918.85284,707.524,478.56,694.07465,23.593927,-24.05269603729248,2.5291784048080443,-79.86141052246094,-10484.319970703125,1033.7242065429687,3317.841796875,2.3806566495920833e-08,-3.334276385658086e-07,-1.1789515497184766e-06,9.015533942147158e-05,9.260654132958735e-06,-5.79337708472849e-07,0.21910879164934158,0.29770487844944,0.49846849143505095,-67.72794952392579,23.45808353424072,11.594772434234619,0.0,0.0,0.0,0.0,0.0,0.0,0.0,0.0,0.0,0.0,0.0,0.0
565,5.65,562.2833,921.32623,714.899,479.222,694.1483,24.089224,-12.375489711761475,1.2092127621173858,-41.59204998016357,-5316.160595703125,171.1318033695221,1682.6628662109374,2.117159123571355e-08,-2.2076543331195354e-07,-7.995774581104343e-07,6.376280216500164e-05,4.8894155725065506e-06,1.791764550063135e-08,0.22165861427783967,0.30350365936756135,0.5128047704696655,-69.89404525756837,24.459968948364256,10.113869571685791,0.0,0.0,0.0,0.0,0.0,0.0,0.0,0.0,0.0,0.0,0.0,0.0
566,5.66,573.93085,923.4129,720.487,479.519,694.73016,24.514608,-4.342445456981659,0.28340199729427695,-15.638741397857666,-1855.3347534179688,-312.331608581543,566.2060485839844,1.6461115226462654e-08,-1.2781935581074323e-07,-4.776923475446893e-07,4.0080285543808714e-05,1.8656702252428658e-06,3.223635417270998e-07,0.21926379352807998,0.3134045541286469,0.5423900485038757,-70.1126937866211,25.26854248046875,8.024435901641846,0.0,0.0,0.0,0.0,0.0,0.0,0.0,0.0,0.0,0.0,0.0,0.0
567,5.67,585.3049,925.3953,725.491,479.417,695.21765,24.673729,0.48859753608703616,-0.24524990767240523,0.1531413771212101,214.48397884368896,-513.240673828125,-99.26088953018188,1.1429212598557115e-08,-5.974511836370766e-08,-2.3639011175191628e-07,2.1544724495470292e-05,1.4338195697405353e-08,4.2791864416358296e-07,0.2130361944437027,0.326766836643219,0.5868644952774048,-68.3631362915039,26.1848726272583,5.96205587387085,0.0,0.0,0.0,0.0,0.0,0.0,0.0,0.0,0.0,0.0,0.0,0.0
568,5.68,596.55206,927.07556,729.589,479.074,695.4889,24.912996,2.896842861175537,-0.47845907509326935,8.253285217285157,1245.3577758789063,-535.2996459960938,-425.92815856933595,7.029279647241537e-09,-1.5254189955626885e-08,-7.478349264289364e-08,8.594345445089857e-06,-9.404354216258071e-07,4.1441940936692843e-07,0.20728423893451692,0.33969004452228546,0.6386186122894287,-65.33867073059082,28.353619384765626,4.315403795242309,0.0,0.0,0.0,0.0,0.0,0.0,0.0,0.0,0.0,0.0,0.0,0.0
569,5.69,607.41,928.712,732.991,478.721,695.16846,24.710194,3.6768476963043213,-0.5226287424564362,11.112977600097656,1578.4013671875,-461.8266967773437,-526.5055206298828,3.651693813999657e-09,1.0053321986003283e-08,2.0212347751069614e-08,5.695993905874274e-07,-1.2826430065615567e-06,3.418062988203019e-07,0.2073651060461998,0.35030976831912997,0.68606516122818,-61.65974769592285,32.696084594726564,3.3067416191101073,0.0,0.0,0.0,0.0,0.0,0.0,0.0,0.0,0.0,0.0,0.0,0.0
570,5.7,618.1008,930.2146,736.412,478.379,694.85205,24.940561,3.495533013343811,-0.46253945827484133,10.82334280014038,1499.6415405273438,-350.8453887939453,-494.8234039306641,1.335304061766962e-09,2.148089546238907e-08,6.588446588295938e-08,-3.6493520838121183e-06,-1.2554631325656374e-06,2.502854940189536e-07,0.21405355334281922,0.35974072813987734,0.7238839209079743,-58.30128135681152,38.23229827880859,3.2197320222854615,0.0,0.0,0.0,0.0,0.0,0.0,0.0,0.0,0.0,0.0,0.0,0.0
571,5.71,628.1041,931.71936,739.597,478.041,695.2848,24.973362,2.8483545780181885,-0.3583310306072235,8.959288740158081,1221.4906860351562,-238.15199432373046,-400.1147003173828,-6.80563532612366e-11,2.395652245468227e-08,7.894267852748272e-08,-5.241716189630097e-06,-1.0425417542592186e-06,1.6353888554476725e-07,0.2254961758852005,0.3681392252445221,0.7482637465000153,-55.10613670349121,42.83851661682129,3.9211602210998535,0.0,0.0,0.0,0.0,0.0,0.0,0.0,0.0,0.0,0.0,0.0,0.0
572,5.72,638.3953,933.4765,742.6,477.898,696.18713,25.03582,2.0640415787696837,-0.24793609976768494,6.580576753616333,884.8292236328125,-142.43484344482422,-287.9864166259766,-7.792946510321031e-10,2.1434133934405962e-08,7.315202097402106e-08,-5.230391661825706e-06,-7.677963253627241e-07,9.29942217453572e-08,0.23732634484767914,0.3751355469226837,0.7568746268749237,-50.74426956176758,45.06943016052246,5.3781494140625,0.0,0.0,0.0,0.0,0.0,0.0,0.0,0.0,0.0,0.0,0.0,0.0
573,5.73,647.7479,934.83966,745.731,477.743,695.8701,25.283953,1.3334536790847777,-0.15185112953186036,4.313999819755554,571.4107818603516,-70.61896629333496,-184.66336669921876,-1.0217384383004457e-09,1.6739980956970157e-08,5.858127778424205e-08,-4.395770974952029e-06,-5.047781257871975e-07,4.196371055087411e-08,0.24547062516212464,0.38005600571632386,0.7567169189453125,-45.016195678710936,45.20543518066406,7.7382715225219725,0.0,0.0,0.0,0.0,0.0,0.0,0.0,0.0,0.0,0.0,0.0,0.0
574,5.74,657.09155,936.2109,748.32,477.676,695.7595,25.509476,0.7462741076946259,-0.07835393659770488,2.464271628856659,319.6142333984375,-22.479942655563356,-102.24288024902344,-9.845726789414756e-10,1.1672288291464384e-08,4.180206616410942e-08,-3.2698207405701394e-06,-2.8947069949936124e-07,9.059292521707007e-09,0.2476985052227974,0.38248503804206846,0.756087452173233,-39.269250106811526,43.859039306640625,10.578792572021484,0.0,0.0,0.0,0.0,0.0,0.0,0.0,0.0,0.0,0.0,0.0,0.0
575,5.75,666.33923,937.4786,750.645,477.594,695.16016,25.672428,0.32592035830020905,-0.028124219831079246,1.122113251686096,139.42086868286134,5.8494702816009525,-43.63679161071777,-8.0943828306701e-10,7.2154243024868945e-09,2.6545396103472285e-08,-2.172397148569871e-06,-1.3282727451269238e-07,-9.305387327351866e-09,0.24310360103845596,0.3816636085510254,0.7552402317523956,-34.95957870483399,40.928645324707034,12.948550510406495,0.0,0.0,0.0,0.0,0.0,0.0,0.0,0.0,0.0,0.0,0.0,0.0
576,5.76,675.5062,938.64734,753.164,477.502,694.4539,25.799408,0.05800585555844009,0.0021752230182755738,0.2537719886749983,24.619971418380736,19.497929859161378,-6.569663092494011,-5.910710199064084e-10,3.779051827024204e-09,1.4489597521816222e-08,-1.2635457437681908e-06,-3.118751448760726e-08,-1.7279421449245547e-08,0.2330641195178032,0.37689859569072726,0.746685403585434,-32.31870746612549,36.11054878234863,14.146384620666504,0.0,0.0,0.0,0.0,0.0,0.0,0.0,0.0,0.0,0.0,0.0,0.0
577,5.77,684.7595,939.88135,755.076,477.374,694.85345,25.836304,-0.08902635313570499,0.01741946404799819,-0.23319755867123604,-38.34576778411865,23.430407333374024,13.542211246490478,-3.8506254573800194e-10,1.4122357672174956e-09,5.990962859137028e-09,-5.957278574442171e-07,2.6047554069208444e-08,-1.864397329853773e-08,0.21993640214204788,0.37001982927322385,0.7281382977962494,-31.16524467468262,29.23165092468262,14.126238155364991,0.0,0.0,0.0,0.0,0.0,0.0,0.0,0.0,0.0,0.0,0.0,0.0
578,5.78,693.89294,940.7761,756.75,477.222,695.5975,26.117899,-0.15056685358285904,0.02250231206417084,-0.4467892348766327,-64.6651798248291,21.740927505493165,21.743813705444335,-2.1805616479131373e-10,-2.92591144455262e-11,6.691431578102757e-10,-1.5774121369105388e-07,5.136730401034128e-08,-1.6391754265043802e-08,0.2054651275277138,0.36198478043079374,0.7013952553272247,-31.427553176879883,20.349608421325684,13.409564590454101,0.0,0.0,0.0,0.0,0.0,0.0,0.0,0.0,0.0,0.0,0.0,0.0
579,5.79,703.2605,941.6541,758.627,477.122,695.1124,26.197718,-0.1583707258105278,0.021551757119596004,-0.4858841121196747,-67.95971374511718,17.42668933868408,22.518032264709472,-9.757956179190508e-11,-7.662651346773686e-10,-2.1749387402181243e-09,9.25961069153658e-08,5.625466741321361e-08,-1.2635604562660774e-08,0.19113622903823851,0.35251454412937167,0.6710195422172547,-33.379032135009766,11.510410118103028,12.651933097839356,0.0,0.0,0.0,0.0,0.0,0.0,0.0,0.0,0.0,0.0,0.0,0.0
580,5.8,712.3014,942.395,760.148,477.053,694.3939,26.389387,-0.1372907780110836,0.017647666949778797,-0.4290063351392746,-58.88602561950684,12.445646953582763,19.348216438293456,-2.0132717812749307e-11,-1.0240309156195337e-09,-3.2935705052139498e-09,2.0672094080964598e-07,4.985522963352196e-08,-8.700878462164496e-09,0.17827318608760834,0.34168594479560854,0.6423967182636261,-37.026921081542966,4.787839698791504,11.942812061309814,0.0,0.0,0.0,0.0,0.0,0.0,0.0,0.0,0.0,0.0,0.0,0.0
581,5.81,721.96155,942.72076,762.085,476.719,695.0668,26.540028,-0.10469051077961922,0.012842628080397845,-0.3317637830972672,-44.88673057556152,7.91081976890564,14.651494121551513,2.2903496287030033e-11,-9.94384985464336e-10,-3.347210841830872e-09,2.3268117956831703e-07,3.8662819434875925e-08,-5.2977625397687685e-09,0.1696493774652481,0.32896286249160767,0.6214691221714019,-41.60432586669922,1.750306451320648,11.124464130401611,0.0,0.0,0.0,0.0,0.0,0.0,0.0,0.0,0.0,0.0,0.0,0.0
582,5.82,731.35187,943.2939,763.837,476.539,694.0322,26.558023,-0.07132884673774242,0.008335449453443288,-0.2291625291109085,-30.571525382995606,4.324145078659058,9.913415670394897,4.1416198942600956e-11,-8.215646829512479e-10,-2.84441838971361e-09,2.0916757250688534e-07,2.6777969885927178e-08,-2.70740579955131e-09,0.1675386369228363,0.3151367485523224,0.6108898937702179,-46.05263557434082,3.4305240988731383,9.989080905914307,0.0,0.0,0.0,0.0,0.0,0.0,0.0,0.0,0.0,0.0,0.0,0.0
583,5.83,740.44836,943.54626,765.539,476.405,693.55194,26.754974,-0.042861846089363095,0.004695714078843593,-0.14006218686699867,-18.362138175964354,1.793624997138977,5.9048426151275635,4.437819660363385e-11,-6.024664933601542e-10,-2.1350150425369916e-09,1.6392578032764505e-07,1.6420105186654153e-08,-9.456710747812736e-10,0.1706789031624794,0.3054127722978592,0.5993109881877899,-50.29390411376953,8.675319957733155,8.601360321044922,0.0,0.0,0.0,0.0,0.0,0.0,0.0,0.0,0.0,0.0,0.0,0.0
584,5.84,749.7147,943.47687,767.445,476.163,693.89966,26.752298,-0.021423934306949378,0.002079016889911145,-0.07202659510076045,-9.17085018157959,0.2074713882058859,2.9067853808403017,3.8870079030473015e-11,-3.9427625331267534e-10,-1.4317215413228722e-09,1.1467385334640312e-07,8.489145519874342e-09,1.1058162857624509e-10,0.1735520750284195,0.3033281475305557,0.5772624731063842,-55.57725601196289,14.960091495513916,7.287260627746582,0.0,0.0,0.0,0.0,0.0,0.0,0.0,0.0,0.0,0.0,0.0,0.0
585,5.85,758.9222,943.53986,769.283,476.079,694.5694,26.97064,-0.006999449525028467,0.000403302991981036,-0.02560945926234126,-2.9887866497039797,-0.6414725422859192,0.9036973685026168,2.987692853534396e-11,-2.246873881395217e-10,-8.430135312043063e-10,7.116305056342753e-08,3.0635365466658017e-09,6.364962223948112e-10,0.17142423391342163,0.30697205364704133,0.5453982055187225,-62.735168838500975,19.84969482421875,6.43923282623291,0.0,0.0,0.0,0.0,0.0,0.0,0.0,0.0,0.0,0.0,0.0,0.0
586,5.86,767.85547,943.3285,771.202,475.813,694.66113,26.878588,0.001530994249333162,-0.0005227502566413023,0.0023299460706766697,0.6654511325061321,-0.9766041994094848,-0.2700794942677021,2.0515776230634054e-11,-1.0183134752095314e-10,-4.065443426348736e-10,3.750063797269831e-08,-2.1335347100137626e-10,8.062192968782966e-10,0.1637088030576706,0.31254309713840484,0.5083235591650009,-70.59980850219726,22.661465072631835,6.377471208572388,0.0,0.0,0.0,0.0,0.0,0.0,0.0,0.0,0.0,0.0,0.0,0.0
587,5.87,776.84045,942.9753,773.172,475.55,694.519,26.781935,0.005677270237356424,-0.0009163666865788401,0.01633544163778424,2.4400936365127563,-0.9942777335643769,-0.8311861157417297,1.2448631795530796e-11,-2.2486565647711344e-11,-1.1756305772631093e-10,1.4239234857882365e-08,-1.8654905620252293e-09,7.657896650137274e-10,0.15384662002325059,0.31727555096149446,0.4701728641986847,-77.10570526123047,23.84139461517334,7.270707273483277,0.0,0.0,0.0,0.0,0.0,0.0,0.0,0.0,0.0,0.0,0.0,0.0
588,5.88,786.0291,942.4927,775.171,475.292,694.19006,27.013119,0.006910904543474317,-0.0009736754582263529,0.020952732674777506,2.966488170623779,-0.8458200812339782,-0.9881652474403382,6.3255469005124574e-12,2.1899113208587174e-11,4.974518440399589e-11,1.5040349521378003e-11,-2.4199067416574848e-09,6.2364381436808e-10,0.1465114787220955,0.319011926651001,0.4380253255367279,-80.65718536376953,24.324255752563477,8.91268081665039,0.0,0.0,0.0,0.0,0.0,0.0,0.0,0.0,0.0,0.0,0.0,0.0
589,5.89,794.67255,941.77625,777.125,475.056,694.48486,27.177668,0.00645052008330822,-0.0008488745137583464,0.020008192397654057,2.767253804206848,-0.6354129016399384,-0.9123482704162598,2.1729189302911733e-12,4.126526134684561e-11,1.279420021316202e-10,-7.305623839215514e-09,-2.321699277274547e-09,4.516894885897571e-10,0.14406224936246873,0.31389578580856325,0.42379464507102965,-81.01104202270508,24.159240341186525,10.84594497680664,0.0,0.0,0.0,0.0,0.0,0.0,0.0,0.0,0.0,0.0,0.0,0.0
590,5.9,804.14746,941.34503,779.209,474.785,694.4888,27.410032,0.005191522045060992,-0.0006501546129584312,0.016351785883307456,2.2262569427490235,-0.42647355794906616,-0.7287724733352661,-3.0790357514066253e-13,4.4690269540570424e-11,1.4790054597701996e-10,-9.914441623237736e-09,-1.903281576787208e-09,2.916462682467369e-10,0.14734379649162294,0.30178416073322295,0.43013621866703033,-78.57219619750977,23.803368759155273,12.102206230163574,0.0,0.0,0.0,0.0,0.0,0.0,0.0,0.0,0.0,0.0,0.0,0.0
591,5.91,813.39655,940.60565,781.332,474.614,694.6008,27.675884,0.0037211387883871795,-0.0004448923806194216,0.01187952160835266,1.5951498866081237,-0.2513973817229271,-0.5188442558050156,-1.535485508272899e-12,3.937091867800557e-11,1.347331926582207e-10,-9.685649615676084e-09,-1.3864187908829707e-09,1.6309130573821661e-10,0.1547202557325363,0.28845880925655365,0.45153423547744753,-73.54443588256837,23.325483322143555,12.144318294525146,0.0,0.0,0.0,0.0,0.0,0.0,0.0,0.0,0.0,0.0,0.0,0.0
592,5.92,823.23376,939.8007,784.055,474.309,694.8602,27.785894,0.002374991634860635,-0.0002687894637347199,0.007696164958178997,1.01768501996994,-0.12148574590682984,-0.32862249910831454,-1.923761692480819e-12,3.0395526200155396e-11,1.0660919022575932e-10,-8.033175058486109e-09,-9.008069679072861e-10,7.110735888993247e-11,0.1626724660396576,0.2789498955011368,0.4776851922273636,-66.63696746826172,22.651059532165526,10.926020622253418,0.0,0.0,0.0,0.0,0.0,0.0,0.0,0.0,0.0,0.0,0.0,0.0
593,5.93,832.34906,938.6922,787.122,473.911,694.8076,28.00089,0.0013060703815426678,-0.00013559367362177,0.004324333695694804,0.5593223869800568,-0.0353965098503977,-0.1786816269159317,-1.8186937849815066e-12,2.096133457779592e-11,7.52465117992429e-11,-5.910069145187435e-09,-5.082225584818189e-10,1.2514566520658438e-11,0.16894733905792236,0.2769015669822693,0.5014152288436889,-59.13114242553711,22.294081497192384,8.7338791847229,0.0,0.0,0.0,0.0,0.0,0.0,0.0,0.0,0.0,0.0,0.0,0.0
594,5.94,842.06134,937.7526,790.658,473.614,695.6495,28.353554,0.0005491589661687612,-4.557925058179535e-05,0.0019043199368752538,0.23486822322010995,0.014504835312254726,-0.07322434522211552,-1.4764514480805624e-12,1.2786009924437015e-11,4.7187198592979485e-11,-3.881247279124978e-09,-2.257080966572289e-10,-1.9614174173732123e-11,0.17237749993801116,0.28074975311756134,0.5265051186084747,-51.73396186828613,22.317931938171387,6.095671129226685,0.0,0.0,0.0,0.0,0.0,0.0,0.0,0.0,0.0,0.0,0.0,0.0
595,5.95,851.7363,936.53204,795.234,472.978,696.87854,28.25266,7.271334379765904e-05,7.955113937896386e-06,0.0003574807557015447,0.030721489759162068,0.03788044359534979,-0.007364131882786751,-1.0664147950117942e-12,6.5538064558667844e-12,2.5273655564206354e-11,-2.2224156626116097e-09,-4.459063883107198e-11,-3.303625116524156e-11,0.17329420298337936,0.286961767077446,0.5586482644081116,-45.401013946533205,22.017719650268553,3.219924247264862,0.0,0.0,0.0,0.0,0.0,0.0,0.0,0.0,0.0,0.0,0.0,0.0
596,5.96,861.6966,935.2448,800.272,472.379,696.588,28.547867,-0.0001839376607676968,3.423774651309941e-05,-0.0004950061993440613,-0.07917908765375614,0.043904649838805196,0.027687538415193558,-6.864716043872288e-13,2.308868287531629e-12,9.994444074429287e-12,-1.016796552510968e-09,5.565915991989634e-11,-3.4707009488599284e-11,0.173196704685688,0.29265241920948026,0.5946690738201141,-40.405439376831055,21.38192138671875,0.32639037147164346,0.0,0.0,0.0,0.0,0.0,0.0,0.0,0.0,0.0,0.0,0.0,0.0
597,5.97,871.6539,933.86444,805.987,471.525,696.7462,28.826694,-0.0002868371200747788,4.2334815225331114e-05,-0.0008551693637855351,-0.12317591160535812,0.040047061070799826,0.04133416414260864,-3.822161418745237e-13,-2.4098960170250177e-13,5.496686014132995e-13,-2.3539230521382736e-10,9.841760878481764e-11,-3.006702525842897e-11,0.1729688212275505,0.29531254470348356,0.6344932198524476,-37.23655891418457,20.99033603668213,-1.8342177033424378,0.0,0.0,0.0,0.0,0.0,0.0,0.0,0.0,0.0,0.0,0.0,0.0
598,5.98,881.5396,932.38965,812.127,470.713,696.32446,29.29718,-0.00029432695591822264,3.979245630034711e-05,-0.0009049637417774647,-0.1262939453125,0.0317165981978178,0.04180558621883392,-1.6511318408438807e-13,-1.5146929283754718e-12,-4.3967230247202175e-12,2.0393616240177436e-10,1.0482163470548755e-10,-2.2915435347881096e-11,0.17311863750219345,0.29312596917152406,0.6823942303657532,-36.066518783569336,21.105458641052245,-2.9056233406066894,0.0,0.0,0.0,0.0,0.0,0.0,0.0,0.0,0.0,0.0,0.0,0.0
599,5.99,891.66656,930.7334,819.268,469.525,696.7192,29.456163,-0.0002515421772841364,3.2179017580347136e-05,-0.0007871845737099648,-0.10788595378398895,0.022404886968433856,0.035423729196190835,-2.7251336775073488e-14,-1.9299930577310054e-12,-6.244925280021741e-12,3.976533990979192e-10,9.150671539948085e-11,-1.5604856035827953e-11,0.17502779513597488,0.28673256635665895,0.7337476372718811,-36.561017227172854,20.659079551696777,-2.9554218292236327,0.0,0.0,0.0,0.0,0.0,0.0,0.0,0.0,0.0,0.0,0.0,0.0
600,6.0,902.06665,929.0597,826.278,468.469,696.90076,30.282015,-0.00018967089999932796,2.3162937395682093e-05,-0.0006018525571562349,-0.0813198059797287,0.014063836075365543,0.02652714215219021,4.7996111954078624e-14,-1.837841456710926e-12,-6.206262283606212e-12,4.343089166081171e-10,7.015634531648552e-11,-9.370893384180734e-12,0.17810273319482803,0.2793606847524643,0.7859421908855438,-38.28431777954101,18.741999435424805,-1.822827535867691,0.0,0.0,0.0,0.0,0.0,0.0,0.0,0.0,0.0,0.0,0.0,0.0
601,6.01,912.50305,927.36896,834.125,467.093,696.29596,31.070564,-0.00012778367308783345,1.4853868833597517e-05,-0.00041113215556833895,-0.05476592481136322,0.007543886546045542,0.017746471241116522,7.910523432586198e-14,-1.4992104020901399e-12,-5.202942503917951e-12,3.843485585353079e-10,4.805489062231771e-11,-4.6786620801556045e-12,0.18025993704795837,0.27244747877120973,0.8321228325366974,-40.99744873046875,14.965701484680176,0.5357663221657276,0.0,0.0,0.0,0.0,0.0,0.0,0.0,0.0,0.0,0.0,0.0,0.0
602,6.02,923.3147,925.68176,841.967,465.715,696.6364,31.925877,-7.56947229092475e-05,8.225187457355787e-06,-0.00024786048306850715,-0.03242601826786995,0.00299401885131374,0.010416797921061515,8.257592472218217e-14,-1.0874254079661083e-12,-3.862294772200015e-12,2.977413565696807e-10,2.90691444873592e-11,-1.5231627428519829e-12,0.18132116049528121,0.2667646795511246,0.8641814231872559,-44.62192916870117,9.903797006607055,3.3895551443099974,0.0,0.0,0.0,0.0,0.0,0.0,0.0,0.0,0.0,0.0,0.0,0.0
603,6.03,934.1957,923.7585,850.549,464.158,696.74756,33.01137,-3.69008175766794e-05,3.511420618451666e-06,-0.00012458266428438947,-0.015794098470360042,0.00017870890860649524,0.004995096800848841,7.127681826918711e-14,-7.032534277140456e-13,-2.5605288072119704e-12,2.0600303407558584e-10,1.4694848289587005e-11,3.416831933423961e-13,0.18339323699474336,0.2636519581079483,0.8817344009876251,-48.83445510864258,4.649762988090515,5.856125450134277,0.0,0.0,0.0,0.0,0.0,0.0,0.0,0.0,0.0,0.0,0.0,0.0
604,6.04,945.4609,921.84344,859.322,462.665,697.5991,34.209568,-1.1094330079686188e-05,5.29799345017068e-07,-4.141576691836235e-05,-0.004734363500028848,-0.0012980725499801339,0.0014141476072836666,5.416914475569329e-14,-3.9416307403335874e-13,-1.4850417119974257e-12,1.2616140909749162e-10,4.970833250225737e-12,1.2469954322608113e-12,0.18801822364330292,0.2640265911817551,0.8884178400039673,-52.47049751281738,-0.16278630010783673,7.57673487663269,0.0,0.0,0.0,0.0,0.0,0.0,0.0,0.0,0.0,0.0,0.0,0.0
605,6.05,956.7975,920.114,868.509,461.062,698.6067,35.963142,3.94096459785942e-06,-1.0881813807372965e-06,7.93584317193563e-06,0.001706013058719691,-0.001852180517744273,-0.0006523160605865997,3.67838284110562e-14,-1.7267950171975453e-13,-6.963928918116493e-13,6.509206507132603e-11,-8.197913647835925e-13,1.5151788027370495e-12,0.19576577693223954,0.26923341751098634,0.8840898215770722,-55.521319198608396,-4.370960927009582,8.48293170928955,0.0,0.0,0.0,0.0,0.0,0.0,0.0,0.0,0.0,0.0,0.0,0.0
606,6.06,968.6422,918.4046,877.842,459.537,699.4327,37.67803,1.1052078389184316e-05,-1.7481945292274758e-06,3.206952223990811e-05,0.004749226057901979,-0.001843774865847081,-0.0016121376189403235,2.2010496554438885e-14,-3.136490696715132e-14,-1.8028821098243878e-13,2.335785800888779e-11,-3.669138690792773e-12,1.4130665929902586e-12,0.20651867240667343,0.2791742503643036,0.8608619689941406,-58.690694427490236,-7.359558534622193,8.773557186126709,0.0,0.0,0.0,0.0,0.0,0.0,0.0,0.0,0.0,0.0,0.0,0.0
607,6.07,980.8869,916.47534,887.862,457.785,699.8738,40.272133,1.2959429932379863e-05,-1.8107539403899863e-06,3.940453570976388e-05,0.005562395136803388,-0.001547290536109358,-0.0018505062907934189,1.0921962110966415e-14,4.631078625373956e-14,1.138132113104014e-13,-1.8154178193282438e-12,-4.553712398477905e-12,1.1366196070276835e-12,0.2183685779571533,0.29178095459938047,0.8161195337772369,-61.838322448730466,-8.743190956115722,8.869912052154541,0.0,0.0,0.0,0.0,0.0,0.0,0.0,0.0,0.0,0.0,0.0,0.0
608,6.08,992.9329,915.0467,898.452,456.389,701.22516,43.363777,1.1887236451002536e-05,-1.5560131828351586e-06,3.693442704388872e-05,0.005099364556372166,-0.0011495711514726281,-0.0016799195320345462,3.486297973637057e-15,7.893628174607085e-14,2.470924750615569e-13,-1.447928365747031e-11,-4.287252454091006e-12,8.142831786454863e-13,0.22933884114027023,0.3041389584541321,0.7663015484809875,-62.870338439941406,-8.048485040664673,9.073298358917237,0.0,0.0,0.0,0.0,0.0,0.0,0.0,0.0,0.0,0.0,0.0,0.0
609,6.09,1005.1428,913.3837,909.334,454.988,701.69354,47.16864,9.451977985008852e-06,-1.1783885383920278e-06,2.981103643833194e-05,0.004053105693310499,-0.0007627884158864617,-0.0013259578030556441,-8.91745808807072e-16,8.321391061568046e-14,2.7651040636865466e-13,-1.8700435124030524e-11,-3.4708134586877715e-12,5.194134483415754e-13,0.23793874382972718,0.3129419833421707,0.7269552648067474,-60.121647644042966,-5.4926004886627195,9.531985855102539,0.0,0.0,0.0,0.0,0.0,0.0,0.0,0.0,0.0,0.0,0.0,0.0
610,6.1,1017.80524,912.0833,921.204,453.77,702.4963,51.84522,6.701313623125316e-06,-7.973781066539232e-07,2.1422307690954766e-05,0.002872565994039178,-0.0004429210937814787,-0.0009337384370155632,-3.0029250485834107e-15,7.222887652563737e-14,2.4783069476827515e-13,-1.7908976385205833e-11,-2.5007833260801138e-12,2.853994913120349e-13,0.24342894405126572,0.3171655088663101,0.7038419306278229,-55.49341735839844,-2.357461225986481,10.141776371002198,0.0,0.0,0.0,0.0,0.0,0.0,0.0,0.0,0.0,0.0,0.0,0.0
611,6.11,1030.6166,911.26263,933.891,452.69,703.8736,57.40429,4.224237318339874e-06,-4.74999612265492e-07,1.3711824067286216e-05,0.0018100047018378973,-0.00020816675387322903,-0.0005839857243699953,-3.613281383792806e-15,5.513192983738757e-14,1.9380451833205665e-13,-1.4663964920808015e-11,-1.6054399454810964e-12,1.1977675863400656e-13,0.24690243303775788,0.31800261735916135,0.6990908205509185,-51.93704948425293,0.4850043423473835,10.729016876220703,0.0,0.0,0.0,0.0,0.0,0.0,0.0,0.0,0.0,0.0,0.0,0.0
612,6.12,1043.5826,911.00726,947.459,452.117,705.77795,64.45279,2.2804317609370626e-06,-2.3387021457210723e-07,7.5720771747000985e-06,0.0009765133261680603,-5.440119848572067e-05,-0.0003115027386229485,-3.3547557898075377e-15,3.7599573316491645e-14,1.3529855811015776e-13,-1.067080902805717e-11,-8.90396285348205e-13,1.5585134818947002e-14,0.24872118532657622,0.31790935397148135,0.7104771971702576,-50.49751739501953,3.070124089717865,11.371421813964844,0.0,0.0,0.0,0.0,0.0,0.0,0.0,0.0,0.0,0.0,0.0,0.0
613,6.13,1056.8364,910.8696,962.225,451.444,708.75226,72.36094,9.190017806304241e-07,-7.275182074550912e-08,3.2133550689650294e-06,0.00039295025198953225,3.333072902478307e-05,-0.00012195162271382287,-2.690159953930597e-15,2.262132928215364e-14,8.375846335408575e-14,-6.9254814990399314e-12,-3.814198075761076e-13,-4.0490546909821046e-14,0.247415167093277,0.31713140904903414,0.7252194464206696,-50.962615203857425,5.490871810913086,11.882474040985107,0.0,0.0,0.0,0.0,0.0,0.0,0.0,0.0,0.0,0.0,0.0,0.0
614,6.14,1069.9257,911.00665,978.23,450.749,712.4347,81.18085,7.292985131357454e-08,2.1670898830983278e-08,4.616332795137623e-07,3.0443931336776586e-05,7.318689313251525e-05,-5.104340539219266e-06,-1.921952888011495e-15,1.1330577199820642e-14,4.396918416925237e-14,-3.901134124940919e-12,-5.911504162429189e-14,-6.292519809250954e-14,0.24162532538175582,0.315169683098793,0.729840874671936,-51.75190315246582,7.61153769493103,12.021254539489746,0.0,0.0,0.0,0.0,0.0,0.0,0.0,0.0,0.0,0.0,0.0,0.0
615,6.15,1083.1235,911.1094,994.972,450.089,717.76306,90.33804,-3.7392644571809794e-07,6.681703084154833e-08,-1.0272638348851615e-06,-0.00016088793199742213,8.209570005419664e-05,5.582185585808475e-05,-1.2221663801266046e-15,3.72612515649301e-15,1.6530546090222797e-14,-1.7269583983334225e-12,1.1607646267786097e-13,-6.449675998354901e-14,0.23135586678981782,0.31248309910297395,0.7309542179107666,-51.84002342224121,9.470312118530273,11.876708889007569,0.0,0.0,0.0,0.0,0.0,0.0,0.0,0.0,0.0,0.0,0.0,0.0
616,6.16,1096.3048,911.39667,1013.18,449.396,723.98444,101.26445,-5.445805243198265e-07,7.945685425170268e-08,-1.6305169083352667e-06,-0.00023383339575957506,7.367057478404603e-05,7.832271730876528e-05,-6.684682799293742e-16,-7.767617020325873e-16,-2.0589052658280075e-16,-3.347059679789004e-13,1.8781849719148175e-13,-5.508533455495911e-14,0.21671269983053207,0.30938075184822084,0.7464024424552917,-52.33493232727051,11.42224941253662,11.56799612045288,0.0,0.0,0.0,0.0,0.0,0.0,0.0,0.0,0.0,0.0,0.0,0.0
617,6.17,1109.7882,911.8176,1032.46,448.405,732.1116,111.652855,-5.460884608510242e-07,7.336946197256112e-08,-1.6825203942971712e-06,-0.0002343108833883889,5.766224276158027e-05,7.748849602648989e-05,-2.776695007697046e-16,-2.970392249496915e-15,-8.784083689919973e-15,4.3463799454055566e-13,1.9496821827358694e-13,-4.1514527411449026e-14,0.1985763803124428,0.3062048703432083,0.7873476564884185,-54.77501335144043,13.787728881835937,11.098795700073243,0.0,0.0,0.0,0.0,0.0,0.0,0.0,0.0,0.0,0.0,0.0,0.0
618,6.18,1122.5497,912.4297,1052.15,447.798,741.70215,122.269844,-4.603325464813679e-07,5.8611596642776933e-08,-1.4426682241719391e-06,-0.00019742826552828773,4.02890258555999e-05,6.478066679846962e-05,-3.260659093836347e-17,-3.628324286595393e-15,-1.1805621059321525e-14,7.615902808573438e-13,1.6775256043207592e-13,-2.795412674532231e-14,0.18020344376564026,0.3032532066106796,0.8463371634483338,-58.97519798278809,16.308187580108644,10.386341857910157,0.0,0.0,0.0,0.0,0.0,0.0,0.0,0.0,0.0,0.0,0.0,0.0
619,6.19,1135.3708,912.7865,1072.78,446.601,752.87805,132.65742,-3.432684650306328e-07,4.173130641049738e-08,-1.0906640397934097e-06,-0.00014716837467858567,2.4966493765532504e-05,4.797757683263626e-05,9.864387579877687e-17,-3.391892636478834e-15,-1.1489500570703104e-14,8.091261005389177e-13,1.2716861797542473e-13,-1.654782725641268e-14,0.16642287820577623,0.30154461562633517,0.904742157459259,-64.57206802368164,18.525507354736327,9.375974082946778,0.0,0.0,0.0,0.0,0.0,0.0,0.0,0.0,0.0,0.0,0.0,0.0
620,6.2,1147.56,912.9739,1093.59,445.623,765.5427,142.67554,-2.2864613526962785e-07,2.6433844091400262e-08,-7.367358080045961e-07,-9.798998144106008e-05,1.3126999783708016e-05,3.173006734868977e-05,1.5054078211185367e-16,-2.732779348407939e-15,-9.5062622019798e-15,7.053710859763335e-13,8.613756274011494e-14,-8.057215537596026e-15,0.15954720675945283,0.3021164357662201,0.9449813067913055,-70.75706634521484,20.218885040283205,8.249562311172486,0.0,0.0,0.0,0.0,0.0,0.0,0.0,0.0,0.0,0.0,0.0,0.0
621,6.21,1159.3566,913.09863,1114.65,444.473,778.83997,150.93054,-1.3344281981630957e-07,1.4374734824684765e-08,-4.379001808274552e-07,-5.716070190828759e-05,4.955565441377985e-06,1.8342938710702582e-05,1.533871992734103e-16,-1.9606396990971482e-15,-6.979558346342307e-15,5.402184016962963e-13,5.137815018807328e-14,-2.4121109228435184e-15,0.15892654657363892,0.30466423034667967,0.9516710221767426,-75.01792755126954,21.59598751068115,7.17444257736206,0.0,0.0,0.0,0.0,0.0,0.0,0.0,0.0,0.0,0.0,0.0,0.0
622,6.22,1170.7257,912.8279,1135.44,443.306,791.61273,158.36803,-6.331616972943265e-08,5.892597276790923e-09,-2.1476216431892682e-07,-2.7096692065242678e-05,-3.384455098398575e-08,8.54874942888273e-06,1.3054634042832235e-16,-1.2526997050015474e-15,-4.5736188579068804e-15,3.696465198819651e-13,2.5353348333788125e-14,8.744857585529948e-16,0.16357606053352355,0.3082803666591644,0.9196751058101654,-75.9239128112793,22.988469505310057,6.293577051162719,0.0,0.0,0.0,0.0,0.0,0.0,0.0,0.0,0.0,0.0,0.0,0.0
623,6.23,1181.9736,912.64233,1155.99,442.834,806.6015,164.20798,-1.7203425306533404e-08,5.948521487886271e-10,-6.592805785743394e-08,-7.335232260174962e-06,-2.595509772618243e-06,2.1550730238573125e-06,9.810879879942366e-17,-6.899684272322794e-16,-2.6110506553712474e-15,2.2331490497941308e-13,7.946286874625828e-15,2.426855569463509e-15,0.17168399095535278,0.31245327591896055,0.8647681415081024,-73.19480743408204,24.97799892425537,5.744745969772339,0.0,0.0,0.0,0.0,0.0,0.0,0.0,0.0,0.0,0.0,0.0,0.0
624,6.24,1193.3772,912.61945,1176.63,443.188,821.9488,168.401,9.247374663234886e-09,-2.2250715048244272e-09,2.1093176172382043e-08,3.9942678498050554e-06,-3.5021967960346957e-06,-1.4759306012024354e-06,6.587377679251306e-17,-2.9111526868719484e-16,-1.1875783826485383e-15,1.1264208085704462e-13,-2.2687124800381017e-15,2.840989543837218e-15,0.17977061718702317,0.3169579327106476,0.8095362544059753,-67.37018661499023,27.61833438873291,5.355486869812012,0.0,0.0,0.0,0.0,0.0,0.0,0.0,0.0,0.0,0.0,0.0,0.0
625,6.25,1204.4092,912.74774,1197.06,444.297,840.0005,171.5709,2.139087253993921e-08,-3.323330122206869e-09,6.252282283014666e-08,9.1903211796307e-06,-3.4137341572204604e-06,-3.110192778876808e-06,3.885082445751053e-17,-3.977783476849656e-17,-2.670280987984067e-16,3.7852466522542494e-14,-7.164787214786346e-15,2.603883761373763e-15,0.18717135041952132,0.32159500420093534,0.7706637382507324,-61.321878814697264,29.996956634521485,5.266490793228149,0.0,0.0,0.0,0.0,0.0,0.0,0.0,0.0,0.0,0.0,0.0,0.0
626,6.26,1216.0178,913.5801,1217.65,445.987,859.7631,173.28374,2.424910405807168e-08,-3.3617728822932235e-09,7.39309818698075e-08,1.0407392619526944e-05,-2.827289335982641e-06,-3.458180026427726e-06,1.879144413281013e-17,9.583718514419094e-17,2.48903264632002e-16,-6.624439836145501e-15,-8.548481560344484e-15,2.0692894834502286e-15,0.19583008140325547,0.32665680050849916,0.754446417093277,-57.15206184387207,30.84188289642334,5.430545043945313,0.0,0.0,0.0,0.0,0.0,0.0,0.0,0.0,0.0,0.0,0.0,0.0
627,6.27,1226.4683,914.6271,1238.61,447.932,881.73846,172.73663,2.187720209434474e-08,-2.848853886128211e-09,6.808551802350849e-08,9.384441727888771e-06,-2.0775614871126892e-06,-3.089243909926154e-06,5.4933449739016866e-18,1.5042436669767643e-16,4.749069816235832e-16,-2.845790839984446e-14,-7.90581640273567e-15,1.4663490487489861e-15,0.206405209004879,0.3303777098655701,0.756167733669281,-55.43125343322754,29.36967353820801,5.560017538070679,0.0,0.0,0.0,0.0,0.0,0.0,0.0,0.0,0.0,0.0,0.0,0.0
628,6.28,1237.1464,915.85376,1259.49,450.188,905.11206,170.38193,1.7190266454747415e-08,-2.133537668758123e-09,5.4289403195184605e-08,7.371104902631487e-06,-1.362625073397794e-06,-2.409914554846182e-06,-2.2189255020668753e-18,1.5467337248170165e-16,5.159323315625976e-16,-3.518176012020161e-14,-6.322433065774442e-15,9.237853078164879e-16,0.21684504598379134,0.3295056879520416,0.7639162421226502,-55.72506904602051,25.471742248535158,5.553363180160522,0.0,0.0,0.0,0.0,0.0,0.0,0.0,0.0,0.0,0.0,0.0,0.0
629,6.29,1248.087,917.73676,1280.42,452.772,929.2205,166.79875,1.2054935716321324e-08,-1.42743611375451e-09,3.858881285623283e-08,5.167246717974194e-06,-7.788757500293286e-07,-1.6785341131253516e-06,-5.835247403557593e-18,1.3235033134704987e-16,4.552864110185471e-16,-3.30663417518395e-14,-4.5059538426737074e-15,4.982582267884842e-16,0.22361756712198258,0.3229209542274475,0.7660209596157074,-56.430199813842776,19.4465970993042,5.523212575912476,0.0,0.0,0.0,0.0,0.0,0.0,0.0,0.0,0.0,0.0,0.0,0.0
630,6.3,1257.9866,919.38336,1301.03,455.149,954.1572,161.91449,7.502639265410948e-09,-8.37962427224781e-10,2.4396251596670025e-08,3.214583966837381e-06,-3.551208735075306e-07,-1.0362662806073785e-06,-6.77119014846537e-18,9.98933489885227e-17,3.519408872710054e-16,-2.6738364770721982e-14,-2.8573825112786093e-15,2.0037386981876047e-16,0.225300894677639,0.31220351755619047,0.7555785655975342,-55.849413299560545,11.20252547264099,5.739318466186523,0.0,0.0,0.0,0.0,0.0,0.0,0.0,0.0,0.0,0.0,0.0,0.0
631,6.31,1267.9,921.00555,1321.19,457.632,979.7761,156.33923,3.971655737622371e-09,-4.018996940802211e-10,1.322848044438274e-08,1.7005736367536884e-06,-8.08294609466742e-08,-5.416184819750924e-07,-6.179783514245322e-18,6.736554905077692e-17,2.430024870290603e-16,-1.924575916115081e-14,-1.5564269898708935e-15,1.5363053049789666e-17,0.22221840620040895,0.30022566616535185,0.742681348323822,-53.48097190856934,1.440328262746334,6.216523504257202,0.0,0.0,0.0,0.0,0.0,0.0,0.0,0.0,0.0,0.0,0.0,0.0
632,6.32,1277.7771,922.65576,1340.58,460.088,1005.571,150.89786,1.525643272826116e-09,-1.1386350213388186e-10,5.386564638776292e-09,6.521540001358517e-07,7.310020109230208e-08,-2.013010892198963e-07,-4.896275523246647e-18,3.995558339170696e-17,1.4844866234820578e-16,-1.2341217779562311e-14,-6.404641742591089e-16,-8.225853132303853e-17,0.21644549518823625,0.289388632774353,0.7448398649692536,-50.88700180053711,-8.064584350585937,7.030465888977051,0.0,0.0,0.0,0.0,0.0,0.0,0.0,0.0,0.0,0.0,0.0,0.0
633,6.33,1287.8845,924.63086,1359.87,462.984,1033.0304,144.22386,2.543199296989318e-11,5.237227374867148e-11,4.983950509240831e-10,9.408482171124887e-09,1.407130355346453e-07,5.688253734703607e-09,-3.4600657932290737e-18,1.9522028744098808e-17,7.627838143898313e-17,-6.83330658835077e-15,-6.771936013087806e-17,-1.1944991368124847e-16,0.211002154648304,0.28104197680950166,0.7623789787292481,-49.60977973937988,-15.401636505126953,8.258491516113281,0.0,0.0,0.0,0.0,0.0,0.0,0.0,0.0,0.0,0.0,0.0,0.0
637,6.37,1324.7839,930.07153,1431.03,475.857,1150.8616,112.95908,-8.414610563889369e-10,1.0664109179048253e-10,-2.640859064761969e-09,-3.608739518767834e-07,7.236725814152578e-08,1.1833238033887028e-07,-2.8633081187406914e-20,-6.8052163056808e-18,-2.2256539287561102e-17,1.4528969585246382e-15,3.0716482514896767e-16,-5.0016098770456196e-17,0.21598168462514877,0.2774765878915787,0.8175474286079407,-41.49694900512695,-11.126158332824707,14.287368011474609,0.0,0.0,0.0,0.0,0.0,0.0,0.0,0.0,0.0,0.0,0.0,0.0
638,6.38,1334.4971,930.95074,1447.69,478.672,1182.1681,104.39778,-6.205915725754352e-10,7.510235974783618e-11,-1.974384722380762e-09,-2.6605495122566937e-07,4.425440565114514e-08,8.668097635222694e-08,1.9970499907468308e-19,-6.251427240100735e-18,-2.123854001909291e-17,1.5047284504022575e-15,2.3026762724675566e-16,-2.916983393674328e-17,0.22702863663434983,0.28345861434936526,0.8042913973331451,-37.04179649353027,-5.943883323669434,15.894611358642578,0.0,0.0,0.0,0.0,0.0,0.0,0.0,0.0,0.0,0.0,0.0,0.0
639,6.39,1343.607,931.57446,1464.34,481.364,1214.1667,96.63102,-4.0861795336244457e-10,4.697530975317221e-11,-1.3186310376944732e-09,-1.7511265610892223e-07,2.2778040964510637e-08,5.666124067715828e-08,2.8553914921764057e-19,-4.975920649885346e-18,-1.734938162432989e-17,1.2929602609515522e-15,1.5421678598892913e-16,-1.3822354795372583e-17,0.24145056903362275,0.29153619706630707,0.7956384658813477,-31.511896514892577,-0.9874628722667694,16.932580757141114,0.0,0.0,0.0,0.0,0.0,0.0,0.0,0.0,0.0,0.0,0.0,0.0
640,6.4,1353.4877,932.2622,1480.2,483.655,1247.3413,88.55195,-2.3481000893665894e-10,2.50604908352825e-11,-7.723020778449552e-10,-1.0057538588625902e-07,8.119203842582578e-09,3.2237836045112546e-08,2.8445463530146167e-19,-3.531207399773151e-18,-1.2599290504735351e-17,9.79127433623121e-16,9.065220696083297e-17,-3.735895361999717e-18,0.256912425160408,0.3008056640625,0.7932263374328613,-26.012325477600097,3.5354867219924926,17.334697723388672,0.0,0.0,0.0,0.0,0.0,0.0,0.0,0.0,0.0,0.0,0.0,0.0
641,6.41,1363.0437,932.5434,1496.23,485.449,1280.1672,80.11083,-1.0817926623940544e-10,9.814400811145041e-12,-3.6884144766213823e-10,-4.6289403421440056e-08,-7.092466364211348e-10,1.4563788486299245e-08,2.388227347187732e-19,-2.228363441570589e-18,-8.158941135978234e-18,6.625119971838411e-16,4.35840169389351e-17,2.045520943859098e-18,0.2692946881055832,0.31107998788356783,0.7877759218215943,-21.522774314880373,7.489902400970459,16.747304916381836,0.0,0.0,0.0,0.0,0.0,0.0,0.0,0.0,0.0,0.0,0.0,0.0
642,6.42,1373.0602,932.7036,1510.82,487.801,1314.6967,72.16671,-2.5886543131509525e-11,4.151952748081798e-13,-1.0281721411764533e-10,-1.1024623146338453e-08,-5.139057623892995e-09,3.1628346608414404e-09,1.7750211175562792e-19,-1.2049558025937065e-18,-4.5815579294729585e-18,3.946349371147361e-16,1.2461446356404463e-17,4.69590446154063e-18,0.2740264743566513,0.3243463933467865,0.7842797696590423,-18.452896881103516,10.27749195098877,15.319487953186036,0.0,0.0,0.0,0.0,0.0,0.0,0.0,0.0,0.0,0.0,0.0,0.0
643,6.43,1382.211,932.69794,1525.2,489.486,1348.923,65.16541,2.055458819642808e-11,-4.486442510900912e-12,5.034314644845883e-11,8.865872369590022e-09,-6.603853197617582e-09,-3.204077092533453e-09,1.17826431790833e-19,-4.874832602945496e-19,-2.0150296014659805e-18,1.942806622120703e-16,-5.525576206056544e-18,5.3154139366867074e-18,0.268923819065094,0.3402887940406799,0.7909283757209777,-17.172588539123534,11.440626239776611,13.604970932006836,0.0,0.0,0.0,0.0,0.0,0.0,0.0,0.0,0.0,0.0,0.0,0.0
644,6.44,1391.6333,932.54834,1539.55,490.57,1385.1304,58.54364,4.1191306268673064e-11,-6.297402399893515e-12,1.2116619235724714e-10,1.7694576293081355e-08,-6.311054301377794e-09,-5.9721138701007705e-09,6.84531083176839e-20,-4.110171558016016e-20,-3.7526657225512544e-19,6.041411740488911e-17,-1.3904247082222375e-17,4.791882145297096e-18,0.2552381902933121,0.356093630194664,0.8099515378475189,-18.93646297454834,11.785716342926026,12.149351119995117,0.0,0.0,0.0,0.0,0.0,0.0,0.0,0.0,0.0,0.0,0.0,0.0
645,6.45,1401.185,932.16876,1553.23,491.585,1420.2621,52.844994,4.528173634665844e-11,-6.231262988237729e-12,1.3840464330172608e-10,1.9433067777185897e-08,-5.160377947177608e-09,-6.449930101126711e-09,3.2203868470894214e-20,1.9507236242185248e-19,5.278475467819994e-19,-1.80326482165376e-17,-1.6011803607743677e-17,3.7632185128201125e-18,0.2355438694357872,0.3678287863731384,0.8311175584793091,-24.144360542297363,12.63046579360962,11.127689838409424,0.0,0.0,0.0,0.0,0.0,0.0,0.0,0.0,0.0,0.0,0.0,0.0
646,6.46,1410.8633,931.44714,1566.2,491.794,1455.0374,47.41019,4.021101854267961e-11,-5.2098451421012104e-12,1.2534250998230688e-10,1.72482007343433e-08,-3.750660471091294e-09,-5.673725755883652e-09,8.450865030215159e-21,2.856721650300179e-19,9.088541825091022e-19,-5.553573570080739e-17,-1.4558944572472273e-17,2.637666388014179e-18,0.21329035460948945,0.370622855424881,0.8435941994190216,-31.970633125305177,13.84696044921875,10.60610752105713,0.0,0.0,0.0,0.0,0.0,0.0,0.0,0.0,0.0,0.0,0.0,0.0
647,6.47,1420.6837,930.9367,1579.36,492.432,1489.151,43.454247,3.123042796593367e-11,-3.858792322133931e-12,9.876066492386926e-11,1.3390993114370531e-08,-2.431047740891756e-09,-4.375328854777649e-09,-5.109045318665858e-21,2.8701848936488804e-19,9.608656864242419e-19,-6.603085177339198e-17,-1.150448271874406e-17,1.640617495151395e-18,0.19313665926456453,0.3615656703710556,0.841170746088028,-40.97345314025879,13.385023021697998,10.661092948913574,0.0,0.0,0.0,0.0,0.0,0.0,0.0,0.0,0.0,0.0,0.0,0.0
648,6.48,1430.403,929.8733,1591.93,492.404,1524.1912,40.20791,2.166126462227469e-11,-2.5522278951708997e-12,6.943507713241814e-11,9.284576485413255e-09,-1.3668958409596143e-09,-3.0140065332417974e-09,-1.127598983554813e-20,2.4223097345902395e-19,8.353691422703891e-19,-6.096746748571809e-17,-8.110006537146639e-18,8.676725821228434e-19,0.17902795523405074,0.34413809776306153,0.8238296985626221,-48.894467163085935,10.617218208312988,10.765401840209961,0.0,0.0,0.0,0.0,0.0,0.0,0.0,0.0,0.0,0.0,0.0,0.0
649,6.49,1439.7058,929.1,1604.17,492.272,1558.0315,38.343506,1.3305588922318811e-11,-1.475587436527287e-12,4.3344700398351146e-11,5.7006348530563855e-09,-6.027999932545214e-10,-1.8360211018197959e-09,-1.2662090329551485e-20,1.8080473116388305e-19,6.384313712449559e-19,-4.870163664696002e-17,-5.0784747090248235e-18,3.3250695295195073e-19,0.17290070950984954,0.3238081157207489,0.7996241629123688,-54.42176818847656,6.66600399017334,10.2490704536438,0.0,0.0,0.0,0.0,0.0,0.0,0.0,0.0,0.0,0.0,0.0,0.0
650,6.5,1449.897,928.2244,1615.89,491.941,1590.8832,37.06034,6.89826459843168e-12,-6.878432854762543e-13,2.3053038818166004e-11,2.953406430528105e-09,-1.1415818099852481e-10,-9.390221378247077e-10,-1.136883124656376e-20,1.2055138186349349e-19,4.359436758435683e-19,-3.467379165858354e-17,-2.714044171912809e-18,4.4786002746954495e-21,0.17566078305244445,0.30420863926410674,0.7725061178207397,-57.81563835144043,2.8701091170310975,8.963277912139892,0.0,0.0,0.0,0.0,0.0,0.0,0.0,0.0,0.0,0.0,0.0,0.0
651,6.51,1459.9292,926.87195,1627.77,491.395,1624.2188,36.627132,2.50864559160624e-12,-1.7355880442001354e-13,8.960150763709374e-12,1.0719813786641552e-09,1.55334931722928e-10,-3.287254676798135e-10,-8.901980669727374e-21,7.044906282403167e-20,2.626862271840894e-19,-2.196221370179983e-17,-1.0674955177658309e-18,-1.6500011560972883e-19,0.18796765804290771,0.28712811768054963,0.7397608816623688,-59.78047142028809,-0.4116875099018216,7.197789859771729,0.0,0.0,0.0,0.0,0.0,0.0,0.0,0.0,0.0,0.0,0.0,0.0
652,6.52,1470.3291,925.598,1638.8,490.523,1654.1711,35.742645,-1.473060639667432e-13,1.185398157535272e-13,2.8962446590313775e-13,-6.586633356786554e-11,2.693739203918355e-10,3.7358291894024066e-11,-6.22221348010241e-21,3.3508482869611217e-20,1.3192152351278154e-19,-1.1942093026520133e-17,-5.1201436045795527e-20,-2.2605064083842076e-19,0.20771603733301164,0.27350295186042783,0.7024319350719452,-60.47128181457519,-2.9486226558685305,5.5623410701751705,0.0,0.0,0.0,0.0,0.0,0.0,0.0,0.0,0.0,0.0,0.0,0.0
653,6.53,1480.3599,924.2657,1650.12,489.685,1682.7415,34.486378,-1.490438967990254e-12,2.5003967944530953e-13,-4.21721373100592e-12,-6.408466368679199e-10,2.8536216445385065e-10,2.197869636288985e-10,-3.857530331401727e-21,9.193063517898285e-21,4.373976095906656e-20,-4.894475867746946e-18,4.797903255014416e-19,-2.216414709054805e-19,0.2283572107553482,0.26268131732940675,0.6665633141994476,-59.87603607177734,-4.1032794713974,4.767748689651489,0.0,0.0,0.0,0.0,0.0,0.0,0.0,0.0,0.0,0.0,0.0,0.0
654,6.54,1490.5471,922.8098,1661.24,488.778,1710.6506,34.428436,-1.9453035753416727e-12,2.780751133914586e-13,-5.867712348991971e-12,-8.351244307203132e-10,2.483703118172365e-10,2.788188041558115e-10,-2.0296579662698635e-21,-4.773813958917761e-21,-8.56022684456293e-21,-4.929440204165846e-19,6.769567809469727e-19,-1.842522467660633e-19,0.24521112591028213,0.2548529088497162,0.6400719046592712,-58.13059692382812,-4.590269327163696,5.340923547744751,0.0,0.0,0.0,0.0,0.0,0.0,0.0,0.0,0.0,0.0,0.0,0.0
656,6.56,1511.0121,919.9468,1682.95,486.576,1760.5024,37.05993,-1.5364080884275322e-12,1.938205360639024e-13,-4.828622224284374e-12,-6.588889656100605e-10,1.2983754210660337e-10,2.159120035538642e-10,3.3384804134814915e-24,-1.2735942371733413e-20,-4.185282643407257e-20,2.761926783120875e-18,5.617856376965261e-19,-8.937954318358778e-20,0.26417947709560397,0.2449249729514122,0.6363413155078887,-50.92942008972168,-6.2335803508758545,9.85876407623291,0.0,0.0,0.0,0.0,0.0,0.0,0.0,0.0,0.0,0.0,0.0,0.0
658,6.58,1532.5826,917.1438,1704.35,484.218,1803.0432,35.712536,-7.293251560406416e-13,8.335724959677299e-14,-2.3572363895899006e-12,-3.1253816479281936e-10,3.940375230965243e-11,1.0105112441261e-10,5.399651215222586e-22,-9.050527121222839e-21,-3.162850377034606e-20,2.3672268418522652e-18,2.757670235765769e-19,-2.3611306583857734e-20,0.2666561841964722,0.24419260919094085,0.6447322010993958,-39.013811874389646,-4.804172968864441,16.39150438308716,0.0,0.0,0.0,0.0,0.0,0.0,0.0,0.0,0.0,0.0,0.0,0.0
660,6.6,1555.1617,914.6676,1725.46,481.418,1835.5878,37.863003,-1.8394721713172433e-13,1.6201383072985853e-14,-6.308415107566384e-13,-7.869703257112892e-11,-2.4576378611232754e-12,2.4683009976211867e-11,4.364061326523249e-22,-3.958281354102308e-21,-1.4535620893551066e-20,1.1859977070032708e-18,7.462176799235462e-20,4.537671451553267e-21,0.26671391129493716,0.26251892149448397,0.6559278845787049,-25.15671730041504,0.22655083052814007,21.300787925720215,0.0,0.0,0.0,0.0,0.0,0.0,0.0,0.0,0.0,0.0,0.0,0.0
665,6.65,1611.1119,909.01434,1782.23,475.741,1871.764,27.01419,7.381703213092671e-14,-9.516701459538236e-15,2.3045200865873595e-13,3.1661963502405134e-11,-6.763851848404223e-12,-1.0407622506869441e-11,1.2573615067614318e-23,5.408290466446882e-22,1.732646670624034e-21,-1.0771669302899071e-19,-2.677609492228293e-20,4.739319202719068e-21,0.22663627862930297,0.3392818719148636,0.7907614290714264,-46.33061180114746,26.322706413269042,16.24569959640503,0.0,0.0,0.0,0.0,0.0,0.0,0.0,0.0,0.0,0.0,0.0,0.0
667,6.67,1633.5516,909.4357,1805.23,476.83,1875.8445,26.976929,3.8878412140608104e-14,-4.5576231065661046e-15,1.2479927844182698e-13,1.6663663417876283e-11,-2.393703659765711e-12,-5.405779253050969e-12,-2.1683222013267102e-23,4.42827899658576e-22,1.5309099510942538e-21,-1.1226063653311002e-19,-1.4580523795336266e-20,1.5068375614353793e-21,0.20309114307165146,0.3526185929775238,0.8713444888591766,-50.40139198303223,31.673450660705566,11.594534111022949,0.0,0.0,0.0,0.0,0.0,0.0,0.0,0.0,0.0,0.0,0.0,0.0
