frame,t_s,cadera_y_mm,cadera_z_mm,rodilla_y_mm,rodilla_z_mm,tobillo_y_mm,tobillo_z_mm,Force_Fx1_N_Nm,Force_Fy1_N_Nm,Force_Fz1_N_Nm,Moment_Mx1_N_Nm,Moment_My1_N_Nm,Moment_Mz1_N_Nm,Force_Fx2_N_Nm,Force_Fy2_N_Nm,Force_Fz2_N_Nm,Moment_Mx2_N_Nm,Moment_My2_N_Nm,Moment_Mz2_N_Nm,Force_Fx3_N_Nm,Force_Fy3_N_Nm,Force_Fz3_N_Nm,Moment_Mx3_N_Nm,Moment_My3_N_Nm,Moment_Mz3_N_Nm,Force_Fx4_N_Nm,Force_Fy4_N_Nm,Force_Fz4_N_Nm,Moment_Mx4_N_Nm,Moment_My4_N_Nm,Moment_Mz4_N_Nm,Force_Fx5_N_Nm,Force_Fy5_N_Nm,Force_Fz5_N_Nm,Moment_Mx5_N_Nm,Moment_My5_N_Nm,Moment_Mz5_N_Nm
286,2.86,-2182.659,842.54785,-2006.3601,478.014,-2072.7417,28.405031,-1.4718444821057804e-19,-4.8220169883558406e-21,8.593448689276621e-19,9.293888092804233e-17,-1.1201141062829309e-16,1.483820769558732e-17,-2.2008347581029724e-13,9.798123629719407e-13,-3.945895108055375e-12,-3.2145043701511944e-10,1.0088578306088891e-10,6.030079040264535e-11,0.0933263547718525,0.23184392601251602,0.4534468472003937,50.266025161743165,85.67042083740235,53.97729721069336,-6.217000766823484e-42,-3.0450215629778275e-42,-4.617558699643137e-42,1.3560335812003504e-39,-1.9033773982493096e-39,4.976711496049588e-40,4.453186389777836e-42,-1.732285161598339e-42,-9.07340755650319e-43,1.6563193705488261e-40,1.230020135237784e-39,7.421977316296394e-40
287,2.87,-2170.4124,843.6233,-1998.02,477.685,-2076.2854,29.120878,-1.2192457599733967e-19,6.487976529651982e-20,1.493771809067165e-19,2.0885898489659866e-17,7.967866633099608e-18,2.370855790733015e-17,-8.754104483411213e-13,4.598801537063907e-13,4.7354191301161e-12,9.026981162563174e-10,-1.0521081412768334e-11,1.2666071247391385e-10,0.10638934969902039,0.23197187036275863,0.3941756635904312,44.43903274536133,84.89058227539063,55.28573303222656,-8.654559445516503e-42,-4.2368259068860844e-42,-6.439246703265399e-42,1.8977743063397068e-39,-2.656993330155807e-39,6.92066279068419e-40,6.530331103446512e-42,-2.658263186824178e-42,-1.4035405418677368e-42,2.9931454938285228e-40,1.8575547983360415e-39,1.0426361223808801e-39
288,2.88,-2158.462,844.8305,-1989.09,476.893,-2074.6218,28.975845,-3.527710322319788e-20,1.8037373775300024e-19,-1.2765592602629239e-18,-1.2559261745968808e-16,2.387118919273249e-16,3.3647530179284926e-17,-1.8795240971231086e-12,-6.923239244263982e-13,2.0150433058252483e-11,3.003999005102287e-09,-2.2381694900208692e-10,2.1663160987284157e-10,0.11624695211648942,0.2323658898472786,0.3296548902988434,38.58691177368164,84.07582092285156,56.933838272094725,-1.072722000409934e-41,-5.249264047360765e-42,-7.997490595594596e-42,2.366367251641308e-39,-3.3038305993404456e-39,8.566137512417607e-40,8.555767903781604e-42,-3.63861159246582e-42,-1.9364543478504648e-42,4.673293944763193e-40,2.505057684291235e-39,1.3053795844417833e-39
289,2.89,-2146.0662,846.1317,-1981.67,475.646,-2075.441,28.996485,1.4400031273154835e-19,3.4930128623161554e-19,-3.654921586841863e-18,-3.7161515711791946e-16,6.13678139024687e-16,4.2602468376775796e-17,-3.2523048707280845e-12,-2.7185820109833226e-12,4.390580919666487e-11,6.163008103854395e-09,-5.694574728432045e-10,3.2478427169913003e-10,0.12196904718875885,0.23497220277786254,0.2737794816493988,33.98406639099121,83.78253326416015,58.62489395141601,-1.1452251829541e-41,-5.5997287932884014e-42,-8.562073746871065e-42,2.5479753924879576e-39,-3.542786599579896e-39,9.134013715085239e-40,9.857994566678655e-42,-4.42347886233415e-42,-2.3749206373377e-42,6.497778940120247e-40,2.992042671937099e-39,1.414365572504646e-39
290,2.9,-2133.8564,847.789,-1974.4,474.66,-2073.8894,29.004528,4.481032101685825e-19,5.700578057135744e-19,-7.151966406637058e-18,-7.35345194532598e-16,1.1534778685134847e-15,4.688679212597908e-17,-4.918849052029661e-12,-5.819638130774574e-12,7.65556291970615e-11,1.0404902628380342e-08,-1.0658775639882378e-09,4.349664212144333e-10,0.12401822358369827,0.23958881497383117,0.24195732325315475,31.27549991607666,84.02698440551758,60.32387351989746,-9.333768811174742e-42,-4.5561818269057104e-42,-7.022747383810254e-42,2.116656706077704e-39,-2.9167933647923958e-39,7.40936563011747e-40,9.352406080750262e-42,-4.586730133427991e-42,-2.4962730843482293e-42,8.039207250877546e-40,3.016916140068404e-39,1.1904030454439321e-39
291,2.91,-2119.5981,849.4228,-1966.87,472.767,-2073.659,28.93947,9.01163992921652e-19,8.235619041682613e-19,-1.1746300450863629e-17,-1.215833919461284e-15,1.847405952428029e-15,4.0773554837064313e-17,-6.643094971683916e-12,-1.0054646091411933e-11,1.1643746522516096e-10,1.544510679352129e-08,-1.7024702758661192e-09,5.151586379703588e-10,0.12354433685541152,0.24444560706615448,0.2400391936302185,30.56229248046875,84.47115936279297,61.647578430175784,-2.3419901234260667e-42,-1.1251025370063956e-42,-1.8680709827914135e-42,6.263792925144218e-40,-8.00804517562789e-40,1.7898084635588726e-40,5.489306474299606e-42,-3.492035773097444e-42,-1.9632191485190687e-42,8.556293390705725e-40,2.1362039788759566e-39,3.884399343108393e-40
292,2.92,-2107.0278,851.0391,-1961.25,471.53,-2073.932,28.986547,1.5042107592504551e-18,1.0626402415737226e-18,-1.7058392057979048e-17,-1.775277084150738e-15,2.627185637752729e-15,1.6333860071989027e-17,-7.948449277234148e-12,-1.518933893593366e-11,1.5809278192113752e-10,2.048463478843132e-08,-2.415448241421814e-09,5.123628132874814e-10,0.12164904326200485,0.2487918794155121,0.2644959047436714,31.92044334411621,85.3712387084961,62.39291610717773,1.1969330962876858e-41,5.890778484328666e-42,8.7261657970435e-42,-2.4634768148294783e-39,3.557744760037331e-39,-9.690679530038272e-40,-3.709797554453521e-42,-2.8824709411161486e-43,-3.2257890648757287e-43,6.933621998882266e-40,-2.332423458810121e-40,-1.2902105285654672e-39
293,2.93,-2091.4324,853.9201,-1956.52,470.164,-2073.2754,28.983316,2.213048213208685e-18,1.2000470491749967e-18,-2.2129506183041127e-17,-2.3158794938240894e-15,3.3336696245636468e-15,-3.6199009641427e-17,-8.037593420689993e-12,-2.0491293210855856e-11,1.9036587167731155e-10,2.3970746099166718e-08,-3.0573052756110997e-09,3.491281083678466e-10,0.11985571309924126,0.2537002146244049,0.3044396758079529,35.25627822875977,87.09509506225587,62.58805961608887,3.6099410258857345e-41,1.771311323829785e-41,2.6630276016028824e-41,-7.710767273433088e-39,1.0934015644063149e-38,-2.9019840222318718e-39,-2.0446906412349135e-41,6.0276853442932e-42,2.9658481997434753e-42,1.6409793562598624e-40,-4.7669516894441916e-39,-4.154744849338258e-39
294,2.94,-2082.1077,854.31915,-1949.92,468.761,-2073.8386,28.969858,2.909193862797238e-18,1.0975204627716135e-18,-2.517041071196572e-17,-2.6533646097678096e-15,3.6801060788148324e-15,-1.2715585613764305e-16,-5.7353921091574115e-12,-2.448541768645951e-11,1.9446351473551005e-10,2.336387936452411e-08,-3.363244793774811e-09,-7.566998468794272e-11,0.1188857801258564,0.2612754195928574,0.35000156462192533,40.11798248291016,88.54603576660156,62.67685394287109,7.188100602600582e-41,3.5235790015293956e-41,5.322804190768532e-41,-1.5533918823834873e-38,2.190334414955713e-38,-5.765046979617122e-39,-4.668075509282047e-41,1.6446759816087512e-41,8.443944286328483e-42,-9.15031502012073e-40,-1.2111025499174604e-38,-8.443523896789185e-39
295,2.95,-2066.2485,857.1795,-1946.4,467.765,-2074.1035,29.15473,3.36626810261796e-18,5.6022346445821945e-19,-2.3328738076741727e-17,-2.492118907478037e-15,3.2200360254038645e-15,-2.6478212741129086e-16,5.057070932260217e-13,-2.470744147470283e-11,1.4253587407586644e-10,1.4988592500486674e-08,-2.9220528441342707e-09,-8.7802449477703e-10,0.11724560484290122,0.272852286696434,0.39542495608329775,45.81978645324707,89.43811798095703,62.9008903503418,1.1929015606058233e-40,5.84415728442058e-41,8.853123437911329e-41,-2.5956193440932166e-38,3.647778186370201e-38,-9.555068871153238e-39,-8.329248007023496e-41,3.1633191793361287e-41,1.6490480328174447e-41,-2.7303985285214588e-39,-2.265470889548069e-38,-1.417812766726885e-38
296,2.96,-2058.237,857.4666,-1942.18,467.322,-2073.878,29.62184,3.2178980189537883e-18,-6.566360587781336e-19,-1.2564241952282806e-17,-1.4111755989658868e-15,1.3340944526390552e-15,-4.507305490205333e-16,1.2480483530322161e-11,-1.7529432332769046e-11,-2.29246491581514e-12,-5.906329603178051e-09,-1.1645775663260416e-09,-2.167103485550825e-09,0.11170355007052421,0.2853536456823349,0.4363892078399658,51.808594131469725,90.23115997314453,63.26501235961914,1.746974973399856e-40,8.554646865010143e-41,1.2988130998379572e-40,-3.8218928836788737e-38,5.357020339969244e-38,-1.3977812051793618e-38,-1.2880076873795486e-40,5.140691442344878e-41,2.705136620455843e-41,-5.418069084658264e-39,-3.617092272338723e-38,-2.0957819832441964e-38
297,2.97,-2047.3492,859.4735,-1938.37,466.842,-2074.4038,29.728323,1.938450678261651e-18,-2.81955320971354e-18,1.222780667982775e-17,1.1244246820977987e-15,-2.7424028602986095e-15,-6.733309637306631e-16,3.1911471728984786e-11,1.82094165592471e-12,-2.8308235339169486e-10,-4.469972711973469e-08,2.6100168082354712e-09,-4.005187270728072e-09,0.10114494636654854,0.2943472594022751,0.47740777134895324,57.48563652038574,91.21395111083984,64.10362663269044,2.28585270564675e-40,1.118823318587756e-40,1.7025047666345079e-40,-5.028268097174996e-38,7.029394751361441e-38,-1.8269253566326762e-38,-1.7758445243618758e-40,7.400789683515803e-41,3.924728712911661e-41,-8.973420987437915e-39,-5.130184982900848e-38,-2.7681460059042085e-38
298,2.98,-2034.4934,860.56415,-1932.72,465.54,-2074.9253,30.321302,-1.14536582758766e-18,-6.155129354729149e-18,5.664893684033554e-17,5.706442987377916e-15,-9.821074659969422e-15,-8.986122721295661e-16,5.985027091981455e-11,3.8870516701206005e-11,-7.41654876401654e-10,-1.0633371445578632e-07,9.142667112271852e-09,-6.344241398892336e-09,0.08650039583444595,0.2967080116271973,0.5212174832820893,61.32541351318359,92.22334060668945,65.18317260742188,2.6292324865387606e-40,1.2861117305573171e-40,1.9627917524874496e-40,-5.824386196231604e-38,8.11491766929492e-38,-2.0983463594339108e-38,-2.177092326636644e-40,9.514298092333708e-41,5.086349087898362e-41,-1.3119842123898083e-38,-6.491037909779704e-38,-3.2222893219610777e-38
299,2.99,-2020.9172,862.17065,-1928.48,464.717,-2074.788,30.841608,-6.786476322108258e-18,-1.074263613969292e-17,1.2554109105584318e-16,1.2854789356185527e-14,-2.055479877559503e-14,-1.0597208133153988e-15,9.572053913387002e-11,9.891043539766997e-11,-1.404541138949611e-09,-1.9337946639552682e-07,1.902405628584347e-08,-8.936612694299129e-09,0.0710063636302948,0.2919424206018448,0.5640965044498444,61.939673614501956,92.69466857910156,65.72332305908203,2.4868829833387884e-40,1.2151625880100872e-40,1.8641907873436983e-40,-5.577926438897481e-38,7.725554279296091e-38,-1.9795337658899704e-38,-2.286463671777196e-40,1.0691949321752284e-40,5.777665672288367e-41,-1.7138614078698279e-38,-7.136972434467657e-38,-3.1126377171276607e-38
300,3.0,-2010.5516,863.4371,-1922.98,464.995,-2074.7715,31.395838,-1.566069488534472e-17,-1.6350572367046503e-17,2.207785924243736e-16,2.2789595257037727e-14,-3.50868350012753e-14,-1.0464806189707182e-15,1.3595928410881087e-10,1.851441361333528e-10,-2.2603825700073798e-09,-3.030079739119174e-07,3.237089689633876e-08,-1.1222928542053978e-08,0.05777287781238556,0.28028020858764646,0.5958257377147674,59.271382904052736,92.32814865112304,65.35172500610352,1.4442748869271948e-40,7.030034135824742e-41,1.0983923869779002e-40,-3.3809758072554424e-38,4.589290529930067e-38,-1.139129534634287e-38,-1.794844730239656e-40,9.687904959078909e-41,5.341861849883349e-41,-1.9671190882621465e-38,-6.194295808065721e-38,-1.9408964639823744e-38
301,3.01,-1997.8219,864.40625,-1919.3,463.987,-2074.3828,32.290863,-2.808581473660928e-17,-2.2214704628081233e-17,3.378904688545846e-16,3.5080525114038023e-14,-5.252580969727482e-14,-6.984448897527561e-16,1.7229585952405201e-10,2.9573066218091526e-10,-3.2276746164683344e-09,-4.2276544718333755e-07,4.834272999687528e-08,-1.2210228295117531e-08,0.04640932530164719,0.2639236837625504,0.6074467062950134,54.20863838195801,91.49828262329102,64.2685661315918,-1.0270116445036584e-40,-5.089684178243454e-41,-7.283388898174669e-41,1.9303676538278388e-38,-2.919833299641948e-38,8.453052726346594e-39,-2.8652489829895965e-41,4.75268591055798e-41,2.849610492127732e-41,-1.8534927283606414e-38,-2.454381925367517e-38,9.34368299780984e-39
302,3.02,-1985.8226,865.0812,-1914.25,463.056,-2073.7031,32.687706,-4.358589116476703e-17,-2.6770720481688987e-17,4.614497086163891e-16,4.816551244489226e-14,-7.024389885946017e-14,1.9312677735216659e-16,1.8985681637939678e-10,4.1959153929127525e-10,-4.11367544472796e-09,-5.253265442206612e-07,6.449754010873222e-08,-1.0368615033229388e-08,0.036908631771802904,0.24860917627811432,0.5900328814983368,47.93939971923828,91.65176315307617,62.77471008300781,-5.514022576613367e-40,-2.7078635472674193e-40,-4.054549206542105e-40,1.165930869956453e-37,-1.661572597468244e-37,4.44199004307385e-38,2.733376988407381e-40,-6.303390817149108e-41,-2.872087319495502e-41,-1.0617981642183053e-38,5.570691016445739e-38,6.235074069819051e-38
303,3.03,-1972.3578,865.3879,-1911.32,461.926,-2074.7092,33.59263,-6.028880715214896e-17,-2.7381024429234084e-17,5.594858763258192e-16,5.876387057350292e-14,-8.304757096312503e-14,1.8665517663600853e-15,1.655159717617316e-10,5.311056816559301e-10,-4.5687985839037996e-09,-5.628764540688281e-07,7.60325391979677e-08,-3.59577157597879e-09,0.03142013344913721,0.2388610914349556,0.536855947971344,41.85551147460937,93.98395385742188,61.171457290649414,-1.2536968944805554e-39,-6.147768214895052e-40,-9.270807069874164e-40,2.6978045112126606e-37,-3.811839166953086e-37,1.0064650889549142e-37,7.761168616078537e-40,-2.5851294199710658e-40,-1.3108530562434362e-40,8.039691539626816e-39,1.945292987467449e-37,1.4617427561186543e-37
304,3.04,-1960.6853,865.64624,-1906.76,461.448,-2073.8813,34.195835,-7.418536037933979e-17,-2.0134270775819116e-17,5.777202722187177e-16,6.126495049663984e-14,-8.235596043017559e-14,4.5442363014061656e-15,6.722923376854816e-11,5.842773209696617e-10,-4.046273827107427e-09,-4.6250230525402e-07,7.503560510713214e-08,1.0675729100739773e-08,0.031638335436582565,0.2357574075460434,0.4493933588266373,36.463344192504884,98.65897140502929,60.12219047546387,-2.232592574004232e-39,-1.0940319665464608e-39,-1.6554114692737903e-39,4.844352152282256e-37,-6.81721438663032e-37,1.7893393536745676e-37,1.5143117841741492e-39,-5.588371269235049e-40,-2.896743165975297e-40,4.1828060192421783e-38,4.044396014440932e-37,2.6407921338826076e-37
305,3.05,-1949.701,865.65686,-1901.31,460.683,-2073.8975,34.295837,-7.83473765414265e-17,1.5197205715117045e-19,4.352318524950734e-16,4.725743756007431e-14,-5.564723486693735e-14,8.349163188207465e-15,-1.445116817877512e-10,5.07675254612927e-10,-1.7844716947157391e-09,-1.2496565493513856e-07,4.998799667532694e-08,3.512658981463801e-08,0.03747077621519566,0.23876057267189027,0.33351166546344757,31.13240032196045,105.8066650390625,60.49171676635742,-3.447618955803587e-39,-1.6885908537926874e-39,-2.56119005739608e-39,7.524501872298703e-37,-1.0559016746019553e-36,2.759876584933821e-37,2.482719165081894e-39,-9.704494931598051e-40,-5.08699648778888e-40,9.461806516846932e-38,6.878701883473715e-37,4.1191185847032834e-37
306,3.06,-1937.4303,865.59314,-1897.38,460.408,-2073.5688,35.252476,-6.230699549788034e-17,3.953457095923013e-17,2.423859208279698e-17,5.477063331239547e-15,1.340381330623366e-14,1.3173192429190208e-14,-5.115548290524075e-10,2.0243058878460785e-10,3.161277647989458e-09,5.695759398349765e-07,-1.4091451139286449e-08,7.183206562899613e-08,0.04964065179228783,0.24429549276828766,0.18983348309993744,25.119821548461914,117.07599411010742,62.189639282226565,-4.747388441843446e-39,-2.324143886833658e-39,-3.532897916576849e-39,1.0416339720132112e-36,-1.4579753326871926e-36,3.796263656049401e-37,3.60032363426538e-39,-1.4715961432159824e-39,-7.777367626326132e-40,1.6808287645235178e-37,1.026906410352104e-36,5.723840071873943e-37
307,3.07,-1926.1078,865.2935,-1892.61,460.019,-2074.1243,35.986446,-1.1940388062521055e-17,1.039045562283067e-16,-7.820545590641624e-16,-7.741630992134322e-14,1.434868574597039e-13,1.849227033030561e-14,-1.0674073847027898e-09,-4.5320470362653077e-10,1.1800465582467723e-08,1.7441019053876516e-06,-1.3429964482725154e-07,1.2105147817464967e-07,0.06924318559467793,0.2489985540509224,0.028816579608246684,17.587386417388917,132.76919174194336,64.08554115295411,-5.811559999283762e-39,-2.843635075216158e-39,-4.333476825086881e-39,1.2828981070051893e-36,-1.7904297477301708e-36,4.64144036795775e-37,4.663708923137364e-39,-1.9924195460485158e-39,-1.0611195293850173e-39,2.591053795987375e-37,1.3696026625160698e-36,7.080011075612093e-37
308,3.08,-1913.4132,864.4866,-1887.83,458.538,-2073.6294,36.442795,8.963225852396936e-17,1.9701628217017015e-16,-2.108346310290978e-15,-2.146890887180612e-13,3.521311226547391e-13,2.3135347160436765e-14,-1.8190449813104692e-09,-1.5879510706362509e-09,2.495766526777743e-08,3.4898131161753555e-06,-3.265801893803655e-07,1.794347440409183e-07,0.09390590190887452,0.2495976373553276,-0.125246474519372,7.688368439674377,150.11424713134767,65.0614860534668,-6.09006022179692e-39,-2.97754539854458e-39,-4.5548735746594164e-39,1.3567165370775829e-36,-1.8851786711939133e-36,4.854681493205588e-37,5.294203128592276e-39,-2.3910816723969115e-39,-1.285107279818089e-39,3.562208517822724e-37,1.613866248844966e-36,7.535381194843315e-37
309,3.09,-1901.2172,863.3767,-1883.49,457.286,-2072.7083,36.75733,2.594486957851425e-16,3.173148500726735e-16,-4.036855286253781e-15,-4.153783870683436e-13,6.492116035299728e-13,2.5034512765760575e-14,-2.7197267993273044e-09,-3.304436790863008e-09,4.284407637555887e-08,5.808055220768438e-06,-5.99724594962936e-07,2.376481333499214e-07,0.11861974224448205,0.24453746229410173,-0.23314036130905152,-2.2214846327900886,163.53954162597657,64.62957992553712,-4.7557150974483105e-39,-2.3207775475328105e-39,-3.582355064317036e-39,1.082345194526969e-36,-1.4887295605793257e-36,3.7739679437055485e-37,4.8891244565757363e-39,-2.4295229326493486e-39,-1.3246660755958252e-39,4.352686205589028e-37,1.5915813702198003e-36,6.0996746426645295e-37
310,3.1,-1888.9641,862.3152,-1878.71,456.263,-2072.122,37.360172,5.096062395262493e-16,4.534049179086348e-16,-6.541911287924235e-15,-6.775179321651809e-13,1.0266846942920405e-12,2.1015549631737355e-14,-3.6327013175352365e-09,-5.622968091145708e-09,6.441366551257488e-08,8.525112298229942e-06,-9.459155421609466e-07,2.77602416076661e-07,0.13588155061006546,0.23408232182264327,-0.23902475088834763,-5.731848406791687,163.63726654052735,62.64469985961914,-6.975173300946426e-40,-3.294828237616084e-40,-5.888015123757017e-40,2.1571499773545535e-37,-2.596610342367187e-37,5.111095906674461e-38,2.596010502546548e-39,-1.7559808383703787e-39,-9.93576242755329e-40,4.54853558017799e-37,1.0580827317624669e-36,1.4305442471089266e-37
311,3.11,-1876.497,861.35736,-1873.42,455.528,-2071.785,38.11383,8.388739394475647e-16,5.782743270574286e-16,-9.396052288816996e-15,-9.78359976583701e-13,1.4441566323873667e-12,6.731588032253424e-15,-4.28838533572673e-09,-8.397591377828917e-09,8.649894311929529e-08,1.1180511046404718e-05,-1.3274617003844468e-06,2.6976200331318976e-07,0.13477792888879775,0.2168222412467003,-0.06320111583918334,7.464544779062271,137.54318389892578,59.124163436889646,7.405033656044856e-39,3.6423781426080786e-39,5.410967584300759e-39,-1.535149637163502e-36,2.20919173603428e-36,-5.988171059359885e-37,-2.6605407172182452e-39,9.396897306992575e-41,-4.4045333070964784e-41,3.5283093367294478e-37,-3.047274115226768e-37,-8.085215668572377e-37
312,3.12,-1863.992,859.9814,-1868.15,454.232,-2071.6853,38.96564,1.2204944853194905e-15,6.428766511478313e-16,-1.2049657604172593e-14,-1.261771123781813e-12,1.8107968683539476e-12,-2.310470112724028e-14,-4.242044315816429e-09,-1.1204154137800515e-08,1.0278457764911764e-07,1.2898243221570738e-05,-1.6602151504230279e-06,1.7144005113323146e-07,0.10226572751998901,0.18957895040512085,0.3843408405780792,50.37080402374268,68.22949962615967,55.00003242492676,2.0872928470823935e-38,1.0240493556020144e-38,1.5405931508855458e-38,-4.465417756827309e-36,6.327383822550348e-36,-1.6776234366582987e-36,-1.20580397417714e-38,3.6606863873041754e-39,1.8150784991555814e-39,4.58678774080786e-38,-2.859705370034091e-36,-2.4090405913224724e-36
313,3.13,-1851.1587,858.4569,-1862.97,453.092,-2071.0637,39.878883,1.5863369302603925e-15,5.704441056770816e-16,-1.349621784569135e-14,-1.4240162000966893e-12,1.965718061415489e-12,-7.398015204184305e-14,-2.8454834155589028e-09,-1.3208413562892929e-08,1.0278197919433296e-07,1.2264438373676967e-05,-1.795649177438463e-06,-7.246478261890843e-08,0.02338226798456162,0.14606294855475427,1.208001309633255,138.0405143737793,-63.77719917297363,51.891039276123045,4.0621264197022796e-38,1.9911007560377704e-38,3.00878547006676e-38,-8.785553588267951e-36,1.2382970880192615e-35,-3.257763709384334e-36,-2.660980346585458e-38,9.465705826005702e-39,4.869549718327583e-39,-5.648888338865929e-37,-6.944944817817333e-36,-4.777942470147616e-36
314,3.14,-1838.0731,856.9927,-1857.71,452.433,-2070.7131,41.301228,1.8088378953615807e-15,2.539716287123996e-16,-1.215118221090084e-14,-1.3007870605305505e-12,1.6614172385943927e-12,-1.5007949107103714e-13,7.453145378644166e-10,-1.3035990598098124e-08,7.112152253796466e-08,7.255266928041237e-06,-1.505850991634361e-06,-5.242128480631436e-07,-0.11659682579338551,0.08037841282784938,2.515860438346863,285.614485168457,-277.2180541992187,51.59080581665039,6.649438277953624e-38,3.2574813634383155e-38,4.935777157673301e-38,-1.4476568003712787e-35,2.0339146120995358e-35,-5.325662247727282e-36,-4.669792520290384e-38,1.7833340022251986e-38,9.306626640829695e-39,-1.5780094470707953e-36,-1.2746284299895461e-35,-7.910724490571007e-36
315,3.15,-1824.9694,855.4588,-1851.74,451.02,-2071.2744,42.90753,1.6842057110245554e-15,-4.3936053956504685e-16,-5.794506472393015e-15,-6.606482179892514e-13,5.582691413644723e-13,-2.5176776218297987e-13,7.495030995841034e-09,-8.685958308163322e-09,-1.2319834796770123e-08,-4.715341503924719e-06,-4.788031141345073e-07,-1.240803811697333e-06,-0.3302145913243294,-0.008869321807287634,4.377233862876892,503.1621948242188,-582.6220886230469,55.84728889465332,9.630339281852814e-38,4.71562621848749e-38,7.16102891756829e-38,-2.1079342085437284e-35,2.953901303905324e-35,-7.704707052180531e-36,-7.135994496295373e-38,2.860469336096585e-38,1.5064451047901994e-38,-3.06115931966695e-36,-2.009639419715576e-35,-1.1563370501941385e-35
316,3.16,-1811.5284,854.02295,-1845.61,450.681,-2069.8455,44.78182,9.232522143962435e-16,-1.6516403858728851e-15,8.345288049531469e-15,7.87029495462094e-13,-1.7578064275425992e-12,-3.718734684337449e-13,1.830576872308143e-08,2.4441460369506452e-09,-1.7070648468120452e-07,-2.6529783190198943e-05,1.6648855591938627e-06,-2.2514573402077075e-06,-0.6203991293907165,-0.11367185637354851,6.761742162704468,787.7269165039063,-971.5000183105469,66.41847457885743,1.2458164851742522e-37,6.097406164658542e-38,9.280648108729424e-38,-2.7420697028559e-35,3.8322751656581887e-35,-9.955802553837027e-36,-9.731647331421887e-38,4.0730613962166994e-38,2.1616020511133505e-38,-5.001091748599885e-36,-2.819304531767065e-35,-1.5101490116222204e-35
317,3.17,-1797.769,852.38684,-1838.97,449.61,-2069.583,47.15849,-8.401255550350971e-16,-3.499208788632286e-15,3.32579007939599e-14,3.3584174720727168e-12,-5.718072239660477e-12,-4.907854043957258e-13,3.368016372462535e-08,2.3324436604355014e-08,-4.259798686234717e-07,-6.075867568142712e-05,5.318709759194462e-06,-3.522399128996767e-06,-0.9672333359718323,-0.2099527820944786,9.447133541107178,1112.1304992675782,-1401.5799682617187,84.8505973815918,1.411753417642492e-37,6.905190325664378e-38,1.054214109919028e-37,-3.130089683487316e-35,4.35924185019635e-35,-1.1264901265117921e-35,-1.1779483046930131e-37,5.175473015475946e-38,2.769256142573616e-38,-7.231381237010216e-36,-3.524705806027465e-35,-1.7327316220153054e-35
318,3.18,-1783.997,850.477,-1832.49,449.414,-2068.0898,50.069145,-4.0087719088875644e-15,-6.012532170681121e-15,7.143639114493352e-14,7.321956582706512e-12,-1.1654366187385801e-11,-5.707537903670151e-13,5.3189624793503755e-08,5.672486231844687e-08,-7.909467399258574e-07,-0.00010857491433853283,1.078238565241918e-05,-4.907818447463797e-06,-1.3144766688346863,-0.2587698444724083,11.899561405181885,1411.6091918945312,-1779.1693603515625,112.17792053222657,1.2994768668945386e-37,6.348539981046392e-38,9.747212954763607e-38,-2.9202415282647565e-35,4.0408960542689665e-35,-1.0339903081588198e-35,-1.2131847393056007e-37,5.724204678523972e-38,3.097432423673057e-38,-9.339122820600753e-36,-3.8102002656663964e-35,-1.631697839514241e-35
319,3.19,-1770.397,848.6702,-1824.7,448.655,-2067.4692,53.26093,-8.932873285676427e-15,-9.045783243413547e-15,1.2364069661217718e-13,1.2770638539716384e-11,-1.960307645376691e-11,-5.504004207696616e-13,7.472757346249637e-08,1.0417321476552388e-07,-1.25671493833579e-06,-0.00016807351348688827,1.8081046982842962e-05,-6.0890527493029365e-06,-1.5551751971244812,-0.20138896852731705,13.149092960357667,1569.1932373046875,-1940.358203125,148.27232971191407,6.810295710880859e-38,3.3113438151997547e-38,5.200144178147956e-38,-1.6129765279041022e-35,2.177603464264491e-35,-5.357482350315009e-36,-9.080282719132738e-38,5.027773494869028e-38,2.7813272638569415e-38,-1.0559521141720229e-35,-3.1916140992763634e-35,-9.32782967331989e-36
320,3.2,-1756.0363,846.61475,-1815.51,447.803,-2066.4043,56.946796,-1.5752414783953013e-14,-1.215539459045083e-14,1.8702811516299253e-13,1.942780381014586e-11,-2.901513248415588e-11,-3.413248619832908e-13,9.357481403071688e-08,1.643124264205653e-07,-1.7749557969182207e-06,-0.00023195381654659287,2.6698400506575127e-05,-6.509618287964258e-06,-1.514749002456665,0.04410805338993669,11.688970565795898,1403.3083740234374,-1634.259326171875,190.15593872070312,-7.307644758020808e-38,-3.611757108695499e-38,-5.239348207193479e-38,1.424666578500407e-35,-2.1146611227640606e-35,5.976641162142956e-36,-3.525016313364254e-39,2.1256693813587632e-38,1.3103187271260044e-38,-9.6793675941476e-36,-1.0063254066271594e-35,7.129484462719923e-36
321,3.21,-1741.8091,844.6185,-1806.26,446.953,-2065.277,61.293655,-2.415570913731407e-14,-1.4455706529264804e-14,2.5262917300629407e-13,2.6383526613438234e-11,-3.8372643604289713e-11,1.7016860908933024e-13,1.0138756394439951e-07,2.3059622122900691e-07,-2.2355742885338257e-06,-0.0002846763818524778,3.52248054696247e-05,-5.32218073203694e-06,-0.9431618601083755,0.5786656349897384,5.429116654396057,663.030241394043,-516.1332664489746,229.98972778320314,-3.2497361121714932e-37,-1.5955488060257493e-37,-2.3916446412523574e-37,6.890011277745285e-35,-9.806045047069045e-35,2.6165515008818945e-35,1.6719835948556901e-37,-4.1696883942527105e-38,-1.9523702257433428e-38,-4.987544972592601e-36,3.551050382173679e-35,3.692100075894553e-35
322,3.22,-1727.1178,842.6986,-1795.91,446.113,-2064.2324,66.29546,-3.30491717163723e-14,-1.4474557671022422e-14,3.02328588596204e-13,3.1777278378108954e-11,-4.474215407890281e-11,1.1119245281465684e-12,8.534688120676037e-08,2.8840846368893833e-07,-2.4423309696430804e-06,-0.00029947438451927155,4.094842479389627e-05,-1.375057188646167e-06,0.47825542502105234,1.5082895874977111,-8.228910130262374,-962.5106624603271,1833.6618286132812,253.4419952392578,-7.144867966586987e-37,-3.5033342744594794e-37,-5.285230154899308e-37,1.5390714474537593e-34,-2.1735297492746446e-34,5.734705497125111e-35,4.475305000416574e-37,-1.5121469630181647e-37,-7.692600700011735e-38,5.6678214886885556e-36,1.1315330776328789e-34,8.345420134761352e-35
323,3.23,-1712.185,841.0168,-1784.85,445.541,-2061.8386,72.043,-4.015628941292284e-14,-1.0053237242855997e-14,3.058139895831258e-13,3.2473899611029647e-11,-4.3342311337180026e-11,2.5999133835413744e-12,2.788373123507881e-08,3.1194959717595336e-07,-2.0919903704452734e-06,-0.0002360026497626677,3.946161050407682e-05,6.720276360283606e-06,3.1066279888153074,2.919858980178833,-32.07447052001953,-3807.6769287109373,5851.532666015625,237.97349548339844,-1.2515131019854415e-36,-6.132428077291823e-37,-9.28157746108135e-37,2.717300154256403e-34,-3.822744845208897e-34,1.0029104226290004e-34,8.545655775330628e-37,-3.1750724412861944e-37,-1.6480399723333727e-37,2.4632539509764657e-35,2.2921428919499973e-34,1.4819584472978758e-34
324,3.24,-1696.4882,839.48883,-1773.48,445.278,-2059.1636,78.15267,-4.1602480940999656e-14,1.6365291725100806e-15,2.1840197700481387e-13,2.382638114584168e-11,-2.7272676825229604e-11,4.691309710494473e-12,-9.23924561746503e-08,2.6162927184714136e-07,-7.66746260438822e-07,-3.995014251358953e-05,2.4418134671577718e-05,2.0385040079418105e-05,7.267965793609619,4.838055682182312,-68.38579711914062,-8147.54365234375,11873.92041015625,151.5896873474121,-1.9098570034693862e-36,-9.353770384935128e-37,-1.4190491715983158e-36,4.170476829004261e-34,-5.850894056428086e-34,1.5287098091343714e-34,1.3825060519516371e-36,-5.4293435453438455e-37,-2.8485093405840774e-37,5.390688121396094e-35,3.842016891419636e-34,2.283888258377836e-34
325,3.25,-1680.5619,838.0408,-1760.45,443.923,-2055.9805,84.74326,-3.1600392333235027e-14,2.3853343277912934e-14,-1.8761335512901918e-14,-3.1957802289900306e-13,1.2360703855861937e-11,7.311399012263631e-12,-2.977119677893825e-07,8.324589675368089e-08,2.0452146827665276e-06,0.0003534118499374017,-1.2341592497477905e-05,4.066628225700697e-05,13.126268100738525,7.151592969894409,-117.74860458374023,-14056.8998046875,19939.93359375,-46.02297894954681,-2.6012394780342227e-36,-1.2734109711217687e-36,-1.936124161574874e-36,5.710498613131137e-34,-7.99091738386131e-34,2.0798597242865273e-34,1.982846313266408e-36,-8.138701078561213e-37,-4.304503533196951e-37,9.420345950315689e-35,5.671145725494996e-34,3.1391557353254994e-34
326,3.26,-1664.0962,837.0075,-1745.94,442.654,-2052.5452,92.4943,-2.4273312208150394e-15,5.968860930689879e-14,-4.739461373273052e-13,-4.715250620512812e-11,8.558729489016592e-11,1.015213321395314e-11,-6.050905994925415e-07,-2.891079326161616e-07,6.880791625007987e-06,0.001009124901611358,-7.9988686775323e-05,6.756132024747785e-05,20.526623153686522,9.515090656280517,-177.3569351196289,-21208.290625,29510.4439453125,-405.53160400390624,-3.143901343916506e-36,-1.5382387043398106e-36,-2.3448389699302717e-36,6.945011734325579e-34,-9.689287693141179e-34,2.510536185117658e-34,2.539010113605117e-36,-1.0898144247485214e-36,-5.8087231994621955e-37,1.4351265801695604e-34,7.479703293636596e-34,3.8346821280947417e-34
327,3.27,-1647.3988,836.0908,-1730.63,441.492,-2047.4348,101.037506,5.502254196970008e-14,1.1095665402097166e-13,-1.2126983716265888e-12,-1.236571185725399e-10,2.0155464380833265e-10,1.2546818532049864e-11,-1.0161683690057544e-06,-9.237931465122529e-07,1.4160284626996144e-05,0.001972806779667735,-0.00018683572416193782,9.902798774419352e-05,29.07296199798584,11.22876853942871,-240.22832336425782,-28784.8650390625,39348.38125,-1021.0438781738281,-3.2303697189790156e-36,-1.5792157116938167e-36,-2.4170610228554862e-36,7.205509823168941e-34,-1.0006164695101885e-33,2.574411262444395e-34,2.8380196731798058e-36,-1.290506686830189e-36,-6.9433977932810276e-37,1.9515269652454272e-34,8.691265989657186e-34,4.005515344567302e-34
328,3.28,-1629.9534,835.63806,-1713.09,440.862,-2039.3727,110.30307,1.497389506225494e-13,1.7643081277624733e-13,-2.2750817722794194e-12,-2.3427082912474973e-10,3.648788493570976e-10,1.3337010402320048e-11,-1.5021950275695416e-06,-1.8728851728155859e-06,2.394791899860138e-05,0.003238272527232766,-0.00033696643949951974,0.00012968901428394019,38.55308723449707,11.379402256011963,-299.9701293945312,-36051.821484375,48321.3390625,-2045.1163940429688,-2.4035255827922596e-36,-1.1724844603723297e-36,-1.8130145804573385e-36,5.492631755465765e-34,-7.5403051702092695e-34,1.905679689430296e-34,2.5451199542757765e-36,-1.283124655488436e-36,-7.010341475508219e-37,2.354186849839403e-34,8.369334729329929e-34,3.103913128990901e-34
329,3.29,-1612.8964,835.8957,-1693.14,438.246,-2031.9564,121.25781,2.8771722011171687e-13,2.4935159460229977e-13,-3.63929244812794e-12,-3.7711330169720724e-10,5.69946739803484e-10,1.0765255353817338e-11,-1.9842068240905065e-06,-3.140767739751027e-06,3.5596054294728675e-05,0.004700555466115475,-0.0005249873967841268,0.00014934098144294694,48.724483489990234,9.570483493804932,-354.9332794189453,-42831.16171875,56070.60703125,-3530.9558837890627,-5.617579177724265e-38,-2.08315215025016e-38,-8.057523482974889e-38,4.717380913662545e-35,-4.2522259321741464e-35,1.897519263292967e-36,1.1919634921774472e-36,-8.73592134548205e-37,-4.981370039926716e-37,2.4117611856102363e-34,5.165974296123107e-34,3.9555012469185164e-35
330,3.3,-1595.1614,836.27185,-1671.86,437.203,-2019.9725,132.59964,4.672861381692373e-13,3.1428744426843096e-13,-5.169992559062031e-12,-5.386037671417654e-10,7.929918111049261e-10,2.451109242873964e-12,-2.309962246727082e-06,-4.637778238247847e-06,4.72728926979471e-05,0.006095019355416298,-0.0007287460088264197,0.00014154265518300234,59.088354873657224,6.097776651382446,-406.7316497802734,-49320.401171875,62754.77578125,-5377.23984375,4.523557428325167e-36,2.2239972502473994e-36,3.311500684957642e-36,-9.43242160633537e-34,1.3534986659902647e-33,-3.6539663102096272e-34,-1.805210359188021e-36,1.9145085117071845e-37,4.964375122979951e-38,1.7808768917110796e-34,-2.6512924486440814e-34,-4.990390199845553e-34
331,3.31,-1577.8292,836.8914,-1648.56,435.897,-2006.03,144.6306,6.72388094638196e-13,3.4370404200685656e-13,-6.552856261082818e-12,-6.86602730226582e-10,9.822835211892312e-10,-1.4463607611939211e-11,-2.2316816512102376e-06,-6.1190753058326665e-06,5.540921847568825e-05,0.0069281923118978735,-0.0009003383631352336,8.279226458398625e-05,69.27113494873046,1.5277863040566444,-458.1742645263672,-55845.609765625,68715.46640625,-7438.579248046875,1.2031774580235964e-35,5.902203914184561e-36,8.884621058001903e-36,-2.577761196347273e-33,3.650019390480425e-33,-9.667517354092957e-34,-7.074694813803594e-36,2.2025599666165592e-36,1.0990495286953423e-36,6.1721255848019455e-37,-1.7028780729758828e-33,-1.3921815172546629e-33
332,3.32,-1561.0297,837.44305,-1622.62,433.166,-1989.4182,156.26826,8.639488647058102e-13,2.950236273812842e-13,-7.222474484799846e-12,-7.627971698731528e-10,1.047671249754245e-09,-4.2885348570942396e-11,-1.392204518424478e-06,-7.113612400644342e-06,5.415814375737682e-05,0.006413804972544313,-0.0009565626387484372,-5.68969404866948e-05,79.0920913696289,-3.654053282737732,-511.11803283691404,-62611.623828125,74166.87734375,-9589.0189453125,2.29195202335067e-35,1.1233562545546968e-35,1.6980490715841673e-35,-4.960783643520991e-33,6.989502413895577e-33,-1.8378309406943257e-33,-1.513783394208025e-35,5.433099267372611e-36,2.8002376173561503e-36,-3.4451379709527466e-34,-3.972899274748796e-33,-2.699367629776174e-33
333,3.33,-1544.4656,837.6804,-1596.18,431.878,-1969.418,167.90918,9.70192275042553e-13,1.0954269201183457e-13,-6.29955844433372e-12,-6.759618587093286e-10,8.520941507939028e-10,-8.491924177733701e-11,6.682266057822517e-07,-6.855753872514469e-06,3.50465399606037e-05,0.003438651782926172,-0.000771235185675323,-0.0003108807228272781,88.1512840270996,-9.174034214019775,-565.4137023925781,-69578.0171875,79082.384375,-11702.251171875,3.7022620753247303e-35,1.8136090628336884e-35,2.748629354504206e-35,-8.06469873779151e-33,1.1327627654875164e-32,-2.9648799918110595e-33,-2.614753204024862e-35,1.0038826218899215e-35,5.2443219703575594e-36,-9.092230923895759e-34,-7.161434258408676e-33,-4.4087154399879904e-33
334,3.34,-1528.3556,837.8738,-1567.82,428.937,-1950.0356,180.89664,8.778868745232954e-13,-2.8470538169307787e-13,-2.5655548228941707e-12,-2.989973968067772e-10,2.095272242166879e-10,-1.4046458163274879e-10,4.4671839077636836e-06,-4.243090211275558e-06,-1.2893617395093315e-05,-0.0034030677197733894,-0.0001734933724947041,-0.0007087900186888874,95.69006118774413,-14.834697341918945,-618.8859924316406,-76454.15703125,83251.6359375,-13625.903515625,5.30316981191249e-35,2.596654379236415e-35,3.9440527972040726e-35,-1.1613816154388647e-32,1.627068396196499e-32,-4.242329798227262e-33,-3.949348376295653e-35,1.5898940059786052e-35,8.379594418769144e-36,-1.7267935790117592e-33,-1.115321573768702e-32,-6.373271173654086e-33
335,3.35,-1512.5243,837.6651,-1538.89,426.619,-1928.0691,193.73735,4.2810044382059557e-13,-9.633012920326477e-13,5.482205065344275e-12,5.257774597644538e-10,-1.1039309133487051e-09,-2.051642994382874e-10,1.0475206181581598e-05,2.141831838287089e-06,-0.00010210156397079117,-0.015652894508093596,0.0010417423094622792,-0.0012638898799195886,100.95953598022462,-20.359884643554686,-668.1103820800781,-82793.575,86398.9453125,-15210.16982421875,6.781475640103926e-35,3.318888999497501e-35,5.0528274260281e-35,-1.4935175148763432e-32,2.0867124747753346e-32,-5.418670358045348e-33,-5.32699348933987e-35,2.2392313600036233e-35,1.189267623296619e-35,-2.7840381939923155e-33,-1.5476817378620212e-32,-8.228805389879582e-33
336,3.36,-1497.1156,837.2606,-1509.2,425.382,-1902.7278,205.0544,-5.779769785129872e-13,-1.985572535383173e-12,1.9435810079404535e-11,1.9669209705419634e-09,-3.3168417123974336e-09,-2.677302962661443e-10,1.8926496068161214e-05,1.3892246670366148e-05,-0.00024404494470218197,-0.03464142885059118,0.0030828961404040455,-0.0019535507424734535,103.57521362304688,-25.45516166687012,-709.751904296875,-88162.9734375,88301.52421875,-16352.3638671875,7.566188775212659e-35,3.7004907694939906e-35,5.65169975433397e-35,-1.6790915443842307e-32,2.3374224388911702e-32,-6.036192584957629e-33,-6.364017245905807e-35,2.811665483005088e-35,1.505810860625976e-35,-3.981509458627882e-33,-1.9113752231279037e-32,-9.300962987410243e-33
337,3.37,-1482.0101,836.8558,-1478.81,423.793,-1876.8209,215.33714,-2.355432895170123e-12,-3.360983865351164e-12,4.0570809212159274e-11,4.1622189916878934e-09,-6.596430246474938e-09,-3.068796938787699e-10,2.9523769080697092e-05,3.245234984206036e-05,-0.0004447711049579084,-0.06087945885956288,0.006100700935348868,-0.0026923453668132426,103.5631217956543,-29.911035346984864,-741.4350769042969,-92257.05625,88841.0046875,-17005.5638671875,6.761118236081844e-35,3.302492517821898e-35,5.075054859039292e-35,-1.522646397132834e-32,2.104822258293538e-32,-5.377378253705235e-33,-6.419602631459724e-35,3.0583248350146535e-35,1.6572922057526215e-35,-5.082728031575754e-33,-2.0295922655330026e-32,-8.520298087245961e-33
338,3.38,-1466.9414,836.55536,-1448.03,424.334,-1849.4719,223.03194,-5.0847489413419214e-12,-4.999169394420689e-12,6.915465942947119e-11,7.147209402091903e-09,-1.0939201988691138e-08,-2.8845785204900666e-10,4.1028277337318286e-05,5.853186958120205e-05,-0.0006979297089856118,-0.09312705248594284,0.01008733306080103,-0.0032991005573421717,101.23627548217773,-33.63314437866211,-762.1432067871094,-94950.2234375,88014.19375,-17171.4716796875,3.1140112467889933e-35,1.5118008936410521e-35,2.3912119243223132e-35,-7.496176074538295e-33,1.0044724546494503e-32,-2.440715002778756e-33,-4.5504936044328416e-35,2.595823669776481e-35,1.4412964389242834e-35,-5.657705150638343e-33,-1.6342789814001988e-32,-4.378823656387686e-33
339,3.39,-1451.6093,836.6174,-1418.01,425.967,-1822.0809,228.75607,-8.823558940787568e-12,-6.643558403060523e-12,1.0341306214134427e-10,1.0747752909878727e-08,-1.6010919523523626e-08,-1.638112138990788e-10,5.0752906827256086e-05,9.119439346250147e-05,-0.0009750294499099255,-0.12712332382798194,0.01472920337691903,-0.0034623450133949517,97.06213684082032,-36.56565361022949,-772.1769470214844,-96286.69609375,85915.18515625,-16890.567578125,-4.933768739138348e-35,-2.4342945886658935e-35,-3.5617055005513217e-35,9.837533139370386e-33,-1.4435885043644718e-32,4.018843108700475e-33,4.838927149712926e-36,8.974048338671044e-36,5.775766587767963e-36,-5.032766472727334e-33,-3.625923739935285e-33,5.019378852513653e-33
340,3.4,-1436.3438,837.1913,-1387.92,428.368,-1794.3151,233.38943,-1.3372973561853741e-11,-7.793556078272701e-12,1.3814970833969653e-10,1.4435800643752827e-08,-2.0937435607493172e-08,1.2891006886082968e-10,5.4023019765736534e-05,0.0001265923863684293,-0.0012133195647038519,-0.1540480673313141,0.01921499688178301,-0.0027132817544043065,91.59341278076172,-38.67068023681641,-772.7215637207031,-96421.20078125,82689.90078125,-16234.694921875,-1.9056323711909004e-34,-9.354403816682554e-35,-1.403515195270797e-34,4.049841408092082e-32,-5.757162875428013e-32,1.5336232074618506e-32,1.011995736962503e-34,-2.680118998173124e-35,-1.2790798041080461e-35,-2.268082009175759e-33,2.220797655012138e-32,2.1740318391869018e-32
341,3.41,-1420.5579,838.2898,-1358.95,432.781,-1766.0355,237.17166,-1.809676471176136e-11,-7.628445444773924e-12,1.631174986749251e-10,1.71580587959852e-08,-2.406443400104763e-08,6.581559852669727e-10,4.374064992589411e-05,0.0001564050995511934,-0.001302787335589528,-0.15893575698137283,0.022015869617462158,-0.0004217103513155962,85.39774932861329,-39.97751655578613,-765.382958984375,-95557.33828125,78502.271875,-15296.80400390625,-4.063657958388361e-34,-1.9923664858933742e-34,-3.006926051799305e-34,8.761956803635182e-32,-1.2368125971622393e-31,3.2609955815248553e-32,2.573231187798202e-34,-8.808142523100191e-35,-4.493835953365502e-35,3.8040412928618e-33,6.558035140617463e-32,4.754429842013802e-32
342,3.42,-1404.9047,839.8441,-1331.0,438.468,-1735.6023,237.27917,-2.170462264777795e-11,-4.958073404962016e-12,1.6140829783850563e-10,1.7164740562236603e-08,-2.2730722903929746e-08,1.484123224315681e-09,1.0283790527410019e-05,0.0001661800662986934,-0.0010754412913229316,-0.11948574110865592,0.020679213292896747,0.004162188549526036,78.93825607299804,-40.57051124572754,-751.8266906738281,-93901.49765625,73521.60859375,-14171.52080078125,-7.006559792015169e-34,-3.4330424095892738e-34,-5.197308177111355e-34,1.522210982270346e-31,-2.140833092798069e-31,5.614066068971057e-32,4.815210891476189e-34,-1.800610514604946e-34,-9.358165513399556e-35,1.443454650455402e-32,1.2968334503871888e-31,8.305528275159341e-32
343,3.43,-1389.0767,842.22705,-1301.81,444.245,-1703.0812,233.99292,-2.2032324575871343e-11,1.7592185453069001e-12,1.0837471128843923e-10,1.189122724731817e-08,-1.3137707854937731e-08,2.6324272539568484e-09,-5.7911976546165535e-05,0.0001339980706688948,-0.0003023387267603539,-0.00600868056062609,0.011712310649454594,0.011789798876270652,72.52145767211914,-40.5338752746582,-733.5965454101563,-91646.04375,67918.108203125,-12940.74501953125,-1.0568615507589821e-33,-5.175886629277542e-34,-7.853951674921627e-34,2.3090205910744554e-31,-3.238588029029573e-31,8.458563181055888e-32,7.68982267925734e-34,-3.033811903490015e-34,-1.5930547398183267e-34,3.065091572148171e-32,2.1433661067999384e-31,1.2649644114530625e-31
344,3.44,-1373.1733,844.7209,-1273.13,448.551,-1669.999,229.00624,-1.5883615776812742e-11,1.4273484304216932e-11,-2.8082038907792373e-11,-2.0209797224612914e-09,9.554008206791308e-09,4.053580338059248e-09,-0.0001726247603073716,3.0177931921571145e-05,0.0012934199476148933,0.2164018504321575,-0.009323458338622003,0.022984128259122372,66.35710563659669,-39.92953872680664,-712.0584594726563,-88964.89453125,61856.974609375,-11672.0275390625,-1.4237027656139472e-33,-6.9692692081985e-34,-1.059863533742242e-33,3.1271588758145615e-31,-4.374802178174218e-31,1.1382157926801687e-31,1.0908710910702169e-33,-4.496355133038641e-34,-2.379858705147526e-34,5.272984304875516e-32,3.1286048279056206e-31,1.7197179310086423e-31
345,3.45,-1357.5173,847.30725,-1244.97,452.952,-1636.3516,222.45349,9.592675937440676e-13,3.4200832617348186e-11,-2.8465764329022034e-10,-2.8439042143446612e-08,5.0716315413978916e-08,5.567361816005701e-09,-0.0003424205293413252,-0.00018090670564561152,0.00399666482117027,0.5820418864488601,-0.04733818937093019,0.03766322359442711,60.61290016174316,-38.822078704833984,-688.3928527832031,-86010.26640625,55489.781640625,-10421.29794921875,-1.6982341172390663e-33,-8.308544314483642e-34,-1.2669115454788287e-33,3.7542141121194622e-31,-5.235829667347861e-31,1.3559064261099372e-31,1.3805380161210277e-33,-5.9542161068567785e-34,-3.176168975943772e-34,7.940355489027666e-32,4.079999573773304e-31,2.0739518840950397e-31
346,3.46,-1342.2427,849.9795,-1217.57,457.553,-1601.7623,214.30745,3.340053667671983e-11,6.239929371820718e-11,-6.956808573654882e-10,-7.1027741199714e-08,1.1510161570527089e-07,6.794957307931781e-09,-0.0005669837380992248,-0.0005354651191737502,0.008019916201010346,1.1134581983089447,-0.1066461019217968,0.054594536498188975,55.41556510925293,-37.29101486206055,-663.6361755371094,-82918.6125,48954.76640625,-9230.9078125,-1.708795180930136e-33,-8.352713698386783e-34,-1.2791498559375295e-33,3.816746085763997e-31,-5.296805568590551e-31,1.361421116797498e-31,1.518363433874445e-33,-6.953975934858805e-34,-3.7457037030988475e-34,1.0679279308187956e-31,4.672597520662664e-31,2.123711312281732e-31
347,3.47,-1327.5289,852.5138,-1190.56,462.334,-1566.3362,204.68806,8.616818925055725e-11,9.7989188291292e-11,-1.2803071158806746e-09,-1.3192981427323502e-07,2.0479455997701734e-07,7.088224585061198e-09,-0.0008288334996905178,-0.001059687667293474,0.013369696494191886,1.8034173011779786,-0.1890745684504509,0.07068877145648003,50.84118919372558,-35.41923904418945,-638.76650390625,-79817.85,42386.896484375,-8128.521435546875,-1.2030373314057557e-33,-5.86604535209072e-34,-9.089766334685368e-34,2.762782428330851e-31,-3.783979674442453e-31,9.528411857888983e-32,1.3186134879984881e-33,-6.755434342074195e-34,-3.699056941892476e-34,1.2713726541714008e-31,4.385307594697404e-31,1.5663529933181588e-31
348,3.48,-1313.5343,854.83203,-1164.68,467.512,-1529.3169,193.41774,1.6219156295793625e-10,1.3698427253627798e-10,-2.022300704673796e-09,-2.0966975142755472e-07,3.1605262620360006e-07,5.475160014256631e-09,-0.0010825092846062034,-0.0017522250767797233,0.01965012978762388,2.589030623435974,-0.291054530441761,0.08019921481609345,46.8938549041748,-33.29970169067383,-614.7602294921875,-76829.38515625,35925.69921875,-7127.669970703125,1.5049878187125062e-34,7.738333515929796e-35,9.0463450025559e-35,-1.3665509888381657e-32,3.2184079869012204e-32,-1.3475791142934588e-32,5.242545315109168e-34,-4.288959243850833e-34,-2.469134126137995e-34,1.275233389042524e-31,2.4763022416491544e-31,6.272592139621272e-35
349,3.49,-1299.0814,856.9783,-1139.96,472.771,-1491.0823,181.05956,2.6000184227825683e-10,1.705879271174382e-10,-2.841637902761818e-09,-2.961938093903882e-07,4.349598100361618e-07,6.536508972976307e-10,-0.0012421691440977155,-0.0025586162926629187,0.02580514457076788,3.3186046361923216,-0.39962741136550906,0.07398397177457809,43.49736289978027,-31.050826263427734,-592.5636657714844,-74064.19453125,29709.0201171875,-6229.230517578125,2.734950954985068e-33,1.34411195329809e-33,2.0051660696498315e-33,-5.7300659380126735e-31,8.203006113004211e-31,-2.207168930897034e-31,-1.1811661523909782e-33,1.825950083259236e-34,6.818670329008521e-35,8.899834180075615e-32,-1.9968067156940594e-31,-3.0427921768881074e-31
350,3.5,-1283.4482,859.34796,-1117.69,477.774,-1451.4054,167.66176,3.7003409503189035e-10,1.8336304835608885e-10,-3.5589599489682653e-09,-3.7314291887469155e-07,5.321125399859739e-07,-8.919002292273603e-09,-0.0011699216556735337,-0.003337942436337471,0.0298207301646471,3.714559006690979,-0.4875756621360779,0.03911767695099115,40.518706512451175,-28.817435836791994,-573.0195983886719,-71618.81953125,23857.5673828125,-5423.9357421875,6.91590074529716e-33,3.392224277428382e-33,5.109119275651256e-33,-1.483693180367771e-30,2.0994839646392503e-30,-5.555438423405646e-31,-4.132128433433321e-33,1.3148840944172601e-33,6.596312217660443e-34,-1.329110511124667e-32,-1.007598666667504e-30,-8.021004228626847e-31
351,3.51,-1271.0946,860.37524,-1093.42,484.645,-1411.0453,154.20993,4.699332201152373e-10,1.5172019612874622e-10,-3.857074792890103e-09,-4.077824854675782e-07,5.570604855620331e-07,-2.4777983398394098e-08,-0.0006691782211419195,-0.0038246419979259373,0.028441264852881433,3.340124583244324,-0.5083500683307648,-0.04069797173142433,37.80833969116211,-26.753752326965333,-556.8039367675781,-69569.3359375,18459.2578125,-4696.5162109375,1.2912213141566808e-32,6.328285041582316e-33,9.56858785973035e-33,-2.7967945580357353e-30,3.939160055012301e-30,-1.0352312709810408e-30,-8.59513571468587e-33,3.110694574267894e-33,1.6060365780045714e-33,-2.0801275787659548e-31,-2.267584198917009e-30,-1.5226560596963977e-30
352,3.52,-1256.7944,861.7681,-1071.58,490.219,-1369.7886,140.91881,5.193695529204234e-10,4.3489798307733143e-11,-3.2485813816762744e-09,-3.495184756729941e-07,4.339837261113644e-07,-4.797105681575431e-08,0.000510190455315751,-0.0035926805809140205,0.017000552685931324,1.5836427718400956,-0.39216354191303254,-0.18329744189977645,35.23365745544434,-24.999015235900877,-544.3973266601563,-67967.46796875,13563.23095703125,-4028.888134765625,2.0590179307257174e-32,1.0085943421209981e-32,1.528925358982469e-32,-4.487633625620099e-30,6.301645034984189e-30,-1.6487401668107942e-30,-1.4622488655593712e-32,5.6430753887583903e-33,2.950882792828643e-33,-5.224189334538843e-31,-4.0181737195853084e-30,-2.4542089922456472e-30
353,3.53,-1242.746,862.762,-1050.28,494.982,-1327.4733,128.04651,4.5549802540900687e-10,-1.802667213418596e-10,-1.0653642121272179e-09,-1.286266527955604e-07,6.110442170026431e-08,-7.827591588238648e-08,0.0026453416678123174,-0.0020353329309727997,-0.010472146427491679,-2.318087160587311,-0.045556492358446124,-0.40400820076465604,32.67960681915283,-23.65937557220459,-536.1175048828125,-66842.65,9185.69306640625,-3401.6576904296876,2.917198851595617e-32,1.4283195435540306e-32,2.1699362846255224e-32,-6.391908406189481e-30,8.952675491139429e-30,-2.3333992436477972e-30,-2.183404555231107e-32,8.827155230461555e-33,4.6559657625988826e-33,-9.726175017375986e-31,-6.183169836974982e-30,-3.508962055261076e-30
354,3.54,-1226.7633,864.2118,-1031.01,499.452,-1285.3595,116.26446,1.9106698749202232e-10,-5.596519747630424e-10,3.506168333444748e-09,3.4032545030981965e-07,-6.824626694879043e-07,-1.1307014631256607e-07,0.005980605026707053,0.0016184634740056935,-0.06064424812793732,-9.187755346298218,0.642157918214798,-0.708564305305481,30.0271915435791,-22.799052047729493,-532.1436157226562,-66210.3828125,5318.145776367188,-2792.6738037109376,3.686747895142859e-32,1.8042170258638298e-32,2.747528702294538e-32,-8.124538705358008e-30,1.1348058758793091e-29,-2.9454843807198346e-30,-2.912622446376354e-32,1.2297259296342676e-32,6.536081990157171e-33,-1.5480945003606218e-30,-8.486840433524382e-30,-4.478324349830513e-30
355,3.55,-1212.3464,864.39594,-1011.15,503.124,-1242.8699,105.20062,-3.8174099090126925e-10,-1.1246800268871481e-09,1.131178732904914e-08,1.14698980837602e-06,-1.917509518989391e-06,-1.4587400585241994e-07,0.010621254984289407,0.008221709402278066,-0.139483792334795,-19.710302543640136,1.781059980392456,-1.0822876155376435,27.146892929077147,-22.436981201171875,-532.5356689453125,-66076.865625,1933.474462890625,-2175.568701171875,4.047016959653285e-32,1.9791574159247436e-32,3.02396721085192e-32,-8.989925684602862e-30,1.2508807633247026e-29,-3.227996787312845e-30,-3.432921666115635e-32,1.5254551527220476e-32,8.177352606244549e-33,-2.189830137666614e-30,-1.035054674113728e-29,-4.9831661092035864e-30
356,3.56,-1198.3414,864.2482,-993.167,506.536,-1199.4569,94.75106,-1.3775096563417576e-09,-1.8765124787378796e-09,2.2999324933437038e-08,2.3616081648469846e-06,-3.7274452779456622e-06,-1.647061480980483e-07,0.016369867790490388,0.018523952551186086,-0.249761401116848,-34.091976165771484,3.446147990226746,-1.4753463625907899,23.90749340057373,-22.556971549987793,-537.2414733886719,-66436.090625,-1009.6317180633545,-1522.3179565429687,3.500830239248868e-32,1.7096280076574343e-32,2.629927956883896e-32,-7.903164643923016e-30,1.0912362624016743e-29,-2.7829251729050724e-30,-3.3869106425599017e-32,1.630431074111179e-32,8.84890180248337e-33,-2.762704300274318e-30,-1.0785120194173e-29,-4.4296573790737015e-30
357,3.57,-1183.8542,864.198,-975.994,509.67,-1155.2542,85.313515,-2.8886841363373607e-09,-2.7598737961653796e-09,3.863236521794988e-08,3.995061683781387e-06,-6.0973302424827125e-06,-1.505821046521305e-07,0.02250148169696331,0.03284281324595213,-0.38717972338199613,-51.545101928710935,5.6211350440979,-1.784929871559143,20.185440444946288,-23.120713996887208,-546.1006958007813,-67268.38671875,-3560.57568359375,-806.7272705078125,1.36102642987553e-32,6.592150462563303e-33,1.0540716894047482e-32,-3.35681648401545e-30,4.4485737468486314e-30,-1.0607586178095005e-30,-2.2543602007395029e-32,1.3323179264394122e-32,7.42882230535129e-33,-3.025298114959876e-30,-8.308114586075077e-30,-1.9895568334203382e-30
358,3.58,-1169.0208,863.74255,-958.087,511.34903,-1109.8395,76.788795,-4.9362076204317875e-09,-3.626818623203576e-09,5.7119333618516065e-08,5.939504490015679e-06,-8.825670556689147e-06,-7.675269735329948e-08,0.02748906649649143,0.050558574870228766,-0.5350272268056869,-69.59274482727051,8.117323398590088,-1.8369192838668824,15.872252368927002,-24.063376235961915,-558.8476867675781,-68543.078125,-5774.399169921875,-6.566611480712891,-3.21718534788009e-32,-1.5854515946027502e-32,-2.3334843858791217e-32,6.513557072191671e-30,-9.484883567739758e-30,2.613233234640707e-30,6.412356073833002e-33,3.425542885348666e-33,2.380708408483953e-33,-2.6039399455742927e-30,-9.348931373629305e-31,3.365905836273067e-30
359,3.59,-1154.1631,863.061,-941.88,513.025,-1065.5083,70.018654,-7.39559871121287e-09,-4.194848557403929e-09,7.545961651089783e-08,7.889540529504303e-06,-1.1410432034608674e-05,9.038476440625942e-08,0.028716950491070748,0.06942052170634269,-0.6576105058193207,-83.23748321533203,10.469022941589355,-1.3722231209278106,10.883806228637695,-25.28189125061035,-575.123291015625,-70219.0984375,-7709.36435546875,894.188916015625,-1.1124789257386185e-31,-5.460006337712105e-32,-8.199035187292641e-32,2.3692046435874032e-29,-3.364546815280635e-29,8.949357399725476e-30,6.07177550425363e-32,-1.6867040274330566e-32,-8.164294957856225e-33,-9.829889730304967e-31,1.3684019978272572e-29,1.2738411358843987e-29
360,3.6,-1139.3462,861.7375,-926.253,513.18,-1022.95197,64.306,-9.898058994650682e-09,-4.006946729973038e-09,8.786624761114581e-08,9.249865524907363e-06,-1.292005699724541e-05,3.874046313967483e-07,0.022259110398590565,0.0847010426223278,-0.6933349311351776,-84.12214889526368,11.815596199035644,-0.04638989514205605,5.163889789581299,-26.642092514038087,-594.4923217773437,-72243.8390625,-9425.85185546875,1904.3126098632813,-2.3068143174823403e-31,-1.1309188057029477e-31,-1.7074438656852094e-31,4.978424093522312e-29,-7.024291234918297e-29,1.8508301117651785e-29,1.4756835287814658e-31,-5.111395502912189e-32,-2.614562761657031e-32,2.4703231107925953e-30,3.7883617979520924e-29,2.7032052675645096e-29
361,3.61,-1124.4547,859.95734,-909.931,512.804,-980.05615,59.943405,-1.171350838546914e-08,-2.4076474591794293e-09,8.491884955219575e-08,9.045035130839097e-06,-1.1875046584464145e-05,8.453928046492365e-07,0.00285182103398256,0.08831432610750198,-0.5492333501577378,-59.93318138122559,10.793830299377442,2.5448564529418944,-1.3111969977617264,-28.001777267456056,-616.4334533691406,-74553.15078125,-10986.54013671875,3025.344091796875,-3.917720556792004e-31,-1.9194892462698714e-31,-2.9066449518079315e-31,8.51655477908831e-29,-1.1974179035103212e-28,3.1387269702639415e-29,2.709267366222943e-31,-1.0193566864444431e-31,-5.304259860221799e-32,8.42153651254524e-30,7.325159709903917e-29,4.648842560941586e-29
362,3.62,-1109.0955,858.29205,-893.711,512.078,-938.5023,56.97836,-1.1634514329728063e-08,1.4423560922016687e-09,5.303631578357226e-08,5.861171507604012e-06,-6.186561120102852e-06,1.475193403166486e-06,-0.03574752425774932,0.06813771910965442,-0.0999937891960144,5.540347003936768,5.483522415161133,6.797558355331421,-8.52304835319519,-29.233035850524903,-640.3355895996094,-77071.71015625,-12452.16484375,4250.896875,-5.842159245535899e-31,-2.8610202309607086e-31,-4.342269008441764e-31,1.2770470840088087e-28,-1.7907160363368954e-28,4.6752665003345114e-29,4.272509014073571e-31,-1.6932065484717506e-31,-8.898458322712696e-32,1.7394910785298693e-29,1.1943418984811121e-28,6.998706940795814e-29
363,3.63,-1093.7129,856.1681,-878.284,510.54,-900.03375,54.892708,-7.897709730642078e-09,8.481199076371126e-09,-2.5266687408986854e-08,-2.132310791580494e-06,6.775250466262151e-06,2.244967993192404e-06,-0.09976149424910545,0.007935945084318519,0.8039684027433396,131.0917713165283,-6.526717258989811,12.96977949142456,-16.41820421218872,-30.243188095092773,-665.51875,-79715.409375,-13875.54609375,5566.242724609375,-7.783295713983791e-31,-3.8098749921450222e-31,-5.79526506131945e-31,1.7105478422137534e-28,-2.392365910200525e-28,6.221848912470709e-29,5.995034542809492e-31,-2.4814524703132427e-31,-1.3143729898408647e-31,2.94786422827799e-29,1.7241304149982958e-28,9.410522709171147e-29
364,3.64,-1078.2935,853.90717,-862.848,509.08398,-862.38904,53.769432,1.7977230704069314e-09,1.9550172059012992e-08,-1.6967871800943614e-07,-1.7012139323924202e-05,2.988182422996033e-05,3.0497234547510742e-06,-0.1934572547674179,-0.11151953488588333,2.313345658779144,334.7456619262695,-27.860310745239257,20.971921348571776,-24.93759536743164,-31.014620208740233,-691.283740234375,-82398.82734375,-15300.60380859375,6947.183203125,-9.159044132087304e-31,-4.48073065259433e-31,-6.834523801641323e-31,2.0262979297314054e-28,-2.8249488183422236e-28,7.311625237219736e-29,7.496638533117691e-31,-3.2492759292957804e-31,-1.734697725718911e-31,4.3886205365057044e-29,2.2228469648318326e-28,1.1199944544659539e-28
365,3.65,-1062.8674,851.5458,-847.855,507.241,-826.7273,53.090324,2.008860029434345e-08,3.5043228585607264e-08,-3.981068317671088e-07,-4.069385104230605e-05,6.558978857356124e-05,3.6746161413248045e-06,-0.3159871131181717,-0.3093530058860779,4.534572172164917,627.4810516357422,-60.74481315612793,30.06624412536621,-34.024238395690915,-31.61567611694336,-716.9285705566406,-85041.3765625,-16759.94931640625,8359.67265625,-9.012163385805165e-31,-4.404638364197806e-31,-6.749543788537327e-31,2.0159348257013357e-28,-2.7956949776743263e-28,7.177892212814821e-29,8.106374929033283e-31,-3.740926347487654e-31,-2.017400273225144e-31,5.837316355512207e-29,2.507572872802582e-28,1.1228531845047808e-28
366,3.66,-1047.0884,849.4212,-832.982,505.35602,-794.03253,52.861126,4.945269935774377e-08,5.436352026322311e-08,-7.194803345100809e-07,-7.41897336411057e-05,0.00011479291570140048,3.7574599218714866e-06,-0.45682295858860017,-0.5985960930585861,7.455279684066772,1003.2015197753906,-105.95230484008789,38.482464981079104,-43.62955741882324,-32.15184497833252,-741.7018798828125,-87567.38046875,-18267.9908203125,9766.64736328125,-5.95105819418054e-31,-2.9001746782527004e-31,-4.505607192852929e-31,1.374912895150699e-28,-1.8778007504469423e-28,4.70727289813452e-29,6.794840381891462e-31,-3.5443708086120824e-31,-1.9455447956074013e-31,6.855265303541243e-29,2.288683784608054e-28,7.825866708334979e-29
367,3.67,-1031.6694,847.1656,-818.246,503.40402,-764.7514,52.486843,9.129556133302685e-08,7.51722481595607e-08,-1.1225288460536831e-06,-0.00011644468540907837,0.00017507208685856311,2.7612343842520204e-06,-0.5898638010025025,-0.9764248907566071,10.83599796295166,1424.4994140625,-161.18811950683593,42.98861389160156,-53.738589477539065,-32.71008224487305,-764.7307556152343,-89895.553125,-19814.22421875,11136.96259765625,1.831508539369311e-31,9.171929784346266e-32,1.2434892963416826e-31,-2.94464758672849e-29,4.846027393664904e-29,-1.544527246462091e-29,2.15295781156423e-31,-2.0707187221479336e-31,-1.2066820673532053e-31,6.722479174630549e-29,1.1583568754815365e-28,-1.1979894382676458e-29
368,3.68,-1015.96747,845.0538,-802.984,501.534,-738.33185,51.98552,1.4450578262881207e-07,9.246518004601966e-08,-1.5601918562424543e-06,-0.00016271028871415183,0.00023831407888792456,-2.5503081246824878e-08,-0.6667791604995728,-1.4100675463676453,14.069602966308594,1804.6302001953125,-218.9036636352539,38.5071044921875,-64.36262130737305,-33.31087036132813,-784.9445861816406,-91923.92109375,-21365.4349609375,12449.37265625,1.639403403261309e-30,8.054345903373797e-31,1.203475686693894e-30,-3.4484635220861764e-28,4.927043021037701e-28,-1.3220160014477642e-28,-7.5323290101467925e-31,1.4313010924047113e-31,6.010513723519504e-32,4.393959605516066e-29,-1.3953633638334236e-28,-1.8368264705094824e-28
369,3.69,-1000.2942,843.24896,-788.036,499.998,-714.7005,51.327477,2.034221964208882e-07,9.759864738612123e-08,-1.9303393628433698e-06,-0.00020252203685231507,0.00028783713933080437,-5.434097374745761e-06,-0.6109172403812408,-1.8186370253562927,16.021367168426515,1987.6716430664062,-263.6633636474609,17.936964416503905,-75.51663589477539,-33.88112182617188,-801.0175720214844,-93519.11640625,-22871.3158203125,13694.11953125,3.964938777781201e-30,1.944586422116142e-30,2.9302692520405312e-30,-8.516661981163838e-28,1.2044142352378278e-27,-3.184190701235327e-28,-2.4037307915812244e-30,7.7971893519139e-31,3.9295412809640987e-31,-1.485151461043582e-29,-5.929155576764776e-28,-4.608414402513981e-28
370,3.7,-984.067,841.9302,-773.249,498.469,-694.6597,50.245552,2.5528403142516253e-07,7.751730848326588e-08,-2.0552598925860365e-06,-0.00021752828470198438,0.00029544292483478783,-1.427289862476755e-05,-0.3141871154308319,-2.052639353275299,14.88056058883667,1731.265185546875,-269.4559982299805,-27.568573355674744,-87.16964874267578,-34.25189361572266,-811.4031372070312,-94516.0671875,-24268.130859375,14868.717578125,7.263825454036204e-30,3.559796205018884e-30,5.3840738554215864e-30,-1.5744465547192993e-27,2.2167881986716717e-27,-5.822924916225146e-28,-4.871409397434752e-30,1.7768837870476054e-30,9.188724706168729e-31,-1.2454692898808616e-28,-1.291517373275205e-27,-8.576090642199038e-28
371,3.71,-967.72345,840.6947,-758.032,496.755,-677.9055,48.47437,2.7746151260998885e-07,1.4611919185725241e-08,-1.6650707834742207e-06,-0.00017969956243177876,0.00021923365566181018,-2.705660244828323e-05,0.3593183059245348,-1.8752742648124694,8.080224967002868,699.6950431823731,-197.72622833251953,-107.52478408813477,-99.16298065185546,-34.183101654052734,-814.4307006835937,-94727.36953125,-25482.18125,15966.85947265625,1.1438557755490016e-29,5.6028351596689365e-30,8.495197540081892e-30,-2.494372866742193e-27,3.5017515745682285e-27,-9.158327431112736e-28,-8.167392978801416e-30,3.167770268420781e-30,1.6580750683772278e-30,-2.9939798413965675e-28,-2.2515872683171207e-27,-1.3646557569898759e-27
372,3.72,-950.5463,840.0795,-742.919,495.347,-663.5221,46.527145,2.3511255875519055e-07,-1.12154551956678e-07,-3.938602819886228e-07,-5.082872307866637e-05,3.5884403814634423e-06,-4.357062243798282e-05,1.557713693380356,-0.9529800847172737,-7.625859040021896,-1520.8151000976563,2.5884243965148928,-229.81573181152345,-111.12113342285156,-33.40688514709473,-808.3835510253906,-93955.81640625,-26433.7765625,16964.779296875,1.6029870321395013e-29,7.848197625298905e-30,1.1925738285883227e-29,-3.5141576448979934e-27,4.9207829783464644e-27,-1.282055337236329e-27,-1.2058196374757612e-29,4.8955411867904666e-30,2.5841640116612565e-30,-5.470372413956131e-28,-3.4241720541796994e-27,-1.929883416339876e-27
373,3.73,-933.3892,839.77094,-728.097,493.703,-653.0873,43.618412,8.038953931421844e-08,-3.2400247533814764e-07,2.198234392380982e-06,0.0002153059103875421,-0.0004166560873272829,-6.224899843800812e-05,3.407223653793335,1.1331437170505523,-35.80436782836914,-5368.324975585938,391.1332672119141,-396.7267822265625,-122.3552734375,-31.6737340927124,-791.5942504882812,-92006.9125,-27043.9091796875,17805.6857421875,2.0016810272107224e-29,9.795266757311668e-30,1.4920556641066396e-29,-4.413953597881767e-27,6.1633548065336114e-27,-1.5990097496742173e-27,-1.5906810018332853e-29,6.7459689597532e-30,3.588272640303147e-30,-8.598820900736934e-28,-4.648671918733689e-27,-2.434112541008758e-27
374,3.74,-915.9534,839.2937,-713.465,491.816,-645.3883,40.26513,-2.4509707330366837e-07,-6.359729582072759e-07,6.5593398630880985e-06,0.0006662679195869714,-0.001105141086736694,-7.938144408399239e-05,5.952651023864746,4.838850736618042,-79.5463493347168,-11193.1779296875,1025.8658203125,-598.957568359375,-131.82671508789062,-28.806696701049805,-762.5815368652344,-88702.715625,-27241.6341796875,18391.926171875,2.1601138473648325e-29,1.056288743881671e-29,1.614611990422806e-29,-4.80340837196235e-27,6.680255028751905e-27,-1.7225862356652477e-27,-1.8488102024580363e-29,8.264893483162574e-30,4.434773055256842e-30,-1.20311202733558e-27,-5.596948362501849e-27,-2.6644860024247404e-27
375,3.75,-898.49243,839.24677,-699.513,489.856,-639.9831,37.238182,-8.022434371923737e-07,-1.0464643480645464e-06,1.3015628064749763e-05,0.0013375801150687038,-0.002102948573883623,-8.823258831398561e-05,9.066742944717408,10.551160526275634,-140.06639404296874,-19067.325,1943.6129516601563,-807.5532287597656,-138.23133850097656,-24.755750274658205,-720.2651184082031,-83902.2046875,-26968.612109375,18593.969921875,1.8027673413431074e-29,8.80165384501358e-30,1.3555410025320858e-29,-4.0809902009299514e-27,5.6275048203321075e-27,-1.4322435335676249e-27,-1.781116036908306e-29,8.671683139801354e-30,4.714227370978391e-30,-1.4996900335543034e-27,-5.7162865700200635e-27,-2.29162739037953e-27
376,3.76,-881.1209,839.1631,-685.754,487.611,-637.18524,34.37753,-1.638062508391158e-06,-1.522020545507985e-06,2.1555776584136765e-05,0.0022304216981865466,-0.0033946608658879996,-7.826174041838385e-05,12.32516860961914,18.411967849731447,-214.579638671875,-28501.9568359375,3129.3183349609376,-963.8013854980469,-140.22735443115235,-19.653878211975098,-664.2715942382813,-77536.3265625,-26179.3349609375,18279.230859375,5.529828299440496e-30,2.667641658349308e-30,4.3450944031535135e-30,-1.4199726540407697e-27,1.8481315336345834e-27,-4.268073529891252e-28,-1.1009832697180146e-29,6.791583632474712e-30,3.805473677984809e-30,-1.6142511162902108e-27,-4.1877019732141636e-27,-8.611308467996001e-28
377,3.77,-864.6027,839.30206,-673.196,486.099,-635.9871,33.67662,-2.7581038693824666e-06,-1.977575482214888e-06,3.1515979389951096e-05,0.003278856654651463,-0.004859792394563555,-3.477835293779208e-05,14.831317615509032,28.246941375732423,-294.50994567871095,-38214.33203125,4494.822192382812,-959.7719421386719,-136.7747802734375,-13.838702201843262,-595.3306884765625,-69655.69921875,-24839.7552734375,17352.0396484375,-2.0464746857770547e-29,-1.0076341731796673e-29,-1.4894785667156256e-29,4.189451930939532e-27,-6.06685466148193e-27,1.6588616867777698e-27,5.600458310091574e-30,1.0456114709072411e-30,8.67139677762255e-31,-1.3397512487302135e-27,7.308850453652361e-29,2.1844732079129678e-27
378,3.78,-847.8996,840.77545,-660.346,486.424,-633.8635,34.738728,-4.085617615601223e-06,-2.2539502424478997e-06,4.116866948606912e-05,0.004306807671673596,-0.006210750620812178,6.0449484726632365e-05,15.26656370162964,39.93834037780762,-370.3507995605469,-46794.955859375,5967.577587890625,-636.1225311279297,-127.43964614868165,-7.820940065383911,-515.6757934570312,-60483.989453125,-22936.916796875,15788.78720703125,-6.468630864882341e-29,-3.1742842261672754e-29,-4.7703038305747637e-29,1.3801930966678628e-26,-1.9582330357877784e-26,5.201771149814707e-27,3.616022650171257e-29,-1.0444594564683293e-29,-5.11102688669168e-30,-3.9359434623633664e-28,8.332073218981537e-27,7.431281733550209e-27
379,3.79,-831.48926,842.89136,-641.454,488.261,-625.2993,36.054893,-5.407529715739656e-06,-2.096941739182512e-06,4.725077014882118e-05,0.004978350782766938,-0.006923719635233283,0.0002269216885906644,12.78650255203247,53.14705390930176,-438.66453247070314,-53671.4765625,7563.007421875,92.82249374389649,-112.66528701782227,-2.2224720433354377,-429.24701538085935,-50452.3125,-20494.216015625,13666.506640625,-1.3071517343222942e-28,-6.407863742721102e-29,-9.677900767056642e-29,2.8234446834260614e-26,-3.9820632608888253e-26,1.0485882506988174e-26,8.442094656134342e-29,-2.9560771458772414e-29,-1.5156379766214236e-29,1.5666273224785108e-27,2.1818507663671578e-26,1.5340522811031362e-26
380,3.8,-815.8771,845.42096,-622.878,491.99,-620.24475,37.986614,-6.311423885563272e-06,-1.1459430083959888e-06,4.451968416105956e-05,0.004750334983691573,-0.0061770752537995575,0.00048059708205983043,7.450591945648194,66.99665069580078,-500.84629821777344,-58950.472265625,9327.1296875,1179.916680908203,-93.9874038696289,2.323123276233673,-341.2130493164062,-40153.55078125,-17580.49580078125,11181.65224609375,-2.1879389308849548e-28,-1.071928569454051e-28,-1.6235905283695278e-28,4.759042441763011e-26,-6.68926585407155e-26,1.752685304393013e-26,1.5222254289078384e-28,-5.761167131811702e-29,-3.0013100481262614e-29,4.89411755382005e-27,4.1311652442870664e-26,2.598867107880998e-26
381,3.81,-801.20013,847.0196,-608.169,493.85,-618.985,38.967705,-6.124449828348588e-06,1.0554022971120958e-06,2.5499963339825626e-05,0.0028441147413104774,-0.0028234045254066586,0.0008256366883870215,-0.12804870009422303,80.8354736328125,-560.2241821289062,-63008.4796875,11295.21240234375,2515.0446044921873,-73.76872482299805,5.338700914382935,-256.85135955810546,-30217.271484375,-14328.211328125,8615.25146484375,-3.2260283996409802e-28,-1.5797801239959633e-28,-2.398195459400942e-28,7.055453360641913e-26,-9.890926493461684e-26,2.581402728922976e-26,2.3712286244308185e-28,-9.438927828623739e-29,-4.964578553059457e-29,9.854282024706543e-27,6.647613998275881e-26,3.868082166177881e-26
382,3.82,-787.6916,848.0948,-595.448,494.061,-619.3347,38.971058,-3.874792332680954e-06,5.009003075429064e-06,-1.9321393858717782e-05,-0.0017368625674862414,0.004564533891971223,0.0012419892125762999,-9.063592433929443,94.33498611450196,-618.9400207519532,-66129.01796875,13444.8115234375,3972.09716796875,-54.24617233276367,6.686112117767334,-180.72469024658204,-21207.291796875,-10955.31025390625,6224.752587890625,-4.250141864236012e-28,-2.08031687021994e-28,-3.1651474911312154e-28,9.345896947366248e-26,-1.3067574325699524e-25,3.39710542763099e-26,3.2910903816893887e-28,-1.36801586918595e-28,-7.25146947744522e-29,1.6460136684888417e-26,9.491342806987821e-26,5.1436800798666925e-26
383,3.83,-773.5639,848.83264,-583.361,493.308,-617.84314,38.61872,1.6911413467823877e-06,1.1150725913466886e-05,-0.00010048780859506223,-0.010105760395526886,0.017518305871635675,0.0016687183873727919,-18.36963529586792,106.68929672241211,-676.5878295898438,-68439.25625,15673.226171875,5420.979345703125,-36.87292900085449,6.6158568382263185,-116.44200057983399,-13574.7708984375,-7742.0193359375,4166.537890625,-4.9316783492278515e-28,-2.4124777466084048e-28,-3.681014567490142e-28,1.091931761698207e-25,-1.5217244451292003e-25,3.9362866486349816e-26,4.065372213898508e-28,-1.7710339350849193e-28,-9.463039267821252e-29,2.423012956071647e-26,1.2095363164139616e-25,6.03881768209376e-26
384,3.84,-758.39136,850.41327,-571.571,492.505,-615.3198,38.706776,1.1988533788098722e-05,1.965383198694326e-05,-0.00022729826887371018,-0.02325955480337143,0.037300539761781694,0.001984189811628312,-27.1067476272583,116.46903381347656,-730.4894470214844,-69983.8328125,17815.7029296875,6735.68779296875,-22.504497528076172,5.643805932998657,-66.14681854248047,-7589.77138671875,-4946.820239257812,2515.0460571289063,-4.737460447695049e-28,-2.315073767448647e-28,-3.549979903344997e-28,1.0614503119059351e-25,-1.4708757160997699e-25,3.77194701566554e-26,4.318229169263436e-28,-2.0089073360384474e-28,-1.0847078549143826e-28,3.1869754389716207e-26,1.3431470561118768e-25,5.918782264824519e-26
385,3.85,-742.0695,852.1621,-560.119,491.236,-613.84937,38.81912,2.8310783818596974e-05,3.0127809986879582e-05,-0.0004037690319819376,-0.04166234247386456,0.06426228396594524,0.001986253762152046,-34.673295402526854,122.49273071289062,-777.1893371582031,-70765.45625,19713.2087890625,7821.825244140625,-11.590697097778321,4.322625041007996,-30.10439853668213,-3293.5988647460936,-2732.3325073242186,1292.681640625,-2.900896674029981e-28,-1.4127438768629868e-28,-2.201949902711502e-28,6.752932383356488e-26,-9.19034269806088e-26,2.2908203063251754e-26,3.4797410456802005e-28,-1.8525351736561309e-28,-1.019642147395238e-28,3.690308940734744e-26,1.189169382303449e-25,3.862573205350076e-26
386,3.86,-727.81415,853.4123,-551.077,490.125,-614.1042,38.92639,5.131623947818298e-05,4.1206637615687217e-05,-0.0006224116368684918,-0.0645995456725359,0.09687465652823449,0.001378527149790898,-40.87189292907715,124.52102813720703,-813.6794128417969,-70736.50078125,21257.4625,8627.1724609375,-4.112805795669556,3.0506695985794066,-6.87394283413887,-521.3092268943786,-1143.020037841797,473.0401885986328,1.5621801065569417e-28,7.761769978676731e-29,1.096321407328981e-28,-2.832428137429337e-26,4.36603239715323e-26,-1.2935153907774108e-26,7.783001932554842e-29,-9.780472094498094e-29,-5.791414824553275e-29,3.532051055566007e-26,5.236429081536041e-26,-1.3236006525134047e-26
387,3.87,-714.12244,854.4653,-541.906,489.528,-615.25555,39.391663,8.022616239031777e-05,5.00489586556796e-05,-0.0008556827669963241,-0.08928573876619339,0.1304257370531559,-0.00022724919326719828,-45.687429428100586,123.04790496826172,-838.1620971679688,-69840.31015625,22394.4345703125,9131.45888671875,0.40949412984773514,2.013080906867981,6.09295539855957,1027.0033599853516,-122.93452935218811,-12.072233295440673,9.755720036834299e-28,4.791626577379584e-28,7.169362521869436e-28,-2.0590688589821673e-25,2.9370236408831306e-25,-7.861833233379291e-26,-4.71206732619367e-28,1.0228782566358201e-28,4.5540609468020157e-29,2.1366303857924126e-26,-9.311840019417428e-26,-1.0996069653866274e-25
388,3.88,-700.7004,855.1811,-532.646,488.87,-615.6543,39.988678,0.000111708469921723,5.1820980661432256e-05,-0.001045542472274974,-0.10976835638284684,0.15546807199716567,-0.003278330503962934,-49.10525665283203,118.89552688598633,-850.5348449707031,-68086.0484375,23117.9072265625,9333.6982421875,2.6908143401145934,1.2556485950946807,11.711168956756591,1697.1250854492187,443.1561981201172,-249.58856964111328,2.2676488307185304e-27,1.1120510743735377e-27,1.6765180106548043e-27,-4.876492928246191e-25,6.892409271471926e-25,-1.8207025309927375e-25,-1.3932182225115119e-27,4.596949534148039e-28,2.32594819384189e-28,-1.2336344010206472e-26,-3.472069955007769e-25,-2.640935041581853e-25
389,3.89,-687.9388,856.2172,-523.528,488.129,-615.207,40.297176,0.00013849448441760615,3.930503789888462e-05,-0.0010925512528046966,-0.11577233150601388,0.15625966787338258,-0.008198892138898373,-51.14570274353027,112.94910736083985,-852.0948669433594,-65564.849609375,23459.1744140625,9244.7201171875,3.456584024429321,0.7576921105384826,12.647747135162353,1806.0090942382812,686.7043273925781,-323.1662078857422,4.080592920101023e-27,1.9996699597275842e-27,3.0252672618630933e-27,-8.850694197975382e-25,1.2457538573449832e-24,-3.2706971852129686e-25,-2.7561963211861316e-27,1.0127905468956397e-27,5.245272273913327e-28,-7.404315293877206e-26,-7.341320085222612e-25,-4.823369974856767e-25
390,3.9,-675.2436,857.3271,-515.849,487.283,-614.6237,40.55912,0.00014790282293688505,2.872995071356854e-06,-0.000847429531859234,-0.09178571477532387,0.10967247486114502,-0.015237609948962927,-51.94254837036133,105.91569519042969,-844.870361328125,-62429.877734375,23475.684765625,8889.65322265625,3.3211262226104736,0.4691083937883377,11.02429494857788,1605.1855224609376,725.7267333984375,-301.39500427246094,6.3475602990273304e-27,3.1090221418032045e-27,4.715026907554035e-27,-1.3849270155229832e-24,1.9437467426405825e-24,-5.081654103930702e-25,-4.5564820048975456e-27,1.7758907861446864e-27,9.30395306088718e-28,-1.7117548618951684e-25,-1.2600773329909783e-24,-7.57973460768297e-25
391,3.91,-662.55536,858.9459,-508.08798,486.056,-614.0365,40.675316,0.00012063736430718563,-6.882307352498173e-05,-0.00011000166396115673,-0.016895351349376142,-0.01465442917542532,-0.024225458130240442,-51.72076072692871,98.21199111938476,-830.9517517089844,-58854.5515625,23235.15625,8309.10693359375,2.7415890455245973,0.33053041696548463,8.339070129394532,1273.8657104492188,652.8448059082032,-234.575634765625,8.798797457988901e-27,4.307681900589847e-27,6.547170111069637e-27,-1.929938186089709e-24,2.7017555542381945e-24,-7.036446299472485e-25,-6.652278970379736e-27,2.7121428885277096e-27,1.4327130175101682e-27,-3.0724732030251643e-25,-1.8942460166608034e-24,-1.0602696237890909e-24
392,3.92,-648.9627,860.78534,-500.648,484.521,-613.4105,40.68756,3.048817452508956e-05,-0.00018697876221267505,0.0013571807066909969,0.13386900573968888,-0.2517893314361572,-0.034233609959483144,-50.74007148742676,90.06598052978515,-812.0849731445312,-54986.65234375,22803.230078125,7555.438232421875,2.0237586975097654,0.2854006588459015,5.527120351791382,926.0279296875,533.2682250976562,-155.37391815185546,1.085324355200713e-26,5.310753863133544e-27,8.091782797614514e-27,-2.394856693519037e-24,3.3429583429669335e-24,-8.668755263099734e-25,-8.676970756389545e-27,3.6965894907280284e-27,1.9677884717252375e-27,-4.77095758792772e-25,-2.5434482493989357e-24,-1.3212802089932706e-24
393,3.93,-636.3157,862.38025,-494.983,483.01,-613.15735,40.610565,-0.00015412044303957372,-0.00035904550459235906,0.003790880483575165,0.385672727227211,-0.6351495862007142,-0.04314250573515892,-49.254303741455075,81.67940368652344,-789.5781066894531,-50927.915625,22238.8728515625,6688.71083984375,1.3482803344726562,0.29031881093978884,3.097801351547241,623.406527709961,406.9109710693359,-82.56711692810059,1.1503725697389139e-26,5.6247394160435606e-27,8.601816886988072e-27,-2.560914201764685e-24,3.559648967300283e-24,-9.17154231844862e-25,-9.939882215163569e-27,4.471513442425081e-27,2.4017378127180038e-27,-6.602833470826298e-25,-3.0219253036367494e-24,-1.421658272536246e-24
394,3.94,-623.14624,864.267,-489.255,482.009,-612.53723,40.841522,-0.0004654684744309634,-0.0005829024506965652,0.007353608636185527,0.7563098192214965,-1.1846514225006104,-0.04717101193964481,-47.477751922607425,73.27119598388671,-764.3723571777343,-46743.3375,21593.3013671875,5769.714453125,0.8021195769309998,0.3163503140211105,1.2600732743740082,390.4027587890625,294.9566177368164,-24.881769728660583,9.225050436256506e-27,4.502677261522601e-27,6.94390678775135e-27,-2.0949465783567425e-24,2.884498436983876e-24,-7.324078494759068e-25,-9.333198567093243e-27,4.6005329531063396e-27,2.505482921034481e-27,-8.129782517078874e-25,-3.021207519099089e-24,-1.178907233768468e-24
395,3.95,-609.8983,866.1105,-483.592,480.979,-612.59625,41.154804,-0.0009272630384657532,-0.0008384767163079232,0.012013505306094885,1.2437666416168214,-1.8878358840942382,-0.04047301858663559,-45.58194351196289,65.05711135864257,-737.172412109375,-42479.4796875,20911.1748046875,4852.667626953125,0.4085776597261429,0.3460251331329346,0.021730709075927734,229.42981414794923,206.21597595214843,15.912557873129845,1.9549114296720473e-27,9.350168398056426e-28,1.5828799876860646e-27,-5.440531877056682e-25,6.838553651190826e-25,-1.47753686682792e-25,-5.279522193524083e-27,3.434402189598996e-27,1.935473639855754e-27,-8.59378088728759e-25,-2.0893228974317962e-24,-3.4399681541012943e-25
396,3.96,-598.10297,867.9634,-479.491,480.287,-612.7644,41.390663,-0.0015392471104860306,-0.001076985173858702,0.017370732873678206,1.8081504821777343,-2.6731550693511963,-0.0149893261725083,-43.70045623779297,57.237492370605466,-708.6057678222656,-38179.387109375,20231.5025390625,3979.688720703125,0.15477884635329248,0.368241673707962,-0.7162388265132904,131.01378631591797,141.99123992919922,41.88902740478515,-1.2777796572039927e-26,-6.287246875405329e-27,-9.324597132850016e-27,2.6379050835442766e-24,-3.8040475519293756e-24,1.034116737600238e-24,4.22543460129531e-27,1.101015826397634e-28,2.3147500065879337e-28,-6.848869079884384e-25,3.6541904758030377e-25,1.3847249290805881e-24
397,3.97,-584.79987,869.6459,-475.146,479.18,-612.7497,41.547806,-0.0022546647931449117,-0.0012088663410395385,0.022433377988636493,2.3482316017150877,-3.3762481927871706,0.039158618357032535,-41.9130859375,49.97801971435547,-679.3878356933594,-33891.9958984375,19586.3544921875,3176.5356689453124,0.012279939837753773,0.38000178039073945,-1.0836700320243835,80.16951904296874,99.61507415771484,56.70290031433105,-3.747767689363417e-26,-1.8388432595693733e-26,-2.765309579015799e-26,8.010087951815637e-24,-1.1355377260428362e-23,3.012768541514829e-24,2.1398390852281186e-26,-6.385092937339346e-27,-3.1517970362383952e-27,-1.348010987564195e-25,5.024039963262248e-24,4.318283187823554e-24
398,3.98,-571.34344,871.33026,-471.344,478.2,-612.8832,41.74629,-0.0029507829109206795,-0.0010928835719823838,0.02536423448473215,2.6747389316558836,-3.702979588508606,0.13234308660030364,-40.24580535888672,43.39039306640625,-650.4026062011719,-29675.37265625,18999.5095703125,2452.9220947265626,-0.050655628368258473,0.38446423411369324,-1.195693266391754,61.00579147338867,74.79642715454102,63.47285079956055,-7.394305727510721e-26,-3.6245550731686394e-26,-5.476055837073877e-26,1.598474863369434e-23,-2.2535239595876652e-23,5.930689575381767e-24,4.818624397192135e-26,-1.7042973776536132e-26,-8.756992375206857e-27,9.758912864296147e-25,1.2531445886697767e-23,8.690129952225523e-24
399,3.99,-558.1141,872.69,-467.907,477.037,-613.0647,42.111233,-0.003394994675181806,-0.0005308605694153811,0.023248971067368986,2.4855734586715696,-3.1975661277770997,0.27270148545503614,-38.706275939941406,37.51022033691406,-622.6747436523438,-25594.4046875,18486.6259765625,1807.3065307617187,-0.06214524507522583,0.3864570677280426,-1.1527009725570678,59.79914665222168,62.677656173706055,64.66464233398438,-1.220456554902791e-25,-5.97904584537956e-26,-9.058255581571641e-26,2.6561636932083536e-23,-3.732446684558147e-23,9.775543117140428e-24,8.541182896178687e-26,-3.2509191326867156e-26,-1.6954512347516526e-26,2.834130496489465e-24,2.3263723138450403e-23,1.451104168347978e-23
400,4.0,-545.7986,874.13776,-462.565,476.728,-613.2044,42.38128,-0.003212777152657509,0.0007250143784403917,0.011977277044206858,1.352379921078682,-1.2304123744368554,0.461521178483963,-37.31587448120117,32.303119850158694,-597.2808898925781,-21708.671484375,18057.1208984375,1233.1534729003906,-0.04476870596408844,0.3896283537149429,-1.038907253742218,66.78840713500976,58.501333999633786,62.443115615844725,-1.7795202569768524e-25,-8.71389493180237e-26,-1.3230990806520581e-25,3.8938821147651424e-23,-5.457417050687671e-23,1.4237872562637132e-23,1.3145977608695725e-25,-5.255776598201016e-26,-2.766588889536938e-26,5.5730285212092916e-24,3.695863607177321e-23,2.1355672134834322e-23
401,4.01,-533.09564,875.1477,-458.472,476.006,-613.01056,42.753647,-0.0018691192206460982,0.0029427044093608854,-0.01361981081427075,-1.2666685372591018,2.972000527381897,0.6863789439201355,-36.1212963104248,27.703740119934082,-575.20361328125,-18054.0828125,17715.3015625,722.9602966308594,-0.013945038919337094,0.3935981422662735,-0.9061471462249756,75.5626609802246,58.55273857116699,58.31381111145019,-2.318078444266067e-25,-1.1345733236181618e-25,-1.726637745926149e-25,5.1003151490134255e-23,-7.129351698624898e-23,1.8526023650185482e-23,1.8047320666184413e-25,-7.533816949564463e-26,-3.9964374159176003e-26,9.180079666987761e-24,5.219404557382593e-23,2.808200792362727e-23
402,4.02,-521.13544,875.97125,-453.69,475.494,-612.74817,43.10423,0.0013181471906136722,0.006346811121329665,-0.05917693972587586,-5.967072057723999,10.22469539642334,0.9120291709899903,-35.19000778198242,23.64528179168701,-557.2078735351563,-14630.043359375,17461.0283203125,269.1559471130371,0.018769458308815955,0.39700272083282473,-0.7832276821136475,82.18611373901368,60.51571540832519,53.80690078735351,-2.6509126405927497e-25,-1.2966784895846377e-25,-1.9791963841797488e-25,5.874375919247223e-23,-8.183271130177619e-23,2.1154943479829395e-23,2.201550573752374e-25,-9.641225208014408e-26,-5.1559888059933487e-26,1.3363597269586774e-23,6.573135214466681e-23,3.2506798634088123e-23
403,4.03,-508.4712,876.5519,-449.294,474.784,-612.7992,43.676514,0.007107114139944315,0.011008481960743666,-0.12949849292635918,-13.265247440338134,21.17234992980957,1.0697225689888001,-34.58984031677246,20.07307586669922,-543.8162292480469,-11398.69443359375,17291.1328125,-136.3280389547348,0.04541267156600952,0.4018983215093613,-0.679539042711258,85.40059814453124,62.82605133056641,50.556229782104495,-2.4813826110157446e-25,-1.212395789283968e-25,-1.8605177953415358e-25,5.569655359867175e-23,-7.711390818763494e-23,1.974922332343995e-23,2.2947810644559815e-25,-1.0767932127782247e-25,-5.821781092949665e-26,1.7379100357806464e-23,7.179882909660863e-23,3.10954185584759e-23
404,4.04,-496.14932,876.7202,-444.999,473.989,-612.92456,44.3089,0.01616996182128787,0.0166786914691329,-0.22629541754722596,-23.36485366821289,35.9299976348877,1.0467641711235047,-34.361767578125,16.945971488952637,-535.3355285644532,-8297.05859375,17200.855859375,-503.38710327148436,0.06278439499437809,0.4096845120191574,-0.592029196023941,85.47801055908204,64.16091461181641,49.524208068847656,-1.387644148303404e-25,-6.75178565385272e-26,-1.0568344710453332e-25,3.262008473987638e-23,-4.4192193487632983e-23,1.0934506635743654e-23,1.7692282475914185e-25,-9.641486086780955e-26,-5.322822749352365e-26,1.9831322286656836e-23,6.147886553752959e-23,1.8775228044474512e-23
405,4.05,-483.95325,876.7972,-440.697,473.079,-613.1305,44.838028,0.028804865293204786,0.022562804259359838,-0.34473917782306673,-35.79892692565918,53.547798538208006,0.6797522246837616,-34.51116256713867,14.199813652038575,-531.9137329101562,-5255.64130859375,17184.5130859375,-845.1736206054687,0.07018772661685943,0.4181363433599472,-0.5143179357051849,82.63727722167968,64.14900169372558,50.23549346923828,1.165578209969253e-25,5.769304883976342e-26,8.307367543729332e-26,-2.2279075417086742e-23,3.340675265122392e-23,-9.565911751435512e-24,2.0283879306107197e-26,-4.4826240359777536e-26,-2.713666507114154e-26,1.848981998334563e-23,2.2485809670163117e-23,-1.0953441200595892e-23
406,4.06,-471.5658,876.7336,-436.144,472.539,-613.44055,45.371273,0.044491229578852654,0.02705044560134411,-0.46877782344818114,-48.94087905883789,71.29870681762695,-0.2429455252364278,-35.020927047729494,11.70369291305542,-533.6264343261719,-2214.6943176269533,17236.4775390625,-1177.7509765625,0.07018502280116082,0.4252545416355133,-0.44363953471183776,77.87329330444337,63.91670875549316,51.44449462890625,5.769172932930655e-25,2.83290864462451e-25,4.2436636810896245e-25,-1.2212231727901056e-22,1.7394331084630183e-22,-4.646543139678648e-23,-2.9041492924684354e-25,6.924995688737703e-26,3.193397525556518e-26,1.0187800011828847e-23,-6.022844558765176e-23,-6.536213431767589e-23
407,4.07,-459.2672,876.1021,-432.336,471.641,-613.1856,45.848194,0.061277393251657486,0.027441701479256154,-0.5654888272285461,-59.41115379333496,83.84129486083984,-1.9615253686904908,-35.862557601928714,9.24618501663208,-540.5234985351562,866.645344543457,17351.5154296875,-1518.4214599609375,0.06667574048042298,0.42802528142929075,-0.37882157862186433,72.32387466430664,65.39521789550781,52.22375717163086,1.2940136459562817e-24,6.345249726976682e-25,9.570218173931993e-25,-2.7857089196062536e-22,3.935254360390678e-22,-1.0387456731081322e-22,-8.048616421325458e-25,2.696464070036008e-25,1.3691154634802584e-25,-9.08614013577659e-24,-2.0244668929576943e-22,-1.5098309894346377e-22
408,4.08,-446.8268,875.5091,-427.744,470.763,-613.05164,46.472244,0.07503127977252007,0.01975050801411271,-0.5792987465858459,-61.46392707824707,82.39778060913086,-4.69772469997406,-36.992591857910156,6.544269800186157,-552.601171875,4008.001806640625,17524.474609375,-1883.1873168945312,0.06345450282096862,0.4244855910539627,-0.31770738363265993,67.06887893676758,68.21515655517578,52.21241760253906,2.289261547683189e-24,1.121777167733741e-24,1.69756953305001e-24,-4.968566145013482e-22,6.991163980362105e-22,-1.8346606104089538e-22,-1.5568811505667839e-24,5.761001246072987e-25,2.9878461279615108e-25,-4.3749574677766146e-23,-4.165187472833115e-22,-2.7089979647244495e-22
409,4.09,-434.41855,874.6359,-423.232,469.958,-613.1408,47.284817,0.0786554716527462,-0.001281378063140437,-0.4277245432138443,-46.523780059814456,54.21473350524902,-8.569111633300782,-38.34538383483887,3.269127535820007,-569.7654113769531,7208.30322265625,17749.058203125,-2283.6299072265624,0.06235286444425583,0.4164587467908859,-0.27464609742164614,62.87154350280762,70.06776275634766,51.15122947692871,3.518616919517845e-24,1.723334390885536e-24,2.614109123920569e-24,-7.681032762692624e-22,1.0777609235179025e-21,-2.8165926473408136e-22,-2.539047983269613e-24,9.94308831844571e-25,5.213880996711585e-25,-9.764898370080338e-23,-7.043185179254077e-22,-4.205428744356053e-22
410,4.1,-421.8966,873.6698,-418.209,469.055,-613.042,48.23361,0.0614748552441597,-0.04176540710031986,-0.0013838041573762893,-3.1566516160964966,-17.260693347454072,-13.454575729370116,-39.836065673828124,-0.9183344960212707,-591.80068359375,10447.09365234375,18016.837890625,-2725.050732421875,0.06234757788479328,0.40781858563423157,-0.2586513698101044,58.83189468383789,69.50865020751954,49.33194923400879,4.8243717936937326e-24,2.3617896362459577e-24,3.590434540227849e-24,-1.058747472338484e-21,1.4817790173899767e-21,-3.8576563219546216e-22,-3.666047567968098e-24,1.5009279861165561e-24,7.934716591613702e-25,-1.7233618030131317e-22,-1.0467808891196785e-21,-5.818755722335467e-22
411,4.11,-409.10205,872.454,-413.178,467.912,-613.332,49.12453,0.00914831598638557,-0.1075891226530075,0.8277005642652512,82.10617599487304,-150.86802520751954,-18.806397438049316,-41.37180595397949,-6.340903854370117,-618.3108703613282,13686.9220703125,18315.758203125,-3206.8112060546873,0.062258947268128396,0.4011119782924652,-0.2627697288990021,54.780056381225585,66.90119247436523,47.84961166381836,5.8764662744283146e-24,2.87532648928953e-24,4.3822681494410504e-24,-1.2975792841527897e-21,1.8106825281246654e-21,-4.693017636664957e-22,-4.727451790675645e-24,2.0233547000555285e-24,1.0779293302539239e-24,-2.644249864589268e-22,-1.3900149101674845e-21,-7.1624078356964675e-22
412,4.12,-396.58307,871.04065,-407.964,466.91,-613.2977,50.360397,-0.09537383690476417,-0.2023916006088257,2.1842321276664736,222.53992309570313,-364.08897552490237,-23.416373252868652,-42.85256576538086,-13.273640346527099,-648.6534790039062,16878.0771484375,18627.9919921875,-3723.920556640625,0.062461447343230246,0.3973680853843689,-0.2812745958566666,51.95299377441406,63.09430122375488,47.409996032714844,6.11150276630262e-24,2.9879033696809457e-24,4.5716401261961434e-24,-1.362149101723391e-21,1.8922916907609426e-21,-4.871286115344582e-22,-5.334463651721159e-24,2.415605648314045e-24,1.2988290304154543e-24,-3.6197443295288684e-22,-1.629037320873911e-21,-7.568079644558794e-22
413,4.13,-384.01846,869.5832,-402.398,465.778,-613.22424,51.609276,-0.2691547587513924,-0.32432088255882263,4.148145008087158,426.95509643554686,-666.3820922851562,-25.164646911621094,-44.16620788574219,-21.904661178588867,-681.8857421875,19964.9837890625,18929.1376953125,-4268.9674072265625,0.06328606680035591,0.39619101881980895,-0.31349694132804873,50.05113906860352,58.907066345214844,47.72244758605957,4.6860748134624e-24,2.2864812961695896e-24,3.531712266924308e-24,-1.0681275207507667e-21,1.468112301343078e-21,-3.717490430842347e-22,-4.871343490775941e-24,2.4340324924269213e-24,1.3281601311882587e-24,-4.400935916407547e-22,-1.5918931854224525e-21,-6.025701226051373e-22
414,4.14,-370.0488,868.3031,-396.601,464.854,-613.09204,53.094257,-0.524028554558754,-0.46142272651195526,6.68773832321167,692.7709838867188,-1048.698468017578,-20.812325477600098,-45.193067169189455,-32.29611797332764,-716.7376098632812,22894.566015625,19189.3494140625,-4833.8103515625,0.06393572986125946,0.3956152766942978,-0.3555569887161255,48.69934844970703,54.69837684631348,48.60979957580567,4.722930552726507e-25,2.1895640171868155e-25,4.227362659344137e-25,-1.676834643151904e-22,1.914969370552854e-22,-3.299775126716222e-23,-2.4708933247742473e-24,1.720199871800163e-24,9.761148003063477e-25,-4.563873912068822e-22,-1.0294170685242895e-21,-1.1720228552982264e-22
415,4.15,-356.83762,866.7266,-390.476,464.212,-612.2071,54.78289,-0.8580211639404297,-0.5857892990112304,9.56409511566162,996.0608154296875,-1468.8040893554687,-5.943019938468933,-45.80334663391113,-44.34559593200684,-751.662109375,25624.271875,19374.4310546875,-5410.3091796875,0.06311531066894531,0.3934311240911484,-0.4009833186864853,48.518283462524415,51.8833927154541,49.839281463623045,-7.863293440799354e-24,-3.867028727488024e-24,-5.750229261665343e-24,1.6341109763424147e-21,-2.348777885218482e-21,6.355798468875745e-22,2.955747850428313e-24,-1.9704001891153381e-25,-8.768561205271197e-27,-3.4749593990701477e-22,3.8088706265990834e-22,8.622807500767185e-22
416,4.16,-342.88165,865.23926,-383.913,463.564,-611.9754,57.294613,-1.2429281711578368,-0.6470997989177704,12.209125328063966,1278.7781616210937,-1832.97236328125,24.788107252120973,-45.88348503112793,-57.7855827331543,-784.9283325195313,28123.8736328125,19450.176953125,-5986.3693359375,0.0616435032337904,0.3900521039962769,-0.443246454000473,50.14597511291504,52.39392585754395,51.20310821533203,-2.164299136927828e-23,-1.0617772829182356e-23,-1.5977337995464605e-23,4.63288949221705e-21,-6.562798433024192e-21,1.7393126235281532e-21,1.2592922763674726e-23,-3.8628022572768826e-24,-1.920338853278437e-24,-2.882495743970878e-23,3.00471996377727e-21,2.5004848088497856e-21
417,4.17,-329.32507,863.51184,-375.957,462.59,-611.7442,60.408188,-1.6082490921020507,-0.5669684141874314,13.58990478515625,1434.4365600585938,-1976.259033203125,76.88434562683105,-45.440813064575195,-72.23433685302734,-814.69580078125,30367.3494140625,19392.3275390625,-6533.14453125,0.060844356939196584,0.38694714903831484,-0.4739504218101501,53.52383270263672,57.14555397033691,52.29565773010254,-4.1760195743581945e-23,-2.0468746668307837e-23,-3.093448556955666e-23,9.034607044826104e-21,-1.2732139198840873e-20,3.348901355022971e-21,2.744579617895977e-23,-9.798080636544321e-24,-5.0443294065799645e-24,5.994383397627001e-22,7.179127516652863e-21,4.9144696083277e-21
418,4.18,-315.70093,861.86066,-367.735,461.946,-611.0745,63.983387,-1.8229877829551697,-0.23660251554101705,12.088159847259522,1295.1959228515625,-1646.09833984375,154.46201171875,-44.583304977416994,-87.21706848144531,-839.0900146484375,32322.825,19188.8373046875,-7005.275537109375,0.06142230816185475,0.38487746715545657,-0.48482235670089724,57.48464660644531,64.89880180358887,52.79527320861816,-6.799949133024551e-23,-3.331152858082293e-23,-5.04785921203203e-23,1.4807484222403633e-20,-2.0801871966969763e-20,5.445967846626721e-21,4.786169815963212e-23,-1.8316526806219024e-23,-9.56269818972003e-24,1.6359452079513307e-21,1.308165394613814e-20,8.092829726860838e-21
419,4.19,-301.5821,859.79407,-358.373,461.132,-609.4791,67.81553,-1.6789104223251343,0.47838419303297997,5.4463059335947035,625.6584327697753,-497.4055908203125,257.6739013671875,-43.4162036895752,-102.21207885742187,-856.2461242675781,33942.46640625,18833.769921875,-7354.61865234375,0.062227245047688486,0.3824803799390793,-0.46472185254096987,60.722502899169925,72.66519622802734,52.662358093261716,-9.805666827879906e-23,-4.801394610552924e-23,-7.291884118806694e-23,2.1467451699309334e-20,-3.007994201520109e-20,7.844653732668622e-21,7.280238133708481e-23,-2.923219063149448e-23,-1.5399659177761872e-23,3.146705859234263e-21,2.0525147094093243e-20,1.1777977638090432e-20
420,4.2,-287.06967,858.4099,-348.037,460.197,-608.1747,72.346146,-0.8817932516336441,1.720734167098999,-9.140535497665406,-868.3837520599366,1888.4477294921876,378.92197875976564,-41.96561622619629,-116.70619888305664,-864.28466796875,35155.529296875,18320.41328125,-7542.1236328125,0.061401599645614625,0.3789822608232498,-0.4057690352201462,62.54161758422852,78.26098937988282,51.81904907226563,-1.2627729058084286e-22,-6.180271250287327e-23,-9.407690350837122e-23,2.7800439849951654e-20,-3.884908482947391e-20,1.00908223367677e-20,9.885628482914621e-23,-4.1445341161469064e-23,-2.2001802858751886e-23,5.1139580263148574e-21,2.867124955461416e-20,1.5313171557923834e-20
421,4.21,-272.5671,856.9275,-336.622,459.3,-605.7239,77.38349,0.9391054078936577,3.6054685592651365,-34.67712669372558,-3504.832421875,5944.101831054688,497.8834289550781,-40.14416618347168,-130.17161865234374,-861.3060607910156,35870.57109375,17636.858984375,-7544.24609375,0.059940801933407784,0.37527588903903963,-0.3088808566331863,63.04649200439453,81.57534408569336,50.41663436889648,-1.4223673303001426e-22,-6.956890990634354e-23,-1.06226450076824e-22,3.1547421006387685e-20,-4.3928274935991254e-20,1.1348760403702629e-20,1.1904966366349636e-22,-5.2418876296068074e-23,-2.805782760138825e-23,7.36258531169365e-21,3.567410068220543e-20,1.7468117286587694e-20
422,4.22,-257.37595,855.4408,-324.573,458.082,-603.64844,83.028404,4.189068031311035,6.158303117752075,-73.63131332397461,-7549.732568359375,11996.1830078125,575.7619873046875,-37.764783477783205,-141.98113861083985,-845.45400390625,35987.526953125,16764.874609375,-7353.159375,0.05941041223704815,0.3738799631595612,-0.1847420185804367,63.11411590576172,83.76730422973633,49.068319702148436,-1.294494214497716e-22,-6.323744854107855e-23,-9.712468591726561e-23,2.911408311892513e-20,-4.027116016764315e-20,1.0298496207748082e-20,1.216329407900251e-22,-5.76033313807868e-23,-3.11872164087503e-23,9.465561116162198e-21,3.829808754499012e-20,1.6276648755647013e-20
423,4.23,-241.74715,854.1538,-311.322,457.106,-600.90796,89.88261,9.215712451934815,9.223454761505128,-126.66735916137695,-13086.4072265625,20064.678515625,549.8019775390625,-34.59968872070313,-151.3109344482422,-815.0934753417969,35418.3828125,15683.0701171875,-6972.124755859375,0.060173449665308,0.37644127011299133,-0.05841362015344202,63.864994049072266,85.29267272949218,48.141452407836915,-6.47267174292565e-23,-3.1455041628048796e-23,-4.952097824802659e-23,1.5417790962652648e-20,-2.076004744529916e-20,5.085355075948666e-21,8.919269456397812e-23,-4.9939092671594545e-23,-2.766443481641247e-23,1.0637755369478113e-20,3.160292482548999e-20,8.947867766999703e-21
424,4.24,-225.86095,852.83466,-296.851,455.736,-597.2204,97.23386,16.15900297164917,12.341495704650878,-190.79614715576173,-19823.5482421875,29576.3185546875,328.9435791015625,-30.466264533996583,-157.10154724121094,-769.1084899902344,34109.618359375,14375.09638671875,-6410.8736328125,0.06129404194653034,0.38111427128314973,0.03972470611333847,66.41732330322266,86.13139114379882,47.34258346557617,8.100663824007334e-23,4.000662156088984e-23,5.825584746041559e-23,-1.5951500515646346e-20,2.355657535871769e-20,-6.6133969957420666e-21,-1.3299686835603297e-24,-1.9661934207669343e-23,-1.2297111914902607e-23,9.639813174545029e-21,8.856601634218974e-21,-8.052553442535482e-21
425,4.25,-209.48886,851.7032,-281.374,454.397,-592.5744,105.38596,24.893605613708495,14.644475841522217,-258.56544189453126,-27017.78671875,39253.4359375,-217.61872081756593,-25.320634651184083,-158.1404296875,-707.3013854980469,32060.9072265625,12841.45185546875,-5685.858935546875,0.06275541745126248,0.38319282829761503,0.09278017580509186,70.85427551269531,86.41656265258788,46.33532218933105,3.39312699510858e-22,1.6658177258148353e-22,2.4979454239440234e-22,-7.200965989553058e-20,1.0243758952429062e-19,-2.731487077477496e-20,-1.7686494366794306e-22,4.524193613735083e-23,2.1358957740504568e-23,4.731233300185551e-21,-3.808205163734278e-20,-3.861538788873435e-20
426,4.26,-192.99843,850.91956,-264.027,452.785,-586.74475,115.04752,35.14499473571777,15.103839302062989,-323.574169921875,-34062.5830078125,48009.7234375,-1230.899267578125,-19.342006301879884,-153.3144989013672,-630.8816589355469,29337.83515625,11112.80986328125,-4826.6548828125,0.06474494263529777,0.37972772121429443,0.10826552882790566,76.28718185424805,86.15797424316406,45.11024360656738,7.368663281757808e-22,3.612950129298577e-22,5.451459459535472e-22,-1.587892635845868e-19,2.2420550720713554e-19,-5.913874087331541e-20,-4.635719829219496e-22,1.574586113587319e-22,8.019639700537106e-23,-6.2664928435089304e-21,-1.1758574032715598e-19,-8.612591483958083e-20
427,4.27,-176.52484,851.17145,-244.186,451.027,-578.7433,125.78389,46.27726936340332,13.28191032409668,-384.3555938720703,-40858.662890625,55565.1078125,-2718.6986694335938,-12.970723628997803,-142.01285400390626,-542.8885498046875,26073.335546875,9258.55966796875,-3883.387353515625,0.06747217178344726,0.36910134851932525,0.09672940224409103,81.538818359375,85.81250610351563,43.73466148376465,1.2826278532170194e-21,6.284760471509762e-22,9.513091003016788e-22,-2.7855377696569217e-19,3.9182786419930964e-19,-1.0277937796845813e-19,-8.78057102327409e-22,3.270737724774888e-22,1.6985655571119814e-22,-2.5712257774919765e-20,-2.3589851166666985e-19,-1.5194428585457368e-19
428,4.28,-159.90833,851.3828,-221.858,449.193,-567.90594,137.51212,57.39628143310547,9.39860396385193,-442.0198181152344,-47545.575,62055.7890625,-4556.393041992187,-6.835432863235473,-124.53839721679688,-448.1796081542969,22452.7806640625,7378.881298828125,-2923.2450439453123,0.07109817788004875,0.35257324278354646,0.06785780005156994,85.63438873291015,86.0804328918457,42.719381713867186,1.9483671146886417e-21,9.542212718411672e-22,1.4477591851173965e-21,-4.2554369426818276e-19,5.969499540757986e-19,-1.5594698828179336e-19,-1.413242812236634e-21,5.560125213312734e-22,2.918112962147457e-22,-5.558904649349983e-20,-3.932039541115346e-19,-2.33075610484786e-19
429,4.29,-143.41238,851.66,-198.259,447.723,-554.44763,149.6256,67.92387924194335,3.973485505580902,-498.3938415527344,-54309.078125,67722.484765625,-6600.8625,-1.5851920498535037,-102.32718505859376,-352.92845764160154,18686.0490234375,5585.160400390625,-2017.09560546875,0.07513415962457656,0.3341428697109222,0.02529550848994404,87.49009857177734,86.54272537231445,42.79344635009765,2.6422630306781365e-21,1.2934699474009575e-21,1.966795965663661e-21,-5.801794875417453e-19,8.117837259550282e-19,-2.1125685291750344e-19,-2.0181987783852963e-21,8.297458014145441e-22,4.389751206679609e-22,-9.653849864084557e-20,-5.778497695356415e-19,-3.1898265591922475e-19
430,4.3,-127.429115,851.6932,-172.68,445.046,-537.9709,161.53325,77.67229614257812,-2.4010341696441175,-554.3917602539062,-61212.8109375,72689.59921875,-8732.482275390625,2.2943251371383666,-77.86954498291016,-263.48719635009763,14967.52861328125,3979.6158447265625,-1226.6256958007812,0.07782448753714562,0.31775071024894713,-0.023483852192293854,86.72857894897462,86.84529571533203,44.10637664794922,3.1771754084878555e-21,1.554480832214509e-21,2.3698774430897e-21,-7.020505507695665e-19,9.79327923426604e-19,-2.5369586218513143e-19,-2.572445876973428e-21,1.106238070133461e-21,5.898122399542804e-22,-1.4639747762308303e-19,-7.587673630317589e-19,-3.8771394087638366e-19
431,4.31,-111.74285,851.7535,-145.106,442.707,-518.82074,173.26631,86.24860458374023,-9.184656047821045,-609.2306213378906,-68115.95859375,76926.759375,-10814.63798828125,4.613192892074585,-54.16268692016602,-184.88388214111328,11446.471875,2634.563818359375,-597.0242431640625,0.07869844436645508,0.3068857878446579,-0.06460777819156646,83.64827880859374,87.00311050415038,46.27467575073242,3.2383336008052355e-21,1.5830368901641386e-21,2.4234386600273767e-21,-7.227038030989436e-19,1.003356269110593e-18,-2.580477679552283e-19,-2.8574322364126597e-21,1.3029370557649177e-21,7.013332461168204e-22,-1.98217630105615e-19,-8.76718546583662e-19,-4.0189314006452266e-19
432,4.32,-96.5132,851.5226,-116.816,440.358,-498.1966,185.12428,92.81790542602539,-15.869714069366456,-660.4779357910156,-74679.05234375,80310.46484375,-12671.456640625,5.490262842178344,-33.72370014190674,-119.95418548583984,8243.0609375,1580.36513671875,-151.11015059947968,0.08040253072977066,0.30367706120014193,-0.08299200236797333,80.06230926513672,87.24513778686523,48.94598655700683,2.3598424255559177e-21,1.1509867590780227e-21,1.781157814616652e-21,-5.402638974227566e-19,7.410393884097661e-19,-1.8703123628964793e-19,-2.5312975794925538e-21,1.2839651251748402e-21,7.020905172448641e-22,-2.378897357338896e-19,-8.3595763991719e-19,-3.056751512928215e-19
433,4.33,-82.079865,850.86084,-88.2112,438.394,-476.453,197.73228,96.60502319335937,-22.01648120880127,-705.052099609375,-80491.7484375,82703.06875,-14145.9458984375,5.248976802825927,-17.897084712982178,-69.618798828125,5476.074560546875,811.12158203125,116.77477283477783,0.08548015654087067,0.3094102680683136,-0.07452896311879158,77.39428253173828,87.24952239990235,51.676412200927736,-7.44374375581183e-23,-4.3256277076765196e-23,-1.5784485091079132e-23,-1.9270417159114606e-20,2.9567823027300863e-21,8.603193096612345e-21,-1.117800920020773e-21,8.516470237190193e-22,4.873283031529172e-22,-2.4173181907319707e-19,-4.992693871964814e-19,-2.4517163543333203e-20
434,4.34,-67.14724,850.0828,-58.7631,437.19,-452.38544,210.36952,97.37556838989258,-27.3357795715332,-740.4161560058594,-85224.5734375,84004.1109375,-15155.71025390625,4.337525534629822,-6.89407970905304,-33.342299461364746,3243.601123046875,294.4485008239746,240.1726867675781,0.09347842633724213,0.3235124260187149,-0.04695532061159611,75.58510360717773,85.54744567871094,53.86467361450195,-4.7829055423540215e-21,-2.3511272922234277e-21,-3.503554160429053e-21,9.99294796793321e-19,-1.4325298516265085e-18,3.8619886523420416e-19,1.9738121576635692e-21,-2.509244409640414e-22,-8.018503330625916e-23,-1.7474948602912902e-19,3.089035627450491e-19,5.295071502642375e-19
435,4.35,-52.29935,849.3396,-28.6407,436.431,-426.28656,221.77684,95.37832946777344,-31.671725273132324,-765.0380737304688,-88682.31171875,84157.8,-15683.53564453125,3.185927724838257,-0.13164647072553634,-9.498083329200744,1590.1109619140625,-16.81202087402344,266.01722106933596,0.10127819627523423,0.3422746956348419,-0.01211916173924692,74.17370834350587,81.6380386352539,55.11962203979492,-1.2461462599517507e-20,-6.11271185183433e-21,-9.203520476304343e-21,2.6712626594652653e-18,-3.7814177684262284e-18,1.0011697412384008e-18,7.374926701030099e-21,-2.316658821501185e-21,-1.1585378214908647e-21,9.261290560258719e-21,1.784572884867098e-18,1.4432571330606449e-18
436,4.36,-37.478626,849.0142,1.66092,437.698,-399.63797,230.9123,91.10366973876953,-34.963086700439455,-778.5748657226562,-90820.68828125,83167.86796875,-15754.337109375,2.088665044307709,3.3688565254211427,4.271660423278808,487.6902542114258,-174.25732498168946,237.1646240234375,0.10624989122152328,0.360804358124733,0.025232758559286594,73.42662353515625,76.09016647338868,55.30923690795898,-2.35479521421957e-20,-1.1541294769210015e-20,-1.744771775252417e-20,5.0982754276558726e-18,-7.182215367662357e-18,1.8881130260148e-18,1.560144165879722e-20,-5.6182297843883436e-21,-2.897667282876423e-21,3.640619235970151e-19,4.103137342687601e-18,2.774766218550377e-18
437,4.37,-22.521008,848.9944,30.505,440.047,-372.8408,237.55627,85.16910247802734,-37.20557479858398,-781.7393615722656,-91724.60625,81094.98515625,-15423.177734375,1.1931642234325408,4.63602876663208,10.679253005981446,-156.77809896469117,-227.64983978271485,184.73961639404297,0.10784420669078827,0.3739576816558838,0.059630359336733815,74.3490089416504,70.01623001098633,54.51900100708008,-3.7843794136462313e-20,-1.8538015955318507e-20,-2.809791758579788e-20,8.245347430148788e-18,-1.1580161969294905e-17,3.0305101153087044e-18,2.678590072839209e-20,-1.0304999996093636e-20,-5.385489392401087e-21,9.415450427412031e-19,7.345911763908641e-18,4.508168211460085e-18
438,4.38,-7.446165,849.5321,59.6991,443.154,-345.29767,242.11256,78.21736526489258,-38.47245979309082,-775.956640625,-91567.52890625,78045.3609375,-14764.7205078125,0.5433676093816757,4.553370141983033,12.283723163604737,-463.5113891601562,-219.04724884033203,128.4938491821289,0.10467347875237465,0.37864728569984435,0.08638051375746728,77.19037475585938,65.01953735351563,53.266428756713864,-5.397458186954782e-20,-2.6427759472814047e-20,-4.0144440621444e-20,1.1822708943842499e-17,-1.656171344440505e-17,4.317578229625262e-18,4.027491899266886e-20,-1.6240655978463944e-20,-8.562295477670135e-21,1.7739887056789336e-18,1.1386300777650649e-17,6.488845984363716e-18
439,4.39,7.633477,850.624,87.5357,447.573,-317.9499,245.79793,70.79883041381837,-38.93210716247559,-762.9959289550782,-90569.4828125,74160.81015625,-13861.937109375,0.12294972231611609,3.789327692985535,11.162769222259522,-547.8774536132812,-179.91160888671874,79.19487037658692,0.0961469866335392,0.37670342326164247,0.10275395214557648,81.0889907836914,63.1414852142334,52.0967960357666,-6.870381157482967e-20,-3.362329860824913e-20,-5.1194766134702927e-20,1.5134628281686003e-17,-2.114334228393602e-17,5.4894372692904095e-18,5.408876962946679e-20,-2.2775613281137513e-20,-1.2099834826125166e-20,2.845606255722633e-18,1.5732589619157015e-17,8.340121317959806e-18
440,4.4,22.8623,852.35156,114.563,453.506,-289.62747,247.06557,63.32726364135742,-38.800004959106445,-744.6696472167969,-88957.4796875,69602.5015625,-12798.0169921875,-0.11283559277653694,2.795784616470337,8.81722116470337,-504.4681701660156,-131.26819610595703,41.281768035888675,0.0850603461265564,0.3723851412534714,0.1023764967918396,83.9202995300293,65.52500610351562,51.478064727783206,-7.61724983501094e-20,-3.725342014676416e-20,-5.690548569756721e-20,1.6910593411361542e-17,-2.353658192946058e-17,6.0764543868718826e-18,6.427951069902821e-20,-2.8462728308182056e-20,-1.5249002052552753e-20,4.052051185044209e-18,1.9334848855698265e-17,9.369716583281194e-18
441,4.41,38.199917,854.56647,141.217,459.892,-259.2764,244.22852,56.0997371673584,-38.26758308410645,-722.6849548339844,-86942.409375,64535.686328125,-11650.14404296875,-0.21626640260219573,1.8415987730026244,6.21329402923584,-402.19761047363284,-85.44097290039062,15.234256267547607,0.07432566061615944,0.368523770570755,0.08358487337827683,84.2018798828125,70.87222061157226,51.63653030395508,-6.722897180710235e-20,-3.283558323508541e-20,-5.047904810969142e-20,1.5154226092912794e-17,-2.0939270871118778e-17,5.3459490194858876e-18,6.428957709934206e-20,-3.075038143363941e-20,-1.6673408844514913e-20,5.148985817826498e-18,2.0381523663589586e-17,8.48515106019485e-18
442,4.42,53.86785,857.0392,167.919,464.548,-226.89024,238.0683,49.339128494262695,-37.472432708740236,-698.590576171875,-84710.66328125,59117.39375,-10485.2806640625,-0.23521206378936768,1.0588597774505615,3.8890437126159667,-285.8487182617188,-48.32433090209961,-0.581046462059021,0.06472748368978501,0.366817969083786,0.0496478071436286,82.0186378479004,77.63387908935547,52.43831367492676,-2.914027701682887e-20,-1.4135943310541378e-20,-2.244144671258642e-20,7.07317102196212e-18,-9.441997615609427e-18,2.279622563164742e-18,4.450885523648375e-20,-2.5726096571191264e-20,-1.430678452748318e-20,5.6952296313720686e-18,1.6138672516912057e-17,4.152553763886252e-18
443,4.43,68.47091,859.5295,194.508,469.086,-192.9774,229.76866,43.22445220947266,-36.50875663757324,-673.7563171386719,-82422.1984375,53487.403515625,-9358.151171875,-0.20768844038248063,0.4883601307868958,2.076980268955231,-180.6929458618164,-21.570650386810303,-8.625874328613282,0.058662666007876396,0.36727010309696195,0.008503313641995192,78.11265869140625,84.67295837402344,53.27079277038574,5.386569703205778e-20,2.6563328114811342e-20,3.896555387920529e-20,-1.0812028631472723e-17,1.5812706311123172e-17,-4.3823418290369766e-18,-7.646097387288686e-21,-8.037355432613402e-21,-5.300599729602343e-21,5.002887068726819e-18,2.921560533487393e-18,-5.547435958177996e-18
444,4.44,83.54432,861.88,221.177,472.801,-158.50537,220.03139,37.88982810974121,-35.435717010498045,-649.3610412597657,-80210.05625,47766.8765625,-8307.459912109374,-0.1606179043650627,0.11745649424483418,0.8155693739652634,-97.95866165161132,-4.387978477124125,-11.398067474365234,0.05839514695107937,0.3689537525177002,-0.025688583962619305,73.0593246459961,90.55790405273437,53.48208770751953,1.9861057450079007e-19,9.74874292535739e-20,1.4631856911628945e-19,-4.2244686622939254e-17,6.002897814121747e-17,-1.5981184524753292e-17,-1.0666230011933614e-19,2.881880007742094e-20,1.3836802697558802e-20,2.116394565210458e-18,-2.3667710405193302e-17,-2.2692312427196694e-17
445,4.45,97.37523,864.2875,245.958,477.927,-123.46315,208.77812,33.40450553894043,-34.27343063354492,-626.39208984375,-78181.15625,42065.28515625,-7352.253271484375,-0.11094924807548523,-0.09198352862149477,0.03734642998315394,-39.869992637634276,5.147732663154602,-11.018240165710449,0.06270907931029797,0.3716194063425064,-0.04811733923852444,67.62960433959961,94.84732971191406,52.67503356933594,4.1877502007226853e-19,2.053144623601655e-19,3.0991143918526847e-19,-9.032807392169836e-17,1.274819538961686e-16,-3.360332051883029e-17,-2.662648819326323e-19,9.157856729914306e-20,4.6771718308282515e-20,-4.145763407218531e-18,-6.805868372157676e-17,-4.9027075638845737e-17
446,4.46,110.82274,866.151,270.207,482.728,-87.12912,196.53352,29.73468780517578,-33.009640502929685,-605.6719970703125,-76420.2265625,36491.1015625,-6490.985498046875,-0.06781423576176167,-0.18516397327184678,-0.3689634263515472,-3.6659506499767303,9.238115215301514,-9.07689971923828,0.06865705251693725,0.37577472627162933,-0.05615328773856163,62.77548103332519,97.72754440307617,50.89867057800293,7.177213168683823e-19,3.5165874839245226e-19,5.324307244965479e-19,-1.5596567741443774e-16,2.1932443537728498e-16,-5.75052759003533e-17,-4.944709615769102e-19,1.8535681851962687e-19,9.638070941535711e-20,-1.5040384285775387e-17,-1.3337818663795274e-16,-8.511305022238675e-17
447,4.47,124.75536,867.88043,292.992,487.746,-49.442757,183.22182,26.72468376159668,-31.63306655883789,-587.87294921875,-74993.6890625,31152.486328125,-5705.29921875,-0.034875809028744695,-0.20376427620649337,-0.5195429742336273,15.541755771636963,9.878750324249268,-6.63978762626648,0.07531384229660035,0.38111416101455686,-0.055067804828286174,59.0574462890625,99.01344985961914,48.48432159423828,1.077720860834391e-18,5.277951991739219e-19,8.00949634824296e-19,-2.3550712027207554e-16,3.3028542853628715e-16,-8.625154522155779e-17,-7.857341127454776e-19,3.105418309451557e-19,1.6311943518408886e-19,-3.158351023735382e-17,-2.1925797373117204e-16,-1.290380030511115e-16
448,4.48,138.35785,869.2461,314.667,493.013,-10.267914,169.0615,24.14684772491455,-30.176426315307616,-573.4847351074219,-73949.18125,26145.12265625,-4969.91826171875,-0.012402815790846945,-0.18104609996080398,-0.5146900475025177,22.961325073242186,8.64299430847168,-4.333781909942627,0.08381984978914261,0.38579291105270386,-0.04620450623333454,56.766397857666014,98.88236389160156,46.21686477661133,1.4455119343526455e-18,7.075896830234666e-19,1.076175811527234e-18,-3.175751406503868e-16,4.442317469662398e-16,-1.1556003663196925e-16,-1.1098533121144729e-18,4.582154337034367e-19,2.4259781513599414e-19,-5.40103190291808e-17,-3.186500386953423e-16,-1.746709614220276e-16
449,4.49,151.4528,870.3099,334.925,498.288,30.19064,154.64952,21.77064323425293,-28.731767082214354,-562.8032775878906,-73316.31796875,21539.3482421875,-4262.174755859375,0.0011247512957197614,-0.14066962376236916,-0.4306368142366409,23.14026622772217,6.637656927108765,-2.46063312292099,0.09488659799098968,0.38705910444259645,-0.026582394354045392,55.65745887756348,98.05824127197266,44.60516510009766,1.7151724314738993e-18,8.391199617387379e-19,1.2796727060500276e-18,-3.7927813713678705e-16,5.288866046419767e-16,-1.3693468144536e-16,-1.3980090507445295e-18,6.041176601992084e-19,3.2235941914469815e-19,-8.096582007918556e-17,-4.136939169348088e-16,-2.095693422122144e-16
450,4.5,165.27994,871.02637,355.198,502.598,71.37953,140.75572,19.39405174255371,-27.433269119262697,-555.9809692382812,-73112.846875,17374.7396484375,-3565.149560546875,0.007906395895406603,-0.09760597869753837,-0.31915425360202787,19.565587043762207,4.554135131835937,-1.1070015013217926,0.10810657888650894,0.38244549036026,0.0009541885927319526,55.03087844848633,96.88172912597656,43.770345306396486,1.7110496082045701e-18,8.363318719359455e-19,1.2810786442576687e-18,-3.82394943096975e-16,5.30536566589713e-16,-1.3630558742845628e-16,-1.5275164799513177e-18,7.016410756868374e-19,3.7810605970076065e-19,-1.084215963240677e-16,-4.710142273092613e-16,-2.12855237124498e-16
451,4.51,179.23743,871.4387,375.289,506.393,113.76319,127.3108,16.84242401123047,-26.42651653289795,-553.0750122070312,-73348.7265625,13661.46845703125,-2865.3336669921873,0.01014269357547164,-0.05998355038464069,-0.211224664747715,14.626119995117188,2.7605366706848145,-0.23515188694000244,0.12027618736028671,0.37203682363033297,0.03292981591075659,54.088982009887694,95.72993927001953,43.879018020629886,1.1760569864437324e-18,5.733343017241094e-19,8.892570330268021e-19,-2.7068067030308975e-16,3.7034567707613392e-16,-9.310263886652619e-17,-1.308780188849276e-18,6.750970721348004e-19,3.700067879413725e-19,-1.283937557471303e-16,-4.373592101528161e-16,-1.5368545744123977e-16
452,4.52,193.98915,872.11273,394.589,509.38498,156.76817,114.6351,13.97077579498291,-25.82861957550049,-554.0666381835938,-74025.00078125,10384.70439453125,-2149.8996459960936,0.009686073940247297,-0.03112215418368578,-0.12222529873251915,9.767171096801757,1.4003113985061646,0.2506721943616867,0.1271890252828598,0.36168006658554075,0.06570981256663799,52.37382278442383,94.2944564819336,44.929297637939456,-2.259917539798601e-19,-1.1442047167467587e-19,-1.4618669423154606e-19,2.981889996070341e-17,-5.5071002637054073e-17,1.9543182316621686e-17,-4.805469036637738e-19,4.1558429493643708e-19,2.4030771003394367e-19,-1.2766920905800488e-16,-2.3724503534172785e-16,8.653007513177786e-18
453,4.53,207.88202,872.05096,412.361,512.61,199.86473,103.15512,10.6764666557312,-25.690112686157228,-558.87099609375,-75130.6625,7508.91640625,-1405.8456787109376,0.007916315691545606,-0.011341567616909742,-0.05706804618239403,5.719584655761719,0.47859223634004594,0.4609055697917938,0.12742023766040803,0.35665681064128874,0.09550668820738792,50.14405403137207,92.84035720825196,46.898888397216794,-2.881484780522299e-18,-1.4159367636350597e-18,-2.1137058585733246e-18,6.047018079513219e-16,-8.649720356980506e-16,2.3246847030662855e-16,1.2772523936722734e-18,-2.1681245725353423e-19,-8.579362313970378e-20,-8.694059792147078e-17,2.2477550515599206e-16,3.2151752050750597e-16
454,4.54,221.95497,871.65,429.122,514.995,243.30092,92.63228,6.900565338134766,-25.986224365234374,-567.3420471191406,-76640.72578125,4983.2891845703125,-620.478140258789,0.005751385027542711,0.0006326061644358561,-0.01450209430186078,2.7308104038238525,-0.07146439701318741,0.49603578448295593,0.12250709757208825,0.35726834237575533,0.11671053096652031,47.60378570556641,91.84823074340821,49.680219650268555,-7.155383076157208e-18,-3.509543229337657e-18,-5.286887289773836e-18,1.535834581307781e-15,-2.172738834908258e-15,5.747241684535135e-16,4.300427260009435e-18,-1.3791966681888737e-18,-6.931980044004174e-19,1.8998131835186817e-17,1.053555117555525e-15,8.305945100255091e-16
455,4.55,236.39899,871.00305,445.434,516.715,288.10544,83.33102,2.613627791404724,-26.63678436279297,-579.2482055664062,-78513.3234375,2747.4516723632814,217.37959096003323,0.0037261891178786755,0.006693021254613995,0.009695851267315448,0.7603830248117447,-0.34314188063144685,0.435509580373764,0.11398241594433785,0.36080129742622374,0.12937624454498292,43.86572456359863,90.82236175537109,52.782875061035156,-1.325859787253901e-17,-6.497896126086628e-18,-9.826161628168977e-18,2.8726175635052803e-15,-4.0454095990430436e-15,1.0629432548720212e-15,8.851956527333734e-18,-3.2136942043627324e-18,-1.6602856994483133e-18,2.1905503654841073e-16,2.3399342554382223e-15,1.5642517637705983e-15
456,4.56,251.13324,870.24634,460.006,517.829,333.10904,75.70999,-2.1960906364023685,-27.526035118103028,-594.2482055664062,-80686.8015625,736.6579467773438,1115.8314880371095,0.002093793323729187,0.00875051785260439,0.020609201677143574,-0.3738808313384652,-0.42854531705379484,0.3353594452142715,0.10308149829506874,0.36588814854621887,0.12986496090888977,39.11346588134766,89.19518280029297,55.5158187866211,-2.103766334323747e-17,-1.0304954363511923e-17,-1.5622612565277577e-17,4.586132880317968e-15,-6.439301293177376e-15,1.6844998432154894e-15,1.4972269271054095e-17,-5.789546998203018e-18,-3.0286232129338944e-18,5.404302396389102e-16,4.1195413084878535e-15,2.5084586177228698e-15
457,4.57,265.51187,868.9573,475.952,517.636,377.1211,69.63197,-7.524911308288575,-28.523504638671874,-611.8970947265625,-83081.5703125,-1115.3203216552733,2077.967321777344,0.0009221563930623233,0.008422506507486105,0.022958389669656753,-0.8982101500034332,-0.40457882881164553,0.23069250136613845,0.09070212244987488,0.37149146795272825,0.1098317451775074,34.09751224517822,87.02163925170899,57.210934448242185,-2.967815577918345e-17,-1.453077038721841e-17,-2.2077352114547415e-17,6.504146154564313e-15,-9.108979355168652e-15,2.3737873247796033e-15,2.2256779335374864e-17,-9.013009750650665e-18,-4.75542205048826e-18,9.986269155743913e-16,6.309717449521908e-15,3.5710985077448315e-15
458,4.58,279.72595,867.19696,491.486,517.204,420.59253,65.11551,-13.355292987823486,-29.504134559631346,-631.6718017578125,-85606.084375,-2873.4447509765623,3100.954541015625,0.00017323225674772402,0.006919137993827462,0.020529110729694367,-1.0256471276283263,-0.3281396895647049,0.14028693437576295,0.0752721905708313,0.3753397047519684,0.06375777535140514,29.414887619018554,84.99849395751953,57.6139778137207,-3.73318131416753e-17,-1.8269013897842257e-17,-2.7823606754236093e-17,8.228911106531898e-15,-1.1492468235337104e-14,2.9824293288312276e-15,2.956055865478312e-17,-1.2502419879507634e-17,-6.647115455406192e-18,1.5816388620184466e-15,8.623354021277492e-15,4.5366524342645714e-15
459,4.59,293.71136,865.4297,505.625,516.405,463.262,62.099236,-19.656078910827638,-30.360367584228516,-653.0044860839844,-88165.415625,-4598.1636962890625,4176.273413085937,-0.00023953561612870543,0.005049273744225502,0.016026269271969797,-0.9286915421485901,-0.2368159756064415,0.07154419459402561,0.05619468167424202,0.37441045343875884,-0.005462346819695085,25.58734893798828,83.93706436157227,57.071013641357425,-4.071018684644234e-17,-1.990825938987064e-17,-3.042304614829399e-17,9.046865666816843e-15,-1.2585621597899308e-14,3.246871426777244e-15,3.465232764517677e-17,-1.543404987904703e-17,-8.276690957919648e-18,2.227688879751519e-15,1.0464386823694997e-14,5.016128393661962e-15
460,4.6,308.3825,863.3154,519.512,515.134,502.85452,60.06394,-26.395626258850097,-31.01701374053955,-675.2951782226562,-90667.88515625,-6339.555859375,5291.161865234375,-0.0004139465716434643,0.0032871429109945895,0.011170098464936018,-0.7316502809524537,-0.15230512097477913,0.024839677009731533,0.03673031479120255,0.36790171563625335,-0.08248893357813358,23.442053413391115,84.45737533569336,56.00490493774414,-3.4738403397974546e-17,-1.6962917051880827e-17,-2.610558206959326e-17,7.850376783436809e-15,-1.0834137457478707e-14,2.7608637845653394e-15,3.387652586744737e-17,-1.6378647952371347e-17,-8.894914415367388e-18,2.7972884035829372e-15,1.0819829546340276e-14,4.4031659710079245e-15
461,4.61,323.296,861.0612,533.34,513.495,539.841,58.887592,-33.5756477355957,-31.460514259338378,-697.9059448242188,-93030.71796875,-8128.2634765625,6430.3205078125,-0.00043808731134049595,0.0018596628564409912,0.006901637185364962,-0.514338168501854,-0.08469081893563271,-0.003125607722904533,0.020142906717956065,0.35722438991069794,-0.1509378232061863,23.95098133087158,86.4359634399414,54.64317398071289,-1.2432390629262167e-17,-6.0138546757867365e-18,-9.673777733300454e-18,3.10701251760621e-15,-4.093097712792138e-15,9.659267134746448e-16,2.1935140163069032e-17,-1.3170224542871804e-17,-7.357017118581502e-18,3.042866230760653e-15,8.178331592877792e-15,1.855666229641054e-15
462,4.62,338.58713,858.855,547.323,511.22098,575.6733,58.230453,-41.22893028259277,-31.73036479949951,-720.1556091308594,-95183.37890625,-9969.53154296875,7577.763427734375,-0.00038108945882413535,0.0008305538649437949,0.0036119187949225306,-0.3210314318537712,-0.03648369275033474,-0.01701833922415972,0.0085195935331285,0.34373312890529634,-0.2068881869316101,27.193334579467773,89.55810546875,53.28834953308105,3.4751745324946664e-17,1.7119498826319512e-17,2.524332473908783e-17,-7.0693554113389054e-15,1.0269756270701261e-14,-2.8202989006280476e-15,-8.030477681082791e-18,-2.8779200818616532e-18,-2.1020210535416123e-18,2.5830241350916155e-15,5.253658327873754e-16,-3.6673066433582115e-15
463,4.63,353.94492,856.68787,561.702,509.205,610.0781,58.45261,-49.40317573547363,-31.88365058898926,-741.3054138183594,-97065.59140625,-11842.485546875,8720.12685546875,-0.00029137790261302143,0.00016947475810411561,0.0013470391626469792,-0.17070623412728309,-0.005900244730582926,-0.02146940305829048,0.005021575652062893,0.32836032807827,-0.24341960102319718,32.360442543029784,92.9990234375,52.53134613037109,1.157582522677941e-16,5.681013084979273e-17,8.53354433548998e-17,-2.4671414474634715e-14,3.5023209952035706e-14,-9.310792874610047e-15,-6.379994599220872e-17,1.8013100925366723e-17,8.759257498012213e-18,8.937154778813573e-16,-1.4511144242739536e-14,-1.3272567096891735e-14
464,4.64,369.72913,854.6359,576.47,507.261,640.78925,58.750637,-58.152024841308595,-31.964494705200195,-760.5102966308593,-98617.54453125,-13703.7009765625,9849.3150390625,-0.00019905075896531343,-0.00019750185747398065,-3.1679066705692097e-05,-0.06631497107446194,0.010769733088091015,-0.020357470586895944,0.00921959737315774,0.31211039125919343,-0.24842284619808197,37.966481399536136,95.78440856933594,52.729801940917966,2.375548158046179e-16,1.1645819331154628e-16,1.7585150697481838e-16,-5.128524829204478e-14,7.23486601980931e-14,-1.9058462473524287e-14,-1.5254691281123198e-16,5.30702004697457e-17,2.7172078441067067e-17,-2.664965022441989e-15,-3.926766375982656e-14,-2.7854087749680253e-14
465,4.65,385.30566,853.115,590.051,505.47302,668.99835,59.18557,-67.50940399169922,-31.98064270019531,-776.7731994628906,-99766.6484375,-15493.62705078125,10961.79228515625,-0.00012000782444374636,-0.00035501398087944835,-0.0007360033399891108,-0.002098062657751143,0.017639814130961894,-0.016559595242142677,0.016461882274597883,0.2990433990955353,-0.216233329474926,42.672676467895506,97.16829452514648,53.399479675292966,4.011214333684928e-16,1.9652579980112866e-16,2.9762347280720286e-16,-8.721814706547613e-14,1.22613982904635e-13,-3.2134804223789196e-14,-2.7805785875857577e-16,1.0486413603144945e-16,5.4591581823472014e-17,-8.761030756524206e-15,-7.529183914246722e-14,-4.761682889620981e-14
466,4.66,401.09418,851.46106,604.356,503.716,692.4874,58.895115,-77.45832061767578,-31.889431953430176,-788.919580078125,-100415.42890625,-17142.9806640625,12056.06962890625,-6.0324482910800724e-05,-0.0003797986573772505,-0.0009817497397307307,0.03127369042485952,0.01837928146123886,-0.011981617100536824,0.023043399304151536,0.2932147741317749,-0.16042355746030806,46.27879524230957,97.34309921264648,54.194577026367185,5.954983026415034e-16,2.9162219673030284e-16,4.42641964062428e-16,-1.3019724052132016e-13,1.8254891413597985e-13,-4.765359758001058e-14,-4.3636957126795764e-16,1.7323685258600931e-16,9.107211957396735e-17,-1.7911388518199178e-14,-1.2212148271253074e-13,-7.136340672043995e-14
467,4.67,417.34662,850.2324,619.078,502.151,712.3682,57.931946,-87.90360107421876,-31.592306518554686,-795.5890502929688,-100433.8578125,-18577.2443359375,13129.34462890625,-2.0058827021784965e-05,-0.00033236836316064,-0.0009526196285150945,0.04348775297403336,0.015847401600331067,-0.007727693440392614,0.026454720832407474,0.29606724381446836,-0.10691789016127587,49.073930740356445,96.70278396606446,55.037832260131836,7.898942169209375e-16,3.866409816187069e-16,5.881799750349177e-16,-1.7363474617533917e-13,2.428190583173874e-13,-6.314009441698611e-14,-6.096767765576813e-16,2.5277512568753983e-16,1.339286673946729e-16,-3.018004682969755e-14,-1.755303191751205e-13,-9.553956950114455e-14
468,4.68,433.54053,848.6873,633.982,500.39703,728.6536,56.41863,-98.62378387451172,-30.935267639160156,-795.2618957519531,-99659.5796875,-19721.629296875,14169.98818359375,3.836132486867428e-06,-0.00025529949489282443,-0.0007866827538236976,0.04288087598979473,0.012033623456954957,-0.00431455981452018,0.026518463529646395,0.3053629964590073,-0.06924533024430275,50.450812911987306,95.24363174438477,55.65724182128906,9.244559302706087e-16,4.52244445713205e-16,6.899040844920236e-16,-2.0458507121474263e-13,2.851784157128015e-13,-7.379419476741603e-14,-7.587538288266534e-16,3.29518665195675e-16,1.759787432348968e-16,-4.47310215262323e-14,-2.2527764430377988e-13,-1.1310477429854817e-13
469,4.69,450.431,847.65735,649.439,498.653,740.8336,53.634342,-109.20145874023437,-29.716990089416505,-786.3244323730469,-97904.57421875,-20508.42734375,15146.5228515625,1.5522113335464384e-05,-0.0001751938441884704,-0.0005766533518908546,0.035773851349949835,0.008164636744186281,-0.0018748449860140682,0.02428203672170639,0.31784937977790834,-0.045048119872808455,48.500416946411136,93.02660751342773,56.25679664611816,9.01277646586559e-16,4.40469838066445e-16,6.751395961252438e-16,-2.0173240519467255e-13,2.796793070573844e-13,-7.177448807277505e-14,-8.148222430339098e-16,3.771943063846214e-16,2.0351047715932397e-16,-5.923652681653208e-14,-2.5258681322741504e-13,-1.1241074057374325e-13
470,4.7,468.1125,846.9409,665.664,497.163,749.60236,50.325443,-118.95434036254883,-27.713500595092775,-767.1693420410156,-94967.25234375,-20884.7810546875,15996.2869140625,1.907490241137566e-05,-0.00010621910914778709,-0.0003772192430915311,0.02644869014620781,0.004880314506590366,-0.00032254013403871796,0.019929729960858823,0.3330173045396805,-0.03568412028253078,42.65888023376465,91.10904083251953,57.173336029052734,5.786462089319867e-16,2.8192553825068097e-16,4.385090044391546e-16,-1.3405705717598263e-13,1.8285364745246856e-13,-4.5743337537143634e-14,-6.728459103134179e-16,3.5368860476178865e-16,1.9434422806429478e-16,-6.918616545013683e-14,-2.278731199502511e-13,-7.644085830895569e-14
471,4.71,485.8573,846.5562,681.271,495.742,755.5991,46.35815,-126.90799484252929,-24.728590774536134,-736.3449401855469,-90653.94453125,-20820.5693359375,16619.3408203125,1.7880237464851234e-05,-5.39007338375086e-05,-0.00021483817836269735,0.01745995134115219,0.0024172244244255125,0.0005272222420899198,0.014020912535488605,0.34966498911380767,-0.04135390035808086,34.777689361572264,91.17120895385742,58.42783432006836,-2.266520561926166e-16,-1.13058576450596e-16,-1.5647323080608885e-16,3.876797853663184e-14,-6.165813785444772e-14,1.8940473028609072e-14,-1.8966616551633565e-16,1.9907056338387742e-16,1.1667292410460912e-16,-6.721643844276835e-14,-1.0965656398724153e-13,1.7014814350277516e-14
472,4.72,503.9277,846.1026,697.045,493.849,757.86487,42.26857,-131.8636489868164,-20.662099075317382,-692.7850158691406,-84813.7328125,-20313.3923828125,16884.7779296875,1.4432333045988344e-05,-1.844220919338113e-05,-9.725119125505443e-05,0.010068628238514066,0.0007669493978028185,0.0008808787271846086,0.007607151800766587,0.363240584731102,-0.05947254560887814,27.164292526245116,93.42837448120117,60.093362426757814,-1.7220662944097217e-15,-8.459499203400291e-16,-1.2647202566054766e-15,3.627397929012628e-13,-5.179141837619028e-13,1.38829914361413e-13,8.078818138827857e-16,-1.627641074476551e-16,-7.022671728283819e-17,-4.2686250787868883e-14,1.5388801039397433e-13,1.9341982984873163e-13
473,4.73,521.9682,845.77454,711.795,491.745,758.8617,39.768578,-132.59977111816406,-15.583971786499024,-636.1423278808594,-77388.12109375,-19386.9357421875,16654.6875,1.0371493135608035e-05,2.7233389118919147e-06,-2.134307324013207e-05,0.00467037963680923,-0.00020363828007248231,0.0009232516691554338,0.0030386984581127763,0.3689976006746292,-0.08730738759040832,20.57487201690674,96.61088104248047,61.93270645141602,-4.098259288050734e-15,-2.0098951520239306e-15,-3.029251129045606e-15,8.807095623532962e-13,-1.2452070407772965e-12,3.290956266180367e-13,2.4979519681055682e-15,-8.159158419781539e-16,-4.118657921945294e-16,1.8138674647705115e-14,6.187316826423983e-13,4.767192608549908e-13
474,4.74,538.7101,846.58185,723.653,491.608,759.9265,41.191113,-128.1556266784668,-9.785103464126587,-567.2190490722656,-68475.198046875,-18085.5134765625,15820.168359375,6.638770764766378e-06,1.3181381109461655e-05,2.1093263057991862e-05,0.001152950029427302,-0.0006707330467179418,0.0007987563032656908,0.00202341612894088,0.366134774684906,-0.11032780036330223,14.707501983642578,100.00351943969727,63.80164833068848,-7.45454600520714e-15,-3.6531805107842175e-15,-5.52591873050534e-15,1.6162165572888853e-12,-2.275305128768973e-12,5.975492019597017e-13,5.013526647261175e-15,-1.8341251005018806e-15,-9.490445185178807e-16,1.3077472861122015e-13,1.3316655070316763e-12,8.805320188265409e-13
475,4.75,555.83344,848.425,738.676,492.16,768.871,42.377056,-118.14886474609375,-3.790505039691925,-488.4332275390625,-58393.3890625,-16467.85615234375,14343.5521484375,3.666340626296005e-06,1.647330791456625e-05,3.95841765566729e-05,-0.0008394443721044809,-0.0008047685725614429,0.0006081352184992284,0.0035757773788645864,0.3576835095882416,-0.11897808760404587,9.126367902755737,103.38943023681641,65.5248291015625,-1.1682104851480418e-14,-5.722027567750271e-15,-8.676666952604036e-15,2.5480141651115786e-12,-3.5766957104388374e-12,9.352928587863518e-13,8.358833170443205e-15,-3.2482851247662115e-15,-1.7008407181306248e-15,3.0942326744451757e-13,2.3072266319701386e-12,1.3942120570022143e-12
476,4.76,572.69696,850.80865,758.715,495.586,777.1154,44.285103,-103.10248413085938,1.6938164733350276,-403.91265869140625,-47694.15546875,-14595.20029296875,12300.2671875,1.5560806957637397e-06,1.555667213324341e-05,4.2825261334655804e-05,-0.001731505908537656,-0.0007462077133823186,0.00041369808895979076,0.008339878544211388,0.3482989490032196,-0.11269830092787743,5.0615782022476195,106.54208755493164,66.73222885131835,-1.630108469540502e-14,-7.980842430742014e-15,-1.2128334259478309e-14,3.5743525327036617e-12,-5.004574142250529e-12,1.303691876675117e-12,1.2286542565146697e-14,-4.996494085241312e-15,-2.6382361142859033e-15,5.613558906993401e-13,3.4927847506610598e-12,1.9632297957455914e-12
477,4.77,588.4096,853.40204,774.261,498.845,778.666,45.41602,-84.56897277832032,5.939694881439209,-318.9081268310547,-37078.2646484375,-12521.7310546875,9892.101171875,2.2378946802348309e-07,1.261999823327642e-05,3.770680632442236e-05,-0.0019160973490215838,-0.0005978363275062293,0.0002481075905961916,0.018267777375876905,0.34100164473056793,-0.08658628165721893,2.8911344528198244,109.16607055664062,67.06205825805664,-2.0258269481420246e-14,-9.913205713664268e-15,-1.5101818263935997e-14,4.468346612857e-12,-6.23853486231285e-12,1.6182128336969526e-12,1.6136560912081902e-14,-6.85555445928182e-15,-3.647667046275598e-15,8.781355959226744e-13,4.7213689555181125e-12,2.4645550357471624e-12
478,4.78,602.55,855.0256,788.308,499.75,776.6093,44.91074,-64.82788467407227,8.436113023757935,-238.67386169433593,-27231.4521484375,-10301.3482421875,7406.792724609375,-4.971292042910136e-07,9.109361917580827e-06,2.9098464983690066e-05,-0.0017074492061510682,-0.000426768374745734,0.0001235975811141543,0.03415690809488296,0.33680490851402284,-0.04707288295030594,2.1826868295669555,110.67978439331054,66.40035018920898,-2.1710398879863906e-14,-1.061591974740937e-14,-1.6230089104271594e-14,4.829772389317033e-12,-6.7155439195665245e-12,1.7311452727049315e-12,1.8649823710099185e-14,-8.357506801551099e-15,-4.486219584365282e-15,1.2233917004444984e-12,5.65519393466718e-12,2.67990855201683e-12
479,4.79,616.6023,856.2675,801.449,499.93,776.289,44.743843,-46.155182647705075,9.088866424560546,-167.38906860351562,-18666.99677734375,-8018.1755859375,5124.384521484375,-7.892647090557148e-07,5.859710790900863e-06,2.005864807870239e-05,-0.001329542777966708,-0.00027113014657516034,3.995282604591921e-05,0.054243394359946254,0.3362791359424591,0.0016970582015346735,2.6195881843566893,110.44332427978516,64.98053741455078,-1.784633410086109e-14,-8.712196723664505e-15,-1.3424415286269076e-14,4.044755914749121e-12,-5.5743904717880935e-12,1.4174781465779719e-12,1.7790848445321546e-14,-8.702784790016148e-15,-4.734381222021126e-15,1.5176620485508884e-12,5.7285045630683925e-12,2.2731067462339326e-12
480,4.8,631.7183,857.6493,815.814,499.515,778.2854,45.297565,-30.097930717468262,8.254558801651001,-107.8561622619629,-11681.6982421875,-5812.81376953125,3223.4505859375,-8.145022491135023e-07,3.2592662137176377e-06,1.22292645755806e-05,-0.0009244359389413148,-0.00014809244821663016,-9.412827648702659e-06,0.07422257736325263,0.33811111748218536,0.05053414609283209,3.926368522644043,108.33386306762695,62.84480514526367,-4.839514093813471e-15,-2.328786269530951e-15,-3.836628921267084e-15,1.2732287311056565e-12,-1.6395507076560207e-12,3.712548182907292e-13,1.064196601053744e-14,-6.693549455482305e-15,-3.758598144465517e-15,1.622202665165634e-12,4.106695625921697e-12,7.823403332633686e-13
481,4.81,647.68115,859.56616,829.805,498.746,781.5429,45.59896,-17.375516986846925,6.565266895294189,-61.484122085571286,-6374.867578125,-3849.0895263671873,1767.5826049804687,-6.984229798945307e-07,1.4048950504275127e-06,6.263266823225422e-06,-0.0005695266678230837,-6.132378475740552e-05,-3.33196934661828e-05,0.08989695459604263,0.3367016792297363,0.09528587013483047,6.790075492858887,103.21210403442383,60.32507743835449,2.193172435381672e-14,1.079557763780767e-14,1.5980322847400472e-14,-4.505793101908934e-12,6.513368663862984e-12,-1.7765807705169557e-12,-6.5305517767142106e-15,-7.267748966434333e-16,-7.044195570837115e-16,1.3257775302935593e-12,-3.1034170459159904e-13,-2.3561410147140275e-12
482,4.82,664.50696,861.4082,840.179,497.25,784.0972,45.33783,-8.138013029098511,4.650652623176574,-28.20041561126709,-2666.4188720703123,-2251.4067626953124,746.0368438720703,-5.280304918642287e-07,2.2821385625704238e-07,2.2013284080912853e-06,-0.00029668182833120227,-6.964516619234473e-06,-4.0339912447961976e-05,0.1008694089949131,0.32881285548210143,0.13321398347616195,11.971566200256348,94.32646713256835,58.11733779907227,6.721104013238891e-14,3.297989187517683e-14,4.9575870752355257e-14,-1.4350481133268423e-11,2.035378272174926e-11,-5.404064500579009e-12,-3.789663810489568e-14,1.1094396800852063e-14,5.4487933313392264e-15,3.413092420604687e-13,-8.799945884832571e-12,-7.730598886729333e-12
483,4.83,679.3867,862.74274,849.651,496.237,784.068,45.562057,-2.0997684746980667,2.9270413398742674,-6.633611640334129,-338.5148784637451,-1074.5609497070313,102.84015159606933,-3.5669404212512746e-07,-4.1334525633374144e-07,-2.3733653629065543e-07,-0.00010929303680313751,2.2106652249931357e-05,-3.7559626071015374e-05,0.10888038203120232,0.3144244611263275,0.15801133960485458,19.569298839569093,82.66223220825195,56.32520065307617,1.3451823002393926e-13,6.594114258806367e-14,9.960526530634027e-14,-2.9065385515059106e-11,4.098605621560836e-11,-1.0790255754872247e-11,-8.71897701064904e-14,3.0653725949713814e-14,1.5730347542797967e-14,-1.6772733321592652e-12,-2.259052458986055e-11,-1.579576122678894e-11
484,4.84,693.7452,863.83545,859.625,495.324,783.8008,46.174118,1.3395915001630783,1.5764301061630248,5.513445866107941,912.8105346679688,-298.8151485443115,-244.37505645751952,-2.12021456036382e-07,-6.77926806247342e-07,-1.454410482892854e-06,4.435906726030226e-06,3.356067027198151e-05,-3.017758353962563e-05,0.11430871188640594,0.2976782351732254,0.16221552044153215,28.896611595153807,69.8980339050293,55.09819641113281,2.239102769841482e-13,1.0969740334198022e-13,1.6616798675971393e-13,-4.871431244501956e-11,6.846489278289347e-11,-1.793589079340796e-11,-1.5614525595902471e-13,5.92293449935789e-14,3.0869388669601054e-14,-5.084119323456315e-12,-4.243704970763318e-11,-2.660675950394431e-11
485,4.85,706.7818,864.75793,868.623,494.488,783.98724,46.371674,2.8968579053878782,0.6317500561475754,10.889403915405273,1411.9700073242188,147.65188245773317,-384.29262390136716,-1.0399173220321244e-07,-7.066302885050391e-07,-1.850127284797054e-06,6.224601238500327e-05,3.41357725119451e-05,-2.1597697741526645e-05,0.11657463684678078,0.2842070460319519,0.13855243921279908,38.4300952911377,58.178747940063474,54.57224731445312,3.286961089594975e-13,1.6095910276283862e-13,2.4436536642932424e-13,-7.19016700345687e-11,1.0078796963686187e-10,-2.6300518533861615e-11,-2.420801975761347e-13,9.65286031174347e-14,5.078708144952339e-14,-1.0140006109077282e-11,-6.794178206148693e-11,-3.942507084686575e-11
486,4.86,719.86993,865.72864,876.495,493.614,784.40356,46.610943,3.2390357732772825,0.045611162390559915,11.929802799224854,1445.0482055664063,353.96056213378904,-395.3855712890625,-3.193269080270511e-08,-6.094273373946635e-07,-1.7605554262445367e-06,8.212569809984416e-05,2.902259748225333e-05,-1.376107311443775e-05,0.1153233826160431,0.27642802298069,0.09263268113136292,46.64573097229004,49.51018295288086,54.43032646179199,4.3112954070494146e-13,2.110208709160677e-13,3.21092764464688e-13,-9.482511997838117e-11,1.3257150516254866e-10,-3.4458256040204026e-11,-3.3455053235088155e-13,1.3929593562595974e-13,7.385844187765208e-14,-1.6843912202524348e-11,-9.658898958431195e-11,-5.219704564407568e-11
487,4.87,732.5014,867.1172,883.46,492.79,785.02466,46.8452,2.9018356084823607,-0.2631819635629654,10.574718475341797,1233.0882690429687,404.0177337646484,-338.441064453125,1.0201315980840065e-08,-4.6284863515211326e-07,-1.4354982226905122e-06,7.93402832641732e-05,2.179304865421727e-05,-7.5486229889065726e-06,0.11299030035734177,0.2743185043334961,0.04675152413547039,52.23598518371582,45.18309097290039,54.398451232910155,4.97442652390781e-13,2.433320716145951e-13,3.713320910524523e-13,-1.1017553397385527e-10,1.535174903866121e-10,-3.9701400153524524e-11,-4.1124383629367877e-13,1.7951956517462884e-13,9.595377945437362e-14,-2.468628600149625e-11,-1.225211494759737e-10,-6.094536056377997e-11
488,4.88,745.71606,869.0353,889.954,491.839,785.3672,47.09293,2.268530535697937,-0.38035145699977874,8.201891994476318,928.6440185546875,365.7523651123047,-255.51494598388672,3.0262590478002946e-08,-3.140928157563394e-07,-1.04079255720535e-06,6.533515188493766e-05,1.4620211186411324e-05,-3.1562119033878844e-06,0.11094416677951813,0.2758525967597961,0.023408051766455173,55.385765075683594,46.00135383605957,54.46872100830078,4.731269277183023e-13,2.3119094664939344e-13,3.5461479130742545e-13,-1.0607887832025931e-10,1.46947959356325e-10,-3.766477442435079e-11,-4.3365161993009356e-13,2.0241080811228204e-13,1.0934701359438179e-13,-3.232610533421276e-11,-1.351894596268721e-10,-5.917872754335196e-11
489,4.89,758.7945,870.712,895.854,490.799,785.8302,47.33794,1.5832327723503112,-0.38036513328552246,5.681433820724488,624.8583587646484,288.108821105957,-172.36161041259766,3.578869289810882e-08,-1.8778832782118117e-07,-6.727971140207956e-07,4.777674366778229e-05,8.613140062152525e-06,-3.9621210703444374e-07,0.10737742185592651,0.2806110978126526,0.030969216860830782,56.86920051574707,51.894714736938475,54.83450126647949,2.80149136582062e-13,1.3638924381163473e-13,2.1290577401121906e-13,-6.544559026655517e-11,8.892116661052274e-11,-2.2106058129856e-11,-3.436459341914222e-13,1.8456372769069113e-13,1.0170145839849195e-13,-3.7219267251531464e-11,-1.1817577957873304e-10,-3.75187896375917e-11
490,4.9,771.94586,872.6296,901.809,489.717,785.768,47.637234,0.9797753930091858,-0.32010051906108855,3.484405040740967,369.54869689941404,202.50866241455077,-102.26764450073242,3.2960864615461104e-08,-9.304882340188669e-08,-3.768555529859441e-07,3.117244541499531e-05,4.15771476127702e-06,1.0865775379897968e-06,0.10017306879162788,0.28599495589733126,0.0664470411837101,56.27309989929199,61.62638549804687,55.834231567382815,-1.812146110862574e-13,-8.987828537654731e-14,-1.2809928060314382e-13,3.368771060718867e-11,-5.124921999364457e-11,1.494303201142466e-11,-6.286803471881137e-14,9.303216867934203e-14,5.5518530921107484e-14,-3.5266862694061095e-11,-4.8710625875740546e-11,1.6135861050092792e-11
491,4.91,784.9127,874.6826,907.002,488.922,786.00745,48.06084,0.5140468031167984,-0.23837237805128098,1.8019144654273986,179.63535690307617,126.37877197265625,-49.999572563171384,2.6283069587407228e-08,-2.9561523540166946e-08,-1.6487947291921045e-07,1.769011078067706e-05,1.2065990404153127e-06,1.677289594681497e-06,0.08893817737698555,0.28919684886932373,0.11860781982541084,53.588125228881836,72.41913528442383,58.012034225463864,-1.0221337719360652e-12,-5.019824427009503e-13,-7.514417663416137e-13,2.1599304983466183e-10,-3.0790768545951863e-10,8.235133477918488e-11,5.022290648138729e-13,-1.1352597420059206e-13,-5.1343955213882734e-14,-2.061036567108099e-11,1.0130768012678315e-10,1.1545223388420567e-10
492,4.92,797.8871,876.70215,911.536,488.071,785.7518,48.44398,0.19297713339328765,-0.15855177491903305,0.6507544219493866,53.46130266189575,67.1846694946289,-15.185094571113586,1.868262948789834e-08,7.786633904327544e-09,-2.9692412795156998e-08,7.95038527030556e-06,-5.029306741732853e-07,1.7154294141619174e-06,0.07627987787127495,0.29069899320602416,0.17574576288461685,50.132685852050784,81.84506683349609,61.017930603027345,-2.3417854027457663e-12,-1.1483660918888693e-12,-1.731569325858634e-12,5.03808408880424e-10,-7.119312306347325e-10,1.8800659362661066e-10,1.445901850940373e-12,-4.800387734885114e-13,-2.4323425760509885e-13,1.4224473053429942e-11,3.6168976147443743e-10,2.729310583093891e-10
493,4.93,810.73663,878.49133,916.498,487.278,786.3066,48.826862,-0.002790342818479985,-0.09236076101660728,-0.044628859125077726,-19.92599445581436,26.083671855926514,5.132980686426163,1.1811839151221193e-08,2.5768235900613944e-08,4.4565674883756404e-08,1.6795448203765772e-06,-1.3027826184952573e-06,1.463229648379638e-06,0.06592574529349804,0.29034746885299684,0.22887512147426606,45.99363327026367,88.94923782348633,63.75760345458984,-4.185492230579513e-12,-2.051030504289508e-12,-3.1032973933642348e-12,9.080554697060705e-10,-1.2779477476243528e-09,3.3546026234620994e-10,2.834756127750859e-12,-1.0445670207710062e-12,-5.412895500746251e-13,7.755035016931978e-11,7.563866255555496e-10,4.949561926981261e-10
494,4.94,823.39386,880.105,920.441,486.85,786.3445,49.411816,-0.10306963920593262,-0.04367055185139179,-0.39532851576805117,-54.525992965698244,0.8042532920837402,14.773175907135009,6.4051770998219125e-09,3.093651983476775e-08,7.570935380840638e-08,-1.8129092893559573e-06,-1.5078671935953025e-06,1.101614702747611e-06,0.057789630815386774,0.28817627429962156,0.2668220579624176,39.95738677978515,93.56746292114258,65.505419921875,-6.479944445608732e-12,-3.173807679342222e-12,-4.813687903143515e-12,1.4141028903402741e-09,-1.984497077778258e-09,5.18741904986797e-10,4.6611408309471525e-12,-1.8201016757125875e-12,-9.538958273443143e-13,1.7674941787948485e-10,1.2905836066501307e-09,7.740562968372444e-10
495,4.95,836.2561,881.6791,924.935,486.27,786.4634,50.120564,-0.13833072483539582,-0.011699748516548425,-0.5131191283464431,-63.68748397827149,-12.329328346252442,17.392093086242674,2.608527416292361e-09,2.869345880895935e-08,7.973592701659981e-08,-3.3224916478502566e-06,-1.3744495959144842e-06,7.410064938540017e-07,0.051606994867324826,0.28337018489837645,0.2819735616445541,31.227703857421876,96.06367492675781,66.26865997314454,-8.943829531149472e-12,-4.378607849561678e-12,-6.655543737660308e-12,1.9621591129670436e-09,-2.7465859586683905e-09,7.152124670284366e-10,6.775431734759585e-12,-2.7669055631743265e-12,-1.4620724010823426e-12,3.151215760555104e-10,1.931395177123818e-09,1.078131472986854e-09
496,4.96,848.62115,883.0296,929.663,485.843,786.8334,50.92041,-0.13455286771059036,0.0066029905516188595,-0.4924143522977829,-58.30928039550781,-17.132822036743164,15.983609104156494,2.4182864703792275e-10,2.2992724879600247e-08,6.917283599250367e-08,-3.572691639419645e-06,-1.0880152842673852e-06,4.380573443540925e-07,0.046492956951260565,0.2753202587366104,0.27419143319129946,20.851572036743164,96.6485694885254,66.48290481567383,-1.0978191619659405e-11,-5.371770519721486e-12,-8.18565701332652e-12,2.4230725870211247e-09,-3.3819117728484115e-09,8.768074377663026e-10,8.798139994325994e-12,-3.7549950128445975e-12,-1.999493192544888e-12,4.870158970549098e-10,2.5820674043330884e-09,1.3370982321347923e-09
497,4.97,860.89966,884.3613,933.402,485.542,786.9945,51.760353,-0.1112882874906063,0.014973371755331755,-0.4037351667881012,-46.302686309814455,-16.889375400543212,12.72622995376587,-1.014146239208813e-09,1.6416357695447915e-08,5.277723147401048e-08,-3.1352989026345313e-06,-7.6824211987514e-07,2.1277804762576125e-07,0.0421659093350172,0.2667320936918259,0.2579428493976593,11.103454351425171,94.79283752441407,66.44651489257812,-1.1551154824318566e-11,-5.6477034854340856e-12,-8.638597736448927e-12,2.5726556218685915e-09,-3.575182971893298e-09,9.208474927024923e-10,1.0019877896144668e-11,-4.5190115104815075e-12,-2.4282364964253735e-12,6.711246336443821e-10,3.05150738011406e-09,1.4286323124501621e-09
498,4.98,873.3531,885.543,937.331,485.605,787.54443,52.377953,-0.08168432340025902,0.016907252743840216,-0.29413533955812454,-32.78834686279297,-14.087877368927002,9.033758974075317,-1.49964050066842e-09,1.0431555441670071e-08,3.597883022621318e-08,-2.4134514660545394e-06,-4.819867115202215e-07,6.315664506928442e-08,0.03822653442621231,0.26153516173362734,0.24954264461994172,4.047812867164612,89.51573486328125,65.97517471313476,-9.107202101829582e-12,-4.444607681029778e-12,-6.858389550723487e-12,2.071050930751994e-09,-2.8497285642359316e-09,7.228380227708441e-10,9.308529381329977e-12,-4.612201766340806e-12,-2.513701529913148e-12,8.22271029043975e-10,3.0241140702713665e-09,1.166544016939497e-09
499,4.99,885.59924,886.3333,942.125,485.084,786.93964,53.369602,-0.05350974202156067,0.015223146788775921,-0.19113883674144744,-20.639729690551757,-10.41419267654419,5.702534818649292,-1.5117959439869822e-09,5.69944615946838e-09,2.1635021418831003e-08,-1.659635131545656e-06,-2.583353420959611e-07,-2.3830492568155393e-08,0.034581637009978294,0.26217552125453947,0.2583437621593475,1.008623468875885,82.52230758666992,64.80356826782227,-1.5521170001922372e-12,-7.373306849925215e-13,-1.2859957971558465e-12,4.5825143124567094e-10,-5.620208631818003e-10,1.1535231554671288e-10,5.059018275913735e-12,-3.3728376862274257e-12,-1.905631002389191e-12,8.627991487930586e-10,2.039486113325495e-09,2.978560336742986e-10
500,5.0,898.15015,887.03033,946.742,484.789,787.4213,54.251766,-0.030535040237009526,0.011944462917745114,-0.10786026865243911,-11.11880612373352,-6.873893308639526,3.0850269556045533,-1.2784947212018948e-09,2.3616789857072717e-09,1.0826970919808333e-08,-1.0088187764267787e-06,-1.0233261527048398e-07,-6.480884842119395e-08,0.03286705426871776,0.2686884760856628,0.28240511417388914,2.8840156197547913,76.76206665039062,62.79768829345703,1.3610371987424209e-11,6.6954143618236374e-12,9.940868744492959e-12,-2.817605226912434e-09,4.057581981520286e-09,-1.1009155448382658e-09,-4.758660132608838e-12,7.484216019279164e-14,-1.3684564413715337e-13,6.758415993513012e-10,-5.02421576564771e-10,-1.4823067329139405e-09
501,5.01,909.83826,887.33167,951.273,484.66,787.62177,55.349068,-0.013876162841916085,0.008364907372742892,-0.04792258441448212,-4.458479261398315,-3.9632073402404786,1.2494863212108611,-9.5587543436082e-10,2.701880956815228e-10,3.5506668605300716e-09,-5.141220839277594e-07,-5.854590406917382e-09,-7.562258304005809e-08,0.034707655757665636,0.27764630913734434,0.30345465838909147,9.38337321281433,73.52849960327148,60.267346954345705,3.8889176080803e-11,1.9079993054255118e-11,2.870034227636653e-11,-8.316948907349797e-09,1.1786805487190576e-08,-3.125850756013904e-09,-2.237521322737135e-11,6.7528827798687966e-12,3.3432046844458775e-12,1.0431139518774987e-10,-5.288267490577425e-09,-4.4857944692111575e-09
502,5.02,921.8491,887.4354,956.528,484.214,787.7429,56.487526,-0.0031064686307217928,0.005197761906310916,-0.009491241365321913,-0.3252935498952866,-1.837673509120941,0.10711895301938057,-6.384238415702015e-10,-8.486874480961859e-10,-7.555867197542309e-10,-1.781365462250051e-07,4.471060002231297e-08,-6.920324153725233e-08,0.04098144359886646,0.2859220415353775,0.30282827019691466,18.799885082244874,72.29236221313477,57.52802085876465,7.604506052638626e-11,3.727493782385016e-11,5.632293346991002e-11,-1.6444256800696166e-08,2.3179558006347633e-08,-6.0989027605984346e-09,-4.9724416251173406e-11,1.7652878898238854e-11,9.077552468386706e-12,-1.0386710602716675e-09,-1.2961575812653336e-08,-8.941968721032367e-09
503,5.03,933.92926,887.5173,961.234,484.191,787.89374,57.576355,0.0029267313540913163,0.0027446569642052055,0.01178546124137938,1.8527562975883485,-0.45290360087528825,-0.49759747087955475,-3.7393354801462665e-10,-1.2898628942714651e-09,-2.8514056893413907e-09,2.2953481160215006e-08,6.364143025905378e-08,-5.493476074036607e-08,0.0528966385871172,0.29463043212890627,0.2788258522748947,28.666779136657716,72.3448371887207,54.86073532104492,1.2484236908139046e-10,6.115942439988142e-11,9.266497291715581e-11,-2.7176317551891314e-08,3.8184129280693925e-08,-9.9991050106496e-09,-8.75673339395533e-11,3.3401841535718456e-11,1.742737213220047e-11,-2.940335419587825e-09,-2.3883836419713588e-08,-1.4849221408042013e-08
504,5.04,946.0537,887.3482,965.665,483.883,788.1832,58.757034,0.00556702222675085,0.0010476348426891491,0.020864731445908547,2.6797699213027952,0.33131993263959886,-0.7298732280731202,-1.7860201026453915e-10,-1.3124573428058285e-09,-3.4778684820935267e-09,1.2277620626832685e-07,6.329680246608405e-08,-3.8888878961529374e-08,0.06874638199806213,0.30435673892498016,0.23728364408016206,37.67118530273437,73.60862045288086,52.45662155151367,1.812376707044372e-10,8.874632070887678e-11,1.3476174828830345e-10,-3.96657870993522e-08,5.558761984048033e-08,-1.4500159206676244e-08,-1.341512997909966e-10,5.372505079703771e-11,2.8289132147918395e-11,-5.7309277767814136e-09,-3.7757025950213574e-08,-2.1757514190312576e-08
505,5.05,957.9388,887.05054,971.107,483.462,788.28577,60.146214,0.006043303851038217,8.519531002093573e-06,0.02222980372607708,2.6806352615356444,0.6822991788387298,-0.7337242722511291,-4.9804051681368036e-11,-1.1161135460291404e-09,-3.249086844014926e-09,1.5467973781824185e-07,5.30896492989541e-08,-2.447111739911634e-08,0.08358419314026833,0.31318395733833315,0.18887291252613067,45.412537002563475,75.55465927124024,50.1308536529541,2.3503187313034247e-10,1.150330289356738e-10,1.7507851418629983e-10,-5.1724469685154874e-08,7.229375071915456e-08,-1.87827973618937e-08,-1.8337760893105682e-10,7.667974311065251e-11,4.068796063960711e-11,-9.389823762973037e-09,-5.309304640377377e-08,-2.8483825076364155e-08
506,5.06,970.09894,886.574,976.392,482.796,788.48315,61.534676,0.0053307428024709225,-0.0005274504044791683,0.019409651309251784,2.2563140392303467,0.7547609984874726,-0.6194415867328644,2.435371055211147e-11,-8.3823920582482e-10,-2.6165380750953205e-09,1.4658381815024767e-07,3.9425669484671745e-08,-1.3175619884009392e-08,0.09250814840197563,0.3183934360742569,0.14865446239709854,52.06422119140625,76.63015518188476,47.961842727661136,2.6720255730250384e-10,1.3069668958198832e-10,1.9951856278233037e-10,-5.923194201784554e-08,8.249919574154773e-08,-2.132191738724032e-08,-2.2257870685438163e-10,9.767939512794755e-11,5.2255650154209296e-11,-1.3609510585155248e-08,-6.65490276219316e-08,-3.2784814152364564e-08
507,5.07,982.33276,886.10443,981.617,482.419,788.42694,63.18598,0.0041194380261003975,-0.0007196260266937315,0.014883094001561403,1.6804733395576477,0.672444885969162,-0.4624886244535446,5.864850584347269e-11,-5.624490068134591e-10,-1.876485045126941e-09,1.1919121405412625e-07,2.6148331322417562e-08,-5.276364989370563e-09,0.093218894302845,0.3195404350757599,0.12582422494888307,58.68814125061035,76.04731750488281,46.52615623474121,2.4743656013015424e-10,1.2088864978498925e-10,1.8557259340301612e-10,-5.5581245206326455e-08,7.692643961831891e-08,-1.9690232022639974e-08,-2.302208909621406e-10,1.0841153114116153e-10,5.864520882803426e-11,-1.7619577263872087e-08,-7.220660549478453e-08,-3.104717816171387e-08
508,5.08,994.87103,885.5566,987.988,481.9,788.64124,65.20082,0.0028434721753001213,-0.0007044694444630295,0.010195866134017706,1.1179226219654084,0.5235397815704346,-0.3084523528814316,6.699973145729566e-11,-3.3143206512598055e-10,-1.1983883718702514e-09,8.621113281037652e-08,1.517380789906042e-08,-3.761568737048471e-10,0.08778090551495552,0.3193785160779953,0.12285831794142724,64.83933181762696,74.11845397949219,46.419087982177736,1.3281132305031918e-10,6.459322313134841e-11,1.0131271897806383e-10,-3.1367318520381104e-08,4.2402665911822625e-08,-1.0454489274280832e-08,-1.741698202328834e-10,9.588184274322842e-11,5.3002389283074435e-11,-1.9987169252999593e-08,-6.096434645996851e-08,-1.810772252142101e-08
509,5.09,1007.63165,884.81555,993.806,481.526,789.2034,67.146255,0.0017364246770739556,-0.000585043104365468,0.006168699357658625,0.6513498514890671,0.36397009193897245,-0.18032485395669937,6.067979695101311e-11,-1.60057085640819e-10,-6.596173940387473e-10,5.558224316359883e-08,7.123065159930775e-09,2.2045820835536746e-09,0.07974027097225189,0.319561830163002,0.14148101061582566,69.109814453125,71.2656150817871,47.69828720092774,-1.3088431293634128e-10,-6.471932894117071e-11,-9.36620842949959e-11,2.5356831451217587e-08,-3.775897072788581e-08,1.0716421738887761e-08,-1.1584168997311185e-11,4.1998216048552e-11,2.5710713115814632e-11,-1.8433176762755465e-08,-2.0337144257531747e-08,1.2619005573810681e-08
510,5.1,1020.4146,883.90985,1000.13007,480.845,789.41077,69.15825,0.0008917047060094773,-0.00043089442478958515,0.0031192653346806764,0.30808919817209246,0.22419848591089248,-0.0858300682157278,4.7813061843093865e-11,-4.6523244458251956e-11,-2.779010244147173e-10,3.101641024016999e-08,1.8522941597209907e-09,3.1830278857114534e-09,0.07208309024572372,0.3203471601009369,0.1766965717077255,70.88000106811523,68.34481887817383,50.107596969604494,-6.031064175848755e-10,-2.9612532842504534e-10,-4.43778705450093e-10,1.27799307136911e-07,-1.8193608894989665e-07,4.856480604331637e-08,3.0799357786381875e-10,-7.566768080169429e-11,-3.5253356484021833e-11,-9.735594175275252e-09,6.489157673428281e-08,6.845460447379992e-08
511,5.11,1034.1599,883.1395,1007.43994,480.445,790.08124,71.60038,0.00031580308568663896,-0.00028330726636340844,0.0010560753144090995,0.08266420513391495,0.11676075533032418,-0.023612537956796586,3.361685478597831e-11,1.9261334346064307e-11,-3.747428860279012e-11,1.346262674672971e-08,-1.1530023991124238e-09,3.1820595047804545e-09,0.06728319302201272,0.3225756049156189,0.210992468893528,70.17229843139648,66.13647766113282,53.38535346984863,-1.3351936889449689e-09,-6.546956754505118e-10,-9.876060746982772e-10,2.875514709899107e-07,-4.0613251997001496e-07,1.0717162055584594e-07,8.342839030728299e-10,-2.8106469512900744e-10,-1.4288877372981013e-10,1.0167907993352543e-08,2.105608771785228e-07,1.558965401216028e-07
512,5.12,1046.614,881.94525,1014.7001,479.505,790.6285,74.23534,-3.053691245895607e-05,-0.00016248225219896994,-0.00017276914113608654,-0.04641464562155306,0.04298295415937901,0.012139667962037493,2.098613591933196e-11,5.00550899340535e-11,9.216221327768003e-11,2.2980350899981516e-09,-2.5165117323311394e-09,2.6773404604440998e-09,0.06647801399230957,0.32484738528728485,0.23437704592943193,68.19151382446289,64.99812698364258,57.12554740905762,-2.3468958665340266e-09,-1.1499946883652968e-09,-1.7404485963545825e-09,5.094923039905552e-07,-7.168093020482047e-07,1.8807554198474462e-07,1.6002615899068928e-09,-5.937210778572677e-10,-3.080868629656841e-10,4.57218261473713e-08,4.288415453856942e-07,2.778393181301908e-07
513,5.13,1060.9291,880.8952,1022.83,478.92,791.3632,77.10997,-0.00020388841221574694,-7.457184365193825e-05,-0.0007776272948831319,-0.10547036528587342,-0.0017863459652289748,0.02861039061099291,1.116228290354293e-11,5.796673661906393e-11,1.442558031361507e-10,-3.8102351718194425e-09,-2.819271016640812e-09,1.993420772894439e-09,0.0686544805765152,0.3256527215242386,0.24955493807792664,65.95901107788086,64.55159378051758,60.822775268554686,-3.5904820672172376e-09,-1.7585015110732627e-09,-2.6676788333901414e-09,7.839516513286072e-07,-1.0998897266745189e-06,2.874000074370997e-07,2.5961977012656234e-09,-1.0185586374333866e-09,-5.342880776693093e-10,1.0074459240172473e-07,7.210261287582398e-07,4.2928305958866987e-07
514,5.14,1074.7239,879.507,1031.4,478.207,792.4929,80.46092,-0.0002607693284517154,-1.7525893611036736e-05,-0.0009656032314524054,-0.1191417045891285,-0.024536881409585477,0.03255097307264805,4.339211065115811e-12,5.285198632909438e-11,1.481993208707344e-10,-6.349151782103491e-09,-2.528304943183457e-09,1.3256750364121216e-09,0.07229433581233025,0.3242935061454773,0.263455930352211,63.60634307861328,64.79925689697265,64.17094841003419,-4.901763217546318e-09,-2.3996333808895542e-09,-3.6482844967267168e-09,1.075959028185025e-06,-1.5057142832120008e-06,3.919370470839567e-07,3.732358777597256e-09,-1.530593374265976e-09,-8.093913483886439e-10,1.7666180980313583e-07,1.066865365828562e-06,5.914238329296495e-07
515,5.15,1088.8328,878.03625,1040.94,477.014,793.52435,84.059395,-0.0002487134741386399,1.4601086013499298e-05,-0.0009093090251553803,-0.1072966642677784,-0.032353872805833815,0.029420444183051585,1.4119271615591066e-13,4.1845685250230245e-11,1.2674496868703145e-10,-6.649342809694758e-09,-1.977975971900747e-09,7.720600991856231e-10,0.07552389726042748,0.3222065895795822,0.2780947327613831,60.46835060119629,66.09465560913085,66.86250839233398,-5.940763525558168e-09,-2.906717355699584e-09,-4.430620359485715e-09,1.3121396364113026e-06,-1.8307572190678912e-06,4.7440960315725533e-07,4.791146768212684e-09,-2.0544095091779014e-09,-1.0948152828760272e-09,2.698091108754852e-07,1.4104771366874047e-06,7.244189646371523e-07
516,5.16,1101.9935,876.1207,1051.21,475.576,795.195,88.118355,-0.0002031003197771497,2.88166169411852e-05,-0.0007362592325080187,-0.08420049771666527,-0.03124897200614214,0.02314791493117809,-2.0410410015749003e-12,2.95522393015113e-11,9.562313441069392e-11,-5.750152176631218e-09,-1.3814093979824803e-09,3.648891883090144e-10,0.07681976333260536,0.3209620475769043,0.28610018491744993,56.49773483276367,69.15300064086914,68.7513427734375,-6.13054673692659e-09,-2.9970841364246326e-09,-4.586640311998736e-09,1.3670719113179074e-06,-1.898680056910962e-06,4.885960777301079e-07,5.373456257729004e-09,-2.4397966980060914e-09,-1.3123923947588879e-09,3.677576557947759e-07,1.643931625494588e-06,7.59804311201151e-07
517,5.17,1116.4163,874.1263,1062.21,474.214,796.90607,92.577705,-0.00014744982618140057,3.1564236269332466e-05,-0.0005305602448061108,-0.058975445851683614,-0.025728876516222954,0.0162527727894485,-2.8403720347958128e-12,1.8544549142823774e-11,6.445890800288457e-11,-4.376369489023091e-09,-8.555842090363086e-10,9.758230560402703e-11,0.07609243988990784,0.31831020414829253,0.27758444249629977,51.55681838989258,74.2978012084961,69.5685531616211,-4.611296944290188e-09,-2.2496657647863572e-09,-3.4772678958461257e-09,1.0528021732625347e-06,-1.4459316730608407e-06,3.6568886798704623e-07,4.850314283544322e-09,-2.4374321228037844e-09,-1.331088161915517e-09,4.44871392346613e-07,1.5913780885057348e-06,5.945719379951697e-07
518,5.18,1130.9196,872.0177,1074.35,472.384,799.30945,97.408005,-9.545340071781538e-05,2.7976287856290583e-05,-0.0003406579082366079,-0.03665218111127615,-0.018811882100999357,0.010129882069304586,-2.801546321318238e-12,9.942624458122996e-12,3.8211073541405404e-11,-2.9760963249358953e-09,-4.494760202922166e-10,-5.540846709402303e-11,0.07449462413787841,0.31160362660884855,0.2521672949194908,46.08009796142578,81.35395050048828,69.46203536987305,-2.3818851266343975e-10,-1.0407870780493323e-10,-2.500837120722466e-10,1.177227215265475e-07,-1.20619383636722e-07,1.4172945328461139e-08,2.339679214258261e-09,-1.6821412263112733e-09,-9.574697645842178e-10,4.577394861371431e-07,9.991100682782416e-07,9.029800827065059e-08
519,5.19,1146.2185,869.69794,1087.5,470.25,801.8014,102.80498,-5.3576190839521584e-05,2.1697257579944562e-05,-0.00018897430127253755,-0.019359159003943204,-0.012272241245955228,0.005374529352411628,-2.3376450298054353e-12,3.941492791870171e-12,1.8651860177881784e-11,-1.784078285105295e-09,-1.6931249874341249e-10,-1.2534161972221903e-10,0.0739859975874424,0.30200235247612,0.2222379058599472,40.928992080688474,89.01491622924804,68.84954376220703,8.33497262320293e-09,4.098251393802599e-09,6.099462668274214e-09,-1.7360036110858346e-06,2.4924758918132285e-06,-6.734168664479512e-07,-3.260710886021645e-09,3.039576146335321e-10,6.360181270537168e-11,3.4177327421502925e-07,-4.597647816240169e-07,-9.176458348747474e-07
520,5.2,1161.7555,867.3026,1100.69,468.16,804.83875,108.53798,-2.3541022437711943e-05,1.5028635516500799e-05,-8.098943071672693e-05,-0.007394378655590117,-0.006962999701499939,0.0020762893196661024,-1.7285529886786056e-12,2.293801599535664e-13,5.633212407825383e-12,-8.880902346852793e-10,1.6591301141115345e-12,-1.4146058907593683e-10,0.07513510584831237,0.2946534126996994,0.20538882464170455,35.93140754699707,95.14608383178711,67.8619010925293,2.2431162349789703e-08,1.100391604502704e-08,1.656222430312937e-08,-4.804338459507562e-06,6.803777250752319e-06,-1.8024494806923031e-06,-1.314166899746283e-08,4.0706285675540245e-09,2.028621504113204e-09,1.1113866207890232e-08,-3.1537093036604345e-06,-2.5941160401998786e-06
521,5.21,1177.877,865.132,1114.55,466.487,808.3894,114.87652,-4.357821688927288e-06,9.216263379130396e-06,-1.2598352324744155e-05,-6.686227570753544e-05,-0.0031280814553610982,5.0356919382466e-05,-1.1412760656231286e-12,-1.7168312778370609e-12,-1.957444563765163e-12,-2.863841705447179e-10,8.936032608319877e-11,-1.2733826146305027e-10,0.07750730961561203,0.2931471437215805,0.20712167173624038,30.60515022277832,98.60984649658204,66.61932678222657,4.292077129264271e-08,2.103707554823586e-08,3.1797262245447656e-08,-9.28844556256081e-06,1.3087980278214673e-05,-3.4417672168274295e-06,-2.829936622816831e-08,1.013803059279894e-08,5.223149712740849e-09,-6.349959761564605e-07,-7.418502536893356e-06,-5.053639802099496e-06
522,5.22,1193.7457,862.86664,1129.81,463.84,812.9507,121.78636,6.202374174790748e-06,4.7654404397690085e-06,2.458483750160667e-05,0.003713705274276435,-0.0006593664125830401,-0.0009999551868531853,-6.582812799634658e-13,-2.446103389286414e-12,-5.552630490818222e-12,6.857044671654266e-11,1.2032238191905797e-10,-9.989470847737713e-11,0.08121524825692177,0.2983390301465988,0.22142322212457657,25.815487098693847,99.49891510009766,65.62166595458984,6.952645001945256e-08,3.405892385899279e-08,5.1615768370538714e-08,-1.5143279415497091e-05,2.1271370678732636e-05,-5.568014648815733e-06,-4.904485138013115e-08,1.880857958269644e-08,9.823544910858573e-09,-1.6952390183178067e-06,-1.3422983010968892e-05,-8.277649249066598e-06
523,5.23,1209.797,860.37177,1146.2,460.738,818.63776,129.60469,1.06527333628037e-05,1.7203939705723315e-06,3.981976551585831e-05,0.0050703257787972685,0.0007152572536142543,-0.0013818855863064528,-3.0547321399829187e-13,-2.433707423955822e-12,-6.522481556595072e-12,2.403274329543237e-10,1.1718625098078307e-10,-6.994607532062603e-11,0.08694319054484367,0.30823752880096433,0.23833867013454438,23.424464797973634,98.72368240356445,65.01579360961914,9.982546771425404e-08,4.8879201131057926e-08,7.423912080639639e-08,-2.1859123080503196e-05,3.062575378862675e-05,-7.985830097823055e-06,-7.426173596059015e-08,2.98683332289329e-08,1.573959957923421e-08,-3.2338731216441375e-06,-2.095951494993642e-05,-1.1994602573395241e-05
524,5.24,1225.7986,857.99805,1164.02,457.485,826.1381,138.32132,1.125441858675913e-05,-1.1887721100833914e-07,4.1348329978063704e-05,0.004964869841933251,0.0013091569300740958,-0.0013594170683063566,-7.55506522406106e-14,-2.041690915725175e-12,-5.987930290496379e-12,2.906139634495375e-10,9.700370090515164e-11,-4.3454174633583696e-11,0.09332371652126312,0.31972797513008117,0.25699466168880464,24.346159553527833,97.35499420166016,65.01397247314453,1.279713806923155e-07,6.26305542539285e-08,9.53464414976679e-08,-2.8180085973872337e-05,3.9375116830342447e-05,-1.0225698588328669e-05,-1.0040301674507646e-07,4.216562139447433e-08,2.2390776699410252e-08,-5.228454983807751e-06,-2.915267577918712e-05,-1.552489720779704e-05
525,5.25,1241.7657,856.45874,1184.3,454.286,835.8296,147.93129,9.780637356016086e-06,-1.0463366038493404e-06,3.558282332960516e-05,0.004123893636278808,0.001407269947230816,-0.0011324474937282503,5.47149833748158e-14,-1.5164793682950762e-12,-4.764074594890144e-12,2.704362289662754e-10,7.124892342780242e-11,-2.2938584885723313e-11,0.09840965270996094,0.3306484818458557,0.27681269943714143,28.262405586242675,95.31875610351562,65.6205062866211,1.432638569554001e-07,7.00690733879128e-08,1.0700636750016202e-07,-3.17867670673877e-05,4.42538545030402e-05,-1.1429853293520864e-05,-1.2028985523215853e-07,5.308085313515676e-08,2.842230735211615e-08,-7.494938108720816e-06,-3.609871600929182e-05,-1.7605111679586116e-05
526,5.26,1258.0764,855.5981,1205.79,451.988,847.85205,157.99994,7.472569996025413e-06,-1.3577103914030886e-06,2.6978136520483532e-05,0.0030377539806067944,0.0012347564450465142,-0.0008362280903384089,1.1306605066270514e-13,-1.0059631838470195e-12,-3.379503968337083e-12,2.1720226034416258e-10,4.67082983401923e-11,-8.748621748919106e-12,0.1034379780292511,0.3379281222820282,0.2920417755842209,34.47667407989502,92.39715957641602,66.3830665588379,1.2886384794796868e-07,6.294667507233953e-08,9.671274767697468e-08,-2.900702220358653e-05,4.010685734101571e-05,-1.0250075865769758e-05,-1.2189536917617262e-07,5.7948109599692546e-08,3.1391833488214614e-08,-9.591856724000536e-06,-3.848150408884976e-05,-1.622620002308395e-05
527,5.27,1273.7506,854.6544,1229.3,449.067,862.5717,168.30118,5.100996622786624e-06,-1.3027715453972632e-06,1.827618189054192e-05,0.0019975856877863405,0.0009503427660092712,-0.000551318094949238,1.2517125194417416e-13,-5.839027368169033e-13,-2.131641705597348e-12,1.5539633885230942e-10,2.668098745411962e-11,-6.166923119084802e-14,0.10859963148832322,0.3392717272043228,0.29677802622318267,41.461757278442384,88.78854141235351,66.52188110351562,6.118697752910407e-08,2.9716513738620166e-08,4.691935835410277e-08,-1.4670407904304738e-05,1.96941855847399e-05,-4.800118909997764e-06,-8.747385606966419e-08,4.956115660093019e-08,2.749531464729671e-08,-1.0713381652749376e-05,-3.126105293631554e-05,-8.548628943572113e-06
528,5.28,1289.0568,853.81854,1253.59,446.611,878.8831,179.13689,3.07254283598013e-06,-1.0680720663458487e-06,1.090307187041617e-05,0.00114589185686782,0.0006534244632348419,-0.0003173728633555584,1.1156501612298586e-13,-2.7423094855040867e-13,-1.151848104744002e-12,9.897380207068984e-11,1.2149232401365007e-11,4.417499092218558e-12,0.11265868693590164,0.33422561883926394,0.2980672985315323,47.45524520874024,85.61937561035157,65.86461868286133,-8.91980592054864e-08,-4.402363755762195e-08,-6.431218635416514e-08,1.7713266362306968e-05,-2.604648560406986e-05,7.271072200865092e-06,6.370317406911852e-09,1.7995696166561714e-08,1.1453664816585274e-08,-9.593662616680376e-06,-7.599038076477882e-06,9.006755618656825e-06
529,5.29,1304.0774,852.92645,1278.94,444.176,896.603,190.2324,1.542045913538459e-06,-7.780764065046242e-07,5.381969572226808e-06,0.0005261244747089222,0.00039712152793072166,-0.00014671906101284548,8.688637645731107e-14,-7.145235805480245e-14,-4.652301005374226e-13,5.4261540052835676e-11,2.747577598110392e-12,6.022024892637923e-12,0.11425970271229743,0.3236178159713745,0.30619934797286985,50.76867866516113,84.32358627319336,64.6109577178955,-3.540225378628747e-07,-1.7379019254804006e-07,-2.607003892762805e-07,7.520043000113219e-05,-0.00010692849900806323,2.849388220056426e-05,1.868087977641153e-07,-4.889901070725955e-08,-2.3253293912617323e-08,-4.462605687649557e-06,4.073208856425481e-05,4.035436504636891e-05
530,5.3,1318.8054,851.7802,1305.23,442.365,916.34344,201.91277,5.102639207166248e-07,-5.055830854416854e-07,1.6885757418094728e-06,0.00012388873487907405,0.0002023280307184905,-3.56697753716162e-05,6.042154793259747e-14,4.419842423436103e-14,-3.824924352127754e-14,2.2659150250570194e-11,-2.524903875388007e-12,5.8933117500631346e-12,0.11269515082240104,0.3099036693572998,0.32323608100414275,50.95928611755371,85.68743896484375,63.30825920104981,-7.597152773541893e-07,-3.724863177012594e-07,-5.621187057158749e-07,0.0001637748151551932,-0.00023120252881199123,6.0967932586208914e-05,4.799839842917209e-07,-1.6385885075465013e-07,-8.354986533731789e-08,6.884805708295972e-06,0.00012212608271511272,8.88546412170399e-05
531,5.31,1333.09,850.71246,1332.0,440.775,936.8949,213.28871,-1.0143812327889634e-07,-2.8527318676196953e-07,-4.792252831009592e-07,-0.00010269073354720603,7.004732105997391e-05,2.711669931159122e-05,3.7231279325267325e-14,9.669664225689551e-14,1.8749127752193568e-13,2.8093623320691806e-12,-4.837480936659144e-12,4.8932511254734525e-12,0.107722157984972,0.2968000710010529,0.3481846272945404,48.53363609313965,89.76299819946288,62.77754364013672,-1.3142592365511518e-06,-6.439619369302818e-07,-9.748464322001383e-07,0.00028549228300107644,-0.0004015408892882988,0.00010530892686801962,9.019862545756041e-07,-3.368345858234534e-07,-1.750132511801894e-07,2.6819804224942347e-05,0.00024271458241855725,0.0001557563286041841
532,5.32,1346.9897,849.6687,1359.69,440.311,959.4898,224.08945,-4.0008234236665885e-07,-1.2672115374812164e-07,-1.5186119298959967e-06,-0.0002029927127296105,-9.109989832722931e-06,5.512320531124715e-05,1.9400425259737076e-14,1.0838443654397934e-13,2.739243402417879e-13,-7.848424904768891e-12,-5.260756804140177e-12,3.6033526639930868e-12,0.10029898881912232,0.28673999607563017,0.3839660495519638,44.058566665649415,94.68912124633789,63.57712516784668,-1.9873264363923226e-06,-9.732848923249548e-07,-1.476806608025072e-06,0.00043414107931312175,-0.0006089504808187485,0.00015905872860457748,1.4444128510149313e-06,-5.692989390126968e-07,-2.988846489415664e-07,5.730638913519215e-05,0.0004023440327728167,0.00023781919007888065
533,5.33,1361.1719,848.94073,1387.67,440.478,982.91095,232.564,-4.903373934439515e-07,-2.506697821536008e-08,-1.8127362750419707e-06,-0.00022243191488087178,-4.839251087105367e-05,6.079774466343224e-05,7.152394678075718e-15,9.722344118472635e-14,2.7498842504296293e-13,-1.2088165624729585e-11,-4.644924679261808e-12,2.3687285639895085e-12,0.09290176182985306,0.27954296469688417,0.4285432368516922,38.80517692565918,98.45485305786133,65.55280151367188,-2.6834665277419844e-06,-1.3136161328475281e-06,-1.9976069324911803e-06,0.0005893532827030868,-0.0008245344273746013,0.00021454178786370904,2.0538426383609474e-06,-8.457927378913154e-07,-4.4759529771454254e-07,9.891214212984779e-05,0.0005886918632313609,0.000324075881508179
534,5.34,1375.3788,848.6363,1415.28,441.477,1007.1372,239.24115,-4.590756390143724e-07,3.120566480774301e-08,-1.6768204773143225e-06,-0.00019718732655746863,-6.0935036526643674e-05,5.408341676229611e-05,-2.8250901424941917e-16,7.60753920525225e-14,2.319619553403131e-13,-1.2354033768202654e-11,-3.5920594190080866e-12,1.3581777087538772e-12,0.08869252800941467,0.2741606444120407,0.4787228852510452,33.560074424743654,101.02723999023438,68.08648529052735,-3.2100505450216587e-06,-1.57052635358923e-06,-2.3946267447172433e-06,0.0007095193665008992,-0.0009896095783915372,0.0002563057016232051,2.605807526379067e-06,-1.1227082268305821e-06,-5.987839813315076e-07,0.00014931571204215288,0.000769578356994316,0.0003919180569937453
535,5.35,1389.7466,849.062,1442.97,443.706,1032.6871,244.02884,-3.702476988109993e-07,5.521290802334988e-08,-1.3411879194791253e-06,-0.00015295331686502323,-5.773250013589859e-05,4.205901532259304e-05,-4.0629663474023155e-15,5.3140115260073316e-14,1.730689620478912e-13,-1.0533234527654311e-11,-2.4811769392535377e-12,6.230407899668333e-13,0.08962834179401398,0.269544842839241,0.5268932580947876,29.417629432678222,102.6888542175293,70.51689682006835,-3.244896311116463e-06,-1.5861704127928533e-06,-2.428783682262292e-06,0.0007245583226904273,-0.0010056723956950008,0.000258541690709535,2.8760830900864674e-06,-1.3151572375136312e-06,-7.082251897827519e-07,0.00020129557233303786,0.0008841395028866827,0.00040307441086042675
536,5.36,1403.3389,849.91394,1469.15,447.712,1058.9863,247.19823,-2.658776779185246e-07,5.881563112097865e-08,-9.559854504459508e-07,-0.00010595855201245286,-4.6936671060393566e-05,2.920795559475664e-05,-5.36418697953461e-15,3.291958160467302e-14,1.1534474276316682e-13,-7.927373080890421e-12,-1.5164724727692592e-12,1.4609093548808412e-13,0.09528482258319855,0.26499430537223817,0.5583644211292267,28.44171714782715,103.57940673828125,72.2188232421875,-2.313241645879316e-06,-1.1280587330020354e-06,-1.7471415731051821e-06,0.0005306350707542151,-0.0007271599170053378,0.00018326043209526688,2.5156115952995607e-06,-1.284161248804594e-06,-7.028173968137708e-07,0.0002403301448794082,0.0008345039444975555,0.0003006171711604111
537,5.37,1417.682,851.3596,1495.59,451.702,1087.8264,246.97917,-1.7004951757826348e-07,5.1349446650306166e-08,-6.063176954285154e-07,-6.49900597636588e-05,-3.394480863789795e-05,1.796793067114777e-05,-5.183664099090574e-15,1.7299862832830276e-14,6.736868346708149e-14,-5.330519142407453e-12,-7.798403632922057e-13,-1.2244670677245308e-13,0.10278692469000816,0.26142731606960296,0.5610094606876374,31.651405906677248,104.41041412353516,72.75927276611328,2.100171041519161e-07,1.0977743567508468e-07,1.1582880787841532e-07,-9.712502651382237e-06,3.812658578681294e-05,-1.9501809379107727e-05,1.0402071062287632e-06,-8.284121093993235e-07,-4.7584859999005855e-07,0.0002421814584522508,0.00048101416759891433,8.890079368484293e-06
538,5.38,1431.5698,853.1565,1522.39,455.754,1117.9851,243.72151,-9.380078509479972e-08,3.9371432336565704e-08,-3.3033976478691327e-07,-3.361380640853895e-05,-2.1881751490582246e-05,9.337839674117277e-06,-4.269396259933716e-15,6.522300336437106e-15,3.2010162817380956e-14,-3.149790150924758e-12,-2.7727512194358937e-13,-2.412054876579223e-13,0.10726597383618355,0.26226009130477906,0.5358188211917877,38.12973594665527,105.81036682128907,71.95027618408203,5.049672540735628e-06,2.4818906240398065e-06,3.701121966059873e-06,-0.0010569690202828497,0.0015138350427150726,-0.00040759482944849876,-2.147835496657535e-06,3.1254510730605033e-07,1.1185454216189327e-07,0.00017119126277975738,-0.0003541927499099984,-0.0005608640291029588
539,5.39,1445.3252,855.16736,1548.65,457.94,1147.158,239.16846,-3.9707746424255674e-08,2.6970107569468384e-08,-1.3600566006743975e-07,-1.214451822306728e-05,-1.2208041061967378e-05,3.418049527681433e-06,-3.122492473527712e-15,-5.621139204526398e-17,8.7461246495426e-15,-1.5287079544942793e-12,2.5228584171130003e-14,-2.6408553349763914e-13,0.10679272711277008,0.2692157179117203,0.48761959969997404,44.78816680908203,108.18109283447265,69.9392593383789,1.2901051923108752e-05,6.328066410787869e-06,9.529791577733704e-06,-0.002766939962748438,0.003915859246626496,-0.0010363791894633322,-7.682778596063145e-06,2.4339097535630573e-06,1.2196954912724323e-06,-1.9513499989898263e-05,-0.0018684581038542092,-0.0014955296064727008
540,5.4,1459.2826,857.1732,1573.72,463.356,1178.8278,232.4051,-5.585148149522823e-09,1.6316072315447628e-08,-1.4470579395853278e-08,8.257178308213042e-07,-5.29650885709998e-06,-1.6926977579601045e-07,-2.0376340516784104e-15,-3.431917653742031e-15,-4.6090013752880016e-15,-4.5243373121301583e-13,1.7686767577861778e-13,-2.3401093075022666e-13,0.10343643724918365,0.2792496383190155,0.42358073592185974,49.292520904541014,111.94570465087891,67.49354553222656,2.4188060524465983e-05,1.1854739295813487e-05,1.7923656741913874e-05,-0.005238350154832006,0.00737852924503386,-0.0019393271883018314,-1.6074595987447537e-05,5.8074950629816154e-06,2.9973040000186303e-06,-0.0003841673824354075,-0.004236204549670219,-0.002851592446677387
541,5.41,1472.9427,859.46625,1598.71,467.422,1211.5477,223.7907,1.2855775999298658e-08,8.249219929368223e-09,5.035161869670901e-08,7.368002616203739e-06,-9.012872254743343e-07,-1.988106726003025e-06,-1.1566013819158237e-15,-4.6248901010173624e-15,-1.0749820833293698e-14,1.72995730289777e-13,2.2685930282755062e-13,-1.814569287471486e-13,0.09800824075937271,0.2869283050298691,0.3498922884464264,51.01821365356445,116.30445022583008,65.35749969482421,3.867649684252683e-05,1.8945575902762357e-05,2.871817760023987e-05,-0.008428574167191982,0.011836273036897183,-0.0030970585299655794,-2.743462009675568e-05,1.0575944816082484e-05,5.529229292733362e-06,-0.0009746095689479262,-0.007533589145168662,-0.0046090562362223865
542,5.42,1485.8729,861.4362,1622.58,471.988,1243.9373,214.6106,2.0306452697127497e-08,2.791712738758889e-09,7.572374940423288e-08,9.566462813381804e-06,1.502849329426681e-06,-2.6088596086992767e-06,-5.200422333608601e-16,-4.505820943204284e-15,-1.2205855392437379e-14,4.673638049918633e-13,2.1663222160139133e-13,-1.2566495492306353e-13,0.08969114124774932,0.2909663438796997,0.27454122304916384,49.99931411743164,120.01761398315429,63.54814453125,5.492516174854245e-05,2.6892726054938976e-05,4.085417604073882e-05,-0.012033377215266228,0.016855169739574193,-0.004393435246311128,-4.1065079858526585e-05,1.658691071497742e-05,8.74748666319647e-06,-0.00182205782039091,-0.011622318625450134,-0.00660543106496334
545,5.45,1524.5394,867.20557,1687.94,487.305,1348.299,178.95372,1.3540721344185158e-08,-2.554941969101776e-09,4.885068243254409e-08,5.48542161595833e-06,2.26451534217631e-06,-1.5103772625479906e-06,2.1696922453324192e-16,-1.7969705931936335e-15,-6.079698241156714e-15,3.9537812043452525e-13,8.332748079324832e-14,-1.436433246891492e-14,0.056760751828551295,0.2986505538225174,0.15903681963682176,40.32481803894043,123.02175674438476,62.75517349243164,6.679668367723935e-05,3.262168283981737e-05,5.017054390918929e-05,-0.01507123587653041,0.020815109275281428,-0.005310498271137476,-6.435283794417045e-05,3.090771642746404e-05,1.6768961359048262e-05,-0.0052150695119053125,-0.020459666289389132,-0.008444185694679618
546,5.46,1536.6974,868.6447,1707.38,492.464,1384.7051,165.47862,9.140141887797882e-09,-2.4057212444361655e-09,3.272133763942975e-08,3.564901408026344e-06,1.7232569121006236e-06,-9.841660300935472e-07,2.333961831421088e-16,-1.026742490780515e-15,-3.786269630885308e-15,2.7979762332996235e-13,4.682011377178056e-14,1.0115015543218385e-15,0.04624367021024227,0.30715272128582,0.15526164025068284,39.14076385498047,120.59483108520507,63.893924713134766,2.7048444826505148e-05,1.3108792120419822e-05,2.090258686848756e-05,-0.006630227988352999,0.008811196756141726,-0.0021111550828209146,-4.345114502939396e-05,2.5471503249718808e-05,1.4188996556185884e-05,-0.005731191672384739,-0.01591822858899832,-0.003915424610022455
547,5.47,1548.1193,869.7956,1728.16,496.861,1423.3552,151.28726,5.427741589514312e-09,-1.947743688557324e-09,1.9237929915760787e-08,2.0119178543609452e-06,1.1717194013272092e-06,-5.574844323064099e-07,2.0486444079666425e-16,-4.677688761583936e-16,-2.006349207408928e-15,1.759960084027519e-13,2.0618253486508936e-14,8.762016533468221e-15,0.03797280415892601,0.3160790383815765,0.1587200492620468,39.596825408935544,117.33353042602539,65.23927993774414,-5.853885668329895e-05,-2.8854807851530495e-05,-4.24218492298678e-05,0.011818174191284924,-0.017233960865996777,0.004757461830740795,1.055682146215986e-05,7.060529611635502e-06,4.804429445925962e-06,-0.0049692262429744,-0.002188663580454886,0.0060928079881705345
548,5.48,1559.7115,870.7976,1747.37,501.56998,1462.1261,138.31244,2.65766360030284e-09,-1.403482097206421e-09,9.252388100122744e-09,8.941120370309364e-07,7.022882869023305e-07,-2.4962128435390697e-07,1.5772271491461878e-16,-1.0605816256027331e-16,-7.726677028849988e-16,9.470271788991625e-14,3.870406607323137e-15,1.1361213958006357e-14,0.03328794725239277,0.3214962750673294,0.16737789213657378,41.56856117248535,114.13458557128907,66.5481086730957,-0.0002068616697215475,-0.00010153058101423085,-0.00015243720336002297,0.044035622663795945,-0.06254887357354164,0.01664243396371603,0.00011227818213228602,-3.0898547720425995e-05,-1.491560342401499e-05,-0.001957778545329347,0.025170916132628916,0.023668832331895828
549,5.49,1571.3982,871.581,1764.54,505.69498,1502.446,125.7244,8.113452062974424e-10,-9.010700019462803e-10,2.648765157209354e-09,1.7732756885102674e-07,3.4948547664725995e-07,-5.1672805201352645e-08,1.0847619752368558e-16,9.684599873739286e-17,-1.5509498677079216e-17,3.7871356034892627e-14,-5.359576875664236e-15,1.0898221090355946e-14,0.03441818319261074,0.321831151843071,0.18087946325540544,44.83064994812012,111.43097839355468,67.44117584228516,-0.0004314391495427117,-0.0002115170209435746,-0.0003193202777765691,0.09309278726577759,-0.13136113211512565,0.03461705148220062,0.00027540903101908043,-9.516147838439792e-05,-4.8650694225216284e-05,0.004498397000133991,0.07059613801538944,0.050540846586227414
560,5.6,1706.4366,865.54456,1911.78,513.905,1941.7689,59.11915,2.619966847638988e-11,1.4232876422576313e-11,1.016554888877419e-10,1.4493946931537494e-08,-1.0996938262786137e-09,-3.917836144395892e-09,-2.027950793359276e-18,-8.720273013409986e-18,-2.0705329139201634e-17,4.014500713986795e-16,4.266404396627204e-16,-3.292629009502736e-16,0.10616931766271591,0.33368660807609557,0.07960081696510315,46.604662322998045,102.5802719116211,60.09359588623047,0.021491211466491224,0.010526929143816232,0.015960514731705188,-4.685990333557129,6.578840255737305,-1.720742392539978,-0.015327565837651491,0.00593858128413558,0.0031077470630407333,-0.558847039937973,-4.2226227760314945,-2.5634653329849244
564,5.64,1756.2448,857.78107,1955.98,506.299,2051.8242,56.728767,2.4510574819780474e-11,-4.7963495588415615e-12,8.836264567269048e-11,9.894657360121074e-09,4.14812078020077e-09,-2.7250861789340774e-09,4.1464191391394956e-19,-3.2058577847526195e-18,-1.0925099196086501e-17,7.189413533057462e-16,1.4845986038846627e-16,-2.3304478275582588e-17,0.09154647290706634,0.35221687853336336,0.11188124492764473,52.14595947265625,116.87034301757812,63.1642448425293,0.03443985655903816,0.01681550471112132,0.025890705175697803,-7.791429281234741,10.747204875946045,-2.73650221824646,-0.03386637903749943,0.01644720435142517,0.008938003703951836,-2.8317240476608276,-10.850168132781983,-4.37333824634552
