frame,t_s,cadera_y_mm,cadera_z_mm,rodilla_y_mm,rodilla_z_mm,tobillo_y_mm,tobillo_z_mm,Force_Fx1_N_Nm,Force_Fy1_N_Nm,Force_Fz1_N_Nm,Moment_Mx1_N_Nm,Moment_My1_N_Nm,Moment_Mz1_N_Nm,Force_Fx2_N_Nm,Force_Fy2_N_Nm,Force_Fz2_N_Nm,Moment_Mx2_N_Nm,Moment_My2_N_Nm,Moment_Mz2_N_Nm,Force_Fx3_N_Nm,Force_Fy3_N_Nm,Force_Fz3_N_Nm,Moment_Mx3_N_Nm,Moment_My3_N_Nm,Moment_Mz3_N_Nm,Force_Fx4_N_Nm,Force_Fy4_N_Nm,Force_Fz4_N_Nm,Moment_Mx4_N_Nm,Moment_My4_N_Nm,Moment_Mz4_N_Nm,Force_Fx5_N_Nm,Force_Fy5_N_Nm,Force_Fz5_N_Nm,Moment_Mx5_N_Nm,Moment_My5_N_Nm,Moment_Mz5_N_Nm
285,2.85,-2298.5525,836.31744,-2128.07,436.257,-2003.0284,43.513157,-1.6039181824342026e-26,-4.5572822364931586e-26,6.593632542354446e-25,8.442485648705705e-23,-1.0059144813014096e-22,-4.63674201624782e-24,-2.8926138091042917e-17,-9.777076846425367e-17,5.491581518307132e-16,7.622381458655125e-14,2.5207703729013178e-14,8.212334925864016e-15,0.3578294932842255,0.41070419251918794,-0.8418725907802582,99.0717269897461,53.76412811279297,44.45192604064941,0.0,0.0,0.0,0.0,0.0,0.0,0.0,0.0,0.0,0.0,0.0,0.0
286,2.86,-2284.8013,835.63574,-2113.58,434.913,-1997.5151,39.137787,-8.235886299472291e-26,-7.89985333996767e-26,1.2086657689620049e-24,1.5495067675953903e-22,-1.7840997129594037e-22,-6.017794637577233e-25,-2.465462290275277e-17,-1.1765207103057794e-16,5.751056509171331e-16,7.742564185272971e-14,2.6009610318376147e-14,8.354926315677288e-15,0.3505875766277313,0.42015445828437803,-0.8024951636791229,96.52960662841797,54.83769264221191,44.7053882598877,0.0,0.0,0.0,0.0,0.0,0.0,0.0,0.0,0.0,0.0,0.0,0.0
287,2.87,-2271.0354,835.0362,-2100.59,433.403,-1993.7511,35.734802,-1.8589588952592544e-25,-1.1963605212189032e-25,1.9040667235636035e-24,2.4430572268434398e-22,-2.7471436304081116e-22,7.426124792040599e-24,-8.75900399300386e-18,-1.2005922021441093e-16,4.484141071391839e-16,5.591556846717711e-14,1.955764270626377e-14,6.058874190258351e-15,0.34120209217071534,0.4281988352537155,-0.7655127584934235,95.24219589233398,53.80540046691895,44.49760093688965,0.0,0.0,0.0,0.0,0.0,0.0,0.0,0.0,0.0,0.0,0.0,0.0
288,2.88,-2258.08,834.71985,-2088.94,432.368,-1992.1799,32.762627,-3.2988254505990146e-25,-1.6177503260802163e-25,2.669258587019796e-24,3.4273812415012236e-22,-3.7728843698247112e-22,2.0742436910664475e-23,2.4834203565583847e-17,-8.77613205695455e-17,6.406450842011844e-17,-3.113756450995439e-15,9.937807542095296e-16,-2.699008732430017e-16,0.33328680098056795,0.43170214295387266,-0.7456494569778442,95.33550872802735,51.63978996276855,44.243905258178714,0.0,0.0,0.0,0.0,0.0,0.0,0.0,0.0,0.0,0.0,0.0,0.0
289,2.89,-2243.9224,835.3197,-2077.92,432.206,-1988.5723,31.371613,-5.08143351870008e-25,-1.9385411678561648e-25,3.33443124961956e-24,4.284979623740203e-22,-4.604572016097418e-22,4.023633767129277e-23,8.247913278234479e-17,2.043820935835111e-18,-7.027084671504521e-16,-1.1688724668073094e-13,-3.539398490276253e-14,-1.2487714414778899e-14,0.32752908766269684,0.43242776989936826,-0.7491240739822388,96.27301254272462,49.378987884521486,43.904960250854494,0.0,0.0,0.0,0.0,0.0,0.0,0.0,0.0,0.0,0.0,0.0,0.0
290,2.9,-2228.62,837.40906,-2067.84,432.787,-1982.448,31.581089,-6.981193298379448e-25,-1.9650035069218036e-25,3.600337505601541e-24,4.632139031798517e-22,-4.802940367719487e-22,6.573347891366729e-23,1.6911842090127027e-16,1.7596432713118124e-16,-1.976624153135991e-15,-3.0202372043207015e-13,-9.521829803576728e-14,-3.2388854646252587e-14,0.32224754989147186,0.43114264607429503,-0.7592567503452301,97.50238037109375,46.787383270263675,43.582650375366214,0.0,0.0,0.0,0.0,0.0,0.0,0.0,0.0,0.0,0.0,0.0,0.0
291,2.91,-2213.9333,840.0445,-2056.3,435.31,-1975.6097,33.15448,-8.523556095074364e-25,-1.4112435447436483e-25,3.00831335094498e-24,3.880261945298184e-22,-3.709261336801669e-22,9.504605952011359e-23,2.8542896710568726e-16,4.598107872137247e-16,-3.843900863231896e-15,-5.688455674383863e-13,-1.8217006408135366e-13,-6.109443802097304e-14,0.31706892549991605,0.42846646904945374,-0.7771811544895172,98.18460693359376,44.74682846069336,43.413827896118164,0.0,0.0,0.0,0.0,0.0,0.0,0.0,0.0,0.0,0.0,0.0,0.0
292,2.92,-2199.689,843.18164,-2044.8198,437.508,-1973.6852,33.69228,-8.896237356705087e-25,9.971656977758047e-27,9.31105765737021e-25,1.2238081832018153e-22,-4.4112821774337627e-23,1.2274667607303274e-22,4.2358810879168626e-16,8.698943135611347e-16,-6.289370024062965e-15,-9.122580674810616e-13,-2.95068242300682e-13,-9.807188223955217e-14,0.31437869668006896,0.4256707698106766,-0.808830064535141,97.69718933105469,44.26065788269043,43.10074043273926,0.0,0.0,0.0,0.0,0.0,0.0,0.0,0.0,0.0,0.0,0.0,0.0
294,2.94,-2173.8108,848.6523,-2017.6501,440.884,-1973.9885,31.867407,-8.439940364343106e-26,7.728435726481843e-25,-1.075264374705927e-23,-1.37550641263931e-21,1.6794871997194587e-21,1.2720824489884463e-22,6.570462576878427e-16,1.9966275985150537e-15,-1.1774642438638297e-14,-1.6500114100558016e-12,-5.430271195813047e-13,-1.7768619827449387e-13,0.31513094902038574,0.42442338168621063,-0.9113681614398956,91.96421356201172,46.58324699401855,40.2563232421875,0.0,0.0,0.0,0.0,0.0,0.0,0.0,0.0,0.0,0.0,0.0,0.0
295,2.95,-2162.4648,850.96063,-2006.02,442.479,-1973.4957,31.489674,1.1149170607386161e-24,1.4527374496319748e-24,-2.1745508892621543e-23,-2.7864314833788226e-21,3.251271040819895e-21,6.553302273121902e-23,6.400785625098714e-16,2.543198932900676e-15,-1.3336153182615757e-14,-1.824522520912919e-12,-6.078563433847828e-13,-1.9671862066823058e-13,0.3142576217651367,0.4272093892097473,-0.9608105421066284,87.73381729125977,48.61292037963867,37.07963104248047,0.0,0.0,0.0,0.0,0.0,0.0,0.0,0.0,0.0,0.0,0.0,0.0
296,2.96,-2150.5083,853.36615,-1995.34,443.775,-1972.7555,31.180305,3.1025924448676134e-24,2.326791960236486e-24,-3.6414504431812e-23,-4.670597215142747e-21,5.304926483992719e-21,-7.452543305938648e-23,4.099640430857769e-16,2.822273948526984e-15,-1.2263838609325198e-14,-1.6017840157554753e-12,-5.466505882938816e-13,-1.7312445829134258e-13,0.31261736154556274,0.4322619497776031,-0.9956848800182343,84.49777450561524,49.68096923828125,33.400451469421384,0.0,0.0,0.0,0.0,0.0,0.0,0.0,0.0,0.0,0.0,0.0,0.0
298,2.98,-2126.503,857.63934,-1977.5,445.689,-1970.0526,31.666939,9.811014799946325e-24,4.1990262530082494e-24,-7.078654448145603e-23,-9.093010035040181e-21,9.885323126848896e-21,-7.085708694795579e-22,-1.22792181018452e-15,1.0917277753408559e-15,6.96167570205658e-15,1.332837419804663e-12,3.789988732328135e-13,1.415975582635563e-13,0.3139340698719025,0.44213593006134033,-0.9894505560398101,83.10637741088867,44.68174285888672,28.101836585998534,0.0,0.0,0.0,0.0,0.0,0.0,0.0,0.0,0.0,0.0,0.0,0.0
299,2.99,-2114.2202,859.8304,-1970.1,445.968,-1971.4685,31.441114,1.4176457847899505e-23,4.6356268824722e-24,-8.217463959015626e-23,-1.056605262363976e-20,1.1160836196861161e-20,-1.2382064266899766e-21,-2.918485032873811e-15,-1.972911356265269e-15,3.079296884888e-14,4.825911870641464e-12,1.502956412753262e-12,5.169286521186298e-13,0.3171475350856781,0.4428085029125214,-0.9564126074314118,86.0593765258789,40.901689529418945,27.5820369720459,0.0,0.0,0.0,0.0,0.0,0.0,0.0,0.0,0.0,0.0,0.0,0.0
300,3.0,-2101.716,861.9698,-1964.1,445.993,-1971.3593,31.56164,1.8295210995699047e-23,4.0565185304800736e-24,-7.90005005969072e-23,-1.0174939738819025e-20,1.020260949576442e-20,-1.8862836453274226e-21,-5.30549958180609e-15,-7.321875277030345e-15,6.762891468896099e-14,1.0128921139329616e-11,3.224649432025106e-12,1.0872350383276524e-12,0.3215815216302872,0.4407720983028412,-0.9250014901161194,91.54285125732422,38.348759460449216,28.60189037322998,0.0,0.0,0.0,0.0,0.0,0.0,0.0,0.0,0.0,0.0,0.0,0.0
301,3.01,-2089.4314,864.0066,-1959.32,445.677,-1969.7545,31.550936,2.066596647000634e-23,1.6815825198530365e-24,-4.850002846914668e-23,-6.281013157542376e-21,5.197888939123832e-21,-2.5649715650468655e-21,-8.311006640922617e-15,-1.546336665417497e-14,1.1839642764452374e-13,1.7316559904750895e-11,5.577875487883243e-12,1.8608591989370537e-12,0.32785352766513826,0.43736688792705536,-0.8994368374347687,98.10422973632812,37.64256248474121,30.665154266357423,0.0,0.0,0.0,0.0,0.0,0.0,0.0,0.0,0.0,0.0,0.0,0.0
302,3.02,-2077.1855,865.8657,-1955.5,445.349,-1970.5078,31.669676,1.8909062951324597e-23,-3.452371437533392e-24,2.5719613761082925e-23,3.221891049840287e-21,-6.13042536121614e-21,-3.0941293628495334e-21,-1.159299368200077e-14,-2.652509491891074e-14,1.8060638434010817e-13,2.595357557338973e-11,8.433821219525072e-12,2.791396952993297e-12,0.3360323429107666,0.43274236619472506,-0.8717574894428253,104.6749755859375,39.68364028930664,33.31686172485352,0.0,0.0,0.0,0.0,0.0,0.0,0.0,0.0,0.0,0.0,0.0,0.0
303,3.03,-2065.4878,867.5157,-1963.75,447.13,-1960.8228,38.02848,9.670526443006379e-24,-1.2367711021615361e-23,1.620555121127337e-22,2.0699935850521953e-20,-2.626064459371261e-20,-3.1696799525646783e-21,-1.4401555797650133e-14,-3.985589121105818e-14,2.4589667460420477e-13,3.4747593691264456e-11,1.1387288507969107e-11,3.740327860803083e-12,0.34530229270458224,0.4275006890296936,-0.8370485365390777,110.05974807739258,43.61082153320312,36.48297462463379,0.0,0.0,0.0,0.0,0.0,0.0,0.0,0.0,0.0,0.0,0.0,0.0
304,3.04,-2053.9524,868.7627,-1949.14,444.074,-1969.1871,31.57269,-1.1264363680874794e-23,-2.5886949758941332e-23,3.771342771532841e-22,4.8295886474851556e-20,-5.72988827802572e-20,-2.3403067560303077e-21,-1.5424946510236936e-14,-5.3491269031390176e-14,2.9706556225334026e-13,4.113833232399777e-11,1.3620675507614032e-11,4.4327509544916935e-12,0.35395815074443815,0.4236450016498566,-0.7989634096622467,113.6363655090332,46.6807746887207,39.807547378540036,0.0,0.0,0.0,0.0,0.0,0.0,0.0,0.0,0.0,0.0,0.0,0.0
305,3.05,-2043.2104,870.1151,-1945.46,444.105,-1969.7129,31.959627,-4.8485245373555016e-23,-4.4190832387027116e-23,6.790205438667623e-22,8.705836517107373e-20,-9.997917255463123e-20,-7.511906512950463e-24,-1.2663394977270072e-14,-6.351914166088241e-14,3.0502807040182905e-13,4.088967740789595e-11,1.3766626554001516e-11,4.413355575091926e-12,0.3580134779214859,0.4243978589773178,-0.7780710577964782,115.03166275024414,47.09317741394043,42.924001693725586,0.0,0.0,0.0,0.0,0.0,0.0,0.0,0.0,0.0,0.0,0.0,0.0
306,3.06,-2032.7639,871.21686,-1941.46,443.859,-1968.7003,32.124146,-1.0589692394405146e-22,-6.61570587233588e-23,1.0566536916077984e-21,1.3558639116066778e-19,-1.5214262954829713e-19,4.528943625764357e-21,-3.3957506717067415e-15,-6.344683011936213e-14,2.265600345676376e-13,2.781293338000035e-11,9.810377510355294e-12,3.016405875078121e-12,0.3550798863172531,0.4309063881635666,-0.7895553052425385,114.30156326293945,44.941215896606444,45.58970985412598,0.0,0.0,0.0,0.0,0.0,0.0,0.0,0.0,0.0,0.0,0.0,0.0
307,3.07,-2022.0051,872.4174,-1937.25,443.443,-1968.691,32.21037,-1.848704972472755e-22,-8.847631924743861e-23,1.4652066779801916e-21,1.8814929108719612e-19,-2.0667247191365765e-19,1.1951385309857734e-20,1.5663171477333596e-14,-4.376555135009522e-14,4.268136679589502e-15,-6.1697080821002115e-12,-9.006552177236865e-13,-6.27789413878456e-13,0.34450473487377165,0.4387948244810104,-0.8230368673801423,112.08420791625977,41.22491722106933,47.995032501220706,0.0,0.0,0.0,0.0,0.0,0.0,0.0,0.0,0.0,0.0,0.0,0.0
308,3.08,-2012.3956,873.6201,-1934.29,443.388,-1968.0626,32.640434,-2.8143014166188173e-22,-1.0460773274285946e-22,1.808028532457883e-21,2.323659606050494e-19,-2.490072603015131e-19,2.2697171355908195e-20,4.788305304559773e-14,7.967192028928891e-15,-4.2910456546536855e-13,-7.031996235307147e-11,-2.144178914281758e-11,-7.517487847497062e-12,0.32820273339748385,0.4437152475118637,-0.8566043257713318,109.25227432250976,36.936532211303714,49.87067565917969,0.0,0.0,0.0,0.0,0.0,0.0,0.0,0.0,0.0,0.0,0.0,0.0
309,3.09,-2002.6576,874.9626,-1929.78,443.061,-1968.2931,32.650513,-3.8243198174064507e-22,-1.0374387956454452e-22,1.917507572798347e-21,2.467423131223116e-19,-2.5460067886805135e-19,3.6592835325166445e-20,9.5759991868569e-14,1.0606387526612173e-13,-1.1392722160628865e-12,-1.73348196907952e-10,-5.476284113681285e-11,-1.8593385511800342e-11,0.31032039523124694,0.4438560366630554,-0.8730928182601929,106.11285705566407,32.78986492156982,50.71943588256836,0.0,0.0,0.0,0.0,0.0,0.0,0.0,0.0,0.0,0.0,0.0,0.0
310,3.1,-1992.8569,875.9598,-1925.66,442.902,-1968.9293,32.95901,-4.609607498271174e-22,-7.011318448790078e-23,1.5397312688911188e-21,1.9869176744779098e-19,-1.870588654145769e-19,5.233108934532631e-20,1.5932337914248418e-13,2.640635336803067e-13,-2.1687113585001915e-12,-3.2021043872010325e-10,-1.0266119621071823e-10,-3.439457659654144e-11,0.29565425515174865,0.4392611861228943,-0.8697607934474945,102.72710952758788,29.89225788116455,50.560278701782224,0.0,0.0,0.0,0.0,0.0,0.0,0.0,0.0,0.0,0.0,0.0,0.0
311,3.11,-1982.7029,877.1221,-1921.13,442.746,-1969.4742,33.01322,-4.716239227846865e-22,1.684707244737233e-23,3.3124976292710237e-22,4.410394620689185e-20,1.830450448398192e-21,6.680354506324808e-20,2.3379913998734793e-13,4.898320843989973e-13,-3.5016504452978215e-12,-5.07039260577713e-10,-1.6414073711334964e-10,-5.45135523527529e-11,0.28820840716362,0.4315997749567032,-0.8502936601638794,99.73746795654297,29.698750495910645,49.860367965698245,0.0,0.0,0.0,0.0,0.0,0.0,0.0,0.0,0.0,0.0,0.0,0.0
312,3.12,-1973.853,877.8501,-1916.76,442.725,-1967.1609,32.77197,-3.4709585742379053e-22,1.8067891953726348e-22,-2.1196383946146012e-21,-2.699444372062702e-19,3.6840184946539675e-19,7.435841177989363e-20,3.065472599069266e-13,7.777862067511604e-13,-5.013961381500343e-12,-7.14008541180533e-10,-2.3308253799259047e-10,-7.68284394436769e-11,0.2869645982980728,0.42360748946666715,-0.8274104773998261,97.7498794555664,31.903583908081053,49.16421127319336,0.0,0.0,0.0,0.0,0.0,0.0,0.0,0.0,0.0,0.0,0.0,0.0
313,3.13,-1960.4574,878.4392,-1913.38,442.086,-1968.27,33.06475,1.8440743842026565e-24,4.434644914764276e-22,-6.230493929619107e-21,-7.972062134525508e-19,9.674265883599193e-19,6.614109488474557e-20,3.535320582288837e-13,1.0979216776181577e-12,-6.4091380640174386e-12,-8.963802644590402e-10,-2.95295266017348e-10,-9.653873117576595e-11,0.2880537748336792,0.4181212931871414,-0.8098694026470185,97.25915985107422,35.47656784057617,48.90198440551758,0.0,0.0,0.0,0.0,0.0,0.0,0.0,0.0,0.0,0.0,0.0,0.0
314,3.14,-1951.5902,878.7787,-1909.81,442.061,-1968.2937,33.226532,6.794940497365122e-22,8.176474418214205e-22,-1.230166309895834e-20,-1.5764914245172907e-18,1.833768686656623e-18,2.979895443586664e-20,3.359712383516414e-13,1.3820092206046074e-12,-7.146951867126328e-12,-9.747748719313165e-10,-3.252683955512481e-10,-1.0511610887276036e-10,0.2879452288150787,0.41676668226718905,-0.8064821362495422,98.21291885375976,40.07628860473633,49.37852172851562,0.0,0.0,0.0,0.0,0.0,0.0,0.0,0.0,0.0,0.0,0.0,0.0
315,3.15,-1941.4049,879.078,-1906.11,441.731,-1967.463,33.220848,1.7873353250430974e-21,1.2931050468519286e-21,-2.0313165583137766e-20,-2.6056137389836935e-18,2.952861306360341e-18,-5.00151892540303e-20,1.9836468215629968e-13,1.5085371645427725e-12,-6.379844222359487e-12,-8.269297135932163e-10,-2.8334762036674733e-10,-8.941326914979619e-11,0.2834879755973816,0.4200480759143829,-0.8210482358932495,100.21602249145508,45.00395469665527,50.51207809448242,0.0,0.0,0.0,0.0,0.0,0.0,0.0,0.0,0.0,0.0,0.0,0.0
316,3.16,-1931.3057,879.25745,-1902.09,441.413,-1968.6058,33.375706,3.390119445868029e-21,1.8189710858692904e-21,-2.9628569749770076e-20,-3.803377180301857e-18,4.2185484148445974e-18,-1.8974215531116796e-19,-1.3018816795142212e-13,1.2898551801296398e-12,-2.923950984763321e-12,-2.8488743508345294e-10,-1.1460109198419e-10,-3.135436410746844e-11,0.2754483222961426,0.4268193989992142,-0.8448646605014801,102.57610855102538,48.57125358581543,51.95249137878418,0.0,0.0,0.0,0.0,0.0,0.0,0.0,0.0,0.0,0.0,0.0,0.0
317,3.17,-1921.5764,879.2437,-1898.96,441.201,-1968.3851,33.608814,5.4612651141833394e-21,2.2808542501217937e-21,-3.8609293894065305e-20,-4.960026043542894e-18,5.379350365825626e-18,-4.0288488567500367e-19,-7.286845551870286e-13,4.675560999362082e-13,4.693640032302389e-12,8.563956779839011e-10,2.4867902771730234e-10,9.114866361681351e-11,0.2673028171062469,0.4355829209089279,-0.8658795595169068,103.57519912719727,49.9956356048584,53.08483123779297,0.0,0.0,0.0,0.0,0.0,0.0,0.0,0.0,0.0,0.0,0.0,0.0
318,3.18,-1911.7281,879.1951,-1894.74,440.891,-1968.2759,33.851456,7.804859277011112e-21,2.4761233401655598e-21,-4.4173576315996133e-20,-5.680530507809909e-18,5.9787812310138664e-18,-6.930773368436219e-19,-1.667528821188563e-12,-1.274708162917089e-12,1.805401331905765e-11,2.8108955274497306e-09,8.781795957091276e-10,3.011794355578523e-10,0.26094424426555635,0.4456099599599838,-0.8760171949863433,101.4326156616211,50.01103820800781,53.28071975708008,0.0,0.0,0.0,0.0,0.0,0.0,0.0,0.0,0.0,0.0,0.0,0.0
319,3.19,-1901.5695,878.67615,-1890.96,440.228,-1969.4595,34.173676,9.956204023512237e-21,2.0930472440294707e-21,-4.1383764297319e-20,-5.3314171518435864e-18,5.302485641379901e-18,-1.0436524760486903e-18,-2.9787401711889317e-12,-4.268472012479429e-12,3.846155061104639e-11,5.744047104627725e-09,1.8312428129441117e-09,6.166472277246982e-10,0.2579190194606781,0.4552235215902328,-0.8799976646900177,96.31657333374024,49.70668487548828,51.9116455078125,0.0,0.0,0.0,0.0,0.0,0.0,0.0,0.0,0.0,0.0,0.0,0.0
320,3.2,-1891.5962,878.2556,-1887.62,440.061,-1967.9353,34.383724,1.1071298984651768e-20,7.038513046413266e-22,-2.321572038060132e-20,-3.0108601400045353e-18,2.35491043530902e-18,-1.4036182865553434e-18,-4.609868866842226e-12,-8.772678460403083e-12,6.628108999151561e-11,9.675988277280113e-09,3.1196693006663168e-09,1.0398881811202188e-09,0.2604673594236374,0.461494579911232,-0.8931021094322205,89.50392837524414,50.44653854370117,48.92843780517578,0.0,0.0,0.0,0.0,0.0,0.0,0.0,0.0,0.0,0.0,0.0,0.0
321,3.21,-1883.7728,877.86163,-1882.24,439.72,-1968.0939,34.429623,9.828851086377246e-21,-2.2130390360679193e-21,1.9246758018974096e-20,2.4267986014364946e-18,-4.0994301001278975e-18,-1.670971921704794e-18,-6.360441123440252e-12,-1.4825427430836814e-11,9.99389543343554e-11,1.4338245168943331e-08,4.663107988633896e-09,1.5422505161843957e-09,0.2684769153594971,0.4622288078069687,-0.925071257352829,82.59157867431641,53.4931224822998,44.94225578308105,0.0,0.0,0.0,0.0,0.0,0.0,0.0,0.0,0.0,0.0,0.0,0.0
322,3.22,-1874.0961,877.35095,-1878.4,439.403,-1967.4437,34.73994,4.386815235522154e-21,-7.200874611944765e-21,9.585132287061113e-20,1.2248296429569299e-17,-1.5381857346654834e-17,-1.675978618477909e-18,-7.804018022083969e-12,-2.2023843859741987e-11,1.345783443018611e-10,1.8984074223737933e-08,6.226844417867028e-09,2.043676616825252e-09,0.2810062080621719,0.4576143890619278,-0.9790644347667694,76.16391830444336,58.973460006713864,40.264072036743165,0.0,0.0,0.0,0.0,0.0,0.0,0.0,0.0,0.0,0.0,0.0,0.0
323,3.23,-1864.7045,876.61597,-1874.42,439.016,-1968.1693,35.377163,-7.541687665575013e-21,-1.4677724625894637e-20,2.1522309735922482e-19,2.756557140174487e-17,-3.257357743633344e-17,-1.1695317463322137e-18,-8.206301263524728e-12,-2.9232027042025434e-11,1.6045703099543118e-10,2.2167120938831884e-08,7.3484232032683394e-09,2.388851005896697e-09,0.2976192682981491,0.4505330592393875,-1.0532437324523927,68.91994171142578,66.88186378479004,35.339416122436525,0.0,0.0,0.0,0.0,0.0,0.0,0.0,0.0,0.0,0.0,0.0,0.0
324,3.24,-1854.737,875.79565,-1869.47,438.121,-1966.6545,35.12131,-2.84038164080208e-20,-2.4689588372667603e-20,3.809546241611489e-19,4.8847216795174657e-17,-5.595610028542848e-17,1.7502424796363787e-19,-6.460774493524668e-12,-3.423917434297596e-11,1.613376793274668e-10,2.1526695270779327e-08,7.265170953729694e-09,2.324017178700899e-09,0.3173467189073563,0.4422306567430496,-1.1363415360450744,59.22277679443359,78.16603317260743,30.55018901824951,0.0,0.0,0.0,0.0,0.0,0.0,0.0,0.0,0.0,0.0,0.0,0.0
325,3.25,-1845.4133,875.14856,-1865.22,437.886,-1967.3613,35.845665,-6.020456438505969e-20,-3.6545122190341194e-20,5.857504248901981e-19,7.516707818265243e-17,-8.416989624097583e-17,2.7344686777835422e-18,-1.0782490284205574e-12,-3.3426141021752895e-11,1.133596112812274e-10,1.365200859027027e-08,4.86578690672701e-09,1.482237954597565e-09,0.3381849855184555,0.4345552444458008,-1.2146492719650268,46.45246353149414,92.15810470581054,26.36876220703125,0.0,0.0,0.0,0.0,0.0,0.0,0.0,0.0,0.0,0.0,0.0,0.0
326,3.26,-1835.5879,874.3572,-1860.76,437.318,-1966.0782,36.04178,-1.0347200020603836e-19,-4.833277259094031e-20,8.033993095288565e-19,1.0317333121378778e-16,-1.1308455637383896e-16,6.8669605821193615e-18,9.715594648240788e-12,-2.1551104650852082e-11,-1.4806243926225592e-11,-5.858270935021892e-09,-1.2963757789474783e-09,-6.10396580502659e-10,0.35603960454463957,0.42945360243320463,-1.2741865277290345,31.077254867553712,106.03526916503907,23.010501098632812,0.0,0.0,0.0,0.0,0.0,0.0,0.0,0.0,0.0,0.0,0.0,0.0
327,3.27,-1825.8975,873.3263,-1856.19,436.392,-1967.078,36.568016,-1.5570092531401355e-19,-5.635805239830079e-20,9.789973510345548e-19,1.258318106304421e-16,-1.3445614657466367e-16,1.2784160656711462e-17,2.770280740915787e-11,8.16727626284583e-12,-2.59355996401478e-10,-4.1975206421795974e-08,-1.2874212318436661e-08,-4.489757032821729e-09,0.3679831176996231,0.4262556254863739,-1.3023898720741272,15.493142795562743,117.03583755493165,20.19528999328613,0.0,0.0,0.0,0.0,0.0,0.0,0.0,0.0,0.0,0.0,0.0,0.0
328,3.28,-1816.0975,872.49976,-1851.51,435.768,-1966.072,36.840694,-2.0926209265316502e-19,-5.459891291586099e-20,1.0187814194361476e-18,1.3111758606539554e-16,-1.3458448265408454e-16,2.0347797690218452e-17,5.4131619325881175e-11,6.341407052246061e-11,-6.547976910686871e-10,-9.924619988055383e-08,-3.141242483906126e-08,-1.0647102932637153e-08,0.3744067132472992,0.42261921763420107,-1.281397557258606,4.275747752189636,121.52436676025391,18.354088973999023,0.0,0.0,0.0,0.0,0.0,0.0,0.0,0.0,0.0,0.0,0.0,0.0
329,3.29,-1806.2836,871.71063,-1846.81,435.257,-1966.9535,37.68694,-2.489165909666196e-19,-3.436405726448369e-20,7.823374248069993e-19,1.0100890660017989e-16,-9.338378432184316e-17,2.87820433937723e-17,8.882825933143046e-11,1.5126398675291418e-10,-1.2217303169137495e-09,-1.7999465313778272e-07,-5.776967633153163e-08,-1.933568363199356e-08,0.37172594368457795,0.41539516746997834,-1.1734804034233093,5.6998901724815365,112.40476913452149,18.487640190124512,0.0,0.0,0.0,0.0,0.0,0.0,0.0,0.0,0.0,0.0,0.0,0.0
330,3.3,-1796.1393,870.8121,-1842.48,434.879,-1967.508,38.7789,-2.493283227014573e-19,1.5549116042899545e-20,8.182350613562245e-20,1.1378781705882542e-17,1.5456944666759335e-17,3.6310815178050485e-17,1.2890860670577987e-10,2.7542649411183007e-10,-1.947374483890485e-09,-2.815057570160207e-07,-9.120675983353977e-08,-3.026814496820407e-08,0.3487764447927475,0.402696031332016,-0.9144350051879883,32.883058643341066,78.54485549926758,21.862000465393066,0.0,0.0,0.0,0.0,0.0,0.0,0.0,0.0,0.0,0.0,0.0,0.0
331,3.31,-1786.0497,869.89764,-1837.28,434.466,-1967.4612,39.773674,-1.7333896084649741e-19,1.0777406252811523e-19,-1.3049325065311973e-18,-1.6633553451948017e-16,2.2224496262777045e-16,3.9760910074137296e-17,1.6710882122517034e-10,4.319277352449191e-10,-2.7580103312274675e-09,-3.921082083024885e-07,-1.2810642147087492e-07,-4.219488332068977e-08,0.28992570489645003,0.3845225661993027,-0.40691172033548356,101.94642372131348,6.610128450393677,30.131664848327638,0.0,0.0,0.0,0.0,0.0,0.0,0.0,0.0,0.0,0.0,0.0,0.0
332,3.32,-1774.9474,868.78656,-1832.17,434.061,-1965.9639,40.569252,2.7743922734598964e-20,2.5383439167327933e-19,-3.598403127320682e-18,-4.605213737410882e-16,5.557206481156623e-16,3.422089406047075e-17,1.8988958461196858e-10,6.030840438153718e-10,-3.484176036572251e-09,-4.863170687485763e-07,-1.603715517717319e-07,-5.238088469639024e-08,0.17522105425596238,0.36080942749977113,0.4629790871054865,229.82272491455078,-118.11260604858398,45.188778686523435,0.0,0.0,0.0,0.0,0.0,0.0,0.0,0.0,0.0,0.0,0.0,0.0
333,3.33,-1764.6473,867.8787,-1826.52,433.746,-1965.9197,41.96216,4.1003439382493734e-19,4.595474633233461e-19,-6.94785504099623e-18,-8.90482211673803e-16,1.0327272603028554e-15,1.2913467629036556e-17,1.756841311317814e-10,7.500109922009557e-10,-3.822512439910497e-09,-5.19647556984637e-07,-1.736915578476328e-07,-5.6046349072857995e-08,-0.019266414223238826,0.3302456885576248,1.806462252140045,432.46274719238284,-309.7995178222656,69.25873413085938,0.0,0.0,0.0,0.0,0.0,0.0,0.0,0.0,0.0,0.0,0.0,0.0
334,3.34,-1754.2422,866.60266,-1821.06,433.491,-1965.5901,43.468594,1.0267893187571216e-18,7.17847963390043e-19,-1.1318182785079152e-17,-1.4519205518826026e-15,1.6417967618829587e-15,-3.2477927067945366e-17,9.396541808537329e-11,8.045929922317896e-10,-3.3028402235402154e-09,-4.2438619232143535e-07,-1.4608644747227117e-07,-4.5909248669318e-08,-0.3157094791531563,0.2917967885732651,3.6977434158325195,718.8558044433594,-576.0828277587891,105.21196746826172,0.0,0.0,0.0,0.0,0.0,0.0,0.0,0.0,0.0,0.0,0.0,0.0
335,3.35,-1742.9114,864.9512,-1815.55,433.173,-1966.0029,45.490948,1.90930975668614e-18,9.988072410306459e-19,-1.6326739060211194e-17,-2.095990418343231e-15,2.3199656866407625e-15,-1.1070026980039243e-16,-9.380738234809894e-11,6.628780413464596e-10,-1.2755497533212256e-09,-1.0852624658941323e-07,-4.743913062377203e-08,-1.2066843030344998e-08,-0.7283992290496826,0.24680935144424437,6.0999672412872314,1079.9475341796874,-907.3049255371094,155.90087432861327,0.0,0.0,0.0,0.0,0.0,0.0,0.0,0.0,0.0,0.0,0.0,0.0
336,3.36,-1732.41,863.9532,-1808.9,433.134,-1965.7073,47.50117,3.036581972556604e-18,1.2372756981704717e-18,-2.1033223864889898e-17,-2.7023022982844296e-15,2.9235734350736753e-15,-2.286431781960885e-16,-4.2988106685459824e-10,1.8327630090658741e-10,3.0576495779754964e-09,5.388202367839767e-07,1.5890754525571538e-07,5.7427447153202137e-08,-1.2478953838348388,0.20205605626106263,8.76176996231079,1474.9698486328125,-1263.5051391601562,221.68583068847656,0.0,0.0,0.0,0.0,0.0,0.0,0.0,0.0,0.0,0.0,0.0,0.0
337,3.37,-1721.1072,862.69025,-1802.42,433.07,-1964.2126,49.402008,4.292382597680112e-18,1.3197119493308353e-18,-2.370305632907606e-17,-3.0484909530468954e-15,3.196357325242489e-15,-3.8746428705552624e-16,-9.506941234249667e-10,-8.053492872583945e-10,1.053816953699993e-08,1.6310877072100992e-06,5.110324252655118e-07,1.7481333429714142e-07,-1.8195361852645875,0.17418123930692672,11.084313488006591,1814.7012451171875,-1559.9524291992188,297.6362701416016,0.0,0.0,0.0,0.0,0.0,0.0,0.0,0.0,0.0,0.0,0.0,0.0
338,3.38,-1709.8253,861.2623,-1795.7,433.196,-1963.2979,52.007534,5.4112286658625005e-18,1.0734865491281263e-18,-2.1592072215250524e-17,-2.7824686939619524e-15,2.74212106302497e-15,-5.768237407836083e-16,-1.6701731664348074e-09,-2.4788573638190314e-09,2.183209062422975e-08,3.251723705943732e-06,1.0380499929851795e-06,3.4913063586827773e-07,-2.315453028678894,0.19247127324342728,11.99136381149292,1943.8149658203124,-1650.1467895507812,370.88898010253905,0.0,0.0,0.0,0.0,0.0,0.0,0.0,0.0,0.0,0.0,0.0,0.0
339,3.39,-1697.8787,859.7968,-1788.17,433.139,-1962.2476,54.700996,5.919293710081503e-18,2.642911493426351e-19,-1.0838998131561979e-17,-1.4084524806846928e-15,1.0147087638437892e-15,-7.672190602196451e-16,-2.5542003845302475e-09,-4.968121958270899e-09,3.705956910238228e-08,5.400191093940521e-06,1.7426841509404767e-06,5.804155023270141e-07,-2.5077954292297364,0.2991698935627937,9.822184228897095,1626.5440185546875,-1311.423114013672,416.6069305419922,0.0,0.0,0.0,0.0,0.0,0.0,0.0,0.0,0.0,0.0,0.0,0.0
340,3.4,-1685.8208,858.3779,-1780.46,432.755,-1960.7411,57.103317,5.0837361153880585e-18,-1.3899013727621662e-18,1.3399499899506883e-17,1.6959411040237078e-15,-2.6552961625249046e-15,-9.009886548268237e-16,-3.485783950374355e-09,-8.276275131890998e-09,5.524266519785215e-08,7.912881801530603e-06,2.575525513748289e-06,8.511930843724258e-07,-2.0426456212997435,0.5486498385667801,2.298570591211319,541.6341087341309,-242.6465976715088,394.4592620849609,0.0,0.0,0.0,0.0,0.0,0.0,0.0,0.0,0.0,0.0,0.0,0.0
341,3.41,-1673.6375,857.30566,-1772.65,433.199,-1958.8638,60.509193,1.8939831015995553e-18,-4.177006391185934e-18,5.63838549016421e-17,7.207476828295016e-15,-8.970715795496081e-15,-8.834982820868814e-16,-4.22288595203213e-09,-1.215719755975897e-08,7.357031535093484e-08,1.0359622501709964e-05,3.401053709239932e-06,1.1153349646519927e-06,-0.4340053081512451,1.0008458733558654,-13.329218816757201,-1701.6101287841798,1917.1347290039062,247.4143539428711,0.0,0.0,0.0,0.0,0.0,0.0,0.0,0.0,0.0,0.0,0.0,0.0
342,3.42,-1661.0382,856.4638,-1763.98,433.445,-1956.8518,63.966393,-4.889108147995482e-18,-8.307710106813294e-18,1.2256505932451092e-16,1.5700184530139652e-14,-1.8482841498349956e-14,-5.773980529446483e-16,-4.3549661210562364e-09,-1.5956115539950133e-08,8.653426846194634e-08,1.1924616865144344e-05,3.958116644753318e-06,1.2852274039687473e-06,2.9056347489356993,1.7036713123321534,-39.88687877655029,-5506.685131835938,5533.3868408203125,-96.91676464080811,0.0,0.0,0.0,0.0,0.0,0.0,0.0,0.0,0.0,0.0,0.0,0.0
343,3.43,-1647.8652,855.6486,-1753.52,432.744,-1955.1718,67.45196,-1.656730253836795e-17,-1.3777703668625031e-17,2.1344999057283549e-16,2.737161812173738e-14,-3.127865059516545e-14,1.9538491491173185e-16,-3.270415671607907e-09,-1.8425630443630327e-08,8.508034383680752e-08,1.129380643760669e-05,3.821809104920248e-06,1.2196072020742577e-06,8.584960508346558,2.6678970575332643,-79.5144889831543,-11176.9154296875,10865.7083984375,-718.9826171875,0.0,0.0,0.0,0.0,0.0,0.0,0.0,0.0,0.0,0.0,0.0,0.0
344,3.44,-1634.7091,854.8723,-1743.69,432.169,-1953.9294,71.589424,-3.4163155033917206e-17,-2.0166129802547718e-17,3.2435909899335143e-16,4.1626753178323e-14,-4.651586732982993e-14,1.6372305025555174e-15,-1.5518434905159583e-10,-1.7550673447885857e-08,5.6050865282486484e-08,6.589396912204393e-06,2.3798108600203704e-06,7.164424403072189e-07,17.068551349639893,3.838683032989502,-132.35211410522462,-18728.16923828125,17890.2166015625,-1689.6076416015626,0.0,0.0,0.0,0.0,0.0,0.0,0.0,0.0,0.0,0.0,0.0,0.0
345,3.45,-1621.0892,854.2608,-1733.11,431.965,-1952.0271,76.20778,-5.784160257433369e-17,-2.637212365119561e-17,4.400297779805668e-16,5.6513320634494e-14,-6.180548694362242e-14,3.935433191687974e-15,5.947536929618025e-09,-1.044469906119616e-08,-1.763523176379067e-08,-4.583782435929607e-06,-1.1558808246547869e-06,-4.82189194883631e-07,28.409415626525877,5.05636510848999,-194.71530151367188,-27628.0455078125,26057.1205078125,-3041.009423828125,0.0,0.0,0.0,0.0,0.0,0.0,0.0,0.0,0.0,0.0,0.0,0.0
346,3.46,-1607.0515,853.5082,-1721.15,431.046,-1948.5045,80.533394,-8.604986866205001e-17,-3.0312173175093096e-17,5.293303493211754e-16,6.804232402664832e-14,-7.248796289778536e-14,7.190281508894338e-15,1.5977347533890908e-08,6.5836652574091655e-09,-1.5542398443812999e-07,-2.488881827957812e-05,-7.672041192563483e-06,-2.6634048595042257e-06,41.909342193603514,6.0047801494598385,-258.41709594726564,-36710.35234375,34212.0533203125,-4727.583325195313,0.0,0.0,0.0,0.0,0.0,0.0,0.0,0.0,0.0,0.0,0.0,0.0
347,3.47,-1593.2314,853.06226,-1709.24,430.642,-1945.4855,85.98077,-1.1437477681143142e-16,-2.8634535583858167e-17,5.398733048881787e-16,6.949461351431902e-14,-7.092570820477033e-14,1.1302069458947852e-14,3.055101256421722e-08,3.765320908399872e-08,-3.753690009489219e-07,-5.668934209097642e-05,-1.7974310594581766e-05,-6.082638265070273e-06,55.95459060668945,6.244319200515747,-315.7052734375,-44889.519921875,41284.196484375,-6595.707958984375,0.0,0.0,0.0,0.0,0.0,0.0,0.0,0.0,0.0,0.0,0.0,0.0
348,3.48,-1578.6637,852.8123,-1696.34,430.351,-1941.5206,91.90358,-1.3420271828731212e-16,-1.6554755035656133e-17,3.940917110628603e-16,5.091399713939501e-14,-4.604510251137199e-14,1.581307606491017e-14,4.946786766879541e-08,8.644493902920658e-08,-6.872572498650698e-07,-0.00010103898166562431,-3.246250416850671e-05,-1.0855072378035403e-05,68.53502349853515,5.439673709869385,-363.36473083496094,-51733.17734375,46838.606640625,-8421.72861328125,0.0,0.0,0.0,0.0,0.0,0.0,0.0,0.0,0.0,0.0,0.0,0.0
349,3.49,-1564.9615,852.76886,-1682.41,430.151,-1936.1802,98.04378,-1.3140879069870566e-16,1.2022772139264281e-17,-1.063175472924978e-17,-8.810672181189228e-16,1.649539149123049e-14,1.971069927284366e-14,7.10002474590965e-08,1.5465527098967867e-07,-1.0817939767093775e-06,-0.00015612066054018214,-5.062451928097289e-05,-1.6787814001872902e-05,78.4739891052246,3.4464640617370605,-401.774560546875,-57323.89765625,50920.527734375,-10067.58232421875,0.0,0.0,0.0,0.0,0.0,0.0,0.0,0.0,0.0,0.0,0.0,0.0
350,3.5,-1550.4578,853.00055,-1666.77,430.114,-1929.8564,104.72997,-8.550629916478385e-17,6.386470430800427e-17,-7.939990338745383e-16,-1.0128130938904991e-13,1.329720154244398e-13,2.121570538064603e-14,9.098462427914455e-08,2.3960078010532015e-07,-1.5154588368204714e-06,-0.00021509733924176543,-7.033352085272782e-05,-2.3148590116761625e-05,86.06539688110351,0.29145919978618623,-433.3865539550781,-62030.62109375,53822.910546875,-11565.3658203125,0.0,0.0,0.0,0.0,0.0,0.0,0.0,0.0,0.0,0.0,0.0,0.0
351,3.51,-1535.9877,852.90295,-1650.81,429.446,-1922.0249,111.571884,3.004693285199187e-17,1.4495796214846545e-16,-2.072052102583522e-15,-2.652312546566442e-13,3.184085590676733e-13,1.7606771668740715e-14,1.0180531546666316e-07,3.3091163800236243e-07,-1.8916124190582196e-06,-0.00026348051615059375,-8.697922603460029e-05,-2.838228629116202e-05,92.23073196411133,-3.8844940185546877,-461.56589660644534,-66341.248046875,55934.76796875,-13007.79541015625,0.0,0.0,0.0,0.0,0.0,0.0,0.0,0.0,0.0,0.0,0.0,0.0
352,3.52,-1521.4156,853.40546,-1631.64,427.672,-1912.7051,118.17384,2.4538820694107224e-16,2.5793004512005435e-16,-3.917979950754857e-15,-5.02205408877722e-13,5.807673813433903e-13,5.1696211557399124e-15,9.14823672815146e-08,4.064720542373834e-07,-2.040134086200851e-06,-0.0002763722790405154,-9.254430551663972e-05,-2.9813423861924093e-05,97.59015808105468,-8.88769326210022,-489.63568115234375,-70727.89921875,57640.528125,-14434.76875,0.0,0.0,0.0,0.0,0.0,0.0,0.0,0.0,0.0,0.0,0.0,0.0
353,3.53,-1507.3414,853.9655,-1612.52,426.326,-1901.9598,124.87367,5.883606445155891e-16,3.9806965042189636e-16,-6.299138897395296e-15,-8.081286074351768e-13,9.118334884893053e-13,-2.0596045976697823e-14,4.324285507451009e-08,4.2814752987396787e-07,-1.7004758660732478e-06,-0.000216310603718739,-7.485853820980992e-05,-2.3412944028677884e-05,102.34688720703124,-14.479406356811523,-519.78330078125,-75487.553125,59212.70234375,-15825.99541015625,0.0,0.0,0.0,0.0,0.0,0.0,0.0,0.0,0.0,0.0,0.0,0.0
354,3.54,-1493.8838,854.68945,-1591.67,424.061,-1890.8743,131.56659,1.073772999913097e-15,5.478524399546089e-16,-8.98723759664875e-15,-1.1538445546244169e-12,1.274478916499233e-12,-6.433225331029143e-14,-6.383617821015263e-08,3.384136675776972e-07,-5.165756142844202e-07,-3.29509504069847e-05,-1.742817703416222e-05,-3.7617742847828596e-06,106.43984909057617,-20.31661205291748,-552.3538757324219,-80640.25859375,60753.461328125,-17123.8154296875,0.0,0.0,0.0,0.0,0.0,0.0,0.0,0.0,0.0,0.0,0.0,0.0
355,3.55,-1480.5883,854.7549,-1571.58,421.982,-1878.5836,138.3497,1.6865388209261201e-15,6.70247255582889e-16,-1.1444023541171611e-14,-1.4704283146996234e-12,1.5868139809950554e-12,-1.2952679700290944e-13,-2.522999466236797e-07,5.977557862024697e-08,1.9436129548466853e-06,0.000333584904728923,9.956411995517555e-05,3.559184233381529e-05,109.62490005493164,-25.950060653686524,-586.2667663574218,-85995.48828125,62246.176953125,-18248.983203125,0.0,0.0,0.0,0.0,0.0,0.0,0.0,0.0,0.0,0.0,0.0,0.0
356,3.56,-1468.3787,854.641,-1550.4,419.577,-1864.8177,145.20694,2.358112154233539e-15,7.017134337245108e-16,-1.269456257100383e-14,-1.6328857536940245e-12,1.7051681681229392e-12,-2.1634989128991798e-13,-5.409031388126096e-07,-5.002100493811668e-07,6.1267586261237735e-06,0.0009432636899873615,0.00029629212658619506,0.00010111979936482385,111.61468353271485,-30.94637336730957,-620.0330810546875,-91306.73671875,63649.046484375,-19127.976171875,0.0,0.0,0.0,0.0,0.0,0.0,0.0,0.0,0.0,0.0,0.0,0.0
357,3.57,-1456.8195,854.794,-1527.94,416.712,-1851.1184,152.59904,2.9371517755588118e-15,5.467548520145789e-16,-1.121542772932263e-14,-1.4457404891310422e-12,1.4100397173651136e-12,-3.1847107416493883e-13,-9.352568270060146e-07,-1.4345697479711816e-06,1.2370383774396033e-05,0.0018377552507445217,0.0005874091322766617,0.00019733988592633976,112.2375991821289,-35.02212562561035,-652.2346435546875,-96346.8828125,64925.280078125,-19713.901171875,0.0,0.0,0.0,0.0,0.0,0.0,0.0,0.0,0.0,0.0,0.0,0.0
358,3.58,-1445.5237,854.7007,-1505.79,415.013,-1834.8973,159.27611,3.1580018946216253e-15,7.717638724081642e-17,-4.886309442777094e-15,-6.36727372961706e-13,4.0214012234942015e-13,-4.1887450268323495e-13,-1.4136972481537669e-06,-2.808812746479816e-06,2.069591519102687e-05,0.003010333119891584,0.0009723256109282375,0.00032358036551158873,111.47269897460937,-38.088945388793945,-681.6578552246094,-100929.22890625,66042.64921875,-19990.2029296875,0.0,0.0,0.0,0.0,0.0,0.0,0.0,0.0,0.0,0.0,0.0,0.0
359,3.59,-1435.0469,855.0101,-1483.2,413.859,-1818.2964,165.77185,2.6146373740347485e-15,-8.592901360408907e-16,8.920210788977598e-15,1.1318159720530816e-12,-1.680719804867184e-12,-4.850163727674467e-13,-1.9082201902165253e-06,-4.61478841771168e-06,3.0503802190651185e-05,0.00436227626632899,0.0014210067340172828,0.0004692897346103564,109.38760757446289,-40.15213165283203,-707.3290283203125,-104911.14453125,66972.775,-19961.3802734375,0.0,0.0,0.0,0.0,0.0,0.0,0.0,0.0,0.0,0.0,0.0,0.0
360,3.6,-1423.9166,855.0953,-1460.25,412.509,-1800.1167,171.62955,7.532539439767132e-16,-2.41480614462399e-15,3.300798677219113e-14,4.220665830723114e-12,-5.211437271307462e-12,-4.641949368291986e-13,-2.2816957880422704e-06,-6.703686949549592e-06,4.017218125227373e-05,0.005646463669836521,0.0018554367357864975,0.0006079634302295744,106.0818000793457,-41.249650192260745,-728.5222290039062,-108190.859375,67688.6171875,-19642.4375,0.0,0.0,0.0,0.0,0.0,0.0,0.0,0.0,0.0,0.0,0.0,0.0
361,3.61,-1412.9124,855.5786,-1437.38,412.529,-1780.8771,176.55734,-3.096620000384595e-15,-4.694462041524689e-15,6.966025012952823e-14,8.92441042940617e-12,-1.0468874985652965e-11,-2.8075979583742914e-13,-2.3048721232044047e-06,-8.69913792485022e-06,4.659167825593613e-05,0.006403446150943637,0.0021283689653500914,0.000690252729691565,101.6729118347168,-41.4934268951416,-744.8368469238281,-110719.14296875,68169.01328125,-19055.98984375,0.0,0.0,0.0,0.0,0.0,0.0,0.0,0.0,0.0,0.0,0.0,0.0
362,3.62,-1402.0826,856.1271,-1414.36,412.795,-1760.5817,180.52695,-9.625720910245321e-15,-7.679492036789694e-15,1.1944512829449756e-13,1.5318260809110696e-11,-1.7463238580900376e-11,1.6224446746759391e-13,-1.6400505387537123e-06,-9.898388361762045e-06,4.471936554182321e-05,0.0059025849681347605,0.002003346779383719,0.0006376062228810042,96.29538345336914,-41.07583770751953,-756.2065063476563,-112498.821875,68400.2265625,-18233.986328125,0.0,0.0,0.0,0.0,0.0,0.0,0.0,0.0,0.0,0.0,0.0,0.0
363,3.63,-1391.0454,856.78784,-1391.03,413.796,-1738.3672,182.864,-1.9351435838683203e-14,-1.1116176474321519e-14,1.7942219433277061e-13,2.302787318470001e-11,-2.567941744663349e-11,9.733217324562476e-13,1.5724406381423251e-07,-9.180749111692421e-06,2.730730229814071e-05,0.0031111711054109038,0.0011433440551627428,0.00033890601262100974,90.08922805786133,-40.22470474243164,-762.8208862304688,-113568.66796875,68378.10390625,-17215.5140625,0.0,0.0,0.0,0.0,0.0,0.0,0.0,0.0,0.0,0.0,0.0,0.0
364,3.64,-1380.2821,857.8234,-1367.78,415.59,-1714.6785,183.3653,-3.229487396906247e-14,-1.4372269718202108e-14,2.407372424236692e-13,3.092041917646116e-11,-3.373991225297246e-11,2.2500044145543075e-12,3.6021310506839655e-06,-4.958365650509222e-06,-1.4945963029333597e-05,-0.0032725635450333358,-0.0008803360400634119,-0.0003460416875896044,83.19594039916993,-39.17913970947266,-765.0318969726562,-113989.6953125,68108.21171875,-16043.88212890625,0.0,0.0,0.0,0.0,0.0,0.0,0.0,0.0,0.0,0.0,0.0,0.0
365,3.65,-1369.9034,859.09247,-1344.06,416.812,-1690.0867,182.62929,-4.750604816754385e-14,-1.6274524791497735e-14,2.8576866892802977e-13,3.673772397405628e-11,-3.901528926320008e-11,4.038462034401668e-12,9.188387684844201e-06,4.775586990035663e-06,-9.246847330359742e-05,-0.014672421384602785,-0.004542535403743386,-0.0015707659011241048,75.77624053955078,-38.165570449829104,-763.2628295898437,-113833.171875,67599.28359375,-14766.9515625,0.0,0.0,0.0,0.0,0.0,0.0,0.0,0.0,0.0,0.0,0.0,0.0
366,3.66,-1358.9581,860.3859,-1321.94,420.175,-1663.8555,180.277,-6.244008606058442e-14,-1.495952206510484e-14,2.8528136613008984e-13,3.6729840696692054e-11,-3.725262945342145e-11,6.2708121247728735e-12,1.7216234027728206e-05,2.2224192616704385e-05,-0.00021466628968482837,-0.03231088016182184,-0.010261540906503797,-0.0034674301045015455,68.02719573974609,-37.355770111083984,-757.9251525878906,-113169.465625,66855.38203125,-13436.210546875,0.0,0.0,0.0,0.0,0.0,0.0,0.0,0.0,0.0,0.0,0.0,0.0
367,3.67,-1348.0789,861.7496,-1298.97,421.422,-1638.047,177.29543,-7.223598956951523e-14,-7.796290934545896e-15,1.9647155945342818e-13,2.5402242809224873e-11,-2.235334044600745e-11,8.678401920703126e-12,2.751721694949083e-05,4.9293475967715494e-05,-0.00038606214802712203,-0.05664261430501938,-0.01821688758209348,-0.006085965782403946,60.18198852539062,-36.84199333190918,-749.4121826171875,-112062.64765625,65874.056640625,-12103.18779296875,0.0,0.0,0.0,0.0,0.0,0.0,0.0,0.0,0.0,0.0,0.0,0.0
368,3.68,-1337.6333,863.1346,-1276.91,424.153,-1611.3545,173.20479,-6.902814772688156e-14,8.52768910906901e-15,-3.665433096476135e-14,-4.438205608147533e-12,1.3490212430206788e-11,1.0685093174839232e-11,3.906382953573484e-05,8.672505282447673e-05,-0.000600294372998178,-0.08648991584777832,-0.028068771213293077,-0.00930109741166234,52.48532638549805,-36.637752532958984,-738.1628540039062,-110576.15859375,64651.935546875,-10813.92978515625,0.0,0.0,0.0,0.0,0.0,0.0,0.0,0.0,0.0,0.0,0.0,0.0
369,3.69,-1327.2128,864.3634,-1256.16,427.66,-1583.6381,168.15771,-4.1533518906566e-14,3.7629422588146295e-14,-4.784809890965788e-13,-6.107075782579852e-11,7.900282546213778e-11,1.1294545767398522e-11,4.947531815560069e-05,0.00013276892277644948,-0.0008318050880916416,-0.11786500439047813,-0.03857261836528778,-0.012685586884617805,45.161224365234375,-36.69052238464356,-724.7316650390625,-108782.75546875,63196.305859375,-9603.2662109375,0.0,0.0,0.0,0.0,0.0,0.0,0.0,0.0,0.0,0.0,0.0,0.0
370,3.7,-1317.2747,865.58813,-1235.33,431.793,-1554.8618,162.20052,2.4698226074382277e-14,8.260373857366457e-14,-1.1898729722868706e-12,-1.5233581340812207e-10,1.8200479318108975e-10,9.000546445300795e-12,5.4473926502396354e-05,0.00018137122970074415,-0.0010255971050355584,-0.14254651069641114,-0.047108616679906845,-0.015356874652206897,38.3800464630127,-36.90082626342773,-709.8194885253906,-106773.23671875,61533.87109375,-8490.55166015625,0.0,0.0,0.0,0.0,0.0,0.0,0.0,0.0,0.0,0.0,0.0,0.0
371,3.71,-1307.5726,866.69916,-1215.34,436.016,-1525.2339,155.7145,1.4582300685429643e-13,1.4457738120848136e-13,-2.2061074321511055e-12,-2.8280605496311393e-10,3.2614990708168536e-10,1.7697661451555532e-12,4.741227712656837e-05,0.00021997741714585572,-0.0010863918694667518,-0.14661644548177719,-0.04919084012508392,-0.01581922760233283,32.23309173583984,-37.15804328918457,-694.2412963867188,-104656.1609375,59713.125390625,-7478.68251953125,0.0,0.0,0.0,0.0,0.0,0.0,0.0,0.0,0.0,0.0,0.0,0.0
372,3.72,-1297.7046,867.72943,-1194.96,440.302,-1494.6995,148.69382,3.3633602088307957e-13,2.2050478847360222e-13,-3.5018637729172795e-12,-4.492945654410718e-10,5.058682583936047e-10,-1.2829418560497686e-11,1.9084568475591367e-05,0.0002272644589538686,-0.0008699622878339142,-0.10937115922570229,-0.03808786813169718,-0.011845780164003372,26.724292373657228,-37.387229919433594,-678.8586120605469,-102548.30625,57797.16484375,-6557.17900390625,0.0,0.0,0.0,0.0,0.0,0.0,0.0,0.0,0.0,0.0,0.0,0.0
373,3.73,-1288.3386,868.7584,-1174.43,443.826,-1464.0216,141.49501,6.030403064925804e-13,3.001688822631618e-13,-4.941838691735478e-12,-6.345138692243068e-10,6.993779610997564e-10,-3.72538782808518e-11,-4.185242951280088e-05,0.00017143367003882303,-0.00018136221660824958,-0.003294488406390883,-0.004777018737513572,-0.0004744453530292958,21.77588348388672,-37.576795196533205,-664.4894836425781,-100562.8546875,55852.692578125,-5706.992578125,0.0,0.0,0.0,0.0,0.0,0.0,0.0,0.0,0.0,0.0,0.0,0.0
374,3.74,-1278.6703,869.65643,-1155.18,447.757,-1432.0562,133.93582,9.356927504946405e-13,3.625603750600018e-13,-6.218631946192099e-12,-7.990944295155344e-10,8.600948953052523e-10,-7.325286106862894e-11,-0.0001474028038501274,1.0118852378582232e-05,0.0012128939444664866,0.2038963332772255,0.0614389481022954,0.021773599646985532,17.248852729797363,-37.751002883911134,-651.8044494628906,-98793.91328125,53942.087109375,-4903.537939453125,0.0,0.0,0.0,0.0,0.0,0.0,0.0,0.0,0.0,0.0,0.0,0.0
375,3.75,-1269.2151,870.43677,-1135.92,451.424,-1399.6353,126.25505,1.2940731927875426e-12,3.7216422706185665e-13,-6.785022847385913e-12,-8.728719691486475e-10,9.075754980880646e-10,-1.2066151827694326e-10,-0.00030715803732164206,-0.00030653752764919773,0.0035492888884618877,0.5438060224056244,0.17121742963790892,0.05831009894609451,12.971291828155518,-37.92674789428711,-641.2778503417969,-97307.7875,52118.7828125,-4118.176171875,0.0,0.0,0.0,0.0,0.0,0.0,0.0,0.0,0.0,0.0,0.0,0.0
376,3.76,-1259.5577,871.0954,-1116.83,454.644,-1366.7749,118.61627,1.5920837456544212e-12,2.7620940609577106e-13,-5.7961978099096975e-12,-7.474374785765292e-10,7.203408647349363e-10,-1.756454023893461e-10,-0.0005230663053225725,-0.000827598199248314,0.006997297145426273,1.036987656354904,0.33185606002807616,0.11136565208435059,8.76861310005188,-38.09823226928711,-633.1769287109375,-96143.84296875,50419.63046875,-3320.39287109375,0.0,0.0,0.0,0.0,0.0,0.0,0.0,0.0,0.0,0.0,0.0,0.0
377,3.77,-1249.8108,871.5623,-1098.91,458.4,-1332.8228,110.79651,1.680973177493883e-12,4.6379650709977694e-15,-2.0891179086136857e-12,-2.7343615253971885e-10,1.3456690345359236e-10,-2.284186437218061e-10,-0.0007816198165528476,-0.0015854703262448311,0.011543956957757473,1.6761837244033813,0.5418746918439865,0.18018815219402312,4.502359533309937,-38.226558685302734,-627.6058349609375,-95320.9671875,48858.931640625,-2482.3063720703126,0.0,0.0,0.0,0.0,0.0,0.0,0.0,0.0,0.0,0.0,0.0,0.0
378,3.78,-1240.1088,871.74805,-1081.86,461.877,-1297.7708,103.18538,1.3360271439513683e-12,-5.246309300616786e-13,5.7595755747173735e-12,7.320721223669224e-10,-1.045418762668504e-09,-2.606417220940571e-10,-0.0010434299882035702,-0.0025702075799927115,0.016825705766677856,2.4023173093795775,0.7831880807876587,0.25845973938703537,0.10483600124716759,-38.227626419067384,-624.5979064941406,-94845.8078125,47428.04765625,-1584.0421508789063,0.0,0.0,0.0,0.0,0.0,0.0,0.0,0.0,0.0,0.0,0.0,0.0
379,3.79,-1230.4391,871.7492,-1065.04,465.179,-1262.843,96.00718,2.540942811517753e-13,-1.3917666715282385e-12,1.9240838783352033e-11,2.460962722494742e-09,-3.016926397592101e-09,-2.4299817574791047e-10,-0.0012309361365623773,-0.0036926065804436803,0.02190950755029917,3.073788785934448,1.0110065042972565,0.33099050223827364,-4.417777824401855,-37.9881290435791,-624.156982421875,-94717.4796875,46095.3234375,-616.7025344848632,0.0,0.0,0.0,0.0,0.0,0.0,0.0,0.0,0.0,0.0,0.0,0.0
380,3.8,-1220.1991,871.46014,-1049.36,467.686,-1227.5232,89.31365,-1.9270645300849267e-12,-2.64853250008662e-12,3.951781853139824e-11,5.0633828241331e-09,-5.9196807011829834e-09,-1.3386524805314436e-10,-0.0012162717874161899,-0.004736888781189918,0.0250428294762969,3.4322118282318117,1.1424303889274596,0.37002466022968294,-8.999158811569213,-37.40068359375,-626.2391418457031,-94929.2609375,44801.496875,414.2792491912842,0.0,0.0,0.0,0.0,0.0,0.0,0.0,0.0,0.0,0.0,0.0,0.0
381,3.81,-1210.1316,870.8774,-1033.42,470.021,-1192.1138,83.179214,-5.57296999346979e-12,-4.275537411092823e-12,6.675828292945774e-11,8.562131492695358e-09,-9.738446937745948e-09,1.1947985042743554e-10,-0.0008131747279549017,-0.005307715199887752,0.023420077003538608,3.071788191795349,1.0460201919078826,0.33193106949329376,-13.522610759735107,-36.39986801147461,-630.7004150390625,-95465.490625,43458.6453125,1487.0041015625,0.0,0.0,0.0,0.0,0.0,0.0,0.0,0.0,0.0,0.0,0.0,0.0
382,3.82,-1200.0342,870.3372,-1017.83,471.72,-1156.8789,77.46632,-1.0942946288700072e-11,-6.121063551856043e-12,9.914365925456358e-11,1.2725466813634512e-08,-1.4161496419973219e-08,5.750965537121289e-10,0.00022075225042499368,-0.0047825010959059,0.01305295480415225,1.4251825600862502,0.5364727526903152,0.1556602530181408,-17.83269166946411,-35.005723571777345,-637.2585815429687,-96297.29765625,41951.241015625,2562.8763916015623,0.0,0.0,0.0,0.0,0.0,0.0,0.0,0.0,0.0,0.0,0.0,0.0
383,3.83,-1189.7325,869.4776,-1003.45,472.919,-1121.0854,72.41081,-1.8010038425886333e-11,-7.822923038525164e-12,1.3155471434433962e-10,1.689827726636395e-08,-1.839682362003714e-08,1.2835353280227223e-09,0.0021623582346364857,-0.002288724173558876,-0.011117254045166192,-2.2141827195882797,-0.6191364182159305,-0.2348901042714715,-21.750066375732423,-33.36564674377441,-645.4763610839843,-97383.99609375,40142.161328125,3588.052197265625,0.0,0.0,0.0,0.0,0.0,0.0,0.0,0.0,0.0,0.0,0.0,0.0
384,3.84,-1179.5498,868.55853,-989.296,474.073,-1085.6322,68.123566,-2.6199170090335234e-11,-8.72139539406791e-12,1.5403352898735179e-10,1.9804336837125902e-08,-2.0962863267470767e-08,2.265183041139096e-09,0.005270189186558127,0.003263206149858888,-0.0546717781573534,-8.605906248092651,-2.6745535850524904,-0.921641367673874,-25.106819915771485,-31.75361042022705,-654.7975891113281,-98677.4390625,37889.18203125,4501.32197265625,0.0,0.0,0.0,0.0,0.0,0.0,0.0,0.0,0.0,0.0,0.0,0.0
385,3.85,-1169.021,867.52435,-976.292,474.931,-1049.5839,64.655205,-3.4047016247984454e-11,-7.7816459439356e-12,1.5028435440544996e-10,1.9353248958964286e-08,-1.9494083680626773e-08,3.4755201605563004e-09,0.009687587711960077,0.013049206975847483,-0.12248848974704743,-18.378696346282958,-5.845844984054565,-1.9725944995880127,-27.792431449890138,-30.490218925476075,-664.6132873535156,-100121.71640625,35065.40546875,5250.45869140625,0.0,0.0,0.0,0.0,0.0,0.0,0.0,0.0,0.0,0.0,0.0,0.0
386,3.86,-1157.8116,866.35626,-963.045,474.677,-1016.05176,61.693535,-3.881449779641333e-11,-3.5584614736187265e-12,9.671179031223165e-11,1.2515960579051466e-08,-1.0635382752255395e-08,4.757583660364162e-09,0.015289833303540945,0.028050816617906094,-0.21657586097717285,-31.713219451904298,-10.209294700622559,-3.40775043964386,-29.7573543548584,-29.826821517944335,-674.4053588867188,-101662.65,31583.8244140625,5805.33291015625,0.0,0.0,0.0,0.0,0.0,0.0,0.0,0.0,0.0,0.0,0.0,0.0
387,3.87,-1146.787,865.2009,-950.601,474.376,-981.5778,59.563496,-3.612650283091323e-11,5.745897242162221e-12,-3.7200526860348136e-11,-4.628091787584054e-09,9.85840169498431e-09,5.78419991903445e-09,0.021469596773386,0.04856947287917137,-0.3327466696500778,-47.86367416381836,-15.546003818511963,-5.147655200958252,-31.00262622833252,-29.873297119140624,-683.9202758789063,-103267.5078125,27419.280859375,6162.36826171875,0.0,0.0,0.0,0.0,0.0,0.0,0.0,0.0,0.0,0.0,0.0,0.0
388,3.88,-1135.7247,863.8509,-938.607,473.565,-948.4547,58.180737,-1.9775516901104905e-11,2.2060679498447922e-11,-2.8602227392093835e-10,-3.65247817768477e-08,4.6654943197665946e-08,5.998132213136387e-09,0.0268685732036829,0.07349188961088657,-0.4560610204935074,-64.51319694519043,-21.130759239196777,-6.944019603729248,-31.607756233215333,-30.588800048828126,-693.2283081054687,-104933.66171875,22616.72265625,6345.658544921875,0.0,0.0,0.0,0.0,0.0,0.0,0.0,0.0,0.0,0.0,0.0,0.0
389,3.89,-1124.1786,862.5121,-927.012,472.376,-915.86127,57.57628,1.8095696300993516e-11,4.6976564652134735e-11,-6.815543962535031e-10,-8.727173295142165e-08,1.0380556076938774e-07,4.566602251898644e-09,0.029087162204086782,0.09929793030023575,-0.5552808344364166,-77.00492248535156,-25.477605247497557,-8.296866273880005,-31.751183700561523,-31.80588569641113,-702.6561584472656,-106682.5265625,17285.742578125,6405.01484375,0.0,0.0,0.0,0.0,0.0,0.0,0.0,0.0,0.0,0.0,0.0,0.0
390,3.9,-1112.6615,861.06,-915.988,471.005,-885.0446,57.43003,8.613094924780906e-11,8.093625908367485e-11,-1.2404221316764109e-09,-1.5902770513775977e-07,1.829158392752106e-07,3.7775535755013577e-10,0.02444088887423277,0.11887352913618088,-0.5771109461784363,-77.5680534362793,-26.07961711883545,-8.37101216316223,-31.70361747741699,-33.291748046875,-712.6524841308594,-108543.9609375,11585.1873046875,6408.4796875,0.0,0.0,0.0,0.0,0.0,0.0,0.0,0.0,0.0,0.0,0.0,0.0
391,3.91,-1100.4266,859.5851,-905.32,468.917,-855.59283,57.873943,1.918407016576751e-10,1.2201486696006292e-10,-1.9446340648876514e-09,-2.4951804675765745e-07,2.8034317836045373e-07,-7.880250119107757e-09,0.00788269800832495,0.12031030654907227,-0.4417989939451218,-54.77271614074707,-19.21756010055542,-5.936970973014832,-31.798781394958496,-34.814640045166016,-723.6422668457031,-110537.82578125,5702.5064453125,6430.533056640625,0.0,0.0,0.0,0.0,0.0,0.0,0.0,0.0,0.0,0.0,0.0,0.0
392,3.92,-1088.2207,858.2002,-894.026,466.972,-827.0724,58.61999,3.38219460771505e-10,1.642785241173783e-10,-2.7144571479453815e-09,-3.485517652279668e-07,3.8336629870627803e-07,-2.1503934100053355e-08,-0.026728429598733783,0.08604901172220707,-0.04273171294480562,6.402729654312134,0.03862960338592529,0.6224629297852516,-32.394873046875,-36.17658576965332,-735.9017822265625,-112661.5171875,-168.17707443237305,6542.492333984375,0.0,0.0,0.0,0.0,0.0,0.0,0.0,0.0,0.0,0.0,0.0,0.0
393,3.93,-1075.5859,856.786,-883.472,464.919,-799.89813,60.150116,5.18562015550117e-10,1.958289003178848e-10,-3.3747108663106928e-09,-4.33689794476777e-07,4.655359873595444e-07,-4.1360729241546326e-08,-0.0857684463262558,-0.00704492381773889,0.7460771083831788,123.33457717895507,37.45407123565674,13.180012226104736,-33.85229263305664,-37.218435287475586,-749.4767639160157,-114889.4828125,-5837.6826171875,6808.825341796875,0.0,0.0,0.0,0.0,0.0,0.0,0.0,0.0,0.0,0.0,0.0,0.0
394,3.94,-1062.8224,855.4935,-872.915,462.862,-774.79535,61.678806,7.093754195164337e-10,1.9683929486369323e-10,-3.6186508456381715e-09,-4.6559813711155583e-07,4.818667349582029e-07,-6.721691470090718e-08,-0.1741062343120575,-0.1858174331486225,2.0494659543037415,312.6241149902344,98.64135437011718,33.52826347351074,-36.527640151977536,-37.83019790649414,-764.1747436523438,-117176.80234375,-11130.54033203125,7285.77177734375,0.0,0.0,0.0,0.0,0.0,0.0,0.0,0.0,0.0,0.0,0.0,0.0
395,3.95,-1050.3431,854.16644,-861.639,460.948,-751.9767,62.84419,8.617726365844902e-10,1.3817941998950368e-10,-2.978291502309105e-09,-3.842192143110879e-07,3.651997843689969e-07,-9.677047643208426e-08,-0.29218190163373947,-0.4760598748922348,3.9515939235687254,584.2532989501954,187.18800201416016,62.751953506469725,-40.73173942565918,-37.97405242919922,-779.5822875976562,-119460.396875,-15897.99345703125,8014.007470703125,0.0,0.0,0.0,0.0,0.0,0.0,0.0,0.0,0.0,0.0,0.0,0.0
396,3.96,-1037.3807,852.9632,-851.538,458.965,-730.162,64.58776,8.925659489289472e-10,-1.8392320262280993e-11,-8.163836363872523e-10,-1.0771271146126082e-07,2.5963394456596232e-08,-1.2440837551253026e-07,-0.4316920131444931,-0.8935704946517944,6.431633710861206,932.264208984375,301.64061737060547,100.22592468261719,-46.64879112243652,-37.69728889465332,-795.0419189453125,-121651.47109375,-20033.97109375,9008.02978515625,0.0,0.0,0.0,0.0,0.0,0.0,0.0,0.0,0.0,0.0,0.0,0.0
397,3.97,-1024.9855,851.79535,-841.167,457.041,-710.953,65.36542,6.775196126351802e-10,-3.170487677950362e-10,3.6370484512993075e-09,4.628938313544495e-07,-6.413905680346943e-07,-1.398108054218028e-07,-0.5698960721492767,-1.4298588037490845,9.271115922927857,1321.5520751953125,431.1956329345703,142.19412231445312,-54.28162117004395,-37.10385971069336,-809.659765625,-123632.1515625,-23487.8974609375,10253.07998046875,0.0,0.0,0.0,0.0,0.0,0.0,0.0,0.0,0.0,0.0,0.0,0.0
398,3.98,-1012.5387,850.60406,-830.88,455.256,-693.8169,65.90957,5.0877764501411346e-11,-7.998865070302231e-10,1.1172812364179663e-08,1.4293897095285501e-06,-1.7409553606739792e-06,-1.266880062189557e-07,-0.6629967153072357,-2.0318403601646424,11.934708404541016,1671.1728759765624,550.2033020019531,179.97188568115234,-63.4601448059082,-36.30611038208008,-822.3994567871093,-125264.0921875,-26264.275390625,11708.50185546875,0.0,0.0,0.0,0.0,0.0,0.0,0.0,0.0,0.0,0.0,0.0,0.0
399,3.99,-1000.0299,849.5521,-820.189,453.633,-678.51855,65.898636,-1.1827657742102815e-09,-1.4920013446939607e-09,2.237864737963946e-08,2.867689818231156e-06,-3.34193712205888e-06,-6.216370787015535e-08,-0.6397582828998566,-2.576104831695557,13.436082935333252,1836.0162231445313,612.0579650878906,197.96993408203124,-73.87291641235352,-35.38386116027832,-832.1896728515625,-126401.63359375,-28409.8451171875,13313.7392578125,0.0,0.0,0.0,0.0,0.0,0.0,0.0,0.0,0.0,0.0,0.0,0.0
400,4.0,-987.39844,848.70526,-808.436,452.338,-665.9804,64.857445,-3.2162646546041175e-09,-2.377716468160429e-09,3.7266585195538934e-08,4.780036533702514e-06,-5.42441912330105e-06,8.239463643588962e-08,-0.3975542768836021,-2.8405614852905274,12.21610746383667,1590.9471801757813,543.7766418457031,171.97989959716796,-85.11511840820313,-34.367667770385744,-838.0198791503906,-126908.18359375,-29990.6140625,14997.3166015625,0.0,0.0,0.0,0.0,0.0,0.0,0.0,0.0,0.0,0.0,0.0,0.0
401,4.01,-974.923,847.9965,-796.347,451.4,-655.3341,63.213207,-6.178115130595074e-09,-3.3669354193577305e-09,5.472597415234759e-08,7.024789920251351e-06,-7.801395440765191e-06,3.379893996680039e-07,0.1956472709774971,-2.479720211029053,6.082509589195252,624.6286376953125,243.58587951660155,68.49691600799561,-96.7578857421875,-33.24372863769531,-838.9994567871094,-126669.13046875,-31072.928515625,16688.061328125,0.0,0.0,0.0,0.0,0.0,0.0,0.0,0.0,0.0,0.0,0.0,0.0
402,4.02,-962.3954,847.19824,-783.868,450.572,-646.439,60.930492,-1.0032149511118859e-08,-4.252664131954021e-09,7.180612229262807e-08,9.224272980645765e-06,-1.0018690409197006e-05,7.306807844997821e-07,1.2883682310581208,-1.0146510764956473,-7.712400036305189,-1445.9355163574219,-414.90164985656736,-153.7341251373291,-108.3655403137207,-31.964148330688477,-834.3535888671875,-125589.91171875,-31711.1849609375,18317.201171875,0.0,0.0,0.0,0.0,0.0,0.0,0.0,0.0,0.0,0.0,0.0,0.0
403,4.03,-949.19257,846.8279,-770.993,449.768,-639.95483,57.6029,-1.4433291184445806e-08,-4.664451758173982e-09,8.288871455874869e-08,1.0658356313797412e-05,-1.1242724485782674e-05,1.2688968467955418e-06,3.0154385328292848,2.145432209968567,-32.149597549438475,-5025.064526367188,-1566.9886474609375,-538.3260467529296,-119.49557113647461,-30.45634365081787,-823.3720581054688,-123585.621875,-31941.71875,19817.7955078125,0.0,0.0,0.0,0.0,0.0,0.0,0.0,0.0,0.0,0.0,0.0,0.0
404,4.04,-935.63464,846.5176,-758.656,448.653,-635.5521,53.69498,-1.8542329094373146e-08,-4.0282380986411684e-09,7.89008545609704e-08,1.0163091337744845e-05,-1.0159218800254165e-05,1.9241993300056493e-06,5.443549919128418,7.626772499084472,-69.74538841247559,-10433.997509765624,-3323.6345947265627,-1120.0421630859375,-129.67963027954102,-28.637010765075683,-805.3514099121094,-120568.128125,-31781.4375,21122.54140625,0.0,0.0,0.0,0.0,0.0,0.0,0.0,0.0,0.0,0.0,0.0,0.0
405,4.05,-921.68286,846.38983,-746.013,447.713,-633.2806,50.01129,-2.0818092316687852e-08,-1.5510188591805196e-09,4.684948482491791e-08,6.070378572076152e-06,-4.924364753833288e-06,2.6052530756714985e-06,8.486420106887817,15.931652927398682,-121.33800048828125,-17733.5673828125,-5714.31328125,-1905.7390869140625,-138.38551330566406,-26.42676124572754,-779.5728820800781,-116440.09453125,-31230.936328125,22158.8408203125,0.0,0.0,0.0,0.0,0.0,0.0,0.0,0.0,0.0,0.0,0.0,0.0
406,4.06,-907.34644,846.41486,-733.928,446.352,-631.7665,46.40411,-1.8829704373501953e-08,3.7415260167872335e-09,-2.987622149674962e-08,-3.7540232995070253e-06,6.767008163421906e-06,3.126603201053513e-06,11.789381980895996,27.16805305480957,-184.3030990600586,-26468.1068359375,-8603.3828125,-2846.33173828125,-144.98650360107422,-23.76722297668457,-745.3107116699218,-111097.6375,-30281.990234375,22844.5935546875,0.0,0.0,0.0,0.0,0.0,0.0,0.0,0.0,0.0,0.0,0.0,0.0
407,4.07,-892.6295,847.07837,-724.123,445.079,-628.9612,44.65737,-9.165683578782335e-09,1.2876055688337829e-08,-1.6980286190459993e-07,-2.1693058806704356e-05,2.740682739386102e-05,3.1769767929290536e-06,14.648795986175537,40.70929107666016,-251.52981414794922,-35535.248828125,-11639.77861328125,-3811.0263916015624,-148.75604705810548,-20.643852043151856,-701.9123168945313,-104445.49140625,-28925.10859375,23088.0236328125,0.0,0.0,0.0,0.0,0.0,0.0,0.0,0.0,0.0,0.0,0.0,0.0
408,4.08,-877.64075,849.0284,-716.534,445.104,-621.462,45.263145,1.2440715044248486e-08,2.666476142110241e-08,-3.894747010235733e-07,-4.9879149810294623e-05,5.9082543157273906e-05,2.2964211325415816e-06,16.25138130187988,55.0814884185791,-315.37207946777346,-43812.83046875,-14438.1609375,-4617.598583984375,-148.91896209716796,-17.103976917266845,-649.0046142578125,-96428.49375,-27159.6642578125,22795.828125,0.0,0.0,0.0,0.0,0.0,0.0,0.0,0.0,0.0,0.0,0.0,0.0
409,4.09,-862.7562,851.6277,-706.937,446.963,-613.994,46.983665,5.060447563209891e-08,4.525283792133905e-08,-6.964876376969187e-07,-8.930102849262767e-05,0.00010245253070024773,-1.2233853965426534e-07,16.133456707000732,68.39915161132812,-371.862451171875,-50775.30234375,-16784.0064453125,-5118.337939453125,-144.76263885498048,-13.26504201889038,-586.8012268066407,-87075.640625,-25007.019140625,21888.54296875,0.0,0.0,0.0,0.0,0.0,0.0,0.0,0.0,0.0,0.0,0.0,0.0
410,4.1,-848.0439,854.71625,-695.289,449.126,-611.7337,47.142456,1.091960903920608e-07,6.744435552263894e-08,-1.0787055998662255e-06,-0.00013841999752912671,0.00015519474691245706,-4.785887904290576e-06,14.240841960906982,79.41645965576171,-420.3813537597656,-56372.41640625,-18626.7599609375,-5252.509716796875,-135.8050338745117,-9.313194465637206,-516.3946533203125,-76540.2515625,-22518.6396484375,20321.3732421875,0.0,0.0,0.0,0.0,0.0,0.0,0.0,0.0,0.0,0.0,0.0,0.0
411,4.11,-834.30804,858.14374,-682.416,451.38,-611.59546,46.384415,1.8944695341360783e-07,8.980503451994082e-08,-1.4893782463332172e-06,-0.0001912587715196423,0.0002099094956065528,-1.2376220365695189e-05,10.778459930419922,88.21477355957032,-462.4910552978516,-60805.881640625,-20027.6728515625,-5054.217919921875,-122.00590515136719,-5.487200784683227,-439.9419342041016,-65125.247265625,-19777.3919921875,18107.9296875,0.0,0.0,0.0,0.0,0.0,0.0,0.0,0.0,0.0,0.0,0.0,0.0
412,4.12,-821.25,861.4942,-670.374,453.274,-611.87494,45.637962,2.870797231935285e-07,1.0560772878420721e-07,-1.8288754176865042e-06,-0.00023505393764935433,0.00025160672958008946,-2.331748455617344e-05,6.096371579170227,95.49406509399414,-500.6406555175781,-64376.58046875,-21102.876171875,-4606.720751953125,-103.97791595458985,-2.0352857768535615,-360.6941650390625,-53292.60078125,-16894.14873046875,15344.61865234375,0.0,0.0,0.0,0.0,0.0,0.0,0.0,0.0,0.0,0.0,0.0,0.0
413,4.13,-808.91724,864.4058,-659.746,454.739,-611.9668,45.03121,3.884273411358663e-07,1.0379697101825514e-07,-1.9254719177297376e-06,-0.00024778321967460214,0.00025516034220345317,-3.740204010682646e-05,0.615049421787262,101.6639617919922,-537.1819580078125,-67405.10546875,-21980.5056640625,-3992.7863037109373,-83.11147689819336,0.8256144098937511,-282.78241271972655,-41641.458203125,-13997.89501953125,12227.80966796875,0.0,0.0,0.0,0.0,0.0,0.0,0.0,0.0,0.0,0.0,0.0,0.0
414,4.14,-796.8581,867.0196,-649.628,456.055,-610.3666,44.863373,4.6578170724842495e-07,6.830947221203588e-08,-1.5202035228867316e-06,-0.00019621075625764206,0.00018348150042584165,-5.325821548467502e-05,-5.200091981887818,106.74132385253907,-573.40947265625,-70129.15390625,-22761.7080078125,-3283.914990234375,-61.47932586669922,2.9290769577026365,-210.6131149291992,-30822.866796875,-11214.191015625,9044.327880859375,0.0,0.0,0.0,0.0,0.0,0.0,0.0,0.0,0.0,0.0,0.0,0.0
415,4.15,-784.72327,869.455,-640.335,457.032,-608.9727,44.784576,4.726774648133869e-07,-2.170424909797575e-08,-2.643012756209373e-07,-3.554164591150766e-05,-1.2346984294708819e-05,-6.767432059859858e-05,-10.856938552856445,110.49769134521485,-609.1849426269531,-72651.57265625,-23499.94765625,-2539.38330078125,-41.364135360717775,4.183269500732422,-147.92451248168945,-21401.0033203125,-8643.702294921875,6110.600927734375,0.0,0.0,0.0,0.0,0.0,0.0,0.0,0.0,0.0,0.0,0.0,0.0
416,4.16,-772.94354,871.6033,-631.899,457.879,-607.88403,44.810116,3.405023690561393e-07,-1.8997502095885466e-07,2.258137214994349e-06,0.0002876895923691336,-0.000389166793320328,-7.485148016712628e-05,-15.910577487945556,112.60887069702149,-643.5918029785156,-74996.87578125,-24212.673828125,-1802.685205078125,-24.54322166442871,4.619560241699219,-96.92397003173828,-13723.02236328125,-6353.215576171875,3673.4140869140624,0.0,0.0,0.0,0.0,0.0,0.0,0.0,0.0,0.0,0.0,0.0,0.0
417,4.17,-761.0785,873.72394,-624.483,458.522,-607.3216,44.835014,-2.127002876051165e-08,-4.585252611377655e-07,6.465406022471143e-06,0.0008273343439213932,-0.001001715543679893,-6.574817452928983e-05,-20.064834594726562,112.86331176757812,-675.4959655761719,-77149.54296875,-24892.1822265625,-1106.0864135742188,-11.878726863861084,4.398510360717774,-57.971051406860354,-7870.05283203125,-4384.287890625,1849.691015625,0.0,0.0,0.0,0.0,0.0,0.0,0.0,0.0,0.0,0.0,0.0,0.0
418,4.18,-748.8603,875.8104,-618.082,458.416,-607.49414,44.63999,-7.178789303452504e-07,-8.392742017804267e-07,1.265161945411819e-05,0.0016214088303968311,-0.0018837829818949103,-2.7804988820889776e-05,-23.243399620056152,111.2377197265625,-703.8559143066407,-79070.1078125,-25511.8384765625,-470.6949432373047,-3.3393979549407957,3.7631562471389772,-30.05092258453369,-3706.948095703125,-2768.377685546875,629.3995727539062,0.0,0.0,0.0,0.0,0.0,0.0,0.0,0.0,0.0,0.0,0.0,0.0
419,4.19,-737.0126,877.92566,-612.755,458.725,-607.39154,44.91412,-1.8507477875573385e-06,-1.320833086992934e-06,2.0778945690835825e-05,0.0026654421351850035,-0.0030180367175489664,5.450691442092648e-05,-25.530813789367677,107.88154296875,-727.9529541015625,-80713.1796875,-26039.3091796875,93.30937252044677,1.701422757282853,2.971096229553223,-11.478996515274048,-974.4796058654786,-1520.2390991210937,-85.10575332641602,0.0,0.0,0.0,0.0,0.0,0.0,0.0,0.0,0.0,0.0,0.0,0.0
420,4.2,-724.72144,879.7772,-608.421,458.656,-606.89954,45.287136,-3.482646638985898e-06,-1.850018009008636e-06,3.017601920873858e-05,0.0038737614173442124,-0.004293118556961417,0.00019770527142100037,-27.06663398742676,103.07883682250977,-747.3996398925781,-82027.83203125,-26446.419921875,583.0489013671875,4.112093043327332,2.222363305091858,-0.35124099254608154,629.2356674194336,-628.0642333984375,-426.59992065429685,0.0,0.0,0.0,0.0,0.0,0.0,0.0,0.0,0.0,0.0,0.0,0.0
421,4.21,-713.3009,881.5306,-604.237,458.534,-606.94415,45.288105,-5.58188417016936e-06,-2.3087899535312316e-06,3.91468704037834e-05,0.005029249470680952,-0.005449214251711965,0.0004151426343014464,-28.000408363342284,97.16739501953126,-762.0999938964844,-82962.06015625,-26712.946875,1000.1414794921875,4.767522287368775,1.6181301116943358,5.239350819587708,1406.0234497070312,-52.36904773712158,-523.0411376953125,0.0,0.0,0.0,0.0,0.0,0.0,0.0,0.0,0.0,0.0,0.0,0.0
422,4.22,-701.5912,883.17926,-599.881,458.212,-606.8189,45.21151,-7.942929960336187e-06,-2.489408075234678e-06,4.452640023373533e-05,0.005726178176701069,-0.006017980212345719,0.0007099071983247996,-28.505002403259276,90.47926788330078,-772.1894653320312,-83468.73984375,-26824.83046875,1351.4791748046875,4.41073956489563,1.1829159736633301,7.087302827835083,1632.6402709960937,269.78279571533204,-479.19952087402345,0.0,0.0,0.0,0.0,0.0,0.0,0.0,0.0,0.0,0.0,0.0,0.0
423,4.23,-690.4324,884.8287,-595.836,458.1,-606.4892,45.149456,-1.0085671237902716e-05,-2.073764119359112e-06,4.126882668060716e-05,0.005317182838916778,-0.005270009953528642,0.0010641855420544743,-28.77461967468262,83.30510787963867,-777.9262573242188,-83509.1625,-26772.2333984375,1650.2187255859376,3.588266134262085,0.9017328202724457,6.704276084899902,1536.3704223632812,408.7109832763672,-371.3141571044922,0.0,0.0,0.0,0.0,0.0,0.0,0.0,0.0,0.0,0.0,0.0,0.0
424,4.24,-679.6526,886.0782,-591.85,457.862,-606.42096,45.24512,-1.1144169548060745e-05,-6.272065050438869e-07,2.222701614300604e-05,0.0028846199973486366,-0.0021931267154286617,0.0014250251115299761,-28.997866249084474,75.87009735107422,-779.5969665527343,-83056.33046875,-26549.1318359375,1914.7646118164062,2.656382918357849,0.7429869711399079,5.213562393188477,1284.8686157226562,428.1222747802734,-248.68005828857423,0.0,0.0,0.0,0.0,0.0,0.0,0.0,0.0,0.0,0.0,0.0,0.0
425,4.25,-669.1643,887.3131,-588.388,457.67,-606.3811,45.35571,-9.769274402060547e-06,2.3775695012773213e-06,-2.1629253103583325e-05,-0.002731859087361954,0.00446271687396802,0.0016874841880053283,-29.33541088104248,68.34291915893554,-777.4712280273437,-82094.05234375,-26153.9669921875,2165.391748046875,1.8157841205596923,0.6725576043128967,3.371730923652649,989.272998046875,379.9221435546875,-138.91681671142578,0.0,0.0,0.0,0.0,0.0,0.0,0.0,0.0,0.0,0.0,0.0,0.0
426,4.26,-658.8729,888.52106,-584.296,457.526,-606.31354,45.524094,-4.088156232739948e-06,7.4855513958027585e-06,-0.0001002090848487569,-0.012806968064978719,0.01602490870282054,0.0016778918099589646,-29.90428924560547,60.87907600402832,-771.8141479492188,-80613.93828125,-25590.883984375,2419.0739990234374,1.1552567958831788,0.6575770318508148,1.6289465069770812,714.8501953125,303.2859649658203,-53.99764213562012,0.0,0.0,0.0,0.0,0.0,0.0,0.0,0.0,0.0,0.0,0.0,0.0
427,4.27,-649.53735,889.58453,-580.569,457.434,-606.119,45.6131,8.213057105876942e-06,1.510824713477632e-05,-0.00022207797155715525,-0.02844510804861784,0.033562342077493666,0.0011424803466070443,-30.758563995361328,53.65755500793457,-762.97373046875,-78617.6765625,-24873.3583984375,2684.6598876953126,0.6914835810661316,0.6703271269798279,0.20388684747740626,492.4340789794922,224.58765258789063,4.034286046028138,0.0,0.0,0.0,0.0,0.0,0.0,0.0,0.0,0.0,0.0,0.0,0.0
428,4.28,-640.56384,890.4538,-576.702,457.239,-606.58453,45.773293,2.9592832652269864e-05,2.5270989317505156e-05,-0.00039055180677678437,-0.05007952377200127,0.05731228664517403,-0.0002500412454537582,-31.877668952941896,46.87551574707031,-751.4752624511718,-76125.74765625,-24027.873046875,2960.820849609375,0.40128659904003144,0.6903586030006409,-0.8299960851669311,329.7181640625,158.21602783203124,38.40887222290039,0.0,0.0,0.0,0.0,0.0,0.0,0.0,0.0,0.0,0.0,0.0,0.0
429,4.29,-630.92596,891.2507,-573.303,457.127,-606.1383,46.174736,6.203350640134885e-05,3.724071611941326e-05,-0.0005977218796033412,-0.07670551240444183,0.08582253605127335,-0.002879609924275428,-33.16837043762207,40.71074333190918,-738.0543090820313,-73186.5796875,-23095.03203125,3236.413720703125,0.24386885166168212,0.7045812845230103,-1.4978017449378966,221.45745239257812,110.03756408691406,54.856919860839845,0.0,0.0,0.0,0.0,0.0,0.0,0.0,0.0,0.0,0.0,0.0,0.0
430,4.3,-622.1489,892.02783,-569.704,457.127,-606.08484,46.329002,0.0001059814436302986,4.903608496533707e-05,-0.0008162985206581653,-0.1048329547047615,0.11480441242456436,-0.007103698002174497,-34.46941986083984,35.28549041748047,-723.6200622558594,-69879.58828125,-22128.016015625,3491.3321044921877,0.17530658692121506,0.708489590883255,-1.880359673500061,156.75149688720703,79.62267456054687,59.32154006958008,0.0,0.0,0.0,0.0,0.0,0.0,0.0,0.0,0.0,0.0,0.0,0.0
431,4.31,-613.1056,892.8006,-565.856,457.197,-606.9983,46.51199,0.00015876015822868794,5.685975302185398e-05,-0.000989727006526664,-0.12721584886312484,0.13577695339918136,-0.01312601650133729,-35.56247749328613,30.637682723999024,-709.1640380859375,-66309.90234375,-21188.465234375,3697.9678955078125,0.15845441073179245,0.7054466724395752,-2.0757883071899412,123.4173210144043,62.42964248657226,56.89261894226074,0.0,0.0,0.0,0.0,0.0,0.0,0.0,0.0,0.0,0.0,0.0,0.0
432,4.32,-603.3136,893.2969,-562.296,456.923,-606.8352,46.377937,0.00021244772797217592,5.455423633975443e-05,-0.0010219896386843175,-0.13153969943523408,0.13472288474440575,-0.020788681134581564,-36.20680885314941,26.69922790527344,-695.6237731933594,-62595.631640625,-20337.6171875,3826.115283203125,0.16701708287000655,0.7018535017967225,-2.163558530807495,110.34412536621093,52.46237754821777,51.414193344116214,0.0,0.0,0.0,0.0,0.0,0.0,0.0,0.0,0.0,0.0,0.0,0.0
433,4.33,-592.936,893.6005,-558.998,456.752,-606.37537,46.597385,0.00025136676267720757,3.327117447042838e-05,-0.0007699384703300893,-0.09943138286471367,0.09118137434124947,-0.029279614426195623,-36.20000457763672,23.30587558746338,-683.7238098144531,-58847.962890625,-19624.324609375,3850.6029541015623,0.18782664388418197,0.7008033692836761,-2.1903573989868166,109.07815170288086,45.198107147216795,45.2676643371582,0.0,0.0,0.0,0.0,0.0,0.0,0.0,0.0,0.0,0.0,0.0,0.0
434,4.34,-582.571,893.81055,-555.217,456.399,-607.05524,46.65938,0.00024959440634120256,-1.8342756382594418e-05,-4.2908369505312296e-05,-0.006400508573278785,-0.021530767669901252,-0.03676532730460167,-35.43575782775879,20.25057888031006,-673.8492980957031,-55148.878515625,-19075.2884765625,3757.7737060546874,0.21572047024965285,0.7014902114868165,-2.1810806035995483,114.097509765625,39.12120513916015,39.92678108215332,0.0,0.0,0.0,0.0,0.0,0.0,0.0,0.0,0.0,0.0,0.0,0.0
435,4.35,-572.9549,893.75665,-552.21,456.167,-606.93085,46.963875,0.00016927797259995713,-0.00011301298145554029,0.0013834005978424103,0.1763904370367527,-0.23397281542420387,-0.039991742372512816,-33.93951683044433,17.351098251342773,-666.0297729492188,-51538.600390625,-18691.866796875,3548.8533447265627,0.24535030275583267,0.7014740645885468,-2.1442407846450804,121.95038070678712,34.19978294372559,35.715515518188475,0.0,0.0,0.0,0.0,0.0,0.0,0.0,0.0,0.0,0.0,0.0,0.0
436,4.36,-562.95856,893.59155,-548.803,455.764,-606.8877,47.044113,-3.896449961757753e-05,-0.00026221257139695807,0.0037295812973752616,0.4773467034101486,-0.5748259425163269,-0.03394587635993958,-31.872802734375,14.494420433044434,-660.0351806640625,-48017.898046875,-18453.505078125,3240.384814453125,0.2717681348323822,0.6982027053833008,-2.0758976221084593,129.7227912902832,31.165937995910646,32.17399845123291,0.0,0.0,0.0,0.0,0.0,0.0,0.0,0.0,0.0,0.0,0.0,0.0
437,4.37,-552.9386,893.175,-545.538,455.164,-606.4625,47.141087,-0.0004317149447160773,-0.00047144690179266033,0.0071410821750760075,0.915284949541092,-1.0602876007556916,-0.011739958892576396,-29.518018531799317,11.643130016326904,-655.5277160644531,-44561.765234375,-18323.849609375,2862.8187255859375,0.29349607825279234,0.6911281764507293,-1.9762816786766053,135.9735092163086,30.386272430419922,28.89686508178711,0.0,0.0,0.0,0.0,0.0,0.0,0.0,0.0,0.0,0.0,0.0,0.0
438,4.38,-544.0696,893.24207,-541.603,455.527,-606.45746,47.32891,-0.0010621231107506902,-0.0007329266634769737,0.011572500504553319,1.4845897436141968,-1.6773025274276734,0.035036367177963254,-27.218113517761232,8.815407419204712,-652.1996337890625,-41136.90546875,-18258.9490234375,2454.7701904296873,0.3112182796001434,0.6815228819847107,-1.863230538368225,140.45752716064453,31.852722549438475,25.885969352722167,0.0,0.0,0.0,0.0,0.0,0.0,0.0,0.0,0.0,0.0,0.0,0.0
439,4.39,-534.4369,892.6778,-539.321,455.422,-605.51276,47.53057,-0.0019602983840741215,-0.0010154212592169642,0.016621469240635633,2.133887541294098,-2.3599793672561646,0.11516257226467133,-25.274126243591308,6.0595954895019535,-649.8422912597656,-37712.1203125,-18216.716015625,2052.320031738281,0.32530640363693236,0.6704405725002289,-1.757389771938324,143.58332061767578,35.26706237792969,23.350230407714843,0.0,0.0,0.0,0.0,0.0,0.0,0.0,0.0,0.0,0.0,0.0,0.0
440,4.4,-524.3621,892.0511,-535.794,455.02,-605.9333,47.80794,-0.003102294448763132,-0.0012517570285126567,0.02131572924554348,2.7386890172958376,-2.9600252866744996,0.23543159961700438,-23.882092094421388,3.4408661365509032,-648.378759765625,-34261.6189453125,-18164.2876953125,1681.472509765625,0.3360193699598312,0.6592621743679047,-1.6756157279014587,145.31519775390626,39.25845947265625,21.28024253845215,0.0,0.0,0.0,0.0,0.0,0.0,0.0,0.0,0.0,0.0,0.0,0.0
441,4.41,-514.8491,891.43085,-532.584,454.716,-605.45807,48.038227,-0.0043664743890985845,-0.0013255879399366676,0.02387479245662689,3.0707350969314575,-3.2146595239639284,0.3966831475496292,-23.123996543884278,1.0342544961720705,-647.8791687011719,-30765.956640625,-18082.4435546875,1356.330419921875,0.3435177177190781,0.6501498460769654,-1.62491295337677,145.72176971435547,42.826615524291995,19.631685256958008,0.0,0.0,0.0,0.0,0.0,0.0,0.0,0.0,0.0,0.0,0.0,0.0
442,4.42,-505.4347,890.39056,-529.01,454.106,-605.5225,48.20919,-0.005478787934407592,-0.0010608270822558552,0.021495620347559453,2.7703739166259767,-2.7195096969604493,0.5879272311925888,-22.97620849609375,-1.0834808260202409,-648.5452819824219,-27211.750390625,-17967.624609375,1079.2951049804688,0.34945404529571533,0.6435557246208191,-1.6064379930496215,145.6761947631836,45.831734085083006,18.949869537353514,0.0,0.0,0.0,0.0,0.0,0.0,0.0,0.0,0.0,0.0,0.0,0.0
443,4.43,-495.6208,889.47766,-524.938,453.515,-606.00653,48.29654,-0.0059533487539738415,-0.0002195040782680735,0.010250986635219306,1.333339810371399,-0.9195399891585112,0.7785658895969391,-23.329108238220215,-2.8493096351623537,-650.6725402832031,-23591.821484375,-17830.9564453125,842.6682373046875,0.3550951987504959,0.6376553177833557,-1.6226728439331055,146.26168365478514,48.864234924316406,19.65932960510254,0.0,0.0,0.0,0.0,0.0,0.0,0.0,0.0,0.0,0.0,0.0,0.0
444,4.44,-485.79498,888.5945,-521.042,453.186,-605.80426,48.620567,-0.00504218190908432,0.001483339467085898,-0.014761832600925118,-1.870404901355505,2.8621808886528015,0.9093137621879578,-24.01777591705322,-4.242614722251892,-654.5872863769531,-19907.22890625,-17692.8263671875,631.968798828125,0.359616294503212,0.6297118663787842,-1.6590556979179383,148.01632690429688,51.21016235351563,21.765874671936036,0.0,0.0,0.0,0.0,0.0,0.0,0.0,0.0,0.0,0.0,0.0,0.0
445,4.45,-476.203,887.5915,-517.532,452.835,-605.0239,49.0744,-0.001718268868717132,0.0043362276395782825,-0.05883161872625351,-7.521312570571899,9.331020021438599,0.8833863198757171,-24.865924072265624,-5.316735935211182,-660.5641662597657,-16169.512890625,-17575.2078125,430.1689025878906,0.3607086896896362,0.6180797159671784,-1.6966580510139466,151.0376937866211,52.539603042602536,24.97494831085205,0.0,0.0,0.0,0.0,0.0,0.0,0.0,0.0,0.0,0.0,0.0,0.0
446,4.46,-467.05524,886.58215,-512.973,452.168,-605.3449,49.319748,0.005271465179976076,0.008545752940699458,-0.12636864930391312,-16.188253116607665,19.030371570587157,0.5609217524528504,-25.72602787017822,-6.2096508026123045,-668.7633178710937,-12403.94541015625,-17495.9341796875,222.0498146057129,0.3565248936414719,0.6031252086162567,-1.7132763266563416,154.64153900146485,53.39137077331543,28.234800720214842,0.0,0.0,0.0,0.0,0.0,0.0,0.0,0.0,0.0,0.0,0.0,0.0
447,4.47,-457.23322,885.59424,-508.10904,451.536,-605.25433,49.628063,0.01723354049026966,0.014095634501427413,-0.21871738135814667,-28.04801788330078,32.02144927978516,-0.2385933507233858,-26.49665927886963,-7.132662200927735,-679.2427734375,-8656.3685546875,-17467.9248046875,-2.546728324890137,0.3474798858165741,0.5859396040439606,-1.6954307794570922,157.38009338378907,53.41455307006836,30.5695011138916,0.0,0.0,0.0,0.0,0.0,0.0,0.0,0.0,0.0,0.0,0.0,0.0
448,4.48,-447.78577,884.7795,-503.27396,451.27,-605.4674,50.105873,0.03517596777528524,0.02054141666740179,-0.3308493226766586,-42.460879516601565,47.409431838989256,-1.7190892696380615,-27.13184986114502,-8.343382596969604,-692.0209655761719,-4997.447680664062,-17500.4875,-246.20901947021486,0.3366868317127228,0.5702037215232849,-1.6520202517509461,158.15567779541016,52.15378341674805,31.50543956756592,0.0,0.0,0.0,0.0,0.0,0.0,0.0,0.0,0.0,0.0,0.0,0.0
449,4.49,-437.68063,883.51324,-497.802,450.465,-605.2332,50.495434,0.059216102585196495,0.026743307895958423,-0.4468978703022003,-57.39711723327637,62.7168773651123,-4.067203307151795,-27.638944244384767,-10.10600757598877,-707.1144409179688,-1517.3916313171387,-17601.0041015625,-503.3914459228516,0.3269293218851089,0.5590820252895355,-1.6035799026489257,156.5779815673828,50.21339378356934,30.87292900085449,0.0,0.0,0.0,0.0,0.0,0.0,0.0,0.0,0.0,0.0,0.0,0.0
450,4.5,-427.64185,882.41943,-493.024,450.163,-604.92834,51.346287,0.08770403638482094,0.030561063811182974,-0.5348176240921021,-68.7504638671875,73.15331115722657,-7.3784791946411135,-28.061128044128417,-12.651646041870118,-724.5133666992188,1689.1502014160155,-17775.1720703125,-762.2739196777344,0.3205938577651978,0.5533820807933807,-1.5735209941864015,152.7019775390625,48.90779914855957,28.98265132904053,0.0,0.0,0.0,0.0,0.0,0.0,0.0,0.0,0.0,0.0,0.0,0.0
451,4.51,-417.43738,881.0622,-487.442,449.63,-604.15063,52.122726,0.11606306210160255,0.028569074347615242,-0.540986704826355,-69.64323348999024,70.90791854858398,-11.541979503631591,-28.455298614501952,-16.15930767059326,-744.0962524414062,4540.907275390625,-18025.4462890625,-1007.7358642578125,0.3179308235645294,0.5517995297908783,-1.5775026082992554,146.86003723144532,48.67064170837402,26.458550643920898,0.0,0.0,0.0,0.0,0.0,0.0,0.0,0.0,0.0,0.0,0.0,0.0
452,4.52,-406.77,879.9291,-481.25,449.324,-603.9087,53.023674,0.13543734848499298,0.01589846475981176,-0.38636094629764556,-49.92933807373047,44.705001258850096,-16.079609298706053,-28.876369285583497,-20.750622367858888,-765.5122619628906,6985.391455078125,-18348.1865234375,-1223.9076538085938,0.31861500442028046,0.5535455763339996,-1.6157869219779968,139.5110305786133,49.86152381896973,24.012476921081543,0.0,0.0,0.0,0.0,0.0,0.0,0.0,0.0,0.0,0.0,0.0,0.0
453,4.53,-396.67087,878.21326,-475.489,448.382,-603.83386,54.20218,0.1313814215362072,-0.013625299448904116,0.033171535562723876,3.765161383152008,-19.992868876457216,-19.946888732910157,-29.36470470428467,-26.48383274078369,-788.1032043457031,9007.9078125,-18731.9544921875,-1396.3701293945312,0.32018413841724397,0.559379243850708,-1.6725034594535828,131.6769577026367,53.248521423339845,21.990714645385744,0.0,0.0,0.0,0.0,0.0,0.0,0.0,0.0,0.0,0.0,0.0,0.0
454,4.54,-386.0313,876.8672,-469.072,448.049,-603.13806,55.71568,0.08303447365760804,-0.06681283228099347,0.8383804738521576,106.9689868927002,-139.58550872802735,-21.32017402648926,-29.9338623046875,-33.350348472595215,-810.9212829589844,10631.25908203125,-19158.120703125,-1513.3783813476562,0.3188714891672134,0.5685626804828644,-1.7295745611190796,124.53799591064453,58.281151580810544,20.302564430236817,0.0,0.0,0.0,0.0,0.0,0.0,0.0,0.0,0.0,0.0,0.0,0.0
455,4.55,-375.4512,875.4834,-462.758,447.974,-602.5674,57.302326,-0.036508643487468365,-0.14961348697543145,2.145217216014862,274.61638793945315,-329.04164733886716,-17.423048496246338,-30.56722984313965,-41.27420158386231,-832.8346008300781,11906.38779296875,-19602.601953125,-1566.2510620117187,0.3127516806125641,0.5777299463748932,-1.771324598789215,119.38021240234374,63.405621719360354,18.830246353149413,0.0,0.0,0.0,0.0,0.0,0.0,0.0,0.0,0.0,0.0,0.0,0.0
456,4.56,-364.63663,873.911,-456.026,447.82,-602.1903,59.41985,-0.2576147556304932,-0.26447031944990157,4.024556803703308,515.8866394042968,-595.9383026123047,-4.482334265112877,-31.22848300933838,-50.10414924621582,-852.6681701660157,12898.81279296875,-20038.4849609375,-1549.0897827148438,0.30380488038063047,0.584230363368988,-1.7838160872459412,116.57225189208984,67.03032760620117,17.468202972412108,0.0,0.0,0.0,0.0,0.0,0.0,0.0,0.0,0.0,0.0,0.0,0.0
457,4.57,-353.5516,872.63226,-449.412,448.057,-601.3793,61.767124,-0.6080264270305633,-0.40625891387462615,6.437832307815552,825.9463073730469,-931.1519104003906,22.05040979385376,-31.875396537780762,-59.65110969543457,-869.3350219726562,13671.3138671875,-20439.3548828125,-1456.6793090820313,0.29501076638698576,0.5885107219219208,-1.7730533957481385,115.61504516601562,68.48452224731446,16.28285789489746,0.0,0.0,0.0,0.0,0.0,0.0,0.0,0.0,0.0,0.0,0.0,0.0
458,4.58,-342.0276,871.7905,-442.518,448.416,-600.6162,64.539955,-1.1018412590026856,-0.556724590063095,9.145638847351075,1174.2146484375,-1295.9089599609374,66.82962608337402,-32.465410995483396,-69.72305755615234,-881.9321838378906,14271.27373046875,-20781.8705078125,-1284.4138549804688,0.2883858948945999,0.5912272036075592,-1.7488230109214782,115.96605606079102,68.01774597167969,15.925873470306396,0.0,0.0,0.0,0.0,0.0,0.0,0.0,0.0,0.0,0.0,0.0,0.0
459,4.59,-330.2337,870.3154,-434.261,448.247,-599.2074,67.312416,-1.722293984889984,-0.6777141690254211,11.59194450378418,1489.485400390625,-1605.7480102539062,133.28225479125976,-32.95372200012207,-80.1291618347168,-889.768896484375,14725.95029296875,-21048.057421875,-1030.1150329589843,0.2841937392950058,0.5905974924564361,-1.7111855149269104,117.17115478515625,65.68516006469727,16.810606384277342,0.0,0.0,0.0,0.0,0.0,0.0,0.0,0.0,0.0,0.0,0.0,0.0
460,4.6,-317.28055,869.4895,-426.415,448.726,-597.88916,70.4262,-2.39779589176178,-0.7041494071483612,12.776555728912353,1643.521630859375,-1713.4194458007812,221.39400634765624,-33.28337135314941,-90.68850708007812,-892.3334045410156,15042.54228515625,-21226.180078125,-695.0089660644531,0.28163928985595704,0.5851060271263122,-1.663083302974701,118.42379379272461,62.606231689453125,18.034837532043458,0.0,0.0,0.0,0.0,0.0,0.0,0.0,0.0,0.0,0.0,0.0,0.0
461,4.61,-305.71167,868.80237,-417.173,448.621,-596.65314,73.97819,-2.9722492694854736,-0.5386621236801148,11.144027996063233,1436.7328247070313,-1394.986181640625,324.46636962890625,-33.37326431274414,-101.22229843139648,-889.2361633300782,15211.8427734375,-21308.778515625,-284.8860939025879,0.2809503793716431,0.5747609972953797,-1.6136463761329651,118.86939086914063,60.69258689880371,18.728096199035644,0.0,0.0,0.0,0.0,0.0,0.0,0.0,0.0,0.0,0.0,0.0,0.0
462,4.62,-292.52893,868.51874,-408.253,449.363,-594.8196,77.845375,-3.1733757495880126,-0.051112014427781106,4.538757157325745,592.3136898040772,-346.42638664245607,424.87208862304686,-33.11226539611816,-111.53155364990235,-880.1400146484375,15213.6671875,-21289.8056640625,189.3524203300476,0.28228029012680056,0.5612578451633453,-1.568981945514679,118.14007873535157,60.65530166625977,18.963797187805177,0.0,0.0,0.0,0.0,0.0,0.0,0.0,0.0,0.0,0.0,0.0,0.0
463,4.63,-279.7304,868.1083,-398.808,449.421,-592.92535,81.81652,-2.586940288543701,0.9122577130794525,-9.697466778755189,-1231.3677810668946,1798.3038208007813,489.17127380371096,-32.36958999633789,-121.3646141052246,-864.6859069824219,15023.6654296875,-21161.36953125,712.069091796875,0.28578498065471647,0.5462713479995728,-1.5222786784172058,116.25590515136719,61.27452354431152,18.960931396484376,0.0,0.0,0.0,0.0,0.0,0.0,0.0,0.0,0.0,0.0,0.0,0.0
464,4.64,-266.16547,868.1991,-388.607,450.134,-590.7034,86.19368,-0.6503724534064531,2.5037509322166445,-34.38105297088623,-4396.726635742188,5413.061499023437,463.48862609863284,-31.020562744140626,-130.37921905517578,-842.4399658203125,14621.5708984375,-20909.710546875,1263.3642639160157,0.29037258923053744,0.531040358543396,-1.4658355355262755,114.1962043762207,61.38483238220215,18.740228843688964,0.0,0.0,0.0,0.0,0.0,0.0,0.0,0.0,0.0,0.0,0.0,0.0
465,4.65,-252.51945,868.02637,-378.148,450.544,-588.0144,90.87717,3.313947892189026,4.825940203666687,-71.76847915649414,-9194.95390625,10771.746630859376,270.8224822998047,-28.976953315734864,-138.11194610595703,-812.8797973632812,13999.28408203125,-20512.548046875,1819.7932250976562,0.29441672563552856,0.5171438336372376,-1.403129243850708,114.092333984375,60.88522491455078,18.623081970214844,0.0,0.0,0.0,0.0,0.0,0.0,0.0,0.0,0.0,0.0,0.0,0.0
466,4.66,-238.46404,867.93,-367.313,450.85,-584.9181,95.90407,9.998533725738525,7.853161382675171,-122.33313369750977,-15689.1419921875,17869.64599609375,-187.05771198272706,-26.212980270385742,-143.96563262939452,-775.43046875,13167.53232421875,-19938.225,2354.14970703125,0.295900696516037,0.5061432898044587,-1.349983322620392,116.46682434082031,60.08585891723633,18.813155746459962,0.0,0.0,0.0,0.0,0.0,0.0,0.0,0.0,0.0,0.0,0.0,0.0
467,4.67,-223.46164,867.81335,-355.621,451.367,-581.09467,100.965675,19.90276689529419,11.322976016998291,-183.01101989746093,-23488.80859375,26173.5998046875,-1017.5925842285156,-22.782089614868163,-147.224951171875,-729.5513244628906,12159.5626953125,-19148.23984375,2834.53896484375,0.29356503784656524,0.4988862246274948,-1.3237989664077758,120.0487564086914,58.21703567504883,19.172909545898438,0.0,0.0,0.0,0.0,0.0,0.0,0.0,0.0,0.0,0.0,0.0,0.0
468,4.68,-209.08047,867.5574,-343.502,451.415,-577.07306,106.444534,32.879417991638185,14.657844352722169,-246.48573303222656,-31661.7841796875,34550.265234375,-2288.7285034179686,-18.82306900024414,-147.11919555664062,-674.9050048828125,11030.49208984375,-18104.41328125,3224.268115234375,0.2877390503883362,0.49485401511192323,-1.3351404190063476,124.18054275512695,55.2087905883789,19.571385192871094,0.0,0.0,0.0,0.0,0.0,0.0,0.0,0.0,0.0,0.0,0.0,0.0
469,4.69,-193.69858,867.09906,-330.677,451.465,-571.90576,112.05026,47.490882110595706,17.093683624267577,-305.8155792236328,-39346.62578125,42014.501953125,-3924.6224853515623,-14.551342105865478,-142.9417709350586,-611.6539428710937,9852.490625,-16780.84130859375,3483.4379150390623,0.2824958711862564,0.49249790608882904,-1.3750691056251525,128.44394149780274,52.38675193786621,20.0196174621582,0.0,0.0,0.0,0.0,0.0,0.0,0.0,0.0,0.0,0.0,0.0,0.0
470,4.7,-178.80537,867.2962,-316.087,451.447,-566.1959,118.052795,61.30599670410156,18.01530475616455,-358.0609619140625,-46210.867578125,48250.099609375,-5693.038525390625,-10.234056663513183,-134.23413848876953,-540.7987243652344,8703.6869140625,-15178.201171875,3575.2301513671873,0.2828183859586716,0.49067400991916654,-1.4289222836494446,131.80502471923828,51.38492546081543,20.227228736877443,0.0,0.0,0.0,0.0,0.0,0.0,0.0,0.0,0.0,0.0,0.0,0.0
471,4.71,-164.04924,867.6065,-301.262,451.519,-558.9671,124.12764,72.4588005065918,17.09276885986328,-403.0850006103516,-52278.4984375,53333.18359375,-7386.121533203125,-6.162931823730469,-120.99194793701172,-464.3598388671875,7651.893212890625,-13333.9138671875,3477.46689453125,0.2908667951822281,0.48917427062988283,-1.4780324339866637,133.73362884521484,52.62663536071777,20.05734748840332,0.0,0.0,0.0,0.0,0.0,0.0,0.0,0.0,0.0,0.0,0.0,0.0
472,4.72,-148.57448,867.8673,-285.333,451.78,-549.9568,130.29442,80.80606002807617,14.284855175018311,-442.2021759033203,-57743.45390625,57455.79375,-8969.29609375,-2.620710813999176,-103.84257507324219,-385.37879638671876,6735.5974609375,-11324.85556640625,3194.48271484375,0.30502888560295105,0.48937487602233887,-1.513075041770935,133.82537078857422,54.555641174316406,19.302395629882813,0.0,0.0,0.0,0.0,0.0,0.0,0.0,0.0,0.0,0.0,0.0,0.0
473,4.73,-133.5611,867.99426,-267.602,450.931,-540.6489,136.21936,87.14413299560547,9.777169752120972,-477.5304901123047,-62886.55625,60859.5484375,-10495.6783203125,0.1650266282260418,-84.12168884277344,-307.6521484375,5947.875244140625,-9258.9453125,2761.7576416015627,0.3213771164417267,0.4914563030004501,-1.533212625980377,132.4671142578125,55.34017791748047,18.052425956726076,0.0,0.0,0.0,0.0,0.0,0.0,0.0,0.0,0.0,0.0,0.0,0.0
474,4.74,-118.6061,868.6745,-248.453,449.5,-529.7559,142.2306,92.07843475341797,3.8977783560752868,-511.53907775878906,-68019.61171875,63832.41953125,-11981.0634765625,2.0512118220329283,-63.73751106262207,-235.13335723876952,5235.145068359375,-7253.934130859375,2239.4526245117186,0.33719696700572965,0.4948243677616119,-1.5412622570991517,129.58208465576172,54.26484603881836,16.85016212463379,0.0,0.0,0.0,0.0,0.0,0.0,0.0,0.0,0.0,0.0,0.0,0.0
475,4.75,-103.3815,868.7938,-228.791,447.47,-518.06616,148.23552,95.95836334228515,-2.906271678209305,-546.0454833984375,-73351.421875,66594.5015625,-13404.00537109375,3.010866093635559,-44.69981231689453,-171.097900390625,4524.065625,-5412.4451171875,1695.266650390625,0.3502496421337128,0.4977131515741348,-1.53166344165802,124.34830703735352,52.05092582702637,15.950089454650879,0.0,0.0,0.0,0.0,0.0,0.0,0.0,0.0,0.0,0.0,0.0,0.0
476,4.76,-89.39021,869.0578,-207.598,444.183,-506.41977,154.37595,99.01181182861328,-10.057476329803468,-581.3591674804687,-78868.69921875,69203.26953125,-14722.34853515625,3.1615620374679567,-28.533443450927734,-117.44887161254883,3764.7701171875,-3805.6623779296874,1186.0825988769532,0.35641959607601165,0.4999553918838501,-1.5031474351882934,117.50914993286133,49.42159004211426,15.163371181488037,0.0,0.0,0.0,0.0,0.0,0.0,0.0,0.0,0.0,0.0,0.0,0.0
477,4.77,-75.916794,868.87695,-186.14,441.275,-493.32663,161.04587,101.19642715454101,-16.89766616821289,-616.4030517578125,-84356.0296875,71599.4984375,-15857.9244140625,2.7424271583557127,-15.969478988647461,-74.67828598022462,2959.6010498046876,-2473.9621826171874,749.6898498535156,0.35194399356842043,0.5024326145648956,-1.4628629684448242,111.1599334716797,46.50535087585449,14.733606052398681,0.0,0.0,0.0,0.0,0.0,0.0,0.0,0.0,0.0,0.0,0.0,0.0
478,4.78,-63.16399,868.4832,-162.757,437.29,-478.95428,167.74454,102.22320709228515,-22.82832431793213,-649.6444091796875,-89535.9140625,73717.56796875,-16710.730859375,2.0455252528190613,-7.037278056144714,-42.336004638671874,2157.57392578125,-1434.112353515625,406.6284545898437,0.3382020503282547,0.5052634656429291,-1.4282052993774415,107.07225341796875,43.57460670471191,14.942594623565673,0.0,0.0,0.0,0.0,0.0,0.0,0.0,0.0,0.0,0.0,0.0,0.0
479,4.79,-51.44312,868.56805,-138.749,433.267,-463.90527,174.2881,101.8386360168457,-27.452821350097658,-679.8006286621094,-94181.1890625,75526.53046875,-17205.3291015625,1.3296472430229187,-1.3218240156769752,-19.429442405700684,1427.2317626953125,-680.9566955566406,163.30798950195313,0.3213531166315079,0.5100136756896972,-1.4127410888671874,105.44895782470704,41.21762924194336,15.889561939239503,0.0,0.0,0.0,0.0,0.0,0.0,0.0,0.0,0.0,0.0,0.0,0.0
480,4.8,-40.11877,868.3864,-115.283,430.971,-446.72232,180.49005,100.00204849243164,-30.612192916870118,-705.9724670410156,-98140.58359375,77007.065625,-17316.93984375,0.7438004791736603,1.8322407603263855,-4.62171717248857,828.3715087890625,-186.45627136230468,11.59459321498871,0.30517755150794984,0.5190378606319428,-1.4143872022628785,105.11890106201172,40.19020042419434,17.70713577270508,0.0,0.0,0.0,0.0,0.0,0.0,0.0,0.0,0.0,0.0,0.0,0.0
481,4.81,-29.336061,868.2833,-91.7146,429.604,-427.88477,186.26186,96.83184967041015,-32.312864112854,-727.6563781738281,-101337.68046875,78141.67109375,-17062.3861328125,0.32438116818666457,3.1647741556167603,3.728238248825073,389.0465713500977,97.49717255234718,-68.31338424682617,0.2897462427616119,0.533097767829895,-1.4226924896240234,105.53536911010742,40.16978797912598,19.9160514831543,0.0,0.0,0.0,0.0,0.0,0.0,0.0,0.0,0.0,0.0,0.0,0.0
482,4.82,-17.47178,868.48236,-67.3345,427.934,-408.61798,191.38522,92.49917297363281,-32.65201530456543,-744.7330200195313,-103763.40390625,78919.2671875,-16481.006640625,0.05719132162630558,3.3488746166229246,7.433484268188477,101.36868553161621,228.14074249267577,-98.60091094970703,0.27536088824272154,0.5499135732650757,-1.4385465145111085,106.85729446411133,39.84709014892578,21.69008598327637,0.0,0.0,0.0,0.0,0.0,0.0,0.0,0.0,0.0,0.0,0.0,0.0
483,4.83,-5.440808,868.9623,-42.7627,427.078,-387.714,195.7836,87.18721084594726,-31.829248428344727,-757.3491516113281,-105459.325,79330.01484375,-15625.880078125,-0.08933898136019706,2.9129396200180055,8.161925792694092,-62.7028510093689,259.20566711425784,-98.55965805053711,0.2665434300899506,0.5636798322200776,-1.4608370661735535,108.53729629516602,39.3737678527832,22.726016998291016,0.0,0.0,0.0,0.0,0.0,0.0,0.0,0.0,0.0,0.0,0.0,0.0
484,4.84,6.2980614,869.2167,-18.0451,426.459,-365.95343,199.09062,81.09315719604493,-30.17032642364502,-765.7453491210938,-106494.19453125,79353.40234375,-14561.98203125,-0.1505717158317566,2.227076506614685,7.24338846206665,-137.18115234375,234.11538391113282,-82.92093048095703,0.26744338870048523,0.5682306885719299,-1.4794570565223695,109.19039764404297,39.040321350097656,22.67742462158203,0.0,0.0,0.0,0.0,0.0,0.0,0.0,0.0,0.0,0.0,0.0,0.0
485,4.85,17.38359,869.7537,6.65437,427.042,-342.49576,201.08644,74.43020935058594,-28.081425666809082,-770.130126953125,-106941.64375,78951.66796875,-13363.0740234375,-0.15821647495031357,1.5213064432144165,5.623037052154541,-153.7625289916992,184.1092559814453,-61.735450744628906,0.27808415293693545,0.5627753973007202,-1.49213650226593,108.42428970336914,38.22480430603027,21.52982578277588,0.0,0.0,0.0,0.0,0.0,0.0,0.0,0.0,0.0,0.0,0.0,0.0
486,4.86,29.521961,870.39636,31.436499,427.588,-317.80508,201.41359,67.43019638061523,-25.9751615524292,-770.6347106933594,-106866.6734375,78071.58671875,-12106.9064453125,-0.13707910627126693,0.9171289205551147,3.898362421989441,-137.92876739501952,129.20786514282227,-41.053185653686526,0.2956221491098404,0.5509401559829712,-1.5012882232666016,106.77795104980468,36.248839950561525,19.665295791625976,0.0,0.0,0.0,0.0,0.0,0.0,0.0,0.0,0.0,0.0,0.0,0.0
487,4.87,40.087204,871.3649,56.5413,428.818,-292.02545,200.55423,60.3472095489502,-24.216757202148436,-767.343408203125,-106322.9671875,76653.6171875,-10869.73212890625,-0.10448283553123475,0.46095659136772155,2.393301236629486,-107.9265510559082,80.48742599487305,-23.907077026367187,0.31414501667022704,0.53702472448349,-1.4999754309654236,105.20602645874024,32.71978549957275,17.32377815246582,0.0,0.0,0.0,0.0,0.0,0.0,0.0,0.0,0.0,0.0,0.0,0.0
488,4.88,51.212677,872.60406,81.1325,430.251,-265.4425,198.3413,53.44752998352051,-23.075042724609375,-760.3837707519531,-105358.93671875,74648.2734375,-9719.2240234375,-0.07115613520145417,0.1532161146402359,1.2397181987762451,-75.38879165649413,42.66716117858887,-11.297232866287231,0.328785640001297,0.5241574048995972,-1.4854158759117126,103.75211944580079,28.489785194396973,15.465722846984864,0.0,0.0,0.0,0.0,0.0,0.0,0.0,0.0,0.0,0.0,0.0,0.0
489,4.89,62.403187,873.93494,105.348,432.39,-238.05363,194.96864,46.98282928466797,-22.67875804901123,-750.0439697265625,-104028.353125,72036.3859375,-8706.0328125,-0.04273449257016182,-0.02939313305541873,0.44976265728473663,-46.70235824584961,16.4478901386261,-3.0193979173898695,0.33676881790161134,0.5141668975353241,-1.465222668647766,101.90654373168945,24.622502708435057,15.178588771820069,0.0,0.0,0.0,0.0,0.0,0.0,0.0,0.0,0.0,0.0,0.0,0.0
490,4.9,73.75878,875.25354,128.397,435.652,-209.88765,190.41193,41.159576416015625,-22.9983922958374,-736.8657592773437,-102400.63125,68847.3265625,-7856.489599609375,-0.021340096183121205,-0.11868717521429062,-0.027933953516185283,-24.5429931640625,0.3519086420536041,1.7179551012814045,0.3390844792127609,0.5072434782981873,-1.447782289981842,99.43852920532227,22.018441009521485,16.66217222213745,0.0,0.0,0.0,0.0,0.0,0.0,0.0,0.0,0.0,0.0,0.0,0.0
491,4.91,84.38834,876.4788,151.128,439.216,-180.56203,184.96315,36.123352432250975,-23.866219329833985,-721.672802734375,-100566.37109375,65163.383984375,-7171.82119140625,-0.006951284850947559,-0.14582168459892272,-0.26928027123212817,-9.253085565567016,-7.985160398483276,3.883078122138977,0.33915023803710936,0.5041107594966888,-1.4465621829032898,96.4036750793457,20.9448034286499,18.964667892456056,0.0,0.0,0.0,0.0,0.0,0.0,0.0,0.0,0.0,0.0,0.0,0.0
492,4.92,95.31505,877.5986,173.371,443.083,-150.43864,178.8038,31.945794677734376,-25.026182556152342,-705.51123046875,-98635.559375,61110.251953125,-6632.18134765625,0.001553173294814769,-0.13667574673891067,-0.3507823824882507,0.07971880584955215,-11.009236335754395,4.381721878051758,0.3391921132802963,0.5045259773731232,-1.4638456344604491,93.43980178833007,21.204923820495605,21.630209732055665,0.0,0.0,0.0,0.0,0.0,0.0,0.0,0.0,0.0,0.0,0.0,0.0
493,4.93,106.01534,878.8312,195.305,447.447,-119.385544,171.93811,28.608816146850586,-26.19259853363037,-689.5389343261719,-96730.04765625,56840.566796875,-6201.68759765625,0.005682565364986658,-0.1103129267692566,-0.33713078796863555,4.868771409988403,-10.820614910125732,3.943955492973328,0.339420011639595,0.5062743544578552,-1.4893868088722229,91.02205429077148,22.092191314697267,24.180422210693358,0.0,0.0,0.0,0.0,0.0,0.0,0.0,0.0,0.0,0.0,0.0,0.0
494,4.94,116.02508,879.96106,216.878,451.475,-87.68159,164.55402,26.002198219299316,-27.095687675476075,-674.886474609375,-94970.00703125,52512.0109375,-5833.542724609375,0.006906673824414611,-0.07926948592066765,-0.2766862571239471,6.561223411560059,-9.008963537216186,3.0937780141830444,0.3402031987905502,0.506820660829544,-1.5207463145256042,89.50410461425781,23.41445960998535,26.30015754699707,0.0,0.0,0.0,0.0,0.0,0.0,0.0,0.0,0.0,0.0,0.0,0.0
495,4.95,126.706314,880.92004,238.406,455.376,-55.497643,156.97728,23.940403366088866,-27.51222915649414,-662.4929992675782,-93455.7875,48261.583203125,-5476.081103515625,0.006442058738321066,-0.05073694996535778,-0.2017448604106903,6.392308378219605,-6.649341201782226,2.166133797168732,0.34360021352767944,0.5060839354991913,-1.5572505354881288,88.42783584594727,25.775985145568846,28.442450714111327,0.0,0.0,0.0,0.0,0.0,0.0,0.0,0.0,0.0,0.0,0.0,0.0
496,4.96,136.98274,881.98224,258.951,459.49,-22.487497,149.17795,22.20962619781494,-27.29176845550537,-652.9774536132812,-92253.503125,44183.585546875,-5081.947509765625,0.005182224838063121,-0.02801745105534792,-0.13121990934014321,5.292493772506714,-4.3816896915435795,1.3456254601478577,0.350549590587616,0.5054218769073486,-1.5970930933952332,87.3015853881836,29.645752143859863,30.742540168762208,0.0,0.0,0.0,0.0,0.0,0.0,0.0,0.0,0.0,0.0,0.0,0.0
497,4.97,147.06711,882.33545,279.525,462.807,11.161178,141.0796,20.615879821777344,-26.382408142089844,-646.5797302246094,-91390.30859375,40320.16640625,-4617.618359375,0.003712884662672877,-0.011888804705813527,-0.07414239123463631,3.8880101442337036,-2.5206827998161314,0.7102535545825959,0.3573517680168152,0.5058330655097961,-1.6349722504615785,85.66502838134765,34.96396026611328,32.1336633682251,0.0,0.0,0.0,0.0,0.0,0.0,0.0,0.0,0.0,0.0,0.0,0.0
498,4.98,156.85692,882.81915,298.972,466.383,45.443943,132.70427,19.014244651794435,-24.860514640808105,-643.1734985351562,-90858.96328125,36665.546875,-4070.576806640625,0.002368582191411406,-0.0017068236134946345,-0.033027871139347555,2.54932587146759,-1.1637826323509217,0.27081275805830957,0.3603817820549011,0.5069310784339904,-1.6713548660278321,83.3794044494629,41.33485145568848,32.01967658996582,0.0,0.0,0.0,0.0,0.0,0.0,0.0,0.0,0.0,0.0,0.0,0.0
499,4.99,168.25198,883.5268,318.139,469.988,80.81816,124.44954,17.328978538513184,-22.954467391967775,-642.3513061523438,-90629.0703125,33179.1853515625,-3454.34091796875,0.001301625627093017,0.0038022166350856423,-0.006641135638346896,1.4566198110580444,-0.2812540174345486,0.0018102727364748717,0.3594374269247055,0.5079709589481354,-1.708975613117218,80.63431015014649,47.55211486816406,30.849935913085936,0.0,0.0,0.0,0.0,0.0,0.0,0.0,0.0,0.0,0.0,0.0,0.0
500,5.0,177.57944,883.2187,336.715,473.247,116.93175,116.38123,15.552849197387696,-21.011098289489745,-643.5602355957031,-90661.46796875,29804.81796875,-2805.200830078125,0.0005464293499244377,0.0060341027565300465,0.007987053203396498,0.6636155426502228,0.21736956462264062,-0.1368770979344845,0.35532143115997317,0.5083951413631439,-1.751232957839966,77.9073097229004,52.43637619018555,28.81536235809326,0.0,0.0,0.0,0.0,0.0,0.0,0.0,0.0,0.0,0.0,0.0,0.0
501,5.01,188.32455,882.9547,354.041,476.293,153.27238,108.65665,13.721820259094239,-19.38385429382324,-646.2543090820312,-90918.36015625,26488.2138671875,-2168.103125,7.129866298782872e-05,0.006226249784231186,0.0142475800588727,0.15046380329877138,0.439465257525444,-0.18654191642999648,0.3494617432355881,0.5083277821540833,-1.8004199028015138,76.06169357299805,54.89448699951172,25.992331886291502,0.0,0.0,0.0,0.0,0.0,0.0,0.0,0.0,0.0,0.0,0.0,0.0
502,5.02,198.99402,883.05273,370.279,479.437,190.08763,101.655426,11.89353322982788,-18.32723026275635,-650.0140014648438,-91369.00234375,23189.1431640625,-1582.5683227539062,-0.00018445163877913728,0.00533851352520287,0.015210958104580641,-0.13739243298768997,0.48409594893455504,-0.1825352892279625,0.34257209300994873,0.5091912090778351,-1.8445835351943969,76.08467636108398,53.93055877685547,22.78435535430908,0.0,0.0,0.0,0.0,0.0,0.0,0.0,0.0,0.0,0.0,0.0,0.0
503,5.03,209.32059,882.1674,386.129,481.768,227.0698,95.208,10.116495990753174,-17.954882049560545,-654.6088073730468,-91994.58515625,19887.869140625,-1072.8497131347656,-0.0002868062496418133,0.0040358507074415685,0.013296323455870151,-0.26372227668762205,0.430349662899971,-0.1515498399734497,0.33381567299366,0.5114498138427734,-1.8626100659370421,77.73149185180664,50.20493507385254,19.911413955688477,0.0,0.0,0.0,0.0,0.0,0.0,0.0,0.0,0.0,0.0,0.0,0.0
504,5.04,220.12257,881.41705,401.807,483.561,263.07898,89.390854,8.390221548080444,-18.243915557861328,-660.0001892089844,-92789.06015625,16587.4189453125,-641.5929901123047,-0.00029402065265458075,0.0027261265786364675,0.010204352904111147,-0.2869296491146088,0.3345053970813751,-0.11159379109740257,0.32299678325653075,0.514260596036911,-1.8525405645370483,80.45352554321289,45.282293701171874,17.52787227630615,0.0,0.0,0.0,0.0,0.0,0.0,0.0,0.0,0.0,0.0,0.0,0.0
505,5.05,231.08597,880.5473,416.853,484.834,300.03458,84.36452,6.652954196929931,-19.06742115020752,-666.2885070800781,-93754.93828125,13309.44482421875,-270.30324096679686,-0.0002511426995624788,0.0016203048871830106,0.006996593764051795,-0.25340363532304766,0.2321891263127327,-0.07335373312234879,0.31033949851989745,0.5164790987968445,-1.8237483501434326,84.00228271484374,39.98829956054688,15.669371700286865,0.0,0.0,0.0,0.0,0.0,0.0,0.0,0.0,0.0,0.0,0.0,0.0
506,5.06,242.89236,879.9314,431.899,485.361,336.6328,79.7087,4.801461267471313,-20.239559936523438,-673.6273193359375,-94894.95078125,10084.9734375,73.60498971939087,-0.00018928679201053457,0.000794615619815886,0.004237555107101798,-0.19600097835063934,0.1427558146417141,-0.0420559661462903,0.29736928045749667,0.5168790936470031,-1.78727388381958,88.02763366699219,34.5021240234375,14.449578666687012,0.0,0.0,0.0,0.0,0.0,0.0,0.0,0.0,0.0,0.0,0.0,0.0
507,5.07,254.22499,879.1242,445.65,485.712,372.73624,76.053474,2.7201130867004393,-21.55956287384033,-682.1409484863282,-96204.6671875,6946.377099609375,427.8070373535156,-0.00012746833526762203,0.00024388968013226985,0.0021465709432959557,-0.13540979772806166,0.07412208802998066,-0.019289334304630756,0.2872279673814774,0.5156506896018982,-1.7415931224822998,91.7906982421875,29.30048942565918,13.830602264404297,0.0,0.0,0.0,0.0,0.0,0.0,0.0,0.0,0.0,0.0,0.0,0.0
508,5.08,264.5316,877.8149,458.626,485.833,408.4768,73.21573,0.30440467596054077,-22.84672431945801,-691.8863708496094,-97670.4703125,3925.260693359375,826.9566772460937,-7.546473279944621e-05,-7.810233832969971e-05,0.0007306294632144272,-0.08277923464775086,0.027065168879926205,-0.004519472690299153,0.2839380443096161,0.5139945447444916,-1.6851650834083558,94.38188171386719,25.26260299682617,14.041405963897706,0.0,0.0,0.0,0.0,0.0,0.0,0.0,0.0,0.0,0.0,0.0,0.0
509,5.09,275.8175,876.3257,471.596,485.109,443.04825,71.11942,-2.5381927132606505,-23.966769409179687,-702.846630859375,-99271.7203125,1054.647541809082,1298.813916015625,-3.6751181869476565e-05,-0.0002313898308784701,-0.00011363936828274745,-0.042584081180393696,-0.001434069953393191,0.003795695363078266,0.2883243471384048,0.5113684654235839,-1.6280600786209107,95.41193542480468,23.97274055480957,15.570647716522217,0.0,0.0,0.0,0.0,0.0,0.0,0.0,0.0,0.0,0.0,0.0,0.0
510,5.1,287.49075,874.6967,483.462,484.09,476.73322,69.96639,-5.90655632019043,-24.844751167297364,-714.9142150878906,-100981.7546875,-1627.868130493164,1864.5855834960937,-1.1009747890966536e-05,-0.00027359010418877007,-0.0005300047341734171,-0.01515610315836966,-0.015869556181132793,0.007472354499623179,0.2973860889673233,0.5058797597885132,-1.5848198056221008,95.26675796508789,24.618035316467285,18.48389263153076,0.0,0.0,0.0,0.0,0.0,0.0,0.0,0.0,0.0,0.0,0.0,0.0
511,5.11,299.44608,873.1888,495.337,482.592,508.7189,69.19986,-9.909120225906372,-25.46155490875244,-727.8608642578125,-102764.6375,-4082.3900146484375,2539.5714111328125,3.978674422455697e-06,-0.00025194958288921043,-0.0006602396024391055,0.0013570586830610409,-0.020781897753477097,0.008179928921163083,0.3076638102531433,0.4977258384227753,-1.5567138195037842,94.81372756958008,25.29453639984131,21.72294692993164,0.0,0.0,0.0,0.0,0.0,0.0,0.0,0.0,0.0,0.0,0.0,0.0
512,5.12,311.90707,872.0239,507.062,480.815,539.7166,68.96641,-14.64484519958496,-25.838913345336913,-741.3185424804688,-104570.4671875,-6274.17197265625,3332.362939453125,1.1059697044402128e-05,-0.00020089237514184788,-0.0006226250261534005,0.009637967124581337,-0.020016229897737502,0.007247802941128612,0.3173809438943863,0.4893504559993744,-1.5289637565612793,94.72610702514649,25.19971866607666,24.64620895385742,0.0,0.0,0.0,0.0,0.0,0.0,0.0,0.0,0.0,0.0,0.0,0.0
513,5.13,324.58264,870.63,518.165,479.097,567.54767,69.249245,-20.18390598297119,-26.01905937194824,-754.7901306152344,-106333.22265625,-8180.74228515625,4244.48232421875,1.2950359905516962e-05,-0.00014279080933192744,-0.0005046129896072671,0.012371249217540025,-0.016450579278171062,0.005619760742411018,0.32627829909324646,0.48238378167152407,-1.4912739038467406,94.74484634399414,24.31441535949707,27.284046745300294,0.0,0.0,0.0,0.0,0.0,0.0,0.0,0.0,0.0,0.0,0.0,0.0
514,5.14,337.39438,869.19116,529.126,477.062,593.95795,69.56259,-26.55913848876953,-26.041264915466307,-767.6946228027343,-107974.38515625,-9794.97236328125,5271.934765625,1.1871016977238468e-05,-9.027157284435816e-05,-0.0003639367147115991,0.01181719433516264,-0.012009353190660477,0.0038916482124477627,0.33596439361572267,0.47674341797828673,-1.4473171472549438,94.03209915161133,22.62215061187744,29.766783714294434,0.0,0.0,0.0,0.0,0.0,0.0,0.0,0.0,0.0,0.0,0.0,0.0
515,5.15,350.21793,867.6777,540.178,474.977,618.986,70.45119,-33.766112899780275,-25.919496726989745,-779.428466796875,-109410.734375,-11123.69189453125,6407.926904296875,9.434650291950674e-06,-4.894647936453112e-05,-0.0002338909835088998,0.009659614320844412,-0.007821392873302102,0.0023858822882175446,0.34782115519046786,0.47255452871322634,-1.4131987690925598,92.1101448059082,20.105509185791014,32.16403980255127,0.0,0.0,0.0,0.0,0.0,0.0,0.0,0.0,0.0,0.0,0.0,0.0
516,5.16,363.47083,866.6366,551.451,473.128,640.6651,70.57115,-41.76916770935058,-25.644294357299806,-789.4127380371094,-110563.34140625,-12183.347265625,7643.580615234375,6.686161623292719e-06,-1.9928982965211617e-05,-0.00012992132251383738,0.007018912630155682,-0.004427350126206875,0.0012331122357863932,0.3628601521253586,0.46977045238018034,-1.3982944369316102,89.75493698120117,17.378835487365723,34.48941268920898,0.0,0.0,0.0,0.0,0.0,0.0,0.0,0.0,0.0,0.0,0.0,0.0
517,5.17,376.15796,865.3979,561.873,471.066,661.6772,71.10352,-50.509460067749025,-25.218283653259277,-797.1174072265625,-111366.1046875,-12993.57216796875,8964.520703125,4.2126055632252244e-06,-1.84172381807457e-06,-5.5842433357611296e-05,0.004548085946589708,-0.001979584724176675,0.0004446217077202164,0.38011444807052613,0.46833817958831786,-1.400263512134552,87.50040283203126,15.467259311676026,36.29912910461426,0.0,0.0,0.0,0.0,0.0,0.0,0.0,0.0,0.0,0.0,0.0,0.0
518,5.18,389.57687,864.3938,571.929,469.01,679.4873,71.40976,-59.903132629394534,-24.655154609680174,-802.0549255371094,-111764.90078125,-13571.86552734375,10348.955078125,2.272454310059402e-06,7.755920660201809e-06,-8.880548264755816e-06,0.0025561794522218407,-0.0004065412580530392,-3.150651546093286e-05,0.395069620013237,0.4686482071876526,-1.409605860710144,85.1823356628418,15.315524768829345,37.05503158569336,0.0,0.0,0.0,0.0,0.0,0.0,0.0,0.0,0.0,0.0,0.0,0.0
519,5.19,402.88107,863.54553,582.902,467.235,694.18304,70.58086,-69.82319946289063,-23.95912914276123,-803.737158203125,-111707.446875,-13932.11982421875,11767.37578125,9.141685239910657e-07,1.1464881026768126e-05,1.6688309278833914e-05,0.0011263076274190098,0.00046720168320462107,-0.00027147980290465057,0.40239753425121305,0.47219484448432925,-1.42153058052063,83.62499465942383,17.076272201538085,36.702806854248045,0.0,0.0,0.0,0.0,0.0,0.0,0.0,0.0,0.0,0.0,0.0,0.0
520,5.2,416.21844,862.6587,593.092,464.968,707.42035,69.465836,-80.08871917724609,-23.114112091064452,-801.6095275878906,-111129.84375,-14084.73916015625,13183.3587890625,7.048015007171671e-08,1.1556429217307596e-05,2.7198980933462736e-05,0.0002121735244145384,0.0008427067776210606,-0.0003519269754178822,0.3997738540172577,0.4795482695102692,-1.4316888093948363,83.64071731567383,19.84649658203125,35.2941535949707,0.0,0.0,0.0,0.0,0.0,0.0,0.0,0.0,0.0,0.0,0.0,0.0
521,5.21,429.33353,862.15375,603.125,463.301,717.3455,67.57626,-90.45507278442383,-22.075380516052245,-794.9977294921875,-109945.7328125,-14037.027734375,14554.2294921875,-3.7476166170336e-07,9.772329030965921e-06,2.8296793607296423e-05,-0.0002917646343121305,0.0009023692982736975,-0.00033755124313756825,0.3893626481294632,0.4894267499446869,-1.4331912398338318,84.52518081665039,21.770254135131836,33.26107292175293,0.0,0.0,0.0,0.0,0.0,0.0,0.0,0.0,0.0,0.0,0.0,0.0
522,5.22,442.57034,861.7659,614.69,461.926,724.9968,64.792656,-100.59240188598633,-20.763928604125976,-783.0781616210937,-108041.61875,-13793.9908203125,15829.18759765625,-5.444527403142274e-07,7.305920826183865e-06,2.437777857267065e-05,-0.0005048061982961371,0.0007900783268269152,-0.00027666752284858374,0.3769000440835953,0.49950442016124724,-1.422492802143097,85.95356597900391,21.431271171569826,31.626976013183594,0.0,0.0,0.0,0.0,0.0,0.0,0.0,0.0,0.0,0.0,0.0,0.0
523,5.23,455.55295,861.3669,625.382,460.423,731.276,62.123775,-110.06482391357422,-19.07294692993164,-764.8781311035157,-105278.509375,-13359.57919921875,16947.18984375,-5.454854658637487e-07,4.879288371739676e-06,1.8498625286156313e-05,-0.0005344248318579047,0.0006071114738006144,-0.0002015031306655146,0.36771225929260254,0.507831084728241,-1.3952395796775818,87.78548049926758,18.60363426208496,30.503045272827148,0.0,0.0,0.0,0.0,0.0,0.0,0.0,0.0,0.0,0.0,0.0,0.0
524,5.24,469.45062,860.891,637.272,458.707,735.2771,59.115196,-118.31509094238281,-16.88760805130005,-739.319677734375,-101501.46328125,-12739.32392578125,17835.994921875,-4.5958061036799334e-07,2.8576382874234695e-06,1.2542585409391904e-05,-0.0004649799200706184,0.00041677458793856206,-0.0001309017497987952,0.36361017227172854,0.5154054224491119,-1.3532570123672485,88.40256881713867,14.543549251556396,29.439351654052736,0.0,0.0,0.0,0.0,0.0,0.0,0.0,0.0,0.0,0.0,0.0,0.0
525,5.25,482.93747,860.7385,647.856,457.466,737.33484,56.79269,-124.66374816894532,-14.11866569519043,-705.3291320800781,-96558.64453125,-11944.32080078125,18413.1326171875,-3.4255905063673707e-07,1.3646950378642941e-06,7.490766165574314e-06,-0.0003555713570676744,0.00025280614354414863,-7.383533484244254e-05,0.3638867735862732,0.5229313194751739,-1.2979089498519898,86.90004272460938,11.781487274169923,28.305707931518555,0.0,0.0,0.0,0.0,0.0,0.0,0.0,0.0,0.0,0.0,0.0,0.0
526,5.26,496.81506,861.73395,657.34,457.447,741.2977,55.737698,-128.3416534423828,-10.750117588043214,-662.0368469238281,-90332.1234375,-10996.017578125,18590.8,-2.280710035051925e-07,3.803368088028947e-07,3.704661958181532e-06,-0.00024293828464578838,0.0001283861834963318,-3.2775176987343005e-05,0.3648278146982193,0.5275621056556702,-1.235252285003662,83.93177337646485,12.2568603515625,27.34800910949707,0.0,0.0,0.0,0.0,0.0,0.0,0.0,0.0,0.0,0.0,0.0,0.0
527,5.27,511.6179,863.9738,667.532,458.377,746.24384,55.89821,-128.56969757080077,-6.880985164642334,-609.0857421875,-82779.3984375,-9930.26337890625,18286.6123046875,-1.3302791828095907e-07,-1.8637803673726693e-07,1.1696982483044848e-06,-0.0001464937326090876,4.4028954653185794e-05,-6.4564519533405475e-06,0.3645299136638641,0.5269310712814331,-1.176497995853424,80.39277572631836,16.269439220428467,26.624689674377443,0.0,0.0,0.0,0.0,0.0,0.0,0.0,0.0,0.0,0.0,0.0,0.0
528,5.28,525.59393,866.42285,678.524,460.395,750.8918,57.02287,-124.67220916748047,-2.7394681334495545,-546.9115783691407,-73972.3890625,-8799.2623046875,17435.8369140625,-6.304944584201167e-08,-4.484171881813381e-07,-3.198759756628533e-07,-7.36604579287814e-05,-6.349153102291893e-06,8.10748106232495e-06,0.3640121310949326,0.5198882162570954,-1.1281054258346557,77.79170761108398,23.432094383239747,26.05776023864746,0.0,0.0,0.0,0.0,0.0,0.0,0.0,0.0,0.0,0.0,0.0,0.0
529,5.29,539.1284,869.1285,690.528,462.303,753.29224,57.205902,-116.23806991577149,1.3242815304547548,-476.9319305419922,-64121.478515625,-7668.270751953125,16007.21513671875,-1.705520256134463e-08,-5.121800995766534e-07,-1.0355682206864004e-06,-2.4516039229638408e-05,-3.126238334516529e-05,1.431586688340758e-05,0.3638591766357422,0.5073105573654175,-1.0995327711105347,77.12026672363281,32.82695064544678,25.78935718536377,0.0,0.0,0.0,0.0,0.0,0.0,0.0,0.0,0.0,0.0,0.0,0.0
530,5.3,551.7856,871.67944,702.898,463.68,754.6339,56.18918,-103.32560501098632,4.896615767478943,-401.6530456542969,-53586.7890625,-6603.612451171875,14025.78984375,9.31114213509332e-09,-4.6382712639569943e-07,-1.2396951092341624e-06,4.653279881949857e-06,-3.912636893801391e-05,1.5241597066051326e-05,0.36354737281799315,0.4923578679561615,-1.095607376098633,78.1542465209961,42.88802909851074,25.614562034606934,0.0,0.0,0.0,0.0,0.0,0.0,0.0,0.0,0.0,0.0,0.0,0.0
531,5.31,563.7628,874.01373,714.791,464.941,755.58496,55.360874,-86.64832382202148,7.600680875778198,-324.6154052734375,-42870.223046875,-5654.063720703125,11595.8328125,2.1401083571959134e-08,-3.6545292516620973e-07,-1.1482786476335606e-06,1.892341060738545e-05,-3.697249048855156e-05,1.3302738261700143e-05,0.3606726109981537,0.4799234449863434,-1.112826645374298,79.8166130065918,52.59411888122558,25.459539031982423,0.0,0.0,0.0,0.0,0.0,0.0,0.0,0.0,0.0,0.0,0.0,0.0
532,5.32,575.20056,876.3767,725.022,466.258,756.58466,55.089058,-67.66257934570312,9.186678886413574,-250.03568267822266,-32567.5208984375,-4831.1083984375,8913.482275390625,2.423014269226087e-08,-2.569311632782956e-07,-9.192921140765975e-07,2.3266773496288806e-05,-3.00057681670296e-05,1.0197287883784156e-05,0.3528928399085999,0.4758495032787323,-1.1357072830200194,81.02285690307617,61.559129333496095,25.272344207763673,0.0,0.0,0.0,0.0,0.0,0.0,0.0,0.0,0.0,0.0,0.0,0.0
533,5.33,586.8925,878.7248,733.748,467.333,757.1122,55.241123,-48.40911750793457,9.582740306854248,-182.10596771240233,-23271.419921875,-4103.09765625,6249.266259765625,2.1846236286648944e-08,-1.6038459307310405e-07,-6.558110328569455e-07,2.1814622596139088e-05,-2.1666788234142588e-05,6.9837131377425974e-06,0.34004629850387574,0.4818000286817551,-1.14714674949646,81.61586227416993,68.92104949951172,25.097829627990723,0.0,0.0,0.0,0.0,0.0,0.0,0.0,0.0,0.0,0.0,0.0,0.0
534,5.34,598.5096,881.0409,741.674,468.219,758.1985,55.486034,-31.015973854064942,8.905850315093994,-124.09975204467773,-15440.58837890625,-3415.399267578125,3884.5921142578127,1.7158030729547135e-08,-8.529772088650134e-08,-4.163331766449119e-07,1.761080893629696e-05,-1.3943160320195603e-05,4.223723180984962e-06,0.32362077236175535,0.4928206890821457,-1.146605896949768,81.7119758605957,73.72727813720704,25.00529613494873,0.0,0.0,0.0,0.0,0.0,0.0,0.0,0.0,0.0,0.0,0.0,0.0
535,5.35,610.8162,883.3005,748.532,468.597,758.038,55.478313,-17.008786773681642,7.444576215744019,-77.70340995788574,-9296.30859375,-2729.4441162109374,2017.9711181640625,1.2027155182892102e-08,-3.31498268835162e-08,-2.271518923180338e-07,1.26574055684614e-05,-7.759993741274229e-06,2.1344414108170894e-06,0.3046760052442551,0.5019630521535874,-1.1421368598937989,81.69916915893555,74.65304718017578,24.90377559661865,0.0,0.0,0.0,0.0,0.0,0.0,0.0,0.0,0.0,0.0,0.0,0.0
536,5.36,623.3997,885.6382,754.597,468.74,758.4038,55.55146,-6.958705234527588,5.601827573776245,-42.94771881103516,-4810.491552734375,-2046.9955444335938,713.5618774414063,7.48155262186856e-09,-1.0671467653988743e-09,-9.382512260458497e-08,8.103243499135714e-06,-3.349155508658441e-06,7.212978800907877e-07,0.2849991351366043,0.5060351967811585,-1.14901305437088,81.89525833129883,71.69039611816406,24.68761920928955,0.0,0.0,0.0,0.0,0.0,0.0,0.0,0.0,0.0,0.0,0.0,0.0
537,5.37,635.6179,887.91284,759.867,468.577,758.74866,55.534897,-0.6160641655325889,3.775047206878662,-18.72397975921631,-1787.1885864257813,-1406.1042724609374,-79.79179344177246,3.957354421935122e-09,1.560833844393983e-08,-1.0361848428591668e-08,4.476130197872408e-06,-5.491016945136096e-07,-1.2005280698446085e-07,0.26866050362586974,0.5052383780479431,-1.1713642597198486,82.4384147644043,65.80798301696777,24.57404327392578,0.0,0.0,0.0,0.0,0.0,0.0,0.0,0.0,0.0,0.0,0.0,0.0
538,5.38,647.6878,890.04456,763.538,468.44,759.50543,55.806297,2.7579993724823,2.2354527831077577,-3.3631169587373733,44.70022459030152,-858.792236328125,-476.7923553466797,1.5170992073709754e-09,2.1714541453832225e-08,3.4221525879729595e-08,1.9007216906175018e-06,9.78522029981832e-07,-5.339005213045312e-07,0.25790090262889864,0.5020941197872162,-1.2068824291229248,83.30123825073242,58.80368270874023,25.004894828796388,0.0,0.0,0.0,0.0,0.0,0.0,0.0,0.0,0.0,0.0,0.0,0.0
539,5.39,659.7318,891.9503,766.591,467.999,760.17664,55.777596,4.057274723052979,1.0890254378318787,5.071332693099976,979.967138671875,-441.2382019042969,-605.5290405273438,2.120380919456988e-11,2.1415325512919026e-08,5.173681003611819e-08,2.7450279667107224e-07,1.60942324782809e-06,-6.622227886055043e-07,0.2535749554634094,0.4983308672904968,-1.2507192730903625,84.5315948486328,52.320864868164065,25.766204833984375,0.0,0.0,0.0,0.0,0.0,0.0,0.0,0.0,0.0,0.0,0.0,0.0
540,5.4,671.6538,893.69006,768.853,467.636,760.2014,55.827915,4.082840776443481,0.3266298584640026,8.607227516174316,1305.8745971679687,-156.49117012023925,-575.8129272460938,-7.517872380180535e-10,1.7867964707818374e-08,5.25502642290121e-08,-6.056761918671327e-07,1.6789940900707733e-06,-6.233099043129187e-07,0.25522667169570923,0.4938173651695251,-1.2984051823616027,85.94436264038086,47.165480041503905,26.40348262786865,0.0,0.0,0.0,0.0,0.0,0.0,0.0,0.0,0.0,0.0,0.0,0.0
541,5.41,682.5664,895.1519,770.866,467.203,760.3863,55.919106,3.4490382194519045,-0.11737597892060876,9.062550449371338,1266.6269775390624,14.807013809680939,-469.28233337402344,-1.0303612851814137e-09,1.3211553984149305e-08,4.4641806340450786e-08,-9.625502627841343e-07,1.448738964882068e-06,-5.045213782750579e-07,0.2598782777786255,0.489567494392395,-1.347144889831543,87.23239135742188,43.06481857299805,26.67503204345703,0.0,0.0,0.0,0.0,0.0,0.0,0.0,0.0,0.0,0.0,0.0,0.0
542,5.42,693.2935,896.4622,773.485,466.855,760.067,56.26409,2.5764243602752686,-0.3272158086299896,7.8607841491699215,1045.7279418945313,100.5928451538086,-340.11163024902345,-1.0104180159231646e-09,8.722384503556669e-09,3.34991204553603e-08,-9.936371327512461e-07,1.100710443324715e-06,-3.6346012848298416e-07,0.26555901765823364,0.4857274264097214,-1.3893627285957337,89.31911697387696,40.37765884399414,26.47855281829834,0.0,0.0,0.0,0.0,0.0,0.0,0.0,0.0,0.0,0.0,0.0,0.0
543,5.43,703.77167,897.7659,776.294,466.469,759.47064,56.400894,1.7192152500152589,-0.38332766890525816,5.996882009506225,766.3731872558594,128.78957595825196,-219.76071166992188,-8.400491413596001e-10,5.030602223676795e-09,2.24580787744344e-08,-8.521820859641594e-07,7.472357310689404e-07,-2.3329184131171133e-07,0.27263194918632505,0.48211448490619657,-1.4147221088409423,93.15675811767578,40.0840145111084,26.17876319885254,0.0,0.0,0.0,0.0,0.0,0.0,0.0,0.0,0.0,0.0,0.0,0.0
544,5.44,714.1453,899.2879,779.458,466.577,760.89923,56.778408,1.00576291680336,-0.3514558672904968,4.087663173675537,501.20896606445314,122.88900909423828,-123.01802597045898,-6.192831858431447e-10,2.3340615884492878e-09,1.321886706762143e-08,-6.443696292990353e-07,4.4696969041524427e-07,-1.2935406346059608e-07,0.2795789361000061,0.48120562732219696,-1.4232803106307983,97.95216217041016,41.59003219604492,26.38312358856201,0.0,0.0,0.0,0.0,0.0,0.0,0.0,0.0,0.0,0.0,0.0,0.0
545,5.45,723.856,900.4093,782.244,466.385,761.04224,56.904076,0.47932451367378237,-0.2793672144412994,2.4576587796211244,285.3630035400391,100.38052368164062,-53.75126342773437,-4.07570177607397e-10,5.768549330917305e-10,6.3707096042975305e-09,-4.3534597864436365e-07,2.2165858553080399e-07,-5.538146474748373e-08,0.28595367074012756,0.48331230878829956,-1.4191622257232666,101.88610610961913,43.734263229370114,27.54256248474121,0.0,0.0,0.0,0.0,0.0,0.0,0.0,0.0,0.0,0.0,0.0,0.0
546,5.46,733.625,901.66797,785.745,466.287,760.7654,56.948376,0.13252193797379733,-0.19801015406847,1.2295950531959534,129.09338760375977,72.89398612976075,-9.596555399894715,-2.3406233617961903e-10,-4.186265549488422e-10,1.837878926824743e-09,-2.5882054188741677e-07,7.061364097893374e-08,-8.547311824980142e-09,0.2936221569776535,0.4866869330406189,-1.4031429886817932,104.12123260498046,45.939544677734375,29.441063117980956,0.0,0.0,0.0,0.0,0.0,0.0,0.0,0.0,0.0,0.0,0.0,0.0
547,5.47,742.7675,902.7687,789.286,466.401,761.3615,57.32696,-0.06690543199656532,-0.12477616369724273,0.4029236793518066,28.237617325782775,47.201703262329104,14.641478967666625,-1.077044710362518e-10,-8.644626514620057e-10,-7.854665487472268e-10,-1.269869954967362e-07,-1.8287515834991552e-08,1.690302520174214e-08,0.3025682657957077,0.49087473154067995,-1.376840388774872,104.21651840209961,47.420301055908205,31.0921989440918,0.0,0.0,0.0,0.0,0.0,0.0,0.0,0.0,0.0,0.0,0.0,0.0
548,5.48,751.6806,903.6397,792.276,466.64,761.54425,57.67094,-0.1589082196354866,-0.06732592023909093,-0.08624107907526195,-28.126662158966063,26.50368728637695,24.79178352355957,-2.5627377528577266e-11,-9.568627667988494e-10,-2.0107025378024444e-09,-3.903724481446602e-08,-6.112895469811975e-08,2.7318695750011557e-08,0.31131975948810575,0.4975415915250778,-1.3475418210029602,102.2007827758789,46.59592781066895,31.68220386505127,0.0,0.0,0.0,0.0,0.0,0.0,0.0,0.0,0.0,0.0,0.0,0.0
549,5.49,761.24023,904.7195,795.388,467.064,761.373,57.85866,-0.18106304556131364,-0.027099751960486175,-0.3242485195398331,-52.66894187927246,11.654952001571655,26.085628509521484,2.0661746749292552e-11,-8.527802408675455e-10,-2.3224701051205443e-09,1.2398232368537875e-08,-7.348434181153606e-08,2.834866119627577e-08,0.3180666208267212,0.507268875837326,-1.3217517256736755,98.33913040161133,43.75750923156738,31.06991901397705,0.0,0.0,0.0,0.0,0.0,0.0,0.0,0.0,0.0,0.0,0.0,0.0
550,5.5,770.6112,904.9851,798.738,467.002,761.68256,58.246357,-0.1637708306312561,-0.002109423518413678,-0.395322659611702,-56.950049209594724,2.1685342833399774,22.617844772338866,4.120327863621487e-11,-6.641009908658902e-10,-2.114860597757229e-09,3.689695144970529e-08,-6.819699578386463e-08,2.438651893754695e-08,0.32076869904994965,0.5179628312587738,-1.3055395603179931,93.93070602416992,40.41956214904785,29.227048683166505,0.0,0.0,0.0,0.0,0.0,0.0,0.0,0.0,0.0,0.0,0.0,0.0
551,5.51,779.7481,905.2874,802.192,467.072,761.46826,58.556053,-0.12892337664961814,0.01108223693445325,-0.36924819350242616,-50.12850456237793,-3.0558032393455505,17.249723052978517,4.5242837601322526e-11,-4.6179472190654993e-10,-1.6729312712904233e-09,4.3654832637685104e-08,-5.467036849893247e-08,1.848379369562281e-08,0.3170643478631973,0.5253531396389007,-1.288045346736908,90.37533493041992,37.359317779541016,26.661030578613282,0.0,0.0,0.0,0.0,0.0,0.0,0.0,0.0,0.0,0.0,0.0,0.0
552,5.52,789.6542,905.39075,805.008,466.972,761.59705,59.02782,-0.0905656673014164,0.01611322220414877,-0.2973229169845581,-38.6756233215332,-5.259485912322998,11.754504013061524,4.015211149677178e-11,-2.845343266555389e-10,-1.1804724753261554e-09,4.021430086709188e-08,-3.9048057232093925e-08,1.2517975722659002e-08,0.3072721779346466,0.5273485958576203,-1.2591362953186036,88.14558410644531,35.097573852539064,24.39359016418457,0.0,0.0,0.0,0.0,0.0,0.0,0.0,0.0,0.0,0.0,0.0,0.0
553,5.53,797.6515,905.5746,809.084,467.243,761.8322,59.38259,-0.05648001134395599,0.016148382145911456,-0.21320469826459884,-26.65473175048828,-5.559866237640381,7.064652681350708,3.117056040363719e-11,-1.482481339076802e-10,-7.400501933485515e-10,3.2071912947628786e-08,-2.482300303086049e-08,7.465025086972333e-09,0.29614866375923155,0.5265372097492218,-1.2224586248397826,87.44373397827148,35.06152877807617,23.094819831848145,0.0,0.0,0.0,0.0,0.0,0.0,0.0,0.0,0.0,0.0,0.0,0.0
554,5.54,806.0514,905.47656,813.16,467.077,761.71454,59.608727,-0.02999342866241932,0.0136076420545578,-0.13614241853356362,-16.24640111923218,-4.833408498764038,3.532299828529358,2.1610389346060634e-11,-5.4638519403349406e-11,-3.961886041459195e-10,2.280066464521724e-08,-1.3570890367020638e-08,3.682417926142989e-09,0.28863899409770966,0.5254880070686341,-1.1901606798171998,87.9374397277832,37.574160766601565,22.80168228149414,0.0,0.0,0.0,0.0,0.0,0.0,0.0,0.0,0.0,0.0,0.0,0.0
555,5.55,814.919,905.3146,817.341,467.085,761.69946,59.989357,-0.011613527266308665,0.010144212283194065,-0.07492147162556648,-8.317003345489502,-3.6937605857849123,1.1552020251750945,1.3267402107497438e-11,2.1810620041799734e-12,-1.5649444101706323e-10,1.4417715732406578e-08,-5.6313245622163775e-09,1.1527779619768808e-09,0.28738062679767606,0.523127657175064,-1.1749783754348755,88.55426025390625,41.90290718078613,23.675583267211913,0.0,0.0,0.0,0.0,0.0,0.0,0.0,0.0,0.0,0.0,0.0,0.0
556,5.56,823.2411,904.986,821.689,466.912,762.24133,60.248486,-0.00031690555042587223,0.0067548688501119615,-0.03155172485858202,-2.919474720954895,-2.5221133470535277,-0.25085390321910384,6.8726566104793104e-12,3.106886397458153e-11,-8.375225582230982e-12,7.820135650149496e-09,-6.541304858886932e-10,-3.3137603078214894e-10,0.29390100240707395,0.5188329994678498,-1.1859630823135376,88.45984497070313,46.30946159362793,25.637684440612794,0.0,0.0,0.0,0.0,0.0,0.0,0.0,0.0,0.0,0.0,0.0,0.0
557,5.57,831.856,904.8828,825.675,467.205,762.1524,60.84214,0.005545369372703135,0.003940709144808352,-0.0042385901790112255,0.3201405979692936,-1.5196591377258302,-0.934513372182846,2.4935672450487887e-12,4.1008412637877354e-11,6.915853029143548e-11,3.1865536986863676e-09,2.0102642550590132e-09,-1.0424572927103527e-09,0.3057903081178665,0.5143166184425354,-1.2214521288871765,87.21511764526367,48.65599365234375,28.156680488586424,0.0,0.0,0.0,0.0,0.0,0.0,0.0,0.0,0.0,0.0,0.0,0.0
558,5.58,840.101,904.3867,830.241,466.842,762.1143,61.09785,0.0076827775221318005,0.0018684028065763414,0.010485524544492364,1.9361788034439087,-0.7630999475717545,-1.138172483444214,-1.5457769409637536e-13,3.9624179978825505e-11,9.809060716459151e-11,2.976646547303563e-10,3.0625417313245863e-09,-1.2431202178753153e-09,0.3192416876554489,0.5098188698291779,-1.2642046809196472,84.32988586425782,47.74973602294922,30.688218879699708,0.0,0.0,0.0,0.0,0.0,0.0,0.0,0.0,0.0,0.0,0.0,0.0
559,5.59,848.2685,903.86975,834.162,466.921,762.7046,61.763943,0.007565071620047092,0.0005061487856437453,0.016399504151195288,2.4608211755752563,-0.25293501019477843,-1.0626023054122924,-1.4925418756819853e-12,3.263325581981391e-11,9.743284651309025e-11,-1.2358223278052804e-09,3.118651292766117e-09,-1.1493788698579976e-09,0.3325108528137207,0.5035828590393067,-1.2927606105804443,80.31405792236328,43.9218563079834,32.69201793670654,0.0,0.0,0.0,0.0,0.0,0.0,0.0,0.0,0.0,0.0,0.0,0.0
560,5.6,856.6981,903.4053,838.923,466.555,762.99994,62.019882,0.006305771181359887,-0.00027492750300552873,0.01684359647333622,2.3408119916915893,0.049621875723823906,-0.8553447365760803,-1.944413922407018e-12,2.3865479210904982e-11,8.165548029404057e-11,-1.8289690317807583e-09,2.6533462094135984e-09,-9.190218641652592e-10,0.3443483471870422,0.49372934699058535,-1.2930767059326171,76.58536834716797,37.38169441223145,33.63013534545898,0.0,0.0,0.0,0.0,0.0,0.0,0.0,0.0,0.0,0.0,0.0,0.0
561,5.61,865.02856,902.7086,842.676,466.286,762.6533,62.544018,0.004658671282231808,-0.0006332232966087759,0.01440308876335621,1.908149039745331,0.19742301404476165,-0.6131759822368622,-1.8687933145411506e-12,1.5572838418104196e-11,6.05991892083102e-11,-1.8443266469603258e-09,1.993506637543163e-09,-6.548784736715163e-10,0.35353370010852814,0.48076730966567993,-1.257491946220398,75.14266204833984,28.474518394470216,33.208604431152345,0.0,0.0,0.0,0.0,0.0,0.0,0.0,0.0,0.0,0.0,0.0,0.0
562,5.62,873.62427,902.12024,847.586,466.097,763.2123,63.296364,0.0030730454251170158,-0.0007172259211074561,0.010865183640271425,1.3831856012344361,0.24218289107084273,-0.3914190620183945,-1.5337628194410368e-12,8.838683517725655e-12,4.01634399349593e-11,-1.559981022136725e-09,1.3381365349118824e-09,-4.1520764604285887e-10,0.359391576051712,0.46942216753959654,-1.1961655974388123,77.0433578491211,19.26950149536133,31.116890525817873,0.0,0.0,0.0,0.0,0.0,0.0,0.0,0.0,0.0,0.0,0.0,0.0
563,5.63,882.3329,901.5643,852.078,465.772,762.9376,63.676365,0.0017703017801977694,-0.0006467951519880444,0.0073232798837125305,0.8939185678958893,0.2268359676003456,-0.21530294716358184,-1.1183552348081883e-12,3.9734378331005014e-12,2.328515071731152e-11,-1.166495999793682e-09,7.889141728778526e-10,-2.261054204977242e-10,0.36207606494426725,0.46286134123802186,-1.128628408908844,82.46237716674804,11.632319736480714,28.048577117919923,0.0,0.0,0.0,0.0,0.0,0.0,0.0,0.0,0.0,0.0,0.0,0.0
564,5.64,890.9362,901.0677,856.435,465.738,763.8568,64.263885,0.0008195289352443069,-0.0005080694070784375,0.004340559453703463,0.5005449831485749,0.1829962208867073,-0.09057569615542889,-7.274183588378697e-13,8.406714946840744e-13,1.0911647106703892e-11,-7.792099132597486e-10,3.813325766266473e-10,-9.298515152300623e-11,0.3628227531909943,0.46223618984222414,-1.0651445150375367,90.06863784790039,6.288915681838989,25.239837646484375,0.0,0.0,0.0,0.0,0.0,0.0,0.0,0.0,0.0,0.0,0.0,0.0
565,5.65,899.56067,900.7185,861.165,465.527,763.15686,64.84501,0.00020050039956913678,-0.0003561883379006758,0.002118170307949185,0.21884108632802962,0.131443789601326,-0.012051727762445808,-4.110183981359539e-13,-9.043326824149587e-13,2.816506752757915e-12,-4.564815858643101e-10,1.1120881472648225e-10,-9.761220098273432e-12,0.3632358431816101,0.4667318075895309,-1.0128636479377746,98.40634155273438,4.052625155448913,23.089414024353026,0.0,0.0,0.0,0.0,0.0,0.0,0.0,0.0,0.0,0.0,0.0,0.0
566,5.66,908.3683,900.20917,865.302,465.517,764.2628,65.50682,-0.00014975763315305812,-0.0002216055800090544,0.0006391219154465944,0.039228781359270215,0.08409206420183182,0.030258168652653693,-1.8310322130580572e-13,-1.6588309610481022e-12,-1.7947011295171324e-12,-2.181064828743473e-10,-4.539044491831678e-11,3.4603838718061383e-11,0.3637508273124695,0.47412530779838563,-0.9751192331314087,106.22765884399413,5.14982852935791,21.550324058532716,0.0,0.0,0.0,0.0,0.0,0.0,0.0,0.0,0.0,0.0,0.0,0.0
567,5.67,917.37616,899.6741,870.358,465.089,764.2319,66.42277,-0.0003062335483264178,-0.00011724834985216148,-0.0002231151143405441,-0.05939699318259954,0.046404822170734404,0.04723178297281265,-3.682787982061e-14,-1.7841628456756463e-12,-3.882762297444109e-12,-6.09030384284004e-11,-1.1876758604367765e-10,5.194622093585011e-11,0.36587192118167877,0.48282924592494963,-0.9545533299446106,112.2771240234375,9.051213312149049,20.385282135009767,0.0,0.0,0.0,0.0,0.0,0.0,0.0,0.0,0.0,0.0,0.0,0.0
568,5.68,926.4455,899.0828,875.099,464.946,764.4566,67.16115,-0.00033821472025010737,-4.4978183541388714e-05,-0.0006313777819741517,-0.1007276013493538,0.019661727547645568,0.04848040416836739,4.426574260136054e-14,-1.5659317701040288e-12,-4.341807729318914e-12,2.96279279972736e-11,-1.3770017764924702e-10,5.263753564965778e-11,0.3693622797727585,0.49167750477790834,-0.9473268568515778,115.92138671875,15.513127040863036,19.663530158996583,0.0,0.0,0.0,0.0,0.0,0.0,0.0,0.0,0.0,0.0,0.0,0.0
569,5.69,935.929,898.5456,879.993,464.863,764.96985,68.15669,-0.0003010762738995254,-6.683992182843213e-07,-0.0007413805578835309,-0.10603097677230836,0.002786986267892644,0.04144074022769928,7.897379717411793e-14,-1.2055195275188779e-12,-3.88999318867711e-12,7.15109256532731e-11,-1.2562130294324624e-10,4.4652408853762536e-11,0.3712727904319763,0.5003236949443817,-0.9497133314609527,117.48460006713867,22.873340606689453,19.208797454833984,0.0,0.0,0.0,0.0,0.0,0.0,0.0,0.0,0.0,0.0,0.0,0.0
570,5.7,945.52203,897.65466,884.816,464.617,764.9939,69.24848,-0.00023426096886396407,2.2234689549804897e-05,-0.0006804992735851556,-0.09195815026760101,-0.006336607504636049,0.03125227242708206,8.43169508009129e-14,-8.290656952191638e-13,-3.0411386733528166e-12,8.172809720652374e-11,-9.950116008905497e-11,3.346859629715926e-11,0.37164386510849,0.5071075797080994,-0.9683699369430542,117.84509201049805,28.52578201293945,18.347740745544435,0.0,0.0,0.0,0.0,0.0,0.0,0.0,0.0,0.0,0.0,0.0,0.0
571,5.71,955.0175,896.65485,889.976,464.309,765.55347,70.30438,-0.00016276443493552507,3.049497099709697e-05,-0.0005413460312411189,-0.07014630548655987,-0.010026572085916997,0.02105820383876562,7.370533694549091e-14,-5.04010421180541e-13,-2.122516279488146e-12,7.403436613762082e-11,-7.029578065476106e-11,2.241123189805627e-11,0.37231681644916537,0.5108377933502197,-1.0064306199550628,117.0863021850586,31.783227920532227,16.784427642822266,0.0,0.0,0.0,0.0,0.0,0.0,0.0,0.0,0.0,0.0,0.0,0.0
572,5.72,964.6087,895.6148,895.457,463.99,765.7973,71.45931,-0.00010018858447438105,2.9912695390521547e-05,-0.000383972076815553,-0.04780901521444321,-0.010336256958544255,0.01247657584026456,5.6566559704547546e-14,-2.56906847954496e-13,-1.3135610437906008e-12,5.83446874147242e-11,-4.413086632237828e-11,1.3171046024662569e-11,0.37491036057472227,0.5117920815944672,-1.0532057404518127,114.20430603027344,32.811075592041014,15.091090297698974,0.0,0.0,0.0,0.0,0.0,0.0,0.0,0.0,0.0,0.0,0.0,0.0
573,5.73,974.23645,894.3774,900.813,463.601,766.2375,72.567566,-5.211798634263687e-05,2.48732305408339e-05,-0.0002421607307041995,-0.02874089404940605,-0.008857732638716698,0.006084363232366741,3.878535235763824e-14,-8.906444680346296e-14,-6.892139962043353e-13,4.1027278449567996e-11,-2.367628107458053e-11,6.32996454731638e-12,0.3798619031906128,0.5103687405586242,-1.0913147926330566,108.89677352905274,32.613572692871095,13.758194065093994,0.0,0.0,0.0,0.0,0.0,0.0,0.0,0.0,0.0,0.0,0.0,0.0
574,5.74,983.6006,893.0291,906.694,463.24,766.98236,73.86098,-1.912741190608358e-05,1.8339103735343088e-05,-0.00013082730511086992,-0.014376229047775269,-0.0066934660077095035,0.0018314880522666498,2.3491180619380613e-14,1.1402598124336719e-14,-2.5877933964527783e-13,2.561647907683984e-11,-9.40081224670708e-12,1.807230965355719e-12,0.38488431870937345,0.5072237253189087,-1.1049473881721497,102.27445831298829,32.4744197845459,12.656257247924804,0.0,0.0,0.0,0.0,0.0,0.0,0.0,0.0,0.0,0.0,0.0,0.0
575,5.75,993.10266,891.86945,912.697,462.797,767.25543,75.30507,8.769627470428532e-07,1.2071360015397658e-05,-5.281623616610886e-05,-0.00470765755744651,-0.004519332037307322,-0.0006468090475209465,1.1900051002786865e-14,6.128559438363032e-14,3.682748181041599e-15,1.362857543832363e-11,-5.665228967096768e-13,-8.060632321121517e-13,0.3864664167165756,0.504471892118454,-1.0910150527954101,95.48769989013672,33.37672653198242,12.347622680664063,0.0,0.0,0.0,0.0,0.0,0.0,0.0,0.0,0.0,0.0,0.0,0.0
576,5.76,1002.75146,890.3068,919.48,462.033,767.95044,76.78266,1.1030158475477947e-05,6.933839949851972e-06,-4.3107861415592195e-06,0.001012739728685119,-0.002684628963470459,-0.0018193896510638296,4.050818677328827e-15,7.723901000126349e-14,1.3813470224437185e-13,5.3013077217986536e-12,4.06844718504884e-12,-2.022864178680833e-12,0.3838283956050873,0.5028183221817016,-1.061955201625824,88.75435867309571,35.688860702514646,13.367061805725097,0.0,0.0,0.0,0.0,0.0,0.0,0.0,0.0,0.0,0.0,0.0,0.0
577,5.77,1012.29193,888.9618,926.374,461.475,768.4415,78.402275,1.45061199873453e-05,3.19189199444736e-06,2.1328115872165652e-05,0.003795381332747638,-0.001315283728763461,-0.0021343812346458434,-6.294564675958151e-16,7.320787720607389e-14,1.8542114187374698e-13,1.7693637760453005e-13,5.808442138724445e-12,-2.3283648663621757e-12,0.37754997313022615,0.5020890712738038,-1.0250381588935853,82.66313781738282,38.905652618408205,15.667320251464844,0.0,0.0,0.0,0.0,0.0,0.0,0.0,0.0,0.0,0.0,0.0,0.0
578,5.78,1022.346,887.4834,933.192,460.933,769.43677,80.34156,1.399588491040049e-05,7.608986530627249e-07,3.1139612838160245e-05,0.004625631123781204,-0.00040234567422885447,-0.0019582344335503875,-2.9376940036999966e-15,5.953355247201395e-14,1.8036844939709265e-13,-2.4875653403463873e-12,5.783271257719935e-12,-2.116597045201396e-12,0.36952943801879884,0.501051253080368,-0.9738078653812409,78.7297348022461,41.129920196533206,19.25526294708252,0.0,0.0,0.0,0.0,0.0,0.0,0.0,0.0,0.0,0.0,0.0,0.0
579,5.79,1032.3512,886.2305,941.008,459.882,769.6279,82.21413,1.1515620371937985e-05,-6.104059892209079e-07,3.125328221358359e-05,0.004319825721904635,0.00013111131634104822,-0.0015573111944831909,-3.659772184707222e-15,4.306464784927487e-14,1.4918815830064144e-13,-3.464266135240479e-12,4.853918916108979e-12,-1.6722531237349513e-12,0.3622612088918686,0.49750401377677916,-0.9051326155662537,78.37499771118163,40.74645729064942,23.788554000854493,0.0,0.0,0.0,0.0,0.0,0.0,0.0,0.0,0.0,0.0,0.0,0.0
580,5.8,1042.8654,884.93585,948.644,459.119,770.529,84.24062,8.414801368417101e-06,-1.2192124700050045e-06,2.6359452203905675e-05,0.003477982012555003,0.00038479688228107987,-0.0011042706435546279,-3.451360193903422e-15,2.776756451996435e-14,1.0950608502662343e-13,-3.4178355675165695e-12,3.6066324189329426e-12,-1.17865942700357e-12,0.35818630158901216,0.4898452550172806,-0.8292627096176147,81.03661270141602,38.019270706176755,28.25430564880371,0.0,0.0,0.0,0.0,0.0,0.0,0.0,0.0,0.0,0.0,0.0,0.0
581,5.81,1053.3622,883.74164,957.22,457.934,771.7862,86.46576,5.486057352754869e-06,-1.3392473647400039e-06,1.9664751016534864e-05,0.002493745624087751,0.0004543430433841422,-0.0006962035957258194,-2.7972398685950597e-15,1.549731192305266e-14,7.173780036532403e-14,-2.85236593459276e-12,2.3934120310653563e-12,-7.379405626058849e-13,0.35787437558174134,0.47943311333656313,-0.7732070326805115,86.13403549194337,34.47721214294434,31.782439613342284,0.0,0.0,0.0,0.0,0.0,0.0,0.0,0.0,0.0,0.0,0.0,0.0
582,5.82,1064.378,882.47095,965.063,457.144,772.8354,88.89651,3.109926319666556e-06,-1.1887911796293339e-06,1.3104334084346191e-05,0.0015922083286568523,0.00041813020361587406,-0.00037593644519802184,-2.0174547940232332e-15,6.728661808706369e-15,4.0938813686166967e-14,-2.109456392115211e-12,1.389962071222245e-12,-3.9426070643899106e-13,0.36057539880275724,0.46874750554561617,-0.7626724183559418,93.44485397338867,31.774803352355956,33.91746368408203,0.0,0.0,0.0,0.0,0.0,0.0,0.0,0.0,0.0,0.0,0.0,0.0
583,5.83,1075.554,881.1377,973.463,456.236,774.08716,91.707466,1.3946273327292147e-06,-9.230094690337865e-07,7.652552494619157e-06,0.000876074522966519,0.00033324307878501713,-0.00015159061513259076,-1.296578489240691e-15,1.151026579648677e-15,1.8605824414247468e-14,-1.3929739523313445e-12,6.534420926443755e-13,-1.5496549830569356e-13,0.36714995205402373,0.4598581463098526,-0.8029405117034912,101.49744110107422,31.133166694641112,34.20236396789551,0.0,0.0,0.0,0.0,0.0,0.0,0.0,0.0,0.0,0.0,0.0,0.0
584,5.84,1086.6622,879.938,981.964,455.529,775.49615,94.51842,2.9112512383022705e-07,-6.400084032520681e-07,3.635033317550551e-06,0.00036880656552966683,0.00023676422715652735,-1.2145093478466151e-05,-7.202386530858932e-16,-1.901029151923152e-15,4.167376514802195e-15,-8.036201261732435e-13,1.7096332572422375e-13,-7.293825569223782e-15,0.37772281765937804,0.4541281461715698,-0.8788203775882721,109.32242889404297,32.58839378356934,33.03718566894531,0.0,0.0,0.0,0.0,0.0,0.0,0.0,0.0,0.0,0.0,0.0,0.0
585,5.85,1097.4988,878.7699,990.631,454.917,777.4047,97.83009,-3.227524850046848e-07,-3.9299165450756844e-07,9.920408515995406e-07,4.937948324368335e-05,0.00014960927874199114,6.152345413283911e-05,-3.0958740025860807e-16,-3.1700654437355395e-15,-3.921488340046561e-15,-3.73060858192744e-13,-1.0436012930968531e-13,6.983831610620546e-14,0.39050203263759614,0.4532494395971298,-0.9680407702922821,117.15137176513672,35.24840240478515,30.98865737915039,0.0,0.0,0.0,0.0,0.0,0.0,0.0,0.0,0.0,0.0,0.0,0.0
586,5.86,1108.7156,877.95514,1000.03,454.397,779.3499,101.29726,-5.874471298739081e-07,-2.0363027886105556e-07,-5.249625414704973e-07,-0.00012278878421057016,8.10617802926572e-05,8.96767305675894e-05,-4.9252862388389237e-17,-3.320658478515816e-15,-7.461782758246947e-15,-9.24259051438063e-14,-2.2947612641479806e-13,9.845604624007624e-14,0.40321649312973024,0.45815763175487517,-1.058389413356781,124.89848556518555,37.73431053161621,28.42297821044922,0.0,0.0,0.0,0.0,0.0,0.0,0.0,0.0,0.0,0.0,0.0,0.0
587,5.87,1120.7883,877.0847,1009.57,454.17,781.9755,105.49034,-6.305459692157456e-07,-7.393802476940437e-08,-1.2222694977026548e-06,-0.000191911771253217,3.2949580963759216e-05,8.995152456918732e-05,9.249251408630177e-17,-2.871955162564704e-15,-8.100873352115053e-15,6.660502693744074e-14,-2.57485536798302e-13,9.757864817810242e-14,0.41247186064720154,0.4671147644519806,-1.147684383392334,130.91030578613282,38.68783454895019,25.845360946655273,0.0,0.0,0.0,0.0,0.0,0.0,0.0,0.0,0.0,0.0,0.0,0.0
588,5.88,1132.133,876.95715,1020.07996,454.266,785.4895,109.99697,-5.528054714432073e-07,4.504051998033276e-09,-1.3873530519958877e-06,-0.00019706538878381253,2.9749773887033372e-06,7.583941987832077e-05,1.5076372383054896e-16,-2.1860170398564464e-15,-7.146039453399941e-15,1.3787163142923998e-13,-2.3109576725117637e-13,8.166518134476719e-14,0.41502955853939055,0.4777024120092392,-1.2303927183151244,134.28250885009766,37.173923873901366,23.8089807510376,0.0,0.0,0.0,0.0,0.0,0.0,0.0,0.0,0.0,0.0,0.0,0.0
589,5.89,1144.3383,876.6755,1031.68,453.511,788.78754,114.43118,-4.2521226930603005e-07,4.41484317548202e-08,-1.2524514772849215e-06,-0.00016849044186528772,-1.2918223001179286e-05,5.656149951391853e-05,1.5685436717734021e-16,-1.486714621888824e-15,-5.522439500322846e-15,1.5269120874367853e-13,-1.8089954447603196e-13,6.053732480039952e-14,0.4127319991588593,0.48965404331684115,-1.299662172794342,134.69593505859376,34.190711212158206,23.13455238342285,0.0,0.0,0.0,0.0,0.0,0.0,0.0,0.0,0.0,0.0,0.0,0.0
590,5.9,1156.174,876.763,1044.41,452.907,793.47064,119.83867,-2.921881517181646e-07,5.754963545712144e-08,-9.845851138834405e-07,-0.00012709021757473238,-1.9048213289352134e-05,3.768051428778563e-05,1.3513325147780897e-16,-8.913459470519859e-16,-3.812033853217765e-15,1.3612075469614585e-13,-1.2640895342736109e-13,4.0074561575534526e-14,0.40967764258384703,0.5000918805599213,-1.3420615792274475,130.79384384155273,31.5525541305542,24.216583824157716,0.0,0.0,0.0,0.0,0.0,0.0,0.0,0.0,0.0,0.0,0.0,0.0
591,5.91,1167.8405,876.9945,1057.95,452.025,798.51117,125.17288,-1.7744851277257112e-07,5.532532938445911e-08,-6.9075438773325e-07,-8.565161551814527e-05,-1.918373345688451e-05,2.1995580391376278e-05,1.0254498033594638e-16,-4.437912448350422e-16,-2.3279933566950708e-15,1.0602600340661045e-13,-7.834337426839908e-14,2.3196455166570302e-14,0.40808095037937164,0.504599416255951,-1.339527142047882,122.58230361938476,30.784048080444336,26.11520137786865,0.0,0.0,0.0,0.0,0.0,0.0,0.0,0.0,0.0,0.0,0.0,0.0
592,5.92,1179.1425,877.2139,1072.37,450.972,804.8369,130.74567,-9.029748540001493e-08,4.541422882198276e-08,-4.3012475430259657e-07,-5.0759525038301945e-05,-1.6213655453611863e-05,1.0440394908073358e-05,6.952946180502177e-17,-1.4320448185579064e-16,-1.1955738654508507e-15,7.37417952764198e-14,-4.119977776095244e-14,1.0837100717541382e-14,0.4074126541614532,0.5011343866586685,-1.2962112545967102,110.93115234375,32.31682777404785,27.596049308776855,0.0,0.0,0.0,0.0,0.0,0.0,0.0,0.0,0.0,0.0,0.0,0.0
593,5.93,1190.0195,877.43896,1087.27,450.025,811.91034,136.7335,-3.115039133305686e-08,3.31187969493385e-08,-2.2787560141068753e-07,-2.4764487352513243e-05,-1.2116390917071839e-05,2.8409489402747566e-06,4.152567939693999e-17,3.413780091416669e-17,-4.235018993665015e-16,4.544679519866146e-14,-1.556116317244082e-14,2.7610526927649118e-15,0.4064413785934448,0.49268165826797483,-1.241500699520111,96.93736572265625,35.04234619140625,28.048358726501466,0.0,0.0,0.0,0.0,0.0,0.0,0.0,0.0,0.0,0.0,0.0,0.0
594,5.94,1200.188,878.14526,1103.07,448.868,819.50586,143.13527,4.216519189359502e-09,2.1544937389705865e-08,-8.771079897940127e-08,-7.466048077731102e-06,-8.088437061815057e-06,-1.5190994794522795e-06,2.053781613160903e-17,1.1997018977246512e-16,4.083248975998846e-17,2.3687771206614294e-14,9.556348266002572e-17,-1.8315452075511332e-15,0.4027935296297073,0.48421187698841095,-1.2088120341300965,83.35585021972656,37.265997314453124,27.273819351196288,0.0,0.0,0.0,0.0,0.0,0.0,0.0,0.0,0.0,0.0,0.0,0.0
595,5.95,1210.0322,878.69434,1119.58,447.461,827.92645,149.63089,2.1744489941966094e-08,1.2176287622622794e-08,-1.6982457440306576e-09,2.6169680594989587e-06,-4.7344009999505944e-06,-3.521611438372929e-06,6.485290720731932e-18,1.4512039064226881e-16,2.732601450313192e-16,8.739352515250184e-15,8.135733458927426e-15,-3.904193473098756e-15,0.3940306305885315,0.47873954474925995,-1.2058457612991333,72.95333480834961,38.61694869995117,25.82590808868408,0.0,0.0,0.0,0.0,0.0,0.0,0.0,0.0,0.0,0.0,0.0,0.0
596,5.96,1219.0392,879.4118,1136.85,446.095,837.242,156.71567,2.7316974460234178e-08,5.426739213554299e-09,4.2823907442368635e-08,7.389954771497287e-06,-2.258564734347601e-06,-3.993869404439465e-06,-1.772309304145722e-18,1.3506465769094913e-16,3.495430031717775e-16,-3.363523880477798e-16,1.0983196282657445e-14,-4.3519132355673404e-15,0.3798023253679276,0.4784137934446335,-1.2274153232574463,66.94543762207032,39.412405014038086,25.06555347442627,0.0,0.0,0.0,0.0,0.0,0.0,0.0,0.0,0.0,0.0,0.0,0.0
597,5.97,1227.8883,879.8252,1154.97,443.903,847.6517,163.39099,2.5855416119213716e-08,1.0942215024692392e-09,5.8944583258835334e-08,8.674640957906376e-06,-6.268723815594512e-07,-3.6039856240677182e-06,-5.739970341779959e-18,1.0848904529295976e-16,3.334025177231169e-16,-4.952462305676071e-15,1.070783408772466e-14,-3.89267026747772e-15,0.36249068677425383,0.4829959660768509,-1.2635884523391723,65.92673187255859,39.5023250579834,25.68861656188965,0.0,0.0,0.0,0.0,0.0,0.0,0.0,0.0,0.0,0.0,0.0,0.0
598,5.98,1236.0416,880.3253,1173.0,442.928,858.98474,170.30693,2.1006470340978467e-08,-1.3082259386898442e-09,5.789839399028551e-08,7.961046048876596e-06,3.119582353328099e-07,-2.832314567058347e-06,-6.87177278805095e-18,7.762513073789296e-17,2.7226824033332687e-16,-6.5426750151811266e-15,8.86942683333376e-15,-3.0395696208815866e-15,0.3447763711214066,0.49067583680152893,-1.3009997844696044,69.41564636230468,39.515662384033206,27.33393611907959,0.0,0.0,0.0,0.0,0.0,0.0,0.0,0.0,0.0,0.0,0.0,0.0
599,5.99,1243.9414,880.63257,1191.33,441.623,871.08826,176.61867,1.5183081192304825e-08,-2.336975857275547e-09,4.8185707157699656e-08,6.3324182519863825e-06,7.455500679043325e-07,-1.98649216827107e-06,-6.365196917088727e-18,4.9445518186595487e-17,1.976720312551328e-16,-6.324097485515797e-15,6.518148922083494e-15,-2.119011312717769e-15,0.33194180727005007,0.49914988577365876,-1.3292100429534912,75.5799934387207,40.46893653869629,29.79043788909912,0.0,0.0,0.0,0.0,0.0,0.0,0.0,0.0,0.0,0.0,0.0,0.0
600,6.0,1251.5474,881.0097,1210.25,440.383,883.879,182.39407,9.78110410443378e-09,-2.4959518452050135e-09,3.5553196653381744e-08,4.491078584578645e-06,8.504931088282319e-07,-1.236546370364522e-06,-5.0959538625486815e-18,2.7112234901599062e-17,1.27970050014579e-16,-5.209540405057777e-15,4.275578943998138e-15,-1.3096154486175897e-15,0.3284726232290268,0.5064901888370514,-1.3451724290847777,82.81542358398437,42.87757949829101,32.913391494750975,0.0,0.0,0.0,0.0,0.0,0.0,0.0,0.0,0.0,0.0,0.0,0.0
601,6.01,1259.5804,881.1946,1228.61,440.238,897.8832,187.99358,5.451924334209934e-09,-2.18224232018116e-09,2.342016429679461e-08,2.8320735964371125e-06,7.697189687405626e-07,-6.547628316866394e-07,-3.6354429103027955e-18,1.132573287612023e-17,7.183091285756602e-17,-3.810616047119004e-15,2.444290387430023e-15,-6.856668498189872e-16,0.33339651226997374,0.5122227132320404,-1.3560221791267395,90.51639022827149,46.12386207580566,36.122972106933595,0.0,0.0,0.0,0.0,0.0,0.0,0.0,0.0,0.0,0.0,0.0,0.0
602,6.02,1267.558,881.5002,1247.14,439.627,911.9643,192.6161,2.360684292490589e-09,-1.6750479447935617e-09,1.3466678883133909e-08,1.5297605500563804e-06,6.061934186618601e-07,-2.516859986201325e-07,-2.3079542638020737e-18,1.4090060382947979e-18,3.156545486981526e-17,-2.4870559374424137e-15,1.1147852023125834e-15,-2.559993261610168e-16,0.3415870666503906,0.5166471779346467,-1.3645418405532836,97.99467086791992,49.37904090881348,38.69123306274414,0.0,0.0,0.0,0.0,0.0,0.0,0.0,0.0,0.0,0.0,0.0,0.0
603,6.03,1275.1353,882.129,1265.1,439.602,927.4863,195.92181,3.9618799959478814e-10,-1.1486751494427238e-09,6.211763037278217e-09,6.173247953711325e-07,4.26004504561206e-07,-4.423358568317326e-09,-1.2592552518940163e-18,-3.916370568964484e-18,5.847287539531064e-18,-1.4119981950126129e-15,2.541151285013737e-16,5.627593047577319e-18,0.3479732424020767,0.5206632435321807,-1.361257803440094,104.23971099853516,52.300360107421874,40.47551078796387,0.0,0.0,0.0,0.0,0.0,0.0,0.0,0.0,0.0,0.0,0.0,0.0
604,6.04,1282.9354,882.91095,1282.14,441.641,943.8578,198.3369,-6.773149957561841e-10,-6.958428167003206e-10,1.4948435644260988e-09,5.0061220768782275e-08,2.657945898931757e-07,1.23493022385901e-07,-5.201663088397408e-19,-6.035674134518835e-18,-8.31113442775411e-18,-6.351445744162915e-16,-2.2896198485382276e-16,1.3934168173668276e-16,0.35012253522872927,0.5226641833782196,-1.338965606689453,108.9384162902832,54.55220069885254,41.80685119628906,0.0,0.0,0.0,0.0,0.0,0.0,0.0,0.0,0.0,0.0,0.0,0.0
605,6.05,1290.3049,883.74066,1300.15,442.003,961.6867,198.35979,-1.1223017182260263e-09,-3.5260129122027805e-10,-1.1688583073654613e-09,-2.497257938216535e-07,1.4125024208055948e-07,1.6973702656741808e-07,-5.748434153297477e-20,-6.169649021457415e-18,-1.427861554441989e-17,-1.3481371160717974e-16,-4.4122216478926237e-16,1.8605723357922906e-16,0.34830112755298615,0.5196491003036499,-1.3060791134834289,111.73797912597657,55.12650108337402,42.895638656616214,0.0,0.0,0.0,0.0,0.0,0.0,0.0,0.0,0.0,0.0,0.0,0.0
606,6.06,1297.8303,884.57245,1317.57,442.561,980.6011,196.86652,-1.1734083260606098e-09,-1.2013287760404e-10,-2.354106221069685e-09,-3.6439391521980723e-07,5.4790621284439565e-08,1.6663327215837853e-07,1.8967217260017172e-19,-5.260952158361063e-18,-1.5086304969327087e-17,1.4396638865359038e-16,-4.805141941506189e-16,1.806100348403526e-16,0.3440743565559387,0.5118563950061799,-1.2729869484901428,111.76668319702148,52.76009941101074,43.638749313354495,0.0,0.0,0.0,0.0,0.0,0.0,0.0,0.0,0.0,0.0,0.0,0.0
607,6.07,1305.1096,885.4972,1334.05,444.251,999.7077,194.688,-1.0137672812327026e-09,1.850696744291891e-11,-2.590885284092792e-09,-3.6564923391324553e-07,1.6255786383645442e-09,1.386321343943564e-07,2.867780874144254e-19,-3.959795338415379e-18,-1.3111321673196393e-17,2.645849209358133e-16,-4.245887061652998e-16,1.4918848210016136e-16,0.3390825569629669,0.5030140548944473,-1.2367552399635315,108.97471160888672,47.82673225402832,43.80834693908692,0.0,0.0,0.0,0.0,0.0,0.0,0.0,0.0,0.0,0.0,0.0,0.0
608,6.08,1312.3093,886.2677,1350.41,446.167,1020.80176,190.50581,-7.709938187883125e-10,8.690395000843232e-11,-2.3021621498031663e-09,-3.0835526558803395e-07,-2.5985173124354333e-08,1.0225840085809068e-07,2.912965279062839e-19,-2.6628976921232462e-18,-1.0017616634129377e-17,2.8471716826241803e-16,-3.285361149177939e-16,1.09382235580139e-16,0.33470475673675537,0.494819650053978,-1.1969832181930542,104.02654266357422,42.804242324829104,43.358504104614255,0.0,0.0,0.0,0.0,0.0,0.0,0.0,0.0,0.0,0.0,0.0,0.0
609,6.09,1319.3182,887.3428,1365.57,448.772,1041.1136,186.19266,-5.239183975547235e-10,1.083233072685097e-10,-1.7888209802308097e-09,-2.3001664857247305e-07,-3.607323186827216e-08,6.734069017966249e-08,2.47463172591818e-19,-1.5736942408976391e-18,-6.8385549930891374e-18,2.4995956831853184e-16,-2.2705854895836513e-16,7.156968955099401e-17,0.332761737704277,0.4870710849761963,-1.1602822184562682,98.54981536865235,39.761771011352536,42.168020248413086,0.0,0.0,0.0,0.0,0.0,0.0,0.0,0.0,0.0,0.0,0.0,0.0
610,6.1,1326.0822,888.55035,1380.8,451.75,1063.0157,180.71234,-3.137805237862779e-10,1.0217884316432446e-10,-1.2412575411957505e-09,-1.532639686274706e-07,-3.554742136202549e-08,3.8705066884858755e-08,1.856987555978107e-19,-7.639407211886668e-19,-4.119323468157432e-18,1.9246903343843872e-16,-1.3886972159591756e-16,4.077456763700632e-17,0.3343882352113724,0.47883584201335905,-1.1287649631500245,95.31514358520508,39.706551742553714,40.14573364257812,0.0,0.0,0.0,0.0,0.0,0.0,0.0,0.0,0.0,0.0,0.0,0.0
611,6.11,1333.054,890.1502,1395.46,454.427,1085.2081,174.5973,-1.559447487808896e-10,8.282655603042421e-11,-7.628523257530162e-10,-8.948927003871176e-08,-2.9644145271845444e-08,1.7839069776925953e-08,1.244959218614233e-19,-2.2627433503297954e-19,-2.0675545157078168e-18,1.3239228065376263e-16,-7.149205501091122e-17,1.8469592209650746e-17,0.33969700932502744,0.4686272442340851,-1.104880154132843,96.48943099975585,41.5317626953125,37.54290580749512,0.0,0.0,0.0,0.0,0.0,0.0,0.0,0.0,0.0,0.0,0.0,0.0
612,6.12,1339.946,891.14453,1409.04,457.551,1107.4941,168.1477,-5.002839271323056e-11,5.974541833486668e-11,-3.9583554767297357e-10,-4.2497252827899956e-08,-2.190960461945224e-08,4.276881256353588e-09,7.328005971304343e-20,8.620732593123449e-20,-6.843098582456556e-19,8.050454777367904e-17,-2.549812370607341e-17,4.067145173611528e-18,0.3489425480365753,0.4563648462295532,-1.0899469017982484,101.52459030151367,43.792646408081055,34.73051795959473,0.0,0.0,0.0,0.0,0.0,0.0,0.0,0.0,0.0,0.0,0.0,0.0
613,6.13,1347.0823,892.39124,1423.57,459.413,1131.121,161.01054,1.239244147837465e-11,3.840318063552672e-11,-1.4428407912880913e-10,-1.1586081305470231e-08,-1.4458482500145919e-08,-3.3785044595280313e-09,3.531797406378335e-20,2.3331748455824506e-19,1.3579696242561408e-19,4.105201394062396e-17,2.2059038413333673e-18,-3.987315399580592e-18,0.36338568925857545,0.4438526600599289,-1.0689581871032714,108.12933044433593,45.77661895751953,31.78372230529785,0.0,0.0,0.0,0.0,0.0,0.0,0.0,0.0,0.0,0.0,0.0,0.0
614,6.14,1353.4318,893.72675,1436.18,462.425,1151.6953,155.29419,4.254399402214837e-11,2.1337434250034982e-11,8.000839487459777e-12,6.153471478198558e-09,-8.333861911680173e-09,-6.781815686807136e-09,1.0190266854347942e-20,2.720341022287323e-19,5.362200466374716e-19,1.4248879600810496e-17,1.610995512214993e-17,-7.499477637833958e-18,0.38230209350585936,0.4321421355009079,-1.0303289890289307,113.62912521362304,47.0935775756836,28.67849197387695,0.0,0.0,0.0,0.0,0.0,0.0,0.0,0.0,0.0,0.0,0.0,0.0
616,6.16,1366.1786,896.13745,1462.0,466.401,1204.1296,137.85542,4.769696859696637e-11,1.4651497863409236e-12,1.1125927609767494e-10,1.6232632304991056e-08,-9.495728517730506e-10,-6.624355641804414e-09,-1.1145057726676712e-20,1.974868173268941e-19,6.153974310741053e-19,-9.770558547393163e-18,1.9796111069601313e-17,-7.1500351467019e-18,0.4167952209711075,0.4149011731147766,-0.9038808107376098,116.40605163574219,48.988457107543944,23.884529304504394,0.0,0.0,0.0,0.0,0.0,0.0,0.0,0.0,0.0,0.0,0.0,0.0
617,6.17,1372.1106,897.31464,1472.49,469.247,1229.2601,129.9613,3.827735871320126e-11,-2.7342690720084937e-12,1.0709703957001437e-10,1.4652042068519223e-08,6.994328199949607e-10,-5.145681880591724e-09,-1.2873758578161702e-20,1.397685853184629e-19,4.963410618455278e-19,-1.232364604864604e-17,1.618867765289242e-17,-5.518983333590191e-18,0.4225411355495453,0.414540222287178,-0.8488614678382873,114.44453506469726,50.1314884185791,22.927949714660645,0.0,0.0,0.0,0.0,0.0,0.0,0.0,0.0,0.0,0.0,0.0,0.0
618,6.18,1378.5522,898.29956,1484.1,471.308,1247.6404,124.30972,2.7365684891755838e-11,-4.461585398005119e-12,8.798527323383709e-11,1.1517112330494683e-08,1.4370082901393744e-09,-3.569540174552799e-09,-1.1723225147784741e-20,8.792547017287952e-20,3.5643823674587487e-19,-1.1684426265709865e-17,1.1767455346875488e-17,-3.805291483034458e-18,0.41942027509212493,0.42303411960601806,-0.8231299698352814,111.99617538452148,50.33620414733887,22.985975646972655,0.0,0.0,0.0,0.0,0.0,0.0,0.0,0.0,0.0,0.0,0.0,0.0
619,6.19,1384.0098,899.1002,1493.81,473.717,1281.4618,114.280235,1.741538606034321e-11,-4.643310475699325e-12,6.421044702886736e-11,8.079234881108733e-09,1.5887828497263e-09,-2.1930026572469783e-09,-9.273650044171067e-21,4.731999300532827e-20,2.2797862824028054e-19,-9.504067010217873e-18,7.628117003026417e-18,-2.3206287387379174e-18,0.41064382791519166,0.43923158049583433,-0.8301544189453125,110.05294189453124,48.86066818237305,23.912016296386717,0.0,0.0,0.0,0.0,0.0,0.0,0.0,0.0,0.0,0.0,0.0,0.0
620,6.2,1389.8057,899.9873,1504.22,476.025,1308.3236,107.22978,9.53640812151324e-12,-4.001040557893854e-12,4.1803794106898276e-11,5.0302486176434515e-09,1.415115891134633e-09,-1.1372832176004267e-09,-6.5438772823572166e-21,1.8930464607581547e-20,1.2576187526002627e-19,-6.876293040585338e-18,4.2897160982574855e-18,-1.1890559901832749e-18,0.39858017563819886,0.4610554397106171,-0.8595267951488494,109.40107650756836,46.113745880126956,25.85482063293457,0.0,0.0,0.0,0.0,0.0,0.0,0.0,0.0,0.0,0.0,0.0,0.0
621,6.21,1395.8289,900.7239,1512.59,478.0,1334.7639,100.495544,3.97159716138823e-12,-3.0366013739971386e-12,2.365155762212856e-11,2.6644799921982098e-09,1.1015294676397503e-09,-4.1390966765142424e-10,-4.102496557855682e-21,1.324514635576796e-21,5.3243943574237387e-20,-4.434716930530122e-18,1.8923874611506527e-18,-4.1845248296438847e-19,0.3849451869726181,0.4847385406494141,-0.9016927778720856,110.27578735351562,43.516133880615236,28.689558601379396,0.0,0.0,0.0,0.0,0.0,0.0,0.0,0.0,0.0,0.0,0.0,0.0
622,6.22,1401.4103,901.6351,1521.24,479.945,1360.9238,94.69968,4.791992896376962e-13,-2.059230173531712e-12,1.0564554222755596e-11,1.0250965687408354e-09,7.656453526738716e-10,2.384965523682947e-11,-2.1963468655311875e-21,-7.943543013340623e-21,7.496914101637299e-21,-2.475823682841111e-18,3.5911038458423834e-19,4.4326277280098665e-20,0.3715715080499649,0.5053404331207275,-0.9458809792995453,111.81761322021484,41.73672523498535,32.34245700836182,0.0,0.0,0.0,0.0,0.0,0.0,0.0,0.0,0.0,0.0,0.0,0.0
623,6.23,1407.3539,902.2911,1530.12,480.898,1385.8994,89.50665,-1.3935556539019373e-12,-1.2300771295645219e-12,2.1573212974799138e-12,1.9207408233357093e-11,4.71512395794349e-10,2.4529561715169734e-10,-8.676144974032947e-22,-1.1453202295795105e-20,-1.72276585482373e-20,-1.0756699543935059e-18,-4.866571511393837e-19,2.753999453776503e-19,0.358613720536232,0.5177514791488648,-0.9828663825988769,112.37317581176758,40.16981086730957,36.33649826049805,0.0,0.0,0.0,0.0,0.0,0.0,0.0,0.0,0.0,0.0,0.0,0.0
624,6.24,1413.1326,903.003,1537.69,482.109,1410.5393,85.08101,-2.136260135801593e-12,-6.085670270668253e-13,-2.5100039776661254e-12,-5.013613996185385e-10,2.454677697216745e-10,3.203596277145948e-10,-4.650807901198129e-23,-1.1444061465350254e-20,-2.721848613883663e-20,-1.8484962981898315e-19,-8.446862151769721e-19,3.506471142581181e-19,0.34534754455089567,0.520420902967453,-1.0136915802955628,110.06333770751954,37.82371978759765,39.59935531616211,0.0,0.0,0.0,0.0,0.0,0.0,0.0,0.0,0.0,0.0,0.0,0.0
625,6.25,1419.1635,903.6628,1544.75,483.242,1434.498,81.66912,-2.1798719947174748e-12,-1.9237108244253912e-13,-4.513592364446817e-12,-6.897471871436522e-10,9.027270077288652e-11,3.082163718692854e-10,3.833168716304917e-22,-9.625962988384238e-21,-2.804575076192062e-20,3.027640144965027e-19,-8.95043683569372e-19,3.3379882553806016e-19,0.33274218440055847,0.5154820144176483,-1.0379299521446228,104.5511863708496,34.409993743896486,41.586203002929686,0.0,0.0,0.0,0.0,0.0,0.0,0.0,0.0,0.0,0.0,0.0,0.0
626,6.26,1424.8945,903.90765,1551.57,484.197,1457.823,78.63716,-1.8568933500204276e-12,5.224238866147527e-14,-4.829217321172807e-12,-6.773752725397486e-10,-3.878805566667753e-12,2.5312956730694227e-10,5.437204174998277e-22,-7.165255237338015e-21,-2.402731946304152e-20,5.056637544103972e-19,-7.791261494028248e-19,2.722375653949656e-19,0.32206363677978517,0.5057420670986176,-1.0489482760429383,97.537646484375,30.910156631469725,42.41357498168945,0.0,0.0,0.0,0.0,0.0,0.0,0.0,0.0,0.0,0.0,0.0,0.0
627,6.27,1431.1395,904.45276,1558.8,484.897,1479.1426,76.46668,-1.3964839809706143e-12,1.6981667808058097e-13,-4.226379836380634e-12,-5.636749011994624e-10,-5.1704687406561867e-11,1.8467743861938502e-10,5.400907889577265e-22,-4.7638452694399784e-21,-1.815254995142751e-20,5.299286117110304e-19,-5.960288574444478e-19,1.974265559267999e-19,0.31347455382347106,0.4932256579399109,-1.0396967768669128,90.29981079101563,29.160854721069335,42.12823486328125,0.0,0.0,0.0,0.0,0.0,0.0,0.0,0.0,0.0,0.0,0.0,0.0
628,6.28,1436.5579,904.48364,1565.43,485.499,1500.0929,74.26651,-9.38322369022776e-13,2.0339939720568148e-13,-3.246521909812394e-12,-4.1585816734635017e-10,-6.811789118876809e-11,1.2019563955245615e-10,4.526420108953475e-22,-2.773464962795753e-21,-1.2253603743810295e-20,4.584416572612123e-19,-4.0738100779995977e-19,1.2765295554316454e-19,0.30766844749450684,0.47953850626945493,-1.0035245299339295,84.3943359375,30.53633232116699,40.867174530029295,0.0,0.0,0.0,0.0,0.0,0.0,0.0,0.0,0.0,0.0,0.0,0.0
629,6.29,1442.5315,904.80853,1571.6,486.064,1519.4856,72.96768,-5.539163013901574e-13,1.8844742254294986e-13,-2.227954301083079e-12,-2.739113602601151e-10,-6.576862665585992e-11,6.797417177739629e-11,3.3592556933537675e-22,-1.3099476638917944e-21,-7.276950105919712e-21,3.4901850936933545e-19,-2.4577005924748354e-19,7.15272148811947e-20,0.3044584959745407,0.46600666642189026,-0.9466426014900208,80.96371841430664,34.74053535461426,39.15177001953125,0.0,0.0,0.0,0.0,0.0,0.0,0.0,0.0,0.0,0.0,0.0,0.0
630,6.3,1448.0728,905.08813,1577.42,486.586,1537.9188,71.86949,-2.6836906991383607e-13,1.5089381973738477e-13,-1.3508703595836724e-12,-1.5747713619229665e-10,-5.413842048274109e-11,3.033546695091483e-11,2.226456393813766e-22,-3.4940407800087477e-22,-3.563398920796257e-21,2.37416271768431e-19,-1.236779119676771e-19,3.1316772840128496e-20,0.30442895591259,0.45550224781036375,-0.8844928443431854,80.42461242675782,40.38572731018066,38.03863792419433,0.0,0.0,0.0,0.0,0.0,0.0,0.0,0.0,0.0,0.0,0.0,0.0
631,6.31,1453.8396,905.17126,1583.55,486.765,1552.9188,71.80162,-7.893131118732977e-14,1.0766243311362972e-13,-6.85559454257495e-13,-7.261886335319101e-11,-3.957610315852289e-11,6.163651735922136e-12,1.2908380524612955e-22,2.0015672232894327e-22,-1.0881476240784745e-21,1.4237709421027005e-19,-4.1264406658571575e-20,5.666316018867328e-21,0.3097683012485504,0.45264995396137236,-0.8393307268619538,82.61082077026367,45.840179443359375,37.86267623901367,0.0,0.0,0.0,0.0,0.0,0.0,0.0,0.0,0.0,0.0,0.0,0.0
632,6.32,1459.5011,905.1837,1589.19,486.988,1567.2786,71.58131,3.104076977755526e-14,6.83601860150063e-14,-2.346281907639452e-13,-1.7452687112038152e-11,-2.5812734588681608e-11,-7.249309789611469e-12,6.049240570405904e-23,4.511868793317542e-22,3.5778255374023686e-22,7.091918090853596e-20,7.67560424351016e-21,-8.428592879202161e-21,0.3203196167945862,0.45981194376945494,-0.830545711517334,86.7128692626953,49.122305679321286,37.88365478515625,0.0,0.0,0.0,0.0,0.0,0.0,0.0,0.0,0.0,0.0,0.0,0.0
633,6.33,1465.2072,905.17694,1595.1,486.712,1580.1912,70.67729,8.270225121593567e-14,3.73071897403739e-14,3.4552394481007514e-14,1.3695556841386569e-11,-1.4641328861114687e-11,-1.3001508723797794e-11,1.5616986915744562e-23,5.088468282063419e-22,1.045013557964235e-21,2.291675808173776e-20,3.1638755155386747e-20,-1.434478426778333e-20,0.3337462216615677,0.4745871782302856,-0.8583658993244171,91.92781066894531,49.45981063842773,38.03072280883789,0.0,0.0,0.0,0.0,0.0,0.0,0.0,0.0,0.0,0.0,0.0,0.0
634,6.34,1471.079,904.98364,1599.68,486.528,1590.3815,71.11181,9.617706072740165e-14,1.5418970692794057e-14,1.6756945901393385e-13,2.755102049278868e-11,-6.573666567685765e-12,-1.390080394542137e-11,-9.945832045699398e-24,4.578820895091265e-22,1.2330006111452106e-21,-5.4115912321304594e-21,3.895428992492844e-20,-1.511560124576139e-20,0.3461574524641037,0.49180537164211274,-0.9100556135177612,97.50510482788086,47.02173690795898,38.36088409423828,0.0,0.0,0.0,0.0,0.0,0.0,0.0,0.0,0.0,0.0,0.0,0.0
635,6.35,1477.6744,905.2662,1605.48,486.221,1598.8065,70.61227,8.786982575478657e-14,1.7143358711295081e-15,2.094534994664249e-13,3.0313930185488225e-11,-1.381246715446852e-12,-1.216080205285186e-11,-2.152179172643321e-23,3.5910618771295607e-22,1.1343410568662295e-21,-1.912888738429519e-20,3.6545504438257075e-20,-1.3117004123538705e-20,0.35500537157058715,0.5069925904273986,-0.9658976674079895,102.29486846923828,42.72620887756348,38.688764572143555,0.0,0.0,0.0,0.0,0.0,0.0,0.0,0.0,0.0,0.0,0.0,0.0
