frame,t_s,cadera_y_mm,cadera_z_mm,rodilla_y_mm,rodilla_z_mm,tobillo_y_mm,tobillo_z_mm,Force_Fx1_N_Nm,Force_Fy1_N_Nm,Force_Fz1_N_Nm,Moment_Mx1_N_Nm,Moment_My1_N_Nm,Moment_Mz1_N_Nm,Force_Fx2_N_Nm,Force_Fy2_N_Nm,Force_Fz2_N_Nm,Moment_Mx2_N_Nm,Moment_My2_N_Nm,Moment_Mz2_N_Nm,Force_Fx3_N_Nm,Force_Fy3_N_Nm,Force_Fz3_N_Nm,Moment_Mx3_N_Nm,Moment_My3_N_Nm,Moment_Mz3_N_Nm,Force_Fx4_N_Nm,Force_Fy4_N_Nm,Force_Fz4_N_Nm,Moment_Mx4_N_Nm,Moment_My4_N_Nm,Moment_Mz4_N_Nm,Force_Fx5_N_Nm,Force_Fy5_N_Nm,Force_Fz5_N_Nm,Moment_Mx5_N_Nm,Moment_My5_N_Nm,Moment_Mz5_N_Nm
368,3.68,-2238.154,804.1218,-2106.73,407.185,-2148.2024,42.925213,-1.4113567237267674e-16,-3.711694338226955e-17,7.060243073243991e-16,1.0844051080271395e-13,4.1500443625228436e-14,2.3667978926548984e-14,3.188699804201889e-10,3.9695070841450075e-10,-2.299489820778433e-09,-7.183978496527743e-08,-1.5496391227998175e-07,-3.435240838456366e-08,-1.1819433331489564,0.5242591381072998,0.12309485301375389,85.68109741210938,153.20367584228515,162.53741302490235,0.0,0.0,0.0,0.0,0.0,0.0,-1.0501144038694731e-38,1.7728419341163978e-38,4.951257918380022e-38,-2.7027635831636415e-36,-1.6421588065323014e-35,-7.388712015366052e-37
369,3.69,-2225.7559,806.96625,-2103.94,407.183,-2145.896,42.308067,-1.8142031582211893e-16,-3.135019650095773e-17,8.029404671904764e-16,1.242465711478319e-13,5.289210028617229e-14,2.965264142627648e-14,4.302364825514715e-10,6.536836738568752e-10,-3.4499513468233544e-09,-8.874821304516445e-08,-2.2619026509573815e-07,-5.2506326042589536e-08,-1.3372262716293335,0.5441398799419404,0.09944202676415444,88.80662231445312,163.3051544189453,160.66448822021485,0.0,0.0,0.0,0.0,0.0,0.0,-1.7486602309849916e-38,2.9573173469263895e-38,8.26472364977938e-38,-4.600605293080521e-36,-2.736963103996257e-35,-1.26653326373421e-36
371,3.71,-2191.3875,815.84235,-2099.81,408.244,-2146.313,41.58666,-1.8464869852077294e-16,3.329569692938744e-17,4.003444526929544e-16,6.609499240099867e-14,5.202439837975227e-14,2.7107906272071016e-14,5.189963792062713e-10,1.2369281265911524e-09,-5.480528653123429e-09,-7.599259674861968e-08,-3.37796987537331e-07,-8.671243492130998e-08,-1.5539068102836608,0.5897328376770019,0.05147046931087971,92.88457489013672,185.6078125,160.87918243408203,0.0,0.0,0.0,0.0,0.0,0.0,-3.36914926860608e-38,5.713760688965482e-38,1.5984714606016286e-37,-9.171448136785865e-36,-5.280776070557474e-35,-2.5514682443772808e-36
372,3.72,-2174.5303,819.7869,-2099.38,409.207,-2146.0107,41.777264,-9.046905808899353e-17,1.0813792101956528e-16,-3.909367409744426e-16,-5.262346831857686e-14,2.294202454278062e-14,8.954800316408925e-15,3.6849965856511347e-10,1.411020922326145e-09,-5.458345286868394e-09,-1.7045322442399424e-08,-3.170086017689755e-07,-8.93406273405617e-08,-1.6129563450813293,0.619538152217865,0.03740514367818833,93.82269515991212,194.52515563964843,163.65436859130858,0.0,0.0,0.0,0.0,0.0,0.0,-3.8889891841244116e-38,6.607179880684366e-38,1.849647495309611e-37,-1.0815268577477479e-35,-6.101118852699363e-35,-3.0278958931134336e-36
374,3.74,-2139.5715,826.59717,-2096.99,409.818,-2146.446,41.668564,4.932975042175065e-16,3.7045534931395766e-16,-4.0067817838021665e-15,-6.01872365965303e-13,-1.5173068015775573e-13,-9.406727377288607e-14,-8.150895097758237e-10,7.22898133020955e-10,7.671927954033819e-10,3.040171378643208e-07,1.4445197016321742e-07,-2.7665997770487393e-09,-1.6601872205734254,0.6885618984699249,0.027943392284214497,93.84407806396484,204.67789306640626,171.6788299560547,0.0,0.0,0.0,0.0,0.0,0.0,-2.1974004904880403e-38,3.7857186440820214e-38,1.0652632306011583e-37,-7.126033869508129e-36,-3.4719541338511685e-35,-2.0781090222515758e-36
376,3.76,-2105.0554,830.7091,-2090.87,408.613,-2148.469,43.726795,1.850982993740108e-15,7.248613565713572e-16,-1.0781603542353754e-14,-1.642587617572272e-12,-5.508797844971936e-13,-3.216217819412143e-13,-3.885823463001259e-09,-3.118874858376586e-09,2.296762637854499e-08,9.945133797373273e-07,1.6395311718042648e-06,3.290454088755723e-07,-1.6570831537246704,0.7393840253353119,0.02744032610207796,91.96245193481445,207.58551940917968,177.12186126708986,0.0,0.0,0.0,0.0,0.0,0.0,7.968964727093937e-38,-1.337835069384398e-37,-3.7284686569791635e-37,1.9056132923665737e-35,1.2426502397698317e-34,5.0809060679938964e-36
379,3.79,-2051.9028,831.7825,-2082.32,409.4,-2148.3677,45.102665,4.559011859434775e-15,5.140913504503658e-16,-1.8427458249093733e-14,-2.8688592517214783e-12,-1.3215611222548718e-12,-7.322597443768647e-13,-1.115212500124585e-08,-1.882640532357982e-08,9.496237538542118e-08,2.17002525459975e-06,6.135688363428926e-06,1.4591353419746155e-06,-1.6555911302566528,0.7008993566036225,-0.07433286719024182,73.6358741760254,226.26401062011718,161.38535766601564,0.0,0.0,0.0,0.0,0.0,0.0,5.061522877156467e-37,-8.566668481221322e-37,-2.3947991658825312e-36,1.3445585630912308e-34,7.92531230945795e-34,3.712695793029165e-35
380,3.8,-2036.8965,830.8102,-2080.94,410.728,-2143.9287,45.462433,4.631349066053356e-15,-2.352528697671951e-16,-1.3876712838301097e-14,-2.2131205288516975e-12,-1.3215151412407367e-12,-7.081849104535743e-13,-1.2271293403642857e-08,-2.5765794120502505e-08,1.1934603278973553e-07,2.0379218995003613e-06,7.482866340069449e-06,1.8688200952965417e-06,-1.6590282440185546,0.6597534656524658,-0.20368943512439727,62.627581405639646,240.61663970947265,147.95653686523437,0.0,0.0,0.0,0.0,0.0,0.0,6.988277100725244e-37,-1.1843740092479193e-36,-3.312576873209933e-36,1.8873967229926155e-34,1.0949740438991666e-33,5.238188248870575e-35
382,3.82,-2008.3676,827.46454,-2070.34,410.662,-2142.964,46.04397,-1.8396068012749788e-16,-3.810586993888913e-15,2.4974164124664252e-14,3.6242176577536146e-12,1.5846626480909166e-13,2.0812502840795088e-13,-4.264002173570703e-09,-3.246418351920966e-08,1.1062325171451448e-07,-9.20750721178365e-07,6.005394288877141e-06,1.8749787727756483e-06,-1.6613361954689025,0.570244836807251,-0.5858640283346176,32.25213413238525,276.2304718017578,116.65454177856445,0.0,0.0,0.0,0.0,0.0,0.0,9.033676686879229e-37,-1.5369743160985668e-36,-4.304980302018142e-36,2.55487534989432e-34,1.4182541013420461e-33,7.187628625547514e-35
383,3.83,-1993.9355,825.09814,-2061.71,409.207,-2144.5388,46.387108,-6.987458643817172e-15,-6.8961519014107715e-15,6.729648881610792e-14,1.0051712587277883e-11,2.19497406361846e-12,1.4101318745497749e-12,9.494804742438135e-09,-2.469335544930118e-08,3.892522857096292e-08,-4.668809287977637e-06,6.741520621744712e-07,8.804901170833545e-07,-1.6647760391235351,0.5316250503063202,-0.783066725730896,15.77861728668213,290.13971557617185,102.64322280883789,0.0,0.0,0.0,0.0,0.0,0.0,7.13142079263247e-37,-1.219920363997187e-36,-3.4237943943250314e-36,2.1444598084171207e-34,1.1227025230013244e-33,6.13566759594274e-35
387,3.87,-1933.3555,812.6386,-2036.6399,406.739,-2131.5715,52.444073,-7.767391872921802e-14,-1.9781439398840196e-14,3.8443074136355893e-13,5.908226928530435e-11,2.282182238327879e-11,1.2995223386963461e-11,1.7629320723244745e-07,2.241233815425403e-07,-1.2850274629272462e-06,-3.939499001717195e-05,-8.634988334961235e-05,-1.923538138726144e-05,-1.9591763138771057,0.28892067074775696,0.1774728513788432,101.63241996765137,70.33388891220093,72.6505844116211,0.0,0.0,0.0,0.0,0.0,0.0,-5.9367249489368316e-36,1.0024636917277991e-35,2.7999313172778706e-35,-1.5319275182898811e-33,-9.284750642792098e-33,-4.191414357855574e-34
388,3.88,-1917.4572,809.1052,-2028.5101,406.203,-2131.5422,52.61072,-9.86856267277264e-14,-1.607673590675357e-14,4.305248459167757e-13,6.66812736971334e-11,2.8744161044425008e-11,1.608387346918594e-11,2.352466765387362e-07,3.6413964323855905e-07,-1.9061324792346567e-06,-4.8060899280244486e-05,-0.0001246499981789384,-2.905972069129348e-05,-2.248154902458191,0.148115786164999,1.5367939114570617,227.487255859375,-158.21318817138672,70.97836990356446,0.0,0.0,0.0,0.0,0.0,0.0,-9.750074755991856e-36,1.6491611626692744e-35,4.6091093317712324e-35,-2.5697823815042727e-33,-1.5261712491868892e-32,-7.078520066423655e-34
389,3.89,-1901.7448,805.8981,-2019.96,405.562,-2131.2532,53.438286,-1.0913128785524327e-13,-3.924670581948902e-15,3.8752014021748574e-13,6.091419695042343e-11,3.14023300418409e-11,1.713352688892389e-11,2.7737904986224746e-07,5.241326675786695e-07,-2.5262824919991545e-06,-5.0102327440981755e-05,-0.00016070165729615838,-3.920483286492527e-05,-2.702183723449707,-0.048914764262735846,3.656547951698303,426.5015533447266,-503.539990234375,73.53380889892578,0.0,0.0,0.0,0.0,0.0,0.0,-1.4159014561576396e-35,2.3981977285460334e-35,6.705981179940732e-35,-3.7955547011934424e-33,-2.21784534952217e-32,-1.0509965318981498e-33
390,3.9,-1886.1537,802.7436,-2011.57,404.989,-2129.4983,55.590004,-9.582311615193018e-14,2.09034632864865e-14,1.8458317150140193e-13,3.0944286195933035e-11,2.689740982025901e-11,1.3896803152668723e-11,2.7384086820347875e-07,6.736779653238045e-07,-2.9535789963119898e-06,-3.863933779939544e-05,-0.0001812796966987662,-4.684886225732043e-05,-3.3523563146591187,-0.2995334878563881,6.615682935714721,706.1970886230469,-971.9807373046875,84.24010467529297,0.0,0.0,0.0,0.0,0.0,0.0,-1.8367682817477733e-35,3.1154529708082477e-35,8.716222882668845e-35,-5.0090519762254485e-33,-2.8791540944806884e-32,-1.394257825987299e-33
391,3.91,-1869.3501,799.7387,-2002.4099,404.104,-2128.74,57.502174,-4.044447870423193e-14,6.272275010303901e-14,-2.667047831566541e-13,-3.68372041529251e-11,9.857385296473815e-12,3.325715779698736e-12,1.826247142844295e-07,7.568586568140745e-07,-2.8744338806063753e-06,-4.458899365999969e-06,-0.00016544462268939242,-4.7277409976231866e-05,-4.201495599746704,-0.5742529809474946,10.300200939178467,1055.8857482910157,-1536.7061645507813,109.30459213256836,0.0,0.0,0.0,0.0,0.0,0.0,-2.0890881441517774e-35,3.5500320269663603e-35,9.938959306821912e-35,-5.8249511807954764e-33,-3.277769283470235e-32,-1.6320264550441148e-33
392,3.92,-1854.8577,798.317,-1990.8,403.589,-2126.8564,60.788624,7.964867135246915e-14,1.2468717397007106e-13,-1.0617103171021297e-12,-1.5723551835544747e-10,-2.6298437516211747e-11,-1.82450765433273e-11,-5.0913625315729405e-08,6.854311436654825e-07,-1.8353178234065127e-06,6.334926747513237e-05,-8.371213170903502e-05,-3.354957570991246e-05,-5.1957660675048825,-0.8060713529586792,14.253635597229003,1434.0449951171875,-2115.773645019531,155.98543395996094,0.0,0.0,0.0,0.0,0.0,0.0,-1.93610035250503e-35,3.301342421725482e-35,9.254473595510087e-35,-5.616771682277826e-33,-3.043031613332426e-32,-1.5915247696358843e-33
400,4.0,-1698.6965,780.0636,-1872.23,398.011,-2097.7302,109.15613,1.6642041694367448e-12,-9.594167420159256e-13,6.072307573760059e-13,1.4673487078176173e-11,-4.505946810118289e-10,-2.1325087182222369e-10,-5.497724396263948e-06,-1.6928241348068695e-05,6.930702802492306e-05,0.0005399551766458899,0.004132347670383752,0.0011179609806276857,32.92786083221436,20.72336139678955,-199.16007080078126,-18641.1564453125,33049.9287109375,358.2291976928711,0.0,0.0,0.0,0.0,0.0,0.0,4.643695245431679e-34,-7.883757573965924e-34,-2.2064324675231965e-33,1.2805225846487664e-31,7.282473759728384e-31,3.576105194668322e-32
406,4.06,-1568.761,774.2402,-1711.66,382.217,-1996.0837,155.91737,-4.270203982081888e-11,-1.0517578301338925e-11,2.090592476911013e-10,3.2150157203147955e-08,1.2536615656699724e-08,7.1274142143806785e-09,9.736365682329051e-05,0.00012634794766199774,-0.0007172529760282487,-0.02157921399921179,-0.048061543703079225,-0.010757258534431458,157.9071823120117,15.213708972930908,-678.2350036621094,-66882.21015625,92918.76640625,-12303.07958984375,0.0,0.0,0.0,0.0,0.0,0.0,-3.3509114733674346e-33,5.6593817361904016e-33,1.580808895175521e-32,-8.66803308878273e-31,-5.241179370350317e-30,-2.3734829850517972e-31
409,4.09,-1512.3634,771.83325,-1602.42,363.618,-1917.9519,188.26862,-4.947048430625767e-11,1.2919472653152852e-11,8.169116034670298e-11,1.4005877102540864e-08,1.3827266531762916e-08,7.074230001791193e-09,0.00014402199303731322,0.0003664512070827186,-0.0015890972223132848,-0.01948052169755101,-0.09709954932332039,-0.02527229841798544,173.5779815673828,-0.4076417960226536,-811.3843505859375,-82174.759375,99560.04609375,-16862.4619140625,0.0,0.0,0.0,0.0,0.0,0.0,-1.000128982819353e-32,1.6966395297648172e-32,4.747026108394583e-32,-2.732497067107904e-30,-1.5678353650453933e-29,-7.61005192079689e-31
410,4.1,-1493.7916,771.3061,-1564.47,359.443,-1888.9005,198.9561,-1.7062289813440587e-11,3.6258716168413586e-11,-1.7515811474855257e-10,-2.4610925075663204e-08,3.886710372991153e-09,9.413400101077051e-10,8.923092354962137e-05,0.0004051893629366532,-0.0015085372491739691,0.00027297314954921603,-0.08596188798546792,-0.024944505468010903,165.88890991210937,-3.354776620864868,-829.5703186035156,-84576.59296875,98791.3671875,-16794.84765625,0.0,0.0,0.0,0.0,0.0,0.0,-1.1201508278228265e-32,1.903941705420571e-32,5.330894975294059e-32,-3.1319088321952736e-30,-1.757720517028636e-29,-8.781972909852e-31
411,4.11,-1474.7056,771.97723,-1526.16,358.043,-1856.9077,206.34332,5.118292152953008e-11,7.045491620671918e-11,-6.204375790908046e-10,-9.20887462285691e-08,-1.663132769280651e-08,-1.1268785593543385e-08,-4.474574257073982e-05,0.00035569022002164276,-0.0008873482700437307,0.03858282752335072,-0.03783908770419657,-0.016624831687659027,152.94375762939453,-5.5095113754272464,-831.4395080566406,-85292.440625,96393.3953125,-16055.64365234375,0.0,0.0,0.0,0.0,0.0,0.0,-1.0084407784777425e-32,1.7204776148040125e-32,4.8238920954178747e-32,-2.9436421083574068e-30,-1.5854377929766403e-29,-8.355058611252001e-31
412,4.12,-1454.587,774.0742,-1487.87,359.264,-1822.9504,210.21182,1.680642625068174e-10,1.1522131165841998e-10,-1.2948199401563442e-09,-1.948801255480248e-07,-5.138904342061324e-08,-3.153039624947951e-08,-0.00029136874654795976,0.0001499334843174438,0.0005933179367275443,0.10116089582443237,0.06734880991280079,0.004665937507525086,136.35925903320313,-7.17680778503418,-816.9460144042969,-84332.69375,92356.7921875,-14824.09658203125,0.0,0.0,0.0,0.0,0.0,0.0,-4.80729661861989e-33,8.340042328462399e-33,2.352763356486271e-32,-1.6711167926374542e-30,-7.622874297811254e-30,-4.952045230105961e-31
413,4.13,-1435.2756,777.3547,-1449.94,362.248,-1787.0577,210.54811,3.4347951982649506e-10,1.667450719167185e-10,-2.206798421777734e-09,-3.3465047692970985e-07,-1.0311885247915598e-07,-6.120100195516898e-08,-0.0006809806334786117,-0.0002961634952953318,0.0032884847023524344,0.19163476526737214,0.251055021584034,0.04461074788123369,117.91941986083984,-8.636352825164796,-787.650341796875,-81874.78046875,86806.10390625,-13297.9451171875,0.0,0.0,0.0,0.0,0.0,0.0,6.93015279237319e-33,-1.1458534399865566e-32,-3.174869784689755e-32,1.316910571226034e-30,1.0724044940147778e-29,3.1873915149179626e-31
414,4.14,-1415.8218,781.3504,-1412.69,366.409,-1749.3171,208.0544,5.786389034589945e-10,2.1553420020969938e-10,-3.2997044874250037e-09,-5.032477929489688e-07,-1.719044547598969e-07,-1.000212925816868e-07,-0.0012285181903280318,-0.0010720067308284341,0.00751414461992681,0.30846368670463564,0.5307946056127548,0.1085100881755352,99.30428543090821,-10.112335014343262,-746.3282287597656,-78218.46796875,79984.84765625,-11663.975,0.0,0.0,0.0,0.0,0.0,0.0,2.760928456273149e-32,-4.6411016659200933e-32,-1.2940851563499097e-31,6.719007595627825e-30,4.308122262064219e-29,1.802595694717605e-30
415,4.15,-1397.6929,785.9044,-1375.68,371.193,-1709.5867,203.65828,8.574943199946006e-10,2.4398179310214374e-10,-4.407671250206136e-09,-6.759490815966274e-07,-2.5265559315812426e-07,-1.4466929627587887e-07,-0.0019143744371831416,-0.002249813138041645,0.013413107208907604,0.44053601026535033,0.911033821105957,0.19928859919309616,81.87284393310547,-11.752620792388916,-696.4562805175781,-73730.39453125,72221.6890625,-10074.844921875,0.0,0.0,0.0,0.0,0.0,0.0,5.929905326151758e-32,-1.000525478533253e-31,-2.793692381424141e-31,1.514944506424495e-29,9.27039114363787e-29,4.131522596134535e-30
416,4.16,-1379.5735,790.82574,-1339.42,376.862,-1668.6927,197.73518,1.135396077156514e-09,2.241310456674306e-10,-5.203672337472654e-09,-8.034375241550151e-07,-3.317933476409962e-07,-1.868933594550981e-07,-0.002657840051688254,-0.003846148494631052,0.020747590251266955,0.5615597486495971,1.3695009708404542,0.31435237526893617,66.49011154174805,-13.604843807220458,-641.662890625,-68786.36171875,63892.973046875,-8630.441845703124,0.0,0.0,0.0,0.0,0.0,0.0,1.0262967051746781e-31,-1.7349825362451719e-31,-4.847989318186709e-31,2.6869467023909413e-29,1.6060166583682373e-28,7.385694464103467e-30
417,4.17,-1362.2429,795.81604,-1303.63,383.083,-1626.3096,190.43547,1.3258543707372894e-09,1.1651886920593935e-10,-5.148163584323129e-09,-8.037831833007659e-07,-3.8342191430729147e-07,-2.11401723504423e-07,-0.003284301166422665,-0.005764309549704194,0.028613309003412725,0.6238353252410889,1.8388145446777344,0.4411802053451538,53.511009216308594,-15.592111015319825,-585.2944702148437,-63722.14921875,55386.57265625,-7373.884375,0.0,0.0,0.0,0.0,0.0,0.0,1.5524082331387325e-31,-2.628161359321291e-31,-7.34771567102953e-31,4.137369824769988e-29,2.431082278019434e-28,1.1435983780211999e-29
418,4.18,-1345.1093,800.7459,-1268.91,390.146,-1582.3042,181.60529,1.2876944843753791e-09,-1.2852796726220417e-10,-3.4547114058369743e-09,-5.569010909312055e-07,-3.6568133339187624e-07,-1.9392869887724373e-07,-0.003490405110642314,-0.0077172210440039635,0.03508903160691261,0.552744808793068,2.1846679925918577,0.5518121004104615,42.90048789978027,-17.513263320922853,-530.1734954833985,-58805.70078125,47066.936328125,-6302.67451171875,0.0,0.0,0.0,0.0,0.0,0.0,2.096866171633811e-31,-3.5547535740547035e-31,-9.943320891458752e-31,5.682235932399184e-29,3.2859836339971e-28,1.578621972042437e-29
419,4.19,-1328.2329,805.6469,-1234.83,397.887,-1537.7313,171.76056,8.169330961704801e-10,-5.65229008042678e-10,9.007734461108363e-10,9.446961097836493e-08,-2.185750737737635e-07,-1.002398843041874e-07,-0.0028160036308690906,-0.00913620637729764,0.03686865717172623,0.2443318821489811,2.1840396404266356,0.5968917012214661,34.37847003936768,-19.092165565490724,-478.5240478515625,-54232.495703125,39246.20625,-5386.146533203125,0.0,0.0,0.0,0.0,0.0,0.0,2.509297674535069e-31,-4.260912456674178e-31,-1.1925871859657299e-30,6.934869826117912e-29,3.935577872711673e-28,1.9379627634752475e-29
420,4.2,-1311.2115,809.9562,-1201.97,405.732,-1491.7211,160.72586,-3.4966732495589346e-10,-1.2399414106578632e-09,9.088896169018312e-09,1.3314124601038202e-06,1.3466641952675217e-07,1.1273107038967112e-07,-0.0006379118087352254,-0.009080396499484777,0.02897259797900915,-0.4303663667291403,1.510164725780487,0.5006763845682144,27.561378288269044,-20.062832069396972,-431.9875183105469,-50135.8390625,32162.54453125,-4583.280078125,0.0,0.0,0.0,0.0,0.0,0.0,2.538092560642925e-31,-4.321138486560591e-31,-1.2106259931350305e-30,7.233711380207686e-29,3.9860603002657025e-28,2.0395299742382723e-29
421,4.21,-1294.126,813.81976,-1170.17,413.905,-1444.0841,148.9594,-2.509440377718164e-09,-2.169463164669594e-09,2.220450738832369e-08,3.325542934362602e-06,7.79769703740385e-07,4.919529800417876e-07,0.0037920093396678566,-0.006175286811776459,0.0047022509155794975,-1.6091984331607818,-0.264723452180624,0.15946599319577218,22.0695556640625,-20.252882766723634,-391.7277130126953,-46606.834375,25972.1091796875,-3858.27109375,0.0,0.0,0.0,0.0,0.0,0.0,1.8123629548612145e-31,-3.107346670847836e-31,-8.728313285448827e-31,5.586673635785809e-29,2.856529856458421e-28,1.608795945301491e-29
422,4.22,-1276.6349,817.16205,-1139.18,421.165,-1396.1202,136.74258,-5.9344158032104135e-09,-3.3079659678136865e-09,4.0858018479639216e-08,6.177218529046513e-06,1.79346808408809e-06,1.0775139401175692e-06,0.01123435003682971,0.0013731384737184272,-0.0439190935343504,-3.4048274993896483,-3.6329579949378967,-0.5528416365385056,17.571682453155518,-19.616686058044433,-358.5677886962891,-43715.961328125,20755.4591796875,-3185.7560791015626,0.0,0.0,0.0,0.0,0.0,0.0,-1.5638562095215497e-32,2.0886179805053765e-32,5.254392274799888e-32,6.647879824244879e-30,-2.1865588516165243e-29,2.761120053623873e-30
423,4.23,-1258.7336,820.12305,-1110.33,428.524,-1346.0574,125.176605,-1.0763660451829083e-08,-4.5020124517236585e-09,6.453026202279943e-08,9.817388036026387e-06,3.2113822271639948e-06,1.8837816355699033e-06,0.022239650972187518,0.015621745213866233,-0.12489561960101128,-5.846266841888427,-9.060734939575195,-1.7670525670051576,13.776138877868652,-18.225238800048828,-333.0709625244141,-41520.891796875,16529.44052734375,-2547.056787109375,0.0,0.0,0.0,0.0,0.0,0.0,-3.9347837154050653e-31,6.5900916709005455e-31,1.8349688749669343e-30,-9.106392100064255e-29,-6.128404729536048e-28,-2.399200776776319e-29
424,4.24,-1240.4816,822.7185,-1082.71,435.117,-1294.4124,113.493385,-1.6834976257484868e-08,-5.436266992120409e-09,9.066645674238316e-08,1.3868993482901714e-05,4.9782537189457795e-06,2.870707317015331e-06,0.03678062837570906,0.03850480541586876,-0.24381973296403886,-8.791007852554321,-16.819866752624513,-3.582829165458679,10.405470085144042,-16.2474778175354,-315.5734466552734,-40066.4578125,13255.97109375,-1924.6821655273438,0.0,0.0,0.0,0.0,0.0,0.0,-1.0066818045837497e-30,1.6963328297705025e-30,4.734238685880236e-30,-2.5293527450982334e-28,-1.5727439170926642e-27,-6.860159693383039e-29
425,4.25,-1222.3951,824.29694,-1055.74,440.188,-1241.9656,102.62643,-2.345056682173663e-08,-5.577838901871246e-09,1.1354213285130754e-07,1.7472451690991875e-05,6.879205147924949e-06,3.90481029626244e-06,0.05371531508862972,0.0711225762963295,-0.3998737961053848,-11.80705394744873,-26.720636940002443,-6.008606195449829,7.178010892868042,-13.92252426147461,-306.21806640625,-39381.125390625,10847.95458984375,-1299.2943237304687,0.0,0.0,0.0,0.0,0.0,0.0,-1.8884921420254112e-30,3.190082637024248e-30,8.911331944227788e-30,-4.8965638074426875e-28,-2.9540794407367987e-27,-1.3417877366830583e-28
426,4.26,-1203.4851,825.4878,-1029.89,444.37,-1188.1329,92.410286,-2.9086528563482262e-08,-4.1351090995789265e-09,1.2303510885658397e-07,1.9095049538009334e-05,8.455294755549403e-06,4.7121196985244754e-06,0.07008689418435096,0.11261542737483979,-0.5800331115722657,-14.032791042327881,-37.734711456298825,-8.872907066345215,3.8095626831054688,-11.522549057006836,-304.9941680908203,-39477.851171875,9176.17783203125,-647.6032745361329,0.0,0.0,0.0,0.0,0.0,0.0,-3.0207957647092208e-30,5.11091213963513e-30,1.4285583632164637e-29,-7.989526240552054e-28,-4.72910044802965e-27,-2.2031284273927208e-28
427,4.27,-1184.7872,825.75,-1004.93,447.336,-1133.2596,83.629776,-3.108263548767809e-08,-5.7388332974639414e-11,1.0359306301666038e-07,1.636780798435211e-05,8.91455283635878e-06,4.82998193547246e-06,0.08032176941633225,0.15857912898063659,-0.7515581250190735,-14.036947917938232,-47.52048110961914,-11.7073805809021,0.0185635969042778,-9.295807552337646,-311.7825531005859,-40354.096484375,8083.798779296875,60.230159759521484,0.0,0.0,0.0,0.0,0.0,0.0,-4.291237634241776e-30,7.270247565236893e-30,2.0331501056025743e-29,-1.1540508301543613e-27,-6.722627297902572e-27,-3.1987433649328575e-28
428,4.28,-1165.6206,825.44183,-980.751,449.254,-1078.8872,76.84384,-2.5389357105609634e-08,7.885958108744262e-09,3.389927143437887e-08,6.025942136034246e-06,7.061634005367523e-06,3.571498314158816e-06,0.07547682896256447,0.19907643347978593,-0.8534737348556518,-9.721842670440674,-51.90497093200683,-13.61090316772461,-4.475977039337158,-7.417051649093628,-326.3437835693359,-41987.553125,7404.1087890625,861.5708160400391,0.0,0.0,0.0,0.0,0.0,0.0,-5.438893796192523e-30,9.228110481345008e-30,2.582084511373296e-29,-1.4888066901054186e-27,-8.526875255066472e-27,-4.148703302584006e-28
429,4.29,-1146.4259,824.3533,-957.849,449.953,-1022.4019,71.210556,-6.504036394183732e-09,2.0896297137085185e-08,-1.1200172913561346e-07,-1.593095355474361e-05,1.2853188977146602e-06,2.547236235272976e-08,0.042814142815768716,0.21647636741399764,-0.7887042939662934,1.6594127982854843,-44.440891647338866,-13.118721389770508,-9.965117740631104,-5.985776472091675,-348.2626129150391,-44332.680078125,6975.92255859375,1798.0660888671875,0.0,0.0,0.0,0.0,0.0,0.0,-5.994435247577578e-30,1.019138683729018e-29,2.85377618589806e-29,-1.680924133922274e-27,-9.407548553335927e-27,-4.717351331663216e-28
430,4.3,-1127.231,822.3864,-936.115,449.665,-967.71246,67.87712,3.220561390904209e-08,3.9748106317460954e-08,-3.6108758791897346e-07,-5.370101462176535e-05,-1.033768967317883e-05,-6.874614723528794e-06,-0.03385691918665543,0.18362409472465516,-0.41990514695644376,23.26954050064087,-16.246145915985107,-8.121708488464355,-16.717441654205324,-5.0547459602355955,-376.9538604736328,-47322.49765625,6653.61083984375,2906.0857177734374,0.0,0.0,0.0,0.0,0.0,0.0,-5.2280125546832546e-30,8.924856260640778e-30,2.5029273311651946e-29,-1.5366325187831097e-27,-8.221877054241938e-27,-4.369730389683922e-28
431,4.31,-1107.7617,819.72455,-914.91,447.904,-914.49243,66.22388,9.752483762781594e-08,6.41476095353255e-08,-7.34013974579284e-07,-0.00011057372830691747,-2.9744913990725764e-05,-1.8168700171372622e-05,-0.172451351583004,0.06321704722940921,0.42623709291219714,58.10542526245117,43.55822410583496,4.092119942605495,-24.915705108642577,-4.640512704849243,-411.6551849365234,-50870.069140625,6314.56845703125,4205.339501953125,0.0,0.0,0.0,0.0,0.0,0.0,-2.1281987772474226e-30,3.714430649571885e-30,1.0501325892182509e-29,-7.829185458778084e-28,-3.3851216530712355e-27,-2.348258906596994e-28
432,4.32,-1088.3882,816.23083,-894.259,445.052,-863.3013,66.14941,1.944464131042878e-07,9.18151968676284e-08,-1.2327872127571027e-06,-0.00018705934344325214,-5.8304794947616756e-05,-3.452477012615418e-05,-0.3887181431055069,-0.19028235897421836,1.9395683884620667,107.91860809326172,146.3818046569824,26.571240234375,-34.6080602645874,-4.700619697570801,-451.33888854980466,-54859.275390625,5860.887451171875,5691.949072265625,0.0,0.0,0.0,0.0,0.0,0.0,4.552216977966141e-30,-7.556818154487134e-30,-2.097021435629645e-29,9.231673466788452e-28,7.058419539275303e-27,2.3040088214449223e-28
433,4.33,-1069.2659,811.82324,-873.537,441.551,-814.1022,67.76594,3.229414971883671e-07,1.1731357005828613e-07,-1.8225477788291756e-06,-0.0002781091345241293,-9.585821317159571e-05,-5.568214037339203e-05,-0.6893458604812622,-0.6243927657604218,4.283598446846009,171.50071716308594,301.1515579223633,62.07926483154297,-45.70467414855957,-5.0995759010314945,-494.6091674804687,-59132.525390625,5217.633984375,7338.964892578125,0.0,0.0,0.0,0.0,0.0,0.0,1.613460389640356e-29,-2.713681288265365e-29,-7.568141441423407e-29,3.954882715583906e-27,2.518313809139519e-26,1.0636798367800708e-27
434,4.34,-1049.9773,806.8707,-852.903,437.613,-767.2483,70.534584,4.732298009457736e-07,1.3074261318024583e-07,-2.4075180817817454e-06,-0.0003694245562655851,-0.00013932601796113887,-7.965539043652825e-05,-1.0613527595996857,-1.2758482694625854,7.520289564132691,242.26239013671875,509.2196838378906,111.97497482299805,-58.03152351379394,-5.603222274780274,-539.6693664550781,-63488.983984375,4335.0603515625,9103.31767578125,0.0,0.0,0.0,0.0,0.0,0.0,3.3677505395578124e-29,-5.683575747694714e-29,-1.5871215402397865e-28,8.629434491278993e-27,5.265523806686758e-26,2.3556854573703023e-27
435,4.35,-1030.5532,801.2273,-831.841,433.254,-723.7702,73.39828,6.195898777150433e-07,1.1657709961809814e-07,-2.8030152179781e-06,-0.00043313238420523704,-0.00018090184748871253,-0.00010171830508625135,-1.4575230479240417,-2.149107837677002,11.49514799118042,305.1850921630859,756.7992492675781,174.4681655883789,-71.38082885742188,-5.916617059707642,-584.4003295898438,-67696.978125,3193.048095703125,10933.2892578125,0.0,0.0,0.0,0.0,0.0,0.0,5.740260560412271e-29,-9.705556398834313e-29,-2.712139229260815e-28,1.5057392851390564e-26,8.98343693183257e-26,4.1413789284127785e-27
436,4.36,-1010.0673,796.04974,-811.604,428.922,-683.5772,77.24539,7.132379607810435e-07,5.314015809609884e-08,-2.7084345902039788e-06,-0.0004235595668433234,-0.00020599558047251776,-0.00011327313986839727,-1.7786436796188354,-3.1845258474349976,15.68054666519165,333.4921600341797,1004.9242858886719,242.19945678710937,-85.49770431518554,-5.745324325561524,-626.4998352050782,-71511.9328125,1805.0015014648438,12770.20380859375,0.0,0.0,0.0,0.0,0.0,0.0,8.583675664506702e-29,-1.4533712787618694e-28,-4.063481576620352e-28,2.2913644585716626e-26,1.344299507938695e-25,6.336656762202979e-27
437,4.37,-989.51373,790.6745,-791.064,424.437,-647.6663,80.388054,6.755899789823161e-07,-8.652562648592265e-08,-1.6904428321140586e-06,-0.00027450292836874726,-0.00019132531742798163,-0.00010084516907227226,-1.854993176460266,-4.216228938102722,18.986117362976074,285.8003845214844,1177.6905151367187,299.2514953613281,-100.0496826171875,-4.858389616012573,-663.6268127441406,-74692.646875,217.7950584411621,14548.48134765625,0.0,0.0,0.0,0.0,0.0,0.0,1.146663384184867e-28,-1.944179081538215e-28,-5.438525958619473e-28,3.112638394978162e-26,1.7970571649158363e-25,8.651913714478286e-27
438,4.38,-969.5284,785.5822,-769.553,420.97,-616.091,81.987404,3.9434314231812094e-07,-3.3133867702872524e-07,8.088119130889027e-07,9.975441716960631e-05,-0.00010388590999355074,-4.563062775559956e-05,-1.432078194618225,-4.922961759567261,19.56353874206543,105.08163576126098,1150.7758178710938,317.9755401611328,-114.62628936767578,-3.1312743186950684,-693.4750244140625,-77011.82890625,-1488.5331787109376,16198.0078125,0.0,0.0,0.0,0.0,0.0,0.0,1.3538539887111982e-28,-2.299358853177928e-28,-6.436144236450699e-28,3.7502604590090363e-26,2.123592122025055e-25,1.048730076179922e-26
439,4.39,-948.28656,782.2812,-748.437,418.352,-588.7193,82.51918,-2.737550943265887e-07,-7.051224542919954e-07,5.417391571427288e-06,0.0007964576187077909,9.806130487959308e-05,7.574085193482461e-05,-0.16901839822530745,-4.780401277542114,14.66055088043213,-278.5364570617676,744.0400848388672,256.4365859985352,-128.72592544555664,-0.5641465559601784,-713.8133483886719,-78262.6859375,-3202.7968994140624,17645.4087890625,0.0,0.0,0.0,0.0,0.0,0.0,1.3395924172877e-28,-2.281534540061494e-28,-6.392925164792434e-28,3.834548243764759e-26,2.104226055188041e-25,1.0824710283583452e-26
440,4.4,-926.5608,779.8688,-725.968,416.61,-567.0832,80.29994,-1.4879930802180753e-06,-1.214460348819557e-06,1.2706387406069552e-05,0.001905308710411191,0.000460374986869283,0.00028831769159296525,2.3379859745502474,-3.0310168147087095,0.6156014412641525,-938.3713623046875,-275.6666549682617,57.84735336303711,-141.7125503540039,2.724817192554474,-722.5305419921875,-78265.14765625,-4791.02802734375,18813.516015625,0.0,0.0,0.0,0.0,0.0,0.0,8.99297206943138e-29,-1.5442095520926232e-28,-4.3399908776323e-28,2.817387140712898e-26,1.4185129226371634e-25,8.146662749158811e-27
441,4.41,-905.0031,777.7677,-703.734,415.065,-548.4435,77.28044,-3.3897684943440254e-06,-1.8303993329027436e-06,2.2960271780902986e-05,0.003473721304908395,0.0010227977472823113,0.0006126953667262569,6.490664052963257,1.3026892781257629,-26.872493267059326,-1931.85576171875,-2172.720593261719,-345.95724334716795,-152.7843765258789,6.517576074600219,-717.67861328125,-76867.85546875,-6114.139013671875,19621.548046875,0.0,0.0,0.0,0.0,0.0,0.0,-2.3345461198833522e-29,3.644887803569823e-29,9.868561271352105e-29,-2.733605548124458e-28,-3.511571413724033e-26,4.324074318496403e-28
442,4.42,-883.73,775.8108,-680.903,414.109,-534.3167,72.1836,-6.042157610863796e-06,-2.463833266119764e-06,3.581881592253922e-05,0.005452312482520938,0.0018009447143413127,0.0010544711374677717,12.56299285888672,9.324697303771973,-72.02344207763672,-3267.85947265625,-5190.7662353515625,-1024.263006591797,-160.96368408203125,10.505643463134765,-697.5560485839844,-73949.34921875,-7050.13046875,19986.338671875,0.0,0.0,0.0,0.0,0.0,0.0,-2.363229599407484e-28,3.962077368743729e-28,1.1036456949838248e-27,-5.548069870590735e-26,-3.682629059347675e-25,-1.4694598841085932e-26
443,4.43,-861.9013,774.723,-658.001,413.373,-524.1683,65.92456,-9.336580023955322e-06,-2.9361824545048876e-06,4.9779663095250724e-05,0.007618770143017173,0.0027587261283770204,0.001588367426302284,20.496263122558595,22.04481554031372,-137.5989791870117,-4858.131201171875,-9458.114794921876,-2027.1949829101563,-165.12229766845704,14.304785060882569,-660.9005859375,-69426.06875,-7517.99677734375,19825.91328125,0.0,0.0,0.0,0.0,0.0,0.0,-5.77493009200966e-28,9.73427432542106e-28,2.717031264653254e-27,-1.4569729116248405e-25,-9.023654120812577e-25,-3.9570504537365303e-26
444,4.44,-839.48425,774.1137,-634.829,412.516,-519.1789,59.92395,-1.2864255950262304e-05,-2.949961935883039e-06,6.158325522847008e-05,0.00948313595727086,0.0037706712726503612,0.002136881125625223,29.603407859802246,39.9790319442749,-222.67783966064454,-6452.880126953125,-14839.4720703125,-3352.221728515625,-164.05435333251953,17.485738372802736,-607.2925598144532,-63284.510546875,-7498.912255859375,19065.12578125,0.0,0.0,0.0,0.0,0.0,0.0,-1.0627492226161181e-27,1.7955398552907036e-27,5.01608438608216e-27,-2.761742618091838e-25,-1.6625590774938736e-24,-7.573345413670407e-26
445,4.45,-816.7588,773.84863,-613.037,410.991,-514.1063,57.01155,-1.575882060933509e-05,-2.0681975911429616e-06,6.555855652550236e-05,0.010186142288148403,0.004576226696372032,0.0025448716711252927,38.216833877563474,62.55576057434082,-319.9032043457031,-7583.748681640625,-20756.15703125,-4898.790283203125,-156.68710174560547,19.61194133758545,-537.7909942626953,-55641.86796875,-7047.091943359375,17651.46875,0.0,0.0,0.0,0.0,0.0,0.0,-1.6786067201980914e-27,2.8404394436264444e-27,7.939760518937879e-27,-4.447183113970854e-25,-2.628066341309031e-24,-1.2269682750376719e-25
446,4.46,-794.04156,774.2946,-595.754,409.126,-502.96484,57.009205,-1.6531352412130217e-05,2.826216881857135e-07,5.3094041504664347e-05,0.008415352459996939,0.004732532938942313,0.002554078702814877,43.776254653930664,87.68300552368164,-417.57464294433595,-7737.819921875,-26321.7572265625,-6458.495947265625,-142.53580169677736,20.31080436706543,-455.572607421875,-46813.036328125,-6276.254736328125,15592.300390625,0.0,0.0,0.0,0.0,0.0,0.0,-2.358632226481712e-27,3.99654545288376e-27,1.1177035670563776e-26,-6.353423312030904e-25,-3.695269204429541e-24,-1.7618838539561976e-25
447,4.47,-771.3262,777.1962,-581.012,411.638,-484.24377,58.477448,-1.2941460408910643e-05,4.764753612107597e-06,1.2515136756974243e-05,0.0023817423498257995,0.0035787837114185095,0.0017853534896858036,44.199819564819336,112.44968872070312,-507.22458801269534,-6690.838427734375,-30881.619140625,-7825.1912109375,-122.33926010131836,19.418021583557127,-366.12586364746096,-37342.416796875,-5318.70166015625,13010.79130859375,0.0,0.0,0.0,0.0,0.0,0.0,-2.9539396760007343e-27,5.0127334990905195e-27,1.4026802546985282e-26,-8.101726531073269e-25,-4.631449469548602e-24,-2.258938318736601e-25
448,4.48,-749.93555,781.1684,-555.784,417.436,-482.22968,55.997692,-1.978169714078604e-06,1.2008982503175503e-05,-7.021063411229988e-05,-0.010079041658900677,0.00023408128326991574,-0.00025864499439194334,38.97181510925293,134.75530395507812,-584.7533508300781,-4464.4546875,-34162.87578125,-8913.9943359375,-98.30720672607421,17.098883819580077,-276.5762771606445,-27951.2615234375,-4282.021142578125,10163.952734375,0.0,0.0,0.0,0.0,0.0,0.0,-3.2012384023609863e-27,5.4439981707780085e-27,1.5245699650219457e-26,-9.004601897356325e-25,-5.0246366379294346e-24,-2.5293178178772095e-25
449,4.49,-732.05066,784.13696,-529.199,423.104,-487.36542,55.686752,1.9939904450438917e-05,2.2390646518033463e-05,-0.00020937687950208783,-0.031194269470870496,-0.0063389511313289406,-0.004151808470487595,29.040867042541503,153.80213623046876,-649.9118530273438,-1268.667498254776,-36247.886328125,-9740.35048828125,-73.44978485107421,13.810827159881592,-194.07849884033203,-19374.95048828125,-3240.153125,7369.190576171875,0.0,0.0,0.0,0.0,0.0,0.0,-2.6959645377344723e-27,4.605551502836825e-27,1.2919350227392252e-26,-7.986186018590073e-25,-4.241338424824634e-24,-2.275847268743126e-25
450,4.5,-715.3058,786.80994,-503.497,427.302,-495.85074,57.19283,5.639981027343311e-05,3.567298572306754e-05,-0.00041538253426551817,-0.0626275334507227,-0.01716233305633068,-0.010440065618604421,16.320830821990967,169.02004852294922,-704.8756469726562,2518.219580078125,-37453.46484375,-10314.09208984375,-50.47525215148926,10.162001800537109,-123.99545745849609,-12154.534765625,-2257.0882568359375,4888.936181640625,0.0,0.0,0.0,0.0,0.0,0.0,-8.835684693102427e-28,1.557457281493328e-27,4.4187567516072725e-27,-3.547106640046217e-25,-1.4126059198529167e-24,-1.0822590620494098e-25
451,4.51,-698.7774,789.2709,-483.117,429.804,-499.4522,58.61578,0.00010989483562298119,5.050245745223947e-05,-0.0006878538988530636,-0.10443446412682533,-0.032913466542959215,-0.01944685848429799,2.8440840244293213,179.51325073242188,-751.878466796875,6428.123388671875,-38129.71015625,-10617.43828125,-31.245635986328125,6.763138198852539,-69.18686943054199,-6560.043603515625,-1398.1903564453125,2879.9941162109376,0.0,0.0,0.0,0.0,0.0,0.0,2.911226103174973e-27,-4.8466532221929204e-27,-1.346435720158874e-26,6.173380441318809e-25,4.520529502741751e-24,1.5709817266306609e-25
452,4.52,-681.0637,793.0575,-469.491,430.953,-496.9271,57.781178,0.00018002450378844513,6.377174286171794e-05,-0.001005594152957201,-0.15352826416492463,-0.05339130535721779,-0.03096357099711895,-9.875226879119873,184.33775787353517,-791.3810119628906,10015.5720703125,-38497.151171875,-10630.81103515625,-16.69435520172119,4.0357053756713865,-30.15327434539795,-2615.3471435546876,-714.723828125,1400.1963134765624,0.0,0.0,0.0,0.0,0.0,0.0,9.390370567864356e-27,-1.5801316264330782e-26,-4.40760805160472e-26,2.3165312858853215e-24,1.466022206486086e-23,6.244117265889283e-25
453,4.53,-662.6918,797.49316,-460.26,430.781,-493.8755,56.073765,0.00026088716549566016,6.992181806708686e-05,-0.001313461794052273,-0.20166497379541398,-0.07674933224916458,-0.04381171129643917,-20.807105827331544,182.94890441894532,-822.1802124023437,12947.909375,-38633.198046875,-10339.40830078125,-6.815162467956543,2.095090389251709,-5.31583486199379,-136.3284870862961,-224.65668449401855,421.1324974060059,0.0,0.0,0.0,0.0,0.0,0.0,1.90914723677745e-26,-3.2226788983559347e-26,-8.999981193907801e-26,4.905713134897244e-24,2.985311661840151e-23,1.3403969809930923e-24
454,4.54,-645.34717,800.64496,-452.815,429.347,-492.22357,55.34622,0.00033770648296922446,6.0340488198562524e-05,-0.0015073216636665165,-0.23311601728200912,-0.0985114999115467,-0.05529063493013382,-29.27055435180664,175.5280792236328,-842.1852905273438,15058.57607421875,-38515.06171875,-9753.6328125,-0.9012109190225601,0.8602056503295898,8.260294771194458,1191.516650390625,89.7525799036026,-146.4824660539627,0.0,0.0,0.0,0.0,0.0,0.0,3.206713555414547e-26,-5.422679659333878e-26,-1.5154089849593723e-25,8.4272909254937e-24,5.0188481264904944e-23,2.3191997262263673e-24
455,4.55,-626.9726,804.2309,-447.675,427.263,-493.40485,55.604412,0.000383007651544176,2.3133684976528457e-05,-0.0014198838733136653,-0.22244944423437119,-0.11046942174434662,-0.060572928935289386,-34.97779541015625,162.97975463867186,-849.2244689941406,16352.82548828125,-38059.52578125,-8923.74150390625,2.0400537967681887,0.17721014190465212,13.879414176940918,1712.8295166015625,265.05731201171875,-413.8402984619141,0.0,0.0,0.0,0.0,0.0,0.0,4.7411084594547894e-26,-8.028607149353802e-26,-2.2448289867788993e-25,1.2676527741245769e-23,7.425600649189343e-23,3.507371549541739e-24
456,4.56,-608.87177,808.11035,-444.147,425.245,-492.95898,56.1464,0.00035309638478793205,-5.630825617117807e-05,-0.0008126308675855398,-0.13320602662861347,-0.09968842789530755,-0.052184262126684186,-38.019758987426755,146.73101043701172,-841.8437377929688,16967.49375,-37171.522265625,-7928.42490234375,2.9909737348556518,-0.11988025754690171,14.506406211853028,1733.8518798828125,341.7545196533203,-485.48346557617185,0.0,0.0,0.0,0.0,0.0,0.0,6.263243864137755e-26,-1.0620925432903982e-25,-2.971192090960937e-25,1.7031372206279033e-23,9.816510257447584e-23,4.736543018177865e-24
457,4.57,-591.9263,812.2343,-440.933,423.947,-490.86798,56.111546,0.0001862105473264819,-0.00019337361809448339,0.0006179368265293306,0.08127774414606392,-0.04803128624334931,-0.01980758737772703,-38.8299015045166,128.40595092773438,-819.8181091308594,17101.5904296875,-35782.87421875,-6858.44462890625,2.7718804121017455,-0.17853499501943587,12.45342950820923,1491.9298095703125,356.57782287597655,-446.124951171875,0.0,0.0,0.0,0.0,0.0,0.0,7.29275430732694e-26,-1.2388394791847694e-25,-3.467903808003974e-25,2.0250252234628608e-23,1.144025964046323e-22,5.6668346535761994e-24
458,4.58,-575.813,816.35516,-437.163,423.353,-489.23572,56.32786,-0.0001955077570528374,-0.0004002246627351269,0.0032081471872515976,0.4731272369623184,0.06716520078480244,0.04922187328338623,-38.083391189575195,109.51569366455078,-784.290771484375,16958.0435546875,-33874.46875,-5799.402294921875,1.9882728219032288,-0.11193299666047096,9.340075016021729,1151.416259765625,337.9314483642578,-356.77125244140626,0.0,0.0,0.0,0.0,0.0,0.0,7.047698611424559e-26,-1.2008288450902288e-25,-3.365272880975204e-25,2.0269842648576686e-23,1.1072823818702768e-22,5.72969333875779e-24
459,4.59,-559.89966,820.70593,-434.511,423.702,-487.41345,56.578465,-0.0008772217668592929,-0.0006790075916796922,0.007254551211372018,1.0890298366546631,0.27038118094205854,0.16823150590062141,-36.490165328979494,91.28254013061523,-737.6098876953125,16712.7478515625,-31487.6556640625,-4818.472265625,1.0414357662200928,0.001811111904680729,6.171216344833374,813.2415649414063,305.2264709472656,-256.3993774414063,0.0,0.0,0.0,0.0,0.0,0.0,4.400803001554101e-26,-7.571109486042171e-26,-2.1293371864566016e-25,1.4065091671782375e-23,6.948382210692895e-23,4.087204647769014e-24
460,4.6,-543.8313,824.9754,-430.412,424.077,-488.5044,55.975197,-0.0019320648047141732,-0.001011739851674065,0.012885053735226392,1.9507243990898133,0.5820887863636017,0.34773188531398774,-34.614906311035156,74.57130126953125,-682.9533813476562,16504.029296875,-28720.7375,-3959.510498046875,0.16491967141628266,0.11469328925013542,3.470877242088318,529.0205718994141,270.88758239746096,-166.5158218383789,0.0,0.0,0.0,0.0,0.0,0.0,-2.099227451158432e-26,3.3850195277470396e-26,9.286982473033529e-26,-2.3266392762082804e-24,-3.20810316286508e-23,-3.6402629393061347e-25
461,4.61,-527.71704,828.71814,-426.244,424.519,-490.785,55.98999,-0.00338726406916976,-0.0013468540040776134,0.019860376976430415,3.024763298034668,1.0086648046970368,0.5895217031240463,-32.81007804870605,59.89146881103515,-623.9293884277344,16432.751953125,-25714.078515625,-3245.530419921875,-0.5316035926342011,0.20498585402965547,1.4377058506011964,316.6589096069336,241.2305694580078,-96.7542839050293,0.0,0.0,0.0,0.0,0.0,0.0,-1.4086494434495631e-25,2.363738699536391e-25,6.586429847859326e-25,-3.346989351195131e-23,-2.1960729048673127e-22,-8.90355634901916e-24
462,4.62,-511.6559,832.35504,-423.384,425.008,-492.548,55.686256,-0.005172435520216822,-0.00158338719047606,0.027301262505352496,4.180736780166626,1.527125644683838,0.877912575006485,-31.248268699645998,47.43939628601074,-564.215625,16567.905859375,-22628.4892578125,-2685.0390625,-1.0190739274024962,0.2684877350926399,0.07097187591716647,173.5526496887207,217.6465301513672,-49.12750244140625,0.0,0.0,0.0,0.0,0.0,0.0,-3.3047131139651315e-25,5.572096422885205e-25,1.555456477632716e-24,-8.369329212710405e-23,-5.16457152374739e-22,-2.2759257002525514e-23
463,4.63,-494.7879,835.6167,-421.856,425.329,-492.95892,55.40678,-0.007049150625243783,-0.0015554644633084536,0.03335535116493702,5.139939260482788,2.064499926567078,1.1680594682693481,-29.972359275817873,37.17589073181152,-507.16559448242185,16956.06875,-19620.82578125,-2277.362841796875,-1.3152708172798158,0.30719266533851625,-0.7325523287057877,87.78746337890625,198.79644470214845,-21.273655509948732,0.0,0.0,0.0,0.0,0.0,0.0,-5.972196270910114e-25,1.0091901011758864e-24,2.8194913877345298e-24,-1.555337636131775e-22,-9.343685483892404e-22,-4.268040009625608e-23
464,4.64,-477.87662,838.5323,-420.323,425.461,-492.17435,55.64328,-0.008525792788714171,-0.001022131071658805,0.03484941236674786,5.421265554428101,2.4731318235397337,1.3722581267356873,-28.947334480285644,28.922754287719727,-455.4918701171875,17630.6580078125,-16824.002734375,-2015.8041748046876,-1.462814998626709,0.32608918845653534,-1.1174209594726563,44.96191177368164,184.01783294677733,-8.855274057388305,0.0,0.0,0.0,0.0,0.0,0.0,-9.317503427500821e-25,1.5768665077270603e-24,4.407971880417184e-24,-2.472644344928855e-22,-1.4588705774817153e-21,-6.825520343257215e-23
465,4.65,-460.9136,840.94324,-418.537,425.111,-491.62125,56.459908,-0.008770046662539244,0.0003292856749794737,0.027020217664539815,4.298392629623413,2.5056799173355104,1.3465130567550658,-28.10731620788574,22.433213233947754,-411.1074249267578,18616.0126953125,-14335.84228515625,-1889.0011352539063,-1.5108190298080444,0.330970373749733,-1.2186880826950073,31.168641090393066,174.0497253417969,-7.14005856513977,0.0,0.0,0.0,0.0,0.0,0.0,-1.29499568903643e-24,2.1945793261164648e-24,6.137832142862683e-24,-3.4940298653292634e-22,-2.02900846994978e-21,-9.694209049234463e-23
466,4.66,-443.95282,842.91364,-416.267,424.815,-490.7914,57.671566,-0.00654373993165791,0.002854554622899741,0.0034811367106158285,0.792072881758213,1.797227931022644,0.8817664355039596,-27.3714017868042,17.422988605499267,-375.09276428222654,19925.165234375,-12218.19609375,-1880.4788818359375,-1.5000890970230103,0.3263226717710495,-1.1484991192817688,34.963079643249515,169.15125274658203,-11.791939449310302,0.0,0.0,0.0,0.0,0.0,0.0,-1.6021778395674138e-24,2.719298598035907e-24,7.609712643423385e-24,-4.403136270353262e-22,-2.5122520892007864e-21,-1.228426066078174e-22
467,4.67,-426.8761,844.1454,-413.88,424.391,-490.71164,58.95351,-0.0002011933564062929,0.00688363672234118,-0.04334279447793961,-6.266940808296203,-0.13327739909291267,-0.29311113692820073,-26.6486234664917,13.590521144866944,-347.8081024169922,21556.788671875,-10503.83173828125,-1968.3369140625,-1.4595817804336548,0.3142190456390381,-0.9958710432052612,47.52908058166504,168.28881225585937,-19.1531081199646,0.0,0.0,0.0,0.0,0.0,0.0,-1.705784809403072e-24,2.901664543319551e-24,8.12685206644892e-24,-4.814018196261099e-22,-2.6777713538642697e-21,-1.3535041404083195e-22
468,4.68,-409.95154,844.63837,-411.547,424.193,-490.5955,59.687992,0.01218847711570561,0.012594707868993282,-0.12100326493382454,-18.057079315185547,-3.8444611191749574,-2.486390471458435,-25.858607482910156,10.6326904296875,-329.1206573486328,23497.5916015625,-9205.68671875,-2126.656872558594,-1.4094445943832397,0.29596385955810545,-0.8276269614696503,63.115625,170.01300506591798,-26.56409149169922,0.0,0.0,0.0,0.0,0.0,0.0,-1.3818028699585138e-24,2.3624485323170435e-24,6.629034213755004e-24,-4.1299796892435637e-22,-2.174766943117965e-21,-1.1797521239139129e-22
469,4.69,-392.82904,844.54626,-409.144,424.314,-489.59937,59.88726,0.03251580819487572,0.01981605086475611,-0.23468091189861298,-35.411683082580566,-9.873671913146973,-5.983589744567871,-24.96996326446533,8.25511212348938,-318.62640991210935,25729.6361328125,-8322.9033203125,-2328.4739990234375,-1.361186933517456,0.27288466691970825,-0.6856608688831329,78.10741119384765,172.90396423339843,-32.24183959960938,0.0,0.0,0.0,0.0,0.0,0.0,-3.265187192086714e-25,5.867989575734238e-25,1.67614750364174e-24,-1.5284712890532752e-22,-5.273036218968017e-22,-4.7869148162021027e-23
470,4.7,-376.15814,843.70337,-405.817,424.186,-489.30118,59.881084,0.06201066002249718,0.02774876542389393,-0.38335229456424713,-58.23669624328613,-18.551409244537354,-10.93806734085083,-24.023045349121094,6.189635753631592,-315.7841003417969,28239.846875,-7842.895703125,-2548.737744140625,-1.3196397781372071,0.2475361332297325,-0.5776468336582183,90.48531036376953,176.16278076171875,-35.72251205444336,0.0,0.0,0.0,0.0,0.0,0.0,1.8251499857953345e-24,-3.0451723639818435e-24,-8.466772329116268e-24,3.9987044940359575e-22,2.8371944428160795e-21,1.0313571245614635e-22
471,4.71,-359.9965,842.58545,-402.433,424.371,-489.10492,60.09501,0.10023998320102692,0.03462097309529781,-0.5542506545782089,-84.66449737548828,-29.70433826446533,-17.199078273773193,-23.102803421020507,4.213280510902405,-319.9852355957031,31027.0943359375,-7743.299658203125,-2766.5787109375,-1.2867663741111754,0.22290997803211213,-0.49352239072322845,100.2805404663086,179.7086975097656,-37.56035957336426,0.0,0.0,0.0,0.0,0.0,0.0,5.445125256720789e-24,-9.16659140768593e-24,-2.557343513596206e-23,1.3510067708654581e-21,8.502792918852729e-21,3.648722863514011e-22
472,4.72,-344.27017,840.947,-398.129,424.378,-488.39044,60.48365,0.1436719849705696,0.03731538094580174,-0.7157161891460418,-109.95547714233399,-42.2332347869873,-24.071229934692383,-22.269230461120607,2.146967911720276,-330.6232604980469,34105.587109375,-7996.785107421875,-2967.0619873046876,-1.2628052234649658,0.20137640237808227,-0.42642326056957247,108.47208862304687,183.6149169921875,-37.869952011108396,0.0,0.0,0.0,0.0,0.0,0.0,1.0804076452560502e-23,-1.8241320436275418e-23,-5.0946579434721597e-23,2.78359394691621e-21,1.6896005328395565e-20,7.612217384082545e-22
473,4.73,-329.20245,839.01074,-393.155,424.222,-487.27673,61.40905,0.18383973836898804,0.031059758551418782,-0.8091185092926025,-125.24760665893555,-53.5778148651123,-30.014704704284668,-21.477063941955567,-0.17411048635840415,-347.1778594970703,37504.29609375,-8579.01025390625,-3143.2153076171876,-1.2478208422660828,0.18484340906143187,-0.37477268278598785,116.1529541015625,187.67627563476563,-37.074005126953125,0.0,0.0,0.0,0.0,0.0,0.0,1.7892510125358204e-23,-3.026136728298276e-23,-8.45723192027031e-23,4.71073744683659e-21,2.8005759487360525e-20,1.297141429747246e-21
474,4.74,-314.51004,837.22504,-387.731,424.053,-485.36655,62.76866,0.2052918255329132,0.009335032640956342,-0.7414629757404327,-116.39567413330079,-59.12650909423828,-32.32264289855957,-20.58675346374512,-2.9589879751205443,-369.2383056640625,41259.962109375,-9468.4486328125,-3295.9567626953126,-1.2394078612327575,0.17432828098535538,-0.33817496299743655,123.203466796875,191.13789978027344,-36.14728126525879,0.0,0.0,0.0,0.0,0.0,0.0,2.6159318817053906e-23,-4.430408220521373e-23,-1.2388197944427785e-22,7.00559350597169e-21,4.097387885545793e-20,1.9392817594670006e-21
475,4.75,-299.5594,835.12805,-381.49,423.637,-483.52048,64.46664,0.18376020938158036,-0.035765341203659776,-0.38160393163561823,-63.342363357543945,-51.70110816955567,-26.853549575805665,-19.53237705230713,-6.520495748519897,-396.39955749511716,45403.653125,-10632.68662109375,-3429.2036376953124,-1.2376532077789306,0.16823647320270538,-0.313619402050972,129.06208724975585,193.14836578369142,-35.57919464111328,0.0,0.0,0.0,0.0,0.0,0.0,3.417041635305604e-23,-5.795320065858319e-23,-1.6213237303953994e-22,9.308370546486197e-21,5.3560010578763606e-20,2.5901082227301916e-21
476,4.76,-284.6054,832.89,-374.54,423.06,-481.88803,66.12394,0.08531466899439692,-0.11240956410765648,0.43536561988294126,59.28339536190033,-21.345494520664214,-7.953019225597382,-18.408992195129393,-11.168012809753417,-428.1855010986328,49956.712109375,-12022.28818359375,-3549.527685546875,-1.2437054753303527,0.165600748360157,-0.3081733614206314,133.29735565185547,192.38960876464844,-35.70597686767578,0.0,0.0,0.0,0.0,0.0,0.0,3.9217195330518903e-23,-6.663356920652446e-23,-1.865433430611127e-22,1.0917321171550226e-20,6.152734379927533e-20,3.057370090545627e-21
477,4.77,-268.74823,830.4009,-367.287,422.791,-479.6555,67.41543,-0.1323049644008279,-0.22675871849060059,1.8891838669776917,279.36677703857424,44.22938113212585,31.23246088027954,-17.43062343597412,-17.16144790649414,-463.95624084472655,54915.323046875,-13574.26474609375,-3661.979541015625,-1.2554178476333617,0.16628827154636383,-0.3290443986654282,135.43844909667968,189.77449493408204,-36.83701515197754,0.0,0.0,0.0,0.0,0.0,0.0,3.6948032834573953e-23,-6.298298031462726e-23,-1.7653704511299016e-22,1.0682179249678116e-20,5.806350947457304e-20,3.0239384632562382e-21
478,4.78,-252.91962,827.5073,-359.426,422.446,-477.98404,68.23684,-0.5145337998867034,-0.3791752099990845,4.133058953285217,621.0913177490235,158.06211471557617,97.77624855041503,-16.837696075439453,-24.820848274230958,-502.7569854736328,60218.768359375,-15216.830078125,-3759.6230224609376,-1.2688205003738404,0.16895655691623687,-0.3708512306213379,135.52569732666015,187.26630249023438,-39.060082626342776,0.0,0.0,0.0,0.0,0.0,0.0,2.1158092454790857e-23,-3.64896284446771e-23,-1.027173399172902e-22,6.935184845427586e-21,3.344827171427688e-20,2.0276290816548626e-21
479,4.79,-237.21768,824.34656,-350.804,421.643,-477.90247,69.402504,-1.0989845633506774,-0.5586392253637313,7.221447896957398,1093.997576904297,330.6324523925781,197.00052337646486,-16.820928382873536,-34.520334243774414,-543.2322082519531,65735.142578125,-16874.73681640625,-3820.9990234375,-1.2807430148124694,0.17178642898797988,-0.43006885051727295,133.51404418945313,185.69495391845703,-41.533987808227536,0.0,0.0,0.0,0.0,0.0,0.0,-1.604845832229896e-23,2.6242529916374973e-23,7.239800232294028e-23,-2.4836102662935412e-21,-2.4696791710242134e-20,-5.33332803122783e-22
480,4.8,-221.32733,820.73584,-341.872,420.427,-476.87427,71.04192,-1.8964818120002747,-0.7354018270969391,11.000097179412842,1676.227001953125,564.2190368652343,329.184619140625,-17.481979179382325,-46.50547828674316,-583.6498901367188,71273.2109375,-18475.0267578125,-3818.91484375,-1.2908131957054139,0.17505905479192735,-0.5004741132259369,130.06175384521484,184.80317077636718,-43.44745140075683,0.0,0.0,0.0,0.0,0.0,0.0,-8.342235816475026e-23,1.4008970671258107e-22,3.904637747269513e-22,-2.0025556661298924e-20,-1.3010431627445794e-19,-5.3466911077703335e-21
481,4.81,-205.04152,817.1978,-332.907,419.307,-477.16086,73.44451,-2.862449359893799,-0.8524733901023864,14.956602096557617,2291.624230957031,844.4585571289062,484.720263671875,-18.81410617828369,-60.74783363342285,-622.0172973632813,76602.0921875,-19952.6509765625,-3729.3384521484377,-1.3016222715377808,0.17861217111349106,-0.5669396460056305,125.71725082397461,182.84766387939453,-44.28729934692383,0.0,0.0,0.0,0.0,0.0,0.0,-1.8868087717304553e-22,3.1822336906350384e-22,8.884157068179808e-22,-4.795341043679987e-20,-2.949095998306576e-19,-1.3055483130935571e-20
482,4.82,-189.0238,813.82166,-323.154,418.171,-476.73007,76.451515,-3.8583601236343386,-0.8174699664115905,18.040248107910156,2781.9541015625,1129.0653503417968,637.7404968261719,-20.703320503234863,-76.92641677856446,-656.2169738769531,81466.1328125,-21253.5974609375,-3534.285498046875,-1.3125160098075868,0.18158214539289474,-0.6155218780040741,120.69532165527343,178.88534393310547,-43.843069839477536,0.0,0.0,0.0,0.0,0.0,0.0,-3.3515577488269053e-22,5.664449430077346e-22,1.5826414954079575e-21,-8.74664695896784e-20,-5.244057206314699e-19,-2.4017787660510266e-20
483,4.83,-172.7143,810.7031,-312.442,417.341,-474.71878,79.46307,-4.6057435989379885,-0.497666172683239,18.4776403427124,2878.1822265625,1334.505810546875,738.74345703125,-22.94232006072998,-94.47083435058593,-684.1003662109375,85591.07734375,-22333.6162109375,-3221.1518310546876,-1.3201526522636413,0.1835557520389557,-0.645023500919342,115.25321350097656,173.61583862304687,-42.57801971435547,0.0,0.0,0.0,0.0,0.0,0.0,-5.166287731667465e-22,8.744442758915005e-22,2.4445437007974304e-21,-1.3732767097357726e-19,-8.089568000224764e-19,-3.7927550050892426e-20
484,4.84,-155.02174,807.8658,-301.509,416.884,-471.72626,83.15519,-4.639892625808716,0.2771954325959086,13.636923599243165,2178.7764404296877,1322.801416015625,707.5354614257812,-25.24012565612793,-112.6090705871582,-703.5477172851563,88686.52109375,-23154.1068359375,-2780.5634765625,-1.3227039694786071,0.18408637642860412,-0.6593733906745911,110.5968620300293,169.04151611328126,-41.24442825317383,0.0,0.0,0.0,0.0,0.0,0.0,-7.102347677174638e-22,1.2037713077446293e-21,3.366896794457065e-21,-1.919455214787043e-19,-1.1128778256459695e-18,-5.3282149301897106e-20
485,4.85,-136.25537,804.9989,-289.093,416.216,-470.8962,88.08151,-3.2772445917129516,1.6978847086429596,0.028272467851638793,148.3419937133789,892.6478332519531,428.96690673828124,-27.23625717163086,-130.41245727539064,-712.5484497070313,90453.73203125,-23677.795703125,-2205.2260009765623,-1.3188308477401733,0.18348944932222366,-0.6631302535533905,108.4496452331543,166.7964080810547,-40.281467056274415,0.0,0.0,0.0,0.0,0.0,0.0,-8.677951351909932e-22,1.4731238627298325e-21,4.1226732620637615e-21,-2.389870864591995e-19,-1.3608437534442183e-18,-6.671598670293964e-20
486,4.86,-117.04233,802.1375,-275.667,415.492,-468.15265,93.28078,0.38061489602550863,3.9362860202789305,-26.430922031402588,-3843.803845214844,-218.34414939880372,-244.5893054008484,-28.539673233032225,-146.82535858154296,-709.3095153808594,90601.9890625,-23863.50703125,-1492.8221313476563,-1.3069674491882324,0.18177282065153122,-0.6615315914154053,108.96987533569336,167.15337829589845,-39.844200897216794,0.0,0.0,0.0,0.0,0.0,0.0,-9.067689786073928e-22,1.5429500637224907e-21,4.321914616388469e-21,-2.568148733467939e-19,-1.4236826690066441e-18,-7.227911042577803e-20
487,4.87,-97.04023,799.3173,-260.672,414.198,-464.66165,98.90354,7.3729980945587155,7.074639177322387,-69.71804351806641,-10419.309765625,-2310.479382324219,-1478.4182678222655,-28.794786071777345,-160.6889389038086,-692.3681396484375,88871.01015625,-23661.0388671875,-653.1739379882813,-1.287299430370331,0.17826250195503235,-0.6532270789146424,110.55220184326171,169.6209686279297,-39.80580215454101,0.0,0.0,0.0,0.0,0.0,0.0,-7.032484438846935e-22,1.2034609332613694e-21,3.3780812618469335e-21,-2.1237050297828977e-19,-1.1073452643080603e-18,-6.08309242856956e-20
488,4.88,-77.34805,796.74603,-243.933,412.563,-461.10364,105.90118,18.692980003356933,10.99561653137207,-132.38097686767577,-19990.80595703125,-5665.267919921875,-3421.220751953125,-27.7578369140625,-170.76918334960936,-660.7194946289062,85063.65625,-23009.9525390625,282.3673011779785,-1.2617525577545166,0.1711733505129814,-0.6245553076267243,111.7993553161621,173.56244049072265,-39.95600624084473,0.0,0.0,0.0,0.0,0.0,0.0,-9.108458811853346e-23,1.729629574273264e-22,5.031955372285991e-22,-6.057895553914785e-20,-1.5144843356728978e-19,-1.9844571360807848e-20
489,4.89,-57.332554,794.16656,-225.946,410.65,-455.6842,113.34543,34.93802967071533,15.230148887634277,-213.40533294677735,-32437.721875,-10441.02001953125,-6143.687353515625,-25.36302967071533,-175.78209381103517,-613.9998413085938,79096.64140625,-21847.8291015625,1251.6893371582032,-1.2324563145637513,0.1584213048219681,-0.5784060060977936,112.38471603393555,178.1423828125,-40.4351619720459,0.0,0.0,0.0,0.0,0.0,0.0,1.1268019195059195e-21,-1.8832370165487162e-21,-5.2395599901141355e-21,2.5310852776106697e-19,1.753126641943675e-18,6.593052442759284e-20
490,4.9,-37.034767,791.39166,-206.138,408.261,-448.66833,121.37116,55.778677749633786,18.771532440185545,-305.632763671875,-46716.008203125,-16525.271875,-9547.55244140625,-21.76322212219238,-174.4454788208008,-552.7988525390625,71071.9625,-20132.683984375,2157.428955078125,-1.2008975863456726,0.14016509056091309,-0.5309581696987152,112.83690032958984,183.0070007324219,-41.81172981262207,0.0,0.0,0.0,0.0,0.0,0.0,3.1469105945138057e-21,-5.2997643599825046e-21,-1.4787769131829383e-20,7.848540080833577e-19,4.915019994274012e-18,2.1234175715953383e-19
491,4.91,-16.830029,788.7663,-184.241,405.135,-440.0942,130.82193,79.54935226440429,20.033623695373535,-398.40322265625,-61287.4875,-23562.220703125,-13295.550390625,-17.341765022277833,-165.6065231323242,-479.14093017578125,61355.855078125,-17876.41875,2871.8437744140624,-1.1688777327537536,0.12073151990771294,-0.49602086246013644,113.52241821289063,188.5951370239258,-44.41649284362793,0.0,0.0,0.0,0.0,0.0,0.0,6.10409519863507e-21,-1.0308052486424414e-20,-2.8791742789558007e-20,1.5766584012636923e-18,9.546884277547394e-18,4.315160520281498e-19
492,4.92,3.7900317,786.6462,-160.046,401.943,-426.98065,139.42963,103.64897384643555,17.69963264465332,-485.0620361328125,-75232.3609375,-31225.736328125,-16900.61787109375,-12.665077018737794,-148.79345703125,-396.8521423339844,50585.336328125,-15172.6666015625,3268.073388671875,-1.1386886596679688,0.10530460029840469,-0.47113670110702516,114.12948913574219,194.19268035888672,-47.931114959716794,0.0,0.0,0.0,0.0,0.0,0.0,9.971858335825446e-21,-1.6867687559450765e-20,-4.714314437530385e-20,2.6300621580020096e-18,1.5609310839283234e-17,7.246137683032074e-19
493,4.93,23.794647,785.61896,-134.378,399.891,-409.1905,147.17807,125.92961044311524,11.693840599060058,-563.3794738769532,-88236.9234375,-39329.196484375,-19994.7984375,-8.348529386520386,-125.05111618041992,-311.4149475097656,39564.71640625,-12201.40234375,3276.692578125,-1.1117374420166015,0.09628129824995994,-0.44443993270397186,114.84496536254883,197.9383316040039,-51.783834075927736,0.0,0.0,0.0,0.0,0.0,0.0,1.4418252608020956e-20,-2.4422326155193005e-20,-6.829246241102528e-20,3.867490377937678e-18,2.2585111970479416e-17,1.0711231131723033e-18
494,4.94,44.347755,784.76483,-105.55,397.157,-387.8998,153.26411,145.45050201416015,2.9363993406295776,-633.5979858398438,-100286.66328125,-47779.37109375,-22452.687890625,-4.879537415504456,-97.19325332641601,-229.25069122314454,29115.4357421875,-9205.399951171876,2924.3892578125,-1.088431477546692,0.09149346351623536,-0.40560718774795534,115.46929244995117,198.9502395629883,-55.47172927856445,0.0,0.0,0.0,0.0,0.0,0.0,1.8619876786040567e-20,-3.1584183045384555e-20,-8.83662611503771e-20,5.081487838483139e-18,2.918774653290812e-17,1.4147255437436136e-18
495,4.95,64.37162,783.94794,-73.5445,392.519,-366.57623,159.64352,161.3852569580078,-7.264154934883118,-696.1201965332032,-111338.528125,-56369.044921875,-24209.5169921875,-2.453163516521454,-69.03017578125,-156.17860565185546,19901.02568359375,-6431.568212890625,2328.7998657226562,-1.0696093916893006,0.08758798018097877,-0.36171930134296415,115.90600051879883,197.81592407226563,-58.9481689453125,0.0,0.0,0.0,0.0,0.0,0.0,2.105171250058603e-20,-3.577685654756498e-20,-1.001671758444629e-19,5.8760498657100884e-18,3.3031553923407307e-17,1.6468535891099168e-18
496,4.96,83.231155,783.2509,-39.2916,386.077,-345.18585,167.93433,172.43976135253905,-17.63042058944702,-750.0794921875,-121128.97421875,-64655.20859375,-25148.856640625,-0.9520279318094254,-44.003462600708005,-96.00360260009765,12321.508203125,-4068.4049072265625,1650.9076782226562,-1.0560294389724731,0.08281193897128106,-0.32867285907268523,115.99210968017579,195.7310028076172,-62.059698486328124,0.0,0.0,0.0,0.0,0.0,0.0,1.9294723364621433e-20,-3.290718541062467e-20,-9.225396414670173e-20,5.610661249804546e-18,3.032932393791377e-17,1.5908224630466216e-18
497,4.97,101.16744,782.18555,-4.52415,379.799,-320.4759,176.14636,177.47944183349608,-27.27839069366455,-793.6896118164062,-129271.7890625,-72092.2375,-25159.544921875,-0.09592369263991714,-24.19833583831787,-50.35427970886231,6546.651416015625,-2225.4287841796877,1032.070489501953,-1.0480095267295837,0.07603719905018806,-0.3175350368022919,115.22054901123047,193.60220184326172,-64.21180877685546,0.0,0.0,0.0,0.0,0.0,0.0,9.93724209946497e-21,-1.71945908723395e-20,-4.846050365624399e-20,3.3668325499884508e-18,1.5736122176680982e-17,9.91965774940827e-19
498,4.98,118.22903,781.3362,31.4954,373.323,-294.55057,185.87233,176.12200469970702,-35.73758049011231,-824.8380493164062,-135366.5171875,-78190.6828125,-24221.0755859375,0.35026342421770096,-10.17321343421936,-18.933445930480957,2544.681982421875,-925.7815734863282,548.589810180664,-1.0447314381599426,0.06542139276862144,-0.3265771955251694,113.55596542358398,191.95625762939454,-65.0990966796875,0.0,0.0,0.0,0.0,0.0,0.0,-1.1310978974662657e-20,1.8640924029180907e-20,5.158391406167207e-20,-2.0313273795163994e-18,-1.7474493974108485e-17,-4.775145451642725e-19
499,4.99,135.31992,780.93475,67.3625,367.516,-266.22287,196.53572,168.80204315185546,-42.7367446899414,-841.4865051269531,-139048.759375,-82593.63828125,-22428.878515625,0.5242421448230743,-1.3453007876873015,0.2323068656027317,82.50015106201172,-110.42694063186646,212.89905319213867,-1.0441265821456909,0.05080683119595051,-0.35009141862392423,112.18448486328126,190.81045532226562,-64.73452987670899,0.0,0.0,0.0,0.0,0.0,0.0,-4.9126511519174043e-20,8.255156336892776e-20,2.3014835659121954e-19,-1.1897853091255083e-17,-7.664248682316652e-17,-3.1866054972074506e-18
500,5.0,152.45482,781.39325,102.691,363.92,-236.04552,205.02954,156.5742446899414,-48.10368385314941,-842.4644592285156,-140103.3703125,-85136.78203125,-19960.749609375,0.5306833744049072,3.4097916722297668,10.05618577003479,-1197.3536193847656,326.56715240478513,6.452328395843506,-1.0448930263519287,0.03572385553270578,-0.38730579018592837,113.0991584777832,190.3118667602539,-63.38003005981445,0.0,0.0,0.0,0.0,0.0,0.0,-1.0749648139405775e-19,1.813469015265021e-19,5.063331037921963e-19,-2.741057727641489e-17,-1.6803969532618437e-16,-7.47070813069324e-18
501,5.01,170.2661,782.99194,137.141,364.338,-204.03667,208.47398,140.88653106689452,-51.76502914428711,-827.9713989257813,-138541.9234375,-85868.6671875,-17042.418359375,0.44990665912628175,5.315957832336426,13.517048931121826,-1666.102880859375,499.65159912109374,-100.7859619140625,-1.04673775434494,0.02377330083400011,-0.4320865899324417,116.93533020019531,190.95885314941407,-62.10174713134766,0.0,0.0,0.0,0.0,0.0,0.0,-1.8784000179381399e-19,3.175183859687622e-19,8.871966967269337e-19,-4.911984493716029e-17,-2.939301894580034e-16,-1.3496638367109415e-17
502,5.02,187.64545,785.94135,171.489,368.116,-170.03433,206.47826,123.34065017700195,-53.795344543457034,-799.5717529296875,-134606.4890625,-85019.6109375,-13912.30419921875,0.3370564132928848,5.4543187618255615,13.155770969390868,-1643.2658813476562,509.52927856445314,-139.9892837524414,-1.0481636762619018,0.015654750168323517,-0.47604832649230955,122.5573631286621,192.3834671020508,-61.984310913085935,0.0,0.0,0.0,0.0,0.0,0.0,-2.8614777578766e-19,4.84397191600782e-19,1.3542189776556154e-18,-7.618688930753435e-17,-4.48091191709911e-16,-2.1052178874062676e-17
503,5.03,205.10168,789.3711,205.275,372.748,-134.58737,202.2428,105.49719924926758,-54.43490867614746,-759.8309814453125,-128713.33046875,-82936.55703125,-10794.71162109375,0.22558642327785491,4.661227893829346,10.885266590118409,-1371.1288940429688,433.87261962890625,-137.97687377929688,-1.0480038285255433,0.012017619889229536,-0.5163919121026993,127.85810012817383,194.25357513427736,-62.894140625,0.0,0.0,0.0,0.0,0.0,0.0,-3.8909440967597635e-19,6.595640419477324e-19,1.8448674445640993e-18,-1.0533131837699655e-16,-6.097207746253353e-16,-2.92537390021776e-17
504,5.04,221.76952,793.7094,238.972,378.132,-97.1535,196.44194,88.71039657592773,-54.00801887512207,-711.8320495605469,-121367.2203125,-80004.01015625,-7888.252978515625,0.13248981088399886,3.514580583572388,7.992252349853516,-1013.8501892089844,326.1973175048828,-115.07804946899414,-1.0465548396110536,0.013804724253714085,-0.553605318069458,131.26514892578126,195.75599670410156,-63.941864776611325,0.0,0.0,0.0,0.0,0.0,0.0,-4.693512493023553e-19,7.968909852608645e-19,2.230324149135554e-18,-1.2953739183924447e-16,-7.360869942240678e-16,-3.618499008809708e-17
505,5.05,238.28423,798.2483,272.222,383.556,-58.40547,190.24185,73.90361938476562,-52.78277740478516,-658.8685546875,-113100.528125,-76578.4953125,-5345.570751953125,0.06359805725514889,2.367724823951721,5.237378931045532,-669.3799499511719,219.11053924560548,-85.06174926757812,-1.0457577347755431,0.018882321566343306,-0.578292042016983,131.81421508789063,195.74225006103515,-64.63319473266601,0.0,0.0,0.0,0.0,0.0,0.0,-4.80789037523644e-19,8.183755747853728e-19,2.2926093810152095e-18,-1.366898770122027e-16,-7.549945589638849e-16,-3.851245597090612e-17
506,5.06,254.78581,803.19,304.73,389.523,-18.192635,183.81398,61.47908020019531,-50.87920570373535,-604.1206970214844,-104415.8671875,-72946.82109375,-3260.2943603515623,0.018075994844548405,1.4024895548820495,2.990108346939087,-386.0834991455078,129.29520416259766,-56.139847946166995,-1.0463078022003174,0.022898490913212298,-0.584737491607666,129.44352111816406,193.93553924560547,-64.88479385375976,0.0,0.0,0.0,0.0,0.0,0.0,-3.54943823816903e-19,6.080859092614455e-19,1.707578654956721e-18,-1.0849324538523805e-16,-5.592165092606804e-16,-3.1174945549606936e-17
507,5.07,270.92056,808.10016,335.839,396.501,24.390903,175.9244,51.41795272827149,-48.289184951782225,-550.3253723144531,-95739.25859375,-69316.79375,-1669.1290161132813,-0.008209166751476005,0.683645737171173,1.3600935637950897,-179.15100860595703,62.59786949157715,-32.36389083862305,-1.0488945364952087,0.023467367701232433,-0.58724924325943,124.86901626586913,191.44483795166016,-64.85120162963867,0.0,0.0,0.0,0.0,0.0,0.0,-1.0267490828826695e-21,1.2073996660313464e-20,4.457194900316173e-20,-2.0274407662012847e-17,-6.461206778171022e-18,-7.311933934720499e-18
508,5.08,287.0104,812.9307,365.981,403.766,68.016106,167.66005,43.42310333251953,-44.941039657592775,-499.6329010009766,-87406.934375,-65836.153515625,-557.9582168579102,-0.02043195627629757,0.2054752826690674,0.3059417918324471,-44.297431361675265,18.363307523727418,-15.002977848052979,-1.0529633164405823,0.020001197420060634,-0.6058886289596558,119.15536651611328,189.35393981933595,-64.80274505615235,0.0,0.0,0.0,0.0,0.0,0.0,6.871812322114351e-19,-1.150084580204606e-18,-3.2014624364907272e-18,1.5743658784678076e-16,1.0698929166822705e-15,4.132145247416759e-17
509,5.09,302.4083,817.1914,395.514,411.104,112.18783,158.27441,37.05296630859375,-40.79118423461914,-453.5943328857422,-79672.5703125,-62620.875,129.92283573150635,-0.023482930660247803,-0.07310023348545655,-0.2848930671811104,32.103355169296265,-7.304966533184052,-3.693537204712629,-1.0570881962776184,0.012846675142645836,-0.6411460876464844,113.41893463134765,188.29357147216797,-64.53235092163087,0.0,0.0,0.0,0.0,0.0,0.0,1.8131760873456614e-18,-3.054706947343713e-18,-8.524619197301237e-18,4.543567023616848e-16,2.8324390215203934e-15,1.2312136806495488e-16
510,5.1,318.2921,821.45685,424.624,418.208,156.97769,148.69203,31.83901882171631,-35.90492630004883,-413.2438079833984,-72725.39296875,-59782.45078125,482.4848999023437,-0.021331599727272988,-0.20484275966882706,-0.543731427192688,66.32418746948242,-19.353647994995118,2.7103850483894347,-1.059597623348236,0.003797028845292516,-0.6722626388072968,108.78243408203124,187.81871948242187,-63.60666618347168,0.0,0.0,0.0,0.0,0.0,0.0,3.443285814117976e-18,-5.815823589772653e-18,-1.6245522414485738e-17,8.915307219954735e-16,5.38586458553392e-15,2.44192475675724e-16
511,5.11,333.7748,825.11444,453.178,424.972,201.69543,138.61957,27.360126113891603,-30.48350601196289,-379.27289428710935,-66716.498046875,-57448.7765625,607.136767578125,-0.016844601184129716,-0.24016482830047609,-0.5907443046569825,73.42108840942383,-22.48590965270996,5.575692558288575,-1.0582796335220337,-0.005153498030267656,-0.6786596953868866,105.90535964965821,187.01101531982422,-61.95342254638672,0.0,0.0,0.0,0.0,0.0,0.0,5.551168558993354e-18,-9.391282339903308e-18,-2.6248879199317253e-17,1.466665987302025e-15,8.690064769192288e-15,4.0430460171312016e-16
512,5.12,349.57495,828.19885,480.872,431.37,248.13196,128.14253,23.278411293029784,-24.85541229248047,-352.2089874267578,-61782.3546875,-55772.48125,619.5126403808594,-0.011866910755634308,-0.22028198689222336,-0.5213244318962097,65.43830451965331,-20.53438606262207,6.166370010375976,-1.052269494533539,-0.01304786019027233,-0.6574426174163819,104.78832092285157,185.52882690429686,-59.62471580505371,0.0,0.0,0.0,0.0,0.0,0.0,7.93847760903912e-18,-1.3448347728384692e-17,-3.7607640818270295e-17,2.1328164462745327e-15,1.2435863631725906e-14,5.909865816479534e-16
513,5.13,365.74356,830.96356,507.35004,437.375,295.74707,118.33222,19.351559829711913,-19.45021800994873,-332.5087158203125,-58052.824609375,-54921.031640625,633.5631103515625,-0.007425513118505478,-0.17514705806970596,-0.403000545501709,50.96201667785645,-16.276512336730956,5.493164682388306,-1.0440477132797241,-0.019210395961999895,-0.6160184025764466,104.4245376586914,183.95213775634767,-56.80477638244629,0.0,0.0,0.0,0.0,0.0,0.0,1.0133636573255759e-17,-1.7191969484633296e-17,-4.810249914137602e-17,2.7707037663135926e-15,1.5886321968474564e-14,7.718161727221903e-16
514,5.14,381.60168,832.8594,533.448,442.694,345.05005,109.50147,15.421636390686036,-14.74399013519287,-320.534765625,-55640.75234375,-55051.138671875,751.7420959472656,-0.003963807947002351,-0.12417200952768326,-0.27826506942510604,35.438728141784665,-11.506722927093506,4.276371097564697,-1.036880576610565,-0.02291571982204914,-0.5633398294448853,104.14230880737304,182.5931198120117,-53.56435661315918,0.0,0.0,0.0,0.0,0.0,0.0,1.1279244333078014e-17,-1.9173382703819545e-17,-5.3685957688197114e-17,3.1571969592118493e-15,1.7700049223881316e-14,8.855775468020658e-16
515,5.15,397.88623,834.38617,558.789,447.217,395.27216,101.638115,11.390719318389893,-11.164517974853515,-316.49261169433595,-54623.762890625,-56282.11953125,1053.4430114746094,-0.0015546823327895255,-0.07826962172985077,-0.16999610513448715,21.83654327392578,-7.229364204406738,2.972714138031006,-1.0329055428504943,-0.02333257142454386,-0.5075768530368805,104.29652786254883,182.2898681640625,-50.34878921508789,0.0,0.0,0.0,0.0,0.0,0.0,1.0032058215007817e-17,-1.7119428226454233e-17,-4.800373675408739e-17,2.93603290856296e-15,1.5773937044109798e-14,8.339442182824566e-16
516,5.16,414.08325,835.0711,583.454,450.956,446.27145,95.38427,7.199987316131592,-8.971696662902833,-320.3883575439453,-55028.325390625,-58679.051953125,1583.6326782226563,-6.884770427859622e-05,-0.04225066117942333,-0.08735510185360909,11.378122091293335,-3.883137083053589,1.8309404373168945,-1.0336153626441955,-0.02114212643355131,-0.45623278319835664,104.72269897460937,183.36720581054686,-48.11744842529297,0.0,0.0,0.0,0.0,0.0,0.0,4.518228426013925e-18,-7.85471046046231e-18,-2.217499638112254e-17,1.6019099962786215e-15,7.17209247690972e-15,4.767441285882398e-16
517,5.17,430.33762,834.9088,607.784,453.596,498.27673,90.06007,2.7992655873298644,-8.173058414459229,-332.00523986816404,-56821.93515625,-62245.821875,2351.6858520507812,0.0007065166544634848,-0.01702414723113179,-0.030994633957743645,4.194366550445556,-1.5462075531482697,0.9533772170543671,-1.0392710328102113,-0.018689779937267302,-0.41976702511310576,104.9354362487793,185.61565093994142,-47.42138519287109,0.0,0.0,0.0,0.0,0.0,0.0,-7.590290653999826e-18,1.257182100498508e-17,3.485668458006195e-17,-1.4845271143039145e-15,-1.1755806596413289e-14,-3.643592955442158e-16
518,5.18,446.46848,834.10004,630.322,455.847,550.6694,85.74008,-1.8975461557507516,-8.54075059890747,-350.83408813476564,-59905.0953125,-66916.519921875,3346.874853515625,0.0009934852190781386,-0.0013476234074914829,0.002913888418697752,-0.1662702739238739,-0.0988602677360177,0.35080543607473375,-1.0473908543586732,-0.016012039221823215,-0.40494088232517245,104.85335083007813,188.4738540649414,-48.17660789489746,0.0,0.0,0.0,0.0,0.0,0.0,-2.878733900405386e-17,4.840195175801002e-17,1.3497107378516733e-16,-7.026274119207513e-15,-4.492443895863898e-14,-1.8869542489605997e-15
519,5.19,462.6942,832.4635,651.426,457.142,602.6061,82.41041,-7.060384321212768,-9.743885612487793,-375.9223571777344,-64096.5578125,-72535.85,4563.706323242188,0.000983704172540456,0.0069314153399318455,0.019897937215864657,-2.383450615406036,0.6614582449197769,-0.014802621584385634,-1.0538819909095765,-0.01357002379372716,-0.40261908769607546,104.25343780517578,191.3148971557617,-49.9185977935791,0.0,0.0,0.0,0.0,0.0,0.0,-6.11209346356373e-17,1.0313614580565883e-16,2.8798943785565165e-16,-1.563351033169653e-14,-9.55566280670759e-14,-4.26519408713074e-15
520,5.2,478.8948,830.0525,671.123,457.278,654.46423,80.031006,-12.924840545654297,-11.498390388488769,-405.7800598144531,-69128.953125,-78850.0609375,6012.1748046875,0.0008227967075072229,0.010092608071863652,0.02548317555338144,-3.146504211425781,0.9478256106376648,-0.2005606472492218,-1.0535159826278686,-0.01256277048960328,-0.40330765545368197,103.51193313598633,193.49755096435547,-52.30602912902832,0.0,0.0,0.0,0.0,0.0,0.0,-1.0514181063691615e-16,1.7775590173804206e-16,4.967072326997007e-16,-2.754808100385864e-14,-1.6453789963540368e-13,-7.574044524021181e-15
521,5.21,495.48074,827.07135,690.367,456.06,705.32666,78.816765,-19.69310531616211,-13.607142925262451,-438.50746765136716,-74673.32109375,-85534.8046875,7701.09765625,0.000609632395207882,0.010119779221713542,0.024318758584558963,-3.040504884719849,0.9449703633785248,-0.26435198187828063,-1.0459950923919679,-0.013764294888824224,-0.40443612039089205,103.09778137207032,194.89490356445313,-54.88574638366699,0.0,0.0,0.0,0.0,0.0,0.0,-1.583208869349918e-16,2.680444443673943e-16,7.494031833059849e-16,-4.22214428133158e-14,-2.4793815004559015e-13,-1.1672601819438583e-14
522,5.22,512.53076,823.81226,708.87,453.654,754.61957,79.496414,-27.48448257446289,-15.925740909576415,-472.05287780761716,-80378.01953125,-92239.73203125,9623.1994140625,0.0004033596196677536,0.008530204929411412,0.019866185262799263,-2.504178547859192,0.7937638401985169,-0.25528379529714584,-1.0348385572433472,-0.017721740156412126,-0.4045254200696945,103.49281768798828,196.22916412353516,-57.32830047607422,0.0,0.0,0.0,0.0,0.0,0.0,-2.129219065583808e-16,3.609800311313652e-16,1.0097505810481642e-15,-5.773774673970521e-14,-3.336777550230416e-13,-1.604377412783094e-14
523,5.23,529.9113,819.8905,727.749,450.456,801.2771,82.18065,-36.34598503112793,-18.329626655578615,-504.4195587158203,-85898.415625,-98621.94609375,11753.95712890625,0.00023331795819103718,0.006360703054815531,0.014427414070814848,-1.8314355969429017,0.5901910960674286,-0.21016667336225509,-1.0227374196052552,-0.022801218926906584,-0.398927903175354,104.44367218017578,197.86914825439453,-59.432447052001955,0.0,0.0,0.0,0.0,0.0,0.0,-2.534703398903996e-16,4.3043771748201897e-16,1.2047864075434253e-15,-7.011362586979882e-14,-3.975576622463131e-13,-1.959855871748418e-14
524,5.24,547.7768,816.0122,746.982,447.035,844.6647,86.38461,-46.24621696472168,-20.69000663757324,-533.7732849121094,-90911.65859375,-104363.6328125,14049.67646484375,0.00010886137170018628,0.004236604296602308,0.009343062387779355,-1.1951080739498139,0.39193373918533325,-0.15365166813135148,-1.0105963468551635,-0.02716514691710472,-0.3867360681295395,106.06947708129883,200.55209503173828,-61.05072593688965,0.0,0.0,0.0,0.0,0.0,0.0,-2.5421708148972107e-16,4.3287052845543133e-16,1.2128108588725335e-15,-7.25740133137101e-14,-3.9927580827107264e-13,-2.047173415080936e-14
525,5.25,565.81665,811.5597,766.369,443.452,884.6811,91.382164,-57.05653076171875,-22.8513391494751,-558.4794982910156,-95121.4265625,-109177.771875,16442.97724609375,2.7579160143886838e-05,0.0024724444141611458,0.005246710334904492,-0.6783469140529632,0.22782649993896484,-0.1002277284860611,-0.9989993453025818,-0.02988860197365284,-0.3644732505083084,109.20627136230469,205.30620422363282,-62.392198944091795,0.0,0.0,0.0,0.0,0.0,0.0,-1.7737318776792645e-16,3.042810022183669e-16,8.548788281562597e-16,-5.500438022805823e-14,-2.7964390514594733e-13,-1.5863879152910703e-14
526,5.26,584.48676,807.1394,784.581,439.73,920.92957,95.85825,-68.56235198974609,-24.626844215393067,-577.1012329101562,-98260.3328125,-112806.95625,18845.123828125,-1.86102767884222e-05,0.0011730154394172132,0.002307776629459113,-0.3049866870045662,0.1072932980954647,-0.05685954429209232,-0.9881750404834747,-0.029958466067910194,-0.3329783588647842,114.07858657836914,211.698583984375,-63.52284469604492,0.0,0.0,0.0,0.0,0.0,0.0,2.6613085168663126e-17,-3.936661766407698e-17,-1.0410727309151186e-16,-3.914537248868213e-15,3.9005297887865035e-14,-2.021958807016963e-15
527,5.27,603.31287,802.65717,802.33,435.881,954.7248,98.65623,-80.4795524597168,-25.822631645202637,-588.4480163574219,-100102.86328125,-115030.1984375,21153.858984375,-3.942558978451416e-05,0.00031859242371865546,0.00043002487072953957,-0.06456720798742026,0.028278131131082775,-0.025537003483623266,-0.9798758685588836,-0.027475941739976407,-0.30556627810001374,119.66831512451172,217.74264831542968,-64.19989891052246,0.0,0.0,0.0,0.0,0.0,0.0,4.1489502553588313e-16,-6.951737702714462e-16,-1.9359792771619933e-15,9.659197473441648e-14,6.463354780853956e-13,2.550465493029899e-14
528,5.28,622.0142,798.67456,820.739,432.938,981.9153,98.8203,-92.44013061523438,-26.27447853088379,-591.6492431640625,-100483.48046875,-115676.696875,23259.1640625,-4.388769593788311e-05,-0.00017148750368960463,-0.0006042101711500436,0.06935863140970469,-0.016855682188179344,-0.005375177330279257,-0.9768144607543945,-0.0231460215523839,-0.2983300507068634,123.79400100708008,221.6555908203125,-64.19461441040039,0.0,0.0,0.0,0.0,0.0,0.0,1.0417982843657675e-15,-1.755731068326928e-15,-4.900247150224992e-15,2.6219271437137594e-13,1.6277119842950104e-12,7.115175182164594e-14
529,5.29,640.9926,795.6136,839.635,430.792,1005.2205,97.68922,-103.96827239990235,-25.872702980041502,-586.1674072265625,-99302.890625,-114630.4078125,25045.4916015625,-3.922910109395161e-05,-0.00039645787328481676,-0.001040577719686553,0.12727246135473252,-0.03740591146051884,0.0058497236343100665,-0.9800978183746338,-0.018242773413658143,-0.3101738512516022,125.07639694213867,222.73574523925782,-63.35997619628906,0.0,0.0,0.0,0.0,0.0,0.0,1.9394209520211887e-15,-3.2763451663747307e-15,-9.152545690129378e-15,5.03311300514668e-13,3.0338541141122776e-12,1.3796007996484499e-13
530,5.3,660.5285,793.4312,859.97,429.363,1022.1604,94.75548,-114.47789611816407,-24.56680030822754,-571.7459289550782,-96521.97578125,-111823.25546875,26395.011328125,-3.0616136064054446e-05,-0.00044938240898773074,-0.0011001995648257435,0.1369016006588936,-0.04205166436731815,0.010697951074689627,-0.9894201755523682,-0.013260639552026988,-0.3286065399646759,123.70970153808594,222.04566192626953,-61.90401496887207,0.0,0.0,0.0,0.0,0.0,0.0,3.086772903559585e-15,-5.222821924022371e-15,-1.4598680185047173e-14,8.16949193840552e-13,4.832521188768979e-12,2.2532248283987573e-13
531,5.31,680.34924,791.9172,881.051,428.398,1035.1381,90.501595,-123.27538299560547,-22.35930461883545,-548.3460083007812,-92151.73984375,-107227.31796875,27190.115234375,-2.1333454787964003e-05,-0.0004054038872709498,-0.0009565400308929384,0.12016268447041512,-0.03777848742902279,0.011497171968221665,-1.0042704820632935,-0.00904667521826923,-0.34523333609104156,120.7026741027832,221.4353042602539,-60.2143138885498,0.0,0.0,0.0,0.0,0.0,0.0,4.366143389081213e-15,-7.397540137285509e-15,-2.0687882728795143e-14,1.1749432264791804e-12,6.8401554819547125e-12,3.2572844432549736e-13
532,5.32,700.1667,790.6778,903.088,427.784,1043.933,84.74606,-129.5554626464844,-19.304543685913085,-516.0959899902343,-86244.75546875,-100852.753125,27314.7431640625,-1.317711603405769e-05,-0.0003185379231581464,-0.0007310570683330298,0.09250992387533188,-0.029593679681420328,0.010086556058377027,-1.0201945424079895,-0.0046705740969628096,-0.35682170689105985,117.08484344482422,222.63944091796876,-58.42247123718262,0.0,0.0,0.0,0.0,0.0,0.0,5.5080838588778385e-15,-9.346097250203253e-15,-2.6151597943104616e-14,1.508893249062282e-12,8.635627022496317e-12,4.205629713840281e-13
533,5.33,720.2099,789.6905,925.243,427.272,1048.8191,77.2265,-132.41791534423828,-15.526686954498292,-475.2753601074219,-78891.71875,-92751.5953125,26661.8529296875,-6.89270723341906e-06,-0.00022337111440720036,-0.0004992057860363275,0.06362383589148521,-0.020693298429250717,0.007762511633336544,-1.033818507194519,0.0005218779959250241,-0.36329608261585233,113.59648666381835,226.06893615722657,-56.633446884155276,0.0,0.0,0.0,0.0,0.0,0.0,6.031206282552763e-15,-1.0254947932497593e-14,-2.8716833835732476e-14,1.6932579253656211e-12,9.465746415859843e-12,4.753607555328665e-13
534,5.34,741.20544,789.58075,946.638,426.563,1049.5845,69.39737,-130.95504608154297,-11.25747299194336,-426.3448028564453,-70225.64765625,-83027.69921875,25155.2505859375,-2.5672082870187294e-06,-0.00013901344427722507,-0.00030081656586844474,0.038680413737893105,-0.012835089676082134,0.005336774932220578,-1.0452639937400818,0.004891701019369065,-0.3640555918216705,110.64533157348633,230.3810836791992,-55.0587043762207,0.0,0.0,0.0,0.0,0.0,0.0,5.19044756244866e-15,-8.863057484383586e-15,-2.485837971826898e-14,1.5300990075656218e-12,8.163893736382044e-12,4.354640752808267e-13
535,5.35,762.11066,789.044,966.221,424.687,1051.0719,65.58157,-124.4354866027832,-6.863740062713623,-370.07175903320314,-60437.94765625,-71861.23828125,22783.39609375,6.503357408149668e-08,-7.358412040048279e-05,-0.00015107964864000679,0.019717945624142884,-0.006758263241499663,0.0032430934719741345,-1.0543642878532409,0.008360386779531836,-0.3603585988283157,108.95286254882812,234.43518524169923,-54.09523468017578,0.0,0.0,0.0,0.0,0.0,0.0,1.9577195318356654e-15,-3.4280086496300117e-15,-9.702852122175036e-15,7.417257170331919e-13,3.1191791581260466e-12,2.2380221658649564e-13
536,5.36,782.9959,789.3114,979.249,421.388,1062.2028,65.77326,-112.5705322265625,-2.8184085726737975,-307.8407745361328,-49819.182421875,-59566.164453125,19632.807421875,1.4090045965531317e-06,-2.826109403031296e-05,-5.010102886444656e-05,0.006837390572763979,-0.0025608679046854378,0.001652012299746275,-1.0600504279136658,0.012273349333554506,-0.3587385356426239,108.95519409179687,237.70937805175782,-53.81953582763672,0.0,0.0,0.0,0.0,0.0,0.0,-4.928529950910728e-15,8.191615335303874e-15,2.2742566717256747e-14,-1.019038954442968e-12,-7.646655682778947e-12,-2.565230569872819e-13
537,5.37,804.2554,791.58923,988.594,421.366,1085.8738,68.621635,-95.8697883605957,0.40941987447440625,-242.2058547973633,-38826.303125,-46679.23046875,15917.16796875,1.8772042835735192e-06,-4.644326679681399e-07,9.790873963311243e-06,-0.0008730290574021637,4.460315176402219e-06,0.0005716350366128609,-1.062691366672516,0.016989261098206043,-0.3591790050268173,111.02921066284179,239.01981201171876,-53.837415313720705,0.0,0.0,0.0,0.0,0.0,0.0,-1.6795086507518166e-14,2.8253222210514096e-14,7.880079035582805e-14,-4.127503590647952e-12,-2.6216633378095543e-11,-1.1111025348484877e-12
538,5.38,825.61005,795.7598,1009.0901,425.22,1088.5146,65.34244,-75.87824020385742,2.515662693977356,-177.2891876220703,-28134.266796875,-34022.3662109375,11974.4572265625,1.82063397460297e-06,1.3910411780670984e-05,3.905354060407262e-05,-0.004701666021719575,0.0013236029073596001,-7.479380237782607e-05,-1.0647501945495605,0.02224436718970537,-0.35624995827674866,115.22700958251953,237.2568389892578,-53.839799880981445,0.0,0.0,0.0,0.0,0.0,0.0,-3.468689670617451e-14,5.854441517889105e-14,1.634889448755457e-13,-8.898065357448859e-12,-5.4235857818718533e-11,-2.4299040861028297e-12
539,5.39,843.95844,799.6639,1031.65,429.585,1084.4039,65.69011,-55.011465835571286,3.467219877243042,-118.31062698364258,-18557.662890625,-22597.9048828125,8214.103857421875,1.5030360145829035e-06,1.9101995349046774e-05,4.7920724682626314e-05,-0.005926467850804329,0.0017925609601661563,-0.0003955267748096958,-1.0699134588241577,0.02638563420623541,-0.3430205643177032,121.06186752319336,232.20106048583983,-53.78530426025391,0.0,0.0,0.0,0.0,0.0,0.0,-5.877927505349486e-14,9.938910182057461e-14,2.777409731239203e-13,-1.5429898851671008e-11,-9.19916046115965e-11,-4.244820228822832e-12
540,5.4,859.26514,802.76215,1055.32,433.396,1076.2516,67.265114,-35.894240379333496,3.491973352432251,-69.77373962402343,-10772.86181640625,-13245.35302734375,5009.580224609375,1.1014662334218882e-06,1.8746188834484202e-05,4.4889457421959376e-05,-0.005617530224844814,0.0017497932072728871,-0.0004978682554792613,-1.0788374066352844,0.02867795471101999,-0.3180200278759003,126.9348030090332,224.7635009765625,-53.712737274169925,0.0,0.0,0.0,0.0,0.0,0.0,-8.75032895263344e-14,1.4816652001451922e-13,4.1426686842212237e-13,-2.3373319425756823e-11,-1.3704352444521284e-10,-6.465041262754267e-12
541,5.41,873.93445,805.3767,1074.49,436.224,1072.594,68.87649,-20.402296447753905,2.9614791870117188,-33.79584274291992,-5068.01142578125,-6344.1993408203125,2569.329455566406,7.203250561360619e-07,1.5592656654916937e-05,3.621682080847677e-05,-0.004568444658070802,0.001450521848164499,-0.0004716315888799727,-1.088939106464386,0.030861755833029747,-0.28237461149692533,130.41463470458984,216.00887756347657,-53.57766265869141,0.0,0.0,0.0,0.0,0.0,0.0,-1.163830039014723e-13,1.9733965573838844e-13,5.520373383676586e-13,-3.161391339684405e-11,-1.8240130933433463e-10,-8.789233924000329e-12
542,5.42,889.8206,808.7731,1087.17,438.19,1075.8724,68.31891,-9.199158763885498,2.219386911392212,-9.930630731582642,-1329.8959671020507,-1788.3870727539063,906.7154296875,4.100889128721974e-07,1.1499408083182061e-05,2.6015969160653186e-05,-0.003304791240952909,0.0010667022259440273,-0.00038339944730978457,-1.0970306754112245,0.03293641954660416,-0.23675875663757323,130.32659759521485,207.04639129638673,-53.720574951171876,0.0,0.0,0.0,0.0,0.0,0.0,-1.3667078807653304e-13,2.321372830288784e-13,6.497954789259214e-13,-3.789411805177334e-11,-2.1438402164619675e-10,-1.0599697768814975e-11
543,5.43,906.2247,812.7017,1096.05,438.934,1079.295,66.23143,-1.9775227665901185,1.4859057068824768,3.9214899629354476,804.0787719726562,838.9399940490723,-92.36740323454141,1.854922807353887e-07,7.571285459562205e-06,1.6645256891933968e-05,-0.002130979089997709,0.000700202095322311,-0.0002772519757854752,-1.0995697498321533,0.033132411539554596,-0.18400612622499465,127.3079818725586,200.09689025878907,-54.18777351379394,0.0,0.0,0.0,0.0,0.0,0.0,-1.3401050424520153e-13,2.2827674266926586e-13,6.396754165857027e-13,-3.8429797885597415e-11,-2.1052002363575185e-10,-1.0854050384173641e-11
544,5.44,922.7493,816.3631,1103.92,438.596,1078.3893,65.16708,2.05132799744606,0.8730804264545441,10.426952171325684,1774.5865356445313,2057.7511962890626,-591.754525756836,4.0545748292153406e-08,4.35055894740799e-06,9.18650634957885e-06,-0.0011893889226485045,0.0004006872943136841,-0.00017870698357000948,-1.0934662580490113,0.029982420057058333,-0.1346679784357548,122.57164077758789,196.69766998291016,-54.64718894958496,0.0,0.0,0.0,0.0,0.0,0.0,-8.756647005268327e-14,1.504671482354357e-13,4.22994446544131e-13,-2.7635134458581235e-11,-1.3817253244341465e-10,-8.005529615953688e-12
545,5.45,939.8087,819.82495,1109.03,437.075,1078.689,65.23969,3.799104857444763,0.41943868398666384,12.121754550933838,1992.71201171875,2358.7580810546874,-754.9189636230469,-4.0453332506018566e-08,2.004132181809837e-06,3.893344819516642e-06,-0.0005164778209291399,0.0001830965054978151,-9.96886104985606e-05,-1.0784730911254883,0.023099150881171225,-0.10553193911910057,117.54675598144532,196.81375274658203,-54.90764122009277,0.0,0.0,0.0,0.0,0.0,0.0,2.967382673672685e-14,-4.71094199607339e-14,-1.2843438625001397e-13,1.857176153315099e-12,4.500104156500428e-11,-3.405869336559064e-15
546,5.46,956.7165,823.1728,1112.53,435.291,1079.3777,65.66604,4.096331763267517,0.11957899164408445,11.072941493988036,1789.1765991210937,2139.86220703125,-719.243896484375,-7.571685074481138e-08,4.793371943145885e-07,5.53108956324877e-07,-8.842850793371327e-05,4.213407712541084e-05,-4.3237638965365474e-05,-1.0564396023750304,0.014075007755309343,-0.10300567001104355,113.08059616088867,199.1638412475586,-54.98203964233399,0.0,0.0,0.0,0.0,0.0,0.0,2.484090773249674e-13,-4.166205534316021e-13,-1.160664332656644e-12,5.860798842766135e-11,3.871670900545965e-10,1.5550991267279657e-11
547,5.47,973.1833,826.5523,1115.25,433.655,1080.4711,66.22623,3.600159764289856,-0.053645577002316716,8.778743076324464,1400.9504272460938,1688.16435546875,-586.9197631835938,-8.186187585579319e-08,-3.811171438883321e-07,-1.2530708431768288e-06,0.00014581300129066222,-3.706688476086128e-05,-7.34255735892475e-06,-1.0324213981628418,0.004361268312140965,-0.12203069180250167,110.29659500122071,201.66496887207032,-54.83486480712891,0.0,0.0,0.0,0.0,0.0,0.0,5.970478560331227e-13,-1.0065084236985517e-12,-2.8094921354637758e-12,1.5086140184306097e-10,9.32976901291127e-10,4.099383298095116e-11
548,5.48,989.4068,830.1789,1117.96,432.672,1082.518,66.60906,2.774409770965576,-0.13426826819777488,6.207332515716553,979.2190368652343,1188.2658813476562,-425.8378387451172,-7.205184431313682e-08,-7.634260441591323e-07,-1.9837835793623524e-06,0.00024322401150129737,-7.194188146968372e-05,1.2288775678825914e-05,-1.010984766483307,-0.00526215645368211,-0.16043963879346848,110.86409378051758,203.73487243652343,-54.27987785339356,0.0,0.0,0.0,0.0,0.0,0.0,1.0907980465060806e-12,-1.8430548645413657e-12,-5.148955957781642e-12,2.8370674837185915e-10,1.7064976320924074e-09,7.782039110337813e-11
549,5.49,1004.524,833.3179,1120.85,432.354,1084.3484,66.71444,1.909939694404602,-0.15447246730327607,3.900756359100342,607.0757415771484,742.781005859375,-275.48481903076174,-5.55874851926319e-08,-8.391517098971235e-07,-2.0453867819014702e-06,0.00025480088079348205,-7.848518798709847e-05,2.0441757078515367e-05,-0.9944001257419586,-0.013627247698605061,-0.21508745849132538,114.6390167236328,205.12569274902344,-53.38785095214844,0.0,0.0,0.0,0.0,0.0,0.0,1.7145262314922916e-12,-2.9013752338158393e-12,-8.11025400483667e-12,4.545342380257722e-10,2.6843755440708604e-09,1.25430801856119e-10
550,5.5,1019.91425,836.9881,1124.91,432.557,1084.4025,66.34148,1.1625299394130706,-0.14039013981819154,2.095930278301239,319.4141571044922,395.88205871582034,-154.47630310058594,-3.830840533680657e-08,-7.451424608007074e-07,-1.7529747765365754e-06,0.00022038206516299396,-6.941513565834611e-05,2.1397282216639725e-05,-0.9850551962852478,-0.018980471603572368,-0.2819621801376343,120.19834518432617,204.90670928955078,-52.30448570251465,0.0,0.0,0.0,0.0,0.0,0.0,2.3987869850194966e-12,-4.064799235051209e-12,-1.136814323232649e-11,6.465732838023542e-10,3.758280286980664e-09,1.7933784735024717e-10
551,5.51,1034.8525,840.1439,1130.06,432.906,1081.7708,65.874306,0.5937797069549561,-0.11089899688959122,0.8352401614189148,120.80010223388672,154.67373123168946,-67.74008979797364,-2.3348150790525324e-08,-5.787018551473011e-07,-1.324758420651051e-06,0.0001677525826380588,-5.374929423851427e-05,1.8498338249628432e-05,-0.9835581243038177,-0.02266247645020485,-0.34958671033382416,126.53780212402344,203.0783660888672,-51.29351272583008,0.0,0.0,0.0,0.0,0.0,0.0,2.9899591049570295e-12,-5.074189722911737e-12,-1.4199118096580587e-11,8.206949286826415e-10,4.688079968673264e-09,2.28881029407102e-10
552,5.52,1050.3425,843.2082,1134.64,433.117,1079.5831,65.84361,0.20707162395119666,-0.07815318256616592,0.05427110074087978,-0.5275610566139222,6.063999509811401,-12.380798041820526,-1.1951484424344016e-08,-4.013693711613087e-07,-8.945254307946016e-07,0.00011409333746996708,-3.7172323754930406e-05,1.4075647413847037e-05,-0.987824285030365,-0.02607474196702242,-0.406718498468399,132.64144592285157,200.25890502929687,-50.519242477416995,0.0,0.0,0.0,0.0,0.0,0.0,3.2181266765990426e-12,-5.473314509951699e-12,-1.5328419956939232e-11,9.063643280349254e-10,5.051424301072416e-09,2.5468352704560714e-10
553,5.53,1065.9587,846.05707,1137.53,433.601,1078.6061,65.61626,-0.02469988171942532,-0.04892166815698147,-0.3561334773898125,-62.86647415161133,-71.35589752197265,18.063125133514404,-4.194152614100943e-09,-2.4653271850638704e-07,-5.314284464930097e-07,6.8406972422963e-05,-2.275332262797747e-05,9.569804205966648e-06,-0.9944477379322052,-0.027944312244653702,-0.4453407943248749,137.88955383300782,197.50455474853516,-49.96086120605469,0.0,0.0,0.0,0.0,0.0,0.0,2.6704671460264784e-12,-4.563370037749537e-12,-1.2802451286597627e-11,7.937283441616926e-10,4.201871761644327e-09,2.263956688786095e-10
554,5.54,1082.0612,848.47546,1139.98,433.599,1078.4856,64.92242,-0.1400313563644886,-0.026130193658173085,-0.5108527332544327,-84.97789993286133,-99.8812042236328,30.864147758483888,4.6155248269175165e-10,-1.2780506963849803e-07,-2.6040800662485706e-07,3.406196919968352e-05,-1.1729382549674483e-05,5.735163267672761e-06,-0.9984945774078369,-0.028657995723187925,-0.4558723121881485,141.70689392089844,195.1244140625,-49.68347053527832,0.0,0.0,0.0,0.0,0.0,0.0,7.835410095811783e-13,-1.3893004666620453e-12,-3.949870508793141e-12,3.3034592440001064e-10,1.2565188459157107e-09,1.0168719642364432e-10
555,5.55,1098.1377,850.71027,1141.48,433.457,1080.0482,65.11202,-0.17717985957860946,-0.010263566207140685,-0.5095067024230957,-82.88875198364258,-98.7304298400879,32.55956172943115,2.7837544713804618e-09,-4.646859803614234e-08,-7.970570656823383e-08,1.0994256876983855e-05,-4.199010311367601e-06,2.853479713849083e-06,-0.9971953928470612,-0.027665299363434315,-0.43817844390869143,143.78382415771483,192.0552749633789,-49.75337295532226,0.0,0.0,0.0,0.0,0.0,0.0,-3.1253070552524075e-12,5.207872436248373e-12,1.4472973427354097e-11,-6.720503785417886e-10,-4.855213275867243e-09,-1.720209332617406e-10
556,5.56,1113.9026,852.36743,1143.91,433.014,1081.2428,66.02794,-0.16821714043617247,-0.0004739232921565417,-0.42807908952236173,-68.67956428527832,-82.49379272460938,28.272541809082032,3.5374101869933837e-09,2.741924653992811e-09,2.5894734623221894e-08,-2.6160940336694695e-06,3.4069467318431635e-07,9.187122515186274e-07,-0.9906677961349487,-0.024317578226327897,-0.4013285279273987,144.18158264160155,187.53121643066407,-50.12103500366211,0.0,0.0,0.0,0.0,0.0,0.0,-9.760197901623192e-12,1.6426531055518943e-11,4.582310468570494e-11,-2.413378152876788e-09,-1.523895818422716e-08,-6.510343930621332e-10
557,5.57,1129.806,853.4002,1146.66,432.513,1082.3228,67.47011,-0.13695062175393105,0.004637898551300168,-0.3183526903390884,-50.48622055053711,-61.06837882995605,21.5868989944458,3.3646338382098405e-09,2.762602928640945e-08,7.612245411792173e-08,-9.204016259900527e-06,2.62236601429322e-06,-2.2229323537459322e-07,-0.9814271092414856,-0.019420219212770463,-0.3528446018695831,142.71553955078124,182.7027389526367,-50.57716674804688,0.0,0.0,0.0,0.0,0.0,0.0,-1.9650115389013846e-11,3.317256261348156e-11,9.264398623254344e-11,-5.054627250089538e-09,-3.07279629296886e-08,-1.3815603994160598e-09
558,5.58,1145.5519,853.95953,1150.13,432.151,1083.7799,68.60237,-0.09916331171989441,0.006532997917383909,-0.21145365089178086,-33.12591896057129,-40.36837024688721,14.726564025878906,2.7425903104116854e-09,3.605123666261534e-08,8.990221829208167e-08,-1.1135027034470112e-05,3.380742168701545e-06,-7.741111517134414e-07,-0.9730624556541443,-0.014255375601351261,-0.3002935141324997,139.860302734375,179.59949340820313,-50.72749557495117,0.0,0.0,0.0,0.0,0.0,0.0,-3.28207148958537e-11,5.5504339666057054e-11,1.5511444767524197e-10,-8.631542813830606e-09,-5.136941965133701e-08,-2.375948193744648e-09
559,5.59,1161.1217,853.7545,1154.03,431.772,1083.5375,69.04535,-0.06400876380503177,0.006472815899178386,-0.12294821366667748,-18.945079231262206,-23.321646690368652,8.863422012329101,1.9879682011669785e-09,3.467338345330973e-08,8.274617258052785e-08,-1.0364096942794276e-05,3.2352195603380095e-06,-9.353553139135328e-07,-0.9680618584156037,-0.010124255158007144,-0.2604163020849228,135.89806518554687,178.9315200805664,-50.465769577026364,0.0,0.0,0.0,0.0,0.0,0.0,-4.8311463163308585e-11,8.18149915871036e-11,2.287622355434671e-10,-1.2925429082599749e-08,-7.566817572524087e-08,-3.576932994242554e-09
560,5.6,1176.0737,853.1302,1158.0,431.704,1083.4105,68.83777,-0.03577925432473421,0.00541618736460805,-0.0579305324703455,-8.647117280960083,-10.85570149421692,4.442388415336609,1.2847105268498637e-09,2.8470231683286328e-08,6.595268473574833e-08,-8.325189446622971e-06,2.6477045821593493e-06,-8.70100728889156e-07,-0.9672717452049255,-0.006924766721203924,-0.24584385454654695,131.31221923828124,180.71312255859374,-50.05971488952637,0.0,0.0,0.0,0.0,0.0,0.0,-6.354083578741232e-11,1.0775588407674341e-10,3.014523713984474e-10,-1.7290399689784407e-08,-9.959177020846255e-08,-4.8095835314398986e-09
561,5.61,1191.0621,852.6551,1163.91,432.087,1082.6294,68.05519,-0.0155858195386827,0.004014322347939014,-0.015299723052885383,-1.9786652147769928,-2.721865637600422,1.4638583779335022,7.193159401452931e-10,2.076742173784396e-08,4.6861825353516903e-08,-5.956993391009746e-06,1.925882668274426e-06,-6.98653741437738e-07,-0.9706888616085052,-0.006101890560239553,-0.24723540991544724,127.00917129516601,184.7318878173828,-49.6237377166748,0.0,0.0,0.0,0.0,0.0,0.0,-7.357175701994123e-11,1.2498865137322568e-10,3.4989360297998927e-10,-2.0449185100801516e-08,-1.1541804809667155e-07,-5.724147467134344e-09
562,5.62,1206.4972,850.1535,1166.62,431.219,1083.0544,67.96762,-0.0027267038822174072,0.0026569704059511423,0.009057981503428892,1.7657562702894212,1.8942543119192123,-0.30054044113494455,3.144421764633698e-10,1.3513611918369861e-08,2.96140671096623e-08,-3.794638314502663e-06,1.2493384360823256e-06,-4.997382262672545e-07,-0.9787371039390564,-0.007155858632177115,-0.2482975736260414,123.81581115722656,189.8011215209961,-49.37314376831055,0.0,0.0,0.0,0.0,0.0,0.0,-7.040930824486757e-11,1.1998841017990536e-10,3.362841866083599e-10,-2.0290702096303904e-08,-1.1063169012004436e-07,-5.73878047305243e-09
563,5.63,1219.6072,848.46277,1171.39,431.12,1083.6426,68.66499,0.004321316746063531,0.0015376028139144182,0.020154602453112604,3.412446403503418,3.969067907333374,-1.1606925189495088,5.6310858016425657e-11,7.640229648941954e-09,1.604761061813065e-08,-2.0808285512430302e-06,7.03292710113601e-07,-3.18209922056667e-07,-0.992935186624527,-0.0069128351751714945,-0.2441086396574974,122.48141403198242,194.72015533447265,-49.46669654846191,0.0,0.0,0.0,0.0,0.0,0.0,-4.257752414527083e-11,7.331492669904182e-11,2.0626140379009783e-10,-1.373341387278515e-08,-6.725566876752964e-08,-3.99975850218226e-09
564,5.64,1234.3093,847.141,1177.05,431.182,1084.2522,69.57768,0.007262745779007674,0.0007180489395977929,0.02267011683434248,3.718933582305908,4.407621574401856,-1.4193164467811585,-8.541936220851642e-11,3.407751525408287e-09,6.524870421742435e-09,-8.693589990116379e-07,3.1091288832385544e-07,-1.7439178208178418e-07,-1.0112555980682374,-0.002902209870808292,-0.23592979460954666,122.36428985595703,199.98780212402343,-49.88324966430664,0.0,0.0,0.0,0.0,0.0,0.0,2.4631066717489825e-11,-3.998206671339613e-11,-1.0998331151520179e-10,3.2413735862046877e-09,3.776604841077003e-08,6.121643955636635e-10
565,5.65,1248.5962,844.6456,1181.45,430.277,1085.2832,70.7782,0.007625261833891272,0.00018261220093336307,0.020372090674936772,3.287327456474304,3.9348355293273927,-1.3274760961532592,-1.4480356774759783e-10,6.901781579625802e-10,5.915516451682201e-10,-1.0830717807053248e-07,5.976886314762453e-08,-7.276436022607414e-08,-1.0287796616554261,0.0034958582546096295,-0.2206704467535019,123.16131134033203,206.65274200439453,-50.121895980834964,0.0,0.0,0.0,0.0,0.0,0.0,1.4767517694802556e-10,-2.478781194192869e-10,-6.907797861499531e-10,3.5236162077012524e-08,2.3026034057238576e-07,9.38760074120637e-09
566,5.66,1261.6296,842.2565,1186.7,429.504,1086.5896,72.246864,0.006603495869785547,-0.00012180373505543685,0.015961659513413905,2.5443668603897094,3.0680856466293336,-1.069876354932785,-1.5241127665488464e-10,-8.173643595288383e-10,-2.5548486659587866e-09,3.0041244798439947e-07,-7.891436517581952e-08,-8.947479224197253e-09,-1.0421519517898559,0.009324803994968534,-0.20167308300733566,124.15625076293945,215.25345001220703,-49.765342712402344,0.0,0.0,0.0,0.0,0.0,0.0,3.413482690950431e-10,-5.756127713363312e-10,-1.606895660977159e-09,8.657066246087197e-08,5.334853483418556e-07,2.355275494636544e-08
567,5.67,1276.9456,840.04626,1192.72,429.283,1088.0153,73.32709,0.00503142960369587,-0.0002591235985164531,0.011163271218538284,1.7589435815811156,2.1359862089157104,-0.7678127229213715,-1.3217471561688399e-10,-1.4634705336469266e-09,-3.768822254279769e-09,4.6309420440593387e-07,-1.377616783315716e-07,2.530379843435071e-08,-1.0496611714363098,0.013053151592612267,-0.19035558253526688,123.45592651367187,224.90265197753905,-48.69564552307129,0.0,0.0,0.0,0.0,0.0,0.0,6.12650941089754e-10,-1.0353343571356532e-09,-2.8926051776068106e-09,1.5968453226378188e-07,9.58543370188636e-07,4.3830956997226166e-08
568,5.68,1291.4563,837.48474,1199.52,428.586,1089.6932,74.28439,0.0034253419609740375,-0.0002887139969971031,0.006925620511174202,1.0761294901371001,1.3179627537727356,-0.4907368361949921,-1.0081904894265747e-10,-1.5639914252574272e-09,-3.796208414286184e-09,4.734125525374111e-07,-1.4620898696193764e-07,3.891634712260839e-08,-1.0502438426017762,0.013662475161254406,-0.1876238167285919,120.40032119750977,233.46492767333984,-46.788407516479495,0.0,0.0,0.0,0.0,0.0,0.0,9.512810816847406e-10,-1.6100047739442403e-09,-4.5006954607629265e-09,2.52611870621422e-07,1.4894903983986296e-06,6.974542294813091e-08
569,5.69,1307.2794,834.8779,1206.49,428.271,1090.545,75.716255,0.002056246774736792,-0.0002581892535090446,0.003647953737527132,0.5543041467666626,0.6882526248693466,-0.2704217419028282,-6.871118708728919e-11,-1.367883051273111e-09,-3.208761323314491e-09,4.0370556178004333e-07,-1.273872094031958e-07,3.975335829409232e-08,-1.0456169843673706,0.012016700115054846,-0.18728138357400895,116.65365905761719,238.65697479248047,-44.59948043823242,0.0,0.0,0.0,0.0,0.0,0.0,1.3164791479169935e-09,-2.2311053893275813e-09,-6.240112959687849e-09,3.554294096375088e-07,2.0627246954063595e-06,9.863352445904638e-08
570,5.7,1322.5187,832.27936,1214.52,427.724,1090.9487,77.37296,0.0010260263225063682,-0.00020157243852736428,0.0013835645164363085,0.19799392744898797,0.25521101951599123,-0.11422034241259098,-4.130404768210027e-11,-1.0502350988872423e-09,-2.398070808595776e-09,3.038715504999345e-07,-9.751804554980482e-08,3.3884784755855435e-08,-1.0400604844093322,0.0077655592933297156,-0.1870146244764328,114.51460266113281,239.38070983886718,-43.25482521057129,0.0,0.0,0.0,0.0,0.0,0.0,1.620840062166451e-09,-2.7511597444629388e-09,-7.699068360622618e-09,4.4580367841717816e-07,2.541602566452639e-06,1.2440421457426964e-07
571,5.71,1337.0667,829.55835,1223.16,426.847,1091.0576,79.29179,0.00033340134104946627,-0.00014050271711312233,-6.890515578561462e-07,-0.016699602385051547,-0.008026895928196609,-0.015756405028514563,-2.0658275003831994e-11,-7.203892371521193e-10,-1.6009823466944795e-09,2.0435672922758386e-07,-6.669805294734487e-08,2.549613888902513e-08,-1.036154866218567,-0.0014235962531529366,-0.18441577404737472,114.72848739624024,236.19727020263673,-43.64773941040039,0.0,0.0,0.0,0.0,0.0,0.0,1.713215802556789e-09,-2.9146460578388656e-09,-8.163564935159684e-09,4.841585138137816e-07,2.6895967039308744e-06,1.3617870280313583e-07
572,5.72,1351.7721,826.80035,1232.15,425.632,1091.5848,81.547615,-7.578084887427394e-05,-8.681894396431745e-05,-0.0007127718214178458,-0.12451223656535149,-0.1421896442770958,0.037399543635547164,-6.7626662299605235e-12,-4.365341282897006e-10,-9.371966869231586e-10,1.2077501096996456e-07,-4.02725145676186e-08,1.71401691062556e-08,-1.0334617853164674,-0.01515340879559517,-0.18307337015867234,116.01597900390625,230.74406890869142,-45.85432434082031,0.0,0.0,0.0,0.0,0.0,0.0,1.3651156649530095e-09,-2.3347364264125758e-09,-6.552121556424595e-09,4.0959297678000437e-07,2.148887608655059e-06,1.171230508134613e-07
573,5.73,1367.865,824.76984,1241.86,425.367,1093.5259,84.31634,-0.00027429513284005225,-4.544179537333548e-05,-0.0009661911404691637,-0.1602514550089836,-0.18868475556373596,0.058821798861026765,1.45815326095056e-12,-2.2131996652019482e-10,-4.471763820346197e-10,5.8634910260479955e-08,-2.029522452318133e-08,1.0125075888822721e-08,-1.031858789920807,-0.029845554567873477,-0.18538521826267243,117.29761276245117,224.4334930419922,-49.229178237915036,0.0,0.0,0.0,0.0,0.0,0.0,2.68093536953673e-10,-4.885276072563727e-10,-1.4020739264042347e-09,1.3851458269265038e-07,4.36109900192605e-07,4.4013289945965536e-08
574,5.74,1383.3937,822.18427,1252.34,424.589,1095.3514,87.87775,-0.0003329657163703814,-1.695286082394887e-05,-0.0009434740990400314,-0.15324609577655793,-0.1827077865600586,0.06052270419895649,5.456671182610395e-12,-7.552351816847436e-11,-1.2420484848951753e-10,1.7372991445441243e-08,-6.801074303730559e-09,4.911450957045815e-09,-1.0307661890983582,-0.040615732595324514,-0.18810755312442778,117.73510437011718,217.88280029296874,-52.838863372802734,0.0,0.0,0.0,0.0,0.0,0.0,-1.9467051803889745e-09,3.250320168568521e-09,9.039647408393137e-09,-4.3102812909978636e-07,-3.0272502840489325e-06,-1.1164220072856779e-07
575,5.75,1400.8002,819.64355,1263.95,423.807,1097.5977,91.701035,-0.00031039059394970535,3.908675303421205e-07,-0.0007822858809959143,-0.125358896702528,-0.15068126916885377,0.051807542145252225,6.649240316333738e-12,1.1455326249208697e-11,6.16436577564189e-11,-6.608949770781081e-09,1.2192824874746044e-09,1.4508098028498395e-09,-1.0271352648735046,-0.04545588530600071,-0.18937315046787262,116.95477981567383,211.73204193115234,-55.64277992248535,0.0,0.0,0.0,0.0,0.0,0.0,-5.651945955698068e-09,9.516287402533407e-09,2.655063866541241e-08,-1.405270563736849e-06,-8.826467683320515e-06,-3.797981037223508e-07
576,5.76,1417.5869,817.2609,1276.21,422.988,1099.9114,96.52182,-0.00024959213187685235,9.25219837881741e-06,-0.0005753963603638112,-0.09114702641963959,-0.11032722890377045,0.039114347845315936,6.209190496833661e-12,5.439035298537842e-11,1.4749395038649026e-10,-1.7900309590146434e-08,5.152514104267425e-09,-5.595652208950641e-10,-1.0211525082588195,-0.0456113088876009,-0.17918979823589326,115.23099975585937,207.93260650634767,-57.36888465881348,0.0,0.0,0.0,0.0,0.0,0.0,-1.1112925779599436e-08,1.8764266229709393e-08,5.240869320743968e-08,-2.8660554335147025e-06,-1.737970178510295e-05,-7.840272758130595e-07
577,5.77,1435.84,814.8597,1289.72,422.096,1102.3787,101.51548,-0.00017876189813250675,1.2345232607913204e-05,-0.0003777768899453804,-0.05910226814448834,-0.07208310179412365,0.026385802216827868,4.998895047902962e-12,6.786167044969816e-11,1.682920205969829e-10,-2.0873225103912318e-08,6.359689708190785e-09,-1.5052264989989794e-09,-1.01584951877594,-0.04172844290733337,-0.1567192867398262,113.5225944519043,207.9526611328125,-58.302538299560545,0.0,0.0,0.0,0.0,0.0,0.0,-1.8304546411940238e-08,3.095999048241538e-08,8.652661733776768e-08,-4.822608343602042e-06,-2.865151091100415e-05,-1.3282389318192144e-06
578,5.78,1453.8464,812.54095,1304.25,420.775,1105.4529,107.101265,-0.0001139939391578082,1.1980391718680039e-05,-0.00021624107612296938,-0.03325019851326942,-0.04098458122462034,0.015656001586467027,3.5840921810276207e-12,6.403941960053672e-11,1.5232542588394792e-10,-1.909526154975083e-08,5.9730363766163915e-09,-1.7532506002559956e-09,-1.0138780236244203,-0.03388167228549719,-0.13043654188513756,112.89360427856445,211.36086883544922,-58.417842102050784,0.0,0.0,0.0,0.0,0.0,0.0,-2.6645012596304695e-08,4.512899494102385e-08,1.2619101639188556e-07,-7.140171828723396e-06,-4.173572451691143e-05,-1.976918542823114e-06
579,5.79,1472.822,810.3531,1319.98,419.494,1109.53,113.39655,-6.260795307753143e-05,9.894301456370158e-06,-9.886667285172735e-05,-0.014680692553520202,-0.018490229081362487,0.007654760871082545,2.288256888659246e-12,5.1925373376060514e-11,1.1997360188642502e-10,-1.5154721921817327e-08,4.8276333153296495e-09,-1.6030423877211319e-09,-1.015118408203125,-0.023698006011545657,-0.11774701476097107,113.51876068115234,217.1824935913086,-57.92712478637695,0.0,0.0,0.0,0.0,0.0,0.0,-3.464968862942897e-08,5.876951512107098e-08,1.6441974963754548e-07,-9.445635532756569e-06,-5.431286845123395e-05,-2.628862148412736e-06
580,5.8,1491.5093,808.15936,1337.11,417.454,1114.3884,120.72846,-2.6249414167978104e-05,7.253193052747519e-06,-2.281194352917737e-05,-0.002800505276536569,-0.003987078985664994,0.0023252073500771076,1.2589646664583343e-12,3.746479688981896e-11,8.431804282560406e-11,-1.0725955945645183e-08,3.4733550258181368e-09,-1.271747129827361e-09,-1.0179002285003662,-0.014031610172241925,-0.12394691109657288,114.65396423339844,223.63359680175782,-57.13377304077149,0.0,0.0,0.0,0.0,0.0,0.0,-3.9536377727245053e-08,6.718175740161315e-08,1.8808413955184732e-07,-1.1017532960977405e-05,-6.20308615907561e-05,-3.0863624488119966e-06
581,5.81,1510.967,805.9073,1355.68,415.502,1120.5215,128.89044,-3.3837039211448427e-06,4.745033447761671e-06,1.993257797039405e-05,0.0037555556744337084,0.004106505715753883,-0.000785269309017167,5.29906443703064e-13,2.4088325258075915e-11,5.261261183664434e-11,-6.747770298076716e-09,2.2262064858225015e-09,-8.997795730714131e-10,-1.0226715803146362,-0.00628458948340267,-0.1393841400742531,115.28963088989258,228.37642669677734,-56.32998390197754,0.0,0.0,0.0,0.0,0.0,0.0,-3.685775133988045e-08,6.28411910952309e-08,1.7615220286870682e-07,-1.0679508159228135e-05,-5.79273186303908e-05,-3.025026444447576e-06
582,5.82,1529.9484,803.3562,1375.9,412.833,1128.6493,138.6957,8.916769411371206e-06,2.7027117539546452e-06,3.8765969657106324e-05,0.006533523043617606,0.007619911246001721,-0.002261163212824613,7.084184127037702e-14,1.3389221589082956e-11,2.796346158101537e-11,-3.631778922041917e-09,1.231795732081764e-09,-5.658273571906847e-10,-1.02980694770813,0.0019382012134883553,-0.15599490255117415,114.73562850952149,230.32313385009766,-55.572797012329104,0.0,0.0,0.0,0.0,0.0,0.0,-2.0299761205322397e-08,3.505043215668024e-08,9.870825543600858e-08,-6.733367831657233e-06,-3.211065604773467e-05,-1.974145573058195e-06
583,5.83,1548.8506,801.6022,1398.08,410.581,1140.6589,147.98451,1.3832377499056748e-05,1.2236822783506796e-06,4.231290877214633e-05,0.0069274893961846825,0.008220110740512609,-0.002662205649539828,-1.7657014630793887e-13,5.762962437989849e-12,1.085057391159161e-11,-1.4531336356427004e-09,5.249889495351212e-10,-3.043509957945112e-10,-1.0381840705871581,0.011074173776432873,-0.175602325797081,112.89673614501953,229.85960388183594,-55.01387519836426,0.0,0.0,0.0,0.0,0.0,0.0,1.8135257073836897e-08,-2.976018433149992e-08,-8.221661241258892e-08,3.0103411376103396e-06,2.7957592425309486e-05,6.764117603808018e-07
584,5.84,1567.9559,800.71704,1421.59,409.965,1157.8025,154.71094,1.416959285052144e-05,2.688271194983827e-07,3.7433001125464216e-05,0.006032471405342221,0.007226373627781868,-0.002446694183163345,-2.7588361825071905e-13,9.261042334737243e-13,3.267201315266047e-13,-1.0197127742889167e-10,7.815182012822774e-11,-1.2159598813954453e-10,-1.0454210042953491,0.018104736786335708,-0.20602358281612396,110.631591796875,226.95240173339843,-54.83896675109863,0.0,0.0,0.0,0.0,0.0,0.0,8.725416478227999e-08,-1.4656376876587273e-07,-4.0855008762719083e-07,2.10215804145264e-05,0.00013609883535536937,5.6198483434855e-06
585,5.85,1586.6791,800.5324,1447.62,409.015,1178.3798,160.21928,1.2097812577849254e-05,-2.650390044323103e-07,2.89907769911224e-05,0.00461609959602356,0.0055700285825878385,-0.0019481178023852408,-2.8326414293605025e-13,-1.709184654702031e-12,-5.139524244558713e-12,6.093535259710237e-10,-1.6412751643879452e-10,-8.301618789098574e-12,-1.0480461835861206,0.019577367044985295,-0.24402084052562714,109.58770904541015,222.1026168823242,-54.607756805419925,0.0,0.0,0.0,0.0,0.0,0.0,1.9472423389288452e-07,-3.2844974384715897e-07,-9.170012162940111e-07,4.95548163598869e-05,0.0003043712873477489,1.3497337658918695e-05
586,5.86,1605.3798,800.29767,1476.69,406.254,1198.6556,165.74724,9.114904150919756e-06,-4.977132419980989e-07,2.0053490879945456e-05,0.003155928151682019,0.0038352349307388066,-0.001382909039966762,-2.421761088108182e-13,-2.7941954956409167e-12,-7.137485914798791e-12,8.78770267664919e-10,-2.6277187370471466e-10,5.130325574087546e-11,-1.046567189693451,0.014491527806967497,-0.28123154640197756,110.65947875976562,216.64129638671875,-53.77087211608887,0.0,0.0,0.0,0.0,0.0,0.0,3.436363471109871e-07,-5.808149296626653e-07,-1.6228299386966682e-06,8.975131422630511e-05,0.0005376923480071127,2.4651441890455317e-05
587,5.87,1622.9524,800.0739,1508.45,400.961,1218.958,172.76907,6.1358880429907e-06,-5.385567249049927e-07,1.2277676432859153e-05,0.001904596679378301,0.0023349706432782115,-0.0008729797264095396,-1.8266192052841802e-13,-2.909667710764008e-12,-7.034440694872468e-12,8.781362970111672e-10,-2.7188579998504993e-10,7.384030539792086e-11,-1.0431342840194702,0.006044202204793692,-0.3197618812322617,113.14179153442383,211.08102264404297,-52.64274597167969,0.0,0.0,0.0,0.0,0.0,0.0,5.272345390494593e-07,-8.924422331801907e-07,-2.494906607353187e-06,0.0001402371926815249,0.0008255856286268681,3.873884525091853e-05
588,5.88,1639.8204,800.0176,1541.33,395.489,1240.8713,181.43077,3.630921787589614e-06,-4.7423222895304205e-07,6.331568238238106e-06,0.0009589952242095023,0.001193098328076303,-0.0004722934070741758,-1.2309802699742022e-13,-2.5080193564314125e-12,-5.8667657103911305e-12,7.386629696792823e-10,-2.3349256556004505e-10,7.373497298845955e-11,-1.0399505496025085,-0.0007748829288175329,-0.3579868942499161,115.83314361572266,205.2940872192383,-51.98343505859375,0.0,0.0,0.0,0.0,0.0,0.0,7.217047482299676e-07,-1.223277683948254e-06,-3.4215242521895563e-06,0.0001951730839209631,0.001130881265271455,5.4188839203561653e-05
589,5.89,1655.9373,799.7513,1575.11,389.354,1264.5474,191.88239,1.7667821680333874e-06,-3.659920054133181e-07,2.2690399646307926e-06,0.0003205278677341994,0.00041655526583781464,-0.0001913038096972741,-7.294689788469537e-14,-1.903959097587088e-12,-4.336370195215378e-12,5.498580341045667e-10,-1.7674082475327423e-10,6.199693015906949e-11,-1.0380778312683105,-0.00183165697962977,-0.3914036065340042,117.39496459960938,200.0966369628906,-52.295296859741214,0.0,0.0,0.0,0.0,0.0,0.0,8.774122534305206e-07,-1.4895543927195831e-06,-4.16876532653987e-06,0.00024183879722841083,0.00137597433058545,6.752886692993343e-05
590,5.9,1671.2991,799.5967,1609.43,383.908,1289.6951,203.39449,5.277314997442772e-07,-2.5230878861748354e-07,-1.8065776501430265e-07,-5.875058218407503e-05,-4.8978748827721576e-05,-1.6422495491497102e-05,-3.558540486207299e-14,-1.2914766261626354e-12,-2.8618592304990863e-12,3.655897223842075e-10,-1.1953643769269106e-10,4.613389600893747e-11,-1.0382566690444945,0.0038268882955890147,-0.4148027658462524,117.39839401245118,196.17808990478517,-53.24708099365235,0.0,0.0,0.0,0.0,0.0,0.0,9.098228645143535e-07,-1.548341845136747e-06,-4.3372206619096685e-06,0.0002580577303888276,0.0014285691431723535,7.265927997650579e-05
591,5.91,1686.3853,799.4291,1643.43,380.476,1317.0085,213.1337,-1.9337719043832634e-07,-1.5383913023470087e-07,-1.4123892015049933e-06,-0.00024457809777231885,-0.00028073277499061076,7.615538452228065e-05,-1.0724323616922038e-14,-7.717132922274716e-13,-1.6497476019831925e-12,2.128541690127328e-10,-7.116361631920309e-11,3.066218338260152e-11,-1.0397449135780334,0.01494580479338765,-0.4233069896697998,116.04632873535157,193.79546356201172,-54.29761390686035,0.0,0.0,0.0,0.0,0.0,0.0,6.926050957645202e-07,-1.185736562092643e-06,-3.3288361919403543e-06,0.00021010357595514507,0.0010908159019891173,6.025298389431555e-05
592,5.92,1701.9517,800.30634,1677.39,380.826,1346.1001,217.66241,-5.337421782769524e-07,-7.880001291482586e-08,-1.8223057850264012e-06,-0.0003014302928932011,-0.00035548494197428225,0.000111718887637835,3.765933646988598e-15,-3.820138704067194e-13,-7.647072374199898e-13,1.005441348234104e-10,-3.499963079772739e-11,1.784341138386103e-11,-1.041594099998474,0.0301310908049345,-0.41532462537288667,113.1604103088379,192.8428512573242,-55.07634048461914,0.0,0.0,0.0,0.0,0.0,0.0,5.709659056662986e-08,-1.1576775094113145e-07,-3.436523499544819e-07,5.218838034579676e-05,9.83849990007002e-05,1.7582369741830918e-05
593,5.93,1717.6185,801.70013,1710.86,383.584,1376.6077,217.98618,-6.242830068003969e-07,-2.7706298233454164e-08,-1.7444481954953516e-06,-0.0002829166187439114,-0.00033761538506951185,0.00011231346652493813,1.062436314123419e-14,-1.209824402389082e-13,-1.881846637324041e-13,2.6829200146238908e-11,-1.0847482178992507e-11,8.42079409674179e-12,-1.043305802345276,0.04681114405393601,-0.3997663944959641,109.59824829101562,193.21621856689453,-55.41571578979492,0.0,0.0,0.0,0.0,0.0,0.0,-1.1956959326653305e-06,1.9995345098777762e-06,5.564347247855039e-06,-0.00027081715379608797,-0.0018608568294439464,-7.076957499521085e-05
594,5.94,1733.6383,804.2041,1743.93,387.988,1409.0706,215.16368,-5.719436046547344e-07,2.9714446250772575e-09,-1.4279701872510486e-06,-0.00022856122959638014,-0.0002749239487457089,9.482247696723789e-05,1.2469484402281503e-14,3.24875599038159e-14,1.3825274221480237e-13,-1.534807563701758e-11,3.297547863023373e-12,2.2385648754596686e-12,-1.0437472224235536,0.06198502629995346,-0.3864429652690887,106.70850372314453,195.01111297607423,-55.28775177001953,0.0,0.0,0.0,0.0,0.0,0.0,-3.262431482653483e-06,5.495118034559709e-06,1.5333703686337685e-05,-0.0008152197464369237,-0.005095824040472508,-0.0002206990262493491
595,5.95,1749.5359,807.91516,1776.61,393.016,1443.3658,211.39822,-4.5438656570695457e-07,1.8284151703795714e-08,-1.0388713803877182e-06,-0.0001643784184125252,-0.00019910578266717492,7.079812930896879e-05,1.1442909354032792e-14,1.0629926030115283e-13,2.842960919848328e-13,-3.4616068171622326e-11,1.005257899491796e-11,-1.296879935391718e-12,-1.042371928691864,0.07393915206193924,-0.3776386857032776,104.9529930114746,198.32516326904297,-54.761596298217775,0.0,0.0,0.0,0.0,0.0,0.0,-6.274663610383868e-06,1.0596897845971398e-05,2.9599369736388325e-05,-0.0016222727834247052,-0.00981403300538659,-0.0004441375407623127
596,5.96,1765.0425,811.9433,1808.36,398.736,1478.924,207.51862,-3.21903124245182e-07,2.3265209136980048e-08,-6.740650860592723e-07,-0.00010530968938837759,-0.0001285479091166053,4.7219231782946734e-05,9.101528175738247e-15,1.2743113584744863e-13,3.1438589795720896e-13,-3.9044191837978025e-11,1.193510568153755e-11,-2.9103495871943275e-12,-1.0386818528175354,0.08134833425283432,-0.3808096706867218,103.7390037536621,201.99523162841797,-54.07563095092773,0.0,0.0,0.0,0.0,0.0,0.0,-1.0196887251368025e-05,1.724928797557368e-05,4.821067486773245e-05,-0.0026912659872323275,-0.01596200643107295,-0.000741635961458087
597,5.97,1780.6558,816.47955,1839.72,404.746,1515.9211,202.24687,-2.0273310212814978e-07,2.2141396449626426e-08,-3.795633773506779e-07,-5.823201609018724e-05,-7.187685769167728e-05,2.760576317086816e-05,6.45469454998277e-15,1.1811098499518896e-13,2.8005020991008627e-13,-3.513560067891497e-11,1.1012451887892904e-11,-3.2793057332114462e-12,-1.0323156595230103,0.08400315195322036,-0.3910254329442978,102.11690521240234,204.51527404785156,-53.50194129943848,0.0,0.0,0.0,0.0,0.0,0.0,-1.4679827927466249e-05,2.486668254277902e-05,6.953636730031577e-05,-0.003940144996158778,-0.02299545481801033,-0.0010914563899859786
598,5.98,1795.3497,820.7124,1870.32,411.776,1555.8687,196.49704,-1.0929613694088403e-07,1.8054733530448176e-08,-1.6789903085623336e-07,-2.4783485696389106e-05,-3.133045247523114e-05,1.314039145654533e-05,4.0701172960045675e-15,9.460025942936364e-14,2.1800864743017415e-13,-2.7557154301527387e-11,8.792746565566833e-12,-2.949501949102429e-12,-1.0247482419013978,0.0825604371726513,-0.3957169473171234,99.92924270629882,205.3059295654297,-53.11656455993652,0.0,0.0,0.0,0.0,0.0,0.0,-1.8871924476115963e-05,3.2013659620133694e-05,8.956987439887599e-05,-0.0051540223415941,-0.029583756066858768,-0.001435232360381633
599,5.99,1810.5372,825.3933,1899.56,419.207,1595.4651,189.48677,-4.390448324897989e-08,1.3091259276620803e-08,-3.239388348674765e-08,-3.6472470043236172e-06,-5.504976758174962e-06,3.6158341458758514e-06,2.198323539195457e-15,6.751399569612792e-14,1.5154348452115982e-13,-1.9291446391733745e-11,6.257443434937171e-12,-2.3124492988871314e-12,-1.0186623692512513,0.07786350324749947,-0.3860033810138702,97.82527618408203,204.21200408935547,-52.813240432739256,0.0,0.0,0.0,0.0,0.0,0.0,-2.1207614372542595e-05,3.604513876780402e-05,0.000100921777629992,-0.005926010804250837,-0.033277738839387894,-0.0016613814397715033
600,6.0,1825.171,829.497,1927.42,427.504,1638.1594,180.6935,-3.3037953039993797e-09,8.46316892122445e-09,4.245592641893836e-08,7.805181985531817e-06,8.654413795738946e-06,-1.857461739973587e-06,8.86953906519927e-16,4.2880150520835726e-14,9.333428805215552e-14,-1.1981906612723581e-11,3.9615039981039105e-12,-1.6182639863554505e-12,-1.0168233633041381,0.06995459720492363,-0.36181539595127105,96.0043960571289,201.87467041015626,-52.28198776245117,0.0,0.0,0.0,0.0,0.0,0.0,-1.9215735665056855e-05,3.277953546785284e-05,9.190343916998245e-05,-0.005601359810680151,-0.03020848147571087,-0.0015892547555267811
601,6.01,1839.7766,833.67,1954.59,435.157,1680.9038,171.00127,1.8108578014874866e-08,4.740986758733356e-09,7.423834986752809e-08,1.2460613925213693e-05,1.4567997459380421e-05,-4.379118013275729e-06,7.171603351778628e-17,2.341147837658236e-14,4.859642825953345e-14,-6.322561571514562e-12,2.152524567009678e-12,-1.004683104289042e-12,-1.017445456981659,0.059490177780389786,-0.3314461976289749,94.55824432373046,199.78287353515626,-51.512054443359375,0.0,0.0,0.0,0.0,0.0,0.0,-9.426038286619586e-06,1.633670001410792e-05,4.606995153153548e-05,-0.00324521065922454,-0.014939121389761566,-0.0009595972282113507
602,6.02,1854.6394,837.2528,1981.13,442.18,1723.1526,161.74243,2.6255706586653106e-08,2.074697436071915e-09,7.882664263547667e-08,1.2881335896963719e-05,1.530210229248041e-05,-4.982595055480488e-06,-3.5908395317289232e-16,9.685217266790116e-15,1.7878547949691296e-14,-2.4089991720183114e-12,8.807297583292642e-13,-5.297992269502269e-13,-1.017277228832245,0.047390392795205113,-0.30391027331352233,94.18880157470703,199.23031005859374,-50.34899215698242,0.0,0.0,0.0,0.0,0.0,0.0,1.250481786172486e-05,-2.0653930594960456e-05,-5.720331425322911e-05,0.0023338033133768477,0.01934024532820331,0.0005597805764409713
603,6.03,1869.0684,840.34595,2007.1499,448.397,1766.3691,151.51506,2.628695607853615e-08,3.7415300892240655e-10,6.869663948805282e-08,1.1056653329433175e-05,1.325506536886678e-05,-4.5035523271508285e-06,-5.238290397353483e-16,1.088426523489628e-15,-7.586443604061327e-16,-1.3765850370955727e-14,8.683925076285103e-14,-2.0152311284017504e-13,-1.0157349705696106,0.03479561731219292,-0.2781822681427002,95.33572692871094,199.83598785400392,-48.652081680297854,0.0,0.0,0.0,0.0,0.0,0.0,5.127946897118818e-05,-8.618973442935385e-05,-0.00024031282227952034,0.012458688346669078,0.0800108939409256,0.0033405189984478056
604,6.04,1884.2212,843.3605,2031.8999,454.249,1810.0422,141.80487,2.2137672672783994e-08,-5.600563762753197e-10,5.259931157297615e-08,8.365854318981291e-06,1.0101511998072965e-05,-3.5434660048849766e-06,-5.255850396201688e-16,-3.507051021998616e-15,-1.0227179481981167e-14,1.2207517223646048e-12,-3.353740191374549e-13,-6.937820713163058e-16,-1.0155365109443664,0.024816345982253553,-0.25228680968284606,97.90054244995117,200.51779174804688,-46.77664222717285,0.0,0.0,0.0,0.0,0.0,0.0,0.0001108505530282855,-0.0001870233259978704,-0.000522201057174243,0.028300844505429266,0.1732913076877594,0.0077164720743894575
605,6.05,1899.3557,845.7449,2055.2,459.335,1855.7596,131.51823,1.649500864786546e-08,-9.519576793515228e-10,3.598256572701075e-08,5.655820268657408e-06,6.878365229567862e-06,-2.488018071744591e-06,-4.432056830176715e-16,-5.315684644777055e-15,-1.347812454431164e-14,1.6624680907080524e-12,-4.994582709656054e-13,1.0274190420417502e-13,-1.016296923160553,0.01975884400308132,-0.22658782154321672,101.58805389404297,200.99803009033204,-45.44857521057129,0.0,0.0,0.0,0.0,0.0,0.0,0.0001924956130096689,-0.0003254081995692104,-0.000909263186622411,0.05037622265517712,0.3012246981263161,0.013845243491232395
606,6.06,1914.2273,847.5577,2077.66,463.54,1903.1998,121.56416,1.0978129427741124e-08,-1.0027443764215605e-09,2.173162521046379e-08,3.3653139780653874e-06,4.130143361180672e-06,-1.5507502098444092e-06,-3.305927003258155e-16,-5.4039088860576314e-15,-1.3015012668532141e-14,1.6262988460254147e-12,-5.047360533000367e-13,1.396788649912599e-13,-1.0157424330711364,0.02046355400234461,-0.2058681219816208,106.07983016967773,201.3247833251953,-45.08168754577637,0.0,0.0,0.0,0.0,0.0,0.0,0.00029189926863182336,-0.0004941591236274689,-0.0013815370621159673,0.07776791155338288,0.45710976123809816,0.02149329874664545
607,6.07,1929.376,848.8597,2098.79,466.947,1952.5026,112.39402,6.400155694308296e-09,-8.699816644863745e-10,1.0956048113186512e-08,1.65360056598729e-06,2.0617447376025666e-06,-8.228025478729251e-07,-2.2026900284492663e-16,-4.593010745498026e-15,-1.0714419345373088e-14,1.3499909198334825e-12,-4.2747225843711016e-13,1.365496122207252e-13,-1.0149547576904296,0.024656688421964647,-0.1968538135290146,110.78571243286133,201.23221893310546,-45.817345428466794,0.0,0.0,0.0,0.0,0.0,0.0,0.0003952045371988788,-0.0006699581630527973,-0.0018739792169071734,0.10705640763044358,0.619312709569931,0.029738822393119334
608,6.08,1944.5763,849.36774,2119.09,469.503,2003.3922,104.49556,3.0306579579253425e-09,-6.638208982501225e-10,3.6759978505607195e-09,5.109068823117014e-07,6.708647276809643e-07,-3.1789782042324075e-07,-1.286047410663795e-16,-3.448011152684921e-15,-7.832996599095393e-15,9.939157840938712e-13,-3.1998431411061484e-13,1.1330234303942935e-13,-1.0172154903411865,0.028399072028696536,-0.19737663567066194,114.98096542358398,199.61723785400392,-47.597145080566406,0.0,0.0,0.0,0.0,0.0,0.0,0.0004742765973787755,-0.0008053126395680011,-0.0022539562778547406,0.1310111850500107,0.7438392102718353,0.03660611808300018
609,6.09,1959.8485,849.52325,2138.1,471.08,2054.774,98.15776,8.168372207795205e-10,-4.525648494846379e-10,-6.52042651816398e-10,-1.5796059278372353e-07,-1.5103995236742663e-07,-7.753438158175641e-09,-6.10655396735036e-17,-2.312551543725975e-15,-5.109322092540784e-15,6.532235744070164e-13,-2.139783969045024e-13,8.33881432600516e-14,-1.0236899375915527,0.029495203495025636,-0.20413321256637573,118.23580856323242,195.87977294921876,-49.3108585357666,0.0,0.0,0.0,0.0,0.0,0.0,0.00048189463559538125,-0.000820369680877775,-0.002298312517814338,0.13722134083509446,0.756783413887024,0.03867957927286625
610,6.1,1975.3431,848.43,2156.83,471.516,2106.055,93.374664,-4.515970186344531e-10,-2.721623787449445e-10,-2.775478202821091e-09,-4.770597541892129e-07,-5.499726455582276e-07,1.5304297917850818e-07,-1.6640655198689382e-17,-1.3619221365665307e-15,-2.8983947877934784e-15,3.7443095770185035e-13,-1.2553240510883995e-13,5.4783959554699676e-14,-1.0330455303192139,0.02675061356276274,-0.218910376727581,120.69074401855468,191.44696960449218,-49.993727111816405,0.0,0.0,0.0,0.0,0.0,0.0,0.00034828466887120156,-0.000596972944913432,-0.001676677551586181,0.10702945739030838,0.5488636791706085,0.03079689648002386
611,6.11,1990.3413,846.52155,2174.08,470.832,2156.7136,90.601,-1.0326416166606124e-09,-1.3622002831281677e-10,-3.4281808725111772e-09,-5.656411303789355e-07,-6.680744490950019e-07,2.1152119131784274e-07,8.852572840221101e-18,-6.570211934535377e-16,-1.3016111460847142e-15,1.7166211418377479e-13,-6.013582034137925e-14,3.138632372935452e-14,-1.0432337760925292,0.02160548958927393,-0.24272522628307341,121.8353660583496,188.32248077392578,-50.01684684753418,0.0,0.0,0.0,0.0,0.0,0.0,-1.8673464182938915e-05,2.1091937014716677e-05,4.795782078872435e-05,0.015383373049553483,-0.024302269890904428,0.005990699178073555
612,6.12,2005.7343,843.91815,2191.12,469.118,2204.7778,89.27172,-1.16795666471603e-09,-4.469326072426005e-11,-3.2207728928312917e-09,-5.215858550400299e-07,-6.22975966280137e-07,2.0809087004636239e-07,2.0565963929801353e-17,-1.9024314004089528e-16,-2.73823586302031e-16,4.0137380132941306e-14,-1.6960624845729682e-14,1.4374955744381148e-14,-1.0514239907264709,0.016265241149812936,-0.2748410224914551,121.65630569458008,187.16512145996094,-50.087838363647464,0.0,0.0,0.0,0.0,0.0,0.0,-0.0007261613383889199,0.0012158991710748523,0.003385279036592692,-0.16748262643814088,-1.130852848291397,-0.044068986736238006
613,6.13,2020.9401,840.5977,2207.73,466.333,2250.8884,89.49617,-1.0525043281361945e-09,9.478805027939973e-12,-2.6037073608264905e-09,-4.16270498249105e-07,-5.010578774999886e-07,1.7335246269567505e-07,2.3333620262153137e-17,8.005739891538736e-17,2.9835762736457917e-16,-3.389154030729595e-14,7.940346685506293e-15,3.344869581236188e-15,-1.0557912349700929,0.013653123378753662,-0.3130056232213974,120.77515487670898,187.99247131347656,-49.89347381591797,0.0,0.0,0.0,0.0,0.0,0.0,-0.0018776242621243,0.0031637091422453524,0.008829252887517213,-0.47132824659347533,-2.9333157420158384,-0.12779499515891074
614,6.14,2036.3932,836.7836,2224.89,463.092,2294.0515,91.492386,-8.263275785846958e-10,3.5848091856083286e-11,-1.8736534657115557e-09,-2.9612514822474624e-07,-3.589352985500227e-07,1.2801073765444925e-07,2.1060183004541983e-17,2.0644007560327893e-16,5.454652099416707e-16,-6.660870924377234e-14,1.9493573727056516e-14,-2.860077388951946e-15,-1.058289849758148,0.016391725279390812,-0.351250359416008,119.47070770263672,191.4177703857422,-48.8555046081543,0.0,0.0,0.0,0.0,0.0,0.0,-0.0035373859805986284,0.005975196417421102,0.016691158805042506,-0.9167359888553619,-5.533256578445434,-0.25117013305425645
615,6.15,2052.3284,832.82996,2242.75,459.955,2333.852,94.57208,-5.790230350743996e-10,4.373457256068303e-11,-1.2011500016839705e-09,-1.873877096159049e-07,-2.2893795659229e-07,8.439839405127714e-08,1.655336967356623e-17,2.38751421896182e-16,5.861679488538776e-16,-7.288690050816227e-14,2.2348753910320618e-14,-5.599292747803007e-15,-1.0601227402687072,0.023274875804781915,-0.38924112021923063,118.0355941772461,197.01878814697267,-47.04541702270508,0.0,0.0,0.0,0.0,0.0,0.0,-0.0056739202700555325,0.009599473513662814,0.026831327937543392,-1.5001120209693908,-8.882472467422485,-0.4136116474866867
616,6.16,2068.3416,828.46747,2260.54,456.595,2371.353,97.8716,-3.6003555692332156e-10,4.086206581432883e-11,-6.648190886693328e-10,-1.0174984481636784e-07,-1.2577803829572076e-07,4.8586504775016695e-08,1.1611632221135606e-17,2.175435406647489e-16,5.142266771985795e-16,-6.456753670136886e-14,2.0276406320293444e-14,-6.1213574390850486e-15,-1.0598137259483338,0.032228446751832965,-0.42567938268184663,116.39815979003906,204.05608825683595,-44.84024925231934,0.0,0.0,0.0,0.0,0.0,0.0,-0.008079112134873867,0.013687304779887199,0.03827661834657192,-2.1719785571098327,-12.65650634765625,-0.6019548594951629
617,6.17,2084.4526,824.0752,2277.55,453.376,2406.428,101.64061,-1.9031724668439054e-10,3.290927964166857e-11,-2.835338880347038e-10,-4.15665615705052e-08,-5.27722948007181e-08,2.246256523008583e-08,7.229182848279241e-18,1.7216081237006398e-16,3.957302460067425e-16,-5.005605813472504e-14,1.5997247370367912e-14,-5.419983030297676e-15,-1.0564844846725463,0.04065653793513775,-0.459561350941658,113.63619003295898,210.73452758789062,-43.075375366210935,0.0,0.0,0.0,0.0,0.0,0.0,-0.010265715699642897,0.017417129315435886,0.048733620718121526,-2.808914637565613,-16.093889141082762,-0.782634973526001
618,6.18,2100.5098,819.78265,2294.75,450.5,2437.5046,104.07045,-7.284080907887791e-11,2.3602891689733506e-11,-4.2436411958231277e-11,-4.016015703323106e-09,-6.849020062205113e-09,5.4625623739645855e-09,3.828916361034916e-18,1.2153146538539038e-16,2.720580239611751e-16,-3.4658224302096775e-14,1.1260759408000375e-14,-4.2002930674594e-15,-1.0520055770874024,0.04699083156883717,-0.49680778980255125,109.58810806274414,214.67147521972657,-42.32051467895508,0.0,0.0,0.0,0.0,0.0,0.0,-0.01135401614010334,0.019302379712462424,0.05404912643134594,-3.181790566444397,-17.818275260925294,-0.8927737891674041
619,6.19,2116.5159,816.1174,2311.68,448.142,2464.101,104.91792,-8.575712622665987e-13,1.5074746832766107e-11,8.833146540598857e-11,1.5939929731700885e-08,1.78635655601056e-08,-4.149441940048959e-09,1.4727751972966915e-18,7.622535254427358e-17,1.6531965018640214e-16,-2.1244258691891384e-14,7.039508331382004e-15,-2.907201135236197e-15,-1.0485862731933593,0.05054279156029225,-0.5342797636985779,105.14326095581055,215.2499557495117,-42.45931892395019,0.0,0.0,0.0,0.0,0.0,0.0,-0.009972416050732135,0.01702178828418255,0.047734246402978894,-2.9265850305557253,-15.68210153579712,-0.8318835437297821
620,6.2,2133.179,813.1353,2328.4,446.007,2488.1313,104.90365,3.631335458026408e-11,8.298352283109268e-12,1.416141537369242e-10,2.3681371708050846e-08,2.7747461217586533e-08,-8.437263243621374e-09,2.71796033186091e-20,4.083710116782635e-17,8.420714683093705e-17,-1.097652810048348e-14,3.752232861273491e-15,-1.7812439442201998e-15,-1.0465766787528992,0.05083558931946754,-0.5557251393795013,101.4358009338379,212.9997985839844,-43.204722213745114,0.0,0.0,0.0,0.0,0.0,0.0,-0.004215701111388625,0.0073466394962451885,0.02075883563957177,-1.5292067736387254,-6.700255445018411,-0.45732513070106506
621,6.21,2150.4163,810.7832,2345.24,444.04,2508.8882,103.75471,4.9683503144937194e-11,3.4969941005436047e-12,1.4658804586842323e-10,2.3911819546640344e-08,2.8435889909417256e-08,-9.306380910345525e-09,-7.208793373507449e-19,1.615907451313037e-17,2.913190373519079e-17,-3.954517563967618e-15,1.4663760214544003e-15,-9.1969304812633e-16,-1.0432610511779785,0.04850508756935597,-0.5562920808792114,98.86933059692383,209.42476959228514,-44.499380111694336,0.0,0.0,0.0,0.0,0.0,0.0,0.008271728386171162,-0.013721148879267276,-0.03806541496887803,1.6577850982546807,12.82091544866562,0.4115356399677694
622,6.22,2167.3643,808.48206,2362.77,442.21,2525.1716,101.544556,4.868966549387288e-11,4.725934839864069e-13,1.2591913553516853e-10,2.0241379772301117e-08,2.428420806666054e-08,-8.278874030764882e-09,-9.915235228263254e-19,9.0182159795434e-19,-3.820214033249946e-18,2.848962171308333e-16,5.795539036657709e-17,-3.306970852251638e-16,-1.03564293384552,0.044001806527376175,-0.5403951346874237,97.65616073608399,205.52277069091798,-46.275530624389646,0.0,0.0,0.0,0.0,0.0,0.0,0.029995373636484145,-0.05044368412345648,-0.14067569226026536,7.341614770889282,46.81462287902832,1.973551368713379
623,6.23,2184.5386,806.4215,2381.14,440.74,2537.2964,98.180466,4.0463105782650996e-11,-1.1583323330458668e-12,9.533226777436176e-11,1.5145560983143013e-08,1.8300175774754734e-08,-6.4383773423770664e-09,-9.736544984002559e-19,-7.090863691481593e-18,-2.0168583385680672e-17,2.420910891069353e-15,-6.75853917538509e-16,2.4739980001034363e-17,-1.0233127117156982,0.0375609740614891,-0.5127023786306382,97.68369522094727,201.74927215576173,-48.12484245300293,0.0,0.0,0.0,0.0,0.0,0.0,0.06298043206334114,-0.10628357455134392,-0.2967882603406906,16.127888774871828,98.46832656860352,4.401741027832031
624,6.24,2202.3625,805.0588,2400.5,439.66,2544.9456,92.34159,2.9818903075906623e-11,-1.813889739365332e-12,6.448936905323333e-11,1.0123860594291045e-08,1.232162176734164e-08,-4.471242620596172e-09,-8.101782614438817e-19,-1.0079463274168742e-17,-2.538388187439177e-17,3.1362691679532717e-15,-9.463013123209469e-16,2.0369044783781386e-16,-1.008075773715973,0.030282278545200825,-0.4814730703830719,97.89082412719726,198.16061096191407,-49.52893981933594,0.0,0.0,0.0,0.0,0.0,0.0,0.10769482925534249,-0.18208306431770324,-0.508810180425644,28.238186836242676,168.53829803466797,7.7656230449676515
625,6.25,2220.3342,803.98566,2418.89,438.38,2549.459,85.35631,1.961748610779246e-11,-1.863746808793143e-12,3.8402027044415196e-11,5.936019453756103e-09,7.293232684446593e-09,-2.750659677808187e-09,-5.976918058382879e-19,-1.0019918760492173e-17,-2.404486621790094e-17,3.0073528286118877e-15,-9.35496824743567e-16,2.634833678227989e-16,-0.9933273315429687,0.02397552039474249,-0.45356251299381256,97.52775192260742,194.48959655761718,-50.451897048950194,0.0,0.0,0.0,0.0,0.0,0.0,0.16143556982278823,-0.27333187162876127,-0.7642006814479828,43.07943153381348,252.82252655029296,11.91213960647583
626,6.26,2239.3994,803.4651,2437.6,436.851,2549.5327,77.720215,1.1260370413879172e-11,-1.5940736361116924e-12,1.889512947148009e-11,2.8407887486814332e-09,3.5504835738109364e-09,-1.4295656325380435e-09,-3.936598572910826e-19,-8.401553540512282e-18,-1.9545863291705033e-17,2.4644889044968386e-15,-7.817016083759755e-16,2.524956564310161e-16,-0.9821744441986084,0.020498156175017358,-0.4347430795431137,96.86127853393555,191.37438049316407,-51.00767784118652,0.0,0.0,0.0,0.0,0.0,0.0,0.21616899371147155,-0.36650545597076417,-1.0252279341220856,58.65778770446777,338.7759765625,16.30275077819824
627,6.27,2258.3152,802.7853,2453.78,434.316,2552.488,74.30116,5.176385318647614e-12,-1.202735383076109e-12,5.864850413043326e-12,7.981633021181267e-10,1.0622566132267863e-09,-5.233438155061166e-10,-2.2630809175678995e-19,-6.237624325373246e-18,-1.4133961424901004e-17,1.7946715340165486e-15,-5.787083361516899e-16,2.0683275610715908e-16,-0.9762214541435241,0.02050244975835085,-0.42537120580673216,96.65606079101562,189.85766143798827,-51.07854537963867,0.0,0.0,0.0,0.0,0.0,0.0,0.2559749513864517,-0.43472425639629364,-1.2168189764022828,70.87089614868164,401.5016235351562,19.815510559082032
628,6.28,2276.8828,802.6631,2463.04,430.95,2566.8157,75.73083,1.2259672052563589e-12,-8.108114169218944e-13,-1.7684956784050875e-12,-3.792327465945711e-10,-3.862468364243532e-10,2.5830750385869018e-11,-1.0434621120629385e-19,-4.135895638819141e-18,-9.10993356359177e-18,1.1656747035556054e-15,-3.8256868278934665e-16,1.5056522695331584e-16,-0.9778300821781158,0.02288772352039814,-0.420548689365387,98.16217269897462,190.33246307373048,-50.657860565185544,0.0,0.0,0.0,0.0,0.0,0.0,0.25757287442684174,-0.43837466537952424,-1.2279876470565796,73.18485946655274,404.4263977050781,20.604256439208985
629,6.29,2295.7532,804.6225,2473.36,431.733,2585.9343,78.54338,-1.0007678957453872e-12,-4.806893679756494e-13,-5.415585211179797e-12,-9.249052634885402e-10,-1.0702913944005132e-09,3.042854052059951e-10,-2.5062971738016685e-20,-2.3992029353170593e-18,-5.0815588519387275e-18,6.573490666725302e-16,-2.2103491650561356e-16,9.775768643743002e-17,-0.9883186042308807,0.02568091694265604,-0.416976198554039,101.91715621948242,192.17840728759765,-50.188986206054686,0.0,0.0,0.0,0.0,0.0,0.0,0.21963980197906494,-0.3744260936975479,-1.0494512379169465,63.67655944824219,345.12171325683596,18.011501502990722
630,6.3,2313.3296,807.38293,2493.01,436.093,2588.5698,75.75501,-1.9878335739617616e-12,-2.3467435677007597e-13,-6.433856485771328e-12,-1.0590931576182072e-09,-1.2526335635421048e-09,3.9933276130277306e-10,1.9699293565201675e-20,-1.1255114223499167e-18,-2.203768663282639e-18,2.9165616804544366e-16,-1.0290195112191036e-16,5.5098034072291694e-17,-1.0044555366039276,0.026638241298496724,-0.4112206161022186,106.77284317016601,194.27349395751952,-49.90617713928223,0.0,0.0,0.0,0.0,0.0,0.0,0.1653206616640091,-0.282195670902729,-0.7913055717945099,48.69525413513183,259.9237777709961,13.823640823364258
631,6.31,2328.7856,810.1508,2515.43,440.648,2584.7524,74.652435,-2.180687423171401e-12,-7.091491446392347e-14,-5.938260386889604e-12,-9.603110917577595e-10,-1.1479587724849694e-09,3.8495697185503274e-10,3.9607771009898424e-20,-2.918575508782858e-19,-3.7395578599043953e-19,5.729381855048754e-17,-2.581752507564883e-17,2.4419150555830158e-17,-1.019212806224823,0.0254857886582613,-0.40828222334384917,110.97425994873046,196.05855865478514,-49.80657386779785,0.0,0.0,0.0,0.0,0.0,0.0,0.1111774429678917,-0.19002757221460342,-0.5331026524305343,33.271322631835936,174.9030029296875,9.478549671173095
632,6.32,2342.3115,812.8629,2538.03,444.654,2577.5845,75.394005,-1.9343638995271416e-12,2.4575538968859725e-14,-4.742317562950183e-12,-7.573198956833949e-10,-9.122016197959937e-10,3.165614298472619e-10,4.357444616714971e-20,1.8330042182898463e-19,6.267303741527529e-19,-7.236313873078386e-17,1.7933026409272046e-17,4.765616170073636e-18,-1.0269815444946289,0.02489339094609022,-0.4155329346656799,112.91343536376954,197.26183319091797,-49.69825210571289,0.0,0.0,0.0,0.0,0.0,0.0,0.06570412963628769,-0.11249625235795975,-0.3157844379544258,20.063697624206544,103.44554977416992,5.741073846817017
633,6.33,2355.7014,815.39453,2556.96,447.89,2574.041,76.992096,-1.5011174161333463e-12,6.981075331528864e-14,-3.375555499181282e-12,-5.328789215441887e-10,-6.463605983775267e-10,2.3121076442311761e-10,3.8710591530477805e-20,3.9872165980263014e-19,1.042268664922435e-18,-1.2760456191528366e-16,3.7600858268119604e-17,-6.1011815657566295e-18,-1.0259347796440124,0.026914064772427082,-0.42893584072589874,112.33983306884765,198.0329620361328,-49.0389965057373,0.0,0.0,0.0,0.0,0.0,0.0,0.03189702127128839,-0.05478089638054371,-0.15393687337636947,10.08919553756714,50.289320373535155,2.9084452390670776
634,6.34,2370.0117,818.3876,2570.7,450.218,2575.8157,77.09738,-1.040351030150155e-12,8.202203361493999e-14,-2.137481294392507e-12,-3.3296653489944814e-10,-4.0716603422197296e-10,1.5066120018225603e-10,3.0074183093303617e-20,4.463745035009838e-19,1.0909060370804252e-18,-1.358061384215747e-16,4.17617352370667e-17,-1.0725320354340041e-17,-1.0168574333190918,0.030293856747448444,-0.4346524804830551,109.75312576293945,198.99948120117188,-47.60670890808105,0.0,0.0,0.0,0.0,0.0,0.0,0.009449105639941991,-0.01640618094243109,-0.046274630818516016,3.358654487133026,14.971976017951965,0.9902064293622971
635,6.35,2384.3867,821.4898,2580.54,451.427,2579.1147,75.42317,-6.384376425964955e-13,7.530768475721809e-14,-1.1617982834458141e-12,-1.773515542757842e-10,-2.1958311974268342e-10,8.534545847815878e-11,2.086531623527644e-20,4.0016034919264947e-19,9.430676651140025e-19,-1.18506329565919e-16,3.728503078407951e-17,-1.1404912837741459e-17,-1.0024393975734711,0.03288302384316921,-0.4182275116443634,105.74740371704101,200.83057403564453,-45.8337703704834,0.0,0.0,0.0,0.0,0.0,0.0,-0.0035975218372186644,0.005937109925434924,0.016449641829240136,-0.6363808795809746,-5.571051073074341,-0.15362382419407367
636,6.36,2399.0994,824.61273,2589.09,451.519,2580.1667,73.849754,-3.3048995262468726e-13,5.992012678949273e-14,-4.757185043027107e-13,-6.918572000025325e-11,-8.827803661681788e-11,3.821719728874795e-11,1.2821135189360412e-20,3.129750318308293e-19,7.175695033765847e-19,-9.082746138634235e-17,2.907370099118584e-17,-9.947367493427699e-18,-0.9880953729152679,0.032552141696214676,-0.3724340409040451,101.42762298583985,203.63958129882812,-43.735701370239255,0.0,0.0,0.0,0.0,0.0,0.0,-0.00973989637568593,0.016491849347949027,0.04611441791057587,-2.5909686923027038,-15.257567501068115,-0.7177762150764465
637,6.37,2414.317,827.4557,2595.65,450.576,2579.5823,73.732544,-1.1968375339995851e-13,4.2508516848106974e-14,-4.7352589937940365e-14,-2.5719228396309245e-12,-6.733881876587466e-12,7.914133904425232e-12,6.650838561415963e-21,2.185254039898108e-19,4.878476126748639e-19,-6.219453334528661e-17,2.024206994586376e-17,-7.621234157226455e-18,-0.9784217238426208,0.02821142431348562,-0.308296674489975,97.81040802001954,206.60687561035155,-41.49990997314453,0.0,0.0,0.0,0.0,0.0,0.0,-0.011356761306524276,0.019308958016335965,0.0540696382522583,-3.1860368728637694,-17.823561096191405,-0.8942933797836303
638,6.38,2429.7131,830.0023,2600.37,448.987,2580.18,74.01467,7.739816198633842e-15,2.681453912129492e-14,1.8054302763090626e-13,3.2108103502348495e-11,3.628723554277569e-11,-8.930702509978017e-12,2.4223756541803732e-21,1.3530455973997845e-19,2.923537371074303e-19,-3.760784595906221e-17,1.2490731569298076e-17,-5.216808630996405e-18,-0.974758404493332,0.019899067375808953,-0.24268886893987657,95.53415603637696,208.6425811767578,-39.61600570678711,0.0,0.0,0.0,0.0,0.0,0.0,-0.010389068350195884,0.017698701471090317,0.04959482997655869,-2.987345480918884,-16.319478607177736,-0.8434030294418335
639,6.39,2444.4675,832.39325,2604.27,447.228,2581.3782,74.39016,7.207221202221864e-14,1.449110005507571e-14,2.6918588343603776e-13,4.486305008044589e-11,5.267142139109282e-11,-1.6182155528760013e-11,-1.369918568797541e-22,7.104782332654187e-20,1.454474548734522e-19,-1.899887083834607e-17,6.523456337886761e-18,-3.1531013426573297e-18,-0.975729238986969,0.010012187249958514,-0.18376797586679458,94.51211547851562,208.59195251464843,-38.302489852905275,0.0,0.0,0.0,0.0,0.0,0.0,-0.008244970720261336,0.014065742678940295,0.03943389691412449,-2.4117531538009644,-12.959694385528564,-0.6835768222808838
640,6.4,2458.373,834.81555,2608.03,445.931,2582.8171,74.520485,9.375055595663324e-14,5.854527385854133e-15,2.721377322708468e-13,4.4316530653509825e-11,5.275483209998821e-11,-1.7348813878548254e-11,-1.4320670175781562e-21,2.6729985096129353e-20,4.6817646542442247e-20,-6.414130874855348e-18,2.4196316804884318e-18,-1.5917015802618851e-18,-0.9789573788642884,0.00270180314546451,-0.1373298868536949,94.04197845458984,206.6423812866211,-37.511386489868165,0.0,0.0,0.0,0.0,0.0,0.0,-0.005835366202518344,0.009967782162129879,0.027957553789019585,-1.7334534168243407,-9.177541828155517,-0.49302917420864106
641,6.41,2471.5823,837.4886,2612.05,445.472,2584.6467,74.56144,9.004849884958373e-14,4.833584937298074e-16,2.3053422506472824e-13,3.701306691694661e-11,4.443835716072542e-11,-1.5200006097532136e-11,-1.871455564469325e-21,-3.068968612723073e-22,-1.1345525725630247e-20,1.077025189014537e-18,-7.517516054632311e-20,-5.361519774278767e-19,-0.9831948816776276,9.135311411228031e-05,-0.1157820113003254,93.9650665283203,204.4394073486328,-37.283333206176756,0.0,0.0,0.0,0.0,0.0,0.0,-0.003670979454182088,0.00627993238158524,0.017622949462383984,-1.1097930371761322,-5.777393388748169,-0.31686929166316985
642,6.42,2484.228,840.0713,2616.62,445.538,2585.4192,74.59305,7.387496105300262e-14,-2.356674432272605e-15,1.7259957162509346e-13,2.7390479467870322e-11,3.31179833557016e-11,-1.1685902506081148e-11,-1.8009730211061035e-21,-1.4168615638383563e-20,-3.947242261281715e-20,4.760527367869907e-18,-1.3468295664485261e-18,9.18805858041878e-20,-0.9870090425014496,0.002260780776850879,-0.12564356848597527,94.62665939331055,202.78021087646485,-37.733852767944335,0.0,0.0,0.0,0.0,0.0,0.0,-0.0019757189671508967,0.0033874495653435587,0.00951335825957358,-0.6130677938461304,-3.1125625371932983,-0.17602549567818643
643,6.43,2496.2102,842.75494,2622.46,445.783,2583.9744,74.36176,5.3847721502011875e-14,-3.4444255775158986e-15,1.1544279665239369e-13,1.8099479120320394e-11,2.204591821597379e-11,-8.026195680299608e-12,-1.4793326953518366e-21,-1.9055283819414454e-20,-4.7688883893019095e-20,5.901331400361853e-18,-1.7876747708051415e-18,4.004412209545813e-19,-0.9892005980014801,0.007001155335456133,-0.16442443579435348,95.71155700683593,201.22918395996095,-38.61086196899414,0.0,0.0,0.0,0.0,0.0,0.0,-0.0007904482132289559,0.0013625144434627145,0.003833550086710602,-0.26035992354154586,-1.2483111441135406,-0.07566955722868443
644,6.44,2508.4543,845.48145,2627.66,446.4,2582.5771,74.509056,3.5011233414381293e-14,-3.4582739944562667e-15,6.77431425029091e-14,1.0451308134901139e-11,1.2856054762422353e-11,-4.871483641824548e-12,-1.0794391146532334e-21,-1.8550001511588718e-20,-4.435956012191044e-20,5.553160161754198e-18,-1.7312173468734093e-18,4.95741350731548e-19,-0.9909536004066467,0.011114497296512127,-0.22083612829446791,97.35568008422851,199.75570373535157,-39.388018417358396,0.0,0.0,0.0,0.0,0.0,0.0,-5.537966480915202e-05,0.00010479443808435463,0.000303861363499891,-0.037637428659945724,-0.09135852493345738,-0.012046490999637172
645,6.45,2520.3374,847.97095,2632.6,446.616,2581.2886,74.26769,1.9772161762265624e-14,-2.9174099574813322e-15,3.2467497250833826e-14,4.860273251569569e-12,6.090776711112356e-12,-2.4764768252576176e-12,-7.026506917912826e-22,-1.5350652371636576e-20,-3.5617540592234983e-20,4.494088852971881e-18,-1.4278461068440495e-18,4.662189877412555e-19,-0.9925534904003144,0.01172346416860819,-0.2751885116100311,99.30351638793945,199.3790023803711,-39.47213592529297,0.0,0.0,0.0,0.0,0.0,0.0,0.0003315849680802785,-0.0005589020467596129,-0.001560295990202576,0.08291617184877395,0.5183646023273468,0.02259613908827305
646,6.46,2532.74,850.53076,2636.16,446.681,2581.2937,74.0954,8.798686707337228e-15,-2.1768529268726313e-15,9.173630129543639e-15,1.2135662866464984e-12,1.644944641924443e-12,-8.518412537850128e-13,-3.9745464239853566e-22,-1.127217858471992e-20,-2.5475951660958974e-20,3.2370802546408316e-18,-1.0455103443839996e-18,3.7715403426931866e-19,-0.9924675703048706,0.00997044425457716,-0.3102149158716202,100.78463516235351,200.78370208740233,-38.828087997436526,0.0,0.0,0.0,0.0,0.0,0.0,0.00047813438577577473,-0.0008118086319882422,-0.002272155834361911,0.1318017601966858,0.7499255955219268,0.03683908097445965
647,6.47,2545.367,853.0928,2639.23,446.545,2581.5405,73.99383,1.7586688088750885e-15,-1.4509014547800254e-15,-4.264584424579042e-15,-8.549458721269359e-13,-9.030686541313315e-13,1.1900668710033979e-13,-1.7745310889254498e-22,-7.387663505317567e-21,-1.622130003290956e-20,2.077415987194794e-18,-6.831316118413775e-19,2.7156770678010194e-19,-0.9914490878582001,0.0091891267336905,-0.3175477921962738,101.1998306274414,203.91477813720704,-37.84239158630371,0.0,0.0,0.0,0.0,0.0,0.0,0.0004777694586664438,-0.0008132908376865089,-0.0022783646127209067,0.13606820851564408,0.7502314329147339,0.03832958862185478
648,6.48,2557.6838,855.35516,2642.06,446.133,2583.328,73.58289,-2.142061307968001e-15,-8.474968460236879e-16,-1.0502728024162346e-14,-1.7837132378767385e-12,-2.0709115845785053e-12,5.996458998834899e-13,-3.614460091408527e-23,-4.218469117465981e-21,-8.88944116901863e-21,1.1515924270637137e-18,-3.884422372165848e-19,1.7421214174839633e-19,-0.9917639970779419,0.01067690597847104,-0.3018046945333481,100.0390510559082,207.1464385986328,-37.089717102050784,0.0,0.0,0.0,0.0,0.0,0.0,0.00040187562990467995,-0.0006851815152913332,-0.0019205353688448667,0.11670226231217384,0.6315090954303741,0.03302284590899944
649,6.49,2570.3567,857.429,2644.85,445.679,2583.8232,74.333176,-3.809543258715482e-15,-4.027559078481841e-16,-1.2047988949266502e-14,-1.978917160347371e-12,-2.3436102234222767e-12,7.519142589378775e-13,4.228533871269358e-23,-1.9194860611921903e-21,-3.708636831595063e-21,4.927822594316862e-19,-1.752743838265822e-19,9.65179645283738e-20,-0.99505535364151,0.014722799696028233,-0.276366126537323,97.49531555175781,209.59896697998047,-37.12987594604492,0.0,0.0,0.0,0.0,0.0,0.0,0.0002991484623635188,-0.000510697829304263,-0.001432110951282084,0.08824624568223953,0.47035975456237794,0.025059832818806173
650,6.5,2582.7139,859.16364,2647.08,445.184,2583.4888,75.48684,-4.063804804140979e-15,-1.1011915258988902e-16,-1.0933926239588146e-14,-1.7657747985143358e-12,-2.11255017385642e-12,7.11109225974213e-13,7.593675164329114e-23,-4.325134275180304e-22,-4.554766238394451e-22,7.574252413237001e-20,-3.782703262189657e-20,4.125069452433137e-20,-1.0016523063182832,0.021397695317864417,-0.25318305045366285,95.0842185974121,211.31548309326172,-37.965274047851565,0.0,0.0,0.0,0.0,0.0,0.0,0.00019889354589395226,-0.0003400029614567757,-0.0009538903890643269,0.05962249673902988,0.3129172116518021,0.016991988476365804
656,6.56,2654.7642,863.2745,2659.53,445.233,2583.3296,76.25156,-1.9434641512983437e-16,7.647296674453562e-17,-3.2190157963873374e-17,3.868885709373761e-15,-1.9046248173721585e-15,1.0730740010611498e-14,1.1518311116147606e-23,3.924876535461923e-22,8.73765083060412e-22,-1.114789534391868e-19,3.6345518984888176e-20,-1.3813718158652948e-20,-1.0540258407592773,0.07249466851353645,-0.232269586622715,84.94735794067383,213.08394317626954,-37.363840866088864,0.0,0.0,0.0,0.0,0.0,0.0,-2.1243185983621515e-05,3.612684886320494e-05,0.00010117233541677706,-0.005977916764095426,-0.033343229070305826,-0.0016791790607385338
657,6.57,2666.2104,862.9985,2662.2,444.798,2584.2625,75.98308,3.0847245542234866e-17,4.7629003753393924e-17,3.639129753554618e-16,6.396095031922528e-14,7.278194838261296e-14,-1.8723275527373055e-14,3.938485089346482e-24,2.398108727635739e-22,5.161297788856046e-22,-6.646671808716876e-20,2.2129393937216945e-20,-9.35037791223068e-21,-1.0556458711624146,0.07139191776514053,-0.2518994346261024,83.12948150634766,210.34032135009767,-36.77365646362305,0.0,0.0,0.0,0.0,0.0,0.0,-1.9116012663289438e-05,3.25707904266892e-05,9.127384691964835e-05,-0.005507063074037433,-0.030030114203691484,-0.0015554570476524533
658,6.58,2677.4534,862.5219,2665.03,444.524,2584.7942,76.4925,1.418203549119775e-16,2.5241755039798417e-17,5.100414927001519e-16,8.474295551852591e-14,9.967500390057997e-14,-3.091038828297336e-14,-5.853815587997188e-25,1.2325959154034126e-22,2.503435365729833e-22,-3.277599650417832e-20,1.1308697639411856e-20,-5.572374332428999e-21,-1.0538862824440003,0.0726370096206665,-0.27445864379405976,83.65694274902344,207.65916900634767,-37.388295364379886,0.0,0.0,0.0,0.0,0.0,0.0,-1.4992519572842866e-05,2.5580133478797506e-05,7.171811012085527e-05,-0.004392176563851535,-0.02356704045087099,-0.0012453291565179825
659,6.59,2689.0784,861.96625,2668.66,444.056,2585.4185,77.13241,1.7644301787515465e-16,9.723879339219755e-18,5.044040966834364e-16,8.200705536192711e-14,9.771712044669318e-14,-3.228262079044749e-14,-2.8201317652958655e-24,4.3763116106292987e-23,7.392898956788821e-23,-1.0248679275551915e-20,3.949554982341818e-21,-2.7456255692012986e-21,-1.049864935874939,0.0771266832947731,-0.29237515926361085,86.20526428222657,205.38345489501953,-39.17773284912109,0.0,0.0,0.0,0.0,0.0,0.0,-1.049532675096998e-05,1.793011333575123e-05,5.0292514060856774e-05,-0.003122600098140538,-0.01650744816288352,-0.0008884382084943354
660,6.6,2700.2227,861.06683,2672.89,443.547,2586.1265,77.48759,1.662975245777166e-16,1.991848795377371e-19,4.2157715463672e-16,6.760482405550154e-14,8.122579824997207e-14,-2.7873210196090874e-14,-3.523029610206425e-24,-4.0720333266088005e-24,-2.855005645363481e-23,2.9654979661771046e-21,-4.625256977706933e-22,-8.562120141027718e-22,-1.0450194835662843,0.08282337933778763,-0.29623588621616365,89.79788055419922,203.58211364746094,-41.36055068969726,0.0,0.0,0.0,0.0,0.0,0.0,-6.518480677186744e-06,1.1153055856993887e-05,3.129992710455553e-05,-0.0019746100064367057,-0.010259594768285751,-0.000564040124299936
661,6.61,2711.7866,860.00635,2678.17,442.777,2586.417,77.92869,1.3472665051683628e-16,-4.732787928066487e-18,3.121610860460386e-16,4.9482465041129736e-14,5.987026907496463e-14,-2.1187874419098095e-14,-3.326417330012555e-24,-2.8037749355856384e-23,-7.675107760962141e-23,9.294224707879904e-21,-2.6592298055892415e-21,2.5155545032881117e-22,-1.0404792189598084,0.08726602345705033,-0.28629234731197356,94.68363723754882,201.9159912109375,-43.10673027038574,0.0,0.0,0.0,0.0,0.0,0.0,-3.439510805947066e-06,5.899007737752981e-06,1.656862659729086e-05,-0.0010710829868912698,-0.005419395049102604,-0.0003077623536228202
662,6.62,2723.065,858.5846,2684.03,441.908,2586.9917,78.2072,9.713515626412302e-17,-6.520319793081052e-18,2.0640281409453362e-16,3.23177364047484e-14,3.939606412904813e-14,-1.4390926296491743e-14,-2.698165980739645e-24,-3.592521124653813e-23,-8.938850435569464e-23,1.1077586930556235e-20,-3.368049233149349e-21,7.816358127559816e-22,-1.0355451941490172,0.08844481036067009,-0.2668674439191818,101.34176864624024,198.49761505126952,-44.316006088256835,0.0,0.0,0.0,0.0,0.0,0.0,-1.3103795481583802e-06,2.261083682242315e-06,6.3640212601967505e-06,-0.0004365016691735946,-0.0020703923131804914,-0.00012714144831988962
663,6.63,2734.4604,857.2476,2690.26,440.86,2587.5574,78.31146,6.240273040412702e-17,-6.406803977823052e-18,1.19284634392182e-16,1.8365581306450678e-14,2.2619586935381138e-14,-8.613580150450772e-15,-1.947389396617292e-24,-3.429065831876218e-23,-8.17261355623921e-23,1.0239793283782596e-20,-3.1990414917721685e-21,9.305037206527033e-22,-1.031011712551117,0.0853157751262188,-0.2413576140999794,108.66430435180663,192.34937744140626,-45.27588653564453,0.0,0.0,0.0,0.0,0.0,0.0,-7.312227978673036e-09,3.110350874635515e-08,1.0537379893094113e-07,-4.0845641797204736e-05,-1.9277252067695372e-05,-1.406636302476727e-05
664,6.64,2745.4038,855.64075,2697.14,439.606,2588.1802,78.6478,3.464488947167257e-17,-5.333195466083484e-18,5.556121683414096e-17,8.277100928483563e-15,1.0403928661238595e-14,-4.2762776614763285e-15,-1.2525402009150892e-24,-2.8016082028917045e-23,-6.483377610928676e-23,8.186181946138528e-21,-2.6051761173034765e-21,8.596503747987043e-22,-1.0267427921295167,0.07763673812150955,-0.20429065376520156,114.6466438293457,184.36252136230468,-46.36153144836426,0.0,0.0,0.0,0.0,0.0,0.0,6.642684610369542e-07,-1.121139388260417e-06,-3.131368134745571e-06,0.00016918982000788674,0.0010390664159785957,4.633915414160583e-05
665,6.65,2756.3232,853.7026,2704.16,438.208,2588.6118,79.24052,1.4873873076622647e-17,-3.935744917348793e-18,1.3971733481037157e-17,1.775058314069308e-15,2.470450447449323e-15,-1.3671483430859795e-15,-6.965693414187019e-25,-2.0348488294294875e-23,-4.58693488485954e-23,5.83244775261327e-21,-1.886825795979879e-21,6.8697876452960405e-22,-1.0231735467910767,0.06549810320138931,-0.15684074610471727,118.52481155395508,176.87436065673828,-47.53204231262207,0.0,0.0,0.0,0.0,0.0,0.0,9.0453534653534e-07,-1.5363101510956767e-06,-4.3004683902836405e-06,0.00025044270732905717,0.0014189315494149922,7.007473104749806e-05
666,6.66,2767.2563,851.5728,2711.24,436.648,2590.1155,79.7269,2.3449036172024247e-18,-2.5931154121592927e-18,-9.639784032584308e-18,-1.8514832408108446e-15,-2.002747686844674e-15,3.462197296219738e-16,-3.0014843004176177e-25,-1.317917981263301e-23,-2.884390398538602e-23,3.6972684699996785e-21,-1.2182565307206561e-21,4.892831812554115e-22,-1.0215588450431823,0.05086628943681717,-0.11270806714892387,120.39016723632812,172.8854782104492,-48.196232604980466,0.0,0.0,0.0,0.0,0.0,0.0,8.848212644352316e-07,-1.5064739500303403e-06,-4.2205240333714755e-06,0.00025256244698539375,0.0013895302545279264,7.118272114894352e-05
667,6.67,2778.143,849.2674,2718.93,434.949,2591.017,80.845215,-4.472759483889318e-18,-1.4914406932550732e-18,-2.0260304149850758e-17,-3.423940763312911e-15,-3.98683716486129e-15,1.1728784752500308e-15,-4.8631012879192894e-26,-7.402266285607869e-24,-1.551386454316298e-23,2.012869360327368e-21,-6.812391186061216e-22,3.1003925145402047e-22,-1.0211556196212768,0.037923885881900786,-0.08321555405855179,120.34834289550781,173.73622436523436,-47.95389823913574,0.0,0.0,0.0,0.0,0.0,0.0,7.344720302171481e-07,-1.2524114936240949e-06,-3.5106201266899006e-06,0.00021363266278058292,0.001154222129844129,6.047334027243778e-05
668,6.68,2789.9949,846.72766,2726.39,433.324,2592.631,81.9728,-7.271673503343895e-18,-6.883044969543727e-19,-2.251411770548195e-17,-3.690414342727975e-15,-4.375898074611677e-15,1.4123393587079432e-15,8.847946188686093e-26,-3.2571280085037845e-24,-6.197335901221982e-24,8.272999943448027e-22,-2.9699884047876924e-22,1.6869107115280798e-22,-1.0211976766586304,0.02992020770907402,-0.07932100147008896,118.68137283325196,178.74330139160156,-47.41278228759766,0.0,0.0,0.0,0.0,0.0,0.0,5.40735558729466e-07,-9.232437321315956e-07,-2.589094333416142e-06,0.00015975181449903175,0.0008502622542437166,4.5380982192000376e-05
669,6.69,2802.0923,844.0499,2734.04,431.775,2594.0515,82.94043,-7.55945141688941e-18,-1.6602778991411954e-19,-2.0106166818199258e-17,-3.2427402776868952e-15,-3.882675003414411e-15,1.311745291787637e-15,1.4500193431013743e-25,-6.083579541889578e-25,-4.220123498521078e-25,8.623839221179548e-23,-5.224737000722093e-23,6.923776219109422e-23,-1.0227404475212096,0.027801725268363952,-0.1126146987080574,115.49520416259766,186.6102554321289,-47.239471435546875,0.0,0.0,0.0,0.0,0.0,0.0,3.553755448137963e-07,-6.075937278637866e-07,-1.7047125766112004e-06,0.00010671651834854856,0.0005591460096184165,3.0425082150031814e-05
670,6.7,2814.3474,841.8806,2742.51,430.393,2594.6208,84.655754,-6.5096612813750915e-18,1.289894461222681e-19,-1.568131782150465e-17,-2.498578063096443e-15,-3.0136755695741387e-15,1.0521344368386987e-15,1.5110585773044496e-25,8.508205823282991e-25,2.616235468908308e-24,-3.086994500925931e-22,8.195509328934601e-23,7.098270728842763e-24,-1.026226544380188,0.031031936779618262,-0.181841641664505,111.52653198242187,195.56532135009766,-47.21782608032227,0.0,0.0,0.0,0.0,0.0,0.0,2.036968112406612e-07,-3.4891559437255636e-07,-9.79578123860847e-07,6.252009334275498e-05,0.0003207672809367068,1.790925998648163e-05
671,6.71,2826.3323,839.50073,2751.52,428.775,2594.9739,86.90515,-4.938045455843584e-18,2.60335100709757e-19,-1.091993361859723e-17,-1.7197920956496385e-15,-2.0890403859560675e-15,7.518474239302293e-16,1.3030246537000113e-25,1.466742333940635e-24,3.764837920749419e-24,-4.629774317105478e-22,1.3801524550100862e-22,-2.5996979131368474e-23,-1.0312909483909607,0.03879270739853382,-0.27412520796060563,107.38905258178711,204.28833770751953,-46.9127140045166,0.0,0.0,0.0,0.0,0.0,0.0,9.338156310434443e-08,-1.6053866858101173e-07,-4.512784812504833e-07,2.9874469692003914e-05,0.000147294611815596,8.632075969217113e-06
672,6.72,2838.7004,837.4374,2761.05,427.261,2595.7114,89.416275,-3.346986977488686e-18,2.86659810926588e-19,-6.739879997432227e-18,-1.0465966889542717e-15,-1.2822962326126508e-15,4.782154102592417e-16,9.895183384121483e-26,1.5512150585074208e-24,3.7592222960664676e-24,-4.6899052585386115e-22,1.449883959877504e-22,-3.8904918745844285e-23,-1.0363750100135802,0.05028192177414894,-0.37015395760536196,103.70257186889648,212.55267333984375,-46.2467227935791,0.0,0.0,0.0,0.0,0.0,0.0,2.1827891377723673e-08,-3.81810888294698e-08,-1.0796241168287146e-07,8.344622256117872e-06,3.470382325758692e-05,2.4911930097459844e-06
673,6.73,2851.3271,835.293,2771.08,425.451,2596.8062,92.25941,-1.9980401492045116e-18,2.547804019507044e-19,-3.52127860612407e-18,-5.343998441574704e-16,-6.640408043033624e-16,2.6165630849114853e-16,6.714243717150935e-26,1.3488744549895272e-24,3.160656709568587e-24,-3.97769260322377e-22,1.256015775729795e-22,-3.938122254745278e-23,-1.0391294836997986,0.06292148195207119,-0.4452772170305252,101.30231552124023,221.08919525146484,-45.36943588256836,0.0,0.0,0.0,0.0,0.0,0.0,-1.8444926297433995e-08,3.0821381358236975e-08,8.577952979038627e-08,-4.054650440821206e-06,-2.872268337341666e-05,-1.0630106672238071e-06
674,6.74,2864.1736,833.3753,2781.56,423.708,2598.6104,95.59739,-9.874092143474267e-19,1.9800676625783874e-19,-1.3073508621098148e-18,-1.8619741620851067e-16,-2.407292047850959e-16,1.0877628872375247e-16,4.0137439456573806e-26,1.0310321115019298e-24,2.3518682115270836e-24,-2.980967808731882e-22,9.572465597235769e-23,-3.3386033968966153e-23,-1.0381232976913453,0.07317683324217797,-0.48914332389831544,100.5961311340332,229.28115692138672,-44.513299560546876,0.0,0.0,0.0,0.0,0.0,0.0,-3.624236804000702e-08,6.143895454613358e-08,1.7186645067113205e-07,-9.791528100322466e-06,-5.680400245182682e-05,-2.7231886861045496e-06
675,6.75,2877.7058,831.2445,2792.34,422.2,2600.1096,99.93382,-3.1098210493477045e-19,1.3742137373487333e-19,3.886391866586117e-20,2.2455445639876955e-17,1.5207957512116586e-17,1.2883836179018043e-17,1.9883422695737902e-26,7.04129094081048e-25,1.5630795265219448e-24,-1.9958013158708712e-22,6.51848450867478e-23,-2.5011276604366923e-23,-1.0345100045204163,0.0785763531923294,-0.4981787264347076,100.52532806396485,235.87765808105468,-43.85774230957031,0.0,0.0,0.0,0.0,0.0,0.0,-3.965619832513312e-08,6.745609866243285e-08,1.8892426965066988e-07,-1.1191585781489265e-05,-6.225069810170681e-05,-3.145834489259869e-06
676,6.76,2891.4077,829.2584,2804.26,420.451,2602.145,103.93736,8.63138748316773e-20,8.447504457515368e-20,7.253268186707434e-19,1.2624813460320695e-16,1.4447661251513104e-16,-3.849391802619819e-17,6.312151345146393e-27,4.2436461289344835e-25,9.095700392855961e-25,-1.1726884677310593e-22,3.9143237411843895e-23,-1.6739280205586307e-23,-1.030220341682434,0.07963441759347915,-0.4811902493238449,99.53983001708984,239.35163421630858,-43.63334617614746,0.0,0.0,0.0,0.0,0.0,0.0,-3.512878201661351e-08,5.986297537674546e-08,1.6776399576201583e-07,-1.0138519883184927e-05,-5.5188916667248124e-05,-2.864803127522464e-06
677,6.77,2905.1475,827.4868,2817.29,418.463,2604.735,109.338066,2.7704371739844595e-19,4.3848716316934994e-20,9.635753956941162e-19,1.596440463663206e-16,1.8809134482087983e-16,-5.88278870763721e-17,-1.6704104005038417e-27,2.1318339681994807e-25,4.292144114096113e-25,-5.633796535665428e-23,1.9542419650603917e-23,-9.830916971724146e-24,-1.02674800157547,0.07750596776604653,-0.45053761899471284,96.80165786743164,238.7685516357422,-43.712650299072266,0.0,0.0,0.0,0.0,0.0,0.0,-2.7233033428331056e-08,4.6470621839489465e-08,1.3029369512196353e-07,-7.990199310370372e-06,-4.281057299522217e-05,-2.2662643232251868e-06
678,6.78,2919.502,825.2591,2831.36,416.194,2608.2966,114.84557,3.3127371196163485e-19,1.5998510163248982e-20,9.334675827005921e-19,1.515293052955019e-16,1.807264661363976e-16,-5.996790706572045e-17,-5.5127122311872346e-27,7.075118168487436e-26,1.1406152508913363e-25,-1.606214823416969e-23,6.361251040742753e-24,-4.71881484844722e-24,-1.0269176840782166,0.0743264950811863,-0.41339048445224763,92.95326538085938,234.71227416992187,-43.77436141967773,0.0,0.0,0.0,0.0,0.0,0.0,-1.8855434191777932e-08,3.221670681341493e-08,9.036941079898498e-08,-5.6187926020356825e-06,-2.965832518384559e-05,-1.599212771452585e-06
679,6.79,2933.2695,822.7572,2846.68,413.976,2613.0264,121.19146,3.0668203818592136e-19,-8.653717696362837e-22,7.700624470877457e-19,1.2334338135613064e-16,1.4829983865937319e-16,-5.105208623939721e-17,-6.616028693261892e-27,-1.3740566616049048e-26,-6.61570423954788e-26,7.204735712155754e-24,-1.428385237066902e-24,-1.3409315599810862e-24,-1.03166663646698,0.07280025258660316,-0.37355703115463257,89.74174041748047,227.93453521728514,-43.58866882324219,0.0,0.0,0.0,0.0,0.0,0.0,-1.1557416534913045e-08,1.9778160620376183e-08,5.550885546767859e-08,-3.5083761304122164e-06,-1.8191975050285693e-05,-1.0026111624483748e-06
680,6.8,2946.8296,819.6502,2863.45,411.517,2619.44,128.35999,2.454337146857224e-19,-9.404635265469512e-21,5.639692135679071e-19,8.929719114975353e-17,1.0811728385589882e-16,-3.837536104141505e-17,-6.1353215095234954e-27,-5.503388110991676e-26,-1.483955806443288e-25,1.8033795271255468e-23,-5.20977834808028e-24,6.094539907513984e-25,-1.038658344745636,0.07368147969245911,-0.332569220662117,88.40834732055664,219.3100616455078,-42.679297256469724,0.0,0.0,0.0,0.0,0.0,0.0,-5.9712632616282235e-09,1.0244592463237722e-08,2.877747817819909e-08,-1.8666487790142129e-06,-9.40993991207506e-06,-5.36790923888475e-07
681,6.81,2959.8457,816.2708,2882.46,408.051,2626.9055,135.89223,1.7503096395935346e-19,-1.2307812508266076e-20,3.685701535781874e-19,5.763079360999108e-17,7.03115746399527e-17,-2.5772386770539756e-17,-4.915813116124973e-27,-6.755857547385782e-26,-1.671925496657689e-25,2.0747707290372256e-23,-6.3297597134063305e-24,1.5163457498887512e-24,-1.0470877528190612,0.07602765932679176,-0.2953749120235443,89.66149597167968,210.46298065185547,-40.978003692626956,0.0,0.0,0.0,0.0,0.0,0.0,-2.1510230208132696e-09,3.7162854238381727e-09,1.046430693207867e-08,-7.262035097710395e-07,-3.400549792331731e-06,-2.1207031224435014e-07
682,6.82,2972.1963,812.9407,2902.27,404.835,2635.6633,144.70648,1.1107413835598674e-19,-1.1851220442364169e-20,2.0963560993617246e-19,3.22065532626406e-17,3.9719327704744256e-17,-1.5204392446394545e-17,-3.509435014303463e-27,-6.329731772939144e-26,-1.503706147148757e-25,1.885637556255361e-23,-5.902987896390981e-24,1.7426611477975664e-24,-1.0574463248252868,0.07888168394565583,-0.2650013566017151,93.04604797363281,203.02426147460938,-39.06550941467285,0.0,0.0,0.0,0.0,0.0,0.0,1.55318048006281e-10,-2.3137065457978777e-10,-6.158797971611562e-10,-2.4377532081842902e-08,2.3009524667827464e-07,-1.139896874113866e-08
683,6.83,2984.5464,810.0025,2923.44,402.083,2647.9565,152.58023,6.056813708302317e-20,-9.738392908722177e-21,9.464622476193278e-20,1.402253804572052e-17,1.7685942638577812e-17,-7.357960766224303e-18,-2.229764382783574e-27,-5.107499529116555e-26,-1.1788848054668565e-25,1.4895363672450784e-23,-4.7480442157455346e-24,1.5829618978910448e-24,-1.0677639484405517,0.07921616211533547,-0.23929635882377626,97.53646316528321,197.2204345703125,-37.495418548583984,0.0,0.0,0.0,0.0,0.0,0.0,1.3173083845963162e-09,-2.2257587772855914e-09,-6.218993098272563e-09,3.405714437576535e-07,2.0615847233784734e-06,9.365174555853172e-08
710,7.1,3202.7947,856.26495,3328.81,459.355,3222.9211,98.052505,-1.0716814552491127e-23,9.94176027111177e-25,-2.1122489899960783e-23,-3.268677598743685e-21,-4.013278040403288e-21,1.5094803287715812e-21,3.241997903042438e-31,5.3526172128195706e-30,1.2872844654385947e-29,-1.60913266857351e-27,4.998635903749899e-28,-1.3930902131703457e-28,-0.9945412278175354,0.06589824184775353,-0.13409042060375215,95.45099334716797,219.0890121459961,-37.47881813049317,0.0,0.0,0.0,0.0,0.0,0.0,4.117851475640499e-14,-7.334465186181968e-14,-2.0864415238083455e-13,1.847587663373826e-11,6.601879895627022e-11,5.650281457991735e-12
711,7.11,3209.0269,856.9038,3331.07,457.937,3236.305,93.78778,-6.21025233497514e-24,8.576704218057045e-25,-1.0549902628999034e-23,-1.589946594777084e-21,-1.9841946476001735e-21,7.945435057725384e-22,2.1503606273257494e-31,4.5249805293547634e-30,1.0544440565836488e-29,-1.3289480528559644e-27,4.210912236086924e-28,-1.3510574541725127e-28,-0.9976635754108429,0.06424756273627281,-0.12851878851652146,101.3536590576172,218.28305358886718,-37.404119873046874,0.0,0.0,0.0,0.0,0.0,0.0,-8.207613699741291e-14,1.3794988372103912e-13,3.847286137131749e-13,-1.9706780695141757e-11,-1.2814475383593483e-10,-5.30897444062095e-12
713,7.13,3219.635,856.51807,3335.13,454.57,3259.4082,85.736,-7.47652722054771e-25,4.422384457902424e-25,7.649400152981178e-25,1.7483945202258139e-22,1.7220883101439536e-22,-8.783296831157886e-25,5.859550608049183e-32,2.2582411253138487e-30,4.9833989135087775e-30,-6.373320160923544e-28,2.089270951865634e-28,-8.173398600128468e-29,-1.0125183939933777,0.05161939896643162,-0.15144655853509903,114.24057312011719,211.50840454101564,-39.15720329284668,0.0,0.0,0.0,0.0,0.0,0.0,-1.3742623711102478e-13,2.3386379231814596e-13,6.550787310603129e-13,-3.8988709830101165e-11,-2.1576736924933115e-10,-1.097296862748176e-11
715,7.15,3235.7078,855.97107,3335.34,449.87,3277.8655,78.11958,1.038402074091241e-24,1.3111605521570807e-25,3.412101764651283e-24,5.6246089503813585e-22,6.646900840407429e-22,-2.1103126551735665e-22,-9.467738048408879e-33,6.310459573413378e-31,1.2446266970348248e-30,-1.6436251289681064e-28,5.773413036992466e-29,-3.042890875625582e-29,-1.031330144405365,0.04652496837079525,-0.20875534862279893,119.21419067382813,202.5518585205078,-42.350089645385744,0.0,0.0,0.0,0.0,0.0,0.0,-8.9568410061849e-14,1.5287811977720416e-13,4.286746711724618e-13,-2.6358450838648296e-11,-1.4081823346279165e-10,-7.481123706631898e-12
716,7.16,3239.2366,854.1706,3335.92,447.233,3284.6768,74.75507,1.1600773408975914e-24,4.1724351804710446e-26,3.1830314475246876e-24,5.151851248935784e-22,6.155384304314738e-22,-2.0592743391041766e-22,-2.0684588254422703e-32,1.7547667409364604e-31,2.427519044623089e-31,-3.6110505535701036e-29,1.5601106951373262e-29,-1.376281876247825e-29,-1.0376181840896606,0.04964488111436367,-0.2316978693008423,119.34866333007812,198.23717041015624,-43.270620346069336,0.0,0.0,0.0,0.0,0.0,0.0,-6.064866016623933e-14,1.0365355221277767e-13,2.90780707888974e-13,-1.8131588765124552e-11,-9.540804951635451e-11,-5.164292431192319e-12
717,7.17,3248.3076,853.5137,3336.18,444.637,3285.7563,72.799164,1.0388559057700147e-24,-1.0878789972717258e-26,2.5608011382754443e-24,4.0922709010401e-22,4.927135750872901e-22,-1.7067081919974471e-22,-2.3177979574335354e-32,-8.671714572520295e-32,-3.111738012113977e-31,3.5596526367216423e-29,-8.548245324377438e-30,-3.0073734247821534e-30,-1.0398845553398133,0.05520795397460461,-0.23932606279850005,118.25462112426757,195.63628997802735,-43.532535552978516,0.0,0.0,0.0,0.0,0.0,0.0,-3.615935777526429e-14,6.19030766587942e-14,1.7375857697121688e-13,-1.1025823917071298e-11,-5.692661793343934e-11,-3.1539732847987723e-12
718,7.18,3253.7742,852.5676,3339.04,443.81,3286.4822,73.04915,8.118737034595389e-25,-3.6219035144509656e-26,1.8348888089361724e-24,2.898671440962074e-22,3.5144664619713787e-22,-1.2548740920515486e-22,-2.0788096556421153e-32,-2.0787366515654574e-31,-5.468582015689207e-31,6.684892424909333e-29,-1.9618441292760444e-29,3.002793096938242e-30,-1.038516891002655,0.06138970889151096,-0.23128159195184708,114.95364303588867,195.32884368896484,-42.70620193481445,0.0,0.0,0.0,0.0,0.0,0.0,-1.7830011437154322e-14,3.0613656378517594e-14,8.601791391530442e-14,-5.62281857359459e-12,-2.8107661857734723e-11,-1.6199025085726626e-12
721,7.21,3262.1467,850.9701,3346.62,445.258,3287.037,75.05242,1.8374381041634364e-25,-3.2362738221292107e-26,2.7019807099316868e-25,3.949328323671087e-23,5.023392580616074e-23,-2.1518670834919975e-23,-7.036430536103303e-33,-1.6919742072141224e-31,-3.885274632250268e-31,4.9158137059410186e-29,-1.57201732631737e-29,5.346752191901623e-30,-1.0247719883918762,0.07539149820804596,-0.12794804126024245,100.86946868896484,201.44642181396483,-33.47292785644531,0.0,0.0,0.0,0.0,0.0,0.0,5.057197760197475e-15,-8.559350941233536e-15,-2.3930042958319758e-14,1.3377546249568328e-12,7.920593868282477e-12,3.700650707096423e-13
722,7.22,3265.638,852.31805,3347.04,446.116,3293.4731,73.36059,6.887629304402207e-26,-2.311153712306472e-26,3.536434865009141e-26,2.9403363587166122e-24,5.5142307767201314e-24,-4.9393447971765216e-24,-3.6970603968800275e-33,-1.1892670891584144e-31,-2.6594201521181317e-31,3.388893864923454e-29,-1.1018160576246117e-29,4.12489167952132e-30,-1.0245556473731994,0.07767633274197579,-0.06931348852813243,100.14114608764649,204.21544189453124,-30.643168258666993,0.0,0.0,0.0,0.0,0.0,0.0,6.0271387879884005e-15,-1.0245842243611315e-14,-2.868920768675119e-14,1.6875318525379212e-12,9.458460490524567e-12,4.734525109201943e-13
723,7.23,3272.15,854.588,3347.02,446.579,3294.0505,72.94609,-1.1364604103963174e-27,-1.468964454037839e-26,-9.106024129240926e-26,-1.6331899102380877e-23,-1.836761241292196e-23,4.3733154360530266e-24,-1.3931438338682536e-33,-7.421785450865803e-32,-1.6073190537289202e-31,2.0663054710776868e-29,-6.853087829090525e-30,2.842630844356219e-30,-1.0272330522537232,0.07835266292095185,-0.013500322657637297,101.9621368408203,207.62486572265624,-28.945598793029784,0.0,0.0,0.0,0.0,0.0,0.0,5.571124497735477e-15,-9.490005268029738e-15,-2.659175996939803e-14,1.600088789764642e-12,8.750923076450423e-12,4.516229756704529e-13
724,7.24,3276.7869,856.74554,3346.67,446.77,3289.6775,73.840454,-3.6977612727285123e-26,-8.0289382398224e-27,-1.4167593403116395e-25,-2.3659464677885386e-23,-2.774422478375978e-23,8.471651571865717e-24,1.296432250250765e-35,-3.9454993279505936e-32,-8.113265006886023e-32,1.058418739645361e-29,-3.624255857743399e-30,1.7324778798690218e-30,-1.0300084233283997,0.07782731726765632,0.020807042252272367,105.25442733764649,211.59659423828126,-28.181566047668458,0.0,0.0,0.0,0.0,0.0,0.0,4.453721640684566e-15,-7.597369397344665e-15,-2.1298972954525864e-14,1.3015538950431061e-12,7.00025020589079e-12,3.6882864926264526e-13
725,7.25,3282.3242,858.77356,3345.58,446.888,3289.9329,74.37399,-4.955834209999532e-26,-3.329791992070099e-27,-1.4526787657761974e-25,-2.3680447431331176e-23,-2.817217172742259e-23,9.237830911681544e-24,7.343460605558164e-34,-1.531773155677809e-32,-2.732314352380242e-32,3.721514887353034e-30,-1.3887468653637185e-30,8.867854997320817e-31,-1.0315231561660767,0.07659670487046241,0.0183211212977767,109.3991310119629,215.74369354248046,-28.031834983825682,0.0,0.0,0.0,0.0,0.0,0.0,3.173098202851536e-15,-5.41975831245677e-15,-1.5200880376479986e-14,9.417183883825981e-13,4.990296283841067e-12,2.6778790095756053e-13
726,7.26,3285.6753,860.17004,3344.05,446.995,3287.9062,74.75027,-4.817818495658766e-26,-3.8447328029547018e-28,-1.2409715236925488e-25,-1.9938901141567997e-23,-2.3928261300502574e-23,8.168224192167599e-24,9.891310539996398e-34,-4.7201672140954154e-34,4.691148528924184e-33,-3.989991292482854e-31,-1.8530889675705943e-32,3.111631018618165e-31,-1.0311752080917358,0.07369841039180755,-0.025332767463987695,113.07903518676758,218.77707214355468,-28.122712898254395,0.0,0.0,0.0,0.0,0.0,0.0,2.0114227653563917e-15,-3.4405869724297077e-15,-9.654749025809259e-15,6.073624459271287e-13,3.165435275009898e-12,1.733698715188428e-13
727,7.27,3291.1821,861.8334,3340.32,447.356,3286.3223,75.16418,-3.983391320548717e-26,1.191801965218567e-27,-9.354080886219849e-26,-1.4854427944584874e-23,-1.7953180470945666e-23,6.323601510192768e-24,9.634816478785524e-34,7.240828359091763e-33,2.0419004407637608e-32,-2.455759892472348e-30,6.8937520719227585e-31,-3.4297998029124006e-32,-1.0285589814186096,0.06874039694666863,-0.09826793856918811,115.03066711425781,219.66244506835938,-28.43788833618164,0.0,0.0,0.0,0.0,0.0,0.0,1.0950214831394612e-15,-1.877126379783492e-15,-5.271424674535823e-15,3.3909686040015097e-13,1.7249664153659583e-12,9.732054910755773e-14
728,7.28,3296.259,863.5785,3335.74,448.102,3283.612,75.20005,-2.9228848067601686e-26,1.8139384084941807e-27,-6.299748556601252e-26,-9.884697485051497e-24,-1.20342157351982e-23,4.3725306081991834e-24,7.976143991265366e-34,1.0061688564648702e-32,2.527537065121658e-32,-3.1248203755649e-30,9.443529469590824e-31,-2.066013453360462e-31,-1.0255584120750427,0.0631058607250452,-0.1855658158659935,114.82075729370118,218.83395538330078,-28.85893325805664,0.0,0.0,0.0,0.0,0.0,0.0,4.500231203378763e-16,-7.752888092825859e-16,-2.1809289341181134e-15,1.4734309150381263e-13,7.105183357902084e-13,4.2772341353155324e-14
729,7.29,3300.9211,864.9492,3331.54,448.831,3283.8274,75.26247,-1.914106675866082e-26,1.8465928010721592e-27,-3.7300673762834875e-26,-5.7614914935432986e-24,-7.082026978398995e-24,2.675854292491394e-24,5.858886178234479e-34,9.918659334423239e-33,2.376888045415296e-32,-2.973898185665086e-30,9.258981370410032e-31,-2.6251310759441932e-31,-1.0249706625938415,0.05684683285653591,-0.26921204924583436,112.6180290222168,217.67030029296876,-29.018878936767578,0.0,0.0,0.0,0.0,0.0,0.0,4.686503125812998e-17,-8.554833256733058e-17,-2.452991355536861e-16,2.5339080127319096e-14,7.600269019822012e-14,7.929962125100427e-15
730,7.3,3304.7686,866.0251,3327.05,449.453,3284.0527,75.014595,-1.0917907497299107e-26,1.5707871433802177e-27,-1.8169219628675283e-26,-2.7271705621230167e-24,-3.4119491595091686e-24,1.3789134992601994e-24,3.841183461333128e-34,8.27338689475528e-33,1.9227444428585837e-32,-2.425013286074048e-30,7.696878729565576e-31,-2.4968231639149337e-31,-1.0269468784332276,0.051187409460544585,-0.3298419862985611,109.29324493408203,216.62322082519532,-28.752013397216796,0.0,0.0,0.0,0.0,0.0,0.0,-1.679840221004926e-16,2.82875667019017e-16,7.894427324781831e-16,-4.144657216037647e-14,-2.6249579495717795e-13,-1.12528379982293e-14
731,7.31,3308.1077,867.127,3322.19,450.299,3283.9204,75.31812,-4.957108308954241e-27,1.1799836694485298e-27,-5.447129896571627e-27,-7.338865002174144e-25,-9.830633139570447e-25,4.931445718460985e-25,2.1944211193097005e-34,6.115923244367035e-33,1.3844166956481002e-32,-1.7583535574119775e-30,5.6735572914613005e-31,-2.0351693161958746e-31,-1.0284274458885192,0.04922001250088215,-0.3606898248195648,106.34439086914062,214.44459838867186,-28.077220344543456,0.0,0.0,0.0,0.0,0.0,0.0,-2.5190454919481883e-16,4.276043578627399e-16,1.1967195622153067e-15,-6.923996491718828e-14,-3.9505729688017047e-13,-1.9339205529957798e-14
732,7.32,3310.8945,868.0059,3317.53,451.075,3283.197,75.40855,-1.1048147765897854e-27,7.919400290530247e-28,1.9614632477405927e-27,4.079384315860746e-25,4.223607132930438e-25,-4.072176806540765e-26,9.994474954795934e-35,4.036805227169341e-33,8.880786278597059e-33,-1.1367361203581616e-30,3.7335510843416118e-31,-1.4751631256774133e-31,-1.0271256804466247,0.052139367908239365,-0.3703154236078262,104.38441696166993,210.34234771728515,-27.044543647766112,0.0,0.0,0.0,0.0,0.0,0.0,-2.5516513635082525e-16,4.3430953420067597e-16,1.2166325550635147e-15,-7.256795194593955e-14,-4.0065982487031554e-13,-2.0435160453993045e-14
733,7.33,3313.7712,868.9235,3312.78,451.758,3283.4946,75.53842,1.0522381445735963e-27,4.668046754714925e-28,5.4623413438659346e-27,9.307612097825481e-25,1.0785186290716467e-24,-3.089408049856093e-25,2.2626937831353164e-35,2.3274473517871454e-33,4.9199243047729735e-33,-6.3679269296473955e-31,2.143818307721756e-31,-9.532920819119868e-32,-1.0248844146728515,0.05769360922276974,-0.36923656761646273,103.21564407348633,204.87647857666016,-26.148624229431153,0.0,0.0,0.0,0.0,0.0,0.0,-2.1640990485536826e-16,3.6893977708423715e-16,1.0340933550401871e-15,-6.278126110615626e-14,-3.4005480722965054e-13,-1.7760924804174124e-14
734,7.34,3316.7197,869.40515,3308.43,452.23,3283.7551,75.63045,1.99529689504761e-27,2.255554395113067e-28,6.397978525706664e-27,1.0522650817660971e-24,1.245209582763426e-24,-3.9798430550119117e-25,-2.0738118115912652e-35,1.0791896067753707e-33,2.1024812061925777e-33,-2.7866968969929626e-31,9.862045895489227e-32,-5.337357696298086e-32,-1.0239386796951293,0.06341514736413956,-0.3549374848604202,103.14546737670898,198.71784057617188,-26.163216590881348,0.0,0.0,0.0,0.0,0.0,0.0,-1.6217878054957827e-16,2.768461251879693e-16,7.763180893093758e-16,-4.7797901162223434e-14,-2.5498963563460457e-13,-1.3570696097490705e-14
735,7.35,3319.6306,869.678,3304.61,452.387,3284.831,76.46411,2.164326714395739e-27,6.569292708015571e-29,5.865552765909083e-27,9.480390927781122e-25,1.1336586751438179e-24,-3.8073323638083356e-25,-3.976312827691637e-35,2.659613489324472e-34,3.197664105533952e-34,-5.025982048306846e-32,2.343463763078349e-32,-2.3330165391274944e-32,-1.0242790699005127,0.0680401273071766,-0.324086332321167,104.11183700561523,192.54658050537108,-27.567094993591308,0.0,0.0,0.0,0.0,0.0,0.0,-1.0857870240693764e-16,1.8559607310854137e-16,5.206806262113378e-16,-3.2515104229414485e-14,-1.7081901485752754e-13,-9.264466228680809e-15
736,7.36,3322.2637,869.6779,3301.45,452.482,3284.9492,75.84038,1.908338288422909e-27,-2.6965114046394015e-29,4.662182201737768e-27,7.441916022286848e-25,8.966297030470089e-25,-3.11527659852723e-25,-4.325064638932117e-35,-1.9458429794022837e-34,-6.481013004781699e-34,7.52200286826705e-32,-1.89615054723042e-32,-4.176135984825131e-33,-1.0237483978271484,0.0710662268102169,-0.28648570477962493,104.92440185546874,188.25346832275392,-29.947494506835938,0.0,0.0,0.0,0.0,0.0,0.0,-6.3796620395274e-17,1.0923929016761148e-16,3.0665067879696226e-16,-1.949992139196324e-14,-1.004461006829261e-13,-5.58090586480378e-15
737,7.37,3324.474,869.58264,3299.04,452.523,3285.0383,76.218994,1.4742432412001998e-27,-7.036441926937436e-29,3.304296743318595e-27,5.213903577854998e-25,6.326018727917785e-25,-2.2655787772734287e-25,-3.819157526879944e-35,-4.006995572053251e-34,-1.0433682898781831e-33,1.2785965254000006e-31,-3.776953186347771e-32,6.34026202495315e-33,-1.020203983783722,0.07142804861068726,-0.25607583671808243,104.9630630493164,187.44620056152343,-32.45530624389649,0.0,0.0,0.0,0.0,0.0,0.0,-3.064740697804818e-17,5.264431395822746e-17,1.479422213490424e-16,-9.713764479398248e-15,-4.832314459874993e-14,-2.8013975721683047e-15
738,7.38,3326.127,869.3704,3298.24,452.443,3284.7112,76.17472,1.0172986914870884e-27,-8.154340018695987e-29,2.0820809739007503e-27,3.2414205355641474e-25,3.9652036455037564e-25,-1.4694155099123025e-25,-2.9536971134193354e-35,-4.4325109353974875e-34,-1.0814019238778167e-33,1.3468218883833079e-31,-4.1461313225430796e-32,1.0746238140660442e-32,-1.015932071208954,0.06913231685757637,-0.24262877255678178,103.94675521850586,190.13422241210938,-34.38871955871582,0.0,0.0,0.0,0.0,0.0,0.0,-8.735985133369552e-18,1.5184586826718364e-17,4.284493668644714e-17,-3.1396151280894274e-15,-1.3848971471663158e-14,-9.274511420042403e-16
739,7.39,3327.3848,869.12164,3298.7,452.342,3284.5693,76.20845,6.210044298025515e-28,-7.437378170900082e-29,1.123335637178087e-27,1.7129602536842976e-25,2.1222596989782814e-25,-8.269536363164778e-26,-2.0403868191363444e-35,-3.949072743533372e-34,-9.29613965858233e-34,1.1685097749786847e-31,-3.67908672826081e-32,1.1310271480785273e-32,-1.0136413812637328,0.06613305285573005,-0.24759115278720856,101.82681655883789,195.3053237915039,-35.12100830078125,0.0,0.0,0.0,0.0,0.0,0.0,3.921619334973984e-18,-6.494376193406758e-18,-1.8016218445018342e-17,7.402487106159006e-16,6.082300479895401e-15,1.8364683936585302e-16
740,7.4,3328.379,868.8342,3300.25,452.139,3284.6003,76.122,3.187101623975647e-28,-5.889997460801935e-29,4.520648932353904e-28,6.551435861007181e-26,8.377861078666256e-26,-3.653731201600316e-26,-1.2471786782189043e-35,-3.07458645052443e-34,-7.042156056845472e-34,8.916099848056249e-32,-2.85581613820673e-32,9.808268439532327e-33,-1.0129512190818786,0.06380830705165863,-0.26196742951869967,99.81459274291993,201.45987243652343,-34.66115303039551,0.0,0.0,0.0,0.0,0.0,0.0,9.81248800177123e-18,-1.6619019111035684e-17,-4.647419443643763e-17,2.6191226040728732e-15,1.5373060829426515e-14,7.262013150483102e-16
741,7.41,3329.3218,868.6118,3303.04,451.858,3284.4321,75.91482,1.126792228834725e-28,-4.160564039831487e-29,3.5066244577910765e-29,7.0895131774856495e-28,4.417710264770995e-27,-6.99960600100504e-27,-6.414521861333376e-36,-2.1374765569332075e-34,-4.766610835184286e-34,6.078642095729241e-32,-1.9797223732034282e-32,7.481302948593523e-33,-1.0151176571846008,0.06030576303601265,-0.2730127364397049,99.09791793823243,207.01080169677735,-33.49722480773926,0.0,0.0,0.0,0.0,0.0,0.0,1.1288451349604098e-17,-1.919469468142973e-17,-5.37515114208697e-17,3.170775130290396e-15,1.7717139130031707e-14,8.902709563628018e-16
742,7.42,3330.3542,868.6855,3305.81,451.825,3284.062,75.98098,-1.1177577374979634e-29,-2.611506672299801e-29,-1.8503410940781743e-28,-3.2745463487998207e-26,-3.711311761446111e-26,9.306544389997704e-27,-2.2816593951018558e-36,-1.3166390454940778e-34,-2.8405489231890707e-34,3.6555781342881505e-32,-1.2152745490220522e-32,5.0986226253771913e-33,-1.0241513133049012,0.05300610326230526,-0.272272115945816,100.29182586669921,210.47691345214844,-32.243405723571776,0.0,0.0,0.0,0.0,0.0,0.0,1.0259089597369634e-17,-1.7478327170426087e-17,-4.897833484843166e-17,2.9521651804390103e-15,1.6115744907996536e-14,8.336143465951043e-16
743,7.43,3331.5764,868.80927,3308.52,451.821,3283.675,75.911026,-7.313015096601165e-29,-1.4007114926138457e-29,-2.689546891381062e-28,-4.476884460446548e-26,-5.259968777614684e-26,1.6221291481351662e-26,2.0622466268764067e-37,-6.856908713977656e-35,-1.3994932998945876e-34,1.8296697405559557e-32,-6.294006010007606e-33,3.0648306968909448e-33,-1.0394746661186218,0.042984149605035785,-0.25297559052705765,103.15392227172852,211.70392608642578,-31.21838035583496,0.0,0.0,0.0,0.0,0.0,0.0,8.103859675296695e-18,-1.382569478524995e-17,-3.876158159558341e-17,2.3718991612852314e-15,1.2738177568007375e-14,6.723723977200791e-16
744,7.44,3332.7222,868.89215,3310.71,451.801,3284.3306,75.7929,-9.341644833975676e-29,-5.5581005842698634e-30,-2.6951358919314252e-28,-4.386086601070489e-26,-5.223265021032135e-26,1.7208513310083244e-26,1.4535514805189476e-36,-2.52418246201517e-35,-4.363169496524768e-35,6.0032384824530894e-33,-2.2823805605990995e-33,1.5328091390529978e-33,-1.0561379551887513,0.03365763984620571,-0.2160371348261833,107.16103286743164,211.84926147460936,-30.603112411499023,0.0,0.0,0.0,0.0,0.0,0.0,5.7108877881364216e-18,-9.755649692186691e-18,-2.73630519451929e-17,1.6975101422303735e-15,8.981977098529827e-15,4.828717727164473e-16
745,7.45,3334.3372,868.96234,3312.59,451.763,3284.1858,75.979774,-8.905113191668999e-29,-3.3040054769021276e-31,-2.2709472938970845e-28,-3.6443637402772886e-26,-4.376716166111628e-26,1.4989619068498787e-26,1.8649693375600894e-36,1.0496012394035272e-36,1.283703872007212e-35,-1.2729453994510657e-33,1.432417863511788e-34,5.01706474953904e-34,-1.0695956110954286,0.02788309082388878,-0.170813150703907,110.13412094116211,211.40398406982422,-30.48320827484131,0.0,0.0,0.0,0.0,0.0,0.0,3.574783026288261e-18,-6.115776195727908e-18,-1.7162685802023815e-17,1.0815572062285845e-15,5.6261692302743286e-15,3.0886003718493304e-16
746,7.46,3336.1072,868.9628,3313.79,451.818,3283.904,76.08187,-7.269438945494149e-29,2.4115809309351117e-30,-1.6928559728921827e-28,-2.685274632763272e-26,-3.2476480254170916e-26,1.1472793259515138e-26,1.7811238165537688e-36,1.4410099050016223e-35,3.985581353839975e-35,-4.814800249055119e-33,1.3685154456099012e-33,-1.0829007813421046e-34,-1.077539873123169,0.026108647882938384,-0.1229180134832859,111.10619049072265,209.67096710205078,-30.723880577087403,0.0,0.0,0.0,0.0,0.0,0.0,1.909316415490071e-18,-3.273988743380218e-18,-9.19509151814089e-18,5.93271643605585e-16,3.008114014769938e-15,1.7039064982966745e-16
747,7.47,3337.4382,868.8449,3314.65,451.679,3284.5186,76.08256,-5.275996309315459e-29,3.440184839997855e-30,-1.127185256969595e-28,-1.7663263272254378e-26,-2.1521340525112516e-26,7.845454585871838e-27,1.4557535414618813e-36,1.9000626401844145e-35,4.7441399692316527e-35,-5.8741273992149515e-33,1.78206157649918e-33,-4.049710580162611e-34,-1.0812743425369262,0.025858771428465842,-0.08473946303129196,111.01458587646485,206.14867248535157,-31.392988014221192,0.0,0.0,0.0,0.0,0.0,0.0,7.498964791024053e-19,-1.293114882142503e-18,-3.6387717952804385e-18,2.4804273408238436e-16,1.1844791049764026e-15,7.214916596603436e-17
748,7.48,3338.5903,868.4404,3315.07,451.402,3285.4312,76.095245,-3.4143590523159386e-29,3.424274100781509e-30,-6.575395302924588e-29,-1.0136443472696906e-26,-1.2474758390119795e-26,4.73603568324079e-27,1.0576772206497443e-36,1.8351642313144113e-35,4.3826710367705466e-35,-5.488347712221942e-33,1.7124484153344002e-33,-4.93441414609098e-34,-1.0834220767021179,0.025951790250837804,-0.0681995503604412,110.34900207519532,201.6184097290039,-32.485817527771,0.0,0.0,0.0,0.0,0.0,0.0,3.4553772511221793e-20,-6.906102420102057e-20,-2.034813769699313e-19,3.111991082463001e-17,5.853813807414494e-17,1.0171817513931435e-17
749,7.49,3339.745,868.09863,3315.3,451.194,3286.0742,76.21269,-1.9155251229090114e-29,2.8734867811331003e-30,-3.117170427600935e-29,-4.657736269498348e-27,-5.84361719421449e-27,2.3857948972308183e-27,6.852720778589463e-37,1.5109790466652297e-35,3.502230445875239e-35,-4.420196934122853e-33,1.4052827783201115e-33,-4.607695730937746e-34,-1.084799313545227,0.02730203289538622,-0.07525078877806664,108.56510620117187,196.98061981201172,-33.58973274230957,0.0,0.0,0.0,0.0,0.0,0.0,-3.3896198869391844e-19,5.716521575701792e-19,1.596202549148243e-18,-8.541704670756163e-17,-5.300290059188724e-16,-2.3327034415552112e-17
750,7.5,3340.7302,867.7004,3315.36,451.069,3286.373,76.2336,-8.40853099351102e-30,2.134784144630037e-30,-8.439914285265544e-30,-1.1009143284977796e-27,-1.505961815992257e-27,7.985601604585506e-28,3.850849993374138e-37,1.1047615539602376e-35,2.4942938321032006e-35,-3.1702255020185716e-33,1.0245700689098712e-33,-3.709477446764901e-34,-1.08414945602417,0.03181706424802542,-0.10444640889763832,105.33297805786133,193.28303070068358,-34.34521484375,0.0,0.0,0.0,0.0,0.0,0.0,-4.77423079344922e-19,8.107136023965683e-19,2.2692014104508777e-18,-1.31839804737405e-16,-7.48857037637419e-16,-3.6865696535629425e-17
751,7.51,3341.7168,867.41846,3315.35,451.038,3286.4165,76.291435,-1.5470002655832831e-30,1.4164528910544075e-30,4.59285133267901e-30,9.035016660861308e-28,9.643720132775636e-28,-1.4460233670183821e-28,1.6962060757724082e-37,7.207069834177106e-36,1.5804759745123815e-35,-2.0247757215115465e-33,6.663445342884377e-34,-2.6595542697787465e-34,-1.0805562376976012,0.040010275691747664,-0.14450713545083999,101.19074249267578,191.19772186279297,-34.54451713562012,0.0,0.0,0.0,0.0,0.0,0.0,-4.730094659011287e-19,8.052460574548059e-19,2.2558845677308407e-18,-1.3483310932341633e-16,-7.427811432518218e-16,-3.7989635141252996e-17
752,7.52,3342.6873,867.16205,3315.41,451.041,3286.1897,76.280266,2.228358601302951e-30,8.22427480249138e-31,1.0570376898887947e-29,1.7915977944729838e-27,2.0825353007746312e-27,-6.069416889790993e-28,3.1887558293202455e-38,4.089113919206989e-36,8.598829460310364e-36,-1.1146064801474786e-33,3.7645198090300365e-34,-1.6979479578330381e-34,-1.074630117416382,0.05107037536799908,-0.18606632500886916,96.30728530883789,190.34099578857422,-34.46626205444336,0.0,0.0,0.0,0.0,0.0,0.0,-3.957868565935044e-19,6.74835884686508e-19,1.8915716232522492e-18,-1.150078598241211e-16,-6.2195600143579e-16,-3.254815983047091e-17
753,7.53,3343.4873,867.1316,3315.49,451.102,3285.8662,76.09806,3.817663121820915e-30,3.864845010630717e-31,1.1970831904276816e-29,1.964627154018023e-27,2.3278320229576927e-27,-7.486387538899085e-28,-4.4028266236578233e-38,1.8369900931695875e-36,3.528864371993508e-36,-4.697111361771974e-34,1.6765204579111302e-34,-9.341536286138377e-35,-1.066475522518158,0.06299512833356857,-0.22641017735004426,91.11240997314454,189.1592987060547,-34.59387359619141,0.0,0.0,0.0,0.0,0.0,0.0,-2.9334085050648104e-19,5.008077570201923e-19,1.4044008924726375e-18,-8.658401624126694e-17,-4.612385221268149e-16,-2.4591049936775006e-17
754,7.54,3344.1738,866.9185,3315.34,451.055,3285.4873,76.044136,4.030416126494885e-30,1.0095258751089346e-31,1.0794493078312898e-29,1.742340479845528e-27,2.0851740751693346e-27,-7.0291393663302415e-28,-7.610999923499571e-38,3.871983959226143e-37,3.6121677199741124e-37,-6.3486341976289e-35,3.365976564538565e-35,-3.931615329418544e-35,-1.056870973110199,0.07359457015991211,-0.2686702772974968,86.05036544799805,186.93123626708984,-35.42221603393555,0.0,0.0,0.0,0.0,0.0,0.0,-1.941508444453772e-19,3.3191443055448193e-19,9.312162245478912e-19,-5.82402099927389e-17,-3.0546350918182615e-16,-1.660052277351257e-17
755,7.55,3345.0847,866.87,3315.23,451.067,3285.246,75.954895,3.5012275093196716e-30,-6.194892010786377e-32,8.478805619306003e-30,1.351888314794996e-27,1.629916447494512e-27,-5.680068436672991e-28,-8.055571109876484e-38,-4.200670399847103e-37,-1.3257605042699668e-36,1.5557428673857039e-34,-4.061227443016903e-35,-5.2524315020521285e-36,-1.0472782969474792,0.08118161261081695,-0.3083828568458557,82.29680557250977,184.43892517089844,-36.181117630004884,0.0,0.0,0.0,0.0,0.0,0.0,-1.1235342810326255e-19,1.9242532888548538e-19,5.402068555647029e-19,-3.442886496813169e-17,-1.7691505213130273e-16,-9.858958264121908e-18
756,7.56,3345.9624,866.89087,3315.38,451.138,3286.4333,75.35302,2.67416719424496e-30,-1.359447179663823e-31,5.943866270537407e-30,9.367858594226358e-28,1.1374163324834457e-27,-4.085929180864784e-28,-7.007836335007189e-38,-7.688386126724462e-37,-1.9836258925963916e-36,2.436280666153695e-34,-7.238957435854509e-35,1.3105479902046363e-35,-1.0396135568618774,0.08573140427470208,-0.33667423725128176,80.82852096557617,183.3589630126953,-35.879025268554685,0.0,0.0,0.0,0.0,0.0,0.0,-5.246581606447846e-20,9.01676349885537e-20,2.534346411326266e-19,-1.6722534312687917e-17,-8.274399204401733e-17,-4.828232080327856e-18
757,7.57,3346.6333,866.937,3315.38,451.023,3284.5,76.16192,1.824907113521636e-30,-1.524737719132382e-31,3.697802514381693e-30,5.747770074229052e-28,7.037953432868978e-28,-2.6183064538486866e-28,-5.358338765642389e-38,-8.264518174582959e-37,-2.007774448853403e-36,2.5032665331595395e-34,-7.726819045103193e-35,2.0473879555831338e-35,-1.0344955921173096,0.0881247840821743,-0.35238202214241027,81.47982406616211,184.20330047607422,-35.074282836914065,0.0,0.0,0.0,0.0,0.0,0.0,-1.3340325955555375e-20,2.3268807745832623e-20,6.57330975391782e-20,-4.962901168255764e-18,-2.1182026615713224e-17,-1.4748768228338233e-18
758,7.58,3347.3484,866.9099,3315.23,450.962,3284.663,76.36942,1.098796861510231e-30,-1.3681730270442426e-31,1.9562693313305465e-30,2.974475226626029e-28,3.691778589949322e-28,-1.4483316617652048e-28,-3.660611810199904e-38,-7.25136180698818e-37,-1.7020521449884535e-36,2.14106954036433e-34,-6.75344985735828e-35,2.102064987634975e-35,-1.031212830543518,0.08866775557398796,-0.3584731906652451,82.90982360839844,185.52045135498048,-34.457906341552736,0.0,0.0,0.0,0.0,0.0,0.0,8.903427296739319e-21,-1.4837438419556352e-20,-4.1254354192696745e-20,1.873782536785095e-18,1.3847761151578782e-17,4.841128637748534e-19
759,7.59,3347.827,866.9614,3315.3,450.869,3284.5747,76.439415,5.511041083229891e-31,-1.0708241431877103e-31,7.502734435232072e-31,1.0763005056594484e-28,1.3851977041099984e-28,-6.16886290839666e-29,-2.207088395447119e-38,-5.5810660537119935e-37,-1.2750567726263039e-36,1.6154526941267284e-34,-5.182522535956111e-35,1.79710844831502e-35,-1.0288467764854432,0.0874597392976284,-0.357314133644104,84.4776123046875,185.69672698974608,-34.0972095489502,0.0,0.0,0.0,0.0,0.0,0.0,1.8936920574547937e-20,-3.2091821687045076e-20,-8.97618395670808e-20,5.094309634286079e-18,2.967614324875311e-17,1.4152931550799475e-18
760,7.6,3348.387,866.99207,3315.29,450.868,3284.554,76.242386,1.8199226354384854e-31,-7.481595955254145e-32,1.0907882132083541e-32,-7.084916079004895e-30,-2.1021943325267946e-30,-9.136140245322547e-30,-1.1095280854843503e-38,-3.8373458482292556e-37,-8.533275650920338e-37,1.0890449605962144e-34,-3.5530788130443644e-35,1.355444678233966e-35,-1.0255857944488525,0.08417149260640144,-0.3537505179643631,86.9728874206543,184.8329849243164,-34.01496467590332,0.0,0.0,0.0,0.0,0.0,0.0,2.1098411369808622e-20,-3.5883935724094816e-20,-1.0049529125159884e-19,5.9440249628307664e-18,3.3117368618003764e-17,1.6701173303946924e-18
761,7.61,3348.8616,867.03326,3315.39,450.888,3284.4917,76.25393,-3.6752059098850323e-32,-4.6359881773319404e-32,-3.7122065989787027e-31,-6.498257144290295e-29,-7.411842807435248e-29,1.9349557022241488e-29,-3.6902558868491255e-39,-2.332154319821869e-37,-5.0113384555132955e-37,6.456434778219292e-35,-2.1517263523176659e-35,9.134305700843653e-36,-1.0205268859863281,0.07991249486804008,-0.34100396037101743,90.57946548461913,183.74385681152344,-34.095563888549805,0.0,0.0,0.0,0.0,0.0,0.0,1.8867289738429444e-20,-3.214888761734715e-20,-9.009338325011486e-20,5.43932488934363e-18,2.9640172141763385e-17,1.5365807251036738e-18
762,7.62,3349.268,867.0856,3315.61,450.873,3286.4346,75.4278,-1.4347135069547422e-31,-2.4373299519005022e-32,-5.090013542789375e-31,-8.447367491210209e-29,-9.942583064687791e-29,3.0939235202998643e-29,7.0434319504421515e-40,-1.188193349105926e-37,-2.4052348933852755e-37,3.152085102727043e-35,-1.0897801855339479e-35,5.412765955818974e-36,-1.0150379061698913,0.07728312388062478,-0.30819294452667234,94.91867218017578,183.21881561279298,-33.86419410705567,0.0,0.0,0.0,0.0,0.0,0.0,1.4729727629236514e-20,-2.5132995631969813e-20,-7.04656927086357e-20,4.3177581414084926e-18,2.315446865790579e-17,1.2243941489080329e-18
763,7.63,3349.6548,866.9863,3315.93,450.812,3284.4314,76.2229,-1.7564383644329907e-31,-9.199177592788112e-33,-4.992338801953561e-31,-8.111628489763379e-29,-9.669161679378052e-29,3.199951982269458e-29,2.8537350740276253e-39,-4.1135285416849805e-38,-6.832797060971755e-38,9.52541914222653e-36,-3.707302642310241e-36,2.6403593187495672e-36,-1.0103533625602723,0.07586376816034317,-0.2582983747124672,99.52166519165038,183.06851196289062,-32.528129959106444,0.0,0.0,0.0,0.0,0.0,0.0,1.0266937651792049e-20,-1.7540844233889577e-20,-4.920153098461892e-20,3.0565369603718947e-18,1.6148608610430044e-17,8.697615492116636e-19
764,7.64,3350.0737,866.84485,3316.24,450.787,3284.499,76.13796,-1.6436437217152337e-31,6.551396096379169e-35,-4.1510127391590216e-31,-6.653545146540136e-29,-7.996337989949984e-29,2.7474473089497974e-29,3.5073919023187476e-39,5.3509812200294814e-39,3.109288403603155e-38,-3.30050039364154e-36,5.796250936875279e-37,7.955842458201358e-37,-1.0075319290161133,0.07377776131033897,-0.1996569201350212,103.2745231628418,182.66468353271483,-29.85316734313965,0.0,0.0,0.0,0.0,0.0,0.0,6.3439815748536045e-21,-1.0855242155151045e-20,-3.046487568313147e-20,1.923313831398844e-18,9.985260720006814e-18,5.494844667861881e-19
765,7.65,3350.4377,866.66693,3316.46,450.675,3285.1624,76.03207,-1.3251639692066957e-31,4.821773134607403e-33,-3.060396015882773e-31,-4.849064946299067e-29,-5.868599566618098e-29,2.0792825976915555e-29,3.2879233394331234e-39,2.8420044822841155e-38,7.73175496894879e-38,-9.376386938575373e-36,2.693383340569157e-36,-2.7960999792782046e-37,-1.0062518477439881,0.07097185999155045,-0.14498055800795556,105.37063827514649,181.27538604736327,-26.776498222351073,0.0,0.0,0.0,0.0,0.0,0.0,3.3203886049059494e-21,-5.695438572348038e-21,-1.599757078010998e-20,1.0355125173429222e-18,5.232009356882016e-18,2.9763370204319017e-19
766,7.66,3350.7812,866.56146,3316.9,450.657,3285.0696,76.25623,-9.513256679421572e-32,6.504800652848049e-33,-2.014336582298596e-31,-3.152298426821586e-29,-3.8439656523957054e-29,1.406037343425331e-29,2.654012207802802e-39,3.5785604601795215e-38,8.884839082106331e-38,-1.1016645453452721e-35,3.354116077023671e-36,-7.884857722673134e-37,-1.0050841927528382,0.06883745267987251,-0.10903019085526466,105.68741607666016,178.95505981445314,-24.29593734741211,0.0,0.0,0.0,0.0,0.0,0.0,1.2386242528637697e-21,-2.1382597528940436e-21,-6.019278247354771e-21,4.146584290918671e-19,1.9574334910427655e-18,1.2089537461474647e-19
767,7.67,3351.1177,866.37335,3317.33,450.575,3284.871,76.193665,-6.082430802184018e-32,6.339977022674374e-33,-1.1569574925740152e-31,-1.7798151765551665e-29,-2.193196223104318e-29,8.368589124871208e-30,1.9073199514786874e-39,3.3904658488713585e-38,8.070227234462919e-38,-1.0114881004732639e-35,3.162575320785559e-36,-9.253589607113084e-37,-1.0019854784011841,0.06918182149529457,-0.10756429955363274,104.48254928588867,177.2181182861328,-23.125336837768554,0.0,0.0,0.0,0.0,0.0,0.0,-2.870284461147983e-23,3.071503649585298e-23,6.830541632245565e-23,2.952621794275272e-20,-3.749007571222201e-20,1.0807578396707573e-20
768,7.68,3351.3672,866.2345,3317.78,450.552,3285.0342,76.0854,-3.3534811701398895e-32,5.2505600824009705e-33,-5.325115657318241e-32,-7.916541619172098e-30,-9.963549964338099e-30,4.114128100928807e-30,1.2209216444387695e-39,2.7564478542201477e-38,6.37232646195892e-38,-8.048151216571263e-36,2.5628951629726642e-36,-8.491495701788351e-37,-0.9945885360240936,0.07074845358729362,-0.1407805748283863,103.21016311645508,177.8753890991211,-23.36860580444336,0.0,0.0,0.0,0.0,0.0,0.0,-6.76188505449115e-22,1.1417753325241302e-21,3.1895151014578142e-21,-1.733011412441627e-19,-1.057928305442012e-18,-4.7544621009250435e-20
769,7.69,3351.6868,865.9878,3318.13,450.471,3284.9597,76.08824,-1.4180656695976093e-32,3.858070356037652e-33,-1.268566962949023e-32,-1.578065722473255e-30,-2.2270611752741066e-30,1.27331404421749e-30,6.7430888479864855e-40,1.9934691326112796e-38,4.489022608159124e-38,-5.7095393210622154e-36,1.8482529993085515e-36,-6.753862467785335e-37,-0.9848626792430878,0.07132581770420074,-0.19040168225765228,103.27132110595703,181.86602935791015,-24.45432243347168,0.0,0.0,0.0,0.0,0.0,0.0,-9.021697958365644e-22,1.5324879455350246e-21,4.2899607262607734e-21,-2.5019402408116114e-19,-1.4153024918811118e-18,-7.003274766849515e-20
770,7.7,3352.0488,865.80444,3318.43,450.399,3285.1707,76.00497,-1.9760055996560823e-33,2.5303013098825937e-33,1.0195220222962802e-32,1.9331065066701925e-30,2.106220337201666e-30,-3.900372963810874e-31,2.8623006510206574e-40,1.285040353803433e-38,2.808753028985198e-38,-3.601616595542831e-36,1.1877036378921178e-36,-4.7896559083163645e-37,-0.9763682901859283,0.07110316008329391,-0.23776399493217468,104.90633087158203,188.6228500366211,-25.95588836669922,0.0,0.0,0.0,0.0,0.0,0.0,-8.75480690184022e-22,1.4906737636220773e-21,4.176359020574622e-21,-2.5010994892671337e-19,-1.3749047692023388e-18,-7.050557573885782e-20
771,7.71,3352.2886,865.652,3318.57,450.341,3285.259,75.99706,4.616342603097548e-33,1.446225577167038e-33,2.0351822848373e-32,3.433273177717845e-30,4.001927334414006e-30,-1.1840194872442815e-30,4.120994575824995e-41,7.169329789281412e-39,1.4991946183799672e-38,-1.946397136668778e-36,6.596538890982567e-37,-3.020127932964218e-37,-0.9702267169952392,0.07157585024833679,-0.27283276319503785,108.01990432739258,196.15901641845704,-27.692053985595702,0.0,0.0,0.0,0.0,0.0,0.0,-7.230229072861125e-22,1.2329523656744249e-21,3.456136698244144e-21,-2.1043495592111308e-19,-1.1362564933371016e-18,-5.957673074584025e-20
772,7.72,3352.5056,865.5027,3318.72,450.278,3287.1748,75.22652,7.276581423848206e-33,6.593086220351405e-34,2.2352451491461557e-32,3.6610746353761266e-30,4.3431247072034566e-30,-1.4049030195886518e-30,-9.138175571524283e-41,3.1104110538678486e-39,5.878745814675202e-39,-7.863736948644872e-37,2.8344769507596955e-37,-1.631150144363641e-37,-0.9668890714645386,0.07366423159837723,-0.2861365705728531,112.68529510498047,202.7767547607422,-29.425837516784668,0.0,0.0,0.0,0.0,0.0,0.0,-5.300158058372195e-22,9.049855420677082e-22,2.5379354413753825e-21,-1.5667738617773826e-19,-8.334249214490081e-19,-4.451351523601275e-20
773,7.73,3352.7747,865.5029,3318.88,450.248,3285.418,75.95855,7.492234017498613e-33,1.499712503697125e-34,1.9839855091781964e-32,3.1981530358076146e-30,3.830469201781598e-30,-1.2959293612250503e-30,-1.4511930974455666e-40,5.292488499791328e-40,2.5851658537311383e-40,-6.494023460235857e-38,4.497699013847699e-38,-6.580619949851246e-38,-0.9649753332138061,0.0763428546488285,-0.27427168786525724,118.20458374023437,207.96490478515625,-31.255251312255858,0.0,0.0,0.0,0.0,0.0,0.0,-3.467296644050546e-22,5.92846549881091e-22,1.6633706982195014e-21,-1.041926838996646e-19,-5.455572174480001e-19,-2.9710066911828297e-20
774,7.74,3352.9036,865.4946,3318.9,450.262,3285.437,75.95451,6.415986764918847e-33,-1.3584447559176663e-34,1.5403365438614732e-32,2.4532113078723078e-30,2.9597443873252532e-30,-1.034513401282971e-30,-1.4977176077596147e-40,-8.82610079832529e-40,-2.674028775456757e-39,3.165241446938326e-37,-8.484202386091855e-38,-5.3135837870031204e-39,-0.9632727086544037,0.077151820063591,-0.24688522070646285,122.57490463256836,211.53571624755858,-33.275993728637694,0.0,0.0,0.0,0.0,0.0,0.0,-1.9748794119998636e-22,3.383116173516483e-22,9.498379618036856e-22,-6.067945717577948e-20,-3.110030746095335e-19,-1.738598576424135e-20
775,7.75,3353.068,865.5367,3318.82,450.286,3285.3552,75.82732,4.8456022785426925e-33,-2.613697684140192e-34,1.0680035841658466e-32,1.681212906729661e-30,2.04276733081942e-30,-7.3608983229564875e-31,-1.284329278910696e-40,-1.4691490557077319e-39,-3.7590903298838426e-39,4.626298048856133e-37,-1.3818950432217181e-37,2.665151367516459e-38,-0.961808305978775,0.07250550016760826,-0.2208264797925949,123.1322135925293,213.71172943115235,-35.30389289855957,0.0,0.0,0.0,0.0,0.0,0.0,-8.941035643385798e-23,1.537466232137708e-22,4.322198863798547e-22,-2.867700088325211e-20,-1.4104534441005218e-19,-8.290365425068939e-21
776,7.76,3353.2163,865.60016,3318.72,450.285,3285.3308,75.77519,3.269825615908324e-33,-2.845359863408551e-34,6.557574802336003e-33,1.0176228499093955e-30,1.2472954265614741e-30,-4.659134960020888e-31,-9.710325734508106e-41,-1.5381233483291887e-39,-3.721693457376867e-39,4.644937425984543e-37,-1.4373944778361968e-37,3.8874374702829264e-38,-0.9599409222602844,0.061081237718462945,-0.20457535982131958,118.81279907226562,214.37084350585937,-36.816552734375,0.0,0.0,0.0,0.0,0.0,0.0,-1.9637222843990456e-23,3.4426520775632384e-23,9.741940908462161e-23,-7.667805405566787e-21,-3.125322079196515e-20,-2.2970426603953385e-21
777,7.77,3353.2256,865.6212,3318.59,450.264,3287.0615,75.00647,1.940968006883107e-33,-2.513680747300478e-34,3.397492108424798e-33,5.14959041767549e-31,6.403857607192144e-31,-2.530816144816843e-31,-6.559772384181977e-41,-1.3298828295188135e-39,-3.1127234765936777e-39,3.918501185590774e-37,-1.2381815160965721e-37,3.900294832108615e-38,-0.9582449853420257,0.04576193504035473,-0.20064536035060881,110.69224700927734,212.3667419433594,-37.68758316040039,0.0,0.0,0.0,0.0,0.0,0.0,1.9372389912156118e-23,-3.241824552648908e-23,-9.027068214174914e-23,4.356347125150853e-21,3.018661260974477e-20,1.1504776557021526e-21
778,7.78,3353.3184,865.58185,3318.38,450.274,3285.3545,75.65741,9.497163840334579e-34,-1.9447222419660456e-34,1.2332867821211716e-33,1.747418378978637e-31,2.2665973526015843e-31,-1.0347797130546329e-31,-3.899351197722739e-41,-1.0120148082086078e-39,-2.306177278703164e-39,2.9238383255594623e-37,-9.39487265491938e-38,3.2888944392689005e-38,-0.9588527619838715,0.02911852244287729,-0.2011229068040848,101.00442810058594,207.3466781616211,-37.85645751953125,0.0,0.0,0.0,0.0,0.0,0.0,3.6372954496845285e-23,-6.167265584532874e-23,-1.725322986954158e-22,9.852421614087815e-21,5.701382600141377e-20,2.7419090119739745e-21
779,7.79,3353.2214,865.4976,3318.27,450.229,3285.0684,75.61998,2.892325247868843e-34,-1.343840214360846e-34,-7.561003685702394e-35,-2.7987443960658505e-32,-2.2116247169879198e-32,-1.0110754442719542e-32,-1.912702338880159e-41,-6.881118148020944e-40,-1.5257823930135728e-39,1.948784787822404e-37,-6.369442813927093e-38,2.453165276001836e-38,-0.9610810279846191,0.013816940505057574,-0.19971928745508194,92.01484069824218,200.3074508666992,-37.347294616699216,0.0,0.0,0.0,0.0,0.0,0.0,3.935610332296437e-23,-6.695142587769825e-23,-1.8751650459298739e-22,1.1118937640910146e-20,6.178204304963806e-20,3.126216316772544e-21
780,7.8,3353.1907,865.4677,3318.28,450.157,3284.6978,75.78328,-9.64143233088762e-35,-8.217478824522625e-35,-7.3705033122763115e-34,-1.278558915458246e-31,-1.4660584399776109e-31,3.9528361318602126e-32,-5.875083941528229e-42,-4.124290429813087e-40,-8.825014792015437e-40,1.1383268148219832e-37,-3.8035786133993805e-38,1.6344880933576014e-38,-0.9630289614200592,0.002320495642197784,-0.20166944116353988,85.20575180053712,192.10718536376953,-36.317131423950194,0.0,0.0,0.0,0.0,0.0,0.0,3.4654655779826706e-23,-5.90583834272008e-23,-1.6551244133219768e-22,1.0008677001151363e-20,5.444544861712994e-20,2.828569327979206e-21
781,7.81,3353.058,865.4065,3318.27,450.096,3284.418,75.65263,-2.7955025791742442e-34,-4.229218485766759e-35,-9.605672208573298e-34,-1.58978033712129e-31,-1.8742437869199982e-31,5.880389448639613e-32,1.8740965661880105e-42,-2.052392177594843e-40,-4.116975651829312e-40,5.409740158949887e-38,-1.8807298927285847e-38,9.542565645475454e-39,-0.9645094513893128,-0.005127342464402318,-0.22150057703256607,81.10364608764648,184.04918975830077,-34.78081359863281,0.0,0.0,0.0,0.0,0.0,0.0,2.674449820312957e-23,-4.5639215087803996e-23,-1.2796479027485544e-22,7.851504589520217e-21,4.204352516947843e-20,2.2272241283928567e-21
782,7.82,3352.9878,865.37476,3318.2,450.071,3284.3252,75.57549,-3.2947604684009057e-34,-1.5071265045535133e-35,-9.233566808591114e-34,-1.4979899211716527e-31,-1.7872655157042091e-31,5.940315974320381e-32,5.563715422755254e-42,-6.611886674070217e-41,-1.0423474548972291e-40,1.479142387680095e-38,-5.934365732931644e-39,4.530945982991531e-39,-0.9691187918186188,-0.009408605564385653,-0.26222202777862547,79.67717514038085,177.4505584716797,-33.08825569152832,0.0,0.0,0.0,0.0,0.0,0.0,1.8436897198480527e-23,-3.1503247182472864e-23,-8.836973909043346e-23,5.497520868562129e-21,2.900068764293662e-20,1.564914455483901e-21
783,7.83,3352.8633,865.2949,3318.24,450.027,3284.3225,75.49203,-3.029547223760556e-34,1.3219229352004974e-36,-7.578993765783953e-34,-1.213396661531783e-31,-1.4593103265776194e-31,5.029860804975735e-32,6.580777848162206e-42,1.593444509753036e-41,7.047031886197003e-41,-7.774772281440357e-39,1.6291493143643395e-39,1.234245890886802e-39,-0.9788930773735046,-0.010062723606824874,-0.3070583254098892,80.15583648681641,172.71222686767578,-31.724865341186522,0.0,0.0,0.0,0.0,0.0,0.0,1.1241213625769138e-23,-1.9238437465031156e-23,-5.399543816543506e-23,3.4152847802229826e-21,1.769483723351018e-20,9.761869712184142e-22
784,7.84,3352.7139,865.2768,3318.31,450.061,3284.217,75.43847,-2.4130423137405142e-34,9.546672692086884e-36,-5.526776422526047e-34,-8.747031551862791e-32,-1.0593404273685244e-31,3.7644176264285263e-32,6.061176377590563e-42,5.562580370999151e-41,1.4918854035510949e-40,-1.8153203492575392e-38,5.2623098558039357e-39,-6.571886609406065e-40,-0.9925241708755493,-0.004364906108821742,-0.34088103771209716,81.34363403320313,170.33247833251954,-30.80570068359375,0.0,0.0,0.0,0.0,0.0,0.0,5.7578152439527875e-24,-9.879778503433947e-24,-2.7754046890890687e-23,1.802807116399855e-21,9.07415330591017e-21,5.18605643449101e-22
785,7.85,3352.5046,865.2794,3318.54,450.063,3283.893,75.47927,-1.7134891066562997e-34,1.226552755815634e-35,-3.59516202163875e-34,-5.618437820623842e-32,-6.856975285299232e-32,2.5168534377774157e-32,4.833358663149159e-42,6.723205824076181e-41,1.6604868321817283e-40,-2.0616282338641e-38,6.29780285926292e-39,-1.526365052915039e-39,-1.007843255996704,0.008831946551799775,-0.35529724657535555,83.2021469116211,170.46918334960938,-30.418476486206053,0.0,0.0,0.0,0.0,0.0,0.0,2.0242645327805653e-24,-3.499269040855078e-24,-9.855141943490396e-24,6.875269206223593e-22,3.200985618647158e-21,2.0100518419990864e-22
786,7.86,3352.3074,865.3003,3318.31,450.103,3283.9148,75.49059,-1.0820573756248267e-34,1.172080251458244e-35,-2.0316756368744706e-34,-3.118508533375031e-32,-3.848062277949988e-32,1.4761736467429373e-32,3.4354233151387214e-42,6.255032007145259e-41,1.4841166048648782e-40,-1.8617063552313735e-38,5.832513755350658e-39,-1.731589276780955e-39,-1.0219848155975342,0.026555226556956767,-0.34569678604602816,86.36475830078125,172.57657318115236,-30.35346927642822,0.0,0.0,0.0,0.0,0.0,0.0,-2.1738934470678796e-25,3.379580119953247e-25,9.15379900628638e-25,4.776815945111208e-24,-3.2795120844036355e-22,5.750566046107304e-24
787,7.87,3352.4102,865.372,3317.94,450.215,3284.021,75.51551,-5.857287517396798e-35,9.583296759701172e-36,-9.053353055363494e-35,-1.3381559897454124e-32,-1.6902367001979645e-32,7.068381758255599e-33,2.1721527495498988e-42,5.02301039731088e-41,1.1582082132260694e-40,-1.4638141723242008e-38,4.669233542332965e-39,-1.562583153153825e-39,-1.0324809789657592,0.04320394806563854,-0.3178058475255966,90.99719848632813,175.75455780029296,-30.117508697509766,0.0,0.0,0.0,0.0,0.0,0.0,-1.3362627976471004e-24,2.2586413791659245e-24,6.3117142046550375e-24,-3.472518448859228e-22,-2.0916063119621717e-21,-9.561825062692914e-23
788,7.88,3352.4377,865.4481,3317.85,450.291,3283.9866,75.66163,-2.375569864073e-35,6.965016290587197e-36,-1.8238144108152883e-35,-2.1013232604571274e-33,-3.1221522623462656e-33,1.9901501280290975e-33,1.1780716189578738e-42,3.593195509237053e-41,8.069993778138762e-41,-1.027153890310772e-38,3.3306361777943616e-39,-1.2283111116306935e-39,-1.038295841217041,0.05759385265409946,-0.2790705680847168,96.7018051147461,178.80740966796876,-29.611354064941406,0.0,0.0,0.0,0.0,0.0,0.0,-1.7001772804051602e-24,2.888925662434635e-24,8.087965483670413e-24,-4.733443261826003e-22,-2.6675683354634017e-21,-1.3262060316125916e-22
789,7.89,3352.1973,865.4834,3317.64,450.333,3283.9207,75.627655,-2.0781594017339652e-36,4.514265541522494e-36,2.1847461565190305e-35,4.035276331462204e-33,4.462432225742707e-33,-9.379303633933351e-34,4.798045941848173e-43,2.2881802623959938e-41,4.984306533726228e-41,-6.39720438621934e-39,2.1142513772636903e-39,-8.615047032717936e-40,-1.0396028637886048,0.07117799147963524,-0.2431849017739296,102.06363220214844,182.08648986816405,-29.132093620300292,0.0,0.0,0.0,0.0,0.0,0.0,-1.6180040853770936e-24,2.7554326084578267e-24,7.72024128591744e-24,-4.632134538446801e-22,-2.54120223933947e-21,-1.3064347791906011e-22
790,7.9,3352.1448,865.50385,3317.36,450.396,3283.9333,75.82583,9.404134208654975e-36,2.5380474013814277e-36,3.900943235104626e-35,6.553109650310205e-33,7.657561126596426e-33,-2.295792372578356e-33,4.4701421011961663e-44,1.254204164524641e-41,2.60693362407596e-41,-3.3901985091503345e-39,1.153217909134916e-39,-5.366418204172177e-40,-1.037073588371277,0.08287354856729508,-0.22517431974411012,105.81017150878907,186.40886840820312,-29.03255558013916,0.0,0.0,0.0,0.0,0.0,0.0,-1.3193418791415295e-24,2.250132705720688e-24,6.307720517436266e-24,-3.8460164205517086e-22,-2.0735156134716954e-21,-1.089248201161583e-22
791,7.91,3351.9656,865.4913,3317.24,450.361,3284.2256,75.68973,1.382156933573274e-35,1.119120521660613e-36,4.165786474530955e-35,6.810136375765895e-33,8.088045157624795e-33,-2.6306214691635225e-33,-1.8637269575520067e-43,5.234830673178219e-42,9.706934592224441e-42,-1.306017455502744e-39,4.763169024369593e-40,-2.842759543935648e-40,-1.0337310552597045,0.0918948382139206,-0.23165111541748046,107.93899002075196,192.04419403076173,-29.743453979492188,0.0,0.0,0.0,0.0,0.0,0.0,-9.566224023257438e-25,1.6336086908546902e-24,4.5814817576344545e-24,-2.8321334343656083e-22,-1.5043296653325986e-21,-8.049076171433173e-23
792,7.92,3351.9253,865.6596,3317.12,450.463,3284.3936,75.86614,1.3904195310048676e-35,2.1175684062728767e-37,3.6419491706201545e-35,5.8632617539173236e-33,7.02791969986396e-33,-2.3860492165573913e-33,-2.756354079326915e-43,6.457183323608757e-43,-2.4943112664981744e-43,-2.659398238580281e-41,5.214021390982996e-41,-1.0900490559213103e-40,-1.0319337844848633,0.09799317121505738,-0.25715243965387347,108.92630310058594,197.8900390625,-31.378352928161622,0.0,0.0,0.0,0.0,0.0,0.0,-6.184214373494227e-25,1.0575532700088142e-24,2.9673723179894824e-24,-1.8617240804170329e-22,-9.731146142146003e-22,-5.310723947740755e-23
793,7.93,3351.767,865.72235,3316.95,450.536,3284.1423,75.60615,1.1743490976133641e-35,-2.886315039115423e-37,2.7953458131124435e-35,4.4470256457678537e-33,5.368868886833831e-33,-1.8821321636357496e-33,-2.780176153220437e-43,-1.8174841082292877e-42,-5.3326413059880914e-42,6.357139021046751e-40,-1.7404449225561023e-40,-2.1004062681764684e-42,-1.0310441374778747,0.10017426311969757,-0.2902034968137741,108.92244873046874,202.17940368652344,-33.64638442993164,0.0,0.0,0.0,0.0,0.0,0.0,-3.464256558912491e-25,5.935991351753577e-25,1.6667207427816507e-24,-1.067450472359163e-22,-5.456105130826078e-22,-3.060336120459014e-23
794,7.94,3351.6968,865.8185,3316.7,450.604,3284.0837,75.585205,8.770985608718038e-36,-5.003427733318612e-37,1.9168318017828637e-35,3.013719192326734e-33,3.664563102500477e-33,-1.3246331302842017e-33,-2.349977524672718e-43,-2.796991734792335e-42,-7.1027615261232e-42,8.757666986521523e-40,-2.628775663239391e-40,5.34333321327089e-41,-1.0307569622993469,0.09881318807601928,-0.3136128902435303,107.07012710571288,204.6324234008789,-35.99348068237305,0.0,0.0,0.0,0.0,0.0,0.0,-1.5159191499349448e-25,2.6083763114849563e-25,7.334399014070655e-25,-4.896566450473387e-23,-2.39206448800171e-22,-1.41759360164107e-23
795,7.95,3351.623,865.7238,3316.53,450.586,3284.1858,75.57995,5.851828234358668e-36,-5.299840339316888e-37,1.1611069930392328e-35,1.7987479667649418e-33,2.2070340451243292e-33,-8.27906456920395e-34,-1.7572282742633207e-43,-2.857808088144032e-42,-6.888082601388638e-42,8.60279407894588e-40,-2.6697496303362487e-40,7.360446300727891e-41,-1.030772364139557,0.09545524790883064,-0.3126090317964554,104.45328369140626,206.11654663085938,-38.187979507446286,0.0,0.0,0.0,0.0,0.0,0.0,-2.733047502219352e-26,4.830254001901801e-26,1.3705453740193286e-25,-1.1479606158731764e-23,-4.365970105645481e-23,-3.477859294257621e-24
796,7.96,3351.4636,865.7435,3316.5,450.585,3284.255,75.589516,3.42267850336361e-36,-4.61254707339455e-37,5.883061486602001e-36,8.886291935977876e-34,1.1074250499587441e-33,-4.411562914340739e-34,-1.1742881131041967e-43,-2.4358771205358295e-42,-5.686188908537243e-42,7.162127535564321e-40,-2.2683869215874058e-40,7.217135506781391e-41,-1.0301546812057496,0.09182131066918373,-0.2908374100923538,103.15409927368164,206.59988555908203,-40.218510437011716,0.0,0.0,0.0,0.0,0.0,0.0,4.093194056319275e-26,-6.869927142429531e-26,-1.9149914511640216e-25,9.625751506608462e-24,6.386602774094368e-23,2.5773232234984773e-24
797,7.97,3351.2656,865.7417,3316.45,450.602,3284.467,75.47678,1.630546444806512e-36,-3.528056475224157e-37,2.003813939946023e-36,2.7956746329762963e-34,3.6620174707606132e-34,-1.722708558211378e-34,-6.866362475191604e-44,-1.833038521183293e-42,-4.167041243362708e-42,5.286087368406292e-40,-1.700184216377586e-40,6.008081178777296e-41,-1.027482008934021,0.08878365755081177,-0.2613077849149704,104.7244644165039,205.7325408935547,-41.79835052490235,0.0,0.0,0.0,0.0,0.0,0.0,6.956696048806569e-26,-1.1801075152180457e-25,-3.3019542701643475e-25,1.8959171553796416e-23,1.0906793210613988e-22,5.2843127268617746e-24
798,7.98,3351.0242,865.76886,3316.5,450.633,3284.484,75.538795,4.501217660278634e-37,-2.4110676356924058e-37,-3.0959646083732276e-37,-7.809760158663912e-35,-7.318872600309078e-35,-6.630802938806868e-36,-3.2790384065200717e-44,-1.2324419993736766e-42,-2.7248248638796068e-42,3.4846130951319154e-40,-1.1404523603846096e-40,4.448940455430932e-41,-1.0221470832824706,0.08736523985862732,-0.22926369905471802,109.3298469543457,204.16312561035156,-42.7494400024414,0.0,0.0,0.0,0.0,0.0,0.0,7.327736282539207e-26,-1.2468367538266737e-25,-3.4923793269241037e-25,2.075730567655044e-23,1.1504339127338694e-22,5.8398087364666445e-24
799,7.99,3350.7693,865.79834,3316.77,450.673,3284.3997,75.60018,-2.285553428932426e-37,-1.4543706257913309e-37,-1.450874834538349e-36,-2.4975555591599624e-34,-2.8767474911209257e-34,7.964692437798139e-35,-9.108440018111311e-45,-7.28114682063175e-43,-1.55109727016114e-42,2.0025031496679506e-40,-6.694661374357883e-41,2.876515422642768e-41,-1.0157591938972472,0.08686923310160637,-0.19598288238048553,114.71479187011718,202.87271575927736,-43.327202224731444,0.0,0.0,0.0,0.0,0.0,0.0,6.357763821946656e-26,-1.083643021440751e-25,-3.0370846069941104e-25,1.839406284018793e-23,9.989239809234629e-23,5.200467659474228e-24
800,8.0,3350.475,865.8313,3316.92,450.713,3284.344,75.566154,-5.415741981929723e-37,-7.317594033169452e-38,-1.8083408083895392e-36,-2.985276040209925e-34,-3.5247868278939505e-34,1.1142735604026939e-34,4.344025239406933e-45,-3.5298708316342143e-43,-7.0134988139457094e-43,9.235005295409128e-41,-3.259378189065595e-41,1.697280725959505e-41,-1.0112207531929016,0.08669067025184632,-0.16710561215877534,118.13758850097656,203.0802200317383,-43.54936065673828,0.0,0.0,0.0,0.0,0.0,0.0,4.8517395453981487e-26,-8.28047348820736e-26,-2.321807821173354e-25,1.426485720650812e-23,7.627577629245126e-23,4.047859480424779e-24
801,8.01,3350.1738,865.88116,3317.17,450.71,3284.3567,75.500435,-6.169033759870259e-37,-2.441088927875239e-38,-1.7060097167742525e-36,-2.763656279076309e-34,-3.3002528050430045e-34,1.1014063398033166e-34,1.0649868328868609e-44,-1.0453686543863135e-43,-1.531619221507025e-43,2.2351130895520129e-41,-9.15692494497695e-42,7.710504670100873e-42,-1.0109265327453614,0.08710484951734543,-0.14886546283960342,117.86264343261719,205.31736907958984,-43.18041000366211,0.0,0.0,0.0,0.0,0.0,0.0,3.308795746483562e-26,-5.65452627997176e-26,-1.5862253119179502e-25,9.882078940162707e-24,5.2049564436857254e-23,2.8140182116095384e-24
802,8.02,3350.0522,865.9253,3317.27,450.729,3284.288,75.46064,-5.580529838446829e-37,4.536694389551884e-39,-1.3834595178475391e-36,-2.2124109353642075e-34,-2.6626125754718e-34,9.205326222619955e-35,1.2611686178923354e-44,3.9937006233257287e-44,1.5302179230427003e-43,-1.7021011926767824e-41,3.94577621584582e-42,1.957473824815337e-42,-1.0150936007499696,0.08876193314790726,-0.14646349400281905,114.42399215698242,209.3015609741211,-42.15577011108398,0.0,0.0,0.0,0.0,0.0,0.0,1.9915932162087565e-26,-3.409089226264868e-26,-9.568717920727634e-26,6.06405416336016e-24,3.135240640665847e-23,1.734101277279581e-24
803,8.03,3349.87,865.9948,3317.4,450.752,3284.3423,75.456,-4.395397693098547e-37,1.8701131931343666e-38,-9.988370792859275e-37,-1.5791144444052172e-34,-1.913699522597655e-34,6.819597128530959e-35,1.0930128021733573e-44,1.0804011159944339e-43,2.864254061079926e-43,-3.46471045304311e-41,1.0050953365216183e-41,-1.408865476032171e-42,-1.0228465914726257,0.09092098847031593,-0.15439998656511306,109.58603134155274,213.9466552734375,-40.52012329101562,0.0,0.0,0.0,0.0,0.0,0.0,9.994419697845155e-27,-1.7155507326893434e-26,-4.8198850955262914e-26,3.1421564816700022e-24,1.5753503920090115e-23,9.046617713852143e-25
804,8.04,3349.619,866.0273,3317.49,450.768,3284.3987,75.4063,-3.0914092953513698e-37,2.3017977165347017e-38,-6.432879113360406e-37,-1.004051237600586e-34,-1.2263274388607399e-34,4.515491050345482e-35,8.828180325246347e-45,1.2583660209636857e-43,3.0940670092291963e-43,-3.863688151805672e-41,1.2104696394530636e-41,-2.8108645895891507e-42,-1.0320203304290771,0.09206378310918809,-0.16004950404167176,105.23495025634766,218.30120086669922,-38.304623413085935,0.0,0.0,0.0,0.0,0.0,0.0,3.3176058051620846e-27,-5.743479872684935e-27,-1.6183756069700527e-26,1.1443813557448862e-24,5.2496916136054096e-24,3.3554474458373533e-25
805,8.05,3349.288,866.0113,3317.54,450.725,3284.307,75.38588,-1.932815612943734e-37,2.159181167886383e-38,-3.589703137152324e-37,-5.499571930362262e-35,-6.794059485060752e-35,2.618131817579218e-35,6.165713243029196e-45,1.1518673376749997e-43,2.7241242146474445e-43,-3.4060100603725434e-41,1.0536923672644029e-41,-2.8096034209712582e-42,-1.0401985406875611,0.09163785725831985,-0.16083129197359086,102.17271194458007,221.7751449584961,-35.654121017456056,0.0,0.0,0.0,0.0,0.0,0.0,-6.3499543214298765e-28,1.0238705109399594e-27,2.81249767162211e-27,-6.228706486001289e-26,-9.732785951352598e-25,-9.714806447764211e-27
806,8.06,3349.2996,866.1775,3317.77,450.806,3284.2964,75.40828,-1.0317926450509865e-37,1.7451522063964162e-38,-1.5605756641842208e-37,-2.295644886493442e-35,-2.9083149241251995e-35,1.228900487227024e-35,3.7835058536770063e-45,9.150478972041055e-44,2.1019476964872256e-43,-2.6408590598972637e-41,8.534888556663163e-42,-2.807781732967636e-42,-1.0467698216438293,0.08787659779191018,-0.16160218119621278,101.10939712524414,223.84626312255858,-33.137586212158205,0.0,0.0,0.0,0.0,0.0,0.0,-2.5683768018924703e-27,4.344052856478007e-27,1.2142107995302542e-26,-6.732760735460848e-25,-4.021365941910339e-24,-1.858138948303987e-25
807,8.07,3349.165,866.1587,3317.59,450.84,3284.3025,75.44624,-4.0405302103284453e-38,1.2594771665679875e-38,-2.652895022602119e-38,-2.7656835433492075e-36,-4.403023940494585e-36,3.1719145714763264e-36,2.1019476964872256e-45,6.502024874467151e-44,1.45454780596916e-43,-1.8318193915193305e-41,6.082055724709004e-42,-2.385710635513001e-42,-1.052094292640686,0.07914654910564423,-0.16929441094398498,102.19806213378907,223.53306274414064,-31.271612548828124,0.0,0.0,0.0,0.0,0.0,0.0,-3.173292523311046e-27,5.3932049655385024e-27,1.5100209201467808e-26,-8.85914876542328e-25,-4.979368525415096e-24,-2.48378797117528e-25
808,8.08,3348.992,866.1869,3317.55,450.867,3284.3728,75.325935,-1.2688150832226165e-39,8.173488077519936e-39,4.5861064995594283e-38,8.316842901385223e-36,9.294119589046584e-36,-2.1153584882494535e-36,1.1210387714598537e-45,4.1478434544014587e-44,8.96831017167883e-44,-1.150031636686734e-41,3.739505081897207e-42,-1.4036806717141693e-42,-1.0562193870544434,0.0673049684613943,-0.1853565216064453,104.75165023803712,220.67284393310547,-30.048854255676268,0.0,0.0,0.0,0.0,0.0,0.0,-3.0261739704216115e-27,5.154303447810175e-27,1.444222324783648e-26,-8.679796357544433e-25,-4.753170233907661e-24,-2.449093893215563e-25
809,8.09,3348.7168,866.24335,3317.43,450.945,3284.4666,75.37542,2.0089032160661536e-38,4.7213280739128576e-39,7.912669270873813e-38,1.3241923701251802e-35,1.5508606915197972e-35,-4.7047890402744525e-36,0.0,2.3261554507791965e-44,4.806453732634122e-44,-6.270810627853556e-42,2.104329903876578e-42,-1.2625699163566602e-42,-1.057245397567749,0.05590412616729736,-0.2007323682308197,107.76448211669921,215.76445465087892,-29.139213180541994,0.0,0.0,0.0,0.0,0.0,0.0,-2.554825804729366e-27,4.357807308880436e-27,1.2216641098964339e-26,-7.459241922259637e-25,-4.015472362087433e-24,-2.113319575317267e-25
810,8.1,3348.6387,866.1754,3317.39,450.888,3284.46,75.28416,2.9736482193594774e-38,2.3650206038170917e-39,8.936856682400533e-38,1.4605547155503175e-35,1.7349260311960007e-35,-5.647498596069261e-36,0.0,1.1070257868166055e-44,2.0318827732709848e-44,-2.880228863573229e-42,1.1221598102313134e-42,-4.203895392974451e-46,-1.0537099480628966,0.04816608838737011,-0.2104092136025429,109.97847518920898,210.58916625976562,-28.35399169921875,0.0,0.0,0.0,0.0,0.0,0.0,-2.0420572992800657e-27,3.487257834697347e-27,9.780138267042303e-27,-6.047065235183798e-25,-3.2112515264593397e-24,-1.7187000179566373e-25
811,8.11,3348.3438,866.2751,3317.37,450.991,3284.5906,75.33592,3.2858525285885134e-38,9.917908483819327e-40,8.901672992662143e-38,1.438700809070452e-35,1.7204325818909388e-35,-5.778661423766728e-36,0.0,4.0637655465419694e-45,4.484155085839415e-45,-9.443350351084942e-43,0.0,0.0,-1.047156035900116,0.04349069856107235,-0.2155436784029007,110.90801315307617,206.53641052246093,-28.008174324035643,0.0,0.0,0.0,0.0,0.0,0.0,-1.6463390254639966e-27,2.8141376924514284e-27,7.894936656523803e-27,-4.930404569977513e-25,-2.59007144745474e-24,-1.40482675908833e-25
812,8.12,3348.125,866.263,3317.24,450.998,3284.6284,75.34329,3.3243067088127914e-38,3.6528894225188255e-40,8.622768355412182e-38,1.3865936498856294e-35,1.663183108448046e-35,-5.664572967199473e-36,0.0,8.407790785948902e-46,-2.2420775429197074e-45,3.60133705331478e-44,0.0,0.0,-1.041787600517273,0.04087105691432953,-0.21709165424108506,111.17357711791992,203.96035766601562,-27.954305267333986,0.0,0.0,0.0,0.0,0.0,0.0,-1.425512841746229e-27,2.438104704893981e-27,6.841387187177086e-27,-4.298834689952325e-25,-2.2432591437167482e-24,-1.226741545320155e-25
813,8.13,3347.9033,866.25024,3317.16,451.022,3284.6719,75.30739,3.309713754761129e-38,1.945693108625758e-40,8.483389661008516e-38,1.3622347293579067e-35,1.6353733830564092e-35,-5.59154652859834e-36,0.0,0.0,-4.203895392974451e-45,-1.401298464324817e-45,0.0,0.0,-1.0403319001197815,0.04032193124294281,-0.21707840263843536,111.28023071289063,202.93206634521485,-27.914106178283692,0.0,0.0,0.0,0.0,0.0,0.0,-1.3556238870337285e-27,2.3190146149305024e-27,6.50764871897845e-27,-4.09728839541028e-25,-2.1334635699403928e-24,-1.1698017623965286e-25
