frame,t_s,cadera_y_mm,cadera_z_mm,rodilla_y_mm,rodilla_z_mm,tobillo_y_mm,tobillo_z_mm,Force_Fx1_N_Nm,Force_Fy1_N_Nm,Force_Fz1_N_Nm,Moment_Mx1_N_Nm,Moment_My1_N_Nm,Moment_Mz1_N_Nm,Force_Fx2_N_Nm,Force_Fy2_N_Nm,Force_Fz2_N_Nm,Moment_Mx2_N_Nm,Moment_My2_N_Nm,Moment_Mz2_N_Nm,Force_Fx3_N_Nm,Force_Fy3_N_Nm,Force_Fz3_N_Nm,Moment_Mx3_N_Nm,Moment_My3_N_Nm,Moment_Mz3_N_Nm,Force_Fx4_N_Nm,Force_Fy4_N_Nm,Force_Fz4_N_Nm,Moment_Mx4_N_Nm,Moment_My4_N_Nm,Moment_Mz4_N_Nm,Force_Fx5_N_Nm,Force_Fy5_N_Nm,Force_Fz5_N_Nm,Moment_Mx5_N_Nm,Moment_My5_N_Nm,Moment_Mz5_N_Nm
299,2.99,-2582.4712,908.69507,-2479.74,430.877,-2897.1736,171.4947,9.664815150401594e-28,7.64523806737845e-27,-7.482333421699411e-26,-5.0243051585770606e-24,9.257831454414245e-24,8.714760497104671e-25,3.6011441608863773e-19,2.2173037569610633e-20,-3.641278814280964e-18,-5.322982336543463e-16,8.660552955463822e-17,-3.917028624228994e-17,0.3207598805427551,0.15431555062532426,-0.9198665022850037,46.9492805480957,121.34008407592773,-34.638348770141604,0.0,0.0,0.0,0.0,0.0,0.0,0.0,0.0,0.0,0.0,0.0,0.0
301,3.01,-2531.2825,926.1522,-2438.31,443.256,-2831.635,154.66872,9.910230289590992e-27,8.883591839357196e-27,-1.5558650878600978e-25,-1.119352564298499e-23,1.6897745637594015e-23,5.602832613120105e-25,7.98904782311519e-19,2.1957566358134205e-19,-1.11598049120174e-17,-1.5303507841281383e-15,3.0304921911320113e-16,-8.518134754771506e-17,0.32513428926467897,0.16516132801771163,-0.8244972348213195,43.67746086120606,124.75517578125,-35.17490196228027,0.0,0.0,0.0,0.0,0.0,0.0,0.0,0.0,0.0,0.0,0.0,0.0
304,3.04,-2528.828,925.74414,-2382.42,461.537,-2726.4207,116.33372,3.6418174143717756e-26,-1.5966402819154977e-26,-1.4399548214794834e-25,-1.2932526988941919e-23,7.524718131741222e-24,-3.7986588923896174e-24,9.121244772499823e-19,8.014535480835845e-19,-2.2702821591443058e-17,-2.876839218066043e-15,7.045292518208479e-16,-9.170322727935429e-17,0.3787625104188919,0.17581962496042253,-0.7702775120735168,51.471482849121095,130.22757720947266,-38.54295272827149,0.0,0.0,0.0,0.0,0.0,0.0,0.0,0.0,0.0,0.0,0.0,0.0
305,3.05,-2501.7954,940.82153,-2366.27,467.365,-2688.4248,102.70806,4.4151822564453687e-26,-3.877146362868145e-26,-3.7383276185555566e-27,-4.4157922073950714e-24,-1.2671868501942024e-23,-6.944719545287172e-24,2.976020727245177e-19,9.694733278784687e-19,-2.02124012933972e-17,-2.390704880901053e-15,6.907484439915381e-16,-2.2786148002679863e-17,0.3976588279008865,0.17653004974126815,-0.7586356401443481,53.158399963378905,128.77414016723634,-38.549536514282224,0.0,0.0,0.0,0.0,0.0,0.0,0.0,0.0,0.0,0.0,0.0,0.0
306,3.06,-2481.541,933.2257,-2347.94,472.324,-2649.9697,89.10845,4.558520470780443e-26,-7.115550633294397e-26,2.70024169071803e-25,1.3497781720703963e-23,-4.802425557092739e-23,-1.0920691709140971e-23,-9.884730978621406e-19,9.9746111832105e-19,-9.146753264832156e-18,-7.095250031746615e-16,4.512225375200341e-16,1.1818250092924982e-16,0.4100005477666855,0.17608551383018495,-0.7491770446300506,54.50482292175293,125.06691818237304,-38.052560806274414,0.0,0.0,0.0,0.0,0.0,0.0,0.0,0.0,0.0,0.0,0.0,0.0
308,3.08,-2462.8958,936.3192,-2317.15,480.818,-2570.2292,63.83074,1.8848436860679842e-27,-1.5737783687325336e-25,1.3701046050759585e-24,9.015184655726484e-23,-1.7535372851160968e-22,-1.9060603762306278e-23,-6.469976216153064e-18,2.394618519214583e-20,5.77824925786329e-17,8.697334683571982e-15,-1.28107481110271e-15,7.080064173605333e-16,0.39928447306156156,0.17398372888565064,-0.727151769399643,57.94255027770996,116.67118530273437,-38.32875061035156,0.0,0.0,0.0,0.0,0.0,0.0,0.0,0.0,0.0,0.0,0.0,0.0
311,3.11,-2419.2498,955.78235,-2277.14,487.69,-2446.4204,31.817488,-3.1865058078880296e-25,-1.7813330100332438e-25,4.056685887321116e-24,2.9754455804469434e-22,-4.2263869484504753e-22,-5.060890767215316e-24,-2.121226429606292e-17,-7.048129803957817e-18,3.183417372313875e-16,4.3131559386349814e-14,-8.839374019661882e-15,2.249434142507492e-15,0.3405615895986557,0.16802963614463806,-0.6850111067295075,67.13085403442383,115.35307235717774,-37.2825008392334,0.0,0.0,0.0,0.0,0.0,0.0,0.0,0.0,0.0,0.0,0.0,0.0
312,3.12,-2421.0967,953.3239,-2265.47,487.709,-2405.4312,23.54913,-5.16346317062568e-25,-5.613040778300968e-26,4.5274869502421994e-24,3.4725279151900904e-22,-4.238261387666842e-22,1.9817187555843175e-23,-2.4692972650311953e-17,-1.1394856472162407e-17,4.2827869932089476e-16,5.675210532096221e-14,-1.2366571847365884e-14,2.5863954532766296e-15,0.3304826974868774,0.1667291983962059,-0.6900775790214538,72.21955337524415,117.16981430053711,-36.69538803100586,0.0,0.0,0.0,0.0,0.0,0.0,0.0,0.0,0.0,0.0,0.0,0.0
313,3.13,-2424.4675,941.8771,-2255.51,487.968,-2363.0945,16.99719,-7.415706562445139e-25,1.98288178209157e-25,4.048157788176089e-24,3.369193321275635e-22,-2.9560153809932723e-22,6.20681055062288e-23,-2.3853169923355856e-17,-1.6333925605373055e-17,5.100540923152423e-16,6.574685660807288e-14,-1.541348784852648e-14,2.444757377869668e-15,0.3276765614748001,0.16810708194971086,-0.7093306660652161,77.50606689453124,118.80502090454101,-36.3427848815918,0.0,0.0,0.0,0.0,0.0,0.0,0.0,0.0,0.0,0.0,0.0,0.0
314,3.14,-2411.5774,942.0277,-2245.97,487.527,-2321.6208,12.168204,-9.509351194903144e-25,6.317194751699112e-25,1.8697327408855972e-24,2.130682192327851e-22,4.466364611021873e-23,1.250730975644666e-22,-1.4874443004064696e-17,-2.0903139125654096e-17,5.119075168708649e-16,6.298040939407747e-14,-1.6588494663463076e-14,1.4165113453742614e-15,0.33222487270832063,0.17220673859119415,-0.741593313217163,82.0528564453125,118.88007278442383,-35.76544036865234,0.0,0.0,0.0,0.0,0.0,0.0,0.0,0.0,0.0,0.0,0.0,0.0
315,3.15,-2442.4539,950.16675,-2239.18,485.889,-2281.534,9.035991,-1.0649921395981965e-24,1.2795985145338613e-24,-2.940219700979872e-24,-9.32772858536188e-23,6.922650413623476e-22,2.0901212365007936e-22,7.158200370605503e-18,-2.3346226660124567e-17,3.578495879407264e-16,3.8206318432609537e-14,-1.3763276068422433e-14,-1.0183071034022797e-15,0.34073965549468993,0.1763739362359047,-0.7774059414863587,85.50779418945312,117.27900009155273,-34.98178901672363,0.0,0.0,0.0,0.0,0.0,0.0,0.0,0.0,0.0,0.0,0.0,0.0
316,3.16,-2365.6665,941.7438,-2229.94,483.921,-2243.0596,7.3891397,-9.586766503571266e-25,2.1447516370129946e-24,-1.138354850887298e-23,-6.599783579555546e-22,1.7377691622623694e-21,3.0778764048212796e-22,4.777737447812307e-17,-2.090442952740968e-17,-5.1798140286193486e-17,-2.171291424478594e-14,-4.033137086901042e-15,-5.437123546666667e-15,0.34939725399017335,0.17944456934928893,-0.8080731630325317,87.35318222045899,114.66369094848633,-34.428702926635744,0.0,0.0,0.0,0.0,0.0,0.0,0.0,0.0,0.0,0.0,0.0,0.0
317,3.17,-2373.1277,938.7112,-2223.74,481.238,-2207.0198,6.9727535,-4.567773211390031e-25,3.1657551175990305e-24,-2.4288470967044592e-23,-1.5581841113350765e-21,3.2346570697491534e-21,4.0497857809365767e-22,1.1201216501701174e-16,-9.720152787162627e-18,-8.320578123814501e-16,-1.3148779414991034e-13,1.612102175385134e-14,-1.2351207432032343e-14,0.3570651739835739,0.18226804584264755,-0.8307010948657989,86.98169021606445,111.82274627685547,-34.56541442871094,0.0,0.0,0.0,0.0,0.0,0.0,0.0,0.0,0.0,0.0,0.0,0.0
318,3.18,-2323.1921,965.9886,-2214.41,478.406,-2172.8691,7.5266156,6.594214952814093e-25,4.175222730180612e-24,-4.1890644622768545e-23,-2.8240849831613386e-21,5.147857729586613e-21,4.69156224509281e-22,2.023640882101312e-16,1.501186428732669e-17,-2.092349193109574e-15,-3.043556102673775e-13,5.032864892255771e-14,-2.1985786570488402e-14,0.3629103422164917,0.18455228209495544,-0.8429003357887268,84.31715087890625,108.87168426513672,-35.61135025024414,0.0,0.0,0.0,0.0,0.0,0.0,0.0,0.0,0.0,0.0,0.0,0.0
320,3.2,-2315.5247,933.2686,-2197.13,473.072,-2114.334,9.898068,5.639129188053068e-24,4.671402197840516e-24,-8.515700334190247e-23,-6.146841291596525e-21,9.184605505258155e-21,2.7259652015925006e-22,4.3862662819877063e-16,1.2490021335480527e-16,-6.205718786609672e-15,-8.491286558436062e-13,1.6921341714978833e-13,-4.6723747172184615e-14,0.3687379539012909,0.1841387167572975,-0.851813679933548,72.70531539916992,105.65091934204102,-39.47077865600586,0.0,0.0,0.0,0.0,0.0,0.0,0.0,0.0,0.0,0.0,0.0,0.0
321,3.21,-2322.343,927.88635,-2186.18,471.043,-2089.7957,10.832379,9.759159817202527e-24,2.882887661901505e-24,-1.016038640117482e-22,-7.620230060129218e-21,1.005584891428676e-20,-1.5500737369163299e-22,5.425566523255211e-16,2.1557158046560292e-16,-8.780812618084267e-15,-1.1755937152566064e-12,2.490673249241904e-13,-5.71792054215826e-14,0.37081515192985537,0.18080105483531952,-0.8713133156299591,66.89425048828124,106.90844192504883,-41.51646385192871,0.0,0.0,0.0,0.0,0.0,0.0,0.0,0.0,0.0,0.0,0.0,0.0
322,3.22,-2309.2131,925.5351,-2173.75,469.396,-2070.0867,10.762295,1.47613822741306e-23,-1.4812518236043786e-24,-1.0227827255921867e-22,-8.137060584788019e-21,8.652183029949513e-21,-9.383805510649653e-22,5.774606301506047e-16,3.254121674110694e-16,-1.1081532911482112e-14,-1.4480619502967029e-12,3.2756625916504496e-13,-5.989058532961111e-14,0.372721454501152,0.17709024101495743,-0.9025598287582397,63.06241645812988,109.4992904663086,-43.35656394958496,0.0,0.0,0.0,0.0,0.0,0.0,0.0,0.0,0.0,0.0,0.0,0.0
323,3.23,-2296.0342,922.9932,-2158.19,467.973,-2054.7341,9.67584,1.9937665154301696e-23,-9.507417144621813e-24,-7.20888149964566e-23,-6.635500015608074e-21,3.2591927719327047e-21,-2.1719777026132366e-21,4.674520408374952e-16,4.3868169857523196e-16,-1.2140376018669653e-14,-1.5316626222547368e-12,3.7925510442630287e-13,-4.6715102692738116e-14,0.37401587069034575,0.17295640259981154,-0.9375777661800384,62.145408630371094,112.14014358520508,-44.75337371826172,0.0,0.0,0.0,0.0,0.0,0.0,0.0,0.0,0.0,0.0,0.0,0.0
324,3.24,-2283.2478,921.39874,-2141.64,467.719,-2042.5728,7.9728355,2.385803706049198e-23,-2.2179340738637306e-23,8.79134102576732e-24,-1.673346840224028e-21,-8.226690047022758e-21,-3.900722548555367e-21,1.0966491264307819e-16,5.237304768640233e-16,-1.0459333171021793e-14,-1.222422629700709e-12,3.629149742225349e-13,-6.718951915336946e-15,0.3739702880382538,0.1683658242225647,-0.9702751934528351,63.006996154785156,114.81110076904297,-45.18575019836426,0.0,0.0,0.0,0.0,0.0,0.0,0.0,0.0,0.0,0.0,0.0,0.0
325,3.25,-2270.089,920.0188,-2122.84,467.634,-2034.4243,5.196385,2.4129936746365946e-23,-3.997822806290297e-23,1.6328663431605932e-22,8.486720815706695e-21,-2.801754971914625e-20,-6.059434109854134e-21,-6.195241380804874e-16,5.277340522046037e-16,-3.9706422548987905e-15,-2.448784529101786e-13,2.19382702244331e-13,7.308900595750893e-14,0.37346393764019015,0.16204628497362136,-0.9965926051139832,63.781494140625,117.06171035766602,-44.28143882751465,0.0,0.0,0.0,0.0,0.0,0.0,0.0,0.0,0.0,0.0,0.0,0.0
326,3.26,-2256.7036,918.6635,-2103.83,467.565,-2029.2694,1.9550822,1.7226732031735206e-23,-6.226034365131083e-23,4.1328178971845788e-22,2.5620569650779665e-20,-5.785508613272124e-20,-8.388998635180218e-21,-1.84600938568042e-15,3.729809395118519e-16,9.864019315098511e-15,1.7305466792644913e-12,-1.2716089875241817e-13,2.0569752634059038e-13,0.375609877705574,0.15410764813423156,-1.0072967290878296,63.73102149963379,117.55975189208985,-41.94552917480469,0.0,0.0,0.0,0.0,0.0,0.0,0.0,0.0,0.0,0.0,0.0,0.0
327,3.27,-2242.7253,917.38513,-2084.69,467.315,-2027.7037,-1.6998582,-1.4962900312661097e-24,-8.639371572914682e-23,7.719004310997286e-22,5.103204032116814e-20,-9.803032663040321e-20,-1.0333166546082704e-20,-3.661325325495131e-15,-4.267823154479978e-17,3.371581205684985e-14,5.037101920464526e-12,-7.615573834529252e-13,4.000904669414565e-13,0.3837247580289841,0.14332909882068634,-0.9938617408275604,63.47300758361816,115.09263458251954,-38.297572708129884,0.0,0.0,0.0,0.0,0.0,0.0,0.0,0.0,0.0,0.0,0.0,0.0
328,3.28,-2228.396,916.06445,-2065.74,466.726,-2027.8428,-5.1364975,-3.7426499377240204e-23,-1.0669254633386331e-22,1.2311958892450372e-21,8.470594751950389e-20,-1.4592506572796605e-19,-1.0929483392273526e-20,-6.062031420865947e-15,-8.374308600032394e-16,6.969140738946003e-14,9.912539712664258e-12,-1.7600547646927367e-12,6.54700480027387e-13,0.3997143626213074,0.12913511246442794,-0.9635549306869506,63.49632034301758,109.08679733276367,-33.795285987854,0.0,0.0,0.0,0.0,0.0,0.0,0.0,0.0,0.0,0.0,0.0,0.0
329,3.29,-2214.1367,915.2588,-2048.91,466.432,-2029.114,-5.951963,-9.573549681446161e-23,-1.1328660434834699e-22,1.7447155003135757e-21,1.240680678594591e-19,-1.9407290981450792e-19,-8.722388368852817e-21,-8.861148610933654e-15,-2.124236637793557e-15,1.181514785910786e-13,1.6335771190617575e-11,-3.1587141756383996e-12,9.479352307446843e-13,0.42632265090942384,0.11511083394289016,-0.9322523891925811,64.03100471496582,100.92297744750977,-28.291758728027343,0.0,0.0,0.0,0.0,0.0,0.0,0.0,0.0,0.0,0.0,0.0,0.0
330,3.3,-2200.0237,915.46625,-2034.6802,468.045,-2025.7123,-4.934319,-1.7958272599643305e-22,-9.121247698631045e-23,2.205471156402755e-21,1.623631193931072e-19,-2.2788382687973345e-19,-1.74618857751613e-21,-1.1572549864192431e-14,-3.971104692536344e-15,1.7595201012333973e-13,2.378911321404553e-11,-4.904381761816623e-12,1.225930836880329e-12,0.4675110995769501,0.10776428058743477,-0.904090964794159,64.53001480102539,92.78917694091797,-21.236451148986816,0.0,0.0,0.0,0.0,0.0,0.0,0.0,0.0,0.0,0.0,0.0,0.0
331,3.31,-2185.6995,916.51917,-2018.3699,471.003,-2019.8684,-1.8229134,-2.8724362496609285e-22,-2.0215878370101465e-23,2.4217656791605526e-21,1.8678984430738963e-19,-2.234154747589044e-19,1.2350919967679703e-20,-1.3278387653195382e-14,-6.337729422010671e-15,2.341053972855153e-13,3.094910317608113e-11,-6.786872019243218e-12,1.3886882312477699e-12,0.5217583537101745,0.11037075668573379,-0.8739810824394226,65.07794036865235,85.89651870727539,-12.48792781829834,0.0,0.0,0.0,0.0,0.0,0.0,0.0,0.0,0.0,0.0,0.0,0.0
332,3.32,-2171.4958,917.9413,-2000.0798,471.876,-2015.898,-0.6785595,-4.080319696191325e-22,1.2400303425226074e-22,2.0962972297899463e-21,1.767382104599352e-19,-1.4592171693895492e-19,3.594688400715139e-20,-1.2504386140763232e-14,-8.98569320147602e-15,2.750341783746418e-13,3.533374426378799e-11,-8.355517579911043e-12,1.2773354748051025e-12,0.5847553431987762,0.12208795472979546,-0.8384070992469788,66.25955047607422,79.61596984863282,-1.8187539160251618,0.0,0.0,0.0,0.0,0.0,0.0,0.0,0.0,0.0,0.0,0.0,0.0
333,3.33,-2157.264,919.4941,-1983.89,473.024,-2013.3636,0.26549125,-5.171343863064276e-22,3.6612326576143295e-22,8.1806946599740695e-22,1.0276846047684213e-19,4.9641036156706316e-20,7.073810525633442e-20,-7.148820326093248e-15,-1.1364946493391727e-14,2.698788187285167e-13,3.297366390347945e-11,-8.831036509698853e-12,6.675029086866853e-13,0.6554467380046844,0.13975573927164078,-0.797536426782608,67.83279571533203,74.22301406860352,10.729116249084473,0.0,0.0,0.0,0.0,0.0,0.0,0.0,0.0,7.006492321624085e-46,0.0,-1.7516230804060213e-43,0.0
334,3.34,-2143.4202,920.3854,-1968.42,473.396,-2011.5564,1.3609118,-5.699214088408329e-22,7.239599730673192e-22,-1.918314864018669e-21,-7.265428320092158e-20,4.144583211769934e-19,1.1657378759903906e-19,5.4622743371508114e-15,-1.2489143613470802e-14,1.767396999423094e-13,1.823106440118627e-11,-7.035444189035234e-12,-7.233811639972831e-13,0.7336856722831726,0.15957921892404556,-0.7678194463253021,69.09829330444336,70.30305862426758,24.77045955657959,0.0,0.0,0.0,0.0,0.0,0.0,0.0,0.0,1.401298464324817e-45,0.0,-3.5032461608120427e-43,0.0
335,3.35,-2129.0337,921.2344,-1954.29,473.321,-2008.8444,2.0182276,-4.969931997717443e-22,1.1965006001866156e-21,-6.646080576527293e-21,-3.9123857814598744e-19,9.958889013006492e-19,1.697593393306136e-19,2.8291553839509142e-14,-1.0827710256178236e-14,-5.87237173154515e-14,-1.603833755798971e-11,-1.3786188472275987e-12,-3.203984863878184e-12,0.815911865234375,0.18109457492828368,-0.7648093819618225,68.87918167114258,67.78105010986329,39.66891365051269,0.0,0.0,0.0,0.0,0.0,0.0,0.0,0.0,1.401298464324817e-45,0.0,-3.5032461608120427e-43,0.0
336,3.36,-2114.4417,921.28674,-1941.3,472.654,-2008.0223,2.9825406,-2.0217919350478496e-22,1.746449873491488e-21,-1.3788313858766053e-20,-8.899597332969235e-19,1.8192679623643848e-18,2.208500477598445e-19,6.395033394707758e-14,-4.2636787240122784e-15,-4.982966567580044e-13,-7.770655542638227e-11,1.0040878501912931e-11,-7.038633868458599e-12,0.8948788464069366,0.20396948158740996,-0.7809067487716674,65.94346733093262,66.22552642822265,54.208822631835936,0.0,0.0,0.0,0.0,0.0,0.0,0.0,0.0,2.2420775429197074e-45,0.0,2.802596928649634e-43,0.0
337,3.37,-2099.5786,921.7382,-1929.25,471.857,-2007.0345,4.000506,4.331051126399914e-22,2.277477996129385e-21,-2.3423724639150582e-20,-1.5852052035838657e-18,2.85932175813889e-18,2.521339306386599e-19,1.1356280092732554e-13,9.807670384754947e-15,-1.1992052479075505e-12,-1.7363559756677916e-10,2.914396016184817e-11,-1.2324057312856906e-11,0.962873762845993,0.22679535001516343,-0.800485360622406,60.66158790588379,65.07198715209961,67.32098007202148,0.0,0.0,0.0,0.0,0.0,0.0,0.0,0.0,2.802596928649634e-45,0.0,7.006492321624085e-43,0.0
338,3.38,-2084.673,922.4161,-1918.45,470.535,-2007.0,4.5872846,1.534486638865461e-21,2.6081807054757334e-21,-3.4937434631298446e-20,-2.4482996408692e-18,4.000193081773667e-18,2.352851598274012e-19,1.7501643309516396e-13,3.413685519427102e-14,-2.1921894312847134e-12,-3.06610992151235e-10,5.729777693974647e-11,-1.88014446025897e-11,1.0142548501491546,0.24873033612966539,-0.8127108931541442,54.00006446838379,63.11037330627441,78.73029556274415,0.0,0.0,0.0,0.0,0.0,0.0,0.0,0.0,2.5223372357846708e-45,0.0,4.90454462513686e-43,0.0
339,3.39,-2070.5554,923.00574,-1909.9,469.158,-2007.2867,5.2178965,3.2025890383904486e-21,2.447668589626645e-21,-4.6555842586099505e-20,-3.371812942418087e-18,4.9856475907854485e-18,1.30072483714924e-19,2.405583192496494e-13,7.091066015624259e-14,-3.447041892375158e-12,-4.706370015927774e-10,9.43721052693025e-11,-2.560065770484954e-11,1.0481247663497926,0.27033992409706115,-0.8075231909751892,46.93302421569824,59.55469970703125,88.50031814575195,0.0,0.0,0.0,0.0,0.0,0.0,0.0,0.0,1.1210387714598537e-45,0.0,-2.802596928649634e-43,0.0
340,3.4,-2056.5542,923.0571,-1900.64,467.727,-2007.6053,6.2417655,5.458447530221831e-21,1.3818413064961458e-21,-5.479944120650687e-20,-4.128330720565583e-18,5.365519037444096e-18,-1.1448487018952318e-19,2.938603651863811e-13,1.2054666143871025e-13,-4.824398129252283e-12,-6.444969946617362e-10,1.3736641685246909e-10,-3.0931312199056205e-11,1.0656118035316466,0.2912799924612045,-0.7865052640438079,39.68764419555664,54.526045608520505,96.5385986328125,0.0,0.0,0.0,0.0,0.0,0.0,0.0,0.0,-1.1210387714598537e-45,0.0,0.0,0.0
341,3.41,-2043.0913,923.39825,-1892.97,466.55,-2008.3446,7.176879,8.161926894159327e-21,-1.1153442026891682e-21,-5.3944671212468356e-20,-4.327270511657699e-18,4.451351449930502e-18,-5.545596282646284e-19,3.069561396512252e-13,1.7989510841262892e-13,-6.015652646157443e-12,-7.839242865959051e-10,1.7862547274649644e-10,-3.17658441217894e-11,1.0665156364440918,0.3105661869049072,-0.7583051323890686,32.85587043762207,48.27906875610351,102.70495300292968,0.0,0.0,0.0,0.0,0.0,0.0,-8.407790785948902e-46,0.0,-5.4650640108667865e-45,-1.1210387714598537e-42,1.3662660027166966e-42,0.0
342,3.42,-2029.9506,923.8058,-1885.83,465.22,-2007.9484,7.5903873,1.0902791630999633e-20,-5.625494271935892e-21,-3.566909220053165e-20,-3.3812012148958953e-18,1.3035740963120958e-18,-1.2391153168335166e-18,2.378715795300565e-13,2.398426821189313e-13,-6.4783006650109834e-12,-8.134847517826671e-10,2.0380460236113508e-10,-2.3604449471414933e-11,1.0522888064384461,0.32757524251937864,-0.7317591786384583,27.656274223327635,41.67169189453125,106.85115280151368,0.0,0.0,0.0,0.0,0.0,0.0,-1.8216880036222623e-45,0.0,-1.2191296639625908e-44,-2.1019476964872256e-42,2.207045081311587e-42,1.1210387714598537e-42
343,3.43,-2017.3588,924.258,-1878.28,463.793,-2007.7245,7.5847073,1.2872172879389787e-20,-1.2659084772026949e-20,1.0837860832177638e-20,-5.01008864337267e-19,-5.216093171465335e-18,-2.188023497457603e-18,3.0334095780078444e-14,2.8249173833483353e-13,-5.38230176573562e-12,-6.203981078867216e-10,1.8997508566265253e-10,-4.716966888699409e-13,1.0268936634063721,0.34295867681503295,-0.7155665099620819,24.294568824768067,35.50534019470215,108.94118881225586,0.0,0.0,0.0,0.0,0.0,0.0,-3.363116314379561e-45,0.0,-2.1439866504169702e-44,-3.6433760072445244e-42,3.8185383152851265e-42,1.401298464324817e-42
344,3.44,-2004.5391,925.1894,-1871.87,462.674,-2006.8795,7.52119,1.2735516179847492e-20,-2.2431118566962032e-20,9.789330125387695e-20,5.2513870967068365e-18,-1.6281576735845087e-17,-3.358490598946976e-18,-3.823891005813422e-13,2.783831785967486e-13,-1.5943872849581708e-12,-5.403088254585242e-11,1.0458568767968135e-10,4.4635610832455265e-11,0.9923636198043824,0.35877621471881865,-0.7161703705787659,21.653739547729494,30.137758827209474,109.12874298095703,0.0,0.0,0.0,0.0,0.0,0.0,-5.0446744715693416e-45,0.0,-3.3070643758065685e-44,-5.74532370373175e-42,5.74532370373175e-42,2.382207389352189e-42
345,3.45,-1992.2534,926.12476,-1865.89,461.757,-2007.0123,7.846456,8.547542420639567e-21,-3.4516084336900414e-20,2.3694904267683954e-19,1.4814691281644684e-17,-3.277453236347483e-17,-4.599103112689214e-18,-1.0668090217637316e-12,1.8465944105847816e-13,6.2590506128695765e-12,1.0634308267309933e-09,-9.359256405907374e-11,1.1856138432131402e-10,0.9489735662937164,0.3765133410692215,-0.7364128828048706,19.192682456970214,26.43429298400879,107.60932693481445,0.0,0.0,0.0,0.0,0.0,0.0,-7.146622168056567e-45,5.6051938572992686e-46,-4.498168070482663e-44,-7.707141553786494e-42,8.302693401124541e-42,2.942726775082116e-42
346,3.46,-1980.0269,927.26465,-1861.08,461.08,-2007.2,8.304062,-2.2249459006229335e-21,-4.737458563328706e-20,4.342480744950476e-19,2.883971409520725e-17,-5.473700745434823e-17,-5.593964030113734e-18,-2.0685211573126527e-12,-5.4379437794914704e-14,1.959570361878549e-11,2.9078661922810055e-09,-4.4995702164207783e-10,2.2573215935350889e-10,0.8977325201034546,0.39548117220401763,-0.7746607422828674,16.98301887512207,25.07948875427246,104.82553329467774,0.0,0.0,0.0,0.0,0.0,0.0,-8.828180325246347e-45,1.401298464324817e-45,-5.451051026223538e-44,-9.388699710976274e-42,9.143472479719431e-42,4.414090162623174e-42
347,3.47,-1967.6866,928.4072,-1856.48,460.427,-2007.3275,8.750345,-2.247766629800825e-20,-5.777633401476223e-20,6.839864771550569e-19,4.7217250780694015e-17,-8.05661813319926e-17,-5.804764598573126e-18,-3.3784257726446333e-12,-5.022398133231604e-13,3.948231810935177e-11,5.597225305464804e-09,-1.0040251463561135e-09,3.6451252849456496e-10,0.8422054767608642,0.41509623229503634,-0.8202413201332093,16.032844257354736,26.028886985778808,101.30947341918946,0.0,0.0,0.0,0.0,0.0,0.0,-9.528829557408756e-45,1.401298464324817e-45,-5.647232811229012e-44,-9.668959403841238e-42,9.774056788665599e-42,4.5542200090556555e-42
348,3.48,-1955.2568,929.83496,-1852.01,459.637,-2007.2596,8.977164,-5.491910709927944e-20,-6.019941324704199e-20,9.587328735930776e-19,6.839454552005289e-17,-1.0595588606158839e-16,-4.426701509035452e-18,-4.883917098866264e-12,-1.2180418566126726e-12,6.597498242166822e-11,9.100536946249348e-09,-1.7717151634677464e-09,5.219885773621868e-10,0.7855938017368317,0.4373675674200058,-0.8547945141792297,17.002756309509277,29.49088649749756,97.70826950073243,0.0,0.0,0.0,0.0,0.0,0.0,-7.286752014489049e-45,1.401298464324817e-45,-4.245934346904196e-44,-7.006492321624085e-42,7.251719552880928e-42,3.012791698298357e-42
349,3.49,-1942.8871,931.25726,-1848.57,458.838,-2007.5533,9.319941,-1.0105967270613465e-19,-4.636846258978409e-20,1.1974680034226329e-18,8.849127834336598e-17,-1.226716895229139e-16,-3.848642157781984e-19,-6.3058908355423385e-12,-2.2341723631726094e-12,9.71481395328766e-11,1.3106918839156378e-08,-2.7181743522675106e-09,6.673020691572163e-10,0.7288761675357819,0.46186709105968476,-0.8657979488372802,19.560374069213868,34.76982231140137,94.53753204345703,0.0,0.0,0.0,0.0,0.0,0.0,-1.2611686178923354e-45,1.4012984643248171e-46,-2.382207389352189e-45,2.802596928649634e-43,3.1529215447308384e-43,1.7516230804060213e-43
350,3.5,-1930.6173,932.8928,-1845.72,458.423,-2008.2054,9.920811,-1.5961593108666611e-19,-5.2050644179177225e-21,1.292682768160384e-18,1.0029827044197966e-16,-1.1738025220210362e-16,7.589595098502246e-18,-7.12758727906826e-12,-3.5210829044118876e-12,1.2781765645897282e-10,1.6857186579954942e-08,-3.7206024039448947e-09,7.442213234565287e-10,0.6736202359199523,0.48539512753486636,-0.8463950634002686,23.228619956970213,39.54620590209961,92.21469955444336,0.0,0.0,0.0,0.0,0.0,0.0,1.0930128021733573e-44,-5.6051938572992686e-46,7.623063645927005e-44,1.401298464324817e-41,-1.401298464324817e-41,-5.4650640108667866e-42
351,3.51,-1918.3135,935.03326,-1844.95,458.378,-2008.3005,10.357304,-2.24269461193183e-19,7.640535615489161e-20,1.0796189663366223e-18,9.235649151375682e-17,-7.094405976649565e-17,2.075168318267625e-17,-6.529482510231332e-12,-4.937945451838344e-12,1.480624831073918e-10,1.8954624181333203e-08,-4.523080754381681e-09,6.645158423523867e-10,0.6205126881599426,0.5041534185409546,-0.8039059996604919,27.518957901000977,42.043927383422854,90.68140106201172,0.0,0.0,0.0,0.0,0.0,0.0,3.13890856008759e-44,-2.2420775429197074e-45,2.0571061456288316e-43,3.6573889918877726e-41,-3.7414668997472616e-41,-1.5134023414708024e-41
352,3.52,-1906.377,936.2401,-1839.87,457.986,-2008.3435,10.785885,-2.8086160053495745e-19,2.1149586287809152e-19,3.3298947777629104e-19,4.847592784367961e-17,4.1161527959476e-17,3.994297649742716e-17,-3.3559855469687122e-12,-6.1710156949723595e-12,1.4181021773529423e-10,1.719355555707125e-08,-4.6897735028750274e-09,3.0493452138347087e-10,0.568262654542923,0.5167553186416626,-0.7610438168048859,31.987664413452148,42.30135536193848,89.47476196289062,0.0,0.0,0.0,0.0,0.0,0.0,6.095648319812954e-44,-5.0446744715693416e-45,3.943253878610035e-43,6.852349490548355e-41,-7.097576721805198e-41,-2.858648867222627e-41
353,3.53,-1894.2786,937.857,-1836.87,457.704,-2008.7855,11.760486,-3.043556082227525e-19,4.089270859130038e-19,-1.2207547739326498e-18,-5.17425423752965e-17,2.463786518307196e-16,6.494230723356283e-17,3.845785782928892e-12,-6.667089103018498e-12,8.598242604018758e-11,8.475275903307988e-09,-3.5693818567494874e-09,-4.878821173448511e-10,0.516676065325737,0.523827201128006,-0.7345167636871338,36.545205688476564,42.503863143920896,87.42044296264649,0.0,0.0,0.0,0.0,0.0,0.0,1.003329700456569e-43,-8.688050478813866e-45,6.384315803463867e-43,1.1056244883522807e-40,-1.157472531532299e-40,-4.603265455307024e-41
354,3.54,-1882.4309,939.46185,-1834.52,457.888,-2009.176,12.197683,-2.5628251541419125e-19,6.667209120051177e-19,-3.864718082114707e-18,-2.3059643220199e-16,5.693682282502808e-16,9.353098806016412e-17,1.665907741615902e-11,-5.5779132614869334e-12,-4.900877307060722e-11,-1.1080295909959847e-08,-2.9241110088840114e-10,-1.8785811017885124e-09,0.4667086720466614,0.5287643313407898,-0.7215545356273652,40.97793083190918,44.43362312316894,83.40530776977539,0.0,0.0,0.0,0.0,0.0,0.0,1.455949104433485e-43,-1.3312335411085762e-44,9.174301045934578e-43,1.5792633692940688e-40,-1.6615896540731518e-40,-6.610625505452325e-41
355,3.55,-1870.6163,941.1115,-1832.17,458.266,-2009.4014,13.02814,-8.391371811510871e-20,9.624417963634006e-19,-7.813384284414614e-18,-5.072057163899951e-16,1.021790159129671e-15,1.2029121195075205e-16,3.643289957916407e-11,-1.7430148524597704e-12,-2.962907197368025e-10,-4.567695501833668e-08,6.166939559015816e-09,-4.003039855149382e-09,0.41929624080657957,0.5341307699680329,-0.7116494715213776,45.009880447387694,48.192541885375974,77.23041152954102,0.0,0.0,0.0,0.0,0.0,0.0,1.8889503299098536e-43,-1.793662034335766e-44,1.176670320493549e-42,2.013665893234762e-40,-2.124718796532504e-40,-8.463842724521895e-41
356,3.56,-1858.6177,942.4078,-1830.07,458.581,-2009.2764,13.940514,2.769555483462009e-19,1.2408018036856626e-18,-1.3081806214579276e-17,-8.88625753681438e-16,1.5864441434556914e-15,1.3525578008758523e-16,6.364551281834441e-11,6.247518518145978e-12,-6.856674616972924e-10,-9.885295995104571e-08,1.6822342452371686e-08,-6.8993687651897065e-09,0.37523851096630095,0.5404350638389588,-0.699106240272522,47.653521347045896,52.48609924316406,69.79203262329102,0.0,0.0,0.0,0.0,0.0,0.0,2.1509931427385942e-43,-2.1860256043467146e-44,1.3182014653903555e-42,2.236472349062408e-40,-2.3776531693431334e-40,-9.444751649549267e-41
357,3.57,-1847.7673,943.68976,-1827.84,459.217,-2009.1772,14.846688,8.93061521007269e-19,1.3996872864700654e-18,-1.929277332122402e-17,-1.3562894204068488e-15,2.1953327717378204e-15,1.2268479272556122e-16,9.693544300581891e-11,1.9854189559770365e-11,-1.2313044917000582e-09,-1.7176330544543816e-07,3.235169305781938e-08,-1.0403916661516633e-08,0.33446345627307894,0.5464843392372132,-0.6881999135017395,48.34886207580566,55.70655708312988,62.32615966796875,0.0,0.0,0.0,0.0,0.0,0.0,1.9954490131985396e-43,-2.214051573633211e-44,1.18746031866885e-42,1.9856399239482658e-40,-2.1306743150058844e-40,-8.512888170773264e-41
358,3.58,-1836.4266,944.80255,-1825.97,460.041,-2008.8129,16.110292,1.815506896196198e-18,1.277421337557569e-18,-2.5422830169842197e-17,-1.847546866946717e-15,2.702668449451704e-15,6.046599147274547e-17,1.3178474006503295e-10,4.018601493238627e-11,-1.912608693643847e-09,-2.605749784834188e-07,5.257148245618737e-08,-1.4011278448577968e-08,0.29907109439373014,0.5497786343097687,-0.6920764684677124,46.87953071594238,57.62723922729492,55.85746383666992,0.0,0.0,0.0,0.0,0.0,0.0,1.0789998175301091e-43,-1.6114932339735396e-44,5.6710548851225345e-43,8.842193309889596e-41,-9.973741819831886e-41,-4.088288269667654e-41
359,3.59,-1825.2933,945.7058,-1823.74,460.651,-2009.0254,17.518518,3.0492692894714577e-18,6.463509871301159e-19,-2.950765400260157e-17,-2.233362115849815e-15,2.856368803423159e-15,-7.908842385009063e-17,1.5893179966530723e-10,6.732728506653185e-11,-2.647770447339326e-09,-3.529405802282781e-07,7.568044537720198e-08,-1.670745817250463e-08,0.271515953540802,0.5499604761600494,-0.7277004957199097,42.8194034576416,59.63766365051269,51.09521827697754,0.0,0.0,0.0,0.0,0.0,0.0,-1.0369608636003646e-43,2.8025969286496343e-46,-8.13033369001259e-43,-1.5344218184356747e-40,1.5084977968456656e-40,5.878447057842608e-41
360,3.6,-1814.1251,946.2765,-1820.9,461.103,-2009.2979,19.000769,4.508142279347881e-18,-7.792974442905177e-19,-2.835918717571009e-17,-2.2954082321482582e-15,2.2753871578959808e-15,-3.2597552770079926e-16,1.627474766063841e-10,9.934461864258282e-11,-3.2611931377601875e-09,-4.237663745243481e-07,9.728771459549534e-08,-1.6802230540235997e-08,0.2514337569475174,0.5476030111312866,-0.7993649661540985,35.96322402954102,62.93343658447266,48.157989501953125,0.0,0.0,0.0,0.0,0.0,0.0,-4.82326931420602e-43,3.2369994525903276e-44,-3.2449868538369786e-42,-5.7565340914463485e-40,5.9194364392225725e-40,2.3370155138777137e-40
361,3.61,-1802.823,946.85187,-1818.3,461.943,-2008.785,20.485588,5.9552394226264236e-18,-3.3102496117385215e-18,-1.7392734408387978e-17,-1.7090511143674791e-15,4.453735500261166e-16,-7.054424115715032e-16,1.2003988428266332e-10,1.3097843226672622e-10,-3.449071761529865e-09,-4.3091307020404204e-07,1.0932149479003783e-07,-1.1811583711107687e-08,0.23630208075046538,0.5435697674751282,-0.8962767779827118,26.416070175170898,68.45458602905273,46.50714530944824,0.0,0.0,0.0,0.0,0.0,0.0,-1.0701716372048629e-42,8.491868693808392e-44,-6.972721028633857e-42,-1.2189895341161584e-39,1.2677210895115182e-39,5.014546554586358e-40
362,3.62,-1791.4529,947.25183,-1815.32,462.58,-2008.7913,22.241076,6.9337629439265924e-18,-7.210030391094249e-18,9.27895620746779e-18,-4.301257699713601e-17,-3.2487055072179336e-15,-1.2257276348621287e-15,6.057316107033195e-14,1.5212404252951117e-10,-2.7519767131778396e-09,-3.120885125440509e-07,9.904147191264201e-08,1.5262997893339402e-09,0.22126996368169785,0.5398144423961639,-1.0059912502765656,14.72438087463379,75.89506454467774,45.35237770080566,0.0,0.0,0.0,0.0,0.0,0.0,-1.8829247465132568e-42,1.60869063704489e-43,-1.2070784971693974e-41,-2.0943806847798716e-39,2.1905115811205577e-39,8.674037494170618e-40
363,3.63,-1779.4199,947.3209,-1813.6,463.191,-2008.6508,24.047812,6.700170447664068e-18,-1.2569259960750798e-17,5.826166143300037e-17,3.2084341410099396e-15,-9.428154286946518e-15,-1.859474329629743e-15,-2.3315615688135337e-10,1.4637168699316305e-10,-5.494959195995186e-10,1.4984027352227258e-08,4.8557301646212635e-08,2.6980432288326028e-08,0.20279627293348312,0.5387174248695373,-1.1220788836479187,2.580300882458687,83.82574844360352,43.69934501647949,0.0,0.0,0.0,0.0,0.0,0.0,-2.8828913306554464e-42,2.5853956666792875e-43,-1.8261721587081016e-41,-3.150259077648621e-39,3.309028996253552e-39,1.3112300055303395e-39
364,3.64,-1767.8569,947.174,-1810.61,463.58,-2008.9526,25.988285,4.182589384691815e-18,-1.9114582735412338e-17,1.355232347111477e-16,8.539963500565363e-15,-1.8535118423678712e-14,-2.51856554190445e-15,-6.146395753470202e-10,9.011067898800906e-11,3.900598033457215e-09,6.460844730327153e-07,-6.452133920475944e-08,6.814481778860682e-08,0.17978180795907975,0.5386329829692841,-1.2200505018234253,-7.401788854598999,88.60329055786133,40.45036354064941,0.0,0.0,0.0,0.0,0.0,0.0,-3.939049983217061e-42,3.6896188565672435e-43,-2.467013972413127e-41,-4.232902271185975e-39,4.463700192025819e-39,1.770715771982447e-39
365,3.65,-1756.6959,947.2843,-1805.71,464.363,-2008.6274,27.672964,-1.9988920780270162e-18,-2.5949391510225282e-17,2.439536137080872e-16,1.6272415086536006e-14,-3.0527329152225686e-14,-3.0239267646424602e-15,-1.1668103150341835e-09,-4.699399089270681e-11,1.1348703887748002e-08,1.6737392797949724e-06,-2.644352392167093e-07,1.271664331170541e-07,0.1539151683449745,0.5321541130542755,-1.2491204738616943,-10.956850624084472,84.03086547851562,34.47755298614502,0.0,0.0,0.0,0.0,0.0,0.0,-4.7781475036547615e-42,4.699955049345436e-43,-2.952844149994541e-41,-5.0330436943154455e-39,5.3335567742748345e-39,2.1185530832894747e-39
366,3.66,-1744.8264,947.08,-1802.28,464.878,-2008.4751,29.456478,-1.339791229304968e-17,-3.1241834186352055e-17,3.7957028144727303e-16,2.6289934008797475e-14,-4.4434027380376057e-14,-3.074846107915005e-15,-1.8806770585300114e-09,-2.990043157513611e-10,2.2329991011815765e-08,3.155654803776997e-06,-5.71556017803232e-07,2.0271844221042555e-07,0.12620621547102928,0.5105417102575303,-1.1310752630233765,-2.3320185005664826,60.937523651123044,24.65828971862793,0.0,0.0,0.0,0.0,0.0,0.0,-4.9378955285877906e-42,5.215632884216969e-43,-2.987680429817656e-41,-5.038508758326312e-39,5.381691937043778e-39,2.142235027336564e-39
367,3.67,-1733.0834,946.5068,-1797.85,464.936,-2008.9541,31.422823,-3.142727501023277e-17,-3.1906455279692693e-17,5.262596007774945e-16,3.766357512598618e-14,-5.777875871975855e-14,-2.2268063772995984e-15,-2.6889636073335055e-09,-6.967356191989182e-10,3.679647022636345e-08,5.064085962658283e-06,-9.924607695666054e-07,2.8713083111142623e-07,0.09493403732776642,0.4652187764644623,-0.7793132305145264,26.276703929901124,8.409067851305007,10.11932008266449,0.0,0.0,0.0,0.0,0.0,0.0,-3.727313785257581e-42,4.604666753771349e-43,-2.1352425479995833e-41,-3.4973607072618784e-39,3.817981439275404e-39,1.5279057805765643e-39
368,3.68,-1721.0704,945.7055,-1793.66,465.173,-2009.0594,33.685146,-5.679092834818067e-17,-2.3371506457697047e-17,6.492920628084677e-16,4.817013385665248e-14,-6.592123290923187e-14,1.0731347341175613e-16,-3.4318285546675044e-09,-1.2552022199407986e-09,5.3581479519948513e-08,7.2137445386033505e-06,-1.504889360148809e-06,3.6276692867431847e-07,0.05783401541411877,0.3882055342197418,-0.10843185689300298,84.44204788208008,-84.40024261474609,-9.838589948415756,0.0,0.0,0.0,0.0,0.0,0.0,-2.268702213741879e-43,2.0094619978417878e-43,1.7926811254107384e-42,5.753731494517699e-40,-3.977233965071448e-40,-1.3627627565558846e-40
369,3.69,-1708.9531,944.6658,-1788.95,465.051,-2008.7345,35.81562,-8.859824139924745e-17,4.1556432110958335e-19,6.884515288666008e-16,5.375550062047298e-14,-6.144455163583067e-14,4.610979808320197e-15,-3.8187445650095245e-09,-1.9540823847918885e-09,6.970335704181707e-08,9.170202247332782e-06,-2.0373872075651887e-06,3.980500338229831e-07,0.011230500368401408,0.27759619802236557,0.9512612491846084,181.3841751098633,-226.1885223388672,-35.271217346191406,0.0,0.0,0.0,0.0,0.0,0.0,6.647339525217634e-42,-3.658790290352098e-43,4.62257534814542e-41,8.314183908402159e-39,-8.468824060302877e-39,-3.329309988927725e-39
370,3.7,-1695.9619,943.3853,-1783.86,465.265,-2008.2725,38.021156,-1.231335818830076e-16,4.6521370697441123e-17,5.525304652794405e-16,4.805556756833865e-14,-3.381936920383833e-14,1.1944424094278202e-14,-3.394655001542901e-09,-2.7106324962389294e-09,7.957102283739914e-08,1.014858153212117e-05,-2.444891606501187e-06,3.440343050442607e-07,-0.050480955839157106,0.1395424000918865,2.4277508735656737,321.6580551147461,-419.83452758789065,-63.918104553222655,0.0,0.0,0.0,0.0,0.0,0.0,1.7960582547097613e-41,-1.3544950956163682e-42,1.1835240712825617e-40,2.0795407518738713e-38,-2.1548169779620746e-38,-8.509314859689235e-39
371,3.71,-1683.0723,941.75446,-1777.51,464.899,-2008.0724,40.309063,-1.5233486009812033e-16,1.2180710049433878e-16,1.1817555327384885e-16,2.217643932970689e-14,3.0290260798030587e-14,2.2519376161457377e-14,-1.5248661215661042e-09,-3.3462659976279953e-09,7.424357661989234e-08,8.924588792069699e-06,-2.483945854692138e-06,1.3308877218065617e-07,-0.13822537064552307,-0.00755964737618342,4.271414709091187,501.0988433837891,-655.1098022460938,-90.94287338256837,0.0,0.0,0.0,0.0,0.0,0.0,3.4417852101667564e-41,-2.8593495164547892e-42,2.2208997192283665e-40,3.864920986168616e-38,-4.0333573138141826e-38,-1.5957041035267598e-38
372,3.72,-1670.5801,939.6131,-1770.97,464.095,-2007.5183,42.73795,-1.6217499007713932e-16,2.306215043772287e-16,-7.624558127924079e-16,-3.495362439547375e-14,1.455681298970831e-13,3.613775267528527e-14,2.5789908736362222e-09,-3.5511135587640295e-09,4.102288837515289e-08,3.7969249575553476e-06,-1.794833349322289e-06,-3.179054729685049e-07,-0.2684289708733559,-0.12668386623263359,6.277790641784668,701.0436828613281,-899.4839111328125,-109.17126083374023,0.0,0.0,0.0,0.0,0.0,0.0,5.580516991342508e-41,-4.903283456518967e-42,3.5531954445729008e-40,6.144805309422083e-38,-6.442324683368259e-38,-2.5518310652125473e-38
373,3.73,-1657.7792,937.5651,-1763.24,463.402,-2006.8445,45.35099,-1.3135315254547187e-16,3.7109067961093553e-16,-2.239271345915128e-15,-1.3522938194579503e-13,3.2479526067361735e-13,5.147722187208957e-14,9.761169161848215e-09,-2.855572667215256e-09,-3.6181053059136656e-08,-7.33887022761337e-06,9.734533676919454e-08,-1.0965711112476129e-06,-0.45859667658805847,-0.15599854588508605,8.003745412826538,879.5224975585937,-1088.040704345703,-108.4186408996582,0.0,0.0,0.0,0.0,0.0,0.0,8.01877631926769e-41,-7.366626026955563e-42,5.048375300813623e-40,8.683509599166191e-38,-9.140359074791395e-38,-3.624227263729526e-38
374,3.74,-1645.6421,935.1519,-1754.97,461.958,-2006.1343,48.1424,-3.099128738266434e-17,5.298231954415353e-16,-4.420023070152764e-15,-2.8848181710203896e-13,5.731180910710162e-13,6.543755134654806e-14,2.071452307461641e-08,-6.24206653032644e-10,-1.7509541692106722e-07,-2.6722714756033385e-05,3.745102048924309e-06,-2.2722977405464918e-06,-0.7184331178665161,-0.008177338959649205,8.661666584014892,961.3919921875,-1111.4075805664063,-75.61518898010254,0.0,0.0,0.0,0.0,0.0,0.0,1.0288165169257088e-40,-9.885039627040124e-42,6.399662824245152e-40,1.0943551339983033e-37,-1.1569326616807392e-37,-4.592440424670115e-38
375,3.75,-1632.743,932.68384,-1746.14,460.563,-2005.8849,51.29129,1.736221744911602e-16,6.751658859103441e-16,-7.297340967713124e-15,-4.975029394525821e-13,8.792590516348147e-13,7.241773099155719e-14,3.5624252703314593e-08,3.905040091289891e-09,-3.911697092462418e-07,-5.616795097012073e-05,9.681633855507243e-06,-3.8576656834266035e-06,-1.0407490313053132,0.42812281996011736,7.0317870616912845,830.9621459960938,-804.694921875,4.39904248714447,0.0,0.0,0.0,0.0,0.0,0.0,1.1530542374742827e-40,-1.1735454249181047e-41,7.055087951068406e-40,1.196581258269263e-37,-1.2727217183697569e-37,-5.059889209775595e-38
376,3.76,-1619.592,930.141,-1737.48,459.252,-2005.1963,54.65203,5.178464036772437e-16,7.497199206886988e-16,-1.0642368012374207e-14,-7.505434208160411e-13,1.2034912237786356e-12,6.368112620883624e-14,5.363181259099292e-08,1.1505623565000178e-08,-6.906682301632827e-07,-9.610030538169667e-05,1.823838010750478e-05,-5.750963237005635e-06,-1.3939196944236756,1.2789831817150117,1.437869369983673,329.870866394043,51.708061599731444,146.83147506713868,0.0,0.0,0.0,0.0,0.0,0.0,1.0394005242267542e-40,-1.1717938018376986e-41,6.156133966727071e-40,1.0267368779007736e-37,-1.1057908953475162e-37,-4.4100894555075264e-38
377,3.77,-1605.9005,927.80536,-1727.77,458.192,-2003.6154,58.256317,1.0274091904132988e-15,6.637238101637864e-16,-1.3866237412435812e-14,-1.0112092261628514e-12,1.4630272904617159e-12,2.7087306960189384e-14,7.211440049559314e-08,2.273494406068721e-08,-1.0600730661280978e-06,-0.00014411737065529452,2.925255485024536e-05,-7.659659104319871e-06,-1.7080960035324098,2.6625679612159727,-10.137092685699463,-735.4176620483398,1713.9264831542969,362.49474639892577,0.0,0.0,0.0,0.0,0.0,0.0,4.983760027325142e-41,-8.074702140978894e-42,2.512881273747407e-40,3.8040620193306185e-38,-4.407705216235401e-38,-1.7888660903416142e-38
378,3.78,-1592.1256,925.37244,-1717.08,456.316,-2002.0354,62.18959,1.7013944870957159e-15,2.921596268930626e-16,-1.5861711765005268e-14,-1.2064145797803516e-12,1.5168831251841098e-12,-5.2380865758153846e-14,8.582790229638704e-08,3.7558795895620276e-08,-1.4515800103254151e-06,-0.0001930597354657948,4.1650902494438925e-05,-9.010432222567033e-06,-1.8589322447776795,4.646914124488831,-29.75227108001709,-2567.913049316406,4431.1014404296875,650.4397644042969,0.0,0.0,0.0,0.0,0.0,0.0,-7.066818220513269e-41,1.4926631241987952e-42,-5.3422738316318605e-40,-9.930007140617478e-38,9.87553890752991e-38,3.8568497592478287e-38
379,3.79,-1577.8186,923.16406,-1706.21,454.756,-2000.5513,66.7823,2.4873818545446934e-15,-5.200130530758271e-16,-1.4855035045346865e-14,-1.2142673151693816e-12,1.1543817388538075e-12,-1.9070679416069782e-13,8.604838797054981e-08,5.480362652576787e-08,-1.7654671069067263e-06,-0.00022872697154525669,5.292108799039852e-05,-8.860778871166986e-06,-1.65800142288208,7.180411434173584,-58.92958717346191,-5326.960693359375,8363.55205078125,987.2999877929688,0.0,0.0,0.0,0.0,0.0,0.0,-2.831246475752755e-40,1.9629108628569172e-41,-1.896461149548788e-39,-3.356595859627691e-37,3.4595603785062483e-37,1.364226407196678e-37
380,3.8,-1563.3334,920.8749,-1694.32,452.871,-1997.9393,71.39389,3.2489893691343822e-15,-1.9384376314727213e-15,-8.323262339460615e-15,-8.555529060812889e-13,9.427141006842707e-14,-4.00829285669875e-13,5.997523864209597e-08,7.144283173943222e-08,-1.8318153024665663e-06,-0.00022760698193451389,5.8527454530121756e-05,-5.840908647769538e-06,-0.8491116091609001,9.997370719909668,-97.713330078125,-9037.999169921875,13449.1158203125,1313.6329467773437,0.0,0.0,0.0,0.0,0.0,0.0,-6.088676859952938e-40,4.883399031310198e-41,-3.960087396802276e-39,-6.9168213719675795e-37,7.198794460490842e-37,2.8460059937450815e-37
381,3.81,-1548.4747,918.79193,-1682.03,451.139,-1995.4983,76.79849,3.728646275945129e-15,-4.0983502593892686e-15,6.935680824711651e-15,1.0516154076593896e-13,-1.9952487199329655e-12,-6.857845237864812e-13,-9.173432802267455e-09,8.178027073313388e-08,-1.396599679992505e-06,-0.00015533031400991604,5.139864770171698e-05,1.8275870417028273e-06,0.8919760905206203,12.502966499328613,-143.28606719970702,-13461.6302734375,19216.7126953125,1517.1348754882813,0.0,0.0,0.0,0.0,0.0,0.0,-1.054475833235807e-39,9.055877312714487e-41,-6.75140765631995e-39,-1.1706369346671028e-36,1.2249424203905035e-36,4.84954126138914e-37
382,3.82,-1533.6029,916.637,-1668.42,449.099,-1992.2153,82.529396,3.512561712474334e-15,-7.034235000713931e-15,3.4457668923043585e-14,1.9400680714709574e-12,-5.442040524814007e-12,-1.0284264271350625e-12,-1.4074912186856635e-07,7.668548178685341e-08,-1.2055866989157947e-07,3.2989928331517146e-05,2.1712659406603053e-05,1.6169605805771427e-05,4.013752770423889,13.70702838897705,-189.0958480834961,-18014.76943359375,24674.723046875,1419.8872436523438,0.0,0.0,0.0,0.0,0.0,0.0,-1.595820271169452e-39,1.4376607581755817e-40,-1.00974240656692e-38,-1.7410194257794675e-36,1.829345218593323e-36,7.250132206822092e-37
383,3.83,-1518.8234,914.7421,-1653.86,447.045,-1987.7748,88.78008,2.010748701830923e-15,-1.0574128581747853e-14,7.733836662716323e-14,4.9089747891639665e-12,-1.04653340680938e-11,-1.377662307150418e-12,-3.5313775583745153e-07,4.3164927987504596e-08,2.3967517790879357e-06,0.00038885856047272683,-4.26737749876338e-05,3.906548936356557e-05,9.116935300827027,12.49355173110962,-229.5944091796875,-22234.108984375,28936.6515625,822.3579376220703,0.0,0.0,0.0,0.0,0.0,0.0,-2.1565148192074196e-39,2.0290395386868698e-40,-1.3491052533070665e-38,-2.3134350866176125e-36,2.4406810945307013e-36,9.68309543370004e-37
384,3.84,-1503.588,913.47076,-1637.9,444.942,-1983.4352,96.822754,-1.5275361412900154e-15,-1.4197767124430683e-14,1.368644015123637e-13,9.16760200739275e-12,-1.70056919934769e-11,-1.6321546870111392e-12,-6.571859444193251e-07,-3.528156982124386e-08,6.551362184836762e-06,0.0009607804997358472,-0.00015467570337932557,7.153550322982482e-05,16.668142890930177,8.315433359146118,-266.12308197021486,-26321.21015625,31963.9052734375,-373.117893409729,0.0,0.0,0.0,0.0,0.0,0.0,-2.582134004373725e-39,2.5535665733606137e-40,-1.5932030800406174e-38,-2.7135066142985735e-36,2.877209771637035e-36,1.1429683166677072e-36
385,3.85,-1488.1697,912.5601,-1619.78,442.463,-1977.2036,105.32751,-7.934272093433853e-15,-1.6868147842603355e-14,2.1040999888602418e-13,1.462139879657154e-11,-2.4480363222667555e-11,-1.624118526298568e-12,-1.0457458586188295e-06,-1.7688805868942837e-07,1.2608752695086877e-05,0.0017764909658581018,-0.00032473053579451516,0.00011261400140938349,26.74866943359375,1.3752191439270973,-304.3801971435547,-30884.9927734375,34241.372265625,-2124.677490234375,0.0,0.0,0.0,0.0,0.0,0.0,-2.6141281706514963e-39,2.786599705380902e-40,-1.5769601250731814e-38,-2.6553837852872182e-36,2.8395297393098928e-36,1.1304253546496294e-36
386,3.86,-1472.4751,911.7148,-1599.79,439.238,-1969.4052,114.820496,-1.7943094909590685e-14,-1.6863285365266346e-14,2.885537376531508e-13,2.0718499658956003e-11,-3.146891358607462e-11,-1.1082933778615995e-12,-1.4788961721023953e-06,-3.976427962015805e-07,2.0498894991760606e-05,0.002814814122393727,-0.0005552455928409472,0.0001577727700350806,39.08299560546875,-7.608531355857849,-350.92902221679685,-36586.759375,36382.69375,-4292.739794921875,0.0,0.0,0.0,0.0,0.0,0.0,-1.8711988210936332e-39,2.3813007492457707e-40,-1.0597078613120565e-38,-1.7245930329957796e-36,1.8917573392471074e-36,7.578907677539684e-37
387,3.87,-1457.1003,910.71576,-1577.9,435.285,-1959.4297,124.95257,-3.187054434380596e-14,-1.1660179488344034e-14,3.5156749473436164e-13,2.618813360610872e-11,-3.536023904238128e-11,2.3563024768120597e-13,-1.86531044619187e-06,-7.042448544325453e-07,2.9521215037675574e-05,0.003966030199080706,-0.0008322787936776877,0.0001969539123820141,53.02451019287109,-17.573326873779298,-409.66663513183596,-43778.214453125,38779.0375,-6671.07783203125,0.0,0.0,0.0,0.0,0.0,0.0,1.4910011842201058e-40,8.601366155810733e-41,2.7202587328336044e-39,6.156916675997304e-37,-5.3301734624469875e-37,-1.996063401299835e-37
388,3.88,-1441.8418,909.35443,-1555.3,431.821,-1946.8871,135.17288,-4.9124983933696886e-14,2.0440215588973907e-15,3.6576645846223693e-13,2.8753625695709938e-11,-3.203316761152264e-11,2.775179868894084e-12,-2.041876018665789e-06,-1.0832751058842404e-06,3.796534911089111e-05,0.004982112161815167,-0.0011144049232825637,0.0002124493883457035,67.37069206237793,-27.312930297851562,-479.9944366455078,-52324.56640625,41434.47890625,-8996.884375,0.0,0.0,0.0,0.0,0.0,0.0,4.0299386220027075e-39,-2.361386896769251e-40,2.7766731312673795e-38,4.9747671574360576e-36,-5.08177495375657e-36,-1.9991715076381185e-36
389,3.89,-1427.0804,907.4829,-1530.88,426.582,-1932.6104,145.52182,-6.753180778256915e-14,2.8050694261133343e-14,2.807133675898979e-13,2.488433157449288e-11,-1.5700726764718286e-11,6.856464571450283e-12,-1.7561888512318546e-06,-1.4863445812807185e-06,4.268501288606785e-05,0.005422601522877812,-0.0013195388484746218,0.00017713578417897225,80.56980667114257,-35.979834365844724,-558.3962829589843,-61799.7234375,44108.462109375,-11010.796875,0.0,0.0,0.0,0.0,0.0,0.0,1.0331774558375802e-38,-7.89564142061054e-40,6.789660273773119e-38,1.1915137186424956e-35,-1.2357862266331727e-35,-4.8811844371538e-36
390,3.9,-1412.477,905.625,-1505.66,422.116,-1916.7018,155.38007,-8.250942314905369e-14,6.995940387058679e-14,2.894393895429758e-14,9.69974631214246e-12,2.0879458893178356e-11,1.2677368269736755e-11,-6.600307294490903e-07,-1.811998220091482e-06,3.871201333822682e-05,0.004608674487099051,-0.0013118484173901379,5.394305881054606e-05,91.4657699584961,-43.42091102600098,-640.3177368164063,-71700.025,46472.322265625,-12551.2044921875,0.0,0.0,0.0,0.0,0.0,0.0,1.9398311268248714e-38,-1.6220551007588486e-39,1.2498391870705955e-37,2.1735105068683403e-35,-2.269399765319708e-35,-8.979477009279235e-36
391,3.91,-1398.3269,903.5918,-1479.96,418.82,-1898.314,165.38742,-8.620895270978861e-14,1.2986884855817512e-13,-4.693226235701238e-13,-2.2801193615487602e-11,8.554804503679847e-11,2.0086730195822965e-11,1.6737997867721788e-06,-1.8868855477194303e-06,1.9067125094807125e-05,0.0016072755408458761,-0.0008928698254749179,-0.00020211446899338626,99.69331283569336,-49.96010131835938,-720.6016296386719,-81476.846875,48140.2625,-13579.40712890625,0.0,0.0,0.0,0.0,0.0,0.0,3.104609790329421e-38,-2.740558643037046e-39,1.9744851845982824e-37,3.4127605460025e-35,-3.5794420002278466e-35,-1.417958226888468e-35
392,3.92,-1384.4576,901.1569,-1452.41,413.942,-1879.0159,178.49225,-6.684840466006544e-14,2.0631419478649853e-13,-1.2932348117736248e-12,-7.894927350760028e-11,1.8489368786012151e-10,2.830152015520504e-11,5.69444803204533e-06,-1.4513061955767626e-06,-2.498811565487813e-05,-0.004721418651752174,0.00019647007757157554,-0.0006375528872013092,105.38998947143554,-55.952463912963864,-794.3923278808594,-90607.96640625,48770.624609375,-14133.32783203125,0.0,0.0,0.0,0.0,0.0,0.0,4.412358353903053e-38,-4.070486734496257e-39,2.7748312421450954e-37,4.7703489875759594e-35,-5.023290318001621e-35,-1.9919665681363397e-35
393,3.93,-1371.026,898.92755,-1424.3,410.646,-1857.6823,191.3001,-8.629856184993795e-15,2.913554868286955e-13,-2.496335473403666e-12,-1.6376635325610068e-10,3.210424204258544e-10,3.555174522829052e-11,1.1755380182876251e-05,-1.5770936983017237e-07,-0.00010292019651387818,-0.015568068902939557,0.0022532582632265987,-0.0012875364569481461,108.82316665649414,-61.56143417358398,-857.9778930664063,-98674.74921875,48159.501171875,-14277.92705078125,0.0,0.0,0.0,0.0,0.0,0.0,5.595222161375195e-38,-5.401751244300895e-39,3.4758166289935137e-37,5.939828457783009e-35,-6.282526846198458e-35,-2.4941413995288745e-35
394,3.94,-1357.7709,896.7334,-1395.67,408.846,-1836.2626,202.3798,1.0718463673586344e-13,3.6691279355072217e-13,-4.065908460609835e-12,-2.781835123366605e-10,4.867916625350688e-10,3.8694225948376906e-11,1.9915232769562863e-05,2.4051653895185154e-06,-0.00022269509208854287,-0.0318554388359189,0.005556967435404658,-0.0021543351467698812,110.26268081665039,-66.7641471862793,-909.133203125,-105401.76015625,46252.9546875,-14081.4962890625,0.0,0.0,0.0,0.0,0.0,0.0,6.171048210490634e-38,-6.32560321949666e-39,3.767785639088702e-37,6.383505139970828e-35,-6.795113670460868e-35,-2.702033960908638e-35
395,3.95,-1344.2988,895.43933,-1366.22,408.597,-1813.2865,211.59947,2.992763832978043e-13,4.007659113423878e-13,-5.864369927166546e-12,-4.148940829784564e-10,6.59025506388744e-10,3.2884832010249276e-11,2.9641536275448744e-05,6.645745679634274e-06,-0.0003869088744977489,-0.05370139665901661,0.010266761109232903,-0.003175585740245879,110.02304306030274,-71.36474609375,-947.0746948242188,-110663.28046875,43106.747265625,-13618.21640625,0.0,0.0,0.0,0.0,0.0,0.0,5.389657393956478e-38,-6.173053384515174e-39,3.1748467313399484e-37,5.279829734468158e-35,-5.698605537557256e-35,-2.2739165363559798e-35
396,3.96,-1330.2393,894.96075,-1337.36,409.274,-1788.5823,219.35292,5.804630051359921e-13,3.4313432900178605e-13,-7.55380983458176e-12,-5.52830337063881e-10,7.908176891113783e-10,1.146532327493113e-11,3.941691138606984e-05,1.2841162788390648e-05,-0.0005869208660442382,-0.07962305843830109,0.01625894382596016,-0.004182505328208208,108.53660125732422,-75.13943405151367,-972.1388916015625,-114463.12734375,38830.21484375,-12978.14853515625,0.0,0.0,0.0,0.0,0.0,0.0,2.2109664048692302e-38,-3.975335065522441e-39,1.0445712959419341e-37,1.5085539025940996e-35,-1.8122840846889246e-35,-7.41470442032112e-36
397,3.97,-1315.8329,894.94476,-1309.23,409.767,-1762.7175,225.43848,9.482175895164646e-13,1.2543799786585759e-13,-8.511026258761766e-12,-6.50666448498427e-10,8.03415034500432e-10,-3.36979154649808e-11,4.627698435797356e-05,2.0928001868014688e-05,-0.0007949112507048995,-0.10548298060894012,0.022898138873279093,-0.004851454496383667,106.20142974853516,-77.92261276245117,-985.4173950195312,-116898.2703125,33564.7552734375,-12244.37236328125,0.0,0.0,0.0,0.0,0.0,0.0,-4.648250541167119e-38,1.5206123023294464e-39,-3.4176569021120347e-37,-6.286107985720435e-35,6.299532182864292e-35,2.465434592007385e-35
398,3.98,-1302.1768,895.8963,-1281.3,410.911,-1735.8121,229.47374,1.370966925054451e-12,-3.3632113885300947e-13,-7.75024506377564e-12,-6.404296759576767e-10,5.804593056213392e-10,-1.1110106445944013e-10,4.5357920316746456e-05,3.020047388417879e-05,-0.0009543506952468306,-0.12325839996337891,0.02875011693686247,-0.004657479096204042,103.25303115844727,-79.64317932128907,-988.4175109863281,-118117.6265625,27480.8384765625,-11472.99814453125,0.0,0.0,0.0,0.0,0.0,0.0,-1.6548587467127158e-37,1.1734496181420986e-38,-1.1038086925284411e-36,-1.950019014919076e-34,2.012591543486056e-34,7.939223814443013e-35
399,3.99,-1289.3795,897.5572,-1253.19,412.244,-1707.7338,231.70435,1.770406033146238e-12,-1.1302381610917706e-12,-3.884583941408254e-12,-4.2328961169513235e-10,-3.16624962359846e-11,-2.2732829091376415e-10,2.960197380161844e-05,3.892161294061225e-05,-0.0009703188901767134,-0.11984575465321541,0.03126969505101442,-0.0028460198198445143,99.85298767089844,-80.3673194885254,-982.6489990234375,-118272.3578125,20759.4978515625,-10700.088671875,0.0,0.0,0.0,0.0,0.0,0.0,-3.458197240201704e-37,2.797267524343099e-38,-2.2449977143947077e-36,-3.917798188275642e-34,4.080109667635466e-34,1.613319665495778e-34
400,4.0,-1274.9532,899.6184,-1227.53,414.183,-1679.1295,231.82176,2.00151646558705e-12,-2.3252393283393345e-12,4.825314676499452e-12,1.291224951667589e-10,-1.211662831179794e-09,-3.832197170705598e-10,-1.013910217011471e-05,4.388516208564397e-05,-0.0007025108876405284,-0.07630196623504162,0.02653625328093767,0.0015513616372118122,96.13641128540038,-80.1982307434082,-969.3980895996094,-117484.67109375,13595.880859375,-9940.36640625,0.0,0.0,0.0,0.0,0.0,0.0,-5.898184021611379e-37,5.091885786286725e-38,-3.771644546010147e-36,-6.535850022877425e-34,6.842029704821412e-34,2.709063589318111e-34
401,4.01,-1261.6154,902.56195,-1200.49,417.451,-1650.027,230.35463,1.8342758410262727e-12,-3.931764961349893e-12,2.0268200052325768e-11,1.1630517104954663e-09,-3.131998105310174e-09,-5.681921433353665e-10,-8.425923697359394e-05,4.0016563434619454e-05,3.437826235312969e-05,0.031831969227641824,0.009163290789001622,0.009620545292273163,92.19981307983399,-79.17891998291016,-949.7685729980469,-115855.7796875,6217.244311523437,-9186.79853515625,0.0,0.0,0.0,0.0,0.0,0.0,-8.824111896178517e-37,7.983596328957246e-38,-5.5773016952005334e-36,-9.611482915921701e-34,1.0102992828008505e-33,4.004454323162441e-34
402,4.02,-1248.3134,905.75604,-1173.87,421.729,-1619.6195,226.76909,9.44286931091852e-13,-5.843363813651248e-12,4.404147879721876e-11,2.814446742327448e-09,-5.89985043042418e-09,-7.527189649358945e-10,-0.0002023723442107439,2.01728105366783e-05,0.0014560465700924397,0.23220294564962388,-0.027425873558968306,0.022341237403452396,88.07914199829102,-77.30708694458008,-924.8375061035156,-113484.92265625,-1116.7695529937744,-8420.605224609375,0.0,0.0,0.0,0.0,0.0,0.0,-1.1793395676182558e-36,1.114524078847269e-37,-7.369140436205156e-36,-1.2629240849698472e-33,1.3329590098342822e-33,5.288928870043833e-34
403,4.03,-1235.254,909.62775,-1147.44,426.941,-1588.8729,221.57237,-1.076369291548758e-12,-7.759173208457537e-12,7.668431029062007e-11,5.1573750603495224e-09,-9.462521877168228e-09,-8.795480954670865e-10,-0.0003696153173223138,-2.4609490287730297e-05,0.0037708335788920523,0.5501392006874084,-0.09009569436311722,0.04018505699932575,83.69392852783203,-74.59776763916015,-895.7739074707031,-110485.68828125,-8122.369482421875,-7618.97578125,0.0,0.0,0.0,0.0,0.0,0.0,-1.3932450383786818e-36,1.3857800142946001e-37,-8.582260076789298e-36,-1.4605084855615514e-33,1.5495647824664127e-33,6.156584392930795e-34
404,4.04,-1222.9937,913.4838,-1121.81,433.644,-1557.0115,214.05908,-4.6723158328432216e-12,-9.09312382335603e-12,1.165129291658129e-10,8.122813310862398e-09,-1.3472793369828651e-08,-8.551712560311842e-10,-0.000580841168994084,-0.00010407133522676304,0.007108610682189464,0.9986616134643554,-0.1841558501124382,0.06249079629778862,78.86282043457031,-71.13048477172852,-863.8558410644531,-106990.35078125,-14514.17763671875,-6763.9599609375,0.0,0.0,0.0,0.0,0.0,0.0,-1.3799029192095157e-36,1.4862063780803073e-37,-8.296926903240495e-36,-1.3947276563856432e-33,1.4933268092850216e-33,5.94686279276166e-34
405,4.05,-1210.179,917.3512,-1097.66,440.299,-1524.4552,205.16048,-1.022257781896352e-11,-8.885305251976616e-12,1.5804157288412668e-10,1.1384881304365991e-08,-1.7117933914789773e-08,-5.44410505565196e-10,-0.0008124998479615897,-0.00022646502329735086,0.01140673691406846,1.5628593802452087,-0.3102586418390274,0.08659911751747132,73.41161270141602,-67.06930999755859,-830.3684387207031,-103138.42734375,-20044.7302734375,-5851.62607421875,0.0,0.0,0.0,0.0,0.0,0.0,-9.289797455452306e-37,1.2236696355688613e-37,-5.1870013566910604e-36,-8.373158897143192e-34,9.240959060936602e-34,3.707686953055183e-34
406,4.06,-1197.9138,921.26544,-1074.5,447.681,-1490.9518,194.84604,-1.786194681746567e-11,-5.7448287012901165e-12,1.9008422058597318e-10,1.4218824340161973e-08,-1.893073537928558e-08,2.2727116577581086e-10,-0.0010125252068974079,-0.00039460774860344827,0.016247684136033058,2.178124952316284,-0.4598033130168915,0.10678599178791046,67.27644500732421,-62.6372875213623,-796.4099182128906,-99056.315625,-24542.8310546875,-4893.224609375,0.0,0.0,0.0,0.0,0.0,0.0,2.3357091281609743e-37,3.365163163020431e-38,2.455136790837264e-36,5.03980167153362e-34,-4.668995722298128e-34,-1.786408099161857e-34
407,4.07,-1185.8873,925.2428,-1051.67,455.566,-1456.4507,183.35664,-2.7208994952954145e-11,2.1284926620714072e-12,1.938207164209338e-10,1.5347825410572113e-08,-1.6623792475911613e-08,1.6571557515110414e-09,-0.001089461415540427,-0.0005998850916512311,0.020652743987739086,2.703155279159546,-0.6088532626628875,0.11313367411494255,60.53423919677734,-58.06401672363281,-762.7316345214844,-94843.37421875,-27933.341015625,-3908.9340087890623,0.0,0.0,0.0,0.0,0.0,0.0,2.4212286683387468e-36,-1.4914435909608749e-37,1.6552648582538042e-35,2.955774686037987e-33,-3.0267127028045405e-33,-1.1914830346813136e-33
408,4.08,-1173.6188,929.08417,-1030.3,462.782,-1420.7479,170.86273,-3.699641773491358e-11,1.6775946604097315e-11,1.4138909418259792e-10,1.2815294603285565e-08,-7.0200009957832595e-09,3.925973568463803e-09,-0.0009034597256686539,-0.0008141166646964848,0.022853892855346204,2.8910979509353636,-0.7110361278057098,0.0906277634203434,53.37648735046387,-53.54805717468262,-729.7199462890625,-90568.4609375,-30236.685546875,-2921.5123291015625,0.0,0.0,0.0,0.0,0.0,0.0,5.927570313153026e-36,-4.5850185090109506e-37,3.885532636178871e-35,6.810873520926455e-33,-7.069914492686476e-33,-2.793136263128291e-33
409,4.09,-1162.1604,932.56604,-1009.44995,470.194,-1383.6764,157.2516,-4.462538533145377e-11,4.007874795930455e-11,-4.065607833031448e-12,3.946004689669991e-09,1.3808493459777083e-08,7.126621781594622e-09,-0.00026368419275968336,-0.0009797718317713588,0.020093481801450253,2.3659751176834107,-0.690654993057251,0.018972021201625465,46.06290626525879,-49.2549129486084,-697.4934326171875,-86278.34765625,-31553.9220703125,-1955.2685302734376,0.0,0.0,0.0,0.0,0.0,0.0,1.0917070449109535e-35,-9.18573106756528e-37,7.023708349007121e-35,1.2206192793895313e-32,-1.2751058523135635e-32,-5.045945748046769e-33
410,4.1,-1150.5543,935.9128,-989.271,476.974,-1345.6694,143.57741,-4.570945427717632e-11,7.302759889860067e-11,-2.855268327328631e-10,-1.450812554537606e-08,5.0039025367709655e-08,1.1152670165159862e-08,0.0010610280296532437,-0.0009999919217079877,0.008539691317855614,0.6166321261378471,-0.43832910507917405,-0.126144951954484,38.880727005004886,-45.32408065795899,-666.0834045410156,-82015.2046875,-32044.0521484375,-1035.9448974609375,0.0,0.0,0.0,0.0,0.0,0.0,1.7252619953944437e-35,-1.529884005950078e-36,1.0960026760724767e-34,1.893347944619449e-32,-1.9866078019760108e-32,-7.870544833791689e-33
411,4.11,-1139.438,938.93896,-969.813,483.865,-1306.3817,129.35248,-3.373863376177066e-11,1.1457723242402907e-10,-7.446513405895416e-10,-4.5908235790648176e-08,1.05047259779667e-07,1.5543040543519736e-08,0.00330902636051178,-0.0007313091831747442,-0.016546965669840576,-2.9733967900276186,0.18710394240915776,-0.369351027905941,32.096276092529294,-41.85668716430664,-635.6185729980468,-77832.025,-31898.4677734375,-186.6483184814453,0.0,0.0,0.0,0.0,0.0,0.0,2.425315961350193e-35,-2.2468770955376644e-36,1.5235327093122719e-34,2.617774050593004e-32,-2.7576732773168523e-32,-1.0936564708522383e-32
412,4.12,-1127.6086,941.9492,-951.885,489.984,-1265.3708,114.94385,-8.049505072910135e-14,1.6004709363359737e-10,-1.40768756651255e-09,-9.280005102141331e-08,1.796110637997117e-07,1.9289356778529054e-08,0.006659219693392515,1.6149611110449768e-05,-0.060210471227765086,-9.03540072441101,1.3451028764247894,-0.728304135799408,25.894304084777833,-38.90411567687988,-606.4285522460938,-73801.91953125,-31315.6810546875,578.761343383789,0.0,0.0,0.0,0.0,0.0,0.0,3.03901421215581e-35,-2.948455677809923e-36,1.8852756903733504e-34,3.2195686479827034e-32,-3.407031491200851e-32,-1.3527532565534045e-32
413,4.13,-1115.771,944.8594,-934.881,496.114,-1224.2186,101.737755,6.536401732371022e-11,1.9913242998992332e-10,-2.26285142845839e-09,-1.5536031128249306e-07,2.692194897235822e-07,2.063004078678432e-08,0.011119884345680476,0.0014639758272096514,-0.12653316631913186,-18.03505172729492,3.181577730178833,-1.2016766130924226,20.341615295410158,-36.48257827758789,-579.0978332519531,-70021.06796875,-30483.5892578125,1260.158465576172,0.0,0.0,0.0,0.0,0.0,0.0,3.2958564274723364e-35,-3.403997423592901e-36,2.007739759429659e-34,3.397666239545773e-32,-3.619839697089535e-32,-1.439718562066504e-32
414,4.14,-1103.4401,947.53326,-918.364,500.766,-1182.9341,89.459206,1.7243419470069908e-10,2.1377074138628772e-10,-3.228066147720199e-09,-2.291069108650845e-07,3.604712588867187e-07,1.688210087280595e-08,0.016365097369998693,0.003827162552624941,-0.21647098213434218,-29.97270050048828,5.771164512634277,-1.75164874792099,15.3821231842041,-34.59576683044433,-554.461474609375,-66606.058984375,-29568.6322265625,1871.578515625,0.0,0.0,0.0,0.0,0.0,0.0,2.7799907890111606e-35,-3.241028717047639e-36,1.6274116157513553e-34,2.6973925604945025e-32,-2.9186059330272304e-32,-1.1653353686473363e-32
415,4.15,-1090.5955,950.0129,-901.708,505.27103,-1140.8025,78.02916,3.2743408540092387e-10,1.763841295243651e-10,-4.109908813276775e-09,-3.01882943176679e-07,4.2681290324253496e-07,4.397958876375604e-09,0.02151974681764841,0.007241663336753845,-0.32460879981517793,-43.94416847229004,9.026983308792115,-2.2811199188232423,10.86409397125244,-33.23362808227539,-533.5259155273437,-63686.211328125,-28711.9388671875,2439.361279296875,0.0,0.0,0.0,0.0,0.0,0.0,9.211289558769312e-36,-1.9260827661862233e-36,3.8696592903848785e-35,5.0554485362143124e-33,-6.567608087430652e-33,-2.731228306721033e-33
416,4.16,-1078.153,952.1432,-886.652,507.949,-1098.5896,67.89239,5.278548653731008e-10,4.9393715116294314e-11,-4.558110111574365e-09,-3.503585048747482e-07,4.24305576984807e-07,-2.1221380874791862e-08,0.024910812824964525,0.011647935397922993,-0.43481616079807284,-57.565655899047854,12.574978637695313,-2.6076751708984376,6.576978969573974,-32.374060440063474,-517.3437713623047,-61390.542578125,-28028.8564453125,2998.89833984375,0.0,0.0,0.0,0.0,0.0,0.0,-2.9755469231751144e-35,1.222921532765503e-36,-2.1432092959453743e-34,-3.910345816740948e-32,3.941752807049332e-32,1.5451459871623664e-32
417,4.17,-1065.346,953.95184,-872.236,510.02496,-1056.004,58.824627,7.548312697114313e-10,-2.1264407526477845e-10,-4.025423350206836e-09,-3.3667268439785403e-07,2.8875203668121684e-07,-6.448058869068518e-08,0.02382968459278345,0.016624794993549585,-0.5151036649942398,-66.31168174743652,15.598129749298096,-2.439257192611694,2.2899636387825013,-31.98174476623535,-506.8703948974609,-59829.793359375,-27609.0498046875,3587.9564697265623,0.0,0.0,0.0,0.0,0.0,0.0,-9.632903338770688e-35,6.96684844460879e-36,-6.400911766186421e-34,-1.1288971552535732e-31,1.1665660362948825e-31,4.603345345731498e-32
418,4.18,-1052.159,954.9101,-858.497,510.421,-1014.95233,51.400326,9.635170605815091e-10,-6.564630505856428e-10,-1.750291618585198e-09,-2.0638169857534193e-07,-6.364847084938675e-08,-1.2870232311001927e-07,0.014389138389378785,0.0211778761819005,-0.5125099450349808,-62.8878360748291,16.670081901550294,-1.3606543362140655,-2.1990687057375906,-32.00010604858399,-502.79140319824216,-59077.4546875,-27515.028515625,4238.138842773437,0.0,0.0,0.0,0.0,0.0,0.0,-1.960569030799958e-34,1.598535345910721e-35,-1.2705014225742934e-33,-2.215360704174101e-31,2.3085390145488104e-31,9.129655609577338e-32
419,4.19,-1039.1133,955.46655,-846.164,510.92703,-974.95844,45.47058,1.0723798848921718e-09,-1.316911402149401e-09,3.21083891974272e-09,1.1042134607786025e-07,-7.289897268947243e-07,-2.1388853781445506e-07,-0.008391654648585245,0.02350499350577593,-0.3496227696537971,-36.864497375488284,13.619430828094483,1.1548372423902038,-7.028346967697144,-32.35010108947754,-505.3851806640625,-59154.7203125,-27780.0298828125,4969.808642578125,0.0,0.0,0.0,0.0,0.0,0.0,-3.295104369375143e-34,2.8590927770521807e-35,-2.10450311157729e-33,-3.644768182443497e-31,3.8171399939209574e-31,1.5115421602774523e-31
420,4.2,-1026.1251,955.2497,-835.673,510.926,-935.3337,40.497448,9.536934297837973e-10,-2.19500314591059e-09,1.1864658588933708e-08,6.921681261928824e-07,-1.797663117031334e-06,-3.1358626415567416e-07,-0.0500850846990943,0.020788891054689885,0.07465218435972928,25.069567036628722,3.495430240780115,5.688404631614685,-12.284519481658936,-32.9462703704834,-514.4867156982422,-60028.229296875,-28407.9390625,5792.748291015625,0.0,0.0,0.0,0.0,0.0,0.0,-4.8741310305254705e-34,4.4286175695378694e-35,-3.077354946350483e-33,-5.300501981106373e-31,5.573709719847652e-31,2.2094333209298535e-31
421,4.21,-1012.8085,954.3037,-825.151,509.26102,-896.89636,36.162815,4.2928396740138377e-10,-3.225677969176388e-09,2.5030526629166162e-08,1.6097034858830738e-06,-3.3211377740371973e-06,-4.107837753508647e-07,-0.11569711342453956,0.009107046475401148,0.8763033717870712,137.72677612304688,-17.2586492061615,12.748134136199951,-18.047376537322997,-33.71997413635254,-529.5441223144531,-61622.859765625,-29376.9787109375,6711.82880859375,0.0,0.0,0.0,0.0,0.0,0.0,-6.442045849188295e-34,6.115275868403969e-35,-4.0204585455874166e-33,-6.886192091594429e-31,7.271247224440742e-31,2.8854166758165445e-31
422,4.22,-999.5026,953.1342,-813.583,507.56204,-859.01276,32.575836,-7.221991324413146e-10,-4.235487871540045e-09,4.2911344877438753e-08,2.897307172133878e-06,-5.259378349364852e-06,-4.731863015194904e-07,-0.20759099572896958,-0.01640324203763157,2.1645453810691833,314.2753158569336,-52.28194046020508,22.543547439575196,-24.417793464660644,-34.628373336791995,-549.7447814941406,-63837.864453125,-30647.3646484375,7731.689501953125,0.0,0.0,0.0,0.0,0.0,0.0,-7.505467191070743e-34,7.510134052876189e-35,-4.615279037849443e-33,-7.847372475284402e-31,8.331226215605464e-31,3.310625473172823e-31
423,4.23,-985.90735,951.13477,-801.891,504.81897,-823.6145,30.155735,-2.7378548095313705e-09,-4.8937363938961195e-09,6.444934683713654e-08,4.5076309106661935e-06,-7.406830172840273e-06,-4.4874037143927124e-07,-0.32226563394069674,-0.06093440540134907,4.0017904281616214,560.631884765625,-104.2529426574707,34.639328956604004,-31.52272605895996,-35.642943954467775,-574.131103515625,-66557.005859375,-32167.7966796875,8857.171484375,0.0,0.0,0.0,0.0,0.0,0.0,-7.260809898795169e-34,7.908237083109679e-35,-4.349962101750381e-33,-7.298691349990068e-31,7.825556992845005e-31,3.1174569331900498e-31
424,4.24,-972.36865,949.2223,-790.61,502.53796,-790.572,28.482016,-5.812367742663582e-09,-4.665940211978637e-09,8.64622400342796e-08,6.2492538290825905e-06,-9.299529301642906e-06,-2.630202970976825e-07,-0.445899960398674,-0.12872055992484094,6.340260553359985,866.7966613769531,-173.15804443359374,47.480899047851565,-39.525722122192384,-36.736983108520505,-601.6259460449219,-69653.55859375,-33878.137109375,10094.71845703125,0.0,0.0,0.0,0.0,0.0,0.0,-4.5490533713054695e-34,6.246385158877036e-35,-2.494550632849051e-33,-3.984351549767517e-31,4.432548479217685e-31,1.78187145424693e-31
425,4.25,-958.6599,946.9002,-780.109,499.942,-760.08887,27.372875,-9.998024008694984e-09,-2.786139552402034e-09,1.0261848828463372e-07,7.709679357503773e-06,-1.011415515677072e-05,1.789616275615913e-07,-0.5488711833953858,-0.2208291545510292,8.932722043991088,1194.9132934570312,-253.7553726196289,57.81698455810547,-48.58096351623535,-37.89247093200684,-631.0196655273437,-72989.2609375,-35710.2796875,11446.8865234375,0.0,0.0,0.0,0.0,0.0,0.0,2.1227032834364232e-34,1.09252315575559e-35,1.8800107326800202e-33,3.6846972981450955e-31,-3.5274421618175854e-31,-1.3628338420713634e-31
426,4.26,-945.40283,944.3317,-769.641,497.562,-732.1599,26.791647,-1.505423332659461e-08,1.7256314474578538e-09,1.0241556438472799e-07,8.173767309926915e-06,-8.582483997088274e-06,9.829031625940843e-07,-0.5799667716026307,-0.33184394538402556,11.220412540435792,1464.6414672851563,-332.2554626464844,60.09992713928223,-58.76471862792969,-39.092645263671876,-660.9574584960938,-76410.1671875,-37587.6,12905.61767578125,0.0,0.0,0.0,0.0,0.0,0.0,1.4436515843300728e-33,-9.261274444479474e-35,9.803620424666581e-33,1.7455828175134576e-30,-1.7912494564892306e-30,-7.0553137552314135e-31
427,4.27,-931.46375,942.0631,-758.482,494.717,-707.39496,25.99717,-2.0245253296025113e-08,9.963475422480884e-09,7.047858865405488e-08,6.558385393873323e-06,-2.9621642376298494e-06,2.2427655721912744e-06,-0.4617841750383377,-0.4454148203134537,12.211157894134521,1537.8101440429687,-382.5022766113281,46.02723655700684,-70.09821014404297,-40.30607299804687,-689.9466796875,-79744.06328125,-39423.9671875,14455.9658203125,0.0,0.0,0.0,0.0,0.0,0.0,3.392404201532455e-33,-2.6533114649414815e-34,2.2184984541834866e-32,3.884596672936398e-30,-4.035523602429434e-30,-1.5946578252351117e-30
428,4.28,-917.6591,939.62244,-746.835,492.313,-684.62994,25.13646,-2.409953712145807e-08,2.2906369068209643e-08,-1.3302205381648947e-08,1.3987547731630911e-06,8.87408962171321e-06,4.000759645350627e-06,-0.08985521756112576,-0.5289755940437317,10.375956630706787,1206.4005615234375,-362.3593017578125,4.499072337150574,-82.51732940673828,-41.48477210998535,-716.4256469726563,-82809.83984375,-41128.176953125,16074.1294921875,0.0,0.0,0.0,0.0,0.0,0.0,6.1352888525812606e-33,-5.193174018580811e-34,3.941738862747596e-32,6.845694853595606e-30,-7.154727804528478e-30,-2.8316780770009067e-30
429,4.29,-903.4051,937.583,-733.729,490.138,-665.65125,23.872152,-2.4168605783359e-08,4.10080136958868e-08,-1.7204604745302278e-07,-9.060570005203771e-06,2.914655542554101e-05,6.1855112107878085e-06,0.6607195138931274,-0.5284716099500656,3.613314065337181,190.70112912654878,-211.60677490234374,-77.60288772583007,-95.83605194091797,-42.55394248962402,-738.8334411621094,-85424.82109375,-42610.516796875,17723.83828125,0.0,0.0,0.0,0.0,0.0,0.0,9.576919837157375e-33,-8.530358812786861e-34,6.077118772600011e-32,1.049266133742853e-29,-1.1013820387792147e-29,-4.36389841952938e-30
430,4.3,-888.66986,935.8045,-720.281,488.569,-650.1481,22.22109,-1.6859257812029683e-08,6.356142492336403e-08,-4.276011281945102e-07,-2.6599331795296167e-05,5.957244975434151e-05,8.526857800461585e-06,1.916083526611328,-0.36473017781972883,-10.643762373924256,-1842.1988708496094,146.575675201416,-213.27996063232422,-109.73452453613281,-43.40303497314453,-755.6248596191406,-87404.15625,-43783.655859375,19354.9900390625,0.0,0.0,0.0,0.0,0.0,0.0,1.3316697000796513e-32,-1.2389454879481102e-33,8.355887217219896e-32,1.434950472039738e-29,-1.5122452178063063e-29,-5.997982344098981e-30
431,4.31,-873.947,934.29926,-706.069,487.011,-638.5996,19.699533,2.539988380734215e-09,8.782138536389538e-08,-7.926161799787224e-07,-5.249637106317095e-05,0.00010036233288701624,1.0451468369865324e-05,3.765947771072388,0.06585801169276237,-35.07643280029297,-5226.078295898437,797.6145843505859,-411.30177612304686,-123.7477813720703,-43.89351272583008,-765.2320251464844,-88560.1828125,-44558.6859375,20902.4572265625,0.0,0.0,0.0,0.0,0.0,0.0,1.648416710732256e-32,-1.607441752931285e-33,1.0211524832867225e-31,1.7426419601041977e-29,-1.8450700164133807e-29,-7.326779176245904e-30
432,4.32,-858.65857,932.9455,-690.747,485.519,-630.11285,16.737572,3.946309803382064e-08,1.0792655800173633e-07,-1.2579638678289483e-06,-8.666305875522084e-05,0.0001487334942794405,1.0973336793540512e-05,6.20158166885376,0.8824884235858917,-71.76199951171876,-10193.603662109375,1817.3535766601562,-669.5121765136719,-137.25634002685547,-43.872636032104495,-766.0708801269532,-88703.17265625,-44843.28203125,22286.12265625,0.0,0.0,0.0,0.0,0.0,0.0,1.7563735829393169e-32,-1.8286008304819744e-33,1.0673232447697891e-31,1.8039780290543979e-29,-1.923709903875482e-29,-7.652952640373088e-30
433,4.33,-843.03357,931.65045,-675.367,483.92,-624.5161,13.469748,9.907470612802172e-08,1.137641561399505e-07,-1.7750027495821997e-06,-0.0001263802121684421,0.00019694238726515324,8.60803370414942e-06,9.025606918334962,2.197940099239349,-120.96429672241212,-16709.259765625,3239.652734375,-965.1829406738282,-149.46915130615236,-43.18800048828125,-756.6059936523437,-87645.39453125,-44543.148046875,23410.6521484375,0.0,0.0,0.0,0.0,0.0,0.0,1.425265690045831e-32,-1.6952737357355663e-33,8.283425513655547e-32,1.3675940514076772e-29,-1.4840831642543907e-29,-5.929918061457555e-30
434,4.34,-827.58203,930.4753,-659.217,482.236,-622.4332,10.213342,1.8442532621065765e-07,9.007265049376656e-08,-2.2332705839289702e-06,-0.00016465323133161292,0.00022998817876214163,1.3595529894772085e-06,11.73509702682495,4.082515859603882,-179.35490875244142,-24228.736328125,5006.814794921875,-1242.4364868164062,-159.42796020507814,-41.70800018310547,-735.4269714355469,-85212.76328125,-43566.51953125,24167.1525390625,0.0,0.0,0.0,0.0,0.0,0.0,3.427452089064549e-33,-9.140116431150931e-34,1.0872928127979169e-32,9.821558907801142e-31,-1.725245349949034e-30,-7.546059207342363e-31
435,4.35,-812.2603,929.783,-643.831,481.02,-623.85114,8.657406,2.9351683394907013e-07,1.6283484893797606e-08,-2.436167847008619e-06,-0.0001883317600004375,0.0002233846200397238,-1.3147696881787851e-05,13.39795446395874,6.658933162689209,-238.60723419189452,-31506.5595703125,6933.277392578125,-1393.033251953125,-166.054638671875,-39.35099830627441,-701.3902160644532,-81265.93984375,-41835.0265625,24439.884375,0.0,0.0,0.0,0.0,0.0,0.0,-1.866859031657073e-32,8.859930252600643e-34,-1.3234358573291366e-31,-2.3992640616305856e-29,2.4298249060672181e-29,9.536809027644959e-30
436,4.36,-797.5591,929.9309,-630.37,482.131,-623.1271,8.852932,4.151537410734818e-07,-1.3215208696237824e-07,-2.0802240896955483e-06,-0.00017635104741202666,0.00014175025280565022,-3.729544205270941e-05,12.765793132781983,10.59302339553833,-290.29107055664065,-37223.783984375,8862.526318359374,-1252.1901611328126,-168.23968200683595,-36.12478446960449,-653.8817321777344,-75734.19921875,-39302.228125,24117.296484375,0.0,0.0,0.0,0.0,0.0,0.0,-5.586594971703852e-32,4.1117029150237384e-33,-3.6994672729912143e-31,-6.514556680614165e-29,6.739534608364934e-29,2.66025393026117e-29
437,4.37,-783.39996,930.2401,-614.99,484.566,-620.3362,11.723208,5.237120433321251e-07,-3.7995823447545264e-07,-7.477132117017504e-07,-9.875106370600406e-05,-6.057567798052332e-05,-7.274378840520513e-05,9.101298999786376,16.833439826965332,-333.0438934326172,-40930.290234375,10850.32783203125,-712.6801300048828,-165.03427276611328,-32.147926330566406,-593.2055603027344,-68657.899609375,-35973.22890625,23115.9583984375,0.0,0.0,0.0,0.0,0.0,0.0,-1.1095875328965421e-31,9.115014401321144e-33,-7.178262282886743e-31,-1.2506863030809975e-28,1.3040430847805277e-28,5.157917815258975e-29
438,4.38,-768.9907,931.4309,-596.747,485.358,-617.4918,13.012377,5.734156957259984e-07,-7.445854350862646e-07,2.072509869321948e-06,8.24902624231072e-05,-0.0004351704745204188,-0.00011923898637178354,2.623750285059214,25.743895530700684,-371.54486083984375,-42946.533203125,13097.20224609375,196.4369068145752,-155.86019592285157,-27.641526412963866,-520.9301818847656,-60226.028515625,-31924.4828125,21403.43359375,0.0,0.0,0.0,0.0,0.0,0.0,-1.8386627366600147e-31,1.6032415959030718e-32,-1.17290259266573e-30,-2.0301882600708187e-28,2.1270912085555436e-28,8.423941382146345e-29
439,4.39,-754.74506,933.0584,-578.815,486.821,-614.3537,13.62403,4.934182754823268e-07,-1.22397206041569e-06,6.915739049873082e-06,0.0004093545823707245,-0.0010292262129951268,-0.00017288553208345548,-5.8188884973526,37.13860034942627,-413.1296081542969,-43951.63203125,15839.8720703125,1365.1777038574219,-140.6841293334961,-22.897395515441893,-440.0542297363281,-50793.908984375,-27319.489453125,19010.8552734375,0.0,0.0,0.0,0.0,0.0,0.0,-2.6894490486855934e-31,2.453968016491476e-32,-1.6961752759116732e-30,-2.9199996962959283e-28,3.0716964109599396e-28,1.217749927877624e-28
440,4.4,-740.86005,934.04224,-561.445,488.19,-612.06213,14.0267315,1.8596520074964927e-07,-1.7787667275115382e-06,1.419934205841855e-05,0.0009185896487906575,-0.0018668766948394477,-0.00022390946687664837,-15.037874984741212,50.51803016662598,-463.3661834716797,-44486.8171875,19199.9693359375,2657.2695068359376,-120.23661041259766,-18.228358840942384,-354.9354614257812,-40873.92265625,-22406.8802734375,16052.53427734375,0.0,0.0,0.0,0.0,0.0,0.0,-3.514769180731257e-31,3.351696652165906e-32,-2.1908372071868506e-30,-3.750164648809128e-28,3.9616406882029634e-28,1.5722611971965782e-28
441,4.41,-726.26666,934.398,-545.899,488.258,-609.2131,14.683346,-4.6889136058325674e-07,-2.3092594574336545e-06,2.398293581791222e-05,0.0016254528425633907,-0.0029200060525909066,-0.00025412126560695467,-23.705427742004396,64.89809951782226,-523.6611206054688,-44742.783984375,23103.1927734375,3925.3471923828124,-96.19907150268554,-13.920292472839355,-270.96854400634766,-31096.9291015625,-17498.91474609375,12746.11142578125,0.0,0.0,0.0,0.0,0.0,0.0,-4.036405072729273e-31,4.064293405838832e-32,-2.477540900013424e-30,-4.2087192037333746e-28,4.471253307067493e-28,1.7770735671310825e-28
442,4.42,-710.83966,934.5332,-531.46,487.23,-608.2249,16.035664,-1.5972928849805613e-06,-2.6291333142580696e-06,3.56124315658235e-05,0.0024987326469272375,-0.0040676029399037365,-0.0002345767104998231,-30.88661460876465,78.89751663208008,-592.302783203125,-44667.75,27378.4716796875,5039.64013671875,-71.08883934020996,-10.200406360626221,-193.9079147338867,-22133.1478515625,-12927.625,9399.14580078125,0.0,0.0,0.0,0.0,0.0,0.0,-3.8071274621790714e-31,4.197588205714661e-32,-2.2717452420319142e-30,-3.803761979158712e-28,4.084680070851103e-28,1.627843703910464e-28
443,4.43,-694.58356,934.98016,-518.549,485.82,-606.28564,17.069588,-3.2985693906084634e-06,-2.4411206368313287e-06,4.724799910036381e-05,0.003426509676501155,-0.005045366380363703,-0.00012434255186235532,-36.49885139465332,91.42135467529297,-666.085791015625,-44077.553515625,31878.8103515625,5938.123828125,-47.628258514404294,-7.174740171432495,-128.64667739868165,-14548.43857421875,-8971.41943359375,6332.421337890625,0.0,0.0,0.0,0.0,0.0,0.0,-2.1889495619179753e-31,3.1638685975466376e-32,-1.1720843545580097e-30,-1.8451613867429142e-28,2.0752915953828303e-28,8.364395434986797e-29
444,4.44,-678.0337,935.38837,-507.42197,484.185,-604.0788,17.775671,-5.589346073975321e-06,-1.323858458590621e-06,5.5311775940936056e-05,0.004174469457939267,-0.005391897726804018,0.0001282101005926961,-40.89280700683594,102.01335372924805,-740.4314575195312,-42661.825390625,36453.56640625,6623.70947265625,-27.94967727661133,-4.807730555534363,-77.6751522064209,-8627.76982421875,-5774.716064453125,3784.4734375,0.0,0.0,0.0,0.0,0.0,0.0,1.630391418809254e-31,1.8024985467951337e-33,1.3262596751152143e-30,2.5299610538327502e-28,-2.4694218218460794e-28,-9.593864164341215e-29
445,4.45,-662.0099,935.6499,-498.375,482.264,-603.31415,18.816095,-8.32037935651897e-06,1.2554407575748883e-06,5.394970030465629e-05,0.004342564893886447,-0.004404804529622197,0.0005795977398520335,-44.362009048461914,110.66455917358398,-810.3883850097657,-40110.73203125,40930.90625,7125.5064453125,-13.145378923416137,-2.9870404481887816,-40.81265811920166,-4347.812670898437,-3345.5684814453125,1865.048046875,0.0,0.0,0.0,0.0,0.0,0.0,8.551724693616324e-31,-5.67438209470497e-32,5.7737025358603955e-30,1.025448610714153e-27,-1.0542217826013547e-27,-4.154370303297117e-28
446,4.46,-646.9612,935.69855,-491.048,480.009,-602.7393,19.865088,-1.1065998569392832e-05,5.882043546989735e-06,3.4686547405726745e-05,0.0033318345667794347,-0.0011296206428596633,0.0012784304679371416,-47.15368804931641,117.46316986083984,-871.9019836425781,-36273.24296875,45149.488671875,7469.434619140625,-3.2847797974944113,-1.59959317445755,-16.19606294631958,-1493.7175598144531,-1609.7355529785157,565.4198715209961,0.0,0.0,0.0,0.0,0.0,0.0,1.9370579168245492e-30,-1.5306121110912943e-31,1.2639765828945582e-29,2.211003696972654e-27,-2.2986070953130858e-27,-9.084820366628811e-28
447,4.47,-633.1919,935.4607,-483.712,477.764,-602.37756,20.455349,-1.2994354801776353e-05,1.3062963807897176e-05,-1.3437295274343342e-05,0.0003411682555451989,0.005584105162415654,0.0022429794305935504,-49.5379940032959,122.34702224731446,-922.2573913574219,-31208.683984375,48978.504296875,7673.802685546875,2.3416978269815445,-0.5718737781047821,-1.299584487080574,225.78025131225587,-456.3986305236816,-207.56324729919433,0.0,0.0,0.0,0.0,0.0,0.0,3.443280320993626e-30,-2.9312802100960803e-31,2.2092135204133685e-29,3.8343528774312e-27,-4.009320839539661e-27,-1.5869904060772855e-27
448,4.48,-619.541,935.55804,-474.747,476.084,-602.52686,20.839516,-1.2740329566440778e-05,2.2996966436039656e-05,-0.00010283481860824395,-0.005576722696423531,0.016913428716361523,0.003426921390928328,-51.715488052368165,125.19144439697266,-960.0369506835938,-25132.72734375,52321.040234375,7757.865625,4.843045854568482,0.13310517559293658,6.41101598739624,1106.0492248535156,232.95257329940796,-586.2661376953125,0.0,0.0,0.0,0.0,0.0,0.0,5.3103710367097746e-30,-4.750898798043254e-31,3.3660186320089945e-29,5.808652167185733e-27,-6.099538694121753e-27,-2.4170039082744834e-27
449,4.49,-606.4848,935.89307,-465.495,474.895,-602.0943,20.941261,-8.322750090883346e-06,3.522247061482631e-05,-0.00024492083612130954,-0.015361493080854416,0.03372459542006254,0.004672648664563894,-53.80325355529785,126.04034957885742,-985.0337585449219,-18328.79931640625,55124.391015625,7746.563232421875,5.3341210842132565,0.557221719622612,9.219664001464844,1415.043798828125,576.9991912841797,-702.4721374511719,0.0,0.0,0.0,0.0,0.0,0.0,7.3038263795122e-30,-6.8243945198005135e-31,4.57775898438465e-29,7.857019641113487e-27,-8.283622907519378e-27,-3.285858236698421e-27
450,4.5,-593.5625,936.5658,-457.45,473.91,-603.54767,21.735964,2.826779126507972e-06,4.8136571422219276e-05,-0.00044565447606146333,-0.029648559167981148,0.05601295791566372,0.005654799798503518,-55.80204963684082,125.12712783813477,-997.9549621582031,-11079.654638671875,57373.530078125,7665.537646484375,4.7171814918518065,0.7623891174793244,9.048541831970216,1378.141650390625,688.7828796386718,-665.3963989257812,0.0,0.0,0.0,0.0,0.0,0.0,8.928933965908187e-30,-8.752731218341398e-31,5.523075426698977e-29,9.418482134667412e-27,-9.977483223988609e-27,-3.9626107598566516e-27
451,4.51,-580.49023,937.59045,-450.884,473.458,-603.8666,22.287241,2.3626979873370148e-05,5.841170677740592e-05,-0.0006985555402934552,-0.0482863113284111,0.08208258002996445,0.005822160001844168,-57.582013320922854,122.73780746459961,-1000.0793762207031,-3644.669076538086,59076.028125,7529.198681640625,3.6315367460250854,0.8172763347625732,7.353375387191773,1167.1864379882813,662.8656921386719,-555.3538970947266,0.0,0.0,0.0,0.0,0.0,0.0,9.337591849824662e-30,-9.805028871141009e-31,5.659411947276838e-29,9.552661982041661e-27,-1.0196836013521023e-26,-4.0575539061040925e-27
452,4.52,-567.34393,938.79987,-445.028,472.863,-603.1784,22.481457,5.677855951944366e-05,6.039300897100475e-05,-0.0009749619814101607,-0.06964010559022427,0.10747256651520729,0.0043543072184547785,-58.900847625732425,119.10637741088867,-992.96083984375,3735.20627746582,60246.213671875,7333.9833984375,2.4790118813514708,0.7820269346237183,5.124928379058838,898.0770690917968,569.1723815917969,-425.5400909423828,0.0,0.0,0.0,0.0,0.0,0.0,7.256033261851835e-30,-8.830518146413842e-31,4.1813831619743806e-29,6.871374571227376e-27,-7.48269643638277e-27,-2.9924201992534786e-27
453,4.53,-554.1975,940.5981,-440.927,472.007,-603.212,22.952873,0.00010372670512879268,4.564376795315184e-05,-0.001211925339885056,-0.08969629257917404,0.12372184172272682,0.0001602459313289728,-59.46215400695801,114.34614334106445,-978.2428833007813,10822.545166015625,60897.34296875,7061.309912109375,1.4772136211395264,0.700293505191803,2.964642596244812,639.665625,454.5434936523437,-306.6166534423828,0.0,0.0,0.0,0.0,0.0,0.0,9.75450240938052e-31,-4.216732059858339e-31,2.0801681568309455e-31,-4.564021500628737e-28,9.721264283460736e-29,-5.4712660454503266e-31
454,4.54,-541.01056,942.47296,-436.83,471.189,-603.54425,23.522257,0.0001630312006454915,2.91873170681356e-06,-0.001299243711400777,-0.10105333924293518,0.11720017567276955,-0.00804090485908091,-59.04769783020019,108.44485855102539,-957.549609375,17377.15380859375,61046.443359375,6689.590869140625,0.7129424333572387,0.6001737773418426,1.1767290234565735,426.82203369140626,346.53990478515624,-212.67779388427735,0.0,0.0,0.0,0.0,0.0,0.0,-1.153224480571383e-29,6.049558534657446e-31,-8.072328896190529e-29,-1.4558487786719248e-26,1.4799979140962392e-26,5.8147821325685254e-27
455,4.55,-527.76666,944.51324,-433.757,470.712,-604.1504,24.32237,0.0002280872009578161,-8.102281390165444e-05,-0.0010688114329241217,-0.09200447648763657,0.06842832621186971,-0.021504605188965797,-57.61364212036133,101.38215560913086,-932.34404296875,23177.305078125,60719.473828125,6208.26123046875,0.19152480326592922,0.5000746726989747,-0.13522402439266443,270.06021575927736,258.0572250366211,-147.16891860961914,0.0,0.0,0.0,0.0,0.0,0.0,-3.2291085153269145e-29,2.414047936227205e-30,-2.131639689342265e-28,-3.7484230293974533e-26,3.8818862767579956e-26,1.5326888536657462e-26
456,4.56,-514.81616,946.8481,-431.362,470.653,-603.9371,24.87734,0.0002842857880750671,-0.00021922210289631038,-0.00029175222116464285,-0.04608053835108876,-0.04744216338731348,-0.04105023983865976,-55.29032936096191,93.22701644897461,-903.8215026855469,28048.7134765625,59952.968359375,5622.155810546875,-0.12269037095829845,0.41121181547641755,-0.9929121673107147,165.61678924560547,192.8139678955078,-107.35195693969726,0.0,0.0,0.0,0.0,0.0,0.0,-6.269385287118528e-29,5.18680092644964e-30,-4.049310921127291e-28,-7.049928560966246e-26,7.354755446470367e-26,2.909465281278788e-26
457,4.57,-502.32877,949.2758,-429.192,470.86,-604.20013,25.797016,0.00030596025462727996,-0.00042031613702420145,0.0013084363716188818,0.0573717862716876,-0.25804258733987806,-0.06639725752174855,-52.34000663757324,84.1487045288086,-872.9237609863281,31881.43671875,58796.280078125,4946.99482421875,-0.2800013169646263,0.34121526777744293,-1.4795276641845703,103.54873504638672,148.99585723876953,-87.35455169677735,0.0,0.0,0.0,0.0,0.0,0.0,-1.0247743414369169e-28,8.978606858902749e-30,-6.529466086722706e-28,-1.1295628304378199e-25,1.1839644164210426e-25,4.689364730750531e-26
458,4.58,-490.06668,951.7204,-426.507,471.425,-604.24115,26.842087,0.0002538564149290323,-0.0006817215529736131,0.00401566659566015,0.2407774344086647,-0.5879031032323837,-0.09521362483501435,-49.10999603271485,74.40576477050782,-840.3740478515625,34639.68671875,57312.0234375,4204.728344726563,-0.3297643750905991,0.2935856580734253,-1.6935877680778504,72.2459503173828,121.90981903076172,-80.7792869567871,0.0,0.0,0.0,0.0,0.0,0.0,-1.482412725468087e-28,1.3583274319570942e-29,-9.339041145209735e-28,-1.6068896589156826e-25,1.6910264199488865e-25,6.704612649944559e-26
459,4.59,-477.88748,954.25867,-424.11,472.418,-604.5688,28.461641,7.440044291797676e-05,-0.0009798421058803796,0.008040811819955706,0.5230981469154358,-1.0479712903499603,-0.12189816609025002,-45.97468948364258,64.31535530090332,-806.6922668457031,36363.425,55571.47890625,3420.434814453125,-0.31271469295024873,0.26694128215312957,-1.7353188037872314,61.15221939086914,106.93734588623047,-82.37306747436523,0.0,0.0,0.0,0.0,0.0,0.0,-1.9153402426621469e-28,1.8349688599206067e-29,-1.1923584723056476e-27,-2.039747498371767e-25,2.15576608521543e-25,8.556626758920893e-26
460,4.6,-465.7944,956.8322,-421.918,473.729,-604.8447,30.270638,-0.0002973138754896354,-0.0012575071421451866,0.013387837447226048,0.9107245683670044,-1.6194235920906066,-0.13622070997953414,-43.26498641967773,54.208505630493164,-772.2580322265625,37157.2203125,53647.546875,2620.2183837890625,-0.26038070023059845,0.25360263139009476,-1.6917133569717406,61.81620330810547,100.09694976806641,-88.16073837280274,0.0,0.0,0.0,0.0,0.0,0.0,-2.16690287680795e-28,2.196249348687641e-29,-1.3274741771881237e-27,-2.252859467534533e-25,2.395112782420775e-25,9.520976859930514e-26
461,4.61,-453.76013,959.37555,-419.702,475.065,-605.0329,32.107838,-0.0009282287792302668,-0.0014098968938924372,0.019657329842448234,1.3836452960968018,-2.231368052959442,-0.1221046768128872,-41.189544677734375,44.39336738586426,-737.4217407226563,37170.098828125,51608.05859375,1828.4038208007812,-0.19652925282716752,0.24515113830566407,-1.6186168432235717,67.76669616699219,98.22949600219727,-95.01584548950196,0.0,0.0,0.0,0.0,0.0,0.0,-1.9884774443373145e-28,2.2220390251831e-29,-1.181248668384252e-27,-1.9732253850545662e-25,2.122658344906354e-25,8.463010786405569e-26
462,4.62,-442.87515,961.79706,-417.299,476.837,-604.948,34.40701,-0.0018686265451833607,-0.001271861104760319,0.025788861140608788,1.8766951084136962,-2.7335457801818848,-0.057061477284878495,-39.79373474121094,35.1152458190918,-702.5907104492187,36574.43046875,49510.974609375,1063.6977233886719,-0.13681750148534774,0.23586562424898147,-1.546755862236023,74.63830490112305,99.40854263305664,-101.17796096801757,0.0,0.0,0.0,0.0,0.0,0.0,-1.029257289448015e-28,1.5878082817189718e-29,-5.332290492282778e-28,-8.219881532744941e-26,9.393526747190478e-26,3.800204302180048e-26
463,4.63,-431.57886,963.97076,-414.265,478.038,-604.9148,36.87817,-0.003120922017842531,-0.0006118520715972409,0.029763818718492985,2.257017159461975,-2.867710304260254,0.0869340147357434,-39.005545425415036,26.538275718688965,-668.2878845214843,35547.854296875,47406.53671875,340.32797660827634,-0.08914633840322495,0.22261564135551454,-1.5004247665405273,80.43562393188476,103.6742774963379,-106.18860931396485,0.0,0.0,0.0,0.0,0.0,0.0,1.152130135579694e-28,-1.339385262081164e-30,8.905228578946792e-28,1.668777528726477e-25,-1.6498897858504518e-25,-6.433080455539587e-26
464,4.64,-420.9461,966.027,-411.429,479.806,-605.1262,39.506023,-0.0045937489252537485,0.0008594178765633842,0.02832291442900896,2.3011009216308596,-2.245265245437622,0.34003674387931826,-38.69140815734863,18.783051776885987,-635.1641235351562,34262.8078125,45341.719921875,-329.322310256958,-0.05531124509871006,0.20700516700744628,-1.4927911281585693,84.65355682373047,111.02748489379883,-109.76099395751953,0.0,0.0,0.0,0.0,0.0,0.0,5.03714889336668e-28,-3.4391645334708323e-29,3.383533044941783e-27,5.996000099421352e-25,-6.17433386600443e-25,-2.4341731561870836e-25
465,4.65,-409.75052,968.0116,-408.454,481.326,-605.4879,42.366676,-0.006041601859033107,0.003454366559162736,0.016799236042425038,1.6780775904655456,-0.3439380292780697,0.727253895998001,-38.69703483581543,11.922314453125,-603.9654968261718,32876.0390625,43362.473828125,-937.1187377929688,-0.034605257026851174,0.1918339654803276,-1.5231982469558716,88.30457763671875,119.41452713012696,-111.75412521362304,0.0,0.0,0.0,0.0,0.0,0.0,1.10369036211406e-27,-8.804160156955974e-29,7.186997318664517e-27,1.2559931930086613e-24,-1.3066672312558209e-24,-5.165300822104392e-25
466,4.66,-398.88623,969.77246,-404.929,483.094,-605.1176,45.224583,-0.006994995893910528,0.00743414806202054,-0.010772716964129358,-0.04968744143843651,3.4575091123580934,1.2558853685855866,-38.87860794067383,5.947133302688599,-575.4885009765625,31519.558984375,41515.154296875,-1482.5727905273438,-0.024652520939707757,0.1780938059091568,-1.5700404167175293,91.98037185668946,125.3559799194336,-112.55665664672851,0.0,0.0,0.0,0.0,0.0,0.0,1.9299129023273246e-27,-1.6520288701136605e-28,1.2366115218250155e-26,2.14496512249547e-24,-2.2438628786890366e-24,-8.882823122138449e-25
467,4.67,-387.8099,971.0189,-401.211,484.155,-604.6388,47.82947,-0.006693701865151525,0.01287984624505043,-0.06104516349732876,-3.3925589680671693,9.781335735321045,1.8965660214424134,-39.123172760009766,0.7687405336648225,-550.5449157714844,30299.7095703125,39846.828515625,-1972.9589111328125,-0.022956130839884282,0.1656038358807564,-1.6112287163734436,94.87960739135742,126.49416122436523,-113.0248291015625,0.0,0.0,0.0,0.0,0.0,0.0,2.9414161046850625e-27,-2.6429742460588844e-28,1.8623929300391977e-26,3.2121979820519015e-24,-3.374366977958966e-24,-1.337260923628954e-24
468,4.68,-376.04834,972.2711,-398.303,485.273,-604.6765,50.670315,-0.0040465244092047215,0.019497578032314777,-0.13995626494288443,-8.845078372955323,19.060142707824706,2.5577109098434447,-39.35374450683594,-3.7542389392852784,-529.9259033203125,29300.7642578125,38403.165234375,-2421.2642333984377,-0.023970966413617133,0.1549604892730713,-1.6303197741508484,96.09749450683594,123.0040069580078,-113.61205978393555,0.0,0.0,0.0,0.0,0.0,0.0,4.001511771394154e-27,-3.7550285367354295e-28,2.5051035166872968e-26,4.29721600653938e-24,-4.532416699811107e-24,-1.798061508107699e-24
469,4.69,-364.9673,973.30084,-394.246,486.791,-603.927,53.184208,0.0023449410720786544,0.026355167105793952,-0.25022744238376615,-16.718720054626466,31.224661445617677,3.0550076246261595,-39.52010612487793,-7.785410833358765,-514.352392578125,28588.796875,37224.11640625,-2843.1861572265625,-0.02217450998723507,0.14692497849464417,-1.6220969438552857,95.8202003479004,116.54628372192383,-114.12149505615234,0.0,0.0,0.0,0.0,0.0,0.0,4.829559727268009e-27,-4.759979239125051e-28,2.982772599864461e-26,5.0826310884402956e-24,-5.387341432071621e-24,-2.1399202583989685e-24
470,4.7,-353.86115,973.85785,-390.288,487.614,-603.34393,55.67692,0.014045518822968006,0.0315669134259224,-0.3874897301197052,-26.87321033477783,45.25149726867676,3.080679512023926,-39.58407478332519,-11.491967391967773,-504.4038818359375,28212.9677734375,36339.609375,-3254.4262939453124,-0.015955373737961055,0.14169530123472213,-1.5935473561286926,93.75400238037109,109.15198974609375,-114.75762481689453,0.0,0.0,0.0,0.0,0.0,0.0,4.951559993673953e-27,-5.247246929885307e-28,2.992543166028568e-26,5.04382631053766e-24,-5.38979269900546e-24,-2.1453088883564426e-24
471,4.71,-342.69632,974.491,-385.63,488.605,-602.9265,58.212852,0.0324615515768528,0.0319745697081089,-0.5349384754896164,-38.3334415435791,58.5779613494873,2.1817709684371946,-39.51077766418457,-15.043607234954834,-500.4523651123047,28204.631640625,35766.923828125,-3669.23759765625,-0.005812128999968991,0.13804576247930528,-1.5522563695907592,89.49937286376954,102.46458435058594,-116.05873184204101,0.0,0.0,0.0,0.0,0.0,0.0,3.663675174644756e-27,-4.578247502533575e-28,2.0898722657128705e-26,3.414975348270732e-24,-3.734575007614606e-24,-1.495057707272638e-24
472,4.72,-331.38885,974.627,-381.328,489.275,-602.3629,60.499176,0.058258213102817535,0.022919191513210535,-0.6567740499973297,-48.80197525024414,66.43878326416015,-0.23734968956559896,-39.2745246887207,-18.6225793838501,-502.6334564208984,28576.1341796875,35511.208984375,-4100.86953125,0.005486071127234027,0.13268521130084993,-1.5125595092773438,84.44832611083984,97.60546875,-118.0922866821289,0.0,0.0,0.0,0.0,0.0,0.0,3.211415719151558e-29,-1.8679090568912133e-28,-3.082575344029252e-27,-8.027093362254537e-25,6.327882522739934e-25,2.2926156751675166e-25
473,4.73,-320.01834,974.51636,-376.192,489.659,-601.71954,62.874065,0.09045523926615714,-0.0017401050950866192,-0.6913028061389923,-54.118843460083006,61.25527648925781,-4.866178727149963,-38.87319450378418,-22.433395004272462,-510.85227355957034,29321.0595703125,35568.05859375,-4562.17666015625,0.013933000341057777,0.1240137942135334,-1.486675000190735,80.11641998291016,94.78636016845704,-120.3398323059082,0.0,0.0,0.0,0.0,0.0,0.0,-7.036268687131526e-27,3.975336439464394e-28,-4.8744491252262316e-26,-8.753199144939673e-24,8.926534368352528e-24,3.5101292297726875e-24
474,4.74,-308.2138,974.0499,-370.768,489.924,-601.2766,65.224625,0.12517612054944038,-0.04913327675312758,-0.5455031305551529,-47.78514366149902,32.31456813812256,-12.364298248291016,-38.340690231323244,-26.700848388671876,-524.7840942382812,30414.6541015625,35924.46953125,-5064.990283203125,0.018306207098066806,0.11445618197321891,-1.4797288656234742,76.80215835571289,93.58618850708008,-122.43361587524414,0.0,0.0,0.0,0.0,0.0,0.0,-1.860767514499613e-26,1.4108226088727712e-27,-1.2248276085267173e-25,-2.1510324528770556e-23,2.2297445837923375e-23,8.805924793464562e-24
475,4.75,-296.60388,973.2233,-365.212,489.991,-600.3718,67.47993,0.1541089504957199,-0.12611676380038261,-0.09411192527040839,-20.757474163174628,-33.88854374885559,-23.130005645751954,-37.74827575683594,-31.658009338378907,-543.8842102050781,31815.2626953125,36559.07265625,-5618.9095703125,0.020926930569112302,0.10692920163273811,-1.489366066455841,73.64708023071289,93.83759918212891,-124.04844284057617,0.0,0.0,0.0,0.0,0.0,0.0,-3.5367563335317383e-26,2.9457905271456477e-27,-2.280813468616235e-25,-3.9680862527058847e-23,4.141854702750669e-23,1.638700916187789e-23
476,4.76,-284.35645,972.199,-358.789,489.311,-600.0441,69.91851,0.16288091540336608,-0.23690370470285416,0.8122207939624786,38.167926168441774,-152.12717208862304,-36.9310791015625,-37.193053817749025,-37.52769889831543,-567.4183837890625,33468.02578125,37443.00234375,-6230.054638671875,0.02333955019712448,0.10128355994820595,-1.5075465202331544,69.89779129028321,95.65915985107422,-125.26174774169922,0.0,0.0,0.0,0.0,0.0,0.0,-5.705024502077265e-26,5.021972339108141e-27,-3.6308242432270685e-25,-6.277692700628427e-23,6.582698985428347e-23,2.607503060705285e-23
477,4.77,-271.84225,970.7909,-352.864,489.399,-598.80774,72.2212,0.1297655239701271,-0.37927197813987734,2.3236639142036437,140.9432289123535,-335.0889266967773,-52.38131446838379,-36.7827205657959,-44.498513793945314,-594.4897399902344,35308.6640625,38540.101171875,-6900.062255859375,0.02503399904817343,0.09556620046496392,-1.5234580874443053,66.17575073242188,97.7162956237793,-126.52790756225586,0.0,0.0,0.0,0.0,0.0,0.0,-8.162316361079401e-26,7.510650654709368e-27,-5.136532839828019e-25,-8.833321041290066e-23,9.299472644810476e-23,3.687443779191535e-23
478,4.78,-259.47226,968.82135,-346.316,488.512,-598.47845,74.797325,0.02543475045822561,-0.5391759425401688,4.545727849006653,297.29415435791014,-587.5002807617187,-66.27848625183105,-36.61994972229004,-52.70625686645508,-624.03349609375,37263.99609375,39805.603125,-7625.684375,0.02615482211112976,0.08790769875049591,-1.529413628578186,64.03542556762696,98.5074348449707,-127.96387176513672,0.0,0.0,0.0,0.0,0.0,0.0,-1.042455860185039e-25,1.0034600990572489e-26,-6.481126679166023e-25,-1.1080037730799962e-22,1.1715828192189633e-22,4.6507911556532634e-23
479,4.79,-246.66066,967.0126,-339.103,487.653,-597.5517,77.28493,-0.18518155366182326,-0.6839150309562683,7.46462721824646,509.62355041503906,-897.1582946777344,-72.87691192626953,-36.79064407348633,-62.21810302734375,-654.7881164550781,39250.35625,41184.194921875,-8399.086083984375,0.02505770716816187,0.07816654965281486,-1.5158007740974426,64.98439521789551,98.35318908691406,-129.03124237060547,0.0,0.0,0.0,0.0,0.0,0.0,-1.1610952401710722e-25,1.184976631273774e-26,-7.098453527636025e-25,-1.2034376284169629e-22,1.2804073549192288e-22,5.090825436313543e-23
480,4.8,-233.84477,964.85803,-332.174,486.878,-596.78015,80.01356,-0.5375130951404572,-0.75460125207901,10.838952159881591,765.3611450195312,-1222.7136352539062,-63.25689582824707,-37.351505279541016,-73.0289405822754,-685.2914306640625,41172.4640625,42608.690625,-9209.26533203125,0.02144223526120186,0.06945121958851815,-1.4786356568336487,68.76005325317382,98.52249603271484,-129.5896453857422,0.0,0.0,0.0,0.0,0.0,0.0,-1.0340879010363666e-25,1.1728254847351681e-26,-6.112097843526473e-25,-1.0182859344425011e-22,1.0975767295416424e-22,4.3781960100052546e-23
481,4.81,-221.14107,961.75,-323.992,485.291,-595.53174,82.53,-1.0567766308784485,-0.6595840513706207,14.059221267700195,1026.7056579589844,-1478.9015014648437,-25.076684856414794,-38.316175842285155,-85.05176162719727,-713.9152526855469,42925.401953125,44000.036328125,-10043.09150390625,0.014722031820565463,0.06459090933203697,-1.4246301412582398,73.24752197265624,99.59929504394532,-130.21311950683594,0.0,0.0,0.0,0.0,0.0,0.0,-4.6874520396485815e-26,7.879940403011832e-27,-2.3125248511673594e-25,-3.447976283222735e-23,4.041794530430975e-23,1.6446693875068084e-23
482,4.82,-208.15843,958.7571,-315.318,483.503,-594.70483,85.62542,-1.7405719876289367,-0.27176100108772516,15.988261699676514,1218.4575561523438,-1521.3605834960938,56.855641746520995,-39.637329483032225,-98.09756774902344,-738.893408203125,44397.84453125,45266.378515625,-10885.2880859375,0.004542012623278424,0.0632444940507412,-1.372295117378235,77.0408920288086,101.48965225219726,-131.05003204345704,0.0,0.0,0.0,0.0,0.0,0.0,7.744513939703179e-26,-2.026756214391322e-27,5.784749348956842e-25,1.0704224269334926e-22,-1.0680256245342725e-22,-4.174891132499103e-23
483,4.83,-195.07994,955.8145,-306.384,481.635,-593.5872,88.91084,-2.5335606813430784,0.5657307632267475,14.813484573364258,1215.8886352539062,-1135.3285034179687,198.59285583496094,-41.188431930541995,-111.84846572875976,-758.3535034179688,45476.112890625,46302.425,-11717.00009765625,-0.00657615828095004,0.06290872916579246,-1.3233725905418396,80.33821258544921,103.24458389282226,-131.98059997558593,0.0,0.0,0.0,0.0,0.0,0.0,2.9522731973236193e-25,-2.065771786982671e-26,1.9741413561035217e-24,3.4914431588666075e-22,-3.600543530826436e-22,-1.4200285659754413e-22
484,4.84,-181.71545,952.73535,-296.195,479.503,-591.8524,92.28519,-3.294553804397583,2.0192864298820496,7.967780876159668,836.4190399169922,-35.351054361462594,412.91692504882815,-42.751597213745114,-125.83122329711914,-770.3658325195313,46049.33125,46990.019921875,-12512.74560546875,-0.016188849974423648,0.061535751447081566,-1.2764306664466858,83.73113479614258,104.90178604125977,-132.6416473388672,0.0,0.0,0.0,0.0,0.0,0.0,6.2759429223381e-25,-5.050754299013679e-26,4.078823809233469e-24,7.121750323294611e-22,-7.413960457485616e-22,-2.9312677036803345e-22
485,4.85,-167.96213,949.81366,-285.521,477.085,-590.1906,96.18595,-3.7589834213256834,4.222581458091736,-7.791852235794067,-158.74338417053224,2113.510388183594,702.31572265625,-44.01974983215332,-139.40663146972656,-772.9900634765625,46013.4515625,47199.06171875,-13237.42509765625,-0.021665642224252223,0.05911794677376747,-1.2401492238044738,87.17299118041993,107.24730224609375,-132.8748291015625,0.0,0.0,0.0,0.0,0.0,0.0,1.0803098758076093e-24,-9.296960947186993e-26,6.913374078332125e-24,1.1984405063402176e-21,-1.2542521452786302e-21,-4.965801850183843e-22
486,4.86,-153.86581,947.07556,-273.8,474.628,-587.41,100.23763,-3.5039588451385497,7.204524803161621,-36.0233190536499,-2044.1022827148438,5639.217846679688,1048.5030395507813,-44.618186950683594,-151.75054168701172,-764.3530883789062,45277.194140625,46791.58515625,-13843.1470703125,-0.019689046405255796,0.054911676421761514,-1.2200601935386657,90.67168350219727,110.4414566040039,-132.9463623046875,0.0,0.0,0.0,0.0,0.0,0.0,1.6275112989561588e-24,-1.4686776291430814e-25,1.0293532222246977e-23,1.7744688093036156e-21,-1.8647741524158184e-21,-7.390831914025202e-22
487,4.87,-139.56934,944.31665,-261.474,472.183,-584.7221,105.095436,-1.9291095197200776,10.78149347305298,-79.80079727172851,-5079.029931640625,10755.16796875,1398.4465698242188,-44.15225791931152,-161.83247985839844,-742.7845336914063,43771.75625,45631.58515625,-14265.96220703125,-0.009994099126197397,0.048762421682477,-1.2146721720695495,94.65098571777344,113.69326400756836,-132.98938598632813,0.0,0.0,0.0,0.0,0.0,0.0,2.1898298904289686e-24,-2.0639382878089187e-25,1.3693120168029603e-23,2.3475557844284683e-21,-2.4770920462110416e-21,-9.827974186070646e-22
488,4.88,-124.754974,941.5826,-248.18,469.652,-580.9172,110.25522,1.7259887762367725,14.41332941055298,-140.31147232055665,-9413.603515625,17386.355859375,1647.9131591796875,-42.28126831054688,-168.42923736572266,-707.0143798828125,41462.410546875,43601.34375,-14425.33037109375,0.006134325481252745,0.04225267134606838,-1.22047301530838,99.35902786254883,116.23940505981446,-132.66725311279296,0.0,0.0,0.0,0.0,0.0,0.0,2.6083448186785058e-24,-2.585253873906555e-25,1.608344901688942e-23,2.7384234433171184e-21,-2.9043158480240137e-21,-1.1538052669534237e-21
489,4.89,-109.91269,939.021,-233.573,466.02,-577.5078,116.463104,8.298595952987672,17.039349174499513,-214.734326171875,-14940.840625,24923.4453125,1625.95224609375,-38.81431083679199,-170.1990188598633,-656.4728149414062,38364.85390625,40625.27890625,-14230.31015625,0.026603966765105725,0.037111326679587366,-1.2336253881454469,103.2214744567871,117.33450317382812,-131.50922241210938,0.0,0.0,0.0,0.0,0.0,0.0,2.6184586860152086e-24,-2.8022883183350645e-25,1.5775939203120692e-23,2.654738352187985e-21,-2.840201434174198e-21,-1.1308292147236088e-21
490,4.9,-94.910934,935.8141,-217.888,462.714,-572.18335,122.96113,18.500360870361327,17.07939224243164,-294.842724609375,-21192.5076171875,32093.920703125,1105.7031494140624,-33.81896896362305,-165.86021575927734,-591.6987670898437,34564.6533203125,36703.303515625,-13596.20166015625,0.04943963214755058,0.03222416527569294,-1.2566874980926515,103.84540634155273,116.77803192138671,-129.20759658813478,0.0,0.0,0.0,0.0,0.0,0.0,1.8316679391639616e-24,-2.3610621191368792e-25,1.0319479198483235e-23,1.6744614312633456e-21,-1.840843510333104e-21,-7.378923093095142e-22
491,4.91,-80.08108,932.6762,-200.672,458.216,-566.39185,130.64659,32.42203025817871,13.282624244689941,-373.57781677246095,-27768.3005859375,37824.99375,-63.83729705810547,-27.710406494140624,-154.53302154541015,-514.7927917480469,30230.397265625,31949.1623046875,-12474.17939453125,0.07361697182059287,0.024472119659185408,-1.2928480625152587,100.67864532470703,115.60152130126953,-125.96304244995117,0.0,0.0,0.0,0.0,0.0,0.0,-2.6170790003394514e-25,-7.762977552746108e-26,-3.46423713567789e-24,-7.465669216972023e-22,6.685152996002409e-22,2.5310102605736544e-22
492,4.92,-65.23746,930.00366,-181.439,453.883,-558.3116,139.22177,49.06851768493652,5.92099369764328,-450.3513427734375,-34632.641796875,41928.160546875,-1797.314031982422,-21.226668739318846,-136.20979919433594,-429.7380676269531,25607.38359375,26616.9287109375,-10885.8080078125,0.0976189061999321,0.013939161039888858,-1.3364609241485597,95.39606475830078,114.55228881835937,-122.47845993041992,0.0,0.0,0.0,0.0,0.0,0.0,-4.249900366102495e-24,2.5430221252268627e-25,-2.918805323275864e-23,-5.222272500962113e-21,5.339943083039812e-21,2.1012960381357627e-21
493,4.93,-50.49968,927.63794,-159.586,449.14,-547.7621,148.44135,66.65832214355468,-3.36765573900193,-526.515023803711,-41776.206640625,44607.90859375,-3833.015771484375,-15.209750747680664,-112.15383987426758,-342.1038299560547,20978.0759765625,21083.5068359375,-8942.411279296875,0.1189801774919033,0.00400889951561112,-1.3749702215194701,89.84254837036133,113.66238250732422,-119.24577713012695,0.0,0.0,0.0,0.0,0.0,0.0,-1.0692650086356306e-23,8.21141058949991e-25,-7.019669740540417e-23,-1.231310194054244e-20,1.2774946845672128e-20,5.046374502602112e-21
494,4.94,-35.60349,925.23016,-135.907,443.617,-535.0832,157.92563,83.5696807861328,-12.445985698699952,-602.7216796875,-49072.79453125,46145.75,-5896.055810546875,-10.298532009124756,-84.9549346923828,-258.1470230102539,16602.95615234375,15777.47724609375,-6835.675,0.13691174387931823,-0.002410509769106284,-1.400795817375183,85.62179031372071,113.08487930297852,-116.46663208007813,0.0,0.0,0.0,0.0,0.0,0.0,-1.9921929430280892e-23,1.6699787974847815e-24,-1.2828364406621344e-22,-2.230294321519653e-20,2.329150498811281e-20,9.216371341043465e-21
495,4.95,-20.98943,922.60156,-111.318,438.739,-520.0802,167.44843,98.77713165283203,-19.9027961730957,-678.2156921386719,-56341.65390625,46727.398828125,-7798.961865234375,-6.699714946746826,-58.0755111694336,-183.42827301025392,12664.38544921875,11074.91513671875,-4798.143383789063,0.1515273153781891,-0.004449444776400924,-1.4052812695503234,83.82417755126953,112.81528167724609,-114.54907302856445,0.0,0.0,0.0,0.0,0.0,0.0,-3.172476468891308e-23,2.805494214541218e-24,-2.0167491070013445e-22,-3.4850731239701255e-20,3.6558579061814237e-20,1.448288150559356e-20
496,4.96,-6.7240515,920.0741,-85.7331,434.065,-503.2787,176.98927,111.41952514648438,-25.63757266998291,-751.4521179199219,-63454.505859375,46450.87890625,-9419.87060546875,-4.224595046043396,-34.733740615844724,-121.4873046875,9248.29365234375,7207.152685546875,-3033.5472900390623,0.16251128166913986,-0.0031076491111889483,-1.3832152485847473,83.98137054443359,112.86470794677734,-113.86469879150391,0.0,0.0,0.0,0.0,0.0,0.0,-4.489458908452671e-23,4.148488391874853e-24,-2.8220896573203344e-22,-4.8505729917794043e-20,5.108563193133878e-20,2.0258621584351704e-20
497,4.97,7.3832994,917.58405,-59.4489,429.508,-484.91684,187.31253,120.78882675170898,-30.174580574035645,-820.1776550292968,-70283.61953125,45329.929296875,-10688.76982421875,-2.560223031044006,-16.81135473251343,-73.35579109191895,6372.481005859375,4236.432641601563,-1657.906689453125,0.16997612714767457,-0.0014407155103981495,-1.3376040577888488,85.13120803833007,113.34330291748047,-114.15904083251954,0.0,0.0,0.0,0.0,0.0,0.0,-5.666524512911312e-23,5.4811257524345e-24,-3.5182276750368254e-22,-6.0107214920485e-20,6.358750820067254e-20,2.5245281684273478e-20
498,4.98,21.134872,915.06165,-32.4967,425.486,-464.42957,199.39645,126.70988845825195,-33.947817993164065,-881.8656494140625,-76670.81484375,43300.391015625,-11595.12353515625,-1.4436844348907472,-4.699680972099304,-38.22394924163818,4031.1737548828123,2103.2124755859377,-693.23154296875,0.17511921525001525,-0.002699254790786654,-1.2828147292137146,86.73925018310547,114.58173522949218,-114.96752471923828,0.0,0.0,0.0,0.0,0.0,0.0,-6.209120777115473e-23,6.383199872696125e-24,-3.7877130615766937e-22,-6.414428993333051e-20,6.830274465378024e-20,2.716241880294202e-20
499,4.99,34.96968,912.5556,-4.1382,422.43,-441.90665,211.33586,129.6062042236328,-37.20285987854004,-934.2858337402344,-82456.17265625,40269.617578125,-12164.5310546875,-0.6871941834688187,2.3355697505176067,-14.408502626419068,2224.8358642578123,688.9071990966797,-89.95808305740357,0.17748497277498246,-0.00840401966124773,-1.229844331741333,88.71492996215821,115.80950393676758,-115.88044738769531,0.0,0.0,0.0,0.0,0.0,0.0,-5.351416801111166e-23,6.1705819400012055e-24,-3.144936473253934e-22,-5.223541912201859e-20,5.643125109704577e-20,2.2523026572511054e-20
500,5.0,47.895725,910.4178,23.6063,420.918,-420.01773,222.24278,130.2054672241211,-40.10518341064453,-975.8429931640625,-87507.6765625,36192.7015625,-12444.41865234375,-0.19364177845418454,5.589523220062256,0.10175643414258957,945.9088470458985,-146.58131983280182,234.25586395263673,0.17666310518980027,-0.017550908029079437,-1.1821246862411499,90.6744598388672,115.77785568237304,-116.58714370727539,0.0,0.0,0.0,0.0,0.0,0.0,-2.036177099616633e-23,3.856873790080443e-24,-9.27005722072336e-23,-1.3000926318524053e-20,1.5977149041820786e-20,6.568882209104613e-21
501,5.01,61.393967,908.76843,51.4867,420.42,-396.69092,230.77596,129.2079086303711,-42.732251739501955,-1005.8247192382812,-91739.884375,31133.465625,-12497.760546875,0.09095386839471757,6.377980041503906,7.5509936809539795,138.03173484802247,-553.2043762207031,363.93987426757815,0.1741083085536957,-0.02852145992219448,-1.1445378184318542,91.75826950073242,115.09533233642578,-117.02972259521485,0.0,0.0,0.0,0.0,0.0,0.0,5.0346103010174524e-23,-1.828033653275823e-24,3.6693853268105093e-22,6.72613801618908e-20,-6.757229489748833e-20,-2.646355345200029e-20
502,5.02,75.121864,907.7764,79.3946,420.179,-371.88596,238.14236,127.07578353881836,-45.16216125488281,-1024.3398071289062,-95120.87421875,25266.470703125,-12387.2212890625,0.22296468466520308,5.772999620437622,10.187081146240235,-299.4893966674805,-674.7506774902344,372.9927490234375,0.17201759666204453,-0.03909507021307945,-1.1233624577522279,91.73027038574219,115.0306610107422,-117.07313537597656,0.0,0.0,0.0,0.0,0.0,0.0,1.7227173352080024e-22,-1.2314508506673264e-23,1.147305214653116e-21,2.0254785598884475e-19,-2.0915206729193782e-19,-8.251672064744596e-20
503,5.03,88.64167,907.8219,107.248,420.849,-346.38025,244.59402,123.99885482788086,-47.50325164794922,-1032.016259765625,-97656.84453125,18838.10751953125,-12161.54443359375,0.2555532336235046,4.546965742111206,9.929117584228516,-477.1357116699219,-630.36650390625,318.5469665527344,0.17230332344770433,-0.047460634261369705,-1.127121889591217,91.69131240844726,115.97491073608398,-116.70586853027343,0.0,0.0,0.0,0.0,0.0,0.0,3.561954853480176e-22,-2.8903873664717457e-23,2.3107128651007048e-21,4.031158319170891e-19,-4.199179846384819e-19,-1.6605058845876172e-19
504,5.04,102.530945,908.50934,134.18,421.4,-319.9808,248.35336,120.03297424316406,-49.79594039916992,-1029.792724609375,-99371.9890625,12119.77685546875,-11851.45869140625,0.23182560354471207,3.1956770420074463,8.223055124282837,-492.92822265625,-507.6448486328125,240.05872802734376,0.1758944347500801,-0.052145668864250184,-1.1637233734130858,92.52944793701172,117.70828857421876,-116.29758071899414,0.0,0.0,0.0,0.0,0.0,0.0,6.039761075032465e-22,-5.2245844705217637e-23,3.860305566785489e-21,6.687961323861331e-19,-7.002448413417574e-19,-2.7727012448692e-19
505,5.05,116.44028,909.72455,160.674,422.99,-292.19318,249.44333,115.2625862121582,-51.94165229797363,-1018.7707397460938,-100293.07109375,5366.123095703125,-11474.6423828125,0.18288337886333467,1.9940667867660522,6.042290306091308,-422.9453063964844,-364.0650604248047,161.63785247802736,0.18270780444145202,-0.05062529519200325,-1.2233519077301025,93.84050216674805,118.8542495727539,-116.63699569702149,0.0,0.0,0.0,0.0,0.0,0.0,8.99559320048201e-22,-8.152353083838238e-23,5.683255147043605e-21,9.792066122198942e-19,-1.0294370980485097e-18,-4.0804693730691384e-19
506,5.06,129.52101,911.8365,187.028,425.946,-264.4334,249.63762,109.81316680908203,-53.7156307220459,-1000.1361267089844,-100445.25234375,-1198.6614685058594,-11036.32490234375,0.1287236176431179,1.0598694562911988,3.962851905822754,-319.92059631347655,-232.50517883300782,95.67797622680663,0.18998948484659195,-0.0433453269302845,-1.2886894941329956,95.31576690673828,118.53006057739258,-118.09073867797852,0.0,0.0,0.0,0.0,0.0,0.0,1.197018618006259e-21,-1.1332106999684046e-22,7.476072189524259e-21,1.2809544430886937e-18,-1.3522202818210188e-18,-5.365588882507069e-19
507,5.07,142.9207,914.3299,213.584,429.294,-235.76578,248.37682,103.77549057006836,-54.812577438354495,-975.1719299316406,-99859.68515625,-7374.35810546875,-10527.61572265625,0.08046147376298904,0.41128520369529725,2.265047538280487,-216.22112731933595,-127.9760627746582,46.581048011779785,0.19608612954616547,-0.03340437393635511,-1.3532474398612977,96.97752380371094,118.13858184814453,-120.23293914794922,0.0,0.0,0.0,0.0,0.0,0.0,1.4065111251310044e-21,-1.4022312959738035e-22,8.658159975330705e-21,1.4729315034131911e-18,-1.5631336156774168e-18,-6.210887542209574e-19
508,5.08,156.3877,917.52576,239.811,434.411,-206.65433,245.77237,97.20401535034179,-54.93980674743652,-945.2598754882813,-98585.22265625,-12985.3298828125,-9936.67919921875,0.04288111496716738,0.012420483119785785,1.0326217830181121,-128.6064125061035,-53.91758518218994,13.939800381660461,0.20251402705907823,-0.024355477839708328,-1.4114300847053527,98.15108718872071,118.97598190307617,-122.40243072509766,0.0,0.0,0.0,0.0,0.0,0.0,1.3805059984864345e-21,-1.493246204955212e-22,8.289135236245836e-21,1.3924259228217991e-18,-1.4916526272677669e-18,-5.940988072609354e-19
509,5.09,169.14944,920.71094,265.376,439.982,-176.58287,241.53893,90.15225982666016,-53.95548553466797,-911.7757873535156,-96694.303125,-17888.944921875,-9263.81328125,0.01675136899575591,-0.1947616532444954,0.23491800036281346,-63.150417709350585,-7.271205818653106,-5.062832345068455,0.21008065342903137,-0.019410615041851997,-1.4560391306877136,98.19562072753907,121.51895675659179,-123.99134674072266,0.0,0.0,0.0,0.0,0.0,0.0,9.047845731256717e-22,-1.2102486029855433e-22,5.018942398524112e-21,8.071035173696879e-19,-8.933102335379483e-19,-3.5866564672737264e-19
510,5.1,183.2607,924.46185,288.589,445.954,-146.05128,235.56635,82.69164505004883,-51.93152923583985,-875.9559875488281,-94279.97578125,-21984.2861328125,-8524.7814453125,0.0006533602645504288,-0.2704944759607315,-0.21272132880985736,-19.46696882247925,17.88031187057495,-14.037354564666748,0.2179601550102234,-0.01948338095098734,-1.4916648626327516,95.90638961791993,125.25665817260742,-125.05463562011718,0.0,0.0,0.0,0.0,0.0,0.0,-2.9851347124505005e-22,-2.874600780644076e-23,-2.8829398884377354e-21,-5.791365368664079e-19,5.447863329384798e-19,2.0939858480515774e-19
511,5.11,194.28314,928.33954,314.565,453.623,-114.80263,227.78949,74.90258865356445,-49.11021614074707,-838.8339416503907,-91448.65390625,-25217.3869140625,-7741.610791015625,-0.007732519414275885,-0.2665968179702759,-0.4093224048614502,6.092645436525345,27.987383460998537,-16.430381965637206,0.22493645995855333,-0.025544343702495097,-1.5219851851463317,90.60940551757812,129.50198822021486,-125.93661727905274,0.0,0.0,0.0,0.0,0.0,0.0,-2.5453686063171287e-21,1.5946537315850702e-22,-1.7353546470959277e-20,-3.0951394529672436e-18,3.17215950125249e-18,1.2490260934548807e-18
512,5.12,206.54343,932.08124,337.865,460.825,-82.79444,219.0827,66.87422752380371,-45.828727340698244,-801.2505737304688,-88314.01015625,-27584.173046875,-6933.641064453125,-0.01082174051553011,-0.22234726846218109,-0.44561258256435393,18.277522468566893,28.75261745452881,-15.058068466186523,0.229211163520813,-0.037582343071699144,-1.5391163110733033,82.67306365966797,134.025,-126.61592483520508,0.0,0.0,0.0,0.0,0.0,0.0,-6.128535881575955e-21,4.761697684609024e-22,-4.01347260960079e-20,-7.032115215067515e-18,7.30187874787382e-18,2.885018082508819e-18
513,5.13,218.67624,936.13586,360.334,468.51,-49.44212,208.72406,58.71120491027832,-42.44650039672852,-763.8891235351563,-84991.70234375,-29129.8625,-6113.40771484375,-0.010696346033364534,-0.16434852182865142,-0.39367313086986544,21.650377082824708,24.590264320373535,-11.965958404541016,0.22951359450817108,-0.053811974450945856,-1.5305923461914062,73.74632339477539,138.6820068359375,-126.97471084594727,0.0,0.0,0.0,0.0,0.0,0.0,-1.1205464125716174e-20,9.450793559237104e-22,-7.205248684862809e-20,-1.2518432524523498e-17,1.3079741737206466e-17,5.176272562360182e-18
514,5.14,230.78467,940.0611,381.778,475.632,-15.9624405,197.30983,50.525428009033206,-39.27566337585449,-727.3253601074218,-81593.63359375,-29943.0958984375,-5285.5109375,-0.00893691647797823,-0.1084662102162838,-0.30457012057304383,19.955030822753905,18.552244472503663,-8.478988075256348,0.2263900265097618,-0.07147550061345101,-1.495996344089508,65.84262351989746,142.63585510253907,-126.99728317260742,0.0,0.0,0.0,0.0,0.0,0.0,-1.762212167609759e-20,1.5654054425113106e-21,-1.1189835662797107e-19,-1.932642650270125e-17,2.028152050538213e-17,8.035455312797133e-18
515,5.15,242.83119,943.76764,402.759,483.189,19.029528,185.46083,42.43603363037109,-36.52509536743164,-692.0872741699219,-78222.353125,-30145.6865234375,-4449.5392578125,-0.006615578196942806,-0.06252775453031063,-0.2104656681418419,15.920764541625976,12.505971813201905,-5.341400194168091,0.22057675272226335,-0.0872487634420395,-1.444537913799286,60.18591651916504,144.95164184570314,-126.56280746459962,0.0,0.0,0.0,0.0,0.0,0.0,-2.4666506802403104e-20,2.2889806534052736e-21,-1.548817528437658e-19,-2.6606529927744765e-17,2.803285069285975e-17,1.1117904657114955e-17
516,5.16,254.76396,947.60455,422.374,490.458,54.824574,172.9507,34.56573486328125,-34.26828842163086,-658.6785583496094,-74965.3765625,-29878.4439453125,-3603.5357177734377,-0.004372973553836345,-0.028984653763473034,-0.12869953885674476,11.322390365600587,7.413530015945435,-2.880742001533508,0.2141576290130615,-0.1009155385196209,-1.3891980051994324,57.92883567810058,145.12447814941407,-125.66546478271485,0.0,0.0,0.0,0.0,0.0,0.0,-3.076140361530168e-20,2.99038536400922e-21,-1.9072511858998918e-19,-3.2562081941924673e-17,3.446501458069761e-17,1.3684954967107728e-17
517,5.17,266.8271,951.00854,441.467,496.798,90.93685,160.14963,27.011767768859862,-32.47965698242187,-627.5788879394531,-71893.37421875,-29284.958203125,-2748.526904296875,-0.0025262342183850705,-0.007134054193738848,-0.06623786166310311,7.1624328136444095,3.618764352798462,-1.1582701206207275,0.20859894752502442,-0.11427119076251983,-1.346123743057251,59.72368469238281,143.10765838623047,-124.44617156982422,0.0,0.0,0.0,0.0,0.0,0.0,-3.31336820026259e-20,3.432675525587699e-21,-2.0165149593521844e-19,-3.41089417820066e-17,3.6352168252977724e-17,1.4459635749670995e-17
518,5.18,278.5945,954.40485,459.144,503.40598,128.58165,146.96411,19.847771644592285,-31.0912805557251,-599.2558288574219,-69063.33359375,-28499.6552734375,-1893.6917846679687,-0.0011757951520849018,0.005238419736269861,-0.023605746496468783,3.8872137546539305,1.0929555296897888,-0.08853000774979591,0.2033499523997307,-0.1277270294725895,-1.3218931913375855,64.44278221130371,138.89029693603516,-123.42362899780274,0.0,0.0,0.0,0.0,0.0,0.0,-2.7539857277482135e-20,3.2351177948100613e-21,-1.6078273525662722e-19,-2.6610417014879273e-17,2.882417269498636e-17,1.1511979291199505e-17
519,5.19,290.9502,957.493,476.073,508.891,166.9507,133.87985,13.154313278198241,-30.005404472351074,-574.1649780273438,-66520.757421875,-27644.8556640625,-1054.3790283203125,-0.0002946871974017995,0.010773933678865432,0.0020687808020738883,1.5861716508865356,-0.3797481092391536,0.4758744537830353,0.19873453974723815,-0.1387001246213913,-1.313871157169342,70.02106170654297,132.44122161865235,-122.76968841552734,0.0,0.0,0.0,0.0,0.0,0.0,-8.185515597225154e-21,1.8547632020816214e-21,-3.1829244268361983e-20,-3.8402612439487184e-18,5.3149317937871656e-18,2.2372313347250403e-18
520,5.2,303.1703,960.214,492.376,513.791,206.71724,120.444046,6.9874677658081055,-29.121106719970705,-552.709765625,-64300.1578125,-26826.3458984375,-244.10604591369628,0.00020533404713205528,0.011914720293134451,0.01495039090514183,0.15095563754439353,-1.0772733211517334,0.6908521234989167,0.19517987221479416,-0.1453142836689949,-1.3143990635871887,74.9917381286621,124.22096710205078,-122.5297119140625,0.0,0.0,0.0,0.0,0.0,0.0,3.19536195168505e-20,-1.3994072641788e-21,2.2861447099115753e-19,4.1599754082538603e-17,-4.2015786225983374e-17,-1.6478689946708563e-17
521,5.21,315.8206,962.63855,507.43097,517.441,247.1605,107.417,1.364755764976144,-28.36820182800293,-535.2077514648438,-62427.194140625,-26130.5330078125,528.9930587768555,0.00043005594343412665,0.010613674949854612,0.019208919443190097,-0.6113762348890305,-1.2654448628425599,0.6919865190982819,0.1929031491279602,-0.14772214144468307,-1.3239289283752442,78.96153869628907,115.62005386352538,-122.81051177978516,0.0,0.0,0.0,0.0,0.0,0.0,1.0012887673586684e-19,-7.293385514222479e-21,6.644164540269698e-19,1.1710721444027864e-16,-1.2106997404245765e-16,-4.778072952268759e-17
522,5.22,328.7231,964.7517,521.33,520.272,288.25336,94.959984,-3.7335384607315065,-27.72975673675537,-521.8880737304687,-60922.815234375,-25624.596875,1263.1091003417969,0.0004775287787197158,0.008262478327378631,0.01835611816495657,-0.9067153930664062,-1.1617391943931579,0.5829198479652404,0.19349344670772553,-0.14599035680294037,-1.3401020526885987,81.0984718322754,108.95175170898438,-123.47012863159179,0.0,0.0,0.0,0.0,0.0,0.0,2.0179958582178984e-19,-1.6502969733326783e-20,1.3068330470463566e-18,2.2780005483528137e-16,-2.374359810525851e-16,-9.390521648068392e-17
523,5.23,341.85956,966.4093,535.163,522.009,329.57306,83.1514,-8.378340148925782,-27.23723373413086,-512.9259063720704,-59806.951171875,-25358.342578125,1964.189404296875,0.0004262853879481554,0.005743548367172479,0.015008693747222423,-0.9149902403354645,-0.9242970883846283,0.43443756103515624,0.19717896431684495,-0.1403205320239067,-1.3546051144599915,80.35948181152344,106.80657272338867,-123.92038421630859,0.0,0.0,0.0,0.0,0.0,0.0,3.3726064102507993e-19,-2.932051557275183e-20,2.1529812729367432e-18,3.7278926389682212e-16,-3.904840892144079e-16,-1.5463369295858973e-16
524,5.24,354.93896,967.63983,547.268,523.202,372.05426,72.302086,-12.69595546722412,-26.940071868896485,-508.4975128173828,-59100.668359375,-25368.504296875,2645.1696533203126,0.0003323728509712964,0.0035374632570892572,0.010908222105354071,-0.7742607772350312,-0.6556725263595581,0.28920431435108185,0.20244103968143462,-0.13025930076837539,-1.362649667263031,77.27374572753907,109.55116729736328,-123.78640441894531,0.0,0.0,0.0,0.0,0.0,0.0,4.96678293041508e-19,-4.5203060749455196e-20,3.1345112028527516e-18,5.397839640880671e-16,-5.676927732578102e-16,-2.2504373550953297e-16
525,5.25,368.65277,968.7613,558.806,523.277,413.98483,62.76366,-16.855808639526366,-26.864277648925782,-508.8060272216797,-58824.68515625,-25682.989453125,3323.4856689453127,0.00023138837277656422,0.0018419057945720852,0.007070060539990664,-0.5791687518358231,-0.4135703146457672,0.16865596771240235,0.20824148505926132,-0.11630564406514168,-1.3555110812187194,73.04420928955078,115.50624618530273,-123.22845077514648,0.0,0.0,0.0,0.0,0.0,0.0,6.535608458605536e-19,-6.215129841378629e-20,4.076878638898712e-18,6.981177365117689e-16,-7.372833170889902e-16,-2.9258603287400557e-16
526,5.26,382.34616,969.30194,569.837,522.686,456.14752,54.498695,-21.05838737487793,-26.98319320678711,-514.0599334716796,-58995.990234375,-26321.228125,4018.9650390625,0.0001427671442797873,0.0006776859576348215,0.0039750415366142985,-0.3870212763547897,-0.2234766289591789,0.07990961484611034,0.21370356678962707,-0.10298806950449943,-1.3298421621322631,68.76099548339843,122.82473220825196,-122.41796951293945,0.0,0.0,0.0,0.0,0.0,0.0,7.571983720157471e-19,-7.595104788296218e-20,4.65289156599624e-18,7.908530529232734e-16,-8.398357030075246e-16,-3.3375239262291416e-16
527,5.27,396.2559,969.2978,580.008,520.928,497.0223,47.95884,-25.52402229309082,-27.217931747436523,-524.425341796875,-59624.7078125,-27292.3623046875,4751.9048828125,7.454943552147597e-05,-2.868400752049638e-05,0.0017527942312881351,-0.22683596312999726,-0.09026279374957084,0.021587773133069275,0.21864255517721176,-0.09478876888751983,-1.2994813680648805,65.62718887329102,129.5640869140625,-121.51199645996094,0.0,0.0,0.0,0.0,0.0,0.0,7.254272022079556e-19,-7.938110868174787e-20,4.339435277900088e-18,7.275266516190113e-16,-7.805039937858085e-16,-3.109744299446268e-16
528,5.28,410.76047,969.22986,589.293,519.372,536.98364,43.374306,-30.482318878173828,-27.461398887634278,-539.9513366699218,-60710.448046875,-28591.2890625,5541.878955078125,2.7638839310384355e-05,-0.00038756284629926085,0.00033171532195410693,-0.10847752466797829,-0.0074221007758751515,-0.011839282672735863,0.22260407060384751,-0.09249625504016876,-1.2869783759117126,63.46070594787598,134.4132873535156,-120.7002571105957,0.0,0.0,0.0,0.0,0.0,0.0,4.402536758683514e-19,-6.159967977449081e-20,2.3936998319487147e-18,3.8037403630487856e-16,-4.2479956707658487e-16,-1.7092623008570534e-16
529,5.29,425.14633,968.0211,597.78,516.757,575.72815,40.281807,-36.18180122375488,-27.613656997680664,-560.453759765625,-62236.460546875,-30190.2462890625,6409.117236328125,-8.760191121837124e-07,-0.000510792137356475,-0.0004519858252024278,-0.030393614945933223,0.03637513220310211,-0.027161325328052044,0.22421357333660125,-0.09399069100618362,-1.2989535450935363,60.97450904846191,136.9863494873047,-120.37964172363282,0.0,0.0,0.0,0.0,0.0,0.0,-2.496164746221318e-19,-8.066928411787042e-21,-2.1253594717873604e-18,-4.11519780559065e-16,3.9739845175376085e-16,1.5392167842797577e-16
530,5.3,439.52734,966.77783,604.692,513.791,612.77637,38.778515,-42.906500244140624,-27.613320350646973,-585.385302734375,-64160.61328125,-32029.99453125,7376.76083984375,-1.5407968021463603e-05,-0.0004932542651658878,-0.0007835759199224413,0.014596282999264076,0.05314469635486603,-0.030740531906485558,0.22313544005155564,-0.09476796314120292,-1.329630160331726,57.67030830383301,136.68760833740234,-120.81208648681641,0.0,0.0,0.0,0.0,0.0,0.0,-1.513605855968317e-18,9.84666327380171e-20,-1.0254258738515232e-17,-1.8239437962396195e-15,1.873072501273757e-15,7.379073421431002e-16
531,5.31,454.08994,964.66736,613.376,510.50604,647.2738,38.46384,-50.94905738830566,-27.458673667907714,-613.7466125488281,-66406.645703125,-34018.4015625,8468.690185546875,-2.0443081848497967e-05,-0.0004060713428771123,-0.0008300141023937612,0.03543048668652773,0.0533513892441988,-0.027710954658687115,0.221286141872406,-0.09344825595617294,-1.3732700228691102,54.035086441040036,133.12367248535156,-121.90784301757813,0.0,0.0,0.0,0.0,0.0,0.0,-3.504192322032144e-18,2.7520449164619196e-19,-2.2895844683690676e-17,-4.00745578909412e-15,4.16438975486919e-15,1.645707237714724e-15
532,5.32,468.60767,962.18713,621.142,506.53696,679.06476,38.52502,-60.53680000305176,-27.200899505615233,-644.0865661621094,-68858.13125,-36040.00546875,9701.38857421875,-1.979426779143978e-05,-0.0002968711574794725,-0.0007223844877444208,0.04053536280989647,0.04500381276011467,-0.021761245653033258,0.21979381889104843,-0.09179077818989753,-1.4125106811523438,51.10911865234375,127.2391372680664,-123.03076705932617,0.0,0.0,0.0,0.0,0.0,0.0,-6.293958385656374e-18,5.33962319194054e-19,-4.041509314076425e-17,-7.01720383629843e-15,7.335339585704957e-15,2.9033001885250885e-15
533,5.33,482.6681,958.86804,631.102,503.115,707.4193,38.883854,-71.76125411987304,-26.911256408691408,-674.6044738769531,-71361.1203125,-37970.868359375,11074.699609375,-1.6323908585036407e-05,-0.00019364675972610712,-0.0005525424319785088,0.036738676577806474,0.03357783891260624,-0.015251920744776725,0.21804341971874236,-0.09013068452477455,-1.4316221356391907,49.649454498291014,120.8890769958496,-123.77876052856445,0.0,0.0,0.0,0.0,0.0,0.0,-9.777842286276998e-18,8.724446542850864e-19,-6.201913929168984e-17,-1.0705907426582835e-14,1.123938249869734e-14,4.4534473290645974e-15
534,5.34,497.26355,955.9979,640.931,499.975,731.96564,38.92962,-84.52483749389648,-26.646464347839355,-703.3615417480469,-73739.8734375,-39695.623828125,12565.69912109375,-1.1951781743846368e-05,-0.00010985353583237156,-0.00037760508712381124,0.028963781893253326,0.02237857487052679,-0.00948612387292087,0.21601044237613679,-0.08789281696081161,-1.4301350593566895,48.66514358520508,115.40250244140626,-124.5296646118164,0.0,0.0,0.0,0.0,0.0,0.0,-1.3537863642632017e-17,1.2616359190559746e-18,-8.490886763649519e-17,-1.4578194862624417e-14,1.5365912379571455e-14,6.09479584111187e-15
535,5.35,511.47354,953.4365,651.798,497.216,752.54474,38.314022,-98.55147933959961,-26.411038208007813,-728.4773864746094,-75813.4640625,-41117.19765625,14130.9615234375,-7.808495638528257e-06,-4.933521668135654e-05,-0.00022776634577894583,0.020374113135039805,0.013070554286241532,-0.005016502435319125,0.21430111974477767,-0.08499660566449166,-1.4175867676734923,46.96776161193848,111.61439971923828,-125.20448608398438,0.0,0.0,0.0,0.0,0.0,0.0,-1.6676564990916202e-17,1.6295222320820068e-18,-1.0324780062997471e-16,-1.7614695577258983e-14,1.8653966378837614e-14,7.407893844516272e-15
536,5.36,526.0482,951.11163,665.16,495.348,768.8526,36.865772,-113.4140625,-26.144427680969237,-748.2250671386719,-77405.190625,-42157.3078125,15711.61279296875,-4.439480858309253e-06,-1.038129945811761e-05,-0.00011458375956863165,0.012726339884102345,0.0062104978831484916,-0.001922001491766423,0.21408097445964813,-0.08253764361143112,-1.4062881588935852,45.35410423278809,110.40776138305664,-125.52578277587891,0.0,0.0,0.0,0.0,0.0,0.0,-1.764096047414912e-17,1.8426953199743233e-18,-1.070934321191607e-16,-1.8091518375355688e-14,1.929963774107953e-14,7.67857372601993e-15
537,5.37,539.818,949.02563,681.945,494.26,781.1399,34.409992,-128.55128326416016,-25.72874813079834,-761.0112487792969,-78342.878125,-42750.003515625,17237.693359375,-2.002670157708053e-06,1.1305301359243459e-05,-3.819521580226137e-05,0.0067750149872154,0.0016969314572634175,-2.5340242791571656e-05,0.21635515242815018,-0.08069084361195564,-1.4114299178123475,45.99236831665039,112.0255340576172,-125.48724822998047,0.0,0.0,0.0,0.0,0.0,0.0,-1.408224212253725e-17,1.6895052755603202e-18,-8.158472720140958e-17,-1.3446360978196193e-14,1.461058125206598e-14,5.839786407945596e-15
538,5.38,554.51044,947.521,701.553,493.983,789.7557,31.078957,-143.2770736694336,-25.011686897277833,-765.2854431152343,-78454.0125,-42831.232421875,18630.998046875,-4.3160473062187066e-07,2.067154764517909e-05,7.158643927596131e-06,0.0026395352673716844,-0.0008941685454033177,0.0009544984844978899,0.2210572987794876,-0.07861418947577477,-1.43174489736557,50.201107025146484,116.08162841796874,-124.74076919555664,0.0,0.0,0.0,0.0,0.0,0.0,-2.8281969369219895e-18,8.714131936654453e-19,-6.877719720346839e-18,-2.7649913946461555e-16,9.96833085080564e-16,4.672520351828248e-16
539,5.39,568.924,945.74414,721.122,493.667,796.0336,27.60677,-156.7665588378906,-23.838454246520996,-759.4708618164062,-77562.87734375,-42332.630859375,19804.6193359375,4.450920044973827e-07,2.221487902716035e-05,2.935865213657962e-05,9.359662981296424e-05,-0.0020855897455476224,0.0013073736103251577,0.22782780081033707,-0.07539068758487702,-1.446621334552765,57.54670181274414,121.28799591064453,-123.09047241210938,0.0,0.0,0.0,0.0,0.0,0.0,1.9916799450668822e-17,-9.870565187514009e-19,1.4044497325247251e-16,2.5406291111716715e-14,-2.57705741478259e-14,-1.0118994316375479e-14
540,5.4,583.9868,944.1991,741.423,492.989,798.54895,23.19522,-168.03952331542968,-22.091385459899904,-741.9768127441406,-75495.6296875,-41182.4,20661.5017578125,8.256202534084877e-07,1.9488804719003382e-05,3.6128357533016245e-05,-0.0012311079539358617,-0.0023680932354182005,0.0012817632872611285,0.2359381750226021,-0.07007973194122315,-1.440216839313507,65.59648666381835,126.42202529907226,-121.19759826660156,0.0,0.0,0.0,0.0,0.0,0.0,5.799106914793834e-17,-4.295275889347184e-18,3.8353398271186133e-16,6.749992580124767e-14,-6.98601234776523e-14,-2.757846712499526e-14
541,5.41,599.6432,942.73517,761.26,492.059,799.10236,19.087162,-175.9684036254883,-19.729204750061037,-711.3356384277344,-72097.96953125,-39315.113671875,21095.596484375,8.905746483378607e-07,1.499810778113897e-05,3.3886535675264895e-05,-0.0017175842076539993,-0.0021381982136517764,0.0010654819896444678,0.24156157821416854,-0.06233123727142811,-1.4081173300743104,72.46243667602539,130.12636108398436,-119.95446472167968,0.0,0.0,0.0,0.0,0.0,0.0,1.1413377674734734e-16,-9.402419541029753e-18,7.378914179236919e-16,1.2852629117238168e-13,-1.340389543878339e-13,-5.3019834209870956e-14
542,5.42,614.9996,941.3506,779.038,491.063,797.83264,17.501633,-179.33283386230468,-16.816870594024657,-666.4852783203125,-67265.860546875,-36690.6890625,20998.45390625,7.828752814020845e-07,1.0311105415894418e-05,2.7363558729120996e-05,-0.0016957101179286838,-0.0016811051871627569,0.0007853729068301619,0.2412190929055214,-0.05229372605681419,-1.3620925903320313,77.93206253051758,131.58123168945312,-119.42118225097656,0.0,0.0,0.0,0.0,0.0,0.0,1.8810407546137927e-16,-1.6433117795707964e-17,1.1993788433290354e-15,2.075560114945564e-13,-2.1749816032402835e-13,-8.613964034252796e-14
543,5.43,630.0166,941.06,794.132,492.038,800.2747,18.056946,-176.96471099853517,-13.53644323348999,-607.1994750976562,-60990.1703125,-33320.3939453125,20275.4986328125,6.034121327047615e-07,6.265793945203768e-06,1.9671560221468098e-05,-0.0014157581957988442,-0.0011795493424870073,0.0005168099771253765,0.234926737844944,-0.04209892824292183,-1.320982813835144,82.98450088500977,129.96580200195314,-119.31965408325195,0.0,0.0,0.0,0.0,0.0,0.0,2.739432029878969e-16,-2.5037180204860378e-17,1.72695811085044e-15,2.9723798834584145e-13,-3.1272746978810993e-13,-1.2398322860453053e-13
544,5.44,645.1053,941.36127,810.228,494.809,805.4704,21.33593,-168.0022415161133,-10.163237476348877,-534.6638854980469,-53409.499609375,-29295.0224609375,18873.2087890625,4.15464097613949e-07,3.191639211763686e-06,1.259696009583422e-05,-0.0010473869449924677,-0.0007345930906012654,0.0002967432752484456,0.2248787686228752,-0.03500564731657505,-1.2933653950691224,88.54514541625977,125.30613479614257,-119.8732192993164,0.0,0.0,0.0,0.0,0.0,0.0,3.5641394915144716e-16,-3.4049386432264007e-17,2.2205098096554176e-15,3.8000342618676326e-13,-4.0150441565217633e-13,-1.5935288434935566e-13
545,5.45,660.1328,942.26056,830.317,495.387,810.30634,22.543024,-152.19813232421876,-7.016155624389649,-451.89028015136716,-44850.283203125,-24803.0283203125,16806.59443359375,2.529323751332413e-07,1.1042623953017028e-06,6.961030703678262e-06,-0.0006918955477885902,-0.0003892634500516579,0.00013649882675963453,0.2131274238228798,-0.03386868499219418,-1.2771898746490478,93.32984466552735,118.9407455444336,-120.78911819458008,0.0,0.0,0.0,0.0,0.0,0.0,4.0693790273816967e-16,-4.1079247042494917e-17,2.4959168549827594e-15,4.238349336207689e-13,-4.503982554754024e-13,-1.7902077660992417e-13
546,5.46,675.0979,943.26733,847.396,495.812,813.86993,23.514786,-130.218310546875,-4.409578347206116,-363.7530578613281,-35825.2076171875,-20122.0205078125,14180.86552734375,1.292315751300066e-07,-1.4466168813953572e-07,2.958344998660323e-06,-0.0003993609949247912,-0.00014991133721196093,3.2424576613721004e-05,0.20071313679218292,-0.03871470615267754,-1.2681312084197998,95.85265426635742,113.11657791137695,-121.58889846801758,0.0,0.0,0.0,0.0,0.0,0.0,3.7980774184007985e-16,-4.2091020287928547e-17,2.2625049408506333e-15,3.7849294011460535e-13,-4.0671449227144137e-13,-1.621124174028092e-13
547,5.47,690.556,944.07654,864.088,496.1,816.17084,24.70173,-103.89031524658203,-2.574830484390259,-276.386540222168,-26967.4041015625,-15569.35927734375,11206.36884765625,4.511040181398585e-08,-7.643045364602585e-07,4.3021051965297374e-07,-0.0001855716109275818,-3.0112457807263127e-06,-2.6259051264787558e-05,0.1887959435582161,-0.04769606664776802,-1.2654011368751525,95.80810852050782,110.50897445678712,-121.90963516235351,0.0,0.0,0.0,0.0,0.0,0.0,2.1010065620152497e-16,-3.109410982055356e-17,1.112013533161644e-15,1.7379329176952715e-13,-1.9654605227419423e-13,-7.932008609640552e-14
548,5.48,705.978,944.3819,879.063,495.501,819.0593,25.491795,-76.09639358520508,-1.5482309579849243,-196.10881500244142,-18912.65390625,-11436.927734375,8179.2365234375,-5.317621692979557e-09,-9.619982165531838e-07,-9.386727924720617e-07,-4.617281174432719e-05,7.304531063709874e-05,-5.229056223470252e-05,0.1784077376127243,-0.05947490967810154,-1.2593455195426941,93.0077880859375,112.11274795532226,-122.10332641601562,0.0,0.0,0.0,0.0,0.0,0.0,-1.844589652085395e-16,-1.4338960334659587e-19,-1.4666264292090271e-15,-2.775974759170732e-13,2.7248170311806766e-13,1.0602889361008142e-13
549,5.49,721.1693,944.41064,893.345,495.054,820.4698,26.572819,-50.09506416320801,-1.1244027495384217,-128.12572860717773,-12164.02197265625,-7935.6150390625,5411.070263671875,-3.041998599684348e-08,-9.112749921769136e-07,-1.4942172356313677e-06,3.286363894403621e-05,0.00010060148924821988,-5.7397826458327474e-05,0.16853546649217604,-0.07092932686209678,-1.243222188949585,87.6305534362793,116.69438400268555,-122.68925170898437,0.0,0.0,0.0,0.0,0.0,0.0,-8.94534930807192e-16,6.005821153124571e-17,-6.026905726872964e-15,-1.0694482029550284e-12,1.1001881317865974e-12,4.3362744493215255e-13
550,5.5,736.49426,945.1379,904.95,494.113,822.07263,27.18389,-28.479535865783692,-0.9782981872558594,-75.20467033386231,-6968.6724609375,-5152.096630859375,3133.845458984375,-3.85147647108397e-08,-7.407799159864225e-07,-1.5432725263053725e-06,6.832004182797392e-05,9.883796883514151e-05,-5.093038416816853e-05,0.15932969897985458,-0.07836531549692154,-1.2144639372825623,81.18616943359375,122.11894760131835,-123.42658996582031,0.0,0.0,0.0,0.0,0.0,0.0,-1.9991714819776307e-15,1.5857210698098008e-16,-1.3034300709883952e-14,-2.2791555101542293e-12,2.3701189882235906e-12,9.368140161183924e-13
551,5.51,750.9465,945.10315,914.892,492.696,821.2103,28.225395,-12.526933717727662,-0.8673968076705932,-37.2315071105957,-3289.350134277344,-3050.8218994140625,1450.7805419921874,-3.657654232824825e-08,-5.356789785082583e-07,-1.3239683767096722e-06,7.57363777665887e-05,8.226904174080119e-05,-3.953261839342304e-05,0.15045295059680938,-0.07991131395101547,-1.1773475289344788,75.70326309204101,127.18596878051758,-123.60064926147462,0.0,0.0,0.0,0.0,0.0,0.0,-3.5304841673085827e-15,3.012108902728853e-16,-2.2639857789061647e-14,-3.928458014619551e-12,4.1084595578042005e-12,1.6263080725859025e-12
552,5.52,764.6882,945.1104,923.97,491.581,819.99835,29.524546,-2.1963859841227533,-0.7070947170257569,-12.21945242881775,-908.9600311279297,-1540.6963195800781,345.97991771697997,-2.9783514321479743e-08,-3.4527323862221236e-07,-1.0013449070811475e-06,6.75510622386355e-05,6.070827403164003e-05,-2.7404291722632478e-05,0.1399239107966423,-0.0764955960214138,-1.1338622093200683,71.55149917602539,131.17963562011718,-123.00298309326172,0.0,0.0,0.0,0.0,0.0,0.0,-5.419483831430212e-15,4.856823497964232e-16,-3.433696333992806e-14,-5.924218190664354e-12,6.2218420086163075e-12,2.465564905018702e-12
553,5.53,778.1875,945.0762,932.591,490.011,818.2223,30.637474,3.4910603046417235,-0.5171479463577271,2.5101752039045095,454.074209022522,-529.1366333007812,-279.2349906921387,-2.1569116448461045e-08,-1.925992975770896e-07,-6.766861986307049e-07,5.263579405436758e-05,3.999568834842648e-05,-1.6821909775899256e-05,0.1270017847418785,-0.07002046033740043,-1.092474114894867,67.61539230346679,132.4583312988281,-121.6386619567871,0.0,0.0,0.0,0.0,0.0,0.0,-7.421917660804193e-15,6.946473684114852e-16,-4.6496765042803453e-14,-7.97870753840857e-12,8.41328135631203e-12,3.3374287274762216e-12
554,5.54,791.6984,946.05176,939.487,488.806,817.8682,31.230495,5.864795923233032,-0.33759166300296783,9.688360023498536,1083.2237182617187,74.85577583312988,-556.7397979736328,-1.3925062525288467e-08,-8.353050091614023e-08,-4.0242490797481876e-07,3.6621430626837534e-05,2.300154937984189e-05,-8.711771533853607e-06,0.11378018260002136,-0.060580911487340926,-1.0594542741775512,63.43476943969726,130.09136657714845,-119.87381515502929,0.0,0.0,0.0,0.0,0.0,0.0,-9.028105750507644e-15,8.868610770028639e-16,-5.581084029713905e-14,-9.514588075743013e-12,1.00815054221437e-11,4.004147794584023e-12
555,5.55,804.9647,946.7765,946.779,487.644,818.1309,31.34897,6.15675163269043,-0.19171692430973053,11.846310424804688,1235.2734985351562,373.7455780029297,-611.29521484375,-7.785704347895717e-09,-1.4179095092492489e-08,-1.97551580072286e-07,2.2579180222237482e-05,1.0613379618007458e-05,-3.1586979844178132e-06,0.10481900721788406,-0.04923780299723148,-1.0423743963241576,59.700120544433595,124.93310928344727,-118.23443069458008,0.0,0.0,0.0,0.0,0.0,0.0,-9.369447153350329e-15,9.873168816763987e-16,-5.6725207959128744e-14,-9.569447317891999e-12,1.0218990931232242e-11,4.066796205348666e-12
556,5.56,817.7301,948.1354,952.728,486.905,817.9857,31.703983,5.331379079818726,-0.08628609664738178,11.079430961608887,1117.7641540527343,468.30028076171874,-542.4994323730468,-3.393331216017259e-09,2.374865930576675e-08,-6.084171815246009e-08,1.1776672727137338e-05,2.5579567783040603e-06,1.9885085151827296e-07,0.10330450832843781,-0.03920127712190151,-1.0438278913497925,56.74165382385254,118.70100402832031,-117.05185165405274,0.0,0.0,0.0,0.0,0.0,0.0,-7.147237496800537e-15,8.784882833741972e-16,-4.103184941340113e-14,-6.728819151174958e-12,7.33890799693715e-12,2.936046674881232e-12
557,5.57,829.6719,949.31665,957.987,486.203,818.0237,31.980522,4.061932444572449,-0.018369767488911747,8.929257726669311,880.1882995605469,442.7425811767578,-421.14134826660154,-5.957776119669411e-10,3.949916127510278e-08,1.9135681261772675e-08,4.352732094048406e-06,-1.9918474180258273e-06,1.8947846911032685e-06,0.1082403190433979,-0.03325268588960171,-1.0555078387260437,55.039788818359376,112.35256729125976,-116.56093368530273,0.0,0.0,0.0,0.0,0.0,0.0,-6.267854391938992e-16,3.964012628605794e-16,2.1078176876165085e-15,8.647567444021106e-13,-5.192518967968643e-13,-1.659984270267062e-13
558,5.58,842.01953,951.1678,962.799,485.822,818.01025,32.358162,2.765165185928345,0.019483689917251468,6.408097219467163,618.4842712402344,359.43748168945314,-291.9702423095703,9.37955896285203e-10,4.134378777109759e-08,5.725148852775419e-08,-1.5657250997946904e-07,-4.017077253593016e-06,2.4670918719493786e-06,0.11754117757081986,-0.03123239167034626,-1.0668341279029847,54.790574645996095,106.6156135559082,-116.44272537231446,0.0,0.0,0.0,0.0,0.0,0.0,1.2239747552349276e-14,-6.626943746270413e-16,8.530715366148345e-14,1.5357695757473033e-11,-1.5632862625930555e-11,-6.1441701336081844e-12
559,5.59,854.0883,952.92633,967.231,485.22,817.75464,32.710644,1.659823751449585,0.0358717817813158,4.095561885833741,385.83543090820314,259.621842956543,-179.2474822998047,1.5784285767317384e-09,3.5741612336437356e-08,6.778997345691095e-08,-2.451778573231422e-06,-4.422513438839815e-06,2.370612696722674e-06,0.12927912771701813,-0.031663932092487815,-1.0695528507232666,55.82917938232422,101.63765869140624,-116.23602066040038,0.0,0.0,0.0,0.0,0.0,0.0,3.347814375980612e-14,-2.5171074805648702e-15,2.2074433074633844e-13,3.8796978130140046e-11,-4.019376029923416e-11,-1.587133974592647e-11
560,5.6,866.8034,954.79395,972.139,484.334,818.5153,32.664696,0.8281195104122162,0.03861923068761826,2.2568015098571776,205.0002227783203,167.12820434570312,-92.84907493591308,1.6578351358376154e-09,2.7195799034984704e-08,6.247015562621528e-08,-3.2441487064716058e-06,-3.930328489332169e-06,1.9453335085017898e-06,0.14165347814559937,-0.03444324508309364,-1.0691580176353455,58.13105697631836,97.80199508666992,-115.89941482543945,0.0,0.0,0.0,0.0,0.0,0.0,6.444740269608614e-14,-5.346208069954427e-15,4.160009657713445e-13,7.240586463730381e-11,-7.555250002011515e-11,-2.9889424442430815e-11
561,5.61,878.6396,956.8059,974.28,483.747,819.7693,32.32408,0.26898995637893675,0.033913278952240944,0.9531611025333404,79.47756538391113,93.05797119140625,-33.684876537323,1.4359933020458016e-09,1.848964359396632e-08,4.983427750460123e-08,-3.137760336358042e-06,-3.0543124466930747e-06,1.4182769973558607e-06,0.15251844227313996,-0.03960292041301727,-1.0781859040260315,60.99410896301269,96.12987213134765,-115.50540924072266,0.0,0.0,0.0,0.0,0.0,0.0,1.0479197872404096e-13,-9.198438824596211e-15,6.67389483521158e-13,1.1542987121693215e-10,-1.210084719927007e-10,-4.79301841271873e-11
562,5.62,890.62964,959.21405,976.501,483.22,819.85486,32.48,-0.06130300429649651,0.026118281483650207,0.1314088875427842,2.3029484272003176,40.203458595275876,2.0924398422241213,1.094313029081917e-09,1.1080547590580636e-08,3.5436571366176393e-08,-2.5858228354991296e-06,-2.119627697538817e-06,9.22372441891639e-07,0.16043735444545745,-0.04555961154401302,-1.1041264414787293,63.13414840698242,96.45907058715821,-115.11902084350587,0.0,0.0,0.0,0.0,0.0,0.0,1.5093334568283544e-13,-1.3852845906243018e-14,9.504547593842255e-13,1.635027849222759e-10,-1.7209016572872217e-10,-6.823332801553228e-11
563,5.63,902.3012,961.3011,978.315,483.725,818.9532,33.61754,-0.22152326703071595,0.01796915791928768,-0.3122014805674553,-37.76794872283936,6.639529584348201,20.168137741088866,7.451181949225116e-10,5.512808498586708e-09,2.2413833633549984e-08,-1.8921111518466204e-06,-1.302866371588607e-06,5.210752021866938e-07,0.16418864876031875,-0.04984275102615356,-1.143702793121338,64.2812728881836,97.67842864990234,-114.74492034912109,0.0,0.0,0.0,0.0,0.0,0.0,1.9413076560777924e-13,-1.8632912358494072e-14,1.207908512795841e-12,2.0658323801603373e-10,-2.1837387453871315e-10,-8.668066611705605e-11
564,5.64,913.9792,963.79663,979.189,484.141,818.08276,34.53934,-0.26885384917259214,0.010929127130657435,-0.49096630811691283,-52.39962882995606,-11.681037759780883,26.272211265563964,4.473896281220746e-10,1.7746878078206406e-09,1.2162060070153303e-08,-1.2353807164799945e-06,-6.761978141867075e-07,2.3204147652222674e-07,0.1625319704413414,-0.051954864710569384,-1.1884734392166139,64.67720031738281,98.9210319519043,-114.05603866577148,0.0,0.0,0.0,0.0,0.0,0.0,2.1830197561743466e-13,-2.2185023966275664e-14,1.336290182240435e-12,2.2669195270941244e-10,-2.4107719709398624e-10,-9.583944332591799e-11
565,5.65,925.4667,966.0714,981.524,484.545,817.88,35.38849,-0.25060334503650666,0.005575263756327331,-0.5051427513360978,-51.62445297241211,-19.25593662261963,25.249701499938965,2.2331751309279112e-10,-4.297700320621267e-10,4.960402533171759e-09,-7.017407710918632e-07,-2.4663121109824717e-07,4.656629755128705e-08,0.1555582344532013,-0.05266955345869064,-1.2248221397399903,64.43489837646484,99.8383171081543,-112.79431991577148,0.0,0.0,0.0,0.0,0.0,0.0,1.9804845290865083e-13,-2.2256417154674532e-14,1.1742608946839483e-12,1.9595836481256513e-10,-2.1095619556765755e-10,-8.412371910182514e-11
566,5.66,936.58344,968.1685,982.328,485.292,818.1794,36.048237,-0.20150360465049744,0.0019372847629711032,-0.43239288926124575,-43.0453556060791,-20.101941680908205,20.72262649536133,7.264716293808871e-11,-1.495853052535523e-09,4.691715176086131e-10,-3.1598959253642534e-07,1.3459295722384468e-08,-5.623857877168348e-08,0.1449315145611763,-0.050902334228158,-1.2418763160705566,63.96968803405762,100.92054290771485,-110.99336318969726,0.0,0.0,0.0,0.0,0.0,0.0,9.76864959704852e-14,-1.5540516109076786e-14,4.97676319897105e-13,7.587047465978935e-11,-8.743986207836174e-11,-3.544349863517787e-11
567,5.67,947.3962,970.2116,983.703,486.519,818.6085,37.2753,-0.14431229382753372,-0.00024141533140209503,-0.32644759118556976,-31.81059741973877,-17.35190658569336,15.109814834594726,-1.6383502649160163e-11,-1.8073188168266085e-09,-1.915889435988305e-09,-6.74515546084109e-08,1.4514192301362527e-07,-1.002197912214342e-07,0.13398418128490447,-0.04659246690571308,-1.236844265460968,63.95701904296875,103.004736328125,-108.94042282104492,0.0,0.0,0.0,0.0,0.0,0.0,-1.274683271265747e-13,2.2991224504461447e-15,-9.706462033871183e-13,-1.8090564116168828e-10,1.7956319417478106e-10,7.009002267466258e-11
568,5.68,957.91766,972.13477,984.835,487.921,818.9618,38.720787,-0.09202028810977936,-0.001324092294089496,-0.22021121978759767,-20.989743041992188,-13.18748950958252,9.82778754234314,-5.959327545324022e-11,-1.681183559032462e-09,-2.8394053330771387e-09,7.110828885714681e-08,1.898932083577165e-07,-1.0696736012505425e-07,0.12777188122272493,-0.040511485934257505,-1.2089582085609436,64.49478530883789,105.20060729980469,-107.1850456237793,0.0,0.0,0.0,0.0,0.0,0.0,-5.258325757239931e-13,3.626507968435607e-14,-3.525609275009667e-12,-6.242727668137604e-10,6.432214205709386e-10,2.5362375255522094e-10
569,5.69,968.2112,974.1816,985.923,489.619,818.6214,40.51897,-0.05053500607609749,-0.0016713123302906751,-0.13065901398658752,-12.096486663818359,-8.955262327194214,5.552924680709839,-7.238150703803292e-11,-1.3498916651144554e-09,-2.8646252481223654e-09,1.3112905250523e-07,1.8282756855114713e-07,-9.348918297291676e-08,0.12946756631135942,-0.03338096421211958,-1.1637920141220093,65.0656021118164,106.53876037597657,-106.2746955871582,0.0,0.0,0.0,0.0,0.0,0.0,-1.1381650992774856e-12,9.111395516650696e-14,-7.405731106482905e-12,-1.2937570348370287e-09,1.34630852022255e-09,5.322369628357748e-10
570,5.7,978.6237,975.8166,988.058,490.351,818.67834,42.05648,-0.021183381136506797,-0.0015851236996240914,-0.06388094648718834,-5.604170179367065,-5.358773994445801,2.47362596988678,-6.749161160501949e-11,-9.655432953170617e-10,-2.423679945628976e-09,1.412310979276299e-07,1.5022194901348485e-07,-7.174067846449362e-08,0.13762373626232147,-0.02779204398393631,-1.1142978549003602,65.11952133178711,107.70566940307617,-106.66844482421875,0.0,0.0,0.0,0.0,0.0,0.0,-1.9777877469442927e-12,1.696592790301904e-13,-1.2666477242073704e-11,-2.1965425034409236e-09,2.298221546404022e-09,9.098426512199609e-10
571,5.71,990.03973,977.5172,987.886,492.122,818.60205,43.885677,-0.0027254451328190044,-0.001289605547208339,-0.01940153962932527,-1.3758817970752717,-2.6592604160308837,0.4973771014716476,-5.4281241307352345e-11,-6.148004327855006e-10,-1.8127656931099524e-09,1.240494384546764e-07,1.0964274252955874e-07,-4.9183335448788054e-08,0.14760156571865082,-0.02489977851510048,-1.0716262936592102,64.24364166259765,110.06564559936524,-108.33659744262695,0.0,0.0,0.0,0.0,0.0,0.0,-3.0005913335615086e-12,2.700714055604153e-13,-1.89904409905739e-11,-3.274739635017454e-09,3.4405890581012954e-09,1.36355801094723e-09
572,5.72,1001.63605,979.0734,989.314,493.733,818.22076,45.83411,0.0072029429022222756,-0.0009332153829745948,0.0065572230865655005,1.0175710588693618,-0.8489941269159317,-0.5982067108154296,-3.888330629697734e-11,-3.369252349338936e-10,-1.2112071456904516e-09,9.555301119235083e-08,7.139123638921774e-08,-2.978422699584371e-08,0.15544085204601288,-0.02406476642936468,-1.0353986501693726,62.1718147277832,113.90093841552735,-110.51150360107422,0.0,0.0,0.0,0.0,0.0,0.0,-4.0644258791910914e-12,3.8205944484503983e-13,-2.543323919523832e-11,-4.361805761021742e-09,4.601301339945962e-09,1.8254662004224543e-09
573,5.73,1009.523,979.63586,992.352,494.628,818.6245,47.59581,0.011169692780822516,-0.0006019794673193246,0.018873844295740128,2.087749648094177,0.21690875589847564,-1.0670891523361206,-2.4799795550478622e-11,-1.4057146835444457e-10,-7.097834320290985e-10,6.575065540914693e-08,4.039854708537405e-08,-1.508395053306799e-08,0.15892287939786912,-0.024540420435369015,-0.998539137840271,59.15299911499024,118.48559494018555,-112.43647994995118,0.0,0.0,0.0,0.0,0.0,0.0,-4.880363994874681e-12,4.820563192326974e-13,-3.0122716473957035e-11,-5.131309244177373e-09,5.440185457672442e-09,2.161037038206359e-09
574,5.74,1019.9914,980.5367,994.325,495.951,818.3057,49.39186,0.011440646834671497,-0.00033617208682699127,0.022219988889992236,2.3075324296951294,0.730940043926239,-1.1392388939857483,-1.3624185720567671e-11,-1.7273798645807415e-11,-3.3933289095289253e-10,3.999881350580381e-08,1.805150704470293e-08,-5.130562641397773e-09,0.15647344440221786,-0.025061412528157235,-0.9567790746688842,55.84017639160156,122.78672256469727,-113.58707046508789,0.0,0.0,0.0,0.0,0.0,0.0,-4.9631804308752915e-12,5.279488814440708e-13,-2.996005561695103e-11,-5.046585416224047e-09,5.395184743406389e-09,2.1477011058479435e-09
575,5.75,1030.4835,980.9475,996.647,496.792,818.23004,51.333187,0.009767197072505951,-0.00014614649990107864,0.02042064405977726,2.054964017868042,0.8795839190483093,-0.9958387851715088,-5.715534469319383e-12,4.8899432593396684e-11,-9.496803898834117e-11,2.041150324316732e-08,3.6936673643295224e-09,8.033837789467313e-10,0.14904797226190566,-0.023692179284989835,-0.9131403923034668,54.07471923828125,126.31943054199219,-113.33783340454102,0.0,0.0,0.0,0.0,0.0,0.0,-3.5955566432196996e-12,4.545471881918853e-13,-2.0416622125568606e-11,-3.3276341238064335e-09,3.646077861851893e-09,1.460318704848973e-09
576,5.76,1040.8031,981.1332,999.225,497.611,818.3131,53.065502,0.007358530769124627,-2.5221240116479747e-05,0.016259088460355998,1.599394679069519,0.8166839182376862,-0.7642621278762818,-7.409022072073224e-13,7.519677658329726e-11,4.580491478733267e-11,7.099571752711142e-09,-4.27866280183764e-09,3.72906958645558e-09,0.14042232185602188,-0.019628374464809896,-0.8798851490020752,54.98115768432617,128.99947128295898,-111.23745498657226,0.0,0.0,0.0,0.0,0.0,0.0,1.7000963896222908e-13,1.7188565702057693e-13,4.420529252976285e-12,1.0382746253034814e-09,-8.765198455940038e-10,-3.2547143799521727e-10
577,5.77,1051.2031,981.1695,1001.9799,498.466,817.9834,55.107883,0.004953269986435771,4.099072812095983e-05,0.011541615705937147,1.1115704596042633,0.6549126148223877,-0.5240141063928604,1.9359241315054787e-12,7.681115396507288e-11,1.1097381347191515e-10,-8.743334070637765e-10,-7.702403426179672e-09,4.643422357730742e-09,0.13518660962581636,-0.015347492974251508,-0.8748469710350036,57.53603057861328,131.16772918701173,-107.85357360839843,0.0,0.0,0.0,0.0,0.0,0.0,7.43660081431452e-12,-4.3044846590660317e-13,5.1333855395629954e-11,9.204309181498615e-09,-9.396921329951624e-09,-3.696185912893668e-09
578,5.78,1061.9318,980.7199,1005.74994,498.46,817.9894,56.80865,0.002930892677977681,6.856119216536172e-05,0.007285644114017486,0.6844507873058319,0.4679063409566879,-0.3173737168312073,3.006377308559238e-12,6.547045197646817e-11,1.2691828699118446e-10,-4.8383258510753535e-09,-8.243399829410691e-09,4.378068041432926e-09,0.13590197414159774,-0.014249169640243054,-0.9076172590255738,59.54383316040039,134.47813262939454,-104.43715133666993,0.0,0.0,0.0,0.0,0.0,0.0,1.9269958892453865e-11,-1.46860448064709e-12,1.2670694285454863e-10,2.224144548534923e-08,-2.30634999098811e-08,-9.109309750954253e-09
579,5.79,1072.7584,980.0047,1009.5301,498.407,818.1516,58.34739,0.0014259675284847618,7.188204253907315e-05,0.003941503050737083,0.35624342411756516,0.29754926860332487,-0.1607680231332779,3.080737813292156e-12,4.926143971906161e-11,1.1501051083717684e-10,-6.111112771378657e-09,-7.215512409786129e-09,3.5478077586859056e-09,0.14263610690832138,-0.017256071977317333,-0.9722732901573181,59.774101638793944,139.53309936523436,-101.78889312744141,0.0,0.0,0.0,0.0,0.0,0.0,3.6335015551891556e-11,-3.034109248567507e-12,2.341820556917007e-10,4.073104413748751e-08,-4.252333951626497e-08,-1.6825000148656956e-08
580,5.8,1083.7783,978.99896,1014.07,498.124,818.4007,59.788654,0.00042573558530420994,6.22003666649107e-05,0.0015963980404194444,0.13093289732933044,0.1627524897456169,-0.054720251448452474,2.6308304493238843e-12,3.311614194673185e-11,9.065975539734871e-11,-5.797605329149746e-09,-5.543318426504129e-09,2.5584663720934485e-09,0.15216772258281708,-0.021585912443697453,-1.0437620043754579,59.615126037597655,145.7205825805664,-100.27191696166992,0.0,0.0,0.0,0.0,0.0,0.0,5.831287709645583e-11,-5.1424431986996085e-12,3.7095152505273175e-10,6.412381203801942e-08,-6.724991372664135e-08,-2.663975724459533e-08
581,5.81,1094.7052,977.985,1018.82007,497.805,818.1995,61.427414,-0.00015633997836630442,4.7363084013340996e-05,0.00013689152801816818,-0.005735595570877194,0.06761086210608483,0.008511655195616186,1.9824807919420482e-12,1.9561966196207647e-11,6.376570105270929e-11,-4.71763383913526e-09,-3.80460258853077e-09,1.6440470873568812e-09,0.1613866701722145,-0.02425925750285387,-1.093364179134369,60.69596290588379,151.5038269042969,-100.05786056518555,0.0,0.0,0.0,0.0,0.0,0.0,8.30706503585077e-11,-7.656510755266189e-12,5.225359422933451e-10,8.984198629491402e-08,-9.459775114351033e-08,-3.751155688291874e-08
582,5.82,1105.7213,976.7018,1023.97003,497.529,818.954,62.791237,-0.00043104190845042465,3.2224343704001514e-05,-0.0006357091915560886,-0.07514204569160939,0.007947499805595726,0.03969543818384409,1.3347692959589375e-12,9.48866922534375e-12,3.982469319596671e-11,-3.4144500560273627e-09,-2.3071744625902115e-09,9.130713185534489e-10,0.16950326710939406,-0.024064255692064763,-1.1148139834403992,63.529793167114256,154.55579986572266,-100.61641311645508,0.0,0.0,0.0,0.0,0.0,0.0,1.0560655613889302e-10,-1.0184886094222189e-11,6.562296039902549e-10,1.1215910049600097e-07,-1.1861763908882494e-07,-4.708952694443269e-08
583,5.83,1117.162,975.2819,1029.49,497.16,818.773,64.677574,-0.0005040730000473558,1.9329348742758156e-05,-0.000932475843001157,-0.09894452914595604,-0.02400836003944278,0.04944931417703628,7.900207614833233e-13,2.8024558802047793e-12,2.1196641230430968e-11,-2.202923243821431e-09,-1.1711660141688896e-09,3.9230492326902675e-10,0.17734955698251725,-0.0220536045730114,-1.1195094585418701,68.0739990234375,154.24893646240236,-101.10702362060547,0.0,0.0,0.0,0.0,0.0,0.0,1.168831809117421e-10,-1.1962366600754004e-11,7.139740576533881e-10,1.209923745193464e-07,-1.2877139710099073e-07,-5.120285102577782e-08
584,5.84,1128.5508,973.71124,1035.42,496.862,819.1542,66.47988,-0.00046177308540791274,9.632057117414661e-06,-0.0009374032379128039,-0.09551230520009994,-0.0366451982408762,0.04663203060626984,3.845656106928053e-13,-1.0816391978320325e-12,8.253832773502668e-12,-1.2305290564285088e-09,-4.0111507726425797e-10,6.220941911020024e-11,0.1849708452820778,-0.022185132652521134,-1.1235510230064392,73.26112442016601,151.3579071044922,-101.54397888183594,0.0,0.0,0.0,0.0,0.0,0.0,1.0280264070572365e-10,-1.1732928951319055e-11,6.063152147017803e-10,1.0089724113981902e-07,-1.0884697516644337e-07,-4.3427965934483834e-08
585,5.85,1140.184,971.9845,1041.8,496.245,819.0274,68.608505,-0.00036683863727375864,3.116575931016996e-06,-0.0007913999259471893,-0.0786118172109127,-0.037340089306235315,0.03779336586594582,1.150235975056987e-13,-2.9085941771408995e-12,2.869382330480605e-13,-5.352504411915149e-10,5.863213942136625e-11,-1.17480694269978e-10,0.19228120595216752,-0.028718681447207926,-1.137721014022827,78.45575561523438,147.29835815429686,-102.3432403564453,0.0,0.0,0.0,0.0,0.0,0.0,4.377318885508998e-11,-7.673404533309336e-12,2.103272438375506e-10,3.07643337915664e-08,-3.65974830884852e-08,-1.4941083542607815e-08
586,5.86,1152.4862,970.2017,1049.81,495.605,819.1954,70.70123,-0.0002598670296720229,-7.294528920454014e-07,-0.0005908787832595408,-0.05745997503399849,-0.031780797988176346,0.027257274277508257,-4.188084019260971e-14,-3.3876658639755976e-12,-3.857459035354338e-12,-9.271850344785837e-11,2.8587921196976395e-10,-1.9131473905087405e-10,0.1992770880460739,-0.042887520790100095,-1.165097141265869,82.82159576416015,142.8067138671875,-103.44739990234375,0.0,0.0,0.0,0.0,0.0,0.0,-8.444107149618852e-11,2.580200843835343e-12,-6.241135511175777e-10,-1.1502463053147949e-07,1.151019208833759e-07,4.5029152406783624e-08
587,5.87,1163.6594,967.317,1056.9,493.837,819.6249,72.97325,-0.00016365280607715248,-2.5926294938471982e-06,-0.0003940825001336634,-0.037472495995461944,-0.023884665779769422,0.017517390940338374,-1.1597110804225514e-13,-3.097345383645811e-12,-5.378489233848205e-12,1.4965403985489624e-10,3.574971096931279e-10,-1.989867895457742e-10,0.2068360596895218,-0.06220227405428887,-1.1949534296989441,85.56267776489258,137.94306640625,-104.30785751342773,0.0,0.0,0.0,0.0,0.0,0.0,-3.0763835229263847e-10,2.1714979207138052e-11,-2.053758141329354e-09,-3.6296172254424166e-07,3.745030440427399e-07,1.4772210406022167e-07
588,5.88,1176.2805,965.18726,1066.09,492.864,820.21014,75.25676,-8.821904521028046e-05,-3.140403896395583e-06,-0.0002303864763234742,-0.021251239441335203,-0.01603744411841035,0.009730507805943488,-1.3571372622705677e-13,-2.457179772152873e-12,-5.3087910369814525e-12,2.5063978392747545e-10,3.37696137719945e-10,-1.714031014343753e-10,0.2141866609454155,-0.08115557059645653,-1.2118247866630554,86.89920272827149,132.9383117675781,-104.42046585083008,0.0,0.0,0.0,0.0,0.0,0.0,-6.467079705085865e-10,5.221842784564057e-11,-4.199961400885855e-09,-7.330781158998434e-07,7.633469863321806e-07,3.0182515615706506e-07
589,5.89,1189.2324,962.6942,1075.69,491.284,820.88464,77.82861,-3.542977647157386e-05,-2.924611180787906e-06,-0.00010965921101160347,-0.009538065502420067,-0.009458833280950785,0.004182321997359395,-1.2436637684314425e-13,-1.7384593439286057e-12,-4.431714674055232e-12,2.6288076160341233e-10,2.739982074562164e-10,-1.3005133567278726e-10,0.2190823957324028,-0.09424750879406929,-1.2115018963813782,86.7761215209961,128.64972534179688,-103.8402328491211,0.0,0.0,0.0,0.0,0.0,0.0,-1.1065644234253824e-09,9.542398121675788e-11,-7.077905150865149e-09,-1.2266779094716185e-06,1.2840241879530367e-06,5.083899736746389e-07
590,5.9,1202.0182,960.3305,1085.44,489.481,821.7071,80.64225,-2.655836777876175e-06,-2.350160730202333e-06,-3.0169292767823207e-05,-0.0020003150173579344,-0.004575347667559982,0.0006650868557244394,-9.88214521877636e-14,-1.0932094368209383e-12,-3.278225260694434e-12,2.2752331130249104e-10,1.97808880386674e-10,-8.816846558401537e-11,0.220488740503788,-0.09928811490535736,-1.201066291332245,84.8318244934082,125.60123443603516,-103.04842605590821,0.0,0.0,0.0,0.0,0.0,0.0,-1.6595591900703256e-09,1.5001130615477366e-10,-1.0491731572415119e-08,-1.8082646306538664e-06,1.900578274671716e-06,7.533032203355106e-07
591,5.91,1214.62,957.80817,1096.23,487.255,822.9652,83.74017,1.4627038126491243e-05,-1.682208437614463e-06,1.550844355051595e-05,0.0021947865665424616,-0.0013378198549617083,-0.001249901921255514,-7.001972244201348e-14,-5.880043142929975e-13,-2.1653014776155945e-12,1.7327930479371646e-10,1.2726556961051294e-10,-5.264897857959472e-11,0.21776851564645766,-0.09707478508353233,-1.1911725044250487,81.38324356079102,123.90197219848633,-102.66579055786133,0.0,0.0,0.0,0.0,0.0,0.0,-2.2232677254763187e-09,2.099087084705964e-10,-1.3895717021483733e-08,-2.381746912760718e-06,2.5135934265563266e-06,9.97322564444403e-07
592,5.92,1227.3269,955.40894,1107.27,485.006,824.3335,87.39418,2.1201234449108598e-05,-1.0719918293489172e-06,3.6551996709022204e-05,0.00400536663364619,0.0005398604022047948,-0.002037098549772054,-4.41062280014809e-14,-2.3490504246631573e-13,-1.2495995124067737e-12,1.1791365522872966e-10,7.080518948932024e-11,-2.6031754703226274e-11,0.2089851275086403,-0.08848246708512306,-1.1937198877334594,77.18838958740234,123.94303359985352,-103.1003646850586,0.0,0.0,0.0,0.0,0.0,0.0,-2.6341858028189334e-09,2.6167949196409526e-10,-1.623219514357288e-08,-2.7628522502709528e-06,2.9309301453395164e-06,1.164449963653169e-06
593,5.93,1240.4846,953.2761,1119.03,482.413,825.73553,91.299324,2.1224136253295002e-05,-5.881732590751199e-07,4.158687443123199e-05,0.004302221536636353,0.0014203732833266258,-0.00211931427475065,-2.3784901660522073e-14,-1.601470095011421e-14,-5.804669245268457e-13,7.074400648621194e-11,3.053699567517887e-11,-8.212394436366011e-12,0.19626331329345703,-0.0744800589978695,-1.2030261993408202,74.42593536376953,125.34661254882812,-104.5517692565918,0.0,0.0,0.0,0.0,0.0,0.0,-2.6215753567981894e-09,2.817102745522604e-10,-1.5774207184904297e-08,-2.6526690135142415e-06,2.8394024184308365e-06,1.1306531177979195e-06
594,5.94,1254.3574,951.1115,1132.41,479.721,828.05804,95.649055,1.7872798707685433e-05,-2.460505100998489e-07,3.758754937734921e-05,0.003773233643732965,0.0016483243904076516,-0.0018257929827086628,-9.56078202820124e-15,9.914099909406025e-14,-1.4422209637277744e-13,3.52655266100399e-11,4.980384891794349e-12,2.2568967121593465e-12,0.18212326616048813,-0.05551096126437187,-1.1987029671669007,73.75643997192383,127.17735366821289,-106.64707107543946,0.0,0.0,0.0,0.0,0.0,0.0,-1.789656645101445e-09,2.3388034148252855e-10,-1.0025803165447655e-08,-1.6215261837260187e-06,1.7870083013349358e-06,7.167386456785607e-07
595,5.95,1268.2986,948.97156,1145.97,477.148,830.6042,100.74233,1.331647499682731e-05,-3.1041453407709696e-08,2.957389169750968e-05,0.002903175097890198,0.0015044149826280774,-0.0013854672433808446,-7.2756322756046495e-16,1.426784458267126e-13,1.0307686490782604e-13,1.1423937663901374e-11,-8.957549112176277e-12,7.285676272353325e-12,0.16857009679079055,-0.03364874683320522,-1.1699450254440307,73.98257598876953,128.75766296386718,-108.43448638916016,0.0,0.0,0.0,0.0,0.0,0.0,3.78493374142419e-10,6.888370551044743e-11,4.23490271184157e-09,8.82064406626526e-07,-8.088537512662697e-07,-3.0851268242315653e-07
596,5.96,1282.2639,946.313,1160.82,473.813,833.8822,106.49067,8.862174581736326e-06,8.44984434422713e-08,2.0764702276210302e-05,0.00199550474062562,0.0011919888434931635,-0.0009393842774443328,3.932374068671494e-15,1.424698114474085e-13,2.1397773283067176e-13,-2.652654341301318e-12,-1.4709161406251114e-11,8.718490859815908e-12,0.15858548730611802,-0.013636667001992463,-1.126036489009857,74.24946594238281,130.20685729980468,-109.37704620361328,0.0,0.0,0.0,0.0,0.0,0.0,4.476052617441439e-09,-2.730276137119514e-10,3.064846669786902e-08,5.476511114466121e-06,-5.605191495305916e-06,-2.2062273387746243e-06
597,5.97,1293.8662,942.97974,1175.04,469.125,837.3339,113.54509,5.166181381355273e-06,1.3055377792170476e-07,1.2942096054757712e-05,0.001212310208939016,0.0008423675550147891,-0.0005610244261333719,5.706776400721779e-15,1.1978707956106228e-13,2.3712936182782725e-13,-9.474661593483757e-12,-1.533756420479815e-11,8.074158095588979e-12,0.1542019337415695,-0.0006378268910339103,-1.085016703605652,74.72856369018555,131.28107757568358,-109.64160766601563,0.0,0.0,0.0,0.0,0.0,0.0,1.106172167197883e-08,-8.534956630334989e-10,7.25479544883001e-08,1.2719829919660697e-05,-1.3201284400565782e-05,-5.215237729316869e-06
598,5.98,1309.9808,941.70404,1193.6,467.299,842.4809,121.63586,2.4459907081109123e-06,1.3356182506640835e-07,6.866631474622409e-06,0.000617260779836215,0.0005290097236866131,-0.0002774615815724246,5.715417322629899e-15,8.913577815845667e-14,2.1146588034251166e-13,-1.14832240938334e-11,-1.3230524488483385e-11,6.463242050933071e-12,0.15620548129081727,0.0037158507155254485,-1.0574412107467652,75.55348129272461,132.05154876708986,-109.50663528442382,0.0,0.0,0.0,0.0,0.0,0.0,2.045511759973806e-08,-1.7188590772931888e-09,1.3164223418016262e-07,2.2880793039803393e-05,-2.389963610767154e-05,-9.457487658437458e-06
599,5.99,1322.5065,939.31195,1211.62,463.347,849.0331,130.77591,6.588802165197194e-07,1.1394559962241146e-07,2.6527654881647322e-06,0.0002133011890691705,0.00028396313282428307,-8.760399432503619e-05,4.814213272618544e-15,5.924160833658925e-14,1.6475381714280146e-13,-1.0697018184430141e-11,-1.0049988705823631e-11,4.6102852438445474e-12,0.1642664834856987,0.000826631452946458,-1.0497632265090941,77.02019119262695,132.5412811279297,-108.88363037109374,0.0,0.0,0.0,0.0,0.0,0.0,3.2412723172114966e-08,-2.871440085705501e-09,2.059570121559773e-07,3.558320913725766e-05,-3.733276353159454e-05,-1.479017300880514e-05
600,6.0,1336.8553,937.7556,1233.51,458.947,857.639,140.9452,-3.649841297637124e-07,8.579762535987357e-08,6.440101572025014e-08,-2.833328776432609e-05,0.0001128917599999113,2.3958333895279792e-05,3.5877005440934294e-15,3.447393093919133e-14,1.1461422495763137e-13,-8.59749649945174e-12,-6.821123657227424e-12,2.926414384256393e-12,0.1767480731010437,-0.0062793486751616,-1.0609652042388915,79.20562362670898,131.91665954589843,-107.74468460083008,0.0,0.0,0.0,0.0,0.0,0.0,4.567148721434933e-08,-4.227293648462194e-09,2.869672215410901e-07,4.93131567054661e-05,-5.194411751290318e-05,-2.0599892377504147e-05
601,6.01,1352.8325,936.7968,1257.55,455.005,868.3838,151.53426,-8.339231158061011e-07,5.77203611129562e-08,-1.2775051743574295e-06,-0.00014816345865256153,6.987815208958637e-06,7.756025734124705e-05,2.388167911344908e-15,1.6268429457705997e-14,7.065617452825089e-14,-6.154967507887577e-12,-4.079030364347036e-12,1.5963585596641406e-12,0.19041997343301773,-0.0142949178814888,-1.0827239394187926,82.15585708618164,129.9953598022461,-106.28579864501953,0.0,0.0,0.0,0.0,0.0,0.0,5.7375736517428776e-08,-5.560654336989046e-09,3.560410249292545e-07,6.081164210627321e-05,-6.434545575757511e-05,-2.5547491532051936e-05
602,6.02,1366.9868,934.88904,1282.0,449.971,880.992,162.7218,-9.430487750705652e-07,3.412852525030985e-08,-1.7654794874033542e-06,-0.00018633794679772108,-4.8606535528961103e-05,9.284820116590708e-05,1.3925913467020368e-15,4.323932137429505e-15,3.684397537360778e-14,-3.922997387009741e-12,-2.021883918970624e-12,6.590964861559467e-13,0.20150743424892426,-0.021026922017335893,-1.108184540271759,85.39224700927734,127.39286499023437,-104.44718551635742,0.0,0.0,0.0,0.0,0.0,0.0,6.245380461677996e-08,-6.439640198863117e-09,3.8064083298650073e-07,6.443157617468387e-05,-6.863183589302934e-05,-2.729563075263286e-05
603,6.03,1380.6178,932.76776,1306.86,445.598,895.8673,173.3836,-8.49760402843458e-07,1.6582721418245683e-08,-1.7367868167639245e-06,-0.0001764519212883897,-6.950751048862003e-05,8.600129731348716e-05,6.597055017438797e-16,-2.5066143861217025e-15,1.3609558392627206e-14,-2.1530316483657495e-12,-6.431094724682409e-13,7.244082034736968e-14,0.20851515382528304,-0.025118360854685308,-1.1308595538139343,88.23375396728515,124.32162094116211,-102.4275619506836,0.0,0.0,0.0,0.0,0.0,0.0,5.3088907492337967e-08,-6.164764254634747e-09,3.112222714207746e-07,5.162343732081354e-05,-5.582544290518854e-05,-2.2286735838861204e-05
604,6.04,1393.6888,930.4044,1332.47,441.118,912.7819,183.23856,-6.671131870916725e-07,4.927833152645889e-09,-1.4468179188042996e-06,-0.00014340549823828043,-6.924698172952048e-05,6.885105904075317e-05,1.7810401424682624e-16,-5.623706990199955e-15,-5.009743438129735e-16,-9.012287877779857e-13,1.6816894692116626e-13,-2.4086952322022876e-13,0.2108629584312439,-0.02693127654492855,-1.1510749936103821,89.73754119873047,120.36049880981446,-100.26706008911133,0.0,0.0,0.0,0.0,0.0,0.0,1.853616195604535e-08,-3.731839859355546e-09,8.044460681477794e-08,1.0829569919224014e-05,-1.3740804399731133e-05,-5.687182496671994e-06
605,6.05,1406.2982,927.9249,1358.85,437.188,931.08514,194.20955,-4.6743307677843406e-07,-1.8494032735794085e-09,-1.0683713639991766e-06,-0.00010367961513111368,-5.8140247347182594e-05,4.911738287773915e-05,-9.789958499085382e-17,-6.336318815691961e-15,-7.68139413397605e-15,-1.1437584718579104e-13,5.589202820184547e-13,-3.63898670853631e-13,0.20651201605796815,-0.029233437031507492,-1.1650670409202575,88.5623878479004,116.72399597167968,-98.41112823486328,0.0,0.0,0.0,0.0,0.0,0.0,-5.433124226073005e-08,2.146273532510623e-09,-3.92882751043544e-07,-7.179487784014782e-05,7.228907816170249e-05,2.8328150074230506e-05
606,6.06,1418.497,925.32947,1385.54,433.761,951.4933,205.1682,-2.9063039193033545e-07,-5.043207984556375e-09,-7.043710922971514e-07,-6.681204067717771e-05,-4.321313972468488e-05,3.118149270449066e-05,-2.243892331511896e-16,-5.6989180102019794e-15,-1.0158512807936217e-14,3.085800075208235e-13,6.713949979742645e-13,-3.695341965368956e-13,0.19487728029489518,-0.03465171344578266,-1.1609925627708435,84.724267578125,115.612255859375,-97.32557525634766,0.0,0.0,0.0,0.0,0.0,0.0,-1.7922688257954178e-07,1.2910260416276742e-08,-1.191864186012026e-06,-0.0002102762635331601,0.00021723724203184246,8.571745347580872e-05
607,6.07,1430.6199,923.30994,1412.55,431.471,972.9598,215.69804,-1.5361371765720833e-07,-5.8872721808711505e-09,-4.054818873555632e-07,-3.725698625203222e-05,-2.8685771394520997e-05,1.7012623993650776e-05,-2.5391143759163823e-16,-4.46794277329755e-15,-9.823287914708951e-15,4.772920800992855e-13,6.228752377161056e-13,-3.1387821486893173e-13,0.18056312799453736,-0.04394425563514233,-1.1281349301338195,79.45119857788086,118.21378784179687,-97.02466354370117,0.0,0.0,0.0,0.0,0.0,0.0,-3.6678121375643966e-07,2.9855529781741555e-08,-2.3777288561177556e-06,-0.0004146738210693002,0.0004320600623032078,0.00017086254520108922
608,6.08,1440.7957,920.50464,1438.8,430.254,994.62665,224.68355,-5.8778061529096703e-08,-5.388657653426776e-09,-1.8745321455071463e-07,-1.6147407768585255e-05,-1.66660384820716e-05,7.0270321202769995e-06,-2.2886634490791043e-16,-3.1266334693760724e-15,-8.094244048753367e-15,4.884631761570279e-13,4.992128834879068e-13,-2.355071771821017e-13,0.1691123738884926,-0.05606522038578987,-1.0652520775794982,73.96336669921875,123.71550979614258,-97.50165100097657,0.0,0.0,0.0,0.0,0.0,0.0,-6.183581490404322e-07,5.359615542488427e-08,-3.950330301449867e-06,-0.0006842378294095397,0.0007165324757806956,0.0002837317297235131
609,6.09,1454.9274,920.8514,1465.75,432.162,1017.85315,231.7721,-6.717453704396803e-10,-4.278250509415215e-09,-4.557514581837729e-08,-2.7279521987111367e-06,-7.84108524385374e-06,7.760072709084298e-07,-1.7971520408858254e-16,-1.941098109020488e-15,-5.922066637870462e-15,4.168100814581216e-13,3.564852487638812e-13,-1.5786779164733006e-13,0.1642942473292351,-0.06888983473181724,-0.9834384202957154,68.68072128295898,130.3605583190918,-98.63844680786133,0.0,0.0,0.0,0.0,0.0,0.0,-9.168906217382755e-07,8.323281619482259e-08,-5.7902744174498364e-06,-0.0009974409185815603,0.0010487659543287008,0.00041572474292479457
610,6.1,1466.9806,920.5641,1491.45,433.758,1041.9744,237.59265,2.933012410721858e-08,-3.0290309593894447e-09,3.464217073201325e-08,4.608558128893492e-06,-2.0582107040922892e-06,-2.563079772244237e-06,-1.259499823144959e-16,-1.0235644655140644e-15,-3.8660967263399844e-15,3.1389828887215534e-13,2.2656483080699814e-13,-9.290739157825564e-14,0.16926342099905015,-0.08014430701732636,-0.9005369663238525,63.130179977416994,136.84352264404296,-99.99177627563476,0.0,0.0,0.0,0.0,0.0,0.0,-1.2147444635957073e-06,1.1520163738509836e-07,-7.5831626872968625e-06,-0.0012990008806809783,0.0013715071137994528,0.0005442359426524491
611,6.11,1479.4799,921.188,1516.68,435.323,1066.561,242.3443,4.0118370847608276e-08,-1.906341184909621e-09,7.042429643888681e-08,7.652898193555303e-06,1.2431896706743829e-06,-3.874885760524194e-06,-7.833032338591811e-17,-3.893064023978141e-16,-2.1956983299820314e-15,2.1121115381834977e-13,1.2382052848314285e-13,-4.476370835826025e-14,0.18321697860956193,-0.08716990128159523,-0.8378833651542663,57.321177291870114,142.57850036621093,-100.86253967285157,0.0,0.0,0.0,0.0,0.0,0.0,-1.419544491909619e-06,1.4185741861183488e-07,-8.732406240596901e-06,-0.0014850547653622926,0.001576399034820497,0.0006263999384827912
612,6.12,1492.3424,923.3697,1542.56,438.919,1092.7799,243.97809,3.931182277483458e-08,-1.0266488048582545e-09,7.767478535924965e-08,8.006538701010868e-06,2.7447515549283708e-06,-3.935799350074376e-06,-4.1418220032690984e-17,-1.295157051488168e-18,-9.883616968168368e-16,1.2491115726400575e-13,5.133879347980546e-14,-1.2900872289560016e-14,0.20068288296461106,-0.08967475965619087,-0.8091905772686004,51.268214797973634,147.22150268554688,-101.02140502929687,0.0,0.0,0.0,0.0,0.0,0.0,-1.3804047625853854e-06,1.4997689845586137e-07,-8.27667740850302e-06,-0.001389302487950772,0.0014891283586621284,0.0005931758438237012
613,6.13,1504.5483,925.5314,1567.36,442.132,1118.8276,245.2528,3.266761083864367e-08,-4.1137114548117637e-10,6.90969876870895e-08,6.919790712345275e-06,3.082372541030054e-06,-3.343482762829808e-06,-1.5864094958376817e-17,1.985400362087655e-16,-2.1057948516737874e-16,6.071711567497053e-14,5.912274857590864e-15,5.536645741037826e-15,0.2151593878865242,-0.08923108950257301,-0.8125675559043884,46.170860290527344,150.23392333984376,-100.64920806884766,0.0,0.0,0.0,0.0,0.0,0.0,-8.791853815637296e-07,1.1956755585629253e-07,-4.841798045163159e-06,-0.0007753079669782891,0.0008608740870840847,0.00034590977302286776
614,6.14,1516.9138,928.2734,1592.14,444.982,1145.8483,244.46434,2.4072771331873355e-08,-2.962890982907695e-11,5.373482530046658e-08,5.264172023089486e-06,2.7676523131958674e-06,-2.508939405743149e-06,-2.0283502078578047e-19,2.6989417374178453e-16,2.2295366583031523e-16,1.8068512918156614e-14,-1.8396299633909214e-14,1.4145340274270261e-14,0.22316887229681015,-0.08533303439617157,-0.8440652072429657,43.355355453491214,151.53673248291017,-99.85784530639648,0.0,0.0,0.0,0.0,0.0,0.0,3.657876121110348e-07,2.3637231105766433e-08,3.3256191983355165e-06,0.0006568680614577715,-0.0006253710173041327,-0.00024122478080244037
615,6.15,1528.6049,930.46265,1615.2,448.8,1173.7067,241.43877,1.583625941492528e-08,1.7147059674926802e-10,3.7316386780616993e-08,3.578217592803412e-06,2.167175330214377e-06,-1.6820109294712892e-06,7.886950253936508e-18,2.638388251991142e-16,4.106757903129759e-16,-6.737080723279013e-15,-2.7987916922467357e-14,1.6333039690966546e-14,0.22369396388530732,-0.07915684059262276,-0.9024852931499481,43.470328903198244,151.16375122070312,-99.17227096557617,0.0,0.0,0.0,0.0,0.0,0.0,2.6729248702395126e-06,-1.70097904828026e-07,1.817599459172925e-05,0.0032382143777795135,-0.003321509179659188,-0.0013081163517199457
616,6.16,1540.2175,933.08936,1636.65,453.042,1202.1183,236.55127,9.089241137516524e-09,2.4776457691055854e-10,2.295612162583893e-08,2.1438067733470235e-06,1.5148278862398001e-06,-9.90033055359163e-07,1.0799361539123847e-17,2.189161840255541e-16,4.4218334601407104e-16,-1.8431902969781154e-14,-2.8487870326881094e-14,1.4870509998480023e-14,0.21747424006462096,-0.07571481615304947,-0.9806345641613007,47.14316101074219,149.13798828125,-99.16619262695312,0.0,0.0,0.0,0.0,0.0,0.0,6.3339741700474406e-06,-4.942638781813002e-07,4.144201047893148e-05,0.00725812935270369,-0.00753888632170856,-0.0029789012391120196
617,6.17,1552.3024,936.82465,1659.69,458.673,1230.878,230.8087,4.177675028138594e-09,2.47757350746447e-10,1.1930266907711485e-08,1.0661072280981898e-06,9.391625951593596e-07,-4.771356401533921e-07,1.0586545338306817e-17,1.611148118766203e-16,3.883266327702801e-16,-2.1528162959987344e-14,-2.4230980550765236e-14,1.1761705196215114e-14,0.20869152545928954,-0.0759269580245018,-1.0546148896217347,54.047314453125,146.57864379882812,-99.90457229614258,0.0,0.0,0.0,0.0,0.0,0.0,1.1499005813675467e-05,-9.721035098664288e-07,7.389949641947168e-05,0.012836044188588858,-0.013414129614830017,-0.005308866593986749
618,6.18,1563.7854,940.0968,1681.78,464.506,1260.4446,223.12268,9.887139315600812e-10,2.0849465764971598e-10,4.367077788280937e-09,3.427034187097888e-07,4.941682760772892e-07,-1.376467158920036e-07,8.799536602991145e-18,1.0584645536050354e-16,2.9908440082391356e-16,-1.9709878328511183e-14,-1.8201253357144966e-14,8.298510448555069e-15,0.2011484459042549,-0.07937887981534004,-1.1065823674201964,63.26257820129395,144.6466064453125,-100.77596435546874,0.0,0.0,0.0,0.0,0.0,0.0,1.799649908207357e-05,-1.601463327460806e-06,0.00011422555762692354,0.019724249467253686,-0.02070219609886408,-0.00820245137438178
619,6.19,1574.9154,944.12695,1702.94,471.382,1291.1973,214.62033,-8.086605246537814e-10,1.5525667834692668e-10,-2.1614300210748282e-10,-8.37883349369406e-08,1.8691620056188186e-07,5.882987252903149e-08,6.485777599240481e-18,6.063899472621778e-17,2.0577756613660603e-16,-1.565120357941525e-14,-1.2214865197194029e-14,5.201752530030837e-15,0.19600371569395064,-0.08610910028219224,-1.1367004990577698,73.39690856933593,143.05158538818358,-101.35330123901367,0.0,0.0,0.0,0.0,0.0,0.0,2.5082697356992865e-05,-2.331491737095348e-06,0.00015742552641313524,0.027037732675671576,-0.028491676785051823,-0.011300335824489593
620,6.2,1585.4426,947.8934,1723.98,478.693,1322.3915,204.53506,-1.6052630669172175e-09,1.0326442617669684e-10,-2.539939114587497e-09,-2.899394672795097e-07,-7.817788416630833e-10,1.505941256141341e-07,4.2676404261467625e-18,2.7771275338219045e-17,1.2516467556978377e-16,-1.1082988622305263e-14,-7.199361490330667e-15,2.7842299083933545e-15,0.19284490048885344,-0.09403232634067535,-1.1496563673019409,82.85880813598632,141.13878936767577,-101.79537963867188,0.0,0.0,0.0,0.0,0.0,0.0,3.113068341917824e-05,-3.032346353393223e-06,0.00019290639174869285,0.03292536363005638,-0.034856684133410455,-0.01384120061993599
621,6.21,1595.7903,951.66907,1743.26,485.085,1354.2771,193.4298,-1.7607455826684771e-09,6.015164963346642e-11,-3.3330492810179635e-09,-3.5006019061256666e-07,-9.722765383912702e-08,1.7394365983136595e-07,2.4501802773508702e-18,6.4604254207794646e-18,6.385645897165834e-17,-6.976480525073517e-15,-3.4781165035753516e-15,1.099243942381524e-15,0.1906689390540123,-0.10033666044473648,-1.1541571736335754,89.71492614746094,139.02019958496095,-102.14219970703125,0.0,0.0,0.0,0.0,0.0,0.0,3.3298051857855174e-05,-3.4606438930495644e-06,0.0002024563917075284,0.03422831557691097,-0.03649267256259918,-0.014516861643642187
622,6.22,1606.197,955.12384,1760.71,491.627,1386.1694,182.37695,-1.5617375281884449e-09,2.8438858039325776e-11,-3.2129546134740393e-09,-3.2552244135786166e-07,-1.3144215387228543e-07,1.583942378147185e-07,1.126856505913868e-18,-5.527608687049284e-18,2.21951436263917e-17,-3.7582278851884485e-15,-1.0124204262509318e-15,5.81433139084429e-17,0.18813283145427703,-0.10311276465654373,-1.1553865432739259,92.76656799316406,136.49185028076172,-102.79408187866211,0.0,0.0,0.0,0.0,0.0,0.0,2.7255329223407897e-05,-3.2272756243401092e-06,0.0001586645346833393,0.02621895670890808,-0.028433230146765708,-0.011359122209250927
624,6.24,1627.6973,961.4618,1796.25,504.32504,1456.6245,155.79558,-8.398487183480796e-10,-4.303491155826285e-12,-1.9296702902238395e-09,-1.8687525198402e-07,-1.0624126929315026e-07,8.84122272282184e-08,-2.170846695895974e-19,-1.182773158452192e-17,-1.5157067706471098e-17,-1.0986741472883729e-16,1.0858029853464763e-15,-6.899134706758704e-16,0.1786096587777138,-0.09288720414042473,-1.1464103698730468,90.31010131835937,132.13316497802734,-106.21138229370118,0.0,0.0,0.0,0.0,0.0,0.0,-3.421917635932914e-05,1.5819193588839652e-06,-0.00024333533947356044,-0.044169794768095016,0.0446914829313755,0.017536604776978493
625,6.25,1637.5201,963.9114,1812.02,509.682,1492.9775,142.49332,-5.153601434493282e-10,-9.754314630322502e-12,-1.2573837304685754e-09,-1.1896385103682405e-07,-7.809994286844813e-08,5.5426440681571874e-08,-4.319788544109944e-19,-1.0472268186013024e-17,-1.9135408661694586e-17,6.263253150150829e-16,1.2580543084809103e-15,-6.851381530291348e-16,0.17637302577495576,-0.07949398383498192,-1.127319371700287,88.11117172241211,130.7865249633789,-108.09092407226562,0.0,0.0,0.0,0.0,0.0,0.0,-0.00010402158659417182,7.628593812114559e-06,-0.0006893238838529214,-0.1214246354997158,0.12558870539069175,0.04956979006528854
626,6.26,1647.8394,965.966,1828.0,514.528,1530.1438,129.27322,-2.6674969177964414e-10,-1.1013094863149276e-11,-7.122537559745012e-10,-6.51730601930467e-08,-5.124585520377423e-08,2.967268333264883e-08,-4.740906736797968e-19,-8.115480653004391e-18,-1.8150100563651224e-17,9.058471828727151e-16,1.1473288698905837e-15,-5.741161205583711e-16,0.17988654524087905,-0.06273225136101246,-1.1102423071861267,86.75614013671876,129.05704727172852,-109.94363403320312,0.0,0.0,0.0,0.0,0.0,0.0,-0.00020765601366292685,1.7031727111316286e-05,-0.0013438684400171041,-0.2341840848326683,0.2441451981663704,0.09656437113881111
629,6.29,1680.5137,971.2951,1869.38,524.78,1647.344,90.86668,5.820967388658893e-11,-5.4481328302935506e-12,7.45553041178737e-11,9.486148178083908e-09,-3.0625897984304374e-09,-5.179738704619297e-09,-2.26302491485549e-19,-1.7768253664933194e-18,-6.8939031781591934e-18,5.680295059120352e-16,4.027807523833182e-16,-1.6365412665523805e-16,0.21037411838769912,-0.020238667726516724,-1.1189691185951234,82.42733840942383,112.18473434448242,-114.7668586730957,0.0,0.0,0.0,0.0,0.0,0.0,-0.0006629312934819609,6.315535611065571e-05,-0.0041333126137033105,-0.7076124548912048,0.7474428474903106,0.29663118422031404
630,6.3,1691.4203,972.64734,1880.98,526.292,1688.294,79.28663,7.570055832184507e-11,-3.385215176752998e-12,1.3506852580835726e-10,1.456830807100573e-08,2.730308651388569e-09,-7.346601593738455e-09,-1.3890333888809597e-19,-6.388359116783433e-19,-3.850152506862445e-18,3.7787359239760586e-16,2.1601151482002802e-16,-7.666728503618637e-17,0.2198577880859375,-0.013963945768773555,-1.131062126159668,77.54422149658203,107.031201171875,-115.26968994140626,0.0,0.0,0.0,0.0,0.0,0.0,-0.0007637059490662069,7.679330083192326e-05,-0.004689493915066123,-0.7967865824699402,0.8463634490966797,0.3363694787025452
631,6.31,1703.104,973.31366,1892.19,526.887,1729.1497,69.27481,7.270422944238852e-11,-1.7874415489393947e-12,1.447996930692419e-10,1.4874598619485368e-08,5.278090409177594e-09,-7.2973196374448435e-09,-7.192663067219329e-20,4.7882567587213536e-20,-1.674072122262339e-18,2.2016239845455875e-16,8.569098444189305e-17,-1.9764465217656323e-17,0.22647514939308167,-0.012381978146731854,-1.149735701084137,69.3225112915039,104.94486465454102,-115.02676620483399,0.0,0.0,0.0,0.0,0.0,0.0,-0.0007243661151733249,7.964946489664726e-05,-0.004326218506321311,-0.7247109889984131,0.7779624879360199,0.310009753704071
632,6.32,1715.2491,973.68884,1903.41,526.808,1770.0391,60.476734,5.964211069464653e-11,-6.821612502302954e-13,1.268617572103281e-10,1.2675195648625958e-08,5.752560117144867e-09,-6.11564980879109e-09,-2.6070126642507038e-20,3.9360864964128674e-19,-2.8921998645966915e-19,1.0413438869237681e-16,5.063324539384275e-18,1.2643592664661982e-17,0.23003071099519729,-0.01465857457369566,-1.1746596455574037,58.85951461791992,104.94581832885743,-113.907763671875,0.0,0.0,0.0,0.0,0.0,0.0,-0.0004248085242579691,6.066993191780057e-05,-0.002287722658365965,-0.3614203594624996,0.40541312769055365,0.16329697705805302
633,6.33,1726.888,973.93353,1910.88,525.852,1811.3925,53.45565,4.3470980981563654e-11,-5.406268423387151e-15,9.753059748707216e-11,9.535134992688654e-09,5.085137333438184e-09,-4.538617259797206e-09,1.653832180904223e-21,5.091129114491055e-19,4.691089823181053e-19,2.7937665530848174e-17,-3.722155046233035e-17,2.7313918574860107e-17,0.2311864823102951,-0.01890032347291708,-1.202030110359192,48.79771270751953,105.90989303588867,-112.05106964111329,0.0,0.0,0.0,0.0,0.0,0.0,0.0002882623608456925,5.094832022223272e-06,0.0023789910541381688,0.4560028254054487,-0.44355472847819327,-0.17215484287589788
634,6.34,1739.297,973.69165,1919.9,524.231,1852.09,49.837467,2.8262715258409176e-11,3.436376535973298e-13,6.698541304972494e-11,6.4086760342974e-09,3.935973791335812e-09,-3.008063909071268e-09,1.5655617061378685e-20,4.878666326590738e-19,7.849318923079084e-19,-1.569212187046951e-17,-5.307888983664445e-17,3.053363821095886e-17,0.22830413430929183,-0.02321157231926918,-1.2195553541183473,41.101365661621095,107.51685638427735,-109.37312927246094,0.0,0.0,0.0,0.0,0.0,0.0,0.00158544349251315,-0.00010449298060848378,0.010716764070093632,1.9043469667434691,-1.9570442676544189,-0.7711352795362473
635,6.35,1751.3438,972.5328,1926.84,521.508,1890.6686,45.123398,1.5959698927009437e-11,4.687672044154448e-13,4.065572878353407e-11,3.784625679514875e-09,2.7210503183994204e-09,-1.7439514388151167e-09,2.037872190850458e-20,3.9962946726045235e-19,8.230430758085528e-19,-3.565290913692255e-17,-5.282667518868764e-17,2.7351888481082006e-17,0.22094765156507493,-0.02713610790669918,-1.2210723757743835,36.13420143127441,109.97235794067383,-105.896826171875,0.0,0.0,0.0,0.0,0.0,0.0,0.0036184182856231926,-0.00028531121206469833,0.023621883243322372,4.1329120874404905,-4.295999956130982,-1.6978460550308228
636,6.36,1763.642,971.1671,1931.55,518.886,1929.4213,43.399647,7.1009233649360626e-12,4.588661536245736e-13,2.0667030326687596e-11,1.834862695115902e-09,1.6648078138281618e-09,-8.172297283337571e-10,1.9579579164425406e-20,2.9090763411117095e-19,7.12233873063009e-19,-4.0273176740918736e-17,-4.432613840366318e-17,2.1380788118364064e-17,0.21148865222930907,-0.03246403485536575,-1.208937132358551,33.68101806640625,113.82213973999023,-102.25646209716797,0.0,0.0,0.0,0.0,0.0,0.0,0.006455392297357321,-0.0005488871451234445,0.04142973832786083,7.191589069366455,-7.519008159637451,-2.976137113571167
637,6.37,1775.6729,969.52765,1936.87,515.728,1964.579,43.225597,1.4179312719353032e-12,3.810613987981909e-13,7.1080964681932704e-12,5.409711623105551e-10,8.575749388395337e-10,-2.1093968672475372e-10,1.6065895575589432e-20,1.8887431101668972e-19,5.42364372661849e-19,-3.626870076608745e-17,-3.292884886244701e-17,1.492074162643827e-17,0.20185821056365966,-0.040206491202116015,-1.184986913204193,33.6318603515625,119.19017791748047,-99.05418395996094,0.0,0.0,0.0,0.0,0.0,0.0,0.00998131288215518,-0.0008921375498175621,0.0632822398096323,10.921684551239014,-11.467667484283448,-4.544081735610962
638,6.38,1787.9442,967.1807,1942.95,512.138,1997.098,43.742764,-1.7306229745713692e-12,2.8064924245240624e-13,-9.942415814256922e-13,-2.1045079706683011e-10,3.0636832237807e-10,1.3441864045449224e-10,1.1712362666910656e-20,1.0645012376857232e-19,3.6902569745115686e-19,-2.8461373594426316e-17,-2.184718034099004e-17,9.232776253846611e-18,0.19371111392974855,-0.05016106255352497,-1.1596139788627624,35.02608222961426,125.89410705566407,-96.33030700683594,0.0,0.0,0.0,0.0,0.0,0.0,0.013760372530668974,-0.001284531143028289,0.08626586124300957,14.807967281341552,-15.61060609817505,-6.192107772827148
639,6.39,1799.917,964.2908,1949.97,508.72498,2027.4131,45.639874,-3.076309389518639e-12,1.8451672481600844e-13,-5.005311573200166e-12,-5.63706373246653e-10,-2.5771193425810913e-11,2.9080426400263095e-10,7.616580610352468e-21,4.717546225721281e-20,2.213689239409322e-19,-1.993462858430985e-17,-1.2683866992672878e-17,4.8433436981819806e-18,0.18826727122068404,-0.05953142382204533,-1.1381409525871278,37.414358901977536,133.48888092041017,-94.4104377746582,0.0,0.0,0.0,0.0,0.0,0.0,0.016867548786103727,-0.0016515902942046523,0.10436935350298882,17.800904273986816,-18.85519199371338,-7.488214015960693
640,6.4,1811.5073,961.6063,1956.55,505.657,2054.0723,45.520527,-3.2811949554970022e-12,1.0581896348212625e-13,-6.2758598231432705e-12,-6.561313048436546e-10,-1.925717862949483e-10,3.251838437412502e-10,4.30241680208889e-21,9.20362808450488e-21,1.1032267772745985e-19,-1.2388868578201356e-17,-5.959533275827156e-18,1.8175379606421395e-18,0.1867295801639557,-0.06471468210220337,-1.1208488702774049,40.895348358154294,140.7610855102539,-93.71621170043946,0.0,0.0,0.0,0.0,0.0,0.0,0.01771184951066971,-0.0018563589663244783,0.10741194859147071,18.135705184936523,-19.354402923583983,-7.701129531860351
641,6.41,1823.3339,958.12494,1966.27,502.834,2076.9917,47.731396,-2.866678140527046e-12,4.856154371582055e-14,-5.935094820122555e-12,-5.997146723668578e-10,-2.478754812518247e-10,2.9134422374621495e-10,1.9155455230035912e-21,-1.1791084452221242e-20,3.570846583613046e-20,-6.543503969930658e-18,-1.5555635598567734e-18,-2.72271040845056e-20,0.19006550014019014,-0.06422619335353374,-1.1078079342842102,45.38204689025879,146.3306884765625,-94.10994186401368,0.0,0.0,0.0,0.0,0.0,0.0,0.013897875789552927,-0.0016826255130581557,0.08024432249367237,13.20089693069458,-14.36380910873413,-5.743123459815979
642,6.42,1835.1244,955.06415,1977.6,500.59598,2094.6707,47.129444,-2.199165003748116e-12,1.1407936771832937e-14,-4.8193135246399345e-12,-4.756593979804435e-10,-2.3705128832096634e-10,2.2776825425729897e-10,3.8397922310955766e-22,-2.072438162256231e-20,-8.338464094520144e-21,-2.499224653389509e-18,9.567487477694894e-19,-9.720357059414896e-19,0.19635929465293883,-0.05898896865546703,-1.0960923314094544,49.688615036010745,149.33350982666016,-95.30041961669922,0.0,0.0,0.0,0.0,0.0,0.0,0.0022044853380066344,-0.0008267229946795851,0.0027257728826953096,-0.45634709000587464,-0.23997966796159745,-0.16863908199593425
643,6.43,1847.4385,953.0538,1991.9,499.642,2108.0088,45.89461,-1.507258738393108e-12,-9.515090826389032e-15,-3.4815935291004905e-12,-3.364617834344941e-10,-1.9391975664140304e-10,1.5896716859531422e-10,-4.648487688120905e-22,-2.2036589927043463e-20,-2.967911193922549e-20,-2.2441757692914853e-20,2.097717770481897e-18,-1.304109099930189e-18,0.20308150500059127,-0.050710827112197876,-1.0875497460365295,51.74195861816406,149.66263275146486,-96.7940444946289,0.0,0.0,0.0,0.0,0.0,0.0,-0.02120235115289688,0.0010914730792137561,-0.1487828388810158,-26.860731601715088,27.285744857788085,10.718159770965576
644,6.44,1859.4182,951.44855,2008.4801,499.569,2116.683,43.259014,-9.12440023710659e-13,-1.8772154241220723e-14,-2.2416588442257523e-12,-2.1153042789601172e-10,-1.4100080270029735e-10,9.837981332361246e-11,-8.279080912445803e-22,-1.9219855925925853e-20,-3.595590140673921e-20,1.2554074816879976e-18,2.3523421196401645e-18,-1.2683136654230539e-18,0.20967116355895996,-0.04009118191897869,-1.0838676571846009,50.07503662109375,147.71802368164063,-98.23789978027344,0.0,0.0,0.0,0.0,0.0,0.0,-0.06016707606613636,0.0044836209854111075,-0.39743987917900087,-69.90894775390625,72.38256301879883,28.577267456054688
646,6.46,1883.7302,948.98755,2045.3,499.667,2123.7754,36.755726,-1.5680714173416272e-13,-1.8222340072960273e-14,-5.397053138601893e-13,-4.539796195218715e-11,-5.144050185812432e-11,1.9381237240101434e-11,-7.721213575915786e-22,-1.0079312167011639e-20,-2.6911590014675956e-20,1.6782480195077212e-18,1.6517837406570977e-18,-7.698385706549582e-19,0.2273524820804596,-0.014004550781100989,-1.0715200424194335,38.984259033203124,138.68064575195314,-100.39448928833008,0.0,0.0,0.0,0.0,0.0,0.0,-0.19240517169237137,0.016840516310185193,-1.2262378215789795,-212.1577117919922,222.35614318847655,88.0672981262207
649,6.49,1921.1705,946.33997,2093.18,499.227,2119.586,27.353464,1.4247029120686983e-13,-6.00237065522609e-15,2.5799982267780964e-13,2.7640293699671137e-11,5.807443978836368e-12,-1.3887310832544353e-11,-2.4593465229604317e-22,-1.0357080234597932e-21,-6.736369561819765e-21,6.752113109472728e-19,3.758682621402268e-19,-1.307217633039936e-19,0.26046079099178315,0.008519719215109944,-0.9924818933010101,37.37246971130371,128.66024780273438,-98.67785186767578,0.0,0.0,0.0,0.0,0.0,0.0,-0.4101933896541595,0.04147299975156784,-2.5147408723831175,-426.93382873535154,453.76654663085935,180.3731262207031
650,6.5,1933.6306,946.6094,2104.85,501.54095,2123.6868,29.280865,1.3426595311906083e-13,-3.103438509730874e-15,2.694420397518146e-13,2.7588678563894576e-11,1.0105620507072643e-11,-1.3508852803739702e-11,-1.2453474101742034e-22,1.7767242042834984e-22,-2.8185277572201117e-21,3.8732161428172857e-19,1.4181891467162384e-19,-2.923154377564962e-20,0.264767000079155,0.007614611089229584,-0.9860054790973664,41.23206825256348,126.70229568481446,-98.42966384887696,0.0,0.0,0.0,0.0,0.0,0.0,-0.39187946915626526,0.0418561726808548,-2.3628769874572755,-397.77734375,425.4178802490234,169.42340850830078
653,6.53,1971.0209,951.18384,2153.33,506.84,2134.7651,34.321285,5.037408817441975e-14,6.816769752363287e-16,1.201042581632384e-13,1.1464248560882905e-11,7.140831979543516e-12,-5.372842708933901e-12,3.0809949045082503e-23,9.008160903283659e-22,1.4946853876445677e-21,-3.471697015697903e-20,-1.0036140237593433e-19,5.696805480232346e-20,0.250562858581543,-0.02669780980795622,-1.0502925157546996,46.73707504272461,112.31371612548828,-104.24212112426758,0.0,0.0,0.0,0.0,0.0,0.0,-0.1520843908190727,0.017977077327668668,-0.886425894498825,-146.57413558959962,158.84453048706055,63.52331275939942
654,6.54,1983.8853,952.55365,2167.36,507.63696,2137.3115,35.01021,2.796436855950074e-14,8.844108012688703e-16,7.188578007052796e-14,6.669396415345807e-12,4.882172140521779e-12,-3.0661297069009552e-12,3.8355131604281363e-23,7.287124144726366e-22,1.5292825499794445e-21,-6.861879808737452e-20,-9.780669059698125e-20,5.0245649406336784e-20,0.2353839635848999,-0.04357913583517074,-1.0729507565498353,47.90794410705566,106.3544189453125,-106.00235137939453,0.0,0.0,0.0,0.0,0.0,0.0,-0.08581372797489166,0.010602821316570043,-0.4920627802610397,-80.63795394897461,87.97049598693847,35.25265674591064
655,6.55,1997.42,953.7747,2180.98,507.814,2140.5583,36.03834,1.2003512773865483e-14,8.485750130864242e-16,3.5686769125464324e-14,3.145652987222858e-12,2.9464864359160516e-12,-1.3934857011777686e-12,3.6159440142060717e-23,5.246960257662868e-22,1.3047566006770447e-21,-7.518797829152598e-20,-8.099411798480966e-20,3.8825208390339535e-20,0.21671758592128754,-0.05610380135476589,-1.0842055320739745,49.12968482971191,103.69999389648437,-107.09572067260743,0.0,0.0,0.0,0.0,0.0,0.0,-0.0381199674680829,0.0051287061534821985,-0.21119384691119195,-33.936418533325195,37.56656761169434,15.121495819091797
657,6.57,2024.8901,955.5313,2200.64,506.78802,2141.4397,37.41447,-3.613269186518366e-15,5.067734675360774e-16,-2.8913771674710797e-15,-4.871469621735205e-13,4.95990142674544e-13,2.937084643962577e-13,2.1128101856440525e-23,1.8647330735885843e-22,6.610036171237875e-22,-5.170108661882091e-20,-3.9026739637478144e-20,1.6362776836665825e-20,0.18159926682710648,-0.06445762068033219,-1.07215256690979,49.087581634521484,115.55962142944335,-106.36088485717774,0.0,0.0,0.0,0.0,0.0,0.0,0.00938616981729865,-0.0006051556316378992,0.06360675543546676,11.31561918258667,-11.623788452148437,-4.568847060203552
708,7.08,2558.9822,948.75354,2463.08,468.371,2158.1016,113.12146,6.554428873779642e-22,-4.557365628951602e-24,1.4244356402899206e-21,1.4106825149690624e-19,6.855135378688304e-20,-6.769349317465739e-20,-1.6304935971863311e-31,5.653775066302498e-30,8.852031056607336e-31,8.577405426423824e-28,-1.888744401984623e-28,2.471168343140667e-28,0.15629391223192216,-0.059107597917318344,-1.083487343788147,67.80504531860352,151.81615753173827,-93.05674514770507,0.0,0.0,0.0,0.0,0.0,0.0,-1.9420545727122374e-09,2.1737327771109705e-10,-1.1534331534335252e-08,-1.926530978835217e-06,2.0723665329569486e-06,8.268337751360377e-07
709,7.09,2570.5928,947.7046,2480.0,465.832,2147.0552,104.29727,4.5727815779492845e-22,2.017952481968962e-24,1.047311074329924e-21,1.0155308981893165e-19,5.72558700346393e-20,-4.8084752500906515e-20,1.045392540374125e-31,6.2929796291723006e-30,7.803083167741465e-30,9.15350501086555e-29,-5.641416226395354e-28,3.636743264006761e-28,0.16722797751426696,-0.05905651897192001,-1.0612577438354491,71.32463912963867,157.08424377441406,-93.4926155090332,0.0,0.0,0.0,0.0,0.0,0.0,-1.3691414335603724e-09,1.5805402958646297e-10,-8.04684492372587e-09,-1.336567277121503e-06,1.4436611081691808e-06,5.767352377006318e-07
748,7.48,2926.3423,968.7599,3094.94,518.328,3099.778,44.6211,8.869617965756203e-28,1.8840860017555913e-29,2.185171497147729e-27,2.0598146283604407e-25,1.3813931898385292e-25,-9.57305560800046e-26,8.296913459743547e-37,1.8951080003723205e-35,3.5771563295228443e-35,-1.2781731946194389e-33,-2.3359785387724368e-33,1.2547169211656502e-33,0.2402821734547615,-0.035127312317490576,-1.1188863277435304,73.9911102294922,134.79547576904298,-81.0040496826172,0.0,0.0,0.0,0.0,0.0,0.0,-2.696564264165668e-15,3.249528214437734e-16,-1.5607442808041483e-14,-2.570934155669835e-12,2.7940239748572295e-12,1.1183342500751397e-12
765,7.65,3076.7615,958.5806,3233.33,507.393,3261.5828,33.638176,3.911895714270967e-30,-1.432545631252939e-32,8.634103506993136e-30,8.497066992130659e-28,4.324956298114436e-28,-4.061408168590473e-28,-4.3240875648565196e-40,3.9561049065666653e-38,2.308207227684554e-38,3.863708106295804e-36,-2.198269742269872e-36,1.9486596529905787e-36,0.20722011029720305,0.031375502422451976,-0.9750626087188721,79.36023635864258,130.4311981201172,-101.16883544921875,0.0,0.0,0.0,0.0,0.0,0.0,-1.162608984931793e-17,1.3132092860801605e-18,-6.884006235099598e-17,-1.1479579612605094e-14,1.2363223949641861e-14,4.934524900710303e-15
