frame,t_s,cadera_y_mm,cadera_z_mm,rodilla_y_mm,rodilla_z_mm,tobillo_y_mm,tobillo_z_mm,Force_Fx1_N_Nm,Force_Fy1_N_Nm,Force_Fz1_N_Nm,Moment_Mx1_N_Nm,Moment_My1_N_Nm,Moment_Mz1_N_Nm,Force_Fx2_N_Nm,Force_Fy2_N_Nm,Force_Fz2_N_Nm,Moment_Mx2_N_Nm,Moment_My2_N_Nm,Moment_Mz2_N_Nm,Force_Fx3_N_Nm,Force_Fy3_N_Nm,Force_Fz3_N_Nm,Moment_Mx3_N_Nm,Moment_My3_N_Nm,Moment_Mz3_N_Nm,Force_Fx4_N_Nm,Force_Fy4_N_Nm,Force_Fz4_N_Nm,Moment_Mx4_N_Nm,Moment_My4_N_Nm,Moment_Mz4_N_Nm,Force_Fx5_N_Nm,Force_Fy5_N_Nm,Force_Fz5_N_Nm,Moment_Mx5_N_Nm,Moment_My5_N_Nm,Moment_Mz5_N_Nm
395,3.95,-2219.5833,923.5514,-2042.46,475.018,-2075.2844,14.821264,5.565078381322018e-21,1.0695154009755568e-21,-4.135668414889812e-20,-4.038624037789488e-18,-1.6867097773211666e-18,-6.057415966874089e-19,2.2197542876066858e-13,2.8488853799895493e-13,-2.7641784911339175e-12,-6.628276330578054e-11,6.811015501595464e-11,9.573106109911356e-12,5.840688562393188,0.12454822435975074,0.7231334269046783,73.47132720947266,-85.73134689331054,269.5724578857422,0.0,0.0,0.0,0.0,0.0,0.0,0.0,0.0,0.0,0.0,0.0,0.0
397,3.97,-2187.149,929.98804,-2034.61,472.232,-2073.7053,14.557733,1.2699488344423616e-20,1.597164540162313e-22,-5.84537073716205e-20,-5.866666411559348e-18,-3.296962878392781e-18,-1.26007192731279e-18,3.287661511303455e-13,9.881484519524975e-13,-6.497514245390468e-12,-7.971585405663895e-11,1.795852661024e-10,3.0040647920615005e-11,5.2974871635437015,0.19377716034650802,0.6269581496715546,69.60695419311523,-101.41232070922851,248.01427612304687,0.0,0.0,0.0,0.0,0.0,0.0,0.0,0.0,0.0,0.0,0.0,0.0
398,3.98,-2174.3027,932.62427,-2032.0602,475.047,-2076.6956,16.043623,1.6129867979330178e-20,-1.2297928679395767e-21,-5.1680371237472705e-20,-5.347557885777303e-18,-3.840758899069685e-18,-1.5236698936475506e-18,3.059073122851225e-13,1.4673871818159101e-12,-8.371751816088623e-12,-5.6313347387981774e-11,2.4326860803558505e-10,4.33024387180847e-11,4.971377658843994,0.2262355849146843,0.5748250961303711,63.5471134185791,-104.01601104736328,233.3872283935547,0.0,0.0,0.0,0.0,0.0,0.0,0.0,0.0,0.0,0.0,0.0,0.0
399,3.99,-2157.8274,934.9565,-2028.19,473.95,-2076.6277,16.270643,1.782956015603256e-20,-3.5517569595197486e-21,-2.2598528987437352e-20,-2.6916184266270956e-18,-3.714809173677487e-18,-1.5667437627428434e-18,1.6726250443824426e-13,1.94692597547258e-12,-9.436235300086526e-12,6.5167172954563524e-12,2.921235142672174e-10,5.574220113269135e-11,4.631706237792969,0.2542389199137688,0.5330420672893524,57.3984073638916,-102.99847793579102,218.5755874633789,0.0,0.0,0.0,0.0,0.0,0.0,0.0,0.0,0.0,0.0,0.0,0.0
400,4.0,-2142.4204,937.9169,-2020.6599,472.102,-2073.927,16.03295,1.5641915832351638e-20,-6.970956691070097e-21,4.088649239362053e-20,3.29958525871572e-18,-2.3258975587073927e-18,-1.1679291562736957e-18,-1.5372930784458122e-13,2.279356694709356e-12,-8.598993305602987e-12,1.2662945830799188e-10,2.971105417248765e-10,6.275296324242951e-11,4.291008377075196,0.27626188695430753,0.5033381104469299,53.09090805053711,-98.78378601074219,204.452685546875,0.0,0.0,0.0,0.0,0.0,0.0,0.0,0.0,0.0,0.0,0.0,0.0
403,4.03,-2103.3005,944.73486,-2002.65,474.325,-2076.1023,17.61866,-4.724840730877777e-20,-2.1673106247931062e-20,5.49447990706114e-19,5.2780666410400704e-17,1.7368552693078666e-17,5.817655712111397e-18,-2.8661219231285174e-12,-5.524905152245931e-13,2.242116986864162e-11,9.57724549666139e-10,-4.448908616505598e-10,-3.6034042192971664e-11,3.38558886051178,0.32074369490146637,0.5214277148246765,54.74558715820312,-75.91631393432617,166.11383056640625,0.0,0.0,0.0,0.0,0.0,0.0,0.0,0.0,0.0,0.0,0.0,0.0
404,4.04,-2089.5144,946.8739,-2000.1199,472.487,-2074.1902,16.714294,-9.910849128914586e-20,-2.4700471613836358e-20,8.255577152104716e-19,8.022582761191807e-17,3.1407059543242585e-17,1.1090608358645196e-17,-4.393808537492272e-12,-4.235730277808714e-12,4.875714589014368e-11,1.3577516666529733e-09,-1.1530954968641538e-09,-1.5017571144970708e-10,3.155591368675232,0.3258776217699051,0.5424500405788422,55.35792083740235,-69.42462539672852,153.14610443115234,0.0,0.0,0.0,0.0,0.0,0.0,0.0,0.0,0.0,0.0,0.0,0.0
405,4.05,-2073.6,949.1473,-2000.2802,474.122,-2073.4053,17.357836,-1.6938243836191294e-19,-2.2977217875931998e-20,1.1079588513768157e-18,1.088612375256837e-16,4.902009952843171e-17,1.792364266560809e-17,-6.009868384199146e-12,-1.0090122314065919e-11,8.492861067188606e-11,1.7170968313884317e-09,-2.1744618439178966e-09,-3.257754122021339e-10,2.9659515619277954,0.3222034364938736,0.5630711555480957,55.77943229675293,-65.84957580566406,139.15577087402343,0.0,0.0,0.0,0.0,0.0,0.0,0.0,0.0,0.0,0.0,0.0,0.0
407,4.07,-2048.2634,951.41693,-1991.15,475.16,-2074.142,18.567375,-3.3971981796692713e-19,1.1579077288771303e-20,1.3140291254647771e-18,1.3365962193735635e-16,8.435903340414179e-17,3.285832377429298e-17,-7.559195500453365e-12,-2.878285717405893e-11,1.7513099720423143e-10,1.6352650122897217e-09,-4.97191767756533e-09,-8.605590129384666e-10,2.6978732347488403,0.28692919611930845,0.6052253365516662,60.629770278930664,-62.349030303955075,107.19186782836914,0.0,0.0,0.0,0.0,0.0,0.0,0.0,0.0,0.0,0.0,0.0,0.0
408,4.08,-2034.4213,952.3149,-1987.57,475.22,-2074.7983,19.101913,-4.020830348837707e-19,5.491365901634653e-20,9.062487496951978e-19,9.76816017029429e-17,8.987026386336375e-17,3.668192645114995e-17,-5.73490985603109e-12,-4.017381323440095e-11,2.1070696160085943e-10,6.429294749366044e-10,-6.32108685394428e-09,-1.1665893917545133e-09,2.611426830291748,0.2580102100968361,0.6322830438613891,64.05001258850098,-60.36311569213867,90.91682662963868,0.0,0.0,0.0,0.0,0.0,0.0,0.0,0.0,0.0,0.0,0.0,0.0
409,4.09,-2020.494,953.481,-1985.92,476.715,-2073.5337,19.554932,-3.9945949973914863e-19,1.2222838134175448e-19,-1.6544640281465593e-19,-2.3317234227808767e-18,7.290339520426062e-17,3.2816160558673805e-17,-4.2286053944431275e-13,-4.9940899332634456e-11,2.1495946966876288e-10,-1.4838391765303882e-09,-6.996597212705069e-09,-1.4021129035590719e-09,2.5505149602890014,0.22375889718532563,0.6518076181411743,66.05106811523437,-58.54496421813965,75.99977340698243,0.0,0.0,0.0,0.0,0.0,0.0,0.0,0.0,0.0,0.0,0.0,0.0
410,4.1,-2005.0109,953.67114,-1984.69,476.455,-2073.5496,20.152426,-2.71332323489512e-19,2.1542017055522617e-19,-2.1974940744063604e-18,-1.9600471704337863e-16,1.7472472137896253e-17,1.519554093141622e-17,1.0032151585154248e-11,-5.3543622660634504e-11,1.5702036129661144e-10,-5.160536176163078e-09,-6.1547001717343616e-09,-1.428057527785853e-09,2.5107301235198975,0.18571648895740508,0.6512171864509583,65.34624099731445,-57.02214660644531,62.981702423095705,0.0,0.0,0.0,0.0,0.0,0.0,0.0,0.0,0.0,0.0,0.0,0.0
411,4.11,-1992.5503,953.7498,-1975.95,476.786,-2073.8367,21.035736,6.126891722783599e-20,3.302062172865593e-19,-5.470290933241951e-18,-5.12070994229685e-16,-9.564724329972509e-17,-2.3732832287547587e-17,2.7263298736646123e-11,-4.4055376707818897e-11,-3.953192287409202e-12,-1.0717384135716657e-08,-2.6227836208425615e-09,-1.0386630777681206e-09,2.4867029905319216,0.14552517980337143,0.6349696457386017,62.0613395690918,-55.628672409057614,51.94050750732422,0.0,0.0,0.0,0.0,0.0,0.0,0.0,0.0,0.0,0.0,0.0,0.0
412,4.12,-1977.9287,953.91864,-1969.01,478.043,-2071.5864,21.687412,6.888601193417034e-19,4.516114847716942e-19,-1.014669709338348e-17,-9.686832315098557e-16,-2.8605463460962157e-16,-9.208667446236488e-17,5.23579436750854e-11,-1.2045087551069284e-11,-3.156122904690584e-10,-1.8217160935307675e-08,5.049814688629084e-09,3.807791582044473e-11,2.4718391418457033,0.1047458216547966,0.6090830147266388,57.23499641418457,-54.35866241455078,42.41857833862305,0.0,0.0,0.0,0.0,0.0,0.0,0.0,0.0,0.0,0.0,0.0,0.0
413,4.13,-1966.719,952.7195,-1963.28,476.491,-2079.6174,24.195862,1.6965199842896807e-18,5.484911185132703e-19,-1.6110964199779187e-17,-1.5578378714753112e-15,-5.680395803101516e-16,-1.9658138501480325e-16,8.500769602126645e-11,5.388150463997432e-11,-8.241650584217553e-10,-2.7183487816273554e-08,1.8407405733000813e-08,2.119160658065056e-09,2.4642800092697144,0.0631137739866972,0.5640616834163665,51.71185646057129,-52.88998031616211,33.84081382751465,0.0,0.0,0.0,0.0,0.0,0.0,0.0,0.0,0.0,0.0,0.0,0.0
414,4.14,-1952.1552,951.9186,-1958.2,476.561,-2073.0618,24.138302,3.1325560167183755e-18,5.678638487255059e-19,-2.274147491428705e-17,-2.223157338187003e-15,-9.411720566632453e-16,-3.391384448474217e-16,1.2228628179511425e-10,1.654251312321886e-10,-1.558783524480134e-09,-3.6238779443920065e-08,3.8700697402305197e-08,5.511390011037065e-09,2.464075207710266,0.0205069494782947,0.4866236984729767,45.62826843261719,-49.60850143432617,25.727056884765624,0.0,0.0,0.0,0.0,0.0,0.0,0.0,0.0,0.0,0.0,0.0,0.0
416,4.16,-1926.7651,949.816,-1946.27,475.67,-2068.2861,24.136593,6.981478361253346e-18,3.1250246839363916e-20,-3.124397129018265e-17,-3.142123139706688e-15,-1.7987995384970808e-15,-6.896875405190581e-16,1.7632959398161675e-10,5.516107570713302e-10,-3.5766777761736533e-09,-4.2049588344639234e-08,9.932505591336849e-08,1.6717875261917924e-08,2.4776916027069094,-0.06155599281191826,0.23102009743452073,30.017811584472657,-33.73110389709473,9.585187864303588,0.0,0.0,0.0,0.0,0.0,0.0,0.0,0.0,0.0,0.0,0.0,0.0
417,4.17,-1913.6031,948.67145,-1940.84,475.433,-2069.19,24.71337,8.762416707566706e-18,-7.546173746341256e-19,-2.6711972625660368e-17,-2.777930990232745e-15,-2.065512330604361e-15,-8.230834136019961e-16,1.5943622394543054e-10,8.099716009013491e-10,-4.555080979073978e-09,-2.787733635045697e-08,1.3307025668041205e-07,2.3834618367857276e-08,2.4868186712265015,-0.09539680406451226,0.061332289854181,19.272397899627684,-21.336462020874023,1.5753750026226043,0.0,0.0,0.0,0.0,0.0,0.0,0.0,0.0,0.0,0.0,0.0,0.0
418,4.18,-1899.2952,947.45856,-1935.87,475.544,-2068.8647,25.125067,9.525240021485147e-18,-2.0496592489768137e-18,-9.676429343472054e-18,-1.2145041528420946e-15,-1.947760605485794e-15,-8.288604430000665e-16,7.749726086553332e-11,1.0626753477183115e-09,-5.053855556269582e-09,8.254422478870538e-09,1.5767540446631755e-07,3.032636772815067e-08,2.4936413288116457,-0.12137289494276046,-0.10700030997395515,5.943938893079758,-7.815513396263123,-6.09233660697937,0.0,0.0,0.0,0.0,0.0,0.0,0.0,0.0,0.0,0.0,0.0,0.0
420,4.2,-1872.9724,943.4434,-1926.51,474.901,-2068.197,27.407272,2.7673073836254398e-18,-6.388850684372079e-18,8.842860716969203e-17,8.154569989366704e-15,8.364352535065698e-16,6.964825620615035e-17,-4.290375721360817e-10,1.1673168542891688e-09,-1.9500120365667504e-09,1.8410811861713227e-07,1.0716859577541982e-07,2.962493930169785e-08,2.466566729545593,-0.13644757270812988,-0.2695586994290352,-17.15810317993164,2.817375636100769,-17.83585548400879,0.0,0.0,0.0,0.0,0.0,0.0,0.0,0.0,0.0,0.0,0.0,0.0
421,4.21,-1858.7347,941.8339,-1921.59,473.777,-2072.1506,28.585415,-8.3998605913116e-18,-9.189626790783088e-18,1.8172683057595065e-16,1.7219987880014077e-14,4.379528817812612e-15,1.3202400316909288e-15,-9.254886412790597e-10,6.926623385972164e-10,3.542292575930972e-09,3.3764709996830786e-07,-2.2571191582443362e-08,1.2767020418635866e-08,2.3980777263641357,-0.12724766582250596,-0.10944427600916243,-9.612754952907562,-18.352562046051027,-19.944103240966797,0.0,0.0,0.0,0.0,0.0,0.0,0.0,0.0,0.0,0.0,0.0,0.0
422,4.22,-1845.4403,939.55725,-1918.85,473.926,-2072.4473,30.187931,-2.7517913390752628e-17,-1.1803085820888964e-17,3.0709681369725906e-16,2.953649237219741e-14,9.917236616405308e-15,3.3443402915232724e-15,-1.6053793738812772e-09,-4.432313287228151e-10,1.3126446773981115e-08,5.320829131960636e-07,-2.677886257629325e-07,-2.393097808806033e-08,2.256420350074768,-0.11449132189154625,0.3776468373835087,28.45694007873535,-73.46621208190918,-17.137584018707276,0.0,0.0,0.0,0.0,0.0,0.0,0.0,0.0,0.0,0.0,0.0,0.0
423,4.23,-1830.7621,937.82227,-1912.05,474.503,-2073.1736,31.976871,-5.620163032141912e-17,-1.3247556500286528e-17,4.561909654438538e-16,4.437866801744895e-14,1.7626246142044217e-14,6.248477348600248e-15,-2.432416268405291e-09,-2.5145047044539124e-09,2.7711949357467346e-08,7.461244877049467e-07,-6.619308976496541e-07,-8.788872065679243e-08,2.0041425824165344,-0.10513117089867592,1.34917853474617,112.80036392211915,-177.0717445373535,-6.40758101940155,0.0,0.0,0.0,0.0,0.0,0.0,0.0,0.0,0.0,0.0,0.0,0.0
424,4.24,-1816.3854,935.7521,-1905.45,474.449,-2075.4917,34.632156,-9.464348642704384e-17,-1.1975043269912816e-17,6.054777271886984e-16,5.955869139344892e-14,2.7181242892864063e-14,9.968666889951637e-15,-3.2907382818692097e-09,-5.765907840071804e-09,4.752620235137783e-08,9.323509857495083e-07,-1.224141067268647e-06,-1.8513184443236242e-07,1.6008765935897826,-0.10236087813973427,2.9612885236740114,258.10623321533205,-343.0545379638672,16.05967288017273,0.0,0.0,0.0,0.0,0.0,0.0,0.0,0.0,0.0,0.0,0.0,0.0
425,4.25,-1802.1064,932.87,-1896.58,471.976,-2072.7266,35.590263,-1.4021222646566827e-16,-5.813574382289545e-18,7.091606479819331e-16,7.072013601897714e-14,3.7381392198245626e-14,1.4129212851657836e-14,-3.9455167133439776e-09,-1.0309686171439125e-08,7.140081734746672e-08,1.0071594715554966e-06,-1.93986378462796e-06,-3.1712064298972107e-07,1.012871789932251,-0.10407427698373795,5.334133911132812,473.8060241699219,-578.7128448486328,54.055636978149415,0.0,0.0,0.0,0.0,0.0,0.0,0.0,0.0,0.0,0.0,0.0,0.0
426,4.26,-1787.9155,930.49634,-1889.55,471.613,-2073.148,38.04097,-1.855986089134272e-16,7.95267873109843e-18,6.922726427224308e-16,7.063329413546649e-14,4.5693993293988157e-14,1.7864266720090707e-14,-4.003014186793052e-09,-1.596597289932333e-08,9.581431754668302e-08,8.423701615356549e-07,-2.733529072429519e-06,-4.7599228309991303e-07,0.22151786683389219,-0.10418808534741401,8.467578029632568,759.1536682128906,-877.7403503417969,110.00088653564453,0.0,0.0,0.0,0.0,0.0,0.0,0.0,0.0,0.0,0.0,0.0,0.0
427,4.27,-1773.041,927.9582,-1878.48,470.888,-2070.5315,40.444603,-2.1665218539504057e-16,3.226017508041323e-17,4.462379312669218e-16,4.871043550610209e-14,4.7777688923222874e-14,1.9621969691706754e-14,-2.881897120943222e-09,-2.2042531533372766e-08,1.1375620587728008e-07,2.626388297954918e-07,-3.434249902056763e-06,-6.381845480518678e-07,-0.7627538919448853,-0.08867207989096641,12.122703361511231,1093.8688110351563,-1209.77607421875,183.4785125732422,0.0,0.0,0.0,0.0,0.0,0.0,0.0,0.0,0.0,0.0,0.0,0.0
428,4.28,-1757.6962,926.05457,-1867.87,470.415,-2069.8115,43.00576,-2.1028370465363806e-16,6.956981630751354e-17,-1.6940301685779445e-16,-8.902112670098e-15,3.7112808892693016e-14,1.6995040662585397e-14,1.8474863722195424e-10,-2.7064457874814708e-08,1.135936820162442e-07,-9.450463778648554e-07,-3.7385064160844194e-06,-7.568780233668804e-07,-1.867682147026062,-0.03623485222924501,15.684113883972168,1424.1281005859375,-1505.2503784179687,269.28158111572264,0.0,0.0,0.0,0.0,0.0,0.0,0.0,0.0,0.0,0.0,0.0,0.0
429,4.29,-1743.4752,923.4152,-1857.27,468.388,-2068.962,46.776672,-1.3314115902604242e-16,1.206602542797034e-16,-1.3138212371924593e-15,-1.18139148501872e-13,4.953765232931361e-15,6.6549701434655694e-15,6.088341897303451e-09,-2.8489863268532643e-08,7.829252695046307e-08,-3.0013055265953882e-06,-3.1784681141289183e-06,-7.5446906180332e-07,-2.915659952163696,0.08278742367401719,17.993095779418944,1645.97705078125,-1638.5404907226562,354.4378143310547,0.0,0.0,0.0,0.0,0.0,0.0,0.0,0.0,0.0,0.0,0.0,0.0
430,4.3,-1729.5243,921.2044,-1843.67,465.747,-2066.99,49.965454,5.780274832931891e-17,1.8280064071296454e-16,-3.133533865632527e-15,-2.9407276581298185e-13,-5.907792921452113e-14,-1.5492169331919994e-14,1.5687750565263058e-08,-2.2485876627342803e-08,-1.4433646233769081e-08,-6.073598478906206e-06,-1.111024494848678e-06,-5.174209718461498e-07,-3.5774127006530763,0.3057339653372765,17.159145164489747,1587.99560546875,-1416.1503540039062,413.9475921630859,0.0,0.0,0.0,0.0,0.0,0.0,0.0,0.0,0.0,0.0,0.0,0.0
431,4.31,-1713.376,920.01624,-1829.16,465.008,-2065.6335,54.90985,4.11128885441819e-16,2.4727991341544386e-16,-5.7053381387773414e-15,-5.454562664172422e-13,-1.6533810453557564e-13,-5.376713715910236e-14,2.9514056620882913e-08,-3.890878735868241e-09,-1.9021572796873443e-07,-1.0174484486924484e-05,3.24954707480174e-06,1.0267655810025645e-07,-3.329010248184204,0.6741814285516738,10.456145477294921,1000.9142883300781,-572.5571033477784,407.08302001953126,0.0,0.0,0.0,0.0,0.0,0.0,0.0,0.0,0.0,0.0,0.0,0.0
432,4.32,-1698.2,917.48425,-1816.67,463.105,-2065.0469,61.143257,9.712501119169507e-16,2.9644645170556605e-16,-8.946867074646369e-15,-8.660654875550233e-13,-3.209491185188554e-13,-1.1160084832716015e-13,4.729767262290352e-08,3.3449668634943916e-08,-4.7329120320682707e-07,-1.5011582945589907e-05,1.0724167896114523e-05,1.2763076369992631e-06,-1.430987486243248,1.227003461122513,-5.602303924411535,-435.946110534668,1215.3886306762695,273.89969940185546,0.0,0.0,0.0,0.0,0.0,0.0,0.0,0.0,0.0,0.0,0.0,0.0
433,4.33,-1681.5024,915.97626,-1799.97,459.697,-2061.087,65.21732,1.7607996287800031e-15,3.0070773946732643e-16,-1.2491762808750301e-14,-1.222482369240413e-12,-5.245549925415177e-13,-1.8963796733027087e-13,6.729581834008513e-08,9.57246811594814e-08,-8.777244659086136e-07,-1.9789862199104392e-05,2.1949337497062516e-05,3.1643534612157962e-06,3.0481243669986724,1.9842208981513978,-34.90807971954346,-3082.7710205078124,4284.4724609375,-64.29913959503173,0.0,0.0,0.0,0.0,0.0,0.0,0.0,0.0,0.0,0.0,0.0,0.0
434,4.34,-1665.1079,914.46405,-1785.73,457.511,-2058.7673,71.276764,2.753107757977216e-15,2.1637644573046274e-16,-1.55345195393267e-14,-1.5387253537307855e-12,-7.587384605149683e-13,-2.829091751447785e-13,8.54390911797509e-08,1.8728379416188546e-07,-1.3934752360000858e-06,-2.2982175141805784e-05,3.700707766256528e-05,5.859481825609692e-06,11.121692037582397,2.9245432138442995,-80.94151229858399,-7267.197021484375,8896.059130859376,-698.0820983886719,0.0,0.0,0.0,0.0,0.0,0.0,0.0,0.0,0.0,0.0,0.0,0.0
435,4.35,-1647.7511,913.06885,-1769.52,454.957,-2054.4307,77.094345,3.833891157256837e-15,-1.4175192986996263e-17,-1.66641665540917e-14,-1.679485923163776e-12,-9.802288538154902e-13,-3.7706388575711736e-13,9.438926440452633e-08,3.0756209525861775e-07,-1.9667446622406715e-06,-2.2108737175585703e-05,5.487642956722993e-05,9.293235962104518e-06,23.647735404968262,3.9473440885543822,-145.3121078491211,-13149.376953125,15084.76337890625,-1712.9025146484375,0.0,0.0,0.0,0.0,0.0,0.0,0.0,0.0,0.0,0.0,0.0,0.0
439,4.39,-1575.7899,909.6786,-1696.08,445.053,-2028.8372,109.30649,1.050988715258824e-15,-3.554673628337153e-15,5.1353165087821526e-14,4.753834327055062e-12,5.907686446022511e-13,8.69124577452515e-14,-2.50883552155301e-07,6.105428781211231e-07,-8.3441116558447e-07,0.00010531024163356051,5.265127110760659e-05,1.5304817134165204e-05,107.06855926513671,2.4054210901260378,-478.7489379882812,-44287.017578125,41674.017578125,-9052.30078125,0.0,0.0,0.0,0.0,0.0,0.0,0.0,0.0,0.0,0.0,0.0,0.0
440,4.4,-1557.3655,909.4048,-1673.25,442.437,-2018.4324,119.78748,-5.282887444356074e-15,-5.057127710572737e-15,1.0291457491979142e-13,9.769172710366592e-12,2.5795228258095048e-12,7.916178292304704e-13,-5.257525913293648e-07,3.2856313438855975e-07,2.2879149184973357e-06,0.00018969473021570593,-2.1847530842933337e-05,5.433840640733933e-06,126.2983772277832,-1.7434836085885763,-548.7598510742188,-51139.448046875,45072.420703125,-10862.70107421875,0.0,0.0,0.0,0.0,0.0,0.0,0.0,0.0,0.0,0.0,0.0,0.0
441,4.41,-1538.5675,909.59595,-1648.99,439.426,-2005.1191,129.35406,-1.5966685320488145e-14,-6.419851383829343e-15,1.7143578359213665e-13,1.6508477484328265e-11,5.650512609894909e-12,1.917512828207568e-12,-8.980779796274874e-07,-3.2070030222541843e-07,7.651985515622074e-06,0.0002952855080366135,-0.0001599185627128463,-1.5425452647832572e-05,143.1578109741211,-8.014841079711914,-609.791845703125,-57285.66953125,46818.41015625,-12481.56162109375,0.0,0.0,0.0,0.0,0.0,0.0,0.0,0.0,0.0,0.0,0.0,0.0
442,4.42,-1520.0189,910.12415,-1623.11,434.198,-1989.3561,137.79012,-3.18147585844932e-14,-7.0912882601289595e-15,2.518173657876238e-13,2.452296629651407e-11,9.879170571880368e-12,3.515294283960857e-12,-1.3451536915454199e-06,-1.4838715060250252e-06,1.5721169984317384e-05,0.0004095734999282286,-0.00037902796175330876,-5.1217844520579094e-05,157.78916778564454,-16.01745386123657,-663.201318359375,-62801.017578125,47205.259765625,-13896.8080078125,0.0,0.0,0.0,0.0,0.0,0.0,0.0,0.0,0.0,0.0,0.0,0.0
443,4.43,-1501.5641,910.4078,-1595.12,429.448,-1970.3007,145.68948,-5.2819403514067604e-14,-6.212310735818384e-15,3.304950036515583e-13,3.2547612695277285e-11,1.5055564694249624e-11,5.538164414911617e-12,-1.7998249177253456e-06,-3.287660274509108e-06,2.6562958555587102e-05,0.0005055666842963547,-0.0006881651643197984,-0.00010501143333385698,169.54010925292968,-24.781913566589356,-709.6648498535156,-67677.31875,46611.034765625,-15035.6955078125,0.0,0.0,0.0,0.0,0.0,0.0,0.0,0.0,0.0,0.0,0.0,0.0
444,4.44,-1484.2546,910.74744,-1567.83,424.047,-1951.7458,153.36882,-7.73774944671287e-14,-2.5905791713492674e-15,3.8162913042379123e-13,3.8120529649576794e-11,2.0479773432668934e-11,7.76424350160121e-12,-2.129226891156577e-06,-5.781045274488861e-06,3.94546066672774e-05,0.0005364366224966943,-0.0010770751570817084,-0.00017722541088005528,177.46692962646483,-33.281503677368164,-749.1172973632813,-71851.5796875,45389.64140625,-15820.88232421875,0.0,0.0,0.0,0.0,0.0,0.0,0.0,0.0,0.0,0.0,0.0,0.0
445,4.45,-1466.8754,911.4838,-1538.02,414.661,-1933.7295,160.72716,-1.0127869951113283e-13,5.246669919600124e-15,3.634796863450848e-13,3.7211749306931274e-11,2.4715065063962705e-11,9.699689749315122e-12,-2.11369767839642e-06,-8.84683777258033e-06,5.236002398305573e-05,0.00043122209899593145,-0.0015012569725513457,-0.0002630013375892304,180.92889404296875,-40.94037055969238,-781.359912109375,-75278.3484375,43823.63984375,-16206.2826171875,0.0,0.0,0.0,0.0,0.0,0.0,0.0,0.0,0.0,0.0,0.0,0.0
446,4.46,-1451.1184,912.3409,-1509.46,411.462,-1907.8278,163.0819,-1.1654191338101444e-13,1.8863656584710467e-14,2.1625681321103644e-13,2.3984701204293746e-11,2.5335105020840575e-11,1.0474155136969143e-11,-1.4325250504043651e-06,-1.2080970554961823e-05,6.131751397333573e-05,9.391126586706377e-05,-0.001863352779764682,-0.00034871919197030363,179.71287689208984,-47.47613716125488,-805.9971435546875,-77915.0125,42089.255859375,-16174.186328125,0.0,0.0,0.0,0.0,0.0,0.0,0.0,0.0,0.0,0.0,0.0,0.0
448,4.48,-1421.0547,914.8117,-1450.87,407.157,-1860.4647,177.59071,-6.423661465081035e-14,6.749873250123158e-14,-7.800894939779049e-13,-7.063156448605667e-11,1.4287399930680567e-13,2.7133303416582154e-12,3.6610466281672415e-06,-1.5121370506676612e-05,3.854578753816895e-05,-0.001739226863719523,-0.0016318441135808825,-0.00039736340404488145,164.55709533691407,-56.142845153808594,-831.2908264160156,-80720.17578125,38365.373046875,-14937.48623046875,0.0,0.0,0.0,0.0,0.0,0.0,0.0,0.0,0.0,0.0,0.0,0.0
449,4.49,-1406.1824,916.09753,-1422.19,407.522,-1836.5836,184.18571,4.510775577725953e-14,1.0108982674930136e-13,-1.7907522361672312e-12,-1.684525574585649e-10,-3.604240395721492e-11,-9.862432203376626e-12,9.002769775179332e-06,-1.1387706399546004e-05,-1.4719809450980393e-05,-0.003436047933064401,-0.0004268024836846962,-0.00025445439387112857,152.32453002929688,-57.97639083862305,-832.1991516113281,-80916.6046875,36350.521484375,-13839.54287109375,0.0,0.0,0.0,0.0,0.0,0.0,0.0,0.0,0.0,0.0,0.0,0.0
450,4.5,-1391.482,917.40314,-1393.47,409.352,-1811.85,189.93562,2.4374264135903004e-13,1.352449836150571e-13,-3.2036027476645135e-12,-3.067015363900083e-10,-9.527344885240652e-11,-3.1267849594229793e-11,1.6612495528534055e-05,-6.235078444660758e-07,-0.00011371611872164067,-0.005675823474302888,0.002046828635502607,0.00010167945565626723,138.51304931640624,-58.11304206848145,-826.1178955078125,-80382.46875,34166.67421875,-12528.174609375,0.0,0.0,0.0,0.0,0.0,0.0,0.0,0.0,0.0,0.0,0.0,0.0
451,4.51,-1376.5465,918.9143,-1364.13,411.432,-1786.2885,196.35909,5.547504973836894e-13,1.5997717473653639e-13,-4.96302799204984e-12,-4.809497133884122e-10,-1.8105512505917075e-10,-6.324248208455784e-11,2.6286740830983035e-05,2.0490383940341415e-05,-0.00027110755327157675,-0.008281094441190361,0.006224312866106629,0.0007625639787875116,124.24545974731446,-56.64383506774902,-813.988623046875,-79200.759375,31752.258984375,-11093.9845703125,0.0,0.0,0.0,0.0,0.0,0.0,0.0,0.0,0.0,0.0,0.0,0.0
452,4.52,-1362.1648,920.47437,-1334.35,414.09,-1758.0083,201.7631,9.88386244593978e-13,1.587772204296109e-13,-6.854196116928834e-12,-6.715017708547322e-10,-2.920224395630555e-10,-1.0591225604872356e-10,3.6994162292103284e-05,5.5217696717591026e-05,-0.0004935244505759329,-0.010794374626129866,0.012426889315247536,0.0018122347188182174,110.41272277832032,-53.79699058532715,-796.8637878417969,-77469.63203125,29053.181640625,-9620.42255859375,0.0,0.0,0.0,0.0,0.0,0.0,0.0,0.0,0.0,0.0,0.0,0.0
453,4.53,-1347.3531,922.4955,-1303.21,416.87,-1727.7505,205.18571,1.5268142327697075e-12,1.0754377396211476e-13,-8.418972810564363e-12,-8.350556524039377e-10,-4.1776547499150496e-10,-1.5622795696002e-10,4.641198393073864e-05,0.00010570924569037743,-0.0007738269632682204,-0.01235480085015297,0.02065523210912943,0.0032942869001999497,97.58785247802734,-49.93959999084473,-775.8661499023438,-75299.575,26037.4775390625,-8174.836669921875,0.0,0.0,0.0,0.0,0.0,0.0,0.0,0.0,0.0,0.0,0.0,0.0
454,4.54,-1333.0247,924.73694,-1272.0,419.766,-1696.0134,206.39856,2.1030936974558713e-12,-2.5158211382146873e-14,-8.867429100029022e-12,-8.957620423188928e-10,-5.335003383510894e-10,-2.0590817939591943e-10,5.042271295678802e-05,0.00017129029147326945,-0.001080309721874073,-0.01158262100070715,0.030286750011146068,0.0051602866034954785,86.06027374267578,-45.5201473236084,-752.154248046875,-72809.903125,22709.1310546875,-6807.6548828125,0.0,0.0,0.0,0.0,0.0,0.0,0.0,0.0,0.0,0.0,0.0,0.0
455,4.55,-1318.6841,927.06854,-1240.33,423.162,-1663.3855,206.35973,2.575457273661097e-12,-2.753363590726407e-13,-7.008028445748549e-12,-7.378720190409638e-10,-5.941380498697413e-10,-2.390524070361444e-10,4.2688687244663015e-05,0.0002460020361468196,-0.0013432854088023306,-0.006514486926607788,0.03967917487025261,0.007197845540940761,75.94050598144531,-40.98526802062988,-726.9190856933594,-70124.90234375,19109.9076171875,-5555.50498046875,0.0,0.0,0.0,0.0,0.0,0.0,0.0,0.0,0.0,0.0,0.0,0.0
456,4.56,-1305.0502,928.94525,-1209.95,426.112,-1630.3258,204.44032,2.700362958414637e-12,-6.767959673595336e-13,-1.2356249703970868e-12,-2.037344523989071e-10,-5.290104243549365e-10,-2.2984849995522084e-10,1.4508911363009247e-05,0.00031545051606371997,-0.0014407056150957942,0.005342573289090069,0.04571415632963181,0.008941316045820713,67.24784278869629,-36.72640533447266,-701.3617370605468,-67370.63046875,15305.67880859375,-4443.4554443359375,0.0,0.0,0.0,0.0,0.0,0.0,0.0,0.0,0.0,0.0,0.0,0.0
457,4.57,-1291.071,930.9029,-1179.47,430.04,-1596.4962,201.37146,2.111462285396548e-12,-1.2486501958265673e-12,1.036447555384512e-11,8.971906967358834e-10,-2.3949720644178554e-10,-1.411691645525348e-10,-4.4731317302648677e-05,0.00035327987279742956,-0.001186339493142441,0.026743139419704676,0.043364739418029784,0.009576216340065002,59.937157440185544,-33.034704971313474,-676.6017761230469,-64667.86640625,11369.2853515625,-3484.8610107421873,0.0,0.0,0.0,0.0,0.0,0.0,0.0,0.0,0.0,0.0,0.0,0.0
458,4.58,-1277.3865,932.6396,-1151.85,433.858,-1563.6846,198.06581,3.165432803706571e-13,-1.975569209090866e-12,2.971892454350922e-11,2.76068400362206e-09,3.9697764034340997e-10,7.467075667641141e-11,-0.00014609710706281476,0.0003180017287377268,-0.00032656417788530235,0.06010188609361648,0.02544256029650569,0.007860901672393084,53.91508255004883,-30.042093658447264,-653.578955078125,-62119.890234375,7368.86875,-2681.266943359375,0.0,0.0,0.0,0.0,0.0,0.0,0.0,0.0,0.0,0.0,0.0,0.0
459,4.59,-1263.9254,934.4944,-1123.07,439.685,-1528.9255,192.93898,-3.2696461857439906e-12,-2.779999472811434e-12,5.818423347292434e-11,5.532415681130942e-09,1.511799857523144e-09,4.711909917798352e-10,-0.00029812110296916216,0.0001514932146164938,0.0014451172639383004,0.10642915219068527,-0.017227879818528892,0.0021058782389445697,49.05908546447754,-27.712967681884766,-633.0383605957031,-59806.577734375,3366.9617431640627,-2023.7424926757812,0.0,0.0,0.0,0.0,0.0,0.0,0.0,0.0,0.0,0.0,0.0,0.0
460,4.6,-1250.6621,936.6164,-1095.88,446.486,-1493.3309,186.67203,-9.232946395279495e-12,-3.4873312137334577e-12,9.559096708633418e-11,9.215791507699578e-09,3.21301369954341e-09,1.096768220687494e-09,-0.0005017857707571238,-0.00021879924388485962,0.004443574231117964,0.16369457244873048,-0.09485843479633331,-0.009728467580862344,45.212516403198244,-25.903419494628906,-615.5309326171875,-57783.580859375,-579.597228693962,-1493.6019653320313,0.0,0.0,0.0,0.0,0.0,0.0,0.0,0.0,0.0,0.0,0.0,0.0
461,4.61,-1237.6661,937.80414,-1069.93,452.988,-1456.8987,179.21042,-1.7979911049598175e-11,-3.788089199957545e-12,1.3885597394125427e-10,1.3536658993729133e-08,5.530018576394014e-09,1.9748836455057983e-09,-0.000743096083169803,-0.0008711319474969059,0.008902973588556051,0.22458299696445466,-0.21653018295764923,-0.02973408866673708,42.182427978515626,-24.43611011505127,-601.3686401367188,-56080.13125,-4424.733227539063,-1064.7698791503906,0.0,0.0,0.0,0.0,0.0,0.0,0.0,0.0,0.0,0.0,0.0,0.0
462,4.62,-1223.5851,939.5571,-1044.24,460.029,-1418.4385,170.1649,-2.944340847521598e-11,-3.20597962240321e-12,1.8018241343398244e-10,1.7765821880288967e-08,8.330302181391857e-09,3.0733982026021067e-09,-0.000983256270410493,-0.0018707434996031226,0.01482850406318903,0.27376049757003784,-0.3863294720649719,-0.05946037918329239,39.75066871643067,-23.150601196289063,-590.5900146484375,-54697.45703125,-8138.7376953125,-706.7398376464844,0.0,0.0,0.0,0.0,0.0,0.0,0.0,0.0,0.0,0.0,0.0,0.0
463,4.63,-1210.4897,940.99384,-1019.22,466.987,-1378.9191,160.10507,-4.2656303836374754e-11,-1.087164188426186e-12,2.0501298020336733e-10,2.0514219123413112e-08,1.1207463579410159e-08,4.261965091956199e-09,-0.0011472149868495761,-0.0032374780625104905,0.021778704039752482,0.28503008782863615,-0.5973762452602387,-0.09892499223351478,37.70016250610352,-21.92762622833252,-583.0013916015625,-53611.7,-11709.88974609375,-388.30835113525393,0.0,0.0,0.0,0.0,0.0,0.0,0.0,0.0,0.0,0.0,0.0,0.0
464,4.64,-1197.635,942.34216,-993.426,474.765,-1338.297,149.19753,-5.5200035861679984e-11,3.365907715307398e-12,1.9013384477961637e-10,1.9538056506007706e-08,1.3347923299988906e-08,5.259500257537297e-09,-0.0011125676217488944,-0.004896836914122104,0.02857994083315134,0.2191489517688751,-0.8235942363739014,-0.14516295567154885,35.83634490966797,-20.709102439880372,-578.29052734375,-52785.15703125,-15141.4380859375,-82.2369101524353,0.0,0.0,0.0,0.0,0.0,0.0,0.0,0.0,0.0,0.0,0.0,0.0
465,4.65,-1184.6046,943.216,-970.059,481.322,-1296.6625,138.03636,-6.257985171731484e-11,1.0984478864689562e-11,1.0265541541820689e-10,1.162328846504579e-08,1.339725992366425e-08,5.578509298942435e-09,-0.000702569936402142,-0.0066138965543359515,0.03299695886671543,0.023604148998856544,-1.009627890586853,-0.19032534956932068,34.00414543151855,-19.50948143005371,-576.1544067382813,-52180.663671875,-18447.4556640625,231.20815887451172,0.0,0.0,0.0,0.0,0.0,0.0,0.0,0.0,0.0,0.0,0.0,0.0
466,4.66,-1171.538,943.9144,-947.892,487.283,-1254.4062,126.56182,-5.764992962176141e-11,2.2409266976775034e-11,-9.898866795698957e-11,-7.340080188100728e-09,9.366984476955053e-09,4.480449611321546e-09,0.0003107047468802193,-0.007914275908842684,0.03141950499266386,-0.36373674422502517,-1.0602613687515259,-0.2194877713918686,32.10182361602783,-18.4058256149292,-576.3673522949218,-51771.584765625,-21649.5361328125,562.0354888916015,0.0,0.0,0.0,0.0,0.0,0.0,0.0,0.0,0.0,0.0,0.0,0.0
467,4.67,-1158.5199,943.50104,-925.044,492.693,-1211.2085,114.7355,-3.031250467647184e-11,3.7713343212231186e-11,-4.6042754608954794e-10,-4.1937632744293293e-08,-1.351370780555694e-09,9.662871724991362e-10,0.002184465748723596,-0.00800427533686161,0.018676715902984142,-1.0045669555664063,-0.8321295917034149,-0.20857023000717162,30.061041259765624,-17.504689407348632,-578.8112976074219,-51548.184765625,-24773.819140625,911.3249816894531,0.0,0.0,0.0,0.0,0.0,0.0,0.0,0.0,0.0,0.0,0.0,0.0
468,4.68,-1145.3732,943.9705,-906.687,498.35,-1166.7034,103.54417,3.215777206154458e-11,5.584396556290727e-11,-1.0211338108412348e-09,-9.626704411402898e-08,-2.176792355257362e-08,-6.161625831779816e-09,0.005153620848432183,-0.0057139981538057326,-0.011843003134708851,-1.9407255530357361,-0.13243651173543186,-0.1231136281043291,27.81914939880371,-16.903907775878906,-583.5220031738281,-51518.800390625,-27848.61484375,1276.1386962890624,0.0,0.0,0.0,0.0,0.0,0.0,0.0,0.0,0.0,0.0,0.0,0.0
469,4.69,-1131.4739,943.6781,-887.059,502.433,-1121.8865,92.46438,1.4367413023186338e-10,7.388443121203458e-11,-1.7964569498651883e-09,-1.722156341088521e-07,-5.474638733460324e-08,-1.8118116162924026e-08,0.009337383136153222,0.0004973359624273144,-0.0675152488052845,-3.162576127052307,1.2683121740818024,0.08090158095583319,25.30300807952881,-16.666987228393555,-590.6949462890625,-51707.43046875,-30902.6109375,1655.3391357421874,0.0,0.0,0.0,0.0,0.0,0.0,0.0,0.0,0.0,0.0,0.0,0.0
470,4.7,-1118.0432,943.3071,-869.662,506.064,-1075.1808,81.9263,3.161735415146971e-10,8.619345515104015e-11,-2.750132077622425e-09,-2.667932889721669e-07,-1.0198393596283495e-07,-3.5777248719170984e-08,0.014593379292637109,0.012416837690398096,-0.15492898523807525,-4.563399600982666,3.6002583265304566,0.4525196373462677,22.40952339172363,-16.802579879760742,-600.6281555175781,-52146.29765625,-33963.6626953125,2055.1779174804688,0.0,0.0,0.0,0.0,0.0,0.0,0.0,0.0,0.0,0.0,0.0,0.0
471,4.71,-1104.2784,942.89075,-853.759,509.184,-1028.5475,72.68935,5.540753911237317e-10,8.357154204774453e-11,-3.75674269470494e-09,-3.684507504431167e-07,-1.6238768409948535e-07,-5.908157589828988e-08,0.02031465172767639,0.031759992614388464,-0.2771149411797523,-5.880650377273559,7.023921632766724,1.035446333885193,18.990482521057128,-17.255351257324218,-613.6054443359375,-52864.8140625,-37055.321875,2491.2177490234376,0.0,0.0,0.0,0.0,0.0,0.0,0.0,0.0,0.0,0.0,0.0,0.0
472,4.72,-1090.4001,941.9438,-840.065,510.706,-981.9747,64.47385,8.458264311173025e-10,5.273658992138719e-11,-4.5562197570347965e-09,-4.525598626514693e-07,-2.2977843059379665e-07,-8.618078410904672e-08,0.02517818883061409,0.059574727341532706,-0.4292544454336166,-6.62976975440979,11.515063285827637,1.8495500802993774,14.863476085662843,-17.927355003356933,-629.7840026855469,-53880.361328125,-40195.049609375,2984.9571044921877,0.0,0.0,0.0,0.0,0.0,0.0,0.0,0.0,0.0,0.0,0.0,0.0
473,4.73,-1076.5537,940.6246,-827.996,511.481,-935.68695,57.845127,1.1523863419071745e-09,-2.3437968146161614e-11,-4.7068732467181466e-09,-4.7665662918916494e-07,-2.8999409948937684e-07,-1.1230975189846504e-07,0.02687668353319168,0.09528872296214104,-0.5927563965320587,-6.043921613693238,16.697804069519044,2.8622493028640745,9.84803352355957,-18.724732971191408,-649.1476318359375,-55194.28671875,-43392.826953125,3557.287744140625,0.0,0.0,0.0,0.0,0.0,0.0,0.0,0.0,0.0,0.0,0.0,0.0
474,4.74,-1062.4949,938.7622,-816.668,509.97,-890.7555,52.491,1.393313375785965e-09,-1.6427626203796563e-10,-3.5500402617572036e-09,-3.766888141853997e-07,-3.177182719582561e-07,-1.285055517996625e-07,0.021900325641036035,0.13535672128200532,-0.7279866695404053,-3.0437929689884187,21.628558731079103,3.9490517377853394,3.8095044672489164,-19.591769790649415,-671.4892944335937,-56792.11171875,-46651.149609375,4222.316455078125,0.0,0.0,0.0,0.0,0.0,0.0,0.0,0.0,0.0,0.0,0.0,0.0
475,4.75,-1048.2081,936.8357,-806.133,507.506,-846.9485,48.949303,1.43247074202435e-09,-3.8742215269227386e-10,-2.0819641011193824e-10,-6.637124974062659e-08,-2.7375168087928614e-07,-1.204066371940371e-07,0.005483022227417677,0.17154700309038162,-0.7666175961494446,3.724859515577555,24.550939559936523,4.845165348052978,-3.319112416356802,-20.520206642150878,-696.4159118652344,-58643.661328125,-49964.11796875,4984.21611328125,0.0,0.0,0.0,0.0,0.0,0.0,0.0,0.0,0.0,0.0,0.0,0.0
476,4.76,-1033.8596,934.2353,-792.89,504.584,-803.4818,47.0031,1.067398103238304e-09,-7.018195913310877e-10,6.351307768603931e-09,5.572196613456981e-07,-1.039841953875964e-07,-6.758161603670488e-08,-0.028115202393382787,0.18905425667762757,-0.6055952250957489,15.733562469482422,22.669686126708985,5.0946554183959964,-11.544789505004882,-21.53867130279541,-723.4060363769531,-60709.09296875,-53318.945703125,5837.67470703125,0.0,0.0,0.0,0.0,0.0,0.0,0.0,0.0,0.0,0.0,0.0,0.0
477,4.77,-1019.38715,931.28723,-780.487,500.4,-762.96497,46.252018,2.9080180537904843e-11,-1.0967483032864322e-09,1.7144589659068286e-08,1.597647667495039e-06,2.580104499827485e-07,5.590605826610862e-08,-0.08475938215851783,0.16485620588064193,-0.10610885862261057,34.22858810424805,12.031238055229187,4.010495018959046,-20.836348724365234,-22.6887264251709,-751.8504943847656,-62943.905078125,-56696.11484375,6769.600048828125,0.0,0.0,0.0,0.0,0.0,0.0,0.0,0.0,0.0,0.0,0.0,0.0
478,4.78,-1005.05664,928.0341,-768.672,496.467,-724.6962,47.01472,-1.998005189074448e-09,-1.5265692931976106e-09,3.284268377257149e-08,3.1278249252864043e-06,8.821385847568308e-07,2.787048785535262e-07,-0.16875127255916594,0.06705020666122437,0.8973990201950073,59.63456382751465,-12.351659333705902,0.6680876318365335,-31.139674186706543,-23.99695568084717,-781.0791381835937,-65296.38125,-60071.049609375,7762.135400390625,0.0,0.0,0.0,0.0,0.0,0.0,0.0,0.0,0.0,0.0,0.0,0.0
479,4.79,-990.4397,924.5578,-756.405,491.797,-690.7124,47.999504,-5.322596807744162e-09,-1.8918299593551067e-09,5.323923559785726e-08,5.138631331647048e-06,1.823540333134588e-06,6.259111358986047e-07,-0.2800292745232582,-0.14370117969810964,2.5714831590652465,90.64833908081054,-55.93939781188965,-6.034151768684387,-42.39983215332031,-25.456754875183105,-810.3443542480469,-67702.86328125,-63411.47265625,8796.47529296875,0.0,0.0,0.0,0.0,0.0,0.0,0.0,0.0,0.0,0.0,0.0,0.0
480,4.8,-975.3452,921.65967,-743.876,487.871,-657.75586,49.802444,-1.0145161777330713e-08,-2.0191124550095196e-09,7.648609923194272e-08,7.464313557647983e-06,3.0916732384866917e-06,1.1079875093855661e-06,-0.41006994247436523,-0.5090706527233124,5.03333990573883,123.00991897583008,-123.43025741577148,-17.20254068374634,-54.580928802490234,-27.021619033813476,-838.7509765625,-70079.21640625,-66669.323828125,9858.219140625,0.0,0.0,0.0,0.0,0.0,0.0,0.0,0.0,0.0,0.0,0.0,0.0
481,4.81,-959.456,919.15515,-730.356,484.851,-627.021,52.28678,-1.6393983859330773e-08,-1.644647151799461e-09,9.811327643660661e-08,9.685726763564161e-06,4.604290597853833e-06,1.7037318343682272e-06,-0.5365279763936996,-1.062435245513916,8.268135452270508,148.02423400878905,-216.59423370361327,-33.61186466217041,-67.66298942565918,-28.61049880981445,-865.2103576660156,-72318.22890625,-69775.90546875,10938.8111328125,0.0,0.0,0.0,0.0,0.0,0.0,0.0,0.0,0.0,0.0,0.0,0.0
482,4.82,-943.9528,917.2735,-718.449,482.836,-599.3053,54.535416,-2.3490404110759756e-08,-4.102884337831014e-10,1.0993147299132034e-07,1.1020314013876487e-05,6.1262359849934e-06,2.3369259679384412e-06,-0.6170753300189972,-1.8107684969902038,12.00898323059082,151.05398864746093,-330.96462097167966,-55.15390396118164,-81.60873565673828,-30.13263702392578,-888.4959838867187,-74298.215625,-72646.76171875,12032.2197265625,0.0,0.0,0.0,0.0,0.0,0.0,0.0,0.0,0.0,0.0,0.0,0.0
483,4.83,-928.7499,915.9333,-707.45,481.536,-575.8564,55.83307,-3.004866240274851e-08,2.1152388784972943e-09,9.904458622145285e-08,1.0220185231446521e-05,7.197573495432152e-06,2.847894825208641e-06,-0.5835808455944062,-2.7075768232345583,15.581292152404785,110.42025833129883,-451.32841796875,-80.03750534057617,-96.32194442749024,-31.508674812316894,-907.349072265625,-75892.77265625,-75189.12265625,13129.1794921875,0.0,0.0,0.0,0.0,0.0,0.0,0.0,0.0,0.0,0.0,0.0,0.0
484,4.84,-913.8268,914.6362,-695.421,480.939,-555.9255,56.469822,-3.3541068589215683e-08,6.372521932362929e-09,4.7379916612300124e-08,5.517338956906315e-06,7.063129578455118e-06,2.9639289550686954e-06,-0.33874445259571073,-3.6167646169662477,17.72579917907715,-2.5654725551605226,-546.2709991455079,-103.7521469116211,-111.62349319458008,-32.66984329223633,-920.5530517578125,-76980.34765625,-77304.74921875,14213.27314453125,0.0,0.0,0.0,0.0,0.0,0.0,0.0,0.0,0.0,0.0,0.0,0.0
485,4.85,-898.7624,913.97723,-681.484,481.417,-540.00977,55.59869,-2.9998914463647e-08,1.2684552785913184e-08,-6.763059172687491e-08,-5.322622601511284e-06,4.626472446034313e-06,2.2766105303162476e-06,0.2414609182626009,-4.269996786117554,16.4346773147583,-221.3803237915039,-562.5625,-117.89095687866211,-127.24287948608398,-33.542082977294925,-926.9503295898437,-77451.76953125,-78885.5890625,15260.63154296875,0.0,0.0,0.0,0.0,0.0,0.0,0.0,0.0,0.0,0.0,0.0,0.0
486,4.86,-884.0271,912.8755,-665.625,481.197,-526.81134,53.59134,-1.3874952053960498e-08,2.1046281517556052e-08,-2.70341757868664e-07,-2.475244673405541e-05,-1.5344305360542875e-06,2.395381201836244e-07,1.2948118507862092,-4.224553942680359,8.863535141944885,-578.4982940673829,-420.96619567871096,-109.06312713623046,-142.79716033935546,-34.022857666015625,-925.4290710449219,-77210.81328125,-79811.51953125,16240.04921875,0.0,0.0,0.0,0.0,0.0,0.0,0.0,0.0,0.0,0.0,0.0,0.0
487,4.87,-868.67487,912.4195,-648.293,481.524,-515.947,50.70056,2.1737716970893217e-08,3.0816615215201185e-08,-5.810803202166426e-07,-5.489386094268411e-05,-1.3036501832175417e-05,-3.7935968748570303e-06,2.9433759689331054,-2.8351252555847166,-8.581978023052216,-1094.4421447753907,-16.10045099258423,-58.314971923828125,-157.75934906005858,-33.96955909729004,-914.8930419921875,-76169.70390625,-79950.03984375,17112.20234375,0.0,0.0,0.0,0.0,0.0,0.0,0.0,0.0,0.0,0.0,0.0,0.0
488,4.88,-852.98584,912.08264,-631.244,481.573,-507.93994,46.95008,8.426145257089956e-08,4.0315661919976264e-08,-1.006083448373829e-06,-9.657175105530769e-05,-3.1377468258142474e-05,-1.046423431034782e-05,5.241092920303345,0.7386198878288269,-39.84686164855957,-1760.1846801757813,775.7764892578125,58.28198719024658,-171.42843170166014,-33.211544036865234,-894.2278137207031,-74245.66640625,-79157.3390625,17827.588671875,0.0,0.0,0.0,0.0,0.0,0.0,0.0,0.0,0.0,0.0,0.0,0.0
489,4.89,-836.6686,912.09656,-614.395,480.851,-503.37793,41.76995,1.7983450817382618e-07,4.636184591788606e-08,-1.5222821843963174e-06,-0.00014783633960178122,-5.7362109509995206e-05,-2.0206797489663587e-05,8.092872524261475,7.457253336906433,-88.34265213012695,-2512.0445556640625,2075.981726074219,266.95589141845704,-182.9062744140625,-31.589295387268066,-862.3076110839844,-71359.65546875,-77280.56015625,18323.0765625,0.0,0.0,0.0,0.0,0.0,0.0,0.0,0.0,0.0,0.0,0.0,0.0
490,4.9,-819.8281,912.2308,-598.158,479.965,-501.59943,36.863018,3.1020880157939247e-07,4.383472820279621e-08,-2.0567514297908927e-06,-0.00020194534881738945,-9.020049837999977e-05,-3.2919541990850123e-05,11.143255710601807,18.219211101531982,-155.3933250427246,-3199.724365234375,3963.755517578125,590.3266632080079,-191.11054534912108,-29.006768798828126,-818.0508911132813,-67441.27578125,-74167.5515625,18519.4732421875,0.0,0.0,0.0,0.0,0.0,0.0,0.0,0.0,0.0,0.0,0.0,0.0
491,4.91,-802.41327,912.347,-581.712,479.028,-501.6111,32.81382,4.6807112425995e-07,2.542240551406394e-08,-2.4621232341814903e-06,-0.00024491810618201273,-0.00012624640949070453,-4.748993887915276e-05,13.648345851898194,33.52283229827881,-237.90467376708983,-3552.0407470703126,6413.27783203125,1036.8332214355469,-194.8148162841797,-25.479029846191406,-760.6003234863281,-62443.965234375,-69695.34296875,18324.258984375,0.0,0.0,0.0,0.0,0.0,0.0,0.0,0.0,0.0,0.0,0.0,0.0
492,4.92,-785.03064,913.3042,-567.578,479.309,-502.91656,30.825714,6.307412434125581e-07,-1.8194493156542534e-08,-2.491725626896368e-06,-0.00025301088026026265,-0.0001574250156409107,-6.118349119788036e-05,14.511970901489258,52.8766357421875,-327.0777252197266,-3197.5050048828125,9251.372802734375,1579.66435546875,-192.76182403564454,-21.161293029785156,-689.720263671875,-56372.646484375,-63812.66328125,17642.670703125,0.0,0.0,0.0,0.0,0.0,0.0,0.0,0.0,0.0,0.0,0.0,0.0
493,4.93,-767.9204,914.49646,-551.169,482.889,-493.6339,33.34559,7.526559500092844e-07,-9.736693016293429e-08,-1.7818457763496553e-06,-0.0001908165795612149,-0.00016954067396000028,-6.895533442730084e-05,12.828333282470703,74.14711456298828,-414.32196655273435,-1885.406024169922,12290.90791015625,2126.683984375,-183.91066131591796,-16.33785743713379,-606.2953735351563,-49317.053125,-56590.896484375,16402.2599609375,0.0,0.0,0.0,0.0,0.0,0.0,0.0,0.0,0.0,0.0,0.0,0.0
494,4.94,-750.7846,916.67114,-530.33,485.211,-481.3816,33.92272,7.578082431791699e-07,-2.2126297380964388e-07,1.4669744921036454e-07,-1.116368130169576e-05,-0.00014087314339121803,-6.282382455538026e-05,8.256479930877685,94.44513549804688,-495.16469421386716,436.43144702911377,15415.75390625,2551.725048828125,-167.83380279541015,-11.395909404754638,-512.8216552734375,-41487.466015625,-48273.383203125,14590.38037109375,0.0,0.0,0.0,0.0,0.0,0.0,0.0,0.0,0.0,0.0,0.0,0.0
495,4.95,-733.9915,918.8085,-519.521,484.691,-477.26215,33.585365,5.344282016039869e-07,-3.9392791109094103e-07,3.849934159916302e-06,0.00034145735698984934,-4.176649772489327e-05,-3.155743675051781e-05,0.937716493010521,112.43797454833984,-567.8381042480469,3759.758447265625,18542.5392578125,2789.1967529296876,-145.1529739379883,-6.793751001358032,-413.6516357421875,-33237.76796875,-39291.9171875,12289.90498046875,0.0,0.0,0.0,0.0,0.0,0.0,0.0,0.0,0.0,0.0,0.0,0.0
496,4.96,-718.00134,921.311,-513.119,484.459,-477.7647,33.19785,-6.434134062205387e-08,-6.082042432353773e-07,9.862013212114106e-06,0.0009216660109814256,0.00016372587597288658,3.8932799151325524e-05,-8.413818764686585,128.2574546813965,-632.1620666503907,8000.00625,21579.92578125,2857.50498046875,-117.74895782470703,-2.967464101314545,-314.8444366455078,-25060.6349609375,-30236.9724609375,9688.9587890625,0.0,0.0,0.0,0.0,0.0,0.0,0.0,0.0,0.0,0.0,0.0,0.0
497,4.97,-702.61194,923.7601,-506.285,485.24,-479.71277,32.926903,-1.2083249373517902e-06,-8.373645584924816e-07,1.8510042536945548e-05,0.001765529648400843,0.0005127063428517431,0.00016395054699387402,-18.465786075592042,141.56728973388672,-688.2465515136719,12892.9310546875,24395.83046875,2813.390234375,-88.53869247436523,-0.1770860727876425,-223.38547973632814,-17530.4265625,-21775.65234375,7049.342431640625,0.0,0.0,0.0,0.0,0.0,0.0,0.0,0.0,0.0,0.0,0.0,0.0
498,4.98,-688.238,926.44037,-495.066,485.865,-478.39935,31.805906,-3.0596841952501564e-06,-1.0248759622299986e-06,2.9617971449624747e-05,0.002861948846839368,0.0010330966440960764,0.00035644713789224626,-27.928461456298827,151.68748474121094,-736.3994873046875,18100.019921875,26884.2404296875,2722.7811279296875,-60.7568603515625,1.5713140606880187,-145.5185417175293,-11162.08671875,-14496.59072265625,4637.700146484375,0.0,0.0,0.0,0.0,0.0,0.0,0.0,0.0,0.0,0.0,0.0,0.0
499,4.99,-674.1448,929.52783,-484.658,487.249,-478.70804,30.281185,-5.715743054679479e-06,-1.0736854960669007e-06,4.208600366837345e-05,0.004111566301435232,0.0017263752059079706,0.000620812812121585,-36.243981170654294,158.4010986328125,-777.3612670898438,23355.1162109375,29030.400390625,2625.19697265625,-37.088287353515625,2.433933877944946,-84.69510040283203,-6236.026904296875,-8728.349072265624,2657.2177856445314,0.0,0.0,0.0,0.0,0.0,0.0,0.0,0.0,0.0,0.0,0.0,0.0
500,5.0,-660.8704,932.373,-474.289,488.523,-478.55148,30.040623,-9.117829313254333e-06,-8.378742109016457e-07,5.335762252798304e-05,0.005274083698168397,0.002542168344371021,0.0009434461710043252,-43.283545303344724,161.7000305175781,-811.3911560058593,28450.13984375,30849.6189453125,2530.50390625,-19.01120548248291,2.6270391225814818,-41.032692527771,-2750.1936889648437,-4499.211962890625,1202.2944946289062,0.0,0.0,0.0,0.0,0.0,0.0,0.0,0.0,0.0,0.0,0.0,0.0
501,5.01,-647.2571,935.3399,-464.456,490.278,-478.48187,30.25789,-1.2922138375870418e-05,-1.2148549002333198e-07,5.883233134227339e-05,0.005909268883988262,0.0033448342233896255,0.0012799650547094643,-48.89369277954101,161.65323791503906,-838.2099853515625,33216.976953125,32342.0232421875,2444.361474609375,-6.676400876045227,2.399180269241333,-12.437263083457946,-515.3844226837158,-1643.2925170898438,253.98313026428224,0.0,0.0,0.0,0.0,0.0,0.0,0.0,0.0,0.0,0.0,0.0,0.0
502,5.02,-633.19507,938.0694,-454.7,490.685,-477.0201,29.908892,-1.633655492696562e-05,1.3083409612590914e-06,5.13537281221943e-05,0.005323876393958926,0.00387477558106184,0.001539829431567341,-52.96354446411133,158.50278930664064,-857.6249328613281,37545.5484375,33505.555859375,2355.157666015625,0.6998627493157983,1.9833038210868836,4.159418626874685,737.9333374023438,91.6289794921875,-280.5115936279297,0.0,0.0,0.0,0.0,0.0,0.0,0.0,0.0,0.0,0.0,0.0,0.0
503,5.03,-618.5896,941.0117,-446.267,491.076,-477.3323,30.120455,-1.7941564328793903e-05,3.6844757687504172e-06,2.100169361938242e-05,0.0025463976489845663,0.0037114209262654185,0.0015706695150583983,-55.52113990783691,152.68668365478516,-869.7688171386719,41397.20625,34345.7421875,2233.947216796875,4.3354627132415775,1.5384077191352845,12.016900825500489,1289.3341064453125,982.6766174316406,-517.6080169677734,0.0,0.0,0.0,0.0,0.0,0.0,0.0,0.0,0.0,0.0,0.0,0.0
504,5.04,-603.0677,943.75543,-439.278,490.716,-478.30423,30.639996,-1.553539304950391e-05,7.168088814069051e-06,-4.446033617568901e-05,-0.00363631070649717,0.0022508504916913807,0.001146867743227631,-56.676564407348636,144.84808349609375,-874.9545288085938,44803.64921875,34869.824609375,2057.4659423828125,5.472044897079468,1.1457809865474702,14.134814071655274,1389.8006103515625,1296.5603515625,-564.5201782226562,0.0,0.0,0.0,0.0,0.0,0.0,0.0,0.0,0.0,0.0,0.0,0.0
505,5.05,-588.2743,946.5332,-434.236,490.563,-477.72183,30.852026,-6.073949339224782e-06,1.173135060525965e-05,-0.00015800260225660168,-0.01453341292217374,-0.001281221145472955,-3.007482591783628e-05,-56.60905532836914,135.73019104003907,-873.5163452148438,47850.812890625,35086.71953125,1814.80234375,5.148708152770996,0.8373108804225922,12.96313419342041,1240.1092407226563,1261.5687377929687,-506.0897521972656,0.0,0.0,0.0,0.0,0.0,0.0,0.0,0.0,0.0,0.0,0.0,0.0
506,5.06,-573.76575,948.85333,-430.833,489.887,-477.02072,30.935104,1.4186499288371125e-05,1.6987653543765192e-05,-0.00033002670970745386,-0.031237504445016384,-0.007751742284744978,-0.002308379311580211,-55.54008178710937,126.0335479736328,-865.76630859375,50653.378125,35007.9265625,1506.963720703125,4.132101011276245,0.6163870394229889,10.287000560760498,983.1975402832031,1051.8870178222655,-402.6706787109375,0.0,0.0,0.0,0.0,0.0,0.0,0.0,0.0,0.0,0.0,0.0,0.0
507,5.07,-559.36755,951.08813,-426.745,489.228,-476.61197,30.859495,4.919652456010226e-05,2.1972119066049343e-05,-0.000562738161534071,-0.05408373735845089,-0.01794075733050704,-0.006025662645697594,-53.68075332641602,116.32028350830078,-852.0702819824219,53325.599609375,34646.928515625,1148.154803466797,2.923153042793274,0.4712181448936462,7.2593930721282955,709.5695007324218,785.4476013183594,-292.5940643310547,0.0,0.0,0.0,0.0,0.0,0.0,0.0,0.0,0.0,0.0,0.0,0.0
508,5.08,-546.0082,952.9056,-421.734,488.96,-475.97592,31.10733,0.00010209200117969886,2.48930829911842e-05,-0.0008417328470386564,-0.08183183819055558,-0.032219160348176956,-0.011394949536770583,-51.23204383850098,106.9728630065918,-833.0215637207032,55955.153125,34023.303515625,761.1999877929687,1.8089996337890626,0.3842344582080841,4.516800498962402,468.7640808105469,532.0512176513672,-196.58810577392578,0.0,0.0,0.0,0.0,0.0,0.0,0.0,0.0,0.0,0.0,0.0,0.0
509,5.09,-533.14276,954.57043,-415.241,488.599,-476.1236,31.2671,0.0001734595134621486,2.2903699937160126e-05,-0.0011247596237808466,-0.11056143641471863,-0.05004835948348045,-0.018321491591632367,-48.39454383850098,98.2423484802246,-809.5037475585938,58589.087109375,33165.3830078125,370.4376876831055,0.9226310968399047,0.3358888864517212,2.3395882129669188,282.4908416748047,325.92851104736326,-123.14195327758789,0.0,0.0,0.0,0.0,0.0,0.0,0.0,0.0,0.0,0.0,0.0,0.0
510,5.1,-520.2747,956.50244,-408.657,488.689,-475.7264,31.245243,0.0002587500464869663,1.1983011995653215e-05,-0.0013284550164826213,-0.13235041052103041,-0.06928793229162693,-0.02614151779562235,-45.357758331298825,90.30911331176758,-782.6274047851563,61234.25234375,32110.2912109375,-4.7789051055908205,0.2958879224956036,0.3091348856687546,0.7942322790622711,154.61431884765625,177.86460342407227,-73.01520233154297,0.0,0.0,0.0,0.0,0.0,0.0,0.0,0.0,0.0,0.0,0.0,0.0
511,5.11,-508.588,957.93756,-403.475,488.945,-475.6408,31.43955,0.0003448337985901162,-1.293360805902921e-05,-0.0013152225059457124,-0.1339385390281677,-0.08534325584769249,-0.033289710059762,-42.24812965393066,83.27979431152343,-753.6527954101563,63865.747265625,30900.6951171875,-351.7910659790039,-0.09799268348142505,0.29172077476978303,-0.1869340568780899,78.36230964660645,83.22031860351562,-42.62004928588867,0.0,0.0,0.0,0.0,0.0,0.0,0.0,0.0,0.0,0.0,0.0,0.0
512,5.12,-496.468,959.5641,-399.31,489.532,-476.15826,31.98751,0.00040594669699203225,-5.737948558817152e-05,-0.0008844330150168389,-0.09577410891652108,-0.0902647003531456,-0.03693054728209973,-39.08189315795899,77.18563995361328,-723.9373718261719,66441.59296875,29580.628125,-661.0357971191406,-0.31148851960897445,0.2772155463695526,-0.7203719556331635,41.93534393310547,30.392068767547606,-26.743253898620605,0.0,0.0,0.0,0.0,0.0,0.0,0.0,0.0,0.0,0.0,0.0,0.0
513,5.13,-483.9209,961.0718,-395.399,489.988,-476.14804,32.567997,0.00039970303769223394,-0.00012609474069904535,0.000225264946493553,0.007901359302923083,-0.07203001119196414,-0.032632972858846185,-35.80770149230957,71.9746597290039,-694.8688903808594,68917.00703125,28195.6173828125,-924.6465698242188,-0.39937039017677306,0.2655123919248581,-0.9288360714912415,32.62071533203125,6.602934157848358,-20.57521629333496,0.0,0.0,0.0,0.0,0.0,0.0,0.0,0.0,0.0,0.0,0.0,0.0
514,5.14,-471.76694,962.6815,-391.05,490.785,-475.96555,33.025646,0.00026446459378348663,-0.0002208178964792751,0.0023127535823732615,0.2069769211113453,-0.014403883973136545,-0.01422948838735465,-32.40105628967285,67.53368072509765,-667.7332702636719,71257.92578125,26793.464453125,-1140.3428955078125,-0.40717150568962096,0.2586320251226425,-0.9361813724040985,39.21264533996582,0.6528310865163803,-20.583971786499024,0.0,0.0,0.0,0.0,0.0,0.0,0.0,0.0,0.0,0.0,0.0,0.0
515,5.15,-459.06656,964.05066,-388.204,490.965,-475.49152,33.502197,-7.984331078318974e-05,-0.0003369179525179788,0.005657809972763062,0.5301645904779434,0.10203747376799584,0.02592297235969454,-28.920458221435545,63.7085376739502,-643.5663940429688,73451.33515625,25421.7884765625,-1316.22490234375,-0.3682208299636841,0.2564889848232269,-0.842991155385971,52.61033744812012,4.0909603357315065,-24.190486335754393,0.0,0.0,0.0,0.0,0.0,0.0,0.0,0.0,0.0,0.0,0.0,0.0
516,5.16,-446.02313,965.24786,-384.709,491.885,-475.55835,34.1639,-0.0007244675682159141,-0.00045881010009907186,0.010416910331696273,0.995045793056488,0.2969328805804253,0.09598148576915264,-25.50948371887207,60.332466506958006,-623.0922973632812,75512.965625,24125.1775390625,-1469.8338745117187,-0.3052081137895584,0.2568673312664032,-0.7178461432456971,66.21508140563965,12.195644283294678,-29.471312522888184,0.0,0.0,0.0,0.0,0.0,0.0,0.0,0.0,0.0,0.0,0.0,0.0
517,5.17,-432.94864,966.158,-381.607,491.582,-476.51862,34.55342,-0.0017542671412229538,-0.0005544189596548676,0.016458684485405682,1.5921531081199647,0.5842906087636948,0.2025899201631546,-22.347592163085938,57.27508697509766,-606.7756408691406,77490.4953125,22943.0484375,-1620.5368530273438,-0.2359233319759369,0.25773701071739197,-0.6027508318424225,76.62681884765625,21.689787673950196,-34.611397171020506,0.0,0.0,0.0,0.0,0.0,0.0,0.0,0.0,0.0,0.0,0.0,0.0
518,5.18,-419.96198,966.64404,-378.031,492.238,-476.18124,35.419464,-0.003215549769811332,-0.0005694960826076567,0.02313274946063757,2.2623613834381104,0.9628608167171478,0.34740479588508605,-19.593161201477052,54.45929718017578,-594.9095764160156,79456.234375,21909.1345703125,-1784.1417602539063,-0.1730169326066971,0.25790923833847046,-0.5207350730895997,82.88879776000977,30.701610565185547,-38.810238647460935,0.0,0.0,0.0,0.0,0.0,0.0,0.0,0.0,0.0,0.0,0.0,0.0
519,5.19,-407.20212,966.8502,-372.902,491.823,-476.0424,36.001987,-0.005065430980175733,-0.0004234039515722543,0.0289802473038435,2.868237352371216,1.4021220088005066,0.521878781914711,-17.34734172821045,51.82619285583496,-587.6464782714844,81489.09765625,21048.9904296875,-1972.43359375,-0.12262976095080376,0.2556890994310379,-0.47880414724349973,85.8018310546875,38.96203269958496,-42.1294563293457,0.0,0.0,0.0,0.0,0.0,0.0,0.0,0.0,0.0,0.0,0.0,0.0
520,5.2,-394.34955,966.92017,-369.662,492.0,-475.3746,36.65395,-0.007100874977186322,-9.049129994309624e-06,0.03142024073749781,3.1624728441238403,1.824059283733368,0.700264173746109,-15.65753002166748,49.29151649475098,-584.9624145507812,83654.1078125,20377.0900390625,-2194.30576171875,-0.08619365245103836,0.2497309535741806,-0.4677047699689865,86.19559936523437,45.88597183227539,-44.7820686340332,0.0,0.0,0.0,0.0,0.0,0.0,0.0,0.0,0.0,0.0,0.0,0.0
521,5.21,-381.6107,966.6734,-365.725,491.7,-474.49182,37.208725,-0.008870100509375334,0.000799099582945928,0.026485745422542097,2.760366916656494,2.0823737144470216,0.8313117682933807,-14.542651271820068,46.73278541564942,-586.6465698242188,85990.196875,19897.76796875,-2456.7954833984377,-0.06188222020864487,0.23930397927761077,-0.47622489333152773,84.50200042724609,50.500087356567384,-46.97013053894043,0.0,0.0,0.0,0.0,0.0,0.0,0.0,0.0,0.0,0.0,0.0,0.0
522,5.22,-369.03326,966.59576,-361.132,492.396,-474.6682,38.144867,-0.009576993342489005,0.002123748289886862,0.008737562817987054,1.1286586418747901,1.9431052327156066,0.8299904227256775,-14.016963863372803,43.98790321350098,-592.3127624511719,88505.94453125,19608.025,-2766.02373046875,-0.04760980866849422,0.2230710804462433,-0.495344865322113,80.83857498168945,52.7566162109375,-48.540618133544925,0.0,0.0,0.0,0.0,0.0,0.0,0.0,0.0,0.0,0.0,0.0,0.0
523,5.23,-356.72675,966.00977,-356.875,492.237,-473.90918,38.743702,-0.008001366956159472,0.004044319991953671,-0.028449780493974685,-2.3904261142015457,1.0739667564630508,0.5717967122793197,-14.098717784881591,40.87481689453125,-601.4429748535156,91183.6375,19499.907421875,-3127.09306640625,-0.04383794479072094,0.20163260102272035,-0.5098321914672852,76.03026275634765,53.316253662109375,-49.388716506958005,0.0,0.0,0.0,0.0,0.0,0.0,0.0,0.0,0.0,0.0,0.0,0.0
524,5.24,-344.38507,965.307,-353.357,492.484,-474.12277,39.729332,-0.0024745883361902087,0.006531649921089411,-0.09196691326797009,-8.494085788726807,-0.9461031468585134,-0.10614745765924453,-14.797278594970702,37.228617095947264,-613.4664978027344,93990.99140625,19562.4896484375,-3542.582373046875,-0.05179154686629772,0.17640515863895417,-0.5065332412719726,71.49319686889649,52.665837097167966,-49.55600929260254,0.0,0.0,0.0,0.0,0.0,0.0,0.0,0.0,0.0,0.0,0.0,0.0
525,5.25,-332.06534,964.46106,-349.122,492.747,-474.16165,40.729507,0.009029686357825995,0.009354497864842415,-0.18709761947393416,-17.741418075561523,-4.581030178070068,-1.391143375635147,-16.100032806396484,32.916828346252444,-627.830859375,96892.559375,19783.381640625,-4012.24345703125,-0.06790238954126834,0.14997225105762482,-0.4854654878377914,68.03459930419922,51.542945861816406,-49.58438682556152,0.0,0.0,0.0,0.0,0.0,0.0,0.0,0.0,0.0,0.0,0.0,0.0
526,5.26,-319.99408,963.3016,-345.889,492.539,-474.36667,41.688774,0.028608980402350426,0.011960078403353691,-0.31437518894672395,-30.250910568237305,-10.235171842575074,-3.4602757930755614,-17.95989112854004,27.852159118652345,-644.075146484375,99862.6640625,20149.6072265625,-4533.62236328125,-0.08726365268230438,0.12450211346149445,-0.455824276804924,65.65203094482422,50.528668594360354,-49.97289962768555,0.0,0.0,0.0,0.0,0.0,0.0,0.0,0.0,0.0,0.0,0.0,0.0
527,5.27,-307.21936,962.41315,-342.041,492.255,-474.73557,42.592274,0.05785315409302712,0.013340884633362294,-0.46493537724018097,-45.24815826416015,-18.072567844390868,-6.416233777999878,-20.28886013031006,21.972459602355958,-661.8913024902344,102894.68203125,20648.446875,-5103.490234375,-0.10676702186465263,0.1018081970512867,-0.4246654391288757,65.3484603881836,50.16089973449707,-50.5737190246582,0.0,0.0,0.0,0.0,0.0,0.0,0.0,0.0,0.0,0.0,0.0,0.0
528,5.28,-295.4022,961.0364,-338.307,491.621,-474.57593,43.623623,0.09687570109963417,0.011915886215865612,-0.6143784582614898,-60.46179122924805,-27.739643096923828,-10.18547830581665,-22.970788383483885,15.235028076171876,-681.1395935058594,106003.790625,21268.6521484375,-5718.792236328125,-0.12418872267007827,0.08409387916326523,-0.40318104326725007,67.38802795410156,51.64275703430176,-51.33494834899902,0.0,0.0,0.0,0.0,0.0,0.0,0.0,0.0,0.0,0.0,0.0,0.0
529,5.29,-282.2515,960.348,-333.279,492.306,-474.9061,44.956577,0.14288561046123505,0.0054762587591540065,-0.7156239032745362,-71.41041946411133,-37.98565406799317,-14.374593544006348,-25.877824211120604,7.616646885871887,-701.7937438964843,109218.43515625,21998.965625,-6376.92802734375,-0.13735073804855347,0.0717700593173504,-0.3998219817876816,70.81032028198243,55.44770393371582,-52.102860641479495,0.0,0.0,0.0,0.0,0.0,0.0,0.0,0.0,0.0,0.0,0.0,0.0
530,5.3,-269.53024,959.2813,-328.908,492.654,-475.0443,46.45898,0.1883061036467552,-0.008726749505149201,-0.6920076966285705,-70.69734573364258,-46.20128860473633,-18.089605140686036,-28.884107208251955,-0.8933543711900711,-723.8083374023438,112560.16875,22824.1091796875,-7075.313330078125,-0.1438949078321457,0.06263186447322369,-0.4103840351104736,74.44186706542969,61.14611740112305,-52.61371383666992,0.0,0.0,0.0,0.0,0.0,0.0,0.0,0.0,0.0,0.0,0.0,0.0
531,5.31,-256.46655,958.00574,-323.524,492.959,-474.78537,48.16467,0.2185921147465706,-0.03364474307745695,-0.43297732025384905,-47.5375789642334,-47.94027862548828,-19.738950347900392,-31.877257537841796,-10.299630689620972,-746.9735900878907,116022.371875,23720.8251953125,-7810.456982421875,-0.14425326585769654,0.0543183371424675,-0.4279052376747131,77.96737442016601,67.49402542114258,-52.72179832458496,0.0,0.0,0.0,0.0,0.0,0.0,0.0,0.0,0.0,0.0,0.0,0.0
532,5.32,-243.13908,956.581,-318.674,492.279,-475.12354,49.43544,0.21013428270816803,-0.07171454988420009,0.20383861605077983,12.117865133285523,-36.555331802368165,-16.86538438796997,-34.7615852355957,-20.606666469573973,-770.8628356933593,119561.64609375,24657.0755859375,-8576.703515625,-0.14043376892805098,0.04768568389117718,-0.44734990000724795,80.93527603149414,72.17941207885742,-52.73555374145508,0.0,0.0,0.0,0.0,0.0,0.0,0.0,0.0,0.0,0.0,0.0,0.0
533,5.33,-229.73769,955.0824,-312.497,492.023,-475.0409,51.226143,0.1289767727255821,-0.12362194359302521,1.3788079619407654,124.33517684936524,-3.1684251546859743,-6.085868448019028,-37.45356330871582,-31.81698532104492,-794.8614013671875,123102.6609375,25594.269140625,-9364.665234375,-0.13253243714571,0.04422793015837669,-0.47375226616859434,82.75978775024414,74.15912094116212,-52.76656990051269,0.0,0.0,0.0,0.0,0.0,0.0,0.0,0.0,0.0,0.0,0.0,0.0
534,5.34,-216.33609,953.3378,-305.624,491.889,-474.43417,53.259834,-0.06848824169137516,-0.18643804043531417,3.237886381149292,304.15311737060546,62.699945259094235,16.740125274658205,-39.8766731262207,-43.917084503173825,-818.2386535644531,126550.0609375,26490.684375,-10160.14931640625,-0.12032884806394577,0.04360540732741356,-0.5029554694890976,83.52993774414062,74.19908065795899,-52.61389045715332,0.0,0.0,0.0,0.0,0.0,0.0,0.0,0.0,0.0,0.0,0.0,0.0
535,5.35,-202.74336,951.7176,-298.025,491.713,-474.1441,55.653175,-0.43119816333055494,-0.2511103942990303,5.854064893722534,559.981802368164,171.4144546508789,55.950198364257815,-41.95885543823242,-56.85506172180176,-840.2470092773438,129803.9234375,27305.4353515625,-10944.06396484375,-0.1049390934407711,0.04432125464081764,-0.5178721129894257,83.29241256713867,73.21464004516602,-52.12035369873047,0.0,0.0,0.0,0.0,0.0,0.0,0.0,0.0,0.0,0.0,0.0,0.0
536,5.36,-188.82837,949.78406,-289.202,491.262,-473.1478,58.141315,-1.0033771693706512,-0.2994724690914154,9.136036109924316,884.7572082519531,329.92440643310545,114.92907028198242,-43.636466598510744,-70.5290298461914,-860.1762145996094,132767.9265625,28001.7904296875,-11693.45498046875,-0.08905255943536758,0.044734952971339226,-0.513960212469101,82.03989105224609,71.35114517211915,-51.409936141967776,0.0,0.0,0.0,0.0,0.0,0.0,0.0,0.0,0.0,0.0,0.0,0.0
537,5.37,-175.05334,947.9434,-279.059,490.11,-471.9818,60.835964,-1.806468093395233,-0.3012382239103317,12.701276397705078,1243.5149536132812,536.4005493164062,194.1669479370117,-44.8645824432373,-84.79885635375976,-877.3128356933594,135341.765625,28548.4654296875,-12383.88525390625,-0.07566734105348587,0.04532179422676563,-0.5046926081180573,80.58979644775391,68.21565628051758,-50.47206611633301,0.0,0.0,0.0,0.0,0.0,0.0,0.0,0.0,0.0,0.0,0.0,0.0
538,5.38,-161.02477,946.1346,-269.334,489.146,-471.36804,63.873566,-2.8110308408737184,-0.21189307123422624,15.719048690795898,1557.8300537109376,772.51455078125,288.377131652832,-45.62154884338379,-99.50062866210938,-890.8564270019531,137406.346875,28918.807421875,-12991.211328125,-0.06610755100846291,0.04627637304365635,-0.5057500541210175,79.52000350952149,63.66884422302246,-49.37647895812988,0.0,0.0,0.0,0.0,0.0,0.0,0.0,0.0,0.0,0.0,0.0,0.0
539,5.39,-146.70627,944.4152,-257.595,487.864,-469.94098,67.213905,-3.8977933645248415,0.02702294752234593,16.743301963806154,1688.9594848632812,993.5143859863281,382.67286682128906,-45.900103378295896,-114.44266738891602,-899.8507080078125,138812.5515625,29088.33125,-13492.00029296875,-0.05906572230160236,0.04923132210969925,-0.520906126499176,78.79582214355469,58.594404220581055,-48.35705757141113,0.0,0.0,0.0,0.0,0.0,0.0,0.0,0.0,0.0,0.0,0.0,0.0
540,5.4,-132.4226,942.80817,-245.426,486.22,-468.66983,70.629906,-4.809616136550903,0.48306994140148163,13.577391242980957,1423.65361328125,1117.0727661132812,448.0931121826172,-45.687834930419925,-129.3743034362793,-903.1704345703125,139379.734375,29032.2291015625,-13862.4998046875,-0.05249857120215893,0.05522300899028778,-0.5456811249256134,79.07976150512695,54.72985496520996,-47.50581359863281,0.0,0.0,0.0,0.0,0.0,0.0,0.0,0.0,0.0,0.0,0.0,0.0
541,5.41,-117.87701,941.38727,-232.432,484.783,-467.06357,74.818054,-5.100588274002075,1.2206879794597625,3.2423158049583436,469.52591171264646,1013.18447265625,437.24089965820315,-44.94840965270996,-143.93869323730468,-899.5549987792969,138902.015625,28724.04296875,-14076.862109375,-0.04413494430482388,0.06183724887669086,-0.5787678182125091,80.58059234619141,53.17071800231933,-46.47885513305664,0.0,0.0,0.0,0.0,0.0,0.0,0.0,0.0,0.0,0.0,0.0,0.0
542,5.42,-103.329636,939.83215,-218.78,482.627,-465.0407,79.33554,-4.095227169990539,2.278406190872192,-17.844065761566164,-1529.5740783691406,499.2151870727539,281.48392486572266,-43.61683731079101,-157.6219451904297,-887.6593322753906,137158.7875,28135.4640625,-14105.93916015625,-0.031788912974298,0.06622473895549774,-0.6140673100948334,82.24506912231445,53.68795318603516,-45.292535400390626,0.0,0.0,0.0,0.0,0.0,0.0,0.0,0.0,0.0,0.0,0.0,0.0
543,5.43,-88.08258,938.7162,-204.362,480.839,-462.56717,84.19917,-0.8798820078372955,3.6325254440307617,-53.33293991088867,-4944.041967773437,-653.5137434482574,-107.94661808013916,-41.61031913757324,-169.71874542236327,-866.1242370605469,133927.5921875,27237.3009765625,-13918.3330078125,-0.016141584515571593,0.06948976889252663,-0.6375449061393738,82.73426895141601,55.296622848510744,-44.42562751770019,0.0,0.0,0.0,0.0,0.0,0.0,0.0,0.0,0.0,0.0,0.0,0.0
544,5.44,-72.76112,937.94836,-189.29,478.826,-459.78638,89.841866,5.640622448921204,5.145695590972901,-105.88517227172852,-10057.885107421875,-2692.744982910156,-831.6181457519531,-38.84716873168945,-179.32103729248047,-833.6667663574219,128999.734375,26001.5546875,-13483.05615234375,-0.0003265534382080659,0.07352524623274803,-0.6415768742561341,82.84054412841797,57.02841796875,-44.10475311279297,0.0,0.0,0.0,0.0,0.0,0.0,0.0,0.0,0.0,0.0,0.0,0.0
545,5.45,-57.485466,936.60376,-175.022,475.642,-456.06726,95.79584,16.57675199508667,6.502212190628052,-175.41864624023438,-16899.85712890625,-5826.990625,-1982.0376098632812,-35.27658309936523,-185.35857696533202,-789.2179565429688,122203.06875,24405.596484375,-12774.55625,0.014747197926044463,0.07814931645989417,-0.6257265031337738,84.1029899597168,57.788500213623045,-44.46593399047852,0.0,0.0,0.0,0.0,0.0,0.0,0.0,0.0,0.0,0.0,0.0,0.0
546,5.46,-41.445644,935.9066,-158.585,473.95,-451.58307,102.6447,32.68743209838867,7.1638177871704105,-256.84704132080077,-25022.9783203125,-10129.912255859375,-3604.356884765625,-30.91434383392334,-186.70498962402343,-732.1526672363282,113438.9765625,22439.319921875,-11780.70732421875,0.030799411609768866,0.08080795481801033,-0.5920145452022553,86.64208984375,57.17933883666992,-45.60314025878906,0.0,0.0,0.0,0.0,0.0,0.0,0.0,0.0,0.0,0.0,0.0,0.0
547,5.47,-25.139837,935.0358,-141.081,470.817,-446.18143,109.91437,53.42248115539551,6.523949003219604,-341.45192260742186,-33630.9828125,-15492.22314453125,-5604.270654296875,-25.879768562316894,-182.34639739990234,-662.6075073242188,102735.03203125,20114.885546875,-10512.87109375,0.04843057505786419,0.07886161431670188,-0.5479930222034455,89.43963470458985,55.298152923583984,-47.2127269744873,0.0,0.0,0.0,0.0,0.0,0.0,0.0,0.0,0.0,0.0,0.0,0.0
548,5.48,-8.47048,934.36597,-122.618,468.561,-438.9795,117.99095,76.0510238647461,4.179927587509155,-423.49364318847654,-42199.081640625,-21717.2359375,-7669.690478515625,-20.428744316101074,-171.62129821777344,-581.8761840820313,90304.56953125,17478.8974609375,-9016.59453125,0.06849571093916892,0.06980998888611793,-0.5069134324789047,91.47964553833008,53.46631965637207,-48.85397186279297,0.0,0.0,0.0,0.0,0.0,0.0,0.0,0.0,0.0,0.0,0.0,0.0
549,5.49,8.266995,933.7536,-101.634,463.852,-430.65128,125.92114,97.2946762084961,-0.049069935083389284,-500.1415130615234,-50458.310546875,-28586.4892578125,-9437.905078125,-14.959169006347656,-154.53797149658203,-492.66529846191406,76581.48125,14621.9580078125,-7377.6998046875,0.09301681369543076,0.05334900207817554,-0.4838020622730255,91.64625473022461,52.38130836486816,-50.37111854553223,0.0,0.0,0.0,0.0,0.0,0.0,0.0,0.0,0.0,0.0,0.0,0.0
550,5.5,25.554182,933.3056,-79.6265,462.015,-419.18283,134.85095,115.89066085815429,-6.124774289131165,-569.8671813964844,-58226.05,-35926.496875,-10755.1130859375,-9.959393215179443,-132.00713806152345,-399.15281066894534,62223.416796875,11679.989453125,-5714.5853515625,0.12280273586511611,0.03269201498478651,-0.47838990688323973,90.20662536621094,52.14969444274902,-51.56192398071289,0.0,0.0,0.0,0.0,0.0,0.0,0.0,0.0,0.0,0.0,0.0,0.0
551,5.51,43.178474,932.8295,-55.6966,457.565,-406.3534,143.34917,131.79557876586915,-13.56727466583252,-631.6880065917969,-65318.821484375,-43512.389453125,-11627.18583984375,-5.867637825012207,-105.87694625854492,-306.7965911865234,48074.205859375,8824.5037109375,-4153.690209960938,0.15721431076526643,0.013167836517095566,-0.4820269852876663,88.11825103759766,52.67793197631836,-51.93326644897461,0.0,0.0,0.0,0.0,0.0,0.0,0.0,0.0,0.0,0.0,0.0,0.0
552,5.52,61.657383,933.0335,-29.0442,453.994,-390.98776,151.88124,144.39698181152343,-21.452098083496093,-685.0307189941407,-71562.31171875,-50986.70859375,-12073.1240234375,-2.9072425723075868,-78.72412338256837,-221.63921051025392,35047.3083984375,6237.941552734375,-2798.6427490234373,0.19289613664150237,-0.0010750706598628313,-0.4845681130886078,86.3185188293457,53.21583518981934,-51.160569763183595,0.0,0.0,0.0,0.0,0.0,0.0,0.0,0.0,0.0,0.0,0.0,0.0
553,5.53,78.58194,932.4088,-2.90997,448.158,-373.7666,159.67413,153.0313735961914,-28.918578338623046,-729.7878967285156,-76857.02890625,-58003.3015625,-12137.85029296875,-1.026939794421196,-53.329908752441405,-148.9120895385742,23911.1982421875,4070.7813720703125,-1710.3556396484375,0.22550393342971803,-0.009634536365047098,-0.48767323791980743,85.6507080078125,53.29935836791992,-49.61276130676269,0.0,0.0,0.0,0.0,0.0,0.0,0.0,0.0,0.0,0.0,0.0,0.0
554,5.54,94.594475,931.59125,23.2147,441.922,-355.57782,166.5023,157.4892349243164,-35.61203384399414,-766.00830078125,-81174.79609375,-64309.858203125,-11855.23662109375,0.0005728088319301606,-31.963734436035157,-91.44290695190429,15059.87568359375,2396.15400390625,-905.6946044921875,0.24986365139484407,-0.013739586714655161,-0.5004868388175965,86.19362716674804,52.84330673217774,-48.10956993103027,0.0,0.0,0.0,0.0,0.0,0.0,0.0,0.0,0.0,0.0,0.0,0.0
555,5.55,110.148254,931.40314,51.3339,436.488,-336.22537,172.75476,157.8794738769531,-41.53661956787109,-793.6011779785156,-84509.7390625,-69740.834375,-11233.4310546875,0.43826139271259307,-15.814412593841553,-49.25396194458008,8477.18583984375,1200.8879272460938,-365.4559616088867,0.26499669551849364,-0.01477073049172759,-0.5212767660617829,87.89183654785157,52.745304107666016,-47.200558471679685,0.0,0.0,0.0,0.0,0.0,0.0,0.0,0.0,0.0,0.0,0.0,0.0
556,5.56,124.58565,931.6596,79.4255,430.507,-315.51126,179.08801,154.5473602294922,-46.59533348083496,-812.5902954101563,-86863.421875,-74222.5359375,-10310.4919921875,0.5289874374866486,-4.912190341949463,-20.53504991531372,3898.601806640625,416.2744140625,-41.59876996278763,0.27396459877491,-0.014533703960478307,-0.5381463527679443,90.39735946655273,53.66810150146485,-47.096866607666016,0.0,0.0,0.0,0.0,0.0,0.0,0.0,0.0,0.0,0.0,0.0,0.0
557,5.57,137.63773,931.89923,107.742,426.052,-293.74612,185.94664,148.11339569091797,-50.62040061950684,-823.4170349121093,-88269.5234375,-77781.465625,-9151.5837890625,0.4660863369703293,1.5097790271043778,-2.717029106616974,965.2764297485352,-47.48011093139648,126.71021270751953,0.27868643403053284,-0.014695101603865623,-0.54884113073349,92.9991828918457,55.751776123046874,-47.87101364135742,0.0,0.0,0.0,0.0,0.0,0.0,0.0,0.0,0.0,0.0,0.0,0.0
558,5.58,150.8424,932.4788,136.183,424.142,-270.98923,192.37494,139.39861297607422,-53.46710968017578,-827.0334289550781,-88807.36796875,-80525.44375,-7831.6376953125,0.35697760581970217,4.578514933586121,6.861811709403992,-693.3178825378418,-278.0087524414063,192.6657516479492,0.28129449784755706,-0.016803704760968687,-0.5550185084342957,94.68666000366211,59.53267936706543,-49.53569984436035,0.0,0.0,0.0,0.0,0.0,0.0,0.0,0.0,0.0,0.0,0.0,0.0
559,5.59,164.15071,933.242,163.928,424.076,-247.08377,198.80711,129.2921569824219,-54.95868148803711,-824.7077880859375,-88583.05546875,-82604.071875,-6441.7462890625,0.2442619353532791,5.431885385513306,10.702694511413574,-1436.780859375,-352.55979614257814,196.06772003173828,0.28376384973526003,-0.024390248395502568,-0.5477994322776795,95.56588439941406,64.74877891540527,-51.429680252075194,0.0,0.0,0.0,0.0,0.0,0.0,0.0,0.0,0.0,0.0,0.0,0.0
560,5.6,177.63092,934.3145,191.977,425.859,-223.75012,205.22055,118.6189956665039,-54.961341857910156,-817.766162109375,-87714.15625,-84174.26171875,-5075.709326171875,0.14756515398621559,5.010218286514283,10.982890129089355,-1591.6205078125,-335.0502502441406,166.74964752197266,0.28529547452926635,-0.0389402013272047,-0.521994411945343,96.513818359375,70.00975036621094,-52.9095516204834,0.0,0.0,0.0,0.0,0.0,0.0,0.0,0.0,0.0,0.0,0.0,0.0
561,5.61,190.95773,935.271,219.558,427.658,-199.5331,210.70544,108.01865997314454,-53.50255088806152,-807.353173828125,-86316.70859375,-85371.50546875,-3808.3821044921874,0.07443233355879783,3.9993666887283323,9.386729717254639,-1419.0808837890625,-272.95050659179685,125.24293441772461,0.2857034504413605,-0.05728984884917736,-0.4791760504245758,97.15382232666016,74.21389923095703,-54.07245559692383,0.0,0.0,0.0,0.0,0.0,0.0,0.0,0.0,0.0,0.0,0.0,0.0
562,5.62,204.07666,936.4264,247.699,430.123,-174.00795,215.81584,97.87835083007812,-50.816274642944336,-794.2774658203125,-84493.909375,-86291.025,-2682.1649658203123,0.025011490005999802,2.8455592155456544,7.0781165599823,-1105.4462646484376,-197.7494644165039,84.04225463867188,0.28509116768836973,-0.07669519484043122,-0.42365974485874175,96.13601455688476,77.18144149780274,-55.03862762451172,0.0,0.0,0.0,0.0,0.0,0.0,0.0,0.0,0.0,0.0,0.0,0.0
563,5.63,217.36635,937.8784,276.046,433.052,-146.7089,219.55293,88.40524749755859,-47.275360107421875,-779.0174133300782,-82332.225,-86992.73125,-1712.7241088867188,-0.004378556384472177,1.801030969619751,4.768766283988953,-768.9166076660156,-127.72402420043946,49.527592468261716,0.2838407218456268,-0.09597202837467193,-0.36842826902866366,92.77769165039062,79.05231628417968,-55.83250465393066,0.0,0.0,0.0,0.0,0.0,0.0,0.0,0.0,0.0,0.0,0.0,0.0
564,5.64,230.13234,939.195,304.937,436.087,-117.93669,221.52913,79.73504104614258,-43.30027275085449,-761.8637756347656,-79909.60546875,-87520.915625,-899.5787536621094,-0.018805782496929168,0.9782394468784332,2.824970316886902,-473.93320922851564,-71.45745735168457,23.92194719314575,0.2827614337205887,-0.11369649469852447,-0.32158188819885253,87.58330535888672,79.78294830322265,-56.86272277832031,0.0,0.0,0.0,0.0,0.0,0.0,0.0,0.0,0.0,0.0,0.0,0.0
565,5.65,243.24257,940.6543,334.29,439.309,-87.78962,221.02203,71.92634811401368,-39.301443862915036,-743.0769104003906,-77304.84375,-87914.4234375,-226.2943021774292,-0.023248607851564886,0.39990788102149966,1.3772591590881347,-247.06743927001952,-31.185610580444337,6.957354664802551,0.28322515487670896,-0.12747046500444412,-0.2842485308647156,82.01242446899414,79.24449310302734,-58.44520111083985,0.0,0.0,0.0,0.0,0.0,0.0,0.0,0.0,0.0,0.0,0.0,0.0
566,5.66,255.6864,941.8156,363.043,442.651,-57.182396,219.61732,64.96548156738281,-35.59922332763672,-723.0616882324218,-74604.16953125,-88216.76015625,331.814527130127,-0.021850507892668247,0.03899066359736025,0.4141817331314087,-91.19641304016113,-5.524347412586212,-2.8732921183109283,0.2862023115158081,-0.13486456274986267,-0.2516705185174942,76.99072265625,77.44800567626953,-60.12417068481445,0.0,0.0,0.0,0.0,0.0,0.0,0.0,0.0,0.0,0.0,0.0,0.0
567,5.67,268.29895,943.43884,391.652,446.725,-26.03714,216.4846,58.80611457824707,-32.34888954162598,-702.5390869140625,-71908.61796875,-88488.5546875,793.9492309570312,-0.017668819054961205,-0.15287790969014167,-0.14694721440318972,3.449238193035126,8.553625535964965,-7.475819206237793,0.2926371663808823,-0.13473168313503264,-0.22527522146701812,72.2640380859375,74.601416015625,-61.4345947265625,0.0,0.0,0.0,0.0,0.0,0.0,0.0,0.0,0.0,0.0,0.0,0.0
568,5.68,280.77643,944.61676,418.565,450.963,5.679403,212.20326,53.36954956054687,-29.558982276916502,-682.5065246582031,-69329.053125,-88804.471875,1173.631396484375,-0.01271760519593954,-0.22736876308918,-0.4123605489730835,51.59742279052735,14.441291522979736,-8.659199905395507,0.3027240693569183,-0.12784550935029984,-0.2191990479826927,67.87169952392578,71.28605651855469,-62.13473892211914,0.0,0.0,0.0,0.0,0.0,0.0,0.0,0.0,0.0,0.0,0.0,0.0
569,5.69,292.8126,945.705,444.629,456.39,37.864777,206.80269,48.54929313659668,-27.14978141784668,-663.9545837402344,-66963.14140625,-89233.8140625,1482.8442626953124,-0.008155030896887183,-0.229665707051754,-0.48357291221618653,68.19345092773438,15.182139587402343,-7.895929431915283,0.3142827898263931,-0.11318008750677108,-0.24469008147716523,64.06034317016602,68.0192985534668,-61.94069900512695,0.0,0.0,0.0,0.0,0.0,0.0,0.0,0.0,0.0,0.0,0.0,0.0
570,5.7,305.37262,946.7269,470.078,461.907,72.061676,199.57722,44.22799987792969,-24.997170448303223,-647.59462890625,-64873.52421875,-89820.3984375,1733.2282104492188,-0.004515383415855468,-0.19445524960756302,-0.44358565509319303,65.92627258300782,13.157580280303955,-6.252062559127808,0.3232187360525131,-0.09315219894051552,-0.29946036636829376,61.169162368774415,64.97945785522461,-60.733611297607425,0.0,0.0,0.0,0.0,0.0,0.0,0.0,0.0,0.0,0.0,0.0,0.0
571,5.71,317.32236,947.9448,494.124,468.823,107.44925,190.98264,40.273488998413086,-22.976701927185058,-633.7526794433594,-63082.32421875,-90576.4,1938.9613891601562,-0.0019273061654530466,-0.14552677497267724,-0.3527229934930801,54.313319778442384,10.031039237976074,-4.415615391731262,0.3270247370004654,-0.07539044916629792,-0.37374094426631926,59.29266586303711,62.459143447875974,-58.93722496032715,0.0,0.0,0.0,0.0,0.0,0.0,0.0,0.0,0.0,0.0,0.0,0.0
572,5.72,329.02606,949.256,517.744,476.26,143.08957,181.89114,36.54440078735352,-21.007868385314943,-622.4199584960937,-61580.441015625,-91493.11640625,2118.5032592773437,-0.0002903567621615366,-0.09729351848363876,-0.2500830262899399,39.73216438293457,6.832956409454345,-2.771085262298584,0.3266021817922592,-0.06784365475177764,-0.454069110751152,58.364719009399415,60.80938034057617,-56.978759384155275,0.0,0.0,0.0,0.0,0.0,0.0,0.0,0.0,0.0,0.0,0.0,0.0
573,5.73,341.66162,950.21545,539.128,481.582,180.5983,171.49667,32.916204643249515,-19.08434600830078,-613.3958923339844,-60344.5734375,-92561.07734375,2293.830419921875,0.0005978551867883653,-0.057060860097408295,-0.15764775574207307,25.93437557220459,4.104825854301453,-1.4858834743499756,0.3243738949298859,-0.07428621426224709,-0.5288401544094086,58.279470443725586,60.12873649597168,-55.41418380737305,0.0,0.0,0.0,0.0,0.0,0.0,0.0,0.0,0.0,0.0,0.0,0.0
574,5.74,353.62238,951.21497,560.988,488.345,218.77896,160.40604,29.30538101196289,-17.275836181640624,-606.4457946777344,-59353.164453125,-93788.59296875,2487.6193359375,0.0009601015131920576,-0.02731963451951742,-0.0851097971200943,14.725985431671143,2.0507755517959594,-0.5892039865255356,0.31964140236377714,-0.09196808561682701,-0.58871990442276,58.726893997192384,60.15068397521973,-54.381015396118165,0.0,0.0,0.0,0.0,0.0,0.0,0.0,0.0,0.0,0.0,0.0,0.0
575,5.75,365.87335,952.06256,582.339,494.434,258.29578,148.63531,25.672488594055174,-15.695603370666504,-601.4056091308594,-58594.6015625,-95209.82265625,2718.8779052734376,0.000994340400211513,-0.00768891709158197,-0.03430308643728495,6.625880742073059,0.66901595890522,-0.034502926748245955,0.31205004155635835,-0.1142810508608818,-0.6315072894096374,59.3185317993164,60.7408088684082,-53.83104782104492,0.0,0.0,0.0,0.0,0.0,0.0,0.0,0.0,0.0,0.0,0.0,0.0
576,5.76,377.29712,952.72034,602.663,499.965,298.81482,136.49245,22.004393768310546,-14.457510948181152,-598.2176208496094,-58066.994921875,-96880.796875,2999.789404296875,0.0008543956093490124,0.0036293603770900518,-0.0027276959852315487,1.408495692908764,-0.14790339535102248,0.25635540038347243,0.3029589086771011,-0.13504257351160048,-0.6492545545101166,60.27616920471191,62.012533569335936,-53.874029541015624,0.0,0.0,0.0,0.0,0.0,0.0,0.0,0.0,0.0,0.0,0.0,0.0
577,5.77,389.74185,953.24146,621.553,504.15396,340.66687,124.10528,18.287804985046385,-13.643081665039062,-596.9072692871093,-57773.18046875,-98866.7671875,3335.46591796875,0.0006470094085671008,0.008877461962401866,0.013949917536228896,-1.4990111410617828,-0.5447681784629822,0.3653792589902878,0.2946417897939682,-0.15168884247541428,-0.6389862895011902,61.2972469329834,63.96316757202148,-54.49675369262695,0.0,0.0,0.0,0.0,0.0,0.0,0.0,0.0,0.0,0.0,0.0,0.0
578,5.78,402.1167,953.7436,639.502,508.18597,383.78497,111.815636,14.484951210021972,-13.28237600326538,-597.5284729003906,-57714.973046875,-101224.18359375,3726.4596923828126,0.00043778678809758276,0.010170886665582657,0.020320004597306252,-2.7573802709579467,-0.6626307249069214,0.36357449293136596,0.2892136424779892,-0.16304760575294494,-0.6129800498485565,61.5395320892334,66.29410934448242,-55.22755317687988,0.0,0.0,0.0,0.0,0.0,0.0,0.0,0.0,0.0,0.0,0.0,0.0
579,5.79,414.3522,953.53186,656.562,511.58304,426.89185,100.35234,10.508417797088622,-13.35009479522705,-600.1200256347656,-57888.868359375,-103983.99921875,4172.914624023438,0.0002607722009997815,0.009224695712327957,0.02037753015756607,-2.9678781270980834,-0.6182717442512512,0.3050349116325378,0.287662148475647,-0.16791568100452423,-0.5828839898109436,61.06479988098145,69.25226135253907,-55.878910827636716,0.0,0.0,0.0,0.0,0.0,0.0,0.0,0.0,0.0,0.0,0.0,0.0
580,5.8,426.74664,953.30646,671.283,514.688,471.15912,90.112854,6.209443664550781,-13.773408889770508,-604.6977722167969,-58285.54453125,-107143.8375,4677.917724609375,0.00012837775429943576,0.0072761641815304754,0.017178157530725,-2.605896162986755,-0.49747954308986664,0.2265815332531929,0.290750789642334,-0.1664225861430168,-0.5513219237327576,61.162940216064456,72.3195556640625,-56.531385803222655,0.0,0.0,0.0,0.0,0.0,0.0,0.0,0.0,0.0,0.0,0.0,0.0
581,5.81,439.49887,952.92816,684.713,516.755,515.55896,80.58504,1.3964812271296978,-14.4505934715271,-611.2767272949219,-58894.696875,-110673.52265625,5248.14814453125,3.9919035953062124e-05,0.00512069221585989,0.012810089997947216,-2.006734836101532,-0.3565032571554184,0.1503141313791275,0.29875301420688627,-0.15897592902183533,-0.5172637343406677,62.25682754516602,74.03085479736328,-57.28708038330078,0.0,0.0,0.0,0.0,0.0,0.0,0.0,0.0,0.0,0.0,0.0,0.0
582,5.82,452.4271,952.4905,696.482,518.314,559.7847,72.62627,-4.121665525436401,-15.279551792144776,-619.8819458007813,-59709.28984375,-114525.640625,5892.8599609375,-1.1918023062662542e-05,0.0032003006199374795,0.008532887045294046,-1.3804872512817383,-0.22748104482889175,0.08725653439760209,0.3119433015584946,-0.14655005186796188,-0.4807123303413391,64.43692321777344,73.43975677490235,-57.92827796936035,0.0,0.0,0.0,0.0,0.0,0.0,0.0,0.0,0.0,0.0,0.0,0.0
583,5.83,465.41116,951.4733,706.517,518.391,604.4703,65.99381,-10.484627628326416,-16.18288106918335,-630.5078674316406,-60724.03203125,-118640.4484375,6621.80625,-3.669944853754714e-05,0.0017051571165211498,0.004980187420733273,-0.8395374059677124,-0.12505368068814277,0.04098725933581591,0.3304238021373749,-0.1313091717660427,-0.4435803174972534,67.63578186035156,70.37557830810547,-58.220366668701175,0.0,0.0,0.0,0.0,0.0,0.0,0.0,0.0,0.0,0.0,0.0,0.0
584,5.84,478.29874,950.2855,715.232,517.063,647.88544,60.89726,-17.74716854095459,-17.116987228393555,-643.0596862792969,-61930.186328125,-122946.34375,7443.113232421875,-4.363407788332552e-05,0.0006657180842012167,0.0023631929652765393,-0.4281904250383377,-0.05253961458802223,0.010687201761174946,0.3504291087388992,-0.1164675772190094,-0.41547844409942625,71.45405883789063,65.62383804321288,-58.35530395507813,0.0,0.0,0.0,0.0,0.0,0.0,0.0,0.0,0.0,0.0,0.0,0.0
585,5.85,491.3403,948.48505,725.285,514.609,690.01807,57.29494,-25.87830638885498,-18.0734001159668,-657.3181335449219,-63311.2609375,-127362.3484375,8363.015380859375,-4.02877718443051e-05,2.5443667618674225e-05,0.0006422962738724891,-0.14870440773665905,-0.0069061759044416245,-0.006595500744879246,0.3671466916799545,-0.10451820865273476,-0.3974371075630188,74.50448074340821,60.15311965942383,-58.242933654785155,0.0,0.0,0.0,0.0,0.0,0.0,0.0,0.0,0.0,0.0,0.0,0.0
586,5.86,504.9675,946.60803,734.543,510.912,730.8437,55.225456,-34.78427658081055,-19.081995582580568,-672.9237182617187,-64840.23984375,-131800.5015625,9386.321875,-3.218222009309102e-05,-0.00030800624954281376,-0.0003448735363690503,0.018653140240348875,0.017666347417980434,-0.014442264940589667,0.3771996110677719,-0.09610165283083916,-0.3835241079330444,76.00225524902343,54.541059494018555,-57.459323501586915,0.0,0.0,0.0,0.0,0.0,0.0,0.0,0.0,0.0,0.0,0.0,0.0
587,5.87,518.0861,943.79297,744.962,506.818,769.6223,54.73648,-44.33338508605957,-20.202522659301756,-689.3640625,-66476.0265625,-136164.08125,10514.46171875,-2.291244218213251e-05,-0.00043075880385003986,-0.0007981200295034796,0.10180208683013917,0.027509432658553122,-0.016190904937684537,0.38075901865959166,-0.09005348831415176,-0.3738104522228241,75.84964599609376,48.85003128051758,-55.87739448547363,0.0,0.0,0.0,0.0,0.0,0.0,0.0,0.0,0.0,0.0,0.0,0.0
588,5.88,531.95917,940.8943,755.723,502.352,805.1401,55.373676,-54.386729049682614,-21.500695610046385,-705.9535583496094,-68158.8953125,-140340.0140625,11743.58505859375,-1.4512540474242996e-05,-0.00042565752228256314,-0.0009048452309798449,0.12845054343342782,0.028214581683278082,-0.014525004383176564,0.3830664813518524,-0.0854048453271389,-0.37090634405612943,74.44252166748046,43.296509170532225,-53.872000503540036,0.0,0.0,0.0,0.0,0.0,0.0,0.0,0.0,0.0,0.0,0.0,0.0
589,5.89,545.9502,938.00433,767.478,497.887,839.022,56.780037,-64.83025093078614,-23.019870376586915,-721.8388305664063,-69808.99140625,-144191.2578125,13064.0099609375,-7.891211589594605e-06,-0.0003555843752110377,-0.0008163754711858929,0.12180710732936859,0.024106570705771446,-0.011366312857717276,0.38762526512145995,-0.08193782046437263,-0.38169789910316465,72.54955673217773,37.98373031616211,-51.7616828918457,0.0,0.0,0.0,0.0,0.0,0.0,0.0,0.0,0.0,0.0,0.0,0.0
590,5.9,560.4242,935.5626,779.226,494.292,869.6567,58.825264,-75.58814239501953,-24.76157150268555,-736.0554626464843,-71331.0078125,-147558.2140625,14460.89619140625,-3.2341486871700908e-06,-0.00026318711024941877,-0.0006414975097868592,0.09908786714076996,0.01817315360531211,-0.007940105022862553,0.39523427188396454,-0.07890568673610687,-0.4037652015686035,70.04885406494141,33.0143705368042,-49.892647933959964,0.0,0.0,0.0,0.0,0.0,0.0,0.0,0.0,0.0,0.0,0.0,0.0
591,5.91,575.2115,933.64484,790.752,492.004,897.93854,60.98987,-86.6189353942871,-26.68434886932373,-747.6163391113281,-72623.771875,-150270.5140625,15915.5482421875,-3.2563701495291754e-07,-0.00017394522292306646,-0.00044987361470703033,0.07169772163033486,0.01224077008664608,-0.004919169144704938,0.40484640300273894,-0.07613395377993584,-0.4335870921611786,65.98768043518066,29.612909889221193,-48.68867721557617,0.0,0.0,0.0,0.0,0.0,0.0,0.0,0.0,0.0,0.0,0.0,0.0
592,5.92,589.7742,932.3872,801.236,490.829,922.6331,62.521175,-97.88898620605468,-28.715984535217284,-755.5919250488281,-73589.56484375,-152161.1859375,17405.104296875,1.2223781368447818e-06,-0.00010046779134427197,-0.0002799982525175437,0.04624459110200405,0.007248946046456694,-0.0025854332954622803,0.4156505256891251,-0.07330487221479416,-0.4798902988433838,60.533107376098634,28.984677696228026,-48.10393104553223,0.0,0.0,0.0,0.0,0.0,0.0,0.0,0.0,0.0,0.0,0.0,0.0
593,5.93,603.8526,931.1391,811.518,490.455,943.08136,63.510754,-109.33684692382812,-30.77246379852295,-759.1342529296875,-74138.2125,-153074.240625,18901.141796875,1.8251298456561927e-06,-4.6744138853682673e-05,-0.00014823039091425017,0.025821278057992458,0.0035320271737873552,-0.000975056306924671,0.42795521318912505,-0.06997479051351548,-0.5473562061786652,54.854153060913085,30.835994911193847,-47.95312232971192,0.0,0.0,0.0,0.0,0.0,0.0,0.0,0.0,0.0,0.0,0.0,0.0
594,5.94,617.6111,930.06305,822.551,490.33,958.9365,62.94371,-120.85181732177735,-32.76402587890625,-757.4762573242188,-74186.71640625,-152866.7203125,20368.7259765625,1.8460375599715916e-06,-1.1696619873191594e-05,-5.6948251949506815e-05,0.011222009500488638,0.0010600144363706932,7.979905967658852e-06,0.4417901813983917,-0.06536839976906776,-0.6250872254371643,49.6815803527832,34.47290191650391,-47.987771606445314,0.0,0.0,0.0,0.0,0.0,0.0,0.0,0.0,0.0,0.0,0.0,0.0
595,5.95,631.1897,929.0552,836.097,490.536,971.55597,60.982655,-132.25988006591797,-34.582420349121094,-749.9477111816407,-73658.88125,-151411.80625,21763.9263671875,1.5642762377865439e-06,8.188579909074178e-06,-9.60151419349131e-07,0.0019325438974192367,-0.00037979165254000693,0.000512482930207625,0.45689573884010315,-0.05987434834241867,-0.6903133869171143,45.25902557373047,39.36405715942383,-47.96253356933594,0.0,0.0,0.0,0.0,0.0,0.0,0.0,0.0,0.0,0.0,0.0,0.0
596,5.96,645.02545,928.1465,851.75,490.72,982.24677,58.328403,-143.30345916748047,-36.08733444213867,-735.99267578125,-72486.07265625,-148603.31875,23030.934375,1.1714403171936283e-06,1.7121880864579e-05,2.79976062302012e-05,-0.0031530681764706968,-0.001060384337324649,0.000690840691095218,0.4704531341791153,-0.05423774644732475,-0.7287159979343414,42.45885047912598,44.52579002380371,-47.91557388305664,0.0,0.0,0.0,0.0,0.0,0.0,0.0,0.0,0.0,0.0,0.0,0.0
597,5.97,659.18396,927.3818,868.37,490.796,990.57684,54.764614,-153.60900268554687,-37.10983238220215,-715.1741455078125,-70608.4265625,-144358.43125,24100.2404296875,7.837047462544433e-07,1.900493480206933e-05,3.845981009362731e-05,-0.0052699647843837735,-0.001242520404048264,0.0006731361267156899,0.4788044899702072,-0.049587149173021317,-0.7433792233467102,41.40444374084473,49.15204086303711,-47.93060035705567,0.0,0.0,0.0,0.0,0.0,0.0,0.0,0.0,0.0,0.0,0.0,0.0
598,5.98,673.7,926.9581,883.838,490.221,995.94824,50.509308,-162.65489044189454,-37.46601943969726,-687.1598022460937,-67975.065625,-138615.790625,24887.59296875,4.600328395554243e-07,1.696228537184652e-05,3.774832621274982e-05,-0.005524033540859818,-0.0011393420048989356,0.000557363883126527,0.4796334534883499,-0.047050924971699715,-0.746814227104187,41.75752143859863,54.11690101623535,-47.717986297607425,0.0,0.0,0.0,0.0,0.0,0.0,0.0,0.0,0.0,0.0,0.0,0.0
599,5.99,689.1613,926.5752,898.861,488.957,997.571,45.774857,-169.75513610839843,-36.976527786254884,-651.71337890625,-64546.458203125,-131334.39140625,25294.6484375,2.2060958713154832e-07,1.3223553014540813e-05,3.140077005809871e-05,-0.004779427265748382,-0.0009057201386895031,0.0004094811709364876,0.47397973835468293,-0.047152554616332054,-0.7445273280143738,43.321563720703125,59.726729202270505,-47.010446548461914,0.0,0.0,0.0,0.0,0.0,0.0,0.0,0.0,0.0,0.0,0.0,0.0
600,6.0,704.69385,926.2653,914.738,487.853,997.5602,41.98391,-174.07527923583984,-35.489674758911136,-608.7161987304687,-60300.769921875,-122500.259375,25214.3845703125,6.24702360951801e-08,9.204623756886576e-06,2.3159300144470763e-05,-0.0036389951594173906,-0.0006420047837309539,0.0002685109153389931,0.4639223724603653,-0.05094189941883087,-0.7340167999267578,46.303462219238284,65.16876335144043,-45.81222076416016,0.0,0.0,0.0,0.0,0.0,0.0,0.0,0.0,0.0,0.0,0.0,0.0
601,6.01,720.4528,926.46954,927.397,487.301,996.1877,40.10223,-174.70011138916016,-32.9099817276001,-558.2426940917969,-55245.3265625,-112145.09453125,24543.746875,-2.879058529359213e-08,5.678363277183962e-06,1.5249341322487453e-05,-0.0024756227387115358,-0.00040459407027810813,0.00015343485356424935,0.452624249458313,-0.060339194163680075,-0.713615208864212,50.62308616638184,69.98589782714843,-44.71746711730957,0.0,0.0,0.0,0.0,0.0,0.0,0.0,0.0,0.0,0.0,0.0,0.0
602,6.02,736.3937,927.8813,939.95,489.799,1003.6328,42.047726,-170.7746795654297,-29.233509254455566,-500.7289245605469,-49434.4703125,-100378.18984375,23206.563671875,-7.118176874598703e-08,2.9643403649970425e-06,8.763334426475921e-06,-0.001484792516566813,-0.00021833648643223568,6.991588525124825e-05,0.44306913018226624,-0.07387917265295982,-0.6887824356555938,56.014845275878905,73.79287261962891,-44.486488342285156,0.0,0.0,0.0,0.0,0.0,0.0,0.0,0.0,0.0,0.0,0.0,0.0
603,6.03,752.60724,929.7297,959.859,491.605,1016.14716,42.689278,-161.71075592041015,-24.597393798828126,-437.1759521484375,-42989.294921875,-87421.90234375,21184.412890625,-8.171255885258689e-08,1.098266892540778e-06,4.037699682157836e-06,-0.0007397387671517208,-8.791081236267929e-05,1.586708098102463e-05,0.4345452755689621,-0.0870809555053711,-0.6674047589302063,61.50829811096192,76.15825958251953,-45.36437797546387,0.0,0.0,0.0,0.0,0.0,0.0,0.0,0.0,0.0,0.0,0.0,0.0
604,6.04,768.4997,931.7122,972.355,491.583,1022.1274,42.895287,-147.36170654296876,-19.33520851135254,-369.22157897949216,-36106.31171875,-73626.53046875,18542.502734375,-7.418264615921544e-08,-3.58476205164493e-08,9.665795630109387e-07,-0.0002391950460150838,-6.877297641949553e-06,-1.4455030714088934e-05,0.4243051767349243,-0.09735064432024956,-0.6423179030418396,65.98696365356446,76.77097396850586,-47.34986457824707,0.0,0.0,0.0,0.0,0.0,0.0,0.0,0.0,0.0,0.0,0.0,0.0
605,6.05,783.75336,933.8009,980.051,491.396,1023.49603,42.71826,-128.17143936157225,-13.957005310058594,-299.1488067626953,-29050.63046875,-59466.915234375,15437.43740234375,-5.8553755621915116e-08,-6.136638887710433e-07,-7.666589212362851e-07,5.623456277135119e-05,3.5903821481042544e-05,-2.776510755211348e-05,0.40795851945877076,-0.10534711554646492,-0.6014667332172394,69.1946189880371,75.72522659301758,-50.1409309387207,0.0,0.0,0.0,0.0,0.0,0.0,0.0,0.0,0.0,0.0,0.0,0.0
606,6.06,798.3276,936.15765,986.608,491.727,1021.60333,41.91261,-105.30654220581054,-9.018040943145753,-229.86493682861328,-22140.96796875,-45535.5328125,12102.6083984375,-4.1234492798025714e-08,-8.13708089708598e-07,-1.536919239697454e-06,0.00019932093273382633,5.2225281615392304e-05,-3.0213495665520896e-05,0.38391152024269104,-0.11112624481320381,-0.5441373825073242,69.87013473510743,73.03850784301758,-52.949398803710935,0.0,0.0,0.0,0.0,0.0,0.0,0.0,0.0,0.0,0.0,0.0,0.0
607,6.07,812.10046,939.40106,993.762,493.089,1019.08026,41.12458,-80.67304306030273,-4.965710163116455,-164.85829162597656,-15732.62158203125,-32529.2890625,8816.68095703125,-2.5789904611883684e-08,-7.876918743932038e-07,-1.6896784018172184e-06,0.00024135431740432978,5.234711607045028e-05,-2.668562938197283e-05,0.35474676489830015,-0.11406180486083031,-0.487808832526207,67.29994201660156,68.43847732543945,-55.25443000793457,0.0,0.0,0.0,0.0,0.0,0.0,0.0,0.0,0.0,0.0,0.0,0.0
608,6.08,824.90045,942.69855,1002.69995,494.288,1017.8524,40.17947,-56.68910789489746,-2.0242834091186523,-107.87614822387695,-10181.423388671876,-21183.641015625,5855.817919921875,-1.3757136496650445e-08,-6.494910735455051e-07,-1.500530322573468e-06,0.00022473593417089434,4.4115015043644235e-05,-2.06420243557659e-05,0.3237779468297958,-0.1140786960721016,-0.4452763497829437,63.25124244689941,62.81729431152344,-56.602091217041014,0.0,0.0,0.0,0.0,0.0,0.0,0.0,0.0,0.0,0.0,0.0,0.0
609,6.09,837.4088,946.09143,1010.82,495.328,1017.91943,39.227356,-35.71089820861816,-0.16313338540494443,-62.03416786193848,-5764.131396484375,-12098.05673828125,3432.50908203125,-5.386414758667968e-09,-4.754707902066002e-07,-1.1654444620035065e-06,0.0001805748004699126,3.288928928668611e-05,-1.4261738033383154e-05,0.29482667446136473,-0.10922181606292725,-0.42041471004486086,59.20443496704102,57.38169822692871,-56.53861503601074,0.0,0.0,0.0,0.0,0.0,0.0,0.0,0.0,0.0,0.0,0.0,0.0
610,6.1,849.8143,949.28455,1019.3499,496.47,1019.10736,38.829407,-19.289713382720947,0.8241433441638947,-28.667097282409667,-2582.4341674804687,-5515.518334960938,1644.1179626464843,-2.2620069220491424e-10,-3.105963259031341e-07,-8.083711350082013e-07,0.00012924069887958466,2.1902156549913344e-05,-8.719232937437482e-06,0.26966952085494994,-0.09872496277093887,-0.4170783221721649,56.152653503417966,53.09521903991699,-54.979282760620116,0.0,0.0,0.0,0.0,0.0,0.0,0.0,0.0,0.0,0.0,0.0,0.0
611,6.11,862.1374,952.3545,1026.41,497.239,1021.05853,38.66513,-7.784762287139893,1.2015538573265077,-6.95779627636075,-536.2971625328064,-1254.9340141296386,463.4952163696289,2.4645483653884525e-09,-1.7655292054996609e-07,-4.965662270706161e-07,8.235040731960908e-05,1.2778770997101675e-05,-4.486013881432882e-06,0.24853760600090027,-0.08274622336030006,-0.4352178514003754,54.280785369873044,50.651712799072264,-51.90555839538574,0.0,0.0,0.0,0.0,0.0,0.0,0.0,0.0,0.0,0.0,0.0,0.0
612,6.12,875.1223,955.26715,1033.04,498.231,1021.8171,38.70616,-0.6319660887122154,1.205334770679474,5.31405109167099,601.4109741210938,1135.9701049804687,-217.37383670806884,3.458400321676436e-09,-7.961210926055174e-08,-2.5745950438249565e-07,4.517654269875493e-05,6.059941483727016e-06,-1.5972006167430663e-06,0.23171931505203247,-0.06254153326153755,-0.46588454842567445,53.517646408081056,49.9533016204834,-47.479183197021484,0.0,0.0,0.0,0.0,0.0,0.0,0.0,0.0,0.0,0.0,0.0,0.0
613,6.13,888.66394,958.10767,1038.22,498.952,1020.9304,39.086624,3.1482536792755127,1.0162858545780182,10.785808563232422,1091.4585021972657,2186.0761840820314,-533.2332794189454,3.4217235045375103e-09,-1.7121395534669403e-08,-9.36438695475772e-08,1.889221084638848e-05,1.6428930166512147e-06,1.4216837378455694e-07,0.21872367560863495,-0.040685508772730826,-0.4969868689775467,54.24919242858887,49.757659149169925,-42.70826606750488,0.0,0.0,0.0,0.0,0.0,0.0,0.0,0.0,0.0,0.0,0.0,0.0
614,6.14,902.56287,960.824,1043.1,498.924,1020.48706,39.3384,4.5942949771881105,0.7579831421375275,11.89191131591797,1170.63603515625,2379.951025390625,-611.2467651367188,2.860656267422712e-09,1.7742794611308455e-08,5.477064091152784e-09,2.3754352696414573e-06,-8.89986023544509e-07,1.014537969012963e-06,0.2096603512763977,-0.021011523716151715,-0.5138423860073089,56.79140663146973,49.486444091796876,-39.05478363037109,0.0,0.0,0.0,0.0,0.0,0.0,0.0,0.0,0.0,0.0,0.0,0.0
615,6.15,916.2901,963.11194,1048.24,498.221,1021.52405,39.203705,4.610276603698731,0.5049796044826508,10.57663516998291,1025.8766052246094,2102.57802734375,-554.5277648925781,2.1186978060860896e-09,3.2868780763806174e-08,5.560643820956557e-08,-6.498773291241377e-06,-2.052115689821221e-06,1.3026070064370288e-06,0.20448132753372192,-0.004476116807200015,-0.5130097389221191,60.798260879516604,49.10274047851563,-37.416642379760745,0.0,0.0,0.0,0.0,0.0,0.0,0.0,0.0,0.0,0.0,0.0,0.0
616,6.16,929.5748,965.1002,1052.65,497.633,1022.8893,39.23616,3.8879669666290284,0.2947927460074425,8.223986291885376,788.8408813476562,1626.7019287109374,-437.4771331787109,1.4012404125907096e-09,3.544272928479586e-08,7.258651635311253e-08,-1.003473335003946e-05,-2.324852925994492e-06,1.2444094636521186e-06,0.20307974070310592,0.008786106551997363,-0.4957904011011124,65.11282272338867,48.187203598022464,-37.87747802734375,0.0,0.0,0.0,0.0,0.0,0.0,0.0,0.0,0.0,0.0,0.0,0.0
617,6.17,942.3491,966.70557,1057.06,497.6,1022.998,39.387386,2.900265073776245,0.13994051218032838,5.7104085922241214,541.8894744873047,1124.1030822753905,-307.93365478515625,8.100751291983954e-10,3.115085327465294e-08,6.982082112472199e-08,-1.026389109028969e-05,-2.0967850332453962e-06,1.017281363147049e-06,0.20492081046104432,0.016969753336161374,-0.46451320350170133,68.85787887573242,46.02992134094238,-39.84486846923828,0.0,0.0,0.0,0.0,0.0,0.0,0.0,0.0,0.0,0.0,0.0,0.0
618,6.18,954.4314,968.05206,1062.94,497.47,1022.99585,39.473057,1.9325287818908692,0.03809516630135477,3.512328267097473,328.9677703857422,687.3959289550781,-192.48979949951172,3.7756099913188733e-10,2.4006621224259562e-08,5.733426107212836e-08,-8.755402359383879e-06,-1.6471941876261554e-06,7.392292786789767e-07,0.20909852236509324,0.018112693913280964,-0.4193756878376007,71.9314193725586,42.33599967956543,-42.61772155761719,0.0,0.0,0.0,0.0,0.0,0.0,0.0,0.0,0.0,0.0,0.0,0.0
619,6.19,965.97064,969.0386,1070.27,497.144,1023.22314,39.37757,1.1284096181392669,-0.020340245071565732,1.8248721599578857,167.29319610595704,353.7892120361328,-102.59305419921876,9.520719815823975e-11,1.652692196429939e-08,4.182494954818594e-08,-6.591934334210237e-06,-1.154871790731704e-06,4.790364812379267e-07,0.2165333017706871,0.012402388267219067,-0.3657133489847183,74.15634613037109,37.55550193786621,-45.502611541748045,0.0,0.0,0.0,0.0,0.0,0.0,0.0,0.0,0.0,0.0,0.0,0.0
620,6.2,976.8591,970.1746,1076.07,497.579,1023.8112,39.50723,0.5358893036842346,-0.0471819281578064,0.6675194919109344,57.6035514831543,126.08962898254394,-40.08497657775879,-6.514878029412196e-11,1.005983980562064e-08,2.7218011489082984e-08,-4.434299762579031e-06,-7.185762967765186e-07,2.6926165190843677e-07,0.22751511484384537,0.0024867179978173225,-0.32325918674468995,74.48565521240235,32.96499443054199,-47.9727481842041,0.0,0.0,0.0,0.0,0.0,0.0,0.0,0.0,0.0,0.0,0.0,0.0
621,6.21,987.1497,970.9951,1080.35,498.358,1023.5176,40.096138,0.1461247805505991,-0.05351552516222,-0.03370639327913523,-7.958963108062744,-11.040568768978119,-1.5731046676635743,-1.3732787823572679e-10,5.138500824841685e-09,1.5389916274699545e-08,-2.6215596335532608e-06,-3.802406240538403e-07,1.1866700617702009e-07,0.24163467586040496,-0.008419795846566557,-0.30665743052959443,72.78474502563476,30.054043197631835,-49.70504264831543,0.0,0.0,0.0,0.0,0.0,0.0,0.0,0.0,0.0,0.0,0.0,0.0
622,6.22,998.22125,972.4951,1083.14,499.43,1022.8717,40.739307,-0.0775617806299124,-0.04829420261085034,-0.38914278745651243,-40.429412269592284,-79.84395027160645,18.490341567993163,-1.5270307240911052e-10,1.7922617778776128e-09,6.865771595698788e-09,-1.2735078939840605e-06,-1.4591658086260396e-07,2.2383110098722624e-08,0.2582203418016434,-0.016686737630516292,-0.3126015216112137,69.2148941040039,30.186438941955565,-50.73780822753906,0.0,0.0,0.0,0.0,0.0,0.0,0.0,0.0,0.0,0.0,0.0,0.0
623,6.23,1008.73694,973.56555,1087.03,500.536,1022.6127,41.668766,-0.1803572341799736,-0.03795528449118137,-0.5103506147861481,-50.728965759277344,-102.59110794067382,25.882960319519043,-1.3641661272822959e-10,-2.1335951391060482e-10,1.3922073107634076e-09,-3.7814489743936975e-07,-2.236416429823862e-09,-3.0701270503641355e-08,0.27530070543289187,-0.020836696587502958,-0.3322819173336029,64.72020950317383,34.322189521789554,-51.1782901763916,0.0,0.0,0.0,0.0,0.0,0.0,0.0,0.0,0.0,0.0,0.0,0.0
624,6.24,1018.97656,974.6087,1089.83,500.742,1022.6791,42.12029,-0.20466607809066772,-0.02662166766822338,-0.49184266328811643,-47.98966293334961,-98.03809432983398,25.5850830078125,-1.0642109277148038e-10,-1.2114338754365407e-09,-1.6445212636106986e-09,1.4243496657684318e-07,7.204073213529227e-08,-5.314809428114131e-08,0.2907668501138687,-0.020841005817055704,-0.3487020343542099,60.64917640686035,41.70570106506348,-50.75781517028808,0.0,0.0,0.0,0.0,0.0,0.0,0.0,0.0,0.0,0.0,0.0,0.0
625,6.25,1029.4274,975.75055,1091.6,501.266,1022.57965,42.7132,-0.18474202305078508,-0.01657217536121607,-0.40438432395458224,-38.97598991394043,-80.16073760986328,21.37768135070801,-7.412533434281166e-11,-1.5329778335626544e-09,-2.9463173900623475e-09,3.8770099308749195e-07,9.884059366527254e-08,-5.627517296602491e-08,0.3046001821756363,-0.016668300610035658,-0.34526466727256777,57.7047779083252,49.70942916870117,-49.414603042602536,0.0,0.0,0.0,0.0,0.0,0.0,0.0,0.0,0.0,0.0,0.0,0.0
626,6.26,1039.9019,976.89734,1094.29,501.742,1022.4224,43.342743,-0.1452174589037895,-0.008775776159018278,-0.29530975222587585,-28.162464141845703,-58.26085891723633,15.82554359436035,-4.576361442576449e-11,-1.4554990657167366e-09,-3.149219685028015e-09,4.524551627582696e-07,9.696697915728691e-08,-4.8966824195417755e-08,0.31517174243927004,-0.009534109197556973,-0.3256751835346222,56.11587982177734,55.934122467041014,-47.5568130493164,0.0,0.0,0.0,0.0,0.0,0.0,0.0,0.0,0.0,0.0,0.0,0.0
627,6.27,1049.9413,977.7604,1098.24,502.581,1022.2912,44.05393,-0.10187148377299308,-0.0033739789738319813,-0.19239740073680878,-18.136407375335693,-37.761618041992186,10.461319732666016,-2.3920061244242508e-11,-1.1850021186532444e-09,-2.7545950187501943e-09,4.140760125892484e-07,8.06378821494036e-08,-3.744756114087977e-08,0.32100415229797363,-0.0039146075723692775,-0.30040706396102906,56.14575881958008,59.94431991577149,-45.822517013549806,0.0,0.0,0.0,0.0,0.0,0.0,0.0,0.0,0.0,0.0,0.0,0.0
628,6.28,1060.3826,978.3604,1102.19,502.699,1022.40393,44.57329,-0.06342789754271508,-6.014796381350607e-05,-0.10896269530057907,-10.104201126098634,-21.231247329711913,6.043779563903809,-8.891346816794487e-12,-8.580604005103964e-10,-2.115076647157821e-09,3.287167402277191e-07,5.945897427750424e-08,-2.5587113583469546e-08,0.3222429543733597,-0.002856730902567506,-0.2792557030916214,58.09415130615234,62.285474395751955,-44.35801048278809,0.0,0.0,0.0,0.0,0.0,0.0,0.0,0.0,0.0,0.0,0.0,0.0
629,6.29,1071.1384,978.9187,1105.83,503.051,1022.4249,45.135796,-0.03359823618084192,0.001654333365149796,-0.0487699918448925,-4.370583724975586,-9.362201309204101,2.8132943153381347,2.4975548362847314e-13,-5.538844494168415e-10,-1.4508980128447035e-09,2.327122061274167e-07,3.9140812546634154e-08,-1.5430502209312635e-08,0.3198313683271408,-0.005546460580080748,-0.2770270645618439,61.13113594055176,62.369599151611325,-43.386335372924805,0.0,0.0,0.0,0.0,0.0,0.0,0.0,0.0,0.0,0.0,0.0,0.0
630,6.3,1081.5771,979.2765,1109.67,503.47,1022.3174,45.800648,-0.01292712870053947,0.0022742846747860314,-0.010073165598441847,-0.7281134780496359,-1.772124208509922,0.7054378390312195,4.913234055714533e-12,-3.096202932928449e-10,-8.79275763310261e-10,1.4644337440472554e-07,2.2485065542809934e-08,-7.759897080461542e-09,0.3157823711633682,-0.009215226769447327,-0.290617498755455,63.464663696289065,59.56083984375,-42.92373352050781,0.0,0.0,0.0,0.0,0.0,0.0,0.0,0.0,0.0,0.0,0.0,0.0
631,6.31,1092.0128,979.03204,1112.71,503.027,1022.49286,46.359753,-0.00024354240740649403,0.002232869598083198,0.011432336922734977,1.261295360326767,2.4137412548065185,-0.49082626923918726,6.534033860847166e-12,-1.348859191008245e-10,-4.458510977078944e-10,7.885343471514261e-08,1.035283805350673e-08,-2.5837943617990076e-09,0.3116980820894241,-0.012954300921410321,-0.30804011821746824,64.26054916381835,54.28205528259277,-42.90964241027832,0.0,0.0,0.0,0.0,0.0,0.0,0.0,0.0,0.0,0.0,0.0,0.0
632,6.32,1102.0403,979.01373,1116.18,503.05396,1022.71936,46.749847,0.006320694228634238,0.0018577471375465394,0.02068527862429619,2.084975242614746,4.184874320030213,-1.0285235285758971,6.332562078881221e-12,-2.361224145895624e-11,-1.5220777485613902e-10,3.158381911561037e-08,2.470380722381649e-09,4.887076323484285e-10,0.3066899120807648,-0.01765903327614069,-0.32231995165348054,63.86259536743164,47.722679138183594,-43.77327270507813,0.0,0.0,0.0,0.0,0.0,0.0,0.0,0.0,0.0,0.0,0.0,0.0
633,6.33,1112.4597,978.92377,1118.99,503.45404,1022.7288,47.2856,0.008696402702480555,0.0013703747186809777,0.022168139927089214,2.1783749580383303,4.432989597320557,-1.14218909740448,5.225464765751253e-12,3.737907657008766e-11,2.2988781147800784e-11,2.259139125770915e-09,-1.9765565101304005e-09,1.9920560534458787e-09,0.2980145335197449,-0.023022348061203957,-0.3305985778570175,62.81103096008301,42.0680347442627,-45.456381225585936,0.0,0.0,0.0,0.0,0.0,0.0,0.0,0.0,0.0,0.0,0.0,0.0
634,6.34,1122.6697,978.44385,1122.9,503.573,1022.90393,47.84819,0.00854068472981453,0.0009024779486935586,0.019418360106647013,1.8812492847442628,3.858204555511475,-1.0196812748908997,3.827855068506969e-12,6.283583341148979e-11,1.0948384698838964e-10,-1.318624898161147e-08,-3.951284921477338e-09,2.4498659545457714e-09,0.28560565412044525,-0.028461632318794727,-0.34610083401203157,61.97176513671875,39.00010795593262,-47.2318603515625,0.0,0.0,0.0,0.0,0.0,0.0,0.0,0.0,0.0,0.0,0.0,0.0
635,6.35,1132.277,977.93964,1127.08,504.192,1022.7604,48.471214,0.007107234233990312,0.0005187429924262688,0.014926629327237605,1.4302817463874817,2.9511189699172973,-0.7950755536556244,2.502239756542457e-12,6.597641599714876e-11,1.366366297883559e-10,-1.904337061375827e-08,-4.341163339915966e-09,2.297207601920093e-09,0.2745106428861618,-0.03336574360728264,-0.38377833664417266,61.68910598754883,38.97580413818359,-48.10308570861817,0.0,0.0,0.0,0.0,0.0,0.0,0.0,0.0,0.0,0.0,0.0,0.0
636,6.36,1142.0486,977.36786,1129.94,503.931,1022.51483,48.82725,0.005243537202477455,0.00023911452735774218,0.010250421147793532,0.971622359752655,2.016801452636719,-0.5535314202308654,1.4237186082843856e-12,5.7137782352723043e-11,1.2895553236358382e-10,-1.903927060453725e-08,-3.853864516401018e-09,1.8546561952881291e-09,0.27009889781475066,-0.0372189573943615,-0.4398427754640579,61.90425338745117,41.76982498168945,-47.632422256469724,0.0,0.0,0.0,0.0,0.0,0.0,0.0,0.0,0.0,0.0,0.0,0.0
637,6.37,1151.9536,976.8584,1133.46,503.87604,1022.0958,49.259773,0.0034537968458607793,5.7357541652436336e-05,0.006220279354602098,0.5816835761070251,1.2165224075317382,-0.34154697358608244,6.432258697029736e-13,4.3536447016934154e-11,1.0456969179450937e-10,-1.602024779501221e-08,-2.992478642660501e-09,1.3330817227874547e-09,0.2735159307718277,-0.03940589241683483,-0.500670313835144,62.25101585388184,46.257531356811526,-46.111881256103516,0.0,0.0,0.0,0.0,0.0,0.0,0.0,0.0,0.0,0.0,0.0,0.0
638,6.38,1161.7762,975.98224,1136.02,503.55,1021.91614,49.79629,0.0019857043400406836,-4.524429841694655e-05,0.0031611413694918157,0.2888898625969887,0.6120156973600388,-0.1783613421022892,1.397421606293863e-13,2.963995247157181e-11,7.545345528936487e-11,-1.1928450049936146e-08,-2.0751192320034305e-09,8.534974782481441e-10,0.28080948889255525,-0.04034022204577923,-0.5518898844718934,62.11368255615234,49.9422046661377,-44.002882385253905,0.0,0.0,0.0,0.0,0.0,0.0,0.0,0.0,0.0,0.0,0.0,0.0
639,6.39,1171.2594,975.1337,1138.83,503.407,1021.3308,50.47436,0.0009157282242085784,-9.086317077162675e-05,0.0010863231465918944,0.09247216377407312,0.20402144268155098,-0.06614044271409511,-1.414410167493215e-13,1.779360365647409e-11,4.8517134407233266e-11,-7.93308840840723e-09,-1.2743243238411139e-09,4.715106749486608e-10,0.287670424580574,-0.040968398377299306,-0.5867421507835389,61.58594284057617,50.90105438232422,-41.999005508422854,0.0,0.0,0.0,0.0,0.0,0.0,0.0,0.0,0.0,0.0,0.0,0.0
640,6.4,1181.0597,974.6826,1142.08,503.40598,1021.1298,51.166298,0.00022012666591137987,-9.993592902901582e-05,-0.00015329694069805556,-0.023236722545698286,-0.03821837147697806,0.0020771257753949613,-2.6369607181424977e-13,8.879185667970413e-12,2.697062746748191e-11,-4.62043705518056e-09,-6.603930791104773e-10,2.0026597047362316e-10,0.2918079823255539,-0.04048435427248478,-0.6088866353034973,61.531029891967776,48.707806777954104,-40.323509979248044,0.0,0.0,0.0,0.0,0.0,0.0,0.0,0.0,0.0,0.0,0.0,0.0
641,6.41,1190.799,973.8928,1146.0,503.116,1021.3392,51.87604,-0.00017263775480387268,-8.876823922037147e-05,-0.0007667846221011132,-0.07908637113869191,-0.15679364055395126,0.03684560786932707,-2.8481114222687204e-13,2.8857871496069942e-12,1.1611356494356517e-11,-2.1839516306521034e-09,-2.3988417224840576e-10,2.8978206054360023e-11,0.29353035390377047,-0.03721344918012619,-0.6143714606761932,62.431548309326175,44.19055252075195,-38.70699768066406,0.0,0.0,0.0,0.0,0.0,0.0,0.0,0.0,0.0,0.0,0.0,0.0
642,6.42,1200.5385,973.14545,1149.87,502.921,1021.0416,52.7829,-0.00034735748486127707,-6.89565345965093e-05,-0.0009609184984583407,-0.09528893530368805,-0.1929549515247345,0.048895372077822685,-2.505443281227565e-13,-6.550623734988487e-13,1.869179105861373e-12,-5.843280165285236e-10,1.4477089319009373e-11,-6.374034980383136e-11,0.29293036460876465,-0.031074969470500945,-0.6021366834640502,64.10199661254883,39.104762649536134,-37.39965400695801,0.0,0.0,0.0,0.0,0.0,0.0,0.0,0.0,0.0,0.0,0.0,0.0
643,6.43,1210.7167,972.35175,1154.68,502.55502,1021.6701,53.505714,-0.0003822086175205186,-4.7836836893111466e-05,-0.0009085348749067635,-0.08852584809064865,-0.18098464757204055,0.047347086295485494,-1.9321362679279934e-13,-2.3730133526592145e-12,-3.4393106526815763e-12,3.3126183428267007e-10,1.4305076012632866e-10,-1.0134348360502087e-10,0.2922343909740448,-0.02204887755215168,-0.5689008951187133,66.31442108154297,35.25840339660645,-36.602446746826175,0.0,0.0,0.0,0.0,0.0,0.0,0.0,0.0,0.0,0.0,0.0,0.0
644,6.44,1220.7251,971.4773,1159.81,502.26404,1021.47,54.712177,-0.000339575600810349,-2.9390753479674458e-05,-0.0007376197201665491,-0.07101869471371174,-0.1461476355791092,0.03904800862073898,-1.3310112764015024e-13,-2.8808696747595342e-12,-5.625519581414773e-12,7.498376308756605e-10,1.8653386751887878e-10,-1.0463150484918415e-10,0.2940949469804764,-0.012026304751634598,-0.5111154317855835,68.51699676513672,34.25489463806152,-36.217677688598634,0.0,0.0,0.0,0.0,0.0,0.0,0.0,0.0,0.0,0.0,0.0,0.0
645,6.45,1231.4584,970.92,1167.14,502.34402,1021.9514,55.63207,-0.00026383286458440123,-1.5243148936860962e-05,-0.0005328034050762654,-0.050757917761802676,-0.10506599023938179,0.028590726666152477,-8.108267881981948e-14,-2.6856644078782077e-12,-5.85890888755991e-12,8.463756251408939e-10,1.7934806417763127e-10,-8.974354107071925e-11,0.2982757866382599,-0.0037068274279590694,-0.4382954567670822,69.52578353881836,36.018700408935544,-36.02388725280762,0.0,0.0,0.0,0.0,0.0,0.0,0.0,0.0,0.0,0.0,0.0,0.0
646,6.46,1241.8511,969.9782,1174.28,501.86496,1022.2349,57.15724,-0.00018305732373846695,-5.548884064410231e-06,-0.00034299976541660724,-0.03229087702929974,-0.0672811970114708,0.018680094834417106,-4.1471285363052154e-14,-2.1596689497513365e-12,-5.0505993918342765e-12,7.619295472327536e-10,1.472319766104846e-10,-6.786323031304775e-11,0.3027636706829071,0.0022070464852731674,-0.3639382243156433,67.87592086791992,39.346245193481444,-36.242977905273435,0.0,0.0,0.0,0.0,0.0,0.0,0.0,0.0,0.0,0.0,0.0,0.0
647,6.47,1252.1654,968.85645,1181.28,501.14703,1021.9589,58.907764,-0.00011249191084061749,3.1803120918993956e-07,-0.00019099584751529618,-0.017672944627702237,-0.03717990033328533,0.010621122596785427,-1.4519979643412345e-14,-1.5468313153792212e-12,-3.834423425476407e-12,5.977491168707161e-10,1.0737841796282233e-10,-4.5852486738051645e-11,0.30798761546611786,0.0074148280546069145,-0.29101007282733915,63.48209991455078,42.5677604675293,-36.72334632873535,0.0,0.0,0.0,0.0,0.0,0.0,0.0,0.0,0.0,0.0,0.0,0.0
648,6.48,1262.6733,967.78986,1189.74,500.17398,1023.15686,60.3716,-5.836116906721145e-05,3.2861370527825783e-06,-8.252585066657048e-05,-0.0073516788892447945,-0.015801495127379894,0.004791824100539088,1.6471380100350234e-15,-9.864224834090635e-13,-2.601113985659098e-12,4.18561291182229e-10,6.985904840717261e-11,-2.7262399629468526e-11,0.31607254445552824,0.01276035476475954,-0.21617118120193482,58.09812622070312,44.23900871276855,-36.522177124023436,0.0,0.0,0.0,0.0,0.0,0.0,0.0,0.0,0.0,0.0,0.0,0.0
649,6.49,1273.5232,966.799,1198.35,499.302,1023.0311,62.576675,-2.126339950336842e-05,4.292501034797169e-06,-1.3641721039903132e-05,-0.0008765086851781235,-0.00229854354984127,0.0010333778809581418,9.704043039910964e-15,-5.417888631221307e-13,-1.5544164913561253e-12,2.60045908417883e-10,3.948582762841601e-11,-1.3377959070387523e-11,0.3291206330060959,0.01733552012592554,-0.14059828743338584,53.314734268188474,43.8970344543457,-34.838399505615236,0.0,0.0,0.0,0.0,0.0,0.0,0.0,0.0,0.0,0.0,0.0,0.0
650,6.5,1284.2567,965.82965,1208.32,497.533,1024.1803,64.22969,1.1925702835924313e-06,4.130092293053167e-06,2.396047157162684e-05,0.0025938251172192396,0.005012883106246591,-0.0010640713822795077,1.2311606015946069e-14,-2.271765322517036e-13,-7.695868139805107e-13,1.372842853286649e-10,1.760213043031089e-11,-4.114643630155623e-12,0.3467569351196289,0.018449005857110023,-0.08034934028983116,50.00545997619629,42.66399383544922,-31.799809837341307,0.0,0.0,0.0,0.0,0.0,0.0,0.0,0.0,0.0,0.0,0.0,0.0
651,6.51,1295.0553,964.7751,1218.44,496.178,1025.3042,66.65585,1.2557089667097898e-05,3.3920902069439762e-06,3.950991085730493e-05,0.003968284977599978,0.007980249123647809,-0.001974589319434017,1.1702320393909473e-14,-2.9312175516688075e-14,-2.43848958224064e-13,5.237030843707746e-11,3.5538838529536604e-12,1.303283895463369e-12,0.3649126887321472,0.014541579224169255,-0.05709371492266655,49.11859283447266,41.95898666381836,-28.286176681518555,0.0,0.0,0.0,0.0,0.0,0.0,0.0,0.0,0.0,0.0,0.0,0.0
652,6.52,1305.9093,964.083,1228.34,494.718,1025.408,69.368675,1.6414318633906077e-05,2.4748900614213198e-06,4.124938786844723e-05,0.004046634049154818,0.00824241591617465,-0.0021301582688465714,9.534527183209909e-15,7.713283577657787e-14,6.52803621909218e-14,3.8400786456921353e-13,-4.237012249299482e-12,3.88426736521591e-12,0.3782608449459076,0.0055436566908610985,-0.08787755072116851,50.57321281433106,43.86216011047363,-25.109149551391603,0.0,0.0,0.0,0.0,0.0,0.0,0.0,0.0,0.0,0.0,0.0,0.0
653,6.53,1317.2588,963.38464,1240.57,493.833,1026.5781,72.11412,1.579787513037445e-05,1.6108303157125193e-06,3.560807163012214e-05,0.00344572551548481,0.007071228185668588,-0.0018726584850810469,6.9083918239601274e-15,1.196760308311718e-13,2.13981791812555e-13,-2.6423548418752495e-11,-7.574005745497603e-12,4.596680371407591e-12,0.38528752624988555,-0.006868465105071664,-0.16849181950092315,53.04399070739746,49.074606323242186,-22.857465934753417,0.0,0.0,0.0,0.0,0.0,0.0,0.0,0.0,0.0,0.0,0.0,0.0
654,6.54,1328.3218,962.43225,1251.47,491.794,1027.4401,75.284515,1.2977428559679538e-05,9.110277744639461e-07,2.7063281231676227e-05,0.0025905603542923927,0.005348169896751642,-0.001443439640570432,4.462572118543837e-15,1.2260075631575703e-13,2.5658098963630275e-13,-3.602890520648661e-11,-8.090716204639525e-12,4.234835832700456e-12,0.3871170401573181,-0.019406921602785586,-0.27182413190603255,55.29584007263183,56.384948348999025,-21.92245273590088,0.0,0.0,0.0,0.0,0.0,0.0,0.0,0.0,0.0,0.0,0.0,0.0
655,6.55,1339.819,961.5181,1263.37,488.924,1028.5874,78.352844,9.469953056395752e-06,4.0662359879206633e-07,1.8378650474915047e-05,0.0017400884767994284,0.003614207194186747,-0.000993884919444099,2.4970820335050025e-15,1.0467852374295393e-13,2.3784093862140933e-13,-3.52617712806591e-11,-7.074528202838382e-12,3.3776277347935534e-12,0.3853217750787735,-0.02822605613619089,-0.3729392886161804,56.600331497192386,64.11093215942383,-22.30098247528076,0.0,0.0,0.0,0.0,0.0,0.0,0.0,0.0,0.0,0.0,0.0,0.0
656,6.56,1351.1772,960.2605,1273.55,487.387,1030.6093,82.65162,6.164789829199435e-06,8.267752692470154e-08,1.099821674870327e-05,0.0010267949895933271,0.002149394142907113,-0.0006051027536159381,1.090165607365486e-15,7.887053843683676e-14,1.9051162150661785e-13,-2.9279598190434796e-11,-5.430693048036339e-12,2.4013881595036367e-12,0.38005940020084383,-0.030426478199660777,-0.4543247401714325,57.203467178344724,70.70533447265625,-23.502970886230468,0.0,0.0,0.0,0.0,0.0,0.0,0.0,0.0,0.0,0.0,0.0,0.0
657,6.57,1362.91,959.3295,1285.62,485.189,1032.6731,86.77316,3.4874425637099193e-06,-9.709206842956064e-08,5.458269833980012e-06,0.0004971055750502273,0.0010551672894507647,-0.000309193177963607,1.935689730529503e-16,5.309483491159218e-14,1.359729467692236e-13,-2.1562230126392912e-11,-3.724414483416427e-12,1.5185999159561536e-12,0.3713388115167618,-0.028338686376810075,-0.5016524821519852,56.91371040344238,75.09453887939453,-25.021006965637206,0.0,0.0,0.0,0.0,0.0,0.0,0.0,0.0,0.0,0.0,0.0,0.0
658,6.58,1374.9222,958.3972,1299.37,482.769,1035.7256,91.522766,1.5573491111808835e-06,-1.7419773001847716e-07,1.7430903710646818e-06,0.00014581284849555232,0.0003249937537475489,-0.00010795516827784013,-2.9839820752194207e-16,3.1420090020170457e-14,8.636714119488603e-14,-1.4174987138931838e-11,-2.2563812905780635e-12,8.23776230606324e-13,0.36119266152381896,-0.025194579735398293,-0.5123590290546417,55.26303291320801,75.93852615356445,-26.26088237762451,0.0,0.0,0.0,0.0,0.0,0.0,0.0,0.0,0.0,0.0,0.0,0.0
659,6.59,1386.7355,957.7341,1311.97,481.652,1038.7103,97.07583,3.1755170496472476e-07,-1.8626531499421618e-07,-4.445575413569713e-07,-5.8030724267155166e-05,-0.00010217476815341798,1.2687134415045875e-05,-5.042296290721257e-16,1.5289791222667606e-14,4.7159679793565797e-14,-8.128154356176753e-12,-1.143544894194326e-12,3.357592890241949e-13,0.3524010181427002,-0.021367587335407733,-0.49386911392211913,52.670312118530276,72.70865859985352,-26.988015556335448,0.0,0.0,0.0,0.0,0.0,0.0,0.0,0.0,0.0,0.0,0.0,0.0
660,6.6,1399.0664,957.2527,1327.16,479.106,1042.2721,103.07869,-3.7063664422021246e-07,-1.629589277740706e-07,-1.4996486925156205e-06,-0.00015371189801953732,-0.00030576062272302806,7.274666313605849e-05,-5.302300200721457e-16,4.568048451608381e-15,1.9514826630736074e-14,-3.7291214604120994e-12,-3.8979274723325435e-13,3.147333459593816e-14,0.34584990739822385,-0.016312813572585582,-0.4603174448013306,50.03147850036621,65.5061050415039,-27.275718116760252,0.0,0.0,0.0,0.0,0.0,0.0,0.0,0.0,0.0,0.0,0.0,0.0
661,6.61,1411.6572,956.66846,1343.07,476.552,1047.1705,109.47407,-6.659762220806442e-07,-1.2514585918665943e-07,-1.8048577771878627e-06,-0.00017858263454400002,-0.0003620545699959621,9.211976357619278e-05,-4.59588269011503e-16,-1.6720785245900118e-15,2.1994123616679718e-15,-8.74933007208973e-13,5.977473476994266e-14,-1.300675347049203e-13,0.3396216005086899,-0.010410634521394967,-0.41722420752048495,47.94511528015137,55.59769401550293,-27.451963424682617,0.0,0.0,0.0,0.0,0.0,0.0,0.0,0.0,0.0,0.0,0.0,0.0
662,6.62,1424.8422,956.3067,1359.94,474.581,1053.2362,116.44424,-7.123982129542128e-07,-8.586093258600158e-08,-1.6758934521021728e-06,-0.00016308078047586605,-0.00033364734263159336,8.749008411541581e-05,-3.5041828202084475e-16,-4.617641447164644e-15,-7.057800134932903e-15,7.321730746104489e-13,2.816033484957098e-13,-1.9256940470393016e-13,0.33263989388942716,-0.005120468582026661,-0.3712039262056351,46.96362113952637,45.16946792602539,-28.145536041259767,0.0,0.0,0.0,0.0,0.0,0.0,0.0,0.0,0.0,0.0,0.0,0.0
663,6.63,1438.1798,956.0382,1377.71,472.293,1059.9486,124.16121,-6.233973863345455e-07,-5.204372826028702e-08,-1.343984274626564e-06,-0.00012926380295539275,-0.00026616307732183484,7.12446853867732e-05,-2.3872447963101445e-16,-5.401420557368482e-15,-1.0702232065921405e-14,1.4430033882205373e-12,3.5111099954115293e-13,-1.942122759271067e-13,0.32577872574329375,-0.0005469938114401884,-0.32804504930973055,47.91440925598145,35.88899536132813,-29.625312042236327,0.0,0.0,0.0,0.0,0.0,0.0,0.0,0.0,0.0,0.0,0.0,0.0
664,6.64,1451.153,955.8152,1396.09,470.197,1068.4333,131.91255,-4.788249810872003e-07,-2.6398222630064082e-08,-9.602543968867394e-07,-9.138232417171821e-05,-0.0001892672386020422,5.1597258789115585e-05,-1.4343090071090886e-16,-4.948776441806094e-15,-1.0881427899846977e-14,1.5800677498171988e-12,3.3123623744031603e-13,-1.6428316769023093e-13,0.3214284420013428,0.004492371180094779,-0.28539624214172366,50.155307388305665,28.053881645202637,-31.22511157989502,0.0,0.0,0.0,0.0,0.0,0.0,0.0,0.0,0.0,0.0,0.0,0.0
665,6.65,1464.2278,955.657,1415.89,467.842,1078.3417,140.06122,-3.285698170429896e-07,-9.020738711562615e-09,-6.106677915340697e-07,-5.741228160331957e-05,-0.00011971391795668751,3.33127874910133e-05,-7.167511934489207e-17,-3.931723145027353e-15,-9.24938108010998e-15,1.400213408761508e-12,2.685239617467028e-13,-1.2285290650450656e-13,0.32101872861385344,0.010844463529065252,-0.24957723617553712,52.80676193237305,22.083639335632324,-31.76019287109375,0.0,0.0,0.0,0.0,0.0,0.0,0.0,0.0,0.0,0.0,0.0,0.0
666,6.66,1476.9773,955.84143,1436.71,464.654,1089.6122,147.93814,-1.9919994542760833e-07,1.3492974210160824e-09,-3.3404233334977107e-07,-3.0837456870358436e-05,-6.495950801763684e-05,1.8626857399794972e-05,-2.3399658557228552e-17,-2.7854436007276515e-15,-6.9440683434787105e-15,1.085805056977307e-12,1.9370919256654628e-13,-8.207028603262646e-14,0.3222922682762146,0.01767200268805027,-0.2358796089887619,54.431491470336915,19.70458240509033,-30.90777759552002,0.0,0.0,0.0,0.0,0.0,0.0,0.0,0.0,0.0,0.0,0.0,0.0
667,6.67,1488.9451,955.9482,1458.63,461.311,1103.0657,155.28214,-1.0107505588052845e-07,6.470826230398075e-09,-1.3878837279435174e-07,-1.2278412123123417e-05,-2.6495307338336715e-05,8.119451740640215e-06,5.145687734986914e-18,-1.7543141304369374e-15,-4.657657062362127e-15,7.519896923040281e-13,1.2452269711237322e-13,-4.8083179487166426e-14,0.32406254708766935,0.02398989088833332,-0.24947854727506638,54.51908416748047,22.04935779571533,-29.03245105743408,0.0,0.0,0.0,0.0,0.0,0.0,0.0,0.0,0.0,0.0,0.0,0.0
668,6.68,1500.2681,956.1211,1480.04,458.01,1117.0574,161.83627,-3.4574177298907216e-08,8.080478774985523e-09,-1.633909190168481e-08,-7.842671053026606e-07,-2.5072823120808606e-06,1.4268547261053755e-06,1.9016762175969164e-17,-9.458189270574856e-16,-2.743269173833326e-15,4.610849191604566e-13,6.919503524034729e-14,-2.2977840367455292e-14,0.3272151917219162,0.02858371175825596,-0.28484406769275666,52.89758110046387,28.042836952209473,-26.6252347946167,0.0,0.0,0.0,0.0,0.0,0.0,0.0,0.0,0.0,0.0,0.0,0.0
669,6.69,1510.9734,956.5205,1502.49,453.337,1130.9784,168.06976,5.118745372012512e-09,7.628226139644312e-09,4.9249538847107035e-08,5.25368975559104e-06,1.0231741089228309e-05,-2.2425508404921858e-06,2.31400186397851e-17,-3.7997998334292605e-16,-1.3236345003451826e-15,2.3835350739572633e-13,2.9764753521328934e-14,-6.420253173907873e-15,0.3332341343164444,0.030515716783702372,-0.331198513507843,49.661441040039065,35.40616455078125,-24.384915351867676,0.0,0.0,0.0,0.0,0.0,0.0,0.0,0.0,0.0,0.0,0.0,0.0
670,6.7,1520.9117,956.66705,1522.95,450.281,1144.7927,174.89322,2.4729464698225456e-08,6.186795875606777e-09,7.519062990013481e-08,7.527703974119504e-06,1.516461434221128e-05,-3.7750941828562647e-06,2.1594709267043343e-17,-2.8647878503447016e-17,-3.8349951839707547e-16,8.59903778906287e-14,4.761613104131556e-15,3.1158836948331293e-15,0.34175656735897064,0.028160758875310422,-0.3697903364896774,45.74871559143067,41.12677536010742,-22.814043045043945,0.0,0.0,0.0,0.0,0.0,0.0,0.0,0.0,0.0,0.0,0.0,0.0
671,6.71,1530.4374,956.89014,1544.8,448.018,1161.2291,180.52629,3.0900522318688675e-08,4.464843583740219e-09,7.66226889936661e-08,7.504854011131101e-06,1.5299610276997554e-05,-3.965388941651327e-06,1.7377814303525175e-17,1.566503063524348e-16,1.609638419849704e-16,-6.0255479754101625e-15,-8.856897606681268e-15,7.52844653818482e-15,0.35356459617614744,0.02120280172675848,-0.3891748607158661,43.391370391845705,43.49934005737305,-22.24642105102539,0.0,0.0,0.0,0.0,0.0,0.0,0.0,0.0,0.0,0.0,0.0,0.0
672,6.72,1539.6227,957.1358,1565.13,448.499,1177.3428,187.00446,2.9179086880048998e-08,2.871419879646453e-09,6.521805140380366e-08,6.303898589976597e-06,1.2944728587171994e-05,-3.4349498491792472e-06,1.2454599162088902e-17,2.2716296032749303e-16,4.1558177602671525e-16,-5.2412515652447767e-14,-1.4460116267491506e-14,8.60575216841378e-15,0.3690636783838272,0.01149492054246366,-0.3904928117990494,43.97299652099609,43.540049362182614,-22.911194801330566,0.0,0.0,0.0,0.0,0.0,0.0,0.0,0.0,0.0,0.0,0.0,0.0
673,6.73,1548.3315,956.9885,1586.2,448.248,1194.5281,191.75017,2.3669776361145978e-08,1.5966132971279023e-09,4.901613870345045e-08,4.687113414547639e-06,9.681966093921802e-06,-2.617748259581276e-06,7.9481055364199e-18,2.2744574889437876e-16,4.807295258076787e-16,-6.797324408522841e-14,-1.5051635034646262e-14,7.796375680192269e-15,0.3842906057834625,0.0017714251793222503,-0.3901924043893814,46.7028923034668,42.59881820678711,-24.335815048217775,0.0,0.0,0.0,0.0,0.0,0.0,0.0,0.0,0.0,0.0,0.0,0.0
674,6.74,1557.2037,956.9239,1606.08,450.419,1211.7113,196.57236,1.70846119473822e-08,6.877361929946701e-10,3.291336287958302e-08,3.112577610409062e-06,6.469111622209312e-06,-1.7825005215854617e-06,4.370099979901256e-18,1.9155079016661096e-16,4.380726104177512e-16,-6.52083049286923e-14,-1.2970926212990155e-14,6.144562499598143e-15,0.39359526336193085,-0.0059300631051883105,-0.39895321130752565,50.036119079589845,40.5386547088623,-25.964463424682616,0.0,0.0,0.0,0.0,0.0,0.0,0.0,0.0,0.0,0.0,0.0,0.0
675,6.75,1566.0835,956.96173,1626.58,452.416,1230.7244,199.8811,1.0989393484095444e-08,1.111463394844886e-10,1.9413197005491156e-08,1.8092754771714681e-06,3.791034623645828e-06,-1.0703191719585448e-06,1.8367584275831193e-18,1.4273037336153852e-16,3.4671000089452297e-16,-5.345302379975575e-14,-9.84507267037609e-15,4.3210610769031394e-15,0.39349537193775175,-0.011106395814567804,-0.4135462880134583,52.35182876586914,37.672010040283205,-27.23499279022217,0.0,0.0,0.0,0.0,0.0,0.0,0.0,0.0,0.0,0.0,0.0,0.0
676,6.76,1574.296,956.6509,1647.06,454.349,1250.8583,202.0934,6.112081996079155e-09,-2.0311838391795512e-10,9.391260613611507e-09,8.520396931999131e-07,1.8124593566426483e-06,-5.343052578155039e-07,2.423182529689931e-19,9.499582301634406e-17,2.4476562184297257e-16,-3.893496039897998e-14,-6.676811787983028e-15,2.698174516150046e-15,0.3844806611537933,-0.013545064907521009,-0.42680142521858216,52.64035186767578,34.83497085571289,-27.828215408325196,0.0,0.0,0.0,0.0,0.0,0.0,0.0,0.0,0.0,0.0,0.0,0.0
677,6.77,1583.0453,956.7919,1668.05,456.552,1272.0553,202.48814,2.634223916775369e-09,-3.3262050336269055e-10,2.746907601380855e-09,2.2453440955416682e-07,5.072941107187035e-07,-1.7386402255681334e-07,-6.164108229672411e-19,5.538383390747938e-17,1.5353080973915033e-16,-2.5295955075348068e-14,-3.988766367101957e-15,1.435661362707318e-15,0.37126989364624025,-0.013880780059844255,-0.4339576601982117,50.67462844848633,31.44355354309082,-28.084449195861815,0.0,0.0,0.0,0.0,0.0,0.0,0.0,0.0,0.0,0.0,0.0,0.0
678,6.78,1591.6364,957.4471,1688.96,459.296,1294.5032,200.77766,4.274700967765027e-10,-3.4654257519139974e-10,-1.106848547538508e-09,-1.338932235306345e-07,-2.4459170688828635e-07,3.91313272229965e-08,-9.605480800882946e-19,2.6227676905856293e-17,8.226283861792421e-17,-1.42704217142946e-14,-1.9737303497749914e-15,5.586131544574614e-16,0.3592954635620117,-0.013635748717933893,-0.4369674831628799,47.07557067871094,27.053474044799806,-28.12364082336426,0.0,0.0,0.0,0.0,0.0,0.0,0.0,0.0,0.0,0.0,0.0,0.0
679,6.79,1600.083,957.71405,1707.91,461.108,1316.8694,198.61626,-7.756301378947228e-10,-2.987931957409984e-10,-2.914199725978506e-09,-2.9708618853874214e-07,-5.926760707097855e-07,1.4251578903667905e-07,-9.853991706288018e-19,7.071002661044131e-18,3.25606527392623e-17,-6.336582539400088e-15,-6.24251741302513e-16,1.8859639963077267e-17,0.35114654898643494,-0.011849533114582301,-0.43630086481571195,43.02866058349609,22.98117790222168,-28.14716567993164,0.0,0.0,0.0,0.0,0.0,0.0,0.0,0.0,0.0,0.0,0.0,0.0
680,6.8,1608.5087,958.1679,1727.17,463.932,1339.7188,196.11179,-1.2717152664265542e-09,-2.2688038670004574e-10,-3.382297042442417e-09,-3.339727186357777e-07,-6.778499482607004e-07,1.731239279934016e-07,-8.420412121105149e-19,-3.9054684939271574e-18,1.829636805759586e-18,-1.2505818943315626e-15,1.6896595827948695e-16,-2.618294711423249e-16,0.34681286215782164,-0.008130424516275525,-0.4245397537946701,40.888848876953126,20.30416202545166,-28.949709701538087,0.0,0.0,0.0,0.0,0.0,0.0,0.0,0.0,0.0,0.0,0.0,0.0
681,6.81,1616.7035,958.72906,1745.83,466.415,1363.0168,191.96628,-1.3254361164172223e-09,-1.5393072094749272e-10,-3.087181088545776e-09,-3.0003024562574867e-07,-6.142612221538001e-07,1.6143891343745053e-07,-6.34856591320595e-19,-8.93396122802877e-18,-1.427124586147041e-17,1.5643054497775866e-15,5.502988299249569e-16,-3.6475389643060606e-16,0.34539493918418884,-0.003281589061953127,-0.403995206952095,42.099951934814456,18.227008628845216,-30.83757152557373,0.0,0.0,0.0,0.0,0.0,0.0,0.0,0.0,0.0,0.0,0.0,0.0
682,6.82,1625.0818,959.2713,1762.03,468.25,1386.5433,187.10574,-1.143050132323964e-09,-9.200700826217379e-11,-2.4461588088442455e-09,-2.3502499146843547e-07,-4.842109319724841e-07,1.2984585424646865e-07,-4.276633859468805e-19,-1.0105445182645155e-17,-2.0293690482862377e-17,2.764676152805989e-15,6.592939019650292e-16,-3.599101014640409e-16,0.3444543778896332,0.0006956706289201975,-0.38497511446475985,45.71213150024414,16.439277362823486,-33.44976043701172,0.0,0.0,0.0,0.0,0.0,0.0,0.0,0.0,0.0,0.0,0.0,0.0
683,6.83,1632.817,959.88873,1779.77,472.075,1410.9021,181.55779,-8.680887175760432e-10,-4.556836158409183e-11,-1.7287440257085507e-09,-1.6433866107945504e-07,-3.4057385960295506e-07,9.301633738800774e-08,-2.5329704997748604e-19,-9.106886147497064e-18,-2.0176525973922406e-17,2.9441779773837574e-15,6.109013956169979e-16,-3.0038757954211005e-16,0.3436352014541626,0.0014737464836798609,-0.3704498052597046,50.441716003417966,14.208874702453613,-36.0254566192627,0.0,0.0,0.0,0.0,0.0,0.0,0.0,0.0,0.0,0.0,0.0,0.0
684,6.84,1640.2373,960.65063,1796.96,475.363,1437.497,174.16791,-5.890673338004859e-10,-1.4455253920936384e-11,-1.085705281234084e-09,-1.0193020898441318e-07,-2.1270684413821073e-07,5.932860283053287e-08,-1.234496139960216e-19,-7.15007923542855e-18,-1.691912611025227e-17,2.5700040740220144e-15,4.892018749244053e-16,-2.22164910073321e-16,0.343839618563652,-0.0007295525923836976,-0.3562589347362518,55.400485610961915,12.17677001953125,-37.61000480651855,0.0,0.0,0.0,0.0,0.0,0.0,0.0,0.0,0.0,0.0,0.0,0.0
685,6.85,1647.0873,961.3471,1813.1,480.153,1464.8242,166.51709,-3.5217008198529244e-10,3.842834676772572e-12,-5.828269006302734e-10,-5.366976054688166e-08,-1.1321489878923785e-07,3.259536960342757e-08,-3.7082217670655264e-20,-5.010328675030561e-18,-1.2562249687777472e-17,1.9702574405758656e-15,3.4907040113885694e-16,-1.4671604057272933e-16,0.34723045825958254,-0.004316467838361859,-0.3401204824447632,60.050349426269534,12.1588059425354,-37.90038909912109,0.0,0.0,0.0,0.0,0.0,0.0,0.0,0.0,0.0,0.0,0.0,0.0
686,6.86,1653.5336,961.7924,1827.79,484.257,1491.4048,158.46011,-1.7448362893413005e-10,1.2648190047398478e-11,-2.3174512656098933e-10,-2.033561949943419e-08,-4.4087030559580854e-08,1.367627100457014e-08,1.3229351659030236e-20,-3.115513676596491e-18,-8.330076202037084e-18,1.3494888469832282e-15,2.2166064356655194e-16,-8.464972584721661e-17,0.35515293180942537,-0.006775929499417544,-0.32387581169605256,64.26829872131347,14.789051055908203,-37.61790580749512,0.0,0.0,0.0,0.0,0.0,0.0,0.0,0.0,0.0,0.0,0.0,0.0
687,6.87,1661.2949,962.75824,1840.44,487.243,1519.2098,149.83073,-5.541657046442827e-11,1.5174305562082324e-11,-1.4393485166762365e-11,3.696686845522379e-11,-1.5351520776807348e-09,1.7753775699569374e-09,3.7018130237110585e-20,-1.6469642141770882e-18,-4.832681174650049e-18,8.162698646924148e-16,1.209851734712922e-16,-3.9303529322540594e-17,0.3679645091295242,-0.00834359941072762,-0.3146919131278992,67.18849029541016,20.602382087707518,-37.29428596496582,0.0,0.0,0.0,0.0,0.0,0.0,0.0,0.0,0.0,0.0,0.0,0.0
688,6.88,1668.2324,963.5132,1853.36,491.342,1546.9021,141.31744,1.462403594488376e-11,1.4069499384983253e-11,9.971366579653029e-11,1.051271003582599e-08,2.0600845473950358e-08,-4.628897620762018e-09,4.3391549425130845e-20,-6.304288434280847e-19,-2.267514096418119e-18,4.1258725515433124e-16,5.001712364723515e-17,-9.745187537648515e-18,0.38734144568443296,-0.010408368054777383,-0.32357019782066343,67.45216674804688,29.9747314453125,-36.68812141418457,0.0,0.0,0.0,0.0,0.0,0.0,0.0,0.0,0.0,0.0,0.0,0.0
689,6.89,1673.6381,963.9991,1868.02,496.438,1575.5939,132.5425,4.834231209782658e-11,1.1271666672946213e-11,1.4262089703676039e-10,1.4236613665730147e-08,2.872535684872446e-08,-7.190384110344894e-09,3.9794934517537895e-20,-7.530087325862041e-21,-5.884433317307624e-19,1.3951696924941662e-16,5.578813072389782e-18,7.006636066967412e-18,0.41342416405677795,-0.013604871556162834,-0.3590612471103668,64.71578788757324,41.458195495605466,-35.553955078125,0.0,0.0,0.0,0.0,0.0,0.0,0.0,0.0,0.0,0.0,0.0,0.0
690,6.9,1680.7103,964.4013,1881.8,499.896,1605.1443,123.464096,5.803001308646305e-11,8.046116420704075e-12,1.4209713544710566e-10,1.3896649342370892e-08,2.8353634462519038e-08,-7.368887855463413e-09,3.1638693278399524e-20,3.141415930164855e-19,3.6867383097444817e-19,-2.308390183848986e-17,-1.8168491683800422e-17,1.4515117979359314e-17,0.4422184854745865,-0.014249091874808073,-0.41899833381175994,59.75898323059082,53.372107315063474,-33.53740005493164,0.0,0.0,0.0,0.0,0.0,0.0,0.0,0.0,0.0,0.0,0.0,0.0
691,6.91,1687.8777,964.9077,1893.7,503.02805,1634.9117,114.66066,5.381900723688826e-11,5.111619591144368e-12,1.1931132748443928e-10,1.151971265045404e-08,2.3669545790028222e-08,-6.293072729590676e-09,2.2428961596579573e-20,4.298621121481683e-19,8.026870501527812e-19,-1.030834682972735e-16,-2.7507438140911378e-17,1.607816913546942e-17,0.4655347138643265,-0.009852675907313823,-0.4891167551279068,53.53590202331543,64.62305526733398,-30.698394775390625,0.0,0.0,0.0,0.0,0.0,0.0,0.0,0.0,0.0,0.0,0.0,0.0
692,6.92,1695.0938,965.46655,1904.51,505.80902,1664.7239,106.18082,4.31244474158321e-11,2.7918611866795116e-12,8.868238018933106e-11,8.471406864885011e-09,1.7508990524106594e-08,-4.742387327283382e-09,1.4136564570689763e-20,4.2128496780915057e-19,8.98793112340316e-19,-1.2790853424678465e-16,-2.795352523016877e-17,1.4334648428241988e-17,0.47839375734329226,-0.003364386811153963,-0.5549878239631653,46.97462043762207,73.32108306884766,-27.676833152770996,0.0,0.0,0.0,0.0,0.0,0.0,0.0,0.0,0.0,0.0,0.0,0.0
693,6.93,1702.7897,965.89264,1915.13,508.49396,1694.9248,98.207184,3.078876060352842e-11,1.1559654167041244e-12,5.887155554717972e-11,5.560711224816828e-09,1.15649842591381e-08,-3.193100828191575e-09,7.63012262326747e-21,3.5011636932771e-19,8.058189007085142e-19,-1.204128710282684e-16,-2.3753594086652845e-17,1.1166183798029164e-17,0.4807585090398788,0.0019903568318113685,-0.6064396858215332,41.50946617126465,77.99403686523438,-25.040020370483397,0.0,0.0,0.0,0.0,0.0,0.0,0.0,0.0,0.0,0.0,0.0,0.0
694,6.94,1710.5215,966.4261,1923.55,510.979,1725.5708,90.43932,1.9563402980926625e-11,1.3113352452554536e-13,3.420539650134114e-11,3.1820363233237003e-09,6.674264829698018e-09,-1.8900299658675124e-09,3.0735397347648696e-21,2.580219534577681e-19,6.302961533180735e-19,-9.747608702539288e-17,-1.782881831977971e-17,7.766660118974912e-18,0.47463191747665406,0.003939321008510887,-0.6393662512302398,38.577153015136716,78.16582717895508,-22.996204566955566,0.0,0.0,0.0,0.0,0.0,0.0,0.0,0.0,0.0,0.0,0.0,0.0
695,6.95,1717.1375,966.4844,1930.02,512.746,1755.4092,83.31872,1.0688044026208044e-11,-4.1691672900481814e-13,1.6094676546368757e-11,1.4540023685061244e-09,3.100426393398692e-09,-9.201169437478285e-10,2.4217436251339974e-22,1.6975432842555912e-19,4.401154811298576e-19,-7.022941078970781e-17,-1.195544115734684e-17,4.786937094159132e-18,0.4617318660020828,0.003595401532948017,-0.6543702065944672,38.40436935424805,74.36394577026367,-21.768626594543456,0.0,0.0,0.0,0.0,0.0,0.0,0.0,0.0,0.0,0.0,0.0,0.0
696,6.96,1724.5426,966.2437,1936.87,513.971,1784.8217,77.17609,4.4281144940053195e-12,-6.328224999140735e-13,4.226476631240088e-12,3.345396367912534e-10,7.704178853901178e-10,-2.7530194790514884e-10,-1.2529241276058608e-21,9.744223094168127e-20,2.725288777271915e-19,-4.5082760509965437e-17,-7.03918872599867e-18,2.4953579872763726e-18,0.443154776096344,0.0036590717034414412,-0.652349454164505,41.020874404907225,68.26368255615235,-21.762299728393554,0.0,0.0,0.0,0.0,0.0,0.0,0.0,0.0,0.0,0.0,0.0,0.0
697,6.97,1731.3136,966.18286,1939.6,514.35,1813.513,71.67145,5.057428774881312e-13,-6.436296265920072e-13,-2.549372717867548e-12,-2.944289617667906e-10,-5.504388597699083e-10,1.0007592836022706e-10,-1.8236102140320043e-21,4.4797560657310366e-20,1.4312215840621645e-19,-2.500123143174719e-17,-3.3943889554018283e-18,9.209435745031111e-19,0.42194814682006837,0.004463644791394472,-0.6371833264827729,45.923523330688475,61.492421340942386,-23.050033569335938,0.0,0.0,0.0,0.0,0.0,0.0,0.0,0.0,0.0,0.0,0.0,0.0
698,6.98,1738.35,966.0423,1942.68,514.292,1841.2856,67.46329,-1.5924375479283575e-12,-5.472019918347642e-13,-5.631548482751269e-12,-5.713759243519689e-10,-1.1427924051510275e-09,2.7734831237191673e-10,-1.828261125883376e-21,1.061362102331483e-20,5.3864251162352305e-20,-1.0707751120847477e-17,-9.812905735735389e-19,-3.5015550046368e-20,0.40297112464904783,0.0054570924490690235,-0.5995891213417053,52.08002548217773,55.4015396118164,-25.288409423828124,0.0,0.0,0.0,0.0,0.0,0.0,0.0,0.0,0.0,0.0,0.0,0.0
699,6.99,1745.4656,965.7679,1945.67,513.915,1868.27,64.252686,-2.419608155328212e-12,-4.1088225757966027e-13,-6.324953234770891e-12,-6.233251192977462e-10,-1.2664716497745587e-09,3.246062557638041e-10,-1.5409525921798242e-21,-8.655660964957161e-21,-5.93708606980897e-22,-1.6571003736046832e-18,4.1572978954383664e-19,-5.213035710296065e-19,0.39011617600917814,0.005146909458562732,-0.5250954300165176,58.22701530456543,51.34904556274414,-28.01151294708252,0.0,0.0,0.0,0.0,0.0,0.0,0.0,0.0,0.0,0.0,0.0,0.0
700,7.0,1752.3417,965.20605,1951.1,513.042,1895.0026,61.682194,-2.4617787626121655e-12,-2.7563907916122037e-13,-5.679471346345389e-12,-5.512822864872647e-10,-1.129422277923453e-09,2.9748399577034235e-10,-1.148958424772389e-21,-1.7198063172987017e-20,-2.8517995766886674e-20,3.2619964546353043e-18,1.0686148223815858e-18,-6.888920459284085e-19,0.38431154787540434,0.0019386180458241143,-0.41942861676216125,63.88710174560547,49.23039436340332,-30.46930103302002,0.0,0.0,0.0,0.0,0.0,0.0,0.0,0.0,0.0,0.0,0.0,0.0
701,7.01,1759.0869,964.92633,1955.13,511.90204,1919.4073,59.89677,-2.0933884833929107e-12,-1.62380063551109e-13,-4.447420079781161e-12,-4.2686185697249355e-10,-8.799458328656584e-10,2.3639118579277254e-10,-7.652183677626585e-22,-1.8867929510934466e-20,-3.836602459955744e-20,5.275961557370991e-18,1.2351911513280498e-18,-6.659555476337165e-19,0.38497563302516935,-0.004742672410793602,-0.30436373353004453,67.73260955810547,48.102345657348636,-31.839719009399413,0.0,0.0,0.0,0.0,0.0,0.0,0.0,0.0,0.0,0.0,0.0,0.0
702,7.02,1766.1987,964.4936,1960.6,510.763,1942.3279,58.927425,-1.5721405839490277e-12,-7.837851732656747e-14,-3.1088090218442387e-12,-2.9520873245925117e-10,-6.121574358530779e-10,1.6750131420772972e-10,-4.465314413120527e-22,-1.6737305638777795e-20,-3.735341012695048e-20,5.476122060252082e-18,1.125168840329349e-18,-5.486292680153243e-19,0.3900569349527359,-0.014950893353670835,-0.2032010555267334,68.22230377197266,47.954219055175784,-31.70831642150879,0.0,0.0,0.0,0.0,0.0,0.0,0.0,0.0,0.0,0.0,0.0,0.0
703,7.03,1773.7312,963.99365,1966.87,509.47797,1963.2959,58.593513,-1.0548437774302033e-12,-2.2740464804998135e-14,-1.927486306414067e-12,-1.8069582635726888e-10,-3.773807211171487e-10,1.0551597998120777e-10,-2.1181232364159192e-22,-1.2988960846021401e-20,-3.091350338913943e-20,4.711371870455728e-18,8.902715597083406e-19,-4.0133109151780817e-19,0.3958975911140442,-0.027725944854319097,-0.13514765202999116,65.00376472473144,48.92145767211914,-30.1709135055542,0.0,0.0,0.0,0.0,0.0,0.0,0.0,0.0,0.0,0.0,0.0,0.0
704,7.04,1781.3354,963.6135,1973.09,508.19998,1982.1497,58.532906,-6.21549253038145e-13,9.48844585919802e-15,-1.0142769653678775e-12,-9.314689644601692e-11,-1.9679047558174289e-10,5.690503276922776e-11,-5.748722202070486e-23,-9.002258628320312e-21,-2.270172908877162e-20,3.571360297670123e-18,6.283480033887828e-19,-2.6195303884604685e-19,0.4003827959299088,-0.0396936159580946,-0.10754569396376609,59.35316505432129,50.45020179748535,-27.86920166015625,0.0,0.0,0.0,0.0,0.0,0.0,0.0,0.0,0.0,0.0,0.0,0.0
705,7.05,1788.9097,963.41565,1979.0,507.43597,1999.0011,58.83905,-3.001322118351829e-13,2.4566555014489833e-14,-3.8371541594096546e-13,-3.334357165374335e-11,-7.269473634163859e-11,2.2877910069857288e-11,3.1021589081147406e-23,-5.524645082122087e-21,-1.4879554110418162e-20,2.418921225400068e-18,3.940231705257524e-19,-1.4873529230566706e-19,0.4022665023803711,-0.04589842520654201,-0.1166871577501297,53.77699508666992,51.72812385559082,-25.545010375976563,0.0,0.0,0.0,0.0,0.0,0.0,0.0,0.0,0.0,0.0,0.0,0.0
706,7.06,1796.515,963.07245,1984.48,506.75696,2013.762,59.09178,-8.720649714372619e-14,2.843141998551792e-14,1.5080732564560225e-15,2.7084925014603245e-12,2.670950689353385e-12,1.7459423392717638e-12,7.164335912723023e-23,-2.8600086334099176e-21,-8.49730735429831e-21,1.4427008954577336e-18,2.110282796498003e-19,-6.691709046572261e-20,0.4007696986198425,-0.04426427036523819,-0.1407777726650238,50.88198738098144,52.47690200805664,-23.65587615966797,0.0,0.0,0.0,0.0,0.0,0.0,0.0,0.0,0.0,0.0,0.0,0.0
707,7.07,1803.9971,962.6939,1989.34,506.095,2026.4568,59.22477,3.6161292017351e-14,2.591470756111965e-14,1.994647841536447e-13,2.0827930005684613e-11,4.1023012070651174e-11,-9.40301339395766e-12,8.119065110012956e-23,-1.035876317152047e-21,-3.867210586195746e-21,7.118335848549582e-19,8.343929360231968e-20,-1.421851001778796e-20,0.39600542187690735,-0.03546797428280115,-0.16354728788137435,50.91742706298828,52.86309928894043,-22.492060661315918,0.0,0.0,0.0,0.0,0.0,0.0,0.0,0.0,0.0,0.0,0.0,0.0
708,7.08,1811.1907,962.32355,1994.0,505.46497,2036.4244,58.806713,9.390341694330562e-14,2.051349473858148e-14,2.6970592100807043e-13,2.6849956459573664e-11,5.42545699339092e-11,-1.3649122197062491e-11,7.323743244651568e-23,6.677338186465604e-23,-8.722595495958623e-22,2.23010542060961e-19,4.573786036433168e-21,1.514769145105351e-20,0.38890643417835236,-0.02100485609844327,-0.17882471531629562,53.07606735229492,52.610303497314455,-22.374051094055176,0.0,0.0,0.0,0.0,0.0,0.0,0.0,0.0,0.0,0.0,0.0,0.0
709,7.09,1818.3154,961.8786,1998.67,505.06198,2044.5159,58.152973,1.0873178239397853e-13,1.4484082556514297e-14,2.631077728734374e-13,2.5693688149308615e-11,5.2465109340316116e-11,-1.3670921599623354e-11,5.75405298485778e-23,6.235007405492482e-22,8.068445963074165e-22,-6.382429309388046e-20,-3.672689706865428e-20,2.785620167831924e-20,0.382897886633873,-0.00407539614388952,-0.18142884969711304,56.769758224487305,50.74965286254883,-23.413568115234376,0.0,0.0,0.0,0.0,0.0,0.0,0.0,0.0,0.0,0.0,0.0,0.0
710,7.1,1825.2944,961.4461,2003.35,504.48697,2049.1743,56.980385,9.913155840364334e-14,9.086868788278353e-15,2.180216944480673e-13,2.102743951182262e-11,4.32309580494783e-11,-1.1515879135698403e-11,4.034682805403292e-23,8.111360854598853e-22,1.5428853493603586e-21,-2.0128603332342572e-19,-5.215625761427984e-20,2.9980650130215327e-20,0.38045182526111604,0.01160389008000493,-0.1732027679681778,61.39937973022461,47.069763565063475,-25.309214210510255,0.0,0.0,0.0,0.0,0.0,0.0,0.0,0.0,0.0,0.0,0.0,0.0
711,7.11,1832.2932,960.91016,2008.8301,503.38,2052.5952,55.573338,7.848416266388082e-14,4.870146606246538e-15,1.602779784977762e-13,1.5294725208558903e-11,3.162976772858039e-11,-8.58234455725082e-12,2.5107497597736892e-23,7.791431031722595e-22,1.6770933539709112e-21,-2.401142053468037e-19,-5.183004827684447e-20,2.632301498125139e-20,0.3819484829902649,0.025758258812129498,-0.15490918308496476,65.55359497070313,42.55879440307617,-27.052487754821776,0.0,0.0,0.0,0.0,0.0,0.0,0.0,0.0,0.0,0.0,0.0,0.0
712,7.12,1839.0077,960.2856,2014.9601,502.46204,2054.207,54.17124,5.542478233094492e-14,1.9289523024194832e-15,1.0517188655341167e-13,9.921708073179491e-12,2.0649040116671456e-11,-5.713118866879085e-12,1.328846584142916e-23,6.392219179749615e-22,1.4803949337949514e-21,-2.2204325967086137e-19,-4.344936288759977e-20,2.0270104046788417e-20,0.38685448169708253,0.03970734030008316,-0.13181496188044547,67.88895568847656,38.02031898498535,-27.748544120788573,0.0,0.0,0.0,0.0,0.0,0.0,0.0,0.0,0.0,0.0,0.0,0.0
713,7.13,1845.7596,960.00757,2021.5599,501.94604,2054.751,52.386204,3.4778376095071383e-14,1.1006499939129088e-16,6.015480167210086e-14,5.585148923209493e-12,1.1727515833448442e-11,-3.331630219101378e-12,5.101974825583311e-24,4.659437254190216e-22,1.1446151005164714e-21,-1.7756144645494212e-19,-3.225266970365414e-20,1.3943961865846612e-20,0.3918342739343643,0.05440656617283821,-0.1147741749882698,68.54910659790039,34.794189834594725,-27.146067428588868,0.0,0.0,0.0,0.0,0.0,0.0,0.0,0.0,0.0,0.0,0.0,0.0
714,7.14,1852.3054,959.48956,2027.33,501.324,2054.1812,50.873127,1.864500790427757e-14,-8.431845854073484e-16,2.746175377756673e-14,2.469001554854938e-12,5.279122278212256e-12,-1.578444308852206e-12,8.161816975148541e-26,3.029606952663892e-22,7.904852619638156e-22,-1.2653985672070827e-19,-2.1381351244830514e-20,8.479668737477574e-21,0.3942334622144699,0.06760967038571834,-0.11956700086593627,68.09723892211915,34.943603897094725,-25.638752937316895,0.0,0.0,0.0,0.0,0.0,0.0,0.0,0.0,0.0,0.0,0.0,0.0
715,7.15,1858.968,959.26306,2032.7499,500.965,2054.064,50.14045,7.390027124449952e-15,-1.2000182049734466e-15,6.2898170880525255e-15,4.745269634046436e-13,1.1249383721637432e-12,-4.263222045351733e-13,-2.514264774083782e-24,1.711003444963067e-22,4.830289380131707e-22,-8.023831401183201e-20,-1.24000758622052e-20,4.324649805406149e-21,0.39484601020812987,0.07597738429903984,-0.14410440772771835,67.22872695922851,38.608313369750974,-24.168914985656738,0.0,0.0,0.0,0.0,0.0,0.0,0.0,0.0,0.0,0.0,0.0,0.0
716,7.16,1865.4653,959.15173,2038.77,501.37003,2055.8306,50.40152,4.2838830240641926e-16,-1.1934557430992111e-15,-5.599712389100901e-15,-6.268130654275838e-13,-1.1906244653386855e-12,2.3399307851442375e-13,-3.451430622296303e-24,7.614670918202624e-23,2.4830461133638055e-22,-4.3702039422870867e-20,-5.814369453754047e-21,1.5016395865369225e-21,0.3958301365375519,0.07708070501685142,-0.171186663210392,66.75900268554688,44.70342445373535,-23.35389347076416,0.0,0.0,0.0,0.0,0.0,0.0,0.0,0.0,0.0,0.0,0.0,0.0
717,7.17,1871.9224,959.3794,2042.94,501.85,2058.5164,50.66678,-3.221223396189326e-15,-1.0009675481873186e-15,-1.0829504017850635e-14,-1.0941241836148752e-12,-2.1933075364591324e-12,5.366442668930729e-13,-3.3866934423626326e-24,1.5227501600420996e-23,8.819436205833962e-23,-1.7979386556434853e-20,-1.504724633472802e-21,-1.887317785807271e-22,0.3966920584440231,0.06935618966817855,-0.18853911012411118,66.94652786254883,51.60193519592285,-23.302734375,0.0,0.0,0.0,0.0,0.0,0.0,0.0,0.0,0.0,0.0,0.0,0.0
718,7.18,1878.617,959.75024,2047.1201,501.411,2061.9055,50.44685,-4.588504996086754e-15,-7.433226249452219e-16,-1.1804192707662569e-14,-1.1611816543022347e-12,-2.361637426416541e-12,6.073216473993781e-13,-2.8167400578338678e-24,-1.8528052679319802e-23,-8.15665335297314e-24,-1.8962381119586287e-21,9.510020175772042e-22,-1.0285139805599925e-21,0.39591642320156095,0.05581393465399742,-0.1918191134929657,67.73351974487305,57.89381370544434,-23.691849327087404,0.0,0.0,0.0,0.0,0.0,0.0,0.0,0.0,0.0,0.0,0.0,0.0
719,7.19,1885.5135,960.25464,2050.47,500.79596,2063.701,50.28851,-4.564882687143842e-15,-4.929805736054015e-16,-1.0435204336376424e-14,-1.0116845512372907e-12,-2.0740236134422772e-12,5.474502524482199e-13,-2.0771685427561264e-24,-3.2959221091740686e-23,-5.643631769441798e-23,6.67893915506029e-21,2.0637685541496903e-21,-1.2976023769513847e-21,0.39394130408763883,0.041407791152596476,-0.18762243688106536,67.80390014648438,62.66502342224121,-24.393761444091798,0.0,0.0,0.0,0.0,0.0,0.0,0.0,0.0,0.0,0.0,0.0,0.0
720,7.2,1892.0997,960.9314,2054.01,500.857,2065.4136,50.441547,-3.829389875944361e-15,-2.8606437681200394e-16,-8.077331468950483e-15,-7.744601346944963e-13,-1.5974034052977649e-12,4.298991880796049e-13,-1.3675198825984792e-24,-3.516135817864571e-23,-7.233322808626559e-23,1.0032500852924527e-20,2.309262390971896e-21,-1.2304324637397554e-21,0.39116335213184356,0.030996078066527842,-0.1829432263970375,65.58289184570313,65.0880844116211,-25.58532543182373,0.0,0.0,0.0,0.0,0.0,0.0,0.0,0.0,0.0,0.0,0.0,0.0
721,7.21,1898.7424,961.88824,2055.45,500.648,2065.2683,50.339455,-2.844187262619692e-15,-1.3427796525327484e-16,-5.584304372746401e-15,-5.296904353937343e-13,-1.0990642207095446e-12,3.0129904376573894e-13,-7.857153864563916e-25,-3.072277171090217e-23,-6.905038342918835e-23,1.0168169217037664e-20,2.069648321964779e-21,-1.000902778550781e-21,0.3868594139814377,0.028602460399270058,-0.18630925863981246,60.88686866760254,65.788330078125,-26.78853816986084,0.0,0.0,0.0,0.0,0.0,0.0,0.0,0.0,0.0,0.0,0.0,0.0
722,7.22,1904.959,962.77264,2058.94,500.872,2065.4556,50.04354,-1.886622815556251e-15,-3.49072379506728e-17,-3.416779692666939e-15,-3.1982420726529847e-13,-6.685162785759896e-13,1.8739180942650008e-13,-3.618773332867976e-25,-2.3570891217674987e-23,-5.641983334139812e-23,8.626748680141927e-21,1.6184169256344214e-21,-7.242104496575901e-22,0.38067934215068816,0.03383515886962414,-0.20794182419776916,54.07425765991211,65.84665908813477,-27.330285263061523,0.0,0.0,0.0,0.0,0.0,0.0,0.0,0.0,0.0,0.0,0.0,0.0
723,7.23,1910.9489,963.8034,2062.24,500.81198,2065.3425,49.668102,-1.0950111546314606e-15,2.1749842110562047e-17,-1.7601845452174425e-15,-1.611705282851105e-13,-3.4107003923618607e-13,9.909347376945571e-14,-8.647252428604345e-26,-1.6156301583664028e-23,-4.098133822572786e-23,6.466723505139432e-21,1.1298105365485915e-21,-4.67097080452133e-22,0.37412595450878144,0.04302418753504753,-0.24685289710760117,46.34186134338379,65.97707443237304,-27.337060928344727,0.0,0.0,0.0,0.0,0.0,0.0,0.0,0.0,0.0,0.0,0.0,0.0
724,7.24,1916.8942,965.0,2065.59,500.978,2065.5398,49.089874,-5.142181168718562e-16,4.7453221255781505e-17,-6.289599368821346e-16,-5.400530317270589e-14,-1.1855544452784358e-13,3.7962300098966834e-14,6.892416103130625e-26,-9.781444901116748e-24,-2.6544510604059004e-23,4.3307005831193605e-21,6.993980150684872e-22,-2.6079848306818783e-22,0.3688492953777313,0.05094722509384155,-0.28115467727184296,39.10320701599121,66.14021682739258,-27.320919799804688,0.0,0.0,0.0,0.0,0.0,0.0,0.0,0.0,0.0,0.0,0.0,0.0
725,7.25,1922.8022,966.16516,2068.88,501.112,2065.8806,48.510464,-1.3392118811029225e-16,5.315817807620786e-17,5.2713123970099424e-17,9.68823942740636e-15,1.47132537154927e-14,4.951961709204243e-16,1.3795348554129581e-25,-4.951669567994433e-24,-1.491065810768121e-23,2.5454957227323075e-21,3.67128017070485e-22,-1.1333339642180108e-22,0.36624717712402344,0.05507939420640469,-0.2987431585788727,33.87053451538086,66.06652603149413,-27.2179105758667,0.0,0.0,0.0,0.0,0.0,0.0,0.0,0.0,0.0,0.0,0.0,0.0
726,7.26,1928.4794,967.3433,2071.91,501.916,2066.1584,48.44815,8.296059400234382e-17,4.767004680102758e-17,3.9507793005219417e-16,4.092309580398454e-14,8.094794637109743e-14,-1.885991998356695e-14,1.5160900554174658e-25,-1.6821443539853056e-24,-6.56239219111502e-24,1.2236636029839168e-21,1.3800256314200755e-22,-1.9504790758627363e-23,0.3678923934698105,0.05599258318543434,-0.31257303059101105,30.972883796691896,65.61179885864257,-26.725408172607423,0.0,0.0,0.0,0.0,0.0,0.0,0.0,0.0,0.0,0.0,0.0,0.0
727,7.27,1934.3701,968.6609,2075.59,502.895,2066.999,48.439205,1.813995370451316e-16,3.7292760621467697e-17,5.086200178899375e-16,5.050871626868271e-14,1.0219858745624637e-13,-2.582954432750386e-14,1.3461114721341809e-25,2.6655913637236743e-25,-1.2273894207578758e-24,3.4968871258388607e-22,-1.748932784278919e-24,3.1860261804576554e-23,0.3733134984970093,0.055501476675271985,-0.32970465421676637,29.93773651123047,64.74328308105468,-26.02814178466797,0.0,0.0,0.0,0.0,0.0,0.0,0.0,0.0,0.0,0.0,0.0,0.0
728,7.28,1939.934,969.6738,2079.14,503.30902,2067.4934,48.3842,2.0330181985719072e-16,2.6044383277409646e-17,4.864423077566998e-16,4.7436997025244144e-14,9.69378264182967e-14,-2.5322502273761142e-14,1.0453570009345784e-25,1.226919665182173e-24,1.7119333786528295e-24,-1.5537800176526415e-22,-7.337329070270156e-23,5.323885145311281e-23,0.3804821252822876,0.05574691891670227,-0.3488036811351776,30.959365844726562,63.97554512023926,-25.567373275756836,0.0,0.0,0.0,0.0,0.0,0.0,0.0,0.0,0.0,0.0,0.0,0.0
729,7.29,1945.6675,970.7728,2082.32,503.703,2067.818,48.392532,1.8235577503859964e-16,1.6130222370646462e-17,3.9795161902767445e-16,3.833987062562289e-14,7.887067802786647e-14,-2.1049094338734287e-14,7.249757751836659e-26,1.5266062270246893e-24,2.952932692435955e-24,-3.9061166153422e-22,-9.85971490704909e-23,5.580194352234311e-23,0.3877629339694977,0.05535117946565151,-0.36542199850082396,33.6447250366211,63.987975692749025,-25.61950740814209,0.0,0.0,0.0,0.0,0.0,0.0,0.0,0.0,0.0,0.0,0.0,0.0
730,7.3,1951.503,971.668,2084.98,503.713,2068.007,48.323956,1.426835231751325e-16,8.473480865240709e-18,2.893652218558066e-16,2.758420814490516e-14,5.70775756980656e-14,-1.5515062430198614e-14,4.4526337052546483e-26,1.4388915700995232e-24,3.1235071393388084e-24,-4.497430063910003e-22,-9.595126289381404e-23,4.827841645717002e-23,0.3934720069169998,0.05130103416740894,-0.37571567595005034,36.130367279052734,65.13461608886719,-26.267992782592774,0.0,0.0,0.0,0.0,0.0,0.0,0.0,0.0,0.0,0.0,0.0,0.0
731,7.31,1957.3066,972.40283,2088.62,503.52798,2069.0178,48.255836,9.966308043483367e-17,3.191437958724289e-18,1.8764598416163638e-16,1.7679549586601752e-14,3.682076582382007e-14,-1.02093536736062e-14,2.3079742176724425e-26,1.1657598511245444e-24,2.716324237435816e-24,-4.0890069606457556e-22,-7.938578341846076e-23,3.67575260814067e-23,0.3989370077848434,0.045486146584153175,-0.37066875398159027,37.70775032043457,67.07119827270508,-27.34813346862793,0.0,0.0,0.0,0.0,0.0,0.0,0.0,0.0,0.0,0.0,0.0,0.0
732,7.32,1962.1448,972.9001,2091.6,503.483,2069.1003,48.234398,6.173691783983206e-17,-3.185506837856562e-20,1.0557802863428518e-16,9.782194577141029e-15,2.056421168333128e-14,-5.8618443740898705e-15,8.388414489130438e-27,8.405116568068287e-25,2.0764089880335343e-24,-3.230942178596061e-22,-5.828366238038932e-23,2.5005582290808673e-23,0.4045384436845779,0.04209635443985462,-0.34200803339481356,38.87467651367187,69.08965530395508,-28.399789237976073,0.0,0.0,0.0,0.0,0.0,0.0,0.0,0.0,0.0,0.0,0.0,0.0
733,7.33,1967.4598,973.5305,2093.87,503.574,2069.4731,48.167202,3.244141829355748e-17,-1.685176525677496e-18,4.6624836433692725e-17,4.168982028696024e-15,8.941741381821e-15,-2.6962187488385716e-15,-4.994105225778101e-28,5.399877339045625e-25,1.418153363534349e-24,-2.277505286930173e-22,-3.819124512013297e-23,1.4996945448988274e-23,0.4097948014736176,0.04239200204610825,-0.29312326908111574,40.28030586242676,70.01972427368165,-28.946999931335448,0.0,0.0,0.0,0.0,0.0,0.0,0.0,0.0,0.0,0.0,0.0,0.0
734,7.34,1972.4618,973.8321,2097.39,503.554,2070.9604,48.078445,1.2228439504015626e-17,-2.2687740475874022e-18,8.905648495192184e-18,6.204047552223559e-16,1.5451496143869734e-15,-6.402836405187761e-16,-4.993019487586777e-27,2.9980456803836623e-25,8.547671030605097e-25,-1.4260791038749374e-22,-2.1802107611532798e-23,7.471171786843204e-24,0.4165499180555344,0.04559834450483322,-0.22600763738155366,42.82537307739258,69.23361740112304,-28.9021146774292,0.0,0.0,0.0,0.0,0.0,0.0,0.0,0.0,0.0,0.0,0.0,0.0
735,7.35,1977.2754,974.13055,2099.65,503.692,2070.403,48.12208,-1.0872886935436696e-19,-2.2095283322276034e-18,-1.1911861767159944e-17,-1.3036292920787983e-15,-2.5052023372000046e-15,5.189429592958693e-16,-6.51377945473322e-27,1.2872521934129256e-25,4.29463405493583e-25,-7.62051539932279e-23,-9.91526927667375e-24,2.415334423143688e-24,0.42510729730129243,0.05079705566167832,-0.14336556196212769,46.93241958618164,66.32444610595704,-28.393735313415526,0.0,0.0,0.0,0.0,0.0,0.0,0.0,0.0,0.0,0.0,0.0,0.0
736,7.36,1981.569,974.43207,2102.51,504.004,2070.6057,48.159317,-6.438915211920422e-18,-1.8289306520104073e-18,-2.073485104982753e-17,-2.0869660022682417e-15,-4.19212186767218e-15,1.0331292727275341e-15,-6.264047238851037e-27,2.0308242081569865e-26,1.4259500813844573e-25,-2.9965984943454354e-23,-2.2283995581995652e-24,-5.685974386358744e-25,0.43188937902450564,0.05823000334203243,-0.0621885996311903,52.69187278747559,61.531382369995114,-27.785134506225585,0.0,0.0,0.0,0.0,0.0,0.0,0.0,0.0,0.0,0.0,0.0,0.0
737,7.37,1985.4202,974.3691,2105.94,503.85898,2071.323,48.123997,-8.675472911434114e-18,-1.3433074624195482e-18,-2.1988647912635188e-17,-2.1592941244584624e-15,-4.395761420741264e-15,1.1339687462684836e-15,-5.142976745658442e-27,-3.868977430860669e-26,-2.759265839442547e-26,-1.4278188916363309e-24,2.079565107116568e-24,-2.0137179949588716e-24,0.4334249824285507,0.06819575801491737,0.000519860617350787,59.75518646240234,55.74728889465332,-27.532496452331543,0.0,0.0,0.0,0.0,0.0,0.0,0.0,0.0,0.0,0.0,0.0,0.0
738,7.38,1989.216,974.54126,2107.61,504.333,2070.6511,48.15416,-8.451478770845471e-18,-8.805996625081243e-19,-1.9149457993526552e-17,-1.8543505638043304e-15,-3.803992270647299e-15,1.0061645294231093e-15,-3.7512488269971964e-27,-6.291329777553951e-26,-1.1078115378832817e-25,1.3481181957333666e-23,3.9664702553643214e-24,-2.4381372709826708e-24,0.43026733994483946,0.07812080606818199,0.035602870769798754,67.52895278930664,49.863362884521486,-27.64982032775879,0.0,0.0,0.0,0.0,0.0,0.0,0.0,0.0,0.0,0.0,0.0,0.0
739,7.39,1993.0251,974.75476,2108.74,504.59497,2070.3135,48.151424,-6.997036098291335e-18,-5.030011918504992e-19,-1.465433570245638e-17,-1.4036229979279584e-15,-2.8967592730514488e-15,7.809757434918258e-16,-2.4407984645885963e-27,-6.540711081296548e-26,-1.3602715500348015e-25,1.90155994054356e-23,4.308757791000624e-24,-2.270158275065608e-24,0.4256685137748718,0.08361375108361244,0.03251413721591234,74.7866813659668,44.95181770324707,-27.726433181762694,0.0,0.0,0.0,0.0,0.0,0.0,0.0,0.0,0.0,0.0,0.0,0.0
740,7.4,1996.6777,974.8623,2111.0,504.71698,2070.825,48.07277,-5.140000361627487e-18,-2.290243137815183e-19,-1.0019529158423661e-17,-9.4931144506934e-16,-1.9709794302842814e-15,5.413657848821747e-16,-1.379815435287278e-27,-5.632592957763343e-26,-1.274616022217869e-25,1.884987093107352e-23,3.802108679735762e-24,-1.82401060440764e-24,0.4231298595666885,0.081224025785923,-0.01127269039861858,79.60419082641602,41.502062225341795,-27.88510093688965,0.0,0.0,0.0,0.0,0.0,0.0,0.0,0.0,0.0,0.0,0.0,0.0
741,7.41,1999.9684,974.8276,2112.39,504.557,2071.257,48.050003,-3.3700933373221657e-18,-5.1773914378759945e-20,-6.047274929019585e-18,-5.651449060934031e-16,-1.1823538357842706e-15,3.323042045111257e-16,-6.153027479059671e-28,-4.27284466286476e-26,-1.0285743980953814e-25,1.5777703411649127e-23,2.938968099198029e-24,-1.3054418443079345e-24,0.4245419591665268,0.07060447931289673,-0.08273280262947083,81.29386825561524,39.93112144470215,-28.280481910705568,0.0,0.0,0.0,0.0,0.0,0.0,0.0,0.0,0.0,0.0,0.0,0.0
742,7.42,2003.6531,974.8573,2113.81,504.28198,2071.0767,48.00298,-1.925468409419876e-18,4.762453941956142e-20,-3.0453337709120836e-18,-2.7794165377914637e-16,-5.892570647776242e-16,1.7208696300846425e-16,-1.2446531914549784e-28,-2.896196979816641e-26,-7.390019439456251e-26,1.169699473761177e-23,2.0291853780820048e-24,-8.317837589160313e-25,0.42791551649570464,0.054568004235625266,-0.15846922546625136,80.61054382324218,40.03048400878906,-28.825283813476563,0.0,0.0,0.0,0.0,0.0,0.0,0.0,0.0,0.0,0.0,0.0,0.0
743,7.43,2006.1095,975.04877,2114.09,504.62198,2071.0396,48.020287,-8.771111109927432e-19,9.121812011604881e-20,-1.018293556065682e-18,-8.613504311885234e-17,-1.9073942723260342e-16,6.238750283623053e-17,1.4779067054181083e-28,-1.7289945248880234e-26,-4.729180081380991e-26,7.74401439815718e-24,1.2395669297337092e-24,-4.562866927967864e-25,0.4305794268846512,0.03728685099631548,-0.22125524282455444,78.10900268554687,41.29983673095703,-29.213177108764647,0.0,0.0,0.0,0.0,0.0,0.0,0.0,0.0,0.0,0.0,0.0,0.0
744,7.44,2009.4235,975.26697,2115.21,504.71002,2071.216,48.144356,-1.9875148520281462e-19,9.919262977460929e-20,1.8596518029491508e-19,2.6197288895770023e-17,4.452008305783124e-17,-3.9381137558279916e-18,2.644465782504315e-28,-8.545024217378806e-27,-2.610817333704086e-26,4.483128650731375e-24,6.36893502913691e-25,-1.9079323601685305e-25,0.4323225259780884,0.022550236992537977,-0.25675501972436904,74.53073196411133,43.27690315246582,-29.396999740600585,0.0,0.0,0.0,0.0,0.0,0.0,0.0,0.0,0.0,0.0,0.0,0.0
745,7.45,2012.6105,975.4349,2116.68,504.479,2071.3928,48.16896,1.8175498365000432e-19,8.757767820692248e-20,7.7608309668584945e-19,7.984059702750682e-17,1.5850545938466546e-16,-3.743830784789395e-17,2.8256199327054694e-28,-2.6917817115995798e-27,-1.1072264503810127e-26,2.095033579853827e-24,2.259004157807308e-25,-2.3965499583379674e-26,0.4343888223171234,0.01093755173496902,-0.26748394668102266,71.43809432983399,45.18504791259765,-29.44551639556885,0.0,0.0,0.0,0.0,0.0,0.0,0.0,0.0,0.0,0.0,0.0,0.0
746,7.46,2015.623,975.7416,2117.32,504.39502,2071.162,48.16999,3.4872336874183713e-19,6.772451244762813e-20,9.567199192326722e-19,9.478849383540234e-17,1.9203404760931016e-16,-4.874162718998226e-17,2.4710826874063904e-28,7.462166706880731e-28,-1.581878390966599e-27,5.34396458830935e-25,-2.1349179374786408e-26,6.566409519509045e-26,0.43700191378593445,0.0025376646452059505,-0.2679354965686798,69.92578964233398,46.862300872802734,-29.575319862365724,0.0,0.0,0.0,0.0,0.0,0.0,0.0,0.0,0.0,0.0,0.0,0.0
747,7.47,2018.6132,976.09326,2118.77,504.269,2071.3772,48.161877,3.793700304508329e-19,4.677870507640175e-20,8.980574075637538e-19,8.745918524074887e-17,1.7885514536278623e-16,-4.683366132261806e-17,1.8971136629656414e-28,2.3968071431708808e-27,3.551540869564923e-27,-3.5322308788745423e-25,-1.4517500299717193e-25,1.013731394680945e-25,0.44049963653087615,-0.003920804406516254,-0.26303195357322695,70.41356658935547,48.52698287963867,-29.644305992126466,0.0,0.0,0.0,0.0,0.0,0.0,0.0,0.0,0.0,0.0,0.0,0.0
748,7.48,2020.8202,976.49274,2119.54,504.40103,2071.475,48.118824,3.3502362670118863e-19,2.8589756916199916e-20,7.255720467030924e-19,6.982973763180138e-17,1.4373374873852127e-16,-3.843088471285206e-17,1.3011977399548144e-28,2.8662365048595336e-27,5.629893204574741e-27,-7.53928364470408e-25,-1.8587875768573533e-25,1.0368196092546063e-25,0.4461931765079498,-0.009741321438923478,-0.24018675088882446,73.30904617309571,50.22195472717285,-29.333059310913086,0.0,0.0,0.0,0.0,0.0,0.0,0.0,0.0,0.0,0.0,0.0,0.0
749,7.49,2024.1382,976.8002,2121.09,504.26,2071.29,48.07974,2.5912065481392197e-19,1.4701371086200498e-20,5.218569135003738e-19,4.969443635437515e-17,1.0288828477470201e-16,-2.8018039858555864e-17,7.884174538327856e-29,2.653579480408975e-27,5.807097826164816e-27,-8.40623906783261e-25,-1.7736679814179055e-25,8.844066533776361e-26,0.4552647054195404,-0.01545835193246603,-0.18698077499866486,77.50080108642578,51.65271644592285,-28.602839469909668,0.0,0.0,0.0,0.0,0.0,0.0,0.0,0.0,0.0,0.0,0.0,0.0
750,7.5,2027.1519,977.1041,2121.36,504.016,2071.389,48.05744,1.7900936278620055e-19,5.226321546021593e-21,3.343543652073296e-19,3.146047092626738e-17,6.557008140108117e-17,-1.8221014592129273e-17,3.996638512614967e-29,2.1236892651610776e-27,4.97809133495764e-27,-7.520252326061817e-25,-1.4488236148583338e-25,6.65850200440116e-26,0.4671341091394424,-0.019985057041049005,-0.10630564838647842,80.5297233581543,51.59951896667481,-27.145401000976562,0.0,0.0,0.0,0.0,0.0,0.0,0.0,0.0,0.0,0.0,0.0,0.0
751,7.51,2030.4232,977.4405,2121.24,503.888,2071.3118,48.088425,1.0942712934480962e-19,-4.766958762069012e-22,1.8490427834625677e-19,1.7094036428626814e-17,3.597998065246521e-17,-1.0293238673624089e-17,1.3632228712802462e-29,1.5145490741873869e-27,3.7627563161928086e-27,-5.872777659443114e-25,-1.052115955007536e-25,4.478950875424799e-26,0.4793511092662811,-0.022287717275321483,-0.010662795742973685,80.03932342529296,49.555124282836914,-24.798984909057616,0.0,0.0,0.0,0.0,0.0,0.0,0.0,0.0,0.0,0.0,0.0,0.0
752,7.52,2032.0112,977.687,2122.46,504.205,2071.3645,48.07821,5.628786547709082e-20,-3.3353356131719406e-21,7.871347182231072e-20,6.993898767664045e-18,1.5054720401125728e-17,-4.583395469844715e-18,-2.076698285586414e-30,9.611578576823248e-28,2.541235768966289e-27,-4.0945749850672557e-25,-6.812962325498116e-26,2.6478592065476724e-26,0.4888662755489349,-0.02359593417495489,0.07850330360233784,75.6235466003418,46.443030548095706,-21.768475341796876,0.0,0.0,0.0,0.0,0.0,0.0,0.0,0.0,0.0,0.0,0.0,0.0
753,7.53,2034.5736,978.015,2122.8,504.47296,2071.379,48.064884,2.0028737106130707e-20,-4.2775838343970566e-21,1.1606072805669916e-20,6.891906380962597e-19,1.9032409496667492e-18,-9.194353487888207e-19,-9.829799132604361e-30,5.241381750980919e-28,1.5100916922944472e-27,-2.5308824248751024e-25,-3.825548234467682e-26,1.2861983861771151e-26,0.4939529985189438,-0.025831907242536544,0.14786512777209282,68.07836608886718,42.924472427368165,-18.42480049133301,0.0,0.0,0.0,0.0,0.0,0.0,0.0,0.0,0.0,0.0,0.0,0.0
754,7.54,2037.0378,978.2625,2122.98,504.67,2071.5093,48.105774,-1.8001145309197667e-21,-4.084551585324683e-21,-2.475943634369689e-20,-2.663759541943223e-18,-5.164715856586081e-18,1.1113462645526758e-18,-1.2261129280816904e-29,2.16240048593221e-28,7.402877916507742e-28,-1.3253329498463695e-25,-1.682351629345194e-26,3.8182273452666885e-27,0.49484111964702604,-0.027796188741922377,0.19155619591474532,58.41146659851074,39.16978721618652,-15.121570491790772,0.0,0.0,0.0,0.0,0.0,0.0,0.0,0.0,0.0,0.0,0.0,0.0
755,7.55,2039.628,978.3965,2123.47,504.48596,2071.715,48.00708,-1.2745714573630189e-20,-3.3380101772824216e-21,-3.954600452883029e-20,-3.966744296625799e-18,-7.98275902741189e-18,1.980072876401186e-18,-1.1569171164589543e-29,2.3563084770310576e-29,2.2692326264305346e-28,-4.95074767494201e-26,-3.1310599057480588e-27,-1.4397689074174988e-27,0.49219500720500947,-0.025339659489691257,0.20073756873607634,47.94996566772461,35.778953552246094,-11.9286395072937,0.0,0.0,0.0,0.0,0.0,0.0,0.0,0.0,0.0,0.0,0.0,0.0
756,7.56,2041.9131,978.4904,2122.49,504.234,2071.5796,48.096813,-1.6357522462630265e-20,-2.4249858674358274e-21,-4.088727013726678e-20,-4.008563984136581e-18,-8.167702384872212e-18,2.1132714336553694e-18,-9.379941770363883e-30,-7.93020504640775e-29,-7.315803271400186e-29,1.0537429651208184e-27,4.409783766959174e-27,-3.916841381395679e-27,0.4872489392757416,-0.016773592121899127,0.17044695168733598,38.78930931091308,34.18741149902344,-9.008019876480102,0.0,0.0,0.0,0.0,0.0,0.0,0.0,0.0,0.0,0.0,0.0,0.0
757,7.57,2044.3242,978.639,2122.43,504.089,2071.4292,48.061813,-1.562381099747374e-20,-1.570982328128473e-21,-3.5098456646641825e-20,-3.394893638973062e-18,-6.968622402891109e-18,1.846938125791503e-18,-6.7672728294353e-30,-1.1965968735564979e-28,-2.159560208709663e-28,2.6900279511255363e-26,7.590749580354649e-27,-4.570631041826981e-27,0.4805682420730591,-0.004184331340366043,0.1059149146080017,32.78461856842041,34.86900634765625,-6.891860485076904,0.0,0.0,0.0,0.0,0.0,0.0,0.0,0.0,0.0,0.0,0.0,0.0
758,7.58,2046.5365,978.7246,2122.53,503.86798,2071.4192,48.087994,-1.2770612225391894e-20,-8.826678466436644e-22,-2.6558530426868856e-20,-2.541217252667588e-18,-5.247472050867623e-18,1.417249995575549e-18,-4.3507428133764466e-30,-1.214625443580596e-28,-2.5520509489396173e-28,3.593565381249252e-26,8.024531712109642e-27,-4.1827526799244786e-27,0.47258042097091674,0.007457093987613917,0.01871503731235862,30.48431053161621,36.58068351745605,-6.1946313858032225,0.0,0.0,0.0,0.0,0.0,0.0,0.0,0.0,0.0,0.0,0.0,0.0
759,7.59,2048.7827,978.92633,2122.54,503.757,2071.1033,48.099804,-9.279057414308206e-21,-3.8866805467633947e-22,-1.7956384392277986e-20,-1.6993302994015565e-18,-3.530447489623914e-18,9.71603824603918e-19,-2.4180423600708472e-30,-1.0314347548709357e-28,-2.3495944005872118e-28,3.4890044258971725e-26,6.97616461209448e-27,-3.3204033917400025e-27,0.46403850317001344,0.013200040720403195,-0.0684568988159299,31.187323379516602,37.78316040039063,-7.10028190612793,0.0,0.0,0.0,0.0,0.0,0.0,0.0,0.0,0.0,0.0,0.0,0.0
760,7.6,2050.8347,979.1298,2123.14,503.84802,2071.1277,48.104076,-6.0123340095668385e-21,-7.292018201494755e-23,-1.0685299917785942e-20,-9.969120254906797e-19,-2.087621348681682e-18,5.883631368934927e-19,-1.0405204595343172e-30,-7.737455690531667e-29,-1.8731209814233244e-28,2.8823497129983316e-26,5.331360042424724e-27,-2.350586288212345e-27,0.45591922998428347,0.011999800149351359,-0.1403518594801426,33.88193817138672,37.924512481689455,-8.91723461151123,0.0,0.0,0.0,0.0,0.0,0.0,0.0,0.0,0.0,0.0,0.0,0.0
761,7.61,2052.9878,979.2708,2123.63,503.76404,2071.2458,48.206306,-3.3789218114430197e-21,1.0108535615171038e-22,-5.251196559368585e-21,-4.775530656083059e-19,-1.0144950263705649e-18,2.979571852388958e-19,-1.669137975335667e-31,-5.185600319777903e-29,-1.3311678219319667e-28,2.113499296936701e-26,3.640322638512179e-27,-1.479152330702296e-27,0.44755883514881134,0.007104995893314481,-0.1960924595594406,38.26864128112793,37.406355667114255,-10.63887996673584,0.0,0.0,0.0,0.0,0.0,0.0,0.0,0.0,0.0,0.0,0.0,0.0
762,7.62,2055.1313,979.40607,2124.11,503.377,2071.4092,47.913822,-1.4886285716744435e-21,1.7459266958904356e-22,-1.6232853308549837e-21,-1.346735358008457e-19,-3.016223960374893e-19,1.0133116081487537e-19,3.090014429822928e-31,-3.050986236266588e-29,-8.414021579041225e-29,1.383029891327588e-26,2.1934559618407086e-27,-7.96421070995331e-28,0.43830430805683135,0.00043228259528405033,-0.23643446415662767,43.73705902099609,36.934885025024414,-11.998785877227784,0.0,0.0,0.0,0.0,0.0,0.0,0.0,0.0,0.0,0.0,0.0,0.0
763,7.63,2057.0793,979.5235,2125.24,503.42203,2071.524,48.04751,-2.8019743542585843e-22,1.8474634694910052e-22,5.004794531598659e-22,6.307638546457842e-20,1.1294149988129493e-19,-1.58886664344053e-20,5.048940594677293e-31,-1.469286131644206e-29,-4.560936678451501e-29,7.880555660591866e-27,1.1014807089850905e-27,-3.1896027690091122e-28,0.43034432232379916,-0.005586309405043721,-0.2628646492958069,49.495405197143555,37.55517921447754,-13.112993907928466,0.0,0.0,0.0,0.0,0.0,0.0,0.0,0.0,0.0,0.0,0.0,0.0
764,7.64,2058.9822,979.7258,2126.14,503.52798,2071.5254,48.01637,3.8593403822150875e-22,1.606959519944411e-22,1.5138417980904965e-21,1.5482286792390968e-19,3.0833627533393556e-19,-7.368003902083433e-20,5.25675699327555e-31,-4.226896762870422e-30,-1.855828742565214e-29,3.5707089954852284e-27,3.6512679535718487e-28,-2.2767341491426797e-29,0.4260431736707687,-0.00800069458782673,-0.28068975508213045,55.182352447509764,40.19441947937012,-13.793056964874268,0.0,0.0,0.0,0.0,0.0,0.0,0.0,0.0,0.0,0.0,0.0,0.0
765,7.65,2060.857,979.79865,2126.43,503.425,2071.2476,48.006977,6.67501478284045e-22,1.228586779132673e-22,1.795332653011999e-21,1.774931872523003e-19,3.6000782094201323e-19,-9.173828747437395e-20,4.530705901543834e-31,1.82757572549885e-30,-1.6999367637947565e-30,7.87507784156978e-28,-7.15808331992098e-29,1.3323018576314707e-28,0.42418387830257415,-0.006299849227070808,-0.286956849694252,61.16336860656738,43.706251525878905,-14.086775779724121,0.0,0.0,0.0,0.0,0.0,0.0,0.0,0.0,0.0,0.0,0.0,0.0
766,7.66,2062.5515,979.7183,2126.41,502.967,2071.1992,48.08024,7.065960767412834e-22,8.392371965969655e-23,1.6556746671536512e-21,1.610318626700826e-19,3.2954668550465544e-19,-8.649256329232981e-20,3.4392324074550447e-31,4.6529805417977235e-30,7.242972823721543e-30,-7.692224672082874e-28,-2.8492234560283987e-28,1.9237887917715633e-28,0.42151238322257994,-0.0013927048377809115,-0.28264919221401213,67.8356819152832,46.100272750854494,-14.672265625,0.0,0.0,0.0,0.0,0.0,0.0,0.0,0.0,0.0,0.0,0.0,0.0
767,7.67,2064.5493,979.76526,2126.93,502.76297,2071.2207,48.060356,6.147447328622707e-22,5.059353798945314e-23,1.3214674968784002e-21,1.270459025550135e-19,2.616554929324236e-19,-7.008828056816586e-20,2.33270269976824e-31,5.369339099561712e-30,1.0696355587668962e-29,-1.4482640447722698e-27,-3.495375215338001e-28,1.9232676110544878e-28,0.4159395396709442,0.005033856141380966,-0.273800852894783,74.38118896484374,46.80441780090332,-15.977712249755859,0.0,0.0,0.0,0.0,0.0,0.0,0.0,0.0,0.0,0.0,0.0,0.0
768,7.68,2066.2485,979.91583,2127.05,502.63602,2071.075,48.129658,4.7007683654527095e-22,2.542839722096648e-23,9.40123244516617e-22,8.94289271586269e-20,1.8526455556958453e-19,-5.0542351983476166e-20,1.393764538231842e-31,4.887090943464552e-30,1.0778188501469253e-29,-1.5681395289670697e-27,-3.2739493885172234e-28,1.6182434727684284e-28,0.40686753392219543,0.01201242906972766,-0.2674115180969238,78.28616333007812,45.71702003479004,-17.59664840698242,0.0,0.0,0.0,0.0,0.0,0.0,0.0,0.0,0.0,0.0,0.0,0.0
769,7.69,2067.9785,980.10767,2128.23,502.65997,2071.524,48.06479,3.2115874447320273e-22,8.451734490616789e-24,5.949539823230581e-22,5.590450054426744e-20,1.1660524760417994e-19,-3.247725715633924e-20,6.898330058181924e-32,3.8645810698311606e-30,9.112408133450068e-30,-1.3813316621545958e-27,-2.6412454109701807e-28,1.204887544558723e-28,0.3940030574798584,0.019424949027597904,-0.2717448353767395,77.69050445556641,43.38556022644043,-18.922793579101562,0.0,0.0,0.0,0.0,0.0,0.0,0.0,0.0,0.0,0.0,0.0,0.0
770,7.7,2069.8354,980.37146,2128.88,502.962,2071.1958,48.124233,1.9365112749191545e-22,-1.6219183922346825e-24,3.2309118863373005e-22,2.9797863732797707e-20,6.280339881799166e-20,-1.8036589730863947e-20,2.1835444170183358e-32,2.726133298042835e-30,6.811443844630724e-30,-1.0663377982518451e-27,-1.8971975372147195e-28,8.012944682007328e-29,0.3770715117454529,0.02752264738082886,-0.2862379938364029,72.93468627929687,41.312971115112305,-19.59682960510254,0.0,0.0,0.0,0.0,0.0,0.0,0.0,0.0,0.0,0.0,0.0,0.0
771,7.71,2071.662,980.52966,2129.56,502.924,2071.0886,48.16048,9.736361169061787e-23,-6.547760477931071e-24,1.3202288262228449e-22,1.1644430014818278e-20,2.5170939472955128e-20,-7.748904749488125e-21,-5.8818930638713684e-33,1.7084314031913127e-30,4.548285259693149e-30,-7.353058875523057e-28,-1.213763457522799e-28,4.666767913157727e-29,0.35732288360595704,0.03496773242950439,-0.29592507183551786,65.77192535400391,41.083713912963866,-19.61498908996582,0.0,0.0,0.0,0.0,0.0,0.0,0.0,0.0,0.0,0.0,0.0,0.0
772,7.72,2073.3943,980.7227,2130.4,503.11,2071.0757,48.181202,3.2396157736687255e-23,-8.04454239848425e-24,1.2799144868529908e-23,4.594282341641655e-22,1.820695765524399e-21,-1.228067833770377e-21,-1.9210303663835734e-32,9.141150521980217e-31,2.6631915752794677e-30,-4.484768713045224e-28,-6.698101084413704e-29,2.2056917920004518e-29,0.33836809694767,0.03874913267791271,-0.285258549451828,58.354896545410156,43.083193969726565,-19.378590393066407,0.0,0.0,0.0,0.0,0.0,0.0,0.0,0.0,0.0,0.0,0.0,0.0
773,7.73,2074.9858,980.7861,2131.15,502.87402,2070.9326,48.166412,-6.1627012540707116e-24,-7.53991273169371e-24,-5.056902808112792e-23,-5.368002196484476e-21,-1.0481397594579955e-20,2.321468414301364e-21,-2.3023694618358783e-32,3.6059478341558963e-31,1.2713174529566861e-30,-2.2984025085899183e-28,-2.8381232655066913e-29,5.899717354635777e-30,0.3271675258874893,0.03702219612896442,-0.24973766058683394,52.45306129455567,45.81052474975586,-19.196249198913574,0.0,0.0,0.0,0.0,0.0,0.0,0.0,0.0,0.0,0.0,0.0,0.0
774,7.74,2076.861,980.9592,2132.28,503.08597,2070.8088,48.253395,-2.50245272587641e-23,-6.085528613808177e-24,-7.515862177073603e-23,-7.515588562246349e-21,-1.5149912600634862e-20,3.779834241972773e-21,-2.1337392723869724e-32,1.867230725496279e-32,3.537551636578584e-31,-8.093285030193374e-29,-4.0246140885642546e-30,-3.3479403423354385e-30,0.32934184968471525,0.030467227473855017,-0.20019666701555253,48.943715286254886,47.662679290771486,-18.977249526977538,0.0,0.0,0.0,0.0,0.0,0.0,0.0,0.0,0.0,0.0,0.0,0.0
775,7.75,2078.6682,981.0979,2133.35,503.149,2070.9536,48.329094,-3.076352805179823e-23,-4.372958091923723e-24,-7.590041670999666e-23,-7.429610973169062e-21,-1.5151226234533432e-20,3.931214231352694e-21,-1.708873178653733e-32,-1.6020396382356765e-31,-1.7438142677486096e-31,8.503707310441731e-30,9.14448099840265e-30,-7.575310805919354e-30,0.34435938894748686,0.021524450555443764,-0.15712168514728547,48.266075897216794,48.66912078857422,-18.867852020263673,0.0,0.0,0.0,0.0,0.0,0.0,0.0,0.0,0.0,0.0,0.0,0.0
776,7.76,2080.4724,980.95056,2133.7,502.274,2071.1838,48.319397,-2.8841509476994305e-23,-2.79892122826369e-24,-6.42550879440558e-23,-6.208100195576864e-21,-1.2751078888370209e-20,3.386168749675326e-21,-1.2194980414498391e-32,-2.2684946945233596e-31,-4.184731982691455e-31,5.317092103395347e-29,1.4470908874170645e-29,-8.549909673914926e-30,0.36858393251895905,0.012519663851708173,-0.13709149211645127,49.82294464111328,49.26498641967773,-19.09188747406006,0.0,0.0,0.0,0.0,0.0,0.0,0.0,0.0,0.0,0.0,0.0,0.0
777,7.77,2082.3076,981.20496,2136.0,502.65198,2070.8975,48.397938,-2.3282491243790877e-23,-1.5455770498962837e-24,-4.80819291917081e-23,-4.595919082869583e-21,-9.495712818842036e-21,2.5691821082352164e-21,-7.744784093124386e-33,-2.2519230453632073e-31,-4.777471224001784e-31,6.772667043236647e-29,1.491830871970943e-29,-7.696540196596493e-30,0.39804918467998507,0.005936038587242365,-0.14160467088222503,52.71752700805664,49.051739883422854,-19.503873825073242,0.0,0.0,0.0,0.0,0.0,0.0,0.0,0.0,0.0,0.0,0.0,0.0
778,7.78,2084.1377,981.27905,2137.85,502.394,2071.2097,48.4137,-1.6733120621866158e-23,-6.558293052914742e-25,-3.2141980442137804e-23,-3.0382023810871804e-21,-6.316176714434137e-21,1.741740487483289e-21,-4.227961069561589e-33,-1.8865632498352598e-31,-4.32540731780549e-31,6.448374625858349e-29,1.2784578382255018e-29,-6.037912288524097e-30,0.4273673385381699,0.002057446527760476,-0.15995880961418152,56.10860900878906,47.79830093383789,-19.891015815734864,0.0,0.0,0.0,0.0,0.0,0.0,0.0,0.0,0.0,0.0,0.0,0.0
779,7.79,2085.7375,981.3037,2139.16,502.183,2071.236,48.38891,-1.0712014176110675e-23,-9.413731450977311e-26,-1.8847818946086858e-23,-1.7553389752660393e-21,-3.679475342464426e-21,1.0400340760795077e-21,-1.748620672396606e-33,-1.3996475465643457e-31,-3.40743001905061e-31,5.25973553233172e-29,9.660973693543783e-30,-4.227804272721121e-30,0.4504311978816986,-0.0024169464864826295,-0.18495662957429887,59.868455505371095,46.11947402954102,-20.443476295471193,0.0,0.0,0.0,0.0,0.0,0.0,0.0,0.0,0.0,0.0,0.0,0.0
780,7.8,2087.5427,981.4237,2140.95,502.079,2071.2627,48.42378,-5.916785901927247e-24,2.097673320449065e-25,-9.021459815457853e-24,-8.171654515948629e-22,-1.7398651846202033e-21,5.142084216917836e-22,-1.959298944094431e-34,-9.273472582648325e-32,-2.395202664701602e-31,3.8147424039212687e-29,6.523041440215801e-30,-2.626585759607291e-30,0.46395007967948915,-0.009002912137657405,-0.2128037303686142,63.43686943054199,44.8387638092041,-21.346537399291993,0.0,0.0,0.0,0.0,0.0,0.0,0.0,0.0,0.0,0.0,0.0,0.0
781,7.81,2089.2385,981.48315,2142.78,501.88898,2071.3433,48.429962,-2.512105316659546e-24,3.3288567196593895e-25,-2.536327640811384e-24,-2.0499371282056302e-22,-4.662504156063098e-22,1.621934662145726e-22,6.339687566374033e-34,-5.374059950702298e-32,-1.4948789753722015e-31,2.4668262407938143e-29,3.874966383745534e-30,-1.3865644049361627e-30,0.4688395470380783,-0.016501107718795538,-0.23535382598638535,65.34338455200195,44.57286529541015,-22.325277519226074,0.0,0.0,0.0,0.0,0.0,0.0,0.0,0.0,0.0,0.0,0.0,0.0
782,7.82,2090.8513,981.54205,2144.4,501.78497,2071.3137,48.50334,-3.6235158074742815e-25,3.434812966574602e-25,1.2021420957355172e-24,1.4244854833618117e-22,2.6289919133868486e-22,-4.461731512596374e-23,9.604907127054804e-34,-2.5162712154254536e-32,-7.947921264543146e-32,1.3824430314642136e-29,1.8985272150469685e-30,-5.288679728791622e-31,0.46809475421905516,-0.021750123985111714,-0.24083896726369858,63.52506561279297,44.786917495727536,-22.88085231781006,0.0,0.0,0.0,0.0,0.0,0.0,0.0,0.0,0.0,0.0,0.0,0.0
783,7.83,2092.157,981.61206,2144.59,501.706,2070.853,48.628773,8.011038933497642e-25,2.945055650056768e-25,2.9350789952137668e-24,2.9863391563246445e-22,5.963849179449664e-22,-1.439505516481799e-22,9.762878965961432e-34,-6.47230679770783e-33,-3.086600767779517e-32,6.054746759413184e-30,5.808229694309161e-31,-3.784173454686186e-33,0.4639870494604111,-0.020987685956060886,-0.2244747743010521,57.73814849853515,45.38393707275391,-22.29659938812256,0.0,0.0,0.0,0.0,0.0,0.0,0.0,0.0,0.0,0.0,0.0,0.0
784,7.84,2093.3313,981.6183,2145.53,501.55997,2070.7803,48.697693,1.2727554518646697e-24,2.2264120798482383e-25,3.361582086761753e-24,3.316698376700198e-22,6.7346020792030275e-22,-1.7224701251329679e-22,8.297154968085624e-34,4.169403639396159e-33,-9.637965472031034e-34,1.0978622224254091e-30,-1.8916536061639568e-31,2.669686014647563e-31,0.4567633181810379,-0.014603742770850659,-0.19167684763669968,50.21051940917969,46.89542694091797,-20.49490032196045,0.0,0.0,0.0,0.0,0.0,0.0,0.0,0.0,0.0,0.0,0.0,0.0
785,7.85,2094.6199,981.6706,2146.85,501.44897,2070.7395,48.743294,1.3137405131194398e-24,1.5038819891749113e-25,3.048348475758444e-24,2.961111409819226e-22,6.064003565821699e-22,-1.5951160293190785e-22,6.228301670616448e-34,8.983840986712885e-33,1.4573471422785186e-32,-1.6263959893301945e-30,-5.553460983298806e-31,3.639664985308385e-31,0.4462094783782959,-0.006524298526346684,-0.14760259464383124,43.50792121887207,48.66627502441406,-18.335841369628906,0.0,0.0,0.0,0.0,0.0,0.0,0.0,0.0,0.0,0.0,0.0,0.0
786,7.86,2095.8223,981.7394,2147.96,501.289,2070.817,48.7818,1.1266553159386855e-24,8.938424775099691e-26,2.4041580735664072e-24,2.3089536245027053e-22,4.758097853552124e-22,-1.276835077196026e-22,4.176966223628148e-34,1.0037290738587002e-32,2.0258049108967297e-32,-2.7702996676845855e-30,-6.557456773886972e-31,3.5619829818616956e-31,0.4337084323167801,0.0016319906571879983,-0.09297130033373832,39.7754467010498,49.54176979064941,-16.644067573547364,0.0,0.0,0.0,0.0,0.0,0.0,0.0,0.0,0.0,0.0,0.0,0.0
787,7.87,2096.896,981.6843,2148.86,501.00296,2070.9458,48.76597,8.518740296463215e-25,4.3834413285881535e-26,1.6917686542442282e-24,1.607550913187837e-22,3.3322598886786946e-22,-9.107571501107154e-23,2.4596926909695474e-34,8.988803409583278e-33,1.9972700647104268e-32,-2.919858453408632e-30,-6.034930868096174e-31,2.9575934630601413e-31,0.42277192175388334,0.01013246034272015,-0.03264096579514444,39.62266654968262,49.28822288513184,-15.745941829681396,0.0,0.0,0.0,0.0,0.0,0.0,0.0,0.0,0.0,0.0,0.0,0.0
788,7.88,2097.8184,981.7414,2149.64,501.234,2070.895,48.94393,5.75514656695347e-25,1.345335209121912e-26,1.0571744343502236e-24,9.91954262297203e-23,2.0706519978986453e-22,-5.780955981625076e-23,1.1864072144882081e-34,7.02501957162949e-33,1.6661069309292918e-32,-2.5341326587173777e-30,-4.809814480866919e-31,2.177985579171062e-31,0.4143417179584503,0.018347113858908415,0.02011779460590333,42.29988021850586,48.432315826416016,-15.364304161071777,0.0,0.0,0.0,0.0,0.0,0.0,0.0,0.0,0.0,0.0,0.0,0.0
789,7.89,2098.8103,981.72546,2150.41,501.23502,2070.8923,48.986603,3.42134531133354e-25,-4.3093436868349494e-27,5.631616421918389e-25,5.1805018502871823e-23,1.093450551556117e-22,-3.153393071624234e-23,3.4331287191714365e-35,4.901496006366736e-33,1.2317181795005603e-32,-1.9341266758994746e-30,-3.4173474532995145e-31,1.4317631807033874e-31,0.40643691420555117,0.025968568213284016,0.05323412232100964,47.71199417114258,47.20664596557617,-15.276506519317627,0.0,0.0,0.0,0.0,0.0,0.0,0.0,0.0,0.0,0.0,0.0,0.0
790,7.9,2099.6375,981.6291,2151.15,500.975,2071.068,48.98455,1.6784782190707139e-25,-1.2765320359341587e-26,2.197572791941604e-25,1.9213993426591525e-23,4.174197621211496e-23,-1.3018459106183364e-23,-1.4485564958667154e-35,3.032275105338433e-33,8.13052399698046e-33,-1.3189497817977686e-30,-2.1594258281703076e-31,8.209618104158377e-32,0.399962317943573,0.03349840380251408,0.05419387556612491,55.12980499267578,45.58013763427734,-15.522216606140137,0.0,0.0,0.0,0.0,0.0,0.0,0.0,0.0,0.0,0.0,0.0,0.0
791,7.91,2100.4653,981.6108,2152.23,500.741,2071.1143,48.96046,5.158140840113207e-26,-1.5093121625198068e-26,8.255198300063162e-27,-5.985343722579368e-25,3.4618567207792922e-25,-1.4294660715709568e-24,-3.730626214476532e-35,1.5900834390743332e-33,4.6881669242375223e-33,-7.934468237160555e-31,-1.170054233496343e-31,3.766199675864373e-32,0.39791165888309477,0.04072379693388939,0.022809824626892804,62.70166206359863,44.15787696838379,-16.155530548095705,0.0,0.0,0.0,0.0,0.0,0.0,0.0,0.0,0.0,0.0,0.0,0.0
792,7.92,2100.8955,981.5276,2153.82,500.432,2071.8386,48.886147,-1.6410568467390038e-26,-1.3899148058411407e-26,-1.0186972679163354e-25,-1.0697144542477711e-23,-2.1006608441794352e-23,4.759526105942549e-24,-4.3135952464197605e-35,5.961222030228805e-34,2.174215914255401e-33,-3.973506250807734e-31,-4.7562350193010007e-32,8.832996980503549e-33,0.40015803575515746,0.046880852431058884,-0.028279330697841942,68.92495880126953,43.353255081176755,-16.86757411956787,0.0,0.0,0.0,0.0,0.0,0.0,0.0,0.0,0.0,0.0,0.0,0.0
793,7.93,2101.593,981.6235,2154.91,500.38702,2072.0627,48.946323,-4.87917458693778e-26,-1.1082432450951519e-26,-1.4238647707223365e-25,-1.4197790618928944e-23,-2.8663869045191206e-23,7.189551441350741e-24,-3.93000916963863e-35,-9.726125332093896e-36,5.36279445118632e-34,-1.3059783644424121e-31,-4.297611598589755e-33,-7.399040384555041e-33,0.4056903749704361,0.05129686482250691,-0.09026637300848961,72.77440643310547,43.45099792480469,-17.38710746765137,0.0,0.0,0.0,0.0,0.0,0.0,0.0,0.0,0.0,0.0,0.0,0.0
794,7.94,2102.2139,981.78204,2156.44,500.45596,2072.1667,48.96899,-5.77202991595843e-26,-7.877152619417331e-27,-1.4066997244185028e-25,-1.3749112883993466e-23,-2.806149391133136e-23,7.300550797146942e-24,-3.1099170984012516e-35,-3.198910636075982e-34,-3.914085801480359e-34,2.733940508995062e-32,1.8642881593902675e-32,-1.457791537917847e-32,0.4135350465774536,0.053926070779562,-0.1524684175848961,74.24163055419922,45.153450393676756,-17.708867835998536,0.0,0.0,0.0,0.0,0.0,0.0,0.0,0.0,0.0,0.0,0.0,0.0
795,7.95,2102.5876,981.8228,2157.35,500.40604,2072.3337,49.076138,-5.316779181186878e-26,-4.979858452718813e-27,-1.1749664717208654e-25,-1.1339621814884926e-23,-2.330502458223197e-23,6.2008335329820276e-24,-2.1951944602831284e-35,-4.287803769638173e-34,-8.066781585211473e-34,1.0426524395324713e-31,2.7491558215749466e-32,-1.596143476121387e-32,0.42393694818019867,0.05437381416559219,-0.20427708178758622,73.86203155517578,47.857719802856444,-17.960365295410156,0.0,0.0,0.0,0.0,0.0,0.0,0.0,0.0,0.0,0.0,0.0,0.0
796,7.96,2103.0283,981.9823,2157.8,500.71603,2072.1567,49.386337,-4.2400720836698146e-26,-2.700119076773307e-27,-8.695587257455178e-26,-8.303103866400558e-24,-1.7164990728582817e-23,4.652466538443772e-24,-1.3767291687644112e-35,-4.168600239516895e-34,-8.925083203637263e-34,1.2732163465310046e-31,2.768791925732975e-32,-1.4144043499962634e-32,0.4362652122974396,0.05349943190813065,-0.2435399517416954,72.18344650268554,50.03213958740234,-18.460747146606444,0.0,0.0,0.0,0.0,0.0,0.0,0.0,0.0,0.0,0.0,0.0,0.0
797,7.97,2103.2488,982.1948,2157.97,500.90497,2071.4417,49.54789,-3.0142408006341115e-26,-1.0993501778730612e-27,-5.746399208850217e-26,-5.42514175338364e-24,-1.1286053426254988e-23,3.1186216251451615e-24,-7.37479811261358e-36,-3.4467251638328454e-34,-7.95243022944745e-34,1.190089911694103e-31,2.3401593423881895e-32,-1.0967775479436257e-32,0.44740774035453795,0.05358797498047352,-0.2758829563856125,69.1399154663086,51.16264533996582,-18.97114715576172,0.0,0.0,0.0,0.0,0.0,0.0,0.0,0.0,0.0,0.0,0.0,0.0
798,7.98,2103.3506,982.2936,2158.16,500.59198,2071.1492,49.564495,-1.9059277444303355e-26,-1.015619824650792e-28,-3.318496501539045e-26,-3.0847901813764457e-24,-6.473009596274138e-24,1.8352969951508177e-24,-2.9172992032699703e-36,-2.5291649466366844e-34,-6.191883983190759e-34,9.58743248884829e-32,1.7488143461111634e-32,-7.595675904066243e-33,0.45500120520591736,0.054540716111660004,-0.29840628802776337,65.20892143249512,50.71243095397949,-19.050207901000977,0.0,0.0,0.0,0.0,0.0,0.0,0.0,0.0,0.0,0.0,0.0,0.0
799,7.99,2103.429,982.3884,2159.12,500.56696,2071.1794,49.60899,-1.0336976382961557e-26,4.278886007544127e-28,-1.5435118789147026e-26,-1.3918826782256337e-24,-2.971025315904812e-24,8.842161730513092e-25,-1.616694823044547e-37,-1.656319753944086e-34,-4.3049416507536965e-34,6.87796550017469e-32,1.1674576428825094e-32,-4.6571562812368765e-33,0.4575174361467361,0.054442164674401286,-0.3006928414106369,61.25238952636719,48.73115196228027,-18.435229301452637,0.0,0.0,0.0,0.0,0.0,0.0,0.0,0.0,0.0,0.0,0.0,0.0
800,8.0,2103.3096,982.42053,2159.16,500.25897,2071.1785,49.63279,-4.211423594561283e-27,6.324863426485021e-28,-3.857098212389442e-27,-3.003356402931175e-25,-6.984901020130441e-25,2.5477906291615523e-25,1.2817068015235343e-36,-9.447889424514949e-35,-2.6519690710558293e-34,4.3940936861633027e-32,6.833601630731208e-33,-2.4073410192022322e-33,0.45312772393226625,0.052087736502289775,-0.28772792518138884,58.6977954864502,45.524875259399415,-17.021445655822752,0.0,0.0,0.0,0.0,0.0,0.0,0.0,0.0,0.0,0.0,0.0,0.0
801,8.01,2102.8938,982.3148,2158.63,499.741,2071.0369,49.694534,-3.9252445483733684e-28,6.375288124288968e-28,2.710924593393139e-27,3.088505562165641e-25,5.81399523303036e-25,-1.094349916195549e-25,1.821221238951067e-36,-4.290009509023207e-35,-1.381298409437441e-34,2.4198766232025158e-32,3.260108024515267e-33,-8.683607069989728e-34,0.44421306252479553,0.04665566459298134,-0.27617054283618925,58.57823867797852,41.82704734802246,-15.294828987121582,0.0,0.0,0.0,0.0,0.0,0.0,0.0,0.0,0.0,0.0,0.0,0.0
802,8.02,2102.5752,982.3861,2158.27,499.684,2070.6838,49.773533,1.6344795822006975e-27,5.39102020023924e-28,5.660575541186164e-27,5.733343486913099e-25,1.1477697006872755e-24,-2.7948062684718825e-25,1.8102129790111177e-36,-9.565209749764546e-36,-5.086674818717459e-35,1.020704005743261e-32,9.049744999431566e-34,6.103555621494139e-35,0.4340704888105392,0.03971844464540482,-0.27451929450035095,60.50569534301758,38.92817611694336,-14.139251518249512,0.0,0.0,0.0,0.0,0.0,0.0,0.0,0.0,0.0,0.0,0.0,0.0
803,8.03,2102.066,982.36816,2159.11,499.451,2071.3083,49.713524,2.418368352602884e-27,4.030372144574413e-28,6.2811972598198165e-27,6.185609917739369e-25,1.2572919242992107e-24,-3.2268256966971367e-25,1.5177077760715406e-36,9.101109895348832e-36,2.0899138475009738e-36,1.390982597964658e-33,-4.501305488150868e-34,5.2953402963314806e-34,0.4255297988653183,0.033393305353820325,-0.2766437143087387,63.75428924560547,38.205278396606445,-13.762883186340332,0.0,0.0,0.0,0.0,0.0,0.0,0.0,0.0,0.0,0.0,0.0,0.0
804,8.04,2101.598,982.3955,2158.73,499.338,2071.2546,49.714844,2.4384672226874128e-27,2.6916830606530035e-28,5.6052024360203064e-27,5.438143699658925e-25,1.1144134765886264e-24,-2.9377832399791483e-25,1.1267232541473807e-36,1.7262705787309987e-35,2.9004705656321243e-35,-3.365248996331514e-33,-1.0759991865375444e-33,6.866657413497093e-34,0.42171690762043,0.027415337041020393,-0.28199242055416107,66.71781768798829,39.49902839660645,-13.938782119750977,0.0,0.0,0.0,0.0,0.0,0.0,0.0,0.0,0.0,0.0,0.0,0.0
805,8.05,2101.3167,982.4633,2158.64,499.171,2070.9224,49.74423,2.0624149373119227e-27,1.5764168725340797e-28,4.369220716398265e-27,4.191861749241702e-25,8.643161903625002e-25,-2.323558956797477e-25,7.470259604193703e-37,1.8726405753809345e-35,3.825623032795392e-35,-5.27905939192368e-33,-1.2275057238627015e-33,6.587020026652689e-34,0.4237220048904419,0.02152903638780117,-0.29768815636634827,68.23925552368163,41.22711944580078,-14.23319845199585,0.0,0.0,0.0,0.0,0.0,0.0,0.0,0.0,0.0,0.0,0.0,0.0
806,8.06,2101.0264,982.5074,2157.54,499.131,2070.1255,49.910458,1.5421330035932287e-27,7.528228078051407e-29,3.0409787672378112e-27,2.886424401440928e-25,5.98685044690834e-25,-1.6393585204991425e-25,4.333017580343765e-37,1.6512136142619241e-35,3.6954115777902324e-35,-5.427200369536288e-33,-1.110947827448941e-33,5.399386584441749e-34,0.4292522072792053,0.015139211900532246,-0.32084341943264005,67.4572509765625,42.08818588256836,-14.5691162109375,0.0,0.0,0.0,0.0,0.0,0.0,0.0,0.0,0.0,0.0,0.0,0.0
807,8.07,2100.674,982.5531,2157.43,498.984,2070.087,49.93865,1.0300880989129841e-27,2.0979722582153925e-29,1.8757391700343344e-27,1.757407770898312e-25,3.6715303287530878e-25,-1.0275721688042255e-25,2.0323227473576195e-37,1.2756435709544988e-35,3.042853280278324e-35,-4.643438151960185e-33,-8.749414894209732e-34,3.932782090787654e-34,0.43410869836807253,0.0068045233376324175,-0.34288994669914247,64.20851287841796,41.684212875366214,-15.595827579498291,0.0,0.0,0.0,0.0,0.0,0.0,0.0,0.0,0.0,0.0,0.0,0.0
808,8.08,2100.2046,982.5608,2157.16,498.842,2070.194,49.994114,6.034183542202385e-28,-1.0283079510884547e-29,9.790041745483731e-28,8.980598819836762e-26,1.898527998027769e-25,-5.49984590982308e-26,5.265895694496235e-38,8.802794195995505e-36,2.2249526192187197e-35,-3.5044092338380376e-33,-6.1487640494199655e-34,2.55504278896269e-34,0.43622283041477206,-0.003497320746828336,-0.3577918320894241,59.51234321594238,40.11409912109375,-17.635676383972168,0.0,0.0,0.0,0.0,0.0,0.0,0.0,0.0,0.0,0.0,0.0,0.0
809,8.09,2099.8625,982.596,2156.9,498.733,2070.0188,50.123634,2.882827105772192e-28,-2.4738214891857272e-29,3.625078399853156e-28,3.1362523452858106e-26,6.854909541910057e-26,-2.1711894267888927e-26,-3.3154504744922893e-38,5.3737969262074764e-36,1.4515864986490642e-35,-2.363084979324918e-33,-3.8364247295932136e-34,1.441337104829926e-34,0.4373126268386841,-0.011918294709175825,-0.36701662838459015,55.02972946166992,37.65506553649902,-20.479769706726074,0.0,0.0,0.0,0.0,0.0,0.0,0.0,0.0,0.0,0.0,0.0,0.0
810,8.1,2099.4504,982.6313,2156.51,498.625,2069.935,50.17698,8.046639187496247e-29,-2.825536214938199e-29,-1.211866041874018e-29,-3.6759852855150415e-27,-4.723200862386806e-27,-1.1457035698008444e-27,-7.205155413846309e-38,2.758076335675664e-36,8.236787208891251e-36,-1.4014307568008637e-33,-2.0388273146583374e-34,6.399502826004365e-35,0.44112145304679873,-0.015341264382004737,-0.36682395339012147,52.0693717956543,33.94564704895019,-23.669726753234862,0.0,0.0,0.0,0.0,0.0,0.0,0.0,0.0,0.0,0.0,0.0,0.0
811,8.11,2099.0269,982.6874,2156.21,498.588,2069.8794,50.190407,-3.9204619892336585e-29,-2.5587648099388587e-29,-2.0294194408740817e-28,-2.112064741054605e-26,-4.167302623391571e-26,9.617049941572609e-27,-8.064680390673674e-38,9.752629029380161e-37,3.7010517301205806e-36,-6.8459720649182305e-34,-7.909047588760459e-35,1.262357074141849e-35,0.449704247713089,-0.012788597866892815,-0.3411403328180313,51.03116569519043,29.44266242980957,-26.504997634887694,0.0,0.0,0.0,0.0,0.0,0.0,0.0,0.0,0.0,0.0,0.0,0.0
812,8.12,2098.6794,982.77295,2155.95,498.582,2069.7805,50.19977,-9.456253374032825e-29,-2.0160570861416177e-29,-2.6896198359777056e-28,-2.6749122206235347e-26,-5.40801399554872e-26,1.3630543539448378e-26,-7.228994135165587e-38,-9.652380375463102e-38,7.809782459600296e-37,-2.0731023651642893e-34,-2.3529750209180187e-36,-1.580709975661381e-35,0.46215021014213564,-0.004650555464468198,-0.28456743657588957,51.34169578552246,24.820029067993165,-28.4872802734375,0.0,0.0,0.0,0.0,0.0,0.0,0.0,0.0,0.0,0.0,0.0,0.0
813,8.13,2098.8933,982.537,2156.05,498.007,2069.8494,50.20363,-1.080597908375998e-28,-1.4173774747254536e-29,-2.6030998165644153e-28,-2.5406350598610552e-26,-5.189414814699825e-26,1.3535608443588105e-26,-5.653550257069759e-38,-6.326581185694913e-37,-8.45137565234449e-37,7.110148787222926e-35,3.750095310963434e-35,-2.7929795424102664e-35,0.4751352101564407,0.005533631244907156,-0.2157602995634079,52.33785171508789,20.931123161315917,-29.277577209472657,0.0,0.0,0.0,0.0,0.0,0.0,0.0,0.0,0.0,0.0,0.0,0.0
814,8.14,2098.7896,982.5434,2155.27,497.849,2069.4656,50.251404,-9.788119932214601e-29,-8.847657239610976e-30,-2.1461053973028066e-28,-2.0689678060956236e-26,-4.2546455801515537e-26,1.1341947196874623e-26,-3.947145144315619e-38,-8.082473854365916e-37,-1.5478482666253848e-36,2.0307645943142726e-34,5.206330716143516e-35,-2.9741184579056177e-35,0.4855087250471115,0.013939751219004393,-0.15439729988574982,53.257545471191406,18.675715065002443,-28.736799049377442,0.0,0.0,0.0,0.0,0.0,0.0,0.0,0.0,0.0,0.0,0.0,0.0
815,8.15,2098.976,982.552,2154.75,497.716,2069.4248,50.31382,-7.713436635786174e-29,-4.70541864889525e-30,-1.5709177286526844e-28,-1.4984541238644614e-26,-3.09953130155608e-26,8.416104238757074e-27,-2.443753665060968e-38,-7.705145118259177e-37,-1.6641216636314568e-36,2.3879800854147618e-34,5.130576017143084e-35,-2.596042553941855e-35,0.4918748587369919,0.019376514479517937,-0.11608275622129441,53.64328269958496,18.617536544799805,-27.364562797546387,0.0,0.0,0.0,0.0,0.0,0.0,0.0,0.0,0.0,0.0,0.0,0.0
816,8.16,2099.1724,982.42865,2154.64,497.166,2069.9758,50.26619,-5.423771198666935e-29,-1.8286482230346533e-30,-1.0260629089403334e-28,-9.67486439405457e-27,-2.0140869069937933e-26,5.577178036806533e-27,-1.283035025636061e-38,-6.290074244211467e-37,-1.4602514898087647e-36,2.1933728859976794e-34,4.278622883251763e-35,-1.9901622876227607e-35,0.49542679488658903,0.023317838832736016,-0.10418498367071152,53.91967658996582,21.194680595397948,-25.79879264831543,0.0,0.0,0.0,0.0,0.0,0.0,0.0,0.0,0.0,0.0,0.0,0.0
817,8.17,2099.2197,982.4479,2154.87,497.063,2069.984,50.304012,-3.386312637315489e-29,-5.88005704822456e-32,-5.831504771627052e-29,-5.41000700948493e-27,-1.1364840109825972e-26,3.2328192045507655e-27,-4.8254444096823456e-39,-4.565318427417761e-37,-1.1239736868367763e-36,1.7456921646979348e-34,3.1623179446329283e-35,-1.3630839207114426e-35,0.49835010468959806,0.027167366072535514,-0.10531946420669555,54.627054595947264,25.92257785797119,-24.553974151611328,0.0,0.0,0.0,0.0,0.0,0.0,0.0,0.0,0.0,0.0,0.0,0.0
818,8.18,2099.4473,982.51294,2154.35,496.909,2069.6665,50.361958,-1.8014636221877065e-29,8.610950895027702e-31,-2.6286963343235144e-29,-2.358502582507506e-27,-5.0487722320632724e-27,1.5143936034926262e-27,5.766917713066995e-41,-2.954531515132567e-37,-7.728584110783715e-37,1.2387448434602169e-34,2.086891639973826e-35,-8.244643807334048e-36,0.5020213842391967,0.030595110543072224,-0.10138218253850936,55.67987403869629,32.415482711791995,-23.49991092681885,0.0,0.0,0.0,0.0,0.0,0.0,0.0,0.0,0.0,0.0,0.0,0.0
819,8.19,2099.2268,982.8333,2157.13,497.321,2070.669,50.218258,-7.006111426731417e-30,1.197930259180048e-30,-5.643301098955175e-30,-4.147959168392478e-28,-9.991698575500855e-28,3.9030487955803513e-28,2.560870281086521e-39,-1.6576219279181608e-37,-4.697461724593057e-37,7.816346428256808e-35,1.2029066581043007e-35,-4.167047655704481e-36,0.5069302201271058,0.03327307961881161,-0.08056912794709206,56.20968818664551,40.18228187561035,-22.543960762023925,0.0,0.0,0.0,0.0,0.0,0.0,0.0,0.0,0.0,0.0,0.0,0.0
820,8.2,2099.3801,982.9398,2157.71,497.391,2070.6992,50.258533,-2.321071676874481e-31,1.1814095230312186e-30,5.871988251639993e-30,6.509595280447366e-28,1.2426572816987793e-27,-2.498801507741831e-28,3.442966785031875e-39,-7.277056794751986e-38,-2.3936161560877853e-37,4.2259781563806016e-35,5.574910887201727e-36,-1.4088437233958496e-36,0.5136630117893219,0.03546116501092911,-0.04676131177693606,56.0408275604248,47.70218620300293,-22.120604515075684,0.0,0.0,0.0,0.0,0.0,0.0,0.0,0.0,0.0,0.0,0.0,0.0
821,8.21,2099.5854,983.0236,2157.95,497.189,2070.8406,50.21706,3.2898651990983175e-30,9.85706659545869e-31,1.0866090727701708e-29,1.096136421908286e-27,2.1991587367025364e-27,-5.396570104411731e-28,3.351238067816865e-39,-1.3395783575415383e-38,-8.29012403415924e-38,1.709113211271134e-35,1.37089254009612e-36,2.3348100158299068e-37,0.5203778684139252,0.03610529266297817,-0.010028613358736038,55.89770660400391,52.95415687561035,-22.5049259185791,0.0,0.0,0.0,0.0,0.0,0.0,0.0,0.0,0.0,0.0,0.0,0.0
822,8.22,2100.127,983.07074,2157.59,496.815,2070.8076,50.222584,4.5806001448266326e-30,7.288259919081323e-31,1.1713721159480781e-29,1.1514868877676472e-27,2.3428012749318434e-27,-6.032332097598596e-28,2.7730153779378907e-39,1.927492511677691e-38,1.0733200325555539e-38,1.433766437639346e-36,-1.0092830934404389e-36,1.0414521664294108e-36,0.523020601272583,0.033047098107635973,0.012982821837067605,56.854684066772464,55.172795104980466,-23.221171379089355,0.0,0.0,0.0,0.0,0.0,0.0,0.0,0.0,0.0,0.0,0.0,0.0
823,8.23,2101.0842,982.9351,2156.72,496.339,2070.118,50.352276,4.51884742049319e-30,4.811742620740686e-31,1.0293697878308915e-29,9.975029146275573e-28,2.045470624920503e-27,-5.403561518999348e-28,2.0361181978794065e-39,3.302959664318899e-38,5.720692548130897e-38,-6.849066120448023e-36,-2.0739439865465753e-36,1.2921238076787953e-36,0.5195969045162201,0.024882777035236357,0.008520928749931045,59.70073127746582,54.71743927001953,-24.048115921020507,0.0,0.0,0.0,0.0,0.0,0.0,0.0,0.0,0.0,0.0,0.0,0.0
824,8.24,2101.5122,983.09607,2157.42,496.383,2070.7898,50.276253,3.7710314678108e-30,2.7751300796006455e-31,7.931990473744164e-30,7.602172328632707e-28,1.5683755420521046e-27,-4.22382766673873e-28,1.334350169023081e-39,3.487252945256919e-38,7.205258213101651e-38,-1.0025259891975757e-35,-2.2930753364855892e-36,1.2163469497775918e-36,0.5099730730056763,0.01163621200248599,-0.02892585741356015,64.5173095703125,52.193791198730466,-25.384942245483398,0.0,0.0,0.0,0.0,0.0,0.0,0.0,0.0,0.0,0.0,0.0,0.0
825,8.25,2101.78,983.3004,2156.72,496.678,2070.3965,50.393036,2.788735933003786e-30,1.2875628083949372e-31,5.460020946755897e-30,5.176728427192586e-28,1.0743917869083797e-27,-2.94756372603062e-28,7.618561273961129e-40,3.029490047240729e-38,6.827334070882615e-38,-1.0070820270831032e-35,-2.0424628681467177e-36,9.846209355123604e-37,0.4953928828239441,-0.002541505213594064,-0.09120224490761757,69.56965560913086,49.044864654541016,-27.43672618865967,0.0,0.0,0.0,0.0,0.0,0.0,0.0,0.0,0.0,0.0,0.0,0.0
826,8.26,2102.3787,983.3391,2156.25,496.721,2070.255,50.449505,1.8414538139896862e-30,3.1819263085018096e-32,3.323023825864957e-30,3.108558445280144e-28,6.499941725119996e-28,-1.823868886066018e-28,3.465891747648536e-40,2.3139282388599297e-38,5.551052617208352e-38,-8.498465711024197e-36,-1.5898804494809497e-36,7.093781601989849e-37,0.48005192875862124,-0.01134622972458601,-0.16596325635910034,72.87102279663085,46.297223281860354,-30.155773735046388,0.0,0.0,0.0,0.0,0.0,0.0,0.0,0.0,0.0,0.0,0.0,0.0
827,8.27,2102.8555,983.5845,2156.31,497.033,2070.6826,50.46499,1.062289754449681e-30,-2.3096373046347225e-32,1.6969912852821045e-30,1.5519206265151472e-28,3.2864724109428615e-28,-9.567276855683809e-29,7.801659135205203e-41,1.579116106838453e-38,4.014806784613604e-38,-6.342852005202052e-36,-1.105100918404458e-36,4.553615208638453e-37,0.4681681334972382,-0.010851582698523998,-0.2420266643166542,73.13314056396484,43.7355239868164,-33.03404579162598,0.0,0.0,0.0,0.0,0.0,0.0,0.0,0.0,0.0,0.0,0.0,0.0
828,8.28,2103.598,983.9172,2157.81,497.689,2070.5742,50.535362,4.930858707673916e-31,-4.7690420302532095e-32,5.915044432695076e-31,5.051246167919595e-29,1.11239178883444e-28,-3.589870823614615e-29,-7.25250428002095e-41,9.508362192038828e-39,2.588239826120389e-38,-4.228727782882053e-36,-6.80572391858906e-37,2.5251552918379786e-37,0.4618943572044373,-0.0017029893342623836,-0.30425558388233187,70.56072463989258,41.17526054382324,-35.305569076538085,0.0,0.0,0.0,0.0,0.0,0.0,0.0,0.0,0.0,0.0,0.0,0.0
829,8.29,2104.7112,983.8461,2157.07,497.561,2069.6624,50.686203,1.2210007181228235e-31,-5.278704377936052e-32,-7.099156810147821e-32,-1.1348772382605565e-29,-1.824291060442257e-29,5.431778868604863e-31,-1.3848584307413584e-40,4.769221372566859e-39,1.444152259298582e-38,-2.4709474373811847e-36,-3.5431294468673717e-37,1.0813929270215138e-37,0.46168135702610014,0.012649032333865762,-0.33660922646522523,66.22237930297851,39.342782974243164,-36.5294132232666,0.0,0.0,0.0,0.0,0.0,0.0,0.0,0.0,0.0,0.0,0.0,0.0
830,8.3,2105.4067,983.9452,2156.37,497.42,2069.5078,50.607178,-8.81180317138406e-32,-4.7044737712546323e-32,-4.005935248230819e-31,-4.137778994605204e-29,-8.197011283655695e-29,1.9206287620299992e-29,-1.5047829546167404e-40,1.5752374388060636e-39,6.266880125790971e-39,-1.175037958001806e-36,-1.3031071155377694e-37,1.6722938087045284e-38,0.46462521255016326,0.0276582483202219,-0.33884245455265044,61.85332412719727,38.74421157836914,-36.57956771850586,0.0,0.0,0.0,0.0,0.0,0.0,0.0,0.0,0.0,0.0,0.0,0.0
831,8.31,2106.0862,984.068,2156.39,497.452,2069.7085,50.557774,-1.8231131210631848e-31,-3.663576374175298e-32,-5.066951801239236e-31,-5.0270963154474883e-29,-1.0176869493342272e-28,2.5764991490249684e-29,-1.3280413832068442e-40,-3.1766020874794634e-40,1.0680321347095316e-39,-3.221052861037708e-37,5.586198135576574e-39,-3.2960548642268307e-38,0.4679112046957016,0.04008996002376079,-0.3346084415912628,59.15711936950684,39.209612655639646,-35.93453865051269,0.0,0.0,0.0,0.0,0.0,0.0,0.0,0.0,0.0,0.0,0.0,0.0
832,8.32,2109.176,983.3943,2152.84,495.559,2069.8599,50.52582,-2.0188473773006676e-31,-2.547519014411378e-32,-4.809944161403702e-31,-4.688065538613835e-29,-9.582897230868382e-29,2.5056762350489428e-29,-1.0266683263798989e-40,-1.2412114652932677e-39,-1.7759887179738547e-39,1.6776452330151324e-37,7.461908605231917e-38,-5.329919592006803e-38,0.4698624759912491,0.047133570164442064,-0.34564251005649566,57.805437850952146,40.47625312805176,-35.01767158508301,0.0,0.0,0.0,0.0,0.0,0.0,0.0,0.0,0.0,0.0,0.0,0.0
833,8.33,2108.2383,984.1863,2156.48,497.485,2069.4763,50.559948,-1.7996505712042468e-31,-1.5696395976465573e-32,-3.915543964432247e-31,-3.770777365428763e-29,-7.758820934184416e-29,2.0721953259594874e-29,-7.089281034896396e-41,-1.5196951524845458e-39,-2.9578053070776365e-39,3.93216669305642e-37,9.831265639250738e-38,-5.53179558134803e-38,0.4696992188692093,0.048864012211561204,-0.3759263247251511,56.66596298217773,42.20662956237793,-33.7658504486084,0.0,0.0,0.0,0.0,0.0,0.0,0.0,0.0,0.0,0.0,0.0,0.0
834,8.34,2109.2559,984.3176,2157.72,497.421,2070.288,50.481503,-1.4017069774021558e-31,-8.178043098973061e-33,-2.834932508342797e-31,-2.701329622447264e-29,-5.590900058956111e-29,1.5208169602283216e-29,-4.331203358458361e-41,-1.4221670214450816e-39,-3.097158413771343e-39,4.469024604907225e-37,9.49239859993324e-38,-4.759054503792673e-38,0.4664657056331635,0.04683682210743427,-0.409161639213562,55.8458251953125,44.32323989868164,-32.386104583740234,0.0,0.0,0.0,0.0,0.0,0.0,0.0,0.0,0.0,0.0,0.0,0.0
835,8.35,2110.917,985.41895,2160.18,499.222,2070.1753,50.515076,-9.748561025998553e-32,-3.014014985276309e-33,-1.829747129226542e-31,-1.7230581565110236e-29,-3.5895958068370875e-29,9.961506259263713e-30,-2.225864519687469e-41,-1.1466361503778287e-39,-2.6780874963288277e-39,4.037087671219704e-37,7.81396746829257e-38,-3.607433766621426e-38,0.45970324873924256,0.04037652313709259,-0.4164629876613617,55.900590896606445,45.820909881591795,-31.53140296936035,0.0,0.0,0.0,0.0,0.0,0.0,0.0,0.0,0.0,0.0,0.0,0.0
836,8.36,2112.3945,984.1768,2156.23,496.479,2070.1965,50.53123,-6.007702216538826e-32,1.2044612178148113e-34,-1.0226471067213777e-31,-9.467109133951934e-30,-1.9911363952555974e-29,5.683649512316217e-30,-7.899820092631156e-42,-8.231842349469814e-40,-2.0381147679313766e-39,3.1751518556727645e-37,5.712229181847852e-38,-2.4432837676469264e-38,0.45019333362579345,0.02949398085474968,-0.38876506090164187,57.211723709106444,45.33984527587891,-31.235520935058595,0.0,0.0,0.0,0.0,0.0,0.0,0.0,0.0,0.0,0.0,0.0,0.0
837,8.37,2112.7925,984.65356,2158.53,497.516,2069.9827,50.612724,-3.131083369499273e-32,1.714026066506448e-33,-4.453519803898925e-32,-3.9727060306774235e-30,-8.53226176093507e-30,2.582096091403245e-30,7.396053294706384e-43,-5.263300854077907e-40,-1.385897773812348e-39,2.228562736696108e-37,3.725702796491055e-38,-1.4571841108090484e-38,0.4396273195743561,0.01707366155460477,-0.33610067069530486,59.99309196472168,42.30531997680664,-31.186750411987305,0.0,0.0,0.0,0.0,0.0,0.0,0.0,0.0,0.0,0.0,0.0,0.0
838,8.38,2114.349,985.49786,2160.82,498.918,2070.0647,50.64654,-1.1549333273014138e-32,2.2623154138599902e-33,-7.776705560575927e-33,-5.16356722183092e-31,-1.3257685568080502e-30,5.772093552106832e-31,5.0670952469985385e-42,-2.901992430022658e-40,-8.30729386398292e-40,1.3884156324982408e-37,2.1133408415475413e-38,-7.189393440563767e-39,0.4278540939092636,0.0056183123728260394,-0.2706839680671692,63.73239097595215,37.590771484375,-31.335971450805665,0.0,0.0,0.0,0.0,0.0,0.0,0.0,0.0,0.0,0.0,0.0,0.0
839,8.39,2115.4285,985.0075,2160.06,497.796,2070.1724,50.665936,4.479426223594625e-34,2.1859272175358496e-33,1.2367642534876938e-32,1.3437391520972877e-30,2.592016238693111e-30,-5.457584631270315e-31,6.490954616598986e-42,-1.227262800249532e-40,-4.134626407285947e-40,7.361599905675661e-38,9.488657133033492e-39,-2.2519908887757267e-39,0.41514543294906614,-0.0038227715274842923,-0.2057746857404709,67.31919403076172,32.99919376373291,-31.36864604949951,0.0,0.0,0.0,0.0,0.0,0.0,0.0,0.0,0.0,0.0,0.0,0.0
840,8.4,2117.1309,985.49634,2161.37,498.557,2070.2793,50.669277,6.549504923415012e-33,1.8002496148803692e-33,2.077207060112601e-32,2.0878244054446306e-30,4.196974159204139e-30,-1.0370407893688773e-30,6.194860251087152e-42,-1.7115879832802612e-41,-1.3326488525575443e-40,2.83925317287926e-38,1.994102925893709e-39,6.452060176423186e-40,0.4041853755712509,-0.010213145427405835,-0.15231713503599167,69.30634536743165,29.606831741333007,-30.990962982177734,0.0,0.0,0.0,0.0,0.0,0.0,0.0,0.0,0.0,0.0,0.0,0.0
841,8.41,2118.4082,985.5078,2161.37,498.455,2069.8997,50.742085,8.650912921632388e-33,1.3165575300118006e-33,2.1804622340962813e-32,2.1398216739487344e-30,4.357676085944602e-30,-1.125476445533782e-30,5.0610696636019416e-42,3.993266220801788e-41,3.2012523287654016e-41,6.265688881966449e-40,-2.1775242068233488e-39,2.0335784845426643e-39,0.39828533232212066,-0.012370453123003245,-0.1161015585064888,68.71460723876953,27.370875549316406,-29.935486602783204,0.0,0.0,0.0,0.0,0.0,0.0,0.0,0.0,0.0,0.0,0.0,0.0
842,8.42,2119.5017,985.3939,2161.23,498.289,2069.5713,50.852028,8.361276697187942e-33,8.59082004329717e-34,1.8880762638790337e-32,1.827503545443732e-30,3.7498506018575716e-30,-9.926361329162829e-31,3.675465742077563e-42,6.295599597687463e-41,1.1197425703803532e-40,-1.375846386044608e-38,-3.979011372043597e-39,2.4257195283574783e-39,0.40090030133724214,-0.008818087074905634,-0.09673831313848495,65.78891677856446,25.55472583770752,-28.11821231842041,0.0,0.0,0.0,0.0,0.0,0.0,0.0,0.0,0.0,0.0,0.0,0.0
843,8.43,2120.6921,985.4939,2161.94,498.386,2069.5984,50.86747,6.887354526203013e-33,4.875851476710494e-34,1.4384654997822068e-32,1.3772359074629523e-30,2.8429359086501443e-30,-7.669999687660578e-31,2.3805258311949992e-42,6.482532812828393e-41,1.3537103684763463e-40,-1.8979234605482496e-38,-4.2752970147958114e-39,2.2428453143483108e-39,0.4133735805749893,0.00041093360632658,-0.09711525067687035,61.49551162719727,24.013358879089356,-25.917780494689943,0.0,0.0,0.0,0.0,0.0,0.0,0.0,0.0,0.0,0.0,0.0,0.0
844,8.44,2121.835,985.5341,2162.65,498.338,2069.5718,50.891556,5.0376765493649174e-33,2.1919030588816707e-34,9.79207460895021e-33,9.273422600628527e-31,1.925848402695108e-30,-5.293744393221913e-31,1.336698605119443e-42,5.551538139100271e-41,1.2595809467322553e-40,-1.8658034716813664e-38,-3.750350431361849e-39,1.7934068578854122e-39,0.4315812110900879,0.01310092518106103,-0.11742324978113175,57.3996021270752,23.621291160583496,-23.547323989868165,0.0,0.0,0.0,0.0,0.0,0.0,0.0,0.0,0.0,0.0,0.0,0.0
845,8.45,2122.9094,985.5017,2163.27,498.243,2069.652,50.93091,3.287769022894848e-33,4.6370105751808474e-35,5.877587356634001e-33,5.489298598989681e-31,1.1488464487224799e-30,-3.232339524238568e-31,5.881249654771257e-43,4.192853161075572e-41,1.0115623289344773e-40,-1.5536220456562527e-38,-2.8858435862600857e-39,1.278272166298652e-39,0.44888838529586794,0.028298119828104974,-0.1483839765191078,54.563361740112306,25.353387451171876,-21.008608245849608,0.0,0.0,0.0,0.0,0.0,0.0,0.0,0.0,0.0,0.0,0.0,0.0
846,8.46,2123.951,985.5176,2163.52,498.272,2069.5056,50.943214,1.8664787022965745e-33,-4.989275827757142e-35,2.932255101193147e-33,2.6725650236566537e-31,5.670394059673124e-31,-1.6595684022945803e-31,1.0972166975663317e-43,2.8294177812568113e-41,7.23666960737408e-41,-1.1468352889025938e-38,-1.983912403201446e-39,8.10595530062873e-40,0.46109013855457304,0.04504778832197189,-0.17720587253570558,53.36721649169922,29.085412979125977,-18.575713539123534,0.0,0.0,0.0,0.0,0.0,0.0,0.0,0.0,0.0,0.0,0.0,0.0
847,8.47,2124.979,985.5738,2164.13,498.374,2069.565,50.961067,8.39474239687448e-34,-9.151367530688921e-35,9.522581426112713e-34,7.998812044329051e-32,1.7785084236839449e-31,-5.874142122281696e-32,-1.540027012292974e-43,1.679610352324369e-41,4.608744532302534e-41,-7.557945586549524e-39,-1.2054955904240961e-39,4.415638597426253e-40,0.4676956206560135,0.060849374160170555,-0.19964783489704133,53.47127838134766,33.39870185852051,-16.853718185424803,0.0,0.0,0.0,0.0,0.0,0.0,0.0,0.0,0.0,0.0,0.0,0.0
848,8.48,2126.1592,985.60815,2164.47,498.298,2069.3716,51.027515,1.7806440399407119e-34,-9.842642697628892e-35,-2.1733327635703153e-34,-2.903528913913889e-32,-5.056660577419186e-32,5.728414007995446e-33,-2.649855396038229e-43,8.218895752957917e-42,2.5264290273004993e-41,-4.348817119635538e-39,-6.139029717671522e-40,1.8137818776865416e-40,0.46970745623111726,0.0734306238591671,-0.2105516329407692,53.882850646972656,36.84986686706543,-16.320987129211424,0.0,0.0,0.0,0.0,0.0,0.0,0.0,0.0,0.0,0.0,0.0,0.0
849,8.49,2127.1426,985.57996,2164.65,498.286,2069.1765,51.078926,-1.9044346641294449e-34,-8.638661435075876e-35,-7.846445225136664e-34,-8.052646702779797e-32,-1.6007366380126206e-31,3.799013189244554e-32,-2.802596928649634e-43,2.5034197065162857e-42,1.0547433411126465e-41,-2.0082044725999027e-39,-2.1237673148752274e-40,1.9260427002605314e-41,0.4685763120651245,0.08109759390354157,-0.1991782918572426,54.60090103149414,39.18761215209961,-17.09961223602295,0.0,0.0,0.0,0.0,0.0,0.0,0.0,0.0,0.0,0.0,0.0,0.0
850,8.5,2128.069,985.57477,2164.76,498.375,2069.0503,51.100536,-3.498618601729093e-34,-6.650359404571461e-35,-9.521907858666143e-34,-9.425842217517023e-32,-1.9104967850157419e-31,4.856882138662191e-32,-2.4396606263895064e-43,-8.337725862732662e-43,1.3046088702864047e-42,-4.859690462592286e-40,2.786664165110261e-41,-6.759709649071842e-41,0.46482557356357573,0.08385442569851875,-0.163665272295475,56.2427677154541,40.6678825378418,-19.055520439147948,0.0,0.0,0.0,0.0,0.0,0.0,0.0,0.0,0.0,0.0,0.0,0.0
851,8.51,2129.107,985.6256,2165.34,498.417,2068.9734,51.127895,-3.7644369734125018e-34,-4.5735889976770965e-35,-8.875109449034954e-34,-8.638751359934537e-32,-1.7671347870332416e-31,4.6315419287246724e-32,-1.8609243606233572e-43,-2.4186411494246343e-42,-3.6579495112735026e-42,3.740019358433614e-40,1.4716156212646364e-40,-1.0143817414446988e-40,0.458785617351532,0.08032467514276505,-0.11612021774053574,59.28272247314453,41.41488876342773,-21.699643898010255,0.0,0.0,0.0,0.0,0.0,0.0,0.0,0.0,0.0,0.0,0.0,0.0
852,8.52,2130.112,985.6107,2165.56,498.461,2068.989,51.134346,-3.3046965410310972e-34,-2.780381649492387e-35,-7.136008306416841e-34,-6.864922685055706e-32,-1.4133601230995974e-31,3.781703505956238e-32,-1.2751816025355835e-43,-2.850801595822408e-42,-5.63125800873571e-42,7.575307394262815e-40,1.851626745312562e-40,-1.0296825193766616e-40,0.45316540002822875,0.07027560621500015,-0.06655663214623928,63.902754592895505,41.26642837524414,-24.565907669067382,0.0,0.0,0.0,0.0,0.0,0.0,0.0,0.0,0.0,0.0,0.0,0.0
853,8.53,2131.0652,985.5669,2165.82,498.466,2068.9211,51.17893,-2.5445088213347616e-34,-1.4172129603132015e-35,-5.110495944839962e-34,-4.8644989894072144e-32,-1.0073874503160653e-31,2.7452270990493077e-32,-7.693128569143246e-44,-2.6212689073660027e-42,-5.754292013903428e-42,8.349905948984572e-40,1.7525857724510124e-40,-8.71541783782213e-41,0.44946444034576416,0.05596095882356167,-0.026341844350099564,69.50972747802734,40.449729919433594,-27.4720666885376,0.0,0.0,0.0,0.0,0.0,0.0,0.0,0.0,0.0,0.0,0.0,0.0
854,8.54,2132.1775,985.5521,2166.41,498.372,2069.2585,51.08274,-1.7501997148764206e-34,-4.913012718840403e-36,-3.2585838491526323e-34,-3.064474775568615e-32,-6.388884618594166e-32,1.776963336276809e-32,-3.8675837615364953e-44,-2.0880748416904098e-42,-4.905525534061887e-42,7.423424857610042e-40,1.4253643641511314e-40,-6.518742365146547e-41,0.44743469953536985,0.03968010880053043,-0.005637768097221852,74.27857055664063,38.97447242736816,-30.15962963104248,0.0,0.0,0.0,0.0,0.0,0.0,0.0,0.0,0.0,0.0,0.0,0.0
855,8.55,2133.1807,985.5852,2166.58,498.472,2069.2493,51.1113,-1.0641993779456173e-34,6.292623374273889e-37,-1.7894371423350175e-34,-1.6527822689991795e-32,-3.4806091209397937e-32,9.972233591487919e-33,-1.2891945871788316e-44,-1.4825737752556565e-42,-3.691860934110163e-42,5.7679953115860615e-40,1.03085820878823e-40,-4.364302028185713e-41,0.4469469338655472,0.02467872090637684,-0.008037257893010973,76.91908798217773,37.140193176269534,-32.11243324279785,0.0,0.0,0.0,0.0,0.0,0.0,0.0,0.0,0.0,0.0,0.0,0.0
856,8.56,2134.172,985.5366,2168.23,498.22,2070.781,50.85483,-5.426252306939645e-35,3.3810255993135156e-36,-7.500186116247838e-35,-6.645775045479877e-33,-1.4327867820823004e-32,4.380333900305554e-33,2.5223372357846708e-45,-9.362075040154103e-43,-2.482260099704981e-42,4.00568312649417e-40,6.646680914939402e-41,-2.559667826874284e-41,0.45043158531188965,0.012150187697261571,-0.042831923067569735,76.70798950195312,34.99989547729492,-33.19605484008789,0.0,0.0,0.0,0.0,0.0,0.0,0.0,0.0,0.0,0.0,0.0,0.0
857,8.57,2135.2544,985.50397,2167.45,498.345,2069.7996,50.990158,-1.8829481914697074e-35,4.261046451768844e-36,-9.639669907271274e-36,-5.084367311253386e-34,-1.5215632419958662e-33,8.092317478067535e-34,9.80908925027372e-45,-5.069897843927188e-43,-1.466739102608786e-42,2.46414411315819e-40,3.6915526484480115e-41,-1.2447453998904484e-41,0.45846601724624636,0.0020004837861051783,-0.1014187514781952,73.39932632446289,32.13490219116211,-33.75681114196777,0.0,0.0,0.0,0.0,0.0,0.0,0.0,0.0,0.0,0.0,0.0,0.0
858,8.58,2136.1338,985.4234,2168.23,498.174,2070.7078,50.810143,2.3843207268025943e-36,4.038619050538915e-36,2.551634610118289e-35,2.729760660698058e-33,5.3083232319519047e-33,-1.1563121518692146e-33,1.233142648605839e-44,-2.0557048471645065e-43,-7.1171949003057456e-43,1.2801884419486161e-40,1.6245393226764037e-41,-3.4951186297189585e-42,0.4685018479824066,-0.005981686408631504,-0.17029311656951904,66.91676483154296,28.397169876098634,-33.856758499145506,0.0,0.0,0.0,0.0,0.0,0.0,0.0,0.0,0.0,0.0,0.0,0.0
859,8.59,2136.8594,985.1645,2166.9,497.933,2069.7727,50.954426,1.292090935234692e-35,3.284232223989796e-36,3.956069844958049e-35,3.96324738246969e-33,7.98112505674148e-33,-1.9843491667227226e-33,1.14906474074635e-44,-1.807675018979014e-44,-2.1033489949515503e-43,4.668369781959555e-41,2.8551456210618148e-42,1.680296988571888e-42,0.476593878865242,-0.010759891662746667,-0.24121816903352739,57.74208145141601,24.19997844696045,-33.385951614379884,0.0,0.0,0.0,0.0,0.0,0.0,0.0,0.0,0.0,0.0,0.0,0.0
860,8.6,2137.7544,985.0999,2166.97,497.938,2069.8438,50.932095,1.62945214594866e-35,2.3756931137660272e-36,4.0517769247439134e-35,3.969864827917644e-33,8.091601174972827e-33,-2.0959355210013215e-33,9.108440018111311e-45,8.141544077727187e-44,8.085492139154195e-44,-2.3456334994333114e-42,-4.454027168856431e-42,3.917890376405756e-42,0.48180500268936155,-0.011193504743278026,-0.30882422924041747,47.28009376525879,20.466069984436036,-32.27193946838379,0.0,0.0,0.0,0.0,0.0,0.0,0.0,0.0,0.0,0.0,0.0,0.0
861,8.61,2138.8289,985.2043,2166.79,498.145,2069.6396,50.95802,1.5448242726108511e-35,1.5318079147530372e-36,3.4589838479963687e-35,3.3442150861269836e-33,6.866267039170025e-33,-1.8212298380538456e-33,6.58610278232664e-45,1.1967088885333939e-43,2.177617813560766e-43,-2.714931696721474e-41,-7.420716147678502e-42,4.196888900652827e-42,0.48584188222885133,-0.008067930676043033,-0.3713861256837845,37.39157905578613,17.66452579498291,-30.330900382995605,0.0,0.0,0.0,0.0,0.0,0.0,0.0,0.0,0.0,0.0,0.0,0.0
862,8.62,2139.6323,985.0545,2167.21,497.812,2070.2634,50.83882,1.2564948512055222e-35,8.54906758956924e-37,2.6058932597386494e-35,2.4924059066717772e-33,5.147827606674063e-33,-1.3913077759771164e-33,4.344025239406933e-45,1.2051166793193427e-43,2.536350220427919e-43,-3.6074607276038794e-41,-8.022854097798875e-42,4.1970290304992595e-42,0.48859515488147737,-0.0026586791573208757,-0.42533906996250154,30.06622772216797,16.146992206573486,-27.531996726989746,0.0,0.0,0.0,0.0,0.0,0.0,0.0,0.0,0.0,0.0,0.0,0.0
863,8.63,2140.5752,985.0147,2166.1,497.981,2069.5317,50.972607,9.090498805993145e-36,3.7117802236247246e-37,1.754059167609223e-35,1.6592139679726043e-33,3.4479878559872696e-33,-9.496519981671015e-34,2.382207389352189e-45,1.0159413866354924e-43,2.320550256921897e-43,-3.4515522604631e-41,-6.8175972886331e-42,3.0773915575037306e-42,0.48929538428783415,0.002788959548342973,-0.4689322799444199,25.692118453979493,16.505607414245606,-24.27564182281494,0.0,0.0,0.0,0.0,0.0,0.0,0.0,0.0,0.0,0.0,0.0,0.0
864,8.64,2141.4292,984.97614,2165.61,498.03,2069.3982,50.987907,5.8624543904754424e-36,6.348598064867738e-38,1.0378510006708203e-35,9.676260644340176e-34,2.027069101806451e-33,-5.719428191682312e-34,1.401298464324817e-45,7.595037676640509e-44,1.8413061821228097e-43,-2.8347987673598183e-41,-5.236231971642544e-42,2.3780034939592146e-42,0.4878679484128952,0.0031651497643906622,-0.5021663129329681,23.795787239074706,18.21551933288574,-21.195829391479492,0.0,0.0,0.0,0.0,0.0,0.0,0.0,0.0,0.0,0.0,0.0,0.0
865,8.65,2142.318,985.0126,2165.35,498.095,2069.376,50.95835,3.2726917845242594e-36,-1.0487994982580709e-37,5.0491014088362856e-36,4.584798432598423e-34,9.748090879686102e-34,-2.8698466849536887e-34,0.0,5.072700440855838e-44,1.3018062733577551e-43,-2.0761497917590057e-41,-3.496660058029716e-42,1.3986359972426e-42,0.4857024341821671,-0.004834404055145569,-0.5239092469215393,24.647840881347655,20.23996181488037,-18.86191463470459,0.0,0.0,0.0,0.0,0.0,0.0,0.0,0.0,0.0,0.0,0.0,0.0
866,8.66,2143.0508,984.9408,2165.04,498.114,2069.2444,50.95186,1.4216890116339698e-36,-1.7488443055512652e-37,1.5070785079511362e-36,1.2387700824374345e-34,2.789606017116369e-34,-9.490022057825423e-35,0.0,2.956739759725364e-44,8.225621985586677e-44,-1.3418693964528015e-41,-2.097743801094251e-42,8.393777801305654e-43,0.4853788375854492,-0.01931090299040079,-0.533262449502945,28.465387725830077,21.876228904724123,-17.724350357055663,0.0,0.0,0.0,0.0,0.0,0.0,0.0,0.0,0.0,0.0,0.0,0.0
867,8.67,2143.7856,984.90295,2164.69,498.091,2069.1113,50.93839,2.4407972882375452e-37,-1.8318968552984385e-37,-5.540833202544351e-37,-6.790380069002252e-35,-1.2325351682781909e-34,1.896396341176371e-35,0.0,1.387285479681569e-44,4.428103147266422e-44,-7.658936886613721e-42,-1.3990563867818973e-42,-7.006492321624085e-46,0.48861261308193205,-0.035508766397833826,-0.5249663710594177,33.93231029510498,23.035371017456054,-17.291209030151368,0.0,0.0,0.0,0.0,0.0,0.0,0.0,0.0,0.0,0.0,0.0,0.0
868,8.68,2144.4639,984.86456,2165.56,498.023,2069.9238,50.77481,-4.004709571583484e-37,-1.5843494661482436e-37,-1.526742828407517e-36,-1.558142672393275e-34,-3.1066037483162118e-34,7.454157161122713e-35,0.0,3.7835058536770063e-45,1.7656360650492695e-44,-3.4763412302970064e-42,-1.3914893750745433e-43,0.0,0.49451448321342467,-0.047395728155970575,-0.49670183658599854,39.18043556213379,23.56696186065674,-16.905050659179686,0.0,0.0,0.0,0.0,0.0,0.0,0.0,0.0,0.0,0.0,0.0,0.0
869,8.69,2145.0618,984.79333,2164.52,498.112,2069.0576,50.879715,-6.686316877420972e-37,-1.2059356990353836e-37,-1.7852479477960765e-36,-1.7635388092139316e-34,-3.5785390391913104e-34,9.132433347268547e-35,0.0,-1.9618178500547438e-45,1.1210387714598537e-45,-6.452979428215783e-43,0.0,0.0,0.5016713440418243,-0.05146849229931831,-0.45733235478401185,43.512316131591795,23.642533683776854,-16.604015731811522,0.0,0.0,0.0,0.0,0.0,0.0,0.0,0.0,0.0,0.0,0.0,0.0
870,8.7,2145.7056,984.6866,2164.54,498.12,2068.9849,50.8373,-7.006495236324891e-37,-8.201542128827657e-38,-1.6353619520482646e-36,-1.589768429547187e-34,-3.2543016518022814e-34,8.54879713044573e-35,0.0,-4.90454462513686e-45,-7.42688186092153e-45,9.074808854967516e-43,0.0,0.0,0.5083105802536011,-0.047998135536909105,-0.40462431907653806,47.650908660888675,23.789676475524903,-16.671027755737306,0.0,0.0,0.0,0.0,0.0,0.0,0.0,0.0,0.0,0.0,0.0,0.0
871,8.71,2146.1675,984.6437,2164.47,498.083,2069.0198,50.80867,-6.060994769309587e-37,-4.917119961633619e-38,-1.299111215436374e-36,-1.2484538987439062e-34,-2.5718149581736383e-34,6.893899449159652e-35,0.0,-5.605193857299268e-45,-1.0789998175301092e-44,1.1564916226072715e-42,0.0,0.0,0.5117876768112183,-0.040456381440162656,-0.3412754565477371,52.03091888427734,24.153341865539552,-17.1190092086792,0.0,0.0,0.0,0.0,0.0,0.0,0.0,0.0,0.0,0.0,0.0,0.0
872,8.72,2146.7234,984.59656,2164.63,498.108,2069.116,50.7687,-4.614130069822954e-37,-2.4481463433830567e-38,-9.202580549349626e-37,-8.750225204710082e-35,-1.8131559780640966e-34,4.95007343554033e-35,0.0,-4.90454462513686e-45,-1.0789998175301092e-44,1.18689979928312e-42,0.0,0.0,0.5100747466087341,-0.03086564540863037,-0.2799691766500473,56.40228538513183,24.44116916656494,-17.93887538909912,0.0,0.0,0.0,0.0,0.0,0.0,0.0,0.0,0.0,0.0,0.0,0.0
873,8.73,2147.2034,984.5457,2164.45,498.046,2068.866,50.743866,-3.1385822257012183e-37,-7.899442582824867e-39,-5.795182306666385e-37,-5.442400517091103e-35,-1.1355215047104574e-34,3.1656083530630836e-35,0.0,-3.9236357001094875e-45,-8.96831017167883e-45,1.2297795322914595e-42,0.0,0.0,0.5036576211452484,-0.019851289968937636,-0.23267608135938644,60.2457836151123,24.497203063964843,-19.264532470703124,0.0,0.0,0.0,0.0,0.0,0.0,0.0,0.0,0.0,0.0,0.0,0.0
874,8.74,2147.5823,984.55493,2164.41,498.202,2068.713,50.736942,-1.8820883394858705e-37,1.8836537019743984e-39,-3.1238028316914737e-37,-2.878152000240292e-35,-6.069500235755278e-35,1.7458957238148876e-35,0.0,-2.802596928649634e-45,-6.726232628759122e-45,1.2792453680821255e-42,0.0,0.0,0.49638242423534396,-0.011058514844626189,-0.20881675481796264,62.74153442382813,24.32127990722656,-20.964537620544434,0.0,0.0,0.0,0.0,0.0,0.0,0.0,0.0,0.0,0.0,0.0,0.0
875,8.75,2147.9214,984.49896,2164.0,498.254,2068.3315,50.791927,-9.373974025934071e-38,6.618532332037277e-39,-1.2544010805900419e-37,-1.1027937775649049e-35,-2.388268087270432e-35,7.388101309316602e-36,0.0,-1.401298464324817e-45,-4.624284932271896e-45,7.791219461645983e-43,0.0,0.0,0.49135454893112185,-0.007661000406369567,-0.1926118791103363,63.35729141235352,23.14400863647461,-22.733440399169922,0.0,0.0,0.0,0.0,0.0,0.0,0.0,0.0,0.0,0.0,0.0,0.0
876,8.76,2148.4001,984.41785,2164.35,498.136,2068.4756,50.750988,-3.028208713937935e-38,8.005850041583526e-39,-9.383360763827197e-39,-1.463460691983978e-37,-1.1585276588291908e-36,1.035994902606316e-36,0.0,-1.1210387714598537e-45,-2.6624670822171523e-45,-4.932570594423356e-44,0.0,0.0,0.48891026675701144,-0.009573455527424812,-0.1739519342780113,62.61832466125488,20.247205924987792,-24.688197135925293,0.0,0.0,0.0,0.0,0.0,0.0,0.0,0.0,0.0,0.0,0.0,0.0
877,8.77,2148.741,984.3268,2164.33,498.112,2068.55,50.676342,7.164997254689412e-39,7.45103281956463e-39,5.181415305691823e-38,5.475371756099226e-36,1.0716519375134899e-35,-2.3962950441459267e-36,0.0,0.0,-1.401298464324817e-45,0.0,0.0,0.0,0.48746009171009064,-0.012216987553983927,-0.15829791277647018,61.7242431640625,16.40006818771362,-26.827172470092773,0.0,0.0,0.0,0.0,0.0,0.0,0.0,0.0,0.0,0.0,0.0,0.0
878,8.78,2149.1719,984.286,2164.48,498.125,2068.6782,50.657394,2.5295999975694506e-38,5.984910988929379e-39,7.508965328702716e-38,7.500105817585885e-36,1.5128064725937e-35,-3.782481708528641e-36,0.0,0.0,-2.8025969286496343e-46,0.0,0.0,0.0,0.48799653351306915,-0.012011834233999253,-0.15071250051259993,61.9632080078125,13.116279602050781,-28.870296478271484,0.0,0.0,0.0,0.0,0.0,0.0,0.0,0.0,0.0,0.0,0.0,0.0
879,8.79,2149.5474,984.202,2163.92,498.184,2068.1548,50.733295,3.0615978027720186e-38,4.282244932841627e-39,7.516628245276968e-38,7.353375581852972e-36,1.5000630778115952e-35,-3.896305922804998e-36,0.0,0.0,0.0,0.0,0.0,0.0,0.4940179795026779,-0.009238199517130851,-0.15305937379598616,63.77008743286133,11.773866558074952,-30.392025756835938,0.0,0.0,0.0,0.0,0.0,0.0,0.0,0.0,0.0,0.0,0.0,0.0
880,8.8,2149.9531,984.14575,2164.63,498.106,2068.6763,50.64031,2.8501755797464556e-38,2.7276780476828187e-39,6.329505751641897e-38,6.112686566589794e-36,1.2558106911084414e-35,-3.3374696736548516e-36,0.0,0.0,0.0,0.0,0.0,0.0,0.5043950855731965,-0.006284381030127406,-0.16334452480077744,66.71813659667968,12.478474140167236,-30.881865882873534,0.0,0.0,0.0,0.0,0.0,0.0,0.0,0.0,0.0,0.0,0.0,0.0
881,8.81,2150.3364,984.0721,2164.04,498.213,2068.4126,50.70289,2.2897685501273982e-38,1.4956403229160998e-39,4.715780081058873e-38,4.5057581666203986e-36,9.311514702821775e-36,-2.521104774727638e-36,0.0,0.0,0.0,0.0,0.0,0.0,0.514502888917923,-0.003014738642377779,-0.17099478095769882,69.49131851196289,15.060826015472411,-30.39205551147461,0.0,0.0,0.0,0.0,0.0,0.0,0.0,0.0,0.0,0.0,0.0,0.0
882,8.82,2150.621,983.97314,2163.49,498.218,2067.98,50.740425,1.6386111058032149e-38,6.247675190207554e-40,3.138275817779009e-38,2.9650304064438505e-36,6.165680992985818e-36,-1.7016013439093638e-36,0.0,0.0,0.0,0.0,0.0,0.0,0.521263724565506,0.0025838730885880067,-0.16759143471717836,70.83972625732422,18.825853538513183,-29.306308364868165,0.0,0.0,0.0,0.0,0.0,0.0,0.0,0.0,0.0,0.0,0.0,0.0
883,8.83,2151.0276,983.9054,2163.31,498.339,2067.8152,50.77742,1.043943702003911e-38,7.770830568990057e-41,1.8293744199717613e-38,1.7025022465393495e-36,3.5701665613060283e-36,-1.0103388877553998e-36,0.0,0.0,0.0,0.0,0.0,0.0,0.5241574823856354,0.010970686096698046,-0.15173717439174653,70.12092895507813,22.656993293762206,-27.85448112487793,0.0,0.0,0.0,0.0,0.0,0.0,0.0,0.0,0.0,0.0,0.0,0.0
884,8.84,2151.4155,983.89044,2163.29,498.44,2067.868,50.811485,5.725695576012106e-39,-2.160642483963935e-40,8.660729923174311e-39,7.831634433969839e-37,1.6690674266101425e-36,-4.945924139219681e-37,0.0,0.0,0.0,0.0,0.0,0.0,0.5243702948093414,0.02147286105901003,-0.12391112521290779,67.24860076904297,25.61864128112793,-26.29536380767822,0.0,0.0,0.0,0.0,0.0,0.0,0.0,0.0,0.0,0.0,0.0,0.0
885,8.85,2151.7178,983.8739,2163.43,498.528,2067.8926,50.799324,2.393219353204239e-39,-3.3297205693777718e-40,2.3322333026085124e-39,1.8607032861724312e-37,4.264850416019581e-37,-1.5087136808870795e-37,0.0,0.0,0.0,0.0,0.0,0.0,0.5217368483543396,0.03221905641257763,-0.08946263939142227,62.857194137573245,27.023582649230956,-25.073355674743652,0.0,0.0,0.0,0.0,0.0,0.0,0.0,0.0,0.0,0.0,0.0,0.0
886,8.86,2152.0923,983.87354,2163.42,498.613,2067.7617,50.824738,2.9945285754128115e-40,-3.4035844127307973e-40,-1.2933085192103966e-39,-1.506154178413424e-37,-2.803974270515413e-37,4.987829047740925e-38,0.0,0.0,0.0,0.0,0.0,0.0,0.516506803035736,0.04111136943101883,-0.05038679279386997,57.934946823120114,26.887520027160644,-24.605914497375487,0.0,0.0,0.0,0.0,0.0,0.0,0.0,0.0,0.0,0.0,0.0,0.0
887,8.87,2152.4395,983.87854,2164.42,498.618,2068.5706,50.719635,-8.252308313541278e-40,-2.9022642819247368e-40,-2.953698241408547e-39,-2.9997299823150187e-37,-5.99654521898269e-37,1.4525939474943827e-37,0.0,0.0,0.0,0.0,0.0,0.0,0.5101195931434631,0.047552097216248514,-0.011786112713161856,53.3637035369873,25.8417631149292,-25.092598724365235,0.0,0.0,0.0,0.0,0.0,0.0,0.0,0.0,0.0,0.0,0.0,0.0
888,8.88,2152.707,983.8283,2163.84,498.653,2068.2385,50.743423,-1.2731111840545436e-39,-2.184453347469742e-40,-3.3399258057039105e-39,-3.2928367570801362e-37,-6.688905938884433e-37,1.7131501956498415e-37,0.0,0.0,0.0,0.0,0.0,0.0,0.5058116853237152,0.05263602957129478,0.02201462034136057,49.03350563049317,24.983763694763184,-26.48988857269287,0.0,0.0,0.0,0.0,0.0,0.0,0.0,0.0,0.0,0.0,0.0,0.0
889,8.89,2152.9824,983.78467,2163.71,498.614,2068.1133,50.747887,-1.3018100568636087e-39,-1.4690007983302062e-40,-3.009402237572848e-39,-2.921865028272388e-37,-5.985217929345004e-37,1.5757451460552701e-37,0.0,0.0,0.0,0.0,0.0,0.0,0.504179733991623,0.05871088355779648,0.03847869858145714,44.2730094909668,25.617772483825682,-28.12965621948242,0.0,0.0,0.0,0.0,0.0,0.0,0.0,0.0,0.0,0.0,0.0,0.0
890,8.9,2153.3245,983.79333,2163.84,498.7,2068.335,50.722645,-1.1102937549652574e-39,-8.681282207231177e-41,-2.3624874765831315e-39,-2.2680076405398577e-37,-4.674773828045397e-37,1.2553594846617322e-37,0.0,0.0,0.0,0.0,0.0,0.0,0.5028391480445862,0.06708707585930825,0.028307771310210228,38.998870849609375,28.057384872436522,-29.189076232910157,0.0,0.0,0.0,0.0,0.0,0.0,0.0,0.0,0.0,0.0,0.0,0.0
891,8.91,2153.6086,983.76556,2163.17,498.797,2067.9214,50.782223,-8.358256286533484e-40,-4.2142089496718817e-41,-1.6552993653966443e-39,-1.5722227637626291e-37,-3.2598019417212066e-37,8.916053229606921e-38,0.0,0.0,0.0,0.0,0.0,0.0,0.5005645006895065,0.07438720613718033,-0.003756379650440067,34.14199562072754,30.787546348571777,-29.219507789611818,0.0,0.0,0.0,0.0,0.0,0.0,0.0,0.0,0.0,0.0,0.0,0.0
892,8.92,2153.893,983.7747,2164.52,498.708,2069.2205,50.57755,-5.621699751910551e-40,-1.2481645681434012e-41,-1.0291601153091612e-39,-9.651124685922206e-38,-2.0152659967148175e-37,5.631741148420239e-38,0.0,0.0,0.0,0.0,0.0,0.0,0.49827800393104554,0.07641442716121674,-0.03857746366411448,30.720482063293456,31.91345500946045,-28.256482887268067,0.0,0.0,0.0,0.0,0.0,0.0,0.0,0.0,0.0,0.0,0.0,0.0
893,8.93,2154.2166,983.74097,2163.07,498.893,2067.9556,50.74465,-3.3229579029889405e-40,4.756287247611294e-42,-5.4393627957326054e-40,-4.998282580141957e-38,-1.0556265122723842e-37,3.049571621130444e-38,0.0,0.0,0.0,0.0,0.0,0.0,0.4961942434310913,0.07332673817873,-0.06575690060853959,29.800910186767577,30.221263122558593,-26.432880020141603,0.0,0.0,0.0,0.0,0.0,0.0,0.0,0.0,0.0,0.0,0.0,0.0
894,8.94,2154.5286,983.7083,2163.17,498.946,2068.1533,50.68457,-1.6137156933379589e-40,1.287176717390204e-41,-2.081003889639427e-40,-1.8124077924383938e-38,-3.946238378092339e-38,1.2378276237746008e-38,0.0,0.0,0.0,0.0,0.0,0.0,0.49449445605278014,0.06638380289077758,-0.09426812976598739,32.019514083862305,26.355606651306154,-23.66232624053955,0.0,0.0,0.0,0.0,0.0,0.0,0.0,0.0,0.0,0.0,0.0,0.0
895,8.95,2154.8694,983.6866,2163.6,498.913,2068.3184,50.64467,-4.786176943855343e-41,1.5007346033533061e-41,-2.339187526497417e-42,1.138933773238821e-39,7.991364118708569e-40,1.0955697514812107e-39,0.0,0.0,0.0,0.0,0.0,0.0,0.49407281875610354,0.05623829700052738,-0.12991988956928252,37.32921714782715,22.03197135925293,-20.16079921722412,0.0,0.0,0.0,0.0,0.0,0.0,0.0,0.0,0.0,0.0,0.0,0.0
896,8.96,2155.182,983.66473,2164.44,498.784,2068.887,50.491447,1.8122712779419993e-41,1.3727680275911637e-41,1.0389465035243129e-40,1.0869129219321821e-38,2.138682525534731e-38,-4.883188976670396e-39,0.0,0.0,0.0,0.0,0.0,0.0,0.49552934765815737,0.04384351558983326,-0.17000001519918442,45.142852783203125,18.59407482147217,-16.03925676345825,0.0,0.0,0.0,0.0,0.0,0.0,0.0,0.0,0.0,0.0,0.0,0.0
897,8.97,2155.387,983.6329,2164.18,499.039,2068.7173,50.62646,4.919972921229076e-41,1.0894675170586155e-41,1.4208816103637564e-40,1.4153257842513554e-38,2.8590032275782854e-38,-7.185327573069529e-39,0.0,0.0,0.0,0.0,0.0,0.0,0.4981843203306198,0.028637542203068734,-0.1986330732703209,54.38374328613281,18.058432006835936,-11.693878555297852,0.0,0.0,0.0,0.0,0.0,0.0,0.0,0.0,0.0,0.0,0.0,0.0
898,8.98,2155.6013,983.5993,2164.43,498.978,2068.8953,50.58515,5.739256081381223e-41,7.710644799947306e-42,1.3922404710514215e-40,1.3600166179423627e-38,2.7765978254879064e-38,-7.231078286371578e-39,0.0,0.0,0.0,0.0,0.0,0.0,0.5020567536354065,0.010926300333812833,-0.20204292982816696,63.10019874572754,21.84662914276123,-8.221163463592529,0.0,0.0,0.0,0.0,0.0,0.0,0.0,0.0,0.0,0.0,0.0,0.0
899,8.99,2155.7131,983.5838,2163.91,499.042,2068.381,50.638336,5.251380008041895e-41,4.850594634260354e-42,1.1568937952665327e-40,1.1160429602657353e-38,2.2942059999354215e-38,-6.108900819779613e-39,0.0,0.0,0.0,0.0,0.0,0.0,0.5063432037830353,-0.008164134385879152,-0.18424305468797683,69.7151268005371,28.255802345275878,-6.244808387756348,0.0,0.0,0.0,0.0,0.0,0.0,0.0,0.0,0.0,0.0,0.0,0.0
900,9.0,2155.7007,983.513,2164.34,498.971,2068.7458,50.533253,4.1682183340727416e-41,2.6106190390371342e-42,8.524897298612527e-41,8.136655507904544e-39,1.6824856205913785e-38,-4.563460030999567e-39,0.0,0.0,0.0,0.0,0.0,0.0,0.5097115993499756,-0.025686220824718477,-0.1543177083134651,73.02603378295899,34.333787536621095,-5.860299158096313,0.0,0.0,0.0,0.0,0.0,0.0,0.0,0.0,0.0,0.0,0.0,0.0
901,9.01,2155.8347,983.4982,2164.29,499.071,2068.6929,50.536808,2.950475955589832e-41,1.0443877454612861e-42,5.607912376320059e-41,5.2917809841966906e-39,1.1011444390709417e-38,-3.0453381163009183e-39,0.0,0.0,0.0,0.0,0.0,0.0,0.51282519698143,-0.038131225109100345,-0.11899846121668815,73.39935073852538,38.23081245422363,-6.741166734695435,0.0,0.0,0.0,0.0,0.0,0.0,0.0,0.0,0.0,0.0,0.0,0.0
902,9.02,2155.9194,983.4606,2164.13,499.04,2068.5505,50.508045,1.856412179568231e-41,7.300764999132297e-44,3.2185443518151695e-41,2.989761077777485e-39,6.275781734155749e-39,-1.781460368087504e-39,0.0,0.0,0.0,0.0,0.0,0.0,0.5180553138256073,-0.04180728793144226,-0.08814092800021171,71.94711227416992,39.9835506439209,-8.46513819694519,0.0,0.0,0.0,0.0,0.0,0.0,0.0,0.0,0.0,0.0,0.0,0.0
903,9.03,2155.9521,983.42175,2163.98,499.095,2068.4402,50.490795,9.993640258025298e-42,-4.383261596408028e-43,1.479210658941277e-41,1.3312782425295882e-39,2.8448268795600662e-39,-8.489654642234758e-40,0.0,0.0,0.0,0.0,0.0,0.0,0.5247639834880828,-0.03597264476120472,-0.07113200426101685,68.25284271240234,40.49025764465332,-10.897461986541748,0.0,0.0,0.0,0.0,0.0,0.0,0.0,0.0,0.0,0.0,0.0,0.0
904,9.04,2155.9473,983.37384,2164.05,499.064,2068.3274,50.464756,4.000847245493785e-42,-6.319856074104925e-43,3.499322525111933e-42,2.6742057594528016e-40,6.291004740022941e-40,-2.3493455390653077e-40,0.0,0.0,0.0,0.0,0.0,0.0,0.530385559797287,-0.022914520092308523,-0.05942790135741234,62.55452003479004,40.53026809692383,-13.763820552825928,0.0,0.0,0.0,0.0,0.0,0.0,0.0,0.0,0.0,0.0,0.0,0.0
905,9.05,2155.9,983.3361,2163.98,499.035,2068.236,50.447598,2.834826793329105e-43,-6.312849581783301e-43,-2.865375099851386e-42,-3.223439087351056e-40,-6.107433239897926e-40,1.1840593672959337e-40,0.0,0.0,0.0,0.0,0.0,0.0,0.5334455251693726,-0.006369372838526033,-0.04394516162574291,56.610025787353514,40.74758033752441,-16.403272438049317,0.0,0.0,0.0,0.0,0.0,0.0,0.0,0.0,0.0,0.0,0.0,0.0
906,9.06,2155.8394,983.3155,2164.03,499.045,2068.1719,50.42325,-1.674131275328859e-42,-5.308118582862407e-43,-5.685628389151513e-42,-5.7509260949921204e-40,-1.1516701749810692e-39,2.81320055412918e-40,0.0,0.0,0.0,0.0,0.0,0.0,0.5341347634792328,0.009522219235077501,-0.028688993118703366,51.891909790039065,41.3188663482666,-18.18600196838379,0.0,0.0,0.0,0.0,0.0,0.0,0.0,0.0,0.0,0.0,0.0,0.0
907,9.07,2155.7366,983.26794,2164.2,498.889,2068.1804,50.358795,-2.4158385524959846e-42,-3.953062967860309e-43,-6.235778166245436e-42,-6.137272489397259e-40,-1.2477573508096683e-39,3.209616679298956e-40,0.0,0.0,0.0,0.0,0.0,0.0,0.5330938756465912,0.022310210019350053,-0.019128139317035674,48.88086929321289,41.631177520751955,-18.9748477935791,0.0,0.0,0.0,0.0,0.0,0.0,0.0,0.0,0.0,0.0,0.0,0.0
908,9.08,2155.6477,983.2635,2164.24,498.853,2068.158,50.357773,-2.4148576435709572e-42,-2.6260333221447073e-43,-5.5307849088436206e-42,-5.362570238589141e-40,-1.0992394718995846e-39,2.900764892567909e-40,0.0,0.0,0.0,0.0,0.0,0.0,0.5297051250934601,0.03152239564806223,-0.012210453301668167,47.12669563293457,40.33826332092285,-19.30671634674072,0.0,0.0,0.0,0.0,0.0,0.0,0.0,0.0,0.0,0.0,0.0,0.0
909,9.09,2155.571,983.2696,2164.41,498.864,2068.1702,50.33734,-2.0316025135781197e-42,-1.5302179230427003e-43,-4.291756806687617e-42,-4.117484323171861e-40,-8.48777269839717e-40,2.28286513732081e-40,0.0,0.0,0.0,0.0,0.0,0.0,0.5239189207553864,0.03687817007303238,-0.0004639768718334381,46.674651336669925,37.459235763549806,-19.74836711883545,0.0,0.0,0.0,0.0,0.0,0.0,0.0,0.0,0.0,0.0,0.0,0.0
910,9.1,2155.4668,983.2915,2164.44,498.877,2068.065,50.329872,-1.51270169223864e-42,-7.216687091272808e-44,-2.9739757308365595e-42,-2.8226074707201925e-40,-5.854371348927043e-40,1.6069221983829121e-40,0.0,0.0,0.0,0.0,0.0,0.0,0.5183602273464203,0.04130796231329441,0.020751197170466185,47.63104782104492,33.764285469055174,-20.511769485473632,0.0,0.0,0.0,0.0,0.0,0.0,0.0,0.0,0.0,0.0,0.0,0.0
911,9.11,2155.1716,983.19806,2164.55,498.631,2067.872,50.26622,-1.0055717779994888e-42,-1.9478048654114958e-44,-1.8251912497830742e-42,-1.7090334161797971e-40,-3.572355398475614e-40,9.997073439262894e-41,0.0,0.0,0.0,0.0,0.0,0.0,0.5154845237731933,0.047685953229665755,0.05586543083190918,49.23716506958008,29.797534942626953,-21.054729843139647,0.0,0.0,0.0,0.0,0.0,0.0,0.0,0.0,0.0,0.0,0.0,0.0
912,9.12,2155.1128,983.25146,2164.54,498.819,2067.9443,50.31777,-5.85602628241341e-43,1.0930128021733573e-44,-9.444751649549267e-43,-8.633175630950906e-41,-1.8326125264501385e-40,5.30873515418671e-41,0.0,0.0,0.0,0.0,0.0,0.0,0.5162807047367096,0.05600667260587215,0.11228865534067153,50.37668647766113,27.50679588317871,-20.55244083404541,0.0,0.0,0.0,0.0,0.0,0.0,0.0,0.0,0.0,0.0,0.0,0.0
913,9.13,2154.9507,983.23505,2164.55,498.825,2067.9456,50.320175,-2.766163168577189e-43,2.5083242511414224e-44,-3.4191682529525537e-43,-2.9531944746106223e-41,-6.497358550580949e-41,2.030761734499525e-41,0.0,0.0,0.0,0.0,0.0,0.0,0.5203305661678315,0.06390048898756504,0.18823234289884566,51.25596542358399,28.37086353302002,-18.441355514526368,0.0,0.0,0.0,0.0,0.0,0.0,0.0,0.0,0.0,0.0,0.0,0.0
914,9.14,2154.7563,983.2352,2164.46,498.793,2067.9565,50.30514,-7.398855891635034e-44,2.802596928649634e-44,2.2420775429197073e-44,4.6064884417749714e-42,6.405475410275172e-42,7.913132428042243e-43,0.0,0.0,0.0,0.0,0.0,0.0,0.524083387851715,0.07035129964351654,0.2697416409850121,52.98326530456543,31.02720699310303,-15.338804721832275,0.0,0.0,0.0,0.0,0.0,0.0,0.0,0.0,0.0,0.0,0.0,0.0
915,9.15,2154.6172,983.2321,2164.45,498.801,2067.93,50.320915,4.203895392974451e-44,2.5223372357846707e-44,2.0641126379504557e-43,2.1343457169824155e-41,4.2207810394695653e-41,-9.798579511791283e-42,0.0,0.0,0.0,0.0,0.0,0.0,0.5250146567821503,0.07522569298744201,0.32846000492572786,56.25251083374023,33.59200592041016,-12.604059886932372,0.0,0.0,0.0,0.0,0.0,0.0,0.0,0.0,0.0,0.0,0.0,0.0
916,9.16,2154.551,983.2597,2164.43,498.682,2067.5984,50.241486,9.50080358812226e-44,1.9898438193412401e-44,2.6820852607177e-43,2.681903091917338e-41,5.373559221146376e-41,-1.3692928073996383e-41,0.0,0.0,0.0,0.0,0.0,0.0,0.5214949131011963,0.07727188542485237,0.3394059896469116,60.81254768371582,34.79022560119629,-10.97505168914795,0.0,0.0,0.0,0.0,0.0,0.0,0.0,0.0,0.0,0.0,0.0,0.0
917,9.17,2154.4011,983.2461,2164.41,498.864,2067.856,50.31114,1.071993325208485e-43,1.3732724950383208e-44,2.5741852789646888e-43,2.5146861461694574e-41,5.122306406492936e-41,-1.3403980330652605e-41,0.0,0.0,0.0,0.0,0.0,0.0,0.5146616041660309,0.07531194984912873,0.2920141577720642,66.42953109741211,33.8606502532959,-10.663351154327392,0.0,0.0,0.0,0.0,0.0,0.0,0.0,0.0,0.0,0.0,0.0,0.0
918,9.18,2154.2434,983.2256,2164.39,498.764,2067.609,50.281456,9.65494641919799e-44,8.688050478813866e-45,2.1131580842018243e-43,2.0460358877606654e-41,4.201134834999731e-41,-1.130539575047976e-41,0.0,0.0,0.0,0.0,0.0,0.0,0.5084012866020202,0.07036994472146034,0.19807903617620468,72.30109558105468,30.808416175842286,-11.448226070404052,0.0,0.0,0.0,0.0,0.0,0.0,0.0,0.0,0.0,0.0,0.0,0.0
919,9.19,2154.2173,983.293,2164.51,499.129,2067.8179,50.329712,7.581024691997261e-44,4.484155085839415e-45,1.5414283107572988e-43,1.4695837384913653e-41,3.0303359550717035e-41,-8.230946919751111e-42,0.0,0.0,0.0,0.0,0.0,0.0,0.5053313195705413,0.06367332711815835,0.08219641391187907,77.71124877929688,27.307756423950195,-12.822895526885986,0.0,0.0,0.0,0.0,0.0,0.0,0.0,0.0,0.0,0.0,0.0,0.0
920,9.2,2154.0642,983.29877,2164.66,498.994,2067.8596,50.258728,5.296908195147808e-44,1.8216880036222623e-45,1.0005271035279195e-43,9.559658123623902e-42,1.9531718385298597e-41,-5.4391399892767775e-42,0.0,0.0,0.0,0.0,0.0,0.0,0.5039580821990967,0.05696268752217293,-0.02511027262080461,81.16530685424804,25.401396369934083,-14.526205348968507,0.0,0.0,0.0,0.0,0.0,0.0,0.0,0.0,0.0,0.0,0.0,0.0
921,9.21,2153.943,983.29016,2164.76,499.115,2068.0132,50.300472,3.3070643758065685e-44,0.0,5.661245795872261e-44,5.296207545915646e-42,1.1015326968364522e-41,-3.2061708863751815e-42,0.0,0.0,0.0,0.0,0.0,0.0,0.5011642217636109,0.05196487903594971,-0.09073165878653526,80.81369171142578,26.78509578704834,-16.378050899505617,0.0,0.0,0.0,0.0,0.0,0.0,0.0,0.0,0.0,0.0,0.0,0.0
922,9.22,2153.7463,983.2421,2164.49,499.077,2067.9387,50.290768,1.7516230804060213e-44,-1.1210387714598537e-45,2.5083242511414224e-44,2.1792993717179556e-42,4.831677104991969e-42,-1.3917696347674084e-42,0.0,0.0,0.0,0.0,0.0,0.0,0.4957770198583603,0.04799981601536274,-0.10332806035876274,76.32640762329102,31.227530479431152,-18.0318660736084,0.0,0.0,0.0,0.0,0.0,0.0,0.0,0.0,0.0,0.0,0.0,0.0
923,9.23,2153.6611,983.2514,2164.53,499.049,2068.0278,50.304493,6.726232628759122e-45,-1.401298464324817e-45,5.0446744715693416e-45,3.5522916070634113e-43,9.624117852982843e-43,-1.364864704252372e-43,0.0,0.0,0.0,0.0,0.0,0.0,0.48868187963962556,0.0438683956861496,-0.07722992561757565,68.85609436035156,37.13028755187988,-19.049388122558593,0.0,0.0,0.0,0.0,0.0,0.0,0.0,0.0,0.0,0.0,0.0,0.0
924,9.24,2153.5254,983.2733,2164.53,499.061,2068.0422,50.287285,2.8025969286496343e-46,-1.401298464324817e-45,-6.165713243029196e-45,-7.603445467426458e-43,-1.1363129247209941e-42,5.6051938572992686e-46,0.0,0.0,0.0,0.0,0.0,0.0,0.4827008694410324,0.0403868742287159,-0.043359695374965666,60.122093963623044,42.576893997192386,-19.160861778259278,0.0,0.0,0.0,0.0,0.0,0.0,0.0,0.0,0.0,0.0,0.0,0.0
925,9.25,2153.3977,983.264,2164.43,499.074,2068.1396,50.25262,-3.363116314379561e-45,-1.401298464324817e-45,-1.0789998175301092e-44,-1.4587517013621346e-42,-2.2360519595231107e-42,-1.401298464324817e-45,0.0,0.0,0.0,0.0,0.0,0.0,0.47869387865066526,0.03823884427547455,-0.023446202278137207,51.894657135009766,46.1106014251709,-18.11814613342285,0.0,0.0,0.0,0.0,0.0,0.0,0.0,0.0,0.0,0.0,0.0,0.0
926,9.26,2153.228,983.254,2164.16,499.07,2068.0615,50.271465,-4.203895392974451e-45,-7.006492321624085e-46,-1.1210387714598537e-44,-1.4272224859148262e-42,-2.619026829823083e-42,-2.1019476964872256e-45,0.0,0.0,0.0,0.0,0.0,0.0,0.4788422048091888,0.03548963218927383,-0.025251773372292518,45.170101928710935,47.56698341369629,-16.525987911224366,0.0,0.0,0.0,0.0,0.0,0.0,0.0,0.0,0.0,0.0,0.0,0.0
927,9.27,2153.081,983.2013,2164.14,499.032,2068.1748,50.245975,-4.203895392974451e-45,0.0,-1.0369608636003647e-44,-1.3956932704675178e-42,-1.9183775976606746e-42,-2.802596928649634e-45,0.0,0.0,0.0,0.0,0.0,0.0,0.4872332215309143,0.028503166139125825,-0.05128667950630188,40.664603042602536,46.54682502746582,-15.108777713775634,0.0,0.0,0.0,0.0,0.0,0.0,0.0,0.0,0.0,0.0,0.0,0.0
928,9.28,2153.0615,983.2304,2163.89,499.071,2068.1277,50.21602,-3.7835058536770063e-45,0.0,-7.847271400218975e-45,-9.767050296343975e-43,-1.2352445963023262e-42,-2.382207389352189e-45,0.0,0.0,0.0,0.0,0.0,0.0,0.5020983964204788,0.016113181691616775,-0.09103653579950333,38.64012222290039,43.37226333618164,-14.335014820098877,0.0,0.0,0.0,0.0,0.0,0.0,0.0,0.0,0.0,0.0,0.0,0.0
929,9.29,2152.8923,983.2051,2163.71,499.035,2068.1577,50.199272,-2.802596928649634e-45,0.0,-5.3249341644343046e-45,2.942726775082116e-45,-1.2781243293106657e-42,-1.401298464324817e-45,0.0,0.0,0.0,0.0,0.0,0.0,0.5188323795795441,0.0010318355081835762,-0.14198307693004608,38.85167770385742,38.68036422729492,-14.337302970886231,0.0,0.0,0.0,0.0,0.0,0.0,0.0,0.0,0.0,0.0,0.0,0.0
930,9.3,2152.7385,983.1959,2163.68,499.091,2068.1562,50.244766,-1.6815581571897804e-45,0.0,-3.363116314379561e-45,1.9618178500547438e-45,-4.868110865064414e-43,-1.401298464324817e-45,0.0,0.0,0.0,0.0,0.0,0.0,0.5340260863304138,-0.012888700934126973,-0.20512966215610504,41.25389175415039,33.57156047821045,-15.1644850730896,0.0,0.0,0.0,0.0,0.0,0.0,0.0,0.0,0.0,0.0,0.0,0.0
931,9.31,2152.553,983.1806,2163.46,499.051,2068.1199,50.206524,-1.401298464324817e-45,0.0,-1.8216880036222623e-45,1.401298464324817e-45,6.165713243029195e-44,-1.401298464324817e-45,0.0,0.0,0.0,0.0,0.0,0.0,0.5444888293743133,-0.021729765459895134,-0.27031641006469725,46.179335021972655,29.05044345855713,-17.00633316040039,0.0,0.0,0.0,0.0,0.0,0.0,0.0,0.0,0.0,0.0,0.0,0.0
932,9.32,2152.4646,983.1994,2163.1,499.06,2068.0566,50.209736,-1.4012984643248171e-46,0.0,-8.407790785948902e-46,8.407790785948902e-46,6.165713243029196e-45,-1.4012984643248171e-46,0.0,0.0,0.0,0.0,0.0,0.0,0.5466632008552551,-0.023360083252191542,-0.3155838757753372,52.49715881347656,26.26670742034912,-19.460463333129884,0.0,0.0,0.0,0.0,0.0,0.0,0.0,0.0,0.0,0.0,0.0,0.0
933,9.33,2152.3372,983.2304,2162.78,499.135,2067.9656,50.231625,0.0,0.0,0.0,0.0,0.0,0.0,0.0,0.0,0.0,0.0,0.0,0.0,0.5385608077049255,-0.018684291187673806,-0.3336769551038742,58.12088890075684,25.294312477111816,-22.21942710876465,0.0,0.0,0.0,0.0,0.0,0.0,0.0,0.0,0.0,0.0,0.0,0.0
934,9.34,2152.121,983.1768,2162.36,499.078,2067.9927,50.221962,0.0,0.0,0.0,0.0,0.0,0.0,0.0,0.0,0.0,0.0,0.0,0.0,0.5241726160049438,-0.012176011316478252,-0.3288551926612854,62.02475280761719,26.4089147567749,-24.939206695556642,0.0,0.0,0.0,0.0,0.0,0.0,0.0,0.0,0.0,0.0,0.0,0.0
935,9.35,2152.0144,983.18854,2162.09,499.116,2067.9092,50.237087,0.0,0.0,0.0,0.0,0.0,0.0,0.0,0.0,0.0,0.0,0.0,0.0,0.5087371110916138,-0.008428997360169888,-0.30499471426010133,64.34370079040528,29.847026443481447,-26.880413246154784,0.0,0.0,0.0,0.0,0.0,0.0,0.0,0.0,0.0,0.0,0.0,0.0
936,9.36,2151.8872,983.1481,2161.9,499.147,2067.925,50.23009,0.0,0.0,0.0,0.0,0.0,0.0,0.0,0.0,0.0,0.0,0.0,0.0,0.49524868428707125,-0.009214509651064873,-0.26722783148288726,65.41333236694337,34.46428871154785,-28.057710075378417,0.0,0.0,0.0,0.0,0.0,0.0,0.0,0.0,0.0,0.0,0.0,0.0
937,9.37,2151.712,983.1382,2161.55,499.142,2067.8389,50.228714,0.0,0.0,0.0,0.0,0.0,0.0,0.0,0.0,0.0,0.0,0.0,0.0,0.48388327062129977,-0.013494281657040119,-0.22143736928701402,65.23986358642578,38.539873886108396,-29.14069175720215,0.0,0.0,0.0,0.0,0.0,0.0,0.0,0.0,0.0,0.0,0.0,0.0
938,9.38,2151.5906,983.1088,2161.27,499.105,2067.8494,50.235596,0.0,0.0,0.0,0.0,0.0,0.0,0.0,0.0,0.0,0.0,0.0,0.0,0.4739954650402069,-0.01866953633725643,-0.1825380876660347,63.99718971252442,41.138241577148435,-30.461853408813475,0.0,0.0,0.0,0.0,0.0,0.0,0.0,0.0,0.0,0.0,0.0,0.0
939,9.39,2151.4854,983.1139,2161.02,499.188,2067.7668,50.245777,0.0,0.0,0.0,0.0,0.0,0.0,0.0,0.0,0.0,0.0,0.0,0.0,0.4661151975393295,-0.021788062527775764,-0.16291599720716476,62.57972717285156,41.89392623901367,-31.80795497894287,0.0,0.0,0.0,0.0,0.0,0.0,0.0,0.0,0.0,0.0,0.0,0.0
940,9.4,2151.3298,983.0705,2160.49,499.247,2067.781,50.27872,0.0,0.0,0.0,0.0,0.0,0.0,0.0,0.0,0.0,0.0,0.0,0.0,0.4602315366268158,-0.02207371462136507,-0.16304414421319963,62.25703430175781,41.813737106323245,-32.590463638305664,0.0,0.0,0.0,0.0,0.0,0.0,0.0,0.0,0.0,0.0,0.0,0.0
941,9.41,2151.2012,983.08734,2160.23,499.243,2067.7068,50.267002,0.0,0.0,0.0,0.0,0.0,0.0,0.0,0.0,0.0,0.0,0.0,0.0,0.4568617969751358,-0.020202367193996908,-0.17300690412521363,62.98639755249023,42.317881393432614,-32.77943801879883,0.0,0.0,0.0,0.0,0.0,0.0,0.0,0.0,0.0,0.0,0.0,0.0
942,9.42,2151.0342,983.0437,2160.02,499.21,2067.6875,50.257782,0.0,0.0,0.0,0.0,0.0,0.0,0.0,0.0,0.0,0.0,0.0,0.0,0.4559793800115585,-0.017193330079317094,-0.17621519565582275,63.90797653198242,44.36820983886719,-32.77552261352539,0.0,0.0,0.0,0.0,0.0,0.0,0.0,0.0,0.0,0.0,0.0,0.0
943,9.43,2150.901,983.07983,2159.67,499.475,2067.4473,50.335712,0.0,0.0,0.0,0.0,0.0,0.0,0.0,0.0,0.0,0.0,0.0,0.0,0.45591414272785186,-0.016499545238912106,-0.15966592878103256,64.49496994018554,47.279876708984375,-32.66957397460938,0.0,0.0,0.0,0.0,0.0,0.0,0.0,0.0,0.0,0.0,0.0,0.0
944,9.44,2150.7144,983.0612,2159.75,499.447,2067.7605,50.299484,0.0,0.0,0.0,0.0,0.0,0.0,0.0,0.0,0.0,0.0,0.0,0.0,0.4560746490955353,-0.017866343073546887,-0.1362828642129898,64.36376113891602,48.830810928344725,-32.40337982177734,0.0,0.0,0.0,0.0,0.0,0.0,0.0,0.0,0.0,0.0,0.0,0.0
945,9.45,2150.612,983.0582,2159.75,499.382,2067.6653,50.24066,0.0,0.0,0.0,0.0,0.0,0.0,0.0,0.0,0.0,0.0,0.0,0.0,0.45598631501197817,-0.018936233967542647,-0.1252843528985977,64.19289855957031,49.057621765136716,-32.22643280029297,0.0,0.0,0.0,0.0,0.0,0.0,0.0,0.0,0.0,0.0,0.0,0.0
