frame,t_s,cadera_y_mm,cadera_z_mm,rodilla_y_mm,rodilla_z_mm,tobillo_y_mm,tobillo_z_mm,Force_Fx1_N_Nm,Force_Fy1_N_Nm,Force_Fz1_N_Nm,Moment_Mx1_N_Nm,Moment_My1_N_Nm,Moment_Mz1_N_Nm,Force_Fx2_N_Nm,Force_Fy2_N_Nm,Force_Fz2_N_Nm,Moment_Mx2_N_Nm,Moment_My2_N_Nm,Moment_Mz2_N_Nm,Force_Fx3_N_Nm,Force_Fy3_N_Nm,Force_Fz3_N_Nm,Moment_Mx3_N_Nm,Moment_My3_N_Nm,Moment_Mz3_N_Nm,Force_Fx4_N_Nm,Force_Fy4_N_Nm,Force_Fz4_N_Nm,Moment_Mx4_N_Nm,Moment_My4_N_Nm,Moment_Mz4_N_Nm,Force_Fx5_N_Nm,Force_Fy5_N_Nm,Force_Fz5_N_Nm,Moment_Mx5_N_Nm,Moment_My5_N_Nm,Moment_Mz5_N_Nm
302,3.02,-2196.6355,828.20197,-2019.7599,437.661,-1989.5563,7.2494726,-9.572004397596141e-22,3.83446171612656e-22,-1.5548360928832762e-21,-1.1752783457427204e-19,4.0589844423326273e-19,1.4530377036987747e-19,3.708066179005905e-14,-1.0640666136835924e-13,2.1723109964490173e-13,1.3029774400272545e-11,-7.750553844554364e-12,-5.982952566534194e-12,0.7005631566047669,1.230216121673584,0.008005409930774476,632.189453125,-463.2124298095703,150.45067901611327,-4.09247932434082,2.1144344329833986,-28.88269748687744,4901.190576171875,-9690.20859375,-1088.7720825195313,0.0,0.0,0.0,0.0,0.0,0.0
307,3.07,-2131.4995,838.7324,-1976.89,438.964,-1968.0839,8.312216,6.382727716409612e-21,1.5701532088113592e-21,-4.9041988200855325e-20,-5.074368088155742e-18,5.745396605239276e-18,-3.831536114413176e-19,4.53651076122788e-13,1.599449380178166e-13,-4.215544276500727e-12,-6.154659004664609e-10,1.3806827599618931e-11,-6.947329170281513e-11,0.7000641524791718,1.2461570262908936,-0.08450709134340287,645.4977783203125,-471.292041015625,152.8756362915039,-4.193541383743286,2.3398278951644897,-28.678784942626955,4833.1662109375,-9640.76435546875,-1208.7904052734375,0.0,0.0,0.0,0.0,0.0,0.0
309,3.09,-2111.6704,841.2725,-1961.91,441.398,-1989.1542,11.424758,1.513372982977016e-20,-2.020250216849122e-22,-5.978006434198543e-20,-6.460349074593865e-18,5.584487145912806e-18,-1.4655407170183333e-18,4.0903932259535315e-13,9.019119489878797e-13,-7.363715496741529e-12,-9.565985670256794e-10,6.875675757911371e-11,-6.07114258172059e-11,0.6788393795490265,1.2317121982574464,-0.20136660784482957,636.3049377441406,-466.64312744140625,153.38019409179688,-4.307180500030517,2.3944151163101197,-28.624253463745116,4779.671533203125,-9612.421484375,-1269.8246337890625,0.0,0.0,0.0,0.0,0.0,0.0
310,3.1,-2098.7598,843.8145,-1957.89,440.603,-1988.6514,10.934607,1.95786403467419e-20,-2.6340393387569374e-21,-4.31825027897628e-20,-4.989935571003832e-18,2.365546952088622e-18,-2.232738068958137e-18,1.2621566948734692e-13,1.4827766401867559e-12,-7.935706692469014e-12,-9.336712847307639e-10,1.1072595271222063e-10,-1.566560000752955e-11,0.6683124780654908,1.2324308514595033,-0.2576065093278885,631.7605407714843,-463.48497619628904,152.64569702148438,-4.355432462692261,2.3854716539382936,-28.62060604095459,4759.1201171875,-9605.02451171875,-1286.1927856445313,0.0,0.0,0.0,0.0,0.0,0.0
311,3.11,-2089.55,845.5483,-1953.37,440.775,-1988.661,11.243599,2.218805412890274e-20,-6.549782253331594e-21,2.376993256231252e-21,-5.951325930335798e-19,-4.619508898428709e-18,-3.0362511209910982e-18,-4.62367839328126e-13,2.1551011843146117e-12,-6.603372276065001e-12,-6.015510284340663e-10,1.5819743570677502e-10,7.671261282454767e-11,0.6636518836021423,1.238450026512146,-0.3044807642698288,629.4654846191406,-460.82048950195315,151.6764129638672,-4.386988306045533,2.359931492805481,-28.634340667724608,4749.7439453125,-9604.840234375,-1296.8386840820312,0.0,0.0,0.0,0.0,0.0,0.0
312,3.12,-2078.5576,847.8367,-1949.07,440.762,-1989.1587,11.664931,2.0426237457023356e-20,-1.2143384108230236e-20,9.019673429777452e-20,8.130128822240818e-18,-1.6773285151990496e-17,-3.662878071717888e-18,-1.4639667516441746e-12,2.798125381571481e-12,-1.9800312078951597e-12,2.292446149576577e-10,2.0174288906105175e-10,2.3263733300860068e-10,0.6671687602996826,1.2468626260757447,-0.3325295329093933,629.8559631347656,-458.96514282226565,151.44733276367188,-4.4004891872406,2.3266350984573365,-28.6544038772583,4747.413818359375,-9611.2912109375,-1300.9444458007813,0.0,0.0,0.0,0.0,0.0,0.0
313,3.13,-2065.3977,851.15625,-1945.93,440.854,-1990.1904,11.849088,1.0710882921804684e-20,-1.927540918199446e-20,2.331084482626347e-19,2.2585038185968776e-17,-3.523006466482504e-17,-3.752708128482345e-18,-2.9598455630885923e-12,3.1861574793443093e-12,7.61595831972467e-12,1.773418323303133e-09,2.2424613832505712e-10,4.6405174980446164e-10,0.6765359222888947,1.2544924020767212,-0.33238749504089354,632.5745056152343,-457.9416900634766,152.31058044433593,-4.397480249404907,2.2859692335128785,-28.678515815734862,4749.481298828125,-9623.61669921875,-1303.0280029296875,0.0,0.0,0.0,0.0,0.0,0.0
314,3.14,-2056.3486,852.8987,-1942.56,441.232,-1990.1462,11.916017,-1.1471190505476775e-20,-2.720103052764849e-20,4.390849898624967e-19,4.372448031331661e-17,-6.025325790727164e-17,-2.7715245390888126e-18,-4.955722898020154e-12,2.95906504594462e-12,2.3921617638145153e-11,4.22856714088482e-09,1.9891996383414323e-10,7.709194449478929e-10,0.6874512553215026,1.2591741323471068,-0.302848818898201,636.7246032714844,-457.9034393310547,153.86311798095704,-4.379009866714478,2.2375319719314577,-28.703253173828124,4757.1623046875,-9638.92607421875,-1302.1273315429687,0.0,0.0,0.0,0.0,0.0,0.0
315,3.15,-2046.1521,854.48047,-1938.95,441.067,-1990.9292,12.334133,-5.1052463281245104e-20,-3.42281463199624e-20,7.041997727961324e-19,7.134568176192526e-17,-9.03324904044249e-17,-1.0854404877118905e-20,-7.308721379842287e-12,1.6063257603400604e-12,4.8246627179504564e-11,7.698183601689834e-09,8.843012199236111e-11,1.129931193055711e-09,0.6982585668563843,1.2592174768447877,-0.2552057310938835,641.4787780761719,-458.95879821777345,155.53550720214844,-4.344798231124878,2.1945456504821776,-28.71718521118164,4763.556298828125,-9649.6814453125,-1294.6869873046876,0.0,0.0,0.0,0.0,0.0,0.0
316,3.16,-2035.9495,856.2411,-1935.32,441.199,-1991.8252,12.553785,-1.1226125368739517e-19,-3.734462682593836e-20,1.0026070657804096e-18,1.0305821811276694e-16,-1.2097491576995203e-16,5.358271363634967e-18,-9.631148482902584e-12,-1.5176550432496016e-12,8.066670317830038e-11,1.2070979238387736e-08,-1.5355896710450568e-10,1.479722355757218e-09,0.7068722665309906,1.25642431974411,-0.20601389706134796,645.4370910644532,-460.7114990234375,156.70927886962892,-4.298074674606323,2.161164474487305,-28.722427749633788,4764.596826171875,-9654.48271484375,-1284.0237915039063,0.0,0.0,0.0,0.0,0.0,0.0
317,3.17,-2025.1737,857.979,-1932.9,441.442,-1991.8761,13.128094,-1.9665496702128926e-19,-3.190035958671845e-20,1.273818138809288e-18,1.3295588181848686e-16,-1.432745589429249e-16,1.4143713139860454e-17,-1.117888056428873e-11,-7.1221712555358255e-12,1.1883584602467856e-10,1.685248109950521e-08,-5.76607603330892e-10,1.7038607968977714e-09,0.7122257471084594,1.252844798564911,-0.16696513891220094,648.2404846191406,-462.21083984375,156.9712173461914,-4.258437538146973,2.1374582290649413,-28.72034435272217,4762.178515625,-9656.0908203125,-1273.7517333984374,0.0,0.0,0.0,0.0,0.0,0.0
318,3.18,-2014.3918,859.64954,-1929.97,441.729,-1992.4247,13.444004,-3.001200324811141e-19,-1.149373249993081e-20,1.40864006903488e-18,1.5011799355716557e-16,-1.4249075832867214e-16,2.686349226154538e-17,-1.0744195203665762e-11,-1.5821873238647254e-11,1.564236115636497e-10,2.0955729240768052e-08,-1.2212799938016161e-09,1.6147427284174398e-09,0.7141818404197693,1.2491308569908142,-0.14595988392829895,650.0007568359375,-463.8963592529297,156.52276000976562,-4.2439656257629395,2.1188852071762083,-28.698768615722656,4764.2294921875,-9652.4990234375,-1266.2931396484375,0.0,0.0,0.0,0.0,0.0,0.0
319,3.19,-2003.634,861.0105,-1927.42,441.851,-1993.4792,13.889857,-4.0878738027742244e-19,3.170956504699556e-20,1.2368455849314594e-18,1.3724093547186266e-16,-9.708216641233838e-17,4.331274090637874e-17,-6.59025603186314e-12,-2.785815345768272e-11,1.81304883606348e-10,2.247694599333272e-08,-2.0981618997772956e-09,9.442102738566049e-10,0.7111700892448425,1.245120370388031,-0.14125112742185592,649.9768432617187,-466.00664672851565,156.1488525390625,-4.252506875991822,2.0941211223602294,-28.65974063873291,4776.352490234375,-9644.20224609375,-1257.0974975585937,0.0,0.0,0.0,0.0,0.0,0.0
320,3.2,-1993.5316,861.8159,-1923.55,441.303,-1991.6482,13.646047,-4.940981357651961e-19,1.0591565200176369e-19,5.220057462339094e-19,6.994412231757481e-17,2.1076308187480182e-17,6.19446447292123e-17,3.5132640239133196e-12,-4.267257797119228e-11,1.7382605771443238e-10,1.851107924721873e-08,-3.156310990348743e-09,-6.498753764294651e-10,0.7036785006523132,1.2408082604408264,-0.13953042328357695,647.5328674316406,-467.7161376953125,156.47234954833985,-4.266903591156006,2.0618604898452757,-28.622324752807618,4793.926513671875,-9635.17333984375,-1241.1081787109374,0.0,0.0,0.0,0.0,0.0,0.0
321,3.21,-1984.4937,862.2622,-1920.2,441.331,-1993.3744,14.037346,-5.077372894109145e-19,2.1752595267493595e-19,-1.0281648671245393e-18,-8.23992965976641e-17,2.442440851285024e-16,7.908050539484326e-17,2.206895846623702e-11,-5.832411151263095e-11,1.0575382514144138e-10,5.101660260908858e-09,-4.240885287387641e-09,-3.5480711924051888e-09,0.6954009532928467,1.2369433641433716,-0.13609208911657333,643.4070739746094,-468.7418273925781,157.4123733520508,-4.277001142501831,2.0302520990371704,-28.597796821594237,4809.89091796875,-9628.5447265625,-1223.5259643554687,0.0,0.0,0.0,0.0,0.0,0.0
322,3.22,-1972.7723,863.79175,-1918.24,441.302,-1992.2319,13.99616,-3.778710809531891e-19,3.6746263111628253e-19,-3.72449719572977e-18,-3.531241089185139e-16,6.027809066335387e-16,8.803096953783696e-17,5.133784716782053e-11,-7.078224187329063e-11,-5.912562201990101e-11,-2.2532828536370176e-08,-5.0427876097103305e-09,-8.088400438310828e-09,0.6899009644985199,1.233659064769745,-0.13154662251472474,638.9887817382812,-469.00547485351564,158.26942138671876,-4.284970045089722,2.0117039680480957,-28.59368839263916,4819.32265625,-9627.29853515625,-1203.134033203125,0.0,0.0,0.0,0.0,0.0,0.0
323,3.23,-1961.4899,864.3459,-1914.64,441.112,-1993.2997,14.390569,-9.07732106838295e-21,5.457140457222614e-19,-7.81813701606016e-18,-7.705617592789539e-16,1.114003772067094e-15,7.83152587726023e-17,9.241505338764e-11,-7.319657796545087e-11,-3.613840837690674e-10,-6.930487224110493e-08,-5.04829875680457e-09,-1.4422106797695732e-08,0.688752144575119,1.2307017922401429,-0.12499065697193146,634.4259521484375,-468.0888427734375,158.81828765869142,-4.291440725326538,2.013565182685852,-28.611141014099122,4822.473291015625,-9633.847265625,-1183.9940551757813,0.0,0.0,0.0,0.0,0.0,0.0
324,3.24,-1951.9893,864.4076,-1910.72,441.114,-1994.281,15.043244,7.10525220355386e-19,7.241005647716642e-19,-1.3366872754153933e-17,-1.3445931977184232e-15,1.7645456743408825e-15,3.531128823818813e-17,1.4379231971783923e-10,-5.534568567333587e-11,-8.375682092331971e-10,-1.3886854546285577e-07,-3.5042051260703034e-09,-2.2290824830406565e-08,0.6911390781402588,1.228356420993805,-0.11686957329511642,629.9716674804688,-465.9432037353516,159.21673736572265,-4.293408632278442,2.0381794929504395,-28.647004890441895,4824.428564453125,-9648.1814453125,-1177.0116943359376,0.0,0.0,0.0,0.0,0.0,0.0
325,3.25,-1940.4711,865.6811,-1907.88,441.595,-1994.6973,14.503198,1.8903505702512713e-18,8.478091063326953e-19,-2.0034876422542498e-17,-2.046194865445544e-15,2.4855176832585527e-15,-5.914885751451172e-17,1.9936584189084173e-10,-3.6040613202170667e-12,-1.505145319491419e-09,-2.313065508019463e-07,5.762218618921011e-10,-3.071961494072184e-08,0.6976599156856537,1.2272837162017822,-0.10689098387956619,626.4615661621094,-461.8142395019531,159.49677581787108,-4.288079309463501,2.075704836845398,-28.691016006469727,4828.55224609375,-9666.18251953125,-1182.6424438476563,0.0,0.0,0.0,0.0,0.0,0.0
328,3.28,-1905.5049,865.8101,-1896.49,440.767,-1993.0574,14.198644,8.333782302053567e-18,-2.0491033325526248e-19,-3.157118111032372e-17,-3.4246146203740993e-15,2.8834310402198127e-15,-8.203313612047196e-16,2.0934146915951856e-10,5.091338212137586e-10,-3.992225861004783e-09,-5.147800607119279e-07,3.872224052514639e-08,-3.0950285534459e-08,0.7469939112663269,1.2307806730270385,-0.20132041871547698,623.8081604003906,-427.48643493652344,159.78919982910156,-4.264140319824219,2.184358763694763,-28.764220237731934,4862.21240234375,-9704.6357421875,-1242.5811401367187,0.0,0.0,0.0,0.0,0.0,0.0
329,3.29,-1893.7681,865.18256,-1892.84,440.071,-1994.0942,14.717416,1.0657498657863962e-17,-1.5745348425156307e-18,-2.1480478850454158e-17,-2.5165025613976766e-15,9.99493085510553e-16,-1.235347250401242e-15,4.480663054126643e-11,8.258778771974562e-10,-4.225404026669821e-09,-4.902151800934007e-07,6.156427971859557e-08,-4.798470523703635e-09,0.7671232461929322,1.2311893701553345,-0.3060619652271271,623.1822998046875,-410.0441070556641,158.28275604248046,-4.2628498554229735,2.1949734926223754,-28.752860450744627,4890.361328125,-9706.39375,-1261.7191162109375,0.0,0.0,0.0,0.0,0.0,0.0
330,3.3,-1881.8917,864.35986,-1889.41,439.745,-1993.0406,14.663131,1.189163509187246e-17,-3.751674069998593e-18,4.748024429513591e-18,2.3599036712686293e-17,-2.970057189732761e-15,-1.6615242015761587e-15,-2.8879170374529475e-10,1.1871593597057029e-09,-3.3772559859812647e-09,-2.9149019695751124e-07,8.700032481101516e-08,4.750942661502222e-08,0.7844275712966919,1.230656349658966,-0.4424089461565018,620.6894287109375,-392.3012390136719,155.1009979248047,-4.269803094863891,2.1979466676712036,-28.73532371520996,4923.2744140625,-9706.67880859375,-1272.8461669921876,0.0,0.0,0.0,0.0,0.0,0.0
331,3.31,-1869.8893,863.5412,-1884.49,439.116,-1993.5947,15.168094,1.0627910159198756e-17,-6.8278128120642175e-18,5.4264792872826615e-17,4.953405328632073e-15,-9.770746842155593e-15,-1.978137875128117e-15,-8.482470836845835e-10,1.5237365147413584e-09,-6.886035311404193e-10,1.8453697911979816e-07,1.096442716175261e-07,1.3454555585212803e-07,0.7988319635391236,1.2315959334373474,-0.597044312953949,615.744482421875,-378.04478149414064,150.30283813476564,-4.288943672180176,2.2012497663497923,-28.72160758972168,4947.082421875,-9707.743359375,-1277.5102172851562,0.0,0.0,0.0,0.0,0.0,0.0
332,3.32,-1857.8556,862.5614,-1879.75,438.827,-1992.9998,15.648197,4.8984209971110625e-18,-1.0703886284871445e-17,1.3379537683425508e-16,1.3009655015734167e-14,-1.9979669841859762e-14,-1.9842858731933493e-15,-1.6743856301459914e-09,1.7086359771489867e-09,4.7492823229688955e-09,1.0529335213504964e-06,1.1988733277235043e-07,2.6227539251522103e-07,0.810693109035492,1.2361292719841004,-0.7276543438434601,610.0751342773438,-372.5708251953125,144.64174041748046,-4.318497610092163,2.1982279300689695,-28.713094329833986,4953.302783203125,-9706.08037109375,-1276.5441284179688,0.0,0.0,0.0,0.0,0.0,0.0
333,3.33,-1846.9109,861.5624,-1874.98,438.59,-1992.5001,15.999784,-7.746359142188906e-18,-1.4940978930996624e-17,2.471680838905826e-16,2.466141237078036e-14,-3.366880969038694e-14,-1.3851034060417194e-15,-2.764424467116555e-09,1.5417803256312368e-09,1.3855929559269953e-08,2.4165057993741358e-06,1.0287266363206982e-07,4.29760626730058e-07,0.8192762851715087,1.242112946510315,-0.7560541868209839,609.6456848144531,-383.68088684082034,139.01190795898438,-4.352830457687378,2.183303165435791,-28.716496467590332,4948.220166015625,-9700.7412109375,-1272.4735961914062,0.0,0.0,0.0,0.0,0.0,0.0
334,3.34,-1834.6418,860.4096,-1869.85,438.325,-1992.4255,16.84121,-2.9937646142372155e-17,-1.8574800732734938e-17,3.914008991476702e-16,3.9713009288943994e-14,-4.990621461822397e-14,2.0609153544211809e-16,-4.0316768812331816e-09,7.426241635521968e-10,2.7288653470236567e-08,4.322566019254736e-06,3.8118716494395245e-08,6.22933453087171e-07,0.8174858748912811,1.244353210926056,-0.5743164479732513,624.8813110351563,-424.6937622070312,134.20199127197264,-4.375101470947266,2.1529471635818482,-28.742243385314943,4943.8615234375,-9694.1830078125,-1270.3942260742188,0.0,0.0,0.0,0.0,0.0,0.0
335,3.35,-1822.4855,859.069,-1864.65,437.794,-1991.9972,17.402964,-6.384941701766755e-17,-1.9916909217536107e-17,5.511933655386845e-16,5.673702745687473e-14,-6.609567087438942e-14,3.235347967046323e-15,-5.2530751304402655e-09,-1.0393754301674107e-09,4.4992675540811436e-08,6.695995170957758e-06,-9.948046795216214e-08,8.06539486575275e-07,0.7883404433727265,1.2370316147804261,-0.056001055613160135,669.98544921875,-512.7033477783203,131.65988464355468,-4.37006893157959,2.1155784368515014,-28.787497138977052,4946.3060546875,-9688.4466796875,-1273.3423706054687,0.0,0.0,0.0,0.0,0.0,0.0
336,3.36,-1810.2804,857.57245,-1858.94,436.886,-1992.6917,18.088467,-1.1009738351227234e-16,-1.6391372306298128e-17,6.920145147257109e-16,7.23515939814092e-14,-7.720580224397297e-14,8.126727719928923e-15,-6.009174979837439e-09,-4.182849999700977e-09,6.554602691721811e-08,9.246842910215492e-06,-3.362868483236525e-07,9.150028859039594e-07,0.7051268458366394,1.2166731834411622,0.9340442091226577,760.8563537597656,-664.3062744140625,133.858447265625,-4.341129302978516,2.081737756729126,-28.846337509155273,4952.238232421875,-9685.49931640625,-1290.641650390625,0.0,0.0,0.0,0.0,0.0,0.0
337,3.37,-1796.1827,855.4501,-1855.27,436.42,-1992.1422,18.981749,-1.6607890140356334e-16,-4.4906414278425806e-18,7.525910976820949e-16,8.041760549029435e-14,-7.502173524336769e-14,1.5130950098684322e-14,-5.628028576509791e-09,-9.004412593327516e-09,8.530733595080164e-08,1.1356906452419934e-05,-6.929844971637066e-07,8.440100316420285e-07,0.5320630639791488,1.1864302635192872,2.5201843976974487,912.3496643066406,-891.81640625,144.19980163574218,-4.311633777618408,2.0640246629714967,-28.909482383728026,4951.590771484375,-9687.78076171875,-1324.6544555664063,0.0,0.0,0.0,0.0,0.0,0.0
338,3.38,-1783.8549,853.57874,-1848.89,436.233,-1989.046,19.53298,-2.2373753129552804e-16,2.002329667978834e-17,6.385434052902237e-16,7.132762872637428e-14,-4.7671019353669707e-14,2.408460495655681e-14,-3.1538584965851156e-09,-1.5602621061816536e-08,9.744298665737005e-08,1.1960368374275276e-05,-1.1728512504305399e-06,4.460812746742704e-07,0.23075200617313385,1.1567906498908997,4.765195560455322,1133.510968017578,-1197.200390625,166.84397888183594,-4.303505182266235,2.0640859842300414,-28.95612621307373,4938.101220703125,-9693.9806640625,-1366.729150390625,0.0,0.0,0.0,0.0,0.0,0.0
339,3.39,-1770.6975,851.4977,-1841.22,434.924,-1991.0878,21.233328,-2.668978396894978e-16,6.150297627335104e-17,2.2021189735600423e-16,3.169195852183317e-14,2.0171269329803395e-14,3.4069674300718847e-14,2.626412186346183e-09,-2.3621855405053794e-08,9.101939824063265e-08,9.449662229599198e-06,-1.7443235378777899e-06,-4.6474065058532686e-07,-0.23204269204288722,1.1451096773147582,7.590664052963257,1420.0148559570312,-1560.4209838867187,205.9282470703125,-4.315788078308105,2.0713161706924437,-28.969745635986328,4911.04951171875,-9699.07841796875,-1403.680078125,0.0,0.0,0.0,0.0,0.0,0.0
340,3.4,-1760.8677,848.9239,-1831.69,431.846,-1991.4454,21.801512,-2.6858567459788814e-16,1.2318299500582353e-16,-6.607012855880728e-16,-5.510667991228486e-14,1.4582062160951696e-13,4.298419530469194e-14,1.3052350755771158e-08,-3.193325905925803e-08,5.0501474291309026e-08,1.6593592079061636e-06,-2.3178397668743854e-06,-2.0919282064824076e-06,-0.8695728540420532,1.1736919045448304,10.668215274810791,1741.3421020507812,-1924.78984375,264.6970901489258,-4.335367584228516,2.0769207954406737,-28.95251121520996,4875.102197265625,-9701.471484375,-1421.832958984375,0.0,0.0,0.0,0.0,0.0,0.0
341,3.41,-1746.124,846.8038,-1823.94,431.562,-1991.3875,24.271252,-1.891456123196138e-16,2.0512887124790725e-16,-2.1694035156235017e-15,-2.0684096525402235e-13,3.4512857253077984e-13,4.707239440360396e-14,2.9296809245238365e-08,-3.825274106361576e-08,-4.380502793832619e-08,-1.3993341372042779e-05,-2.71869384960155e-06,-4.610330506693572e-06,-1.6506765127182006,1.2706636428833007,13.290690517425537,2027.5626220703125,-2180.8972412109374,344.540771484375,-4.347233486175537,2.072035217285156,-28.91609764099121,4837.755078125,-9702.1333984375,-1416.4284912109374,0.0,0.0,0.0,0.0,0.0,0.0
342,3.42,-1735.3567,844.6796,-1813.67,429.916,-1990.532,26.4014,2.3512444416615247e-17,3.0122634862417267e-16,-4.43365024208731e-15,-4.38055556997545e-13,6.262191936876049e-13,4.0520794795180675e-14,5.18473832755717e-08,-3.875430856226103e-08,-2.1361275059916807e-07,-4.010699631180614e-05,-2.6604951244735277e-06,-8.085311765171355e-06,-2.464989733695984,1.4697819471359252,14.225450420379639,2156.1509765625,-2149.2692749023436,442.72150268554685,-4.345780277252198,2.051627492904663,-28.868934440612794,4806.678369140625,-9700.523046875,-1381.7489990234376,0.0,0.0,0.0,0.0,0.0,0.0
343,3.43,-1723.2219,842.4055,-1804.99,428.361,-1989.9309,28.379879,4.2960427676659014e-16,3.952329397285197e-16,-7.469056526626553e-15,-7.525413343693888e-13,9.796948354564432e-13,1.5306925566283995e-14,7.970959003955613e-08,-2.7793397094910687e-08,-4.778701878649372e-07,-7.851047230360564e-05,-1.7279817996040947e-06,-1.234930432474357e-05,-3.0834376573562623,1.8044326543807983,11.595274257659913,1939.1986450195313,-1568.4015014648437,548.111849975586,-4.338278675079346,2.0250079154968263,-28.824630546569825,4788.990869140625,-9697.98349609375,-1329.0341918945312,0.0,0.0,0.0,0.0,0.0,0.0
344,3.44,-1710.5354,840.37506,-1794.71,426.422,-1989.5994,30.68066,1.0865935159021927e-15,4.562228535873401e-16,-1.1068466242424588e-14,-1.1320202370976307e-12,1.364996429688986e-12,-3.8414389026783944e-14,1.0931459755170181e-07,2.070781046636938e-09,-8.443174692729372e-07,-0.00012897334454464726,6.16694197930201e-07,-1.6833611334732267e-05,-3.121992015838623,2.300868582725525,2.860667870938778,1116.8359405517579,-98.60199127197265,636.0471801757812,-4.324773168563842,2.009312152862549,-28.798638534545898,4786.571142578125,-9696.41982421875,-1279.6756225585937,0.0,0.0,0.0,0.0,0.0,0.0
346,3.46,-1684.4304,836.5891,-1771.94,422.972,-1993.4209,40.898754,3.2355345048771317e-15,2.5781478378826776e-16,-1.711384956952543e-14,-1.8084598922551987e-12,1.8103930247287403e-12,-2.706050661327453e-13,1.3857238485570632e-07,1.527408386436946e-07,-1.7761492813406222e-06,-0.00024306965060532092,1.1937511044379789e-05,-2.0956730622856412e-05,0.9482266686856746,3.7270791292190553,-45.191278076171876,-3635.796826171875,7027.021630859375,562.798681640625,-4.289470958709717,2.0224252700805665,-28.80278377532959,4818.586083984375,-9692.67060546875,-1211.767333984375,0.0,0.0,0.0,0.0,0.0,0.0
347,3.47,-1670.84,834.9182,-1759.85,421.877,-1992.0303,45.41229,4.584319763942723e-15,-1.6452856707403645e-16,-1.6621133045206445e-14,-1.8103011602786656e-12,1.4800386068623827e-12,-4.58608408952614e-13,1.063573172643828e-07,2.869681850370398e-07,-2.1613418311972055e-06,-0.0002765390003332868,2.177614005631767e-05,-1.565241618664004e-05,6.629803895950317,4.4710283279418945,-89.914306640625,-8162.58154296875,13236.7001953125,245.3891860961914,-4.270687198638916,2.0356619358062744,-28.83070297241211,4850.24169921875,-9690.5126953125,-1196.1094848632813,0.0,0.0,0.0,0.0,0.0,0.0
348,3.48,-1656.6342,833.50385,-1747.73,420.693,-1991.1263,50.668026,5.793982974267877e-15,-9.347447071320086e-16,-1.0544386713870913e-14,-1.2563324295819523e-12,3.821132320724652e-13,-6.827766216993547e-13,1.0985861242929218e-08,4.594773088228976e-07,-2.2443593479692938e-06,-0.00025642166438046845,3.419227086851606e-05,-5.219471717055058e-07,15.836812210083007,4.936706781387329,-149.19952316284179,-14252.58017578125,21094.74453125,-397.91323471069336,-4.241994333267212,2.0387802600860594,-28.881044006347658,4881.447607421875,-9689.16630859375,-1194.1807495117187,0.0,0.0,0.0,0.0,0.0,0.0
349,3.49,-1642.1382,832.2099,-1734.39,419.13,-1988.8824,56.12341,6.360682320815368e-15,-2.143888850373129e-15,4.514218724304894e-15,2.0732289142562626e-13,-1.8695575794945575e-12,-9.081960173056708e-13,-1.7776658225443498e-07,6.532624809096887e-07,-1.7144851767625368e-06,-0.00013834625824529211,4.7794170677661894e-05,2.9047177486063445e-05,29.118056106567384,4.66412091255188,-219.13775024414062,-21564.508203125,29828.9375,-1490.833184814453,-4.214131879806518,2.0252676010131836,-28.941226387023924,4903.7005859375,-9685.7826171875,-1201.3122314453126,0.0,0.0,0.0,0.0,0.0,0.0
350,3.5,-1627.4713,831.0532,-1722.41,420.733,-1981.3566,60.304214,5.503147647322772e-15,-3.833756987237991e-15,3.239259649900038e-14,2.988307550629704e-12,-5.670225313586519e-12,-1.0666212921575657e-12,-4.898860964885898e-07,8.28717810463786e-07,-1.5655660803304273e-07,0.0001337599830549152,5.951159837422892e-05,7.757315033813938e-05,46.27564888000488,2.810296857357025,-293.2623779296875,-29511.492578125,38337.48125,-3149.904931640625,-4.206629514694214,2.0001895427703857,-28.990956497192382,4914.477978515625,-9679.0384765625,-1209.939208984375,0.0,0.0,0.0,0.0,0.0,0.0
351,3.51,-1612.3842,830.04126,-1705.31,416.587,-1982.7008,69.90184,2.141505937581244e-15,-5.937529605487416e-15,7.660200531073128e-14,7.473217921230569e-12,-1.1311051921480964e-11,-1.0460405653646422e-12,-9.456598434098851e-07,9.145084788997338e-07,2.9197321396168263e-06,0.0006214437424205243,6.39574667729903e-05,0.00014799933123867958,65.88644828796387,-1.6130732342600822,-366.6827667236328,-37654.81328125,45845.951171875,-5390.49033203125,-4.216898250579834,1.9712177395820618,-29.01896438598633,4916.92919921875,-9670.6484375,-1211.033154296875,0.0,0.0,0.0,0.0,0.0,0.0
352,3.52,-1597.1735,829.17505,-1690.09,417.916,-1973.9607,76.35894,-5.0519106758319204e-15,-8.197856337586714e-15,1.3893737980312342e-13,1.3888677360962554e-11,-1.8791211989221955e-11,-6.838729588046557e-13,-1.5402756162075093e-06,7.995999112608843e-07,7.999731451491243e-06,0.0013779354165308177,5.29006832948653e-05,0.00023930161696625874,85.805859375,-8.90781922340393,-435.80674133300784,-45642.724609375,51892.84609375,-8052.378662109375,-4.229269170761109,1.9460933446884154,-29.026026916503906,4908.881298828125,-9662.4263671875,-1207.892041015625,0.0,0.0,0.0,0.0,0.0,0.0
353,3.53,-1582.0718,828.63025,-1671.52,416.974,-1968.3055,85.8109,-1.747749402749568e-14,-1.0066320471407638e-14,2.1730491077355183e-13,2.2080583368666583e-11,-2.754261315546236e-11,2.306782908000895e-13,-2.2216185925572064e-06,3.299920289023817e-07,1.5409678599098698e-05,0.0024239074788056313,1.5117472105430352e-05,0.0003430599725106731,104.3636245727539,-18.388634395599365,-498.14906921386716,-53169.756640625,56299.563671875,-10870.56630859375,-4.233630084991455,1.9317364931106566,-29.017817306518555,4890.0900390625,-9657.021875,-1215.3156005859375,0.0,0.0,0.0,0.0,0.0,0.0
354,3.54,-1567.1246,828.22107,-1651.17,415.42,-1961.3658,96.84762,-3.624568534036938e-14,-1.0597680078736376e-14,3.0269727967647403e-13,3.1202289363374546e-11,-3.606955498169917e-11,1.9372022866046e-12,-2.8616851068363756e-06,-6.843953727297958e-07,2.5066075068025384e-05,0.0037103838054463266,-6.297592117334715e-05,0.00043907247309107336,120.86505813598633,-28.918689918518066,-553.2654418945312,-60095.913671875,59232.86171875,-13595.7759765625,-4.238025236129761,1.9254976630210876,-28.99771385192871,4867.6912109375,-9653.730078125,-1233.2896728515625,0.0,0.0,0.0,0.0,0.0,0.0
355,3.55,-1552.3838,827.90155,-1628.7,413.749,-1952.9735,109.174904,-6.156135849569658e-14,-8.36652075676919e-15,3.7544383021340805e-13,3.932184751420653e-11,-4.1534048075830834e-11,4.657460484988607e-12,-3.2243928671960022e-06,-2.445227585212706e-06,3.611475221987348e-05,0.005068100476637483,-0.00019536661566235125,0.0004904592380626128,135.00084686279297,-39.50171012878418,-602.7842468261719,-66496.4203125,61135.37578125,-16035.3916015625,-4.259963512420654,1.9378597497940064,-28.971981811523438,4846.964208984375,-9649.853125,-1255.0839599609376,0.0,0.0,0.0,0.0,0.0,0.0
356,3.56,-1538.3503,827.2751,-1603.65,411.978,-1940.861,122.08683,-9.180619318146372e-14,-1.4531515408943802e-15,4.0120639286950895e-13,4.2992867599345176e-11,-3.936321824049571e-11,8.51026419473877e-12,-2.9363028488660348e-06,-5.114577447784541e-06,4.6466700587188826e-05,0.006146125821396708,-0.0003925179684301838,0.00043928266677539796,146.371240234375,-49.31369857788086,-649.0141296386719,-72526.7625,62537.569921875,-18042.929296875,-4.2943336963653564,1.9707690238952638,-28.945801734924316,4832.66953125,-9646.6259765625,-1282.962744140625,0.0,0.0,0.0,0.0,0.0,0.0
357,3.57,-1524.0314,826.4995,-1576.72,409.552,-1928.6744,136.7782,-1.223166140314029e-13,1.2431584887144498e-14,3.2771390852739944e-13,3.688684704905576e-11,-2.3020559156844422e-11,1.3377732602237735e-11,-1.4720159214220984e-06,-8.72764726409514e-06,5.227619840297848e-05,0.0063485113438218835,-0.000654821569332853,0.00020452027765713865,154.51067352294922,-57.57630500793457,-693.1507385253906,-78232.77421875,63834.6484375,-19503.9419921875,-4.331298875808716,2.009848785400391,-28.928761863708495,4832.91357421875,-9646.71220703125,-1312.1955932617188,0.0,0.0,0.0,0.0,0.0,0.0
358,3.58,-1510.3455,826.13354,-1549.14,408.904,-1910.491,148.8921,-1.4394646092501586e-13,3.558993106732994e-14,8.39387785208753e-14,1.3658243134574699e-11,1.5833899903033854e-11,1.8718245009541334e-11,1.8274091894809886e-06,-1.306220610786113e-05,4.7467503463849425e-05,0.004786625970155001,-0.0009629726991988719,-0.0003147655643260805,159.01413269042968,-63.72436599731445,-735.0670043945313,-83539.1203125,65220.93359375,-20339.648046875,-4.359574460983277,2.0371944427490236,-28.915080070495605,4852.930224609375,-9649.8328125,-1336.459765625,0.0,0.0,0.0,0.0,0.0,0.0
359,3.59,-1497.283,825.383,-1520.86,406.769,-1892.9564,163.3892,-1.4165386935270293e-13,6.964050511390138e-14,-4.1572730094573476e-13,-3.5696637833149135e-11,8.647684235363329e-11,2.3333387132173922e-11,7.67752808314981e-06,-1.7464104530517943e-05,2.35017481372779e-05,0.00027664994704537096,-0.0012653292971663177,-0.0012271333718672395,159.69670715332032,-67.61038665771484,-773.6681518554688,-88300.6109375,66712.0109375,-20529.49921875,-4.3748636722564695,2.053813409805298,-28.903998565673827,4889.22841796875,-9656.54140625,-1358.85390625,0.0,0.0,0.0,0.0,0.0,0.0
360,3.6,-1484.7383,824.92426,-1493.19,406.742,-1870.5569,173.46434,-9.357046082782757e-14,1.1437468336252151e-13,-1.2588662588481486e-12,-1.2063130772066445e-10,1.971485030782816e-10,2.5117263477425488e-11,1.6683554349583574e-05,-2.0641165428969542e-05,-3.0317559465231624e-05,-0.008574379817582667,-0.0014633017010055483,-0.0026225192006677387,156.68454132080078,-69.4534896850586,-807.1020874023437,-92325.384375,68173.4734375,-20120.6115234375,-4.373843336105347,2.066763234138489,-28.901854515075684,4932.933740234375,-9668.43095703125,-1381.8221923828125,0.0,0.0,0.0,0.0,0.0,0.0
363,3.63,-1448.0648,825.0167,-1411.68,407.455,-1803.9696,201.99098,6.229599084847659e-13,2.4507442245285534e-13,-6.108408874203053e-12,-6.256045070873739e-10,7.488120956633537e-10,-2.4363222723977616e-11,5.987196745991241e-05,3.3824587205799617e-06,-0.0004730070213554427,-0.07183095365762711,0.0005048452843766426,-0.009214097820222377,130.5427734375,-66.65525588989257,-857.805810546875,-98272.11953125,70332.834375,-16354.478125,-4.371478700637818,2.1077481269836427,-28.88810863494873,5045.96279296875,-9710.89208984375,-1403.0506591796875,0.0,0.0,0.0,0.0,0.0,0.0
364,3.64,-1435.4832,826.1696,-1386.07,410.927,-1780.04,208.98198,1.1413730475074574e-12,2.2713461021945172e-13,-7.997576429233377e-12,-8.312655452868967e-10,9.175441406661378e-10,-7.613000091444278e-11,7.201234111562372e-05,3.574530983314616e-05,-0.0007178665313404053,-0.10318835452198982,0.0029612683574669063,-0.011001778487116098,118.32304992675782,-64.17993698120117,-854.9231201171875,-97947.38125,69836.825,-14637.56552734375,-4.383880472183227,2.110237407684326,-28.870828247070314,5062.87607421875,-9720.888671875,-1375.485009765625,0.0,0.0,0.0,0.0,0.0,0.0
365,3.65,-1423.2511,828.16895,-1361.16,415.074,-1754.2089,212.24883,1.7974610732121587e-12,1.2231157689587218e-13,-9.206319647597772e-12,-9.749809015691113e-10,9.629098685071114e-10,-1.5329964589416712e-10,7.343021570704877e-05,8.763838668528479e-05,-0.0009726954507641494,-0.13235566914081573,0.006823672074824571,-0.011088013369590043,105.34892807006835,-61.414786148071286,-842.4799560546875,-96527.93828125,68687.7953125,-12853.05234375,-4.390896034240723,2.0988908767700196,-28.84807243347168,5061.2626953125,-9725.394140625,-1337.5501586914063,0.0,0.0,0.0,0.0,0.0,0.0
366,3.66,-1410.632,830.4339,-1335.91,419.049,-1727.9498,214.42834,2.5190752261927685e-12,-1.1909820723152143e-13,-8.720278752566424e-12,-9.540332801538653e-10,7.545223557059444e-10,-2.5607646420011674e-10,5.357059053494595e-05,0.00016150909214047716,-0.0011684176861308515,-0.14828309416770935,0.012229245901107789,-0.007840670738369226,92.11266174316407,-58.49816818237305,-821.7291198730469,-94152.49375,66963.74296875,-11070.84833984375,-4.386110401153564,2.08137423992157,-28.835770416259766,5046.04716796875,-9726.02060546875,-1299.023291015625,0.0,0.0,0.0,0.0,0.0,0.0
367,3.67,-1398.1936,833.3559,-1311.33,423.565,-1700.3226,213.59875,3.1458024119662698e-12,-5.516343241571131e-13,-5.089860477536234e-12,-6.194893875655083e-10,1.1710706087578875e-10,-3.7697091004318396e-10,-1.5286056168406502e-06,0.00025534552114550026,-0.00118897738866508,-0.13357136249542237,0.01896936632692814,0.0008858506247634068,79.04867248535156,-55.460974502563474,-794.4558898925782,-91012.79921875,64792.476171875,-9343.02978515625,-4.364885091781616,2.0639775514602663,-28.841788482666015,5025.148046875,-9723.6599609375,-1265.2811767578125,0.0,0.0,0.0,0.0,0.0,0.0
368,3.68,-1385.7415,836.1078,-1286.76,427.523,-1672.0897,210.10591,3.3950790312778367e-12,-1.2224384915784925e-12,3.534016113602989e-12,2.215417033851752e-10,-1.1578739467221765e-09,-4.958459115522728e-10,-0.00010815150053531398,0.0003590880776755512,-0.0008627499220892787,-0.06383876102045179,0.026227517426013945,0.017574344482272863,66.49950637817383,-52.28843879699707,-762.7546508789062,-87334.103125,62331.245703125,-7705.344140625,-4.3254313468933105,2.0535273790359496,-28.85143623352051,5007.3560546875,-9716.9263671875,-1244.4307373046875,0.0,0.0,0.0,0.0,0.0,0.0
369,3.69,-1373.189,839.1691,-1263.11,432.168,-1643.4197,205.76239,2.8339494162823998e-12,-2.1497546906674992e-12,1.9207406498633617e-11,1.7879820068955609e-09,-3.2793848969703276e-09,-5.741840114481533e-10,-0.0002820801921188831,0.0004501334275119007,3.703774309542496e-05,0.09135862174443901,0.03225713148713112,0.04459832329303026,54.6851505279541,-48.97723731994629,-728.8078247070313,-83358.0546875,59742.559765625,-6177.680224609375,-4.278096437454224,2.0566107511520384,-28.859795570373535,4999.211669921875,-9709.58466796875,-1243.3582153320312,0.0,0.0,0.0,0.0,0.0,0.0
370,3.7,-1360.9622,842.1541,-1239.97,437.38,-1613.1509,198.95068,8.704917334374264e-13,-3.2900406140776163e-12,4.375541699797037e-11,4.281924081972477e-09,-6.392859708270749e-09,-5.4960537232418e-10,-0.0005332603497663513,0.0004884591646259651,0.001774505089269951,0.36487121134996414,0.03404186181724071,0.08338788375258446,43.70299224853515,-45.5622055053711,-694.6959106445313,-79325.81875,57173.05390625,-4766.10625,-4.249430418014526,2.0738553762435914,-28.878959083557127,4999.975341796875,-9708.34228515625,-1253.4955688476562,0.0,0.0,0.0,0.0,0.0,0.0
371,3.71,-1348.8901,844.72705,-1217.25,444.084,-1579.4865,189.17696,-3.2138866546370382e-12,-4.493073708228268e-12,7.79921599525224e-11,7.810507618444263e-09,-1.0475461387216e-08,-3.3256228743061557e-10,-0.0008572305378038436,0.0004125124803977087,0.004605014738626778,0.784109365940094,0.027026342228055,0.13309900015592574,33.572217559814455,-42.11203804016113,-662.2593017578125,-75461.27734375,54735.714453125,-3467.9730712890623,-4.254396867752075,2.098504376411438,-28.911912727355958,5000.687890625,-9714.4390625,-1268.1582153320312,0.0,0.0,0.0,0.0,0.0,0.0
372,3.72,-1336.8962,847.2648,-1195.34,448.784,-1548.2773,180.69798,-1.0162666107954577e-11,-5.447547881537451e-12,1.2051598954898601e-10,1.2263319604244316e-08,-1.5184324464456722e-08,1.9171851016464013e-10,-0.0012229009647853673,0.0001378504636704747,0.008688261546194554,1.3574678659439088,0.005066871736198663,0.18872751146554947,24.293126487731932,-38.71718902587891,-632.9902038574219,-71959.06328125,52502.82109375,-2278.4304077148436,-4.293249464035034,2.123276376724243,-28.949125671386717,4984.47724609375,-9725.81650390625,-1282.5589599609375,0.0,0.0,0.0,0.0,0.0,0.0
373,3.73,-1325.2926,849.42035,-1174.16,454.95,-1513.9369,169.77061,-2.0538718989437932e-11,-5.624945387944225e-12,1.6605029851124442e-10,1.7141108443752272e-08,-1.966015705789914e-08,1.1516914977249827e-09,-0.0015570007730275393,-0.00043845302425324915,0.01394881084561348,2.053796422481537,-0.03917522672563791,0.2387245625257492,15.879049110412598,-35.48193130493164,-607.9879821777344,-68974.7875,50504.790625,-1195.035626220703,-4.358435010910034,2.1438373565673827,-28.98841247558594,4950.84208984375,-9740.142578125,-1297.1593383789063,0.0,0.0,0.0,0.0,0.0,0.0
374,3.74,-1313.8665,851.12866,-1153.62,460.127,-1479.3073,158.8621,-3.43805201322156e-11,-4.237340144562507e-12,2.0341199419293688e-10,2.1342613720776172e-08,-2.2304568503273005e-08,2.662840348222062e-09,-0.0017268401687033474,-0.0014235492679290473,0.019877451285719872,2.7746763229370117,-0.11310107335448265,0.2623776137828827,8.349212169647217,-32.520660972595216,-587.9722900390625,-66619.9890625,48737.603515625,-219.06054105758668,-4.442779111862182,2.1583287954330443,-29.022419357299803,4914.600634765625,-9752.878125,-1318.696337890625,0.0,0.0,0.0,0.0,0.0,0.0
375,3.75,-1302.6759,852.6505,-1133.93,464.821,-1443.6875,147.31364,-5.06954513090907e-11,-2.3527647522282937e-13,2.1338209671428743e-10,2.2935651422528736e-08,-2.0574888637270305e-08,4.779871076721065e-09,-0.0015251063625328243,-0.002899800636805594,0.0252786910161376,3.321255111694336,-0.22195365130901337,0.22754230201244355,1.6931700468063355,-29.959117126464843,-573.2929565429688,-64959.1515625,47174.8109375,648.043017578125,-4.52995195388794,2.1631420850753784,-29.02891311645508,4888.322265625,-9757.187109375,-1352.2232543945313,0.0,0.0,0.0,0.0,0.0,0.0
376,3.76,-1291.2943,853.55475,-1115.51,469.654,-1405.5735,134.68997,-6.679251665642205e-11,7.615805750794957e-12,1.6704181510229789e-10,1.8968104598116042e-08,-1.0876214173727306e-08,7.422508963017549e-09,-0.0006632946013269247,-0.004876022087410092,0.02799134012311697,3.36071400642395,-0.36516663432121277,0.08975472142919898,-4.160414528846741,-27.928406143188475,-563.9605529785156,-64013.419140625,45776.132421875,1408.4852416992187,-4.584526824951172,2.149112915992737,-28.9944206237793,4876.33701171875,-9749.40615234375,-1391.0002685546874,0.0,0.0,0.0,0.0,0.0,0.0
377,3.77,-1279.9779,854.6366,-1096.77,473.343,-1368.3943,122.632126,-7.750845659737494e-11,2.0530018657316518e-11,2.552587719645803e-11,5.414660358971091e-09,1.1324358106801214e-08,1.0272849593206957e-08,0.0012160533660789952,-0.0072153631132096056,0.02464284598827362,2.4023556232452394,-0.5310566395521163,-0.20569963119924067,-9.338407230377197,-26.534313011169434,-559.7304626464844,-63770.516015625,44492.558203125,2070.0749389648436,-4.584527683258057,2.116876316070557,-28.925750541687012,4872.90703125,-9731.49501953125,-1423.747998046875,0.0,0.0,0.0,0.0,0.0,0.0
378,3.78,-1268.7991,855.06354,-1078.93,476.731,-1329.8842,110.319626,-7.446499736274425e-11,3.9307801111276855e-11,-2.5739351691700386e-10,-2.259616036504042e-08,5.098680979642722e-08,1.2649028047206912e-08,0.0044943249551579354,-0.009539997857064008,0.01054488642821525,-0.2002518892288208,-0.6899311602115631,-0.7166075617074966,-13.997409915924072,-25.831685256958007,-560.173974609375,-64191.23125,43267.1359375,2646.990625,-4.533131551742554,2.079207515716553,-28.835018730163576,4866.370361328125,-9707.75322265625,-1435.7294189453125,0.0,0.0,0.0,0.0,0.0,0.0
379,3.79,-1257.7484,855.1477,-1061.43,479.51,-1290.4619,98.52206,-4.561539288655547e-11,6.36990283436889e-11,-7.28016874562698e-10,-7.008016105203296e-08,1.1237360197924318e-07,1.3371767781933385e-08,0.009481956297531725,-0.011120093800127507,-0.020104323350824415,-5.197141408920288,-0.7862388312816619,-1.488929843902588,-18.28128089904785,-25.817748260498046,-564.740185546875,-65217.38984375,42032.15390625,3158.9555419921876,-4.442801284790039,2.044711685180664,-28.7342887878418,4850.511083984375,-9684.15478515625,-1419.7238403320312,0.0,0.0,0.0,0.0,0.0,0.0
380,3.8,-1247.8368,854.7152,-1044.05,482.281,-1250.3378,87.38619,2.4507107896986703e-11,9.148868745922911e-11,-1.4185260521770716e-09,-1.4078883481261073e-07,1.9707868119667183e-07,1.0658206583968877e-08,0.01625586748123169,-0.010766418278217315,-0.07348388098180295,-13.308710193634033,-0.731276947259903,-2.531486439704895,-22.281435394287108,-26.433356285095215,-572.8126098632813,-66781.08203125,40706.902734375,3627.34541015625,-4.329525709152222,2.0163560628890993,-28.648031425476074,4829.795947265625,-9668.19453125,-1390.8386352539062,0.0,0.0,0.0,0.0,0.0,0.0
381,3.81,-1233.345,855.63184,-1028.49,483.161,-1210.4542,77.2759,1.5325302624158432e-10,1.1732488799931496e-10,-2.3237497037698064e-09,-2.348609200453211e-07,3.010184514096181e-07,2.1014079643055794e-09,0.024415416456758977,-0.006763089494779706,-0.15460317954421043,-24.975884246826173,-0.39922707825899123,-3.7781914710998534,-26.032152366638183,-27.5827054977417,-583.7912353515625,-68817.65703125,39200.330078125,4072.4624267578124,-4.215879917144775,1.997372329235077,-28.595538711547853,4808.240234375,-9662.30546875,-1367.874169921875,0.0,0.0,0.0,0.0,0.0,0.0
382,3.82,-1223.7881,853.71436,-1011.72,484.189,-1169.3558,67.35105,3.5629054151442573e-10,1.314070602331796e-10,-3.367507339646636e-09,-3.453704948697123e-07,4.1033173943105793e-07,-1.5177237688845935e-08,0.03275513704866171,0.003100926402839832,-0.264655277132988,-39.960592651367186,0.36911875400692223,-5.037722587585449,-29.53059368133545,-29.172122192382812,-597.2021240234375,-71277.2140625,37416.7453125,4511.183251953125,-4.1206025123596195,1.993572211265564,-28.58259506225586,4788.472021484375,-9664.65009765625,-1352.8024536132812,0.0,0.0,0.0,0.0,0.0,0.0
383,3.83,-1211.6959,852.6401,-997.047,483.872,-1127.5656,58.1187,6.411923991755941e-10,1.183063688681152e-10,-4.3590642651025744e-09,-4.537933989468002e-07,4.964223705883341e-07,-4.408654135090728e-08,0.03887653052806854,0.02131810234859586,-0.3970481812953949,-56.778350830078125,1.7488327145576477,-5.934265565872193,-32.75767478942871,-31.13308391571045,-612.7367248535156,-74127.00625,35261.453515625,4953.416552734375,-4.055739545822144,2.005737030506134,-28.60127487182617,4775.539111328125,-9673.46123046875,-1342.4669311523437,0.0,0.0,0.0,0.0,0.0,0.0
384,3.84,-1198.2605,851.96674,-983.963,482.225,-1083.4834,49.061287,9.974642611876305e-10,5.640647454327463e-11,-4.9437755222925265e-09,-5.247678302566783e-07,5.108614629989461e-07,-8.669814164363742e-08,0.038800965249538424,0.050160282477736476,-0.532088679075241,-71.97929153442382,3.8919005393981934,-5.849162149429321,-35.685427856445315,-33.421556091308595,-630.195068359375,-77345.29921875,32646.44921875,5401.43046875,-4.0287963390350345,2.031235384941101,-28.64011878967285,4772.42109375,-9686.23505859375,-1332.4197509765625,0.0,0.0,0.0,0.0,0.0,0.0
385,3.85,-1184.0206,851.64154,-971.146,480.353,-1042.4796,42.408264,1.3827279099487556e-09,-8.127780189333412e-11,-4.557637245383716e-09,-5.010963036511385e-07,3.8158787845077314e-07,-1.4281846176800174e-07,0.026703937724232674,0.09077078774571419,-0.6306845843791962,-79.35602111816407,6.85862889289856,-3.882290816307068,-38.286416625976564,-36.00687522888184,-649.3932739257813,-80912.0484375,29494.096875,5851.92431640625,-4.041585922241211,2.0605880975723267,-28.68333969116211,4778.77861328125,-9696.16669921875,-1311.3593505859376,0.0,0.0,0.0,0.0,0.0,0.0
386,3.86,-1174.2657,848.0283,-958.143,478.363,-1000.45886,36.67527,1.7056856482788874e-09,-3.2385574222359994e-10,-2.4034302548159302e-09,-3.0075642740712285e-07,1.2801229803960367e-08,-2.0791076593695834e-07,-0.005032917112112045,0.14174736216664313,-0.6280787467956543,-69.25327224731446,10.512555980682373,1.1363141912966968,-40.54368896484375,-38.85960731506348,-670.090576171875,-84799.68359375,25742.4958984375,6298.3615234375,-4.084511184692383,2.0857128143310546,-28.707805633544922,4792.715087890625,-9696.2896484375,-1273.7921997070312,0.0,0.0,0.0,0.0,0.0,0.0
387,3.87,-1161.0992,846.231,-946.427,474.949,-958.06793,32.210804,1.808075944520482e-09,-6.955998943514174e-10,2.523822134614662e-09,1.8126341743140985e-07,-7.0793437885186e-07,-2.703939856019133e-07,-0.06516826152801514,0.1971718981862068,-0.4295744389295578,-28.288008403778075,14.376799297332763,10.540768909454346,-42.462651062011716,-41.946577835083005,-691.9717590332032,-88964.4265625,21363.3546875,6735.15029296875,-4.148536252975464,2.109597420692444,-28.70021171569824,4812.093994140625,-9686.835546875,-1231.1521362304688,0.0,0.0,0.0,0.0,0.0,0.0
388,3.88,-1147.5251,844.5586,-935.451,471.131,-916.7321,29.503311,1.4502249845449456e-09,-1.2039062524671351e-09,1.1323385740169555e-08,1.0623158061662253e-06,-1.8907600519924018e-06,-3.085620534193367e-07,-0.16197955310344697,0.24417174011468887,0.08855183832347394,60.046534824371335,17.459692001342773,25.5733491897583,-44.11120262145996,-45.224707794189456,-714.701611328125,-93341.01953125,16382.53349609375,7167.3591796875,-4.218485975265503,2.130696177482605,-28.65672950744629,4832.99130859375,-9669.85537109375,-1195.1380493164063,0.0,0.0,0.0,0.0,0.0,0.0
389,3.89,-1134.5663,841.8723,-925.177,466.592,-876.0427,28.246813,3.0803815262436805e-10,-1.821090878095788e-09,2.4939234322118865e-08,2.4475970235471324e-06,-3.607434337027371e-06,-2.877147551316739e-07,-0.30025961250066757,0.26032162010669707,1.0683364748954773,213.24468383789062,18.07442398071289,46.91522636413574,-45.66929817199707,-48.630127334594725,-737.9679504394531,-97845.04765625,10894.815625,7618.51875,-4.273980188369751,2.142471194267273,-28.58883399963379,4854.78056640625,-9650.00361328125,-1166.8044555664062,0.0,0.0,0.0,0.0,0.0,0.0
390,3.9,-1121.0808,839.2586,-915.865,461.532,-836.32404,28.742828,-2.0068473938206212e-09,-2.4598126868724535e-09,4.372277508934985e-08,4.38627630501287e-06,-5.833012846778729e-06,-1.5858270501212247e-07,-0.47655221819877625,0.21153596192598342,2.6436645150184632,445.33225708007814,13.70257921218872,73.94718513488769,-47.427141189575195,-52.070186614990234,-761.49658203125,-102379.0875,5062.068872070313,8127.93564453125,-4.306956624984741,2.1459421157836913,-28.53004093170166,4873.7943359375,-9636.19619140625,-1144.6512329101563,0.0,0.0,0.0,0.0,0.0,0.0
391,3.91,-1107.1744,836.8127,-906.131,456.583,-799.9873,30.391796,-5.888099119388812e-09,-2.9436779458436036e-09,6.676544828110309e-08,6.803483211115236e-06,-8.3622776401171e-06,1.4124635066004033e-07,-0.6724323332309723,0.05156348487362265,4.8913427829742435,759.2736938476562,0.9850294172763825,103.7132179260254,-49.726576232910155,-55.43120498657227,-785.0269348144532,-106838.95859375,-906.3550402641297,8740.76904296875,-4.3155594825744625,2.140081834793091,-28.502207565307618,4888.947509765625,-9630.98818359375,-1126.3098388671874,0.0,0.0,0.0,0.0,0.0,0.0
392,3.92,-1092.6743,834.2106,-896.066,451.477,-765.4158,32.79101,-1.1618451356554261e-08,-2.9775322429870243e-09,9.098956539332903e-08,9.40631580306217e-06,-1.0702824420150137e-05,6.805079067362385e-07,-0.8460554659366608,-0.2752482250332832,7.753583145141602,1135.621044921875,-24.036841678619385,129.62581558227538,-52.91176643371582,-58.599863815307614,-808.2662902832031,-111118.9796875,-6782.086669921875,9498.116796875,-4.298633193969726,2.1258851051330567,-28.508774948120116,4901.0130859375,-9631.653515625,-1107.4467041015625,0.0,0.0,0.0,0.0,0.0,0.0
393,3.93,-1078.0033,831.6347,-885.585,446.807,-734.976,35.38146,-1.9177943322290504e-08,-2.126295040039139e-09,1.1004931863567435e-07,1.1568304216780234e-05,-1.1955714580835774e-05,1.5190579915724812e-06,-0.9229452252388001,-0.8256839632987976,10.928787994384766,1517.3541381835937,-65.2676456451416,140.06796264648438,-57.30009384155274,-61.49491844177246,-830.7968078613281,-115111.70859375,-12350.02822265625,10430.60029296875,-4.261743402481079,2.112688159942627,-28.5518367767334,4906.171484375,-9637.15634765625,-1087.9504272460938,0.0,0.0,0.0,0.0,0.0,0.0
394,3.94,-1063.2521,828.8605,-873.959,442.738,-708.8485,37.157658,-2.7964430238114345e-08,1.8308330060334833e-10,1.1320120520963429e-07,1.2207581221446162e-05,-1.0708703848649748e-05,2.681059072529024e-06,-0.7881379902362824,-1.6412406086921691,13.734368896484375,1791.9866455078125,-125.30447998046876,117.2248924255371,-63.13677215576172,-64.09145622253418,-851.9404052734375,-118693.73359375,-17436.00078125,11553.17470703125,-4.2210768699646,2.112292695045471,-28.624664115905762,4906.368310546875,-9646.7146484375,-1074.7845581054687,0.0,0.0,0.0,0.0,0.0,0.0
395,3.95,-1048.9697,826.1218,-860.551,439.812,-687.42316,37.3174,-3.642965289429867e-08,4.6153248334235285e-09,8.446299091247055e-08,9.6903504072543e-06,-4.9868180497014695e-06,4.113856903131818e-06,-0.2833841035142541,-2.7209200143814085,14.957449245452882,1773.8700805664062,-203.40318603515624,36.722279119491574,-70.53054275512696,-66.40728073120117,-870.6733093261719,-121713.04296875,-21923.9498046875,12862.52958984375,-4.193723869323731,2.126282286643982,-28.712135124206544,4908.03798828125,-9658.63544921875,-1074.0830688476562,0.0,0.0,0.0,0.0,0.0,0.0
396,3.96,-1035.2688,823.72095,-844.433,438.711,-670.944,35.721394,-4.1663278693704343e-08,1.18086060041378e-08,2.5924740805483014e-09,1.8132361049083555e-06,7.670409240745358e-06,5.631707199427183e-06,0.7849602907896042,-3.981436276435852,12.728007984161376,1192.3304748535156,-292.55458068847656,-131.05675239562987,-79.39826202392578,-68.45595703125,-885.6665832519532,-123992.6796875,-25762.2046875,14335.94365234375,-4.183082485198975,2.150147247314453,-28.794575500488282,4915.126171875,-9669.50068359375,-1090.6452270507812,0.0,0.0,0.0,0.0,0.0,0.0
397,3.97,-1021.30115,822.00574,-825.76,439.358,-658.446,33.027145,-3.900392258060492e-08,2.2152958756294083e-08,-1.5733379399307523e-07,-1.4055586370886886e-05,2.990927914652275e-05,6.847393706266303e-06,2.619693601131439,-5.20521502494812,4.474700344912708,-305.2013671875,-375.7312042236328,-416.79722900390624,-89.44929275512695,-70.1879035949707,-895.4188293457031,-125344.65390625,-28955.21875,15932.4640625,-4.180414485931396,2.1740137577056884,-28.85949592590332,4927.92880859375,-9678.1837890625,-1128.6151245117187,0.0,0.0,0.0,0.0,0.0,0.0
398,3.98,-1006.47363,820.8262,-805.629,440.922,-649.40326,29.928713,-2.1822397489046353e-08,3.5435983924969605e-08,-4.1971825623932093e-07,-4.057013720739633e-05,6.392227369360626e-05,7.101364008121891e-06,5.378948426246643,-5.980681896209717,-12.945004892349242,-3121.8849487304688,-421.6776641845703,-843.8096557617188,-100.21024627685547,-71.4492057800293,-898.398291015625,-125579.9890625,-31542.1802734375,17594.6818359375,-4.185118722915649,2.186915731430054,-28.894651794433592,4942.147900390625,-9682.82529296875,-1185.9986083984375,0.0,0.0,0.0,0.0,0.0,0.0
399,3.99,-991.00104,820.13525,-785.414,442.465,-643.1899,26.380167,1.8293507583755364e-08,5.0339777502017566e-08,-8.004350775081548e-07,-7.961017472553067e-05,0.00011034454000764526,5.407873459262191e-06,9.085339784622192,-5.645953845977783,-42.8159761428833,-7635.04169921875,-381.1108123779297,-1413.8917846679688,-111.07205047607422,-71.98115310668945,-893.1581726074219,-124517.2296875,-33571.380078125,19248.263671875,-4.198307609558105,2.1843133687973024,-28.904672813415527,4952.1134765625,-9684.7322265625,-1249.3329345703125,0.0,0.0,0.0,0.0,0.0,0.0
400,4.0,-975.4254,819.24896,-765.571,443.453,-639.6185,22.093224,9.063073740378513e-08,6.380362655988847e-08,-1.2938934446538041e-06,-0.0001309716077230405,0.00016658872191328556,4.5076741344018957e-07,13.491118335723877,-3.2564842224121096,-87.68803939819335,-14055.56279296875,-184.88615798950195,-2086.474462890625,-121.33809509277344,-71.44147720336915,-878.390625,-121988.21484375,-35078.728515625,20800.7234375,-4.20660285949707,2.1730664014816283,-28.903956031799318,4958.069482421875,-9687.1869140625,-1306.3900146484375,0.0,0.0,0.0,0.0,0.0,0.0
401,4.01,-959.3942,818.7007,-747.211,443.882,-639.36304,17.427382,2.033161635495162e-07,7.032204578649725e-08,-1.8545038756201393e-06,-0.00019046296802116558,0.00022460086474893615,-9.322953656010213e-06,17.9005277633667,2.390706929564476,-147.90610046386718,-22206.908203125,253.52594528198242,-2751.5757568359377,-130.24946136474608,-69.46548233032226,-852.9715270996094,-117848.5890625,-36073.3921875,22139.405078125,-4.204446792602539,2.1640746355056764,-28.898920822143555,4960.36865234375,-9691.41455078125,-1353.375244140625,0.0,0.0,0.0,0.0,0.0,0.0
402,4.02,-942.87695,818.5706,-731.329,443.694,-639.3012,14.956693,3.5971892486941215e-07,6.133337961955477e-08,-2.3729744725642376e-06,-0.0002474335502483882,0.0002681823563762009,-2.5448329324717633e-05,21.0071159362793,12.59510555267334,-219.82903594970702,-31271.92890625,1030.5454833984375,-3209.7584716796873,-137.0182357788086,-65.74880256652833,-816.0372497558594,-111996.75703125,-36529.675390625,23132.0474609375,-4.198462438583374,2.1581585884094237,-28.893564414978027,4962.027294921875,-9696.9111328125,-1385.4661010742188,0.0,0.0,0.0,0.0,0.0,0.0
403,4.03,-926.5245,818.5708,-717.627,442.924,-634.9046,15.7904625,5.529231287937364e-07,2.4972716183846443e-08,-2.649858083714207e-06,-0.0002819584944518283,0.00027029324264731257,-4.895272686553653e-05,21.05320873260498,28.06536731719971,-296.99281616210936,-40039.09609375,2251.1728393554686,-3205.0944580078126,-140.8669860839844,-60.13122978210449,-767.1179321289062,-104403.1015625,-36384.884765625,23634.43671875,-4.189038419723511,2.154758095741272,-28.894376945495605,4962.72109375,-9702.97109375,-1398.4173950195313,0.0,0.0,0.0,0.0,0.0,0.0
404,4.04,-910.0353,819.9732,-702.842,443.432,-625.37335,17.28861,7.581523618682695e-07,-5.339102031598486e-08,-2.3719044293102343e-06,-0.0002622237254399806,0.00019114954338874667,-7.95603496953845e-05,16.661178016662596,47.79356079101562,-375.4355926513672,-47821.5578125,4013.4611572265626,-2551.978857421875,-141.08460693359376,-52.674377822875975,-706.3739807128907,-95144.5296875,-35550.3203125,23508.8556640625,-4.176301622390747,2.154190421104431,-28.8971586227417,4959.47861328125,-9710.01083984375,-1394.4019165039062,0.0,0.0,0.0,0.0,0.0,0.0
405,4.05,-893.1207,822.44794,-684.152,444.688,-616.5301,17.950405,9.235463210188754e-07,-1.892591917851405e-07,-1.1011458624921033e-06,-0.00014310495171230287,-2.1549679922827635e-05,-0.00011454745108494536,7.736030840873719,69.36098289489746,-453.323046875,-54421.731640625,6329.999267578125,-1265.7077941894531,-137.10721435546876,-43.733988189697264,-634.8184875488281,-84437.02890625,-33936.710546875,22650.128125,-4.168763542175293,2.1604023694992067,-28.8933837890625,4945.022998046875,-9717.62509765625,-1377.6347045898438,0.0,0.0,0.0,0.0,0.0,0.0
406,4.06,-877.00726,824.91846,-671.936,445.561,-612.7654,18.26875,9.605753518826532e-07,-3.950505004013394e-07,1.7079045690593376e-06,0.00013249485100459425,-0.0004283260539523326,-0.0001472711985115893,-4.520579015463591,90.33405303955078,-529.1374633789062,-59833.396484375,9082.59208984375,457.8439016342163,-128.68756256103515,-33.96747093200683,-554.3265502929687,-72634.459375,-31481.9630859375,21020.189453125,-4.173345470428467,2.1773282051086427,-28.896312713623047,4923.13193359375,-9727.82822265625,-1354.0369506835937,0.0,0.0,0.0,0.0,0.0,0.0
407,4.07,-862.05554,827.2651,-659.704,446.715,-610.6338,19.159355,7.367031344074348e-07,-6.733672535119695e-07,6.641711388510885e-06,0.0006273585022427142,-0.001087039429694414,-0.00016551733278902248,-18.12006950378418,109.3624984741211,-600.799853515625,-64078.750390625,12034.0494140625,2345.997521972656,-116.07606048583985,-24.21239528656006,-467.5535064697266,-60197.77421875,-28183.020703125,18681.4685546875,-4.194062995910644,2.1977076292037965,-28.908231925964355,4904.872119140625,-9740.149609375,-1320.5681762695312,0.0,0.0,0.0,0.0,0.0,0.0
408,4.08,-848.3694,829.22266,-647.705,448.727,-610.9755,19.544256,7.467916169900946e-08,-1.0069305517390604e-06,1.418576248397585e-05,0.0013959837611764669,-0.0020325563615188,-0.00015000445127952844,-31.166613578796387,125.80726470947266,-666.1886352539062,-67211.48515625,14924.65546875,4163.666186523437,-100.0654411315918,-15.29813585281372,-377.8848114013672,-47662.48203125,-24136.412109375,15806.37861328125,-4.225811958312988,2.221610951423645,-28.918733406066895,4895.9744140625,-9746.23076171875,-1275.20966796875,0.0,0.0,0.0,0.0,0.0,0.0
409,4.09,-835.14166,830.9519,-634.693,451.262,-612.3194,20.274092,-1.235065445825967e-06,-1.3451411405185354e-06,2.4479758576489984e-05,0.0024599806522019206,-0.00324431371409446,-7.365351812040898e-05,-42.42420539855957,138.95999603271486,-724.5413513183594,-69454.05234375,17564.53515625,5754.41513671875,-81.90433502197266,-7.870938110351562,-289.4488327026367,-35611.58359375,-19575.76796875,12654.50859375,-4.243361616134644,2.2415698051452635,-28.906081008911134,4899.4546875,-9738.8076171875,-1224.13515625,0.0,0.0,0.0,0.0,0.0,0.0
410,4.1,-821.1632,833.2718,-621.593,453.623,-612.0798,21.365341,-3.4003707241936353e-06,-1.5882203342698632e-06,3.6948285924154334e-05,0.003770381188951433,-0.004600345436483621,9.743039299792144e-05,-51.248159408569336,148.2978500366211,-775.7527526855469,-71075.65,19835.330078125,7022.88291015625,-62.93832778930664,-2.3165747255086897,-207.1448989868164,-24663.6994140625,-14874.13642578125,9499.311865234375,-4.24192624092102,2.2580265522003176,-28.87073860168457,4917.158740234375,-9719.40556640625,-1172.7415405273437,0.0,0.0,0.0,0.0,0.0,0.0
411,4.11,-806.8946,835.67523,-609.908,455.056,-611.84314,21.890312,-6.561704913110588e-06,-1.5715321410425532e-06,4.980321464245208e-05,0.005156119307503104,-0.0058191579300910234,0.00039995084516704084,-57.38637084960938,153.63548889160157,-819.3148376464844,-72230.23515625,21670.358984375,7918.775537109375,-44.566703414916994,1.290090187638998,-135.90233840942383,-15388.0484375,-10460.06376953125,6588.749365234375,-4.225842571258545,2.2747095584869386,-28.82581195831299,4943.020263671875,-9695.15869140625,-1125.0861328125,0.0,0.0,0.0,0.0,0.0,0.0
412,4.12,-792.2453,838.3981,-599.877,455.621,-611.5091,22.133469,-1.0685326287784846e-05,-1.0550862100444646e-06,5.945003067608923e-05,0.0062615001574158665,-0.006395886233076453,0.0008647661714348942,-60.81875457763672,154.97902221679686,-854.3450378417969,-72946.24296875,23046.4625,8428.42392578125,-28.299084281921388,3.226434111595154,-79.18160057067871,-8146.710400390625,-6693.39375,4129.873779296875,-4.2079840183258055,2.2862424850463867,-28.791812324523924,4964.92822265625,-9675.2140625,-1082.1857666015626,0.0,0.0,0.0,0.0,0.0,0.0
413,4.13,-777.9648,841.1759,-591.543,455.771,-611.21423,22.676664,-1.5409281877509785e-05,2.736569307160153e-07,5.989031451463234e-05,0.006481521995738149,-0.005547002144157887,0.0015018696547485888,-61.751006317138675,152.5811965942383,-879.7654174804687,-73142.665625,23979.1134765625,8570.633984375,-15.325072383880615,3.975200319290161,-38.02908020019531,-2995.7756958007812,-3780.388427734375,2245.7005981445313,-4.200601530075073,2.286766266822815,-28.774265480041503,4975.624560546875,-9662.73125,-1046.51865234375,0.0,0.0,0.0,0.0,0.0,0.0
414,4.14,-764.5826,843.694,-584.506,454.975,-611.0952,22.598824,-1.98451658434351e-05,2.771989124994434e-06,4.230069444020046e-05,0.00491294979583472,-0.002188667777227238,0.0022776226163841785,-60.66189842224121,146.9936065673828,-894.6646362304688,-72672.490625,24521.9525390625,8395.6611328125,-6.067646813392639,4.003308176994324,-11.206310987472534,284.28225288391116,-1750.2718017578125,947.8618591308593,-4.2103029727935795,2.2783512830734254,-28.763397026062012,4978.20927734375,-9655.01162109375,-1023.7544372558593,0.0,0.0,0.0,0.0,0.0,0.0
415,4.15,-751.176,846.5839,-578.533,454.639,-612.2172,23.130005,-2.2354949578584637e-05,6.774144549126504e-06,-4.9154348729985035e-06,0.0003510710477712564,0.00501284544588998,0.0030839407816529276,-58.187065505981444,138.96236114501954,-898.7990966796875,-71412.74453125,24753.146484375,7979.12109375,-0.2012154035270214,3.6592557191848756,4.025150261819363,2079.855505371094,-493.6313446044922,157.04786224365233,-4.24075665473938,2.2614211797714234,-28.747214126586915,4973.7814453125,-9648.55048828125,-1014.3295959472656,0.0,0.0,0.0,0.0,0.0,0.0
416,4.16,-738.50916,849.3455,-574.185,454.357,-611.9129,23.847677,-2.0348084581200966e-05,1.2466601674532285e-05,-9.517328908259515e-05,-0.00862376014702022,0.017466197069734336,0.003701332211494446,-54.96957283020019,129.23529357910155,-892.8042053222656,-69336.7265625,24755.53359375,7407.742919921875,2.987257349491119,3.1760145664215087,10.889173984527588,2821.1585205078127,165.87659425735472,-247.9460479736328,-4.287482166290284,2.2319567441940307,-28.7293909072876,4961.557470703125,-9643.88720703125,-1019.4229187011719,0.0,0.0,0.0,0.0,0.0,0.0
417,4.17,-725.98425,852.61115,-570.48,453.945,-612.85596,24.014055,-1.0180512367696792e-05,1.9691220586537383e-05,-0.00024129113735398277,-0.02341171447187662,0.036291840672492984,0.0037613684544339776,-51.55921249389648,118.43184890747071,-877.9357177734375,-66519.81953125,24598.9501953125,6762.96025390625,4.290577054023743,2.6950786828994753,12.362726879119872,2897.0856201171873,412.97698974609375,-390.69517211914064,-4.337319993972779,2.1793903350830077,-28.731539916992187,4946.5580078125,-9646.51689453125,-1039.7793579101562,0.0,0.0,0.0,0.0,0.0,0.0
418,4.18,-713.82367,855.56445,-567.47,453.521,-613.711,24.11263,1.2717169293097185e-05,2.7668748043652158e-05,-0.00045097915863152594,-0.04494387730956077,0.06170496754348278,0.002719608845654875,-48.334414672851565,107.06543807983398,-855.7287414550781,-63101.569140625,24331.4556640625,6108.058251953125,4.414605236053466,2.287812685966492,10.827239799499512,2614.991162109375,407.3083221435547,-376.1875885009766,-4.381986904144287,2.101508378982544,-28.76306743621826,4932.952392578125,-9659.7666015625,-1069.2257202148437,0.0,0.0,0.0,0.0,0.0,0.0
419,4.19,-702.1732,858.49347,-564.626,453.329,-614.8586,24.281794,5.330559215508401e-05,3.4652701287996024e-05,-0.0007196444901637733,-0.07295282892882823,0.09209498390555382,-0.00014281100302468986,-45.50854072570801,95.6355712890625,-827.8612915039063,-59247.50078125,23984.7333984375,5485.5607421875,3.909798502922058,1.9794844388961792,7.991124057769776,2190.9874267578125,270.76812744140625,-283.2031448364258,-4.415767192840576,2.0071902751922606,-28.807277297973634,4926.28017578125,-9680.45673828125,-1103.9637939453125,0.0,0.0,0.0,0.0,0.0,0.0
420,4.2,-690.89435,861.5137,-561.874,453.71,-615.22375,24.624004,0.00011577799741644413,3.755453071789816e-05,-0.0010201960743870587,-0.10492404252290725,0.12279864326119423,-0.005662376480177045,-43.16612586975098,84.53365859985351,-796.1892700195312,-55147.665234375,23582.2205078125,4918.94462890625,3.1587549448013306,1.7686196923255921,4.944485878944397,1759.40908203125,87.50684697628022,-164.61033096313477,-4.437765073776245,1.9140398144721984,-28.856962966918946,4932.610791015625,-9706.38056640625,-1142.1952880859376,0.0,0.0,0.0,0.0,0.0,0.0
421,4.21,-679.58826,864.13153,-559.277,453.713,-614.61554,24.740652,0.00020154463563812897,3.162840966979275e-05,-0.0012901577632874251,-0.1347498394548893,0.14465563893318176,-0.014646559674292802,-41.26895637512207,73.96194076538086,-762.7028564453125,-51011.290625,23142.07421875,4414.95830078125,2.3957051753997805,1.6382063627243042,2.2721995949745177,1390.4611938476562,-90.54221019744872,-51.96294012069702,-4.4514227390289305,1.8422319054603578,-28.915690231323243,4955.890478515625,-9736.04423828125,-1187.8578247070313,0.0,0.0,0.0,0.0,0.0,0.0
422,4.22,-668.6227,866.6024,-557.185,454.008,-614.9724,25.284851,0.00030617223819717765,1.0368982884756406e-05,-0.0014175189193338157,-0.15121974647045136,0.1425860956311226,-0.027597753331065178,-39.69628753662109,64.04017333984375,-729.2793334960937,-47024.9765625,22680.9916015625,3969.0560791015623,1.7439680337905883,1.5669081211090088,0.21169684082269669,1110.2562316894532,-236.70780487060546,39.13929924964905,-4.456857538223266,1.799900507926941,-28.976238250732422,4992.47470703125,-9764.8720703125,-1244.375390625,0.0,0.0,0.0,0.0,0.0,0.0
423,4.23,-657.9229,868.8258,-554.761,454.229,-615.3303,25.50199,0.0004152351582888514,-3.4145453264500246e-05,-0.0012284887139685451,-0.13665796369314193,0.09464912079274654,-0.044270649552345276,-38.308570861816406,54.875959396362305,-697.4671203613282,-43318.980859375,22219.2041015625,3570.5047119140627,1.2500590205192565,1.5345574259757995,-1.214716947078705,918.1790588378906,-342.82671508789065,104.09766311645508,-4.4497026920318605,1.7824316263198852,-29.027767753601076,5033.321533203125,-9788.23388671875,-1300.3473510742188,0.0,0.0,0.0,0.0,0.0,0.0
424,4.24,-647.0158,871.1403,-552.577,454.423,-615.6321,25.871635,0.0004993289476260543,-0.00011014971823897213,-0.0004827224358450621,-0.06626617684960365,-0.027674292569281535,-0.06304222270846367,-36.97476501464844,46.55452690124512,-668.4306701660156,-39962.312109375,21781.13359375,3204.425341796875,0.9133081197738647,1.5248750686645507,-2.0962283968925477,799.2992126464844,-411.8612030029297,144.7018035888672,-4.420021104812622,1.7753020405769349,-29.065229988098146,5068.48564453125,-9802.8609375,-1345.8673950195312,0.0,0.0,0.0,0.0,0.0,0.0
425,4.25,-636.3617,872.8142,-550.664,454.512,-615.6426,26.140472,0.0005089917220175266,-0.00022395101841539146,0.0011154596810229122,0.09096003132872284,-0.2569051876664162,-0.08011151924729347,-35.56134948730469,39.11934471130371,-643.0160461425781,-36976.840625,21392.6267578125,2851.928662109375,0.7092435121536255,1.5254438877105714,-2.5642007112503054,733.2231506347656,-451.9265533447266,166.21961364746093,-4.37130880355835,1.7795187950134277,-29.081259727478027,5089.901611328125,-9806.70068359375,-1373.7822265625,0.0,0.0,0.0,0.0,0.0,0.0
426,4.26,-625.63367,874.40894,-548.482,454.41,-616.073,26.306475,0.000371010456001386,-0.0003761674044653773,0.0038782241754233837,0.36853872090578077,-0.6233271777629852,-0.08861506059765815,-33.94490966796875,32.55707836151123,-621.8477416992188,-34356.317578125,21079.723046875,2494.22568359375,0.6054709434509278,1.5275581121444701,-2.7441965341567993,702.4445190429688,-472.27063903808596,174.50766143798828,-4.315424203872681,1.8040456295013427,-29.076148796081544,5092.64306640625,-9802.34189453125,-1380.3664794921874,0.0,0.0,0.0,0.0,0.0,0.0
427,4.27,-615.0547,875.6836,-546.617,454.347,-616.3529,26.406267,-1.1443166840763297e-05,-0.0005561688536545262,0.0080536391120404,0.7945504307746887,-1.143548047542572,-0.07785080075263977,-32.07441654205322,26.797503662109374,-605.3706787109375,-32080.69140625,20870.130078125,2120.7005004882812,0.5694414019584656,1.526817524433136,-2.7358647108078005,693.9769348144531,-480.7023986816406,174.70841522216796,-4.260873746871948,1.8559428453445435,-29.059304618835448,5078.13291015625,-9793.86748046875,-1375.4546020507812,0.0,0.0,0.0,0.0,0.0,0.0
428,4.28,-603.94165,877.00745,-544.683,454.458,-616.1402,26.70181,-0.0007512757263612002,-0.0007347368635237217,0.01368878586217761,1.3778586626052856,-1.8024798512458802,-0.032951860391767694,-30.02263069152832,21.72283802032471,-593.8238220214844,-30122.9857421875,20793.298828125,1734.0351684570312,0.573360675573349,1.5223315954208374,-2.6191731214523317,697.7586791992187,-482.0534912109375,171.0405044555664,-4.217684412002564,1.934799885749817,-29.04408416748047,5050.0767578125,-9784.10859375,-1371.3164916992187,0.0,0.0,0.0,0.0,0.0,0.0
429,4.29,-594.6874,877.58044,-542.238,454.307,-616.8051,26.75489,-0.0019578705658204855,-0.0008555223292205482,0.02042559813708067,2.0872459411621094,-2.5280755758285522,0.06446478152647614,-27.992354583740234,17.180116176605225,-587.2053588867187,-28450.6015625,20877.8345703125,1349.6145629882812,0.5955828309059144,1.5153025150299073,-2.457481336593628,707.0991394042969,-479.4019317626953,166.47183227539062,-4.194236469268799,2.0243994116783144,-29.03726272583008,5010.0064453125,-9775.12880859375,-1371.4569213867187,0.0,0.0,0.0,0.0,0.0,0.0
430,4.3,-583.9976,878.35895,-540.565,454.281,-616.2817,26.78486,-0.0037000747863203285,-0.0008267983910627663,0.02722882106900215,2.823205518722534,-3.1597694635391234,0.23395462334156036,-26.280128479003906,12.997852039337157,-585.2563232421875,-27020.7416015625,21148.2193359375,990.4545959472656,0.6226101219654083,1.5073787689208984,-2.297144961357117,717.9982788085938,-475.846044921875,162.18667297363282,-4.198139715194702,2.0997875928878784,-29.032747077941895,4960.69921875,-9768.04140625,-1370.2719848632812,0.0,0.0,0.0,0.0,0.0,0.0
431,4.31,-573.25226,878.81354,-538.558,454.206,-616.2885,27.014921,-0.0059467429295182225,-0.0005163267225725577,0.032065825536847115,3.384147548675537,-3.414398121833801,0.49132917523384095,-25.201274108886718,9.008684253692627,-587.4865173339844,-25776.4083984375,21620.4072265625,678.78232421875,0.6449362814426423,1.4997954845428467,-2.1632023811340333,727.4370483398437,-473.6735473632813,158.09722442626952,-4.22544846534729,2.146592116355896,-29.00877990722656,4910.468994140625,-9759.81005859375,-1360.5809204101563,0.0,0.0,0.0,0.0,0.0,0.0
432,4.32,-562.3111,879.124,-536.889,454.348,-617.3978,27.571402,-0.008481971127912402,0.00024614366448076906,0.03159145414829254,3.4321537017822266,-2.857721209526062,0.8402533590793609,-24.990791702270506,5.064389419555664,-593.2680236816407,-24646.5341796875,22297.2826171875,425.2470977783203,0.6582319796085357,1.491843569278717,-2.062230610847473,733.6164672851562,-472.5327545166016,154.23349304199218,-4.261451768875122,2.16072678565979,-28.953648185729982,4867.324609375,-9746.495703125,-1348.1041381835937,0.0,0.0,0.0,0.0,0.0,0.0
433,4.33,-552.1142,879.05023,-534.315,454.162,-617.2623,27.722471,-0.010797245241701604,0.0016523122263606637,0.020939717348665,2.468405783176422,-0.8955962613224984,1.2596543788909913,-25.713268661499022,1.0419296953827142,-601.9737243652344,-23548.963671875,23166.1271484375,219.9715805053711,0.6630727589130402,1.4819861888885497,-1.9881767749786377,734.8687744140625,-471.3282501220703,150.8885070800781,-4.299576616287231,2.14554877281189,-28.88734722137451,4839.009228515625,-9731.26044921875,-1338.4668334960938,0.0,0.0,0.0,0.0,0.0,0.0
434,4.34,-541.6586,879.27966,-531.758,454.323,-617.1099,27.950977,-0.011971932370215654,0.003876526025123894,-0.006212696070724633,-0.16501983553171157,3.1939234733581543,1.6868682742118835,-27.234694480895996,-3.1471073269844054,-613.1076354980469,-22396.24296875,24200.715625,32.672307348251344,0.6638130605220794,1.4684798955917358,-1.9312834978103637,730.6291809082031,-469.55690612792966,148.02144622802734,-4.338976097106934,2.116670107841492,-28.828438568115235,4829.283935546875,-9717.51455078125,-1333.6383911132812,0.0,0.0,0.0,0.0,0.0,0.0
435,4.35,-530.67786,879.1759,-529.706,454.396,-616.2453,27.925894,-0.010567928664386272,0.007005708618089556,-0.057074124366045,-5.23265962600708,10.1588445186615,1.9976917505264282,-29.28328971862793,-7.541156435012818,-626.3619323730469,-21101.032421875,25369.8076171875,-175.97555541992188,0.6646059036254883,1.451766574382782,-1.8900000691413879,722.7675598144531,-467.4101928710937,145.44374389648436,-4.364199924468994,2.0793389558792112,-28.777728652954103,4837.09619140625,-9702.9248046875,-1328.6570434570312,0.0,0.0,0.0,0.0,0.0,0.0
436,4.36,-519.6595,878.7088,-526.816,454.48,-617.6942,28.653769,-0.004584259498369647,0.010930091701447963,-0.13835302963852883,-13.470803260803223,20.567447090148924,1.9865633845329285,-31.573670387268066,-12.11398983001709,-641.5543579101562,-19575.762890625,26646.7076171875,-438.88002624511716,0.6658827662467957,1.434086275100708,-1.8614540100097656,714.1678344726563,-464.5110198974609,143.2568099975586,-4.360431814193726,2.0418620824813845,-28.73611183166504,4859.859228515625,-9688.294921875,-1315.090625,0.0,0.0,0.0,0.0,0.0,0.0
437,4.37,-508.45074,878.2362,-524.673,454.528,-617.7137,28.988785,0.008457800792530178,0.015191412717103957,-0.25372016578912737,-25.33407382965088,34.46366844177246,1.3531001269817353,-33.921735000610354,-16.757795524597167,-658.4940551757812,-17730.74765625,28013.130859375,-772.5369262695312,0.6666296899318696,1.4180180907249451,-1.8307610750198364,706.5400146484375,-460.570458984375,141.92949981689452,-4.327666616439819,2.0176032066345213,-28.71928424835205,4889.31328125,-9680.95185546875,-1300.7087890625,0.0,0.0,0.0,0.0,0.0,0.0
438,4.38,-496.55887,877.5953,-521.495,454.524,-617.5075,29.44768,0.031202147342264654,0.01879519708454609,-0.3998115211725235,-40.589605712890624,50.85876235961914,-0.2948682889342308,-36.279658508300784,-21.289245414733887,-676.8805725097657,-15480.59677734375,29456.195703125,-1175.752178955078,0.6663394033908844,1.406132733821869,-1.7841378927230835,700.1317016601563,-456.1002166748047,141.54183502197264,-4.281974792480469,2.0130539655685427,-28.73113956451416,4912.720361328125,-9684.96298828125,-1294.9489624023438,0.0,0.0,0.0,0.0,0.0,0.0
439,4.39,-485.82715,876.8182,-518.022,454.414,-617.93494,29.929998,0.06579942740499974,0.020011043548583983,-0.5606259673833847,-57.740024185180665,67.06133575439453,-3.4071303009986877,-38.69883689880371,-25.510188484191893,-696.2828796386718,-12761.72412109375,30961.410546875,-1635.1919677734375,0.6643989264965058,1.3996562719345094,-1.7237189888954163,694.2414001464844,-451.12465209960936,141.39420166015626,-4.239146137237549,2.0216211557388304,-28.757896423339844,4923.93125,-9695.32041015625,-1302.0712036132813,0.0,0.0,0.0,0.0,0.0,0.0
440,4.4,-474.3183,875.6649,-513.479,454.112,-617.8386,30.544394,0.1127792052924633,0.016211105231195688,-0.7005284011363984,-73.2913589477539,77.89956130981446,-8.406938171386718,-41.26595764160156,-29.30233268737793,-716.2270751953125,-9557.353173828125,32507.62109375,-2134.330029296875,0.6618146955966949,1.3958540439605713,-1.663297915458679,688.1258117675782,-445.50096435546874,140.9472885131836,-4.213363265991211,2.037449026107788,-28.78972797393799,4922.57939453125,-9706.662109375,-1325.6453247070312,0.0,0.0,0.0,0.0,0.0,0.0
441,4.41,-462.68784,874.40485,-508.40497,453.74,-617.7013,31.163885,0.16935714930295945,0.0038325526053085922,-0.756697142124176,-80.94503784179688,74.97332000732422,-15.535606002807617,-44.032047271728516,-32.71098155975342,-736.3525939941406,-5917.692236328125,34065.734765625,-2661.949072265625,0.6584577023983001,1.3924652218818665,-1.6158587455749511,681.53671875,-439.58617248535154,140.4335708618164,-4.214981126785278,2.060661792755127,-28.829727172851562,4912.756201171875,-9717.64443359375,-1363.5872192382812,0.0,0.0,0.0,0.0,0.0,0.0
442,4.42,-451.27115,873.1308,-502.293,453.22,-617.432,31.83912,0.2271653726696968,-0.021407422516494988,-0.6328175604343415,-70.89118423461915,46.19500198364258,-24.6065092086792,-46.96339721679688,-35.96629600524902,-756.5174072265625,-1964.0592727661133,35600.04375,-3215.496142578125,0.6534169852733612,1.3897767424583436,-1.58020339012146,675.1405517578125,-435.43699951171874,140.38438110351564,-4.240359783172607,2.0812559604644774,-28.871588516235352,4899.04384765625,-9726.81669921875,-1408.0944458007812,0.0,0.0,0.0,0.0,0.0,0.0
443,4.43,-439.71823,871.8669,-495.984,452.972,-617.1044,32.81907,0.269560706615448,-0.0638719730079174,-0.19713974744081497,-29.516499054431915,-23.967463505268096,-34.65873203277588,-49.94720802307129,-39.438930892944335,-776.7817932128906,2127.608917236328,37071.131640625,-3798.1413330078126,0.6470675706863404,1.3890158653259277,-1.5587304353713989,668.5467651367187,-435.8283294677734,140.97620239257813,-4.292281723022461,2.090200161933899,-28.910688209533692,4884.22607421875,-9736.86005859375,-1452.4762084960937,0.0,0.0,0.0,0.0,0.0,0.0
444,4.44,-427.5558,870.5997,-489.21,452.554,-617.2055,33.96086,0.26894157081842424,-0.1267366237938404,0.710382729768753,59.99217128753662,-152.9572608947754,-43.52235488891601,-52.830993270874025,-43.550675582885745,-797.2742004394531,6161.276953125,38439.111328125,-4413.4326171875,0.6428038239479065,1.3897741317749024,-1.55040762424469,661.4017761230468,-442.4444213867188,141.94546356201172,-4.362891054153442,2.0853134393692017,-28.945949172973634,4867.40625,-9748.26103515625,-1492.2111083984375,0.0,0.0,0.0,0.0,0.0,0.0
445,4.45,-414.98465,869.0847,-481.979,452.019,-616.9151,35.3146,0.18490795716643332,-0.20989054441452026,2.255502986907959,215.48916473388672,-356.5598937988281,-47.345875930786136,-55.46478424072266,-48.66960067749024,-818.0018737792968,9960.4423828125,39665.5640625,-5060.71611328125,0.6431253015995025,1.3908830165863038,-1.5512550115585326,655.1881103515625,-453.94293518066405,142.81420440673827,-4.42882194519043,2.068058204650879,-28.973581886291505,4848.65068359375,-9755.20712890625,-1521.0225708007813,0.0,0.0,0.0,0.0,0.0,0.0
446,4.46,-402.95,867.4787,-474.542,451.451,-616.7205,36.858242,-0.03537324024364352,-0.30686951279640196,4.564016199111938,451.3536071777344,-642.4771728515625,-40.195611572265626,-57.739462280273436,-55.03106918334961,-838.6770568847656,13397.54228515625,40714.18203125,-5732.668115234375,0.6457215905189514,1.3899851799011231,-1.556040072441101,652.2028198242188,-466.5487396240234,143.29865264892578,-4.474165725708008,2.0444281578063963,-28.98836898803711,4830.987646484375,-9753.79970703125,-1525.7736206054688,0.0,0.0,0.0,0.0,0.0,0.0
447,4.47,-390.64545,866.037,-466.547,450.907,-616.0845,38.447453,-0.4526288464665413,-0.4008513867855072,7.645310306549073,770.7815002441406,-1000.326953125,-13.918294224143029,-59.609703063964844,-62.70068778991699,-858.6236938476562,16407.11240234375,41551.610546875,-6416.296484375,0.6486170649528503,1.38728324174881,-1.5608392238616944,652.9649780273437,-476.3884674072266,143.31013946533204,-4.493110227584839,2.0195762157440185,-28.983098793029786,4817.1181640625,-9743.0845703125,-1504.7688598632812,0.0,0.0,0.0,0.0,0.0,0.0
448,4.48,-377.05045,864.25006,-458.646,450.65,-615.95844,40.667423,-1.1242253601551055,-0.4600628763437271,11.279626655578614,1154.2483764648437,-1387.77587890625,41.44231557846069,-61.10358772277832,-71.58891830444335,-876.8173522949219,18981.3994140625,42149.361328125,-7095.24638671875,0.6523986458778381,1.3832997679710388,-1.5604000568389893,655.9884582519531,-481.48462829589846,143.16857299804687,-4.484414100646973,1.9978042364120483,-28.95284957885742,4807.207958984375,-9724.65673828125,-1467.2319702148438,0.0,0.0,0.0,0.0,0.0,0.0
449,4.49,-364.1183,862.73254,-449.657,450.074,-615.34827,43.06178,-2.083329749107361,-0.4334564983844757,14.869506549835204,1544.0823120117188,-1713.426416015625,136.2804397583008,-62.34088287353516,-81.53095016479492,-892.0170227050781,21148.2076171875,42484.7375,-7747.936181640625,0.6603347659111023,1.3750844120979309,-1.544000232219696,659.2351318359375,-482.54140625,143.29189910888672,-4.4483575344085695,1.9802684307098388,-28.9051176071167,4801.971875,-9701.10517578125,-1419.1083618164062,0.0,0.0,0.0,0.0,0.0,0.0
450,4.5,-350.98993,860.99084,-440.145,449.32,-615.09705,45.89676,-3.3058589220047,-0.2482444241642952,17.267385292053223,1826.2282470703126,-1818.666357421875,278.6403121948242,-63.47422561645508,-92.30373077392578,-902.9020935058594,22949.9822265625,42535.100390625,-8348.12236328125,0.6720217764377594,1.360518181324005,-1.504935050010681,660.9975952148437,-481.6764801025391,143.84851989746093,-4.393853950500488,1.9667875528335572,-28.851890754699706,4806.057275390625,-9675.6953125,-1369.3154052734376,0.0,0.0,0.0,0.0,0.0,0.0
451,4.51,-336.44492,860.04846,-429.063,449.195,-614.36066,48.943485,-4.66387243270874,0.18819927340373396,16.609915447235107,1812.1691162109375,-1463.0924560546875,469.5211212158203,-64.55372695922851,-103.56857452392578,-908.1551513671875,24436.01953125,42266.648828125,-8874.04404296875,0.6830729305744171,1.3421699047088622,-1.450194811820984,660.1110290527344,-480.91734008789064,144.76624450683593,-4.339398956298828,1.9635538935661316,-28.803371620178222,4820.965283203125,-9653.0775390625,-1326.182763671875,0.0,0.0,0.0,0.0,0.0,0.0
452,4.52,-323.37265,857.85095,-419.357,447.866,-613.61725,52.357235,-5.866971111297607,0.9785313367843628,10.216401195526123,1226.7203857421875,-321.3685646057129,695.9210754394531,-65.4425537109375,-114.90473785400391,-906.5142456054688,25651.658984375,41628.10078125,-9314.40703125,0.6894427895545959,1.324966812133789,-1.4004543900489808,657.9249206542969,-481.18394165039064,145.4282653808594,-4.298099565505981,1.9698301076889038,-28.77284984588623,4843.483447265625,-9638.52548828125,-1293.6171997070312,0.0,0.0,0.0,0.0,0.0,0.0
453,4.53,-309.44064,856.1138,-407.823,446.797,-612.70374,56.313152,-6.39843168258667,2.213288187980652,-5.3568765506148335,-289.0011756896973,1996.7228942871093,921.6300048828125,-65.82854690551758,-125.84439697265626,-896.8536010742188,26627.1396484375,40555.99140625,-9666.44111328125,0.6898147642612458,1.3138168334960938,-1.3727917790412902,656.9870971679687,-481.8907196044922,145.37405395507812,-4.270713806152344,1.9758924007415772,-28.766617202758788,4865.883740234375,-9634.5484375,-1269.3614013671875,0.0,0.0,0.0,0.0,0.0,0.0
454,4.54,-295.19424,854.6364,-395.698,445.966,-611.8092,60.86568,-5.460779047012329,3.9315644264221192,-33.97607135772705,-3146.028674316406,5887.323828125,1076.48046875,-65.31312484741211,-135.87933959960938,-878.269580078125,27369.430859375,38989.560546875,-9928.48017578125,0.6843227863311767,1.309584140777588,-1.371005403995514,658.5818786621094,-482.92503356933594,144.56873474121093,-4.251527881622314,1.9778304815292358,-28.779759216308594,4877.93017578125,-9639.1154296875,-1252.784765625,0.0,0.0,0.0,0.0,0.0,0.0
455,4.55,-280.35495,853.05615,-382.49,444.931,-609.962,65.99187,-1.9564647678285838,6.060429334640503,-79.13768157958984,-7730.1638671875,11636.08642578125,1045.9151000976562,-63.535746002197264,-144.4958038330078,-850.1196350097656,27853.4205078125,36888.811328125,-10092.19892578125,0.67572780251503,1.3097193837165833,-1.391386091709137,661.2388854980469,-484.42125549316404,143.22635040283203,-4.231042146682739,1.9796695470809937,-28.802641105651855,4876.627978515625,-9648.407421875,-1249.8901000976562,0.0,0.0,0.0,0.0,0.0,0.0
456,4.56,-264.99048,851.60455,-368.531,443.63,-607.73395,71.250946,5.4572713971138,8.33166961669922,-142.54292221069335,-14259.3525390625,19225.9388671875,664.3781890869141,-60.28935279846191,-151.20186920166014,-812.0084167480469,28018.2005859375,34250.29375,-10137.2994140625,0.6666631817817688,1.3119535803794862,-1.4267971992492676,663.3717590332031,-485.16875915527345,141.65784912109376,-4.201709461212158,1.9924590945243836,-28.83208484649658,4865.51572265625,-9661.0458984375,-1260.626123046875,0.0,0.0,0.0,0.0,0.0,0.0
457,4.57,-249.68056,850.3479,-353.858,442.54,-605.1776,77.49154,18.182351303100585,10.178834247589112,-221.9318618774414,-22563.2513671875,28063.840234375,-281.73037910461426,-55.56983680725098,-155.50936279296874,-763.76435546875,27773.6451171875,31114.4810546875,-10031.63955078125,0.6575419843196869,1.3145644903182983,-1.4640907049179077,664.7226989746093,-483.39501037597654,139.99459838867188,-4.168051290512085,2.0233243703842163,-28.861416625976563,4848.3134765625,-9676.21767578125,-1275.6845092773438,0.0,0.0,0.0,0.0,0.0,0.0
458,4.58,-233.84337,848.8684,-337.761,440.795,-602.1248,84.42089,37.14306087493897,10.622499656677245,-309.7006774902344,-31942.5208984375,36855.650390625,-2019.5323852539063,-49.563981246948245,-156.8960922241211,-705.4666015625,27018.0865234375,27565.38046875,-9737.3314453125,0.6484721899032593,1.3163909316062927,-1.491310977935791,665.9171997070313,-478.2082489013672,138.24349670410157,-4.137105083465576,2.0601964712142946,-28.880388259887695,4833.774462890625,-9688.28828125,-1283.6702026367188,0.0,0.0,0.0,0.0,0.0,0.0
459,4.59,-217.9308,847.2536,-320.867,438.936,-598.1636,92.035286,61.4230655670166,8.397997999191285,-398.0808502197266,-41701.6921875,44435.3703125,-4636.63046875,-42.61041488647461,-154.82581939697266,-637.5922973632812,25663.187890625,23726.4595703125,-9224.03037109375,0.6405945777893066,1.3180463433265686,-1.502255380153656,666.9483581542969,-470.67042846679686,136.67274627685546,-4.116061210632324,2.0926661252975465,-28.88611755371094,4827.127734375,-9693.77490234375,-1280.0404418945313,0.0,0.0,0.0,0.0,0.0,0.0
460,4.6,-201.16702,846.33435,-301.651,437.167,-593.8046,100.83217,87.86584396362305,2.9545951306819918,-483.24054565429685,-51505.240625,50371.201953125,-7901.4021484375,-35.12954521179199,-148.82495727539063,-561.29677734375,23664.5109375,19753.92890625,-8484.217578125,0.6348373115062713,1.3192052364349365,-1.4972338557243348,666.7423156738281,-462.50310668945315,135.60804138183593,-4.10318808555603,2.1156139373779297,-28.879198455810545,4822.67880859375,-9692.58876953125,-1272.5504150390625,0.0,0.0,0.0,0.0,0.0,0.0
461,4.61,-185.67514,844.80774,-281.969,435.126,-587.1449,110.61335,113.19316329956055,-4.951649069786072,-563.0795776367188,-61094.5578125,54590.7703125,-11387.7787109375,-27.54739112854004,-138.5662063598633,-478.6130645751953,21053.51171875,15822.0990234375,-7538.6248046875,0.629113107919693,1.3191234707832336,-1.4794418454170226,664.6353088378906,-455.2276885986328,135.2801254272461,-4.095175647735596,2.139019179344177,-28.864162826538085,4817.13486328125,-9684.57412109375,-1262.9255615234374,0.0,0.0,0.0,0.0,0.0,0.0
462,4.62,-169.41623,843.4087,-259.928,432.459,-579.7492,122.327774,135.91023330688478,-13.985422706604004,-636.4612121582031,-70226.1671875,57215.8015625,-14754.34111328125,-20.28423156738281,-124.06595916748047,-392.58642578125,17956.0447265625,12105.40302734375,-6437.696826171875,0.6244143605232239,1.3192058444023131,-1.4531185269355773,661.8586730957031,-449.62554931640625,135.70671691894532,-4.097817659378052,2.1611470699310305,-28.848749351501464,4811.99775390625,-9673.3857421875,-1259.9627075195312,0.0,0.0,0.0,0.0,0.0,0.0
463,4.63,-153.4263,842.2606,-236.228,430.473,-569.5431,134.77283,155.52584686279297,-22.940869331359863,-702.3764221191407,-78639.5421875,58474.412890625,-17777.42265625,-13.773987674713135,-105.91518478393554,-307.27958984375,14591.308203125,8763.840185546875,-5260.278125,0.6236471593379974,1.3214962005615234,-1.4218106508255004,659.9105285644531,-446.5036102294922,136.53051300048827,-4.122528553009033,2.181799125671387,-28.838324546813965,4805.161767578125,-9662.90078125,-1273.3602661132813,0.0,0.0,0.0,0.0,0.0,0.0
464,4.64,-137.82549,840.9647,-210.209,427.642,-557.16644,148.18243,171.18508911132812,-30.968738555908203,-760.2516723632813,-86132.1703125,58733.943359375,-20270.2548828125,-8.421127700805664,-85.29947814941406,-227.52917022705077,11244.07353515625,5930.517626953125,-4099.263403320312,0.6278877854347229,1.3265559554100037,-1.387819230556488,660.1281005859375,-446.7987091064453,137.11337585449218,-4.162713956832886,2.2055135488510134,-28.844173622131347,4796.46875,-9658.69580078125,-1308.0049560546875,0.0,0.0,0.0,0.0,0.0,0.0
465,4.65,-123.35822,839.38257,-183.296,425.1,-541.3452,160.89418,182.02423553466798,-37.33988151550293,-809.6265075683593,-92529.28515625,58404.117578125,-22091.6185546875,-4.46541531085968,-63.93386650085449,-157.9256332397461,8187.87470703125,3687.78076171875,-3039.7563720703124,0.6350490272045135,1.3329427242279053,-1.3553196430206298,663.0738586425781,-450.35076599121095,137.1605712890625,-4.200396203994751,2.2297128438949585,-28.870832252502442,4789.5779296875,-9660.871875,-1345.9714233398438,0.0,0.0,0.0,0.0,0.0,0.0
466,4.66,-109.48168,838.15216,-155.187,422.372,-522.79297,172.56032,187.6916275024414,-41.50688247680664,-850.0065490722657,-97693.03515625,57804.83515625,-23167.3357421875,-1.890764594078064,-43.82473030090332,-101.37448043823242,5601.582080078125,2041.648291015625,-2140.9364379882813,0.6414080739021302,1.3385077357292174,-1.3334863424301147,667.5255432128906,-456.88164672851565,136.96661529541015,-4.235592794418335,2.2503066778182985,-28.89690818786621,4789.720361328125,-9663.76748046875,-1364.6831298828124,0.0,0.0,0.0,0.0,0.0,0.0
467,4.67,-96.04827,836.79816,-126.663,420.002,-502.12555,184.40102,188.27161407470703,-43.3999267578125,-881.0913818359375,-101574.60234375,57137.488671875,-23492.579296875,-0.46520996540784837,-26.704744338989258,-58.51845016479492,3549.4713134765625,926.2063171386719,-1425.0027221679688,0.6448830664157867,1.341185986995697,-1.3241331219673156,671.3337341308594,-465.1066162109375,137.01471252441405,-4.254137897491455,2.271606993675232,-28.902201080322264,4795.146728515625,-9663.65478515625,-1360.8431396484375,0.0,0.0,0.0,0.0,0.0,0.0
468,4.68,-82.8794,835.6902,-98.2399,418.686,-478.7544,195.31047,184.19913330078126,-43.38224411010742,-902.4825622558594,-104173.5125,56460.218359375,-23133.4857421875,0.18288739454001188,-13.600603103637695,-28.23689079284668,2010.0697998046876,233.93128070831298,-880.2221923828125,0.6462025701999664,1.3402204513549805,-1.3168028831481933,672.3458374023437,-473.06638793945314,137.26234130859376,-4.264838981628418,2.290056037902832,-28.891273498535156,4801.97744140625,-9662.51806640625,-1334.5619018554687,0.0,0.0,0.0,0.0,0.0,0.0
469,4.69,-69.65429,835.231,-69.1861,418.49,-454.39432,206.0539,176.18536834716798,-42.00283241271973,-913.7911743164062,-105521.0984375,55714.4453125,-22205.6904296875,0.4196512073278427,-4.660524332523346,-8.489151954650879,922.7311706542969,-149.93315963745118,-478.76392822265626,0.6464499652385711,1.3360808849334718,-1.3042592048645019,670.0921630859375,-479.57062377929685,137.84467620849608,-4.277302503585815,2.290772557258606,-28.867774200439452,4808.841650390625,-9662.15517578125,-1288.9593383789063,0.0,0.0,0.0,0.0,0.0,0.0
470,4.7,-56.571762,835.2741,-40.6649,419.233,-429.9305,214.94614,165.09820251464845,-39.82724189758301,-914.88994140625,-105682.2828125,54785.503515625,-20842.7041015625,0.46623009741306304,0.6822058886289597,2.9844431050121782,219.3240391731262,-322.62176818847655,-198.67488555908204,0.6481652438640595,1.330799663066864,-1.279012382030487,666.1771423339844,-483.8597717285156,138.75230255126954,-4.2913978576660154,2.267655944824219,-28.829724884033205,4814.41279296875,-9660.9662109375,-1239.7429565429688,0.0,0.0,0.0,0.0,0.0,0.0
471,4.71,-43.20828,836.4248,-12.8557,421.308,-406.74823,223.83578,151.8231979370117,-37.38170547485352,-906.0535034179687,-104757.26484375,53555.923046875,-19178.2357421875,0.41624859869480135,3.322929525375366,8.414428806304931,-177.31661567687988,-360.33974304199216,-23.108445024490358,0.6536732852458954,1.3260159373283387,-1.238536250591278,662.2534484863281,-485.455322265625,139.55808868408204,-4.30508975982666,2.230141258239746,-28.776548767089842,4810.820556640625,-9660.5234375,-1191.110009765625,0.0,0.0,0.0,0.0,0.0,0.0
472,4.72,-30.622522,837.8661,14.5641,424.382,-381.6515,232.03107,137.2030044555664,-35.11645851135254,-888.0316833496094,-102882.49609375,51935.500390625,-17340.2876953125,0.3245757073163986,4.155026865005493,9.8748028755188,-353.28925170898435,-322.6469970703125,70.88136749267578,0.6629040658473968,1.3201359629631042,-1.1988936066627502,658.6865173339844,-484.3817657470703,139.98615417480468,-4.315825271606445,2.1866005659103394,-28.710327339172363,4792.690576171875,-9662.47880859375,-1146.1669677734376,0.0,0.0,0.0,0.0,0.0,0.0
473,4.73,-17.5551,839.9907,41.4734,428.249,-354.67798,237.598,122.02134704589844,-33.33250007629395,-862.0378173828125,-100223.95234375,49873.182421875,-15444.5341796875,0.22597902715206147,3.9247424840927123,9.061423206329346,-387.8450561523438,-252.12845916748046,108.00701293945312,0.6750972628593445,1.3124682545661925,-1.1777540802955628,654.9015563964844,-481.8257598876953,140.1777816772461,-4.317702293395996,2.1507797718048094,-28.635441780090332,4758.376416015625,-9666.0111328125,-1113.6322387695313,0.0,0.0,0.0,0.0,0.0,0.0
474,4.74,-4.3172736,842.23083,67.8925,432.22,-327.20984,240.31924,106.9898551940918,-32.11879062652588,-829.767138671875,-96976.48125,47368.966796875,-13586.453125,0.13944346308708191,3.1843579053878783,7.207094335556031,-344.16697692871094,-175.89539642333983,109.99347839355468,0.6890448153018951,1.304965567588806,-1.1813684582710267,650.2256408691406,-478.35194396972656,140.82840881347656,-4.309129667282105,2.139161562919617,-28.567511558532715,4716.067529296875,-9671.34833984375,-1105.478759765625,0.0,0.0,0.0,0.0,0.0,0.0
475,4.75,8.9966755,845.0901,94.2093,437.004,-298.1411,239.67308,92.7114028930664,-31.387948036193848,-793.32626953125,-93360.21953125,44479.2109375,-11837.681640625,0.07282547913491726,2.2988486647605897,5.111033773422241,-267.1590087890625,-108.80193252563477,93.58622741699219,0.7049119949340821,1.2993523836135865,-1.2033382654190063,645.2744689941406,-474.05406494140624,142.12744140625,-4.289858388900757,2.1364287376403808,-28.526883125305176,4683.90087890625,-9679.1125,-1122.4308959960938,0.0,0.0,0.0,0.0,0.0,0.0
476,4.76,22.452826,848.01056,120.643,441.907,-269.18216,237.62694,79.6134262084961,-30.974027824401855,-755.0327331542969,-89607.26171875,41311.306640625,-10244.38447265625,0.027011107932776213,1.4789888620376588,3.2227394819259643,-185.2054656982422,-57.04218940734863,70.31534996032715,0.7209871470928192,1.2953673720359802,-1.2327838778495788,641.5071960449219,-469.73475952148436,143.54027557373047,-4.270580244064331,2.126568341255188,-28.514120864868165,4672.799560546875,-9687.51826171875,-1149.40439453125,0.0,0.0,0.0,0.0,0.0,0.0
477,4.77,35.832275,850.9755,145.342,447.022,-239.95238,233.61597,67.9084861755371,-30.685113143920898,-717.1693664550781,-85940.8515625,38007.720703125,-8824.3638671875,-0.0008402799838222563,0.8228181779384613,1.7405542612075806,-113.69358749389649,-21.373291397094725,47.20061073303223,0.7337414681911468,1.2916690945625304,-1.263310980796814,639.3217712402344,-466.90444030761716,144.3605728149414,-4.254086303710937,2.105088639259338,-28.526063537597658,4682.884375,-9694.70537109375,-1178.0592163085937,0.0,0.0,0.0,0.0,0.0,0.0
478,4.78,49.078506,853.5264,169.9,451.839,-209.94214,227.95253,57.62841987609863,-30.29386100769043,-681.7707763671875,-82553.3453125,34719.84765625,-7567.93984375,-0.015036539547145367,0.3548398599028587,0.7021733164787293,-58.88547782897949,0.36494314633309843,27.828901100158692,0.739811360836029,1.2868217706680298,-1.2897750616073609,638.2767822265625,-465.92975158691405,144.27457733154296,-4.259248828887939,2.0769586086273195,-28.57188720703125,4709.750146484375,-9705.14638671875,-1196.891748046875,0.0,0.0,0.0,0.0,0.0,0.0
479,4.79,61.720734,856.2865,193.664,457.283,-179.08577,220.61403,48.71369323730469,-29.5523624420166,-650.4813415527344,-79594.89609375,31579.5203125,-6448.537890625,-0.019957798160612585,0.05784023461164907,0.05666666962206364,-21.356126403808595,11.491334676742554,13.452554512023926,0.7388075292110443,1.2809539675712585,-1.3070584297180177,637.7031433105469,-465.9193389892578,143.4651870727539,-4.293648624420166,2.0498846054077147,-28.649707412719728,4750.896240234375,-9720.70390625,-1201.8159301757812,0.0,0.0,0.0,0.0,0.0,0.0
480,4.8,75.516685,858.1389,215.844,461.745,-147.5504,212.35419,41.07334327697754,-28.27085132598877,-624.4789123535156,-77173.59140625,28680.115234375,-5436.5453125,-0.01932730283588171,-0.10412988737225533,-0.2844227120280266,1.336584359407425,15.394924736022949,3.924334669113159,0.733616155385971,1.2750061869621276,-1.306118905544281,637.0455383300781,-466.2128112792969,142.09652404785157,-4.342910099029541,2.0289475202560423,-28.738541984558104,4799.366162109375,-9735.79365234375,-1206.7558471679688,0.0,0.0,0.0,0.0,0.0,0.0
481,4.81,86.86398,860.00287,238.936,467.208,-115.46256,202.60133,34.56586837768555,-26.401503372192384,-604.4765747070312,-75362.153125,26074.323046875,-4506.048828125,-0.015940362866967917,-0.1709626078605652,-0.4148427277803421,12.800085639953613,14.963864517211913,-1.5997289955615996,0.7279975652694702,1.2689883828163147,-1.2792052984237672,636.1028503417969,-466.12024841308596,140.16555633544922,-4.385415410995483,2.0180884838104247,-28.8223087310791,4843.3802734375,-9747.701171875,-1214.6900146484375,0.0,0.0,0.0,0.0,0.0,0.0
482,4.82,99.62633,861.4997,259.275,471.69,-82.03585,191.80244,28.997041320800783,-24.069417572021486,-590.7702270507813,-74205.78203125,23776.9599609375,-3638.984375,-0.01167193055152893,-0.17825745046138763,-0.4162083357572556,16.66973533630371,12.370951938629151,-4.188344883918762,0.7234514951705933,1.2633824348449707,-1.2291661739349364,635.2628540039062,-465.3092803955078,137.89275207519532,-4.408149003982544,2.010011911392212,-28.896035957336426,4874.70517578125,-9757.98125,-1222.4903564453125,0.0,0.0,0.0,0.0,0.0,0.0
483,4.83,111.507095,862.38416,279.227,476.5,-47.81483,179.85574,24.177196884155272,-21.551487922668457,-583.2875061035156,-73724.7296875,21766.09921875,-2830.755908203125,-0.007626338908448815,-0.15376440584659576,-0.3509596616029739,16.01920986175537,9.07664189338684,-4.856501722335816,0.7187277972698212,1.2595858335494996,-1.172331738471985,634.9040283203125,-463.3800964355469,135.72640075683594,-4.406183576583862,2.0066295862197876,-28.94662265777588,4890.8048828125,-9764.1900390625,-1232.2698120117188,0.0,0.0,0.0,0.0,0.0,0.0
484,4.84,122.56542,863.1226,298.596,480.713,-12.578652,167.02106,19.95900821685791,-19.22182140350342,-581.6268188476563,-73912.23671875,19987.8853515625,-2089.3508178710936,-0.004336451669223607,-0.11679775044322013,-0.26177739500999453,13.146156978607177,5.943474817276001,-4.4307169914245605,0.711005586385727,1.2582425832748414,-1.1226844906806945,634.7355407714844,-461.1747314453125,134.0795654296875,-4.381596279144287,2.008491539955139,-28.97181053161621,4894.55537109375,-9764.41298828125,-1247.4342163085937,0.0,0.0,0.0,0.0,0.0,0.0
485,4.85,133.47327,863.26874,317.976,484.834,23.917599,154.07834,16.230707359313964,-17.450999450683593,-585.1007934570313,-74729.31796875,18367.48984375,-1425.7223022460937,-0.0019566775066778065,-0.07927111983299255,-0.17441298365592955,9.584878396987914,3.3896875381469727,-3.5095728397369386,0.6990626156330109,1.259022092819214,-1.0875348687171935,633.4822265625,-460.04291381835935,133.02847290039062,-4.338364696502685,2.0174718618392946,-28.988388061523438,4889.688232421875,-9763.28701171875,-1264.5942138671876,0.0,0.0,0.0,0.0,0.0,0.0
486,4.86,144.4292,863.44794,337.538,488.429,60.96691,141.28362,12.889546298980713,-16.480501174926758,-592.8196105957031,-76102.875,16824.80263671875,-841.4622314453125,-0.00042224495464324716,-0.04740275256335735,-0.10182738378643989,6.233823442459107,1.5386551022529602,-2.4795310258865357,0.6848729491233826,1.260627841949463,-1.0634749054908752,631.347705078125,-459.5572448730469,132.16936187744142,-4.292336797714233,2.0343284368515016,-28.99763126373291,4880.571484375,-9762.76123046875,-1277.7329223632812,0.0,0.0,0.0,0.0,0.0,0.0
487,4.87,156.99065,863.91,355.259,491.262,98.91453,128.42189,9.80751600265503,-16.354458618164063,-603.8334838867188,-77935.62890625,15289.39521484375,-320.6391403198242,0.0004341212057624944,-0.023495312593877316,-0.04834713786840439,3.521926164627075,0.3424964141100645,-1.5566794514656066,0.6712855339050293,1.2623805046081542,-1.0438029050827027,629.418017578125,-458.77764282226565,131.41817321777344,-4.257677364349365,2.055728054046631,-28.98627338409424,4878.74853515625,-9757.86259765625,-1287.064111328125,0.0,0.0,0.0,0.0,0.0,0.0
488,4.88,167.81721,863.8807,372.912,493.773,137.70793,115.90918,6.829869890213013,-16.94207820892334,-617.2523620605468,-80121.090625,13706.64814453125,168.143974173069,0.000805927871260792,-0.007472042203880846,-0.01317084317561239,1.568592804670334,-0.3271926626563072,-0.8352092862129211,0.6619669497013092,1.2644774079322816,-1.0254612684249877,628.9177978515625,-457.94361572265626,130.89230499267578,-4.247247171401978,2.078708124160767,-28.948966407775877,4894.76884765625,-9745.89599609375,-1297.6429809570313,0.0,0.0,0.0,0.0,0.0,0.0
489,4.89,179.78088,863.9228,389.484,495.557,177.46518,103.62531,3.8127113342285157,-18.017535591125487,-632.2837341308593,-82554.35234375,12033.05341796875,660.7046508789062,0.0008695154683664441,0.0019558550469810144,0.007014212122521712,0.31505680698901417,-0.6198984682559967,-0.3316712811589241,0.6600779056549072,1.266964590549469,-1.0110574960708618,630.0758361816406,-457.5003662109375,130.3737030029297,-4.2588433742523195,2.107241320610046,-28.890950775146486,4931.556591796875,-9728.7232421875,-1307.468017578125,0.0,0.0,0.0,0.0,0.0,0.0
490,4.9,192.3394,863.39764,405.903,496.436,217.19012,92.69507,0.6625296756625175,-19.351393699645996,-648.2417053222656,-85140.8625,10227.23984375,1184.3471374511719,0.0007644498662557452,0.0064965443219989535,0.016287874523550273,-0.3798045888543129,-0.6722667634487152,-0.020047581405378878,0.6673448264598847,1.2688616871833802,-1.0040456533432007,632.4716003417968,-457.26185607910156,129.93618469238282,-4.279225921630859,2.145250344276428,-28.81915454864502,4980.27978515625,-9709.9189453125,-1313.5679077148438,0.0,0.0,0.0,0.0,0.0,0.0
491,4.91,204.59659,862.05994,422.722,496.714,256.85934,82.6007,-2.6507638692855835,-20.778157806396486,-664.5619018554687,-87803.40390625,8245.134521484375,1749.8224487304688,0.0005892614077311009,0.00780328237451613,0.01847819723188877,-0.6771247088909149,-0.5926844000816345,0.14345803260803222,0.6799152374267579,1.269462490081787,-1.0106602907180786,635.9687316894531,-456.4029510498047,130.06382598876954,-4.298883056640625,2.184588885307312,-28.74480285644531,5022.22001953125,-9692.1259765625,-1306.5537109375,0.0,0.0,0.0,0.0,0.0,0.0
492,4.92,216.93753,861.6934,436.408,496.465,296.71225,73.267235,-6.105625009536743,-22.22519931793213,-680.8016845703125,-90484.5046875,6041.09755859375,2350.9823486328123,0.00040575497841928155,0.00723910559900105,0.016677101515233515,-0.7227990984916687,-0.45782446265220644,0.20484892874956132,0.6928602993488312,1.2684231996536255,-1.031540298461914,640.0619567871094,-454.50885620117185,131.28579711914062,-4.312782573699951,2.2187579870224,-28.686014938354493,5041.49140625,-9677.4833984375,-1283.0540893554687,0.0,0.0,0.0,0.0,0.0,0.0
493,4.93,229.11253,859.9589,450.746,495.221,338.09305,64.336266,-9.655360698699951,-23.704419898986817,-696.6415466308594,-93146.38046875,3573.3317626953126,2971.3834228515625,0.00024704691750230265,0.005801749834790826,0.01310783727094531,-0.6317655801773071,-0.3158939749002457,0.2039744347333908,0.705136775970459,1.2656563997268677,-1.0575886249542237,644.432666015625,-453.6415649414063,133.40633087158204,-4.316303777694702,2.2505141735076903,-28.643804359436036,5038.038720703125,-9663.16533203125,-1255.5587524414063,0.0,0.0,0.0,0.0,0.0,0.0
494,4.94,241.49887,858.82605,463.242,493.339,379.82288,56.525543,-13.263569736480713,-25.274601173400878,-711.90107421875,-95769.02421875,811.6316429138184,3594.5669189453124,0.00012624596929526887,0.004142907122150064,0.009194434294477105,-0.48482132852077486,-0.19281571060419084,0.17120326310396194,0.7157182812690734,1.2620800137519836,-1.0790702104568481,648.1659118652344,-455.8352478027344,135.6058792114258,-4.318938779830932,2.282511496543884,-28.60544948577881,5020.377587890625,-9646.1693359375,-1227.3586181640626,0.0,0.0,0.0,0.0,0.0,0.0
495,4.95,253.757,856.71985,475.97,491.101,421.00208,50.13593,-16.929825401306154,-26.9879451751709,-726.550439453125,-98346.37890625,-2254.95068359375,4213.328125,4.408984696055995e-05,0.0026329662650823593,0.005724081210792065,-0.3323957026004791,-0.09893944784998894,0.1272142358124256,0.7228483319282532,1.2602159023284911,-1.0856431365013122,649.8389282226562,-461.05353393554685,137.81340942382812,-4.322903966903686,2.3042000770568847,-28.57437686920166,4994.030126953125,-9630.0099609375,-1203.9703125,0.0,0.0,0.0,0.0,0.0,0.0
496,4.96,266.37366,855.19196,487.007,487.91,462.0976,45.07479,-20.687722587585448,-28.84639091491699,-740.7119689941406,-100882.7546875,-5612.321313476563,4833.68212890625,-5.16545208597563e-06,0.0014388959622010588,0.003031578124500811,-0.20130289494991302,-0.0349628702737391,0.08442405834794045,0.7252206563949585,1.260997462272644,-1.0733847737312316,649.9631469726562,-467.923095703125,140.06192169189453,-4.326023912429809,2.3140876054763795,-28.553540802001955,4961.859765625,-9617.9890625,-1196.3026611328125,0.0,0.0,0.0,0.0,0.0,0.0
497,4.97,278.91714,853.7481,496.76,484.097,503.22403,41.663486,-24.58566246032715,-30.785944366455077,-754.641015625,-103388.9265625,-9219.58466796875,5472.5859375,-2.9688568611163645e-05,0.0005965487536741421,0.0011659221374429763,-0.10195834338665008,0.0034929024030134316,0.049031099677085875,0.7223221719264984,1.262350571155548,-1.047285294532776,650.1160705566406,-474.16013488769534,141.93457489013673,-4.313453483581543,2.3136603593826295,-28.530174446105956,4928.071435546875,-9604.355859375,-1206.5097045898438,0.0,0.0,0.0,0.0,0.0,0.0
498,4.98,291.2376,851.2748,506.817,479.74,543.4114,39.84912,-28.676069831848146,-32.69035320281982,-768.6572692871093,-105875.2359375,-13011.7396484375,6151.872998046875,-3.7601224539685064e-05,6.863754165351566e-05,2.1301945162122136e-05,-0.034689985867589715,0.022724740765988828,0.023052251152694225,0.7148715317249298,1.262778913974762,-1.0157253742218018,651.0170593261719,-478.8101013183594,142.83031005859374,-4.2815797328948975,2.3006916999816895,-28.498022079467773,4895.48056640625,-9583.45068359375,-1231.1390991210938,0.0,0.0,0.0,0.0,0.0,0.0
499,4.99,303.7957,849.51825,514.489,475.071,580.5708,39.63123,-33.01547985076904,-34.430538177490234,-783.0319946289062,-108342.05,-16905.9564453125,6891.481640625,-3.571405904949643e-05,-0.00021384641877375543,-0.0005709752149414271,0.005416150332894176,0.029018529690802097,0.00603345682611689,0.7046335697174072,1.2642200112342834,-0.9834837913513184,651.7898132324219,-482.10008850097654,142.72886810302734,-4.242209005355835,2.274935483932495,-28.46064224243164,4865.013525390625,-9556.26533203125,-1262.3994506835938,0.0,0.0,0.0,0.0,0.0,0.0
500,5.0,317.03186,847.46783,522.847,470.024,617.2587,40.837612,-37.66989402770996,-35.9095645904541,-797.8624877929688,-110770.6328125,-20809.9837890625,7705.749609375,-2.9083965819154402e-05,-0.00032529755262658,-0.0007852238020859658,0.02519234102219343,0.02765845526009798,-0.0036786784447031097,0.6954410910606384,1.2680781006813049,-0.9491393685340881,652.1046752929688,-483.0649444580078,142.27501373291017,-4.207686853408814,2.2290276765823362,-28.418605613708497,4839.5484375,-9528.05703125,-1293.4607421875,0.0,0.0,0.0,0.0,0.0,0.0
501,5.01,330.91888,846.04956,531.266,465.377,650.74835,42.9593,-42.72613372802734,-37.087623596191406,-812.9531982421875,-113114.5515625,-24630.09765625,8604.17138671875,-2.1064245993329676e-05,-0.000331092847045511,-0.0007710292236879468,0.031375186331570146,0.022576017305254936,-0.008092612866312266,0.6895608484745026,1.2738551378250123,-0.9129044353961945,653.0997314453125,-481.13876953125,141.99558715820314,-4.189698553085327,2.161805200576782,-28.376623725891115,4820.652001953125,-9506.0001953125,-1318.7107543945312,0.0,0.0,0.0,0.0,0.0,0.0
502,5.02,344.4737,843.91205,540.441,460.925,681.15564,45.519478,-48.300759887695314,-37.97833442687988,-827.7765502929688,-115296.43359375,-28276.9853515625,9594.84814453125,-1.360035321340547e-05,-0.0002816104068187997,-0.0006415509211365134,0.029584603384137154,0.016383791249245404,-0.009081227239221334,0.6851073205471039,1.2808805108070374,-0.8834671795368194,655.4466491699219,-477.1693450927734,142.31493530273437,-4.19541368484497,2.086422085762024,-28.354806900024414,4812.68017578125,-9498.34638671875,-1337.6696411132812,0.0,0.0,0.0,0.0,0.0,0.0
503,5.03,358.4901,841.913,549.884,456.837,707.5032,47.5657,-54.52846069335938,-38.62548141479492,-841.5429626464844,-117214.4390625,-31669.6025390625,10687.14580078125,-7.605139580846299e-06,-0.00021152868721401318,-0.0004732764937216416,0.023975458182394504,0.010601788014173507,-0.008150877710431815,0.6815415799617768,1.2900920152664184,-0.8665865778923034,657.8220581054687,-472.58494567871094,143.4129180908203,-4.226403474807739,2.0244460821151735,-28.38830509185791,4820.42421875,-9513.95283203125,-1358.6180908203125,0.0,0.0,0.0,0.0,0.0,0.0
504,5.04,372.49713,840.0896,561.051,453.754,729.60724,48.73408,-61.542445755004884,-39.07951469421387,-853.2959594726562,-118751.76484375,-34737.4734375,11891.94609375,-3.3155401069961953e-06,-0.00014195369658409618,-0.0003117059532087296,0.01729049179702997,0.005947043094784022,-0.006380650727078318,0.6810268998146057,1.3000577092170715,-0.8575010538101197,658.6456481933594,-468.7362518310547,145.2498046875,-4.2761993408203125,1.9843029975891113,-28.475158309936525,4840.2259765625,-9549.9591796875,-1381.4728271484375,0.0,0.0,0.0,0.0,0.0,0.0
505,5.05,386.24637,838.43976,574.369,451.897,747.2712,48.263664,-69.46029968261719,-39.39885292053223,-861.989013671875,-119784.01953125,-37419.911328125,13217.53388671875,-5.831896757513278e-07,-8.366408292204142e-05,-0.0001791865681298077,0.011111302860081195,0.0026098462520167233,-0.004458816163241864,0.6842954814434051,1.3091245412826538,-0.8483850836753846,657.9868774414062,-467.0144470214844,147.53056793212892,-4.318889236450195,1.9690550684928894,-28.58003387451172,4864.9576171875,-9593.442578125,-1401.939453125,0.0,0.0,0.0,0.0,0.0,0.0
506,5.06,399.547,836.886,590.008,451.679,760.53674,46.481827,-78.30865097045898,-39.624457931518556,-866.5527282714844,-120181.7515625,-39667.259765625,14659.25576171875,9.150024851578564e-07,-4.041716256324435e-05,-8.261254006356467e-05,0.0061714712530374525,0.0004793248044734355,-0.002763509168289602,0.6895760834217072,1.319353699684143,-0.8398730993270874,656.7835754394531,-467.62353515625,149.53504028320313,-4.3390637874603275,1.9783557057380676,-28.67172622680664,4892.88779296875,-9634.91708984375,-1423.710791015625,0.0,0.0,0.0,0.0,0.0,0.0
507,5.07,413.63937,835.9925,607.013,452.314,770.23956,43.632015,-87.93995590209961,-39.7169132232666,-865.9137878417969,-119805.6390625,-41444.39375,16192.8583984375,1.5408264630423219e-06,-1.1762428948713933e-05,-1.983509193816957e-05,0.0026520363404415547,-0.0006927710259333253,-0.0014533833833411335,0.6944655835628509,1.3307627201080323,-0.843742060661316,655.8910949707031,-469.6101959228516,150.54798736572266,-4.341106367111206,2.0137503266334535,-28.740033531188963,4920.953564453125,-9670.23154296875,-1445.1254028320313,0.0,0.0,0.0,0.0,0.0,0.0
508,5.08,427.76447,835.43,624.344,453.609,775.8914,39.896214,-98.03150329589843,-39.52621688842773,-858.9759033203125,-118501.7890625,-42727.291796875,17773.01171875,1.6186546758945041e-06,4.844140244131268e-06,1.5606625879627245e-05,0.00042106900714315997,-0.0011860342114232481,-0.0005490305367857218,0.6975242555141449,1.33977952003479,-0.867540568113327,655.6632019042969,-471.0344512939453,150.1935577392578,-4.334912347793579,2.0618158102035524,-28.784890937805176,4941.91767578125,-9696.7916015625,-1460.0332885742187,0.0,0.0,0.0,0.0,0.0,0.0
509,5.09,442.22086,835.10065,641.781,454.508,779.74036,35.577007,-108.08424377441406,-38.808057403564455,-844.6460388183593,-116106.9328125,-43496.622265625,19327.1392578125,1.402209215939365e-06,1.262055229744874e-05,3.136823870590888e-05,-0.0007934747118270025,-0.0012518799398094417,3.2526728773518697e-06,0.6981296300888061,1.343695092201233,-0.8994122326374054,655.9146301269532,-470.81720275878905,148.7832046508789,-4.325090837478638,2.1031771421432497,-28.80613479614258,4952.67265625,-9713.72060546875,-1458.194775390625,0.0,0.0,0.0,0.0,0.0,0.0
510,5.1,456.93924,834.6404,658.92,455.139,781.1454,30.906378,-117.41903228759766,-37.27094993591309,-821.8980285644532,-112462.77890625,-43731.15546875,20748.0087890625,1.0686586733754666e-06,1.46216604662186e-05,3.450698641245253e-05,-0.0012926198425702751,-0.0010873876744881272,0.00028688438032986596,0.6947659492492676,1.3401557683944703,-0.9202198147773742,655.2235717773438,-468.3090087890625,147.17738342285156,-4.310918092727661,2.127409267425537,-28.813539695739745,4952.3740234375,-9725.14189453125,-1436.5745727539063,0.0,0.0,0.0,0.0,0.0,0.0
511,5.11,471.94757,834.2971,674.956,454.896,779.3239,25.28574,-125.21005020141601,-34.64162330627441,-789.8406860351563,-107434.72265625,-43400.46796875,21893.588671875,7.277116651493998e-07,1.333431173407007e-05,3.065397213504184e-05,-0.0013446026598103345,-0.0008304526272695512,0.00038735262642148883,0.6871236979961395,1.3277902960777284,-0.9307612955570221,653.4228881835937,-463.6479034423828,145.73029327392578,-4.299868488311768,2.134650731086731,-28.82098846435547,4935.1849609375,-9736.16513671875,-1401.9910888671875,0.0,0.0,0.0,0.0,0.0,0.0
512,5.12,487.6526,834.1092,689.777,453.938,777.3814,21.530931,-130.58017120361328,-30.740685081481935,-747.80712890625,-100935.06953125,-42459.360546875,22601.3419921875,4.369847715679498e-07,1.0559057409409434e-05,2.3814267296984327e-05,-0.0011582852923311294,-0.0005666694341925904,0.00037766419409308584,0.6780526280403137,1.3068596601486206,-0.9390294909477234,651.1325866699219,-457.71059265136716,144.42499389648438,-4.292514181137085,2.131980299949646,-28.828020095825195,4898.86513671875,-9747.31552734375,-1357.6172729492187,0.0,0.0,0.0,0.0,0.0,0.0
513,5.13,502.95807,834.11176,702.917,453.029,778.9229,22.203135,-132.7448516845703,-25.558759117126463,-695.4988464355469,-92954.5921875,-40849.14609375,22717.7064453125,2.1816371855720718e-07,7.458041682184557e-06,1.6521725683560362e-05,-0.0008788870938587934,-0.0003411612589843571,0.0003128358715912327,0.6715495467185975,1.2798983693122863,-0.9429720342159271,649.1776000976563,-451.8788116455078,143.46972045898437,-4.266912651062012,2.11772301197052,-28.824553871154784,4852.75576171875,-9752.873828125,-1302.110888671875,0.0,0.0,0.0,0.0,0.0,0.0
514,5.14,518.17,835.224,714.556,453.162,790.11816,25.046585,-131.1547592163086,-19.319949340820312,-633.2194274902344,-83599.28359375,-38511.802734375,22135.472265625,7.10116577096187e-08,4.680802112488891e-06,1.0151758033316582e-05,-0.0005958719208138064,-0.00017107887615566141,0.00022991086007095873,0.6675858676433564,1.2515902280807496,-0.9378490209579468,647.4889404296875,-447.6232391357422,142.8970504760742,-4.222389125823975,2.0858834981918335,-28.795267868041993,4804.876953125,-9746.3298828125,-1241.23427734375,0.0,0.0,0.0,0.0,0.0,0.0
515,5.15,534.00146,837.4124,729.754,454.113,801.2607,26.950418,-125.5513427734375,-12.515813255310059,-562.1012573242188,-73117.78984375,-35418.014453125,20819.017578125,-1.5949701870354717e-08,2.510217996132269e-06,5.265819322630705e-06,-0.00035584166762419044,-5.6463577311660626e-05,0.00015081526726135053,0.6637474119663238,1.226695954799652,-0.9271353125572205,646.0551513671875,-445.9939361572266,143.0139175415039,-4.174646711349487,2.0374064445495605,-28.73295612335205,4760.614208984375,-9725.50390625,-1186.923388671875,0.0,0.0,0.0,0.0,0.0,0.0
516,5.16,549.1777,839.9845,740.358,454.787,805.7624,26.920393,-115.9463020324707,-5.851027226448059,-484.1684844970703,-61896.237890625,-31601.3275390625,18808.948046875,-5.816356605237161e-08,9.95700173689329e-07,1.9176189482550397e-06,-0.0001759614999173209,1.1452521449939468e-05,8.622317254776135e-05,0.6590502619743347,1.208435308933258,-0.9119654476642609,645.2900268554688,-447.0335723876953,144.03026580810547,-4.136939525604248,1.994377815723419,-28.64547061920166,4728.3681640625,-9693.07939453125,-1145.7603393554687,0.0,0.0,0.0,0.0,0.0,0.0
517,5.17,563.5097,842.21075,750.803,455.88,806.50494,26.741909,-102.6027458190918,-0.08720577359199524,-402.3254791259766,-50423.5296875,-27189.81328125,16216.894921875,-7.066595628657523e-08,5.871184796113482e-08,-1.0887523060887361e-07,-5.553160026465776e-05,4.458029907254968e-05,3.932814779545879e-05,0.6565251290798187,1.1978620409965515,-0.8917865812778473,645.7038513183594,-449.9926727294922,145.6529983520508,-4.118688297271729,1.9699517369270325,-28.537537384033204,4708.7033203125,-9652.2015625,-1115.3172485351563,0.0,0.0,0.0,0.0,0.0,0.0
518,5.18,576.12897,843.6571,762.883,457.598,804.6532,27.33798,-86.09998168945313,4.148031854629517,-320.2294189453125,-39245.245703125,-22419.59765625,13219.47919921875,-6.590083643231991e-08,-4.326675679067193e-07,-1.13424486016811e-06,1.5228400206979131e-05,5.456030994537287e-05,8.969041925865894e-06,0.6608274400234222,1.193969714641571,-0.8676268041133881,647.6321960449219,-454.06064758300784,147.08218994140626,-4.127072763442993,1.9718776106834413,-28.43125801086426,4696.856396484375,-9607.56943359375,-1097.8119995117188,0.0,0.0,0.0,0.0,0.0,0.0
519,5.19,588.4468,844.8652,775.605,459.986,803.5795,28.716331,-67.53486022949218,6.5356213569641115,-242.00967407226562,-28906.5115234375,-17606.8541015625,10057.4224609375,-5.3006733935490044e-08,-6.169206130834936e-07,-1.482063305502379e-06,4.922103835269809e-05,5.104949777887668e-05,-8.071785123320296e-06,0.6746166169643402,1.1948113083839416,-0.8455979645252227,650.9049194335937,-458.5473175048828,148.01084899902344,-4.164531278610229,2.00934693813324,-28.358950233459474,4695.742578125,-9572.94453125,-1106.8863159179687,0.0,0.0,0.0,0.0,0.0,0.0
520,5.2,600.9175,846.02905,789.165,461.749,805.27734,29.838293,-48.598663330078125,7.157361316680908,-171.7625747680664,-19891.6484375,-13083.66748046875,7015.748388671875,-3.797347183365218e-08,-6.139623224044044e-07,-1.426170445029129e-06,5.8910656662192196e-05,4.1154030986945146e-05,-1.556017732582404e-05,0.6959964990615845,1.200117552280426,-0.8274981498718261,654.7474731445312,-462.8368377685547,148.58496704101563,-4.238879013061523,2.0832475900650023,-28.357949256896973,4712.54228515625,-9562.37138671875,-1141.7923706054687,0.0,0.0,0.0,0.0,0.0,0.0
521,5.21,613.6429,847.46747,800.883,463.009,806.1934,30.698298,-31.217302513122558,6.45263032913208,-112.81713256835937,-12549.612109375,-9125.135400390625,4361.80185546875,-2.4221753669451118e-08,-5.151534708147664e-07,-1.1714266292983666e-06,5.456109247461427e-05,2.9541703406721352e-05,-1.694729562586872e-05,0.719693249464035,1.2107889175415039,-0.8049799203872681,658.2849548339843,-466.6449890136719,148.36959533691407,-4.330068111419678,2.170414161682129,-28.417621040344237,4744.073583984375,-9572.14482421875,-1189.6264282226562,0.0,0.0,0.0,0.0,0.0,0.0
522,5.22,627.21356,849.28613,810.913,464.109,806.3191,31.772736,-16.95746192932129,5.029922866821289,-66.81526336669921,-7000.907861328125,-5885.973779296875,2274.617810058594,-1.330844439095813e-08,-3.826869232170793e-07,-8.547409834136488e-07,4.367765650385991e-05,1.8886114230554085e-05,-1.4975537669670303e-05,0.7413285493850708,1.2261535406112671,-0.7707040548324585,661.1797058105469,-470.3154022216797,147.25941009521483,-4.414295196533203,2.2478423833847048,-28.502655601501466,4777.2365234375,-9589.971484375,-1231.3083374023438,0.0,0.0,0.0,0.0,0.0,0.0
523,5.23,640.8376,851.0585,820.159,464.51,805.8822,32.36111,-6.627161431312561,3.4431491613388063,-33.45405921936035,-3123.8023071289062,-3391.8663818359373,812.7339263916016,-5.584777218459181e-09,-2.5389394835428903e-07,-5.563677234476927e-07,3.11571342535899e-05,1.0411220500827767e-05,-1.158809345724876e-05,0.7596083164215088,1.244868564605713,-0.7332305669784546,663.2303405761719,-473.5401550292969,145.78221435546874,-4.493202066421508,2.3000301837921144,-28.59503231048584,4808.52197265625,-9613.0224609375,-1256.133984375,0.0,0.0,0.0,0.0,0.0,0.0
524,5.24,653.4401,852.46375,828.782,464.228,805.767,32.649197,-0.17210468649864197,2.0607250571250915,-11.188945746421814,-653.2351467132569,-1595.0823059082031,-76.51297540664673,-7.260377785089922e-10,-1.4739920999318202e-07,-3.146955194210932e-07,1.9778306523221545e-05,4.401192995828751e-06,-8.009051180124516e-06,0.7731716454029083,1.2646233677864074,-0.7116879284381866,664.2342224121094,-475.7381103515625,144.62246856689453,-4.56135745048523,2.3147862911224366,-28.67869453430176,4842.48369140625,-9635.668359375,-1265.4476318359375,0.0,0.0,0.0,0.0,0.0,0.0
525,5.25,665.7799,854.1499,836.967,463.957,806.2749,32.818428,3.181393027305603,1.0216920793056488,2.028296422958374,720.3475021362304,-419.1646842956543,-522.4249755859375,1.8888068220590524e-09,-6.925167710392088e-08,-1.40490494260348e-07,1.0789936322908033e-05,6.116608069817176e-07,-4.898557335764053e-06,0.7804527282714844,1.2809690952301025,-0.7154574453830719,664.4158020019531,-476.50828247070314,143.7619857788086,-4.621251726150513,2.2960152626037598,-28.74889144897461,4880.216796875,-9654.9173828125,-1260.1222412109375,0.0,0.0,0.0,0.0,0.0,0.0
526,5.26,677.4228,855.85175,844.129,463.38,806.3076,32.821968,4.402640390396118,0.32521899715065955,8.507099103927612,1312.9042602539062,252.25827674865724,-669.0630981445313,2.9348367958093036e-09,-1.8071703500321946e-08,-2.8601074559403418e-08,4.455716975826363e-06,-1.4349579203098983e-06,-2.522010640859662e-06,0.7818149447441101,1.290166699886322,-0.7297757804393769,664.1572326660156,-475.2185913085938,143.00929260253906,-4.661678075790405,2.260482096672058,-28.816426849365236,4915.042919921875,-9672.64765625,-1241.413037109375,0.0,0.0,0.0,0.0,0.0,0.0
527,5.27,688.5009,857.59595,849.578,462.882,806.33496,32.985764,4.333335542678833,-0.08464646618813276,10.492400360107421,1409.7326782226562,557.7300903320313,-638.4897644042969,3.0079678525751775e-09,1.1123747356567294e-08,3.349755655079889e-08,4.907497685557872e-07,-2.260554083477473e-06,-8.996573683361931e-07,0.7797615468502045,1.291496205329895,-0.7395424783229828,663.21796875,-471.58232421875,142.14170684814454,-4.668393278121949,2.2170526027679442,-28.879736328125,4938.85927734375,-9687.9462890625,-1218.3654174804688,0.0,0.0,0.0,0.0,0.0,0.0
528,5.28,699.89404,860.02246,854.472,462.42,806.4115,33.00672,3.6110297441482544,-0.2821074649691582,9.85123052597046,1236.1678833007813,626.5174499511719,-521.5865264892578,2.5689588012411947e-09,2.4382029906178104e-08,6.013907665192164e-08,-1.6269700552129506e-06,-2.3271178633876843e-06,7.759307569799035e-08,0.7766429364681244,1.2857406258583068,-0.7419789135456085,661.1541381835938,-465.8364715576172,141.0409423828125,-4.649220561981201,2.1725325345993043,-28.919632148742675,4945.518896484375,-9696.87919921875,-1201.2890014648438,0.0,0.0,0.0,0.0,0.0,0.0
529,5.29,710.71704,862.0855,858.3,462.018,805.90454,33.05983,2.667212653160095,-0.33899821937084196,7.960351753234863,950.9897399902344,562.63193359375,-378.79115295410156,1.936020310733255e-09,2.733984256764188e-08,6.431653432059647e-08,-2.4587216330473892e-06,-1.9926157847294236e-06,5.680886204117996e-07,0.7743112981319428,1.2754718542099,-0.7388525009155273,658.571044921875,-458.94236450195314,139.95473937988282,-4.616027450561523,2.135742259025574,-28.937448692321777,4934.08544921875,-9700.76318359375,-1200.826513671875,0.0,0.0,0.0,0.0,0.0,0.0
530,5.3,721.35834,864.22064,861.593,461.703,805.4745,33.336548,1.7589837074279786,-0.3145514875650406,5.726127433776855,653.5756164550781,440.6099853515625,-245.3013488769531,1.3035998058796849e-09,2.4529424180741442e-08,5.6274389592658736e-08,-2.4970514459710103e-06,-1.5047713759486214e-06,7.304284906695102e-07,0.7725170373916626,1.2640361070632935,-0.7299950838088989,657.108837890625,-452.808251953125,139.31722412109374,-4.570135164260864,2.111329531669617,-28.943047714233398,4908.82666015625,-9704.0373046875,-1216.4987548828126,0.0,0.0,0.0,0.0,0.0,0.0
531,5.31,731.90356,866.3545,864.609,461.661,805.4808,33.53784,1.012980306148529,-0.2521307647228241,3.6692824363708496,396.9935821533203,308.01236724853516,-137.75168151855468,7.716574434990519e-10,1.919660963523029e-08,4.3219653278470106e-08,-2.121095712936949e-06,-1.0153357152375975e-06,6.982098170738027e-07,0.7693682312965393,1.2542789340019227,-0.7105873346328735,657.2736694335938,-449.49842834472656,139.17779846191405,-4.520697832107544,2.096846842765808,-28.938188743591308,4877.994091796875,-9706.04951171875,-1237.9323364257812,0.0,0.0,0.0,0.0,0.0,0.0
532,5.32,742.13806,868.314,867.731,461.522,805.21014,33.729977,0.4686508685350418,-0.1800636261701584,2.029620659351349,202.07679901123046,190.9846923828125,-60.59011306762695,3.757008149030128e-10,1.3411057775414292e-08,2.9654581013005554e-08,-1.5915651374598383e-06,-6.026358761346273e-07,5.709970139378128e-07,0.762840622663498,1.2471363306045533,-0.6835314929485321,657.6904235839844,-450.15838012695315,139.37353515625,-4.479467916488647,2.080668044090271,-28.92058734893799,4850.676904296875,-9706.437890625,-1256.9371215820313,0.0,0.0,0.0,0.0,0.0,0.0
533,5.33,752.5441,870.21277,871.114,461.412,805.3404,33.95414,0.11433476847596466,-0.11445301547646522,0.8644140183925628,69.77246170043945,100.51157836914062,-11.28989907503128,1.1245043351343353e-10,8.30933784001786e-09,1.797642896761431e-08,-1.066928882664797e-06,-2.948117227674629e-07,4.1506791035317294e-07,0.7521146833896637,1.242913043498993,-0.6576508998870849,657.7523864746094,-454.667138671875,139.78143463134765,-4.459631490707397,2.0690001249313354,-28.906915855407714,4831.637646484375,-9711.31494140625,-1266.6837890625,0.0,0.0,0.0,0.0,0.0,0.0
534,5.34,762.3358,871.9888,874.254,461.263,805.4818,33.94,-0.08607638459652663,-0.06256074272096157,0.12794794756919145,-9.353454875946046,38.0367847442627,15.86379656791687,-4.080924802729244e-11,4.367851325071115e-09,9.119577493166275e-09,-6.279433023337333e-07,-8.972254050831907e-08,2.690725665388527e-07,0.7405338287353516,1.2417130589485168,-0.6388763427734375,658.2809509277344,-460.89035949707034,140.66150360107423,-4.454000663757324,2.06526300907135,-28.91067237854004,4827.224072265625,-9720.66689453125,-1270.7333618164062,0.0,0.0,0.0,0.0,0.0,0.0
535,5.35,772.0811,873.5368,877.022,461.199,805.02686,34.14284,-0.17554754614830018,-0.025949204433709384,-0.27123468220233915,-48.58124351501465,-0.13340806365013122,27.32051029205322,-1.1319411033494653e-10,1.6478568287681129e-09,3.1177048942510054e-09,-3.025850503490801e-07,3.0012077745222855e-08,1.5132213420088193e-07,0.7323356509208679,1.241261899471283,-0.632079815864563,660.2871337890625,-466.9952331542969,141.95800323486327,-4.449207925796509,2.0751186847686767,-28.93100643157959,4838.368798828125,-9728.347265625,-1269.7020385742187,0.0,0.0,0.0,0.0,0.0,0.0
536,5.36,781.87634,875.2703,879.838,461.187,804.94196,34.323162,-0.19376323968172074,-0.0030008965215529313,-0.4336331456899643,-61.065700149536134,-19.7506534576416,28.885799217224122,-1.3249934205372683e-10,-1.2682535056873779e-11,-4.642536591270563e-10,-8.724294637829644e-08,8.685934034247112e-08,6.676198402999489e-08,0.729131692647934,1.2397233843803406,-0.633392971754074,663.9012023925782,-472.382373046875,142.89557037353515,-4.444164133071899,2.0901766300201414,-28.961612701416016,4856.26904296875,-9731.4205078125,-1261.1696044921875,0.0,0.0,0.0,0.0,0.0,0.0
537,5.37,791.66846,876.7525,882.775,460.981,804.6606,34.313435,-0.17243191748857498,0.009281413536518813,-0.44847402572631834,-57.81258773803711,-26.71399803161621,25.11396656036377,-1.2143629851690818e-10,-8.650125893350236e-10,-2.2335900684566924e-09,3.737384779434194e-08,1.0234348764015522e-07,1.2677255567528079e-08,0.7285163283348084,1.2381946325302124,-0.6338760197162628,667.4514587402343,-476.1740997314453,142.96847839355468,-4.440250205993652,2.0936495542526243,-28.994843673706054,4872.075244140625,-9731.74384765625,-1243.321484375,0.0,0.0,0.0,0.0,0.0,0.0
538,5.38,801.1534,878.1799,885.048,461.016,804.4938,34.504242,-0.1341339521110058,0.014129896368831395,-0.38504559099674224,-46.978044509887695,-26.06357765197754,19.193882942199707,-9.650194185417682e-11,-1.16646480252669e-09,-2.7899765830952106e-09,9.556644613439857e-08,9.409293042494937e-08,-1.7157887333141275e-08,0.7266274809837341,1.2386823058128358,-0.6349535405635833,668.4151550292969,-478.13970336914065,142.0891098022461,-4.437733793258667,2.0791075229644775,-29.01321964263916,4880.4955078125,-9729.1333984375,-1218.2604248046875,0.0,0.0,0.0,0.0,0.0,0.0
539,5.39,811.1127,879.33826,887.17,460.891,804.1534,34.60805,-0.09317531511187553,0.014385431911796332,-0.2913986533880234,-33.959708786010744,-21.598973655700682,13.10661735534668,-6.83818918156831e-11,-1.1367256358418843e-09,-2.6341425485298942e-09,1.1036305522793554e-07,7.493834246474762e-08,-2.978913595796939e-08,0.7209478914737701,1.241246724128723,-0.6457250773906708,665.9539306640625,-478.01605529785155,140.58277282714843,-4.4334068775177,2.0553361654281614,-29.01397113800049,4876.843798828125,-9727.03251953125,-1197.7494384765625,0.0,0.0,0.0,0.0,0.0,0.0
540,5.4,819.95184,880.2729,889.057,460.837,803.77264,34.79119,-0.05733797587454319,0.012237426266074181,-0.19704348742961883,-21.880669403076173,-15.87943925857544,7.897907066345215,-4.307864343022771e-11,-9.413024304461005e-10,-2.1365674340856346e-09,1.0048800618278619e-07,5.320886700133087e-08,-3.1567545732968935e-08,0.713222736120224,1.2438422441482544,-0.6712296068668365,661.4261657714844,-475.26124877929686,139.39026641845703,-4.434916257858276,2.033915328979492,-29.012193489074708,4858.986083984375,-9732.12880859375,-1188.1212280273437,0.0,0.0,0.0,0.0,0.0,0.0
541,5.41,829.82025,881.04803,891.453,460.646,803.41925,35.03194,-0.02981421072036028,0.009193177707493306,-0.11727520823478699,-12.198908042907714,-10.420552158355713,3.966569018363953,-2.32341137648695e-11,-6.916018424618641e-10,-1.5420125509812977e-09,7.948427338533293e-08,3.359781661771422e-08,-2.7480419895198337e-08,0.7078254640102386,1.245322585105896,-0.7009956002235412,656.6969665527344,-470.41209106445314,139.2532943725586,-4.443822622299194,2.0192684173583983,-29.01630229949951,4834.695068359375,-9744.02255859375,-1189.8386108398438,0.0,0.0,0.0,0.0,0.0,0.0
542,5.42,838.80676,881.8955,893.871,460.571,803.1759,35.32023,-0.010929081728681922,0.0061701993457973,-0.057651686295866963,-5.284681057929992,-5.960767412185669,1.3153819382190703,-9.342580528648448e-12,-4.535426589846736e-10,-9.917736465414606e-10,5.608308875082457e-08,1.8184203831594913e-08,-2.1023137364295506e-08,0.7064754724502563,1.2460793495178222,-0.7168283462524414,652.5742248535156,-464.9015167236328,140.11121978759766,-4.454667282104492,2.0121239900588987,-29.020557975769044,4811.869970703125,-9755.76953125,-1206.6265747070313,0.0,0.0,0.0,0.0,0.0,0.0
543,5.43,848.7889,882.4832,895.887,460.476,803.1277,35.333508,0.0005190216324990615,0.0036371778696775436,-0.017840330442413687,-0.8899469569325447,-2.7217016935348513,-0.25707326726987956,-7.150513877838757e-13,-2.5919516533079445e-10,-5.515244871912017e-10,3.51565104139695e-08,7.372550347994888e-09,-1.4369626377686018e-08,0.7092938244342804,1.2464080810546876,-0.7160161137580872,649.1135192871094,-460.09996032714844,141.43272399902344,-4.468602514266967,2.0089601993560793,-29.025875854492188,4794.57509765625,-9765.21904296875,-1233.70146484375,0.0,0.0,0.0,0.0,0.0,0.0
544,5.44,858.88025,882.84674,898.294,460.338,802.90955,35.584084,0.006326774321496487,0.0017576125683262944,0.005469356576213613,1.512141752243042,-0.6239439569413662,-1.0253589034080506,3.837076945241436e-12,-1.181329117860841e-10,-2.376252569713522e-10,1.8819075808806928e-08,6.417713221962273e-10,-8.669452933318667e-09,0.715066546201706,1.2454088568687438,-0.7002811670303345,646.3023498535156,-457.04441223144534,143.01792755126954,-4.482847738265991,2.0033084392547607,-29.041897583007813,4784.930615234375,-9774.90478515625,-1259.067822265625,0.0,0.0,0.0,0.0,0.0,0.0
545,5.45,868.83386,883.0432,900.615,460.023,802.57007,35.829304,0.008312311954796314,0.0005120784524478949,0.016595420986413957,2.5083950757980347,0.5542110547423362,-1.2581626057624817,5.571112538307888e-12,-2.683801744209069e-11,-3.847211550256444e-11,7.431522286438508e-09,-2.922876296551635e-09,-4.363002048535236e-09,0.7211824238300324,1.2425941586494447,-0.6661806285381318,643.8227600097656,-456.80210266113284,144.84700927734374,-4.489996814727784,1.9936896085739135,-29.071302032470705,4784.2064453125,-9784.9212890625,-1274.9040405273438,0.0,0.0,0.0,0.0,0.0,0.0
546,5.46,879.44403,883.0575,903.186,459.789,802.8516,36.169434,0.008016714919358492,-0.00020988558171666227,0.01969006285071373,2.6234890937805178,1.0725474417209626,-1.1785739421844483,5.580481953273986e-12,2.4385458019179906e-11,7.008743099778947e-11,3.9510004491184747e-10,-4.293719424453002e-09,-1.4560035788147018e-09,0.725282621383667,1.2391878604888915,-0.625918185710907,641.8211242675782,-459.2644866943359,146.64545440673828,-4.483403587341309,1.996938705444336,-29.10501594543457,4794.499365234375,-9792.87412109375,-1280.6145263671874,0.0,0.0,0.0,0.0,0.0,0.0
547,5.47,887.04,882.8328,907.944,459.749,802.50793,36.601273,0.006594324158504606,-0.0005480747757246717,0.018162206187844275,2.2669933319091795,1.1692760586738586,-0.9508722245693206,4.701034093251843e-12,4.687563913419179e-11,1.1483493878028384e-10,-3.2877125244468176e-09,-4.3186404230510785e-09,2.7034795044983407e-10,0.7275111079216003,1.2369956374168396,-0.6011437237262726,640.0006103515625,-463.2914276123047,148.08672790527345,-4.45790843963623,2.015203094482422,-29.12873649597168,4814.226416015625,-9797.05673828125,-1281.3036865234376,0.0,0.0,0.0,0.0,0.0,0.0
548,5.48,897.5317,882.82434,910.392,459.86,802.324,37.141045,0.004817591561004519,-0.0006352250464260578,0.014498195983469487,1.724356210231781,1.0337621450424195,-0.6830480515956878,3.5036489768464074e-12,5.101894288983555e-11,1.196608812037425e-10,-4.6615400872696e-09,-3.6471420994388383e-09,1.1157090584745789e-09,0.7288427829742432,1.237148356437683,-0.5992928087711334,637.9501281738281,-467.5924957275391,148.75084533691407,-4.415554189682007,2.0454588651657106,-29.13310260772705,4838.045263671875,-9795.49501953125,-1277.6794189453126,0.0,0.0,0.0,0.0,0.0,0.0
549,5.49,907.0702,882.4478,913.948,459.633,802.60406,37.37915,0.0031400883570313455,-0.0005794073804281652,0.010315734427422285,1.1719350218772888,0.8002336263656616,-0.4370198279619217,2.332420996793705e-12,4.506632671208433e-11,1.0318266241426955e-10,-4.6297129241423814e-09,-2.7237426536430576e-09,1.3738510995509045e-09,0.7294916987419129,1.2398633718490601,-0.606054139137268,636.5723999023437,-471.0113983154297,148.4686065673828,-4.36169662475586,2.0834860801696777,-29.11634292602539,4861.872119140625,-9787.72890625,-1271.3573364257813,0.0,0.0,0.0,0.0,0.0,0.0
550,5.5,917.1851,882.02625,917.27,459.531,802.19965,37.80185,0.0017794507322832942,-0.0004588780895574018,0.0065292736515402796,0.7020151853561402,0.5532814145088196,-0.24119044542312623,1.3602404684391612e-12,3.48626433277488e-11,7.835464360672617e-11,-3.879725607447426e-09,-1.8170609017431616e-09,1.2889671552329673e-09,0.7284675419330597,1.2446396470069885,-0.6060460150241852,637.080224609375,-472.08603820800784,147.2016342163086,-4.303197288513184,2.1191362619400023,-29.083087921142578,4884.777294921875,-9776.45791015625,-1265.1264770507812,0.0,0.0,0.0,0.0,0.0,0.0
551,5.51,927.02576,881.60516,920.505,459.471,802.06305,38.142727,0.0007974420092068613,-0.00032415374298579993,0.0035465460270643233,0.3490041971206665,0.3385541498661041,-0.1022187415510416,6.445180570887124e-13,2.408865364122992e-11,5.316487632078815e-11,-2.8790898998209967e-09,-1.0626509172606547e-09,1.041048408589873e-09,0.7238542139530182,1.2521292686462402,-0.5976815462112427,638.7359680175781,-470.8127044677734,145.27138061523436,-4.241972780227661,2.1450480699539183,-29.03650016784668,4906.843798828125,-9762.844140625,-1257.9275390625,0.0,0.0,0.0,0.0,0.0,0.0
552,5.52,938.4147,880.7095,924.133,459.04,802.05676,38.46178,0.00016584260356466984,-0.00020347414683783427,0.0014499703305773438,0.11207941584289074,0.17443158924579621,-0.01452114973217249,1.7415361128436624e-13,1.4728462720270395e-11,3.178049299418228e-11,-1.90805437005892e-09,-5.061255831106947e-10,7.485336850354684e-10,0.7156479954719543,1.2627373456954956,-0.5908884167671203,639.2848327636718,-468.83092346191404,143.1125030517578,-4.182140731811524,2.1575188875198363,-28.971193695068358,4928.235205078125,-9744.04580078125,-1251.9603393554687,0.0,0.0,0.0,0.0,0.0,0.0
553,5.53,949.2369,879.86475,928.082,458.528,801.788,38.9563,-0.00018539130833232774,-0.0001091430924134329,0.00014153356769384118,-0.0275770798092708,0.062351337634027004,0.032899835146963596,-9.544260218578242e-14,7.57885538181513e-12,1.5742476246194402e-11,-1.1061160154479665e-09,-1.3959661707835248e-10,4.794255270557102e-10,0.7046689391136169,1.2743788480758667,-0.5896766245365143,637.0153930664062,-467.7406768798828,140.96744537353516,-4.143405628204346,2.164458417892456,-28.900059509277344,4948.538916015625,-9723.64384765625,-1244.285009765625,0.0,0.0,0.0,0.0,0.0,0.0
554,5.54,960.1285,878.82983,932.676,458.008,802.3703,39.32684,-0.00033672288700472566,-4.3315682160027794e-05,-0.0005540780344745144,-0.09505989775061607,-0.005193452793173492,0.052084486931562424,-2.1902500294121093e-13,2.6994905551365466e-12,4.996480898293576e-12,-5.182503010070505e-10,7.110092429098505e-11,2.650021591055207e-10,0.6937870264053345,1.2832038044929504,-0.5854730904102325,632.7201293945312,-467.59486999511716,139.2975112915039,-4.143024730682373,2.1693766117095947,-28.845272064208984,4964.510791015625,-9709.60341796875,-1231.5764038085938,0.0,0.0,0.0,0.0,0.0,0.0
555,5.55,971.3411,877.5134,937.757,457.343,802.4843,39.943027,-0.0003612260625232011,-2.584101002867101e-06,-0.0008241692034061998,-0.11471655145287514,-0.03912198841571808,0.0537017285823822,-2.47901452512557e-13,-2.3867378647730254e-13,-1.3240123000789542e-12,-1.3367555890334004e-10,1.6823735321525036e-10,1.1269079419617967e-10,0.6861867308616638,1.2857263088226318,-0.5729090094566345,628.9777526855469,-467.2966552734375,138.1418899536133,-4.172894763946533,2.1817110538482667,-28.80553913116455,4971.4349609375,-9700.4701171875,-1220.9179809570312,0.0,0.0,0.0,0.0,0.0,0.0
556,5.56,982.5562,876.06433,943.82,456.356,802.2118,40.687733,-0.0003165939066093415,1.8781576000037602e-05,-0.0008325341739691793,-0.1066521279513836,-0.05037889331579208,0.04602436050772667,-2.2347643890583898e-13,-1.7125259543782079e-12,-4.366076922744655e-12,8.536820226417996e-11,1.915551453568476e-10,1.6470634968748787e-11,0.6828338861465454,1.2823606729507446,-0.5584485232830048,627.2082397460938,-466.63556518554685,137.24583892822267,-4.2206807136535645,2.202798318862915,-28.770967864990233,4970.36298828125,-9691.78779296875,-1212.7270263671876,0.0,0.0,0.0,0.0,0.0,0.0
557,5.57,993.59265,874.5104,949.949,455.36,802.2685,41.55535,-0.00024346423742827028,2.6798037652042694e-05,-0.0007049167586956173,-0.0856032095849514,-0.048187614604830745,0.03478149250149727,-1.7549840161841524e-13,-2.1994536617345182e-12,-5.239367923889904e-12,1.845379710152528e-10,1.7319872203103158e-10,-3.564407935474634e-11,0.6828025102615356,1.2763317108154297,-0.5521623849868774,627.2777709960938,-466.0521240234375,136.11551818847656,-4.27139105796814,2.223888373374939,-28.7497220993042,4962.81337890625,-9687.73681640625,-1206.699169921875,0.0,0.0,0.0,0.0,0.0,0.0
558,5.58,1004.6631,872.8879,956.664,454.099,802.63007,42.295803,-0.00016726067260606215,2.667612352524884e-05,-0.0005275589501252398,-0.061209176853299144,-0.03942452892661095,0.0234857065603137,-1.2300491910297897e-13,-2.1014560534424187e-12,-4.8584556516795274e-12,2.063189591394732e-10,1.363098189877121e-10,-5.68087878821677e-11,0.6863050580024719,1.2698243260383606,-0.558201688528061,628.4182556152343,-465.95526428222655,134.7587417602539,-4.314062166213989,2.232050156593323,-28.748822021484376,4944.579931640625,-9690.5421875,-1207.8557006835938,0.0,0.0,0.0,0.0,0.0,0.0
559,5.59,1015.8167,871.11505,963.468,452.924,802.7736,43.450294,-0.0001015506117255427,2.238637134723831e-05,-0.0003527135995682329,-0.03895952124148607,-0.02866885643452406,0.013952594436705112,-7.650623095657207e-14,-1.7180456276383316e-12,-3.892620102120825e-12,1.8483241187583488e-10,9.573135825724499e-11,-5.869616008513656e-11,0.6922770798206329,1.2644689917564391,-0.5742779076099396,630.4764221191406,-466.2105194091797,133.42728424072266,-4.346283388137818,2.2231131315231325,-28.76844253540039,4915.151123046875,-9698.5828125,-1217.2644409179688,0.0,0.0,0.0,0.0,0.0,0.0
560,5.6,1026.9833,868.9092,971.025,451.437,803.06384,44.826305,-5.165165384823922e-05,1.6632029200991383e-05,-0.00020686643256340176,-0.021338754706084727,-0.018592322058975697,0.006836962420493364,-4.045990193541575e-14,-1.248545787157357e-12,-2.7788880354803757e-12,1.4448963275848216e-10,5.968459164396034e-11,-5.0366369408472166e-11,0.6976367890834808,1.2605769753456115,-0.5890548467636109,633.8623962402344,-467.4235107421875,132.43177490234376,-4.363492202758789,2.2074909687042235,-28.811085510253907,4881.939599609375,-9711.25244140625,-1234.1956176757812,0.0,0.0,0.0,0.0,0.0,0.0
561,5.61,1038.747,866.8827,978.524,450.254,803.3444,46.34512,-1.7794291397876805e-05,1.1035979878215584e-05,-9.90492400887888e-05,-0.008891670405864716,-0.010461903316900134,0.002092636050656438,-1.5503066156676536e-14,-8.091490802039636e-13,-1.7655428768276194e-12,1.0083801849081198e-10,3.168123992314253e-11,-3.809980837765625e-11,0.6996203243732453,1.2575767517089844,-0.5933778643608093,638.3155639648437,-470.63388977050784,132.10869140625,-4.368612480163574,2.194961404800415,-28.869021224975587,4848.7037109375,-9727.79765625,-1256.2899047851563,0.0,0.0,0.0,0.0,0.0,0.0
562,5.62,1050.1058,864.8863,986.412,448.976,803.6389,48.291348,2.4447990256248884e-06,6.408106810340542e-06,-2.788272304314887e-05,-0.0010787538762087935,-0.004621075070463121,-0.000679891048821446,-2.0631676481151545e-16,-4.548659219465526e-13,-9.644183021628728e-13,6.240094586884571e-11,1.2253520680766128e-11,-2.5751526952499936e-11,0.6990667164325715,1.2573258757591248,-0.5850933015346527,642.9921997070312,-475.89873046875,132.54033966064452,-4.366368913650513,2.185122847557068,-28.933139991760253,4815.085107421875,-9747.63564453125,-1289.9222412109375,0.0,0.0,0.0,0.0,0.0,0.0
563,5.63,1062.0103,862.7426,994.532,447.743,803.88086,50.495777,1.2470319597923663e-05,3.011676096775773e-06,1.3150338543255202e-05,0.0031118915532715617,-0.0008837531662720721,-0.0019986094674095513,7.69648152718419e-15,-2.0051205365675083e-13,-3.9942429517960537e-13,3.273736160630536e-11,3.163903790652164e-13,-1.53178741392479e-11,0.6969194889068604,1.2632465600967406,-0.569288820028305,646.9591857910157,-482.4283813476562,133.5567611694336,-4.357133102416992,2.165928339958191,-28.99558048248291,4785.401953125,-9767.2599609375,-1335.2968383789062,0.0,0.0,0.0,0.0,0.0,0.0
564,5.64,1074.1659,861.02747,1003.17004,446.791,804.3231,53.145485,1.5652389174647395e-05,7.870063328141441e-07,3.217788816982648e-05,0.004774856800213456,0.0011791185796028003,-0.0023603896144777535,1.054286984726897e-14,-3.787557425896995e-14,-4.544583155045319e-14,1.228811184750267e-11,-5.875341619471231e-12,-7.522579434371401e-12,0.6930194973945618,1.2743477940559387,-0.5589787542819977,649.9567321777344,-488.7635040283203,134.9919174194336,-4.345777463912964,2.1355285167694094,-29.047946739196778,4770.412255859375,-9780.991015625,-1378.9068969726563,0.0,0.0,0.0,0.0,0.0,0.0
565,5.65,1086.9344,859.2263,1012.61,445.583,804.71875,56.237144,1.4809313051955542e-05,-4.822827733619306e-07,3.686865020426922e-05,0.0048738333862274885,0.0020536163821816443,-0.002172502689063549,1.0336728201225343e-14,5.180179270020298e-14,1.4387564964825177e-13,-1.8007259434114388e-13,-8.12996727231341e-12,-2.3199290687288264e-12,0.6893325567245483,1.2860733032226563,-0.5627219080924988,652.5862548828125,-493.4822113037109,136.4563751220703,-4.328845548629761,2.095117115974426,-29.08555908203125,4778.74814453125,-9786.1193359375,-1409.8412841796876,0.0,0.0,0.0,0.0,0.0,0.0
566,5.66,1099.7972,857.3928,1022.3401,444.488,805.7264,59.63572,1.2028909804939757e-05,-1.058904791761961e-06,3.3439917024225e-05,0.004152461932972073,0.0021781307412311436,-0.001731586770620197,8.592738693025343e-15,8.973200126189719e-14,2.1848250883168065e-13,-6.566361343551819e-12,-8.001708930865937e-12,7.244199028621709e-13,0.6891486465930938,1.2935640811920166,-0.57941432595253,655.4407043457031,-495.76043395996095,137.50494842529298,-4.30208387374878,2.0480218648910524,-29.102166748046876,4803.879638671875,-9783.44931640625,-1421.1676635742188,0.0,0.0,0.0,0.0,0.0,0.0
567,5.67,1112.68,855.9507,1032.88,443.475,806.8294,63.57427,8.692336268723012e-06,-1.1877828569595295e-06,2.6377048925496638e-05,0.0031233314191922547,0.0018970520002767443,-0.0012303548748604954,6.3338816477928255e-15,9.502822045427163e-14,2.2224723146904711e-13,-8.811588351337329e-12,-6.667790885400704e-12,2.175933532747726e-12,0.6939329028129577,1.2930868864059448,-0.6005076706409455,658.1108947753906,-495.1747192382812,138.1502700805664,-4.270626211166382,1.99749356508255,-29.09331855773926,4834.331787109375,-9775.27001953125,-1417.95263671875,0.0,0.0,0.0,0.0,0.0,0.0
568,5.68,1126.0819,854.58234,1044.05,442.549,808.10675,67.97106,5.598320240096655e-06,-1.0658771202542995e-06,1.85635994967015e-05,0.002098933816887438,0.0014518365263938905,-0.000777514697983861,4.1680603086186455e-15,8.269518154014472e-14,1.8896745604922437e-13,-8.570486507986085e-12,-4.924935676289821e-12,2.5779377764434396e-12,0.7023046493530274,1.2839784979820252,-0.6194072425365448,659.6382202148437,-492.13844909667966,138.958642578125,-4.244594240188599,1.9530758500099181,-29.05817222595215,4866.467724609375,-9761.51025390625,-1411.3455322265625,0.0,0.0,0.0,0.0,0.0,0.0
569,5.69,1140.3429,853.33594,1056.02,441.54,809.941,72.83986,3.11936862544826e-06,-8.342611067746475e-07,1.160207757493481e-05,0.0012392945354804397,0.0009927210921887308,-0.00042132762609981,2.3932955946977015e-15,6.324623137222204e-14,1.4190188195491172e-13,-7.088384523443181e-12,-3.247852898083381e-12,2.376273917220617e-12,0.712050074338913,1.2687820076942444,-0.6336707890033721,659.9294311523438,-487.29790954589845,140.24814147949218,-4.230378293991089,1.9215212345123291,-29.008653259277345,4899.492529296875,-9743.5296875,-1409.0669677734375,0.0,0.0,0.0,0.0,0.0,0.0
570,5.7,1154.2322,852.24585,1068.55,440.504,811.84314,78.594376,1.3496727660822216e-06,-5.829009609215064e-07,6.181972912600031e-06,0.000600638915784657,0.0005992043443256989,-0.0001713086006930098,1.1009522278416346e-15,4.321800723013341e-14,9.52014746061821e-14,-5.202642830437476e-12,-1.8703554005052025e-12,1.8959807465343537e-12,0.7226331353187561,1.2518463730812073,-0.6382176995277404,659.3138549804687,-480.9167083740234,141.89554138183593,-4.230258512496948,1.9024861693382262,-28.964533233642577,4930.293896484375,-9725.649609375,-1417.4559692382813,0.0,0.0,0.0,0.0,0.0,0.0
571,5.71,1168.5707,851.24805,1081.24,440.019,814.8578,84.87517,2.253069922630857e-07,-3.6121241180353537e-07,2.4137754849107295e-06,0.0001768779104168061,0.0003017935581738129,-1.5529878419329178e-05,2.615936605612498e-16,2.606536965026095e-14,5.6088958483172315e-14,-3.4080407983541615e-12,-8.652678400167258e-13,1.3484400987300026e-12,0.733589893579483,1.2375311136245728,-0.6227888524532318,658.4602233886719,-474.2011444091797,143.34549255371093,-4.231552314758301,1.8967907309532166,-28.92165336608887,4948.0716796875,-9706.16689453125,-1427.30927734375,0.0,0.0,0.0,0.0,0.0,0.0
572,5.72,1183.0895,850.43115,1095.57,439.086,817.9563,92.098206,-3.888754491754298e-07,-1.8991792956057906e-07,9.257518200911363e-08,-6.917273017279513e-05,0.00010095566176460125,6.707836510031485e-05,-2.1170381593933072e-16,1.3110169027453046e-14,2.707804598898805e-14,-1.944697354538949e-12,-2.1104700916697383e-13,8.530627538996111e-13,0.744197142124176,1.2288409113883971,-0.5898281574249268,657.9933715820313,-469.30328063964845,144.0587951660156,-4.220632266998291,1.9053438782691956,-28.87848815917969,4951.580712890625,-9682.5119140625,-1418.7074462890625,0.0,0.0,0.0,0.0,0.0,0.0
573,5.73,1197.5299,849.9364,1111.42,438.209,822.2473,100.06425,-6.432492739349982e-07,-7.169383344773906e-08,-1.116340700946239e-06,-0.0001848037019954063,-1.83716448418636e-05,9.895086113829166e-05,-4.216671174766523e-16,4.367376393766707e-15,7.861352276378327e-15,-8.836624953902778e-13,1.5898849450239183e-13,4.630193852026704e-13,0.7525398790836334,1.2271581411361694,-0.5489081978797913,657.3086975097656,-467.7898834228516,143.67037811279297,-4.200902700424194,1.9272387623786926,-28.828784942626953,4950.01650390625,-9656.0197265625,-1393.5870971679688,0.0,0.0,0.0,0.0,0.0,0.0
574,5.74,1212.639,849.3035,1128.32,437.2,827.55206,108.98892,-6.721958300204278e-07,4.923240148890784e-10,-1.5614298490618238e-06,-0.00021501178707694635,-7.685386372031644e-05,9.966961952159181e-05,-4.62876003573469e-16,-8.2279222352706485e-16,-3.271235368652014e-15,-1.9774220357259312e-13,3.241771244890182e-13,1.8897507189185974e-13,0.755778694152832,1.2327043056488036,-0.5027428805828095,656.0489624023437,-469.98279724121096,142.32071075439453,-4.181706428527832,1.9520962953567504,-28.7697172164917,4945.303076171875,-9628.4935546875,-1359.2036987304687,0.0,0.0,0.0,0.0,0.0,0.0
575,5.75,1227.289,849.0067,1147.29,436.253,834.0717,119.27982,-5.805743285236531e-07,3.7553750331653646e-08,-1.5430061125698558e-06,-0.00019648350862553344,-9.476463019382208e-05,8.42460329295136e-05,-4.107316706646931e-16,-3.3627320873135947e-15,-8.480548120370327e-15,1.864942435100521e-13,3.577976538096314e-13,1.803607314446355e-14,0.7531879365444183,1.2443212151527405,-0.4552346020936966,654.057177734375,-474.4612518310547,140.8241180419922,-4.170660018920898,1.9659735560417175,-28.714514923095702,4936.84658203125,-9607.82197265625,-1323.5694458007813,0.0,0.0,0.0,0.0,0.0,0.0
576,5.76,1241.976,848.60175,1167.88,434.94,842.3702,130.18916,-4.414392378748744e-07,5.0671012630232325e-08,-1.2890265111309418e-06,-0.00015581654442939908,-8.896348153939471e-05,6.296126630331856e-05,-3.1882020496746776e-16,-4.1366696275824035e-15,-9.816909756616126e-15,3.546306938427904e-13,3.18399587294696e-13,-7.276918427372419e-14,0.7467597126960754,1.258368158340454,-0.4220242500305176,651.8761352539062,-479.2429504394531,139.76421203613282,-4.185745143890381,1.976348912715912,-28.687681579589842,4931.6994140625,-9603.4166015625,-1294.1650634765624,0.0,0.0,0.0,0.0,0.0,0.0
577,5.77,1255.7202,848.1541,1189.71,433.529,852.3049,141.89122,-2.9990558516601593e-07,4.9390587619768667e-08,-9.540994938106451e-07,-0.00011020330202882178,-7.188190429587848e-05,4.203368007438257e-05,-2.210127890933555e-16,-3.879371172579469e-15,-8.948900207829662e-15,3.8494230589561363e-13,2.476767123099806e-13,-1.0795725004599833e-13,0.7361782193183899,1.2715465426445007,-0.41313031017780305,649.9215698242188,-483.5904205322266,139.36975708007813,-4.233362483978271,1.9920748710632323,-28.682442092895506,4935.586328125,-9609.24267578125,-1267.1983154296875,0.0,0.0,0.0,0.0,0.0,0.0
578,5.78,1269.4459,847.44586,1212.93,432.046,864.43335,153.74878,-1.7956494531290445e-07,4.0905513642996993e-08,-6.305970373432501e-07,-6.927298090886325e-05,-5.170329350221436e-05,2.4605988801340573e-05,-1.356702293382098e-16,-3.13227737695857e-15,-7.084294393786775e-15,3.395405321921646e-13,1.7204393834048537e-13,-1.0895472620908036e-13,0.7203322768211364,1.282110583782196,-0.4199670523405075,648.580517578125,-486.9526763916016,139.7464111328125,-4.282047510147095,2.010678505897522,-28.673641967773438,4948.13046875,-9613.335546875,-1247.648291015625,0.0,0.0,0.0,0.0,0.0,0.0
579,5.79,1282.7119,846.8505,1237.46,430.452,878.7447,165.62674,-8.91968682026345e-08,3.005820392587566e-08,-3.6423380720407297e-07,-3.7237711512716484e-05,-3.312872831884306e-05,1.1740524041670141e-05,-7.026393929370925e-17,-2.251568856116986e-15,-5.002404892905489e-15,2.623788420688319e-13,1.0586959911171311e-13,-9.220324766819228e-14,0.7010880589485169,1.2884404182434082,-0.44009376466274264,648.4824951171875,-489.263720703125,140.8488510131836,-4.308437395095825,2.028869652748108,-28.683283042907714,4967.34677734375,-9620.9083984375,-1239.5291625976563,0.0,0.0,0.0,0.0,0.0,0.0
580,5.8,1295.3892,846.1374,1262.34,429.502,895.53656,176.63602,-2.856901728520711e-08,1.97143707580949e-08,-1.6947565271152598e-07,-1.4855125209578546e-05,-1.8322711639484623e-05,3.2609308789233184e-06,-2.5478872979831643e-17,-1.4416707755944677e-15,-3.138614771590808e-15,1.811036577322768e-13,5.504739967619656e-14,-6.897440450281782e-14,0.6809780657291412,1.2897255778312684,-0.4732536464929581,649.8810791015625,-491.1299163818359,142.099853515625,-4.319468879699707,2.044847869873047,-28.735858726501466,4986.152978515625,-9639.3509765625,-1236.8210327148438,0.0,0.0,0.0,0.0,0.0,0.0
581,5.81,1307.2103,845.64856,1287.39,428.283,914.39685,186.96751,7.15069747858621e-09,1.1268630206728857e-08,-4.2418837553626076e-08,-9.854871152015221e-07,-7.801716446920181e-06,-1.618498593103368e-06,1.6001477767400569e-18,-7.965387245240264e-16,-1.682366887199361e-15,1.1059075611654853e-13,2.0176949490396034e-14,-4.609377590443324e-14,0.6624814212322235,1.2864762663841247,-0.5131192088127137,652.1362426757812,-493.188818359375,142.9052719116211,-4.330348110198974,2.0556575059890747,-28.815467071533202,5000.26806640625,-9662.6421875,-1232.9648315429688,0.0,0.0,0.0,0.0,0.0,0.0
582,5.82,1318.2286,845.52686,1312.42,427.683,935.0379,196.24036,2.4395242803620933e-08,5.137739211846792e-09,2.967287446864475e-08,6.306534532996011e-06,-1.1524748749991432e-06,-3.87247907838173e-06,1.527862148389546e-17,-3.3840388728765095e-16,-6.665508143889832e-16,5.678828311457898e-14,-9.609184010730367e-16,-2.70179017369419e-14,0.6475685358047485,1.2801994919776916,-0.5511657536029816,653.6679931640625,-495.9021881103516,142.52606201171875,-4.346732234954834,2.065203094482422,-28.892039680480956,5005.47333984375,-9685.50830078125,-1219.7802368164062,0.0,0.0,0.0,0.0,0.0,0.0
583,5.83,1329.3771,845.36115,1337.22,427.861,956.15076,205.02776,2.9401874535039952e-08,1.1693120090250364e-09,6.206183655876885e-08,9.05892857190338e-06,2.4511467245247333e-06,-4.418518892634893e-06,1.9895122107382073e-17,-4.907308557518553e-17,-3.829835606849647e-17,2.0108637214936218e-14,-1.168398755161228e-14,-1.2922268490038426e-14,0.6395693361759186,1.2728552103042603,-0.5739137828350067,653.673486328125,-499.35357360839845,140.91342010498047,-4.3589558601379395,2.07626211643219,-28.94965934753418,4993.05732421875,-9705.37978515625,-1196.4849365234375,0.0,0.0,0.0,0.0,0.0,0.0
584,5.84,1340.3585,845.4075,1361.5,428.202,975.93256,212.72165,2.7318820272625998e-08,-1.0577112102838626e-09,6.889165149459586e-08,9.039569158630912e-06,3.91679102449416e-06,-3.9993071140997925e-06,1.911776159050638e-17,1.0756224202528104e-16,2.910032459329425e-16,-1.949226527026427e-15,-1.534954262083282e-14,-3.622503465593949e-15,0.6415160238742829,1.2645091533660888,-0.570431387424469,652.2431274414063,-502.3436798095703,138.94571075439453,-4.354996156692505,2.0904645204544066,-28.97441520690918,4958.590380859375,-9717.50625,-1161.2758056640625,0.0,0.0,0.0,0.0,0.0,0.0
585,5.85,1351.2745,845.9297,1384.85,430.205,996.63464,219.3518,2.191823078590005e-08,-2.0359020802551696e-09,6.148917037762658e-08,7.597221792821074e-06,4.050213829032146e-06,-3.1499046372118754e-06,1.5688463503944252e-17,1.7110635693589488e-16,4.1431576882001344e-16,-1.298902502008402e-14,-1.4803205607524144e-14,1.7361943195729566e-15,0.6548482239246368,1.256188976764679,-0.5445495307445526,650.6096984863282,-503.7193939208984,137.4190689086914,-4.343287658691406,2.103589081764221,-28.965013694763183,4913.877490234375,-9719.54052734375,-1116.3470703125,0.0,0.0,0.0,0.0,0.0,0.0
586,5.86,1363.3263,846.66077,1408.16,432.729,1018.48914,225.59264,1.566654805884582e-08,-2.2165730362289082e-09,4.793721792850647e-08,5.651305536957807e-06,3.477073073554493e-06,-2.213765696978953e-06,1.1438153421529148e-17,1.766864432327947e-16,4.1210810185095927e-16,-1.6610743000262246e-14,-1.2176441241607732e-14,4.218106445625866e-15,0.6767918109893799,1.2512582302093507,-0.5092038333415985,649.8877136230469,-503.63368835449216,136.52092590332032,-4.322155714035034,2.1075783014297484,-28.947005653381346,4876.6771484375,-9715.5970703125,-1076.2560424804688,0.0,0.0,0.0,0.0,0.0,0.0
587,5.87,1375.2834,848.2497,1431.29,435.407,1041.338,229.65651,9.96760691762688e-09,-1.9582951038543683e-09,3.3368797858202014e-08,3.754650083465094e-06,2.6312270392736537e-06,-1.3813392229167221e-06,7.438929423202117e-18,1.5156010685453542e-16,3.4567071793802155e-16,-1.5842005882300574e-14,-8.895536539229579e-15,4.82664847861389e-15,0.7005391418933868,1.250877559185028,-0.4813838541507721,650.2001708984375,-502.81638793945314,136.01862487792968,-4.284057378768921,2.112020492553711,-28.936515426635744,4856.271923828125,-9708.57783203125,-1047.1404296875,0.0,0.0,0.0,0.0,0.0,0.0
588,5.88,1387.8225,850.0531,1454.24,438.248,1065.4517,231.1506,5.45608815905041e-09,-1.5151060850371323e-09,2.0585882687385036e-08,2.1838777570337696e-06,1.7791059576666157e-06,-7.341763307522342e-07,4.202594458293196e-18,1.146169124290604e-16,2.5671492341765885e-16,-1.2936211584086473e-14,-5.797963563251851e-15,4.374922589117972e-15,0.7196793675422668,1.252535307407379,-0.4619310021400452,651.4772521972657,-501.5766906738281,136.0271438598633,-4.227175951004028,2.1114487409591676,-28.926704978942873,4851.476513671875,-9697.10771484375,-1028.894268798828,0.0,0.0,0.0,0.0,0.0,0.0
589,5.89,1399.4557,852.172,1476.53,441.91,1090.0337,230.28824,2.2703755431230375e-09,-1.0470077138613476e-09,1.0747148682099805e-08,1.0296713185198313e-06,1.0587812710127765e-06,-2.848784262710069e-07,1.871583351757061e-18,7.744791953392654e-17,1.7026922368621162e-16,-9.391356507564009e-15,-3.285546569984049e-15,3.4492732317763297e-15,0.7290660560131073,1.2526111245155334,-0.4475576341152191,653.2490112304688,-500.9858154296875,136.4269058227539,-4.174967813491821,2.0970840454101562,-28.914313507080077,4851.37890625,-9684.1068359375,-1023.45322265625,0.0,0.0,0.0,0.0,0.0,0.0
590,5.9,1411.1787,854.23413,1498.81,445.417,1115.5212,227.06519,2.715837523620257e-10,-6.40267250329174e-10,3.9822016573154425e-09,2.7267850306600393e-07,5.204059277730267e-07,-8.575685672695953e-09,3.7572294298559003e-19,4.605245673199971e-17,9.881290750997411e-17,-6.079415416855626e-15,-1.4723010539781357e-15,2.4264681577692584e-15,0.7268071413040161,1.2512120842933654,-0.4492074280977249,654.2081909179688,-502.03924255371095,136.79074401855468,-4.154841899871826,2.0790631771087646,-28.90743064880371,4852.988037109375,-9675.78525390625,-1044.1681518554688,0.0,0.0,0.0,0.0,0.0,0.0
591,5.91,1422.5814,856.5146,1520.44,449.495,1141.8564,222.52335,-7.998196910330435e-10,-3.2954613343738615e-10,-1.293410295533093e-10,-1.5999862705839974e-07,1.609522133350083e-07,1.349396548278037e-07,-4.534262647519078e-19,2.2602288210462957e-17,4.639133608535044e-17,-3.412109597688076e-15,-3.060978294912761e-16,1.5157481690515345e-15,0.7158653318881989,1.2507333755493164,-0.475677689909935,653.5941772460938,-503.8344421386719,137.06829681396485,-4.159796094894409,2.067252254486084,-28.90544376373291,4856.202685546875,-9672.42265625,-1096.3476440429688,0.0,0.0,0.0,0.0,0.0,0.0
592,5.92,1433.9418,858.5599,1541.39,453.282,1168.5007,216.61012,-1.224314427616946e-09,-1.174625736954926e-10,-2.224215367441218e-09,-3.5725603879654956e-07,-4.948910059532352e-08,1.8739545026846827e-07,-8.081709164020051e-19,6.955787868506736e-18,1.2069636149926292e-17,-1.499119366461804e-15,3.4241171764530223e-16,8.070055265351156e-16,0.7011294662952423,1.2514756679534913,-0.5199244558811188,651.5968200683594,-505.6681396484375,137.18317718505858,-4.181949853897095,2.0598074436187743,-28.899639701843263,4860.554052734375,-9672.4037109375,-1165.5302490234376,0.0,0.0,0.0,0.0,0.0,0.0
593,5.93,1444.7164,860.48016,1561.82,457.175,1195.724,209.53423,-1.2487133549399232e-09,1.0266228665789524e-11,-2.949575073074584e-09,-4.0213419367773894e-07,-1.4991825594279363e-07,1.8468952021066797e-07,-8.626247589636479e-19,-2.1964587299152492e-18,-7.501239832391667e-18,-2.7734841274784087e-16,6.218091947441631e-16,3.144848216751573e-16,0.6873616635799408,1.2535285472869873,-0.5668294966220856,648.19267578125,-507.5191375732422,137.06842041015625,-4.225539207458496,2.044903779029846,-28.88976917266846,4867.774560546875,-9680.32470703125,-1243.3064575195312,0.0,0.0,0.0,0.0,0.0,0.0
594,5.94,1455.2441,864.4712,1584.95,463.998,1223.6157,201.586,-1.0633986802233154e-09,7.435533855293386e-11,-2.855387415401367e-09,-3.6150267987977715e-07,-1.7783293628781394e-07,1.5403191611085276e-07,-7.539517656596589e-19,-6.55720166728423e-18,-1.638173656206056e-17,3.951949251545447e-16,6.670276357047722e-16,1.1252790269907955e-17,0.677386337518692,1.25556218624115,-0.6066778540611267,644.0139404296875,-508.88396606445315,136.94585418701172,-4.27977237701416,2.028375840187073,-28.87714557647705,4878.4681640625,-9695.09970703125,-1322.9869750976563,0.0,0.0,0.0,0.0,0.0,0.0
595,5.95,1467.5385,863.9432,1599.99,464.992,1252.521,192.68462,-7.995518136461044e-10,9.554673371936495e-11,-2.354471129173419e-09,-2.833152024095398e-07,-1.6401597378035148e-07,1.1385124025764526e-07,-5.7857083321536165e-19,-7.761746459341194e-18,-1.8354904362182822e-17,6.785937700143672e-16,5.845968721433103e-16,-1.46541747661964e-16,0.6723658561706543,1.2551934838294982,-0.6363627076148987,640.5204956054688,-509.74163208007815,136.8183380126953,-4.326096439361573,2.021939754486084,-28.855946731567382,4893.34453125,-9708.05751953125,-1392.145458984375,0.0,0.0,0.0,0.0,0.0,0.0
596,5.96,1477.0609,864.92267,1619.31,468.506,1282.6382,182.15298,-5.371089850658706e-10,9.130952521863023e-11,-1.723668874298312e-09,-1.9819473493498662e-07,-1.3091767385731147e-07,7.513790443169909e-08,-3.9665935894880707e-19,-7.151573413128034e-18,-1.646162028894695e-17,7.168729464941545e-16,4.495529799944587e-16,-2.0450567602138775e-16,0.6722741484642029,1.252081847190857,-0.6617882132530213,638.6801574707031,-509.9028717041016,136.2925552368164,-4.3501307487487795,2.027711868286133,-28.838346672058105,4912.651806640625,-9717.6771484375,-1438.0694213867187,0.0,0.0,0.0,0.0,0.0,0.0
597,5.97,1485.8926,865.4894,1637.78,472.791,1313.822,171.00615,-3.1697451330359173e-10,7.466083654095179e-11,-1.1259960686071934e-09,-1.2299524314585143e-07,-9.31438862039613e-08,4.33139209832234e-08,-2.4021317621462594e-19,-5.7044229580590134e-18,-1.2879069788552632e-17,6.229736321125773e-16,3.088385463708744e-16,-2.0192242405560914e-16,0.6740793228149414,1.2458463907241821,-0.6825594067573547,639.1313659667969,-508.58013916015625,135.32733154296875,-4.34627628326416,2.0373279571533205,-28.832285118103027,4933.615869140625,-9724.2138671875,-1447.9637451171875,0.0,0.0,0.0,0.0,0.0,0.0
598,5.98,1495.2285,865.9725,1655.15,476.039,1345.2373,159.0929,-1.5348942672410716e-10,5.4264606350051815e-11,-6.400738494782843e-10,-6.481595633545112e-08,-5.895012051837512e-08,2.007722184060867e-08,-1.216588041589961e-19,-4.055963087597095e-18,-8.995081189900007e-18,4.759481545223482e-16,1.8750390497264632e-16,-1.6859726270464838e-16,0.673230254650116,1.2380633354187012,-0.6851879358291626,641.146630859375,-504.5680786132813,134.0927978515625,-4.308214616775513,2.043703079223633,-28.82683048248291,4946.951025390625,-9721.58740234375,-1418.3052734375,0.0,0.0,0.0,0.0,0.0,0.0
599,5.99,1504.5698,866.5124,1671.65,479.672,1378.2075,147.55074,-4.505558738598925e-11,3.517221635468415e-11,-2.8864475254408715e-10,-2.4612423832337526e-08,-3.201650535800127e-08,4.940666520347747e-09,-4.138540702631674e-20,-2.5651410323823927e-18,-5.571450572663817e-18,3.2488672111015206e-16,9.536642243008048e-17,-1.247361357937327e-16,0.6681361734867096,1.2314885973930358,-0.6660348057746888,643.0116577148438,-497.77391357421874,132.92101440429687,-4.250914525985718,2.044960880279541,-28.821112823486327,4951.239013671875,-9710.0599609375,-1367.6398559570312,0.0,0.0,0.0,0.0,0.0,0.0
600,6.0,1514.0813,867.26965,1688.09,482.302,1411.662,135.44225,1.7872502154452074e-11,1.9775974694630216e-11,-6.209825128070112e-11,-2.7875393660004023e-11,-1.3086037986553833e-08,-3.6299049821497675e-09,6.472701157339995e-21,-1.3916546596186548e-18,-2.9271714753582203e-18,1.9568565164354878e-16,3.2850613044776945e-17,-8.240444532134839e-17,0.6612998187541962,1.2270826816558837,-0.6404420018196106,643.6388549804688,-490.0837097167969,132.28518829345703,-4.199501943588257,2.0540611743927,-28.819335174560546,4950.548291015625,-9696.28671875,-1317.7558715820312,0.0,0.0,0.0,0.0,0.0,0.0
601,6.01,1523.5358,867.5996,1703.99,485.038,1446.1066,123.84955,4.741667926355664e-11,8.721032446548649e-12,6.429878365854514e-11,1.2625176282199391e-08,-1.2728219742075274e-09,-7.46423869379953e-09,3.006982585480351e-20,-5.673835437178875e-19,-1.1028704343290592e-18,9.820447050907155e-17,-4.518897912397513e-18,-4.7567397988348937e-17,0.655351334810257,1.2232433319091798,-0.6250989496707916,642.7429931640625,-484.4780517578125,132.43628997802733,-4.164148569107056,2.075586724281311,-28.808233070373536,4948.47783203125,-9680.06416015625,-1279.2474853515625,0.0,0.0,0.0,0.0,0.0,0.0
602,6.02,1533.6339,867.9538,1719.31,487.156,1480.7408,112.808075,5.510349815329718e-11,1.6514049513711299e-12,1.1914084926956113e-10,1.7134560259535193e-08,5.006709935528875e-09,-8.254221928183369e-09,3.744565078189037e-20,-5.3393832336303044e-20,1.0481781336913934e-20,3.248964805178912e-17,-2.3029283640310384e-17,-2.2106495672761127e-17,0.650054794549942,1.2166983604431152,-0.624507611989975,641.3762451171875,-481.94256591796875,133.26015930175782,-4.139264106750488,2.099998950958252,-28.774138069152833,4946.659033203125,-9659.52607421875,-1250.7995239257812,0.0,0.0,0.0,0.0,0.0,0.0
603,6.03,1543.0314,867.6858,1734.27,488.896,1515.8984,102.18498,5.032677607985647e-11,-2.247562400949088e-12,1.2847809066629523e-10,1.67395203476417e-08,7.444149430213543e-09,-7.352722297682135e-09,3.530693944210015e-20,2.19512105091025e-19,5.816353564391116e-19,-6.4685467446569956e-18,-2.8903631168319836e-17,-5.504045059188246e-18,0.6447545170783997,1.2058263540267944,-0.6344301104545593,640.5719604492188,-481.7299346923828,134.2688995361328,-4.120165109634399,2.115806317329407,-28.729805374145506,4945.61005859375,-9640.77744140625,-1236.0694946289063,0.0,0.0,0.0,0.0,0.0,0.0
604,6.04,1552.451,867.30334,1747.99,490.692,1552.3137,92.43028,3.989452761199441e-11,-3.8974199518745925e-12,1.1292376131399884e-10,1.3883773508638342e-08,7.518620437352298e-09,-5.723812268598749e-09,2.8611938442872127e-20,3.2513762672410995e-19,7.833267793485222e-19,-2.5487364816000113e-17,-2.734596206286531e-17,3.909994216193346e-18,0.6395893216133117,1.1927368283271789,-0.6475156068801879,640.5870239257813,-483.59027099609375,135.04026947021484,-4.109923458099365,2.1177244901657106,-28.68911647796631,4943.23466796875,-9628.007421875,-1235.0733642578125,0.0,0.0,0.0,0.0,0.0,0.0
605,6.05,1562.4974,867.164,1761.53,491.4,1587.5219,83.06932,2.8205603998243677e-11,-4.128689144039521e-12,8.702753309663969e-11,1.0214519541307254e-08,6.36555457234067e-09,-3.978765517054228e-09,2.0633620037643496e-20,3.2796101387460364e-19,7.629721960889438e-19,-3.123379796126498e-17,-2.2211379692891013e-17,8.133905811635796e-18,0.6361520171165467,1.181049656867981,-0.6576840162277222,641.1349365234375,-486.75841369628904,135.6702880859375,-4.1152183532714846,2.116267728805542,-28.65534553527832,4940.181005859375,-9619.75439453125,-1236.2513061523437,0.0,0.0,0.0,0.0,0.0,0.0
606,6.06,1572.2062,866.1911,1774.95,492.158,1623.4603,74.92753,1.7722322134122726e-11,-3.59345493899238e-12,5.99138915563513e-11,6.708139776989697e-09,4.763639083193993e-09,-2.4504826279247994e-09,1.3259264163937481e-20,2.7744580213938975e-19,6.316013047379538e-19,-2.9241085620347376e-17,-1.6050105626981516e-17,9.01821114506046e-18,0.6354026079177857,1.1768142938613892,-0.6660003244876862,641.2367980957031,-490.1910125732422,136.52852325439454,-4.132917499542236,2.1195040941238403,-28.636329460144044,4937.4953125,-9616.6220703125,-1234.0244995117187,0.0,0.0,0.0,0.0,0.0,0.0
607,6.07,1582.056,865.42126,1787.27,492.303,1659.4506,67.49154,9.52049094941898e-12,-2.7486700849427282e-12,3.647025459407871e-11,3.8411700709062305e-09,3.184627384023031e-09,-1.275891209351343e-09,7.364164790455099e-21,2.0749263441570105e-19,4.63929734376742e-19,-2.3582378784074578e-17,-1.0336901484975761e-17,8.044180579334464e-18,0.6373541951179504,1.1832489490509033,-0.6677260577678681,639.8596618652343,-493.7069854736328,137.88187713623046,-4.161556434631348,2.1334503173828123,-28.641758537292482,4932.80458984375,-9621.97763671875,-1232.1578979492188,0.0,0.0,0.0,0.0,0.0,0.0
608,6.08,1591.925,864.09265,1799.61,491.921,1694.9446,61.322468,3.792095630561487e-12,-1.878485301337607e-12,1.8629633686401138e-11,1.7574659172403528e-09,1.8676055590916006e-09,-4.693951213829983e-10,3.164257880584621e-21,1.386233266185194e-19,3.0415041831699046e-19,-1.693420147691605e-17,-5.759527166207397e-18,6.268386882840879e-18,0.6411140143871308,1.1993690967559814,-0.6594886600971221,637.1886962890625,-497.64076843261716,139.46544952392577,-4.204940462112427,2.1497482538223265,-28.66620979309082,4927.507958984375,-9633.56953125,-1230.1080932617188,0.0,0.0,0.0,0.0,0.0,0.0
609,6.09,1601.9403,862.5925,1811.6,490.948,1731.4716,55.589935,2.439776479397403e-13,-1.1331195096803138e-12,6.498715736553973e-12,4.0692655113583333e-10,8.940682749702944e-10,1.992242829040869e-11,5.020255531259347e-22,8.122450652621643e-20,1.7374984601367693e-19,-1.083039561862755e-17,-2.4918499349780505e-18,4.3614772837598804e-18,0.6441387057304382,1.2191671848297119,-0.6454251408576965,634.2293090820312,-501.6680938720703,140.48460693359374,-4.261517190933228,2.1579391956329346,-28.690302467346193,4922.83857421875,-9644.79033203125,-1221.0625122070312,0.0,0.0,0.0,0.0,0.0,0.0
610,6.1,1612.1213,861.009,1822.55,489.59,1767.4606,51.116215,-1.6201724207035029e-12,-5.700811865757757e-13,-7.723537033457045e-13,-3.5240015627824304e-10,2.5151618461560776e-10,2.6851715018150203e-10,-9.472301012469953e-22,3.8822463346240336e-20,7.912742305075294e-20,-5.973860457626881e-18,-4.1579344303067714e-19,2.6892731317760816e-18,0.6441196918487548,1.23599271774292,-0.6335443258285522,631.5957580566406,-504.9073181152344,140.07989501953125,-4.320920705795288,2.1603006601333616,-28.706829833984376,4914.387548828125,-9656.721484375,-1201.6996704101562,0.0,0.0,0.0,0.0,0.0,0.0
611,6.11,1622.3555,859.5723,1832.48,487.418,1803.1433,47.673016,-2.3225406623958446e-12,-1.9006707557660264e-13,-4.3908996881156235e-12,-6.872297397819693e-10,-1.1892842552777006e-10,3.538694615112803e-10,-1.5427697541009285e-21,1.0855107435378917e-20,1.7906309773933963e-20,-2.528593959532146e-18,7.182133936900929e-19,1.402796937566109e-18,0.6411231219768524,1.2479570984840394,-0.6237639725208283,628.9157043457031,-507.0838958740234,138.1341812133789,-4.369456386566162,2.159744930267334,-28.718201446533204,4899.258740234375,-9671.51787109375,-1180.8363647460938,0.0,0.0,0.0,0.0,0.0,0.0
612,6.12,1632.9171,858.4056,1841.78,484.968,1838.2975,45.31845,-2.3158822299099156e-12,3.5565925581857513e-14,-5.5568542389056175e-12,-7.506014143565665e-10,-2.906753421294539e-10,3.4170960228063764e-10,-1.6047089010439928e-21,-5.254037617306278e-21,-1.6429051290513653e-20,-3.553462704493648e-19,1.1878483685274934e-18,5.186274737269355e-19,0.638680636882782,1.2573778986930848,-0.609504759311676,625.9759887695312,-507.968115234375,135.38644409179688,-4.401524877548217,2.1516595840454102,-28.726700401306154,4882.539111328125,-9686.97861328125,-1159.3336791992188,0.0,0.0,0.0,0.0,0.0,0.0
613,6.13,1643.2545,856.76685,1850.48,482.124,1872.644,44.035492,-1.9454878680269515e-12,1.4601736500149432e-13,-5.276208072876876e-12,-6.642675465240444e-10,-3.3297867796378e-10,2.8130701101858333e-10,-1.3822983914372926e-21,-1.2709576070487641e-20,-3.1491129750116315e-20,8.1908665284413575e-19,1.2412500631993629e-18,-1.8453902188338234e-20,0.6409247517585754,1.266946017742157,-0.5905868768692016,622.6702026367187,-508.2021057128906,132.24384460449218,-4.420276403427124,2.139564538002014,-28.74372272491455,4875.92158203125,-9702.334375,-1142.1215209960938,0.0,0.0,0.0,0.0,0.0,0.0
614,6.14,1653.8458,855.3556,1858.23,478.936,1905.8608,43.96132,-1.4466448872152426e-12,1.7970658462837172e-13,-4.295763050832235e-12,-5.145910780823826e-10,-3.0198063494246696e-10,2.056550055251627e-10,-1.0488338863726528e-21,-1.453149007958777e-20,-3.425049699860753e-20,1.293536563309146e-18,1.0720397740476193e-18,-2.9185558955550526e-19,0.6481527030467987,1.2767748832702637,-0.5684638440608978,619.5692810058594,-508.9207733154297,129.30624389648438,-4.415778589248657,2.133596134185791,-28.777058410644532,4883.572265625,-9715.71123046875,-1142.23701171875,0.0,0.0,0.0,0.0,0.0,0.0
615,6.15,1664.6691,853.76904,1866.07,475.579,1938.1932,44.93166,-9.607610226055468e-13,1.6856370222166281e-13,-3.1106332787356195e-12,-3.5604251213960937e-10,-2.381812302942876e-10,1.3414485633411743e-10,-7.110725405231633e-22,-1.3166234617800108e-20,-3.024293617775882e-20,1.3326684825158019e-18,8.151093125499787e-19,-3.862728113035573e-19,0.6578912556171417,1.2852253437042236,-0.5426197409629822,617.6588928222657,-510.6528259277344,127.27397766113282,-4.383374929428101,2.1347992181777955,-28.816500663757324,4896.51357421875,-9722.4494140625,-1159.9173950195313,0.0,0.0,0.0,0.0,0.0,0.0
616,6.16,1675.9175,852.46423,1873.88,472.253,1967.887,46.53177,-5.585363958447373e-13,1.361205852895564e-13,-2.0079870166785086e-12,-2.1805246913642052e-10,-1.676151786811353e-10,7.609697837140938e-11,-4.246212323041451e-22,-1.0377530649558752e-20,-2.3388849121249955e-20,1.1416305410202514e-18,5.537597523671079e-19,-3.7364226999799773e-19,0.6681457459926605,1.2917247414588928,-0.5223033666610718,617.8331604003906,-512.8458129882813,126.43689041137695,-4.3392688751220705,2.140162467956543,-28.850933074951172,4910.834375,-9721.248046875,-1187.8037963867187,0.0,0.0,0.0,0.0,0.0,0.0
617,6.17,1687.0378,850.7994,1881.77,468.8,1996.6156,48.61513,-2.6308952710612717e-13,9.78594463763808e-14,-1.1225003673960565e-12,-1.1250521972372418e-10,-1.0474941608551447e-10,3.417349649786905e-11,-2.0995903315320577e-22,-7.298359624279986e-21,-1.6156318775783052e-20,8.624426603216732e-19,3.315493052772828e-19,-3.0793754584435145e-19,0.6787057161331177,1.2968241810798644,-0.5213937938213349,619.3776184082031,-514.6151245117187,126.88430938720703,-4.308987474441528,2.141563558578491,-28.87910404205322,4928.141748046875,-9716.51953125,-1219.4630493164063,0.0,0.0,0.0,0.0,0.0,0.0
618,6.18,1698.7726,849.58704,1889.33,465.595,2023.7672,51.173653,-6.939502979888611e-14,6.26677214217745e-14,-4.89053220663338e-13,-4.0374378319774085e-11,-5.5806963911164684e-11,7.1890189249712924e-12,-6.624678881142842e-23,-4.5576618179802916e-21,-9.875128287357892e-21,5.821414513872657e-19,1.6468666844129895e-19,-2.25337810190735e-19,0.6916819512844086,1.300584626197815,-0.5372971773147583,620.7891662597656,-515.5837341308594,128.67367935180664,-4.29882287979126,2.1320329904556274,-28.900484466552733,4943.2568359375,-9710.9705078125,-1237.6099365234375,0.0,0.0,0.0,0.0,0.0,0.0
619,6.19,1710.0894,847.9631,1898.22,462.794,2046.952,53.002693,4.1256027948430176e-14,3.4631583930059496e-14,-8.565355981313095e-14,3.1342161233970796e-12,-2.1783276051012822e-11,-7.83352048592395e-12,1.8189777921336176e-23,-2.425390703279322e-21,-5.078698685300896e-21,3.456831801377327e-19,5.2740804342744757e-20,-1.4713420086577457e-19,0.7081448435783386,1.3033760786056519,-0.5544927716255188,621.2545166015625,-515.4898986816406,131.80987243652345,-4.289201641082764,2.110394597053528,-28.91404609680176,4950.5119140625,-9705.46064453125,-1238.7047119140625,0.0,0.0,0.0,0.0,0.0,0.0
620,6.2,1721.166,846.475,1908.98,460.755,2067.505,54.21742,9.164815851754951e-14,1.471949368016018e-14,1.3546610326000374e-13,2.502254497355194e-11,-8.265293370514002e-13,-1.4321267956252105e-11,5.874969016430205e-23,-9.44026250596612e-22,-1.806201091363639e-21,1.6925049142198336e-19,-1.3211984430555736e-20,-8.358431710451097e-20,0.7262295603752136,1.30408673286438,-0.5621678709983826,621.2367919921875,-514.0638122558594,135.90203704833985,-4.277783823013306,2.0884346961975098,-28.921077919006347,4951.921923828125,-9702.8220703125,-1236.09677734375,0.0,0.0,0.0,0.0,0.0,0.0
621,6.21,1731.6537,844.4978,1919.97,459.188,2085.9128,55.13629,1.030523485556073e-13,2.1424051054064015e-15,2.2776553456867537e-13,3.2318980824896926e-11,1.0086588205296398e-11,-1.538987253607571e-11,7.030825495917691e-23,-3.228329130490058e-23,1.6368934954366863e-22,5.165770778115846e-20,-4.505084756140065e-20,-3.7643651648024e-20,0.7418660283088684,1.3007931232452392,-0.5532238185405731,621.3011047363282,-511.20591125488284,140.17611541748047,-4.277747440338135,2.0764430284500124,-28.916165161132813,4951.237255859375,-9704.0568359375,-1237.82734375,0.0,0.0,0.0,0.0,0.0,0.0
622,6.22,1741.8778,842.83734,1932.74,458.774,2100.6145,54.88093,9.259034782372471e-14,-4.6679278238915294e-15,2.3916203490282476e-13,3.095178210954508e-11,1.4103041130753003e-11,-1.3501026945722528e-11,6.511422184089135e-23,4.419196998756131e-22,1.151250963110222e-21,-1.702876720581644e-20,-5.429315561907099e-20,-8.042480963575033e-21,0.7524896740913392,1.2942911863327027,-0.5239829182624817,621.8248168945313,-506.86590881347655,143.63245391845703,-4.288087844848633,2.073387598991394,-28.896296119689943,4950.579052734375,-9707.8052734375,-1247.5872802734375,0.0,0.0,0.0,0.0,0.0,0.0
623,6.23,1752.1172,841.2363,1946.91,459.045,2112.7266,53.727814,7.253607843494756e-14,-7.432144567202751e-15,2.0712849838067093e-13,2.5343829639090653e-11,1.393475716759962e-11,-1.0389887821621313e-11,5.2124089073206566e-23,6.158694844300476e-22,1.4769226028551738e-21,-4.966930323660479e-20,-5.0445128857815344e-20,8.46157191995083e-21,0.7599619328975677,1.2869940400123596,-0.47683122754096985,623.3233032226562,-501.155810546875,145.55237884521483,-4.300721311569214,2.0772558212280274,-28.864559936523438,4947.305810546875,-9711.24580078125,-1273.2159301757813,0.0,0.0,0.0,0.0,0.0,0.0
624,6.24,1762.5425,839.749,1962.12,459.917,2121.894,51.93368,5.07243749228118e-14,-7.676643253229841e-15,1.5782636292706667e-13,1.844264706230003e-11,1.1640111444166657e-11,-7.142867243861706e-12,3.718128259594098e-23,6.077767812844387e-22,1.4104499063685955e-21,-5.859224009094267e-20,-4.0471934996885665e-20,1.5612030459210824e-20,0.7662010908126831,1.2818873047828674,-0.4196318209171295,624.5905822753906,-495.3514068603516,145.6704849243164,-4.310570430755615,2.0889657497406007,-28.827873039245606,4941.472705078125,-9711.88212890625,-1317.8622436523438,0.0,0.0,0.0,0.0,0.0,0.0
625,6.25,1773.5963,838.4837,1977.51,460.719,2129.436,49.509842,3.146470697244731e-14,-6.586016124081177e-15,1.0745189867001834e-13,1.1969647321918853e-11,8.615065475239825e-12,-4.340450308198962e-12,2.360163123388528e-23,5.073064264586928e-22,1.1527538428466863e-21,-5.3898677708588423e-20,-2.8927699293636473e-20,1.6817068144930354e-20,0.7729229152202606,1.2806140065193177,-0.3640068382024765,624.318359375,-490.23485412597654,144.24541320800782,-4.317565488815307,2.1086835145950316,-28.785515594482423,4939.211865234375,-9705.35966796875,-1366.74140625,0.0,0.0,0.0,0.0,0.0,0.0
626,6.26,1785.3185,837.8573,1991.93,461.295,2134.9683,46.446743,1.6569883824952593e-14,-4.981291029684224e-15,6.45079306540574e-14,6.7426418615124105e-12,5.69357339053056e-12,-2.210843964497999e-12,1.2875112430082486e-23,3.752284725099817e-22,8.375081270886915e-22,-4.294322141053623e-20,-1.8404437757059843e-20,1.4772265311457695e-20,0.7801984965801239,1.2803377509117126,-0.3161457240581512,623.0128662109375,-486.1073974609375,141.43036651611328,-4.323627710342407,2.1339805126190186,-28.741935157775877,4940.792822265625,-9690.54921875,-1409.2832397460938,0.0,0.0,0.0,0.0,0.0,0.0
627,6.27,1797.438,836.98706,2006.2899,461.379,2138.5576,42.861633,6.280947636655237e-15,-3.3663452545808735e-15,3.21917053560869e-14,2.984950773967515e-12,3.288290733455268e-12,-7.648469910800231e-13,5.316212841919283e-24,2.4781728083703887e-22,5.426063792942324e-22,-3.050201997004422e-20,-1.0073950841107816e-20,1.1379450743132906e-20,0.7855827033519744,1.2782988905906678,-0.2812566488981247,620.86064453125,-483.29283447265624,137.88273162841796,-4.333483457565308,2.167233204841614,-28.710892105102538,4942.646484375,-9673.45625,-1445.9146362304687,0.0,0.0,0.0,0.0,0.0,0.0
628,6.28,1809.4921,836.1727,2019.4001,460.783,2140.1042,39.24398,-7.924025647043991e-18,-2.0020411343117215e-15,1.0464146838085215e-14,5.786489316135165e-13,1.5297303788269768e-12,1.0030729298928821e-13,5.848015222798403e-25,1.4299634991484565e-22,3.0490083113628684e-22,-1.9267812529732183e-20,-4.191662770674616e-21,7.830705399589447e-21,0.7867843270301819,1.273917281627655,-0.2771631062030792,617.832861328125,-482.4462036132812,134.36214904785157,-4.354917049407959,2.208297300338745,-28.692720794677733,4940.33115234375,-9658.72587890625,-1466.7014282226562,0.0,0.0,0.0,0.0,0.0,0.0
629,6.29,1822.2072,835.4234,2030.4999,459.57,2140.757,36.546795,-3.2422633134342962e-15,-9.828749509037463e-16,-2.3727006741525046e-15,-7.51073202655099e-13,3.825622422472773e-13,5.295306592300806e-13,-1.9421534704095463e-24,6.640765048732184e-23,1.342886728956318e-22,-1.0434738751528604e-20,-5.010534659042837e-22,4.764059900190716e-21,0.7829171180725097,1.2693496704101563,-0.310350701212883,614.8000793457031,-484.36192016601564,131.0909881591797,-4.394231081008911,2.253609371185303,-28.679890632629395,4936.475,-9649.1126953125,-1463.8776000976563,0.0,0.0,0.0,0.0,0.0,0.0
630,6.3,1834.2103,834.4245,2039.6299,458.073,2143.6133,35.960335,-4.392555273980965e-15,-3.0277496440325895e-16,-8.601226640783188e-15,-1.3161959694883707e-12,-2.682701445971131e-13,6.664560613448001e-13,-2.9345114097924603e-24,1.6480344294980572e-23,2.5230491327217186e-23,-4.23670247230038e-21,1.4771433475934713e-21,2.4313850162222037e-21,0.7746772348880768,1.2666616082191466,-0.37326622009277344,612.9723266601562,-488.61852111816404,128.15424270629882,-4.441149759292602,2.292005181312561,-28.67105007171631,4934.775244140625,-9647.93212890625,-1444.9109375,0.0,0.0,0.0,0.0,0.0,0.0
631,6.31,1846.0061,834.76807,2048.69,457.439,2150.7053,36.33513,-4.288342354084721e-15,9.511019020724754e-17,-1.0442846267626552e-14,-1.3983880351418898e-12,-5.606109868862286e-13,6.312986808656995e-13,-2.980080058590165e-24,-1.1818451292732147e-23,-3.487738592325043e-23,-3.765054912718618e-22,2.2608520495190134e-21,8.459638703337703e-22,0.7641555368900299,1.2642772912979126,-0.456219807267189,613.3981872558594,-493.1151611328125,126.07021636962891,-4.45349702835083,2.309854769706726,-28.662296295166016,4928.45146484375,-9649.34658203125,-1417.26005859375,0.0,0.0,0.0,0.0,0.0,0.0
632,6.32,1857.974,835.5766,2061.6,458.034,2157.894,36.407764,-3.5552060097203255e-15,2.847493237506782e-16,-9.735605435701437e-15,-1.2190905945320962e-12,-6.221860212370784e-13,5.131764371085757e-13,-2.531309336675485e-24,-2.4505328514345485e-23,-6.027602936191032e-23,1.669207824631675e-21,2.3058179390075977e-21,-1.0377703302180824e-22,0.7530908644199371,1.259816086292267,-0.5459635972976684,616.4542602539062,-495.7082946777344,125.36956481933593,-4.433423280715942,2.3109113693237306,-28.67507133483887,4917.797607421875,-9651.477734375,-1386.447509765625,0.0,0.0,0.0,0.0,0.0,0.0
633,6.33,1869.4642,836.8784,2071.23,458.653,2161.344,36.501297,-2.6146622768033977e-15,3.371971485644553e-16,-7.829054973626991e-15,-9.336690871396963e-13,-5.55276153833481e-13,3.710865165498789e-13,-1.8993143395084738e-24,-2.714961803655018e-23,-6.379233203963357e-23,2.4572192945273644e-21,1.963578786419423e-21,-5.759700509498017e-22,0.7436967670917511,1.2531646370887757,-0.6278325855731964,621.3246032714844,-495.8630096435547,126.15426177978516,-4.414561605453491,2.2987797260284424,-28.71319713592529,4914.92216796875,-9659.68037109375,-1359.887109375,0.0,0.0,0.0,0.0,0.0,0.0
634,6.34,1880.2776,838.2935,2080.32,459.373,2163.9324,37.126877,-1.7164444732113237e-15,3.107499370968468e-16,-5.6075724101591236e-15,-6.388742779164098e-13,-4.3286375189539176e-13,2.391805584969417e-13,-1.2731955475029314e-24,-2.4208035711476817e-23,-5.549308996290842e-23,2.4732831581790156e-21,1.4763549259260023e-21,-7.276444406951964e-22,0.7403044044971466,1.2461281061172484,-0.6885443747043609,627.6757080078125,-494.34515380859375,128.0524673461914,-4.405329704284668,2.273526668548584,-28.759091949462892,4914.074951171875,-9665.76318359375,-1338.4240234375,0.0,0.0,0.0,0.0,0.0,0.0
635,6.35,1889.8335,839.84906,2088.3,460.263,2165.6108,37.735798,-9.823323998312503e-16,2.4790236484115656e-16,-3.5760691088375566e-15,-3.8596944379725577e-13,-3.0129270389353537e-13,1.3341563639447663e-13,-7.493131879785997e-25,-1.885866467912838e-23,-4.242988059195196e-23,2.0896381027414675e-21,9.917412483957768e-22,-6.903795855438676e-22,0.744094294309616,1.2401939511299134,-0.7201403081417084,635.4472534179688,-491.7581420898438,130.58715057373047,-4.387006092071533,2.2373576402664184,-28.79715576171875,4901.70302734375,-9667.590234375,-1326.6708251953125,0.0,0.0,0.0,0.0,0.0,0.0
636,6.36,1899.1254,841.6548,2096.35,461.598,2166.6506,38.18213,-4.489774078719096e-16,1.7628562988913193e-16,-1.9642157133817782e-15,-1.9469138080136992e-13,-1.8585797912631584e-13,5.785939117413947e-14,-3.6104400034804475e-25,-1.3118144303332522e-23,-2.898559397469984e-23,1.5611359001003138e-21,5.852610956571363e-22,-5.61811282597727e-22,0.750339561700821,1.2365017533302307,-0.7258355021476746,643.2013671875,-488.6242218017578,133.12163391113282,-4.362378549575806,2.204284930229187,-28.846851921081544,4893.263525390625,-9672.1365234375,-1320.696875,0.0,0.0,0.0,0.0,0.0,0.0
637,6.37,1908.1183,843.5577,2105.15,463.43,2166.8716,39.3106,-1.0342500116331122e-16,1.1150540307177072e-16,-8.236803203669042e-16,-6.542945303394596e-14,-9.701678886251883e-14,9.81781292667196e-15,-1.0407125592439304e-25,-8.08600705758711e-24,-1.7475592009353015e-23,1.0418506422528566e-21,2.8339004575497545e-22,-4.066403659708698e-22,0.7531394779682159,1.236101007461548,-0.7091838240623474,648.4348388671875,-485.3524932861328,135.29854431152344,-4.35191240310669,2.174509382247925,-28.893040275573732,4902.076025390625,-9675.5640625,-1301.3390625,0.0,0.0,0.0,0.0,0.0,0.0
638,6.38,1916.8387,845.96533,2112.76,465.226,2167.406,39.663826,9.074854091127927e-17,6.050743131891897e-17,-1.0636203472020213e-16,1.1442985692877164e-14,-3.593539277724125e-14,-1.6455057582227254e-14,4.4630872678067933e-26,-4.215708945381204e-24,-8.784613873882199e-24,6.095918782832377e-22,8.317356752800602e-23,-2.6237050488527307e-22,0.7500248849391937,1.2373810052871703,-0.6680899024009704,649.3998352050781,-482.9300018310547,136.85397033691407,-4.349615240097046,2.1483638525009154,-28.92352752685547,4913.91162109375,-9673.3525390625,-1267.22060546875,0.0,0.0,0.0,0.0,0.0,0.0
639,6.39,1925.1775,848.65,2119.23,466.81,2167.3315,39.97649,1.76270142421087e-16,2.4681367223599774e-17,2.795487068906593e-16,4.9180269435351e-14,1.1849261901417871e-15,-2.7364901489278832e-14,1.1406533026448056e-25,-1.5564487118096837e-24,-2.9211598995285495e-24,2.906024773180212e-22,-3.301632535216305e-23,-1.4656980714287396e-22,0.7414749264717102,1.2385516047477723,-0.6065410315990448,646.0514831542969,-482.8368835449219,137.84539031982422,-4.333607864379883,2.1293598890304564,-28.963996505737306,4921.499169921875,-9674.63525390625,-1246.9270263671874,0.0,0.0,0.0,0.0,0.0,0.0
640,6.4,1932.913,850.7516,2125.63,467.867,2166.7766,40.02562,1.9233930637209978e-16,2.3380812415364148e-18,4.338014308993536e-16,6.080294620114217e-14,2.0095396141794854e-14,-2.864179400108909e-14,1.3171454241408386e-25,5.835892304614993e-26,5.58438876165915e-25,8.043582031329626e-23,-8.756380407977984e-23,-6.376582978420613e-23,0.7289093375205994,1.2388975381851197,-0.5354276120662689,640.7619689941406,-484.88396911621095,138.69983673095703,-4.2993358135223385,2.115144371986389,-29.00831756591797,4931.5873046875,-9679.08330078125,-1252.7946166992188,0.0,0.0,0.0,0.0,0.0,0.0
641,6.41,1940.4156,852.89,2130.42,468.558,2166.8389,40.102894,1.70129240903766e-16,-9.527920293464972e-18,4.444247037186023e-16,5.714808915804545e-14,2.664048028808456e-14,-2.476024773260437e-14,1.1992383782457867e-25,8.799224672391397e-25,2.2601873493249314e-24,-4.043957595907776e-23,-1.0175309440691067e-22,-1.105940527695559e-23,0.7146209180355072,1.2388699293136596,-0.4637617081403732,636.1700744628906,-487.46751708984374,139.49833221435546,-4.270825910568237,2.090325427055359,-29.0244197845459,4944.211474609375,-9675.39990234375,-1269.2934936523438,0.0,0.0,0.0,0.0,0.0,0.0
642,6.42,1947.5096,855.055,2134.0,468.944,2167.053,40.109818,1.3174403707480605e-16,-1.412315356573545e-17,3.794679704551565e-16,4.6212146048306596e-14,2.578651539259652e-14,-1.8839767121575992e-14,9.48547670171113e-26,1.1631828693446975e-24,2.777585637056515e-24,-9.622145090929585e-23,-9.292989217911518e-23,1.7810244791376408e-23,0.699352502822876,1.239396858215332,-0.39595002830028536,633.1239013671875,-489.31720581054685,139.78741455078125,-4.264102411270142,2.0456071138381957,-29.015504837036133,4954.588916015625,-9670.22294921875,-1283.9472045898438,0.0,0.0,0.0,0.0,0.0,0.0
643,6.43,1954.4628,857.2511,2137.25,469.159,2166.04,39.988743,9.111921857630164e-17,-1.424946172916658e-17,2.8591854420826634e-16,3.326300044052214e-14,2.1261092285871935e-14,-1.2808408373092723e-14,6.692641254299523e-26,1.1246041493952137e-24,2.603655790014827e-24,-1.0967396345252325e-22,-7.366497170686267e-23,2.9841381208031075e-23,0.6843153953552246,1.240202212333679,-0.3371394544839859,632.35263671875,-489.6433898925781,139.48809509277345,-4.271925926208496,1.9902356147766114,-29.006996726989748,4959.149169921875,-9669.99228515625,-1297.8276123046876,0.0,0.0,0.0,0.0,0.0,0.0
644,6.44,1961.4414,859.53937,2140.91,469.259,2166.467,39.96393,5.577943171194389e-17,-1.2056515018139186e-17,1.9248191098621495e-16,2.1329959452615498e-14,1.5563806635214257e-14,-7.675715667449303e-15,4.195242258576632e-26,9.265537807015066e-25,2.101601339927858e-24,-9.921658284810961e-23,-5.2080506085914916e-23,3.13027577100944e-23,0.672468388080597,1.2404138922691346,-0.2918135166168213,634.3960388183593,-488.8378448486328,139.0149719238281,-4.280178642272949,1.9316391706466676,-28.98462028503418,4958.225732421875,-9665.0474609375,-1308.5878295898438,0.0,0.0,0.0,0.0,0.0,0.0
645,6.45,1967.0277,861.1746,2143.51,469.76,2166.7598,40.36211,2.8758616315335815e-17,-9.017810789643985e-18,1.139090311131722e-16,1.181057704909591e-14,1.016638064287338e-14,-3.818695957930334e-15,2.245575304662021e-26,6.778385344079018e-25,1.510282486085132e-24,-7.811471392998349e-23,-3.272286274509055e-23,2.7094477921452683e-23,0.6674811244010925,1.2412939548492432,-0.26159044206142423,638.0317810058593,-487.82566833496094,138.92829437255858,-4.292311334609986,1.8835680603981018,-28.95476551055908,4953.278466796875,-9655.25029296875,-1305.76220703125,0.0,0.0,0.0,0.0,0.0,0.0
646,6.46,1972.991,863.1706,2145.82,470.051,2166.4165,40.330193,1.0299519580092296e-17,-6.025473384563861e-18,5.543392928886457e-17,5.041426832576724e-15,5.778492308673548e-15,-1.2291770838955933e-15,8.8665289474591e-27,4.424672253135178e-25,9.667363485485373e-25,-5.488004248763402e-23,-1.757826541161115e-23,2.0636017207967444e-23,0.6704467415809632,1.2445528149604796,-0.2498221755027771,641.0086730957031,-487.5606262207031,139.62152252197265,-4.3017748355865475,1.8538942098617555,-28.94820079803467,4938.523876953125,-9654.77763671875,-1291.7037475585937,0.0,0.0,0.0,0.0,0.0,0.0
647,6.47,1977.5392,864.8136,2148.08,470.574,2166.1687,40.593826,-8.296334202041582e-19,-3.531149228296573e-18,1.656485127134071e-17,7.598796692859413e-16,2.605300011049484e-15,2.978903437721251e-16,4.6997019569326245e-28,2.512576057078785e-25,5.338979446530052e-25,-3.4229771983058865e-23,-7.001036483083081e-24,1.4043241644657383e-23,0.6794612109661102,1.2496440172195435,-0.25577716827392577,642.5356872558593,-487.9176513671875,141.0034149169922,-4.289860200881958,1.8467921614646912,-28.969825553894044,4916.7177734375,-9667.01142578125,-1273.450146484375,0.0,0.0,0.0,0.0,0.0,0.0
648,6.48,1982.4891,866.4291,2149.74,470.986,2165.9585,40.811623,-6.424068891568259e-18,-1.6882947174133641e-18,-6.057929374615846e-18,-1.5633647561621897e-15,5.598785750276728e-16,1.036356468256573e-15,-3.92448998105822e-27,1.130675420137021e-25,2.2660456473438513e-25,-1.8181344209398458e-23,-4.497365606824995e-25,8.426034901160407e-24,0.6940206706523895,1.254401969909668,-0.2755592346191406,641.9429748535156,-487.9545196533203,142.3682403564453,-4.259706926345825,1.8479119062423706,-28.986229133605956,4904.67744140625,-9679.351953125,-1249.7312866210937,0.0,0.0,0.0,0.0,0.0,0.0
649,6.49,1987.3147,868.1903,2150.9,471.263,2165.5835,40.933456,-8.284438662409065e-18,-4.726319936608174e-19,-1.673732008341924e-17,-2.5109364432034726e-15,-5.811980637686908e-16,1.2520755264227158e-15,-5.563554778751916e-27,2.4053019174878577e-26,3.259640991477505e-26,-7.043536955997542e-24,2.992140578261159e-24,4.2008412247359366e-24,0.7129887223243714,1.2562443733215332,-0.3057625114917755,639.3646423339844,-486.99107666015624,142.8866928100586,-4.242830085754394,1.8562061309814453,-28.97796630859375,4904.609619140625,-9685.42236328125,-1221.0231811523438,0.0,0.0,0.0,0.0,0.0,0.0
650,6.5,1991.7212,869.7334,2152.18,471.558,2164.9226,41.054302,-7.928860021415996e-18,2.2771277513790414e-19,-1.9579665696564766e-17,-2.6005813916706554e-15,-1.076181511628835e-15,1.1646613768649812e-15,-5.525259818849313e-27,-2.5555911307706666e-26,-7.238501600350649e-26,-1.970870277799884e-25,4.288843667980088e-24,1.361344694223551e-24,0.732149338722229,1.2531798839569093,-0.33793601393699646,637.1198852539062,-485.2552490234375,142.37725677490235,-4.2589184761047365,1.8780933618545532,-28.961741828918456,4912.024365234375,-9692.36279296875,-1200.0471435546874,0.0,0.0,0.0,0.0,0.0,0.0
651,6.51,1996.0112,870.97833,2153.43,471.625,2164.502,41.04028,-6.489530352243511e-18,5.519541049778447e-19,-1.7939496574664408e-17,-2.2346219714797374e-15,-1.1603193483345018e-15,9.351380533508457e-16,-4.630039239856522e-27,-4.7029951686719814e-26,-1.1492752811679352e-25,3.356609009007626e-24,4.276392405781216e-24,-3.1527794126584984e-25,0.7464539289474488,1.2459965586662292,-0.370338374376297,636.6072143554687,-482.5693664550781,141.17821197509767,-4.29689130783081,1.9147307634353639,-28.943836212158203,4921.454052734375,-9700.159375,-1198.8003540039062,0.0,0.0,0.0,0.0,0.0,0.0
652,6.52,2000.2404,872.25214,2154.54,471.67,2164.3723,41.074306,-4.720688240258791e-18,6.313135647919985e-19,-1.4252992466893204e-17,-1.6922453560071552e-15,-1.0197466815565082e-15,6.688698900134029e-16,-3.43578866656596e-27,-5.0626002472858575e-26,-1.1860433977069943e-25,4.653090132989349e-24,3.5923605835709915e-24,-1.1279343059850816e-24,0.7539384245872498,1.236839735507965,-0.4047211676836014,637.1003356933594,-479.5841888427734,139.96207275390626,-4.338877725601196,1.9553853034973145,-28.91897201538086,4928.066259765625,-9703.33779296875,-1207.7696166992187,0.0,0.0,0.0,0.0,0.0,0.0
653,6.53,2004.0741,873.3104,2155.64,471.842,2164.1094,41.13233,-3.0625995531969334e-18,5.721073628160854e-19,-1.0097811959952515e-17,-1.1450463490317937e-15,-7.85836420883821e-16,4.258888382118641e-16,-2.2769264204466326e-27,-4.445409218477021e-26,-1.0170231325121335e-25,4.582806610081728e-24,2.6711934261620318e-24,-1.367312717864007e-24,0.7550300538539887,1.2295811891555786,-0.43950842022895814,637.9299133300781,-477.0673553466797,139.35480804443358,-4.378828144073486,1.9895001769065856,-28.893888092041017,4935.762109375,-9705.7271484375,-1211.1970458984374,0.0,0.0,0.0,0.0,0.0,0.0
654,6.54,2007.6721,874.3398,2156.72,472.02,2164.022,41.18254,-1.7242292940392883e-18,4.509914327694638e-19,-6.359918843036148e-18,-6.820740960457371e-16,-5.409690902362178e-16,2.333910030062408e-16,-1.31990152657294e-27,-3.423459483211435e-26,-7.689082155303776e-26,3.82046693239293e-24,1.77398702141988e-24,-1.2738110167811848e-24,0.750391811132431,1.2245358109474183,-0.4639378130435944,638.4744018554687,-475.0389801025391,139.55577697753907,-4.401334667205811,2.0148738384246827,-28.86569118499756,4947.090283203125,-9705.07236328125,-1202.7813720703125,0.0,0.0,0.0,0.0,0.0,0.0
655,6.55,2011.3558,875.3515,2157.78,472.028,2164.0186,41.1809,-7.624272882754852e-19,3.172149502706836e-19,-3.429014342932507e-18,-3.357973763265363e-16,-3.2926547645982887e-16,9.736925234794247e-17,-6.183686189325501e-28,-2.3551989443551908e-26,-5.194150845914909e-26,2.822865819142703e-24,1.0312773091927951e-24,-1.0238601727213515e-24,0.7409421265125274,1.2210684180259705,-0.4696565717458725,639.5092529296875,-473.95276794433596,140.44634399414062,-4.381013965606689,2.023268938064575,-28.822223663330078,4953.499658203125,-9695.06923828125,-1189.5843139648437,0.0,0.0,0.0,0.0,0.0,0.0
656,6.56,2014.9236,876.24756,2158.72,472.123,2163.932,41.263477,-1.4677247526858128e-19,1.9812253535444436e-19,-1.3777252689755067e-18,-1.044300630788449e-16,-1.6817042427368122e-16,1.1957825753616709e-17,-1.59448178997198e-28,-1.4323852897152517e-26,-3.087469202314383e-26,1.862300699873426e-24,4.857431608237626e-25,-7.330234272225348e-25,0.7276226878166199,1.2193953394889832,-0.4585531860589981,642.6296936035156,-473.4804382324219,141.5059783935547,-4.32816481590271,2.0206791877746584,-28.784175300598143,4951.697802734375,-9683.3130859375,-1184.54345703125,0.0,0.0,0.0,0.0,0.0,0.0
657,6.57,2018.3055,877.0781,2158.75,472.318,2162.172,41.51881,1.9323621339373626e-19,1.0545607950071717e-19,-1.0403598487237409e-19,3.115504230193896e-17,-5.863995015227495e-17,-3.388075540735548e-17,1.019299638810222e-28,-7.306300320183348e-27,-1.5143591620874307e-26,1.072999363748268e-24,1.280988355869327e-25,-4.672363533321902e-25,0.711564302444458,1.2166828274726869,-0.444754546880722,647.4529663085938,-473.5269439697266,142.3472152709961,-4.290034341812134,2.010934853553772,-28.76740665435791,4947.3390625,-9679.20673828125,-1191.2054443359375,0.0,0.0,0.0,0.0,0.0,0.0
658,6.58,2022.0092,877.87665,2159.96,472.11,2162.7227,41.43607,3.375493865124675e-19,4.106933178229614e-20,5.677564289832082e-19,9.597619350787498e-17,7.00490132446628e-18,-5.209583696382315e-17,2.2025623965820655e-28,-2.538065534203432e-27,-4.650400893452313e-27,4.968828554860438e-25,-7.620569150425165e-26,-2.5645312005056428e-25,0.6951140224933624,1.2101337552070617,-0.43984820544719694,652.01533203125,-474.3323455810547,143.27420349121093,-4.282513284683228,1.9963917493820191,-28.752666473388672,4943.823095703125,-9676.890234375,-1203.1554809570312,0.0,0.0,0.0,0.0,0.0,0.0
659,6.59,2025.0369,878.8165,2161.41,472.117,2163.2266,41.3325,3.5831065570514696e-19,1.4349152068184326e-21,8.234252952900982e-19,1.1411823700148767e-16,3.9668888877968735e-17,-5.32124437713693e-17,2.462333332113785e-28,3.173440112137509e-28,1.4851865888020613e-27,1.2173888747539147e-25,-1.69244056405506e-25,-1.0736924778937128e-25,0.6838854908943176,1.2007609128952026,-0.4469879478216171,654.6932250976563,-475.07958984375,144.49066619873048,-4.286626625061035,1.9794828772544861,-28.73266944885254,4942.890966796875,-9673.8064453125,-1220.474169921875,0.0,0.0,0.0,0.0,0.0,0.0
660,6.6,2028.4404,879.9505,2161.65,472.121,2163.1807,41.252983,3.1221527419301762e-19,-1.9184178834468747e-20,8.244879276941356e-19,1.0536936471470704e-16,5.0188534495310225e-17,-4.535502833207624e-17,2.205809418171805e-28,1.7361533047137377e-27,4.406578711382923e-27,-9.056134762924322e-26,-1.9029389630831188e-25,-1.3652855765262193e-26,0.6798441171646118,1.1915269017219543,-0.46007844507694245,655.207275390625,-475.0743713378906,146.10242156982423,-4.2897998809814455,1.9753894448280334,-28.731597900390625,4937.00068359375,-9677.1314453125,-1241.024169921875,0.0,0.0,0.0,0.0,0.0,0.0
661,6.61,2032.1686,880.91785,2162.05,472.085,2163.2942,41.18414,2.3902661664519157e-19,-2.6752731593622282e-20,6.943884853229432e-19,8.417155655790135e-17,4.764809442018716e-17,-3.412558730290913e-17,1.7243023885052675e-28,2.1910177537904137e-27,5.2113665565022316e-27,-1.854387088860901e-25,-1.7097047356620152e-25,3.6727184210690843e-26,0.6802312076091767,1.18525071144104,-0.47851241528987887,653.897607421875,-473.3184356689453,148.25080108642578,-4.299953889846802,1.9848758339881898,-28.750189590454102,4924.516162109375,-9685.842578125,-1251.7337524414063,0.0,0.0,0.0,0.0,0.0,0.0
662,6.62,2035.2864,881.95184,2162.52,472.091,2162.8684,41.16947,1.6349587086369497e-19,-2.640754944712133e-20,5.174219665515948e-19,5.992778648990591e-17,3.879086445101228e-17,-2.2940643296741445e-17,1.2033408904056965e-28,2.077860568057818e-27,4.799646799669368e-27,-2.0486853417317277e-25,-1.3393713213004562e-25,5.682778501290516e-26,0.6842114925384521,1.182893419265747,-0.501964995265007,650.7217834472656,-469.2736358642578,150.4329864501953,-4.318111848831177,1.9962191939353944,-28.76598777770996,4915.76357421875,-9694.055859375,-1248.922314453125,0.0,0.0,0.0,0.0,0.0,0.0
663,6.63,2037.9866,882.7059,2162.8,472.232,2162.98,41.24911,9.872853492205759e-20,-2.204548454200911e-20,3.443842222326889e-19,3.7958478556300574e-17,2.808716072490202e-17,-1.3550928794971169e-17,7.446304555265763e-29,1.6903894247827562e-27,3.827279514524449e-27,-1.824021687903358e-25,-9.366033176639837e-26,5.816466943787595e-26,0.6922513902187347,1.184613037109375,-0.5236031293869019,645.5626770019531,-463.91102600097656,151.61509857177734,-4.321167612075806,2.0069366455078126,-28.778758811950684,4908.612646484375,-9702.80654296875,-1252.5657348632812,0.0,0.0,0.0,0.0,0.0,0.0
664,6.64,2041.2753,883.4927,2163.32,472.357,2163.4854,41.408417,4.9761782675323075e-20,-1.6307953664423025e-20,2.0078689832464446e-19,2.064057529018139e-17,1.8129540162345606e-17,-6.5727202373202144e-18,3.9063391205011844e-29,1.2231827018057234e-27,2.720540597901419e-27,-1.4194036390437952e-25,-5.809693894988933e-26,4.9635869870646243e-26,0.7033802270889282,1.191769814491272,-0.5375107526779175,639.7449340820312,-458.3753234863281,151.17989501953124,-4.3032127857208256,2.009319019317627,-28.783427047729493,4895.3623046875,-9712.06123046875,-1268.1948852539062,0.0,0.0,0.0,0.0,0.0,0.0
665,6.65,2044.802,884.2419,2163.9,472.147,2163.0862,41.423336,1.6683498590062856e-20,-1.0771905970258314e-20,9.509059329557966e-20,8.459943889080155e-18,1.0133631362017899e-17,-1.940969107184751e-18,1.466055444347807e-29,7.889847569609105e-28,1.720039000720801e-27,-9.863145585718919e-26,-3.059385507569482e-26,3.738267647023018e-26,0.7138071775436401,1.204719877243042,-0.5448012948036194,635.4473510742188,-453.7054931640625,149.18199462890624,-4.288070154190064,1.9972310781478881,-28.76279773712158,4882.41826171875,-9715.66767578125,-1273.2400756835937,0.0,0.0,0.0,0.0,0.0,0.0
666,6.66,2049.973,885.6055,2163.41,471.945,2162.9841,41.44517,-2.978745778150669e-21,-6.216747787269738e-21,2.564253763722245e-20,8.525262032959464e-19,4.4140260208033585e-18,7.496059506530568e-19,-2.176630228307092e-31,4.405715307359204e-28,9.327327928177462e-28,-6.072035289772816e-26,-1.1595824591776111e-26,2.515490580730322e-26,0.7199972927570343,1.2213617086410522,-0.547061163187027,633.9203918457031,-451.7569305419922,145.9793930053711,-4.287130212783813,1.9735310435295106,-28.717595672607423,4877.206201171875,-9710.37568359375,-1264.7776123046874,0.0,0.0,0.0,0.0,0.0,0.0
667,6.67,2053.1257,886.31055,2164.48,472.074,2162.8342,41.536835,-1.2622873971360159e-20,-2.8880509447483887e-21,-1.4151409494043732e-20,-3.196543441542058e-18,7.71880900266867e-19,2.015113601657185e-18,-7.837945734695328e-30,1.915027676269235e-28,3.798690885244519e-28,-3.1593682501098405e-26,1.6015583231399754e-29,1.4877794953695797e-26,0.7229195475578308,1.2403369665145874,-0.5449340343475342,634.0679443359375,-453.7013427734375,142.38245544433593,-4.28458890914917,1.959747588634491,-28.67857666015625,4874.356396484375,-9703.2595703125,-1255.7867797851563,0.0,0.0,0.0,0.0,0.0,0.0
668,6.68,2054.2617,886.45667,2166.97,472.591,2162.7266,41.67738,-1.558454544465419e-20,-7.178191405708896e-22,-3.2382813325224863e-20,-4.7732550305191374e-18,-1.2242958281524732e-18,2.346901876828495e-18,-1.0516565212535553e-29,3.301303518971367e-29,3.523026587500304e-29,-1.1601895007405023e-26,5.9877150415419496e-27,7.232773900103482e-27,0.7272853851318359,1.2608652472496034,-0.5274309337139129,634.2252075195313,-459.4025909423828,139.42347717285156,-4.269719839096069,1.960796093940735,-28.662320709228517,4871.31826171875,-9698.97802734375,-1247.7177734375,0.0,0.0,0.0,0.0,0.0,0.0
669,6.69,2059.2986,887.48785,2167.12,472.323,2163.3252,42.51137,-1.4638826134471904e-20,5.124986313129444e-22,-3.6631490186049386e-20,-4.828108313428703e-18,-2.057320647509068e-18,2.1457213154955184e-18,-1.0228275467499211e-29,-5.376034542351228e-29,-1.4766728764548298e-28,5.221909756648813e-28,8.111329214694496e-27,2.1533603826255504e-27,0.7358818352222443,1.2798005580902099,-0.4773075520992279,633.6215393066407,-466.94484558105466,137.58985443115233,-4.248146343231201,1.9802965760231017,-28.65711555480957,4867.958056640625,-9695.02705078125,-1235.5685302734375,0.0,0.0,0.0,0.0,0.0,0.0
670,6.7,2062.4543,888.0502,2168.69,472.45,2162.6958,42.006615,-1.1832628023289262e-20,1.0642821911314518e-21,-3.301288616821188e-20,-4.091280721902904e-18,-2.1599104615305233e-18,1.702209735793369e-18,-8.459206272856325e-30,-8.98861194459322e-29,-2.1836824812631132e-28,6.677231434295013e-27,7.918618661491966e-27,-8.011897559915095e-28,0.7486287653446198,1.2913848638534546,-0.40039933323860166,632.6800598144531,-473.56871643066404,136.7606674194336,-4.2256989002227785,2.018105947971344,-28.649381637573242,4868.77373046875,-9690.25859375,-1229.6196655273438,0.0,0.0,0.0,0.0,0.0,0.0
671,6.71,2065.2437,888.26154,2171.1,472.696,2163.3953,42.657616,-8.513885540114036e-21,1.1795288876373323e-21,-2.591999659250293e-20,-3.0638931189183593e-18,-1.870438761263956e-18,1.2042974236947814e-18,-6.208605202545984e-30,-9.422954526776855e-29,-2.201415132151256e-28,8.785913988144522e-27,6.56470685877125e-27,-2.1943375755320512e-27,0.7642987966537476,1.2938161969184876,-0.3212307274341583,632.5302917480469,-477.48468322753905,136.89692230224608,-4.191795825958252,2.067977786064148,-28.64658679962158,4873.996875,-9685.77578125,-1239.3489013671874,0.0,0.0,0.0,0.0,0.0,0.0
672,6.72,2068.632,888.5596,2173.32,472.79,2163.2007,42.76091,-5.457320415857871e-21,1.051917769580925e-21,-1.816352447326933e-20,-2.0498105609903652e-18,-1.425122149388124e-18,7.572940871523772e-19,-4.066882293438184e-30,-8.153285271124881e-29,-1.8617080529805693e-28,8.478629092178419e-27,4.82789946010015e-27,-2.5633966744643753e-27,0.7781955897808075,1.2898642897605896,-0.2608937591314316,633.9894287109375,-478.6142852783203,137.78235931396483,-4.1568443298339846,2.11588830947876,-28.64137992858887,4877.071826171875,-9678.91279296875,-1256.0110717773437,0.0,0.0,0.0,0.0,0.0,0.0
673,6.73,2069.7388,888.21967,2176.89,473.21,2163.359,42.933308,-3.019979547763991e-21,8.195783410767511e-22,-1.1294712067049245e-20,-1.2032622898762327e-18,-9.70187758603652e-19,4.0731416643658664e-19,-2.320548551325512e-30,-6.208098434706204e-29,-1.3919290459327504e-28,6.977031203532257e-27,3.1693041727671127e-27,-2.3470867001696985e-27,0.7848870038986206,1.2820914030075072,-0.232357893884182,637.1245239257812,-477.87791442871094,138.97869110107422,-4.160774993896484,2.1539416551589965,-28.62455196380615,4877.778955078125,-9669.220703125,-1269.2889038085937,0.0,0.0,0.0,0.0,0.0,0.0
674,6.74,2073.7183,888.64935,2179.08,473.291,2163.7625,42.949448,-1.2874411315753474e-21,5.701725821530553e-22,-5.971010319907741e-21,-5.770514626963454e-19,-5.823928108959053e-19,1.627092253323313e-19,-1.0543601046579041e-30,-4.2235901875395254e-29,-9.296685684612656e-29,5.0989042655528704e-27,1.813765074799186e-27,-1.8638831838152857e-27,0.781499707698822,1.2707467198371887,-0.24412791728973388,641.43037109375,-476.64759521484376,140.03967742919923,-4.209712743759155,2.1850229024887087,-28.600662803649904,4882.067431640625,-9657.82392578125,-1276.73349609375,0.0,0.0,0.0,0.0,0.0,0.0
675,6.75,2079.4,889.4939,2180.23,473.13,2164.2747,43.00066,-1.9205376209830035e-22,3.5150646331077024e-22,-2.2858402246473155e-21,-1.6343086092989683e-19,-2.905896878556906e-19,1.1078654490339471e-20,-2.358409866375649e-31,-2.5333111630797124e-29,-5.445249139314085e-29,3.324658002098747e-27,8.289422229249317e-28,-1.3199312629312814e-27,0.77057865858078,1.2566269993782044,-0.29141605496406553,645.7946350097657,-475.86594848632814,140.96097869873046,-4.267791366577148,2.1977388858795166,-28.574377250671386,4887.776513671875,-9644.14912109375,-1276.4388916015625,0.0,0.0,0.0,0.0,0.0,0.0
676,6.76,2081.4214,889.3964,2183.97,473.609,2164.4126,43.089226,4.0195022438222577e-22,1.8330499079017862e-22,-2.762939061733112e-23,7.527181215803531e-20,-9.441228451377086e-20,-6.869005226544516e-20,2.2265399023042344e-31,-1.2622487228078888e-29,-2.600863351481354e-29,1.885000196764915e-27,1.9090350421799296e-28,-8.30917711861613e-28,0.7591286063194275,1.242356824874878,-0.3554141283035278,650.00869140625,-475.43662719726564,141.87393188476562,-4.316747426986694,2.1907249212265016,-28.548833274841307,4891.27744140625,-9629.5125,-1269.44423828125,0.0,0.0,0.0,0.0,0.0,0.0
677,6.77,2087.5156,890.1729,2185.48,473.506,2164.7542,43.184708,6.438705225659577e-22,6.772009793908848e-23,1.1385875468683097e-21,1.86155840094671e-19,2.1480388866693664e-20,-9.88462394920496e-20,4.232663423123071e-31,-4.0828049098494514e-30,-7.25314353938723e-30,8.456107806669139e-28,-1.6761449104781812e-28,-4.476575590394682e-28,0.7522930204868317,1.232208216190338,-0.42540783286094663,653.1975158691406,-474.8349334716797,142.13934173583985,-4.362985754013062,2.1781763792037965,-28.534228515625,4896.0869140625,-9619.02666015625,-1255.3702392578125,0.0,0.0,0.0,0.0,0.0,0.0
678,6.78,2091.1262,890.50226,2188.54,473.665,2164.5708,43.09127,6.663113610705727e-22,-2.478532431913278e-24,1.558183121787957e-21,2.1370739099182826e-19,7.770289686690159e-20,-9.869853863886002e-20,4.594107929087073e-31,9.57771942604722e-31,3.54578203424903e-30,1.7685660604912436e-28,-3.25510570475535e-28,-1.7953735608696556e-28,0.7500244081020355,1.228365135192871,-0.4936901479959488,654.4239624023437,-473.9563507080078,141.31539764404297,-4.408754062652588,2.170707893371582,-28.541211318969726,4900.7298828125,-9615.081640625,-1233.9465576171874,0.0,0.0,0.0,0.0,0.0,0.0
679,6.79,2094.4426,890.69446,2191.04,474.112,2165.5986,43.388,5.722751324926522e-22,-3.8202656150899176e-23,1.5271574975402984e-21,1.9401902933735776e-19,9.431651832458739e-20,-8.298304080971588e-20,4.052099285886198e-31,3.399359018414135e-30,8.539923275763447e-30,-1.9523849634746385e-28,-3.5516781161475848e-28,-1.314176838389927e-29,0.7517541706562042,1.2308436989784242,-0.5481031656265258,653.8834655761718,-473.2724975585937,139.45166015625,-4.4385974407196045,2.172423076629639,-28.566468048095704,4905.5171875,-9615.0625,-1220.2598022460938,0.0,0.0,0.0,0.0,0.0,0.0
680,6.8,2096.1553,890.2083,2194.85,474.299,2165.07,43.49249,4.332127378799238e-22,-5.052905870787091e-23,1.2692056562828353e-21,1.531457165804581e-19,8.791900136199541e-20,-6.174821523999377e-20,3.131153440717526e-31,4.1168906443086064e-30,9.756171808841737e-30,-3.5574270651798296e-28,-3.141473791735937e-28,7.455039369787289e-29,0.755640310049057,1.2380322337150573,-0.5828252017498017,652.3952575683594,-473.3025695800781,136.76668548583984,-4.437496852874756,2.1889132976531984,-28.58993606567383,4910.558203125,-9615.010546875,-1228.72802734375,0.0,0.0,0.0,0.0,0.0,0.0
681,6.81,2100.7744,890.67786,2197.27,474.448,2164.4556,43.794712,2.930200482160654e-22,-4.8864234031718004e-23,9.353756751162503e-22,1.0784952660313936e-19,7.069610257579263e-20,-4.1038542730491983e-20,2.1611768915750664e-31,3.8337058549469264e-30,8.835988962950252e-30,-3.8195133898018778e-28,-2.4326359497796957e-28,1.078545402704547e-28,0.7575577139854431,1.247473692893982,-0.5936862707138062,650.8310913085937,-474.2280334472656,134.1863250732422,-4.412442398071289,2.2089015007019044,-28.60048599243164,4913.802099609375,-9613.650390625,-1247.5515625,0.0,0.0,0.0,0.0,0.0,0.0
682,6.82,2101.023,889.9306,2201.1,474.856,2164.6597,44.005188,1.744603883437463e-22,-4.0264792515232817e-23,6.154045638913014e-22,6.74553023167462e-20,5.063267978324953e-20,-2.3880653554969904e-20,1.3196741519795983e-31,3.0805296292168775e-30,6.962431749366726e-30,-3.3491254879650787e-28,-1.6824732123396182e-28,1.0789902263178586e-28,0.7548668801784515,1.256935477256775,-0.5838405132293701,649.90869140625,-475.9617431640625,132.68477935791014,-4.389998483657837,2.2233221530914307,-28.60835494995117,4915.869287109375,-9614.9880859375,-1265.3609985351563,0.0,0.0,0.0,0.0,0.0,0.0
683,6.83,2104.0305,890.0846,2203.54,474.927,2164.951,44.155167,8.581746987727843e-23,-2.9460168119887547e-23,3.532655650692505e-22,3.5983872066788295e-20,3.2287025002497653e-20,-1.126893480887249e-20,6.77612872175575e-32,2.204891474069011e-30,4.895246918236659e-30,-2.576419499784706e-28,-1.0299177419834595e-28,9.082451617241961e-29,0.7478673100471497,1.26384117603302,-0.5586893439292908,649.566748046875,-478.17530822753906,132.47073211669922,-4.384053897857666,2.236697292327881,-28.621261978149413,4917.303466796875,-9623.934375,-1285.6984130859375,0.0,0.0,0.0,0.0,0.0,0.0
684,6.84,2106.9553,890.1802,2205.82,475.004,2164.81,44.41959,2.6612696190832235e-23,-1.923305932692372e-23,1.6241875100515178e-22,1.4090061147120693e-20,1.773215503448111e-20,-2.9946194266121435e-21,2.399026299501645e-32,1.4049985073457578e-30,3.0560021966745405e-30,-1.7706134443927487e-28,-5.309829993335515e-29,6.764794985144896e-29,0.7380045771598815,1.2661990165710448,-0.5189736157655715,649.6818298339844,-480.36749877929685,133.3695861816406,-4.38786301612854,2.2361828088760376,-28.642033195495607,4915.336474609375,-9638.38759765625,-1310.25380859375,0.0,0.0,0.0,0.0,0.0,0.0
685,6.85,2110.4163,890.64105,2207.66,475.027,2165.266,44.493073,-8.064859077224719e-24,-1.092364078674905e-23,3.8492518564433195e-23,5.931246908766749e-22,7.433952782812042e-21,1.736996419363164e-21,-2.3311568928299917e-33,7.708250038737465e-31,1.6254734660656466e-30,-1.0754632106253916e-28,-1.901452503268651e-29,4.5004402397254153e-29,0.7251748621463776,1.2643182158470154,-0.46887919008731843,649.479638671875,-482.3884307861328,135.09285583496094,-4.390795183181763,2.2117854833602903,-28.677639389038085,4910.753857421875,-9655.43076171875,-1334.331787109375,0.0,0.0,0.0,0.0,0.0,0.0
686,6.86,2114.1536,891.3049,2209.45,475.045,2165.2275,44.492138,-2.4628362101023013e-23,-4.917552477691936e-24,-3.1366368061389526e-23,-6.444970876461596e-21,9.576116773671268e-22,3.8961506994993605e-21,-1.5504014644478393e-32,3.2240282737156835e-31,6.319048957654611e-31,-5.473966710807499e-29,1.534408581686258e-30,2.622312433271995e-29,0.7111209452152252,1.2603011012077332,-0.4211591869592667,648.7492492675781,-484.1346832275391,137.16565856933593,-4.391800832748413,2.168519473075867,-28.72557125091553,4906.9896484375,-9672.78671875,-1349.9498413085937,0.0,0.0,0.0,0.0,0.0,0.0
687,6.87,2117.5647,891.9244,2211.2,475.14,2164.991,44.562706,-2.924766114047895e-23,-1.048226076337213e-24,-6.233820643146667e-23,-9.044785001431557e-21,-2.526176249057471e-21,4.389651782437647e-21,-1.9824663149728731e-32,4.0604624954634406e-32,2.0588570202427693e-32,-1.889698883837265e-29,1.1863599585628703e-29,1.2404998354148507e-29,0.7002576351165771,1.2550438523292542,-0.39060784578323365,648.6114990234375,-485.67311096191406,138.88140869140625,-4.381368398666382,2.1229284763336183,-28.767852210998534,4900.073486328125,-9684.52001953125,-1343.733251953125,0.0,0.0,0.0,0.0,0.0,0.0
688,6.88,2120.7651,892.52124,2212.62,475.319,2164.6733,44.684834,-2.698976215831093e-23,1.1086233164303946e-24,-6.839512337578685e-23,-8.949164457428204e-21,-3.918277498157405e-21,3.947983016060541e-21,-1.8906253086851125e-32,-1.108133252428007e-31,-2.971932131396528e-31,2.538267309633118e-30,1.5298045681013755e-29,3.329974495749505e-30,0.6953969955444336,1.2479769229888915,-0.3766081124544144,649.9311279296875,-487.0358032226562,140.11487426757813,-4.357731485366822,2.075948166847229,-28.797633171081543,4888.135400390625,-9689.94013671875,-1313.7486328125,0.0,0.0,0.0,0.0,0.0,0.0
689,6.89,2123.7405,892.8468,2214.02,475.325,2164.261,44.810017,-2.1551358075388712e-23,2.0426427041755898e-24,-6.067366953177199e-23,-7.481907124796383e-21,-4.0136270678087264e-21,3.0951598247132084e-21,-1.5437900434084332e-32,-1.7115796544794815e-31,-4.135980047202966e-31,1.3164399226836216e-29,1.4640964275288286e-29,-1.8667415850777465e-30,0.6972885608673096,1.238336157798767,-0.3657073587179184,652.0740661621094,-487.8548095703125,140.88666534423828,-4.340179443359375,2.033034610748291,-28.8176908493042,4872.491796875,-9695.53916015625,-1270.41328125,0.0,0.0,0.0,0.0,0.0,0.0
690,6.9,2126.3887,893.26373,2215.1,475.477,2164.1301,44.894485,-1.5338353483601346e-23,2.1995195280923663e-24,-4.7086829753603557e-23,-5.541447067145536e-21,-3.426695349032239e-21,2.1659353764402193e-21,-1.1207200756558915e-32,-1.7508375922941194e-31,-4.079500693970815e-31,1.654549849216287e-29,1.1982930204982937e-29,-4.244628662570655e-30,0.706198251247406,1.2266404986381532,-0.34455211758613585,652.81337890625,-487.4451904296875,140.97462768554686,-4.345721912384033,2.002709352970123,-28.823852729797363,4854.647265625,-9701.830859375,-1224.6506225585938,0.0,0.0,0.0,0.0,0.0,0.0
691,6.91,2131.2917,894.12274,2214.59,475.302,2163.7788,45.073486,-9.711316823250501e-24,1.9317019015800797e-24,-3.263520941224e-23,-3.665006547990067e-21,-2.581736694488822e-21,1.344645366233497e-21,-7.254662201093613e-33,-1.4936025530764177e-31,-3.4040156076295504e-31,1.566330175562216e-29,8.716601167550795e-30,-4.795447824010039e-30,0.7193494379520416,1.2166391015052795,-0.3141681343317032,650.7385375976562,-485.8534729003906,140.3232650756836,-4.362080192565918,1.9912736415863037,-28.8094181060791,4833.590771484375,-9703.19990234375,-1186.705908203125,0.0,0.0,0.0,0.0,0.0,0.0
692,6.92,2131.3394,893.82263,2216.83,475.705,2163.8596,45.132023,-5.2774034097373054e-24,1.487818616707503e-24,-2.002862996746018e-23,-2.1188394665820522e-21,-1.737914292474091e-21,7.090265811716409e-22,-4.071545291301864e-33,-1.1245840255040642e-31,-2.5170903557250884e-31,1.272745108713274e-29,5.6548805199979214e-30,-4.3189677528646794e-30,0.7310055315494537,1.209825050830841,-0.27791195809841157,645.7543212890625,-484.57142333984376,138.88238830566405,-4.370489120483398,2.007571315765381,-28.782383918762207,4805.87587890625,-9701.90546875,-1167.6457763671874,0.0,0.0,0.0,0.0,0.0,0.0
693,6.93,2135.5422,894.28644,2216.15,475.313,2164.0183,45.228775,-2.159932545298397e-24,1.023686968448849e-24,-1.036892081905969e-23,-9.875980448986505e-22,-1.0283863845173835e-21,2.6965325866485385e-22,-1.7886802617263322e-33,-7.565271287178163e-32,-1.6619200140082309e-31,9.200211279614682e-30,3.183582341343297e-30,-3.389448698257042e-30,0.7365765273571014,1.2060143232345581,-0.2358196809887886,639.3785034179688,-484.705517578125,136.71539154052735,-4.379330015182495,2.0429783344268797,-28.758190536499022,4775.81689453125,-9704.68359375,-1164.4539184570312,0.0,0.0,0.0,0.0,0.0,0.0
694,6.94,2137.3855,894.4043,2216.78,475.227,2164.0876,45.248566,-2.1375121859137737e-25,6.226826963264842e-25,-3.756014077651024e-24,-2.490875146062731e-22,-5.003821613667032e-22,8.691983420365386e-25,-3.3072738267445713e-34,-4.4728630630268053e-32,-9.585954598575718e-32,5.927621841388705e-30,1.407649096643585e-30,-2.3741325491241297e-30,0.7357866108417511,1.2042387962341308,-0.1933659866452217,633.6250183105469,-485.88983154296875,134.68407440185547,-4.392866897583008,2.076323986053467,-28.74039077758789,4752.36103515625,-9710.94189453125,-1165.624853515625,0.0,0.0,0.0,0.0,0.0,0.0
695,6.95,2139.0198,894.54913,2217.59,475.209,2163.907,45.294388,8.214203847357684e-25,3.1769922686305806e-25,2.4146339960111324e-25,1.703424306043975e-22,-1.4943726699288748e-22,-1.3755666109305318e-22,4.71788686984919e-34,-2.1730755157577903e-32,-4.4484178645427687e-32,3.304614775590966e-30,2.7088737872044007e-31,-1.4755584397256173e-30,0.7312478005886078,1.203371787071228,-0.1502986118197441,628.7123779296875,-487.079296875,133.81411895751953,-4.395848131179809,2.0901149034500124,-28.737314987182618,4738.444384765625,-9716.284375,-1170.2759521484375,0.0,0.0,0.0,0.0,0.0,0.0
696,6.96,2138.437,894.45087,2219.34,475.477,2163.9385,45.298317,1.2238512230583737e-24,1.1044489412375793e-25,2.2598851169906186e-24,3.5914516880127105e-22,5.480166746064937e-23,-1.8697926254862802e-22,8.09921058153253e-34,-6.455058360430257e-33,-1.1002949328534881e-32,1.431449471824006e-30,-3.568952769986365e-31,-7.794331678127276e-31,0.7239984095096588,1.2048393368721009,-0.11408872082829476,623.7000793457031,-486.9899017333984,134.53499450683594,-4.376941156387329,2.088755488395691,-28.7566858291626,4732.591064453125,-9721.5916015625,-1185.0696411132812,0.0,0.0,0.0,0.0,0.0,0.0
697,6.97,2140.2651,894.4532,2220.15,475.244,2163.3545,44.771843,1.2369717548492358e-24,-1.368729308748619e-26,2.9402582220439502e-24,3.993740911800547e-22,1.5119790639904419e-22,-1.8277871201913565e-22,8.555506218535302e-34,2.427067209160628e-33,7.96648449500718e-33,2.4089106391764703e-31,-6.233338045673161e-31,-2.9777309508236256e-31,0.715375292301178,1.2104509353637696,-0.10299554467201233,619.0390502929688,-484.7858551025391,136.71185455322265,-4.348030948638916,2.0789738655090333,-28.784890556335448,4741.57734375,-9723.43701171875,-1207.4200439453125,0.0,0.0,0.0,0.0,0.0,0.0
699,6.99,2142.8875,894.6369,2221.64,475.149,2163.218,44.808826,7.843250881362687e-25,-9.518133755924292e-26,2.317246526346563e-24,2.7834187112479906e-22,1.6200423299845072e-22,-1.116110385421086e-22,5.679812195349677e-34,7.71780491820248e-33,1.8226847180244996e-32,-6.796642132612628e-31,-5.765112220627637e-31,1.4943727604849634e-31,0.7030681192874908,1.2358942747116088,-0.19125002920627593,614.6358276367188,-477.0358001708984,142.06626739501954,-4.342450046539307,2.0533688068389893,-28.80141201019287,4819.99189453125,-9713.92841796875,-1228.0537841796875,0.0,0.0,0.0,0.0,0.0,0.0
701,7.01,2146.2778,895.2184,2223.05,475.38,2163.0027,45.45536,3.077512446487716e-25,-7.345934625695315e-26,1.0983159908174477e-24,1.1969821713702605e-22,9.117594641551148e-23,-4.2005499615125104e-23,2.3350976595809515e-34,5.607793513565635e-33,1.2652210027680637e-32,-6.141901089119872e-31,-3.0188679868877143e-31,1.9984367516698256e-31,0.7059253334999085,1.2594899773597716,-0.33536602556705475,615.4273010253906,-470.2185333251953,143.6495330810547,-4.334439992904663,2.03721821308136,-28.782006645202635,4943.8876953125,-9702.42802734375,-1215.0441040039063,0.0,0.0,0.0,0.0,0.0,0.0
702,7.02,2147.2097,895.33746,2224.02,475.521,2163.295,45.390484,1.4745405728131761e-25,-5.316252616532643e-26,6.203071649699276e-25,6.256680917101323e-23,5.742087921300622e-23,-1.9236680750681317e-23,1.1717921405479222e-34,3.9701697217648886e-33,8.798521363569874e-33,-4.671609165012493e-31,-1.8229299437784963e-31,1.66001869891555e-31,0.7119268894195556,1.2613394141197205,-0.3854985058307648,617.6565734863282,-466.9108093261719,142.79193267822265,-4.323978424072266,2.0314077854156496,-28.754213905334474,4997.493505859375,-9691.75126953125,-1206.4948608398438,0.0,0.0,0.0,0.0,0.0,0.0
704,7.04,2149.0107,895.5345,2226.21,475.67,2164.2563,45.628662,-1.943055390489925e-26,-1.9154691403385e-26,5.523206767898947e-26,-6.505148233287101e-25,1.2433780528453381e-23,3.830218071624651e-24,-7.72841561417221e-36,1.3454508505472263e-33,2.8251329438511852e-33,-1.9017642373175229e-31,-3.0799650213538886e-32,8.041755747619428e-32,0.7238558828830719,1.2497151136398315,-0.4209887027740479,623.6541931152344,-461.5502868652344,141.49828033447267,-4.315703105926514,2.038653087615967,-28.712866401672365,5047.90556640625,-9678.53671875,-1223.3280517578125,0.0,0.0,0.0,0.0,0.0,0.0
706,7.06,2151.2598,895.85815,2228.57,475.969,2165.5613,47.18965,-5.476769016636004e-26,-1.4399861101855082e-27,-1.194690619779091e-25,-1.7088592074267058e-23,-5.130141400027067e-24,8.193949261831217e-24,-3.727681652785189e-35,3.8685675851623283e-35,-4.108704787409402e-35,-3.035403220702246e-32,2.3310899479675347e-32,2.118442946435386e-32,0.7299934387207031,1.2288920879364014,-0.39189417064189913,629.5126647949219,-466.73308715820315,141.17825469970703,-4.321008205413818,2.0617483615875245,-28.67424201965332,5013.59658203125,-9672.27177734375,-1275.2717651367188,0.0,0.0,0.0,0.0,0.0,0.0
707,7.07,2152.302,896.0136,2229.82,476.109,2165.7969,47.485085,-4.969467667779135e-26,2.3327621821333803e-27,-1.2745832105345926e-25,-1.6562201127203362e-23,-7.437372173612014e-24,7.254756238307504e-24,-3.4896929778439726e-35,-2.2485727346592886e-34,-5.9160686060254585e-34,7.478816713756686e-33,2.8778305172290217e-32,4.991380859189146e-33,0.7314347386360168,1.2179920315742492,-0.37441175878047944,631.0333557128906,-473.0558135986328,141.2224609375,-4.326678371429443,2.073960471153259,-28.661915016174316,4978.5181640625,-9668.0662109375,-1309.0468627929688,0.0,0.0,0.0,0.0,0.0,0.0
708,7.08,2153.2976,896.1632,2230.8,476.233,2166.652,48.867393,-3.9210148561777266e-26,3.904180086829684e-27,-1.1137205189827673e-25,-1.366697329443996e-23,-7.445925397976873e-24,5.62197655151735e-24,-2.814281474510333e-35,-3.248186004688884e-34,-7.811022667147344e-34,2.5758566861140094e-32,2.703112707023436e-32,-4.1307878923288036e-33,0.7330317974090577,1.2091576337814331,-0.3556681215763092,630.1379516601562,-480.11639709472655,141.37425689697267,-4.313315439224243,2.076305651664734,-28.654836463928223,4938.426806640625,-9660.09140625,-1345.8729370117187,0.0,0.0,0.0,0.0,0.0,0.0
709,7.09,2154.3528,896.36554,2231.63,476.41,2167.0403,49.165237,-2.760277247330632e-26,4.0940212740452686e-27,-8.544801857211147e-26,-1.0011759153283264e-23,-6.2704645495918954e-24,3.8910756829302506e-24,-2.0208417574749644e-35,-3.2477833060382314e-34,-7.5482536242372395e-34,3.1081776278044326e-32,2.184893039646515e-32,-8.169547397223485e-33,0.7357468962669372,1.2062545657157897,-0.33440872728824617,626.8775085449219,-486.41953125,141.8561050415039,-4.29183783531189,2.075414252281189,-28.65336856842041,4897.613330078125,-9654.726171875,-1374.9173217773437,0.0,0.0,0.0,0.0,0.0,0.0
710,7.1,2155.2065,896.47626,2232.33,476.605,2167.4573,49.44154,-1.7256969399335237e-26,3.5429658205619346e-27,-5.857036026361091e-26,-6.544732474789425e-24,-4.6720941077404855e-24,2.3839657390261236e-24,-1.2924035992258694e-35,-2.732941047907929e-34,-6.216983955905433e-34,2.8895407331771954e-32,1.5720590662409768e-32,-8.952944880943048e-33,0.7397024452686309,1.2122257351875305,-0.31882413029670714,622.3626403808594,-490.77924194335935,143.1355712890625,-4.283020830154419,2.0732642889022825,-28.65743942260742,4865.4185546875,-9656.2900390625,-1385.565185546875,0.0,0.0,0.0,0.0,0.0,0.0
711,7.11,2156.2092,896.63385,2232.78,476.852,2167.9722,49.40105,-9.199608978728348e-27,2.6980414991050986e-27,-3.546102732884894e-26,-3.723902192883509e-24,-3.1094124629376114e-24,1.2308078028118264e-24,-7.12834708368733e-36,-2.0350025039966012e-34,-4.5469252673530005e-34,2.3191841885341012e-32,1.0076546152027523e-32,-7.937339435009685e-33,0.7432082951068878,1.2250374555587769,-0.31412470042705537,618.22626953125,-492.60743408203126,145.14314727783204,-4.2852390766143795,2.06792414188385,-28.660167694091797,4848.352880859375,-9661.86962890625,-1380.2168823242187,0.0,0.0,0.0,0.0,0.0,0.0
712,7.12,2157.2808,896.74554,2232.76,477.059,2169.3115,49.480392,-3.5963892490671906e-27,1.8358073622719975e-27,-1.795232386352872e-26,-1.682518826257014e-24,-1.8127106748391757e-24,4.424829470648398e-25,-3.016953586126487e-36,-1.3534553219319655e-34,-2.9671940901938975e-34,1.658246649997893e-32,5.5760090646743616e-33,-6.1570856769865735e-33,0.7457486152648926,1.2397329330444335,-0.3183899104595184,617.0121704101563,-492.12122497558596,147.15020141601562,-4.2944762229919435,2.059129786491394,-28.657345008850097,4846.821826171875,-9669.31552734375,-1364.0441284179688,0.0,0.0,0.0,0.0,0.0,0.0
713,7.13,2157.968,896.85046,2233.3,476.936,2169.1284,49.359154,-1.436846826922417e-28,1.101294794152734e-27,-6.099500425893757e-27,-3.65629146507565e-25,-8.583265667243834e-25,-3.322115585831021e-26,-4.236023943774951e-37,-7.883375434986973e-35,-1.684256180751969e-34,1.0554360067192209e-32,2.3769442964934026e-33,-4.2655178569309715e-33,0.748991334438324,1.2531596779823304,-0.3311763912439346,620.2709716796875,-489.4588958740234,148.48141784667968,-4.32346510887146,2.0491339445114134,-28.653149223327638,4858.508984375,-9680.4556640625,-1341.0884643554687,0.0,0.0,0.0,0.0,0.0,0.0
714,7.14,2158.8198,897.0361,2233.35,476.924,2169.467,49.19923,1.655483485284693e-27,5.488832837659072e-28,9.652322009982749e-28,3.698410332690186e-25,-2.3129219871663557e-25,-2.727045483296113e-25,9.777875046721191e-37,-3.7266923692521234e-35,-7.573078733311912e-35,5.7805115801284414e-33,3.5439601279874457e-34,-2.6164125342611645e-33,0.7521071910858155,1.2643789291381835,-0.3555962562561035,626.5045166015625,-484.7257080078125,149.0175750732422,-4.372711133956909,2.043117070198059,-28.653849411010743,4880.715380859375,-9694.0705078125,-1314.9453369140624,0.0,0.0,0.0,0.0,0.0,0.0
715,7.15,2159.6738,897.15436,2233.03,476.807,2169.7742,49.06527,2.3188235434207195e-27,1.7769555918849267e-28,4.447055865468313e-27,6.896329762259454e-25,1.2796397318998615e-25,-3.527055803424873e-25,1.5438584089229677e-36,-9.975766442758072e-36,-1.6039632156488128e-35,2.4084245678543012e-33,-7.423521757959369e-34,-1.3533657754355494e-33,0.75154909491539,1.2732706785202026,-0.3957489043474197,632.3416381835938,-478.64251098632815,148.41307983398437,-4.413788366317749,2.04150128364563,-28.66508197784424,4911.60517578125,-9706.109765625,-1292.14140625,0.0,0.0,0.0,0.0,0.0,0.0
716,7.16,2160.494,897.19135,2232.72,476.687,2169.6416,48.918262,2.2926742488601015e-27,-4.1435943250259537e-29,5.533769039566803e-27,7.44886997907779e-25,2.925227680507844e-25,-3.379769482007611e-25,1.5904634613885902e-36,5.6461393029277026e-36,1.7212784119218226e-35,2.9186899847763227e-34,-1.1889927728579707e-33,-4.890833749142449e-34,0.7454040944576263,1.2798831939697266,-0.4501903772354126,636.0762268066406,-472.1260498046875,146.73850708007814,-4.417909955978393,2.0507192611694336,-28.699116706848145,4946.7826171875,-9716.359765625,-1282.6748657226562,0.0,0.0,0.0,0.0,0.0,0.0
717,7.17,2161.478,897.1701,2232.4,476.489,2169.1658,48.734734,1.9159294953731067e-27,-1.4761224216025996e-28,5.216011514342105e-27,6.55282121785329e-25,3.308351019985268e-25,-2.768441994677524e-25,1.3624209921918622e-36,1.2788864186421523e-35,3.159350309273175e-35,-8.43337653399994e-34,-1.2303826636343927e-33,3.3084695593428594e-35,0.7363862931728363,1.2836495757102966,-0.5047828853130341,637.9461669921875,-465.9438995361328,144.36983642578124,-4.382498645782471,2.0743419885635377,-28.74926872253418,4975.51162109375,-9723.2279296875,-1285.9291015625,0.0,0.0,0.0,0.0,0.0,0.0
718,7.18,2162.4148,897.26636,2231.67,476.307,2169.0425,48.534866,1.4185029671200948e-27,-1.788492056696552e-28,4.226011377591349e-27,5.053465392077794e-25,2.981233550727302e-25,-2.0152370353787262e-25,1.0292085666048637e-36,1.4437273245075855e-35,3.3986094135093674e-35,-1.2937631057952729e-33,-1.0567143751928393e-33,2.9649520413495703e-34,0.7278330087661743,1.2832234621047973,-0.5462013065814972,639.0909790039062,-460.39166259765625,141.5705551147461,-4.329408836364746,2.1017328023910524,-28.78481674194336,4990.686083984375,-9722.40322265625,-1294.6661865234375,0.0,0.0,0.0,0.0,0.0,0.0
719,7.19,2163.4097,897.35504,2230.86,475.995,2169.122,48.127388,9.378071367387205e-28,-1.6658050590429245e-28,3.0470184065062117e-27,3.4812953135157795e-25,2.34053492300309e-25,-1.30838745339322e-25,6.9468669150216366e-37,1.2997679881078525e-35,2.9831723472802785e-35,-1.3204985952281232e-33,-7.999186894783848e-34,3.8503683884813697e-34,0.7225099384784699,1.278235709667206,-0.5693347990512848,639.9256652832031,-455.25193786621094,138.52072296142578,-4.27215542793274,2.1215407133102415,-28.79941577911377,4995.874609375,-9715.4306640625,-1307.7188720703125,0.0,0.0,0.0,0.0,0.0,0.0
720,7.2,2164.4062,897.3254,2230.01,475.822,2169.0,47.74778,5.418889706537235e-28,-1.338724111772273e-28,1.9576096430796593e-27,2.1207843935000503e-25,1.6400235302422437e-25,-7.373930313145477e-26,4.124985316905964e-37,1.0197437743694049e-35,2.2967264073029612e-35,-1.1250111847227897e-33,-5.410455470875924e-34,3.695791593073334e-34,0.7207801759243011,1.2703766703605652,-0.5773400247097016,639.9884887695313,-450.5637725830078,135.4238540649414,-4.214996337890625,2.1274605274200438,-28.81128845214844,4996.296044921875,-9707.5794921875,-1323.7822875976562,0.0,0.0,0.0,0.0,0.0,0.0
721,7.21,2165.3684,897.4037,2229.17,475.691,2168.5532,47.542767,2.5232464036536214e-28,-9.583118472070743e-29,1.0869163115593742e-27,1.084754119699803e-25,1.0197398893510288e-25,-3.2677375239265114e-26,2.0195063594990276e-37,7.140867633898289e-36,1.5796200246403003e-35,-8.46167577989427e-34,-3.221238806886741e-34,3.0306372651822033e-34,0.7206701397895813,1.262256634235382,-0.5855556428432465,638.7406921386719,-446.7392639160156,132.6025192260742,-4.174583768844604,2.1124453067779543,-28.82619285583496,4996.0314453125,-9700.18974609375,-1336.7408569335937,0.0,0.0,0.0,0.0,0.0,0.0
722,7.22,2166.2751,897.479,2228.09,475.643,2167.5488,47.31513,6.33624582216731e-29,-6.107399592653182e-29,4.667188054775095e-28,3.7983404064391694e-26,5.390216060931769e-26,-6.373236067599935e-27,6.162416996677534e-38,4.436753656398857e-36,9.603697225961376e-36,-5.686223369089711e-34,-1.5844680979686806e-34,2.2081918978763392e-34,0.7186185002326966,1.255013918876648,-0.6022216141223907,635.9446716308594,-444.6403106689453,130.64230041503907,-4.171695280075073,2.073777508735657,-28.84302387237549,4997.1837890625,-9694.0767578125,-1345.0933227539062,0.0,0.0,0.0,0.0,0.0,0.0
723,7.23,2167.0105,897.51166,2227.1,475.515,2167.2097,47.182545,-4.3897942478666957e-29,-3.3513962496474777e-29,7.367507326474211e-29,-4.303148516686477e-27,2.062823850757715e-26,8.170005713419565e-27,-2.0337941443763238e-38,2.3424634618686177e-36,4.895907389103479e-36,-3.3572423323743034e-34,-4.912866915640956e-35,1.435143213873802e-34,0.7136940896511078,1.2499530792236329,-0.62161425948143,632.0658935546875,-444.4684143066406,130.2338424682617,-4.199289226531983,2.028183698654175,-28.85306282043457,4998.689990234375,-9688.3494140625,-1348.64345703125,0.0,0.0,0.0,0.0,0.0,0.0
724,7.24,2167.7434,897.54114,2226.24,475.415,2166.8171,47.075233,-9.212696301035105e-29,-1.4023921072315665e-29,-1.4021843159415277e-28,-2.537751649992956e-26,2.4026434427557532e-28,1.4357838165099965e-26,-5.928436530843422e-38,8.937805137253127e-37,1.6979790793042633e-36,-1.6270129578625335e-34,1.4899800551144517e-35,8.100043724633113e-35,0.7086544871330261,1.2481789946556092,-0.6288838386535645,627.2683410644531,-445.6463287353516,131.5342788696289,-4.231977272033691,1.9842151641845702,-28.838905906677248,4996.357080078125,-9678.64892578125,-1345.3016723632813,0.0,0.0,0.0,0.0,0.0,0.0
725,7.25,2168.4011,897.663,2225.52,475.426,2166.62,46.993736,-1.0234237288966355e-28,-1.774193075776596e-30,-2.2804699341364857e-28,-3.2198925707644726e-26,-1.0287323751953716e-26,1.5266343154032957e-26,-6.992807521081182e-38,6.813827515504373e-39,-2.1639725940942857e-37,-4.7900585926177213e-35,4.548116413916199e-35,3.600222593695662e-35,0.7068162798881531,1.2497868895530702,-0.6084298253059387,621.4845153808594,-448.26593017578125,134.16759338378907,-4.255878639221192,1.9482647061347962,-28.795654487609863,4985.24296875,-9663.39990234375,-1330.1857299804688,0.0,0.0,0.0,0.0,0.0,0.0
726,7.26,2169.0618,897.83405,2225.12,475.408,2165.8892,46.94406,-9.138125316738714e-29,4.8093683666548496e-30,-2.3709865470738714e-28,-3.060635112547159e-26,-1.407361550984592e-26,1.331470181377656e-26,-6.432359601572936e-38,-4.506060631849249e-37,-1.1670451623165862e-36,1.8754040094927266e-35,5.400830605783337e-35,7.146037366971047e-36,0.7079000473022461,1.252804160118103,-0.5620159566402435,616.0324279785157,-452.5628997802734,137.58432006835938,-4.282632446289062,1.9280939936637878,-28.741394233703613,4964.90107421875,-9648.84384765625,-1301.9217163085937,0.0,0.0,0.0,0.0,0.0,0.0
727,7.27,2169.7578,897.9124,2224.72,475.48,2165.2693,46.03718,-7.126177743801243e-29,7.43449997392249e-30,-2.041856687194821e-28,-2.493717881079266e-26,-1.3791578168781174e-26,1.0200778006931195e-26,-5.124757137377194e-38,-6.145446027921523e-37,-1.4712221545924743e-36,5.007581253713352e-35,4.983746814313766e-35,-8.832677000093186e-36,0.7087678372859955,1.2546544790267944,-0.5061792492866516,612.59150390625,-458.2383270263672,141.19330444335938,-4.315197706222534,1.925745439529419,-28.699227142333985,4938.524951171875,-9639.290234375,-1269.672802734375,0.0,0.0,0.0,0.0,0.0,0.0
728,7.28,2170.3877,897.97296,2224.59,475.502,2166.0261,47.106636,-4.9618449061519874e-29,7.607066832826593e-30,-1.548973731014585e-28,-1.8068936995731424e-26,-1.146109346621458e-26,6.98229114932197e-27,-3.6399464133309975e-38,-6.015111011126143e-37,-1.3945938363552616e-36,5.825584239604691e-35,3.9794479480375083e-35,-1.5654048655871898e-35,0.7054300487041474,1.2537704467773438,-0.4657215058803558,611.2621948242188,-463.7342041015625,143.82948608398436,-4.349050807952881,1.9480120182037353,-28.67611427307129,4909.198681640625,-9634.22890625,-1246.3457153320312,0.0,0.0,0.0,0.0,0.0,0.0
729,7.29,2170.5374,898.30383,2224.26,475.771,2166.0571,47.09066,-3.062065073040037e-29,6.490455984494623e-30,-1.0499414791334457e-28,-1.1672102742041918e-26,-8.445976028492101e-27,4.219999163565356e-27,-2.299241986356512e-38,-4.994915775610019e-37,-1.1341853007524854e-36,5.323336025911008e-35,2.8321681306040625e-35,-1.6683112599506933e-35,0.6973372161388397,1.2510615348815919,-0.4566804230213165,613.1482360839843,-466.5929779052734,144.51746978759766,-4.3865820407867435,1.9968495845794678,-28.671716690063477,4884.64326171875,-9634.54580078125,-1235.6547607421876,0.0,0.0,0.0,0.0,0.0,0.0
730,7.3,2171.5813,898.139,2224.57,475.608,2166.2195,47.101578,-1.599430576802275e-29,4.887504529396945e-30,-6.268208032347366e-29,-6.531431411564105e-27,-5.556385273422341e-27,2.1301232000669926e-27,-1.2451240867874477e-38,-3.6785489798522594e-37,-8.204863262240046e-37,4.221410201404518e-35,1.793120061415471e-35,-1.4568999641384511e-35,0.688045984506607,1.2483114838600158,-0.4750153809785843,619.3021179199219,-466.0384796142578,143.17422332763672,-4.429509592056275,2.053800129890442,-28.690099143981932,4870.8318359375,-9643.14169921875,-1230.3337768554688,0.0,0.0,0.0,0.0,0.0,0.0
731,7.31,2171.743,898.30365,2224.35,475.818,2166.2817,47.099712,-5.934704561606646e-30,3.288332504928122e-30,-3.098028339049772e-29,-2.8516265640054573e-27,-3.189254322541336e-27,7.173581752895102e-28,-5.054863032443754e-39,-2.4183913371448023e-37,-5.290775844018618e-37,2.9855607876452e-35,9.74401791803431e-36,-1.1172733511004688e-35,0.6812936723232269,1.245234477519989,-0.5068857461214066,628.7073974609375,-463.8980285644531,140.33584747314453,-4.469666051864624,2.095221018791199,-28.73655548095703,4866.13408203125,-9663.0845703125,-1223.915087890625,0.0,0.0,0.0,0.0,0.0,0.0
732,7.32,2173.0422,898.07166,2225.25,475.549,2166.137,47.143085,1.813105009180058e-31,1.944505566912715e-30,-9.760804403866463e-30,-5.06523288205664e-28,-1.4660157840335743e-27,-1.2317349598352324e-28,-4.484815097416111e-40,-1.3868342839968317e-37,-2.9531292525748986e-37,1.8766381888779883e-35,3.98773917231517e-36,-7.654968660475437e-36,0.6798913657665253,1.2417163968086242,-0.5329441606998444,638.6817321777344,-462.5110321044922,137.06500396728515,-4.495606756210327,2.110764670372009,-28.801496696472167,4865.351611328125,-9692.4708984375,-1220.7085327148438,0.0,0.0,0.0,0.0,0.0,0.0
733,7.33,2174.1821,898.14294,2225.88,475.752,2166.2603,47.11441,3.2992415062777645e-30,9.449917482051384e-31,2.7031890071862534e-30,7.802837088061352e-28,-3.4711662654046243e-28,-5.361053500676552e-28,1.992545662910305e-39,-6.363489453453348e-38,-1.2824761065331773e-37,1.0087355682393167e-35,3.94274005609433e-37,-4.6321095317840016e-36,0.6841568410396576,1.2399189233779908,-0.5417562901973725,646.6938842773437,-463.1875946044922,134.43352508544922,-4.510179805755615,2.106852149963379,-28.860305404663087,4867.04580078125,-9724.33203125,-1225.5321411132813,0.0,0.0,0.0,0.0,0.0,0.0
734,7.34,2174.7922,898.0333,2226.13,475.757,2166.0862,47.38329,4.380613234497508e-30,2.810056826195074e-31,8.687514810565686e-30,1.3186982055436869e-27,2.8355488899963567e-28,-6.636070161004428e-28,2.9327091726203505e-39,-1.4939358955679722e-38,-2.1971512555431755e-38,4.023622188459972e-36,-1.5170219693927123e-36,-2.342870784579995e-36,0.6917216598987579,1.2413006186485291,-0.5368249416351318,651.3411804199219,-465.68552856445314,132.72525024414062,-4.520083618164063,2.0957298994064333,-28.890979957580566,4872.71640625,-9749.16318359375,-1230.9349365234375,0.0,0.0,0.0,0.0,0.0,0.0
735,7.35,2175.7437,897.9526,2226.64,475.724,2165.9844,47.53924,4.2428336732929946e-30,-1.0513944014710725e-31,1.0389821869381305e-29,1.386752529020814e-27,5.631010571350576e-28,-6.24052603940358e-28,2.951709518627977e-39,1.2481516201455906e-38,3.61885877720882e-38,2.66287142969163e-37,-2.2599919577270798e-36,-7.9382309615225e-37,0.7005163550376892,1.245931661128998,-0.5336477637290955,652.4203674316407,-468.59194030761716,131.6199462890625,-4.520520114898682,2.082958436012268,-28.89009819030762,4883.53837890625,-9759.5341796875,-1231.54287109375,0.0,0.0,0.0,0.0,0.0,0.0
736,7.36,2176.7466,897.90607,2226.98,475.614,2165.8235,47.314335,3.499638466652275e-30,-2.8714917462268167e-31,9.619307101976628e-30,1.202024993956369e-27,6.176987492015306e-28,-5.048163358941004e-28,2.4937647600970877e-39,2.461163915662172e-38,6.037733887425058e-38,-1.7090394002847594e-36,-2.2841338415613237e-36,1.2894168499308552e-37,0.7096669614315033,1.2508918166160583,-0.5408901691436767,650.8217834472656,-471.3210876464844,130.68732147216798,-4.507277917861939,2.0685134410858153,-28.87399826049805,4899.208056640625,-9756.059375,-1231.8560913085937,0.0,0.0,0.0,0.0,0.0,0.0
737,7.37,2177.5461,897.72516,2227.48,475.498,2165.9714,47.199863,2.5627246309903945e-30,-3.3529143056216207e-31,7.698631184755646e-30,9.16513857865756e-28,5.479100969205337e-28,-3.634779778428458e-28,1.8629992632594828e-39,2.695263603969627e-38,6.325510425512352e-38,-2.4545256722455456e-36,-1.9346170011772826e-36,5.832682488501344e-37,0.7180530428886414,1.253580343723297,-0.5491430819034576,647.7499206542968,-473.7574737548828,129.83809356689454,-4.487016105651856,2.0520354509353638,-28.85813045501709,4915.027685546875,-9745.0240234375,-1230.3001342773437,0.0,0.0,0.0,0.0,0.0,0.0
738,7.38,2178.2861,897.6702,2227.76,475.447,2166.2544,47.441376,1.6746043057012024e-30,-3.0693100246439286e-31,5.4905476134591806e-30,6.243913942768752e-28,4.251837982589785e-28,-2.3316430242426967e-28,1.2432673102702786e-39,2.38862244964396e-38,5.471246539691388e-38,-2.4491377984803264e-36,-1.448238178252806e-36,7.2459423468345364e-37,0.7258120000362396,1.2541160345077516,-0.5527074575424195,643.9642028808594,-475.07020874023436,129.13896789550782,-4.47240834236145,2.036563682556152,-28.83974094390869,4925.845654296875,-9729.46240234375,-1222.3841796875,0.0,0.0,0.0,0.0,0.0,0.0
739,7.39,2178.9211,897.6391,2228.15,475.38,2166.141,47.14841,9.523172362183893e-31,-2.4370422232095154e-31,3.484481416797857e-30,3.7515633072829907e-28,2.9466816982643394e-28,-1.2917192817520435e-28,7.274137525713197e-40,1.852362244837532e-38,4.1647725411489666e-38,-2.058280868704979e-36,-9.68514361637705e-37,6.82488094658058e-37,0.7297027707099915,1.2528010725975036,-0.5510020554065704,640.1299865722656,-474.2733520507812,128.54437408447265,-4.465760993957519,2.0313125133514403,-28.812552070617677,4926.52138671875,-9710.1552734375,-1214.7125732421875,0.0,0.0,0.0,0.0,0.0,0.0
740,7.4,2179.6743,897.685,2228.56,475.392,2166.224,47.45322,4.2980225312109936e-31,-1.7255761951850615e-31,1.9002281083528343e-30,1.8747978886259023e-28,1.8082617396127493e-28,-5.520009737432032e-29,3.4674499915408652e-40,1.282938476171869e-38,2.8326589986177793e-38,-1.5310375458776003e-36,-5.682308500092161e-37,5.526795535429953e-37,0.7264158427715302,1.2491013288497925,-0.5348284184932709,636.81826171875,-471.36993408203125,127.73083114624023,-4.451983213424683,2.037278580665588,-28.774920845031737,4913.400390625,-9688.31748046875,-1214.9822265625,0.0,0.0,0.0,0.0,0.0,0.0
741,7.41,2180.2014,897.6031,2228.95,475.319,2166.2168,47.46852,9.286542654542568e-32,-1.0861000096601208e-31,7.840321248911107e-31,6.121354324316087e-29,9.360176372641812e-29,-8.39507990099213e-30,9.594858741047741e-41,7.866816150679992e-39,1.6984372175821122e-38,-1.017169246949407e-36,-2.722462554928448e-37,3.983177409957259e-37,0.7160647988319397,1.2438968658447265,-0.5001807391643525,633.8339172363281,-466.63954162597656,126.7025276184082,-4.412461376190185,2.05120210647583,-28.724013137817384,4892.99521484375,-9662.51748046875,-1220.0717163085938,0.0,0.0,0.0,0.0,0.0,0.0
742,7.42,2180.734,897.60406,2229.32,475.345,2166.314,47.49476,-9.520219485109797e-32,-5.849920017931766e-32,8.551887816416374e-32,-1.3449584721688928e-29,3.3893324653756327e-29,1.7016144086435495e-29,-4.82887450806332e-41,4.067042903390332e-39,8.457555939091548e-39,-5.9160861588021265e-37,-7.682409953111717e-38,2.5578277314140343e-37,0.7044248819351197,1.2409537434577942,-0.45317111611366273,630.4069580078125,-461.45225524902344,125.8519775390625,-4.342779350280762,2.0691962003707887,-28.661115646362305,4872.3080078125,-9632.81474609375,-1228.245556640625,0.0,0.0,0.0,0.0,0.0,0.0
743,7.43,2181.0374,897.4936,2229.55,475.242,2166.2878,47.3571,-1.7687661616032e-31,-2.3447800710913179e-32,-2.87413993516518e-31,-4.973222818780941e-29,-2.1970313571190736e-30,2.739376744656826e-29,-1.1484677876005475e-40,1.4676247232382393e-39,2.7303868977442048e-39,-2.789148577604407e-37,3.5892720977446977e-38,1.4191856020168024e-37,0.6962490379810333,1.2425460457801818,-0.39866397678852084,625.6945983886719,-458.06956176757814,125.82106018066406,-4.256051731109619,2.087848401069641,-28.604763984680176,4851.918798828125,-9606.6560546875,-1238.8750854492187,0.0,0.0,0.0,0.0,0.0,0.0
744,7.44,2181.6648,897.5693,2229.59,475.492,2166.902,47.389393,-1.9087032039803138e-31,-1.6985440069373017e-33,-4.337433471370335e-31,-6.051903951398318e-29,-2.0417214116810868e-29,2.839226056002113e-29,-1.3089178630642035e-40,-1.0231987113822305e-40,-6.488643875431313e-40,-7.383911057525995e-38,8.81978778058769e-38,6.0848046238805e-38,0.6938154518604278,1.2488301753997804,-0.3468761622905731,619.6069763183593,-457.28986206054685,126.85715026855469,-4.162875127792359,2.0978992223739623,-28.568332290649415,4832.87470703125,-9590.7525390625,-1253.5706420898437,0.0,0.0,0.0,0.0,0.0,0.0
745,7.45,2182.0757,897.5008,2230.19,475.388,2166.4712,47.592293,-1.678252132684516e-31,9.760493373644834e-33,-4.402992954225299e-31,-5.647911798281727e-29,-2.65561547845339e-29,2.4407020092021566e-29,-1.1840621698928623e-40,-8.938357417003886e-40,-2.284655996758217e-39,4.337172399461922e-38,1.0113295228128083e-37,9.495656899122488e-39,0.6980297982692718,1.2581150531768799,-0.30889829695224763,613.1957946777344,-458.4783599853516,128.85572662353516,-4.08079195022583,2.100273275375366,-28.54871768951416,4820.37314453125,-9585.5349609375,-1273.0121459960938,0.0,0.0,0.0,0.0,0.0,0.0
746,7.46,2182.8584,897.61005,2230.15,475.624,2166.7522,47.45153,-1.2937547719076677e-31,1.410949204757212e-32,-3.7390363171407407e-31,-4.5451065273662654e-29,-2.550659323119317e-29,1.8489159781417006e-29,-9.322053956012985e-41,-1.1594318270451178e-39,-2.7642425489019852e-39,9.68034798066856e-38,9.17628102461273e-38,-1.8429653335175548e-38,0.7063574254512787,1.268251323699951,-0.28674408197402956,608.0712768554688,-461.17792053222655,131.26261291503906,-4.035675573348999,2.1033898830413817,-28.547083473205568,4818.60361328125,-9590.31572265625,-1291.0675903320312,0.0,0.0,0.0,0.0,0.0,0.0
747,7.47,2183.496,897.7943,2230.76,475.632,2166.1428,47.543407,-8.909277043745206e-32,1.4111278945922166e-32,-2.8049560858431553e-31,-3.2575127319998454e-29,-2.0924892259416882e-29,1.2514705718470072e-29,-6.549080476899179e-41,-1.1123592689016721e-39,-2.5729730156632014e-39,1.0895494201512583e-37,7.240099593651177e-38,-2.9876475273297135e-38,0.7140553593635559,1.2756998419761658,-0.275345915555954,604.7998046875,-465.60328063964846,133.57608947753906,-4.033117437362671,2.1084242343902586,-28.57008304595947,4824.355908203125,-9603.6931640625,-1302.0333618164063,0.0,0.0,0.0,0.0,0.0,0.0
748,7.48,2184.112,897.8572,2230.65,475.777,2166.929,47.55146,-5.425010460294905e-32,1.1876162542794784e-32,-1.8799102221733064e-31,-2.0788752334156624e-29,-1.5251924925060372e-29,7.457830057323033e-30,-4.0846589066450523e-41,-9.118791409867278e-40,-2.0668593230703787e-39,9.794174614146585e-38,5.096758773670445e-38,-3.103183800986155e-38,0.7170059382915497,1.2776740074157715,-0.2745221138000488,603.6670349121093,-471.7906524658203,135.4211685180664,-4.058637380599976,2.111743354797363,-28.606503677368163,4831.082763671875,-9620.1603515625,-1301.6012084960937,0.0,0.0,0.0,0.0,0.0,0.0
749,7.49,2184.7883,897.8944,2231.17,475.687,2166.299,47.61408,-2.7727388978084106e-32,8.844340149718211e-33,-1.106092917495926e-31,-1.1430585458763191e-29,-9.916430621231714e-30,3.6743432582579255e-30,-2.1694762694830385e-41,-6.642391540340104e-40,-1.4789574443087735e-39,7.675607798132161e-38,3.186354031778362e-38,-2.6708982746874556e-38,0.7125505566596985,1.273235261440277,-0.2865555346012115,605.153125,-479.0121673583984,136.4404037475586,-4.091281509399414,2.107940411567688,-28.646133995056154,4836.345947265625,-9636.0314453125,-1290.6063354492187,0.0,0.0,0.0,0.0,0.0,0.0
750,7.5,2185.2004,897.88965,2231.13,475.863,2166.9268,47.691536,-9.687967649719404e-33,5.88303129137785e-33,-5.326989865511192e-32,-4.80459298198034e-30,-5.600012543825833e-30,1.145530341542991e-30,-8.403586890555928e-42,-4.3157568454861085e-40,-9.421327544419614e-40,5.369354484974323e-38,1.6985738301693993e-38,-2.0252809899588423e-38,0.7023098409175873,1.2636688590049743,-0.3103731721639633,609.3310607910156,-485.5965209960938,136.66444244384766,-4.124702405929566,2.0939207553863524,-28.6844783782959,4841.040966796875,-9652.23173828125,-1271.4068603515625,0.0,0.0,0.0,0.0,0.0,0.0
751,7.51,2185.6328,897.9476,2231.65,475.735,2166.2734,47.833584,1.1283595470907396e-33,3.427242290873576e-33,-1.5328043617704878e-32,-6.3422757386116045e-31,-2.491872583562378e-30,-3.3704967976388757e-31,-2.3387671369581198e-43,-2.4348541726568724e-40,-5.1665131691469915e-40,3.332010431198325e-38,6.639768730004427e-39,-1.3721855638714826e-38,0.6932170808315277,1.2539006352424622,-0.34710699915885923,616.2392150878907,-489.2885772705078,136.07671966552735,-4.165160179138184,2.0723005294799806,-28.719041061401366,4840.499755859375,-9669.316796875,-1245.6224609375,0.0,0.0,0.0,0.0,0.0,0.0
752,7.52,2186.1216,898.012,2231.79,475.659,2166.2415,47.615505,6.514512036161567e-33,1.620678581556162e-33,6.621703777258966e-33,1.6119037849746697e-30,-4.978936730781711e-31,-1.0464221558760103e-30,4.006592569197517e-42,-1.0813161638916381e-40,-2.1587563362309537e-40,1.7557845725074654e-38,2.643762550315345e-40,-8.187350142318576e-39,0.6892223060131073,1.2486653804779053,-0.40140009820461275,625.7307312011719,-489.4414794921875,134.86423950195314,-4.211071491241455,2.0513723850250245,-28.74002914428711,4828.147900390625,-9684.82890625,-1220.9659912109375,0.0,0.0,0.0,0.0,0.0,0.0
753,7.53,2186.4658,897.969,2231.99,475.622,2166.3196,47.53678,8.25338989913787e-33,4.3440163399733835e-34,1.6865488070774504e-32,2.5121096874191287e-30,6.068940364693712e-31,-1.2455776437527757e-30,5.553626073812115e-42,-2.135845106339243e-41,-2.692132570706909e-41,6.666508587560366e-39,-3.0573393968687817e-39,-4.042508269227701e-39,0.6906684875488281,1.2500444889068603,-0.4610938012599945,636.2047668457031,-487.02732238769534,133.58032684326173,-4.259631061553955,2.0411030292510985,-28.741646385192873,4810.35546875,-9696.2970703125,-1204.8881225585938,0.0,0.0,0.0,0.0,0.0,0.0
754,7.54,2186.974,898.0779,2232.33,475.671,2166.4297,47.741608,7.840224205974975e-33,-2.447664153016579e-34,1.9463406405477386e-32,2.57719917942077e-30,1.0791352984955524e-30,-1.1506712955566512e-30,5.4691277764133287e-42,2.667035315210851e-41,7.456112946887346e-41,6.319856074104925e-42,-4.2822286777794406e-39,-1.2693814880618967e-39,0.6970151722431183,1.2581212759017943,-0.5068655431270599,646.1537719726563,-483.3338684082031,132.77659606933594,-4.320071268081665,2.052295470237732,-28.72803363800049,4797.26259765625,-9701.894921875,-1203.829248046875,0.0,0.0,0.0,0.0,0.0,0.0
755,7.55,2187.2834,898.0482,2232.32,475.599,2166.4678,47.796753,6.385311174542383e-33,-5.5541014774771326e-34,1.7715903279233527e-32,2.2023112733729105e-30,1.1511042630399008e-30,-9.195100869646234e-31,4.559404813373657e-42,4.715481436330156e-41,1.1495832211781502e-40,-3.421363947516304e-39,-4.233637112100667e-39,3.5832883290942762e-40,0.705748051404953,1.2715454936027526,-0.5235492050647735,652.8528747558594,-479.74712524414065,132.8635726928711,-4.3856672763824465,2.080759596824646,-28.701675605773925,4793.982470703125,-9700.6400390625,-1218.5663940429688,0.0,0.0,0.0,0.0,0.0,0.0
756,7.56,2187.615,898.041,2232.66,475.62,2166.377,47.674316,4.624965845984188e-33,-6.272260659397889e-34,1.4009606325289318e-32,1.6604608234997925e-30,1.0057310365409403e-30,-6.5487562819197e-31,3.3688616380832926e-42,5.022183631216928e-41,1.1752662194322955e-40,-4.642454168160332e-39,-3.537776817440088e-39,1.1391881089100959e-39,0.7150993764400482,1.2856306672096252,-0.5157251000404358,654.7767883300781,-476.7711517333984,133.54702911376953,-4.437741327285766,2.117272686958313,-28.6758171081543,4801.064990234375,-9695.43203125,-1241.7992553710938,0.0,0.0,0.0,0.0,0.0,0.0
757,7.57,2187.8684,898.00006,2232.93,475.62,2166.3765,47.865818,2.986416646255757e-33,-5.6478644170284875e-34,9.882808740369876e-33,1.1185690714571636e-30,7.71571739011095e-31,-4.149525832844779e-31,2.22245936441916e-42,4.384172440409839e-41,1.0022492993405745e-40,-4.535183789807342e-39,-2.6190879264361278e-39,1.360420906562305e-39,0.724427056312561,1.2945903658866882,-0.4902581423521042,652.8828979492188,-474.32544860839846,134.5659912109375,-4.472873306274414,2.15461208820343,-28.66009521484375,4817.186328125,-9688.24423828125,-1267.79404296875,0.0,0.0,0.0,0.0,0.0,0.0
758,7.58,2188.0964,897.94366,2233.16,475.597,2166.6013,47.694252,1.6701710538737563e-33,-4.431669905923673e-34,6.193587164302506e-33,6.625228207971766e-31,5.288366647626224e-31,-2.2576100165028243e-31,1.2805065367000178e-42,3.3612245614527225e-41,7.544184555370161e-41,-3.761595711408209e-39,-1.731632717033349e-39,1.2586729053273729e-39,0.731912124156952,1.2979123830795287,-0.4471308678388596,649.2694519042968,-472.4389251708984,135.7446731567383,-4.493516540527343,2.184814143180847,-28.651076126098634,4839.4025390625,-9677.80263671875,-1291.8439453125,0.0,0.0,0.0,0.0,0.0,0.0
759,7.59,2188.1865,897.9308,2233.14,475.605,2166.6384,47.89197,7.283180382810784e-34,-3.1037128587326545e-34,3.314080572126784e-33,3.2290758111932838e-31,3.2015255620139655e-31,-9.264934408818486e-32,5.927492504093976e-43,2.3023333768856744e-41,5.073695362765508e-41,-2.7672990611123707e-39,-1.0004951539229327e-39,1.0068192138924306e-39,0.7352513551712037,1.296650230884552,-0.3937168210744858,645.5856262207031,-471.34527282714845,136.7668899536133,-4.498475074768066,2.205344891548157,-28.653946495056154,4861.64990234375,-9667.0294921875,-1314.53095703125,0.0,0.0,0.0,0.0,0.0,0.0
760,7.6,2188.6052,898.0736,2233.4,475.706,2166.5117,47.705975,1.2833173794517718e-34,-1.9286790629235993e-34,1.3074475865461722e-33,9.701004477164038e-32,1.6205503005923408e-31,-9.483049165385476e-33,1.4517452090405104e-43,1.392708504738506e-41,2.9986806227626057e-41,-1.8172451868411204e-39,-4.657902082431049e-40,7.1785241288953855e-40,0.7360602557659149,1.2932032585144042,-0.3391674399375916,642.1998840332031,-470.54444580078126,137.26164855957032,-4.4892796039581295,2.213789629936218,-28.680486297607423,4877.540283203125,-9662.30029296875,-1339.40380859375,0.0,0.0,0.0,0.0,0.0,0.0
761,7.61,2189.4739,898.21454,2233.64,475.782,2166.2769,48.04959,-2.006934964798797e-34,-1.0185163843536756e-34,6.786963807378626e-35,-3.4585131258753566e-32,5.503579092110645e-32,3.480827527790177e-32,-1.0804011159944339e-43,7.040123484767881e-42,1.4559210784641983e-41,-1.0406090040223879e-39,-1.1691537555309107e-40,4.550835873264311e-40,0.7383162617683411,1.2882538914680481,-0.29193698763847353,639.271923828125,-470.00767211914064,137.2406799316406,-4.467410612106323,2.2073212385177614,-28.729203033447266,4883.954736328125,-9666.59892578125,-1363.285498046875,0.0,0.0,0.0,0.0,0.0,0.0
762,7.62,2189.9014,898.13745,2233.89,475.74,2165.5017,46.540115,-3.381740782589142e-34,-3.888505164648654e-35,-5.8064183093097635e-34,-9.680996666998601e-32,-8.745932776885458e-33,5.208032805331212e-32,-2.214051573633211e-43,2.3813666102735943e-42,4.3148782313489765e-42,-4.7625244270760035e-40,8.099238877089221e-41,2.48088262331455e-40,0.7422599732875824,1.28036367893219,-0.25123696178197863,636.6740112304688,-469.22581787109374,137.0313278198242,-4.452088069915772,2.184751534461975,-28.78114261627197,4884.14033203125,-9679.59208984375,-1386.1251586914063,0.0,0.0,0.0,0.0,0.0,0.0
763,7.63,2190.1943,898.1997,2234.07,475.751,2165.4827,46.621326,-3.553210189461337e-34,-3.2741770443084116e-37,-8.222909596943987e-34,-1.1348409601539014e-31,-4.0175473162781703e-32,5.27142072106477e-32,-2.4452658202468058e-43,-3.9278395955024624e-43,-1.6396593331064683e-42,-1.1020595850590384e-40,1.6997301956751448e-40,1.0221799673986664e-40,0.7458541750907898,1.2691951990127563,-0.21771470755338668,634.6250427246093,-467.35792846679686,136.7305145263672,-4.458795547485352,2.1513535737991334,-28.81545696258545,4881.14228515625,-9696.8396484375,-1407.519921875,0.0,0.0,0.0,0.0,0.0,0.0
764,7.64,2190.2249,898.28906,2234.0,475.809,2166.1719,48.03239,-3.07839815166909e-34,1.9562185824568062e-35,-8.163202611363625e-34,-1.0408047269821878e-31,-4.997972493811728e-32,4.4687381651876934e-32,-2.174815216632116e-43,-1.757928923495483e-42,-4.44323717068113e-42,9.558775305591377e-41,1.8911854009604515e-40,1.0777947008507898e-41,0.7485984742641449,1.2562792539596557,-0.19292063415050506,632.99541015625,-464.34288635253904,136.70980682373047,-4.477746772766113,2.1087812423706054,-28.830099678039552,4876.99296875,-9713.771484375,-1424.3631958007813,0.0,0.0,0.0,0.0,0.0,0.0
765,7.65,2190.4973,898.5717,2233.87,475.983,2165.3938,46.66263,-2.3463148259031103e-34,2.6695520903006676e-35,-6.838964235959658e-34,-8.275003449280211e-32,-4.7104311178498824e-32,3.347657359702893e-32,-1.694169843368704e-43,-2.181541449260875e-42,-5.181581331533876e-42,1.86134334886419e-40,1.687828967817634e-40,-3.7974207474277514e-41,0.7487606048583985,1.242166006565094,-0.17645850032567978,631.9865295410157,-461.0338500976562,137.37336120605468,-4.49179482460022,2.0598640203475953,-28.83488025665283,4875.593115234375,-9729.371484375,-1424.1724609375,0.0,0.0,0.0,0.0,0.0,0.0
766,7.66,2190.5183,898.52423,2233.96,475.997,2165.4165,46.604282,-1.5978705014013555e-34,2.6135487384448607e-35,-5.073965667095984e-34,-5.866327332981673e-32,-3.8160900952640484e-32,2.2404056134273038e-32,-1.1756894115685216e-43,-2.0538831591608844e-42,-4.740592704810856e-42,2.033717072960786e-40,1.3166782539596344e-40,-5.648718187601197e-41,0.7461125373840332,1.2288282990455628,-0.1692861944437027,632.0970031738282,-459.2294464111328,138.7604248046875,-4.497731733322143,2.014368939399719,-28.83459758758545,4877.839599609375,-9743.02236328125,-1396.9901611328125,0.0,0.0,0.0,0.0,0.0,0.0
767,7.67,2191.0686,898.6265,2233.99,476.046,2165.5312,46.71715,-9.596051418680853e-35,2.1705992498936506e-35,-3.3618750428546155e-34,-3.697512278949003e-32,-2.751268331860168e-32,1.3157211217001523e-32,-7.244713060559305e-44,-1.6627807577678278e-42,-3.762206117019269e-42,1.7998333527726523e-40,9.164800242346455e-41,-5.749597664047941e-41,0.741991376876831,1.220494771003723,-0.17517099231481553,633.0049072265625,-460.5783264160156,140.78491668701173,-4.491530036926269,1.9801297426223754,-28.837236404418945,4880.916015625,-9753.6359375,-1351.1124755859375,0.0,0.0,0.0,0.0,0.0,0.0
768,7.68,2191.1992,898.6972,2233.91,476.113,2165.5015,46.65213,-4.791641104757375e-35,1.598756432693073e-35,-1.9482986605695484e-34,-1.9957690465865033e-32,-1.7674637403111117e-32,6.314895536445077e-33,-3.7694928690337577e-44,-1.1981101869977186e-42,-2.6630276016028825e-42,1.3934343773430262e-40,5.656789666755708e-41,-4.883791394880209e-41,0.7373247265815734,1.2197741866111755,-0.2020359829068184,634.0341491699219,-464.7066223144531,143.06808166503907,-4.4683867454528805,1.9591557860374451,-28.852645301818846,4879.287890625,-9760.61181640625,-1304.9286010742187,0.0,0.0,0.0,0.0,0.0,0.0
769,7.69,2191.4626,898.8427,2233.92,476.169,2165.5977,46.636818,-1.5605238053790687e-35,1.05121128604907e-35,-9.122980260471525e-35,-8.039858925853903e-33,-9.812333666339456e-33,1.7939151329631773e-33,-1.3732724950383208e-44,-7.690325972214595e-43,-1.6751121842538865e-42,9.630213501302657e-41,2.9516390333152215e-41,-3.6672541330766195e-41,0.7331176936626435,1.2262665152549743,-0.24698616713285446,634.7833190917969,-470.26209716796876,145.11404571533203,-4.436112642288208,1.9520316243171691,-28.880344963073732,4871.271630859375,-9764.3623046875,-1275.3369750976562,0.0,0.0,0.0,0.0,0.0,0.0
770,7.7,2191.947,898.9185,2233.96,476.129,2164.6611,45.65149,3.491473072170265e-36,6.029297245585287e-36,-2.3472023241379811e-35,-6.342158538151407e-34,-4.2123787164470884e-33,-8.163673233843124e-34,8.407790785948902e-46,-4.266953823869068e-43,-9.017355617930198e-43,5.899480547792123e-41,1.0848011931724138e-41,-2.464141310561261e-41,0.7291472792625427,1.2356729388237,-0.2984949707984924,636.3432250976563,-476.2693695068359,146.35274658203124,-4.411841249465942,1.9613374948501587,-28.921105766296385,4862.457373046875,-9767.7716796875,-1268.494873046875,0.0,0.0,0.0,0.0,0.0,0.0
771,7.71,2192.1655,899.0257,2233.89,476.208,2165.4565,46.69011,1.2763391530914142e-35,2.7675232307513443e-36,1.5108349904926042e-35,3.2764490490306276e-33,-6.637460011414907e-34,-2.029985934917673e-33,8.127531093083939e-45,-1.8272931974795615e-43,-3.608343545636404e-43,3.055895639060988e-41,-2.3009320784213495e-43,-1.456579688742431e-41,0.724487942457199,1.242555058002472,-0.3447651445865631,639.3552185058594,-481.80260314941404,146.33250427246094,-4.406285285949707,1.9818405866622926,-28.97102508544922,4858.001513671875,-9772.4947265625,-1281.9401977539062,0.0,0.0,0.0,0.0,0.0,0.0
772,7.72,2192.3772,899.0962,2233.89,476.227,2165.5012,46.71391,1.551129697777059e-35,6.508214055255562e-37,3.2563741665809824e-35,4.7692901771106685e-33,1.2671842831270934e-33,-2.3327208031159266e-33,1.0649868328868609e-44,-2.802596928649634e-44,-2.536350220427919e-44,1.1113137601174395e-41,-6.067622350526458e-42,-7.147042557595865e-42,0.7198975145816803,1.2440295696258545,-0.3804771065711975,643.6331237792969,-485.8559173583984,145.02036743164064,-4.411111783981323,2.002961266040802,-29.014435005187988,4855.4109375,-9774.48076171875,-1311.1015380859376,0.0,0.0,0.0,0.0,0.0,0.0
773,7.73,2192.671,899.1632,2233.85,476.254,2165.4841,46.672417,1.4467202433273744e-35,-5.413391477516828e-37,3.6384494059573515e-35,4.7816208557114047e-33,2.0598443179480246e-33,-2.1188396978193075e-33,1.0089348943138683e-44,5.563154903369524e-44,1.5134023414708024e-43,-1.0673690402762132e-42,-8.136359273409186e-42,-2.1065719814194974e-42,0.7179387986660004,1.2418452382087708,-0.40580855309963226,647.7903503417969,-487.6492645263672,143.14646606445314,-4.412364196777344,2.0180866718292236,-29.041568946838378,4854.199462890625,-9770.4515625,-1344.7034545898437,0.0,0.0,0.0,0.0,0.0,0.0
774,7.74,2192.859,899.2297,2233.78,476.274,2165.508,46.68285,1.1637586138471282e-35,-1.0689209794464916e-36,3.258486382992616e-35,4.030281968206246e-33,2.141266568829562e-33,-1.6730531915345298e-33,8.267660939516421e-45,9.024362110251823e-44,2.1804204104894153e-43,-6.843521310223109e-42,-7.633713514255874e-42,8.35173884737591e-43,0.718445873260498,1.2407493472099305,-0.42232954502105713,650.3500793457031,-487.27414855957034,141.36002044677736,-4.406439352035522,2.029549813270569,-29.043770599365235,4854.00791015625,-9760.87861328125,-1370.0693603515624,0.0,0.0,0.0,0.0,0.0,0.0
775,7.75,2193.1262,899.26605,2233.75,476.249,2165.4717,46.72435,8.337700859083903e-36,-1.1709809769819087e-36,2.5466660084409204e-35,3.0050940392617738e-33,1.8438585451175563e-33,-1.1785905478410557e-33,6.165713243029196e-45,9.33264777240328e-44,2.18182170895374e-43,-8.531805700041649e-42,-6.421310082922041e-42,2.0963425026299263e-42,0.7179297804832458,1.2438287734985352,-0.43066643476486205,651.4172424316406,-485.0242919921875,139.97279510498046,-4.3880531787872314,2.035471224784851,-29.014790725708007,4855.594921875,-9746.6875,-1379.7198852539063,0.0,0.0,0.0,0.0,0.0,0.0
776,7.76,2193.2542,899.3151,2233.75,476.313,2165.535,46.680332,5.318755429204906e-36,-1.0379398264020848e-36,1.7768998608446023e-35,2.0014601951391697e-33,1.3986706042296368e-33,-7.374355122573918e-34,3.9236357001094875e-45,8.04345318522445e-44,1.8342996898011856e-43,-8.395599489309277e-42,-4.7851539959763856e-42,2.7978325138709296e-42,0.7125363945960999,1.2510865807533265,-0.43276348114013674,650.4561706542969,-481.89970703125,139.34060668945312,-4.356743383407593,2.0374879837036133,-28.9574333190918,4858.776708984375,-9728.5892578125,-1373.2127319335937,0.0,0.0,0.0,0.0,0.0,0.0
777,7.77,2193.4355,899.3637,2233.81,476.366,2165.615,46.725067,2.9227262237090886e-36,-8.050215918875607e-37,1.0992959500570986e-35,1.1679493301289393e-33,9.479938485908965e-34,-3.9361123673025795e-34,2.382207389352189e-45,6.095648319812954e-44,1.3662660027166966e-43,-6.864961176727279e-42,-3.179125826013712e-42,2.3785640133449446e-42,0.7035464107990265,1.2595149040222169,-0.42848426699638364,647.2635070800782,-479.15074157714844,139.67767639160155,-4.321641731262207,2.0434866428375242,-28.880999755859374,4859.37685546875,-9708.5109375,-1354.2970092773437,0.0,0.0,0.0,0.0,0.0,0.0
778,7.78,2193.5574,899.51135,2233.65,476.479,2165.606,46.757423,1.226853082999339e-36,-5.5762465735088355e-37,5.764803877875376e-36,5.540417529372111e-34,5.659061964992779e-34,-1.543446806175244e-34,1.401298464324817e-45,4.119817485114962e-44,9.080414048824814e-44,-5.0661143380735114e-42,-1.7376100957627732e-42,1.3989162569354648e-42,0.6950333714485168,1.2627015829086303,-0.4063785493373871,643.3998229980468,-477.6604064941406,140.6909973144531,-4.289695310592651,2.0611985683441163,-28.80030517578125,4858.041259765625,-9689.35576171875,-1322.91796875,0.0,0.0,0.0,0.0,0.0,0.0
779,7.79,2193.6968,899.5225,2233.63,476.5,2165.6675,46.77908,1.5993042662919615e-37,-3.4198037698320942e-37,2.1614669272655522e-36,1.5039719638700638e-34,2.796519025925158e-34,-6.786102941975739e-36,1.4012984643248171e-46,2.45227231256843e-44,5.3109211797910565e-44,-3.4127222800166596e-42,-9.842720413417515e-43,1.3998971658604923e-42,0.6887948095798493,1.2568552136421203,-0.36979213654994963,640.5757934570313,-478.4528381347656,141.65027923583983,-4.258497095108032,2.09099805355072,-28.73194637298584,4858.0248046875,-9674.309765625,-1281.690625,0.0,0.0,0.0,0.0,0.0,0.0
780,7.8,2193.8674,899.51514,2233.73,476.519,2165.589,46.828903,-4.143384231217896e-37,-1.7684310725454364e-37,-3.4933289193462923e-38,-8.110757472441672e-35,8.806250510989189e-35,7.020739852689591e-35,0.0,1.1911036946760945e-44,2.5083242511414224e-44,-1.8619052695483845e-42,1.401298464324817e-45,8.402185592091603e-43,0.6855418860912323,1.244787871837616,-0.3348537176847458,638.34775390625,-482.0538726806641,141.79400787353515,-4.228203582763672,2.1202150106430055,-28.688493728637695,4857.808447265625,-9667.31142578125,-1240.564794921875,0.0,0.0,0.0,0.0,0.0,0.0
782,7.82,2194.3267,899.49146,2233.73,476.477,2165.6797,46.809597,-6.603059390575988e-37,4.3901729405639244e-39,-1.5542655140637993e-36,-2.123426793608678e-34,-7.848116171989259e-35,9.771321127616746e-35,0.0,-1.2611686178923354e-45,-3.7835058536770063e-45,-5.521115949439779e-44,0.0,0.0,0.6909694373607635,1.2215317130088805,-0.3103154093027115,632.3469360351562,-492.3141662597656,139.60162506103515,-4.234997272491455,2.1392569065093996,-28.686448669433595,4850.252880859375,-9676.11083984375,-1200.6350952148437,0.0,0.0,0.0,0.0,0.0,0.0
783,7.83,2194.6016,899.4456,2233.89,476.44,2165.7122,46.81124,-5.639918302294542e-37,3.8808224166743266e-38,-1.5111188841447507e-36,-1.9154704897850028e-34,-9.383708408712199e-35,8.172455267190282e-35,0.0,-3.6433760072445245e-45,-8.547920632381384e-45,-1.5918750554729921e-43,0.0,0.0,0.7005388736724854,1.2175998210906982,-0.32123787701129913,629.8018127441406,-493.6476654052734,138.84501953125,-4.297279787063599,2.145280909538269,-28.728757476806642,4843.75146484375,-9690.14716796875,-1209.528759765625,0.0,0.0,0.0,0.0,0.0,0.0
784,7.84,2194.8306,899.4272,2233.99,476.449,2165.6804,46.84983,-4.250700353557956e-37,5.036670086585302e-38,-1.2494722912593945e-36,-1.5049575452846907e-34,-8.686846199774716e-35,6.054860567121177e-35,0.0,-4.203895392974451e-45,-9.80908925027372e-45,-1.8357009882655104e-43,0.0,0.0,0.7122776865959167,1.2212782979011536,-0.34102186262607576,628.9378662109375,-490.9318389892578,138.8105499267578,-4.374183607101441,2.1567957401275635,-28.781121253967285,4839.692626953125,-9702.72666015625,-1227.29677734375,0.0,0.0,0.0,0.0,0.0,0.0
785,7.85,2193.7888,900.0189,2233.34,477.051,2165.671,46.87444,-2.8623995042195247e-37,4.833251015401129e-38,-9.168682668661326e-37,-1.0552789370263109e-34,-6.95181900603998e-35,4.0059308370505133e-35,0.0,-4.203895392974451e-45,-8.828180325246347e-45,-1.8357009882655104e-43,0.0,0.0,0.7240068674087524,1.2321965575218201,-0.3620631068944931,630.0090454101562,-485.8762969970703,139.2222152709961,-4.440155029296875,2.174797534942627,-28.8262357711792,4838.74404296875,-9707.61396484375,-1243.1023559570312,0.0,0.0,0.0,0.0,0.0,0.0
786,7.86,2193.435,900.1936,2233.2,477.211,2164.8381,45.90091,-1.6945570053188152e-37,3.962728648225744e-38,-6.004605442907936e-37,-6.567047562592189e-35,-4.957588965559975e-35,2.3169969263361003e-35,0.0,-2.802596928649634e-45,-6.866362475191604e-45,-1.2205309624269156e-43,0.0,0.0,0.7325556218624115,1.2468968152999877,-0.3769297212362289,632.1279724121093,-480.3648651123047,139.68896026611327,-4.483871412277222,2.1928460121154787,-28.853151321411133,4837.3083984375,-9704.075,-1256.2466186523438,0.0,0.0,0.0,0.0,0.0,0.0
787,7.87,2194.1223,900.17334,2233.52,477.084,2165.585,46.89839,-8.251925198541132e-38,2.886925528804391e-38,-3.4252287679172692e-37,-3.4758050688417025e-35,-3.1460005275797987e-35,1.0809032014584094e-35,0.0,-2.1019476964872256e-45,-4.764414778704378e-45,-9.178504941327552e-44,0.0,0.0,0.7360780835151672,1.2613880395889283,-0.3841696739196777,633.7066772460937,-476.09923095703124,139.56275024414063,-4.506020498275757,2.198601508140564,-28.86201915740967,4833.829638671875,-9695.2138671875,-1270.747314453125,0.0,0.0,0.0,0.0,0.0,0.0
788,7.88,2193.7761,900.3156,2233.54,477.185,2165.5242,46.84668,-2.4715076002765854e-38,1.8759753290780847e-38,-1.5553989257401797e-37,-1.334608474068438e-35,-1.7154399451423097e-35,2.736617457474969e-36,0.0,-1.401298464324817e-45,-3.082856621514598e-45,-6.165713243029195e-44,0.0,0.0,0.7350140869617462,1.2741888046264649,-0.3858553975820541,634.1383972167969,-474.4767547607422,138.4967300415039,-4.506536483764648,2.1825551986694336,-28.862154006958008,4833.95869140625,-9684.55263671875,-1284.66630859375,0.0,0.0,0.0,0.0,0.0,0.0
789,7.89,2194.3213,900.2509,2233.81,477.117,2165.6514,46.880318,8.941186498473512e-39,1.0585841320475451e-38,-3.4691585807454316e-38,-2.1494349436878157e-37,-7.075991308595252e-36,-1.8502392087201955e-36,0.0,-8.407790785948902e-46,-1.541428310757299e-45,-3.629363022601276e-44,0.0,0.0,0.730968576669693,1.2827414512634276,-0.3718376696109772,633.6110595703125,-475.87481689453125,136.68362121582032,-4.482374620437622,2.146782922744751,-28.869740104675294,4840.452294921875,-9677.466015625,-1293.2557495117187,0.0,0.0,0.0,0.0,0.0,0.0
790,7.9,2194.9324,900.10583,2233.92,477.082,2166.2766,46.88442,2.4840378570017466e-38,4.702997408441332e-39,3.2981436397177533e-38,6.575026775771655e-36,-7.694554184339821e-37,-3.916971384694154e-36,0.0,0.0,-8.407790785948902e-46,0.0,0.0,0.0,0.7243963539600372,1.2846840500831604,-0.3396866202354431,632.5759582519531,-479.7181640625,134.13219146728517,-4.443699884414673,2.1082449913024903,-28.8848518371582,4853.5990234375,-9677.53671875,-1297.172802734375,0.0,0.0,0.0,0.0,0.0,0.0
791,7.91,2195.1033,900.2225,2234.3,477.041,2165.6565,46.936966,2.9084297429340423e-38,9.310774904673635e-40,6.257273748376547e-38,9.026572691089418e-36,2.5971536056031076e-36,-4.35962256572511e-36,0.0,0.0,0.0,0.0,0.0,0.0,0.7174382865428924,1.2815003395080566,-0.30071534514427184,631.657177734375,-484.5612518310547,131.4207534790039,-4.397180461883545,2.0845114469528196,-28.90048141479492,4869.722509765625,-9683.71328125,-1302.6263427734375,0.0,0.0,0.0,0.0,0.0,0.0
792,7.92,2195.9062,899.8218,2235.06,476.633,2165.6965,46.928215,2.665915397478163e-38,-1.157093480297699e-39,6.788221252354135e-38,8.857555630608033e-36,3.9177198439878416e-36,-3.896549896714909e-36,0.0,0.0,0.0,0.0,0.0,0.0,0.7120855927467347,1.2770119428634643,-0.271349573135376,630.5690856933594,-489.18824157714846,129.55079040527343,-4.349788618087769,2.081974005699158,-28.918862724304198,4881.702685546875,-9695.5896484375,-1311.4475708007812,0.0,0.0,0.0,0.0,0.0,0.0
793,7.93,2196.3813,899.8115,2235.32,476.623,2165.6592,47.02165,2.1187089637306462e-38,-2.0480976181912266e-39,5.985747844372273e-38,7.367051967878858e-36,3.976354081918427e-36,-3.040864787086495e-36,0.0,0.0,0.0,0.0,0.0,0.0,0.7098109543323516,1.2732496738433838,-0.25652544796466825,629.065869140625,-492.2506408691406,129.002294921875,-4.316599321365357,2.0950581312179564,-28.94369583129883,4887.949462890625,-9714.560546875,-1317.7556640625,0.0,0.0,0.0,0.0,0.0,0.0
794,7.94,2196.8186,899.6925,2235.63,476.575,2165.4702,47.02358,1.5014488171546033e-38,-2.1819789346414374e-39,4.6243932246172195e-38,5.432830756166071e-36,3.376438093421257e-36,-2.118771206045315e-36,0.0,0.0,0.0,0.0,0.0,0.0,0.711846649646759,1.2718186736106873,-0.250144362449646,627.7156372070312,-492.60472717285154,129.62872924804688,-4.301252698898315,2.1098625898361205,-28.97106189727783,4888.469580078125,-9737.61396484375,-1313.3623901367187,0.0,0.0,0.0,0.0,0.0,0.0
795,7.95,2197.3748,899.6626,2235.85,476.543,2165.432,47.126537,9.459557909253169e-39,-1.9051099636706006e-39,3.191213650774733e-38,3.576811828030558e-36,2.5327630039789694e-36,-1.3086235163981364e-36,0.0,0.0,0.0,0.0,0.0,0.0,0.7169533491134643,1.2735742926597595,-0.24132021516561508,627.6717102050782,-490.7502960205078,131.56432189941407,-4.302315998077392,2.1097344398498534,-28.98893051147461,4885.509326171875,-9759.21728515625,-1292.9109252929688,0.0,0.0,0.0,0.0,0.0,0.0
796,7.96,2197.633,899.7251,2236.06,476.598,2165.2402,47.158348,5.102636239819362e-39,-1.4607834440055592e-39,1.9481782694132843e-38,2.0551264718732248e-36,1.6973609295573703e-36,-6.844453969639413e-37,0.0,0.0,0.0,0.0,0.0,0.0,0.7200055956840515,1.2794639706611632,-0.2278049185872078,628.6861755371094,-488.30531921386716,134.93476104736328,-4.317186069488526,2.0889463663101195,-28.98508472442627,4884.863330078125,-9773.81630859375,-1260.959814453125,0.0,0.0,0.0,0.0,0.0,0.0
797,7.97,2197.9678,899.74695,2236.29,476.654,2165.179,47.219288,2.0524702299193056e-39,-1.000707450640278e-39,9.999393288870583e-39,9.465768166971782e-37,9.985917242562508e-37,-2.548531371666663e-37,0.0,0.0,0.0,0.0,0.0,0.0,0.7172892153263092,1.2904589653015137,-0.21407349556684493,630.0270751953125,-485.76539611816406,138.9655014038086,-4.334582424163818,2.060346221923828,-28.955614852905274,4890.443408203125,-9777.13544921875,-1231.3465942382813,0.0,0.0,0.0,0.0,0.0,0.0
798,7.98,2199.2341,899.5941,2236.79,476.416,2164.3875,46.318672,1.579449741989824e-40,-6.054314219010765e-40,3.53627196301925e-39,2.262412854126253e-37,4.808439966708619e-37,6.553337341374104e-39,0.0,0.0,0.0,0.0,0.0,0.0,0.7093948483467102,1.3046217560768127,-0.20228161811828613,631.896484375,-482.0375732421875,142.63318939208983,-4.350286674499512,2.036236310005188,-28.903920364379882,4901.1306640625,-9767.7330078125,-1215.5956420898438,0.0,0.0,0.0,0.0,0.0,0.0
799,7.99,2199.9375,899.5961,2236.91,476.397,2165.1729,47.307312,-8.418065106289331e-40,-3.06128783555171e-40,-3.493204456016691e-40,-1.8021783276618074e-37,1.3827227089492839e-37,1.4000731689476115e-37,0.0,0.0,0.0,0.0,0.0,0.0,0.6990044593811036,1.3172490119934082,-0.1900727778673172,634.5568786621094,-475.7886535644531,145.36758117675782,-4.352627325057983,2.0214488029479982,-28.84388122558594,4911.053125,-9748.57138671875,-1214.2888671875,0.0,0.0,0.0,0.0,0.0,0.0
800,8.0,2199.528,899.76855,2236.92,476.629,2165.049,47.375565,-1.2227838299680106e-39,-1.036310661112918e-40,-2.2930860681897484e-39,-3.6078177784525893e-37,-5.988965589983964e-38,1.8648346559620862e-37,0.0,0.0,0.0,0.0,0.0,0.0,0.6907969117164612,1.3245657801628112,-0.1761386975646019,638.1015930175781,-467.9968658447266,146.72674255371095,-4.330301761627197,2.01949405670166,-28.791515731811522,4914.65078125,-9726.825390625,-1225.8231079101563,0.0,0.0,0.0,0.0,0.0,0.0
801,8.01,2199.8706,899.8712,2237.27,476.633,2164.5554,47.43548,-1.2250358567300272e-39,1.6973788168520076e-41,-2.929786764673001e-39,-3.9651285736328785e-37,-1.5235284716960327e-37,1.8084579188258384e-37,0.0,0.0,0.0,0.0,0.0,0.0,0.6884140610694885,1.3243665933609008,-0.15865674018859863,642.4070739746094,-461.21119079589846,146.86035614013673,-4.2826331615447994,2.035492444038391,-28.75352535247803,4909.0412109375,-9707.3171875,-1248.1534057617187,0.0,0.0,0.0,0.0,0.0,0.0
802,8.02,2200.3552,899.87036,2237.6,476.625,2164.3828,47.488354,-1.0320790200103498e-39,7.633475293516939e-41,-2.793120507654791e-39,-3.520660758241082e-37,-1.757830372977084e-37,1.4928891144047338e-37,0.0,0.0,0.0,0.0,0.0,0.0,0.6898240566253662,1.3164071917533875,-0.14082036167383194,646.4556762695313,-457.0513000488281,146.41788635253906,-4.23103404045105,2.0620128393173216,-28.725558280944824,4895.528857421875,-9689.39697265625,-1269.9136962890625,0.0,0.0,0.0,0.0,0.0,0.0
803,8.03,2201.102,899.94525,2237.87,476.588,2164.351,47.494488,-7.692642318576126e-40,9.47797643613841e-41,-2.2802172437426215e-39,-2.7341129839920078e-37,-1.5998373678719383e-37,1.0939715761878423e-37,0.0,0.0,0.0,0.0,0.0,0.0,0.6887067139148713,1.3033234238624574,-0.1272963635623455,649.8919616699219,-455.54140014648436,145.82279052734376,-4.201078081130982,2.087601590156555,-28.692158126831053,4878.7744140625,-9669.36767578125,-1280.1077270507812,0.0,0.0,0.0,0.0,0.0,0.0
804,8.04,2201.323,899.8972,2238.37,476.547,2164.4226,47.515717,-5.121528685845236e-40,8.925122153008339e-41,-1.65501868531424e-39,-1.896199549546274e-37,-1.2650476026181775e-37,7.153843339302926e-38,0.0,0.0,0.0,0.0,0.0,0.0,0.6827354192733764,1.2896014213562013,-0.1243074357509613,653.5429016113281,-456.0771118164063,144.8770324707031,-4.198059892654419,2.104643678665161,-28.64276714324951,4861.092724609375,-9645.27080078125,-1277.0362548828125,0.0,0.0,0.0,0.0,0.0,0.0
805,8.05,2202.0137,899.8723,2238.64,476.523,2164.7534,47.569027,-2.987178764967428e-40,7.226538219477012e-41,-1.0711161123698177e-39,-1.1646407224863184e-37,-8.923506567982849e-38,4.072473299277192e-38,0.0,0.0,0.0,0.0,0.0,0.0,0.6747252345085144,1.2778520345687867,-0.13240815550088883,657.2523315429687,-458.4991027832031,143.70718383789062,-4.2086944580078125,2.110452938079834,-28.582619285583498,4842.174365234375,-9618.44970703125,-1264.1336669921875,0.0,0.0,0.0,0.0,0.0,0.0
806,8.06,2201.7854,899.7372,2239.29,476.404,2164.6912,47.568886,-1.4157444501935415e-40,5.207715547893534e-41,-6.009891656393204e-40,-6.037204897254775e-38,-5.592194235653481e-38,1.8418567382764583e-38,0.0,0.0,0.0,0.0,0.0,0.0,0.6711672663688659,1.2700837016105653,-0.15393093824386597,659.753466796875,-462.67185668945314,142.66424255371095,-4.231084680557251,2.104927730560303,-28.535011863708498,4825.64501953125,-9596.47451171875,-1246.7265747070312,0.0,0.0,0.0,0.0,0.0,0.0
807,8.07,2202.097,899.6496,2239.62,476.253,2165.3174,48.728413,-3.829356339429714e-41,3.3441287201879597e-41,-2.639005142028962e-40,-2.1948534483603295e-38,-2.9923528493521774e-38,4.023426367649451e-39,0.0,0.0,0.0,0.0,0.0,0.0,0.6783689320087433,1.268586480617523,-0.1948053792119026,659.6094116210937,-468.32472839355466,141.86574096679686,-4.275105094909668,2.09296510219574,-28.533757781982423,4820.55712890625,-9591.7859375,-1227.8197631835938,0.0,0.0,0.0,0.0,0.0,0.0
808,8.08,2202.5469,899.68506,2240.06,476.237,2164.0278,46.622643,2.0910455944347786e-41,1.8558656731671444e-41,-4.867928696264052e-41,1.2965414548974403e-39,-1.1809781501936222e-38,-4.0203788237492376e-39,0.0,0.0,0.0,0.0,0.0,0.0,0.6975048422813416,1.274144220352173,-0.25068857371807096,656.4438049316407,-474.5529022216797,141.54226379394532,-4.328919744491577,2.0788406848907472,-28.592748832702636,4827.366259765625,-9608.67451171875,-1206.81455078125,0.0,0.0,0.0,0.0,0.0,0.0
809,8.09,2202.8901,899.82794,2240.35,476.322,2163.8237,46.648296,4.805767096386603e-41,7.96666202937945e-42,6.973561807712452e-41,1.304913540598518e-38,-6.229818443876663e-40,-7.52193599952223e-39,0.0,0.0,0.0,0.0,0.0,0.0,0.725617504119873,1.2841883063316346,-0.3073591500520706,650.1836608886719,-479.9962646484375,141.68438720703125,-4.366378688812256,2.0633357763290405,-28.675260543823242,4839.218408203125,-9633.76455078125,-1183.4410888671875,0.0,0.0,0.0,0.0,0.0,0.0
810,8.1,2203.3503,899.73895,2240.73,476.252,2164.7004,47.71103,5.441382066819697e-41,1.2614488775852004e-42,1.1958358795901194e-40,1.7027254571296544e-38,5.2265501202928307e-39,-8.132523358992942e-39,0.0,0.0,0.0,0.0,0.0,0.0,0.7551690876483917,1.2951467394828797,-0.35250050723552706,641.6877746582031,-483.65850219726565,142.40318756103517,-4.37092170715332,2.0493328332901,-28.750617218017577,4857.195458984375,-9657.77734375,-1161.6506713867188,0.0,0.0,0.0,0.0,0.0,0.0
812,8.12,2203.7205,900.16095,2240.93,476.464,2164.9722,47.585167,3.8563033088986803e-41,-3.875571162783146e-42,1.0972209014617248e-40,1.3451889463979252e-38,7.350545286298358e-39,-5.5274578058997743e-39,0.0,0.0,0.0,0.0,0.0,0.0,0.787938404083252,1.3086416959762572,-0.37374513447284696,626.0077758789063,-486.7044982910156,145.8730682373047,-4.243767356872558,2.0494227409362793,-28.831625175476074,4918.240185546875,-9685.79892578125,-1140.1524536132813,0.0,0.0,0.0,0.0,0.0,0.0
813,8.13,2204.1833,900.20325,2240.98,476.483,2165.1423,47.54078,2.70728060710626e-41,-4.032656720633959e-42,8.389756074713042e-41,9.824688364648737e-39,6.163202816830357e-39,-3.815375304391452e-39,0.0,0.0,0.0,0.0,0.0,0.0,0.7865312218666076,1.313446307182312,-0.3561097592115402,621.2643127441406,-487.0112243652344,147.8670166015625,-4.15160059928894,2.068347692489624,-28.8219856262207,4953.8296875,-9688.28076171875,-1141.8697143554687,0.0,0.0,0.0,0.0,0.0,0.0
814,8.14,2204.9875,900.142,2241.32,476.376,2165.2024,47.558052,1.6908627789928972e-41,-3.4883923970902e-42,5.7476078202286e-41,6.417387708390551e-39,4.5905668886233126e-39,-2.3349770450016604e-39,0.0,0.0,0.0,0.0,0.0,0.0,0.774871689081192,1.3191649913787842,-0.3262293845415115,619.0232666015625,-486.6616729736328,149.65891723632814,-4.080354309082031,2.0993385553359984,-28.77798080444336,4983.627685546875,-9681.7083984375,-1148.8773681640625,0.0,0.0,0.0,0.0,0.0,0.0
815,8.15,2205.4514,900.23096,2241.44,476.403,2165.2612,47.520546,9.046362496141721e-42,-2.6872700650357018e-42,3.5048716670306593e-41,3.671582884162765e-39,3.0837618603225514e-39,-1.2084694260250862e-39,0.0,0.0,0.0,0.0,0.0,0.0,0.7563052237033844,1.325120449066162,-0.288033726811409,619.4184143066407,-485.8143768310547,150.82345733642578,-4.048994874954223,2.141631317138672,-28.712722778320312,5003.37431640625,-9669.153125,-1156.9035522460938,0.0,0.0,0.0,0.0,0.0,0.0
816,8.16,2205.9666,900.1652,2241.71,476.326,2165.3047,47.53777,3.6175921155009476e-42,-1.905625781635319e-42,1.836695910175181e-41,1.7095167240201427e-39,1.8685873612755173e-39,-4.419713573360509e-40,0.0,0.0,0.0,0.0,0.0,0.0,0.7356904745101929,1.3310294151306152,-0.2462078720331192,621.6142272949219,-484.36522216796874,151.3113052368164,-4.055137634277344,2.18818736076355,-28.636061477661134,5013.831884765625,-9654.153125,-1166.3064697265625,0.0,0.0,0.0,0.0,0.0,0.0
817,8.17,2206.4158,900.2099,2241.85,476.31,2165.3481,47.513214,2.9287137904388677e-43,-1.2884939379466693e-42,7.426041081842935e-42,4.6766556597791076e-40,1.01836619349816e-39,2.0603711710507082e-41,0.0,0.0,0.0,0.0,0.0,0.0,0.7180772840976715,1.3370080471038819,-0.2098846346139908,623.5305114746094,-482.22112731933595,151.41590270996093,-4.082923889160156,2.2258289575576784,-28.56335334777832,5015.892431640625,-9641.08046875,-1177.2869384765625,0.0,0.0,0.0,0.0,0.0,0.0
818,8.18,2206.7961,900.2735,2241.76,476.322,2165.383,47.45485,-1.4514649493476455e-42,-8.864614085318793e-43,1.2749013428427185e-42,-2.0723354573391134e-40,5.124137903585809e-40,2.5958619649093295e-40,0.0,0.0,0.0,0.0,0.0,0.0,0.7062610149383545,1.3417574882507324,-0.1842525854706764,624.3026062011719,-479.4953979492187,151.18587951660157,-4.113795518875122,2.244890069961548,-28.51103096008301,5013.38427734375,-9633.24599609375,-1184.908984375,0.0,0.0,0.0,0.0,0.0,0.0
819,8.19,2207.3489,900.2381,2241.96,476.223,2164.6094,46.42223,-2.1668278153854646e-42,-6.8523494905483555e-43,-1.4371717050115323e-42,-4.939212749144256e-40,2.775871364338031e-40,3.555452936398928e-40,0.0,0.0,0.0,0.0,0.0,0.0,0.699686861038208,1.3444809794425965,-0.171269890666008,624.3922119140625,-477.15008239746095,150.711474609375,-4.13237042427063,2.248046898841858,-28.482511711120605,5010.823779296875,-9629.4419921875,-1187.6581298828125,0.0,0.0,0.0,0.0,0.0,0.0
820,8.2,2207.84,900.1961,2242.08,476.13,2165.29,47.394115,-2.3425506428117968e-42,-6.261001538603283e-43,-2.1539358695136762e-42,-5.674203602771873e-40,2.122780800756343e-40,3.788322116498891e-40,0.0,0.0,0.0,0.0,0.0,0.0,0.6972194194793702,1.3451144695281982,-0.16812237054109574,624.3476318359375,-476.1442840576172,150.53518676757812,-4.138727855682373,2.2478055477142336,-28.474013328552246,5009.338330078125,-9628.162890625,-1188.6894287109376,0.0,0.0,0.0,0.0,0.0,0.0
