frame,t_s,cadera_y_mm,cadera_z_mm,rodilla_y_mm,rodilla_z_mm,tobillo_y_mm,tobillo_z_mm,Force_Fx1_N_Nm,Force_Fy1_N_Nm,Force_Fz1_N_Nm,Moment_Mx1_N_Nm,Moment_My1_N_Nm,Moment_Mz1_N_Nm,Force_Fx2_N_Nm,Force_Fy2_N_Nm,Force_Fz2_N_Nm,Moment_Mx2_N_Nm,Moment_My2_N_Nm,Moment_Mz2_N_Nm,Force_Fx3_N_Nm,Force_Fy3_N_Nm,Force_Fz3_N_Nm,Moment_Mx3_N_Nm,Moment_My3_N_Nm,Moment_Mz3_N_Nm,Force_Fx4_N_Nm,Force_Fy4_N_Nm,Force_Fz4_N_Nm,Moment_Mx4_N_Nm,Moment_My4_N_Nm,Moment_Mz4_N_Nm,Force_Fx5_N_Nm,Force_Fy5_N_Nm,Force_Fz5_N_Nm,Moment_Mx5_N_Nm,Moment_My5_N_Nm,Moment_Mz5_N_Nm
288,2.88,-2444.0337,856.9068,-2302.72,417.647,-2623.4792,137.99718,-4.7778781820268295e-28,-2.292796583930169e-28,3.698578803026886e-27,2.584460896133485e-25,-4.19336228594295e-25,8.090084820738344e-27,3.952936624317319e-20,-9.740050549589164e-20,-1.2577080800284826e-19,-3.388253831244777e-17,6.33799340760418e-19,-8.210646293553515e-18,0.13878946900367736,0.2748709112405777,-0.5046930462121964,80.04019470214844,-227.80650329589844,58.42330627441406,0.0,0.0,0.0,0.0,0.0,0.0,0.0,0.0,0.0,0.0,0.0,0.0
298,2.98,-2330.5193,857.43066,-2125.07,445.457,-2252.7551,39.278008,1.4837181867474932e-26,6.077921247535373e-27,-1.039128025804461e-25,-7.29863532453993e-24,1.1504524509651421e-23,-3.9149924763231157e-25,-2.013146090531682e-18,8.815556364345216e-19,1.6109808545745388e-17,1.9288862550254214e-15,-3.4986461959661646e-16,2.484243806586375e-16,0.11397508606314659,0.23791860789060593,-0.4519923061132431,87.43711547851562,-241.75391387939453,49.9392894744873,0.0,0.0,0.0,0.0,0.0,0.0,0.0,0.0,0.0,0.0,0.0,0.0
324,3.24,-2001.0231,831.2581,-1847.21,415.998,-1846.3396,23.7998,-3.0114766634533936e-23,-3.276456871674432e-23,4.254150762859322e-22,2.9067690726581837e-20,-5.309800015673205e-20,-1.955082141051953e-21,-1.1314042693173765e-14,-4.3800372874556843e-14,2.0653802696975546e-13,1.327081144628095e-11,-5.762408215523318e-12,-6.325882417716755e-13,0.08337185084819794,0.30453696846961975,-0.3839904606342316,99.06793518066407,-232.3592559814453,65.56803283691406,0.0,0.0,0.0,0.0,0.0,0.0,0.0,0.0,0.0,0.0,0.0,0.0
325,3.25,-1989.2325,833.0846,-1800.71,416.278,-1821.7871,18.691889,-8.000491111804824e-23,-5.034120883823244e-23,7.447872388732492e-22,5.1613559924020283e-20,-8.761674568875941e-20,-2.5364338276028986e-22,-2.388467623365382e-15,-4.0882122787446776e-14,1.18870328348359e-13,4.378516107084347e-12,-3.67968856340023e-12,-1.4499431386441608e-12,0.07524775192141533,0.31607478857040405,-0.373086741566658,100.63276596069336,-224.9137405395508,64.6262321472168,0.0,0.0,0.0,0.0,0.0,0.0,0.0,0.0,0.0,0.0,0.0,0.0
327,3.27,-1964.0691,838.40247,-1826.87,417.68,-1844.339,24.566803,-2.459988529519537e-22,-8.401437934145691e-23,1.5469091811631295e-21,1.0931850889815403e-19,-1.6634256641288674e-19,8.746532753113345e-21,4.601008871043134e-14,1.984465942604117e-14,-4.633386204008424e-13,-4.607787797150653e-11,1.1109980817269883e-11,-4.013553465270769e-12,0.07824147939682007,0.3266229659318924,-0.31706255972385405,100.3591697692871,-217.94660491943358,64.92925262451172,0.0,0.0,0.0,0.0,0.0,0.0,0.0,0.0,0.0,0.0,0.0,0.0
329,3.29,-1939.5387,844.024,-1788.82,416.167,-1822.6771,19.531355,-4.503755567166623e-22,-6.685807807351728e-23,1.919018530470481e-21,1.3946768544594968e-19,-1.7791666495183623e-19,2.7717636324136964e-20,1.4978787253507735e-13,2.1515724315038232e-13,-1.8666196734996864e-12,-1.5751324827784073e-10,4.7891308280201275e-11,-6.801623110216925e-12,0.09832382127642632,0.3161256700754166,-0.2840090334415436,96.03151397705078,-223.84551391601562,67.25739364624023,0.0,0.0,0.0,0.0,0.0,0.0,0.0,0.0,0.0,0.0,0.0,0.0
330,3.3,-1927.5591,846.8584,-1773.35,414.389,-1800.5537,18.073406,-5.023156405127382e-22,-6.49111687283431e-24,1.425492607880011e-21,1.0805118354295699e-19,-9.93015620295817e-20,4.007759505754434e-20,2.183831891364174e-13,3.7997263484506467e-13,-2.879144015213719e-12,-2.3295051859717473e-10,7.498413279183325e-11,-7.1582493404998e-12,0.10844055935740471,0.31005783975124357,-0.2885224878787994,93.5571891784668,-227.50829467773437,68.29084548950195,0.0,0.0,0.0,0.0,0.0,0.0,0.0,0.0,0.0,0.0,0.0,0.0
331,3.31,-1916.9547,848.7388,-1782.18,415.038,-1821.3539,19.491594,-4.485629361100171e-22,1.128404419752939e-22,2.7218015432476465e-23,1.3710176188983727e-20,8.408235935044714e-20,5.175771941021238e-20,2.844496746435762e-13,5.832901978260197e-13,-3.960403337742446e-12,-3.0782883742030973e-10,1.0454910340240708e-10,-5.646766604652798e-12,0.1175520434975624,0.30630704164505007,-0.2949884831905365,91.82960510253906,-230.76281127929687,69.24379425048828,0.0,0.0,0.0,0.0,0.0,0.0,0.0,0.0,0.0,0.0,0.0,0.0
332,3.32,-1905.4052,851.699,-1776.93,415.064,-1821.1462,19.494644,-2.0593525562406512e-22,3.1002623335581816e-22,-2.6989244583515568e-21,-1.73878485523626e-19,4.146207691095412e-19,5.851916643864185e-20,3.252534390906989e-13,7.988236537092436e-13,-4.842246699096608e-12,-3.585592933674775e-10,1.2981346969587194e-10,-9.698435285388722e-13,0.1267620302736759,0.3051573485136032,-0.2896127998828888,91.67125854492187,-232.93682098388672,70.40601654052735,0.0,0.0,0.0,0.0,0.0,0.0,0.0,0.0,0.0,0.0,0.0,0.0
333,3.33,-1894.3252,854.2449,-1774.73,415.101,-1821.4269,19.29579,3.290737756325723e-22,5.978031207207757e-22,-7.166366801675813e-21,-4.849334786412943e-19,9.29375106619986e-19,5.363799141542491e-20,3.043882664368128e-13,9.717192653822816e-13,-5.064899541440404e-12,-3.467304443560693e-10,1.3893787370600208e-10,8.419166665912803e-12,0.1368910402059555,0.30613158643245697,-0.2704476147890091,93.26203002929688,-233.2354934692383,71.59740447998047,0.0,0.0,0.0,0.0,0.0,0.0,0.0,0.0,0.0,0.0,0.0,0.0
334,3.34,-1883.1913,855.75006,-1768.47,414.359,-1821.7456,19.3404,1.2675952238816418e-21,9.730263375238624e-22,-1.3642380457900945e-20,-9.401635063616323e-19,1.6436440352753921e-18,2.763092630863253e-20,1.7008630086496646e-13,1.0084922914127547e-12,-3.93774112709272e-12,-2.1695111332431516e-10,1.1388164300463189e-10,2.407515315577813e-11,0.14891986548900604,0.3092727929353714,-0.24768997430801393,96.05595550537109,-231.38323364257812,72.48243865966796,0.0,0.0,0.0,0.0,0.0,0.0,0.0,0.0,0.0,0.0,0.0,0.0
336,3.36,-1862.2228,860.2388,-1763.18,414.152,-1822.4327,19.65021,4.6561009152974336e-21,1.8056960588255843e-21,-3.154198746373898e-20,-2.21949143319259e-18,3.462269981407344e-18,-1.365378498441432e-19,-7.083698292656079e-13,6.763042613455208e-14,6.245711651857444e-12,6.90812465564683e-10,-1.4199410293402882e-10,7.732016207850911e-11,0.16778046041727065,0.3140834718942642,-0.1951330229640007,101.39518966674805,-225.8799560546875,71.94122467041015,0.0,0.0,0.0,0.0,0.0,0.0,0.0,0.0,0.0,0.0,0.0,0.0
337,3.37,-1852.0973,861.7976,-1760.09,414.018,-1822.9724,19.870874,7.021437367045384e-21,2.0329457567692724e-21,-4.0319694343849843e-20,-2.8655251371041856e-18,4.2162765632922205e-18,-2.98783689889792e-19,-1.5884346247184433e-12,-1.3171263992667327e-12,1.7499848358609738e-11,1.6222795995446404e-09,-4.3276677519354936e-10,1.1226329518776446e-10,0.17058407962322236,0.31103175282478335,-0.16062602698802947,102.27259140014648,-222.7202896118164,69.240185546875,0.0,0.0,0.0,0.0,0.0,0.0,0.0,0.0,0.0,0.0,0.0,0.0
338,3.38,-1841.652,863.292,-1758.09,414.091,-1823.5653,20.285973,9.456324723738378e-21,1.8485213155565997e-21,-4.496260451526486e-20,-3.2386486924798087e-18,4.3832484293280925e-18,-5.221120160012851e-19,-2.809759022670555e-12,-3.6029558026298703e-12,3.3984270085551935e-11,2.933088505407966e-09,-8.646417193336475e-10,1.4560507938243815e-10,0.17182573825120925,0.3051720768213272,-0.12266139090061187,101.6331901550293,-218.80987396240235,65.60347023010254,0.0,0.0,0.0,0.0,0.0,0.0,0.0,0.0,0.0,0.0,0.0,0.0
339,3.39,-1832.0667,864.91895,-1757.17,415.054,-1823.7634,20.83499,1.1276483558976247e-20,9.207456412593965e-22,-4.0138954733772156e-20,-2.966412634104522e-18,3.3578049075782e-18,-7.953814375116223e-19,-4.318222602411881e-12,-6.9361533877598805e-12,5.5557574513143136e-11,4.577495271718135e-09,-1.4377588231084814e-09,1.6556558485314453e-10,0.1732236072421074,0.2987082123756409,-0.09626228660345078,99.66011657714844,-214.59302215576173,62.311977005004884,0.0,0.0,0.0,0.0,0.0,0.0,0.0,0.0,0.0,0.0,0.0,0.0
340,3.4,-1821.7565,865.7214,-1754.48,414.506,-1824.0009,20.908508,1.1341240491829211e-20,-1.1661044687580795e-21,-1.8401220900933033e-20,-1.523666776210617e-18,3.305422102965601e-19,-1.0815558355903094e-18,-5.920199313419472e-12,-1.1278492809824181e-11,8.037762469492726e-11,6.3638458502879304e-09,-2.108889651797341e-09,1.533699861555604e-10,0.1743750736117363,0.2926148295402527,-0.08802892416715621,96.74786529541015,-211.62215118408204,60.36528701782227,0.0,0.0,0.0,0.0,0.0,0.0,0.0,0.0,0.0,0.0,0.0,0.0
341,3.41,-1811.4512,866.4659,-1752.84,414.12,-1824.3279,20.948378,7.97416226693701e-21,-4.863071864510697e-21,2.9516694945171345e-20,1.749797606393311e-18,-5.655206249279506e-18,-1.304675346418512e-18,-7.210546612915203e-12,-1.6244873068255172e-11,1.0386398893724725e-10,7.875914365129688e-09,-2.7638262345419664e-09,8.243017258352525e-11,0.17348681390285492,0.28752546906471255,-0.09682090729475021,93.73317642211914,-210.7798812866211,60.14919586181641,0.0,0.0,0.0,0.0,0.0,0.0,0.0,0.0,0.0,0.0,0.0,0.0
342,3.42,-1801.5828,867.2254,-1751.78,414.105,-1824.0862,21.038828,-1.0261972879323306e-21,-1.0550932989888513e-20,1.1356173476798881e-19,7.573360996556888e-18,-1.554769597525151e-17,-1.33652040413452e-18,-7.497785768986742e-12,-2.089459646970049e-11,1.1752466430592358e-10,8.389179306789173e-09,-3.1855754034637583e-09,-8.083949629492105e-11,0.16905871778726578,0.2823271512985229,-0.12101036384701729,91.72344741821288,-211.62938537597657,61.30912322998047,0.0,0.0,0.0,0.0,0.0,0.0,0.0,0.0,0.0,0.0,0.0,0.0
343,3.43,-1791.2867,868.2687,-1751.41,414.804,-1823.4065,21.23241,-1.820371293023912e-20,-1.8356617993483755e-20,2.419406511585937e-19,1.6559854769568645e-17,-2.9986785302969236e-17,-9.867864662533874e-19,-5.7468657870679566e-12,-2.349679877750033e-11,1.0788031579167523e-10,6.8030382660566605e-09,-3.0241966708643986e-09,-3.732815542778489e-10,0.16098762303590775,0.2770842403173447,-0.16119311302900313,90.5638641357422,-213.50665893554688,62.934048080444335,0.0,0.0,0.0,0.0,0.0,0.0,0.0,0.0,0.0,0.0,0.0,0.0
344,3.44,-1781.3893,868.02985,-1747.73,414.484,-1823.2985,21.79486,-4.598434350088662e-20,-2.787457510455815e-20,4.1695029841506776e-19,2.8926269943632556e-17,-4.8815843488901745e-17,-3.1089053410225628e-21,-5.737319798936047e-13,-2.1317890855354627e-11,5.5909429169664906e-11,1.6248907455662654e-09,-1.7791223994034765e-09,-8.267217188606679e-10,0.15251000672578813,0.2742869943380356,-0.22259244024753572,89.86966018676758,-215.82776794433593,64.23478050231934,0.0,0.0,0.0,0.0,0.0,0.0,0.0,0.0,0.0,0.0,0.0,0.0
345,3.45,-1772.0718,867.95447,-1744.53,414.305,-1823.6313,22.303528,-8.581769635735106e-20,-3.778919569238984e-20,6.286933616342813e-19,4.405339941947546e-17,-7.037838800326209e-17,1.90977580058301e-18,9.657743138200003e-12,-1.0517239466475981e-11,-6.232322748156438e-11,-8.940071727359112e-09,1.1888141374094552e-09,-1.4534331405080537e-09,0.147772678732872,0.2769511312246323,-0.30914451777935026,89.04046249389648,-217.9639877319336,65.13533172607421,0.0,0.0,0.0,0.0,0.0,0.0,0.0,0.0,0.0,0.0,0.0,0.0
346,3.46,-1762.4669,867.68286,-1741.21,413.687,-1823.3167,22.362986,-1.3680923810959905e-19,-4.54212276973115e-20,8.466195172142675e-19,5.988744555317619e-17,-9.0612929778371e-17,5.039574555486047e-18,2.6569724545510987e-11,1.3714634431642812e-11,-2.729317244432039e-10,-2.672126928615626e-08,6.59131274005631e-09,-2.223904904674612e-09,0.14824857264757157,0.2854150623083115,-0.4182713389396667,87.75168304443359,-219.66732482910157,65.69561386108398,0.0,0.0,0.0,0.0,0.0,0.0,0.0,0.0,0.0,0.0,0.0,0.0
347,3.47,-1752.4915,868.2236,-1740.13,414.184,-1822.9321,22.233706,-1.9378374039705644e-19,-4.626614357918555e-20,1.0094452386574148e-18,7.221883707292399e-17,-1.02034320715659e-16,9.570696573995141e-18,5.1257633207346666e-11,5.65890587861384e-11,-5.98222277270466e-10,-5.305195962534981e-08,1.5061859492959683e-08,-3.0365030490031586e-09,0.15565869212150574,0.2994813472032547,-0.5486038565635681,85.81634902954102,-220.06145629882812,65.91119003295898,0.0,0.0,0.0,0.0,0.0,0.0,0.0,0.0,0.0,0.0,0.0,0.0
348,3.48,-1742.7534,867.6643,-1735.24,413.743,-1823.6024,22.905127,-2.448396839761054e-19,-3.3659041696440656e-20,1.0150268156164964e-18,7.394437950584594e-17,-9.280840079647372e-17,1.542998097761388e-17,8.3455711785696e-11,1.2249339459424747e-10,-1.0462299415703314e-09,-8.789040464307619e-08,2.6886816861804165e-08,-3.6807108694247858e-09,0.169875830411911,0.3173219203948975,-0.6938754379749298,82.92105484008789,-219.18926086425782,65.88490219116211,0.0,0.0,0.0,0.0,0.0,0.0,0.0,0.0,0.0,0.0,0.0,0.0
349,3.49,-1733.2222,867.5972,-1733.29,413.241,-1823.4646,22.637287,-2.686674978151568e-19,1.2112953797549158e-21,7.132614433488319e-19,5.452439986848168e-17,-4.62927206053386e-17,2.206617806252468e-17,1.2033439175662686e-10,2.128622639263611e-10,-1.594776932734021e-09,-1.2853521837996596e-07,4.15896575844954e-08,-3.7992189838575994e-09,0.19112868458032609,0.3345398843288422,-0.8422165989875794,79.09767227172851,-217.25237274169922,65.53979568481445,0.0,0.0,0.0,0.0,0.0,0.0,0.0,0.0,0.0,0.0,0.0,0.0
350,3.5,-1724.255,866.04645,-1728.72,411.452,-1823.8434,22.694368,-2.3223464826774606e-19,6.861404406067434e-20,-9.294005181900151e-20,-1.4036593250534838e-20,5.83750920900143e-17,2.816856092200541e-17,1.549524189514706e-10,3.2294932839072035e-10,-2.1697925900454606e-09,-1.6794754884585927e-07,5.7357839011729085e-08,-2.8594518086677566e-09,0.21791982501745225,0.3486280679702759,-0.9633976697921753,74.91134872436524,-215.3476104736328,64.81554641723633,0.0,0.0,0.0,0.0,0.0,0.0,0.0,0.0,0.0,0.0,0.0,0.0
351,3.51,-1714.6582,865.39044,-1725.25,410.765,-1823.5334,22.809895,-8.989684901398137e-20,1.784893918832709e-19,-1.631291292238801e-18,-1.0601347603019556e-16,2.438342191202158e-16,3.135395223181096e-17,1.7451465272877442e-10,4.374564432918504e-10,-2.6191574020728582e-09,-1.9282594649894235e-07,7.03402889712379e-08,-1.5219989088488538e-10,0.241894955933094,0.35737682282924654,-1.0252647399902344,71.22103881835938,-216.1318817138672,63.27750205993652,0.0,0.0,0.0,0.0,0.0,0.0,0.0,0.0,0.0,0.0,0.0,0.0
352,3.52,-1705.2576,864.40656,-1721.25,410.153,-1824.612,23.450253,2.1444532398616565e-19,3.3707663986769636e-19,-4.11889635344814e-18,-2.7938886647955645e-16,5.292047634518552e-16,2.7888665667466245e-17,1.5878876685748722e-10,5.252880019845918e-10,-2.685902589227851e-09,-1.8179320164790625e-07,7.390983753907676e-08,5.156631766034536e-09,0.2521098852157593,0.35960034728050233,-0.9938605785369873,70.36575241088867,-221.80335998535156,61.24748764038086,0.0,0.0,0.0,0.0,0.0,0.0,0.0,0.0,0.0,0.0,0.0,0.0
353,3.53,-1695.4135,863.57654,-1716.89,409.758,-1824.44,23.975555,7.399345491149731e-19,5.415002274156725e-19,-7.685373452410603e-18,-5.303224843062503e-16,9.208782113321723e-16,1.2564032623889042e-17,7.931839057090384e-11,5.342206899072721e-10,-1.9884116020385534e-09,-1.043596128624813e-07,5.8084600240704276e-08,1.3886985783528871e-08,0.23996320068836213,0.3556704312562943,-0.8179501712322235,77.24965896606446,-234.78954467773437,60.1268814086914,0.0,0.0,0.0,0.0,0.0,0.0,0.0,0.0,0.0,0.0,0.0,0.0
354,3.54,-1685.1318,862.6885,-1712.45,409.457,-1824.0848,24.406712,1.5334134195189352e-18,7.720541222268932e-19,-1.2250377615990482e-17,-8.547183048248432e-16,1.3985376979862632e-15,-2.109126992020731e-17,-9.957334082700414e-11,3.8705020299900637e-10,-2.0328708855155143e-11,7.828566350731592e-08,9.436598952250463e-09,2.6578760170536954e-08,0.19803216308355331,0.34257281124591826,-0.43186601996421814,99.10733947753906,-256.8817840576172,61.94962425231934,0.0,0.0,0.0,0.0,0.0,0.0,0.0,0.0,0.0,0.0,0.0,0.0
355,3.55,-1674.9902,861.6602,-1707.93,408.945,-1824.0289,25.17384,2.6033906497284264e-18,9.823888846038412e-19,-1.7350213933462243e-17,-1.2219897525812785e-15,1.8962116308598195e-15,-8.000966248767305e-17,-4.166094802471321e-10,-1.820407435904059e-11,3.811201187975399e-09,4.091736883538033e-07,-8.802454729561759e-08,4.3061272236855074e-08,0.11602832153439521,0.31405588090419767,0.25423753038048746,144.67014389038087,-289.6965850830078,68.62543334960938,0.0,0.0,0.0,0.0,0.0,0.0,0.0,0.0,0.0,0.0,0.0,0.0
356,3.56,-1664.355,860.78723,-1703.37,408.72,-1823.8888,25.779922,3.881246618999104e-18,1.0886445459652205e-18,-2.1918900043384716e-17,-1.5594820471292266e-15,2.279510016651358e-15,-1.6988468396304797e-16,-9.045076354574633e-10,-8.002708967724814e-10,1.0084566692825091e-08,9.262852643132646e-07,-2.503447944945947e-07,6.183527609948669e-08,-0.01706444756127894,0.2661071076989174,1.321713811159134,221.57523193359376,-334.9339996337891,81.15976409912109,0.0,0.0,0.0,0.0,0.0,0.0,0.0,0.0,0.0,0.0,0.0,0.0
357,3.57,-1653.7452,859.6807,-1698.74,407.816,-1823.3365,26.099316,5.169584558953507e-18,9.598813001362733e-19,-2.4048122331664192e-17,-1.7351510264448455e-15,2.3224518553958963e-15,-2.9224835789562673e-16,-1.5742363412840632e-09,-2.0738647354967553e-09,1.917190273204028e-08,1.6460874007862003e-06,-4.887362536010187e-07,7.928101197762771e-08,-0.2151079870760441,0.20153797268867493,2.8164142370224,333.24171142578126,-392.0733947753906,100.83908233642578,0.0,0.0,0.0,0.0,0.0,0.0,0.0,0.0,0.0,0.0,0.0,0.0
358,3.58,-1644.4125,858.2894,-1693.63,406.934,-1823.7585,27.029226,6.0815061443088666e-18,4.1398032577235203e-19,-2.0780106762884797e-17,-1.5421883025000775e-15,1.6906330499678802e-15,-4.4007241814852716e-16,-2.3911133517628967e-09,-3.91056702575554e-09,3.0929847483207594e-08,2.5381606064911467e-06,-8.015624189283698e-07,8.877202120061157e-08,-0.4906114250421524,0.12589236199855805,4.7057719945907595,476.141259765625,-456.60654296875,128.26922073364258,0.0,0.0,0.0,0.0,0.0,0.0,0.0,0.0,0.0,0.0,0.0,0.0
359,3.59,-1633.5533,857.1677,-1688.49,406.446,-1823.7032,28.003857,5.980945921317887e-18,-7.74561516043634e-19,-8.028237831080362e-18,-6.921634363527281e-16,-5.809438069772377e-17,-5.918548327705364e-16,-3.2424088969307263e-09,-6.276077879618924e-09,4.42572453351886e-08,3.490323047117272e-06,-1.1627177855189076e-06,7.987870134229525e-08,-0.8390847265720367,0.05159569755196571,6.791019487380981,635.5542541503906,-516.895068359375,162.3497756958008,0.0,0.0,0.0,0.0,0.0,0.0,0.0,0.0,0.0,0.0,0.0,0.0
360,3.6,-1622.9338,855.71906,-1683.06,405.565,-1823.3257,28.963984,3.943444231772375e-18,-2.8461196040107834e-18,1.9229546199460364e-17,1.1731660323477118e-15,-3.439120271354066e-15,-7.045841289679181e-16,-3.898414902003821e-09,-8.940864404394233e-09,5.653045995757111e-08,4.266025325705414e-06,-1.5065773823152996e-06,3.799165488871381e-08,-1.2248202323913575,0.0066469660378061235,8.625120687484742,777.8723999023438,-550.6408569335938,200.33256072998046,0.0,0.0,0.0,0.0,0.0,0.0,0.0,0.0,0.0,0.0,0.0,0.0
361,3.61,-1612.3065,854.2045,-1676.93,404.789,-1823.0144,30.402435,-1.2312763887012608e-18,-5.9959432848499025e-18,6.628677219049304e-17,4.437399336966799e-15,-8.951458374385312e-15,-7.066886087951511e-16,-3.9728052847465275e-09,-1.1366622221231637e-08,6.29747333391606e-08,4.459844194570905e-06,-1.7109162968154124e-06,-5.512309382282865e-08,-1.566545295715332,0.03563814270310104,9.428115844726562,842.1966674804687,-523.165087890625,235.49717559814454,0.0,0.0,0.0,0.0,0.0,0.0,0.0,0.0,0.0,0.0,0.0,0.0
362,3.62,-1601.146,852.47296,-1670.73,403.712,-1822.6797,31.978802,-1.0909918281176561e-17,-1.0271438907606682e-17,1.3733426195903782e-16,9.415277268565885e-15,-1.6908603491416937e-14,-4.931287831953473e-16,-2.8938259788446884e-09,-1.2580691510777342e-08,5.6104823897840106e-08,3.462991912783764e-06,-1.5811416801625456e-06,-2.19128655487566e-07,-1.718326783180237,0.19875867664813995,7.99905161857605,734.4946716308593,-384.4995056152344,254.92474670410155,0.0,0.0,0.0,0.0,0.0,0.0,0.0,0.0,0.0,0.0,0.0,0.0
363,3.63,-1589.2223,850.9684,-1663.75,403.105,-1822.052,33.421406,-2.6361731450287862e-17,-1.5418056755493623e-17,2.3312884895604353e-16,1.6190767378464503e-14,-2.7166911942429468e-14,7.383398207877921e-17,9.459255045918268e-11,-1.1065743343863233e-08,2.5472608378152016e-08,4.589040081270923e-07,-8.419355168598486e-07,-4.704098898855591e-07,-1.453594160079956,0.5706862688064576,2.6840224102139474,324.8047985076904,-68.9904769897461,238.91453704833984,0.0,0.0,0.0,0.0,0.0,0.0,0.0,0.0,0.0,0.0,0.0,0.0
364,3.64,-1577.4011,849.31104,-1656.49,402.101,-1821.8914,35.268524,-4.8275639624111946e-17,-2.067274699118154e-17,3.475198120377014e-16,2.437343624590036e-14,-3.873847382739222e-14,1.1530726903031657e-15,5.8739061836732274e-09,-4.7131166226732635e-09,-4.19109742910706e-08,-5.521334287550417e-06,8.541286184993169e-07,-8.139335989199026e-07,-0.45873107835650445,1.2344604790210725,-8.552023339271546,-547.2089084625244,496.98433380126954,160.4755615234375,0.0,0.0,0.0,0.0,0.0,0.0,0.0,0.0,0.0,0.0,0.0,0.0
365,3.65,-1565.1189,847.4476,-1648.9,401.05,-1821.3727,37.25093,-7.600043816525347e-17,-2.4519121453993723e-17,4.62824829548565e-16,3.2771021004273854e-14,-4.929865719750966e-14,2.8956073294190065e-15,1.529780124798208e-08,9.08575497060582e-09,-1.5997323998817592e-07,-1.5444344353454652e-05,3.887628145093913e-06,-1.2309441217439598e-06,1.6536473751068115,2.265032744407654,-27.84857807159424,-2051.903601074219,1378.6870239257812,-13.441975927352905,0.0,0.0,0.0,0.0,0.0,0.0,0.0,0.0,0.0,0.0,0.0,0.0
366,3.66,-1552.9229,845.57886,-1640.14,400.23,-1820.7988,39.9965,-1.0648073811595369e-16,-2.444358993790028e-17,5.443941367798676e-16,3.899999253935155e-14,-5.464068393167161e-14,5.390682508937903e-15,2.8903069093644263e-08,3.310767890951638e-08,-3.4017572261291205e-07,-2.9974585959280376e-05,8.586361173001932e-06,-1.662354020481871e-06,5.290105271339416,3.695744252204895,-56.864783096313474,-4325.549780273437,2604.936413574219,-318.2823196411133,0.0,0.0,0.0,0.0,0.0,0.0,0.0,0.0,0.0,0.0,0.0,0.0
367,3.67,-1540.4513,843.7717,-1631.67,399.183,-1819.6968,42.815247,-1.3292926777858633e-16,-1.676850016030106e-17,5.352707449049915e-16,3.909549584296765e-14,-4.819516503549656e-14,8.579986019081366e-15,4.6445239476611275e-08,6.960124636634646e-08,-5.856573409346311e-07,-4.898456791124772e-05,1.5074586372065824e-05,-1.9888830820491423e-06,10.766518783569335,5.466504192352295,-95.8299789428711,-7393.706591796875,4125.134448242187,-784.2224487304687,0.0,0.0,0.0,0.0,0.0,0.0,0.0,0.0,0.0,0.0,0.0,0.0
368,3.68,-1526.7354,842.1717,-1621.66,398.362,-1818.7462,45.89505,-1.4339566215506962e-16,3.313669548622091e-18,3.5268214433199333e-16,2.7240253814826784e-14,-2.0823878156581117e-14,1.213636828227972e-14,6.623663573179783e-08,1.1909584500813253e-07,-8.824140024898953e-07,-7.084680546540767e-05,2.3042678185447586e-05,-2.0109940237489354e-06,18.147647285461424,7.360670471191407,-142.20657043457032,-11066.00341796875,5753.167724609375,-1422.0569213867188,0.0,0.0,0.0,0.0,0.0,0.0,0.0,0.0,0.0,0.0,0.0,0.0
369,3.69,-1513.8499,840.1435,-1611.51,396.814,-1817.97,49.76266,-1.195748358208452e-16,4.132586200857699e-17,-1.1082778221471835e-16,-4.1918295513081264e-15,3.878984963672004e-14,1.5310907499932774e-14,8.430427556049835e-08,1.786162869166219e-07,-1.1874346228069044e-06,-9.151957128779031e-05,3.143305602861801e-05,-1.4346120110531046e-06,27.1705602645874,8.96105146408081,-190.26163482666016,-14906.1970703125,7154.836767578125,-2215.107531738281,0.0,0.0,0.0,0.0,0.0,0.0,0.0,0.0,0.0,0.0,0.0,0.0
370,3.7,-1501.3322,838.8226,-1600.64,395.554,-1816.3214,54.338894,-3.6448058421025383e-17,1.0248056348030769e-16,-9.775965274500773e-16,-6.399384738483074e-14,1.4271147604589738e-13,1.676556283532844e-14,9.345694707008079e-08,2.392920123384101e-07,-1.4145754789751663e-06,-0.00010351349847042002,3.80600948119536e-05,1.2751465092719627e-07,37.43594512939453,9.658515167236327,-235.24193572998047,-18564.118359375,8041.38427734375,-3134.0948974609373,0.0,0.0,0.0,0.0,0.0,0.0,0.0,0.0,0.0,0.0,0.0,0.0
371,3.71,-1487.4811,837.9567,-1588.33,394.596,-1813.9142,59.68943,1.3634698980334803e-16,1.8978146142427188e-16,-2.361207583199721e-15,-1.6051897089091813e-13,3.0074584587026084e-13,1.4429348558012145e-14,8.246312930282329e-08,2.8352595222713716e-07,-1.4203888440533774e-06,-9.494480982539245e-05,3.9218775782501325e-05,3.1244731985680117e-06,48.52912559509277,8.910777282714843,-276.3907867431641,-22005.357421875,8301.61357421875,-4138.804760742188,0.0,0.0,0.0,0.0,0.0,0.0,0.0,0.0,0.0,0.0,0.0,0.0
372,3.72,-1473.4202,838.024,-1574.26,393.909,-1810.9454,65.850235,4.302075256906908e-16,3.010140265810536e-16,-4.323247586577358e-15,-2.986926488481381e-13,5.152842508151372e-13,5.444522326521374e-15,3.569747937803846e-08,2.8217932026564083e-07,-9.942281394614837e-07,-4.904858324152883e-05,2.939201658591628e-05,7.987224353200873e-06,60.157292175292966,6.462117338180542,-315.58310852050784,-25396.96796875,7940.74140625,-5187.718212890625,0.0,0.0,0.0,0.0,0.0,0.0,0.0,0.0,0.0,0.0,0.0,0.0
373,3.73,-1458.7119,838.22,-1558.71,393.255,-1807.5394,72.96533,8.688723471344487e-16,4.245033570079521e-16,-6.8052716189174895e-15,-4.752611309057422e-13,7.735719291697418e-13,-1.3695692114242311e-14,-6.619300894072921e-08,1.9265466093543183e-07,1.402884294066098e-07,5.526399618247524e-05,1.2398821382930691e-06,1.4978769468143582e-05,72.16468658447266,2.3213802421465517,-355.50530395507815,-28955.5443359375,7029.137890625,-6248.1720703125,0.0,0.0,0.0,0.0,0.0,0.0,0.0,0.0,0.0,0.0,0.0,0.0
374,3.74,-1444.3074,838.2102,-1541.52,392.339,-1802.5114,81.00519,1.4538837624961012e-15,5.337825980139163e-16,-9.533535053518789e-15,-6.720750421029126e-13,1.037344136371049e-12,-4.66795327299643e-14,-2.4384617205441825e-07,-4.0685096891479586e-08,2.3021873630568734e-06,0.00024099084839690477,-5.385994882090017e-05,2.3954651078383903e-05,84.1090187072754,-3.2130015194416046,-397.59027099609375,-32776.3634765625,5674.75234375,-7271.3890625,0.0,0.0,0.0,0.0,0.0,0.0,0.0,0.0,0.0,0.0,0.0,0.0
375,3.75,-1430.5925,838.1655,-1523.47,391.479,-1796.3872,90.17035,2.143166723021859e-15,5.817858768408167e-16,-1.1900135282565116e-14,-8.476232086010449e-13,1.2305380455920888e-12,-9.641201072631105e-14,-5.140409626847031e-07,-4.816860126766187e-07,5.795125889562769e-06,0.0005277574789943173,-0.00014436675191973337,3.402294623811031e-05,94.9296760559082,-9.562961530685424,-441.1153961181641,-36759.937890625,4028.10185546875,-8173.671875,0.0,0.0,0.0,0.0,0.0,0.0,0.0,0.0,0.0,0.0,0.0,0.0
376,3.76,-1417.3813,837.9586,-1502.98,390.011,-1788.0469,100.04775,2.82282780219537e-15,4.959056748338021e-16,-1.2834908476473933e-14,-9.277717157897546e-13,1.2270514248777232e-12,-1.6338111012747028e-13,-8.808882739685942e-07,-1.1904859434253012e-06,1.0799366373248631e-05,0.0009225902264006436,-0.00027581757603911683,4.3113623178214766e-05,103.36496658325196,-16.091511154174803,-484.08863830566406,-40702.305859375,2262.443640136719,-8867.25771484375,0.0,0.0,0.0,0.0,0.0,0.0,0.0,0.0,0.0,0.0,0.0,0.0
377,3.77,-1403.4807,838.20465,-1481.04,387.743,-1778.875,110.476295,3.2744612592209187e-15,1.7625240771011287e-16,-1.0698810306924382e-14,-7.978118166107606e-13,8.423599925228009e-13,-2.4322665734786977e-13,-1.3226106716501818e-06,-2.2014936007508368e-06,1.719981646601809e-05,0.0014058628701604902,-0.00044636430975515396,4.750434309244156e-05,108.66087265014649,-22.370558738708496,-524.4851135253906,-44412.31875,529.3314250946045,-9301.20029296875,0.0,0.0,0.0,0.0,0.0,0.0,0.0,0.0,0.0,0.0,0.0,0.0
378,3.78,-1390.2507,838.4208,-1456.71,384.62,-1766.8848,120.45495,3.1437914557996003e-15,-4.993256894723495e-16,-3.2518947397890677e-15,-2.9950016567552393e-13,-1.6478153206083562e-13,-3.23508255774263e-13,-1.7738198948791251e-06,-3.488511742943956e-06,2.4342764118046033e-05,0.0019121908931992947,-0.0006403739331290126,4.1407709795748814e-05,110.71527481079102,-28.178507232666014,-560.5438110351563,-47734.61484375,-1070.1674682617188,-9467.811328125,0.0,0.0,0.0,0.0,0.0,0.0,0.0,0.0,0.0,0.0,0.0,0.0
379,3.79,-1378.3862,838.3876,-1433.8,383.072,-1754.001,131.2952,1.9215710667346964e-15,-1.6586293288360632e-15,1.2223858400104912e-14,7.612863451070782e-13,-2.0715641875501677e-12,-3.799117243670144e-13,-2.104502027577837e-06,-4.9156149543705395e-06,3.072894032811746e-05,0.0023073884658515453,-0.0008202349883504212,1.6804971778583422e-05,109.86298294067383,-33.357552719116214,-590.8773803710938,-50549.552734375,-2486.8476684570314,-9393.43623046875,0.0,0.0,0.0,0.0,0.0,0.0,0.0,0.0,0.0,0.0,0.0,0.0
380,3.8,-1365.8557,838.87384,-1408.33,382.345,-1737.2052,139.94243,-1.0458174249293703e-15,-3.4010780099896257e-15,3.8538565242697556e-14,2.588621027602156e-12,-5.1396738427744726e-12,-3.7253301572032217e-13,-2.099075959449692e-06,-6.175466796776163e-06,3.367736280779354e-05,0.002364871837198734,-0.0009172014833893627,-3.6189890715832006e-05,106.68173751831054,-37.767514038085935,-614.660595703125,-52782.594140625,-3713.5371826171877,-9123.93515625,0.0,0.0,0.0,0.0,0.0,0.0,0.0,0.0,0.0,0.0,0.0,0.0
381,3.81,-1354.1053,838.91766,-1383.21,380.74,-1719.717,149.17044,-6.491291963721608e-15,-5.740307936356382e-15,7.781586789865069e-14,5.343065139634673e-12,-9.52006503143754e-12,-2.434563903014504e-13,-1.4420436684758897e-06,-6.722223361066426e-06,2.9035916122666093e-05,0.0017482522060163319,-0.0008231854008045048,-0.00012804749567294494,101.85033493041992,-41.321709060668944,-631.7244812011719,-54415.916796875,-4775.887841796875,-8711.18046875,0.0,0.0,0.0,0.0,0.0,0.0,0.0,0.0,0.0,0.0,0.0,0.0
382,3.82,-1343.2625,838.36487,-1358.62,377.985,-1702.1733,158.23434,-1.5076174426161166e-14,-8.51902336380158e-15,1.301910910621231e-13,9.051158303755025e-12,-1.51019761800153e-11,8.24048601080887e-14,2.791279854363893e-07,-5.714577537219157e-06,1.1071900769366038e-05,1.1320665362291037e-05,-0.00038692124144290574,-0.00026714991836342963,96.03098831176757,-44.00834655761719,-642.5346984863281,-55489.347265625,-5720.1384765625,-8203.7576171875,0.0,0.0,0.0,0.0,0.0,0.0,0.0,0.0,0.0,0.0,0.0,0.0
383,3.83,-1332.5823,838.2239,-1334.0,376.617,-1682.5704,164.9387,-2.7118950565263676e-14,-1.1296140313020366e-14,1.918932853871465e-13,1.3470771807050363e-11,-2.1300073337060522e-11,6.903862870928299e-13,3.5385197520554355e-06,-1.9960546312702832e-06,-2.725388931139605e-05,-0.0033681568107567727,0.0005801909228466684,-0.00045523824519477785,89.76849670410157,-45.85230560302735,-647.9612731933594,-56078.45390625,-6600.5462890625,-7641.100439453125,0.0,0.0,0.0,0.0,0.0,0.0,0.0,0.0,0.0,0.0,0.0,0.0
384,3.84,-1321.5468,838.3254,-1309.55,376.436,-1662.2401,170.78143,-4.217366371764026e-14,-1.3214836804041965e-14,2.527204587634592e-13,1.7912154051669128e-11,-2.6786894924413218e-11,1.659461522189598e-12,8.78382984410564e-06,5.846218061833497e-06,-9.335208378615789e-05,-0.008899341197684407,0.002281230059452355,-0.0006806095130741596,83.44881439208984,-46.88774795532227,-648.9990234375,-56271.553515625,-7470.1357421875,-7052.589892578125,0.0,0.0,0.0,0.0,0.0,0.0,0.0,0.0,0.0,0.0,0.0,0.0
385,3.85,-1310.6526,839.03754,-1285.49,377.345,-1641.2303,175.78941,-5.844589440510365e-14,-1.2874131353536079e-14,2.9311297312928364e-13,2.1027965826925232e-11,-2.920138037626474e-11,3.0319159943087425e-12,1.6273592336801812e-05,1.928831670738873e-05,-0.00019307286420371382,-0.016909168753772973,0.004884872026741505,-0.0009090347564779222,77.31444396972657,-47.160810470581055,-646.6050109863281,-56155.147265625,-8373.127001953126,-6460.016015625,0.0,0.0,0.0,0.0,0.0,0.0,0.0,0.0,0.0,0.0,0.0,0.0
386,3.86,-1300.2659,839.5737,-1261.98,379.263,-1618.9122,180.39299,-7.207293708242148e-14,-8.246866129782969e-15,2.813472789161067e-13,2.060770182971128e-11,-2.490068359839448e-11,4.7657024594000005e-12,2.5819048278208357e-05,3.947455188608728e-05,-0.00032743164920248093,-0.027269700914621352,0.008440974447876216,-0.0010730440611951054,71.50156860351562,-46.74196929931641,-641.6107238769531,-55806.7265625,-9338.9912109375,-5879.430859375,0.0,0.0,0.0,0.0,0.0,0.0,0.0,0.0,0.0,0.0,0.0,0.0
387,3.87,-1290.6333,840.06146,-1238.71,381.483,-1595.0034,182.86485,-7.636171426086968e-14,3.2868476072970756e-15,1.7182784532786093e-13,1.3443970502818869e-11,-8.872563354324608e-12,6.667811138297286e-12,3.642019109975081e-05,6.655196521023753e-05,-0.000487734071793966,-0.03900828659534454,0.012753099203109741,-0.0010613384889438747,66.07109222412109,-45.74088325500488,-634.7238403320313,-55294.986328125,-10381.30126953125,-5324.39501953125,0.0,0.0,0.0,0.0,0.0,0.0,0.0,0.0,0.0,0.0,0.0,0.0
388,3.88,-1279.9861,841.1558,-1215.75,384.411,-1570.019,183.92097,-6.117927006470645e-14,2.4692074794064376e-14,-9.396042966160621e-14,-4.620388300473691e-12,2.5013154221487087e-11,8.311257411464102e-12,4.580821769195609e-05,9.868397100945003e-05,-0.0006490909494459629,-0.04981001317501068,0.017206594441086055,-0.0007117095985449851,61.04396095275879,-44.30107307434082,-626.55341796875,-54680.7078125,-11498.22978515625,-4807.669091796875,0.0,0.0,0.0,0.0,0.0,0.0,0.0,0.0,0.0,0.0,0.0,0.0
389,3.89,-1269.8129,842.7651,-1191.26,387.574,-1543.7509,182.52612,-1.2827516208185007e-14,5.869158241009199e-14,-5.816219386537217e-13,-3.830820556605108e-11,8.317150544667751e-11,8.945793411596625e-12,4.9946989383897745e-05,0.00013074413873255254,-0.0007628017337992787,-0.0554640244692564,0.020563251711428164,0.00018704393005464226,56.426499938964845,-42.593102645874026,-617.578466796875,-54012.45703125,-12681.421875,-4339.012158203125,0.0,0.0,0.0,0.0,0.0,0.0,0.0,0.0,0.0,0.0,0.0,0.0
390,3.9,-1260.1039,844.368,-1167.14,390.559,-1516.7699,179.52989,8.510217914213785e-14,1.0669861803987158e-13,-1.3503349697088774e-12,-9.19872220062068e-11,1.7059546553177541e-10,7.423932258873723e-12,4.2608348303474485e-05,0.00015279059298336505,-0.0007488837116397917,-0.04937131740152836,0.02075423263013363,0.001876301527954638,52.21632347106934,-40.796699142456056,-608.1226623535156,-53320.608984375,-13923.9072265625,-3921.153466796875,0.0,0.0,0.0,0.0,0.0,0.0,0.0,0.0,0.0,0.0,0.0,0.0
391,3.91,-1250.2312,846.1662,-1144.41,393.742,-1488.9603,175.18474,2.4923318075152635e-13,1.6714592627727412e-13,-2.4285615402366846e-12,-1.6798978458298918e-10,2.8797623730092426e-10,2.179496123508318e-12,1.5221806796716919e-05,0.00014858387585263698,-0.0004911862080916763,-0.022323536209296436,0.014733420498669148,0.004581756400875747,48.389452362060545,-39.046213150024414,-598.4123657226562,-52622.458203125,-15222.98740234375,-3547.166259765625,0.0,0.0,0.0,0.0,0.0,0.0,0.0,0.0,0.0,0.0,0.0,0.0
392,3.92,-1240.0686,847.6578,-1121.1,397.468,-1460.7968,169.95546,4.914864603624766e-13,2.3315587335164324e-13,-3.77629633292742e-12,-2.639738552745463e-10,4.274310100305101e-10,-8.685119008526587e-12,-4.2696212858572835e-05,9.464572540309745e-05,0.00016096660901894212,0.03712328327819705,-0.0015066333900904283,0.00842910334467888,44.87690048217773,-37.39145202636719,-588.6566772460938,-51932.640625,-16577.372265625,-3201.5262939453123,0.0,0.0,0.0,0.0,0.0,0.0,0.0,0.0,0.0,0.0,0.0,0.0
393,3.93,-1230.1271,849.4572,-1099.19,401.958,-1431.5803,163.28642,8.109716620029877e-13,2.896475187518302e-13,-5.232777666036581e-12,-3.69233260633095e-10,5.668398306291067e-10,-2.712725773179603e-11,-0.00014211886882549153,-3.934084488719236e-05,0.0013789495045784862,0.14123377650976182,-0.03260763138532639,0.013310961984097957,41.56454429626465,-35.816873168945314,-579.1115417480469,-51269.269921875,-17983.76953125,-2865.7329345703124,0.0,0.0,0.0,0.0,0.0,0.0,0.0,0.0,0.0,0.0,0.0,0.0
394,3.94,-1222.365,850.433,-1079.0,406.864,-1402.3922,155.9208,1.1821719167817713e-12,3.1024026121533045e-13,-6.452048921176679e-12,-4.6010228960113864e-10,6.632233651160391e-10,-5.461754833124832e-11,-0.00029159133409848435,-0.00028764772869180886,0.0033215876668691636,0.3000903591513634,-0.08301446214318275,0.01870000921189785,38.332807540893555,-34.28703308105469,-570.0654052734375,-50652.859765625,-19436.7109375,-2525.0572998046873,0.0,0.0,0.0,0.0,0.0,0.0,0.0,0.0,0.0,0.0,0.0,0.0
395,3.95,-1210.5836,852.80884,-1060.92,411.459,-1372.4885,147.60255,1.539563788954812e-12,2.5471573228451684e-13,-6.834747611622616e-12,-4.950150067628556e-10,6.462959500908028e-10,-9.12276768016973e-11,-0.0004923077794956043,-0.0006816785054979846,0.006074398430064321,0.5164287149906158,-0.15542052909731865,0.023415102064609526,35.10235824584961,-32.794701385498044,-561.763037109375,-50101.0703125,-20934.3435546875,-2172.130517578125,0.0,0.0,0.0,0.0,0.0,0.0,0.0,0.0,0.0,0.0,0.0,0.0
396,3.96,-1201.9987,853.37085,-1041.31,416.558,-1341.3444,138.46983,1.7600452128715972e-12,6.834648102191972e-14,-5.4735742847922264e-12,-4.1041549880826975e-10,4.143448611992895e-10,-1.342881972288268e-10,-0.0007308068859856575,-0.001237589947413653,0.009554076008498669,0.7778624057769775,-0.24828539788722992,0.025368079356849194,31.857703399658202,-31.381056213378905,-554.3654907226562,-49624.27109375,-22480.18125,-1807.5478637695312,0.0,0.0,0.0,0.0,0.0,0.0,0.0,0.0,0.0,0.0,0.0,0.0
397,3.97,-1191.9845,854.5134,-1023.86,420.592,-1309.624,128.75827,1.6465151616261442e-12,-3.1494031558013116e-13,-1.1421422618437815e-12,-1.1958126468203378e-10,-1.6409985661991477e-10,-1.7662398349438392e-10,-0.0009692879393696785,-0.0019369281362742186,0.013374837581068277,1.0464279234409333,-0.35231400430202486,0.02135097496211529,28.63511543273926,-30.113021278381346,-547.9549499511719,-49226.5140625,-24078.6390625,-1436.8479736328125,0.0,0.0,0.0,0.0,0.0,0.0,0.0,0.0,0.0,0.0,0.0,0.0
398,3.98,-1181.8517,855.2902,-1006.68,424.334,-1276.5706,118.41573,9.18748643786646e-13,-9.629193980804223e-13,7.628419619078175e-12,4.825286975540521e-10,-1.2378548130964616e-09,-2.0451232513041261e-10,-0.0011342850746586918,-0.002699651662260294,0.01668180711567402,1.2461408734321595,-0.44600166082382203,0.006967319711111486,25.485235595703124,-29.04259090423584,-542.5573547363281,-48907.1625,-25732.7685546875,-1066.9724670410155,0.0,0.0,0.0,0.0,0.0,0.0,0.0,0.0,0.0,0.0,0.0,0.0
399,3.99,-1171.8258,855.92584,-990.588,427.962,-1242.5166,107.89781,-7.787381724480853e-13,-1.925799743198592e-12,2.232589599304724e-11,1.5042090795169827e-09,-2.9436191928411405e-09,-1.9573064558020548e-10,-0.001105638244189322,-0.003350666188634932,0.01797164361923933,1.250519335269928,-0.49073565006256104,-0.023135342495515944,22.44013957977295,-28.18004493713379,-538.1816040039063,-48664.90625,-27443.3140625,-702.864111328125,0.0,0.0,0.0,0.0,0.0,0.0,0.0,0.0,0.0,0.0,0.0,0.0
400,4.0,-1161.6322,855.9857,-975.234,431.401,-1207.84,97.74743,-3.838221992839841e-12,-3.2041850726513554e-12,4.401661812813984e-11,3.0267252260074428e-09,-5.352438670058746e-09,-1.1837979520257224e-10,-0.0007094376749591901,-0.0035840538097545505,0.014943622704595327,0.8738870441913604,-0.4265432238578796,-0.0745190892368555,19.496563529968263,-27.497216987609864,-534.8417663574219,-48500.5828125,-29210.97265625,-343.98035736083983,0.0,0.0,0.0,0.0,0.0,0.0,0.0,0.0,0.0,0.0,0.0,0.0
401,4.01,-1151.493,855.9865,-960.736,434.382,-1172.6359,88.03893,-8.60267621027866e-12,-4.702077616158818e-12,7.261933762658934e-11,5.053778329155989e-09,-8.38586995399737e-09,6.842267715953532e-11,0.00027913536941923665,-0.0029338398249819874,0.004455776058603078,-0.12730002906173468,-0.17040613498538731,-0.15144039392471315,16.62274799346924,-26.945388793945312,-532.5690734863281,-48417.1203125,-31038.8259765625,15.82623827457428,0.0,0.0,0.0,0.0,0.0,0.0,0.0,0.0,0.0,0.0,0.0,0.0
402,4.02,-1140.3873,856.5128,-946.555,437.039,-1137.044,79.22074,-1.521361535014587e-11,-6.165285859963121e-12,1.0584734200236312e-10,7.437172211410825e-09,-1.1699075930238223e-08,4.104285161732335e-10,0.002114607917610556,-0.0007664683625534963,-0.01730126803740859,-2.034053099155426,0.3799179919064045,-0.2543071448802948,13.778207302093506,-26.473561668395995,-531.4170166015625,-48420.360546875,-32934.8369140625,386.4825714111328,0.0,0.0,0.0,0.0,0.0,0.0,0.0,0.0,0.0,0.0,0.0,0.0
403,4.03,-1130.1912,855.5117,-930.872,438.482,-1101.1014,70.78479,-2.337740157704049e-11,-7.110432164933456e-12,1.37831530910848e-10,9.779115295316387e-09,-1.4535643266810894e-08,9.487627017357169e-10,0.005030858819372952,0.003682209807448089,-0.05426085069775581,-5.113658094406128,1.33254736661911,-0.3759213209152222,10.91582612991333,-26.053082084655763,-531.4674011230469,-48520.8625,-34911.151953125,779.8010131835938,0.0,0.0,0.0,0.0,0.0,0.0,0.0,0.0,0.0,0.0,0.0,0.0
404,4.04,-1118.7979,855.64154,-916.188,439.92,-1065.4705,63.293213,-3.2045051681639516e-11,-6.757554758818341e-12,1.5754749588259287e-10,1.131920974728473e-08,-1.557217235159669e-08,1.7028916277084249e-09,0.009149602614343166,0.011194824473932385,-0.10938584581017494,-9.524405002593994,2.7737216711044312,-0.4965184718370438,7.977232122421265,-25.691884994506836,-532.823779296875,-48733.142578125,-36978.274609375,1208.9590393066405,0.0,0.0,0.0,0.0,0.0,0.0,0.0,0.0,0.0,0.0,0.0,0.0
405,4.05,-1107.9948,854.90704,-902.512,440.251,-1029.0334,56.384758,-3.902252410092899e-11,-3.990451393799665e-12,1.4734605757737996e-10,1.0826458485269086e-08,-1.279081143223948e-08,2.6441894673823184e-09,0.014337059203535318,0.022348886355757713,-0.18284036517143248,-15.163979816436768,4.720596361160278,-0.5779967129230499,4.891695547103882,-25.43645076751709,-535.5978454589844,-49073.912890625,-39142.141796875,1687.804931640625,0.0,0.0,0.0,0.0,0.0,0.0,0.0,0.0,0.0,0.0,0.0,0.0
406,4.06,-1096.7781,854.32056,-889.374,440.505,-992.8627,50.261307,-4.0565912434731286e-11,2.6168387742093665e-12,8.213747876295585e-11,6.534323526707908e-09,-3.4454220323998363e-09,3.6593714947130706e-09,0.020004058070480824,0.03714536130428314,-0.2692981421947479,-21.455059623718263,7.050765943527222,-0.5583471477031707,1.573231842275709,-25.36181049346924,-539.9025756835938,-49560.32890625,-41405.262109375,2229.6828857421874,0.0,0.0,0.0,0.0,0.0,0.0,0.0,0.0,0.0,0.0,0.0,0.0
407,4.07,-1085.5674,853.38995,-876.695,440.053,-957.00806,45.19392,-3.107199116059167e-11,1.4653164358974236e-11,-6.990251934013486e-11,-3.820573836466057e-09,1.5779907958091143e-08,4.505497219753352e-09,0.024857763946056367,0.05446431338787079,-0.3544019490480423,-27.07487258911133,9.408269023895263,-0.3481921389698982,-2.0745765030384065,-25.553156280517577,-545.8234558105469,-50205.364453125,-43767.7046875,2846.9017578125,0.0,0.0,0.0,0.0,0.0,0.0,0.0,0.0,0.0,0.0,0.0,0.0
408,4.08,-1074.3318,852.2841,-865.084,439.115,-921.7778,40.96749,-3.04936932909311e-12,3.3534626638076495e-11,-3.4388642072835653e-10,-2.2770211316469614e-08,4.828727462324878e-08,4.7624422183645265e-09,0.02663583718240261,0.07135208919644356,-0.4106633186340332,-29.659152793884278,11.09281940460205,0.16751443250104786,-6.145626354217529,-26.07849178314209,-553.3898803710938,-51015.476171875,-46226.94921875,3550.551806640625,0.0,0.0,0.0,0.0,0.0,0.0,0.0,0.0,0.0,0.0,0.0,0.0
409,4.09,-1062.837,851.143,-853.782,437.646,-886.77136,37.594696,5.2356027846478524e-11,5.990543026912487e-11,-7.70503677527401e-10,-5.258881365932666e-08,9.659849169452172e-08,3.795087688551746e-09,0.02188832890242338,0.08220061063766479,-0.39353731870651243,-25.547496604919434,10.950566291809082,1.1182766556739807,-10.720571422576905,-26.966811752319337,-562.5760437011719,-51990.090234375,-48781.383984375,4348.531005859375,0.0,0.0,0.0,0.0,0.0,0.0,0.0,0.0,0.0,0.0,0.0,0.0
410,4.1,-1051.7478,849.3931,-842.816,435.604,-852.69305,35.42684,1.4391993430340476e-10,9.271107076491703e-11,-1.3623949635110933e-09,-9.434918908368673e-08,1.6074771878038518e-07,7.460532386316387e-10,0.005919524614000693,0.07796972617506981,-0.23904634043574333,-9.687590670585632,7.301456451416016,2.6218143582344053,-15.848667812347411,-28.199324226379396,-573.3193054199219,-53121.207421875,-51429.755859375,5240.32822265625,0.0,0.0,0.0,0.0,0.0,0.0,0.0,0.0,0.0,0.0,0.0,0.0
411,4.11,-1040.3878,847.76013,-832.707,433.079,-819.292,34.048138,2.775630156270914e-10,1.2792012102358364e-10,-2.0932272803975137e-09,-1.4645861625695034e-07,2.3592345570477847e-07,-5.409983705462196e-09,-0.026941409800201654,0.04573277477174997,0.13485333491116763,24.12219367027283,-2.039891780912876,4.736686587333679,-21.531348037719727,-29.717391395568846,-585.5079467773437,-54393.805859375,-54170.7546875,6215.526513671875,0.0,0.0,0.0,0.0,0.0,0.0,0.0,0.0,0.0,0.0,0.0,0.0
412,4.12,-1028.923,845.7927,-822.789,430.303,-787.00555,33.69673,4.518331708780465e-10,1.5695666710779933e-10,-2.8690265718722685e-09,-2.0263401552256254e-07,3.093778559559723e-07,-1.57089801611221e-08,-0.08251406587660312,-0.031009704805910587,0.8200513869524002,82.40736045837403,-19.567966842651366,7.388430452346801,-27.71931381225586,-31.436459350585938,-598.9603088378906,-55782.338671875,-56999.7421875,7256.04521484375,0.0,0.0,0.0,0.0,0.0,0.0,0.0,0.0,0.0,0.0,0.0,0.0
413,4.13,-1017.2219,843.8666,-813.018,427.321,-756.56445,34.2592,6.513954875497774e-10,1.650531628039076e-10,-3.493290545719674e-09,-2.494110319162246e-07,3.5686361457010205e-07,-3.0888501889592134e-08,-0.1651148110628128,-0.17061985060572624,1.8992738246917724,170.31314926147462,-47.6097915649414,10.26696481704712,-34.320878410339354,-33.26186599731445,-613.3689147949219,-57247.2359375,-59903.839453125,8338.167529296876,0.0,0.0,0.0,0.0,0.0,0.0,0.0,0.0,0.0,0.0,0.0,0.0
414,4.14,-1005.4531,841.43823,-803.435,424.64,-727.63824,35.792816,8.386545680139079e-10,1.2995586898267852e-10,-3.63075831621984e-09,-2.635141868267965e-07,3.392504112298411e-07,-5.087899239697435e-08,-0.27480889558792115,-0.38942491710186006,3.4119573831558228,288.7173797607422,-87.45020141601563,12.699753856658935,-41.21827392578125,-35.100704956054685,-628.3105163574219,-58735.5640625,-62860.735546875,9434.4384765625,0.0,0.0,0.0,0.0,0.0,0.0,0.0,0.0,0.0,0.0,0.0,0.0
415,4.15,-993.4118,839.171,-793.743,421.908,-700.69336,37.58881,9.443272386278067e-10,2.171435042408812e-11,-2.7797250723438084e-09,-2.0976713557274707e-07,2.0053213560800033e-07,-7.406353503824903e-08,-0.40337876975536346,-0.6947684705257415,5.301253080368042,429.9331298828125,-137.95266647338866,13.516903305053711,-48.296627044677734,-36.86183395385742,-643.2901794433594,-60186.25703125,-65841.563671875,10517.6619140625,0.0,0.0,0.0,0.0,0.0,0.0,0.0,0.0,0.0,0.0,0.0,0.0
416,4.16,-981.4063,836.83325,-783.746,418.343,-676.8267,38.56684,8.588786404306603e-10,-1.9535724704589085e-10,-2.6949586728886033e-10,-4.069619716773332e-08,-1.3084909564753388e-07,-9.631569639623194e-08,-0.5290388971567154,-1.0742712259292602,7.34067554473877,571.9940673828125,-193.62442474365236,10.942141723632812,-55.46771125793457,-38.45272026062012,-657.8151489257813,-61539.47578125,-68813.77109375,11563.85556640625,0.0,0.0,0.0,0.0,0.0,0.0,0.0,0.0,0.0,0.0,0.0,0.0
417,4.17,-969.35657,834.65753,-774.639,415.766,-655.54865,39.99143,4.2827366653064303e-10,-5.571016703509457e-10,4.692517974191901e-09,3.00452776258453e-07,-7.346392976614879e-07,-1.0990227394813701e-07,-0.6103419184684753,-1.481032145023346,9.04377851486206,671.9450134277344,-242.19733734130858,2.567672938108444,-62.6861026763916,-39.76795120239258,-671.4437377929687,-62744.049609375,-71739.60859375,12556.4546875,0.0,0.0,0.0,0.0,0.0,0.0,0.0,0.0,0.0,0.0,0.0,0.0
418,4.18,-957.3187,832.42365,-765.282,412.866,-637.69495,40.02831,-5.405750071966336e-10,-1.0886275658705813e-09,1.2891717826590821e-08,8.709925452876633e-07,-1.681938942965644e-06,-1.0246149813042394e-07,-0.5803899705410004,-1.8154968619346619,9.568661308288574,659.2651611328125,-262.0128112792969,-14.500189733505248,-69.96067886352539,-40.70826454162598,-683.7697998046875,-63759.118359375,-74571.83828125,13487.89794921875,0.0,0.0,0.0,0.0,0.0,0.0,0.0,0.0,0.0,0.0,0.0,0.0
419,4.19,-945.38086,830.0789,-754.048,410.789,-621.5494,39.847633,-2.2571904567669775e-09,-1.7864470569506352e-09,2.4857643410314266e-08,1.7116699723374041e-06,-3.005146436407813e-06,-5.6442510043552827e-08,-0.34342181384563447,-1.906432282924652,7.641837644577026,431.5755920410156,-219.83093719482423,-43.2083251953125,-77.34710540771485,-41.2164909362793,-694.3919677734375,-64550.0359375,-77245.63828125,14355.79677734375,0.0,0.0,0.0,0.0,0.0,0.0,0.0,0.0,0.0,0.0,0.0,0.0
420,4.2,-932.9911,828.09985,-741.169,409.119,-607.8182,38.674446,-4.898511085649204e-09,-2.5925648960978266e-09,4.0459437400386375e-08,2.8184841994516318e-06,-4.651458948501386e-06,5.038590578099189e-08,0.22293102089315653,-1.496024763584137,1.5431830406188964,-143.89305534362794,-70.13918390274048,-85.6994010925293,-84.9011848449707,-41.2477668762207,-702.8229858398438,-65078.471484375,-79673.1796875,15155.33955078125,0.0,0.0,0.0,0.0,0.0,0.0,0.0,0.0,0.0,0.0,0.0,0.0
421,4.21,-920.5898,826.6581,-727.984,408.482,-596.9518,36.995247,-8.523647299085723e-09,-3.3609040439586123e-09,5.8322959262113726e-08,4.101692752556119e-06,-6.418733619284467e-06,2.4250506385214977e-07,1.2550643861293793,-0.23758051148615777,-10.785759925842285,-1218.0870361328125,242.41142883300782,-141.89306182861327,-92.63453750610351,-40.75098724365235,-708.4085083007812,-65293.2375,-81742.65,15874.37109375,0.0,0.0,0.0,0.0,0.0,0.0,0.0,0.0,0.0,0.0,0.0,0.0
422,4.22,-908.4697,825.00946,-714.564,407.382,-588.4283,34.51359,-1.2944487792765358e-08,-3.819176841446392e-09,7.508078283535725e-08,5.332540149538545e-06,-7.876821427998948e-06,5.412297099383068e-07,2.87463059425354,2.281569075584412,-31.42707633972168,-2930.7928100585937,775.2418853759766,-207.4129379272461,-100.48315734863282,-39.66891021728516,-710.3273315429688,-65130.394921875,-83323.40546875,16492.748046875,0.0,0.0,0.0,0.0,0.0,0.0,0.0,0.0,0.0,0.0,0.0,0.0
423,4.23,-895.62067,824.15955,-701.49,407.049,-581.9985,31.497963,-1.7550343756056462e-08,-3.5336467529845093e-09,8.452833455407927e-08,6.08253162681649e-06,-8.284885825560196e-06,9.55155485371506e-07,5.137158298492432,6.4752288341522215,-61.86751823425293,-5357.054443359375,1572.1152587890624,-270.88050231933596,-108.2701026916504,-37.94292526245117,-707.6175476074219,-64515.413671875,-84274.421875,16981.3546875,0.0,0.0,0.0,0.0,0.0,0.0,0.0,0.0,0.0,0.0,0.0,0.0
424,4.24,-882.06366,823.90753,-687.276,407.291,-578.32733,28.444061,-2.1097266511560518e-08,-1.8903619947163717e-09,7.685754610520235e-08,5.666920105795725e-06,-6.526393099193228e-06,1.465508694309392e-06,7.952565383911133,12.631974411010741,-101.97889022827148,-8422.970947265625,2636.7725341796877,-310.81260986328124,-115.68233718872071,-35.53166313171387,-699.241259765625,-63366.375,-84450.90390625,17300.7091796875,0.0,0.0,0.0,0.0,0.0,0.0,0.0,0.0,0.0,0.0,0.0,0.0
425,4.25,-868.7559,823.48126,-674.09,407.315,-576.97864,26.073378,-2.1493588953092058e-08,1.885817357827335e-09,3.827715557847e-08,3.1137833275352023e-06,-1.0984570828043161e-06,2.0061018290107314e-06,10.983425617218018,20.716149139404298,-148.60408477783204,-11793.8572265625,3896.015869140625,-293.05028381347654,-122.2759178161621,-32.43529624938965,-684.1591247558594,-61601.81484375,-83711.3453125,17403.2953125,0.0,0.0,0.0,0.0,0.0,0.0,0.0,0.0,0.0,0.0,0.0,0.0
426,4.26,-855.4805,823.54785,-661.938,407.987,-575.98193,25.977032,-1.564417697608178e-08,8.644591842354999e-09,-4.849854008254217e-08,-2.8076282688971333e-06,9.789872865439975e-06,2.438975502627727e-06,13.62975378036499,30.24117259979248,-195.59833831787108,-14895.81865234375,5205.809228515625,-174.0284049987793,-127.51689376831055,-28.71088581085205,-661.4436767578125,-59152.6609375,-81926.79296875,17242.3953125,0.0,0.0,0.0,0.0,0.0,0.0,0.0,0.0,0.0,0.0,0.0,0.0
427,4.27,-842.14343,824.4163,-648.187,409.637,-571.42926,26.47715,5.432335470345606e-10,1.9118886385172117e-08,-2.022234525611566e-07,-1.3452083476295228e-05,2.793785861285869e-05,2.5291613610534116e-06,15.251607513427734,40.47392654418945,-238.6208923339844,-17339.996484375,6490.43984375,82.08519856929779,-130.84551239013672,-24.48548469543457,-630.4578674316406,-55980.525,-79000.16953125,16785.555859375,0.0,0.0,0.0,0.0,0.0,0.0,0.0,0.0,0.0,0.0,0.0,0.0
428,4.28,-828.2327,826.4337,-633.062,412.603,-564.6037,28.195679,3.183862400391035e-08,3.35889250635546e-08,-4.3872925346022387e-07,-2.9998151148902252e-05,5.460676111397333e-05,1.925504875543993e-06,15.414363861083984,50.788643264770506,-276.7518371582031,-19040.2404296875,7774.323876953125,489.45415649414065,-131.73613586425782,-19.9530948638916,-591.0027709960938,-52092.55078125,-74885.5234375,16021.58955078125,0.0,0.0,0.0,0.0,0.0,0.0,0.0,0.0,0.0,0.0,0.0,0.0
429,4.29,-814.9918,829.27686,-619.766,415.607,-560.42755,29.37103,8.286013191138863e-08,5.136873042488332e-08,-7.632918254785182e-07,-5.291894303809386e-05,8.962372448877432e-05,1.5917814408794583e-07,13.915892791748046,61.05603523254395,-311.07789611816406,-20062.27109375,9124.5490234375,1048.217431640625,-129.75407485961915,-15.357979106903077,-543.3684204101562,-47538.576953125,-69593.49765625,14959.83857421875,0.0,0.0,0.0,0.0,0.0,0.0,0.0,0.0,0.0,0.0,0.0,0.0
430,4.3,-802.11505,832.11725,-607.892,417.737,-557.3415,29.78476,1.5650844318315648e-07,7.010564004872321e-08,-1.15904546191814e-06,-8.117070101434364e-05,0.00013008167879888788,-3.322971588204382e-06,10.780191898345947,71.59042205810547,-343.71571044921876,-20549.0474609375,10609.65947265625,1744.4211791992188,-124.60321502685547,-10.955234718322753,-488.3425811767578,-42403.931640625,-63195.634375,13627.5578125,0.0,0.0,0.0,0.0,0.0,0.0,0.0,0.0,0.0,0.0,0.0,0.0
431,4.31,-789.47375,835.0837,-596.769,420.055,-554.59454,30.335451,2.514527523089782e-07,8.493212604321343e-08,-1.5712831668679428e-06,-0.00011108285543741659,0.00016865450888872146,-9.067631754078321e-06,6.247507262229919,82.4731071472168,-376.6357055664063,-20683.167578125,12258.78193359375,2539.3167236328127,-116.15389556884766,-6.970489978790283,-427.2189453125,-36808.96953125,-55836.927734375,12065.742578125,0.0,0.0,0.0,0.0,0.0,0.0,0.0,0.0,0.0,0.0,0.0,0.0
432,4.32,-777.4149,837.9338,-586.121,422.304,-552.4655,30.629084,3.585475553791184e-07,8.759175216255243e-08,-1.8885967051573972e-06,-0.00013500972854672,0.0001916834997246042,-1.7440549527236726e-05,0.7619993664324284,93.09851608276367,-410.82448425292966,-20665.0716796875,14040.32900390625,3368.841552734375,-104.49159088134766,-3.589055395126343,-361.8606018066406,-30914.9029296875,-47750.36328125,10327.915234375,0.0,0.0,0.0,0.0,0.0,0.0,0.0,0.0,0.0,0.0,0.0,0.0
433,4.33,-765.17004,840.8038,-575.536,424.636,-551.3685,30.86278,4.5627499218880984e-07,6.578411095858883e-08,-1.923682634696888e-06,-0.00013993414322612807,0.0001774079937604256,-2.834314636857016e-05,-5.136062788963318,102.4740982055664,-446.3200347900391,-20681.3462890625,15885.775390625,4168.0523681640625,-90.01554260253906,-0.9507823103107512,-294.7580627441406,-24931.56015625,-39268.109765625,8484.381201171875,0.0,0.0,0.0,0.0,0.0,0.0,0.0,0.0,0.0,0.0,0.0,0.0
434,4.34,-753.1451,843.4165,-566.355,425.913,-552.6438,30.65106,5.056968404915097e-07,3.1370487207915685e-09,-1.3994101493608468e-06,-0.00010640772306942381,9.50221987295663e-05,-4.080471298948396e-05,-11.012875938415528,109.82117462158203,-482.7243347167969,-20869.0833984375,17732.4416015625,4896.294287109375,-73.55014495849609,0.8713841706514358,-229.03437042236328,-19121.4705078125,-30820.2072265625,6627.275927734375,0.0,0.0,0.0,0.0,0.0,0.0,0.0,0.0,0.0,0.0,0.0,0.0
435,4.35,-740.8353,845.9747,-557.965,426.93,-553.29407,30.506525,4.460081981960684e-07,-1.1959322634425008e-07,5.059207026647528e-08,-8.471943192489562e-06,-9.437264552616397e-05,-5.2458385471254584e-05,-16.599727439880372,114.74237823486328,-519.2353424072265,-21294.3970703125,19529.3109375,5530.037109375,-56.345000457763675,1.9093819499015807,-168.25403442382813,-13785.608203125,-22903.455078125,4865.40400390625,0.0,0.0,0.0,0.0,0.0,0.0,0.0,0.0,0.0,0.0,0.0,0.0
436,4.36,-728.4903,848.4418,-552.6,427.406,-554.564,30.429712,1.9262994328528292e-07,-3.21305169848074e-07,2.8533105705719207e-06,0.00018449039635015652,-0.0004334249329986051,-5.8952624021912926e-05,-21.71333827972412,117.08166198730468,-554.6457275390625,-21961.9287109375,21225.8744140625,6049.55419921875,-39.87808380126953,2.3015799045562746,-115.80701522827148,-9209.477490234374,-15991.1271484375,3306.8503173828126,0.0,0.0,0.0,0.0,0.0,0.0,0.0,0.0,0.0,0.0,0.0,0.0
437,4.37,-715.9616,850.9777,-548.052,427.687,-555.40875,30.291342,-3.59176624087354e-07,-6.144055703316553e-07,7.422041289828485e-06,0.000502721662633121,-0.0009589358931407332,-5.3418584138853474e-05,-26.183378791809083,116.8949073791504,-587.6123352050781,-22832.4896484375,22771.0744140625,6440.01455078125,-25.492137145996093,2.23788001537323,-73.89387969970703,-5576.3208984375,-10393.27998046875,2033.8872680664062,0.0,0.0,0.0,0.0,0.0,0.0,0.0,0.0,0.0,0.0,0.0,0.0
438,4.38,-703.92883,853.3003,-543.944,428.083,-555.9603,30.624388,-1.321075399118854e-06,-9.948625518063637e-07,1.4016180557518965e-05,0.000966421386692673,-0.0016850077197887003,-2.62101600128517e-05,-29.864571380615235,114.47409286499024,-616.9462768554688,-23836.678515625,24121.1220703125,6695.483642578125,-14.039508438110351,1.9050769925117492,-42.84779434204101,-2909.0581298828124,-6175.1630859375,1082.2385986328125,0.0,0.0,0.0,0.0,0.0,0.0,0.0,0.0,0.0,0.0,0.0,0.0
439,4.39,-692.17645,855.6237,-540.277,428.461,-555.9419,30.80173,-2.7837995048685114e-06,-1.4279349443313549e-06,2.2516108219861054e-05,0.0015700481366366149,-0.0025772800436243415,3.474592297720846e-05,-32.685745811462404,110.26047973632812,-641.7782592773438,-24890.4119140625,25247.38203125,6818.232666015625,-5.783122444152832,1.4674502730369567,-21.487174129486085,-1098.8528411865234,-3207.0346923828124,438.5789321899414,0.0,0.0,0.0,0.0,0.0,0.0,0.0,0.0,0.0,0.0,0.0,0.0
440,4.4,-680.42615,857.57623,-536.6,427.806,-554.8403,30.907663,-4.76945526770578e-06,-1.8298930854143692e-06,3.2102365912578536e-05,0.002259735914412886,-0.0035177810816094278,0.00014252209366532042,-34.6526065826416,104.72011947631836,-661.5856506347657,-25908.1080078125,26136.627734375,6816.9521484375,-0.48564367145299914,1.0574638307094575,-7.935934996604919,23.38280007839203,-1265.9506713867188,52.8465814113617,0.0,0.0,0.0,0.0,0.0,0.0,0.0,0.0,0.0,0.0,0.0,0.0
441,4.41,-669.1741,859.61145,-532.759,427.512,-554.3351,30.898283,-7.1599544298806e-06,-2.0475785504459053e-06,4.08476382290246e-05,0.002904282184317708,-0.004262361163273454,0.00030810670286882667,-35.8138427734375,98.26313552856445,-676.1177917480469,-26809.7310546875,26786.857421875,6705.73486328125,2.401757740974426,0.7561933279037476,-0.2259688749909401,633.8952270507813,-111.94230289459229,-141.07495651245117,0.0,0.0,0.0,0.0,0.0,0.0,0.0,0.0,0.0,0.0,0.0,0.0
442,4.42,-658.20825,861.90466,-530.313,427.49,-554.03876,30.96811,-9.601087913324591e-06,-1.840057916524529e-06,4.526490847638343e-05,0.0032625775784254074,-0.004396817879751325,0.0005350530409486964,-36.257333755493164,91.20951690673829,-685.3592895507812,-27524.713671875,27206.3861328125,6502.6189453125,3.558271050453186,0.5737056791782379,3.384937024116516,888.4764343261719,471.9763641357422,-207.1263458251953,0.0,0.0,0.0,0.0,0.0,0.0,0.0,0.0,0.0,0.0,0.0,0.0
443,4.43,-647.8624,863.6734,-525.609,427.229,-554.0673,31.03983,-1.1388802340661641e-05,-8.699978693016419e-07,3.9909587212605405e-05,0.0029541513649746776,-0.003303997055627406,0.0008113689837045968,-36.116278076171874,83.79479598999023,-689.5222045898438,-27993.3720703125,27413.9443359375,6227.67041015625,3.6340906620025635,0.4794508099555969,4.34013819694519,917.1439880371094,672.941552734375,-197.96904754638672,0.0,0.0,0.0,0.0,0.0,0.0,0.0,0.0,0.0,0.0,0.0,0.0
444,4.44,-637.86975,865.59784,-521.662,427.106,-554.0191,31.058489,-1.1355906099197455e-05,1.2834087428359453e-06,1.720911050142604e-05,0.0014448406494921074,-0.00016234839531534818,0.001098540920065716,-35.54888229370117,76.19925537109376,-688.9965881347656,-28165.266796875,27436.0396484375,5902.02158203125,3.1403462648391725,0.43965260982513427,3.7842918395996095,822.1506286621094,645.1743408203125,-152.29099884033204,0.0,0.0,0.0,0.0,0.0,0.0,0.0,0.0,0.0,0.0,0.0,0.0
445,4.45,-628.21216,867.48157,-517.389,427.533,-554.3228,31.33538,-7.794506927893963e-06,5.073610691397335e-06,-3.221288893655583e-05,-0.0019337252560944762,0.005993925663642585,0.0013183680013753474,-34.70772438049316,68.58749389648438,-684.29423828125,-27997.18515625,27302.829296875,5546.444580078125,2.4289559364318847,0.42957345843315126,2.5410027623176576,675.5193542480469,502.6733337402344,-95.50347747802735,0.0,0.0,0.0,0.0,0.0,0.0,0.0,0.0,0.0,0.0,0.0,0.0
446,4.46,-618.7989,869.2882,-513.291,427.689,-554.69574,31.53595,1.5282137553640495e-06,1.0877844397327863e-05,-0.00011835095428978094,-0.007904922775924205,0.016113536711782218,0.0013395965564996005,-33.72279014587402,61.13763656616211,-676.0314636230469,-27454.5060546875,27045.5802734375,5179.711083984375,1.7162207961082458,0.43387678563594817,1.1374741792678833,523.4128723144531,321.67301483154296,-42.42113761901855,0.0,0.0,0.0,0.0,0.0,0.0,0.0,0.0,0.0,0.0,0.0,0.0
447,4.47,-609.49786,870.9869,-509.02496,427.89,-555.2566,31.694021,1.9177673493686598e-05,1.8809033372235716e-05,-0.0002493229738320224,-0.01707624886184931,0.03081979714334011,0.0009682804520707577,-32.70242538452148,54.05010871887207,-664.9202209472656,-26513.10859375,26696.6224609375,4817.02353515625,1.114192646741867,0.4434758543968201,-0.13659020755439996,391.18309326171874,148.1999137878418,0.1400814652442932,0.0,0.0,0.0,0.0,0.0,0.0,0.0,0.0,0.0,0.0,0.0,0.0
448,4.48,-600.21246,872.56195,-505.14102,427.522,-555.87286,31.641096,4.7575631833751685e-05,2.8431588543753605e-05,-0.0004270990641089156,-0.029642873629927634,0.04991159178316593,-5.164564790902659e-05,-31.73878402709961,47.53887405395508,-651.7488586425782,-25162.80859375,26289.94921875,4468.866650390625,0.6622120380401612,0.45430655777454376,-1.1444509267807006,288.19705352783205,3.9029099225997923,30.721039390563966,0.0,0.0,0.0,0.0,0.0,0.0,0.0,0.0,0.0,0.0,0.0,0.0
449,4.49,-590.7559,874.0314,-501.759,427.316,-556.5667,31.670723,8.811876323306933e-05,3.8377959208446553e-05,-0.0006410934496670961,-0.044938433542847635,0.07164733260869979,-0.0020181212574243547,-30.906481170654295,41.79697608947754,-637.3447509765625,-23412.1787109375,25860.0427734375,4140.397290039063,0.3574530631303787,0.4631242573261261,-1.845219910144806,215.85562133789062,-105.05640296936035,50.18519134521485,0.0,0.0,0.0,0.0,0.0,0.0,0.0,0.0,0.0,0.0,0.0,0.0
450,4.5,-581.78375,875.12897,-499.583,427.119,-556.9443,31.809166,0.00013978116985526867,4.589037198456936e-05,-0.0008595763181801885,-0.06082727462053299,0.09182768017053604,-0.005218713288195431,-30.24894275665283,36.95265121459961,-622.5134399414062,-21290.027734375,25438.878125,3830.77890625,0.17684931457042694,0.467370468378067,-2.276292419433594,170.8264923095703,-178.83583068847656,59.86774024963379,0.0,0.0,0.0,0.0,0.0,0.0,0.0,0.0,0.0,0.0,0.0,0.0
451,4.51,-572.1027,876.2823,-497.865,427.146,-557.0362,32.10243,0.00019714428490260615,4.635829864128027e-05,-0.0010194935894105583,-0.07297570407390594,0.10276961848139762,-0.009832260850816964,-29.750833129882814,33.032388305664064,-607.9991271972656,-18847.3298828125,25051.9828125,3533.11953125,0.08784741759300232,0.4680236607789993,-2.499019980430603,146.12718353271484,-222.06358032226564,62.21154098510742,0.0,0.0,0.0,0.0,0.0,0.0,0.0,0.0,0.0,0.0,0.0,0.0
452,4.52,-562.8685,877.1926,-496.055,427.147,-556.90063,32.43669,0.00024792055774014443,3.2990078761940825e-05,-0.0010163274593651295,-0.07411254942417145,0.09238533899188042,-0.015771194826811552,-29.322535514831543,29.938537406921387,-594.4531860351562,-16159.37373046875,24714.3197265625,3236.4017578125,0.05809924677014351,0.46790906190872195,-2.563241195678711,134.2582809448242,-243.22714538574218,60.074534225463864,0.0,0.0,0.0,0.0,0.0,0.0,0.0,0.0,0.0,0.0,0.0,0.0
453,4.53,-553.7997,877.6258,-493.709,426.772,-556.58466,32.60884,0.00027025592280551793,-3.1535750451894272e-06,-0.00069715894642286,-0.05349654108285904,0.043748518405482176,-0.022457109950482845,-28.818710136413575,27.465516662597658,-582.4027709960938,-13320.59794921875,24429.6705078125,2929.2327880859375,0.06306917183101177,0.46540646255016327,-2.5088446378707885,130.14929962158203,-251.06284790039064,55.4492847442627,0.0,0.0,0.0,0.0,0.0,0.0,0.0,0.0,0.0,0.0,0.0,0.0
454,4.54,-544.4724,878.0449,-491.016,426.307,-555.86505,32.681137,0.0002304330642800778,-7.243301697599236e-05,0.0001379088636895176,0.0030499974032863974,-0.06425847841892392,-0.028535730950534344,-28.088227462768554,25.358640289306642,-572.24130859375,-10427.67763671875,24195.60625,2603.67373046875,0.08612394407391548,0.4579029560089111,-2.384498190879822,130.5365249633789,-251.4044647216797,49.46497230529785,0.0,0.0,0.0,0.0,0.0,0.0,0.0,0.0,0.0,0.0,0.0,0.0
455,4.55,-534.7556,878.5844,-488.9,426.445,-555.72186,32.882294,8.206112195239257e-05,-0.0001847798121161759,0.0017185163858812302,0.11201745346188545,-0.25439582914114,-0.03156184908002615,-27.038082313537597,23.385318183898924,-564.2150634765625,-7557.27333984375,24010.7775390625,2257.373193359375,0.11418227553367614,0.4461101651191711,-2.23879337310791,133.61543731689454,-247.95047302246093,43.10569877624512,0.0,0.0,0.0,0.0,0.0,0.0,0.0,0.0,0.0,0.0,0.0,0.0
456,4.56,-526.97174,878.2528,-485.729,425.991,-555.49677,33.211422,-0.00023159603333624545,-0.00034623332612682134,0.004261388839222491,0.2893124848604202,-0.5456063866615295,-0.027722964622080327,-25.683781242370607,21.3805944442749,-558.3966064453125,-4751.154370117188,23880.32265625,1893.51650390625,0.1376219943165779,0.4315360516309738,-2.1005473136901855,137.66976776123047,-243.5944351196289,37.66684494018555,0.0,0.0,0.0,0.0,0.0,0.0,0.0,0.0,0.0,0.0,0.0,0.0
457,4.57,-518.05194,878.1982,-482.857,425.824,-555.95184,33.590927,-0.0007699081586906686,-0.0005534078110940755,0.007891400903463363,0.5448082089424133,-0.9435793161392212,-0.011723222164437174,-24.156966590881346,19.25278835296631,-554.6953125,-2013.500146484375,23817.06640625,1519.2164916992188,0.1536721482872963,0.4128746509552002,-1.976721751689911,140.96161956787108,-240.5496826171875,33.846914291381836,0.0,0.0,0.0,0.0,0.0,0.0,0.0,0.0,0.0,0.0,0.0,0.0
458,4.58,-509.34213,878.13556,-480.073,425.853,-556.31665,33.94753,-0.0015790788573212921,-0.0007856411451939493,0.012516441382467746,0.8736097991466523,-1.4264911770820619,0.022985301585868,-22.656635093688966,16.968118762969972,-552.9115478515625,678.8721405982972,23837.598828125,1143.1952392578125,0.16386652290821074,0.39119508266448977,-1.8720981359481812,142.3296157836914,-239.47451477050782,31.678549385070802,0.0,0.0,0.0,0.0,0.0,0.0,0.0,0.0,0.0,0.0,0.0,0.0
459,4.59,-500.58145,877.85657,-477.12,425.472,-556.4224,34.253304,-0.0026654912158846854,-0.0009950555162504316,0.017651023529469966,1.2436261296272277,-1.925764524936676,0.08336745612323285,-21.37410697937012,14.524916744232177,-552.79580078125,3356.3445068359374,23955.14375,772.7886169433593,0.1710305318236351,0.3704018473625183,-1.7973686933517456,141.13102111816406,-240.18524475097655,30.84954776763916,0.0,0.0,0.0,0.0,0.0,0.0,0.0,0.0,0.0,0.0,0.0,0.0
460,4.6,-491.4668,877.85297,-474.498,425.26,-556.8371,34.44156,-0.00395616521127522,-0.0010956211131997406,0.022194597870111465,1.5797898650169373,-2.3030699253082276,0.17505336552858353,-20.439041709899904,11.923161697387695,-554.0843017578125,6036.478173828125,24173.896484375,411.26246337890626,0.17788774222135545,0.3526632010936737,-1.766000461578369,136.91021423339845,-240.64346008300782,31.031224250793457,0.0,0.0,0.0,0.0,0.0,0.0,0.0,0.0,0.0,0.0,0.0,0.0
461,4.61,-483.37073,877.34204,-471.396,425.014,-556.5463,34.70051,-0.005246343230828643,-0.0009536496771033853,0.024190101772546768,1.7466221094131469,-2.3271071910858154,0.2993449062108994,-19.90624828338623,9.156204891204833,-556.5337463378906,8715.605810546875,24487.964453125,57.86858315467835,0.18661119043827057,0.33961827456951144,-1.7771833181381225,129.33019485473633,-239.3223098754883,32.28621082305908,0.0,0.0,0.0,0.0,0.0,0.0,0.0,0.0,0.0,0.0,0.0,0.0
462,4.62,-474.45105,877.0354,-467.982,424.361,-557.1235,34.882755,-0.006138200499117374,-0.00038399583972932306,0.020618454553186893,1.5329508900642395,-1.657110834121704,0.44873041808605196,-19.770158195495604,6.222959852218628,-559.9425537109375,11374.61298828125,24883.88125,-290.0728286743164,0.19558503478765488,0.3337604522705078,-1.816118836402893,118.78639526367188,-236.0376953125,34.753181838989256,0.0,0.0,0.0,0.0,0.0,0.0,0.0,0.0,0.0,0.0,0.0,0.0
463,4.63,-465.73248,876.68317,-465.099,424.198,-557.1182,35.1545,-0.00598118114285171,0.0008414785275817849,0.007326219756214414,0.64552087392658,0.15549603514373303,0.6008812546730041,-19.98209629058838,3.149300456047058,-564.1506774902343,13991.85517578125,25343.47734375,-635.2120086669922,0.20069288909435273,0.3351948469877243,-1.8652738213539124,107.17467041015625,-231.79430389404297,38.30097351074219,0.0,0.0,0.0,0.0,0.0,0.0,0.0,0.0,0.0,0.0,0.0,0.0
464,4.64,-456.9245,876.22046,-462.094,423.923,-557.0037,35.535255,-0.003833870170637965,0.0029642110806889833,-0.02076563760638237,-1.2781459257006644,3.6306830644607544,0.7115465044975281,-20.460008811950683,-0.0005376532673835755,-569.0247619628906,16554.91552734375,25844.909765625,-979.0539794921875,0.19979951977729798,0.34044777750968935,-1.8996456742286683,96.61164932250976,-228.44434509277343,42.67748947143555,0.0,0.0,0.0,0.0,0.0,0.0,0.0,0.0,0.0,0.0,0.0,0.0
465,4.65,-448.05463,875.77344,-458.518,423.399,-556.8397,35.710636,0.0015205341594992205,0.006177129549905657,-0.06897091567516327,-4.623434543609619,9.267038679122924,0.7074949979782105,-21.0975643157959,-3.1353878498077394,-574.433984375,19065.3095703125,26364.104296875,-1322.163037109375,0.19480653256177902,0.3453826099634171,-1.8954199433326722,87.67245864868164,-226.87067718505858,47.641296005249025,0.0,0.0,0.0,0.0,0.0,0.0,0.0,0.0,0.0,0.0,0.0,0.0
466,4.66,-438.7271,874.9071,-456.529,422.2,-556.84814,36.15514,0.011459331586956977,0.010519456770271062,-0.14142314419150354,-9.701559114456177,17.368037986755372,0.48172169327735903,-21.779915046691894,-6.169103574752808,-580.2401977539063,21534.8986328125,26877.6513671875,-1665.3142211914062,0.18737715631723403,0.34498111307621004,-1.8498453497886658,80.18648910522461,-226.94756622314452,52.78486442565918,0.0,0.0,0.0,0.0,0.0,0.0,0.0,0.0,0.0,0.0,0.0,0.0
467,4.67,-429.7344,874.59827,-451.076,422.682,-556.606,36.67319,0.027247584797441958,0.01571958614513278,-0.2386887326836586,-16.583723926544188,27.76444911956787,-0.10546665601432323,-22.404014015197752,-9.064490795135498,-586.3049194335938,23975.22890625,27365.700390625,-2010.8236328125,0.1765149265527725,0.3375770181417465,-1.7753243565559387,74.9336441040039,-227.1660186767578,57.0258129119873,0.0,0.0,0.0,0.0,0.0,0.0,0.0,0.0,0.0,0.0,0.0,0.0
468,4.68,-420.066,873.86975,-447.861,421.981,-556.41766,37.207172,0.049542585387825966,0.020985417068004608,-0.35422644317150115,-24.852705001831055,39.4203987121582,-1.2142743825912476,-22.896987915039062,-11.863145065307616,-592.5071716308594,26385.3380859375,27814.4400390625,-2363.0500732421874,0.1651005119085312,0.32584511637687685,-1.6888339877128602,72.406396484375,-225.63942260742186,59.562272262573245,0.0,0.0,0.0,0.0,0.0,0.0,0.0,0.0,0.0,0.0,0.0,0.0
469,4.69,-411.28497,873.16394,-442.558,421.732,-556.49786,37.718113,0.07761789262294769,0.024757147207856177,-0.46969479918479917,-33.27044448852539,49.934580612182614,-2.9954315423965454,-23.23052043914795,-14.684690284729005,-598.7592956542969,28745.854296875,28218.03203125,-2727.289794921875,0.1572813034057617,0.31363050937652587,-1.6111890196800231,72.54586563110351,-222.34452209472656,60.379214477539065,0.0,0.0,0.0,0.0,0.0,0.0,0.0,0.0,0.0,0.0,0.0,0.0
470,4.7,-401.96786,872.3804,-438.444,421.219,-556.2227,38.348785,0.10828130841255187,0.024463224969804288,-0.5494657218456268,-39.38477058410645,54.991345977783205,-5.534831237792969,-23.4284818649292,-17.70109443664551,-605.0190734863281,31021.7994140625,28579.4814453125,-3108.13681640625,0.15298642367124557,0.30373545587062833,-1.5514407634735108,74.72357177734375,-217.98450622558593,59.58605270385742,0.0,0.0,0.0,0.0,0.0,0.0,0.0,0.0,0.0,0.0,0.0,0.0
471,4.71,-392.31357,871.6732,-433.546,420.797,-555.94885,39.05494,0.13453119844198227,0.01635761111974716,-0.5352849215269089,-39.13894119262695,47.88336944580078,-8.765890502929688,-23.564841270446777,-21.09728660583496,-611.3037902832032,33172.687109375,28910.1623046875,-3508.1228759765627,0.151433564722538,0.29941755533218384,-1.5100618600845337,78.00750503540038,-214.0158706665039,57.58633728027344,0.0,0.0,0.0,0.0,0.0,0.0,0.0,0.0,0.0,0.0,0.0,0.0
472,4.72,-382.91315,870.69946,-428.429,420.329,-556.05304,40.205696,0.14411813467741014,-0.00443479903624393,-0.34286209046840666,-26.60688419342041,19.32053153514862,-12.346174716949463,-23.747642517089844,-25.035140419006346,-617.6823364257813,35164.2734375,29227.0994140625,-3927.3713134765626,0.15161043554544448,0.301114895939827,-1.4917534470558167,81.94079284667968,-211.94860382080077,54.97912712097168,0.0,0.0,0.0,0.0,0.0,0.0,0.0,0.0,0.0,0.0,0.0,0.0
473,4.73,-372.7752,869.8614,-423.844,420.065,-556.1253,41.339027,0.11836543828248977,-0.0434821592643857,0.13673770129680635,5.945621621608734,-42.146148109436034,-15.502554225921632,-24.090908241271972,-29.62659854888916,-624.2579406738281,36977.66875,29549.793359375,-4364.558447265625,0.153587144613266,0.3056559950113297,-1.4985501289367675,86.30342254638671,-211.40584716796874,52.03949241638183,0.0,0.0,0.0,0.0,0.0,0.0,0.0,0.0,0.0,0.0,0.0,0.0
474,4.74,-362.76764,868.9255,-418.581,419.95,-556.2527,42.881565,0.03185625371988863,-0.1059847578406334,1.0267996609210968,67.38521270751953,-148.63557968139648,-16.862888717651366,-24.68492908477783,-34.91856994628906,-631.1574951171875,38613.323046875,29897.859375,-4817.975830078125,0.15687243938446044,0.3102660357952118,-1.5218420267105102,90.60471878051757,-211.08419647216797,49.13644943237305,0.0,0.0,0.0,0.0,0.0,0.0,0.0,0.0,0.0,0.0,0.0,0.0
475,4.75,-352.33087,867.92615,-413.738,419.818,-556.4518,44.391933,-0.14609880670905112,-0.19482625871896744,2.440530776977539,166.04870681762696,-309.83634490966796,-14.31337251663208,-25.58217658996582,-40.893791580200194,-638.5126037597656,40088.46640625,30288.857421875,-5285.667138671875,0.15929358154535295,0.3158084511756897,-1.552283251285553,93.55993881225587,-210.9104248046875,46.97377319335938,0.0,0.0,0.0,0.0,0.0,0.0,0.0,0.0,0.0,0.0,0.0,0.0
476,4.76,-342.01837,866.7927,-407.559,419.262,-555.8719,45.84778,-0.446985188126564,-0.307499486207962,4.436683225631714,306.67557525634766,-527.7293029785156,-4.94968119636178,-26.811370849609375,-47.490762329101564,-646.4201721191406,41429.1296875,30735.96953125,-5763.475244140625,0.15833162516355515,0.3244021534919739,-1.5762908816337586,93.94391403198242,-212.13784942626953,46.198123931884766,0.0,0.0,0.0,0.0,0.0,0.0,0.0,0.0,0.0,0.0,0.0,0.0
477,4.77,-331.4233,865.7027,-401.571,419.125,-555.8059,47.579082,-0.8941385269165039,-0.43179154098033906,6.950073337554931,485.5535186767578,-788.7043090820313,14.774511766433715,-28.373351097106934,-54.62746391296387,-654.8730895996093,42660.16875,31243.6267578125,-6244.388818359375,0.15283505320549012,0.33546842634677887,-1.5857142448425292,91.59855346679687,-214.95630645751953,46.82307739257813,0.0,0.0,0.0,0.0,0.0,0.0,0.0,0.0,0.0,0.0,0.0,0.0
478,4.78,-320.7012,864.38055,-395.477,418.426,-555.5056,49.321186,-1.4878670573234558,-0.5403863400220871,9.694704818725587,683.6864135742187,-1053.038995361328,48.56114387512207,-30.22315330505371,-62.20727806091308,-663.670703125,43796.569921875,31802.178125,-6720.940283203125,0.1440374806523323,0.3452118843793869,-1.579866635799408,88.10978927612305,-218.80995483398436,48.6206241607666,0.0,0.0,0.0,0.0,0.0,0.0,0.0,0.0,0.0,0.0,0.0,0.0
479,4.79,-309.8068,863.0456,-388.471,418.131,-554.68036,51.27888,-2.183626651763916,-0.5850254356861114,12.043480682373048,858.2219421386719,-1242.4924926757812,99.27445755004882,-32.263390922546385,-70.13505249023437,-672.3674865722656,44835.82734375,32385.173828125,-7187.733935546875,0.13509358316659928,0.3498234152793884,-1.5661250710487367,85.91947326660156,-223.43117065429686,50.98619766235352,0.0,0.0,0.0,0.0,0.0,0.0,0.0,0.0,0.0,0.0,0.0,0.0
480,4.8,-299.1691,861.5568,-382.056,417.036,-554.75494,53.071503,-2.863415002822876,-0.4916086971759796,12.8994610786438,933.1381225585938,-1228.0540405273437,167.26836547851562,-34.338352584838866,-78.3193489074707,-680.2884094238282,45756.526953125,32949.2216796875,-7641.41748046875,0.12987314015626908,0.35082663893699645,-1.556760036945343,86.27236557006836,-228.97178497314454,52.98348884582519,0.0,0.0,0.0,0.0,0.0,0.0,0.0,0.0,0.0,0.0,0.0,0.0
481,4.81,-288.2876,860.00385,-374.012,415.808,-553.662,55.065826,-3.302795481681824,-0.15863042511045933,10.590336132049561,791.3555603027344,-821.767221069336,247.9085678100586,-36.2344554901123,-86.65503463745117,-686.5897766113281,46521.2125,33436.217578125,-8078.05185546875,0.1323707103729248,0.3527124494314194,-1.5594352722167968,88.83851470947266,-234.5264129638672,54.16384353637695,0.0,0.0,0.0,0.0,0.0,0.0,0.0,0.0,0.0,0.0,0.0,0.0
482,4.82,-277.23306,858.5064,-366.339,414.679,-552.9655,57.297344,-3.1395836591720583,0.5374195292592049,2.840524773299694,272.053156042099,221.00597896575928,328.2927276611328,-37.69921455383301,-95.00713729858398,-690.3310424804688,47080.3140625,33778.264453125,-8489.5921875,0.14380815029144287,0.35549282729625703,-1.5677795171737672,92.68336486816406,-239.24093322753907,54.41433944702148,0.0,0.0,0.0,0.0,0.0,0.0,0.0,0.0,0.0,0.0,0.0,0.0
483,4.83,-265.60007,856.99286,-357.974,413.775,-551.97363,59.90253,-1.8554087996482849,1.7247809648513794,-13.097256183624268,-821.0787292480469,2179.7277954101564,383.42201843261716,-38.47282180786133,-103.2001708984375,-690.5122985839844,47373.653515625,33903.116015625,-8861.11904296875,0.1599747806787491,0.35768037736415864,-1.5712372183799743,96.73084106445313,-242.68359832763673,53.5442253112793,0.0,0.0,0.0,0.0,0.0,0.0,0.0,0.0,0.0,0.0,0.0,0.0
484,4.84,-253.57913,855.39215,-349.107,412.603,-551.13794,62.80369,1.2120205849409103,3.5013903856277464,-40.04098987579346,-2692.8662963867187,5315.4765625,372.485595703125,-38.32645454406738,-111.00051574707031,-686.0641479492188,47327.690625,33738.198046875,-9168.839453125,0.17677644789218902,0.3597553879022598,-1.568888533115387,99.0284812927246,-244.78418579101563,52.13409004211426,0.0,0.0,0.0,0.0,0.0,0.0,0.0,0.0,0.0,0.0,0.0,0.0
485,4.85,-240.93024,853.62524,-339.448,411.242,-550.27484,65.98914,6.800751638412476,5.876122283935547,-80.07817764282227,-5501.6056640625,9773.189453125,236.50861892700195,-37.10511932373047,-118.0954719543457,-675.8328674316406,46853.734375,33214.230859375,-9380.5830078125,0.19152537286281585,0.3621975749731064,-1.5644587874412537,97.9052345275879,-246.37911071777344,51.0043025970459,0.0,0.0,0.0,0.0,0.0,0.0,0.0,0.0,0.0,0.0,0.0,0.0
486,4.86,-227.85832,851.75885,-329.463,410.269,-548.4867,69.46766,15.56876220703125,8.682016181945801,-133.23361511230468,-9266.40244140625,15427.43115234375,-100.6240219116211,-34.75660743713379,-124.07148132324218,-658.6045959472656,45852.962890625,32268.9017578125,-9458.7115234375,0.20333453714847566,0.36552378833293914,-1.5526427268981933,93.1681999206543,-248.35718841552733,50.612341690063474,0.0,0.0,0.0,0.0,0.0,0.0,0.0,0.0,0.0,0.0,0.0,0.0
487,4.87,-214.37961,849.89734,-319.367,409.063,-546.80963,73.268654,27.812360572814942,11.468867778778076,-195.57969512939454,-13734.5115234375,21674.2609375,-723.8231262207031,-31.339859199523925,-128.3975036621094,-633.2160888671875,44230.746875,30853.1701171875,-9364.725390625,0.21275773644447327,0.36864113211631777,-1.5315619230270385,86.30668106079102,-250.76891479492187,50.5518611907959,0.0,0.0,0.0,0.0,0.0,0.0,0.0,0.0,0.0,0.0,0.0,0.0
488,4.88,-201.19011,847.9246,-308.482,407.611,-544.8876,77.62905,42.991136932373045,13.493420791625976,-259.05646362304685,-18372.44189453125,27456.721875,-1690.7016723632812,-27.028119850158692,-130.45274200439454,-598.7507751464843,41916.491015625,28940.9611328125,-9066.9611328125,0.21956634372472764,0.36849941611289977,-1.5128807306289673,80.28656234741212,-252.01343231201173,49.77363586425781,0.0,0.0,0.0,0.0,0.0,0.0,0.0,0.0,0.0,0.0,0.0,0.0
489,4.89,-187.43687,846.0969,-297.076,406.313,-542.5277,82.75881,59.389719009399414,13.993796348571777,-317.79580078125,-22817.25703125,32067.1982421875,-2966.5586181640624,-22.10504722595215,-129.60023803710936,-554.8131958007813,38886.93828125,26541.0412109375,-8550.18974609375,0.22389844059944153,0.3643416941165924,-1.5061172127723694,76.71856460571288,-249.60442962646485,48.19367790222168,0.0,0.0,0.0,0.0,0.0,0.0,0.0,0.0,0.0,0.0,0.0,0.0
490,4.9,-173.41595,845.0648,-284.333,405.494,-539.0269,88.699554,75.17083206176758,12.563532257080078,-370.5673065185547,-27023.6001953125,35381.83515625,-4452.078198242188,-16.942101097106935,-125.28695068359374,-501.78839416503905,35185.526953125,23706.68984375,-7821.543603515625,0.22534978836774827,0.3580758720636368,-1.511445701122284,75.35204238891602,-243.20787506103517,46.19284553527832,0.0,0.0,0.0,0.0,0.0,0.0,0.0,0.0,0.0,0.0,0.0,0.0
491,4.91,-159.02142,844.60236,-271.053,404.303,-535.7304,95.64702,89.87102966308593,9.145615100860596,-418.76105346679685,-31101.542578125,37546.685546875,-6093.268017578125,-11.962278938293457,-117.19267883300782,-440.94402770996095,30929.2001953125,20535.838671875,-6912.1216796875,0.22448287308216094,0.35103904604911806,-1.5221904277801515,75.73424224853515,-234.84356994628905,43.91740608215332,0.0,0.0,0.0,0.0,0.0,0.0,0.0,0.0,0.0,0.0,0.0,0.0
492,4.92,-144.23567,844.3752,-256.674,403.666,-530.66046,103.074905,103.91805725097656,3.972485029697418,-464.4609344482422,-35169.905078125,38808.74375,-7865.73486328125,-7.572409152984619,-105.37012023925782,-374.51349182128905,26308.8103515625,17167.2734375,-5873.24443359375,0.22321670651435851,0.343737804889679,-1.5314902544021607,78.04902648925781,-226.29457244873046,40.96777877807617,0.0,0.0,0.0,0.0,0.0,0.0,0.0,0.0,0.0,0.0,0.0,0.0
493,4.93,-129.57535,844.222,-240.037,402.953,-523.9993,111.18035,117.14054565429687,-2.4299797475337983,-508.6963226318359,-39230.72109375,39445.965234375,-9682.51357421875,-4.089165735244751,-90.33682327270508,-305.69049682617185,21578.37734375,13773.671484375,-4770.27314453125,0.22293635606765747,0.33476664423942565,-1.5314647912979127,82.1130142211914,-218.90928344726564,37.031246948242185,0.0,0.0,0.0,0.0,0.0,0.0,0.0,0.0,0.0,0.0,0.0,0.0
494,4.94,-115.465004,843.94385,-222.088,401.385,-515.86786,119.66787,128.49746551513672,-9.326980209350586,-550.6032592773438,-43129.0203125,39679.651953125,-11388.82060546875,-1.6749724328517914,-73.15743026733398,-238.3591522216797,17016.1375,10544.441796875,-3677.260400390625,0.22523153722286224,0.3229533761739731,-1.522013258934021,86.8799057006836,-214.39273376464843,32.7426399230957,0.0,0.0,0.0,0.0,0.0,0.0,0.0,0.0,0.0,0.0,0.0,0.0
495,4.95,-101.63367,843.7972,-202.614,399.176,-506.68253,128.7559,136.94524230957032,-16.08268337249756,-588.5683654785156,-46676.94609375,39654.142578125,-12846.6830078125,-0.2985892397817224,-55.3563777923584,-176.48928833007812,12870.7322265625,7656.015234375,-2668.153955078125,0.2309958294034004,0.30878365933895113,-1.506922447681427,91.2606330871582,-213.81494903564453,29.223810768127443,0.0,0.0,0.0,0.0,0.0,0.0,0.0,0.0,0.0,0.0,0.0,0.0
496,4.96,-88.36726,843.73114,-181.425,397.267,-494.99728,137.72813,142.0349136352539,-22.309855461120605,-621.1405151367187,-49733.125,39438.7140625,-13979.84560546875,0.2437312424182892,-38.59501152038574,-123.27189483642579,9310.2998046875,5235.189892578125,-1803.5906005859374,0.23805496841669083,0.29630839824676514,-1.4865813255310059,94.22065048217773,-216.81593322753906,27.144467926025392,0.0,0.0,0.0,0.0,0.0,0.0,0.0,0.0,0.0,0.0,0.0,0.0
497,4.97,-75.74155,843.739,-159.067,394.933,-482.01764,146.2343,143.7667434692383,-27.757213592529297,-647.1042541503906,-52194.075390625,39043.121484375,-14755.558984375,0.2464190185070038,-24.237328720092773,-80.34802017211913,6397.71796875,3331.6068115234375,-1117.5874328613281,0.242774660885334,0.2888776510953903,-1.4624852180480956,94.79141387939453,-221.9413314819336,26.588194847106934,0.0,0.0,0.0,0.0,0.0,0.0,0.0,0.0,0.0,0.0,0.0,0.0
498,4.98,-63.821457,843.69885,-136.088,391.792,-468.6858,155.6391,142.43212127685547,-32.214795684814455,-665.7997192382812,-54005.516796875,38466.836328125,-15172.36494140625,0.002764793485403061,-13.052245712280273,-47.735714721679685,4111.308251953125,1921.1765380859374,-613.3775054931641,0.24450623095035554,0.2859122097492218,-1.442280113697052,92.44293518066407,-227.12112121582032,27.096681594848633,0.0,0.0,0.0,0.0,0.0,0.0,0.0,0.0,0.0,0.0,0.0,0.0
499,4.99,-52.40743,843.9734,-112.262,389.639,-452.5538,164.56859,138.53319396972657,-35.53360137939453,-677.3413330078125,-55174.305859375,37730.484765625,-15255.9986328125,-0.26111129820346834,-5.175630378723144,-24.397047233581542,2388.5380615234376,936.4844482421875,-270.4070571899414,0.24347257167100905,0.28678877651691437,-1.4326583981513976,87.32365493774414,-230.69305114746095,28.09805374145508,0.0,0.0,0.0,0.0,0.0,0.0,0.0,0.0,0.0,0.0,0.0,0.0
500,5.0,-41.45707,843.8713,-88.321,387.009,-435.55383,172.84174,132.68580627441406,-37.7062873840332,-682.5641174316406,-55768.007421875,36882.251171875,-15056.8294921875,-0.41449966430664065,-0.2626949188299477,-8.834327125549317,1156.577459716797,296.0145210266113,-56.06021113395691,0.23983902633190154,0.29332839548587797,-1.4292553901672362,79.63932647705079,-231.59083557128906,29.72101993560791,0.0,0.0,0.0,0.0,0.0,0.0,0.0,0.0,0.0,0.0,0.0,0.0
501,5.01,-31.206335,843.9591,-64.3851,384.941,-417.33133,180.34497,125.47938537597656,-38.8766902923584,-682.673046875,-55890.607421875,35985.17109375,-14637.68056640625,-0.43662973344326017,2.3142430067062376,0.5340543478727341,343.5748924255371,-78.55156965255738,62.462211799621585,0.234182009100914,0.30773899257183074,-1.421466886997223,70.07027816772461,-230.1093994140625,31.858659172058104,0.0,0.0,0.0,0.0,0.0,0.0,0.0,0.0,0.0,0.0,0.0,0.0
502,5.02,-21.228914,844.19904,-40.8939,383.921,-398.66364,187.30801,117.38015899658203,-39.24566879272461,-678.8096130371093,-55644.75703125,35095.97890625,-14057.96923828125,-0.378938701748848,3.2734638452529907,5.268969559669495,-129.10541105270386,-258.7949478149414,113.53784561157227,0.2269309163093567,0.3288524001836777,-1.405271577835083,60.59713287353516,-228.27994842529296,33.93411636352539,0.0,0.0,0.0,0.0,0.0,0.0,0.0,0.0,0.0,0.0,0.0,0.0
503,5.03,-11.480748,844.7057,-17.3542,383.429,-379.07745,192.99666,108.72451705932617,-38.99498748779297,-671.8481567382812,-55112.00078125,34255.816015625,-13366.64775390625,-0.2892113044857979,3.248274040222168,6.870154190063476,-351.8395202636719,-310.5213623046875,121.8251121520996,0.21880526095628738,0.3498842686414719,-1.3810420036315918,52.812792205810545,-228.22835845947264,35.439958572387695,0.0,0.0,0.0,0.0,0.0,0.0,0.0,0.0,0.0,0.0,0.0,0.0
504,5.04,-1.8716631,845.28815,5.51779,384.296,-358.17416,197.50279,99.75995712280273,-38.28090896606445,-662.4421020507813,-54357.358203125,33494.23125,-12604.1447265625,-0.19721933007240294,2.72060112953186,6.605329847335815,-410.68358459472654,-287.9299652099609,106.78478546142578,0.21049326062202453,0.36179956793785095,-1.3511076092720031,47.41574249267578,-231.08907928466797,36.07156143188477,0.0,0.0,0.0,0.0,0.0,0.0,0.0,0.0,0.0,0.0,0.0,0.0
505,5.05,7.876779,846.33,28.5506,385.93,-335.7818,200.86617,90.71627655029297,-37.268004989624025,-651.1245971679688,-53440.212109375,32829.4302734375,-11809.04716796875,-0.11863903775811195,2.0180166363716125,5.422415733337402,-375.8827789306641,-230.68218688964845,82.12577590942382,0.20328598469495773,0.35918978452682493,-1.321402132511139,44.79718246459961,-236.22201843261718,35.84471893310547,0.0,0.0,0.0,0.0,0.0,0.0,0.0,0.0,0.0,0.0,0.0,0.0
506,5.06,17.809284,847.70087,51.3808,388.442,-312.64258,203.2336,81.83559951782226,-36.145059204101564,-638.3419799804688,-52416.583984375,32262.7453125,-11019.359765625,-0.059410620108246805,1.3367706298828126,3.9545904636383056,-298.4165283203125,-164.67518005371093,56.42539978027344,0.1981024369597435,0.3436715930700302,-1.2955466032028198,45.21823272705078,-242.31719970703125,35.06146507263183,0.0,0.0,0.0,0.0,0.0,0.0,0.0,0.0,0.0,0.0,0.0,0.0
507,5.07,27.748312,849.5049,74.8591,390.532,-288.22446,203.11044,73.35001144409179,-35.08592910766602,-624.4893005371093,-51336.142578125,31777.0869140625,-10267.3189453125,-0.019523828662931918,0.7744516789913177,2.5727673292160036,-211.27420959472656,-104.62089920043945,34.26165561676025,0.19632181227207185,0.32308425307273864,-1.2766248822212218,48.283246231079104,-248.38733367919923,33.97676582336426,0.0,0.0,0.0,0.0,0.0,0.0,0.0,0.0,0.0,0.0,0.0,0.0
508,5.08,36.7029,851.3018,98.7526,393.738,-262.52597,201.01042,65.44554023742675,-34.18750343322754,-609.9875793457031,-50240.496875,31341.9583984375,-9572.64140625,0.0040914326404163145,0.3624236389994621,1.454151952266693,-132.96195449829102,-57.14529685974121,17.42950372695923,0.19851642847061157,0.3047169893980026,-1.2744508862495423,52.49069442749023,-253.02242736816407,32.56163692474365,0.0,0.0,0.0,0.0,0.0,0.0,0.0,0.0,0.0,0.0,0.0,0.0
509,5.09,46.576725,853.3436,121.081,396.926,-235.61533,197.16693,58.23963470458985,-33.43461456298828,-595.3685852050781,-49166.150390625,30922.6328125,-8939.08876953125,0.015593055915087462,0.09300846504047514,0.6482085287570953,-71.6018627166748,-23.66423282623291,6.007607436180114,0.20267728269100188,0.2930092215538025,-1.2788960933685303,55.133104705810545,-254.71202850341797,31.473270606994628,0.0,0.0,0.0,0.0,0.0,0.0,0.0,0.0,0.0,0.0,0.0,0.0
510,5.1,55.77392,855.2028,143.548,400.352,-209.36113,192.58847,51.7726131439209,-32.723246002197264,-581.2974853515625,-48150.1359375,30489.00625,-8356.616259765626,0.019039752893149853,-0.06034225407056511,0.1308410103956703,-28.686543655395507,-2.688611377030611,-0.8208541348576546,0.20547521114349365,0.28721530735492706,-1.2672045707702637,54.79229888916016,-253.54064178466797,31.67791614532471,0.0,0.0,0.0,0.0,0.0,0.0,0.0,0.0,0.0,0.0,0.0,0.0
511,5.11,64.442635,857.127,164.784,404.554,-182.39629,186.74603,46.02034301757813,-31.918097305297852,-568.4982055664062,-47230.986328125,30015.7734375,-7807.729345703125,0.01779607329517603,-0.12967880368232726,-0.1560748614370823,-2.061221146583557,8.529278039932251,-4.203995275497436,0.20615119189023973,0.28518877923488617,-1.226301336288452,52.34443893432617,-251.079931640625,33.310281372070314,0.0,0.0,0.0,0.0,0.0,0.0,0.0,0.0,0.0,0.0,0.0,0.0
512,5.12,74.01726,859.3203,184.775,408.978,-155.10875,179.93745,40.92876777648926,-30.907628440856932,-557.6123962402344,-46443.603125,29477.4001953125,-7275.289599609375,0.014336287602782249,-0.14480357468128205,-0.27896052449941633,11.963998651504516,12.949302005767823,-5.27845139503479,0.20742646157741546,0.28460532426834106,-1.1619264483451843,50.078321075439455,-248.97579650878907,35.63202896118164,0.0,0.0,0.0,0.0,0.0,0.0,0.0,0.0,0.0,0.0,0.0,0.0
513,5.13,83.033516,861.0407,204.212,413.473,-127.171936,172.61966,36.44670944213867,-29.637735176086426,-549.1072143554687,-45815.233203125,28850.125390625,-6748.913720703125,0.010284553933888673,-0.12964000701904296,-0.297981271147728,17.284125328063965,13.17147159576416,-4.994844770431518,0.20943856686353685,0.28504274785518646,-1.0957500219345093,49.14578056335449,-247.4110534667969,38.00799369812012,0.0,0.0,0.0,0.0,0.0,0.0,0.0,0.0,0.0,0.0,0.0,0.0
514,5.14,91.664825,862.47015,223.248,417.886,-98.68724,164.32684,32.526283264160156,-28.119783020019533,-543.2438537597657,-45362.458203125,28122.78828125,-6227.14638671875,0.006570292916148901,-0.10129601135849953,-0.26055003702640533,17.282507514953615,11.198660850524902,-4.05746066570282,0.20933271944522858,0.2874474793672562,-1.051346731185913,49.4381649017334,-245.71802215576173,40.39144325256348,0.0,0.0,0.0,0.0,0.0,0.0,0.0,0.0,0.0,0.0,0.0,0.0
515,5.15,100.61061,863.7565,241.361,421.911,-69.03151,155.10634,29.09534034729004,-26.426305198669432,-540.07421875,-45089.9484375,27300.2091796875,-5715.8388671875,0.003618211857974529,-0.07066206037998199,-0.20000577419996263,14.54313611984253,8.409148359298706,-2.932246375083923,0.20474863350391387,0.2899534046649933,-1.0380631685256958,51.02586555480957,-244.01337432861328,42.8325382232666,0.0,0.0,0.0,0.0,0.0,0.0,0.0,0.0,0.0,0.0,0.0,0.0
516,5.16,110.08953,864.9199,259.178,425.125,-38.53836,145.52661,26.051870918273927,-24.67042980194092,-539.4606201171875,-44992.53671875,26391.2755859375,-5225.33955078125,0.0015260477550327778,-0.04370411522686481,-0.1371636539697647,10.829274749755859,5.641466331481934,-1.8886929631233216,0.19485020637512207,0.2913017064332962,-1.0536946654319763,53.313907623291016,-242.4437698364258,44.80128211975098,0.0,0.0,0.0,0.0,0.0,0.0,0.0,0.0,0.0,0.0,0.0,0.0
517,5.17,118.65172,865.3968,275.579,429.675,-7.5904107,135.8304,23.285010719299315,-22.96855411529541,-541.1188293457031,-45056.029296875,25394.79921875,-4765.9873046875,0.00020782569336006418,-0.02290914012119174,-0.08309708386659623,7.202532625198364,3.3235748529434206,-1.0525123536586762,0.1812627598643303,0.29341928064823153,-1.0945011019706725,54.97697830200195,-241.38539123535156,45.54582557678223,0.0,0.0,0.0,0.0,0.0,0.0,0.0,0.0,0.0,0.0,0.0,0.0
518,5.18,128.04051,865.8664,292.322,432.773,24.456337,125.69773,20.691242980957032,-21.415917205810548,-544.6741516113282,-45259.155859375,24291.3263671875,-4343.699951171875,-0.0005033248773543165,-0.00858010200317949,-0.04211274795234203,4.195296859741211,1.6043858289718629,-0.4555230736732483,0.16564544886350632,0.2970342457294464,-1.1547266721725464,56.15382270812988,-240.8058837890625,44.90746383666992,0.0,0.0,0.0,0.0,0.0,0.0,0.0,0.0,0.0,0.0,0.0,0.0
519,5.19,137.5564,865.9219,308.689,436.009,57.604206,115.49027,18.192509841918945,-20.084652137756347,-549.698583984375,-45577.903515625,23041.4640625,-3958.21162109375,-0.0007894529902841896,0.0001517011995019857,-0.01435342445038259,1.9833124279975891,0.4656444609165192,-0.0761938983341679,0.14984167218208314,0.3007971614599228,-1.21586674451828,57.79453811645508,-239.63975677490234,43.17436408996582,0.0,0.0,0.0,0.0,0.0,0.0,0.0,0.0,0.0,0.0,0.0,0.0
520,5.2,146.88072,865.9022,324.248,438.937,90.51172,105.98616,15.74640645980835,-19.032268905639647,-555.7575012207031,-45989.42421875,21592.302734375,-3603.8232421875,-0.0008115699223708361,0.004620134644210338,0.002203022502362728,0.5309864021837711,-0.1940174451097846,0.1310426652431488,0.13700883388519286,0.3037356108427048,-1.259504222869873,60.207631301879886,-236.4720443725586,40.94060592651367,0.0,0.0,0.0,0.0,0.0,0.0,0.0,0.0,0.0,0.0,0.0,0.0
521,5.21,156.75226,865.491,339.839,441.146,123.97807,96.999466,13.346071147918702,-18.30235939025879,-562.44658203125,-46473.00625,19889.7572265625,-3271.862158203125,-0.0006943497690372169,0.00618702843785286,0.010372151527553797,-0.300367200281471,-0.5026669025421142,0.21690022051334382,0.12857595086097717,0.30327882170677184,-1.2762502431869507,62.60347480773926,-231.05182189941405,38.71935615539551,0.0,0.0,0.0,0.0,0.0,0.0,0.0,0.0,0.0,0.0,0.0,0.0
522,5.22,166.3946,865.0245,354.894,442.96,157.7871,88.61604,11.014289665222169,-17.910981941223145,-569.4228210449219,-47010.944921875,17893.355078125,-2952.729296875,-0.0005240157304797321,0.006012807926163077,0.012931586615741253,-0.6804993689060211,-0.5818143248558044,0.22670410573482513,0.12440175637602806,0.2966474235057831,-1.2651037693023681,64.80014038085938,-225.19955444335938,37.04438362121582,0.0,0.0,0.0,0.0,0.0,0.0,0.0,0.0,0.0,0.0,0.0,0.0
523,5.23,176.34375,864.70496,369.754,444.374,191.68626,80.71542,8.784435510635376,-17.833679580688475,-576.4294799804687,-47588.608984375,15590.66923828125,-2636.4531494140624,-0.00035334551939740776,0.004970398591831326,0.012199298851191998,-0.7682454347610473,-0.530342522263527,0.19582522213459014,0.12297861129045487,0.283085024356842,-1.232917582988739,67.60567092895508,-222.87653503417968,36.131567764282224,0.0,0.0,0.0,0.0,0.0,0.0,0.0,0.0,0.0,0.0,0.0,0.0
524,5.24,186.45927,864.2981,384.366,445.15,225.58713,73.541405,6.670948600769043,-18.008976936340332,-583.2918884277344,-48193.098828125,13005.96455078125,-2312.6352783203124,-0.00020954630599590018,0.0036464877193793654,0.009889471996575593,-0.6916562080383301,-0.419823893904686,0.1489082396030426,0.12229988500475883,0.2674578964710236,-1.1987412929534913,70.7391471862793,-226.4284225463867,36.07614288330078,0.0,0.0,0.0,0.0,0.0,0.0,0.0,0.0,0.0,0.0,0.0,0.0
525,5.25,196.85762,863.8637,397.852,446.045,259.58286,67.27312,4.647387170791626,-18.356357955932616,-589.8871276855468,-48811.21171875,10198.99716796875,-1970.8550415039062,-0.00010235813533654436,0.0023875289829447866,0.0071340171620249745,-0.5426534146070481,-0.29643837809562684,0.10117406249046326,0.12181083559989929,0.2569956034421921,-1.1701507687568664,72.36838607788086,-235.36202850341797,37.25981750488281,0.0,0.0,0.0,0.0,0.0,0.0,0.0,0.0,0.0,0.0,0.0,0.0
526,5.26,207.16524,863.2397,411.233,446.222,293.79657,61.45177,2.6429449915885925,-18.79756965637207,-596.0970886230468,-49427.410546875,7254.307080078125,-1601.27939453125,-3.09909259158303e-05,0.0013614791794680059,0.004585911240428686,-0.3800047755241394,-0.1859842747449875,0.06058328337967396,0.12296701967716217,0.25584099590778353,-1.142974603176117,71.39952011108399,-246.54784088134767,39.659938430786134,0.0,0.0,0.0,0.0,0.0,0.0,0.0,0.0,0.0,0.0,0.0,0.0
527,5.27,217.44286,862.3482,422.56,446.114,327.5449,56.6028,0.5569964615628124,-19.277752113342284,-601.789013671875,-50025.17734375,4264.552197265625,-1195.2696838378906,1.0637907873611851e-05,0.000617844975204207,0.002548251417465508,-0.23610824793577195,-0.09968558177351952,0.030099649913609028,0.12850504815578462,0.2636198133230209,-1.1090989112854004,68.5401741027832,-256.6234527587891,42.36689796447754,0.0,0.0,0.0,0.0,0.0,0.0,0.0,0.0,0.0,0.0,0.0,0.0
528,5.28,227.48782,861.4152,434.23,445.401,360.15295,52.628082,-1.7105135679244996,-19.779034996032713,-606.8235168457031,-50590.006640625,1312.7227746009826,-746.7415710449219,3.0370092099474276e-05,0.0001373465960568865,0.0010960958257783203,-0.12466108798980713,-0.03948939833790064,0.009646453917957843,0.13907418847084047,0.27931044101715086,-1.0660239338874817,65.54890365600586,-264.6403869628906,44.372772979736325,0.0,0.0,0.0,0.0,0.0,0.0,0.0,0.0,0.0,0.0,0.0,0.0
529,5.29,237.6464,860.2821,445.689,444.869,392.71375,49.55256,-4.234223008155823,-20.323053932189943,-611.0921325683594,-51112.171875,-1538.0535736083984,-253.6523281097412,3.5709844814846293e-05,-0.00013163113944756333,0.0001752841489690127,-0.047568575292825696,-0.0022613575478317217,-0.0024051711487118156,0.1545135870575905,0.2999439060688019,-1.0199921369552611,63.73135757446289,-269.3572174072266,45.109479904174805,0.0,0.0,0.0,0.0,0.0,0.0,0.0,0.0,0.0,0.0,0.0,0.0
530,5.3,248.39914,859.2406,456.025,443.82,424.45657,47.120003,-7.06430983543396,-20.960210227966307,-614.5740295410156,-51589.64140625,-4244.016284179687,282.1483150482178,3.279863412899431e-05,-0.00024916100082919004,-0.0003262441750848666,-0.00036724902456626297,0.01725062234327197,-0.008224558550864458,0.1720325231552124,0.3227750927209854,-0.9825755059719086,63.307928466796874,-269.8447326660156,44.770653533935544,0.0,0.0,0.0,0.0,0.0,0.0,0.0,0.0,0.0,0.0,0.0,0.0
531,5.31,258.8245,858.189,465.831,442.586,455.4587,45.52663,-10.232689952850341,-21.743496322631835,-617.3589965820313,-52028.125,-6775.604150390625,856.3332702636719,2.610364645079244e-05,-0.0002701481658732519,-0.0005325823643943295,0.0239758038893342,0.024555956572294237,-0.009915364254266024,0.18778132945299147,0.34445099234580995,-0.9625673294067383,64.01484069824218,-266.2035614013672,43.8050838470459,0.0,0.0,0.0,0.0,0.0,0.0,0.0,0.0,0.0,0.0,0.0,0.0
532,5.32,269.79163,857.19183,475.12,440.935,485.63272,44.82332,-13.758855056762695,-22.70486125946045,-619.6220947265625,-52437.591015625,-9114.298095703125,1463.3315185546876,1.852279156082659e-05,-0.00023813901061657815,-0.0005543507984839379,0.03270104769617319,0.024423445761203765,-0.009214113838970662,0.20030143707990647,0.3594518840312958,-0.9615666449069977,66.0566619873047,-259.635888671875,42.62845802307129,0.0,0.0,0.0,0.0,0.0,0.0,0.0,0.0,0.0,0.0,0.0,0.0
533,5.33,280.2664,855.9141,484.176,439.415,514.3651,44.717884,-17.653722476959228,-23.84987869262695,-621.591748046875,-52829.4421875,-11251.86474609375,2096.9293212890625,1.1687405003613093e-05,-0.00018393556820228696,-0.00047770959499757735,0.03200842514634132,0.020485193654894828,-0.007393279438838362,0.20718419104814528,0.3660425812005997,-0.9751040279865265,68.77537155151367,-252.11751556396484,42.01865577697754,0.0,0.0,0.0,0.0,0.0,0.0,0.0,0.0,0.0,0.0,0.0,0.0
534,5.34,291.2994,854.4874,494.289,437.647,541.9177,45.26956,-21.90819969177246,-25.160099983215332,-623.5193054199219,-53214.007421875,-13190.67021484375,2749.9916015625,6.318675605143653e-06,-0.00012690221265074798,-0.00036258146865293385,0.026580102927982806,0.015212952997535467,-0.005284949438646436,0.2043564260005951,0.3664871156215668,-0.9885642468929291,69.90294189453125,-245.41365966796874,42.703276824951175,0.0,0.0,0.0,0.0,0.0,0.0,0.0,0.0,0.0,0.0,0.0,0.0
535,5.35,302.35263,853.2497,504.65204,435.917,569.13605,46.40109,-26.485366821289062,-26.6017822265625,-625.6285217285156,-53597.43671875,-14942.975,3414.318603515625,2.5552488864377663e-06,-7.745022849121596e-05,-0.0002458948903949931,0.0195754436776042,0.01008980581536889,-0.003362784371711314,0.1912177935242653,0.36129710376262664,-0.9841407001018524,68.65291137695313,-240.4801803588867,44.414546203613284,0.0,0.0,0.0,0.0,0.0,0.0,0.0,0.0,0.0,0.0,0.0,0.0
536,5.36,313.2881,851.89716,514.238,434.136,594.1287,47.597244,-31.326267814636232,-28.138632392883302,-628.0715026855469,-53979.899609375,-16528.66142578125,4081.3343505859375,2.1408562602687198e-07,-3.9734858546580654e-05,-0.00014689633826492354,0.012869706749916077,0.005855166399851441,-0.0018409815616905688,0.17058374583721161,0.3508166432380676,-0.9589346289634705,66.11190872192383,-237.70050659179688,46.06626434326172,0.0,0.0,0.0,0.0,0.0,0.0,0.0,0.0,0.0,0.0,0.0,0.0
537,5.37,324.92365,850.7344,524.17,432.324,617.5799,48.980793,-36.369536590576175,-29.7348295211792,-630.8860229492187,-54354.1109375,-17970.5837890625,4743.76220703125,-1.0243553106192848e-06,-1.4034197874934762e-05,-7.268524495884776e-05,0.007380337128415704,0.0027486702660098673,-0.0007663041411433369,0.15085283070802688,0.3374820351600647,-0.9269547939300538,64.03069648742675,-236.92127838134766,46.63188362121582,0.0,0.0,0.0,0.0,0.0,0.0,0.0,0.0,0.0,0.0,0.0,0.0
538,5.38,336.08688,849.1373,533.255,430.328,639.2174,50.257473,-41.57684135437012,-31.343624687194826,-633.9952270507813,-54706.4734375,-19288.5919921875,5397.925439453125,-1.4992107367106655e-06,1.4124933630732529e-06,-2.2986475505604177e-05,0.0033866135170683266,0.0007148457065341063,-9.19611802601139e-05,0.14186849892139436,0.32377188205718993,-0.9069435119628906,62.41553230285645,-236.59710540771485,45.9259090423584,0.0,0.0,0.0,0.0,0.0,0.0,0.0,0.0,0.0,0.0,0.0,0.0
539,5.39,347.81158,847.62714,543.291,428.437,658.5635,50.96615,-46.940633392333986,-32.88062286376953,-637.2526184082031,-55019.680078125,-20495.9841796875,6045.233251953125,-1.5059606766953947e-06,9.13592339202296e-06,6.225683898719581e-06,0.0007952277903314098,-0.0004448200917977374,0.00026955705834552646,0.14731916338205336,0.3108623117208481,-0.9118604063987732,60.905361557006835,-235.1859130859375,44.81420478820801,0.0,0.0,0.0,0.0,0.0,0.0,0.0,0.0,0.0,0.0,0.0,0.0
540,5.4,359.34323,846.00415,552.705,426.562,676.1666,51.283886,-52.47079658508301,-34.2080020904541,-640.45927734375,-55272.28515625,-21600.7677734375,6691.369140625,-1.2708029430541501e-06,1.1661937605822459e-05,2.026869715336943e-05,-0.0006640377338044346,-0.0009709776611998677,0.0004128431901335716,0.16221638917922973,0.2996614664793015,-0.9386462271213531,59.08152694702149,-233.90695495605468,44.31411209106445,0.0,0.0,0.0,0.0,0.0,0.0,0.0,0.0,0.0,0.0,0.0,0.0
541,5.41,371.23773,844.1959,564.083,424.315,690.94977,50.54643,-58.18168601989746,-35.1705322265625,-643.335595703125,-55437.2078125,-22606.5951171875,7341.202001953125,-9.484473366683233e-07,1.1113640539406333e-05,2.4282037156808655e-05,-0.0013096013106405735,-0.0010878247790969907,0.000421145191648975,0.17899438738822937,0.29199565052986143,-0.9711251378059387,57.145927810668944,-235.02083892822264,44.71347503662109,0.0,0.0,0.0,0.0,0.0,0.0,0.0,0.0,0.0,0.0,0.0,0.0
542,5.42,383.07718,842.8145,574.794,422.348,704.3707,49.29156,-64.067387008667,-35.62135047912598,-645.4803100585938,-55479.308984375,-23510.90546875,7994.281005859375,-6.323084335235762e-07,9.070506166608538e-06,2.249921490147244e-05,-0.0014342247857712209,-0.0009755681909155101,0.000358682990190573,0.19254541546106338,0.2881713300943375,-0.99932581782341,56.180108642578126,-239.18234252929688,45.480932998657224,0.0,0.0,0.0,0.0,0.0,0.0,0.0,0.0,0.0,0.0,0.0,0.0
543,5.43,394.6288,841.509,585.679,421.343,715.49805,47.834343,-70.08368835449218,-35.43943977355957,-646.3080017089844,-55351.53125,-24300.99375,8643.78193359375,-3.6946254056147154e-07,6.582034802704584e-06,1.8016795002040455e-05,-0.0012710795854218304,-0.0007632267370354384,0.0002697105272090994,0.20088905841112137,0.28706923723220823,-1.0295175075531007,56.865542602539065,-245.06658325195312,45.60233840942383,0.0,0.0,0.0,0.0,0.0,0.0,0.0,0.0,0.0,0.0,0.0,0.0
544,5.44,406.66824,840.3328,597.723,420.258,726.2659,46.06377,-76.14993743896484,-34.55194282531738,-645.0060119628906,-54993.05078125,-24947.5638671875,9276.05830078125,-1.7568550845226127e-07,4.258756143826759e-06,1.2855717795901e-05,-0.0009857301833108068,-0.0005330392014002427,0.00018119699525414034,0.2039366513490677,0.2891166776418686,-1.062821888923645,58.13117637634277,-250.52657623291014,44.39114227294922,0.0,0.0,0.0,0.0,0.0,0.0,0.0,0.0,0.0,0.0,0.0,0.0
545,5.45,418.7731,839.334,609.576,419.113,734.3559,43.382423,-82.13148422241211,-32.936653518676756,-640.5448974609375,-54329.968359375,-25402.413671875,9868.6931640625,-4.8149477827053035e-08,2.3886090616542788e-06,8.163284746842692e-06,-0.0006827230681665242,-0.00033014481014106425,0.00010694520533434115,0.2040192097425461,0.2967222183942795,-1.0924710750579834,58.0392578125,-254.4579879760742,42.39859123229981,0.0,0.0,0.0,0.0,0.0,0.0,0.0,0.0,0.0,0.0,0.0,0.0
546,5.46,431.30914,838.3683,621.957,418.581,741.7155,40.782223,-87.81763534545898,-30.611956214904787,-631.7043334960938,-53276.015234375,-25601.125,10389.1857421875,2.5096850103656366e-08,1.0479344837222015e-06,4.455517546375631e-06,-0.0004186448553809896,-0.0001734427256451454,5.179675208637491e-05,0.19991994947195052,0.3089971154928207,-1.1044846415519713,55.45057563781738,-257.2791351318359,40.886862182617186,0.0,0.0,0.0,0.0,0.0,0.0,0.0,0.0,0.0,0.0,0.0,0.0
547,5.47,444.0248,837.25385,635.231,417.618,747.14905,37.859802,-92.89760513305664,-27.626505279541014,-617.1493774414063,-51736.31953125,-25472.19375,10794.81982421875,5.8804961611258475e-08,1.9211080211078978e-07,1.8418792251395644e-06,-0.00021644051012117415,-6.533697214763378e-05,1.5215556777548045e-05,0.1896260678768158,0.3199158936738968,-1.0882164478302,50.43506546020508,-259.45428466796875,40.50725746154785,0.0,0.0,0.0,0.0,0.0,0.0,0.0,0.0,0.0,0.0,0.0,0.0
548,5.48,456.6829,836.3538,646.933,416.348,750.801,35.220108,-96.94540557861328,-24.046335220336914,-595.5714111328125,-49616.02421875,-24950.0318359375,11034.41904296875,6.682954705183874e-08,-2.786478347616139e-07,2.053153053571677e-07,-7.81107275543036e-05,6.360575440567118e-07,-6.016312426027071e-06,0.174910569190979,0.3247043937444687,-1.051266038417816,44.59140739440918,-260.2453979492187,40.980367279052736,0.0,0.0,0.0,0.0,0.0,0.0,0.0,0.0,0.0,0.0,0.0,0.0
549,5.49,469.58575,835.43524,657.446,415.833,753.36957,34.68428,-99.42958526611328,-19.95329875946045,-565.8702575683594,-46834.88046875,-23988.263671875,11053.03876953125,6.036852688851013e-08,-4.766971386516161e-07,-6.692228680549305e-07,5.436511878542661e-06,3.4478081397537606e-05,-1.598668004589854e-05,0.15793551206588746,0.3233292579650879,-1.0128363430500031,40.94796028137207,-258.2918243408203,41.46630859375,0.0,0.0,0.0,0.0,0.0,0.0,0.0,0.0,0.0,0.0,0.0,0.0
550,5.5,482.12924,834.7804,669.801,416.585,757.49524,34.580345,-99.75335464477538,-15.464353084564209,-527.4128204345703,-43348.751953125,-22572.6162109375,10801.04404296875,4.74785252890797e-08,-5.030564011576644e-07,-1.013125353210853e-06,4.755972040584311e-05,4.642633939511143e-05,-1.8583181190479082e-05,0.1412554293870926,0.319674077630043,-0.9830011487007141,40.70494613647461,-253.15655364990235,41.41371726989746,0.0,0.0,0.0,0.0,0.0,0.0,0.0,0.0,0.0,0.0,0.0,0.0
551,5.51,494.22565,834.9357,684.888,418.439,762.9859,35.568943,-97.36093673706054,-10.768290996551514,-480.3085021972656,-39173.892578125,-20728.38359375,10247.0845703125,3.3323359538428575e-08,-4.3690515667549333e-07,-1.0295244123881275e-06,6.169572625367437e-05,4.521706759987865e-05,-1.697442676231731e-05,0.12631547674536706,0.3188278913497925,-0.9607766747474671,43.00408782958984,-245.809130859375,40.57362861633301,0.0,0.0,0.0,0.0,0.0,0.0,0.0,0.0,0.0,0.0,0.0,0.0
552,5.52,505.58685,836.2413,696.737,420.343,767.0358,36.823185,-91.88984375,-6.16059136390686,-425.5177337646484,-34401.46328125,-18520.3162109375,9389.3935546875,2.0760261598695708e-08,-3.336398094688775e-07,-8.748259517687984e-07,5.9192492699366994e-05,3.7429926305776465e-05,-1.3457007844408508e-05,0.11235102415084838,0.323303884267807,-0.9337520062923431,46.923347854614256,-237.77980346679686,39.44574813842773,0.0,0.0,0.0,0.0,0.0,0.0,0.0,0.0,0.0,0.0,0.0,0.0
553,5.53,516.2755,838.1507,707.737,422.926,769.8533,37.830685,-83.28971405029297,-2.0229380935430528,-364.8671844482422,-29198.027734375,-16049.5916015625,8260.44833984375,1.1006990607853594e-08,-2.2764259171026425e-07,-6.566117122019932e-07,4.852510464843362e-05,2.7492431581777054e-05,-9.51495057961438e-06,0.10085619315505027,0.3308809459209442,-0.8882090806961059,51.47904663085937,-230.49233856201172,38.458717346191406,0.0,0.0,0.0,0.0,0.0,0.0,0.0,0.0,0.0,0.0,0.0,0.0
554,5.54,526.5635,840.50616,718.132,425.638,771.8189,38.002472,-71.88625869750976,1.2626001723110676,-301.0064392089844,-23798.758984375,-13448.709375,6925.189990234375,4.244840234868263e-09,-1.3703588308544568e-07,-4.402965686267635e-07,3.534762527124258e-05,1.8023259235633306e-05,-5.97906650909863e-06,0.09249726310372353,0.33687534630298616,-0.8232146978378296,56.379835510253905,-225.76609954833984,37.58781509399414,0.0,0.0,0.0,0.0,0.0,0.0,0.0,0.0,0.0,0.0,0.0,0.0
555,5.55,536.331,843.32465,725.856,428.336,772.2416,38.516323,-58.398461151123044,3.4278797626495363,-237.28902587890624,-18492.36572265625,-10869.26767578125,5475.347900390625,9.311940524225903e-11,-6.870481286114228e-08,-2.5923521320692087e-07,2.2966783399169798e-05,1.0295496895196266e-05,-3.2124439712788444e-06,0.0884331576526165,0.3375248372554779,-0.7444456458091736,62.88024482727051,-224.84908905029297,36.38360061645508,0.0,0.0,0.0,0.0,0.0,0.0,0.0,0.0,0.0,0.0,0.0,0.0
556,5.56,546.07104,846.22504,734.07,430.269,770.79144,38.47194,-43.92520523071289,4.416886854171753,-177.41031341552736,-13585.4044921875,-8458.731298828125,4021.527734375,-2.0576768955393732e-09,-2.266201688527758e-08,-1.2500227342115977e-07,1.2957642320543528e-05,4.6882024207661745e-06,-1.2799942339825065e-06,0.09086720943450928,0.33272401690483094,-0.6669088363647461,71.31483383178711,-226.8552032470703,34.734921264648435,0.0,0.0,0.0,0.0,0.0,0.0,0.0,0.0,0.0,0.0,0.0,0.0
557,5.57,555.7303,849.209,741.53,431.997,769.663,38.38848,-29.84505138397217,4.406140422821045,-124.7201416015625,-9342.648828125,-6330.108154296875,2680.846875,-2.8381974770397277e-09,4.617748391305687e-09,-3.613252719247839e-08,5.7547530104784524e-06,1.0603955907129147e-06,-8.293345885590497e-08,0.0997278407216072,0.3247528672218323,-0.6090417325496673,79.74932708740235,-229.63534393310547,32.80461444854736,0.0,0.0,0.0,0.0,0.0,0.0,0.0,0.0,0.0,0.0,0.0,0.0
558,5.58,565.7257,852.12573,749.156,433.861,769.185,38.502834,-17.52197551727295,3.729011344909668,-81.4531867980957,-5926.24052734375,-4541.296630859375,1554.3832885742188,-2.7900384003132218e-09,1.792134360911746e-08,1.5316003887377862e-08,1.1370170717839301e-06,-9.741214398673038e-07,5.460901405740515e-07,0.11350575909018516,0.31559128761291505,-0.5806189835071563,85.86338729858399,-231.9696243286133,31.19377727508545,0.0,0.0,0.0,0.0,0.0,0.0,0.0,0.0,0.0,0.0,0.0,0.0
559,5.59,575.7115,854.8618,756.024,435.275,768.9529,38.81588,-7.919974374771118,2.7504259586334228,-48.300876235961915,-3366.69111328125,-3095.750634765625,702.3076110839844,-2.3231586876448772e-09,2.1926211957179476e-08,3.9359098380487015e-08,-1.4189549688126136e-06,-1.8665142192730854e-06,7.831877780972718e-07,0.1292973577976227,0.3073224902153015,-0.585103452205658,88.6781021118164,-233.4242904663086,30.677353286743163,0.0,0.0,0.0,0.0,0.0,0.0,0.0,0.0,0.0,0.0,0.0,0.0
560,5.6,585.5363,857.5301,760.714,436.311,768.59656,39.20767,-1.3893185809254647,1.7656012177467346,-24.568742179870604,-1583.0412231445312,-1962.2259887695313,133.6711884498596,-1.7148297004609959e-09,2.051232907973599e-08,4.549241907625401e-08,-2.5091466795856833e-06,-2.0298832623666385e-06,7.810715658251866e-07,0.14165486991405488,0.30218069851398466,-0.6174546360969544,87.60027694702148,-234.27369995117186,31.746087646484376,0.0,0.0,0.0,0.0,0.0,0.0,0.0,0.0,0.0,0.0,0.0,0.0
561,5.61,595.0901,859.8889,763.983,436.511,769.52374,39.375862,2.3192756295204164,0.9561536848545075,-8.795159530639648,-437.00426559448243,-1103.1625366210938,-187.24425735473633,-1.1301199365210123e-09,1.653456331851544e-08,4.143937530898256e-08,-2.6724525014287793e-06,-1.7922859228747256e-06,6.562162411682948e-07,0.1460707113146782,0.30066138207912446,-0.672303456068039,82.9073257446289,-235.4202880859375,34.280257034301755,0.0,0.0,0.0,0.0,0.0,0.0,0.0,0.0,0.0,0.0,0.0,0.0
562,5.62,604.5944,861.7883,767.446,436.343,770.1882,39.45529,3.8784531593322753,0.3840908110141754,0.6668843731284142,218.68994698524475,-491.4375061035156,-323.6911285400391,-6.502136995489849e-10,1.1867998406245307e-08,3.2787730397387806e-08,-2.333002908017079e-06,-1.3860423223377437e-06,4.87996499032306e-07,0.14165755063295365,0.30157058835029604,-0.7358039677143097,76.34816970825196,-236.91826324462892,37.61071014404297,0.0,0.0,0.0,0.0,0.0,0.0,0.0,0.0,0.0,0.0,0.0,0.0
563,5.63,613.6944,863.54047,770.531,435.977,771.2856,39.34875,4.066388988494873,0.028823557030409574,5.42857780456543,521.3348815917968,-98.92348817586898,-342.6173919677734,-3.0027306474611495e-10,7.58650133825256e-09,2.314104268208439e-08,-1.788676092928654e-06,-9.574033015269379e-07,3.2412158645911404e-07,0.13223356902599334,0.3016960620880127,-0.7955132246017456,70.2418327331543,-237.47149200439452,40.72777481079102,0.0,0.0,0.0,0.0,0.0,0.0,0.0,0.0,0.0,0.0,0.0,0.0
564,5.64,622.0105,864.3198,774.997,435.284,771.66376,39.502968,3.518731951713562,-0.15852708071470262,7.018248701095581,594.4349426269531,118.6982666015625,-298.0646209716797,-7.264977333913333e-11,4.181554214000016e-09,1.4510998980199475e-08,-1.2251937278051628e-06,-5.851629595099439e-07,1.8844927041072879e-07,0.12257125526666642,0.29878642559051516,-0.8539330959320068,66.89572677612304,-235.29261169433593,42.45512428283691,0.0,0.0,0.0,0.0,0.0,0.0,0.0,0.0,0.0,0.0,0.0,0.0
565,5.65,630.1505,865.418,779.006,435.119,771.4635,39.606277,2.6793960094451905,-0.2297983229160309,6.724033784866333,537.8519927978516,211.85504455566405,-227.91189727783203,5.597323039091551e-11,1.7671269669783384e-09,7.77150774844415e-09,-7.411437309201574e-07,-3.009236863249498e-07,8.878533073186645e-08,0.11605317965149879,0.2940385192632675,-0.9194120407104492,67.46269454956055,-230.82283935546874,42.76537742614746,0.0,0.0,0.0,0.0,0.0,0.0,0.0,0.0,0.0,0.0,0.0,0.0
566,5.66,637.9512,866.4093,782.774,434.685,770.7042,39.596912,1.8229915976524353,-0.23005381226539612,5.507189083099365,423.5137237548828,226.2137664794922,-155.70433807373047,1.1327979318465075e-10,2.4490125691278843e-10,3.072618481869682e-09,-3.746625992562258e-07,-1.0700034458466234e-07,2.3440013618980514e-08,0.11258264556527138,0.2900177925825119,-0.9877845525741578,70.90103759765626,-226.3781539916992,42.44678153991699,0.0,0.0,0.0,0.0,0.0,0.0,0.0,0.0,0.0,0.0,0.0,0.0
567,5.67,645.10205,867.44257,786.387,434.516,769.8358,39.694195,1.093509179353714,-0.19373154193162917,4.008473634719849,297.5783660888672,197.75604400634765,-93.88139038085937,1.2481373157235963e-10,-5.770831340567995e-10,1.6818312723390627e-10,-1.267417527373027e-07,9.727292482608618e-09,-1.3894087436128189e-08,0.11002268642187119,0.28795110881328584,-1.0458261251449585,74.49677963256836,-224.37625885009766,42.17186317443848,0.0,0.0,0.0,0.0,0.0,0.0,0.0,0.0,0.0,0.0,0.0,0.0
568,5.68,652.1351,868.8316,789.577,434.537,769.39136,39.968582,0.5449193149805069,-0.14434571638703347,2.602219486236572,185.6317398071289,151.7787643432617,-47.19757995605469,1.1097023924766525e-10,-9.085471708303317e-10,-1.352785061747852e-09,2.0895525576491992e-08,6.824175358133289e-08,-3.090068858568884e-08,0.10604865550994873,0.28731954395771026,-1.0742857336997986,75.99066848754883,-226.23226165771484,42.161583709716794,0.0,0.0,0.0,0.0,0.0,0.0,0.0,0.0,0.0,0.0,0.0,0.0
569,5.69,658.9354,870.2517,792.413,434.308,769.8153,39.883827,0.17632594667375087,-0.09606430456042289,1.466367506980896,98.6210090637207,104.07321472167969,-15.700174713134766,8.626377598353053e-11,-9.351179053318504e-10,-1.9209572821310417e-09,9.354316290455245e-08,8.753376263825885e-08,-3.475406202824161e-08,0.09957030639052392,0.2887792855501175,-1.0595564246177673,75.10200805664063,-231.64827880859374,42.27900657653809,0.0,0.0,0.0,0.0,0.0,0.0,0.0,0.0,0.0,0.0,0.0,0.0
570,5.7,665.46265,872.08,794.771,434.549,770.90765,40.03326,-0.0412537531927228,-0.05600164830684662,0.6496203035116196,38.22717514038086,63.037771224975586,2.9929004326462745,5.98832882586775e-11,-8.006121154924272e-10,-1.908889502022504e-09,1.1609743424401132e-07,8.358904182159677e-08,-3.122956737655613e-08,0.09264361262321472,0.2917850911617279,-1.0035368084907532,72.79668884277343,-239.10899505615234,42.25301971435547,0.0,0.0,0.0,0.0,0.0,0.0,0.0,0.0,0.0,0.0,0.0,0.0
571,5.71,671.8752,874.04425,796.648,435.059,771.9254,40.10143,-0.14666052535176277,-0.02651572786271572,0.12647059340961278,1.0974544882774353,31.936428260803222,12.136153221130371,3.68217033253071e-11,-6.045466405257826e-10,-1.6002030478468043e-09,1.0930500096151264e-07,6.831420407138467e-08,-2.4467678727546626e-08,0.08600288480520249,0.29375314712524414,-0.9249964773654937,70.66656188964843,-246.99382629394532,41.79758987426758,0.0,0.0,0.0,0.0,0.0,0.0,0.0,0.0,0.0,0.0,0.0,0.0
572,5.72,677.9867,875.5314,799.746,435.657,772.2393,40.333313,-0.17765237838029863,-0.0071437482896726575,-0.16272766813635825,-18.17951250076294,10.874371767044067,14.917250537872315,1.9121957402917776e-11,-4.0787701827138536e-10,-1.1878214078997473e-09,8.849015387113468e-08,4.963048461092967e-08,-1.711163486461942e-08,0.0789727196097374,0.29292371571063996,-0.8585041284561157,69.95819854736328,-254.11040344238282,40.768602752685545,0.0,0.0,0.0,0.0,0.0,0.0,0.0,0.0,0.0,0.0,0.0,0.0
573,5.73,683.92865,876.80676,802.577,435.82,772.2996,40.44879,-0.1654472142457962,0.003955023508751765,-0.28573342263698576,-25.216744422912598,-1.685081461071968,13.98436460494995,6.985506682648246e-12,-2.420603134600796e-10,-7.874339680302711e-10,6.375909080702514e-08,3.2153482720787e-08,-1.0615519929757511e-08,0.07277426347136498,0.28793785274028777,-0.826234120130539,71.17779159545898,-258.98992614746095,38.83835220336914,0.0,0.0,0.0,0.0,0.0,0.0,0.0,0.0,0.0,0.0,0.0,0.0
574,5.74,689.4763,877.8918,804.994,436.086,772.00287,40.59501,-0.13295138701796533,0.009038586821407079,-0.30374273657798767,-24.841588020324707,-7.879847383499145,11.288473415374757,-3.655451836408544e-13,-1.183921613523431e-10,-4.5666180004122483e-10,4.093198278098953e-08,1.8066692408780228e-08,-5.591192708820358e-09,0.06956454664468766,0.28226626515388487,-0.825612622499466,72.84912490844727,-260.7896697998047,35.902983856201175,0.0,0.0,0.0,0.0,0.0,0.0,0.0,0.0,0.0,0.0,0.0,0.0
575,5.75,694.52484,878.55585,808.055,436.203,771.497,40.700794,-0.09516531378030776,0.01022182609885931,-0.26487818658351897,-20.71223888397217,-9.8184063911438,8.112709045410156,-4.0897034023212875e-12,-3.600537099371359e-11,-2.1411966782958202e-10,2.2701567736760353e-08,7.956304637346534e-09,-2.1202343436499404e-09,0.06954473331570625,0.27975633442401887,-0.8424737751483917,74.04843521118164,-260.0206726074219,32.174603652954104,0.0,0.0,0.0,0.0,0.0,0.0,0.0,0.0,0.0,0.0,0.0,0.0
576,5.76,699.69025,879.1526,810.361,436.262,771.321,40.95881,-0.06064491346478462,0.009210873395204544,-0.2029106542468071,-15.30570297241211,-9.25998659133911,5.193274354934692,-5.357721818283201e-12,1.2087560868955047e-11,-5.5404042464957115e-11,9.724874994176957e-09,1.4938228459770997e-09,1.5241599649051807e-12,0.07138545587658882,0.27990885376930236,-0.8564934730529785,75.45273895263672,-256.8844787597656,27.90617084503174,0.0,0.0,0.0,0.0,0.0,0.0,0.0,0.0,0.0,0.0,0.0,0.0
577,5.77,704.8861,879.53125,812.54,436.061,771.0747,41.0987,-0.03327469732612372,0.0072312125004827974,-0.13887597098946572,-10.098764133453368,-7.5053692817687985,2.8683265447616577,-5.1611409156854246e-12,3.491578536712891e-11,3.5033578208582e-11,1.507450054366588e-09,-2.0678009249319728e-09,1.0929174176776967e-09,0.07545039504766464,0.2807072788476944,-0.8503655910491943,77.65038833618163,-251.1475570678711,23.394866371154784,0.0,0.0,0.0,0.0,0.0,0.0,0.0,0.0,0.0,0.0,0.0,0.0
578,5.78,709.4781,879.7818,814.442,436.159,770.94617,41.213184,-0.013920229393988848,0.005066847568377853,-0.08392450660467148,-5.8195953369140625,-5.413346290588379,1.2176445424556732,-4.2421803049530474e-12,4.112813735412946e-11,7.601198143136756e-11,-2.959243161626546e-09,-3.572581475097536e-09,1.4812533088992551e-09,0.08321147412061691,0.28055483996868136,-0.8189325153827667,81.17050399780274,-243.19908447265624,19.376220512390137,0.0,0.0,0.0,0.0,0.0,0.0,0.0,0.0,0.0,0.0,0.0,0.0
579,5.79,714.4883,879.8568,816.49,435.708,770.80786,41.264343,-0.001756684029533062,0.003150412696413696,-0.0423537839204073,-2.6958253502845766,-3.4792256593704223,0.1754315884783864,-3.0971746868557746e-12,3.780730797875442e-11,8.50505207927732e-11,-4.788422058865649e-09,-3.7806821451269455e-09,1.4463348629867313e-09,0.09332906678318978,0.2798006534576416,-0.7720732688903809,86.33118057250977,-234.49806213378906,16.29545440673828,0.0,0.0,0.0,0.0,0.0,0.0,0.0,0.0,0.0,0.0,0.0,0.0
580,5.8,719.20526,879.9679,818.459,435.547,771.0581,41.34236,0.004779762495309115,0.0016652099089697002,-0.014254572708159685,-0.6614869942888617,-1.9328208684921264,-0.38858048170804976,-2.017304639306827e-12,3.010791095603427e-11,7.622392578232607e-11,-4.970765221656847e-09,-3.2886720235936195e-09,1.1991870829675122e-09,0.1055281050503254,0.2775533199310303,-0.7304076433181763,92.66343765258789,-226.66479949951173,13.940495681762695,0.0,0.0,0.0,0.0,0.0,0.0,0.0,0.0,0.0,0.0,0.0,0.0
581,5.81,723.9536,880.11554,819.668,435.085,771.1083,41.249634,0.007385345036163926,0.0006372153467964381,0.002461080643115565,0.4899879425764084,-0.8309331893920898,-0.6171885967254639,-1.1420598191105857e-12,2.1375787251365353e-11,5.960444429686795e-11,-4.276925924528996e-09,-2.5144210269445465e-09,8.82010747771389e-10,0.12024288102984429,0.2721599996089935,-0.7115690410137177,98.46383209228516,-221.10807037353516,12.053163623809814,0.0,0.0,0.0,0.0,0.0,0.0,0.0,0.0,0.0,0.0,0.0,0.0
582,5.82,728.1121,880.3296,821.329,435.126,771.41956,41.25876,0.0075556427706032995,7.3455079473205845e-06,0.010671229474246502,1.0047742068767547,-0.13234967265743763,-0.6370083153247833,-5.10782703026097e-13,1.349600049771471e-11,4.160903635530566e-11,-3.242238277856302e-09,-1.717643860477125e-09,5.790638801794756e-10,0.1367385983467102,0.26317559778690336,-0.7271268725395202,101.39417877197266,-219.99162902832032,10.70744686126709,0.0,0.0,0.0,0.0,0.0,0.0,0.0,0.0,0.0,0.0,0.0,0.0
583,5.83,732.1017,880.54193,823.361,434.856,771.2376,41.11594,0.006446013180539012,-0.00031788350897841153,0.01320437788963318,1.1104154467582703,0.24804002270102501,-0.5462668508291244,-1.0505631116298404e-13,7.303346599360494e-12,2.5757225866063217e-11,-2.196139914367734e-09,-1.035532581905585e-09,3.3144224032000123e-10,0.15199178755283355,0.25062026679515836,-0.7646437287330627,100.79528732299805,-223.1522994995117,10.223397541046143,0.0,0.0,0.0,0.0,0.0,0.0,0.0,0.0,0.0,0.0,0.0,0.0
584,5.84,736.1485,880.83936,825.004,434.809,771.2178,41.167988,0.004853695724159479,-0.000434841334936209,0.01241533998399973,0.9888139128684997,0.4044449836015701,-0.41302077770233153,1.2033495029692854e-13,2.959986379266755e-12,1.3520122521537559e-11,-1.3099327400567517e-09,-5.205017472587059e-10,1.5152260349204916e-10,0.16373418420553207,0.23654719889163972,-0.8030890882015228,96.93141098022461,-227.73035888671876,10.964980602264404,0.0,0.0,0.0,0.0,0.0,0.0,0.0,0.0,0.0,0.0,0.0,0.0
585,5.85,739.7763,881.043,827.456,434.568,771.5392,41.147022,0.0032653521513566373,-0.000426111783599481,0.010042082145810127,0.7695656478404999,0.4208273380994797,-0.27902013063430786,2.1722973761592254e-13,2.563163765435805e-13,5.081827450167942e-12,-6.464148660789704e-10,-1.7304349550495423e-10,3.494492507860603e-11,0.17131689339876174,0.22447419613599778,-0.8388740181922912,90.22810440063476,-231.22977600097656,13.22791166305542,0.0,0.0,0.0,0.0,0.0,0.0,0.0,0.0,0.0,0.0,0.0,0.0
586,5.86,743.61975,881.53534,828.22,434.271,771.57764,41.09634,0.001930737786460668,-0.00035409993142820895,0.007229810301214457,0.5348201245069504,0.36257278025150297,-0.16586463302373886,2.3266000129078257e-13,-1.1753243560688743e-12,-6.488866146063966e-14,-2.026088331830156e-10,3.314216331928854e-11,-3.057102192921546e-11,0.17427420169115065,0.21666951328516007,-0.8693475544452667,81.91968231201172,-232.73411560058594,17.030552482604982,0.0,0.0,0.0,0.0,0.0,0.0,0.0,0.0,0.0,0.0,0.0,0.0
587,5.87,747.2209,882.0154,830.168,434.229,771.5658,41.09625,0.0009381453914102167,-0.00026094042405020443,0.004637293028645217,0.3292984634637833,0.2751487627625465,-0.08136419132351876,2.0373211581312113e-13,-1.7256579954057215e-12,-2.702567813636647e-12,5.783214488894184e-11,1.3397210146814943e-10,-5.943446602929559e-11,0.17211855798959733,0.2142124205827713,-0.8855704188346862,73.96423263549805,-233.1125,22.20469264984131,0.0,0.0,0.0,0.0,0.0,0.0,0.0,0.0,0.0,0.0,0.0,0.0
588,5.88,750.7774,882.4278,831.36,434.262,771.18414,41.14975,0.00027880523703061044,-0.00017166237958008424,0.0025686419452540577,0.17137878462672235,0.18657017797231673,-0.024996358994394542,1.5656600229610116e-13,-1.7353588726599922e-12,-3.6313996081005497e-12,1.8266387707965848e-10,1.6461975810289075e-10,-6.48667425329208e-11,0.1666167840361595,0.21707656979560852,-0.8866597950458527,68.34518432617188,-233.3998001098633,28.295611763000487,0.0,0.0,0.0,0.0,0.0,0.0,0.0,0.0,0.0,0.0,0.0,0.0
589,5.89,754.34375,882.75134,832.471,434.144,770.8702,41.2367,-0.00010460091034474317,-9.852807488641702e-05,0.0010973104916047304,0.06297361981123686,0.11143349260091781,0.007965482823783532,1.0749022589444206e-13,-1.4653695899931319e-12,-3.5338572129325897e-12,2.1794478305414699e-10,1.5430263178295434e-10,-5.738301327162798e-11,0.15867641866207122,0.22333692163228988,-0.8757306218147278,65.21923065185547,-233.96421661376954,34.4713752746582,0.0,0.0,0.0,0.0,0.0,0.0,0.0,0.0,0.0,0.0,0.0,0.0
590,5.9,757.65424,883.17316,833.125,434.287,770.703,41.328335,-0.00028528679540613667,-4.5288323053682686e-05,0.00016644047773297643,-0.0027789606829173863,0.05511856712400913,0.02366200666874647,6.520835405660324e-14,-1.0942627880206058e-12,-2.9237065676465666e-12,2.0156169511231782e-10,1.2454413403362175e-10,-4.443990869740233e-11,0.14822795540094375,0.23149334043264388,-0.8508679211139679,63.58819046020508,-235.42257232666014,39.734767532348634,0.0,0.0,0.0,0.0,0.0,0.0,0.0,0.0,0.0,0.0,0.0,0.0
591,5.91,760.77124,883.32404,834.885,434.08,771.06915,41.30789,-0.00033304303069598974,-1.0720451676604625e-05,-0.00033886149467434736,-0.03616800736635924,0.017410861700773238,0.027988376468420027,3.312178514043498e-14,-7.299360877018046e-13,-2.1465040682400184e-12,1.6119373752454536e-10,8.949858770757047e-11,-3.0738912804029185e-11,0.13636172115802764,0.24077457934617996,-0.8118157088756561,62.05739974975586,-238.32884216308594,43.172461318969724,0.0,0.0,0.0,0.0,0.0,0.0,0.0,0.0,0.0,0.0,0.0,0.0
592,5.92,764.02423,883.64307,835.798,434.006,771.07446,41.33831,-0.00030484028975479304,8.763289565649757e-06,-0.0005451418925076723,-0.047615429013967515,-0.004748455417575315,0.025779308937489986,1.1365006844489219e-14,-4.268279848486378e-13,-1.4065077119478076e-12,1.1488227938394325e-10,5.728610988353644e-11,-1.8819007983894576e-11,0.12587245553731918,0.25008112788200376,-0.7688580513000488,60.36524963378906,-242.27029418945312,44.07924270629883,0.0,0.0,0.0,0.0,0.0,0.0,0.0,0.0,0.0,0.0,0.0,0.0
593,5.93,767.23096,883.78235,837.653,433.813,771.0716,41.447163,-0.00024202592321671547,1.7398974978277693e-05,-0.0005648904480040073,-0.04596005938947201,-0.015396892558783293,0.020557832159101962,-1.6296222461589982e-15,-2.0324625771457606e-13,-8.029115837904915e-13,7.285131248258025e-11,3.1635540194419055e-11,-9.704262870710578e-12,0.1210564523935318,0.2585828959941864,-0.7436252295970917,59.62097663879395,-245.32475738525392,42.664225006103514,0.0,0.0,0.0,0.0,0.0,0.0,0.0,0.0,0.0,0.0,0.0,0.0
594,5.94,770.14526,884.0704,838.222,433.652,771.1638,41.42597,-0.00017135743837570772,1.9084999439655804e-05,-0.000485539945657365,-0.03782566972076893,-0.018435712344944476,0.01461386876180768,-8.05707221962135e-15,-5.6008647647201464e-14,-3.6513696390462827e-13,3.968275257004716e-11,1.34255573238512e-11,-3.4770573681570937e-12,0.12456793040037155,0.26764118373394014,-0.7582395315170288,59.636559677124026,-247.0815399169922,40.165195083618165,0.0,0.0,0.0,0.0,0.0,0.0,0.0,0.0,0.0,0.0,0.0,0.0
595,5.95,773.0007,884.317,839.719,433.587,771.20514,41.523537,-0.00010784599362523295,1.6928292825468817e-05,-0.00036777711065951737,-0.027646810002624988,-0.01707789655774832,0.00924005163833499,-1.0087262768105439e-14,2.861939252073306e-14,-8.204534946736259e-14,1.6329659412867015e-11,1.9292282967551046e-12,2.7777569266561503e-13,0.1350617825984955,0.27796182632446287,-0.810984319448471,59.45000648498535,-249.47603607177734,37.8017765045166,0.0,0.0,0.0,0.0,0.0,0.0,0.0,0.0,0.0,0.0,0.0,0.0
596,5.96,775.61945,884.59045,840.489,433.399,771.2578,41.478397,-5.808066016470548e-05,1.3136264715285507e-05,-0.0002489117017830722,-0.018028993252664806,-0.01367318881675601,0.005011094501242042,-9.533385467500304e-15,6.762516809282869e-14,7.660464483480152e-14,1.7270488268932449e-12,-4.2912792893798344e-12,2.1656041434940653e-12,0.1468304067850113,0.28946061432361603,-0.8834221839904786,58.41607398986817,-253.47926483154296,36.17949333190918,0.0,0.0,0.0,0.0,0.0,0.0,0.0,0.0,0.0,0.0,0.0,0.0
597,5.97,777.9836,884.73047,842.063,433.02,771.4304,41.446327,-2.3273324495676205e-05,9.103746469918405e-06,-0.0001483141204516869,-0.010223845718428493,-0.009754865523427724,0.00204127092147246,-7.737782938395604e-15,7.697775319189145e-14,1.460907526136708e-13,-6.0595895922527235e-12,-6.81171655539381e-12,2.7937269685140985e-12,0.15461176335811616,0.30039944052696227,-0.9547195911407471,56.46005554199219,-258.3861877441406,35.5018424987793,0.0,0.0,0.0,0.0,0.0,0.0,0.0,0.0,0.0,0.0,0.0,0.0
598,5.98,780.33746,884.772,843.221,432.921,771.58167,41.514782,-1.6772840126577647e-06,5.586479301200598e-06,-7.305567378352862e-05,-0.004588090628385544,-0.006193176237866282,0.00018985634196724276,-5.587845605740634e-15,6.959192133692595e-14,1.5869187745560371e-13,-9.105591454450223e-12,-7.029102907368801e-12,2.6742068845800326e-12,0.15617045909166336,0.308957502245903,-1.0108826279640197,54.13185157775879,-263.5792205810547,35.60802536010742,0.0,0.0,0.0,0.0,0.0,0.0,0.0,0.0,0.0,0.0,0.0,0.0
599,5.99,782.3051,885.03033,844.568,433.325,771.95306,41.674698,9.69955526670674e-06,2.8916432029291174e-06,-2.2759348576073533e-05,-0.0009615043698431691,-0.0033793497597798703,-0.0007927719241706654,-3.596277515014031e-15,5.4764595365085904e-14,1.4002920188400242e-13,-9.2298978356109e-12,-6.027134477268326e-12,2.1889665210647615e-12,0.15401334017515184,0.31305207312107086,-1.0455419898033143,52.67093086242676,-267.9354309082031,36.04924774169922,0.0,0.0,0.0,0.0,0.0,0.0,0.0,0.0,0.0,0.0,0.0,0.0
600,6.0,784.842,885.2323,845.235,432.954,771.8838,41.69723,1.4015919714438495e-05,1.046960545636466e-06,6.7242602312944655e-06,0.0010567147051915526,-0.0013961663877125829,-0.001172708987724036,-2.001768633224678e-15,3.845815403332245e-14,1.0823868521305305e-13,-7.831307477501604e-12,-4.556582541836995e-12,1.5924548246899762e-12,0.15173425376415253,0.3107954263687134,-1.0621379256248473,52.182738876342775,-270.6031127929688,36.488966369628905,0.0,0.0,0.0,0.0,0.0,0.0,0.0,0.0,0.0,0.0,0.0,0.0
601,6.01,786.8126,885.3007,846.816,432.977,771.8349,41.67965,1.4015743636264233e-05,-6.801860550353921e-08,2.0827929984079673e-05,0.0019276347244158386,-0.0001545950463309964,-0.001182360528036952,-8.642063073258208e-16,2.397458859042245e-14,7.473140148698231e-14,-5.870811302377543e-12,-3.0779665491711962e-12,1.0332161179144734e-12,0.15213064551353456,0.3011501759290695,-1.0624356389045715,51.84999885559082,-271.7227081298828,36.81567153930664,0.0,0.0,0.0,0.0,0.0,0.0,0.0,0.0,0.0,0.0,0.0,0.0
602,6.02,789.133,885.58167,848.008,432.903,771.82196,41.683052,1.1794755482696929e-05,-6.308920802666762e-07,2.4783863409538753e-05,0.002070271107368171,0.0005086842953460291,-0.000999972433783114,-1.4199601519365442e-16,1.2723912855549255e-14,4.5650320275227725e-14,-3.931871820316013e-12,-1.829499138988888e-12,5.817698075670161e-13,0.1557904452085495,0.2858499735593796,-1.0473384857177734,51.40128364562988,-270.6799774169922,37.00028038024902,0.0,0.0,0.0,0.0,0.0,0.0,0.0,0.0,0.0,0.0,0.0,0.0
603,6.03,791.2281,885.83813,848.624,432.908,771.6763,41.74485,8.783101657172665e-06,-8.205183576137642e-07,2.2891987282491754e-05,0.001815607154276222,0.0007693336287047714,-0.0007476816710550338,2.520781062457112e-16,4.919295438901084e-15,2.3454612343575162e-14,-2.3112627480295632e-12,-8.972708535372187e-13,2.5731709514878463e-13,0.16189636886119843,0.26884932816028595,-1.0263166546821594,50.762976837158206,-266.67864379882815,37.333151245117186,0.0,0.0,0.0,0.0,0.0,0.0,0.0,0.0,0.0,0.0,0.0,0.0
604,6.04,793.4016,885.9676,849.169,432.531,771.23334,41.558716,5.841873098688666e-06,-7.880630278123135e-07,1.829122247727355e-05,0.0013968874351121484,0.0007815299381036311,-0.0004994035989511758,4.1488375999768466e-16,1.243580116834e-16,8.31846925529781e-15,-1.1112303026535042e-12,-2.7546471302445676e-13,4.9613910599675796e-14,0.16898043900728227,0.2535524025559425,-1.0056469321250916,50.03532485961914,-260.2999267578125,38.26993408203125,0.0,0.0,0.0,0.0,0.0,0.0,0.0,0.0,0.0,0.0,0.0,0.0
605,6.05,795.6664,886.25696,849.791,432.544,771.0096,41.580276,3.402936999918893e-06,-6.464905311531765e-07,1.3025771750108106e-05,0.0009601110883522779,0.0006639657192863524,-0.00029253150132717564,4.3290512710434874e-16,-2.3623202139154985e-15,-7.871278284910286e-16,-3.1773670947457014e-13,8.810105766022235e-14,-6.511008959498568e-14,0.1753642126917839,0.24291769564151763,-0.9830579280853271,48.63114852905274,-253.2329544067383,40.05540428161621,0.0,0.0,0.0,0.0,0.0,0.0,0.0,0.0,0.0,0.0,0.0,0.0
606,6.06,797.6308,886.25543,850.083,432.397,770.8952,41.61244,1.6088955135273863e-06,-4.7121097281888067e-07,8.252693032773095e-06,0.0005832550115883351,0.0004982692218618468,-0.0001397430372890085,3.73580037974511e-16,-3.267377522683031e-15,-5.347188637645815e-15,1.4085974038926824e-13,2.61193672213781e-13,-1.1381788252769893e-13,0.17895112335681915,0.23694178760051726,-0.9485727965831756,46.44395561218262,-248.0149673461914,42.36243209838867,0.0,0.0,0.0,0.0,0.0,0.0,0.0,0.0,0.0,0.0,0.0,0.0
607,6.07,799.6452,886.4246,850.336,432.562,771.14075,41.717815,4.309282690684313e-07,-3.0636361714186933e-07,4.4892665300722e-06,0.0002969433044199832,0.0003340647439472377,-3.8990770963209795e-05,2.838610535337824e-16,-3.2152852717125996e-15,-6.846017164757268e-15,3.544851830692211e-13,3.088609581850324e-13,-1.2084252462617531e-13,0.17785252928733825,0.23242453783750533,-0.8961581468582154,44.471867370605466,-247.00694274902344,44.32997817993164,0.0,0.0,0.0,0.0,0.0,0.0,0.0,0.0,0.0,0.0,0.0,0.0
608,6.08,801.50604,886.67017,850.538,432.381,770.9838,41.67835,-2.4341407938166527e-07,-1.7300486803151217e-07,1.841643972966267e-06,0.00010258442562189884,0.00019664729188662022,1.9024167772840884e-05,1.9272118852939144e-16,-2.6789984525538613e-15,-6.5323556127847274e-15,4.082236989850357e-13,2.844442590537247e-13,-1.05308287995853e-13,0.17142650932073594,0.22651393860578536,-0.8317559003829956,43.87679100036621,-250.72471771240234,45.06242408752441,0.0,0.0,0.0,0.0,0.0,0.0,0.0,0.0,0.0,0.0,0.0,0.0
609,6.09,803.2676,886.8799,850.776,432.457,771.099,41.83312,-5.517893015394293e-07,-7.697852453247833e-08,1.876326402694417e-07,-1.3667560256180878e-05,9.47864493355155e-05,4.585806200338993e-05,1.1529207180340495e-16,-1.9785744253212203e-15,-5.335878503162661e-15,3.7118589723151435e-13,2.2680970599917028e-13,-8.062912384737726e-14,0.159816275537014,0.21754694432020188,-0.7667806088924408,45.57033233642578,-257.13057403564454,44.14131965637207,0.0,0.0,0.0,0.0,0.0,0.0,0.0,0.0,0.0,0.0,0.0,0.0
610,6.1,804.90643,887.0713,850.78,432.484,771.0699,41.951736,-6.230118344774382e-07,-1.537560770370483e-08,-6.930801930593588e-07,-7.131293568818364e-05,2.735991811277927e-05,5.2397430044948125e-05,5.718627700584468e-17,-1.3046898990897467e-15,-3.874787474961226e-15,2.933129542199986e-13,1.612173285495122e-13,-5.515553359630894e-14,0.14610401093959807,0.2075658544898033,-0.7158269584178925,49.42536506652832,-262.1230804443359,41.875541305541994,0.0,0.0,0.0,0.0,0.0,0.0,0.0,0.0,0.0,0.0,0.0,0.0
611,6.11,806.47296,887.3448,851.198,432.367,771.207,41.977406,-5.609346942492266e-07,1.8755180741791833e-08,-1.036379177321578e-06,-8.967114990809932e-05,-1.166609516758399e-05,4.7459144479944373e-05,1.8229531533229335e-17,-7.512417636092069e-16,-2.5090744742029944e-15,2.0677010993154498e-13,1.0192429040524476e-13,-3.3309690251827516e-14,0.13421761244535446,0.20103482753038407,-0.6832928955554962,54.57504806518555,-262.2914794921875,39.24469146728516,0.0,0.0,0.0,0.0,0.0,0.0,0.0,0.0,0.0,0.0,0.0,0.0
612,6.12,808.06055,887.84424,850.947,432.401,770.5679,42.072002,-4.401120861530217e-07,3.334341514005246e-08,-1.0487829626981693e-06,-8.490731270285323e-05,-2.9896218075009527e-05,3.739816856977996e-05,-4.702133307329034e-18,-3.4745553547189457e-16,-1.4088402761907475e-15,1.294799797978488e-13,5.526764924889977e-14,-1.679194249062455e-14,0.12660137414932252,0.20193917751312257,-0.664269745349884,60.40652503967285,-257.69042510986327,37.357992553710936,0.0,0.0,0.0,0.0,0.0,0.0,0.0,0.0,0.0,0.0,0.0,0.0
613,6.13,809.54846,888.1112,851.984,432.163,770.7066,42.026787,-3.082104143459219e-07,3.556548406891125e-08,-8.889773084774788e-07,-6.900215303176082e-05,-3.453825520409737e-05,2.6295831412426195e-05,-1.575527959694965e-17,-8.465253310176022e-17,-6.195338498426234e-16,6.919751399756414e-14,2.2505460850089998e-14,-5.632831589096781e-15,0.12543452009558678,0.21128890216350554,-0.6556819677352905,67.03184394836425,-250.9182388305664,37.11769561767578,0.0,0.0,0.0,0.0,0.0,0.0,0.0,0.0,0.0,0.0,0.0,0.0
614,6.14,810.86816,888.255,853.122,431.824,770.7983,42.15242,-1.9150942165424567e-07,3.107311545846869e-08,-6.65893054474509e-07,-4.988512591808103e-05,-3.145372083963593e-05,1.641696253500413e-05,-1.8945531171880385e-17,6.397219402978175e-17,-1.152697125324212e-16,2.7217617113421297e-14,2.0833130720980448e-15,1.0010420090008272e-15,0.13170493841171266,0.22515235841274261,-0.6557672917842865,73.60369033813477,-244.40102996826172,38.09733009338379,0.0,0.0,0.0,0.0,0.0,0.0,0.0,0.0,0.0,0.0,0.0,0.0
615,6.15,812.50214,888.874,853.706,431.848,770.8892,42.18671,-1.0112123476346823e-07,2.3838049756363944e-08,-4.4560160858964084e-07,-3.214484040654497e-05,-2.4882669822545723e-05,8.732942251299392e-06,-1.7584842390723928e-17,1.3030205083237829e-16,1.6243714875954798e-16,1.3063247494403085e-15,-8.75390233899835e-15,4.255516227488591e-15,0.14124516993761063,0.23699484914541244,-0.6672854840755462,78.57205352783203,-239.09518432617188,39.0363109588623,0.0,0.0,0.0,0.0,0.0,0.0,0.0,0.0,0.0,0.0,0.0,0.0
616,6.16,813.8127,889.2664,854.765,431.842,770.55786,42.422195,-3.859353441271196e-08,1.633832811265279e-08,-2.616538480992858e-07,-1.7923960604093737e-05,-1.755905195750529e-05,3.3957514574467495e-06,-1.409832706313865e-17,1.437811362614532e-16,2.795766629483856e-16,-1.2231909532971859e-14,-1.2942478611456619e-14,5.255610188245759e-15,0.1515593037009239,0.2460816666483879,-0.7017443358898163,80.6703369140625,-235.11255645751953,39.29661674499512,0.0,0.0,0.0,0.0,0.0,0.0,0.0,0.0,0.0,0.0,0.0,0.0
617,6.17,815.45056,889.61676,855.985,431.604,770.62,42.542725,-3.0789769622785456e-10,9.89082860058943e-09,-1.2555261363900172e-07,-7.76720148678578e-06,-1.1008724777639145e-05,1.1170992380016287e-07,-1.007054750793634e-17,1.2793288379704026e-16,2.9554341929258636e-16,-1.7259032880157303e-14,-1.304665061966151e-14,4.937363646929732e-15,0.16265543699264526,0.2536472499370575,-0.7563434362411499,77.75346145629882,-232.55176544189453,38.81064224243164,0.0,0.0,0.0,0.0,0.0,0.0,0.0,0.0,0.0,0.0,0.0,0.0
618,6.18,816.9385,889.8951,857.14,431.722,770.4964,42.689434,1.9438671472471468e-08,5.006345871194639e-09,-3.5634433892539616e-08,-1.3108263296146561e-06,-5.894199057365768e-06,-1.5956152196849871e-06,-6.402521663791865e-18,9.950712711086537e-17,2.569272136970424e-16,-1.7110642363973947e-14,-1.10329086463318e-14,3.991266088384246e-15,0.17044469267129897,0.26267316937446594,-0.8058095037937164,68.91504669189453,-231.2945755004883,37.94483642578125,0.0,0.0,0.0,0.0,0.0,0.0,0.0,0.0,0.0,0.0,0.0,0.0
619,6.19,818.5038,890.02625,857.598,431.637,770.3588,42.791023,2.6517988160890126e-08,1.7000101548703127e-09,1.6274585112885376e-08,2.2186582782524057e-06,-2.3288203237825655e-06,-2.221188992734824e-06,-3.500813061755196e-18,6.911457249431131e-17,1.9634735245845485e-16,-1.4322989934253916e-14,-8.24860254732484e-15,2.872057568848027e-15,0.17079156637191772,0.27449087500572206,-0.8250598251819611,56.00713958740234,-231.1839340209961,37.445730972290036,0.0,0.0,0.0,0.0,0.0,0.0,0.0,0.0,0.0,0.0,0.0,0.0
620,6.2,819.87524,890.05475,858.529,431.64,770.4363,42.865616,2.5958293292660528e-08,-2.7046314493572865e-10,4.040270304983551e-08,3.6829989767284134e-06,-1.2543105580853365e-07,-2.191080034208426e-06,-1.4531680130795855e-18,4.252603490294243e-17,1.3406661398932264e-16,-1.0619172353926827e-14,-5.509038719119278e-15,1.841131492343772e-15,0.1645006626844406,0.28578769266605375,-0.8167410671710968,42.26749496459961,-231.68535308837892,37.55918960571289,0.0,0.0,0.0,0.0,0.0,0.0,0.0,0.0,0.0,0.0,0.0,0.0
621,6.21,821.3638,889.9993,859.202,431.578,770.2308,43.0494,2.1557050366993735e-08,-1.2414055228227028e-09,4.6414402632422026e-08,3.85279709007591e-06,1.0280779122240346e-06,-1.8283964209331316e-06,-1.6939913658585272e-19,2.210779451175896e-17,8.077962966423375e-17,-7.030890109956871e-15,-3.2265980743495384e-15,1.0189841030880511e-15,0.15554886162281037,0.29356575310230254,-0.795239120721817,31.519218063354494,-232.4873825073242,37.62558822631836,0.0,0.0,0.0,0.0,0.0,0.0,0.0,0.0,0.0,0.0,0.0,0.0
622,6.22,822.92944,890.0256,859.474,431.605,770.1963,43.130547,1.5876758485688923e-08,-1.5442409906363253e-09,4.21526895166835e-08,3.329653213768324e-06,1.4586463748855748e-06,-1.3520745596906635e-06,5.179364703076634e-19,8.099563216477033e-18,4.0563600846602835e-17,-4.0706394494649025e-15,-1.5410150242252765e-15,4.345276001859686e-16,0.14856451004743576,0.29884757101535797,-0.7744917750358582,26.292306900024414,-233.5026840209961,37.22214012145996,0.0,0.0,0.0,0.0,0.0,0.0,0.0,0.0,0.0,0.0,0.0,0.0
623,6.23,824.4038,890.1143,859.339,431.686,769.94666,43.274254,1.0438486253150358e-08,-1.4553520721882762e-09,3.328065574237371e-08,2.5328902665933127e-06,1.4490385751741996e-06,-8.927630346988735e-07,7.894965541014328e-19,-3.910413808728942e-19,1.34450422732979e-17,-1.90258159390888e-15,-4.296052846034485e-16,6.497338837964338e-17,0.14811908602714538,0.30335494577884675,-0.7661042928695678,27.40680561065674,-234.794580078125,36.31260757446289,0.0,0.0,0.0,0.0,0.0,0.0,0.0,0.0,0.0,0.0,0.0,0.0
624,6.24,826.3328,890.22833,859.597,431.629,769.5611,43.440723,5.9864657231401e-09,-1.179007924623221e-09,2.344247089780538e-08,1.7216044398082887e-06,1.214484552747308e-06,-5.149845463847668e-07,8.041114241483246e-19,-4.697454163738733e-18,-2.6377948633804755e-18,-4.856480045956456e-16,2.1028391881069865e-16,-1.3545603654341737e-16,0.15615779012441636,0.3081085532903671,-0.775470495223999,34.332345962524414,-237.2554504394531,35.47651329040527,0.0,0.0,0.0,0.0,0.0,0.0,0.0,0.0,0.0,0.0,0.0,0.0
625,6.25,827.93414,890.0462,858.745,430.881,769.1692,43.572773,2.7473226915653013e-09,-8.500076975614945e-10,1.466613959166807e-08,1.0314007454326202e-06,9.013636770305311e-07,-2.390162180176958e-07,6.842133417778073e-19,-6.1687370961911055e-18,-1.0494361022121457e-17,3.203121522571492e-16,5.061828817545382e-16,-2.1711203164117105e-16,0.1678121417760849,0.31299383342266085,-0.7951980292797088,44.96320419311523,-241.94732971191405,35.525600814819335,0.0,0.0,0.0,0.0,0.0,0.0,0.0,0.0,0.0,0.0,0.0,0.0
626,6.26,829.595,889.986,857.748,430.21,768.94214,43.650608,6.454652937137873e-10,-5.460486479647031e-10,7.826800674237689e-09,5.128612031057855e-07,5.97436718408062e-07,-5.915792835597955e-08,5.141077019912786e-19,-5.948223690261055e-18,-1.2873618585597847e-17,6.842190269901573e-16,5.78213091869298e-16,-2.2472065464413756e-16,0.17666494101285934,0.31593061685562135,-0.8045539319515228,56.13839492797852,-248.85704956054687,37.039205932617186,0.0,0.0,0.0,0.0,0.0,0.0,0.0,0.0,0.0,0.0,0.0,0.0
627,6.27,831.44727,890.61304,858.939,430.762,768.6221,43.8085,-5.382091675110168e-10,-3.0313772603207666e-10,3.0677789530919598e-09,1.648084069216793e-07,3.463994943331272e-07,4.275232727835032e-08,3.451250167549578e-19,-4.8922306514102934e-18,-1.2057816173242732e-17,7.63027867081248e-16,5.23650220492271e-16,-1.930266180222595e-16,0.1793142482638359,0.31664828956127167,-0.7880800426006317,64.30630531311036,-256.4845703125,39.911915969848636,0.0,0.0,0.0,0.0,0.0,0.0,0.0,0.0,0.0,0.0,0.0,0.0
628,6.28,833.1824,891.001,859.59,430.727,768.92773,43.735638,-1.0619209289686183e-09,-1.3012680169510737e-10,1.3317242170129974e-10,-4.037822600722052e-08,1.6235247954909937e-07,8.841025191941299e-08,2.034966231041551e-19,-3.573717369505109e-18,-9.727440103602611e-18,6.82667289100567e-16,4.12601622950699e-16,-1.4613369351009117e-16,0.1761251360177994,0.31724815964698794,-0.754998505115509,67.45402374267579,-263.20090637207034,43.04368934631348,0.0,0.0,0.0,0.0,0.0,0.0,0.0,0.0,0.0,0.0,0.0,0.0
629,6.29,834.86957,891.1369,859.817,430.646,768.9305,43.837547,-1.1630989948940851e-09,-2.0493944971502857e-11,-1.3977709489854106e-09,-1.3954755644363105e-07,4.193521456752336e-08,9.78917867655582e-08,9.838393987992109e-20,-2.3290667461280248e-18,-6.987088093372527e-18,5.331484773858663e-16,2.9008789448453623e-16,-9.885155537342605e-17,0.17100632339715957,0.31854988932609557,-0.721875,66.36391067504883,-267.0513549804688,45.570753479003905,0.0,0.0,0.0,0.0,0.0,0.0,0.0,0.0,0.0,0.0,0.0,0.0
630,6.3,836.3558,891.48773,859.793,430.567,768.98425,43.887245,-1.0308530362657108e-09,3.915905984891444e-11,-1.963947060534821e-09,-1.684573760485364e-07,-2.6663848018415592e-08,8.725831861511324e-08,2.871430264952074e-20,-1.3196420732485899e-18,-4.470034482117869e-18,3.717404782894437e-16,1.8108859522066149e-16,-5.88613584435507e-17,0.16694193929433823,0.3205205827951431,-0.7037707746028901,63.509195709228514,-265.95995178222654,46.980051803588864,0.0,0.0,0.0,0.0,0.0,0.0,0.0,0.0,0.0,0.0,0.0,0.0
631,6.31,837.78015,891.7144,860.292,430.591,768.88165,43.952316,-7.994668871358357e-10,6.364521201729367e-11,-1.9440401510806282e-09,-1.5663803338838988e-07,-5.7732656699727156e-08,6.796073037662609e-08,-1.1680390550940607e-20,-5.9119083313799e-19,-2.466712391791416e-18,2.2979181972352536e-16,9.631415038940658e-17,-2.895957620556088e-17,0.16598130613565446,0.3249616026878357,-0.7064559638500214,60.69084091186524,-259.9692321777344,46.53076934814453,0.0,0.0,0.0,0.0,0.0,0.0,0.0,0.0,0.0,0.0,0.0,0.0
632,6.32,839.29205,891.75946,860.561,430.417,768.7125,44.060772,-5.537383884757219e-10,6.615816991462075e-11,-1.6257506785244403e-09,-1.2573659304848662e-07,-6.456925305542427e-08,4.72633303161274e-08,-3.061242644827632e-20,-1.2272757452186744e-19,-1.0451438878630021e-18,1.203476832402988e-16,3.7436412777110593e-17,-8.986391409410954e-18,0.1684415340423584,0.33273676633834837,-0.7262946128845215,58.84605674743652,-251.21308288574218,43.79440078735352,0.0,0.0,0.0,0.0,0.0,0.0,0.0,0.0,0.0,0.0,0.0,0.0
633,6.33,840.618,891.7548,860.816,430.35,768.6057,44.143353,-3.3956832623527335e-10,5.6967824901832385e-11,-1.204380128960736e-09,-8.991405380243122e-08,-5.78551752283829e-08,2.9125395961671076e-08,-3.550210656840093e-20,1.377416587142887e-19,-1.481428500413201e-19,4.4969217563183345e-17,1.2120182086251383e-18,2.713677870488176e-18,0.172222238779068,0.34158000648021697,-0.7505535542964935,58.74437217712402,-241.33478088378905,39.5146541595459,0.0,0.0,0.0,0.0,0.0,0.0,0.0,0.0,0.0,0.0,0.0,0.0
634,6.34,842.0354,891.6839,861.259,430.263,768.4473,44.195515,-1.7557173215276833e-10,4.321246763194786e-11,-7.967440651679425e-10,-5.723598412998854e-08,-4.523323475780216e-08,1.5178379975111512e-08,-3.2392254170200475e-20,2.499256789356307e-19,3.368342940427942e-19,-9.383505216218418e-19,-1.7617315350903166e-17,8.303306445386246e-18,0.17598076164722443,0.34846422970294955,-0.7757118523120881,60.20257682800293,-232.04825286865236,35.18839454650879,0.0,0.0,0.0,0.0,0.0,0.0,0.0,0.0,0.0,0.0,0.0,0.0
635,6.35,843.2353,891.533,861.374,430.228,768.4941,44.22217,-6.337562453995194e-11,2.928806659002747e-11,-4.6076727433508323e-10,-3.135381128060999e-08,-3.1571770975347135e-08,5.5975806434460654e-09,-2.565945909491445e-20,2.6804127297760526e-19,5.329788815788503e-19,-2.4408890042075925e-17,-2.4513325895749933e-17,9.863423798658775e-18,0.17698316276073456,0.3501606106758118,-0.7966835856437683,62.227857208251955,-225.9556655883789,32.1308177947998,0.0,0.0,0.0,0.0,0.0,0.0,0.0,0.0,0.0,0.0,0.0,0.0
636,6.36,844.5612,891.3816,861.31,430.256,768.5732,44.244854,4.3910780393729974e-12,1.7483118772143592e-11,-2.1489683366127111e-10,-1.306931269873246e-08,-1.9540230766779132e-08,-2.1867369859318586e-10,-1.8129538012968484e-20,2.3488854998813675e-19,5.494399360348992e-19,-3.2616604724820493e-17,-2.4176974737223414e-17,9.10316482735731e-18,0.17537416964769365,0.34392211139202117,-0.8028258740901947,64.49989547729493,-224.4287536621094,30.668016052246095,0.0,0.0,0.0,0.0,0.0,0.0,0.0,0.0,0.0,0.0,0.0,0.0
637,6.37,845.78033,891.1899,861.5,429.991,768.52277,44.24189,3.856092979648285e-11,8.639199728863179e-12,-5.4345670585237424e-11,-1.5910950404429691e-09,-1.0253766369316963e-08,-3.176458762688128e-09,-1.138267020439397e-20,1.8061181325799007e-19,4.708462748619683e-19,-3.167109427128053e-17,-2.0172904411764527e-17,7.269552240022034e-18,0.1732279360294342,0.32968446910381316,-0.7883407652378083,67.40719299316406,-228.13544464111328,30.147128105163574,0.0,0.0,0.0,0.0,0.0,0.0,0.0,0.0,0.0,0.0,0.0,0.0
638,6.38,847.23926,891.02,861.56,429.836,768.55914,44.212933,5.003089574573405e-11,2.7201004307048776e-12,3.686862308505123e-11,4.566514766324303e-09,-3.851140206734272e-09,-4.1948920781464946e-09,-6.107770820923389e-21,1.2406741710096154e-19,3.558011525778442e-19,-2.616611630487275e-17,-1.4916283040218547e-17,5.174253000894634e-18,0.17244690507650376,0.30991663634777067,-0.7614696085453033,70.4649284362793,-236.53309326171876,29.810450553894043,0.0,0.0,0.0,0.0,0.0,0.0,0.0,0.0,0.0,0.0,0.0,0.0
639,6.39,848.5143,890.93866,861.615,429.677,768.58575,44.21745,4.800437616858666e-11,-7.562682820478131e-13,7.795584386349752e-11,7.01097797595196e-09,5.3222498977434364e-11,-4.0541598078647215e-09,-2.426038695083887e-21,7.531619774882024e-20,2.4023166887119534e-19,-1.9187617820417095e-17,-9.84818258228218e-18,3.276333014595224e-18,0.1733020007610321,0.2882396191358566,-0.744217699766159,72.66390762329101,-246.3573028564453,29.602320671081543,0.0,0.0,0.0,0.0,0.0,0.0,0.0,0.0,0.0,0.0,0.0,0.0
640,6.4,849.71844,890.9574,861.722,429.583,768.5155,44.236748,3.9355095224347104e-11,-2.4250073520429294e-12,8.674235010830422e-11,7.157702208715477e-09,2.053565273385516e-09,-3.339342180552762e-09,-1.4738114411523436e-22,3.8299520247660455e-20,1.4270524451408808e-19,-1.2556793604457072e-17,-5.680151121421961e-18,1.7807030754676336e-18,0.1743926852941513,0.27045583426952363,-0.7553736746311188,73.30342254638671,-254.1252670288086,29.745833969116212,0.0,0.0,0.0,0.0,0.0,0.0,0.0,0.0,0.0,0.0,0.0,0.0
641,6.41,851.1467,891.0843,861.773,429.594,768.583,44.240448,2.866897691466974e-11,-2.8993056002887817e-12,7.751800312760792e-11,6.099000637860286e-09,2.7573296534910698e-09,-2.4424285705038074e-09,1.0483310702181974e-21,1.3185772640024483e-20,6.991565960655341e-20,-7.155549670332577e-18,-2.6356570835882265e-18,7.290429456672138e-19,0.1724558874964714,0.25927365124225615,-0.7937331616878509,71.60889434814453,-258.6898193359375,30.499996757507326,0.0,0.0,0.0,0.0,0.0,0.0,0.0,0.0,0.0,0.0,0.0,0.0
642,6.42,852.3937,891.01215,861.93,429.473,768.6524,44.260593,1.8628208871274145e-11,-2.6839134647377304e-12,6.048882263132161e-11,4.587871993422255e-09,2.682494049111028e-09,-1.5939500941364315e-09,1.4974036331921813e-21,-1.824514947875694e-21,2.1387110732183483e-20,-3.2427859603905845e-18,-6.516399625184389e-19,7.244657629118431e-20,0.16487385630607604,0.2523783385753632,-0.8382350921630859,67.59443130493165,-259.70392456054685,32.11644821166992,0.0,0.0,0.0,0.0,0.0,0.0,0.0,0.0,0.0,0.0,0.0,0.0
643,6.43,853.4962,890.97906,861.845,429.4,768.56085,44.284576,1.051050453268476e-11,-2.1478094693397343e-12,4.2142490885854755e-11,3.0834213848862647e-09,2.2189305726172393e-09,-9.048387317189821e-10,1.4911747470948778e-21,-9.258129502472544e-21,-6.969544377614262e-21,-7.158438068709338e-19,4.723846763511869e-19,-2.7684886854281056e-19,0.15323247909545898,0.24884179532527922,-0.8628485441207886,63.08895378112793,-257.30384368896483,34.39265937805176,0.0,0.0,0.0,0.0,0.0,0.0,0.0,0.0,0.0,0.0,0.0,0.0
644,6.44,854.82214,891.09106,861.816,429.388,768.50977,44.328438,4.668517157059571e-12,-1.5316502731919924e-12,2.602560267989107e-11,1.8207978680351288e-09,1.6288235427097674e-09,-4.06915837136701e-10,1.2516824125782997e-21,-1.1615670665520107e-20,-2.0454534627232198e-20,6.976866844848e-19,9.758372470910243e-19,-4.126909851747885e-19,0.1430138900876045,0.24792030900716783,-0.8590390682220459,60.67641067504883,-253.24881896972656,36.64333839416504,0.0,0.0,0.0,0.0,0.0,0.0,0.0,0.0,0.0,0.0,0.0,0.0
645,6.45,855.9544,891.13,861.828,429.349,768.4548,44.38858,9.23081204775764e-13,-9.719380031705805e-13,1.3609590971547236e-11,8.826652131421753e-10,1.0671171279952318e-09,-8.625803296462287e-11,9.301264558133904e-22,-1.098802604999533e-20,-2.4151327407795142e-20,1.3143879977735331e-18,1.0802326154439238e-18,-4.171872132822606e-19,0.13769322335720063,0.24776092618703843,-0.8344152390956878,62.51173820495605,-249.34015502929688,38.00737190246582,0.0,0.0,0.0,0.0,0.0,0.0,0.0,0.0,0.0,0.0,0.0,0.0
646,6.46,857.0137,891.2104,861.805,429.426,768.45624,44.47525,-1.1501969840975456e-12,-5.299579731218168e-13,5.0650716910613515e-12,2.6013561790771966e-10,6.090292770100092e-10,9.238711323744652e-11,6.173020659313485e-22,-8.92397252647006e-21,-2.2226354691527216e-20,1.4234033714728155e-18,9.627728030252712e-19,-3.5339410869410316e-19,0.13844916820526124,0.249146768450737,-0.8069519937038422,68.3261947631836,-245.80755157470702,38.17998504638672,0.0,0.0,0.0,0.0,0.0,0.0,0.0,0.0,0.0,0.0,0.0,0.0
647,6.47,857.9103,891.274,861.86,429.544,768.36896,44.55641,-2.0346316970641655e-12,-2.185855913861088e-13,-1.3364115451211174e-13,-1.0137337410481839e-10,2.7684008002681895e-10,1.69659777893294e-10,3.5853933119912597e-22,-6.447957491226988e-21,-1.771403614399515e-20,1.253942581012318e-18,7.497818241146872e-19,-2.64574967450823e-19,0.14536251574754716,0.2524699181318283,-0.7958275198936462,76.00590362548829,-242.26131134033204,37.3960563659668,0.0,0.0,0.0,0.0,0.0,0.0,0.0,0.0,0.0,0.0,0.0,0.0
648,6.48,858.96674,891.31915,861.948,429.522,768.26373,44.63382,-2.167266886787811e-12,-2.3749463898415496e-14,-2.7871780621316344e-12,-2.713046926006157e-10,6.206294610178187e-11,1.8253236977461285e-10,1.685939289276729e-22,-4.152333240604561e-21,-1.2585550192716832e-20,9.680593815285224e-19,5.213905387312587e-19,-1.7695408909017506e-19,0.1570529580116272,0.25714179277420046,-0.8035555839538574,82.30846099853515,-239.00831146240233,36.33828277587891,0.0,0.0,0.0,0.0,0.0,0.0,0.0,0.0,0.0,0.0,0.0,0.0
649,6.49,860.1263,891.2523,861.901,429.486,768.3277,44.680775,-1.892087690951588e-12,8.025608376114289e-14,-3.710761450718969e-12,-3.157433259293185e-10,-5.827321316459466e-11,1.6023165988476862e-10,4.4152967260791734e-23,-2.3132776500654375e-21,-7.952695314454125e-21,6.675777211932366e-19,3.212661267742686e-19,-1.0383388526168177e-19,0.1686317205429077,0.26442646980285645,-0.8140041887760162,85.169287109375,-236.96282806396485,35.72773551940918,0.0,0.0,0.0,0.0,0.0,0.0,0.0,0.0,0.0,0.0,0.0,0.0
650,6.5,861.2752,891.233,861.828,429.458,768.3531,44.688866,-1.4506940787528676e-12,1.21049283335721e-13,-3.5979434275662526e-12,-2.885749583736441e-10,-1.109517783204339e-10,1.2336816568314645e-10,-2.6867685696569704e-23,-1.000536338145265e-21,-4.3089502364583516e-21,4.0719869719295307e-19,1.6739608302807989e-19,-4.9760639808984556e-20,0.17395436018705368,0.2758637577295303,-0.8064374506473542,83.9391098022461,-237.4175552368164,36.05813484191894,0.0,0.0,0.0,0.0,0.0,0.0,0.0,0.0,0.0,0.0,0.0,0.0
651,6.51,862.3624,891.24567,861.749,429.467,768.3154,44.76057,-9.93726016187621e-13,1.228560452697959e-13,-2.9697783945556444e-12,-2.2887013395589405e-10,-1.204735297632986e-10,8.485348118592029e-11,-5.915009608049742e-23,-1.665947595196801e-22,-1.7514757530192165e-21,2.0871130281006923e-19,6.170552851985949e-20,-1.40552708110517e-20,0.1709346204996109,0.29162711203098296,-0.7754178166389465,79.23701629638671,-240.48028564453125,37.437129211425784,0.0,0.0,0.0,0.0,0.0,0.0,0.0,0.0,0.0,0.0,0.0,0.0
652,6.52,863.44214,891.1581,861.435,429.492,768.2833,44.796112,-6.011548951776607e-13,1.0431817221026943e-13,-2.1760073127055635e-12,-1.6188611701162258e-10,-1.0628250293742703e-10,5.1592196487204586e-11,-6.638647651399262e-23,2.888624230794141e-22,-1.5813291388329671e-22,7.351862474093484e-20,-2.449460518096202e-21,6.542135144263642e-21,0.16200633198022843,0.3112287074327469,-0.7352889537811279,72.6524787902832,-244.76243896484374,39.789008712768556,0.0,0.0,0.0,0.0,0.0,0.0,0.0,0.0,0.0,0.0,0.0,0.0
653,6.53,864.4984,891.09296,861.075,429.565,768.2927,44.83989,-3.039214957175143e-13,7.82505442007645e-14,-1.4228114454846453e-12,-1.01771119309646e-10,-8.214005031703664e-11,2.6304259985454603e-11,-5.959013626183728e-23,4.774206292262542e-22,6.86691803438011e-22,-7.686937202290296e-21,-3.5068766517206145e-20,1.6102754145917558e-20,0.15059957951307296,0.333726704120636,-0.7028123676776886,65.97609786987304,-248.821826171875,42.844185256958006,0.0,0.0,0.0,0.0,0.0,0.0,0.0,0.0,0.0,0.0,0.0,0.0
654,6.54,865.53064,891.1168,860.831,429.588,768.28467,44.87386,-1.0283771176202577e-13,5.243949602351007e-14,-8.098407795059659e-13,-5.471585545757662e-11,-5.6703174794447976e-11,9.125632476243706e-12,-4.665095507338764e-23,4.987821444538134e-22,1.0125387722523138e-21,-4.824876722985672e-20,-4.629434139078565e-20,1.8470048366154357e-20,0.13805001378059387,0.35804417431354524,-0.6838287055492401,60.75081901550293,-252.81807556152344,46.007592391967776,0.0,0.0,0.0,0.0,0.0,0.0,0.0,0.0,0.0,0.0,0.0,0.0
655,6.55,866.36194,891.09906,860.635,429.627,768.2339,44.902767,1.6914339259722563e-14,3.085041089641782e-14,-3.6614503475581456e-13,-2.183600990995904e-11,-3.463098818129451e-11,-1.1587142120903122e-12,-3.2601621608161866e-23,4.307368379754589e-22,1.019741332325536e-21,-6.14722645564718e-20,-4.473416857246811e-20,1.67612946843354e-20,0.12432093173265457,0.38186430633068086,-0.6778466045856476,57.339927673339844,-256.9015655517578,48.934387588500975,0.0,0.0,0.0,0.0,0.0,0.0,0.0,0.0,0.0,0.0,0.0,0.0
656,6.56,867.28033,891.04974,860.696,429.66,768.22363,44.95295,7.584600604363702e-14,1.4854453472525282e-14,-7.984729143064445e-14,-1.4594089717094583e-12,-1.7787416158043802e-11,-6.266355533426915e-12,-2.020733867470113e-23,3.2747443051362945e-22,8.618614976424086e-22,-5.853496041846279e-20,-3.684300963908457e-20,1.3226198749861667e-20,0.10946270525455475,0.40268461406230927,-0.6847185611724853,55.76069679260254,-260.6264984130859,51.889105224609374,0.0,0.0,0.0,0.0,0.0,0.0,0.0,0.0,0.0,0.0,0.0,0.0
657,6.57,868.2231,891.0611,860.443,429.75,768.20013,45.023647,9.414771547544727e-14,4.2708113608210025e-15,8.010394681823384e-14,9.25551085426135e-12,-6.3029314840284956e-12,-7.90126297722793e-12,-1.062853707289237e-23,2.2245568293757686e-22,6.440647716752593e-22,-4.774843669659637e-20,-2.6944999710370002e-20,9.311620461564737e-21,0.09526860490441322,0.4175028055906296,-0.701866352558136,54.21897659301758,-263.7079772949219,54.757450866699216,0.0,0.0,0.0,0.0,0.0,0.0,0.0,0.0,0.0,0.0,0.0,0.0
658,6.58,869.1746,891.05365,860.009,429.866,768.35803,45.059307,8.864546263372998e-14,-1.851164293201534e-15,1.4970504762061577e-13,1.330168249852326e-11,6.045279128495803e-13,-7.490401614934638e-12,-4.016118833599261e-24,1.3317428948450441e-22,4.299525840179244e-22,-3.463273102043717e-20,-1.7582887142551006e-20,5.822093414282474e-21,0.08533419594168663,0.42397530376911163,-0.7250669360160827,50.62501106262207,-265.38865356445314,57.12290458679199,0.0,0.0,0.0,0.0,0.0,0.0,0.0,0.0,0.0,0.0,0.0,0.0
659,6.59,870.0583,890.9873,859.793,429.914,768.3769,45.113026,7.176805265525498e-14,-4.707561321350682e-15,1.617926211300129e-13,1.3275669626111597e-11,4.062591409115246e-12,-6.0921065934971265e-12,2.232275417948786e-26,6.613699010192998e-23,2.5166373126992796e-22,-2.2396950514667337e-20,-9.979986435475418e-21,3.1041948342007898e-21,0.08104650005698204,0.421621635556221,-0.7537447452545166,45.26500816345215,-264.8662536621094,58.56202163696289,0.0,0.0,0.0,0.0,0.0,0.0,0.0,0.0,0.0,0.0,0.0,0.0
660,6.6,871.1099,890.9782,859.368,430.052,768.3629,45.15965,5.17125310129686e-14,-5.4312165506507524e-15,1.4237439081420806e-13,1.1158658545784572e-11,5.1980013609370655e-12,-4.407351306828788e-12,2.0965447218038682e-24,2.1166722593093975e-23,1.2005698602801077e-22,-1.2552738506600396e-20,-4.486927657018386e-21,1.21396619772273e-21,0.08275301605463029,0.4127564370632172,-0.7854558646678924,39.055059814453124,-262.02178955078125,58.783653259277344,0.0,0.0,0.0,0.0,0.0,0.0,0.0,0.0,0.0,0.0,0.0,0.0
661,6.61,872.0391,891.00385,858.943,430.156,768.27545,45.16609,3.3199828045689554e-14,-4.942917514909936e-15,1.0982353738984811e-13,8.301295458326697e-12,4.958503226071276e-12,-2.842175301533134e-12,2.8315092891951193e-24,-5.3242920841396205e-24,3.332202145638154e-23,-5.4988634012755546e-21,-9.497881222027824e-22,4.90906315894901e-23,0.08915940523147584,0.4003468930721283,-0.8165655851364135,33.27978744506836,-257.1683547973633,57.97761535644531,0.0,0.0,0.0,0.0,0.0,0.0,0.0,0.0,0.0,0.0,0.0,0.0
662,6.62,873.0322,890.8874,858.497,430.205,768.24805,45.18842,1.8414373030014664e-14,-3.908448543109288e-15,7.567392892871006e-14,5.515793941382463e-12,4.049571138489694e-12,-1.5865361325043126e-12,2.7609716741899266e-24,-1.8110121508140127e-23,-1.6582829741267278e-23,-9.983427444219637e-22,1.0205545784990592e-21,-5.580111818450963e-22,0.09972663894295693,0.3872524529695511,-0.8505384266376496,29.61511936187744,-250.92991790771484,56.47645530700684,0.0,0.0,0.0,0.0,0.0,0.0,0.0,0.0,0.0,0.0,0.0,0.0
663,6.63,873.38306,890.7444,858.309,430.223,767.9984,45.2422,7.889433260876468e-15,-2.7568967269326975e-15,4.61130262528189e-14,3.2086485595231305e-12,2.9402456597910078e-12,-6.891173585541963e-13,2.2871842402614706e-24,-2.181869041439363e-23,-3.963097307014649e-23,1.475348955353535e-21,1.872572399660146e-21,-7.81941289990742e-22,0.11219118684530258,0.37503495514392854,-0.884864616394043,28.24174270629883,-244.60411682128907,54.59587287902832,0.0,0.0,0.0,0.0,0.0,0.0,0.0,0.0,0.0,0.0,0.0,0.0
664,6.64,874.2403,890.65137,857.767,430.379,767.8457,45.346474,1.2242622655472731e-15,-1.7275783719018908e-15,2.3597135293126295e-14,1.5131992880945688e-12,1.9035995869887134e-12,-1.182038781667781e-13,1.681001876318558e-24,-2.026940199087503e-23,-4.520932155097146e-23,2.5142722597426838e-21,2.014208843620078e-21,-7.732480125229477e-22,0.12243304401636124,0.3633407175540924,-0.9012157082557678,28.82998733520508,-239.57733001708985,52.79722785949707,0.0,0.0,0.0,0.0,0.0,0.0,0.0,0.0,0.0,0.0,0.0,0.0
665,6.65,875.14667,890.6696,857.188,430.576,767.8415,45.465477,-2.398930724901283e-15,-9.242516523935106e-16,8.273678216574475e-15,4.0112116272029033e-13,1.0686109874584459e-12,1.9425873805595587e-13,1.1027570804986157e-24,-1.6260468930704472e-23,-4.0915616330447723e-23,2.6503890098699934e-21,1.767914432885931e-21,-6.462487021680162e-22,0.12465805783867837,0.35010596811771394,-0.8859964787960053,31.0062047958374,-236.80410461425782,51.2016242980957,0.0,0.0,0.0,0.0,0.0,0.0,0.0,0.0,0.0,0.0,0.0,0.0
666,6.66,875.9238,890.5132,856.991,430.572,767.6547,45.53372,-3.882919266540576e-15,-3.644897161187803e-16,-9.211909709687564e-16,-2.3459826898627027e-13,4.696843716907318e-13,3.2423763652277006e-13,6.305132846591153e-25,-1.1621307004743797e-23,-3.2223160224627927e-23,2.3004478485435736e-21,1.3610588025512443e-21,-4.785055313276316e-22,0.1159118503332138,0.33298995792865754,-0.8279979884624481,34.324794387817384,-236.45840148925782,49.63972434997559,0.0,0.0,0.0,0.0,0.0,0.0,0.0,0.0,0.0,0.0,0.0,0.0
667,6.67,876.87146,890.4961,856.414,430.635,767.6381,45.569496,-4.0311488041123045e-15,-1.8739140111980998e-17,-5.505935613917012e-15,-5.244989826572871e-13,8.711500056006049e-14,3.39733463258253e-13,2.8763710841090816e-25,-7.393006123542796e-24,-2.264495579052442e-23,1.7558832463766085e-21,9.360645311778833e-22,-3.1638006492308902e-22,0.09965311363339424,0.3137268781661987,-0.7351899087429047,38.84664878845215,-237.78083190917968,47.72944030761719,0.0,0.0,0.0,0.0,0.0,0.0,0.0,0.0,0.0,0.0,0.0,0.0
668,6.68,877.8072,890.31946,855.858,430.675,767.51953,45.697002,-3.4686491739722426e-15,1.621168545002001e-16,-6.99230708158308e-15,-5.905407944335056e-13,-1.235186845654438e-13,2.938728877214733e-13,6.565126757721445e-26,-4.046098151238647e-24,-1.4128778937015767e-23,1.1974763138412909e-21,5.6908168723315305e-22,-1.8283488143994228e-22,0.08384237438440323,0.2950720489025116,-0.6420826494693757,44.592919158935544,-239.43365020751952,45.0219970703125,0.0,0.0,0.0,0.0,0.0,0.0,0.0,0.0,0.0,0.0,0.0,0.0
669,6.69,878.7873,890.3003,854.941,430.663,767.5804,45.664944,-2.6296154364652227e-15,2.294775162370458e-16,-6.649056000609162e-15,-5.309436050537908e-13,-2.1231591652978374e-13,2.2371175550060796e-13,-5.896185806417649e-26,-1.6830041039036222e-24,-7.508460137427733e-24,7.204313086236668e-22,2.900965498961555e-22,-8.515533411222702e-23,0.07367387190461158,0.2774124205112457,-0.5813981771469117,51.09237899780273,-239.87218017578124,41.756133270263675,0.0,0.0,0.0,0.0,0.0,0.0,0.0,0.0,0.0,0.0,0.0,0.0
670,6.7,879.5593,890.3841,854.356,430.827,767.5003,45.742805,-1.7812575390990034e-15,2.2777187775489536e-16,-5.418867445554495e-15,-4.16149620731214e-13,-2.243586338847997e-13,1.5216564580632433e-13,-1.137316094378002e-25,-2.0052391940737419e-25,-2.9125821317287768e-24,3.608374761291844e-22,1.0059271220085549e-22,-2.1406385951392626e-23,0.07187395170331001,0.2634106993675232,-0.564899742603302,56.94463272094727,-238.84585266113282,38.190588760375974,0.0,0.0,0.0,0.0,0.0,0.0,0.0,0.0,0.0,0.0,0.0,0.0
671,6.71,879.9502,890.59515,854.793,431.037,767.5178,45.752705,-1.0625305645382511e-15,1.9080281904602703e-16,-3.927293014482447e-15,-2.9114748806291503e-13,-1.9500391834062145e-13,9.124396455951513e-14,-1.238892345191371e-25,5.939831206165449e-25,-8.649976983918771e-26,1.1865077362241647e-22,-1.2846017149416535e-23,1.4784259319268098e-23,0.07854208052158355,0.2564164102077484,-0.5833421409130096,60.41903915405273,-236.73799591064454,34.52041358947754,0.0,0.0,0.0,0.0,0.0,0.0,0.0,0.0,0.0,0.0,0.0,0.0
672,6.72,880.80066,890.6011,854.535,431.005,767.4374,45.764748,-5.243840421921688e-16,1.4154987016039512e-16,-2.537597800482015e-15,-1.8070137264769235e-13,-1.4900296843806463e-13,4.5441858351831686e-14,-1.0948566483935886e-25,9.086510212613942e-25,1.3812549764775538e-24,-2.4756592492570364e-23,-6.917604013614792e-23,3.1062218716190953e-23,0.08939840123057366,0.25529623329639434,-0.6192349195480347,60.82013130187988,-233.8505126953125,31.30718288421631,0.0,0.0,0.0,0.0,0.0,0.0,0.0,0.0,0.0,0.0,0.0,0.0
673,6.73,881.5188,890.6086,854.408,431.0,767.4044,45.79916,-1.6441526384419587e-16,9.378279838223751e-17,-1.4205390611538384e-15,-9.524588759292525e-14,-1.0172842386177438e-13,1.4676117800557645e-14,-8.472946489506828e-26,9.266064125150268e-25,1.9176399037418814e-24,-9.462237305642769e-23,-8.72005841200235e-23,3.451678308843324e-23,0.10024982243776322,0.2571538746356964,-0.650704562664032,58.602427291870114,-230.24835968017578,29.307064247131347,0.0,0.0,0.0,0.0,0.0,0.0,0.0,0.0,0.0,0.0,0.0,0.0
674,6.74,882.18054,890.5687,854.299,430.982,767.42096,45.840874,4.6847941685995115e-17,5.4351028436918737e-17,-6.207710394002728e-16,-3.6189644793546085e-14,-6.12916842117079e-14,-3.4788976929458466e-15,-5.857188714087082e-26,7.890927958144822e-25,1.889930434749656e-24,-1.1558619952029354e-22,-8.266468061556827e-23,3.082770030871615e-23,0.10793424174189567,0.25797557830810547,-0.6606821656227112,55.19325828552246,-226.70342559814452,28.703535079956055,0.0,0.0,0.0,0.0,0.0,0.0,0.0,0.0,0.0,0.0,0.0,0.0
675,6.75,882.8066,890.5567,854.148,431.022,767.3848,45.90505,1.4813527603958944e-16,2.5457994279426317e-17,-1.1098980278440263e-16,-7.399085315963713e-17,-3.078284138414945e-14,-1.2269669584134097e-14,-3.5840792056044526e-26,5.934225831743885e-25,1.5764954078357218e-24,-1.080755513982591e-22,-6.72449010671022e-23,2.4049470409678507e-23,0.11170327439904212,0.25541015565395353,-0.6567880034446716,53.681847763061526,-224.2807357788086,28.735221099853515,0.0,0.0,0.0,0.0,0.0,0.0,0.0,0.0,0.0,0.0,0.0,0.0
676,6.76,883.4123,890.54645,854.069,431.071,767.3107,45.97244,1.768024510123661e-16,6.567226207089214e-18,1.688095311464638e-16,1.851617919049458e-14,-1.0218426561141596e-14,-1.4850584818945287e-14,-1.8477149865247152e-26,3.98880742381981e-25,1.1658405614559098e-24,-8.711321241051612e-23,-4.867383645690003e-23,1.6757752803631684e-23,0.11389210745692253,0.2501715555787086,-0.6560569107532501,56.309806442260744,-223.31040802001954,28.325122451782228,0.0,0.0,0.0,0.0,0.0,0.0,0.0,0.0,0.0,0.0,0.0,0.0
677,6.77,884.01495,890.529,853.869,431.049,767.4368,45.973896,1.6357822191525223e-16,-4.1831377330596344e-18,2.859562874670004e-16,2.5144965862082536e-14,1.96980988954236e-15,-1.3828753578717673e-14,-6.628279283267247e-27,2.3578235739500104e-25,7.703409262175125e-25,-6.255919319228985e-23,-3.142850718709642e-23,1.0358780012123073e-23,0.1164813444018364,0.24495723396539687,-0.6744165062904358,61.799061965942386,-223.64348449707032,27.331558990478516,0.0,0.0,0.0,0.0,0.0,0.0,0.0,0.0,0.0,0.0,0.0,0.0
678,6.78,884.5892,890.5577,853.674,431.044,767.4775,45.977055,1.3091044283465554e-16,-9.042987437794077e-18,3.008907753462942e-16,2.4572063269745828e-14,7.918288835829048e-15,-1.111642423145859e-14,5.059842077753147e-28,1.1471520620415326e-25,4.453496762225791e-25,-4.005193354608831e-23,-1.7599514405612456e-23,5.433562843546874e-24,0.11793008372187615,0.24240513890981674,-0.7077983021736145,67.78569412231445,-225.5509475708008,26.094729614257812,0.0,0.0,0.0,0.0,0.0,0.0,0.0,0.0,0.0,0.0,0.0,0.0
679,6.79,885.2756,890.52325,853.465,430.983,767.46094,45.974926,9.342520489470839e-17,-1.0106931047179484e-17,2.6094577093287733e-16,2.0389764739624487e-14,9.719063729274508e-15,-7.964990929112157e-15,4.088392936375791e-27,3.4411588564375515e-26,2.080404144505742e-25,-2.2159850825568552e-23,-7.71532703746532e-24,2.0453474025359917e-24,0.11580403670668601,0.2433288350701332,-0.7380566895008087,73.11428909301758,-229.5994110107422,24.686361503601074,0.0,0.0,0.0,0.0,0.0,0.0,0.0,0.0,0.0,0.0,0.0,0.0
680,6.8,885.8852,890.49176,853.359,430.887,767.474,46.00709,5.939979346531861e-17,-9.059743883616748e-18,1.9922508336928028e-16,1.5021125670215816e-14,9.11216098032513e-15,-5.086978888051521e-15,5.286471507283116e-27,-1.2332760458840488e-26,5.312513126952404e-26,-9.458429316281086e-24,-1.4127849506027615e-24,-2.0542924972533046e-26,0.11021805405616761,0.2453785538673401,-0.7539052128791809,77.88684463500977,-236.03104400634766,22.84440174102783,0.0,0.0,0.0,0.0,0.0,0.0,0.0,0.0,0.0,0.0,0.0,0.0
681,6.81,886.3231,890.3717,853.117,430.724,767.4083,45.943268,3.2523394870111687e-17,-7.110470312181907e-18,1.3627830105615388e-16,9.903967548825039e-15,7.383265768651789e-15,-2.803932000625608e-15,5.087999534651953e-27,-3.467988031231558e-26,-3.552063120136083e-26,-1.3986351081723862e-24,2.0775114803131483e-24,-1.0895718325312414e-24,0.10374428182840348,0.24674594700336455,-0.7559238851070404,82.18152694702148,-243.90381317138673,20.48406810760498,0.0,0.0,0.0,0.0,0.0,0.0,0.0,0.0,0.0,0.0,0.0,0.0
682,6.82,887.07056,890.5668,853.894,431.045,767.4342,45.91404,1.3527021207316855e-17,-5.0334985830146004e-18,8.294247601723289e-17,5.740956551835742e-15,5.382672923037019e-15,-1.1842010875872902e-15,4.234348150541618e-27,-4.1392332883803355e-26,-7.716372551800865e-26,3.0686666927776785e-24,3.617239402698535e-24,-1.4944706961515404e-24,0.10103569775819779,0.24740964472293853,-0.7512232065200806,85.91367416381836,-250.4870178222656,17.873693656921386,0.0,0.0,0.0,0.0,0.0,0.0,0.0,0.0,0.0,0.0,0.0,0.0
683,6.83,887.3533,890.0156,852.683,430.412,767.4888,45.874496,1.4890868588951455e-18,-3.2572660878855706e-18,4.3324192394778926e-17,2.7435026055256772e-15,3.6026084298442235e-15,-1.537948659738842e-16,3.2240161254423616e-27,-3.966990840699414e-26,-8.972742504777859e-26,5.0906707643558555e-24,3.982869135305101e-24,-1.5203061175950387e-24,0.10444160103797913,0.24868991523981093,-0.7504143357276917,87.83518676757812,-254.635009765625,15.358535957336425,0.0,0.0,0.0,0.0,0.0,0.0,0.0,0.0,0.0,0.0,0.0,0.0
684,6.84,887.83575,889.9355,852.51,430.373,767.5258,45.84757,-5.2298725425646385e-18,-1.962067904841443e-18,1.7368425638136576e-17,8.331726797936042e-16,2.2707798598222446e-15,4.239589662857738e-16,2.350154302125819e-27,-3.476231689320876e-26,-8.761044038771781e-26,5.685098045709515e-24,3.7840802498230674e-24,-1.3823550725921685e-24,0.11239641159772873,0.2515335649251938,-0.7617647469043731,87.08005142211914,-256.0220718383789,13.629354572296142,0.0,0.0,0.0,0.0,0.0,0.0,0.0,0.0,0.0,0.0,0.0,0.0
685,6.85,888.34753,890.0003,852.953,430.534,767.45886,45.878483,-8.386118019409797e-18,-1.1652449965449918e-18,2.7924751757730997e-18,-2.113742936530692e-16,1.4353595648682115e-15,6.969933849775836e-16,1.7474411704881418e-27,-3.0009694022766136e-26,-8.095433590417094e-26,5.6330741678459084e-24,3.440860241153749e-24,-1.2230586939499433e-24,0.121819768846035,0.2557154893875122,-0.7844118356704712,85.04429397583007,-255.19768981933595,13.04490261077881,0.0,0.0,0.0,0.0,0.0,0.0,0.0,0.0,0.0,0.0,0.0,0.0
686,6.86,889.0155,890.8172,855.149,431.564,767.5356,45.853256,-9.510233476248334e-18,-7.842500835181328e-19,-3.628388631320882e-18,-6.593230716621503e-16,1.0295821210905817e-15,7.950789267669047e-16,1.4336118682745133e-27,-2.7054397663934676e-26,-7.566271118613564e-26,5.443639871079303e-24,3.189720909114871e-24,-1.117572223564551e-24,0.12949352860450744,0.25895848870277405,-0.8055745899677277,83.75284957885742,-253.65257568359374,13.15588207244873,0.0,0.0,0.0,0.0,0.0,0.0,0.0,0.0,0.0,0.0,0.0,0.0
687,6.87,889.6165,890.7968,854.947,431.584,767.4706,45.907364,-9.740396977999581e-18,-6.762191788248803e-19,-5.322827046618346e-18,-7.744919339206988e-16,9.130684616793692e-16,8.154222705858329e-16,1.3387254117749854e-27,-2.605932235511307e-26,-7.36770564593546e-26,5.35206688560594e-24,3.0984877451979545e-24,-1.0809160759702265e-24,0.13261276185512544,0.25992498397827146,-0.8139086186885833,83.41166305541992,-252.8013137817383,13.319780731201172,0.0,0.0,0.0,0.0,0.0,0.0,0.0,0.0,0.0,0.0,0.0,0.0
