  0.0398 ,  0.0400 , -0.3170 , -0.8269 , -0.5687 ,  0.3288 ,
 -0.0813 , -0.0002 , -0.3181 , -0.7644 ,  1.1171 ,  0.3288 ,
  0.0403 , -0.0002 ,  0.0004 , -0.7752 ,  1.3074 ,  0.3252 ,
 -0.0007 , -0.0006 , -0.3173 , -1.5400 ,  2.4875 ,  0.3288 ,
  0.0800 ,  0.0802 , -0.4752 , -0.1089 ,  1.3525 , -0.6451 ,
  0.0390 , -0.0419 , -0.4754 , -0.6991 ,  0.6907 , -0.3199 ,
 -0.0812 ,  0.0810 , -0.4769 ,  0.6673 ,  0.4786 ,  0.3306 ,
  0.0795 , -0.0013 , -0.4751 , -0.7609 ,  1.3680 ,  0.3306 ,
 -0.0399 ,  0.0005 ,  0.1582 , -0.0045 , -0.0622 , -0.3270 ,
  0.1215 ,  0.1217 ,  0.0010 ,  0.5894 ,  0.1653 , -0.0000 ,
  0.1212 ,  0.1214 , -0.1577 , -0.1805 ,  0.7868 ,  0.9775 ,
  0.0404 ,  0.0810 , -0.1584 , -1.6682 ,  0.0465 ,  0.0018 ,
  0.0805 ,  0.0401 , -0.1579 , -0.8322 ,  1.3617 ,  0.0018 ,
  0.0002 ,  0.0408 , -0.0001 , -1.6112 , -0.6302 ,  0.3252 ,
  0.0003 ,  0.1220 , -0.1589 , -1.7293 , -0.0242 ,  0.3270 ,
 -0.0802 ,  0.0819 , -0.0010 ,  1.4274 , -0.7638 ,  0.6505 ,
 -0.0807 ,  0.1221 , -0.3183 , -1.7236 ,  1.0937 ,  0.3288 ,
  0.0812 ,  0.1219 ,  0.0006 , -1.7349 ,  0.7247 , -0.0000 ,
  0.0404 ,  0.0810 , -0.1584 ,  0.6565 ,  0.6688 , -0.6487 ,
  0.0396 , -0.0008 , -0.3169 , -2.3153 ,  0.6837 ,  0.0036 ,
  0.0407 ,  0.0813 ,  0.0003 , -0.8982 ,  1.2918 , -0.0000 ,
 -0.0001 ,  0.0405 , -0.1587 , -0.8315 ,  0.6137 ,  0.6522 ,
 -0.0002 , -0.0408 ,  0.0001 , -0.7134 ,  0.0078 ,  0.6504 ,
  0.0794 ,  0.0391 , -0.6338 , -0.0426 ,  1.3596 ,  0.0071 ,
 -0.0412 , -0.0412 , -0.3176 , -2.2532 ,  0.5656 ,  0.0036 ,
  0.1204 ,  0.0396 , -0.3161 ,  1.4968 ,  2.0462 ,  0.3288 ,
  0.0809 , -0.0001 ,  0.1594 , -0.7805 ,  0.1266 , -0.3270 ,
  0.0410 ,  0.0811 ,  0.1578 , -1.6940 ,  0.0518 ,  0.9605 ,
  0.1197 ,  0.0390 , -0.6334 , -0.8178 ,  1.4225 ,  0.0071 ,
 -0.0006 , -0.0411 , -0.1586 , -1.4835 ,  0.6293 ,  0.6522 ,
  0.0409 ,  0.1220 ,  0.1573 , -3.3202 ,  0.6552 ,  0.6531 ,
 -0.0404 ,  0.1219 , -0.3179 , -1.7241 ,  1.7790 , -0.3217 ,
  0.0804 , -0.0412 ,  0.0009 , -0.7141 , -0.4887 ,  0.3252 ,
  0.0400 ,  0.0807 , -0.3170 , -0.1135 ,  1.9127 , -0.3217 ,
  0.0810 ,  0.0811 ,  0.0007 , -0.8985 ,  1.9770 , -0.0000 ,
  0.0795 , -0.0013 , -0.4751 ,  0.0140 , -1.1211 ,  0.3306 ,
 -0.0001 ,  0.0405 , -0.1587 , -0.0566 ,  1.8582 ,  0.3270 ,
  0.0392 , -0.0011 , -0.4755 ,  0.0143 ,  1.3051 , -0.3199 ,
  0.1217 ,  0.1625 ,  0.0009 , -0.2469 ,  0.7798 , -0.0000 ,
  0.1213 , -0.0417 ,  0.1596 , -3.0668 , -0.4128 , -0.3288 ,
 -0.1212 ,  0.0003 , -0.1599 , -0.7690 ,  0.4328 , -0.3234 ,
  0.0406 ,  0.2030 , -0.3173 , -1.0728 ,  0.6446 , -0.3217 ,
  0.0004 ,  0.0815 , -0.0002 , -1.6727 ,  1.2288 , -0.3252 ,
  0.0402 ,  0.0403 , -0.1583 ,  0.7179 ,  2.5433 ,  0.0018 ,
 -0.0805 ,  0.0816 , -0.1596 , -0.8922 ,  0.4801 ,  0.3270 ,
 -0.0811 ,  0.0405 , -0.3182 , -1.6008 ,  1.1094 ,  0.0036 ,
 -0.0001 ,  0.0405 , -0.1587 , -0.8315 ,  1.2359 ,  0.0018 ,
 -0.0802 ,  0.0819 , -0.0010 , -1.6720 ,  2.3475 ,  0.0000 ,
  0.0402 ,  0.0403 , -0.1583 , -0.8318 ,  1.2989 ,  0.6522 ,
  0.0403 , -0.0002 ,  0.0004 , -0.0003 ,  0.0629 , -0.0000 ,
  0.0811 , -0.0406 ,  0.1590 , -0.7131 ,  0.7623 , -0.0012 ,
  0.0393 , -0.1228 , -0.1580 , -1.3608 ,  1.3301 , -0.3235 ,
  0.0392 , -0.0011 , -0.4755 , -1.5355 ,  1.3051 ,  0.3306 ,
  0.1609 ,  0.0801 , -0.3158 , -2.4392 , -1.0101 ,  0.0035 ,
 -0.0415 ,  0.0397 , -0.6350 ,  0.7332 ,  2.4153 ,  0.0071 ,
 -0.0007 , -0.0006 , -0.3173 , -0.7651 ,  1.2430 ,  0.3288 ,
  0.1208 ,  0.0399 , -0.1575 , -0.8325 ,  0.8025 ,  0.3270 ,
  0.0399 , -0.0817 ,  0.0006 , -0.6523 , -0.5438 , -0.0000 ,
  0.1206 ,  0.0803 , -0.3162 , -2.4389 ,  0.1716 ,  0.9793 ,
  0.0398 ,  0.0400 , -0.3170 , -2.3768 ,  1.2981 ,  0.0036 ,
 -0.0416 , -0.0415 , -0.4762 ,  0.0765 ,  0.5649 ,  0.6558 ,
 -0.0397 ,  0.1225 , -0.0006 , -0.9589 ,  1.1581 ,  0.9757 ,
  0.0003 ,  0.1220 , -0.1589 , -2.5044 ,  1.2203 ,  0.3270 ,
 -0.0002 ,  0.1621 , -0.4762 , -1.0061 ,  1.8333 ,  0.0053 ,
  0.0398 ,  0.0400 , -0.3170 , -0.8269 , -0.5687 ,  0.6540 ,
 -0.0401 ,  0.0410 , -0.0005 , -0.0611 ,  1.1737 ,  0.3252 ,
  0.0797 , -0.0418 , -0.3164 , -2.2541 ,  0.1321 ,  0.0036 ,
 -0.0408 ,  0.0403 , -0.3178 , -1.6010 ,  1.1724 ,  0.3288 ,
 -0.0009 , -0.0414 , -0.3172 , -1.4785 ,  0.0063 , -0.9722 ,
  0.1201 , -0.0824 , -0.1573 , -1.4230 ,  1.4481 ,  0.0018 ,
  0.0799 , -0.0010 , -0.3165 , -1.5407 ,  1.3689 ,  0.0036 ,
 -0.0405 ,  0.1623 , -0.4766 , -1.7806 ,  1.1481 ,  0.3306 ,
  0.0808 ,  0.0406 ,  0.1582 , -0.8356 ,  1.9854 , -0.3145 ,
  0.0397 , -0.0413 , -0.1582 , -0.7089 ,  1.9368 ,  0.0018 ,
  0.2019 ,  0.0806 ,  0.0019 , -0.8995 , -1.5680 , -0.0000 ,
  0.1208 ,  0.0399 , -0.1575 , -0.0576 ,  0.8025 , -0.6487 ,
  0.1198 , -0.0827 , -0.3159 ,  0.1317 ,  1.4474 ,  0.3288 ,
  0.1221 ,  0.0414 ,  0.4758 , -1.6197 ,  1.4297 ,  0.6337 ,
 -0.1214 ,  0.0407 , -0.3186 , -0.0506 ,  0.4242 , -0.3217 ,
 -0.0005 ,  0.0401 , -0.3174 , -0.8266 ,  1.8576 ,  0.0036 ,
  0.1608 , -0.0823 ,  0.0018 ,  0.1215 ,  1.5118 , -0.3253 ,
  0.1213 ,  0.0810 ,  0.0011 ,  0.6508 ,  1.4176 , -0.0000 ,
  0.0404 ,  0.0407 ,  0.1577 , -0.8353 ,  2.5430 ,  0.3326 ,
  0.0803 ,  0.0805 , -0.3166 , -1.6636 ,  1.9755 ,  0.3288 ,
  0.0800 , -0.0415 , -0.1578 ,  0.0657 ,  3.2442 ,  0.3270 ,
  0.0006 ,  0.1223 , -0.0002 , -1.7341 ,  1.2210 ,  0.3252 ,
  0.0803 ,  0.0805 , -0.3166 , -0.8887 ,  0.1087 , -0.6469 ,
 -0.0807 ,  0.0408 , -0.1595 ,  0.7189 , -1.3790 , -1.2992 ,
  0.1202 , -0.0012 , -0.3161 , -1.5411 ,  0.8095 , -0.3217 ,
  0.0392 , -0.0011 , -0.4755 ,  0.7892 ,  2.5496 ,  0.0053 ,
 -0.0408 ,  0.0403 , -0.3178 , -2.3761 ,  1.1724 ,  0.3288 ,
  0.0406 ,  0.1218 , -0.1585 , -1.7296 ,  0.6610 ,  0.6522 ,
  0.0796 ,  0.0799 , -0.6339 ,  0.6708 ,  1.9741 ,  0.3323 ,
 -0.0015 , -0.0825 , -0.4758 , -1.4122 ,  1.2578 ,  0.0053 ,
  0.1610 , -0.0415 ,  0.0017 , -1.4898 ,  0.8818 ,  0.3252 ,
  0.1607 ,  0.0394 , -0.3157 , -0.0531 ,  0.8646 ,  0.0035 ,
  0.0797 , -0.0418 , -0.3164 ,  0.8454 ,  2.6212 ,  0.3288 ,
 -0.0410 , -0.0004 , -0.3177 ,  0.0101 ,  0.5578 ,  0.0036 ,
  0.0405 ,  0.0406 ,  0.0003 , -1.6116 ,  1.9219 , -0.6505 ,
  0.0002 ,  0.0408 , -0.0001 , -0.0615 ,  1.8590 ,  0.9757 ,
  0.0809 ,  0.1216 , -0.1581 , -1.7299 ,  1.3462 ,  0.0018 ,
 -0.0414 , -0.0820 , -0.3175 , -0.6419 ,  0.5735 ,  0.9793 ,
 -0.0815 , -0.0410 , -0.3180 ,  1.6216 , -0.7418 ,  0.3288 ,
  0.0408 ,  0.1626 , -0.1585 , -3.3408 ,  1.2754 ,  0.3270 ,
  0.1215 ,  0.0407 ,  0.1590 , -0.8387 ,  0.8059 , -0.3224 ,
 -0.0802 ,  0.0819 , -0.0010 , -0.1222 ,  0.4808 ,  0.3253 ,
  0.1211 ,  0.0402 ,  0.0011 , -1.6122 ,  2.0477 , -0.0000 ,
 -0.0012 ,  0.0395 , -0.6346 , -1.5917 ,  0.6115 , -0.3181 ,
  0.0790 , -0.0424 , -0.6337 , -1.4695 ,  1.9975 ,  0.0071 ,
 -0.0404 ,  0.1219 , -0.3179 , -1.7241 ,  1.7790 ,  0.0036 ,
  0.0404 ,  0.0810 , -0.1584 , -0.8932 ,  0.6688 , -0.3235 ,
  0.0807 ,  0.0808 , -0.1580 , -0.8936 ,  0.7317 ,  0.0018 ,
  0.0390 ,  0.0798 , -0.7930 , -0.0988 ,  0.6658 ,  0.9846 ,
  0.0404 ,  0.0810 , -0.1584 , -0.8932 ,  1.9133 , -0.3235 ,
  0.0406 ,  0.0001 ,  0.1590 ,  0.7696 ,  1.9305 , -0.0018 ,
  0.0407 ,  0.0813 ,  0.0003 , -2.4481 ,  1.2918 , -0.0000 ,
  0.0391 ,  0.0393 , -0.6342 , -0.0422 ,  1.9189 ,  0.0071 ,
  0.0416 ,  0.1228 ,  0.3174 , -0.1948 ,  0.0432 ,  0.3229 ,
 -0.0409 , -0.0409 , -0.1590 , -1.4831 ,  1.1887 ,  0.3270 ,
  0.1599 , -0.0425 , -0.4742 , -2.2500 ,  0.8795 ,  0.3306 ,
  0.0812 ,  0.0812 ,  0.1592 ,  0.6544 ,  0.1055 ,  0.0002 ,
  0.0389 , -0.0014 , -0.6342 ,  0.0192 ,  1.9267 ,  0.3323 ,
 -0.1625 , -0.1221 , -0.3187 , -1.3542 ,  1.6371 ,  1.3045 ,
 -0.0001 ,  0.1217 , -0.3175 , -0.1746 ,  1.2197 ,  0.3288 ,
 -0.0398 , -0.0802 ,  0.1591 ,  0.8976 ,  1.1922 , -0.9777 ,
 -0.0406 ,  0.0811 , -0.3178 , -1.6626 , -1.3247 ,  0.3288 ,
  0.0797 , -0.0418 , -0.3164 ,  0.0705 ,  1.3767 ,  0.0036 ,
 -0.0419 , -0.0418 , -0.6349 ,  0.0814 ,  0.5641 ,  0.0071 ,
  0.0399 , -0.0005 , -0.1582 , -0.7703 ,  1.9290 ,  1.3027 ,
 -0.0411 ,  0.0400 , -0.4764 , -0.8214 , -0.0730 ,  0.9811 ,
 -0.0003 ,  0.0809 , -0.3174 , -0.8881 ,  0.6051 ,  0.6541 ,
 -0.0006 ,  0.1618 , -0.6349 , -1.0012 ,  0.5880 ,  0.0071 ,
  0.1210 ,  0.0806 , -0.1576 , -0.1191 ,  2.0391 ,  0.6522 ,
 -0.0008 , -0.0818 , -0.1585 , -1.4220 ,  0.6371 ,  0.3270 ,
 -0.0409 ,  0.0808 , -0.4765 , -0.8828 ,  1.1637 ,  0.9811 ,
 -0.0421 , -0.0826 , -0.6348 , -0.6321 ,  1.1942 ,  0.6576 ,
 -0.0007 , -0.0006 , -0.3173 , -1.5400 ,  1.8653 ,  0.0036 ,
 -0.0002 , -0.0408 ,  0.0001 , -2.2633 ,  0.6301 , -0.0000 ,
  0.0800 ,  0.0802 , -0.4752 , -1.6587 , -0.5144 ,  0.3306 ,
 -0.0003 , -0.0003 , -0.1586 ,  0.0049 ,  0.6215 , -0.3234 ,
  0.0806 , -0.0004 ,  0.0008 , -0.7756 ,  0.7481 ,  0.3252 ,
 -0.0411 , -0.0817 , -0.1589 ,  0.1282 ,  2.4411 , -0.6487 ,
  0.1600 ,  0.0388 , -0.6330 , -0.8182 ,  2.7299 ,  0.9828 ,
  0.0399 , -0.0005 , -0.1582 , -3.8698 ,  1.9290 ,  0.3270 ,
 -0.0410 , -0.0004 , -0.3177 , -0.7648 , -1.9314 , -0.3217 ,
  0.0393 ,  0.0801 , -0.6343 , -0.1037 ,  0.6665 ,  0.9828 ,
  0.0803 ,  0.0805 , -0.3166 , -0.8887 ,  0.1087 ,  0.0036 ,
 -0.0403 ,  0.0002 , -0.0004 ,  0.7751 , -0.0629 ,  0.0000 ,
 -0.0409 ,  0.0808 , -0.4765 , -3.2073 , -0.0808 , -0.3199 ,
  0.0003 ,  0.1220 , -0.1589 , -0.9544 , -1.2689 , -0.6487 ,
  0.0001 ,  0.0812 , -0.1588 , -0.8930 ,  1.8504 ,  0.9775 ,
 -0.0816 , -0.0005 , -0.4767 , -2.3094 , -0.1281 ,  0.6558 ,
  0.0792 , -0.0016 , -0.6337 , -1.5309 , -1.1218 , -0.3181 ,
  0.0399 , -0.0005 , -0.1582 , -0.7704 ,  0.6844 ,  0.0018 ,
  0.0397 ,  0.0804 , -0.4757 , -2.4335 ,  1.9119 ,  0.0053 ,
  0.0004 ,  0.0815 , -0.0002 , -2.4475 ,  1.2288 ,  0.6505 ,
 -0.1621 , -0.0406 , -0.3188 , -2.2521 , -0.2454 ,  0.3288 ,
  0.0402 ,  0.0403 , -0.1583 , -1.6066 ,  1.2989 ,  0.9775 ,
  0.0398 ,  0.0400 , -0.3170 , -0.8269 ,  0.0536 ,  0.3288 ,
  0.0396 , -0.0008 , -0.3169 ,  0.7843 ,  0.0614 ,  0.0036 ,
  0.1608 ,  0.1206 , -0.4745 , -0.9459 ,  0.8483 , -0.3199 ,
  0.1208 ,  0.0399 , -0.1575 , -0.8325 , -0.4421 ,  0.0018 ,
  0.1211 ,  0.0402 ,  0.0011 ,  0.7123 ,  1.4255 , -0.0000 ,
 -0.0805 ,  0.0816 , -0.1596 , -2.4421 ,  1.7246 ,  0.0018 ,
  0.0002 ,  0.0408 , -0.0001 , -0.0615 ,  1.2367 , -0.3252 ,
  0.0013 ,  0.0417 ,  0.4758 , -0.0761 ,  0.6167 , -0.0053 ,
  0.0003 ,  0.0003 ,  0.1586 , -0.7798 ,  1.8676 ,  0.3234 ,
 -0.0012 ,  0.0395 , -0.6346 , -0.0419 , -0.0108 ,  0.3323 ,
  0.0409 ,  0.1221 ,  0.0002 , -0.9596 ,  1.2841 , -0.0000 ,
 -0.0404 ,  0.1219 , -0.3179 , -1.7241 , -0.7102 ,  0.6541 ,
 -0.0403 ,  0.0002 , -0.0004 , -0.7745 ,  0.5593 , -0.3252 ,
 -0.0001 ,  0.0405 , -0.1587 , -0.8315 ,  1.2359 ,  0.0018 ,
  0.0391 ,  0.0393 , -0.6342 , -1.5921 , -1.1926 ,  0.0071 ,
  0.0398 ,  0.0400 , -0.3170 , -1.6018 ,  0.0536 ,  0.0036 ,
 -0.0006 ,  0.0806 , -0.4761 , -0.8831 , -0.0179 ,  1.3063 ,
  0.0399 , -0.0005 , -0.1582 , -2.3202 ,  0.6844 ,  0.3270 ,
  0.0798 ,  0.0395 , -0.4752 , -1.5973 ,  0.1158 ,  0.3306 ,
 -0.0016 , -0.0420 , -0.6345 , -0.6938 ,  1.8715 ,  0.0071 ,
 -0.0003 , -0.0003 , -0.1586 , -1.5449 ,  1.2438 ,  0.3270 ,
  0.0400 ,  0.0807 , -0.3170 , -2.4382 ,  1.2904 ,  0.3288 ,
  0.0411 ,  0.1217 ,  0.3146 , -3.3267 ,  0.6571 ,  0.9636 ,
 -0.0809 ,  0.0813 , -0.3182 , -0.1124 ,  1.1016 , -0.3217 ,
 -0.0814 , -0.0815 , -0.1593 ,  0.9033 ,  1.7559 ,  0.0018 ,
  0.0004 ,  0.0815 , -0.0002 , -1.6727 ,  1.2288 ,  0.6505 ,
  0.0388 , -0.0826 , -0.4754 , -1.4125 ,  1.9431 ,  0.6558 ,
  0.0002 ,  0.0408 , -0.0001 , -0.0615 ,  1.2367 ,  0.0000 ,
  0.0407 ,  0.0813 ,  0.0003 , -0.1233 ,  2.5364 ,  0.3252 ,
 -0.0001 ,  0.0405 , -0.1587 , -1.6064 ,  1.2359 ,  0.9775 ,
  0.0808 , -0.0813 ,  0.1596 ,  0.1197 ,  0.7703 , -0.6363 ,
 -0.0406 ,  0.0811 , -0.3178 , -0.8877 ,  0.5422 ,  0.3288 ,
  0.1219 ,  0.0807 ,  0.1589 , -2.4787 ,  0.1810 ,  0.3156 ,
 -0.0007 , -0.0006 , -0.3173 ,  0.7846 ,  3.1097 ,  0.3288 ,
  0.0397 ,  0.0804 , -0.4757 , -1.6584 ,  1.9119 ,  0.6558 ,
  0.1200 ,  0.0393 , -0.4748 , -1.5976 ,  1.4232 ,  0.6558 ,
  0.0397 ,  0.0804 , -0.4757 , -0.8835 ,  2.5341 ,  0.3306 ,
  0.0798 ,  0.0395 , -0.4752 , -3.1471 ,  1.3603 ,  0.3306 ,
  0.0793 , -0.0421 , -0.4750 , -0.6995 ,  0.7536 ,  0.9811 ,
 -0.0003 ,  0.0809 , -0.3174 , -0.8881 ,  0.6051 ,  0.0036 ,
  0.0393 ,  0.0801 , -0.6343 ,  1.4459 ,  1.9111 ,  0.3323 ,
 -0.0399 ,  0.0817 , -0.0006 , -0.8975 , -0.7009 ,  0.3252 ,
  0.0395 ,  0.0396 , -0.4756 , -1.5969 ,  0.6751 ,  0.3306 ,
  0.0001 ,  0.0812 , -0.1588 , -3.2176 , -0.0164 , -0.3234 ,
 -0.0001 ,  0.0405 , -0.1587 , -1.6064 ,  1.2359 ,  0.6522 ,
 -0.0809 ,  0.0813 , -0.3182 , -2.4374 ,  0.4793 ,  0.9793 ,
 -0.0003 , -0.0003 , -0.1586 ,  0.0049 , -0.6231 ,  0.0018 ,
  0.0794 ,  0.0391 , -0.6338 , -0.8175 ,  1.3596 ,  0.6576 ,
  0.0001 ,  0.0812 , -0.1588 , -0.1180 ,  1.8504 ,  0.6522 ,
 -0.1218 , -0.0408 , -0.3184 ,  0.0723 ,  1.0621 ,  0.3288 ,
 -0.0418 ,  0.0394 , -0.7937 , -1.5864 ,  0.5478 ,  0.3342 ,
  0.0810 ,  0.0811 ,  0.0007 ,  0.6512 ,  0.1102 ,  0.3252 ,
 -0.0006 ,  0.0806 , -0.4761 , -1.6580 , -0.0179 ,  0.6558 ,
  0.0401 , -0.0410 ,  0.0005 , -0.7138 ,  0.0707 ,  0.3252 ,
  0.1212 ,  0.1214 , -0.1577 , -0.9554 ,  1.4091 ,  0.3270 ,
  0.1218 ,  0.0404 ,  0.1585 , -1.6266 ,  2.0427 ,  0.3467 ,
 -0.0806 ,  0.0004 , -0.0008 ,  0.7755 ,  0.4964 ,  0.0000 ,
  0.0404 ,  0.0810 , -0.1584 , -1.6682 ,  0.6688 ,  0.3270 ,
  0.0799 , -0.0010 , -0.3165 ,  1.5587 , -0.4980 ,  0.3288 ,
  0.1200 , -0.0420 , -0.3160 ,  0.0702 ,  0.8173 ,  0.0035 ,
  0.0393 , -0.1228 , -0.1580 , -0.5860 , -0.5367 ,  0.6522 ,
  0.0790 , -0.0424 , -0.6337 , -0.6946 ,  0.1306 ,  0.0071 ,
  0.0802 , -0.0007 , -0.1578 , -1.5455 ,  1.9919 ,  0.6522 ,
  0.0002 ,  0.0408 , -0.0001 , -0.0615 , -0.0078 ,  0.6505 ,
 -0.0818 ,  0.0399 , -0.6354 , -0.8160 , -0.7590 ,  0.0071 ,
 -0.0399 ,  0.0817 , -0.0006 , -0.8975 ,  1.7882 ,  0.0000 ,
  0.0807 ,  0.0808 , -0.1580 , -0.8936 ,  0.7317 , -0.3235 ,
  0.0807 ,  0.0808 , -0.1580 , -1.6684 ,  0.7317 ,  0.3270 ,
 -0.0013 , -0.0417 , -0.4758 , -0.6988 ,  0.6278 ,  0.6558 ,
  0.0805 ,  0.0401 , -0.1579 , -2.3818 ,  0.1173 , -0.3235 ,
 -0.0818 , -0.0413 , -0.4766 , -1.4729 ,  0.5020 ,  0.6558 ,
  0.0407 ,  0.0813 ,  0.0003 , -0.8982 ,  0.6696 , -0.0000 ,
  0.0396 , -0.0008 , -0.3169 ,  0.0094 ,  0.6837 ,  0.3288 ,
  0.1200 , -0.0420 , -0.3160 , -0.7047 ,  1.4397 ,  0.3288 ,
  0.0807 ,  0.1621 , -0.3168 , -1.7865 ,  0.0931 , -0.3217 ,
 -0.0003 ,  0.0809 , -0.3174 , -0.1131 ,  0.6051 ,  0.3288 ,
 -0.0416 , -0.0415 , -0.4762 , -1.4733 , -1.9244 ,  0.0053 ,
  0.0407 ,  0.0813 ,  0.0003 ,  0.6516 ,  0.0473 , -0.3253 ,
  0.0404 ,  0.0810 , -0.1584 ,  0.6565 ,  1.2910 ,  0.6522 ,
 -0.0007 , -0.0006 , -0.3173 , -2.3151 , -0.0015 ,  0.3288 ,
 -0.0404 ,  0.0406 , -0.1591 ,  0.7186 ,  0.5508 ,  0.3270 ,
 -0.0401 ,  0.0410 , -0.0005 , -0.8360 ,  1.1737 , -0.3252 ,
  0.0004 ,  0.0815 , -0.0002 , -0.1229 , -0.0156 ,  0.3252 ,
 -0.0013 , -0.0417 , -0.4758 , -1.4737 ,  1.8723 ,  0.0053 ,
  0.0395 ,  0.0396 , -0.4756 , -1.5969 ,  0.6751 , -0.3199 ,
 -0.1633 , -0.0823 , -0.7947 , -0.6262 ,  1.0048 ,  0.3342 ,
 -0.0008 ,  0.1211 , -0.6348 , -0.9397 ,  1.2181 ,  0.3323 ,
  0.1200 , -0.0420 , -0.3160 ,  0.0702 ,  0.8173 ,  0.3288 ,
  0.1606 ,  0.0798 , -0.4745 , -0.8845 ,  2.1006 ,  0.3306 ,
 -0.0004 ,  0.1214 , -0.4761 , -2.4944 ,  1.8411 , -0.3199 ,
  0.0396 , -0.0008 , -0.3169 , -2.3153 ,  0.0614 ,  0.9793 ,
  0.0798 ,  0.0395 , -0.4752 , -0.8224 ,  1.9826 , -0.3199 ,
  0.0793 ,  0.0796 , -0.7925 , -0.0992 ,  1.3510 , -0.6416 ,
  0.0393 ,  0.0801 , -0.6343 , -0.1037 ,  0.6665 ,  0.0071 ,
  0.0399 ,  0.1212 , -0.4757 , -0.9449 ,  1.2817 ,  1.3063 ,
 -0.0002 , -0.0408 ,  0.0001 , -0.7134 ,  1.2524 , -0.3253 ,
 -0.0404 ,  0.1219 , -0.3179 , -0.9491 ,  2.4011 , -0.6469 ,
  0.0394 , -0.0416 , -0.3168 ,  0.0709 ,  0.6915 ,  0.9793 ,
  0.0795 , -0.0013 , -0.4751 , -2.3106 ,  1.3680 ,  0.6558 ,
  0.0398 ,  0.0400 , -0.3170 , -3.1516 ,  1.2981 ,  0.3288 ,
  0.0812 ,  0.1219 ,  0.0006 , -0.1851 ,  1.3469 , -0.0000 ,
 -0.0803 ,  0.1224 , -0.1597 , -1.7285 ,  1.7168 ,  0.3270 ,
 -0.0008 ,  0.1211 , -0.6348 , -1.7146 , -0.0264 ,  0.0071 ,
  0.0010 ,  0.1226 ,  0.1584 , -0.9641 ,  1.8441 , -0.3270 ,
  0.0797 , -0.0418 , -0.3164 ,  0.0705 ,  1.3767 ,  0.0036 ,
  0.0408 ,  0.1626 , -0.1585 , -1.0162 ,  1.2754 ,  0.6522 ,
  0.0001 ,  0.0812 , -0.1588 , -3.2177 ,  1.8504 ,  0.9775 ,
  0.0397 ,  0.0804 , -0.4757 , -2.4335 ,  1.9119 ,  0.3306 ,
 -0.0405 , -0.0406 , -0.0003 ,  0.8366 ,  0.5671 , -0.3252 ,
  0.0394 , -0.0416 , -0.3168 ,  0.8457 ,  0.6915 , -0.3217 ,
 -0.0814 ,  0.0402 , -0.4768 , -0.0461 ,  0.4864 ,  0.9811 ,
  0.1204 ,  0.0396 , -0.3161 , -0.8276 ,  0.1794 ,  0.3288 ,
  0.0809 ,  0.1216 , -0.1581 , -3.2796 ,  0.7239 ,  0.0018 ,
  0.1210 ,  0.0806 , -0.1576 , -0.8939 ,  0.7946 ,  0.6522 ,
  0.0800 , -0.0415 , -0.1578 ,  0.0657 ,  0.1329 ,  0.3270 ,
 -0.0403 ,  0.0002 , -0.0004 ,  0.7751 ,  2.4261 ,  0.0000 ,
  0.0799 , -0.0010 , -0.3165 , -0.7658 ,  0.7466 ,  0.3288 ,
  0.0810 ,  0.0811 ,  0.0007 ,  2.2008 ,  0.7325 ,  0.3252 ,
  0.0403 , -0.0002 ,  0.0004 , -0.7752 ,  0.6852 , -0.0000 ,
  0.0805 ,  0.0401 , -0.1579 , -0.8322 ,  1.9841 ,  0.3270 ,
  0.0410 ,  0.0811 ,  0.1578 , -1.6940 ,  0.0518 ,  0.3229 ,
  0.0399 ,  0.1212 , -0.4757 , -0.9449 ,  0.6595 ,  0.6558 ,
  0.0810 ,  0.0811 ,  0.0007 , -1.6734 ,  0.1102 ,  0.6504 ,
  0.0397 ,  0.0804 , -0.4757 , -0.1086 ,  1.2895 , -0.6451 ,
 -0.0413 ,  0.0805 , -0.6351 ,  1.4466 ,  1.1629 ,  0.3324 ,
 -0.0809 ,  0.0001 , -0.1594 , -1.5442 ,  0.4957 ,  0.3270 ,
 -0.0801 ,  0.0822 ,  0.1574 , -0.1256 ,  0.4800 , -0.0013 ,
  0.1204 ,  0.0396 , -0.3161 , -0.8276 ,  2.0462 ,  0.3288 ,
  0.0798 ,  0.0395 , -0.4752 , -1.5973 ,  1.3603 ,  0.6558 ,
 -0.0397 ,  0.1225 , -0.0006 , -0.9589 , -0.0864 ,  0.6505 ,
  0.1204 ,  0.0396 , -0.3161 , -0.0527 ,  0.8017 , -0.6469 ,
  0.0808 ,  0.0404 ,  0.0007 , -1.6119 ,  1.3625 ,  0.3252 ,
 -0.0805 ,  0.0816 , -0.1596 ,  0.6575 ,  1.7246 ,  0.3270 ,
  0.0390 , -0.0419 , -0.4754 ,  0.8506 ,  1.3130 ,  0.3306 ,
  0.0390 , -0.0419 , -0.4754 ,  0.0758 ,  2.5576 ,  0.3306 ,
 -0.0412 , -0.0412 , -0.3176 ,  1.6212 , -0.0566 ,  0.3288 ,
  0.0400 ,  0.0807 , -0.3170 , -0.8884 ,  1.9127 ,  0.0036 ,
  0.1609 ,  0.0801 , -0.3158 , -0.1145 ,  0.8568 ,  0.0035 ,
  0.0402 ,  0.0403 , -0.1583 , -0.8318 ,  1.9211 ,  0.0018 ,
  0.1204 ,  0.0396 , -0.3161 , -1.6025 , -1.0652 ,  0.3288 ,
  0.0805 ,  0.0401 , -0.1579 , -0.8322 ,  0.7395 , -0.3235 ,
 -0.0008 ,  0.0398 , -0.4760 , -0.0468 ,  0.6122 ,  0.0053 ,
  0.0800 , -0.1227 ,  0.0010 , -0.5912 ,  1.3938 ,  0.3252 ,
  0.0397 , -0.0413 , -0.1582 , -0.7089 ,  0.6922 ,  0.6522 ,
  0.1200 , -0.0420 , -0.3160 , -0.7047 ,  1.4397 ,  0.6540 ,
  0.1211 ,  0.0402 ,  0.0011 , -1.6122 ,  2.0477 , -0.3253 ,
  0.0805 ,  0.0813 ,  0.1589 ,  0.6419 ,  3.2133 ,  0.6375 ,
  0.0008 ,  0.0818 ,  0.1585 , -1.6777 ,  1.8520 ,  0.9739 ,
 -0.0009 , -0.0414 , -0.3172 , -3.0283 ,  0.6286 ,  0.3288 ,
  0.1599 , -0.0425 , -0.4742 ,  0.0747 , -0.3651 ,  0.3306 ,
  0.0395 ,  0.0396 , -0.4756 , -0.8220 ,  1.2973 ,  0.0053 ,
  0.1208 ,  0.0399 , -0.1575 , -0.8325 ,  2.0470 ,  0.3270 ,
 -0.0013 , -0.0417 , -0.4758 , -0.6988 ,  0.0056 , -0.3199 ,
 -0.0398 ,  0.1629 , -0.1593 , -1.7904 , -0.0949 ,  0.0018 ,
  0.0804 ,  0.1219 ,  0.1582 , -0.1875 ,  1.9705 ,  0.3274 ,
  0.0405 ,  0.0406 ,  0.0003 , -0.8367 , -0.5672 , -0.0000 ,
  0.0794 ,  0.0391 , -0.6338 , -0.0426 ,  0.7373 , -0.6434 ,
  0.0802 , -0.0007 , -0.1578 , -0.7707 ,  0.1251 ,  0.6522 ,
 -0.0006 ,  0.1618 , -0.6349 , -1.7761 , -0.0342 ,  0.3323 ,
 -0.0405 , -0.0406 , -0.0003 ,  0.8366 ,  1.8117 ,  0.3252 ,
 -0.0816 , -0.1222 , -0.1592 , -1.3598 ,  1.1413 ,  0.3270 ,
  0.0001 ,  0.0812 , -0.1588 , -1.6679 ,  0.6059 ,  0.3270 ,
  0.0404 ,  0.0810 , -0.1584 , -0.1184 ,  1.2910 ,  0.3270 ,
 -0.0014 , -0.0012 , -0.6346 , -2.3052 , -0.0030 ,  0.6576 ,
  0.1212 ,  0.1214 , -0.1577 , -1.7303 ,  0.1646 ,  0.0018 ,
  0.1196 , -0.0423 , -0.4746 , -1.4746 , -0.4280 ,  0.0053 ,
 -0.0005 ,  0.0401 , -0.3174 , -0.0517 ,  1.2353 ,  0.0036 ,
 -0.0409 , -0.0409 , -0.1590 , -2.2581 , -0.0559 ,  0.3270 ,
  0.0802 ,  0.1210 , -0.4753 , -1.7202 ,  1.3446 ,  0.0053 ,
  0.0792 , -0.0016 , -0.6337 , -1.5309 ,  1.3673 ,  0.3323 ,
  0.0802 , -0.0007 , -0.1578 , -2.3205 ,  1.3696 ,  0.3270 ,
  0.0395 ,  0.0396 , -0.4756 , -0.0471 ,  0.6751 , -0.3199 ,
  0.0800 ,  0.0802 , -0.4752 , -1.6587 ,  1.3525 ,  0.3306 ,
 -0.0001 ,  0.0405 , -0.1587 , -1.6064 , -0.0086 ,  0.6522 ,
  0.0810 ,  0.0811 ,  0.0007 , -2.4484 ,  0.1102 ,  0.6504 ,
  0.0790 , -0.0424 , -0.6337 , -2.2444 ,  1.3752 ,  0.0071 ,
 -0.0814 ,  0.0402 , -0.4768 , -2.3708 ,  0.4864 ,  0.3306 ,
 -0.0002 , -0.0408 ,  0.0001 , -0.7134 ,  0.0078 ,  0.3252 ,
  0.0805 ,  0.1213 , -0.3167 , -0.9502 , -1.7660 ,  0.3288 ,
 -0.0809 ,  0.0001 , -0.1594 , -0.7694 , -0.1266 ,  0.0018 ,
 -0.0007 , -0.0006 , -0.3173 , -0.7651 ,  0.6208 ,  0.3288 ,
 -0.2017 , -0.0398 , -0.0019 , -0.7117 ,  0.3155 ,  0.3253 ,
 -0.0410 , -0.0004 , -0.3177 , -0.7648 ,  0.5578 ,  0.0036 ,
  0.0405 ,  0.0406 ,  0.0003 , -0.0618 ,  0.6774 ,  0.9757 ,
  0.0004 ,  0.0815 , -0.0002 , -0.8978 ,  2.4733 ,  0.9757 ,
  0.0405 ,  0.0406 ,  0.0003 , -2.3866 ,  1.9219 ,  0.6504 ,
  0.0405 ,  0.1625 ,  0.1566 , -1.8094 ,  1.8829 ,  0.0238 ,
 -0.0413 , -0.0007 , -0.4763 ,  0.0150 ,  1.1793 ,  0.3306 ,
 -0.0407 ,  0.1216 , -0.4765 , -1.7191 , -0.0886 ,  0.9811 ,
  0.1206 ,  0.0803 , -0.3162 , -0.8890 ,  2.0384 ,  0.0035 ,
  0.0399 ,  0.1212 , -0.4757 , -0.9449 ,  1.9040 ,  0.6558 ,
  0.0801 ,  0.0398 , -0.3165 , -0.0524 ,  1.3610 , -0.6469 ,
 -0.0397 ,  0.1225 , -0.0006 ,  0.5908 , -0.0864 , -0.3252 ,
 -0.1220 , -0.0816 , -0.3183 , -1.4160 ,  0.4476 , -0.9722 ,
 -0.0409 ,  0.0808 , -0.4765 , -0.8828 , -0.0808 ,  0.0053 ,
 -0.0416 , -0.0415 , -0.4762 , -0.6984 ,  1.8094 ,  0.9811 ,
  0.0402 ,  0.1215 , -0.3171 , -0.9498 ,  1.2825 ,  0.3288 ,
  0.1211 ,  0.0402 ,  0.0011 , -1.6122 ,  1.4255 , -0.0000 ,
 -0.0011 , -0.0821 , -0.3171 , -2.1920 ,  1.2587 , -0.3217 ,
  0.0405 ,  0.0406 ,  0.0003 , -3.1614 ,  1.2996 , -0.0000 ,
  0.0004 ,  0.0815 , -0.0002 , -2.4475 ,  1.2288 , -0.3252 ,
  0.1213 ,  0.0810 ,  0.0011 , -0.8988 ,  0.1731 , -0.0000 ,
  0.0402 ,  0.0403 , -0.1583 , -0.0569 ,  0.6766 ,  0.9775 ,
  0.0805 ,  0.0401 , -0.1579 , -0.8322 ,  1.3617 ,  0.3270 ,
  0.0797 , -0.0418 , -0.3164 ,  0.8454 ,  1.3767 ,  0.0036 ,
  0.0808 ,  0.0404 ,  0.0007 , -0.8370 ,  0.7403 ,  0.3252 ,
 -0.1210 ,  0.1223 , -0.3187 , -0.9484 ,  1.0309 ,  0.3288 ,
  0.0004 ,  0.0815 , -0.0002 , -1.6727 , -0.6380 , -0.9757 ,
  0.0399 ,  0.1212 , -0.4757 , -1.7198 ,  0.6595 ,  0.0053 ,
  0.0392 , -0.0823 , -0.3167 , -0.6425 ,  0.0770 ,  0.0036 ,
 -0.0805 ,  0.0816 , -0.1596 , -3.2169 ,  0.4801 ,  0.3270 ,
 -0.0017 , -0.2044 , -0.3169 ,  0.3171 , -0.5848 , -0.3217 ,
 -0.0001 ,  0.0405 , -0.1587 , -0.0566 , -0.0086 , -0.3234 ,
  0.0395 ,  0.0396 , -0.4756 , -0.8220 , -0.5695 ,  0.3306 ,
  0.0404 ,  0.0810 , -0.1584 , -0.1184 ,  1.2910 ,  0.6522 ,
 -0.0391 ,  0.0824 ,  0.3168 ,  0.6442 , -0.0786 , -0.3282 ,
  0.0407 ,  0.0814 ,  0.1571 , -2.4681 ,  1.2843 ,  1.3145 ,
  0.0397 ,  0.0804 , -0.4757 ,  0.6662 ,  0.6673 ,  0.3306 ,
  0.0404 , -0.0406 ,  0.1591 ,  0.0562 ,  0.0715 ,  0.3120 ,
 -0.0415 ,  0.0397 , -0.6350 , -1.5914 ,  1.1708 ,  0.0071 ,
  0.0812 ,  0.1219 ,  0.0006 , -1.7349 ,  0.7247 , -0.0000 ,
  0.0800 ,  0.0802 , -0.4752 , -0.8838 ,  1.9748 , -0.3199 ,
  0.0405 ,  0.0406 ,  0.0003 , -0.8367 , -0.5672 , -0.3253 ,
 -0.0010 ,  0.0803 , -0.6347 , -3.9777 , -0.0186 ,  0.0071 ,
  0.0384 ,  0.0387 , -0.9515 , -1.5823 , -0.5717 , -0.3146 ,
 -0.0809 ,  0.0001 , -0.1594 ,  0.0056 ,  0.4957 ,  0.6523 ,
 -0.0016 , -0.0420 , -0.6345 ,  0.0810 ,  0.0048 ,  0.3323 ,
  0.0803 ,  0.0805 , -0.3166 ,  0.6610 ,  0.7310 ,  0.3288 ,
 -0.0006 , -0.0411 , -0.1586 ,  0.0663 ,  1.8739 ,  0.3270 ,
  0.0004 ,  0.0815 , -0.0002 , -0.8978 ,  1.2288 ,  0.0000 ,
 -0.0006 ,  0.0806 , -0.4761 ,  0.6666 ,  1.2266 ,  0.3306 ,
 -0.0808 , -0.0404 , -0.0007 , -3.0374 ,  1.1265 ,  0.6505 ,
  0.0389 , -0.0014 , -0.6342 , -2.3056 ,  1.3045 ,  0.6576 ,
  0.0796 ,  0.0799 , -0.6339 ,  0.6708 ,  1.3517 ,  0.0071 ,
 -0.0003 , -0.0003 , -0.1586 , -1.5449 , -0.0007 ,  1.6278 ,
  0.1202 , -0.0012 , -0.3161 ,  0.0087 ,  0.1873 ,  0.3288 ,
 -0.0006 , -0.0411 , -0.1586 , -0.7085 ,  0.6293 , -0.3234 ,
  0.0809 , -0.0001 ,  0.1594 , -0.0056 ,  1.3711 , -0.0018 ,
  0.0407 ,  0.0813 ,  0.0003 , -1.6730 ,  0.6696 , -0.0000 ,
  0.0003 ,  0.1220 , -0.1589 , -0.1795 ,  1.2203 ,  0.3270 ,
 -0.0003 , -0.0003 , -0.1586 , -3.0947 ,  1.2438 ,  0.3270 ,
  0.0405 ,  0.0406 ,  0.0003 , -0.8367 ,  1.9219 , -0.0000 ,
 -0.0409 ,  0.0808 , -0.4765 , -0.1079 , -0.7031 , -0.9704 ,
 -0.1219 ,  0.0809 , -0.6359 , -2.4270 , -0.8297 ,  0.3324 ,
  0.1612 , -0.0008 ,  0.0016 , -0.0014 ,  0.8740 ,  0.6504 ,
 -0.0015 ,  0.0392 , -0.7933 , -0.8119 ,  0.6107 ,  0.3341 ,
 -0.0397 ,  0.1225 , -0.0006 , -0.1840 ,  1.7804 ,  0.0000 ,
 -0.0008 ,  0.1211 , -0.6348 , -1.7146 ,  2.4627 ,  0.3323 ,
  0.1208 ,  0.0399 , -0.1575 , -0.8325 ,  2.0470 ,  0.0018 ,
 -0.0404 ,  0.1219 , -0.3179 , -1.7241 , -0.0878 ,  0.6541 ,
 -0.0406 ,  0.0811 , -0.3178 , -1.6626 ,  1.1645 ,  0.6541 ,
  0.0402 ,  0.1215 , -0.3171 , -0.9498 ,  1.9048 ,  0.3288 ,
  0.1198 , -0.0015 , -0.4747 , -0.7612 ,  1.4309 ,  0.6558 ,
 -0.0809 ,  0.0813 , -0.3182 , -2.4374 ,  1.7239 ,  0.0036 ,
 -0.1215 ,  0.0812 , -0.4773 , -1.6570 , -0.2066 , -0.3199 ,
  0.1598 , -0.0020 , -0.6329 , -2.3067 ,  1.4932 ,  0.6576 ,
  0.0404 ,  0.0810 , -0.1584 , -1.6682 ,  0.0465 ,  0.6522 ,
 -0.0001 ,  0.0405 , -0.1587 , -0.0566 ,  0.6137 ,  0.6522 ,
 -0.0806 ,  0.0004 , -0.0008 , -0.7742 ,  1.1186 , -0.3252 ,
 -0.0402 ,  0.0814 , -0.1592 , -0.8925 ,  1.7875 ,  0.0018 ,
  0.0400 ,  0.0807 , -0.3170 , -0.8884 ,  0.0458 ,  0.3288 ,
 -0.0804 ,  0.0412 , -0.0009 , -0.0608 ,  1.7331 , -0.3252 ,
  0.0402 ,  0.0403 , -0.1583 , -0.8318 ,  0.6766 ,  0.0018 ,
  0.1207 , -0.0413 ,  0.0013 , -0.7145 ,  0.8189 , -0.0000 ,
 -0.0404 ,  0.0406 , -0.1591 , -2.3810 ,  0.5508 ,  0.3270 ,
  0.0399 ,  0.1212 , -0.4757 ,  1.3796 ,  2.5263 ,  0.6558 ,
  0.0807 ,  0.0808 , -0.1580 , -0.8936 ,  0.7317 ,  0.3270 ,
  0.1597 , -0.0832 , -0.4742 , -0.6387 ,  0.8873 ,  0.0053 ,
  0.0808 ,  0.0404 ,  0.0007 , -2.3868 ,  0.7403 , -0.3253 ,
 -0.0003 ,  0.0809 , -0.3174 , -0.8881 , -0.0171 ,  0.3288 ,
  0.0396 , -0.0008 , -0.3169 , -1.5403 ,  1.9283 ,  0.3288 ,
 -0.0813 , -0.0002 , -0.3181 , -2.3142 ,  1.7395 ,  0.9793 ,
  0.0409 ,  0.1220 ,  0.1573 , -1.7546 ,  0.6552 , -0.6319 ,
  0.1608 ,  0.1206 , -0.4745 , -2.4959 ,  1.4705 ,  0.3306 ,
 -0.0804 ,  0.0412 , -0.0009 , -0.8357 ,  1.1108 ,  0.0000 ,
  0.0790 , -0.0424 , -0.6337 , -0.6946 ,  0.1306 ,  0.3323 ,
  0.0791 ,  0.0388 , -0.7925 , -1.5875 ,  1.3588 ,  0.0089 ,
  0.1212 ,  0.1214 , -0.1577 , -0.9554 ,  0.7868 ,  0.3270 ,
  0.0813 ,  0.0406 ,  0.1580 , -1.6262 ,  1.9777 , -0.6214 ,
 -0.0406 , -0.0001 , -0.1590 ,  0.0052 , -0.0637 , -0.3234 ,
  0.0405 ,  0.0406 ,  0.0003 ,  0.7130 ,  0.6774 , -0.0000 ,
 -0.0406 , -0.0001 , -0.1590 , -0.7697 ,  2.4253 ,  0.3270 ,
 -0.0008 ,  0.0398 , -0.4760 , -0.8217 , -0.0101 , -0.3199 ,
 -0.0408 ,  0.0403 , -0.3178 , -0.8262 ,  0.5500 , -0.3217 ,
 -0.0408 ,  0.0403 , -0.3178 , -1.6010 ,  1.7946 , -0.3217 ,
  0.0406 ,  0.0410 ,  0.1587 , -0.0660 ,  0.6773 ,  0.3202 ,
  0.1213 ,  0.0810 ,  0.0011 , -0.1240 ,  2.0400 , -0.0000 ,
  0.0399 , -0.0005 , -0.1582 , -1.5453 ,  1.3067 , -0.6487 ,
 -0.0807 ,  0.0408 , -0.1595 , -1.6056 , -0.1344 ,  0.3270 ,
  0.1214 ,  0.1622 , -0.1577 , -0.2420 ,  0.7790 ,  0.0018 ,
  0.0004 ,  0.0815 , -0.0002 , -0.1229 ,  0.6066 , -0.3252 ,
  0.0795 , -0.0013 , -0.4751 ,  2.3384 ,  0.7459 , -0.3199 ,
 -0.0406 , -0.0001 , -0.1590 , -0.7697 ,  1.1808 ,  0.0018 ,
 -0.0015 , -0.0825 , -0.4758 , -1.4122 ,  0.0134 ,  0.6558 ,
 -0.0399 ,  0.0817 , -0.0006 , -0.1226 ,  1.1660 ,  0.0000 ,
  0.0403 , -0.0002 ,  0.0004 , -1.5501 ,  0.6852 , -0.0000 ,
  0.1205 , -0.0009 , -0.1574 , -0.7711 ,  0.8103 ,  0.0018 ,
  0.2021 ,  0.1213 ,  0.0018 , -0.9610 ,  0.9135 ,  0.3252 ,
 -0.0013 , -0.1229 , -0.3170 ,  0.1941 ,  2.5110 ,  0.3288 ,
  0.0812 ,  0.1219 ,  0.0006 , -0.1851 ,  1.3469 , -0.0000 ,
  0.0803 ,  0.0805 , -0.3166 , -0.8887 ,  1.9755 ,  0.6540 ,
 -0.0406 , -0.0409 ,  0.1570 , -3.0739 , -0.0551 ,  0.6664 ,
  0.1213 ,  0.0810 ,  0.0011 , -3.2234 ,  0.1731 , -0.0000 ,
  0.0400 ,  0.0807 , -0.3170 , -1.6632 ,  1.2904 ,  0.3288 ,
  0.0408 ,  0.0409 ,  0.1589 , -0.0667 ,  0.0559 , -0.0015 ,
 -0.0001 ,  0.0405 , -0.1587 , -0.0566 ,  1.2359 ,  0.3270 ,
  0.0399 , -0.0005 , -0.1582 , -0.7703 ,  0.0622 ,  0.3270 ,
 -0.0406 ,  0.0811 , -0.3178 , -0.1128 , -0.0800 ,  0.3288 ,
 -0.0416 , -0.0415 , -0.4762 , -0.6984 ,  0.5649 ,  0.6558 ,
  0.1217 ,  0.0403 ,  0.1587 , -2.4122 ,  0.8051 ,  0.3360 ,
  0.0806 , -0.0004 ,  0.0008 , -3.1002 ,  0.7481 ,  0.3252 ,
 -0.1205 ,  0.0821 , -0.0014 , -0.8967 ,  0.4179 ,  0.0000 ,
  0.0397 ,  0.0804 , -0.4757 , -1.6584 ,  0.6673 ,  0.6558 ,
 -0.0001 ,  0.0405 , -0.1587 , -0.0566 ,  0.6137 ,  0.3270 ,
  0.0403 , -0.0002 ,  0.0004 , -0.7752 ,  0.6852 ,  0.9757 ,
  0.0003 ,  0.1220 , -0.1589 , -1.7293 ,  0.5981 ,  0.3270 ,
  0.0800 ,  0.0802 , -0.4752 , -2.4336 ,  1.3525 ,  0.0053 ,
  0.0404 ,  0.0810 , -0.1584 , -2.4431 ,  0.6688 ,  0.9775 ,
 -0.0404 ,  0.1219 , -0.3179 , -0.9491 , -0.7102 ,  0.3288 ,
  0.1601 , -0.0017 , -0.4743 , -0.7616 ,  0.2494 ,  0.9810 ,
 -0.0001 ,  0.0405 , -0.1587 , -0.8315 , -0.6309 ,  0.3270 ,
 -0.0412 , -0.0412 , -0.3176 , -0.7033 ,  0.5656 ,  0.0036 ,
  0.0394 , -0.0416 , -0.3168 , -0.7040 ,  0.6915 ,  0.9793 ,
  0.0002 ,  0.0408 , -0.0001 , -2.3862 ,  0.6144 ,  0.9757 ,
  0.1203 ,  0.0800 , -0.4749 , -1.6590 ,  0.1709 ,  0.3306 ,
  0.0001 ,  0.0812 , -0.1588 , -0.8929 ,  1.2282 , -0.3234 ,
 -0.0008 ,  0.0398 , -0.4760 , -1.5966 , -0.6324 ,  0.0053 ,
 -0.0399 ,  0.0005 ,  0.1582 , -0.7794 ,  0.5601 ,  0.3234 ,
 -0.1622 , -0.0002 , -0.4776 ,  1.5657 ,  0.9906 ,  0.0054 ,
  0.0802 ,  0.1210 , -0.4753 ,  0.6044 ,  0.1002 , -0.3199 ,
  0.0403 , -0.0002 ,  0.0004 , -2.3252 ,  1.3074 ,  0.3252 ,
  0.0003 ,  0.1220 , -0.1589 , -1.7293 ,  1.2203 ,  0.6522 ,
 -0.0003 , -0.0003 , -0.1586 ,  0.0049 ,  0.6215 ,  0.0018 ,
 -0.0408 ,  0.0403 , -0.3178 , -0.0513 ,  0.5500 , -0.3217 ,
  0.0805 ,  0.1213 , -0.3167 ,  0.5995 ,  1.3455 , -0.3217 ,
  0.1203 , -0.0417 , -0.1573 ,  0.0653 ,  2.0625 ,  0.6522 ,
  0.0404 ,  0.1623 , -0.3172 , -3.3359 ,  0.6524 , -0.3217 ,
 -0.0408 ,  0.0403 , -0.3178 , -2.3761 ,  1.1724 ,  0.0036 ,
  0.0802 ,  0.1210 , -0.4753 , -1.7202 ,  2.5891 ,  0.6558 ,
 -0.0412 , -0.0412 , -0.3176 , -1.4782 ,  1.1879 ,  0.6541 ,
  0.0398 ,  0.0400 , -0.3170 , -0.0520 ,  1.2981 ,  0.6540 ,
 -0.0413 , -0.0007 , -0.4763 , -1.5347 ,  1.1793 ,  0.6558 ,
  0.0801 ,  0.0398 , -0.3165 , -0.0524 ,  0.7388 ,  0.3288 ,
  0.0807 ,  0.0808 , -0.1580 , -0.8936 ,  1.9763 ,  0.3270 ,
  0.0807 ,  0.0808 , -0.1580 , -1.6684 ,  1.9763 ,  0.6522 ,
 -0.0006 ,  0.0806 , -0.4761 , -4.7579 ,  3.0932 ,  0.3306 ,
  0.1211 ,  0.0402 ,  0.0011 , -1.6122 ,  1.4255 , -0.3253 ,
  0.0006 ,  0.1223 , -0.0002 , -2.5091 ,  0.5988 ,  0.3252 ,
  0.0812 ,  0.0406 ,  0.1596 , -0.8440 , -0.4947 ,  0.0043 ,
  0.0795 , -0.0825 , -0.3163 , -0.6429 ,  0.7622 ,  0.6540 ,
  0.0800 ,  0.0802 , -0.4752 , -1.6587 ,  1.3525 ,  0.3306 ,
  0.0398 ,  0.0400 , -0.3170 , -2.3768 ,  1.9204 ,  0.3288 ,
 -0.0812 ,  0.0810 , -0.4769 ,  0.6673 ,  1.7231 ,  0.0054 ,
  0.0397 , -0.0413 , -0.1582 , -0.7089 ,  1.3145 ,  0.6522 ,
  0.1208 ,  0.0399 , -0.1575 , -0.8325 ,  0.8025 , -0.6487 ,
 -0.0400 ,  0.1222 , -0.1593 , -1.7289 , -0.0871 ,  0.6522 ,
 -0.0009 , -0.0414 , -0.3172 , -1.4785 ,  0.6286 , -0.3217 ,
  0.0008 ,  0.1631 , -0.0003 , -1.0208 , -0.0312 ,  0.3252 ,
  0.1210 ,  0.0806 , -0.1576 ,  1.4305 ,  1.4169 ,  0.9775 ,
  0.0810 ,  0.0811 ,  0.0007 , -1.6734 ,  0.7325 ,  0.3252 ,
  0.1193 , -0.0426 , -0.6333 , -0.6949 ,  1.4380 , -0.3181 ,
  0.0001 ,  0.1624 , -0.3176 , -1.7859 , -0.0327 ,  0.3288 ,
 -0.0402 ,  0.0816 ,  0.1563 , -2.4760 ,  0.5335 , -0.3126 ,
 -0.0001 ,  0.0405 , -0.1587 ,  0.7182 , -0.6309 ,  1.3027 ,
 -0.0408 ,  0.0403 , -0.3178 , -3.1509 ,  0.5500 ,  0.3288 ,
  0.0006 ,  0.0411 ,  0.1586 , -0.8412 ,  1.2375 , -0.6523 ,
  0.0798 ,  0.0395 , -0.4752 , -0.8224 , -0.5066 ,  0.0053 ,
  0.0397 ,  0.0804 , -0.4757 , -0.8835 ,  1.9119 ,  0.6558 ,
  0.1611 ,  0.1209 , -0.3159 , -0.1760 ,  1.4713 ,  0.3288 ,
 -0.0414 , -0.0820 , -0.3175 , -1.4168 ,  1.1957 , -0.3217 ,
  0.0003 ,  0.1220 , -0.1589 , -0.1795 ,  0.5981 , -0.3234 ,
 -0.0803 ,  0.1224 , -0.1597 , -0.9537 ,  1.7168 ,  0.6523 ,
  0.0397 ,  0.0804 , -0.4757 , -0.8835 ,  1.2895 ,  0.3306 ,
  0.0811 ,  0.0410 ,  0.3159 , -1.6079 ,  1.9908 ,  0.0114 ,
 -0.0809 ,  0.0813 , -0.3182 , -0.1124 , -0.7653 ,  0.0036 ,
  0.0408 ,  0.0409 ,  0.1581 , -0.8414 ,  0.6761 , -0.0023 ,
 -0.0006 ,  0.0806 , -0.4761 , -0.1082 , -0.0179 , -0.3199 ,
 -0.0413 , -0.0007 , -0.4763 , -1.5348 , -0.0652 ,  0.0053 ,
 -0.0013 , -0.0417 , -0.4758 , -2.2487 ,  0.6278 ,  0.0053 ,
  0.0404 ,  0.1623 , -0.3172 , -1.7862 ,  0.6524 ,  0.3288 ,
  0.0391 ,  0.0393 , -0.6342 , -0.0422 ,  0.0521 ,  0.6576 ,
  0.0400 ,  0.0807 , -0.3170 , -0.8884 ,  0.6681 ,  0.0036 ,
 -0.0005 ,  0.0401 , -0.3174 , -0.8265 ,  1.8576 , -0.6469 ,
  0.0798 ,  0.0395 , -0.4752 , -0.0475 ,  1.3603 ,  0.3306 ,
  0.0808 ,  0.0404 ,  0.0007 , -2.3868 , -1.7489 , -0.3253 ,
  0.0799 , -0.0010 , -0.3165 , -0.7658 ,  1.3689 ,  0.6540 ,
 -0.0803 ,  0.1224 , -0.1597 , -0.1788 ,  0.4723 , -0.3234 ,
 -0.0008 ,  0.0398 , -0.4760 , -0.8217 ,  0.6122 ,  0.0053 ,
 -0.1217 ,  0.0404 , -0.4772 , -0.8206 , -0.1988 ,  0.9811 ,
  0.0806 ,  0.2025 , -0.4755 , -1.8430 ,  1.3290 ,  0.6558 ,
  0.0400 ,  0.0807 , -0.3170 , -0.1135 ,  0.0458 ,  0.3288 ,
  0.1607 ,  0.0394 , -0.3157 , -1.6029 ,  1.4869 ,  0.6540 ,
 -0.0010 ,  0.0803 , -0.6347 , -3.2029 ,  0.6036 , -0.3181 ,
  0.0394 , -0.0416 , -0.3168 , -1.4790 , -0.5531 ,  0.6540 ,
  0.0398 ,  0.0400 , -0.3170 , -2.3768 ,  0.0536 ,  0.6540 ,
 -0.0818 ,  0.0399 , -0.6354 , -0.8160 ,  0.4856 ,  0.3324 ,
 -0.0406 , -0.0001 , -0.1590 , -0.7697 , -0.6860 , -0.3234 ,
  0.0404 ,  0.0810 , -0.1584 , -0.8932 ,  1.2910 , -0.3235 ,
  0.1197 ,  0.0390 , -0.6334 , -3.1425 ,  0.8002 ,  0.9828 ,
  0.0811 ,  0.1624 , -0.1581 , -0.2416 ,  0.0939 ,  0.0018 ,
 -0.0001 ,  0.0405 , -0.1587 , -0.0566 ,  0.6137 ,  0.6522 ,
 -0.0002 , -0.0408 ,  0.0001 , -1.4883 ,  0.6301 ,  0.9757 ,
 -0.0813 , -0.0002 , -0.3181 ,  0.0105 , -0.7497 ,  0.0036 ,
 -0.1613 ,  0.1225 , -0.3191 , -0.9481 ,  1.5902 ,  0.3288 ,
 -0.1214 , -0.0405 , -0.1598 ,  0.8421 ,  2.3072 ,  0.0018 ,
  0.0404 ,  0.0810 , -0.1584 , -1.6682 ,  1.2910 ,  0.6522 ,
  0.0407 ,  0.0813 ,  0.0003 ,  0.6516 , -0.5751 ,  0.6504 ,
 -0.0003 ,  0.0809 , -0.3174 , -2.4380 ,  2.4719 ,  0.3288 ,
  0.0400 ,  0.0807 , -0.3170 , -2.4382 ,  1.2904 ,  0.0036 ,
  0.0390 , -0.1231 , -0.3166 , -0.5811 ,  0.0848 , -0.3217 ,
  0.2012 ,  0.0800 , -0.3154 , -2.4397 ,  1.5420 ,  0.3288 ,
  0.1200 ,  0.0393 , -0.4748 , -0.0478 ,  2.0455 , -0.3199 ,
 -0.0409 ,  0.0808 , -0.4765 ,  1.4417 ,  0.5415 ,  0.0053 ,
 -0.0020 , -0.0423 , -0.7931 , -1.4638 , -0.6182 ,  0.3341 ,
  0.0399 ,  0.1212 , -0.4757 , -2.4948 ,  0.6595 ,  0.0053 ,
  0.0001 ,  0.0812 , -0.1588 , -0.8929 ,  1.2282 , -0.3234 ,
  0.0803 ,  0.0805 , -0.3166 , -1.6636 ,  1.3533 , -0.3217 ,
 -0.0001 ,  0.0405 , -0.1587 , -0.0566 ,  3.1028 ,  0.3270 ,
 -0.0008 ,  0.0398 , -0.4760 , -0.0468 ,  1.2344 ,  0.6558 ,
  0.0388 , -0.0826 , -0.4754 , -2.1876 ,  0.0763 ,  0.3306 ,
  0.0394 , -0.0416 , -0.3168 ,  0.8457 ,  1.3138 ,  0.6540 ,
 -0.1221 , -0.0411 , -0.4771 ,  0.8520 ,  1.6836 , -0.3199 ,
  0.0801 ,  0.0398 , -0.3165 , -0.8273 ,  1.3610 ,  0.3288 ,
  0.0392 , -0.0011 , -0.4755 , -3.0854 ,  1.9274 , -0.3199 ,
  0.0396 , -0.0008 , -0.3169 , -1.5404 ,  1.3059 ,  0.0036 ,
  0.0393 ,  0.0801 , -0.6343 , -2.4285 , -0.5780 , -0.3181 ,
 -0.0004 , -0.0815 ,  0.0002 , -0.6520 ,  1.2602 ,  0.9757 ,
 -0.0005 ,  0.0401 , -0.3174 , -1.6014 ,  1.2353 , -0.6469 ,
 -0.0807 ,  0.1221 , -0.3183 , -1.7236 ,  1.7161 ,  0.0036 ,
 -0.0007 , -0.0006 , -0.3173 ,  0.0098 ,  1.8653 ,  0.3288 ,
 -0.0411 ,  0.0400 , -0.4764 , -0.8214 , -0.0730 ,  0.9811 ,
  0.1213 ,  0.0810 ,  0.0011 , -0.8988 ,  0.7954 ,  0.3252 ,
 -0.0414 , -0.0820 , -0.3175 , -1.4168 ,  1.1957 ,  0.0036 ,
 -0.0009 , -0.0414 , -0.3172 , -0.7037 ,  0.6286 ,  0.0036 ,
  0.0800 , -0.0415 , -0.1578 , -1.4841 ,  0.7551 ,  0.3270 ,
 -0.0802 ,  0.0819 , -0.0010 ,  0.6526 ,  0.4808 ,  0.9757 ,
 -0.0001 ,  0.0405 , -0.1587 , -0.8315 , -0.0086 ,  0.0018 ,
 -0.0402 ,  0.0814 , -0.1592 , -0.8925 ,  1.1652 ,  0.3270 ,
  0.0803 ,  0.0805 , -0.3166 , -0.8887 ,  0.7310 , -1.2974 ,
  0.0796 ,  0.0799 , -0.6339 , -1.6538 ,  1.3517 ,  0.6576 ,
  0.2010 ,  0.0392 , -0.3153 , -0.8283 ,  1.5498 ,  0.3288 ,
  0.2014 ,  0.1207 , -0.3155 , -1.7260 ,  0.9119 , -0.3217 ,
  0.1199 ,  0.0797 , -0.6335 , -1.6542 ,  1.4147 ,  0.0071 ,
  0.0805 ,  0.0401 , -0.1579 , -0.8322 ,  0.7395 ,  0.3270 ,
  0.0402 ,  0.0403 , -0.1583 , -0.8318 ,  0.6766 ,  0.3270 ,
 -0.0007 , -0.0006 , -0.3173 , -3.0898 ,  0.6208 ,  0.9793 ,
  0.1202 , -0.0012 , -0.3161 , -1.5411 ,  3.2984 ,  0.0035 ,
  0.0792 , -0.0016 , -0.6337 , -1.5309 ,  1.3673 ,  0.6576 ,
 -0.0008 ,  0.0398 , -0.4760 , -0.0468 ,  0.6122 ,  0.3306 ,
 -0.0409 , -0.0409 , -0.1590 ,  0.0667 ,  2.4331 ,  0.0018 ,
  0.1206 ,  0.0803 , -0.3162 , -0.1142 ,  1.4162 , -0.9722 ,
  0.0405 ,  0.0406 ,  0.0003 , -3.1614 ,  0.6774 ,  0.3252 ,
  0.1200 ,  0.0393 , -0.4748 , -2.3726 ,  0.1787 ,  0.0053 ,
 -0.0006 , -0.0411 , -0.1586 , -0.7085 ,  1.2515 ,  0.9775 ,
  0.0388 ,  0.0390 , -0.7928 , -0.0374 ,  1.2958 ,  0.3341 ,
  0.1208 ,  0.1211 , -0.3163 , -0.9505 ,  0.1638 , -0.6469 ,
 -0.0417 , -0.0010 , -0.6350 ,  0.0199 ,  1.1787 ,  0.0071 ,
  0.1612 , -0.0008 ,  0.0016 , -2.3261 ,  1.4962 ,  0.6504 ,
 -0.0399 ,  0.0817 , -0.0006 , -1.6723 , -0.7009 ,  0.3252 ,
  0.0400 ,  0.0807 , -0.3170 , -2.4382 ,  1.2904 , -0.3217 ,
  0.0003 ,  0.0003 ,  0.1586 , -1.5547 ,  3.1120 , -0.0018 ,
  0.1200 , -0.0420 , -0.3160 ,  0.0702 ,  0.8173 ,  0.3288 ,
  0.0402 ,  0.1215 , -0.3171 , -0.9498 ,  0.6602 ,  0.3288 ,
 -0.0410 , -0.0004 , -0.3177 , -0.7648 , -0.0644 ,  0.0036 ,
 -0.0003 , -0.0003 , -0.1586 , -0.7700 ,  1.8661 ,  0.0018 ,
  0.0393 ,  0.0801 , -0.6343 , -0.1037 ,  1.2888 ,  0.6576 ,
  0.1597 , -0.0832 , -0.4742 ,  0.1362 ,  1.5095 ,  0.0053 ,
 -0.0010 ,  0.0803 , -0.6347 , -1.6531 ,  0.6036 ,  0.0071 ,
 -0.0406 , -0.0001 , -0.1590 , -0.7697 , -0.0637 ,  0.0018 ,
  0.0798 ,  0.0395 , -0.4752 , -1.5973 ,  0.7380 , -0.3199 ,
  0.1606 ,  0.0798 , -0.4745 ,  0.6652 ,  2.1006 ,  0.0053 ,
  0.0001 ,  0.0812 , -0.1588 , -0.8930 ,  1.8504 ,  0.0018 ,
  0.0802 , -0.0007 , -0.1578 , -2.3206 ,  1.3696 ,  0.0018 ,
 -0.0415 ,  0.0397 , -0.6350 , -2.3664 ,  0.5485 ,  0.3324 ,
 -0.0401 ,  0.0410 , -0.0005 , -0.0611 ,  0.5515 ,  0.0000 ,
 -0.0809 ,  0.0813 , -0.3182 , -3.2121 ,  0.4793 ,  0.0036 ,
 -0.0415 ,  0.0397 , -0.6350 , -2.3664 ,  0.5485 , -0.6434 ,
  0.0397 , -0.0413 , -0.1582 , -2.2587 ,  1.9368 ,  0.0018 ,
  0.0013 ,  0.1229 ,  0.3170 , -2.5190 ,  1.8448 ,  0.9722 ,
  0.0399 ,  0.1212 , -0.4757 , -0.9449 ,  0.6595 ,  0.6558 ,
 -0.0009 , -0.0414 , -0.3172 , -0.7037 ,  0.6286 , -0.3217 ,
  0.0398 ,  0.0400 , -0.3170 , -0.0520 ,  1.9204 ,  0.0036 ,
  0.0811 ,  0.1624 , -0.1581 , -0.2416 , -0.5285 ,  0.3270 ,
  0.0800 , -0.0415 , -0.1578 , -0.7092 ,  0.1329 ,  0.6522 ,
  0.0003 ,  0.0003 ,  0.1586 , -3.1046 ,  1.8676 ,  0.6487 ,
  0.0813 ,  0.0406 ,  0.1580 , -3.1879 ,  2.5961 ,  0.0240 ,
  0.0406 ,  0.1218 , -0.1585 , -0.9547 ,  1.2833 , -0.6487 ,
  0.0401 ,  0.1619 , -0.4758 , -1.7813 ,  0.6517 ,  0.9811 ,
  0.0403 , -0.0002 ,  0.0004 , -0.0003 ,  1.3074 , -0.0000 ,
 -0.0013 , -0.0417 , -0.4758 , -1.4737 ,  1.2500 ,  0.6558 ,
 -0.0004 ,  0.1214 , -0.4761 ,  0.6051 ,  1.2188 ,  0.6558 ,
  0.0406 ,  0.1218 , -0.1585 , -0.9547 ,  1.2833 ,  0.0018 ,
  0.0405 ,  0.0406 ,  0.0003 , -1.6116 , -0.5672 , -0.6505 ,
  0.0004 ,  0.0815 , -0.0002 , -3.9973 ,  3.0955 ,  0.6505 ,
  0.1211 ,  0.0402 ,  0.0011 , -2.3873 ,  1.4255 ,  0.3252 ,
  0.0807 ,  0.0808 , -0.1580 , -0.1187 ,  0.1095 ,  0.6522 ,
  0.0402 ,  0.1215 , -0.3171 , -0.9498 , -0.5843 ,  0.0036 ,
 -0.0003 , -0.0003 , -0.1586 ,  3.1042 ,  1.2438 , -0.3234 ,
  0.0796 ,  0.0799 , -0.6339 , -0.1040 ,  0.7295 ,  0.6576 ,
  0.0812 ,  0.1219 ,  0.1578 , -1.7530 ,  0.7196 ,  0.0123 ,
  0.1205 , -0.0009 , -0.1574 , -1.5459 ,  2.0547 ,  0.6522 ,
  0.0398 ,  0.0400 , -0.3170 , -3.1516 ,  0.6759 ,  0.3288 ,
 -0.0809 ,  0.0001 , -0.1594 ,  0.0056 ,  1.1179 , -0.6487 ,
 -0.0003 , -0.0003 , -0.1586 , -0.7700 , -0.6231 ,  0.6522 ,
 -0.0395 ,  0.1633 , -0.0007 , -1.0204 ,  0.5281 , -0.9757 ,
  0.1624 ,  0.1220 ,  0.1596 , -0.9695 ,  0.2343 , -0.6318 ,
  0.1218 ,  0.0404 ,  0.1585 , -1.6266 ,  1.4243 ,  0.0241 ,
  0.0404 ,  0.0810 , -0.1584 , -0.1184 ,  1.9133 ,  0.6522 ,
 -0.0001 ,  0.0405 , -0.1587 ,  0.7182 ,  1.2359 , -0.3234 ,
  0.1206 ,  0.0803 , -0.3162 , -2.4389 ,  2.0384 , -0.6469 ,
  0.0795 , -0.0013 , -0.4751 , -0.7609 ,  1.9904 , -0.3199 ,
 -0.0399 ,  0.0817 , -0.0006 , -0.8975 ,  0.5437 , -0.3252 ,
  0.0790 , -0.0424 , -0.6337 , -0.6946 ,  0.7529 , -0.3181 ,
 -0.1222 ,  0.0806 , -0.7946 , -0.0974 ,  1.6587 ,  0.0089 ,
  0.0404 ,  0.0810 , -0.1584 , -0.8932 ,  0.0465 ,  0.3270 ,
 -0.0820 , -0.0009 , -0.6354 , -2.3044 ,  1.7380 ,  0.3324 ,
  0.1607 ,  0.0394 , -0.3157 , -1.6029 ,  0.8646 ,  0.0035 ,
  0.1205 ,  0.1208 , -0.4749 , -0.1707 ,  1.4075 , -0.9704 ,
  0.0404 ,  0.1623 , -0.3172 , -1.0113 ,  0.0302 ,  0.0036 ,
  0.1198 , -0.0015 , -0.4747 , -2.3111 , -0.4358 ,  0.3306 ,
  0.0805 ,  0.0401 , -0.1579 , -0.8322 ,  0.1173 , -0.3235 ,
  0.0008 ,  0.0818 ,  0.1585 , -0.9027 ,  0.6074 , -0.0018 ,
 -0.0012 ,  0.0395 , -0.6346 , -0.8168 , -0.6331 , -0.9686 ,
 -0.0415 ,  0.0397 , -0.6350 , -0.8165 ,  1.1708 ,  0.9828 ,
  0.1618 ,  0.1215 ,  0.0014 , -0.9607 ,  1.4728 ,  0.3252 ,
 -0.0406 , -0.0001 , -0.1590 ,  0.0052 ,  0.5586 ,  0.3270 ,
 -0.0004 ,  0.1214 , -0.4761 , -0.1697 ,  0.5966 ,  0.3306 ,
  0.0802 , -0.0007 , -0.1578 , -0.7707 ,  0.7474 ,  0.6522 ,
  0.0402 ,  0.0403 , -0.1583 ,  1.4927 ,  0.6766 , -0.3235 ,
 -0.1214 ,  0.0407 , -0.3186 , -1.6004 ,  1.6688 ,  0.6541 ,
  0.0406 ,  0.0001 ,  0.1590 , -1.5550 ,  1.3082 ,  0.3234 ,
  0.0798 ,  0.0395 , -0.4752 ,  0.7273 ,  1.3603 ,  0.3306 ,
 -0.0811 ,  0.0405 , -0.3182 , -0.0510 , -0.1352 ,  0.3288 ,
 -0.0405 ,  0.1623 , -0.4766 ,  0.5440 ,  0.5258 , -0.6451 ,
  0.0405 ,  0.0406 ,  0.0003 , -3.1614 ,  1.9219 , -0.0000 ,
  0.0400 ,  0.0807 , -0.3170 , -1.6632 ,  0.0458 , -0.6469 ,
 -0.0010 , -0.0009 , -0.4759 ,  0.7894 ,  1.2422 , -0.3199 ,
  0.0794 ,  0.0391 , -0.6338 , -0.8175 ,  1.3596 ,  0.0071 ,
 -0.0406 , -0.0001 , -0.1590 ,  0.0052 , -0.6860 , -0.3234 ,
  0.1203 ,  0.0800 , -0.4749 , -0.1093 ,  0.1709 ,  0.3306 ,
 -0.0411 ,  0.0400 , -0.4764 , -1.5962 ,  0.5493 ,  0.3306 ,
 -0.0804 ,  0.0412 , -0.0009 , -0.8357 ,  0.4886 , -0.3252 ,
  0.0801 ,  0.0398 , -0.3165 , -1.6022 ,  1.3610 ,  0.0036 ,
  0.0802 , -0.0007 , -0.1578 ,  0.7790 ,  0.1251 , -0.3235 ,
  0.1200 ,  0.0393 , -0.4748 , -0.0478 ,  0.8010 ,  0.0053 ,
  0.1205 , -0.0009 , -0.1574 ,  0.0039 ,  2.6770 ,  0.3270 ,
 -0.0809 ,  0.0813 , -0.3182 , -1.6622 ,  0.4793 ,  0.3288 ,
  0.0798 ,  0.0395 , -0.4752 , -0.0475 ,  0.7380 ,  0.3306 ,
  0.0810 ,  0.0811 ,  0.0007 ,  0.6512 ,  0.7325 ,  0.3252 ,
 -0.0409 ,  0.0808 , -0.4765 , -0.8828 ,  1.1637 ,  0.3306 ,
  0.1200 ,  0.0393 , -0.4748 , -0.8227 ,  0.8010 ,  0.0053 ,
  0.0004 ,  0.0815 , -0.0002 , -0.1229 ,  0.6066 , -0.3252 ,
  0.0803 ,  0.0805 , -0.3166 , -0.1138 ,  1.3533 ,  0.6540 ,
  0.0402 ,  0.0403 , -0.1583 , -3.1564 ,  3.1656 ,  0.6522 ,
  0.0818 ,  0.1214 ,  0.3157 , -3.3265 ,  0.1113 , -0.3105 ,
 -0.0010 ,  0.0803 , -0.6347 , -0.8782 ,  1.2259 , -0.3181 ,
 -0.0403 ,  0.0414 ,  0.1576 , -0.0637 ,  1.1760 , -0.0004 ,
 -0.0001 ,  0.0405 , -0.1587 ,  0.7182 ,  1.2359 ,  0.6522 ,
 -0.0805 ,  0.0816 , -0.1596 , -2.4421 ,  0.4801 ,  0.0018 ,
 -0.0405 ,  0.1623 , -0.4766 , -1.7806 , -0.7188 , -0.3199 ,
  0.1605 , -0.0014 , -0.3157 , -0.7665 , -0.3721 , -0.3217 ,
 -0.1210 ,  0.0410 , -0.1599 , -1.6053 , -0.1973 ,  0.6523 ,
  0.0402 ,  0.1215 , -0.3171 , -0.9498 ,  1.9048 ,  0.0036 ,
  0.0817 ,  0.0817 ,  0.3167 , -1.6921 ,  0.7306 , -0.0064 ,
 -0.0806 ,  0.0004 , -0.0008 , -0.7742 , -0.7482 ,  0.6505 ,
  0.0408 ,  0.0813 ,  0.1575 , -1.6929 ,  0.6648 ,  0.0107 ,
  0.0808 ,  0.0404 ,  0.0007 , -1.6119 ,  0.1180 , -0.0000 ,
  0.0399 , -0.0005 , -0.1582 , -0.7704 ,  1.3067 , -0.3235 ,
  0.0389 , -0.0014 , -0.6342 , -1.5305 ,  0.0599 ,  0.3323 ,
 -0.0406 ,  0.0811 , -0.3178 , -1.6626 , -0.7024 ,  0.3288 ,
  0.0401 , -0.0410 ,  0.0005 , -1.4887 ,  1.3152 , -0.6505 ,
  0.0405 ,  0.0406 ,  0.0003 ,  0.7130 ,  0.6774 ,  0.6504 ,
  0.0397 , -0.0413 , -0.1582 , -1.4837 ,  1.3145 , -0.6487 ,
 -0.0006 ,  0.0806 , -0.4761 , -0.1082 ,  0.6044 ,  0.9811 ,
 -0.0005 ,  0.0401 , -0.3174 ,  0.7231 ,  1.2353 ,  0.0036 ,
 -0.0816 ,  0.0807 , -0.6355 , -1.6524 ,  0.4778 ,  0.3324 ,
  0.0393 , -0.1228 , -0.1580 , -0.5860 , -1.7814 ,  0.0018 ,
  0.1615 ,  0.1212 , -0.1573 , -0.1809 , -0.3948 ,  0.3270 ,
  0.0402 ,  0.0403 , -0.1583 , -0.8318 ,  2.5433 ,  0.0018 ,
 -0.0005 ,  0.0401 , -0.3174 , -1.6015 ,  0.6129 ,  0.3288 ,
 -0.0010 , -0.0009 , -0.4759 , -1.5351 , -0.0022 ,  0.3306 ,
  0.0406 ,  0.1218 , -0.1585 ,  0.5950 ,  1.9056 ,  0.6522 ,
 -0.0810 , -0.0811 , -0.0007 ,  0.8984 , -0.7326 , -0.3252 ,
 -0.0009 , -0.0414 , -0.3172 , -1.4785 ,  1.2508 ,  0.3288 ,
 -0.0412 , -0.0412 , -0.3176 ,  0.0716 ,  2.4324 ,  0.3288 ,
  0.0802 , -0.0007 , -0.1578 , -0.7707 ,  0.1251 ,  0.6522 ,
  0.0392 , -0.0823 , -0.3167 , -2.1925 ,  1.9439 ,  0.6540 ,
  0.1202 , -0.0012 , -0.3161 ,  0.7836 ,  0.1873 ,  0.0035 ,
  0.0800 ,  0.0802 , -0.4752 , -0.8838 ,  1.9748 ,  0.3306 ,
 -0.0010 , -0.0009 , -0.4759 , -0.7602 ,  1.2422 ,  0.3306 ,
  0.0807 ,  0.0808 , -0.1580 , -0.8936 ,  0.1095 ,  0.3270 ,
 -0.0004 ,  0.1214 , -0.4761 , -0.9446 ,  2.4633 ,  0.3306 ,
  0.0800 ,  0.0802 , -0.4752 , -2.4336 ,  1.3525 , -0.3199 ,
  0.0802 , -0.0007 , -0.1578 ,  0.7790 ,  0.7474 ,  0.0018 ,
  0.0796 ,  0.0799 , -0.6339 , -0.1040 ,  1.9741 , -0.3181 ,
  0.0412 , -0.0809 ,  0.1582 , -1.4426 ,  1.9437 ,  0.9916 ,
  0.0799 , -0.0010 , -0.3165 ,  0.7839 ,  1.9911 , -0.6469 ,
  0.0800 , -0.0415 , -0.1578 , -0.7092 , -0.4894 ,  0.3270 ,
 -0.1999 ,  0.1650 ,  0.3151 ,  0.5215 ,  0.2727 , -0.0010 ,
  0.0004 ,  0.0815 , -0.0002 ,  0.6519 , -0.0156 , -0.3252 ,
 -0.0006 , -0.0411 , -0.1586 ,  0.8411 ,  0.0071 , -0.3234 ,
  0.1617 ,  0.1620 , -0.1573 , -1.7921 ,  2.0864 ,  0.3270 ,
 -0.0818 , -0.0413 , -0.4766 ,  0.0768 ,  0.5020 , -1.2956 ,
 -0.0001 ,  0.0405 , -0.1587 , -3.1562 ,  0.6137 ,  1.6278 ,
 -0.0807 ,  0.1221 , -0.3183 , -0.1739 ,  1.0937 ,  0.6541 ,
  0.0387 , -0.0422 , -0.6341 , -1.4691 ,  1.3122 ,  0.0071 ,
  0.1207 , -0.0413 ,  0.0013 , -2.2644 ,  2.6856 , -0.0000 ,
 -0.2019 , -0.0798 ,  0.1546 , -2.2207 ,  2.1708 ,  1.6368 ,
 -0.0396 ,  0.2037 , -0.1594 , -1.0770 , -0.7251 , -0.6487 ,
  0.2013 ,  0.0395 , -0.1567 , -0.0583 , -0.3163 ,  0.3270 ,
  0.0413 , -0.1215 ,  0.1585 , -1.3818 ,  1.3354 ,  0.9912 ,
 -0.1618 , -0.1215 , -0.0014 , -1.3641 ,  0.3940 ,  0.9757 ,
 -0.1207 ,  0.2443 , -0.4776 , -0.3531 , -0.2379 ,  0.3306 ,
  0.1219 ,  0.2032 ,  0.0008 , -0.3083 ,  2.0165 , -0.0000 ,
  0.1192 , -0.1238 , -0.4745 ,  0.1980 ,  1.4544 ,  0.0053 ,
 -0.2425 ,  0.0005 , -0.3197 , -0.7630 ,  0.8655 ,  0.9793 ,
 -0.0817 , -0.0818 , -0.3179 ,  0.9082 ,  0.5105 ,  0.6541 ,
  0.1619 ,  0.2028 , -0.1574 ,  0.4710 ,  0.2119 , -0.6487 ,
  0.1603 , -0.0422 , -0.3156 , -0.7050 ,  0.8802 ,  0.6540 ,
 -0.1208 , -0.0806 ,  0.1567 , -0.6444 ,  1.7001 ,  0.6534 ,
 -0.0409 , -0.0409 , -0.1590 , -0.7082 ,  0.5664 ,  0.3270 ,
  0.1614 ,  0.2429 , -0.4748 ,  0.4194 ,  0.8248 ,  0.0053 ,
  0.0814 ,  0.1627 ,  0.0005 , -1.0214 ,  0.7169 , -0.0000 ,
 -0.0422 , -0.1638 , -0.4760 , -0.5141 , -0.6563 , -0.3199 ,
 -0.1225 , -0.0414 , -0.6357 , -3.7924 ,  1.0606 ,  0.3324 ,
  0.2009 ,  0.0796 , -0.4740 , -2.4347 ,  0.9190 , -0.6452 ,
  0.0001 ,  0.1624 , -0.3176 , -0.2361 , -0.0327 ,  0.3288 ,
 -0.1629 , -0.1225 , -0.4773 , -1.3494 ,  0.3918 ,  1.3063 ,
  0.0395 , -0.0820 , -0.1581 , -1.4223 ,  0.7000 ,  0.6522 ,
  0.2022 ,  0.2026 , -0.1570 , -2.6289 ,  0.2748 , -0.6487 ,
  0.0811 ,  0.1624 , -0.1581 ,  0.5332 ,  0.7161 ,  0.3270 ,
 -0.0401 , -0.0808 ,  0.1577 , -0.6454 ,  2.4502 , -0.3182 ,
 -0.1209 ,  0.0006 , -0.0012 , -0.7738 ,  0.4335 ,  0.6505 ,
  0.0394 , -0.0416 , -0.3168 , -0.7040 ,  0.6915 ,  0.0036 ,
  0.0402 ,  0.1215 , -0.3171 , -0.9498 ,  0.6602 , -0.6469 ,
 -0.1223 , -0.0007 , -0.6358 , -0.7543 ,  1.0527 ,  0.3324 ,
 -0.0814 ,  0.0402 , -0.4768 , -2.3708 ,  1.1086 ,  0.0054 ,
 -0.0399 ,  0.0005 ,  0.1582 ,  0.7703 ,  0.5601 , -0.0018 ,
  0.0811 ,  0.1624 , -0.1581 , -0.2416 ,  2.5829 ,  0.0018 ,
  0.0807 ,  0.0808 , -0.1580 , -0.1187 ,  0.7317 ,  0.6522 ,
 -0.0411 ,  0.0400 , -0.4764 , -0.0464 ,  3.0383 , -0.6451 ,
 -0.1210 ,  0.0410 , -0.1599 , -0.8304 ,  0.4250 ,  0.3270 ,
  0.0807 ,  0.0808 , -0.1580 , -3.2183 ,  1.9763 , -0.3235 ,
  0.0411 ,  0.0817 ,  0.1589 , -0.1284 ,  0.0493 , -0.0014 ,
  0.0798 ,  0.0395 , -0.4752 , -0.8224 ,  0.7380 ,  0.6558 ,
 -0.0411 ,  0.0400 , -0.4764 , -0.8214 ,  1.1715 ,  0.3306 ,
  0.0403 , -0.0002 ,  0.0004 , -0.0003 ,  1.3074 , -0.0000 ,
 -0.0399 ,  0.0817 , -0.0006 , -0.8975 ,  1.1660 ,  0.9757 ,
 -0.0408 ,  0.0403 , -0.3178 , -1.6010 ,  0.5500 ,  0.0036 ,
  0.1610 ,  0.0397 , -0.1571 , -1.6078 ,  0.2431 ,  0.6522 ,
 -0.0413 , -0.0007 , -0.4763 ,  0.0150 ,  1.1793 ,  0.6558 ,
  0.0390 , -0.0419 , -0.4754 , -0.6991 ,  0.0685 ,  0.6558 ,
  0.0803 ,  0.0805 , -0.3166 , -3.9882 ,  0.7310 , -0.9722 ,
  0.0800 , -0.0415 , -0.1578 ,  0.0657 ,  1.3775 , -0.3235 ,
  0.0399 , -0.0005 , -0.1582 , -2.3202 ,  1.9290 ,  0.3270 ,
  0.0399 ,  0.1212 , -0.4757 , -0.1701 ,  2.5263 ,  0.6558 ,
 -0.0006 , -0.0411 , -0.1586 , -0.7085 ,  0.6293 , -0.3234 ,
  0.0402 ,  0.0403 , -0.1583 , -2.3816 ,  1.2989 ,  0.9775 ,
 -0.0821 , -0.0821 , -0.4766 ,  0.1383 ,  1.1320 , -0.3199 ,
 -0.0816 , -0.0005 , -0.4767 , -2.3094 ,  0.4942 ,  0.0054 ,
  0.0406 ,  0.1218 , -0.1585 , -0.9547 ,  2.5276 ,  0.0018 ,
 -0.0403 ,  0.0002 , -0.0004 , -1.5494 , -0.0629 , -0.6505 ,
 -0.0411 ,  0.0400 , -0.4764 , -1.5962 ,  0.5493 ,  0.0053 ,
  0.0398 ,  0.0400 , -0.3170 , -3.1516 ,  0.6759 ,  0.3288 ,
  0.0797 , -0.0418 , -0.3164 , -0.7043 ,  0.7544 ,  0.3288 ,
  0.0400 ,  0.0807 , -0.3170 , -1.6632 ,  0.0458 , -0.6469 ,
 -0.1214 ,  0.0407 , -0.3186 , -0.0506 ,  0.4242 , -0.3217 ,
 -0.0805 ,  0.1628 , -0.3184 , -1.0103 , -0.7809 ,  0.3288 ,
  0.0807 ,  0.0808 , -0.1580 , -0.1187 ,  1.9763 ,  0.0018 ,
  0.1213 ,  0.0810 ,  0.0011 , -0.1240 ,  0.1731 ,  0.3252 ,
  0.0804 ,  0.1618 , -0.4754 , -0.2319 ,  1.3368 ,  0.0053 ,
  0.1216 ,  0.0000 ,  0.3185 ,  2.3136 ,  2.6793 ,  0.6469 ,
  0.1204 ,  0.0396 , -0.3161 , -2.3774 ,  1.4240 ,  0.0035 ,
  0.0405 ,  0.0406 ,  0.0003 , -0.0618 ,  1.9219 , -0.0000 ,
 -0.0818 , -0.0413 , -0.4766 , -1.4729 ,  1.7465 ,  0.3306 ,
  0.0805 ,  0.0401 , -0.1579 , -0.8322 ,  1.3617 , -1.2992 ,
 -0.0401 ,  0.0410 , -0.0005 , -0.8360 ,  0.5515 , -0.3252 ,
  0.0397 ,  0.0804 , -0.4757 , -1.6584 ,  1.2895 ,  0.3306 ,
 -0.0416 , -0.0415 , -0.4762 , -2.2482 ,  0.5649 ,  0.0053 ,
 -0.0812 , -0.0407 , -0.1594 , -0.7078 ,  0.5035 ,  0.0018 ,
  0.0403 , -0.0002 ,  0.0004 , -0.7752 ,  3.1743 , -0.0000 ,
  0.0006 ,  0.1223 , -0.0002 , -0.9592 ,  0.5988 ,  0.6505 ,
 -0.0397 ,  0.1225 , -0.0006 , -0.1840 , -0.0864 ,  0.0000 ,
  0.0808 ,  0.0404 ,  0.0007 , -1.6119 ,  0.1180 , -0.6505 ,
  0.0803 ,  0.0805 , -0.3166 , -2.4385 ,  1.9755 ,  0.3288 ,
  0.0398 ,  0.0400 , -0.3170 , -0.0520 ,  0.6759 ,  0.0036 ,
 -0.0005 ,  0.0401 , -0.3174 , -2.3765 , -0.6316 ,  0.0036 ,
 -0.0409 ,  0.0808 , -0.4765 , -1.6576 ,  0.5415 ,  0.0053 ,
 -0.0007 , -0.0006 , -0.3173 , -4.6398 ,  1.8653 ,  0.0036 ,
  0.0404 ,  0.1623 , -0.3172 , -1.7862 ,  0.0302 , -0.3217 ,
  0.1601 , -0.0017 , -0.4743 , -1.5366 ,  2.1162 ,  0.0053 ,
  0.0785 , -0.0022 , -0.9510 , -2.2960 ,  1.9881 ,  0.3359 ,
 -0.0406 ,  0.0811 , -0.3178 , -0.1128 ,  1.1645 ,  1.3045 ,
 -0.0809 ,  0.0813 , -0.3182 , -1.6622 ,  1.7239 ,  0.0036 ,
  0.1198 , -0.0015 , -0.4747 ,  0.0136 ,  0.8087 , -0.3199 ,
 -0.0010 ,  0.0803 , -0.6347 , -0.8782 , -0.6410 ,  0.6576 ,
  0.0003 ,  0.0003 ,  0.1586 , -0.0049 ,  2.4898 ,  0.3234 ,
  0.0003 ,  0.1220 , -0.1589 , -0.9544 , -0.6465 , -0.6487 ,
  0.1203 ,  0.1612 , -0.6336 , -0.2273 ,  1.3990 ,  0.6576 ,
  0.0006 ,  0.0411 ,  0.1586 , -2.3914 ,  1.8598 , -0.0018 ,
 -0.0003 , -0.0003 , -0.1586 , -0.7700 ,  1.2438 ,  0.3270 ,
  0.0006 ,  0.0411 ,  0.1586 , -0.8413 ,  1.2375 ,  0.3234 ,
 -0.0005 ,  0.0401 , -0.3174 , -0.8266 ,  1.2353 ,  0.0036 ,
  0.0802 ,  0.1210 , -0.4753 , -0.1704 ,  0.7224 ,  0.6558 ,
 -0.0811 ,  0.0405 , -0.3182 , -0.8259 ,  1.7317 ,  0.0036 ,
  0.1613 ,  0.0805 , -0.1572 , -1.6692 ,  0.8576 ,  0.3270 ,
 -0.0013 ,  0.0800 , -0.7933 , -2.4231 ,  1.8474 ,  0.3341 ,
  0.0006 ,  0.1223 , -0.0002 , -2.5091 ,  1.2210 ,  0.6505 ,
 -0.0814 ,  0.0402 , -0.4768 , -0.0461 , -0.7582 ,  0.9811 ,
 -0.0815 , -0.0410 , -0.3180 , -1.4778 ,  0.5027 , -0.3217 ,
  0.0393 ,  0.0801 , -0.6343 ,  0.6711 , -0.5780 ,  0.3323 ,
  0.0394 , -0.0416 , -0.3168 ,  1.6205 ,  0.0692 ,  0.0036 ,
  0.1205 , -0.0821 ,  0.0014 , -1.4278 ,  1.4490 ,  0.6504 ,
 -0.0003 ,  0.0809 , -0.3174 , -3.2127 ,  1.2274 ,  0.9793 ,
  0.1620 ,  0.1623 ,  0.0013 , -1.7970 ,  2.7095 ,  0.6504 ,
  0.0805 ,  0.0401 , -0.1579 , -3.1567 ,  1.3617 ,  0.3270 ,
  0.0405 ,  0.0406 ,  0.0003 , -1.6116 ,  1.2996 , -0.0000 ,
  0.1605 , -0.0014 , -0.3157 , -1.5414 , -0.3721 ,  0.0035 ,
  0.1211 ,  0.0402 ,  0.0011 , -2.3873 ,  0.8032 , -0.3253 ,
  0.0807 ,  0.0808 , -0.1580 , -2.4434 ,  1.3540 ,  0.6522 ,
  0.0407 ,  0.0813 ,  0.0003 ,  0.6516 , -0.5751 , -0.0000 ,
 -0.0808 , -0.0404 , -0.0007 , -0.7128 ,  0.5042 ,  0.6505 ,
  0.0402 ,  0.1215 , -0.3171 , -2.4997 ,  1.9048 ,  0.6541 ,
  0.1603 , -0.0422 , -0.3156 , -0.7050 ,  0.8802 ,  0.0035 ,
  0.1212 ,  0.0405 ,  0.1587 , -0.8359 ,  1.4276 ,  0.0091 ,
  0.0400 ,  0.0807 , -0.3170 , -0.8884 ,  0.6681 ,  0.3288 ,
  0.0809 ,  0.1216 , -0.1581 , -2.5048 , -0.5207 ,  0.6522 ,
 -0.0002 , -0.0408 ,  0.0001 ,  0.0615 ,  2.4970 , -0.0000 ,
  0.0802 , -0.0007 , -0.1578 ,  0.7790 ,  1.3696 ,  0.3270 ,
  0.0805 ,  0.0401 , -0.1579 , -0.0573 ,  0.1173 , -0.3235 ,
 -0.0809 ,  0.0001 , -0.1594 ,  0.0056 ,  1.1179 ,  0.0018 ,
  0.0006 ,  0.1223 , -0.0002 ,  0.5904 , -0.0234 ,  0.3252 ,
  0.0003 ,  0.1220 , -0.1589 , -0.9544 ,  1.2203 ,  0.0018 ,
  0.0399 , -0.0005 , -0.1582 , -0.7703 ,  2.5511 ,  0.6522 ,
 -0.0009 , -0.0414 , -0.3172 ,  0.8461 ,  1.8732 ,  0.6541 ,
  0.0807 ,  0.0808 , -0.1580 , -0.1187 , -0.5129 ,  0.6522 ,
 -0.0406 ,  0.0811 , -0.3178 ,  0.6620 ,  0.5422 ,  0.3288 ,
 -0.0003 , -0.0003 , -0.1586 , -1.5449 ,  1.8661 ,  0.3270 ,
  0.1205 , -0.0009 , -0.1574 , -0.7711 ,  2.0547 , -0.3235 ,
 -0.0020 , -0.0423 , -0.7931 ,  0.8608 ,  0.6263 ,  0.3341 ,
  0.0807 ,  0.0808 , -0.1580 , -2.4434 ,  0.1095 , -0.3235 ,
  0.0794 ,  0.0391 , -0.6338 , -1.5923 ,  1.3596 ,  0.6576 ,
  0.0402 ,  0.0403 , -0.1583 ,  1.4927 ,  1.9211 ,  0.0018 ,
  0.0807 ,  0.0808 , -0.1580 , -0.8936 ,  1.3540 , -0.3235 ,
  0.0795 , -0.0013 , -0.4751 , -0.7609 ,  0.1236 , -0.3199 ,
 -0.0803 ,  0.1224 , -0.1597 , -0.9537 ,  1.0945 , -0.9739 ,
  0.0002 ,  0.0408 , -0.0001 , -1.6112 ,  0.6144 , -0.3252 ,
  0.0396 , -0.0008 , -0.3169 ,  0.0094 ,  1.3059 , -0.3217 ,
  0.0398 ,  0.0400 , -0.3170 , -0.0520 ,  1.9204 ,  0.6540 ,
 -0.0403 ,  0.0002 , -0.0004 ,  0.0003 ,  0.5593 , -0.6505 ,
 -0.1216 , -0.0000 , -0.3185 ,  0.0108 ,  0.4320 , -0.3217 ,
 -0.0015 , -0.0825 , -0.4758 , -2.1872 ,  0.6356 ,  0.6558 ,
 -0.0001 ,  0.0405 , -0.1587 , -3.9309 ,  1.8582 ,  0.0018 ,
 -0.1212 ,  0.0003 , -0.1599 , -0.7690 ,  1.6773 , -0.3234 ,
  0.0404 ,  0.0810 , -0.1584 , -0.8932 ,  0.6688 ,  0.0018 ,
  0.0404 ,  0.0810 , -0.1584 , -0.1184 ,  2.5355 ,  0.6522 ,
  0.0402 ,  0.1215 , -0.3171 , -1.7247 ,  1.9048 ,  0.0036 ,
  0.1221 ,  0.1214 ,  0.1588 , -1.7567 ,  0.1729 ,  0.0043 ,
 -0.0409 ,  0.0808 , -0.4765 , -0.1079 ,  0.5415 ,  0.0053 ,
 -0.0412 , -0.0412 , -0.3176 , -1.4782 , -0.6789 ,  0.6541 ,
 -0.0013 , -0.0417 , -0.4758 , -0.6988 , -0.6168 ,  0.0053 ,
 -0.0413 ,  0.0805 , -0.6351 , -1.6528 ,  1.1629 ,  0.9828 ,
  0.1197 ,  0.0390 , -0.6334 , -3.1425 ,  1.4225 ,  0.3323 ,
 -0.0816 , -0.0005 , -0.4767 ,  0.0154 , -0.1281 ,  0.0054 ,
 -0.0814 ,  0.1214 , -0.6356 , -2.4887 , -0.1523 ,  0.0071 ,
  0.0808 ,  0.0404 ,  0.0007 ,  0.7127 ,  0.1180 ,  0.3252 ,
  0.0390 ,  0.0798 , -0.7930 , -0.0988 ,  1.2881 , -0.3163 ,
 -0.1207 ,  0.0413 , -0.0013 , -1.6102 ,  1.6701 ,  0.0000 ,
  0.0800 ,  0.0802 , -0.4752 , -0.8838 ,  1.9748 , -0.9704 ,
  0.0001 ,  0.0812 , -0.1588 , -0.1180 ,  1.8504 ,  0.6522 ,
  0.0007 ,  0.0006 ,  0.3173 , -0.0098 ,  1.8682 ,  0.6469 ,
 -0.0407 ,  0.1216 , -0.4765 , -0.1694 ,  1.7782 , -0.6451 ,
 -0.1212 ,  0.0815 , -0.3186 , -1.6619 ,  1.0387 ,  0.0036 ,
 -0.0001 ,  0.1217 , -0.3175 ,  0.6002 ,  0.5973 , -0.6469 ,
  0.0389 , -0.0014 , -0.6342 , -4.6304 ,  1.9267 , -0.3181 ,
  0.0399 ,  0.1212 , -0.4757 , -0.1701 ,  0.0372 , -0.3199 ,
  0.1612 , -0.0008 ,  0.0016 , -0.0014 , -0.9930 , -0.3253 ,
 -0.0003 ,  0.0809 , -0.3174 ,  0.6617 ,  1.2274 , -0.3217 ,
  0.0402 ,  0.1215 , -0.3171 , -1.7247 ,  0.6602 , -0.3217 ,
 -0.0806 ,  0.0004 , -0.0008 , -0.7742 ,  0.4964 , -0.3252 ,
 -0.0813 , -0.0002 , -0.3181 ,  0.0105 ,  0.4950 ,  0.9793 ,
  0.0801 ,  0.0398 , -0.3165 , -0.0524 , -1.7505 ,  0.9793 ,
 -0.0020 , -0.0423 , -0.7931 , -2.2388 , -0.6182 ,  0.3341 ,
  0.0801 ,  0.0398 , -0.3165 , -0.8273 ,  0.7388 ,  0.3288 ,
  0.0396 , -0.0008 , -0.3169 ,  0.7843 ,  0.6837 ,  0.0036 ,
  0.0392 , -0.0011 , -0.4755 , -0.7605 ,  3.7943 ,  0.3306 ,
 -0.0013 ,  0.0800 , -0.7933 , -2.4231 ,  0.6029 , -0.3163 ,
  0.0006 ,  0.0411 ,  0.1586 , -0.0664 ,  1.2375 ,  0.9739 ,
 -0.0001 ,  0.0405 , -0.1587 , -1.6064 ,  0.6137 ,  0.3270 ,
  0.0003 ,  0.1220 , -0.1589 , -0.9544 ,  1.2203 ,  0.0018 ,
 -0.0811 ,  0.0405 , -0.3182 , -1.6008 ,  1.1094 ,  0.6541 ,
 -0.0001 ,  0.0405 , -0.1587 , -0.8315 ,  2.4805 ,  0.6522 ,
  0.0390 , -0.0419 , -0.4754 , -0.6991 ,  0.6907 ,  0.9811 ,
 -0.0003 ,  0.0809 , -0.3174 , -2.4380 ,  1.2274 ,  0.3288 ,
  0.0391 ,  0.0393 , -0.6342 , -1.5921 ,  1.2966 ,  0.9828 ,
 -0.0400 ,  0.1222 , -0.1593 , -1.7289 ,  1.7796 ,  0.0018 ,
  0.0797 , -0.0418 , -0.3164 , -0.7043 ,  0.7544 ,  0.9793 ,
 -0.0004 ,  0.1214 , -0.4761 , -0.1697 ,  1.2188 ,  1.3063 ,
 -0.0413 , -0.0007 , -0.4763 , -2.3097 ,  1.8016 ,  0.3306 ,
 -0.0400 ,  0.1222 , -0.1593 , -1.7289 ,  1.1574 ,  0.0018 ,
 -0.0807 ,  0.0408 , -0.1595 ,  0.7189 ,  1.1101 ,  0.0018 ,
  0.0793 ,  0.0796 , -0.7925 , -3.9738 ,  1.9732 ,  0.3341 ,
 -0.0399 ,  0.0817 , -0.0006 , -0.8975 ,  1.1660 , -0.9757 ,
  0.0396 , -0.0008 , -0.3169 , -1.5404 ,  1.9283 , -0.3217 ,
  0.1206 ,  0.0803 , -0.3162 , -2.4389 ,  0.1716 , -0.3217 ,
 -0.0399 ,  0.0817 , -0.0006 , -0.8975 ,  1.7882 , -0.3252 ,
 -0.0003 , -0.0003 , -0.1586 , -3.8696 ,  1.2438 ,  0.0018 ,
 -0.0415 ,  0.0397 , -0.6350 , -0.8165 ,  0.5485 , -0.3181 ,
 -0.0816 , -0.0005 , -0.4767 , -2.3094 ,  1.1164 ,  0.3306 ,
  0.0402 ,  0.0403 , -0.1583 , -0.8318 ,  0.6766 ,  0.0018 ,
 -0.0003 , -0.1220 ,  0.1589 ,  0.1795 ,  1.2687 , -0.0018 ,
 -0.0402 ,  0.0816 ,  0.1563 , -1.6927 ,  0.5335 ,  0.6488 ,
 -0.0809 ,  0.0001 , -0.1594 , -0.7694 ,  0.4957 ,  0.0018 ,
  0.0396 , -0.0008 , -0.3169 , -0.7655 ,  0.0614 ,  0.0036 ,
 -0.0008 ,  0.0398 , -0.4760 , -0.8217 ,  0.6122 ,  0.0053 ,
  0.0401 ,  0.1619 , -0.4758 ,  0.5433 ,  1.8962 , -0.3199 ,
 -0.0003 ,  0.0809 , -0.3174 , -1.6630 ,  0.6051 ,  0.9793 ,
 -0.0003 , -0.0003 , -0.1586 , -2.3199 ,  1.2438 ,  0.0018 ,
  0.0807 ,  0.0808 , -0.1580 , -1.6684 ,  1.9763 ,  0.0018 ,
  0.0404 ,  0.1623 , -0.3172 , -1.0113 ,  1.8969 ,  0.6541 ,
  0.0795 , -0.0013 , -0.4751 ,  0.0140 ,  1.3680 ,  0.0053 ,
 -0.0807 ,  0.1221 , -0.3183 , -3.2735 ,  0.4715 ,  0.9793 ,
 -0.0411 ,  0.0400 , -0.4764 , -1.5962 ,  1.1715 , -0.6451 ,
 -0.0007 , -0.0006 , -0.3173 , -1.5400 ,  1.8653 ,  0.6541 ,
  0.0808 ,  0.0404 ,  0.0007 , -0.8370 ,  0.1180 , -0.3253 ,
 -0.0406 ,  0.0811 , -0.3178 , -0.8877 ,  1.1645 ,  0.0036 ,
 -0.0817 , -0.0818 , -0.3179 , -1.4164 , -0.1117 ,  0.0036 ,
  0.0790 , -0.0424 , -0.6337 , -0.6946 ,  0.1306 ,  0.6576 ,
 -0.0400 ,  0.0409 ,  0.1577 , -0.8469 , -0.0693 ,  0.0014 ,
  0.0003 ,  0.1220 , -0.1589 , -0.9544 ,  1.2203 ,  0.6522 ,
 -0.0806 ,  0.0004 , -0.0008 ,  0.0007 ,  1.1186 ,  0.0000 ,
  0.1610 , -0.0415 ,  0.0017 , -0.7148 ,  0.2595 ,  0.3252 ,
 -0.1214 ,  0.0407 , -0.3186 , -1.6004 ,  0.4242 ,  0.0036 ,
 -0.0010 , -0.0009 , -0.4759 , -2.3102 ,  0.6200 ,  0.6558 ,
  0.0807 ,  0.0808 , -0.1580 , -2.4434 ,  1.3540 ,  0.6522 ,
  0.0394 ,  0.1613 , -0.7931 , -1.7715 ,  0.0279 ,  0.6594 ,
  0.1208 ,  0.1211 , -0.3163 , -0.1756 ,  0.7861 ,  0.6540 ,
  0.0812 ,  0.1219 ,  0.0006 , -0.1851 ,  0.7247 , -0.6505 ,
 -0.0010 , -0.0009 , -0.4759 , -0.7602 , -0.0022 ,  0.0053 ,
  0.0394 , -0.0416 , -0.3168 , -1.4790 , -0.5531 , -0.3217 ,
 -0.1219 ,  0.0809 , -0.6359 , -0.8772 , -0.8297 ,  0.3324 ,
  0.0805 ,  0.1213 , -0.3167 , -1.7250 ,  0.7232 , -0.6469 ,
  0.1202 , -0.0012 , -0.3161 , -3.0909 , -0.4351 ,  0.0035 ,
  0.0402 ,  0.0403 , -0.1583 , -0.8318 ,  0.6766 , -0.3235 ,
 -0.0001 ,  0.0405 , -0.1587 , -0.8315 ,  1.2359 ,  0.6522 ,
  0.1208 ,  0.0399 , -0.1575 , -0.8325 ,  0.1802 , -0.3235 ,
  0.0400 ,  0.0807 , -0.3170 , -1.6632 ,  1.2904 ,  0.0036 ,
 -0.0008 ,  0.0398 , -0.4760 , -1.5966 ,  0.6122 ,  0.6558 ,
 -0.0003 , -0.0003 , -0.1586 , -0.7700 , -0.6231 , -0.3234 ,
 -0.0006 ,  0.0806 , -0.4761 , -1.6580 ,  1.2266 ,  0.3306 ,
  0.0803 ,  0.0805 , -0.3166 , -2.4385 ,  1.9755 ,  0.0036 ,
  0.1600 ,  0.0388 , -0.6330 , -0.8182 ,  0.8631 ,  0.3323 ,
  0.0793 ,  0.0796 , -0.7925 , -0.0992 ,  1.3510 ,  0.0089 ,
  0.0395 ,  0.0396 , -0.4756 , -1.5969 ,  1.9197 ,  0.3306 ,
 -0.0404 ,  0.0408 ,  0.1567 , -0.8347 ,  1.7934 ,  0.0090 ,
  0.0001 ,  0.1624 , -0.3176 , -1.0110 ,  0.5895 ,  0.3288 ,
  0.0806 , -0.0004 ,  0.0008 , -0.0007 , -0.4965 , -0.0000 ,
  0.0804 ,  0.1618 , -0.4754 , -1.0068 , -0.5300 ,  0.0053 ,
 -0.0006 , -0.0411 , -0.1586 , -3.0331 ,  1.8739 ,  0.0018 ,
 -0.0812 ,  0.0810 , -0.4769 , -1.6574 , -0.1437 ,  0.6558 ,
  0.0398 ,  0.0400 , -0.3170 , -0.8269 , -1.1910 , -0.6469 ,
  0.0402 ,  0.0403 , -0.1583 , -1.6066 ,  0.6766 ,  0.3270 ,
  0.0801 ,  0.0398 , -0.3165 , -0.8273 ,  1.9834 ,  0.0036 ,
 -0.0806 ,  0.0004 , -0.0008 , -1.5490 ,  0.4964 , -0.9757 ,
  0.0395 ,  0.0396 , -0.4756 , -2.3719 ,  3.1641 ,  0.9811 ,
  0.0402 ,  0.0403 , -0.1583 , -0.8318 ,  1.9211 , -0.6487 ,
  0.0788 , -0.0019 , -0.7924 ,  0.0238 ,  1.9888 , -0.3163 ,
 -0.0407 ,  0.1216 , -0.4765 , -0.9442 , -0.0886 ,  0.3306 ,
  0.0794 ,  0.0391 , -0.6338 , -0.0426 ,  0.7373 ,  0.3323 ,
  0.0802 , -0.0007 , -0.1578 , -0.7707 ,  2.6139 ,  0.3270 ,
 -0.0003 , -0.0003 , -0.1586 , -1.5449 , -0.0007 ,  0.0018 ,
 -0.0006 , -0.0411 , -0.1586 , -1.4835 ,  0.0071 ,  0.0018 ,
  0.0797 , -0.0418 , -0.3164 , -0.7043 ,  0.7544 , -0.3217 ,
  0.0807 ,  0.0808 , -0.1580 ,  1.4309 ,  1.9763 ,  0.0018 ,
 -0.0002 , -0.0408 ,  0.0001 , -0.7134 ,  1.8746 , -0.3253 ,
 -0.0002 , -0.0408 ,  0.0001 , -0.7134 , -1.2368 ,  0.3252 ,
  0.1195 , -0.0018 , -0.6333 , -1.5312 ,  0.1857 ,  0.0071 ,
  0.1618 ,  0.1215 ,  0.0014 , -2.5105 ,  1.4728 ,  0.9757 ,
 -0.1215 ,  0.0812 , -0.4773 ,  0.6676 ,  1.6601 ,  0.6558 ,
  0.0399 , -0.0005 , -0.1582 , -0.7704 ,  2.5511 ,  0.0018 ,
  0.0001 ,  0.0812 , -0.1588 , -1.6679 ,  0.6059 ,  0.0018 ,
  0.0407 ,  0.0406 ,  0.1576 , -1.6312 ,  0.6743 ,  0.0107 ,
  0.0001 ,  0.0812 , -0.1588 , -2.4429 ,  2.4725 ,  0.0018 ,
  0.0407 ,  0.0813 ,  0.0003 , -2.4481 ,  1.2918 , -0.3253 ,
  0.0809 ,  0.1216 , -0.1581 , -1.7299 ,  0.7239 , -0.3235 ,
  0.0797 , -0.0418 , -0.3164 , -0.7043 ,  0.1321 ,  0.3288 ,
  0.0807 ,  0.1621 , -0.3168 , -1.7865 ,  2.5821 ,  0.3288 ,
  0.0407 ,  0.0813 ,  0.0003 , -0.8982 ,  1.9141 , -1.3010 ,
  0.0394 , -0.0416 , -0.3168 ,  0.0709 ,  0.6915 ,  0.0036 ,
 -0.0012 ,  0.0395 , -0.6346 , -1.5917 , -0.0108 , -0.6434 ,
  0.0404 ,  0.0813 ,  0.1574 , -0.8978 ,  1.9102 ,  0.6573 ,
  0.0405 ,  0.0406 ,  0.0003 , -1.6116 ,  0.6774 , -0.3253 ,
  0.0395 ,  0.0396 , -0.4756 , -0.8220 , -0.5695 ,  0.0053 ,
  0.1606 ,  0.0798 , -0.4745 ,  1.4400 ,  2.1006 , -0.3199 ,
  0.0800 ,  0.0802 , -0.4752 , -0.1089 ,  0.1080 ,  0.6558 ,
 -0.0403 ,  0.0002 , -0.0004 , -1.5494 ,  2.4261 ,  0.3252 ,
  0.1218 ,  0.2031 ,  0.1580 , -1.8761 ,  0.7652 , -0.6294 ,
  0.1211 ,  0.0402 ,  0.0011 ,  0.7123 ,  0.1809 , -0.6505 ,
 -0.0818 , -0.0413 , -0.4766 ,  0.8516 , -0.1203 ,  0.0054 ,
  0.1202 , -0.0012 , -0.3161 , -2.3160 ,  1.4318 ,  0.3288 ,
 -0.0010 ,  0.0803 , -0.6347 , -0.1034 , -0.6410 ,  0.6576 ,
  0.0806 , -0.0004 ,  0.0008 , -0.0007 ,  1.3704 ,  0.6504 ,
  0.0392 , -0.0011 , -0.4755 , -0.7605 ,  0.6829 ,  1.3063 ,
 -0.0005 ,  0.0401 , -0.3174 , -0.8266 ,  1.2353 ,  0.3288 ,
  0.1208 ,  0.1211 , -0.3163 , -0.9505 ,  0.7861 , -0.3217 ,
  0.0390 , -0.0419 , -0.4754 , -1.4740 ,  0.0685 ,  0.3306 ,
 -0.2013 ,  0.0417 , -0.0021 , -0.8347 , -0.9447 ,  0.0000 ,
  0.1208 ,  0.0399 , -0.1575 , -0.8325 ,  2.0470 ,  0.3270 ,
  0.0813 , -0.0407 ,  0.3161 , -2.2956 ,  1.3752 ,  0.3231 ,
  0.1198 , -0.0015 , -0.4747 ,  0.0136 ,  2.0532 ,  0.3306 ,
 -0.0816 ,  0.0807 , -0.6355 , -0.8775 , -0.1445 ,  0.0071 ,
  0.0004 ,  0.0815 , -0.0002 , -2.4475 , -0.6380 , -0.3252 ,
 -0.0003 , -0.0003 , -0.1586 , -1.5449 ,  1.8661 , -0.3234 ,
  0.1606 ,  0.0798 , -0.4745 , -2.4343 ,  2.1006 ,  0.6558 ,
  0.0397 ,  0.0804 , -0.4757 , -0.1086 ,  1.2895 ,  0.6558 ,
  0.0800 ,  0.1614 , -0.6340 , -1.7767 ,  0.7139 ,  0.0071 ,
  0.1603 ,  0.0391 , -0.4744 , -0.8230 ,  1.4860 ,  0.0053 ,
 -0.0017 , -0.0015 , -0.7932 ,  1.5741 ,  1.8631 ,  0.6594 ,
  0.0798 ,  0.0395 , -0.4752 , -1.5973 , -0.5066 ,  0.0053 ,
 -0.0416 ,  0.0802 , -0.7938 , -0.8730 ,  0.5400 , -0.3163 ,
  0.1203 ,  0.0800 , -0.4749 , -0.1093 ,  0.7932 ,  0.6558 ,
 -0.0418 ,  0.0394 , -0.7937 , -0.8116 ,  1.7923 ,  0.0089 ,
  0.1192 , -0.1238 , -0.4745 ,  0.1980 ,  0.8322 ,  0.0053 ,
 -0.0814 ,  0.0402 , -0.4768 , -0.0461 ,  1.1086 ,  0.0054 ,
  0.0390 , -0.0419 , -0.4754 ,  0.0758 ,  1.3130 , -0.9704 ,
 -0.0813 , -0.0002 , -0.3181 , -0.7644 ,  1.7395 ,  0.3288 ,
  0.0809 ,  0.1216 , -0.1581 , -1.7299 ,  0.1017 ,  0.0018 ,
 -0.0411 ,  0.0400 , -0.4764 , -0.8214 ,  0.5493 ,  0.0053 ,
 -0.0403 ,  0.0002 , -0.0004 , -1.5494 ,  1.1816 ,  0.3252 ,
 -0.0802 ,  0.0819 , -0.0010 , -0.8971 ,  0.4808 ,  0.6505 ,
  0.2010 ,  0.0392 , -0.3153 ,  1.4962 ,  0.3053 , -0.6469 ,
  0.1217 ,  0.0810 ,  0.1583 , -1.6878 ,  2.6509 ,  0.6693 ,
  0.0797 , -0.0418 , -0.3164 , -1.4792 ,  1.3767 ,  0.0036 ,
  0.0403 , -0.0002 ,  0.0004 , -0.7752 ,  0.6852 , -0.6505 ,
 -0.0005 ,  0.0401 , -0.3174 ,  0.7231 , -0.6316 , -0.3217 ,
 -0.0404 ,  0.1219 , -0.3179 , -2.4990 , -0.7102 ,  0.3288 ,
  0.0399 ,  0.1212 , -0.4757 ,  0.6048 ,  1.9040 ,  0.3306 ,
 -0.0014 , -0.0012 , -0.6346 , -2.3052 , -0.6253 ,  0.0071 ,
  0.0397 , -0.0413 , -0.1582 ,  0.8408 ,  1.9368 ,  0.0018 ,
 -0.0404 ,  0.0406 , -0.1591 , -0.0562 ,  1.7953 ,  0.3270 ,
  0.0397 , -0.0413 , -0.1582 , -0.7089 ,  1.9368 , -0.6487 ,
  0.1602 , -0.1234 , -0.1568 , -0.5870 ,  0.2743 ,  0.3270 ,
  0.0403 , -0.0002 ,  0.0004 , -0.7752 , -0.5594 , -0.0000 ,
  0.0805 ,  0.0401 , -0.1579 , -2.3818 ,  1.3617 , -0.3235 ,
  0.0812 ,  0.1219 ,  0.0006 , -1.7349 ,  0.7247 , -0.0000 ,
  0.0003 ,  0.0003 ,  0.1586 , -0.7798 ,  0.0007 , -0.0018 ,
  0.0792 , -0.0016 , -0.6337 , -0.7560 ,  0.7451 ,  1.3080 ,
  0.0398 ,  0.0400 , -0.3170 ,  1.4976 ,  0.6759 ,  0.0036 ,
  0.0402 ,  0.0816 ,  0.1586 ,  0.6420 ,  1.2841 , -0.0065 ,
  0.0802 , -0.0007 , -0.1578 , -1.5456 ,  0.7474 ,  0.0018 ,
  0.0798 ,  0.1207 , -0.6340 , -1.7152 ,  1.3439 ,  0.0071 ,
  0.0806 , -0.0004 ,  0.0008 ,  0.7741 ,  1.3704 ,  0.9757 ,
 -0.0802 ,  0.0819 , -0.0010 , -2.4470 ,  0.4808 ,  0.3253 ,
 -0.0407 ,  0.1216 , -0.4765 , -0.1694 , -0.0886 ,  0.0053 ,
  0.1205 ,  0.1208 , -0.4749 , -2.4955 ,  1.4075 ,  0.6558 ,
 -0.0400 ,  0.1222 , -0.1593 , -0.1791 ,  0.5352 , -0.3234 ,
  0.0388 , -0.0826 , -0.4754 , -3.7373 ,  1.3207 ,  0.0053 ,
  0.0801 ,  0.0398 , -0.3165 , -0.0524 ,  0.7388 ,  0.3288 ,
 -0.0008 ,  0.0398 , -0.4760 , -1.5966 ,  1.8568 ,  0.3306 ,
 -0.0005 ,  0.0401 , -0.3174 , -0.8266 ,  0.6129 ,  0.0036 ,
  0.0386 , -0.0017 , -0.7928 , -1.5257 ,  1.3037 ,  1.3098 ,
  0.2016 ,  0.0803 , -0.1568 ,  0.6551 ,  0.9205 ,  0.0018 ,
  0.0802 , -0.0007 , -0.1578 ,  0.0042 ,  1.9919 ,  0.0018 ,
  0.1210 ,  0.0806 , -0.1576 , -2.4438 ,  0.7946 ,  0.0018 ,
 -0.0410 , -0.0004 , -0.3177 ,  0.0101 ,  1.1801 ,  0.3288 ,
 -0.0406 ,  0.0811 , -0.3178 , -0.8877 ,  0.5422 , -0.3217 ,
  0.0396 , -0.0008 , -0.3169 , -0.7655 ,  1.3059 , -0.3217 ,
  0.0812 ,  0.0811 ,  0.1580 , -1.6915 ,  0.7296 ,  0.3338 ,
 -0.0013 , -0.0417 , -0.4758 , -1.4737 ,  0.0056 ,  0.3306 ,
 -0.0806 ,  0.0004 , -0.0008 , -0.7742 ,  1.1186 ,  0.0000 ,
  0.0800 ,  0.0802 , -0.4752 , -0.8838 ,  0.1080 ,  0.3306 ,
  0.1203 ,  0.0800 , -0.4749 , -0.1093 ,  0.1709 , -0.3199 ,
 -0.0005 ,  0.0401 , -0.3174 , -2.3765 ,  1.2353 ,  0.3288 ,
  0.0807 ,  0.0808 , -0.1580 , -2.4434 ,  0.1095 , -0.3235 ,
 -0.0813 , -0.0002 , -0.3181 , -2.3142 ,  0.4950 ,  0.6541 ,
  0.0390 , -0.0419 , -0.4754 ,  1.6254 ,  0.0685 ,  0.0053 ,
  0.0397 ,  0.0804 , -0.4757 , -0.8835 ,  1.9119 ,  0.9811 ,
  0.0793 ,  0.0796 , -0.7925 , -3.1988 ,  0.1065 , -0.3163 ,
  0.0398 ,  0.0400 , -0.3170 , -0.0520 ,  1.2981 , -0.3217 ,
  0.0397 , -0.0413 , -0.1582 , -0.7089 ,  2.5588 ,  0.0018 ,
  0.0398 ,  0.0400 , -0.3170 , -2.3768 ,  0.6759 ,  0.3288 ,
 -0.0807 ,  0.0413 ,  0.1556 , -2.4055 ,  1.7178 ,  0.3463 ,
  0.0006 ,  0.0411 ,  0.1586 , -0.8413 ,  0.6152 ,  0.3234 ,
 -0.2018 ,  0.0007 , -0.1607 , -3.0931 ,  1.5515 ,  0.0018 ,
  0.0804 , -0.0412 ,  0.0009 , -0.7141 ,  0.1336 , -0.6505 ,
  0.0402 ,  0.1215 , -0.3171 , -1.7247 ,  1.2825 , -0.3217 ,
  0.0811 ,  0.1624 , -0.1581 , -0.2416 ,  0.7161 ,  0.3270 ,
  0.0398 ,  0.0400 , -0.3170 , -0.0520 ,  2.5426 ,  0.0036 ,
 -0.0006 ,  0.1618 , -0.6349 , -0.2263 ,  1.2103 ,  0.6576 ,
 -0.0408 ,  0.0403 , -0.3178 , -2.3761 , -0.0722 ,  0.3288 ,
  0.0811 ,  0.1624 , -0.1581 , -1.0165 ,  1.3383 ,  0.3270 ,
  0.0819 ,  0.0817 ,  0.1599 , -0.1306 , -1.1332 , -0.0068 ,
 -0.0006 ,  0.0806 , -0.4761 , -2.4331 ,  1.2266 ,  0.6558 ,
 -0.0408 ,  0.0403 , -0.3178 , -0.8262 , -0.0722 ,  0.6541 ,
  0.0807 ,  0.0808 , -0.1580 , -3.2183 ,  2.5985 ,  0.3270 ,
  0.0009 ,  0.0414 ,  0.3172 , -0.8461 ,  0.6160 , -0.3288 ,
 -0.0399 ,  0.0817 , -0.0006 , -0.1226 ,  1.7882 , -0.6505 ,
  0.0409 ,  0.1221 ,  0.0002 , -0.1847 ,  0.6618 , -0.3253 ,
  0.0405 ,  0.0406 ,  0.0003 , -0.0618 ,  2.5441 ,  0.9757 ,
  0.1198 , -0.0015 , -0.4747 , -0.7613 ,  1.4309 ,  0.0053 ,
 -0.0806 ,  0.0004 , -0.0008 ,  1.5503 ,  0.4964 ,  0.6505 ,
 -0.0404 ,  0.1219 , -0.3179 , -1.7241 ,  1.7790 ,  0.3288 ,
  0.0795 ,  0.1204 , -0.7926 , -2.4854 ,  0.7209 ,  0.3341 ,
 -0.0003 , -0.0003 , -0.1586 , -1.5449 , -0.6231 , -0.3234 ,
 -0.0017 ,  0.0797 , -0.9520 , -0.0936 ,  0.6021 ,  0.3359 ,
 -0.0818 ,  0.0399 , -0.6354 , -0.8160 ,  0.4856 ,  0.0071 ,
  0.1188 , -0.0024 , -0.9506 ,  0.0283 ,  0.8065 , -0.6398 ,
 -0.0402 ,  0.0814 , -0.1592 , -0.8925 ,  1.1652 ,  0.0018 ,
  0.0410 ,  0.0004 ,  0.3177 , -0.7851 ,  0.0644 , -0.0036 ,
  0.0803 ,  0.0805 , -0.3166 , -0.8887 ,  0.1087 ,  0.0036 ,
  0.0401 , -0.0410 ,  0.0005 ,  0.8359 ,  1.9376 , -0.6505 ,
  0.1608 , -0.0011 , -0.1570 , -0.7714 ,  1.4955 ,  0.0018 ,
  0.1209 , -0.0006 ,  0.0012 , -0.0010 ,  0.8110 , -0.6505 ,
  0.0004 ,  0.0815 , -0.0002 , -0.8978 , -0.0156 ,  0.0000 ,
 -0.0006 , -0.0411 , -0.1586 , -0.7085 ,  0.6293 ,  0.6522 ,
 -0.0006 , -0.0411 , -0.1586 , -1.4835 ,  1.2515 ,  0.3270 ,
  0.1203 ,  0.0800 , -0.4749 , -0.8841 ,  0.1709 ,  0.3306 ,
 -0.0001 ,  0.1217 , -0.3175 , -1.7244 , -0.0249 ,  0.6541 ,
 -0.0007 , -0.0006 , -0.3173 , -0.7651 ,  0.6208 , -0.3217 ,
  0.0800 , -0.0415 , -0.1578 , -1.4841 ,  1.3775 ,  0.0018 ,
  0.0798 ,  0.0395 , -0.4752 ,  0.7273 ,  1.3603 ,  0.3306 ,
  0.0402 ,  0.0403 , -0.1583 , -0.0569 , -1.1903 ,  0.6522 ,
 -0.0002 ,  0.1621 , -0.4762 , -1.7809 , -0.0335 ,  0.0053 ,
  0.0806 , -0.0004 ,  0.0008 , -1.5505 ,  1.3704 ,  0.3252 ,
  0.1209 , -0.0006 ,  0.0012 , -0.0010 ,  1.4333 , -0.0000 ,
 -0.1226 , -0.0010 , -0.7944 , -0.7494 ,  0.4298 ,  0.0089 ,
 -0.0024 , -0.1238 , -0.7930 , -0.5661 ,  0.6419 ,  0.6594 ,
 -0.0012 ,  0.0395 , -0.6346 , -3.1414 , -0.6331 ,  0.3323 ,
 -0.0005 ,  0.0401 , -0.3174 , -0.0517 ,  1.2353 ,  0.3288 ,
  0.0404 ,  0.0810 , -0.1584 , -2.4431 ,  0.6688 ,  0.0018 ,
  0.0809 ,  0.1216 , -0.1581 , -2.5048 ,  1.9685 , -0.6487 ,
  0.0797 , -0.0418 , -0.3164 , -1.4792 , -0.4902 ,  0.0036 ,
 -0.1205 , -0.0395 ,  0.3151 , -0.7043 ,  1.6951 ,  0.3228 ,
 -0.1214 , -0.0405 , -0.1598 , -2.2573 , -0.8040 , -0.6487 ,
  0.1606 , -0.0418 , -0.1569 ,  0.0650 ,  1.5032 ,  0.0018 ,
  0.0410 , -0.0404 ,  0.1579 , -2.2845 ,  1.3142 , -0.2987 ,
 -0.0402 ,  0.0407 ,  0.1568 , -1.6309 , -0.0705 ,  0.6664 ,
  0.0006 ,  0.0411 ,  0.1586 , -0.0664 ,  0.6152 , -0.0018 ,
  0.0001 ,  0.0812 , -0.1588 , -1.6679 , -0.6387 ,  0.6522 ,
  0.0404 ,  0.0810 , -0.1584 , -0.8932 ,  0.0465 ,  0.3270 ,
  0.0805 ,  0.0401 , -0.1579 , -1.6070 ,  0.7395 ,  0.6522 ,
  0.0407 ,  0.0813 ,  0.0003 , -1.6730 ,  0.6696 ,  0.3252 ,
 -0.0406 ,  0.0811 , -0.3178 , -0.8877 , -0.0800 ,  0.9793 ,
  0.0406 ,  0.1218 , -0.1585 ,  0.5950 ,  0.6610 , -0.6487 ,
  0.0407 ,  0.0813 ,  0.0003 , -1.6730 ,  1.9141 ,  0.6504 ,
 -0.0803 ,  0.1224 , -0.1597 , -1.7285 ,  0.4723 ,  0.6523 ,
  0.1210 ,  0.1619 , -0.3164 , -0.2371 ,  0.7783 , -0.3217 ,
 -0.0406 ,  0.0811 , -0.3178 , -0.8877 ,  0.5422 ,  0.0036 ,
  0.1205 , -0.0009 , -0.1574 , -3.0958 ,  3.2992 ,  0.3270 ,
  0.0808 ,  0.0812 ,  0.1579 , -0.8975 ,  1.9747 , -0.6368 ,
  0.0801 ,  0.0398 , -0.3165 , -0.8273 ,  1.3610 ,  0.0036 ,
 -0.0406 , -0.0001 , -0.1590 , -1.5445 , -0.0637 ,  1.3027 ,
 -0.0013 , -0.0417 , -0.4758 , -3.0235 ,  1.8723 ,  0.6558 ,
 -0.0010 , -0.0009 , -0.4759 ,  0.0147 ,  1.2422 ,  0.0053 ,
 -0.0406 , -0.0001 , -0.1590 , -2.3195 ,  1.8031 ,  0.0018 ,
 -0.0415 ,  0.0397 , -0.6350 , -0.0415 ,  3.0376 ,  0.9828 ,
  0.0399 ,  0.1212 , -0.4757 , -1.7198 ,  1.2817 , -0.6451 ,
  0.0799 , -0.0010 , -0.3165 , -2.3156 ,  0.1243 ,  0.0036 ,
 -0.0005 ,  0.0401 , -0.3174 , -3.1510 , -0.0093 , -0.3217 ,
  0.0812 ,  0.0812 ,  0.1577 , -2.4683 ,  2.5860 ,  1.3146 ,
 -0.0798 ,  0.1635 , -0.0011 , -1.7949 ,  1.0874 ,  0.3253 ,
  0.0408 ,  0.1626 , -0.1585 ,  0.5335 ,  0.0309 , -0.6487 ,
 -0.0404 ,  0.1219 , -0.3179 , -0.1742 ,  1.1567 ,  0.0036 ,
  0.0398 ,  0.0400 , -0.3170 , -2.3768 ,  1.2981 ,  0.6540 ,
  0.0400 ,  0.0807 , -0.3170 ,  2.2111 ,  0.6681 , -0.3217 ,
 -0.0412 , -0.0412 , -0.3176 , -1.4782 , -0.0566 ,  0.0036 ,
 -0.0400 ,  0.0814 ,  0.1567 , -1.6923 , -0.0782 ,  0.6664 ,
  0.0394 , -0.0416 , -0.3168 , -2.2539 ,  0.6915 ,  0.0036 ,
  0.0392 , -0.0011 , -0.4755 ,  2.3387 ,  0.0607 ,  0.0053 ,
 -0.0406 ,  0.0811 , -0.3178 , -0.8877 ,  1.1645 ,  0.0036 ,
  0.0398 ,  0.0400 , -0.3170 , -1.6018 ,  0.0536 ,  0.3288 ,
  0.0798 ,  0.0395 , -0.4752 , -3.9219 ,  1.9826 , -0.3199 ,
 -0.1605 ,  0.0014 ,  0.3157 , -0.7833 ,  0.9943 , -0.6541 ,
 -0.0009 , -0.0414 , -0.3172 , -1.4785 ,  2.4953 , -0.3217 ,
 -0.0803 ,  0.1224 , -0.1597 , -0.9537 ,  1.7168 , -0.3234 ,
  0.0398 ,  0.0400 , -0.3170 , -1.6018 ,  1.9204 ,  0.3288 ,
  0.0400 ,  0.0807 , -0.3170 , -0.1135 ,  1.9127 ,  0.0036 ,
  0.0800 , -0.0415 , -0.1578 , -0.7092 ,  0.1329 , -0.6487 ,
 -0.0009 , -0.0414 , -0.3172 , -0.7037 ,  1.2508 , -0.3217 ,
  0.1611 ,  0.0810 ,  0.1593 , -0.1274 ,  1.4824 ,  0.0000 ,
  0.0010 ,  0.1226 ,  0.1584 , -0.9642 , -0.0227 , -0.0018 ,
  0.0406 ,  0.1218 , -0.1585 , -1.7296 ,  1.2833 ,  0.3270 ,
  0.1217 ,  0.0403 ,  0.1587 , -1.6298 ,  0.8051 ,  0.3360 ,
  0.1204 ,  0.0396 , -0.3161 , -1.6025 ,  0.8017 ,  0.3288 ,
  0.0791 ,  0.0388 , -0.7925 , -1.5875 ,  1.9811 , -0.6416 ,
 -0.0003 , -0.0003 , -0.1586 , -1.5449 ,  1.2438 ,  0.3270 ,
 -0.0007 , -0.0006 , -0.3173 ,  0.0098 ,  0.6208 ,  0.0036 ,
  0.0798 , -0.0822 , -0.1577 , -2.1976 ,  0.7629 ,  0.0018 ,
 -0.0409 , -0.0409 , -0.1590 ,  0.0667 ,  1.1887 ,  0.0018 ,
 -0.0012 ,  0.0395 , -0.6346 , -0.8168 , -0.6331 ,  0.6576 ,
 -0.0003 ,  0.0809 , -0.3174 , -1.6630 ,  0.6051 ,  0.3288 ,
  0.0817 ,  0.1221 ,  0.1587 , -0.9706 ,  0.1070 , -0.0002 ,
  0.0404 ,  0.0407 ,  0.1577 , -0.8353 ,  2.5430 ,  0.0091 ,
  0.1207 , -0.0413 ,  0.0013 ,  0.0604 ,  1.4411 ,  0.3252 ,
 -0.1228 ,  0.0395 , -0.9531 , -2.3558 ,  1.6657 ,  0.3359 ,
  0.0402 ,  0.1215 , -0.3171 , -1.7247 ,  0.0380 ,  0.6541 ,
 -0.0404 ,  0.1219 , -0.3179 ,  0.6005 , -0.0878 ,  0.0036 ,
  0.1198 ,  0.1202 , -0.7922 , -2.4858 ,  0.1616 ,  0.0089 ,
  0.0405 ,  0.0406 ,  0.0003 ,  0.7130 , -1.1895 , -0.3253 ,
  0.0003 ,  0.0003 ,  0.1586 , -0.0049 ,  1.8676 , -0.0018 ,
  0.2013 ,  0.0395 , -0.1567 , -0.8332 , -0.3163 ,  0.0018 ,
 -0.0011 , -0.0821 , -0.3171 , -0.6422 ,  0.6364 ,  0.3288 ,
  0.1213 ,  0.0810 ,  0.0011 , -0.8988 ,  1.4176 , -0.3253 ,
 -0.0419 , -0.0418 , -0.6349 , -1.4684 ,  2.4311 , -0.3181 ,
  0.0397 , -0.0413 , -0.1582 , -0.7089 ,  1.3145 ,  0.0018 ,
  0.0806 , -0.0004 ,  0.0008 , -1.5505 ,  0.7481 ,  0.3252 ,
 -0.0399 ,  0.0817 , -0.0006 , -0.1226 ,  1.1660 ,  0.6505 ,
 -0.0406 ,  0.0811 , -0.3178 , -2.4374 , -0.7024 ,  0.3288 ,
  0.2013 ,  0.1612 , -0.4742 , -0.2329 ,  0.2811 , -0.3199 ,
  0.0807 ,  0.0808 , -0.1580 , -1.6684 ,  0.1095 ,  0.6522 ,
 -0.0001 ,  0.0405 , -0.1587 ,  0.7182 , -0.6309 , -0.3234 ,
 -0.0403 ,  0.0409 ,  0.1564 , -1.6310 ,  0.5431 ,  0.3283 ,
  0.0391 ,  0.0393 , -0.6342 , -0.8171 ,  0.6744 ,  0.6576 ,
  0.0404 ,  0.0810 , -0.1584 , -0.8932 ,  1.2910 ,  0.9775 ,
  0.1211 ,  0.0402 ,  0.0011 , -0.0625 ,  2.0477 , -0.0000 ,
  0.0800 ,  0.0802 , -0.4752 , -1.6587 ,  0.1080 , -0.3199 ,
  0.0801 ,  0.0398 , -0.3165 ,  0.7224 ,  1.3610 , -0.6469 ,
  0.1198 , -0.0015 , -0.4747 , -1.5361 ,  2.6754 ,  0.6558 ,
  0.1191 , -0.0021 , -0.7920 , -1.5264 ,  0.1850 , -0.3163 ,
 -0.0410 , -0.0004 , -0.3177 ,  0.0101 , -0.0644 , -0.3217 ,
  0.0395 ,  0.0396 , -0.4756 , -1.5969 ,  0.0529 ,  0.0053 ,
  0.0802 ,  0.1210 , -0.4753 , -0.9453 ,  0.7224 ,  0.0053 ,
  0.0805 ,  0.0401 , -0.1579 , -1.6070 ,  0.7395 ,  0.6522 ,
  0.0798 ,  0.0395 , -0.4752 , -1.5973 ,  0.7380 ,  0.3306 ,
  0.1208 ,  0.0399 , -0.1575 , -0.8325 ,  0.8025 ,  0.3270 ,
  0.0385 , -0.0830 , -0.6340 ,  0.1421 ,  1.3200 ,  0.3323 ,
  0.0806 , -0.0004 ,  0.0008 , -2.3255 ,  0.7481 , -0.3253 ,
 -0.0419 , -0.0418 , -0.6349 , -2.2433 ,  0.5641 ,  0.3323 ,
  0.0001 ,  0.1624 , -0.3176 , -0.2361 ,  0.5895 , -0.3217 ,
 -0.0010 , -0.0009 , -0.4759 , -0.7602 ,  1.2422 ,  0.3306 ,
  0.0793 , -0.0421 , -0.4750 , -1.4744 ,  0.1314 ,  0.0053 ,
 -0.0407 ,  0.1216 , -0.4765 , -2.4941 , -1.3333 ,  0.0053 ,
  0.0397 , -0.0413 , -0.1582 ,  0.0660 ,  1.3145 ,  0.3270 ,
  0.0406 ,  0.1218 , -0.1585 , -0.9547 ,  1.2833 ,  0.3270 ,
  0.0405 ,  0.0406 ,  0.0003 , -2.3866 ,  1.2996 , -0.3253 ,
 -0.0410 , -0.0004 , -0.3177 ,  0.7850 , -0.0644 , -0.3217 ,
  0.0398 ,  0.0400 , -0.3170 , -0.0520 ,  0.6759 ,  0.0036 ,
  0.0808 ,  0.0404 ,  0.0007 , -0.8370 ,  0.1180 , -0.0000 ,
  0.0798 ,  0.0395 , -0.4752 , -0.8224 ,  0.7380 ,  0.3306 ,
 -0.0015 , -0.0825 , -0.4758 , -2.9620 ,  1.2578 ,  0.0053 ,
  0.0404 ,  0.0810 , -0.1584 ,  0.6565 ,  0.6688 ,  0.0018 ,
  0.1614 ,  0.0400 ,  0.0015 ,  0.7120 ,  0.8661 ,  0.3252 ,
  0.1196 , -0.0423 , -0.4746 , -0.6998 ,  0.8166 ,  0.0053 ,
 -0.0811 ,  0.0405 , -0.3182 , -1.6008 , -1.3798 ,  0.3288 ,
 -0.0011 ,  0.1208 , -0.7934 , -0.1599 ,  0.5951 ,  0.3341 ,
  0.0389 , -0.0014 , -0.6342 , -1.5305 ,  2.5490 ,  0.6576 ,
 -0.0006 ,  0.0806 , -0.4761 , -3.2079 ,  1.2266 ,  0.0053 ,
 -0.0391 ,  0.1228 ,  0.3164 , -0.9684 , -0.0825 , -0.0004 ,
 -0.0419 , -0.0418 , -0.6349 , -0.6935 ,  1.1864 , -0.6434 ,
 -0.1216 , -0.0000 , -0.3185 , -1.5390 ,  1.0542 ,  0.3288 ,
  0.0797 , -0.0418 , -0.3164 , -0.7043 ,  1.9990 ,  0.3288 ,
  0.0396 , -0.0008 , -0.3169 , -1.5404 ,  0.6837 , -0.3217 ,
 -0.0005 ,  0.0401 , -0.3174 , -1.6015 , -1.2540 ,  0.3288 ,
  0.1608 , -0.0011 , -0.1570 , -0.7714 ,  0.8732 ,  0.0018 ,
 -0.0409 , -0.0409 , -0.1590 , -0.7082 ,  1.1887 , -0.9740 ,
  0.0404 ,  0.0810 , -0.1584 , -0.1184 ,  0.0465 ,  0.0018 ,
 -0.0406 ,  0.0811 , -0.3178 , -0.8877 ,  1.7869 ,  0.3288 ,
  0.0800 ,  0.1614 , -0.6340 , -2.5517 ,  0.0916 ,  0.6576 ,
  0.1613 ,  0.0805 , -0.1572 , -1.6692 , -0.3870 , -0.6487 ,
 -0.0010 ,  0.0803 , -0.6347 , -3.9777 ,  1.2259 , -0.3181 ,
 -0.0001 ,  0.1217 , -0.3175 , -0.1746 ,  1.2197 ,  0.9793 ,
 -0.0414 , -0.0820 , -0.3175 , -0.6419 ,  0.5735 , -0.3217 ,
 -0.0411 ,  0.0400 , -0.4764 , -0.8214 ,  1.1715 ,  0.3306 ,
  0.0809 ,  0.1216 , -0.1581 , -1.7299 , -0.5207 ,  0.3270 ,
  0.0003 ,  0.0003 ,  0.1586 , -0.0049 ,  1.2452 , -0.3270 ,
  0.0396 , -0.0008 , -0.3169 ,  0.0094 , -0.5609 ,  0.0036 ,
 -0.0410 , -0.0004 , -0.3177 , -1.5396 ,  1.1801 ,  0.3288 ,
 -0.0406 ,  0.0811 , -0.3178 , -0.1128 ,  1.1645 ,  0.6541 ,
 -0.0001 ,  0.0405 , -0.1587 , -2.3812 ,  0.6137 , -0.3234 ,
 -0.0399 ,  0.0817 , -0.0006 , -0.8975 ,  1.7882 ,  0.3252 ,
  0.0810 ,  0.0811 ,  0.0007 , -0.8985 ,  0.7325 ,  0.3252 ,
  0.0003 ,  0.1220 , -0.1589 , -1.7293 ,  0.5981 , -0.3234 ,
  0.0396 , -0.0008 , -0.3169 ,  0.0094 ,  1.3059 ,  0.9793 ,
 -0.0401 ,  0.0410 , -0.0005 ,  1.4885 ,  1.1737 ,  0.3252 ,
  0.0795 , -0.0013 , -0.4751 ,  0.0140 ,  0.1236 ,  0.6558 ,
  0.0401 , -0.0410 ,  0.0005 , -1.4887 ,  0.6930 , -0.0000 ,
  0.1608 ,  0.1206 , -0.4745 , -1.7209 ,  1.4705 ,  0.0053 ,
  0.0388 ,  0.0390 , -0.7928 , -1.5871 ,  1.9181 ,  0.6594 ,
  0.0399 , -0.0817 ,  0.0006 , -2.9771 ,  1.3231 ,  0.6504 ,
 -0.0408 ,  0.0403 , -0.3178 , -0.0513 ,  1.1724 ,  0.0036 ,
  0.1208 ,  0.0399 , -0.1575 , -0.8325 ,  0.8025 ,  0.3270 ,
  0.0395 ,  0.0396 , -0.4756 , -0.8220 ,  0.6751 ,  0.0053 ,
  0.0001 ,  0.0812 , -0.1588 , -0.1180 ,  1.2282 ,  0.3270 ,
 -0.0003 ,  0.0809 , -0.3174 , -0.1131 ,  1.8497 ,  0.6541 ,
 -0.0401 ,  0.0410 , -0.0005 , -1.6109 , -0.0707 ,  0.0000 ,
 -0.0003 , -0.0003 , -0.1586 ,  0.0049 ,  1.2438 , -0.6487 ,
 -0.0010 , -0.0009 , -0.4759 , -1.5351 ,  1.2422 ,  0.3306 ,
  0.0800 ,  0.1614 , -0.6340 , -1.0019 ,  2.5808 ,  0.3323 ,
  0.0409 ,  0.1221 ,  0.0002 , -0.9596 , -0.5828 ,  0.3252 ,
  0.0410 ,  0.2033 , -0.1586 , -1.8524 ,  0.6454 ,  0.3270 ,
  0.0400 ,  0.0807 , -0.3170 , -0.8884 ,  1.2904 ,  0.3288 ,
  0.0405 ,  0.0406 ,  0.0003 , -2.3866 ,  0.0551 ,  0.3252 ,
  0.1207 , -0.0413 ,  0.0013 ,  0.8352 ,  2.0635 ,  0.6504 ,
  0.0796 , -0.1230 , -0.1576 ,  0.1886 ,  0.7708 ,  0.3270 ,
 -0.0003 ,  0.0809 , -0.3174 , -2.4380 , -0.0171 ,  0.6541 ,
 -0.0001 ,  0.0405 , -0.1587 , -0.8315 ,  1.8582 ,  0.6522 ,
 -0.0406 , -0.0001 , -0.1590 , -0.7697 ,  1.8031 ,  0.6522 ,
  0.0401 , -0.0410 ,  0.0005 , -1.4887 ,  0.6930 ,  0.3252 ,
 -0.0410 , -0.0004 , -0.3177 , -2.3147 , -0.0644 , -0.3217 ,
  0.0793 , -0.0421 , -0.4750 , -0.6995 ,  1.9982 ,  0.3306 ,
 -0.0411 ,  0.0400 , -0.4764 , -0.0464 ,  0.5493 , -0.3199 ,
  0.0814 ,  0.1627 ,  0.0005 , -2.5712 ,  1.3391 ,  0.3252 ,
  0.0402 ,  0.0403 , -0.1583 , -1.6066 ,  2.5433 , -0.3235 ,
  0.0804 , -0.0412 ,  0.0009 , -0.7141 ,  2.0005 , -0.0000 ,
  0.1199 ,  0.0797 , -0.6335 , -2.4292 ,  0.7924 ,  0.9828 ,
  0.0002 ,  0.0408 , -0.0001 , -1.6112 ,  0.6144 ,  0.6505 ,
  0.0398 ,  0.0400 , -0.3170 , -2.3768 ,  0.6759 ,  0.3288 ,
 -0.0415 ,  0.0397 , -0.6350 , -0.8165 , -0.6961 ,  0.3324 ,
  0.0004 ,  0.0815 , -0.0002 , -0.8978 ,  2.4733 ,  0.9757 ,
 -0.0411 ,  0.0400 , -0.4764 , -1.5962 , -0.0730 , -0.3199 ,
  0.0795 , -0.0013 , -0.4751 ,  0.0140 ,  1.3680 , -0.6451 ,
  0.0388 ,  0.0390 , -0.7928 , -1.5871 ,  0.6736 ,  0.0089 ,
 -0.0006 ,  0.0806 , -0.4761 , -1.6580 , -0.0179 ,  0.0053 ,
 -0.1218 , -0.0408 , -0.3184 , -3.0273 ,  1.0621 , -0.3217 ,
 -0.0406 , -0.0001 , -0.1590 ,  0.7801 ,  0.5586 ,  0.0018 ,
  0.0399 , -0.0817 ,  0.0006 ,  0.8974 ,  1.3231 ,  0.6504 ,
  0.0395 ,  0.0396 , -0.4756 , -1.5969 ,  1.2973 ,  0.6558 ,
  0.0397 ,  0.0804 , -0.4757 , -1.6584 , -0.5773 ,  0.0053 ,
 -0.0010 , -0.0009 , -0.4759 , -2.3102 , -0.0022 ,  0.6558 ,
  0.0791 ,  0.0388 , -0.7925 , -0.8126 ,  1.3588 ,  0.0089 ,
 -0.0005 ,  0.0401 , -0.3174 , -0.0517 ,  0.6129 ,  0.6541 ,
 -0.0001 ,  0.1217 , -0.3175 , -0.9495 ,  1.2197 ,  0.0036 ,
  0.0798 , -0.0822 , -0.1577 ,  0.1271 ,  0.7629 , -0.3235 ,
 -0.0006 ,  0.0806 , -0.4761 , -3.2077 ,  0.6044 , -0.6451 ,
 -0.0805 ,  0.0816 , -0.1596 , -1.6671 ,  1.1023 ,  0.6523 ,
 -0.0416 ,  0.0802 , -0.7938 ,  0.6767 ,  1.1622 ,  0.6594 ,
 -0.1207 ,  0.0413 , -0.0013 ,  0.7144 ,  0.4257 ,  0.9757 ,
  0.0001 ,  0.0812 , -0.1588 ,  0.6568 ,  0.6059 ,  0.0018 ,
  0.0396 , -0.0008 , -0.3169 , -0.7655 ,  0.0614 , -0.3217 ,
  0.0795 , -0.0013 , -0.4751 , -1.5359 ,  2.6126 ,  0.0053 ,
  0.0389 , -0.0014 , -0.6342 , -2.3056 ,  0.0599 ,  0.3323 ,
  0.0794 ,  0.0391 , -0.6338 , -0.8175 ,  0.7373 ,  0.3323 ,
 -0.0406 , -0.0001 , -0.1590 ,  0.7801 ,  1.1808 ,  0.0018 ,
  0.0398 ,  0.0400 , -0.3170 , -1.6018 ,  0.6759 ,  0.3288 ,
  0.1608 , -0.0011 , -0.1570 ,  0.7783 ,  2.7399 ,  0.0018 ,
  0.0000 ,  0.0000 ,  0.0000 ,  0.0000 , -0.6223 ,  0.3252 ,
  0.0008 ,  0.0818 ,  0.1585 , -2.4527 ,  2.4743 ,  0.6487 ,
 -0.0003 , -0.0003 , -0.1586 ,  0.7797 , -0.0007 ,  0.3270 ,
 -0.0806 ,  0.0004 , -0.0008 , -1.5490 , -0.1259 ,  0.0000 ,
  0.0002 ,  0.0408 , -0.0001 , -0.0615 ,  1.2367 ,  0.6505 ,
  0.1611 ,  0.1209 , -0.3159 , -0.9509 ,  0.2267 ,  0.0035 ,
  0.0809 ,  0.1216 , -0.1581 ,  1.3695 ,  0.1017 ,  0.3270 ,
  0.1610 ,  0.0397 , -0.1571 , -0.8329 ,  0.8653 ,  0.0018 ,
  0.0809 ,  0.0816 ,  0.1588 , -0.1272 ,  0.7316 ,  0.3237 ,
  0.0398 ,  0.0400 , -0.3170 , -0.0520 , -0.5687 ,  0.0036 ,
  0.0805 ,  0.0401 , -0.1579 , -0.8322 ,  0.1173 , -0.9740 ,
  0.0003 ,  0.1220 , -0.1589 , -1.7293 , -0.0242 ,  0.3270 ,
 -0.0404 ,  0.0406 , -0.1591 , -0.0562 ,  0.5508 ,  0.0018 ,
 -0.0397 ,  0.1225 , -0.0006 , -2.5086 ,  1.7804 ,  0.3252 ,
 -0.0408 ,  0.0403 , -0.3178 , -0.0513 , -0.0722 ,  0.6541 ,
 -0.0003 , -0.0003 , -0.1586 , -0.7700 , -0.6231 ,  0.6522 ,
  0.1599 , -0.1237 , -0.3154 , -0.5821 ,  2.1404 ,  0.6540 ,
 -0.0409 , -0.0409 , -0.1590 , -0.7082 ,  0.5664 , -0.3234 ,
  0.0008 ,  0.0818 ,  0.1585 , -0.9027 ,  1.8520 ,  0.3234 ,
  0.0407 ,  0.0813 ,  0.0003 ,  0.6516 ,  1.2918 ,  0.3252 ,
  0.0398 ,  0.0400 , -0.3170 , -0.8269 ,  1.2981 ,  0.3288 ,
  0.0402 ,  0.0403 , -0.1583 , -0.0569 ,  1.2989 , -0.9740 ,
  0.0401 , -0.0410 ,  0.0005 ,  0.0611 , -0.5516 ,  0.3252 ,
 -0.0812 ,  0.0810 , -0.4769 , -3.2072 ,  1.1008 ,  0.6558 ,
 -0.0406 , -0.0001 , -0.1590 , -0.7697 ,  2.4253 ,  0.0018 ,
 -0.0003 , -0.0003 , -0.1586 , -0.7700 ,  1.8661 ,  0.3270 ,
 -0.0003 ,  0.0809 , -0.3174 , -3.2127 ,  3.0940 ,  0.9793 ,
 -0.0406 , -0.0001 , -0.1590 , -2.3195 ,  0.5586 ,  0.0018 ,
  0.1205 ,  0.1208 , -0.4749 , -0.9456 ,  0.1631 ,  0.3306 ,
 -0.0003 ,  0.0809 , -0.3174 , -1.6630 , -0.0171 ,  0.3288 ,
  0.0801 ,  0.0398 , -0.3165 , -0.8273 ,  0.7388 ,  0.3288 ,
  0.0805 ,  0.0401 , -0.1579 , -1.6070 ,  0.7395 ,  0.9775 ,
  0.0808 ,  0.0404 ,  0.0007 , -0.0622 ,  1.3625 , -0.0000 ,
  0.0404 ,  0.0810 , -0.1584 , -1.6682 ,  1.2910 ,  0.6522 ,
  0.0805 ,  0.0401 , -0.1579 , -0.0573 ,  0.1173 , -0.3235 ,
 -0.0008 ,  0.0398 , -0.4760 , -1.5966 ,  1.2344 ,  0.6558 ,
 -0.1219 , -0.0003 , -0.4771 , -1.5341 ,  1.0535 ,  0.6558 ,
  0.0806 , -0.0004 ,  0.0008 , -0.0007 ,  1.3704 , -0.3253 ,
  0.0399 , -0.0005 , -0.1582 , -1.5453 ,  1.9290 ,  0.0018 ,
  0.0402 ,  0.0403 , -0.1583 , -0.8318 ,  0.6766 , -0.3235 ,
 -0.0402 ,  0.0814 , -0.1592 , -0.8925 ,  0.5430 , -0.3234 ,
  0.0805 ,  0.1213 , -0.3167 , -1.7250 ,  1.9678 ,  0.6540 ,
  0.1603 ,  0.0391 , -0.4744 , -1.5979 ,  2.1084 ,  0.3306 ,
  0.0404 ,  0.0810 , -0.1584 , -0.1184 ,  1.2910 , -0.3235 ,
 -0.1210 ,  0.1223 , -0.3187 , -1.7233 ,  1.6531 ,  0.0036 ,
  0.0805 ,  0.1213 , -0.3167 ,  2.1493 ,  0.1009 ,  0.3288 ,
  0.0404 ,  0.1623 , -0.3172 , -0.2364 ,  0.6524 ,  0.0036 ,
 -0.0412 , -0.0412 , -0.3176 , -1.4782 ,  0.5656 ,  0.3288 ,
  0.0392 , -0.0011 , -0.4755 ,  0.0143 , -0.5617 , -0.9704 ,
  0.0402 ,  0.0403 , -0.1583 , -0.0569 ,  0.0544 ,  0.0018 ,
  0.0401 ,  0.1619 , -0.4758 , -1.7813 ,  1.8962 , -0.6451 ,
  0.0400 ,  0.0807 , -0.3170 ,  0.6613 ,  1.9127 , -0.3217 ,
  0.0806 , -0.0004 ,  0.0008 , -2.3255 ,  1.9927 , -0.0000 ,
 -0.0406 ,  0.0811 , -0.3178 , -0.8877 , -0.0800 ,  0.9793 ,
  0.0402 ,  0.0403 , -0.1583 , -1.6066 ,  0.6766 , -0.3235 ,
 -0.0414 , -0.0820 , -0.3175 , -1.4168 ,  2.4401 ,  0.3288 ,
  0.0002 ,  0.0408 , -0.0001 , -0.0615 ,  0.6144 ,  0.0000 ,
  0.1613 ,  0.0805 , -0.1572 , -0.1194 ,  2.1020 ,  0.0018 ,
  0.0403 , -0.0002 ,  0.0004 , -0.7752 ,  2.5519 ,  0.3252 ,
  0.1212 ,  0.1214 , -0.1577 , -1.7303 ,  1.4091 ,  0.6522 ,
  0.1210 ,  0.0806 , -0.1576 , -0.1191 ,  1.4169 ,  0.0018 ,
  0.0010 ,  0.0009 ,  0.4759 , -0.7896 ,  1.8690 ,  0.6451 ,
  0.1605 , -0.0014 , -0.3157 , -0.7665 ,  0.8724 ,  0.0035 ,
  0.2015 ,  0.1221 ,  0.3177 , -0.1920 ,  3.4098 ,  0.6490 ,
  0.0812 ,  0.0424 ,  0.6334 , -0.8335 ,  3.8696 ,  0.3261 ,
  0.0800 , -0.1227 ,  0.0010 , -0.5912 ,  3.8830 ,  0.9757 ,
  0.1219 ,  0.0430 ,  0.7930 , -0.0755 ,  4.5523 , -0.0039 ,
  0.0814 , -0.0375 ,  0.7934 ,  0.8049 ,  6.3771 ,  0.6290 ,
 -0.1205 , -0.0386 ,  0.4733 , -0.7016 ,  7.9391 ,  1.6322 ,
  0.0015 , -0.0338 ,  1.4272 ,  2.3167 , 12.4804 ,  1.5779 ,
 -0.0787 ,  0.0894 ,  1.7425 ,  2.1284 , 11.0926 ,  2.5356 ,
 -0.2792 , -0.3134 ,  2.2178 ,  1.9678 , 15.2463 ,  3.1668 ,
 -0.3189 , -0.2285 ,  2.6946 ,  4.8856 , 18.8867 ,  4.1191 ,
 -0.3175 , -0.1463 ,  3.6435 ,  3.9901 , 21.3997 ,  5.0731 ,
 -0.3160 , -0.2647 ,  4.5948 ,  4.9194 , 27.6769 ,  6.9768 ,
 -0.4743 , -0.2191 ,  5.8624 ,  7.1218 , 31.7728 ,  7.6229 ,
 -0.4729 , -0.4183 ,  6.9735 ,  8.9329 , 38.0651 ,  9.5314 ,
 -0.5902 , -0.4109 ,  8.8720 ,  8.1298 , 47.2508 , 12.3756 ,
 -0.6654 , -0.5237 , 11.4108 , 13.6208 , 57.7546 , 16.2127 ,
 -0.7821 , -0.5974 , 13.4697 , 13.7083 , 67.5734 , 19.3761 ,
 -0.8587 , -0.7499 , 16.0062 , 16.9501 , 81.2298 , 25.7344 ,
 -1.0543 , -0.8178 , 19.3344 , 20.8260 , 97.7861 , 31.4573 ,
 -1.2908 , -0.9682 , 22.3457 , 25.6015 ,113.0588 , 37.5120 ,
 -1.6458 , -0.8722 , 26.1455 , 28.4970 ,128.0679 , 44.1695 ,
 -1.8811 , -1.1018 , 29.7907 , 32.6188 ,146.4695 , 52.4368 ,
 -1.9546 , -1.2515 , 33.5966 , 35.8784 ,162.0015 , 62.5883 ,
 -2.3893 , -1.1143 , 37.7152 , 41.8034 ,176.8593 , 72.4396 ,
 -2.9068 , -0.8960 , 41.0417 , 49.1156 ,190.9479 , 80.7415 ,
 -3.5458 , -0.6375 , 44.0485 , 55.5959 ,204.8291 , 91.9043 ,
 -3.7825 , -0.5877 , 46.7445 , 60.6090 ,211.9080 , 98.2744 ,
 -3.7383 , -0.6211 , 48.6501 , 66.3050 ,221.3292 ,103.7197 ,
 -3.8578 , -0.5771 , 49.5985 , 65.1446 ,224.2506 ,107.1900 ,
 -3.6951 , -0.7392 , 50.2378 , 67.7095 ,224.5272 ,106.2565 ,
 -3.0112 , -0.9479 , 49.4474 , 62.9384 ,225.0631 ,102.0731 ,
 -2.1305 , -1.3236 , 47.5506 , 57.2835 ,224.7087 , 97.9200 ,
 -1.4062 , -1.9003 , 46.9201 , 49.7314 ,221.0266 , 94.0219 ,
 -1.0443 , -2.0657 , 46.6075 , 48.4349 ,221.0094 , 93.3823 ,
 -0.6831 , -1.9065 , 46.1350 , 48.9600 ,219.0300 , 93.7107 ,
 -0.6001 , -1.4974 , 47.0904 , 55.2675 ,219.6437 , 94.0867 ,
 -0.7581 , -1.1274 , 48.3585 , 59.3514 ,220.5253 , 96.9563 ,
 -0.7580 , -1.1661 , 48.9943 , 62.9341 ,221.7440 , 98.9054 ,
 -0.3130 , -1.1261 , 49.6336 , 64.4142 ,222.4269 , 98.9054 ,
  0.4514 , -0.9684 , 49.3227 , 63.3879 ,222.3404 , 97.6305 ,
  1.1355 , -1.2195 , 48.2163 , 57.1625 ,219.7820 , 95.3486 ,
  1.8200 , -1.7931 , 48.2233 , 55.7126 ,220.3611 , 92.4618 ,
  2.4627 , -1.9617 , 47.5963 , 55.1983 ,217.6730 , 91.2042 ,
  2.9468 , -1.6782 , 47.9159 , 53.2190 ,219.6178 , 89.5836 ,
  3.1877 , -1.5577 , 48.2373 , 56.5921 ,217.4310 , 88.0191 ,
  3.3514 , -1.3097 , 49.3456 , 58.4828 ,223.2307 , 92.4877 ,
  3.5966 , -1.1053 , 50.4626 , 62.8152 ,222.9109 , 94.0954 ,
  4.0808 , -0.9439 , 50.7840 , 63.3382 ,223.6110 , 90.9146 ,
  4.6450 , -0.7840 , 50.7910 , 66.1624 ,223.8271 , 91.2690 ,
  5.3689 , -0.9530 , 50.3203 , 60.2827 ,220.0240 , 89.6181 ,
  6.1726 , -1.3667 , 49.5317 , 57.8151 ,218.9004 , 85.7848 ,
  6.8161 , -1.2901 , 48.5886 , 57.2014 ,219.9117 , 82.6214 ,
  7.4591 , -0.9697 , 48.2725 , 54.1049 ,217.1026 , 82.2800 ,
  7.7015 , -0.9285 , 48.7519 , 57.0998 ,219.3239 , 80.3914 ,
  7.8652 , -0.6433 , 49.3912 , 62.0784 ,217.5952 , 81.7009 ,
  8.2297 , -0.4412 , 49.8689 , 62.5732 ,215.6159 , 82.0163 ,
  8.5946 , -0.2798 , 50.5100 , 63.9043 ,214.2589 , 81.0656 ,
  8.9550 , -0.1606 , 49.8760 , 62.9190 ,214.7948 , 78.8356 ,
  9.3160 , -0.2467 , 48.9258 , 59.1937 ,212.8933 , 78.4942 ,
  9.8380 , -0.3331 , 48.1407 , 60.0948 ,209.9978 , 75.0153 ,
 10.4014 , -0.3763 , 48.3023 , 58.6124 ,210.8967 , 73.4119 ,
 10.4431 , -0.2549 , 48.3023 , 59.2175 ,209.0557 , 74.0472 ,
 10.4027 , -0.2541 , 48.4639 , 61.5231 ,209.6088 , 73.4379 ,
 10.4870 , -0.2119 , 49.7320 , 62.2793 ,208.4593 , 74.0559 ,
 10.2055 , -0.0463 , 49.8883 , 65.0884 ,209.8336 , 76.3074 ,
 10.0883 , -0.0030 , 51.1598 , 65.8382 ,210.2484 , 75.9747 ,
  9.8069 , -0.0406 , 51.4760 , 68.1979 ,211.6746 , 76.6272 ,
  9.7660 , -0.0002 , 51.3144 , 67.3789 ,210.9918 , 77.5780 ,
  9.5276 , -0.1593 , 52.4244 , 68.3858 ,213.7663 , 77.5650 ,
  9.4872 , -0.2808 , 52.7423 , 69.3539 ,213.0921 , 76.3031 ,
  9.3283 , -0.1556 , 53.3728 , 69.1702 ,214.6825 , 77.5607 ,
  8.9265 , -0.0710 , 53.6925 , 72.8847 ,215.8925 , 78.5417 ,
  8.6876 ,  0.0155 , 54.7972 , 76.5840 ,218.5892 , 80.4649 ,
  8.5283 ,  0.1009 , 55.9019 , 75.6722 ,222.0552 , 82.3361 ,
  8.1274 ,  0.3507 , 56.6940 , 78.3602 ,224.4753 , 84.8859 ,
  7.9289 ,  0.2734 , 57.8005 , 81.5366 ,226.6534 , 85.8496 ,
  7.7291 ,  0.3166 , 58.4328 , 81.4675 ,227.5869 , 86.4547 ,
  7.5693 ,  0.4003 , 59.0615 , 81.3335 ,228.5290 , 87.3838 ,
  7.4095 ,  0.2813 , 59.5428 , 84.5877 ,230.1713 , 85.1884 ,
  7.4898 ,  0.3212 , 59.8554 , 79.1338 ,230.9492 , 87.0208 ,
  7.3722 ,  0.2848 , 60.9654 , 84.5575 ,233.2223 , 88.0105 ,
  7.0925 ,  0.3282 , 61.7557 , 86.7961 ,232.1333 , 88.9439 ,
  7.0545 ,  0.4519 , 62.3880 , 87.3709 ,233.2829 , 90.2015 ,
  7.0938 ,  0.3717 , 62.3915 , 88.2568 ,235.8672 , 90.8584 ,
  7.0947 ,  0.3725 , 62.8657 , 87.4789 ,235.2276 , 90.8239 ,
  6.9759 ,  0.2930 , 63.4980 , 89.1341 ,235.6770 , 93.3607 ,
  7.0130 ,  0.4496 , 63.1854 , 92.7643 ,233.7755 , 93.7237 ,
  7.1741 ,  0.6110 , 63.0273 , 91.7487 ,234.6312 , 92.4618 ,
  7.3801 ,  0.5744 , 63.5015 , 88.7106 ,232.4877 , 91.7573 ,
  7.4999 ,  0.4506 , 63.1854 , 91.2171 ,230.1972 , 91.7833 ,
  7.8622 ,  0.4072 , 63.1854 , 86.6578 ,229.5403 , 90.7720 ,
  7.9825 ,  0.4063 , 62.8727 , 90.5127 ,228.4599 , 89.5576 ,
  8.1414 ,  0.6432 , 63.1889 , 92.4791 ,227.3622 , 89.2465 ,
  8.0619 ,  0.6844 , 63.1889 , 92.4229 ,225.3483 , 88.2784 ,
  8.2630 ,  0.6417 , 63.1924 , 91.7141 ,223.8098 , 89.5360 ,
  8.4259 ,  0.9265 , 63.6666 , 93.5854 ,223.9913 , 89.2249 ,
  8.7070 ,  0.8021 , 63.5120 , 92.2327 ,223.8184 , 86.9949 ,
  9.0354 ,  0.9307 , 63.9933 , 92.0555 ,222.4701 , 86.9646 ,
  8.9924 ,  0.8881 , 63.3575 , 89.7823 ,222.4182 , 87.5956 ,
  9.3546 ,  0.9605 , 63.8352 , 93.5638 ,219.1683 , 86.3423 ,
  9.4789 ,  1.0905 , 63.9968 , 92.5828 ,221.2514 , 86.0225 ,
  9.4780 ,  1.3289 , 64.6291 , 94.5362 ,221.1390 , 86.3380 ,
  9.5206 ,  1.2079 , 65.5775 , 98.5683 ,219.9462 , 86.3510 ,
  9.7643 ,  1.3705 , 66.2097 , 99.0825 ,220.2747 , 87.2844 ,
  9.9658 ,  1.5322 , 66.2168 , 97.2891 ,220.5513 , 85.3613 ,
 10.0470 ,  1.5314 , 66.3748 , 98.0540 ,220.6809 , 85.9966 ,
 10.1691 ,  1.4493 , 66.6910 , 98.1793 ,219.6351 , 85.6595 ,
 10.3715 ,  1.5316 , 67.3268 ,100.3618 ,221.1476 , 85.6768 ,
 10.6547 ,  1.5702 , 67.4883 ,101.0705 ,220.3352 , 85.0415 ,
 10.7785 ,  1.6532 , 68.7564 ,100.9193 ,220.4994 , 84.6698 ,
 10.8198 ,  1.7367 , 69.2341 ,103.0887 ,223.6196 , 85.9663 ,
 10.9423 ,  1.8593 , 69.8699 ,104.4414 ,223.1443 , 85.0112 ,
 11.0244 ,  1.8197 , 70.6638 ,106.0274 ,223.2739 , 86.5800 ,
 10.9880 ,  2.0253 , 71.7703 ,107.2548 ,222.5133 , 87.5048 ,
 11.1109 ,  2.1495 , 72.7257 ,110.1244 ,225.1581 , 87.8376 ,
 11.1930 ,  2.1093 , 73.0418 ,111.7277 ,224.6568 , 87.5264 ,
 11.3959 ,  2.0688 , 73.8357 ,112.5445 ,226.2040 , 88.7840 ,
 11.3568 ,  2.2737 , 74.1483 ,113.0026 ,227.3449 , 90.0373 ,
 11.3814 ,  2.3068 , 75.4199 ,113.6681 ,228.4167 , 89.9898 ,
 11.5851 ,  2.3471 , 76.0557 ,115.9067 ,227.4832 , 90.6337 ,
 11.7454 ,  2.3880 , 76.2137 ,116.6025 ,229.5835 , 91.5974 ,
 11.7471 ,  2.3910 , 77.1657 ,117.3545 ,232.0641 , 90.9535 ,
 11.9509 ,  2.5929 , 77.4853 ,119.3554 ,231.6925 , 91.5931 ,
 12.1138 ,  2.6349 , 78.5953 ,118.4997 ,232.5568 , 92.1636 ,
 12.1147 ,  2.6362 , 79.0695 ,120.0469 ,232.5568 , 91.8395 ,
 12.3184 ,  2.7588 , 80.0250 ,122.9251 ,234.0780 , 92.7816 ,
 12.3206 ,  2.9643 , 80.8153 ,124.9044 ,236.5327 , 94.0478 ,
 12.4426 ,  2.8430 , 81.6092 ,125.0773 ,237.3452 , 94.0262 ,
 12.5248 ,  3.0467 , 81.9288 ,126.3133 ,237.4316 , 95.5820 ,
 12.6082 ,  3.2096 , 82.8842 ,129.1483 ,236.8785 , 95.8716 ,
 12.5700 ,  3.2136 , 83.8362 ,131.4301 ,239.9123 , 95.8888 ,
 12.8132 ,  3.3755 , 84.4720 ,131.9358 ,240.2494 , 96.8137 ,
 13.0556 ,  3.4164 , 85.1113 ,131.8580 ,241.2433 , 98.0540 ,
 12.9366 ,  3.3377 , 86.0562 ,135.0690 ,242.2978 , 98.9875 ,
 13.1799 ,  3.5016 , 86.6919 ,134.0145 ,245.1328 , 98.3565 ,
 13.2628 ,  3.6643 , 87.6404 ,136.0845 ,243.9660 , 99.2511 ,
 13.3450 ,  3.6266 , 88.4377 ,138.4355 ,247.1986 , 99.8907 ,
 13.4293 ,  3.6685 , 89.8639 ,139.1313 ,246.0577 ,101.6885 ,
 13.5522 ,  3.6709 , 90.9739 ,139.8573 ,250.6040 ,102.9461 ,
 13.5944 ,  3.7934 , 91.6096 ,141.2100 ,249.3853 ,102.6090 ,
 13.7985 ,  3.8771 , 92.8777 ,145.6916 ,252.7908 ,104.8303 ,
 13.8003 ,  3.9179 , 93.3589 ,149.4946 ,252.7649 ,106.7448 ,
 13.8820 ,  3.9609 , 94.3144 ,150.1861 ,254.1219 ,106.7189 ,
 13.9250 ,  4.0038 , 95.5754 ,148.5266 ,257.2767 ,108.2358 ,
 14.0879 ,  4.2077 , 96.2112 ,150.5405 ,256.8531 ,108.5297 ,
 14.0102 ,  4.1311 , 97.6373 ,155.2684 ,260.4661 ,109.8046 ,
 14.2126 ,  4.1311 , 98.1151 ,158.3540 ,261.3995 ,111.0881 ,
 14.3355 ,  4.1735 , 99.3831 ,158.2676 ,262.1861 ,112.6007 ,
 14.3772 ,  4.2152 , 99.8608 ,158.1898 ,263.4999 ,112.8902 ,
 14.4607 ,  4.2580 ,100.8128 ,163.5314 ,264.8396 ,113.2489 ,
 14.4633 ,  4.1396 ,102.0808 ,164.4476 ,269.2131 ,114.8177 ,
 14.5054 ,  4.2624 ,102.8747 ,165.7959 ,269.2649 ,115.7382 ,
 14.6284 ,  4.3465 ,103.6685 ,165.6403 ,273.1371 ,116.6933 ,
 14.7513 ,  4.3886 ,104.9366 ,168.6568 ,273.9323 ,117.9422 ,
 14.7127 ,  4.2687 ,105.5724 ,170.3769 ,275.7474 ,118.8887 ,
 14.9155 ,  4.4319 ,106.2082 ,170.8695 ,278.5133 ,120.1463 ,
 14.7961 ,  4.3550 ,107.4762 ,174.8541 ,279.5937 ,120.7729 ,
 14.9595 ,  4.3557 ,108.5862 ,175.6061 ,280.4667 ,121.6762 ,
 15.0429 ,  4.4000 ,110.0159 ,175.5023 ,284.2956 ,122.9078 ,
 15.0850 ,  4.3216 ,111.1294 ,177.9225 ,286.2317 ,123.5431 ,
 15.1685 ,  4.3223 ,112.0813 ,178.6917 ,285.7304 ,124.4377 ,
 15.2914 ,  4.2823 ,113.0367 ,180.2907 ,286.5602 ,125.9892 ,
 15.3327 ,  4.2430 ,113.6725 ,181.8638 ,289.1186 ,127.2554 ,
 15.3353 ,  4.4077 ,114.4629 ,184.6815 ,292.1611 ,128.2407 ,
 15.3783 ,  4.3304 ,115.8890 ,184.0160 ,293.4748 ,129.4378 ,
 15.2993 ,  4.3724 ,116.6829 ,186.2546 ,294.5985 ,130.0688 ,
 15.5426 ,  4.3732 ,117.6383 ,187.7931 ,296.2234 ,132.2642 ,
 15.3845 ,  4.3370 ,118.7483 ,189.3835 ,297.8484 ,131.9141 ,
 15.4258 ,  4.2575 ,119.5422 ,191.8036 ,300.4068 ,133.5132 ,
 15.5522 ,  4.0973 ,120.9753 ,194.0077 ,301.2711 ,135.3585 ,
 15.4741 ,  4.2628 ,121.7551 ,192.9618 ,302.3774 ,136.2704 ,
 15.4337 ,  4.2239 ,122.3944 ,193.7657 ,304.1753 ,138.1546 ,
 15.4767 ,  4.2679 ,123.6660 ,198.3207 ,307.9264 ,138.5003 ,
 15.6005 ,  4.3502 ,124.2983 ,198.9603 ,308.7389 ,140.0605 ,
 15.4820 ,  4.2712 ,125.4083 ,199.8160 ,309.2057 ,141.5860 ,
 15.6049 ,  4.2338 ,126.3637 ,202.1929 ,311.8678 ,141.9058 ,
 15.5663 ,  4.1948 ,127.3191 ,200.6889 ,311.7986 ,143.1072 ,
 15.4451 ,  4.0753 ,127.3121 ,203.9388 ,314.7374 ,144.4556 ,
 15.5285 ,  4.0775 ,128.8998 ,206.2379 ,316.1030 ,145.9768 ,
 15.4503 ,  3.9570 ,129.8553 ,207.1887 ,315.9993 ,146.8844 ,
 15.5320 ,  4.0391 ,130.3260 ,207.8197 ,318.6096 ,148.4661 ,
 15.4925 ,  4.0005 ,130.9582 ,209.4273 ,318.5404 ,148.7686 ,
 15.5750 ,  3.8002 ,132.2368 ,213.5761 ,320.5630 ,150.0305 ,
 15.2554 ,  4.0053 ,132.7005 ,211.7092 ,318.1601 ,151.8456 ,
 15.4574 ,  3.8437 ,133.5014 ,212.7204 ,319.7332 ,151.5172 ,
 15.2975 ,  3.8865 ,133.9791 ,216.5062 ,321.9459 ,152.8310 ,
 15.3002 ,  3.9295 ,134.7659 ,215.6505 ,323.8301 ,153.1248 ,
 15.3818 ,  3.8905 ,135.5598 ,217.2322 ,325.1612 ,154.0669 ,
 15.3827 ,  3.9324 ,136.0375 ,219.4795 ,326.4058 ,154.7152 ,
 15.3441 ,  3.9752 ,136.6698 ,220.1882 ,326.9590 ,155.6314 ,
 15.4258 ,  3.8938 ,137.4636 ,221.0785 ,326.4577 ,156.2105 ,
 15.3063 ,  3.9361 ,137.7868 ,221.0094 ,326.8899 ,157.1440 ,
 15.1474 ,  3.9800 ,138.5807 ,224.0172 ,329.7594 ,157.5070 ,
 15.1491 ,  4.0213 ,139.3675 ,225.4952 ,329.1025 ,158.4059 ,
 15.0288 ,  3.9416 ,139.6907 ,226.3768 ,328.3074 ,159.6505 ,
 14.9911 ,  4.1473 ,140.4775 ,226.0484 ,329.4483 ,159.6246 ,
 15.0323 ,  4.1076 ,140.9552 ,227.6561 ,330.7621 ,160.2556 ,
 14.9524 ,  4.0281 ,141.4329 ,228.5377 ,332.5080 ,160.8952 ,
 14.8752 ,  4.1500 ,141.7491 ,228.3562 ,331.1424 ,160.8692 ,
 14.9164 ,  4.1915 ,142.2268 ,229.8342 ,331.1769 ,160.8692 ,
 14.7988 ,  4.2362 ,143.4984 ,232.0728 ,331.5918 ,161.1545 ,
 14.8400 ,  4.4395 ,143.4913 ,230.9751 ,332.2487 ,162.0706 ,
 14.6398 ,  4.4013 ,143.9620 ,231.8135 ,333.1822 ,163.0128 ,
 14.6389 ,  4.4435 ,144.4397 ,232.5050 ,333.7699 ,163.3153 ,
 14.6820 ,  4.4422 ,144.7629 ,235.6252 ,332.6117 ,163.6351 ,
 14.6837 ,  4.6070 ,145.5568 ,234.5621 ,335.0664 ,163.3066 ,
 14.6424 ,  4.5649 ,144.9245 ,236.9822 ,333.1303 ,163.6697 ,
 14.6038 ,  4.6075 ,145.5568 ,240.7852 ,334.3058 ,164.9316 ,
 14.4852 ,  4.6512 ,146.3506 ,238.3651 ,334.0984 ,164.5513 ,
 14.4062 ,  4.6922 ,146.9829 ,239.0912 ,332.7327 ,164.2055 ,
 14.4870 ,  4.8154 ,146.9829 ,241.2088 ,334.7034 ,165.5107 ,
 14.3276 ,  4.9783 ,147.2990 ,242.5053 ,334.4095 ,164.5599 ,
 14.2481 ,  5.0209 ,147.7768 ,244.7698 ,333.0093 ,164.8624 ,
 14.3706 ,  4.9820 ,148.7252 ,245.5996 ,334.4441 ,166.4182 ,
 14.3320 ,  5.1460 ,149.2029 ,247.6480 ,335.6023 ,165.8046 ,
 14.2139 ,  5.2668 ,149.1959 ,250.5868 ,333.5106 ,166.1503 ,
 14.2135 ,  5.2685 ,149.8352 ,246.6886 ,335.3949 ,166.0811 ,
 14.0071 ,  5.3054 ,150.6290 ,250.6645 ,336.3802 ,166.4009 ,
 14.0883 ,  5.4279 ,151.0997 ,249.6965 ,334.6170 ,165.7268 ,
 14.0488 ,  5.4692 ,151.2613 ,252.7389 ,334.5478 ,165.7441 ,
 14.0506 ,  5.6332 ,151.7320 ,254.8133 ,335.7579 ,167.0233 ,
 13.8525 ,  5.7166 ,152.0552 ,255.4616 ,335.4294 ,166.6862 ,
 13.8929 ,  5.7166 ,152.2097 ,256.9828 ,336.7432 ,167.3344 ,
 13.7717 ,  5.8402 ,152.5258 ,254.4503 ,337.7977 ,167.0060 ,
 13.7753 ,  6.0024 ,153.1651 ,258.8843 ,335.8789 ,167.6196 ,
 13.6958 ,  6.0444 ,153.4883 ,258.8065 ,335.7579 ,167.9222 ,
 13.6163 ,  6.0859 ,153.6429 ,261.0624 ,335.6369 ,167.6196 ,
 13.4978 ,  6.0872 ,154.4367 ,260.2759 ,335.4467 ,167.8876 ,
 13.5803 ,  6.2510 ,155.2306 ,262.3416 ,336.1728 ,168.2074 ,
 13.4209 ,  6.4964 ,155.3851 ,262.7652 ,334.6170 ,168.8211 ,
 13.4214 ,  6.4571 ,155.8629 ,265.9027 ,337.7459 ,168.5445 ,
 13.2628 ,  6.5008 ,156.6497 ,265.8422 ,336.8470 ,168.8211 ,
 13.2242 ,  6.7862 ,156.9728 ,267.7178 ,336.7432 ,168.1988 ,
 13.2255 ,  6.8262 ,157.4435 ,269.2131 ,335.4986 ,168.8124 ,
 13.1456 ,  6.8676 ,157.6051 ,270.6997 ,336.6049 ,169.4607 ,
 13.0679 ,  7.0327 ,158.3920 ,271.2010 ,337.0717 ,169.4434 ,
 13.0288 ,  7.0756 ,159.0313 ,271.9011 ,337.6421 ,170.0571 ,
 13.0293 ,  7.0758 ,159.1858 ,270.3540 ,336.3802 ,168.7519 ,
 12.9507 ,  7.1996 ,159.6635 ,274.8139 ,339.3362 ,169.1409 ,
 12.9120 ,  7.2400 ,160.2958 ,277.0785 ,336.1555 ,170.0398 ,
 12.6319 ,  7.2435 ,160.9281 ,274.7275 ,338.2299 ,169.9879 ,
 12.7935 ,  7.4051 ,160.9281 ,277.5884 ,337.8323 ,169.4088 ,
 12.6745 ,  7.5289 ,161.4058 ,278.1675 ,337.6076 ,170.0225 ,
 12.6767 ,  7.5320 ,162.5158 ,280.4839 ,339.4745 ,170.3250 ,
 12.6389 ,  7.6110 ,162.3542 ,281.1495 ,337.5384 ,170.6448 ,
 12.6407 ,  7.7331 ,163.1551 ,282.4978 ,337.5038 ,170.6189 ,
 12.6025 ,  7.7761 ,163.9489 ,282.4200 ,338.6966 ,170.5929 ,
 12.5625 ,  7.7787 ,164.1035 ,285.5057 ,341.1167 ,170.6621 ,
 12.4830 ,  7.9008 ,164.1035 ,284.5204 ,340.9785 ,170.3250 ,
 12.4044 ,  7.9017 ,165.0589 ,285.3156 ,340.2351 ,170.9041 ,
 12.4462 ,  7.9842 ,165.6912 ,287.4591 ,340.8920 ,171.5264 ,
 12.3676 ,  8.1888 ,166.0074 ,287.9604 ,339.4918 ,171.1980 ,
 12.2073 ,  8.0264 ,166.3235 ,289.7755 ,338.6620 ,171.5091 ,
 12.2490 ,  8.2709 ,166.7942 ,288.5827 ,339.3017 ,172.1228 ,
 12.2894 ,  8.1506 ,167.2719 ,289.5508 ,340.6327 ,172.4340 ,
 12.1713 ,  8.3149 ,167.9042 ,292.4031 ,339.1461 ,172.4253 ,
 12.1318 ,  8.2354 ,168.3819 ,293.3020 ,339.7511 ,173.0390 ,
 12.1731 ,  8.2762 ,168.7051 ,293.9934 ,341.6526 ,172.4340 ,
 12.0914 ,  8.2762 ,169.1758 ,294.7713 ,340.2870 ,173.9465 ,
 12.0927 ,  8.3610 ,169.6465 ,294.6158 ,341.5143 ,173.6267 ,
 11.9359 ,  8.1599 ,170.7564 ,298.0212 ,340.0968 ,173.8947 ,
 12.0576 ,  8.3197 ,171.0796 ,295.4282 ,340.2697 ,174.7936 ,
 11.8565 ,  8.2828 ,171.0796 ,300.1475 ,340.5636 ,174.5343 ,
 11.8973 ,  8.3236 ,171.3887 ,299.3177 ,343.7270 ,175.8221 ,
 11.8995 ,  8.2450 ,172.3442 ,298.6262 ,343.7270 ,174.8282 ,
 11.7783 ,  7.8815 ,172.6673 ,303.0862 ,344.2283 ,176.1160 ,
 11.8613 ,  8.2051 ,173.2996 ,302.5676 ,344.2802 ,176.6951 ,
 11.7010 ,  8.2477 ,173.6087 ,302.5157 ,343.3986 ,176.0209 ,
 11.9030 ,  8.1664 ,174.0935 ,303.3801 ,341.8774 ,177.1791 ,
 11.7827 ,  8.0870 ,174.4096 ,302.7059 ,345.4384 ,177.2829 ,
 11.7432 ,  7.8850 ,174.8803 ,304.5728 ,342.2922 ,178.3979 ,
 11.6642 ,  7.9280 ,175.5196 ,308.3932 ,343.4159 ,177.1964 ,
 11.7050 ,  7.9671 ,175.8357 ,306.7682 ,342.2577 ,178.3719 ,
 11.5842 ,  7.8073 ,175.8357 ,307.7882 ,345.1964 ,179.0720 ,
 11.4653 ,  7.8082 ,176.6226 ,310.8652 ,344.3666 ,178.0867 ,
 11.5061 ,  7.8916 ,176.7841 ,310.7442 ,346.2682 ,178.7522 ,
 11.3849 ,  7.6066 ,176.9457 ,311.9542 ,345.5248 ,179.3659 ,
 11.3871 ,  7.6497 ,177.8941 ,311.0553 ,346.1472 ,180.8698 ,
 11.3471 ,  7.6501 ,178.0557 ,311.8505 ,345.4384 ,180.5327 ,
 11.2681 ,  7.6115 ,178.6880 ,313.4582 ,346.5620 ,180.5327 ,
 11.1491 ,  7.5329 ,179.3203 ,311.2109 ,345.8014 ,181.0427 ,
 11.1491 ,  7.5737 ,179.3203 ,315.0658 ,345.1791 ,182.0021 ,
 11.1500 ,  7.5724 ,179.7980 ,314.2706 ,343.9345 ,182.2355 ,
 10.9902 ,  7.5364 ,180.2757 ,317.4341 ,345.5421 ,182.5985 ,
 11.0314 ,  7.5351 ,180.7464 ,316.6735 ,343.7616 ,182.8146 ,
 10.9507 ,  7.4951 ,180.7464 ,317.5032 ,346.1126 ,183.5147 ,
 10.9107 ,  7.3739 ,180.9080 ,316.1203 ,344.1938 ,184.6815 ,
 10.8703 ,  7.4977 ,181.5402 ,318.2638 ,343.5196 ,184.9235 ,
 10.7496 ,  7.4560 ,181.6948 ,319.0936 ,341.4452 ,185.8138 ,
 10.8308 ,  7.4964 ,181.8494 ,322.1533 ,340.9266 ,184.5692 ,
 10.7917 ,  7.3366 ,182.6502 ,320.0271 ,342.1539 ,184.5173 ,
 10.7509 ,  7.3361 ,182.4957 ,320.0271 ,342.7071 ,186.0990 ,
 10.5919 ,  7.3388 ,183.1280 ,323.1387 ,341.2378 ,186.3583 ,
 10.5919 ,  7.3392 ,183.2825 ,324.6772 ,338.7485 ,185.6755 ,
 10.5524 ,  7.2993 ,183.4371 ,323.2078 ,339.3017 ,185.9435 ,
 10.5129 ,  7.3818 ,183.7673 ,322.2743 ,339.2498 ,186.2114 ,
 10.5138 ,  7.3801 ,184.0764 ,326.1638 ,337.3828 ,186.7991 ,
 10.3935 ,  7.3814 ,184.2450 ,323.8647 ,337.1927 ,186.7646 ,
 10.3127 ,  7.3010 ,184.2380 ,323.9857 ,335.8443 ,187.0412 ,
 10.4343 ,  7.4222 ,184.3995 ,325.3514 ,334.7726 ,187.6203 ,
 10.2736 ,  7.3001 ,184.7087 ,326.3021 ,332.6636 ,187.2140 ,
 10.1919 ,  7.0973 ,184.5541 ,325.0748 ,332.6117 ,187.2054 ,
 10.2341 ,  7.3010 ,185.0318 ,326.3021 ,332.6117 ,187.8191 ,
 10.1550 ,  7.2624 ,185.5095 ,326.3367 ,331.8684 ,187.1449 ,
  9.9548 ,  7.3454 ,185.6641 ,325.4551 ,330.2953 ,188.2858 ,
  9.9930 ,  7.2198 ,185.3480 ,326.4404 ,327.8925 ,188.2599 ,
  9.9131 ,  7.1805 ,185.5025 ,327.2702 ,325.2995 ,188.4932 ,
  9.8732 ,  7.2615 ,185.3480 ,328.7395 ,325.2131 ,189.1501 ,
  9.7524 ,  7.2220 ,185.5025 ,328.7741 ,324.4006 ,188.1734 ,
  9.8319 ,  7.0995 ,185.3480 ,330.5373 ,323.3288 ,188.4846 ,
  9.6729 ,  7.1421 ,185.8186 ,331.2461 ,323.0522 ,188.4414 ,
  9.6330 ,  7.2215 ,185.8186 ,329.5520 ,321.7385 ,188.0870 ,
  9.5935 ,  7.2628 ,185.9802 ,328.7395 ,318.5750 ,189.4959 ,
  9.6738 ,  7.2220 ,186.1348 ,330.3645 ,318.0737 ,188.8735 ,
  9.6312 ,  6.9770 ,185.5025 ,330.7448 ,318.6787 ,189.8589 ,
  9.5149 ,  7.0986 ,185.9873 ,332.1277 ,314.7547 ,189.4267 ,
  9.5548 ,  7.1794 ,185.9873 ,331.9894 ,314.8065 ,189.1156 ,
  9.5557 ,  7.0589 ,186.4650 ,332.1796 ,311.7122 ,188.9686 ,
  9.4745 ,  7.1394 ,185.9873 ,332.8537 ,311.5739 ,189.6255 ,
  9.3124 ,  7.1394 ,185.5095 ,331.2979 ,311.9715 ,189.6687 ,
  9.3941 ,  7.0165 ,186.1418 ,333.0439 ,308.3759 ,190.1355 ,
  9.2742 ,  7.0589 ,186.6195 ,333.7699 ,308.8254 ,190.7491 ,
  9.3546 ,  7.0982 ,186.2964 ,334.4787 ,307.0621 ,190.4207 ,
  9.1535 ,  7.0990 ,186.1418 ,332.9229 ,304.8840 ,190.3256 ,
  9.1939 ,  7.0975 ,186.4650 ,332.9402 ,303.1035 ,190.5590 ,
  9.1122 ,  7.0156 ,185.9873 ,333.8737 ,302.3602 ,191.2072 ,
  9.0319 ,  7.0156 ,185.8186 ,334.6516 ,300.3549 ,190.5417 ,
  8.9928 ,  7.0172 ,186.2964 ,334.6343 ,299.6807 ,191.4233 ,
  8.9515 ,  6.9359 ,186.1418 ,333.1995 ,298.3842 ,191.0776 ,
  8.8725 ,  6.9353 ,186.6195 ,336.3284 ,295.1862 ,191.2677 ,
  8.8725 ,  7.0161 ,186.4509 ,334.6516 ,295.1516 ,191.5616 ,
  8.8312 ,  6.9344 ,186.1418 ,335.5677 ,291.9882 ,190.5849 ,
  8.8321 ,  7.0165 ,186.4509 ,335.4467 ,290.1385 ,191.3974 ,
  8.6696 ,  6.8940 ,185.8186 ,334.0984 ,289.8792 ,191.1294 ,
  8.6288 ,  6.8512 ,185.6571 ,334.1848 ,287.3554 ,192.2963 ,
  8.5902 ,  6.9340 ,186.1348 ,337.9360 ,286.0243 ,191.9678 ,
  8.4690 ,  6.8532 ,185.9802 ,335.7579 ,283.3622 ,192.4864 ,
  8.5493 ,  6.8523 ,185.9802 ,338.0916 ,282.8695 ,192.1839 ,
  8.3891 ,  6.8114 ,186.2893 ,336.6049 ,280.1555 ,192.6507 ,
  8.4720 ,  6.8119 ,185.8186 ,336.3629 ,278.4528 ,192.6334 ,
  8.3127 ,  6.8947 ,185.9802 ,337.7977 ,278.1848 ,192.0197 ,
  8.4338 ,  6.8538 ,186.2964 ,339.4227 ,276.5253 ,191.9678 ,
  8.3522 ,  6.7704 ,185.9802 ,338.7831 ,273.9323 ,193.1433 ,
  8.3926 ,  6.8512 ,185.9802 ,336.2938 ,273.3705 ,192.1407 ,
  8.3513 ,  6.7693 ,185.6641 ,335.6542 ,272.6963 ,192.7544 ,
  8.1906 ,  6.8108 ,185.5025 ,337.9706 ,268.7118 ,192.3654 ,
  8.2714 ,  6.7686 ,185.9802 ,338.8176 ,268.2277 ,193.5582 ,
  8.1498 ,  6.7678 ,185.3480 ,337.2791 ,264.9346 ,193.1433 ,
  8.2310 ,  6.8086 ,185.6571 ,337.9879 ,263.8110 ,193.1174 ,
  8.2306 ,  6.7653 ,185.5025 ,337.2964 ,260.7340 ,192.7198 ,
  8.0694 ,  6.8064 ,185.1793 ,335.6887 ,258.6077 ,192.6334 ,
  8.0712 ,  6.7254 ,185.3480 ,340.4771 ,256.1530 ,193.2298 ,
  8.0707 ,  6.7631 ,185.0248 ,339.6474 ,254.2688 ,192.8581 ,
  7.9913 ,  6.6837 ,185.5025 ,339.7857 ,249.2211 ,192.9532 ,
  8.0303 ,  6.6415 ,185.0248 ,338.3163 ,249.8866 ,192.3741 ,
  7.8701 ,  6.8046 ,184.8702 ,339.6301 ,247.7690 ,193.2643 ,
  7.8292 ,  6.7214 ,184.8702 ,338.9905 ,246.4898 ,192.9013 ,
  7.9087 ,  6.6797 ,184.5471 ,338.2817 ,243.4906 ,193.7570 ,
  7.8679 ,  6.5983 ,184.3925 ,338.4027 ,242.2027 ,193.4286 ,
  7.8270 ,  6.5577 ,184.2239 ,340.0450 ,240.2753 ,192.7717 ,
  7.8275 ,  6.6773 ,184.2239 ,342.2231 ,237.7860 ,192.7112 ,
  7.7072 ,  6.6378 ,184.3855 ,339.1634 ,236.3685 ,193.8521 ,
  7.7471 ,  6.6371 ,184.2239 ,340.7192 ,237.0513 ,193.5928 ,
  7.6659 ,  6.5941 ,183.9148 ,339.2844 ,233.2137 ,193.1779 ,
  7.6655 ,  6.6747 ,183.5916 ,340.7192 ,230.7071 ,192.4864 ,
  7.5860 ,  6.6758 ,183.9078 ,339.1806 ,228.7278 ,193.0050 ,
  7.5043 ,  6.5515 ,183.5916 ,340.1487 ,226.1608 ,193.8780 ,
  7.5043 ,  6.5515 ,183.5916 ,340.1487 ,224.2852 ,192.8754 ,
  7.5465 ,  6.6319 ,183.2755 ,340.8402 ,221.8478 ,194.0682 ,
  7.4666 ,  6.6327 ,183.4300 ,340.0623 ,221.7354 ,194.0422 ,
  7.4262 ,  6.6310 ,183.4300 ,340.8574 ,217.9496 ,193.9472 ,
  7.4652 ,  6.5888 ,182.9523 ,343.2603 ,216.1518 ,193.9472 ,
  7.3054 ,  6.5906 ,183.2755 ,340.9266 ,213.4378 ,194.0941 ,
  7.2641 ,  6.5067 ,182.9523 ,340.2870 ,210.2830 ,193.4026 ,
  7.4253 ,  6.7085 ,182.7978 ,341.5316 ,211.7437 ,193.7743 ,
  7.2242 ,  6.7504 ,182.7978 ,337.5903 ,208.3296 ,193.6014 ,
  7.3436 ,  6.6266 ,182.3201 ,340.1314 ,206.0391 ,193.2903 ,
  7.2233 ,  6.7065 ,182.3201 ,340.0450 ,202.7374 ,193.1952 ,
  7.2229 ,  6.6655 ,182.1655 ,340.8920 ,200.8964 ,193.4631 ,
  7.1423 ,  6.6661 ,182.1655 ,340.9093 ,199.5394 ,194.0250 ,
  7.0615 ,  6.6233 ,182.0039 ,339.4399 ,196.9291 ,193.2989 ,
  7.1017 ,  6.6231 ,182.0039 ,338.6448 ,195.7536 ,192.6420 ,
  7.0204 ,  6.6630 ,181.5262 ,340.9266 ,191.8987 ,193.1866 ,
  6.9822 ,  6.7017 ,181.3646 ,339.3535 ,188.7439 ,193.0569 ,
  7.0615 ,  6.6999 ,180.8939 ,337.8150 ,188.2253 ,193.0569 ,
  7.0211 ,  6.5381 ,181.0485 ,343.5196 ,186.3411 ,193.0742 ,
  6.8999 ,  6.6576 ,180.5708 ,339.4745 ,183.0307 ,193.8607 ,
  6.9004 ,  6.6580 ,180.7323 ,338.6620 ,181.1810 ,193.1693 ,
  6.7801 ,  6.6993 ,180.7253 ,340.9439 ,177.2742 ,193.0483 ,
  6.8207 ,  6.6973 ,180.8939 ,339.4227 ,175.4937 ,193.3853 ,
  6.7781 ,  6.5337 ,180.2687 ,341.2378 ,172.9785 ,193.5236 ,
  6.7785 ,  6.6556 ,180.2476 ,339.4918 ,171.1029 ,193.5582 ,
  6.7781 ,  6.5737 ,180.1001 ,341.1859 ,168.0172 ,194.9584 ,
  6.6977 ,  6.6128 ,180.0930 ,338.7831 ,164.1969 ,193.2643 ,
  6.7765 ,  6.4492 ,179.7910 ,339.0424 ,162.4942 ,194.2237 ,
  6.6562 ,  6.6523 ,179.4678 ,339.5264 ,161.0334 ,194.2929 ,
  6.7370 ,  6.6521 ,179.6223 ,339.5264 ,157.4551 ,194.4398 ,
  6.6964 ,  6.6903 ,179.3132 ,337.9014 ,155.5190 ,193.9126 ,
  6.5748 ,  6.5684 ,178.9901 ,338.1262 ,153.4878 ,193.9904 ,
  6.6532 ,  6.4044 ,178.5194 ,338.3682 ,153.0211 ,195.5375 ,
  6.6536 ,  6.4857 ,178.5194 ,340.5809 ,149.3045 ,194.1892 ,
  6.6132 ,  6.4029 ,178.6739 ,342.2577 ,145.5533 ,194.0941 ,
  6.6532 ,  6.4832 ,178.3578 ,338.2645 ,144.3605 ,195.9005 ,
  6.4920 ,  6.4431 ,178.1962 ,339.1115 ,141.0242 ,195.4597 ,
  6.5724 ,  6.4426 ,178.1962 ,338.3163 ,139.3042 ,195.5289 ,
  6.6099 ,  6.2762 ,177.4094 ,338.6275 ,135.0517 ,195.7104 ,
  6.5704 ,  6.4791 ,177.2478 ,336.7432 ,133.0983 ,194.8374 ,
  6.6512 ,  6.3173 ,177.7255 ,338.5583 ,132.0308 ,195.8400 ,
  6.5296 ,  6.3168 ,177.2478 ,340.1314 ,130.5917 ,195.6153 ,
  6.5695 ,  6.3144 ,177.2478 ,340.1314 ,126.3392 ,196.1253 ,
  6.5693 ,  6.3142 ,177.0862 ,335.4467 ,123.8629 ,195.8314 ,
  6.5689 ,  6.2731 ,176.9317 ,336.2938 ,121.3952 ,195.9697 ,
  6.4472 ,  6.1517 ,176.7771 ,338.0570 ,120.6130 ,196.6352 ,
  6.4481 ,  6.2312 ,176.9317 ,335.6023 ,117.5101 ,196.1253 ,
  6.5267 ,  6.1480 ,176.2994 ,338.0743 ,113.3094 ,196.6698 ,
  6.5282 ,  6.2308 ,176.9317 ,336.3802 ,112.6914 ,196.3241 ,
  6.4459 ,  6.1460 ,176.1308 ,338.8868 ,108.8538 ,196.5488 ,
  6.5260 ,  6.1858 ,175.9762 ,339.6128 ,109.5928 ,196.5402 ,
  6.3651 ,  6.0246 ,176.1308 ,337.5038 ,106.2824 ,196.9637 ,
  6.3642 ,  6.1028 ,175.6601 ,338.1607 ,101.3168 ,197.1970 ,
  6.2435 ,  6.1032 ,175.4985 ,337.4174 , 99.2770 ,196.3241 ,
  6.3247 ,  6.0633 ,175.9762 ,335.8962 , 96.3210 ,197.6897 ,
  6.4040 ,  6.0615 ,175.4985 ,338.2645 , 95.8197 ,198.3812 ,
  6.3243 ,  6.1416 ,175.6601 ,338.1262 , 90.7418 ,198.2775 ,
  6.2474 ,  6.0619 ,175.4985 ,338.3163 , 88.2006 ,197.7848 ,
  6.2883 ,  5.9798 ,175.1894 ,339.2498 , 85.1884 ,198.2515 ,
  6.2874 ,  6.1021 ,175.3440 ,336.6914 , 85.7848 ,198.4763 ,
  6.2079 ,  6.0591 ,175.0208 ,337.5557 , 82.5695 ,198.6664 ,
  6.2101 ,  6.0591 ,175.0208 ,337.5557 , 79.4882 ,197.2316 ,
  6.3704 ,  5.9361 ,175.0208 ,338.5238 , 79.1338 ,199.7727 ,
  6.2905 ,  5.9776 ,175.1894 ,339.2498 , 76.5322 ,198.6318 ,
  6.2488 ,  5.8955 ,174.7117 ,337.0198 , 75.2400 ,198.9862 ,
  6.2488 ,  6.0150 ,174.3885 ,336.0863 , 72.7421 ,198.7615 ,
  6.1291 ,  5.9759 ,174.8662 ,337.6940 , 71.3289 ,198.5454 ,
  6.2086 ,  5.9743 ,174.3885 ,336.9507 , 68.9757 ,199.2542 ,
  6.1682 ,  5.9726 ,174.3885 ,338.4892 , 65.8166 ,199.4184 ,
  6.1278 ,  5.8514 ,174.5501 ,338.6620 , 62.6877 ,200.2049 ,
  6.1280 ,  5.9322 ,174.3885 ,337.7977 , 63.2928 ,199.8505 ,
  6.0874 ,  5.9322 ,174.2340 ,338.5929 , 58.8933 ,199.7641 ,
  6.0472 ,  5.9304 ,174.2340 ,336.2246 , 56.3608 ,200.4296 ,
  6.1669 ,  5.7671 ,174.2340 ,338.8349 , 55.3323 ,199.9110 ,
  6.0867 ,  5.8892 ,174.0724 ,340.9957 , 53.3292 ,200.3432 ,
  6.0060 ,  5.7678 ,174.0724 ,338.0570 , 52.6075 ,201.5965 ,
  5.9656 ,  5.7682 ,174.0724 ,337.2618 , 49.4548 ,201.0865 ,
  5.9258 ,  5.7667 ,174.2269 ,338.0570 , 48.1562 ,201.4841 ,
  5.9245 ,  5.7249 ,173.7492 ,339.7165 , 46.3000 ,201.2680 ,
  5.8852 ,  5.8474 ,173.9178 ,338.7139 , 43.7438 ,201.3890 ,
  5.8850 ,  5.8876 ,173.7492 ,339.4572 , 41.8811 ,202.1064 ,
  5.8044 ,  5.7667 ,173.9178 ,338.0743 , 41.1594 ,202.4262 ,
  5.6444 ,  5.7256 ,174.2269 ,338.9041 , 40.2994 ,201.8385 ,
  5.8046 ,  5.8053 ,173.9178 ,341.8946 , 36.2003 ,203.0313 ,
  5.7660 ,  5.8472 ,174.3815 ,340.2697 , 33.6614 ,202.7893 ,
  5.6843 ,  5.7656 ,174.0724 ,337.2791 , 33.5468 ,202.7374 ,
  5.6448 ,  5.8049 ,174.2269 ,335.6542 , 30.3888 ,203.1609 ,
  5.6035 ,  5.8042 ,173.7492 ,339.5955 , 28.4602 ,203.6882 ,
  5.5638 ,  5.7645 ,174.0724 ,339.6301 , 27.7904 ,204.0253 ,
  5.4424 ,  5.8861 ,173.4331 ,338.6793 , 23.2429 ,204.5439 ,
  5.4837 ,  5.8845 ,173.9038 ,341.7909 , 22.0728 ,204.2932 ,
  5.4027 ,  5.8035 ,173.7492 ,339.5955 , 20.7212 ,204.0253 ,
  5.4843 ,  5.9256 ,174.0724 ,339.3881 , 18.3541 ,204.1030 ,
  5.4431 ,  5.8035 ,173.9038 ,342.6898 , 17.0711 ,204.2154 ,
  5.2022 ,  5.8457 ,173.9038 ,341.8774 , 15.4532 ,204.9242 ,
  5.1201 ,  5.7212 ,173.4331 ,339.7338 , 11.6279 ,204.4488 ,
  5.1223 ,  5.8446 ,174.0654 ,344.1765 , 10.3779 ,205.1662 ,
  5.1206 ,  5.7217 ,173.5876 ,342.0675 ,  7.2955 ,205.0020 ,
  5.0413 ,  5.8042 ,173.9038 ,340.3734 ,  5.9228 ,205.9786 ,
  4.9208 ,  5.7623 ,173.9038 ,342.7590 ,  4.5048 ,205.4255 ,
  5.0400 ,  5.7605 ,173.4331 ,342.7935 ,  1.5895 ,205.5638 ,
  4.8409 ,  5.8038 ,174.0654 ,342.7071 ,  0.6602 ,206.2466 ,
  4.8802 ,  5.7623 ,173.7422 ,342.0156 ,  0.1058 ,206.2984 ,
  4.8404 ,  5.7203 ,174.0654 ,342.8108 , -3.0427 ,206.5232 ,
  4.7587 ,  5.6793 ,173.5876 ,342.1194 , -4.4055 ,206.9553 ,
  4.6797 ,  5.8428 ,173.7422 ,341.8601 , -6.4120 ,207.3961 ,
  4.5991 ,  5.7623 ,173.8967 ,344.2975 , -8.9982 ,208.9001 ,
  4.5186 ,  5.7221 ,173.8967 ,343.5714 ,-10.9748 ,207.1023 ,
  4.5195 ,  5.7612 ,174.2199 ,344.2975 ,-12.8359 ,207.5604 ,
  4.5596 ,  5.7206 ,174.2199 ,344.3493 ,-14.0065 ,208.6321 ,
  4.4793 ,  5.7210 ,174.2199 ,346.6830 ,-14.7503 ,208.3642 ,
  4.3989 ,  5.7214 ,174.2199 ,345.9051 ,-16.1144 ,208.1308 ,
  4.3991 ,  5.6409 ,174.5290 ,344.4185 ,-19.1946 ,209.3063 ,
  4.3978 ,  5.6398 ,173.8967 ,343.6925 ,-17.9630 ,209.5397 ,
  4.2404 ,  5.6802 ,174.3745 ,347.4955 ,-21.3068 ,209.4705 ,
  4.2378 ,  5.6391 ,174.2129 ,344.4185 ,-25.6425 ,209.4533 ,
  4.1976 ,  5.7206 ,174.0583 ,342.7244 ,-26.9596 ,209.8595 ,
  4.1175 ,  5.5996 ,174.3745 ,346.8213 ,-25.8186 ,208.8223 ,
  4.0762 ,  5.5991 ,173.8967 ,345.2482 ,-28.9842 ,211.0090 ,
  3.9972 ,  5.6411 ,174.3674 ,345.1791 ,-30.9700 ,210.4905 ,
  3.9974 ,  5.7607 ,174.2129 ,345.7841 ,-31.6107 ,211.8388 ,
  3.9563 ,  5.5985 ,174.2129 ,346.7868 ,-34.1249 ,211.3894 ,
  3.7170 ,  5.6826 ,174.8452 ,348.2043 ,-36.3646 ,211.1906 ,
  3.7164 ,  5.6009 ,174.6906 ,347.5647 ,-35.1145 ,211.4499 ,
  3.7162 ,  5.6413 ,174.5220 ,345.9224 ,-38.8430 ,212.3660 ,
  3.6762 ,  5.6398 ,174.6906 ,347.4609 ,-40.7618 ,213.1439 ,
  3.5946 ,  5.5179 ,174.3674 ,346.1126 ,-40.8699 ,212.4957 ,
  3.5960 ,  5.6404 ,174.6906 ,346.6830 ,-44.6059 ,213.1180 ,
  3.4756 ,  5.6817 ,174.6836 ,347.3918 ,-45.4184 ,213.1439 ,
  3.5548 ,  5.5994 ,174.3674 ,347.5301 ,-46.5226 ,212.9279 ,
  3.3551 ,  5.6016 ,174.8452 ,345.9397 ,-48.0676 ,212.7031 ,
  3.3956 ,  5.5996 ,174.9997 ,349.0513 ,-50.4791 ,214.1811 ,
  3.3953 ,  5.5991 ,174.8452 ,347.4782 ,-52.3439 ,213.6625 ,
  3.3159 ,  5.7219 ,174.9997 ,349.6390 ,-52.4843 ,215.6505 ,
  3.0742 ,  5.6016 ,174.9997 ,349.8465 ,-54.0790 ,216.0740 ,
  3.1548 ,  5.6420 ,174.9997 ,345.8533 ,-57.0631 ,214.9763 ,
  3.1158 ,  5.6007 ,175.6320 ,351.3331 ,-59.5870 ,215.1578 ,
  3.0345 ,  5.6000 ,175.1543 ,348.2388 ,-60.3389 ,214.8985 ,
  2.8737 ,  5.6013 ,175.1543 ,347.4436 ,-62.4479 ,215.6764 ,
  2.9567 ,  5.6415 ,175.3159 ,348.9130 ,-63.5629 ,216.1086 ,
  2.8761 ,  5.5994 ,175.3159 ,348.2043 ,-66.7847 ,215.9876 ,
  2.8363 ,  5.6000 ,175.4704 ,348.9649 ,-66.8430 ,216.6618 ,
  2.8363 ,  5.5190 ,175.6320 ,349.8638 ,-70.5532 ,216.2988 ,
  2.8365 ,  5.4788 ,175.7865 ,350.6935 ,-71.1690 ,217.9669 ,
  2.6348 ,  5.4773 ,175.4704 ,349.1377 ,-72.7161 ,218.0879 ,
  2.6345 ,  5.3579 ,175.6250 ,347.7548 ,-72.6989 ,217.4137 ,
  2.4747 ,  5.5192 ,175.6250 ,350.6244 ,-77.3101 ,217.4483 ,
  2.5955 ,  5.5592 ,175.6250 ,351.3504 ,-77.1329 ,217.1112 ,
  2.4745 ,  5.5596 ,175.4704 ,348.2215 ,-78.5677 ,217.8718 ,
  2.3141 ,  5.4799 ,175.7795 ,348.3426 ,-79.4190 ,218.2435 ,
  2.3943 ,  5.5179 ,175.6250 ,352.1629 ,-81.1520 ,219.0646 ,
  2.2332 ,  5.4376 ,175.6250 ,351.5060 ,-83.2523 ,219.2288 ,
  2.1934 ,  5.4382 ,175.7795 ,352.2839 ,-83.9308 ,219.2807 ,
  2.1939 ,  5.5195 ,175.7795 ,353.7014 ,-85.8021 ,219.7301 ,
  2.1952 ,  5.6420 ,176.1027 ,349.6045 ,-86.4460 ,219.4017 ,
  2.1572 ,  5.6040 ,175.7795 ,350.4169 ,-88.9353 ,220.6031 ,
  2.0369 ,  5.5623 ,175.9411 ,352.8198 ,-89.1168 ,220.6204 ,
  1.8351 ,  5.4819 ,175.7795 ,352.1629 ,-91.2820 ,220.1364 ,
  1.8751 ,  5.4411 ,175.7795 ,352.2320 ,-94.3114 ,220.3525 ,
  1.8771 ,  5.6049 ,176.2572 ,351.9555 ,-94.3287 ,220.3265 ,
  1.7553 ,  5.5640 ,175.7795 ,353.5977 ,-94.5146 ,221.3724 ,
  1.6759 ,  5.6057 ,176.0957 ,351.9555 ,-95.8802 ,220.7846 ,
  1.5952 ,  5.6038 ,175.9411 ,353.4940 ,-99.1042 ,221.7095 ,
  1.5959 ,  5.6854 ,176.0957 ,354.1509 ,-99.7394 ,221.0439 ,
  1.5154 ,  5.6453 ,176.0957 ,352.6296 ,-101.1008 ,222.1503 ,
  1.4348 ,  5.6053 ,176.0957 ,353.4767 ,-102.4578 ,222.2626 ,
  1.2739 ,  5.5658 ,176.0957 ,353.5285 ,-104.5624 ,223.0665 ,
  1.2341 ,  5.6472 ,176.0957 ,351.8517 ,-105.2582 ,222.7899 ,
  1.2751 ,  5.7285 ,176.2502 ,352.5086 ,-106.4423 ,223.2048 ,
  1.1942 ,  5.6883 ,176.0957 ,352.5778 ,-107.1813 ,223.5937 ,
  1.1141 ,  5.7274 ,176.0957 ,352.4913 ,-109.1779 ,223.7493 ,
  1.0348 ,  5.8501 ,176.2502 ,352.3012 ,-113.0458 ,223.6801 ,
  1.0343 ,  5.7689 ,176.2502 ,353.9953 ,-110.5479 ,224.8211 ,
  0.9933 ,  5.6872 ,176.0886 ,352.5605 ,-114.3250 ,225.1322 ,
  0.7925 ,  5.6887 ,176.0886 ,353.3211 ,-115.2585 ,224.5099 ,
  0.7934 ,  5.7300 ,176.4048 ,354.0298 ,-116.4988 ,224.5963 ,
  0.7531 ,  5.6492 ,176.5664 ,353.3557 ,-117.1687 ,225.6422 ,
  0.6717 ,  5.7704 ,175.7655 ,355.5511 ,-116.6890 ,225.3397 ,
  0.6315 ,  5.5256 ,176.4048 ,356.6574 ,-119.1826 ,225.8064 ,
  0.5538 ,  5.8521 ,176.7209 ,353.8224 ,-121.2267 ,225.9360 ,
  0.5130 ,  5.8112 ,176.5664 ,353.8916 ,-123.7722 ,227.4573 ,
  0.3528 ,  5.7726 ,176.8755 ,352.3530 ,-124.6365 ,226.8263 ,
  0.1518 ,  5.8141 ,176.7209 ,354.6349 ,-124.9476 ,227.5523 ,
  0.1521 ,  5.8145 ,176.8755 ,355.3955 ,-126.8103 ,227.6993 ,
  0.1129 ,  5.8560 ,177.1986 ,352.9754 ,-127.5017 ,227.0251 ,
 -0.1686 ,  5.9386 ,176.8755 ,354.4274 ,-128.5778 ,228.1401 ,
 -0.2489 ,  5.9370 ,176.8684 ,355.9832 ,-130.5528 ,228.3129 ,
 -0.3291 ,  5.9781 ,176.8684 ,355.1362 ,-130.6868 ,228.3129 ,
 -0.2082 ,  5.9776 ,177.0300 ,354.3583 ,-130.4966 ,228.2784 ,
 -0.3690 ,  5.8977 ,177.1916 ,357.5909 ,-133.2106 ,228.4858 ,
 -0.4094 ,  5.8571 ,177.1916 ,357.6600 ,-135.1295 ,229.6527 ,
 -0.5291 ,  5.9397 ,177.3462 ,355.9487 ,-137.8175 ,230.8195 ,
 -0.6099 ,  5.9803 ,177.0230 ,353.5631 ,-137.3335 ,229.7910 ,
 -0.6497 ,  6.0619 ,177.0230 ,354.2027 ,-138.6473 ,230.2318 ,
 -0.8105 ,  5.9798 ,177.1776 ,357.4526 ,-140.7390 ,232.0901 ,
 -0.8087 ,  6.1028 ,177.6553 ,357.2452 ,-142.0009 ,230.7676 ,
 -0.8891 ,  6.1032 ,177.6553 ,356.4500 ,-142.7442 ,232.1765 ,
 -0.9693 ,  6.0635 ,177.8098 ,357.2970 ,-142.2429 ,231.7876 ,
 -1.1300 ,  6.0646 ,177.8098 ,358.0576 ,-144.3432 ,232.6432 ,
 -1.0494 ,  6.1045 ,177.8098 ,357.9885 ,-144.8532 ,231.3295 ,
 -1.2897 ,  6.1067 ,178.1330 ,357.1933 ,-148.3278 ,232.2284 ,
 -1.3708 ,  6.1067 ,177.8098 ,357.2106 ,-148.4488 ,232.2716 ,
 -1.4501 ,  6.1061 ,178.2875 ,356.3981 ,-151.6900 ,234.1472 ,
 -1.4880 ,  6.1873 ,178.1260 ,357.8329 ,-153.6175 ,233.6459 ,
 -1.5278 ,  6.1880 ,178.2875 ,358.6108 ,-154.2917 ,234.0435 ,
 -1.6883 ,  6.1083 ,178.6037 ,355.6029 ,-156.4006 ,234.4583 ,
 -1.6481 ,  6.2292 ,178.2875 ,356.9859 ,-156.3488 ,234.8300 ,
 -1.8485 ,  6.1908 ,178.6037 ,356.2598 ,-157.2823 ,233.8533 ,
 -1.8888 ,  6.2312 ,178.4491 ,358.5244 ,-158.5874 ,235.3572 ,
 -1.9288 ,  6.2701 ,178.4491 ,356.8994 ,-160.5235 ,236.1524 ,
 -2.0075 ,  6.3122 ,179.0814 ,357.6082 ,-161.8805 ,236.2043 ,
 -2.0484 ,  6.2310 ,178.9128 ,360.0974 ,-162.5633 ,237.9935 ,
 -2.1294 ,  6.1908 ,178.7582 ,357.0377 ,-162.0706 ,236.2561 ,
 -2.3691 ,  6.3146 ,179.0744 ,356.8303 ,-163.6956 ,236.3599 ,
 -2.3301 ,  6.2729 ,178.5967 ,358.4725 ,-164.2401 ,237.1032 ,
 -2.4902 ,  6.3151 ,178.7512 ,358.3688 ,-166.9800 ,238.3478 ,
 -2.5298 ,  6.3561 ,178.9128 ,359.8554 ,-167.0578 ,236.9735 ,
 -2.5678 ,  6.4797 ,179.5451 ,360.4259 ,-169.6163 ,237.7860 ,
 -2.6893 ,  6.3989 ,179.3835 ,358.2132 ,-171.0338 ,238.5812 ,
 -2.8501 ,  6.4382 ,179.2289 ,358.1441 ,-171.2844 ,238.2787 ,
 -2.8904 ,  6.3574 ,179.3835 ,359.0430 ,-173.1946 ,239.4542 ,
 -2.9310 ,  6.3574 ,179.2289 ,359.8209 ,-172.6501 ,239.7653 ,
 -3.0111 ,  6.3177 ,179.3835 ,359.0948 ,-175.2344 ,239.9382 ,
 -3.2104 ,  6.4011 ,179.8612 ,358.9392 ,-176.1938 ,240.9668 ,
 -3.2514 ,  6.4009 ,179.5380 ,358.9565 ,-177.4989 ,240.7766 ,
 -3.3314 ,  6.4420 ,179.5380 ,359.6999 ,-176.9976 ,242.0990 ,
 -3.3311 ,  6.4422 ,179.6996 ,360.4259 ,-178.8559 ,242.1509 ,
 -3.5316 ,  6.4439 ,179.8542 ,359.6653 ,-179.1671 ,242.8164 ,
 -3.6518 ,  6.4450 ,180.0158 ,361.9817 ,-180.5846 ,242.4361 ,
 -3.6121 ,  6.4038 ,179.8542 ,358.9392 ,-181.1551 ,243.4214 ,
 -3.7328 ,  6.5239 ,179.5380 ,361.0828 ,-183.2122 ,243.3523 ,
 -3.8920 ,  6.4068 ,180.4865 ,358.8874 ,-184.0679 ,243.6548 ,
 -3.8527 ,  6.4442 ,180.0087 ,359.6307 ,-185.2520 ,243.5770 ,
 -3.9317 ,  6.6077 ,180.1703 ,361.7224 ,-187.2486 ,243.8623 ,
 -4.0536 ,  6.5669 ,179.6856 ,358.6627 ,-188.0611 ,244.1475 ,
 -4.0123 ,  6.5271 ,180.3319 ,360.2703 ,-188.6056 ,244.8217 ,
 -4.3739 ,  6.5702 ,180.1633 ,360.9964 ,-189.7897 ,245.4353 ,
 -4.2927 ,  6.6512 ,180.3179 ,357.7638 ,-189.6860 ,245.1155 ,
 -4.4125 ,  6.6523 ,180.6410 ,359.2850 ,-192.9705 ,244.9772 ,
 -4.4132 ,  6.5711 ,180.6410 ,360.1839 ,-192.3222 ,246.3515 ,
 -4.7346 ,  6.6136 ,180.4794 ,358.5417 ,-194.6905 ,245.9280 ,
 -4.6933 ,  6.6143 ,180.9572 ,358.5417 ,-195.2696 ,245.9021 ,
 -4.6534 ,  6.6543 ,180.7956 ,359.2677 ,-197.0674 ,246.1268 ,
 -4.8931 ,  6.6567 ,181.2733 ,360.0110 ,-196.8167 ,246.5330 ,
 -5.0938 ,  6.6988 ,181.2663 ,359.1467 ,-200.2308 ,246.7059 ,
 -5.0942 ,  6.6986 ,181.1117 ,361.4977 ,-199.6085 ,247.0949 ,
 -5.1743 ,  6.6586 ,181.2663 ,362.3447 ,-199.7209 ,247.0862 ,
 -5.2549 ,  6.6185 ,181.2663 ,360.8408 ,-202.3139 ,247.9938 ,
 -5.3750 ,  6.6602 ,181.4208 ,359.9937 ,-202.5127 ,247.6480 ,
 -5.4560 ,  6.5792 ,181.2663 ,361.6705 ,-203.2387 ,247.9419 ,
 -5.4953 ,  6.6185 ,181.5824 ,363.1572 ,-206.3849 ,248.4951 ,
 -5.6143 ,  6.7847 ,181.8985 ,360.5642 ,-204.7599 ,247.8900 ,
 -5.6955 ,  6.6204 ,181.9056 ,360.0110 ,-208.5889 ,249.4199 ,
 -5.7357 ,  6.7017 ,181.7370 ,360.6679 ,-208.6581 ,249.7311 ,
 -5.8968 ,  6.7028 ,181.5824 ,360.6852 ,-208.9087 ,250.0595 ,
 -5.8556 ,  6.7434 ,181.8985 ,362.1718 ,-209.4619 ,249.7138 ,
 -6.1359 ,  6.7458 ,182.2217 ,359.8036 ,-211.7610 ,249.9644 ,
 -6.0560 ,  6.7050 ,182.2217 ,359.8727 ,-211.6400 ,249.9644 ,
 -6.2152 ,  6.7072 ,182.8540 ,359.8209 ,-213.1267 ,250.5954 ,
 -6.2562 ,  6.5853 ,182.8540 ,362.3620 ,-215.0109 ,250.8720 ,
 -6.4156 ,  6.7493 ,183.0085 ,362.1027 ,-215.2788 ,250.8720 ,
 -6.4971 ,  6.7083 ,182.5308 ,362.9325 ,-217.2668 ,252.1080 ,
 -6.5366 ,  6.7089 ,182.8540 ,360.5988 ,-217.3273 ,252.7908 ,
 -6.6156 ,  6.7513 ,183.3317 ,361.2902 ,-218.0793 ,252.0907 ,
 -6.8567 ,  6.7526 ,183.3247 ,363.6412 ,-219.0646 ,252.0648 ,
 -6.8968 ,  6.7127 ,183.4933 ,362.1373 ,-220.3611 ,252.6957 ,
 -6.8169 ,  6.6712 ,183.3247 ,363.7622 ,-220.8624 ,253.0242 ,
 -7.0167 ,  6.7544 ,183.6478 ,363.6066 ,-223.6542 ,253.2230 ,
 -7.0968 ,  6.8360 ,183.4863 ,361.9125 ,-225.0458 ,254.5108 ,
 -7.0565 ,  6.7146 ,183.9640 ,363.6585 ,-224.9507 ,254.5195 ,
 -7.2971 ,  6.8760 ,183.6478 ,366.5281 ,-227.1893 ,254.0873 ,
 -7.4169 ,  6.7583 ,184.2801 ,363.5721 ,-226.7572 ,255.1504 ,
 -7.4569 ,  6.7970 ,184.2801 ,364.2981 ,-228.0536 ,255.4443 ,
 -7.6576 ,  6.7579 ,184.4417 ,365.1279 ,-228.3562 ,255.0986 ,
 -7.6580 ,  6.7577 ,184.2731 ,363.5548 ,-228.3648 ,256.4383 ,
 -7.7770 ,  6.8808 ,184.5962 ,364.1252 ,-229.7910 ,255.3406 ,
 -7.9785 ,  6.7199 ,184.7508 ,364.3672 ,-231.3208 ,257.3112 ,
 -8.0997 ,  6.8435 ,185.2285 ,363.3992 ,-232.7815 ,256.2481 ,
 -7.9785 ,  6.8433 ,185.5376 ,362.6040 ,-233.8274 ,257.2162 ,
 -8.2196 ,  6.9258 ,185.2285 ,364.8167 ,-234.2077 ,257.5446 ,
 -8.2999 ,  6.8859 ,185.3831 ,364.8686 ,-235.5560 ,258.5299 ,
 -8.3394 ,  6.8867 ,185.6992 ,366.4243 ,-236.2389 ,258.4954 ,
 -8.4194 ,  6.9682 ,185.5376 ,363.9524 ,-238.2355 ,258.7201 ,
 -8.5397 ,  6.8887 ,186.0154 ,364.0561 ,-239.6616 ,259.0313 ,
 -8.6591 ,  6.9307 ,186.3315 ,364.7821 ,-239.8431 ,258.6855 ,
 -8.7798 ,  7.0527 ,186.0083 ,365.3526 ,-240.0419 ,259.6968 ,
 -8.9397 ,  7.0953 ,186.3315 ,366.8219 ,-245.2538 ,259.1350 ,
 -8.8993 ,  6.9732 ,186.4860 ,364.6611 ,-243.9487 ,260.2154 ,
 -9.0191 ,  7.0558 ,186.6406 ,366.0959 ,-245.9885 ,261.1402 ,
 -9.1798 ,  7.0569 ,186.7952 ,367.6344 ,-244.9945 ,259.8092 ,
 -9.2606 ,  6.8949 ,186.7952 ,367.8764 ,-248.8062 ,260.6821 ,
 -9.4196 ,  6.9785 ,187.5960 ,365.4044 ,-247.8468 ,261.7798 ,
 -9.5807 ,  7.1412 ,186.9567 ,367.4961 ,-249.9731 ,260.2759 ,
 -9.6602 ,  7.2233 ,187.1183 ,368.9136 ,-250.1027 ,260.2932 ,
 -9.8183 ,  7.2259 ,188.0667 ,368.8963 ,-251.5807 ,261.6415 ,
 -9.8600 ,  7.1019 ,187.9052 ,369.0692 ,-252.8686 ,261.9008 ,
-10.0194 ,  7.2655 ,187.9052 ,367.2541 ,-253.7588 ,261.5292 ,
-10.1788 ,  7.2273 ,188.6990 ,367.3060 ,-253.3872 ,263.2751 ,
-10.2587 ,  7.2685 ,188.6990 ,366.4762 ,-254.1391 ,263.5431 ,
-10.2595 ,  7.3897 ,188.2213 ,367.0467 ,-256.6371 ,263.0763 ,
-10.5796 ,  7.3524 ,188.8536 ,369.4322 ,-257.7348 ,263.4221 ,
-10.6205 ,  7.3924 ,188.3829 ,367.8419 ,-259.6709 ,263.6381 ,
-10.7399 ,  7.4753 ,188.6990 ,368.4815 ,-259.8697 ,263.6381 ,
-10.8185 ,  7.4363 ,189.4929 ,367.7381 ,-259.3684 ,264.3728 ,
-10.9388 ,  7.4780 ,189.4929 ,370.0027 ,-260.7945 ,265.6693 ,
-10.9788 ,  7.5592 ,189.4929 ,370.6596 ,-261.4860 ,263.9493 ,
-11.1790 ,  7.5210 ,189.8090 ,370.6941 ,-264.2432 ,265.2199 ,
-11.2589 ,  7.6027 ,189.8090 ,370.5904 ,-263.1368 ,265.9373 ,
-11.4187 ,  7.6448 ,190.1181 ,371.2819 ,-265.2631 ,265.1853 ,
-11.5004 ,  7.6053 ,190.5958 ,369.7607 ,-265.3841 ,266.1533 ,
-11.5790 ,  7.6865 ,190.1181 ,371.2127 ,-264.9001 ,266.1966 ,
-11.7796 ,  7.6879 ,190.1181 ,371.2300 ,-266.4472 ,266.7757 ,
-11.7796 ,  7.7708 ,191.0736 ,371.0399 ,-267.7178 ,266.4386 ,
-11.9403 ,  7.8529 ,190.9049 ,372.4919 ,-267.3375 ,268.1672 ,
-12.1410 ,  7.8947 ,190.7504 ,372.4228 ,-270.7516 ,267.6400 ,
-12.1805 ,  7.8551 ,191.0665 ,370.9016 ,-270.8121 ,266.6028 ,
-12.3408 ,  7.9781 ,191.0665 ,372.2845 ,-271.0714 ,267.6227 ,
-12.5010 ,  8.0606 ,191.0665 ,372.9414 ,-270.1033 ,268.3574 ,
-12.5406 ,  8.1015 ,191.2211 ,372.8723 ,-270.1552 ,268.7031 ,
-12.7412 ,  8.1436 ,191.2211 ,373.5637 ,-274.8139 ,268.8241 ,
-12.8602 ,  8.3482 ,191.3756 ,373.2698 ,-272.5407 ,269.2909 ,
-12.8615 ,  8.2257 ,191.2211 ,372.6648 ,-275.0127 ,269.4810 ,
-13.0613 ,  8.3495 ,191.5302 ,374.0650 ,-273.4656 ,271.2788 ,
-13.1816 ,  8.2284 ,191.6918 ,372.6475 ,-275.4968 ,270.8380 ,
-13.3024 ,  8.2683 ,191.6918 ,371.8005 ,-276.9315 ,270.7343 ,
-13.4609 ,  8.4725 ,192.0079 ,375.3788 ,-278.4528 ,270.3886 ,
-13.5417 ,  8.5138 ,191.6918 ,375.3097 ,-278.5738 ,271.0455 ,
-13.6629 ,  8.4330 ,191.6918 ,375.4307 ,-278.7466 ,271.3739 ,
-13.9430 ,  8.5168 ,192.0009 ,376.8655 ,-279.1875 ,271.7283 ,
-13.9417 ,  8.5985 ,192.3241 ,377.5051 ,-281.6854 ,271.2615 ,
-14.1432 ,  8.5186 ,192.1554 ,376.8482 ,-281.9792 ,272.2642 ,
-14.1823 ,  8.7223 ,192.3100 ,374.2033 ,-282.6966 ,272.5407 ,
-14.3816 ,  8.8461 ,192.6332 ,374.7911 ,-281.8064 ,272.2901 ,
-14.4624 ,  8.8062 ,192.6332 ,372.4919 ,-285.0044 ,272.7655 ,
-14.6635 ,  8.7258 ,192.4716 ,377.3149 ,-283.4486 ,273.2322 ,
-14.7821 ,  8.7280 ,193.2654 ,376.4679 ,-285.4884 ,274.1570 ,
-14.9849 ,  8.7280 ,192.6261 ,375.7245 ,-285.8169 ,273.7940 ,
-15.1035 ,  8.9326 ,192.9493 ,376.9692 ,-286.6293 ,274.1225 ,
-15.1772 ,  8.8958 ,193.1039 ,376.1049 ,-289.1186 ,274.3126 ,
-15.3775 ,  8.9787 ,193.2584 ,378.3003 ,-289.4298 ,275.3239 ,
-15.3836 ,  8.9353 ,193.2584 ,377.7125 ,-288.2716 ,275.4017 ,
-15.5786 ,  8.9796 ,193.1039 ,378.3003 ,-289.1186 ,275.3239 ,
-15.8192 ,  8.9814 ,193.2584 ,376.7445 ,-289.4816 ,275.3066 ,
-15.8587 ,  9.0630 ,193.4130 ,377.4013 ,-290.1731 ,275.6351 ,
-16.0203 ,  9.0231 ,192.9353 ,377.4878 ,-290.4324 ,276.2747 ,
-16.0589 ,  9.1460 ,193.5746 ,376.4852 ,-291.7462 ,277.5712 ,
-16.4207 ,  9.2290 ,192.9353 ,377.9545 ,-292.3166 ,276.8883 ,
-16.3812 ,  9.1070 ,193.2514 ,377.3322 ,-294.0972 ,277.4847 ,
-16.5410 ,  9.1087 ,193.7291 ,377.3322 ,-294.9615 ,277.1217 ,
-16.7816 ,  9.2325 ,193.7291 ,378.6806 ,-294.7368 ,278.4701 ,
-16.8615 ,  9.1926 ,193.7291 ,378.7324 ,-296.0678 ,278.0638 ,
-16.9415 ,  9.1531 ,193.8837 ,375.7073 ,-294.3737 ,279.1356 ,
-17.0626 ,  9.1939 ,193.7221 ,378.7497 ,-295.1516 ,280.1209 ,
-17.1830 ,  9.2347 ,193.5605 ,378.6806 ,-297.8484 ,278.3231 ,
-17.3024 ,  9.3173 ,193.5605 ,377.7817 ,-297.3989 ,280.3370 ,
-17.4631 ,  9.3186 ,193.7221 ,377.7989 ,-295.7912 ,280.0950 ,
-17.5834 ,  9.3581 ,193.8766 ,379.2683 ,-299.0757 ,280.9853 ,
-17.7845 ,  9.4398 ,193.3989 ,379.1646 ,-298.1595 ,281.3223 ,
-17.8653 ,  9.3998 ,193.5535 ,379.2164 ,-299.5079 ,281.9533 ,
-18.0234 ,  9.4047 ,194.3544 ,379.9598 ,-299.1448 ,280.9939 ,
-18.2280 ,  9.2804 ,193.5535 ,378.6287 ,-300.6834 ,281.5298 ,
-18.2245 ,  9.4872 ,194.3473 ,378.2830 ,-297.6409 ,282.0484 ,
-18.4264 ,  9.4450 ,193.7151 ,379.9252 ,-301.0118 ,282.8695 ,
-18.5871 ,  9.4055 ,193.8696 ,379.1992 ,-303.7431 ,282.7658 ,
-18.7074 ,  9.5689 ,193.8696 ,379.7350 ,-303.3282 ,282.7744 ,
-18.9489 ,  9.5294 ,193.5465 ,379.7869 ,-302.4639 ,283.4832 ,
-18.9085 ,  9.4481 ,193.8696 ,380.7031 ,-302.9998 ,283.4832 ,
-19.1483 ,  9.5724 ,194.1787 ,379.7005 ,-304.0024 ,283.7770 ,
-19.2686 ,  9.5733 ,194.1787 ,378.9226 ,-304.1925 ,284.4339 ,
-19.3503 ,  9.4912 ,193.5394 ,378.2830 ,-304.2963 ,284.0536 ,
-19.5092 ,  9.5755 ,194.3403 ,379.7005 ,-303.3282 ,285.1600 ,
-19.7121 ,  9.5346 ,193.6940 ,378.2311 ,-305.4890 ,285.0217 ,
-19.9123 ,  9.6176 ,193.6940 ,376.5543 ,-305.1952 ,285.0044 ,
-19.9931 ,  9.5772 ,193.5394 ,378.9571 ,-305.9385 ,285.6440 ,
-20.1942 ,  9.5785 ,193.5324 ,377.3841 ,-306.2496 ,286.9751 ,
-20.2337 ,  9.7006 ,193.3778 ,378.7497 ,-308.1685 ,285.2118 ,
-20.3549 ,  9.5395 ,193.8556 ,377.4705 ,-307.7363 ,285.2291 ,
-20.5147 ,  9.7024 ,193.3778 ,377.9891 ,-307.9956 ,285.8687 ,
-20.8361 ,  9.7858 ,193.2092 ,379.4239 ,-307.8746 ,286.5775 ,
-20.7966 ,  9.6224 ,193.2092 ,378.9053 ,-309.0501 ,285.8169 ,
-20.9590 ,  9.5825 ,192.8931 ,377.4013 ,-309.3094 ,286.4738 ,
-21.1601 ,  9.5842 ,192.8931 ,379.7350 ,-310.2256 ,287.0961 ,
-21.2383 ,  9.7880 ,193.2092 ,377.8508 ,-311.0035 ,286.0935 ,
-21.2383 ,  9.7875 ,192.8931 ,376.3296 ,-309.7761 ,286.7849 ,
-21.4798 ,  9.7498 ,193.2022 ,378.6978 ,-311.9715 ,287.7011 ,
-21.5606 ,  9.5869 ,193.2022 ,378.9571 ,-310.8306 ,286.7676 ,
-21.6818 ,  9.7498 ,192.5699 ,379.4757 ,-311.6604 ,287.6838 ,
-21.7617 ,  9.7094 ,192.7245 ,377.2112 ,-311.1763 ,288.3580 ,
-21.9645 ,  9.5474 ,192.2538 ,376.6926 ,-310.8479 ,287.7011 ,
-22.2455 ,  9.7120 ,192.2538 ,376.4679 ,-311.2973 ,288.3407 ,
-22.3676 ,  9.6308 ,191.7761 ,376.6062 ,-312.7148 ,288.6000 ,
-22.4063 ,  9.7533 ,192.0852 ,377.1766 ,-313.4236 ,288.2543 ,
-22.5283 ,  9.6721 ,191.4529 ,377.3149 ,-312.9741 ,289.2396 ,
-22.8093 ,  9.6312 ,191.6215 ,375.8110 ,-314.6337 ,289.4643 ,
-22.8901 ,  9.6747 ,191.6075 ,376.5370 ,-313.5446 ,288.2024 ,
-22.8910 ,  9.6339 ,191.4459 ,376.6062 ,-312.3000 ,289.6026 ,
-23.1729 ,  9.5921 ,191.1438 ,372.0079 ,-313.9768 ,290.1385 ,
-23.2537 ,  9.5917 ,190.6591 ,374.3416 ,-314.7201 ,289.3952 ,
-23.3749 ,  9.6334 ,190.4975 ,373.4946 ,-314.9102 ,289.7236 ,
-23.4952 ,  9.6747 ,190.4975 ,372.6475 ,-313.2680 ,290.8127 ,
-23.6576 ,  9.5939 ,190.1813 ,372.0425 ,-314.1151 ,289.7236 ,
-23.7384 ,  9.5939 ,189.7036 ,373.5983 ,-315.4634 ,290.0175 ,
-23.9395 ,  9.5948 ,189.5491 ,372.8204 ,-315.8091 ,289.9657 ,
-24.1011 ,  9.5952 ,189.3805 ,372.0425 ,-316.6735 ,290.8991 ,
-24.0616 ,  9.6347 ,188.7412 ,373.5810 ,-313.5100 ,290.0348 ,
-24.4216 ,  9.5974 ,189.2119 ,374.3935 ,-315.9301 ,290.2422 ,
-24.4638 ,  9.5965 ,188.7412 ,372.0944 ,-315.3943 ,289.9311 ,
-24.5051 ,  9.5961 ,188.2634 ,371.3165 ,-315.4461 ,290.2077 ,
-24.7869 ,  9.5166 ,188.1089 ,370.6596 ,-316.4833 ,291.1584 ,
-24.9485 ,  9.4767 ,187.9473 ,370.7287 ,-315.4807 ,290.5188 ,
-25.0688 ,  9.5179 ,187.7927 ,369.1211 ,-315.0831 ,291.1930 ,
-25.2287 ,  9.5992 ,186.9919 ,369.7952 ,-315.3424 ,290.8127 ,
-25.3516 ,  9.5575 ,186.1980 ,369.1038 ,-317.3477 ,290.6571 ,
-25.4719 ,  9.3564 ,186.8303 ,367.8419 ,-316.9155 ,290.0348 ,
-25.5931 ,  9.4784 ,186.3526 ,368.4469 ,-317.1229 ,291.0201 ,
-25.7143 ,  9.5188 ,185.7203 ,365.3007 ,-317.3477 ,289.6199 ,
-25.9163 ,  9.3976 ,185.3971 ,367.0467 ,-316.3969 ,289.9829 ,
-25.9180 ,  9.3559 ,184.9194 ,367.1504 ,-314.5126 ,291.0374 ,
-26.0392 ,  9.3160 ,184.7649 ,364.0734 ,-314.7028 ,290.3460 ,
-26.2816 ,  9.2360 ,184.6033 ,361.8953 ,-316.3277 ,289.5681 ,
-26.2412 ,  9.3568 ,184.1256 ,362.5003 ,-315.6709 ,291.2794 ,
-26.4835 ,  9.2360 ,183.8024 ,363.4683 ,-316.0339 ,291.2449 ,
-26.6056 ,  9.1952 ,183.3317 ,361.2384 ,-314.3571 ,289.9484 ,
-26.7259 ,  9.2773 ,183.1631 ,360.3049 ,-315.1868 ,290.8991 ,
-26.8067 ,  9.2374 ,183.1701 ,359.6134 ,-317.1575 ,290.0867 ,
-26.8076 ,  9.1548 ,182.6994 ,359.7517 ,-316.5352 ,289.4298 ,
-26.9692 ,  9.1557 ,182.5308 ,358.9738 ,-316.8118 ,290.0694 ,
-27.0912 ,  9.0749 ,182.0531 ,359.1121 ,-316.3623 ,288.7037 ,
-27.1343 ,  8.9511 ,181.2592 ,360.0974 ,-314.5472 ,288.7556 ,
-27.2537 ,  9.0314 ,181.2663 ,356.0697 ,-315.9820 ,288.3234 ,
-27.4162 ,  8.8716 ,181.1047 ,354.0126 ,-314.3744 ,287.7184 ,
-27.4188 ,  8.7460 ,180.1492 ,354.2200 ,-316.2240 ,287.5974 ,
-27.5005 ,  8.6652 ,179.9947 ,353.5977 ,-314.4608 ,287.3208 ,
-27.6225 ,  8.7460 ,179.3554 ,351.1603 ,-314.0805 ,286.6293 ,
-27.7051 ,  8.6231 ,178.4070 ,352.9062 ,-316.6562 ,285.4539 ,
-27.7472 ,  8.4194 ,178.0838 ,350.9183 ,-312.9914 ,286.2663 ,
-27.8324 ,  8.2969 ,177.4515 ,346.4583 ,-312.5074 ,285.2464 ,
-27.9527 ,  8.3776 ,176.6577 ,348.6710 ,-313.3199 ,283.1547 ,
-27.9940 ,  8.2955 ,176.0254 ,348.0487 ,-311.5048 ,284.5204 ,
-28.0344 ,  8.2547 ,175.8568 ,346.5793 ,-310.9343 ,283.5523 ,
-27.9993 ,  7.9285 ,175.5477 ,341.6353 ,-310.8825 ,282.1521 ,
-28.1231 ,  7.8481 ,174.4236 ,342.5861 ,-311.6776 ,281.7199 ,
-28.1248 ,  7.9280 ,173.4682 ,342.4824 ,-310.4676 ,282.3423 ,
-28.1670 ,  7.7651 ,172.9905 ,338.0916 ,-311.1418 ,279.5937 ,
-28.0897 ,  7.4784 ,172.2037 ,334.6688 ,-310.3984 ,277.8996 ,
-28.2926 ,  7.4385 ,171.8805 ,333.1649 ,-308.2376 ,277.3291 ,
-28.2530 ,  7.4371 ,171.2482 ,331.6437 ,-307.5461 ,276.6377 ,
-28.2162 ,  7.4327 ,170.1382 ,330.1225 ,-308.1339 ,274.5287 ,
-28.3373 ,  7.2295 ,169.6675 ,328.8951 ,-307.6844 ,273.8372 ,
-28.3426 ,  6.9416 ,167.7567 ,327.0627 ,-305.8175 ,272.7914 ,
-28.3426 ,  7.0630 ,167.4405 ,325.3341 ,-305.1952 ,271.8061 ,
-28.1854 ,  6.9383 ,166.3305 ,324.0030 ,-304.3481 ,269.7662 ,
-28.2680 ,  6.8161 ,165.8528 ,323.4325 ,-304.4518 ,269.0575 ,
-28.3918 ,  6.6523 ,164.8974 ,320.6148 ,-302.7923 ,268.7118 ,
-28.2724 ,  6.5291 ,164.5882 ,320.7877 ,-302.5849 ,267.7178 ,
-28.2741 ,  6.4867 ,163.6328 ,317.7625 ,-301.9799 ,266.6719 ,
-28.1556 ,  6.4038 ,163.1551 ,317.1575 ,-301.7897 ,265.6520 ,
-28.4006 ,  6.2810 ,161.7360 ,315.0485 ,-300.9254 ,264.9174 ,
-28.4023 ,  6.1989 ,161.2583 ,313.6137 ,-300.3203 ,263.5776 ,
-28.3242 ,  6.1967 ,160.3099 ,311.3319 ,-300.2166 ,262.8430 ,
-28.2873 ,  5.9919 ,159.6706 ,308.5488 ,-298.2632 ,262.5404 ,
-28.3303 ,  5.8283 ,158.8837 ,308.0647 ,-296.4481 ,260.8896 ,
-28.2908 ,  5.8272 ,158.4060 ,304.1925 ,-293.9416 ,259.2906 ,
-28.3338 ,  5.7445 ,157.2960 ,302.8096 ,-294.6158 ,258.2015 ,
-28.2162 ,  5.6611 ,156.6637 ,302.9479 ,-292.5932 ,256.6111 ,
-28.2592 ,  5.5779 ,155.3922 ,301.5650 ,-292.0228 ,256.2135 ,
-28.3013 ,  5.3746 ,155.2376 ,298.0039 ,-293.3020 ,254.4330 ,
-28.3057 ,  5.2900 ,153.3267 ,295.8431 ,-290.2422 ,253.1279 ,
-28.1854 ,  5.2483 ,153.1722 ,295.9295 ,-288.7902 ,251.8573 ,
-28.2293 ,  5.2057 ,151.9006 ,293.6823 ,-288.8766 ,250.7769 ,
-28.2320 ,  4.9609 ,151.4229 ,291.7635 ,-287.6147 ,249.7656 ,
-28.1933 ,  5.0406 ,150.4745 ,286.9924 ,-286.3355 ,247.4060 ,
-28.1310 ,  5.0000 ,149.0483 ,285.6267 ,-285.2464 ,248.1061 ,
-28.2153 ,  4.7548 ,148.2474 ,286.0070 ,-285.9724 ,245.7033 ,
-28.1802 ,  4.6698 ,146.3436 ,282.3250 ,-284.0363 ,243.9833 ,
-28.1819 ,  4.7096 ,145.5568 ,281.5298 ,-280.9680 ,243.7672 ,
-28.1029 ,  4.5862 ,145.2336 ,278.6256 ,-281.4347 ,242.3497 ,
-28.0660 ,  4.5025 ,143.9691 ,275.7042 ,-279.5159 ,240.0160 ,
-27.9887 ,  4.4169 ,143.0136 ,272.7309 ,-278.7812 ,239.6098 ,
-28.0335 ,  4.2922 ,141.2713 ,272.9816 ,-276.9661 ,238.6244 ,
-27.9940 ,  4.2505 ,140.8007 ,269.1871 ,-275.0560 ,235.9968 ,
-27.8763 ,  4.0466 ,139.9998 ,265.6347 ,-272.3592 ,234.7349 ,
-27.9597 ,  4.0841 ,138.7352 ,266.4040 ,-271.2615 ,233.0408 ,
-27.8025 ,  3.9587 ,137.4707 ,265.1075 ,-269.7662 ,231.7357 ,
-27.6840 ,  3.9563 ,136.5152 ,261.2612 ,-266.4991 ,228.4858 ,
-27.5663 ,  3.9124 ,135.0891 ,259.0485 ,-265.0470 ,226.7399 ,
-27.6901 ,  3.7899 ,134.2952 ,256.9482 ,-263.3702 ,226.4546 ,
-27.6524 ,  3.7067 ,133.5014 ,255.5307 ,-263.9320 ,224.6914 ,
-27.5751 ,  3.5820 ,132.2368 ,252.6611 ,-261.9527 ,223.0319 ,
-27.4179 ,  3.5379 ,130.8037 ,250.4312 ,-259.2128 ,220.7501 ,
-27.2607 ,  3.4131 ,129.8553 ,245.2365 ,-257.1038 ,219.4017 ,
-27.1826 ,  3.3281 ,128.1130 ,242.3151 ,-255.7382 ,216.9989 ,
-27.1053 ,  3.3258 ,127.0030 ,240.8025 ,-255.0294 ,214.9850 ,
-27.0280 ,  3.2011 ,125.7314 ,237.1464 ,-252.4018 ,213.3687 ,
-26.9525 ,  3.0772 ,124.1437 ,234.2855 ,-251.0448 ,212.0290 ,
-27.0350 ,  2.9947 ,123.1883 ,232.9025 ,-248.6593 ,209.7385 ,
-26.8383 ,  2.9102 ,122.0783 ,230.7417 ,-246.4985 ,208.4161 ,
-26.6003 ,  2.7840 ,120.6522 ,227.0856 ,-243.6375 ,206.8084 ,
-26.6838 ,  2.7417 ,119.3806 ,227.1893 ,-241.2693 ,204.5266 ,
-26.4458 ,  2.5354 ,118.7483 ,224.4321 ,-240.2580 ,202.2015 ,
-26.3703 ,  2.5313 ,116.5283 ,221.3810 ,-238.3133 ,200.2136 ,
-26.1323 ,  2.4466 ,115.5799 ,217.6817 ,-235.4350 ,199.2282 ,
-26.0954 ,  2.3221 ,114.3118 ,213.2390 ,-235.3832 ,197.1970 ,
-25.8978 ,  2.1964 ,113.0438 ,215.0195 ,-232.5568 ,193.9731 ,
-25.6616 ,  2.1515 ,111.4631 ,209.7126 ,-230.3528 ,192.3049 ,
-25.6221 ,  2.1091 ,110.6692 ,207.4566 ,-229.6699 ,188.6575 ,
-25.4245 ,  2.0235 ,108.9234 ,204.5611 ,-226.2472 ,186.3670 ,
-25.3094 ,  1.8165 ,107.3392 ,204.1463 ,-224.1728 ,185.4162 ,
-25.2726 ,  1.8138 ,105.9096 ,199.5480 ,-219.7820 ,183.4715 ,
-24.8344 ,  1.6863 ,104.4905 ,197.4563 ,-218.4769 ,181.8120 ,
-24.7966 ,  1.6025 ,103.2189 ,196.0648 ,-217.1804 ,178.1818 ,
-24.6008 ,  1.5174 ,101.7928 ,192.3654 ,-213.7490 ,176.2284 ,
-24.4831 ,  1.4720 ,100.2086 ,191.6999 ,-212.3142 ,175.5801 ,
-24.2065 ,  1.3470 , 98.9405 ,186.5226 ,-207.5172 ,172.9785 ,
-24.0502 ,  1.1400 , 97.5109 ,182.2096 ,-206.6442 ,170.9646 ,
-23.7296 ,  1.1770 , 96.5625 ,182.1923 ,-204.2759 ,168.6914 ,
-23.6936 ,  1.1334 , 94.9853 ,179.1844 ,-202.3398 ,166.6948 ,
-23.4565 ,  1.0884 , 93.3976 ,174.6639 ,-198.2342 ,163.4104 ,
-23.2185 ,  1.0043 , 92.1330 ,172.4945 ,-196.6007 ,162.0966 ,
-23.1808 ,  0.8393 , 91.0195 ,171.2326 ,-194.6473 ,160.4630 ,
-22.7830 ,  0.9146 , 88.9646 ,168.0777 ,-190.9220 ,156.8587 ,
-22.6267 ,  0.8302 , 87.2188 ,165.1563 ,-188.1821 ,155.8648 ,
-22.4300 ,  0.7046 , 85.9508 ,163.8339 ,-184.7334 ,152.9433 ,
-22.2333 ,  0.5380 , 84.5282 ,161.0334 ,-180.6710 ,150.6874 ,
-21.9549 ,  0.5748 , 82.7859 ,157.1526 ,-179.6166 ,147.6882 ,
-21.7573 ,  0.5311 , 81.8410 ,151.8370 ,-174.3355 ,144.7495 ,
-21.6010 ,  0.4052 , 80.2533 ,149.7453 ,-171.5869 ,143.1332 ,
-21.2831 ,  0.3199 , 78.6726 ,145.2681 ,-169.2273 ,139.8185 ,
-21.0864 ,  0.2754 , 77.2429 ,143.8160 ,-168.2765 ,139.1529 ,
-20.8493 ,  0.1079 , 75.5007 ,140.2549 ,-164.7760 ,136.2099 ,
-20.6877 ,  0.0936 , 73.9130 ,137.0051 ,-161.1458 ,133.5996 ,
-20.3680 ,  0.0081 , 72.8065 ,134.8269 ,-159.3912 ,131.6332 ,
-20.1318 , -0.0369 , 70.7481 ,131.8882 ,-154.0151 ,128.0765 ,
-19.6945 , -0.0843 , 68.5316 ,128.1457 ,-150.8257 ,126.0972 ,
-19.3757 , -0.1290 , 66.9439 ,125.1680 ,-147.8265 ,123.1585 ,
-19.0174 , -0.2558 , 65.6793 ,123.0720 ,-145.3804 ,121.8577 ,
-18.7373 , -0.2185 , 64.7344 ,119.9345 ,-143.7123 ,117.9033 ,
-18.5415 , -0.3868 , 62.5109 ,117.9466 ,-139.6240 ,115.3017 ,
-18.2227 , -0.3086 , 61.2464 ,114.7701 ,-136.0284 ,114.0182 ,
-17.8653 , -0.4376 , 59.1880 ,110.3621 ,-134.2089 ,112.0259 ,
-17.5869 , -0.5231 , 57.6038 ,108.2272 ,-130.0083 ,106.8097 ,
-17.2673 , -0.4454 , 56.4991 ,104.2599 ,-127.6573 ,104.5105 ,
-16.9081 , -0.5315 , 55.2327 ,102.8899 ,-123.9666 ,101.9262 ,
-16.5911 , -0.6190 , 53.3307 , 97.6478 ,-121.5984 , 98.6288 ,
-16.1520 , -0.6236 , 51.5919 , 94.6183 ,-117.1730 , 96.0401 ,
-15.6734 , -0.7119 , 49.8479 , 91.6968 ,-114.5325 , 94.4108 ,
-15.4354 , -0.7572 , 48.1003 , 93.3953 ,-111.0276 , 90.8412 ,
-14.8365 , -0.8051 , 46.2035 , 86.5368 ,-105.7509 , 88.2654 ,
-14.5169 , -0.6872 , 44.7774 , 84.8600 ,-104.0179 , 85.3181 ,
-14.1595 , -0.8554 , 43.1932 , 82.0552 ,-100.9409 , 83.0492 ,
-13.7586 , -0.6967 , 42.0867 , 78.7578 ,-96.6106 , 79.8166 ,
-13.2383 , -0.7427 , 40.9820 , 75.7543 ,-93.9268 , 77.5434 ,
-12.8396 , -0.8298 , 39.2379 , 72.8458 ,-90.8023 , 75.5987 ,
-12.4409 , -0.8354 , 37.4957 , 69.8077 ,-86.4504 , 72.0333 ,
-12.1212 , -0.7985 , 36.3892 , 68.2367 ,-84.7087 , 70.0778 ,
-11.5215 , -0.8466 , 34.6487 , 63.7120 ,-80.6637 , 66.8279 ,
-11.0020 , -0.8107 , 33.2278 , 58.2861 ,-74.2590 , 62.9600 ,
-10.6828 , -0.6938 , 31.4838 , 56.6115 ,-72.5390 , 60.3432 ,
-10.0018 , -0.7417 , 30.0629 , 52.8430 ,-70.8492 , 57.7114 ,
 -9.4824 , -0.7879 , 28.6386 , 50.6368 ,-66.3006 , 55.1486 ,
 -8.8813 , -0.8353 , 27.2151 , 49.9756 ,-64.7297 , 51.2138 ,
 -8.4804 , -0.7176 , 25.9487 , 47.5166 ,-61.0153 , 49.2841 ,
 -8.0009 , -0.6015 , 24.0493 , 44.3034 ,-57.1712 , 46.3627 ,
 -7.4824 , -0.6891 , 22.6267 , 38.2682 ,-53.8737 , 43.1042 ,
 -7.0409 , -0.5309 , 21.3604 , 38.0759 ,-51.3369 , 40.8375 ,
 -6.6813 , -0.4943 , 20.2548 , 33.4042 ,-48.3031 , 38.8906 ,
 -6.1998 , -0.4583 , 19.3055 , 31.8225 ,-47.5620 , 35.2690 ,
 -5.9210 , -0.4626 , 17.8793 , 32.6577 ,-43.9988 , 34.6661 ,
 -5.2786 , -0.3869 , 16.7737 , 30.2537 ,-41.1486 , 32.7257 ,
 -4.6378 , -0.5551 , 15.8280 , 28.9983 ,-36.3818 , 29.5126 ,
 -4.3177 , -0.2747 , 14.2446 , 23.9625 ,-34.6964 , 27.8693 ,
 -3.9559 , -0.1561 , 13.6115 , 24.5070 ,-34.7774 , 24.9078 ,
 -3.5152 , -0.1609 , 12.5041 , 23.7831 ,-32.2179 , 21.6536 ,
 -2.9938 , -0.1243 , 11.7173 , 19.1611 ,-28.9291 , 20.6964 ,
 -2.6729 ,  0.0350 , 10.7680 , 17.3433 ,-27.8379 , 19.0596 ,
 -2.3923 ,  0.0729 ,  9.9763 , 17.3736 ,-24.9122 , 16.4752 ,
 -2.0717 ,  0.1107 ,  9.3454 , 15.0096 ,-23.1770 , 15.5066 ,
 -1.8318 ,  0.1476 ,  8.2345 , 14.9389 ,-23.4309 , 14.5062 ,
 -1.4704 ,  0.2664 ,  7.4437 , 14.0135 ,-21.6428 , 12.8845 ,
 -1.1895 ,  0.3452 ,  6.8121 , 12.3680 ,-19.9747 , 11.5891 ,
 -1.0294 ,  0.3036 ,  6.6556 , 11.6679 ,-17.8484 , 10.6377 ,
 -0.8292 ,  0.2606 ,  6.1803 , 12.5312 ,-16.8993 , 10.6491 ,
 -0.7078 ,  0.5040 ,  5.7054 , 10.6059 ,-18.6350 ,  9.6378 ,
 -0.3472 ,  0.4191 ,  5.2330 ,  9.2143 ,-15.5650 ,  8.3592 ,
 -0.1865 ,  0.4993 ,  4.9179 ,  7.5505 ,-15.3348 ,  8.0302 ,
 -0.0264 ,  0.5384 ,  4.2839 ,  7.5016 ,-15.0950 ,  8.0356 ,
  0.1767 ,  0.6605 ,  4.7618 ,  8.0990 ,-12.2940 ,  7.7487 ,
  0.3763 ,  0.5762 ,  4.1280 ,  8.2363 ,-13.2172 ,  6.4190 ,
  0.4178 ,  0.6177 ,  4.6044 ,  8.9420 ,-12.5317 ,  5.4461 ,
  0.4970 ,  0.6983 ,  3.9732 ,  4.1928 ,-11.1526 ,  5.4582 ,
  0.7391 ,  0.8189 ,  3.6567 ,  4.7938 ,-10.1694 ,  5.7894 ,
  0.6977 ,  0.8181 ,  3.1784 ,  7.1313 ,-10.8825 ,  5.4580 ,
  0.7794 ,  0.7774 ,  3.8147 ,  6.3901 ,-12.0093 ,  5.1166 ,
  0.8599 ,  0.8582 ,  3.4974 ,  7.0575 ,-11.2660 ,  4.4708 ,
  0.9394 ,  0.8163 ,  3.1804 ,  7.1469 , -9.8793 ,  3.4992 ,
  1.0594 ,  0.7743 ,  3.0238 ,  4.8829 , -9.0787 ,  4.4910 ,
  1.0189 ,  0.7743 ,  2.5481 ,  4.1069 , -9.7669 ,  4.4848 ,
  1.1402 ,  0.8148 ,  3.0248 ,  4.8089 ,-10.2126 ,  4.4810 ,
  1.1807 ,  0.8143 ,  2.7074 ,  5.5976 , -9.5039 ,  3.5081 ,
  1.2611 ,  0.8962 ,  2.7095 ,  3.1531 , -8.7627 ,  3.5127 ,
  1.3013 ,  0.8948 ,  3.0260 ,  5.5052 , -6.8496 ,  3.5392 ,
  1.4220 ,  0.8537 ,  2.8680 ,  5.5522 , -7.2701 ,  2.8748 ,
  1.3818 ,  0.9352 ,  2.7090 ,  4.6555 , -7.3517 ,  3.2019 ,
  1.3410 ,  0.8546 ,  2.5514 ,  3.2284 , -7.3768 ,  3.1998 ,
  1.3406 ,  0.8942 ,  2.3911 ,  4.7187 , -8.0356 ,  3.5219 ,
  1.1779 ,  0.8527 ,  1.9112 ,  6.3828 , -6.3909 ,  3.5366 ,
  1.2183 ,  0.8135 ,  1.9155 ,  1.7728 , -5.0758 ,  2.2428 ,
  1.0562 ,  0.8123 ,  1.5938 ,  4.1218 , -5.3451 ,  3.5497 ,
  0.9749 ,  0.8123 ,  1.2757 ,  3.3644 , -4.2248 ,  2.9062 ,
  0.9753 ,  0.6910 ,  1.9121 ,  3.5411 , -2.9695 ,  2.6291 ,
  0.7723 ,  0.6908 ,  1.1153 ,  3.5559 , -3.8899 ,  2.9094 ,
  0.6923 ,  0.6927 ,  1.2756 ,  1.2144 , -3.3878 ,  2.2575 ,
  0.6903 ,  0.5692 ,  0.7999 , -0.1147 , -1.5116 ,  2.0447 ,
  0.3267 ,  0.4887 ,  0.7947 ,  2.3569 , -0.8296 ,  2.3565 ,
  0.2463 ,  0.4489 ,  0.7954 ,  0.8421 , -1.5566 ,  2.9457 ,
  0.2850 ,  0.3663 ,  0.4780 ,  0.2042 , -0.2496 ,  1.6545 ,
  0.2043 ,  0.4075 ,  0.4771 ,  0.1429 ,  0.2347 ,  2.1502 ,
  0.0818 ,  0.2442 ,  0.0004 ,  2.7297 ,  1.3235 ,  1.9514 ,
 -0.0399 ,  0.2846 , -0.4769 ,  1.9093 ,  0.5024 ,  1.6314 ,
  0.0406 ,  0.2449 ,  0.3171 ,  1.9676 ,  1.8488 ,  1.2752 ,
 -0.0809 ,  0.0813 , -0.3182 ,  1.4372 ,  1.7239 ,  1.6297 ,
 -0.2410 ,  0.2859 , -0.3202 , -0.4184 ,  2.0554 ,  1.6297 ,
 -0.1611 ,  0.0820 , -0.1604 ,  2.2078 ,  2.2209 ,  1.6280 ,
 -0.0806 ,  0.1231 ,  0.1572 ,  0.5794 ,  1.7115 ,  1.6034 ,
 -0.0000 ,  0.2029 , -0.4763 , -1.0675 ,  1.8255 ,  1.3063 ,
 -0.0803 ,  0.2036 , -0.3185 , -0.2968 ,  2.3226 ,  0.9793 ,
 -0.1194 ,  0.2859 , -0.0017 , -0.4292 ,  1.0010 ,  1.9514 ,
 -0.0796 ,  0.2042 , -0.0012 ,  2.7926 ,  1.0796 ,  0.9757 ,
 -0.0757 ,  0.3690 ,  0.1578 , -0.5620 ,  1.0878 ,  0.6529 ,
 -0.0400 ,  0.2034 , -0.3181 ,  0.4777 ,  1.1411 ,  1.6297 ,
 -0.0005 ,  0.2430 , -0.7936 , -0.3443 ,  0.5716 ,  1.3099 ,
 -0.1204 ,  0.1633 , -0.1602 ,  0.5349 ,  1.6461 ,  0.6523 ,
 -0.0407 ,  0.2028 , -0.6353 ,  0.4875 ,  0.5173 ,  0.9828 ,
 -0.1177 ,  0.2870 , -0.1607 ,  0.3279 ,  3.5346 ,  1.3245 ,
 -0.0396 ,  0.2037 , -0.1594 ,  1.2475 ,  2.3862 ,  0.3270 ,
 -0.2014 ,  0.1651 ,  0.3142 ,  0.5107 ,  2.1414 ,  0.9553 ,
 -0.0001 ,  0.0405 , -0.1587 ,  0.7182 ,  3.7251 ,  1.3027 ,
 -0.1201 ,  0.1636 , -0.0015 ,  2.0797 ,  1.6468 ,  1.6262 ,
 -0.0406 ,  0.1630 ,  0.1566 , -0.2469 ,  1.7706 ,  1.3045 ,
  0.0008 ,  0.1631 , -0.0003 ,  2.0786 ,  0.5910 ,  0.9757 ,
 -0.0390 ,  0.2448 , -0.0009 ,  1.1812 ,  2.3791 ,  0.9757 ,
 -0.0402 ,  0.1626 , -0.3180 ,  1.3139 ,  1.7712 ,  1.9549 ,
  0.0005 ,  0.1627 , -0.1589 , -0.2409 ,  1.2125 ,  0.9775 ,
 -0.0394 ,  0.2445 , -0.1595 ,  0.4113 ,  3.0007 ,  1.3027 ,
 -0.1196 ,  0.2452 , -0.0017 , -1.9175 ,  2.2533 ,  1.3010 ,
 -0.1208 ,  0.1630 , -0.3188 ,  2.0893 ,  1.6454 ,  2.2801 ,
  0.0006 ,  0.1223 , -0.0002 ,  1.3652 ,  1.2210 ,  0.9757 ,
 -0.0397 ,  0.2442 , -0.3181 ,  1.1910 ,  2.3777 ,  1.9549 ,
 -0.2420 ,  0.1633 , -0.4787 , -1.0040 ,  2.0780 ,  1.6315 ,
 -0.0799 ,  0.2039 , -0.1598 ,  1.2479 ,  1.0789 ,  0.6523 ,
  0.0404 ,  0.1623 , -0.3172 ,  0.5384 ,  1.8969 ,  1.6297 ,
 -0.1215 ,  0.1624 , -0.6361 , -0.2252 ,  2.2660 ,  1.9585 ,
 -0.1611 ,  0.1632 , -0.3192 ,  0.5402 ,  2.2046 ,  1.3045 ,
  0.0797 ,  0.1611 , -0.7927 , -0.2221 ,  4.4467 ,  0.0089 ,
 -0.0394 ,  0.2445 , -0.1595 ,  1.1861 ,  1.1340 ,  1.3027 ,
 -0.2004 ,  0.2048 , -0.0024 ,  1.2441 ,  2.7575 ,  0.9757 ,
 -0.0396 ,  0.2037 , -0.1594 , -1.0770 ,  0.5195 ,  0.9775 ,
 -0.0796 ,  0.2042 , -0.0012 ,  1.2429 ,  0.4574 ,  1.6262 ,
 -0.2421 ,  0.0821 , -0.3199 ,  1.4385 ,  0.2277 ,  0.6541 ,
  0.0012 ,  0.1634 ,  0.1583 ,  1.2989 ,  2.4586 ,  0.9739 ,
 -0.1217 ,  0.1216 , -0.6360 ,  1.3858 ,  1.6517 ,  1.6332 ,
 -0.0810 ,  0.1218 , -0.4770 ,  2.1554 ,  2.9597 ,  2.2820 ,
 -0.1205 ,  0.2038 , -0.3189 , -1.8462 , -0.2293 ,  0.9793 ,
  0.0809 ,  0.2028 , -0.3169 ,  0.4766 ,  2.5742 ,  1.3045 ,
 -0.1606 ,  0.1231 , -0.0018 ,  0.5918 ,  0.9694 ,  1.9514 ,
 -0.2019 ,  0.1223 , -0.4782 ,  2.1565 ,  2.7711 ,  0.9811 ,
 -0.0802 ,  0.0819 , -0.0010 , -0.1222 ,  1.1030 ,  1.3010 ,
 -0.1201 ,  0.1636 , -0.0015 ,  1.3048 ,  0.4023 ,  0.9757 ,
 -0.1608 ,  0.2852 , -0.4780 ,  1.1355 ,  0.9360 ,  0.9811 ,
  0.0010 ,  0.2038 , -0.0004 ,  0.4675 ,  2.4500 ,  0.6505 ,
 -0.1210 ,  0.1223 , -0.3187 , -0.1736 ,  1.0309 ,  1.6297 ,
 -0.1186 ,  0.2865 , -0.1605 , -0.4243 ,  2.2729 ,  0.3358 ,
 -0.1203 ,  0.1229 , -0.0014 ,  0.5915 ,  1.6546 ,  1.3010 ,
 -0.2011 ,  0.0013 ,  0.1566 , -0.7780 ,  2.1751 ,  0.6487 ,
  0.0413 ,  0.2036 ,  0.0000 ,  0.4672 ,  1.8907 ,  0.9757 ,
 -0.0809 ,  0.2030 , -0.6357 , -1.0619 ,  0.4544 ,  0.9828 ,
 -0.0002 ,  0.1621 , -0.4762 ,  0.5437 ,  2.4555 ,  1.3063 ,
 -0.0812 ,  0.0810 , -0.4769 , -0.1076 ,  1.7231 ,  0.6558 ,
  0.0411 ,  0.1629 ,  0.0001 ,  0.5286 ,  2.5207 ,  0.9757 ,
 -0.0801 ,  0.1631 , -0.1597 , -1.0152 , -0.1578 ,  1.9533 ,
 -0.1212 ,  0.0003 , -0.1599 ,  0.0059 ,  0.4328 ,  0.9775 ,
 -0.0797 ,  0.2447 , -0.1599 ,  0.4117 ,  0.4488 ,  0.3270 ,
 -0.0405 ,  0.1623 , -0.4766 ,  0.5440 ,  3.6372 ,  1.6314 ,
  0.0408 ,  0.1626 , -0.1585 , -0.2413 ,  0.6532 ,  0.3270 ,
 -0.0796 ,  0.1644 ,  0.3159 ,  0.5165 ,  1.0794 ,  2.2259 ,
 -0.1613 ,  0.0412 , -0.1603 ,  1.4944 ,  3.4734 ,  0.9775 ,
 -0.0798 ,  0.2851 , -0.3186 , -1.1946 ,  1.6848 ,  1.3045 ,
 -0.0802 ,  0.0819 , -0.0010 ,  0.6526 ,  0.4808 ,  0.9757 ,
  0.0005 ,  0.1627 , -0.1589 , -0.2409 ,  2.4570 ,  0.9775 ,
 -0.0396 ,  0.2037 , -0.1594 ,  0.4728 ,  3.0084 ,  1.3027 ,
 -0.0812 ,  0.1622 , -0.6357 ,  1.3240 ,  1.7068 ,  1.9585 ,
 -0.2007 ,  0.1640 , -0.0023 , -1.0190 , -0.3459 ,  1.3010 ,
 -0.0407 ,  0.2028 , -0.6353 ,  0.4875 ,  1.7619 ,  1.3081 ,
 -0.0008 ,  0.0398 , -0.4760 , -0.0468 ,  2.4790 ,  0.9811 ,
 -0.1217 ,  0.2035 ,  0.1546 , -1.0890 ,  2.2356 ,  0.9848 ,
  0.0001 ,  0.0812 , -0.1588 ,  0.6568 ,  2.4725 ,  1.6278 ,
 -0.0399 ,  0.1632 ,  0.1567 , -1.0332 ,  0.5140 ,  1.6032 ,
 -0.0395 ,  0.1633 , -0.0007 ,  0.5293 ,  2.3947 ,  0.9757 ,
 -0.0405 ,  0.1623 , -0.4766 ,  0.5440 ,  1.7704 ,  1.3063 ,
 -0.0409 ,  0.1620 , -0.6353 , -0.2259 ,  2.3918 ,  1.6332 ,
  0.0806 ,  0.2025 , -0.4755 , -0.2933 ,  0.0845 ,  0.9811 ,
 -0.0400 ,  0.1222 , -0.1593 ,  0.5957 ,  1.7796 ,  0.6522 ,
 -0.1618 ,  0.1626 , -0.6365 , -0.9998 ,  2.8254 ,  1.6332 ,
  0.0007 ,  0.2035 , -0.1590 , -0.3024 ,  0.5824 ,  0.3270 ,
 -0.0393 ,  0.2040 , -0.0008 ,  0.4679 ,  1.1425 ,  0.9757 ,
 -0.0796 ,  0.3259 , -0.3187 , -1.2562 ,  1.0548 ,  1.6297 ,
 -0.0407 ,  0.1216 , -0.4765 ,  1.3803 ,  3.6450 ,  0.6558 ,
 -0.0409 ,  0.0808 , -0.4765 ,  2.2165 ,  2.4082 ,  1.6314 ,
 -0.1614 ,  0.1230 ,  0.1557 , -0.1841 ,  1.5917 ,  1.6350 ,
 -0.0798 ,  0.1635 , -0.0011 , -0.2451 ,  2.3319 ,  0.6505 ,
 -0.0002 ,  0.1621 , -0.4762 ,  1.3185 ,  1.8333 ,  0.9811 ,
 -0.0809 ,  0.0813 , -0.3182 , -1.6622 ,  1.1016 ,  0.6541 ,
  0.0409 ,  0.1221 ,  0.0002 ,  1.3648 ,  1.9063 ,  0.3252 ,
 -0.0809 ,  0.0813 , -0.3182 , -0.1124 ,  2.3460 ,  0.0036 ,
  0.0001 ,  0.0812 , -0.1588 , -0.8930 ,  1.2282 ,  1.3027 ,
  0.0413 ,  0.2036 ,  0.0000 , -1.0826 ,  0.0239 ,  1.3009 ,
  0.0405 ,  0.1213 ,  0.1587 ,  2.9671 ,  1.8676 ,  0.9482 ,
  0.0006 ,  0.1223 , -0.0002 , -0.1844 ,  1.2210 ,  1.3010 ,
  0.0008 ,  0.1631 , -0.0003 , -1.7956 ,  2.4577 ,  1.3010 ,
 -0.0395 ,  0.1633 , -0.0007 ,  0.5293 ,  0.5281 ,  0.9757 ,
 -0.1608 ,  0.2040 , -0.3193 , -1.0710 ,  2.1969 ,  1.6297 ,
  0.0403 ,  0.2027 , -0.4759 , -0.2930 ,  1.8885 ,  1.6314 ,
 -0.0390 ,  0.2461 ,  0.4744 ,  0.3892 ,  1.7513 ,  1.2677 ,
  0.0813 ,  0.2031 , -0.1582 , -1.0780 ,  1.9529 ,  1.3027 ,
  0.0001 ,  0.1624 , -0.3176 ,  0.5388 ,  0.5895 ,  0.6541 ,
  0.0005 ,  0.1627 , -0.1589 ,  0.5339 ,  1.2125 ,  0.0018 ,
 -0.0395 ,  0.1633 , -0.0007 ,  0.5293 ,  1.7727 ,  0.6505 ,
  0.0014 ,  0.2041 ,  0.1583 ,  1.2374 ,  1.8285 ,  0.9739 ,
 -0.0802 ,  0.0819 , -0.0010 , -0.1222 ,  1.1030 ,  1.3010 ,
 -0.1212 ,  0.0815 , -0.3186 ,  0.6627 ,  1.0387 ,  0.9793 ,
 -0.0006 ,  0.0806 , -0.4761 , -0.1082 ,  1.2266 ,  2.2820 ,
  0.0401 ,  0.1619 , -0.4758 , -2.5563 ,  2.5184 ,  1.6314 ,
 -0.2413 ,  0.1639 , -0.1614 , -0.2389 ,  1.4573 ,  1.3027 ,
 -0.1201 ,  0.2853 , -0.3190 ,  3.4546 ,  2.2442 ,  1.6297 ,
 -0.0404 ,  0.2436 , -0.6354 ,  0.4260 ,  1.7541 ,  1.3081 ,
  0.0404 ,  0.0810 , -0.1584 ,  2.2061 ,  1.9133 ,  0.6522 ,
  0.0805 ,  0.0401 , -0.1579 ,  0.7176 ,  0.7395 ,  1.6278 ,
 -0.1606 ,  0.1231 , -0.0018 , -0.9579 ,  0.9694 ,  0.3253 ,
  0.0008 ,  0.1631 , -0.0003 , -0.2458 ,  1.8356 ,  0.9757 ,
 -0.1607 ,  0.1635 , -0.1606 , -1.0144 , -0.2837 ,  0.9775 ,
 -0.0003 ,  0.0809 , -0.3174 , -0.1131 ,  0.6051 ,  1.9549 ,
 -0.0395 ,  0.1633 , -0.0007 , -1.0204 ,  0.5281 ,  1.9514 ,
 -0.0804 ,  0.2440 , -0.4772 , -0.3534 ,  2.3141 ,  1.3063 ,
 -0.0801 ,  0.1631 , -0.1597 , -1.0152 ,  0.4644 ,  0.6523 ,
 -0.1202 ,  0.2041 , -0.1602 ,  1.2482 ,  1.6383 ,  0.9775 ,
 -0.0000 ,  0.2029 , -0.4763 ,  0.4822 ,  3.0699 ,  0.9811 ,
  0.0001 ,  0.0812 , -0.1588 ,  0.6568 ,  1.2282 ,  0.9775 ,
  0.0001 ,  0.1624 , -0.3176 , -1.0110 ,  2.4563 ,  0.9793 ,
  0.0811 ,  0.1624 , -0.1581 ,  1.3080 ,  1.9606 ,  0.9775 ,
 -0.0411 ,  0.1213 , -0.6352 ,  0.6103 ,  1.7775 ,  1.3081 ,
 -0.1201 ,  0.1636 , -0.0015 , -1.0197 ,  2.2690 ,  1.6262 ,
  0.0802 , -0.0007 , -0.1578 ,  0.0042 ,  0.1251 ,  0.3270 ,
  0.0013 ,  0.3258 , -0.1592 ,  1.8378 ,  2.4258 ,  0.6522 ,
 -0.1605 ,  0.2043 , -0.1606 , -0.3010 ,  0.3308 ,  1.3027 ,
  0.0008 ,  0.0818 ,  0.1585 , -0.1278 ,  2.4743 ,  0.6487 ,
 -0.0809 ,  0.0813 , -0.3182 , -0.1124 ,  2.3460 ,  0.3288 ,
 -0.0005 ,  0.0401 , -0.3174 ,  0.7231 ,  0.6129 ,  0.6541 ,
  0.1204 ,  0.2434 ,  0.1580 ,  0.3925 ,  1.9959 ,  1.2805 ,
  0.0809 ,  0.2028 , -0.3169 , -0.2982 , -0.5371 ,  0.6540 ,
 -0.0003 ,  0.0809 , -0.3174 ,  0.6617 ,  0.6051 ,  0.3288 ,
  0.0811 ,  0.1624 , -0.1581 , -0.2416 ,  1.3383 ,  0.6522 ,
  0.1207 ,  0.1616 , -0.4750 , -1.7819 ,  2.0221 ,  0.9811 ,
  0.0406 ,  0.1218 , -0.1585 , -0.1798 ,  0.6610 ,  1.3027 ,
  0.0399 ,  0.1212 , -0.4757 , -0.9449 ,  0.0372 ,  0.9811 ,
  0.0811 ,  0.1624 , -0.1581 , -0.2416 ,  2.5829 ,  0.6522 ,
  0.0403 ,  0.2027 , -0.4759 , -0.2930 ,  3.1331 ,  1.6314 ,
  0.0001 ,  0.1624 , -0.3176 , -1.7859 ,  2.4563 ,  0.6541 ,
  0.0398 ,  0.0400 , -0.3170 ,  0.7228 ,  1.9204 ,  0.6540 ,
  0.0807 ,  0.1621 , -0.3168 ,  0.5381 ,  0.7153 ,  1.9549 ,
 -0.0390 ,  0.2448 , -0.0009 ,  0.4064 , -0.1098 ,  1.3010 ,
  0.0399 ,  0.1212 , -0.4757 , -0.1701 ,  1.2817 ,  1.3063 ,
  0.0017 ,  0.1232 ,  0.4757 , -0.9740 ,  3.7124 ,  0.3199 ,
 -0.1212 ,  0.0815 , -0.3186 , -0.1121 ,  2.2832 ,  0.9793 ,
 -0.1609 ,  0.1228 , -0.1605 ,  0.5967 ,  0.3464 ,  0.6523 ,
  0.1617 ,  0.1620 , -0.1573 , -0.2423 ,  3.3309 ,  0.9775 ,
 -0.0402 ,  0.1626 , -0.3180 , -0.2357 ,  0.5266 ,  2.6054 ,
 -0.0397 ,  0.2442 , -0.3181 ,  2.7406 ,  1.1332 ,  1.9549 ,
 -0.0413 ,  0.0805 , -0.6351 , -0.8779 ,  2.4076 ,  0.6576 ,
 -0.1604 ,  0.1638 , -0.0019 ,  0.5303 ,  1.5838 ,  1.3010 ,
 -0.0397 ,  0.1225 , -0.0006 , -0.1840 ,  2.4026 ,  1.6262 ,
  0.0405 ,  0.2435 , -0.4760 ,  1.1952 ,  1.8806 ,  0.6558 ,
  0.0809 ,  0.1216 , -0.1581 , -0.1802 ,  1.9685 ,  0.6522 ,
 -0.0401 ,  0.0410 , -0.0005 , -0.0611 ,  3.0404 ,  1.6262 ,
 -0.0010 , -0.0009 , -0.4759 , -0.7602 ,  2.4868 ,  0.6558 ,
 -0.0394 ,  0.2445 , -0.1595 ,  0.4113 ,  1.1340 ,  1.3027 ,
 -0.0400 ,  0.2034 , -0.3181 , -1.0720 ,  0.5188 ,  0.6541 ,
 -0.1212 ,  0.2032 , -0.6361 , -0.2867 ,  1.6361 ,  1.3081 ,
  0.0008 ,  0.1631 , -0.0003 ,  0.5290 , -0.0312 ,  0.9757 ,
 -0.0809 ,  0.0813 , -0.3182 ,  1.4372 ,  1.1016 ,  1.3045 ,
  0.1608 ,  0.2018 , -0.6333 ,  0.4857 ,  2.0764 ,  0.9828 ,
  0.0006 ,  0.1223 , -0.0002 , -0.1844 ,  3.7101 ,  0.6505 ,
 -0.0796 ,  0.2042 , -0.0012 ,  0.4682 ,  1.0796 ,  0.3253 ,
  0.1210 ,  0.1619 , -0.3164 ,  0.5377 ,  0.7783 ,  1.3045 ,
  0.0003 ,  0.1220 , -0.1589 , -0.9544 ,  2.4648 ,  0.6522 ,
  0.0402 ,  0.0403 , -0.1583 ,  0.7179 ,  1.9211 ,  0.9775 ,
  0.0007 ,  0.2035 , -0.1590 , -1.0773 ,  1.2047 ,  1.3027 ,
  0.0004 ,  0.0815 , -0.0002 , -0.1229 ,  0.6066 ,  0.6505 ,
  0.0417 ,  0.2040 ,  0.1586 , -0.3128 ,  0.0260 ,  0.6433 ,
  0.0008 ,  0.1631 , -0.0003 , -2.5706 ,  0.5910 ,  0.6505 ,
 -0.0400 ,  0.2034 , -0.3181 , -1.0720 ,  1.1411 ,  0.0036 ,
 -0.0006 ,  0.1618 , -0.6349 , -1.0012 ,  1.8327 ,  1.6332 ,
 -0.0804 ,  0.0412 , -0.0009 , -0.8357 ,  1.7331 ,  1.3010 ,
 -0.1214 ,  0.0816 ,  0.1554 , -0.8991 ,  1.6523 ,  0.6571 ,
  0.0407 ,  0.0813 ,  0.0003 ,  0.6516 ,  2.5364 ,  0.6504 ,
 -0.0001 ,  0.1217 , -0.3175 , -0.1746 ,  1.2197 ,  1.3045 ,
 -0.0402 ,  0.1626 , -0.3180 , -0.2357 ,  1.1489 ,  0.6541 ,
 -0.1208 ,  0.1630 , -0.3188 , -0.2350 ,  0.4008 ,  1.3045 ,
  0.0811 ,  0.1624 , -0.1581 ,  2.0828 ,  1.9606 ,  1.3027 ,
  0.0005 ,  0.1627 , -0.1589 , -0.2409 ,  1.2125 ,  0.9775 ,
 -0.0000 ,  0.2029 , -0.4763 , -1.8424 ,  1.8255 ,  1.3063 ,
 -0.0399 ,  0.2846 , -0.4769 , -2.7399 ,  1.1247 ,  0.0054 ,
  0.0010 ,  0.1226 ,  0.1584 , -0.9642 , -0.0227 ,  0.6487 ,
  0.0396 , -0.0008 , -0.3169 ,  0.0094 ,  1.9283 ,  0.9793 ,
  0.0419 ,  0.1633 ,  0.3176 , -1.0289 , -0.5801 ,  1.0092 ,
 -0.0400 ,  0.1222 , -0.1593 , -0.9540 ,  1.7796 ,  0.9775 ,
  0.1617 ,  0.1620 , -0.1573 , -0.2423 ,  0.8419 ,  0.6522 ,
  0.0006 ,  0.1223 , -0.0002 , -0.9592 ,  2.4654 ,  0.9757 ,
  0.1615 ,  0.1212 , -0.1573 , -1.7306 ,  2.7166 ,  0.3270 ,
  0.0807 ,  0.1621 , -0.3168 ,  2.8626 ,  2.5821 ,  1.6297 ,
 -0.1212 ,  0.0815 , -0.3186 ,  0.6627 ,  2.2832 ,  0.9793 ,
 -0.1604 ,  0.1638 , -0.0019 ,  0.5303 ,  0.3394 ,  0.6505 ,
 -0.0803 ,  0.1224 , -0.1597 ,  0.5960 ,  1.7168 ,  1.6280 ,
 -0.1215 ,  0.0812 , -0.4773 , -1.6570 ,  1.6601 ,  1.3063 ,
  0.0404 ,  0.0810 , -0.1584 , -0.8932 ,  2.5355 ,  1.3027 ,
 -0.1210 ,  0.0410 , -0.1599 , -0.0555 ,  1.0472 ,  0.3270 ,
 -0.0402 ,  0.1626 , -0.3180 ,  0.5391 ,  2.3934 ,  0.6541 ,
 -0.0808 ,  0.1625 , -0.4770 , -0.2305 ,  1.7075 ,  1.6314 ,
 -0.2015 ,  0.0010 , -0.0020 ,  0.7765 ,  1.5521 ,  0.3253 ,
 -0.1203 ,  0.1229 , -0.0014 ,  1.3663 ,  1.0323 ,  0.6505 ,
  0.0400 ,  0.0807 , -0.3170 , -0.8884 ,  1.2904 ,  0.6540 ,
  0.0006 ,  0.1223 , -0.0002 , -0.9592 ,  1.8433 ,  0.6505 ,
  0.0408 ,  0.1626 , -0.1585 ,  0.5335 ,  1.8977 ,  1.3027 ,
  0.0003 ,  0.1220 , -0.1589 , -0.9544 ,  1.8427 ,  0.9775 ,
 -0.1203 ,  0.1229 , -0.0014 , -0.1833 , -0.2122 ,  0.9757 ,
 -0.0804 ,  0.0412 , -0.0009 , -0.0608 ,  1.7331 ,  1.3010 ,
  0.0400 ,  0.0807 , -0.3170 , -0.8884 ,  2.5349 ,  1.3045 ,
 -0.0805 ,  0.1628 , -0.3184 , -1.0103 ,  1.0860 ,  1.6297 ,
 -0.0400 ,  0.1222 , -0.1593 , -0.1791 ,  2.4019 ,  0.6522 ,
 -0.0413 ,  0.0805 , -0.6351 , -0.1030 ,  1.7852 ,  1.6332 ,
  0.0008 ,  0.0818 ,  0.1585 , -2.4527 ,  2.4743 ,  0.9739 ,
 -0.0402 ,  0.0814 , -0.1592 ,  0.6571 ,  1.1652 ,  1.6278 ,
 -0.0395 ,  0.1633 , -0.0007 , -0.2455 ,  0.5281 ,  1.3010 ,
 -0.1610 ,  0.0415 , -0.0017 , -0.8349 ,  0.9851 ,  0.3253 ,
 -0.0809 ,  0.0001 , -0.1594 ,  0.7804 ,  1.1179 ,  0.9775 ,
 -0.0006 ,  0.1618 , -0.6349 ,  0.5485 ,  0.5880 ,  1.6332 ,
  0.0012 ,  0.2446 , -0.0005 ,  0.4061 ,  1.1976 ,  0.3252 ,
 -0.0392 ,  0.1637 ,  0.3156 , -1.0281 ,  0.5243 , -0.3219 ,
 -0.0806 ,  0.2033 , -0.4771 , -0.2919 ,  1.0774 ,  0.6558 ,
 -0.0415 ,  0.0397 , -0.6350 , -1.5914 ,  1.7931 ,  0.9828 ,
 -0.0000 ,  0.2029 , -0.4763 ,  1.2571 ,  2.4475 ,  1.3063 ,
 -0.0402 ,  0.1626 , -0.3180 ,  1.3139 ,  1.7712 ,  0.6541 ,
 -0.0403 ,  0.0002 , -0.0004 ,  0.7751 , -0.0629 ,  0.3252 ,
  0.0812 ,  0.1219 ,  0.0006 , -0.1851 ,  1.3469 ,  0.6504 ,
 -0.1210 ,  0.1223 , -0.3187 , -0.1736 ,  1.0309 ,  0.3288 ,
 -0.0809 ,  0.0813 , -0.3182 ,  0.6624 ,  0.4793 ,  1.6297 ,
  0.0005 ,  0.1627 , -0.1589 , -0.2409 ,  2.4570 ,  0.6522 ,
  0.1205 , -0.0009 , -0.1574 , -0.7710 ,  1.4325 ,  1.6278 ,
  0.0807 ,  0.0808 , -0.1580 ,  0.6561 ,  1.9763 ,  1.3027 ,
  0.0008 ,  0.1631 , -0.0003 ,  0.5290 ,  1.8356 ,  0.6505 ,
 -0.0411 ,  0.0400 , -0.4764 ,  0.7284 ,  1.1715 ,  1.3063 ,
  0.0408 ,  0.1626 , -0.1585 ,  1.3082 ,  2.5199 ,  1.3027 ,
  0.0402 ,  0.1215 , -0.3171 ,  0.5999 ,  0.0380 ,  0.3288 ,
 -0.1203 ,  0.1229 , -0.0014 , -0.9582 ,  0.4101 ,  0.9757 ,
 -0.0809 ,  0.0813 , -0.3182 ,  0.6624 ,  1.7239 ,  0.9793 ,
  0.0001 ,  0.0812 , -0.1588 , -0.8930 , -0.0164 ,  1.3027 ,
  0.1205 ,  0.1208 , -0.4749 , -2.4955 ,  0.1631 ,  0.9811 ,
  0.1207 ,  0.1616 , -0.4750 , -2.5569 ,  0.7775 ,  0.9811 ,
 -0.0411 ,  0.1213 , -0.6352 , -1.7142 ,  1.1552 ,  1.9585 ,
  0.0005 ,  0.1627 , -0.1589 , -1.0159 ,  1.2125 ,  1.6278 ,
 -0.0006 ,  0.0806 , -0.4761 ,  0.6666 ,  3.0932 ,  1.9568 ,
 -0.0792 ,  0.2045 ,  0.1574 , -0.3101 , -0.1620 ,  0.6804 ,
  0.0402 ,  0.2031 ,  0.1565 , -1.0874 ,  1.2563 ,  0.3380 ,
 -0.0800 ,  0.1227 , -0.0010 ,  1.3659 , -0.1493 ,  1.3010 ,
 -0.0404 ,  0.1219 , -0.3179 , -0.1742 ,  0.5344 ,  0.9793 ,
  0.0403 ,  0.1230 ,  0.3167 ,  0.5717 ,  3.1504 ,  1.2761 ,
  0.0003 ,  0.2032 , -0.3177 , -0.2975 ,  1.8262 ,  1.9549 ,
  0.0404 ,  0.1623 , -0.3172 , -1.0113 ,  0.0302 ,  1.3045 ,
 -0.2006 ,  0.2453 , -0.1611 , -0.3621 , -0.9845 ,  1.3027 ,
 -0.0001 ,  0.0405 , -0.1587 , -0.0566 ,  0.6137 ,  0.3270 ,
 -0.0399 ,  0.0817 , -0.0006 ,  0.6522 ,  0.5437 ,  0.6505 ,
 -0.0393 ,  0.2040 , -0.0008 , -0.3070 ,  1.1425 ,  0.6505 ,
  0.0402 ,  0.1215 , -0.3171 ,  0.5999 ,  1.2825 ,  0.6541 ,
 -0.0400 ,  0.2034 , -0.3181 , -0.2972 ,  0.5188 ,  0.3288 ,
  0.0812 ,  0.1219 ,  0.0006 ,  0.5897 ,  0.1024 ,  0.3252 ,
 -0.0803 ,  0.1224 , -0.1597 , -0.1788 ,  1.0945 ,  0.6523 ,
  0.0809 ,  0.1216 , -0.1581 , -0.9551 ,  2.5907 ,  0.9775 ,
  0.0405 ,  0.0406 ,  0.0003 , -0.8367 ,  1.2996 ,  0.6504 ,
  0.0406 ,  0.1232 ,  0.3174 ,  1.3486 ,  1.8919 ,  0.6364 ,
 -0.0405 ,  0.1623 , -0.4766 , -1.7806 ,  3.0149 ,  1.6314 ,
 -0.0801 ,  0.1631 , -0.1597 , -0.2403 , -0.1578 ,  0.6523 ,
 -0.0810 ,  0.1218 , -0.4770 ,  0.6058 ,  1.0929 ,  0.6558 ,
  0.0401 ,  0.1619 , -0.4758 , -2.5563 ,  3.1408 ,  0.3306 ,
  0.0807 ,  0.1621 , -0.3168 ,  0.5381 ,  0.7153 ,  0.6540 ,
  0.0404 ,  0.0810 , -0.1584 , -0.1184 ,  1.9133 ,  0.6522 ,
  0.0403 ,  0.2027 , -0.4759 ,  0.4819 ,  3.1331 ,  1.3063 ,
  0.0402 ,  0.1215 , -0.3171 , -0.1749 ,  1.2825 ,  1.6297 ,
 -0.0399 ,  0.0817 , -0.0006 ,  1.4270 ,  1.7882 ,  0.9757 ,
  0.0012 ,  0.1634 ,  0.1583 ,  1.2989 ,  1.8364 ,  0.6487 ,
 -0.1204 ,  0.1633 , -0.1602 ,  1.3097 ,  0.4015 ,  0.6523 ,
 -0.0809 ,  0.0813 , -0.3182 , -0.8874 ,  1.1016 ,  0.9793 ,
 -0.0001 ,  0.1217 , -0.3175 , -0.1746 ,  1.2197 ,  0.9793 ,
 -0.1210 ,  0.1223 , -0.3187 , -0.9484 ,  2.2752 ,  1.3045 ,
  0.0802 ,  0.1210 , -0.4753 , -0.1704 ,  1.3446 ,  0.9811 ,
  0.0009 ,  0.2443 , -0.1591 , -1.1388 ,  1.1969 ,  1.3027 ,
 -0.0402 ,  0.1626 , -0.3180 ,  0.5391 ,  1.7712 ,  0.6541 ,
  0.0399 ,  0.1212 , -0.4757 , -1.7198 ,  0.6595 ,  0.6558 ,
 -0.0397 ,  0.1225 , -0.0006 , -0.9589 ,  0.5359 ,  0.6505 ,
 -0.0800 ,  0.1227 , -0.0010 ,  0.5911 ,  1.7175 ,  0.9757 ,
 -0.1208 ,  0.0818 , -0.1600 , -0.8918 ,  1.6617 ,  1.3027 ,
  0.0807 ,  0.0808 , -0.1580 ,  0.6561 ,  0.7317 ,  0.6522 ,
 -0.1210 ,  0.1223 , -0.3187 ,  1.3760 ,  1.6531 ,  0.6541 ,
 -0.0413 , -0.0007 , -0.4763 ,  0.0150 , -0.0652 ,  0.9811 ,
 -0.0003 ,  0.0809 , -0.3174 , -0.1131 ,  0.6051 ,  0.6541 ,
 -0.1627 , -0.0817 , -0.4774 ,  0.9138 ,  2.2508 ,  0.6558 ,
 -0.0800 ,  0.1227 , -0.0010 , -0.1837 , -0.1493 ,  0.9757 ,
  0.0810 ,  0.0811 ,  0.0007 ,  1.4260 ,  0.7325 ,  0.3252 ,
  0.1213 ,  0.0810 ,  0.0011 , -0.8988 ,  0.1731 , -0.0000 ,
 -0.0411 ,  0.1213 , -0.6352 ,  0.6103 ,  0.5329 ,  0.6576 ,
  0.0802 ,  0.2022 , -0.6341 , -0.2884 ,  1.3283 ,  0.6576 ,
 -0.0407 ,  0.1216 , -0.4765 , -1.7191 , -0.0886 ,  0.9811 ,
  0.0806 ,  0.2025 , -0.4755 , -1.0682 ,  0.7068 ,  0.6558 ,
 -0.1208 ,  0.0818 , -0.1600 , -1.6667 ,  1.6617 ,  0.6523 ,
 -0.0800 ,  0.1230 ,  0.1572 , -0.1870 ,  0.4707 ,  0.3226 ,
  0.0808 ,  0.0404 ,  0.0007 ,  0.7127 ,  1.3625 , -0.6505 ,
 -0.0003 ,  0.0809 , -0.3174 , -0.8881 ,  1.8497 ,  1.3045 ,
 -0.0407 ,  0.1216 , -0.4765 , -0.9442 ,  2.4005 ,  0.3306 ,
  0.1204 ,  0.0396 , -0.3161 , -0.0527 ,  2.0462 ,  1.6297 ,
 -0.0805 ,  0.0816 , -0.1596 ,  0.6575 ,  1.1023 ,  0.6523 ,
 -0.0406 ,  0.2035 ,  0.1551 , -1.8698 ,  1.1246 ,  0.9916 ,
  0.0798 ,  0.0395 , -0.4752 ,  0.7273 ,  1.3603 ,  0.9811 ,
 -0.0805 ,  0.0816 , -0.1596 , -1.6671 ,  1.1023 ,  0.6523 ,
  0.0811 ,  0.1624 , -0.1581 , -1.0165 ,  2.5829 ,  0.9775 ,
 -0.0402 ,  0.0814 , -0.1592 , -0.1177 ,  1.7875 ,  0.9775 ,
 -0.0397 ,  0.1225 , -0.0006 , -0.1840 ,  1.7804 ,  1.6262 ,
 -0.0798 ,  0.1635 , -0.0011 , -0.2451 ,  1.7096 ,  1.3010 ,
  0.0397 , -0.0413 , -0.1582 ,  0.8408 ,  1.3145 ,  0.6522 ,
  0.0397 ,  0.0804 , -0.4757 ,  0.6662 ,  0.6673 ,  0.9811 ,
 -0.0001 ,  0.0405 , -0.1587 , -1.6064 ,  1.2359 ,  0.6522 ,
 -0.0805 ,  0.1628 , -0.3184 , -2.5602 , -0.1586 ,  1.3045 ,
  0.0400 ,  0.0807 , -0.3170 , -0.8884 ,  2.5349 ,  0.9793 ,
 -0.0393 ,  0.2040 , -0.0008 , -1.8568 ,  2.3869 ,  1.6262 ,
  0.0398 ,  0.0400 , -0.3170 ,  0.7228 ,  0.6759 ,  0.6540 ,
  0.0809 ,  0.1216 , -0.1581 ,  0.5946 ,  0.1017 ,  0.9775 ,
  0.0003 ,  0.1220 , -0.1589 ,  1.3701 ,  1.8427 ,  0.9775 ,
 -0.0396 ,  0.2037 , -0.1594 ,  0.4728 ,  0.5195 ,  0.9775 ,
  0.0013 ,  0.1229 ,  0.3170 , -0.1942 ,  2.4670 ,  0.9722 ,
  0.0397 ,  0.1616 , -0.6345 ,  0.5482 ,  1.2732 ,  0.6576 ,
  0.0419 ,  0.1635 ,  0.3174 ,  0.5201 ,  0.0309 ,  0.3139 ,
 -0.0809 ,  0.2030 , -0.6357 ,  0.4878 ,  1.0767 ,  0.6576 ,
 -0.1206 ,  0.1226 , -0.1601 , -2.5032 ,  1.0316 ,  0.3270 ,
 -0.0814 ,  0.1214 , -0.6356 , -1.7139 ,  0.4700 ,  1.6332 ,
 -0.0404 ,  0.0406 , -0.1591 ,  0.7186 ,  0.5508 ,  0.6522 ,
  0.0805 ,  0.1213 , -0.3167 , -1.7250 ,  1.9678 ,  0.9793 ,
  0.0410 ,  0.2033 , -0.1586 ,  2.0219 ,  2.5121 ,  0.3270 ,
  0.0389 , -0.0014 , -0.6342 ,  0.0192 ,  0.6822 ,  0.0071 ,
  0.0803 ,  0.0805 , -0.3166 , -0.1138 ,  1.3533 ,  1.3045 ,
 -0.0404 ,  0.1228 ,  0.1576 ,  0.5793 ,  1.7736 ,  0.6380 ,
 -0.0399 ,  0.0817 , -0.0006 , -0.8975 ,  1.7882 ,  1.3010 ,
 -0.0817 ,  0.1211 , -0.7942 , -0.9341 ,  1.0915 ,  1.3099 ,
  0.0002 ,  0.0408 , -0.0001 , -1.6112 ,  2.4812 ,  1.3010 ,
  0.0008 ,  0.0818 ,  0.1585 ,  2.9714 ,  1.2296 ,  1.9497 ,
 -0.0800 ,  0.1227 , -0.0010 , -0.9586 ,  0.4730 ,  0.6505 ,
 -0.1212 ,  0.0815 , -0.3186 , -0.1121 ,  1.6610 ,  0.9793 ,
  0.0003 ,  0.1220 , -0.1589 , -0.1795 ,  0.5981 ,  1.3027 ,
 -0.1217 ,  0.1216 , -0.6360 , -0.1638 , -0.2152 ,  0.3324 ,
  0.0003 ,  0.1220 , -0.1589 , -1.7293 ,  1.8427 ,  1.3027 ,
 -0.0801 ,  0.1631 , -0.1597 , -0.2403 ,  1.0867 ,  0.0018 ,
 -0.0404 ,  0.1219 , -0.3179 ,  0.6005 ,  0.5344 ,  0.0036 ,
  0.0812 ,  0.1219 ,  0.0006 , -0.9599 ,  2.5915 ,  0.6504 ,
  0.0001 ,  0.0812 , -0.1588 , -0.8930 ,  0.6059 ,  1.3027 ,
 -0.0402 ,  0.0814 , -0.1592 ,  0.6571 , -0.0793 ,  0.9775 ,
  0.0404 ,  0.0810 , -0.1584 , -0.8932 ,  2.5355 ,  0.6522 ,
  0.1208 ,  0.1211 , -0.3163 ,  0.5992 ,  2.6528 ,  0.9793 ,
 -0.1205 ,  0.0821 , -0.0014 ,  0.6529 ,  1.0400 ,  0.9757 ,
  0.0411 ,  0.1629 ,  0.0001 , -1.0211 ,  0.0317 ,  0.6504 ,
  0.0012 ,  0.1634 ,  0.1583 , -0.2507 ,  1.2140 ,  0.6487 ,
  0.0395 ,  0.0396 , -0.4756 , -0.8220 ,  2.5418 ,  0.9811 ,
  0.0407 ,  0.0813 ,  0.0003 , -2.4481 ,  0.6696 , -0.0000 ,
  0.0805 ,  0.1213 , -0.3167 , -1.7250 ,  1.3455 ,  0.3288 ,
  0.0413 ,  0.2036 ,  0.0000 , -1.0826 ,  0.0239 ,  0.3252 ,
  0.0005 ,  0.1627 , -0.1589 , -0.2409 ,  1.2125 ,  0.9775 ,
 -0.0399 ,  0.0817 , -0.0006 ,  0.6522 ,  1.1660 ,  1.3010 ,
 -0.0413 , -0.0007 , -0.4763 ,  0.0150 ,  2.4238 ,  1.3063 ,
 -0.0406 ,  0.0811 , -0.3178 , -0.8877 ,  0.5422 ,  0.6541 ,
  0.0003 ,  0.1220 , -0.1589 ,  1.3701 ,  1.2203 ,  0.9775 ,
 -0.1214 ,  0.0407 , -0.3186 , -0.8255 , -0.1981 ,  0.3288 ,
  0.1616 ,  0.0808 ,  0.0015 ,  0.6505 ,  2.7251 ,  1.3009 ,
  0.0810 ,  0.0811 ,  0.0007 , -0.8985 ,  0.7325 ,  0.9757 ,
 -0.0402 ,  0.0814 , -0.1592 , -0.8925 ,  1.1652 ,  0.9775 ,
 -0.0407 ,  0.2028 , -0.6353 , -0.2874 ,  1.1395 ,  0.3324 ,
  0.0006 ,  0.1223 , -0.0002 , -0.1844 , -0.0234 ,  0.3252 ,
  0.0406 ,  0.1218 , -0.1585 , -0.9547 ,  1.2833 ,  0.3270 ,
  0.0395 ,  0.0396 , -0.4756 ,  1.5025 ,  1.9197 ,  0.6558 ,
 -0.0807 ,  0.1221 , -0.3183 , -0.9488 ,  0.4715 ,  0.9793 ,
 -0.0397 ,  0.1225 , -0.0006 ,  0.5908 ,  3.0248 ,  1.3010 ,
  0.0810 ,  0.0811 ,  0.0007 ,  0.6512 ,  1.9770 ,  0.9757 ,
  0.0005 ,  0.1627 , -0.1589 ,  1.3087 , -0.0320 ,  0.6522 ,
  0.0409 ,  0.0408 ,  0.1592 , -0.0673 , -0.5662 ,  0.6646 ,
  0.0010 ,  0.1226 ,  0.1584 , -0.1893 ,  1.8441 ,  0.6487 ,
 -0.0397 ,  0.2442 , -0.3181 , -1.9083 ,  0.5110 ,  2.2801 ,
 -0.0406 ,  0.0811 , -0.3178 , -0.1128 ,  1.7869 ,  1.3045 ,
 -0.0409 ,  0.0808 , -0.4765 ,  2.2165 ,  1.7860 ,  0.3306 ,
  0.0802 ,  0.1210 , -0.4753 , -0.1704 ,  0.7224 ,  0.0053 ,
  0.0002 ,  0.0408 , -0.0001 , -0.0615 ,  0.6144 ,  0.9757 ,
  0.0409 ,  0.1221 ,  0.0002 ,  0.5901 ,  1.9063 ,  0.6504 ,
 -0.0405 ,  0.1623 , -0.4766 , -1.0057 ,  3.6372 ,  0.9811 ,
 -0.0415 ,  0.0397 , -0.6350 , -0.8165 ,  1.7931 ,  0.9828 ,
 -0.0411 ,  0.1213 , -0.6352 ,  1.3852 ,  2.3997 ,  0.9828 ,
  0.0403 , -0.0002 ,  0.0004 , -2.3252 ,  0.0629 ,  0.9757 ,
 -0.0804 ,  0.0412 , -0.0009 , -0.8357 ,  1.7331 ,  0.3252 ,
  0.0003 ,  0.1220 , -0.1589 ,  1.3701 ,  0.5981 ,  0.9775 ,
  0.0407 ,  0.0813 ,  0.0003 ,  0.6516 ,  2.5364 ,  0.6504 ,
 -0.1610 ,  0.0415 , -0.0017 , -0.0601 ,  0.3628 ,  0.9757 ,
 -0.0001 ,  0.0405 , -0.1587 , -0.0566 ,  0.6137 ,  1.9532 ,
 -0.0402 ,  0.0417 ,  0.1582 ,  0.7055 ,  1.1687 ,  0.3148 ,
  0.1206 ,  0.0803 , -0.3162 , -0.1142 ,  2.0384 ,  0.6540 ,
  0.1216 ,  0.2029 , -0.1578 , -1.8531 ,  0.7712 ,  0.0018 ,
 -0.0812 ,  0.0810 , -0.4769 , -1.6574 ,  0.4786 ,  0.9811 ,
  0.1206 ,  0.0803 , -0.3162 , -2.4389 ,  1.4162 ,  0.3288 ,
  0.0003 ,  0.2032 , -0.3177 , -2.6224 , -0.0405 ,  0.9793 ,
 -0.0399 ,  0.0817 , -0.0006 , -0.1226 , -0.7009 ,  1.3010 ,
  0.0404 ,  0.1623 , -0.3172 , -1.0113 ,  0.6524 ,  0.3288 ,
 -0.0395 ,  0.1633 , -0.0007 ,  1.3041 ,  1.7727 ,  1.6262 ,
  0.1210 ,  0.0806 , -0.1576 , -2.4438 ,  1.4169 ,  0.9775 ,
 -0.2414 ,  0.2044 , -0.3201 , -1.0703 ,  0.8265 ,  1.9551 ,
 -0.0404 ,  0.1219 , -0.3179 , -0.1742 ,  1.7790 ,  0.9793 ,
 -0.0005 ,  0.0401 , -0.3174 ,  1.4980 ,  1.8576 ,  1.6297 ,
  0.0397 ,  0.1616 , -0.6345 , -1.7764 ,  1.2732 ,  1.3081 ,
  0.0406 ,  0.0808 ,  0.1590 ,  1.4503 ,  1.2660 ,  0.6265 ,
  0.0404 ,  0.0810 , -0.1584 , -0.1184 ,  0.6688 ,  0.6522 ,
  0.0402 ,  0.1215 , -0.3171 , -0.1749 ,  1.2825 ,  0.9793 ,
  0.0804 ,  0.1618 , -0.4754 , -1.0068 ,  1.3368 ,  0.6558 ,
 -0.0416 ,  0.1614 , -0.9525 , -0.9910 ,  0.5236 ,  0.6611 ,
 -0.0802 ,  0.0007 ,  0.1578 , -0.0042 ,  2.3639 ,  0.3234 ,
 -0.0406 ,  0.0811 , -0.3178 ,  0.6620 ,  0.5422 ,  0.6541 ,
 -0.0792 ,  0.1640 ,  0.1576 ,  0.5303 , -0.1541 ,  0.3331 ,
 -0.1208 ,  0.1630 , -0.3188 , -0.2350 ,  1.6454 ,  0.3288 ,
 -0.0392 ,  0.1637 ,  0.3156 , -1.0281 ,  0.5243 ,  0.6302 ,
  0.0002 ,  0.0408 , -0.0001 , -0.8363 ,  0.6144 ,  0.6505 ,
 -0.1210 ,  0.1223 , -0.3187 , -0.1736 ,  1.6531 ,  0.6541 ,
 -0.0404 ,  0.1219 , -0.3179 , -0.1742 ,  2.4011 ,  0.9793 ,
  0.0003 ,  0.1220 , -0.1589 , -1.7293 , -0.0242 ,  0.6522 ,
 -0.0003 , -0.0003 , -0.1586 , -0.7700 ,  1.2438 ,  0.6522 ,
  0.1210 ,  0.0806 , -0.1576 ,  0.6557 ,  2.0391 ,  1.3027 ,
 -0.0006 ,  0.0806 , -0.4761 , -0.8831 ,  1.8489 ,  0.9811 ,
  0.0813 ,  0.2031 , -0.1582 ,  0.4717 ,  0.7083 ,  0.9775 ,
  0.0399 ,  0.1212 , -0.4757 , -0.1701 ,  1.2817 ,  0.6558 ,
 -0.0409 ,  0.0808 , -0.4765 , -0.8828 ,  1.7860 ,  0.6558 ,
  0.0001 ,  0.1624 , -0.3176 ,  1.3135 ,  2.4563 ,  0.3288 ,
  0.0001 ,  0.1624 , -0.3176 , -1.7859 ,  0.5895 ,  0.6541 ,
  0.0001 ,  0.0812 , -0.1588 ,  0.6568 ,  1.8504 ,  0.0018 ,
 -0.0405 ,  0.1623 , -0.4766 , -0.2308 ,  2.3927 ,  0.3306 ,
 -0.0808 , -0.0404 , -0.0007 ,  0.0621 ,  1.1265 ,  0.9757 ,
  0.0805 ,  0.0401 , -0.1579 , -1.6070 ,  2.6064 ,  1.3027 ,
 -0.0808 ,  0.1625 , -0.4770 , -2.5554 ,  2.3298 ,  0.9811 ,
 -0.0401 ,  0.0410 , -0.0005 , -0.0611 ,  1.7961 ,  0.9757 ,
  0.0004 ,  0.0815 , -0.0002 , -0.1229 ,  2.4733 ,  1.3010 ,
  0.0404 ,  0.1623 , -0.3172 ,  1.3132 ,  0.0302 ,  0.6541 ,
  0.0408 ,  0.1626 , -0.1585 , -0.2413 ,  0.0309 ,  0.9775 ,
  0.0410 ,  0.2033 , -0.1586 , -1.0776 ,  0.6454 ,  1.3027 ,
  0.0811 ,  0.1624 , -0.1581 , -0.2416 ,  0.0939 ,  0.3270 ,
  0.0404 ,  0.1623 , -0.3172 , -0.2364 ,  1.2746 ,  1.3045 ,
 -0.0403 ,  0.0414 ,  0.1576 , -0.0637 ,  1.8004 ,  0.6463 ,
  0.0406 ,  0.2030 , -0.3173 ,  0.4770 ,  0.0224 ,  0.9793 ,
 -0.0819 ,  0.0804 , -0.7942 ,  0.6770 ,  1.0993 ,  0.9846 ,
 -0.0402 ,  0.0417 ,  0.1582 ,  0.7055 ,  3.6560 ,  0.9593 ,
  0.1609 ,  0.2033 ,  0.3173 ,  0.4482 ,  2.0703 ,  0.3155 ,
 -0.0006 ,  0.0806 , -0.4761 , -0.1082 ,  0.6044 ,  1.3063 ,
  0.0402 ,  0.0403 , -0.1583 , -0.8318 ,  1.9211 ,  1.6278 ,
  0.0001 ,  0.0812 , -0.1588 ,  0.6568 ,  0.6059 ,  1.3027 ,
 -0.0404 ,  0.0819 ,  0.1573 , -0.1246 ,  1.1667 ,  0.6519 ,
  0.0399 ,  0.1212 , -0.4757 , -0.9449 , -0.5851 ,  0.3306 ,
  0.0800 ,  0.1614 , -0.6340 , -1.7767 ,  0.7139 ,  0.9828 ,
 -0.0409 ,  0.0808 , -0.4765 ,  0.6669 ,  2.4082 ,  1.9568 ,
 -0.0399 ,  0.0817 , -0.0006 ,  1.4270 ,  0.5437 ,  0.6505 ,
  0.0404 ,  0.0810 , -0.1584 ,  1.4313 ,  1.9133 ,  0.3270 ,
 -0.0400 ,  0.1222 , -0.1593 , -0.1791 ,  0.5352 ,  0.3270 ,
  0.0406 ,  0.1218 , -0.1585 ,  2.1446 ,  0.6610 ,  0.6522 ,
 -0.0413 ,  0.0805 , -0.6351 , -0.8779 ,  2.4076 ,  0.9828 ,
 -0.0409 ,  0.0808 , -0.4765 , -2.4326 ,  2.4082 ,  0.6558 ,
 -0.0404 ,  0.0406 , -0.1591 , -1.6060 , -0.0715 ,  0.9775 ,
 -0.1207 ,  0.0424 ,  0.3150 , -0.0659 ,  3.5482 ,  0.9650 ,
 -0.0395 ,  0.1633 , -0.0007 ,  1.3041 ,  1.1503 ,  1.3010 ,
  0.0402 ,  0.1215 , -0.3171 , -0.1749 ,  1.2825 ,  0.9793 ,
  0.0804 ,  0.1618 , -0.4754 , -0.2319 ,  1.3368 ,  0.0053 ,
  0.1216 ,  0.0000 ,  0.3185 , -0.0108 ,  0.1902 ,  1.2974 ,
 -0.0399 ,  0.0817 , -0.0006 , -0.8975 ,  1.7882 ,  0.0000 ,
  0.0008 ,  0.0818 ,  0.1585 , -0.9027 , -0.6372 ,  0.9739 ,
 -0.0398 ,  0.1629 , -0.1593 , -1.0155 ,  1.1496 ,  0.0018 ,
 -0.1208 ,  0.0818 , -0.1600 , -0.1170 ,  1.0394 ,  0.9775 ,
  0.0406 ,  0.2030 , -0.3173 , -0.2979 ,  0.0224 ,  0.6541 ,
  0.0395 ,  0.0396 , -0.4756 , -0.8220 ,  0.0529 ,  0.6558 ,
 -0.0400 ,  0.1222 , -0.1593 , -0.1791 ,  0.5352 ,  0.6522 ,
 -0.0001 ,  0.0405 , -0.1587 , -2.3814 ,  1.2359 ,  0.6522 ,
 -0.0406 , -0.0001 , -0.1590 , -0.7697 ,  0.5586 ,  1.3027 ,
 -0.0411 ,  0.1213 , -0.6352 ,  1.3852 , -0.7117 ,  0.9828 ,
  0.0403 , -0.0002 ,  0.0004 , -0.0003 ,  1.3074 ,  0.3252 ,
 -0.0805 ,  0.0816 , -0.1596 ,  1.4322 ,  2.3468 ,  1.3027 ,
  0.0406 ,  0.1218 , -0.1585 , -0.1798 ,  1.9056 ,  0.3270 ,
 -0.1203 ,  0.1229 , -0.0014 ,  1.3663 , -0.8346 ,  0.6505 ,
 -0.0405 ,  0.1623 , -0.4766 , -2.5556 ,  0.5258 ,  1.3063 ,
  0.0803 ,  0.0805 , -0.3166 , -0.1138 ,  0.7310 ,  0.9793 ,
  0.0808 ,  0.0404 ,  0.0007 , -1.6119 ,  1.3625 ,  1.3009 ,
  0.0010 ,  0.1226 ,  0.1584 , -0.1893 ,  1.8441 ,  0.3234 ,
  0.0007 ,  0.2035 , -0.1590 ,  1.2473 ,  0.5824 ,  0.9775 ,
 -0.0811 ,  0.0405 , -0.3182 , -0.8259 ,  0.4871 ,  0.3288 ,
  0.0005 ,  0.1627 , -0.1589 , -0.2409 ,  0.5903 ,  0.3270 ,
 -0.0006 ,  0.0806 , -0.4761 , -1.6580 ,  1.2266 ,  0.6558 ,
  0.0004 ,  0.0815 , -0.0002 , -0.1229 ,  1.2288 ,  0.6505 ,
 -0.0799 ,  0.2039 , -0.1598 , -1.8515 ,  2.3233 ,  0.3270 ,
 -0.0400 ,  0.0416 ,  0.3154 , -0.8276 ,  1.8035 ,  0.9719 ,
  0.0406 ,  0.2030 , -0.3173 , -1.0728 ,  1.2669 ,  1.6297 ,
  0.0402 ,  0.0403 , -0.1583 ,  1.4927 ,  0.0544 ,  0.6522 ,
  0.0802 ,  0.1210 , -0.4753 ,  0.6044 ,  0.7224 , -0.3199 ,
 -0.0399 ,  0.1237 ,  0.3163 ,  0.5736 ,  1.7757 ,  0.9571 ,
 -0.1212 ,  0.0815 , -0.3186 , -3.2117 ,  0.4164 ,  0.3288 ,
  0.0012 ,  0.1634 ,  0.1583 , -0.2507 ,  1.2140 ,  0.6487 ,
 -0.1213 ,  0.1219 , -0.4774 , -1.7185 ,  1.0300 ,  0.9811 ,
  0.0406 ,  0.1218 , -0.1585 ,  0.5950 ,  0.6610 , -0.3235 ,
 -0.0805 ,  0.0816 , -0.1596 , -0.8922 , -0.7646 ,  0.3270 ,
 -0.0402 ,  0.1626 , -0.3180 ,  0.5391 ,  1.7712 ,  0.6541 ,
 -0.0411 ,  0.0400 , -0.4764 , -2.3712 ,  2.4161 ,  0.0053 ,
 -0.0402 ,  0.0814 , -0.1592 ,  1.4320 ,  1.1652 ,  0.6522 ,
 -0.0415 ,  0.0397 , -0.6350 , -1.5914 ,  0.5485 ,  0.6576 ,
 -0.0404 ,  0.1219 , -0.3179 , -0.1742 ,  3.0233 ,  0.6541 ,
  0.0805 ,  0.1213 , -0.3167 ,  0.5995 ,  1.3455 ,  0.6540 ,
  0.0002 ,  0.2437 , -0.4764 , -0.3541 ,  1.8177 ,  0.9811 ,
  0.0798 ,  0.0395 , -0.4752 , -1.5973 ,  1.3603 ,  0.6558 ,
  0.0799 , -0.0010 , -0.3165 , -1.5407 ,  1.9911 ,  0.9793 ,
 -0.0800 ,  0.1227 , -0.0010 ,  0.5911 ,  1.0952 ,  0.9757 ,
 -0.0807 ,  0.1221 , -0.3183 ,  0.6009 ,  1.7161 ,  1.3045 ,
  0.0401 ,  0.1619 , -0.4758 , -1.7813 ,  0.6517 ,  0.3306 ,
 -0.0403 ,  0.2031 , -0.4767 ,  0.4825 ,  1.1402 ,  1.3063 ,
  0.0800 ,  0.1614 , -0.6340 , -1.0019 ,  0.0916 ,  0.3323 ,
  0.0803 ,  0.0805 , -0.3166 ,  0.6610 ,  1.3533 ,  1.6297 ,
 -0.0408 ,  0.0403 , -0.3178 , -0.0513 ,  0.5500 ,  0.6541 ,
 -0.0001 ,  0.1217 , -0.3175 , -0.1746 , -0.6472 ,  0.6541 ,
  0.0407 ,  0.0814 ,  0.1571 , -1.6870 ,  1.2843 ,  0.6691 ,
 -0.0391 ,  0.0824 ,  0.4743 , -1.6886 ,  0.5430 ,  0.3077 ,
  0.0400 ,  0.0807 , -0.3170 , -0.8884 ,  0.6681 ,  1.6297 ,
  0.0399 ,  0.1212 , -0.4757 , -0.1701 ,  0.6595 ,  0.9811 ,
  0.0004 ,  0.0815 , -0.0002 , -0.1229 ,  0.6066 ,  0.6505 ,
  0.0802 ,  0.1210 , -0.4753 , -0.1704 ,  1.3446 ,  0.9811 ,
  0.0404 ,  0.0810 , -0.1584 , -0.1184 ,  1.9133 ,  1.3027 ,
  0.1210 ,  0.0806 , -0.1576 , -1.6688 ,  0.1724 ,  0.0018 ,
  0.0405 ,  0.0406 ,  0.0003 , -1.6116 , -0.5672 , -0.0000 ,
 -0.0802 ,  0.2848 , -0.4773 , -0.4148 ,  1.0617 ,  0.9811 ,
 -0.0406 ,  0.0811 , -0.3178 ,  0.6620 ,  1.1645 ,  0.9793 ,
 -0.2012 ,  0.1229 , -0.1609 , -0.9527 ,  1.5280 ,  0.0018 ,
  0.0406 ,  0.2030 , -0.3173 , -0.2979 ,  2.5113 ,  0.3288 ,
  0.0398 ,  0.0400 , -0.3170 , -1.6018 ,  0.0536 ,  0.6540 ,
 -0.0398 ,  0.1629 , -0.1593 , -0.2406 ,  2.3942 ,  1.6278 ,
 -0.0010 , -0.0009 , -0.4759 ,  0.7895 , -0.0022 ,  1.3063 ,
 -0.0396 ,  0.0419 ,  0.3163 , -0.0692 ,  1.1749 ,  0.6354 ,
 -0.0006 ,  0.1618 , -0.6349 ,  0.5485 ,  1.2103 ,  0.3323 ,
  0.1204 ,  0.0396 , -0.3161 ,  0.7221 ,  1.4240 ,  0.3288 ,
 -0.0004 , -0.0815 ,  0.0002 , -1.4269 ,  0.6379 ,  1.3009 ,
  0.0406 ,  0.1219 ,  0.1568 , -1.7482 ,  1.2745 ,  0.9918 ,
  0.0803 ,  0.0805 , -0.3166 , -0.8887 ,  1.3533 ,  0.9793 ,
 -0.1204 ,  0.1633 , -0.1602 , -0.2399 ,  1.0237 ,  0.0018 ,
 -0.0005 ,  0.0401 , -0.3174 ,  0.7231 ,  0.6129 ,  0.9793 ,
 -0.0001 ,  0.0405 , -0.1587 , -3.1562 , -0.0086 ,  0.9775 ,
  0.0000 ,  0.0000 ,  0.0000 , -0.7748 ,  1.8670 ,  0.6505 ,
 -0.0405 ,  0.1634 ,  0.1573 ,  0.5170 ,  1.7659 ,  0.9598 ,
  0.0404 ,  0.0810 , -0.1584 , -0.8932 ,  1.9133 ,  1.6278 ,
  0.0394 ,  0.1613 , -0.7931 , -0.2217 ,  1.2725 ,  0.6594 ,
  0.0005 ,  0.1627 , -0.1589 , -1.0159 ,  1.2125 ,  0.3270 ,
  0.0015 ,  0.1637 ,  0.3170 , -1.0305 ,  1.8371 ,  0.9722 ,
  0.1209 , -0.0006 ,  0.0012 ,  1.5486 , -0.4336 , -0.0000 ,
 -0.0405 ,  0.1634 ,  0.1573 ,  0.5170 ,  1.1428 ,  0.6382 ,
 -0.1210 ,  0.1223 , -0.3187 , -0.9484 ,  0.4086 ,  0.3288 ,
  0.0404 ,  0.1623 , -0.3172 , -0.2364 ,  1.8969 ,  0.3288 ,
 -0.0004 ,  0.1214 , -0.4761 , -0.1697 ,  1.2188 ,  0.6558 ,
 -0.0404 ,  0.1219 , -0.3179 , -0.9491 ,  0.5344 ,  0.6541 ,
  0.0004 ,  0.0815 , -0.0002 , -0.1229 ,  1.8511 ,  1.6262 ,
  0.0006 ,  0.0411 ,  0.1586 , -1.6162 ,  1.2375 ,  0.6487 ,
  0.0405 ,  0.0406 ,  0.0003 , -0.8367 ,  3.1663 ,  0.3252 ,
 -0.0006 ,  0.1618 , -0.6349 , -1.0012 ,  1.8327 ,  0.3323 ,
 -0.0408 ,  0.0403 , -0.3178 , -0.0513 ,  1.7946 ,  1.3045 ,
  0.0801 ,  0.0398 , -0.3165 , -0.8273 ,  0.7388 ,  0.0036 ,
  0.0409 ,  0.1221 ,  0.0002 ,  0.5901 , -0.5828 ,  0.9757 ,
 -0.0410 , -0.0004 , -0.3177 ,  0.0101 ,  1.8024 ,  0.0036 ,
  0.0010 ,  0.1226 ,  0.1584 , -0.9642 ,  1.8441 ,  0.6487 ,
 -0.0404 ,  0.1219 , -0.3179 , -1.7241 ,  1.1567 ,  0.3288 ,
 -0.0407 ,  0.1216 , -0.4765 , -0.1694 , -0.0886 ,  0.9811 ,
  0.0413 ,  0.2036 ,  0.0000 ,  0.4672 ,  2.5129 ,  1.3009 ,
 -0.0811 ,  0.0405 , -0.3182 , -1.6008 , -0.1352 ,  0.3288 ,
 -0.0015 , -0.0825 , -0.4758 ,  0.1376 ,  0.0134 ,  0.9811 ,
 -0.0393 ,  0.0824 ,  0.3164 , -0.1309 ,  0.5419 ,  1.2486 ,
  0.0398 ,  0.0400 , -0.3170 , -0.0520 ,  0.6759 ,  0.6540 ,
 -0.0006 ,  0.0806 , -0.4761 , -1.6580 ,  1.2266 ,  0.6558 ,
 -0.0404 ,  0.1219 , -0.3179 , -2.4990 ,  1.1567 ,  0.9793 ,
 -0.0402 ,  0.0814 , -0.1592 , -1.6675 ,  1.1652 ,  0.6522 ,
 -0.0408 ,  0.0403 , -0.3178 , -0.0513 ,  1.1724 ,  0.6541 ,
  0.0405 ,  0.0406 ,  0.0003 , -0.0618 ,  2.5441 ,  0.3252 ,
  0.0810 ,  0.0811 ,  0.0007 , -0.8985 ,  2.5992 ,  0.9757 ,
 -0.0405 ,  0.1623 , -0.4766 ,  0.5440 ,  1.1481 ,  0.9811 ,
  0.0001 ,  0.0812 , -0.1588 ,  0.6568 ,  2.4725 ,  0.6522 ,
 -0.0411 ,  0.1213 , -0.6352 , -0.9394 ,  1.1552 ,  0.3324 ,
  0.0411 ,  0.1629 ,  0.0001 , -1.7959 ,  2.5207 ,  1.6261 ,
 -0.0812 ,  0.0810 , -0.4769 , -0.8824 ,  0.4786 ,  1.6314 ,
  0.0405 ,  0.0409 ,  0.3152 , -1.6071 ,  2.5464 ,  0.0169 ,
 -0.0014 , -0.0012 , -0.6346 ,  0.0196 ,  1.2415 ,  0.9828 ,
 -0.1609 ,  0.1228 , -0.1605 , -0.1781 ,  1.5910 ,  0.6523 ,
 -0.0006 ,  0.0806 , -0.4761 , -0.8831 ,  1.2266 ,  0.9811 ,
  0.0398 ,  0.0400 , -0.3170 , -0.0520 ,  1.9204 ,  0.6540 ,
  0.0004 ,  0.0815 , -0.0002 ,  0.6519 ,  1.8511 ,  0.0000 ,
  0.1609 ,  0.0801 , -0.3158 ,  0.6603 ,  0.8568 ,  0.6540 ,
  0.0398 ,  0.0400 , -0.3170 , -1.6018 ,  2.5426 ,  0.6540 ,
 -0.0407 ,  0.1216 , -0.4765 , -0.9442 ,  0.5336 ,  1.3063 ,
  0.0412 ,  0.0412 ,  0.3174 , -0.8459 ,  0.0602 ,  0.9728 ,
 -0.0015 ,  0.0392 , -0.7933 , -0.0370 , -0.6339 ,  1.6351 ,
  0.0807 ,  0.1621 , -0.3168 , -2.5614 ,  1.3376 ,  0.6540 ,
 -0.0417 , -0.0010 , -0.6350 , -0.7550 ,  1.8009 ,  0.3323 ,
  0.0810 ,  0.0811 ,  0.0007 , -0.1236 ,  2.5992 ,  0.3252 ,
  0.0004 ,  0.0815 , -0.0002 , -0.8978 ,  1.2288 ,  0.3252 ,
  0.0393 ,  0.0801 , -0.6343 , -3.2033 ,  2.5333 ,  0.6576 ,
  0.0398 ,  0.0400 , -0.3170 , -0.8269 ,  1.2981 ,  0.0036 ,
 -0.0807 ,  0.1221 , -0.3183 ,  0.6009 ,  1.0937 ,  0.9793 ,
  0.0395 ,  0.0396 , -0.4756 , -0.0471 ,  1.9197 ,  0.6558 ,
  0.0802 , -0.0007 , -0.1578 ,  0.7790 ,  1.9919 ,  0.3270 ,
  0.0003 ,  0.1220 , -0.1589 , -0.9544 ,  0.5981 , -0.3234 ,
  0.0006 ,  0.0411 ,  0.1586 ,  1.4833 ,  2.4820 ,  0.6487 ,
  0.0001 ,  0.1624 , -0.3176 ,  1.3135 , -0.0327 ,  0.6541 ,
  0.0402 ,  0.1215 , -0.3171 , -0.1749 ,  0.6602 ,  0.6541 ,
  0.0406 ,  0.1218 , -0.1585 ,  0.5950 ,  1.9056 , -0.3235 ,
  0.0409 ,  0.1221 ,  0.0002 , -1.7345 , -1.2051 ,  0.6504 ,
  0.1218 ,  0.2437 , -0.1579 ,  0.4099 ,  2.6301 ,  0.9775 ,
  0.0809 ,  0.1216 , -0.1581 , -0.1802 ,  0.7239 ,  0.3270 ,
 -0.0001 ,  0.1217 , -0.3175 , -2.4994 ,  3.0863 ,  1.6297 ,
 -0.0808 ,  0.1625 , -0.4770 , -2.5554 ,  1.7075 ,  0.6558 ,
 -0.0410 , -0.0004 , -0.3177 , -1.5396 ,  0.5578 ,  0.3288 ,
 -0.0814 ,  0.0402 , -0.4768 , -0.8210 ,  1.7309 ,  0.6558 ,
 -0.0007 , -0.0006 , -0.3173 , -1.5400 ,  1.8653 ,  0.6541 ,
  0.0003 ,  0.1220 , -0.1589 , -0.1795 ,  0.5981 ,  0.3270 ,
  0.0406 ,  0.1218 , -0.1585 , -3.2793 ,  1.2833 ,  0.6522 ,
  0.0411 ,  0.1629 ,  0.0001 , -0.2462 ,  0.6540 , -0.0000 ,
 -0.0801 ,  0.0408 ,  0.1587 ,  2.3018 ,  1.0900 ,  1.2708 ,
 -0.0404 ,  0.0406 , -0.1591 ,  0.7186 ,  0.5508 ,  0.3270 ,
 -0.0417 , -0.0010 , -0.6350 , -0.7550 ,  1.1787 ,  0.9828 ,
  0.1211 ,  0.0402 ,  0.0011 , -0.0625 ,  1.4255 , -0.0000 ,
 -0.0001 ,  0.0405 , -0.1587 , -0.8315 , -0.6309 ,  0.6522 ,
  0.0001 ,  0.1624 , -0.3176 , -0.2361 ,  0.5895 ,  0.0036 ,
  0.0006 ,  0.1223 , -0.0002 ,  2.1400 ,  1.2210 ,  0.3252 ,
  0.0001 ,  0.0812 , -0.1588 , -2.4429 ,  0.6059 ,  0.9775 ,
 -0.0807 ,  0.1221 , -0.3183 , -0.1739 ,  2.3383 ,  0.9793 ,
 -0.0005 ,  0.0401 , -0.3174 ,  1.4980 ,  2.4797 ,  0.3288 ,
 -0.0807 ,  0.1221 , -0.3183 ,  1.3757 , -0.1508 ,  0.3288 ,
 -0.0397 , -0.0406 ,  0.1594 ,  1.6361 ,  1.7852 ,  0.3030 ,
  0.1203 ,  0.0800 , -0.4749 , -0.8841 ,  1.4153 ,  0.3306 ,
  0.0805 ,  0.0401 , -0.1579 ,  1.4924 ,  1.3617 ,  0.9775 ,
  0.0011 ,  0.0821 ,  0.3171 , -0.1327 ,  0.6081 ,  0.6469 ,
 -0.1211 ,  0.1627 , -0.4774 , -0.2301 ,  1.0222 ,  0.9811 ,
  0.0008 ,  0.1631 , -0.0003 , -0.2458 ,  1.2132 ,  0.9757 ,
  0.0396 , -0.0008 , -0.3169 ,  0.0094 ,  0.6837 ,  0.0036 ,
 -0.0006 ,  0.1618 , -0.6349 , -1.7761 ,  2.4548 ,  0.3323 ,
  0.0803 ,  0.0805 , -0.3166 , -0.8887 , -0.5136 ,  0.3288 ,
 -0.0821 ,  0.1208 , -0.9529 , -0.1543 ,  1.0907 ,  0.9865 ,
  0.0404 ,  0.0810 , -0.1584 , -0.8932 ,  0.6688 ,  1.3027 ,
 -0.0001 ,  0.1217 , -0.3175 , -0.9495 ,  1.2197 ,  0.9793 ,
 -0.1219 , -0.0003 , -0.4771 ,  0.0157 ,  2.2979 ,  0.6558 ,
 -0.0399 ,  0.0005 ,  0.1582 , -0.7795 ,  1.8046 , -0.0018 ,
  0.0003 ,  0.1220 , -0.1589 , -1.7293 ,  1.2203 ,  0.0018 ,
  0.0402 ,  0.0403 , -0.1583 , -1.6066 ,  1.2989 ,  0.6522 ,
 -0.0807 ,  0.1221 , -0.3183 , -0.1739 ,  0.4715 ,  1.3045 ,
  0.1221 ,  0.2440 ,  0.0008 , -1.1447 ,  0.7642 ,  0.6504 ,
  0.0795 , -0.0013 , -0.4751 , -0.7609 ,  1.9904 ,  0.0053 ,
  0.0395 ,  0.1209 , -0.6344 , -0.9400 ,  0.6587 ,  0.6576 ,
 -0.0404 ,  0.1219 , -0.3179 , -1.7241 ,  1.1567 ,  0.3288 ,
  0.0397 ,  0.0804 , -0.4757 , -0.1086 ,  1.2895 ,  1.3063 ,
  0.0801 ,  0.0398 , -0.3165 , -0.0524 ,  1.9834 ,  0.6540 ,
  0.0401 ,  0.1221 ,  0.1578 , -0.1869 ,  1.9073 ,  0.9812 ,
 -0.0409 ,  0.1620 , -0.6353 , -1.7756 , -0.0972 ,  0.6576 ,
 -0.0001 ,  0.1217 , -0.3175 , -3.2742 ,  0.5973 ,  0.3288 ,
  0.0388 ,  0.0390 , -0.7928 , -2.3622 ,  0.6736 ,  0.0089 ,
  0.0408 ,  0.1626 , -0.1585 , -0.2413 ,  0.6532 ,  0.0018 ,
  0.0809 , -0.0001 ,  0.1594 , -0.7805 ,  2.6155 ,  0.6487 ,
 -0.0803 ,  0.1224 , -0.1597 , -0.1788 , -0.1500 ,  0.6523 ,
 -0.0401 , -0.0400 ,  0.1582 ,  0.0581 ,  0.5703 ,  0.3161 ,
  0.1211 , -0.0818 ,  0.1603 ,  0.8967 ,  0.8215 ,  0.9653 ,
  0.0393 ,  0.0801 , -0.6343 , -0.8786 ,  0.6665 ,  0.3323 ,
 -0.0008 ,  0.0398 , -0.4760 ,  0.7280 ,  2.4790 ,  0.6558 ,
  0.0796 , -0.1230 , -0.1576 , -1.3612 ,  2.0152 , -0.3235 ,
 -0.0402 ,  0.0814 , -0.1592 , -0.8925 ,  1.1652 ,  1.3027 ,
  0.0408 ,  0.1626 , -0.1585 , -0.2413 ,  0.0309 ,  0.6522 ,
  0.0402 ,  0.0816 ,  0.1581 , -0.1257 ,  1.2930 ,  0.6519 ,
  0.0407 ,  0.0813 ,  0.0003 ,  1.4263 ,  1.2918 , -0.0000 ,
  0.0411 ,  0.1629 ,  0.0001 ,  2.0782 ,  1.2762 ,  0.9757 ,
 -0.0405 , -0.0406 , -0.0003 ,  0.0618 ,  1.1894 ,  0.9757 ,
 -0.1613 ,  0.0824 ,  0.1560 , -0.1229 ,  2.8501 ,  0.9779 ,
 -0.0001 ,  0.1217 , -0.3175 ,  0.6002 ,  1.8420 ,  0.6541 ,
  0.1209 ,  0.2023 , -0.4751 , -0.2937 ,  1.3920 ,  1.6314 ,
 -0.0400 ,  0.0818 ,  0.1570 , -0.9069 ,  0.5348 , -0.0036 ,
 -0.0406 ,  0.0811 , -0.3178 , -0.8877 ,  1.1645 ,  0.3288 ,
 -0.0400 ,  0.1222 , -0.1593 , -0.1791 , -0.0871 ,  0.3270 ,
  0.0800 ,  0.0802 , -0.4752 , -0.8838 ,  1.9748 ,  1.3063 ,
  0.0402 ,  0.1215 , -0.3171 , -0.9498 ,  0.6602 ,  0.3288 ,
  0.0404 ,  0.0810 , -0.1584 , -1.6682 ,  1.9133 ,  0.9775 ,
  0.1209 , -0.0006 ,  0.0012 ,  1.5486 , -0.4336 ,  0.6504 ,
 -0.0401 ,  0.0410 , -0.0005 , -1.6109 ,  0.5515 ,  1.6262 ,
  0.0406 ,  0.1218 , -0.1585 , -0.9547 ,  0.6610 ,  1.3027 ,
 -0.0010 ,  0.0803 , -0.6347 , -0.8782 ,  1.8482 ,  0.6576 ,
 -0.0409 , -0.0409 , -0.1590 , -2.2581 ,  1.8109 ,  0.3270 ,
 -0.0000 ,  0.2029 , -0.4763 ,  0.4822 ,  1.2032 ,  1.6314 ,
 -0.0001 ,  0.0405 , -0.1587 , -0.8315 ,  0.6137 ,  0.6522 ,
 -0.0399 ,  0.0817 , -0.0006 ,  0.6522 ,  1.1660 ,  0.6505 ,
  0.0805 ,  0.0401 , -0.1579 , -0.0573 ,  0.7395 ,  0.3270 ,
  0.0004 ,  0.0815 , -0.0002 ,  1.4267 ,  1.2288 ,  0.6505 ,
 -0.0398 ,  0.1629 , -0.1593 , -1.7904 ,  0.5274 ,  0.6522 ,
 -0.0416 , -0.0415 , -0.4762 , -0.6984 ,  2.4316 ,  0.0053 ,
 -0.0804 ,  0.0412 , -0.0009 , -1.6105 ,  2.3553 ,  0.3252 ,
 -0.0407 ,  0.2028 , -0.6353 , -0.2874 , -0.7273 ,  0.3324 ,
  0.0404 ,  0.1623 , -0.3172 , -1.0113 ,  0.0302 ,  0.9793 ,
  0.0800 ,  0.0802 , -0.4752 , -1.6587 ,  2.5970 ,  0.3306 ,
 -0.0400 ,  0.2034 , -0.3181 , -0.2972 , -0.7258 ,  1.6297 ,
  0.0008 ,  0.1631 , -0.0003 , -1.7956 ,  1.8356 ,  0.6505 ,
  0.0001 ,  0.0812 , -0.1588 , -0.8930 ,  1.8504 ,  0.3270 ,
 -0.0003 ,  0.0809 , -0.3174 ,  0.6617 ,  0.6051 ,  0.6541 ,
 -0.0399 ,  0.0005 ,  0.1582 , -2.3294 ,  1.8046 ,  0.3234 ,
 -0.0406 ,  0.0811 , -0.3178 ,  0.6620 ,  1.7869 ,  1.3045 ,
  0.1210 ,  0.1619 , -0.3164 , -0.2371 ,  2.0227 ,  0.3288 ,
 -0.0397 ,  0.1225 , -0.0006 , -1.7338 ,  0.5359 ,  0.3252 ,
  0.2020 ,  0.1618 , -0.1569 ,  0.5321 ,  2.1494 ,  0.3270 ,
  0.0809 ,  0.1216 , -0.1581 , -1.7299 ,  1.3462 ,  1.6278 ,
 -0.0806 ,  0.0416 ,  0.1572 , -0.0633 ,  1.1131 ,  0.6463 ,
  0.0814 ,  0.0820 ,  0.3170 , -0.8989 ,  1.3581 ,  0.9653 ,
 -0.0809 ,  0.0813 , -0.3182 , -2.4374 ,  0.4793 ,  0.6541 ,
 -0.0798 ,  0.1635 , -0.0011 , -0.2451 ,  0.4652 ,  0.9757 ,
 -0.0010 ,  0.0803 , -0.6347 , -0.8782 ,  2.4705 ,  1.3081 ,
  0.0399 ,  0.2024 , -0.6345 , -1.0630 ,  1.2654 ,  0.6576 ,
 -0.0399 ,  0.0005 ,  0.1582 , -0.7794 , -0.0622 ,  0.9739 ,
  0.0399 , -0.0005 , -0.1582 ,  0.7793 ,  0.6844 ,  0.6522 ,
  0.0003 ,  0.2032 , -0.3177 , -2.6224 ,  2.4485 ,  0.6541 ,
 -0.0001 ,  0.1217 , -0.3175 , -0.1746 , -0.6472 ,  0.9793 ,
  0.1200 ,  0.0393 , -0.4748 , -1.5976 ,  2.0455 ,  1.6314 ,
 -0.0006 ,  0.0806 , -0.4761 , -0.8831 ,  0.6044 ,  0.3306 ,
 -0.1613 ,  0.0412 , -0.1603 , -1.6050 ,  0.3621 ,  0.3270 ,
  0.0404 ,  0.0813 ,  0.1574 , -0.8978 ,  1.2889 ,  0.3337 ,
 -0.0001 ,  0.0405 , -0.1587 ,  0.7182 ,  1.2359 , -0.3234 ,
 -0.1203 ,  0.1229 , -0.0014 , -1.7331 , -0.2122 ,  0.9757 ,
 -0.0406 , -0.0001 , -0.1590 , -0.7697 ,  0.5586 ,  0.0018 ,
 -0.0400 ,  0.1222 , -0.1593 , -0.9540 ,  0.5352 ,  0.6522 ,
 -0.0406 ,  0.0811 , -0.3178 ,  0.6620 ,  0.5422 ,  0.3288 ,
  0.0402 ,  0.1215 , -0.3171 , -0.9498 ,  0.0380 ,  0.6541 ,
 -0.0402 ,  0.1626 , -0.3180 , -0.2357 ,  0.5266 ,  0.0036 ,
  0.0406 ,  0.0410 ,  0.1587 , -0.0660 ,  0.6773 ,  1.2835 ,
  0.0003 ,  0.1220 , -0.1589 , -0.1795 ,  1.8427 ,  0.6522 ,
 -0.0807 ,  0.0408 , -0.1595 ,  0.7189 ,  0.4879 ,  0.9775 ,
 -0.0403 ,  0.0002 , -0.0004 , -0.7745 ,  1.8039 ,  0.0000 ,
 -0.0408 ,  0.0403 , -0.3178 , -0.8262 ,  1.7946 ,  0.6541 ,
 -0.1218 , -0.0408 , -0.3184 ,  1.6218 ,  0.4398 ,  0.3288 ,
 -0.0803 ,  0.1224 , -0.1597 , -1.7285 ,  0.4723 ,  0.3270 ,
 -0.0399 ,  0.0005 ,  0.1582 , -1.5544 , -0.0622 ,  0.6487 ,
  0.0803 ,  0.0805 , -0.3166 , -0.8887 ,  1.9755 ,  0.3288 ,
 -0.0808 ,  0.0819 ,  0.1553 , -1.6858 ,  1.0894 ,  0.6689 ,
  0.0398 ,  0.0400 , -0.3170 , -0.8269 ,  0.6759 ,  0.3288 ,
 -0.0005 ,  0.0401 , -0.3174 , -1.6015 , -0.0093 ,  1.9549 ,
 -0.0006 ,  0.0806 , -0.4761 , -1.6580 ,  3.7157 ,  0.0053 ,
 -0.0003 ,  0.0809 , -0.3174 , -0.8881 ,  0.6051 ,  0.0036 ,
  0.0405 ,  0.0406 ,  0.0003 ,  0.7130 ,  0.6774 , -0.3253 ,
  0.0809 , -0.0001 ,  0.1594 , -0.0056 ,  2.6155 , -0.3270 ,
  0.0799 , -0.0010 , -0.3165 ,  0.0091 ,  0.1243 ,  0.3288 ,
  0.0805 ,  0.0401 , -0.1579 , -0.0573 ,  0.7395 ,  0.6522 ,
 -0.0003 ,  0.0809 , -0.3174 , -0.1131 ,  1.8497 ,  0.9793 ,
  0.0412 ,  0.1219 ,  0.1578 , -1.7554 ,  0.0441 ,  0.9605 ,
  0.0411 ,  0.1222 ,  0.1583 ,  1.3920 ,  0.0314 ,  0.3196 ,
  0.0821 ,  0.1634 ,  0.3177 , -0.2569 ,  0.0985 ,  0.6445 ,
  0.0408 ,  0.1626 , -0.1585 , -1.0162 ,  1.2754 ,  0.9775 ,
 -0.0400 ,  0.1222 , -0.1593 , -0.1791 ,  0.5352 ,  1.3027 ,
  0.0807 ,  0.1621 , -0.3168 , -3.3363 ,  2.5821 ,  0.3288 ,
  0.0393 ,  0.0801 , -0.6343 , -0.8786 ,  1.2888 ,  0.0071 ,
 -0.0399 ,  0.0817 , -0.0006 , -0.8975 ,  1.1660 ,  0.6505 ,
  0.1206 ,  0.0803 , -0.3162 , -2.4389 ,  2.0384 ,  0.9793 ,
  0.0809 ,  0.1216 , -0.1581 , -0.9551 ,  1.3462 ,  0.3270 ,
  0.0402 ,  0.0403 , -0.1583 , -0.8318 ,  0.0544 ,  0.6522 ,
  0.0402 ,  0.0403 , -0.1583 , -0.0569 ,  0.0544 ,  1.6278 ,
 -0.0802 ,  0.0819 , -0.0010 , -2.4470 , -0.1415 ,  1.9514 ,
  0.2016 ,  0.1615 , -0.3155 , -0.2378 ,  1.5264 ,  0.6540 ,
  0.0003 ,  0.1220 , -0.1589 , -0.9544 ,  1.8427 , -0.3234 ,
 -0.0403 ,  0.2031 , -0.4767 ,  0.4825 ,  0.5181 ,  0.6558 ,
  0.0402 ,  0.0816 ,  0.1586 ,  0.6420 ,  2.5288 , -0.0065 ,
  0.0000 ,  0.0000 ,  0.0000 ,  0.7748 ,  1.2446 ,  0.3252 ,
 -0.0408 ,  0.0403 , -0.3178 , -0.8262 , -0.6945 ,  0.6541 ,
  0.0398 ,  0.0400 , -0.3170 , -0.0520 ,  0.6759 ,  0.3288 ,
  0.0402 ,  0.0403 , -0.1583 , -0.0569 ,  1.9211 ,  0.9775 ,
  0.1205 ,  0.2020 , -0.6337 , -2.6135 , -0.4756 ,  1.3080 ,
 -0.0001 ,  0.1217 , -0.3175 , -2.4994 , -0.0249 ,  0.3288 ,
 -0.1608 ,  0.0833 ,  0.1570 ,  0.6429 ,  0.9727 ,  0.6393 ,
 -0.0004 ,  0.1214 , -0.4761 , -0.1697 ,  1.2188 ,  0.9811 ,
  0.0002 ,  0.0408 , -0.0001 , -0.0615 ,  0.6144 ,  0.6505 ,
 -0.0406 ,  0.0811 , -0.3178 , -0.8877 ,  1.1645 ,  0.6541 ,
 -0.0399 ,  0.0414 ,  0.1579 , -0.0653 ,  0.5511 , -0.0010 ,
  0.0802 , -0.0007 , -0.1578 ,  0.7790 ,  1.3696 ,  0.9775 ,
  0.0396 , -0.0008 , -0.3169 ,  0.7843 ,  1.3059 ,  0.6540 ,
 -0.0420 , -0.0014 , -0.7936 , -0.7501 ,  1.8002 ,  0.9846 ,
  0.0809 ,  0.1216 , -0.1581 , -0.1802 ,  1.3462 ,  0.9775 ,
 -0.0007 , -0.0006 , -0.3173 , -2.3151 ,  1.8653 ,  0.9793 ,
  0.0004 ,  0.0815 , -0.0002 , -2.4475 ,  1.2288 ,  0.3252 ,
 -0.0397 ,  0.1225 , -0.0006 , -0.9589 ,  1.7804 , -0.3252 ,
  0.0404 ,  0.0810 , -0.1584 , -2.4431 ,  0.0465 ,  0.3270 ,
  0.0392 , -0.0011 , -0.4755 ,  0.0143 ,  2.5496 ,  0.3306 ,
 -0.1216 , -0.0000 , -0.3185 , -1.5390 ,  1.0542 ,  0.3288 ,
  0.0001 ,  0.0812 , -0.1588 , -1.6679 ,  0.6059 ,  0.3270 ,
 -0.1219 , -0.0003 , -0.4771 , -1.5341 ,  0.4313 ,  0.3306 ,
 -0.1212 ,  0.0815 , -0.3186 , -0.1121 ,  1.0387 ,  0.6541 ,
 -0.0809 ,  0.0813 , -0.3182 , -0.1124 ,  0.4793 ,  0.6541 ,
 -0.0404 ,  0.1219 , -0.3179 , -0.1742 ,  2.4011 ,  0.9793 ,
 -0.0800 ,  0.1227 , -0.0010 , -0.9586 ,  0.4730 ,  0.0000 ,
  0.0807 ,  0.0808 , -0.1580 , -0.8936 ,  0.7317 ,  0.0018 ,
  0.0003 ,  0.1220 , -0.1589 , -0.1795 , -0.6465 ,  0.3270 ,
  0.0008 ,  0.1631 , -0.0003 ,  0.5290 ,  1.2132 ,  0.9757 ,
 -0.0003 ,  0.0809 , -0.3174 , -0.8881 ,  1.2274 ,  0.3288 ,
  0.0811 ,  0.0811 ,  0.1584 ,  2.2451 ,  0.0972 ,  1.2527 ,
 -0.0399 ,  0.0817 , -0.0006 , -0.1226 ,  1.7882 ,  0.3252 ,
 -0.0810 ,  0.1218 , -0.4770 , -0.9439 ,  1.7152 ,  0.3306 ,
 -0.0402 ,  0.0814 , -0.1592 , -0.8925 ,  0.5430 ,  0.0018 ,
 -0.0812 ,  0.0810 , -0.4769 ,  1.4420 ,  1.1008 ,  0.3306 ,
  0.0400 ,  0.0807 , -0.3170 ,  0.6613 ,  1.2904 ,  0.9793 ,
 -0.0406 ,  0.0811 , -0.3178 , -0.1128 , -0.7024 ,  0.6541 ,
 -0.0406 ,  0.0811 , -0.3178 , -1.6626 ,  0.5422 ,  0.9793 ,
 -0.0015 ,  0.0392 , -0.7933 , -0.8119 ,  1.8553 ,  0.0089 ,
 -0.0802 ,  0.0819 , -0.0010 , -0.1222 ,  0.4808 ,  0.6505 ,
  0.0813 ,  0.2031 , -0.1582 , -1.0780 ,  0.0860 ,  0.6522 ,
  0.0798 ,  0.0395 , -0.4752 , -2.3722 , -0.5066 ,  0.6558 ,
  0.0805 ,  0.1213 , -0.3167 , -0.9502 ,  1.9678 ,  0.6540 ,
  0.0809 ,  0.0806 ,  0.1592 ,  1.4498 ,  1.3273 ,  0.6265 ,
 -0.1620 ,  0.0406 , -0.4776 ,  0.7294 ,  0.3606 ,  1.3063 ,
  0.0802 ,  0.2022 , -0.6341 ,  0.4864 ,  3.1951 ,  0.0071 ,
 -0.0406 ,  0.0811 , -0.3178 , -0.1128 ,  1.1645 ,  0.9793 ,
  0.0407 ,  0.0813 ,  0.0003 , -1.6730 ,  1.2918 , -0.0000 ,
 -0.0005 ,  0.0401 , -0.3174 , -0.8266 ,  0.6129 ,  0.3288 ,
  0.0395 ,  0.0396 , -0.4756 , -0.8220 ,  0.6751 ,  0.9811 ,
  0.0796 ,  0.0799 , -0.6339 , -0.8789 ,  1.9741 ,  0.3323 ,
  0.0411 ,  0.1629 ,  0.0001 , -0.2462 ,  1.8986 ,  0.9757 ,
  0.0008 ,  0.1631 , -0.0003 , -0.2458 , -0.6536 ,  0.3252 ,
  0.0408 ,  0.1626 , -0.1585 ,  0.5335 ,  1.2754 ,  0.6522 ,
 -0.0017 , -0.0015 , -0.7932 ,  0.0245 ,  1.2408 ,  0.9846 ,
  0.0407 ,  0.0814 ,  0.1571 , -1.6870 ,  1.2843 ,  0.6691 ,
  0.0409 ,  0.0408 ,  0.1592 , -0.0673 , -0.5662 ,  0.3307 ,
  0.0809 ,  0.0822 ,  0.3170 , -0.1288 ,  1.9795 ,  0.3218 ,
 -0.0395 ,  0.1633 , -0.0007 , -1.0204 ,  0.5281 ,  0.9757 ,
 -0.0002 ,  0.1621 , -0.4762 , -1.0061 , -0.0335 ,  0.9811 ,
 -0.0001 ,  0.2434 , -0.6350 , -1.1241 , -0.6722 ,  1.3081 ,
  0.0807 ,  0.0808 , -0.1580 , -1.6684 , -1.1352 , -0.3235 ,
 -0.1628 , -0.0412 , -0.6361 , -1.4673 ,  0.3754 ,  0.3324 ,
 -0.0809 ,  0.0813 , -0.3182 , -0.1124 ,  1.1016 ,  1.3045 ,
 -0.0399 ,  0.0817 , -0.0006 , -0.8975 ,  1.7882 ,  0.6505 ,
 -0.1611 ,  0.0820 , -0.1604 ,  2.2078 ,  2.2209 ,  0.3270 ,
 -0.0008 ,  0.1211 , -0.6348 , -0.1648 ,  2.4627 ,  1.9585 ,
  0.0397 ,  0.0804 , -0.4757 , -0.1086 ,  1.9119 ,  0.6558 ,
  0.0809 ,  0.1216 , -0.1581 , -2.5048 , -0.5207 ,  0.6522 ,
  0.0407 ,  0.0813 ,  0.0003 , -1.6730 ,  0.6696 ,  0.3252 ,
  0.0399 , -0.0005 , -0.1582 ,  0.7793 ,  1.3067 ,  1.3027 ,
 -0.0804 ,  0.0412 , -0.0009 , -0.0608 ,  2.3553 ,  0.6505 ,
  0.0402 ,  0.1215 , -0.3171 , -0.1749 ,  1.9048 ,  0.3288 ,
  0.0394 , -0.0416 , -0.3168 ,  1.6205 ,  2.5581 ,  0.6540 ,
 -0.0003 ,  0.0809 , -0.3174 ,  0.6617 ,  1.2274 ,  0.6541 ,
  0.0793 , -0.0421 , -0.4750 ,  0.0754 ,  1.3759 ,  0.9811 ,
 -0.0001 ,  0.1217 , -0.3175 , -0.1746 ,  0.5973 ,  0.0036 ,
  0.0396 , -0.0008 , -0.3169 , -0.7654 ,  0.0614 ,  0.6540 ,
  0.0407 ,  0.0813 ,  0.0003 , -0.1233 ,  0.6696 ,  0.3252 ,
  0.0409 ,  0.1221 ,  0.0002 , -0.1847 ,  1.9063 ,  0.3252 ,
  0.0814 ,  0.1627 ,  0.0005 , -0.2465 ,  0.7169 , -0.3253 ,
 -0.0806 ,  0.0416 ,  0.1572 , -0.0633 ,  2.3618 ,  0.6463 ,
  0.0006 ,  0.1223 , -0.0002 , -1.7341 ,  0.5988 ,  0.9757 ,
  0.0810 ,  0.0811 ,  0.0007 , -0.8985 ,  1.3548 ,  0.3252 ,
 -0.0814 ,  0.0402 , -0.4768 , -0.8210 , -0.1359 ,  0.6558 ,
  0.1613 ,  0.0805 , -0.1572 , -0.1194 ,  0.8576 ,  0.9775 ,
 -0.0006 ,  0.0806 , -0.4761 , -1.6580 , -0.0179 ,  0.3306 ,
 -0.1205 ,  0.0821 , -0.0014 , -0.8967 ,  1.0400 ,  0.6505 ,
  0.0404 ,  0.0810 , -0.1584 , -0.8932 ,  0.0465 ,  1.3027 ,
 -0.0411 ,  0.0400 , -0.4764 ,  1.5032 ,  1.7939 ,  0.6558 ,
 -0.0398 ,  0.1228 ,  0.1575 , -0.1884 ,  0.5326 ,  0.6479 ,
 -0.0001 ,  0.0405 , -0.1587 , -2.3814 , -0.0086 ,  0.3270 ,
  0.0400 ,  0.0807 , -0.3170 , -1.6632 ,  1.9127 ,  0.0036 ,
  0.0397 ,  0.0804 , -0.4757 , -0.8835 , -1.1997 ,  0.3306 ,
 -0.0404 ,  0.1228 ,  0.1576 ,  0.5793 ,  3.0191 ,  0.9598 ,
 -0.0400 ,  0.1222 , -0.1593 , -0.9540 ,  0.5352 ,  0.3270 ,
 -0.0008 ,  0.1211 , -0.6348 , -3.2643 ,  1.8403 ,  0.9828 ,
  0.0406 ,  0.1218 , -0.1585 ,  1.3698 ,  1.2833 ,  0.3270 ,
  0.0812 ,  0.1219 ,  0.0006 , -0.9599 ,  1.9693 ,  0.6504 ,
  0.1215 ,  0.1217 ,  0.0010 , -2.5102 ,  1.4098 ,  0.9757 ,
 -0.0012 ,  0.0395 , -0.6346 , -2.3666 , -0.0108 ,  0.6576 ,
  0.0398 ,  0.0400 , -0.3170 ,  0.7228 ,  1.2981 ,  0.0036 ,
  0.0400 ,  0.0807 , -0.3170 , -1.6632 ,  1.2904 ,  0.3288 ,
  0.0401 ,  0.1619 , -0.4758 , -0.2315 ,  2.5184 ,  0.3306 ,
  0.0003 ,  0.1220 , -0.1589 ,  1.3701 ,  2.4648 ,  0.6522 ,
 -0.0406 ,  0.0811 , -0.3178 , -0.8877 ,  0.5422 ,  1.3045 ,
  0.0406 ,  0.1218 , -0.1585 ,  0.5950 ,  1.9056 ,  0.3270 ,
 -0.0404 ,  0.0406 , -0.1591 ,  0.7186 , -0.6938 ,  0.9775 ,
 -0.0010 , -0.0009 , -0.4759 ,  0.7895 ,  1.2422 ,  0.9811 ,
  0.0392 , -0.0011 , -0.4755 , -1.5355 ,  1.9274 ,  0.3306 ,
  0.0404 ,  0.0810 , -0.1584 , -0.1184 ,  0.0465 ,  0.3270 ,
  0.0003 ,  0.1220 , -0.1589 , -0.9544 ,  0.5981 ,  0.9775 ,
 -0.1215 ,  0.0812 , -0.4773 , -0.1072 ,  2.9046 ,  0.3306 ,
  0.0812 ,  0.1219 ,  0.1578 , -1.7530 ,  0.7196 ,  0.0123 ,
  0.0001 ,  0.0812 , -0.1588 ,  2.2064 ,  1.8504 ,  0.3270 ,
 -0.0409 , -0.0409 , -0.1590 ,  0.0667 ,  1.8109 ,  1.3027 ,
  0.0801 ,  0.0398 , -0.3165 , -0.8273 ,  1.9834 ,  0.6540 ,
  0.0001 ,  0.0812 , -0.1588 ,  0.6568 ,  1.2282 ,  0.3270 ,
 -0.0805 ,  0.0816 , -0.1596 , -0.1173 ,  2.3468 ,  0.0018 ,
  0.0004 ,  0.0815 , -0.0002 ,  0.6519 ,  2.4733 ,  0.9757 ,
  0.0805 ,  0.0401 , -0.1579 , -0.0573 ,  1.9841 ,  0.3270 ,
  0.0402 ,  0.0403 , -0.1583 , -0.0569 ,  0.0544 ,  0.6522 ,
  0.0399 ,  0.1212 , -0.4757 , -0.1701 ,  1.9040 ,  0.9811 ,
 -0.0001 ,  0.1217 , -0.3175 , -0.9495 ,  1.8420 ,  0.9793 ,
 -0.0399 ,  0.0817 , -0.0006 ,  1.4270 , -1.3232 ,  0.6505 ,
 -0.0401 ,  0.0410 , -0.0005 , -0.0611 ,  1.7961 ,  0.0000 ,
  0.1205 , -0.0009 , -0.1574 ,  0.7786 ,  0.8103 ,  0.6522 ,
 -0.0806 ,  0.0004 , -0.0008 ,  0.7755 ,  0.4964 ,  1.3010 ,
 -0.0014 , -0.0012 , -0.6346 , -0.7553 ,  1.8638 ,  0.9828 ,
 -0.0005 ,  0.0401 , -0.3174 , -2.3765 ,  1.2353 ,  0.9793 ,
  0.0809 ,  0.2028 , -0.3169 , -0.2982 ,  1.3299 ,  0.6540 ,
  0.0404 ,  0.0407 ,  0.1577 , -0.8353 ,  1.2996 ,  0.0091 ,
  0.0392 , -0.0011 , -0.4755 ,  1.5640 ,  1.9274 ,  0.0053 ,
 -0.1213 , -0.0810 , -0.0011 , -0.6509 ,  0.4491 ,  0.6505 ,
  0.0006 ,  0.0411 ,  0.1586 , -0.0664 ,  0.6152 ,  0.9739 ,
 -0.0402 ,  0.1223 ,  0.1561 , -2.5378 ,  0.5240 ,  0.6488 ,
 -0.0809 ,  0.0813 , -0.3182 , -1.6622 ,  2.3460 ,  0.3288 ,
  0.0803 ,  0.0805 , -0.3166 , -0.1138 ,  1.3533 ,  0.3288 ,
 -0.0402 ,  0.0814 , -0.1592 , -0.8925 , -0.7016 , -0.3234 ,
  0.0807 ,  0.0808 , -0.1580 ,  0.6561 ,  1.3540 ,  0.0018 ,
 -0.1217 ,  0.1216 , -0.6360 , -1.7135 , -0.2152 ,  0.3324 ,
  0.0803 ,  0.0805 , -0.3166 , -1.6636 ,  1.9755 ,  0.6540 ,
  0.0398 ,  0.0400 , -0.3170 ,  0.7228 ,  0.6759 ,  0.0036 ,
 -0.0812 , -0.0407 , -0.1594 ,  0.0670 ,  1.7480 ,  0.9775 ,
 -0.0416 , -0.0415 , -0.4762 ,  0.0765 ,  1.8094 ,  0.6558 ,
 -0.0005 ,  0.0401 , -0.3174 , -0.8266 ,  1.8576 ,  0.9793 ,
  0.0809 ,  0.1216 , -0.1581 , -1.7299 ,  0.7239 ,  0.3270 ,
 -0.0409 ,  0.0808 , -0.4765 ,  0.6669 ,  0.5415 ,  0.6558 ,
 -0.0813 , -0.0002 , -0.3181 ,  2.3349 ,  1.1171 , -0.3217 ,
  0.0399 , -0.0005 , -0.1582 , -0.7704 ,  0.6844 ,  0.0018 ,
 -0.0002 , -0.0408 ,  0.0001 , -1.4883 ,  0.0078 ,  0.9757 ,
  0.0802 ,  0.1210 , -0.4753 , -0.9453 ,  0.7224 ,  0.3306 ,
 -0.1206 ,  0.1226 , -0.1601 , -0.1785 , -0.2129 ,  0.3270 ,
  0.0406 ,  0.2030 , -0.3173 , -0.2979 ,  1.8892 ,  0.6541 ,
 -0.1210 ,  0.1223 , -0.3187 , -2.4983 , -0.2137 , -0.3217 ,
  0.0403 , -0.0002 ,  0.0004 , -0.7752 ,  1.3074 ,  0.3252 ,
  0.0006 ,  0.0411 ,  0.1586 , -0.0664 ,  0.6152 ,  0.9739 ,
  0.1211 ,  0.0402 ,  0.0011 , -0.8374 ,  1.4255 ,  0.6504 ,
 -0.0007 , -0.0006 , -0.3173 , -0.7651 , -0.0015 ,  0.3288 ,
 -0.0816 , -0.0005 , -0.4767 , -0.7595 ,  1.1164 ,  0.6558 ,
 -0.0404 ,  0.1219 , -0.3179 ,  0.6005 ,  0.5344 ,  0.3288 ,
 -0.0405 , -0.0406 , -0.0003 ,  0.0618 ,  3.0561 ,  0.3252 ,
 -0.0015 ,  0.0392 , -0.7933 , -1.5867 ,  1.2330 ,  0.3341 ,
  0.0402 ,  0.0403 , -0.1583 , -1.6066 , -0.5680 ,  0.6522 ,
 -0.0406 ,  0.0811 , -0.3178 ,  0.6620 ,  1.7869 ,  0.3288 ,
  0.0004 ,  0.0815 , -0.0002 , -0.8978 ,  1.8511 ,  0.3252 ,
  0.0807 ,  0.0808 , -0.1580 , -1.6684 ,  0.1095 ,  0.6522 ,
 -0.0401 ,  0.0410 , -0.0005 ,  0.7137 , -0.6931 ,  0.6505 ,
 -0.0013 , -0.0417 , -0.4758 ,  0.0761 ,  1.2500 ,  0.6558 ,
  0.1213 ,  0.0810 ,  0.0011 , -0.1240 ,  1.4176 ,  0.6504 ,
  0.0005 ,  0.1627 , -0.1589 , -1.0159 , -0.6543 ,  0.9775 ,
 -0.0005 ,  0.0401 , -0.3174 , -0.0517 ,  1.2353 ,  0.0036 ,
  0.1218 ,  0.0411 ,  0.3179 , -0.8417 ,  0.8072 ,  0.9567 ,
 -0.0007 , -0.0006 , -0.3173 ,  0.0098 ,  1.2430 ,  0.3288 ,
  0.0802 ,  0.1210 , -0.4753 , -0.1704 ,  1.3446 ,  0.9811 ,
  0.0803 ,  0.0805 , -0.3166 , -0.1138 ,  0.1087 , -0.3217 ,
  0.0395 ,  0.1209 , -0.6344 , -1.7150 ,  2.5256 ,  0.3323 ,
 -0.0406 ,  0.0811 , -0.3178 ,  0.6620 , -0.0800 ,  0.0036 ,
  0.0006 ,  0.1223 , -0.0002 , -0.9592 ,  2.4654 ,  0.3252 ,
 -0.0001 ,  0.1217 , -0.3175 , -0.1746 , -0.6472 ,  0.6541 ,
  0.0409 ,  0.1221 ,  0.0002 , -0.9596 ,  0.0395 ,  0.9757 ,
  0.0411 ,  0.1637 ,  0.3171 ,  0.5141 ,  1.2680 ,  0.0004 ,
  0.0401 ,  0.1619 , -0.4758 , -0.2315 ,  1.2739 ,  0.6558 ,
 -0.0399 ,  0.0414 ,  0.1579 , -0.0653 ,  0.5511 , -0.0010 ,
  0.0805 ,  0.1213 , -0.3167 , -1.7250 ,  1.3455 ,  0.3288 ,
  0.0407 ,  0.0813 ,  0.0003 , -0.8982 ,  0.0473 , -0.0000 ,
 -0.0802 ,  0.0819 , -0.0010 , -0.1222 ,  1.1030 ,  0.6505 ,
 -0.0400 ,  0.1222 , -0.1593 , -0.1791 ,  0.5352 ,  0.9775 ,
 -0.0005 ,  0.0401 , -0.3174 , -0.0517 ,  1.2353 , -0.3217 ,
  0.1210 ,  0.1619 , -0.3164 , -0.2371 ,  0.7783 ,  0.6540 ,
 -0.0400 ,  0.1222 , -0.1593 , -0.9540 ,  0.5352 ,  0.3270 ,
  0.0411 ,  0.1629 ,  0.0001 ,  0.5286 ,  1.2762 ,  0.6504 ,
 -0.1210 ,  0.0410 , -0.1599 , -1.6053 , -0.1973 ,  0.0018 ,
 -0.0001 ,  0.1217 , -0.3175 , -2.4994 ,  1.2197 ,  0.3288 ,
  0.0394 , -0.0416 , -0.3168 ,  1.6205 ,  0.6915 ,  0.0036 ,
  0.0400 ,  0.0807 , -0.3170 , -0.1135 ,  0.0458 ,  1.6297 ,
  0.1212 ,  0.1214 , -0.1577 , -1.7303 ,  2.6535 ,  1.3027 ,
 -0.0403 ,  0.0414 ,  0.1576 , -0.0637 ,  2.4247 ,  0.3229 ,
  0.0402 ,  0.0403 , -0.1583 ,  0.7179 ,  0.6766 ,  0.3270 ,
  0.0406 ,  0.1218 , -0.1585 , -3.2793 ,  1.2833 ,  0.3270 ,
 -0.1212 ,  0.0815 , -0.3186 , -0.1121 ,  2.9054 ,  0.3288 ,
  0.1204 ,  0.0396 , -0.3161 , -1.6025 ,  1.4240 ,  0.6540 ,
  0.0802 ,  0.1210 , -0.4753 , -1.7202 ,  0.7224 ,  0.3306 ,
  0.0398 ,  0.0400 , -0.3170 , -0.8269 ,  0.6759 ,  0.0036 ,
 -0.0416 , -0.0415 , -0.4762 , -3.0230 ,  1.1871 ,  0.0053 ,
 -0.1212 ,  0.0815 , -0.3186 ,  0.6627 ,  0.4164 ,  0.6541 ,
 -0.1208 ,  0.0819 ,  0.1561 , -0.9086 ,  0.4053 ,  0.6366 ,
  0.0003 ,  0.0003 ,  0.1586 , -1.5546 , -0.6216 , -0.3270 ,
  0.0398 ,  0.0400 , -0.3170 ,  0.7228 ,  0.6759 ,  1.3045 ,
  0.0811 ,  0.0407 ,  0.1593 , -0.0669 ,  0.1184 , -0.3102 ,
  0.0404 ,  0.0810 , -0.1584 , -0.1184 ,  0.6688 ,  1.3027 ,
 -0.0814 ,  0.1214 , -0.6356 ,  0.6107 , -0.7746 ,  0.6576 ,
 -0.0003 ,  0.0809 , -0.3174 , -1.6630 ,  0.6051 ,  0.6541 ,
  0.0397 ,  0.0804 , -0.4757 , -0.1086 ,  2.5341 ,  0.6558 ,
  0.0801 ,  0.0398 , -0.3165 , -0.0524 ,  0.1165 ,  0.0036 ,
  0.0005 ,  0.1627 , -0.1589 ,  1.3087 ,  1.2125 , -0.3234 ,
 -0.0799 ,  0.2039 , -0.1598 , -1.0767 ,  1.0789 ,  0.3270 ,
 -0.0003 ,  0.0809 , -0.3174 ,  0.6617 , -0.0171 ,  0.3288 ,
  0.0398 ,  0.0400 , -0.3170 ,  0.7228 ,  1.2981 ,  0.9793 ,
  0.1206 ,  0.0803 , -0.3162 , -1.6639 ,  2.0384 ,  0.3288 ,
  0.0812 ,  0.1219 ,  0.0006 , -0.1851 ,  1.9693 ,  0.6504 ,
 -0.0010 ,  0.0803 , -0.6347 , -0.8782 ,  0.6036 ,  0.3323 ,
  0.0802 ,  0.1210 , -0.4753 , -0.1704 ,  1.3446 ,  0.9811 ,
  0.0399 , -0.0005 , -0.1582 ,  0.7793 ,  1.3067 ,  0.3270 ,
 -0.0404 ,  0.1219 , -0.3179 ,  0.6005 ,  2.4011 ,  0.6541 ,
 -0.0400 ,  0.1222 , -0.1593 ,  0.5957 ,  1.1574 ,  0.3270 ,
 -0.0003 ,  0.0809 , -0.3174 , -0.1131 , -0.6395 ,  0.6541 ,
 -0.0010 , -0.0009 , -0.4759 , -3.0850 ,  0.6200 ,  0.3306 ,
 -0.0402 ,  0.0814 , -0.1592 , -0.1177 ,  0.5430 ,  0.3270 ,
  0.0006 ,  0.0411 ,  0.1586 , -1.6162 ,  2.4820 , -0.3270 ,
  0.0008 ,  0.0818 ,  0.1585 , -0.9027 , -0.0149 , -0.3270 ,
  0.0407 ,  0.0813 ,  0.0003 , -0.1233 ,  0.6696 , -0.0000 ,
  0.1201 ,  0.1205 , -0.6336 , -0.1659 ,  3.2735 ,  0.9828 ,
 -0.0807 ,  0.0408 , -0.1595 , -2.3807 ,  1.7324 ,  0.3270 ,
  0.0804 ,  0.1618 , -0.4754 , -1.7816 ,  1.9591 ,  0.0053 ,
 -0.0800 ,  0.1227 , -0.0010 , -0.1837 ,  1.0952 ,  0.9757 ,
 -0.0416 , -0.0415 , -0.4762 , -0.6984 ,  0.5649 ,  0.3306 ,
  0.0402 ,  0.0403 , -0.1583 ,  0.7179 ,  1.2989 ,  0.6522 ,
 -0.0001 ,  0.1217 , -0.3175 , -2.4994 , -0.0249 ,  0.6541 ,
  0.0405 ,  0.0406 ,  0.0003 , -0.8367 ,  2.5441 ,  0.9757 ,
 -0.0805 ,  0.0816 , -0.1596 ,  1.4322 ,  1.7246 ,  0.6523 ,
  0.0002 ,  0.0408 , -0.0001 , -0.0615 ,  1.2367 ,  0.3252 ,
  0.0406 ,  0.2030 , -0.3173 ,  1.2517 ,  1.8892 ,  1.6297 ,
  0.0798 ,  0.0395 , -0.4752 ,  0.7273 ,  1.3603 ,  0.6558 ,
  0.1210 ,  0.0806 , -0.1576 , -0.8939 ,  1.4169 ,  0.0018 ,
 -0.0807 ,  0.1221 , -0.3183 ,  0.6009 ,  0.4715 ,  0.9793 ,
 -0.1213 ,  0.1219 , -0.4774 ,  0.6061 , -0.2144 ,  0.9811 ,
  0.0404 ,  0.0810 , -0.1584 , -0.1184 ,  1.2910 ,  1.3027 ,
  0.0804 , -0.0412 ,  0.0009 ,  0.0608 ,  2.6227 ,  0.6504 ,
  0.0006 ,  0.1223 , -0.0002 , -0.1844 ,  0.5988 ,  0.9757 ,
 -0.0807 ,  0.0408 , -0.1595 ,  1.4937 ,  1.1101 ,  0.6523 ,
  0.0407 ,  0.0813 ,  0.0003 , -0.8982 ,  0.6696 ,  0.3252 ,
 -0.0399 ,  0.0821 ,  0.1577 , -0.1267 ,  0.5423 ,  0.6452 ,
  0.0397 , -0.0413 , -0.1582 , -1.4837 ,  0.6922 ,  0.3270 ,
 -0.1210 ,  0.1223 , -0.3187 , -2.4983 ,  0.4086 ,  0.9793 ,
 -0.0406 , -0.0001 , -0.1590 ,  0.0052 ,  0.5586 ,  0.6522 ,
  0.0400 ,  0.0807 , -0.3170 ,  0.6613 ,  0.6681 ,  0.9793 ,
  0.0799 , -0.0010 , -0.3165 , -0.7658 ,  0.1243 ,  0.6540 ,
 -0.0400 ,  0.1222 , -0.1593 , -0.1791 ,  2.4019 ,  0.0018 ,
  0.0405 ,  0.0419 ,  0.3173 ,  0.6949 ,  2.5457 , -0.0065 ,
 -0.0404 ,  0.1219 , -0.3179 , -1.7241 ,  1.7790 ,  0.3288 ,
 -0.1210 ,  0.1223 , -0.3187 ,  1.3760 ,  1.0309 ,  0.0036 ,
 -0.1622 , -0.0002 , -0.4776 , -2.3088 , -0.2539 ,  0.0054 ,
 -0.0400 ,  0.1222 , -0.1593 , -0.9540 ,  0.5352 ,  0.3270 ,
 -0.0399 ,  0.0817 , -0.0006 ,  0.6522 ,  1.1660 , -0.3252 ,
 -0.0013 , -0.0417 , -0.4758 , -0.6988 ,  1.8723 ,  0.6558 ,
  0.0403 , -0.0002 ,  0.0004 , -0.7752 ,  1.9298 , -0.3253 ,
 -0.0406 , -0.0001 , -0.1590 ,  0.0052 ,  1.8031 ,  0.6522 ,
 -0.0400 ,  0.1222 , -0.1593 , -2.5037 ,  0.5352 ,  0.9775 ,
 -0.0001 ,  0.1217 , -0.3175 ,  0.6002 ,  0.5973 ,  1.3045 ,
  0.0809 ,  0.2028 , -0.3169 , -0.2982 ,  1.3299 ,  0.3288 ,
  0.0000 ,  0.0000 ,  0.0000 ,  0.0000 ,  0.6223 ,  0.9757 ,
  0.1203 ,  0.0800 , -0.4749 , -1.6590 ,  0.1709 ,  0.9811 ,
  0.0806 ,  0.0408 ,  0.1588 , -0.0647 ,  2.6135 ,  0.6463 ,
 -0.0006 , -0.0411 , -0.1586 ,  0.8412 ,  0.6293 ,  0.6522 ,
 -0.0010 ,  0.0803 , -0.6347 , -2.4281 ,  1.2259 ,  0.9828 ,
  0.0408 ,  0.1626 , -0.1585 , -1.0162 ,  1.8977 ,  0.9775 ,
  0.0397 ,  0.0804 , -0.4757 , -0.1086 ,  3.1562 ,  0.6558 ,
 -0.0010 ,  0.0803 , -0.6347 , -0.8782 ,  1.2259 ,  0.6576 ,
 -0.0404 ,  0.1219 , -0.3179 , -0.1742 ,  1.1567 ,  0.3288 ,
  0.0003 ,  0.1220 , -0.1589 , -0.9544 ,  0.5981 ,  0.3270 ,
  0.0404 ,  0.1623 , -0.3172 , -1.0113 ,  1.2746 ,  0.6541 ,
 -0.1205 ,  0.0821 , -0.0014 , -0.8967 ,  1.0400 , -0.3252 ,
  0.0406 ,  0.1218 , -0.1585 , -0.1798 ,  0.0387 , -0.3235 ,
  0.0410 ,  0.0815 ,  0.1588 ,  0.6544 ,  0.0443 , -0.0007 ,
  0.0004 ,  0.0815 , -0.0002 , -0.8978 ,  0.6066 ,  0.6505 ,
  0.0397 ,  0.0804 , -0.4757 , -1.6584 ,  0.6673 ,  0.6558 ,
  0.0402 ,  0.1215 , -0.3171 , -0.9498 ,  2.5271 ,  0.6541 ,
  0.0404 ,  0.0813 ,  0.1574 , -0.8978 ,  1.9102 ,  1.3043 ,
 -0.0006 ,  0.0806 , -0.4761 , -1.6580 ,  1.8489 ,  0.0053 ,
  0.0397 ,  0.0804 , -0.4757 , -2.4335 ,  1.2895 ,  1.3063 ,
  0.1213 ,  0.0811 ,  0.1584 , -0.8971 ,  1.4179 ,  0.6573 ,
  0.0805 ,  0.0401 , -0.1579 , -0.0573 ,  0.1173 ,  0.3270 ,
  0.0002 ,  0.0408 , -0.0001 , -0.8363 ,  0.6144 ,  0.6505 ,
  0.0001 ,  0.1624 , -0.3176 , -1.7859 , -0.0327 ,  0.6541 ,
 -0.0001 ,  0.1217 , -0.3175 , -0.1746 ,  1.8420 ,  0.9793 ,
 -0.0816 ,  0.0807 , -0.6355 , -1.6524 ,  1.7224 ,  0.6576 ,
 -0.0401 ,  0.0410 , -0.0005 , -0.0611 , -0.0707 ,  0.6505 ,
  0.0407 ,  0.0813 ,  0.0003 , -0.1233 ,  1.9141 ,  1.3009 ,
  0.1612 ,  0.2021 , -0.4747 , -0.2940 ,  1.4548 ,  0.9811 ,
  0.0411 ,  0.0409 ,  0.1595 , -0.0679 , -1.1927 , -0.0065 ,
 -0.0408 ,  0.0403 , -0.3178 , -1.6010 ,  1.7946 ,  0.3288 ,
 -0.0413 , -0.0007 , -0.4763 , -0.7599 , -0.0652 ,  0.3306 ,
  0.0815 , -0.0398 ,  0.4761 , -0.7195 ,  1.3860 ,  0.3172 ,
  0.0001 ,  0.0812 , -0.1588 , -1.6679 ,  1.8504 ,  0.0018 ,
 -0.0407 ,  0.1216 , -0.4765 ,  0.6055 , -0.0886 ,  0.0053 ,
 -0.1205 ,  0.0821 , -0.0014 , -0.1219 , -0.2044 ,  0.6505 ,
 -0.0408 ,  0.0403 , -0.3178 , -0.0513 ,  1.7946 ,  0.3288 ,
 -0.0004 ,  0.1214 , -0.4761 , -1.7195 ,  1.2188 ,  0.6558 ,
 -0.0406 , -0.0001 , -0.1590 , -0.7697 ,  2.4253 ,  0.3270 ,
  0.0802 ,  0.1210 , -0.4753 , -2.4951 ,  1.3446 ,  0.6558 ,
  0.0815 ,  0.0407 ,  0.3157 , -2.4207 ,  1.3565 ,  0.9705 ,
  0.0410 ,  0.0822 ,  0.3169 , -0.1316 ,  1.2914 ,  0.3190 ,
 -0.0001 ,  0.0405 , -0.1587 , -0.8315 ,  1.8582 ,  0.0018 ,
  0.0798 ,  0.0395 , -0.4752 ,  2.2770 ,  0.7380 ,  0.0053 ,
 -0.0001 ,  0.1217 , -0.3175 , -0.9495 ,  1.2197 ,  0.3288 ,
 -0.0007 , -0.0006 , -0.3173 , -0.7651 , -0.6238 ,  0.0036 ,
  0.1217 ,  0.1625 ,  0.0009 ,  2.0775 , -0.4648 , -0.3253 ,
  0.1212 ,  0.1214 , -0.1577 , -2.5053 ,  0.7868 ,  0.3270 ,
  0.0397 ,  0.0804 , -0.4757 , -0.1086 ,  1.2895 ,  0.3306 ,
  0.0002 ,  0.0408 , -0.0001 , -0.8363 ,  1.2367 ,  0.6505 ,
 -0.0818 ,  0.0399 , -0.6354 , -1.5909 ,  2.9745 ,  0.9828 ,
  0.0391 ,  0.0393 , -0.6342 , -0.8171 ,  0.0521 ,  0.0071 ,
 -0.0398 ,  0.1629 , -0.1593 ,  0.5342 , -0.0949 ,  0.0018 ,
  0.1196 , -0.0423 , -0.4746 , -1.4746 ,  1.4388 ,  0.3306 ,
  0.0001 ,  0.0812 , -0.1588 , -0.8929 ,  1.2282 , -0.3234 ,
  0.0406 ,  0.1218 , -0.1585 , -0.9547 ,  1.9056 ,  0.9775 ,
  0.0809 ,  0.1216 , -0.1581 , -0.9551 , -0.5207 ,  0.9775 ,
  0.0812 ,  0.1219 ,  0.0006 , -0.9599 ,  0.1024 , -0.6505 ,
 -0.0399 ,  0.0817 , -0.0006 , -0.8975 , -0.0785 ,  0.3252 ,
 -0.0003 ,  0.0809 , -0.3174 , -0.8881 ,  1.2274 ,  0.3288 ,
  0.0402 ,  0.0403 , -0.1583 ,  0.7179 ,  2.5433 ,  0.9775 ,
  0.0792 , -0.0016 , -0.6337 ,  0.0189 ,  1.3673 ,  0.3323 ,
  0.0393 ,  0.0801 , -0.6343 , -0.1037 ,  1.9111 ,  1.3081 ,
  0.0007 ,  0.0006 ,  0.3173 , -0.0098 ,  1.8682 ,  0.6469 ,
  0.0805 ,  0.0813 ,  0.1589 ,  0.6419 ,  1.9686 ,  0.3155 ,
  0.0800 ,  0.0802 , -0.4752 ,  0.6659 ,  1.3525 ,  1.3063 ,
  0.0404 ,  0.0813 ,  0.1574 , -0.8978 ,  1.2889 ,  0.6573 ,
 -0.0396 ,  0.2037 , -0.1594 , -0.3021 ,  0.5195 ,  0.9775 ,
 -0.0813 , -0.0002 , -0.3181 , -2.3142 , -0.1273 ,  0.3288 ,
  0.0811 ,  0.1624 , -0.1581 , -0.2416 ,  0.0939 ,  0.3270 ,
 -0.0809 ,  0.0001 , -0.1594 ,  1.5553 , -1.3712 , -0.3234 ,
  0.0401 ,  0.1627 ,  0.1575 , -0.2481 ,  2.5215 ,  0.9786 ,
  0.0808 ,  0.0404 ,  0.0007 , -0.0622 , -0.5043 ,  0.3252 ,
  0.0402 ,  0.1215 , -0.3171 , -0.9498 ,  1.2825 ,  0.0036 ,
 -0.0403 ,  0.0822 ,  0.1579 ,  0.6421 ,  1.1599 ,  0.3155 ,
  0.0807 ,  0.0808 , -0.1580 , -0.1187 ,  0.1095 ,  0.3270 ,
 -0.0409 ,  0.0808 , -0.4765 , -2.4326 ,  1.1637 ,  1.3063 ,
  0.1200 , -0.0420 , -0.3160 , -1.4796 ,  2.0618 , -0.3217 ,
  0.1204 ,  0.0396 , -0.3161 , -1.6025 ,  1.4240 ,  0.3288 ,
 -0.0007 , -0.0006 , -0.3173 ,  0.7846 ,  1.2430 ,  0.6541 ,
  0.0001 ,  0.1624 , -0.3176 , -1.7859 ,  1.2118 ,  1.3045 ,
 -0.0812 ,  0.0810 , -0.4769 , -0.8824 ,  0.4786 ,  0.3306 ,
 -0.0804 ,  0.0820 ,  0.3139 , -1.6720 ,  1.7230 ,  0.0047 ,
 -0.0800 ,  0.0415 ,  0.1578 , -0.0657 , -0.1325 ,  1.0455 ,
  0.0406 ,  0.1218 , -0.1585 , -0.9547 ,  0.6610 , -0.6487 ,
 -0.0408 ,  0.0403 , -0.3178 , -1.6010 , -0.0722 ,  1.3045 ,
  0.0397 ,  0.0804 , -0.4757 , -0.8835 ,  1.9119 ,  0.0053 ,
  0.0800 ,  0.0802 , -0.4752 , -0.8838 ,  1.3525 ,  0.0053 ,
 -0.0388 ,  0.1638 ,  0.4740 , -1.8131 ,  0.5261 ,  0.3076 ,
  0.0393 ,  0.0801 , -0.6343 , -0.8786 ,  0.0443 ,  0.6576 ,
 -0.0404 ,  0.0406 , -0.1591 , -1.6060 ,  3.0396 ,  0.0018 ,
 -0.0013 ,  0.0800 , -0.7933 , -0.8733 ,  2.4697 ,  0.3341 ,
  0.0805 ,  0.0401 , -0.1579 , -0.0573 ,  0.7395 ,  0.3270 ,
 -0.0402 ,  0.1626 , -0.3180 , -0.2357 ,  0.5266 , -0.3217 ,
  0.0397 ,  0.0804 , -0.4757 ,  0.6662 ,  1.2895 ,  0.6558 ,
 -0.0407 ,  0.1216 , -0.4765 , -0.9442 ,  0.5336 ,  0.3306 ,
  0.0007 ,  0.2035 , -0.1590 , -0.3024 ,  0.5824 ,  0.0018 ,
  0.2007 ,  0.1201 , -0.6327 , -0.1665 ,  1.5327 ,  0.3323 ,
  0.0402 ,  0.0816 ,  0.1581 , -0.1257 ,  2.5415 ,  0.3260 ,
 -0.0409 ,  0.0808 , -0.4765 ,  0.6669 ,  1.7860 ,  0.3306 ,
 -0.0015 ,  0.0392 , -0.7933 , -0.0370 ,  1.2330 ,  0.9846 ,
  0.0390 , -0.0419 , -0.4754 , -1.4740 ,  2.5576 ,  0.0053 ,
 -0.0404 ,  0.1219 , -0.3179 , -0.9491 ,  1.1567 ,  0.3288 ,
 -0.1205 ,  0.0009 ,  0.1574 , -0.0039 , -0.1880 ,  1.6244 ,
  0.0390 , -0.0419 , -0.4754 , -0.6991 ,  1.9353 ,  0.9811 ,
  0.0003 ,  0.1220 , -0.1589 , -0.9544 ,  1.8427 ,  0.6522 ,
 -0.0394 ,  0.2445 , -0.1595 ,  1.1861 ,  1.1340 ,  0.9775 ,
  0.0396 , -0.0008 , -0.3169 ,  0.7843 , -1.1832 ,  0.6540 ,
 -0.0403 ,  0.0002 , -0.0004 ,  0.7751 ,  1.8039 ,  0.3252 ,
 -0.0010 , -0.0009 , -0.4759 , -0.7602 ,  1.2422 ,  1.3063 ,
  0.1214 ,  0.1622 , -0.1577 , -0.2420 ,  1.4013 ,  0.6522 ,
  0.1201 , -0.0824 , -0.1573 , -0.6481 ,  0.2036 , -0.3235 ,
 -0.0006 ,  0.0806 , -0.4761 , -0.8831 ,  1.8489 ,  0.9811 ,
 -0.0415 ,  0.0397 , -0.6350 , -1.5914 ,  1.1708 ,  0.6576 ,
 -0.0004 ,  0.1214 , -0.4761 , -1.7195 , -0.6480 ,  0.3306 ,
 -0.0004 ,  0.1214 , -0.4761 , -0.1697 ,  1.2188 ,  0.9811 ,
  0.0411 ,  0.1629 ,  0.0001 , -0.2462 ,  0.6540 ,  1.3009 ,
 -0.0412 , -0.0412 , -0.3176 , -0.7033 ,  0.5656 ,  0.0036 ,
  0.0004 ,  0.0815 , -0.0002 , -1.6727 ,  1.2288 ,  0.6505 ,
 -0.0004 ,  0.1214 , -0.4761 , -2.4945 ,  0.5966 ,  0.3306 ,
 -0.0007 , -0.0006 , -0.3173 , -0.7651 ,  1.8653 ,  0.6541 ,
  0.0814 ,  0.1627 ,  0.0005 , -0.2465 ,  1.3391 ,  0.3252 ,
  0.0407 ,  0.0813 ,  0.0003 ,  0.6516 ,  0.0473 ,  0.6504 ,
 -0.0403 ,  0.0002 , -0.0004 , -0.7745 ,  1.1816 ,  0.6505 ,
 -0.0820 , -0.0009 , -0.6354 , -3.0792 ,  1.1157 ,  1.6332 ,
  0.0399 , -0.0005 , -0.1582 , -2.3202 ,  0.6844 ,  0.0018 ,
 -0.0006 , -0.0411 , -0.1586 ,  0.0663 ,  0.0071 ,  0.3270 ,
 -0.0802 ,  0.0007 ,  0.1578 ,  0.7706 ,  2.9863 ,  0.6487 ,
 -0.0809 ,  0.0813 , -0.3182 , -0.8874 , -0.1430 ,  0.3288 ,
  0.2012 ,  0.0800 , -0.3154 , -0.1149 ,  0.2975 ,  0.3288 ,
  0.1207 , -0.0413 ,  0.0013 ,  0.0604 ,  2.0635 ,  0.9757 ,
 -0.0006 ,  0.0806 , -0.4761 , -0.8831 ,  2.4712 ,  0.9811 ,
  0.0805 ,  0.0813 ,  0.1589 ,  0.6419 ,  1.3463 ,  0.3155 ,
  0.0398 ,  0.0400 , -0.3170 ,  1.4976 ,  1.9204 ,  0.3288 ,
  0.0400 ,  0.0807 , -0.3170 , -1.6632 ,  1.2904 ,  0.6540 ,
 -0.1206 ,  0.1226 , -0.1601 , -2.5032 ,  0.4093 ,  1.3027 ,
  0.0807 , -0.0410 ,  0.1597 ,  0.0548 , -0.4906 ,  0.3276 ,
 -0.0408 ,  0.0403 , -0.3178 , -1.6010 , -0.0722 ,  0.6541 ,
  0.1210 ,  0.0806 , -0.1576 , -0.8939 ,  1.4169 ,  1.6278 ,
  0.0004 ,  0.0815 , -0.0002 , -1.6727 ,  1.8511 ,  0.3252 ,
 -0.0812 , -0.0407 , -0.1594 ,  0.0670 ,  3.6148 ,  1.3027 ,
  0.2011 ,  0.2016 , -0.6329 , -1.8393 , -0.3498 , -0.3181 ,
  0.1200 ,  0.0393 , -0.4748 , -0.8227 ,  0.8010 ,  0.0053 ,
  0.0002 ,  0.0408 , -0.0001 , -0.8363 , -1.2525 ,  0.3252 ,
  0.0798 ,  0.0395 , -0.4752 , -2.3722 ,  1.3603 ,  0.0053 ,
  0.0406 ,  0.0001 ,  0.1590 ,  0.7696 ,  0.6859 ,  0.6487 ,
 -0.0404 ,  0.0406 , -0.1591 , -0.8311 ,  1.7953 ,  0.0018 ,
 -0.0001 ,  0.0405 , -0.1587 , -0.0566 ,  0.6137 ,  0.3270 ,
  0.0798 , -0.0822 , -0.1577 ,  0.1271 ,  0.1407 ,  0.3270 ,
  0.0001 ,  0.1624 , -0.3176 , -0.2361 , -0.0327 ,  0.0036 ,
  0.0808 ,  0.0404 ,  0.0007 , -1.6119 ,  0.7403 ,  1.3009 ,
 -0.0803 ,  0.1224 , -0.1597 , -0.9537 ,  1.0945 ,  0.3270 ,
 -0.0408 ,  0.0403 , -0.3178 , -0.8262 ,  1.7946 ,  1.6297 ,
 -0.0403 ,  0.0002 , -0.0004 ,  0.7751 ,  0.5593 ,  0.3252 ,
 -0.0017 , -0.0015 , -0.7932 , -0.7504 , -0.0037 ,  0.3341 ,
 -0.0413 , -0.0007 , -0.4763 , -1.5347 , -0.6875 ,  0.3306 ,
 -0.1210 ,  0.0410 , -0.1599 , -0.0555 ,  1.0472 ,  0.6523 ,
 -0.0409 ,  0.0808 , -0.4765 ,  0.6669 ,  0.5415 ,  0.0053 ,
 -0.1214 ,  0.0407 , -0.3186 , -0.0506 ,  1.0464 ,  0.3288 ,
 -0.0805 ,  0.0816 , -0.1596 , -1.6671 ,  1.7246 ,  0.6523 ,
  0.0003 ,  0.2032 , -0.3177 , -0.2975 ,  1.2040 ,  0.3288 ,
 -0.0001 ,  0.0405 , -0.1587 ,  0.7182 , -0.0086 ,  0.0018 ,
 -0.2018 ,  0.0007 , -0.1607 , -0.7683 ,  0.3069 ,  0.0018 ,
 -0.1625 ,  0.0808 , -0.7950 , -0.0971 ,  0.9735 ,  0.6594 ,
 -0.0807 ,  0.0408 , -0.1595 ,  0.7189 ,  2.9768 ,  0.9775 ,
  0.0008 ,  0.0818 ,  0.1585 , -0.9027 ,  0.6074 , -0.3270 ,
  0.0397 ,  0.0804 , -0.4757 , -0.1086 ,  2.5341 ,  0.3306 ,
 -0.0001 ,  0.0405 , -0.1587 , -0.0566 ,  0.6137 ,  0.6522 ,
  0.0802 ,  0.1210 , -0.4753 , -0.9453 ,  1.3446 ,  0.3306 ,
  0.0799 , -0.0010 , -0.3165 , -1.5407 ,  3.2356 ,  0.9793 ,
 -0.0001 ,  0.1217 , -0.3175 , -0.9495 ,  0.5973 ,  0.9793 ,
 -0.0394 ,  0.0822 ,  0.3160 , -0.9039 ,  0.5427 , -0.0043 ,
 -0.0007 , -0.0006 , -0.3173 ,  0.0098 , -0.0015 ,  0.9793 ,
 -0.0007 , -0.0006 , -0.3173 , -3.0898 , -0.6238 ,  0.9793 ,
 -0.0006 ,  0.1618 , -0.6349 , -0.2263 ,  0.5880 ,  0.6576 ,
 -0.0400 ,  0.1222 , -0.1593 ,  0.5957 , -0.0871 ,  0.0018 ,
 -0.0807 ,  0.1221 , -0.3183 , -1.7236 ,  0.4715 ,  0.3288 ,
  0.1201 ,  0.1205 , -0.6336 , -0.9407 , -0.4600 ,  0.6576 ,
 -0.0409 ,  0.0808 , -0.4765 , -0.8828 ,  1.7860 ,  0.6558 ,
  0.0801 ,  0.0398 , -0.3165 ,  0.7224 ,  0.7388 ,  1.3045 ,
 -0.1212 ,  0.0815 , -0.3186 ,  0.6627 ,  1.6610 ,  1.3045 ,
  0.0396 , -0.0008 , -0.3169 , -0.7654 ,  0.6837 ,  0.3288 ,
  0.0800 ,  0.1614 , -0.6340 , -1.7767 ,  1.9585 ,  0.3323 ,
 -0.0400 ,  0.1222 , -0.1593 , -0.9540 ,  1.1574 ,  0.6522 ,
 -0.1209 ,  0.2035 , -0.4775 , -0.2916 ,  1.0144 ,  0.6558 ,
 -0.0005 ,  0.0401 , -0.3174 , -0.8266 ,  1.8576 ,  0.3288 ,
  0.0802 , -0.0007 , -0.1578 , -1.5455 ,  0.7474 ,  1.3027 ,
 -0.0001 ,  0.0405 , -0.1587 , -0.8315 , -0.6309 ,  0.0018 ,
 -0.0001 ,  0.1217 , -0.3175 , -1.7244 ,  1.2197 ,  0.9793 ,
 -0.0397 ,  0.1225 , -0.0006 , -2.5086 ,  0.5359 ,  0.0000 ,
 -0.0397 ,  0.1225 , -0.0006 , -0.1840 ,  1.1581 ,  0.3252 ,
 -0.0408 ,  0.0403 , -0.3178 ,  1.4983 ,  2.4167 ,  0.3288 ,
  0.0415 ,  0.1632 ,  0.1587 , -0.2514 ,  0.0337 ,  0.3226 ,
 -0.0400 ,  0.1222 , -0.1593 , -0.9540 ,  1.7796 ,  0.0018 ,
 -0.1218 , -0.0408 , -0.3184 ,  0.8470 , -0.8048 ,  0.0036 ,
  0.0398 ,  0.0400 , -0.3170 , -3.9265 ,  1.2981 ,  0.9793 ,
 -0.0411 ,  0.0400 , -0.4764 , -1.5962 , -0.0730 ,  0.3306 ,
 -0.0803 ,  0.1224 , -0.1597 ,  0.5960 ,  1.7168 ,  0.3270 ,
  0.0000 ,  0.0000 ,  0.0000 , -0.7748 ,  0.6223 ,  0.6505 ,
  0.0814 ,  0.1627 ,  0.0005 , -1.7963 ,  0.7169 , -0.0000 ,
 -0.1210 ,  0.1223 , -0.3187 , -0.9484 ,  1.0309 ,  1.3045 ,
  0.0800 , -0.0415 , -0.1578 ,  1.6154 ,  0.7551 ,  0.3270 ,
  0.0404 ,  0.0810 , -0.1584 , -0.1184 ,  0.6688 ,  0.3270 ,
 -0.0404 ,  0.0406 , -0.1591 , -2.3810 ,  0.5508 , -0.3234 ,
 -0.1209 ,  0.0006 , -0.0012 ,  0.7758 , -0.1888 ,  0.0000 ,
 -0.0811 ,  0.0405 , -0.3182 , -0.8259 , -0.1352 ,  0.0036 ,
  0.0809 ,  0.1216 , -0.1581 , -1.7299 ,  0.1017 ,  0.0018 ,
  0.0399 ,  0.1212 , -0.4757 , -0.9449 ,  0.6595 , -0.3199 ,
 -0.0401 ,  0.0410 , -0.0005 , -1.6109 ,  0.5515 ,  0.3252 ,
  0.0812 ,  0.1219 ,  0.0006 , -0.1851 ,  1.3469 ,  0.9757 ,
  0.0003 ,  0.0003 ,  0.1586 , -0.0049 , -1.8663 ,  0.3234 ,
  0.0006 ,  0.0411 ,  0.1586 , -0.8413 ,  1.2375 ,  0.6487 ,
  0.1208 ,  0.1211 , -0.3163 , -1.7254 ,  2.0305 ,  0.3288 ,
 -0.1222 , -0.1223 , -0.3183 , -0.5797 ,  1.7000 ,  0.6541 ,
  0.0010 ,  0.2038 , -0.0004 , -0.3073 ,  0.5832 ,  0.9757 ,
  0.0801 ,  0.0398 , -0.3165 , -1.6022 , -0.5058 ,  0.6540 ,
  0.0403 ,  0.1625 ,  0.1568 , -1.0243 ,  1.8873 ,  0.6600 ,
 -0.0799 ,  0.0416 ,  0.3157 , -0.8412 ,  0.4876 ,  0.3121 ,
  0.0800 ,  0.0802 , -0.4752 ,  1.4407 ,  1.3525 ,  0.0053 ,
  0.0812 ,  0.1219 ,  0.0006 ,  0.5897 ,  1.3469 ,  0.6504 ,
 -0.0402 ,  0.0814 , -0.1592 , -0.8925 ,  1.1652 ,  0.3270 ,
 -0.0811 ,  0.0405 , -0.3182 , -0.8259 , -0.1352 ,  0.6541 ,
  0.0818 ,  0.0415 ,  0.4762 , -0.8461 ,  0.7423 , -0.0055 ,
  0.0408 ,  0.0409 ,  0.1589 , -0.0667 ,  0.0559 ,  0.6361 ,
 -0.0801 ,  0.1631 , -0.1597 , -1.0152 ,  1.0867 , -0.3234 ,
 -0.0013 , -0.0417 , -0.4758 ,  0.0761 ,  1.8723 ,  0.3306 ,
  0.0809 ,  0.2028 , -0.3169 ,  0.4766 ,  0.7075 ,  0.6540 ,
  0.0392 , -0.0011 , -0.4755 ,  0.7892 ,  1.9274 ,  0.0053 ,
 -0.0404 ,  0.0408 ,  0.1567 , -0.8347 ,  1.7934 ,  0.6562 ,
  0.0399 ,  0.1212 , -0.4757 , -0.1701 ,  0.0372 ,  0.0053 ,
  0.0807 ,  0.0808 , -0.1580 , -0.8936 ,  1.9763 ,  0.6522 ,
  0.1198 , -0.0015 , -0.4747 ,  0.0136 ,  0.8087 ,  0.3306 ,
 -0.0003 , -0.0003 , -0.1586 , -1.5449 ,  0.6215 ,  0.3270 ,
 -0.1624 ,  0.0403 , -0.6362 ,  0.7343 , -0.2625 ,  0.0071 ,
  0.0408 ,  0.1626 , -0.1585 , -0.2413 ,  0.6532 ,  0.9775 ,
 -0.0816 , -0.0005 , -0.4767 , -1.5344 , -0.1281 ,  0.3306 ,
 -0.0408 ,  0.0403 , -0.3178 ,  0.7235 , -0.0722 ,  0.0036 ,
 -0.1217 ,  0.0404 , -0.4772 , -0.0457 ,  0.4235 ,  0.3306 ,
 -0.0008 ,  0.0398 , -0.4760 , -0.0468 ,  2.4790 ,  0.6558 ,
 -0.0001 ,  0.1217 , -0.3175 , -2.4994 ,  0.5973 ,  0.6541 ,
  0.0398 ,  0.0400 , -0.3170 , -1.6018 ,  1.9204 ,  0.6540 ,
  0.0002 ,  0.0408 , -0.0001 , -0.8363 ,  1.2367 ,  0.3252 ,
 -0.0407 ,  0.1216 , -0.4765 , -0.9442 ,  1.7782 ,  0.3306 ,
  0.0404 ,  0.0810 , -0.1584 , -1.6682 ,  1.2910 , -0.3235 ,
 -0.1213 ,  0.0821 ,  0.1547 , -1.6854 ,  2.2609 ,  0.3461 ,
 -0.0006 , -0.0411 , -0.1586 , -0.7085 ,  0.6293 , -0.3234 ,
 -0.0408 ,  0.0403 , -0.3178 , -1.6010 ,  1.1724 ,  0.3288 ,
  0.1623 ,  0.0402 ,  0.1591 , -1.6270 ,  2.1076 ,  0.9922 ,
  0.0400 ,  0.0807 , -0.3170 , -0.1135 ,  1.2904 ,  0.3288 ,
  0.0001 ,  0.0812 , -0.1588 , -0.1180 , -0.0164 ,  0.6522 ,
  0.0409 ,  0.1221 ,  0.0002 , -2.5095 ,  1.2841 , -0.0000 ,
  0.1198 , -0.0015 , -0.4747 ,  0.0136 ,  1.4309 ,  0.9811 ,
  0.0810 ,  0.0811 ,  0.0007 , -1.6734 ,  0.7325 ,  0.3252 ,
 -0.0413 , -0.0007 , -0.4763 , -0.7599 ,  0.5571 ,  1.3063 ,
  0.0001 , -0.0405 ,  0.1587 , -0.7183 ,  1.2530 ,  0.3234 ,
  0.0809 ,  0.1216 , -0.1581 , -0.9551 ,  1.3462 ,  0.0018 ,
  0.0406 ,  0.1218 , -0.1585 , -1.7296 ,  1.9056 ,  0.6522 ,
  0.0801 ,  0.0398 , -0.3165 , -0.8273 , -0.5058 ,  0.6540 ,
 -0.0809 ,  0.0001 , -0.1594 ,  0.7804 ,  1.1179 ,  0.3270 ,
 -0.0405 ,  0.0814 ,  0.1564 , -0.8984 ,  1.7812 ,  0.3337 ,
 -0.0007 , -0.0006 , -0.3173 , -0.7651 ,  1.2430 , -0.3217 ,
  0.1210 ,  0.1619 , -0.3164 , -1.0120 ,  0.7783 ,  0.0036 ,
  0.0807 ,  0.0808 , -0.1580 ,  0.6561 ,  1.3540 ,  0.6522 ,
 -0.0399 ,  0.0817 , -0.0006 , -3.9969 , -1.3232 ,  0.0000 ,
  0.0397 , -0.0413 , -0.1582 , -0.7089 ,  0.6922 ,  0.6522 ,
  0.0804 ,  0.1618 , -0.4754 , -1.7816 ,  1.3368 ,  1.3063 ,
  0.0795 ,  0.1204 , -0.7926 , -3.2603 ,  2.5876 ,  0.9846 ,
 -0.1205 ,  0.0821 , -0.0014 , -1.6717 ,  0.4179 ,  0.3253 ,
  0.0810 ,  0.0811 ,  0.0007 , -0.1236 ,  1.9770 ,  1.3009 ,
  0.0807 ,  0.0808 , -0.1580 , -0.8936 ,  0.7317 ,  0.6522 ,
 -0.0805 ,  0.0816 , -0.1596 , -0.1173 ,  1.1023 ,  0.6523 ,
  0.0002 ,  0.0408 , -0.0001 , -0.8363 , -0.0078 ,  0.9757 ,
 -0.0812 ,  0.0810 , -0.4769 , -0.8824 , -0.1437 ,  0.6558 ,
  0.0809 ,  0.1216 , -0.1581 , -2.5048 ,  0.7239 , -0.9740 ,
 -0.0004 ,  0.2026 , -0.6350 , -1.8374 ,  1.8248 ,  0.0071 ,
 -0.0406 ,  0.0811 , -0.3178 , -0.1128 , -0.0800 ,  0.9793 ,
 -0.0003 ,  0.0809 , -0.3174 , -3.2127 ,  0.6051 ,  0.9793 ,
 -0.0397 ,  0.0413 ,  0.1582 , -0.0660 , -0.0700 , -0.0018 ,
  0.0399 ,  0.1212 , -0.4757 , -0.1701 ,  0.6595 ,  0.6558 ,
 -0.0005 ,  0.0401 , -0.3174 , -1.6015 ,  1.8576 ,  0.6541 ,
  0.0801 ,  0.0398 , -0.3165 ,  1.4973 ,  0.7388 ,  0.3288 ,
 -0.0002 , -0.0408 ,  0.0001 , -1.4883 ,  0.6301 ,  0.6504 ,
  0.1609 ,  0.0801 , -0.3158 , -0.8894 ,  0.2346 ,  0.3288 ,
  0.0003 ,  0.2032 , -0.3177 , -0.2975 ,  1.2040 ,  0.6541 ,
 -0.0404 ,  0.0406 , -0.1591 , -0.0562 ,  0.5508 ,  0.0018 ,
 -0.0809 ,  0.2030 , -0.6357 , -1.8368 ,  1.0767 ,  0.9828 ,
  0.1215 ,  0.1217 ,  0.0010 , -0.9603 ,  1.4098 ,  0.3252 ,
  0.0795 , -0.0013 , -0.4751 , -1.5358 ,  0.7459 ,  0.9811 ,
 -0.0001 ,  0.1217 , -0.3175 , -0.9495 ,  1.2197 ,  0.3288 ,
 -0.0805 ,  0.0816 , -0.1596 , -0.1173 ,  1.7246 ,  0.9775 ,
 -0.0407 ,  0.1216 , -0.4765 , -1.7191 ,  1.1558 ,  0.6558 ,
  0.1608 ,  0.1206 , -0.4745 ,  0.6037 ,  1.4705 ,  0.3306 ,
 -0.0404 ,  0.0406 , -0.1591 , -0.8311 ,  1.1730 ,  0.0018 ,
  0.0004 ,  0.0815 , -0.0002 , -1.6727 ,  1.2288 ,  0.6505 ,
  0.0406 ,  0.1218 , -0.1585 , -1.7296 ,  0.6610 ,  0.3270 ,
  0.1616 ,  0.0808 ,  0.0015 , -0.8992 ,  1.4806 ,  0.3252 ,
  0.1212 ,  0.1214 , -0.1577 , -0.9554 ,  1.4091 ,  0.3270 ,
  0.2012 ,  0.0800 , -0.3154 , -0.1149 ,  3.4088 ,  1.3045 ,
 -0.0004 ,  0.1214 , -0.4761 , -0.9446 ,  1.2188 ,  0.3306 ,
  0.0007 ,  0.0006 ,  0.3173 , -0.7847 ,  1.2460 ,  0.6469 ,
  0.0001 ,  0.0812 , -0.1588 , -1.6679 ,  1.8504 ,  0.9775 ,
  0.0406 ,  0.1218 , -0.1585 , -0.1798 ,  0.6610 ,  0.3270 ,
 -0.0010 ,  0.0803 , -0.6347 , -1.6531 , -0.0186 ,  0.3323 ,
 -0.0413 ,  0.0805 , -0.6351 , -0.8779 ,  0.5407 ,  0.0071 ,
  0.0801 ,  0.0398 , -0.3165 , -0.0524 ,  0.1165 ,  0.9793 ,
  0.0401 , -0.0410 ,  0.0005 ,  0.0611 ,  1.3152 ,  0.3252 ,
  0.0003 ,  0.0003 ,  0.1586 , -1.5547 ,  3.1120 ,  0.6487 ,
  0.0004 ,  0.0815 , -0.0002 , -0.8978 ,  1.8511 ,  0.3252 ,
 -0.1208 ,  0.0418 ,  0.1568 , -0.0630 ,  1.0504 ,  0.6460 ,
 -0.0007 , -0.0006 , -0.3173 ,  0.0098 ,  1.2430 ,  0.0036 ,
  0.0803 ,  0.0805 , -0.3166 , -0.8887 ,  0.7310 ,  0.6540 ,
  0.0802 ,  0.1210 , -0.4753 , -0.9453 ,  1.9669 ,  0.6558 ,
 -0.0812 ,  0.0810 , -0.4769 , -1.6574 ,  1.7231 ,  0.6558 ,
  0.0797 , -0.0418 , -0.3164 ,  0.0705 ,  3.8657 ,  0.0036 ,
 -0.0806 ,  0.0004 , -0.0008 ,  0.0007 ,  0.4964 ,  0.3252 ,
 -0.0008 ,  0.1211 , -0.6348 , -2.4895 ,  3.0849 ,  0.9828 ,
 -0.2014 ,  0.0822 , -0.1608 , -2.4411 ,  0.2913 ,  0.9775 ,
 -0.0010 ,  0.0803 , -0.6347 , -2.4281 ,  3.0927 ,  0.3323 ,
  0.0403 , -0.0002 ,  0.0004 , -0.0003 ,  1.3074 , -0.0000 ,
  0.1210 ,  0.0806 , -0.1576 , -0.8939 ,  3.2835 ,  0.9775 ,
  0.0407 ,  0.0813 ,  0.0003 ,  1.4263 ,  1.9141 ,  0.3252 ,
  0.0404 ,  0.0810 , -0.1584 , -0.8932 ,  1.2910 ,  0.3270 ,
 -0.0007 , -0.0006 , -0.3173 ,  0.7846 ,  0.6208 ,  0.3288 ,
  0.0811 ,  0.1624 , -0.1581 , -1.7914 ,  1.3383 , -0.3235 ,
  0.1206 ,  0.0803 , -0.3162 ,  1.4354 ,  0.7939 ,  0.3288 ,
  0.0811 ,  0.1624 , -0.1581 , -0.2416 ,  1.9606 ,  1.3027 ,
 -0.0005 ,  0.0401 , -0.3174 , -1.6015 ,  2.4797 ,  0.6541 ,
 -0.0404 ,  0.0406 , -0.1591 , -0.0562 ,  1.1730 ,  0.3270 ,
 -0.0411 ,  0.1213 , -0.6352 , -0.9394 ,  0.5329 ,  0.3324 ,
 -0.1212 ,  0.0003 , -0.1599 , -1.5438 ,  1.6773 ,  0.3270 ,
 -0.0001 ,  0.1217 , -0.3175 , -1.7244 ,  1.2197 ,  0.6541 ,
 -0.0411 , -0.0817 , -0.1589 ,  0.9030 ,  1.1965 ,  0.9775 ,
  0.0400 ,  0.0807 , -0.3170 , -0.1135 ,  2.5349 , -0.3217 ,
  0.0395 ,  0.0396 , -0.4756 , -0.0471 ,  2.5418 ,  0.6558 ,
 -0.0402 ,  0.0814 , -0.1592 , -2.4424 ,  0.5430 , -0.3234 ,
  0.0404 ,  0.0810 , -0.1584 , -1.6682 , -0.5758 ,  0.9775 ,
  0.0798 ,  0.1207 , -0.6340 ,  0.6093 ,  2.5885 ,  1.3080 ,
 -0.0809 ,  0.0813 , -0.3182 , -1.6622 , -0.1430 ,  0.3288 ,
 -0.0399 ,  0.0817 , -0.0006 ,  0.6522 ,  0.5437 ,  0.0000 ,
 -0.0414 ,  0.1209 , -0.7938 , -0.9345 ,  3.0211 ,  0.3342 ,
  0.1207 ,  0.1616 , -0.4750 , -1.0071 ,  1.3997 ,  0.9811 ,
  0.0400 ,  0.0807 , -0.3170 ,  0.6613 ,  0.6681 ,  0.0036 ,
  0.1614 , -0.0407 ,  0.1602 ,  0.0570 ,  1.5104 , -0.3213 ,
 -0.1210 ,  0.0410 , -0.1599 , -0.8304 ,  0.4250 ,  0.0018 ,
  0.2421 ,  0.2021 , -0.3152 , -2.6243 ,  0.3369 ,  0.9793 ,
  0.1212 , -0.0003 ,  0.1599 ,  1.5438 ,  2.0562 , -0.3270 ,
 -0.0003 , -0.0003 , -0.1586 ,  0.7797 ,  1.2438 ,  0.0018 ,
  0.0409 ,  0.1221 ,  0.0002 , -0.9596 ,  1.2841 ,  0.6504 ,
  0.0804 ,  0.1219 ,  0.1582 , -0.1875 ,  1.9705 ,  0.3274 ,
  0.0400 ,  0.0807 , -0.3170 , -0.1135 ,  0.6681 ,  0.3288 ,
 -0.0003 ,  0.0809 , -0.3174 ,  0.6617 ,  0.6051 ,  0.6541 ,
 -0.1208 ,  0.0818 , -0.1600 ,  0.6578 , -0.8275 ,  0.6523 ,
 -0.0399 ,  0.0414 ,  0.1579 , -0.0653 ,  0.5511 ,  0.6387 ,
  0.0401 ,  0.1619 , -0.4758 , -0.2315 ,  1.8962 ,  0.6558 ,
  0.1204 ,  0.0396 , -0.3161 , -3.1522 ,  2.0462 ,  0.0035 ,
  0.1605 , -0.0014 , -0.3157 ,  0.0084 ,  2.1169 ,  1.6297 ,
  0.0005 ,  0.1627 , -0.1589 , -1.7908 ,  1.8348 ,  0.6522 ,
  0.0011 ,  0.2850 , -0.1592 , -2.7502 ,  0.5668 ,  0.6522 ,
  0.0408 ,  0.1626 , -0.1585 ,  1.3082 ,  1.2754 ,  1.6278 ,
  0.0402 ,  0.1215 , -0.3171 , -0.1749 ,  1.9048 ,  1.3045 ,
 -0.0004 ,  0.1214 , -0.4761 , -0.9446 ,  1.8411 ,  0.9811 ,
 -0.0807 ,  0.0408 , -0.1595 , -0.0559 ,  1.1101 ,  0.3270 ,
 -0.0001 ,  0.0405 , -0.1587 , -0.0566 ,  0.6137 , -0.3234 ,
  0.0798 ,  0.1207 , -0.6340 , -1.7152 ,  0.0994 ,  0.3323 ,
  0.0793 , -0.0421 , -0.4750 , -0.6995 ,  1.9982 ,  0.3306 ,
  0.0001 ,  0.0812 , -0.1588 , -1.6679 ,  1.2282 ,  0.6522 ,
 -0.1212 ,  0.0003 , -0.1599 , -0.7690 ,  1.6773 ,  0.0018 ,
  0.0405 ,  0.0406 ,  0.0003 , -1.6116 ,  1.2996 ,  0.3252 ,
 -0.0404 ,  0.1219 , -0.3179 , -3.2738 , -0.0878 ,  0.9793 ,
 -0.0816 , -0.0005 , -0.4767 , -0.7595 , -0.7504 ,  0.3306 ,
  0.0810 ,  0.0811 ,  0.0007 , -1.6734 ,  1.9770 ,  0.6504 ,
 -0.0409 , -0.0409 , -0.1590 ,  0.0667 , -0.0559 ,  0.3270 ,
 -0.0414 , -0.0820 , -0.3175 , -1.4168 ,  1.8181 ,  0.3288 ,
  0.0805 ,  0.1213 , -0.3167 , -0.9502 ,  1.3455 ,  0.3288 ,
  0.0403 , -0.0002 ,  0.0004 , -0.0003 ,  0.6852 ,  0.3252 ,
  0.0807 ,  0.0808 , -0.1580 , -0.8936 ,  1.3540 ,  0.9775 ,
 -0.0411 ,  0.0400 , -0.4764 , -0.8214 ,  1.1715 ,  0.6558 ,
 -0.0395 ,  0.1633 , -0.0007 , -0.2455 , -0.0942 ,  0.9757 ,
  0.0003 ,  0.0003 ,  0.1586 ,  0.7699 ,  0.0007 , -0.6523 ,
  0.1205 , -0.0009 , -0.1574 , -0.7710 ,  0.8103 ,  0.3270 ,
  0.0406 ,  0.1218 , -0.1585 , -0.9547 ,  0.6610 ,  1.3027 ,
 -0.0001 ,  0.0405 , -0.1587 ,  1.4931 ,  0.6137 ,  0.6522 ,
 -0.0810 ,  0.0815 ,  0.1559 , -0.8988 ,  1.7167 ,  1.3041 ,
  0.0807 ,  0.1621 , -0.3168 , -1.0116 ,  0.7153 ,  0.3288 ,
  0.1198 , -0.0015 , -0.4747 ,  0.7884 ,  2.6754 ,  0.6558 ,
  0.1212 ,  0.1221 ,  0.1590 , -0.1894 ,  0.7849 ,  0.3253 ,
 -0.0008 ,  0.0398 , -0.4760 , -1.5966 ,  2.4790 ,  0.6558 ,
  0.0019 ,  0.0829 ,  0.6345 ,  1.4141 ,  0.6010 ,  0.3071 ,
  0.0801 ,  0.0398 , -0.3165 ,  0.7224 ,  1.3610 , -0.3217 ,
 -0.0802 ,  0.0819 , -0.0010 , -1.6720 , -0.1415 ,  0.0000 ,
  0.0405 ,  0.0406 ,  0.0003 , -0.0618 ,  1.9219 ,  0.3252 ,
  0.0397 , -0.0413 , -0.1582 , -1.4837 , -0.5524 ,  0.0018 ,
 -0.0814 ,  0.1214 , -0.6356 , -1.7139 ,  1.7145 ,  0.0071 ,
 -0.0413 ,  0.0805 , -0.6351 , -2.4278 ,  1.7852 ,  0.3324 ,
  0.0806 ,  0.2025 , -0.4755 ,  0.4815 ,  0.7068 , -0.3199 ,
  0.0791 ,  0.0388 , -0.7925 , -0.0377 ,  0.1143 ,  0.6594 ,
  0.0809 ,  0.2028 , -0.3169 , -1.0731 ,  1.3299 ,  1.6297 ,
 -0.0012 ,  0.0395 , -0.6346 , -1.5917 ,  1.2337 ,  0.6576 ,
  0.0399 , -0.0005 , -0.1582 , -1.5452 ,  1.3067 ,  0.6522 ,
 -0.0808 ,  0.1625 , -0.4770 , -1.0054 ,  0.4630 ,  0.6558 ,
  0.0001 ,  0.0812 , -0.1588 , -0.8930 ,  1.2282 ,  0.9775 ,
 -0.0410 , -0.0004 , -0.3177 , -0.7647 ,  1.8024 ,  1.6297 ,
 -0.1624 ,  0.0403 , -0.6362 , -0.8154 ,  0.3598 ,  0.3324 ,
 -0.0001 ,  0.0405 , -0.1587 , -0.8315 , -0.6309 ,  0.3270 ,
 -0.0410 , -0.0004 , -0.3177 ,  0.7850 ,  1.8024 ,  0.6541 ,
  0.1208 ,  0.1211 , -0.3163 ,  0.5992 , -0.4585 ,  0.0036 ,
  0.1209 ,  0.0406 ,  0.1592 , -0.0650 ,  1.4277 ,  0.3229 ,
  0.0001 ,  0.1624 , -0.3176 , -0.2361 ,  0.5895 ,  0.6541 ,
 -0.0400 ,  0.1222 , -0.1593 , -1.7289 ,  1.7796 ,  0.6522 ,
 -0.0008 , -0.0818 , -0.1585 ,  0.9026 ,  0.0149 , -0.3235 ,
  0.0396 , -0.0008 , -0.3169 ,  0.0094 ,  0.6837 ,  1.3045 ,
  0.0004 ,  0.0815 , -0.0002 , -0.8978 ,  1.2288 ,  0.6505 ,
  0.1609 ,  0.0801 , -0.3158 , -1.6643 , -0.3878 ,  0.0035 ,
  0.0404 ,  0.0810 , -0.1584 , -0.1184 ,  1.2910 ,  0.9775 ,
 -0.0408 ,  0.0403 , -0.3178 ,  0.7235 ,  0.5500 ,  0.9793 ,
 -0.0006 , -0.0411 , -0.1586 , -0.7085 ,  1.8739 ,  0.6522 ,
  0.0411 ,  0.1629 ,  0.0001 , -0.2462 ,  0.6540 ,  0.3252 ,
  0.0805 ,  0.1213 , -0.3167 , -0.9502 ,  1.9678 ,  0.6540 ,
  0.0386 , -0.0017 , -0.7928 ,  0.0241 ,  2.5482 ,  0.6594 ,
 -0.0397 ,  0.1225 , -0.0006 , -2.5086 ,  1.1581 ,  0.6505 ,
  0.0798 ,  0.0395 , -0.4752 , -0.0475 ,  1.3603 ,  0.3306 ,
  0.0402 ,  0.0403 , -0.1583 , -2.3816 ,  0.6766 ,  0.3270 ,
  0.0004 ,  0.0815 , -0.0002 , -0.1229 ,  1.2288 ,  0.6505 ,
 -0.1205 ,  0.0821 , -0.0014 , -0.8967 ,  0.4179 ,  0.9757 ,
  0.0003 ,  0.1220 , -0.1589 , -0.1795 ,  1.8427 ,  1.3027 ,
  0.0006 ,  0.1223 , -0.0002 , -0.1844 ,  1.2210 ,  0.0000 ,
 -0.0401 ,  0.0410 , -0.0005 , -0.0611 , -0.0707 ,  0.9757 ,
  0.0810 ,  0.1630 ,  0.1584 , -0.2503 ,  0.7117 ,  0.9731 ,
  0.1204 ,  0.0396 , -0.3161 , -1.6025 ,  3.2908 ,  0.9793 ,
 -0.0005 ,  0.0401 , -0.3174 ,  0.7231 ,  1.2353 ,  0.3288 ,
  0.0402 ,  0.0403 , -0.1583 , -0.0569 ,  0.6766 ,  0.3270 ,
 -0.0406 ,  0.0811 , -0.3178 , -0.1128 ,  3.0312 ,  0.9793 ,
  0.1204 ,  0.0396 , -0.3161 , -0.8276 ,  0.1794 ,  0.3288 ,
  0.1211 ,  0.0402 ,  0.0011 , -0.8374 ,  1.4255 ,  0.3252 ,
  0.0002 ,  0.0408 , -0.0001 , -0.0615 ,  1.2367 ,  0.0000 ,
  0.0001 ,  0.1624 , -0.3176 , -0.2361 ,  1.2118 ,  0.3288 ,
 -0.0001 ,  0.1217 , -0.3175 , -0.1746 , -0.0249 ,  0.9793 ,
 -0.0404 ,  0.1219 , -0.3179 , -0.9491 , -0.0878 ,  1.3045 ,
  0.0807 ,  0.0808 , -0.1580 , -0.8936 ,  0.1095 ,  0.0018 ,
  0.0402 ,  0.0403 , -0.1583 ,  0.7179 ,  0.6766 , -0.3235 ,
 -0.0409 , -0.0409 , -0.1590 , -0.7082 ,  1.8109 ,  0.9775 ,
  0.0404 ,  0.1623 , -0.3172 , -0.2364 ,  1.8969 ,  0.3288 ,
  0.0005 ,  0.1627 , -0.1589 , -1.7908 ,  1.8348 ,  0.6522 ,
 -0.0003 ,  0.0809 , -0.3174 , -0.8881 ,  1.8497 ,  0.0036 ,
 -0.0404 ,  0.0406 , -0.1591 , -0.0562 , -0.0715 ,  0.0018 ,
  0.0803 ,  0.0805 , -0.3166 ,  0.6610 ,  1.3533 ,  0.0036 ,
  0.0803 ,  0.0805 , -0.3166 , -1.6636 ,  1.3533 ,  0.3288 ,
  0.1613 ,  0.0805 , -0.1572 , -0.1194 ,  2.7244 ,  0.3270 ,
  0.0396 , -0.0008 , -0.3169 ,  1.5590 , -0.5609 ,  0.3288 ,
 -0.0408 ,  0.0403 , -0.3178 , -0.8262 ,  0.5500 ,  0.6541 ,
  0.0794 ,  0.0391 , -0.6338 , -0.0426 ,  0.7373 ,  0.9828 ,
 -0.1607 ,  0.1635 , -0.1606 , -3.3390 ,  0.9609 ,  0.3270 ,
  0.0400 ,  0.0807 , -0.3170 , -0.1135 ,  1.2904 , -0.3217 ,
  0.0810 ,  0.0811 ,  0.0007 , -0.8985 ,  0.7325 ,  0.9757 ,
 -0.0399 ,  0.0817 , -0.0006 , -0.8975 ,  1.7882 ,  0.3252 ,
 -0.0411 ,  0.0400 , -0.4764 ,  1.5032 ,  1.7939 ,  0.9811 ,
  0.1204 ,  0.0396 , -0.3161 , -0.8276 ,  1.4240 ,  0.0035 ,
  0.0003 ,  0.1220 , -0.1589 , -0.1795 , -0.0242 ,  0.0018 ,
  0.0808 ,  0.0404 ,  0.0007 , -0.8370 ,  2.6070 ,  0.6504 ,
  0.0000 ,  0.0000 ,  0.0000 ,  0.0000 ,  2.4891 ,  0.3252 ,
  0.0400 ,  0.0807 , -0.3170 , -0.8884 ,  0.0458 ,  0.6540 ,
 -0.0804 ,  0.0412 , -0.0009 , -0.8357 ,  0.4886 ,  0.3252 ,
 -0.0808 ,  0.1226 ,  0.1565 , -0.1852 ,  1.0935 ,  0.6543 ,
  0.0805 ,  0.1213 , -0.3167 , -0.1753 ,  1.9678 ,  0.9793 ,
  0.0807 ,  0.0808 , -0.1580 , -0.1187 ,  0.7317 ,  0.6522 ,
 -0.0007 , -0.0006 , -0.3173 , -0.7651 ,  0.6208 ,  0.6541 ,
  0.0001 ,  0.0812 , -0.1588 , -1.6679 , -0.0164 ,  0.0018 ,
 -0.0801 ,  0.1631 , -0.1597 , -0.2403 ,  1.0867 ,  0.6523 ,
 -0.0003 ,  0.0809 , -0.3174 , -0.8881 ,  1.8497 ,  0.0036 ,
 -0.0409 , -0.0409 , -0.1590 ,  0.0667 ,  0.5664 ,  0.6522 ,
 -0.0811 ,  0.0405 , -0.3182 , -0.0510 ,  0.4871 ,  0.0036 ,
  0.0806 , -0.0004 ,  0.0008 , -1.5505 ,  1.3704 , -0.0000 ,
  0.0403 , -0.0002 ,  0.0004 , -0.7752 ,  1.9298 ,  0.9757 ,
 -0.0400 ,  0.1222 , -0.1593 , -0.9540 ,  1.1574 ,  0.3270 ,
 -0.0003 ,  0.0809 , -0.3174 , -0.8881 ,  0.6051 ,  0.3288 ,
  0.0397 ,  0.0804 , -0.4757 , -0.8835 ,  0.0450 ,  0.6558 ,
  0.1203 ,  0.0800 , -0.4749 , -0.8841 ,  2.0376 ,  0.6558 ,
  0.0398 ,  0.0400 , -0.3170 , -0.8269 ,  1.9204 ,  1.3045 ,
  0.0808 ,  0.0404 ,  0.0007 , -0.0622 ,  1.9849 ,  0.9757 ,
  0.0404 ,  0.0810 , -0.1584 , -1.6682 ,  1.2910 ,  0.0018 ,
 -0.0807 ,  0.0408 , -0.1595 , -0.8308 ,  0.4879 ,  0.9775 ,
 -0.0003 , -0.0003 , -0.1586 ,  0.7797 ,  0.6215 ,  0.0018 ,
  0.0810 ,  0.0811 ,  0.0007 , -0.8985 ,  2.5992 ,  0.3252 ,
  0.2015 ,  0.0402 ,  0.1600 , -0.0656 ,  2.1780 ,  0.3229 ,
 -0.0404 ,  0.0406 , -0.1591 , -0.8311 ,  1.1730 ,  0.3270 ,
 -0.0401 ,  0.0410 , -0.0005 , -0.0611 ,  0.5515 ,  0.9757 ,
 -0.0404 ,  0.0406 , -0.1591 , -1.6060 ,  1.1730 ,  1.3027 ,
  0.1610 ,  0.0397 , -0.1571 , -2.3829 , -0.3792 ,  0.0018 ,
  0.1614 ,  0.0400 ,  0.0015 , -1.6126 ,  1.4884 ,  0.3252 ,
 -0.0408 ,  0.0403 , -0.3178 , -0.0513 , -1.3168 ,  0.0036 ,
 -0.0809 ,  0.0813 , -0.3182 , -0.8874 , -0.7653 ,  0.9793 ,
  0.0000 ,  0.0000 ,  0.0000 ,  0.7748 ,  0.6223 ,  0.3252 ,
 -0.1208 ,  0.0818 , -0.1600 , -0.1170 ,  1.6617 ,  0.9775 ,
  0.0795 , -0.0013 , -0.4751 , -3.0855 ,  1.9904 ,  0.9811 ,
  0.0812 ,  0.1219 ,  0.0006 , -0.1851 ,  0.1024 ,  0.3252 ,
  0.0805 ,  0.1213 , -0.3167 , -0.9502 ,  0.1009 , -0.3217 ,
 -0.0804 ,  0.0412 , -0.0009 , -2.3856 , -0.1337 , -0.3252 ,
  0.0398 ,  0.0400 , -0.3170 , -3.1516 ,  0.6759 ,  0.6540 ,
 -0.0810 ,  0.1218 , -0.4770 , -2.4939 ,  1.0929 ,  0.6558 ,
  0.0393 ,  0.0801 , -0.6343 , -0.8786 ,  0.6665 ,  0.6576 ,
  0.0399 , -0.0005 , -0.1582 ,  0.0045 ,  0.6844 , -0.3235 ,
  0.0001 ,  0.0812 , -0.1588 , -1.6679 ,  1.2282 ,  0.6522 ,
  0.1203 ,  0.0800 , -0.4749 , -0.8841 ,  0.1709 ,  0.0053 ,
  0.1204 ,  0.0396 , -0.3161 , -1.6025 , -1.0652 ,  0.0035 ,
  0.0805 ,  0.1213 , -0.3167 , -2.4998 ,  2.5899 ,  0.0036 ,
 -0.0402 ,  0.0814 , -0.1592 ,  0.6571 ,  1.7875 ,  0.6522 ,
  0.1197 ,  0.0390 , -0.6334 ,  0.7319 ,  0.8002 ,  0.0071 ,
 -0.0810 ,  0.0815 ,  0.1559 , -0.8988 ,  1.0955 ,  0.6572 ,
 -0.0393 ,  0.0822 ,  0.1580 ,  0.6433 , -0.6957 , -0.0061 ,
 -0.0399 ,  0.0817 , -0.0006 , -0.8975 ,  0.5437 ,  0.6505 ,
  0.0402 ,  0.0403 , -0.1583 , -1.6066 ,  0.0544 ,  0.0018 ,
 -0.0818 ,  0.0399 , -0.6354 , -1.5909 ,  1.1079 ,  1.3081 ,
  0.0402 ,  0.1215 , -0.3171 , -2.4997 , -0.5843 , -0.3217 ,
  0.1208 ,  0.0399 , -0.1575 , -0.0576 ,  1.4247 ,  0.6522 ,
  0.0002 ,  0.0408 , -0.0001 , -0.0615 , -0.6302 ,  0.0000 ,
 -0.0800 ,  0.1227 , -0.0010 , -0.9586 ,  0.4730 ,  0.6505 ,
  0.0809 ,  0.1216 , -0.1581 , -0.1802 , -0.5207 ,  0.9775 ,
  0.0798 ,  0.1207 , -0.6340 , -1.7152 ,  1.9662 ,  0.3323 ,
  0.0813 ,  0.0406 ,  0.1580 , -2.4070 ,  2.5961 ,  0.3466 ,
 -0.0800 ,  0.0820 ,  0.3148 , -1.6916 ,  0.4730 ,  0.6264 ,
  0.0411 ,  0.0815 ,  0.1585 , -0.9090 ,  0.0514 ,  0.9605 ,
 -0.0005 ,  0.0401 , -0.3174 , -0.8266 ,  0.6129 ,  0.3288 ,
  0.0394 , -0.0416 , -0.3168 , -1.4790 ,  0.6915 ,  0.0036 ,
  0.0792 , -0.0016 , -0.6337 , -0.7560 ,  0.1228 ,  0.3323 ,
  0.0404 ,  0.0810 , -0.1584 , -0.1184 ,  0.0465 ,  0.0018 ,
  0.0810 ,  0.0811 ,  0.0007 , -0.8985 ,  1.3548 ,  0.6504 ,
 -0.0402 ,  0.0814 , -0.1592 , -1.6675 ,  1.7875 ,  0.9775 ,
 -0.0814 ,  0.0402 , -0.4768 , -0.0461 ,  1.7309 ,  0.9811 ,
  0.0001 ,  0.0812 , -0.1588 , -2.4429 ,  0.6059 ,  1.3027 ,
 -0.0397 ,  0.0412 ,  0.1585 , -0.0666 , -0.6928 , -0.0038 ,
  0.0402 ,  0.1215 , -0.3171 , -1.7247 ,  3.1493 ,  0.3288 ,
  0.0003 ,  0.1220 , -0.1589 , -0.9544 ,  1.8427 ,  0.3270 ,
  0.0405 ,  0.0406 ,  0.0003 , -1.6116 ,  0.0551 , -0.0000 ,
  0.0807 ,  0.1621 , -0.3168 , -1.7865 ,  1.3376 ,  0.6540 ,
  0.0409 ,  0.0408 ,  0.1592 , -0.0673 , -0.5662 , -0.3371 ,
 -0.0809 ,  0.0813 , -0.3182 , -0.8874 ,  1.1016 ,  0.3288 ,
 -0.0413 , -0.0007 , -0.4763 , -1.5347 ,  0.5571 ,  0.3306 ,
  0.0012 ,  0.1634 ,  0.1583 , -0.2507 ,  1.2140 ,  0.3234 ,
  0.0001 , -0.0405 ,  0.1587 , -1.4933 ,  1.2530 ,  0.9739 ,
 -0.0007 , -0.0006 , -0.3173 , -2.3151 ,  0.6208 ,  0.0036 ,
 -0.0401 ,  0.0410 , -0.0005 , -2.3857 ,  1.1737 ,  0.6505 ,
  0.0802 , -0.0007 , -0.1578 , -2.3205 ,  1.3696 ,  0.9775 ,
 -0.0014 , -0.0012 , -0.6346 , -2.3052 ,  1.2415 ,  0.6576 ,
 -0.0003 ,  0.0809 , -0.3174 ,  1.4365 ,  1.2274 ,  0.9793 ,
 -0.0811 ,  0.0405 , -0.3182 , -2.3758 , -0.1352 ,  0.6541 ,
  0.0805 ,  0.0401 , -0.1579 ,  0.7176 ,  0.7395 ,  0.9775 ,
  0.0404 ,  0.0810 , -0.1584 ,  0.6565 ,  0.6688 ,  0.6522 ,
  0.0396 , -0.0008 , -0.3169 ,  0.0094 ,  0.0614 ,  0.3288 ,
 -0.0799 ,  0.0420 ,  0.3159 , -0.0689 ,  1.1119 ,  0.9527 ,
  0.0792 , -0.0016 , -0.6337 ,  0.7937 ,  0.1228 ,  0.6576 ,
  0.1210 ,  0.0806 , -0.1576 ,  0.6557 ,  1.4169 ,  0.6522 ,
  0.0812 ,  0.1219 ,  0.0006 , -0.1851 ,  2.5915 ,  0.3252 ,
 -0.0007 , -0.0006 , -0.3173 , -1.5400 ,  0.6208 ,  0.6541 ,
 -0.0406 ,  0.0811 , -0.3178 , -0.1128 ,  0.5422 ,  0.9793 ,
 -0.0406 ,  0.0811 , -0.3178 , -0.8877 ,  1.7869 ,  1.3045 ,
  0.0802 , -0.0007 , -0.1578 , -0.7707 ,  0.7474 ,  0.6522 ,
 -0.0807 ,  0.1637 ,  0.1570 ,  0.5170 ,  1.0805 , -0.6482 ,
 -0.0816 , -0.0005 , -0.4767 ,  0.0154 ,  1.7387 ,  0.9811 ,
 -0.0404 ,  0.1219 , -0.3179 , -0.9491 ,  0.5344 ,  0.0036 ,
 -0.0813 , -0.0002 , -0.3181 , -0.7644 ,  1.1171 ,  0.3288 ,
  0.0402 ,  0.0403 , -0.1583 , -1.6066 ,  1.9211 ,  0.3270 ,
  0.0395 ,  0.0396 , -0.4756 , -2.3719 ,  0.0529 ,  0.9811 ,
  0.0010 ,  0.0009 ,  0.4759 , -0.0147 ,  0.6245 ,  0.6451 ,
  0.0404 ,  0.0810 , -0.1584 , -0.1184 ,  0.6688 ,  0.6522 ,
  0.0406 ,  0.1218 , -0.1585 , -0.9547 ,  1.2833 ,  0.3270 ,
  0.0006 ,  0.1223 , -0.0002 , -0.9592 ,  1.8433 ,  1.3010 ,
 -0.0408 ,  0.0403 , -0.3178 , -0.8262 ,  1.1724 ,  0.3288 ,
  0.0400 ,  0.0807 , -0.3170 , -2.4382 ,  1.2904 ,  0.6540 ,
  0.0402 ,  0.0403 , -0.1583 , -0.0569 ,  1.2989 ,  0.3270 ,
  0.1212 ,  0.1214 , -0.1577 , -2.5053 ,  1.4091 ,  1.6278 ,
  0.0407 ,  0.0814 ,  0.1571 , -2.4681 ,  2.5211 ,  1.9599 ,
  0.0404 ,  0.0407 ,  0.1577 , -0.8353 ,  1.2996 , -0.3145 ,
  0.1211 ,  0.0402 ,  0.0011 , -0.8374 ,  1.4255 ,  0.9757 ,
  0.0410 ,  0.0004 ,  0.3177 , -2.3349 ,  0.6867 ,  0.3217 ,
 -0.1216 , -0.0000 , -0.3185 , -1.5390 , -0.1903 ,  0.3288 ,
  0.0408 ,  0.1626 , -0.1585 , -1.0162 ,  0.0309 ,  0.6522 ,
  0.0397 ,  0.1616 , -0.6345 , -3.3263 ,  2.5176 ,  0.6576 ,
 -0.0003 , -0.0003 , -0.1586 ,  0.0049 ,  0.6215 ,  0.6522 ,
 -0.0812 ,  0.1622 , -0.6357 , -1.7753 ,  1.7068 ,  1.6332 ,
  0.1211 ,  0.0402 ,  0.0011 , -0.0625 ,  1.4255 ,  0.9757 ,
 -0.0003 ,  0.0809 , -0.3174 , -0.8881 ,  1.2274 ,  0.6541 ,
  0.0000 ,  0.0000 ,  0.0000 ,  0.7748 ,  0.6223 ,  0.6505 ,
  0.0403 , -0.0002 ,  0.0004 , -1.5501 ,  1.3074 ,  0.6504 ,
 -0.0001 ,  0.0405 , -0.1587 , -0.0566 , -0.0086 ,  0.0018 ,
 -0.0004 , -0.0815 ,  0.0002 , -0.6520 ,  0.0156 ,  0.9757 ,
 -0.0406 , -0.0001 , -0.1590 ,  1.5548 ,  2.4253 ,  0.3270 ,
  0.0006 ,  0.1223 , -0.0002 , -1.7341 ,  1.8433 ,  0.3252 ,
  0.1210 ,  0.0806 , -0.1576 , -0.1191 ,  0.7946 ,  0.3270 ,
 -0.0009 , -0.0414 , -0.3172 , -1.4785 ,  0.6286 ,  0.9793 ,
  0.0805 ,  0.0401 , -0.1579 ,  0.7176 ,  2.6064 , -0.3235 ,
  0.0400 ,  0.0807 , -0.3170 , -0.8884 ,  0.0458 ,  0.6540 ,
  0.0401 ,  0.1619 , -0.4758 , -1.7813 ,  1.2739 ,  0.6558 ,
  0.0399 ,  0.1212 , -0.4757 , -0.1701 ,  0.0372 ,  0.9811 ,
 -0.0411 ,  0.1213 , -0.6352 , -0.9394 ,  1.1552 ,  0.6576 ,
 -0.0417 , -0.0010 , -0.6350 ,  1.5695 ,  2.4232 ,  0.3323 ,
 -0.0006 ,  0.0806 , -0.4761 , -0.8831 , -0.0179 ,  0.3306 ,
  0.0398 ,  0.0400 , -0.3170 , -0.0520 ,  0.0536 ,  0.6540 ,
  0.0003 ,  0.1220 , -0.1589 ,  0.5953 ,  1.8427 ,  0.6522 ,
 -0.0397 ,  0.0412 ,  0.3155 , -1.6294 ,  0.5466 ,  0.6286 ,
  0.0001 ,  0.0812 , -0.1588 , -0.8930 , -0.0164 ,  0.0018 ,
 -0.0005 ,  0.0401 , -0.3174 , -0.8266 ,  1.2353 ,  0.3288 ,
  0.0402 ,  0.0403 , -0.1583 , -0.0569 ,  1.9211 ,  0.3270 ,
  0.1195 , -0.0018 , -0.6333 ,  0.7933 ,  0.8080 ,  0.9828 ,
  0.0003 ,  0.1220 , -0.1589 , -1.7293 ,  1.2203 ,  0.6522 ,
 -0.0001 ,  0.0405 , -0.1587 , -2.3814 ,  1.8582 ,  0.6522 ,
 -0.0413 ,  0.0805 , -0.6351 , -1.6528 ,  0.5407 ,  0.6576 ,
  0.0797 , -0.0418 , -0.3164 ,  0.0705 ,  0.7544 ,  0.3288 ,
  0.0395 ,  0.0396 , -0.4756 , -2.3719 ,  1.9197 ,  0.3306 ,
  0.0397 ,  0.0804 , -0.4757 , -0.1086 ,  1.9119 ,  0.0053 ,
  0.0808 ,  0.0404 ,  0.0007 ,  0.7127 ,  1.3625 , -0.3253 ,
  0.0397 ,  0.0804 , -0.4757 , -0.1086 ,  0.0450 ,  0.9811 ,
 -0.0411 , -0.0817 , -0.1589 , -2.1965 ,  0.5742 ,  0.0018 ,
  0.0805 ,  0.0401 , -0.1579 , -2.3818 ,  1.9841 ,  0.3270 ,
 -0.0008 ,  0.1211 , -0.6348 , -0.1648 ,  1.8403 ,  0.3323 ,
  0.0401 ,  0.1619 , -0.4758 , -1.0064 ,  1.2739 ,  1.3063 ,
  0.0002 ,  0.0408 , -0.0001 , -0.8363 ,  1.8590 ,  0.0000 ,
 -0.0401 ,  0.0410 , -0.0005 , -0.0611 , -0.0707 , -0.6505 ,
 -0.0807 ,  0.1221 , -0.3183 , -0.9488 ,  1.0937 ,  0.6541 ,
 -0.0010 ,  0.0803 , -0.6347 , -2.4281 ,  2.4705 ,  0.9828 ,
 -0.0809 ,  0.0001 , -0.1594 , -0.7694 ,  1.1179 ,  0.0018 ,
  0.0003 ,  0.1220 , -0.1589 , -3.2792 ,  3.0870 ,  0.6522 ,
 -0.0005 ,  0.0401 , -0.3174 , -2.3765 ,  0.6129 ,  0.9793 ,
 -0.0814 ,  0.0402 , -0.4768 , -0.8210 ,  1.7309 ,  0.9811 ,
 -0.0001 ,  0.0405 , -0.1587 , -1.6064 ,  2.4805 ,  0.9775 ,
  0.1210 ,  0.0806 , -0.1576 , -0.8939 ,  1.4169 ,  0.6522 ,
  0.1216 ,  0.2029 , -0.1578 , -1.8531 ,  0.7712 ,  0.9775 ,
  0.1603 ,  0.1608 , -0.7919 , -0.9977 , -0.4056 ,  0.3341 ,
  0.0001 ,  0.0812 , -0.1588 , -0.1180 , -0.0164 , -0.3234 ,
  0.0003 ,  0.1220 , -0.1589 , -1.7293 ,  0.5981 ,  1.3027 ,
  0.0807 ,  0.0808 , -0.1580 , -1.6684 ,  1.3540 ,  0.6522 ,
  0.1614 ,  0.0400 ,  0.0015 , -2.3876 ,  1.4884 ,  0.6504 ,
 -0.0402 ,  0.0814 , -0.1592 , -0.1177 ,  1.1652 ,  0.3270 ,
  0.0805 ,  0.1213 , -0.3167 , -0.9502 ,  1.3455 ,  0.6540 ,
  0.0399 ,  0.1212 , -0.4757 , -0.9449 ,  0.6595 ,  0.9811 ,
  0.0810 ,  0.0811 ,  0.0007 , -0.1236 ,  0.1102 ,  0.9757 ,
  0.0398 ,  0.0400 , -0.3170 , -0.8269 ,  0.6759 ,  0.6540 ,
 -0.0013 , -0.0417 , -0.4758 , -0.6988 ,  1.2500 ,  0.9811 ,
  0.0796 ,  0.0799 , -0.6339 , -0.1040 ,  1.9741 ,  0.3323 ,
  0.0004 ,  0.0815 , -0.0002 , -0.8978 ,  1.8511 ,  0.9757 ,
 -0.0413 , -0.0007 , -0.4763 , -1.5347 , -0.0652 ,  0.6558 ,
  0.0398 ,  0.0400 , -0.3170 , -1.6018 ,  0.6759 ,  0.6540 ,
 -0.0004 , -0.0815 ,  0.0002 , -0.6520 , -1.2290 , -0.0000 ,
  0.0383 , -0.0425 , -0.7927 ,  0.8603 ,  1.3115 ,  0.6594 ,
  0.0002 ,  0.0408 , -0.0001 ,  0.7133 ,  0.6144 ,  0.3252 ,
 -0.0407 , -0.0813 , -0.0003 ,  0.8981 ,  1.1972 ,  0.6505 ,
 -0.0402 ,  0.0814 , -0.1592 , -0.1177 ,  1.1652 ,  1.9532 ,
 -0.0811 ,  0.0405 , -0.3182 , -0.8259 ,  1.7317 ,  1.3045 ,
  0.0001 ,  0.1624 , -0.3176 , -3.3358 , -0.6551 ,  0.3288 ,
  0.0404 ,  0.1621 ,  0.1584 ,  1.3272 ,  1.2477 , -0.6625 ,
 -0.0009 , -0.0414 , -0.3172 ,  0.0712 ,  1.2508 ,  0.0036 ,
 -0.0413 , -0.0007 , -0.4763 , -0.7599 ,  1.1793 ,  0.0053 ,
 -0.0407 ,  0.1627 ,  0.1558 , -1.0250 ,  1.7578 ,  0.9834 ,
 -0.0806 ,  0.0004 , -0.0008 ,  0.0007 ,  1.1186 ,  0.3252 ,
 -0.0403 ,  0.0002 , -0.0004 ,  0.0003 ,  0.5593 ,  0.3252 ,
 -0.0802 ,  0.0819 , -0.0010 , -2.4470 , -0.1415 ,  0.3253 ,
  0.0798 ,  0.0395 , -0.4752 , -0.8224 ,  0.7380 ,  0.6558 ,
 -0.0399 ,  0.0817 , -0.0006 , -1.6723 ,  1.1660 ,  1.6262 ,
 -0.0003 , -0.0003 , -0.1586 , -1.5449 ,  0.6215 ,  0.3270 ,
  0.0399 , -0.0005 , -0.1582 ,  1.5542 ,  2.5511 ,  0.3270 ,
 -0.0415 ,  0.0397 , -0.6350 , -0.0415 ,  1.7931 ,  0.6576 ,
 -0.0005 ,  0.0401 , -0.3174 , -1.6014 ,  0.6129 , -0.3217 ,
  0.0402 ,  0.0403 , -0.1583 , -0.0569 ,  1.9211 ,  0.6522 ,
 -0.1203 ,  0.1229 , -0.0014 , -1.7331 ,  2.2767 ,  0.9757 ,
 -0.1622 ,  0.0811 , -0.6363 , -0.8769 ,  0.3520 ,  0.3324 ,
 -0.0003 , -0.0003 , -0.1586 , -1.5449 ,  0.6215 ,  0.9775 ,
 -0.0400 ,  0.1222 , -0.1593 , -0.9540 ,  0.5352 ,  0.6522 ,
 -0.0001 ,  0.0405 , -0.1587 , -2.3814 ,  1.2359 ,  0.9775 ,
  0.0407 ,  0.0817 ,  0.1585 , -0.1279 ,  0.6689 ,  0.6474 ,
 -0.0811 ,  0.0405 , -0.3182 , -0.0510 , -0.1352 ,  0.3288 ,
  0.0405 ,  0.0406 ,  0.0003 , -0.0618 ,  1.9219 ,  0.3252 ,
  0.0398 ,  0.0400 , -0.3170 , -0.8269 ,  1.2981 ,  1.3045 ,
  0.0402 ,  0.1215 , -0.3171 ,  0.5999 ,  0.6602 ,  0.9793 ,
 -0.0809 ,  0.0813 , -0.3182 , -1.6622 ,  0.4793 ,  0.6541 ,
  0.0003 ,  0.1220 , -0.1589 ,  0.5953 , -0.0242 ,  0.6522 ,
  0.0000 ,  0.0000 ,  0.0000 , -1.5497 ,  0.0000 ,  1.6262 ,
  0.0405 ,  0.0406 ,  0.0003 , -0.0618 ,  2.5441 ,  0.3252 ,
 -0.0001 ,  0.1217 , -0.3175 , -0.1746 ,  1.8420 ,  0.0036 ,
 -0.1213 , -0.0810 , -0.0011 ,  0.1240 , -0.1731 ,  0.0000 ,
  0.0791 ,  0.0388 , -0.7925 , -0.8126 ,  0.1143 ,  0.0089 ,
  0.1215 ,  0.1217 ,  0.0010 , -0.1854 ,  2.6544 ,  0.6504 ,
  0.0801 ,  0.0398 , -0.3165 , -2.3770 ,  3.2277 ,  0.3288 ,
  0.0402 ,  0.0403 , -0.1583 , -0.8318 ,  1.2989 ,  0.6522 ,
 -0.0807 ,  0.0408 , -0.1595 , -0.8308 ,  1.7324 ,  1.3027 ,
  0.0811 ,  0.0408 ,  0.1585 , -0.8394 ,  0.7409 ,  0.6437 ,
 -0.0001 ,  0.0405 , -0.1587 , -0.8315 ,  1.2359 ,  0.9775 ,
  0.0794 ,  0.0391 , -0.6338 ,  0.7322 ,  1.3596 ,  0.9828 ,
  0.0812 ,  0.0404 ,  0.1581 , -1.6299 ,  0.7395 ,  0.0123 ,
 -0.0404 ,  0.1219 , -0.3179 , -0.9491 ,  1.1567 ,  1.3045 ,
  0.0000 ,  0.0000 ,  0.0000 ,  0.0000 ,  0.6223 ,  0.3252 ,
  0.0001 ,  0.1624 , -0.3176 , -1.0110 ,  1.2118 ,  0.0036 ,
 -0.0412 , -0.0412 , -0.3176 , -0.7033 ,  1.1879 ,  0.3288 ,
  0.0802 , -0.0007 , -0.1578 , -1.5455 ,  1.3696 ,  1.3027 ,
  0.0800 ,  0.0802 , -0.4752 , -3.9833 ,  0.7302 ,  0.0053 ,
  0.1211 ,  0.0402 ,  0.0011 , -0.8374 ,  4.5372 ,  1.3009 ,
  0.1202 , -0.0012 , -0.3161 ,  0.7836 ,  1.4318 ,  0.3288 ,
  0.1212 ,  0.1214 , -0.1577 , -0.9554 ,  0.7868 ,  0.6522 ,
  0.0805 ,  0.0401 , -0.1579 , -1.6070 , -0.5050 , -0.3235 ,
  0.0398 ,  0.0400 , -0.3170 , -1.6018 , -0.5687 ,  0.6540 ,
  0.2021 ,  0.1213 ,  0.0018 , -0.9610 ,  2.7803 ,  0.6504 ,
  0.1210 ,  0.0806 , -0.1576 , -0.8939 ,  2.0391 ,  0.3270 ,
 -0.0008 ,  0.0398 , -0.4760 , -0.0468 , -0.0101 ,  1.3063 ,
  0.0400 ,  0.0807 , -0.3170 , -0.8884 ,  0.0458 ,  1.3045 ,
 -0.0010 , -0.0009 , -0.4759 , -0.7602 ,  1.2422 ,  0.0053 ,
  0.1217 ,  0.1625 ,  0.0009 , -1.7966 ,  0.7798 ,  0.9757 ,
  0.1607 ,  0.0394 , -0.3157 , -0.8279 ,  0.2424 ,  0.3288 ,
 -0.0804 ,  0.0412 , -0.0009 , -0.8357 , -1.3784 ,  0.6505 ,
  0.0399 ,  0.1212 , -0.4757 , -0.9449 ,  1.9040 ,  0.6558 ,
  0.1216 ,  0.2029 , -0.1578 , -1.8531 ,  2.6380 ,  0.6522 ,
  0.1211 ,  0.0402 ,  0.0011 , -3.1621 ,  0.8032 ,  0.6504 ,
  0.0400 ,  0.0807 , -0.3170 , -0.8884 ,  0.0458 ,  0.0036 ,
  0.0406 ,  0.1218 , -0.1585 , -0.1798 ,  1.9056 ,  0.9775 ,
  0.1201 ,  0.1205 , -0.6336 , -0.1659 ,  2.0292 ,  0.6576 ,
  0.0408 ,  0.0408 ,  0.1574 , -1.6258 ,  1.9127 , -0.2988 ,
 -0.0403 ,  0.0002 , -0.0004 , -0.7745 ,  2.4261 , -0.3252 ,
 -0.0410 , -0.0004 , -0.3177 , -0.7647 ,  1.8024 ,  0.3288 ,
  0.0401 , -0.0410 ,  0.0005 , -1.4887 ,  0.6930 ,  0.3252 ,
  0.0398 ,  0.0400 , -0.3170 , -1.6018 ,  2.5426 ,  0.6540 ,
 -0.0399 ,  0.0005 ,  0.1582 , -1.5544 ,  1.8046 ,  0.6487 ,
 -0.0814 ,  0.0402 , -0.4768 , -2.3708 ,  0.4864 ,  0.9811 ,
  0.0003 ,  0.1220 , -0.1589 , -1.7293 ,  0.5981 ,  0.3270 ,
 -0.0403 ,  0.0002 , -0.0004 , -0.7745 , -0.0629 ,  0.6505 ,
 -0.0406 , -0.0001 , -0.1590 , -0.7697 ,  2.4253 ,  0.9775 ,
 -0.0001 ,  0.1217 , -0.3175 , -4.0490 ,  1.2197 ,  0.6541 ,
  0.1200 , -0.0420 , -0.3160 , -0.7047 ,  0.8173 ,  0.9793 ,
  0.0799 , -0.0010 , -0.3165 ,  2.3336 ,  2.6134 ,  0.6540 ,
  0.0803 ,  0.0805 , -0.3166 , -1.6636 ,  1.3533 ,  0.0036 ,
 -0.0006 ,  0.0806 , -0.4761 ,  1.4415 ,  1.2266 ,  1.3063 ,
  0.0399 , -0.0005 , -0.1582 , -0.7703 ,  1.3067 ,  0.3270 ,
  0.0808 ,  0.0404 ,  0.0007 , -0.0622 ,  0.7403 ,  0.6504 ,
 -0.0404 ,  0.0406 , -0.1591 , -0.8311 , -0.0715 ,  0.0018 ,
 -0.1223 , -0.0007 , -0.6358 ,  0.0206 ,  1.0527 ,  1.3081 ,
 -0.0410 , -0.0004 , -0.3177 , -0.7647 ,  2.4246 ,  0.3288 ,
 -0.0408 ,  0.0403 , -0.3178 , -0.0513 ,  0.5500 ,  0.6541 ,
  0.0812 ,  0.0815 ,  0.1584 , -0.9016 ,  0.7308 ,  0.9661 ,
 -0.0404 ,  0.0406 , -0.1591 , -0.0562 , -0.0715 ,  0.6522 ,
 -0.0812 , -0.1219 , -0.0006 , -0.5898 , -0.1024 ,  0.9757 ,
  0.0399 , -0.0005 , -0.1582 ,  0.7793 ,  1.3067 ,  0.6522 ,
 -0.0402 ,  0.1626 , -0.3180 , -1.7855 ,  0.5266 ,  0.9793 ,
  0.0398 ,  0.0400 , -0.3170 , -0.8269 ,  0.6759 ,  0.6540 ,
  0.0801 ,  0.0398 , -0.3165 , -0.0524 ,  1.9834 ,  0.9793 ,
 -0.1216 , -0.0000 , -0.3185 ,  0.7856 ,  2.2987 ,  0.3288 ,
 -0.0809 ,  0.0813 , -0.3182 , -0.8874 ,  0.4793 ,  0.6541 ,
 -0.0005 ,  0.0401 , -0.3174 , -0.0517 ,  1.8576 ,  0.3288 ,
  0.0005 ,  0.1627 , -0.1589 ,  0.5339 ,  1.8348 ,  0.3270 ,
  0.0800 ,  0.0802 , -0.4752 , -0.8838 ,  1.3525 ,  0.9811 ,
  0.0795 ,  0.1204 , -0.7926 , -1.7104 ,  1.3432 ,  0.6594 ,
  0.1216 ,  0.1216 ,  0.1580 , -1.7490 ,  2.0228 ,  0.3466 ,
  0.0805 ,  0.0401 , -0.1579 , -0.8322 ,  1.9841 ,  0.9775 ,
 -0.1217 ,  0.0404 , -0.4772 , -0.0457 ,  0.4235 ,  0.3306 ,
  0.0802 ,  0.1210 , -0.4753 , -0.9453 ,  0.7224 ,  0.3306 ,
  0.0397 , -0.0413 , -0.1582 , -0.7089 ,  0.6922 ,  0.3270 ,
 -0.0006 ,  0.0806 , -0.4761 , -2.4331 ,  1.8489 ,  0.9811 ,
  0.1212 ,  0.1214 , -0.1577 , -0.1805 ,  0.7868 ,  1.3027 ,
  0.0805 ,  0.0401 , -0.1579 , -0.0573 ,  3.2285 ,  0.9775 ,
  0.0006 ,  0.1223 , -0.0002 , -0.9592 , -0.0234 ,  0.0000 ,
 -0.0002 , -0.0408 ,  0.0001 , -0.7134 ,  0.0078 ,  1.3009 ,
  0.0002 ,  0.0408 , -0.0001 ,  0.7133 ,  0.6144 , -0.3252 ,
  0.1214 ,  0.1622 , -0.1577 , -2.5667 , -0.4655 ,  0.9775 ,
  0.0800 ,  0.1614 , -0.6340 ,  0.5479 ,  2.5808 ,  1.3080 ,
  0.0410 ,  0.2033 , -0.1586 , -1.0776 ,  2.5121 ,  0.3270 ,
  0.0397 ,  0.0804 , -0.4757 , -0.1086 ,  1.9119 ,  0.9811 ,
  0.0813 ,  0.0002 ,  0.3181 , -0.0105 ,  0.7496 ,  1.2974 ,
  0.0398 ,  0.0400 , -0.3170 , -2.3768 ,  1.2981 ,  1.6297 ,
  0.0397 ,  0.0804 , -0.4757 , -2.4335 ,  1.2895 ,  0.3306 ,
 -0.0403 ,  0.0002 , -0.0004 , -0.7745 ,  0.5593 ,  0.0000 ,
  0.0793 , -0.0421 , -0.4750 , -0.6995 ,  0.7536 ,  0.3306 ,
 -0.0402 ,  0.1626 , -0.3180 , -0.2357 ,  1.1489 ,  0.3288 ,
 -0.0399 ,  0.0817 , -0.0006 , -0.1226 , -0.0785 ,  0.0000 ,
 -0.0017 , -0.0015 , -0.7932 , -2.3002 ,  1.2408 ,  0.3341 ,
  0.0805 ,  0.1213 , -0.3167 , -2.4998 ,  0.1009 ,  0.6540 ,
  0.0401 ,  0.1619 , -0.4758 ,  1.3182 , -0.5929 ,  0.0053 ,
  0.0807 ,  0.0808 , -0.1580 , -0.1187 ,  0.7317 ,  0.0018 ,
  0.0801 ,  0.0398 , -0.3165 ,  1.4973 ,  1.3610 ,  0.0036 ,
  0.0799 , -0.0010 , -0.3165 , -1.5407 ,  1.3689 ,  0.6540 ,
  0.0401 ,  0.1619 , -0.4758 , -1.7813 ,  1.2739 ,  0.6558 ,
  0.0799 , -0.0010 , -0.3165 , -0.7658 ,  0.1243 ,  0.3288 ,
  0.0010 ,  0.2038 , -0.0004 , -1.8570 ,  1.8277 ,  0.9757 ,
  0.0795 ,  0.1204 , -0.7926 , -2.4854 ,  0.0987 ,  1.3098 ,
 -0.1212 ,  0.0815 , -0.3186 , -0.1121 , -0.2059 ,  0.3288 ,
 -0.0804 ,  0.0412 , -0.0009 , -0.0608 ,  1.7331 ,  0.6505 ,
  0.0399 ,  0.1212 , -0.4757 , -2.4948 ,  0.6595 ,  0.9811 ,
 -0.0001 ,  0.0405 , -0.1587 , -0.8315 ,  0.6137 ,  0.3270 ,
  0.0399 , -0.0005 , -0.1582 , -0.7703 ,  1.3067 ,  0.3270 ,
  0.0001 ,  0.0812 , -0.1588 , -0.8930 ,  1.2282 ,  0.9775 ,
  0.0400 ,  0.0807 , -0.3170 , -0.1135 ,  1.2904 ,  0.0036 ,
 -0.0006 ,  0.0806 , -0.4761 , -1.6580 ,  2.4712 ,  1.3063 ,
 -0.0801 ,  0.1631 , -0.1597 ,  0.5346 ,  0.4644 ,  1.3027 ,
 -0.0818 , -0.0413 , -0.4766 , -0.6980 ,  1.1242 ,  0.3306 ,
  0.0008 ,  0.1631 , -0.0003 , -1.7956 ,  0.5910 ,  0.3252 ,
  0.0406 ,  0.1218 , -0.1585 , -2.5047 ,  0.0387 ,  0.6522 ,
 -0.0802 ,  0.0819 , -0.0010 , -0.8971 ,  1.7254 ,  1.6262 ,
 -0.0410 , -0.0004 , -0.3177 , -1.5396 ,  1.8024 ,  0.6541 ,
 -0.0406 ,  0.0811 , -0.3178 , -1.6626 ,  1.7869 ,  0.3288 ,
  0.0006 ,  0.0411 ,  0.1586 , -1.6162 ,  2.4820 , -0.0018 ,
  0.0002 ,  0.0408 , -0.0001 ,  0.7133 ,  0.6144 , -0.3252 ,
  0.1205 ,  0.1208 , -0.4749 , -1.7205 ,  0.7853 ,  1.3063 ,
  0.0404 ,  0.0810 , -0.1584 , -0.8932 ,  0.6688 ,  0.3270 ,
  0.0800 ,  0.0802 , -0.4752 ,  0.6659 ,  1.9748 ,  0.9811 ,
 -0.0007 , -0.0006 , -0.3173 , -0.7651 , -1.8685 ,  0.3288 ,
  0.1211 ,  0.0402 ,  0.0011 ,  0.7123 ,  1.4255 ,  0.9757 ,
 -0.0404 ,  0.0406 , -0.1591 , -0.0562 ,  2.4176 ,  1.6278 ,
 -0.0001 ,  0.0405 , -0.1587 , -0.0566 , -0.0086 ,  0.9775 ,
 -0.0407 ,  0.1216 , -0.4765 , -0.1694 ,  0.5336 ,  0.3306 ,
  0.0392 , -0.0011 , -0.4755 , -1.5355 ,  0.0607 ,  0.0053 ,
 -0.0401 ,  0.0410 , -0.0005 , -0.0611 ,  0.5515 ,  0.6505 ,
  0.0794 ,  0.0391 , -0.6338 , -0.8175 ,  0.1150 ,  1.3080 ,
 -0.0404 ,  0.1219 , -0.3179 , -0.1742 ,  1.1567 ,  0.9793 ,
  0.0002 ,  0.0408 , -0.0001 , -0.8363 ,  1.2367 ,  0.0000 ,
 -0.0006 , -0.0411 , -0.1586 , -1.4835 ,  0.0071 ,  0.0018 ,
  0.0404 ,  0.0810 , -0.1584 , -0.8932 ,  1.2910 ,  0.0018 ,
 -0.0008 , -0.0818 , -0.1585 ,  0.9026 ,  1.2594 ,  0.3270 ,
 -0.0404 ,  0.1219 , -0.3179 , -0.1742 ,  2.4011 ,  0.6541 ,
 -0.0401 ,  0.0410 , -0.0005 , -0.0611 ,  1.7961 ,  0.0000 ,
  0.1214 , -0.0407 ,  0.3185 ,  0.8296 ,  0.8154 ,  0.9540 ,
 -0.0003 , -0.0003 , -0.1586 , -0.7700 ,  1.8661 , -0.3234 ,
 -0.0812 ,  0.0810 , -0.4769 , -0.1076 ,  1.7231 ,  0.0054 ,
 -0.0003 , -0.0003 , -0.1586 ,  0.0049 ,  0.6215 ,  0.6522 ,
  0.0390 , -0.0419 , -0.4754 ,  0.0758 ,  1.3130 ,  0.9811 ,
  0.0407 ,  0.0813 ,  0.0003 ,  0.6516 ,  0.0473 , -0.0000 ,
  0.0402 ,  0.0403 , -0.1583 , -0.0569 ,  1.9211 ,  0.3270 ,
  0.2017 ,  0.2427 , -0.4743 , -1.1307 ,  1.5100 ,  0.6558 ,
 -0.0005 ,  0.0401 , -0.3174 , -1.6015 ,  1.8576 ,  0.9793 ,
  0.0400 ,  0.0807 , -0.3170 , -0.8884 ,  1.2904 , -0.3217 ,
 -0.0411 , -0.0817 , -0.1589 , -0.6467 ,  1.1965 ,  0.6522 ,
 -0.1607 ,  0.1635 , -0.1606 , -1.0144 ,  0.9609 ,  0.3270 ,
  0.0010 ,  0.1226 ,  0.1584 , -0.1893 , -0.0227 ,  1.2992 ,
  0.0810 ,  0.0811 ,  0.0007 , -2.4484 ,  0.7325 ,  0.3252 ,
 -0.0810 , -0.0811 , -0.0007 , -0.6513 ,  0.5120 ,  0.6505 ,
 -0.0400 ,  0.1222 , -0.1593 , -2.5037 ,  1.1574 ,  0.6522 ,
  0.1219 ,  0.2032 ,  0.0008 ,  0.4665 ,  1.3943 ,  0.3252 ,
 -0.0818 ,  0.0399 , -0.6354 ,  0.7336 ,  1.7302 ,  1.3081 ,
  0.0399 , -0.0817 ,  0.0006 , -0.6523 ,  1.3231 , -0.3253 ,
  0.0398 ,  0.0400 , -0.3170 , -2.3768 ,  1.2981 ,  0.3288 ,
 -0.2020 ,  0.0411 , -0.3194 , -0.8248 , -0.3239 ,  0.9793 ,
 -0.0407 ,  0.1216 , -0.4765 , -0.9442 , -0.0886 ,  0.6558 ,
  0.0798 ,  0.0395 , -0.4752 , -1.5973 ,  1.3603 ,  0.3306 ,
 -0.0403 ,  0.0002 , -0.0004 , -0.7745 ,  1.1816 ,  0.9757 ,
  0.0798 ,  0.0395 , -0.4752 , -2.3722 ,  1.9826 ,  0.3306 ,
 -0.0411 ,  0.0400 , -0.4764 , -0.0464 , -0.6953 , -0.3199 ,
 -0.0008 ,  0.0398 , -0.4760 , -2.3716 , -0.0101 ,  0.3306 ,
 -0.0014 , -0.0012 , -0.6346 , -1.5302 , -0.0030 ,  0.9828 ,
 -0.1205 ,  0.0821 , -0.0014 , -0.1219 ,  1.0400 ,  0.0000 ,
  0.0804 ,  0.1618 , -0.4754 , -0.2319 ,  0.0923 ,  0.3306 ,
  0.0397 , -0.0413 , -0.1582 , -0.7089 ,  2.5588 ,  1.3027 ,
  0.1607 ,  0.0394 , -0.3157 , -0.8279 ,  2.1091 , -0.3217 ,
  0.0002 ,  0.0408 , -0.0001 , -0.0615 ,  1.2367 , -0.3252 ,
  0.0395 ,  0.0396 , -0.4756 , -0.8220 ,  0.6751 ,  0.6558 ,
 -0.1221 , -0.0411 , -0.4771 , -0.6977 ,  1.0613 ,  0.6558 ,
  0.0807 ,  0.0808 , -0.1580 , -0.8936 ,  0.7317 ,  0.3270 ,
  0.0396 , -0.0008 , -0.3169 , -0.7654 ,  1.9283 ,  1.6297 ,
 -0.0796 ,  0.2448 ,  0.3141 , -1.9421 ,  0.4352 , -0.0034 ,
 -0.0005 ,  0.0401 , -0.3174 , -0.8266 , -0.0093 ,  0.0036 ,
 -0.0006 ,  0.0806 , -0.4761 , -0.8831 ,  0.6044 ,  0.6558 ,
  0.0800 , -0.1227 ,  0.0010 , -0.5912 ,  1.3938 ,  0.9757 ,
  0.0802 , -0.0007 , -0.1578 , -2.3205 ,  1.3696 ,  1.3027 ,
 -0.1212 ,  0.0003 , -0.1599 ,  0.0059 ,  0.4328 ,  0.6523 ,
  0.0399 ,  0.1212 , -0.4757 , -1.7198 ,  0.0372 ,  0.0053 ,
  0.0390 , -0.0419 , -0.4754 , -1.4740 ,  0.0685 ,  0.3306 ,
 -0.1205 ,  0.0009 ,  0.1574 , -2.3284 ,  0.4343 ,  1.2992 ,
 -0.0007 , -0.0006 , -0.3173 , -2.3151 ,  1.8653 ,  0.3288 ,
 -0.0002 , -0.0408 ,  0.0001 ,  0.0615 , -0.6145 ,  0.3252 ,
 -0.0797 ,  0.0822 ,  0.3161 , -0.9055 , -0.1383 ,  1.0013 ,
  0.0810 ,  0.0811 ,  0.0007 , -0.1236 ,  1.3548 ,  0.6504 ,
 -0.0405 , -0.0406 , -0.0003 , -1.4879 ,  1.1894 ,  0.9757 ,
  0.0401 ,  0.1619 , -0.4758 , -1.0064 ,  0.6517 ,  0.3306 ,
 -0.0006 ,  0.0806 , -0.4761 ,  0.6666 ,  0.6044 ,  0.0053 ,
 -0.0012 ,  0.0395 , -0.6346 , -1.5917 ,  1.8560 ,  0.3323 ,
  0.1208 ,  0.0399 , -0.1575 , -0.8325 ,  0.8025 ,  0.3270 ,
  0.0006 ,  0.1223 , -0.0002 ,  0.5904 ,  2.4654 , -0.6505 ,
  0.0809 ,  0.1216 , -0.1581 , -0.9551 ,  1.3462 ,  1.3027 ,
 -0.0002 ,  0.1621 , -0.4762 , -2.5559 ,  2.4555 , -0.3199 ,
 -0.0807 ,  0.0408 , -0.1595 , -2.3807 , -0.1344 ,  0.0018 ,
  0.0407 ,  0.0813 ,  0.0003 , -0.8982 ,  1.9141 ,  0.3252 ,
  0.0404 ,  0.0810 , -0.1584 , -0.8932 ,  0.6688 ,  0.6522 ,
 -0.0005 ,  0.0401 , -0.3174 , -0.8266 ,  0.6129 ,  0.6541 ,
  0.0002 ,  0.0408 , -0.0001 ,  0.7133 ,  1.8590 , -0.3252 ,
 -0.0008 ,  0.1211 , -0.6348 , -1.7146 ,  1.2181 ,  0.0071 ,
  0.0792 , -0.0016 , -0.6337 ,  0.7937 , -0.4995 ,  0.9828 ,
  0.0400 ,  0.0807 , -0.3170 , -2.4382 ,  2.5349 ,  0.3288 ,
  0.0406 ,  0.1218 , -0.1585 , -0.1798 ,  0.6610 ,  0.3270 ,
  0.0001 ,  0.0812 , -0.1588 , -0.1180 , -0.6387 ,  1.3027 ,
  0.0403 , -0.0002 ,  0.0004 , -0.0003 ,  1.3074 ,  0.9757 ,
 -0.0409 , -0.0409 , -0.1590 , -3.0329 ,  1.8109 ,  0.0018 ,
 -0.0005 ,  0.0401 , -0.3174 , -0.0517 ,  0.6129 ,  1.6297 ,
  0.1202 , -0.0012 , -0.3161 , -0.7661 ,  0.1873 ,  0.6540 ,
 -0.0805 ,  0.0816 , -0.1596 , -0.1173 ,  2.3468 ,  0.6523 ,
  0.0404 ,  0.1623 , -0.3172 ,  0.5384 ,  0.6524 ,  0.6541 ,
 -0.0809 ,  0.0813 , -0.3182 , -0.8874 ,  0.4793 ,  0.6541 ,
  0.0798 ,  0.0395 , -0.4752 , -1.5973 ,  0.1158 ,  0.0053 ,
  0.0798 ,  0.0395 , -0.4752 , -0.8224 ,  0.7380 ,  0.6558 ,
  0.0396 , -0.0008 , -0.3169 , -0.7654 ,  1.3059 ,  0.3288 ,
  0.0396 , -0.0008 , -0.3169 , -1.5403 ,  0.6837 ,  0.6540 ,
  0.0805 ,  0.0401 , -0.1579 , -0.8322 ,  0.1173 , -0.3235 ,
 -0.0003 ,  0.0809 , -0.3174 , -0.1131 ,  1.2274 ,  0.0036 ,
 -0.0406 ,  0.0811 , -0.3178 , -2.4374 ,  0.5422 ,  0.6541 ,
  0.0802 ,  0.1210 , -0.4753 , -1.7202 ,  0.7224 ,  0.6558 ,
 -0.0003 ,  0.0809 , -0.3174 , -0.1131 ,  1.2274 ,  0.6541 ,
 -0.0013 ,  0.0800 , -0.7933 , -0.0985 ,  1.8474 ,  0.6594 ,
  0.0396 , -0.0008 , -0.3169 , -1.5403 ,  1.9283 ,  1.3045 ,
 -0.0413 , -0.0007 , -0.4763 ,  0.0150 ,  0.5571 , -0.6451 ,
  0.1200 ,  0.0393 , -0.4748 , -0.8227 ,  0.1787 ,  0.3306 ,
  0.0806 , -0.0004 ,  0.0008 , -0.0007 ,  1.9927 ,  0.9757 ,
  0.0408 ,  0.1225 ,  0.1583 , -0.1896 ,  0.6592 , -0.0012 ,
  0.0802 ,  0.1210 , -0.4753 , -0.9453 ,  1.9669 ,  0.3306 ,
  0.0408 ,  0.1224 ,  0.1587 ,  0.5837 ,  0.6516 , -0.3188 ,
 -0.0807 ,  0.0408 , -0.1595 , -1.6056 ,  2.9768 ,  0.3270 ,
  0.0799 , -0.0010 , -0.3165 ,  0.0091 ,  1.3689 , -0.6469 ,
  0.0410 ,  0.0004 ,  0.3177 ,  0.7646 ,  1.3089 ,  0.6469 ,
  0.0397 ,  0.0804 , -0.4757 , -0.8835 ,  1.9119 ,  1.3063 ,
 -0.0404 ,  0.0406 , -0.1591 ,  2.2682 ,  1.7953 ,  0.0018 ,
  0.0003 ,  0.1220 , -0.1589 , -1.7293 ,  1.2203 ,  0.3270 ,
  0.1199 , -0.1232 , -0.1572 , -1.3616 ,  0.2114 ,  0.6522 ,
 -0.1212 ,  0.0003 , -0.1599 , -0.7690 ,  1.0550 ,  0.6523 ,
  0.0405 ,  0.0406 ,  0.0003 , -0.8367 ,  1.2996 , -0.0000 ,
 -0.0809 ,  0.0001 , -0.1594 , -1.5442 ,  0.4957 ,  1.3027 ,
  0.1209 , -0.0006 ,  0.0012 ,  0.7737 ,  1.4333 ,  0.6504 ,
  0.0004 ,  0.0815 , -0.0002 , -2.4475 ,  1.2288 ,  0.3252 ,
  0.0006 ,  0.0411 ,  0.1586 ,  0.7084 ,  2.4820 , -0.0018 ,
  0.0000 ,  0.0000 ,  0.0000 , -2.3245 , -1.2446 ,  0.9757 ,
  0.1221 , -0.0403 ,  0.3165 , -2.2844 ,  2.0691 ,  0.6735 ,
 -0.0001 ,  0.0405 , -0.1587 ,  0.7182 ,  1.8582 , -0.3234 ,
  0.0400 ,  0.0807 , -0.3170 , -0.1135 ,  1.2904 ,  0.3288 ,
  0.0802 , -0.0007 , -0.1578 ,  0.7790 ,  1.9919 ,  0.0018 ,
 -0.0016 , -0.0420 , -0.6345 , -2.2437 ,  1.2493 ,  0.3323 ,
  0.0393 ,  0.0801 , -0.6343 , -1.6535 ,  1.2888 ,  0.3323 ,
  0.0400 ,  0.0807 , -0.3170 , -1.6632 ,  1.9127 ,  0.9793 ,
  0.0398 ,  0.0400 , -0.3170 , -0.8269 ,  1.2981 , -0.3217 ,
 -0.0001 ,  0.0405 , -0.1587 , -1.6064 , -0.0086 ,  0.9775 ,
 -0.0404 ,  0.0819 ,  0.1573 , -0.1246 ,  1.1667 ,  0.0000 ,
  0.0397 , -0.0413 , -0.1582 ,  0.8408 ,  0.0700 ,  0.6522 ,
  0.0405 ,  0.0406 ,  0.0003 , -1.6116 ,  1.2996 ,  0.3252 ,
 -0.0820 , -0.0009 , -0.6354 , -0.7546 ,  0.4934 ,  0.0071 ,
 -0.0400 ,  0.0416 ,  0.3154 , -0.8276 ,  1.8035 , -0.3232 ,
  0.0406 ,  0.1218 , -0.1585 , -0.9547 ,  1.2833 ,  1.3027 ,
 -0.0005 ,  0.0401 , -0.3174 ,  1.4979 ,  1.2353 , -0.3217 ,
  0.1204 ,  0.0396 , -0.3161 , -1.6025 ,  0.8017 ,  0.3288 ,
  0.1607 ,  0.0394 , -0.3157 ,  0.7217 ,  2.7314 , -0.3217 ,
  0.0803 ,  0.0805 , -0.3166 , -0.8887 ,  0.7310 ,  0.0036 ,
  0.0801 ,  0.0398 , -0.3165 ,  1.4973 ,  1.3610 ,  0.6540 ,
 -0.0004 ,  0.2026 , -0.6350 , -1.0626 , -0.0420 ,  0.3323 ,
  0.1213 ,  0.0810 ,  0.0011 , -0.1240 ,  1.4176 ,  0.9757 ,
 -0.0404 ,  0.0406 , -0.1591 ,  0.7186 ,  1.7953 ,  0.6522 ,
  0.0809 ,  0.2028 , -0.3169 , -1.8479 ,  2.5742 ,  0.6540 ,
 -0.0001 ,  0.0405 , -0.1587 , -1.6064 ,  0.6137 ,  0.6522 ,
 -0.0403 ,  0.0414 ,  0.1576 , -0.0637 ,  1.1760 ,  0.6463 ,
 -0.0007 , -0.0006 , -0.3173 ,  0.0098 ,  1.2430 ,  0.3288 ,
  0.1208 ,  0.0399 , -0.1575 , -0.0576 ,  2.0470 ,  0.3270 ,
  0.0799 , -0.0010 , -0.3165 , -2.3156 ,  0.7466 ,  0.0036 ,
  0.0398 ,  0.0400 , -0.3170 , -0.8269 ,  1.2981 ,  0.9793 ,
 -0.0818 ,  0.0399 , -0.6354 , -2.3658 , -0.1366 , -0.9686 ,
 -0.0817 , -0.0818 , -0.3179 , -1.4164 , -0.1117 ,  0.6541 ,
  0.0010 ,  0.1226 ,  0.1584 , -0.9642 ,  1.2218 ,  0.6487 ,
  0.0805 ,  0.0401 , -0.1579 , -0.8322 ,  1.3617 ,  0.0018 ,
  0.0806 , -0.0004 ,  0.0008 , -0.7756 ,  0.7481 ,  0.6504 ,
 -0.0010 ,  0.0803 , -0.6347 , -0.8782 ,  1.8482 ,  0.3323 ,
 -0.0001 ,  0.0405 , -0.1587 , -3.1562 ,  0.6137 ,  0.9775 ,
 -0.0404 ,  0.0406 , -0.1591 , -0.0562 , -0.0715 ,  0.3270 ,
  0.0802 ,  0.1210 , -0.4753 , -0.9453 ,  1.3446 ,  0.9811 ,
  0.0810 ,  0.0811 ,  0.0007 , -0.8985 ,  0.1102 , -0.3253 ,
  0.0805 ,  0.0401 , -0.1579 ,  1.4924 ,  2.6064 ,  0.3270 ,
 -0.0011 , -0.0821 , -0.3171 , -2.1921 , -0.6082 ,  0.0036 ,
  0.0807 ,  0.0808 , -0.1580 , -2.4434 ,  0.7317 ,  0.0018 ,
 -0.0817 , -0.0818 , -0.3179 ,  0.1334 ,  2.3773 ,  0.6541 ,
 -0.0400 ,  0.1222 , -0.1593 , -0.1791 ,  0.5352 ,  0.9775 ,
 -0.0003 ,  0.0809 , -0.3174 , -3.9877 ,  0.6051 ,  0.6541 ,
  0.2017 ,  0.0398 ,  0.0019 , -0.0632 ,  2.1736 , -0.0000 ,
  0.0399 , -0.0005 , -0.1582 , -0.7703 ,  1.9290 ,  0.6522 ,
  0.1207 ,  0.1616 , -0.4750 , -4.1067 ,  1.3997 ,  0.3306 ,
 -0.0004 , -0.0815 ,  0.0002 , -0.6520 ,  2.5048 ,  1.6261 ,
 -0.1611 ,  0.0820 , -0.1604 , -0.1166 ,  1.5987 ,  1.3027 ,
  0.1214 ,  0.1622 , -0.1577 , -1.0168 ,  0.1568 ,  0.6522 ,
  0.0802 ,  0.1210 , -0.4753 , -0.9453 ,  0.1002 ,  0.6558 ,
  0.0396 , -0.0008 , -0.3169 ,  0.0094 ,  3.1726 ,  0.0036 ,
  0.0395 ,  0.0396 , -0.4756 , -1.5969 ,  0.6751 ,  0.3306 ,
 -0.0408 ,  0.0403 , -0.3178 , -0.0513 ,  2.4167 ,  0.9793 ,
  0.0803 ,  0.0805 , -0.3166 , -0.8887 ,  1.3533 ,  0.9793 ,
 -0.0007 , -0.0006 , -0.3173 , -1.5400 ,  1.2430 ,  0.9793 ,
  0.0002 ,  0.0408 , -0.0001 , -0.0615 , -1.2525 ,  0.6505 ,
 -0.0008 ,  0.0398 , -0.4760 , -0.8217 ,  2.4790 ,  0.0053 ,
 -0.0807 ,  0.1221 , -0.3183 , -1.7236 ,  0.4715 , -0.3217 ,
 -0.0017 , -0.0015 , -0.7932 ,  0.7993 ,  1.8631 ,  0.6594 ,
  0.0004 ,  0.0815 , -0.0002 , -1.6727 ,  0.6066 ,  0.3252 ,
 -0.0409 , -0.0409 , -0.1590 , -0.7082 ,  3.0553 ,  0.3270 ,
 -0.0409 , -0.0409 , -0.1590 , -0.7082 , -0.0559 ,  0.6522 ,
 -0.0807 ,  0.0408 , -0.1595 ,  0.7189 ,  0.4879 ,  0.6523 ,
  0.1208 ,  0.0399 , -0.1575 , -1.6073 ,  0.1802 ,  0.6522 ,
  0.0412 ,  0.0413 ,  0.3176 ,  0.7060 ,  0.6731 ,  0.6329 ,
 -0.0010 , -0.0009 , -0.4759 , -2.3102 ,  2.4868 ,  0.3306 ,
  0.1196 ,  0.0794 , -0.7921 , -2.4243 ,  0.1694 , -0.3163 ,
 -0.0015 , -0.0825 , -0.4758 , -1.4122 ,  0.6356 ,  0.6558 ,
  0.0396 , -0.0008 , -0.3169 , -1.5403 ,  1.3059 ,  0.6540 ,
 -0.0809 ,  0.0813 , -0.3182 , -1.6622 ,  0.4793 ,  0.9793 ,
 -0.0410 , -0.0004 , -0.3177 , -1.5396 ,  0.5578 ,  0.9793 ,
 -0.0008 ,  0.0398 , -0.4760 , -0.0468 ,  0.6122 ,  0.6558 ,
  0.0807 ,  0.0808 , -0.1580 ,  0.6561 ,  0.7317 ,  0.6522 ,
  0.0402 ,  0.0403 , -0.1583 , -1.6066 ,  0.0544 ,  0.3270 ,
  0.0379 , -0.0024 , -1.1100 ,  0.0339 ,  0.6799 ,  0.6629 ,
 -0.0406 , -0.0001 , -0.1590 , -1.5446 ,  1.1808 ,  0.0018 ,
 -0.0406 , -0.0001 , -0.1590 , -0.7697 ,  1.8031 ,  0.9775 ,
  0.0398 ,  0.0400 , -0.3170 , -0.0520 ,  0.6759 ,  0.3288 ,
 -0.1225 , -0.0414 , -0.6357 , -0.6928 ,  1.0606 ,  0.9828 ,
  0.0807 ,  0.0808 , -0.1580 , -0.1187 ,  1.3540 ,  0.0018 ,
 -0.0416 , -0.0415 , -0.4762 , -0.6984 , -0.0574 ,  0.0053 ,
  0.0802 , -0.0007 , -0.1578 , -1.5456 ,  2.6139 ,  0.0018 ,
  0.0006 ,  0.1223 , -0.0002 , -1.7341 , -0.0234 ,  0.3252 ,
 -0.1224 , -0.0819 , -0.4770 , -1.4111 , -0.1754 ,  0.6558 ,
  0.0001 ,  0.0812 , -0.1588 , -3.2177 ,  2.4725 ,  0.9775 ,
  0.0401 , -0.0410 ,  0.0005 ,  0.8359 ,  0.6930 , -0.0000 ,
 -0.0012 ,  0.0395 , -0.6346 , -1.5917 ,  0.6115 ,  0.3323 ,
  0.0407 ,  0.0813 ,  0.0003 , -0.1233 ,  2.5364 ,  0.6504 ,
  0.0405 , -0.0401 ,  0.1590 ,  0.0580 ,  1.9457 ,  0.3189 ,
 -0.0410 , -0.0004 , -0.3177 , -0.7647 ,  0.5578 ,  0.3288 ,
 -0.0413 , -0.0007 , -0.4763 , -1.5348 ,  1.1793 , -0.3199 ,
  0.1214 ,  0.1622 , -0.1577 , -2.5667 ,  2.0235 ,  0.0018 ,
 -0.0402 ,  0.0814 , -0.1592 , -2.4424 ,  1.1652 ,  0.9775 ,
 -0.0809 ,  0.0813 , -0.3182 , -0.8874 , -0.1430 ,  0.6541 ,
 -0.0401 ,  0.0410 , -0.0005 , -0.0611 ,  1.1737 ,  0.0000 ,
  0.0403 , -0.0002 ,  0.0004 , -3.8749 ,  0.6852 ,  0.6504 ,
 -0.0807 ,  0.0408 , -0.1595 , -0.8308 , -0.1344 ,  0.3270 ,
  0.0396 , -0.0008 , -0.3169 , -2.3153 ,  1.3059 ,  0.3288 ,
 -0.0006 ,  0.0806 , -0.4761 , -2.4331 ,  1.2266 ,  0.0053 ,
  0.0002 ,  0.0408 , -0.0001 , -1.6112 ,  1.8590 ,  0.3252 ,
 -0.0406 ,  0.0811 , -0.3178 , -3.2122 , -0.0800 ,  0.3288 ,
 -0.0004 ,  0.1214 , -0.4761 ,  0.6051 ,  0.5966 ,  0.0053 ,
  0.0393 ,  0.0801 , -0.6343 , -0.1037 ,  0.6665 ,  0.9828 ,
 -0.0001 ,  0.0405 , -0.1587 , -1.6064 ,  0.6137 ,  0.6522 ,
 -0.0020 , -0.0423 , -0.7931 ,  0.8608 ,  1.8709 ,  0.9846 ,
  0.0810 ,  0.0811 ,  0.0007 , -0.8985 ,  0.7325 ,  0.6504 ,
 -0.0798 ,  0.0419 ,  0.3162 , -0.0690 ,  0.4874 ,  0.3054 ,
  0.0398 ,  0.0400 , -0.3170 ,  1.4976 ,  1.2981 ,  0.3288 ,
 -0.0021 , -0.0019 , -0.9519 , -1.5204 , -0.0045 ,  0.6611 ,
 -0.0008 ,  0.0398 , -0.4760 , -0.0468 ,  2.4790 ,  0.3306 ,
  0.0402 ,  0.1215 , -0.3171 , -0.9498 ,  0.6602 ,  0.9793 ,
  0.0399 ,  0.1212 , -0.4757 , -1.7198 , -0.5851 ,  0.6558 ,
 -0.0005 ,  0.0401 , -0.3174 , -0.0517 ,  1.8576 ,  0.3288 ,
  0.0795 , -0.0013 , -0.4751 ,  1.5636 ,  0.7459 ,  0.3306 ,
 -0.0401 ,  0.0410 , -0.0005 ,  0.7137 ,  1.1737 ,  0.9757 ,
  0.1212 ,  0.1214 , -0.1577 , -0.9554 ,  0.1646 ,  0.6522 ,
  0.1217 ,  0.1625 ,  0.0009 , -0.2469 ,  0.7798 , -0.0000 ,
  0.0395 , -0.0820 , -0.1581 ,  0.1275 ,  1.9446 ,  1.6278 ,
 -0.0811 ,  0.0405 , -0.3182 , -1.6008 ,  2.3538 ,  0.3288 ,
 -0.0812 ,  0.0810 , -0.4769 , -0.1076 ,  1.1008 , -0.3199 ,
  0.0805 ,  0.0401 , -0.1579 , -0.8322 , -1.7497 ,  0.0018 ,
  0.0001 ,  0.0812 , -0.1588 , -0.1180 ,  0.6059 ,  0.6522 ,
 -0.0007 , -0.0006 , -0.3173 ,  0.0098 ,  1.2430 ,  0.3288 ,
 -0.0811 ,  0.0405 , -0.3182 , -1.6008 ,  1.1094 ,  0.6541 ,
  0.0810 ,  0.0811 ,  0.0007 , -0.8985 ,  0.7325 ,  0.3252 ,
  0.0395 ,  0.1209 , -0.6344 , -1.7150 ,  1.9034 ,  0.9828 ,
  0.0405 ,  0.0406 ,  0.0003 , -0.0618 ,  0.0551 , -0.3253 ,
  0.0012 ,  0.2446 , -0.0005 ,  1.1808 , -1.2916 ,  0.6505 ,
  0.0407 ,  0.0813 ,  0.0003 , -1.6730 ,  1.2918 ,  0.3252 ,
  0.0408 ,  0.1626 , -0.1585 , -1.0162 ,  1.8977 ,  0.6522 ,
  0.0398 ,  0.0400 , -0.3170 ,  0.7228 ,  1.2981 ,  0.6540 ,
 -0.1219 , -0.0003 , -0.4771 ,  0.0157 ,  0.4313 ,  0.3306 ,
  0.0808 ,  0.0404 ,  0.0007 , -0.0622 , -0.5043 ,  0.3252 ,
  0.1204 ,  0.0396 , -0.3161 , -0.0527 ,  2.0462 ,  0.6540 ,
  0.0001 ,  0.1624 , -0.3176 , -1.7859 ,  1.2118 ,  0.3288 ,
 -0.0810 ,  0.1218 , -0.4770 , -0.1690 ,  0.4708 ,  0.3306 ,
 -0.0809 ,  0.0813 , -0.3182 , -0.8874 ,  1.7239 ,  0.9793 ,
 -0.0411 ,  0.0400 , -0.4764 , -1.5962 ,  1.1715 ,  1.3063 ,
  0.0812 ,  0.1219 ,  0.0006 , -2.5098 ,  0.1024 ,  0.6504 ,
  0.0398 ,  0.0400 , -0.3170 , -3.1516 ,  0.6759 ,  0.3288 ,
  0.0394 , -0.0416 , -0.3168 , -1.4790 ,  0.0692 ,  0.6540 ,
  0.0399 ,  0.1212 , -0.4757 , -0.9449 ,  1.9040 ,  0.6558 ,
  0.0808 ,  0.0404 ,  0.0007 , -1.6119 ,  1.3625 , -0.0000 ,
 -0.0408 ,  0.0403 , -0.3178 , -1.6010 , -0.6945 ,  0.6541 ,
  0.0400 ,  0.0807 , -0.3170 , -0.8884 , -0.5765 ,  0.3288 ,
  0.0410 ,  0.2033 , -0.1586 ,  0.4721 ,  1.2676 , -0.3234 ,
  0.0810 ,  0.0811 ,  0.0007 , -1.6734 ,  1.3548 ,  0.3252 ,
  0.1209 , -0.0006 ,  0.0012 , -1.5508 ,  0.8110 ,  0.6504 ,
  0.0806 , -0.0004 ,  0.0008 , -0.7756 ,  0.7481 ,  0.3252 ,
 -0.0816 , -0.0005 , -0.4767 ,  0.7902 ,  1.1164 ,  0.6558 ,
 -0.0008 ,  0.0398 , -0.4760 , -2.3716 ,  3.1012 ,  1.3063 ,
  0.0391 ,  0.0393 , -0.6342 , -1.5921 ,  1.2966 , -0.3181 ,
  0.0404 ,  0.0810 , -0.1584 , -1.6682 ,  1.9133 ,  1.3027 ,
 -0.0401 ,  0.0821 ,  0.1578 , -2.4523 , -1.3169 , -0.0210 ,
  0.0405 ,  0.0406 ,  0.0003 , -0.8367 ,  1.9219 ,  0.3252 ,
  0.0395 , -0.0820 , -0.1581 ,  0.1275 ,  1.3222 ,  0.9775 ,
  0.0404 ,  0.0810 , -0.1584 ,  0.6565 ,  1.2910 ,  1.3027 ,
 -0.0008 ,  0.1211 , -0.6348 , -1.7146 , -0.6487 ,  0.6576 ,
  0.1210 ,  0.0806 , -0.1576 , -1.6688 , -0.4499 ,  0.0018 ,
  0.1612 ,  0.2021 , -0.4747 , -0.2940 ,  1.4548 ,  0.3306 ,
 -0.1212 ,  0.0815 , -0.3186 ,  0.6627 ,  0.4164 ,  0.0036 ,
  0.0406 ,  0.1218 , -0.1585 , -2.5047 ,  0.0387 , -0.3235 ,
  0.1602 ,  0.0795 , -0.6331 , -0.8796 ,  0.2330 ,  0.3323 ,
 -0.0406 ,  0.0811 , -0.3178 , -0.8877 ,  1.1645 ,  0.3288 ,
  0.1213 ,  0.0810 ,  0.0011 , -0.1240 ,  1.4176 , -0.0000 ,
  0.0403 , -0.0002 ,  0.0004 ,  0.7745 ,  0.0629 , -0.0000 ,
  0.0008 ,  0.1631 , -0.0003 ,  0.5290 ,  1.2132 ,  0.9757 ,
 -0.0416 ,  0.0802 , -0.7938 , -0.8730 ,  0.5400 ,  0.0089 ,
 -0.0406 , -0.0001 , -0.1590 , -1.5445 ,  1.1808 ,  0.9775 ,
 -0.0800 ,  0.1227 , -0.0010 , -0.1837 ,  0.4730 , -0.3252 ,
 -0.0411 ,  0.0400 , -0.4764 , -0.8214 ,  1.1715 ,  0.6558 ,
 -0.0003 ,  0.0809 , -0.3174 ,  0.6617 ,  1.2274 ,  0.6541 ,
 -0.0004 ,  0.1214 , -0.4761 , -3.2692 ,  1.2188 ,  0.9811 ,
 -0.0806 ,  0.0004 , -0.0008 , -0.7742 ,  0.4964 ,  0.9757 ,
  0.1200 ,  0.0393 , -0.4748 , -1.5976 ,  0.8010 ,  0.9811 ,
  0.0801 ,  0.0398 , -0.3165 , -1.6022 ,  1.9834 ,  0.6540 ,
  0.0004 ,  0.0815 , -0.0002 , -1.6727 , -0.6380 ,  0.3252 ,
 -0.0012 ,  0.0395 , -0.6346 , -0.0419 ,  1.8560 ,  0.6576 ,
  0.0001 ,  0.0812 , -0.1588 , -0.8930 ,  1.2282 ,  0.6522 ,
  0.0398 ,  0.0400 , -0.3170 , -0.8269 ,  1.9204 ,  0.9793 ,
  0.0000 ,  0.0000 ,  0.0000 , -0.7748 ,  0.6223 ,  0.6505 ,
 -0.0003 ,  0.0809 , -0.3174 , -2.4380 ,  1.8497 ,  0.6541 ,
 -0.0800 ,  0.1227 , -0.0010 , -0.9586 ,  1.0952 ,  1.6262 ,
  0.0801 ,  0.0398 , -0.3165 ,  0.7224 ,  3.2277 ,  0.9793 ,
  0.1196 ,  0.0794 , -0.7921 , -2.4243 ,  2.6584 ,  0.9846 ,
 -0.0410 , -0.0004 , -0.3177 , -0.7647 ,  0.5578 ,  0.9793 ,
  0.1624 ,  0.1224 ,  0.3181 , -0.9663 ,  0.8523 , -0.0052 ,
  0.1206 ,  0.0803 , -0.3162 ,  0.6606 ,  2.0384 ,  0.9793 ,
  0.0409 ,  0.1221 ,  0.0002 , -0.9596 ,  1.2841 ,  0.6504 ,
  0.0404 ,  0.0407 ,  0.1577 , -0.8353 ,  1.9214 ,  0.0091 ,
 -0.0399 ,  0.2039 ,  0.1565 , -1.0962 ,  0.5037 ,  0.6399 ,
 -0.0010 ,  0.0803 , -0.6347 , -3.2029 , -0.0186 ,  0.0071 ,
  0.0799 , -0.0010 , -0.3165 , -1.5407 ,  0.7466 ,  0.6540 ,
 -0.1221 , -0.0411 , -0.4771 ,  0.0772 ,  0.4391 ,  0.9811 ,
  0.0402 ,  0.1215 , -0.3171 , -0.1749 ,  1.9048 ,  0.3288 ,
  0.0797 , -0.0418 , -0.3164 , -0.7043 ,  0.7544 ,  0.9793 ,
 -0.0400 ,  0.1222 , -0.1593 , -0.9540 ,  0.5352 ,  0.9775 ,
 -0.0008 ,  0.0398 , -0.4760 , -0.0468 , -0.0101 ,  0.3306 ,
 -0.0400 ,  0.2034 , -0.3181 , -1.0720 ,  0.5188 ,  0.9793 ,
  0.0408 ,  0.0408 ,  0.1574 , -1.6258 ,  1.2943 ,  0.3465 ,
  0.0003 ,  0.1220 , -0.1589 , -0.9544 , -0.0242 , -0.3234 ,
 -0.0416 , -0.0415 , -0.4762 ,  0.0765 ,  0.5649 ,  0.0053 ,
  0.0400 ,  0.0807 , -0.3170 , -1.6632 , -0.5765 ,  0.9793 ,
  0.1203 ,  0.1612 , -0.6336 , -1.0022 ,  0.1545 ,  0.9828 ,
  0.0397 ,  0.0804 , -0.4757 , -1.6584 , -0.5773 ,  0.3306 ,
  0.0396 , -0.0008 , -0.3169 ,  0.7843 ,  0.0614 ,  0.9793 ,
 -0.0402 ,  0.0412 ,  0.1562 , -1.6251 ,  1.7827 ,  0.3464 ,
 -0.0006 ,  0.0806 , -0.4761 ,  0.6666 ,  2.4712 ,  0.6558 ,
  0.0395 ,  0.1209 , -0.6344 , -0.9400 ,  1.2810 ,  0.6576 ,
  0.0409 ,  0.1221 ,  0.0002 , -1.7345 ,  1.2841 , -0.0000 ,
  0.0401 , -0.0410 ,  0.0005 ,  0.8359 ,  1.9376 ,  1.6261 ,
  0.0797 ,  0.1611 , -0.7927 , -0.2221 ,  0.7131 ,  0.9846 ,
  0.0812 ,  0.1219 ,  0.0006 , -0.1851 , -0.5199 ,  0.9757 ,
 -0.0807 ,  0.1221 , -0.3183 ,  0.6009 ,  0.4715 ,  0.9793 ,
 -0.0402 ,  0.0814 , -0.1592 , -0.8925 , -0.0793 ,  0.6522 ,
  0.0798 , -0.0822 , -0.1577 , -2.1976 ,  0.7629 ,  0.3270 ,
  0.0401 , -0.0410 ,  0.0005 , -1.4887 , -0.5516 ,  0.6504 ,
  0.0405 ,  0.0406 ,  0.0003 , -0.8367 ,  1.9219 ,  0.3252 ,
 -0.0403 ,  0.2031 , -0.4767 , -0.2923 ,  1.1402 ,  0.9811 ,
  0.0400 ,  0.0807 , -0.3170 , -0.8884 ,  0.0458 ,  0.3288 ,
  0.0800 ,  0.0802 , -0.4752 , -0.8838 ,  0.7302 , -0.3199 ,
  0.1609 ,  0.0801 , -0.3158 , -2.4392 ,  0.8568 , -0.3217 ,
  0.0805 ,  0.0401 , -0.1579 , -0.0573 ,  0.7395 ,  0.6522 ,
  0.0803 ,  0.0805 , -0.3166 , -0.8887 ,  0.1087 ,  0.9793 ,
 -0.0012 ,  0.0395 , -0.6346 , -3.1414 ,  0.6115 ,  0.3323 ,
 -0.0003 , -0.0003 , -0.1586 , -0.7700 ,  1.8661 ,  0.9775 ,
 -0.1207 ,  0.0413 , -0.0013 , -1.6102 , -0.1966 ,  0.0000 ,
  0.0816 ,  0.2034 ,  0.0004 , -0.3080 ,  0.0868 ,  0.9757 ,
  0.0803 ,  0.0805 , -0.3166 , -0.8887 ,  1.9755 ,  0.6540 ,
  0.0396 , -0.0008 , -0.3169 ,  0.0094 ,  0.0614 ,  0.6540 ,
  0.1210 ,  0.0806 , -0.1576 , -0.8939 ,  0.1724 ,  1.6278 ,
  0.1209 , -0.0006 ,  0.0012 ,  0.7737 ,  2.6778 ,  0.6504 ,
 -0.0401 ,  0.0410 , -0.0005 , -0.0611 ,  1.1737 ,  0.9757 ,
 -0.0006 ,  0.0806 , -0.4761 , -2.4331 ,  1.8489 ,  1.3063 ,
  0.0798 ,  0.1207 , -0.6340 , -0.9404 ,  0.0994 ,  0.3323 ,
 -0.0402 ,  0.0814 , -0.1592 , -0.1177 , -0.0793 ,  0.3270 ,
  0.0006 ,  0.0411 ,  0.1586 , -0.8413 ,  1.8598 ,  0.6487 ,
  0.0000 ,  0.0000 ,  0.0000 , -2.3245 ,  0.6223 ,  0.6505 ,
 -0.0405 , -0.0406 , -0.0003 , -1.4879 ,  0.5671 ,  0.3252 ,
  0.1213 ,  0.0810 ,  0.0011 , -0.8988 ,  0.7954 ,  0.9757 ,
 -0.0001 ,  0.1217 , -0.3175 , -0.9495 ,  2.4642 ,  0.6541 ,
 -0.1622 , -0.0002 , -0.4776 , -0.7588 ,  1.6129 ,  0.9811 ,
 -0.0404 ,  0.0406 , -0.1591 , -0.0562 ,  1.1730 ,  0.3270 ,
  0.0803 ,  0.0805 , -0.3166 , -0.8887 ,  0.7310 ,  0.6540 ,
  0.0397 , -0.0413 , -0.1582 ,  0.0660 ,  3.8035 ,  0.3270 ,
  0.0805 ,  0.0401 , -0.1579 , -0.0573 ,  0.1173 ,  0.9775 ,
 -0.1216 , -0.0000 , -0.3185 ,  0.7856 ,  1.6766 ,  0.9793 ,
 -0.0013 , -0.0417 , -0.4758 , -3.7985 ,  1.2500 ,  0.9811 ,
  0.1200 ,  0.0393 , -0.4748 ,  0.7270 , -1.0660 ,  0.6558 ,
 -0.0400 ,  0.1222 , -0.1593 , -0.9540 ,  1.1574 ,  0.6522 ,
 -0.0003 , -0.0003 , -0.1586 , -0.7700 , -0.0007 ,  0.9775 ,
  0.0416 ,  0.1225 ,  0.1587 ,  0.5836 , -0.5767 , -0.0065 ,
 -0.0812 ,  0.0810 , -0.4769 , -1.6574 ,  0.4786 ,  0.6558 ,
  0.0812 ,  0.0812 ,  0.1577 , -1.6874 ,  2.5860 ,  0.6692 ,
  0.0409 ,  0.1221 ,  0.0002 , -0.9596 ,  0.6618 ,  0.6504 ,
  0.0406 ,  0.2030 , -0.3173 , -1.8476 ,  0.6446 ,  0.6541 ,
  0.0401 , -0.0410 ,  0.0005 , -0.7138 ,  1.3152 , -0.0000 ,
  0.0003 ,  0.1220 , -0.1589 , -1.7293 ,  1.2203 ,  0.6522 ,
 -0.0016 , -0.0420 , -0.6345 , -0.6938 ,  1.8715 ,  0.6576 ,
 -0.0001 ,  0.1217 , -0.3175 , -3.2742 ,  1.2197 ,  0.3288 ,
 -0.0398 ,  0.1629 , -0.1593 , -1.7904 ,  1.1496 ,  0.0018 ,
 -0.0007 , -0.0006 , -0.3173 , -1.5400 ,  1.2430 ,  0.9793 ,
  0.1202 , -0.0012 , -0.3161 ,  0.7836 ,  2.0541 ,  0.6540 ,
 -0.0414 , -0.0820 , -0.3175 , -0.6419 ,  3.0624 ,  1.6297 ,
  0.0403 , -0.0002 ,  0.0004 , -0.7752 ,  0.0629 , -0.0000 ,
 -0.0007 , -0.0006 , -0.3173 ,  0.0098 ,  0.6208 ,  0.6541 ,
 -0.0398 ,  0.0415 ,  0.1583 ,  0.7127 ,  0.5439 ,  0.9635 ,
  0.0816 ,  0.0819 ,  0.3173 , -0.9046 ,  0.7347 ,  0.3151 ,
 -0.0413 ,  0.0805 , -0.6351 , -1.6528 ,  1.1629 ,  0.9828 ,
  0.0391 ,  0.0393 , -0.6342 , -2.3671 ,  1.2966 ,  1.3081 ,
 -0.0397 ,  0.1225 , -0.0006 , -0.1840 , -0.0864 ,  0.0000 ,
  0.1211 ,  0.0402 ,  0.0011 , -0.0625 ,  0.8032 , -0.0000 ,
  0.0398 ,  0.0400 , -0.3170 ,  0.7228 ,  1.2981 ,  0.3288 ,
  0.1206 ,  0.0803 , -0.3162 , -0.8890 ,  1.4162 ,  0.9793 ,
 -0.1619 ,  0.0002 , -0.3189 ,  1.5608 , -0.2532 ,  0.3288 ,
  0.0000 ,  0.0000 ,  0.0000 ,  0.0000 ,  0.0000 ,  0.0000 ,
  0.0000 ,  0.0000 ,  0.0000 ,  0.0000 ,  0.0000 ,  0.0000 ,
  0.0000 ,  0.0000 ,  0.0000 ,  0.0000 ,  0.0000 ,  0.0000 ,
  0.0000 ,  0.0000 ,  0.0000 ,  0.0000 ,  0.0000 ,  0.0000 ,
  0.0000 ,  0.0000 ,  0.0000 ,  0.0000 ,  0.0000 ,  0.0000 ,
  0.0000 ,  0.0000 ,  0.0000 ,  0.0000 ,  0.0000 ,  0.0000 ,
  0.0000 ,  0.0000 ,  0.0000 ,  0.0000 ,  0.0000 ,  0.0000 ,
  0.0000 ,  0.0000 ,  0.0000 ,  0.0000 ,  0.0000 ,  0.0000 ,
  0.0000 ,  0.0000 ,  0.0000 ,  0.0000 ,  0.0000 ,  0.0000 ,
  0.0000 ,  0.0000 ,  0.0000 ,  0.0000 ,  0.0000 ,  0.0000 ,
  0.0000 ,  0.0000 ,  0.0000 ,  0.0000 ,  0.0000 ,  0.0000 ,
  0.0000 ,  0.0000 ,  0.0000 ,  0.0000 ,  0.0000 ,  0.0000 ,
  0.0000 ,  0.0000 ,  0.0000 ,  0.0000 ,  0.0000 ,  0.0000 ,
  0.0000 ,  0.0000 ,  0.0000 ,  0.0000 ,  0.0000 ,  0.0000 ,
  0.0000 ,  0.0000 ,  0.0000 ,  0.0000 ,  0.0000 ,  0.0000 ,
  0.0000 ,  0.0000 ,  0.0000 ,  0.0000 ,  0.0000 ,  0.0000 ,
  0.0000 ,  0.0000 ,  0.0000 ,  0.0000 ,  0.0000 ,  0.0000 ,
  0.0000 ,  0.0000 ,  0.0000 ,  0.0000 ,  0.0000 ,  0.0000 ,
  0.0000 ,  0.0000 ,  0.0000 ,  0.0000 ,  0.0000 ,  0.0000 ,
  0.0000 ,  0.0000 ,  0.0000 ,  0.0000 ,  0.0000 ,  0.0000 ,
  0.0000 ,  0.0000 ,  0.0000 ,  0.0000 ,  0.0000 ,  0.0000 ,
  0.0000 ,  0.0000 ,  0.0000 ,  0.0000 ,  0.0000 ,  0.0000 ,
  0.0000 ,  0.0000 ,  0.0000 ,  0.0000 ,  0.0000 ,  0.0000 ,
  0.0000 ,  0.0000 ,  0.0000 ,  0.0000 ,  0.0000 ,  0.0000 ,
  0.0000 ,  0.0000 ,  0.0000 ,  0.0000 ,  0.0000 ,  0.0000 ,
  0.0000 ,  0.0000 ,  0.0000 ,  0.0000 ,  0.0000 ,  0.0000 ,
  0.0000 ,  0.0000 ,  0.0000 ,  0.0000 ,  0.0000 ,  0.0000 ,
  0.0000 ,  0.0000 ,  0.0000 ,  0.0000 ,  0.0000 ,  0.0000 ,
  0.0000 ,  0.0000 ,  0.0000 ,  0.0000 ,  0.0000 ,  0.0000 ,
  0.0000 ,  0.0000 ,  0.0000 ,  0.0000 ,  0.0000 ,  0.0000 ,
  0.0000 ,  0.0000 ,  0.0000 ,  0.0000 ,  0.0000 ,  0.0000 ,
  0.0000 ,  0.0000 ,  0.0000 ,  0.0000 ,  0.0000 ,  0.0000 ,
  0.0000 ,  0.0000 ,  0.0000 ,  0.0000 ,  0.0000 ,  0.0000 ,
  0.0000 ,  0.0000 ,  0.0000 ,  0.0000 ,  0.0000 ,  0.0000 ,
  0.0000 ,  0.0000 ,  0.0000 ,  0.0000 ,  0.0000 ,  0.0000 ,
  0.0000 ,  0.0000 ,  0.0000 ,  0.0000 ,  0.0000 ,  0.0000 ,
  0.0000 ,  0.0000 ,  0.0000 ,  0.0000 ,  0.0000 ,  0.0000 ,
  0.0000 ,  0.0000 ,  0.0000 ,  0.0000 ,  0.0000 ,  0.0000 ,
  0.0000 ,  0.0000 ,  0.0000 ,  0.0000 ,  0.0000 ,  0.0000 ,
  0.0000 ,  0.0000 ,  0.0000 ,  0.0000 ,  0.0000 ,  0.0000 ,
  0.0000 ,  0.0000 ,  0.0000 ,  0.0000 ,  0.0000 ,  0.0000 ,
  0.0000 ,  0.0000 ,  0.0000 ,  0.0000 ,  0.0000 ,  0.0000 ,
  0.0000 ,  0.0000 ,  0.0000 ,  0.0000 ,  0.0000 ,  0.0000 ,
  0.0000 ,  0.0000 ,  0.0000 ,  0.0000 ,  0.0000 ,  0.0000 ,
  0.0000 ,  0.0000 ,  0.0000 ,  0.0000 ,  0.0000 ,  0.0000 ,
  0.0000 ,  0.0000 ,  0.0000 ,  0.0000 ,  0.0000 ,  0.0000 ,
  0.0000 ,  0.0000 ,  0.0000 ,  0.0000 ,  0.0000 ,  0.0000 ,
  0.0000 ,  0.0000 ,  0.0000 ,  0.0000 ,  0.0000 ,  0.0000 ,
  0.0000 ,  0.0000 ,  0.0000 ,  0.0000 ,  0.0000 ,  0.0000 ,
  0.0000 ,  0.0000 ,  0.0000 ,  0.0000 ,  0.0000 ,  0.0000 ,
  0.0000 ,  0.0000 ,  0.0000 ,  0.0000 ,  0.0000 ,  0.0000 ,
  0.0000 ,  0.0000 ,  0.0000 ,  0.0000 ,  0.0000 ,  0.0000 ,
  0.0000 ,  0.0000 ,  0.0000 ,  0.0000 ,  0.0000 ,  0.0000 ,
  0.0000 ,  0.0000 ,  0.0000 ,  0.0000 ,  0.0000 ,  0.0000 ,
  0.0000 ,  0.0000 ,  0.0000 ,  0.0000 ,  0.0000 ,  0.0000 ,
  0.0000 ,  0.0000 ,  0.0000 ,  0.0000 ,  0.0000 ,  0.0000 ,
  0.0000 ,  0.0000 ,  0.0000 ,  0.0000 ,  0.0000 ,  0.0000 ,
  0.0000 ,  0.0000 ,  0.0000 ,  0.0000 ,  0.0000 ,  0.0000 ,
  0.0000 ,  0.0000 ,  0.0000 ,  0.0000 ,  0.0000 ,  0.0000 ,
  0.0000 ,  0.0000 ,  0.0000 ,  0.0000 ,  0.0000 ,  0.0000 ,
  0.0000 ,  0.0000 ,  0.0000 ,  0.0000 ,  0.0000 ,  0.0000 ,
  0.0000 ,  0.0000 ,  0.0000 ,  0.0000 ,  0.0000 ,  0.0000 ,
  0.0000 ,  0.0000 ,  0.0000 ,  0.0000 ,  0.0000 ,  0.0000 ,
  0.0000 ,  0.0000 ,  0.0000 ,  0.0000 ,  0.0000 ,  0.0000 ,
  0.0000 ,  0.0000 ,  0.0000 ,  0.0000 ,  0.0000 ,  0.0000 ,
  0.0000 ,  0.0000 ,  0.0000 ,  0.0000 ,  0.0000 ,  0.0000 ,
  0.0000 ,  0.0000 ,  0.0000 ,  0.0000 ,  0.0000 ,  0.0000 ,
  0.0000 ,  0.0000 ,  0.0000 ,  0.0000 ,  0.0000 ,  0.0000 ,
  0.0000 ,  0.0000 ,  0.0000 ,  0.0000 ,  0.0000 ,  0.0000 ,
  0.0000 ,  0.0000 ,  0.0000 ,  0.0000 ,  0.0000 ,  0.0000 ,
  0.0000 ,  0.0000 ,  0.0000 ,  0.0000 ,  0.0000 ,  0.0000 ,
  0.0000 ,  0.0000 ,  0.0000 ,  0.0000 ,  0.0000 ,  0.0000 ,
  0.0000 ,  0.0000 ,  0.0000 ,  0.0000 ,  0.0000 ,  0.0000 ,
  0.0000 ,  0.0000 ,  0.0000 ,  0.0000 ,  0.0000 ,  0.0000 ,
  0.0000 ,  0.0000 ,  0.0000 ,  0.0000 ,  0.0000 ,  0.0000 ,
  0.0000 ,  0.0000 ,  0.0000 ,  0.0000 ,  0.0000 ,  0.0000 ,
  0.0000 ,  0.0000 ,  0.0000 ,  0.0000 ,  0.0000 ,  0.0000 ,
  0.0000 ,  0.0000 ,  0.0000 ,  0.0000 ,  0.0000 ,  0.0000 ,
  0.0000 ,  0.0000 ,  0.0000 ,  0.0000 ,  0.0000 ,  0.0000 ,
  0.0000 ,  0.0000 ,  0.0000 ,  0.0000 ,  0.0000 ,  0.0000 ,
  0.0000 ,  0.0000 ,  0.0000 ,  0.0000 ,  0.0000 ,  0.0000 ,
  0.0000 ,  0.0000 ,  0.0000 ,  0.0000 ,  0.0000 ,  0.0000 ,
  0.0000 ,  0.0000 ,  0.0000 ,  0.0000 ,  0.0000 ,  0.0000 ,
  0.0000 ,  0.0000 ,  0.0000 ,  0.0000 ,  0.0000 ,  0.0000 ,
  0.0000 ,  0.0000 ,  0.0000 ,  0.0000 ,  0.0000 ,  0.0000 ,
  0.0000 ,  0.0000 ,  0.0000 ,  0.0000 ,  0.0000 ,  0.0000 ,
  0.0000 ,  0.0000 ,  0.0000 ,  0.0000 ,  0.0000 ,  0.0000 ,
  0.0000 ,  0.0000 ,  0.0000 ,  0.0000 ,  0.0000 ,  0.0000 ,
  0.0000 ,  0.0000 ,  0.0000 ,  0.0000 ,  0.0000 ,  0.0000 ,
  0.0000 ,  0.0000 ,  0.0000 ,  0.0000 ,  0.0000 ,  0.0000 ,
  0.0000 ,  0.0000 ,  0.0000 ,  0.0000 ,  0.0000 ,  0.0000 ,
  0.0000 ,  0.0000 ,  0.0000 ,  0.0000 ,  0.0000 ,  0.0000 ,
  0.0000 ,  0.0000 ,  0.0000 ,  0.0000 ,  0.0000 ,  0.0000 ,
  0.0000 ,  0.0000 ,  0.0000 ,  0.0000 ,  0.0000 ,  0.0000 ,
  0.0000 ,  0.0000 ,  0.0000 ,  0.0000 ,  0.0000 ,  0.0000 ,
  0.0000 ,  0.0000 ,  0.0000 ,  0.0000 ,  0.0000 ,  0.0000 ,
  0.0000 ,  0.0000 ,  0.0000 ,  0.0000 ,  0.0000 ,  0.0000 ,
  0.0000 ,  0.0000 ,  0.0000 ,  0.0000 ,  0.0000 ,  0.0000 ,
  0.0000 ,  0.0000 ,  0.0000 ,  0.0000 ,  0.0000 ,  0.0000 ,
  0.0000 ,  0.0000 ,  0.0000 ,  0.0000 ,  0.0000 ,  0.0000 ,
  0.0000 ,  0.0000 ,  0.0000 ,  0.0000 ,  0.0000 ,  0.0000 ,
  0.0000 ,  0.0000 ,  0.0000 ,  0.0000 ,  0.0000 ,  0.0000 ,
  0.0000 ,  0.0000 ,  0.0000 ,  0.0000 ,  0.0000 ,  0.0000 ,
  0.0000 ,  0.0000 ,  0.0000 ,  0.0000 ,  0.0000 ,  0.0000 ,
  0.0000 ,  0.0000 ,  0.0000 ,  0.0000 ,  0.0000 ,  0.0000 ,
  0.0000 ,  0.0000 ,  0.0000 ,  0.0000 ,  0.0000 ,  0.0000 ,
  0.0000 ,  0.0000 ,  0.0000 ,  0.0000 ,  0.0000 ,  0.0000 ,
  0.0000 ,  0.0000 ,  0.0000 ,  0.0000 ,  0.0000 ,  0.0000 ,
  0.0000 ,  0.0000 ,  0.0000 ,  0.0000 ,  0.0000 ,  0.0000 ,
  0.0000 ,  0.0000 ,  0.0000 ,  0.0000 ,  0.0000 ,  0.0000 ,
  0.0000 ,  0.0000 ,  0.0000 ,  0.0000 ,  0.0000 ,  0.0000 ,
  0.0000 ,  0.0000 ,  0.0000 ,  0.0000 ,  0.0000 ,  0.0000 ,
  0.0000 ,  0.0000 ,  0.0000 ,  0.0000 ,  0.0000 ,  0.0000 ,
  0.0000 ,  0.0000 ,  0.0000 ,  0.0000 ,  0.0000 ,  0.0000 ,
  0.0000 ,  0.0000 ,  0.0000 ,  0.0000 ,  0.0000 ,  0.0000 ,
  0.0000 ,  0.0000 ,  0.0000 ,  0.0000 ,  0.0000 ,  0.0000 ,
  0.0000 ,  0.0000 ,  0.0000 ,  0.0000 ,  0.0000 ,  0.0000 ,
  0.0000 ,  0.0000 ,  0.0000 ,  0.0000 ,  0.0000 ,  0.0000 ,
  0.0000 ,  0.0000 ,  0.0000 ,  0.0000 ,  0.0000 ,  0.0000 ,
  0.0000 ,  0.0000 ,  0.0000 ,  0.0000 ,  0.0000 ,  0.0000 ,
  0.0000 ,  0.0000 ,  0.0000 ,  0.0000 ,  0.0000 ,  0.0000 ,
  0.0000 ,  0.0000 ,  0.0000 ,  0.0000 ,  0.0000 ,  0.0000 ,
  0.0000 ,  0.0000 ,  0.0000 ,  0.0000 ,  0.0000 ,  0.0000 ,
  0.0000 ,  0.0000 ,  0.0000 ,  0.0000 ,  0.0000 ,  0.0000 ,
  0.0000 ,  0.0000 ,  0.0000 ,  0.0000 ,  0.0000 ,  0.0000 ,
  0.0000 ,  0.0000 ,  0.0000 ,  0.0000 ,  0.0000 ,  0.0000 ,
  0.0000 ,  0.0000 ,  0.0000 ,  0.0000 ,  0.0000 ,  0.0000 ,
  0.0000 ,  0.0000 ,  0.0000 ,  0.0000 ,  0.0000 ,  0.0000 ,
  0.0000 ,  0.0000 ,  0.0000 ,  0.0000 ,  0.0000 ,  0.0000 ,
  0.0000 ,  0.0000 ,  0.0000 ,  0.0000 ,  0.0000 ,  0.0000 ,
  0.0000 ,  0.0000 ,  0.0000 ,  0.0000 ,  0.0000 ,  0.0000 ,
  0.0000 ,  0.0000 ,  0.0000 ,  0.0000 ,  0.0000 ,  0.0000 ,
  0.0000 ,  0.0000 ,  0.0000 ,  0.0000 ,  0.0000 ,  0.0000 ,
  0.0000 ,  0.0000 ,  0.0000 ,  0.0000 ,  0.0000 ,  0.0000 ,
  0.0000 ,  0.0000 ,  0.0000 ,  0.0000 ,  0.0000 ,  0.0000 ,
  0.0000 ,  0.0000 ,  0.0000 ,  0.0000 ,  0.0000 ,  0.0000 ,
  0.0000 ,  0.0000 ,  0.0000 ,  0.0000 ,  0.0000 ,  0.0000 ,
  0.0000 ,  0.0000 ,  0.0000 ,  0.0000 ,  0.0000 ,  0.0000 ,
  0.0000 ,  0.0000 ,  0.0000 ,  0.0000 ,  0.0000 ,  0.0000 ,
  0.0000 ,  0.0000 ,  0.0000 ,  0.0000 ,  0.0000 ,  0.0000 ,
  0.0000 ,  0.0000 ,  0.0000 ,  0.0000 ,  0.0000 ,  0.0000 ,
  0.0000 ,  0.0000 ,  0.0000 ,  0.0000 ,  0.0000 ,  0.0000 ,
  0.0000 ,  0.0000 ,  0.0000 ,  0.0000 ,  0.0000 ,  0.0000 ,
  0.0000 ,  0.0000 ,  0.0000 ,  0.0000 ,  0.0000 ,  0.0000 ,
  0.0000 ,  0.0000 ,  0.0000 ,  0.0000 ,  0.0000 ,  0.0000 ,
  0.0000 ,  0.0000 ,  0.0000 ,  0.0000 ,  0.0000 ,  0.0000 ,
  0.0000 ,  0.0000 ,  0.0000 ,  0.0000 ,  0.0000 ,  0.0000 ,
  0.0000 ,  0.0000 ,  0.0000 ,  0.0000 ,  0.0000 ,  0.0000 ,
  0.0000 ,  0.0000 ,  0.0000 ,  0.0000 ,  0.0000 ,  0.0000 ,
  0.0000 ,  0.0000 ,  0.0000 ,  0.0000 ,  0.0000 ,  0.0000 ,
  0.0000 ,  0.0000 ,  0.0000 ,  0.0000 ,  0.0000 ,  0.0000 ,
  0.0000 ,  0.0000 ,  0.0000 ,  0.0000 ,  0.0000 ,  0.0000 ,
  0.0000 ,  0.0000 ,  0.0000 ,  0.0000 ,  0.0000 ,  0.0000 ,
  0.0000 ,  0.0000 ,  0.0000 ,  0.0000 ,  0.0000 ,  0.0000 ,
  0.0000 ,  0.0000 ,  0.0000 ,  0.0000 ,  0.0000 ,  0.0000 ,
  0.0000 ,  0.0000 ,  0.0000 ,  0.0000 ,  0.0000 ,  0.0000 ,
  0.0000 ,  0.0000 ,  0.0000 ,  0.0000 ,  0.0000 ,  0.0000 ,
  0.0000 ,  0.0000 ,  0.0000 ,  0.0000 ,  0.0000 ,  0.0000 ,
  0.0000 ,  0.0000 ,  0.0000 ,  0.0000 ,  0.0000 ,  0.0000 ,
  0.0000 ,  0.0000 ,  0.0000 ,  0.0000 ,  0.0000 ,  0.0000 ,
  0.0000 ,  0.0000 ,  0.0000 ,  0.0000 ,  0.0000 ,  0.0000 ,
  0.0000 ,  0.0000 ,  0.0000 ,  0.0000 ,  0.0000 ,  0.0000 ,
  0.0000 ,  0.0000 ,  0.0000 ,  0.0000 ,  0.0000 ,  0.0000 ,
  0.0000 ,  0.0000 ,  0.0000 ,  0.0000 ,  0.0000 ,  0.0000 ,
  0.0000 ,  0.0000 ,  0.0000 ,  0.0000 ,  0.0000 ,  0.0000 ,
  0.0000 ,  0.0000 ,  0.0000 ,  0.0000 ,  0.0000 ,  0.0000 ,
  0.0000 ,  0.0000 ,  0.0000 ,  0.0000 ,  0.0000 ,  0.0000 ,
  0.0000 ,  0.0000 ,  0.0000 ,  0.0000 ,  0.0000 ,  0.0000 ,
  0.0000 ,  0.0000 ,  0.0000 ,  0.0000 ,  0.0000 ,  0.0000 ,
  0.0000 ,  0.0000 ,  0.0000 ,  0.0000 ,  0.0000 ,  0.0000 ,
  0.0000 ,  0.0000 ,  0.0000 ,  0.0000 ,  0.0000 ,  0.0000 ,
  0.0000 ,  0.0000 ,  0.0000 ,  0.0000 ,  0.0000 ,  0.0000 ,
  0.0000 ,  0.0000 ,  0.0000 ,  0.0000 ,  0.0000 ,  0.0000 ,
  0.0000 ,  0.0000 ,  0.0000 ,  0.0000 ,  0.0000 ,  0.0000 ,
  0.0000 ,  0.0000 ,  0.0000 ,  0.0000 ,  0.0000 ,  0.0000 ,
  0.0000 ,  0.0000 ,  0.0000 ,  0.0000 ,  0.0000 ,  0.0000 ,
  0.0000 ,  0.0000 ,  0.0000 ,  0.0000 ,  0.0000 ,  0.0000 ,
  0.0000 ,  0.0000 ,  0.0000 ,  0.0000 ,  0.0000 ,  0.0000 ,
  0.0000 ,  0.0000 ,  0.0000 ,  0.0000 ,  0.0000 ,  0.0000 ,
  0.0000 ,  0.0000 ,  0.0000 ,  0.0000 ,  0.0000 ,  0.0000 ,
  0.0000 ,  0.0000 ,  0.0000 ,  0.0000 ,  0.0000 ,  0.0000 ,
  0.0000 ,  0.0000 ,  0.0000 ,  0.0000 ,  0.0000 ,  0.0000 ,
  0.0000 ,  0.0000 ,  0.0000 ,  0.0000 ,  0.0000 ,  0.0000 ,
  0.0000 ,  0.0000 ,  0.0000 ,  0.0000 ,  0.0000 ,  0.0000 ,
  0.0000 ,  0.0000 ,  0.0000 ,  0.0000 ,  0.0000 ,  0.0000 ,
  0.0000 ,  0.0000 ,  0.0000 ,  0.0000 ,  0.0000 ,  0.0000 ,
  0.0000 ,  0.0000 ,  0.0000 ,  0.0000 ,  0.0000 ,  0.0000 ,
  0.0000 ,  0.0000 ,  0.0000 ,  0.0000 ,  0.0000 ,  0.0000 ,
  0.0000 ,  0.0000 ,  0.0000 ,  0.0000 ,  0.0000 ,  0.0000 ,
  0.0000 ,  0.0000 ,  0.0000 ,  0.0000 ,  0.0000 ,  0.0000 ,
  0.0000 ,  0.0000 ,  0.0000 ,  0.0000 ,  0.0000 ,  0.0000 ,
  0.0000 ,  0.0000 ,  0.0000 ,  0.0000 ,  0.0000 ,  0.0000 ,
  0.0000 ,  0.0000 ,  0.0000 ,  0.0000 ,  0.0000 ,  0.0000 ,
  0.0000 ,  0.0000 ,  0.0000 ,  0.0000 ,  0.0000 ,  0.0000 ,
  0.0000 ,  0.0000 ,  0.0000 ,  0.0000 ,  0.0000 ,  0.0000 ,
  0.0000 ,  0.0000 ,  0.0000 ,  0.0000 ,  0.0000 ,  0.0000 ,
  0.0000 ,  0.0000 ,  0.0000 ,  0.0000 ,  0.0000 ,  0.0000 ,
  0.0000 ,  0.0000 ,  0.0000 ,  0.0000 ,  0.0000 ,  0.0000 ,
  0.0000 ,  0.0000 ,  0.0000 ,  0.0000 ,  0.0000 ,  0.0000 ,
  0.0000 ,  0.0000 ,  0.0000 ,  0.0000 ,  0.0000 ,  0.0000 ,
  0.0000 ,  0.0000 ,  0.0000 ,  0.0000 ,  0.0000 ,  0.0000 ,
  0.0000 ,  0.0000 ,  0.0000 ,  0.0000 ,  0.0000 ,  0.0000 ,
  0.0000 ,  0.0000 ,  0.0000 ,  0.0000 ,  0.0000 ,  0.0000 ,
  0.0000 ,  0.0000 ,  0.0000 ,  0.0000 ,  0.0000 ,  0.0000 ,
  0.0000 ,  0.0000 ,  0.0000 ,  0.0000 ,  0.0000 ,  0.0000 ,
  0.0000 ,  0.0000 ,  0.0000 ,  0.0000 ,  0.0000 ,  0.0000 ,
  0.0000 ,  0.0000 ,  0.0000 ,  0.0000 ,  0.0000 ,  0.0000 ,
  0.0000 ,  0.0000 ,  0.0000 ,  0.0000 ,  0.0000 ,  0.0000 ,
  0.0000 ,  0.0000 ,  0.0000 ,  0.0000 ,  0.0000 ,  0.0000 ,
  0.0000 ,  0.0000 ,  0.0000 ,  0.0000 ,  0.0000 ,  0.0000 ,
  0.0000 ,  0.0000 ,  0.0000 ,  0.0000 ,  0.0000 ,  0.0000 ,
  0.0000 ,  0.0000 ,  0.0000 ,  0.0000 ,  0.0000 ,  0.0000 ,
  0.0000 ,  0.0000 ,  0.0000 ,  0.0000 ,  0.0000 ,  0.0000 ,
  0.0000 ,  0.0000 ,  0.0000 ,  0.0000 ,  0.0000 ,  0.0000 ,
  0.0000 ,  0.0000 ,  0.0000 ,  0.0000 ,  0.0000 ,  0.0000 ,
  0.0000 ,  0.0000 ,  0.0000 ,  0.0000 ,  0.0000 ,  0.0000 ,
  0.0000 ,  0.0000 ,  0.0000 ,  0.0000 ,  0.0000 ,  0.0000 ,
  0.0000 ,  0.0000 ,  0.0000 ,  0.0000 ,  0.0000 ,  0.0000 ,
  0.0000 ,  0.0000 ,  0.0000 ,  0.0000 ,  0.0000 ,  0.0000 ,
  0.0000 ,  0.0000 ,  0.0000 ,  0.0000 ,  0.0000 ,  0.0000 ,
  0.0000 ,  0.0000 ,  0.0000 ,  0.0000 ,  0.0000 ,  0.0000 ,
  0.0000 ,  0.0000 ,  0.0000 ,  0.0000 ,  0.0000 ,  0.0000 ,
  0.0000 ,  0.0000 ,  0.0000 ,  0.0000 ,  0.0000 ,  0.0000 ,
  0.0000 ,  0.0000 ,  0.0000 ,  0.0000 ,  0.0000 ,  0.0000 ,
  0.0000 ,  0.0000 ,  0.0000 ,  0.0000 ,  0.0000 ,  0.0000 ,
  0.0000 ,  0.0000 ,  0.0000 ,  0.0000 ,  0.0000 ,  0.0000 ,
  0.0000 ,  0.0000 ,  0.0000 ,  0.0000 ,  0.0000 ,  0.0000 ,
  0.0000 ,  0.0000 ,  0.0000 ,  0.0000 ,  0.0000 ,  0.0000 ,
  0.0000 ,  0.0000 ,  0.0000 ,  0.0000 ,  0.0000 ,  0.0000 ,
  0.0000 ,  0.0000 ,  0.0000 ,  0.0000 ,  0.0000 ,  0.0000 ,
  0.0000 ,  0.0000 ,  0.0000 ,  0.0000 ,  0.0000 ,  0.0000 ,
  0.0000 ,  0.0000 ,  0.0000 ,  0.0000 ,  0.0000 ,  0.0000 ,
  0.0000 ,  0.0000 ,  0.0000 ,  0.0000 ,  0.0000 ,  0.0000 ,
  0.0000 ,  0.0000 ,  0.0000 ,  0.0000 ,  0.0000 ,  0.0000 ,
  0.0000 ,  0.0000 ,  0.0000 ,  0.0000 ,  0.0000 ,  0.0000 ,
  0.0000 ,  0.0000 ,  0.0000 ,  0.0000 ,  0.0000 ,  0.0000 ,
  0.0000 ,  0.0000 ,  0.0000 ,  0.0000 ,  0.0000 ,  0.0000 ,
  0.0000 ,  0.0000 ,  0.0000 ,  0.0000 ,  0.0000 ,  0.0000 ,
  0.0000 ,  0.0000 ,  0.0000 ,  0.0000 ,  0.0000 ,  0.0000 ,
  0.0000 ,  0.0000 ,  0.0000 ,  0.0000 ,  0.0000 ,  0.0000 ,
  0.0000 ,  0.0000 ,  0.0000 ,  0.0000 ,  0.0000 ,  0.0000 ,
  0.0000 ,  0.0000 ,  0.0000 ,  0.0000 ,  0.0000 ,  0.0000 ,
  0.0000 ,  0.0000 ,  0.0000 ,  0.0000 ,  0.0000 ,  0.0000 ,
  0.0000 ,  0.0000 ,  0.0000 ,  0.0000 ,  0.0000 ,  0.0000 ,
  0.0000 ,  0.0000 ,  0.0000 ,  0.0000 ,  0.0000 ,  0.0000 ,
  0.0000 ,  0.0000 ,  0.0000 ,  0.0000 ,  0.0000 ,  0.0000 ,
  0.0000 ,  0.0000 ,  0.0000 ,  0.0000 ,  0.0000 ,  0.0000 ,
  0.0000 ,  0.0000 ,  0.0000 ,  0.0000 ,  0.0000 ,  0.0000 ,
  0.0000 ,  0.0000 ,  0.0000 ,  0.0000 ,  0.0000 ,  0.0000 ,
  0.0000 ,  0.0000 ,  0.0000 ,  0.0000 ,  0.0000 ,  0.0000 ,
  0.0000 ,  0.0000 ,  0.0000 ,  0.0000 ,  0.0000 ,  0.0000 ,
  0.0000 ,  0.0000 ,  0.0000 ,  0.0000 ,  0.0000 ,  0.0000 ,
  0.0000 ,  0.0000 ,  0.0000 ,  0.0000 ,  0.0000 ,  0.0000 ,
  0.0000 ,  0.0000 ,  0.0000 ,  0.0000 ,  0.0000 ,  0.0000 ,
  0.0000 ,  0.0000 ,  0.0000 ,  0.0000 ,  0.0000 ,  0.0000 ,
  0.0000 ,  0.0000 ,  0.0000 ,  0.0000 ,  0.0000 ,  0.0000 ,
  0.0000 ,  0.0000 ,  0.0000 ,  0.0000 ,  0.0000 ,  0.0000 ,
  0.0000 ,  0.0000 ,  0.0000 ,  0.0000 ,  0.0000 ,  0.0000 ,
  0.0000 ,  0.0000 ,  0.0000 ,  0.0000 ,  0.0000 ,  0.0000 ,
  0.0000 ,  0.0000 ,  0.0000 ,  0.0000 ,  0.0000 ,  0.0000 ,
  0.0000 ,  0.0000 ,  0.0000 ,  0.0000 ,  0.0000 ,  0.0000 ,
  0.0000 ,  0.0000 ,  0.0000 ,  0.0000 ,  0.0000 ,  0.0000 ,
  0.0000 ,  0.0000 ,  0.0000 ,  0.0000 ,  0.0000 ,  0.0000 ,
  0.0000 ,  0.0000 ,  0.0000 ,  0.0000 ,  0.0000 ,  0.0000 ,
  0.0000 ,  0.0000 ,  0.0000 ,  0.0000 ,  0.0000 ,  0.0000 ,
  0.0000 ,  0.0000 ,  0.0000 ,  0.0000 ,  0.0000 ,  0.0000 ,
  0.0000 ,  0.0000 ,  0.0000 ,  0.0000 ,  0.0000 ,  0.0000 ,
  0.0000 ,  0.0000 ,  0.0000 ,  0.0000 ,  0.0000 ,  0.0000 ,
  0.0000 ,  0.0000 ,  0.0000 ,  0.0000 ,  0.0000 ,  0.0000 ,
  0.0000 ,  0.0000 ,  0.0000 ,  0.0000 ,  0.0000 ,  0.0000 ,
  0.0000 ,  0.0000 ,  0.0000 ,  0.0000 ,  0.0000 ,  0.0000 ,
  0.0000 ,  0.0000 ,  0.0000 ,  0.0000 ,  0.0000 ,  0.0000 ,
  0.0000 ,  0.0000 ,  0.0000 ,  0.0000 ,  0.0000 ,  0.0000 ,
  0.0000 ,  0.0000 ,  0.0000 ,  0.0000 ,  0.0000 ,  0.0000 ,
  0.0000 ,  0.0000 ,  0.0000 ,  0.0000 ,  0.0000 ,  0.0000 ,
  0.0000 ,  0.0000 ,  0.0000 ,  0.0000 ,  0.0000 ,  0.0000 ,
  0.0000 ,  0.0000 ,  0.0000 ,  0.0000 ,  0.0000 ,  0.0000 ,
  0.0000 ,  0.0000 ,  0.0000 ,  0.0000 ,  0.0000 ,  0.0000 ,
  0.0000 ,  0.0000 ,  0.0000 ,  0.0000 ,  0.0000 ,  0.0000 ,
  0.0000 ,  0.0000 ,  0.0000 ,  0.0000 ,  0.0000 ,  0.0000 ,
  0.0000 ,  0.0000 ,  0.0000 ,  0.0000 ,  0.0000 ,  0.0000 ,
  0.0000 ,  0.0000 ,  0.0000 ,  0.0000 ,  0.0000 ,  0.0000 ,
  0.0000 ,  0.0000 ,  0.0000 ,  0.0000 ,  0.0000 ,  0.0000 ,
  0.0000 ,  0.0000 ,  0.0000 ,  0.0000 ,  0.0000 ,  0.0000 ,
  0.0000 ,  0.0000 ,  0.0000 ,  0.0000 ,  0.0000 ,  0.0000 ,
  0.0000 ,  0.0000 ,  0.0000 ,  0.0000 ,  0.0000 ,  0.0000 ,
  0.0000 ,  0.0000 ,  0.0000 ,  0.0000 ,  0.0000 ,  0.0000 ,
  0.0000 ,  0.0000 ,  0.0000 ,  0.0000 ,  0.0000 ,  0.0000 ,
  0.0000 ,  0.0000 ,  0.0000 ,  0.0000 ,  0.0000 ,  0.0000 ,
  0.0000 ,  0.0000 ,  0.0000 ,  0.0000 ,  0.0000 ,  0.0000 ,
  0.0000 ,  0.0000 ,  0.0000 ,  0.0000 ,  0.0000 ,  0.0000 ,
  0.0000 ,  0.0000 ,  0.0000 ,  0.0000 ,  0.0000 ,  0.0000 ,
  0.0000 ,  0.0000 ,  0.0000 ,  0.0000 ,  0.0000 ,  0.0000 ,
  0.0000 ,  0.0000 ,  0.0000 ,  0.0000 ,  0.0000 ,  0.0000 ,
  0.0000 ,  0.0000 ,  0.0000 ,  0.0000 ,  0.0000 ,  0.0000 ,
  0.0000 ,  0.0000 ,  0.0000 ,  0.0000 ,  0.0000 ,  0.0000 ,
  0.0000 ,  0.0000 ,  0.0000 ,  0.0000 ,  0.0000 ,  0.0000 ,
  0.0000 ,  0.0000 ,  0.0000 ,  0.0000 ,  0.0000 ,  0.0000 ,
  0.0000 ,  0.0000 ,  0.0000 ,  0.0000 ,  0.0000 ,  0.0000 ,
  0.0000 ,  0.0000 ,  0.0000 ,  0.0000 ,  0.0000 ,  0.0000 ,
  0.0000 ,  0.0000 ,  0.0000 ,  0.0000 ,  0.0000 ,  0.0000 ,
  0.0000 ,  0.0000 ,  0.0000 ,  0.0000 ,  0.0000 ,  0.0000 ,
  0.0000 ,  0.0000 ,  0.0000 ,  0.0000 ,  0.0000 ,  0.0000 ,
  0.0000 ,  0.0000 ,  0.0000 ,  0.0000 ,  0.0000 ,  0.0000 ,
  0.0000 ,  0.0000 ,  0.0000 ,  0.0000 ,  0.0000 ,  0.0000 ,
  0.0000 ,  0.0000 ,  0.0000 ,  0.0000 ,  0.0000 ,  0.0000 ,
  0.0000 ,  0.0000 ,  0.0000 ,  0.0000 ,  0.0000 ,  0.0000 ,
  0.0000 ,  0.0000 ,  0.0000 ,  0.0000 ,  0.0000 ,  0.0000 ,
  0.0000 ,  0.0000 ,  0.0000 ,  0.0000 ,  0.0000 ,  0.0000 ,
  0.0000 ,  0.0000 ,  0.0000 ,  0.0000 ,  0.0000 ,  0.0000 ,
  0.0000 ,  0.0000 ,  0.0000 ,  0.0000 ,  0.0000 ,  0.0000 ,
  0.0000 ,  0.0000 ,  0.0000 ,  0.0000 ,  0.0000 ,  0.0000 ,
  0.0000 ,  0.0000 ,  0.0000 ,  0.0000 ,  0.0000 ,  0.0000 ,
  0.0000 ,  0.0000 ,  0.0000 ,  0.0000 ,  0.0000 ,  0.0000 ,
  0.0000 ,  0.0000 ,  0.0000 ,  0.0000 ,  0.0000 ,  0.0000 ,
  0.0000 ,  0.0000 ,  0.0000 ,  0.0000 ,  0.0000 ,  0.0000 ,
  0.0000 ,  0.0000 ,  0.0000 ,  0.0000 ,  0.0000 ,  0.0000 ,
  0.0000 ,  0.0000 ,  0.0000 ,  0.0000 ,  0.0000 ,  0.0000 ,
  0.0000 ,  0.0000 ,  0.0000 ,  0.0000 ,  0.0000 ,  0.0000 ,
  0.0000 ,  0.0000 ,  0.0000 ,  0.0000 ,  0.0000 ,  0.0000 ,
  0.0000 ,  0.0000 ,  0.0000 ,  0.0000 ,  0.0000 ,  0.0000 ,
  0.0000 ,  0.0000 ,  0.0000 ,  0.0000 ,  0.0000 ,  0.0000 ,
  0.0000 ,  0.0000 ,  0.0000 ,  0.0000 ,  0.0000 ,  0.0000 ,
  0.0000 ,  0.0000 ,  0.0000 ,  0.0000 ,  0.0000 ,  0.0000 ,
  0.0000 ,  0.0000 ,  0.0000 ,  0.0000 ,  0.0000 ,  0.0000 ,
  0.0000 ,  0.0000 ,  0.0000 ,  0.0000 ,  0.0000 ,  0.0000 ,
  0.0000 ,  0.0000 ,  0.0000 ,  0.0000 ,  0.0000 ,  0.0000 ,
  0.0000 ,  0.0000 ,  0.0000 ,  0.0000 ,  0.0000 ,  0.0000 ,
  0.0000 ,  0.0000 ,  0.0000 ,  0.0000 ,  0.0000 ,  0.0000 ,
  0.0000 ,  0.0000 ,  0.0000 ,  0.0000 ,  0.0000 ,  0.0000 ,
  0.0000 ,  0.0000 ,  0.0000 ,  0.0000 ,  0.0000 ,  0.0000 ,
  0.0000 ,  0.0000 ,  0.0000 ,  0.0000 ,  0.0000 ,  0.0000 ,
  0.0000 ,  0.0000 ,  0.0000 ,  0.0000 ,  0.0000 ,  0.0000 ,
  0.0000 ,  0.0000 ,  0.0000 ,  0.0000 ,  0.0000 ,  0.0000 ,
  0.0000 ,  0.0000 ,  0.0000 ,  0.0000 ,  0.0000 ,  0.0000 ,
  0.0000 ,  0.0000 ,  0.0000 ,  0.0000 ,  0.0000 ,  0.0000 ,
  0.0000 ,  0.0000 ,  0.0000 ,  0.0000 ,  0.0000 ,  0.0000 ,
  0.0000 ,  0.0000 ,  0.0000 ,  0.0000 ,  0.0000 ,  0.0000 ,
  0.0000 ,  0.0000 ,  0.0000 ,  0.0000 ,  0.0000 ,  0.0000 ,
  0.0000 ,  0.0000 ,  0.0000 ,  0.0000 ,  0.0000 ,  0.0000 ,
  0.0000 ,  0.0000 ,  0.0000 ,  0.0000 ,  0.0000 ,  0.0000 ,
  0.0000 ,  0.0000 ,  0.0000 ,  0.0000 ,  0.0000 ,  0.0000 ,
  0.0000 ,  0.0000 ,  0.0000 ,  0.0000 ,  0.0000 ,  0.0000 ,
  0.0000 ,  0.0000 ,  0.0000 ,  0.0000 ,  0.0000 ,  0.0000 ,
  0.0000 ,  0.0000 ,  0.0000 ,  0.0000 ,  0.0000 ,  0.0000 ,
  0.0000 ,  0.0000 ,  0.0000 ,  0.0000 ,  0.0000 ,  0.0000 ,
  0.0000 ,  0.0000 ,  0.0000 ,  0.0000 ,  0.0000 ,  0.0000 ,
  0.0000 ,  0.0000 ,  0.0000 ,  0.0000 ,  0.0000 ,  0.0000 ,
  0.0000 ,  0.0000 ,  0.0000 ,  0.0000 ,  0.0000 ,  0.0000 ,
  0.0000 ,  0.0000 ,  0.0000 ,  0.0000 ,  0.0000 ,  0.0000 ,
  0.0000 ,  0.0000 ,  0.0000 ,  0.0000 ,  0.0000 ,  0.0000 ,
  0.0000 ,  0.0000 ,  0.0000 ,  0.0000 ,  0.0000 ,  0.0000 ,
  0.0000 ,  0.0000 ,  0.0000 ,  0.0000 ,  0.0000 ,  0.0000 ,
  0.0000 ,  0.0000 ,  0.0000 ,  0.0000 ,  0.0000 ,  0.0000 ,
  0.0000 ,  0.0000 ,  0.0000 ,  0.0000 ,  0.0000 ,  0.0000 ,
  0.0000 ,  0.0000 ,  0.0000 ,  0.0000 ,  0.0000 ,  0.0000 ,
  0.0000 ,  0.0000 ,  0.0000 ,  0.0000 ,  0.0000 ,  0.0000 ,
  0.0000 ,  0.0000 ,  0.0000 ,  0.0000 ,  0.0000 ,  0.0000 ,
  0.0000 ,  0.0000 ,  0.0000 ,  0.0000 ,  0.0000 ,  0.0000 ,
  0.0000 ,  0.0000 ,  0.0000 ,  0.0000 ,  0.0000 ,  0.0000 ,
  0.0000 ,  0.0000 ,  0.0000 ,  0.0000 ,  0.0000 ,  0.0000 ,
  0.0000 ,  0.0000 ,  0.0000 ,  0.0000 ,  0.0000 ,  0.0000 ,
  0.0000 ,  0.0000 ,  0.0000 ,  0.0000 ,  0.0000 ,  0.0000 ,
  0.0000 ,  0.0000 ,  0.0000 ,  0.0000 ,  0.0000 ,  0.0000 ,
  0.0000 ,  0.0000 ,  0.0000 ,  0.0000 ,  0.0000 ,  0.0000 ,
  0.0000 ,  0.0000 ,  0.0000 ,  0.0000 ,  0.0000 ,  0.0000 ,
  0.0000 ,  0.0000 ,  0.0000 ,  0.0000 ,  0.0000 ,  0.0000 ,
  0.0000 ,  0.0000 ,  0.0000 ,  0.0000 ,  0.0000 ,  0.0000 ,
  0.0000 ,  0.0000 ,  0.0000 ,  0.0000 ,  0.0000 ,  0.0000 ,
  0.0000 ,  0.0000 ,  0.0000 ,  0.0000 ,  0.0000 ,  0.0000 ,
  0.0000 ,  0.0000 ,  0.0000 ,  0.0000 ,  0.0000 ,  0.0000 ,
  0.0000 ,  0.0000 ,  0.0000 ,  0.0000 ,  0.0000 ,  0.0000 ,
  0.0000 ,  0.0000 ,  0.0000 ,  0.0000 ,  0.0000 ,  0.0000 ,
  0.0000 ,  0.0000 ,  0.0000 ,  0.0000 ,  0.0000 ,  0.0000 ,
  0.0000 ,  0.0000 ,  0.0000 ,  0.0000 ,  0.0000 ,  0.0000 ,
  0.0000 ,  0.0000 ,  0.0000 ,  0.0000 ,  0.0000 ,  0.0000 ,
  0.0000 ,  0.0000 ,  0.0000 ,  0.0000 ,  0.0000 ,  0.0000 ,
  0.0000 ,  0.0000 ,  0.0000 ,  0.0000 ,  0.0000 ,  0.0000 ,
  0.0000 ,  0.0000 ,  0.0000 ,  0.0000 ,  0.0000 ,  0.0000 ,
  0.0000 ,  0.0000 ,  0.0000 ,  0.0000 ,  0.0000 ,  0.0000 ,
  0.0000 ,  0.0000 ,  0.0000 ,  0.0000 ,  0.0000 ,  0.0000 ,
  0.0000 ,  0.0000 ,  0.0000 ,  0.0000 ,  0.0000 ,  0.0000 ,
  0.0000 ,  0.0000 ,  0.0000 ,  0.0000 ,  0.0000 ,  0.0000 ,
  0.0000 ,  0.0000 ,  0.0000 ,  0.0000 ,  0.0000 ,  0.0000 ,
  0.0000 ,  0.0000 ,  0.0000 ,  0.0000 ,  0.0000 ,  0.0000 ,
  0.0000 ,  0.0000 ,  0.0000 ,  0.0000 ,  0.0000 ,  0.0000 ,
  0.0000 ,  0.0000 ,  0.0000 ,  0.0000 ,  0.0000 ,  0.0000 ,
  0.0000 ,  0.0000 ,  0.0000 ,  0.0000 ,  0.0000 ,  0.0000 ,
  0.0000 ,  0.0000 ,  0.0000 ,  0.0000 ,  0.0000 ,  0.0000 ,
  0.0000 ,  0.0000 ,  0.0000 ,  0.0000 ,  0.0000 ,  0.0000 ,
  0.0000 ,  0.0000 ,  0.0000 ,  0.0000 ,  0.0000 ,  0.0000 ,
  0.0000 ,  0.0000 ,  0.0000 ,  0.0000 ,  0.0000 ,  0.0000 ,
  0.0000 ,  0.0000 ,  0.0000 ,  0.0000 ,  0.0000 ,  0.0000 ,
  0.0000 ,  0.0000 ,  0.0000 ,  0.0000 ,  0.0000 ,  0.0000 ,
  0.0000 ,  0.0000 ,  0.0000 ,  0.0000 ,  0.0000 ,  0.0000 ,
  0.0000 ,  0.0000 ,  0.0000 ,  0.0000 ,  0.0000 ,  0.0000 ,
  0.0000 ,  0.0000 ,  0.0000 ,  0.0000 ,  0.0000 ,  0.0000 ,
  0.0000 ,  0.0000 ,  0.0000 ,  0.0000 ,  0.0000 ,  0.0000 ,
  0.0000 ,  0.0000 ,  0.0000 ,  0.0000 ,  0.0000 ,  0.0000 ,
  0.0000 ,  0.0000 ,  0.0000 ,  0.0000 ,  0.0000 ,  0.0000 ,
  0.0000 ,  0.0000 ,  0.0000 ,  0.0000 ,  0.0000 ,  0.0000 ,
  0.0000 ,  0.0000 ,  0.0000 ,  0.0000 ,  0.0000 ,  0.0000 ,
  0.0000 ,  0.0000 ,  0.0000 ,  0.0000 ,  0.0000 ,  0.0000 ,
  0.0000 ,  0.0000 ,  0.0000 ,  0.0000 ,  0.0000 ,  0.0000 ,
  0.0000 ,  0.0000 ,  0.0000 ,  0.0000 ,  0.0000 ,  0.0000 ,
  0.0000 ,  0.0000 ,  0.0000 ,  0.0000 ,  0.0000 ,  0.0000 ,
  0.0000 ,  0.0000 ,  0.0000 ,  0.0000 ,  0.0000 ,  0.0000 ,
  0.0000 ,  0.0000 ,  0.0000 ,  0.0000 ,  0.0000 ,  0.0000 ,
  0.0000 ,  0.0000 ,  0.0000 ,  0.0000 ,  0.0000 ,  0.0000 ,
  0.0000 ,  0.0000 ,  0.0000 ,  0.0000 ,  0.0000 ,  0.0000 ,
  0.0000 ,  0.0000 ,  0.0000 ,  0.0000 ,  0.0000 ,  0.0000 ,
  0.0000 ,  0.0000 ,  0.0000 ,  0.0000 ,  0.0000 ,  0.0000 ,
  0.0000 ,  0.0000 ,  0.0000 ,  0.0000 ,  0.0000 ,  0.0000 ,
  0.0000 ,  0.0000 ,  0.0000 ,  0.0000 ,  0.0000 ,  0.0000 ,
  0.0000 ,  0.0000 ,  0.0000 ,  0.0000 ,  0.0000 ,  0.0000 ,
  0.0000 ,  0.0000 ,  0.0000 ,  0.0000 ,  0.0000 ,  0.0000 ,
  0.0000 ,  0.0000 ,  0.0000 ,  0.0000 ,  0.0000 ,  0.0000 ,
  0.0000 ,  0.0000 ,  0.0000 ,  0.0000 ,  0.0000 ,  0.0000 ,
  0.0000 ,  0.0000 ,  0.0000 ,  0.0000 ,  0.0000 ,  0.0000 ,
  0.0000 ,  0.0000 ,  0.0000 ,  0.0000 ,  0.0000 ,  0.0000 ,
  0.0000 ,  0.0000 ,  0.0000 ,  0.0000 ,  0.0000 ,  0.0000 ,
  0.0000 ,  0.0000 ,  0.0000 ,  0.0000 ,  0.0000 ,  0.0000 ,
  0.0000 ,  0.0000 ,  0.0000 ,  0.0000 ,  0.0000 ,  0.0000 ,
  0.0000 ,  0.0000 ,  0.0000 ,  0.0000 ,  0.0000 ,  0.0000 ,
  0.0000 ,  0.0000 ,  0.0000 ,  0.0000 ,  0.0000 ,  0.0000 ,
  0.0000 ,  0.0000 ,  0.0000 ,  0.0000 ,  0.0000 ,  0.0000 ,
  0.0000 ,  0.0000 ,  0.0000 ,  0.0000 ,  0.0000 ,  0.0000 ,
  0.0000 ,  0.0000 ,  0.0000 ,  0.0000 ,  0.0000 ,  0.0000 ,
  0.0000 ,  0.0000 ,  0.0000 ,  0.0000 ,  0.0000 ,  0.0000 ,
  0.0000 ,  0.0000 ,  0.0000 ,  0.0000 ,  0.0000 ,  0.0000 ,
  0.0000 ,  0.0000 ,  0.0000 ,  0.0000 ,  0.0000 ,  0.0000 ,
  0.0000 ,  0.0000 ,  0.0000 ,  0.0000 ,  0.0000 ,  0.0000 ,
  0.0000 ,  0.0000 ,  0.0000 ,  0.0000 ,  0.0000 ,  0.0000 ,
  0.0000 ,  0.0000 ,  0.0000 ,  0.0000 ,  0.0000 ,  0.0000 ,
  0.0000 ,  0.0000 ,  0.0000 ,  0.0000 ,  0.0000 ,  0.0000 ,
  0.0000 ,  0.0000 ,  0.0000 ,  0.0000 ,  0.0000 ,  0.0000 ,
  0.0000 ,  0.0000 ,  0.0000 ,  0.0000 ,  0.0000 ,  0.0000 ,
  0.0000 ,  0.0000 ,  0.0000 ,  0.0000 ,  0.0000 ,  0.0000 ,
  0.0000 ,  0.0000 ,  0.0000 ,  0.0000 ,  0.0000 ,  0.0000 ,
  0.0000 ,  0.0000 ,  0.0000 ,  0.0000 ,  0.0000 ,  0.0000 ,
  0.0000 ,  0.0000 ,  0.0000 ,  0.0000 ,  0.0000 ,  0.0000 ,
  0.0000 ,  0.0000 ,  0.0000 ,  0.0000 ,  0.0000 ,  0.0000 ,
  0.0000 ,  0.0000 ,  0.0000 ,  0.0000 ,  0.0000 ,  0.0000 ,
  0.0000 ,  0.0000 ,  0.0000 ,  0.0000 ,  0.0000 ,  0.0000 ,
  0.0000 ,  0.0000 ,  0.0000 ,  0.0000 ,  0.0000 ,  0.0000 ,
  0.0000 ,  0.0000 ,  0.0000 ,  0.0000 ,  0.0000 ,  0.0000 ,
  0.0000 ,  0.0000 ,  0.0000 ,  0.0000 ,  0.0000 ,  0.0000 ,
  0.0000 ,  0.0000 ,  0.0000 ,  0.0000 ,  0.0000 ,  0.0000 ,
  0.0000 ,  0.0000 ,  0.0000 ,  0.0000 ,  0.0000 ,  0.0000 ,
  0.0000 ,  0.0000 ,  0.0000 ,  0.0000 ,  0.0000 ,  0.0000 ,
  0.0000 ,  0.0000 ,  0.0000 ,  0.0000 ,  0.0000 ,  0.0000 ,
  0.0000 ,  0.0000 ,  0.0000 ,  0.0000 ,  0.0000 ,  0.0000 ,
  0.0000 ,  0.0000 ,  0.0000 ,  0.0000 ,  0.0000 ,  0.0000 ,
  0.0000 ,  0.0000 ,  0.0000 ,  0.0000 ,  0.0000 ,  0.0000 ,
  0.0000 ,  0.0000 ,  0.0000 ,  0.0000 ,  0.0000 ,  0.0000 ,
  0.0000 ,  0.0000 ,  0.0000 ,  0.0000 ,  0.0000 ,  0.0000 ,
  0.0000 ,  0.0000 ,  0.0000 ,  0.0000 ,  0.0000 ,  0.0000 ,
  0.0000 ,  0.0000 ,  0.0000 ,  0.0000 ,  0.0000 ,  0.0000 ,
  0.0000 ,  0.0000 ,  0.0000 ,  0.0000 ,  0.0000 ,  0.0000 ,
  0.0000 ,  0.0000 ,  0.0000 ,  0.0000 ,  0.0000 ,  0.0000 ,
  0.0000 ,  0.0000 ,  0.0000 ,  0.0000 ,  0.0000 ,  0.0000 ,
  0.0000 ,  0.0000 ,  0.0000 ,  0.0000 ,  0.0000 ,  0.0000 ,
  0.0000 ,  0.0000 ,  0.0000 ,  0.0000 ,  0.0000 ,  0.0000 ,
  0.0000 ,  0.0000 ,  0.0000 ,  0.0000 ,  0.0000 ,  0.0000 ,
  0.0000 ,  0.0000 ,  0.0000 ,  0.0000 ,  0.0000 ,  0.0000 ,
  0.0000 ,  0.0000 ,  0.0000 ,  0.0000 ,  0.0000 ,  0.0000 ,
  0.0000 ,  0.0000 ,  0.0000 ,  0.0000 ,  0.0000 ,  0.0000 ,
  0.0000 ,  0.0000 ,  0.0000 ,  0.0000 ,  0.0000 ,  0.0000 ,
  0.0000 ,  0.0000 ,  0.0000 ,  0.0000 ,  0.0000 ,  0.0000 ,
  0.0000 ,  0.0000 ,  0.0000 ,  0.0000 ,  0.0000 ,  0.0000 ,
  0.0000 ,  0.0000 ,  0.0000 ,  0.0000 ,  0.0000 ,  0.0000 ,
  0.0000 ,  0.0000 ,  0.0000 ,  0.0000 ,  0.0000 ,  0.0000 ,
  0.0000 ,  0.0000 ,  0.0000 ,  0.0000 ,  0.0000 ,  0.0000 ,
  0.0000 ,  0.0000 ,  0.0000 ,  0.0000 ,  0.0000 ,  0.0000 ,
  0.0000 ,  0.0000 ,  0.0000 ,  0.0000 ,  0.0000 ,  0.0000 ,
  0.0000 ,  0.0000 ,  0.0000 ,  0.0000 ,  0.0000 ,  0.0000 ,
  0.0000 ,  0.0000 ,  0.0000 ,  0.0000 ,  0.0000 ,  0.0000 ,
  0.0000 ,  0.0000 ,  0.0000 ,  0.0000 ,  0.0000 ,  0.0000 ,
  0.0000 ,  0.0000 ,  0.0000 ,  0.0000 ,  0.0000 ,  0.0000 ,
  0.0000 ,  0.0000 ,  0.0000 ,  0.0000 ,  0.0000 ,  0.0000 ,
  0.0000 ,  0.0000 ,  0.0000 ,  0.0000 ,  0.0000 ,  0.0000 ,
  0.0000 ,  0.0000 ,  0.0000 ,  0.0000 ,  0.0000 ,  0.0000 ,
  0.0000 ,  0.0000 ,  0.0000 ,  0.0000 ,  0.0000 ,  0.0000 ,
  0.0000 ,  0.0000 ,  0.0000 ,  0.0000 ,  0.0000 ,  0.0000 ,
  0.0000 ,  0.0000 ,  0.0000 ,  0.0000 ,  0.0000 ,  0.0000 ,
  0.0000 ,  0.0000 ,  0.0000 ,  0.0000 ,  0.0000 ,  0.0000 ,
  0.0000 ,  0.0000 ,  0.0000 ,  0.0000 ,  0.0000 ,  0.0000 ,
  0.0000 ,  0.0000 ,  0.0000 ,  0.0000 ,  0.0000 ,  0.0000 ,
  0.0000 ,  0.0000 ,  0.0000 ,  0.0000 ,  0.0000 ,  0.0000 ,
  0.0000 ,  0.0000 ,  0.0000 ,  0.0000 ,  0.0000 ,  0.0000 ,
  0.0000 ,  0.0000 ,  0.0000 ,  0.0000 ,  0.0000 ,  0.0000 ,
  0.0000 ,  0.0000 ,  0.0000 ,  0.0000 ,  0.0000 ,  0.0000 ,
  0.0000 ,  0.0000 ,  0.0000 ,  0.0000 ,  0.0000 ,  0.0000 ,
  0.0000 ,  0.0000 ,  0.0000 ,  0.0000 ,  0.0000 ,  0.0000 ,
  0.0000 ,  0.0000 ,  0.0000 ,  0.0000 ,  0.0000 ,  0.0000 ,
  0.0000 ,  0.0000 ,  0.0000 ,  0.0000 ,  0.0000 ,  0.0000 ,
  0.0000 ,  0.0000 ,  0.0000 ,  0.0000 ,  0.0000 ,  0.0000 ,
  0.0000 ,  0.0000 ,  0.0000 ,  0.0000 ,  0.0000 ,  0.0000 ,
  0.0000 ,  0.0000 ,  0.0000 ,  0.0000 ,  0.0000 ,  0.0000 ,
  0.0000 ,  0.0000 ,  0.0000 ,  0.0000 ,  0.0000 ,  0.0000 ,
  0.0000 ,  0.0000 ,  0.0000 ,  0.0000 ,  0.0000 ,  0.0000 ,
  0.0000 ,  0.0000 ,  0.0000 ,  0.0000 ,  0.0000 ,  0.0000 ,
  0.0000 ,  0.0000 ,  0.0000 ,  0.0000 ,  0.0000 ,  0.0000 ,
  0.0000 ,  0.0000 ,  0.0000 ,  0.0000 ,  0.0000 ,  0.0000 ,
  0.0000 ,  0.0000 ,  0.0000 ,  0.0000 ,  0.0000 ,  0.0000 ,
  0.0000 ,  0.0000 ,  0.0000 ,  0.0000 ,  0.0000 ,  0.0000 ,
  0.0000 ,  0.0000 ,  0.0000 ,  0.0000 ,  0.0000 ,  0.0000 ,
  0.0000 ,  0.0000 ,  0.0000 ,  0.0000 ,  0.0000 ,  0.0000 ,
  0.0000 ,  0.0000 ,  0.0000 ,  0.0000 ,  0.0000 ,  0.0000 ,
  0.0000 ,  0.0000 ,  0.0000 ,  0.0000 ,  0.0000 ,  0.0000 ,
  0.0000 ,  0.0000 ,  0.0000 ,  0.0000 ,  0.0000 ,  0.0000 ,
  0.0000 ,  0.0000 ,  0.0000 ,  0.0000 ,  0.0000 ,  0.0000 ,
  0.0000 ,  0.0000 ,  0.0000 ,  0.0000 ,  0.0000 ,  0.0000 ,
  0.0000 ,  0.0000 ,  0.0000 ,  0.0000 ,  0.0000 ,  0.0000 ,
  0.0000 ,  0.0000 ,  0.0000 ,  0.0000 ,  0.0000 ,  0.0000 ,
  0.0000 ,  0.0000 ,  0.0000 ,  0.0000 ,  0.0000 ,  0.0000 ,
  0.0000 ,  0.0000 ,  0.0000 ,  0.0000 ,  0.0000 ,  0.0000 ,
  0.0000 ,  0.0000 ,  0.0000 ,  0.0000 ,  0.0000 ,  0.0000 ,
  0.0000 ,  0.0000 ,  0.0000 ,  0.0000 ,  0.0000 ,  0.0000 ,
  0.0000 ,  0.0000 ,  0.0000 ,  0.0000 ,  0.0000 ,  0.0000 ,
  0.0000 ,  0.0000 ,  0.0000 ,  0.0000 ,  0.0000 ,  0.0000 ,
  0.0000 ,  0.0000 ,  0.0000 ,  0.0000 ,  0.0000 ,  0.0000 ,
  0.0000 ,  0.0000 ,  0.0000 ,  0.0000 ,  0.0000 ,  0.0000 ,
  0.0000 ,  0.0000 ,  0.0000 ,  0.0000 ,  0.0000 ,  0.0000 ,
  0.0000 ,  0.0000 ,  0.0000 ,  0.0000 ,  0.0000 ,  0.0000 ,
  0.0000 ,  0.0000 ,  0.0000 ,  0.0000 ,  0.0000 ,  0.0000 ,
  0.0000 ,  0.0000 ,  0.0000 ,  0.0000 ,  0.0000 ,  0.0000 ,
  0.0000 ,  0.0000 ,  0.0000 ,  0.0000 ,  0.0000 ,  0.0000 ,
  0.0000 ,  0.0000 ,  0.0000 ,  0.0000 ,  0.0000 ,  0.0000 ,
  0.0000 ,  0.0000 ,  0.0000 ,  0.0000 ,  0.0000 ,  0.0000 ,
  0.0000 ,  0.0000 ,  0.0000 ,  0.0000 ,  0.0000 ,  0.0000 ,
  0.0000 ,  0.0000 ,  0.0000 ,  0.0000 ,  0.0000 ,  0.0000 ,
  0.0000 ,  0.0000 ,  0.0000 ,  0.0000 ,  0.0000 ,  0.0000 ,
  0.0000 ,  0.0000 ,  0.0000 ,  0.0000 ,  0.0000 ,  0.0000 ,
  0.0000 ,  0.0000 ,  0.0000 ,  0.0000 ,  0.0000 ,  0.0000 ,
  0.0000 ,  0.0000 ,  0.0000 ,  0.0000 ,  0.0000 ,  0.0000 ,
  0.0000 ,  0.0000 ,  0.0000 ,  0.0000 ,  0.0000 ,  0.0000 ,
  0.0000 ,  0.0000 ,  0.0000 ,  0.0000 ,  0.0000 ,  0.0000 ,
  0.0000 ,  0.0000 ,  0.0000 ,  0.0000 ,  0.0000 ,  0.0000 ,
  0.0000 ,  0.0000 ,  0.0000 ,  0.0000 ,  0.0000 ,  0.0000 ,
  0.0000 ,  0.0000 ,  0.0000 ,  0.0000 ,  0.0000 ,  0.0000 ,
  0.0000 ,  0.0000 ,  0.0000 ,  0.0000 ,  0.0000 ,  0.0000 ,
  0.0000 ,  0.0000 ,  0.0000 ,  0.0000 ,  0.0000 ,  0.0000 ,
  0.0000 ,  0.0000 ,  0.0000 ,  0.0000 ,  0.0000 ,  0.0000 ,
  0.0000 ,  0.0000 ,  0.0000 ,  0.0000 ,  0.0000 ,  0.0000 ,
  0.0000 ,  0.0000 ,  0.0000 ,  0.0000 ,  0.0000 ,  0.0000 ,
  0.0000 ,  0.0000 ,  0.0000 ,  0.0000 ,  0.0000 ,  0.0000 ,
  0.0000 ,  0.0000 ,  0.0000 ,  0.0000 ,  0.0000 ,  0.0000 ,
  0.0000 ,  0.0000 ,  0.0000 ,  0.0000 ,  0.0000 ,  0.0000 ,
  0.0000 ,  0.0000 ,  0.0000 ,  0.0000 ,  0.0000 ,  0.0000 ,
  0.0000 ,  0.0000 ,  0.0000 ,  0.0000 ,  0.0000 ,  0.0000 ,
  0.0000 ,  0.0000 ,  0.0000 ,  0.0000 ,  0.0000 ,  0.0000 ,
  0.0000 ,  0.0000 ,  0.0000 ,  0.0000 ,  0.0000 ,  0.0000 ,
  0.0000 ,  0.0000 ,  0.0000 ,  0.0000 ,  0.0000 ,  0.0000 ,
  0.0000 ,  0.0000 ,  0.0000 ,  0.0000 ,  0.0000 ,  0.0000 ,
  0.0000 ,  0.0000 ,  0.0000 ,  0.0000 ,  0.0000 ,  0.0000 ,
  0.0000 ,  0.0000 ,  0.0000 ,  0.0000 ,  0.0000 ,  0.0000 ,
  0.0000 ,  0.0000 ,  0.0000 ,  0.0000 ,  0.0000 ,  0.0000 ,
  0.0000 ,  0.0000 ,  0.0000 ,  0.0000 ,  0.0000 ,  0.0000 ,
  0.0000 ,  0.0000 ,  0.0000 ,  0.0000 ,  0.0000 ,  0.0000 ,
  0.0000 ,  0.0000 ,  0.0000 ,  0.0000 ,  0.0000 ,  0.0000 ,
  0.0000 ,  0.0000 ,  0.0000 ,  0.0000 ,  0.0000 ,  0.0000 ,
  0.0000 ,  0.0000 ,  0.0000 ,  0.0000 ,  0.0000 ,  0.0000 ,
  0.0000 ,  0.0000 ,  0.0000 ,  0.0000 ,  0.0000 ,  0.0000 ,
  0.0000 ,  0.0000 ,  0.0000 ,  0.0000 ,  0.0000 ,  0.0000 ,
  0.0000 ,  0.0000 ,  0.0000 ,  0.0000 ,  0.0000 ,  0.0000 ,
  0.0000 ,  0.0000 ,  0.0000 ,  0.0000 ,  0.0000 ,  0.0000 ,
  0.0000 ,  0.0000 ,  0.0000 ,  0.0000 ,  0.0000 ,  0.0000 ,
  0.0000 ,  0.0000 ,  0.0000 ,  0.0000 ,  0.0000 ,  0.0000 ,
  0.0000 ,  0.0000 ,  0.0000 ,  0.0000 ,  0.0000 ,  0.0000 ,
  0.0000 ,  0.0000 ,  0.0000 ,  0.0000 ,  0.0000 ,  0.0000 ,
  0.0000 ,  0.0000 ,  0.0000 ,  0.0000 ,  0.0000 ,  0.0000 ,
  0.0000 ,  0.0000 ,  0.0000 ,  0.0000 ,  0.0000 ,  0.0000 ,
  0.0000 ,  0.0000 ,  0.0000 ,  0.0000 ,  0.0000 ,  0.0000 ,
  0.0000 ,  0.0000 ,  0.0000 ,  0.0000 ,  0.0000 ,  0.0000 ,
  0.0000 ,  0.0000 ,  0.0000 ,  0.0000 ,  0.0000 ,  0.0000 ,
  0.0000 ,  0.0000 ,  0.0000 ,  0.0000 ,  0.0000 ,  0.0000 ,
  0.0000 ,  0.0000 ,  0.0000 ,  0.0000 ,  0.0000 ,  0.0000 ,
  0.0000 ,  0.0000 ,  0.0000 ,  0.0000 ,  0.0000 ,  0.0000 ,
  0.0000 ,  0.0000 ,  0.0000 ,  0.0000 ,  0.0000 ,  0.0000 ,
  0.0000 ,  0.0000 ,  0.0000 ,  0.0000 ,  0.0000 ,  0.0000 ,
  0.0000 ,  0.0000 ,  0.0000 ,  0.0000 ,  0.0000 ,  0.0000 ,
  0.0000 ,  0.0000 ,  0.0000 ,  0.0000 ,  0.0000 ,  0.0000 ,
  0.0000 ,  0.0000 ,  0.0000 ,  0.0000 ,  0.0000 ,  0.0000 ,
  0.0000 ,  0.0000 ,  0.0000 ,  0.0000 ,  0.0000 ,  0.0000 ,
  0.0000 ,  0.0000 ,  0.0000 ,  0.0000 ,  0.0000 ,  0.0000 ,
  0.0000 ,  0.0000 ,  0.0000 ,  0.0000 ,  0.0000 ,  0.0000 ,
  0.0000 ,  0.0000 ,  0.0000 ,  0.0000 ,  0.0000 ,  0.0000 ,
  0.0000 ,  0.0000 ,  0.0000 ,  0.0000 ,  0.0000 ,  0.0000 ,
  0.0000 ,  0.0000 ,  0.0000 ,  0.0000 ,  0.0000 ,  0.0000 ,
  0.0000 ,  0.0000 ,  0.0000 ,  0.0000 ,  0.0000 ,  0.0000 ,
  0.0000 ,  0.0000 ,  0.0000 ,  0.0000 ,  0.0000 ,  0.0000 ,
  0.0000 ,  0.0000 ,  0.0000 ,  0.0000 ,  0.0000 ,  0.0000 ,
  0.0000 ,  0.0000 ,  0.0000 ,  0.0000 ,  0.0000 ,  0.0000 ,
  0.0000 ,  0.0000 ,  0.0000 ,  0.0000 ,  0.0000 ,  0.0000 ,
  0.0000 ,  0.0000 ,  0.0000 ,  0.0000 ,  0.0000 ,  0.0000 ,
  0.0000 ,  0.0000 ,  0.0000 ,  0.0000 ,  0.0000 ,  0.0000 ,
  0.0000 ,  0.0000 ,  0.0000 ,  0.0000 ,  0.0000 ,  0.0000 ,
  0.0000 ,  0.0000 ,  0.0000 ,  0.0000 ,  0.0000 ,  0.0000 ,
  0.0000 ,  0.0000 ,  0.0000 ,  0.0000 ,  0.0000 ,  0.0000 ,
  0.0000 ,  0.0000 ,  0.0000 ,  0.0000 ,  0.0000 ,  0.0000 ,
  0.0000 ,  0.0000 ,  0.0000 ,  0.0000 ,  0.0000 ,  0.0000 ,
  0.0000 ,  0.0000 ,  0.0000 ,  0.0000 ,  0.0000 ,  0.0000 ,
  0.0000 ,  0.0000 ,  0.0000 ,  0.0000 ,  0.0000 ,  0.0000 ,
  0.0000 ,  0.0000 ,  0.0000 ,  0.0000 ,  0.0000 ,  0.0000 ,
  0.0000 ,  0.0000 ,  0.0000 ,  0.0000 ,  0.0000 ,  0.0000 ,
  0.0000 ,  0.0000 ,  0.0000 ,  0.0000 ,  0.0000 ,  0.0000 ,
  0.0000 ,  0.0000 ,  0.0000 ,  0.0000 ,  0.0000 ,  0.0000 ,
  0.0000 ,  0.0000 ,  0.0000 ,  0.0000 ,  0.0000 ,  0.0000 ,
  0.0000 ,  0.0000 ,  0.0000 ,  0.0000 ,  0.0000 ,  0.0000 ,
  0.0000 ,  0.0000 ,  0.0000 ,  0.0000 ,  0.0000 ,  0.0000 ,
  0.0000 ,  0.0000 ,  0.0000 ,  0.0000 ,  0.0000 ,  0.0000 ,
  0.0000 ,  0.0000 ,  0.0000 ,  0.0000 ,  0.0000 ,  0.0000 ,
  0.0000 ,  0.0000 ,  0.0000 ,  0.0000 ,  0.0000 ,  0.0000 ,
  0.0000 ,  0.0000 ,  0.0000 ,  0.0000 ,  0.0000 ,  0.0000 ,
  0.0000 ,  0.0000 ,  0.0000 ,  0.0000 ,  0.0000 ,  0.0000 ,
  0.0000 ,  0.0000 ,  0.0000 ,  0.0000 ,  0.0000 ,  0.0000 ,
  0.0000 ,  0.0000 ,  0.0000 ,  0.0000 ,  0.0000 ,  0.0000 ,
  0.0000 ,  0.0000 ,  0.0000 ,  0.0000 ,  0.0000 ,  0.0000 ,
  0.0000 ,  0.0000 ,  0.0000 ,  0.0000 ,  0.0000 ,  0.0000 ,
  0.0000 ,  0.0000 ,  0.0000 ,  0.0000 ,  0.0000 ,  0.0000 ,
  0.0000 ,  0.0000 ,  0.0000 ,  0.0000 ,  0.0000 ,  0.0000 ,
  0.0000 ,  0.0000 ,  0.0000 ,  0.0000 ,  0.0000 ,  0.0000 ,
  0.0000 ,  0.0000 ,  0.0000 ,  0.0000 ,  0.0000 ,  0.0000 ,
  0.0000 ,  0.0000 ,  0.0000 ,  0.0000 ,  0.0000 ,  0.0000 ,
  0.0000 ,  0.0000 ,  0.0000 ,  0.0000 ,  0.0000 ,  0.0000 ,
  0.0000 ,  0.0000 ,  0.0000 ,  0.0000 ,  0.0000 ,  0.0000 ,
  0.0000 ,  0.0000 ,  0.0000 ,  0.0000 ,  0.0000 ,  0.0000 ,
  0.0000 ,  0.0000 ,  0.0000 ,  0.0000 ,  0.0000 ,  0.0000 ,
  0.0000 ,  0.0000 ,  0.0000 ,  0.0000 ,  0.0000 ,  0.0000 ,
  0.0000 ,  0.0000 ,  0.0000 ,  0.0000 ,  0.0000 ,  0.0000 ,
  0.0000 ,  0.0000 ,  0.0000 ,  0.0000 ,  0.0000 ,  0.0000 ,
  0.0000 ,  0.0000 ,  0.0000 ,  0.0000 ,  0.0000 ,  0.0000 ,
  0.0000 ,  0.0000 ,  0.0000 ,  0.0000 ,  0.0000 ,  0.0000 ,
  0.0000 ,  0.0000 ,  0.0000 ,  0.0000 ,  0.0000 ,  0.0000 ,
  0.0000 ,  0.0000 ,  0.0000 ,  0.0000 ,  0.0000 ,  0.0000 ,
  0.0000 ,  0.0000 ,  0.0000 ,  0.0000 ,  0.0000 ,  0.0000 ,
  0.0000 ,  0.0000 ,  0.0000 ,  0.0000 ,  0.0000 ,  0.0000 ,
  0.0000 ,  0.0000 ,  0.0000 ,  0.0000 ,  0.0000 ,  0.0000 ,
  0.0000 ,  0.0000 ,  0.0000 ,  0.0000 ,  0.0000 ,  0.0000 ,
  0.0000 ,  0.0000 ,  0.0000 ,  0.0000 ,  0.0000 ,  0.0000 ,
  0.0000 ,  0.0000 ,  0.0000 ,  0.0000 ,  0.0000 ,  0.0000 ,
  0.0000 ,  0.0000 ,  0.0000 ,  0.0000 ,  0.0000 ,  0.0000 ,
  0.0000 ,  0.0000 ,  0.0000 ,  0.0000 ,  0.0000 ,  0.0000 ,
  0.0000 ,  0.0000 ,  0.0000 ,  0.0000 ,  0.0000 ,  0.0000 ,
  0.0000 ,  0.0000 ,  0.0000 ,  0.0000 ,  0.0000 ,  0.0000 ,
  0.0000 ,  0.0000 ,  0.0000 ,  0.0000 ,  0.0000 ,  0.0000 ,
  0.0000 ,  0.0000 ,  0.0000 ,  0.0000 ,  0.0000 ,  0.0000 ,
  0.0000 ,  0.0000 ,  0.0000 ,  0.0000 ,  0.0000 ,  0.0000 ,
  0.0000 ,  0.0000 ,  0.0000 ,  0.0000 ,  0.0000 ,  0.0000 ,
  0.0000 ,  0.0000 ,  0.0000 ,  0.0000 ,  0.0000 ,  0.0000 ,
  0.0000 ,  0.0000 ,  0.0000 ,  0.0000 ,  0.0000 ,  0.0000 ,
  0.0000 ,  0.0000 ,  0.0000 ,  0.0000 ,  0.0000 ,  0.0000 ,
  0.0000 ,  0.0000 ,  0.0000 ,  0.0000 ,  0.0000 ,  0.0000 ,
  0.0000 ,  0.0000 ,  0.0000 ,  0.0000 ,  0.0000 ,  0.0000 ,
  0.0000 ,  0.0000 ,  0.0000 ,  0.0000 ,  0.0000 ,  0.0000 ,
  0.0000 ,  0.0000 ,  0.0000 ,  0.0000 ,  0.0000 ,  0.0000 ,
  0.0000 ,  0.0000 ,  0.0000 ,  0.0000 ,  0.0000 ,  0.0000 ,
  0.0000 ,  0.0000 ,  0.0000 ,  0.0000 ,  0.0000 ,  0.0000 ,
  0.0000 ,  0.0000 ,  0.0000 ,  0.0000 ,  0.0000 ,  0.0000 ,
  0.0000 ,  0.0000 ,  0.0000 ,  0.0000 ,  0.0000 ,  0.0000 ,
  0.0000 ,  0.0000 ,  0.0000 ,  0.0000 ,  0.0000 ,  0.0000 ,
  0.0000 ,  0.0000 ,  0.0000 ,  0.0000 ,  0.0000 ,  0.0000 ,
  0.0000 ,  0.0000 ,  0.0000 ,  0.0000 ,  0.0000 ,  0.0000 ,
  0.0000 ,  0.0000 ,  0.0000 ,  0.0000 ,  0.0000 ,  0.0000 ,
  0.0000 ,  0.0000 ,  0.0000 ,  0.0000 ,  0.0000 ,  0.0000 ,
  0.0000 ,  0.0000 ,  0.0000 ,  0.0000 ,  0.0000 ,  0.0000 ,
  0.0000 ,  0.0000 ,  0.0000 ,  0.0000 ,  0.0000 ,  0.0000 ,
  0.0000 ,  0.0000 ,  0.0000 ,  0.0000 ,  0.0000 ,  0.0000 ,
  0.0000 ,  0.0000 ,  0.0000 ,  0.0000 ,  0.0000 ,  0.0000 ,
  0.0000 ,  0.0000 ,  0.0000 ,  0.0000 ,  0.0000 ,  0.0000 ,
  0.0000 ,  0.0000 ,  0.0000 ,  0.0000 ,  0.0000 ,  0.0000 ,
  0.0000 ,  0.0000 ,  0.0000 ,  0.0000 ,  0.0000 ,  0.0000 ,
  0.0000 ,  0.0000 ,  0.0000 ,  0.0000 ,  0.0000 ,  0.0000 ,
  0.0000 ,  0.0000 ,  0.0000 ,  0.0000 ,  0.0000 ,  0.0000 ,
  0.0000 ,  0.0000 ,  0.0000 ,  0.0000 ,  0.0000 ,  0.0000 ,
  0.0000 ,  0.0000 ,  0.0000 ,  0.0000 ,  0.0000 ,  0.0000 ,
  0.0000 ,  0.0000 ,  0.0000 ,  0.0000 ,  0.0000 ,  0.0000 ,
  0.0000 ,  0.0000 ,  0.0000 ,  0.0000 ,  0.0000 ,  0.0000 ,
  0.0000 ,  0.0000 ,  0.0000 ,  0.0000 ,  0.0000 ,  0.0000 ,
  0.0000 ,  0.0000 ,  0.0000 ,  0.0000 ,  0.0000 ,  0.0000 ,
  0.0000 ,  0.0000 ,  0.0000 ,  0.0000 ,  0.0000 ,  0.0000 ,
  0.0000 ,  0.0000 ,  0.0000 ,  0.0000 ,  0.0000 ,  0.0000 ,
  0.0000 ,  0.0000 ,  0.0000 ,  0.0000 ,  0.0000 ,  0.0000 ,
  0.0000 ,  0.0000 ,  0.0000 ,  0.0000 ,  0.0000 ,  0.0000 ,
  0.0000 ,  0.0000 ,  0.0000 ,  0.0000 ,  0.0000 ,  0.0000 ,
  0.0000 ,  0.0000 ,  0.0000 ,  0.0000 ,  0.0000 ,  0.0000 ,
  0.0000 ,  0.0000 ,  0.0000 ,  0.0000 ,  0.0000 ,  0.0000 ,
  0.0000 ,  0.0000 ,  0.0000 ,  0.0000 ,  0.0000 ,  0.0000 ,
  0.0000 ,  0.0000 ,  0.0000 ,  0.0000 ,  0.0000 ,  0.0000 ,
  0.0000 ,  0.0000 ,  0.0000 ,  0.0000 ,  0.0000 ,  0.0000 ,
  0.0000 ,  0.0000 ,  0.0000 ,  0.0000 ,  0.0000 ,  0.0000 ,
  0.0000 ,  0.0000 ,  0.0000 ,  0.0000 ,  0.0000 ,  0.0000 ,
  0.0000 ,  0.0000 ,  0.0000 ,  0.0000 ,  0.0000 ,  0.0000 ,
  0.0000 ,  0.0000 ,  0.0000 ,  0.0000 ,  0.0000 ,  0.0000 ,
  0.0000 ,  0.0000 ,  0.0000 ,  0.0000 ,  0.0000 ,  0.0000 ,
  0.0000 ,  0.0000 ,  0.0000 ,  0.0000 ,  0.0000 ,  0.0000 ,
  0.0000 ,  0.0000 ,  0.0000 ,  0.0000 ,  0.0000 ,  0.0000 ,
  0.0000 ,  0.0000 ,  0.0000 ,  0.0000 ,  0.0000 ,  0.0000 ,
  0.0000 ,  0.0000 ,  0.0000 ,  0.0000 ,  0.0000 ,  0.0000 ,
  0.0000 ,  0.0000 ,  0.0000 ,  0.0000 ,  0.0000 ,  0.0000 ,
  0.0000 ,  0.0000 ,  0.0000 ,  0.0000 ,  0.0000 ,  0.0000 ,
  0.0000 ,  0.0000 ,  0.0000 ,  0.0000 ,  0.0000 ,  0.0000 ,
  0.0000 ,  0.0000 ,  0.0000 ,  0.0000 ,  0.0000 ,  0.0000 ,
  0.0000 ,  0.0000 ,  0.0000 ,  0.0000 ,  0.0000 ,  0.0000 ,
  0.0000 ,  0.0000 ,  0.0000 ,  0.0000 ,  0.0000 ,  0.0000 ,
  0.0000 ,  0.0000 ,  0.0000 ,  0.0000 ,  0.0000 ,  0.0000 ,
  0.0000 ,  0.0000 ,  0.0000 ,  0.0000 ,  0.0000 ,  0.0000 ,
  0.0000 ,  0.0000 ,  0.0000 ,  0.0000 ,  0.0000 ,  0.0000 ,
  0.0000 ,  0.0000 ,  0.0000 ,  0.0000 ,  0.0000 ,  0.0000 ,
  0.0000 ,  0.0000 ,  0.0000 ,  0.0000 ,  0.0000 ,  0.0000 ,
  0.0000 ,  0.0000 ,  0.0000 ,  0.0000 ,  0.0000 ,  0.0000 ,
  0.0000 ,  0.0000 ,  0.0000 ,  0.0000 ,  0.0000 ,  0.0000 ,
  0.0000 ,  0.0000 ,  0.0000 ,  0.0000 ,  0.0000 ,  0.0000 ,
  0.0000 ,  0.0000 ,  0.0000 ,  0.0000 ,  0.0000 ,  0.0000 ,
  0.0000 ,  0.0000 ,  0.0000 ,  0.0000 ,  0.0000 ,  0.0000 ,
  0.0000 ,  0.0000 ,  0.0000 ,  0.0000 ,  0.0000 ,  0.0000 ,
  0.0000 ,  0.0000 ,  0.0000 ,  0.0000 ,  0.0000 ,  0.0000 ,
  0.0000 ,  0.0000 ,  0.0000 ,  0.0000 ,  0.0000 ,  0.0000 ,
  0.0000 ,  0.0000 ,  0.0000 ,  0.0000 ,  0.0000 ,  0.0000 ,
  0.0000 ,  0.0000 ,  0.0000 ,  0.0000 ,  0.0000 ,  0.0000 ,
  0.0000 ,  0.0000 ,  0.0000 ,  0.0000 ,  0.0000 ,  0.0000 ,
  0.0000 ,  0.0000 ,  0.0000 ,  0.0000 ,  0.0000 ,  0.0000 ,
  0.0000 ,  0.0000 ,  0.0000 ,  0.0000 ,  0.0000 ,  0.0000 ,
  0.0000 ,  0.0000 ,  0.0000 ,  0.0000 ,  0.0000 ,  0.0000 ,
  0.0000 ,  0.0000 ,  0.0000 ,  0.0000 ,  0.0000 ,  0.0000 ,
  0.0000 ,  0.0000 ,  0.0000 ,  0.0000 ,  0.0000 ,  0.0000 ,
  0.0000 ,  0.0000 ,  0.0000 ,  0.0000 ,  0.0000 ,  0.0000 ,
  0.0000 ,  0.0000 ,  0.0000 ,  0.0000 ,  0.0000 ,  0.0000 ,
  0.0000 ,  0.0000 ,  0.0000 ,  0.0000 ,  0.0000 ,  0.0000 ,
  0.0000 ,  0.0000 ,  0.0000 ,  0.0000 ,  0.0000 ,  0.0000 ,
  0.0000 ,  0.0000 ,  0.0000 ,  0.0000 ,  0.0000 ,  0.0000 ,
  0.0000 ,  0.0000 ,  0.0000 ,  0.0000 ,  0.0000 ,  0.0000 ,
  0.0000 ,  0.0000 ,  0.0000 ,  0.0000 ,  0.0000 ,  0.0000 ,
  0.0000 ,  0.0000 ,  0.0000 ,  0.0000 ,  0.0000 ,  0.0000 ,
  0.0000 ,  0.0000 ,  0.0000 ,  0.0000 ,  0.0000 ,  0.0000 ,
  0.0000 ,  0.0000 ,  0.0000 ,  0.0000 ,  0.0000 ,  0.0000 ,
  0.0000 ,  0.0000 ,  0.0000 ,  0.0000 ,  0.0000 ,  0.0000 ,
  0.0000 ,  0.0000 ,  0.0000 ,  0.0000 ,  0.0000 ,  0.0000 ,
  0.0000 ,  0.0000 ,  0.0000 ,  0.0000 ,  0.0000 ,  0.0000 ,
  0.0000 ,  0.0000 ,  0.0000 ,  0.0000 ,  0.0000 ,  0.0000 ,
  0.0000 ,  0.0000 ,  0.0000 ,  0.0000 ,  0.0000 ,  0.0000 ,
  0.0000 ,  0.0000 ,  0.0000 ,  0.0000 ,  0.0000 ,  0.0000 ,
  0.0000 ,  0.0000 ,  0.0000 ,  0.0000 ,  0.0000 ,  0.0000 ,
  0.0000 ,  0.0000 ,  0.0000 ,  0.0000 ,  0.0000 ,  0.0000 ,
  0.0000 ,  0.0000 ,  0.0000 ,  0.0000 ,  0.0000 ,  0.0000 ,
  0.0000 ,  0.0000 ,  0.0000 ,  0.0000 ,  0.0000 ,  0.0000 ,
  0.0000 ,  0.0000 ,  0.0000 ,  0.0000 ,  0.0000 ,  0.0000 ,
  0.0000 ,  0.0000 ,  0.0000 ,  0.0000 ,  0.0000 ,  0.0000 ,
  0.0000 ,  0.0000 ,  0.0000 ,  0.0000 ,  0.0000 ,  0.0000 ,
  0.0000 ,  0.0000 ,  0.0000 ,  0.0000 ,  0.0000 ,  0.0000 ,
  0.0000 ,  0.0000 ,  0.0000 ,  0.0000 ,  0.0000 ,  0.0000 ,
  0.0000 ,  0.0000 ,  0.0000 ,  0.0000 ,  0.0000 ,  0.0000 ,
  0.0000 ,  0.0000 ,  0.0000 ,  0.0000 ,  0.0000 ,  0.0000 ,
  0.0000 ,  0.0000 ,  0.0000 ,  0.0000 ,  0.0000 ,  0.0000 ,
  0.0000 ,  0.0000 ,  0.0000 ,  0.0000 ,  0.0000 ,  0.0000 ,
  0.0000 ,  0.0000 ,  0.0000 ,  0.0000 ,  0.0000 ,  0.0000 ,
  0.0000 ,  0.0000 ,  0.0000 ,  0.0000 ,  0.0000 ,  0.0000 ,
  0.0000 ,  0.0000 ,  0.0000 ,  0.0000 ,  0.0000 ,  0.0000 ,
  0.0000 ,  0.0000 ,  0.0000 ,  0.0000 ,  0.0000 ,  0.0000 ,
  0.0000 ,  0.0000 ,  0.0000 ,  0.0000 ,  0.0000 ,  0.0000 ,
  0.0000 ,  0.0000 ,  0.0000 ,  0.0000 ,  0.0000 ,  0.0000 ,
  0.0000 ,  0.0000 ,  0.0000 ,  0.0000 ,  0.0000 ,  0.0000 ,
  0.0000 ,  0.0000 ,  0.0000 ,  0.0000 ,  0.0000 ,  0.0000 ,
  0.0000 ,  0.0000 ,  0.0000 ,  0.0000 ,  0.0000 ,  0.0000 ,
  0.0000 ,  0.0000 ,  0.0000 ,  0.0000 ,  0.0000 ,  0.0000 ,
  0.0000 ,  0.0000 ,  0.0000 ,  0.0000 ,  0.0000 ,  0.0000 ,
  0.0000 ,  0.0000 ,  0.0000 ,  0.0000 ,  0.0000 ,  0.0000 ,
  0.0000 ,  0.0000 ,  0.0000 ,  0.0000 ,  0.0000 ,  0.0000 ,
  0.0000 ,  0.0000 ,  0.0000 ,  0.0000 ,  0.0000 ,  0.0000 ,
  0.0000 ,  0.0000 ,  0.0000 ,  0.0000 ,  0.0000 ,  0.0000 ,
  0.0000 ,  0.0000 ,  0.0000 ,  0.0000 ,  0.0000 ,  0.0000 ,
  0.0000 ,  0.0000 ,  0.0000 ,  0.0000 ,  0.0000 ,  0.0000 ,
  0.0000 ,  0.0000 ,  0.0000 ,  0.0000 ,  0.0000 ,  0.0000 ,
  0.0000 ,  0.0000 ,  0.0000 ,  0.0000 ,  0.0000 ,  0.0000 ,
  0.0000 ,  0.0000 ,  0.0000 ,  0.0000 ,  0.0000 ,  0.0000 ,
  0.0000 ,  0.0000 ,  0.0000 ,  0.0000 ,  0.0000 ,  0.0000 ,
  0.0000 ,  0.0000 ,  0.0000 ,  0.0000 ,  0.0000 ,  0.0000 ,
  0.0000 ,  0.0000 ,  0.0000 ,  0.0000 ,  0.0000 ,  0.0000 ,
  0.0000 ,  0.0000 ,  0.0000 ,  0.0000 ,  0.0000 ,  0.0000 ,
  0.0000 ,  0.0000 ,  0.0000 ,  0.0000 ,  0.0000 ,  0.0000 ,
  0.0000 ,  0.0000 ,  0.0000 ,  0.0000 ,  0.0000 ,  0.0000 ,
  0.0000 ,  0.0000 ,  0.0000 ,  0.0000 ,  0.0000 ,  0.0000 ,
  0.0000 ,  0.0000 ,  0.0000 ,  0.0000 ,  0.0000 ,  0.0000 ,
  0.0000 ,  0.0000 ,  0.0000 ,  0.0000 ,  0.0000 ,  0.0000 ,
  0.0000 ,  0.0000 ,  0.0000 ,  0.0000 ,  0.0000 ,  0.0000 ,
  0.0000 ,  0.0000 ,  0.0000 ,  0.0000 ,  0.0000 ,  0.0000 ,
  0.0000 ,  0.0000 ,  0.0000 ,  0.0000 ,  0.0000 ,  0.0000 ,
  0.0000 ,  0.0000 ,  0.0000 ,  0.0000 ,  0.0000 ,  0.0000 ,
  0.0000 ,  0.0000 ,  0.0000 ,  0.0000 ,  0.0000 ,  0.0000 ,
  0.0000 ,  0.0000 ,  0.0000 ,  0.0000 ,  0.0000 ,  0.0000 ,
  0.0000 ,  0.0000 ,  0.0000 ,  0.0000 ,  0.0000 ,  0.0000 ,
  0.0000 ,  0.0000 ,  0.0000 ,  0.0000 ,  0.0000 ,  0.0000 ,
  0.0000 ,  0.0000 ,  0.0000 ,  0.0000 ,  0.0000 ,  0.0000 ,
  0.0000 ,  0.0000 ,  0.0000 ,  0.0000 ,  0.0000 ,  0.0000 ,
  0.0000 ,  0.0000 ,  0.0000 ,  0.0000 ,  0.0000 ,  0.0000 ,
  0.0000 ,  0.0000 ,  0.0000 ,  0.0000 ,  0.0000 ,  0.0000 ,
  0.0000 ,  0.0000 ,  0.0000 ,  0.0000 ,  0.0000 ,  0.0000 ,
  0.0000 ,  0.0000 ,  0.0000 ,  0.0000 ,  0.0000 ,  0.0000 ,
  0.0000 ,  0.0000 ,  0.0000 ,  0.0000 ,  0.0000 ,  0.0000 ,
  0.0000 ,  0.0000 ,  0.0000 ,  0.0000 ,  0.0000 ,  0.0000 ,
  0.0000 ,  0.0000 ,  0.0000 ,  0.0000 ,  0.0000 ,  0.0000 ,
  0.0000 ,  0.0000 ,  0.0000 ,  0.0000 ,  0.0000 ,  0.0000 ,
  0.0000 ,  0.0000 ,  0.0000 ,  0.0000 ,  0.0000 ,  0.0000 ,
  0.0000 ,  0.0000 ,  0.0000 ,  0.0000 ,  0.0000 ,  0.0000 ,
  0.0000 ,  0.0000 ,  0.0000 ,  0.0000 ,  0.0000 ,  0.0000 ,
  0.0000 ,  0.0000 ,  0.0000 ,  0.0000 ,  0.0000 ,  0.0000 ,
  0.0000 ,  0.0000 ,  0.0000 ,  0.0000 ,  0.0000 ,  0.0000 ,
  0.0000 ,  0.0000 ,  0.0000 ,  0.0000 ,  0.0000 ,  0.0000 ,
  0.0000 ,  0.0000 ,  0.0000 ,  0.0000 ,  0.0000 ,  0.0000 ,
  0.0000 ,  0.0000 ,  0.0000 ,  0.0000 ,  0.0000 ,  0.0000 ,
  0.0000 ,  0.0000 ,  0.0000 ,  0.0000 ,  0.0000 ,  0.0000 ,
  0.0000 ,  0.0000 ,  0.0000 ,  0.0000 ,  0.0000 ,  0.0000 ,
  0.0000 ,  0.0000 ,  0.0000 ,  0.0000 ,  0.0000 ,  0.0000 ,
  0.0000 ,  0.0000 ,  0.0000 ,  0.0000 ,  0.0000 ,  0.0000 ,
  0.0000 ,  0.0000 ,  0.0000 ,  0.0000 ,  0.0000 ,  0.0000 ,
  0.0000 ,  0.0000 ,  0.0000 ,  0.0000 ,  0.0000 ,  0.0000 ,
  0.0000 ,  0.0000 ,  0.0000 ,  0.0000 ,  0.0000 ,  0.0000 ,
  0.0000 ,  0.0000 ,  0.0000 ,  0.0000 ,  0.0000 ,  0.0000 ,
  0.0000 ,  0.0000 ,  0.0000 ,  0.0000 ,  0.0000 ,  0.0000 ,
  0.0000 ,  0.0000 ,  0.0000 ,  0.0000 ,  0.0000 ,  0.0000 ,
  0.0000 ,  0.0000 ,  0.0000 ,  0.0000 ,  0.0000 ,  0.0000 ,
  0.0000 ,  0.0000 ,  0.0000 ,  0.0000 ,  0.0000 ,  0.0000 ,
  0.0000 ,  0.0000 ,  0.0000 ,  0.0000 ,  0.0000 ,  0.0000 ,
  0.0000 ,  0.0000 ,  0.0000 ,  0.0000 ,  0.0000 ,  0.0000 ,
  0.0000 ,  0.0000 ,  0.0000 ,  0.0000 ,  0.0000 ,  0.0000 ,
  0.0000 ,  0.0000 ,  0.0000 ,  0.0000 ,  0.0000 ,  0.0000 ,
  0.0000 ,  0.0000 ,  0.0000 ,  0.0000 ,  0.0000 ,  0.0000 ,
  0.0000 ,  0.0000 ,  0.0000 ,  0.0000 ,  0.0000 ,  0.0000 ,
  0.0000 ,  0.0000 ,  0.0000 ,  0.0000 ,  0.0000 ,  0.0000 ,
  0.0000 ,  0.0000 ,  0.0000 ,  0.0000 ,  0.0000 ,  0.0000 ,
  0.0000 ,  0.0000 ,  0.0000 ,  0.0000 ,  0.0000 ,  0.0000 ,
  0.0000 ,  0.0000 ,  0.0000 ,  0.0000 ,  0.0000 ,  0.0000 ,
  0.0000 ,  0.0000 ,  0.0000 ,  0.0000 ,  0.0000 ,  0.0000 ,
  0.0000 ,  0.0000 ,  0.0000 ,  0.0000 ,  0.0000 ,  0.0000 ,
  0.0000 ,  0.0000 ,  0.0000 ,  0.0000 ,  0.0000 ,  0.0000 ,
  0.0000 ,  0.0000 ,  0.0000 ,  0.0000 ,  0.0000 ,  0.0000 ,
  0.0000 ,  0.0000 ,  0.0000 ,  0.0000 ,  0.0000 ,  0.0000 ,
  0.0000 ,  0.0000 ,  0.0000 ,  0.0000 ,  0.0000 ,  0.0000 ,
  0.0000 ,  0.0000 ,  0.0000 ,  0.0000 ,  0.0000 ,  0.0000 ,
  0.0000 ,  0.0000 ,  0.0000 ,  0.0000 ,  0.0000 ,  0.0000 ,
  0.0000 ,  0.0000 ,  0.0000 ,  0.0000 ,  0.0000 ,  0.0000 ,
  0.0000 ,  0.0000 ,  0.0000 ,  0.0000 ,  0.0000 ,  0.0000 ,
  0.0000 ,  0.0000 ,  0.0000 ,  0.0000 ,  0.0000 ,  0.0000 ,
  0.0000 ,  0.0000 ,  0.0000 ,  0.0000 ,  0.0000 ,  0.0000 ,
  0.0000 ,  0.0000 ,  0.0000 ,  0.0000 ,  0.0000 ,  0.0000 ,
  0.0000 ,  0.0000 ,  0.0000 ,  0.0000 ,  0.0000 ,  0.0000 ,
  0.0000 ,  0.0000 ,  0.0000 ,  0.0000 ,  0.0000 ,  0.0000 ,
  0.0000 ,  0.0000 ,  0.0000 ,  0.0000 ,  0.0000 ,  0.0000 ,
  0.0000 ,  0.0000 ,  0.0000 ,  0.0000 ,  0.0000 ,  0.0000 ,
  0.0000 ,  0.0000 ,  0.0000 ,  0.0000 ,  0.0000 ,  0.0000 ,
  0.0000 ,  0.0000 ,  0.0000 ,  0.0000 ,  0.0000 ,  0.0000 ,
  0.0000 ,  0.0000 ,  0.0000 ,  0.0000 ,  0.0000 ,  0.0000 ,
  0.0000 ,  0.0000 ,  0.0000 ,  0.0000 ,  0.0000 ,  0.0000 ,
  0.0000 ,  0.0000 ,  0.0000 ,  0.0000 ,  0.0000 ,  0.0000 ,
  0.0000 ,  0.0000 ,  0.0000 ,  0.0000 ,  0.0000 ,  0.0000 ,
  0.0000 ,  0.0000 ,  0.0000 ,  0.0000 ,  0.0000 ,  0.0000 ,
  0.0000 ,  0.0000 ,  0.0000 ,  0.0000 ,  0.0000 ,  0.0000 ,
  0.0000 ,  0.0000 ,  0.0000 ,  0.0000 ,  0.0000 ,  0.0000 ,
  0.0000 ,  0.0000 ,  0.0000 ,  0.0000 ,  0.0000 ,  0.0000 ,
  0.0000 ,  0.0000 ,  0.0000 ,  0.0000 ,  0.0000 ,  0.0000 ,
  0.0000 ,  0.0000 ,  0.0000 ,  0.0000 ,  0.0000 ,  0.0000 ,
  0.0000 ,  0.0000 ,  0.0000 ,  0.0000 ,  0.0000 ,  0.0000 ,
  0.0000 ,  0.0000 ,  0.0000 ,  0.0000 ,  0.0000 ,  0.0000 ,
  0.0000 ,  0.0000 ,  0.0000 ,  0.0000 ,  0.0000 ,  0.0000 ,
  0.0000 ,  0.0000 ,  0.0000 ,  0.0000 ,  0.0000 ,  0.0000 ,
  0.0000 ,  0.0000 ,  0.0000 ,  0.0000 ,  0.0000 ,  0.0000 ,
  0.0000 ,  0.0000 ,  0.0000 ,  0.0000 ,  0.0000 ,  0.0000 ,
  0.0000 ,  0.0000 ,  0.0000 ,  0.0000 ,  0.0000 ,  0.0000 ,
  0.0000 ,  0.0000 ,  0.0000 ,  0.0000 ,  0.0000 ,  0.0000 ,
  0.0000 ,  0.0000 ,  0.0000 ,  0.0000 ,  0.0000 ,  0.0000 ,
  0.0000 ,  0.0000 ,  0.0000 ,  0.0000 ,  0.0000 ,  0.0000 ,
  0.0000 ,  0.0000 ,  0.0000 ,  0.0000 ,  0.0000 ,  0.0000 ,
  0.0000 ,  0.0000 ,  0.0000 ,  0.0000 ,  0.0000 ,  0.0000 ,
  0.0000 ,  0.0000 ,  0.0000 ,  0.0000 ,  0.0000 ,  0.0000 ,
  0.0000 ,  0.0000 ,  0.0000 ,  0.0000 ,  0.0000 ,  0.0000 ,
  0.0000 ,  0.0000 ,  0.0000 ,  0.0000 ,  0.0000 ,  0.0000 ,
  0.0000 ,  0.0000 ,  0.0000 ,  0.0000 ,  0.0000 ,  0.0000 ,
  0.0000 ,  0.0000 ,  0.0000 ,  0.0000 ,  0.0000 ,  0.0000 ,
  0.0000 ,  0.0000 ,  0.0000 ,  0.0000 ,  0.0000 ,  0.0000 ,
  0.0000 ,  0.0000 ,  0.0000 ,  0.0000 ,  0.0000 ,  0.0000 ,
  0.0000 ,  0.0000 ,  0.0000 ,  0.0000 ,  0.0000 ,  0.0000 ,
  0.0000 ,  0.0000 ,  0.0000 ,  0.0000 ,  0.0000 ,  0.0000 ,
  0.0000 ,  0.0000 ,  0.0000 ,  0.0000 ,  0.0000 ,  0.0000 ,
  0.0000 ,  0.0000 ,  0.0000 ,  0.0000 ,  0.0000 ,  0.0000 ,
  0.0000 ,  0.0000 ,  0.0000 ,  0.0000 ,  0.0000 ,  0.0000 ,
  0.0000 ,  0.0000 ,  0.0000 ,  0.0000 ,  0.0000 ,  0.0000 ,
  0.0000 ,  0.0000 ,  0.0000 ,  0.0000 ,  0.0000 ,  0.0000 ,
  0.0000 ,  0.0000 ,  0.0000 ,  0.0000 ,  0.0000 ,  0.0000 ,
  0.0000 ,  0.0000 ,  0.0000 ,  0.0000 ,  0.0000 ,  0.0000 ,
  0.0000 ,  0.0000 ,  0.0000 ,  0.0000 ,  0.0000 ,  0.0000 ,
  0.0000 ,  0.0000 ,  0.0000 ,  0.0000 ,  0.0000 ,  0.0000 ,
  0.0000 ,  0.0000 ,  0.0000 ,  0.0000 ,  0.0000 ,  0.0000 ,
  0.0000 ,  0.0000 ,  0.0000 ,  0.0000 ,  0.0000 ,  0.0000 ,
  0.0000 ,  0.0000 ,  0.0000 ,  0.0000 ,  0.0000 ,  0.0000 ,
  0.0000 ,  0.0000 ,  0.0000 ,  0.0000 ,  0.0000 ,  0.0000 ,
  0.0000 ,  0.0000 ,  0.0000 ,  0.0000 ,  0.0000 ,  0.0000 ,
  0.0000 ,  0.0000 ,  0.0000 ,  0.0000 ,  0.0000 ,  0.0000 ,
  0.0000 ,  0.0000 ,  0.0000 ,  0.0000 ,  0.0000 ,  0.0000 ,
  0.0000 ,  0.0000 ,  0.0000 ,  0.0000 ,  0.0000 ,  0.0000 ,
  0.0000 ,  0.0000 ,  0.0000 ,  0.0000 ,  0.0000 ,  0.0000 ,
  0.0000 ,  0.0000 ,  0.0000 ,  0.0000 ,  0.0000 ,  0.0000 ,
  0.0000 ,  0.0000 ,  0.0000 ,  0.0000 ,  0.0000 ,  0.0000 ,
  0.0000 ,  0.0000 ,  0.0000 ,  0.0000 ,  0.0000 ,  0.0000 ,
  0.0000 ,  0.0000 ,  0.0000 ,  0.0000 ,  0.0000 ,  0.0000 ,
  0.0000 ,  0.0000 ,  0.0000 ,  0.0000 ,  0.0000 ,  0.0000 ,
  0.0000 ,  0.0000 ,  0.0000 ,  0.0000 ,  0.0000 ,  0.0000 ,
  0.0000 ,  0.0000 ,  0.0000 ,  0.0000 ,  0.0000 ,  0.0000 ,
  0.0000 ,  0.0000 ,  0.0000 ,  0.0000 ,  0.0000 ,  0.0000 ,
  0.0000 ,  0.0000 ,  0.0000 ,  0.0000 ,  0.0000 ,  0.0000 ,
  0.0000 ,  0.0000 ,  0.0000 ,  0.0000 ,  0.0000 ,  0.0000 ,
  0.0000 ,  0.0000 ,  0.0000 ,  0.0000 ,  0.0000 ,  0.0000 ,
  0.0000 ,  0.0000 ,  0.0000 ,  0.0000 ,  0.0000 ,  0.0000 ,
  0.0000 ,  0.0000 ,  0.0000 ,  0.0000 ,  0.0000 ,  0.0000 ,
  0.0000 ,  0.0000 ,  0.0000 ,  0.0000 ,  0.0000 ,  0.0000 ,
  0.0000 ,  0.0000 ,  0.0000 ,  0.0000 ,  0.0000 ,  0.0000 ,
  0.0000 ,  0.0000 ,  0.0000 ,  0.0000 ,  0.0000 ,  0.0000 ,
  0.0000 ,  0.0000 ,  0.0000 ,  0.0000 ,  0.0000 ,  0.0000 ,
  0.0000 ,  0.0000 ,  0.0000 ,  0.0000 ,  0.0000 ,  0.0000 ,
  0.0000 ,  0.0000 ,  0.0000 ,  0.0000 ,  0.0000 ,  0.0000 ,
  0.0000 ,  0.0000 ,  0.0000 ,  0.0000 ,  0.0000 ,  0.0000 ,
  0.0000 ,  0.0000 ,  0.0000 ,  0.0000 ,  0.0000 ,  0.0000 ,
  0.0000 ,  0.0000 ,  0.0000 ,  0.0000 ,  0.0000 ,  0.0000 ,
  0.0000 ,  0.0000 ,  0.0000 ,  0.0000 ,  0.0000 ,  0.0000 ,
  0.0000 ,  0.0000 ,  0.0000 ,  0.0000 ,  0.0000 ,  0.0000 ,
  0.0000 ,  0.0000 ,  0.0000 ,  0.0000 ,  0.0000 ,  0.0000 ,
  0.0000 ,  0.0000 ,  0.0000 ,  0.0000 ,  0.0000 ,  0.0000 ,
  0.0000 ,  0.0000 ,  0.0000 ,  0.0000 ,  0.0000 ,  0.0000 ,
  0.0000 ,  0.0000 ,  0.0000 ,  0.0000 ,  0.0000 ,  0.0000 ,
  0.0000 ,  0.0000 ,  0.0000 ,  0.0000 ,  0.0000 ,  0.0000 ,
  0.0000 ,  0.0000 ,  0.0000 ,  0.0000 ,  0.0000 ,  0.0000 ,
  0.0000 ,  0.0000 ,  0.0000 ,  0.0000 ,  0.0000 ,  0.0000 ,
  0.0000 ,  0.0000 ,  0.0000 ,  0.0000 ,  0.0000 ,  0.0000 ,
  0.0000 ,  0.0000 ,  0.0000 ,  0.0000 ,  0.0000 ,  0.0000 ,
  0.0000 ,  0.0000 ,  0.0000 ,  0.0000 ,  0.0000 ,  0.0000 ,
  0.0000 ,  0.0000 ,  0.0000 ,  0.0000 ,  0.0000 ,  0.0000 ,
  0.0000 ,  0.0000 ,  0.0000 ,  0.0000 ,  0.0000 ,  0.0000 ,
  0.0000 ,  0.0000 ,  0.0000 ,  0.0000 ,  0.0000 ,  0.0000 ,
  0.0000 ,  0.0000 ,  0.0000 ,  0.0000 ,  0.0000 ,  0.0000 ,
  0.0000 ,  0.0000 ,  0.0000 ,  0.0000 ,  0.0000 ,  0.0000 ,
  0.0000 ,  0.0000 ,  0.0000 ,  0.0000 ,  0.0000 ,  0.0000 ,
  0.0000 ,  0.0000 ,  0.0000 ,  0.0000 ,  0.0000 ,  0.0000 ,
  0.0000 ,  0.0000 ,  0.0000 ,  0.0000 ,  0.0000 ,  0.0000 ,
  0.0000 ,  0.0000 ,  0.0000 ,  0.0000 ,  0.0000 ,  0.0000 ,
  0.0000 ,  0.0000 ,  0.0000 ,  0.0000 ,  0.0000 ,  0.0000 ,
  0.0000 ,  0.0000 ,  0.0000 ,  0.0000 ,  0.0000 ,  0.0000 ,
  0.0000 ,  0.0000 ,  0.0000 ,  0.0000 ,  0.0000 ,  0.0000 ,
  0.0000 ,  0.0000 ,  0.0000 ,  0.0000 ,  0.0000 ,  0.0000 ,
  0.0000 ,  0.0000 ,  0.0000 ,  0.0000 ,  0.0000 ,  0.0000 ,
  0.0000 ,  0.0000 ,  0.0000 ,  0.0000 ,  0.0000 ,  0.0000 ,
  0.0000 ,  0.0000 ,  0.0000 ,  0.0000 ,  0.0000 ,  0.0000 ,
  0.0000 ,  0.0000 ,  0.0000 ,  0.0000 ,  0.0000 ,  0.0000 ,
  0.0000 ,  0.0000 ,  0.0000 ,  0.0000 ,  0.0000 ,  0.0000 ,
  0.0000 ,  0.0000 ,  0.0000 ,  0.0000 ,  0.0000 ,  0.0000 ,
  0.0000 ,  0.0000 ,  0.0000 ,  0.0000 ,  0.0000 ,  0.0000 ,
  0.0000 ,  0.0000 ,  0.0000 ,  0.0000 ,  0.0000 ,  0.0000 ,
  0.0000 ,  0.0000 ,  0.0000 ,  0.0000 ,  0.0000 ,  0.0000 ,
  0.0000 ,  0.0000 ,  0.0000 ,  0.0000 ,  0.0000 ,  0.0000 ,
  0.0000 ,  0.0000 ,  0.0000 ,  0.0000 ,  0.0000 ,  0.0000 ,
  0.0000 ,  0.0000 ,  0.0000 ,  0.0000 ,  0.0000 ,  0.0000 ,
  0.0000 ,  0.0000 ,  0.0000 ,  0.0000 ,  0.0000 ,  0.0000 ,
  0.0000 ,  0.0000 ,  0.0000 ,  0.0000 ,  0.0000 ,  0.0000 ,
  0.0000 ,  0.0000 ,  0.0000 ,  0.0000 ,  0.0000 ,  0.0000 ,
  0.0000 ,  0.0000 ,  0.0000 ,  0.0000 ,  0.0000 ,  0.0000 ,
  0.0000 ,  0.0000 ,  0.0000 ,  0.0000 ,  0.0000 ,  0.0000 ,
  0.0000 ,  0.0000 ,  0.0000 ,  0.0000 ,  0.0000 ,  0.0000 ,
  0.0000 ,  0.0000 ,  0.0000 ,  0.0000 ,  0.0000 ,  0.0000 ,
  0.0000 ,  0.0000 ,  0.0000 ,  0.0000 ,  0.0000 ,  0.0000 ,
  0.0000 ,  0.0000 ,  0.0000 ,  0.0000 ,  0.0000 ,  0.0000 ,
  0.0000 ,  0.0000 ,  0.0000 ,  0.0000 ,  0.0000 ,  0.0000 ,
  0.0000 ,  0.0000 ,  0.0000 ,  0.0000 ,  0.0000 ,  0.0000 ,
  0.0000 ,  0.0000 ,  0.0000 ,  0.0000 ,  0.0000 ,  0.0000 ,
  0.0000 ,  0.0000 ,  0.0000 ,  0.0000 ,  0.0000 ,  0.0000 ,
  0.0000 ,  0.0000 ,  0.0000 ,  0.0000 ,  0.0000 ,  0.0000 ,
  0.0000 ,  0.0000 ,  0.0000 ,  0.0000 ,  0.0000 ,  0.0000 ,
  0.0000 ,  0.0000 ,  0.0000 ,  0.0000 ,  0.0000 ,  0.0000 ,
  0.0000 ,  0.0000 ,  0.0000 ,  0.0000 ,  0.0000 ,  0.0000 ,
  0.0000 ,  0.0000 ,  0.0000 ,  0.0000 ,  0.0000 ,  0.0000 ,
  0.0000 ,  0.0000 ,  0.0000 ,  0.0000 ,  0.0000 ,  0.0000 ,
  0.0000 ,  0.0000 ,  0.0000 ,  0.0000 ,  0.0000 ,  0.0000 ,
  0.0000 ,  0.0000 ,  0.0000 ,  0.0000 ,  0.0000 ,  0.0000 ,
  0.0000 ,  0.0000 ,  0.0000 ,  0.0000 ,  0.0000 ,  0.0000 ,
  0.0000 ,  0.0000 ,  0.0000 ,  0.0000 ,  0.0000 ,  0.0000 ,
  0.0000 ,  0.0000 ,  0.0000 ,  0.0000 ,  0.0000 ,  0.0000 ,
  0.0000 ,  0.0000 ,  0.0000 ,  0.0000 ,  0.0000 ,  0.0000 ,
  0.0000 ,  0.0000 ,  0.0000 ,  0.0000 ,  0.0000 ,  0.0000 ,
  0.0000 ,  0.0000 ,  0.0000 ,  0.0000 ,  0.0000 ,  0.0000 ,
  0.0000 ,  0.0000 ,  0.0000 ,  0.0000 ,  0.0000 ,  0.0000 ,
  0.0000 ,  0.0000 ,  0.0000 ,  0.0000 ,  0.0000 ,  0.0000 ,
  0.0000 ,  0.0000 ,  0.0000 ,  0.0000 ,  0.0000 ,  0.0000 ,
  0.0000 ,  0.0000 ,  0.0000 ,  0.0000 ,  0.0000 ,  0.0000 ,
  0.0000 ,  0.0000 ,  0.0000 ,  0.0000 ,  0.0000 ,  0.0000 ,
  0.0000 ,  0.0000 ,  0.0000 ,  0.0000 ,  0.0000 ,  0.0000 ,
  0.0000 ,  0.0000 ,  0.0000 ,  0.0000 ,  0.0000 ,  0.0000 ,
  0.0000 ,  0.0000 ,  0.0000 ,  0.0000 ,  0.0000 ,  0.0000 ,
  0.0000 ,  0.0000 ,  0.0000 ,  0.0000 ,  0.0000 ,  0.0000 ,
  0.0000 ,  0.0000 ,  0.0000 ,  0.0000 ,  0.0000 ,  0.0000 ,
  0.0000 ,  0.0000 ,  0.0000 ,  0.0000 ,  0.0000 ,  0.0000 ,
  0.0000 ,  0.0000 ,  0.0000 ,  0.0000 ,  0.0000 ,  0.0000 ,
  0.0000 ,  0.0000 ,  0.0000 ,  0.0000 ,  0.0000 ,  0.0000 ,
  0.0000 ,  0.0000 ,  0.0000 ,  0.0000 ,  0.0000 ,  0.0000 ,
  0.0000 ,  0.0000 ,  0.0000 ,  0.0000 ,  0.0000 ,  0.0000 ,
  0.0000 ,  0.0000 ,  0.0000 ,  0.0000 ,  0.0000 ,  0.0000 ,
  0.0000 ,  0.0000 ,  0.0000 ,  0.0000 ,  0.0000 ,  0.0000 ,
  0.0000 ,  0.0000 ,  0.0000 ,  0.0000 ,  0.0000 ,  0.0000 ,
  0.0000 ,  0.0000 ,  0.0000 ,  0.0000 ,  0.0000 ,  0.0000 ,
  0.0000 ,  0.0000 ,  0.0000 ,  0.0000 ,  0.0000 ,  0.0000 ,
  0.0000 ,  0.0000 ,  0.0000 ,  0.0000 ,  0.0000 ,  0.0000 ,
  0.0000 ,  0.0000 ,  0.0000 ,  0.0000 ,  0.0000 ,  0.0000 ,
  0.0000 ,  0.0000 ,  0.0000 ,  0.0000 ,  0.0000 ,  0.0000 ,
  0.0000 ,  0.0000 ,  0.0000 ,  0.0000 ,  0.0000 ,  0.0000 ,
  0.0000 ,  0.0000 ,  0.0000 ,  0.0000 ,  0.0000 ,  0.0000 ,
  0.0000 ,  0.0000 ,  0.0000 ,  0.0000 ,  0.0000 ,  0.0000 ,
  0.0000 ,  0.0000 ,  0.0000 ,  0.0000 ,  0.0000 ,  0.0000 ,
  0.0000 ,  0.0000 ,  0.0000 ,  0.0000 ,  0.0000 ,  0.0000 ,
  0.0000 ,  0.0000 ,  0.0000 ,  0.0000 ,  0.0000 ,  0.0000 ,
  0.0000 ,  0.0000 ,  0.0000 ,  0.0000 ,  0.0000 ,  0.0000 ,
  0.0000 ,  0.0000 ,  0.0000 ,  0.0000 ,  0.0000 ,  0.0000 ,
  0.0000 ,  0.0000 ,  0.0000 ,  0.0000 ,  0.0000 ,  0.0000 ,
  0.0000 ,  0.0000 ,  0.0000 ,  0.0000 ,  0.0000 ,  0.0000 ,
  0.0000 ,  0.0000 ,  0.0000 ,  0.0000 ,  0.0000 ,  0.0000 ,
  0.0000 ,  0.0000 ,  0.0000 ,  0.0000 ,  0.0000 ,  0.0000 ,
  0.0000 ,  0.0000 ,  0.0000 ,  0.0000 ,  0.0000 ,  0.0000 ,
  0.0000 ,  0.0000 ,  0.0000 ,  0.0000 ,  0.0000 ,  0.0000 ,
  0.0000 ,  0.0000 ,  0.0000 ,  0.0000 ,  0.0000 ,  0.0000 ,
  0.0000 ,  0.0000 ,  0.0000 ,  0.0000 ,  0.0000 ,  0.0000 ,
  0.0000 ,  0.0000 ,  0.0000 ,  0.0000 ,  0.0000 ,  0.0000 ,
  0.0000 ,  0.0000 ,  0.0000 ,  0.0000 ,  0.0000 ,  0.0000 ,
  0.0000 ,  0.0000 ,  0.0000 ,  0.0000 ,  0.0000 ,  0.0000 ,
  0.0000 ,  0.0000 ,  0.0000 ,  0.0000 ,  0.0000 ,  0.0000 ,
  0.0000 ,  0.0000 ,  0.0000 ,  0.0000 ,  0.0000 ,  0.0000 ,
  0.0000 ,  0.0000 ,  0.0000 ,  0.0000 ,  0.0000 ,  0.0000 ,
  0.0000 ,  0.0000 ,  0.0000 ,  0.0000 ,  0.0000 ,  0.0000 ,
  0.0000 ,  0.0000 ,  0.0000 ,  0.0000 ,  0.0000 ,  0.0000 ,
  0.0000 ,  0.0000 ,  0.0000 ,  0.0000 ,  0.0000 ,  0.0000 ,
  0.0000 ,  0.0000 ,  0.0000 ,  0.0000 ,  0.0000 ,  0.0000 ,
  0.0000 ,  0.0000 ,  0.0000 ,  0.0000 ,  0.0000 ,  0.0000 ,
  0.0000 ,  0.0000 ,  0.0000 ,  0.0000 ,  0.0000 ,  0.0000 ,
  0.0000 ,  0.0000 ,  0.0000 ,  0.0000 ,  0.0000 ,  0.0000 ,
  0.0000 ,  0.0000 ,  0.0000 ,  0.0000 ,  0.0000 ,  0.0000 ,
  0.0000 ,  0.0000 ,  0.0000 ,  0.0000 ,  0.0000 ,  0.0000 ,
  0.0000 ,  0.0000 ,  0.0000 ,  0.0000 ,  0.0000 ,  0.0000 ,
  0.0000 ,  0.0000 ,  0.0000 ,  0.0000 ,  0.0000 ,  0.0000 ,
  0.0000 ,  0.0000 ,  0.0000 ,  0.0000 ,  0.0000 ,  0.0000 ,
  0.0000 ,  0.0000 ,  0.0000 ,  0.0000 ,  0.0000 ,  0.0000 ,
  0.0000 ,  0.0000 ,  0.0000 ,  0.0000 ,  0.0000 ,  0.0000 ,
  0.0000 ,  0.0000 ,  0.0000 ,  0.0000 ,  0.0000 ,  0.0000 ,
  0.0000 ,  0.0000 ,  0.0000 ,  0.0000 ,  0.0000 ,  0.0000 ,
  0.0000 ,  0.0000 ,  0.0000 ,  0.0000 ,  0.0000 ,  0.0000 ,
  0.0000 ,  0.0000 ,  0.0000 ,  0.0000 ,  0.0000 ,  0.0000 ,
  0.0000 ,  0.0000 ,  0.0000 ,  0.0000 ,  0.0000 ,  0.0000 ,
  0.0000 ,  0.0000 ,  0.0000 ,  0.0000 ,  0.0000 ,  0.0000 ,
  0.0000 ,  0.0000 ,  0.0000 ,  0.0000 ,  0.0000 ,  0.0000 ,
  0.0000 ,  0.0000 ,  0.0000 ,  0.0000 ,  0.0000 ,  0.0000 ,
  0.0000 ,  0.0000 ,  0.0000 ,  0.0000 ,  0.0000 ,  0.0000 ,
  0.0000 ,  0.0000 ,  0.0000 ,  0.0000 ,  0.0000 ,  0.0000 ,
  0.0000 ,  0.0000 ,  0.0000 ,  0.0000 ,  0.0000 ,  0.0000 ,
  0.0000 ,  0.0000 ,  0.0000 ,  0.0000 ,  0.0000 ,  0.0000 ,
  0.0000 ,  0.0000 ,  0.0000 ,  0.0000 ,  0.0000 ,  0.0000 ,
  0.0000 ,  0.0000 ,  0.0000 ,  0.0000 ,  0.0000 ,  0.0000 ,
  0.0000 ,  0.0000 ,  0.0000 ,  0.0000 ,  0.0000 ,  0.0000 ,
  0.0000 ,  0.0000 ,  0.0000 ,  0.0000 ,  0.0000 ,  0.0000 ,
  0.0000 ,  0.0000 ,  0.0000 ,  0.0000 ,  0.0000 ,  0.0000 ,
  0.0000 ,  0.0000 ,  0.0000 ,  0.0000 ,  0.0000 ,  0.0000 ,
  0.0000 ,  0.0000 ,  0.0000 ,  0.0000 ,  0.0000 ,  0.0000 ,
  0.0000 ,  0.0000 ,  0.0000 ,  0.0000 ,  0.0000 ,  0.0000 ,
  0.0000 ,  0.0000 ,  0.0000 ,  0.0000 ,  0.0000 ,  0.0000 ,
  0.0000 ,  0.0000 ,  0.0000 ,  0.0000 ,  0.0000 ,  0.0000 ,
  0.0000 ,  0.0000 ,  0.0000 ,  0.0000 ,  0.0000 ,  0.0000 ,
  0.0000 ,  0.0000 ,  0.0000 ,  0.0000 ,  0.0000 ,  0.0000 ,
  0.0000 ,  0.0000 ,  0.0000 ,  0.0000 ,  0.0000 ,  0.0000 ,
  0.0000 ,  0.0000 ,  0.0000 ,  0.0000 ,  0.0000 ,  0.0000 ,
  0.0000 ,  0.0000 ,  0.0000 ,  0.0000 ,  0.0000 ,  0.0000 ,
  0.0000 ,  0.0000 ,  0.0000 ,  0.0000 ,  0.0000 ,  0.0000 ,
  0.0000 ,  0.0000 ,  0.0000 ,  0.0000 ,  0.0000 ,  0.0000 ,
  0.0000 ,  0.0000 ,  0.0000 ,  0.0000 ,  0.0000 ,  0.0000 ,
  0.0000 ,  0.0000 ,  0.0000 ,  0.0000 ,  0.0000 ,  0.0000 ,
  0.0000 ,  0.0000 ,  0.0000 ,  0.0000 ,  0.0000 ,  0.0000 ,
  0.0000 ,  0.0000 ,  0.0000 ,  0.0000 ,  0.0000 ,  0.0000 ,
  0.0000 ,  0.0000 ,  0.0000 ,  0.0000 ,  0.0000 ,  0.0000 ,
  0.0000 ,  0.0000 ,  0.0000 ,  0.0000 ,  0.0000 ,  0.0000 ,
  0.0000 ,  0.0000 ,  0.0000 ,  0.0000 ,  0.0000 ,  0.0000 ,
  0.0000 ,  0.0000 ,  0.0000 ,  0.0000 ,  0.0000 ,  0.0000 ,
  0.0000 ,  0.0000 ,  0.0000 ,  0.0000 ,  0.0000 ,  0.0000 ,
  0.0000 ,  0.0000 ,  0.0000 ,  0.0000 ,  0.0000 ,  0.0000 ,
  0.0000 ,  0.0000 ,  0.0000 ,  0.0000 ,  0.0000 ,  0.0000 ,
  0.0000 ,  0.0000 ,  0.0000 ,  0.0000 ,  0.0000 ,  0.0000 ,
  0.0000 ,  0.0000 ,  0.0000 ,  0.0000 ,  0.0000 ,  0.0000 ,
  0.0000 ,  0.0000 ,  0.0000 ,  0.0000 ,  0.0000 ,  0.0000 ,
  0.0000 ,  0.0000 ,  0.0000 ,  0.0000 ,  0.0000 ,  0.0000 ,
  0.0000 ,  0.0000 ,  0.0000 ,  0.0000 ,  0.0000 ,  0.0000 ,
  0.0000 ,  0.0000 ,  0.0000 ,  0.0000 ,  0.0000 ,  0.0000 ,
  0.0000 ,  0.0000 ,  0.0000 ,  0.0000 ,  0.0000 ,  0.0000 ,
  0.0000 ,  0.0000 ,  0.0000 ,  0.0000 ,  0.0000 ,  0.0000 ,
  0.0000 ,  0.0000 ,  0.0000 ,  0.0000 ,  0.0000 ,  0.0000 ,
  0.0000 ,  0.0000 ,  0.0000 ,  0.0000 ,  0.0000 ,  0.0000 ,
  0.0000 ,  0.0000 ,  0.0000 ,  0.0000 ,  0.0000 ,  0.0000 ,
  0.0000 ,  0.0000 ,  0.0000 ,  0.0000 ,  0.0000 ,  0.0000 ,
  0.0000 ,  0.0000 ,  0.0000 ,  0.0000 ,  0.0000 ,  0.0000 ,
  0.0000 ,  0.0000 ,  0.0000 ,  0.0000 ,  0.0000 ,  0.0000 ,
  0.0000 ,  0.0000 ,  0.0000 ,  0.0000 ,  0.0000 ,  0.0000 ,
  0.0000 ,  0.0000 ,  0.0000 ,  0.0000 ,  0.0000 ,  0.0000 ,
  0.0000 ,  0.0000 ,  0.0000 ,  0.0000 ,  0.0000 ,  0.0000 ,
  0.0000 ,  0.0000 ,  0.0000 ,  0.0000 ,  0.0000 ,  0.0000 ,
  0.0000 ,  0.0000 ,  0.0000 ,  0.0000 ,  0.0000 ,  0.0000 ,
  0.0000 ,  0.0000 ,  0.0000 ,  0.0000 ,  0.0000 ,  0.0000 ,
  0.0000 ,  0.0000 ,  0.0000 ,  0.0000 ,  0.0000 ,  0.0000 ,
  0.0000 ,  0.0000 ,  0.0000 ,  0.0000 ,  0.0000 ,  0.0000 ,
  0.0000 ,  0.0000 ,  0.0000 ,  0.0000 ,  0.0000 ,  0.0000 ,
  0.0000 ,  0.0000 ,  0.0000 ,  0.0000 ,  0.0000 ,  0.0000 ,
  0.0000 ,  0.0000 ,  0.0000 ,  0.0000 ,  0.0000 ,  0.0000 ,
  0.0000 ,  0.0000 ,  0.0000 ,  0.0000 ,  0.0000 ,  0.0000 ,
  0.0000 ,  0.0000 ,  0.0000 ,  0.0000 ,  0.0000 ,  0.0000 ,
  0.0000 ,  0.0000 ,  0.0000 ,  0.0000 ,  0.0000 ,  0.0000 ,
  0.0000 ,  0.0000 ,  0.0000 ,  0.0000 ,  0.0000 ,  0.0000 ,
  0.0000 ,  0.0000 ,  0.0000 ,  0.0000 ,  0.0000 ,  0.0000 ,
  0.0000 ,  0.0000 ,  0.0000 ,  0.0000 ,  0.0000 ,  0.0000 ,
  0.0000 ,  0.0000 ,  0.0000 ,  0.0000 ,  0.0000 ,  0.0000 ,
  0.0000 ,  0.0000 ,  0.0000 ,  0.0000 ,  0.0000 ,  0.0000 ,
  0.0000 ,  0.0000 ,  0.0000 ,  0.0000 ,  0.0000 ,  0.0000 ,
  0.0000 ,  0.0000 ,  0.0000 ,  0.0000 ,  0.0000 ,  0.0000 ,
  0.0000 ,  0.0000 ,  0.0000 ,  0.0000 ,  0.0000 ,  0.0000 ,
  0.0000 ,  0.0000 ,  0.0000 ,  0.0000 ,  0.0000 ,  0.0000 ,
  0.0000 ,  0.0000 ,  0.0000 ,  0.0000 ,  0.0000 ,  0.0000 ,
  0.0000 ,  0.0000 ,  0.0000 ,  0.0000 ,  0.0000 ,  0.0000 ,
  0.0000 ,  0.0000 ,  0.0000 ,  0.0000 ,  0.0000 ,  0.0000 ,
  0.0000 ,  0.0000 ,  0.0000 ,  0.0000 ,  0.0000 ,  0.0000 ,
  0.0000 ,  0.0000 ,  0.0000 ,  0.0000 ,  0.0000 ,  0.0000 ,
  0.0000 ,  0.0000 ,  0.0000 ,  0.0000 ,  0.0000 ,  0.0000 ,
  0.0000 ,  0.0000 ,  0.0000 ,  0.0000 ,  0.0000 ,  0.0000 ,
  0.0000 ,  0.0000 ,  0.0000 ,  0.0000 ,  0.0000 ,  0.0000 ,
  0.0000 ,  0.0000 ,  0.0000 ,  0.0000 ,  0.0000 ,  0.0000 ,
  0.0000 ,  0.0000 ,  0.0000 ,  0.0000 ,  0.0000 ,  0.0000 ,
  0.0000 ,  0.0000 ,  0.0000 ,  0.0000 ,  0.0000 ,  0.0000 ,
  0.0000 ,  0.0000 ,  0.0000 ,  0.0000 ,  0.0000 ,  0.0000 ,
  0.0000 ,  0.0000 ,  0.0000 ,  0.0000 ,  0.0000 ,  0.0000 ,
  0.0000 ,  0.0000 ,  0.0000 ,  0.0000 ,  0.0000 ,  0.0000 ,
  0.0000 ,  0.0000 ,  0.0000 ,  0.0000 ,  0.0000 ,  0.0000 ,
  0.0000 ,  0.0000 ,  0.0000 ,  0.0000 ,  0.0000 ,  0.0000 ,
  0.0000 ,  0.0000 ,  0.0000 ,  0.0000 ,  0.0000 ,  0.0000 ,
  0.0000 ,  0.0000 ,  0.0000 ,  0.0000 ,  0.0000 ,  0.0000 ,
  0.0000 ,  0.0000 ,  0.0000 ,  0.0000 ,  0.0000 ,  0.0000 ,
  0.0000 ,  0.0000 ,  0.0000 ,  0.0000 ,  0.0000 ,  0.0000 ,
  0.0000 ,  0.0000 ,  0.0000 ,  0.0000 ,  0.0000 ,  0.0000 ,
  0.0000 ,  0.0000 ,  0.0000 ,  0.0000 ,  0.0000 ,  0.0000 ,
  0.0000 ,  0.0000 ,  0.0000 ,  0.0000 ,  0.0000 ,  0.0000 ,
  0.0000 ,  0.0000 ,  0.0000 ,  0.0000 ,  0.0000 ,  0.0000 ,
  0.0000 ,  0.0000 ,  0.0000 ,  0.0000 ,  0.0000 ,  0.0000 ,
  0.0000 ,  0.0000 ,  0.0000 ,  0.0000 ,  0.0000 ,  0.0000 ,
  0.0000 ,  0.0000 ,  0.0000 ,  0.0000 ,  0.0000 ,  0.0000 ,
  0.0000 ,  0.0000 ,  0.0000 ,  0.0000 ,  0.0000 ,  0.0000 ,
  0.0000 ,  0.0000 ,  0.0000 ,  0.0000 ,  0.0000 ,  0.0000 ,
  0.0000 ,  0.0000 ,  0.0000 ,  0.0000 ,  0.0000 ,  0.0000 ,
  0.0000 ,  0.0000 ,  0.0000 ,  0.0000 ,  0.0000 ,  0.0000 ,
  0.0000 ,  0.0000 ,  0.0000 ,  0.0000 ,  0.0000 ,  0.0000 ,
  0.0000 ,  0.0000 ,  0.0000 ,  0.0000 ,  0.0000 ,  0.0000 ,
  0.0000 ,  0.0000 ,  0.0000 ,  0.0000 ,  0.0000 ,  0.0000 ,
  0.0000 ,  0.0000 ,  0.0000 ,  0.0000 ,  0.0000 ,  0.0000 ,
  0.0000 ,  0.0000 ,  0.0000 ,  0.0000 ,  0.0000 ,  0.0000 ,
  0.0000 ,  0.0000 ,  0.0000 ,  0.0000 ,  0.0000 ,  0.0000 ,
  0.0000 ,  0.0000 ,  0.0000 ,  0.0000 ,  0.0000 ,  0.0000 ,
  0.0000 ,  0.0000 ,  0.0000 ,  0.0000 ,  0.0000 ,  0.0000 ,
  0.0000 ,  0.0000 ,  0.0000 ,  0.0000 ,  0.0000 ,  0.0000 ,
  0.0000 ,  0.0000 ,  0.0000 ,  0.0000 ,  0.0000 ,  0.0000 ,
  0.0000 ,  0.0000 ,  0.0000 ,  0.0000 ,  0.0000 ,  0.0000 ,
  0.0000 ,  0.0000 ,  0.0000 ,  0.0000 ,  0.0000 ,  0.0000 ,
  0.0000 ,  0.0000 ,  0.0000 ,  0.0000 ,  0.0000 ,  0.0000 ,
  0.0000 ,  0.0000 ,  0.0000 ,  0.0000 ,  0.0000 ,  0.0000 ,
  0.0000 ,  0.0000 ,  0.0000 ,  0.0000 ,  0.0000 ,  0.0000 ,
  0.0000 ,  0.0000 ,  0.0000 ,  0.0000 ,  0.0000 ,  0.0000 ,
  0.0000 ,  0.0000 ,  0.0000 ,  0.0000 ,  0.0000 ,  0.0000 ,
  0.0000 ,  0.0000 ,  0.0000 ,  0.0000 ,  0.0000 ,  0.0000 ,
  0.0000 ,  0.0000 ,  0.0000 ,  0.0000 ,  0.0000 ,  0.0000 ,
  0.0000 ,  0.0000 ,  0.0000 ,  0.0000 ,  0.0000 ,  0.0000 ,
  0.0000 ,  0.0000 ,  0.0000 ,  0.0000 ,  0.0000 ,  0.0000 ,
  0.0000 ,  0.0000 ,  0.0000 ,  0.0000 ,  0.0000 ,  0.0000 ,
  0.0000 ,  0.0000 ,  0.0000 ,  0.0000 ,  0.0000 ,  0.0000 ,
  0.0000 ,  0.0000 ,  0.0000 ,  0.0000 ,  0.0000 ,  0.0000 ,
  0.0000 ,  0.0000 ,  0.0000 ,  0.0000 ,  0.0000 ,  0.0000 ,
  0.0000 ,  0.0000 ,  0.0000 ,  0.0000 ,  0.0000 ,  0.0000 ,
  0.0000 ,  0.0000 ,  0.0000 ,  0.0000 ,  0.0000 ,  0.0000 ,
  0.0000 ,  0.0000 ,  0.0000 ,  0.0000 ,  0.0000 ,  0.0000 ,
  0.0000 ,  0.0000 ,  0.0000 ,  0.0000 ,  0.0000 ,  0.0000 ,
  0.0000 ,  0.0000 ,  0.0000 ,  0.0000 ,  0.0000 ,  0.0000 ,
  0.0000 ,  0.0000 ,  0.0000 ,  0.0000 ,  0.0000 ,  0.0000 ,
  0.0000 ,  0.0000 ,  0.0000 ,  0.0000 ,  0.0000 ,  0.0000 ,
  0.0000 ,  0.0000 ,  0.0000 ,  0.0000 ,  0.0000 ,  0.0000 ,
  0.0000 ,  0.0000 ,  0.0000 ,  0.0000 ,  0.0000 ,  0.0000 ,
  0.0000 ,  0.0000 ,  0.0000 ,  0.0000 ,  0.0000 ,  0.0000 ,
  0.0000 ,  0.0000 ,  0.0000 ,  0.0000 ,  0.0000 ,  0.0000 ,
  0.0000 ,  0.0000 ,  0.0000 ,  0.0000 ,  0.0000 ,  0.0000 ,
  0.0000 ,  0.0000 ,  0.0000 ,  0.0000 ,  0.0000 ,  0.0000 ,
  0.0000 ,  0.0000 ,  0.0000 ,  0.0000 ,  0.0000 ,  0.0000 ,
  0.0000 ,  0.0000 ,  0.0000 ,  0.0000 ,  0.0000 ,  0.0000 ,
  0.0000 ,  0.0000 ,  0.0000 ,  0.0000 ,  0.0000 ,  0.0000 ,
  0.0000 ,  0.0000 ,  0.0000 ,  0.0000 ,  0.0000 ,  0.0000 ,
  0.0000 ,  0.0000 ,  0.0000 ,  0.0000 ,  0.0000 ,  0.0000 ,
  0.0000 ,  0.0000 ,  0.0000 ,  0.0000 ,  0.0000 ,  0.0000 ,
  0.0000 ,  0.0000 ,  0.0000 ,  0.0000 ,  0.0000 ,  0.0000 ,
  0.0000 ,  0.0000 ,  0.0000 ,  0.0000 ,  0.0000 ,  0.0000 ,
  0.0000 ,  0.0000 ,  0.0000 ,  0.0000 ,  0.0000 ,  0.0000 ,
  0.0000 ,  0.0000 ,  0.0000 ,  0.0000 ,  0.0000 ,  0.0000 ,
  0.0000 ,  0.0000 ,  0.0000 ,  0.0000 ,  0.0000 ,  0.0000 ,
  0.0000 ,  0.0000 ,  0.0000 ,  0.0000 ,  0.0000 ,  0.0000 ,
  0.0000 ,  0.0000 ,  0.0000 ,  0.0000 ,  0.0000 ,  0.0000 ,
  0.0000 ,  0.0000 ,  0.0000 ,  0.0000 ,  0.0000 ,  0.0000 ,
  0.0000 ,  0.0000 ,  0.0000 ,  0.0000 ,  0.0000 ,  0.0000 ,
  0.0000 ,  0.0000 ,  0.0000 ,  0.0000 ,  0.0000 ,  0.0000 ,
  0.0000 ,  0.0000 ,  0.0000 ,  0.0000 ,  0.0000 ,  0.0000 ,
  0.0000 ,  0.0000 ,  0.0000 ,  0.0000 ,  0.0000 ,  0.0000 ,
  0.0000 ,  0.0000 ,  0.0000 ,  0.0000 ,  0.0000 ,  0.0000 ,
  0.0000 ,  0.0000 ,  0.0000 ,  0.0000 ,  0.0000 ,  0.0000 ,
  0.0000 ,  0.0000 ,  0.0000 ,  0.0000 ,  0.0000 ,  0.0000 ,
  0.0000 ,  0.0000 ,  0.0000 ,  0.0000 ,  0.0000 ,  0.0000 ,
  0.0000 ,  0.0000 ,  0.0000 ,  0.0000 ,  0.0000 ,  0.0000 ,
  0.0000 ,  0.0000 ,  0.0000 ,  0.0000 ,  0.0000 ,  0.0000 ,
  0.0000 ,  0.0000 ,  0.0000 ,  0.0000 ,  0.0000 ,  0.0000 ,
  0.0000 ,  0.0000 ,  0.0000 ,  0.0000 ,  0.0000 ,  0.0000 ,
  0.0000 ,  0.0000 ,  0.0000 ,  0.0000 ,  0.0000 ,  0.0000 ,
  0.0000 ,  0.0000 ,  0.0000 ,  0.0000 ,  0.0000 ,  0.0000 ,
  0.0000 ,  0.0000 ,  0.0000 ,  0.0000 ,  0.0000 ,  0.0000 ,
  0.0000 ,  0.0000 ,  0.0000 ,  0.0000 ,  0.0000 ,  0.0000 ,
  0.0000 ,  0.0000 ,  0.0000 ,  0.0000 ,  0.0000 ,  0.0000 ,
  0.0000 ,  0.0000 ,  0.0000 ,  0.0000 ,  0.0000 ,  0.0000 ,
  0.0000 ,  0.0000 ,  0.0000 ,  0.0000 ,  0.0000 ,  0.0000 ,
  0.0000 ,  0.0000 ,  0.0000 ,  0.0000 ,  0.0000 ,  0.0000 ,
  0.0000 ,  0.0000 ,  0.0000 ,  0.0000 ,  0.0000 ,  0.0000 ,
  0.0000 ,  0.0000 ,  0.0000 ,  0.0000 ,  0.0000 ,  0.0000 ,
  0.0000 ,  0.0000 ,  0.0000 ,  0.0000 ,  0.0000 ,  0.0000 ,
  0.0000 ,  0.0000 ,  0.0000 ,  0.0000 ,  0.0000 ,  0.0000 ,
  0.0000 ,  0.0000 ,  0.0000 ,  0.0000 ,  0.0000 ,  0.0000 ,
  0.0000 ,  0.0000 ,  0.0000 ,  0.0000 ,  0.0000 ,  0.0000 ,
  0.0000 ,  0.0000 ,  0.0000 ,  0.0000 ,  0.0000 ,  0.0000 ,
  0.0000 ,  0.0000 ,  0.0000 ,  0.0000 ,  0.0000 ,  0.0000 ,
  0.0000 ,  0.0000 ,  0.0000 ,  0.0000 ,  0.0000 ,  0.0000 ,
  0.0000 ,  0.0000 ,  0.0000 ,  0.0000 ,  0.0000 ,  0.0000 ,
  0.0000 ,  0.0000 ,  0.0000 ,  0.0000 ,  0.0000 ,  0.0000 ,
  0.0000 ,  0.0000 ,  0.0000 ,  0.0000 ,  0.0000 ,  0.0000 ,
  0.0000 ,  0.0000 ,  0.0000 ,  0.0000 ,  0.0000 ,  0.0000 ,
  0.0000 ,  0.0000 ,  0.0000 ,  0.0000 ,  0.0000 ,  0.0000 ,
  0.0000 ,  0.0000 ,  0.0000 ,  0.0000 ,  0.0000 ,  0.0000 ,
  0.0000 ,  0.0000 ,  0.0000 ,  0.0000 ,  0.0000 ,  0.0000 ,
  0.0000 ,  0.0000 ,  0.0000 ,  0.0000 ,  0.0000 ,  0.0000 ,
  0.0000 ,  0.0000 ,  0.0000 ,  0.0000 ,  0.0000 ,  0.0000 ,
  0.0000 ,  0.0000 ,  0.0000 ,  0.0000 ,  0.0000 ,  0.0000 ,
  0.0000 ,  0.0000 ,  0.0000 ,  0.0000 ,  0.0000 ,  0.0000 ,
  0.0000 ,  0.0000 ,  0.0000 ,  0.0000 ,  0.0000 ,  0.0000 ,
  0.0000 ,  0.0000 ,  0.0000 ,  0.0000 ,  0.0000 ,  0.0000 ,
  0.0000 ,  0.0000 ,  0.0000 ,  0.0000 ,  0.0000 ,  0.0000 ,
  0.0000 ,  0.0000 ,  0.0000 ,  0.0000 ,  0.0000 ,  0.0000 ,
  0.0000 ,  0.0000 ,  0.0000 ,  0.0000 ,  0.0000 ,  0.0000 ,
  0.0000 ,  0.0000 ,  0.0000 ,  0.0000 ,  0.0000 ,  0.0000 ,
  0.0000 ,  0.0000 ,  0.0000 ,  0.0000 ,  0.0000 ,  0.0000 ,
  0.0000 ,  0.0000 ,  0.0000 ,  0.0000 ,  0.0000 ,  0.0000 ,
  0.0000 ,  0.0000 ,  0.0000 ,  0.0000 ,  0.0000 ,  0.0000 ,
  0.0000 ,  0.0000 ,  0.0000 ,  0.0000 ,  0.0000 ,  0.0000 ,
  0.0000 ,  0.0000 ,  0.0000 ,  0.0000 ,  0.0000 ,  0.0000 ,
  0.0000 ,  0.0000 ,  0.0000 ,  0.0000 ,  0.0000 ,  0.0000 ,
  0.0000 ,  0.0000 ,  0.0000 ,  0.0000 ,  0.0000 ,  0.0000 ,
  0.0000 ,  0.0000 ,  0.0000 ,  0.0000 ,  0.0000 ,  0.0000 ,
  0.0000 ,  0.0000 ,  0.0000 ,  0.0000 ,  0.0000 ,  0.0000 ,
  0.0000 ,  0.0000 ,  0.0000 ,  0.0000 ,  0.0000 ,  0.0000 ,
  0.0000 ,  0.0000 ,  0.0000 ,  0.0000 ,  0.0000 ,  0.0000 ,
  0.0000 ,  0.0000 ,  0.0000 ,  0.0000 ,  0.0000 ,  0.0000 ,
  0.0000 ,  0.0000 ,  0.0000 ,  0.0000 ,  0.0000 ,  0.0000 ,
  0.0000 ,  0.0000 ,  0.0000 ,  0.0000 ,  0.0000 ,  0.0000 ,
  0.0000 ,  0.0000 ,  0.0000 ,  0.0000 ,  0.0000 ,  0.0000 ,
  0.0000 ,  0.0000 ,  0.0000 ,  0.0000 ,  0.0000 ,  0.0000 ,
  0.0000 ,  0.0000 ,  0.0000 ,  0.0000 ,  0.0000 ,  0.0000 ,
  0.0000 ,  0.0000 ,  0.0000 ,  0.0000 ,  0.0000 ,  0.0000 ,
  0.0000 ,  0.0000 ,  0.0000 ,  0.0000 ,  0.0000 ,  0.0000 ,
  0.0000 ,  0.0000 ,  0.0000 ,  0.0000 ,  0.0000 ,  0.0000 ,
  0.0000 ,  0.0000 ,  0.0000 ,  0.0000 ,  0.0000 ,  0.0000 ,
  0.0000 ,  0.0000 ,  0.0000 ,  0.0000 ,  0.0000 ,  0.0000 ,
  0.0000 ,  0.0000 ,  0.0000 ,  0.0000 ,  0.0000 ,  0.0000 ,
  0.0000 ,  0.0000 ,  0.0000 ,  0.0000 ,  0.0000 ,  0.0000 ,
  0.0000 ,  0.0000 ,  0.0000 ,  0.0000 ,  0.0000 ,  0.0000 ,
  0.0000 ,  0.0000 ,  0.0000 ,  0.0000 ,  0.0000 ,  0.0000 ,
  0.0000 ,  0.0000 ,  0.0000 ,  0.0000 ,  0.0000 ,  0.0000 ,
  0.0000 ,  0.0000 ,  0.0000 ,  0.0000 ,  0.0000 ,  0.0000 ,
  0.0000 ,  0.0000 ,  0.0000 ,  0.0000 ,  0.0000 ,  0.0000 ,
  0.0000 ,  0.0000 ,  0.0000 ,  0.0000 ,  0.0000 ,  0.0000 ,
  0.0000 ,  0.0000 ,  0.0000 ,  0.0000 ,  0.0000 ,  0.0000 ,
  0.0000 ,  0.0000 ,  0.0000 ,  0.0000 ,  0.0000 ,  0.0000 ,
  0.0000 ,  0.0000 ,  0.0000 ,  0.0000 ,  0.0000 ,  0.0000 ,
  0.0000 ,  0.0000 ,  0.0000 ,  0.0000 ,  0.0000 ,  0.0000 ,
  0.0000 ,  0.0000 ,  0.0000 ,  0.0000 ,  0.0000 ,  0.0000 ,
  0.0000 ,  0.0000 ,  0.0000 ,  0.0000 ,  0.0000 ,  0.0000 ,
  0.0000 ,  0.0000 ,  0.0000 ,  0.0000 ,  0.0000 ,  0.0000 ,
  0.0000 ,  0.0000 ,  0.0000 ,  0.0000 ,  0.0000 ,  0.0000 ,
  0.0000 ,  0.0000 ,  0.0000 ,  0.0000 ,  0.0000 ,  0.0000 ,
  0.0000 ,  0.0000 ,  0.0000 ,  0.0000 ,  0.0000 ,  0.0000 ,
  0.0000 ,  0.0000 ,  0.0000 ,  0.0000 ,  0.0000 ,  0.0000 ,
  0.0000 ,  0.0000 ,  0.0000 ,  0.0000 ,  0.0000 ,  0.0000 ,
  0.0000 ,  0.0000 ,  0.0000 ,  0.0000 ,  0.0000 ,  0.0000 ,
  0.0000 ,  0.0000 ,  0.0000 ,  0.0000 ,  0.0000 ,  0.0000 ,
  0.0000 ,  0.0000 ,  0.0000 ,  0.0000 ,  0.0000 ,  0.0000 ,
  0.0000 ,  0.0000 ,  0.0000 ,  0.0000 ,  0.0000 ,  0.0000 ,
  0.0000 ,  0.0000 ,  0.0000 ,  0.0000 ,  0.0000 ,  0.0000 ,
  0.0000 ,  0.0000 ,  0.0000 ,  0.0000 ,  0.0000 ,  0.0000 ,
  0.0000 ,  0.0000 ,  0.0000 ,  0.0000 ,  0.0000 ,  0.0000 ,
  0.0000 ,  0.0000 ,  0.0000 ,  0.0000 ,  0.0000 ,  0.0000 ,
  0.0000 ,  0.0000 ,  0.0000 ,  0.0000 ,  0.0000 ,  0.0000 ,
  0.0000 ,  0.0000 ,  0.0000 ,  0.0000 ,  0.0000 ,  0.0000 ,
  0.0000 ,  0.0000 ,  0.0000 ,  0.0000 ,  0.0000 ,  0.0000 ,
  0.0000 ,  0.0000 ,  0.0000 ,  0.0000 ,  0.0000 ,  0.0000 ,
  0.0000 ,  0.0000 ,  0.0000 ,  0.0000 ,  0.0000 ,  0.0000 ,
  0.0000 ,  0.0000 ,  0.0000 ,  0.0000 ,  0.0000 ,  0.0000 ,
  0.0000 ,  0.0000 ,  0.0000 ,  0.0000 ,  0.0000 ,  0.0000 ,
  0.0000 ,  0.0000 ,  0.0000 ,  0.0000 ,  0.0000 ,  0.0000 ,
  0.0000 ,  0.0000 ,  0.0000 ,  0.0000 ,  0.0000 ,  0.0000 ,
  0.0000 ,  0.0000 ,  0.0000 ,  0.0000 ,  0.0000 ,  0.0000 ,
  0.0000 ,  0.0000 ,  0.0000 ,  0.0000 ,  0.0000 ,  0.0000 ,
  0.0000 ,  0.0000 ,  0.0000 ,  0.0000 ,  0.0000 ,  0.0000 ,
  0.0000 ,  0.0000 ,  0.0000 ,  0.0000 ,  0.0000 ,  0.0000 ,
  0.0000 ,  0.0000 ,  0.0000 ,  0.0000 ,  0.0000 ,  0.0000 ,
  0.0000 ,  0.0000 ,  0.0000 ,  0.0000 ,  0.0000 ,  0.0000 ,
  0.0000 ,  0.0000 ,  0.0000 ,  0.0000 ,  0.0000 ,  0.0000 ,
  0.0000 ,  0.0000 ,  0.0000 ,  0.0000 ,  0.0000 ,  0.0000 ,
  0.0000 ,  0.0000 ,  0.0000 ,  0.0000 ,  0.0000 ,  0.0000 ,
  0.0000 ,  0.0000 ,  0.0000 ,  0.0000 ,  0.0000 ,  0.0000 ,
  0.0000 ,  0.0000 ,  0.0000 ,  0.0000 ,  0.0000 ,  0.0000 ,
  0.0000 ,  0.0000 ,  0.0000 ,  0.0000 ,  0.0000 ,  0.0000 ,
  0.0000 ,  0.0000 ,  0.0000 ,  0.0000 ,  0.0000 ,  0.0000 ,
  0.0000 ,  0.0000 ,  0.0000 ,  0.0000 ,  0.0000 ,  0.0000 ,
  0.0000 ,  0.0000 ,  0.0000 ,  0.0000 ,  0.0000 ,  0.0000 ,
  0.0000 ,  0.0000 ,  0.0000 ,  0.0000 ,  0.0000 ,  0.0000 ,
  0.0000 ,  0.0000 ,  0.0000 ,  0.0000 ,  0.0000 ,  0.0000 ,
  0.0000 ,  0.0000 ,  0.0000 ,  0.0000 ,  0.0000 ,  0.0000 ,
  0.0000 ,  0.0000 ,  0.0000 ,  0.0000 ,  0.0000 ,  0.0000 ,
  0.0000 ,  0.0000 ,  0.0000 ,  0.0000 ,  0.0000 ,  0.0000 ,
  0.0000 ,  0.0000 ,  0.0000 ,  0.0000 ,  0.0000 ,  0.0000 ,
  0.0000 ,  0.0000 ,  0.0000 ,  0.0000 ,  0.0000 ,  0.0000 ,
  0.0000 ,  0.0000 ,  0.0000 ,  0.0000 ,  0.0000 ,  0.0000 ,
  0.0000 ,  0.0000 ,  0.0000 ,  0.0000 ,  0.0000 ,  0.0000 ,
  0.0000 ,  0.0000 ,  0.0000 ,  0.0000 ,  0.0000 ,  0.0000 ,
  0.0000 ,  0.0000 ,  0.0000 ,  0.0000 ,  0.0000 ,  0.0000 ,
  0.0000 ,  0.0000 ,  0.0000 ,  0.0000 ,  0.0000 ,  0.0000 ,
  0.0000 ,  0.0000 ,  0.0000 ,  0.0000 ,  0.0000 ,  0.0000 ,
  0.0000 ,  0.0000 ,  0.0000 ,  0.0000 ,  0.0000 ,  0.0000 ,
  0.0000 ,  0.0000 ,  0.0000 ,  0.0000 ,  0.0000 ,  0.0000 ,
  0.0000 ,  0.0000 ,  0.0000 ,  0.0000 ,  0.0000 ,  0.0000 ,
  0.0000 ,  0.0000 ,  0.0000 ,  0.0000 ,  0.0000 ,  0.0000 ,
  0.0000 ,  0.0000 ,  0.0000 ,  0.0000 ,  0.0000 ,  0.0000 ,
  0.0000 ,  0.0000 ,  0.0000 ,  0.0000 ,  0.0000 ,  0.0000 ,
  0.0000 ,  0.0000 ,  0.0000 ,  0.0000 ,  0.0000 ,  0.0000 ,
  0.0000 ,  0.0000 ,  0.0000 ,  0.0000 ,  0.0000 ,  0.0000 ,
  0.0000 ,  0.0000 ,  0.0000 ,  0.0000 ,  0.0000 ,  0.0000 ,
  0.0000 ,  0.0000 ,  0.0000 ,  0.0000 ,  0.0000 ,  0.0000 ,
  0.0000 ,  0.0000 ,  0.0000 ,  0.0000 ,  0.0000 ,  0.0000 ,
  0.0000 ,  0.0000 ,  0.0000 ,  0.0000 ,  0.0000 ,  0.0000 ,
  0.0000 ,  0.0000 ,  0.0000 ,  0.0000 ,  0.0000 ,  0.0000 ,
  0.0000 ,  0.0000 ,  0.0000 ,  0.0000 ,  0.0000 ,  0.0000 ,
  0.0000 ,  0.0000 ,  0.0000 ,  0.0000 ,  0.0000 ,  0.0000 ,
  0.0000 ,  0.0000 ,  0.0000 ,  0.0000 ,  0.0000 ,  0.0000 ,
  0.0000 ,  0.0000 ,  0.0000 ,  0.0000 ,  0.0000 ,  0.0000 ,
  0.0000 ,  0.0000 ,  0.0000 ,  0.0000 ,  0.0000 ,  0.0000 ,
  0.0000 ,  0.0000 ,  0.0000 ,  0.0000 ,  0.0000 ,  0.0000 ,
  0.0000 ,  0.0000 ,  0.0000 ,  0.0000 ,  0.0000 ,  0.0000 ,
  0.0000 ,  0.0000 ,  0.0000 ,  0.0000 ,  0.0000 ,  0.0000 ,
  0.0000 ,  0.0000 ,  0.0000 ,  0.0000 ,  0.0000 ,  0.0000 ,
  0.0000 ,  0.0000 ,  0.0000 ,  0.0000 ,  0.0000 ,  0.0000 ,
  0.0000 ,  0.0000 ,  0.0000 ,  0.0000 ,  0.0000 ,  0.0000 ,
  0.0000 ,  0.0000 ,  0.0000 ,  0.0000 ,  0.0000 ,  0.0000 ,
  0.0000 ,  0.0000 ,  0.0000 ,  0.0000 ,  0.0000 ,  0.0000 ,
  0.0000 ,  0.0000 ,  0.0000 ,  0.0000 ,  0.0000 ,  0.0000 ,
  0.0000 ,  0.0000 ,  0.0000 ,  0.0000 ,  0.0000 ,  0.0000 ,
  0.0000 ,  0.0000 ,  0.0000 ,  0.0000 ,  0.0000 ,  0.0000 ,
  0.0000 ,  0.0000 ,  0.0000 ,  0.0000 ,  0.0000 ,  0.0000 ,
  0.0000 ,  0.0000 ,  0.0000 ,  0.0000 ,  0.0000 ,  0.0000 ,
  0.0000 ,  0.0000 ,  0.0000 ,  0.0000 ,  0.0000 ,  0.0000 ,
  0.0000 ,  0.0000 ,  0.0000 ,  0.0000 ,  0.0000 ,  0.0000 ,
  0.0000 ,  0.0000 ,  0.0000 ,  0.0000 ,  0.0000 ,  0.0000 ,
  0.0000 ,  0.0000 ,  0.0000 ,  0.0000 ,  0.0000 ,  0.0000 ,
  0.0000 ,  0.0000 ,  0.0000 ,  0.0000 ,  0.0000 ,  0.0000 ,
  0.0000 ,  0.0000 ,  0.0000 ,  0.0000 ,  0.0000 ,  0.0000 ,
  0.0000 ,  0.0000 ,  0.0000 ,  0.0000 ,  0.0000 ,  0.0000 ,
  0.0000 ,  0.0000 ,  0.0000 ,  0.0000 ,  0.0000 ,  0.0000 ,
  0.0000 ,  0.0000 ,  0.0000 ,  0.0000 ,  0.0000 ,  0.0000 ,
  0.0000 ,  0.0000 ,  0.0000 ,  0.0000 ,  0.0000 ,  0.0000 ,
  0.0000 ,  0.0000 ,  0.0000 ,  0.0000 ,  0.0000 ,  0.0000 ,
  0.0000 ,  0.0000 ,  0.0000 ,  0.0000 ,  0.0000 ,  0.0000 ,
  0.0000 ,  0.0000 ,  0.0000 ,  0.0000 ,  0.0000 ,  0.0000 ,
  0.0000 ,  0.0000 ,  0.0000 ,  0.0000 ,  0.0000 ,  0.0000 ,
  0.0000 ,  0.0000 ,  0.0000 ,  0.0000 ,  0.0000 ,  0.0000 ,
  0.0000 ,  0.0000 ,  0.0000 ,  0.0000 ,  0.0000 ,  0.0000 ,
  0.0000 ,  0.0000 ,  0.0000 ,  0.0000 ,  0.0000 ,  0.0000 ,
  0.0000 ,  0.0000 ,  0.0000 ,  0.0000 ,  0.0000 ,  0.0000 ,
  0.0000 ,  0.0000 ,  0.0000 ,  0.0000 ,  0.0000 ,  0.0000 ,
  0.0000 ,  0.0000 ,  0.0000 ,  0.0000 ,  0.0000 ,  0.0000 ,
  0.0000 ,  0.0000 ,  0.0000 ,  0.0000 ,  0.0000 ,  0.0000 ,
  0.0000 ,  0.0000 ,  0.0000 ,  0.0000 ,  0.0000 ,  0.0000 ,
  0.0000 ,  0.0000 ,  0.0000 ,  0.0000 ,  0.0000 ,  0.0000 ,
  0.0000 ,  0.0000 ,  0.0000 ,  0.0000 ,  0.0000 ,  0.0000 ,
  0.0000 ,  0.0000 ,  0.0000 ,  0.0000 ,  0.0000 ,  0.0000 ,
  0.0000 ,  0.0000 ,  0.0000 ,  0.0000 ,  0.0000 ,  0.0000 ,
  0.0000 ,  0.0000 ,  0.0000 ,  0.0000 ,  0.0000 ,  0.0000 ,
  0.0000 ,  0.0000 ,  0.0000 ,  0.0000 ,  0.0000 ,  0.0000 ,
  0.0000 ,  0.0000 ,  0.0000 ,  0.0000 ,  0.0000 ,  0.0000 ,
  0.0000 ,  0.0000 ,  0.0000 ,  0.0000 ,  0.0000 ,  0.0000 ,
  0.0000 ,  0.0000 ,  0.0000 ,  0.0000 ,  0.0000 ,  0.0000 ,
  0.0000 ,  0.0000 ,  0.0000 ,  0.0000 ,  0.0000 ,  0.0000 ,
  0.0000 ,  0.0000 ,  0.0000 ,  0.0000 ,  0.0000 ,  0.0000 ,
  0.0000 ,  0.0000 ,  0.0000 ,  0.0000 ,  0.0000 ,  0.0000 ,
  0.0000 ,  0.0000 ,  0.0000 ,  0.0000 ,  0.0000 ,  0.0000 ,
  0.0000 ,  0.0000 ,  0.0000 ,  0.0000 ,  0.0000 ,  0.0000 ,
  0.0000 ,  0.0000 ,  0.0000 ,  0.0000 ,  0.0000 ,  0.0000 ,
  0.0000 ,  0.0000 ,  0.0000 ,  0.0000 ,  0.0000 ,  0.0000 ,
  0.0000 ,  0.0000 ,  0.0000 ,  0.0000 ,  0.0000 ,  0.0000 ,
  0.0000 ,  0.0000 ,  0.0000 ,  0.0000 ,  0.0000 ,  0.0000 ,
  0.0000 ,  0.0000 ,  0.0000 ,  0.0000 ,  0.0000 ,  0.0000 ,
  0.0000 ,  0.0000 ,  0.0000 ,  0.0000 ,  0.0000 ,  0.0000 ,
  0.0000 ,  0.0000 ,  0.0000 ,  0.0000 ,  0.0000 ,  0.0000 ,
  0.0000 ,  0.0000 ,  0.0000 ,  0.0000 ,  0.0000 ,  0.0000 ,
  0.0000 ,  0.0000 ,  0.0000 ,  0.0000 ,  0.0000 ,  0.0000 ,
  0.0000 ,  0.0000 ,  0.0000 ,  0.0000 ,  0.0000 ,  0.0000 ,
  0.0000 ,  0.0000 ,  0.0000 ,  0.0000 ,  0.0000 ,  0.0000 ,
  0.0000 ,  0.0000 ,  0.0000 ,  0.0000 ,  0.0000 ,  0.0000 ,
  0.0000 ,  0.0000 ,  0.0000 ,  0.0000 ,  0.0000 ,  0.0000 ,
  0.0000 ,  0.0000 ,  0.0000 ,  0.0000 ,  0.0000 ,  0.0000 ,
  0.0000 ,  0.0000 ,  0.0000 ,  0.0000 ,  0.0000 ,  0.0000 ,
  0.0000 ,  0.0000 ,  0.0000 ,  0.0000 ,  0.0000 ,  0.0000 ,
  0.0000 ,  0.0000 ,  0.0000 ,  0.0000 ,  0.0000 ,  0.0000 ,
  0.0000 ,  0.0000 ,  0.0000 ,  0.0000 ,  0.0000 ,  0.0000 ,
  0.0000 ,  0.0000 ,  0.0000 ,  0.0000 ,  0.0000 ,  0.0000 ,
  0.0000 ,  0.0000 ,  0.0000 ,  0.0000 ,  0.0000 ,  0.0000 ,
  0.0000 ,  0.0000 ,  0.0000 ,  0.0000 ,  0.0000 ,  0.0000 ,
  0.0000 ,  0.0000 ,  0.0000 ,  0.0000 ,  0.0000 ,  0.0000 ,
  0.0000 ,  0.0000 ,  0.0000 ,  0.0000 ,  0.0000 ,  0.0000 ,
  0.0000 ,  0.0000 ,  0.0000 ,  0.0000 ,  0.0000 ,  0.0000 ,
  0.0000 ,  0.0000 ,  0.0000 ,  0.0000 ,  0.0000 ,  0.0000 ,
  0.0000 ,  0.0000 ,  0.0000 ,  0.0000 ,  0.0000 ,  0.0000 ,
  0.0000 ,  0.0000 ,  0.0000 ,  0.0000 ,  0.0000 ,  0.0000 ,
  0.0000 ,  0.0000 ,  0.0000 ,  0.0000 ,  0.0000 ,  0.0000 ,
  0.0000 ,  0.0000 ,  0.0000 ,  0.0000 ,  0.0000 ,  0.0000 ,
  0.0000 ,  0.0000 ,  0.0000 ,  0.0000 ,  0.0000 ,  0.0000 ,
  0.0000 ,  0.0000 ,  0.0000 ,  0.0000 ,  0.0000 ,  0.0000 ,
  0.0000 ,  0.0000 ,  0.0000 ,  0.0000 ,  0.0000 ,  0.0000 ,
  0.0000 ,  0.0000 ,  0.0000 ,  0.0000 ,  0.0000 ,  0.0000 ,
  0.0000 ,  0.0000 ,  0.0000 ,  0.0000 ,  0.0000 ,  0.0000 ,
  0.0000 ,  0.0000 ,  0.0000 ,  0.0000 ,  0.0000 ,  0.0000 ,
  0.0000 ,  0.0000 ,  0.0000 ,  0.0000 ,  0.0000 ,  0.0000 ,
  0.0000 ,  0.0000 ,  0.0000 ,  0.0000 ,  0.0000 ,  0.0000 ,
  0.0000 ,  0.0000 ,  0.0000 ,  0.0000 ,  0.0000 ,  0.0000 ,
  0.0000 ,  0.0000 ,  0.0000 ,  0.0000 ,  0.0000 ,  0.0000 ,
  0.0000 ,  0.0000 ,  0.0000 ,  0.0000 ,  0.0000 ,  0.0000 ,
  0.0000 ,  0.0000 ,  0.0000 ,  0.0000 ,  0.0000 ,  0.0000 ,
  0.0000 ,  0.0000 ,  0.0000 ,  0.0000 ,  0.0000 ,  0.0000 ,
  0.0000 ,  0.0000 ,  0.0000 ,  0.0000 ,  0.0000 ,  0.0000 ,
  0.0000 ,  0.0000 ,  0.0000 ,  0.0000 ,  0.0000 ,  0.0000 ,
  0.0000 ,  0.0000 ,  0.0000 ,  0.0000 ,  0.0000 ,  0.0000 ,
  0.0000 ,  0.0000 ,  0.0000 ,  0.0000 ,  0.0000 ,  0.0000 ,
  0.0000 ,  0.0000 ,  0.0000 ,  0.0000 ,  0.0000 ,  0.0000 ,
  0.0000 ,  0.0000 ,  0.0000 ,  0.0000 ,  0.0000 ,  0.0000 ,
  0.0000 ,  0.0000 ,  0.0000 ,  0.0000 ,  0.0000 ,  0.0000 ,
  0.0000 ,  0.0000 ,  0.0000 ,  0.0000 ,  0.0000 ,  0.0000 ,
  0.0000 ,  0.0000 ,  0.0000 ,  0.0000 ,  0.0000 ,  0.0000 ,
  0.0000 ,  0.0000 ,  0.0000 ,  0.0000 ,  0.0000 ,  0.0000 ,
  0.0000 ,  0.0000 ,  0.0000 ,  0.0000 ,  0.0000 ,  0.0000 ,
  0.0000 ,  0.0000 ,  0.0000 ,  0.0000 ,  0.0000 ,  0.0000 ,
  0.0000 ,  0.0000 ,  0.0000 ,  0.0000 ,  0.0000 ,  0.0000 ,
  0.0000 ,  0.0000 ,  0.0000 ,  0.0000 ,  0.0000 ,  0.0000 ,
  0.0000 ,  0.0000 ,  0.0000 ,  0.0000 ,  0.0000 ,  0.0000 ,
  0.0000 ,  0.0000 ,  0.0000 ,  0.0000 ,  0.0000 ,  0.0000 ,
  0.0000 ,  0.0000 ,  0.0000 ,  0.0000 ,  0.0000 ,  0.0000 ,
  0.0000 ,  0.0000 ,  0.0000 ,  0.0000 ,  0.0000 ,  0.0000 ,
  0.0000 ,  0.0000 ,  0.0000 ,  0.0000 ,  0.0000 ,  0.0000 ,
  0.0000 ,  0.0000 ,  0.0000 ,  0.0000 ,  0.0000 ,  0.0000 ,
  0.0000 ,  0.0000 ,  0.0000 ,  0.0000 ,  0.0000 ,  0.0000 ,
  0.0000 ,  0.0000 ,  0.0000 ,  0.0000 ,  0.0000 ,  0.0000 ,
  0.0000 ,  0.0000 ,  0.0000 ,  0.0000 ,  0.0000 ,  0.0000 ,
  0.0000 ,  0.0000 ,  0.0000 ,  0.0000 ,  0.0000 ,  0.0000 ,
  0.0000 ,  0.0000 ,  0.0000 ,  0.0000 ,  0.0000 ,  0.0000 ,
  0.0000 ,  0.0000 ,  0.0000 ,  0.0000 ,  0.0000 ,  0.0000 ,
  0.0000 ,  0.0000 ,  0.0000 ,  0.0000 ,  0.0000 ,  0.0000 ,
  0.0000 ,  0.0000 ,  0.0000 ,  0.0000 ,  0.0000 ,  0.0000 ,
  0.0000 ,  0.0000 ,  0.0000 ,  0.0000 ,  0.0000 ,  0.0000 ,
  0.0000 ,  0.0000 ,  0.0000 ,  0.0000 ,  0.0000 ,  0.0000 ,
  0.0000 ,  0.0000 ,  0.0000 ,  0.0000 ,  0.0000 ,  0.0000 ,
  0.0000 ,  0.0000 ,  0.0000 ,  0.0000 ,  0.0000 ,  0.0000 ,
  0.0000 ,  0.0000 ,  0.0000 ,  0.0000 ,  0.0000 ,  0.0000 ,
  0.0000 ,  0.0000 ,  0.0000 ,  0.0000 ,  0.0000 ,  0.0000 ,
  0.0000 ,  0.0000 ,  0.0000 ,  0.0000 ,  0.0000 ,  0.0000 ,
  0.0000 ,  0.0000 ,  0.0000 ,  0.0000 ,  0.0000 ,  0.0000 ,
  0.0000 ,  0.0000 ,  0.0000 ,  0.0000 ,  0.0000 ,  0.0000 ,
  0.0000 ,  0.0000 ,  0.0000 ,  0.0000 ,  0.0000 ,  0.0000 ,
  0.0000 ,  0.0000 ,  0.0000 ,  0.0000 ,  0.0000 ,  0.0000 ,
  0.0000 ,  0.0000 ,  0.0000 ,  0.0000 ,  0.0000 ,  0.0000 ,
  0.0000 ,  0.0000 ,  0.0000 ,  0.0000 ,  0.0000 ,  0.0000 ,
  0.0000 ,  0.0000 ,  0.0000 ,  0.0000 ,  0.0000 ,  0.0000 ,
  0.0000 ,  0.0000 ,  0.0000 ,  0.0000 ,  0.0000 ,  0.0000 ,
  0.0000 ,  0.0000 ,  0.0000 ,  0.0000 ,  0.0000 ,  0.0000 ,
  0.0000 ,  0.0000 ,  0.0000 ,  0.0000 ,  0.0000 ,  0.0000 ,
  0.0000 ,  0.0000 ,  0.0000 ,  0.0000 ,  0.0000 ,  0.0000 ,
  0.0000 ,  0.0000 ,  0.0000 ,  0.0000 ,  0.0000 ,  0.0000 ,
  0.0000 ,  0.0000 ,  0.0000 ,  0.0000 ,  0.0000 ,  0.0000 ,
  0.0000 ,  0.0000 ,  0.0000 ,  0.0000 ,  0.0000 ,  0.0000 ,
  0.0000 ,  0.0000 ,  0.0000 ,  0.0000 ,  0.0000 ,  0.0000 ,
  0.0000 ,  0.0000 ,  0.0000 ,  0.0000 ,  0.0000 ,  0.0000 ,
  0.0000 ,  0.0000 ,  0.0000 ,  0.0000 ,  0.0000 ,  0.0000 ,
  0.0000 ,  0.0000 ,  0.0000 ,  0.0000 ,  0.0000 ,  0.0000 ,
  0.0000 ,  0.0000 ,  0.0000 ,  0.0000 ,  0.0000 ,  0.0000 ,
  0.0000 ,  0.0000 ,  0.0000 ,  0.0000 ,  0.0000 ,  0.0000 ,
  0.0000 ,  0.0000 ,  0.0000 ,  0.0000 ,  0.0000 ,  0.0000 ,
  0.0000 ,  0.0000 ,  0.0000 ,  0.0000 ,  0.0000 ,  0.0000 ,
  0.0000 ,  0.0000 ,  0.0000 ,  0.0000 ,  0.0000 ,  0.0000 ,
  0.0000 ,  0.0000 ,  0.0000 ,  0.0000 ,  0.0000 ,  0.0000 ,
  0.0000 ,  0.0000 ,  0.0000 ,  0.0000 ,  0.0000 ,  0.0000 ,
  0.0000 ,  0.0000 ,  0.0000 ,  0.0000 ,  0.0000 ,  0.0000 ,
  0.0000 ,  0.0000 ,  0.0000 ,  0.0000 ,  0.0000 ,  0.0000 ,
  0.0000 ,  0.0000 ,  0.0000 ,  0.0000 ,  0.0000 ,  0.0000 ,
  0.0000 ,  0.0000 ,  0.0000 ,  0.0000 ,  0.0000 ,  0.0000 ,
  0.0000 ,  0.0000 ,  0.0000 ,  0.0000 ,  0.0000 ,  0.0000 ,
  0.0000 ,  0.0000 ,  0.0000 ,  0.0000 ,  0.0000 ,  0.0000 ,
  0.0000 ,  0.0000 ,  0.0000 ,  0.0000 ,  0.0000 ,  0.0000 ,
  0.0000 ,  0.0000 ,  0.0000 ,  0.0000 ,  0.0000 ,  0.0000 ,
  0.0000 ,  0.0000 ,  0.0000 ,  0.0000 ,  0.0000 ,  0.0000 ,
  0.0000 ,  0.0000 ,  0.0000 ,  0.0000 ,  0.0000 ,  0.0000 ,
  0.0000 ,  0.0000 ,  0.0000 ,  0.0000 ,  0.0000 ,  0.0000 ,
  0.0000 ,  0.0000 ,  0.0000 ,  0.0000 ,  0.0000 ,  0.0000 ,
  0.0000 ,  0.0000 ,  0.0000 ,  0.0000 ,  0.0000 ,  0.0000 ,
  0.0000 ,  0.0000 ,  0.0000 ,  0.0000 ,  0.0000 ,  0.0000 ,
  0.0000 ,  0.0000 ,  0.0000 ,  0.0000 ,  0.0000 ,  0.0000 ,
  0.0000 ,  0.0000 ,  0.0000 ,  0.0000 ,  0.0000 ,  0.0000 ,
  0.0000 ,  0.0000 ,  0.0000 ,  0.0000 ,  0.0000 ,  0.0000 ,
  0.0000 ,  0.0000 ,  0.0000 ,  0.0000 ,  0.0000 ,  0.0000 ,
  0.0000 ,  0.0000 ,  0.0000 ,  0.0000 ,  0.0000 ,  0.0000 ,
  0.0000 ,  0.0000 ,  0.0000 ,  0.0000 ,  0.0000 ,  0.0000 ,
  0.0000 ,  0.0000 ,  0.0000 ,  0.0000 ,  0.0000 ,  0.0000 ,
  0.0000 ,  0.0000 ,  0.0000 ,  0.0000 ,  0.0000 ,  0.0000 ,
  0.0000 ,  0.0000 ,  0.0000 ,  0.0000 ,  0.0000 ,  0.0000 ,
  0.0000 ,  0.0000 ,  0.0000 ,  0.0000 ,  0.0000 ,  0.0000 ,
  0.0000 ,  0.0000 ,  0.0000 ,  0.0000 ,  0.0000 ,  0.0000 ,
  0.0000 ,  0.0000 ,  0.0000 ,  0.0000 ,  0.0000 ,  0.0000 ,
  0.0000 ,  0.0000 ,  0.0000 ,  0.0000 ,  0.0000 ,  0.0000 ,
  0.0000 ,  0.0000 ,  0.0000 ,  0.0000 ,  0.0000 ,  0.0000 ,
  0.0000 ,  0.0000 ,  0.0000 ,  0.0000 ,  0.0000 ,  0.0000 ,
  0.0000 ,  0.0000 ,  0.0000 ,  0.0000 ,  0.0000 ,  0.0000 ,
  0.0000 ,  0.0000 ,  0.0000 ,  0.0000 ,  0.0000 ,  0.0000 ,
  0.0000 ,  0.0000 ,  0.0000 ,  0.0000 ,  0.0000 ,  0.0000 ,
  0.0000 ,  0.0000 ,  0.0000 ,  0.0000 ,  0.0000 ,  0.0000 ,
  0.0000 ,  0.0000 ,  0.0000 ,  0.0000 ,  0.0000 ,  0.0000 ,
  0.0000 ,  0.0000 ,  0.0000 ,  0.0000 ,  0.0000 ,  0.0000 ,
  0.0000 ,  0.0000 ,  0.0000 ,  0.0000 ,  0.0000 ,  0.0000 ,
  0.0000 ,  0.0000 ,  0.0000 ,  0.0000 ,  0.0000 ,  0.0000 ,
  0.0000 ,  0.0000 ,  0.0000 ,  0.0000 ,  0.0000 ,  0.0000 ,
  0.0000 ,  0.0000 ,  0.0000 ,  0.0000 ,  0.0000 ,  0.0000 ,
  0.0000 ,  0.0000 ,  0.0000 ,  0.0000 ,  0.0000 ,  0.0000 ,
  0.0000 ,  0.0000 ,  0.0000 ,  0.0000 ,  0.0000 ,  0.0000 ,
  0.0000 ,  0.0000 ,  0.0000 ,  0.0000 ,  0.0000 ,  0.0000 ,
  0.0000 ,  0.0000 ,  0.0000 ,  0.0000 ,  0.0000 ,  0.0000 ,
  0.0000 ,  0.0000 ,  0.0000 ,  0.0000 ,  0.0000 ,  0.0000 ,
  0.0000 ,  0.0000 ,  0.0000 ,  0.0000 ,  0.0000 ,  0.0000 ,
  0.0000 ,  0.0000 ,  0.0000 ,  0.0000 ,  0.0000 ,  0.0000 ,
  0.0000 ,  0.0000 ,  0.0000 ,  0.0000 ,  0.0000 ,  0.0000 ,
  0.0000 ,  0.0000 ,  0.0000 ,  0.0000 ,  0.0000 ,  0.0000 ,
  0.0000 ,  0.0000 ,  0.0000 ,  0.0000 ,  0.0000 ,  0.0000 ,
  0.0000 ,  0.0000 ,  0.0000 ,  0.0000 ,  0.0000 ,  0.0000 ,
  0.0000 ,  0.0000 ,  0.0000 ,  0.0000 ,  0.0000 ,  0.0000 ,
  0.0000 ,  0.0000 ,  0.0000 ,  0.0000 ,  0.0000 ,  0.0000 ,
  0.0000 ,  0.0000 ,  0.0000 ,  0.0000 ,  0.0000 ,  0.0000 ,
  0.0000 ,  0.0000 ,  0.0000 ,  0.0000 ,  0.0000 ,  0.0000 ,
  0.0000 ,  0.0000 ,  0.0000 ,  0.0000 ,  0.0000 ,  0.0000 ,
  0.0000 ,  0.0000 ,  0.0000 ,  0.0000 ,  0.0000 ,  0.0000 ,
  0.0000 ,  0.0000 ,  0.0000 ,  0.0000 ,  0.0000 ,  0.0000 ,
  0.0000 ,  0.0000 ,  0.0000 ,  0.0000 ,  0.0000 ,  0.0000 ,
  0.0000 ,  0.0000 ,  0.0000 ,  0.0000 ,  0.0000 ,  0.0000 ,
  0.0000 ,  0.0000 ,  0.0000 ,  0.0000 ,  0.0000 ,  0.0000 ,
  0.0000 ,  0.0000 ,  0.0000 ,  0.0000 ,  0.0000 ,  0.0000 ,
  0.0000 ,  0.0000 ,  0.0000 ,  0.0000 ,  0.0000 ,  0.0000 ,
  0.0000 ,  0.0000 ,  0.0000 ,  0.0000 ,  0.0000 ,  0.0000 ,
  0.0000 ,  0.0000 ,  0.0000 ,  0.0000 ,  0.0000 ,  0.0000 ,
  0.0000 ,  0.0000 ,  0.0000 ,  0.0000 ,  0.0000 ,  0.0000 ,
  0.0000 ,  0.0000 ,  0.0000 ,  0.0000 ,  0.0000 ,  0.0000 ,
  0.0000 ,  0.0000 ,  0.0000 ,  0.0000 ,  0.0000 ,  0.0000 ,
  0.0000 ,  0.0000 ,  0.0000 ,  0.0000 ,  0.0000 ,  0.0000 ,
  0.0000 ,  0.0000 ,  0.0000 ,  0.0000 ,  0.0000 ,  0.0000 ,
  0.0000 ,  0.0000 ,  0.0000 ,  0.0000 ,  0.0000 ,  0.0000 ,
  0.0000 ,  0.0000 ,  0.0000 ,  0.0000 ,  0.0000 ,  0.0000 ,
  0.0000 ,  0.0000 ,  0.0000 ,  0.0000 ,  0.0000 ,  0.0000 ,
  0.0000 ,  0.0000 ,  0.0000 ,  0.0000 ,  0.0000 ,  0.0000 ,
  0.0000 ,  0.0000 ,  0.0000 ,  0.0000 ,  0.0000 ,  0.0000 ,
  0.0000 ,  0.0000 ,  0.0000 ,  0.0000 ,  0.0000 ,  0.0000 ,
  0.0000 ,  0.0000 ,  0.0000 ,  0.0000 ,  0.0000 ,  0.0000 ,
  0.0000 ,  0.0000 ,  0.0000 ,  0.0000 ,  0.0000 ,  0.0000 ,
  0.0000 ,  0.0000 ,  0.0000 ,  0.0000 ,  0.0000 ,  0.0000 ,
  0.0000 ,  0.0000 ,  0.0000 ,  0.0000 ,  0.0000 ,  0.0000 ,
  0.0000 ,  0.0000 ,  0.0000 ,  0.0000 ,  0.0000 ,  0.0000 ,
  0.0000 ,  0.0000 ,  0.0000 ,  0.0000 ,  0.0000 ,  0.0000 ,
  0.0000 ,  0.0000 ,  0.0000 ,  0.0000 ,  0.0000 ,  0.0000 ,
  0.0000 ,  0.0000 ,  0.0000 ,  0.0000 ,  0.0000 ,  0.0000 ,
  0.0000 ,  0.0000 ,  0.0000 ,  0.0000 ,  0.0000 ,  0.0000 ,
  0.0000 ,  0.0000 ,  0.0000 ,  0.0000 ,  0.0000 ,  0.0000 ,
  0.0000 ,  0.0000 ,  0.0000 ,  0.0000 ,  0.0000 ,  0.0000 ,
  0.0000 ,  0.0000 ,  0.0000 ,  0.0000 ,  0.0000 ,  0.0000 ,
  0.0000 ,  0.0000 ,  0.0000 ,  0.0000 ,  0.0000 ,  0.0000 ,
  0.0000 ,  0.0000 ,  0.0000 ,  0.0000 ,  0.0000 ,  0.0000 ,
  0.0000 ,  0.0000 ,  0.0000 ,  0.0000 ,  0.0000 ,  0.0000 ,
  0.0000 ,  0.0000 ,  0.0000 ,  0.0000 ,  0.0000 ,  0.0000 ,
  0.0000 ,  0.0000 ,  0.0000 ,  0.0000 ,  0.0000 ,  0.0000 ,
  0.0000 ,  0.0000 ,  0.0000 ,  0.0000 ,  0.0000 ,  0.0000 ,
  0.0000 ,  0.0000 ,  0.0000 ,  0.0000 ,  0.0000 ,  0.0000 ,
  0.0000 ,  0.0000 ,  0.0000 ,  0.0000 ,  0.0000 ,  0.0000 ,
  0.0000 ,  0.0000 ,  0.0000 ,  0.0000 ,  0.0000 ,  0.0000 ,
  0.0000 ,  0.0000 ,  0.0000 ,  0.0000 ,  0.0000 ,  0.0000 ,
  0.0000 ,  0.0000 ,  0.0000 ,  0.0000 ,  0.0000 ,  0.0000 ,
  0.0000 ,  0.0000 ,  0.0000 ,  0.0000 ,  0.0000 ,  0.0000 ,
  0.0000 ,  0.0000 ,  0.0000 ,  0.0000 ,  0.0000 ,  0.0000 ,
  0.0000 ,  0.0000 ,  0.0000 ,  0.0000 ,  0.0000 ,  0.0000 ,
  0.0000 ,  0.0000 ,  0.0000 ,  0.0000 ,  0.0000 ,  0.0000 ,
  0.0000 ,  0.0000 ,  0.0000 ,  0.0000 ,  0.0000 ,  0.0000 ,
  0.0000 ,  0.0000 ,  0.0000 ,  0.0000 ,  0.0000 ,  0.0000 ,
  0.0000 ,  0.0000 ,  0.0000 ,  0.0000 ,  0.0000 ,  0.0000 ,
  0.0000 ,  0.0000 ,  0.0000 ,  0.0000 ,  0.0000 ,  0.0000 ,
  0.0000 ,  0.0000 ,  0.0000 ,  0.0000 ,  0.0000 ,  0.0000 ,
  0.0000 ,  0.0000 ,  0.0000 ,  0.0000 ,  0.0000 ,  0.0000 ,
  0.0000 ,  0.0000 ,  0.0000 ,  0.0000 ,  0.0000 ,  0.0000 ,
  0.0000 ,  0.0000 ,  0.0000 ,  0.0000 ,  0.0000 ,  0.0000 ,
  0.0000 ,  0.0000 ,  0.0000 ,  0.0000 ,  0.0000 ,  0.0000 ,
  0.0000 ,  0.0000 ,  0.0000 ,  0.0000 ,  0.0000 ,  0.0000 ,
  0.0000 ,  0.0000 ,  0.0000 ,  0.0000 ,  0.0000 ,  0.0000 ,
  0.0000 ,  0.0000 ,  0.0000 ,  0.0000 ,  0.0000 ,  0.0000 ,
  0.0000 ,  0.0000 ,  0.0000 ,  0.0000 ,  0.0000 ,  0.0000 ,
  0.0000 ,  0.0000 ,  0.0000 ,  0.0000 ,  0.0000 ,  0.0000 ,
  0.0000 ,  0.0000 ,  0.0000 ,  0.0000 ,  0.0000 ,  0.0000 ,
  0.0000 ,  0.0000 ,  0.0000 ,  0.0000 ,  0.0000 ,  0.0000 ,
  0.0000 ,  0.0000 ,  0.0000 ,  0.0000 ,  0.0000 ,  0.0000 ,
  0.0000 ,  0.0000 ,  0.0000 ,  0.0000 ,  0.0000 ,  0.0000 ,
  0.0000 ,  0.0000 ,  0.0000 ,  0.0000 ,  0.0000 ,  0.0000 ,
  0.0000 ,  0.0000 ,  0.0000 ,  0.0000 ,  0.0000 ,  0.0000 ,
  0.0000 ,  0.0000 ,  0.0000 ,  0.0000 ,  0.0000 ,  0.0000 ,
  0.0000 ,  0.0000 ,  0.0000 ,  0.0000 ,  0.0000 ,  0.0000 ,
  0.0000 ,  0.0000 ,  0.0000 ,  0.0000 ,  0.0000 ,  0.0000 ,
  0.0000 ,  0.0000 ,  0.0000 ,  0.0000 ,  0.0000 ,  0.0000 ,
  0.0000 ,  0.0000 ,  0.0000 ,  0.0000 ,  0.0000 ,  0.0000 ,
  0.0000 ,  0.0000 ,  0.0000 ,  0.0000 ,  0.0000 ,  0.0000 ,
  0.0000 ,  0.0000 ,  0.0000 ,  0.0000 ,  0.0000 ,  0.0000 ,
  0.0000 ,  0.0000 ,  0.0000 ,  0.0000 ,  0.0000 ,  0.0000 ,
  0.0000 ,  0.0000 ,  0.0000 ,  0.0000 ,  0.0000 ,  0.0000 ,
  0.0000 ,  0.0000 ,  0.0000 ,  0.0000 ,  0.0000 ,  0.0000 ,
  0.0000 ,  0.0000 ,  0.0000 ,  0.0000 ,  0.0000 ,  0.0000 ,
  0.0000 ,  0.0000 ,  0.0000 ,  0.0000 ,  0.0000 ,  0.0000 ,
  0.0000 ,  0.0000 ,  0.0000 ,  0.0000 ,  0.0000 ,  0.0000 ,
  0.0000 ,  0.0000 ,  0.0000 ,  0.0000 ,  0.0000 ,  0.0000 ,
  0.0000 ,  0.0000 ,  0.0000 ,  0.0000 ,  0.0000 ,  0.0000 ,
  0.0000 ,  0.0000 ,  0.0000 ,  0.0000 ,  0.0000 ,  0.0000 ,
  0.0000 ,  0.0000 ,  0.0000 ,  0.0000 ,  0.0000 ,  0.0000 ,
  0.0000 ,  0.0000 ,  0.0000 ,  0.0000 ,  0.0000 ,  0.0000 ,
  0.0000 ,  0.0000 ,  0.0000 ,  0.0000 ,  0.0000 ,  0.0000 ,
  0.0000 ,  0.0000 ,  0.0000 ,  0.0000 ,  0.0000 ,  0.0000 ,
  0.0000 ,  0.0000 ,  0.0000 ,  0.0000 ,  0.0000 ,  0.0000 ,
  0.0000 ,  0.0000 ,  0.0000 ,  0.0000 ,  0.0000 ,  0.0000 ,
  0.0000 ,  0.0000 ,  0.0000 ,  0.0000 ,  0.0000 ,  0.0000 ,
  0.0000 ,  0.0000 ,  0.0000 ,  0.0000 ,  0.0000 ,  0.0000 ,
  0.0000 ,  0.0000 ,  0.0000 ,  0.0000 ,  0.0000 ,  0.0000 ,
  0.0000 ,  0.0000 ,  0.0000 ,  0.0000 ,  0.0000 ,  0.0000 ,
  0.0000 ,  0.0000 ,  0.0000 ,  0.0000 ,  0.0000 ,  0.0000 ,
  0.0000 ,  0.0000 ,  0.0000 ,  0.0000 ,  0.0000 ,  0.0000 ,
  0.0000 ,  0.0000 ,  0.0000 ,  0.0000 ,  0.0000 ,  0.0000 ,
  0.0000 ,  0.0000 ,  0.0000 ,  0.0000 ,  0.0000 ,  0.0000 ,
  0.0000 ,  0.0000 ,  0.0000 ,  0.0000 ,  0.0000 ,  0.0000 ,
  0.0000 ,  0.0000 ,  0.0000 ,  0.0000 ,  0.0000 ,  0.0000 ,
  0.0000 ,  0.0000 ,  0.0000 ,  0.0000 ,  0.0000 ,  0.0000 ,
  0.0000 ,  0.0000 ,  0.0000 ,  0.0000 ,  0.0000 ,  0.0000 ,
  0.0000 ,  0.0000 ,  0.0000 ,  0.0000 ,  0.0000 ,  0.0000 ,
  0.0000 ,  0.0000 ,  0.0000 ,  0.0000 ,  0.0000 ,  0.0000 ,
  0.0000 ,  0.0000 ,  0.0000 ,  0.0000 ,  0.0000 ,  0.0000 ,
  0.0000 ,  0.0000 ,  0.0000 ,  0.0000 ,  0.0000 ,  0.0000 ,
  0.0000 ,  0.0000 ,  0.0000 ,  0.0000 ,  0.0000 ,  0.0000 ,
  0.0000 ,  0.0000 ,  0.0000 ,  0.0000 ,  0.0000 ,  0.0000 ,
  0.0000 ,  0.0000 ,  0.0000 ,  0.0000 ,  0.0000 ,  0.0000 ,
  0.0000 ,  0.0000 ,  0.0000 ,  0.0000 ,  0.0000 ,  0.0000 ,
  0.0000 ,  0.0000 ,  0.0000 ,  0.0000 ,  0.0000 ,  0.0000 ,
  0.0000 ,  0.0000 ,  0.0000 ,  0.0000 ,  0.0000 ,  0.0000 ,
  0.0000 ,  0.0000 ,  0.0000 ,  0.0000 ,  0.0000 ,  0.0000 ,
  0.0000 ,  0.0000 ,  0.0000 ,  0.0000 ,  0.0000 ,  0.0000 ,
  0.0000 ,  0.0000 ,  0.0000 ,  0.0000 ,  0.0000 ,  0.0000 ,
  0.0000 ,  0.0000 ,  0.0000 ,  0.0000 ,  0.0000 ,  0.0000 ,
  0.0000 ,  0.0000 ,  0.0000 ,  0.0000 ,  0.0000 ,  0.0000 ,
  0.0000 ,  0.0000 ,  0.0000 ,  0.0000 ,  0.0000 ,  0.0000 ,
  0.0000 ,  0.0000 ,  0.0000 ,  0.0000 ,  0.0000 ,  0.0000 ,
  0.0000 ,  0.0000 ,  0.0000 ,  0.0000 ,  0.0000 ,  0.0000 ,
  0.0000 ,  0.0000 ,  0.0000 ,  0.0000 ,  0.0000 ,  0.0000 ,
  0.0000 ,  0.0000 ,  0.0000 ,  0.0000 ,  0.0000 ,  0.0000 ,
  0.0000 ,  0.0000 ,  0.0000 ,  0.0000 ,  0.0000 ,  0.0000 ,
  0.0000 ,  0.0000 ,  0.0000 ,  0.0000 ,  0.0000 ,  0.0000 ,
  0.0000 ,  0.0000 ,  0.0000 ,  0.0000 ,  0.0000 ,  0.0000 ,
  0.0000 ,  0.0000 ,  0.0000 ,  0.0000 ,  0.0000 ,  0.0000 ,
  0.0000 ,  0.0000 ,  0.0000 ,  0.0000 ,  0.0000 ,  0.0000 ,
  0.0000 ,  0.0000 ,  0.0000 ,  0.0000 ,  0.0000 ,  0.0000 ,
  0.0000 ,  0.0000 ,  0.0000 ,  0.0000 ,  0.0000 ,  0.0000 ,
  0.0000 ,  0.0000 ,  0.0000 ,  0.0000 ,  0.0000 ,  0.0000 ,
  0.0000 ,  0.0000 ,  0.0000 ,  0.0000 ,  0.0000 ,  0.0000 ,
  0.0000 ,  0.0000 ,  0.0000 ,  0.0000 ,  0.0000 ,  0.0000 ,
  0.0000 ,  0.0000 ,  0.0000 ,  0.0000 ,  0.0000 ,  0.0000 ,
  0.0000 ,  0.0000 ,  0.0000 ,  0.0000 ,  0.0000 ,  0.0000 ,
  0.0000 ,  0.0000 ,  0.0000 ,  0.0000 ,  0.0000 ,  0.0000 ,
  0.0000 ,  0.0000 ,  0.0000 ,  0.0000 ,  0.0000 ,  0.0000 ,
  0.0000 ,  0.0000 ,  0.0000 ,  0.0000 ,  0.0000 ,  0.0000 ,
  0.0000 ,  0.0000 ,  0.0000 ,  0.0000 ,  0.0000 ,  0.0000 ,
  0.0000 ,  0.0000 ,  0.0000 ,  0.0000 ,  0.0000 ,  0.0000 ,
  0.0000 ,  0.0000 ,  0.0000 ,  0.0000 ,  0.0000 ,  0.0000 ,
  0.0000 ,  0.0000 ,  0.0000 ,  0.0000 ,  0.0000 ,  0.0000 ,
  0.0000 ,  0.0000 ,  0.0000 ,  0.0000 ,  0.0000 ,  0.0000 ,
  0.0000 ,  0.0000 ,  0.0000 ,  0.0000 ,  0.0000 ,  0.0000 ,
  0.0000 ,  0.0000 ,  0.0000 ,  0.0000 ,  0.0000 ,  0.0000 ,
  0.0000 ,  0.0000 ,  0.0000 ,  0.0000 ,  0.0000 ,  0.0000 ,
  0.0000 ,  0.0000 ,  0.0000 ,  0.0000 ,  0.0000 ,  0.0000 ,
  0.0000 ,  0.0000 ,  0.0000 ,  0.0000 ,  0.0000 ,  0.0000 ,
  0.0000 ,  0.0000 ,  0.0000 ,  0.0000 ,  0.0000 ,  0.0000 ,
  0.0000 ,  0.0000 ,  0.0000 ,  0.0000 ,  0.0000 ,  0.0000 ,
  0.0000 ,  0.0000 ,  0.0000 ,  0.0000 ,  0.0000 ,  0.0000 ,
  0.0000 ,  0.0000 ,  0.0000 ,  0.0000 ,  0.0000 ,  0.0000 ,
  0.0000 ,  0.0000 ,  0.0000 ,  0.0000 ,  0.0000 ,  0.0000 ,
  0.0000 ,  0.0000 ,  0.0000 ,  0.0000 ,  0.0000 ,  0.0000 ,
  0.0000 ,  0.0000 ,  0.0000 ,  0.0000 ,  0.0000 ,  0.0000 ,
  0.0000 ,  0.0000 ,  0.0000 ,  0.0000 ,  0.0000 ,  0.0000 ,
  0.0000 ,  0.0000 ,  0.0000 ,  0.0000 ,  0.0000 ,  0.0000 ,
  0.0000 ,  0.0000 ,  0.0000 ,  0.0000 ,  0.0000 ,  0.0000 ,
  0.0000 ,  0.0000 ,  0.0000 ,  0.0000 ,  0.0000 ,  0.0000 ,
  0.0000 ,  0.0000 ,  0.0000 ,  0.0000 ,  0.0000 ,  0.0000 ,
  0.0000 ,  0.0000 ,  0.0000 ,  0.0000 ,  0.0000 ,  0.0000 ,
  0.0000 ,  0.0000 ,  0.0000 ,  0.0000 ,  0.0000 ,  0.0000 ,
  0.0000 ,  0.0000 ,  0.0000 ,  0.0000 ,  0.0000 ,  0.0000 ,
  0.0000 ,  0.0000 ,  0.0000 ,  0.0000 ,  0.0000 ,  0.0000 ,
  0.0000 ,  0.0000 ,  0.0000 ,  0.0000 ,  0.0000 ,  0.0000 ,
  0.0000 ,  0.0000 ,  0.0000 ,  0.0000 ,  0.0000 ,  0.0000 ,
  0.0000 ,  0.0000 ,  0.0000 ,  0.0000 ,  0.0000 ,  0.0000 ,
  0.0000 ,  0.0000 ,  0.0000 ,  0.0000 ,  0.0000 ,  0.0000 ,
  0.0000 ,  0.0000 ,  0.0000 ,  0.0000 ,  0.0000 ,  0.0000 ,
  0.0000 ,  0.0000 ,  0.0000 ,  0.0000 ,  0.0000 ,  0.0000 ,
  0.0000 ,  0.0000 ,  0.0000 ,  0.0000 ,  0.0000 ,  0.0000 ,
  0.0000 ,  0.0000 ,  0.0000 ,  0.0000 ,  0.0000 ,  0.0000 ,
  0.0000 ,  0.0000 ,  0.0000 ,  0.0000 ,  0.0000 ,  0.0000 ,
  0.0000 ,  0.0000 ,  0.0000 ,  0.0000 ,  0.0000 ,  0.0000 ,
  0.0000 ,  0.0000 ,  0.0000 ,  0.0000 ,  0.0000 ,  0.0000 ,
  0.0000 ,  0.0000 ,  0.0000 ,  0.0000 ,  0.0000 ,  0.0000 ,
  0.0000 ,  0.0000 ,  0.0000 ,  0.0000 ,  0.0000 ,  0.0000 ,
  0.0000 ,  0.0000 ,  0.0000 ,  0.0000 ,  0.0000 ,  0.0000 ,
  0.0000 ,  0.0000 ,  0.0000 ,  0.0000 ,  0.0000 ,  0.0000 ,
  0.0000 ,  0.0000 ,  0.0000 ,  0.0000 ,  0.0000 ,  0.0000 ,
  0.0000 ,  0.0000 ,  0.0000 ,  0.0000 ,  0.0000 ,  0.0000 ,
  0.0000 ,  0.0000 ,  0.0000 ,  0.0000 ,  0.0000 ,  0.0000 ,
  0.0000 ,  0.0000 ,  0.0000 ,  0.0000 ,  0.0000 ,  0.0000 ,
  0.0000 ,  0.0000 ,  0.0000 ,  0.0000 ,  0.0000 ,  0.0000 ,
  0.0000 ,  0.0000 ,  0.0000 ,  0.0000 ,  0.0000 ,  0.0000 ,
  0.0000 ,  0.0000 ,  0.0000 ,  0.0000 ,  0.0000 ,  0.0000 ,
  0.0000 ,  0.0000 ,  0.0000 ,  0.0000 ,  0.0000 ,  0.0000 ,
  0.0000 ,  0.0000 ,  0.0000 ,  0.0000 ,  0.0000 ,  0.0000 ,
  0.0000 ,  0.0000 ,  0.0000 ,  0.0000 ,  0.0000 ,  0.0000 ,
  0.0000 ,  0.0000 ,  0.0000 ,  0.0000 ,  0.0000 ,  0.0000 ,
  0.0000 ,  0.0000 ,  0.0000 ,  0.0000 ,  0.0000 ,  0.0000 ,
  0.0000 ,  0.0000 ,  0.0000 ,  0.0000 ,  0.0000 ,  0.0000 ,
  0.0000 ,  0.0000 ,  0.0000 ,  0.0000 ,  0.0000 ,  0.0000 ,
  0.0000 ,  0.0000 ,  0.0000 ,  0.0000 ,  0.0000 ,  0.0000 ,
  0.0000 ,  0.0000 ,  0.0000 ,  0.0000 ,  0.0000 ,  0.0000 ,
  0.0000 ,  0.0000 ,  0.0000 ,  0.0000 ,  0.0000 ,  0.0000 ,
  0.0000 ,  0.0000 ,  0.0000 ,  0.0000 ,  0.0000 ,  0.0000 ,
  0.0000 ,  0.0000 ,  0.0000 ,  0.0000 ,  0.0000 ,  0.0000 ,
  0.0000 ,  0.0000 ,  0.0000 ,  0.0000 ,  0.0000 ,  0.0000 ,
  0.0000 ,  0.0000 ,  0.0000 ,  0.0000 ,  0.0000 ,  0.0000 ,
  0.0000 ,  0.0000 ,  0.0000 ,  0.0000 ,  0.0000 ,  0.0000 ,
  0.0000 ,  0.0000 ,  0.0000 ,  0.0000 ,  0.0000 ,  0.0000 ,
  0.0000 ,  0.0000 ,  0.0000 ,  0.0000 ,  0.0000 ,  0.0000 ,
  0.0000 ,  0.0000 ,  0.0000 ,  0.0000 ,  0.0000 ,  0.0000 ,
  0.0000 ,  0.0000 ,  0.0000 ,  0.0000 ,  0.0000 ,  0.0000 ,
  0.0000 ,  0.0000 ,  0.0000 ,  0.0000 ,  0.0000 ,  0.0000 ,
  0.0000 ,  0.0000 ,  0.0000 ,  0.0000 ,  0.0000 ,  0.0000 ,
  0.0000 ,  0.0000 ,  0.0000 ,  0.0000 ,  0.0000 ,  0.0000 ,
  0.0000 ,  0.0000 ,  0.0000 ,  0.0000 ,  0.0000 ,  0.0000 ,
  0.0000 ,  0.0000 ,  0.0000 ,  0.0000 ,  0.0000 ,  0.0000 ,
  0.0000 ,  0.0000 ,  0.0000 ,  0.0000 ,  0.0000 ,  0.0000 ,
  0.0000 ,  0.0000 ,  0.0000 ,  0.0000 ,  0.0000 ,  0.0000 ,
  0.0000 ,  0.0000 ,  0.0000 ,  0.0000 ,  0.0000 ,  0.0000 ,
  0.0000 ,  0.0000 ,  0.0000 ,  0.0000 ,  0.0000 ,  0.0000 ,
  0.0000 ,  0.0000 ,  0.0000 ,  0.0000 ,  0.0000 ,  0.0000 ,
  0.0000 ,  0.0000 ,  0.0000 ,  0.0000 ,  0.0000 ,  0.0000 ,
  0.0000 ,  0.0000 ,  0.0000 ,  0.0000 ,  0.0000 ,  0.0000 ,
  0.0000 ,  0.0000 ,  0.0000 ,  0.0000 ,  0.0000 ,  0.0000 ,
  0.0000 ,  0.0000 ,  0.0000 ,  0.0000 ,  0.0000 ,  0.0000 ,
  0.0000 ,  0.0000 ,  0.0000 ,  0.0000 ,  0.0000 ,  0.0000 ,
  0.0000 ,  0.0000 ,  0.0000 ,  0.0000 ,  0.0000 ,  0.0000 ,
  0.0000 ,  0.0000 ,  0.0000 ,  0.0000 ,  0.0000 ,  0.0000 ,
  0.0000 ,  0.0000 ,  0.0000 ,  0.0000 ,  0.0000 ,  0.0000 ,
  0.0000 ,  0.0000 ,  0.0000 ,  0.0000 ,  0.0000 ,  0.0000 ,
  0.0000 ,  0.0000 ,  0.0000 ,  0.0000 ,  0.0000 ,  0.0000 ,
  0.0000 ,  0.0000 ,  0.0000 ,  0.0000 ,  0.0000 ,  0.0000 ,
  0.0000 ,  0.0000 ,  0.0000 ,  0.0000 ,  0.0000 ,  0.0000 ,
  0.0000 ,  0.0000 ,  0.0000 ,  0.0000 ,  0.0000 ,  0.0000 ,
  0.0000 ,  0.0000 ,  0.0000 ,  0.0000 ,  0.0000 ,  0.0000 ,
  0.0000 ,  0.0000 ,  0.0000 ,  0.0000 ,  0.0000 ,  0.0000 ,
  0.0000 ,  0.0000 ,  0.0000 ,  0.0000 ,  0.0000 ,  0.0000 ,
  0.0000 ,  0.0000 ,  0.0000 ,  0.0000 ,  0.0000 ,  0.0000 ,
  0.0000 ,  0.0000 ,  0.0000 ,  0.0000 ,  0.0000 ,  0.0000 ,
  0.0000 ,  0.0000 ,  0.0000 ,  0.0000 ,  0.0000 ,  0.0000 ,
  0.0000 ,  0.0000 ,  0.0000 ,  0.0000 ,  0.0000 ,  0.0000 ,
  0.0000 ,  0.0000 ,  0.0000 ,  0.0000 ,  0.0000 ,  0.0000 ,
  0.0000 ,  0.0000 ,  0.0000 ,  0.0000 ,  0.0000 ,  0.0000 ,
  0.0000 ,  0.0000 ,  0.0000 ,  0.0000 ,  0.0000 ,  0.0000 ,
  0.0000 ,  0.0000 ,  0.0000 ,  0.0000 ,  0.0000 ,  0.0000 ,
  0.0000 ,  0.0000 ,  0.0000 ,  0.0000 ,  0.0000 ,  0.0000 ,
  0.0000 ,  0.0000 ,  0.0000 ,  0.0000 ,  0.0000 ,  0.0000 ,
  0.0000 ,  0.0000 ,  0.0000 ,  0.0000 ,  0.0000 ,  0.0000 ,
  0.0000 ,  0.0000 ,  0.0000 ,  0.0000 ,  0.0000 ,  0.0000 ,
  0.0000 ,  0.0000 ,  0.0000 ,  0.0000 ,  0.0000 ,  0.0000 ,
  0.0000 ,  0.0000 ,  0.0000 ,  0.0000 ,  0.0000 ,  0.0000 ,
  0.0000 ,  0.0000 ,  0.0000 ,  0.0000 ,  0.0000 ,  0.0000 ,
  0.0000 ,  0.0000 ,  0.0000 ,  0.0000 ,  0.0000 ,  0.0000 ,
  0.0000 ,  0.0000 ,  0.0000 ,  0.0000 ,  0.0000 ,  0.0000 ,
  0.0000 ,  0.0000 ,  0.0000 ,  0.0000 ,  0.0000 ,  0.0000 ,
  0.0000 ,  0.0000 ,  0.0000 ,  0.0000 ,  0.0000 ,  0.0000 ,
  0.0000 ,  0.0000 ,  0.0000 ,  0.0000 ,  0.0000 ,  0.0000 ,
  0.0000 ,  0.0000 ,  0.0000 ,  0.0000 ,  0.0000 ,  0.0000 ,
  0.0000 ,  0.0000 ,  0.0000 ,  0.0000 ,  0.0000 ,  0.0000 ,
  0.0000 ,  0.0000 ,  0.0000 ,  0.0000 ,  0.0000 ,  0.0000 ,
  0.0000 ,  0.0000 ,  0.0000 ,  0.0000 ,  0.0000 ,  0.0000 ,
  0.0000 ,  0.0000 ,  0.0000 ,  0.0000 ,  0.0000 ,  0.0000 ,
  0.0000 ,  0.0000 ,  0.0000 ,  0.0000 ,  0.0000 ,  0.0000 ,
  0.0000 ,  0.0000 ,  0.0000 ,  0.0000 ,  0.0000 ,  0.0000 ,
  0.0000 ,  0.0000 ,  0.0000 ,  0.0000 ,  0.0000 ,  0.0000 ,
  0.0000 ,  0.0000 ,  0.0000 ,  0.0000 ,  0.0000 ,  0.0000 ,
  0.0000 ,  0.0000 ,  0.0000 ,  0.0000 ,  0.0000 ,  0.0000 ,
  0.0000 ,  0.0000 ,  0.0000 ,  0.0000 ,  0.0000 ,  0.0000 ,
  0.0000 ,  0.0000 ,  0.0000 ,  0.0000 ,  0.0000 ,  0.0000 ,
  0.0000 ,  0.0000 ,  0.0000 ,  0.0000 ,  0.0000 ,  0.0000 ,
  0.0000 ,  0.0000 ,  0.0000 ,  0.0000 ,  0.0000 ,  0.0000 ,
  0.0000 ,  0.0000 ,  0.0000 ,  0.0000 ,  0.0000 ,  0.0000 ,
  0.0000 ,  0.0000 ,  0.0000 ,  0.0000 ,  0.0000 ,  0.0000 ,
  0.0000 ,  0.0000 ,  0.0000 ,  0.0000 ,  0.0000 ,  0.0000 ,
  0.0000 ,  0.0000 ,  0.0000 ,  0.0000 ,  0.0000 ,  0.0000 ,
  0.0000 ,  0.0000 ,  0.0000 ,  0.0000 ,  0.0000 ,  0.0000 ,
  0.0000 ,  0.0000 ,  0.0000 ,  0.0000 ,  0.0000 ,  0.0000 ,
  0.0000 ,  0.0000 ,  0.0000 ,  0.0000 ,  0.0000 ,  0.0000 ,
  0.0000 ,  0.0000 ,  0.0000 ,  0.0000 ,  0.0000 ,  0.0000 ,
  0.0000 ,  0.0000 ,  0.0000 ,  0.0000 ,  0.0000 ,  0.0000 ,
  0.0000 ,  0.0000 ,  0.0000 ,  0.0000 ,  0.0000 ,  0.0000 ,
  0.0000 ,  0.0000 ,  0.0000 ,  0.0000 ,  0.0000 ,  0.0000 ,
  0.0000 ,  0.0000 ,  0.0000 ,  0.0000 ,  0.0000 ,  0.0000 ,
  0.0000 ,  0.0000 ,  0.0000 ,  0.0000 ,  0.0000 ,  0.0000 ,
  0.0000 ,  0.0000 ,  0.0000 ,  0.0000 ,  0.0000 ,  0.0000 ,
  0.0000 ,  0.0000 ,  0.0000 ,  0.0000 ,  0.0000 ,  0.0000 ,
  0.0000 ,  0.0000 ,  0.0000 ,  0.0000 ,  0.0000 ,  0.0000 ,
  0.0000 ,  0.0000 ,  0.0000 ,  0.0000 ,  0.0000 ,  0.0000 ,
  0.0000 ,  0.0000 ,  0.0000 ,  0.0000 ,  0.0000 ,  0.0000 ,
  0.0000 ,  0.0000 ,  0.0000 ,  0.0000 ,  0.0000 ,  0.0000 ,
  0.0000 ,  0.0000 ,  0.0000 ,  0.0000 ,  0.0000 ,  0.0000 ,
  0.0000 ,  0.0000 ,  0.0000 ,  0.0000 ,  0.0000 ,  0.0000 ,
  0.0000 ,  0.0000 ,  0.0000 ,  0.0000 ,  0.0000 ,  0.0000 ,
  0.0000 ,  0.0000 ,  0.0000 ,  0.0000 ,  0.0000 ,  0.0000 ,
  0.0000 ,  0.0000 ,  0.0000 ,  0.0000 ,  0.0000 ,  0.0000 ,
  0.0000 ,  0.0000 ,  0.0000 ,  0.0000 ,  0.0000 ,  0.0000 ,
  0.0000 ,  0.0000 ,  0.0000 ,  0.0000 ,  0.0000 ,  0.0000 ,
  0.0000 ,  0.0000 ,  0.0000 ,  0.0000 ,  0.0000 ,  0.0000 ,
  0.0000 ,  0.0000 ,  0.0000 ,  0.0000 ,  0.0000 ,  0.0000 ,
  0.0000 ,  0.0000 ,  0.0000 ,  0.0000 ,  0.0000 ,  0.0000 ,
  0.0000 ,  0.0000 ,  0.0000 ,  0.0000 ,  0.0000 ,  0.0000 ,
  0.0000 ,  0.0000 ,  0.0000 ,  0.0000 ,  0.0000 ,  0.0000 ,
  0.0000 ,  0.0000 ,  0.0000 ,  0.0000 ,  0.0000 ,  0.0000 ,
  0.0000 ,  0.0000 ,  0.0000 ,  0.0000 ,  0.0000 ,  0.0000 ,
  0.0000 ,  0.0000 ,  0.0000 ,  0.0000 ,  0.0000 ,  0.0000 ,
  0.0000 ,  0.0000 ,  0.0000 ,  0.0000 ,  0.0000 ,  0.0000 ,
  0.0000 ,  0.0000 ,  0.0000 ,  0.0000 ,  0.0000 ,  0.0000 ,
  0.0000 ,  0.0000 ,  0.0000 ,  0.0000 ,  0.0000 ,  0.0000 ,
  0.0000 ,  0.0000 ,  0.0000 ,  0.0000 ,  0.0000 ,  0.0000 ,
  0.0000 ,  0.0000 ,  0.0000 ,  0.0000 ,  0.0000 ,  0.0000 ,
  0.0000 ,  0.0000 ,  0.0000 ,  0.0000 ,  0.0000 ,  0.0000 ,
  0.0000 ,  0.0000 ,  0.0000 ,  0.0000 ,  0.0000 ,  0.0000 ,
  0.0000 ,  0.0000 ,  0.0000 ,  0.0000 ,  0.0000 ,  0.0000 ,
  0.0000 ,  0.0000 ,  0.0000 ,  0.0000 ,  0.0000 ,  0.0000 ,
  0.0000 ,  0.0000 ,  0.0000 ,  0.0000 ,  0.0000 ,  0.0000 ,
  0.0000 ,  0.0000 ,  0.0000 ,  0.0000 ,  0.0000 ,  0.0000 ,
  0.0000 ,  0.0000 ,  0.0000 ,  0.0000 ,  0.0000 ,  0.0000 ,
  0.0000 ,  0.0000 ,  0.0000 ,  0.0000 ,  0.0000 ,  0.0000 ,
  0.0000 ,  0.0000 ,  0.0000 ,  0.0000 ,  0.0000 ,  0.0000 ,
  0.0000 ,  0.0000 ,  0.0000 ,  0.0000 ,  0.0000 ,  0.0000 ,
  0.0000 ,  0.0000 ,  0.0000 ,  0.0000 ,  0.0000 ,  0.0000 ,
  0.0000 ,  0.0000 ,  0.0000 ,  0.0000 ,  0.0000 ,  0.0000 ,
  0.0000 ,  0.0000 ,  0.0000 ,  0.0000 ,  0.0000 ,  0.0000 ,
  0.0000 ,  0.0000 ,  0.0000 ,  0.0000 ,  0.0000 ,  0.0000 ,
  0.0000 ,  0.0000 ,  0.0000 ,  0.0000 ,  0.0000 ,  0.0000 ,
  0.0000 ,  0.0000 ,  0.0000 ,  0.0000 ,  0.0000 ,  0.0000 ,
  0.0000 ,  0.0000 ,  0.0000 ,  0.0000 ,  0.0000 ,  0.0000 ,
  0.0000 ,  0.0000 ,  0.0000 ,  0.0000 ,  0.0000 ,  0.0000 ,
  0.0000 ,  0.0000 ,  0.0000 ,  0.0000 ,  0.0000 ,  0.0000 ,
  0.0000 ,  0.0000 ,  0.0000 ,  0.0000 ,  0.0000 ,  0.0000 ,
  0.0000 ,  0.0000 ,  0.0000 ,  0.0000 ,  0.0000 ,  0.0000 ,
  0.0000 ,  0.0000 ,  0.0000 ,  0.0000 ,  0.0000 ,  0.0000 ,
  0.0000 ,  0.0000 ,  0.0000 ,  0.0000 ,  0.0000 ,  0.0000 ,
  0.0000 ,  0.0000 ,  0.0000 ,  0.0000 ,  0.0000 ,  0.0000 ,
  0.0000 ,  0.0000 ,  0.0000 ,  0.0000 ,  0.0000 ,  0.0000 ,
  0.0000 ,  0.0000 ,  0.0000 ,  0.0000 ,  0.0000 ,  0.0000 ,
  0.0000 ,  0.0000 ,  0.0000 ,  0.0000 ,  0.0000 ,  0.0000 ,
  0.0000 ,  0.0000 ,  0.0000 ,  0.0000 ,  0.0000 ,  0.0000 ,
  0.0000 ,  0.0000 ,  0.0000 ,  0.0000 ,  0.0000 ,  0.0000 ,
  0.0000 ,  0.0000 ,  0.0000 ,  0.0000 ,  0.0000 ,  0.0000 ,
  0.0000 ,  0.0000 ,  0.0000 ,  0.0000 ,  0.0000 ,  0.0000 ,
  0.0000 ,  0.0000 ,  0.0000 ,  0.0000 ,  0.0000 ,  0.0000 ,
  0.0000 ,  0.0000 ,  0.0000 ,  0.0000 ,  0.0000 ,  0.0000 ,
  0.0000 ,  0.0000 ,  0.0000 ,  0.0000 ,  0.0000 ,  0.0000 ,
  0.0000 ,  0.0000 ,  0.0000 ,  0.0000 ,  0.0000 ,  0.0000 ,
  0.0000 ,  0.0000 ,  0.0000 ,  0.0000 ,  0.0000 ,  0.0000 ,
  0.0000 ,  0.0000 ,  0.0000 ,  0.0000 ,  0.0000 ,  0.0000 ,
  0.0000 ,  0.0000 ,  0.0000 ,  0.0000 ,  0.0000 ,  0.0000 ,
  0.0000 ,  0.0000 ,  0.0000 ,  0.0000 ,  0.0000 ,  0.0000 ,
  0.0000 ,  0.0000 ,  0.0000 ,  0.0000 ,  0.0000 ,  0.0000 ,
  0.0000 ,  0.0000 ,  0.0000 ,  0.0000 ,  0.0000 ,  0.0000 ,
  0.0000 ,  0.0000 ,  0.0000 ,  0.0000 ,  0.0000 ,  0.0000 ,
  0.0000 ,  0.0000 ,  0.0000 ,  0.0000 ,  0.0000 ,  0.0000 ,
  0.0000 ,  0.0000 ,  0.0000 ,  0.0000 ,  0.0000 ,  0.0000 ,
  0.0000 ,  0.0000 ,  0.0000 ,  0.0000 ,  0.0000 ,  0.0000 ,
  0.0000 ,  0.0000 ,  0.0000 ,  0.0000 ,  0.0000 ,  0.0000 ,
  0.0000 ,  0.0000 ,  0.0000 ,  0.0000 ,  0.0000 ,  0.0000 ,
  0.0000 ,  0.0000 ,  0.0000 ,  0.0000 ,  0.0000 ,  0.0000 ,
  0.0000 ,  0.0000 ,  0.0000 ,  0.0000 ,  0.0000 ,  0.0000 ,
  0.0000 ,  0.0000 ,  0.0000 ,  0.0000 ,  0.0000 ,  0.0000 ,
  0.0000 ,  0.0000 ,  0.0000 ,  0.0000 ,  0.0000 ,  0.0000 ,
  0.0000 ,  0.0000 ,  0.0000 ,  0.0000 ,  0.0000 ,  0.0000 ,
  0.0000 ,  0.0000 ,  0.0000 ,  0.0000 ,  0.0000 ,  0.0000 ,
  0.0000 ,  0.0000 ,  0.0000 ,  0.0000 ,  0.0000 ,  0.0000 ,
  0.0000 ,  0.0000 ,  0.0000 ,  0.0000 ,  0.0000 ,  0.0000 ,
  0.0000 ,  0.0000 ,  0.0000 ,  0.0000 ,  0.0000 ,  0.0000 ,
  0.0000 ,  0.0000 ,  0.0000 ,  0.0000 ,  0.0000 ,  0.0000 ,
  0.0000 ,  0.0000 ,  0.0000 ,  0.0000 ,  0.0000 ,  0.0000 ,
  0.0000 ,  0.0000 ,  0.0000 ,  0.0000 ,  0.0000 ,  0.0000 ,
  0.0000 ,  0.0000 ,  0.0000 ,  0.0000 ,  0.0000 ,  0.0000 ,
  0.0000 ,  0.0000 ,  0.0000 ,  0.0000 ,  0.0000 ,  0.0000 ,
  0.0000 ,  0.0000 ,  0.0000 ,  0.0000 ,  0.0000 ,  0.0000 ,
  0.0000 ,  0.0000 ,  0.0000 ,  0.0000 ,  0.0000 ,  0.0000 ,
  0.0000 ,  0.0000 ,  0.0000 ,  0.0000 ,  0.0000 ,  0.0000 ,
  0.0000 ,  0.0000 ,  0.0000 ,  0.0000 ,  0.0000 ,  0.0000 ,
  0.0000 ,  0.0000 ,  0.0000 ,  0.0000 ,  0.0000 ,  0.0000 ,
  0.0000 ,  0.0000 ,  0.0000 ,  0.0000 ,  0.0000 ,  0.0000 ,
  0.0000 ,  0.0000 ,  0.0000 ,  0.0000 ,  0.0000 ,  0.0000 ,
  0.0000 ,  0.0000 ,  0.0000 ,  0.0000 ,  0.0000 ,  0.0000 ,
  0.0000 ,  0.0000 ,  0.0000 ,  0.0000 ,  0.0000 ,  0.0000 ,
  0.0000 ,  0.0000 ,  0.0000 ,  0.0000 ,  0.0000 ,  0.0000 ,
  0.0000 ,  0.0000 ,  0.0000 ,  0.0000 ,  0.0000 ,  0.0000 ,
  0.0000 ,  0.0000 ,  0.0000 ,  0.0000 ,  0.0000 ,  0.0000 ,
  0.0000 ,  0.0000 ,  0.0000 ,  0.0000 ,  0.0000 ,  0.0000 ,
  0.0000 ,  0.0000 ,  0.0000 ,  0.0000 ,  0.0000 ,  0.0000 ,
  0.0000 ,  0.0000 ,  0.0000 ,  0.0000 ,  0.0000 ,  0.0000 ,
  0.0000 ,  0.0000 ,  0.0000 ,  0.0000 ,  0.0000 ,  0.0000 ,
  0.0000 ,  0.0000 ,  0.0000 ,  0.0000 ,  0.0000 ,  0.0000 ,
  0.0000 ,  0.0000 ,  0.0000 ,  0.0000 ,  0.0000 ,  0.0000 ,
  0.0000 ,  0.0000 ,  0.0000 ,  0.0000 ,  0.0000 ,  0.0000 ,
  0.0000 ,  0.0000 ,  0.0000 ,  0.0000 ,  0.0000 ,  0.0000 ,
  0.0000 ,  0.0000 ,  0.0000 ,  0.0000 ,  0.0000 ,  0.0000 ,
  0.0000 ,  0.0000 ,  0.0000 ,  0.0000 ,  0.0000 ,  0.0000 ,
  0.0000 ,  0.0000 ,  0.0000 ,  0.0000 ,  0.0000 ,  0.0000 ,
  0.0000 ,  0.0000 ,  0.0000 ,  0.0000 ,  0.0000 ,  0.0000 ,
  0.0000 ,  0.0000 ,  0.0000 ,  0.0000 ,  0.0000 ,  0.0000 ,
  0.0000 ,  0.0000 ,  0.0000 ,  0.0000 ,  0.0000 ,  0.0000 ,
  0.0000 ,  0.0000 ,  0.0000 ,  0.0000 ,  0.0000 ,  0.0000 ,
  0.0000 ,  0.0000 ,  0.0000 ,  0.0000 ,  0.0000 ,  0.0000 ,
  0.0000 ,  0.0000 ,  0.0000 ,  0.0000 ,  0.0000 ,  0.0000 ,
  0.0000 ,  0.0000 ,  0.0000 ,  0.0000 ,  0.0000 ,  0.0000 ,
  0.0000 ,  0.0000 ,  0.0000 ,  0.0000 ,  0.0000 ,  0.0000 ,
  0.0000 ,  0.0000 ,  0.0000 ,  0.0000 ,  0.0000 ,  0.0000 ,
  0.0000 ,  0.0000 ,  0.0000 ,  0.0000 ,  0.0000 ,  0.0000 ,
  0.0000 ,  0.0000 ,  0.0000 ,  0.0000 ,  0.0000 ,  0.0000 ,
  0.0000 ,  0.0000 ,  0.0000 ,  0.0000 ,  0.0000 ,  0.0000 ,
  0.0000 ,  0.0000 ,  0.0000 ,  0.0000 ,  0.0000 ,  0.0000 ,
  0.0000 ,  0.0000 ,  0.0000 ,  0.0000 ,  0.0000 ,  0.0000 ,
  0.0000 ,  0.0000 ,  0.0000 ,  0.0000 ,  0.0000 ,  0.0000 ,
  0.0000 ,  0.0000 ,  0.0000 ,  0.0000 ,  0.0000 ,  0.0000 ,
  0.0000 ,  0.0000 ,  0.0000 ,  0.0000 ,  0.0000 ,  0.0000 ,
  0.0000 ,  0.0000 ,  0.0000 ,  0.0000 ,  0.0000 ,  0.0000 ,
  0.0000 ,  0.0000 ,  0.0000 ,  0.0000 ,  0.0000 ,  0.0000 ,
  0.0000 ,  0.0000 ,  0.0000 ,  0.0000 ,  0.0000 ,  0.0000 ,
  0.0000 ,  0.0000 ,  0.0000 ,  0.0000 ,  0.0000 ,  0.0000 ,
  0.0000 ,  0.0000 ,  0.0000 ,  0.0000 ,  0.0000 ,  0.0000 ,
  0.0000 ,  0.0000 ,  0.0000 ,  0.0000 ,  0.0000 ,  0.0000 ,
  0.0000 ,  0.0000 ,  0.0000 ,  0.0000 ,  0.0000 ,  0.0000 ,
  0.0000 ,  0.0000 ,  0.0000 ,  0.0000 ,  0.0000 ,  0.0000 ,
  0.0000 ,  0.0000 ,  0.0000 ,  0.0000 ,  0.0000 ,  0.0000 ,
  0.0000 ,  0.0000 ,  0.0000 ,  0.0000 ,  0.0000 ,  0.0000 ,
  0.0000 ,  0.0000 ,  0.0000 ,  0.0000 ,  0.0000 ,  0.0000 ,
  0.0000 ,  0.0000 ,  0.0000 ,  0.0000 ,  0.0000 ,  0.0000 ,
  0.0000 ,  0.0000 ,  0.0000 ,  0.0000 ,  0.0000 ,  0.0000 ,
  0.0000 ,  0.0000 ,  0.0000 ,  0.0000 ,  0.0000 ,  0.0000 ,
  0.0000 ,  0.0000 ,  0.0000 ,  0.0000 ,  0.0000 ,  0.0000 ,
  0.0000 ,  0.0000 ,  0.0000 ,  0.0000 ,  0.0000 ,  0.0000 ,
  0.0000 ,  0.0000 ,  0.0000 ,  0.0000 ,  0.0000 ,  0.0000 ,
  0.0000 ,  0.0000 ,  0.0000 ,  0.0000 ,  0.0000 ,  0.0000 ,
  0.0000 ,  0.0000 ,  0.0000 ,  0.0000 ,  0.0000 ,  0.0000 ,
  0.0000 ,  0.0000 ,  0.0000 ,  0.0000 ,  0.0000 ,  0.0000 ,
  0.0000 ,  0.0000 ,  0.0000 ,  0.0000 ,  0.0000 ,  0.0000 ,
  0.0000 ,  0.0000 ,  0.0000 ,  0.0000 ,  0.0000 ,  0.0000 ,
  0.0000 ,  0.0000 ,  0.0000 ,  0.0000 ,  0.0000 ,  0.0000 ,
  0.0000 ,  0.0000 ,  0.0000 ,  0.0000 ,  0.0000 ,  0.0000 ,
  0.0000 ,  0.0000 ,  0.0000 ,  0.0000 ,  0.0000 ,  0.0000 ,
  0.0000 ,  0.0000 ,  0.0000 ,  0.0000 ,  0.0000 ,  0.0000 ,
  0.0000 ,  0.0000 ,  0.0000 ,  0.0000 ,  0.0000 ,  0.0000 ,
  0.0000 ,  0.0000 ,  0.0000 ,  0.0000 ,  0.0000 ,  0.0000 ,
  0.0000 ,  0.0000 ,  0.0000 ,  0.0000 ,  0.0000 ,  0.0000 ,
  0.0000 ,  0.0000 ,  0.0000 ,  0.0000 ,  0.0000 ,  0.0000 ,
  0.0000 ,  0.0000 ,  0.0000 ,  0.0000 ,  0.0000 ,  0.0000 ,
  0.0000 ,  0.0000 ,  0.0000 ,  0.0000 ,  0.0000 ,  0.0000 ,
  0.0000 ,  0.0000 ,  0.0000 ,  0.0000 ,  0.0000 ,  0.0000 ,
  0.0000 ,  0.0000 ,  0.0000 ,  0.0000 ,  0.0000 ,  0.0000 ,
  0.0000 ,  0.0000 ,  0.0000 ,  0.0000 ,  0.0000 ,  0.0000 ,
  0.0000 ,  0.0000 ,  0.0000 ,  0.0000 ,  0.0000 ,  0.0000 ,
  0.0000 ,  0.0000 ,  0.0000 ,  0.0000 ,  0.0000 ,  0.0000 ,
  0.0000 ,  0.0000 ,  0.0000 ,  0.0000 ,  0.0000 ,  0.0000 ,
  0.0000 ,  0.0000 ,  0.0000 ,  0.0000 ,  0.0000 ,  0.0000 ,
  0.0000 ,  0.0000 ,  0.0000 ,  0.0000 ,  0.0000 ,  0.0000 ,
  0.0000 ,  0.0000 ,  0.0000 ,  0.0000 ,  0.0000 ,  0.0000 ,
  0.0000 ,  0.0000 ,  0.0000 ,  0.0000 ,  0.0000 ,  0.0000 ,
  0.0000 ,  0.0000 ,  0.0000 ,  0.0000 ,  0.0000 ,  0.0000 ,
  0.0000 ,  0.0000 ,  0.0000 ,  0.0000 ,  0.0000 ,  0.0000 ,
  0.0000 ,  0.0000 ,  0.0000 ,  0.0000 ,  0.0000 ,  0.0000 ,
  0.0000 ,  0.0000 ,  0.0000 ,  0.0000 ,  0.0000 ,  0.0000 ,
  0.0000 ,  0.0000 ,  0.0000 ,  0.0000 ,  0.0000 ,  0.0000 ,
  0.0000 ,  0.0000 ,  0.0000 ,  0.0000 ,  0.0000 ,  0.0000 ,
  0.0000 ,  0.0000 ,  0.0000 ,  0.0000 ,  0.0000 ,  0.0000 ,
  0.0000 ,  0.0000 ,  0.0000 ,  0.0000 ,  0.0000 ,  0.0000 ,
  0.0000 ,  0.0000 ,  0.0000 ,  0.0000 ,  0.0000 ,  0.0000 ,
  0.0000 ,  0.0000 ,  0.0000 ,  0.0000 ,  0.0000 ,  0.0000 ,
  0.0000 ,  0.0000 ,  0.0000 ,  0.0000 ,  0.0000 ,  0.0000 ,
  0.0000 ,  0.0000 ,  0.0000 ,  0.0000 ,  0.0000 ,  0.0000 ,
  0.0000 ,  0.0000 ,  0.0000 ,  0.0000 ,  0.0000 ,  0.0000 ,
  0.0000 ,  0.0000 ,  0.0000 ,  0.0000 ,  0.0000 ,  0.0000 ,
  0.0000 ,  0.0000 ,  0.0000 ,  0.0000 ,  0.0000 ,  0.0000 ,
  0.0000 ,  0.0000 ,  0.0000 ,  0.0000 ,  0.0000 ,  0.0000 ,
  0.0000 ,  0.0000 ,  0.0000 ,  0.0000 ,  0.0000 ,  0.0000 ,
  0.0000 ,  0.0000 ,  0.0000 ,  0.0000 ,  0.0000 ,  0.0000 ,
  0.0000 ,  0.0000 ,  0.0000 ,  0.0000 ,  0.0000 ,  0.0000 ,
  0.0000 ,  0.0000 ,  0.0000 ,  0.0000 ,  0.0000 ,  0.0000 ,
  0.0000 ,  0.0000 ,  0.0000 ,  0.0000 ,  0.0000 ,  0.0000 ,
  0.0000 ,  0.0000 ,  0.0000 ,  0.0000 ,  0.0000 ,  0.0000 ,
  0.0000 ,  0.0000 ,  0.0000 ,  0.0000 ,  0.0000 ,  0.0000 ,
  0.0000 ,  0.0000 ,  0.0000 ,  0.0000 ,  0.0000 ,  0.0000 ,
  0.0000 ,  0.0000 ,  0.0000 ,  0.0000 ,  0.0000 ,  0.0000 ,
  0.0000 ,  0.0000 ,  0.0000 ,  0.0000 ,  0.0000 ,  0.0000 ,
  0.0000 ,  0.0000 ,  0.0000 ,  0.0000 ,  0.0000 ,  0.0000 ,
  0.0000 ,  0.0000 ,  0.0000 ,  0.0000 ,  0.0000 ,  0.0000 ,
  0.0000 ,  0.0000 ,  0.0000 ,  0.0000 ,  0.0000 ,  0.0000 ,
  0.0000 ,  0.0000 ,  0.0000 ,  0.0000 ,  0.0000 ,  0.0000 ,
  0.0000 ,  0.0000 ,  0.0000 ,  0.0000 ,  0.0000 ,  0.0000 ,
  0.0000 ,  0.0000 ,  0.0000 ,  0.0000 ,  0.0000 ,  0.0000 ,
  0.0000 ,  0.0000 ,  0.0000 ,  0.0000 ,  0.0000 ,  0.0000 ,
  0.0000 ,  0.0000 ,  0.0000 ,  0.0000 ,  0.0000 ,  0.0000 ,
  0.0000 ,  0.0000 ,  0.0000 ,  0.0000 ,  0.0000 ,  0.0000 ,
  0.0000 ,  0.0000 ,  0.0000 ,  0.0000 ,  0.0000 ,  0.0000 ,
  0.0000 ,  0.0000 ,  0.0000 ,  0.0000 ,  0.0000 ,  0.0000 ,
  0.0000 ,  0.0000 ,  0.0000 ,  0.0000 ,  0.0000 ,  0.0000 ,
  0.0000 ,  0.0000 ,  0.0000 ,  0.0000 ,  0.0000 ,  0.0000 ,
  0.0000 ,  0.0000 ,  0.0000 ,  0.0000 ,  0.0000 ,  0.0000 ,
  0.0000 ,  0.0000 ,  0.0000 ,  0.0000 ,  0.0000 ,  0.0000 ,
  0.0000 ,  0.0000 ,  0.0000 ,  0.0000 ,  0.0000 ,  0.0000 ,
  0.0000 ,  0.0000 ,  0.0000 ,  0.0000 ,  0.0000 ,  0.0000 ,
  0.0000 ,  0.0000 ,  0.0000 ,  0.0000 ,  0.0000 ,  0.0000 ,
  0.0000 ,  0.0000 ,  0.0000 ,  0.0000 ,  0.0000 ,  0.0000 ,
  0.0000 ,  0.0000 ,  0.0000 ,  0.0000 ,  0.0000 ,  0.0000 ,
  0.0000 ,  0.0000 ,  0.0000 ,  0.0000 ,  0.0000 ,  0.0000 ,
  0.0000 ,  0.0000 ,  0.0000 ,  0.0000 ,  0.0000 ,  0.0000 ,
  0.0000 ,  0.0000 ,  0.0000 ,  0.0000 ,  0.0000 ,  0.0000 ,
  0.0000 ,  0.0000 ,  0.0000 ,  0.0000 ,  0.0000 ,  0.0000 ,
  0.0000 ,  0.0000 ,  0.0000 ,  0.0000 ,  0.0000 ,  0.0000 ,
  0.0000 ,  0.0000 ,  0.0000 ,  0.0000 ,  0.0000 ,  0.0000 ,
  0.0000 ,  0.0000 ,  0.0000 ,  0.0000 ,  0.0000 ,  0.0000 ,
  0.0000 ,  0.0000 ,  0.0000 ,  0.0000 ,  0.0000 ,  0.0000 ,
  0.0000 ,  0.0000 ,  0.0000 ,  0.0000 ,  0.0000 ,  0.0000 ,
  0.0000 ,  0.0000 ,  0.0000 ,  0.0000 ,  0.0000 ,  0.0000 ,
  0.0000 ,  0.0000 ,  0.0000 ,  0.0000 ,  0.0000 ,  0.0000 ,
  0.0000 ,  0.0000 ,  0.0000 ,  0.0000 ,  0.0000 ,  0.0000 ,
  0.0000 ,  0.0000 ,  0.0000 ,  0.0000 ,  0.0000 ,  0.0000 ,
  0.0000 ,  0.0000 ,  0.0000 ,  0.0000 ,  0.0000 ,  0.0000 ,
  0.0000 ,  0.0000 ,  0.0000 ,  0.0000 ,  0.0000 ,  0.0000 ,
  0.0000 ,  0.0000 ,  0.0000 ,  0.0000 ,  0.0000 ,  0.0000 ,
  0.0000 ,  0.0000 ,  0.0000 ,  0.0000 ,  0.0000 ,  0.0000 ,
  0.0000 ,  0.0000 ,  0.0000 ,  0.0000 ,  0.0000 ,  0.0000 ,
  0.0000 ,  0.0000 ,  0.0000 ,  0.0000 ,  0.0000 ,  0.0000 ,
  0.0000 ,  0.0000 ,  0.0000 ,  0.0000 ,  0.0000 ,  0.0000 ,
  0.0000 ,  0.0000 ,  0.0000 ,  0.0000 ,  0.0000 ,  0.0000 ,
  0.0000 ,  0.0000 ,  0.0000 ,  0.0000 ,  0.0000 ,  0.0000 ,
  0.0000 ,  0.0000 ,  0.0000 ,  0.0000 ,  0.0000 ,  0.0000 ,
  0.0000 ,  0.0000 ,  0.0000 ,  0.0000 ,  0.0000 ,  0.0000 ,
  0.0000 ,  0.0000 ,  0.0000 ,  0.0000 ,  0.0000 ,  0.0000 ,
  0.0000 ,  0.0000 ,  0.0000 ,  0.0000 ,  0.0000 ,  0.0000 ,
  0.0000 ,  0.0000 ,  0.0000 ,  0.0000 ,  0.0000 ,  0.0000 ,
  0.0000 ,  0.0000 ,  0.0000 ,  0.0000 ,  0.0000 ,  0.0000 ,
  0.0000 ,  0.0000 ,  0.0000 ,  0.0000 ,  0.0000 ,  0.0000 ,
  0.0000 ,  0.0000 ,  0.0000 ,  0.0000 ,  0.0000 ,  0.0000 ,
  0.0000 ,  0.0000 ,  0.0000 ,  0.0000 ,  0.0000 ,  0.0000 ,
  0.0000 ,  0.0000 ,  0.0000 ,  0.0000 ,  0.0000 ,  0.0000 ,
  0.0000 ,  0.0000 ,  0.0000 ,  0.0000 ,  0.0000 ,  0.0000 ,
  0.0000 ,  0.0000 ,  0.0000 ,  0.0000 ,  0.0000 ,  0.0000 ,
  0.0000 ,  0.0000 ,  0.0000 ,  0.0000 ,  0.0000 ,  0.0000 ,
  0.0000 ,  0.0000 ,  0.0000 ,  0.0000 ,  0.0000 ,  0.0000 ,
  0.0000 ,  0.0000 ,  0.0000 ,  0.0000 ,  0.0000 ,  0.0000 ,
  0.0000 ,  0.0000 ,  0.0000 ,  0.0000 ,  0.0000 ,  0.0000 ,
  0.0000 ,  0.0000 ,  0.0000 ,  0.0000 ,  0.0000 ,  0.0000 ,
  0.0000 ,  0.0000 ,  0.0000 ,  0.0000 ,  0.0000 ,  0.0000 ,
  0.0000 ,  0.0000 ,  0.0000 ,  0.0000 ,  0.0000 ,  0.0000 ,
  0.0000 ,  0.0000 ,  0.0000 ,  0.0000 ,  0.0000 ,  0.0000 ,
  0.0000 ,  0.0000 ,  0.0000 ,  0.0000 ,  0.0000 ,  0.0000 ,
  0.0000 ,  0.0000 ,  0.0000 ,  0.0000 ,  0.0000 ,  0.0000 ,
  0.0000 ,  0.0000 ,  0.0000 ,  0.0000 ,  0.0000 ,  0.0000 ,
  0.0000 ,  0.0000 ,  0.0000 ,  0.0000 ,  0.0000 ,  0.0000 ,
  0.0000 ,  0.0000 ,  0.0000 ,  0.0000 ,  0.0000 ,  0.0000 ,
  0.0000 ,  0.0000 ,  0.0000 ,  0.0000 ,  0.0000 ,  0.0000 ,
  0.0000 ,  0.0000 ,  0.0000 ,  0.0000 ,  0.0000 ,  0.0000 ,
  0.0000 ,  0.0000 ,  0.0000 ,  0.0000 ,  0.0000 ,  0.0000 ,
  0.0000 ,  0.0000 ,  0.0000 ,  0.0000 ,  0.0000 ,  0.0000 ,
  0.0000 ,  0.0000 ,  0.0000 ,  0.0000 ,  0.0000 ,  0.0000 ,
  0.0000 ,  0.0000 ,  0.0000 ,  0.0000 ,  0.0000 ,  0.0000 ,
  0.0000 ,  0.0000 ,  0.0000 ,  0.0000 ,  0.0000 ,  0.0000 ,
  0.0000 ,  0.0000 ,  0.0000 ,  0.0000 ,  0.0000 ,  0.0000 ,
  0.0000 ,  0.0000 ,  0.0000 ,  0.0000 ,  0.0000 ,  0.0000 ,
  0.0000 ,  0.0000 ,  0.0000 ,  0.0000 ,  0.0000 ,  0.0000 ,
  0.0000 ,  0.0000 ,  0.0000 ,  0.0000 ,  0.0000 ,  0.0000 ,
  0.0000 ,  0.0000 ,  0.0000 ,  0.0000 ,  0.0000 ,  0.0000 ,
  0.0000 ,  0.0000 ,  0.0000 ,  0.0000 ,  0.0000 ,  0.0000 ,
  0.0000 ,  0.0000 ,  0.0000 ,  0.0000 ,  0.0000 ,  0.0000 ,
  0.0000 ,  0.0000 ,  0.0000 ,  0.0000 ,  0.0000 ,  0.0000 ,
  0.0000 ,  0.0000 ,  0.0000 ,  0.0000 ,  0.0000 ,  0.0000 ,
  0.0000 ,  0.0000 ,  0.0000 ,  0.0000 ,  0.0000 ,  0.0000 ,
  0.0000 ,  0.0000 ,  0.0000 ,  0.0000 ,  0.0000 ,  0.0000 ,
  0.0000 ,  0.0000 ,  0.0000 ,  0.0000 ,  0.0000 ,  0.0000 ,
  0.0000 ,  0.0000 ,  0.0000 ,  0.0000 ,  0.0000 ,  0.0000 ,
  0.0000 ,  0.0000 ,  0.0000 ,  0.0000 ,  0.0000 ,  0.0000 ,
  0.0000 ,  0.0000 ,  0.0000 ,  0.0000 ,  0.0000 ,  0.0000 ,
  0.0000 ,  0.0000 ,  0.0000 ,  0.0000 ,  0.0000 ,  0.0000 ,
  0.0000 ,  0.0000 ,  0.0000 ,  0.0000 ,  0.0000 ,  0.0000 ,
  0.0000 ,  0.0000 ,  0.0000 ,  0.0000 ,  0.0000 ,  0.0000 ,
  0.0000 ,  0.0000 ,  0.0000 ,  0.0000 ,  0.0000 ,  0.0000 ,
  0.0000 ,  0.0000 ,  0.0000 ,  0.0000 ,  0.0000 ,  0.0000 ,
  0.0000 ,  0.0000 ,  0.0000 ,  0.0000 ,  0.0000 ,  0.0000 ,
  0.0000 ,  0.0000 ,  0.0000 ,  0.0000 ,  0.0000 ,  0.0000 ,
  0.0000 ,  0.0000 ,  0.0000 ,  0.0000 ,  0.0000 ,  0.0000 ,
  0.0000 ,  0.0000 ,  0.0000 ,  0.0000 ,  0.0000 ,  0.0000 ,
  0.0000 ,  0.0000 ,  0.0000 ,  0.0000 ,  0.0000 ,  0.0000 ,
  0.0000 ,  0.0000 ,  0.0000 ,  0.0000 ,  0.0000 ,  0.0000 ,
  0.0000 ,  0.0000 ,  0.0000 ,  0.0000 ,  0.0000 ,  0.0000 ,
  0.0000 ,  0.0000 ,  0.0000 ,  0.0000 ,  0.0000 ,  0.0000 ,
  0.0000 ,  0.0000 ,  0.0000 ,  0.0000 ,  0.0000 ,  0.0000 ,
  0.0000 ,  0.0000 ,  0.0000 ,  0.0000 ,  0.0000 ,  0.0000 ,
  0.0000 ,  0.0000 ,  0.0000 ,  0.0000 ,  0.0000 ,  0.0000 ,
  0.0000 ,  0.0000 ,  0.0000 ,  0.0000 ,  0.0000 ,  0.0000 ,
  0.0000 ,  0.0000 ,  0.0000 ,  0.0000 ,  0.0000 ,  0.0000 ,
  0.0000 ,  0.0000 ,  0.0000 ,  0.0000 ,  0.0000 ,  0.0000 ,
  0.0000 ,  0.0000 ,  0.0000 ,  0.0000 ,  0.0000 ,  0.0000 ,
  0.0000 ,  0.0000 ,  0.0000 ,  0.0000 ,  0.0000 ,  0.0000 ,
  0.0000 ,  0.0000 ,  0.0000 ,  0.0000 ,  0.0000 ,  0.0000 ,
  0.0000 ,  0.0000 ,  0.0000 ,  0.0000 ,  0.0000 ,  0.0000 ,
  0.0000 ,  0.0000 ,  0.0000 ,  0.0000 ,  0.0000 ,  0.0000 ,
  0.0000 ,  0.0000 ,  0.0000 ,  0.0000 ,  0.0000 ,  0.0000 ,
  0.0000 ,  0.0000 ,  0.0000 ,  0.0000 ,  0.0000 ,  0.0000 ,
  0.0000 ,  0.0000 ,  0.0000 ,  0.0000 ,  0.0000 ,  0.0000 ,
  0.0000 ,  0.0000 ,  0.0000 ,  0.0000 ,  0.0000 ,  0.0000 ,
  0.0000 ,  0.0000 ,  0.0000 ,  0.0000 ,  0.0000 ,  0.0000 ,
  0.0000 ,  0.0000 ,  0.0000 ,  0.0000 ,  0.0000 ,  0.0000 ,
  0.0000 ,  0.0000 ,  0.0000 ,  0.0000 ,  0.0000 ,  0.0000 ,
  0.0000 ,  0.0000 ,  0.0000 ,  0.0000 ,  0.0000 ,  0.0000 ,
  0.0000 ,  0.0000 ,  0.0000 ,  0.0000 ,  0.0000 ,  0.0000 ,
  0.0000 ,  0.0000 ,  0.0000 ,  0.0000 ,  0.0000 ,  0.0000 ,
  0.0000 ,  0.0000 ,  0.0000 ,  0.0000 ,  0.0000 ,  0.0000 ,
  0.0000 ,  0.0000 ,  0.0000 ,  0.0000 ,  0.0000 ,  0.0000 ,
  0.0000 ,  0.0000 ,  0.0000 ,  0.0000 ,  0.0000 ,  0.0000 ,
  0.0000 ,  0.0000 ,  0.0000 ,  0.0000 ,  0.0000 ,  0.0000 ,
  0.0000 ,  0.0000 ,  0.0000 ,  0.0000 ,  0.0000 ,  0.0000 ,
  0.0000 ,  0.0000 ,  0.0000 ,  0.0000 ,  0.0000 ,  0.0000 ,
  0.0000 ,  0.0000 ,  0.0000 ,  0.0000 ,  0.0000 ,  0.0000 ,
  0.0000 ,  0.0000 ,  0.0000 ,  0.0000 ,  0.0000 ,  0.0000 ,
  0.0000 ,  0.0000 ,  0.0000 ,  0.0000 ,  0.0000 ,  0.0000 ,
  0.0000 ,  0.0000 ,  0.0000 ,  0.0000 ,  0.0000 ,  0.0000 ,
  0.0000 ,  0.0000 ,  0.0000 ,  0.0000 ,  0.0000 ,  0.0000 ,
  0.0000 ,  0.0000 ,  0.0000 ,  0.0000 ,  0.0000 ,  0.0000 ,
  0.0000 ,  0.0000 ,  0.0000 ,  0.0000 ,  0.0000 ,  0.0000 ,
  0.0000 ,  0.0000 ,  0.0000 ,  0.0000 ,  0.0000 ,  0.0000 ,
  0.0000 ,  0.0000 ,  0.0000 ,  0.0000 ,  0.0000 ,  0.0000 ,
  0.0000 ,  0.0000 ,  0.0000 ,  0.0000 ,  0.0000 ,  0.0000 ,
  0.0000 ,  0.0000 ,  0.0000 ,  0.0000 ,  0.0000 ,  0.0000 ,
  0.0000 ,  0.0000 ,  0.0000 ,  0.0000 ,  0.0000 ,  0.0000 ,
  0.0000 ,  0.0000 ,  0.0000 ,  0.0000 ,  0.0000 ,  0.0000 ,
  0.0000 ,  0.0000 ,  0.0000 ,  0.0000 ,  0.0000 ,  0.0000 ,
  0.0000 ,  0.0000 ,  0.0000 ,  0.0000 ,  0.0000 ,  0.0000 ,
  0.0000 ,  0.0000 ,  0.0000 ,  0.0000 ,  0.0000 ,  0.0000 ,
  0.0000 ,  0.0000 ,  0.0000 ,  0.0000 ,  0.0000 ,  0.0000 ,
  0.0000 ,  0.0000 ,  0.0000 ,  0.0000 ,  0.0000 ,  0.0000 ,
  0.0000 ,  0.0000 ,  0.0000 ,  0.0000 ,  0.0000 ,  0.0000 ,
  0.0000 ,  0.0000 ,  0.0000 ,  0.0000 ,  0.0000 ,  0.0000 ,
  0.0000 ,  0.0000 ,  0.0000 ,  0.0000 ,  0.0000 ,  0.0000 ,
  0.0000 ,  0.0000 ,  0.0000 ,  0.0000 ,  0.0000 ,  0.0000 ,
  0.0000 ,  0.0000 ,  0.0000 ,  0.0000 ,  0.0000 ,  0.0000 ,
  0.0000 ,  0.0000 ,  0.0000 ,  0.0000 ,  0.0000 ,  0.0000 ,
  0.0000 ,  0.0000 ,  0.0000 ,  0.0000 ,  0.0000 ,  0.0000 ,
  0.0000 ,  0.0000 ,  0.0000 ,  0.0000 ,  0.0000 ,  0.0000 ,
  0.0000 ,  0.0000 ,  0.0000 ,  0.0000 ,  0.0000 ,  0.0000 ,
  0.0000 ,  0.0000 ,  0.0000 ,  0.0000 ,  0.0000 ,  0.0000 ,
  0.0000 ,  0.0000 ,  0.0000 ,  0.0000 ,  0.0000 ,  0.0000 ,
  0.0000 ,  0.0000 ,  0.0000 ,  0.0000 ,  0.0000 ,  0.0000 ,
  0.0000 ,  0.0000 ,  0.0000 ,  0.0000 ,  0.0000 ,  0.0000 ,
  0.0000 ,  0.0000 ,  0.0000 ,  0.0000 ,  0.0000 ,  0.0000 ,
  0.0000 ,  0.0000 ,  0.0000 ,  0.0000 ,  0.0000 ,  0.0000 ,
  0.0000 ,  0.0000 ,  0.0000 ,  0.0000 ,  0.0000 ,  0.0000 ,
  0.0000 ,  0.0000 ,  0.0000 ,  0.0000 ,  0.0000 ,  0.0000 ,
  0.0000 ,  0.0000 ,  0.0000 ,  0.0000 ,  0.0000 ,  0.0000 ,
  0.0000 ,  0.0000 ,  0.0000 ,  0.0000 ,  0.0000 ,  0.0000 ,
  0.0000 ,  0.0000 ,  0.0000 ,  0.0000 ,  0.0000 ,  0.0000 ,
  0.0000 ,  0.0000 ,  0.0000 ,  0.0000 ,  0.0000 ,  0.0000 ,
  0.0000 ,  0.0000 ,  0.0000 ,  0.0000 ,  0.0000 ,  0.0000 ,
  0.0000 ,  0.0000 ,  0.0000 ,  0.0000 ,  0.0000 ,  0.0000 ,
  0.0000 ,  0.0000 ,  0.0000 ,  0.0000 ,  0.0000 ,  0.0000 ,
  0.0000 ,  0.0000 ,  0.0000 ,  0.0000 ,  0.0000 ,  0.0000 ,
  0.0000 ,  0.0000 ,  0.0000 ,  0.0000 ,  0.0000 ,  0.0000 ,
  0.0000 ,  0.0000 ,  0.0000 ,  0.0000 ,  0.0000 ,  0.0000 ,
  0.0000 ,  0.0000 ,  0.0000 ,  0.0000 ,  0.0000 ,  0.0000 ,
  0.0000 ,  0.0000 ,  0.0000 ,  0.0000 ,  0.0000 ,  0.0000 ,
  0.0000 ,  0.0000 ,  0.0000 ,  0.0000 ,  0.0000 ,  0.0000 ,
  0.0000 ,  0.0000 ,  0.0000 ,  0.0000 ,  0.0000 ,  0.0000 ,
  0.0000 ,  0.0000 ,  0.0000 ,  0.0000 ,  0.0000 ,  0.0000 ,
  0.0000 ,  0.0000 ,  0.0000 ,  0.0000 ,  0.0000 ,  0.0000 ,
  0.0000 ,  0.0000 ,  0.0000 ,  0.0000 ,  0.0000 ,  0.0000 ,
  0.0000 ,  0.0000 ,  0.0000 ,  0.0000 ,  0.0000 ,  0.0000 ,
  0.0000 ,  0.0000 ,  0.0000 ,  0.0000 ,  0.0000 ,  0.0000 ,
  0.0000 ,  0.0000 ,  0.0000 ,  0.0000 ,  0.0000 ,  0.0000 ,
  0.0000 ,  0.0000 ,  0.0000 ,  0.0000 ,  0.0000 ,  0.0000 ,
  0.0000 ,  0.0000 ,  0.0000 ,  0.0000 ,  0.0000 ,  0.0000 ,
  0.0000 ,  0.0000 ,  0.0000 ,  0.0000 ,  0.0000 ,  0.0000 ,
  0.0000 ,  0.0000 ,  0.0000 ,  0.0000 ,  0.0000 ,  0.0000 ,
  0.0000 ,  0.0000 ,  0.0000 ,  0.0000 ,  0.0000 ,  0.0000 ,
  0.0000 ,  0.0000 ,  0.0000 ,  0.0000 ,  0.0000 ,  0.0000 ,
  0.0000 ,  0.0000 ,  0.0000 ,  0.0000 ,  0.0000 ,  0.0000 ,
  0.0000 ,  0.0000 ,  0.0000 ,  0.0000 ,  0.0000 ,  0.0000 ,
  0.0000 ,  0.0000 ,  0.0000 ,  0.0000 ,  0.0000 ,  0.0000 ,
  0.0000 ,  0.0000 ,  0.0000 ,  0.0000 ,  0.0000 ,  0.0000 ,
  0.0000 ,  0.0000 ,  0.0000 ,  0.0000 ,  0.0000 ,  0.0000 ,
  0.0000 ,  0.0000 ,  0.0000 ,  0.0000 ,  0.0000 ,  0.0000 ,
  0.0000 ,  0.0000 ,  0.0000 ,  0.0000 ,  0.0000 ,  0.0000 ,
  0.0000 ,  0.0000 ,  0.0000 ,  0.0000 ,  0.0000 ,  0.0000 ,
  0.0000 ,  0.0000 ,  0.0000 ,  0.0000 ,  0.0000 ,  0.0000 ,
  0.0000 ,  0.0000 ,  0.0000 ,  0.0000 ,  0.0000 ,  0.0000 ,
  0.0000 ,  0.0000 ,  0.0000 ,  0.0000 ,  0.0000 ,  0.0000 ,
  0.0000 ,  0.0000 ,  0.0000 ,  0.0000 ,  0.0000 ,  0.0000 ,
  0.0000 ,  0.0000 ,  0.0000 ,  0.0000 ,  0.0000 ,  0.0000 ,
  0.0000 ,  0.0000 ,  0.0000 ,  0.0000 ,  0.0000 ,  0.0000 ,
  0.0000 ,  0.0000 ,  0.0000 ,  0.0000 ,  0.0000 ,  0.0000 ,
  0.0000 ,  0.0000 ,  0.0000 ,  0.0000 ,  0.0000 ,  0.0000 ,
  0.0000 ,  0.0000 ,  0.0000 ,  0.0000 ,  0.0000 ,  0.0000 ,
  0.0000 ,  0.0000 ,  0.0000 ,  0.0000 ,  0.0000 ,  0.0000 ,
  0.0000 ,  0.0000 ,  0.0000 ,  0.0000 ,  0.0000 ,  0.0000 ,
  0.0000 ,  0.0000 ,  0.0000 ,  0.0000 ,  0.0000 ,  0.0000 ,
  0.0000 ,  0.0000 ,  0.0000 ,  0.0000 ,  0.0000 ,  0.0000 ,
  0.0000 ,  0.0000 ,  0.0000 ,  0.0000 ,  0.0000 ,  0.0000 ,
  0.0000 ,  0.0000 ,  0.0000 ,  0.0000 ,  0.0000 ,  0.0000 ,
  0.0000 ,  0.0000 ,  0.0000 ,  0.0000 ,  0.0000 ,  0.0000 ,
  0.0000 ,  0.0000 ,  0.0000 ,  0.0000 ,  0.0000 ,  0.0000 ,
  0.0000 ,  0.0000 ,  0.0000 ,  0.0000 ,  0.0000 ,  0.0000 ,
  0.0000 ,  0.0000 ,  0.0000 ,  0.0000 ,  0.0000 ,  0.0000 ,
  0.0000 ,  0.0000 ,  0.0000 ,  0.0000 ,  0.0000 ,  0.0000 ,
  0.0000 ,  0.0000 ,  0.0000 ,  0.0000 ,  0.0000 ,  0.0000 ,
  0.0000 ,  0.0000 ,  0.0000 ,  0.0000 ,  0.0000 ,  0.0000 ,
  0.0000 ,  0.0000 ,  0.0000 ,  0.0000 ,  0.0000 ,  0.0000 ,
  0.0000 ,  0.0000 ,  0.0000 ,  0.0000 ,  0.0000 ,  0.0000 ,
  0.0000 ,  0.0000 ,  0.0000 ,  0.0000 ,  0.0000 ,  0.0000 ,
  0.0000 ,  0.0000 ,  0.0000 ,  0.0000 ,  0.0000 ,  0.0000 ,
  0.0000 ,  0.0000 ,  0.0000 ,  0.0000 ,  0.0000 ,  0.0000 ,
  0.0000 ,  0.0000 ,  0.0000 ,  0.0000 ,  0.0000 ,  0.0000 ,
  0.0000 ,  0.0000 ,  0.0000 ,  0.0000 ,  0.0000 ,  0.0000 ,
  0.0000 ,  0.0000 ,  0.0000 ,  0.0000 ,  0.0000 ,  0.0000 ,
  0.0000 ,  0.0000 ,  0.0000 ,  0.0000 ,  0.0000 ,  0.0000 ,
  0.0000 ,  0.0000 ,  0.0000 ,  0.0000 ,  0.0000 ,  0.0000 ,
  0.0000 ,  0.0000 ,  0.0000 ,  0.0000 ,  0.0000 ,  0.0000 ,
  0.0000 ,  0.0000 ,  0.0000 ,  0.0000 ,  0.0000 ,  0.0000 ,
  0.0000 ,  0.0000 ,  0.0000 ,  0.0000 ,  0.0000 ,  0.0000 ,
  0.0000 ,  0.0000 ,  0.0000 ,  0.0000 ,  0.0000 ,  0.0000 ,
  0.0000 ,  0.0000 ,  0.0000 ,  0.0000 ,  0.0000 ,  0.0000 ,
  0.0000 ,  0.0000 ,  0.0000 ,  0.0000 ,  0.0000 ,  0.0000 ,
  0.0000 ,  0.0000 ,  0.0000 ,  0.0000 ,  0.0000 ,  0.0000 ,
  0.0000 ,  0.0000 ,  0.0000 ,  0.0000 ,  0.0000 ,  0.0000 ,
  0.0000 ,  0.0000 ,  0.0000 ,  0.0000 ,  0.0000 ,  0.0000 ,
  0.0000 ,  0.0000 ,  0.0000 ,  0.0000 ,  0.0000 ,  0.0000 ,
  0.0000 ,  0.0000 ,  0.0000 ,  0.0000 ,  0.0000 ,  0.0000 ,
  0.0000 ,  0.0000 ,  0.0000 ,  0.0000 ,  0.0000 ,  0.0000 ,
  0.0000 ,  0.0000 ,  0.0000 ,  0.0000 ,  0.0000 ,  0.0000 ,
  0.0000 ,  0.0000 ,  0.0000 ,  0.0000 ,  0.0000 ,  0.0000 ,
  0.0000 ,  0.0000 ,  0.0000 ,  0.0000 ,  0.0000 ,  0.0000 ,
  0.0000 ,  0.0000 ,  0.0000 ,  0.0000 ,  0.0000 ,  0.0000 ,
  0.0000 ,  0.0000 ,  0.0000 ,  0.0000 ,  0.0000 ,  0.0000 ,
  0.0000 ,  0.0000 ,  0.0000 ,  0.0000 ,  0.0000 ,  0.0000 ,
  0.0000 ,  0.0000 ,  0.0000 ,  0.0000 ,  0.0000 ,  0.0000 ,
  0.0000 ,  0.0000 ,  0.0000 ,  0.0000 ,  0.0000 ,  0.0000 ,
  0.0000 ,  0.0000 ,  0.0000 ,  0.0000 ,  0.0000 ,  0.0000 ,
  0.0000 ,  0.0000 ,  0.0000 ,  0.0000 ,  0.0000 ,  0.0000 ,
  0.0000 ,  0.0000 ,  0.0000 ,  0.0000 ,  0.0000 ,  0.0000 ,
  0.0000 ,  0.0000 ,  0.0000 ,  0.0000 ,  0.0000 ,  0.0000 ,
  0.0000 ,  0.0000 ,  0.0000 ,  0.0000 ,  0.0000 ,  0.0000 ,
  0.0000 ,  0.0000 ,  0.0000 ,  0.0000 ,  0.0000 ,  0.0000 ,
  0.0000 ,  0.0000 ,  0.0000 ,  0.0000 ,  0.0000 ,  0.0000 ,
  0.0000 ,  0.0000 ,  0.0000 ,  0.0000 ,  0.0000 ,  0.0000 ,
  0.0000 ,  0.0000 ,  0.0000 ,  0.0000 ,  0.0000 ,  0.0000 ,
  0.0000 ,  0.0000 ,  0.0000 ,  0.0000 ,  0.0000 ,  0.0000 ,
  0.0000 ,  0.0000 ,  0.0000 ,  0.0000 ,  0.0000 ,  0.0000 ,
  0.0000 ,  0.0000 ,  0.0000 ,  0.0000 ,  0.0000 ,  0.0000 ,
  0.0000 ,  0.0000 ,  0.0000 ,  0.0000 ,  0.0000 ,  0.0000 ,
  0.0000 ,  0.0000 ,  0.0000 ,  0.0000 ,  0.0000 ,  0.0000 ,
  0.0000 ,  0.0000 ,  0.0000 ,  0.0000 ,  0.0000 ,  0.0000 ,
  0.0000 ,  0.0000 ,  0.0000 ,  0.0000 ,  0.0000 ,  0.0000 ,
  0.0000 ,  0.0000 ,  0.0000 ,  0.0000 ,  0.0000 ,  0.0000 ,
  0.0000 ,  0.0000 ,  0.0000 ,  0.0000 ,  0.0000 ,  0.0000 ,
  0.0000 ,  0.0000 ,  0.0000 ,  0.0000 ,  0.0000 ,  0.0000 ,
  0.0000 ,  0.0000 ,  0.0000 ,  0.0000 ,  0.0000 ,  0.0000 ,
  0.0000 ,  0.0000 ,  0.0000 ,  0.0000 ,  0.0000 ,  0.0000 ,
  0.0000 ,  0.0000 ,  0.0000 ,  0.0000 ,  0.0000 ,  0.0000 ,
  0.0000 ,  0.0000 ,  0.0000 ,  0.0000 ,  0.0000 ,  0.0000 ,
  0.0000 ,  0.0000 ,  0.0000 ,  0.0000 ,  0.0000 ,  0.0000 ,
  0.0000 ,  0.0000 ,  0.0000 ,  0.0000 ,  0.0000 ,  0.0000 ,
  0.0000 ,  0.0000 ,  0.0000 ,  0.0000 ,  0.0000 ,  0.0000 ,
  0.0000 ,  0.0000 ,  0.0000 ,  0.0000 ,  0.0000 ,  0.0000 ,
  0.0000 ,  0.0000 ,  0.0000 ,  0.0000 ,  0.0000 ,  0.0000 ,
  0.0000 ,  0.0000 ,  0.0000 ,  0.0000 ,  0.0000 ,  0.0000 ,
  0.0000 ,  0.0000 ,  0.0000 ,  0.0000 ,  0.0000 ,  0.0000 ,
  0.0000 ,  0.0000 ,  0.0000 ,  0.0000 ,  0.0000 ,  0.0000 ,
  0.0000 ,  0.0000 ,  0.0000 ,  0.0000 ,  0.0000 ,  0.0000 ,
  0.0000 ,  0.0000 ,  0.0000 ,  0.0000 ,  0.0000 ,  0.0000 ,
  0.0000 ,  0.0000 ,  0.0000 ,  0.0000 ,  0.0000 ,  0.0000 ,
  0.0000 ,  0.0000 ,  0.0000 ,  0.0000 ,  0.0000 ,  0.0000 ,
  0.0000 ,  0.0000 ,  0.0000 ,  0.0000 ,  0.0000 ,  0.0000 ,
  0.0000 ,  0.0000 ,  0.0000 ,  0.0000 ,  0.0000 ,  0.0000 ,
  0.0000 ,  0.0000 ,  0.0000 ,  0.0000 ,  0.0000 ,  0.0000 ,
  0.0000 ,  0.0000 ,  0.0000 ,  0.0000 ,  0.0000 ,  0.0000 ,
  0.0000 ,  0.0000 ,  0.0000 ,  0.0000 ,  0.0000 ,  0.0000 ,
  0.0000 ,  0.0000 ,  0.0000 ,  0.0000 ,  0.0000 ,  0.0000 ,
  0.0000 ,  0.0000 ,  0.0000 ,  0.0000 ,  0.0000 ,  0.0000 ,
  0.0000 ,  0.0000 ,  0.0000 ,  0.0000 ,  0.0000 ,  0.0000 ,
  0.0000 ,  0.0000 ,  0.0000 ,  0.0000 ,  0.0000 ,  0.0000 ,
  0.0000 ,  0.0000 ,  0.0000 ,  0.0000 ,  0.0000 ,  0.0000 ,
  0.0000 ,  0.0000 ,  0.0000 ,  0.0000 ,  0.0000 ,  0.0000 ,
  0.0000 ,  0.0000 ,  0.0000 ,  0.0000 ,  0.0000 ,  0.0000 ,
  0.0000 ,  0.0000 ,  0.0000 ,  0.0000 ,  0.0000 ,  0.0000 ,
  0.0000 ,  0.0000 ,  0.0000 ,  0.0000 ,  0.0000 ,  0.0000 ,
  0.0000 ,  0.0000 ,  0.0000 ,  0.0000 ,  0.0000 ,  0.0000 ,
  0.0000 ,  0.0000 ,  0.0000 ,  0.0000 ,  0.0000 ,  0.0000 ,
  0.0000 ,  0.0000 ,  0.0000 ,  0.0000 ,  0.0000 ,  0.0000 ,
  0.0000 ,  0.0000 ,  0.0000 ,  0.0000 ,  0.0000 ,  0.0000 ,
  0.0000 ,  0.0000 ,  0.0000 ,  0.0000 ,  0.0000 ,  0.0000 ,
  0.0000 ,  0.0000 ,  0.0000 ,  0.0000 ,  0.0000 ,  0.0000 ,
  0.0000 ,  0.0000 ,  0.0000 ,  0.0000 ,  0.0000 ,  0.0000 ,
  0.0000 ,  0.0000 ,  0.0000 ,  0.0000 ,  0.0000 ,  0.0000 ,
  0.0000 ,  0.0000 ,  0.0000 ,  0.0000 ,  0.0000 ,  0.0000 ,
  0.0000 ,  0.0000 ,  0.0000 ,  0.0000 ,  0.0000 ,  0.0000 ,
  0.0000 ,  0.0000 ,  0.0000 ,  0.0000 ,  0.0000 ,  0.0000 ,
  0.0000 ,  0.0000 ,  0.0000 ,  0.0000 ,  0.0000 ,  0.0000 ,
  0.0000 ,  0.0000 ,  0.0000 ,  0.0000 ,  0.0000 ,  0.0000 ,
  0.0000 ,  0.0000 ,  0.0000 ,  0.0000 ,  0.0000 ,  0.0000 ,
  0.0000 ,  0.0000 ,  0.0000 ,  0.0000 ,  0.0000 ,  0.0000 ,
  0.0000 ,  0.0000 ,  0.0000 ,  0.0000 ,  0.0000 ,  0.0000 ,
  0.0000 ,  0.0000 ,  0.0000 ,  0.0000 ,  0.0000 ,  0.0000 ,
  0.0000 ,  0.0000 ,  0.0000 ,  0.0000 ,  0.0000 ,  0.0000 ,
  0.0000 ,  0.0000 ,  0.0000 ,  0.0000 ,  0.0000 ,  0.0000 ,
  0.0000 ,  0.0000 ,  0.0000 ,  0.0000 ,  0.0000 ,  0.0000 ,
  0.0000 ,  0.0000 ,  0.0000 ,  0.0000 ,  0.0000 ,  0.0000 ,
  0.0000 ,  0.0000 ,  0.0000 ,  0.0000 ,  0.0000 ,  0.0000 ,
  0.0000 ,  0.0000 ,  0.0000 ,  0.0000 ,  0.0000 ,  0.0000 ,
  0.0000 ,  0.0000 ,  0.0000 ,  0.0000 ,  0.0000 ,  0.0000 ,
  0.0000 ,  0.0000 ,  0.0000 ,  0.0000 ,  0.0000 ,  0.0000 ,
  0.0000 ,  0.0000 ,  0.0000 ,  0.0000 ,  0.0000 ,  0.0000 ,
  0.0000 ,  0.0000 ,  0.0000 ,  0.0000 ,  0.0000 ,  0.0000 ,
  0.0000 ,  0.0000 ,  0.0000 ,  0.0000 ,  0.0000 ,  0.0000 ,
  0.0000 ,  0.0000 ,  0.0000 ,  0.0000 ,  0.0000 ,  0.0000 ,
  0.0000 ,  0.0000 ,  0.0000 ,  0.0000 ,  0.0000 ,  0.0000 ,
  0.0000 ,  0.0000 ,  0.0000 ,  0.0000 ,  0.0000 ,  0.0000 ,
  0.0000 ,  0.0000 ,  0.0000 ,  0.0000 ,  0.0000 ,  0.0000 ,
  0.0000 ,  0.0000 ,  0.0000 ,  0.0000 ,  0.0000 ,  0.0000 ,
  0.0000 ,  0.0000 ,  0.0000 ,  0.0000 ,  0.0000 ,  0.0000 ,
  0.0000 ,  0.0000 ,  0.0000 ,  0.0000 ,  0.0000 ,  0.0000 ,
  0.0000 ,  0.0000 ,  0.0000 ,  0.0000 ,  0.0000 ,  0.0000 ,
  0.0000 ,  0.0000 ,  0.0000 ,  0.0000 ,  0.0000 ,  0.0000 ,
  0.0000 ,  0.0000 ,  0.0000 ,  0.0000 ,  0.0000 ,  0.0000 ,
  0.0000 ,  0.0000 ,  0.0000 ,  0.0000 ,  0.0000 ,  0.0000 ,
  0.0000 ,  0.0000 ,  0.0000 ,  0.0000 ,  0.0000 ,  0.0000 ,
  0.0000 ,  0.0000 ,  0.0000 ,  0.0000 ,  0.0000 ,  0.0000 ,
  0.0000 ,  0.0000 ,  0.0000 ,  0.0000 ,  0.0000 ,  0.0000 ,
  0.0000 ,  0.0000 ,  0.0000 ,  0.0000 ,  0.0000 ,  0.0000 ,
  0.0000 ,  0.0000 ,  0.0000 ,  0.0000 ,  0.0000 ,  0.0000 ,
  0.0000 ,  0.0000 ,  0.0000 ,  0.0000 ,  0.0000 ,  0.0000 ,
  0.0000 ,  0.0000 ,  0.0000 ,  0.0000 ,  0.0000 ,  0.0000 ,
  0.0000 ,  0.0000 ,  0.0000 ,  0.0000 ,  0.0000 ,  0.0000 ,
  0.0000 ,  0.0000 ,  0.0000 ,  0.0000 ,  0.0000 ,  0.0000 ,
  0.0000 ,  0.0000 ,  0.0000 ,  0.0000 ,  0.0000 ,  0.0000 ,
  0.0000 ,  0.0000 ,  0.0000 ,  0.0000 ,  0.0000 ,  0.0000 ,
  0.0000 ,  0.0000 ,  0.0000 ,  0.0000 ,  0.0000 ,  0.0000 ,
  0.0000 ,  0.0000 ,  0.0000 ,  0.0000 ,  0.0000 ,  0.0000 ,
  0.0000 ,  0.0000 ,  0.0000 ,  0.0000 ,  0.0000 ,  0.0000 ,
  0.0000 ,  0.0000 ,  0.0000 ,  0.0000 ,  0.0000 ,  0.0000 ,
  0.0000 ,  0.0000 ,  0.0000 ,  0.0000 ,  0.0000 ,  0.0000 ,
  0.0000 ,  0.0000 ,  0.0000 ,  0.0000 ,  0.0000 ,  0.0000 ,
  0.0000 ,  0.0000 ,  0.0000 ,  0.0000 ,  0.0000 ,  0.0000 ,
  0.0000 ,  0.0000 ,  0.0000 ,  0.0000 ,  0.0000 ,  0.0000 ,
  0.0000 ,  0.0000 ,  0.0000 ,  0.0000 ,  0.0000 ,  0.0000 ,
  0.0000 ,  0.0000 ,  0.0000 ,  0.0000 ,  0.0000 ,  0.0000 ,
  0.0000 ,  0.0000 ,  0.0000 ,  0.0000 ,  0.0000 ,  0.0000 ,
  0.0000 ,  0.0000 ,  0.0000 ,  0.0000 ,  0.0000 ,  0.0000 ,
  0.0000 ,  0.0000 ,  0.0000 ,  0.0000 ,  0.0000 ,  0.0000 ,
  0.0000 ,  0.0000 ,  0.0000 ,  0.0000 ,  0.0000 ,  0.0000 ,
  0.0000 ,  0.0000 ,  0.0000 ,  0.0000 ,  0.0000 ,  0.0000 ,
  0.0000 ,  0.0000 ,  0.0000 ,  0.0000 ,  0.0000 ,  0.0000 ,
  0.0000 ,  0.0000 ,  0.0000 ,  0.0000 ,  0.0000 ,  0.0000 ,
  0.0000 ,  0.0000 ,  0.0000 ,  0.0000 ,  0.0000 ,  0.0000 ,
  0.0000 ,  0.0000 ,  0.0000 ,  0.0000 ,  0.0000 ,  0.0000 ,
  0.0000 ,  0.0000 ,  0.0000 ,  0.0000 ,  0.0000 ,  0.0000 ,
  0.0000 ,  0.0000 ,  0.0000 ,  0.0000 ,  0.0000 ,  0.0000 ,
  0.0000 ,  0.0000 ,  0.0000 ,  0.0000 ,  0.0000 ,  0.0000 ,
  0.0000 ,  0.0000 ,  0.0000 ,  0.0000 ,  0.0000 ,  0.0000 ,
  0.0000 ,  0.0000 ,  0.0000 ,  0.0000 ,  0.0000 ,  0.0000 ,
  0.0000 ,  0.0000 ,  0.0000 ,  0.0000 ,  0.0000 ,  0.0000 ,
  0.0000 ,  0.0000 ,  0.0000 ,  0.0000 ,  0.0000 ,  0.0000 ,
  0.0000 ,  0.0000 ,  0.0000 ,  0.0000 ,  0.0000 ,  0.0000 ,
  0.0000 ,  0.0000 ,  0.0000 ,  0.0000 ,  0.0000 ,  0.0000 ,
  0.0000 ,  0.0000 ,  0.0000 ,  0.0000 ,  0.0000 ,  0.0000 ,
  0.0000 ,  0.0000 ,  0.0000 ,  0.0000 ,  0.0000 ,  0.0000 ,
  0.0000 ,  0.0000 ,  0.0000 ,  0.0000 ,  0.0000 ,  0.0000 ,
  0.0000 ,  0.0000 ,  0.0000 ,  0.0000 ,  0.0000 ,  0.0000 ,
  0.0000 ,  0.0000 ,  0.0000 ,  0.0000 ,  0.0000 ,  0.0000 ,
  0.0000 ,  0.0000 ,  0.0000 ,  0.0000 ,  0.0000 ,  0.0000 ,
  0.0000 ,  0.0000 ,  0.0000 ,  0.0000 ,  0.0000 ,  0.0000 ,
  0.0000 ,  0.0000 ,  0.0000 ,  0.0000 ,  0.0000 ,  0.0000 ,
  0.0000 ,  0.0000 ,  0.0000 ,  0.0000 ,  0.0000 ,  0.0000 ,
  0.0000 ,  0.0000 ,  0.0000 ,  0.0000 ,  0.0000 ,  0.0000 ,
  0.0000 ,  0.0000 ,  0.0000 ,  0.0000 ,  0.0000 ,  0.0000 ,
  0.0000 ,  0.0000 ,  0.0000 ,  0.0000 ,  0.0000 ,  0.0000 ,
  0.0000 ,  0.0000 ,  0.0000 ,  0.0000 ,  0.0000 ,  0.0000 ,
  0.0000 ,  0.0000 ,  0.0000 ,  0.0000 ,  0.0000 ,  0.0000 ,
  0.0000 ,  0.0000 ,  0.0000 ,  0.0000 ,  0.0000 ,  0.0000 ,
  0.0000 ,  0.0000 ,  0.0000 ,  0.0000 ,  0.0000 ,  0.0000 ,
  0.0000 ,  0.0000 ,  0.0000 ,  0.0000 ,  0.0000 ,  0.0000 ,
  0.0000 ,  0.0000 ,  0.0000 ,  0.0000 ,  0.0000 ,  0.0000 ,
  0.0000 ,  0.0000 ,  0.0000 ,  0.0000 ,  0.0000 ,  0.0000 ,
  0.0000 ,  0.0000 ,  0.0000 ,  0.0000 ,  0.0000 ,  0.0000 ,
  0.0000 ,  0.0000 ,  0.0000 ,  0.0000 ,  0.0000 ,  0.0000 ,
  0.0000 ,  0.0000 ,  0.0000 ,  0.0000 ,  0.0000 ,  0.0000 ,
  0.0000 ,  0.0000 ,  0.0000 ,  0.0000 ,  0.0000 ,  0.0000 ,
  0.0000 ,  0.0000 ,  0.0000 ,  0.0000 ,  0.0000 ,  0.0000 ,
  0.0000 ,  0.0000 ,  0.0000 ,  0.0000 ,  0.0000 ,  0.0000 ,
  0.0000 ,  0.0000 ,  0.0000 ,  0.0000 ,  0.0000 ,  0.0000 ,
  0.0000 ,  0.0000 ,  0.0000 ,  0.0000 ,  0.0000 ,  0.0000 ,
  0.0000 ,  0.0000 ,  0.0000 ,  0.0000 ,  0.0000 ,  0.0000 ,
  0.0000 ,  0.0000 ,  0.0000 ,  0.0000 ,  0.0000 ,  0.0000 ,
  0.0000 ,  0.0000 ,  0.0000 ,  0.0000 ,  0.0000 ,  0.0000 ,
  0.0000 ,  0.0000 ,  0.0000 ,  0.0000 ,  0.0000 ,  0.0000 ,
  0.0000 ,  0.0000 ,  0.0000 ,  0.0000 ,  0.0000 ,  0.0000 ,
  0.0000 ,  0.0000 ,  0.0000 ,  0.0000 ,  0.0000 ,  0.0000 ,
  0.0000 ,  0.0000 ,  0.0000 ,  0.0000 ,  0.0000 ,  0.0000 ,
  0.0000 ,  0.0000 ,  0.0000 ,  0.0000 ,  0.0000 ,  0.0000 ,
  0.0000 ,  0.0000 ,  0.0000 ,  0.0000 ,  0.0000 ,  0.0000 ,
  0.0000 ,  0.0000 ,  0.0000 ,  0.0000 ,  0.0000 ,  0.0000 ,
  0.0000 ,  0.0000 ,  0.0000 ,  0.0000 ,  0.0000 ,  0.0000 ,
  0.0000 ,  0.0000 ,  0.0000 ,  0.0000 ,  0.0000 ,  0.0000 ,
  0.0000 ,  0.0000 ,  0.0000 ,  0.0000 ,  0.0000 ,  0.0000 ,
  0.0000 ,  0.0000 ,  0.0000 ,  0.0000 ,  0.0000 ,  0.0000 ,
  0.0000 ,  0.0000 ,  0.0000 ,  0.0000 ,  0.0000 ,  0.0000 ,
  0.0000 ,  0.0000 ,  0.0000 ,  0.0000 ,  0.0000 ,  0.0000 ,
  0.0000 ,  0.0000 ,  0.0000 ,  0.0000 ,  0.0000 ,  0.0000 ,
  0.0000 ,  0.0000 ,  0.0000 ,  0.0000 ,  0.0000 ,  0.0000 ,
  0.0000 ,  0.0000 ,  0.0000 ,  0.0000 ,  0.0000 ,  0.0000 ,
  0.0000 ,  0.0000 ,  0.0000 ,  0.0000 ,  0.0000 ,  0.0000 ,
  0.0000 ,  0.0000 ,  0.0000 ,  0.0000 ,  0.0000 ,  0.0000 ,
  0.0000 ,  0.0000 ,  0.0000 ,  0.0000 ,  0.0000 ,  0.0000 ,
  0.0000 ,  0.0000 ,  0.0000 ,  0.0000 ,  0.0000 ,  0.0000 ,
  0.0000 ,  0.0000 ,  0.0000 ,  0.0000 ,  0.0000 ,  0.0000 ,
  0.0000 ,  0.0000 ,  0.0000 ,  0.0000 ,  0.0000 ,  0.0000 ,
  0.0000 ,  0.0000 ,  0.0000 ,  0.0000 ,  0.0000 ,  0.0000 ,
  0.0000 ,  0.0000 ,  0.0000 ,  0.0000 ,  0.0000 ,  0.0000 ,
  0.0000 ,  0.0000 ,  0.0000 ,  0.0000 ,  0.0000 ,  0.0000 ,
  0.0000 ,  0.0000 ,  0.0000 ,  0.0000 ,  0.0000 ,  0.0000 ,
  0.0000 ,  0.0000 ,  0.0000 ,  0.0000 ,  0.0000 ,  0.0000 ,
  0.0000 ,  0.0000 ,  0.0000 ,  0.0000 ,  0.0000 ,  0.0000 ,
  0.0000 ,  0.0000 ,  0.0000 ,  0.0000 ,  0.0000 ,  0.0000 ,
  0.0000 ,  0.0000 ,  0.0000 ,  0.0000 ,  0.0000 ,  0.0000 ,
  0.0000 ,  0.0000 ,  0.0000 ,  0.0000 ,  0.0000 ,  0.0000 ,
  0.0000 ,  0.0000 ,  0.0000 ,  0.0000 ,  0.0000 ,  0.0000 ,
  0.0000 ,  0.0000 ,  0.0000 ,  0.0000 ,  0.0000 ,  0.0000 ,
  0.0000 ,  0.0000 ,  0.0000 ,  0.0000 ,  0.0000 ,  0.0000 ,
  0.0000 ,  0.0000 ,  0.0000 ,  0.0000 ,  0.0000 ,  0.0000 ,
  0.0000 ,  0.0000 ,  0.0000 ,  0.0000 ,  0.0000 ,  0.0000 ,
  0.0000 ,  0.0000 ,  0.0000 ,  0.0000 ,  0.0000 ,  0.0000 ,
  0.0000 ,  0.0000 ,  0.0000 ,  0.0000 ,  0.0000 ,  0.0000 ,
  0.0000 ,  0.0000 ,  0.0000 ,  0.0000 ,  0.0000 ,  0.0000 ,
  0.0000 ,  0.0000 ,  0.0000 ,  0.0000 ,  0.0000 ,  0.0000 ,
  0.0000 ,  0.0000 ,  0.0000 ,  0.0000 ,  0.0000 ,  0.0000 ,
  0.0000 ,  0.0000 ,  0.0000 ,  0.0000 ,  0.0000 ,  0.0000 ,
  0.0000 ,  0.0000 ,  0.0000 ,  0.0000 ,  0.0000 ,  0.0000 ,
  0.0000 ,  0.0000 ,  0.0000 ,  0.0000 ,  0.0000 ,  0.0000 ,
  0.0000 ,  0.0000 ,  0.0000 ,  0.0000 ,  0.0000 ,  0.0000 ,
  0.0000 ,  0.0000 ,  0.0000 ,  0.0000 ,  0.0000 ,  0.0000 ,
  0.0000 ,  0.0000 ,  0.0000 ,  0.0000 ,  0.0000 ,  0.0000 ,
  0.0000 ,  0.0000 ,  0.0000 ,  0.0000 ,  0.0000 ,  0.0000 ,
  0.0000 ,  0.0000 ,  0.0000 ,  0.0000 ,  0.0000 ,  0.0000 ,
  0.0000 ,  0.0000 ,  0.0000 ,  0.0000 ,  0.0000 ,  0.0000 ,
  0.0000 ,  0.0000 ,  0.0000 ,  0.0000 ,  0.0000 ,  0.0000 ,
  0.0000 ,  0.0000 ,  0.0000 ,  0.0000 ,  0.0000 ,  0.0000 ,
  0.0000 ,  0.0000 ,  0.0000 ,  0.0000 ,  0.0000 ,  0.0000 ,
  0.0000 ,  0.0000 ,  0.0000 ,  0.0000 ,  0.0000 ,  0.0000 ,
  0.0000 ,  0.0000 ,  0.0000 ,  0.0000 ,  0.0000 ,  0.0000 ,
  0.0000 ,  0.0000 ,  0.0000 ,  0.0000 ,  0.0000 ,  0.0000 ,
  0.0000 ,  0.0000 ,  0.0000 ,  0.0000 ,  0.0000 ,  0.0000 ,
  0.0000 ,  0.0000 ,  0.0000 ,  0.0000 ,  0.0000 ,  0.0000 ,
  0.0000 ,  0.0000 ,  0.0000 ,  0.0000 ,  0.0000 ,  0.0000 ,
  0.0000 ,  0.0000 ,  0.0000 ,  0.0000 ,  0.0000 ,  0.0000 ,
  0.0000 ,  0.0000 ,  0.0000 ,  0.0000 ,  0.0000 ,  0.0000 ,
  0.0000 ,  0.0000 ,  0.0000 ,  0.0000 ,  0.0000 ,  0.0000 ,
  0.0000 ,  0.0000 ,  0.0000 ,  0.0000 ,  0.0000 ,  0.0000 ,
  0.0000 ,  0.0000 ,  0.0000 ,  0.0000 ,  0.0000 ,  0.0000 ,
  0.0000 ,  0.0000 ,  0.0000 ,  0.0000 ,  0.0000 ,  0.0000 ,
  0.0000 ,  0.0000 ,  0.0000 ,  0.0000 ,  0.0000 ,  0.0000 ,
  0.0000 ,  0.0000 ,  0.0000 ,  0.0000 ,  0.0000 ,  0.0000 ,
  0.0000 ,  0.0000 ,  0.0000 ,  0.0000 ,  0.0000 ,  0.0000 ,
  0.0000 ,  0.0000 ,  0.0000 ,  0.0000 ,  0.0000 ,  0.0000 ,
  0.0000 ,  0.0000 ,  0.0000 ,  0.0000 ,  0.0000 ,  0.0000 ,
  0.0000 ,  0.0000 ,  0.0000 ,  0.0000 ,  0.0000 ,  0.0000 ,
  0.0000 ,  0.0000 ,  0.0000 ,  0.0000 ,  0.0000 ,  0.0000 ,
  0.0000 ,  0.0000 ,  0.0000 ,  0.0000 ,  0.0000 ,  0.0000 ,
  0.0000 ,  0.0000 ,  0.0000 ,  0.0000 ,  0.0000 ,  0.0000 ,
  0.0000 ,  0.0000 ,  0.0000 ,  0.0000 ,  0.0000 ,  0.0000 ,
  0.0000 ,  0.0000 ,  0.0000 ,  0.0000 ,  0.0000 ,  0.0000 ,
  0.0000 ,  0.0000 ,  0.0000 ,  0.0000 ,  0.0000 ,  0.0000 ,
  0.0000 ,  0.0000 ,  0.0000 ,  0.0000 ,  0.0000 ,  0.0000 ,
  0.0000 ,  0.0000 ,  0.0000 ,  0.0000 ,  0.0000 ,  0.0000 ,
  0.0000 ,  0.0000 ,  0.0000 ,  0.0000 ,  0.0000 ,  0.0000 ,
  0.0000 ,  0.0000 ,  0.0000 ,  0.0000 ,  0.0000 ,  0.0000 ,
  0.0000 ,  0.0000 ,  0.0000 ,  0.0000 ,  0.0000 ,  0.0000 ,
  0.0000 ,  0.0000 ,  0.0000 ,  0.0000 ,  0.0000 ,  0.0000 ,
  0.0000 ,  0.0000 ,  0.0000 ,  0.0000 ,  0.0000 ,  0.0000 ,
  0.0000 ,  0.0000 ,  0.0000 ,  0.0000 ,  0.0000 ,  0.0000 ,
  0.0000 ,  0.0000 ,  0.0000 ,  0.0000 ,  0.0000 ,  0.0000 ,
  0.0000 ,  0.0000 ,  0.0000 ,  0.0000 ,  0.0000 ,  0.0000 ,
  0.0000 ,  0.0000 ,  0.0000 ,  0.0000 ,  0.0000 ,  0.0000 ,
  0.0000 ,  0.0000 ,  0.0000 ,  0.0000 ,  0.0000 ,  0.0000 ,
  0.0000 ,  0.0000 ,  0.0000 ,  0.0000 ,  0.0000 ,  0.0000 ,
  0.0000 ,  0.0000 ,  0.0000 ,  0.0000 ,  0.0000 ,  0.0000 ,
  0.0000 ,  0.0000 ,  0.0000 ,  0.0000 ,  0.0000 ,  0.0000 ,
  0.0000 ,  0.0000 ,  0.0000 ,  0.0000 ,  0.0000 ,  0.0000 ,
  0.0000 ,  0.0000 ,  0.0000 ,  0.0000 ,  0.0000 ,  0.0000 ,
  0.0000 ,  0.0000 ,  0.0000 ,  0.0000 ,  0.0000 ,  0.0000 ,
  0.0000 ,  0.0000 ,  0.0000 ,  0.0000 ,  0.0000 ,  0.0000 ,
  0.0000 ,  0.0000 ,  0.0000 ,  0.0000 ,  0.0000 ,  0.0000 ,
  0.0000 ,  0.0000 ,  0.0000 ,  0.0000 ,  0.0000 ,  0.0000 ,
  0.0000 ,  0.0000 ,  0.0000 ,  0.0000 ,  0.0000 ,  0.0000 ,
  0.0000 ,  0.0000 ,  0.0000 ,  0.0000 ,  0.0000 ,  0.0000 ,
  0.0000 ,  0.0000 ,  0.0000 ,  0.0000 ,  0.0000 ,  0.0000 ,
  0.0000 ,  0.0000 ,  0.0000 ,  0.0000 ,  0.0000 ,  0.0000 ,
  0.0000 ,  0.0000 ,  0.0000 ,  0.0000 ,  0.0000 ,  0.0000 ,
  0.0000 ,  0.0000 ,  0.0000 ,  0.0000 ,  0.0000 ,  0.0000 ,
  0.0000 ,  0.0000 ,  0.0000 ,  0.0000 ,  0.0000 ,  0.0000 ,
  0.0000 ,  0.0000 ,  0.0000 ,  0.0000 ,  0.0000 ,  0.0000 ,
  0.0000 ,  0.0000 ,  0.0000 ,  0.0000 ,  0.0000 ,  0.0000 ,
  0.0000 ,  0.0000 ,  0.0000 ,  0.0000 ,  0.0000 ,  0.0000 ,
  0.0000 ,  0.0000 ,  0.0000 ,  0.0000 ,  0.0000 ,  0.0000 ,
  0.0000 ,  0.0000 ,  0.0000 ,  0.0000 ,  0.0000 ,  0.0000 ,
  0.0000 ,  0.0000 ,  0.0000 ,  0.0000 ,  0.0000 ,  0.0000 ,
  0.0000 ,  0.0000 ,  0.0000 ,  0.0000 ,  0.0000 ,  0.0000 ,
  0.0000 ,  0.0000 ,  0.0000 ,  0.0000 ,  0.0000 ,  0.0000 ,
  0.0000 ,  0.0000 ,  0.0000 ,  0.0000 ,  0.0000 ,  0.0000 ,
  0.0000 ,  0.0000 ,  0.0000 ,  0.0000 ,  0.0000 ,  0.0000 ,
  0.0000 ,  0.0000 ,  0.0000 ,  0.0000 ,  0.0000 ,  0.0000 ,
  0.0000 ,  0.0000 ,  0.0000 ,  0.0000 ,  0.0000 ,  0.0000 ,
  0.0000 ,  0.0000 ,  0.0000 ,  0.0000 ,  0.0000 ,  0.0000 ,
  0.0000 ,  0.0000 ,  0.0000 ,  0.0000 ,  0.0000 ,  0.0000 ,
  0.0000 ,  0.0000 ,  0.0000 ,  0.0000 ,  0.0000 ,  0.0000 ,
  0.0000 ,  0.0000 ,  0.0000 ,  0.0000 ,  0.0000 ,  0.0000 ,
  0.0000 ,  0.0000 ,  0.0000 ,  0.0000 ,  0.0000 ,  0.0000 ,
  0.0000 ,  0.0000 ,  0.0000 ,  0.0000 ,  0.0000 ,  0.0000 ,
  0.0000 ,  0.0000 ,  0.0000 ,  0.0000 ,  0.0000 ,  0.0000 ,
  0.0000 ,  0.0000 ,  0.0000 ,  0.0000 ,  0.0000 ,  0.0000 ,
  0.0000 ,  0.0000 ,  0.0000 ,  0.0000 ,  0.0000 ,  0.0000 ,
  0.0000 ,  0.0000 ,  0.0000 ,  0.0000 ,  0.0000 ,  0.0000 ,
  0.0000 ,  0.0000 ,  0.0000 ,  0.0000 ,  0.0000 ,  0.0000 ,
  0.0000 ,  0.0000 ,  0.0000 ,  0.0000 ,  0.0000 ,  0.0000 ,
  0.0000 ,  0.0000 ,  0.0000 ,  0.0000 ,  0.0000 ,  0.0000 ,
  0.0000 ,  0.0000 ,  0.0000 ,  0.0000 ,  0.0000 ,  0.0000 ,
  0.0000 ,  0.0000 ,  0.0000 ,  0.0000 ,  0.0000 ,  0.0000 ,
  0.0000 ,  0.0000 ,  0.0000 ,  0.0000 ,  0.0000 ,  0.0000 ,
  0.0000 ,  0.0000 ,  0.0000 ,  0.0000 ,  0.0000 ,  0.0000 ,
  0.0000 ,  0.0000 ,  0.0000 ,  0.0000 ,  0.0000 ,  0.0000 ,
  0.0000 ,  0.0000 ,  0.0000 ,  0.0000 ,  0.0000 ,  0.0000 ,
  0.0000 ,  0.0000 ,  0.0000 ,  0.0000 ,  0.0000 ,  0.0000 ,
  0.0000 ,  0.0000 ,  0.0000 ,  0.0000 ,  0.0000 ,  0.0000 ,
  0.0000 ,  0.0000 ,  0.0000 ,  0.0000 ,  0.0000 ,  0.0000 ,
  0.0000 ,  0.0000 ,  0.0000 ,  0.0000 ,  0.0000 ,  0.0000 ,
  0.0000 ,  0.0000 ,  0.0000 ,  0.0000 ,  0.0000 ,  0.0000 ,
  0.0000 ,  0.0000 ,  0.0000 ,  0.0000 ,  0.0000 ,  0.0000 ,
  0.0000 ,  0.0000 ,  0.0000 ,  0.0000 ,  0.0000 ,  0.0000 ,
  0.0000 ,  0.0000 ,  0.0000 ,  0.0000 ,  0.0000 ,  0.0000 ,
  0.0000 ,  0.0000 ,  0.0000 ,  0.0000 ,  0.0000 ,  0.0000 ,
  0.0000 ,  0.0000 ,  0.0000 ,  0.0000 ,  0.0000 ,  0.0000 ,
  0.0000 ,  0.0000 ,  0.0000 ,  0.0000 ,  0.0000 ,  0.0000 ,
  0.0000 ,  0.0000 ,  0.0000 ,  0.0000 ,  0.0000 ,  0.0000 ,
  0.0000 ,  0.0000 ,  0.0000 ,  0.0000 ,  0.0000 ,  0.0000 ,
  0.0000 ,  0.0000 ,  0.0000 ,  0.0000 ,  0.0000 ,  0.0000 ,
  0.0000 ,  0.0000 ,  0.0000 ,  0.0000 ,  0.0000 ,  0.0000 ,
  0.0000 ,  0.0000 ,  0.0000 ,  0.0000 ,  0.0000 ,  0.0000 ,
  0.0000 ,  0.0000 ,  0.0000 ,  0.0000 ,  0.0000 ,  0.0000 ,
  0.0000 ,  0.0000 ,  0.0000 ,  0.0000 ,  0.0000 ,  0.0000 ,
  0.0000 ,  0.0000 ,  0.0000 ,  0.0000 ,  0.0000 ,  0.0000 ,
  0.0000 ,  0.0000 ,  0.0000 ,  0.0000 ,  0.0000 ,  0.0000 ,
  0.0000 ,  0.0000 ,  0.0000 ,  0.0000 ,  0.0000 ,  0.0000 ,
  0.0000 ,  0.0000 ,  0.0000 ,  0.0000 ,  0.0000 ,  0.0000 ,
  0.0000 ,  0.0000 ,  0.0000 ,  0.0000 ,  0.0000 ,  0.0000 ,
  0.0000 ,  0.0000 ,  0.0000 ,  0.0000 ,  0.0000 ,  0.0000 ,
  0.0000 ,  0.0000 ,  0.0000 ,  0.0000 ,  0.0000 ,  0.0000 ,
  0.0000 ,  0.0000 ,  0.0000 ,  0.0000 ,  0.0000 ,  0.0000 ,
  0.0000 ,  0.0000 ,  0.0000 ,  0.0000 ,  0.0000 ,  0.0000 ,
  0.0000 ,  0.0000 ,  0.0000 ,  0.0000 ,  0.0000 ,  0.0000 ,
  0.0000 ,  0.0000 ,  0.0000 ,  0.0000 ,  0.0000 ,  0.0000 ,
  0.0000 ,  0.0000 ,  0.0000 ,  0.0000 ,  0.0000 ,  0.0000 ,
  0.0000 ,  0.0000 ,  0.0000 ,  0.0000 ,  0.0000 ,  0.0000 ,
  0.0000 ,  0.0000 ,  0.0000 ,  0.0000 ,  0.0000 ,  0.0000 ,
  0.0000 ,  0.0000 ,  0.0000 ,  0.0000 ,  0.0000 ,  0.0000 ,
  0.0000 ,  0.0000 ,  0.0000 ,  0.0000 ,  0.0000 ,  0.0000 ,
  0.0000 ,  0.0000 ,  0.0000 ,  0.0000 ,  0.0000 ,  0.0000 ,
  0.0000 ,  0.0000 ,  0.0000 ,  0.0000 ,  0.0000 ,  0.0000 ,
  0.0000 ,  0.0000 ,  0.0000 ,  0.0000 ,  0.0000 ,  0.0000 ,
  0.0000 ,  0.0000 ,  0.0000 ,  0.0000 ,  0.0000 ,  0.0000 ,
  0.0000 ,  0.0000 ,  0.0000 ,  0.0000 ,  0.0000 ,  0.0000 ,
  0.0000 ,  0.0000 ,  0.0000 ,  0.0000 ,  0.0000 ,  0.0000 ,
  0.0000 ,  0.0000 ,  0.0000 ,  0.0000 ,  0.0000 ,  0.0000 ,
  0.0000 ,  0.0000 ,  0.0000 ,  0.0000 ,  0.0000 ,  0.0000 ,
  0.0000 ,  0.0000 ,  0.0000 ,  0.0000 ,  0.0000 ,  0.0000 ,
  0.0000 ,  0.0000 ,  0.0000 ,  0.0000 ,  0.0000 ,  0.0000 ,
  0.0000 ,  0.0000 ,  0.0000 ,  0.0000 ,  0.0000 ,  0.0000 ,
  0.0000 ,  0.0000 ,  0.0000 ,  0.0000 ,  0.0000 ,  0.0000 ,
  0.0000 ,  0.0000 ,  0.0000 ,  0.0000 ,  0.0000 ,  0.0000 ,
  0.0000 ,  0.0000 ,  0.0000 ,  0.0000 ,  0.0000 ,  0.0000 ,
  0.0000 ,  0.0000 ,  0.0000 ,  0.0000 ,  0.0000 ,  0.0000 ,
  0.0000 ,  0.0000 ,  0.0000 ,  0.0000 ,  0.0000 ,  0.0000 ,
  0.0000 ,  0.0000 ,  0.0000 ,  0.0000 ,  0.0000 ,  0.0000 ,
  0.0000 ,  0.0000 ,  0.0000 ,  0.0000 ,  0.0000 ,  0.0000 ,
  0.0000 ,  0.0000 ,  0.0000 ,  0.0000 ,  0.0000 ,  0.0000 ,
  0.0000 ,  0.0000 ,  0.0000 ,  0.0000 ,  0.0000 ,  0.0000 ,
  0.0000 ,  0.0000 ,  0.0000 ,  0.0000 ,  0.0000 ,  0.0000 ,
  0.0000 ,  0.0000 ,  0.0000 ,  0.0000 ,  0.0000 ,  0.0000 ,
  0.0000 ,  0.0000 ,  0.0000 ,  0.0000 ,  0.0000 ,  0.0000 ,
  0.0000 ,  0.0000 ,  0.0000 ,  0.0000 ,  0.0000 ,  0.0000 ,
  0.0000 ,  0.0000 ,  0.0000 ,  0.0000 ,  0.0000 ,  0.0000 ,
  0.0000 ,  0.0000 ,  0.0000 ,  0.0000 ,  0.0000 ,  0.0000 ,
  0.0000 ,  0.0000 ,  0.0000 ,  0.0000 ,  0.0000 ,  0.0000 ,
  0.0000 ,  0.0000 ,  0.0000 ,  0.0000 ,  0.0000 ,  0.0000 ,
  0.0000 ,  0.0000 ,  0.0000 ,  0.0000 ,  0.0000 ,  0.0000 ,
  0.0000 ,  0.0000 ,  0.0000 ,  0.0000 ,  0.0000 ,  0.0000 ,
  0.0000 ,  0.0000 ,  0.0000 ,  0.0000 ,  0.0000 ,  0.0000 ,
  0.0000 ,  0.0000 ,  0.0000 ,  0.0000 ,  0.0000 ,  0.0000 ,
  0.0000 ,  0.0000 ,  0.0000 ,  0.0000 ,  0.0000 ,  0.0000 ,
  0.0000 ,  0.0000 ,  0.0000 ,  0.0000 ,  0.0000 ,  0.0000 ,
  0.0000 ,  0.0000 ,  0.0000 ,  0.0000 ,  0.0000 ,  0.0000 ,
  0.0000 ,  0.0000 ,  0.0000 ,  0.0000 ,  0.0000 ,  0.0000 ,
  0.0000 ,  0.0000 ,  0.0000 ,  0.0000 ,  0.0000 ,  0.0000 ,
  0.0000 ,  0.0000 ,  0.0000 ,  0.0000 ,  0.0000 ,  0.0000 ,
  0.0000 ,  0.0000 ,  0.0000 ,  0.0000 ,  0.0000 ,  0.0000 ,
  0.0000 ,  0.0000 ,  0.0000 ,  0.0000 ,  0.0000 ,  0.0000 ,
  0.0000 ,  0.0000 ,  0.0000 ,  0.0000 ,  0.0000 ,  0.0000 ,
  0.0000 ,  0.0000 ,  0.0000 ,  0.0000 ,  0.0000 ,  0.0000 ,
  0.0000 ,  0.0000 ,  0.0000 ,  0.0000 ,  0.0000 ,  0.0000 ,
  0.0000 ,  0.0000 ,  0.0000 ,  0.0000 ,  0.0000 ,  0.0000 ,
  0.0000 ,  0.0000 ,  0.0000 ,  0.0000 ,  0.0000 ,  0.0000 ,
  0.0000 ,  0.0000 ,  0.0000 ,  0.0000 ,  0.0000 ,  0.0000 ,
  0.0000 ,  0.0000 ,  0.0000 ,  0.0000 ,  0.0000 ,  0.0000 ,
  0.0000 ,  0.0000 ,  0.0000 ,  0.0000 ,  0.0000 ,  0.0000 ,
  0.0000 ,  0.0000 ,  0.0000 ,  0.0000 ,  0.0000 ,  0.0000 ,
  0.0000 ,  0.0000 ,  0.0000 ,  0.0000 ,  0.0000 ,  0.0000 ,
  0.0000 ,  0.0000 ,  0.0000 ,  0.0000 ,  0.0000 ,  0.0000 ,
  0.0000 ,  0.0000 ,  0.0000 ,  0.0000 ,  0.0000 ,  0.0000 ,
  0.0000 ,  0.0000 ,  0.0000 ,  0.0000 ,  0.0000 ,  0.0000 ,
  0.0000 ,  0.0000 ,  0.0000 ,  0.0000 ,  0.0000 ,  0.0000 ,
  0.0000 ,  0.0000 ,  0.0000 ,  0.0000 ,  0.0000 ,  0.0000 ,
  0.0000 ,  0.0000 ,  0.0000 ,  0.0000 ,  0.0000 ,  0.0000 ,
  0.0000 ,  0.0000 ,  0.0000 ,  0.0000 ,  0.0000 ,  0.0000 ,
  0.0000 ,  0.0000 ,  0.0000 ,  0.0000 ,  0.0000 ,  0.0000 ,
  0.0000 ,  0.0000 ,  0.0000 ,  0.0000 ,  0.0000 ,  0.0000 ,
  0.0000 ,  0.0000 ,  0.0000 ,  0.0000 ,  0.0000 ,  0.0000 ,
  0.0000 ,  0.0000 ,  0.0000 ,  0.0000 ,  0.0000 ,  0.0000 ,
  0.0000 ,  0.0000 ,  0.0000 ,  0.0000 ,  0.0000 ,  0.0000 ,
  0.0000 ,  0.0000 ,  0.0000 ,  0.0000 ,  0.0000 ,  0.0000 ,
  0.0000 ,  0.0000 ,  0.0000 ,  0.0000 ,  0.0000 ,  0.0000 ,
  0.0000 ,  0.0000 ,  0.0000 ,  0.0000 ,  0.0000 ,  0.0000 ,
  0.0000 ,  0.0000 ,  0.0000 ,  0.0000 ,  0.0000 ,  0.0000 ,
  0.0000 ,  0.0000 ,  0.0000 ,  0.0000 ,  0.0000 ,  0.0000 ,
  0.0000 ,  0.0000 ,  0.0000 ,  0.0000 ,  0.0000 ,  0.0000 ,
  0.0000 ,  0.0000 ,  0.0000 ,  0.0000 ,  0.0000 ,  0.0000 ,
  0.0000 ,  0.0000 ,  0.0000 ,  0.0000 ,  0.0000 ,  0.0000 ,
  0.0000 ,  0.0000 ,  0.0000 ,  0.0000 ,  0.0000 ,  0.0000 ,
  0.0000 ,  0.0000 ,  0.0000 ,  0.0000 ,  0.0000 ,  0.0000 ,
  0.0000 ,  0.0000 ,  0.0000 ,  0.0000 ,  0.0000 ,  0.0000 ,
  0.0000 ,  0.0000 ,  0.0000 ,  0.0000 ,  0.0000 ,  0.0000 ,
  0.0000 ,  0.0000 ,  0.0000 ,  0.0000 ,  0.0000 ,  0.0000 ,
  0.0000 ,  0.0000 ,  0.0000 ,  0.0000 ,  0.0000 ,  0.0000 ,
  0.0000 ,  0.0000 ,  0.0000 ,  0.0000 ,  0.0000 ,  0.0000 ,
  0.0000 ,  0.0000 ,  0.0000 ,  0.0000 ,  0.0000 ,  0.0000 ,
  0.0000 ,  0.0000 ,  0.0000 ,  0.0000 ,  0.0000 ,  0.0000 ,
  0.0000 ,  0.0000 ,  0.0000 ,  0.0000 ,  0.0000 ,  0.0000 ,
  0.0000 ,  0.0000 ,  0.0000 ,  0.0000 ,  0.0000 ,  0.0000 ,
  0.0000 ,  0.0000 ,  0.0000 ,  0.0000 ,  0.0000 ,  0.0000 ,
  0.0000 ,  0.0000 ,  0.0000 ,  0.0000 ,  0.0000 ,  0.0000 ,
  0.0000 ,  0.0000 ,  0.0000 ,  0.0000 ,  0.0000 ,  0.0000 ,
  0.0000 ,  0.0000 ,  0.0000 ,  0.0000 ,  0.0000 ,  0.0000 ,
  0.0000 ,  0.0000 ,  0.0000 ,  0.0000 ,  0.0000 ,  0.0000 ,
  0.0000 ,  0.0000 ,  0.0000 ,  0.0000 ,  0.0000 ,  0.0000 ,
  0.0000 ,  0.0000 ,  0.0000 ,  0.0000 ,  0.0000 ,  0.0000 ,
  0.0000 ,  0.0000 ,  0.0000 ,  0.0000 ,  0.0000 ,  0.0000 ,
  0.0000 ,  0.0000 ,  0.0000 ,  0.0000 ,  0.0000 ,  0.0000 ,
  0.0000 ,  0.0000 ,  0.0000 ,  0.0000 ,  0.0000 ,  0.0000 ,
  0.0000 ,  0.0000 ,  0.0000 ,  0.0000 ,  0.0000 ,  0.0000 ,
  0.0000 ,  0.0000 ,  0.0000 ,  0.0000 ,  0.0000 ,  0.0000 ,
  0.0000 ,  0.0000 ,  0.0000 ,  0.0000 ,  0.0000 ,  0.0000 ,
  0.0000 ,  0.0000 ,  0.0000 ,  0.0000 ,  0.0000 ,  0.0000 ,
  0.0000 ,  0.0000 ,  0.0000 ,  0.0000 ,  0.0000 ,  0.0000 ,
  0.0000 ,  0.0000 ,  0.0000 ,  0.0000 ,  0.0000 ,  0.0000 ,
  0.0000 ,  0.0000 ,  0.0000 ,  0.0000 ,  0.0000 ,  0.0000 ,
  0.0000 ,  0.0000 ,  0.0000 ,  0.0000 ,  0.0000 ,  0.0000 ,
  0.0000 ,  0.0000 ,  0.0000 ,  0.0000 ,  0.0000 ,  0.0000 ,
  0.0000 ,  0.0000 ,  0.0000 ,  0.0000 ,  0.0000 ,  0.0000 ,
  0.0000 ,  0.0000 ,  0.0000 ,  0.0000 ,  0.0000 ,  0.0000 ,
  0.0000 ,  0.0000 ,  0.0000 ,  0.0000 ,  0.0000 ,  0.0000 ,
  0.0000 ,  0.0000 ,  0.0000 ,  0.0000 ,  0.0000 ,  0.0000 ,
  0.0000 ,  0.0000 ,  0.0000 ,  0.0000 ,  0.0000 ,  0.0000 ,
  0.0000 ,  0.0000 ,  0.0000 ,  0.0000 ,  0.0000 ,  0.0000 ,
  0.0000 ,  0.0000 ,  0.0000 ,  0.0000 ,  0.0000 ,  0.0000 ,
  0.0000 ,  0.0000 ,  0.0000 ,  0.0000 ,  0.0000 ,  0.0000 ,
  0.0000 ,  0.0000 ,  0.0000 ,  0.0000 ,  0.0000 ,  0.0000 ,
  0.0000 ,  0.0000 ,  0.0000 ,  0.0000 ,  0.0000 ,  0.0000 ,
  0.0000 ,  0.0000 ,  0.0000 ,  0.0000 ,  0.0000 ,  0.0000 ,
  0.0000 ,  0.0000 ,  0.0000 ,  0.0000 ,  0.0000 ,  0.0000 ,
  0.0000 ,  0.0000 ,  0.0000 ,  0.0000 ,  0.0000 ,  0.0000 ,
  0.0000 ,  0.0000 ,  0.0000 ,  0.0000 ,  0.0000 ,  0.0000 ,
  0.0000 ,  0.0000 ,  0.0000 ,  0.0000 ,  0.0000 ,  0.0000 ,
  0.0000 ,  0.0000 ,  0.0000 ,  0.0000 ,  0.0000 ,  0.0000 ,
  0.0000 ,  0.0000 ,  0.0000 ,  0.0000 ,  0.0000 ,  0.0000 ,
  0.0000 ,  0.0000 ,  0.0000 ,  0.0000 ,  0.0000 ,  0.0000 ,
  0.0000 ,  0.0000 ,  0.0000 ,  0.0000 ,  0.0000 ,  0.0000 ,
  0.0000 ,  0.0000 ,  0.0000 ,  0.0000 ,  0.0000 ,  0.0000 ,
  0.0000 ,  0.0000 ,  0.0000 ,  0.0000 ,  0.0000 ,  0.0000 ,
  0.0000 ,  0.0000 ,  0.0000 ,  0.0000 ,  0.0000 ,  0.0000 ,
  0.0000 ,  0.0000 ,  0.0000 ,  0.0000 ,  0.0000 ,  0.0000 ,
  0.0000 ,  0.0000 ,  0.0000 ,  0.0000 ,  0.0000 ,  0.0000 ,
  0.0000 ,  0.0000 ,  0.0000 ,  0.0000 ,  0.0000 ,  0.0000 ,
  0.0000 ,  0.0000 ,  0.0000 ,  0.0000 ,  0.0000 ,  0.0000 ,
  0.0000 ,  0.0000 ,  0.0000 ,  0.0000 ,  0.0000 ,  0.0000 ,
  0.0000 ,  0.0000 ,  0.0000 ,  0.0000 ,  0.0000 ,  0.0000 ,
  0.0000 ,  0.0000 ,  0.0000 ,  0.0000 ,  0.0000 ,  0.0000 ,
  0.0000 ,  0.0000 ,  0.0000 ,  0.0000 ,  0.0000 ,  0.0000 ,
  0.0000 ,  0.0000 ,  0.0000 ,  0.0000 ,  0.0000 ,  0.0000 ,
  0.0000 ,  0.0000 ,  0.0000 ,  0.0000 ,  0.0000 ,  0.0000 ,
  0.0000 ,  0.0000 ,  0.0000 ,  0.0000 ,  0.0000 ,  0.0000 ,
  0.0000 ,  0.0000 ,  0.0000 ,  0.0000 ,  0.0000 ,  0.0000 ,
  0.0000 ,  0.0000 ,  0.0000 ,  0.0000 ,  0.0000 ,  0.0000 ,
  0.0000 ,  0.0000 ,  0.0000 ,  0.0000 ,  0.0000 ,  0.0000 ,
  0.0000 ,  0.0000 ,  0.0000 ,  0.0000 ,  0.0000 ,  0.0000 ,
  0.0000 ,  0.0000 ,  0.0000 ,  0.0000 ,  0.0000 ,  0.0000 ,
  0.0000 ,  0.0000 ,  0.0000 ,  0.0000 ,  0.0000 ,  0.0000 ,
  0.0000 ,  0.0000 ,  0.0000 ,  0.0000 ,  0.0000 ,  0.0000 ,
  0.0000 ,  0.0000 ,  0.0000 ,  0.0000 ,  0.0000 ,  0.0000 ,
  0.0000 ,  0.0000 ,  0.0000 ,  0.0000 ,  0.0000 ,  0.0000 ,
  0.0000 ,  0.0000 ,  0.0000 ,  0.0000 ,  0.0000 ,  0.0000 ,
  0.0000 ,  0.0000 ,  0.0000 ,  0.0000 ,  0.0000 ,  0.0000 ,
  0.0000 ,  0.0000 ,  0.0000 ,  0.0000 ,  0.0000 ,  0.0000 ,
  0.0000 ,  0.0000 ,  0.0000 ,  0.0000 ,  0.0000 ,  0.0000 ,
  0.0000 ,  0.0000 ,  0.0000 ,  0.0000 ,  0.0000 ,  0.0000 ,
  0.0000 ,  0.0000 ,  0.0000 ,  0.0000 ,  0.0000 ,  0.0000 ,
  0.0000 ,  0.0000 ,  0.0000 ,  0.0000 ,  0.0000 ,  0.0000 ,
  0.0000 ,  0.0000 ,  0.0000 ,  0.0000 ,  0.0000 ,  0.0000 ,
  0.0000 ,  0.0000 ,  0.0000 ,  0.0000 ,  0.0000 ,  0.0000 ,
  0.0000 ,  0.0000 ,  0.0000 ,  0.0000 ,  0.0000 ,  0.0000 ,
  0.0000 ,  0.0000 ,  0.0000 ,  0.0000 ,  0.0000 ,  0.0000 ,
  0.0000 ,  0.0000 ,  0.0000 ,  0.0000 ,  0.0000 ,  0.0000 ,
  0.0000 ,  0.0000 ,  0.0000 ,  0.0000 ,  0.0000 ,  0.0000 ,
  0.0000 ,  0.0000 ,  0.0000 ,  0.0000 ,  0.0000 ,  0.0000 ,
  0.0000 ,  0.0000 ,  0.0000 ,  0.0000 ,  0.0000 ,  0.0000 ,
  0.0000 ,  0.0000 ,  0.0000 ,  0.0000 ,  0.0000 ,  0.0000 ,
  0.0000 ,  0.0000 ,  0.0000 ,  0.0000 ,  0.0000 ,  0.0000 ,
  0.0000 ,  0.0000 ,  0.0000 ,  0.0000 ,  0.0000 ,  0.0000 ,
  0.0000 ,  0.0000 ,  0.0000 ,  0.0000 ,  0.0000 ,  0.0000 ,
  0.0000 ,  0.0000 ,  0.0000 ,  0.0000 ,  0.0000 ,  0.0000 ,
  0.0000 ,  0.0000 ,  0.0000 ,  0.0000 ,  0.0000 ,  0.0000 ,
  0.0000 ,  0.0000 ,  0.0000 ,  0.0000 ,  0.0000 ,  0.0000 ,
  0.0000 ,  0.0000 ,  0.0000 ,  0.0000 ,  0.0000 ,  0.0000 ,
  0.0000 ,  0.0000 ,  0.0000 ,  0.0000 ,  0.0000 ,  0.0000 ,
  0.0000 ,  0.0000 ,  0.0000 ,  0.0000 ,  0.0000 ,  0.0000 ,
  0.0000 ,  0.0000 ,  0.0000 ,  0.0000 ,  0.0000 ,  0.0000 ,
  0.0000 ,  0.0000 ,  0.0000 ,  0.0000 ,  0.0000 ,  0.0000 ,
  0.0000 ,  0.0000 ,  0.0000 ,  0.0000 ,  0.0000 ,  0.0000 ,
  0.0000 ,  0.0000 ,  0.0000 ,  0.0000 ,  0.0000 ,  0.0000 ,
  0.0000 ,  0.0000 ,  0.0000 ,  0.0000 ,  0.0000 ,  0.0000 ,
  0.0000 ,  0.0000 ,  0.0000 ,  0.0000 ,  0.0000 ,  0.0000 ,
  0.0000 ,  0.0000 ,  0.0000 ,  0.0000 ,  0.0000 ,  0.0000 ,
  0.0000 ,  0.0000 ,  0.0000 ,  0.0000 ,  0.0000 ,  0.0000 ,
  0.0000 ,  0.0000 ,  0.0000 ,  0.0000 ,  0.0000 ,  0.0000 ,
  0.0000 ,  0.0000 ,  0.0000 ,  0.0000 ,  0.0000 ,  0.0000 ,
  0.0000 ,  0.0000 ,  0.0000 ,  0.0000 ,  0.0000 ,  0.0000 ,
  0.0000 ,  0.0000 ,  0.0000 ,  0.0000 ,  0.0000 ,  0.0000 ,
  0.0000 ,  0.0000 ,  0.0000 ,  0.0000 ,  0.0000 ,  0.0000 ,
  0.0000 ,  0.0000 ,  0.0000 ,  0.0000 ,  0.0000 ,  0.0000 ,
  0.0000 ,  0.0000 ,  0.0000 ,  0.0000 ,  0.0000 ,  0.0000 ,
  0.0000 ,  0.0000 ,  0.0000 ,  0.0000 ,  0.0000 ,  0.0000 ,
  0.0000 ,  0.0000 ,  0.0000 ,  0.0000 ,  0.0000 ,  0.0000 ,
  0.0000 ,  0.0000 ,  0.0000 ,  0.0000 ,  0.0000 ,  0.0000 ,
  0.0000 ,  0.0000 ,  0.0000 ,  0.0000 ,  0.0000 ,  0.0000 ,
  0.0000 ,  0.0000 ,  0.0000 ,  0.0000 ,  0.0000 ,  0.0000 ,
  0.0000 ,  0.0000 ,  0.0000 ,  0.0000 ,  0.0000 ,  0.0000 ,
  0.0000 ,  0.0000 ,  0.0000 ,  0.0000 ,  0.0000 ,  0.0000 ,
  0.0000 ,  0.0000 ,  0.0000 ,  0.0000 ,  0.0000 ,  0.0000 ,
  0.0000 ,  0.0000 ,  0.0000 ,  0.0000 ,  0.0000 ,  0.0000 ,
  0.0000 ,  0.0000 ,  0.0000 ,  0.0000 ,  0.0000 ,  0.0000 ,
  0.0000 ,  0.0000 ,  0.0000 ,  0.0000 ,  0.0000 ,  0.0000 ,
  0.0000 ,  0.0000 ,  0.0000 ,  0.0000 ,  0.0000 ,  0.0000 ,
  0.0000 ,  0.0000 ,  0.0000 ,  0.0000 ,  0.0000 ,  0.0000 ,
  0.0000 ,  0.0000 ,  0.0000 ,  0.0000 ,  0.0000 ,  0.0000 ,
  0.0000 ,  0.0000 ,  0.0000 ,  0.0000 ,  0.0000 ,  0.0000 ,
  0.0000 ,  0.0000 ,  0.0000 ,  0.0000 ,  0.0000 ,  0.0000 ,
  0.0000 ,  0.0000 ,  0.0000 ,  0.0000 ,  0.0000 ,  0.0000 ,
  0.0000 ,  0.0000 ,  0.0000 ,  0.0000 ,  0.0000 ,  0.0000 ,
  0.0000 ,  0.0000 ,  0.0000 ,  0.0000 ,  0.0000 ,  0.0000 ,
  0.0000 ,  0.0000 ,  0.0000 ,  0.0000 ,  0.0000 ,  0.0000 ,
  0.0000 ,  0.0000 ,  0.0000 ,  0.0000 ,  0.0000 ,  0.0000 ,
  0.0000 ,  0.0000 ,  0.0000 ,  0.0000 ,  0.0000 ,  0.0000 ,
  0.0000 ,  0.0000 ,  0.0000 ,  0.0000 ,  0.0000 ,  0.0000 ,
  0.0000 ,  0.0000 ,  0.0000 ,  0.0000 ,  0.0000 ,  0.0000 ,
  0.0000 ,  0.0000 ,  0.0000 ,  0.0000 ,  0.0000 ,  0.0000 ,
  0.0000 ,  0.0000 ,  0.0000 ,  0.0000 ,  0.0000 ,  0.0000 ,
  0.0000 ,  0.0000 ,  0.0000 ,  0.0000 ,  0.0000 ,  0.0000 ,
  0.0000 ,  0.0000 ,  0.0000 ,  0.0000 ,  0.0000 ,  0.0000 ,
  0.0000 ,  0.0000 ,  0.0000 ,  0.0000 ,  0.0000 ,  0.0000 ,
  0.0000 ,  0.0000 ,  0.0000 ,  0.0000 ,  0.0000 ,  0.0000 ,
  0.0000 ,  0.0000 ,  0.0000 ,  0.0000 ,  0.0000 ,  0.0000 ,
  0.0000 ,  0.0000 ,  0.0000 ,  0.0000 ,  0.0000 ,  0.0000 ,
  0.0000 ,  0.0000 ,  0.0000 ,  0.0000 ,  0.0000 ,  0.0000 ,
  0.0000 ,  0.0000 ,  0.0000 ,  0.0000 ,  0.0000 ,  0.0000 ,
  0.0000 ,  0.0000 ,  0.0000 ,  0.0000 ,  0.0000 ,  0.0000 ,
  0.0000 ,  0.0000 ,  0.0000 ,  0.0000 ,  0.0000 ,  0.0000 ,
  0.0000 ,  0.0000 ,  0.0000 ,  0.0000 ,  0.0000 ,  0.0000 ,
  0.0000 ,  0.0000 ,  0.0000 ,  0.0000 ,  0.0000 ,  0.0000 ,
  0.0000 ,  0.0000 ,  0.0000 ,  0.0000 ,  0.0000 ,  0.0000 ,
  0.0000 ,  0.0000 ,  0.0000 ,  0.0000 ,  0.0000 ,  0.0000 ,
  0.0000 ,  0.0000 ,  0.0000 ,  0.0000 ,  0.0000 ,  0.0000 ,
  0.0000 ,  0.0000 ,  0.0000 ,  0.0000 ,  0.0000 ,  0.0000 ,
  0.0000 ,  0.0000 ,  0.0000 ,  0.0000 ,  0.0000 ,  0.0000 ,
  0.0000 ,  0.0000 ,  0.0000 ,  0.0000 ,  0.0000 ,  0.0000 ,
  0.0000 ,  0.0000 ,  0.0000 ,  0.0000 ,  0.0000 ,  0.0000 ,
  0.0000 ,  0.0000 ,  0.0000 ,  0.0000 ,  0.0000 ,  0.0000 ,
  0.0000 ,  0.0000 ,  0.0000 ,  0.0000 ,  0.0000 ,  0.0000 ,
  0.0000 ,  0.0000 ,  0.0000 ,  0.0000 ,  0.0000 ,  0.0000 ,
  0.0000 ,  0.0000 ,  0.0000 ,  0.0000 ,  0.0000 ,  0.0000 ,
  0.0000 ,  0.0000 ,  0.0000 ,  0.0000 ,  0.0000 ,  0.0000 ,
  0.0000 ,  0.0000 ,  0.0000 ,  0.0000 ,  0.0000 ,  0.0000 ,
  0.0000 ,  0.0000 ,  0.0000 ,  0.0000 ,  0.0000 ,  0.0000 ,
  0.0000 ,  0.0000 ,  0.0000 ,  0.0000 ,  0.0000 ,  0.0000 ,
  0.0000 ,  0.0000 ,  0.0000 ,  0.0000 ,  0.0000 ,  0.0000 ,
  0.0000 ,  0.0000 ,  0.0000 ,  0.0000 ,  0.0000 ,  0.0000 ,
  0.0000 ,  0.0000 ,  0.0000 ,  0.0000 ,  0.0000 ,  0.0000 ,
  0.0000 ,  0.0000 ,  0.0000 ,  0.0000 ,  0.0000 ,  0.0000 ,
  0.0000 ,  0.0000 ,  0.0000 ,  0.0000 ,  0.0000 ,  0.0000 ,
  0.0000 ,  0.0000 ,  0.0000 ,  0.0000 ,  0.0000 ,  0.0000 ,
  0.0000 ,  0.0000 ,  0.0000 ,  0.0000 ,  0.0000 ,  0.0000 ,
  0.0000 ,  0.0000 ,  0.0000 ,  0.0000 ,  0.0000 ,  0.0000 ,
  0.0000 ,  0.0000 ,  0.0000 ,  0.0000 ,  0.0000 ,  0.0000 ,
  0.0000 ,  0.0000 ,  0.0000 ,  0.0000 ,  0.0000 ,  0.0000 ,
  0.0000 ,  0.0000 ,  0.0000 ,  0.0000 ,  0.0000 ,  0.0000 ,
  0.0000 ,  0.0000 ,  0.0000 ,  0.0000 ,  0.0000 ,  0.0000 ,
  0.0000 ,  0.0000 ,  0.0000 ,  0.0000 ,  0.0000 ,  0.0000 ,
  0.0000 ,  0.0000 ,  0.0000 ,  0.0000 ,  0.0000 ,  0.0000 ,
  0.0000 ,  0.0000 ,  0.0000 ,  0.0000 ,  0.0000 ,  0.0000 ,
  0.0000 ,  0.0000 ,  0.0000 ,  0.0000 ,  0.0000 ,  0.0000 ,
  0.0000 ,  0.0000 ,  0.0000 ,  0.0000 ,  0.0000 ,  0.0000 ,
  0.0000 ,  0.0000 ,  0.0000 ,  0.0000 ,  0.0000 ,  0.0000 ,
  0.0000 ,  0.0000 ,  0.0000 ,  0.0000 ,  0.0000 ,  0.0000 ,
  0.0000 ,  0.0000 ,  0.0000 ,  0.0000 ,  0.0000 ,  0.0000 ,
  0.0000 ,  0.0000 ,  0.0000 ,  0.0000 ,  0.0000 ,  0.0000 ,
  0.0000 ,  0.0000 ,  0.0000 ,  0.0000 ,  0.0000 ,  0.0000 ,
  0.0000 ,  0.0000 ,  0.0000 ,  0.0000 ,  0.0000 ,  0.0000 ,
  0.0000 ,  0.0000 ,  0.0000 ,  0.0000 ,  0.0000 ,  0.0000 ,
  0.0000 ,  0.0000 ,  0.0000 ,  0.0000 ,  0.0000 ,  0.0000 ,
  0.0000 ,  0.0000 ,  0.0000 ,  0.0000 ,  0.0000 ,  0.0000 ,
  0.0000 ,  0.0000 ,  0.0000 ,  0.0000 ,  0.0000 ,  0.0000 ,
  0.0000 ,  0.0000 ,  0.0000 ,  0.0000 ,  0.0000 ,  0.0000 ,
  0.0000 ,  0.0000 ,  0.0000 ,  0.0000 ,  0.0000 ,  0.0000 ,
  0.0000 ,  0.0000 ,  0.0000 ,  0.0000 ,  0.0000 ,  0.0000 ,
  0.0000 ,  0.0000 ,  0.0000 ,  0.0000 ,  0.0000 ,  0.0000 ,
  0.0000 ,  0.0000 ,  0.0000 ,  0.0000 ,  0.0000 ,  0.0000 ,
  0.0000 ,  0.0000 ,  0.0000 ,  0.0000 ,  0.0000 ,  0.0000 ,
  0.0000 ,  0.0000 ,  0.0000 ,  0.0000 ,  0.0000 ,  0.0000 ,
  0.0000 ,  0.0000 ,  0.0000 ,  0.0000 ,  0.0000 ,  0.0000 ,
  0.0000 ,  0.0000 ,  0.0000 ,  0.0000 ,  0.0000 ,  0.0000 ,
  0.0000 ,  0.0000 ,  0.0000 ,  0.0000 ,  0.0000 ,  0.0000 ,
  0.0000 ,  0.0000 ,  0.0000 ,  0.0000 ,  0.0000 ,  0.0000 ,
  0.0000 ,  0.0000 ,  0.0000 ,  0.0000 ,  0.0000 ,  0.0000 ,
  0.0000 ,  0.0000 ,  0.0000 ,  0.0000 ,  0.0000 ,  0.0000 ,
  0.0000 ,  0.0000 ,  0.0000 ,  0.0000 ,  0.0000 ,  0.0000 ,
  0.0000 ,  0.0000 ,  0.0000 ,  0.0000 ,  0.0000 ,  0.0000 ,
  0.0000 ,  0.0000 ,  0.0000 ,  0.0000 ,  0.0000 ,  0.0000 ,
  0.0000 ,  0.0000 ,  0.0000 ,  0.0000 ,  0.0000 ,  0.0000 ,
  0.0000 ,  0.0000 ,  0.0000 ,  0.0000 ,  0.0000 ,  0.0000 ,
  0.0000 ,  0.0000 ,  0.0000 ,  0.0000 ,  0.0000 ,  0.0000 ,
  0.0000 ,  0.0000 ,  0.0000 ,  0.0000 ,  0.0000 ,  0.0000 ,
  0.0000 ,  0.0000 ,  0.0000 ,  0.0000 ,  0.0000 ,  0.0000 ,
  0.0000 ,  0.0000 ,  0.0000 ,  0.0000 ,  0.0000 ,  0.0000 ,
  0.0000 ,  0.0000 ,  0.0000 ,  0.0000 ,  0.0000 ,  0.0000 ,
  0.0000 ,  0.0000 ,  0.0000 ,  0.0000 ,  0.0000 ,  0.0000 ,
  0.0000 ,  0.0000 ,  0.0000 ,  0.0000 ,  0.0000 ,  0.0000 ,
  0.0000 ,  0.0000 ,  0.0000 ,  0.0000 ,  0.0000 ,  0.0000 ,
  0.0000 ,  0.0000 ,  0.0000 ,  0.0000 ,  0.0000 ,  0.0000 ,
  0.0000 ,  0.0000 ,  0.0000 ,  0.0000 ,  0.0000 ,  0.0000 ,
  0.0000 ,  0.0000 ,  0.0000 ,  0.0000 ,  0.0000 ,  0.0000 ,
  0.0000 ,  0.0000 ,  0.0000 ,  0.0000 ,  0.0000 ,  0.0000 ,
  0.0000 ,  0.0000 ,  0.0000 ,  0.0000 ,  0.0000 ,  0.0000 ,
  0.0000 ,  0.0000 ,  0.0000 ,  0.0000 ,  0.0000 ,  0.0000 ,
  0.0000 ,  0.0000 ,  0.0000 ,  0.0000 ,  0.0000 ,  0.0000 ,
  0.0000 ,  0.0000 ,  0.0000 ,  0.0000 ,  0.0000 ,  0.0000 ,
  0.0000 ,  0.0000 ,  0.0000 ,  0.0000 ,  0.0000 ,  0.0000 ,
  0.0000 ,  0.0000 ,  0.0000 ,  0.0000 ,  0.0000 ,  0.0000 ,
  0.0000 ,  0.0000 ,  0.0000 ,  0.0000 ,  0.0000 ,  0.0000 ,
  0.0000 ,  0.0000 ,  0.0000 ,  0.0000 ,  0.0000 ,  0.0000 ,
  0.0000 ,  0.0000 ,  0.0000 ,  0.0000 ,  0.0000 ,  0.0000 ,
  0.0000 ,  0.0000 ,  0.0000 ,  0.0000 ,  0.0000 ,  0.0000 ,
  0.0000 ,  0.0000 ,  0.0000 ,  0.0000 ,  0.0000 ,  0.0000 ,
  0.0000 ,  0.0000 ,  0.0000 ,  0.0000 ,  0.0000 ,  0.0000 ,
  0.0000 ,  0.0000 ,  0.0000 ,  0.0000 ,  0.0000 ,  0.0000 ,
  0.0000 ,  0.0000 ,  0.0000 ,  0.0000 ,  0.0000 ,  0.0000 ,
  0.0000 ,  0.0000 ,  0.0000 ,  0.0000 ,  0.0000 ,  0.0000 ,
  0.0000 ,  0.0000 ,  0.0000 ,  0.0000 ,  0.0000 ,  0.0000 ,
  0.0000 ,  0.0000 ,  0.0000 ,  0.0000 ,  0.0000 ,  0.0000 ,
  0.0000 ,  0.0000 ,  0.0000 ,  0.0000 ,  0.0000 ,  0.0000 ,
  0.0000 ,  0.0000 ,  0.0000 ,  0.0000 ,  0.0000 ,  0.0000 ,
  0.0000 ,  0.0000 ,  0.0000 ,  0.0000 ,  0.0000 ,  0.0000 ,
  0.0000 ,  0.0000 ,  0.0000 ,  0.0000 ,  0.0000 ,  0.0000 ,
  0.0000 ,  0.0000 ,  0.0000 ,  0.0000 ,  0.0000 ,  0.0000 ,
  0.0000 ,  0.0000 ,  0.0000 ,  0.0000 ,  0.0000 ,  0.0000 ,
  0.0000 ,  0.0000 ,  0.0000 ,  0.0000 ,  0.0000 ,  0.0000 ,
  0.0000 ,  0.0000 ,  0.0000 ,  0.0000 ,  0.0000 ,  0.0000 ,
  0.0000 ,  0.0000 ,  0.0000 ,  0.0000 ,  0.0000 ,  0.0000 ,
  0.0000 ,  0.0000 ,  0.0000 ,  0.0000 ,  0.0000 ,  0.0000 ,
  0.0000 ,  0.0000 ,  0.0000 ,  0.0000 ,  0.0000 ,  0.0000 ,
  0.0000 ,  0.0000 ,  0.0000 ,  0.0000 ,  0.0000 ,  0.0000 ,
  0.0000 ,  0.0000 ,  0.0000 ,  0.0000 ,  0.0000 ,  0.0000 ,
  0.0000 ,  0.0000 ,  0.0000 ,  0.0000 ,  0.0000 ,  0.0000 ,
  0.0000 ,  0.0000 ,  0.0000 ,  0.0000 ,  0.0000 ,  0.0000 ,
  0.0000 ,  0.0000 ,  0.0000 ,  0.0000 ,  0.0000 ,  0.0000 ,
  0.0000 ,  0.0000 ,  0.0000 ,  0.0000 ,  0.0000 ,  0.0000 ,
  0.0000 ,  0.0000 ,  0.0000 ,  0.0000 ,  0.0000 ,  0.0000 ,
  0.0000 ,  0.0000 ,  0.0000 ,  0.0000 ,  0.0000 ,  0.0000 ,
  0.0000 ,  0.0000 ,  0.0000 ,  0.0000 ,  0.0000 ,  0.0000 ,
  0.0000 ,  0.0000 ,  0.0000 ,  0.0000 ,  0.0000 ,  0.0000 ,
  0.0000 ,  0.0000 ,  0.0000 ,  0.0000 ,  0.0000 ,  0.0000 ,
  0.0000 ,  0.0000 ,  0.0000 ,  0.0000 ,  0.0000 ,  0.0000 ,
  0.0000 ,  0.0000 ,  0.0000 ,  0.0000 ,  0.0000 ,  0.0000 ,
  0.0000 ,  0.0000 ,  0.0000 ,  0.0000 ,  0.0000 ,  0.0000 ,
  0.0000 ,  0.0000 ,  0.0000 ,  0.0000 ,  0.0000 ,  0.0000 ,
  0.0000 ,  0.0000 ,  0.0000 ,  0.0000 ,  0.0000 ,  0.0000 ,
  0.0000 ,  0.0000 ,  0.0000 ,  0.0000 ,  0.0000 ,  0.0000 ,
  0.0000 ,  0.0000 ,  0.0000 ,  0.0000 ,  0.0000 ,  0.0000 ,
  0.0000 ,  0.0000 ,  0.0000 ,  0.0000 ,  0.0000 ,  0.0000 ,
  0.0000 ,  0.0000 ,  0.0000 ,  0.0000 ,  0.0000 ,  0.0000 ,
  0.0000 ,  0.0000 ,  0.0000 ,  0.0000 ,  0.0000 ,  0.0000 ,
  0.0000 ,  0.0000 ,  0.0000 ,  0.0000 ,  0.0000 ,  0.0000 ,
  0.0000 ,  0.0000 ,  0.0000 ,  0.0000 ,  0.0000 ,  0.0000 ,
  0.0000 ,  0.0000 ,  0.0000 ,  0.0000 ,  0.0000 ,  0.0000 ,
  0.0000 ,  0.0000 ,  0.0000 ,  0.0000 ,  0.0000 ,  0.0000 ,
  0.0000 ,  0.0000 ,  0.0000 ,  0.0000 ,  0.0000 ,  0.0000 ,
  0.0000 ,  0.0000 ,  0.0000 ,  0.0000 ,  0.0000 ,  0.0000 ,
  0.0000 ,  0.0000 ,  0.0000 ,  0.0000 ,  0.0000 ,  0.0000 ,
  0.0000 ,  0.0000 ,  0.0000 ,  0.0000 ,  0.0000 ,  0.0000 ,
  0.0000 ,  0.0000 ,  0.0000 ,  0.0000 ,  0.0000 ,  0.0000 ,
  0.0000 ,  0.0000 ,  0.0000 ,  0.0000 ,  0.0000 ,  0.0000 ,
  0.0000 ,  0.0000 ,  0.0000 ,  0.0000 ,  0.0000 ,  0.0000 ,
  0.0000 ,  0.0000 ,  0.0000 ,  0.0000 ,  0.0000 ,  0.0000 ,
  0.0000 ,  0.0000 ,  0.0000 ,  0.0000 ,  0.0000 ,  0.0000 ,
  0.0000 ,  0.0000 ,  0.0000 ,  0.0000 ,  0.0000 ,  0.0000 ,
  0.0000 ,  0.0000 ,  0.0000 ,  0.0000 ,  0.0000 ,  0.0000 ,
  0.0000 ,  0.0000 ,  0.0000 ,  0.0000 ,  0.0000 ,  0.0000 ,
  0.0000 ,  0.0000 ,  0.0000 ,  0.0000 ,  0.0000 ,  0.0000 ,
  0.0000 ,  0.0000 ,  0.0000 ,  0.0000 ,  0.0000 ,  0.0000 ,
  0.0000 ,  0.0000 ,  0.0000 ,  0.0000 ,  0.0000 ,  0.0000 ,
  0.0000 ,  0.0000 ,  0.0000 ,  0.0000 ,  0.0000 ,  0.0000 ,
  0.0000 ,  0.0000 ,  0.0000 ,  0.0000 ,  0.0000 ,  0.0000 ,
  0.0000 ,  0.0000 ,  0.0000 ,  0.0000 ,  0.0000 ,  0.0000 ,
  0.0000 ,  0.0000 ,  0.0000 ,  0.0000 ,  0.0000 ,  0.0000 ,
  0.0000 ,  0.0000 ,  0.0000 ,  0.0000 ,  0.0000 ,  0.0000 ,
  0.0000 ,  0.0000 ,  0.0000 ,  0.0000 ,  0.0000 ,  0.0000 ,
  0.0000 ,  0.0000 ,  0.0000 ,  0.0000 ,  0.0000 ,  0.0000 ,
  0.0000 ,  0.0000 ,  0.0000 ,  0.0000 ,  0.0000 ,  0.0000 ,
  0.0000 ,  0.0000 ,  0.0000 ,  0.0000 ,  0.0000 ,  0.0000 ,
  0.0000 ,  0.0000 ,  0.0000 ,  0.0000 ,  0.0000 ,  0.0000 ,
  0.0000 ,  0.0000 ,  0.0000 ,  0.0000 ,  0.0000 ,  0.0000 ,
  0.0000 ,  0.0000 ,  0.0000 ,  0.0000 ,  0.0000 ,  0.0000 ,
  0.0000 ,  0.0000 ,  0.0000 ,  0.0000 ,  0.0000 ,  0.0000 ,
  0.0000 ,  0.0000 ,  0.0000 ,  0.0000 ,  0.0000 ,  0.0000 ,
  0.0000 ,  0.0000 ,  0.0000 ,  0.0000 ,  0.0000 ,  0.0000 ,
  0.0000 ,  0.0000 ,  0.0000 ,  0.0000 ,  0.0000 ,  0.0000 ,
  0.0000 ,  0.0000 ,  0.0000 ,  0.0000 ,  0.0000 ,  0.0000 ,
  0.0000 ,  0.0000 ,  0.0000 ,  0.0000 ,  0.0000 ,  0.0000 ,
  0.0000 ,  0.0000 ,  0.0000 ,  0.0000 ,  0.0000 ,  0.0000 ,
  0.0000 ,  0.0000 ,  0.0000 ,  0.0000 ,  0.0000 ,  0.0000 ,
  0.0000 ,  0.0000 ,  0.0000 ,  0.0000 ,  0.0000 ,  0.0000 ,
  0.0000 ,  0.0000 ,  0.0000 ,  0.0000 ,  0.0000 ,  0.0000 ,
  0.0000 ,  0.0000 ,  0.0000 ,  0.0000 ,  0.0000 ,  0.0000 ,
  0.0000 ,  0.0000 ,  0.0000 ,  0.0000 ,  0.0000 ,  0.0000 ,
  0.0000 ,  0.0000 ,  0.0000 ,  0.0000 ,  0.0000 ,  0.0000 ,
  0.0000 ,  0.0000 ,  0.0000 ,  0.0000 ,  0.0000 ,  0.0000 ,
  0.0000 ,  0.0000 ,  0.0000 ,  0.0000 ,  0.0000 ,  0.0000 ,
  0.0000 ,  0.0000 ,  0.0000 ,  0.0000 ,  0.0000 ,  0.0000 ,
  0.0000 ,  0.0000 ,  0.0000 ,  0.0000 ,  0.0000 ,  0.0000 ,
  0.0000 ,  0.0000 ,  0.0000 ,  0.0000 ,  0.0000 ,  0.0000 ,
  0.0000 ,  0.0000 ,  0.0000 ,  0.0000 ,  0.0000 ,  0.0000 ,
  0.0000 ,  0.0000 ,  0.0000 ,  0.0000 ,  0.0000 ,  0.0000 ,
  0.0000 ,  0.0000 ,  0.0000 ,  0.0000 ,  0.0000 ,  0.0000 ,
  0.0000 ,  0.0000 ,  0.0000 ,  0.0000 ,  0.0000 ,  0.0000 ,
  0.0000 ,  0.0000 ,  0.0000 ,  0.0000 ,  0.0000 ,  0.0000 ,
  0.0000 ,  0.0000 ,  0.0000 ,  0.0000 ,  0.0000 ,  0.0000 ,
  0.0000 ,  0.0000 ,  0.0000 ,  0.0000 ,  0.0000 ,  0.0000 ,
  0.0000 ,  0.0000 ,  0.0000 ,  0.0000 ,  0.0000 ,  0.0000 ,
  0.0000 ,  0.0000 ,  0.0000 ,  0.0000 ,  0.0000 ,  0.0000 ,
  0.0000 ,  0.0000 ,  0.0000 ,  0.0000 ,  0.0000 ,  0.0000 ,
  0.0000 ,  0.0000 ,  0.0000 ,  0.0000 ,  0.0000 ,  0.0000 ,
  0.0000 ,  0.0000 ,  0.0000 ,  0.0000 ,  0.0000 ,  0.0000 ,
  0.0000 ,  0.0000 ,  0.0000 ,  0.0000 ,  0.0000 ,  0.0000 ,
  0.0000 ,  0.0000 ,  0.0000 ,  0.0000 ,  0.0000 ,  0.0000 ,
  0.0000 ,  0.0000 ,  0.0000 ,  0.0000 ,  0.0000 ,  0.0000 ,
  0.0000 ,  0.0000 ,  0.0000 ,  0.0000 ,  0.0000 ,  0.0000 ,
  0.0000 ,  0.0000 ,  0.0000 ,  0.0000 ,  0.0000 ,  0.0000 ,
  0.0000 ,  0.0000 ,  0.0000 ,  0.0000 ,  0.0000 ,  0.0000 ,
  0.0000 ,  0.0000 ,  0.0000 ,  0.0000 ,  0.0000 ,  0.0000 ,
  0.0000 ,  0.0000 ,  0.0000 ,  0.0000 ,  0.0000 ,  0.0000 ,
  0.0000 ,  0.0000 ,  0.0000 ,  0.0000 ,  0.0000 ,  0.0000 ,
  0.0000 ,  0.0000 ,  0.0000 ,  0.0000 ,  0.0000 ,  0.0000 ,
  0.0000 ,  0.0000 ,  0.0000 ,  0.0000 ,  0.0000 ,  0.0000 ,
  0.0000 ,  0.0000 ,  0.0000 ,  0.0000 ,  0.0000 ,  0.0000 ,
  0.0000 ,  0.0000 ,  0.0000 ,  0.0000 ,  0.0000 ,  0.0000 ,
  0.0000 ,  0.0000 ,  0.0000 ,  0.0000 ,  0.0000 ,  0.0000 ,
  0.0000 ,  0.0000 ,  0.0000 ,  0.0000 ,  0.0000 ,  0.0000 ,
  0.0000 ,  0.0000 ,  0.0000 ,  0.0000 ,  0.0000 ,  0.0000 ,
  0.0000 ,  0.0000 ,  0.0000 ,  0.0000 ,  0.0000 ,  0.0000 ,
  0.0000 ,  0.0000 ,  0.0000 ,  0.0000 ,  0.0000 ,  0.0000 ,
  0.0000 ,  0.0000 ,  0.0000 ,  0.0000 ,  0.0000 ,  0.0000 ,
  0.0000 ,  0.0000 ,  0.0000 ,  0.0000 ,  0.0000 ,  0.0000 ,
  0.0000 ,  0.0000 ,  0.0000 ,  0.0000 ,  0.0000 ,  0.0000 ,
  0.0000 ,  0.0000 ,  0.0000 ,  0.0000 ,  0.0000 ,  0.0000 ,
  0.0000 ,  0.0000 ,  0.0000 ,  0.0000 ,  0.0000 ,  0.0000 ,
  0.0000 ,  0.0000 ,  0.0000 ,  0.0000 ,  0.0000 ,  0.0000 ,
  0.0000 ,  0.0000 ,  0.0000 ,  0.0000 ,  0.0000 ,  0.0000 ,
  0.0000 ,  0.0000 ,  0.0000 ,  0.0000 ,  0.0000 ,  0.0000 ,
  0.0000 ,  0.0000 ,  0.0000 ,  0.0000 ,  0.0000 ,  0.0000 ,
  0.0000 ,  0.0000 ,  0.0000 ,  0.0000 ,  0.0000 ,  0.0000 ,
  0.0000 ,  0.0000 ,  0.0000 ,  0.0000 ,  0.0000 ,  0.0000 ,
  0.0000 ,  0.0000 ,  0.0000 ,  0.0000 ,  0.0000 ,  0.0000 ,
  0.0000 ,  0.0000 ,  0.0000 ,  0.0000 ,  0.0000 ,  0.0000 ,
  0.0000 ,  0.0000 ,  0.0000 ,  0.0000 ,  0.0000 ,  0.0000 ,
  0.0000 ,  0.0000 ,  0.0000 ,  0.0000 ,  0.0000 ,  0.0000 ,
  0.0000 ,  0.0000 ,  0.0000 ,  0.0000 ,  0.0000 ,  0.0000 ,
  0.0000 ,  0.0000 ,  0.0000 ,  0.0000 ,  0.0000 ,  0.0000 ,
  0.0000 ,  0.0000 ,  0.0000 ,  0.0000 ,  0.0000 ,  0.0000 ,
  0.0000 ,  0.0000 ,  0.0000 ,  0.0000 ,  0.0000 ,  0.0000 ,
  0.0000 ,  0.0000 ,  0.0000 ,  0.0000 ,  0.0000 ,  0.0000 ,
  0.0000 ,  0.0000 ,  0.0000 ,  0.0000 ,  0.0000 ,  0.0000 ,
  0.0000 ,  0.0000 ,  0.0000 ,  0.0000 ,  0.0000 ,  0.0000 ,
  0.0000 ,  0.0000 ,  0.0000 ,  0.0000 ,  0.0000 ,  0.0000 ,
  0.0000 ,  0.0000 ,  0.0000 ,  0.0000 ,  0.0000 ,  0.0000 ,
  0.0000 ,  0.0000 ,  0.0000 ,  0.0000 ,  0.0000 ,  0.0000 ,
  0.0000 ,  0.0000 ,  0.0000 ,  0.0000 ,  0.0000 ,  0.0000 ,
  0.0000 ,  0.0000 ,  0.0000 ,  0.0000 ,  0.0000 ,  0.0000 ,
  0.0000 ,  0.0000 ,  0.0000 ,  0.0000 ,  0.0000 ,  0.0000 ,
  0.0000 ,  0.0000 ,  0.0000 ,  0.0000 ,  0.0000 ,  0.0000 ,
  0.0000 ,  0.0000 ,  0.0000 ,  0.0000 ,  0.0000 ,  0.0000 ,
  0.0000 ,  0.0000 ,  0.0000 ,  0.0000 ,  0.0000 ,  0.0000 ,
  0.0000 ,  0.0000 ,  0.0000 ,  0.0000 ,  0.0000 ,  0.0000 ,
  0.0000 ,  0.0000 ,  0.0000 ,  0.0000 ,  0.0000 ,  0.0000 ,
  0.0000 ,  0.0000 ,  0.0000 ,  0.0000 ,  0.0000 ,  0.0000 ,
  0.0000 ,  0.0000 ,  0.0000 ,  0.0000 ,  0.0000 ,  0.0000 ,
  0.0000 ,  0.0000 ,  0.0000 ,  0.0000 ,  0.0000 ,  0.0000 ,
  0.0000 ,  0.0000 ,  0.0000 ,  0.0000 ,  0.0000 ,  0.0000 ,
  0.0000 ,  0.0000 ,  0.0000 ,  0.0000 ,  0.0000 ,  0.0000 ,
  0.0000 ,  0.0000 ,  0.0000 ,  0.0000 ,  0.0000 ,  0.0000 ,
  0.0000 ,  0.0000 ,  0.0000 ,  0.0000 ,  0.0000 ,  0.0000 ,
  0.0000 ,  0.0000 ,  0.0000 ,  0.0000 ,  0.0000 ,  0.0000 ,
  0.0000 ,  0.0000 ,  0.0000 ,  0.0000 ,  0.0000 ,  0.0000 ,
  0.0000 ,  0.0000 ,  0.0000 ,  0.0000 ,  0.0000 ,  0.0000 ,
  0.0000 ,  0.0000 ,  0.0000 ,  0.0000 ,  0.0000 ,  0.0000 ,
  0.0000 ,  0.0000 ,  0.0000 ,  0.0000 ,  0.0000 ,  0.0000 ,
  0.0000 ,  0.0000 ,  0.0000 ,  0.0000 ,  0.0000 ,  0.0000 ,
  0.0000 ,  0.0000 ,  0.0000 ,  0.0000 ,  0.0000 ,  0.0000 ,
  0.0000 ,  0.0000 ,  0.0000 ,  0.0000 ,  0.0000 ,  0.0000 ,
  0.0000 ,  0.0000 ,  0.0000 ,  0.0000 ,  0.0000 ,  0.0000 ,
  0.0000 ,  0.0000 ,  0.0000 ,  0.0000 ,  0.0000 ,  0.0000 ,
  0.0000 ,  0.0000 ,  0.0000 ,  0.0000 ,  0.0000 ,  0.0000 ,
  0.0000 ,  0.0000 ,  0.0000 ,  0.0000 ,  0.0000 ,  0.0000 ,
  0.0000 ,  0.0000 ,  0.0000 ,  0.0000 ,  0.0000 ,  0.0000 ,
  0.0000 ,  0.0000 ,  0.0000 ,  0.0000 ,  0.0000 ,  0.0000 ,
  0.0000 ,  0.0000 ,  0.0000 ,  0.0000 ,  0.0000 ,  0.0000 ,
  0.0000 ,  0.0000 ,  0.0000 ,  0.0000 ,  0.0000 ,  0.0000 ,
  0.0000 ,  0.0000 ,  0.0000 ,  0.0000 ,  0.0000 ,  0.0000 ,
  0.0000 ,  0.0000 ,  0.0000 ,  0.0000 ,  0.0000 ,  0.0000 ,
  0.0000 ,  0.0000 ,  0.0000 ,  0.0000 ,  0.0000 ,  0.0000 ,
  0.0000 ,  0.0000 ,  0.0000 ,  0.0000 ,  0.0000 ,  0.0000 ,
  0.0000 ,  0.0000 ,  0.0000 ,  0.0000 ,  0.0000 ,  0.0000 ,
  0.0000 ,  0.0000 ,  0.0000 ,  0.0000 ,  0.0000 ,  0.0000 ,
  0.0000 ,  0.0000 ,  0.0000 ,  0.0000 ,  0.0000 ,  0.0000 ,
  0.0000 ,  0.0000 ,  0.0000 ,  0.0000 ,  0.0000 ,  0.0000 ,
  0.0000 ,  0.0000 ,  0.0000 ,  0.0000 ,  0.0000 ,  0.0000 ,
  0.0000 ,  0.0000 ,  0.0000 ,  0.0000 ,  0.0000 ,  0.0000 ,
  0.0000 ,  0.0000 ,  0.0000 ,  0.0000 ,  0.0000 ,  0.0000 ,
  0.0000 ,  0.0000 ,  0.0000 ,  0.0000 ,  0.0000 ,  0.0000 ,
  0.0000 ,  0.0000 ,  0.0000 ,  0.0000 ,  0.0000 ,  0.0000 ,
  0.0000 ,  0.0000 ,  0.0000 ,  0.0000 ,  0.0000 ,  0.0000 ,
  0.0000 ,  0.0000 ,  0.0000 ,  0.0000 ,  0.0000 ,  0.0000 ,
  0.0000 ,  0.0000 ,  0.0000 ,  0.0000 ,  0.0000 ,  0.0000 ,
  0.0000 ,  0.0000 ,  0.0000 ,  0.0000 ,  0.0000 ,  0.0000 ,
  0.0000 ,  0.0000 ,  0.0000 ,  0.0000 ,  0.0000 ,  0.0000 ,
  0.0000 ,  0.0000 ,  0.0000 ,  0.0000 ,  0.0000 ,  0.0000 ,
  0.0000 ,  0.0000 ,  0.0000 ,  0.0000 ,  0.0000 ,  0.0000 ,
  0.0000 ,  0.0000 ,  0.0000 ,  0.0000 ,  0.0000 ,  0.0000 ,
  0.0000 ,  0.0000 ,  0.0000 ,  0.0000 ,  0.0000 ,  0.0000 ,
  0.0000 ,  0.0000 ,  0.0000 ,  0.0000 ,  0.0000 ,  0.0000 ,
  0.0000 ,  0.0000 ,  0.0000 ,  0.0000 ,  0.0000 ,  0.0000 ,
  0.0000 ,  0.0000 ,  0.0000 ,  0.0000 ,  0.0000 ,  0.0000 ,
  0.0000 ,  0.0000 ,  0.0000 ,  0.0000 ,  0.0000 ,  0.0000 ,
  0.0000 ,  0.0000 ,  0.0000 ,  0.0000 ,  0.0000 ,  0.0000 ,
  0.0000 ,  0.0000 ,  0.0000 ,  0.0000 ,  0.0000 ,  0.0000 ,
  0.0000 ,  0.0000 ,  0.0000 ,  0.0000 ,  0.0000 ,  0.0000 ,
  0.0000 ,  0.0000 ,  0.0000 ,  0.0000 ,  0.0000 ,  0.0000 ,
  0.0000 ,  0.0000 ,  0.0000 ,  0.0000 ,  0.0000 ,  0.0000 ,
  0.0000 ,  0.0000 ,  0.0000 ,  0.0000 ,  0.0000 ,  0.0000 ,
  0.0000 ,  0.0000 ,  0.0000 ,  0.0000 ,  0.0000 ,  0.0000 ,
  0.0000 ,  0.0000 ,  0.0000 ,  0.0000 ,  0.0000 ,  0.0000 ,
  0.0000 ,  0.0000 ,  0.0000 ,  0.0000 ,  0.0000 ,  0.0000 ,
  0.0000 ,  0.0000 ,  0.0000 ,  0.0000 ,  0.0000 ,  0.0000 ,
  0.0000 ,  0.0000 ,  0.0000 ,  0.0000 ,  0.0000 ,  0.0000 ,
  0.0000 ,  0.0000 ,  0.0000 ,  0.0000 ,  0.0000 ,  0.0000 ,
  0.0000 ,  0.0000 ,  0.0000 ,  0.0000 ,  0.0000 ,  0.0000 ,
  0.0000 ,  0.0000 ,  0.0000 ,  0.0000 ,  0.0000 ,  0.0000 ,
  0.0000 ,  0.0000 ,  0.0000 ,  0.0000 ,  0.0000 ,  0.0000 ,
  0.0000 ,  0.0000 ,  0.0000 ,  0.0000 ,  0.0000 ,  0.0000 ,
  0.0000 ,  0.0000 ,  0.0000 ,  0.0000 ,  0.0000 ,  0.0000 ,
  0.0000 ,  0.0000 ,  0.0000 ,  0.0000 ,  0.0000 ,  0.0000 ,
  0.0000 ,  0.0000 ,  0.0000 ,  0.0000 ,  0.0000 ,  0.0000 ,
  0.0000 ,  0.0000 ,  0.0000 ,  0.0000 ,  0.0000 ,  0.0000 ,
  0.0000 ,  0.0000 ,  0.0000 ,  0.0000 ,  0.0000 ,  0.0000 ,
  0.0000 ,  0.0000 ,  0.0000 ,  0.0000 ,  0.0000 ,  0.0000 ,
  0.0000 ,  0.0000 ,  0.0000 ,  0.0000 ,  0.0000 ,  0.0000 ,
  0.0000 ,  0.0000 ,  0.0000 ,  0.0000 ,  0.0000 ,  0.0000 ,
  0.0000 ,  0.0000 ,  0.0000 ,  0.0000 ,  0.0000 ,  0.0000 ,
  0.0000 ,  0.0000 ,  0.0000 ,  0.0000 ,  0.0000 ,  0.0000 ,
  0.0000 ,  0.0000 ,  0.0000 ,  0.0000 ,  0.0000 ,  0.0000 ,
  0.0000 ,  0.0000 ,  0.0000 ,  0.0000 ,  0.0000 ,  0.0000 ,
  0.0000 ,  0.0000 ,  0.0000 ,  0.0000 ,  0.0000 ,  0.0000 ,
  0.0000 ,  0.0000 ,  0.0000 ,  0.0000 ,  0.0000 ,  0.0000 ,
  0.0000 ,  0.0000 ,  0.0000 ,  0.0000 ,  0.0000 ,  0.0000 ,
  0.0000 ,  0.0000 ,  0.0000 ,  0.0000 ,  0.0000 ,  0.0000 ,
  0.0000 ,  0.0000 ,  0.0000 ,  0.0000 ,  0.0000 ,  0.0000 ,
  0.0000 ,  0.0000 ,  0.0000 ,  0.0000 ,  0.0000 ,  0.0000 ,
  0.0000 ,  0.0000 ,  0.0000 ,  0.0000 ,  0.0000 ,  0.0000 ,
  0.0000 ,  0.0000 ,  0.0000 ,  0.0000 ,  0.0000 ,  0.0000 ,
  0.0000 ,  0.0000 ,  0.0000 ,  0.0000 ,  0.0000 ,  0.0000 ,
  0.0000 ,  0.0000 ,  0.0000 ,  0.0000 ,  0.0000 ,  0.0000 ,
  0.0000 ,  0.0000 ,  0.0000 ,  0.0000 ,  0.0000 ,  0.0000 ,
  0.0000 ,  0.0000 ,  0.0000 ,  0.0000 ,  0.0000 ,  0.0000 ,
  0.0000 ,  0.0000 ,  0.0000 ,  0.0000 ,  0.0000 ,  0.0000 ,
  0.0000 ,  0.0000 ,  0.0000 ,  0.0000 ,  0.0000 ,  0.0000 ,
  0.0000 ,  0.0000 ,  0.0000 ,  0.0000 ,  0.0000 ,  0.0000 ,
  0.0000 ,  0.0000 ,  0.0000 ,  0.0000 ,  0.0000 ,  0.0000 ,
  0.0000 ,  0.0000 ,  0.0000 ,  0.0000 ,  0.0000 ,  0.0000 ,
  0.0000 ,  0.0000 ,  0.0000 ,  0.0000 ,  0.0000 ,  0.0000 ,
  0.0000 ,  0.0000 ,  0.0000 ,  0.0000 ,  0.0000 ,  0.0000 ,
  0.0000 ,  0.0000 ,  0.0000 ,  0.0000 ,  0.0000 ,  0.0000 ,
  0.0000 ,  0.0000 ,  0.0000 ,  0.0000 ,  0.0000 ,  0.0000 ,
  0.0000 ,  0.0000 ,  0.0000 ,  0.0000 ,  0.0000 ,  0.0000 ,
  0.0000 ,  0.0000 ,  0.0000 ,  0.0000 ,  0.0000 ,  0.0000 ,
  0.0000 ,  0.0000 ,  0.0000 ,  0.0000 ,  0.0000 ,  0.0000 ,
  0.0000 ,  0.0000 ,  0.0000 ,  0.0000 ,  0.0000 ,  0.0000 ,
  0.0000 ,  0.0000 ,  0.0000 ,  0.0000 ,  0.0000 ,  0.0000 ,
  0.0000 ,  0.0000 ,  0.0000 ,  0.0000 ,  0.0000 ,  0.0000 ,
  0.0000 ,  0.0000 ,  0.0000 ,  0.0000 ,  0.0000 ,  0.0000 ,
  0.0000 ,  0.0000 ,  0.0000 ,  0.0000 ,  0.0000 ,  0.0000 ,
  0.0000 ,  0.0000 ,  0.0000 ,  0.0000 ,  0.0000 ,  0.0000 ,
  0.0000 ,  0.0000 ,  0.0000 ,  0.0000 ,  0.0000 ,  0.0000 ,
  0.0000 ,  0.0000 ,  0.0000 ,  0.0000 ,  0.0000 ,  0.0000 ,
  0.0000 ,  0.0000 ,  0.0000 ,  0.0000 ,  0.0000 ,  0.0000 ,
  0.0000 ,  0.0000 ,  0.0000 ,  0.0000 ,  0.0000 ,  0.0000 ,
  0.0000 ,  0.0000 ,  0.0000 ,  0.0000 ,  0.0000 ,  0.0000 ,
  0.0000 ,  0.0000 ,  0.0000 ,  0.0000 ,  0.0000 ,  0.0000 ,
  0.0000 ,  0.0000 ,  0.0000 ,  0.0000 ,  0.0000 ,  0.0000 ,
  0.0000 ,  0.0000 ,  0.0000 ,  0.0000 ,  0.0000 ,  0.0000 ,
  0.0000 ,  0.0000 ,  0.0000 ,  0.0000 ,  0.0000 ,  0.0000 ,
  0.0000 ,  0.0000 ,  0.0000 ,  0.0000 ,  0.0000 ,  0.0000 ,
  0.0000 ,  0.0000 ,  0.0000 ,  0.0000 ,  0.0000 ,  0.0000 ,
  0.0000 ,  0.0000 ,  0.0000 ,  0.0000 ,  0.0000 ,  0.0000 ,
  0.0000 ,  0.0000 ,  0.0000 ,  0.0000 ,  0.0000 ,  0.0000 ,
  0.0000 ,  0.0000 ,  0.0000 ,  0.0000 ,  0.0000 ,  0.0000 ,
  0.0000 ,  0.0000 ,  0.0000 ,  0.0000 ,  0.0000 ,  0.0000 ,
  0.0000 ,  0.0000 ,  0.0000 ,  0.0000 ,  0.0000 ,  0.0000 ,
  0.0000 ,  0.0000 ,  0.0000 ,  0.0000 ,  0.0000 ,  0.0000 ,
  0.0000 ,  0.0000 ,  0.0000 ,  0.0000 ,  0.0000 ,  0.0000 ,
  0.0000 ,  0.0000 ,  0.0000 ,  0.0000 ,  0.0000 ,  0.0000 ,
  0.0000 ,  0.0000 ,  0.0000 ,  0.0000 ,  0.0000 ,  0.0000 ,
  0.0000 ,  0.0000 ,  0.0000 ,  0.0000 ,  0.0000 ,  0.0000 ,
  0.0000 ,  0.0000 ,  0.0000 ,  0.0000 ,  0.0000 ,  0.0000 ,
  0.0000 ,  0.0000 ,  0.0000 ,  0.0000 ,  0.0000 ,  0.0000 ,
  0.0000 ,  0.0000 ,  0.0000 ,  0.0000 ,  0.0000 ,  0.0000 ,
  0.0000 ,  0.0000 ,  0.0000 ,  0.0000 ,  0.0000 ,  0.0000 ,
  0.0000 ,  0.0000 ,  0.0000 ,  0.0000 ,  0.0000 ,  0.0000 ,
  0.0000 ,  0.0000 ,  0.0000 ,  0.0000 ,  0.0000 ,  0.0000 ,
  0.0000 ,  0.0000 ,  0.0000 ,  0.0000 ,  0.0000 ,  0.0000 ,
  0.0000 ,  0.0000 ,  0.0000 ,  0.0000 ,  0.0000 ,  0.0000 ,
  0.0000 ,  0.0000 ,  0.0000 ,  0.0000 ,  0.0000 ,  0.0000 ,
  0.0000 ,  0.0000 ,  0.0000 ,  0.0000 ,  0.0000 ,  0.0000 ,
  0.0000 ,  0.0000 ,  0.0000 ,  0.0000 ,  0.0000 ,  0.0000 ,
  0.0000 ,  0.0000 ,  0.0000 ,  0.0000 ,  0.0000 ,  0.0000 ,
  0.0000 ,  0.0000 ,  0.0000 ,  0.0000 ,  0.0000 ,  0.0000 ,
  0.0000 ,  0.0000 ,  0.0000 ,  0.0000 ,  0.0000 ,  0.0000 ,
  0.0000 ,  0.0000 ,  0.0000 ,  0.0000 ,  0.0000 ,  0.0000 ,
  0.0000 ,  0.0000 ,  0.0000 ,  0.0000 ,  0.0000 ,  0.0000 ,
  0.0000 ,  0.0000 ,  0.0000 ,  0.0000 ,  0.0000 ,  0.0000 ,
  0.0000 ,  0.0000 ,  0.0000 ,  0.0000 ,  0.0000 ,  0.0000 ,
  0.0000 ,  0.0000 ,  0.0000 ,  0.0000 ,  0.0000 ,  0.0000 ,
  0.0000 ,  0.0000 ,  0.0000 ,  0.0000 ,  0.0000 ,  0.0000 ,
  0.0000 ,  0.0000 ,  0.0000 ,  0.0000 ,  0.0000 ,  0.0000 ,
  0.0000 ,  0.0000 ,  0.0000 ,  0.0000 ,  0.0000 ,  0.0000 ,
  0.0000 ,  0.0000 ,  0.0000 ,  0.0000 ,  0.0000 ,  0.0000 ,
  0.0000 ,  0.0000 ,  0.0000 ,  0.0000 ,  0.0000 ,  0.0000 ,
  0.0000 ,  0.0000 ,  0.0000 ,  0.0000 ,  0.0000 ,  0.0000 ,
  0.0000 ,  0.0000 ,  0.0000 ,  0.0000 ,  0.0000 ,  0.0000 ,
  0.0000 ,  0.0000 ,  0.0000 ,  0.0000 ,  0.0000 ,  0.0000 ,
  0.0000 ,  0.0000 ,  0.0000 ,  0.0000 ,  0.0000 ,  0.0000 ,
  0.0000 ,  0.0000 ,  0.0000 ,  0.0000 ,  0.0000 ,  0.0000 ,
  0.0000 ,  0.0000 ,  0.0000 ,  0.0000 ,  0.0000 ,  0.0000 ,
  0.0000 ,  0.0000 ,  0.0000 ,  0.0000 ,  0.0000 ,  0.0000 ,
  0.0000 ,  0.0000 ,  0.0000 ,  0.0000 ,  0.0000 ,  0.0000 ,
  0.0000 ,  0.0000 ,  0.0000 ,  0.0000 ,  0.0000 ,  0.0000 ,
  0.0000 ,  0.0000 ,  0.0000 ,  0.0000 ,  0.0000 ,  0.0000 ,
  0.0000 ,  0.0000 ,  0.0000 ,  0.0000 ,  0.0000 ,  0.0000 ,
  0.0000 ,  0.0000 ,  0.0000 ,  0.0000 ,  0.0000 ,  0.0000 ,
  0.0000 ,  0.0000 ,  0.0000 ,  0.0000 ,  0.0000 ,  0.0000 ,
  0.0000 ,  0.0000 ,  0.0000 ,  0.0000 ,  0.0000 ,  0.0000 ,
  0.0000 ,  0.0000 ,  0.0000 ,  0.0000 ,  0.0000 ,  0.0000 ,
  0.0000 ,  0.0000 ,  0.0000 ,  0.0000 ,  0.0000 ,  0.0000 ,
  0.0000 ,  0.0000 ,  0.0000 ,  0.0000 ,  0.0000 ,  0.0000 ,
  0.0000 ,  0.0000 ,  0.0000 ,  0.0000 ,  0.0000 ,  0.0000 ,
  0.0000 ,  0.0000 ,  0.0000 ,  0.0000 ,  0.0000 ,  0.0000 ,
  0.0000 ,  0.0000 ,  0.0000 ,  0.0000 ,  0.0000 ,  0.0000 ,
  0.0000 ,  0.0000 ,  0.0000 ,  0.0000 ,  0.0000 ,  0.0000 ,
  0.0000 ,  0.0000 ,  0.0000 ,  0.0000 ,  0.0000 ,  0.0000 ,
  0.0000 ,  0.0000 ,  0.0000 ,  0.0000 ,  0.0000 ,  0.0000 ,
  0.0000 ,  0.0000 ,  0.0000 ,  0.0000 ,  0.0000 ,  0.0000 ,
  0.0000 ,  0.0000 ,  0.0000 ,  0.0000 ,  0.0000 ,  0.0000 ,
  0.0000 ,  0.0000 ,  0.0000 ,  0.0000 ,  0.0000 ,  0.0000 ,
  0.0000 ,  0.0000 ,  0.0000 ,  0.0000 ,  0.0000 ,  0.0000 ,
  0.0000 ,  0.0000 ,  0.0000 ,  0.0000 ,  0.0000 ,  0.0000 ,
  0.0000 ,  0.0000 ,  0.0000 ,  0.0000 ,  0.0000 ,  0.0000 ,
  0.0000 ,  0.0000 ,  0.0000 ,  0.0000 ,  0.0000 ,  0.0000 ,
  0.0000 ,  0.0000 ,  0.0000 ,  0.0000 ,  0.0000 ,  0.0000 ,
  0.0000 ,  0.0000 ,  0.0000 ,  0.0000 ,  0.0000 ,  0.0000 ,
  0.0000 ,  0.0000 ,  0.0000 ,  0.0000 ,  0.0000 ,  0.0000 ,
  0.0000 ,  0.0000 ,  0.0000 ,  0.0000 ,  0.0000 ,  0.0000 ,
  0.0000 ,  0.0000 ,  0.0000 ,  0.0000 ,  0.0000 ,  0.0000 ,
  0.0000 ,  0.0000 ,  0.0000 ,  0.0000 ,  0.0000 ,  0.0000 ,
  0.0000 ,  0.0000 ,  0.0000 ,  0.0000 ,  0.0000 ,  0.0000 ,
  0.0000 ,  0.0000 ,  0.0000 ,  0.0000 ,  0.0000 ,  0.0000 ,
  0.0000 ,  0.0000 ,  0.0000 ,  0.0000 ,  0.0000 ,  0.0000 ,
  0.0000 ,  0.0000 ,  0.0000 ,  0.0000 ,  0.0000 ,  0.0000 ,
  0.0000 ,  0.0000 ,  0.0000 ,  0.0000 ,  0.0000 ,  0.0000 ,
  0.0000 ,  0.0000 ,  0.0000 ,  0.0000 ,  0.0000 ,  0.0000 ,
  0.0000 ,  0.0000 ,  0.0000 ,  0.0000 ,  0.0000 ,  0.0000 ,
  0.0000 ,  0.0000 ,  0.0000 ,  0.0000 ,  0.0000 ,  0.0000 ,
  0.0000 ,  0.0000 ,  0.0000 ,  0.0000 ,  0.0000 ,  0.0000 ,
  0.0000 ,  0.0000 ,  0.0000 ,  0.0000 ,  0.0000 ,  0.0000 ,
  0.0000 ,  0.0000 ,  0.0000 ,  0.0000 ,  0.0000 ,  0.0000 ,
  0.0000 ,  0.0000 ,  0.0000 ,  0.0000 ,  0.0000 ,  0.0000 ,
  0.0000 ,  0.0000 ,  0.0000 ,  0.0000 ,  0.0000 ,  0.0000 ,
  0.0000 ,  0.0000 ,  0.0000 ,  0.0000 ,  0.0000 ,  0.0000 ,
  0.0000 ,  0.0000 ,  0.0000 ,  0.0000 ,  0.0000 ,  0.0000 ,
  0.0000 ,  0.0000 ,  0.0000 ,  0.0000 ,  0.0000 ,  0.0000 ,
  0.0000 ,  0.0000 ,  0.0000 ,  0.0000 ,  0.0000 ,  0.0000 ,
  0.0000 ,  0.0000 ,  0.0000 ,  0.0000 ,  0.0000 ,  0.0000 ,
  0.0000 ,  0.0000 ,  0.0000 ,  0.0000 ,  0.0000 ,  0.0000 ,
  0.0000 ,  0.0000 ,  0.0000 ,  0.0000 ,  0.0000 ,  0.0000 ,
  0.0000 ,  0.0000 ,  0.0000 ,  0.0000 ,  0.0000 ,  0.0000 ,
  0.0000 ,  0.0000 ,  0.0000 ,  0.0000 ,  0.0000 ,  0.0000 ,
  0.0000 ,  0.0000 ,  0.0000 ,  0.0000 ,  0.0000 ,  0.0000 ,
  0.0000 ,  0.0000 ,  0.0000 ,  0.0000 ,  0.0000 ,  0.0000 ,
  0.0000 ,  0.0000 ,  0.0000 ,  0.0000 ,  0.0000 ,  0.0000 ,
  0.0000 ,  0.0000 ,  0.0000 ,  0.0000 ,  0.0000 ,  0.0000 ,
  0.0000 ,  0.0000 ,  0.0000 ,  0.0000 ,  0.0000 ,  0.0000 ,
  0.0000 ,  0.0000 ,  0.0000 ,  0.0000 ,  0.0000 ,  0.0000 ,
  0.0000 ,  0.0000 ,  0.0000 ,  0.0000 ,  0.0000 ,  0.0000 ,
  0.0000 ,  0.0000 ,  0.0000 ,  0.0000 ,  0.0000 ,  0.0000 ,
  0.0000 ,  0.0000 ,  0.0000 ,  0.0000 ,  0.0000 ,  0.0000 ,
  0.0000 ,  0.0000 ,  0.0000 ,  0.0000 ,  0.0000 ,  0.0000 ,
  0.0000 ,  0.0000 ,  0.0000 ,  0.0000 ,  0.0000 ,  0.0000 ,
  0.0000 ,  0.0000 ,  0.0000 ,  0.0000 ,  0.0000 ,  0.0000 ,
  0.0000 ,  0.0000 ,  0.0000 ,  0.0000 ,  0.0000 ,  0.0000 ,
  0.0000 ,  0.0000 ,  0.0000 ,  0.0000 ,  0.0000 ,  0.0000 ,
  0.0000 ,  0.0000 ,  0.0000 ,  0.0000 ,  0.0000 ,  0.0000 ,
  0.0000 ,  0.0000 ,  0.0000 ,  0.0000 ,  0.0000 ,  0.0000 ,
  0.0000 ,  0.0000 ,  0.0000 ,  0.0000 ,  0.0000 ,  0.0000 ,
  0.0000 ,  0.0000 ,  0.0000 ,  0.0000 ,  0.0000 ,  0.0000 ,
  0.0000 ,  0.0000 ,  0.0000 ,  0.0000 ,  0.0000 ,  0.0000 ,
  0.0000 ,  0.0000 ,  0.0000 ,  0.0000 ,  0.0000 ,  0.0000 ,
  0.0000 ,  0.0000 ,  0.0000 ,  0.0000 ,  0.0000 ,  0.0000 ,
  0.0000 ,  0.0000 ,  0.0000 ,  0.0000 ,  0.0000 ,  0.0000 ,
  0.0000 ,  0.0000 ,  0.0000 ,  0.0000 ,  0.0000 ,  0.0000 ,
  0.0000 ,  0.0000 ,  0.0000 ,  0.0000 ,  0.0000 ,  0.0000 ,
  0.0000 ,  0.0000 ,  0.0000 ,  0.0000 ,  0.0000 ,  0.0000 ,
  0.0000 ,  0.0000 ,  0.0000 ,  0.0000 ,  0.0000 ,  0.0000 ,
  0.0000 ,  0.0000 ,  0.0000 ,  0.0000 ,  0.0000 ,  0.0000 ,
  0.0000 ,  0.0000 ,  0.0000 ,  0.0000 ,  0.0000 ,  0.0000 ,
  0.0000 ,  0.0000 ,  0.0000 ,  0.0000 ,  0.0000 ,  0.0000 ,
  0.0000 ,  0.0000 ,  0.0000 ,  0.0000 ,  0.0000 ,  0.0000 ,
  0.0000 ,  0.0000 ,  0.0000 ,  0.0000 ,  0.0000 ,  0.0000 ,
  0.0000 ,  0.0000 ,  0.0000 ,  0.0000 ,  0.0000 ,  0.0000 ,
  0.0000 ,  0.0000 ,  0.0000 ,  0.0000 ,  0.0000 ,  0.0000 ,
  0.0000 ,  0.0000 ,  0.0000 ,  0.0000 ,  0.0000 ,  0.0000 ,
  0.0000 ,  0.0000 ,  0.0000 ,  0.0000 ,  0.0000 ,  0.0000 ,
  0.0000 ,  0.0000 ,  0.0000 ,  0.0000 ,  0.0000 ,  0.0000 ,
  0.0000 ,  0.0000 ,  0.0000 ,  0.0000 ,  0.0000 ,  0.0000 ,
  0.0000 ,  0.0000 ,  0.0000 ,  0.0000 ,  0.0000 ,  0.0000 ,
  0.0000 ,  0.0000 ,  0.0000 ,  0.0000 ,  0.0000 ,  0.0000 ,
  0.0000 ,  0.0000 ,  0.0000 ,  0.0000 ,  0.0000 ,  0.0000 ,
  0.0000 ,  0.0000 ,  0.0000 ,  0.0000 ,  0.0000 ,  0.0000 ,
  0.0000 ,  0.0000 ,  0.0000 ,  0.0000 ,  0.0000 ,  0.0000 ,
  0.0000 ,  0.0000 ,  0.0000 ,  0.0000 ,  0.0000 ,  0.0000 ,
  0.0000 ,  0.0000 ,  0.0000 ,  0.0000 ,  0.0000 ,  0.0000 ,
  0.0000 ,  0.0000 ,  0.0000 ,  0.0000 ,  0.0000 ,  0.0000 ,
  0.0000 ,  0.0000 ,  0.0000 ,  0.0000 ,  0.0000 ,  0.0000 ,
  0.0000 ,  0.0000 ,  0.0000 ,  0.0000 ,  0.0000 ,  0.0000 ,
  0.0000 ,  0.0000 ,  0.0000 ,  0.0000 ,  0.0000 ,  0.0000 ,
  0.0000 ,  0.0000 ,  0.0000 ,  0.0000 ,  0.0000 ,  0.0000 ,
  0.0000 ,  0.0000 ,  0.0000 ,  0.0000 ,  0.0000 ,  0.0000 ,
  0.0000 ,  0.0000 ,  0.0000 ,  0.0000 ,  0.0000 ,  0.0000 ,
  0.0000 ,  0.0000 ,  0.0000 ,  0.0000 ,  0.0000 ,  0.0000 ,
  0.0000 ,  0.0000 ,  0.0000 ,  0.0000 ,  0.0000 ,  0.0000 ,
  0.0000 ,  0.0000 ,  0.0000 ,  0.0000 ,  0.0000 ,  0.0000 ,
  0.0000 ,  0.0000 ,  0.0000 ,  0.0000 ,  0.0000 ,  0.0000 ,
  0.0000 ,  0.0000 ,  0.0000 ,  0.0000 ,  0.0000 ,  0.0000 ,
  0.0000 ,  0.0000 ,  0.0000 ,  0.0000 ,  0.0000 ,  0.0000 ,
  0.0000 ,  0.0000 ,  0.0000 ,  0.0000 ,  0.0000 ,  0.0000 ,
  0.0000 ,  0.0000 ,  0.0000 ,  0.0000 ,  0.0000 ,  0.0000 ,
  0.0000 ,  0.0000 ,  0.0000 ,  0.0000 ,  0.0000 ,  0.0000 ,
  0.0000 ,  0.0000 ,  0.0000 ,  0.0000 ,  0.0000 ,  0.0000 ,
  0.0000 ,  0.0000 ,  0.0000 ,  0.0000 ,  0.0000 ,  0.0000 ,
  0.0000 ,  0.0000 ,  0.0000 ,  0.0000 ,  0.0000 ,  0.0000 ,
  0.0000 ,  0.0000 ,  0.0000 ,  0.0000 ,  0.0000 ,  0.0000 ,
  0.0000 ,  0.0000 ,  0.0000 ,  0.0000 ,  0.0000 ,  0.0000 ,
  0.0000 ,  0.0000 ,  0.0000 ,  0.0000 ,  0.0000 ,  0.0000 ,
  0.0000 ,  0.0000 ,  0.0000 ,  0.0000 ,  0.0000 ,  0.0000 ,
  0.0000 ,  0.0000 ,  0.0000 ,  0.0000 ,  0.0000 ,  0.0000 ,
  0.0000 ,  0.0000 ,  0.0000 ,  0.0000 ,  0.0000 ,  0.0000 ,
  0.0000 ,  0.0000 ,  0.0000 ,  0.0000 ,  0.0000 ,  0.0000 ,
  0.0000 ,  0.0000 ,  0.0000 ,  0.0000 ,  0.0000 ,  0.0000 ,
  0.0000 ,  0.0000 ,  0.0000 ,  0.0000 ,  0.0000 ,  0.0000 ,
  0.0000 ,  0.0000 ,  0.0000 ,  0.0000 ,  0.0000 ,  0.0000 ,
  0.0000 ,  0.0000 ,  0.0000 ,  0.0000 ,  0.0000 ,  0.0000 ,
  0.0000 ,  0.0000 ,  0.0000 ,  0.0000 ,  0.0000 ,  0.0000 ,
  0.0000 ,  0.0000 ,  0.0000 ,  0.0000 ,  0.0000 ,  0.0000 ,
  0.0000 ,  0.0000 ,  0.0000 ,  0.0000 ,  0.0000 ,  0.0000 ,
  0.0000 ,  0.0000 ,  0.0000 ,  0.0000 ,  0.0000 ,  0.0000 ,
  0.0000 ,  0.0000 ,  0.0000 ,  0.0000 ,  0.0000 ,  0.0000 ,
  0.0000 ,  0.0000 ,  0.0000 ,  0.0000 ,  0.0000 ,  0.0000 ,
  0.0000 ,  0.0000 ,  0.0000 ,  0.0000 ,  0.0000 ,  0.0000 ,
  0.0000 ,  0.0000 ,  0.0000 ,  0.0000 ,  0.0000 ,  0.0000 ,
  0.0000 ,  0.0000 ,  0.0000 ,  0.0000 ,  0.0000 ,  0.0000 ,
  0.0000 ,  0.0000 ,  0.0000 ,  0.0000 ,  0.0000 ,  0.0000 ,
  0.0000 ,  0.0000 ,  0.0000 ,  0.0000 ,  0.0000 ,  0.0000 ,
  0.0000 ,  0.0000 ,  0.0000 ,  0.0000 ,  0.0000 ,  0.0000 ,
  0.0000 ,  0.0000 ,  0.0000 ,  0.0000 ,  0.0000 ,  0.0000 ,
  0.0000 ,  0.0000 ,  0.0000 ,  0.0000 ,  0.0000 ,  0.0000 ,
  0.0000 ,  0.0000 ,  0.0000 ,  0.0000 ,  0.0000 ,  0.0000 ,
  0.0000 ,  0.0000 ,  0.0000 ,  0.0000 ,  0.0000 ,  0.0000 ,
  0.0000 ,  0.0000 ,  0.0000 ,  0.0000 ,  0.0000 ,  0.0000 ,
  0.0000 ,  0.0000 ,  0.0000 ,  0.0000 ,  0.0000 ,  0.0000 ,
  0.0000 ,  0.0000 ,  0.0000 ,  0.0000 ,  0.0000 ,  0.0000 ,
  0.0000 ,  0.0000 ,  0.0000 ,  0.0000 ,  0.0000 ,  0.0000 ,
  0.0000 ,  0.0000 ,  0.0000 ,  0.0000 ,  0.0000 ,  0.0000 ,
  0.0000 ,  0.0000 ,  0.0000 ,  0.0000 ,  0.0000 ,  0.0000 ,
  0.0000 ,  0.0000 ,  0.0000 ,  0.0000 ,  0.0000 ,  0.0000 ,
  0.0000 ,  0.0000 ,  0.0000 ,  0.0000 ,  0.0000 ,  0.0000 ,
  0.0000 ,  0.0000 ,  0.0000 ,  0.0000 ,  0.0000 ,  0.0000 ,
  0.0000 ,  0.0000 ,  0.0000 ,  0.0000 ,  0.0000 ,  0.0000 ,
  0.0000 ,  0.0000 ,  0.0000 ,  0.0000 ,  0.0000 ,  0.0000 ,
  0.0000 ,  0.0000 ,  0.0000 ,  0.0000 ,  0.0000 ,  0.0000 ,
  0.0000 ,  0.0000 ,  0.0000 ,  0.0000 ,  0.0000 ,  0.0000 ,
  0.0000 ,  0.0000 ,  0.0000 ,  0.0000 ,  0.0000 ,  0.0000 ,
  0.0000 ,  0.0000 ,  0.0000 ,  0.0000 ,  0.0000 ,  0.0000 ,
  0.0000 ,  0.0000 ,  0.0000 ,  0.0000 ,  0.0000 ,  0.0000 ,
  0.0000 ,  0.0000 ,  0.0000 ,  0.0000 ,  0.0000 ,  0.0000 ,
  0.0000 ,  0.0000 ,  0.0000 ,  0.0000 ,  0.0000 ,  0.0000 ,
  0.0000 ,  0.0000 ,  0.0000 ,  0.0000 ,  0.0000 ,  0.0000 ,
  0.0000 ,  0.0000 ,  0.0000 ,  0.0000 ,  0.0000 ,  0.0000 ,
  0.0000 ,  0.0000 ,  0.0000 ,  0.0000 ,  0.0000 ,  0.0000 ,
  0.0000 ,  0.0000 ,  0.0000 ,  0.0000 ,  0.0000 ,  0.0000 ,
  0.0000 ,  0.0000 ,  0.0000 ,  0.0000 ,  0.0000 ,  0.0000 ,
  0.0000 ,  0.0000 ,  0.0000 ,  0.0000 ,  0.0000 ,  0.0000 ,
  0.0000 ,  0.0000 ,  0.0000 ,  0.0000 ,  0.0000 ,  0.0000 ,
  0.0000 ,  0.0000 ,  0.0000 ,  0.0000 ,  0.0000 ,  0.0000 ,
  0.0000 ,  0.0000 ,  0.0000 ,  0.0000 ,  0.0000 ,  0.0000 ,
  0.0000 ,  0.0000 ,  0.0000 ,  0.0000 ,  0.0000 ,  0.0000 ,
  0.0000 ,  0.0000 ,  0.0000 ,  0.0000 ,  0.0000 ,  0.0000 ,
  0.0000 ,  0.0000 ,  0.0000 ,  0.0000 ,  0.0000 ,  0.0000 ,
  0.0000 ,  0.0000 ,  0.0000 ,  0.0000 ,  0.0000 ,  0.0000 ,
  0.0000 ,  0.0000 ,  0.0000 ,  0.0000 ,  0.0000 ,  0.0000 ,
  0.0000 ,  0.0000 ,  0.0000 ,  0.0000 ,  0.0000 ,  0.0000 ,
  0.0000 ,  0.0000 ,  0.0000 ,  0.0000 ,  0.0000 ,  0.0000 ,
  0.0000 ,  0.0000 ,  0.0000 ,  0.0000 ,  0.0000 ,  0.0000 ,
  0.0000 ,  0.0000 ,  0.0000 ,  0.0000 ,  0.0000 ,  0.0000 ,
  0.0000 ,  0.0000 ,  0.0000 ,  0.0000 ,  0.0000 ,  0.0000 ,
  0.0000 ,  0.0000 ,  0.0000 ,  0.0000 ,  0.0000 ,  0.0000 ,
  0.0000 ,  0.0000 ,  0.0000 ,  0.0000 ,  0.0000 ,  0.0000 ,
  0.0000 ,  0.0000 ,  0.0000 ,  0.0000 ,  0.0000 ,  0.0000 ,
  0.0000 ,  0.0000 ,  0.0000 ,  0.0000 ,  0.0000 ,  0.0000 ,
  0.0000 ,  0.0000 ,  0.0000 ,  0.0000 ,  0.0000 ,  0.0000 ,
  0.0000 ,  0.0000 ,  0.0000 ,  0.0000 ,  0.0000 ,  0.0000 ,
  0.0000 ,  0.0000 ,  0.0000 ,  0.0000 ,  0.0000 ,  0.0000 ,
  0.0000 ,  0.0000 ,  0.0000 ,  0.0000 ,  0.0000 ,  0.0000 ,
  0.0000 ,  0.0000 ,  0.0000 ,  0.0000 ,  0.0000 ,  0.0000 ,
  0.0000 ,  0.0000 ,  0.0000 ,  0.0000 ,  0.0000 ,  0.0000 ,
  0.0000 ,  0.0000 ,  0.0000 ,  0.0000 ,  0.0000 ,  0.0000 ,
  0.0000 ,  0.0000 ,  0.0000 ,  0.0000 ,  0.0000 ,  0.0000 ,
  0.0000 ,  0.0000 ,  0.0000 ,  0.0000 ,  0.0000 ,  0.0000 ,
  0.0000 ,  0.0000 ,  0.0000 ,  0.0000 ,  0.0000 ,  0.0000 ,
  0.0000 ,  0.0000 ,  0.0000 ,  0.0000 ,  0.0000 ,  0.0000 ,
  0.0000 ,  0.0000 ,  0.0000 ,  0.0000 ,  0.0000 ,  0.0000 ,
  0.0000 ,  0.0000 ,  0.0000 ,  0.0000 ,  0.0000 ,  0.0000 ,
  0.0000 ,  0.0000 ,  0.0000 ,  0.0000 ,  0.0000 ,  0.0000 ,
  0.0000 ,  0.0000 ,  0.0000 ,  0.0000 ,  0.0000 ,  0.0000 ,
  0.0000 ,  0.0000 ,  0.0000 ,  0.0000 ,  0.0000 ,  0.0000 ,
  0.0000 ,  0.0000 ,  0.0000 ,  0.0000 ,  0.0000 ,  0.0000 ,
  0.0000 ,  0.0000 ,  0.0000 ,  0.0000 ,  0.0000 ,  0.0000 ,
  0.0000 ,  0.0000 ,  0.0000 ,  0.0000 ,  0.0000 ,  0.0000 ,
  0.0000 ,  0.0000 ,  0.0000 ,  0.0000 ,  0.0000 ,  0.0000 ,
  0.0000 ,  0.0000 ,  0.0000 ,  0.0000 ,  0.0000 ,  0.0000 ,
  0.0000 ,  0.0000 ,  0.0000 ,  0.0000 ,  0.0000 ,  0.0000 ,
  0.0000 ,  0.0000 ,  0.0000 ,  0.0000 ,  0.0000 ,  0.0000 ,
  0.0000 ,  0.0000 ,  0.0000 ,  0.0000 ,  0.0000 ,  0.0000 ,
  0.0000 ,  0.0000 ,  0.0000 ,  0.0000 ,  0.0000 ,  0.0000 ,
  0.0000 ,  0.0000 ,  0.0000 ,  0.0000 ,  0.0000 ,  0.0000 ,
  0.0000 ,  0.0000 ,  0.0000 ,  0.0000 ,  0.0000 ,  0.0000 ,
  0.0000 ,  0.0000 ,  0.0000 ,  0.0000 ,  0.0000 ,  0.0000 ,
  0.0000 ,  0.0000 ,  0.0000 ,  0.0000 ,  0.0000 ,  0.0000 ,
  0.0000 ,  0.0000 ,  0.0000 ,  0.0000 ,  0.0000 ,  0.0000 ,
  0.0000 ,  0.0000 ,  0.0000 ,  0.0000 ,  0.0000 ,  0.0000 ,
  0.0000 ,  0.0000 ,  0.0000 ,  0.0000 ,  0.0000 ,  0.0000 ,
  0.0000 ,  0.0000 ,  0.0000 ,  0.0000 ,  0.0000 ,  0.0000 ,
  0.0000 ,  0.0000 ,  0.0000 ,  0.0000 ,  0.0000 ,  0.0000 ,
  0.0000 ,  0.0000 ,  0.0000 ,  0.0000 ,  0.0000 ,  0.0000 ,
  0.0000 ,  0.0000 ,  0.0000 ,  0.0000 ,  0.0000 ,  0.0000 ,
  0.0000 ,  0.0000 ,  0.0000 ,  0.0000 ,  0.0000 ,  0.0000 ,
  0.0000 ,  0.0000 ,  0.0000 ,  0.0000 ,  0.0000 ,  0.0000 ,
  0.0000 ,  0.0000 ,  0.0000 ,  0.0000 ,  0.0000 ,  0.0000 ,
  0.0000 ,  0.0000 ,  0.0000 ,  0.0000 ,  0.0000 ,  0.0000 ,
  0.0000 ,  0.0000 ,  0.0000 ,  0.0000 ,  0.0000 ,  0.0000 ,
  0.0000 ,  0.0000 ,  0.0000 ,  0.0000 ,  0.0000 ,  0.0000 ,
  0.0000 ,  0.0000 ,  0.0000 ,  0.0000 ,  0.0000 ,  0.0000 ,
  0.0000 ,  0.0000 ,  0.0000 ,  0.0000 ,  0.0000 ,  0.0000 ,
  0.0000 ,  0.0000 ,  0.0000 ,  0.0000 ,  0.0000 ,  0.0000 ,
  0.0000 ,  0.0000 ,  0.0000 ,  0.0000 ,  0.0000 ,  0.0000 ,
  0.0000 ,  0.0000 ,  0.0000 ,  0.0000 ,  0.0000 ,  0.0000 ,
  0.0000 ,  0.0000 ,  0.0000 ,  0.0000 ,  0.0000 ,  0.0000 ,
  0.0000 ,  0.0000 ,  0.0000 ,  0.0000 ,  0.0000 ,  0.0000 ,
  0.0000 ,  0.0000 ,  0.0000 ,  0.0000 ,  0.0000 ,  0.0000 ,
  0.0000 ,  0.0000 ,  0.0000 ,  0.0000 ,  0.0000 ,  0.0000 ,
  0.0000 ,  0.0000 ,  0.0000 ,  0.0000 ,  0.0000 ,  0.0000 ,
  0.0000 ,  0.0000 ,  0.0000 ,  0.0000 ,  0.0000 ,  0.0000 ,
  0.0000 ,  0.0000 ,  0.0000 ,  0.0000 ,  0.0000 ,  0.0000 ,
  0.0000 ,  0.0000 ,  0.0000 ,  0.0000 ,  0.0000 ,  0.0000 ,
  0.0000 ,  0.0000 ,  0.0000 ,  0.0000 ,  0.0000 ,  0.0000 ,
  0.0000 ,  0.0000 ,  0.0000 ,  0.0000 ,  0.0000 ,  0.0000 ,
  0.0000 ,  0.0000 ,  0.0000 ,  0.0000 ,  0.0000 ,  0.0000 ,
  0.0000 ,  0.0000 ,  0.0000 ,  0.0000 ,  0.0000 ,  0.0000 ,
  0.0000 ,  0.0000 ,  0.0000 ,  0.0000 ,  0.0000 ,  0.0000 ,
  0.0000 ,  0.0000 ,  0.0000 ,  0.0000 ,  0.0000 ,  0.0000 ,
  0.0000 ,  0.0000 ,  0.0000 ,  0.0000 ,  0.0000 ,  0.0000 ,
  0.0000 ,  0.0000 ,  0.0000 ,  0.0000 ,  0.0000 ,  0.0000 ,
  0.0000 ,  0.0000 ,  0.0000 ,  0.0000 ,  0.0000 ,  0.0000 ,
  0.0000 ,  0.0000 ,  0.0000 ,  0.0000 ,  0.0000 ,  0.0000 ,
  0.0000 ,  0.0000 ,  0.0000 ,  0.0000 ,  0.0000 ,  0.0000 ,
  0.0000 ,  0.0000 ,  0.0000 ,  0.0000 ,  0.0000 ,  0.0000 ,
  0.0000 ,  0.0000 ,  0.0000 ,  0.0000 ,  0.0000 ,  0.0000 ,
  0.0000 ,  0.0000 ,  0.0000 ,  0.0000 ,  0.0000 ,  0.0000 ,
  0.0000 ,  0.0000 ,  0.0000 ,  0.0000 ,  0.0000 ,  0.0000 ,
  0.0000 ,  0.0000 ,  0.0000 ,  0.0000 ,  0.0000 ,  0.0000 ,
  0.0000 ,  0.0000 ,  0.0000 ,  0.0000 ,  0.0000 ,  0.0000 ,
  0.0000 ,  0.0000 ,  0.0000 ,  0.0000 ,  0.0000 ,  0.0000 ,
  0.0000 ,  0.0000 ,  0.0000 ,  0.0000 ,  0.0000 ,  0.0000 ,
  0.0000 ,  0.0000 ,  0.0000 ,  0.0000 ,  0.0000 ,  0.0000 ,
  0.0000 ,  0.0000 ,  0.0000 ,  0.0000 ,  0.0000 ,  0.0000 ,
  0.0000 ,  0.0000 ,  0.0000 ,  0.0000 ,  0.0000 ,  0.0000 ,
  0.0000 ,  0.0000 ,  0.0000 ,  0.0000 ,  0.0000 ,  0.0000 ,
  0.0000 ,  0.0000 ,  0.0000 ,  0.0000 ,  0.0000 ,  0.0000 ,
  0.0000 ,  0.0000 ,  0.0000 ,  0.0000 ,  0.0000 ,  0.0000 ,
  0.0000 ,  0.0000 ,  0.0000 ,  0.0000 ,  0.0000 ,  0.0000 ,
  0.0000 ,  0.0000 ,  0.0000 ,  0.0000 ,  0.0000 ,  0.0000 ,
  0.0000 ,  0.0000 ,  0.0000 ,  0.0000 ,  0.0000 ,  0.0000 ,
  0.0000 ,  0.0000 ,  0.0000 ,  0.0000 ,  0.0000 ,  0.0000 ,
  0.0000 ,  0.0000 ,  0.0000 ,  0.0000 ,  0.0000 ,  0.0000 ,
  0.0000 ,  0.0000 ,  0.0000 ,  0.0000 ,  0.0000 ,  0.0000 ,
  0.0000 ,  0.0000 ,  0.0000 ,  0.0000 ,  0.0000 ,  0.0000 ,
  0.0000 ,  0.0000 ,  0.0000 ,  0.0000 ,  0.0000 ,  0.0000 ,
  0.0000 ,  0.0000 ,  0.0000 ,  0.0000 ,  0.0000 ,  0.0000 ,
  0.0000 ,  0.0000 ,  0.0000 ,  0.0000 ,  0.0000 ,  0.0000 ,
  0.0000 ,  0.0000 ,  0.0000 ,  0.0000 ,  0.0000 ,  0.0000 ,
  0.0000 ,  0.0000 ,  0.0000 ,  0.0000 ,  0.0000 ,  0.0000 ,
  0.0000 ,  0.0000 ,  0.0000 ,  0.0000 ,  0.0000 ,  0.0000 ,
  0.0000 ,  0.0000 ,  0.0000 ,  0.0000 ,  0.0000 ,  0.0000 ,
  0.0000 ,  0.0000 ,  0.0000 ,  0.0000 ,  0.0000 ,  0.0000 ,
  0.0000 ,  0.0000 ,  0.0000 ,  0.0000 ,  0.0000 ,  0.0000 ,
  0.0000 ,  0.0000 ,  0.0000 ,  0.0000 ,  0.0000 ,  0.0000 ,
  0.0000 ,  0.0000 ,  0.0000 ,  0.0000 ,  0.0000 ,  0.0000 ,
  0.0000 ,  0.0000 ,  0.0000 ,  0.0000 ,  0.0000 ,  0.0000 ,
  0.0000 ,  0.0000 ,  0.0000 ,  0.0000 ,  0.0000 ,  0.0000 ,
  0.0000 ,  0.0000 ,  0.0000 ,  0.0000 ,  0.0000 ,  0.0000 ,
  0.0000 ,  0.0000 ,  0.0000 ,  0.0000 ,  0.0000 ,  0.0000 ,
  0.0000 ,  0.0000 ,  0.0000 ,  0.0000 ,  0.0000 ,  0.0000 ,
  0.0000 ,  0.0000 ,  0.0000 ,  0.0000 ,  0.0000 ,  0.0000 ,
  0.0000 ,  0.0000 ,  0.0000 ,  0.0000 ,  0.0000 ,  0.0000 ,
  0.0000 ,  0.0000 ,  0.0000 ,  0.0000 ,  0.0000 ,  0.0000 ,
  0.0000 ,  0.0000 ,  0.0000 ,  0.0000 ,  0.0000 ,  0.0000 ,
  0.0000 ,  0.0000 ,  0.0000 ,  0.0000 ,  0.0000 ,  0.0000 ,
  0.0000 ,  0.0000 ,  0.0000 ,  0.0000 ,  0.0000 ,  0.0000 ,
  0.0000 ,  0.0000 ,  0.0000 ,  0.0000 ,  0.0000 ,  0.0000 ,
  0.0000 ,  0.0000 ,  0.0000 ,  0.0000 ,  0.0000 ,  0.0000 ,
  0.0000 ,  0.0000 ,  0.0000 ,  0.0000 ,  0.0000 ,  0.0000 ,
  0.0000 ,  0.0000 ,  0.0000 ,  0.0000 ,  0.0000 ,  0.0000 ,
  0.0000 ,  0.0000 ,  0.0000 ,  0.0000 ,  0.0000 ,  0.0000 ,
  0.0000 ,  0.0000 ,  0.0000 ,  0.0000 ,  0.0000 ,  0.0000 ,
  0.0000 ,  0.0000 ,  0.0000 ,  0.0000 ,  0.0000 ,  0.0000 ,
  0.0000 ,  0.0000 ,  0.0000 ,  0.0000 ,  0.0000 ,  0.0000 ,
  0.0000 ,  0.0000 ,  0.0000 ,  0.0000 ,  0.0000 ,  0.0000 ,
  0.0000 ,  0.0000 ,  0.0000 ,  0.0000 ,  0.0000 ,  0.0000 ,
  0.0000 ,  0.0000 ,  0.0000 ,  0.0000 ,  0.0000 ,  0.0000 ,
  0.0000 ,  0.0000 ,  0.0000 ,  0.0000 ,  0.0000 ,  0.0000 ,
  0.0000 ,  0.0000 ,  0.0000 ,  0.0000 ,  0.0000 ,  0.0000 ,
  0.0000 ,  0.0000 ,  0.0000 ,  0.0000 ,  0.0000 ,  0.0000 ,
  0.0000 ,  0.0000 ,  0.0000 ,  0.0000 ,  0.0000 ,  0.0000 ,
  0.0000 ,  0.0000 ,  0.0000 ,  0.0000 ,  0.0000 ,  0.0000 ,
  0.0000 ,  0.0000 ,  0.0000 ,  0.0000 ,  0.0000 ,  0.0000 ,
  0.0000 ,  0.0000 ,  0.0000 ,  0.0000 ,  0.0000 ,  0.0000 ,
  0.0000 ,  0.0000 ,  0.0000 ,  0.0000 ,  0.0000 ,  0.0000 ,
  0.0000 ,  0.0000 ,  0.0000 ,  0.0000 ,  0.0000 ,  0.0000 ,
  0.0000 ,  0.0000 ,  0.0000 ,  0.0000 ,  0.0000 ,  0.0000 ,
  0.0000 ,  0.0000 ,  0.0000 ,  0.0000 ,  0.0000 ,  0.0000 ,
  0.0000 ,  0.0000 ,  0.0000 ,  0.0000 ,  0.0000 ,  0.0000 ,
  0.0000 ,  0.0000 ,  0.0000 ,  0.0000 ,  0.0000 ,  0.0000 ,
  0.0000 ,  0.0000 ,  0.0000 ,  0.0000 ,  0.0000 ,  0.0000 ,
  0.0000 ,  0.0000 ,  0.0000 ,  0.0000 ,  0.0000 ,  0.0000 ,
  0.0000 ,  0.0000 ,  0.0000 ,  0.0000 ,  0.0000 ,  0.0000 ,
  0.0000 ,  0.0000 ,  0.0000 ,  0.0000 ,  0.0000 ,  0.0000 ,
  0.0000 ,  0.0000 ,  0.0000 ,  0.0000 ,  0.0000 ,  0.0000 ,
  0.0000 ,  0.0000 ,  0.0000 ,  0.0000 ,  0.0000 ,  0.0000 ,
  0.0000 ,  0.0000 ,  0.0000 ,  0.0000 ,  0.0000 ,  0.0000 ,
  0.0000 ,  0.0000 ,  0.0000 ,  0.0000 ,  0.0000 ,  0.0000 ,
  0.0000 ,  0.0000 ,  0.0000 ,  0.0000 ,  0.0000 ,  0.0000 ,
  0.0000 ,  0.0000 ,  0.0000 ,  0.0000 ,  0.0000 ,  0.0000 ,
  0.0000 ,  0.0000 ,  0.0000 ,  0.0000 ,  0.0000 ,  0.0000 ,
  0.0000 ,  0.0000 ,  0.0000 ,  0.0000 ,  0.0000 ,  0.0000 ,
  0.0000 ,  0.0000 ,  0.0000 ,  0.0000 ,  0.0000 ,  0.0000 ,
  0.0000 ,  0.0000 ,  0.0000 ,  0.0000 ,  0.0000 ,  0.0000 ,
  0.0000 ,  0.0000 ,  0.0000 ,  0.0000 ,  0.0000 ,  0.0000 ,
  0.0000 ,  0.0000 ,  0.0000 ,  0.0000 ,  0.0000 ,  0.0000 ,
  0.0000 ,  0.0000 ,  0.0000 ,  0.0000 ,  0.0000 ,  0.0000 ,
  0.0000 ,  0.0000 ,  0.0000 ,  0.0000 ,  0.0000 ,  0.0000 ,
  0.0000 ,  0.0000 ,  0.0000 ,  0.0000 ,  0.0000 ,  0.0000 ,
  0.0000 ,  0.0000 ,  0.0000 ,  0.0000 ,  0.0000 ,  0.0000 ,
  0.0000 ,  0.0000 ,  0.0000 ,  0.0000 ,  0.0000 ,  0.0000 ,
  0.0000 ,  0.0000 ,  0.0000 ,  0.0000 ,  0.0000 ,  0.0000 ,
  0.0000 ,  0.0000 ,  0.0000 ,  0.0000 ,  0.0000 ,  0.0000 ,
  0.0000 ,  0.0000 ,  0.0000 ,  0.0000 ,  0.0000 ,  0.0000 ,
  0.0000 ,  0.0000 ,  0.0000 ,  0.0000 ,  0.0000 ,  0.0000 ,
  0.0000 ,  0.0000 ,  0.0000 ,  0.0000 ,  0.0000 ,  0.0000 ,
  0.0000 ,  0.0000 ,  0.0000 ,  0.0000 ,  0.0000 ,  0.0000 ,
  0.0000 ,  0.0000 ,  0.0000 ,  0.0000 ,  0.0000 ,  0.0000 ,
  0.0000 ,  0.0000 ,  0.0000 ,  0.0000 ,  0.0000 ,  0.0000 ,
  0.0000 ,  0.0000 ,  0.0000 ,  0.0000 ,  0.0000 ,  0.0000 ,
  0.0000 ,  0.0000 ,  0.0000 ,  0.0000 ,  0.0000 ,  0.0000 ,
  0.0000 ,  0.0000 ,  0.0000 ,  0.0000 ,  0.0000 ,  0.0000 ,
  0.0000 ,  0.0000 ,  0.0000 ,  0.0000 ,  0.0000 ,  0.0000 ,
  0.0000 ,  0.0000 ,  0.0000 ,  0.0000 ,  0.0000 ,  0.0000 ,
  0.0000 ,  0.0000 ,  0.0000 ,  0.0000 ,  0.0000 ,  0.0000 ,
  0.0000 ,  0.0000 ,  0.0000 ,  0.0000 ,  0.0000 ,  0.0000 ,
  0.0000 ,  0.0000 ,  0.0000 ,  0.0000 ,  0.0000 ,  0.0000 ,
  0.0000 ,  0.0000 ,  0.0000 ,  0.0000 ,  0.0000 ,  0.0000 ,
  0.0000 ,  0.0000 ,  0.0000 ,  0.0000 ,  0.0000 ,  0.0000 ,
  0.0000 ,  0.0000 ,  0.0000 ,  0.0000 ,  0.0000 ,  0.0000 ,
  0.0000 ,  0.0000 ,  0.0000 ,  0.0000 ,  0.0000 ,  0.0000 ,
  0.0000 ,  0.0000 ,  0.0000 ,  0.0000 ,  0.0000 ,  0.0000 ,
  0.0000 ,  0.0000 ,  0.0000 ,  0.0000 ,  0.0000 ,  0.0000 ,
  0.0000 ,  0.0000 ,  0.0000 ,  0.0000 ,  0.0000 ,  0.0000 ,
  0.0000 ,  0.0000 ,  0.0000 ,  0.0000 ,  0.0000 ,  0.0000 ,
  0.0000 ,  0.0000 ,  0.0000 ,  0.0000 ,  0.0000 ,  0.0000 ,
  0.0000 ,  0.0000 ,  0.0000 ,  0.0000 ,  0.0000 ,  0.0000 ,
  0.0000 ,  0.0000 ,  0.0000 ,  0.0000 ,  0.0000 ,  0.0000 ,
  0.0000 ,  0.0000 ,  0.0000 ,  0.0000 ,  0.0000 ,  0.0000 ,
  0.0000 ,  0.0000 ,  0.0000 ,  0.0000 ,  0.0000 ,  0.0000 ,
  0.0000 ,  0.0000 ,  0.0000 ,  0.0000 ,  0.0000 ,  0.0000 ,
  0.0000 ,  0.0000 ,  0.0000 ,  0.0000 ,  0.0000 ,  0.0000 ,
  0.0000 ,  0.0000 ,  0.0000 ,  0.0000 ,  0.0000 ,  0.0000 ,
  0.0000 ,  0.0000 ,  0.0000 ,  0.0000 ,  0.0000 ,  0.0000 ,
  0.0000 ,  0.0000 ,  0.0000 ,  0.0000 ,  0.0000 ,  0.0000 ,
  0.0000 ,  0.0000 ,  0.0000 ,  0.0000 ,  0.0000 ,  0.0000 ,
  0.0000 ,  0.0000 ,  0.0000 ,  0.0000 ,  0.0000 ,  0.0000 ,
  0.0000 ,  0.0000 ,  0.0000 ,  0.0000 ,  0.0000 ,  0.0000 ,
  0.0000 ,  0.0000 ,  0.0000 ,  0.0000 ,  0.0000 ,  0.0000 ,
  0.0000 ,  0.0000 ,  0.0000 ,  0.0000 ,  0.0000 ,  0.0000 ,
  0.0000 ,  0.0000 ,  0.0000 ,  0.0000 ,  0.0000 ,  0.0000 ,
  0.0000 ,  0.0000 ,  0.0000 ,  0.0000 ,  0.0000 ,  0.0000 ,
  0.0000 ,  0.0000 ,  0.0000 ,  0.0000 ,  0.0000 ,  0.0000 ,
  0.0000 ,  0.0000 ,  0.0000 ,  0.0000 ,  0.0000 ,  0.0000 ,
  0.0000 ,  0.0000 ,  0.0000 ,  0.0000 ,  0.0000 ,  0.0000 ,
  0.0000 ,  0.0000 ,  0.0000 ,  0.0000 ,  0.0000 ,  0.0000 ,
  0.0000 ,  0.0000 ,  0.0000 ,  0.0000 ,  0.0000 ,  0.0000 ,
  0.0000 ,  0.0000 ,  0.0000 ,  0.0000 ,  0.0000 ,  0.0000 ,
  0.0000 ,  0.0000 ,  0.0000 ,  0.0000 ,  0.0000 ,  0.0000 ,
  0.0000 ,  0.0000 ,  0.0000 ,  0.0000 ,  0.0000 ,  0.0000 ,
  0.0000 ,  0.0000 ,  0.0000 ,  0.0000 ,  0.0000 ,  0.0000 ,
  0.0000 ,  0.0000 ,  0.0000 ,  0.0000 ,  0.0000 ,  0.0000 ,
  0.0000 ,  0.0000 ,  0.0000 ,  0.0000 ,  0.0000 ,  0.0000 ,
  0.0000 ,  0.0000 ,  0.0000 ,  0.0000 ,  0.0000 ,  0.0000 ,
  0.0000 ,  0.0000 ,  0.0000 ,  0.0000 ,  0.0000 ,  0.0000 ,
  0.0000 ,  0.0000 ,  0.0000 ,  0.0000 ,  0.0000 ,  0.0000 ,
  0.0000 ,  0.0000 ,  0.0000 ,  0.0000 ,  0.0000 ,  0.0000 ,
  0.0000 ,  0.0000 ,  0.0000 ,  0.0000 ,  0.0000 ,  0.0000 ,
  0.0000 ,  0.0000 ,  0.0000 ,  0.0000 ,  0.0000 ,  0.0000 ,
  0.0000 ,  0.0000 ,  0.0000 ,  0.0000 ,  0.0000 ,  0.0000 ,
  0.0000 ,  0.0000 ,  0.0000 ,  0.0000 ,  0.0000 ,  0.0000 ,
  0.0000 ,  0.0000 ,  0.0000 ,  0.0000 ,  0.0000 ,  0.0000 ,
  0.0000 ,  0.0000 ,  0.0000 ,  0.0000 ,  0.0000 ,  0.0000 ,
  0.0000 ,  0.0000 ,  0.0000 ,  0.0000 ,  0.0000 ,  0.0000 ,
  0.0000 ,  0.0000 ,  0.0000 ,  0.0000 ,  0.0000 ,  0.0000 ,
  0.0000 ,  0.0000 ,  0.0000 ,  0.0000 ,  0.0000 ,  0.0000 ,
  0.0000 ,  0.0000 ,  0.0000 ,  0.0000 ,  0.0000 ,  0.0000 ,
  0.0000 ,  0.0000 ,  0.0000 ,  0.0000 ,  0.0000 ,  0.0000 ,
  0.0000 ,  0.0000 ,  0.0000 ,  0.0000 ,  0.0000 ,  0.0000 ,
  0.0000 ,  0.0000 ,  0.0000 ,  0.0000 ,  0.0000 ,  0.0000 ,
  0.0000 ,  0.0000 ,  0.0000 ,  0.0000 ,  0.0000 ,  0.0000 ,
  0.0000 ,  0.0000 ,  0.0000 ,  0.0000 ,  0.0000 ,  0.0000 ,
  0.0000 ,  0.0000 ,  0.0000 ,  0.0000 ,  0.0000 ,  0.0000 ,
  0.0000 ,  0.0000 ,  0.0000 ,  0.0000 ,  0.0000 ,  0.0000 ,
  0.0000 ,  0.0000 ,  0.0000 ,  0.0000 ,  0.0000 ,  0.0000 ,
  0.0000 ,  0.0000 ,  0.0000 ,  0.0000 ,  0.0000 ,  0.0000 ,
  0.0000 ,  0.0000 ,  0.0000 ,  0.0000 ,  0.0000 ,  0.0000 ,
  0.0000 ,  0.0000 ,  0.0000 ,  0.0000 ,  0.0000 ,  0.0000 ,
  0.0000 ,  0.0000 ,  0.0000 ,  0.0000 ,  0.0000 ,  0.0000 ,
  0.0000 ,  0.0000 ,  0.0000 ,  0.0000 ,  0.0000 ,  0.0000 ,
  0.0000 ,  0.0000 ,  0.0000 ,  0.0000 ,  0.0000 ,  0.0000 ,
  0.0000 ,  0.0000 ,  0.0000 ,  0.0000 ,  0.0000 ,  0.0000 ,
  0.0000 ,  0.0000 ,  0.0000 ,  0.0000 ,  0.0000 ,  0.0000 ,
  0.0000 ,  0.0000 ,  0.0000 ,  0.0000 ,  0.0000 ,  0.0000 ,
  0.0000 ,  0.0000 ,  0.0000 ,  0.0000 ,  0.0000 ,  0.0000 ,
  0.0000 ,  0.0000 ,  0.0000 ,  0.0000 ,  0.0000 ,  0.0000 ,
  0.0000 ,  0.0000 ,  0.0000 ,  0.0000 ,  0.0000 ,  0.0000 ,
  0.0000 ,  0.0000 ,  0.0000 ,  0.0000 ,  0.0000 ,  0.0000 ,
  0.0000 ,  0.0000 ,  0.0000 ,  0.0000 ,  0.0000 ,  0.0000 ,
  0.0000 ,  0.0000 ,  0.0000 ,  0.0000 ,  0.0000 ,  0.0000 ,
  0.0000 ,  0.0000 ,  0.0000 ,  0.0000 ,  0.0000 ,  0.0000 ,
  0.0000 ,  0.0000 ,  0.0000 ,  0.0000 ,  0.0000 ,  0.0000 ,
  0.0000 ,  0.0000 ,  0.0000 ,  0.0000 ,  0.0000 ,  0.0000 ,
  0.0000 ,  0.0000 ,  0.0000 ,  0.0000 ,  0.0000 ,  0.0000 ,
  0.0000 ,  0.0000 ,  0.0000 ,  0.0000 ,  0.0000 ,  0.0000 ,
  0.0000 ,  0.0000 ,  0.0000 ,  0.0000 ,  0.0000 ,  0.0000 ,
  0.0000 ,  0.0000 ,  0.0000 ,  0.0000 ,  0.0000 ,  0.0000 ,
  0.0000 ,  0.0000 ,  0.0000 ,  0.0000 ,  0.0000 ,  0.0000 ,
  0.0000 ,  0.0000 ,  0.0000 ,  0.0000 ,  0.0000 ,  0.0000 ,
  0.0000 ,  0.0000 ,  0.0000 ,  0.0000 ,  0.0000 ,  0.0000 ,
  0.0000 ,  0.0000 ,  0.0000 ,  0.0000 ,  0.0000 ,  0.0000 ,
  0.0000 ,  0.0000 ,  0.0000 ,  0.0000 ,  0.0000 ,  0.0000 ,
  0.0000 ,  0.0000 ,  0.0000 ,  0.0000 ,  0.0000 ,  0.0000 ,
  0.0000 ,  0.0000 ,  0.0000 ,  0.0000 ,  0.0000 ,  0.0000 ,
  0.0000 ,  0.0000 ,  0.0000 ,  0.0000 ,  0.0000 ,  0.0000 ,
  0.0000 ,  0.0000 ,  0.0000 ,  0.0000 ,  0.0000 ,  0.0000 ,
  0.0000 ,  0.0000 ,  0.0000 ,  0.0000 ,  0.0000 ,  0.0000 ,
  0.0000 ,  0.0000 ,  0.0000 ,  0.0000 ,  0.0000 ,  0.0000 ,
  0.0000 ,  0.0000 ,  0.0000 ,  0.0000 ,  0.0000 ,  0.0000 ,
  0.0000 ,  0.0000 ,  0.0000 ,  0.0000 ,  0.0000 ,  0.0000 ,
  0.0000 ,  0.0000 ,  0.0000 ,  0.0000 ,  0.0000 ,  0.0000 ,
  0.0000 ,  0.0000 ,  0.0000 ,  0.0000 ,  0.0000 ,  0.0000 ,
  0.0000 ,  0.0000 ,  0.0000 ,  0.0000 ,  0.0000 ,  0.0000 ,
  0.0000 ,  0.0000 ,  0.0000 ,  0.0000 ,  0.0000 ,  0.0000 ,
  0.0000 ,  0.0000 ,  0.0000 ,  0.0000 ,  0.0000 ,  0.0000 ,
  0.0000 ,  0.0000 ,  0.0000 ,  0.0000 ,  0.0000 ,  0.0000 ,
  0.0000 ,  0.0000 ,  0.0000 ,  0.0000 ,  0.0000 ,  0.0000 ,
  0.0000 ,  0.0000 ,  0.0000 ,  0.0000 ,  0.0000 ,  0.0000 ,
  0.0000 ,  0.0000 ,  0.0000 ,  0.0000 ,  0.0000 ,  0.0000 ,
  0.0000 ,  0.0000 ,  0.0000 ,  0.0000 ,  0.0000 ,  0.0000 ,
  0.0000 ,  0.0000 ,  0.0000 ,  0.0000 ,  0.0000 ,  0.0000 ,
  0.0000 ,  0.0000 ,  0.0000 ,  0.0000 ,  0.0000 ,  0.0000 ,
  0.0000 ,  0.0000 ,  0.0000 ,  0.0000 ,  0.0000 ,  0.0000 ,
  0.0000 ,  0.0000 ,  0.0000 ,  0.0000 ,  0.0000 ,  0.0000 ,
  0.0000 ,  0.0000 ,  0.0000 ,  0.0000 ,  0.0000 ,  0.0000 ,
  0.0000 ,  0.0000 ,  0.0000 ,  0.0000 ,  0.0000 ,  0.0000 ,
  0.0000 ,  0.0000 ,  0.0000 ,  0.0000 ,  0.0000 ,  0.0000 ,
  0.0000 ,  0.0000 ,  0.0000 ,  0.0000 ,  0.0000 ,  0.0000 ,
  0.0000 ,  0.0000 ,  0.0000 ,  0.0000 ,  0.0000 ,  0.0000 ,
  0.0000 ,  0.0000 ,  0.0000 ,  0.0000 ,  0.0000 ,  0.0000 ,
  0.0000 ,  0.0000 ,  0.0000 ,  0.0000 ,  0.0000 ,  0.0000 ,
  0.0000 ,  0.0000 ,  0.0000 ,  0.0000 ,  0.0000 ,  0.0000 ,
  0.0000 ,  0.0000 ,  0.0000 ,  0.0000 ,  0.0000 ,  0.0000 ,
  0.0000 ,  0.0000 ,  0.0000 ,  0.0000 ,  0.0000 ,  0.0000 ,
  0.0000 ,  0.0000 ,  0.0000 ,  0.0000 ,  0.0000 ,  0.0000 ,
  0.0000 ,  0.0000 ,  0.0000 ,  0.0000 ,  0.0000 ,  0.0000 ,
  0.0000 ,  0.0000 ,  0.0000 ,  0.0000 ,  0.0000 ,  0.0000 ,
  0.0000 ,  0.0000 ,  0.0000 ,  0.0000 ,  0.0000 ,  0.0000 ,
  0.0000 ,  0.0000 ,  0.0000 ,  0.0000 ,  0.0000 ,  0.0000 ,
  0.0000 ,  0.0000 ,  0.0000 ,  0.0000 ,  0.0000 ,  0.0000 ,
  0.0000 ,  0.0000 ,  0.0000 ,  0.0000 ,  0.0000 ,  0.0000 ,
  0.0000 ,  0.0000 ,  0.0000 ,  0.0000 ,  0.0000 ,  0.0000 ,
  0.0000 ,  0.0000 ,  0.0000 ,  0.0000 ,  0.0000 ,  0.0000 ,
  0.0000 ,  0.0000 ,  0.0000 ,  0.0000 ,  0.0000 ,  0.0000 ,
  0.0000 ,  0.0000 ,  0.0000 ,  0.0000 ,  0.0000 ,  0.0000 ,
  0.0000 ,  0.0000 ,  0.0000 ,  0.0000 ,  0.0000 ,  0.0000 ,
  0.0000 ,  0.0000 ,  0.0000 ,  0.0000 ,  0.0000 ,  0.0000 ,
  0.0000 ,  0.0000 ,  0.0000 ,  0.0000 ,  0.0000 ,  0.0000 ,
  0.0000 ,  0.0000 ,  0.0000 ,  0.0000 ,  0.0000 ,  0.0000 ,
  0.0000 ,  0.0000 ,  0.0000 ,  0.0000 ,  0.0000 ,  0.0000 ,
  0.0000 ,  0.0000 ,  0.0000 ,  0.0000 ,  0.0000 ,  0.0000 ,
  0.0000 ,  0.0000 ,  0.0000 ,  0.0000 ,  0.0000 ,  0.0000 ,
  0.0000 ,  0.0000 ,  0.0000 ,  0.0000 ,  0.0000 ,  0.0000 ,
  0.0000 ,  0.0000 ,  0.0000 ,  0.0000 ,  0.0000 ,  0.0000 ,
  0.0000 ,  0.0000 ,  0.0000 ,  0.0000 ,  0.0000 ,  0.0000 ,
  0.0000 ,  0.0000 ,  0.0000 ,  0.0000 ,  0.0000 ,  0.0000 ,
  0.0000 ,  0.0000 ,  0.0000 ,  0.0000 ,  0.0000 ,  0.0000 ,
  0.0000 ,  0.0000 ,  0.0000 ,  0.0000 ,  0.0000 ,  0.0000 ,
  0.0000 ,  0.0000 ,  0.0000 ,  0.0000 ,  0.0000 ,  0.0000 ,
  0.0000 ,  0.0000 ,  0.0000 ,  0.0000 ,  0.0000 ,  0.0000 ,
  0.0000 ,  0.0000 ,  0.0000 ,  0.0000 ,  0.0000 ,  0.0000 ,
  0.0000 ,  0.0000 ,  0.0000 ,  0.0000 ,  0.0000 ,  0.0000 ,
  0.0000 ,  0.0000 ,  0.0000 ,  0.0000 ,  0.0000 ,  0.0000 ,
  0.0000 ,  0.0000 ,  0.0000 ,  0.0000 ,  0.0000 ,  0.0000 ,
  0.0000 ,  0.0000 ,  0.0000 ,  0.0000 ,  0.0000 ,  0.0000 ,
  0.0000 ,  0.0000 ,  0.0000 ,  0.0000 ,  0.0000 ,  0.0000 ,
  0.0000 ,  0.0000 ,  0.0000 ,  0.0000 ,  0.0000 ,  0.0000 ,
  0.0000 ,  0.0000 ,  0.0000 ,  0.0000 ,  0.0000 ,  0.0000 ,
  0.0000 ,  0.0000 ,  0.0000 ,  0.0000 ,  0.0000 ,  0.0000 ,
  0.0000 ,  0.0000 ,  0.0000 ,  0.0000 ,  0.0000 ,  0.0000 ,
  0.0000 ,  0.0000 ,  0.0000 ,  0.0000 ,  0.0000 ,  0.0000 ,
  0.0000 ,  0.0000 ,  0.0000 ,  0.0000 ,  0.0000 ,  0.0000 ,
  0.0000 ,  0.0000 ,  0.0000 ,  0.0000 ,  0.0000 ,  0.0000 ,
  0.0000 ,  0.0000 ,  0.0000 ,  0.0000 ,  0.0000 ,  0.0000 ,
  0.0000 ,  0.0000 ,  0.0000 ,  0.0000 ,  0.0000 ,  0.0000 ,
  0.0000 ,  0.0000 ,  0.0000 ,  0.0000 ,  0.0000 ,  0.0000 ,
  0.0000 ,  0.0000 ,  0.0000 ,  0.0000 ,  0.0000 ,  0.0000 ,
  0.0000 ,  0.0000 ,  0.0000 ,  0.0000 ,  0.0000 ,  0.0000 ,
  0.0000 ,  0.0000 ,  0.0000 ,  0.0000 ,  0.0000 ,  0.0000 ,
  0.0000 ,  0.0000 ,  0.0000 ,  0.0000 ,  0.0000 ,  0.0000 ,
  0.0000 ,  0.0000 ,  0.0000 ,  0.0000 ,  0.0000 ,  0.0000 ,
  0.0000 ,  0.0000 ,  0.0000 ,  0.0000 ,  0.0000 ,  0.0000 ,
  0.0000 ,  0.0000 ,  0.0000 ,  0.0000 ,  0.0000 ,  0.0000 ,
  0.0000 ,  0.0000 ,  0.0000 ,  0.0000 ,  0.0000 ,  0.0000 ,
  0.0000 ,  0.0000 ,  0.0000 ,  0.0000 ,  0.0000 ,  0.0000 ,
  0.0000 ,  0.0000 ,  0.0000 ,  0.0000 ,  0.0000 ,  0.0000 ,
  0.0000 ,  0.0000 ,  0.0000 ,  0.0000 ,  0.0000 ,  0.0000 ,
  0.0000 ,  0.0000 ,  0.0000 ,  0.0000 ,  0.0000 ,  0.0000 ,
  0.0000 ,  0.0000 ,  0.0000 ,  0.0000 ,  0.0000 ,  0.0000 ,
  0.0000 ,  0.0000 ,  0.0000 ,  0.0000 ,  0.0000 ,  0.0000 ,
  0.0000 ,  0.0000 ,  0.0000 ,  0.0000 ,  0.0000 ,  0.0000 ,
  0.0000 ,  0.0000 ,  0.0000 ,  0.0000 ,  0.0000 ,  0.0000 ,
  0.0000 ,  0.0000 ,  0.0000 ,  0.0000 ,  0.0000 ,  0.0000 ,
  0.0000 ,  0.0000 ,  0.0000 ,  0.0000 ,  0.0000 ,  0.0000 ,
  0.0000 ,  0.0000 ,  0.0000 ,  0.0000 ,  0.0000 ,  0.0000 ,
  0.0000 ,  0.0000 ,  0.0000 ,  0.0000 ,  0.0000 ,  0.0000 ,
  0.0000 ,  0.0000 ,  0.0000 ,  0.0000 ,  0.0000 ,  0.0000 ,
  0.0000 ,  0.0000 ,  0.0000 ,  0.0000 ,  0.0000 ,  0.0000 ,
  0.0000 ,  0.0000 ,  0.0000 ,  0.0000 ,  0.0000 ,  0.0000 ,
  0.0000 ,  0.0000 ,  0.0000 ,  0.0000 ,  0.0000 ,  0.0000 ,
  0.0000 ,  0.0000 ,  0.0000 ,  0.0000 ,  0.0000 ,  0.0000 ,
  0.0000 ,  0.0000 ,  0.0000 ,  0.0000 ,  0.0000 ,  0.0000 ,
  0.0000 ,  0.0000 ,  0.0000 ,  0.0000 ,  0.0000 ,  0.0000 ,
  0.0000 ,  0.0000 ,  0.0000 ,  0.0000 ,  0.0000 ,  0.0000 ,
  0.0000 ,  0.0000 ,  0.0000 ,  0.0000 ,  0.0000 ,  0.0000 ,
  0.0000 ,  0.0000 ,  0.0000 ,  0.0000 ,  0.0000 ,  0.0000 ,
  0.0000 ,  0.0000 ,  0.0000 ,  0.0000 ,  0.0000 ,  0.0000 ,
  0.0000 ,  0.0000 ,  0.0000 ,  0.0000 ,  0.0000 ,  0.0000 ,
  0.0000 ,  0.0000 ,  0.0000 ,  0.0000 ,  0.0000 ,  0.0000 ,
  0.0000 ,  0.0000 ,  0.0000 ,  0.0000 ,  0.0000 ,  0.0000 ,
  0.0000 ,  0.0000 ,  0.0000 ,  0.0000 ,  0.0000 ,  0.0000 ,
  0.0000 ,  0.0000 ,  0.0000 ,  0.0000 ,  0.0000 ,  0.0000 ,
  0.0000 ,  0.0000 ,  0.0000 ,  0.0000 ,  0.0000 ,  0.0000 ,
  0.0000 ,  0.0000 ,  0.0000 ,  0.0000 ,  0.0000 ,  0.0000 ,
  0.0000 ,  0.0000 ,  0.0000 ,  0.0000 ,  0.0000 ,  0.0000 ,
  0.0000 ,  0.0000 ,  0.0000 ,  0.0000 ,  0.0000 ,  0.0000 ,
  0.0000 ,  0.0000 ,  0.0000 ,  0.0000 ,  0.0000 ,  0.0000 ,
  0.0000 ,  0.0000 ,  0.0000 ,  0.0000 ,  0.0000 ,  0.0000 ,
  0.0000 ,  0.0000 ,  0.0000 ,  0.0000 ,  0.0000 ,  0.0000 ,
  0.0000 ,  0.0000 ,  0.0000 ,  0.0000 ,  0.0000 ,  0.0000 ,
  0.0000 ,  0.0000 ,  0.0000 ,  0.0000 ,  0.0000 ,  0.0000 ,
  0.0000 ,  0.0000 ,  0.0000 ,  0.0000 ,  0.0000 ,  0.0000 ,
  0.0000 ,  0.0000 ,  0.0000 ,  0.0000 ,  0.0000 ,  0.0000 ,
  0.0000 ,  0.0000 ,  0.0000 ,  0.0000 ,  0.0000 ,  0.0000 ,
  0.0000 ,  0.0000 ,  0.0000 ,  0.0000 ,  0.0000 ,  0.0000 ,
  0.0000 ,  0.0000 ,  0.0000 ,  0.0000 ,  0.0000 ,  0.0000 ,
  0.0000 ,  0.0000 ,  0.0000 ,  0.0000 ,  0.0000 ,  0.0000 ,
  0.0000 ,  0.0000 ,  0.0000 ,  0.0000 ,  0.0000 ,  0.0000 ,
  0.0000 ,  0.0000 ,  0.0000 ,  0.0000 ,  0.0000 ,  0.0000 ,
  0.0000 ,  0.0000 ,  0.0000 ,  0.0000 ,  0.0000 ,  0.0000 ,
  0.0000 ,  0.0000 ,  0.0000 ,  0.0000 ,  0.0000 ,  0.0000 ,
  0.0000 ,  0.0000 ,  0.0000 ,  0.0000 ,  0.0000 ,  0.0000 ,
  0.0000 ,  0.0000 ,  0.0000 ,  0.0000 ,  0.0000 ,  0.0000 ,
  0.0000 ,  0.0000 ,  0.0000 ,  0.0000 ,  0.0000 ,  0.0000 ,
  0.0000 ,  0.0000 ,  0.0000 ,  0.0000 ,  0.0000 ,  0.0000 ,
  0.0000 ,  0.0000 ,  0.0000 ,  0.0000 ,  0.0000 ,  0.0000 ,
  0.0000 ,  0.0000 ,  0.0000 ,  0.0000 ,  0.0000 ,  0.0000 ,
  0.0000 ,  0.0000 ,  0.0000 ,  0.0000 ,  0.0000 ,  0.0000 ,
  0.0000 ,  0.0000 ,  0.0000 ,  0.0000 ,  0.0000 ,  0.0000 ,
  0.0000 ,  0.0000 ,  0.0000 ,  0.0000 ,  0.0000 ,  0.0000 ,
  0.0000 ,  0.0000 ,  0.0000 ,  0.0000 ,  0.0000 ,  0.0000 ,
  0.0000 ,  0.0000 ,  0.0000 ,  0.0000 ,  0.0000 ,  0.0000 ,
  0.0000 ,  0.0000 ,  0.0000 ,  0.0000 ,  0.0000 ,  0.0000 ,
  0.0000 ,  0.0000 ,  0.0000 ,  0.0000 ,  0.0000 ,  0.0000 ,
  0.0000 ,  0.0000 ,  0.0000 ,  0.0000 ,  0.0000 ,  0.0000 ,
  0.0000 ,  0.0000 ,  0.0000 ,  0.0000 ,  0.0000 ,  0.0000 ,
  0.0000 ,  0.0000 ,  0.0000 ,  0.0000 ,  0.0000 ,  0.0000 ,
  0.0000 ,  0.0000 ,  0.0000 ,  0.0000 ,  0.0000 ,  0.0000 ,
  0.0000 ,  0.0000 ,  0.0000 ,  0.0000 ,  0.0000 ,  0.0000 ,
  0.0000 ,  0.0000 ,  0.0000 ,  0.0000 ,  0.0000 ,  0.0000 ,
  0.0000 ,  0.0000 ,  0.0000 ,  0.0000 ,  0.0000 ,  0.0000 ,
  0.0000 ,  0.0000 ,  0.0000 ,  0.0000 ,  0.0000 ,  0.0000 ,
  0.0000 ,  0.0000 ,  0.0000 ,  0.0000 ,  0.0000 ,  0.0000 ,
  0.0000 ,  0.0000 ,  0.0000 ,  0.0000 ,  0.0000 ,  0.0000 ,
  0.0000 ,  0.0000 ,  0.0000 ,  0.0000 ,  0.0000 ,  0.0000 ,
  0.0000 ,  0.0000 ,  0.0000 ,  0.0000 ,  0.0000 ,  0.0000 ,
  0.0000 ,  0.0000 ,  0.0000 ,  0.0000 ,  0.0000 ,  0.0000 ,
  0.0000 ,  0.0000 ,  0.0000 ,  0.0000 ,  0.0000 ,  0.0000 ,
  0.0000 ,  0.0000 ,  0.0000 ,  0.0000 ,  0.0000 ,  0.0000 ,
  0.0000 ,  0.0000 ,  0.0000 ,  0.0000 ,  0.0000 ,  0.0000 ,
  0.0000 ,  0.0000 ,  0.0000 ,  0.0000 ,  0.0000 ,  0.0000 ,
  0.0000 ,  0.0000 ,  0.0000 ,  0.0000 ,  0.0000 ,  0.0000 ,
  0.0000 ,  0.0000 ,  0.0000 ,  0.0000 ,  0.0000 ,  0.0000 ,
  0.0000 ,  0.0000 ,  0.0000 ,  0.0000 ,  0.0000 ,  0.0000 ,
  0.0000 ,  0.0000 ,  0.0000 ,  0.0000 ,  0.0000 ,  0.0000 ,
  0.0000 ,  0.0000 ,  0.0000 ,  0.0000 ,  0.0000 ,  0.0000 ,
  0.0000 ,  0.0000 ,  0.0000 ,  0.0000 ,  0.0000 ,  0.0000 ,
  0.0000 ,  0.0000 ,  0.0000 ,  0.0000 ,  0.0000 ,  0.0000 ,
  0.0000 ,  0.0000 ,  0.0000 ,  0.0000 ,  0.0000 ,  0.0000 ,
  0.0000 ,  0.0000 ,  0.0000 ,  0.0000 ,  0.0000 ,  0.0000 ,
  0.0000 ,  0.0000 ,  0.0000 ,  0.0000 ,  0.0000 ,  0.0000 ,
  0.0000 ,  0.0000 ,  0.0000 ,  0.0000 ,  0.0000 ,  0.0000 ,
  0.0000 ,  0.0000 ,  0.0000 ,  0.0000 ,  0.0000 ,  0.0000 ,
  0.0000 ,  0.0000 ,  0.0000 ,  0.0000 ,  0.0000 ,  0.0000 ,
  0.0000 ,  0.0000 ,  0.0000 ,  0.0000 ,  0.0000 ,  0.0000 ,
  0.0000 ,  0.0000 ,  0.0000 ,  0.0000 ,  0.0000 ,  0.0000 ,
  0.0000 ,  0.0000 ,  0.0000 ,  0.0000 ,  0.0000 ,  0.0000 ,
  0.0000 ,  0.0000 ,  0.0000 ,  0.0000 ,  0.0000 ,  0.0000 ,
  0.0000 ,  0.0000 ,  0.0000 ,  0.0000 ,  0.0000 ,  0.0000 ,
  0.0000 ,  0.0000 ,  0.0000 ,  0.0000 ,  0.0000 ,  0.0000 ,
  0.0000 ,  0.0000 ,  0.0000 ,  0.0000 ,  0.0000 ,  0.0000 ,
  0.0000 ,  0.0000 ,  0.0000 ,  0.0000 ,  0.0000 ,  0.0000 ,
  0.0000 ,  0.0000 ,  0.0000 ,  0.0000 ,  0.0000 ,  0.0000 ,
  0.0000 ,  0.0000 ,  0.0000 ,  0.0000 ,  0.0000 ,  0.0000 ,
  0.0000 ,  0.0000 ,  0.0000 ,  0.0000 ,  0.0000 ,  0.0000 ,
  0.0000 ,  0.0000 ,  0.0000 ,  0.0000 ,  0.0000 ,  0.0000 ,
  0.0000 ,  0.0000 ,  0.0000 ,  0.0000 ,  0.0000 ,  0.0000 ,
  0.0000 ,  0.0000 ,  0.0000 ,  0.0000 ,  0.0000 ,  0.0000 ,
  0.0000 ,  0.0000 ,  0.0000 ,  0.0000 ,  0.0000 ,  0.0000 ,
  0.0000 ,  0.0000 ,  0.0000 ,  0.0000 ,  0.0000 ,  0.0000 ,
  0.0000 ,  0.0000 ,  0.0000 ,  0.0000 ,  0.0000 ,  0.0000 ,
  0.0000 ,  0.0000 ,  0.0000 ,  0.0000 ,  0.0000 ,  0.0000 ,
  0.0000 ,  0.0000 ,  0.0000 ,  0.0000 ,  0.0000 ,  0.0000 ,
  0.0000 ,  0.0000 ,  0.0000 ,  0.0000 ,  0.0000 ,  0.0000 ,
  0.0000 ,  0.0000 ,  0.0000 ,  0.0000 ,  0.0000 ,  0.0000 ,
  0.0000 ,  0.0000 ,  0.0000 ,  0.0000 ,  0.0000 ,  0.0000 ,
  0.0000 ,  0.0000 ,  0.0000 ,  0.0000 ,  0.0000 ,  0.0000 ,
  0.0000 ,  0.0000 ,  0.0000 ,  0.0000 ,  0.0000 ,  0.0000 ,
  0.0000 ,  0.0000 ,  0.0000 ,  0.0000 ,  0.0000 ,  0.0000 ,
  0.0000 ,  0.0000 ,  0.0000 ,  0.0000 ,  0.0000 ,  0.0000 ,
  0.0000 ,  0.0000 ,  0.0000 ,  0.0000 ,  0.0000 ,  0.0000 ,
  0.0000 ,  0.0000 ,  0.0000 ,  0.0000 ,  0.0000 ,  0.0000 ,
  0.0000 ,  0.0000 ,  0.0000 ,  0.0000 ,  0.0000 ,  0.0000 ,
  0.0000 ,  0.0000 ,  0.0000 ,  0.0000 ,  0.0000 ,  0.0000 ,
  0.0000 ,  0.0000 ,  0.0000 ,  0.0000 ,  0.0000 ,  0.0000 ,
  0.0000 ,  0.0000 ,  0.0000 ,  0.0000 ,  0.0000 ,  0.0000 ,
  0.0000 ,  0.0000 ,  0.0000 ,  0.0000 ,  0.0000 ,  0.0000 ,
  0.0000 ,  0.0000 ,  0.0000 ,  0.0000 ,  0.0000 ,  0.0000 ,
  0.0000 ,  0.0000 ,  0.0000 ,  0.0000 ,  0.0000 ,  0.0000 ,
  0.0000 ,  0.0000 ,  0.0000 ,  0.0000 ,  0.0000 ,  0.0000 ,
  0.0000 ,  0.0000 ,  0.0000 ,  0.0000 ,  0.0000 ,  0.0000 ,
  0.0000 ,  0.0000 ,  0.0000 ,  0.0000 ,  0.0000 ,  0.0000 ,
  0.0000 ,  0.0000 ,  0.0000 ,  0.0000 ,  0.0000 ,  0.0000 ,
  0.0000 ,  0.0000 ,  0.0000 ,  0.0000 ,  0.0000 ,  0.0000 ,
  0.0000 ,  0.0000 ,  0.0000 ,  0.0000 ,  0.0000 ,  0.0000 ,
  0.0000 ,  0.0000 ,  0.0000 ,  0.0000 ,  0.0000 ,  0.0000 ,
  0.0000 ,  0.0000 ,  0.0000 ,  0.0000 ,  0.0000 ,  0.0000 ,
  0.0000 ,  0.0000 ,  0.0000 ,  0.0000 ,  0.0000 ,  0.0000 ,
  0.0000 ,  0.0000 ,  0.0000 ,  0.0000 ,  0.0000 ,  0.0000 ,
  0.0000 ,  0.0000 ,  0.0000 ,  0.0000 ,  0.0000 ,  0.0000 ,
  0.0000 ,  0.0000 ,  0.0000 ,  0.0000 ,  0.0000 ,  0.0000 ,
  0.0000 ,  0.0000 ,  0.0000 ,  0.0000 ,  0.0000 ,  0.0000 ,
  0.0000 ,  0.0000 ,  0.0000 ,  0.0000 ,  0.0000 ,  0.0000 ,
  0.0000 ,  0.0000 ,  0.0000 ,  0.0000 ,  0.0000 ,  0.0000 ,
  0.0000 ,  0.0000 ,  0.0000 ,  0.0000 ,  0.0000 ,  0.0000 ,
  0.0000 ,  0.0000 ,  0.0000 ,  0.0000 ,  0.0000 ,  0.0000 ,
  0.0000 ,  0.0000 ,  0.0000 ,  0.0000 ,  0.0000 ,  0.0000 ,
  0.0000 ,  0.0000 ,  0.0000 ,  0.0000 ,  0.0000 ,  0.0000 ,
  0.0000 ,  0.0000 ,  0.0000 ,  0.0000 ,  0.0000 ,  0.0000 ,
  0.0000 ,  0.0000 ,  0.0000 ,  0.0000 ,  0.0000 ,  0.0000 ,
  0.0000 ,  0.0000 ,  0.0000 ,  0.0000 ,  0.0000 ,  0.0000 ,
  0.0000 ,  0.0000 ,  0.0000 ,  0.0000 ,  0.0000 ,  0.0000 ,
  0.0000 ,  0.0000 ,  0.0000 ,  0.0000 ,  0.0000 ,  0.0000 ,
  0.0000 ,  0.0000 ,  0.0000 ,  0.0000 ,  0.0000 ,  0.0000 ,
  0.0000 ,  0.0000 ,  0.0000 ,  0.0000 ,  0.0000 ,  0.0000 ,
  0.0000 ,  0.0000 ,  0.0000 ,  0.0000 ,  0.0000 ,  0.0000 ,
  0.0000 ,  0.0000 ,  0.0000 ,  0.0000 ,  0.0000 ,  0.0000 ,
  0.0000 ,  0.0000 ,  0.0000 ,  0.0000 ,  0.0000 ,  0.0000 ,
  0.0000 ,  0.0000 ,  0.0000 ,  0.0000 ,  0.0000 ,  0.0000 ,
  0.0000 ,  0.0000 ,  0.0000 ,  0.0000 ,  0.0000 ,  0.0000 ,
  0.0000 ,  0.0000 ,  0.0000 ,  0.0000 ,  0.0000 ,  0.0000 ,
  0.0000 ,  0.0000 ,  0.0000 ,  0.0000 ,  0.0000 ,  0.0000 ,
  0.0000 ,  0.0000 ,  0.0000 ,  0.0000 ,  0.0000 ,  0.0000 ,
  0.0000 ,  0.0000 ,  0.0000 ,  0.0000 ,  0.0000 ,  0.0000 ,
  0.0000 ,  0.0000 ,  0.0000 ,  0.0000 ,  0.0000 ,  0.0000 ,
  0.0000 ,  0.0000 ,  0.0000 ,  0.0000 ,  0.0000 ,  0.0000 ,
  0.0000 ,  0.0000 ,  0.0000 ,  0.0000 ,  0.0000 ,  0.0000 ,
  0.0000 ,  0.0000 ,  0.0000 ,  0.0000 ,  0.0000 ,  0.0000 ,
  0.0000 ,  0.0000 ,  0.0000 ,  0.0000 ,  0.0000 ,  0.0000 ,
  0.0000 ,  0.0000 ,  0.0000 ,  0.0000 ,  0.0000 ,  0.0000 ,
  0.0000 ,  0.0000 ,  0.0000 ,  0.0000 ,  0.0000 ,  0.0000 ,
  0.0000 ,  0.0000 ,  0.0000 ,  0.0000 ,  0.0000 ,  0.0000 ,
  0.0000 ,  0.0000 ,  0.0000 ,  0.0000 ,  0.0000 ,  0.0000 ,
  0.0000 ,  0.0000 ,  0.0000 ,  0.0000 ,  0.0000 ,  0.0000 ,
  0.0000 ,  0.0000 ,  0.0000 ,  0.0000 ,  0.0000 ,  0.0000 ,
  0.0000 ,  0.0000 ,  0.0000 ,  0.0000 ,  0.0000 ,  0.0000 ,
  0.0000 ,  0.0000 ,  0.0000 ,  0.0000 ,  0.0000 ,  0.0000 ,
  0.0000 ,  0.0000 ,  0.0000 ,  0.0000 ,  0.0000 ,  0.0000 ,
  0.0000 ,  0.0000 ,  0.0000 ,  0.0000 ,  0.0000 ,  0.0000 ,
  0.0000 ,  0.0000 ,  0.0000 ,  0.0000 ,  0.0000 ,  0.0000 ,
  0.0000 ,  0.0000 ,  0.0000 ,  0.0000 ,  0.0000 ,  0.0000 ,
  0.0000 ,  0.0000 ,  0.0000 ,  0.0000 ,  0.0000 ,  0.0000 ,
  0.0000 ,  0.0000 ,  0.0000 ,  0.0000 ,  0.0000 ,  0.0000 ,
  0.0000 ,  0.0000 ,  0.0000 ,  0.0000 ,  0.0000 ,  0.0000 ,
  0.0000 ,  0.0000 ,  0.0000 ,  0.0000 ,  0.0000 ,  0.0000 ,
  0.0000 ,  0.0000 ,  0.0000 ,  0.0000 ,  0.0000 ,  0.0000 ,
  0.0000 ,  0.0000 ,  0.0000 ,  0.0000 ,  0.0000 ,  0.0000 ,
  0.0000 ,  0.0000 ,  0.0000 ,  0.0000 ,  0.0000 ,  0.0000 ,
  0.0000 ,  0.0000 ,  0.0000 ,  0.0000 ,  0.0000 ,  0.0000 ,
  0.0000 ,  0.0000 ,  0.0000 ,  0.0000 ,  0.0000 ,  0.0000 ,
  0.0000 ,  0.0000 ,  0.0000 ,  0.0000 ,  0.0000 ,  0.0000 ,
  0.0000 ,  0.0000 ,  0.0000 ,  0.0000 ,  0.0000 ,  0.0000 ,
  0.0000 ,  0.0000 ,  0.0000 ,  0.0000 ,  0.0000 ,  0.0000 ,
  0.0000 ,  0.0000 ,  0.0000 ,  0.0000 ,  0.0000 ,  0.0000 ,
  0.0000 ,  0.0000 ,  0.0000 ,  0.0000 ,  0.0000 ,  0.0000 ,
  0.0000 ,  0.0000 ,  0.0000 ,  0.0000 ,  0.0000 ,  0.0000 ,
  0.0000 ,  0.0000 ,  0.0000 ,  0.0000 ,  0.0000 ,  0.0000 ,
  0.0000 ,  0.0000 ,  0.0000 ,  0.0000 ,  0.0000 ,  0.0000 ,
  0.0000 ,  0.0000 ,  0.0000 ,  0.0000 ,  0.0000 ,  0.0000 ,
  0.0000 ,  0.0000 ,  0.0000 ,  0.0000 ,  0.0000 ,  0.0000 ,
  0.0000 ,  0.0000 ,  0.0000 ,  0.0000 ,  0.0000 ,  0.0000 ,
  0.0000 ,  0.0000 ,  0.0000 ,  0.0000 ,  0.0000 ,  0.0000 ,
  0.0000 ,  0.0000 ,  0.0000 ,  0.0000 ,  0.0000 ,  0.0000 ,
  0.0000 ,  0.0000 ,  0.0000 ,  0.0000 ,  0.0000 ,  0.0000 ,
  0.0000 ,  0.0000 ,  0.0000 ,  0.0000 ,  0.0000 ,  0.0000 ,
  0.0000 ,  0.0000 ,  0.0000 ,  0.0000 ,  0.0000 ,  0.0000 ,
  0.0000 ,  0.0000 ,  0.0000 ,  0.0000 ,  0.0000 ,  0.0000 ,
  0.0000 ,  0.0000 ,  0.0000 ,  0.0000 ,  0.0000 ,  0.0000 ,
  0.0000 ,  0.0000 ,  0.0000 ,  0.0000 ,  0.0000 ,  0.0000 ,
  0.0000 ,  0.0000 ,  0.0000 ,  0.0000 ,  0.0000 ,  0.0000 ,
  0.0000 ,  0.0000 ,  0.0000 ,  0.0000 ,  0.0000 ,  0.0000 ,
  0.0000 ,  0.0000 ,  0.0000 ,  0.0000 ,  0.0000 ,  0.0000 ,
  0.0000 ,  0.0000 ,  0.0000 ,  0.0000 ,  0.0000 ,  0.0000 ,
  0.0000 ,  0.0000 ,  0.0000 ,  0.0000 ,  0.0000 ,  0.0000 ,
  0.0000 ,  0.0000 ,  0.0000 ,  0.0000 ,  0.0000 ,  0.0000 ,
  0.0000 ,  0.0000 ,  0.0000 ,  0.0000 ,  0.0000 ,  0.0000 ,
  0.0000 ,  0.0000 ,  0.0000 ,  0.0000 ,  0.0000 ,  0.0000 ,
  0.0000 ,  0.0000 ,  0.0000 ,  0.0000 ,  0.0000 ,  0.0000 ,
  0.0000 ,  0.0000 ,  0.0000 ,  0.0000 ,  0.0000 ,  0.0000 ,
  0.0000 ,  0.0000 ,  0.0000 ,  0.0000 ,  0.0000 ,  0.0000 ,
  0.0000 ,  0.0000 ,  0.0000 ,  0.0000 ,  0.0000 ,  0.0000 ,
  0.0000 ,  0.0000 ,  0.0000 ,  0.0000 ,  0.0000 ,  0.0000 ,
  0.0000 ,  0.0000 ,  0.0000 ,  0.0000 ,  0.0000 ,  0.0000 ,
  0.0000 ,  0.0000 ,  0.0000 ,  0.0000 ,  0.0000 ,  0.0000 ,
  0.0000 ,  0.0000 ,  0.0000 ,  0.0000 ,  0.0000 ,  0.0000 ,
  0.0000 ,  0.0000 ,  0.0000 ,  0.0000 ,  0.0000 ,  0.0000 ,
  0.0000 ,  0.0000 ,  0.0000 ,  0.0000 ,  0.0000 ,  0.0000 ,
  0.0000 ,  0.0000 ,  0.0000 ,  0.0000 ,  0.0000 ,  0.0000 ,
  0.0000 ,  0.0000 ,  0.0000 ,  0.0000 ,  0.0000 ,  0.0000 ,
  0.0000 ,  0.0000 ,  0.0000 ,  0.0000 ,  0.0000 ,  0.0000 ,
  0.0000 ,  0.0000 ,  0.0000 ,  0.0000 ,  0.0000 ,  0.0000 ,
  0.0000 ,  0.0000 ,  0.0000 ,  0.0000 ,  0.0000 ,  0.0000 ,
  0.0000 ,  0.0000 ,  0.0000 ,  0.0000 ,  0.0000 ,  0.0000 ,
  0.0000 ,  0.0000 ,  0.0000 ,  0.0000 ,  0.0000 ,  0.0000 ,
  0.0000 ,  0.0000 ,  0.0000 ,  0.0000 ,  0.0000 ,  0.0000 ,
  0.0000 ,  0.0000 ,  0.0000 ,  0.0000 ,  0.0000 ,  0.0000 ,
  0.0000 ,  0.0000 ,  0.0000 ,  0.0000 ,  0.0000 ,  0.0000 ,
  0.0000 ,  0.0000 ,  0.0000 ,  0.0000 ,  0.0000 ,  0.0000 ,
  0.0000 ,  0.0000 ,  0.0000 ,  0.0000 ,  0.0000 ,  0.0000 ,
  0.0000 ,  0.0000 ,  0.0000 ,  0.0000 ,  0.0000 ,  0.0000 ,
  0.0000 ,  0.0000 ,  0.0000 ,  0.0000 ,  0.0000 ,  0.0000 ,
  0.0000 ,  0.0000 ,  0.0000 ,  0.0000 ,  0.0000 ,  0.0000 ,
  0.0000 ,  0.0000 ,  0.0000 ,  0.0000 ,  0.0000 ,  0.0000 ,
  0.0000 ,  0.0000 ,  0.0000 ,  0.0000 ,  0.0000 ,  0.0000 ,
  0.0000 ,  0.0000 ,  0.0000 ,  0.0000 ,  0.0000 ,  0.0000 ,
  0.0000 ,  0.0000 ,  0.0000 ,  0.0000 ,  0.0000 ,  0.0000 ,
  0.0000 ,  0.0000 ,  0.0000 ,  0.0000 ,  0.0000 ,  0.0000 ,
  0.0000 ,  0.0000 ,  0.0000 ,  0.0000 ,  0.0000 ,  0.0000 ,
  0.0000 ,  0.0000 ,  0.0000 ,  0.0000 ,  0.0000 ,  0.0000 ,
  0.0000 ,  0.0000 ,  0.0000 ,  0.0000 ,  0.0000 ,  0.0000 ,
  0.0000 ,  0.0000 ,  0.0000 ,  0.0000 ,  0.0000 ,  0.0000 ,
  0.0000 ,  0.0000 ,  0.0000 ,  0.0000 ,  0.0000 ,  0.0000 ,
  0.0000 ,  0.0000 ,  0.0000 ,  0.0000 ,  0.0000 ,  0.0000 ,
  0.0000 ,  0.0000 ,  0.0000 ,  0.0000 ,  0.0000 ,  0.0000 ,
  0.0000 ,  0.0000 ,  0.0000 ,  0.0000 ,  0.0000 ,  0.0000 ,
  0.0000 ,  0.0000 ,  0.0000 ,  0.0000 ,  0.0000 ,  0.0000 ,
  0.0000 ,  0.0000 ,  0.0000 ,  0.0000 ,  0.0000 ,  0.0000 ,
  0.0000 ,  0.0000 ,  0.0000 ,  0.0000 ,  0.0000 ,  0.0000 ,
  0.0000 ,  0.0000 ,  0.0000 ,  0.0000 ,  0.0000 ,  0.0000 ,
  0.0000 ,  0.0000 ,  0.0000 ,  0.0000 ,  0.0000 ,  0.0000 ,
  0.0000 ,  0.0000 ,  0.0000 ,  0.0000 ,  0.0000 ,  0.0000 ,
  0.0000 ,  0.0000 ,  0.0000 ,  0.0000 ,  0.0000 ,  0.0000 ,
  0.0000 ,  0.0000 ,  0.0000 ,  0.0000 ,  0.0000 ,  0.0000 ,
  0.0000 ,  0.0000 ,  0.0000 ,  0.0000 ,  0.0000 ,  0.0000 ,
  0.0000 ,  0.0000 ,  0.0000 ,  0.0000 ,  0.0000 ,  0.0000 ,
  0.0000 ,  0.0000 ,  0.0000 ,  0.0000 ,  0.0000 ,  0.0000 ,
  0.0000 ,  0.0000 ,  0.0000 ,  0.0000 ,  0.0000 ,  0.0000 ,
  0.0000 ,  0.0000 ,  0.0000 ,  0.0000 ,  0.0000 ,  0.0000 ,
  0.0000 ,  0.0000 ,  0.0000 ,  0.0000 ,  0.0000 ,  0.0000 ,
  0.0000 ,  0.0000 ,  0.0000 ,  0.0000 ,  0.0000 ,  0.0000 ,
  0.0000 ,  0.0000 ,  0.0000 ,  0.0000 ,  0.0000 ,  0.0000 ,
  0.0000 ,  0.0000 ,  0.0000 ,  0.0000 ,  0.0000 ,  0.0000 ,
  0.0000 ,  0.0000 ,  0.0000 ,  0.0000 ,  0.0000 ,  0.0000 ,
  0.0000 ,  0.0000 ,  0.0000 ,  0.0000 ,  0.0000 ,  0.0000 ,
  0.0000 ,  0.0000 ,  0.0000 ,  0.0000 ,  0.0000 ,  0.0000 ,
  0.0000 ,  0.0000 ,  0.0000 ,  0.0000 ,  0.0000 ,  0.0000 ,
  0.0000 ,  0.0000 ,  0.0000 ,  0.0000 ,  0.0000 ,  0.0000 ,
  0.0000 ,  0.0000 ,  0.0000 ,  0.0000 ,  0.0000 ,  0.0000 ,
  0.0000 ,  0.0000 ,  0.0000 ,  0.0000 ,  0.0000 ,  0.0000 ,
  0.0000 ,  0.0000 ,  0.0000 ,  0.0000 ,  0.0000 ,  0.0000 ,
  0.0000 ,  0.0000 ,  0.0000 ,  0.0000 ,  0.0000 ,  0.0000 ,
  0.0000 ,  0.0000 ,  0.0000 ,  0.0000 ,  0.0000 ,  0.0000 ,
  0.0000 ,  0.0000 ,  0.0000 ,  0.0000 ,  0.0000 ,  0.0000 ,
  0.0000 ,  0.0000 ,  0.0000 ,  0.0000 ,  0.0000 ,  0.0000 ,
  0.0000 ,  0.0000 ,  0.0000 ,  0.0000 ,  0.0000 ,  0.0000 ,
  0.0000 ,  0.0000 ,  0.0000 ,  0.0000 ,  0.0000 ,  0.0000 ,
  0.0000 ,  0.0000 ,  0.0000 ,  0.0000 ,  0.0000 ,  0.0000 ,
  0.0000 ,  0.0000 ,  0.0000 ,  0.0000 ,  0.0000 ,  0.0000 ,
  0.0000 ,  0.0000 ,  0.0000 ,  0.0000 ,  0.0000 ,  0.0000 ,
  0.0000 ,  0.0000 ,  0.0000 ,  0.0000 ,  0.0000 ,  0.0000 ,
  0.0000 ,  0.0000 ,  0.0000 ,  0.0000 ,  0.0000 ,  0.0000 ,
  0.0000 ,  0.0000 ,  0.0000 ,  0.0000 ,  0.0000 ,  0.0000 ,
  0.0000 ,  0.0000 ,  0.0000 ,  0.0000 ,  0.0000 ,  0.0000 ,
  0.0000 ,  0.0000 ,  0.0000 ,  0.0000 ,  0.0000 ,  0.0000 ,
  0.0000 ,  0.0000 ,  0.0000 ,  0.0000 ,  0.0000 ,  0.0000 ,
  0.0000 ,  0.0000 ,  0.0000 ,  0.0000 ,  0.0000 ,  0.0000 ,
  0.0000 ,  0.0000 ,  0.0000 ,  0.0000 ,  0.0000 ,  0.0000 ,
  0.0000 ,  0.0000 ,  0.0000 ,  0.0000 ,  0.0000 ,  0.0000 ,
  0.0000 ,  0.0000 ,  0.0000 ,  0.0000 ,  0.0000 ,  0.0000 ,
  0.0000 ,  0.0000 ,  0.0000 ,  0.0000 ,  0.0000 ,  0.0000 ,
  0.0000 ,  0.0000 ,  0.0000 ,  0.0000 ,  0.0000 ,  0.0000 ,
  0.0000 ,  0.0000 ,  0.0000 ,  0.0000 ,  0.0000 ,  0.0000 ,
  0.0000 ,  0.0000 ,  0.0000 ,  0.0000 ,  0.0000 ,  0.0000 ,
  0.0000 ,  0.0000 ,  0.0000 ,  0.0000 ,  0.0000 ,  0.0000 ,
  0.0000 ,  0.0000 ,  0.0000 ,  0.0000 ,  0.0000 ,  0.0000 ,
  0.0000 ,  0.0000 ,  0.0000 ,  0.0000 ,  0.0000 ,  0.0000 ,
  0.0000 ,  0.0000 ,  0.0000 ,  0.0000 ,  0.0000 ,  0.0000 ,
  0.0000 ,  0.0000 ,  0.0000 ,  0.0000 ,  0.0000 ,  0.0000 ,
  0.0000 ,  0.0000 ,  0.0000 ,  0.0000 ,  0.0000 ,  0.0000 ,
  0.0000 ,  0.0000 ,  0.0000 ,  0.0000 ,  0.0000 ,  0.0000 ,
  0.0000 ,  0.0000 ,  0.0000 ,  0.0000 ,  0.0000 ,  0.0000 ,
  0.0000 ,  0.0000 ,  0.0000 ,  0.0000 ,  0.0000 ,  0.0000 ,
  0.0000 ,  0.0000 ,  0.0000 ,  0.0000 ,  0.0000 ,  0.0000 ,
  0.0000 ,  0.0000 ,  0.0000 ,  0.0000 ,  0.0000 ,  0.0000 ,
  0.0000 ,  0.0000 ,  0.0000 ,  0.0000 ,  0.0000 ,  0.0000 ,
  0.0000 ,  0.0000 ,  0.0000 ,  0.0000 ,  0.0000 ,  0.0000 ,
  0.0000 ,  0.0000 ,  0.0000 ,  0.0000 ,  0.0000 ,  0.0000 ,
  0.0000 ,  0.0000 ,  0.0000 ,  0.0000 ,  0.0000 ,  0.0000 ,
  0.0000 ,  0.0000 ,  0.0000 ,  0.0000 ,  0.0000 ,  0.0000 ,
  0.0000 ,  0.0000 ,  0.0000 ,  0.0000 ,  0.0000 ,  0.0000 ,
  0.0000 ,  0.0000 ,  0.0000 ,  0.0000 ,  0.0000 ,  0.0000 ,
  0.0000 ,  0.0000 ,  0.0000 ,  0.0000 ,  0.0000 ,  0.0000 ,
  0.0000 ,  0.0000 ,  0.0000 ,  0.0000 ,  0.0000 ,  0.0000 ,
  0.0000 ,  0.0000 ,  0.0000 ,  0.0000 ,  0.0000 ,  0.0000 ,
  0.0000 ,  0.0000 ,  0.0000 ,  0.0000 ,  0.0000 ,  0.0000 ,
  0.0000 ,  0.0000 ,  0.0000 ,  0.0000 ,  0.0000 ,  0.0000 ,
  0.0000 ,  0.0000 ,  0.0000 ,  0.0000 ,  0.0000 ,  0.0000 ,
  0.0000 ,  0.0000 ,  0.0000 ,  0.0000 ,  0.0000 ,  0.0000 ,
  0.0000 ,  0.0000 ,  0.0000 ,  0.0000 ,  0.0000 ,  0.0000 ,
  0.0000 ,  0.0000 ,  0.0000 ,  0.0000 ,  0.0000 ,  0.0000 ,
  0.0000 ,  0.0000 ,  0.0000 ,  0.0000 ,  0.0000 ,  0.0000 ,
  0.0000 ,  0.0000 ,  0.0000 ,  0.0000 ,  0.0000 ,  0.0000 ,
  0.0000 ,  0.0000 ,  0.0000 ,  0.0000 ,  0.0000 ,  0.0000 ,
  0.0000 ,  0.0000 ,  0.0000 ,  0.0000 ,  0.0000 ,  0.0000 ,
  0.0000 ,  0.0000 ,  0.0000 ,  0.0000 ,  0.0000 ,  0.0000 ,
  0.0000 ,  0.0000 ,  0.0000 ,  0.0000 ,  0.0000 ,  0.0000 ,
  0.0000 ,  0.0000 ,  0.0000 ,  0.0000 ,  0.0000 ,  0.0000 ,
  0.0000 ,  0.0000 ,  0.0000 ,  0.0000 ,  0.0000 ,  0.0000 ,
  0.0000 ,  0.0000 ,  0.0000 ,  0.0000 ,  0.0000 ,  0.0000 ,
  0.0000 ,  0.0000 ,  0.0000 ,  0.0000 ,  0.0000 ,  0.0000 ,
  0.0000 ,  0.0000 ,  0.0000 ,  0.0000 ,  0.0000 ,  0.0000 ,
  0.0000 ,  0.0000 ,  0.0000 ,  0.0000 ,  0.0000 ,  0.0000 ,
  0.0000 ,  0.0000 ,  0.0000 ,  0.0000 ,  0.0000 ,  0.0000 ,
  0.0000 ,  0.0000 ,  0.0000 ,  0.0000 ,  0.0000 ,  0.0000 ,
  0.0000 ,  0.0000 ,  0.0000 ,  0.0000 ,  0.0000 ,  0.0000 ,
  0.0000 ,  0.0000 ,  0.0000 ,  0.0000 ,  0.0000 ,  0.0000 ,
  0.0000 ,  0.0000 ,  0.0000 ,  0.0000 ,  0.0000 ,  0.0000 ,
  0.0000 ,  0.0000 ,  0.0000 ,  0.0000 ,  0.0000 ,  0.0000 ,
  0.0000 ,  0.0000 ,  0.0000 ,  0.0000 ,  0.0000 ,  0.0000 ,
  0.0000 ,  0.0000 ,  0.0000 ,  0.0000 ,  0.0000 ,  0.0000 ,
  0.0000 ,  0.0000 ,  0.0000 ,  0.0000 ,  0.0000 ,  0.0000 ,
  0.0000 ,  0.0000 ,  0.0000 ,  0.0000 ,  0.0000 ,  0.0000 ,
  0.0000 ,  0.0000 ,  0.0000 ,  0.0000 ,  0.0000 ,  0.0000 ,
  0.0000 ,  0.0000 ,  0.0000 ,  0.0000 ,  0.0000 ,  0.0000 ,
  0.0000 ,  0.0000 ,  0.0000 ,  0.0000 ,  0.0000 ,  0.0000 ,
  0.0000 ,  0.0000 ,  0.0000 ,  0.0000 ,  0.0000 ,  0.0000 ,
  0.0000 ,  0.0000 ,  0.0000 ,  0.0000 ,  0.0000 ,  0.0000 ,
  0.0000 ,  0.0000 ,  0.0000 ,  0.0000 ,  0.0000 ,  0.0000 ,
  0.0000 ,  0.0000 ,  0.0000 ,  0.0000 ,  0.0000 ,  0.0000 ,
  0.0000 ,  0.0000 ,  0.0000 ,  0.0000 ,  0.0000 ,  0.0000 ,
  0.0000 ,  0.0000 ,  0.0000 ,  0.0000 ,  0.0000 ,  0.0000 ,
  0.0000 ,  0.0000 ,  0.0000 ,  0.0000 ,  0.0000 ,  0.0000 ,
  0.0000 ,  0.0000 ,  0.0000 ,  0.0000 ,  0.0000 ,  0.0000 ,
  0.0000 ,  0.0000 ,  0.0000 ,  0.0000 ,  0.0000 ,  0.0000 ,
  0.0000 ,  0.0000 ,  0.0000 ,  0.0000 ,  0.0000 ,  0.0000 ,
  0.0000 ,  0.0000 ,  0.0000 ,  0.0000 ,  0.0000 ,  0.0000 ,
  0.0000 ,  0.0000 ,  0.0000 ,  0.0000 ,  0.0000 ,  0.0000 ,
  0.0000 ,  0.0000 ,  0.0000 ,  0.0000 ,  0.0000 ,  0.0000 ,
  0.0000 ,  0.0000 ,  0.0000 ,  0.0000 ,  0.0000 ,  0.0000 ,
  0.0000 ,  0.0000 ,  0.0000 ,  0.0000 ,  0.0000 ,  0.0000 ,
  0.0000 ,  0.0000 ,  0.0000 ,  0.0000 ,  0.0000 ,  0.0000 ,
  0.0000 ,  0.0000 ,  0.0000 ,  0.0000 ,  0.0000 ,  0.0000 ,
  0.0000 ,  0.0000 ,  0.0000 ,  0.0000 ,  0.0000 ,  0.0000 ,
  0.0000 ,  0.0000 ,  0.0000 ,  0.0000 ,  0.0000 ,  0.0000 ,
  0.0000 ,  0.0000 ,  0.0000 ,  0.0000 ,  0.0000 ,  0.0000 ,
  0.0000 ,  0.0000 ,  0.0000 ,  0.0000 ,  0.0000 ,  0.0000 ,
  0.0000 ,  0.0000 ,  0.0000 ,  0.0000 ,  0.0000 ,  0.0000 ,
  0.0000 ,  0.0000 ,  0.0000 ,  0.0000 ,  0.0000 ,  0.0000 ,
  0.0000 ,  0.0000 ,  0.0000 ,  0.0000 ,  0.0000 ,  0.0000 ,
  0.0000 ,  0.0000 ,  0.0000 ,  0.0000 ,  0.0000 ,  0.0000 ,
  0.0000 ,  0.0000 ,  0.0000 ,  0.0000 ,  0.0000 ,  0.0000 ,
  0.0000 ,  0.0000 ,  0.0000 ,  0.0000 ,  0.0000 ,  0.0000 ,
  0.0000 ,  0.0000 ,  0.0000 ,  0.0000 ,  0.0000 ,  0.0000 ,
  0.0000 ,  0.0000 ,  0.0000 ,  0.0000 ,  0.0000 ,  0.0000 ,
  0.0000 ,  0.0000 ,  0.0000 ,  0.0000 ,  0.0000 ,  0.0000 ,
  0.0000 ,  0.0000 ,  0.0000 ,  0.0000 ,  0.0000 ,  0.0000 ,
  0.0000 ,  0.0000 ,  0.0000 ,  0.0000 ,  0.0000 ,  0.0000 ,
  0.0000 ,  0.0000 ,  0.0000 ,  0.0000 ,  0.0000 ,  0.0000 ,
  0.0000 ,  0.0000 ,  0.0000 ,  0.0000 ,  0.0000 ,  0.0000 ,
  0.0000 ,  0.0000 ,  0.0000 ,  0.0000 ,  0.0000 ,  0.0000 ,
  0.0000 ,  0.0000 ,  0.0000 ,  0.0000 ,  0.0000 ,  0.0000 ,
  0.0000 ,  0.0000 ,  0.0000 ,  0.0000 ,  0.0000 ,  0.0000 ,
  0.0000 ,  0.0000 ,  0.0000 ,  0.0000 ,  0.0000 ,  0.0000 ,
  0.0000 ,  0.0000 ,  0.0000 ,  0.0000 ,  0.0000 ,  0.0000 ,
  0.0000 ,  0.0000 ,  0.0000 ,  0.0000 ,  0.0000 ,  0.0000 ,
  0.0000 ,  0.0000 ,  0.0000 ,  0.0000 ,  0.0000 ,  0.0000 ,
  0.0000 ,  0.0000 ,  0.0000 ,  0.0000 ,  0.0000 ,  0.0000 ,
  0.0000 ,  0.0000 ,  0.0000 ,  0.0000 ,  0.0000 ,  0.0000 ,
  0.0000 ,  0.0000 ,  0.0000 ,  0.0000 ,  0.0000 ,  0.0000 ,
  0.0000 ,  0.0000 ,  0.0000 ,  0.0000 ,  0.0000 ,  0.0000 ,
  0.0000 ,  0.0000 ,  0.0000 ,  0.0000 ,  0.0000 ,  0.0000 ,
  0.0000 ,  0.0000 ,  0.0000 ,  0.0000 ,  0.0000 ,  0.0000 ,
  0.0000 ,  0.0000 ,  0.0000 ,  0.0000 ,  0.0000 ,  0.0000 ,
  0.0000 ,  0.0000 ,  0.0000 ,  0.0000 ,  0.0000 ,  0.0000 ,
  0.0000 ,  0.0000 ,  0.0000 ,  0.0000 ,  0.0000 ,  0.0000 ,
  0.0000 ,  0.0000 ,  0.0000 ,  0.0000 ,  0.0000 ,  0.0000 ,
  0.0000 ,  0.0000 ,  0.0000 ,  0.0000 ,  0.0000 ,  0.0000 ,
  0.0000 ,  0.0000 ,  0.0000 ,  0.0000 ,  0.0000 ,  0.0000 ,
  0.0000 ,  0.0000 ,  0.0000 ,  0.0000 ,  0.0000 ,  0.0000 ,
  0.0000 ,  0.0000 ,  0.0000 ,  0.0000 ,  0.0000 ,  0.0000 ,
  0.0000 ,  0.0000 ,  0.0000 ,  0.0000 ,  0.0000 ,  0.0000 ,
  0.0000 ,  0.0000 ,  0.0000 ,  0.0000 ,  0.0000 ,  0.0000 ,
  0.0000 ,  0.0000 ,  0.0000 ,  0.0000 ,  0.0000 ,  0.0000 ,
  0.0000 ,  0.0000 ,  0.0000 ,  0.0000 ,  0.0000 ,  0.0000 ,
  0.0000 ,  0.0000 ,  0.0000 ,  0.0000 ,  0.0000 ,  0.0000 ,
  0.0000 ,  0.0000 ,  0.0000 ,  0.0000 ,  0.0000 ,  0.0000 ,
  0.0000 ,  0.0000 ,  0.0000 ,  0.0000 ,  0.0000 ,  0.0000 ,
  0.0000 ,  0.0000 ,  0.0000 ,  0.0000 ,  0.0000 ,  0.0000 ,
  0.0000 ,  0.0000 ,  0.0000 ,  0.0000 ,  0.0000 ,  0.0000 ,
  0.0000 ,  0.0000 ,  0.0000 ,  0.0000 ,  0.0000 ,  0.0000 ,
  0.0000 ,  0.0000 ,  0.0000 ,  0.0000 ,  0.0000 ,  0.0000 ,
  0.0000 ,  0.0000 ,  0.0000 ,  0.0000 ,  0.0000 ,  0.0000 ,
  0.0000 ,  0.0000 ,  0.0000 ,  0.0000 ,  0.0000 ,  0.0000 ,
  0.0000 ,  0.0000 ,  0.0000 ,  0.0000 ,  0.0000 ,  0.0000 ,
  0.0000 ,  0.0000 ,  0.0000 ,  0.0000 ,  0.0000 ,  0.0000 ,
  0.0000 ,  0.0000 ,  0.0000 ,  0.0000 ,  0.0000 ,  0.0000 ,
  0.0000 ,  0.0000 ,  0.0000 ,  0.0000 ,  0.0000 ,  0.0000 ,
  0.0000 ,  0.0000 ,  0.0000 ,  0.0000 ,  0.0000 ,  0.0000 ,
  0.0000 ,  0.0000 ,  0.0000 ,  0.0000 ,  0.0000 ,  0.0000 ,
  0.0000 ,  0.0000 ,  0.0000 ,  0.0000 ,  0.0000 ,  0.0000 ,
  0.0000 ,  0.0000 ,  0.0000 ,  0.0000 ,  0.0000 ,  0.0000 ,
  0.0000 ,  0.0000 ,  0.0000 ,  0.0000 ,  0.0000 ,  0.0000 ,
  0.0000 ,  0.0000 ,  0.0000 ,  0.0000 ,  0.0000 ,  0.0000 ,
  0.0000 ,  0.0000 ,  0.0000 ,  0.0000 ,  0.0000 ,  0.0000 ,
  0.0000 ,  0.0000 ,  0.0000 ,  0.0000 ,  0.0000 ,  0.0000 ,
  0.0000 ,  0.0000 ,  0.0000 ,  0.0000 ,  0.0000 ,  0.0000 ,
  0.0000 ,  0.0000 ,  0.0000 ,  0.0000 ,  0.0000 ,  0.0000 ,
  0.0000 ,  0.0000 ,  0.0000 ,  0.0000 ,  0.0000 ,  0.0000 ,
  0.0000 ,  0.0000 ,  0.0000 ,  0.0000 ,  0.0000 ,  0.0000 ,
  0.0000 ,  0.0000 ,  0.0000 ,  0.0000 ,  0.0000 ,  0.0000 ,
  0.0000 ,  0.0000 ,  0.0000 ,  0.0000 ,  0.0000 ,  0.0000 ,
  0.0000 ,  0.0000 ,  0.0000 ,  0.0000 ,  0.0000 ,  0.0000 ,
  0.0000 ,  0.0000 ,  0.0000 ,  0.0000 ,  0.0000 ,  0.0000 ,
  0.0000 ,  0.0000 ,  0.0000 ,  0.0000 ,  0.0000 ,  0.0000 ,
  0.0000 ,  0.0000 ,  0.0000 ,  0.0000 ,  0.0000 ,  0.0000 ,
  0.0000 ,  0.0000 ,  0.0000 ,  0.0000 ,  0.0000 ,  0.0000 ,
  0.0000 ,  0.0000 ,  0.0000 ,  0.0000 ,  0.0000 ,  0.0000 ,
  0.0000 ,  0.0000 ,  0.0000 ,  0.0000 ,  0.0000 ,  0.0000 ,
  0.0000 ,  0.0000 ,  0.0000 ,  0.0000 ,  0.0000 ,  0.0000 ,
  0.0000 ,  0.0000 ,  0.0000 ,  0.0000 ,  0.0000 ,  0.0000 ,
  0.0000 ,  0.0000 ,  0.0000 ,  0.0000 ,  0.0000 ,  0.0000 ,
  0.0000 ,  0.0000 ,  0.0000 ,  0.0000 ,  0.0000 ,  0.0000 ,
  0.0000 ,  0.0000 ,  0.0000 ,  0.0000 ,  0.0000 ,  0.0000 ,
  0.0000 ,  0.0000 ,  0.0000 ,  0.0000 ,  0.0000 ,  0.0000 ,
  0.0000 ,  0.0000 ,  0.0000 ,  0.0000 ,  0.0000 ,  0.0000 ,
  0.0000 ,  0.0000 ,  0.0000 ,  0.0000 ,  0.0000 ,  0.0000 ,
  0.0000 ,  0.0000 ,  0.0000 ,  0.0000 ,  0.0000 ,  0.0000 ,
  0.0000 ,  0.0000 ,  0.0000 ,  0.0000 ,  0.0000 ,  0.0000 ,
  0.0000 ,  0.0000 ,  0.0000 ,  0.0000 ,  0.0000 ,  0.0000 ,
  0.0000 ,  0.0000 ,  0.0000 ,  0.0000 ,  0.0000 ,  0.0000 ,
  0.0000 ,  0.0000 ,  0.0000 ,  0.0000 ,  0.0000 ,  0.0000 ,
  0.0000 ,  0.0000 ,  0.0000 ,  0.0000 ,  0.0000 ,  0.0000 ,
  0.0000 ,  0.0000 ,  0.0000 ,  0.0000 ,  0.0000 ,  0.0000 ,
  0.0000 ,  0.0000 ,  0.0000 ,  0.0000 ,  0.0000 ,  0.0000 ,
  0.0000 ,  0.0000 ,  0.0000 ,  0.0000 ,  0.0000 ,  0.0000 ,
  0.0000 ,  0.0000 ,  0.0000 ,  0.0000 ,  0.0000 ,  0.0000 ,
  0.0000 ,  0.0000 ,  0.0000 ,  0.0000 ,  0.0000 ,  0.0000 ,
  0.0000 ,  0.0000 ,  0.0000 ,  0.0000 ,  0.0000 ,  0.0000 ,
  0.0000 ,  0.0000 ,  0.0000 ,  0.0000 ,  0.0000 ,  0.0000 ,
  0.0000 ,  0.0000 ,  0.0000 ,  0.0000 ,  0.0000 ,  0.0000 ,
  0.0000 ,  0.0000 ,  0.0000 ,  0.0000 ,  0.0000 ,  0.0000 ,
  0.0000 ,  0.0000 ,  0.0000 ,  0.0000 ,  0.0000 ,  0.0000 ,
  0.0000 ,  0.0000 ,  0.0000 ,  0.0000 ,  0.0000 ,  0.0000 ,
  0.0000 ,  0.0000 ,  0.0000 ,  0.0000 ,  0.0000 ,  0.0000 ,
  0.0000 ,  0.0000 ,  0.0000 ,  0.0000 ,  0.0000 ,  0.0000 ,
  0.0000 ,  0.0000 ,  0.0000 ,  0.0000 ,  0.0000 ,  0.0000 ,
  0.0000 ,  0.0000 ,  0.0000 ,  0.0000 ,  0.0000 ,  0.0000 ,
  0.0000 ,  0.0000 ,  0.0000 ,  0.0000 ,  0.0000 ,  0.0000 ,
  0.0000 ,  0.0000 ,  0.0000 ,  0.0000 ,  0.0000 ,  0.0000 ,
  0.0000 ,  0.0000 ,  0.0000 ,  0.0000 ,  0.0000 ,  0.0000 ,
  0.0000 ,  0.0000 ,  0.0000 ,  0.0000 ,  0.0000 ,  0.0000 ,
  0.0000 ,  0.0000 ,  0.0000 ,  0.0000 ,  0.0000 ,  0.0000 ,
  0.0000 ,  0.0000 ,  0.0000 ,  0.0000 ,  0.0000 ,  0.0000 ,
  0.0000 ,  0.0000 ,  0.0000 ,  0.0000 ,  0.0000 ,  0.0000 ,
  0.0000 ,  0.0000 ,  0.0000 ,  0.0000 ,  0.0000 ,  0.0000 ,
  0.0000 ,  0.0000 ,  0.0000 ,  0.0000 ,  0.0000 ,  0.0000 ,
  0.0000 ,  0.0000 ,  0.0000 ,  0.0000 ,  0.0000 ,  0.0000 ,
  0.0000 ,  0.0000 ,  0.0000 ,  0.0000 ,  0.0000 ,  0.0000 ,
  0.0000 ,  0.0000 ,  0.0000 ,  0.0000 ,  0.0000 ,  0.0000 ,
  0.0000 ,  0.0000 ,  0.0000 ,  0.0000 ,  0.0000 ,  0.0000 ,
  0.0000 ,  0.0000 ,  0.0000 ,  0.0000 ,  0.0000 ,  0.0000 ,
  0.0000 ,  0.0000 ,  0.0000 ,  0.0000 ,  0.0000 ,  0.0000 ,
  0.0000 ,  0.0000 ,  0.0000 ,  0.0000 ,  0.0000 ,  0.0000 ,
  0.0000 ,  0.0000 ,  0.0000 ,  0.0000 ,  0.0000 ,  0.0000 ,
  0.0000 ,  0.0000 ,  0.0000 ,  0.0000 ,  0.0000 ,  0.0000 ,
  0.0000 ,  0.0000 ,  0.0000 ,  0.0000 ,  0.0000 ,  0.0000 ,
  0.0000 ,  0.0000 ,  0.0000 ,  0.0000 ,  0.0000 ,  0.0000 ,
  0.0000 ,  0.0000 ,  0.0000 ,  0.0000 ,  0.0000 ,  0.0000 ,
  0.0000 ,  0.0000 ,  0.0000 ,  0.0000 ,  0.0000 ,  0.0000 ,
  0.0000 ,  0.0000 ,  0.0000 ,  0.0000 ,  0.0000 ,  0.0000 ,
  0.0000 ,  0.0000 ,  0.0000 ,  0.0000 ,  0.0000 ,  0.0000 ,
  0.0000 ,  0.0000 ,  0.0000 ,  0.0000 ,  0.0000 ,  0.0000 ,
  0.0000 ,  0.0000 ,  0.0000 ,  0.0000 ,  0.0000 ,  0.0000 ,
  0.0000 ,  0.0000 ,  0.0000 ,  0.0000 ,  0.0000 ,  0.0000 ,
  0.0000 ,  0.0000 ,  0.0000 ,  0.0000 ,  0.0000 ,  0.0000 ,
  0.0000 ,  0.0000 ,  0.0000 ,  0.0000 ,  0.0000 ,  0.0000 ,
  0.0000 ,  0.0000 ,  0.0000 ,  0.0000 ,  0.0000 ,  0.0000 ,
  0.0000 ,  0.0000 ,  0.0000 ,  0.0000 ,  0.0000 ,  0.0000 ,
  0.0000 ,  0.0000 ,  0.0000 ,  0.0000 ,  0.0000 ,  0.0000 ,
  0.0000 ,  0.0000 ,  0.0000 ,  0.0000 ,  0.0000 ,  0.0000 ,
  0.0000 ,  0.0000 ,  0.0000 ,  0.0000 ,  0.0000 ,  0.0000 ,
  0.0000 ,  0.0000 ,  0.0000 ,  0.0000 ,  0.0000 ,  0.0000 ,
  0.0000 ,  0.0000 ,  0.0000 ,  0.0000 ,  0.0000 ,  0.0000 ,
  0.0000 ,  0.0000 ,  0.0000 ,  0.0000 ,  0.0000 ,  0.0000 ,
  0.0000 ,  0.0000 ,  0.0000 ,  0.0000 ,  0.0000 ,  0.0000 ,
  0.0000 ,  0.0000 ,  0.0000 ,  0.0000 ,  0.0000 ,  0.0000 ,
  0.0000 ,  0.0000 ,  0.0000 ,  0.0000 ,  0.0000 ,  0.0000 ,
  0.0000 ,  0.0000 ,  0.0000 ,  0.0000 ,  0.0000 ,  0.0000 ,
  0.0000 ,  0.0000 ,  0.0000 ,  0.0000 ,  0.0000 ,  0.0000 ,
  0.0000 ,  0.0000 ,  0.0000 ,  0.0000 ,  0.0000 ,  0.0000 ,
  0.0000 ,  0.0000 ,  0.0000 ,  0.0000 ,  0.0000 ,  0.0000 ,
  0.0000 ,  0.0000 ,  0.0000 ,  0.0000 ,  0.0000 ,  0.0000 ,
  0.0000 ,  0.0000 ,  0.0000 ,  0.0000 ,  0.0000 ,  0.0000 ,
  0.0000 ,  0.0000 ,  0.0000 ,  0.0000 ,  0.0000 ,  0.0000 ,
  0.0000 ,  0.0000 ,  0.0000 ,  0.0000 ,  0.0000 ,  0.0000 ,
  0.0000 ,  0.0000 ,  0.0000 ,  0.0000 ,  0.0000 ,  0.0000 ,
  0.0000 ,  0.0000 ,  0.0000 ,  0.0000 ,  0.0000 ,  0.0000 ,
  0.0000 ,  0.0000 ,  0.0000 ,  0.0000 ,  0.0000 ,  0.0000 ,
  0.0000 ,  0.0000 ,  0.0000 ,  0.0000 ,  0.0000 ,  0.0000 ,
  0.0000 ,  0.0000 ,  0.0000 ,  0.0000 ,  0.0000 ,  0.0000 ,
  0.0000 ,  0.0000 ,  0.0000 ,  0.0000 ,  0.0000 ,  0.0000 ,
  0.0000 ,  0.0000 ,  0.0000 ,  0.0000 ,  0.0000 ,  0.0000 ,
  0.0000 ,  0.0000 ,  0.0000 ,  0.0000 ,  0.0000 ,  0.0000 ,
  0.0000 ,  0.0000 ,  0.0000 ,  0.0000 ,  0.0000 ,  0.0000 ,
  0.0000 ,  0.0000 ,  0.0000 ,  0.0000 ,  0.0000 ,  0.0000 ,
  0.0000 ,  0.0000 ,  0.0000 ,  0.0000 ,  0.0000 ,  0.0000 ,
  0.0000 ,  0.0000 ,  0.0000 ,  0.0000 ,  0.0000 ,  0.0000 ,
  0.0000 ,  0.0000 ,  0.0000 ,  0.0000 ,  0.0000 ,  0.0000 ,
  0.0000 ,  0.0000 ,  0.0000 ,  0.0000 ,  0.0000 ,  0.0000 ,
  0.0000 ,  0.0000 ,  0.0000 ,  0.0000 ,  0.0000 ,  0.0000 ,
  0.0000 ,  0.0000 ,  0.0000 ,  0.0000 ,  0.0000 ,  0.0000 ,
  0.0000 ,  0.0000 ,  0.0000 ,  0.0000 ,  0.0000 ,  0.0000 ,
  0.0000 ,  0.0000 ,  0.0000 ,  0.0000 ,  0.0000 ,  0.0000 ,
  0.0000 ,  0.0000 ,  0.0000 ,  0.0000 ,  0.0000 ,  0.0000 ,
  0.0000 ,  0.0000 ,  0.0000 ,  0.0000 ,  0.0000 ,  0.0000 ,
  0.0000 ,  0.0000 ,  0.0000 ,  0.0000 ,  0.0000 ,  0.0000 ,
  0.0000 ,  0.0000 ,  0.0000 ,  0.0000 ,  0.0000 ,  0.0000 ,
  0.0000 ,  0.0000 ,  0.0000 ,  0.0000 ,  0.0000 ,  0.0000 ,
  0.0000 ,  0.0000 ,  0.0000 ,  0.0000 ,  0.0000 ,  0.0000 ,
  0.0000 ,  0.0000 ,  0.0000 ,  0.0000 ,  0.0000 ,  0.0000 ,
  0.0000 ,  0.0000 ,  0.0000 ,  0.0000 ,  0.0000 ,  0.0000 ,
  0.0000 ,  0.0000 ,  0.0000 ,  0.0000 ,  0.0000 ,  0.0000 ,
  0.0000 ,  0.0000 ,  0.0000 ,  0.0000 ,  0.0000 ,  0.0000 ,
  0.0000 ,  0.0000 ,  0.0000 ,  0.0000 ,  0.0000 ,  0.0000 ,
  0.0000 ,  0.0000 ,  0.0000 ,  0.0000 ,  0.0000 ,  0.0000 ,
  0.0000 ,  0.0000 ,  0.0000 ,  0.0000 ,  0.0000 ,  0.0000 ,
  0.0000 ,  0.0000 ,  0.0000 ,  0.0000 ,  0.0000 ,  0.0000 ,
  0.0000 ,  0.0000 ,  0.0000 ,  0.0000 ,  0.0000 ,  0.0000 ,
  0.0000 ,  0.0000 ,  0.0000 ,  0.0000 ,  0.0000 ,  0.0000 ,
  0.0000 ,  0.0000 ,  0.0000 ,  0.0000 ,  0.0000 ,  0.0000 ,
  0.0000 ,  0.0000 ,  0.0000 ,  0.0000 ,  0.0000 ,  0.0000 ,
  0.0000 ,  0.0000 ,  0.0000 ,  0.0000 ,  0.0000 ,  0.0000 ,
  0.0000 ,  0.0000 ,  0.0000 ,  0.0000 ,  0.0000 ,  0.0000 ,
  0.0000 ,  0.0000 ,  0.0000 ,  0.0000 ,  0.0000 ,  0.0000 ,
  0.0000 ,  0.0000 ,  0.0000 ,  0.0000 ,  0.0000 ,  0.0000 ,
  0.0000 ,  0.0000 ,  0.0000 ,  0.0000 ,  0.0000 ,  0.0000 ,
  0.0000 ,  0.0000 ,  0.0000 ,  0.0000 ,  0.0000 ,  0.0000 ,
  0.0000 ,  0.0000 ,  0.0000 ,  0.0000 ,  0.0000 ,  0.0000 ,
  0.0000 ,  0.0000 ,  0.0000 ,  0.0000 ,  0.0000 ,  0.0000 ,
  0.0000 ,  0.0000 ,  0.0000 ,  0.0000 ,  0.0000 ,  0.0000 ,
  0.0000 ,  0.0000 ,  0.0000 ,  0.0000 ,  0.0000 ,  0.0000 ,
  0.0000 ,  0.0000 ,  0.0000 ,  0.0000 ,  0.0000 ,  0.0000 ,
  0.0000 ,  0.0000 ,  0.0000 ,  0.0000 ,  0.0000 ,  0.0000 ,
  0.0000 ,  0.0000 ,  0.0000 ,  0.0000 ,  0.0000 ,  0.0000 ,
  0.0000 ,  0.0000 ,  0.0000 ,  0.0000 ,  0.0000 ,  0.0000 ,
  0.0000 ,  0.0000 ,  0.0000 ,  0.0000 ,  0.0000 ,  0.0000 ,
  0.0000 ,  0.0000 ,  0.0000 ,  0.0000 ,  0.0000 ,  0.0000 ,
  0.0000 ,  0.0000 ,  0.0000 ,  0.0000 ,  0.0000 ,  0.0000 ,
  0.0000 ,  0.0000 ,  0.0000 ,  0.0000 ,  0.0000 ,  0.0000 ,
  0.0000 ,  0.0000 ,  0.0000 ,  0.0000 ,  0.0000 ,  0.0000 ,
  0.0000 ,  0.0000 ,  0.0000 ,  0.0000 ,  0.0000 ,  0.0000 ,
  0.0000 ,  0.0000 ,  0.0000 ,  0.0000 ,  0.0000 ,  0.0000 ,
  0.0000 ,  0.0000 ,  0.0000 ,  0.0000 ,  0.0000 ,  0.0000 ,
  0.0000 ,  0.0000 ,  0.0000 ,  0.0000 ,  0.0000 ,  0.0000 ,
  0.0000 ,  0.0000 ,  0.0000 ,  0.0000 ,  0.0000 ,  0.0000 ,
  0.0000 ,  0.0000 ,  0.0000 ,  0.0000 ,  0.0000 ,  0.0000 ,
  0.0000 ,  0.0000 ,  0.0000 ,  0.0000 ,  0.0000 ,  0.0000 ,
  0.0000 ,  0.0000 ,  0.0000 ,  0.0000 ,  0.0000 ,  0.0000 ,
  0.0000 ,  0.0000 ,  0.0000 ,  0.0000 ,  0.0000 ,  0.0000 ,
  0.0000 ,  0.0000 ,  0.0000 ,  0.0000 ,  0.0000 ,  0.0000 ,
  0.0000 ,  0.0000 ,  0.0000 ,  0.0000 ,  0.0000 ,  0.0000 ,
  0.0000 ,  0.0000 ,  0.0000 ,  0.0000 ,  0.0000 ,  0.0000 ,
  0.0000 ,  0.0000 ,  0.0000 ,  0.0000 ,  0.0000 ,  0.0000 ,
  0.0000 ,  0.0000 ,  0.0000 ,  0.0000 ,  0.0000 ,  0.0000 ,
  0.0000 ,  0.0000 ,  0.0000 ,  0.0000 ,  0.0000 ,  0.0000 ,
  0.0000 ,  0.0000 ,  0.0000 ,  0.0000 ,  0.0000 ,  0.0000 ,
  0.0000 ,  0.0000 ,  0.0000 ,  0.0000 ,  0.0000 ,  0.0000 ,
  0.0000 ,  0.0000 ,  0.0000 ,  0.0000 ,  0.0000 ,  0.0000 ,
  0.0000 ,  0.0000 ,  0.0000 ,  0.0000 ,  0.0000 ,  0.0000 ,
  0.0000 ,  0.0000 ,  0.0000 ,  0.0000 ,  0.0000 ,  0.0000 ,
  0.0000 ,  0.0000 ,  0.0000 ,  0.0000 ,  0.0000 ,  0.0000 ,
  0.0000 ,  0.0000 ,  0.0000 ,  0.0000 ,  0.0000 ,  0.0000 ,
  0.0000 ,  0.0000 ,  0.0000 ,  0.0000 ,  0.0000 ,  0.0000 ,
  0.0000 ,  0.0000 ,  0.0000 ,  0.0000 ,  0.0000 ,  0.0000 ,
  0.0000 ,  0.0000 ,  0.0000 ,  0.0000 ,  0.0000 ,  0.0000 ,
  0.0000 ,  0.0000 ,  0.0000 ,  0.0000 ,  0.0000 ,  0.0000 ,
  0.0000 ,  0.0000 ,  0.0000 ,  0.0000 ,  0.0000 ,  0.0000 ,
  0.0000 ,  0.0000 ,  0.0000 ,  0.0000 ,  0.0000 ,  0.0000 ,
  0.0000 ,  0.0000 ,  0.0000 ,  0.0000 ,  0.0000 ,  0.0000 ,
  0.0000 ,  0.0000 ,  0.0000 ,  0.0000 ,  0.0000 ,  0.0000 ,
  0.0000 ,  0.0000 ,  0.0000 ,  0.0000 ,  0.0000 ,  0.0000 ,
  0.0000 ,  0.0000 ,  0.0000 ,  0.0000 ,  0.0000 ,  0.0000 ,
  0.0000 ,  0.0000 ,  0.0000 ,  0.0000 ,  0.0000 ,  0.0000 ,
  0.0000 ,  0.0000 ,  0.0000 ,  0.0000 ,  0.0000 ,  0.0000 ,
  0.0000 ,  0.0000 ,  0.0000 ,  0.0000 ,  0.0000 ,  0.0000 ,
  0.0000 ,  0.0000 ,  0.0000 ,  0.0000 ,  0.0000 ,  0.0000 ,
  0.0000 ,  0.0000 ,  0.0000 ,  0.0000 ,  0.0000 ,  0.0000 ,
  0.0000 ,  0.0000 ,  0.0000 ,  0.0000 ,  0.0000 ,  0.0000 ,
  0.0000 ,  0.0000 ,  0.0000 ,  0.0000 ,  0.0000 ,  0.0000 ,
  0.0000 ,  0.0000 ,  0.0000 ,  0.0000 ,  0.0000 ,  0.0000 ,
  0.0000 ,  0.0000 ,  0.0000 ,  0.0000 ,  0.0000 ,  0.0000 ,
  0.0000 ,  0.0000 ,  0.0000 ,  0.0000 ,  0.0000 ,  0.0000 ,
  0.0000 ,  0.0000 ,  0.0000 ,  0.0000 ,  0.0000 ,  0.0000 ,
  0.0000 ,  0.0000 ,  0.0000 ,  0.0000 ,  0.0000 ,  0.0000 ,
  0.0000 ,  0.0000 ,  0.0000 ,  0.0000 ,  0.0000 ,  0.0000 ,
  0.0000 ,  0.0000 ,  0.0000 ,  0.0000 ,  0.0000 ,  0.0000 ,
  0.0000 ,  0.0000 ,  0.0000 ,  0.0000 ,  0.0000 ,  0.0000 ,
  0.0000 ,  0.0000 ,  0.0000 ,  0.0000 ,  0.0000 ,  0.0000 ,
  0.0000 ,  0.0000 ,  0.0000 ,  0.0000 ,  0.0000 ,  0.0000 ,
  0.0000 ,  0.0000 ,  0.0000 ,  0.0000 ,  0.0000 ,  0.0000 ,
  0.0000 ,  0.0000 ,  0.0000 ,  0.0000 ,  0.0000 ,  0.0000 ,
  0.0000 ,  0.0000 ,  0.0000 ,  0.0000 ,  0.0000 ,  0.0000 ,
  0.0000 ,  0.0000 ,  0.0000 ,  0.0000 ,  0.0000 ,  0.0000 ,
  0.0000 ,  0.0000 ,  0.0000 ,  0.0000 ,  0.0000 ,  0.0000 ,
  0.0000 ,  0.0000 ,  0.0000 ,  0.0000 ,  0.0000 ,  0.0000 ,
  0.0000 ,  0.0000 ,  0.0000 ,  0.0000 ,  0.0000 ,  0.0000 ,
  0.0000 ,  0.0000 ,  0.0000 ,  0.0000 ,  0.0000 ,  0.0000 ,
  0.0000 ,  0.0000 ,  0.0000 ,  0.0000 ,  0.0000 ,  0.0000 ,
  0.0000 ,  0.0000 ,  0.0000 ,  0.0000 ,  0.0000 ,  0.0000 ,
  0.0000 ,  0.0000 ,  0.0000 ,  0.0000 ,  0.0000 ,  0.0000 ,
  0.0000 ,  0.0000 ,  0.0000 ,  0.0000 ,  0.0000 ,  0.0000 ,
  0.0000 ,  0.0000 ,  0.0000 ,  0.0000 ,  0.0000 ,  0.0000 ,
  0.0000 ,  0.0000 ,  0.0000 ,  0.0000 ,  0.0000 ,  0.0000 ,
  0.0000 ,  0.0000 ,  0.0000 ,  0.0000 ,  0.0000 ,  0.0000 ,
  0.0000 ,  0.0000 ,  0.0000 ,  0.0000 ,  0.0000 ,  0.0000 ,
  0.0000 ,  0.0000 ,  0.0000 ,  0.0000 ,  0.0000 ,  0.0000 ,
  0.0000 ,  0.0000 ,  0.0000 ,  0.0000 ,  0.0000 ,  0.0000 ,
  0.0000 ,  0.0000 ,  0.0000 ,  0.0000 ,  0.0000 ,  0.0000 ,
  0.0000 ,  0.0000 ,  0.0000 ,  0.0000 ,  0.0000 ,  0.0000 ,
  0.0000 ,  0.0000 ,  0.0000 ,  0.0000 ,  0.0000 ,  0.0000 ,
  0.0000 ,  0.0000 ,  0.0000 ,  0.0000 ,  0.0000 ,  0.0000 ,
  0.0000 ,  0.0000 ,  0.0000 ,  0.0000 ,  0.0000 ,  0.0000 ,
  0.0000 ,  0.0000 ,  0.0000 ,  0.0000 ,  0.0000 ,  0.0000 ,
  0.0000 ,  0.0000 ,  0.0000 ,  0.0000 ,  0.0000 ,  0.0000 ,
  0.0000 ,  0.0000 ,  0.0000 ,  0.0000 ,  0.0000 ,  0.0000 ,
  0.0000 ,  0.0000 ,  0.0000 ,  0.0000 ,  0.0000 ,  0.0000 ,
  0.0000 ,  0.0000 ,  0.0000 ,  0.0000 ,  0.0000 ,  0.0000 ,
  0.0000 ,  0.0000 ,  0.0000 ,  0.0000 ,  0.0000 ,  0.0000 ,
  0.0000 ,  0.0000 ,  0.0000 ,  0.0000 ,  0.0000 ,  0.0000 ,
  0.0000 ,  0.0000 ,  0.0000 ,  0.0000 ,  0.0000 ,  0.0000 ,
  0.0000 ,  0.0000 ,  0.0000 ,  0.0000 ,  0.0000 ,  0.0000 ,
  0.0000 ,  0.0000 ,  0.0000 ,  0.0000 ,  0.0000 ,  0.0000 ,
  0.0000 ,  0.0000 ,  0.0000 ,  0.0000 ,  0.0000 ,  0.0000 ,
  0.0000 ,  0.0000 ,  0.0000 ,  0.0000 ,  0.0000 ,  0.0000 ,
  0.0000 ,  0.0000 ,  0.0000 ,  0.0000 ,  0.0000 ,  0.0000 ,
  0.0000 ,  0.0000 ,  0.0000 ,  0.0000 ,  0.0000 ,  0.0000 ,
  0.0000 ,  0.0000 ,  0.0000 ,  0.0000 ,  0.0000 ,  0.0000 ,
  0.0000 ,  0.0000 ,  0.0000 ,  0.0000 ,  0.0000 ,  0.0000 ,
  0.0000 ,  0.0000 ,  0.0000 ,  0.0000 ,  0.0000 ,  0.0000 ,
  0.0000 ,  0.0000 ,  0.0000 ,  0.0000 ,  0.0000 ,  0.0000 ,
  0.0000 ,  0.0000 ,  0.0000 ,  0.0000 ,  0.0000 ,  0.0000 ,
  0.0000 ,  0.0000 ,  0.0000 ,  0.0000 ,  0.0000 ,  0.0000 ,
  0.0000 ,  0.0000 ,  0.0000 ,  0.0000 ,  0.0000 ,  0.0000 ,
  0.0000 ,  0.0000 ,  0.0000 ,  0.0000 ,  0.0000 ,  0.0000 ,
  0.0000 ,  0.0000 ,  0.0000 ,  0.0000 ,  0.0000 ,  0.0000 ,
  0.0000 ,  0.0000 ,  0.0000 ,  0.0000 ,  0.0000 ,  0.0000 ,
  0.0000 ,  0.0000 ,  0.0000 ,  0.0000 ,  0.0000 ,  0.0000 ,
  0.0000 ,  0.0000 ,  0.0000 ,  0.0000 ,  0.0000 ,  0.0000 ,
  0.0000 ,  0.0000 ,  0.0000 ,  0.0000 ,  0.0000 ,  0.0000 ,
  0.0000 ,  0.0000 ,  0.0000 ,  0.0000 ,  0.0000 ,  0.0000 ,
  0.0000 ,  0.0000 ,  0.0000 ,  0.0000 ,  0.0000 ,  0.0000 ,
  0.0000 ,  0.0000 ,  0.0000 ,  0.0000 ,  0.0000 ,  0.0000 ,
  0.0000 ,  0.0000 ,  0.0000 ,  0.0000 ,  0.0000 ,  0.0000 ,
  0.0000 ,  0.0000 ,  0.0000 ,  0.0000 ,  0.0000 ,  0.0000 ,
  0.0000 ,  0.0000 ,  0.0000 ,  0.0000 ,  0.0000 ,  0.0000 ,
  0.0000 ,  0.0000 ,  0.0000 ,  0.0000 ,  0.0000 ,  0.0000 ,
  0.0000 ,  0.0000 ,  0.0000 ,  0.0000 ,  0.0000 ,  0.0000 ,
  0.0000 ,  0.0000 ,  0.0000 ,  0.0000 ,  0.0000 ,  0.0000 ,
  0.0000 ,  0.0000 ,  0.0000 ,  0.0000 ,  0.0000 ,  0.0000 ,
  0.0000 ,  0.0000 ,  0.0000 ,  0.0000 ,  0.0000 ,  0.0000 ,
  0.0000 ,  0.0000 ,  0.0000 ,  0.0000 ,  0.0000 ,  0.0000 ,
  0.0000 ,  0.0000 ,  0.0000 ,  0.0000 ,  0.0000 ,  0.0000 ,
  0.0000 ,  0.0000 ,  0.0000 ,  0.0000 ,  0.0000 ,  0.0000 ,
  0.0000 ,  0.0000 ,  0.0000 ,  0.0000 ,  0.0000 ,  0.0000 ,
  0.0000 ,  0.0000 ,  0.0000 ,  0.0000 ,  0.0000 ,  0.0000 ,
  0.0000 ,  0.0000 ,  0.0000 ,  0.0000 ,  0.0000 ,  0.0000 ,
  0.0000 ,  0.0000 ,  0.0000 ,  0.0000 ,  0.0000 ,  0.0000 ,
  0.0000 ,  0.0000 ,  0.0000 ,  0.0000 ,  0.0000 ,  0.0000 ,
  0.0000 ,  0.0000 ,  0.0000 ,  0.0000 ,  0.0000 ,  0.0000 ,
  0.0000 ,  0.0000 ,  0.0000 ,  0.0000 ,  0.0000 ,  0.0000 ,
  0.0000 ,  0.0000 ,  0.0000 ,  0.0000 ,  0.0000 ,  0.0000 ,
  0.0000 ,  0.0000 ,  0.0000 ,  0.0000 ,  0.0000 ,  0.0000 ,
  0.0000 ,  0.0000 ,  0.0000 ,  0.0000 ,  0.0000 ,  0.0000 ,
  0.0000 ,  0.0000 ,  0.0000 ,  0.0000 ,  0.0000 ,  0.0000 ,
  0.0000 ,  0.0000 ,  0.0000 ,  0.0000 ,  0.0000 ,  0.0000 ,
  0.0000 ,  0.0000 ,  0.0000 ,  0.0000 ,  0.0000 ,  0.0000 ,
  0.0000 ,  0.0000 ,  0.0000 ,  0.0000 ,  0.0000 ,  0.0000 ,
  0.0000 ,  0.0000 ,  0.0000 ,  0.0000 ,  0.0000 ,  0.0000 ,
  0.0000 ,  0.0000 ,  0.0000 ,  0.0000 ,  0.0000 ,  0.0000 ,
  0.0000 ,  0.0000 ,  0.0000 ,  0.0000 ,  0.0000 ,  0.0000 ,
  0.0000 ,  0.0000 ,  0.0000 ,  0.0000 ,  0.0000 ,  0.0000 ,
  0.0000 ,  0.0000 ,  0.0000 ,  0.0000 ,  0.0000 ,  0.0000 ,
  0.0000 ,  0.0000 ,  0.0000 ,  0.0000 ,  0.0000 ,  0.0000 ,
  0.0000 ,  0.0000 ,  0.0000 ,  0.0000 ,  0.0000 ,  0.0000 ,
  0.0000 ,  0.0000 ,  0.0000 ,  0.0000 ,  0.0000 ,  0.0000 ,
  0.0000 ,  0.0000 ,  0.0000 ,  0.0000 ,  0.0000 ,  0.0000 ,
  0.0000 ,  0.0000 ,  0.0000 ,  0.0000 ,  0.0000 ,  0.0000 ,
  0.0000 ,  0.0000 ,  0.0000 ,  0.0000 ,  0.0000 ,  0.0000 ,
  0.0000 ,  0.0000 ,  0.0000 ,  0.0000 ,  0.0000 ,  0.0000 ,
  0.0000 ,  0.0000 ,  0.0000 ,  0.0000 ,  0.0000 ,  0.0000 ,
  0.0000 ,  0.0000 ,  0.0000 ,  0.0000 ,  0.0000 ,  0.0000 ,
  0.0000 ,  0.0000 ,  0.0000 ,  0.0000 ,  0.0000 ,  0.0000 ,
  0.0000 ,  0.0000 ,  0.0000 ,  0.0000 ,  0.0000 ,  0.0000 ,
  0.0000 ,  0.0000 ,  0.0000 ,  0.0000 ,  0.0000 ,  0.0000 ,
  0.0000 ,  0.0000 ,  0.0000 ,  0.0000 ,  0.0000 ,  0.0000 ,
  0.0000 ,  0.0000 ,  0.0000 ,  0.0000 ,  0.0000 ,  0.0000 ,
  0.0000 ,  0.0000 ,  0.0000 ,  0.0000 ,  0.0000 ,  0.0000 ,
  0.0000 ,  0.0000 ,  0.0000 ,  0.0000 ,  0.0000 ,  0.0000 ,
  0.0000 ,  0.0000 ,  0.0000 ,  0.0000 ,  0.0000 ,  0.0000 ,
  0.0000 ,  0.0000 ,  0.0000 ,  0.0000 ,  0.0000 ,  0.0000 ,
  0.0000 ,  0.0000 ,  0.0000 ,  0.0000 ,  0.0000 ,  0.0000 ,
  0.0000 ,  0.0000 ,  0.0000 ,  0.0000 ,  0.0000 ,  0.0000 ,
  0.0000 ,  0.0000 ,  0.0000 ,  0.0000 ,  0.0000 ,  0.0000 ,
  0.0000 ,  0.0000 ,  0.0000 ,  0.0000 ,  0.0000 ,  0.0000 ,
  0.0000 ,  0.0000 ,  0.0000 ,  0.0000 ,  0.0000 ,  0.0000 ,
  0.0000 ,  0.0000 ,  0.0000 ,  0.0000 ,  0.0000 ,  0.0000 ,
  0.0000 ,  0.0000 ,  0.0000 ,  0.0000 ,  0.0000 ,  0.0000 ,
  0.0000 ,  0.0000 ,  0.0000 ,  0.0000 ,  0.0000 ,  0.0000 ,
  0.0000 ,  0.0000 ,  0.0000 ,  0.0000 ,  0.0000 ,  0.0000 ,
  0.0000 ,  0.0000 ,  0.0000 ,  0.0000 ,  0.0000 ,  0.0000 ,
  0.0000 ,  0.0000 ,  0.0000 ,  0.0000 ,  0.0000 ,  0.0000 ,
  0.0000 ,  0.0000 ,  0.0000 ,  0.0000 ,  0.0000 ,  0.0000 ,
  0.0000 ,  0.0000 ,  0.0000 ,  0.0000 ,  0.0000 ,  0.0000 ,
  0.0000 ,  0.0000 ,  0.0000 ,  0.0000 ,  0.0000 ,  0.0000 ,
  0.0000 ,  0.0000 ,  0.0000 ,  0.0000 ,  0.0000 ,  0.0000 ,
  0.0000 ,  0.0000 ,  0.0000 ,  0.0000 ,  0.0000 ,  0.0000 ,
  0.0000 ,  0.0000 ,  0.0000 ,  0.0000 ,  0.0000 ,  0.0000 ,
  0.0000 ,  0.0000 ,  0.0000 ,  0.0000 ,  0.0000 ,  0.0000 ,
  0.0000 ,  0.0000 ,  0.0000 ,  0.0000 ,  0.0000 ,  0.0000 ,
  0.0000 ,  0.0000 ,  0.0000 ,  0.0000 ,  0.0000 ,  0.0000 ,
  0.0000 ,  0.0000 ,  0.0000 ,  0.0000 ,  0.0000 ,  0.0000 ,
  0.0000 ,  0.0000 ,  0.0000 ,  0.0000 ,  0.0000 ,  0.0000 ,
  0.0000 ,  0.0000 ,  0.0000 ,  0.0000 ,  0.0000 ,  0.0000 ,
  0.0000 ,  0.0000 ,  0.0000 ,  0.0000 ,  0.0000 ,  0.0000 ,
  0.0000 ,  0.0000 ,  0.0000 ,  0.0000 ,  0.0000 ,  0.0000 ,
  0.0000 ,  0.0000 ,  0.0000 ,  0.0000 ,  0.0000 ,  0.0000 ,
  0.0000 ,  0.0000 ,  0.0000 ,  0.0000 ,  0.0000 ,  0.0000 ,
  0.0000 ,  0.0000 ,  0.0000 ,  0.0000 ,  0.0000 ,  0.0000 ,
  0.0000 ,  0.0000 ,  0.0000 ,  0.0000 ,  0.0000 ,  0.0000 ,
  0.0000 ,  0.0000 ,  0.0000 ,  0.0000 ,  0.0000 ,  0.0000 ,
  0.0000 ,  0.0000 ,  0.0000 ,  0.0000 ,  0.0000 ,  0.0000 ,
  0.0000 ,  0.0000 ,  0.0000 ,  0.0000 ,  0.0000 ,  0.0000 ,
  0.0000 ,  0.0000 ,  0.0000 ,  0.0000 ,  0.0000 ,  0.0000 ,
  0.0000 ,  0.0000 ,  0.0000 ,  0.0000 ,  0.0000 ,  0.0000 ,
  0.0000 ,  0.0000 ,  0.0000 ,  0.0000 ,  0.0000 ,  0.0000 ,
  0.0000 ,  0.0000 ,  0.0000 ,  0.0000 ,  0.0000 ,  0.0000 ,
  0.0000 ,  0.0000 ,  0.0000 ,  0.0000 ,  0.0000 ,  0.0000 ,
  0.0000 ,  0.0000 ,  0.0000 ,  0.0000 ,  0.0000 ,  0.0000 ,
  0.0000 ,  0.0000 ,  0.0000 ,  0.0000 ,  0.0000 ,  0.0000 ,
  0.0000 ,  0.0000 ,  0.0000 ,  0.0000 ,  0.0000 ,  0.0000 ,
  0.0000 ,  0.0000 ,  0.0000 ,  0.0000 ,  0.0000 ,  0.0000 ,
  0.0000 ,  0.0000 ,  0.0000 ,  0.0000 ,  0.0000 ,  0.0000 ,
  0.0000 ,  0.0000 ,  0.0000 ,  0.0000 ,  0.0000 ,  0.0000 ,
  0.0000 ,  0.0000 ,  0.0000 ,  0.0000 ,  0.0000 ,  0.0000 ,
  0.0000 ,  0.0000 ,  0.0000 ,  0.0000 ,  0.0000 ,  0.0000 ,
  0.0000 ,  0.0000 ,  0.0000 ,  0.0000 ,  0.0000 ,  0.0000 ,
  0.0000 ,  0.0000 ,  0.0000 ,  0.0000 ,  0.0000 ,  0.0000 ,
  0.0000 ,  0.0000 ,  0.0000 ,  0.0000 ,  0.0000 ,  0.0000 ,
  0.0000 ,  0.0000 ,  0.0000 ,  0.0000 ,  0.0000 ,  0.0000 ,
  0.0000 ,  0.0000 ,  0.0000 ,  0.0000 ,  0.0000 ,  0.0000 ,
  0.0000 ,  0.0000 ,  0.0000 ,  0.0000 ,  0.0000 ,  0.0000 ,
  0.0000 ,  0.0000 ,  0.0000 ,  0.0000 ,  0.0000 ,  0.0000 ,
  0.0000 ,  0.0000 ,  0.0000 ,  0.0000 ,  0.0000 ,  0.0000 ,
  0.0000 ,  0.0000 ,  0.0000 ,  0.0000 ,  0.0000 ,  0.0000 ,
  0.0000 ,  0.0000 ,  0.0000 ,  0.0000 ,  0.0000 ,  0.0000 ,
  0.0000 ,  0.0000 ,  0.0000 ,  0.0000 ,  0.0000 ,  0.0000 ,
  0.0000 ,  0.0000 ,  0.0000 ,  0.0000 ,  0.0000 ,  0.0000 ,
  0.0000 ,  0.0000 ,  0.0000 ,  0.0000 ,  0.0000 ,  0.0000 ,
  0.0000 ,  0.0000 ,  0.0000 ,  0.0000 ,  0.0000 ,  0.0000 ,
  0.0000 ,  0.0000 ,  0.0000 ,  0.0000 ,  0.0000 ,  0.0000 ,
  0.0000 ,  0.0000 ,  0.0000 ,  0.0000 ,  0.0000 ,  0.0000 ,
  0.0000 ,  0.0000 ,  0.0000 ,  0.0000 ,  0.0000 ,  0.0000 ,
  0.0000 ,  0.0000 ,  0.0000 ,  0.0000 ,  0.0000 ,  0.0000 ,
  0.0000 ,  0.0000 ,  0.0000 ,  0.0000 ,  0.0000 ,  0.0000 ,
  0.0000 ,  0.0000 ,  0.0000 ,  0.0000 ,  0.0000 ,  0.0000 ,
  0.0000 ,  0.0000 ,  0.0000 ,  0.0000 ,  0.0000 ,  0.0000 ,
  0.0000 ,  0.0000 ,  0.0000 ,  0.0000 ,  0.0000 ,  0.0000 ,
  0.0000 ,  0.0000 ,  0.0000 ,  0.0000 ,  0.0000 ,  0.0000 ,
  0.0000 ,  0.0000 ,  0.0000 ,  0.0000 ,  0.0000 ,  0.0000 ,
  0.0000 ,  0.0000 ,  0.0000 ,  0.0000 ,  0.0000 ,  0.0000 ,
  0.0000 ,  0.0000 ,  0.0000 ,  0.0000 ,  0.0000 ,  0.0000 ,
  0.0000 ,  0.0000 ,  0.0000 ,  0.0000 ,  0.0000 ,  0.0000 ,
  0.0000 ,  0.0000 ,  0.0000 ,  0.0000 ,  0.0000 ,  0.0000 ,
  0.0000 ,  0.0000 ,  0.0000 ,  0.0000 ,  0.0000 ,  0.0000 ,
  0.0000 ,  0.0000 ,  0.0000 ,  0.0000 ,  0.0000 ,  0.0000 ,
  0.0000 ,  0.0000 ,  0.0000 ,  0.0000 ,  0.0000 ,  0.0000 ,
  0.0000 ,  0.0000 ,  0.0000 ,  0.0000 ,  0.0000 ,  0.0000 ,
  0.0000 ,  0.0000 ,  0.0000 ,  0.0000 ,  0.0000 ,  0.0000 ,
  0.0000 ,  0.0000 ,  0.0000 ,  0.0000 ,  0.0000 ,  0.0000 ,
  0.0000 ,  0.0000 ,  0.0000 ,  0.0000 ,  0.0000 ,  0.0000 ,
  0.0000 ,  0.0000 ,  0.0000 ,  0.0000 ,  0.0000 ,  0.0000 ,
  0.0000 ,  0.0000 ,  0.0000 ,  0.0000 ,  0.0000 ,  0.0000 ,
  0.0000 ,  0.0000 ,  0.0000 ,  0.0000 ,  0.0000 ,  0.0000 ,
  0.0000 ,  0.0000 ,  0.0000 ,  0.0000 ,  0.0000 ,  0.0000 ,
  0.0000 ,  0.0000 ,  0.0000 ,  0.0000 ,  0.0000 ,  0.0000 ,
  0.0000 ,  0.0000 ,  0.0000 ,  0.0000 ,  0.0000 ,  0.0000 ,
  0.0000 ,  0.0000 ,  0.0000 ,  0.0000 ,  0.0000 ,  0.0000 ,
  0.0000 ,  0.0000 ,  0.0000 ,  0.0000 ,  0.0000 ,  0.0000 ,
  0.0000 ,  0.0000 ,  0.0000 ,  0.0000 ,  0.0000 ,  0.0000 ,
  0.0000 ,  0.0000 ,  0.0000 ,  0.0000 ,  0.0000 ,  0.0000 ,
  0.0000 ,  0.0000 ,  0.0000 ,  0.0000 ,  0.0000 ,  0.0000 ,
  0.0000 ,  0.0000 ,  0.0000 ,  0.0000 ,  0.0000 ,  0.0000 ,
  0.0000 ,  0.0000 ,  0.0000 ,  0.0000 ,  0.0000 ,  0.0000 ,
  0.0000 ,  0.0000 ,  0.0000 ,  0.0000 ,  0.0000 ,  0.0000 ,
  0.0000 ,  0.0000 ,  0.0000 ,  0.0000 ,  0.0000 ,  0.0000 ,
  0.0000 ,  0.0000 ,  0.0000 ,  0.0000 ,  0.0000 ,  0.0000 ,
  0.0000 ,  0.0000 ,  0.0000 ,  0.0000 ,  0.0000 ,  0.0000 ,
  0.0000 ,  0.0000 ,  0.0000 ,  0.0000 ,  0.0000 ,  0.0000 ,
  0.0000 ,  0.0000 ,  0.0000 ,  0.0000 ,  0.0000 ,  0.0000 ,
  0.0000 ,  0.0000 ,  0.0000 ,  0.0000 ,  0.0000 ,  0.0000 ,
  0.0000 ,  0.0000 ,  0.0000 ,  0.0000 ,  0.0000 ,  0.0000 ,
  0.0000 ,  0.0000 ,  0.0000 ,  0.0000 ,  0.0000 ,  0.0000 ,
  0.0000 ,  0.0000 ,  0.0000 ,  0.0000 ,  0.0000 ,  0.0000 ,
  0.0000 ,  0.0000 ,  0.0000 ,  0.0000 ,  0.0000 ,  0.0000 ,
  0.0000 ,  0.0000 ,  0.0000 ,  0.0000 ,  0.0000 ,  0.0000 ,
  0.0000 ,  0.0000 ,  0.0000 ,  0.0000 ,  0.0000 ,  0.0000 ,
  0.0000 ,  0.0000 ,  0.0000 ,  0.0000 ,  0.0000 ,  0.0000 ,
  0.0000 ,  0.0000 ,  0.0000 ,  0.0000 ,  0.0000 ,  0.0000 ,
  0.0000 ,  0.0000 ,  0.0000 ,  0.0000 ,  0.0000 ,  0.0000 ,
  0.0000 ,  0.0000 ,  0.0000 ,  0.0000 ,  0.0000 ,  0.0000 ,
  0.0000 ,  0.0000 ,  0.0000 ,  0.0000 ,  0.0000 ,  0.0000 ,
  0.0000 ,  0.0000 ,  0.0000 ,  0.0000 ,  0.0000 ,  0.0000 ,
  0.0000 ,  0.0000 ,  0.0000 ,  0.0000 ,  0.0000 ,  0.0000 ,
  0.0000 ,  0.0000 ,  0.0000 ,  0.0000 ,  0.0000 ,  0.0000 ,
  0.0000 ,  0.0000 ,  0.0000 ,  0.0000 ,  0.0000 ,  0.0000 ,
  0.0000 ,  0.0000 ,  0.0000 ,  0.0000 ,  0.0000 ,  0.0000 ,
  0.0000 ,  0.0000 ,  0.0000 ,  0.0000 ,  0.0000 ,  0.0000 ,
  0.0000 ,  0.0000 ,  0.0000 ,  0.0000 ,  0.0000 ,  0.0000 ,
  0.0000 ,  0.0000 ,  0.0000 ,  0.0000 ,  0.0000 ,  0.0000 ,
  0.0000 ,  0.0000 ,  0.0000 ,  0.0000 ,  0.0000 ,  0.0000 ,
  0.0000 ,  0.0000 ,  0.0000 ,  0.0000 ,  0.0000 ,  0.0000 ,
  0.0000 ,  0.0000 ,  0.0000 ,  0.0000 ,  0.0000 ,  0.0000 ,
  0.0000 ,  0.0000 ,  0.0000 ,  0.0000 ,  0.0000 ,  0.0000 ,
  0.0000 ,  0.0000 ,  0.0000 ,  0.0000 ,  0.0000 ,  0.0000 ,
  0.0000 ,  0.0000 ,  0.0000 ,  0.0000 ,  0.0000 ,  0.0000 ,
  0.0000 ,  0.0000 ,  0.0000 ,  0.0000 ,  0.0000 ,  0.0000 ,
  0.0000 ,  0.0000 ,  0.0000 ,  0.0000 ,  0.0000 ,  0.0000 ,
  0.0000 ,  0.0000 ,  0.0000 ,  0.0000 ,  0.0000 ,  0.0000 ,
  0.0000 ,  0.0000 ,  0.0000 ,  0.0000 ,  0.0000 ,  0.0000 ,
  0.0000 ,  0.0000 ,  0.0000 ,  0.0000 ,  0.0000 ,  0.0000 ,
  0.0000 ,  0.0000 ,  0.0000 ,  0.0000 ,  0.0000 ,  0.0000 ,
  0.0000 ,  0.0000 ,  0.0000 ,  0.0000 ,  0.0000 ,  0.0000 ,
  0.0000 ,  0.0000 ,  0.0000 ,  0.0000 ,  0.0000 ,  0.0000 ,
  0.0000 ,  0.0000 ,  0.0000 ,  0.0000 ,  0.0000 ,  0.0000 ,
  0.0000 ,  0.0000 ,  0.0000 ,  0.0000 ,  0.0000 ,  0.0000 ,
  0.0000 ,  0.0000 ,  0.0000 ,  0.0000 ,  0.0000 ,  0.0000 ,
  0.0000 ,  0.0000 ,  0.0000 ,  0.0000 ,  0.0000 ,  0.0000 ,
  0.0000 ,  0.0000 ,  0.0000 ,  0.0000 ,  0.0000 ,  0.0000 ,
  0.0000 ,  0.0000 ,  0.0000 ,  0.0000 ,  0.0000 ,  0.0000 ,
  0.0000 ,  0.0000 ,  0.0000 ,  0.0000 ,  0.0000 ,  0.0000 ,
  0.0000 ,  0.0000 ,  0.0000 ,  0.0000 ,  0.0000 ,  0.0000 ,
  0.0000 ,  0.0000 ,  0.0000 ,  0.0000 ,  0.0000 ,  0.0000 ,
  0.0000 ,  0.0000 ,  0.0000 ,  0.0000 ,  0.0000 ,  0.0000 ,
  0.0000 ,  0.0000 ,  0.0000 ,  0.0000 ,  0.0000 ,  0.0000 ,
  0.0000 ,  0.0000 ,  0.0000 ,  0.0000 ,  0.0000 ,  0.0000 ,
  0.0000 ,  0.0000 ,  0.0000 ,  0.0000 ,  0.0000 ,  0.0000 ,
  0.0000 ,  0.0000 ,  0.0000 ,  0.0000 ,  0.0000 ,  0.0000 ,
  0.0000 ,  0.0000 ,  0.0000 ,  0.0000 ,  0.0000 ,  0.0000 ,
  0.0000 ,  0.0000 ,  0.0000 ,  0.0000 ,  0.0000 ,  0.0000 ,
  0.0000 ,  0.0000 ,  0.0000 ,  0.0000 ,  0.0000 ,  0.0000 ,
  0.0000 ,  0.0000 ,  0.0000 ,  0.0000 ,  0.0000 ,  0.0000 ,
  0.0000 ,  0.0000 ,  0.0000 ,  0.0000 ,  0.0000 ,  0.0000 ,
  0.0000 ,  0.0000 ,  0.0000 ,  0.0000 ,  0.0000 ,  0.0000 ,
  0.0000 ,  0.0000 ,  0.0000 ,  0.0000 ,  0.0000 ,  0.0000 ,
  0.0000 ,  0.0000 ,  0.0000 ,  0.0000 ,  0.0000 ,  0.0000 ,
  0.0000 ,  0.0000 ,  0.0000 ,  0.0000 ,  0.0000 ,  0.0000 ,
  0.0000 ,  0.0000 ,  0.0000 ,  0.0000 ,  0.0000 ,  0.0000 ,
  0.0000 ,  0.0000 ,  0.0000 ,  0.0000 ,  0.0000 ,  0.0000 ,
  0.0000 ,  0.0000 ,  0.0000 ,  0.0000 ,  0.0000 ,  0.0000 ,
  0.0000 ,  0.0000 ,  0.0000 ,  0.0000 ,  0.0000 ,  0.0000 ,
  0.0000 ,  0.0000 ,  0.0000 ,  0.0000 ,  0.0000 ,  0.0000 ,
  0.0000 ,  0.0000 ,  0.0000 ,  0.0000 ,  0.0000 ,  0.0000 ,
  0.0000 ,  0.0000 ,  0.0000 ,  0.0000 ,  0.0000 ,  0.0000 ,
  0.0000 ,  0.0000 ,  0.0000 ,  0.0000 ,  0.0000 ,  0.0000 ,
  0.0000 ,  0.0000 ,  0.0000 ,  0.0000 ,  0.0000 ,  0.0000 ,
  0.0000 ,  0.0000 ,  0.0000 ,  0.0000 ,  0.0000 ,  0.0000 ,
  0.0000 ,  0.0000 ,  0.0000 ,  0.0000 ,  0.0000 ,  0.0000 ,
  0.0000 ,  0.0000 ,  0.0000 ,  0.0000 ,  0.0000 ,  0.0000 ,
  0.0000 ,  0.0000 ,  0.0000 ,  0.0000 ,  0.0000 ,  0.0000 ,
  0.0000 ,  0.0000 ,  0.0000 ,  0.0000 ,  0.0000 ,  0.0000 ,
  0.0000 ,  0.0000 ,  0.0000 ,  0.0000 ,  0.0000 ,  0.0000 ,
  0.0000 ,  0.0000 ,  0.0000 ,  0.0000 ,  0.0000 ,  0.0000 ,
  0.0000 ,  0.0000 ,  0.0000 ,  0.0000 ,  0.0000 ,  0.0000 ,
  0.0000 ,  0.0000 ,  0.0000 ,  0.0000 ,  0.0000 ,  0.0000 ,
  0.0000 ,  0.0000 ,  0.0000 ,  0.0000 ,  0.0000 ,  0.0000 ,
  0.0000 ,  0.0000 ,  0.0000 ,  0.0000 ,  0.0000 ,  0.0000 ,
  0.0000 ,  0.0000 ,  0.0000 ,  0.0000 ,  0.0000 ,  0.0000 ,
  0.0000 ,  0.0000 ,  0.0000 ,  0.0000 ,  0.0000 ,  0.0000 ,
  0.0000 ,  0.0000 ,  0.0000 ,  0.0000 ,  0.0000 ,  0.0000 ,
  0.0000 ,  0.0000 ,  0.0000 ,  0.0000 ,  0.0000 ,  0.0000 ,
  0.0000 ,  0.0000 ,  0.0000 ,  0.0000 ,  0.0000 ,  0.0000 ,
  0.0000 ,  0.0000 ,  0.0000 ,  0.0000 ,  0.0000 ,  0.0000 ,
  0.0000 ,  0.0000 ,  0.0000 ,  0.0000 ,  0.0000 ,  0.0000 ,
  0.0000 ,  0.0000 ,  0.0000 ,  0.0000 ,  0.0000 ,  0.0000 ,
  0.0000 ,  0.0000 ,  0.0000 ,  0.0000 ,  0.0000 ,  0.0000 ,
  0.0000 ,  0.0000 ,  0.0000 ,  0.0000 ,  0.0000 ,  0.0000 ,
  0.0000 ,  0.0000 ,  0.0000 ,  0.0000 ,  0.0000 ,  0.0000 ,
  0.0000 ,  0.0000 ,  0.0000 ,  0.0000 ,  0.0000 ,  0.0000 ,
  0.0000 ,  0.0000 ,  0.0000 ,  0.0000 ,  0.0000 ,  0.0000 ,
  0.0000 ,  0.0000 ,  0.0000 ,  0.0000 ,  0.0000 ,  0.0000 ,
  0.0000 ,  0.0000 ,  0.0000 ,  0.0000 ,  0.0000 ,  0.0000 ,
  0.0000 ,  0.0000 ,  0.0000 ,  0.0000 ,  0.0000 ,  0.0000 ,
  0.0000 ,  0.0000 ,  0.0000 ,  0.0000 ,  0.0000 ,  0.0000 ,
  0.0000 ,  0.0000 ,  0.0000 ,  0.0000 ,  0.0000 ,  0.0000 ,
  0.0000 ,  0.0000 ,  0.0000 ,  0.0000 ,  0.0000 ,  0.0000 ,
  0.0000 ,  0.0000 ,  0.0000 ,  0.0000 ,  0.0000 ,  0.0000 ,
  0.0000 ,  0.0000 ,  0.0000 ,  0.0000 ,  0.0000 ,  0.0000 ,
  0.0000 ,  0.0000 ,  0.0000 ,  0.0000 ,  0.0000 ,  0.0000 ,
  0.0000 ,  0.0000 ,  0.0000 ,  0.0000 ,  0.0000 ,  0.0000 ,
  0.0000 ,  0.0000 ,  0.0000 ,  0.0000 ,  0.0000 ,  0.0000 ,
  0.0000 ,  0.0000 ,  0.0000 ,  0.0000 ,  0.0000 ,  0.0000 ,
  0.0000 ,  0.0000 ,  0.0000 ,  0.0000 ,  0.0000 ,  0.0000 ,
  0.0000 ,  0.0000 ,  0.0000 ,  0.0000 ,  0.0000 ,  0.0000 ,
  0.0000 ,  0.0000 ,  0.0000 ,  0.0000 ,  0.0000 ,  0.0000 ,
  0.0000 ,  0.0000 ,  0.0000 ,  0.0000 ,  0.0000 ,  0.0000 ,
  0.0000 ,  0.0000 ,  0.0000 ,  0.0000 ,  0.0000 ,  0.0000 ,
  0.0000 ,  0.0000 ,  0.0000 ,  0.0000 ,  0.0000 ,  0.0000 ,
  0.0000 ,  0.0000 ,  0.0000 ,  0.0000 ,  0.0000 ,  0.0000 ,
  0.0000 ,  0.0000 ,  0.0000 ,  0.0000 ,  0.0000 ,  0.0000 ,
  0.0000 ,  0.0000 ,  0.0000 ,  0.0000 ,  0.0000 ,  0.0000 ,
  0.0000 ,  0.0000 ,  0.0000 ,  0.0000 ,  0.0000 ,  0.0000 ,
  0.0000 ,  0.0000 ,  0.0000 ,  0.0000 ,  0.0000 ,  0.0000 ,
  0.0000 ,  0.0000 ,  0.0000 ,  0.0000 ,  0.0000 ,  0.0000 ,
  0.0000 ,  0.0000 ,  0.0000 ,  0.0000 ,  0.0000 ,  0.0000 ,
  0.0000 ,  0.0000 ,  0.0000 ,  0.0000 ,  0.0000 ,  0.0000 ,
  0.0000 ,  0.0000 ,  0.0000 ,  0.0000 ,  0.0000 ,  0.0000 ,
  0.0000 ,  0.0000 ,  0.0000 ,  0.0000 ,  0.0000 ,  0.0000 ,
  0.0000 ,  0.0000 ,  0.0000 ,  0.0000 ,  0.0000 ,  0.0000 ,
  0.0000 ,  0.0000 ,  0.0000 ,  0.0000 ,  0.0000 ,  0.0000 ,
  0.0000 ,  0.0000 ,  0.0000 ,  0.0000 ,  0.0000 ,  0.0000 ,
  0.0000 ,  0.0000 ,  0.0000 ,  0.0000 ,  0.0000 ,  0.0000 ,
  0.0000 ,  0.0000 ,  0.0000 ,  0.0000 ,  0.0000 ,  0.0000 ,
  0.0000 ,  0.0000 ,  0.0000 ,  0.0000 ,  0.0000 ,  0.0000 ,
  0.0000 ,  0.0000 ,  0.0000 ,  0.0000 ,  0.0000 ,  0.0000 ,
  0.0000 ,  0.0000 ,  0.0000 ,  0.0000 ,  0.0000 ,  0.0000 ,
  0.0000 ,  0.0000 ,  0.0000 ,  0.0000 ,  0.0000 ,  0.0000 ,
  0.0000 ,  0.0000 ,  0.0000 ,  0.0000 ,  0.0000 ,  0.0000 ,
  0.0000 ,  0.0000 ,  0.0000 ,  0.0000 ,  0.0000 ,  0.0000 ,
  0.0000 ,  0.0000 ,  0.0000 ,  0.0000 ,  0.0000 ,  0.0000 ,
  0.0000 ,  0.0000 ,  0.0000 ,  0.0000 ,  0.0000 ,  0.0000 ,
  0.0000 ,  0.0000 ,  0.0000 ,  0.0000 ,  0.0000 ,  0.0000 ,
  0.0000 ,  0.0000 ,  0.0000 ,  0.0000 ,  0.0000 ,  0.0000 ,
  0.0000 ,  0.0000 ,  0.0000 ,  0.0000 ,  0.0000 ,  0.0000 ,
  0.0000 ,  0.0000 ,  0.0000 ,  0.0000 ,  0.0000 ,  0.0000 ,
  0.0000 ,  0.0000 ,  0.0000 ,  0.0000 ,  0.0000 ,  0.0000 ,
  0.0000 ,  0.0000 ,  0.0000 ,  0.0000 ,  0.0000 ,  0.0000 ,
  0.0000 ,  0.0000 ,  0.0000 ,  0.0000 ,  0.0000 ,  0.0000 ,
  0.0000 ,  0.0000 ,  0.0000 ,  0.0000 ,  0.0000 ,  0.0000 ,
  0.0000 ,  0.0000 ,  0.0000 ,  0.0000 ,  0.0000 ,  0.0000 ,
  0.0000 ,  0.0000 ,  0.0000 ,  0.0000 ,  0.0000 ,  0.0000 ,
  0.0000 ,  0.0000 ,  0.0000 ,  0.0000 ,  0.0000 ,  0.0000 ,
  0.0000 ,  0.0000 ,  0.0000 ,  0.0000 ,  0.0000 ,  0.0000 ,
  0.0000 ,  0.0000 ,  0.0000 ,  0.0000 ,  0.0000 ,  0.0000 ,
  0.0000 ,  0.0000 ,  0.0000 ,  0.0000 ,  0.0000 ,  0.0000 ,
  0.0000 ,  0.0000 ,  0.0000 ,  0.0000 ,  0.0000 ,  0.0000 ,
  0.0000 ,  0.0000 ,  0.0000 ,  0.0000 ,  0.0000 ,  0.0000 ,
  0.0000 ,  0.0000 ,  0.0000 ,  0.0000 ,  0.0000 ,  0.0000 ,
  0.0000 ,  0.0000 ,  0.0000 ,  0.0000 ,  0.0000 ,  0.0000 ,
  0.0000 ,  0.0000 ,  0.0000 ,  0.0000 ,  0.0000 ,  0.0000 ,
  0.0000 ,  0.0000 ,  0.0000 ,  0.0000 ,  0.0000 ,  0.0000 ,
  0.0000 ,  0.0000 ,  0.0000 ,  0.0000 ,  0.0000 ,  0.0000 ,
  0.0000 ,  0.0000 ,  0.0000 ,  0.0000 ,  0.0000 ,  0.0000 ,
  0.0000 ,  0.0000 ,  0.0000 ,  0.0000 ,  0.0000 ,  0.0000 ,
  0.0000 ,  0.0000 ,  0.0000 ,  0.0000 ,  0.0000 ,  0.0000 ,
  0.0000 ,  0.0000 ,  0.0000 ,  0.0000 ,  0.0000 ,  0.0000 ,
  0.0000 ,  0.0000 ,  0.0000 ,  0.0000 ,  0.0000 ,  0.0000 ,
  0.0000 ,  0.0000 ,  0.0000 ,  0.0000 ,  0.0000 ,  0.0000 ,
  0.0000 ,  0.0000 ,  0.0000 ,  0.0000 ,  0.0000 ,  0.0000 ,
  0.0000 ,  0.0000 ,  0.0000 ,  0.0000 ,  0.0000 ,  0.0000 ,
  0.0000 ,  0.0000 ,  0.0000 ,  0.0000 ,  0.0000 ,  0.0000 ,
  0.0000 ,  0.0000 ,  0.0000 ,  0.0000 ,  0.0000 ,  0.0000 ,
  0.0000 ,  0.0000 ,  0.0000 ,  0.0000 ,  0.0000 ,  0.0000 ,
  0.0000 ,  0.0000 ,  0.0000 ,  0.0000 ,  0.0000 ,  0.0000 ,
  0.0000 ,  0.0000 ,  0.0000 ,  0.0000 ,  0.0000 ,  0.0000 ,
  0.0000 ,  0.0000 ,  0.0000 ,  0.0000 ,  0.0000 ,  0.0000 ,
  0.0000 ,  0.0000 ,  0.0000 ,  0.0000 ,  0.0000 ,  0.0000 ,
  0.0000 ,  0.0000 ,  0.0000 ,  0.0000 ,  0.0000 ,  0.0000 ,
  0.0000 ,  0.0000 ,  0.0000 ,  0.0000 ,  0.0000 ,  0.0000 ,
  0.0000 ,  0.0000 ,  0.0000 ,  0.0000 ,  0.0000 ,  0.0000 ,
  0.0000 ,  0.0000 ,  0.0000 ,  0.0000 ,  0.0000 ,  0.0000 ,
  0.0000 ,  0.0000 ,  0.0000 ,  0.0000 ,  0.0000 ,  0.0000 ,
  0.0000 ,  0.0000 ,  0.0000 ,  0.0000 ,  0.0000 ,  0.0000 ,
  0.0000 ,  0.0000 ,  0.0000 ,  0.0000 ,  0.0000 ,  0.0000 ,
  0.0000 ,  0.0000 ,  0.0000 ,  0.0000 ,  0.0000 ,  0.0000 ,
  0.0000 ,  0.0000 ,  0.0000 ,  0.0000 ,  0.0000 ,  0.0000 ,
  0.0000 ,  0.0000 ,  0.0000 ,  0.0000 ,  0.0000 ,  0.0000 ,
  0.0000 ,  0.0000 ,  0.0000 ,  0.0000 ,  0.0000 ,  0.0000 ,
  0.0000 ,  0.0000 ,  0.0000 ,  0.0000 ,  0.0000 ,  0.0000 ,
  0.0000 ,  0.0000 ,  0.0000 ,  0.0000 ,  0.0000 ,  0.0000 ,
  0.0000 ,  0.0000 ,  0.0000 ,  0.0000 ,  0.0000 ,  0.0000 ,
  0.0000 ,  0.0000 ,  0.0000 ,  0.0000 ,  0.0000 ,  0.0000 ,
  0.0000 ,  0.0000 ,  0.0000 ,  0.0000 ,  0.0000 ,  0.0000 ,
  0.0000 ,  0.0000 ,  0.0000 ,  0.0000 ,  0.0000 ,  0.0000 ,
  0.0000 ,  0.0000 ,  0.0000 ,  0.0000 ,  0.0000 ,  0.0000 ,
  0.0000 ,  0.0000 ,  0.0000 ,  0.0000 ,  0.0000 ,  0.0000 ,
  0.0000 ,  0.0000 ,  0.0000 ,  0.0000 ,  0.0000 ,  0.0000 ,
  0.0000 ,  0.0000 ,  0.0000 ,  0.0000 ,  0.0000 ,  0.0000 ,
  0.0000 ,  0.0000 ,  0.0000 ,  0.0000 ,  0.0000 ,  0.0000 ,
  0.0000 ,  0.0000 ,  0.0000 ,  0.0000 ,  0.0000 ,  0.0000 ,
  0.0000 ,  0.0000 ,  0.0000 ,  0.0000 ,  0.0000 ,  0.0000 ,
  0.0000 ,  0.0000 ,  0.0000 ,  0.0000 ,  0.0000 ,  0.0000 ,
  0.0000 ,  0.0000 ,  0.0000 ,  0.0000 ,  0.0000 ,  0.0000 ,
  0.0000 ,  0.0000 ,  0.0000 ,  0.0000 ,  0.0000 ,  0.0000 ,
  0.0000 ,  0.0000 ,  0.0000 ,  0.0000 ,  0.0000 ,  0.0000 ,
  0.0000 ,  0.0000 ,  0.0000 ,  0.0000 ,  0.0000 ,  0.0000 ,
  0.0000 ,  0.0000 ,  0.0000 ,  0.0000 ,  0.0000 ,  0.0000 ,
  0.0000 ,  0.0000 ,  0.0000 ,  0.0000 ,  0.0000 ,  0.0000 ,
  0.0000 ,  0.0000 ,  0.0000 ,  0.0000 ,  0.0000 ,  0.0000 ,
  0.0000 ,  0.0000 ,  0.0000 ,  0.0000 ,  0.0000 ,  0.0000 ,
  0.0000 ,  0.0000 ,  0.0000 ,  0.0000 ,  0.0000 ,  0.0000 ,
  0.0000 ,  0.0000 ,  0.0000 ,  0.0000 ,  0.0000 ,  0.0000 ,
  0.0000 ,  0.0000 ,  0.0000 ,  0.0000 ,  0.0000 ,  0.0000 ,
  0.0000 ,  0.0000 ,  0.0000 ,  0.0000 ,  0.0000 ,  0.0000 ,
  0.0000 ,  0.0000 ,  0.0000 ,  0.0000 ,  0.0000 ,  0.0000 ,
  0.0000 ,  0.0000 ,  0.0000 ,  0.0000 ,  0.0000 ,  0.0000 ,
  0.0000 ,  0.0000 ,  0.0000 ,  0.0000 ,  0.0000 ,  0.0000 ,
  0.0000 ,  0.0000 ,  0.0000 ,  0.0000 ,  0.0000 ,  0.0000 ,
  0.0000 ,  0.0000 ,  0.0000 ,  0.0000 ,  0.0000 ,  0.0000 ,
  0.0000 ,  0.0000 ,  0.0000 ,  0.0000 ,  0.0000 ,  0.0000 ,
  0.0000 ,  0.0000 ,  0.0000 ,  0.0000 ,  0.0000 ,  0.0000 ,
  0.0000 ,  0.0000 ,  0.0000 ,  0.0000 ,  0.0000 ,  0.0000 ,
  0.0000 ,  0.0000 ,  0.0000 ,  0.0000 ,  0.0000 ,  0.0000 ,
  0.0000 ,  0.0000 ,  0.0000 ,  0.0000 ,  0.0000 ,  0.0000 ,
  0.0000 ,  0.0000 ,  0.0000 ,  0.0000 ,  0.0000 ,  0.0000 ,
  0.0000 ,  0.0000 ,  0.0000 ,  0.0000 ,  0.0000 ,  0.0000 ,
  0.0000 ,  0.0000 ,  0.0000 ,  0.0000 ,  0.0000 ,  0.0000 ,
  0.0000 ,  0.0000 ,  0.0000 ,  0.0000 ,  0.0000 ,  0.0000 ,
  0.0000 ,  0.0000 ,  0.0000 ,  0.0000 ,  0.0000 ,  0.0000 ,
  0.0000 ,  0.0000 ,  0.0000 ,  0.0000 ,  0.0000 ,  0.0000 ,
  0.0000 ,  0.0000 ,  0.0000 ,  0.0000 ,  0.0000 ,  0.0000 ,
  0.0000 ,  0.0000 ,  0.0000 ,  0.0000 ,  0.0000 ,  0.0000 ,
  0.0000 ,  0.0000 ,  0.0000 ,  0.0000 ,  0.0000 ,  0.0000 ,
  0.0000 ,  0.0000 ,  0.0000 ,  0.0000 ,  0.0000 ,  0.0000 ,
  0.0000 ,  0.0000 ,  0.0000 ,  0.0000 ,  0.0000 ,  0.0000 ,
  0.0000 ,  0.0000 ,  0.0000 ,  0.0000 ,  0.0000 ,  0.0000 ,
  0.0000 ,  0.0000 ,  0.0000 ,  0.0000 ,  0.0000 ,  0.0000 ,
  0.0000 ,  0.0000 ,  0.0000 ,  0.0000 ,  0.0000 ,  0.0000 ,
  0.0000 ,  0.0000 ,  0.0000 ,  0.0000 ,  0.0000 ,  0.0000 ,
  0.0000 ,  0.0000 ,  0.0000 ,  0.0000 ,  0.0000 ,  0.0000 ,
  0.0000 ,  0.0000 ,  0.0000 ,  0.0000 ,  0.0000 ,  0.0000 ,
  0.0000 ,  0.0000 ,  0.0000 ,  0.0000 ,  0.0000 ,  0.0000 ,
  0.0000 ,  0.0000 ,  0.0000 ,  0.0000 ,  0.0000 ,  0.0000 ,
  0.0000 ,  0.0000 ,  0.0000 ,  0.0000 ,  0.0000 ,  0.0000 ,
  0.0000 ,  0.0000 ,  0.0000 ,  0.0000 ,  0.0000 ,  0.0000 ,
  0.0000 ,  0.0000 ,  0.0000 ,  0.0000 ,  0.0000 ,  0.0000 ,
  0.0000 ,  0.0000 ,  0.0000 ,  0.0000 ,  0.0000 ,  0.0000 ,
  0.0000 ,  0.0000 ,  0.0000 ,  0.0000 ,  0.0000 ,  0.0000 ,
  0.0000 ,  0.0000 ,  0.0000 ,  0.0000 ,  0.0000 ,  0.0000 ,
  0.0000 ,  0.0000 ,  0.0000 ,  0.0000 ,  0.0000 ,  0.0000 ,
  0.0000 ,  0.0000 ,  0.0000 ,  0.0000 ,  0.0000 ,  0.0000 ,
  0.0000 ,  0.0000 ,  0.0000 ,  0.0000 ,  0.0000 ,  0.0000 ,
  0.0000 ,  0.0000 ,  0.0000 ,  0.0000 ,  0.0000 ,  0.0000 ,
  0.0000 ,  0.0000 ,  0.0000 ,  0.0000 ,  0.0000 ,  0.0000 ,
  0.0000 ,  0.0000 ,  0.0000 ,  0.0000 ,  0.0000 ,  0.0000 ,
  0.0000 ,  0.0000 ,  0.0000 ,  0.0000 ,  0.0000 ,  0.0000 ,
  0.0000 ,  0.0000 ,  0.0000 ,  0.0000 ,  0.0000 ,  0.0000 ,
  0.0000 ,  0.0000 ,  0.0000 ,  0.0000 ,  0.0000 ,  0.0000 ,
  0.0000 ,  0.0000 ,  0.0000 ,  0.0000 ,  0.0000 ,  0.0000 ,
  0.0000 ,  0.0000 ,  0.0000 ,  0.0000 ,  0.0000 ,  0.0000 ,
  0.0000 ,  0.0000 ,  0.0000 ,  0.0000 ,  0.0000 ,  0.0000 ,
  0.0000 ,  0.0000 ,  0.0000 ,  0.0000 ,  0.0000 ,  0.0000 ,
  0.0000 ,  0.0000 ,  0.0000 ,  0.0000 ,  0.0000 ,  0.0000 ,
  0.0000 ,  0.0000 ,  0.0000 ,  0.0000 ,  0.0000 ,  0.0000 ,
  0.0000 ,  0.0000 ,  0.0000 ,  0.0000 ,  0.0000 ,  0.0000 ,
  0.0000 ,  0.0000 ,  0.0000 ,  0.0000 ,  0.0000 ,  0.0000 ,
  0.0000 ,  0.0000 ,  0.0000 ,  0.0000 ,  0.0000 ,  0.0000 ,
  0.0000 ,  0.0000 ,  0.0000 ,  0.0000 ,  0.0000 ,  0.0000 ,
  0.0000 ,  0.0000 ,  0.0000 ,  0.0000 ,  0.0000 ,  0.0000 ,
  0.0000 ,  0.0000 ,  0.0000 ,  0.0000 ,  0.0000 ,  0.0000 ,
  0.0000 ,  0.0000 ,  0.0000 ,  0.0000 ,  0.0000 ,  0.0000 ,
  0.0000 ,  0.0000 ,  0.0000 ,  0.0000 ,  0.0000 ,  0.0000 ,
  0.0000 ,  0.0000 ,  0.0000 ,  0.0000 ,  0.0000 ,  0.0000 ,
  0.0000 ,  0.0000 ,  0.0000 ,  0.0000 ,  0.0000 ,  0.0000 ,
  0.0000 ,  0.0000 ,  0.0000 ,  0.0000 ,  0.0000 ,  0.0000 ,
  0.0000 ,  0.0000 ,  0.0000 ,  0.0000 ,  0.0000 ,  0.0000 ,
  0.0000 ,  0.0000 ,  0.0000 ,  0.0000 ,  0.0000 ,  0.0000 ,
  0.0000 ,  0.0000 ,  0.0000 ,  0.0000 ,  0.0000 ,  0.0000 ,
  0.0000 ,  0.0000 ,  0.0000 ,  0.0000 ,  0.0000 ,  0.0000 ,
  0.0000 ,  0.0000 ,  0.0000 ,  0.0000 ,  0.0000 ,  0.0000 ,
  0.0000 ,  0.0000 ,  0.0000 ,  0.0000 ,  0.0000 ,  0.0000 ,
  0.0000 ,  0.0000 ,  0.0000 ,  0.0000 ,  0.0000 ,  0.0000 ,
  0.0000 ,  0.0000 ,  0.0000 ,  0.0000 ,  0.0000 ,  0.0000 ,
  0.0000 ,  0.0000 ,  0.0000 ,  0.0000 ,  0.0000 ,  0.0000 ,
  0.0000 ,  0.0000 ,  0.0000 ,  0.0000 ,  0.0000 ,  0.0000 ,
  0.0000 ,  0.0000 ,  0.0000 ,  0.0000 ,  0.0000 ,  0.0000 ,
  0.0000 ,  0.0000 ,  0.0000 ,  0.0000 ,  0.0000 ,  0.0000 ,
  0.0000 ,  0.0000 ,  0.0000 ,  0.0000 ,  0.0000 ,  0.0000 ,
  0.0000 ,  0.0000 ,  0.0000 ,  0.0000 ,  0.0000 ,  0.0000 ,
  0.0000 ,  0.0000 ,  0.0000 ,  0.0000 ,  0.0000 ,  0.0000 ,
  0.0000 ,  0.0000 ,  0.0000 ,  0.0000 ,  0.0000 ,  0.0000 ,
  0.0000 ,  0.0000 ,  0.0000 ,  0.0000 ,  0.0000 ,  0.0000 ,
  0.0000 ,  0.0000 ,  0.0000 ,  0.0000 ,  0.0000 ,  0.0000 ,
  0.0000 ,  0.0000 ,  0.0000 ,  0.0000 ,  0.0000 ,  0.0000 ,
  0.0000 ,  0.0000 ,  0.0000 ,  0.0000 ,  0.0000 ,  0.0000 ,
  0.0000 ,  0.0000 ,  0.0000 ,  0.0000 ,  0.0000 ,  0.0000 ,
  0.0000 ,  0.0000 ,  0.0000 ,  0.0000 ,  0.0000 ,  0.0000 ,
  0.0000 ,  0.0000 ,  0.0000 ,  0.0000 ,  0.0000 ,  0.0000 ,
  0.0000 ,  0.0000 ,  0.0000 ,  0.0000 ,  0.0000 ,  0.0000 ,
  0.0000 ,  0.0000 ,  0.0000 ,  0.0000 ,  0.0000 ,  0.0000 ,
  0.0000 ,  0.0000 ,  0.0000 ,  0.0000 ,  0.0000 ,  0.0000 ,
  0.0000 ,  0.0000 ,  0.0000 ,  0.0000 ,  0.0000 ,  0.0000 ,
  0.0000 ,  0.0000 ,  0.0000 ,  0.0000 ,  0.0000 ,  0.0000 ,
  0.0000 ,  0.0000 ,  0.0000 ,  0.0000 ,  0.0000 ,  0.0000 ,
  0.0000 ,  0.0000 ,  0.0000 ,  0.0000 ,  0.0000 ,  0.0000 ,
  0.0000 ,  0.0000 ,  0.0000 ,  0.0000 ,  0.0000 ,  0.0000 ,
  0.0000 ,  0.0000 ,  0.0000 ,  0.0000 ,  0.0000 ,  0.0000 ,
  0.0000 ,  0.0000 ,  0.0000 ,  0.0000 ,  0.0000 ,  0.0000 ,
  0.0000 ,  0.0000 ,  0.0000 ,  0.0000 ,  0.0000 ,  0.0000 ,
  0.0000 ,  0.0000 ,  0.0000 ,  0.0000 ,  0.0000 ,  0.0000 ,
  0.0000 ,  0.0000 ,  0.0000 ,  0.0000 ,  0.0000 ,  0.0000 ,
  0.0000 ,  0.0000 ,  0.0000 ,  0.0000 ,  0.0000 ,  0.0000 ,
  0.0000 ,  0.0000 ,  0.0000 ,  0.0000 ,  0.0000 ,  0.0000 ,
  0.0000 ,  0.0000 ,  0.0000 ,  0.0000 ,  0.0000 ,  0.0000 ,
  0.0000 ,  0.0000 ,  0.0000 ,  0.0000 ,  0.0000 ,  0.0000 ,
  0.0000 ,  0.0000 ,  0.0000 ,  0.0000 ,  0.0000 ,  0.0000 ,
  0.0000 ,  0.0000 ,  0.0000 ,  0.0000 ,  0.0000 ,  0.0000 ,
  0.0000 ,  0.0000 ,  0.0000 ,  0.0000 ,  0.0000 ,  0.0000 ,
  0.0000 ,  0.0000 ,  0.0000 ,  0.0000 ,  0.0000 ,  0.0000 ,
  0.0000 ,  0.0000 ,  0.0000 ,  0.0000 ,  0.0000 ,  0.0000 ,
  0.0000 ,  0.0000 ,  0.0000 ,  0.0000 ,  0.0000 ,  0.0000 ,
  0.0000 ,  0.0000 ,  0.0000 ,  0.0000 ,  0.0000 ,  0.0000 ,
  0.0000 ,  0.0000 ,  0.0000 ,  0.0000 ,  0.0000 ,  0.0000 ,
  0.0000 ,  0.0000 ,  0.0000 ,  0.0000 ,  0.0000 ,  0.0000 ,
  0.0000 ,  0.0000 ,  0.0000 ,  0.0000 ,  0.0000 ,  0.0000 ,
  0.0000 ,  0.0000 ,  0.0000 ,  0.0000 ,  0.0000 ,  0.0000 ,
  0.0000 ,  0.0000 ,  0.0000 ,  0.0000 ,  0.0000 ,  0.0000 ,
  0.0000 ,  0.0000 ,  0.0000 ,  0.0000 ,  0.0000 ,  0.0000 ,
  0.0000 ,  0.0000 ,  0.0000 ,  0.0000 ,  0.0000 ,  0.0000 ,
  0.0000 ,  0.0000 ,  0.0000 ,  0.0000 ,  0.0000 ,  0.0000 ,
  0.0000 ,  0.0000 ,  0.0000 ,  0.0000 ,  0.0000 ,  0.0000 ,
  0.0000 ,  0.0000 ,  0.0000 ,  0.0000 ,  0.0000 ,  0.0000 ,
  0.0000 ,  0.0000 ,  0.0000 ,  0.0000 ,  0.0000 ,  0.0000 ,
  0.0000 ,  0.0000 ,  0.0000 ,  0.0000 ,  0.0000 ,  0.0000 ,
  0.0000 ,  0.0000 ,  0.0000 ,  0.0000 ,  0.0000 ,  0.0000 ,
  0.0000 ,  0.0000 ,  0.0000 ,  0.0000 ,  0.0000 ,  0.0000 ,
  0.0000 ,  0.0000 ,  0.0000 ,  0.0000 ,  0.0000 ,  0.0000 ,
  0.0000 ,  0.0000 ,  0.0000 ,  0.0000 ,  0.0000 ,  0.0000 ,
  0.0000 ,  0.0000 ,  0.0000 ,  0.0000 ,  0.0000 ,  0.0000 ,
  0.0000 ,  0.0000 ,  0.0000 ,  0.0000 ,  0.0000 ,  0.0000 ,
  0.0000 ,  0.0000 ,  0.0000 ,  0.0000 ,  0.0000 ,  0.0000 ,
  0.0000 ,  0.0000 ,  0.0000 ,  0.0000 ,  0.0000 ,  0.0000 ,
  0.0000 ,  0.0000 ,  0.0000 ,  0.0000 ,  0.0000 ,  0.0000 ,
  0.0000 ,  0.0000 ,  0.0000 ,  0.0000 ,  0.0000 ,  0.0000 ,
  0.0000 ,  0.0000 ,  0.0000 ,  0.0000 ,  0.0000 ,  0.0000 ,
  0.0000 ,  0.0000 ,  0.0000 ,  0.0000 ,  0.0000 ,  0.0000 ,
  0.0000 ,  0.0000 ,  0.0000 ,  0.0000 ,  0.0000 ,  0.0000 ,
  0.0000 ,  0.0000 ,  0.0000 ,  0.0000 ,  0.0000 ,  0.0000 ,
  0.0000 ,  0.0000 ,  0.0000 ,  0.0000 ,  0.0000 ,  0.0000 ,
  0.0000 ,  0.0000 ,  0.0000 ,  0.0000 ,  0.0000 ,  0.0000 ,
  0.0000 ,  0.0000 ,  0.0000 ,  0.0000 ,  0.0000 ,  0.0000 ,
  0.0000 ,  0.0000 ,  0.0000 ,  0.0000 ,  0.0000 ,  0.0000 ,
  0.0000 ,  0.0000 ,  0.0000 ,  0.0000 ,  0.0000 ,  0.0000 ,
  0.0000 ,  0.0000 ,  0.0000 ,  0.0000 ,  0.0000 ,  0.0000 ,
  0.0000 ,  0.0000 ,  0.0000 ,  0.0000 ,  0.0000 ,  0.0000 ,
  0.0000 ,  0.0000 ,  0.0000 ,  0.0000 ,  0.0000 ,  0.0000 ,
  0.0000 ,  0.0000 ,  0.0000 ,  0.0000 ,  0.0000 ,  0.0000 ,
  0.0000 ,  0.0000 ,  0.0000 ,  0.0000 ,  0.0000 ,  0.0000 ,
  0.0000 ,  0.0000 ,  0.0000 ,  0.0000 ,  0.0000 ,  0.0000 ,
  0.0000 ,  0.0000 ,  0.0000 ,  0.0000 ,  0.0000 ,  0.0000 ,
  0.0000 ,  0.0000 ,  0.0000 ,  0.0000 ,  0.0000 ,  0.0000 ,
  0.0000 ,  0.0000 ,  0.0000 ,  0.0000 ,  0.0000 ,  0.0000 ,
  0.0000 ,  0.0000 ,  0.0000 ,  0.0000 ,  0.0000 ,  0.0000 ,
  0.0000 ,  0.0000 ,  0.0000 ,  0.0000 ,  0.0000 ,  0.0000 ,
  0.0000 ,  0.0000 ,  0.0000 ,  0.0000 ,  0.0000 ,  0.0000 ,
  0.0000 ,  0.0000 ,  0.0000 ,  0.0000 ,  0.0000 ,  0.0000 ,
  0.0000 ,  0.0000 ,  0.0000 ,  0.0000 ,  0.0000 ,  0.0000 ,
  0.0000 ,  0.0000 ,  0.0000 ,  0.0000 ,  0.0000 ,  0.0000 ,
  0.0000 ,  0.0000 ,  0.0000 ,  0.0000 ,  0.0000 ,  0.0000 ,
  0.0000 ,  0.0000 ,  0.0000 ,  0.0000 ,  0.0000 ,  0.0000 ,
  0.0000 ,  0.0000 ,  0.0000 ,  0.0000 ,  0.0000 ,  0.0000 ,
  0.0000 ,  0.0000 ,  0.0000 ,  0.0000 ,  0.0000 ,  0.0000 ,
  0.0000 ,  0.0000 ,  0.0000 ,  0.0000 ,  0.0000 ,  0.0000 ,
  0.0000 ,  0.0000 ,  0.0000 ,  0.0000 ,  0.0000 ,  0.0000 ,
  0.0000 ,  0.0000 ,  0.0000 ,  0.0000 ,  0.0000 ,  0.0000 ,
  0.0000 ,  0.0000 ,  0.0000 ,  0.0000 ,  0.0000 ,  0.0000 ,
  0.0000 ,  0.0000 ,  0.0000 ,  0.0000 ,  0.0000 ,  0.0000 ,
  0.0000 ,  0.0000 ,  0.0000 ,  0.0000 ,  0.0000 ,  0.0000 ,
  0.0000 ,  0.0000 ,  0.0000 ,  0.0000 ,  0.0000 ,  0.0000 ,
  0.0000 ,  0.0000 ,  0.0000 ,  0.0000 ,  0.0000 ,  0.0000 ,
  0.0000 ,  0.0000 ,  0.0000 ,  0.0000 ,  0.0000 ,  0.0000 ,
  0.0000 ,  0.0000 ,  0.0000 ,  0.0000 ,  0.0000 ,  0.0000 ,
  0.0000 ,  0.0000 ,  0.0000 ,  0.0000 ,  0.0000 ,  0.0000 ,
  0.0000 ,  0.0000 ,  0.0000 ,  0.0000 ,  0.0000 ,  0.0000 ,
  0.0000 ,  0.0000 ,  0.0000 ,  0.0000 ,  0.0000 ,  0.0000 ,
  0.0000 ,  0.0000 ,  0.0000 ,  0.0000 ,  0.0000 ,  0.0000 ,
  0.0000 ,  0.0000 ,  0.0000 ,  0.0000 ,  0.0000 ,  0.0000 ,
  0.0000 ,  0.0000 ,  0.0000 ,  0.0000 ,  0.0000 ,  0.0000 ,
  0.0000 ,  0.0000 ,  0.0000 ,  0.0000 ,  0.0000 ,  0.0000 ,
  0.0000 ,  0.0000 ,  0.0000 ,  0.0000 ,  0.0000 ,  0.0000 ,
  0.0000 ,  0.0000 ,  0.0000 ,  0.0000 ,  0.0000 ,  0.0000 ,
  0.0000 ,  0.0000 ,  0.0000 ,  0.0000 ,  0.0000 ,  0.0000 ,
  0.0000 ,  0.0000 ,  0.0000 ,  0.0000 ,  0.0000 ,  0.0000 ,
  0.0000 ,  0.0000 ,  0.0000 ,  0.0000 ,  0.0000 ,  0.0000 ,
  0.0000 ,  0.0000 ,  0.0000 ,  0.0000 ,  0.0000 ,  0.0000 ,
  0.0000 ,  0.0000 ,  0.0000 ,  0.0000 ,  0.0000 ,  0.0000 ,
  0.0000 ,  0.0000 ,  0.0000 ,  0.0000 ,  0.0000 ,  0.0000 ,
  0.0000 ,  0.0000 ,  0.0000 ,  0.0000 ,  0.0000 ,  0.0000 ,
  0.0000 ,  0.0000 ,  0.0000 ,  0.0000 ,  0.0000 ,  0.0000 ,
  0.0000 ,  0.0000 ,  0.0000 ,  0.0000 ,  0.0000 ,  0.0000 ,
  0.0000 ,  0.0000 ,  0.0000 ,  0.0000 ,  0.0000 ,  0.0000 ,
  0.0000 ,  0.0000 ,  0.0000 ,  0.0000 ,  0.0000 ,  0.0000 ,
  0.0000 ,  0.0000 ,  0.0000 ,  0.0000 ,  0.0000 ,  0.0000 ,
  0.0000 ,  0.0000 ,  0.0000 ,  0.0000 ,  0.0000 ,  0.0000 ,
  0.0000 ,  0.0000 ,  0.0000 ,  0.0000 ,  0.0000 ,  0.0000 ,
  0.0000 ,  0.0000 ,  0.0000 ,  0.0000 ,  0.0000 ,  0.0000 ,
  0.0000 ,  0.0000 ,  0.0000 ,  0.0000 ,  0.0000 ,  0.0000 ,
  0.0000 ,  0.0000 ,  0.0000 ,  0.0000 ,  0.0000 ,  0.0000 ,
  0.0000 ,  0.0000 ,  0.0000 ,  0.0000 ,  0.0000 ,  0.0000 ,
  0.0000 ,  0.0000 ,  0.0000 ,  0.0000 ,  0.0000 ,  0.0000 ,
  0.0000 ,  0.0000 ,  0.0000 ,  0.0000 ,  0.0000 ,  0.0000 ,
  0.0000 ,  0.0000 ,  0.0000 ,  0.0000 ,  0.0000 ,  0.0000 ,
  0.0000 ,  0.0000 ,  0.0000 ,  0.0000 ,  0.0000 ,  0.0000 ,
  0.0000 ,  0.0000 ,  0.0000 ,  0.0000 ,  0.0000 ,  0.0000 ,
  0.0000 ,  0.0000 ,  0.0000 ,  0.0000 ,  0.0000 ,  0.0000 ,
  0.0000 ,  0.0000 ,  0.0000 ,  0.0000 ,  0.0000 ,  0.0000 ,
  0.0000 ,  0.0000 ,  0.0000 ,  0.0000 ,  0.0000 ,  0.0000 ,
  0.0000 ,  0.0000 ,  0.0000 ,  0.0000 ,  0.0000 ,  0.0000 ,
  0.0000 ,  0.0000 ,  0.0000 ,  0.0000 ,  0.0000 ,  0.0000 ,
  0.0000 ,  0.0000 ,  0.0000 ,  0.0000 ,  0.0000 ,  0.0000 ,
  0.0000 ,  0.0000 ,  0.0000 ,  0.0000 ,  0.0000 ,  0.0000 ,
  0.0000 ,  0.0000 ,  0.0000 ,  0.0000 ,  0.0000 ,  0.0000 ,
  0.0000 ,  0.0000 ,  0.0000 ,  0.0000 ,  0.0000 ,  0.0000 ,
  0.0000 ,  0.0000 ,  0.0000 ,  0.0000 ,  0.0000 ,  0.0000 ,
  0.0000 ,  0.0000 ,  0.0000 ,  0.0000 ,  0.0000 ,  0.0000 ,
  0.0000 ,  0.0000 ,  0.0000 ,  0.0000 ,  0.0000 ,  0.0000 ,
  0.0000 ,  0.0000 ,  0.0000 ,  0.0000 ,  0.0000 ,  0.0000 ,
  0.0000 ,  0.0000 ,  0.0000 ,  0.0000 ,  0.0000 ,  0.0000 ,
  0.0000 ,  0.0000 ,  0.0000 ,  0.0000 ,  0.0000 ,  0.0000 ,
  0.0000 ,  0.0000 ,  0.0000 ,  0.0000 ,  0.0000 ,  0.0000 ,
  0.0000 ,  0.0000 ,  0.0000 ,  0.0000 ,  0.0000 ,  0.0000 ,
  0.0000 ,  0.0000 ,  0.0000 ,  0.0000 ,  0.0000 ,  0.0000 ,
  0.0000 ,  0.0000 ,  0.0000 ,  0.0000 ,  0.0000 ,  0.0000 ,
  0.0000 ,  0.0000 ,  0.0000 ,  0.0000 ,  0.0000 ,  0.0000 ,
  0.0000 ,  0.0000 ,  0.0000 ,  0.0000 ,  0.0000 ,  0.0000 ,
  0.0000 ,  0.0000 ,  0.0000 ,  0.0000 ,  0.0000 ,  0.0000 ,
  0.0000 ,  0.0000 ,  0.0000 ,  0.0000 ,  0.0000 ,  0.0000 ,
  0.0000 ,  0.0000 ,  0.0000 ,  0.0000 ,  0.0000 ,  0.0000 ,
  0.0000 ,  0.0000 ,  0.0000 ,  0.0000 ,  0.0000 ,  0.0000 ,
  0.0000 ,  0.0000 ,  0.0000 ,  0.0000 ,  0.0000 ,  0.0000 ,
  0.0000 ,  0.0000 ,  0.0000 ,  0.0000 ,  0.0000 ,  0.0000 ,
  0.0000 ,  0.0000 ,  0.0000 ,  0.0000 ,  0.0000 ,  0.0000 ,
  0.0000 ,  0.0000 ,  0.0000 ,  0.0000 ,  0.0000 ,  0.0000 ,
  0.0000 ,  0.0000 ,  0.0000 ,  0.0000 ,  0.0000 ,  0.0000 ,
  0.0000 ,  0.0000 ,  0.0000 ,  0.0000 ,  0.0000 ,  0.0000 ,
  0.0000 ,  0.0000 ,  0.0000 ,  0.0000 ,  0.0000 ,  0.0000 ,
  0.0000 ,  0.0000 ,  0.0000 ,  0.0000 ,  0.0000 ,  0.0000 ,
  0.0000 ,  0.0000 ,  0.0000 ,  0.0000 ,  0.0000 ,  0.0000 ,
  0.0000 ,  0.0000 ,  0.0000 ,  0.0000 ,  0.0000 ,  0.0000 ,
  0.0000 ,  0.0000 ,  0.0000 ,  0.0000 ,  0.0000 ,  0.0000 ,
  0.0000 ,  0.0000 ,  0.0000 ,  0.0000 ,  0.0000 ,  0.0000 ,
  0.0000 ,  0.0000 ,  0.0000 ,  0.0000 ,  0.0000 ,  0.0000 ,
  0.0000 ,  0.0000 ,  0.0000 ,  0.0000 ,  0.0000 ,  0.0000 ,
  0.0000 ,  0.0000 ,  0.0000 ,  0.0000 ,  0.0000 ,  0.0000 ,
  0.0000 ,  0.0000 ,  0.0000 ,  0.0000 ,  0.0000 ,  0.0000 ,
  0.0000 ,  0.0000 ,  0.0000 ,  0.0000 ,  0.0000 ,  0.0000 ,
  0.0000 ,  0.0000 ,  0.0000 ,  0.0000 ,  0.0000 ,  0.0000 ,
  0.0000 ,  0.0000 ,  0.0000 ,  0.0000 ,  0.0000 ,  0.0000 ,
  0.0000 ,  0.0000 ,  0.0000 ,  0.0000 ,  0.0000 ,  0.0000 ,
  0.0000 ,  0.0000 ,  0.0000 ,  0.0000 ,  0.0000 ,  0.0000 ,
  0.0000 ,  0.0000 ,  0.0000 ,  0.0000 ,  0.0000 ,  0.0000 ,
  0.0000 ,  0.0000 ,  0.0000 ,  0.0000 ,  0.0000 ,  0.0000 ,
  0.0000 ,  0.0000 ,  0.0000 ,  0.0000 ,  0.0000 ,  0.0000 ,
  0.0000 ,  0.0000 ,  0.0000 ,  0.0000 ,  0.0000 ,  0.0000 ,
  0.0000 ,  0.0000 ,  0.0000 ,  0.0000 ,  0.0000 ,  0.0000 ,
  0.0000 ,  0.0000 ,  0.0000 ,  0.0000 ,  0.0000 ,  0.0000 ,
  0.0000 ,  0.0000 ,  0.0000 ,  0.0000 ,  0.0000 ,  0.0000 ,
  0.0000 ,  0.0000 ,  0.0000 ,  0.0000 ,  0.0000 ,  0.0000 ,
  0.0000 ,  0.0000 ,  0.0000 ,  0.0000 ,  0.0000 ,  0.0000 ,
  0.0000 ,  0.0000 ,  0.0000 ,  0.0000 ,  0.0000 ,  0.0000 ,
  0.0000 ,  0.0000 ,  0.0000 ,  0.0000 ,  0.0000 ,  0.0000 ,
  0.0000 ,  0.0000 ,  0.0000 ,  0.0000 ,  0.0000 ,  0.0000 ,
  0.0000 ,  0.0000 ,  0.0000 ,  0.0000 ,  0.0000 ,  0.0000 ,
  0.0000 ,  0.0000 ,  0.0000 ,  0.0000 ,  0.0000 ,  0.0000 ,
  0.0000 ,  0.0000 ,  0.0000 ,  0.0000 ,  0.0000 ,  0.0000 ,
  0.0000 ,  0.0000 ,  0.0000 ,  0.0000 ,  0.0000 ,  0.0000 ,
  0.0000 ,  0.0000 ,  0.0000 ,  0.0000 ,  0.0000 ,  0.0000 ,
  0.0000 ,  0.0000 ,  0.0000 ,  0.0000 ,  0.0000 ,  0.0000 ,
  0.0000 ,  0.0000 ,  0.0000 ,  0.0000 ,  0.0000 ,  0.0000 ,
  0.0000 ,  0.0000 ,  0.0000 ,  0.0000 ,  0.0000 ,  0.0000 ,
  0.0000 ,  0.0000 ,  0.0000 ,  0.0000 ,  0.0000 ,  0.0000 ,
  0.0000 ,  0.0000 ,  0.0000 ,  0.0000 ,  0.0000 ,  0.0000 ,
  0.0000 ,  0.0000 ,  0.0000 ,  0.0000 ,  0.0000 ,  0.0000 ,
  0.0000 ,  0.0000 ,  0.0000 ,  0.0000 ,  0.0000 ,  0.0000 ,
  0.0000 ,  0.0000 ,  0.0000 ,  0.0000 ,  0.0000 ,  0.0000 ,
  0.0000 ,  0.0000 ,  0.0000 ,  0.0000 ,  0.0000 ,  0.0000 ,
  0.0000 ,  0.0000 ,  0.0000 ,  0.0000 ,  0.0000 ,  0.0000 ,
  0.0000 ,  0.0000 ,  0.0000 ,  0.0000 ,  0.0000 ,  0.0000 ,
  0.0000 ,  0.0000 ,  0.0000 ,  0.0000 ,  0.0000 ,  0.0000 ,
  0.0000 ,  0.0000 ,  0.0000 ,  0.0000 ,  0.0000 ,  0.0000 ,
  0.0000 ,  0.0000 ,  0.0000 ,  0.0000 ,  0.0000 ,  0.0000 ,
  0.0000 ,  0.0000 ,  0.0000 ,  0.0000 ,  0.0000 ,  0.0000 ,
  0.0000 ,  0.0000 ,  0.0000 ,  0.0000 ,  0.0000 ,  0.0000 ,
  0.0000 ,  0.0000 ,  0.0000 ,  0.0000 ,  0.0000 ,  0.0000 ,
  0.0000 ,  0.0000 ,  0.0000 ,  0.0000 ,  0.0000 ,  0.0000 ,
  0.0000 ,  0.0000 ,  0.0000 ,  0.0000 ,  0.0000 ,  0.0000 ,
  0.0000 ,  0.0000 ,  0.0000 ,  0.0000 ,  0.0000 ,  0.0000 ,
  0.0000 ,  0.0000 ,  0.0000 ,  0.0000 ,  0.0000 ,  0.0000 ,
  0.0000 ,  0.0000 ,  0.0000 ,  0.0000 ,  0.0000 ,  0.0000 ,
  0.0000 ,  0.0000 ,  0.0000 ,  0.0000 ,  0.0000 ,  0.0000 ,
  0.0000 ,  0.0000 ,  0.0000 ,  0.0000 ,  0.0000 ,  0.0000 ,
  0.0000 ,  0.0000 ,  0.0000 ,  0.0000 ,  0.0000 ,  0.0000 ,
  0.0000 ,  0.0000 ,  0.0000 ,  0.0000 ,  0.0000 ,  0.0000 ,
  0.0000 ,  0.0000 ,  0.0000 ,  0.0000 ,  0.0000 ,  0.0000 ,
  0.0000 ,  0.0000 ,  0.0000 ,  0.0000 ,  0.0000 ,  0.0000 ,
  0.0000 ,  0.0000 ,  0.0000 ,  0.0000 ,  0.0000 ,  0.0000 ,
  0.0000 ,  0.0000 ,  0.0000 ,  0.0000 ,  0.0000 ,  0.0000 ,
  0.0000 ,  0.0000 ,  0.0000 ,  0.0000 ,  0.0000 ,  0.0000 ,
  0.0000 ,  0.0000 ,  0.0000 ,  0.0000 ,  0.0000 ,  0.0000 ,
  0.0000 ,  0.0000 ,  0.0000 ,  0.0000 ,  0.0000 ,  0.0000 ,
  0.0000 ,  0.0000 ,  0.0000 ,  0.0000 ,  0.0000 ,  0.0000 ,
  0.0000 ,  0.0000 ,  0.0000 ,  0.0000 ,  0.0000 ,  0.0000 ,
  0.0000 ,  0.0000 ,  0.0000 ,  0.0000 ,  0.0000 ,  0.0000 ,
  0.0000 ,  0.0000 ,  0.0000 ,  0.0000 ,  0.0000 ,  0.0000 ,
  0.0000 ,  0.0000 ,  0.0000 ,  0.0000 ,  0.0000 ,  0.0000 ,
  0.0000 ,  0.0000 ,  0.0000 ,  0.0000 ,  0.0000 ,  0.0000 ,
  0.0000 ,  0.0000 ,  0.0000 ,  0.0000 ,  0.0000 ,  0.0000 ,
  0.0000 ,  0.0000 ,  0.0000 ,  0.0000 ,  0.0000 ,  0.0000 ,
  0.0000 ,  0.0000 ,  0.0000 ,  0.0000 ,  0.0000 ,  0.0000 ,
  0.0000 ,  0.0000 ,  0.0000 ,  0.0000 ,  0.0000 ,  0.0000 ,
  0.0000 ,  0.0000 ,  0.0000 ,  0.0000 ,  0.0000 ,  0.0000 ,
  0.0000 ,  0.0000 ,  0.0000 ,  0.0000 ,  0.0000 ,  0.0000 ,
  0.0000 ,  0.0000 ,  0.0000 ,  0.0000 ,  0.0000 ,  0.0000 ,
  0.0000 ,  0.0000 ,  0.0000 ,  0.0000 ,  0.0000 ,  0.0000 ,
  0.0000 ,  0.0000 ,  0.0000 ,  0.0000 ,  0.0000 ,  0.0000 ,
  0.0000 ,  0.0000 ,  0.0000 ,  0.0000 ,  0.0000 ,  0.0000 ,
  0.0000 ,  0.0000 ,  0.0000 ,  0.0000 ,  0.0000 ,  0.0000 ,
  0.0000 ,  0.0000 ,  0.0000 ,  0.0000 ,  0.0000 ,  0.0000 ,
  0.0000 ,  0.0000 ,  0.0000 ,  0.0000 ,  0.0000 ,  0.0000 ,
  0.0000 ,  0.0000 ,  0.0000 ,  0.0000 ,  0.0000 ,  0.0000 ,
  0.0000 ,  0.0000 ,  0.0000 ,  0.0000 ,  0.0000 ,  0.0000 ,
  0.0000 ,  0.0000 ,  0.0000 ,  0.0000 ,  0.0000 ,  0.0000 ,
  0.0000 ,  0.0000 ,  0.0000 ,  0.0000 ,  0.0000 ,  0.0000 ,
  0.0000 ,  0.0000 ,  0.0000 ,  0.0000 ,  0.0000 ,  0.0000 ,
  0.0000 ,  0.0000 ,  0.0000 ,  0.0000 ,  0.0000 ,  0.0000 ,
  0.0000 ,  0.0000 ,  0.0000 ,  0.0000 ,  0.0000 ,  0.0000 ,
  0.0000 ,  0.0000 ,  0.0000 ,  0.0000 ,  0.0000 ,  0.0000 ,
  0.0000 ,  0.0000 ,  0.0000 ,  0.0000 ,  0.0000 ,  0.0000 ,
  0.0000 ,  0.0000 ,  0.0000 ,  0.0000 ,  0.0000 ,  0.0000 ,
  0.0000 ,  0.0000 ,  0.0000 ,  0.0000 ,  0.0000 ,  0.0000 ,
  0.0000 ,  0.0000 ,  0.0000 ,  0.0000 ,  0.0000 ,  0.0000 ,
  0.0000 ,  0.0000 ,  0.0000 ,  0.0000 ,  0.0000 ,  0.0000 ,
  0.0000 ,  0.0000 ,  0.0000 ,  0.0000 ,  0.0000 ,  0.0000 ,
  0.0000 ,  0.0000 ,  0.0000 ,  0.0000 ,  0.0000 ,  0.0000 ,
  0.0000 ,  0.0000 ,  0.0000 ,  0.0000 ,  0.0000 ,  0.0000 ,
  0.0000 ,  0.0000 ,  0.0000 ,  0.0000 ,  0.0000 ,  0.0000 ,
  0.0000 ,  0.0000 ,  0.0000 ,  0.0000 ,  0.0000 ,  0.0000 ,
  0.0000 ,  0.0000 ,  0.0000 ,  0.0000 ,  0.0000 ,  0.0000 ,
  0.0000 ,  0.0000 ,  0.0000 ,  0.0000 ,  0.0000 ,  0.0000 ,
  0.0000 ,  0.0000 ,  0.0000 ,  0.0000 ,  0.0000 ,  0.0000 ,
  0.0000 ,  0.0000 ,  0.0000 ,  0.0000 ,  0.0000 ,  0.0000 ,
  0.0000 ,  0.0000 ,  0.0000 ,  0.0000 ,  0.0000 ,  0.0000 ,
  0.0000 ,  0.0000 ,  0.0000 ,  0.0000 ,  0.0000 ,  0.0000 ,
  0.0000 ,  0.0000 ,  0.0000 ,  0.0000 ,  0.0000 ,  0.0000 ,
  0.0000 ,  0.0000 ,  0.0000 ,  0.0000 ,  0.0000 ,  0.0000 ,
  0.0000 ,  0.0000 ,  0.0000 ,  0.0000 ,  0.0000 ,  0.0000 ,
  0.0000 ,  0.0000 ,  0.0000 ,  0.0000 ,  0.0000 ,  0.0000 ,
  0.0000 ,  0.0000 ,  0.0000 ,  0.0000 ,  0.0000 ,  0.0000 ,
  0.0000 ,  0.0000 ,  0.0000 ,  0.0000 ,  0.0000 ,  0.0000 ,
  0.0000 ,  0.0000 ,  0.0000 ,  0.0000 ,  0.0000 ,  0.0000 ,
  0.0000 ,  0.0000 ,  0.0000 ,  0.0000 ,  0.0000 ,  0.0000 ,
  0.0000 ,  0.0000 ,  0.0000 ,  0.0000 ,  0.0000 ,  0.0000 ,
  0.0000 ,  0.0000 ,  0.0000 ,  0.0000 ,  0.0000 ,  0.0000 ,
  0.0000 ,  0.0000 ,  0.0000 ,  0.0000 ,  0.0000 ,  0.0000 ,
  0.0000 ,  0.0000 ,  0.0000 ,  0.0000 ,  0.0000 ,  0.0000 ,
  0.0000 ,  0.0000 ,  0.0000 ,  0.0000 ,  0.0000 ,  0.0000 ,
  0.0000 ,  0.0000 ,  0.0000 ,  0.0000 ,  0.0000 ,  0.0000 ,
  0.0000 ,  0.0000 ,  0.0000 ,  0.0000 ,  0.0000 ,  0.0000 ,
  0.0000 ,  0.0000 ,  0.0000 ,  0.0000 ,  0.0000 ,  0.0000 ,
  0.0000 ,  0.0000 ,  0.0000 ,  0.0000 ,  0.0000 ,  0.0000 ,
  0.0000 ,  0.0000 ,  0.0000 ,  0.0000 ,  0.0000 ,  0.0000 ,
  0.0000 ,  0.0000 ,  0.0000 ,  0.0000 ,  0.0000 ,  0.0000 ,
  0.0000 ,  0.0000 ,  0.0000 ,  0.0000 ,  0.0000 ,  0.0000 ,
  0.0000 ,  0.0000 ,  0.0000 ,  0.0000 ,  0.0000 ,  0.0000 ,
  0.0000 ,  0.0000 ,  0.0000 ,  0.0000 ,  0.0000 ,  0.0000 ,
  0.0000 ,  0.0000 ,  0.0000 ,  0.0000 ,  0.0000 ,  0.0000 ,
  0.0000 ,  0.0000 ,  0.0000 ,  0.0000 ,  0.0000 ,  0.0000 ,
  0.0000 ,  0.0000 ,  0.0000 ,  0.0000 ,  0.0000 ,  0.0000 ,
  0.0000 ,  0.0000 ,  0.0000 ,  0.0000 ,  0.0000 ,  0.0000 ,
  0.0000 ,  0.0000 ,  0.0000 ,  0.0000 ,  0.0000 ,  0.0000 ,
  0.0000 ,  0.0000 ,  0.0000 ,  0.0000 ,  0.0000 ,  0.0000 ,
  0.0000 ,  0.0000 ,  0.0000 ,  0.0000 ,  0.0000 ,  0.0000 ,
  0.0000 ,  0.0000 ,  0.0000 ,  0.0000 ,  0.0000 ,  0.0000 ,
  0.0000 ,  0.0000 ,  0.0000 ,  0.0000 ,  0.0000 ,  0.0000 ,
  0.0000 ,  0.0000 ,  0.0000 ,  0.0000 ,  0.0000 ,  0.0000 ,
  0.0000 ,  0.0000 ,  0.0000 ,  0.0000 ,  0.0000 ,  0.0000 ,
  0.0000 ,  0.0000 ,  0.0000 ,  0.0000 ,  0.0000 ,  0.0000 ,
  0.0000 ,  0.0000 ,  0.0000 ,  0.0000 ,  0.0000 ,  0.0000 ,
  0.0000 ,  0.0000 ,  0.0000 ,  0.0000 ,  0.0000 ,  0.0000 ,
  0.0000 ,  0.0000 ,  0.0000 ,  0.0000 ,  0.0000 ,  0.0000 ,
  0.0000 ,  0.0000 ,  0.0000 ,  0.0000 ,  0.0000 ,  0.0000 ,
  0.0000 ,  0.0000 ,  0.0000 ,  0.0000 ,  0.0000 ,  0.0000 ,
  0.0000 ,  0.0000 ,  0.0000 ,  0.0000 ,  0.0000 ,  0.0000 ,
  0.0000 ,  0.0000 ,  0.0000 ,  0.0000 ,  0.0000 ,  0.0000 ,
  0.0000 ,  0.0000 ,  0.0000 ,  0.0000 ,  0.0000 ,  0.0000 ,
  0.0000 ,  0.0000 ,  0.0000 ,  0.0000 ,  0.0000 ,  0.0000 ,
  0.0000 ,  0.0000 ,  0.0000 ,  0.0000 ,  0.0000 ,  0.0000 ,
  0.0000 ,  0.0000 ,  0.0000 ,  0.0000 ,  0.0000 ,  0.0000 ,
  0.0000 ,  0.0000 ,  0.0000 ,  0.0000 ,  0.0000 ,  0.0000 ,
  0.0000 ,  0.0000 ,  0.0000 ,  0.0000 ,  0.0000 ,  0.0000 ,
  0.0000 ,  0.0000 ,  0.0000 ,  0.0000 ,  0.0000 ,  0.0000 ,
  0.0000 ,  0.0000 ,  0.0000 ,  0.0000 ,  0.0000 ,  0.0000 ,
  0.0000 ,  0.0000 ,  0.0000 ,  0.0000 ,  0.0000 ,  0.0000 ,
  0.0000 ,  0.0000 ,  0.0000 ,  0.0000 ,  0.0000 ,  0.0000 ,
  0.0000 ,  0.0000 ,  0.0000 ,  0.0000 ,  0.0000 ,  0.0000 ,
  0.0000 ,  0.0000 ,  0.0000 ,  0.0000 ,  0.0000 ,  0.0000 ,
  0.0000 ,  0.0000 ,  0.0000 ,  0.0000 ,  0.0000 ,  0.0000 ,
  0.0000 ,  0.0000 ,  0.0000 ,  0.0000 ,  0.0000 ,  0.0000 ,
  0.0000 ,  0.0000 ,  0.0000 ,  0.0000 ,  0.0000 ,  0.0000 ,
  0.0000 ,  0.0000 ,  0.0000 ,  0.0000 ,  0.0000 ,  0.0000 ,
  0.0000 ,  0.0000 ,  0.0000 ,  0.0000 ,  0.0000 ,  0.0000 ,
  0.0000 ,  0.0000 ,  0.0000 ,  0.0000 ,  0.0000 ,  0.0000 ,
  0.0000 ,  0.0000 ,  0.0000 ,  0.0000 ,  0.0000 ,  0.0000 ,
  0.0000 ,  0.0000 ,  0.0000 ,  0.0000 ,  0.0000 ,  0.0000 ,
  0.0000 ,  0.0000 ,  0.0000 ,  0.0000 ,  0.0000 ,  0.0000 ,
  0.0000 ,  0.0000 ,  0.0000 ,  0.0000 ,  0.0000 ,  0.0000 ,
  0.0000 ,  0.0000 ,  0.0000 ,  0.0000 ,  0.0000 ,  0.0000 ,
  0.0000 ,  0.0000 ,  0.0000 ,  0.0000 ,  0.0000 ,  0.0000 ,
  0.0000 ,  0.0000 ,  0.0000 ,  0.0000 ,  0.0000 ,  0.0000 ,
  0.0000 ,  0.0000 ,  0.0000 ,  0.0000 ,  0.0000 ,  0.0000 ,
  0.0000 ,  0.0000 ,  0.0000 ,  0.0000 ,  0.0000 ,  0.0000 ,
  0.0000 ,  0.0000 ,  0.0000 ,  0.0000 ,  0.0000 ,  0.0000 ,
  0.0000 ,  0.0000 ,  0.0000 ,  0.0000 ,  0.0000 ,  0.0000 ,
  0.0000 ,  0.0000 ,  0.0000 ,  0.0000 ,  0.0000 ,  0.0000 ,
  0.0000 ,  0.0000 ,  0.0000 ,  0.0000 ,  0.0000 ,  0.0000 ,
  0.0000 ,  0.0000 ,  0.0000 ,  0.0000 ,  0.0000 ,  0.0000 ,
  0.0000 ,  0.0000 ,  0.0000 ,  0.0000 ,  0.0000 ,  0.0000 ,
  0.0000 ,  0.0000 ,  0.0000 ,  0.0000 ,  0.0000 ,  0.0000 ,
  0.0000 ,  0.0000 ,  0.0000 ,  0.0000 ,  0.0000 ,  0.0000 ,
  0.0000 ,  0.0000 ,  0.0000 ,  0.0000 ,  0.0000 ,  0.0000 ,
  0.0000 ,  0.0000 ,  0.0000 ,  0.0000 ,  0.0000 ,  0.0000 ,
  0.0000 ,  0.0000 ,  0.0000 ,  0.0000 ,  0.0000 ,  0.0000 ,
  0.0000 ,  0.0000 ,  0.0000 ,  0.0000 ,  0.0000 ,  0.0000 ,
  0.0000 ,  0.0000 ,  0.0000 ,  0.0000 ,  0.0000 ,  0.0000 ,
  0.0000 ,  0.0000 ,  0.0000 ,  0.0000 ,  0.0000 ,  0.0000 ,
  0.0000 ,  0.0000 ,  0.0000 ,  0.0000 ,  0.0000 ,  0.0000 ,
  0.0000 ,  0.0000 ,  0.0000 ,  0.0000 ,  0.0000 ,  0.0000 ,
  0.0000 ,  0.0000 ,  0.0000 ,  0.0000 ,  0.0000 ,  0.0000 ,
  0.0000 ,  0.0000 ,  0.0000 ,  0.0000 ,  0.0000 ,  0.0000 ,
  0.0000 ,  0.0000 ,  0.0000 ,  0.0000 ,  0.0000 ,  0.0000 ,
  0.0000 ,  0.0000 ,  0.0000 ,  0.0000 ,  0.0000 ,  0.0000 ,
  0.0000 ,  0.0000 ,  0.0000 ,  0.0000 ,  0.0000 ,  0.0000 ,
  0.0000 ,  0.0000 ,  0.0000 ,  0.0000 ,  0.0000 ,  0.0000 ,
  0.0000 ,  0.0000 ,  0.0000 ,  0.0000 ,  0.0000 ,  0.0000 ,
  0.0000 ,  0.0000 ,  0.0000 ,  0.0000 ,  0.0000 ,  0.0000 ,
  0.0000 ,  0.0000 ,  0.0000 ,  0.0000 ,  0.0000 ,  0.0000 ,
  0.0000 ,  0.0000 ,  0.0000 ,  0.0000 ,  0.0000 ,  0.0000 ,
  0.0000 ,  0.0000 ,  0.0000 ,  0.0000 ,  0.0000 ,  0.0000 ,
  0.0000 ,  0.0000 ,  0.0000 ,  0.0000 ,  0.0000 ,  0.0000 ,
  0.0000 ,  0.0000 ,  0.0000 ,  0.0000 ,  0.0000 ,  0.0000 ,
  0.0000 ,  0.0000 ,  0.0000 ,  0.0000 ,  0.0000 ,  0.0000 ,
  0.0000 ,  0.0000 ,  0.0000 ,  0.0000 ,  0.0000 ,  0.0000 ,
  0.0000 ,  0.0000 ,  0.0000 ,  0.0000 ,  0.0000 ,  0.0000 ,
  0.0000 ,  0.0000 ,  0.0000 ,  0.0000 ,  0.0000 ,  0.0000 ,
  0.0000 ,  0.0000 ,  0.0000 ,  0.0000 ,  0.0000 ,  0.0000 ,
  0.0000 ,  0.0000 ,  0.0000 ,  0.0000 ,  0.0000 ,  0.0000 ,
  0.0000 ,  0.0000 ,  0.0000 ,  0.0000 ,  0.0000 ,  0.0000 ,
  0.0000 ,  0.0000 ,  0.0000 ,  0.0000 ,  0.0000 ,  0.0000 ,
  0.0000 ,  0.0000 ,  0.0000 ,  0.0000 ,  0.0000 ,  0.0000 ,
  0.0000 ,  0.0000 ,  0.0000 ,  0.0000 ,  0.0000 ,  0.0000 ,
  0.0000 ,  0.0000 ,  0.0000 ,  0.0000 ,  0.0000 ,  0.0000 ,
  0.0000 ,  0.0000 ,  0.0000 ,  0.0000 ,  0.0000 ,  0.0000 ,
  0.0000 ,  0.0000 ,  0.0000 ,  0.0000 ,  0.0000 ,  0.0000 ,
  0.0000 ,  0.0000 ,  0.0000 ,  0.0000 ,  0.0000 ,  0.0000 ,
  0.0000 ,  0.0000 ,  0.0000 ,  0.0000 ,  0.0000 ,  0.0000 ,
  0.0000 ,  0.0000 ,  0.0000 ,  0.0000 ,  0.0000 ,  0.0000 ,
  0.0000 ,  0.0000 ,  0.0000 ,  0.0000 ,  0.0000 ,  0.0000 ,
  0.0000 ,  0.0000 ,  0.0000 ,  0.0000 ,  0.0000 ,  0.0000 ,
  0.0000 ,  0.0000 ,  0.0000 ,  0.0000 ,  0.0000 ,  0.0000 ,
  0.0000 ,  0.0000 ,  0.0000 ,  0.0000 ,  0.0000 ,  0.0000 ,
  0.0000 ,  0.0000 ,  0.0000 ,  0.0000 ,  0.0000 ,  0.0000 ,
  0.0000 ,  0.0000 ,  0.0000 ,  0.0000 ,  0.0000 ,  0.0000 ,
  0.0000 ,  0.0000 ,  0.0000 ,  0.0000 ,  0.0000 ,  0.0000 ,
  0.0000 ,  0.0000 ,  0.0000 ,  0.0000 ,  0.0000 ,  0.0000 ,
  0.0000 ,  0.0000 ,  0.0000 ,  0.0000 ,  0.0000 ,  0.0000 ,
  0.0000 ,  0.0000 ,  0.0000 ,  0.0000 ,  0.0000 ,  0.0000 ,
  0.0000 ,  0.0000 ,  0.0000 ,  0.0000 ,  0.0000 ,  0.0000 ,
  0.0000 ,  0.0000 ,  0.0000 ,  0.0000 ,  0.0000 ,  0.0000 ,
  0.0000 ,  0.0000 ,  0.0000 ,  0.0000 ,  0.0000 ,  0.0000 ,
  0.0000 ,  0.0000 ,  0.0000 ,  0.0000 ,  0.0000 ,  0.0000 ,
  0.0000 ,  0.0000 ,  0.0000 ,  0.0000 ,  0.0000 ,  0.0000 ,
  0.0000 ,  0.0000 ,  0.0000 ,  0.0000 ,  0.0000 ,  0.0000 ,
  0.0000 ,  0.0000 ,  0.0000 ,  0.0000 ,  0.0000 ,  0.0000 ,
  0.0000 ,  0.0000 ,  0.0000 ,  0.0000 ,  0.0000 ,  0.0000 ,
  0.0000 ,  0.0000 ,  0.0000 ,  0.0000 ,  0.0000 ,  0.0000 ,
  0.0000 ,  0.0000 ,  0.0000 ,  0.0000 ,  0.0000 ,  0.0000 ,
  0.0000 ,  0.0000 ,  0.0000 ,  0.0000 ,  0.0000 ,  0.0000 ,
  0.0000 ,  0.0000 ,  0.0000 ,  0.0000 ,  0.0000 ,  0.0000 ,
  0.0000 ,  0.0000 ,  0.0000 ,  0.0000 ,  0.0000 ,  0.0000 ,
  0.0000 ,  0.0000 ,  0.0000 ,  0.0000 ,  0.0000 ,  0.0000 ,
  0.0000 ,  0.0000 ,  0.0000 ,  0.0000 ,  0.0000 ,  0.0000 ,
  0.0000 ,  0.0000 ,  0.0000 ,  0.0000 ,  0.0000 ,  0.0000 ,
  0.0000 ,  0.0000 ,  0.0000 ,  0.0000 ,  0.0000 ,  0.0000 ,
  0.0000 ,  0.0000 ,  0.0000 ,  0.0000 ,  0.0000 ,  0.0000 ,
  0.0000 ,  0.0000 ,  0.0000 ,  0.0000 ,  0.0000 ,  0.0000 ,
  0.0000 ,  0.0000 ,  0.0000 ,  0.0000 ,  0.0000 ,  0.0000 ,
  0.0000 ,  0.0000 ,  0.0000 ,  0.0000 ,  0.0000 ,  0.0000 ,
  0.0000 ,  0.0000 ,  0.0000 ,  0.0000 ,  0.0000 ,  0.0000 ,
  0.0000 ,  0.0000 ,  0.0000 ,  0.0000 ,  0.0000 ,  0.0000 ,
  0.0000 ,  0.0000 ,  0.0000 ,  0.0000 ,  0.0000 ,  0.0000 ,
  0.0000 ,  0.0000 ,  0.0000 ,  0.0000 ,  0.0000 ,  0.0000 ,
  0.0000 ,  0.0000 ,  0.0000 ,  0.0000 ,  0.0000 ,  0.0000 ,
  0.0000 ,  0.0000 ,  0.0000 ,  0.0000 ,  0.0000 ,  0.0000 ,
  0.0000 ,  0.0000 ,  0.0000 ,  0.0000 ,  0.0000 ,  0.0000 ,
  0.0000 ,  0.0000 ,  0.0000 ,  0.0000 ,  0.0000 ,  0.0000 ,
  0.0000 ,  0.0000 ,  0.0000 ,  0.0000 ,  0.0000 ,  0.0000 ,
  0.0000 ,  0.0000 ,  0.0000 ,  0.0000 ,  0.0000 ,  0.0000 ,
  0.0000 ,  0.0000 ,  0.0000 ,  0.0000 ,  0.0000 ,  0.0000 ,
  0.0000 ,  0.0000 ,  0.0000 ,  0.0000 ,  0.0000 ,  0.0000 ,
  0.0000 ,  0.0000 ,  0.0000 ,  0.0000 ,  0.0000 ,  0.0000 ,
  0.0000 ,  0.0000 ,  0.0000 ,  0.0000 ,  0.0000 ,  0.0000 ,
  0.0000 ,  0.0000 ,  0.0000 ,  0.0000 ,  0.0000 ,  0.0000 ,
  0.0000 ,  0.0000 ,  0.0000 ,  0.0000 ,  0.0000 ,  0.0000 ,
  0.0000 ,  0.0000 ,  0.0000 ,  0.0000 ,  0.0000 ,  0.0000 ,
  0.0000 ,  0.0000 ,  0.0000 ,  0.0000 ,  0.0000 ,  0.0000 ,
  0.0000 ,  0.0000 ,  0.0000 ,  0.0000 ,  0.0000 ,  0.0000 ,
  0.0000 ,  0.0000 ,  0.0000 ,  0.0000 ,  0.0000 ,  0.0000 ,
  0.0000 ,  0.0000 ,  0.0000 ,  0.0000 ,  0.0000 ,  0.0000 ,
  0.0000 ,  0.0000 ,  0.0000 ,  0.0000 ,  0.0000 ,  0.0000 ,
  0.0000 ,  0.0000 ,  0.0000 ,  0.0000 ,  0.0000 ,  0.0000 ,
  0.0000 ,  0.0000 ,  0.0000 ,  0.0000 ,  0.0000 ,  0.0000 ,
  0.0000 ,  0.0000 ,  0.0000 ,  0.0000 ,  0.0000 ,  0.0000 ,
  0.0000 ,  0.0000 ,  0.0000 ,  0.0000 ,  0.0000 ,  0.0000 ,
  0.0000 ,  0.0000 ,  0.0000 ,  0.0000 ,  0.0000 ,  0.0000 ,
  0.0000 ,  0.0000 ,  0.0000 ,  0.0000 ,  0.0000 ,  0.0000 ,
  0.0000 ,  0.0000 ,  0.0000 ,  0.0000 ,  0.0000 ,  0.0000 ,
  0.0000 ,  0.0000 ,  0.0000 ,  0.0000 ,  0.0000 ,  0.0000 ,
  0.0000 ,  0.0000 ,  0.0000 ,  0.0000 ,  0.0000 ,  0.0000 ,
  0.0000 ,  0.0000 ,  0.0000 ,  0.0000 ,  0.0000 ,  0.0000 ,
  0.0000 ,  0.0000 ,  0.0000 ,  0.0000 ,  0.0000 ,  0.0000 ,
  0.0000 ,  0.0000 ,  0.0000 ,  0.0000 ,  0.0000 ,  0.0000 ,
  0.0000 ,  0.0000 ,  0.0000 ,  0.0000 ,  0.0000 ,  0.0000 ,
  0.0000 ,  0.0000 ,  0.0000 ,  0.0000 ,  0.0000 ,  0.0000 ,
  0.0000 ,  0.0000 ,  0.0000 ,  0.0000 ,  0.0000 ,  0.0000 ,
  0.0000 ,  0.0000 ,  0.0000 ,  0.0000 ,  0.0000 ,  0.0000 ,
  0.0000 ,  0.0000 ,  0.0000 ,  0.0000 ,  0.0000 ,  0.0000 ,
  0.0000 ,  0.0000 ,  0.0000 ,  0.0000 ,  0.0000 ,  0.0000 ,
  0.0000 ,  0.0000 ,  0.0000 ,  0.0000 ,  0.0000 ,  0.0000 ,
  0.0000 ,  0.0000 ,  0.0000 ,  0.0000 ,  0.0000 ,  0.0000 ,
  0.0000 ,  0.0000 ,  0.0000 ,  0.0000 ,  0.0000 ,  0.0000 ,
  0.0000 ,  0.0000 ,  0.0000 ,  0.0000 ,  0.0000 ,  0.0000 ,
  0.0000 ,  0.0000 ,  0.0000 ,  0.0000 ,  0.0000 ,  0.0000 ,
  0.0000 ,  0.0000 ,  0.0000 ,  0.0000 ,  0.0000 ,  0.0000 ,
  0.0000 ,  0.0000 ,  0.0000 ,  0.0000 ,  0.0000 ,  0.0000 ,
  0.0000 ,  0.0000 ,  0.0000 ,  0.0000 ,  0.0000 ,  0.0000 ,
  0.0000 ,  0.0000 ,  0.0000 ,  0.0000 ,  0.0000 ,  0.0000 ,
  0.0000 ,  0.0000 ,  0.0000 ,  0.0000 ,  0.0000 ,  0.0000 ,
  0.0000 ,  0.0000 ,  0.0000 ,  0.0000 ,  0.0000 ,  0.0000 ,
  0.0000 ,  0.0000 ,  0.0000 ,  0.0000 ,  0.0000 ,  0.0000 ,
  0.0000 ,  0.0000 ,  0.0000 ,  0.0000 ,  0.0000 ,  0.0000 ,
  0.0000 ,  0.0000 ,  0.0000 ,  0.0000 ,  0.0000 ,  0.0000 ,
  0.0000 ,  0.0000 ,  0.0000 ,  0.0000 ,  0.0000 ,  0.0000 ,
  0.0000 ,  0.0000 ,  0.0000 ,  0.0000 ,  0.0000 ,  0.0000 ,
  0.0000 ,  0.0000 ,  0.0000 ,  0.0000 ,  0.0000 ,  0.0000 ,
  0.0000 ,  0.0000 ,  0.0000 ,  0.0000 ,  0.0000 ,  0.0000 ,
  0.0000 ,  0.0000 ,  0.0000 ,  0.0000 ,  0.0000 ,  0.0000 ,
  0.0000 ,  0.0000 ,  0.0000 ,  0.0000 ,  0.0000 ,  0.0000 ,
  0.0000 ,  0.0000 ,  0.0000 ,  0.0000 ,  0.0000 ,  0.0000 ,
  0.0000 ,  0.0000 ,  0.0000 ,  0.0000 ,  0.0000 ,  0.0000 ,
  0.0000 ,  0.0000 ,  0.0000 ,  0.0000 ,  0.0000 ,  0.0000 ,
  0.0000 ,  0.0000 ,  0.0000 ,  0.0000 ,  0.0000 ,  0.0000 ,
  0.0000 ,  0.0000 ,  0.0000 ,  0.0000 ,  0.0000 ,  0.0000 ,
  0.0000 ,  0.0000 ,  0.0000 ,  0.0000 ,  0.0000 ,  0.0000 ,
  0.0000 ,  0.0000 ,  0.0000 ,  0.0000 ,  0.0000 ,  0.0000 ,
  0.0000 ,  0.0000 ,  0.0000 ,  0.0000 ,  0.0000 ,  0.0000 ,
  0.0000 ,  0.0000 ,  0.0000 ,  0.0000 ,  0.0000 ,  0.0000 ,
  0.0000 ,  0.0000 ,  0.0000 ,  0.0000 ,  0.0000 ,  0.0000 ,
  0.0000 ,  0.0000 ,  0.0000 ,  0.0000 ,  0.0000 ,  0.0000 ,
  0.0000 ,  0.0000 ,  0.0000 ,  0.0000 ,  0.0000 ,  0.0000 ,
  0.0000 ,  0.0000 ,  0.0000 ,  0.0000 ,  0.0000 ,  0.0000 ,
