 -0.0818 , -0.0413 , -0.4766 , -0.6980 , -0.1203 ,  0.6558 ,
 -0.1613 ,  0.0412 , -0.1603 ,  0.7196 , -0.2603 ,  0.0018 ,
 -0.0008 , -0.1631 ,  0.0003 , -1.3039 ,  0.6535 , -0.0000 ,
 -0.0409 , -0.0409 , -0.1590 , -0.7082 ,  1.1887 , -0.3234 ,
 -0.0009 , -0.0414 , -0.3172 ,  0.0712 , -0.6160 ,  0.0036 ,
 -0.0803 , -0.0397 ,  0.1582 ,  0.8405 ,  0.4979 ,  0.6440 ,
 -0.0003 , -0.0003 , -0.1586 ,  0.7797 , -1.2454 , -0.3234 ,
 -0.1213 , -0.0810 , -0.0011 ,  1.6735 , -0.1731 ,  0.3253 ,
 -0.0403 ,  0.0822 ,  0.1579 ,  0.6421 ,  1.1599 ,  0.3155 ,
 -0.0810 , -0.0811 , -0.0007 ,  0.8984 , -0.1102 , -0.6505 ,
 -0.0403 ,  0.0002 , -0.0004 , -0.7745 , -0.6853 , -0.9757 ,
  0.0812 , -0.0410 ,  0.1585 , -1.5070 ,  0.7594 ,  0.6548 ,
 -0.0409 , -0.0409 , -0.1590 , -0.7082 ,  1.1887 , -0.3234 ,
  0.0000 ,  0.0000 ,  0.0000 , -2.3245 , -0.6223 ,  0.0000 ,
  0.0394 , -0.0416 , -0.3168 ,  0.0709 ,  1.3138 ,  0.0036 ,
 -0.0008 , -0.0818 , -0.1585 ,  0.9026 ,  1.2594 ,  0.0018 ,
  0.0400 ,  0.0807 , -0.3170 ,  0.6613 ,  1.2904 , -0.3217 ,
 -0.1212 ,  0.0815 , -0.3186 , -2.4369 ,  0.4164 ,  0.0036 ,
 -0.0003 , -0.0003 , -0.1586 ,  0.0049 ,  1.8661 ,  0.3270 ,
  0.0001 , -0.1217 ,  0.3175 ,  1.7241 ,  1.2694 , -0.3288 ,
  0.0401 , -0.0410 ,  0.0005 , -0.7138 ,  0.6930 ,  0.3252 ,
 -0.0804 , -0.1212 ,  0.3168 ,  0.9547 , -0.1024 ,  0.3240 ,
  0.0809 , -0.0001 ,  0.1594 ,  1.5441 ,  0.7488 , -0.9776 ,
 -0.0406 , -0.0001 , -0.1590 ,  0.0052 ,  1.1808 ,  0.0018 ,
 -0.0808 ,  0.1226 ,  0.1565 , -0.1852 ,  2.3422 , -0.9804 ,
 -0.1205 , -0.0802 ,  0.3162 ,  0.1145 ,  0.4493 , -0.3071 ,
 -0.0001 , -0.0812 ,  0.1588 ,  0.1180 ,  0.0164 ,  0.3234 ,
 -0.1615 ,  0.0005 , -0.1603 ,  0.0063 ,  0.9922 , -0.3234 ,
 -0.0809 ,  0.0001 , -0.1594 , -0.7693 ,  0.4957 ,  0.3270 ,
 -0.0812 , -0.0407 , -0.1594 ,  0.0670 ,  0.5035 ,  0.3270 ,
 -0.0810 , -0.0811 , -0.0007 , -1.4261 , -1.3549 ,  0.3252 ,
 -0.0812 , -0.0407 , -0.1594 ,  1.6166 ,  1.1257 , -0.3234 ,
 -0.0404 ,  0.0819 ,  0.1573 , -0.1246 ,  1.1667 ,  0.9779 ,
  0.0008 ,  0.0818 ,  0.1585 , -0.1278 , -0.0149 , -0.0018 ,
  0.0394 , -0.0416 , -0.3168 , -0.7040 , -0.5531 ,  0.3288 ,
 -0.0408 ,  0.0403 , -0.3178 ,  0.7235 ,  1.1724 ,  0.6541 ,
 -0.1606 ,  0.1231 , -0.0018 , -0.9579 ,  0.3472 , -0.3252 ,
  0.0399 , -0.0005 , -0.1582 , -0.7703 ,  1.3067 ,  0.3270 ,
  0.0007 ,  0.0006 ,  0.3173 , -0.0098 , -0.6208 , -0.0036 ,
 -0.0815 , -0.0410 , -0.3180 , -0.7029 ,  0.5027 ,  0.6541 ,
 -0.0808 ,  0.0409 ,  0.1562 , -0.8343 ,  2.9729 ,  0.3325 ,
 -0.2021 ,  0.0414 ,  0.1547 , -1.6270 , -0.3293 ,  0.3358 ,
 -0.0007 , -0.0006 , -0.3173 ,  0.7846 , -1.2461 ,  0.0036 ,
  0.0385 , -0.0830 , -0.6340 ,  0.1421 ,  0.0755 ,  0.0071 ,
  0.0395 , -0.0820 , -0.1581 , -0.6474 ,  1.3222 , -0.3235 ,
 -0.0404 ,  0.0406 , -0.1591 , -0.0562 ,  3.6621 , -0.6487 ,
 -0.0008 , -0.0818 , -0.1585 ,  0.1278 ,  0.6371 ,  0.0018 ,
 -0.0399 ,  0.0005 ,  0.1582 , -0.0045 ,  1.1824 ,  0.3234 ,
 -0.0003 , -0.1220 ,  0.1589 ,  1.7292 ,  1.2687 , -0.0018 ,
 -0.0816 , -0.1222 , -0.1592 , -1.3598 , -0.7255 ,  0.0018 ,
 -0.0412 , -0.0412 , -0.3176 , -0.7033 ,  0.5656 , -0.3217 ,
 -0.0809 ,  0.0001 , -0.1594 , -1.5442 , -0.1266 ,  0.0018 ,
 -0.0815 , -0.0410 , -0.3180 ,  0.0719 ,  1.7474 ,  0.6541 ,
 -0.1205 , -0.0397 ,  0.3157 , -0.7182 ,  0.4400 , -0.0037 ,
  0.0001 , -0.0405 ,  0.1587 ,  0.8314 ,  1.2530 ,  0.3234 ,
 -0.0807 ,  0.0408 , -0.1595 , -0.8308 ,  0.4879 ,  0.6523 ,
  0.0795 , -0.0825 , -0.3163 , -1.4178 ,  2.0067 , -0.3217 ,
 -0.0406 ,  0.0811 , -0.3178 , -1.6626 , -0.0800 , -0.3217 ,
 -0.0802 ,  0.0007 ,  0.1578 ,  1.5453 , -0.1251 ,  0.3234 ,
 -0.1613 , -0.0807 ,  0.1562 , -0.6444 ,  1.0157 , -1.2907 ,
 -0.0410 , -0.0004 , -0.3177 , -0.7648 ,  1.8024 , -1.2974 ,
 -0.0407 , -0.0813 , -0.0003 , -0.6516 ,  1.1972 , -0.3252 ,
 -0.0819 , -0.1225 , -0.3179 , -0.5800 ,  1.1406 , -0.3217 ,
 -0.0401 ,  0.0410 , -0.0005 ,  0.7137 ,  0.5515 , -0.3252 ,
 -0.0789 ,  0.0425 ,  0.6338 ,  1.4750 , -0.1338 , -0.3330 ,
 -0.0806 , -0.0402 ,  0.1569 , -0.7082 ,  1.1296 ,  0.0067 ,
 -0.0403 ,  0.0414 ,  0.1576 , -0.0637 ,  1.1760 , -0.3238 ,
 -0.0816 , -0.2034 , -0.0004 ,  0.3080 ,  2.4022 ,  0.0000 ,
  0.0406 ,  0.0001 ,  0.1590 ,  0.7696 ,  0.0637 , -0.0018 ,
 -0.0401 ,  0.0410 , -0.0005 , -1.6109 ,  1.1737 ,  0.0000 ,
 -0.1214 , -0.0405 , -0.1598 ,  0.0674 , -0.1817 ,  0.3270 ,
 -0.1193 ,  0.1641 ,  0.1575 , -0.2508 , -0.8356 , -0.0040 ,
  0.0389 , -0.0014 , -0.6342 ,  0.7940 ,  1.3045 ,  0.3323 ,
 -0.0406 , -0.0001 , -0.1590 , -0.7697 ,  1.8031 ,  0.0018 ,
 -0.0799 ,  0.0010 ,  0.3165 , -0.0091 ,  0.4979 ,  0.6469 ,
 -0.0406 , -0.0001 , -0.1590 ,  0.7801 ,  0.5586 , -0.6487 ,
 -0.1619 ,  0.0002 , -0.3189 , -1.5387 , -0.8755 ,  0.0036 ,
  0.0805 ,  0.0401 , -0.1579 , -0.8322 ,  1.3617 ,  0.0018 ,
 -0.0406 , -0.0812 ,  0.1580 ,  0.8977 , -0.6716 ,  0.6497 ,
  0.0003 , -0.0809 ,  0.3174 , -1.4367 , -0.6052 ,  0.3217 ,
 -0.0007 , -0.0006 , -0.3173 ,  0.7846 , -0.0015 ,  0.0036 ,
  0.0402 , -0.0816 ,  0.1590 ,  0.9037 ,  0.0731 ,  0.3186 ,
 -0.0404 ,  0.0406 , -0.1591 , -0.0562 , -1.3161 ,  0.0018 ,
  0.0802 , -0.0007 , -0.1578 ,  1.5539 , -1.7420 ,  0.3270 ,
 -0.0401 ,  0.0410 , -0.0005 , -0.0611 ,  2.4182 ,  0.3252 ,
 -0.0416 , -0.1227 , -0.3174 ,  0.1945 ,  0.5813 , -0.3217 ,
 -0.0394 , -0.0392 ,  0.4753 ,  0.0504 ,  1.1921 , -0.0025 ,
  0.0397 , -0.0413 , -0.1582 , -1.4837 ,  0.6922 , -0.6487 ,
 -0.1212 ,  0.0003 , -0.1599 , -0.7690 , -2.0566 ,  0.6523 ,
 -0.0809 ,  0.0001 , -0.1594 , -0.7693 ,  0.4957 ,  0.3270 ,
 -0.1212 ,  0.0003 , -0.1599 , -0.7690 , -0.1895 ,  0.0018 ,
 -0.1214 , -0.0405 , -0.1598 , -0.7075 ,  0.4406 , -0.6487 ,
 -0.1216 , -0.0000 , -0.3185 , -0.7641 , -0.1903 ,  0.0036 ,
 -0.0408 ,  0.0403 , -0.3178 ,  1.4983 ,  1.7946 , -0.3217 ,
 -0.0002 , -0.0408 ,  0.0001 , -0.7134 ,  0.0078 ,  0.3252 ,
 -0.0802 ,  0.0007 ,  0.1578 , -0.7791 , -0.7474 ,  0.3234 ,
 -0.0807 ,  0.0408 , -0.1595 ,  1.4937 , -0.1344 ,  0.3270 ,
 -0.0401 ,  0.0410 , -0.0005 , -0.8360 ,  1.1737 ,  0.3252 ,
 -0.0802 ,  0.0007 ,  0.1578 , -1.5540 ,  0.4972 , -0.3270 ,
 -0.1615 ,  0.0005 , -0.1603 ,  0.0063 , -1.4970 ,  0.3270 ,
 -0.0404 ,  0.0406 , -0.1591 , -0.0562 ,  0.5508 ,  0.3270 ,
  0.0399 , -0.0005 , -0.1582 , -1.5453 ,  0.6844 ,  0.0018 ,
  0.0809 , -0.0001 ,  0.1594 , -0.7805 ,  1.3711 , -0.6523 ,
  0.0798 ,  0.0395 , -0.4752 , -0.0475 ,  0.1158 ,  0.0053 ,
 -0.0006 , -0.0411 , -0.1586 ,  0.8411 ,  0.0071 , -0.3234 ,
 -0.1229 , -0.1230 , -0.6355 ,  1.7546 , -0.1683 ,  0.0071 ,
  0.0000 ,  0.0000 ,  0.0000 , -0.7748 , -0.6223 ,  0.3252 ,
  0.0401 , -0.0410 ,  0.0005 ,  1.6107 ,  1.9376 , -0.9757 ,
 -0.0802 ,  0.0007 ,  0.1578 , -0.0042 ,  0.4972 , -0.0018 ,
 -0.0806 ,  0.0004 , -0.0008 ,  0.0007 ,  1.1186 ,  0.0000 ,
  0.0390 , -0.1231 , -0.3166 ,  0.9686 , -1.1598 , -0.6469 ,
 -0.0407 , -0.0813 , -0.0003 ,  0.1233 ,  1.8195 , -0.3252 ,
  0.0408 , -0.1213 ,  0.4764 ,  0.1699 ,  0.7100 ,  0.3028 ,
 -0.0397 ,  0.1225 , -0.0006 , -1.7338 ,  0.5359 , -0.3252 ,
  0.1204 ,  0.0396 , -0.3161 , -0.0527 ,  0.8017 ,  0.0035 ,
  0.0396 , -0.0008 , -0.3169 ,  0.0094 ,  1.3059 , -0.6469 ,
  0.0409 , -0.0410 ,  0.1598 ,  2.4236 ,  1.2922 ,  0.3029 ,
 -0.0404 ,  0.0406 , -0.1591 , -0.0562 , -0.0715 ,  0.6522 ,
 -0.0817 , -0.0818 , -0.3179 ,  0.1334 ,  0.5105 , -0.3217 ,
 -0.1216 , -0.0815 ,  0.1570 ,  1.6933 , -0.7942 ,  0.0103 ,
 -0.0812 , -0.0407 , -0.1594 ,  0.8418 ,  0.5035 , -0.3234 ,
 -0.0388 ,  0.0827 ,  0.4755 ,  1.4228 , -0.0796 ,  0.3182 ,
 -0.0007 , -0.0006 , -0.3173 , -0.7651 ,  0.6208 ,  0.0036 ,
 -0.0002 , -0.0408 ,  0.0001 , -1.4883 ,  1.2524 , -0.0000 ,
 -0.1614 , -0.0400 , -0.0015 , -0.7120 ,  0.3784 ,  0.6505 ,
 -0.0413 , -0.0007 , -0.4763 , -2.3098 ,  1.1793 , -0.9704 ,
 -0.1207 ,  0.0413 , -0.0013 , -0.0604 ,  1.0479 ,  0.0000 ,
  0.0396 , -0.0008 , -0.3169 , -1.5403 , -0.5609 ,  0.6540 ,
  0.0400 ,  0.0807 , -0.3170 , -0.1135 ,  1.9127 ,  0.0036 ,
 -0.0413 , -0.1224 , -0.1588 ,  0.1896 , -0.0402 ,  0.6522 ,
  0.0406 ,  0.0001 ,  0.1590 ,  0.7696 ,  1.3082 ,  0.3234 ,
 -0.1612 ,  0.0008 , -0.0016 , -0.7735 ,  0.3706 , -0.3252 ,
 -0.0795 ,  0.1229 ,  0.3159 , -0.9674 , -0.1461 ,  0.3336 ,
 -0.0806 ,  0.0004 , -0.0008 , -1.5490 ,  0.4964 , -0.3252 ,
 -0.0008 , -0.1631 ,  0.0003 , -1.3039 ,  0.0312 , -0.0000 ,
 -0.0799 , -0.0395 ,  0.4739 , -1.4958 ,  1.1283 ,  0.6320 ,
 -0.0392 ,  0.0011 ,  0.4755 , -1.5641 ,  1.1839 ,  0.6451 ,
 -0.0406 , -0.0001 , -0.1590 ,  0.7801 ,  1.8031 ,  0.0018 ,
 -0.0813 , -0.0002 , -0.3181 , -0.7644 ,  0.4950 ,  0.0036 ,
 -0.0003 , -0.0003 , -0.1586 , -1.5449 ,  1.2438 , -0.3234 ,
 -0.1214 , -0.0405 , -0.1598 , -0.7075 , -1.4263 , -0.3234 ,
 -0.0007 , -0.0006 , -0.3173 ,  0.7846 , -0.6238 ,  0.3288 ,
 -0.1205 ,  0.0009 ,  0.1574 , -1.5536 , -0.8103 , -0.0018 ,
 -0.0410 , -0.0004 , -0.3177 ,  0.7850 , -0.0644 ,  0.3288 ,
 -0.0401 ,  0.0410 , -0.0005 , -0.0611 ,  1.1737 , -0.3252 ,
 -0.0411 , -0.0817 , -0.1589 ,  1.6777 , -0.6704 ,  0.0018 ,
  0.0798 ,  0.0395 , -0.4752 , -1.5973 , -0.5066 ,  0.3306 ,
 -0.1200 , -0.0391 ,  0.4747 ,  0.0483 ,  0.4417 , -0.3033 ,
  0.0406 ,  0.1218 , -0.1585 , -0.1798 , -0.5836 ,  0.3270 ,
  0.0002 ,  0.0408 , -0.0001 , -1.6112 , -0.0078 ,  0.3252 ,
 -0.1220 , -0.0816 , -0.3183 , -1.4160 ,  0.4476 ,  0.3288 ,
  0.0404 ,  0.0810 , -0.1584 , -0.1184 ,  1.2910 , -0.3235 ,
 -0.0009 , -0.0414 , -0.3172 ,  0.0712 ,  0.0063 ,  0.9793 ,
  0.0001 , -0.0405 ,  0.1587 ,  1.6062 ,  1.8753 , -0.0018 ,
 -0.0006 , -0.0411 , -0.1586 ,  0.8412 ,  1.8739 ,  0.3270 ,
 -0.1219 , -0.0003 , -0.4771 , -0.7592 ,  1.0535 , -0.3199 ,
 -0.0808 , -0.0404 , -0.0007 , -0.7128 , -1.3627 ,  0.3252 ,
 -0.2011 ,  0.0013 ,  0.1566 , -0.7780 , -0.9362 ,  0.6487 ,
 -0.0396 ,  0.0008 ,  0.3169 ,  0.7654 ,  0.5608 , -0.0036 ,
 -0.0418 , -0.0823 , -0.4762 , -1.4118 ,  1.1949 ,  0.3306 ,
 -0.0815 , -0.0410 , -0.3180 , -3.0276 , -0.1195 ,  0.0036 ,
 -0.1205 ,  0.0009 ,  0.1574 , -1.5536 , -0.1880 , -0.0018 ,
  0.0011 ,  0.0821 ,  0.3171 ,  0.6421 ,  1.2303 ,  0.3217 ,
 -0.0810 , -0.0811 , -0.0007 ,  0.8984 ,  1.1343 ,  0.0000 ,
 -0.0402 ,  0.0814 , -0.1592 , -1.6675 ,  0.5430 , -0.9740 ,
 -0.0402 ,  0.1626 , -0.3180 , -1.0106 , -1.3403 ,  0.6541 ,
 -0.0004 , -0.0815 ,  0.0002 ,  0.8977 , -0.6067 , -1.3010 ,
 -0.0812 ,  0.0810 , -0.4769 , -0.1076 , -1.3884 ,  0.0054 ,
 -0.1198 ,  0.0015 ,  0.4747 , -1.5634 , -0.8088 ,  0.3199 ,
  0.0403 , -0.0002 ,  0.0004 , -1.5501 ,  0.6852 ,  0.3252 ,
 -0.1210 ,  0.0410 , -0.1599 ,  2.2689 ,  1.0472 ,  0.3270 ,
 -0.1211 , -0.0402 , -0.0011 ,  0.0625 , -2.0481 , -0.3252 ,
 -0.1605 ,  0.0014 ,  0.3157 ,  0.7664 ,  0.3721 , -0.0035 ,
  0.0404 ,  0.0810 , -0.1584 ,  1.4313 ,  1.2910 ,  0.0018 ,
 -0.0403 , -0.0405 ,  0.1579 ,  3.2200 , -0.0618 ,  0.3319 ,
  0.0398 ,  0.0400 , -0.3170 ,  0.7228 , -0.5687 ,  0.3288 ,
 -0.0003 , -0.0003 , -0.1586 , -0.7700 ,  0.6215 ,  0.3270 ,
  0.0387 , -0.0422 , -0.6341 , -1.4691 ,  0.6900 ,  0.0071 ,
 -0.0399 ,  0.0414 ,  0.1579 , -0.0653 ,  0.5511 , -0.0010 ,
 -0.0004 , -0.0815 ,  0.0002 ,  0.1229 ,  2.5048 ,  0.3252 ,
  0.0805 ,  0.0401 , -0.1579 , -0.0573 ,  1.3617 , -0.3235 ,
  0.0409 ,  0.0408 ,  0.1592 , -0.0673 , -0.5662 ,  0.3307 ,
  0.0798 , -0.0822 , -0.1577 ,  0.1271 ,  1.3852 , -0.3235 ,
 -0.0411 , -0.0817 , -0.1589 , -0.6467 , -0.0480 ,  0.0018 ,
 -0.1222 ,  0.0806 , -0.7946 , -0.8723 ,  1.0364 ,  0.0089 ,
 -0.0396 ,  0.0412 ,  0.3169 , -0.8416 , -0.6878 ,  0.6678 ,
  0.0390 , -0.1231 , -0.3166 ,  0.9686 ,  1.3294 ,  0.3288 ,
 -0.0003 , -0.0003 , -0.1586 ,  0.0049 ,  1.8661 ,  0.3270 ,
 -0.0804 ,  0.0412 , -0.0009 , -0.8357 ,  0.4886 , -0.9757 ,
 -0.0818 , -0.0413 , -0.4766 ,  0.0768 , -0.1203 ,  0.0054 ,
  0.0401 , -0.0410 ,  0.0005 ,  0.8359 ,  1.3152 , -0.3253 ,
 -0.1206 ,  0.1224 ,  0.1579 ,  1.3902 ,  1.0119 ,  0.3058 ,
  0.0404 , -0.0408 ,  0.1590 ,  0.8411 ,  0.0672 , -0.0002 ,
 -0.0006 , -0.0411 , -0.1586 , -0.7085 , -0.6153 , -0.9740 ,
  0.1204 ,  0.0396 , -0.3161 , -0.8276 ,  0.8017 ,  0.9793 ,
 -0.0420 , -0.0014 , -0.7936 , -1.5249 , -0.6890 , -0.3163 ,
 -0.1207 ,  0.0413 , -0.0013 , -0.0604 , -0.1966 ,  0.0000 ,
  0.0399 , -0.0817 ,  0.0006 , -0.6523 ,  0.7008 , -0.0000 ,
 -0.0412 , -0.0412 , -0.3176 , -2.2532 ,  1.8102 ,  0.6541 ,
  0.0009 ,  0.0414 ,  0.3172 , -0.8462 ,  1.2382 ,  0.3217 ,
 -0.0402 ,  0.0814 , -0.1592 , -0.8925 ,  1.1652 ,  0.0018 ,
 -0.1199 ,  0.0827 ,  0.1573 ,  0.6538 , -0.2032 , -0.3431 ,
  0.0397 , -0.0413 , -0.1582 , -0.7089 ,  0.6922 , -0.3235 ,
 -0.1209 ,  0.0006 , -0.0012 , -1.5488 ,  0.4335 ,  0.3253 ,
  0.1213 ,  0.0811 ,  0.1584 , -0.8971 ,  1.4179 ,  0.9808 ,
 -0.0408 ,  0.0403 , -0.3178 , -0.0513 , -0.6945 , -0.6469 ,
 -0.0409 , -0.0409 , -0.1590 ,  0.0667 , -0.0559 ,  0.0018 ,
 -0.1214 , -0.0405 , -0.1598 , -1.4824 ,  0.4406 ,  0.3270 ,
 -0.1213 , -0.0810 , -0.0011 , -0.6509 , -0.1731 ,  0.3253 ,
 -0.0816 , -0.0005 , -0.4767 , -0.7595 ,  0.4942 ,  0.3306 ,
  0.0407 ,  0.0813 ,  0.0003 ,  0.6516 ,  1.2918 ,  0.6504 ,
 -0.0404 ,  0.0406 , -0.1591 ,  0.7186 , -0.0715 , -0.3234 ,
  0.1205 , -0.0821 ,  0.0014 , -0.6530 ,  0.8267 , -0.3253 ,
 -0.1217 , -0.0813 , -0.1597 , -2.1959 , -0.1739 ,  0.3270 ,
 -0.1216 , -0.0000 , -0.3185 , -0.7641 , -0.1903 , -0.6469 ,
 -0.1211 , -0.0402 , -0.0011 ,  0.8373 ,  1.0636 , -0.3252 ,
 -0.0394 , -0.0395 ,  0.4755 ,  0.0476 ,  0.5676 ,  0.2971 ,
 -0.0414 , -0.0820 , -0.3175 , -0.6419 ,  0.5735 ,  0.0036 ,
 -0.0812 , -0.0407 , -0.1594 ,  0.8418 ,  1.7480 , -0.3234 ,
 -0.0007 , -0.0006 , -0.3173 ,  0.0098 ,  1.2430 ,  0.3288 ,
 -0.0006 ,  0.0806 , -0.4761 ,  0.6666 ,  1.8489 ,  0.0053 ,
 -0.1218 , -0.0408 , -0.3184 , -0.7026 ,  1.0621 , -0.6469 ,
 -0.2011 ,  0.0419 ,  0.1573 ,  2.3079 ,  0.2858 , -0.9511 ,
 -0.0802 ,  0.0819 , -0.0010 ,  0.6526 , -0.7638 ,  0.0000 ,
  0.0394 , -0.0416 , -0.3168 ,  0.0709 ,  1.3138 ,  0.0036 ,
 -0.0406 , -0.0001 , -0.1590 , -0.7697 ,  0.5586 , -0.3234 ,
 -0.0399 ,  0.0005 ,  0.1582 , -0.0045 , -0.0622 , -0.3270 ,
 -0.0001 ,  0.0405 , -0.1587 , -0.0566 , -0.6309 ,  0.3270 ,
 -0.0406 ,  0.0811 , -0.3178 , -2.4374 , -0.0800 ,  0.0036 ,
  0.0000 ,  0.0000 ,  0.0000 , -0.7748 ,  1.8670 , -0.3252 ,
 -0.0809 ,  0.0001 , -0.1594 , -0.7694 , -0.7489 ,  0.0018 ,
 -0.0401 ,  0.0410 , -0.0005 , -2.3857 , -0.0707 ,  0.6505 ,
  0.0003 , -0.0809 ,  0.3174 , -2.2117 ,  0.6393 ,  0.3217 ,
  0.0000 ,  0.0000 ,  0.0000 , -0.7748 ,  1.2446 ,  0.0000 ,
 -0.1211 ,  0.1627 , -0.4774 ,  1.3195 ,  1.6445 , -0.3199 ,
  0.0406 ,  0.1218 , -0.1585 , -0.9547 ,  1.9056 ,  0.0018 ,
  0.0404 ,  0.0810 , -0.1584 , -0.8932 ,  0.0465 ,  0.0018 ,
  0.0004 ,  0.0815 , -0.0002 , -1.6727 , -0.6380 ,  0.0000 ,
  0.0001 , -0.0405 ,  0.1587 , -1.4933 ,  0.0086 ,  0.3234 ,
 -0.1200 ,  0.0421 ,  0.1573 ,  0.7037 , -0.8145 , -0.6587 ,
 -0.0401 ,  0.0410 , -0.0005 , -0.0611 ,  0.5515 ,  0.3252 ,
 -0.0807 ,  0.0408 , -0.1595 , -0.8308 , -1.3790 ,  0.3270 ,
 -0.0005 ,  0.0401 , -0.3174 , -0.0517 ,  1.2353 ,  0.0036 ,
 -0.0410 , -0.0004 , -0.3177 , -0.7648 ,  1.8024 ,  0.0036 ,
 -0.0015 , -0.0825 , -0.4758 , -0.6373 ,  0.6356 ,  0.3306 ,
  0.0397 , -0.0413 , -0.1582 ,  0.8408 , -0.5524 , -0.3235 ,
  0.0806 , -0.0004 ,  0.0008 , -0.0007 ,  0.7481 , -0.9757 ,
 -0.0804 ,  0.0412 , -0.0009 ,  1.4888 , -0.1337 ,  0.0000 ,
 -0.0816 , -0.0005 , -0.4767 , -0.7595 , -0.1281 , -0.6451 ,
 -0.0008 ,  0.0398 , -0.4760 , -0.0468 , -0.0101 , -0.6451 ,
 -0.0400 ,  0.0816 ,  0.1573 , -1.6828 , -0.6938 ,  0.6521 ,
 -0.1617 , -0.0403 , -0.1602 ,  0.0677 , -0.2446 , -0.9739 ,
 -0.2020 , -0.0401 , -0.1606 ,  0.0681 , -0.3075 , -0.3234 ,
 -0.0807 ,  0.0408 , -0.1595 , -0.8308 , -0.1344 , -0.6487 ,
  0.0801 ,  0.0398 , -0.3165 , -0.0524 ,  1.9834 , -0.3217 ,
 -0.0409 , -0.0409 , -0.1590 ,  0.8415 ,  2.4331 ,  0.3270 ,
  0.0001 , -0.0405 ,  0.1587 ,  0.0566 ,  1.8753 , -0.0018 ,
  0.0002 ,  0.0408 , -0.0001 , -0.8363 , -0.6302 ,  1.6262 ,
  0.0802 , -0.0819 ,  0.0010 , -0.6527 ,  1.3860 ,  0.3252 ,
  0.0805 ,  0.1213 , -0.3167 , -0.1753 , -0.5214 ,  0.0036 ,
 -0.0008 , -0.0818 , -0.1585 ,  0.9026 ,  0.6371 , -0.9740 ,
  0.0799 , -0.0010 , -0.3165 ,  0.0091 , -1.7426 ,  0.3288 ,
 -0.0405 , -0.0406 , -0.0003 ,  0.8366 , -0.6775 ,  0.3252 ,
  0.0000 ,  0.0000 ,  0.0000 ,  0.7748 ,  1.8670 , -0.6505 ,
  0.0002 ,  0.0408 , -0.0001 , -0.0615 ,  0.6144 ,  0.3252 ,
 -0.0412 , -0.0412 , -0.3176 ,  0.0716 , -0.6789 ,  0.0036 ,
 -0.0816 , -0.0005 , -0.4767 ,  0.0154 ,  1.1164 ,  0.0054 ,
 -0.0399 ,  0.0005 ,  0.1582 ,  0.7703 , -0.6845 , -0.0018 ,
 -0.0409 , -0.0409 , -0.1590 , -0.7082 ,  1.1887 , -0.3234 ,
 -0.1210 ,  0.0410 , -0.1599 , -0.8304 , -0.1973 , -0.9739 ,
  0.0406 ,  0.0001 ,  0.1590 , -0.7802 ,  1.3082 ,  0.3234 ,
  0.0007 ,  0.0006 ,  0.3173 , -1.5596 ,  0.0015 , -0.6541 ,
 -0.0804 ,  0.0412 , -0.0009 , -0.0608 ,  0.4886 ,  0.3252 ,
 -0.0403 ,  0.0414 ,  0.1576 , -0.0637 ,  1.1760 , -0.3238 ,
 -0.0807 ,  0.0408 , -0.1595 , -0.8308 , -0.1344 ,  0.0018 ,
 -0.1610 ,  0.0415 , -0.0017 , -0.0601 ,  0.3628 ,  0.3253 ,
 -0.1221 , -0.0405 ,  0.1564 , -2.2714 , -0.8090 ,  0.3190 ,
 -0.1212 ,  0.0003 , -0.1599 ,  0.0059 , -0.1895 ,  0.3270 ,
 -0.0418 , -0.0823 , -0.4762 , -2.9615 ,  1.1949 ,  0.3306 ,
 -0.0007 , -0.0006 , -0.3173 ,  0.0098 ,  1.2430 ,  0.3288 ,
 -0.1202 ,  0.0012 ,  0.3161 , -0.7836 , -0.1873 ,  0.3217 ,
 -0.1207 ,  0.0423 ,  0.1575 ,  0.7065 ,  1.6664 ,  0.6371 ,
 -0.0004 , -0.0815 ,  0.0002 ,  1.6725 , -0.6067 , -0.0000 ,
 -0.1204 ,  0.0819 ,  0.1575 , -0.8988 , -1.4488 ,  0.3147 ,
  0.0007 ,  0.0006 ,  0.3173 , -0.0098 ,  1.8682 ,  0.9722 ,
 -0.0409 , -0.1221 , -0.0002 ,  0.9595 ,  0.5827 ,  0.3252 ,
  0.0399 , -0.0005 , -0.1582 ,  0.7794 ,  0.6844 ,  0.0018 ,
  0.0000 ,  0.0000 ,  0.0000 , -0.7748 , -1.2446 ,  0.0000 ,
 -0.0006 , -0.1223 ,  0.0002 , -0.5905 ,  0.0234 ,  0.9757 ,
 -0.0804 ,  0.0412 , -0.0009 ,  1.4888 , -1.3784 ,  1.3010 ,
  0.0809 , -0.0001 ,  0.1594 , -0.7805 ,  0.1266 , -1.3028 ,
  0.0399 , -0.0817 ,  0.0006 ,  0.1226 ,  0.7008 ,  0.6504 ,
 -0.0406 , -0.0001 , -0.1590 , -0.7697 , -1.3083 ,  0.0018 ,
  0.0805 , -0.0823 ,  0.1591 , -2.2227 , -0.4725 , -0.6589 ,
  0.0395 ,  0.0396 , -0.4756 ,  1.5025 ,  1.2973 , -0.6451 ,
 -0.0410 , -0.0004 , -0.3177 , -1.5397 , -0.6868 ,  0.0036 ,
 -0.0406 , -0.0001 , -0.1590 ,  0.0052 ,  1.8031 ,  0.0018 ,
 -0.0406 ,  0.0811 , -0.3178 ,  0.6620 ,  1.1645 ,  0.3288 ,
 -0.0007 , -0.0006 , -0.3173 ,  0.0098 , -1.2461 ,  0.0036 ,
  0.0402 ,  0.0403 , -0.1583 , -0.8318 , -1.1903 , -0.3235 ,
 -0.0799 ,  0.0010 ,  0.3165 , -0.0091 , -0.7467 ,  0.3217 ,
 -0.0414 , -0.0820 , -0.3175 , -0.6419 ,  0.5735 ,  0.0036 ,
 -0.0396 , -0.0804 ,  0.4757 ,  0.1086 , -0.0450 , -0.9871 ,
  0.0008 ,  0.0818 ,  0.1585 , -0.9027 ,  0.6074 ,  0.3234 ,
  0.0399 , -0.0005 , -0.1582 ,  1.5542 ,  1.3067 ,  0.0018 ,
 -0.0802 ,  0.0007 ,  0.1578 , -0.7791 ,  1.1194 , -0.0018 ,
 -0.0403 ,  0.0817 ,  0.1559 , -3.2481 ,  1.1544 ,  0.0237 ,
 -0.0403 ,  0.0002 , -0.0004 ,  2.3248 , -0.0629 ,  0.0000 ,
  0.0405 ,  0.0406 ,  0.0003 , -0.0618 , -1.1895 ,  0.3252 ,
  0.0820 ,  0.1229 ,  0.4759 , -0.9690 ,  0.7245 , -0.3222 ,
 -0.0414 , -0.0820 , -0.3175 ,  0.1330 , -0.0488 , -0.9722 ,
  0.0381 , -0.0833 , -0.7926 , -0.6279 ,  1.3193 , -0.3163 ,
 -0.0388 ,  0.0017 ,  0.6342 ,  0.7568 ,  0.5613 , -0.3117 ,
 -0.0812 , -0.0407 , -0.1594 , -0.7078 ,  1.7480 ,  0.0018 ,
  0.0000 ,  0.0000 ,  0.0000 ,  0.7748 ,  0.6223 , -0.6505 ,
  0.1209 , -0.0006 ,  0.0012 , -0.0010 ,  0.8110 ,  0.3252 ,
  0.0401 , -0.0410 ,  0.0005 , -0.7138 ,  0.6930 , -0.0000 ,
  0.0409 , -0.0402 ,  0.3178 ,  0.8300 ,  0.6899 ,  0.0018 ,
 -0.0005 ,  0.0401 , -0.3174 , -0.0517 ,  1.2353 , -0.3217 ,
 -0.1608 ,  0.0823 , -0.0018 , -0.8964 ,  0.9772 , -0.3252 ,
 -0.0402 , -0.0403 ,  0.1574 , -0.7085 ,  1.1936 ,  0.3305 ,
 -0.1209 ,  0.0410 ,  0.1574 , -0.8361 , -0.8196 , -0.6588 ,
 -0.1619 ,  0.0002 , -0.3189 ,  0.7860 , -0.8755 , -0.3217 ,
 -0.0802 ,  0.0007 ,  0.1578 , -0.7791 ,  0.4972 , -0.0018 ,
  0.0798 , -0.0822 , -0.1577 ,  0.1271 ,  0.1407 , -0.6487 ,
  0.1207 , -0.1225 ,  0.1600 ,  0.1791 ,  0.2143 ,  0.3073 ,
 -0.0404 , -0.0406 ,  0.1567 , -1.5083 ,  0.5619 ,  0.6481 ,
 -0.0004 , -0.0815 ,  0.0002 , -0.6520 ,  0.0156 ,  0.6504 ,
  0.0810 ,  0.0811 ,  0.0007 , -0.8985 ,  1.3548 , -0.6505 ,
 -0.0007 , -0.0006 , -0.3173 , -0.7651 , -1.2461 ,  0.0036 ,
 -0.0397 ,  0.1225 , -0.0006 , -0.1840 ,  1.1581 ,  0.0000 ,
 -0.0800 , -0.0396 ,  0.3165 ,  0.0540 ,  0.5048 , -0.6144 ,
 -0.0802 ,  0.0007 ,  0.1578 , -0.0042 ,  1.1194 ,  0.3234 ,
  0.0399 , -0.0005 , -0.1582 ,  0.7793 ,  0.0622 ,  0.3270 ,
 -0.0006 , -0.0411 , -0.1586 ,  1.6160 ,  0.0071 , -0.3234 ,
 -0.1214 ,  0.0407 , -0.3186 , -0.8255 ,  1.6688 ,  0.6541 ,
  0.1214 , -0.0406 ,  0.1593 , -0.7098 ,  1.4495 ,  0.3306 ,
  0.0411 ,  0.0414 ,  0.3173 , -0.0701 ,  0.6769 , -0.6294 ,
 -0.0399 ,  0.0005 ,  0.1582 , -3.1042 , -0.6845 ,  0.3234 ,
 -0.1214 , -0.0405 , -0.1598 , -0.7075 , -0.1817 ,  0.6523 ,
 -0.0403 ,  0.0414 ,  0.1576 , -0.0637 ,  1.8004 , -0.9706 ,
 -0.0809 ,  0.0001 , -0.1594 ,  0.0056 ,  0.4957 , -0.6487 ,
  0.0010 ,  0.1226 ,  0.1584 ,  0.5856 ,  0.5995 ,  0.3234 ,
 -0.0808 , -0.0404 , -0.0007 , -0.7128 ,  1.7488 , -0.6505 ,
 -0.0805 ,  0.0816 , -0.1596 , -2.4421 ,  1.1023 ,  0.0018 ,
 -0.0398 , -0.0804 ,  0.3162 , -0.6414 ,  1.8340 , -0.3242 ,
 -0.1212 ,  0.0003 , -0.1599 ,  0.0059 , -0.1895 ,  0.3270 ,
 -0.0807 ,  0.0408 , -0.1595 , -0.0559 ,  0.4879 ,  0.3270 ,
 -0.0406 , -0.0001 , -0.1590 ,  0.0052 , -0.6860 ,  0.9775 ,
 -0.1205 ,  0.0009 ,  0.1574 , -1.5536 ,  0.4343 , -1.3027 ,
 -0.0810 , -0.0811 , -0.0007 ,  2.4481 , -0.1102 , -0.3252 ,
 -0.0004 , -0.0815 ,  0.0002 , -1.4269 ,  1.8825 ,  0.3252 ,
 -0.0408 ,  0.0403 , -0.3178 , -0.8262 ,  1.1724 ,  0.6541 ,
 -0.0418 , -0.0823 , -0.4762 , -0.6370 ,  0.5727 , -0.3199 ,
 -0.1196 ,  0.0825 ,  0.1578 , -0.1277 , -1.4488 , -0.0067 ,
 -0.0401 ,  0.0410 , -0.0005 , -0.0611 , -0.0707 ,  0.3252 ,
 -0.1209 ,  0.0006 , -0.0012 ,  0.7758 ,  0.4335 ,  0.3253 ,
 -0.0006 , -0.0411 , -0.1586 ,  2.3910 , -1.2377 ,  0.0018 ,
 -0.0805 ,  0.0816 , -0.1596 , -0.1173 ,  1.1023 , -0.3234 ,
 -0.0001 ,  0.0405 , -0.1587 ,  1.4931 , -0.6309 ,  0.9775 ,
 -0.0410 , -0.0004 , -0.3177 ,  0.0101 ,  1.1801 , -0.3217 ,
 -0.0003 , -0.0003 , -0.1586 , -3.0947 , -0.6231 ,  0.0018 ,
  0.0405 ,  0.0406 ,  0.0003 , -0.8367 ,  1.2996 , -0.0000 ,
 -0.0406 ,  0.0811 , -0.3178 , -0.8877 ,  0.5422 ,  0.3288 ,
 -0.0400 ,  0.1222 , -0.1593 , -0.9540 , -0.0871 ,  0.3270 ,
 -0.0802 ,  0.0007 ,  0.1578 , -0.7791 , -0.7474 ,  0.3234 ,
 -0.0815 , -0.0410 , -0.3180 , -0.7029 ,  0.5027 ,  0.3288 ,
 -0.0010 , -0.0009 , -0.4759 , -0.7602 ,  1.2422 ,  0.0053 ,
  0.0396 , -0.0008 , -0.3169 ,  0.7843 ,  0.0614 , -0.3217 ,
 -0.0005 ,  0.0401 , -0.3174 , -0.0517 , -0.0093 ,  0.0036 ,
 -0.0406 ,  0.0811 , -0.3178 , -0.1128 ,  0.5422 ,  0.3288 ,
 -0.0802 ,  0.0819 , -0.0010 , -1.6720 ,  2.3475 ,  0.3253 ,
  0.0804 , -0.0819 ,  0.1588 ,  1.7002 ,  0.1292 ,  0.3141 ,
  0.0814 , -0.0403 ,  0.4764 , -1.5054 ,  0.1416 , -0.0020 ,
 -0.0406 ,  0.0811 , -0.3178 ,  1.4368 ,  0.5422 , -0.3217 ,
 -0.0799 ,  0.0010 ,  0.3165 , -0.0091 , -0.1243 ,  0.9722 ,
 -0.0001 , -0.0812 ,  0.1588 ,  0.8929 ,  1.8832 , -0.9775 ,
 -0.0808 , -0.0404 , -0.0007 ,  0.8369 ,  0.5042 ,  0.0000 ,
  0.0792 , -0.0016 , -0.6337 ,  0.0189 , -0.4995 ,  0.3323 ,
 -0.0389 ,  0.0419 ,  0.4754 ,  1.4729 , -1.3087 , -0.3467 ,
 -0.0392 ,  0.0418 ,  0.4753 ,  3.0774 ,  0.5246 ,  0.0065 ,
 -0.0401 ,  0.0410 , -0.0005 , -0.8360 , -0.0707 ,  0.3252 ,
 -0.0404 , -0.0406 ,  0.1579 , -0.7224 , -0.0538 ,  0.6668 ,
 -0.1209 ,  0.0006 , -0.0012 ,  1.5506 , -0.8111 ,  0.6505 ,
 -0.0409 , -0.0409 , -0.1590 ,  0.0667 ,  1.1887 ,  0.3270 ,
  0.0813 ,  0.0002 ,  0.3181 ,  0.7643 , -1.1173 ,  0.6469 ,
 -0.0416 , -0.0407 ,  0.1580 , -1.4924 , -1.3045 , -0.6751 ,
 -0.0009 , -0.0414 , -0.3172 ,  0.0712 ,  1.8732 , -0.3217 ,
 -0.1615 ,  0.0005 , -0.1603 ,  0.7811 , -1.4970 ,  0.0018 ,
 -0.0809 ,  0.0001 , -0.1594 , -0.7694 ,  1.7402 , -0.3234 ,
 -0.0400 , -0.0803 ,  0.1586 ,  0.1197 ,  1.8296 , -0.3208 ,
  0.0399 , -0.0005 , -0.1582 , -1.5453 ,  0.0622 , -0.6487 ,
 -0.1205 ,  0.0821 , -0.0014 ,  1.4276 ,  1.6624 ,  0.3253 ,
  0.0810 ,  0.0811 ,  0.0007 ,  0.6512 ,  1.3548 , -0.0000 ,
 -0.1214 , -0.0405 , -0.1598 , -0.7075 , -0.8040 , -0.6487 ,
 -0.1208 ,  0.0818 , -0.1600 , -0.1170 , -0.8275 ,  0.3270 ,
  0.1200 , -0.0420 , -0.3160 ,  0.0702 ,  1.4397 ,  0.0035 ,
 -0.0005 ,  0.0401 , -0.3174 ,  0.7231 ,  1.8576 , -0.9722 ,
 -0.2415 ,  0.1231 , -0.1613 , -3.2769 , -0.4017 ,  0.0018 ,
 -0.0409 , -0.1221 , -0.0002 , -1.3650 , -0.0395 ,  0.0000 ,
 -0.0803 , -0.0397 ,  0.1582 ,  0.8405 ,  0.4979 , -0.6352 ,
 -0.1204 ,  0.0414 ,  0.1573 ,  1.5153 , -0.1982 , -0.6785 ,
  0.0401 , -0.0410 ,  0.0005 ,  1.6107 ,  1.3152 , -0.6505 ,
 -0.0008 , -0.0818 , -0.1585 ,  0.1278 ,  1.8816 , -0.3235 ,
 -0.2018 ,  0.0007 , -0.1607 ,  1.5562 ,  0.3069 ,  0.3270 ,
  0.0404 ,  0.0810 , -0.1584 , -1.6682 ,  0.6688 , -0.3235 ,
 -0.1610 ,  0.0415 , -0.0017 , -0.0601 , -0.8818 ,  0.3253 ,
 -0.1214 , -0.0405 , -0.1598 , -0.7075 , -0.1817 , -0.3234 ,
  0.1209 , -0.0006 ,  0.0012 ,  0.7737 ,  0.8110 ,  0.3252 ,
 -0.1203 ,  0.1229 , -0.0014 , -0.1833 , -0.8346 ,  0.0000 ,
 -0.0406 , -0.0001 , -0.1590 , -0.7697 , -0.6860 , -0.6487 ,
  0.0396 , -0.0008 , -0.3169 ,  0.7843 ,  1.3059 ,  0.3288 ,
 -0.1207 ,  0.0413 , -0.0013 , -0.8353 ,  1.6701 ,  0.3253 ,
  0.0402 ,  0.0403 , -0.1583 ,  1.4927 ,  0.0544 , -0.3235 ,
 -0.0406 , -0.0001 , -0.1590 ,  0.0052 ,  1.8031 ,  0.3270 ,
 -0.0810 ,  0.0815 ,  0.1559 , -0.8988 ,  1.7167 ,  0.6572 ,
 -0.0811 ,  0.0405 , -0.3182 , -0.8259 , -0.7575 ,  0.0036 ,
 -0.1214 , -0.0405 , -0.1598 , -0.7075 , -0.8040 , -0.3234 ,
 -0.0806 ,  0.0004 , -0.0008 ,  0.0007 , -0.1259 , -0.3252 ,
  0.0409 ,  0.0407 ,  0.1587 ,  0.7090 , -0.5634 , -0.0071 ,
 -0.0808 , -0.0404 , -0.0007 ,  0.0621 , -0.7404 , -0.3252 ,
  0.0807 ,  0.0808 , -0.1580 ,  0.6561 , -1.1352 ,  0.0018 ,
 -0.1612 ,  0.0008 , -0.0016 ,  0.7762 , -0.8740 ,  0.3253 ,
 -0.1198 ,  0.0015 ,  0.4747 , -0.0136 ,  0.4358 ,  0.6451 ,
 -0.0401 ,  0.0410 , -0.0005 , -0.0611 , -0.0707 , -0.6505 ,
 -0.0414 , -0.0820 , -0.3175 , -1.4168 , -0.0488 ,  0.0036 ,
  0.0001 ,  0.0812 , -0.1588 , -0.8929 , -0.6387 , -0.3234 ,
 -0.0402 ,  0.0417 ,  0.1582 ,  0.7055 ,  1.1687 ,  0.3148 ,
 -0.0810 , -0.0811 , -0.0007 , -0.6513 ,  1.1343 ,  0.3252 ,
 -0.1630 , -0.0820 , -0.6360 ,  0.1438 ,  1.0055 , -0.3181 ,
  0.0802 , -0.0007 , -0.1578 ,  0.0042 ,  1.3696 ,  0.0018 ,
 -0.0809 ,  0.0001 , -0.1594 , -0.7694 , -0.1266 , -0.3234 ,
  0.0003 ,  0.0003 ,  0.1586 ,  1.5447 , -0.6216 , -0.3270 ,
 -0.0406 ,  0.0811 , -0.3178 , -0.8877 , -0.0800 ,  0.0036 ,
  0.0006 ,  0.0411 ,  0.1586 , -0.8413 ,  1.2375 , -0.0018 ,
 -0.0404 ,  0.0408 ,  0.1567 , -0.8347 ,  2.4150 , -0.3146 ,
 -0.0401 ,  0.0410 , -0.0005 ,  0.7137 , -0.6931 ,  0.6505 ,
 -0.0401 ,  0.0410 , -0.0005 , -0.8360 ,  1.1737 , -0.6505 ,
 -0.0806 ,  0.0004 , -0.0008 , -2.3241 , -0.7482 ,  0.0000 ,
 -0.0002 , -0.0408 ,  0.0001 ,  0.0615 ,  0.6301 , -0.6505 ,
  0.0001 , -0.0405 ,  0.1587 ,  0.0566 ,  1.2530 ,  0.6487 ,
  0.0000 ,  0.0000 ,  0.0000 ,  0.7748 ,  0.0000 ,  0.3252 ,
 -0.0799 ,  0.0010 ,  0.3165 , -0.0091 ,  1.1202 ,  0.3217 ,
  0.0003 ,  0.0003 ,  0.1586 , -0.0049 ,  0.0007 , -0.0018 ,
 -0.0416 , -0.1227 , -0.3174 ,  0.1945 , -0.0410 , -0.6469 ,
 -0.0008 , -0.0818 , -0.1585 , -2.1970 , -0.6075 ,  0.0018 ,
  0.0001 , -0.0405 ,  0.1587 ,  0.0566 ,  2.4975 , -0.0018 ,
  0.0002 ,  0.0408 , -0.0001 ,  0.7133 ,  2.4812 , -0.3252 ,
 -0.0410 , -0.1221 ,  0.1580 ,  0.9617 , -0.6649 ,  0.6500 ,
  0.0402 ,  0.0403 , -0.1583 , -0.0569 ,  1.9211 ,  0.0018 ,
 -0.0002 , -0.0408 ,  0.0001 ,  0.0615 ,  1.2524 , -0.0000 ,
  0.0396 , -0.0008 , -0.3169 ,  0.7843 ,  0.0614 ,  0.0036 ,
 -0.1202 ,  0.0012 ,  0.3161 , -0.0087 ,  0.4350 , -0.0035 ,
  0.0405 , -0.0812 ,  0.1587 , -0.6520 ,  0.7064 , -0.3245 ,
 -0.0401 ,  0.0410 , -0.0005 , -1.6109 ,  1.1737 , -0.6505 ,
 -0.0007 , -0.0006 , -0.3173 , -1.5400 , -0.6238 , -0.3217 ,
 -0.2412 , -0.0389 ,  0.4732 , -0.7214 ,  0.2528 ,  0.6386 ,
 -0.0797 ,  0.0417 ,  0.3165 , -0.0705 , -0.1322 ,  0.3351 ,
 -0.0807 ,  0.0408 , -0.1595 , -0.0559 , -0.1344 ,  0.0018 ,
 -0.0802 ,  0.0007 ,  0.1578 , -1.5540 , -0.1251 , -0.3270 ,
  0.0808 ,  0.0404 ,  0.0007 , -0.0622 ,  1.3625 ,  0.3252 ,
 -0.0405 , -0.0406 , -0.0003 ,  0.0618 ,  1.8117 ,  0.3252 ,
 -0.0806 , -0.0812 ,  0.4729 , -3.0215 ,  0.5041 ,  0.3097 ,
 -0.0817 , -0.0819 ,  0.1584 , -0.6421 , -1.3685 , -0.0103 ,
 -0.0406 , -0.0001 , -0.1590 ,  0.0052 ,  1.1808 , -0.3234 ,
 -0.1212 ,  0.0003 , -0.1599 , -1.5439 ,  0.4328 , -0.3234 ,
 -0.1617 , -0.0403 , -0.1602 , -0.7071 ,  0.3777 , -0.3234 ,
 -0.0413 , -0.0818 ,  0.1577 , -1.4390 , -0.6709 , -0.6602 ,
 -0.0399 ,  0.0005 ,  0.1582 , -1.5544 ,  1.1824 , -0.0018 ,
  0.0405 ,  0.0406 ,  0.0003 , -1.6116 ,  0.6774 ,  0.6504 ,
 -0.0002 , -0.0408 ,  0.0001 ,  0.0615 ,  0.6301 ,  0.3252 ,
 -0.1615 ,  0.0005 , -0.1603 ,  0.7811 , -0.8748 ,  0.0018 ,
 -0.1201 ,  0.0824 ,  0.1573 , -0.1259 , -0.2023 ,  1.0400 ,
  0.0406 ,  0.0001 ,  0.1590 , -0.0052 ,  0.6859 , -0.3270 ,
 -0.0809 ,  0.0001 , -0.1594 ,  0.0056 , -0.1266 ,  0.6523 ,
 -0.2016 ,  0.0414 , -0.1607 , -0.8297 , -0.3232 ,  0.0018 ,
 -0.0396 ,  0.0414 ,  0.1580 ,  0.7066 , -0.6894 ,  0.9770 ,
  0.0399 , -0.0005 , -0.1582 , -1.5453 ,  1.3067 ,  0.0018 ,
 -0.0002 , -0.0408 ,  0.0001 , -0.7134 ,  0.6301 , -0.0000 ,
 -0.0406 , -0.0001 , -0.1590 , -1.5446 ,  0.5586 ,  0.0018 ,
  0.1200 ,  0.0393 , -0.4748 , -1.5976 ,  0.8010 ,  0.3306 ,
 -0.0398 , -0.0804 ,  0.3162 , -0.6414 ,  1.8340 , -0.0001 ,
 -0.0400 , -0.0807 ,  0.3171 ,  0.1135 , -0.0458 , -0.0038 ,
 -0.0804 ,  0.0412 , -0.0009 , -1.6105 , -0.1337 ,  0.6505 ,
  0.0000 ,  0.0000 ,  0.0000 ,  0.0000 ,  0.0000 ,  0.3252 ,
  0.0385 , -0.0830 , -0.6340 ,  1.6917 ,  0.6978 ,  0.0071 ,
 -0.0810 , -0.0811 , -0.0007 ,  0.1236 , -0.1102 , -0.9757 ,
 -0.1219 , -0.0003 , -0.4771 , -0.7592 , -0.8133 ,  0.6558 ,
 -0.0002 , -0.0408 ,  0.0001 , -0.7134 ,  0.0078 ,  0.3252 ,
 -0.0006 , -0.0411 , -0.1586 , -1.4835 , -1.2377 ,  0.6522 ,
 -0.0006 , -0.0411 , -0.1586 ,  0.0663 , -0.6153 ,  0.0018 ,
  0.0001 ,  0.0812 , -0.1588 ,  0.6568 ,  1.8504 ,  0.0018 ,
  0.0000 ,  0.0000 ,  0.0000 ,  0.0000 ,  0.6223 ,  0.0000 ,
 -0.0392 ,  0.0011 ,  0.4755 , -0.7892 , -0.6830 , -0.0053 ,
 -0.0404 ,  0.0406 , -0.1591 ,  0.7186 ,  1.1730 , -0.3234 ,
  0.0402 ,  0.0403 , -0.1583 , -0.0569 ,  1.2989 , -0.3235 ,
 -0.0403 ,  0.0002 , -0.0004 ,  0.7751 ,  0.5593 ,  0.0000 ,
  0.0411 ,  0.0409 ,  0.3169 , -1.6332 ,  0.0611 , -0.3229 ,
 -0.0810 , -0.0811 , -0.0007 , -2.2011 , -0.1102 , -0.3252 ,
 -0.2015 ,  0.0010 , -0.0020 ,  0.0017 ,  0.9299 ,  0.0000 ,
  0.0410 ,  0.0004 ,  0.3177 ,  0.7646 ,  0.6867 ,  0.6469 ,
  0.1209 , -0.0006 ,  0.0012 , -0.7759 , -0.4336 ,  0.3252 ,
 -0.0398 , -0.0802 ,  0.1591 ,  0.8976 ,  1.1922 ,  0.3125 ,
 -0.0397 ,  0.0412 ,  0.1585 , -0.0666 , -0.6928 , -0.3362 ,
 -0.0403 ,  0.0002 , -0.0004 , -0.7745 ,  2.4261 , -0.3252 ,
 -0.0004 , -0.0815 ,  0.0002 , -0.6520 ,  1.2602 , -0.6505 ,
 -0.2015 ,  0.0010 , -0.0020 ,  0.7765 ,  0.9299 , -0.3252 ,
  0.0006 ,  0.0411 ,  0.1586 , -0.0664 ,  1.8598 , -0.0018 ,
  0.0409 ,  0.1221 ,  0.0002 ,  0.5901 , -0.5828 ,  0.3252 ,
  0.0009 ,  0.0414 ,  0.3172 ,  0.7036 ,  0.6160 ,  0.3217 ,
 -0.0806 ,  0.0004 , -0.0008 ,  0.0007 ,  2.3631 , -0.6505 ,
 -0.1227 , -0.0822 , -0.6356 , -1.4062 ,  0.4461 ,  0.3324 ,
 -0.0404 ,  0.0406 , -0.1591 , -0.0562 ,  1.1730 ,  0.0018 ,
  0.0406 ,  0.0406 ,  0.1590 ,  1.5137 ,  0.6547 ,  0.3169 ,
 -0.0412 , -0.0412 , -0.3176 ,  0.8464 ,  1.8102 ,  0.0036 ,
 -0.0396 ,  0.0008 ,  0.3169 , -0.7843 ,  0.5608 ,  0.3217 ,
 -0.0807 ,  0.0408 , -0.1595 , -0.8308 ,  1.1101 , -0.3234 ,
 -0.0412 , -0.0412 , -0.3176 , -1.4782 , -0.0566 ,  0.0036 ,
 -0.0821 , -0.0821 , -0.4766 , -0.6366 , -0.1125 ,  0.3306 ,
 -0.1217 , -0.0813 , -0.1597 ,  0.9036 , -0.1739 ,  0.0018 ,
 -0.0406 , -0.0001 , -0.1590 , -0.7697 ,  1.8031 ,  0.3270 ,
 -0.0003 ,  0.0809 , -0.3174 ,  1.4365 ,  0.6051 , -0.3217 ,
 -0.0402 ,  0.1626 , -0.3180 , -0.2357 ,  1.7712 ,  0.3288 ,
  0.0001 ,  0.0812 , -0.1588 , -3.2177 ,  1.8504 ,  0.0018 ,
  0.0002 ,  0.0408 , -0.0001 , -0.0615 , -0.0078 , -0.3252 ,
 -0.0406 , -0.0001 , -0.1590 ,  0.0052 , -0.6860 ,  0.3270 ,
 -0.1202 ,  0.0012 ,  0.3161 , -1.5586 ,  1.6796 , -0.6541 ,
  0.0004 ,  0.0815 , -0.0002 ,  0.6519 , -0.0156 ,  0.0000 ,
 -0.0406 ,  0.0811 , -0.3178 ,  0.6620 ,  1.1645 , -0.3217 ,
 -0.0802 , -0.0804 ,  0.3164 ,  1.6840 , -0.1137 , -0.6660 ,
  0.0006 ,  0.0411 ,  0.1586 , -0.0664 ,  1.8598 ,  0.3234 ,
 -0.1210 , -0.0401 ,  0.1564 , -0.7081 ,  1.0662 , -0.6414 ,
  0.0806 ,  0.0408 ,  0.1588 , -0.0647 ,  1.3648 , -0.0004 ,
 -0.0391 ,  0.0823 ,  0.3170 , -0.1318 , -0.6977 , -0.3431 ,
 -0.0403 ,  0.0002 , -0.0004 ,  0.7751 ,  1.8039 , -0.3252 ,
 -0.1209 ,  0.0006 , -0.0012 , -1.5488 , -0.8111 , -0.3252 ,
 -0.0817 , -0.0818 , -0.3179 ,  0.1334 ,  0.5105 , -0.3217 ,
 -0.1214 , -0.0405 , -0.1598 ,  1.6169 ,  1.6851 , -0.6487 ,
 -0.2416 ,  0.0430 ,  0.3139 , -0.0649 ,  2.1109 , -0.3232 ,
 -0.0404 ,  0.0406 , -0.1591 , -0.0562 ,  0.5508 ,  0.0018 ,
 -0.0001 , -0.0812 ,  0.1588 , -1.4318 ,  1.2609 , -0.0018 ,
 -0.0405 , -0.0406 , -0.0003 ,  0.0618 , -0.0551 , -0.3252 ,
 -0.0003 ,  0.0809 , -0.3174 ,  0.6617 ,  1.8497 , -0.6469 ,
  0.0402 ,  0.1215 , -0.3171 ,  0.5999 ,  0.6602 ,  0.0036 ,
 -0.0411 ,  0.0400 , -0.4764 ,  0.7284 ,  1.7939 ,  0.0053 ,
  0.0003 ,  0.0003 ,  0.1586 , -0.7798 ,  0.6230 , -0.0018 ,
  0.0000 ,  0.0000 ,  0.0000 ,  0.7748 ,  1.2446 ,  0.0000 ,
 -0.0408 ,  0.0403 , -0.3178 ,  0.7235 ,  1.1724 ,  0.3288 ,
 -0.0807 ,  0.0408 , -0.1595 , -1.6056 ,  1.1101 ,  0.0018 ,
  0.0804 , -0.0412 ,  0.0009 ,  2.3853 ,  0.7559 ,  0.3252 ,
 -0.0003 , -0.0003 , -0.1586 , -0.7700 , -0.0007 ,  0.3270 ,
  0.0002 ,  0.0408 , -0.0001 ,  0.7133 , -0.0078 ,  0.0000 ,
 -0.0003 , -0.0003 , -0.1586 ,  0.7797 , -0.0007 ,  0.3270 ,
  0.0006 ,  0.0411 ,  0.1586 ,  0.7084 , -0.0071 ,  0.3234 ,
 -0.0809 ,  0.0001 , -0.1594 , -1.5442 , -0.1266 ,  0.0018 ,
 -0.0005 ,  0.0401 , -0.3174 , -0.8265 , -0.6316 , -0.3217 ,
 -0.0806 ,  0.0004 , -0.0008 ,  1.5503 ,  0.4964 ,  0.3252 ,
 -0.0814 ,  0.0402 , -0.4768 , -1.5958 ,  1.7309 ,  0.6558 ,
 -0.1616 , -0.0808 , -0.0015 , -1.4255 ,  1.6307 ,  0.6505 ,
  0.0394 , -0.0418 ,  0.1576 ,  1.6287 , -1.1732 ,  1.3283 ,
  0.0385 , -0.0830 , -0.6340 ,  0.1421 , -0.5468 , -0.3181 ,
  0.0398 ,  0.0400 , -0.3170 , -1.6018 , -0.5687 ,  0.3288 ,
  0.0397 , -0.0413 , -0.1582 ,  0.8408 ,  1.9368 ,  0.0018 ,
  0.0803 ,  0.0805 , -0.3166 , -0.8887 ,  0.7310 ,  0.3288 ,
 -0.1213 , -0.0810 , -0.0011 ,  1.6735 ,  1.6936 ,  0.3253 ,
  0.0007 ,  0.0006 ,  0.3173 , -0.0098 ,  1.2460 ,  0.3217 ,
 -0.1619 ,  0.0002 , -0.3189 ,  1.5608 ,  0.3691 ,  0.3288 ,
 -0.0811 ,  0.0405 , -0.3182 , -0.0510 , -1.3798 , -0.6469 ,
  0.0002 ,  0.0408 , -0.0001 , -3.1610 , -0.6302 ,  0.3252 ,
 -0.1213 , -0.0810 , -0.0011 ,  0.8987 ,  1.0713 ,  0.3253 ,
 -0.1209 ,  0.0006 , -0.0012 , -1.5488 , -0.8111 , -0.3252 ,
 -0.0802 , -0.0804 ,  0.3164 ,  1.6840 , -0.1137 ,  0.3265 ,
  0.0001 , -0.0405 ,  0.1587 ,  3.1556 ,  0.0086 , -0.9775 ,
 -0.2020 ,  0.0411 , -0.3194 , -0.8248 , -0.9462 ,  0.0036 ,
 -0.0803 , -0.0805 ,  0.3167 ,  0.1138 , -0.1087 , -0.0041 ,
  0.0406 ,  0.0001 ,  0.1590 ,  0.7696 ,  1.3082 , -0.3270 ,
 -0.1217 , -0.0813 , -0.1597 ,  0.1288 ,  1.0706 ,  0.3270 ,
 -0.0406 ,  0.0811 , -0.3178 ,  0.6620 ,  1.1645 ,  0.6541 ,
 -0.0804 ,  0.0412 , -0.0009 , -0.8357 , -0.7560 ,  0.0000 ,
 -0.0401 ,  0.0410 , -0.0005 , -2.3857 , -0.6931 ,  0.9757 ,
 -0.0003 , -0.0003 , -0.1586 , -0.7700 ,  1.2438 ,  0.0018 ,
 -0.0009 , -0.0414 , -0.3172 , -1.4785 ,  0.0063 ,  0.6541 ,
 -0.0397 ,  0.0414 ,  0.1581 ,  0.7169 , -0.0722 ,  0.3280 ,
 -0.0412 , -0.0412 , -0.3176 , -1.4782 , -0.0566 , -0.3217 ,
 -0.0809 ,  0.0001 , -0.1594 ,  0.0056 , -0.7489 ,  0.3270 ,
 -0.0404 ,  0.0406 , -0.1591 , -0.0562 , -0.0715 ,  0.0018 ,
 -0.1217 , -0.0813 , -0.1597 ,  0.1288 ,  1.0706 ,  0.3270 ,
 -0.0403 , -0.1216 ,  0.3170 , -0.5967 , -0.0369 ,  0.6621 ,
  0.0397 , -0.0413 , -0.1582 , -1.4837 , -0.5524 ,  0.0018 ,
 -0.0808 ,  0.0410 ,  0.1559 , -3.1978 ,  0.4779 , -0.3133 ,
 -0.0809 ,  0.0001 , -0.1594 ,  0.0056 ,  0.4957 , -0.6487 ,
 -0.1202 ,  0.0012 ,  0.3161 , -0.0087 , -0.1873 ,  0.3217 ,
  0.0002 ,  0.0408 , -0.0001 ,  0.7133 ,  1.8590 , -0.3252 ,
  0.0008 ,  0.0818 ,  0.1585 ,  0.6470 , -1.2595 , -0.0018 ,
 -0.0808 , -0.0404 , -0.0007 ,  0.0621 ,  0.5042 ,  0.9757 ,
 -0.1214 ,  0.0407 , -0.3186 , -1.6004 , -0.1981 ,  0.0036 ,
 -0.0411 , -0.1629 , -0.0001 , -2.0784 , -0.0317 ,  0.3252 ,
 -0.0809 , -0.1216 ,  0.1582 ,  0.1791 , -0.1024 ,  1.3300 ,
  0.0011 ,  0.0821 ,  0.3171 ,  0.6421 , -0.6365 ,  0.3217 ,
 -0.1214 , -0.0812 ,  0.1571 , -0.6586 , -0.1742 , -0.6802 ,
 -0.0811 ,  0.0405 , -0.3182 , -1.6008 , -0.1352 ,  0.0036 ,
 -0.0009 , -0.0414 , -0.3172 , -0.7037 , -1.2384 ,  0.3288 ,
 -0.0002 , -0.0408 ,  0.0001 ,  0.0615 ,  0.6301 ,  0.3252 ,
 -0.0405 , -0.0406 , -0.0003 ,  0.0618 ,  1.1894 ,  0.0000 ,
 -0.0409 , -0.0409 , -0.1590 ,  0.0667 , -1.3005 , -0.3234 ,
 -0.0806 ,  0.0004 , -0.0008 , -0.7742 , -0.1259 ,  0.3252 ,
 -0.0413 , -0.0007 , -0.4763 , -0.7599 , -0.6875 ,  0.0053 ,
 -0.1613 ,  0.0412 , -0.1603 , -0.0552 ,  0.9843 ,  0.0018 ,
 -0.1610 ,  0.0415 , -0.0017 , -0.8349 , -0.2595 ,  0.0000 ,
 -0.0003 ,  0.0809 , -0.3174 , -3.9877 , -0.0171 ,  0.0036 ,
 -0.0004 , -0.0815 ,  0.0002 , -2.2019 ,  1.8825 , -0.3253 ,
  0.0001 ,  0.0812 , -0.1588 , -0.1180 , -1.8834 ,  0.3270 ,
 -0.0791 ,  0.1636 ,  0.3168 , -1.0211 , -1.3947 , -0.3319 ,
 -0.1205 ,  0.0412 ,  0.1568 ,  1.5081 , -0.8100 ,  0.6643 ,
 -0.0798 ,  0.1224 ,  0.4723 , -3.3327 ,  0.4645 ,  0.6229 ,
  0.0392 , -0.0011 , -0.4755 ,  2.3387 ,  0.6829 ,  0.0053 ,
 -0.0803 ,  0.1224 , -0.1597 , -0.9537 ,  1.0945 ,  0.3270 ,
 -0.0813 , -0.0002 , -0.3181 , -1.5393 ,  1.7395 ,  0.3288 ,
 -0.1226 , -0.0010 , -0.7944 , -0.7494 ,  1.0520 , -0.3163 ,
  0.0001 , -0.0405 ,  0.1587 ,  1.6062 ,  0.0086 ,  0.6487 ,
 -0.0399 , -0.0396 ,  0.1588 ,  0.8331 ,  1.1859 , -0.0091 ,
 -0.0815 , -0.0410 , -0.3180 , -0.7029 , -0.7418 , -0.3217 ,
 -0.1215 , -0.1217 , -0.0010 , -0.5895 , -2.0325 ,  0.0000 ,
  0.0399 , -0.0817 ,  0.0006 ,  0.8974 ,  1.3231 , -0.3253 ,
  0.0798 ,  0.0395 , -0.4752 , -0.0475 ,  1.9826 ,  0.3306 ,
 -0.0404 ,  0.0406 , -0.1591 , -0.8311 , -1.3161 ,  0.0018 ,
 -0.0009 , -0.0414 , -0.3172 , -0.7037 ,  0.6286 , -0.6469 ,
 -0.0815 , -0.0410 , -0.3180 ,  0.8468 ,  0.5027 , -0.3217 ,
 -0.0800 ,  0.0418 ,  0.1580 ,  0.7145 ,  0.4818 ,  0.0035 ,
 -0.2416 ,  0.0419 , -0.0025 ,  0.7154 ,  0.8592 , -0.3252 ,
  0.0009 ,  0.0414 ,  0.3172 ,  0.7036 ,  0.6160 , -0.6541 ,
 -0.0815 , -0.0410 , -0.3180 ,  0.0719 , -0.1195 ,  0.0036 ,
 -0.0010 ,  0.0803 , -0.6347 , -2.4281 , -0.0186 ,  0.6576 ,
 -0.0410 , -0.0004 , -0.3177 , -0.7647 , -0.0644 ,  0.6541 ,
  0.0399 , -0.0817 ,  0.0006 ,  1.6721 ,  1.3231 , -0.0000 ,
 -0.0010 , -0.1226 , -0.1584 ,  0.1892 ,  2.5117 ,  0.0018 ,
 -0.0806 ,  0.0004 , -0.0008 , -2.3241 , -1.3705 ,  0.9757 ,
 -0.0802 , -0.0392 ,  0.1585 ,  0.8335 ,  1.1240 , -0.9766 ,
 -0.0403 ,  0.0002 , -0.0004 , -0.7745 ,  1.1816 , -0.6505 ,
 -0.0412 , -0.0412 , -0.3176 , -1.4782 ,  1.8102 ,  0.0036 ,
 -0.0409 , -0.1221 , -0.0002 , -0.5901 ,  0.5827 ,  0.0000 ,
 -0.0402 ,  0.0814 , -0.1592 ,  0.6571 , -0.0793 ,  0.0018 ,
  0.0402 ,  0.0403 , -0.1583 , -0.8318 ,  1.9211 ,  0.0018 ,
 -0.1217 , -0.1625 , -0.0009 ,  1.0216 , -0.1575 , -0.3252 ,
 -0.0403 ,  0.0414 ,  0.1576 , -0.0637 ,  1.1760 ,  0.9697 ,
 -0.1610 ,  0.0415 , -0.0017 , -0.0601 ,  0.3628 ,  0.0000 ,
 -0.1622 , -0.0002 , -0.4776 ,  1.5657 , -0.2539 , -0.3199 ,
 -0.0815 , -0.0410 , -0.3180 , -1.4778 ,  1.1250 ,  0.3288 ,
  0.0403 , -0.0002 ,  0.0004 , -0.7752 ,  1.3074 , -0.3253 ,
 -0.1607 ,  0.0824 ,  0.1575 ,  2.2455 ,  0.3389 , -0.3178 ,
 -0.0807 ,  0.0408 , -0.1595 , -1.6056 , -2.0015 , -0.3234 ,
 -0.1207 ,  0.0413 , -0.0013 , -0.0604 ,  0.4257 , -0.6505 ,
 -0.0411 ,  0.0400 , -0.4764 , -2.3712 ,  0.5493 , -0.6451 ,
 -0.0004 , -0.0815 ,  0.0002 , -0.6520 ,  0.6379 ,  0.3252 ,
  0.0400 ,  0.0807 , -0.3170 ,  2.2111 ,  1.9127 , -0.3217 ,
 -0.0393 ,  0.0416 ,  0.3167 ,  1.4958 , -0.0747 , -0.6583 ,
 -0.0812 , -0.1219 , -0.0006 , -0.5898 , -0.1024 ,  0.3252 ,
 -0.0819 , -0.1225 , -0.3179 , -1.3549 ,  1.1406 , -0.3217 ,
  0.0405 , -0.0813 ,  0.1595 ,  0.9001 ,  0.6932 , -0.3176 ,
 -0.0008 , -0.0818 , -0.1585 ,  0.9026 ,  0.0149 , -0.9740 ,
  0.0797 , -0.0418 , -0.3164 ,  0.8454 ,  0.7544 , -0.6469 ,
  0.0000 ,  0.0000 ,  0.0000 , -1.5497 ,  1.2446 , -0.6505 ,
  0.0002 ,  0.0408 , -0.0001 , -0.0615 ,  0.6144 ,  0.3252 ,
 -0.0403 ,  0.0002 , -0.0004 , -0.7745 , -1.3076 , -0.3252 ,
 -0.1606 ,  0.1231 , -0.0018 ,  0.5918 ,  0.9694 ,  0.3253 ,
  0.0399 , -0.0005 , -0.1582 , -1.5452 ,  3.1733 ,  0.3270 ,
 -0.0810 , -0.0811 , -0.0007 ,  0.8984 , -0.1102 ,  0.0000 ,
 -0.0812 , -0.0407 , -0.1594 , -1.4827 ,  1.1257 ,  0.3270 ,
 -0.0002 , -0.0408 ,  0.0001 , -1.4883 ,  1.8746 ,  0.6504 ,
  0.0403 ,  0.0410 ,  0.1589 ,  0.7046 ,  2.5363 ,  0.3148 ,
 -0.0005 ,  0.0401 , -0.3174 , -0.0517 , -0.0093 , -0.3217 ,
 -0.0409 , -0.0409 , -0.1590 , -0.7082 ,  1.8109 , -0.3234 ,
  0.0403 , -0.0002 ,  0.0004 , -1.5501 ,  0.6852 , -0.3253 ,
 -0.0001 ,  0.0405 , -0.1587 , -0.8315 ,  1.8582 ,  0.0018 ,
 -0.0007 , -0.0006 , -0.3173 ,  0.7846 , -0.6238 ,  0.3288 ,
  0.0000 ,  0.0000 ,  0.0000 , -0.7748 , -0.6223 ,  0.3252 ,
 -0.1207 ,  0.0413 , -0.0013 ,  1.4891 ,  1.6701 , -0.9757 ,
 -0.0409 , -0.1221 , -0.0002 , -2.1399 ,  2.4494 ,  0.0000 ,
 -0.0409 , -0.0409 , -0.1590 , -0.7082 ,  0.5664 ,  0.0018 ,
  0.0395 , -0.0820 , -0.1581 ,  0.1275 ,  1.9446 , -0.3235 ,
 -0.0007 , -0.0006 , -0.3173 , -1.5400 ,  0.6208 ,  0.0036 ,
  0.0001 , -0.0405 ,  0.1587 , -3.0431 ,  0.6308 , -0.0018 ,
 -0.1624 , -0.0409 , -0.4774 , -0.6974 , -2.7355 ,  0.0054 ,
 -0.0002 , -0.0408 ,  0.0001 , -0.7134 ,  0.0078 , -0.3253 ,
 -0.0403 ,  0.0002 , -0.0004 ,  0.0003 , -0.6853 ,  0.3252 ,
 -0.0802 ,  0.0819 , -0.0010 , -0.1222 ,  1.1030 , -0.3252 ,
  0.0006 ,  0.0411 ,  0.1586 , -0.8413 , -0.0071 , -0.0018 ,
 -0.0819 , -0.1225 , -0.3179 ,  0.9697 , -0.7262 ,  0.0036 ,
 -0.0009 , -0.0414 , -0.3172 ,  0.8460 ,  1.8732 , -0.9722 ,
 -0.0805 , -0.0402 ,  0.1584 ,  2.4289 ,  0.4886 , -0.3208 ,
 -0.0799 , -0.0396 ,  0.4750 , -0.7253 , -0.1144 ,  0.6662 ,
 -0.0007 , -0.0006 , -0.3173 ,  1.5594 ,  0.6208 ,  0.0036 ,
 -0.1223 , -0.0007 , -0.6358 ,  0.7954 ,  1.6750 ,  0.3324 ,
  0.0417 ,  0.0013 ,  0.6350 ,  0.7562 ,  0.6869 , -0.0031 ,
  0.0405 ,  0.0406 ,  0.0003 ,  1.4878 ,  0.6774 , -0.3253 ,
 -0.0804 ,  0.0412 , -0.0009 ,  2.2636 , -0.1337 , -0.3252 ,
 -0.0799 ,  0.0010 ,  0.3165 , -0.7840 , -0.1243 , -0.3288 ,
 -0.1209 ,  0.0006 , -0.0012 ,  0.7758 , -0.1888 ,  0.0000 ,
 -0.0800 ,  0.1227 , -0.0010 , -0.1837 ,  0.4730 ,  0.0000 ,
  0.1214 , -0.0814 ,  0.1597 , -0.6505 ,  0.8357 , -0.0002 ,
 -0.1206 , -0.0801 ,  0.3153 , -0.6421 ,  1.7052 , -0.3250 ,
 -0.0405 , -0.0406 , -0.0003 , -0.7131 ,  1.1894 , -0.3252 ,
 -0.0403 ,  0.0002 , -0.0004 ,  1.5500 , -0.6853 , -0.3252 ,
  0.0394 , -0.0416 , -0.3168 , -3.0287 ,  1.9361 ,  0.0036 ,
 -0.0003 ,  0.0809 , -0.3174 , -0.8881 ,  0.6051 ,  0.3288 ,
 -0.0815 , -0.0410 , -0.3180 , -1.4778 ,  0.5027 , -0.6469 ,
 -0.0399 ,  0.0005 ,  0.1582 ,  1.5451 ,  1.1824 ,  0.3234 ,
 -0.0401 ,  0.0410 , -0.0005 , -3.1605 ,  0.5515 , -0.3252 ,
 -0.0809 ,  0.0813 , -0.3182 , -0.8874 , -0.7653 ,  0.3288 ,
 -0.0004 , -0.0815 ,  0.0002 , -2.2019 , -1.2290 , -0.0000 ,
  0.0799 , -0.0412 ,  0.1598 , -1.4936 , -1.1096 ,  0.3063 ,
 -0.1611 ,  0.0820 , -0.1604 , -0.8915 ,  0.9765 ,  0.0018 ,
  0.0802 , -0.0007 , -0.1578 , -0.7707 , -0.4972 , -0.3235 ,
 -0.1218 , -0.0408 , -0.3184 ,  0.0723 , -0.1825 , -0.3217 ,
 -0.0807 ,  0.0817 ,  0.1558 , -1.6921 ,  0.4687 , -0.3133 ,
  0.0008 , -0.0398 ,  0.4760 ,  0.0468 ,  1.2546 ,  0.3199 ,
 -0.0401 , -0.0808 ,  0.1577 , -0.6454 ,  1.2042 ,  0.3296 ,
  0.0804 , -0.0412 ,  0.0009 , -1.4890 ,  0.1336 , -0.3253 ,
 -0.0404 , -0.0406 ,  0.1579 , -0.7224 , -0.0538 , -0.6651 ,
  0.0002 ,  0.0408 , -0.0001 , -2.3862 ,  0.6144 ,  0.3252 ,
 -0.0401 ,  0.0410 , -0.0005 ,  0.7137 ,  1.7961 ,  0.3252 ,
  0.0002 ,  0.0408 , -0.0001 , -0.0615 ,  1.8590 ,  0.3252 ,
 -0.0401 ,  0.0410 , -0.0005 , -0.0611 ,  0.5515 , -0.6505 ,
 -0.0407 , -0.0813 , -0.0003 ,  0.1233 ,  1.8195 ,  0.6505 ,
 -0.0001 ,  0.0405 , -0.1587 , -0.8314 , -0.0086 , -0.3234 ,
  0.0003 ,  0.0003 ,  0.1586 , -0.7798 ,  1.2452 ,  0.9739 ,
 -0.0809 ,  0.0001 , -0.1594 , -1.5442 , -0.1266 ,  0.3270 ,
 -0.0813 , -0.0002 , -0.3181 ,  0.7853 ,  1.1171 , -0.9722 ,
 -0.0413 , -0.1224 , -0.1588 ,  1.7393 ,  1.2042 , -0.3234 ,
 -0.0418 , -0.1229 ,  0.1590 , -0.5792 , -1.3010 , -0.3381 ,
 -0.0818 , -0.1225 ,  0.1582 , -0.5864 , -0.7345 , -0.3307 ,
 -0.0808 , -0.0404 , -0.0007 ,  0.8369 ,  2.3710 ,  0.0000 ,
 -0.0010 , -0.0009 , -0.4759 ,  0.0147 ,  1.8645 ,  0.0053 ,
  0.0407 , -0.0810 ,  0.1587 , -0.6464 ,  1.3316 ,  0.0057 ,
 -0.0403 ,  0.0002 , -0.0004 ,  0.0003 ,  0.5593 ,  0.3252 ,
 -0.0001 ,  0.0405 , -0.1587 , -0.8314 ,  2.4805 , -0.3234 ,
  0.0011 ,  0.0821 ,  0.3171 , -0.9076 ,  1.2303 , -1.3045 ,
 -0.0004 , -0.0815 ,  0.0002 , -1.4269 ,  0.6379 , -0.6505 ,
  0.0002 ,  0.0408 , -0.0001 , -0.0615 ,  0.6144 ,  0.0000 ,
  0.0002 ,  0.0408 , -0.0001 , -0.0615 ,  0.6144 , -0.9757 ,
  0.0404 ,  0.0810 , -0.1584 , -0.1184 ,  0.0465 , -0.3235 ,
 -0.0010 , -0.0009 , -0.4759 , -0.7602 ,  1.2422 , -0.3199 ,
 -0.1212 ,  0.0003 , -0.1599 , -2.3190 , -0.1895 , -0.3234 ,
 -0.0399 ,  0.0005 ,  0.1582 , -1.5544 , -0.0622 , -0.6523 ,
  0.0395 , -0.0820 , -0.1581 ,  0.9023 , -0.5445 , -0.6487 ,
  0.0407 , -0.0405 ,  0.3176 ,  0.8272 , -0.5513 ,  0.3236 ,
 -0.1204 ,  0.0824 ,  0.1570 , -0.1250 ,  0.4166 , -0.3232 ,
 -0.0411 , -0.0817 , -0.1589 ,  0.1282 ,  1.8187 , -0.6487 ,
 -0.0804 ,  0.0818 ,  0.1566 , -0.9076 ,  0.4705 ,  0.3171 ,
 -0.0812 , -0.1219 , -0.0006 ,  0.1851 ,  1.1421 ,  0.0000 ,
 -0.0407 , -0.0813 , -0.0003 , -1.4264 ,  1.8195 ,  0.0000 ,
 -0.0405 , -0.0406 , -0.0003 , -2.2628 , -1.2998 ,  0.9757 ,
  0.0395 , -0.0820 , -0.1581 ,  0.9023 ,  1.3222 , -0.9740 ,
 -0.0802 , -0.0800 ,  0.1582 ,  0.1200 ,  1.1429 ,  0.6371 ,
  0.0002 ,  0.0408 , -0.0001 , -2.3862 , -1.2525 ,  0.3252 ,
  0.0000 ,  0.0000 ,  0.0000 , -1.5497 ,  0.0000 , -0.3252 ,
 -0.1615 ,  0.0005 , -0.1603 , -0.7686 , -0.2524 ,  0.0018 ,
  0.0008 , -0.0398 ,  0.4760 ,  0.8216 ,  2.4990 ,  0.6451 ,
 -0.1202 ,  0.0012 ,  0.3161 , -1.5586 , -0.1873 , -0.0035 ,
 -0.1210 ,  0.0410 , -0.1599 , -1.6053 , -1.4420 ,  0.0018 ,
  0.0396 , -0.1227 ,  0.1587 ,  0.9625 , -0.5378 , -1.6528 ,
 -0.0805 , -0.0402 ,  0.1584 ,  1.6389 ,  0.4886 , -0.0009 ,
 -0.1208 ,  0.0818 , -0.1600 ,  0.6578 , -0.8275 , -0.6487 ,
 -0.0406 , -0.0001 , -0.1590 , -0.7697 ,  0.5586 , -0.3234 ,
 -0.0403 ,  0.0002 , -0.0004 ,  0.0003 ,  1.8039 ,  0.6505 ,
 -0.0413 , -0.1224 , -0.1588 ,  0.1896 ,  1.8265 ,  0.0018 ,
 -0.0806 ,  0.0416 ,  0.3147 , -0.8237 ,  2.3629 , -0.9683 ,
  0.0002 ,  0.0408 , -0.0001 ,  0.7133 , -0.0078 , -0.3252 ,
 -0.0008 , -0.0818 , -0.1585 , -1.4220 ,  0.0149 ,  0.3270 ,
  0.0404 ,  0.0810 , -0.1584 , -0.8932 ,  0.0465 , -0.3235 ,
 -0.1606 , -0.0797 ,  0.3161 ,  0.8935 ,  0.3852 ,  0.0001 ,
 -0.0400 , -0.0803 ,  0.1586 ,  0.1197 ,  2.4533 , -0.6401 ,
 -0.0400 , -0.0404 ,  0.4760 , -1.4957 , -1.2950 ,  0.6663 ,
 -0.0007 , -0.0006 , -0.3173 ,  1.5594 ,  0.6208 , -0.3217 ,
 -0.1619 ,  0.0002 , -0.3189 , -0.7637 ,  0.9914 ,  0.3288 ,
 -0.0002 , -0.0408 ,  0.0001 ,  0.0615 , -0.6145 ,  0.3252 ,
 -0.0807 ,  0.1221 , -0.3183 , -0.9488 ,  1.0937 , -0.3217 ,
 -0.0010 , -0.0009 , -0.4759 , -0.7602 , -0.0022 , -0.3199 ,
 -0.0816 , -0.0005 , -0.4767 ,  0.0154 , -0.1281 , -0.6451 ,
 -0.0403 ,  0.0002 , -0.0004 , -0.7745 ,  1.1816 ,  0.3252 ,
 -0.1608 ,  0.0011 ,  0.1570 , -2.3283 , -0.8732 ,  0.3235 ,
 -0.0411 , -0.0817 , -0.1589 , -0.6467 ,  1.1965 ,  0.0018 ,
 -0.0403 , -0.0404 ,  0.1585 ,  0.0563 , -0.6811 , -0.0043 ,
 -0.0397 , -0.0396 ,  0.3166 ,  0.0542 ,  1.1941 , -0.6354 ,
  0.0399 , -0.0005 , -0.1582 ,  0.0045 ,  1.9290 , -0.6487 ,
 -0.0805 , -0.0404 ,  0.3158 , -1.5074 , -0.1154 , -0.3308 ,
  0.0806 , -0.0004 ,  0.0008 ,  0.7741 ,  1.3704 , -0.3253 ,
 -0.0389 ,  0.0825 ,  0.3164 ,  1.4144 , -1.3159 , -0.3412 ,
  0.0795 , -0.0013 , -0.4751 ,  2.3384 , -0.4987 , -0.3199 ,
  0.0004 ,  0.0815 , -0.0002 , -1.6727 ,  1.8511 ,  0.3252 ,
  0.0004 ,  0.0815 , -0.0002 ,  0.6519 , -0.0156 ,  0.3252 ,
 -0.0814 , -0.1629 ,  0.3166 , -1.3143 , -0.7167 ,  0.0051 ,
 -0.0802 ,  0.0007 ,  0.1578 , -0.0042 ,  1.1194 , -0.6523 ,
 -0.0409 ,  0.0808 , -0.4765 , -1.6576 , -0.0808 ,  0.6558 ,
 -0.0405 , -0.0406 , -0.0003 , -0.7131 ,  0.5671 , -0.6505 ,
  0.0809 ,  0.0411 ,  0.3166 , -0.8264 ,  2.6172 ,  0.3294 ,
 -0.1607 , -0.0390 ,  0.3155 ,  0.0551 ,  1.0044 ,  0.3144 ,
 -0.1205 ,  0.0821 , -0.0014 , -0.1219 , -0.2044 ,  0.0000 ,
  0.0001 , -0.0405 ,  0.1587 ,  2.3808 , -0.6138 , -0.6523 ,
 -0.1209 ,  0.0006 , -0.0012 ,  1.5506 ,  1.0558 ,  0.0000 ,
  0.0398 ,  0.0400 , -0.3170 , -0.0520 ,  1.9204 , -0.9722 ,
 -0.0411 ,  0.0400 , -0.4764 , -0.8214 ,  1.7939 ,  0.3306 ,
  0.1217 ,  0.0403 ,  0.1587 , -2.4122 ,  0.8051 ,  0.6577 ,
 -0.0393 ,  0.0416 ,  0.3169 ,  0.7064 , -0.0708 ,  0.3201 ,
 -0.0396 ,  0.0008 ,  0.3169 ,  2.3151 , -1.3062 , -0.3288 ,
 -0.1219 , -0.0003 , -0.4771 , -1.5341 ,  0.4313 , -0.9704 ,
 -0.1618 ,  0.0814 , -0.4777 , -0.8817 ,  1.5973 ,  0.0054 ,
 -0.2015 ,  0.0010 , -0.0020 , -0.7732 ,  0.9299 ,  0.6505 ,
 -0.1209 ,  0.0006 , -0.0012 ,  0.0010 , -1.4334 ,  0.3253 ,
  0.0417 ,  0.0824 ,  0.4760 , -0.1377 ,  0.6692 ,  0.3033 ,
 -0.0403 ,  0.0002 , -0.0004 ,  0.0003 ,  2.4261 ,  0.3252 ,
 -0.0804 ,  0.0412 , -0.0009 ,  0.7141 ,  1.7331 , -0.3252 ,
 -0.2019 , -0.0806 , -0.0019 ,  0.8995 ,  0.9456 ,  0.3253 ,
  0.0804 , -0.0412 ,  0.0009 , -2.2639 ,  1.3782 ,  0.3252 ,
 -0.0814 , -0.0815 , -0.1593 ,  0.9033 , -0.7333 , -0.6487 ,
 -0.0802 ,  0.0007 ,  0.1578 ,  2.3202 ,  1.7418 , -0.0018 ,
  0.0798 , -0.0822 , -0.1577 , -0.6478 ,  0.1407 , -0.3235 ,
 -0.1209 ,  0.0006 , -0.0012 ,  1.5506 ,  1.6780 ,  0.6505 ,
 -0.0003 , -0.0003 , -0.1586 ,  0.7797 , -0.0007 ,  0.6522 ,
 -0.2017 , -0.0806 ,  0.1558 , -0.6446 ,  0.9529 ,  0.0024 ,
 -0.1622 , -0.1218 , -0.1600 , -2.1342 , -1.4737 ,  0.3270 ,
  0.1207 , -0.0413 ,  0.0013 ,  1.6100 ,  0.1966 , -0.9757 ,
 -0.0802 ,  0.0819 , -0.0010 ,  1.4274 ,  1.1030 ,  0.6505 ,
 -0.0006 , -0.0411 , -0.1586 ,  0.0663 ,  1.2515 , -0.6487 ,
 -0.1617 ,  0.0409 , -0.3190 , -0.0503 ,  0.3613 ,  0.3288 ,
 -0.1616 , -0.0808 , -0.0015 ,  1.6739 , -0.2361 ,  0.3253 ,
 -0.0398 , -0.0800 ,  0.3169 ,  0.1180 ,  1.8319 , -0.0017 ,
 -0.0001 ,  0.0405 , -0.1587 ,  0.7182 , -0.0086 ,  0.0018 ,
 -0.0406 , -0.0001 , -0.1590 ,  0.0052 ,  0.5586 ,  0.0018 ,
 -0.0805 ,  0.0816 , -0.1596 , -0.8922 ,  1.1023 , -0.6487 ,
 -0.1205 ,  0.0009 ,  0.1574 ,  0.7709 ,  1.0565 ,  0.3235 ,
  0.0395 , -0.0820 , -0.1581 ,  0.9023 ,  1.9446 , -0.6487 ,
  0.0394 , -0.0416 , -0.3168 ,  0.8457 ,  0.6915 , -0.3217 ,
 -0.0014 , -0.2041 , -0.1583 ,  2.6367 ,  1.2828 , -0.3235 ,
 -0.0410 , -0.0004 , -0.3177 , -1.5397 ,  1.1801 , -0.6469 ,
 -0.1204 , -0.0389 ,  0.1581 ,  0.8340 ,  1.6824 ,  0.3134 ,
 -0.0001 ,  0.0405 , -0.1587 , -1.6063 , -0.0086 , -0.6487 ,
  0.1202 , -0.0012 , -0.3161 , -0.7661 ,  1.4318 ,  0.3288 ,
 -0.0817 , -0.0818 , -0.3179 , -2.1914 , -0.1117 , -0.3217 ,
 -0.0821 ,  0.0396 , -0.7941 , -0.0363 , -0.7597 ,  0.0089 ,
 -0.0399 , -0.1208 ,  0.1589 ,  0.1809 ,  1.8393 ,  0.3172 ,
 -0.2029 , -0.0815 , -0.4778 ,  0.1393 ,  1.5655 , -0.3199 ,
  0.0399 , -0.0817 ,  0.0006 ,  0.8974 ,  1.3231 , -0.0000 ,
  0.0390 , -0.0419 , -0.4754 ,  1.6254 ,  1.3130 ,  0.3306 ,
 -0.0409 , -0.0409 , -0.1590 , -1.4831 ,  0.5664 , -0.3234 ,
  0.0401 , -0.0410 ,  0.0005 ,  0.8359 ,  0.6930 , -0.3253 ,
 -0.0409 , -0.0409 , -0.1590 , -0.7082 ,  2.4331 ,  0.0018 ,
 -0.1610 , -0.1208 ,  0.3152 , -0.5871 ,  1.0229 , -0.0040 ,
 -0.1607 , -0.0796 ,  0.1580 ,  0.8999 ,  1.0075 , -0.6512 ,
  0.0809 , -0.0001 ,  0.1594 , -0.0056 ,  3.2379 , -0.0018 ,
 -0.0003 , -0.0003 , -0.1586 , -0.7700 , -0.6231 , -0.3234 ,
 -0.1212 ,  0.0003 , -0.1599 ,  0.7807 ,  0.4328 , -0.3234 ,
 -0.0818 , -0.0413 , -0.4766 ,  0.8516 , -0.1203 ,  0.0054 ,
 -0.0409 , -0.0814 ,  0.1587 ,  0.1181 , -1.3039 ,  0.3194 ,
 -0.0003 ,  0.0809 , -0.3174 , -1.6629 , -0.0171 , -0.3217 ,
  0.0014 ,  0.2041 ,  0.1583 , -0.3122 ,  2.4506 , -0.3270 ,
 -0.0396 ,  0.0415 ,  0.3162 , -0.8418 ,  0.5516 , -0.9571 ,
 -0.0806 ,  0.0004 , -0.0008 ,  0.0007 ,  2.3631 , -0.3252 ,
 -0.0413 , -0.1224 , -0.1588 ,  0.1896 ,  0.5820 ,  0.0018 ,
  0.0401 , -0.0410 ,  0.0005 ,  1.6107 , -0.5516 ,  0.3252 ,
 -0.0003 ,  0.0809 , -0.3174 , -1.6630 ,  1.2274 ,  0.0036 ,
  0.0000 ,  0.0000 ,  0.0000 ,  1.5497 ,  0.0000 , -0.3252 ,
 -0.0810 , -0.0811 , -0.0007 ,  0.1236 ,  1.1343 , -0.3252 ,
 -0.0405 , -0.0406 , -0.0003 ,  0.8366 , -0.0551 ,  0.9757 ,
 -0.0407 , -0.0813 , -0.0003 ,  0.1233 , -0.0473 ,  0.3252 ,
  0.0007 ,  0.0006 ,  0.3173 ,  0.7650 ,  1.2460 , -0.0036 ,
 -0.1205 ,  0.0009 ,  0.1574 , -0.7787 ,  0.4343 ,  0.3235 ,
 -0.0404 ,  0.0406 , -0.1591 , -0.8311 ,  0.5508 , -0.9740 ,
 -0.1621 , -0.0406 , -0.3188 ,  0.0726 ,  0.3769 ,  0.0036 ,
 -0.0412 , -0.0412 , -0.3176 ,  0.0716 ,  2.4324 , -0.3217 ,
 -0.0808 , -0.0404 , -0.0007 ,  0.8369 ,  1.1265 , -0.3252 ,
  0.0395 , -0.0820 , -0.1581 ,  0.1275 ,  0.0778 ,  0.0018 ,
 -0.0805 ,  0.0816 , -0.1596 , -1.6671 ,  0.4801 , -0.3234 ,
 -0.0402 ,  0.0814 , -0.1592 , -0.8925 , -0.0793 , -0.3234 ,
 -0.0412 , -0.0412 , -0.3176 ,  0.8464 ,  1.1879 ,  0.0036 ,
  0.0405 , -0.0407 ,  0.1589 , -0.7231 ,  0.0741 , -0.0004 ,
 -0.1197 ,  0.1232 ,  0.4733 , -1.7500 ,  0.4073 , -0.0041 ,
 -0.0799 ,  0.0818 ,  0.3154 , -1.6938 , -0.1386 ,  0.0029 ,
 -0.0409 ,  0.0808 , -0.4765 , -0.1079 , -1.9479 ,  0.6558 ,
 -0.0401 , -0.0403 ,  0.1584 ,  0.0569 , -0.0543 ,  0.3313 ,
  0.0006 ,  0.0411 ,  0.1586 , -0.0664 , -0.6294 ,  0.3234 ,
 -0.0420 , -0.1230 , -0.4761 ,  0.1994 , -1.2864 ,  0.6558 ,
 -0.0404 ,  0.0408 ,  0.1567 , -0.8347 ,  1.1716 , -0.3146 ,
  0.0003 ,  0.0003 ,  0.1586 ,  1.5447 ,  1.2452 ,  0.3234 ,
  0.0406 , -0.0807 ,  0.1593 ,  0.1193 ,  1.3314 ,  0.3178 ,
 -0.1213 , -0.0810 , -0.0011 , -0.6509 ,  1.0713 ,  0.3253 ,
  0.0397 , -0.0413 , -0.1582 , -0.7089 ,  0.0700 , -0.6487 ,
 -0.0001 , -0.0812 ,  0.1588 ,  0.8929 ,  1.8832 , -0.6523 ,
 -0.0802 ,  0.0007 ,  0.1578 , -0.7791 ,  1.1194 ,  0.3234 ,
  0.0397 , -0.0413 , -0.1582 ,  0.8408 ,  0.0700 , -0.3235 ,
  0.0405 ,  0.0406 ,  0.0003 , -0.8367 ,  1.2996 ,  0.3252 ,
 -0.2017 , -0.0398 , -0.0019 , -0.7117 ,  2.1821 ,  0.3253 ,
  0.0406 ,  0.0001 ,  0.1590 , -0.0052 , -0.5587 , -0.3270 ,
 -0.1599 ,  0.0834 ,  0.3158 ,  1.4351 ,  0.3449 , -0.3086 ,
 -0.2022 ,  0.0415 ,  0.1541 , -1.6303 ,  0.2822 ,  0.3221 ,
  0.0396 , -0.0008 , -0.3169 , -0.7655 ,  0.6837 ,  0.0036 ,
 -0.0816 , -0.1222 , -0.1592 , -1.3598 ,  0.5191 ,  0.0018 ,
  0.0407 ,  0.0406 ,  0.1583 ,  2.3065 ,  0.0447 ,  0.3197 ,
 -0.0403 ,  0.0002 , -0.0004 ,  0.0003 ,  1.1816 , -0.3252 ,
 -0.1211 , -0.0402 , -0.0011 , -0.7124 , -0.1810 ,  0.0000 ,
 -0.0802 ,  0.0007 ,  0.1578 , -0.7791 , -0.7474 , -0.0018 ,
  0.0000 ,  0.0000 ,  0.0000 ,  0.7748 ,  1.2446 , -0.3252 ,
 -0.2014 ,  0.0822 , -0.1608 , -0.8912 , -0.3310 , -0.6487 ,
 -0.0008 ,  0.0398 , -0.4760 , -0.0468 ,  0.6122 ,  0.6558 ,
 -0.1618 , -0.1215 , -0.0014 , -0.5891 , -0.2283 ,  0.0000 ,
  0.0003 ,  0.0003 ,  0.1586 ,  0.7699 ,  0.6230 ,  0.6487 ,
 -0.1194 ,  0.2050 ,  0.3154 , -0.3154 ,  0.3938 , -0.0028 ,
 -0.1212 ,  0.0003 , -0.1599 ,  0.7807 , -0.1895 ,  0.0018 ,
 -0.0407 , -0.0813 , -0.0003 ,  1.6730 ,  1.8195 ,  0.0000 ,
 -0.0001 ,  0.0405 , -0.1587 , -1.6064 ,  1.2359 ,  0.0018 ,
  0.0406 ,  0.0410 ,  0.1587 , -0.0660 ,  0.6773 , -0.0009 ,
  0.0002 ,  0.0408 , -0.0001 , -1.6112 ,  1.2367 , -0.3252 ,
 -0.0814 ,  0.0402 , -0.4768 ,  1.5035 ,  0.4864 , -0.6451 ,
  0.0395 , -0.0820 , -0.1581 , -0.6474 ,  0.0778 , -0.3235 ,
 -0.1217 , -0.0813 , -0.1597 , -2.9707 ,  0.4484 ,  0.0018 ,
 -0.0400 ,  0.0814 ,  0.1567 , -1.6923 , -0.0782 ,  0.0042 ,
 -0.0801 , -0.0398 ,  0.3161 , -0.7173 ,  0.5044 , -0.3202 ,
  0.0402 ,  0.0403 , -0.1583 ,  1.4927 , -0.5680 ,  0.3270 ,
 -0.1203 ,  0.1229 , -0.0014 , -0.9582 ,  1.0323 , -0.3252 ,
  0.0795 , -0.0013 , -0.4751 , -2.3107 ,  1.3680 , -0.3199 ,
 -0.0394 , -0.0389 ,  0.4757 ,  0.8203 ,  1.8123 ,  0.3194 ,
 -0.0401 , -0.0397 ,  0.1582 ,  0.0587 ,  1.1957 ,  0.3189 ,
 -0.0403 ,  0.0414 ,  0.1576 , -0.0637 ,  1.8004 , -0.0004 ,
  0.0397 , -0.1225 ,  0.0006 ,  0.9589 ,  1.9533 ,  0.6504 ,
  0.0405 ,  0.0406 ,  0.0003 , -1.6116 ,  0.6774 , -0.3253 ,
 -0.1209 ,  0.0006 , -0.0012 , -0.7738 ,  1.6780 , -1.3010 ,
 -0.0006 , -0.0411 , -0.1586 ,  0.8412 ,  0.0071 ,  0.3270 ,
 -0.0010 , -0.0009 , -0.4759 , -0.7602 ,  1.2422 , -0.6451 ,
 -0.0407 , -0.0813 , -0.0003 ,  0.1233 , -0.0473 ,  0.6505 ,
 -0.1211 , -0.0402 , -0.0011 ,  1.6120 ,  0.4413 ,  0.0000 ,
  0.0406 ,  0.0001 ,  0.1590 , -0.0052 ,  0.0637 ,  0.3234 ,
  0.0795 , -0.0013 , -0.4751 , -0.7609 ,  0.1236 ,  0.3306 ,
  0.0804 , -0.0412 ,  0.0009 , -0.7141 ,  0.7559 , -0.0000 ,
 -0.0816 , -0.1222 , -0.1592 ,  1.7395 ,  1.7636 , -0.3234 ,
  0.0003 ,  0.0003 ,  0.1586 , -2.3298 ,  0.6230 ,  0.3234 ,
 -0.0006 , -0.0411 , -0.1586 , -0.7085 ,  0.6293 , -0.6487 ,
 -0.0003 , -0.0003 , -0.1586 ,  0.0049 ,  1.8661 ,  0.3270 ,
  0.0405 ,  0.0406 ,  0.0003 , -0.0618 ,  0.0551 ,  0.3252 ,
 -0.0403 , -0.0405 ,  0.1579 ,  4.0105 , -0.0618 , -0.6609 ,
 -0.0807 ,  0.0408 , -0.1595 ,  0.7189 , -0.7567 ,  0.0018 ,
 -0.1218 , -0.0408 , -0.3184 ,  0.0723 ,  1.0621 ,  0.3288 ,
 -0.1220 , -0.1224 ,  0.1571 ,  1.7549 , -0.7890 ,  0.0103 ,
  0.1211 ,  0.0402 ,  0.0011 , -0.8374 ,  2.0477 ,  0.3252 ,
 -0.0004 , -0.0815 ,  0.0002 ,  0.1229 ,  0.6379 , -0.3253 ,
 -0.1216 , -0.0000 , -0.3185 , -3.0889 , -0.1903 , -0.9722 ,
 -0.0407 , -0.0813 , -0.0003 ,  0.8981 ,  0.5749 , -0.9757 ,
 -0.0001 , -0.0812 ,  0.1588 ,  3.2173 ,  1.8832 ,  0.3234 ,
  0.0000 ,  0.0000 ,  0.0000 ,  0.0000 ,  0.6223 , -0.3252 ,
  0.0397 , -0.0413 , -0.1582 , -0.7089 , -0.5524 ,  0.0018 ,
  0.0809 , -0.0001 ,  0.1594 , -0.0056 ,  0.7488 ,  0.3234 ,
 -0.0405 , -0.1218 ,  0.1585 ,  0.1797 , -0.0381 , -0.0022 ,
 -0.0007 , -0.0006 , -0.3173 ,  0.7846 ,  0.6208 ,  0.0036 ,
 -0.0795 ,  0.0013 ,  0.4751 , -0.0140 ,  1.1209 , -0.0053 ,
 -0.0403 ,  0.0002 , -0.0004 , -1.5494 , -1.3076 ,  0.3252 ,
 -0.0808 , -0.0404 , -0.0007 ,  0.0621 ,  1.1265 ,  0.3252 ,
 -0.1202 ,  0.0012 ,  0.3161 ,  0.7661 , -0.8096 , -0.0035 ,
  0.0402 ,  0.0403 , -0.1583 , -0.8318 ,  1.2989 , -0.3235 ,
 -0.0008 , -0.0818 , -0.1585 , -0.6471 ,  0.0149 ,  0.0018 ,
  0.0398 ,  0.0400 , -0.3170 , -0.0520 , -0.5687 , -0.3217 ,
 -0.0808 , -0.0404 , -0.0007 ,  0.8369 , -0.1180 ,  0.3252 ,
  0.0815 ,  0.0410 ,  0.3169 , -1.6295 ,  0.7399 , -0.9642 ,
 -0.0413 , -0.0007 , -0.4763 , -0.7599 , -0.0652 ,  0.0053 ,
 -0.0003 , -0.0003 , -0.1586 , -0.7700 , -0.0007 , -0.9740 ,
 -0.0399 ,  0.0817 , -0.0006 , -0.1226 ,  1.1660 ,  0.0000 ,
 -0.0004 , -0.0815 ,  0.0002 , -0.6520 ,  0.0156 , -0.3253 ,
 -0.0814 ,  0.0402 , -0.4768 ,  0.7287 ,  0.4864 ,  0.0054 ,
  0.0404 ,  0.0810 , -0.1584 ,  0.6565 ,  0.6688 ,  0.3270 ,
 -0.0402 , -0.0403 ,  0.1574 , -0.7085 ,  1.1936 ,  0.0067 ,
  0.0001 ,  0.0812 , -0.1588 , -0.8930 ,  0.6059 ,  0.3270 ,
 -0.1226 , -0.1226 , -0.4769 , -0.5748 , -0.7899 ,  0.3306 ,
  0.0396 , -0.0008 , -0.3169 ,  2.3340 , -1.8055 ,  0.3288 ,
 -0.1203 ,  0.0421 ,  0.1576 ,  0.7159 ,  0.4191 ,  0.3223 ,
 -0.1211 , -0.0402 , -0.0011 ,  0.8373 , -0.1810 ,  0.0000 ,
 -0.0008 , -0.0818 , -0.1585 , -0.6471 ,  1.8816 ,  0.0018 ,
 -0.0799 ,  0.0010 ,  0.3165 ,  1.5406 ,  1.1202 , -0.3288 ,
 -0.0416 , -0.0415 , -0.4762 , -1.4733 ,  0.5649 ,  0.0053 ,
 -0.1620 , -0.0811 , -0.1601 ,  0.1292 ,  1.0077 ,  0.3270 ,
 -0.0010 , -0.0009 , -0.4759 , -1.5351 , -0.0022 ,  0.3306 ,
  0.0401 , -0.0410 ,  0.0005 ,  0.0611 ,  1.9376 , -0.0000 ,
  0.0003 ,  0.0003 ,  0.1586 , -1.5547 ,  0.0007 ,  0.6487 ,
  0.0001 , -0.0405 ,  0.1587 , -3.0431 ,  2.4975 , -0.0018 ,
 -0.0408 ,  0.0403 , -0.3178 , -0.8262 , -0.0722 ,  0.0036 ,
 -0.0399 ,  0.0005 ,  0.1582 , -0.0045 , -0.0622 , -0.0018 ,
 -0.1209 ,  0.0006 , -0.0012 , -0.7738 , -0.8111 ,  0.6505 ,
 -0.0408 ,  0.0403 , -0.3178 , -0.8262 , -0.6945 ,  0.3288 ,
  0.0406 ,  0.0001 ,  0.1590 ,  1.5444 ,  1.9305 ,  0.3234 ,
 -0.1221 , -0.1628 , -0.1595 , -0.5231 , -1.4029 ,  0.9775 ,
 -0.0813 , -0.0002 , -0.3181 ,  0.0105 ,  0.4950 , -0.3217 ,
  0.0410 ,  0.0004 ,  0.3177 , -0.0101 ,  0.6867 , -0.6541 ,
  0.0413 ,  0.0820 ,  0.3168 , -0.9045 ,  0.6707 , -0.0048 ,
 -0.1610 ,  0.0415 , -0.0017 , -0.8349 , -0.2595 ,  0.0000 ,
  0.0802 , -0.0819 ,  0.0010 , -2.2025 ,  0.1415 ,  0.3252 ,
 -0.0404 ,  0.0406 , -0.1591 ,  1.4933 , -1.3161 ,  0.0018 ,
 -0.0008 , -0.0818 , -0.1585 , -0.6471 ,  1.8816 , -0.3235 ,
 -0.0405 , -0.0406 , -0.0003 , -0.7131 ,  0.5671 , -1.3010 ,
  0.0011 ,  0.0821 ,  0.3171 , -1.6825 ,  1.8527 ,  0.3217 ,
 -0.0821 , -0.0405 ,  0.1574 , -1.4919 , -1.3694 , -0.0206 ,
  0.0806 , -0.0004 ,  0.0008 , -0.7756 ,  0.7481 ,  0.3252 ,
 -0.0804 ,  0.0412 , -0.0009 , -0.0608 , -0.1337 , -0.3252 ,
  0.0396 , -0.0008 , -0.3169 ,  1.5591 ,  1.3059 , -0.3217 ,
  0.0399 , -0.0817 ,  0.0006 ,  1.6721 ,  0.7008 , -0.0000 ,
 -0.1620 , -0.1623 , -0.0013 , -0.5276 ,  0.4018 ,  0.6505 ,
 -0.0002 , -0.0408 ,  0.0001 ,  0.0615 ,  0.6301 ,  0.3252 ,
 -0.0007 , -0.0006 , -0.3173 , -0.7651 ,  0.6208 ,  0.0036 ,
 -0.1205 ,  0.0009 ,  0.1574 , -0.0039 ,  0.4343 , -0.0018 ,
  0.0402 , -0.0409 ,  0.1584 ,  1.6385 ,  0.0599 , -0.3175 ,
 -0.1219 , -0.0003 , -0.4771 ,  0.0157 , -2.0581 ,  1.3063 ,
 -0.0007 , -0.0006 , -0.3173 , -0.7651 ,  0.6208 ,  0.3288 ,
  0.0399 , -0.0005 , -0.1582 ,  0.7793 ,  0.6844 ,  0.3270 ,
 -0.0403 ,  0.0002 , -0.0004 , -1.5494 ,  0.5593 ,  0.0000 ,
 -0.0809 ,  0.0001 , -0.1594 ,  1.5552 , -0.7489 ,  0.6523 ,
 -0.1618 , -0.1215 , -0.0014 ,  0.9606 ,  0.3940 ,  0.3253 ,
 -0.0407 , -0.0813 , -0.0003 , -0.6516 , -0.0473 ,  0.3252 ,
  0.0003 , -0.0809 ,  0.3174 , -0.6618 ,  0.6393 ,  0.3217 ,
 -0.0809 ,  0.0001 , -0.1594 ,  1.5553 , -1.3712 ,  0.0018 ,
 -0.0408 ,  0.0403 , -0.3178 , -0.0513 ,  1.7946 ,  0.0036 ,
 -0.0004 , -0.0815 ,  0.0002 ,  0.8977 ,  1.2602 , -0.6505 ,
 -0.0410 , -0.0004 , -0.3177 ,  0.7850 , -0.6868 ,  0.6541 ,
 -0.1210 ,  0.1223 , -0.3187 , -1.7233 , -0.2137 ,  0.3288 ,
 -0.0405 , -0.0406 , -0.0003 , -1.4879 , -1.9221 , -0.3252 ,
 -0.0813 , -0.0002 , -0.3181 ,  0.7853 , -0.7497 ,  0.3288 ,
 -0.0414 , -0.0820 , -0.3175 ,  0.1330 ,  0.5735 ,  0.0036 ,
  0.0008 ,  0.0818 ,  0.1585 ,  2.9714 ,  0.6074 ,  0.3234 ,
  0.0796 , -0.1230 , -0.1576 ,  0.1886 ,  1.3930 , -0.3235 ,
  0.0409 ,  0.1221 ,  0.0002 , -0.9596 ,  0.0395 , -0.0000 ,
 -0.2014 ,  0.0822 , -0.1608 , -0.1163 , -0.9533 , -0.6487 ,
 -0.0412 , -0.0412 , -0.3176 , -1.4782 , -0.6789 ,  0.6541 ,
 -0.0015 , -0.0825 , -0.4758 , -0.6373 ,  1.2578 , -0.3199 ,
  0.0403 , -0.0002 ,  0.0004 , -0.0003 ,  0.6852 ,  0.3252 ,
 -0.0013 , -0.0417 , -0.4758 , -1.4736 , -0.6168 , -1.6209 ,
 -0.1605 ,  0.0014 ,  0.3157 , -0.7833 , -0.2502 , -0.6541 ,
 -0.0410 , -0.0004 , -0.3177 , -0.7648 , -1.3091 ,  0.0036 ,
 -0.1616 ,  0.1221 , -0.4777 , -0.9432 ,  1.5894 , -0.3199 ,
 -0.1217 ,  0.0404 , -0.4772 ,  1.5038 ,  2.2901 ,  0.3306 ,
  0.0412 ,  0.0813 ,  0.3155 , -2.4860 ,  0.6632 , -0.3189 ,
 -0.0006 , -0.0411 , -0.1586 ,  0.0663 ,  0.0071 , -0.3234 ,
  0.0398 ,  0.0400 , -0.3170 , -0.0520 ,  1.2981 ,  0.0036 ,
 -0.0811 , -0.0408 ,  0.1580 , -0.7121 , -0.7449 ,  0.6573 ,
  0.1213 ,  0.0810 ,  0.0011 ,  0.6508 , -1.0715 , -0.6505 ,
  0.0804 , -0.0412 ,  0.0009 ,  0.0608 , -0.4887 ,  0.6504 ,
 -0.0002 , -0.0408 ,  0.0001 ,  0.0615 ,  0.6301 ,  0.3252 ,
 -0.1211 , -0.0402 , -0.0011 , -1.4873 ,  1.0636 , -0.3252 ,
 -0.1614 , -0.0400 , -0.0015 ,  0.8376 ,  0.3784 ,  0.0000 ,
  0.0402 ,  0.1215 , -0.3171 , -0.9498 ,  0.6602 ,  0.0036 ,
 -0.1203 ,  0.1229 , -0.0014 , -1.7331 , -0.2122 , -0.6505 ,
  0.0002 ,  0.0408 , -0.0001 , -0.8363 ,  1.2367 , -0.9757 ,
 -0.0802 ,  0.0007 ,  0.1578 ,  0.7706 ,  0.4972 ,  0.3234 ,
 -0.0815 , -0.0407 ,  0.1570 , -1.4975 , -0.7434 ,  0.3223 ,
  0.0394 , -0.0416 , -0.3168 , -0.7040 ,  0.0692 ,  0.3288 ,
  0.0009 ,  0.0414 ,  0.3172 , -0.0712 , -0.6286 , -0.0036 ,
  0.0405 ,  0.0406 ,  0.0003 , -0.8367 ,  0.6774 , -0.0000 ,
  0.0413 ,  0.0007 ,  0.4763 , -0.7900 ,  0.0652 , -0.0053 ,
 -0.0410 , -0.0004 , -0.3177 , -0.7647 ,  1.8024 ,  0.6541 ,
 -0.0795 ,  0.1644 ,  0.3163 ,  1.2989 ,  1.0705 ,  0.3256 ,
  0.0811 , -0.0809 ,  0.3175 , -0.6491 ,  1.3955 , -0.0030 ,
 -0.1210 ,  0.0410 , -0.1599 , -0.8304 , -1.4420 , -0.3234 ,
 -0.0813 , -0.0002 , -0.3181 , -0.7644 ,  0.4950 ,  0.0036 ,
 -0.0004 , -0.0815 ,  0.0002 ,  0.8977 ,  2.5048 ,  0.3252 ,
  0.0410 ,  0.0004 ,  0.3177 , -0.0101 ,  0.6867 , -0.3288 ,
 -0.1613 ,  0.0412 , -0.1603 ,  1.4944 , -0.8825 ,  0.3270 ,
  0.0399 , -0.0005 , -0.1582 , -0.7703 ,  0.6844 ,  0.3270 ,
 -0.0807 ,  0.0408 , -0.1595 , -0.0559 ,  1.7324 , -0.6487 ,
 -0.0820 , -0.0009 , -0.6354 , -1.5295 ,  0.4934 , -0.6434 ,
 -0.0006 , -0.0411 , -0.1586 , -0.7085 ,  0.0071 ,  0.3270 ,
 -0.0002 , -0.0408 ,  0.0001 ,  0.8362 , -0.6145 , -0.3253 ,
 -0.0404 ,  0.1219 , -0.3179 , -0.1742 ,  1.7790 ,  0.3288 ,
 -0.0007 , -0.0006 , -0.3173 ,  0.0098 ,  0.6208 ,  0.3288 ,
  0.0396 , -0.0008 , -0.3169 ,  0.0094 ,  0.6837 ,  0.3288 ,
  0.1209 , -0.0006 ,  0.0012 , -1.5508 ,  0.1888 , -0.6505 ,
  0.0405 ,  0.0406 ,  0.0003 , -0.8367 ,  0.0551 , -0.0000 ,
 -0.0812 , -0.0407 , -0.1594 , -2.2578 , -0.7411 ,  0.3270 ,
  0.0401 , -0.0410 ,  0.0005 ,  0.0611 ,  0.6930 , -0.3253 ,
 -0.0409 , -0.0409 , -0.1590 , -0.7082 ,  1.1887 , -0.9740 ,
 -0.0406 , -0.0001 , -0.1590 , -0.7697 , -0.0637 , -0.3234 ,
 -0.0397 , -0.0396 ,  0.3166 ,  0.0542 ,  1.1941 , -0.3184 ,
 -0.1212 ,  0.0003 , -0.1599 , -2.3188 ,  0.4328 ,  0.3270 ,
 -0.1207 ,  0.0413 , -0.0013 , -0.8353 ,  1.0479 ,  0.0000 ,
 -0.0415 ,  0.0397 , -0.6350 , -0.8165 , -0.0737 , -0.9686 ,
 -0.0399 ,  0.0817 , -0.0006 , -1.6723 , -1.3232 ,  0.0000 ,
 -0.0405 , -0.0406 , -0.0003 ,  0.0618 ,  1.8117 , -0.3252 ,
  0.0405 ,  0.0406 ,  0.0003 , -2.3866 , -1.1895 ,  0.3252 ,
 -0.1612 , -0.0399 ,  0.1573 ,  0.0572 , -0.8714 ,  0.3227 ,
 -0.0396 ,  0.0008 ,  0.3169 , -0.0094 ,  1.1831 ,  0.3217 ,
 -0.0410 , -0.0004 , -0.3177 ,  0.0101 ,  3.0468 ,  0.0036 ,
 -0.0008 ,  0.0398 , -0.4760 , -0.8217 ,  0.6122 ,  0.0053 ,
 -0.1209 ,  0.0006 , -0.0012 ,  1.5506 ,  1.0558 , -0.9757 ,
 -0.0403 ,  0.0002 , -0.0004 , -0.7745 ,  1.8039 ,  0.0000 ,
  0.0005 , -0.0401 ,  0.3174 , -2.2732 , -0.6130 , -0.6541 ,
  0.0009 ,  0.0414 ,  0.3172 , -0.8462 , -0.6286 , -0.0036 ,
 -0.0807 ,  0.1221 , -0.3183 , -2.4987 ,  0.4715 , -0.3217 ,
 -0.1214 , -0.0405 , -0.1598 ,  0.0674 , -0.8040 ,  0.3270 ,
 -0.1620 , -0.0811 , -0.1601 , -1.4206 , -0.8591 ,  0.6523 ,
 -0.0008 , -0.0818 , -0.1585 , -1.4220 ,  1.8816 ,  0.6522 ,
  0.0411 ,  0.1629 ,  0.0001 , -0.2462 ,  1.2762 , -0.9757 ,
  0.1204 ,  0.0396 , -0.3161 , -0.0527 ,  2.6685 , -0.3217 ,
 -0.0804 ,  0.0410 ,  0.1572 , -0.8464 , -0.1329 ,  0.0022 ,
 -0.1214 , -0.0405 , -0.1598 ,  0.0674 ,  1.0628 ,  0.3270 ,
 -0.1214 ,  0.0407 , -0.3186 , -1.6004 , -0.1981 ,  0.3288 ,
 -0.1197 ,  0.1235 ,  0.3156 , -0.1923 ,  0.4101 ,  0.3086 ,
 -0.1222 , -0.1223 , -0.3183 ,  0.9700 , -1.4115 ,  0.0036 ,
  0.0395 , -0.1633 ,  0.0007 , -1.3043 ,  1.3386 , -0.0000 ,
  0.0410 ,  0.0811 ,  0.1578 , -1.6940 ,  0.0518 ,  0.3229 ,
  0.0407 , -0.1212 ,  0.1597 ,  0.1805 ,  1.9649 , -0.6402 ,
 -0.0410 , -0.0004 , -0.3177 , -2.3145 , -0.6868 ,  0.3288 ,
  0.0406 , -0.0409 ,  0.1579 , -1.5081 ,  0.6934 ,  0.0096 ,
  0.0001 , -0.0405 ,  0.1587 , -1.4933 ,  0.0086 , -0.0018 ,
 -0.0401 ,  0.0410 , -0.0005 , -0.8360 , -0.6931 ,  0.3252 ,
 -0.0007 , -0.0006 , -0.3173 ,  0.7846 ,  0.6208 , -0.3217 ,
 -0.0405 , -0.0406 , -0.0003 ,  0.8366 ,  1.1894 ,  0.3252 ,
  0.0800 , -0.0415 , -0.1578 ,  0.8405 , -0.4894 , -0.3235 ,
  0.0407 ,  0.0813 ,  0.0003 ,  0.6516 ,  1.2918 ,  0.3252 ,
  0.0003 ,  0.1220 , -0.1589 , -0.1795 , -0.0242 ,  0.0018 ,
 -0.0809 ,  0.0001 , -0.1594 ,  0.0056 , -0.1266 , -0.3234 ,
 -0.0411 , -0.1629 , -0.0001 , -1.3035 ,  0.5906 ,  0.3252 ,
 -0.0004 , -0.0815 ,  0.0002 ,  0.1229 ,  0.0156 ,  0.3252 ,
 -0.0399 ,  0.0005 ,  0.1582 , -0.0045 ,  0.5601 ,  0.6487 ,
  0.0001 , -0.0405 ,  0.1587 , -0.7183 , -3.1031 , -0.3270 ,
 -0.0413 , -0.0007 , -0.4763 ,  0.0150 ,  0.5571 , -0.6451 ,
 -0.0818 , -0.0413 , -0.4766 ,  0.0768 , -1.9874 ,  0.6558 ,
 -0.0396 , -0.0802 ,  0.4756 ,  0.1091 ,  0.5757 , -0.3050 ,
 -0.0003 , -0.0003 , -0.1586 ,  0.0049 ,  0.6215 ,  0.0018 ,
 -0.1610 ,  0.0415 , -0.0017 , -0.0601 ,  0.3628 ,  0.3253 ,
  0.0402 ,  0.1215 , -0.3171 , -0.1749 ,  0.6602 , -0.3217 ,
 -0.0006 , -0.0411 , -0.1586 ,  0.0663 ,  0.6293 , -0.3234 ,
 -0.1201 ,  0.0824 ,  0.1573 , -0.1259 , -0.2023 ,  0.3455 ,
 -0.0804 ,  0.0412 , -0.0009 , -0.0608 ,  0.4886 ,  0.3252 ,
  0.0401 , -0.0410 ,  0.0005 , -0.7138 , -0.5516 , -0.0000 ,
 -0.0806 ,  0.0004 , -0.0008 , -1.5490 ,  0.4964 ,  0.0000 ,
  0.0804 , -0.0412 ,  0.0009 , -0.7141 ,  0.1336 , -0.0000 ,
  0.0795 , -0.0013 , -0.4751 , -0.7609 ,  1.3680 ,  0.0053 ,
  0.0404 ,  0.0810 , -0.1584 , -0.8932 ,  1.2910 ,  0.6522 ,
 -0.0002 , -0.0408 ,  0.0001 ,  0.0615 ,  0.6301 , -0.0000 ,
 -0.0001 , -0.0812 ,  0.1588 , -0.6569 ,  0.6386 , -0.0018 ,
 -0.0805 ,  0.0816 , -0.1596 , -0.1173 , -0.1422 ,  0.0018 ,
 -0.1616 , -0.0810 ,  0.3164 , -0.6460 , -1.4910 , -0.0062 ,
 -0.0399 ,  0.0005 ,  0.1582 , -0.7795 , -0.0622 , -0.0018 ,
  0.0402 ,  0.0403 , -0.1583 , -0.8318 ,  0.6766 ,  0.0018 ,
 -0.0804 ,  0.0412 , -0.0009 , -2.3856 ,  2.3553 ,  0.3252 ,
  0.0394 , -0.0416 , -0.3168 , -1.4790 ,  0.0692 ,  0.0036 ,
  0.0001 ,  0.0812 , -0.1588 , -0.8930 , -0.0164 ,  0.0018 ,
 -0.1616 , -0.0808 , -0.0015 ,  0.1243 ,  1.0084 ,  0.3253 ,
  0.0406 , -0.0409 ,  0.1579 , -1.5081 ,  0.6934 , -0.3118 ,
 -0.0403 ,  0.0414 ,  0.1576 , -0.0637 ,  1.1760 , -0.0004 ,
 -0.0007 , -0.0006 , -0.3173 , -0.7651 ,  2.4875 ,  0.3288 ,
 -0.1205 ,  0.0009 ,  0.1574 , -0.0039 , -0.1880 , -0.3270 ,
 -0.0813 , -0.0002 , -0.3181 , -1.5393 , -0.7497 ,  0.3288 ,
 -0.0006 , -0.0411 , -0.1586 ,  3.1657 ,  1.2515 ,  0.0018 ,
  0.0005 , -0.0401 ,  0.3174 ,  0.0517 ,  0.6316 , -0.0036 ,
 -0.0812 , -0.0407 , -0.1594 ,  0.0670 , -0.7411 ,  0.3270 ,
  0.0403 , -0.0002 ,  0.0004 ,  1.5492 , -0.5594 , -0.6505 ,
  0.0010 ,  0.0009 ,  0.4759 ,  0.7601 , -0.6201 ,  0.6451 ,
 -0.0402 ,  0.0407 ,  0.1568 , -2.4140 , -0.0705 , -0.6582 ,
 -0.0013 , -0.0417 , -0.4758 ,  0.8510 ,  1.2500 ,  0.0053 ,
 -0.0802 ,  0.0007 ,  0.1578 , -1.5540 , -0.7474 , -0.3270 ,
 -0.0400 ,  0.1222 , -0.1593 ,  1.3704 , -0.0871 ,  0.0018 ,
 -0.0405 , -0.0406 , -0.0003 ,  1.6114 ,  1.8117 , -0.3252 ,
 -0.0407 , -0.0813 , -0.0003 ,  0.8981 ,  1.8195 ,  0.6505 ,
 -0.1219 , -0.0003 , -0.4771 , -0.7592 ,  0.4313 ,  0.0054 ,
  0.1205 , -0.0009 , -0.1574 ,  0.0039 ,  0.8103 , -0.9740 ,
  0.0406 ,  0.0001 ,  0.1590 , -0.7802 , -0.5587 ,  0.3234 ,
 -0.0818 ,  0.0399 , -0.6354 , -1.5909 , -0.1366 ,  0.0071 ,
 -0.0405 , -0.0406 , -0.0003 , -1.4879 ,  0.5671 , -0.3252 ,
 -0.0399 ,  0.0817 , -0.0006 , -0.8975 , -0.0785 ,  0.0000 ,
 -0.0397 ,  0.1225 , -0.0006 ,  0.5908 ,  0.5359 , -0.3252 ,
 -0.1617 ,  0.0409 , -0.3190 , -0.0503 ,  1.6059 , -0.3217 ,
 -0.0407 , -0.0408 ,  0.1585 , -0.7138 , -0.6795 , -0.3287 ,
 -0.1212 ,  0.0815 , -0.3186 , -0.1121 ,  0.4164 ,  0.0036 ,
  0.0000 ,  0.0000 ,  0.0000 ,  0.7748 , -0.6223 ,  0.0000 ,
 -0.1208 , -0.0399 ,  0.3142 , -1.4836 ,  1.6916 ,  0.9705 ,
 -0.1211 , -0.0402 , -0.0011 ,  0.8373 ,  1.0636 ,  0.0000 ,
 -0.0806 , -0.0804 ,  0.1566 , -1.4425 ,  2.3666 , -0.6240 ,
 -0.0397 ,  0.0410 ,  0.3160 , -1.6325 , -0.0669 ,  0.3315 ,
 -0.2016 ,  0.0414 , -0.1607 ,  0.7200 , -0.9455 , -0.6487 ,
 -0.0412 , -0.0412 , -0.3176 , -3.0279 , -0.0566 ,  0.3288 ,
 -0.0406 , -0.0001 , -0.1590 ,  0.0052 ,  1.1808 ,  0.0018 ,
  0.0396 , -0.0008 , -0.3169 , -1.5404 ,  0.6837 , -0.3217 ,
 -0.0810 , -0.0811 , -0.0007 , -1.4261 ,  1.7565 ,  0.3252 ,
  0.0403 , -0.0002 ,  0.0004 , -1.5501 , -1.8041 ,  0.3252 ,
 -0.1608 ,  0.0823 , -0.0018 , -0.8964 , -0.2673 , -0.3252 ,
 -0.0806 ,  0.0004 , -0.0008 , -0.7742 , -0.1259 ,  0.3252 ,
 -0.0799 , -0.0404 ,  0.1592 ,  2.4243 ,  1.1095 , -0.3421 ,
 -0.0404 ,  0.0406 , -0.1591 ,  0.7186 ,  1.7953 ,  0.0018 ,
 -0.0816 , -0.1222 , -0.1592 ,  1.7395 ,  0.5191 , -0.3234 ,
  0.0405 ,  0.0406 ,  0.0003 ,  1.4878 ,  0.0551 ,  0.3252 ,
 -0.0404 ,  0.0406 , -0.1591 , -0.8311 , -0.0715 , -0.6487 ,
  0.0006 ,  0.0411 ,  0.1586 ,  0.7084 , -0.0071 , -0.6523 ,
 -0.0810 , -0.0811 , -0.0007 , -0.6513 , -0.1102 , -0.6505 ,
 -0.0407 , -0.0813 , -0.0003 ,  0.8981 , -0.0473 , -0.3252 ,
 -0.0813 , -0.0002 , -0.3181 ,  1.5601 , -0.1273 ,  0.3288 ,
  0.0003 ,  0.0003 ,  0.1586 ,  1.5447 ,  1.2452 , -0.3270 ,
 -0.0413 , -0.0007 , -0.4763 ,  0.7898 ,  0.5571 ,  0.3306 ,
 -0.0006 , -0.0411 , -0.1586 ,  0.8412 ,  0.0071 ,  0.0018 ,
 -0.0008 , -0.0818 , -0.1585 , -0.6471 , -2.4744 ,  0.3270 ,
 -0.0815 , -0.0410 , -0.3180 ,  0.0719 , -1.3642 ,  0.0036 ,
 -0.1205 ,  0.0009 ,  0.1574 , -1.5536 ,  0.4343 , -0.3270 ,
 -0.0401 ,  0.0410 , -0.0005 , -0.0611 ,  1.7961 ,  0.0000 ,
  0.0401 , -0.0410 ,  0.0005 , -1.4887 ,  0.6930 ,  0.3252 ,
 -0.0403 ,  0.0002 , -0.0004 , -0.7745 ,  1.1816 ,  0.3252 ,
  0.0802 , -0.0819 ,  0.0010 ,  0.1222 ,  0.7637 ,  0.9757 ,
 -0.1211 , -0.0402 , -0.0011 ,  1.6120 , -0.1810 ,  0.9757 ,
  0.0410 ,  0.0004 ,  0.3177 , -2.3349 , -2.4249 ,  0.3217 ,
  0.0399 , -0.0817 ,  0.0006 ,  0.1226 ,  0.7008 , -0.0000 ,
 -0.0003 , -0.0003 , -0.1586 , -1.5449 , -0.6231 , -0.3234 ,
  0.0002 ,  0.0408 , -0.0001 ,  1.4881 , -0.6302 ,  0.0000 ,
 -0.0006 , -0.0411 , -0.1586 , -0.7085 ,  1.2515 ,  0.0018 ,
 -0.0411 ,  0.0400 , -0.4764 , -0.8214 , -0.0730 ,  0.0053 ,
 -0.0403 ,  0.0002 , -0.0004 ,  0.7751 , -0.0629 , -0.3252 ,
 -0.0001 ,  0.0405 , -0.1587 , -0.0566 , -0.0086 , -0.6487 ,
  0.0006 ,  0.0411 ,  0.1586 , -0.8412 ,  1.2375 , -0.3270 ,
  0.0802 , -0.0007 , -0.1578 , -0.7707 , -0.4972 ,  0.6522 ,
  0.0800 , -0.0415 , -0.1578 ,  0.8405 ,  0.1329 , -0.3235 ,
 -0.0409 , -0.1221 , -0.0002 ,  0.9595 , -0.0395 ,  0.0000 ,
 -0.0814 ,  0.0402 , -0.4768 , -1.5958 ,  0.4864 ,  0.3306 ,
  0.0004 ,  0.0815 , -0.0002 ,  0.6519 , -1.2604 ,  0.0000 ,
 -0.0008 ,  0.1211 , -0.6348 ,  0.6100 , -0.6487 , -1.2938 ,
 -0.0401 ,  0.0410 , -0.0005 ,  1.4885 ,  1.1737 , -0.3252 ,
 -0.0804 ,  0.0420 ,  0.1579 ,  0.7060 ,  1.1067 ,  0.3149 ,
 -0.0389 ,  0.0417 ,  0.4748 ,  2.2628 , -1.3041 , -0.0215 ,
 -0.0404 ,  0.0406 , -0.1591 , -0.0562 , -0.6938 ,  0.6522 ,
 -0.0824 , -0.0824 , -0.6352 ,  0.9179 ,  0.5091 ,  0.0071 ,
 -0.1219 , -0.0003 , -0.4771 ,  0.0157 , -0.1910 , -0.3199 ,
 -0.0412 , -0.0412 , -0.3176 ,  1.6212 ,  1.8102 , -0.3217 ,
 -0.0007 , -0.0006 , -0.3173 ,  1.5594 ,  2.4875 ,  0.0036 ,
 -0.1621 , -0.0406 , -0.3188 ,  1.6222 , -1.4900 ,  0.0036 ,
  0.0399 , -0.0005 , -0.1582 ,  0.0045 ,  2.5511 , -0.3235 ,
 -0.0806 ,  0.0004 , -0.0008 ,  0.0007 , -0.1259 ,  0.3252 ,
  0.0003 , -0.0809 ,  0.3174 ,  0.1131 ,  1.2616 , -0.0036 ,
 -0.0398 , -0.0807 ,  0.4758 , -0.6645 , -0.6664 , -1.0268 ,
 -0.0403 ,  0.0002 , -0.0004 ,  0.0003 ,  0.5593 , -0.3252 ,
  0.0403 ,  0.0410 ,  0.1584 , -0.0643 ,  1.9262 ,  0.3229 ,
 -0.0813 , -0.0002 , -0.3181 , -0.7644 ,  0.4950 , -0.3217 ,
 -0.1214 ,  0.0407 , -0.3186 ,  1.4989 ,  1.0464 ,  0.9793 ,
  0.0403 , -0.0002 ,  0.0004 , -0.7752 ,  2.5519 ,  0.3252 ,
 -0.0802 ,  0.0007 ,  0.1578 , -0.0042 ,  0.4972 ,  0.3234 ,
  0.0007 ,  0.0006 ,  0.3173 , -0.0098 ,  1.2460 , -0.9793 ,
 -0.0807 ,  0.0408 , -0.1595 , -1.6056 ,  0.4879 , -0.6487 ,
  0.0003 , -0.0809 ,  0.3174 ,  0.8880 ,  0.0171 ,  0.6469 ,
 -0.0809 ,  0.0001 , -0.1594 , -1.5442 , -1.3712 ,  0.3270 ,
 -0.0806 ,  0.0004 , -0.0008 ,  0.0007 ,  0.4964 ,  0.3252 ,
 -0.0001 ,  0.0405 , -0.1587 , -0.0566 , -0.6309 , -0.6487 ,
 -0.0404 ,  0.0406 , -0.1591 ,  0.7186 , -0.6938 ,  0.0018 ,
 -0.0392 ,  0.0011 ,  0.4755 , -0.0143 , -0.0607 ,  0.3199 ,
 -0.1218 , -0.0408 , -0.3184 ,  0.0723 , -0.1825 , -0.6469 ,
 -0.1616 ,  0.0821 ,  0.1546 , -1.6921 ,  0.3389 ,  0.0052 ,
 -0.0802 ,  0.0829 ,  0.3155 , -0.1274 ,  1.7273 , -0.0014 ,
 -0.1217 , -0.0813 , -0.1597 , -0.6461 ,  1.0706 , -0.3234 ,
  0.0404 ,  0.0810 , -0.1584 , -1.6682 ,  0.6688 , -0.3235 ,
 -0.1207 ,  0.0413 , -0.0013 , -0.0604 , -1.4413 ,  0.3253 ,
 -0.0401 ,  0.0410 , -0.0005 , -1.6109 , -0.6931 ,  0.3252 ,
  0.0405 ,  0.0406 ,  0.0003 , -1.6116 ,  0.0551 , -0.3253 ,
 -0.0800 ,  0.0817 ,  0.3160 , -1.6881 , -0.7535 ,  1.0054 ,
  0.0001 ,  0.0812 , -0.1588 ,  0.6568 ,  0.6059 ,  0.0018 ,
 -0.0407 , -0.0813 , -0.0003 , -1.4264 ,  1.8195 ,  0.6505 ,
  0.0005 , -0.0401 ,  0.3174 , -0.7232 ,  0.0093 , -0.3288 ,
  0.0397 , -0.1225 ,  0.0006 , -0.5909 ,  0.0863 , -0.0000 ,
  0.0002 ,  0.0408 , -0.0001 ,  1.4881 ,  0.6144 ,  0.0000 ,
 -0.0409 , -0.0409 , -0.1590 ,  0.8415 , -0.0559 , -0.3234 ,
 -0.0408 ,  0.0403 , -0.3178 , -0.0513 ,  1.1724 ,  0.0036 ,
  0.0805 ,  0.0401 , -0.1579 , -0.8322 ,  1.3617 ,  0.6522 ,
  0.0007 ,  0.0006 ,  0.3173 , -1.5596 ,  0.6237 , -0.0036 ,
 -0.0404 ,  0.0406 , -0.1591 , -2.3810 , -0.0715 , -0.6487 ,
  0.0006 ,  0.0411 ,  0.1586 ,  0.7084 ,  1.8598 , -0.0018 ,
  0.0397 , -0.0818 ,  0.1594 ,  0.1176 , -1.8039 , -0.0051 ,
  0.0793 , -0.0421 , -0.4750 , -0.6995 ,  1.9982 ,  0.0053 ,
 -0.0817 ,  0.1211 , -0.7942 , -0.9341 , -0.7754 ,  0.0089 ,
  0.0399 , -0.0005 , -0.1582 , -0.7703 ,  0.0622 ,  0.3270 ,
  0.0004 , -0.1214 ,  0.4761 ,  0.1697 ,  1.2702 , -0.0053 ,
  0.1212 ,  0.0814 ,  0.1592 , -0.1278 ,  0.7950 , -0.6504 ,
  0.0001 , -0.1217 ,  0.3175 ,  0.1746 , -2.4644 , -0.0036 ,
  0.0402 ,  0.0403 , -0.1583 , -1.6066 , -0.5680 , -0.6487 ,
 -0.0806 ,  0.0004 , -0.0008 ,  0.0007 ,  1.1186 ,  0.0000 ,
  0.0399 , -0.0005 , -0.1582 , -0.7703 ,  1.3067 ,  0.3270 ,
 -0.1210 ,  0.0410 , -0.1599 , -0.0555 , -0.1973 , -0.6487 ,
  0.0815 ,  0.0409 ,  0.3183 , -0.0718 , -0.5026 ,  0.3420 ,
  0.0396 , -0.0008 , -0.3169 ,  0.0094 ,  0.0614 , -0.9722 ,
  0.0006 ,  0.0411 ,  0.1586 , -0.0664 ,  1.8598 , -0.3270 ,
 -0.0806 , -0.0403 ,  0.1571 , -0.7179 ,  0.5026 ,  0.3177 ,
 -0.0819 , -0.1225 , -0.3179 , -2.1298 ,  0.5183 ,  0.3288 ,
 -0.2030 , -0.1627 , -0.3190 ,  1.0321 , -1.5295 ,  0.0036 ,
  0.0003 ,  0.1220 , -0.1589 , -1.7293 ,  1.2203 , -0.3234 ,
 -0.0004 ,  0.1214 , -0.4761 , -0.1697 ,  0.5966 ,  0.3306 ,
 -0.1214 , -0.0405 , -0.1598 ,  1.6169 ,  0.4406 ,  0.3270 ,
 -0.0403 ,  0.0002 , -0.0004 , -0.7745 ,  0.5593 , -0.6505 ,
 -0.0807 ,  0.1221 , -0.3183 ,  1.3757 , -0.1508 , -0.3217 ,
 -0.0399 ,  0.0005 ,  0.1582 , -2.3295 ,  0.5601 , -0.0018 ,
 -0.0010 , -0.0009 , -0.4759 ,  1.5643 , -0.6246 ,  0.3306 ,
 -0.0008 ,  0.0398 , -0.4760 , -1.5965 ,  0.6122 , -0.6451 ,
 -0.0807 ,  0.0408 , -0.1595 ,  1.4937 ,  1.7324 , -0.3234 ,
 -0.0399 ,  0.0005 ,  0.1582 ,  0.7703 ,  0.5601 ,  0.3234 ,
  0.0403 , -0.0002 ,  0.0004 , -0.7752 ,  2.5519 ,  0.3252 ,
 -0.0008 , -0.0818 , -0.1585 ,  0.1278 ,  0.0149 ,  0.0018 ,
 -0.0806 ,  0.0004 , -0.0008 ,  0.0007 ,  0.4964 ,  0.3252 ,
 -0.0006 , -0.0411 , -0.1586 , -0.7085 ,  1.2515 , -0.6487 ,
 -0.0396 ,  0.0008 ,  0.3169 , -0.7843 , -0.0614 , -0.0036 ,
 -0.0004 , -0.0815 ,  0.0002 ,  0.8977 ,  0.6379 ,  0.3252 ,
 -0.1217 , -0.0813 , -0.1597 ,  1.6784 ,  2.3151 , -0.3234 ,
  0.0400 ,  0.0807 , -0.3170 , -1.6632 ,  0.6681 ,  0.6540 ,
  0.0810 , -0.0405 ,  0.1588 , -0.7095 ,  2.0083 , -0.3170 ,
 -0.0005 ,  0.0401 , -0.3174 ,  0.7231 ,  0.6129 ,  0.0036 ,
  0.0395 , -0.0820 , -0.1581 ,  0.1275 ,  1.9446 ,  0.0018 ,
 -0.0399 ,  0.0005 ,  0.1582 ,  0.7703 , -0.6845 , -0.3270 ,
 -0.0401 ,  0.0410 , -0.0005 , -2.3857 , -0.0707 , -0.3252 ,
 -0.1216 , -0.0000 , -0.3185 ,  0.0108 ,  1.0542 ,  0.9793 ,
 -0.0815 , -0.0410 , -0.3180 ,  0.8468 ,  2.9917 ,  0.3288 ,
 -0.1608 ,  0.0011 ,  0.1570 , -1.5533 , -1.4956 ,  0.6487 ,
 -0.0817 , -0.0818 , -0.3179 , -1.4164 ,  1.1329 , -0.9722 ,
  0.0000 ,  0.0000 ,  0.0000 , -1.5497 ,  0.6223 ,  0.3252 ,
  0.0406 ,  0.0001 ,  0.1590 , -0.7802 ,  1.3082 ,  0.3234 ,
  0.0400 ,  0.1628 ,  0.1580 ,  0.5169 ,  1.8903 , -0.0050 ,
 -0.2011 ,  0.0013 ,  0.1566 , -0.7780 , -0.3139 ,  0.3235 ,
 -0.0802 ,  0.0819 , -0.0010 , -1.6720 , -0.1415 ,  0.9757 ,
 -0.0002 , -0.0408 ,  0.0001 ,  0.0615 , -0.6145 ,  0.3252 ,
  0.0006 ,  0.1223 , -0.0002 ,  2.1400 , -0.6458 , -0.3252 ,
 -0.0409 , -0.0409 , -0.1590 , -0.7082 ,  1.8109 , -0.3234 ,
 -0.1214 , -0.0405 , -0.1598 ,  0.0674 , -0.1817 ,  0.0018 ,
 -0.0400 ,  0.1222 , -0.1593 , -1.7289 ,  1.1574 , -0.6487 ,
 -0.1608 ,  0.0011 ,  0.1570 , -1.5533 ,  0.9936 , -0.0018 ,
  0.0401 , -0.0410 ,  0.0005 ,  0.0611 , -1.1739 ,  0.3252 ,
 -0.0807 , -0.0399 ,  0.1575 ,  0.8287 , -1.3619 , -0.9764 ,
 -0.1200 ,  0.0421 ,  0.3159 , -0.0700 ,  0.4249 , -0.3076 ,
  0.0397 , -0.0413 , -0.1582 ,  0.8408 , -0.5524 ,  0.3270 ,
 -0.0812 ,  0.0810 , -0.4769 , -0.8824 ,  1.1008 ,  0.0054 ,
 -0.0807 ,  0.0408 , -0.1595 , -0.0559 ,  1.1101 ,  0.6523 ,
 -0.0410 , -0.0004 , -0.3177 ,  0.7850 ,  1.8024 , -0.6469 ,
 -0.1609 ,  0.1228 , -0.1605 ,  1.3715 , -0.8982 ,  0.0018 ,
 -0.0009 , -0.0414 , -0.3172 ,  0.0712 ,  0.0063 , -0.6469 ,
 -0.0413 , -0.0007 , -0.4763 ,  0.0150 , -0.0652 ,  0.3306 ,
 -0.0401 , -0.0397 ,  0.1582 ,  0.0587 ,  1.8198 , -0.6414 ,
 -0.0821 , -0.0821 , -0.4766 ,  0.1383 ,  0.5098 ,  0.0053 ,
 -0.0804 ,  0.0412 , -0.0009 ,  0.7141 ,  1.1108 ,  0.0000 ,
 -0.0806 ,  0.0004 , -0.0008 , -0.7742 , -0.1259 ,  0.0000 ,
 -0.0812 , -0.0407 , -0.1594 , -0.7078 ,  1.7480 , -0.6487 ,
 -0.2016 ,  0.1226 , -0.3195 , -1.7227 , -0.3395 ,  0.6541 ,
 -0.0809 ,  0.0813 , -0.3182 , -0.8874 ,  1.1016 , -0.3217 ,
 -0.0002 , -0.0408 ,  0.0001 , -1.4883 ,  0.6301 ,  0.3252 ,
 -0.1219 , -0.1220 , -0.1596 ,  0.1903 ,  0.4562 ,  0.3270 ,
 -0.0809 ,  0.0001 , -0.1594 , -2.3192 ,  0.4957 ,  1.3027 ,
  0.0396 , -0.0008 , -0.3169 ,  0.0094 ,  1.3059 , -0.3217 ,
  0.0000 ,  0.0000 ,  0.0000 ,  0.7748 ,  0.6223 ,  0.3252 ,
 -0.0805 ,  0.0825 ,  0.1575 ,  0.6422 ,  1.7202 , -0.0064 ,
 -0.0812 , -0.1219 , -0.0006 , -1.3647 ,  1.1421 ,  0.3252 ,
  0.0404 ,  0.0810 , -0.1584 , -1.6682 ,  1.2910 ,  0.3270 ,
  0.0002 ,  0.0408 , -0.0001 , -0.0615 , -0.0078 ,  0.6505 ,
 -0.0405 , -0.0406 , -0.0003 ,  0.8366 ,  1.1894 , -0.3252 ,
  0.0002 ,  0.0408 , -0.0001 , -0.0615 , -0.0078 , -0.3252 ,
 -0.1227 , -0.0822 , -0.6356 , -0.6313 , -0.1761 ,  0.0071 ,
 -0.0406 , -0.0001 , -0.1590 ,  0.7801 ,  1.1808 ,  0.0018 ,
 -0.0808 , -0.0404 , -0.0007 ,  0.0621 , -0.1180 , -1.3010 ,
 -0.0403 ,  0.0002 , -0.0004 , -0.7745 ,  0.5593 ,  0.0000 ,
 -0.0815 , -0.0410 , -0.3180 , -1.4778 , -0.7418 , -0.3217 ,
 -0.0807 ,  0.0408 , -0.1595 , -0.8308 , -0.1344 ,  0.3270 ,
 -0.0001 ,  0.0405 , -0.1587 ,  0.7182 ,  0.6137 ,  0.3270 ,
 -0.0404 ,  0.0406 , -0.1591 ,  0.7186 ,  1.1730 , -0.3234 ,
  0.0001 , -0.0405 ,  0.1587 , -0.7183 ,  0.0086 , -0.6523 ,
  0.0403 , -0.0002 ,  0.0004 ,  0.7745 ,  1.3074 ,  0.3252 ,
 -0.2008 ,  0.0016 ,  0.3152 ,  0.7668 ,  0.3092 , -0.3288 ,
  0.0004 ,  0.0815 , -0.0002 , -0.1229 , -0.0156 ,  0.3252 ,
 -0.0008 , -0.0818 , -0.1585 ,  2.4524 ,  1.8816 ,  0.0018 ,
 -0.1215 , -0.1217 , -0.0010 ,  0.1854 ,  0.4569 ,  0.3253 ,
 -0.0813 , -0.0002 , -0.3181 , -0.7644 , -0.1273 , -0.3217 ,
  0.0802 , -0.0819 ,  0.0010 , -0.6527 , -1.7255 , -0.0000 ,
  0.0797 , -0.0418 , -0.3164 ,  0.0705 ,  0.1321 , -0.3217 ,
 -0.0413 , -0.0007 , -0.4763 , -0.7599 , -0.0652 ,  0.3306 ,
  0.0392 , -0.0011 , -0.4755 ,  0.0143 ,  1.3051 , -0.3199 ,
 -0.0809 ,  0.0001 , -0.1594 ,  0.0056 ,  0.4957 ,  0.0018 ,
 -0.0395 ,  0.0820 ,  0.1581 , -0.1272 , -0.0770 ,  0.3375 ,
  0.1215 , -0.0415 ,  0.1602 ,  1.6353 ,  1.4140 , -0.3422 ,
  0.0403 , -0.0002 ,  0.0004 , -0.7752 , -0.5594 ,  0.9757 ,
 -0.0407 , -0.0813 , -0.0003 , -1.4264 , -0.6697 , -0.3252 ,
 -0.0008 , -0.1631 ,  0.0003 , -1.3039 ,  1.8981 ,  0.6504 ,
  0.0407 , -0.0809 ,  0.3179 ,  0.8919 ,  0.6989 , -0.3143 ,
 -0.0001 ,  0.0405 , -0.1587 , -1.6064 , -0.0086 ,  0.3270 ,
 -0.0406 ,  0.0811 , -0.3178 , -0.1128 ,  0.5422 ,  0.3288 ,
 -0.0801 ,  0.0409 ,  0.1586 ,  1.5133 ,  1.0906 , -0.0191 ,
 -0.0407 , -0.0813 , -0.0003 , -0.6516 ,  0.5749 ,  0.0000 ,
 -0.0411 , -0.0817 , -0.1589 , -1.4216 ,  1.1965 ,  0.3270 ,
 -0.0003 , -0.0003 , -0.1586 , -0.7700 , -0.6231 , -0.3234 ,
 -0.0804 ,  0.0412 , -0.0009 , -0.8357 ,  0.4886 ,  0.6505 ,
 -0.0403 ,  0.0002 , -0.0004 ,  0.0003 ,  1.1816 ,  0.0000 ,
 -0.1207 ,  0.0413 , -0.0013 , -0.0604 ,  0.4257 , -0.6505 ,
 -0.0808 , -0.0404 , -0.0007 , -0.7128 ,  0.5042 ,  0.3252 ,
 -0.0406 , -0.0001 , -0.1590 ,  1.5548 ,  1.1808 ,  0.6522 ,
 -0.0804 ,  0.0409 ,  0.1581 , -0.8334 , -1.3800 , -0.0124 ,
 -0.0805 ,  0.0816 , -0.1596 , -2.4421 ,  0.4801 , -0.3234 ,
 -0.0408 ,  0.0403 , -0.3178 ,  2.2731 ,  1.1724 ,  0.3288 ,
 -0.0804 ,  0.0412 , -0.0009 , -0.8357 ,  1.1108 ,  0.0000 ,
 -0.0411 , -0.0817 , -0.1589 ,  0.9030 ,  3.0632 ,  0.6522 ,
 -0.0406 , -0.0001 , -0.1590 ,  0.7801 ,  1.8031 , -0.6487 ,
 -0.2027 , -0.0407 , -0.4779 , -1.4719 , -0.9314 ,  0.3306 ,
 -0.0009 , -0.0414 , -0.3172 ,  0.8460 , -0.6160 , -0.3217 ,
 -0.1208 ,  0.0818 , -0.1600 ,  1.4326 ,  0.4172 ,  0.3270 ,
 -0.0001 , -0.0812 ,  0.1588 , -0.6569 ,  0.6386 ,  0.3234 ,
  0.0813 ,  0.0406 ,  0.1601 , -0.8348 , -1.1240 , -0.0126 ,
 -0.0003 , -0.0003 , -0.1586 , -2.3199 , -0.0007 ,  0.0018 ,
 -0.0409 , -0.0409 , -0.1590 ,  0.8415 , -0.0559 ,  0.3270 ,
 -0.0416 , -0.1227 , -0.3174 ,  0.9693 ,  1.8258 ,  0.0036 ,
 -0.0008 , -0.0818 , -0.1585 ,  0.1278 ,  0.0149 , -0.3235 ,
 -0.0802 , -0.0392 ,  0.1585 ,  0.8335 ,  1.1240 ,  0.3134 ,
  0.0401 , -0.0410 ,  0.0005 ,  0.8359 ,  1.3152 , -0.6505 ,
 -0.0411 , -0.0817 , -0.1589 ,  0.1282 , -0.0480 ,  0.0018 ,
 -0.0004 ,  0.1214 , -0.4761 ,  0.6051 ,  1.8411 , -0.6451 ,
 -0.0821 , -0.0821 , -0.4766 , -0.6366 , -1.9795 ,  0.0053 ,
  0.0005 , -0.0401 ,  0.3174 , -0.7232 ,  0.0093 ,  0.3217 ,
  0.1207 , -0.0413 ,  0.0013 ,  0.8352 ,  1.4411 , -0.3253 ,
  0.2011 , -0.0013 , -0.1566 ,  0.0032 ,  0.9361 , -1.2992 ,
  0.0396 , -0.0008 , -0.3169 , -0.7655 ,  1.9283 , -0.3217 ,
 -0.0006 , -0.0411 , -0.1586 ,  0.8412 ,  0.6293 ,  0.0018 ,
 -0.0399 , -0.1212 ,  0.1575 , -1.3816 ,  1.2051 ,  0.0213 ,
  0.0397 , -0.0413 , -0.1582 ,  0.0660 ,  0.0700 ,  0.0018 ,
  0.0397 , -0.0413 , -0.1582 , -0.7089 ,  0.6922 , -0.6487 ,
  0.0401 , -0.1222 ,  0.3180 , -0.5982 , -0.5364 ,  0.6716 ,
 -0.0813 , -0.0002 , -0.3181 , -0.7644 ,  1.1171 ,  0.0036 ,
 -0.0806 ,  0.0004 , -0.0008 , -1.5490 ,  1.7410 , -0.6505 ,
  0.0410 ,  0.0815 ,  0.1588 ,  0.6544 ,  0.0443 , -0.0007 ,
 -0.0813 , -0.0002 , -0.3181 ,  1.5602 ,  1.1171 , -1.2974 ,
 -0.0406 , -0.0001 , -0.1590 , -0.7697 ,  0.5586 ,  0.6522 ,
 -0.0002 , -0.0408 ,  0.0001 ,  0.0615 ,  2.4970 , -0.3253 ,
 -0.1620 , -0.0811 , -0.1601 , -0.6457 ,  0.3855 ,  0.0018 ,
  0.0808 , -0.0403 ,  0.1594 ,  0.0577 ,  1.3844 , -0.3213 ,
 -0.0411 ,  0.0400 , -0.4764 , -0.8214 , -0.6953 , -0.6451 ,
  0.0388 , -0.1639 , -0.3166 ,  1.8048 ,  2.5816 ,  0.6540 ,
 -0.0404 ,  0.0406 , -0.1591 , -3.1558 ,  0.5508 ,  0.0018 ,
 -0.1213 ,  0.0413 ,  0.1563 , -2.3946 , -0.8195 ,  0.3191 ,
  0.0816 ,  0.0005 ,  0.4767 ,  1.5343 ,  1.9949 ,  0.3199 ,
  0.0808 , -0.0408 ,  0.1595 ,  0.0561 ,  0.1348 , -0.0013 ,
 -0.0402 ,  0.0814 , -0.1592 , -0.1177 ,  1.1652 , -0.3234 ,
 -0.0412 , -0.0412 , -0.3176 , -0.7033 ,  2.4324 ,  0.3288 ,
  0.0006 ,  0.0411 ,  0.1586 ,  0.7084 ,  1.2375 , -0.0018 ,
  0.0001 , -0.0405 ,  0.1587 ,  1.6062 ,  0.6308 ,  0.6487 ,
 -0.0396 ,  0.0008 ,  0.3169 , -0.7843 ,  0.5608 , -0.0036 ,
  0.0812 ,  0.1222 ,  0.1581 , -0.9651 ,  0.7199 , -0.0007 ,
 -0.0405 , -0.0406 , -0.0003 , -1.4879 ,  0.5671 ,  0.9757 ,
 -0.0005 ,  0.0401 , -0.3174 , -0.0517 , -0.0093 , -0.3217 ,
  0.0394 , -0.0416 , -0.3168 , -0.7040 ,  1.3138 ,  0.3288 ,
 -0.0403 ,  0.0002 , -0.0004 ,  0.7751 ,  0.5593 ,  0.3252 ,
 -0.1200 , -0.0392 ,  0.4750 ,  0.8196 , -0.8033 , -0.0114 ,
  0.0006 ,  0.0411 ,  0.1586 ,  0.7084 ,  1.2375 ,  0.6487 ,
 -0.0006 , -0.0411 , -0.1586 ,  0.0663 ,  1.2515 , -0.3234 ,
 -0.2421 ,  0.0008 , -0.1611 , -1.5428 ,  1.4885 ,  0.0018 ,
 -0.0797 , -0.0395 ,  0.4753 ,  0.0475 , -0.1158 , -0.3386 ,
  0.0006 ,  0.1223 , -0.0002 , -0.9592 ,  1.2210 , -0.6505 ,
 -0.0001 ,  0.0405 , -0.1587 , -0.8315 ,  0.6137 ,  0.0018 ,
  0.0411 ,  0.0815 ,  0.3180 , -1.6842 , -1.1832 ,  0.0072 ,
  0.0804 , -0.0818 ,  0.1597 ,  0.1163 , -0.4838 , -0.3316 ,
 -0.0398 , -0.1209 ,  0.4757 ,  0.1706 ,  0.5839 , -0.3060 ,
 -0.1208 ,  0.0818 , -0.1600 , -1.6667 ,  1.0394 ,  0.0018 ,
  0.0401 , -0.0410 ,  0.0005 , -0.7138 , -0.5516 , -0.3253 ,
 -0.0802 ,  0.1225 ,  0.1561 , -1.7526 , -0.1495 ,  0.3420 ,
 -0.2017 , -0.0398 , -0.0019 ,  1.6128 , -0.9291 ,  0.3253 ,
 -0.0005 ,  0.0401 , -0.3174 , -0.8266 ,  1.2353 ,  0.3288 ,
 -0.0002 , -0.0408 ,  0.0001 ,  0.8362 ,  0.0078 , -0.6505 ,
 -0.1218 , -0.0408 , -0.3184 ,  0.0723 , -0.1825 ,  0.6541 ,
 -0.0414 , -0.0820 , -0.3175 , -0.6419 , -0.0488 , -0.3217 ,
 -0.0010 , -0.0009 , -0.4759 , -2.3102 ,  1.8645 ,  0.6558 ,
 -0.0410 , -0.0004 , -0.3177 ,  0.0101 ,  1.8024 ,  0.3288 ,
 -0.0811 ,  0.0405 , -0.3182 , -0.8259 ,  1.1094 , -0.6469 ,
 -0.1209 ,  0.0006 , -0.0012 , -2.3237 , -0.8111 ,  0.3253 ,
 -0.0007 , -0.0006 , -0.3173 ,  0.0098 ,  0.6208 ,  0.0036 ,
  0.0387 , -0.0422 , -0.6341 ,  3.1799 ,  0.6900 ,  0.0071 ,
  0.0403 , -0.0002 ,  0.0004 , -0.0003 ,  0.6852 , -0.0000 ,
 -0.0009 , -0.0414 , -0.3172 , -0.7037 ,  1.2508 ,  0.0036 ,
  0.0806 , -0.0004 ,  0.0008 , -0.0007 ,  0.7481 , -0.0000 ,
 -0.0805 ,  0.0816 , -0.1596 ,  1.4322 ,  1.7246 , -0.6487 ,
 -0.0002 , -0.0408 ,  0.0001 , -0.7134 ,  0.6301 , -0.6505 ,
  0.0801 ,  0.0398 , -0.3165 , -0.0524 ,  1.3610 ,  0.6540 ,
 -0.1216 , -0.0000 , -0.3185 ,  2.3353 ,  1.6766 ,  0.0036 ,
 -0.1214 ,  0.0407 , -0.3186 , -2.3753 ,  0.4242 , -0.9722 ,
  0.0820 ,  0.0009 ,  0.6353 ,  1.5377 ,  0.7407 ,  0.3094 ,
  0.0810 ,  0.0399 ,  0.1595 ,  3.8773 ,  1.3334 , -0.3421 ,
  0.0002 ,  0.0408 , -0.0001 , -0.0615 ,  0.6144 ,  0.0000 ,
 -0.0401 ,  0.0410 , -0.0005 , -0.0611 ,  1.1737 ,  0.0000 ,
  0.1622 ,  0.0414 ,  0.4762 , -0.8356 ,  2.1180 , -0.0040 ,
  0.0001 , -0.0405 ,  0.1587 ,  0.0566 , -0.6138 , -0.0018 ,
  0.0003 , -0.0809 ,  0.3174 , -0.6618 ,  0.6393 ,  0.6469 ,
 -0.0395 ,  0.0820 ,  0.1581 , -0.1272 , -0.0770 ,  0.3375 ,
 -0.0406 ,  0.0811 , -0.3178 , -0.8877 ,  0.5422 , -0.3217 ,
  0.0813 ,  0.0002 ,  0.3181 ,  0.7643 ,  1.3718 ,  0.6469 ,
 -0.1212 ,  0.0003 , -0.1599 ,  0.0059 ,  1.0550 ,  0.6523 ,
 -0.0818 , -0.0413 , -0.4766 ,  1.6264 ,  1.1242 , -0.3199 ,
  0.0399 ,  0.1212 , -0.4757 , -0.1701 ,  0.6595 , -1.2956 ,
  0.1214 ,  0.1622 , -0.1577 , -0.2420 ,  1.4013 , -0.6487 ,
  0.0001 , -0.1217 ,  0.3175 , -1.3752 ,  1.2694 , -0.0036 ,
 -0.0418 , -0.0823 , -0.4762 , -0.6370 , -0.6719 ,  0.6558 ,
 -0.0406 , -0.0001 , -0.1590 ,  0.0052 ,  1.1808 , -0.3234 ,
 -0.0390 ,  0.2448 , -0.0009 , -1.1433 ,  0.5125 , -0.3252 ,
 -0.0409 , -0.1221 , -0.0002 , -1.3650 ,  1.2050 , -0.3252 ,
 -0.0801 , -0.0799 ,  0.1588 ,  0.8982 ,  1.1300 ,  1.2802 ,
 -0.1613 ,  0.0412 , -0.1603 ,  0.7196 , -0.2603 , -0.6487 ,
  0.0808 ,  0.0404 ,  0.0007 ,  1.4875 ,  0.7403 ,  0.3252 ,
  0.1208 ,  0.0399 , -0.1575 ,  1.4920 ,  1.4247 ,  0.0018 ,
 -0.0423 , -0.1233 , -0.6347 , -1.3455 ,  1.8244 ,  0.0071 ,
 -0.1612 ,  0.0008 , -0.0016 ,  0.0014 , -0.8740 , -0.3252 ,
  0.0411 ,  0.1629 ,  0.0001 ,  0.5286 ,  0.0317 , -0.6505 ,
 -0.0010 , -0.0009 , -0.4759 , -0.7602 ,  0.6200 ,  0.0053 ,
 -0.1217 , -0.1627 ,  0.1575 , -0.5331 , -0.1592 ,  0.0009 ,
 -0.0807 , -0.0809 ,  0.1581 ,  0.1179 , -0.1097 ,  1.0087 ,
 -0.0003 ,  0.0809 , -0.3174 ,  0.6617 , -0.0171 , -0.3217 ,
 -0.0006 ,  0.0806 , -0.4761 , -0.8831 , -0.0179 , -0.3199 ,
 -0.0007 , -0.0006 , -0.3173 ,  0.0098 ,  1.2430 ,  0.3288 ,
 -0.1620 , -0.0811 , -0.1601 , -0.6457 , -0.8591 ,  0.3270 ,
  0.1200 , -0.0420 , -0.3160 , -0.7047 ,  0.1951 ,  0.0035 ,
 -0.0798 ,  0.1635 , -0.0011 ,  2.0793 ,  1.0874 , -0.6505 ,
 -0.0410 , -0.0004 , -0.3177 , -0.7647 ,  0.5578 ,  0.3288 ,
 -0.0010 , -0.1226 , -0.1584 ,  0.1892 ,  1.2672 ,  0.0018 ,
 -0.0412 , -0.0412 , -0.3176 ,  0.0716 ,  2.4324 , -0.6469 ,
 -0.0806 ,  0.0004 , -0.0008 ,  0.7755 , -0.1259 , -0.6505 ,
 -0.1213 , -0.0807 ,  0.1573 ,  0.8957 , -0.7992 , -0.0038 ,
 -0.2019 , -0.0806 , -0.0019 , -0.6502 ,  0.3233 ,  0.6505 ,
 -0.1619 ,  0.0002 , -0.3189 , -0.7637 , -1.4978 ,  0.6541 ,
 -0.0804 ,  0.0412 , -0.0009 , -0.0608 ,  1.1108 , -0.9757 ,
 -0.0401 ,  0.0410 , -0.0005 ,  0.7137 , -0.6931 ,  0.0000 ,
 -0.1617 , -0.0403 , -0.1602 , -1.4821 , -1.4893 ,  0.0018 ,
 -0.0002 , -0.0408 ,  0.0001 , -0.7134 , -0.6145 , -0.0000 ,
 -0.0390 ,  0.0418 ,  0.4749 ,  2.2698 , -0.6892 , -0.3515 ,
  0.0008 ,  0.1631 , -0.0003 , -0.2458 , -0.6536 ,  0.6505 ,
 -0.0408 ,  0.0403 , -0.3178 ,  0.7235 ,  1.1724 ,  0.0036 ,
 -0.1222 , -0.1223 , -0.3183 ,  0.1952 ,  1.7000 ,  0.0036 ,
 -0.1223 , -0.0007 , -0.6358 ,  0.0206 , -0.1917 ,  0.9828 ,
 -0.0410 , -0.0004 , -0.3177 ,  1.5598 ,  0.5578 , -0.3217 ,
  0.0808 ,  0.0404 ,  0.0007 , -0.0622 ,  0.7403 , -0.0000 ,
 -0.0409 , -0.0409 , -0.1590 ,  0.0667 , -0.0559 , -0.3234 ,
 -0.1214 , -0.0405 , -0.1598 ,  0.0674 ,  0.4406 ,  0.3270 ,
 -0.2024 ,  0.1223 ,  0.1540 , -0.9630 ,  1.5116 ,  0.3349 ,
 -0.0809 ,  0.0001 , -0.1594 ,  0.7804 ,  1.1179 ,  0.0018 ,
 -0.1625 , -0.1221 , -0.3187 , -1.3542 ,  0.3925 , -0.9722 ,
 -0.0809 ,  0.0001 , -0.1594 ,  0.0056 ,  0.4957 ,  0.3270 ,
  0.0395 , -0.0820 , -0.1581 ,  0.9023 ,  1.3222 ,  0.3270 ,
  0.0005 , -0.0401 ,  0.3174 , -0.7232 ,  1.2538 , -0.0036 ,
 -0.0397 ,  0.0414 ,  0.3151 , -1.6219 ,  1.1685 ,  0.3150 ,
 -0.1219 , -0.1220 , -0.1596 , -0.5846 , -1.4107 ,  0.0018 ,
 -0.0005 ,  0.0401 , -0.3174 , -1.6014 ,  1.2353 , -0.3217 ,
 -0.0395 ,  0.1633 , -0.0007 , -1.0204 , -0.0942 ,  0.6505 ,
 -0.0399 ,  0.0817 , -0.0006 , -0.1226 ,  3.0327 , -0.3252 ,
 -0.0010 , -0.1226 , -0.1584 , -1.3604 ,  0.0227 , -0.6487 ,
 -0.1211 , -0.0402 , -0.0011 ,  0.0625 ,  0.4413 ,  0.6505 ,
 -0.0807 ,  0.1221 , -0.3183 ,  1.3757 , -2.0178 ,  0.0036 ,
  0.0405 , -0.0407 ,  0.1589 , -0.7231 ,  0.0741 , -0.9620 ,
  0.0798 , -0.0822 , -0.1577 , -1.4226 ,  1.3852 ,  0.3270 ,
 -0.1619 ,  0.0002 , -0.3189 ,  0.0112 , -0.2532 ,  0.3288 ,
 -0.1205 ,  0.0821 , -0.0014 ,  2.2025 , -0.2044 ,  0.3253 ,
  0.1213 ,  0.0401 ,  0.1596 ,  0.7151 ,  0.1754 , -0.3097 ,
  0.0399 , -0.1634 ,  0.1585 , -1.3272 ,  0.0987 ,  0.0027 ,
 -0.2016 ,  0.0414 , -0.1607 , -0.8297 ,  0.2991 ,  0.6523 ,
  0.0811 ,  0.1624 , -0.1581 ,  2.0828 , -0.5285 ,  0.3270 ,
  0.1613 ,  0.0805 , -0.1572 ,  1.4301 , -0.3870 , -0.3235 ,
  0.0792 , -0.2045 , -0.1575 ,  1.0862 ,  1.4086 ,  0.6522 ,
 -0.2417 , -0.1201 ,  0.1570 ,  0.9713 ,  0.2586 ,  0.6320 ,
 -0.1603 ,  0.0838 ,  0.3159 ,  1.4160 ,  1.5902 ,  0.0001 ,
  0.0009 ,  0.2443 , -0.1591 , -1.1388 ,  0.5746 , -0.3234 ,
  0.0007 ,  0.0006 ,  0.3173 , -1.5596 ,  0.0015 ,  0.3217 ,
 -0.2829 , -0.1617 , -0.0025 , -1.3015 ,  0.8353 , -0.3252 ,
 -0.2014 ,  0.0822 , -0.1608 ,  1.4333 , -0.3310 ,  0.6523 ,
  0.0406 ,  0.2030 , -0.3173 , -2.6227 , -0.6000 , -0.6469 ,
  0.0399 , -0.0005 , -0.1582 ,  1.5542 ,  2.5511 , -0.6487 ,
 -0.1627 , -0.0817 , -0.4774 , -0.6359 ,  1.6285 ,  0.6558 ,
 -0.1224 , -0.1631 , -0.3182 ,  0.2566 ,  1.0855 ,  0.9793 ,
  0.0015 ,  0.1637 ,  0.3170 ,  2.0687 ,  1.2148 , -1.6297 ,
 -0.0809 ,  0.0813 , -0.3182 ,  0.6624 ,  1.1016 ,  0.3288 ,
 -0.2418 ,  0.0012 , -0.0024 , -1.5476 , -0.3775 ,  0.3253 ,
 -0.1627 , -0.1624 ,  0.1559 , -1.3278 ,  0.3884 ,  0.0014 ,
  0.1217 ,  0.1625 ,  0.0009 , -1.0218 ,  0.1575 , -0.3253 ,
  0.0810 ,  0.1630 ,  0.1584 , -0.2503 ,  0.7117 , -0.3258 ,
 -0.1602 , -0.0791 ,  0.4749 ,  1.6692 ,  0.9982 ,  0.9557 ,
 -0.1203 , -0.1204 ,  0.4748 ,  0.1730 ,  1.0824 ,  0.6235 ,
  0.0411 ,  0.1629 ,  0.0001 , -0.2462 ,  0.6540 , -0.0000 ,
  0.0404 ,  0.1623 , -0.3172 ,  2.0881 ,  0.6524 , -1.2974 ,
 -0.0804 , -0.0399 ,  0.1578 ,  0.0583 ,  0.5068 , -0.0005 ,
 -0.0006 , -0.0411 , -0.1586 , -0.7085 ,  0.6293 ,  0.6522 ,
 -0.0413 , -0.1224 , -0.1588 ,  0.9644 ,  1.2042 , -0.3234 ,
  0.0817 ,  0.1221 ,  0.1587 , -0.9706 ,  0.1070 ,  0.3137 ,
  0.0001 ,  0.0812 , -0.1588 ,  1.4315 ,  1.8504 ,  0.3270 ,
 -0.0396 ,  0.0008 ,  0.3169 , -0.0094 , -0.6837 ,  0.3217 ,
  0.0402 ,  0.0403 , -0.1583 , -0.8318 ,  1.9211 ,  0.3270 ,
 -0.0404 , -0.0406 ,  0.1579 , -0.7224 , -0.0538 ,  0.0009 ,
  0.0399 , -0.0005 , -0.1582 ,  0.0045 ,  0.0622 ,  0.3270 ,
 -0.0010 , -0.1226 , -0.1584 , -2.1355 ,  0.0227 ,  0.3270 ,
 -0.0407 , -0.0813 , -0.0003 , -2.2014 , -0.6697 , -0.6505 ,
  0.0404 ,  0.0810 , -0.1584 ,  0.6565 ,  1.2910 ,  0.3270 ,
 -0.0802 ,  0.0007 ,  0.1578 , -0.0042 ,  1.1194 , -0.3270 ,
 -0.1213 , -0.0810 , -0.0011 , -1.4258 , -0.1731 ,  0.3253 ,
 -0.0003 , -0.0003 , -0.1586 , -0.7700 ,  1.8661 ,  0.3270 ,
 -0.0010 , -0.0009 , -0.4759 , -0.7602 , -0.0022 , -0.9704 ,
 -0.0399 ,  0.0005 ,  0.1582 , -1.5544 , -0.0622 ,  0.6487 ,
 -0.0406 , -0.0001 , -0.1590 , -3.0943 ,  1.1808 , -0.3234 ,
 -0.0403 ,  0.0002 , -0.0004 , -2.3244 ,  1.8039 ,  0.0000 ,
 -0.0003 , -0.0003 , -0.1586 , -1.5449 ,  1.8661 ,  0.0018 ,
  0.0795 , -0.0013 , -0.4751 ,  0.7888 ,  1.3680 ,  0.3306 ,
 -0.1203 ,  0.1229 , -0.0014 , -2.5080 ,  1.0323 ,  0.0000 ,
  0.0804 , -0.0412 ,  0.0009 ,  0.8356 ,  2.0005 , -0.0000 ,
 -0.1200 , -0.0387 ,  0.4743 ,  0.0509 ,  1.6919 ,  0.3143 ,
  0.0399 , -0.0005 , -0.1582 ,  0.0045 ,  0.0622 ,  0.3270 ,
 -0.0408 ,  0.0403 , -0.3178 , -1.6010 , -1.3168 ,  0.0036 ,
  0.0394 , -0.0416 , -0.3168 , -0.7040 ,  0.0692 ,  0.0036 ,
 -0.0809 ,  0.0001 , -0.1594 ,  0.0056 ,  0.4957 ,  0.0018 ,
 -0.0412 , -0.0412 , -0.3176 , -2.2532 ,  0.5656 ,  0.3288 ,
  0.0401 , -0.0410 ,  0.0005 ,  0.0611 ,  0.0707 ,  0.3252 ,
 -0.0812 ,  0.0810 , -0.4769 , -0.8824 ,  0.4786 , -0.3199 ,
 -0.0404 , -0.0406 ,  0.1579 , -0.7224 , -0.0538 ,  0.6668 ,
 -0.0809 ,  0.0001 , -0.1594 ,  0.7804 ,  1.7402 , -0.3234 ,
  0.0001 ,  0.0812 , -0.1588 ,  1.4315 ,  1.2282 ,  0.6522 ,
 -0.0410 , -0.0004 , -0.3177 ,  0.0101 , -0.0644 , -0.3217 ,
 -0.0812 , -0.0407 , -0.1594 ,  0.0670 , -0.7411 ,  0.0018 ,
 -0.0809 ,  0.0001 , -0.1594 , -0.7693 ,  2.3625 ,  0.6523 ,
  0.0397 , -0.0413 , -0.1582 , -1.4837 ,  0.6922 ,  0.0018 ,
 -0.0409 , -0.0409 , -0.1590 ,  0.0667 ,  0.5664 ,  0.0018 ,
  0.0405 ,  0.0406 ,  0.0003 , -0.0618 ,  1.9219 ,  0.6504 ,
 -0.0804 ,  0.0412 , -0.0009 ,  0.7141 ,  0.4886 ,  0.0000 ,
  0.0008 , -0.0398 ,  0.4760 , -0.7281 ,  1.8769 , -0.3306 ,
 -0.0807 ,  0.0408 , -0.1595 , -0.8308 ,  0.4879 ,  0.0018 ,
 -0.0409 , -0.1221 , -0.0002 ,  0.1847 , -1.2841 ,  0.3252 ,
 -0.0012 ,  0.0395 , -0.6346 , -1.5917 ,  1.8560 ,  0.0071 ,
 -0.0807 ,  0.0821 ,  0.1569 , -0.1240 ,  1.1036 ,  0.9779 ,
 -0.0399 ,  0.0005 ,  0.1582 ,  1.5451 , -0.0622 , -0.0018 ,
  0.0405 ,  0.0406 ,  0.0003 ,  0.7130 , -0.5672 , -0.3253 ,
 -0.0397 ,  0.0412 ,  0.1585 , -0.0666 , -0.6928 ,  0.6611 ,
  0.0408 ,  0.0409 ,  0.1589 , -0.0667 ,  0.0559 , -0.0015 ,
 -0.0800 ,  0.1227 , -0.0010 ,  0.5911 ,  1.0952 , -0.6505 ,
 -0.1214 , -0.0405 , -0.1598 , -0.7075 ,  0.4406 , -0.3234 ,
 -0.0020 , -0.1235 , -0.6343 ,  1.7535 ,  1.2650 , -0.3181 ,
  0.0394 , -0.0416 , -0.3168 , -0.7040 ,  1.3138 , -0.6469 ,
  0.0001 ,  0.0812 , -0.1588 ,  0.6568 , -0.0164 ,  0.3270 ,
 -0.0399 ,  0.0812 ,  0.1586 ,  2.2406 ,  1.1409 , -1.3097 ,
 -0.1224 , -0.0819 , -0.4770 , -1.4111 ,  0.4469 ,  0.3306 ,
 -0.0403 ,  0.0002 , -0.0004 ,  0.0003 ,  1.1816 ,  0.3252 ,
 -0.0399 ,  0.0005 ,  0.1582 , -2.3294 , -0.0622 ,  0.3234 ,
 -0.0003 ,  0.0809 , -0.3174 , -0.8880 ,  1.2274 , -0.9722 ,
 -0.0002 , -0.0408 ,  0.0001 ,  0.0615 , -0.6145 ,  0.3252 ,
 -0.1214 ,  0.0407 , -0.3186 ,  1.4989 ,  1.0464 ,  0.3288 ,
  0.0001 , -0.0405 ,  0.1587 ,  1.6062 ,  0.6308 , -0.0018 ,
 -0.0406 , -0.0001 , -0.1590 , -0.7697 , -0.0637 ,  0.0018 ,
 -0.0407 , -0.0813 , -0.0003 , -1.4264 , -0.6697 ,  0.3252 ,
  0.0399 , -0.0005 , -0.1582 , -1.5453 ,  1.3067 ,  0.0018 ,
 -0.0801 ,  0.1631 , -0.1597 , -0.2403 ,  1.0867 , -0.9739 ,
 -0.0413 , -0.0007 , -0.4763 , -0.7599 ,  0.5571 ,  0.0053 ,
 -0.1215 , -0.1217 , -0.0010 ,  0.1854 ,  1.0792 ,  0.6505 ,
  0.0413 ,  0.0007 ,  0.4763 , -0.7900 ,  0.0652 , -0.0053 ,
  0.0002 ,  0.0408 , -0.0001 , -0.0615 ,  2.4812 ,  0.0000 ,
 -0.0802 ,  0.0819 , -0.0010 ,  0.6526 ,  0.4808 , -0.3252 ,
 -0.0808 , -0.0404 , -0.0007 , -0.7128 , -0.1180 , -0.6505 ,
 -0.1625 , -0.0817 ,  0.1575 , -0.6412 , -1.4958 , -0.0102 ,
 -0.1202 ,  0.0012 ,  0.3161 ,  0.7661 ,  0.4350 , -0.3288 ,
  0.0006 ,  0.0411 ,  0.1586 , -0.8413 ,  0.6152 , -0.0018 ,
  0.0003 ,  0.0003 ,  0.1586 ,  0.7699 ,  1.8676 , -0.0018 ,
 -0.0396 ,  0.0008 ,  0.3169 , -1.5593 ,  1.8054 , -0.0036 ,
  0.0806 , -0.0004 ,  0.0008 , -0.7756 , -0.4965 , -0.0000 ,
  0.0411 ,  0.1222 ,  0.1583 ,  1.3920 ,  0.0314 ,  0.0009 ,
 -0.0400 ,  0.0410 ,  0.1584 ,  1.5151 ,  0.5317 , -0.3217 ,
 -0.0402 ,  0.0814 , -0.1592 , -0.1177 ,  0.5430 ,  0.3270 ,
 -0.0005 ,  0.0401 , -0.3174 ,  0.7231 , -0.6316 ,  0.3288 ,
 -0.0013 , -0.0417 , -0.4758 ,  0.0761 , -0.6168 ,  0.0053 ,
 -0.1211 ,  0.1228 ,  0.1562 , -0.1846 ,  1.0307 ,  0.0003 ,
  0.0006 ,  0.1223 , -0.0002 , -0.9592 , -1.2682 , -0.3252 ,
 -0.0001 ,  0.0405 , -0.1587 , -0.8314 , -1.2532 , -0.3234 ,
  0.0402 ,  0.0403 , -0.1583 , -1.6066 ,  0.0544 , -0.3235 ,
  0.0419 ,  0.0016 ,  0.7934 , -0.7957 ,  0.6919 , -0.6400 ,
  0.0408 ,  0.1626 , -0.1585 , -0.2413 ,  0.6532 ,  0.6522 ,
 -0.0413 , -0.0007 , -0.4763 , -0.7599 ,  0.5571 ,  0.6558 ,
 -0.1630 , -0.0820 , -0.6360 ,  0.9187 ,  1.0055 , -0.3181 ,
  0.0402 ,  0.0403 , -0.1583 ,  0.7179 ,  1.9211 ,  0.0018 ,
  0.0397 , -0.0413 , -0.1582 ,  0.0660 ,  0.0700 , -0.3235 ,
 -0.0809 ,  0.0001 , -0.1594 , -2.3192 ,  0.4957 ,  0.0018 ,
  0.0001 , -0.0405 ,  0.1587 , -1.4932 , -0.6138 , -0.3270 ,
  0.0413 ,  0.2036 ,  0.0000 , -1.0826 ,  0.6462 , -0.9757 ,
 -0.0404 ,  0.1219 , -0.3179 ,  0.6005 ,  3.0233 ,  0.3288 ,
 -0.1619 ,  0.0002 , -0.3189 , -0.7637 ,  0.3691 ,  0.3288 ,
 -0.0808 , -0.0404 , -0.0007 , -1.4876 , -0.1180 , -0.3252 ,
 -0.0404 ,  0.0406 , -0.1591 ,  1.4933 ,  0.5508 ,  0.3270 ,
  0.0001 , -0.0405 ,  0.1587 , -0.7183 ,  1.2530 , -0.3270 ,
 -0.0403 ,  0.0002 , -0.0004 , -0.7745 ,  1.8039 ,  0.6505 ,
 -0.0419 , -0.0418 , -0.6349 ,  0.0814 , -0.0581 ,  0.0071 ,
 -0.1220 , -0.0816 , -0.3183 ,  0.9085 ,  0.4476 ,  0.6541 ,
 -0.0405 , -0.0813 ,  0.1580 ,  1.7001 , -0.0542 ,  0.3319 ,
 -0.0802 ,  0.0819 , -0.0010 , -0.8971 ,  0.4808 , -0.3252 ,
  0.0400 ,  0.0807 , -0.3170 , -0.1135 ,  0.0458 ,  0.3288 ,
 -0.0803 ,  0.1224 , -0.1597 , -0.9537 , -0.7723 ,  0.0018 ,
 -0.0411 ,  0.0400 , -0.4764 , -1.5962 , -0.0730 ,  0.0053 ,
 -0.1214 ,  0.0407 , -0.3186 , -0.0506 ,  1.6688 , -0.9722 ,
 -0.0799 ,  0.0821 ,  0.1575 ,  1.4546 , -0.1439 , -0.3375 ,
 -0.0812 , -0.0407 , -0.1594 , -1.4827 ,  0.5035 ,  0.6522 ,
 -0.0408 ,  0.0403 , -0.3178 ,  1.4983 ,  0.5500 ,  0.0036 ,
  0.0811 , -0.0406 ,  0.1590 , -0.7131 ,  0.7623 , -0.0012 ,
  0.0411 ,  0.0403 ,  0.3165 , -2.4200 , -0.5488 , -0.3254 ,
 -0.0804 ,  0.0412 , -0.0009 ,  0.7141 ,  0.4886 ,  0.3252 ,
 -0.0809 ,  0.0813 , -0.3182 ,  1.4372 ,  1.7239 ,  0.0036 ,
 -0.0808 , -0.0404 , -0.0007 ,  0.0621 ,  2.3710 ,  0.0000 ,
 -0.1215 , -0.1217 , -0.0010 ,  0.1854 , -0.7877 , -0.6505 ,
  0.0002 ,  0.0408 , -0.0001 ,  0.7133 , -0.0078 ,  0.0000 ,
  0.0800 , -0.0415 , -0.1578 , -0.7092 ,  1.9996 , -0.3235 ,
 -0.0008 ,  0.0398 , -0.4760 , -0.0468 ,  1.2344 , -0.3199 ,
 -0.1219 , -0.0003 , -0.4771 ,  1.5653 , -0.1910 ,  0.3306 ,
 -0.1207 ,  0.0413 , -0.0013 , -0.0604 ,  0.4257 ,  0.6505 ,
 -0.0814 , -0.0815 , -0.1593 , -0.6464 ,  1.1336 ,  0.0018 ,
  0.0802 , -0.0007 , -0.1578 ,  0.7790 ,  0.1251 , -0.6487 ,
 -0.0414 , -0.0820 , -0.3175 , -0.6419 , -0.6711 ,  0.0036 ,
 -0.1209 , -0.0807 ,  0.1577 ,  0.1181 , -0.1725 , -0.0027 ,
 -0.1212 ,  0.0815 , -0.3186 , -3.2117 , -0.2059 ,  0.3288 ,
 -0.0003 , -0.0003 , -0.1586 ,  0.0049 ,  0.6215 , -0.3234 ,
 -0.1211 , -0.0402 ,  0.3138 , -2.2995 ,  1.0463 , -0.0029 ,
  0.1196 , -0.0423 , -0.4746 , -1.4746 ,  0.8166 ,  0.3306 ,
  0.0406 ,  0.0001 ,  0.1590 , -0.7802 , -0.5587 , -0.0018 ,
 -0.0417 , -0.0010 , -0.6350 ,  0.0199 ,  1.1787 , -0.6434 ,
 -0.0813 , -0.0002 , -0.3181 , -0.7644 ,  1.1171 , -0.6469 ,
 -0.1625 , -0.0810 ,  0.1555 , -1.4495 ,  0.3724 , -0.6341 ,
  0.0806 , -0.0004 ,  0.0008 , -0.7756 ,  0.7481 , -0.0000 ,
  0.0408 ,  0.0404 ,  0.1584 , -1.6250 , -0.5565 , -0.3301 ,
 -0.0820 , -0.0009 , -0.6354 ,  0.7951 ,  1.1157 , -0.3181 ,
 -0.0815 , -0.0410 , -0.3180 ,  0.8468 , -0.7418 ,  0.0036 ,
  0.0403 , -0.0002 ,  0.0004 , -0.0003 ,  1.9298 , -0.0000 ,
 -0.0413 , -0.1224 , -0.1588 ,  0.1896 ,  1.2042 ,  0.6522 ,
  0.0798 , -0.0822 , -0.1577 ,  0.9019 ,  2.0074 , -0.6487 ,
  0.0006 ,  0.0411 ,  0.1586 , -0.0664 , -0.0071 , -0.0018 ,
 -0.0814 ,  0.0402 , -0.4768 , -0.0461 , -0.1359 ,  0.3306 ,
  0.0409 , -0.0809 ,  0.4765 ,  1.6705 ,  0.0703 ,  0.9579 ,
 -0.0394 , -0.0801 ,  0.4760 ,  2.4597 ,  1.1779 ,  0.3301 ,
 -0.0399 ,  0.0817 , -0.0006 , -2.4473 , -0.7009 , -0.6505 ,
 -0.0001 , -0.0812 ,  0.1588 , -2.2067 , -0.6059 ,  0.3234 ,
 -0.1210 ,  0.0410 , -0.1599 , -1.6053 ,  1.0472 ,  0.9775 ,
  0.0389 , -0.0014 , -0.6342 , -0.7557 ,  0.6822 ,  0.6576 ,
  0.0813 ,  0.0002 ,  0.3181 , -1.5603 ,  2.6165 ,  0.6469 ,
 -0.1619 ,  0.0002 , -0.3189 , -0.7637 ,  0.3691 , -0.3217 ,
 -0.0015 , -0.0825 , -0.4758 ,  0.1376 , -0.6090 ,  0.6558 ,
 -0.1613 ,  0.0412 , -0.1603 , -0.8300 , -0.2603 ,  0.0018 ,
 -0.0809 ,  0.0813 , -0.3182 , -0.8874 ,  1.7239 ,  0.3288 ,
 -0.0409 , -0.0409 , -0.1590 ,  0.8415 ,  0.5664 ,  0.3270 ,
  0.0001 , -0.0405 ,  0.1587 , -0.7183 ,  0.6308 ,  0.6487 ,
  0.0816 ,  0.0005 ,  0.4767 , -0.7903 ,  0.7503 , -0.6558 ,
 -0.1209 , -0.0401 ,  0.1577 ,  0.0564 , -0.8078 , -0.0046 ,
 -0.0009 , -0.0414 , -0.3172 ,  0.0712 ,  1.2508 , -0.6469 ,
 -0.0403 ,  0.0002 , -0.0004 ,  0.0003 , -1.3076 ,  0.3252 ,
  0.0000 ,  0.0000 ,  0.0000 ,  0.7748 ,  1.8670 ,  0.3252 ,
 -0.0806 ,  0.0004 , -0.0008 , -0.7742 , -0.1259 ,  0.3252 ,
 -0.0390 ,  0.0421 ,  0.4755 ,  0.7001 ,  0.5474 ,  0.6158 ,
 -0.1216 , -0.0000 , -0.3185 ,  1.5603 , -0.1903 ,  0.3288 ,
  0.0000 ,  0.0000 ,  0.0000 ,  1.5497 , -0.6223 ,  0.3252 ,
 -0.0413 ,  0.0805 , -0.6351 , -1.6528 , -0.0815 , -0.9686 ,
 -0.0804 ,  0.0412 , -0.0009 , -3.9351 , -0.1337 ,  0.0000 ,
  0.0401 , -0.0410 ,  0.0005 , -2.2637 ,  2.5598 , -0.3253 ,
 -0.0008 , -0.0818 , -0.1585 , -1.4220 ,  0.0149 ,  0.0018 ,
  0.0802 , -0.0819 ,  0.0010 ,  0.8970 ,  1.3860 , -0.0000 ,
 -0.0004 , -0.0815 ,  0.0002 ,  0.1229 ,  1.8825 ,  0.3252 ,
 -0.1209 ,  0.0006 , -0.0012 ,  0.0010 ,  1.0558 , -0.6505 ,
 -0.2012 ,  0.1229 , -0.1609 , -0.9527 , -0.9611 ,  0.0018 ,
 -0.0009 , -0.0414 , -0.3172 , -0.7037 ,  1.8732 ,  0.3288 ,
  0.0414 ,  0.0819 ,  0.3176 ,  0.6443 ,  0.0465 ,  0.3149 ,
 -0.0402 , -0.0403 ,  0.1576 , -0.7167 ,  0.5676 , -0.0032 ,
 -0.1214 ,  0.0407 , -0.3186 , -0.0506 , -0.8204 , -0.9722 ,
 -0.1214 , -0.0405 , -0.1598 ,  0.8421 , -0.1817 ,  0.3270 ,
  0.0802 , -0.0007 , -0.1578 , -1.5456 ,  0.1251 ,  0.0018 ,
  0.0403 ,  0.1219 ,  0.1571 , -0.9610 ,  1.2778 ,  0.0116 ,
 -0.1218 , -0.0408 , -0.3184 , -0.7026 ,  0.4398 ,  0.0036 ,
  0.0416 ,  0.1227 ,  0.3175 ,  0.5821 ,  0.0387 ,  0.3145 ,
 -0.0003 , -0.0003 , -0.1586 , -1.5449 , -1.2454 , -0.6487 ,
 -0.1218 , -0.0408 , -0.3184 , -0.7026 ,  1.6844 ,  0.0036 ,
 -0.1212 ,  0.0003 , -0.1599 , -0.7690 ,  0.4328 ,  0.0018 ,
  0.0010 ,  0.0009 ,  0.4759 , -0.7895 ,  0.6245 , -0.3306 ,
 -0.0805 ,  0.0816 , -0.1596 ,  1.4322 , -0.1422 , -0.3234 ,
 -0.0412 , -0.0412 , -0.3176 ,  0.0716 ,  0.5656 ,  0.3288 ,
 -0.1207 ,  0.0423 ,  0.1575 ,  0.7065 ,  1.6664 , -0.3296 ,
 -0.0399 , -0.0396 ,  0.1588 ,  0.8331 ,  2.4269 , -0.0091 ,
 -0.0807 ,  0.0408 , -0.1595 , -0.0559 ,  0.4879 ,  0.3270 ,
  0.1217 , -0.0809 ,  0.4766 , -1.4394 ,  0.8337 , -0.0065 ,
 -0.1210 , -0.0402 ,  0.1566 , -0.7186 ,  0.4378 ,  0.3170 ,
 -0.1608 ,  0.0823 , -0.0018 , -0.8964 ,  1.5995 , -0.6505 ,
 -0.1210 , -0.0401 ,  0.1564 , -0.7081 ,  1.0662 , -0.3177 ,
  0.0003 ,  0.0003 ,  0.1586 , -0.7798 , -0.6216 , -0.3270 ,
 -0.0802 ,  0.0007 ,  0.1578 , -0.0042 , -0.1251 , -0.0018 ,
 -0.1208 , -0.0400 ,  0.1581 ,  1.6393 ,  0.4270 , -0.3193 ,
 -0.0808 , -0.0404 , -0.0007 , -0.7128 ,  0.5042 ,  0.0000 ,
 -0.0812 , -0.0407 , -0.1594 , -0.7078 ,  1.1257 ,  0.3270 ,
 -0.1205 ,  0.0821 , -0.0014 ,  1.4276 , -0.2044 ,  0.0000 ,
 -0.0414 , -0.0820 , -0.3175 ,  0.1330 ,  1.8181 , -0.3217 ,
 -0.0403 ,  0.0002 , -0.0004 ,  0.7751 ,  1.1816 ,  0.3252 ,
  0.0395 ,  0.0396 , -0.4756 ,  1.5025 ,  1.2973 ,  0.0053 ,
 -0.0401 ,  0.0410 , -0.0005 , -0.8360 ,  1.7961 ,  0.0000 ,
 -0.1219 , -0.0003 , -0.4771 ,  0.0157 ,  1.0535 ,  0.0054 ,
 -0.2819 ,  0.0427 , -0.1610 , -0.8364 , -0.4393 ,  1.2964 ,
 -0.0804 ,  0.0412 , -0.0009 ,  1.4888 ,  0.4886 ,  0.3252 ,
  0.0406 , -0.1216 ,  0.3176 , -0.5942 ,  0.7135 ,  0.3160 ,
  0.0407 ,  0.0813 ,  0.0003 , -1.6730 ,  0.6696 ,  0.6504 ,
 -0.0402 ,  0.0814 , -0.1592 , -1.6675 , -0.0793 ,  0.0018 ,
  0.0813 ,  0.0413 ,  0.3171 , -0.8365 ,  1.3679 , -0.0033 ,
 -0.0807 ,  0.0821 ,  0.3144 , -0.8857 ,  2.3525 ,  0.9785 ,
 -0.0010 , -0.0009 , -0.4759 ,  1.5642 ,  1.8645 , -0.3199 ,
 -0.0409 , -0.0409 , -0.1590 ,  0.0667 , -0.6782 ,  0.0018 ,
  0.0398 ,  0.0400 , -0.3170 , -0.8269 ,  2.5426 ,  0.3288 ,
  0.0807 ,  0.0808 , -0.1580 , -1.6684 ,  2.5985 ,  0.9775 ,
 -0.0407 , -0.0813 , -0.0003 ,  0.8981 ,  1.1972 ,  0.6505 ,
 -0.0405 , -0.0406 , -0.0003 ,  0.0618 ,  0.5671 ,  0.3252 ,
 -0.0003 ,  0.0809 , -0.3174 ,  0.6617 ,  0.6051 ,  0.0036 ,
 -0.0809 ,  0.0001 , -0.1594 ,  0.0056 , -0.1266 ,  0.3270 ,
 -0.0399 ,  0.0817 , -0.0006 , -0.8975 ,  1.1660 ,  0.0000 ,
 -0.0008 , -0.1631 ,  0.0003 ,  0.2458 ,  1.8981 , -0.0000 ,
  0.0015 ,  0.0825 ,  0.4758 ,  1.4120 ,  0.6089 ,  0.3199 ,
 -0.1207 ,  0.0413 , -0.0013 , -0.8353 , -0.1966 ,  0.0000 ,
 -0.0010 , -0.0009 , -0.4759 , -0.7602 , -0.0022 , -0.6451 ,
 -0.0806 ,  0.0004 , -0.0008 ,  0.7755 , -0.1259 ,  0.0000 ,
 -0.0396 ,  0.0410 ,  0.4747 , -2.4150 , -0.6817 ,  0.3470 ,
 -0.0799 , -0.0390 ,  0.4739 , -0.7084 ,  2.3837 , -0.0027 ,
 -0.0004 , -0.0815 ,  0.0002 ,  0.1229 ,  1.2602 , -0.3253 ,
 -0.0399 ,  0.0414 ,  0.1579 , -0.0653 ,  0.5511 , -0.3209 ,
 -0.0401 ,  0.0410 , -0.0005 ,  0.7137 ,  0.5515 , -0.6505 ,
 -0.0409 , -0.1221 , -0.0002 ,  0.1847 , -0.6618 , -0.3252 ,
 -0.0801 ,  0.0822 ,  0.1574 , -0.1256 ,  0.4800 , -0.0013 ,
 -0.1214 , -0.0405 , -0.1598 , -0.7075 ,  1.6851 ,  0.3270 ,
 -0.0410 , -0.0004 , -0.3177 ,  0.0101 ,  1.8024 ,  0.3288 ,
 -0.0410 , -0.0004 , -0.3177 ,  0.0101 , -0.0644 ,  0.6541 ,
 -0.0813 , -0.0002 , -0.3181 ,  0.0105 ,  1.1171 ,  0.0036 ,
 -0.0402 ,  0.1626 , -0.3180 ,  0.5391 ,  0.5266 , -0.3217 ,
  0.0401 , -0.0410 ,  0.0005 , -1.4887 ,  1.3152 ,  0.3252 ,
 -0.0814 ,  0.0402 , -0.4768 , -1.5958 ,  1.7309 ,  0.3306 ,
  0.0403 , -0.0002 ,  0.0004 ,  0.7745 ,  0.0629 , -0.3253 ,
 -0.0004 , -0.0815 ,  0.0002 ,  0.1229 ,  0.0156 , -0.3253 ,
 -0.0003 ,  0.0809 , -0.3174 , -0.1131 , -0.0171 ,  0.6541 ,
 -0.0408 ,  0.0403 , -0.3178 , -0.0513 , -0.6945 , -0.6469 ,
 -0.0811 ,  0.0405 , -0.3182 , -0.0510 ,  1.1094 ,  0.0036 ,
 -0.0413 , -0.1224 , -0.1588 , -1.3602 ,  1.8265 ,  0.3270 ,
 -0.0403 ,  0.0002 , -0.0004 , -0.7745 , -0.6853 , -0.3252 ,
 -0.0405 , -0.0406 , -0.0003 , -0.7131 ,  1.8117 , -0.9757 ,
 -0.0400 ,  0.0410 ,  0.1584 ,  2.3055 ,  0.5315 , -0.0021 ,
 -0.0808 , -0.0404 , -0.0007 , -0.7128 ,  0.5042 ,  0.6505 ,
 -0.1608 ,  0.0011 ,  0.1570 ,  1.5461 ,  1.6160 ,  0.3235 ,
 -0.1615 ,  0.0005 , -0.1603 , -1.5436 ,  0.3699 ,  0.0018 ,
 -0.0815 , -0.0410 , -0.3180 , -2.2528 ,  0.5027 ,  0.0036 ,
 -0.0808 , -0.0404 , -0.0007 , -0.7128 ,  1.7488 ,  0.0000 ,
  0.0005 ,  0.1627 , -0.1589 , -1.0159 ,  3.0793 ,  0.0018 ,
 -0.0399 ,  0.0817 , -0.0006 ,  2.2019 ,  1.1660 ,  0.0000 ,
 -0.0813 , -0.0812 ,  0.1565 , -1.4486 ,  0.5050 ,  0.3249 ,
  0.0396 , -0.0008 , -0.3169 ,  0.7843 ,  0.6837 ,  0.0036 ,
 -0.1608 ,  0.0823 , -0.0018 , -1.6713 , -0.2673 , -0.3252 ,
  0.0395 ,  0.0396 , -0.4756 ,  1.5025 ,  1.9197 , -0.3199 ,
 -0.0406 ,  0.0811 , -0.3178 , -0.8877 , -0.0800 ,  0.3288 ,
 -0.0816 , -0.0005 , -0.4767 , -0.7595 ,  0.4942 ,  0.0054 ,
  0.0397 , -0.0413 , -0.1582 ,  0.0660 ,  1.3145 ,  0.0018 ,
 -0.0400 ,  0.0818 ,  0.1570 , -0.9069 ,  0.5348 , -0.3250 ,
  0.0399 , -0.0005 , -0.1582 , -1.5453 ,  0.0622 , -0.3235 ,
 -0.1216 , -0.0000 , -0.3185 , -2.3141 , -0.8125 , -0.3217 ,
 -0.2430 , -0.0405 , -0.4783 , -0.6967 ,  1.4948 ,  0.0054 ,
 -0.0407 , -0.0813 , -0.0003 ,  2.4477 ,  2.4416 , -0.6505 ,
 -0.0802 ,  0.0819 , -0.0010 ,  1.4274 ,  0.4808 , -0.3252 ,
 -0.0812 , -0.0407 , -0.1594 , -1.4827 , -0.1188 ,  0.0018 ,
  0.0405 ,  0.0406 ,  0.0003 ,  0.7130 ,  0.6774 ,  0.3252 ,
 -0.0399 ,  0.0817 , -0.0006 , -0.1226 , -0.7009 ,  0.0000 ,
 -0.0802 ,  0.0819 , -0.0010 , -0.8971 ,  1.7254 , -0.3252 ,
 -0.1202 , -0.0392 ,  0.3164 ,  0.8308 ,  0.4394 ,  0.0004 ,
  0.0804 , -0.0412 ,  0.0009 , -0.7141 ,  0.7559 ,  0.3252 ,
 -0.0392 ,  0.0011 ,  0.4755 ,  0.7605 , -0.0607 , -0.0053 ,
 -0.0006 , -0.0411 , -0.1586 , -0.7085 ,  1.2515 ,  0.0018 ,
 -0.0404 ,  0.1219 , -0.3179 , -0.1742 ,  1.1567 ,  0.3288 ,
 -0.0410 , -0.0004 , -0.3177 , -2.3145 ,  1.1801 ,  0.3288 ,
 -0.2023 , -0.0809 , -0.1605 , -1.4202 , -2.1668 ,  0.6523 ,
  0.0002 ,  0.0408 , -0.0001 ,  0.7133 , -0.0078 ,  0.3252 ,
  0.0405 ,  0.0406 ,  0.0003 , -0.0618 , -0.5672 ,  0.6504 ,
 -0.0813 , -0.0815 ,  0.1565 , -2.2292 , -0.1133 ,  0.0042 ,
 -0.0401 ,  0.0410 , -0.0005 , -0.8360 , -0.6931 ,  0.0000 ,
  0.0394 , -0.0416 , -0.3168 ,  0.0709 ,  0.0692 ,  0.0036 ,
 -0.0003 , -0.0003 , -0.1586 , -1.5449 ,  1.2438 , -0.3234 ,
  0.0406 ,  0.0001 ,  0.1590 , -1.5551 ,  0.0637 , -0.0018 ,
 -0.1214 ,  0.0407 , -0.3186 , -0.0506 , -0.8204 ,  0.0036 ,
 -0.0812 , -0.0407 , -0.1594 , -0.7078 ,  1.1257 , -0.3234 ,
 -0.1213 , -0.0810 , -0.0011 , -0.6509 ,  1.0713 ,  0.3253 ,
 -0.1617 , -0.0403 , -0.1602 ,  0.8426 ,  1.6222 ,  0.6523 ,
 -0.1209 ,  0.0006 , -0.0012 ,  0.0010 ,  0.4335 ,  0.3253 ,
 -0.0813 , -0.0002 , -0.3181 ,  0.7853 ,  0.4950 ,  0.6541 ,
 -0.0800 , -0.0396 ,  0.3165 ,  0.0540 ,  0.5048 ,  0.3041 ,
 -0.0008 ,  0.0398 , -0.4760 , -0.8217 ,  1.2344 ,  0.3306 ,
  0.0795 , -0.0013 , -0.4751 , -1.5359 ,  0.7459 ,  0.0053 ,
 -0.0818 , -0.0413 , -0.4766 ,  0.8516 ,  1.1242 ,  0.9811 ,
 -0.1220 , -0.0816 , -0.3183 , -1.4160 , -0.1746 ,  0.3288 ,
  0.0393 , -0.1228 , -0.1580 ,  0.1889 ,  0.0856 ,  0.6522 ,
 -0.1209 ,  0.0006 , -0.0012 , -0.7738 ,  3.5448 , -0.6505 ,
  0.0003 ,  0.0003 ,  0.1586 ,  0.7699 ,  0.0007 ,  0.3234 ,
 -0.1205 ,  0.0009 ,  0.1574 ,  1.5457 ,  0.4343 ,  0.6487 ,
 -0.0403 ,  0.0002 , -0.0004 , -0.7745 ,  1.8039 , -0.3252 ,
 -0.1205 ,  0.0009 ,  0.1574 , -0.7787 , -0.8103 , -0.0018 ,
 -0.1617 ,  0.0409 , -0.3190 , -0.0503 , -0.2610 , -0.3217 ,
  0.0402 ,  0.0403 , -0.1583 , -0.0569 ,  0.6766 , -0.9740 ,
 -0.0403 ,  0.0822 ,  0.1579 ,  0.6421 ,  1.1599 , -0.0065 ,
 -0.0804 ,  0.0412 , -0.0009 , -1.6105 ,  1.7331 ,  0.3252 ,
  0.0799 , -0.0010 , -0.3165 ,  0.0091 ,  0.7466 , -1.2974 ,
 -0.0399 ,  0.0817 , -0.0006 ,  0.6522 ,  0.5437 ,  0.0000 ,
  0.0001 ,  0.1624 , -0.3176 , -0.2361 ,  0.5895 ,  0.3288 ,
 -0.0001 ,  0.0405 , -0.1587 , -0.0566 ,  1.8582 , -0.6487 ,
 -0.2025 , -0.0804 ,  0.1550 , -1.4427 ,  0.9366 ,  0.3389 ,
 -0.0402 ,  0.0814 , -0.1592 , -0.1177 ,  0.5430 , -0.3234 ,
 -0.1209 ,  0.0006 , -0.0012 , -0.7738 , -0.8111 ,  0.0000 ,
 -0.0392 ,  0.2042 ,  0.3164 ,  2.8480 ,  0.4895 , -0.3121 ,
 -0.1219 ,  0.0809 , -0.6359 , -1.6520 ,  0.4149 ,  0.6576 ,
 -0.1212 ,  0.0003 , -0.1599 ,  0.0059 ,  1.0550 , -0.3234 ,
 -0.1207 ,  0.0413 , -0.0013 ,  0.7144 ,  0.4257 ,  0.3253 ,
 -0.0013 , -0.0417 , -0.4758 ,  1.6258 ,  0.0056 ,  0.3306 ,
 -0.0809 ,  0.0001 , -0.1594 ,  0.0056 ,  1.1179 ,  0.3270 ,
 -0.0804 ,  0.0412 , -0.0009 , -0.0608 ,  1.1108 ,  0.0000 ,
 -0.0806 ,  0.0004 , -0.0008 ,  0.0007 ,  1.7410 ,  0.0000 ,
  0.0394 , -0.0416 , -0.3168 ,  0.0709 ,  0.0692 ,  0.3288 ,
 -0.0799 , -0.0404 ,  0.1592 ,  2.4243 ,  1.7243 , -0.3421 ,
 -0.0409 , -0.0409 , -0.1590 , -1.4831 , -0.0559 , -0.3234 ,
 -0.0808 , -0.0404 , -0.0007 ,  0.8369 , -0.1180 ,  0.3252 ,
 -0.0400 , -0.0400 ,  0.1568 , -1.5031 ,  1.1843 ,  0.0231 ,
 -0.0799 ,  0.0414 ,  0.1580 , -0.0671 , -0.7556 ,  0.6596 ,
 -0.0818 , -0.0413 , -0.4766 , -2.2479 ,  1.7465 , -0.3199 ,
  0.0001 , -0.0405 ,  0.1587 ,  0.0566 ,  1.2530 , -0.0018 ,
  0.0002 ,  0.0408 , -0.0001 ,  0.7133 ,  2.4812 ,  0.0000 ,
 -0.1208 ,  0.0818 , -0.1600 ,  1.4326 ,  1.0394 , -0.6487 ,
 -0.0805 ,  0.0816 , -0.1596 , -0.1173 ,  1.1023 , -0.3234 ,
 -0.0003 , -0.0003 , -0.1586 ,  0.7797 ,  0.6215 ,  0.0018 ,
 -0.0403 ,  0.0002 , -0.0004 , -1.5494 ,  1.1816 ,  0.3252 ,
 -0.0403 ,  0.0817 ,  0.1559 , -1.6863 ,  1.7728 ,  0.0237 ,
 -0.0808 , -0.0404 , -0.0007 ,  2.3866 ,  1.1265 ,  0.0000 ,
 -0.0010 , -0.0009 , -0.4759 , -0.7602 , -0.0022 ,  0.0053 ,
 -0.2025 ,  0.0000 , -0.4779 , -0.7585 ,  0.9277 ,  0.0054 ,
 -0.0001 ,  0.0405 , -0.1587 , -0.8315 , -1.2532 ,  0.0018 ,
 -0.0404 ,  0.0406 , -0.1591 ,  0.7186 ,  1.1730 , -0.6487 ,
  0.0406 , -0.0405 ,  0.1585 , -0.7148 ,  0.6971 , -0.0021 ,
  0.0001 ,  0.0812 , -0.1588 ,  1.4315 , -1.2610 , -0.3234 ,
 -0.0396 ,  0.0008 ,  0.3169 , -0.0094 ,  1.1831 , -0.0036 ,
 -0.1616 ,  0.1221 , -0.4777 , -0.9432 ,  0.3450 ,  0.0054 ,
 -0.0407 , -0.0813 , -0.0003 , -1.4264 ,  0.5749 ,  0.6505 ,
 -0.0809 ,  0.0813 , -0.3182 , -0.8874 , -0.1430 , -0.3217 ,
 -0.0402 ,  0.1626 , -0.3180 ,  2.0887 ,  1.1489 , -0.3217 ,
 -0.1216 , -0.0000 , -0.3185 ,  0.0108 , -0.1903 , -0.6469 ,
 -0.0414 , -0.0820 , -0.3175 ,  0.9078 , -0.6711 ,  0.0036 ,
 -0.0404 ,  0.0406 , -0.1591 , -0.8311 ,  0.5508 ,  0.0018 ,
  0.0398 ,  0.0400 , -0.3170 , -0.8269 , -0.5687 ,  0.0036 ,
  0.0010 ,  0.1226 ,  0.1584 , -0.9641 , -1.2673 , -0.3270 ,
  0.0006 ,  0.1223 , -0.0002 , -1.7341 ,  1.2210 , -0.3252 ,
  0.0007 ,  0.0006 ,  0.3173 , -0.0098 ,  1.2460 , -0.0036 ,
 -0.1609 ,  0.0414 ,  0.3141 , -1.6302 ,  0.3540 ,  0.3093 ,
 -0.0809 ,  0.0813 , -0.3182 , -0.1124 , -0.1430 , -0.3217 ,
 -0.0401 ,  0.0410 , -0.0005 , -0.8360 , -0.0707 ,  0.3252 ,
 -0.0001 ,  0.1217 , -0.3175 ,  1.3750 , -0.6472 ,  0.3288 ,
 -0.0813 , -0.0002 , -0.3181 ,  0.0105 ,  1.1171 ,  0.9793 ,
 -0.0801 , -0.0392 ,  0.3163 ,  0.0569 ,  1.7584 ,  0.3176 ,
 -0.0814 , -0.1219 ,  0.1566 , -1.3879 ,  0.5137 ,  0.0033 ,
  0.0009 ,  0.0414 ,  0.3172 , -1.6211 ,  0.6160 ,  0.3217 ,
 -0.0009 , -0.0414 , -0.3172 ,  0.8461 ,  1.2508 ,  0.3288 ,
  0.0403 , -0.0002 ,  0.0004 , -2.3252 ,  2.5519 , -0.0000 ,
  0.0810 ,  0.0811 ,  0.0007 , -0.8985 ,  1.9770 , -0.3253 ,
 -0.1211 , -0.0402 , -0.0011 , -2.2623 ,  0.4413 ,  0.0000 ,
 -0.0411 , -0.0817 , -0.1589 ,  0.9030 ,  1.8187 , -0.6487 ,
  0.0406 ,  0.0001 ,  0.1590 ,  0.7696 , -0.5587 , -0.0018 ,
  0.0395 ,  0.0396 , -0.4756 , -0.0471 ,  1.9197 ,  0.3306 ,
 -0.0009 , -0.0414 , -0.3172 ,  0.0712 ,  1.8732 ,  0.3288 ,
 -0.0818 ,  0.0399 , -0.6354 ,  0.7336 , -0.7590 ,  0.0071 ,
 -0.0412 , -0.0412 , -0.3176 ,  0.0716 ,  0.5656 ,  0.3288 ,
 -0.0406 , -0.0001 , -0.1590 ,  0.7801 , -1.3083 ,  0.3270 ,
 -0.1216 , -0.0405 ,  0.1559 , -1.5072 , -0.1855 ,  0.3438 ,
 -0.1209 ,  0.0410 ,  0.1574 , -0.8361 , -0.8196 , -0.6588 ,
 -0.1610 ,  0.0415 , -0.0017 ,  1.4896 ,  0.9851 , -0.9757 ,
 -0.0808 , -0.0404 , -0.0007 , -0.7128 ,  0.5042 ,  0.6505 ,
 -0.1219 , -0.0003 , -0.4771 ,  0.7906 ,  1.6758 ,  0.0054 ,
  0.0813 ,  0.0002 ,  0.3181 , -0.7854 , -0.4950 , -0.6541 ,
 -0.0416 , -0.0415 , -0.4762 ,  1.6262 ,  1.8094 , -0.3199 ,
 -0.0007 , -0.0006 , -0.3173 ,  0.0098 , -0.0015 ,  0.6541 ,
 -0.1620 , -0.0406 ,  0.1566 ,  2.4154 , -1.4775 ,  0.0206 ,
 -0.0396 ,  0.0008 ,  0.3169 , -0.0094 ,  0.5608 , -0.3288 ,
 -0.0409 ,  0.0808 , -0.4765 , -0.8828 ,  3.0304 ,  0.0053 ,
 -0.0406 , -0.0001 , -0.1590 , -0.7697 ,  0.5586 ,  0.0018 ,
 -0.2027 , -0.0402 ,  0.1548 , -2.2867 , -0.3163 , -0.3293 ,
 -0.0400 ,  0.0408 ,  0.3147 , -2.4238 ,  0.5411 , -0.0002 ,
  0.0808 ,  0.0404 ,  0.0007 , -0.8370 ,  1.9849 , -0.0000 ,
 -0.0001 ,  0.0405 , -0.1587 ,  3.0428 , -0.6309 ,  0.3270 ,
 -0.0005 ,  0.0401 , -0.3174 , -2.3765 , -0.6316 ,  0.0036 ,
 -0.0410 , -0.0004 , -0.3177 , -1.5396 , -1.3091 ,  0.6541 ,
 -0.2023 ,  0.0817 ,  0.1543 , -0.8997 ,  1.5233 ,  1.6276 ,
 -0.0399 ,  0.0005 ,  0.1582 ,  0.7703 , -1.9292 , -0.0018 ,
 -0.1209 ,  0.0006 , -0.0012 ,  0.0010 ,  0.4335 , -0.3252 ,
 -0.0808 , -0.0404 , -0.0007 ,  0.8369 ,  1.7488 ,  0.0000 ,
 -0.0814 , -0.0815 , -0.1593 ,  0.1285 , -0.1110 ,  0.0018 ,
 -0.0812 , -0.0407 , -0.1594 , -0.7078 , -0.1188 ,  0.0018 ,
 -0.0814 , -0.0815 , -0.1593 ,  0.1285 ,  1.1336 , -0.3234 ,
  0.0406 ,  0.0001 ,  0.1590 , -0.0052 ,  0.6859 , -0.0018 ,
 -0.0802 ,  0.0007 ,  0.1578 ,  1.5453 ,  1.1194 ,  0.3234 ,
  0.0402 ,  0.0403 , -0.1583 , -0.8318 ,  0.0544 ,  0.3270 ,
 -0.0400 ,  0.1222 , -0.1593 ,  0.5957 ,  1.7796 ,  0.3270 ,
 -0.0812 , -0.1219 , -0.0006 , -0.5898 ,  1.7644 , -0.3252 ,
 -0.0001 ,  0.0405 , -0.1587 , -1.6064 ,  0.6137 ,  0.6522 ,
 -0.0401 ,  0.0410 , -0.0005 ,  1.4885 ,  2.4182 , -0.6505 ,
 -0.0410 , -0.0004 , -0.3177 , -3.8644 ,  1.1801 , -0.9722 ,
 -0.1205 ,  0.0821 , -0.0014 , -0.8967 ,  0.4179 ,  0.3253 ,
 -0.1613 ,  0.0412 , -0.1603 , -1.6050 ,  0.3621 ,  0.0018 ,
  0.0406 ,  0.0001 ,  0.1590 , -0.7802 ,  0.0637 , -0.0018 ,
  0.0813 ,  0.0002 ,  0.3181 , -0.7854 ,  1.3718 , -0.6541 ,
 -0.0416 , -0.1227 , -0.3174 ,  0.1945 , -0.6633 ,  0.6541 ,
 -0.0400 ,  0.2034 , -0.3181 , -1.0720 ,  0.5188 , -0.3217 ,
 -0.0808 , -0.0404 , -0.0007 , -2.2627 ,  1.7488 , -0.9757 ,
 -0.0002 , -0.0408 ,  0.0001 ,  0.0615 , -2.4814 ,  0.3252 ,
 -0.1212 ,  0.0003 , -0.1599 ,  0.7807 , -0.8118 ,  0.3270 ,
  0.0411 ,  0.0414 ,  0.3173 , -0.0701 ,  0.6769 , -0.3158 ,
 -0.0001 ,  0.0405 , -0.1587 , -2.3814 ,  2.4805 ,  0.3270 ,
 -0.0416 , -0.1227 , -0.3174 , -0.5804 , -0.6633 ,  0.3288 ,
 -0.0401 , -0.0397 ,  0.1582 ,  0.0587 ,  1.1957 ,  0.3189 ,
 -0.0403 ,  0.0002 , -0.0004 ,  1.5500 ,  0.5593 ,  0.0000 ,
 -0.0804 ,  0.0411 ,  0.1568 , -0.8435 ,  0.4822 ,  0.3173 ,
 -0.0808 , -0.0404 , -0.0007 , -0.7128 , -0.1180 ,  0.0000 ,
 -0.0813 , -0.0002 , -0.3181 ,  0.7853 ,  1.1171 , -0.3217 ,
 -0.0406 , -0.0001 , -0.1590 ,  0.0052 ,  1.8031 ,  0.0018 ,
 -0.0410 , -0.0004 , -0.3177 , -1.5396 ,  0.5578 ,  0.3288 ,
 -0.0399 ,  0.0005 ,  0.1582 ,  1.5451 ,  1.1824 , -0.0018 ,
 -0.0805 ,  0.0816 , -0.1596 , -1.6671 ,  0.4801 , -0.6487 ,
 -0.1210 ,  0.0410 , -0.1599 ,  0.7193 ,  0.4250 ,  0.3270 ,
  0.1205 , -0.0821 ,  0.0014 , -1.4278 ,  0.2044 , -0.0000 ,
 -0.1204 , -0.0797 ,  0.3160 ,  0.1181 ,  1.7044 ,  0.3173 ,
 -0.0396 ,  0.0008 ,  0.3169 , -0.7843 ,  0.5608 ,  0.3217 ,
  0.0001 ,  0.0812 , -0.1588 , -1.6678 , -0.6387 , -0.9740 ,
 -0.1206 ,  0.1226 , -0.1601 , -1.7282 , -0.8353 ,  0.9775 ,
 -0.1612 ,  0.0008 , -0.0016 , -0.7735 ,  0.3706 ,  0.6505 ,
 -0.0806 ,  0.0004 , -0.0008 ,  0.7755 ,  1.1186 , -0.6505 ,
 -0.1210 ,  0.0410 , -0.1599 , -0.8304 ,  1.0472 , -0.3234 ,
 -0.0808 , -0.0406 ,  0.3163 , -1.5017 , -0.7350 ,  0.0068 ,
 -0.0003 , -0.0003 , -0.1586 ,  0.7797 , -0.6231 ,  0.6522 ,
 -0.0403 ,  0.0822 ,  0.1579 ,  0.6421 ,  1.1599 , -0.3285 ,
 -0.0399 ,  0.0817 , -0.0006 , -2.4473 ,  0.5437 ,  0.9757 ,
 -0.0399 ,  0.0817 , -0.0006 , -0.1226 ,  1.1660 , -0.3252 ,
 -0.0399 ,  0.0005 ,  0.1582 , -0.7795 , -0.0622 , -0.3270 ,
 -0.0411 , -0.0817 , -0.1589 , -1.4216 ,  2.4411 ,  0.3270 ,
 -0.0812 , -0.0407 , -0.1594 ,  0.0670 ,  1.1257 ,  0.6522 ,
  0.0004 ,  0.0815 , -0.0002 , -0.8978 , -0.6380 , -0.6505 ,
 -0.1210 ,  0.0410 , -0.1599 , -1.6053 , -0.1973 ,  0.0018 ,
 -0.1214 , -0.0405 , -0.1598 ,  3.1666 ,  0.4406 ,  0.0018 ,
 -0.0809 ,  0.0001 , -0.1594 ,  1.5552 , -0.1266 ,  0.6523 ,
 -0.0811 ,  0.0405 , -0.3182 , -0.0510 , -0.1352 , -0.3217 ,
 -0.1207 ,  0.0413 , -0.0013 , -1.6102 ,  1.0479 ,  0.0000 ,
 -0.1214 , -0.0405 , -0.1598 ,  1.6169 ,  1.0628 ,  0.6523 ,
 -0.1621 , -0.0406 , -0.3188 ,  0.8474 , -1.4900 ,  0.0036 ,
  0.0405 ,  0.0406 ,  0.0003 ,  0.7130 ,  1.2996 , -0.3253 ,
 -0.0814 , -0.0815 , -0.1593 , -0.6464 ,  0.5113 ,  0.0018 ,
  0.1203 , -0.0417 , -0.1573 , -0.7096 ,  0.8181 ,  0.0018 ,
  0.0809 , -0.0001 ,  0.1594 ,  0.7692 ,  1.3711 ,  0.6487 ,
 -0.0814 , -0.0815 , -0.1593 , -0.6464 , -0.7333 ,  0.9775 ,
 -0.0405 , -0.0406 , -0.0003 , -0.7131 ,  2.4339 ,  0.3252 ,
  0.0405 , -0.0812 ,  0.1587 , -0.6520 ,  0.7064 , -0.6469 ,
 -0.0395 ,  0.0828 ,  0.3167 ,  0.6395 ,  1.1610 ,  0.6386 ,
 -0.0009 , -0.0414 , -0.3172 ,  0.8461 , -0.6160 ,  0.3288 ,
 -0.0399 ,  0.0005 ,  0.1582 ,  1.5451 , -0.0622 ,  0.9739 ,
 -0.0802 ,  0.0007 ,  0.1578 , -0.0042 ,  0.4972 , -0.0018 ,
 -0.0814 , -0.0815 , -0.1593 ,  0.9033 ,  0.5113 , -0.3234 ,
 -0.0796 ,  0.0420 ,  0.3166 ,  1.4965 ,  0.4765 ,  0.0044 ,
  0.0811 ,  0.1624 , -0.1581 , -0.2416 , -0.5285 ,  0.0018 ,
 -0.0396 ,  0.0821 ,  0.3149 , -1.6853 ,  1.1574 , -0.6501 ,
 -0.0392 ,  0.0422 ,  0.4750 , -0.0725 ,  1.1739 ,  0.6256 ,
  0.0816 ,  0.0005 ,  0.4767 , -0.0154 ,  2.6170 , -0.3306 ,
  0.1615 ,  0.1212 , -0.1573 , -0.1809 ,  1.4721 , -1.2992 ,
  0.0808 ,  0.1637 ,  0.3171 ,  0.5101 ,  1.9534 ,  0.6360 ,
  0.2022 , -0.0003 ,  0.3193 ,  0.7633 ,  3.4273 ,  0.3217 ,
  0.2821 ,  0.0404 ,  0.3196 ,  0.6941 ,  2.9209 , -0.3273 ,
  0.3234 ,  0.0007 ,  0.7968 ,  3.0622 ,  4.2160 , -0.3246 ,
  0.4431 ,  0.1211 ,  0.4789 ,  1.3336 ,  5.0139 , -0.6554 ,
  0.6052 ,  0.0784 ,  0.3228 ,  2.1915 ,  6.5087 , -0.9608 ,
  0.4048 ,  0.0429 ,  1.2724 ,  2.2074 ,  6.2202 , -0.0018 ,
  0.3636 ,  0.0038 ,  1.2725 ,  3.7945 , 11.1450 ,  0.2852 ,
  0.4856 , -0.0756 ,  1.9102 ,  7.7649 , 12.5576 ,  0.2573 ,
  0.5267 , -0.1135 ,  2.5461 , 10.8976 , 16.9674 ,  1.5108 ,
  0.4868 , -0.1501 ,  3.1793 , 10.8954 , 22.5309 ,  2.4679 ,
  0.5687 , -0.1066 ,  3.9756 , 17.0165 , 26.9563 ,  3.6974 ,
  0.6909 , -0.2225 ,  5.2459 , 20.9633 , 37.7604 ,  6.8817 ,
  0.8155 , -0.3769 ,  7.3120 , 27.2999 , 48.5473 ,  9.1252 ,
  0.9806 , -0.4493 , 10.0132 , 38.1472 , 63.7163 , 13.2750 ,
  1.1876 , -0.6422 , 13.0332 , 48.3809 , 80.2229 , 18.4232 ,
  1.6751 , -0.7914 , 16.5331 , 65.4795 ,104.5797 , 26.9606 ,
  2.1639 , -0.8565 , 20.8264 , 85.5385 ,133.2625 , 36.7924 ,
  1.9730 , -0.9089 , 27.0148 ,103.1190 ,168.4148 , 48.9751 ,
  2.2262 , -1.1677 , 33.6880 ,126.4602 ,206.1169 , 64.3559 ,
  2.1605 , -1.4623 , 41.4702 ,154.4905 ,247.0344 , 87.4703 ,
  1.7756 , -1.5510 , 50.5153 ,183.7913 ,289.2396 ,111.6024 ,
  0.0616 , -0.7794 , 58.7489 ,215.7283 ,324.6599 ,139.2739 ,
 -1.9337 ,  0.3621 , 67.7694 ,246.9566 ,360.7543 ,167.9395 ,
 -2.8759 ,  1.5304 , 75.6974 ,283.6215 ,390.2972 ,195.0362 ,
 -3.4664 ,  2.4477 , 81.5565 ,306.1114 ,413.1846 ,213.3946 ,
 -4.3849 ,  3.5639 , 84.4017 ,316.6562 ,428.8463 ,212.7377 ,
 -4.8345 ,  3.5637 , 81.8586 ,309.6897 ,425.1643 ,199.7987 ,
 -1.4370 ,  0.8566 , 77.1411 ,294.4256 ,428.9155 ,192.0716 ,
  2.0144 , -1.5727 , 74.1694 ,280.5012 ,425.7866 ,180.3512 ,
  3.2193 , -2.3177 , 73.3790 ,267.6400 ,419.2004 ,171.6906 ,
  2.2902 , -1.5332 , 72.7433 ,271.0627 ,425.7347 ,169.3224 ,
  0.9712 ,  0.1035 , 75.5815 ,292.4549 ,425.9940 ,173.0649 ,
  0.8238 ,  1.2479 , 80.3376 ,309.2229 ,433.3235 ,187.7240 ,
  0.3886 ,  1.6674 , 83.4954 ,317.0192 ,443.6437 ,196.7649 ,
 -0.6111 ,  2.0004 , 85.0761 ,325.0748 ,443.7474 ,192.4000 ,
 -0.0495 ,  2.3632 , 84.9181 ,325.2822 ,445.7872 ,191.0776 ,
  2.9539 ,  1.0806 , 81.6232 ,313.1989 ,446.6342 ,185.0359 ,
  5.3206 , -0.8533 , 80.3797 ,306.8720 ,440.8259 ,169.9620 ,
  5.8802 , -1.1019 , 79.2697 ,294.8059 ,439.4084 ,166.0293 ,
  6.1620 , -0.5343 , 79.2733 ,298.6262 ,440.3073 ,164.0932 ,
  6.8099 , -0.2953 , 81.0225 ,309.8625 ,441.0852 ,162.2954 ,
  7.0571 ,  0.7641 , 82.9264 ,319.8024 ,447.9653 ,167.7925 ,
  6.4207 ,  1.3801 , 85.2974 ,322.7238 ,447.9480 ,171.1461 ,
  6.6626 ,  1.2146 , 85.3009 ,327.6850 ,447.7060 ,163.1424 ,
  8.7504 ,  1.1939 , 84.2085 ,322.2571 ,442.8658 ,159.9185 ,
 10.8747 ,  0.7251 , 82.1606 ,312.1098 ,436.4351 ,152.1741 ,
 11.4732 , -0.0948 , 80.5870 ,304.0888 ,432.0616 ,137.9817 ,
 12.2336 , -0.0680 , 78.8447 ,297.1223 ,421.4304 ,134.1528 ,
 13.5996 ,  0.4475 , 78.5391 ,295.5665 ,419.0967 ,131.9271 ,
 14.0036 ,  0.6441 , 78.3881 ,299.1967 ,415.2417 ,126.2009 ,
 13.3239 ,  1.3784 , 79.1679 ,301.9971 ,412.1129 ,126.6288 ,
 13.1237 ,  1.9868 , 78.6902 ,301.8934 ,408.5345 ,128.8803 ,
 14.0879 ,  1.7727 , 78.0684 ,299.9055 ,404.4895 ,121.8533 ,
 15.0894 ,  1.4743 , 76.4877 ,294.2182 ,396.1919 ,117.0477 ,
 14.9867 ,  1.3585 , 74.9035 ,289.2569 ,392.4061 ,115.0554 ,
 14.8233 ,  1.0282 , 73.6320 ,283.6388 ,383.5727 ,110.2670 ,
 15.5856 ,  0.9817 , 73.1613 ,278.2280 ,382.3107 ,105.1026 ,
 15.6664 ,  1.0575 , 72.5290 ,277.4069 ,377.4359 ,109.6490 ,
 14.8216 ,  1.0620 , 72.5255 ,278.2280 ,374.8602 ,111.6067 ,
 13.6945 ,  1.1514 , 72.1953 ,278.8763 ,374.9639 ,112.5445 ,
 13.2154 ,  1.5611 , 73.2983 ,280.5790 ,373.4254 ,115.2196 ,
 13.2554 ,  1.4797 , 73.1402 ,281.4952 ,373.5119 ,119.0399 ,
 12.6113 ,  1.1171 , 73.1367 ,281.2791 ,373.2526 ,118.4133 ,
 12.1673 ,  0.9159 , 72.6590 ,279.2825 ,372.0079 ,120.3278 ,
 12.0857 ,  0.9586 , 72.3393 ,277.6662 ,373.1488 ,122.8560 ,
 12.0475 ,  0.7967 , 72.9786 ,281.7804 ,374.3243 ,123.2017 ,
 11.4850 ,  0.8416 , 73.4458 ,282.4806 ,374.6701 ,126.1145 ,
 10.4808 ,  1.1768 , 74.2291 ,285.8514 ,377.3495 ,131.5987 ,
  9.9597 ,  1.2621 , 74.7033 ,290.3805 ,378.9571 ,131.6246 ,
  9.9882 ,  1.3823 , 75.9679 ,293.8206 ,383.9011 ,133.8978 ,
  9.5873 ,  1.5088 , 76.5966 ,294.3910 ,386.3731 ,138.0682 ,
  9.1456 ,  1.3910 , 76.7582 ,299.2313 ,387.5140 ,136.1537 ,
  9.1891 ,  1.3538 , 78.0263 ,302.3774 ,391.9221 ,136.8019 ,
  9.4319 ,  1.7587 , 78.6621 ,305.5928 ,392.7691 ,138.7726 ,
  9.2321 ,  1.9266 , 79.1327 ,307.6499 ,396.7969 ,138.7467 ,
  8.8742 ,  1.9729 , 80.7205 ,312.9914 ,400.4963 ,138.8029 ,
  8.9568 ,  2.3812 , 81.6724 ,320.1135 ,404.1956 ,141.0674 ,
  9.1618 ,  2.8705 , 83.0985 ,324.8328 ,406.1663 ,141.7416 ,
  9.3643 ,  3.1569 , 84.0504 ,328.2209 ,411.3868 ,139.5073 ,
  9.5706 ,  3.3610 , 85.6382 ,334.9627 ,412.1474 ,139.5592 ,
  9.9333 ,  3.6066 , 86.5866 ,337.6248 ,417.6273 ,138.9066 ,
 10.6196 ,  3.8455 , 87.5525 ,349.7255 ,420.9982 ,136.3957 ,
 11.1447 ,  4.2918 , 88.8206 ,352.8544 ,424.7667 ,133.8416 ,
 11.3902 ,  4.6180 , 90.2467 ,359.3887 ,426.8583 ,134.2262 ,
 11.7542 ,  4.7001 , 91.3602 ,363.8832 ,431.0763 ,131.9919 ,
 12.3605 ,  5.0630 , 92.4773 ,370.3311 ,434.3435 ,131.0455 ,
 12.8058 ,  5.5923 , 94.0615 ,378.0755 ,437.3168 ,129.8181 ,
 13.1693 ,  5.8760 , 95.0169 ,379.9425 ,438.9936 ,127.9253 ,
 13.5346 ,  6.0373 , 96.1304 ,385.1976 ,439.4430 ,126.0583 ,
 14.0607 ,  6.4830 , 97.2439 ,389.9169 ,443.2288 ,125.4360 ,
 14.7443 ,  6.7230 , 98.0378 ,395.7770 ,445.3896 ,123.8499 ,
 15.3511 ,  6.8852 , 99.3129 ,397.8168 ,447.5159 ,121.3131 ,
 15.7963 ,  7.1658 ,100.2648 ,405.2501 ,448.0517 ,120.7600 ,
 16.2477 ,  7.1638 ,100.7495 ,406.2700 ,447.5331 ,119.8222 ,
 16.6534 ,  7.4060 ,101.8630 ,413.7205 ,449.8495 ,119.2344 ,
 16.7360 ,  7.7722 ,102.4988 ,416.2444 ,451.1288 ,118.9319 ,
 17.1030 ,  7.9337 ,104.2481 ,423.0726 ,451.5609 ,119.6493 ,
 17.5474 ,  7.7713 ,105.3651 ,424.8012 ,455.3640 ,119.3209 ,
 17.7520 ,  7.9746 ,106.6297 ,429.9872 ,455.5887 ,120.3494 ,
 17.7538 ,  8.0576 ,107.5816 ,432.9260 ,457.4038 ,121.0279 ,
 18.0365 ,  8.0549 ,108.0664 ,441.5347 ,458.9942 ,119.7833 ,
 18.1630 ,  7.9346 ,109.8121 ,444.8710 ,459.1843 ,120.8118 ,
 18.3667 ,  7.8955 ,111.2418 ,452.0104 ,460.6364 ,122.1688 ,
 18.3693 ,  7.6936 ,112.0356 ,453.8600 ,461.9329 ,122.1731 ,
 18.3711 ,  7.7379 ,113.1492 ,457.6631 ,464.3703 ,124.1222 ,
 18.4923 ,  7.7357 ,113.3107 ,460.8265 ,464.5086 ,125.1292 ,
 18.5371 ,  7.6584 ,115.0565 ,465.5631 ,469.4871 ,125.7904 ,
 18.5371 ,  7.4156 ,115.8469 ,468.2598 ,470.1440 ,127.7351 ,
 18.6205 ,  7.3757 ,116.6477 ,473.8261 ,470.8528 ,128.4439 ,
 18.5432 ,  7.3787 ,117.9123 ,478.4762 ,473.1692 ,128.8112 ,
 18.4642 ,  7.2189 ,119.0223 ,481.0346 ,474.8978 ,130.0991 ,
 18.5889 ,  7.1792 ,120.1323 ,483.4720 ,475.1053 ,130.4578 ,
 18.6688 ,  7.0156 ,120.4554 ,490.7324 ,478.2687 ,131.7715 ,
 18.7522 ,  6.8558 ,121.5654 ,492.5129 ,479.6517 ,131.7715 ,
 18.8743 ,  6.8176 ,122.6825 ,496.3851 ,483.5757 ,133.7033 ,
 18.7593 ,  6.7408 ,124.2631 ,502.7120 ,485.7884 ,133.3878 ,
 18.7197 ,  6.7849 ,125.8509 ,508.9006 ,486.8948 ,135.3283 ,
 18.7628 ,  6.7454 ,126.8063 ,513.6199 ,489.4186 ,135.9765 ,
 18.7636 ,  6.6666 ,127.6002 ,517.5612 ,492.4783 ,137.9126 ,
 18.8471 ,  6.4229 ,128.3940 ,521.8310 ,492.5993 ,137.9342 ,
 18.8910 ,  6.5089 ,129.9817 ,524.7524 ,495.1059 ,138.5306 ,
 19.0552 ,  6.3467 ,131.0917 ,528.8667 ,495.9875 ,138.5220 ,
 19.0561 ,  6.1886 ,132.5249 ,532.2203 ,497.8545 ,139.4814 ,
 19.0973 ,  6.2698 ,133.1571 ,539.0830 ,500.9142 ,140.1642 ,
 19.0605 ,  6.2323 ,134.5833 ,541.5032 ,499.5831 ,140.7951 ,
 19.1430 ,  6.2725 ,135.2226 ,546.8966 ,501.5192 ,142.1046 ,
 19.2668 ,  6.2319 ,136.1710 ,552.4283 ,502.2798 ,142.7615 ,
 19.2677 ,  6.1509 ,136.8103 ,555.6782 ,502.2798 ,143.4097 ,
 19.3485 ,  6.1524 ,137.4426 ,558.7725 ,504.8383 ,143.0899 ,
 19.4706 ,  6.0301 ,138.2435 ,562.0915 ,505.0457 ,142.7701 ,
 19.6330 ,  6.0303 ,138.7212 ,565.9983 ,505.2186 ,143.4357 ,
 19.6348 ,  6.0312 ,139.6696 ,566.7589 ,505.8582 ,143.1159 ,
 19.6357 ,  5.9937 ,140.1473 ,567.5195 ,507.0855 ,143.4097 ,
 19.6787 ,  6.1566 ,141.4119 ,574.3304 ,506.4113 ,144.7149 ,
 19.7595 ,  5.8714 ,142.0582 ,579.4473 ,508.3993 ,144.1185 ,
 19.9228 ,  5.8690 ,142.2127 ,580.3116 ,506.1520 ,144.7408 ,
 19.8833 ,  5.9127 ,143.1682 ,580.8994 ,507.3102 ,144.7408 ,
 20.0036 ,  5.7908 ,143.4843 ,585.8088 ,508.1227 ,144.4556 ,
 19.9658 ,  5.7921 ,144.4397 ,588.8858 ,508.6586 ,145.4064 ,
 20.0089 ,  5.6723 ,145.2336 ,590.6490 ,509.3328 ,145.0865 ,
 20.0510 ,  5.7526 ,145.7113 ,592.1011 ,508.1400 ,146.0200 ,
 20.2117 ,  5.3853 ,146.1890 ,597.3216 ,509.6439 ,146.3658 ,
 20.1801 ,  5.4297 ,147.3061 ,597.5291 ,509.6439 ,146.6510 ,
 20.2205 ,  5.3087 ,147.7838 ,600.8481 ,509.0562 ,146.0373 ,
 20.1810 ,  5.2264 ,147.9383 ,603.3374 ,509.6094 ,146.7115 ,
 20.0607 ,  5.1879 ,148.4161 ,605.7575 ,510.0242 ,147.0313 ,
 20.0624 ,  5.2292 ,149.2029 ,609.5951 ,508.7450 ,148.0080 ,
 20.1432 ,  5.1487 ,149.6806 ,610.4595 ,508.8488 ,149.2786 ,
 20.0238 ,  5.1912 ,149.9897 ,608.8345 ,509.3155 ,149.5811 ,
 20.0501 ,  4.9425 ,150.6431 ,613.8822 ,510.1625 ,149.2613 ,
 19.9711 ,  4.8646 ,151.5915 ,615.5417 ,508.8142 ,149.5724 ,
 19.9316 ,  4.9447 ,151.7531 ,617.7890 ,508.0881 ,149.9095 ,
 19.8139 ,  4.8255 ,152.3853 ,618.7570 ,507.9153 ,150.8430 ,
 19.7735 ,  4.8646 ,152.3853 ,621.0735 ,507.8116 ,151.8370 ,
 19.7735 ,  4.7838 ,152.5399 ,621.9724 ,508.4512 ,152.4766 ,
 19.5742 ,  4.8659 ,153.0176 ,626.5706 ,508.0709 ,152.8223 ,
 19.4539 ,  4.9085 ,153.3338 ,627.2621 ,506.6706 ,154.0929 ,
 19.3327 ,  4.7877 ,153.9660 ,629.7859 ,507.0855 ,154.1188 ,
 19.4548 ,  4.9111 ,154.2822 ,631.0997 ,509.1426 ,154.7498 ,
 19.1746 ,  4.9535 ,154.7599 ,632.6901 ,506.7917 ,156.6599 ,
 19.1369 ,  4.9122 ,155.0760 ,635.0410 ,506.7052 ,156.9797 ,
 18.9384 ,  5.0384 ,156.0244 ,637.2191 ,506.9991 ,157.9478 ,
 18.9797 ,  4.9983 ,156.3476 ,639.6047 ,508.2956 ,157.6280 ,
 18.8602 ,  5.1989 ,156.5022 ,645.6204 ,506.7571 ,158.9591 ,
 18.7812 ,  5.2426 ,157.4506 ,647.0725 ,507.8461 ,158.9331 ,
 18.7013 ,  5.1627 ,157.6121 ,649.5964 ,506.4805 ,159.5987 ,
 18.5020 ,  5.2448 ,158.0899 ,654.1600 ,508.6067 ,160.2728 ,
 18.5028 ,  5.3269 ,158.4060 ,653.1920 ,507.9844 ,159.5987 ,
 18.3439 ,  5.4512 ,158.8767 ,656.8913 ,508.2956 ,161.2322 ,
 18.3448 ,  5.4907 ,159.1928 ,660.0029 ,508.2610 ,161.5780 ,
 18.0242 ,  5.4946 ,159.6635 ,661.5933 ,509.0043 ,162.5374 ,
 18.1068 ,  5.6582 ,160.3028 ,662.8725 ,508.4857 ,161.5520 ,
 18.0269 ,  5.6979 ,160.4644 ,665.9495 ,508.3302 ,163.1770 ,
 17.8266 ,  5.6187 ,160.6190 ,670.0291 ,508.6240 ,162.5720 ,
 17.7871 ,  5.7822 ,160.9351 ,668.9574 ,509.1426 ,163.8512 ,
 17.6282 ,  5.9054 ,161.5744 ,672.7604 ,506.9991 ,164.4735 ,
 17.5079 ,  5.9873 ,161.5744 ,674.9385 ,510.4910 ,165.1563 ,
 17.5491 ,  6.0270 ,162.0451 ,676.4598 ,508.6759 ,165.7786 ,
 17.3893 ,  6.1912 ,162.2067 ,680.1245 ,508.3647 ,165.4934 ,
 17.2708 ,  6.2727 ,162.6703 ,682.3718 ,505.6680 ,166.1244 ,
 17.1909 ,  6.3552 ,162.9935 ,681.4383 ,506.7917 ,166.7640 ,
 17.0319 ,  6.6426 ,163.6258 ,683.2707 ,508.9352 ,166.1157 ,
 16.9538 ,  6.6857 ,164.2581 ,686.3823 ,508.8142 ,167.4036 ,
 16.8730 ,  6.6859 ,164.1035 ,687.1775 ,508.0190 ,167.4036 ,
 16.7544 ,  6.8466 ,164.5812 ,692.4672 ,505.2531 ,168.0864 ,
 16.6341 ,  7.0521 ,164.4196 ,692.8820 ,508.1746 ,169.0631 ,
 16.5156 ,  7.2150 ,165.0449 ,694.1958 ,506.7052 ,168.7087 ,
 16.3153 ,  7.2580 ,165.3681 ,695.7171 ,505.1148 ,168.0950 ,
 16.2354 ,  7.4600 ,165.3610 ,699.4164 ,501.1908 ,169.0631 ,
 16.2767 ,  7.4200 ,165.8387 ,699.4164 ,502.5219 ,168.7519 ,
 16.1573 ,  7.7462 ,166.0003 ,700.4882 ,504.7864 ,169.0804 ,
 15.9992 ,  7.9908 ,166.6326 ,703.2886 ,500.7068 ,170.3423 ,
 15.9597 ,  8.0734 ,166.9487 ,705.5013 ,500.6030 ,169.7286 ,
 15.9219 ,  8.3574 ,167.5810 ,711.3441 ,500.4475 ,169.4434 ,
 15.8824 ,  8.4391 ,167.5810 ,710.4798 ,498.4941 ,170.0657 ,
 15.8438 ,  8.6025 ,167.8972 ,712.5542 ,501.5192 ,170.4028 ,
 15.6831 ,  8.6433 ,168.0587 ,714.8360 ,499.3757 ,170.4201 ,
 15.7270 ,  8.8497 ,169.4849 ,718.4317 ,498.7879 ,170.0398 ,
 15.5663 ,  8.8892 ,169.4849 ,720.7135 ,498.5114 ,170.6880 ,
 15.6479 ,  9.1329 ,169.6394 ,722.7187 ,497.2840 ,170.3769 ,
 15.4890 ,  9.1359 ,170.4333 ,721.1284 ,496.4715 ,170.9387 ,
 15.3696 ,  9.2580 ,170.9040 ,726.3835 ,496.2122 ,170.9300 ,
 15.4907 ,  9.4187 ,170.5949 ,727.7664 ,494.4836 ,171.2585 ,
 15.2097 ,  9.4200 ,171.0656 ,732.5030 ,493.3772 ,170.9387 ,
 15.2528 ,  9.6246 ,171.8594 ,732.1227 ,492.8068 ,170.5670 ,
 15.1325 ,  9.7458 ,171.8594 ,735.1651 ,490.7151 ,170.5411 ,
 15.0517 ,  9.9056 ,171.5433 ,738.8299 ,489.3149 ,171.2412 ,
 14.8927 ,  9.8679 ,172.1756 ,741.2846 ,489.6260 ,171.8376 ,
 14.8523 ,  9.9899 ,172.8078 ,742.6675 ,486.4280 ,172.0882 ,
 14.8523 , 10.1107 ,172.6462 ,744.9148 ,485.1488 ,172.1055 ,
 14.8567 , 10.2350 ,173.4401 ,746.2285 ,485.1315 ,172.0882 ,
 14.7338 , 10.3140 ,173.1240 ,749.2710 ,485.4945 ,171.8030 ,
 14.5757 , 10.3575 ,173.5947 ,749.9970 ,482.7805 ,171.7425 ,
 14.5775 , 10.3566 ,174.0724 ,751.5528 ,480.9136 ,173.2810 ,
 14.6196 , 10.6011 ,174.7117 ,753.5235 ,482.1755 ,173.2983 ,
 14.4984 , 10.5590 ,174.5501 ,756.0128 ,478.8392 ,173.6267 ,
 14.5002 , 10.6016 ,175.3369 ,758.2254 ,478.2169 ,172.9439 ,
 14.2995 , 10.6415 ,175.3299 ,760.5764 ,476.6265 ,173.2378 ,
 14.4211 , 10.8422 ,175.4915 ,762.6162 ,477.4044 ,173.5749 ,
 14.3008 , 10.8435 ,175.6460 ,761.8211 ,475.3646 ,174.7936 ,
 14.2613 , 10.7632 ,175.9692 ,765.9353 ,474.6558 ,175.1307 ,
 14.2613 , 10.7619 ,176.1238 ,766.6959 ,473.4112 ,175.7184 ,
 14.1414 , 10.8448 ,176.4399 ,768.1480 ,472.5814 ,175.3986 ,
 14.1823 , 10.8830 ,176.4399 ,771.2596 ,470.1095 ,176.3667 ,
 14.1832 , 10.9647 ,176.7560 ,771.0521 ,470.6972 ,176.0209 ,
 14.0225 , 10.9660 ,176.7560 ,773.4722 ,468.6055 ,176.3148 ,
 13.9017 , 11.0459 ,176.5945 ,774.9589 ,467.7585 ,177.6113 ,
 13.7832 , 10.9274 ,177.5499 ,776.7221 ,466.3583 ,177.8793 ,
 13.8227 , 10.9669 ,177.3883 ,775.8578 ,465.7705 ,178.8300 ,
 13.8222 , 10.9234 ,177.0722 ,778.3125 ,463.2985 ,178.1818 ,
 13.6229 , 11.0077 ,177.7044 ,779.0385 ,461.7254 ,179.0720 ,
 13.5829 , 10.9660 ,177.8660 ,781.4241 ,461.0340 ,179.0720 ,
 13.5030 , 10.8857 ,178.1822 ,783.1527 ,457.8187 ,179.9969 ,
 13.5834 , 10.9234 ,178.0276 ,784.6740 ,457.3001 ,180.6278 ,
 13.5439 , 10.9673 ,178.3367 ,783.8096 ,457.8532 ,181.8984 ,
 13.3414 , 10.9265 ,178.4843 ,786.2643 ,454.4478 ,181.2329 ,
 13.3015 , 10.9269 ,178.4843 ,786.2643 ,453.7563 ,182.4775 ,
 13.2211 , 10.7232 ,178.9620 ,788.1313 ,451.1806 ,183.0739 ,
 13.2624 , 10.7193 ,178.3297 ,788.2350 ,447.5331 ,183.3591 ,
 13.1408 , 10.7219 ,178.8074 ,787.4744 ,446.0811 ,183.9555 ,
 13.1412 , 10.8031 ,178.9620 ,789.6871 ,444.8191 ,184.5778 ,
 13.1000 , 10.6793 ,178.8074 ,792.2801 ,444.7673 ,184.2839 ,
 12.9796 , 10.5985 ,178.8074 ,791.6232 ,443.9721 ,185.5459 ,
 12.9792 , 10.4769 ,178.8074 ,792.6258 ,442.1397 ,186.1595 ,
 12.9458 , 10.5581 ,178.9620 ,794.6311 ,439.6677 ,186.7905 ,
 12.9063 , 10.5998 ,179.1165 ,792.2109 ,438.3885 ,187.3350 ,
 12.9840 , 10.3078 ,178.4843 ,793.4210 ,434.0496 ,188.9168 ,
 12.8646 , 10.3149 ,178.9620 ,792.6950 ,434.0323 ,188.5624 ,
 12.8672 , 10.2732 ,179.2851 ,793.5593 ,430.9380 ,189.4613 ,
 12.7878 , 10.2745 ,179.5942 ,796.7054 ,430.7997 ,189.1674 ,
 12.7057 , 10.1498 ,179.1095 ,794.6311 ,427.5844 ,189.7379 ,
 12.7873 , 10.1906 ,179.4327 ,797.6735 ,426.4435 ,190.3688 ,
 12.6262 , 10.2653 ,179.1095 ,797.5698 ,421.7069 ,190.9566 ,
 12.5858 , 10.1041 ,179.5872 ,798.5724 ,419.2004 ,191.5443 ,
 12.6657 ,  9.9386 ,179.4256 ,798.0884 ,416.2444 ,191.5184 ,
 12.6266 ,  9.8644 ,180.0649 ,797.5352 ,413.2538 ,192.6766 ,
 12.5832 ,  9.7730 ,178.7934 ,800.8197 ,411.1794 ,193.3681 ,
 12.5445 ,  9.6940 ,179.5872 ,800.1628 ,409.2951 ,192.6939 ,
 12.4650 ,  9.7357 ,179.8963 ,800.8197 ,409.7446 ,194.5954 ,
 12.5046 ,  9.7735 ,179.5872 ,800.8197 ,406.1144 ,193.5755 ,
 12.3843 ,  9.5719 ,179.8893 ,801.1654 ,403.5041 ,194.1805 ,
 12.5041 ,  9.5276 ,179.5802 ,804.4153 ,401.1704 ,192.5902 ,
 12.2622 ,  9.5294 ,179.4116 ,800.5085 ,398.9578 ,194.4398 ,
 12.3434 ,  9.3651 ,180.0509 ,804.7264 ,397.2464 ,195.6758 ,
 12.1428 ,  9.4073 ,179.8893 ,805.4179 ,395.6733 ,195.3387 ,
 12.3434 ,  9.3651 ,180.0509 ,804.7264 ,393.5298 ,195.3301 ,
 12.1818 ,  9.2418 ,179.7348 ,807.3194 ,392.6654 ,196.5834 ,
 12.1428 ,  9.3643 ,179.8893 ,805.5562 ,389.5193 ,196.2031 ,
 12.2631 ,  9.3208 ,180.0509 ,808.0109 ,387.8425 ,196.8167 ,
 12.0216 ,  9.0797 ,180.2054 ,806.8700 ,385.0420 ,197.0760 ,
 12.1410 ,  9.0780 ,179.8893 ,807.6652 ,382.7429 ,197.4045 ,
 11.9807 ,  9.0367 ,179.8893 ,808.5295 ,380.6339 ,197.3613 ,
 11.8995 ,  9.0771 ,179.5732 ,806.9391 ,379.9079 ,198.9343 ,
 12.0615 ,  8.9555 ,180.3670 ,807.9417 ,376.4852 ,197.6033 ,
 11.9417 ,  8.9572 ,180.5216 ,808.6678 ,376.2777 ,199.1850 ,
 11.7814 ,  8.7526 ,180.2054 ,808.2875 ,372.3537 ,199.1331 ,
 11.7823 ,  8.8317 ,180.3600 ,810.5347 ,371.1263 ,199.4529 ,
 11.7423 ,  8.8325 ,180.5146 ,811.3645 ,369.1902 ,199.0726 ,
 11.7823 ,  8.7509 ,180.5146 ,811.5374 ,365.5600 ,200.3086 ,
 11.7419 ,  8.5871 ,180.6761 ,814.1649 ,364.2635 ,200.6112 ,
 11.5812 ,  8.6284 ,180.5146 ,813.3006 ,362.7769 ,200.6025 ,
 11.6606 ,  8.7061 ,180.1984 ,814.0266 ,360.4086 ,199.9456 ,
 11.5807 ,  8.5858 ,180.5146 ,814.2341 ,357.2279 ,200.5161 ,
 11.5412 ,  8.5458 ,180.6761 ,814.2686 ,357.7810 ,200.5247 ,
 11.4595 ,  8.5436 ,180.1984 ,815.8936 ,354.5657 ,200.8013 ,
 11.4200 ,  8.4229 ,180.6761 ,816.8962 ,352.6642 ,201.3372 ,
 11.4591 ,  8.5432 ,180.0298 ,815.1330 ,350.8318 ,200.6717 ,
 11.2993 ,  8.5023 ,180.5075 ,816.8616 ,348.1524 ,202.1151 ,
 11.3788 ,  8.5419 ,180.1984 ,814.4069 ,345.1964 ,201.6916 ,
 11.2993 ,  8.5023 ,180.5075 ,817.6568 ,343.2084 ,201.2853 ,
 11.1373 ,  8.4194 ,180.0298 ,817.7951 ,339.2844 ,202.1324 ,
 11.1373 ,  8.4593 ,179.8753 ,817.7605 ,338.0397 ,201.7521 ,
 11.0574 ,  8.4198 ,180.0228 ,817.8297 ,335.4640 ,201.9509 ,
 11.0565 ,  8.2578 ,180.0228 ,816.5159 ,333.0266 ,201.8471 ,
 11.1373 ,  8.3763 ,180.0228 ,817.9334 ,330.6756 ,201.7694 ,
 11.0973 ,  8.4176 ,180.0228 ,816.3085 ,329.3791 ,202.3225 ,
 11.0973 ,  8.4154 ,180.0228 ,817.8988 ,325.6625 ,201.8644 ,
 11.0560 ,  8.3763 ,179.5451 ,816.4122 ,326.2675 ,201.6051 ,
 11.0969 ,  8.2933 ,179.8682 ,818.1408 ,322.0150 ,201.4236 ,
 10.9761 ,  8.3755 ,179.8682 ,816.4468 ,319.3529 ,201.9163 ,
 10.9357 ,  8.3324 ,179.7067 ,818.1063 ,317.4514 ,200.9050 ,
 10.9761 ,  8.4137 ,179.6996 ,819.6275 ,315.0312 ,201.4582 ,
 10.8958 ,  8.4545 ,179.5380 ,818.7286 ,313.0779 ,200.7408 ,
 10.8567 ,  8.4110 ,179.0603 ,816.5159 ,309.9490 ,201.9076 ,
 10.8176 ,  8.4128 ,179.5380 ,818.8669 ,308.6352 ,200.9137 ,
 10.8567 ,  8.3302 ,179.2219 ,819.0398 ,305.6446 ,201.1038 ,
 10.8567 ,  8.2894 ,179.2219 ,817.5877 ,303.2072 ,201.3199 ,
 10.7759 ,  8.4497 ,178.8987 ,818.9015 ,301.7897 ,200.6630 ,
 10.7359 ,  8.3693 ,179.0603 ,819.8349 ,299.2831 ,200.8618 ,
 10.6955 ,  8.3293 ,179.0533 ,818.3137 ,297.3816 ,201.0779 ,
 10.6538 ,  8.3258 ,178.4140 ,818.3829 ,295.4628 ,200.7754 ,
 10.7346 ,  8.2442 ,178.5756 ,819.2818 ,293.7687 ,201.6224 ,
 10.6934 ,  8.2841 ,178.1049 ,817.7260 ,290.0175 ,200.8618 ,
 10.8145 ,  8.2411 ,178.4140 ,820.1461 ,289.5681 ,201.1470 ,
 10.5739 ,  8.3241 ,178.4140 ,819.2126 ,287.9604 ,200.4383 ,
 10.5726 ,  8.2020 ,178.2594 ,818.6594 ,283.0597 ,199.3060 ,
 10.4927 ,  8.3241 ,178.0979 ,820.0424 ,283.5350 ,200.6112 ,
 10.6126 ,  8.2393 ,177.7747 ,818.6249 ,280.0431 ,200.7840 ,
 10.3316 ,  8.2424 ,178.0838 ,818.6249 ,277.1563 ,200.6284 ,
 10.4519 ,  8.3219 ,177.7747 ,818.5212 ,276.0759 ,200.2913 ,
 10.4918 ,  8.1599 ,177.9293 ,818.0026 ,274.3386 ,200.5247 ,
 10.1309 ,  8.2415 ,177.9293 ,817.0691 ,271.3134 ,199.7727 ,
 10.2903 ,  8.1989 ,177.4515 ,818.0371 ,269.0748 ,200.0407 ,
 10.1291 ,  8.0782 ,177.4515 ,818.2100 ,267.0263 ,200.2481 ,
 10.1296 ,  8.1577 ,177.6131 ,819.6621 ,263.9234 ,201.0520 ,
 10.1700 ,  8.1572 ,177.5991 ,817.3111 ,261.5292 ,201.2594 ,
 10.1274 ,  7.9935 ,176.8052 ,816.8271 ,260.9069 ,201.5965 ,
  9.9320 ,  8.0773 ,176.9668 ,818.0717 ,256.9223 ,199.8592 ,
  9.8530 ,  8.2003 ,177.2900 ,820.2844 ,253.1020 ,200.6457 ,
  9.8938 ,  8.0751 ,176.8122 ,818.9015 ,250.1114 ,200.5334 ,
  9.9337 ,  7.9939 ,176.9668 ,817.4148 ,249.5668 ,200.4901 ,
  9.8134 ,  7.9948 ,176.9668 ,818.2446 ,248.1753 ,200.7494 ,
  9.6923 ,  7.8740 ,176.9598 ,819.2818 ,244.3031 ,200.5939 ,
  9.7305 ,  7.9509 ,176.0114 ,819.1780 ,241.8829 ,200.5506 ,
  9.6914 ,  7.9522 ,176.4820 ,816.8616 ,240.0073 ,200.7235 ,
  9.7326 ,  8.0334 ,176.6436 ,818.2446 ,240.0333 ,199.7987 ,
  9.4898 ,  7.8292 ,176.1659 ,818.6940 ,236.6192 ,200.9482 ,
  9.5307 ,  7.9917 ,176.3205 ,816.8616 ,234.2163 ,200.8013 ,
  9.4508 ,  7.9921 ,176.3205 ,817.6568 ,232.8593 ,200.7667 ,
  9.4508 ,  7.9517 ,176.4680 ,819.2818 ,230.3960 ,200.0320 ,
  9.4503 ,  8.0330 ,176.1589 ,815.2367 ,229.1773 ,201.2162 ,
  9.2896 ,  7.9504 ,176.1589 ,816.9999 ,227.0856 ,200.8445 ,
  9.2892 ,  7.7884 ,176.3134 ,816.4468 ,224.0518 ,200.3691 ,
  9.2892 ,  7.9504 ,175.9903 ,815.4441 ,222.7985 ,200.6457 ,
  9.2084 ,  8.0299 ,175.8357 ,818.5212 ,220.7760 ,200.9050 ,
  9.2088 ,  7.9895 ,175.9903 ,816.1702 ,218.9782 ,200.4988 ,
  9.0863 ,  7.9482 ,175.2034 ,817.8643 ,216.9297 ,202.0459 ,
  9.0876 ,  7.9487 ,175.5196 ,818.6940 ,215.0887 ,200.7062 ,
  8.9673 ,  8.0295 ,175.6671 ,819.3509 ,211.1992 ,199.9024 ,
  8.9265 ,  7.8666 ,175.5055 ,815.6516 ,210.5855 ,200.4815 ,
  8.8457 ,  7.8674 ,175.5055 ,818.0371 ,208.5976 ,200.7235 ,
  8.8861 ,  7.9487 ,175.5055 ,817.1382 ,206.8084 ,201.5706 ,
  8.8457 ,  7.9460 ,175.1894 ,817.1728 ,206.1256 ,200.9655 ,
  8.7640 ,  7.8648 ,174.8733 ,818.1408 ,202.9276 ,200.8532 ,
  8.6446 ,  7.8666 ,175.1894 ,820.4573 ,201.5101 ,201.4150 ,
  8.6029 ,  7.9465 ,174.4026 ,816.5159 ,200.2136 ,201.3890 ,
  8.6038 ,  7.9452 ,174.7117 ,818.0371 ,197.7589 ,201.8990 ,
  8.4852 ,  7.8248 ,175.0348 ,816.6888 ,195.1486 ,200.8099 ,
  8.4448 ,  7.8248 ,174.8662 ,815.1330 ,193.2471 ,201.9595 ,
  8.4036 ,  7.7814 ,174.3885 ,817.5877 ,192.5642 ,201.6829 ,
  8.4049 ,  7.9443 ,174.5571 ,818.1063 ,190.0750 ,202.4781 ,
  8.2415 ,  7.7414 ,173.9178 ,815.3404 ,189.2452 ,201.2508 ,
  8.2424 ,  7.7801 ,174.0654 ,818.3829 ,184.3272 ,202.5732 ,
  8.2424 ,  7.6584 ,174.2269 ,816.2047 ,184.3617 ,201.9509 ,
  8.0813 ,  7.7809 ,173.7492 ,816.9308 ,182.2441 ,201.2594 ,
  8.0813 ,  7.7809 ,173.9038 ,815.4096 ,179.8067 ,202.3744 ,
  8.0400 ,  7.6589 ,173.5876 ,817.1382 ,179.1325 ,202.6683 ,
  8.1208 ,  7.6589 ,173.9038 ,814.7181 ,177.4298 ,203.1869 ,
  7.8806 ,  7.8213 ,173.9038 ,816.1356 ,173.3415 ,203.0140 ,
  7.8385 ,  7.5768 ,173.4331 ,814.1649 ,170.8695 ,202.9276 ,
  7.7568 ,  7.4525 ,172.9554 ,815.2367 ,170.7572 ,202.6596 ,
  7.7568 ,  7.4933 ,172.9483 ,815.1676 ,168.9161 ,202.8843 ,
  7.7577 ,  7.5346 ,173.2574 ,814.3032 ,167.6888 ,203.2646 ,
  7.5557 ,  7.4543 ,172.9483 ,816.7925 ,164.3006 ,203.7487 ,
  7.5965 ,  7.4955 ,173.2574 ,815.1330 ,163.1511 ,204.3969 ,
  7.5153 ,  7.4117 ,172.7797 ,816.1356 ,161.1977 ,204.1808 ,
  7.5140 ,  7.1680 ,172.7797 ,816.4813 ,160.6272 ,204.5179 ,
  7.4745 ,  7.3309 ,172.7797 ,816.2393 ,160.5408 ,205.1489 ,
  7.4749 ,  7.3309 ,172.9483 ,816.2047 ,159.3221 ,204.8982 ,
  7.3537 ,  7.3318 ,172.6252 ,816.2393 ,156.0635 ,205.9873 ,
  7.2338 ,  7.4139 ,172.6252 ,815.2713 ,154.0324 ,205.7798 ,
  7.1533 ,  7.2931 ,172.9413 ,815.4441 ,153.3063 ,206.4367 ,
  7.0727 ,  7.2936 ,172.7797 ,814.6490 ,153.1853 ,206.4195 ,
  7.1513 ,  7.1274 ,172.3020 ,814.9255 ,152.7272 ,207.0504 ,
  7.0705 ,  7.1680 ,171.9788 ,812.5746 ,150.1429 ,207.1801 ,
  6.9899 ,  7.2088 ,171.8243 ,815.6861 ,148.1636 ,208.2259 ,
  6.9513 ,  7.2106 ,172.4566 ,816.4122 ,145.6570 ,208.0530 ,
  6.9517 ,  7.1300 ,172.7727 ,817.3111 ,145.0693 ,207.1801 ,
  6.8292 ,  7.0868 ,171.9788 ,815.8244 ,143.6431 ,209.0643 ,
  6.7482 ,  7.0486 ,171.8243 ,813.5426 ,142.9171 ,209.0989 ,
  6.7094 ,  6.9689 ,172.4566 ,814.4069 ,141.0544 ,209.2285 ,
  6.6674 ,  7.0064 ,171.6557 ,815.1330 ,139.7320 ,209.9113 ,
  6.5484 ,  7.0084 ,172.2880 ,815.9282 ,137.7268 ,209.9978 ,
  6.5487 ,  7.0492 ,172.2809 ,816.6888 ,135.8814 ,210.1015 ,
  6.5067 ,  6.9263 ,171.6557 ,814.5107 ,135.8339 ,210.7152 ,
  6.3467 ,  7.0071 ,171.8032 ,816.7925 ,134.3429 ,211.1041 ,
  6.2665 ,  6.9695 ,171.9648 ,813.6809 ,133.0162 ,211.7956 ,
  6.3056 ,  6.8852 ,171.6487 ,817.0345 ,131.8493 ,211.8647 ,
  6.1469 ,  6.9307 ,172.4355 ,813.6809 ,131.6160 ,212.8069 ,
  6.1047 ,  6.8461 ,171.6487 ,817.0691 ,128.4828 ,212.6686 ,
  6.0652 ,  6.7664 ,172.1193 ,816.3776 ,127.8302 ,212.0981 ,
  5.9449 ,  6.8079 ,172.1193 ,818.6594 ,127.0264 ,212.4698 ,
  5.9847 ,  6.7263 ,172.1193 ,816.4122 ,124.6624 ,213.1699 ,
  5.8637 ,  6.7673 ,171.8032 ,816.4122 ,125.6823 ,214.0688 ,
  5.7838 ,  6.7684 ,171.9648 ,817.1728 ,123.7246 ,213.8527 ,
  5.7836 ,  6.8490 ,171.6416 ,815.4441 ,123.7117 ,214.1639 ,
  5.6633 ,  6.6863 ,172.1123 ,815.6516 ,120.5007 ,215.2702 ,
  5.5825 ,  6.6865 ,171.9507 ,817.3111 ,121.5940 ,214.9072 ,
  5.3416 ,  6.6077 ,172.1123 ,816.5851 ,118.1799 ,215.3653 ,
  5.4619 ,  6.6470 ,171.9437 ,818.9360 ,117.7305 ,216.0395 ,
  5.2611 ,  6.6079 ,171.9437 ,819.0052 ,116.2049 ,216.1086 ,
  5.2209 ,  6.5274 ,172.1123 ,818.2791 ,116.1617 ,217.3705 ,
  5.1015 ,  6.6507 ,172.2669 ,820.4573 ,115.9456 ,218.0188 ,
  4.9004 ,  6.5713 ,172.4214 ,821.3562 ,115.0338 ,218.0793 ,
  4.8591 ,  6.4068 ,172.2599 ,820.1115 ,113.1625 ,217.8459 ,
  4.7794 ,  6.4885 ,172.2528 ,820.0078 ,111.1918 ,218.5719 ,
  4.7392 ,  6.4485 ,172.4214 ,820.8030 ,112.3543 ,218.1916 ,
  4.6584 ,  6.4894 ,172.0912 ,820.0078 ,109.7830 ,220.2055 ,
  4.5783 ,  6.5307 ,172.0912 ,819.9387 ,108.4260 ,219.3498 ,
  4.4975 ,  6.4095 ,172.0912 ,820.1115 ,108.3222 ,220.9316 ,
  4.4178 ,  6.4510 ,172.2528 ,820.8030 ,108.1883 ,221.2514 ,
  4.2973 ,  6.3307 ,172.5619 ,822.4971 ,105.5737 ,221.0785 ,
  4.3787 ,  6.3711 ,172.8851 ,823.2231 ,105.6947 ,221.0871 ,
  4.2176 ,  6.3702 ,172.7305 ,823.2577 ,102.9893 ,222.1676 ,
  4.1370 ,  6.3706 ,172.5619 ,823.2577 ,103.4777 ,222.7726 ,
  4.0167 ,  6.4121 ,172.5619 ,821.6327 ,102.6738 ,224.3889 ,
  3.8968 ,  6.3730 ,172.8851 ,824.7789 ,102.4923 ,223.1529 ,
  3.8156 ,  6.2922 ,172.7165 ,823.3268 , 99.9382 ,224.5185 ,
  3.8562 ,  6.2112 ,173.0397 ,823.4306 ,100.0160 ,224.8383 ,
  3.5750 ,  6.2540 ,172.8781 ,823.3960 , 99.5709 ,226.7572 ,
  3.5346 ,  6.2136 ,172.8711 ,825.8507 , 98.8967 ,226.4806 ,
  3.4558 ,  6.2558 ,173.5104 ,824.9172 , 98.1664 ,227.1634 ,
  3.3340 ,  6.1748 ,173.0256 ,825.0901 , 95.5388 ,227.6128 ,
  3.2942 ,  6.1757 ,173.1802 ,823.4997 , 94.8646 ,227.3363 ,
  3.2156 ,  6.2586 ,173.8195 ,824.9518 , 94.1170 ,228.9526 ,
  3.1334 ,  6.1364 ,173.1802 ,825.9890 , 94.0089 ,228.9439 ,
  2.9740 ,  6.0960 ,173.8124 ,825.9890 , 91.3165 ,229.4452 ,
  3.0951 ,  6.1765 ,173.9740 ,825.8507 , 87.8160 ,229.0044 ,
  2.9329 ,  6.0551 ,173.5033 ,826.0927 , 88.1963 ,230.5429 ,
  2.8129 ,  6.0564 ,173.6579 ,826.0581 , 88.0105 ,230.5689 ,
  2.6930 ,  6.1390 ,173.8124 ,827.4756 , 85.9750 ,231.9345 ,
  2.6122 ,  6.0176 ,173.8124 ,827.6831 , 85.2619 ,231.3554 ,
  2.6932 ,  6.0176 ,174.1356 ,827.6831 , 86.0009 ,231.9345 ,
  2.4560 ,  6.0204 ,173.9670 ,829.2734 , 83.2264 ,233.0668 ,
  2.3358 ,  6.0220 ,174.1286 ,827.7176 , 82.4269 ,232.1419 ,
  2.4157 ,  6.0591 ,173.8054 ,830.0340 , 81.3206 ,233.1705 ,
  2.2564 ,  6.0615 ,174.4447 ,829.1351 , 79.8469 ,233.5681 ,
  2.0956 ,  5.9434 ,174.5993 ,828.5474 , 80.8452 ,235.0807 ,
  2.0954 ,  5.9818 ,174.4447 ,830.1032 , 80.8365 ,234.7868 ,
  1.9753 ,  6.0639 ,174.4377 ,831.5553 , 78.7967 ,234.5880 ,
  1.9748 ,  6.0231 ,174.2761 ,831.6244 , 78.8010 ,235.2190 ,
  1.7730 ,  5.9026 ,174.1145 ,830.2415 , 77.9021 ,235.5560 ,
  1.6936 ,  5.9443 ,174.4307 ,830.1723 , 76.5451 ,236.6105 ,
  1.6150 ,  6.0679 ,174.9084 ,833.1111 , 75.1795 ,237.0254 ,
  1.5343 ,  5.9871 ,174.9084 ,830.8984 , 76.9081 ,236.2648 ,
  1.4538 ,  6.0283 ,174.7538 ,830.8292 , 74.9418 ,238.2873 ,
  1.2923 ,  5.9072 ,174.5852 ,832.6270 , 72.2580 ,238.4515 ,
  1.3722 ,  5.9043 ,174.4307 ,832.6616 , 72.3834 ,238.7627 ,
  1.2925 ,  5.8266 ,174.9084 ,833.4914 , 73.4984 ,239.6357 ,
  1.1331 ,  6.0718 ,174.9084 ,833.1111 , 71.9858 ,240.0246 ,
  1.1309 ,  5.9098 ,175.2175 ,832.5579 , 72.6211 ,240.6210 ,
  1.0113 ,  5.8672 ,174.7398 ,834.2520 , 69.3777 ,240.5087 ,
  0.8895 ,  5.8283 ,175.2175 ,834.2865 , 68.5846 ,240.5778 ,
  0.8513 ,  5.8692 ,175.0629 ,835.0126 , 68.5155 ,240.8890 ,
  0.7293 ,  5.9109 ,175.2175 ,834.1483 , 67.7095 ,242.5053 ,
  0.6088 ,  5.9120 ,175.2175 ,833.3185 , 65.6870 ,242.6263 ,
  0.5694 ,  5.9129 ,175.5336 ,835.6349 , 65.0106 ,243.3264 ,
  0.4488 ,  5.9544 ,175.3791 ,836.4301 , 64.2025 ,243.6894 ,
  0.3295 ,  5.9142 ,175.0559 ,834.9434 , 64.0275 ,244.0178 ,
 -0.0323 ,  6.0398 ,175.5266 ,835.4966 , 64.0707 ,244.3117 ,
 -0.0332 ,  5.8773 ,175.5266 ,835.7386 , 62.2556 ,244.1302 ,
 -0.1135 ,  5.8758 ,175.5196 ,837.3636 , 60.9029 ,244.8303 ,
 -0.1126 ,  5.8343 ,175.0419 ,835.8769 , 59.6885 ,245.8329 ,
 -0.1939 ,  5.7976 ,175.6812 ,836.6375 , 60.1812 ,246.7751 ,
 -0.3143 ,  5.8797 ,175.5196 ,834.9780 , 59.3709 ,246.8269 ,
 -0.4347 ,  5.8784 ,175.5196 ,838.1242 , 58.5714 ,246.5849 ,
 -0.4734 ,  5.8395 ,176.3064 ,836.5684 , 57.2922 ,247.5875 ,
 -0.6355 ,  5.8802 ,175.5196 ,836.5338 , 58.2602 ,248.8062 ,
 -0.6339 ,  5.9219 ,176.1519 ,836.4301 , 57.0329 ,248.5642 ,
 -0.7149 ,  5.9219 ,175.8287 ,837.2598 , 55.6802 ,248.3136 ,
 -0.7958 ,  5.8009 ,175.8287 ,838.1933 , 54.3513 ,249.0482 ,
 -0.9954 ,  5.8437 ,176.3064 ,836.5684 , 52.8106 ,250.6818 ,
 -0.9147 ,  5.9243 ,176.3064 ,838.8502 , 55.3690 ,251.2004 ,
 -1.0756 ,  5.9256 ,176.1448 ,837.2253 , 53.2838 ,251.9610 ,
 -1.1157 ,  6.0068 ,175.9833 ,839.4725 , 51.9808 ,251.7363 ,
 -1.2772 ,  5.8455 ,175.9833 ,838.9539 , 51.7604 ,251.7363 ,
 -1.4371 ,  5.8474 ,176.2994 ,836.5684 , 52.1278 ,253.9231 ,
 -1.5168 ,  5.9700 ,176.2994 ,837.9167 , 48.9190 ,253.4995 ,
 -1.5566 ,  5.8896 ,176.6155 ,840.4060 , 48.8693 ,254.1651 ,
 -1.5177 ,  5.9267 ,175.9833 ,839.5762 , 48.3139 ,254.5195 ,
 -1.7178 ,  5.9311 ,176.2994 ,838.8502 , 48.6143 ,254.4849 ,
 -1.7976 ,  5.8894 ,176.6155 ,839.6108 , 44.8242 ,255.3492 ,
 -1.8778 ,  5.8499 ,176.7771 ,840.4752 , 45.9349 ,254.9516 ,
 -2.0390 ,  5.8103 ,176.6085 ,839.7491 , 43.2403 ,257.0433 ,
 -2.0391 ,  5.9318 ,176.2994 ,839.5762 , 44.4439 ,256.9828 ,
 -2.1594 ,  5.9326 ,176.2994 ,840.4060 , 44.8717 ,257.5792 ,
 -2.2397 ,  5.8119 ,176.6015 ,843.7250 , 42.3111 ,258.4003 ,
 -2.4405 ,  5.9348 ,176.2853 ,840.3714 , 41.9849 ,259.3424 ,
 -2.4804 ,  5.8143 ,176.7631 ,838.9194 , 40.7229 ,259.4202 ,
 -2.5603 ,  5.8152 ,176.9246 ,841.2703 , 41.8206 ,260.3105 ,
 -2.6401 ,  5.8567 ,177.0862 ,841.2012 , 40.4658 ,260.0944 ,
 -2.7614 ,  5.8975 ,176.5945 ,840.4060 , 38.4325 ,259.8869 ,
 -2.8025 ,  5.7757 ,176.4399 ,839.0231 , 37.1705 ,260.9328 ,
 -3.0031 ,  5.8156 ,176.4399 ,840.5097 , 37.4644 ,262.5145 ,
 -3.0830 ,  5.7357 ,176.7490 ,840.6134 , 34.9038 ,263.3270 ,
 -3.2040 ,  5.7770 ,176.4399 ,842.9644 , 35.9324 ,263.8715 ,
 -3.2831 ,  5.8189 ,176.9036 ,839.7145 , 33.9725 ,263.6814 ,
 -3.3642 ,  5.7783 ,176.5945 ,839.8183 , 35.0735 ,264.9001 ,
 -3.4438 ,  5.8606 ,176.7490 ,840.4752 , 33.7143 ,265.3063 ,
 -3.6452 ,  5.7405 ,176.7490 ,842.2038 , 31.5870 ,265.7817 ,
 -3.6444 ,  5.8626 ,176.9036 ,838.8848 , 32.7949 ,266.3262 ,
 -3.7249 ,  5.7820 ,176.9036 ,840.5443 , 29.6206 ,266.8535 ,
 -3.7653 ,  5.7416 ,176.9036 ,839.8183 , 30.1759 ,267.1387 ,
 -3.8457 ,  5.8233 ,176.7490 ,842.1001 , 29.4251 ,268.1499 ,
 -4.0472 ,  5.6624 ,176.7420 ,843.1719 , 29.7513 ,268.4698 ,
 -4.1662 ,  5.8264 ,177.0651 ,842.1001 , 27.0914 ,270.1984 ,
 -4.2075 ,  5.7043 ,176.7420 ,840.7172 , 27.0481 ,270.8380 ,
 -4.3673 ,  5.7877 ,177.0651 ,841.3741 , 26.7867 ,270.2157 ,
 -4.4490 ,  5.7061 ,176.5874 ,841.5469 , 27.2891 ,271.4949 ,
 -4.6081 ,  5.7085 ,177.2197 ,840.6826 , 25.8186 ,273.5002 ,
 -4.6885 ,  5.7882 ,177.0581 ,841.3741 , 23.8426 ,273.6212 ,
 -4.8896 ,  5.7085 ,177.0581 ,840.7517 , 22.9329 ,274.6411 ,
 -5.0501 ,  5.7504 ,177.0511 ,843.8288 , 22.6746 ,275.0127 ,
 -5.0903 ,  5.7100 ,177.0581 ,842.3075 , 22.0102 ,275.0473 ,
 -5.2518 ,  5.6299 ,176.8895 ,840.8209 , 21.7779 ,276.0154 ,
 -5.2505 ,  5.7522 ,177.2127 ,840.6480 , 21.7584 ,276.9834 ,
 -5.4119 ,  5.7124 ,176.8825 ,842.3075 , 21.5143 ,277.0007 ,
 -5.4117 ,  5.6319 ,177.2057 ,842.4113 , 18.4643 ,277.1995 ,
 -5.5717 ,  5.7144 ,177.1986 ,843.0681 , 16.3650 ,278.6256 ,
 -5.7320 ,  5.7164 ,177.5148 ,843.8633 , 15.5045 ,279.3430 ,
 -5.7737 ,  5.6343 ,176.8825 ,841.6506 , 16.6816 ,279.9221 ,
 -5.9331 ,  5.6771 ,177.3532 ,843.1027 , 17.0381 ,280.2160 ,
 -5.8925 ,  5.6751 ,177.6693 ,846.2489 , 14.6482 ,280.0604 ,
 -5.9333 ,  5.7151 ,177.1986 ,843.8979 , 13.3561 ,282.3855 ,
 -6.1741 ,  5.6769 ,177.3532 ,843.9325 , 12.9903 ,282.0916 ,
 -6.1342 ,  5.5954 ,177.5077 ,847.1824 , 11.8392 ,282.8090 ,
 -6.3348 ,  5.7186 ,177.1986 ,846.9749 , 10.8976 ,283.2152 ,
 -6.5359 ,  5.6795 ,177.1916 ,843.1719 , 10.5956 ,284.1919 ,
 -6.6551 ,  5.6817 ,177.8239 ,845.5228 , 10.4092 ,284.8488 ,
 -6.7357 ,  5.6819 ,177.6623 ,846.2835 , 10.8976 ,286.4219 ,
 -6.7346 ,  5.8042 ,177.8239 ,844.5202 ,  8.4280 ,285.6267 ,
 -6.8547 ,  5.7243 ,178.1400 ,846.9749 ,  9.4790 ,286.4910 ,
 -6.9757 ,  5.7252 ,177.9784 ,849.3605 ,  8.0669 ,286.6293 ,
 -6.9752 ,  5.8472 ,177.9784 ,846.8021 ,  6.8228 ,287.6665 ,
 -7.1357 ,  5.8079 ,177.9784 ,847.6318 ,  5.3559 ,288.0814 ,
 -7.2554 ,  5.7689 ,178.4562 ,846.0414 ,  5.7889 ,288.9976 ,
 -7.3770 ,  5.6477 ,178.2946 ,847.8392 ,  5.0096 ,289.3952 ,
 -7.4573 ,  5.7675 ,177.9714 ,847.7010 ,  3.0285 ,290.1904 ,
 -7.4161 ,  5.7682 ,178.4562 ,849.2568 ,  3.0897 ,290.8300 ,
 -7.6167 ,  5.8510 ,178.2805 ,851.5040 ,  2.1537 ,291.5560 ,
 -7.7765 ,  5.8123 ,178.7582 ,850.6743 ,  2.5244 ,291.5042 ,
 -7.8178 ,  5.7715 ,178.4351 ,853.1635 ,  0.6308 ,292.6278 ,
 -8.0180 ,  5.8141 ,178.5967 ,850.6743 , -0.9106 ,293.3538 ,
 -8.0576 ,  5.7741 ,178.9128 ,850.7434 , -0.9662 ,293.6996 ,
 -8.1774 ,  5.8567 ,179.0744 ,849.8445 , -1.7771 ,294.3910 ,
 -8.2969 ,  5.9800 ,179.2289 ,852.0572 , -1.3718 ,295.3245 ,
 -8.4580 ,  5.8189 ,179.3835 ,854.6502 , -5.2697 ,295.9987 ,
 -8.4984 ,  5.7783 ,179.2289 ,855.5145 , -4.1003 ,296.5519 ,
 -8.4576 ,  5.7787 ,179.7067 ,853.0944 , -4.6512 ,296.5519 ,
 -8.6174 ,  5.8619 ,179.8612 ,854.5119 , -6.1378 ,298.6608 ,
 -8.6977 ,  5.8600 ,179.7067 ,856.0677 , -8.0996 ,299.1621 ,
 -8.7381 ,  5.9004 ,179.3835 ,856.1023 , -8.7797 ,298.9028 ,
 -8.7785 ,  5.9010 ,179.5380 ,855.2379 ,-11.2936 ,299.4733 ,
 -9.0986 ,  5.9853 ,179.8542 ,857.4852 ,-11.1904 ,300.7525 ,
 -9.1386 ,  5.9454 ,180.0158 ,857.5543 ,-11.2466 ,301.7378 ,
 -9.1386 ,  5.9047 ,180.0087 ,858.3495 ,-12.4647 ,301.8070 ,
 -9.4591 ,  5.9893 ,180.3179 ,860.5968 ,-11.1374 ,302.0317 ,
 -9.4991 ,  5.9085 ,180.4794 ,859.1101 ,-12.4112 ,303.1035 ,
 -9.4955 ,  6.0310 ,180.7956 ,858.1075 ,-14.2663 ,302.9133 ,
 -9.6567 ,  5.9083 ,180.7885 ,861.4957 ,-15.7200 ,305.0223 ,
 -9.8174 ,  5.9094 ,180.7885 ,864.6418 ,-15.3554 ,305.0050 ,
-10.0984 ,  6.0334 ,180.6340 ,859.7324 ,-17.0338 ,305.7656 ,
-10.1783 ,  5.9131 ,181.1047 ,864.5727 ,-16.5271 ,306.3879 ,
-10.1783 ,  6.0363 ,181.7440 ,861.2537 ,-17.1640 ,306.4398 ,
-10.2604 ,  5.9546 ,181.2663 ,863.7429 ,-19.1125 ,307.5980 ,
-10.3390 ,  5.9972 ,181.8985 ,864.3998 ,-18.6317 ,308.8254 ,
-10.5792 ,  6.0804 ,181.8915 ,864.2270 ,-19.6300 ,309.2575 ,
-10.6191 ,  6.0402 ,182.0531 ,865.8865 ,-20.9114 ,311.6258 ,
-10.8194 ,  6.1640 ,182.2147 ,867.3040 ,-21.8535 ,310.7442 ,
-10.8194 ,  6.0424 ,182.3692 ,869.0672 ,-21.2215 ,311.6604 ,
-10.8198 ,  6.0806 ,182.2147 ,868.1683 ,-23.0657 ,312.4728 ,
-11.0591 ,  6.1241 ,182.6783 ,868.8598 ,-24.0576 ,312.5765 ,
-11.0192 ,  6.0428 ,182.8470 ,869.7587 ,-24.5967 ,312.9569 ,
-11.2189 ,  6.1669 ,183.1561 ,871.1416 ,-24.9273 ,312.9741 ,
-11.3392 ,  6.1678 ,183.1561 ,869.5512 ,-25.7268 ,313.9768 ,
-11.4600 ,  6.1282 ,183.1561 ,870.4501 ,-26.5187 ,315.0485 ,
-11.5390 ,  6.1293 ,183.6338 ,872.7665 ,-27.2556 ,315.7746 ,
-11.6997 ,  6.2523 ,183.3106 ,874.9447 ,-28.1340 ,316.5179 ,
-11.8200 ,  6.2940 ,183.3106 ,872.5245 ,-29.5536 ,317.6242 ,
-11.8183 ,  6.1737 ,184.2590 ,875.7398 ,-30.1489 ,318.6441 ,
-11.8578 ,  6.2957 ,184.2590 ,875.5670 ,-31.4552 ,319.7505 ,
-12.1397 ,  6.1763 ,184.2590 ,874.9792 ,-31.8700 ,319.7851 ,
-12.1392 ,  6.1746 ,184.5822 ,876.5696 ,-33.7111 ,321.5656 ,
-12.2604 ,  6.2156 ,184.2590 ,876.5005 ,-32.6749 ,320.8050 ,
-12.2582 ,  6.2169 ,185.0459 ,877.9871 ,-33.2929 ,322.1879 ,
-12.4997 ,  6.2187 ,185.0459 ,879.6120 ,-36.7276 ,321.4964 ,
-12.5796 ,  6.3408 ,184.7368 ,879.4738 ,-35.0313 ,322.6374 ,
-12.6991 ,  6.2209 ,185.3690 ,881.8593 ,-35.8135 ,324.3833 ,
-12.8589 ,  6.3447 ,185.6781 ,880.8913 ,-37.3088 ,324.4870 ,
-12.9388 ,  6.3456 ,185.6781 ,882.4816 ,-36.2047 ,324.7117 ,
-13.0187 ,  6.4683 ,185.8397 ,882.3088 ,-38.1883 ,325.5415 ,
-13.1386 ,  6.4290 ,185.9943 ,883.9337 ,-38.9792 ,325.6452 ,
-13.3414 ,  6.2650 ,185.5166 ,883.4497 ,-41.0989 ,327.1492 ,
-13.3788 ,  6.3504 ,186.4720 ,885.6278 ,-40.5652 ,327.4085 ,
-13.3783 ,  6.4316 ,186.4720 ,886.2501 ,-39.9667 ,328.6358 ,
-13.5790 ,  6.5124 ,186.4720 ,886.1118 ,-43.3527 ,328.9815 ,
-13.6589 ,  6.5133 ,186.6266 ,887.6676 ,-41.6391 ,328.8087 ,
-13.8187 ,  6.4747 ,187.1043 ,888.4974 ,-43.7222 ,329.6384 ,
-13.9399 ,  6.3943 ,186.9286 ,891.7818 ,-44.5044 ,331.0387 ,
-14.0176 ,  6.4775 ,187.8911 ,890.0186 ,-46.4859 ,331.8165 ,
-14.1788 ,  6.4788 ,187.7295 ,889.2580 ,-45.5070 ,332.0931 ,
-14.3000 ,  6.5579 ,187.2448 ,891.4707 ,-48.1497 ,333.9947 ,
-14.4975 ,  6.7265 ,188.5164 ,891.9201 ,-47.8839 ,333.2341 ,
-14.4984 ,  6.6040 ,188.2072 ,892.1621 ,-48.4760 ,333.6662 ,
-14.7382 ,  6.6475 ,188.6709 ,893.6488 ,-49.4700 ,334.3577 ,
-14.8593 ,  6.6457 ,188.3618 ,895.2737 ,-50.8767 ,336.5012 ,
-15.0578 ,  6.6106 ,189.3032 ,892.8882 ,-49.3490 ,336.2938 ,
-15.0991 ,  6.6101 ,188.8325 ,893.6833 ,-51.2462 ,336.8297 ,
-15.2598 ,  6.7311 ,188.8325 ,895.8960 ,-50.9004 ,337.4693 ,
-15.3406 ,  6.6501 ,188.6709 ,896.8295 ,-51.6221 ,338.5065 ,
-15.4582 ,  6.6936 ,189.7809 ,897.3827 ,-54.2735 ,340.0450 ,
-15.6558 ,  6.6960 ,190.2516 ,897.3827 ,-53.9688 ,339.9758 ,
-15.8174 ,  6.7776 ,189.6193 ,898.0396 ,-55.4511 ,340.1833 ,
-15.9772 ,  6.6986 ,190.0970 ,898.9731 ,-54.4636 ,341.7045 ,
-16.0168 ,  6.7401 ,190.4062 ,900.4251 ,-55.7601 ,341.4798 ,
-16.1775 ,  6.7405 ,189.9214 ,902.0155 ,-56.6137 ,343.2257 ,
-16.3768 ,  6.8244 ,190.5537 ,901.9118 ,-60.0062 ,344.5049 ,
-16.4971 ,  6.9067 ,190.5607 ,900.2523 ,-58.3683 ,344.0382 ,
-16.6174 ,  6.9484 ,190.7223 ,901.7389 ,-59.7879 ,344.8161 ,
-16.6965 ,  6.9500 ,191.1930 ,902.4649 ,-59.3017 ,345.3865 ,
-16.8185 ,  6.8670 ,190.8698 ,902.6378 ,-61.9228 ,345.3520 ,
-17.0583 ,  6.9091 ,190.7012 ,902.5687 ,-62.2988 ,346.3719 ,
-17.0574 ,  6.9939 ,191.3546 ,903.1564 ,-61.7067 ,347.8931 ,
-17.2989 ,  6.9524 ,191.0244 ,904.8505 ,-62.6791 ,348.0487 ,
-17.3788 ,  6.9939 ,191.1789 ,904.7468 ,-65.2656 ,348.6191 ,
-17.4991 ,  6.9950 ,191.1789 ,904.7468 ,-63.6104 ,349.4143 ,
-17.4991 ,  6.9952 ,191.3335 ,904.7468 ,-65.4514 ,349.9675 ,
-17.8205 ,  6.9981 ,191.4951 ,904.7468 ,-66.5621 ,351.3331 ,
-17.9004 ,  6.9987 ,191.4951 ,906.3372 ,-68.5220 ,352.5259 ,
-18.1805 ,  6.9610 ,191.8042 ,905.5420 ,-67.1174 ,352.0246 ,
-18.1410 ,  7.0417 ,191.6496 ,907.7892 ,-68.9023 ,352.5605 ,
-18.2605 ,  7.0024 ,191.9587 ,907.8584 ,-67.8586 ,353.4421 ,
-18.4607 ,  7.0450 ,191.9587 ,906.9595 ,-70.6288 ,354.0644 ,
-18.4212 ,  7.0420 ,191.8042 ,908.6190 ,-71.1733 ,355.4128 ,
-18.6609 ,  7.0472 ,192.4365 ,906.9249 ,-71.5536 ,355.0843 ,
-18.7417 ,  7.1265 ,192.1203 ,909.2067 ,-72.9149 ,356.5883 ,
-18.9823 ,  7.0475 ,192.2749 ,907.7547 ,-72.6600 ,356.2080 ,
-19.1017 ,  7.1302 ,192.5980 ,910.7280 ,-71.6357 ,357.0723 ,
-19.3028 ,  7.0505 ,192.5840 ,910.8662 ,-73.7706 ,357.6255 ,
-19.3037 ,  7.0503 ,192.4294 ,910.0711 ,-74.9980 ,359.4233 ,
-19.5443 ,  7.0523 ,192.4294 ,911.6614 ,-77.2063 ,359.6307 ,
-19.6655 ,  6.9722 ,192.5840 ,909.4142 ,-74.3195 ,360.6333 ,
-19.8271 ,  7.0147 ,192.9001 ,911.6960 ,-77.0248 ,361.5495 ,
-19.9878 ,  7.0158 ,192.9001 ,909.3450 ,-78.5028 ,362.0508 ,
-20.1476 ,  7.1390 ,192.7456 ,910.7625 ,-78.1571 ,363.0016 ,
-20.2284 ,  7.0988 ,192.7456 ,910.8317 ,-78.2738 ,363.6758 ,
-20.3487 ,  6.9783 ,192.9001 ,911.7306 ,-77.8287 ,363.9869 ,
-20.5902 ,  6.9781 ,192.9001 ,912.5603 ,-79.4190 ,365.1451 ,
-20.6710 ,  6.9377 ,192.7385 ,911.7997 ,-80.7631 ,365.5946 ,
-20.7896 ,  7.0211 ,193.3708 ,910.0365 ,-82.8115 ,366.7528 ,
-20.9915 ,  6.9814 ,193.0477 ,910.1748 ,-81.8910 ,367.0294 ,
-21.1514 ,  7.0235 ,193.0477 ,911.6960 ,-81.5280 ,367.6344 ,
-21.1926 ,  7.0641 ,192.8931 ,913.2172 ,-82.2065 ,368.3950 ,
-21.3129 ,  6.9436 ,193.0477 ,913.3555 ,-83.6024 ,369.5187 ,
-21.4736 ,  6.9447 ,192.8931 ,914.2198 ,-85.0674 ,370.6941 ,
-21.6326 ,  6.9469 ,193.3568 ,912.6295 ,-84.0951 ,369.8990 ,
-21.6326 ,  6.9873 ,193.3568 ,912.5258 ,-85.3310 ,371.0053 ,
-21.8750 ,  7.0292 ,192.8861 ,911.6960 ,-86.9344 ,372.5265 ,
-22.1165 ,  6.9502 ,193.0406 ,910.2439 ,-87.3017 ,373.5637 ,
-22.2368 ,  6.9109 ,193.1952 ,911.8689 ,-86.8609 ,373.4946 ,
-22.3553 ,  6.9934 ,193.3568 ,908.5844 ,-88.9051 ,373.3563 ,
-22.3966 ,  6.8718 ,193.3568 ,911.1774 ,-88.3303 ,374.3070 ,
-22.6390 ,  6.8299 ,192.7175 ,911.2465 ,-89.2983 ,376.1221 ,
-22.7593 ,  6.8740 ,192.8791 ,910.4168 ,-88.2741 ,375.6381 ,
-22.9595 ,  6.8358 ,193.3497 ,910.4168 ,-90.4220 ,376.8136 ,
-23.1211 ,  6.7530 ,193.0336 ,911.3503 ,-90.0373 ,377.5224 ,
-23.2414 ,  6.7539 ,193.0336 ,907.4089 ,-92.6822 ,378.4213 ,
-23.3213 ,  6.7954 ,193.0336 ,908.9301 ,-90.9751 ,378.2484 ,
-23.4021 ,  6.7956 ,192.8791 ,908.9301 ,-92.9285 ,380.4611 ,
-23.5233 ,  6.7151 ,192.7104 ,908.2387 ,-91.8784 ,379.0609 ,
-23.8420 ,  6.7583 ,192.5559 ,908.1695 ,-93.6027 ,380.8932 ,
-23.9228 ,  6.7588 ,192.5489 ,907.4089 ,-94.9554 ,380.3746 ,
-23.9641 ,  6.5967 ,192.5489 ,906.8903 ,-93.7626 ,381.2390 ,
-24.2056 ,  6.5577 ,192.2327 ,903.8133 ,-94.7393 ,383.0195 ,
-24.2855 ,  6.7203 ,191.9166 ,902.8453 ,-94.8949 ,382.7083 ,
-24.5244 ,  6.5223 ,191.7620 ,903.1910 ,-96.3988 ,384.5580 ,
-24.6868 ,  6.6832 ,192.0711 ,904.5048 ,-95.5042 ,384.1258 ,
-24.8458 ,  6.5249 ,191.7480 ,902.3267 ,-96.2821 ,385.8891 ,
-25.0451 ,  6.5232 ,191.1087 ,903.2256 ,-97.1940 ,385.6989 ,
-25.1663 ,  6.4839 ,191.2632 ,902.4649 ,-97.9935 ,385.4569 ,
-25.3665 ,  6.5280 ,191.1017 ,900.0102 ,-97.0859 ,387.0300 ,
-25.4069 ,  6.4062 ,190.9541 ,897.8667 ,-97.7428 ,387.7733 ,
-25.5685 ,  6.4075 ,190.7996 ,896.3109 ,-96.7661 ,388.6895 ,
-25.7696 ,  6.4496 ,190.7855 ,898.5927 ,-98.3046 ,387.8425 ,
-26.0120 ,  6.3697 ,190.3078 ,894.8588 ,-98.0454 ,389.8477 ,
-26.2122 ,  6.4097 ,190.3078 ,895.6194 ,-100.2019 ,390.7812 ,
-26.2543 ,  6.2898 ,189.9846 ,893.4413 ,-98.4084 ,390.9022 ,
-26.3343 ,  6.4505 ,189.6544 ,893.1648 ,-100.3920 ,392.1468 ,
-26.5354 ,  6.2896 ,189.8301 ,891.0558 ,-100.0722 ,392.4407 ,
-26.5380 ,  6.2474 ,188.7060 ,889.6383 ,-101.2823 ,393.7026 ,
-26.7382 ,  6.2898 ,188.8676 ,889.5691 ,-102.2114 ,392.7519 ,
-26.9402 ,  6.1285 ,188.5445 ,888.2208 ,-101.2693 ,394.0311 ,
-27.1817 ,  6.2114 ,188.3829 ,888.1516 ,-101.0403 ,394.0138 ,
-27.1826 ,  6.0889 ,188.0738 ,884.4177 ,-101.0230 ,394.0138 ,
-27.2651 ,  5.9671 ,187.7506 ,885.4203 ,-102.3540 ,395.5523 ,
-27.5057 ,  6.0499 ,187.2729 ,883.7608 ,-102.1207 ,395.8635 ,
-27.6278 ,  5.9682 ,186.6406 ,882.4125 ,-101.6755 ,397.1772 ,
-27.8289 ,  5.8889 ,186.7952 ,880.9258 ,-103.2011 ,397.3328 ,
-27.8702 ,  5.9296 ,186.4790 ,876.9499 ,-102.6652 ,397.9724 ,
-28.0317 ,  5.9302 ,186.0013 ,876.1547 ,-104.1346 ,397.5057 ,
-28.1125 ,  5.9302 ,185.6781 ,873.8729 ,-103.0282 ,398.7330 ,
-28.3549 ,  5.7669 ,185.3620 ,874.1149 ,-105.2107 ,399.0096 ,
-28.3953 ,  5.8479 ,184.8913 ,870.8996 ,-104.0568 ,399.6146 ,
-28.5165 ,  5.8079 ,184.7297 ,870.9687 ,-104.2426 ,399.6319 ,
-28.7597 ,  5.7276 ,184.0975 ,869.5512 ,-102.7516 ,400.2197 ,
-28.7606 ,  5.6865 ,183.7743 ,864.9184 ,-104.5970 ,400.4098 ,
-28.9617 ,  5.5254 ,183.7743 ,863.5701 ,-107.3369 ,402.0693 ,
-29.1637 ,  5.5260 ,183.1420 ,864.5035 ,-103.9574 ,401.4125 ,
-29.0847 ,  5.5249 ,182.8189 ,860.4585 ,-105.0594 ,401.9311 ,
-29.2462 ,  5.5256 ,182.3411 ,857.3815 ,-106.5288 ,402.4669 ,
-29.3674 ,  5.5265 ,182.1866 ,857.4160 ,-106.1052 ,403.7634 ,
-29.5712 ,  5.4457 ,181.3927 ,856.0331 ,-108.2315 ,403.4177 ,
-29.6923 ,  5.3241 ,181.0696 ,852.3338 ,-105.3446 ,403.1065 ,
-29.7731 ,  5.2834 ,180.7604 ,850.0174 ,-106.0750 ,404.5759 ,
-29.9347 ,  5.3245 ,180.1211 ,849.2222 ,-107.5400 ,404.8006 ,
-30.1384 ,  5.2437 ,179.3273 ,843.8633 ,-107.2289 ,405.1291 ,
-30.3000 ,  5.1631 ,179.0111 ,840.0948 ,-107.4752 ,405.1982 ,
-30.3018 ,  5.1199 ,178.6880 ,839.3688 ,-110.5306 ,405.2501 ,
-30.5038 ,  5.0415 ,178.0557 ,835.6003 ,-108.9835 ,405.1291 ,
-30.4634 ,  5.0819 ,178.0557 ,833.1802 ,-109.5409 ,405.1809 ,
-30.6249 ,  5.0007 ,177.4234 ,827.8214 ,-111.0103 ,405.7341 ,
-30.7883 ,  4.9579 ,176.4680 ,828.0288 ,-110.0163 ,406.0971 ,
-30.8304 ,  4.8784 ,176.1519 ,824.9518 ,-108.2315 ,406.2008 ,
-31.0307 ,  4.8777 ,175.8287 ,821.8402 ,-111.6067 ,405.9415 ,
-30.9147 ,  4.6709 ,174.2480 ,814.4761 ,-110.1589 ,405.9415 ,
-31.1571 ,  4.6343 ,174.2410 ,813.6809 ,-109.9040 ,406.2700 ,
-31.3169 ,  4.7566 ,173.6087 ,809.6013 ,-109.5669 ,405.9415 ,
-31.2010 ,  4.5491 ,172.8219 ,807.5960 ,-111.1745 ,405.8378 ,
-31.2010 ,  4.5102 ,172.6603 ,804.5190 ,-109.9515 ,405.6995 ,
-31.4838 ,  4.4709 ,172.0210 ,798.3650 ,-109.7743 ,406.0626 ,
-31.4065 ,  4.4255 ,170.7564 ,796.9475 ,-109.0137 ,405.4402 ,
-31.4083 ,  4.4668 ,169.8080 ,790.6206 ,-107.7950 ,404.0227 ,
-31.6102 ,  4.1401 ,169.1617 ,787.2670 ,-112.3414 ,405.3538 ,
-31.4539 ,  4.0957 ,167.4194 ,784.2591 ,-110.2324 ,405.2847 ,
-31.7349 ,  4.1379 ,166.9417 ,780.3523 ,-108.8408 ,403.7980 ,
-31.5365 ,  4.1333 ,166.3024 ,778.0013 ,-111.5894 ,402.8645 ,
-31.4996 ,  3.8483 ,165.0379 ,770.6027 ,-111.4814 ,403.2967 ,
-31.5839 ,  3.6444 ,164.0895 ,764.7252 ,-108.5081 ,402.3114 ,
-31.5435 ,  3.8059 ,163.6188 ,762.9274 ,-110.9239 ,400.7037 ,
-31.5470 ,  3.7614 ,162.3472 ,759.1589 ,-109.6792 ,400.6691 ,
-31.5101 ,  3.5176 ,161.3988 ,751.6911 ,-109.5842 ,401.4125 ,
-31.7139 ,  3.3140 ,160.1272 ,745.0530 ,-109.8564 ,400.2197 ,
-31.6752 ,  3.2720 ,159.4949 ,739.6596 ,-111.0190 ,398.7676 ,
-31.6366 ,  3.2700 ,158.3849 ,735.8220 ,-109.7225 ,398.7157 ,
-31.4381 ,  3.1047 ,157.7456 ,731.3275 ,-110.0034 ,397.1427 ,
-31.6032 ,  2.8581 ,156.3125 ,726.3144 ,-110.2065 ,397.0044 ,
-31.6875 ,  2.8588 ,155.2025 ,720.8518 ,-108.4908 ,396.8834 ,
-31.4891 ,  2.6916 ,154.4156 ,717.2216 ,-108.1494 ,395.2066 ,
-31.6120 ,  2.4876 ,153.3057 ,712.8999 ,-110.1417 ,394.6361 ,
-31.5347 ,  2.4446 ,152.1957 ,706.7459 ,-110.0120 ,395.0510 ,
-31.5786 ,  2.2807 ,151.0857 ,700.7647 ,-110.0423 ,392.8556 ,
-31.4610 ,  2.2352 ,149.8211 ,697.7914 ,-109.8391 ,391.9740 ,
-31.4083 ,  2.1111 ,148.7181 ,691.3263 ,-109.8175 ,391.5418 ,
-31.3310 ,  1.9455 ,147.2920 ,685.4142 ,-108.4303 ,390.1762 ,
-31.4961 ,  1.8640 ,146.3366 ,680.0208 ,-109.2644 ,389.4155 ,
-31.4188 ,  1.7783 ,145.0720 ,674.7311 ,-109.7268 ,388.6031 ,
-31.4610 ,  1.6569 ,144.1166 ,668.6808 ,-109.7570 ,387.0127 ,
-31.2221 ,  1.4506 ,143.6459 ,665.1543 ,-108.1234 ,385.5261 ,
-31.2256 ,  1.4486 ,142.2198 ,657.3408 ,-109.3335 ,384.8346 ,
-31.0658 ,  1.3644 ,141.2643 ,655.1972 ,-107.2159 ,384.0048 ,
-30.9903 ,  1.3190 ,139.6836 ,645.8970 ,-109.5237 ,382.8293 ,
-30.9938 ,  1.1547 ,138.7282 ,641.4717 ,-108.2574 ,379.7005 ,
-30.8357 ,  1.1535 ,137.6252 ,633.6927 ,-106.7794 ,380.2882 ,
-30.9183 ,  0.9062 ,136.1991 ,629.4056 ,-108.6766 ,378.7497 ,
-30.6794 ,  0.9027 ,135.2437 ,622.4218 ,-107.6826 ,377.0210 ,
-30.7233 ,  0.7793 ,134.1337 ,617.1667 ,-108.3222 ,375.5863 ,
-30.6056 ,  0.7355 ,132.7146 ,610.2520 ,-105.6687 ,373.6847 ,
-30.5284 ,  0.4890 ,131.6046 ,605.1698 ,-104.8736 ,370.9880 ,
-30.4107 ,  0.4454 ,130.3400 ,598.2551 ,-105.2841 ,368.1703 ,
-30.3334 ,  0.3208 ,129.0684 ,594.5904 ,-103.8882 ,365.7847 ,
-30.2192 ,  0.2338 ,127.0030 ,586.9497 ,-105.5002 ,364.6438 ,
-30.0612 ,  0.0695 ,125.8930 ,579.4127 ,-104.6099 ,362.6386 ,
-29.9453 , -0.0557 ,124.4669 ,575.0219 ,-101.9262 ,358.6627 ,
-29.6678 , -0.1822 ,123.0478 ,565.8081 ,-101.4595 ,356.7611 ,
-29.5905 , -0.1864 ,121.6146 ,560.3974 ,-103.1492 ,355.1880 ,
-29.5132 , -0.2703 ,120.3501 ,554.3126 ,-102.9980 ,352.3012 ,
-29.3569 , -0.3537 ,118.9239 ,545.8767 ,-100.2753 ,349.3797 ,
-29.2779 , -0.3963 ,118.1371 ,538.8929 ,-100.1457 ,347.4264 ,
-29.0811 , -0.5629 ,116.7110 ,532.9636 ,-100.4007 ,343.9690 ,
-28.8844 , -0.6075 ,115.1303 ,527.5874 ,-97.6089 ,343.0528 ,
-28.7668 , -0.5313 ,113.2229 ,519.7220 ,-96.8007 ,339.8202 ,
-28.5297 , -0.8608 ,111.9584 ,512.4098 ,-96.9693 ,336.3111 ,
-28.3312 , -1.0255 ,110.8554 ,504.9247 ,-92.9501 ,332.8019 ,
-28.2153 , -1.0294 ,108.9586 ,497.1630 ,-95.1887 ,329.6903 ,
-27.9799 , -1.1171 ,106.8861 ,491.9252 ,-93.5422 ,326.0255 ,
-27.7024 , -1.2043 ,105.3054 ,485.0451 ,-94.9078 ,322.3953 ,
-27.6664 , -1.3289 ,103.8793 ,479.0639 ,-92.9674 ,317.9181 ,
-27.3081 , -1.2935 ,102.2986 ,471.2331 ,-91.1739 ,314.4608 ,
-27.0710 , -1.4610 ,100.3983 ,462.9355 ,-90.1454 ,310.1910 ,
-26.7927 , -1.5452 , 99.2918 ,452.8574 ,-90.3096 ,306.2669 ,
-26.5977 , -1.7531 , 97.3915 ,445.4415 ,-88.7235 ,301.4613 ,
-26.2385 , -1.8380 , 96.2850 ,438.5441 ,-86.9171 ,299.3004 ,
-26.2025 , -1.8004 , 94.3846 ,430.7651 ,-85.6120 ,294.2354 ,
-25.7661 , -1.8898 , 92.1682 ,424.7667 ,-84.2722 ,289.2223 ,
-25.5703 , -2.0571 , 90.2713 ,415.7085 ,-85.7502 ,286.2836 ,
-25.2515 , -2.1010 , 89.1684 ,407.1862 ,-83.4036 ,280.9334 ,
-24.9757 , -2.2295 , 87.1064 ,399.6492 ,-82.3145 ,276.2660 ,
-24.5771 , -2.3140 , 85.8489 ,392.0085 ,-79.8382 ,272.2815 ,
-24.3400 , -2.4407 , 84.1066 ,383.6245 ,-78.8140 ,268.2450 ,
-24.1459 , -2.6500 , 82.0447 ,377.0038 ,-78.4467 ,262.7133 ,
-23.8271 , -2.6143 , 80.4640 ,369.9854 ,-75.4820 ,259.4029 ,
-23.5092 , -2.6174 , 78.8869 ,359.0775 ,-73.7577 ,254.1997 ,
-23.2712 , -2.6219 , 77.1446 ,349.7082 ,-75.2097 ,250.2410 ,
-22.8339 , -2.7087 , 75.4058 ,342.0675 ,-72.0463 ,245.5391 ,
-22.5933 , -2.8498 , 73.8287 ,333.1822 ,-71.8302 ,240.5951 ,
-22.1533 , -2.8561 , 72.0899 ,324.6772 ,-69.2891 ,235.3227 ,
-21.9593 , -2.9438 , 69.5468 ,318.6614 ,-67.6793 ,230.3528 ,
-21.6423 , -2.9905 , 67.3373 ,308.6698 ,-66.5340 ,225.3829 ,
-21.2848 , -3.0774 , 65.7496 ,301.8243 ,-65.3240 ,220.3525 ,
-20.8045 , -3.0425 , 63.8563 ,290.8646 ,-62.7245 ,215.4171 ,
-20.4084 , -3.0897 , 61.6398 ,283.1979 ,-61.4453 ,210.1015 ,
-20.0098 , -3.1766 , 60.2137 ,277.1390 ,-58.9495 ,205.1489 ,
-19.6901 , -3.1414 , 58.3204 ,267.7351 ,-59.6626 ,199.0035 ,
-18.9683 , -3.1561 , 56.9013 ,254.2688 ,-56.7001 ,193.2989 ,
-18.5696 , -3.1619 , 55.1607 ,246.4898 ,-56.0562 ,188.0784 ,
-18.3729 , -3.0351 , 53.2674 ,239.5579 ,-53.2795 ,181.6996 ,
-17.8144 , -3.1643 , 51.3688 ,230.4046 ,-52.3633 ,176.4963 ,
-17.2980 , -3.3357 , 49.1506 ,222.9368 ,-48.4155 ,171.1375 ,
-16.8194 , -3.2628 , 47.0904 ,217.4051 ,-50.0966 ,165.1217 ,
-16.2583 , -3.0646 , 45.5133 ,206.9553 ,-48.0244 ,158.7257 ,
-15.8209 , -3.1941 , 43.4531 ,200.1790 ,-45.4400 ,152.0271 ,
-15.3415 , -3.1192 , 41.5545 ,190.7319 ,-42.8406 ,148.3883 ,
-14.7812 , -2.9631 , 39.5014 ,180.3685 ,-41.3582 ,140.5358 ,
-14.1011 , -2.9726 , 37.7591 ,176.5050 ,-42.1059 ,135.2245 ,
-13.5803 , -2.8957 , 36.4998 ,167.0319 ,-38.2380 ,129.3903 ,
-13.0604 , -2.8217 , 34.4449 ,155.9685 ,-38.6442 ,123.3486 ,
-12.4211 , -2.8297 , 32.7079 ,149.0106 ,-35.1675 ,117.7953 ,
-11.9004 , -2.6731 , 30.8111 ,139.4036 ,-34.3647 ,110.5738 ,
-11.2207 , -2.5192 , 28.7527 ,132.9989 ,-31.4562 ,104.9427 ,
-10.6604 , -2.4859 , 27.1711 ,126.7109 ,-32.4059 , 98.9010 ,
-10.1406 , -2.3298 , 25.4306 ,119.4937 ,-30.3737 , 93.5206 ,
 -9.4569 , -2.1726 , 24.3312 ,111.4252 ,-28.7260 , 88.4945 ,
 -8.9370 , -1.9758 , 22.5898 ,104.9384 ,-26.0844 , 81.8478 ,
 -8.3355 , -1.9008 , 21.3270 , 99.3721 ,-25.1477 , 77.4138 ,
 -7.6545 , -1.7058 , 19.5856 , 94.4541 ,-23.4806 , 71.6746 ,
 -7.1337 , -1.5898 , 18.1639 , 87.2628 ,-22.6714 , 65.8382 ,
 -6.5315 , -1.5143 , 17.2181 , 83.2610 ,-21.1253 , 59.8138 ,
 -5.7673 , -1.1958 , 16.1151 , 77.2884 ,-21.8298 , 54.2043 ,
 -5.0042 , -1.1616 , 15.3309 , 72.5606 ,-18.8122 , 49.7033 ,
 -4.4013 , -0.8421 , 13.9101 , 65.0452 ,-18.5345 , 45.5286 ,
 -3.9616 , -0.8074 , 12.6437 , 61.9206 ,-17.8257 , 41.4317 ,
 -3.6000 , -0.6887 , 12.0128 , 58.6254 ,-16.6675 , 37.0949 ,
 -3.0378 , -0.5314 , 11.0666 , 53.7138 ,-15.8113 , 34.0233 ,
 -2.7159 , -0.4112 , 10.4391 , 46.4686 ,-13.5116 , 31.1289 ,
 -2.4769 , -0.2128 ,  9.1676 , 47.0693 ,-13.1216 , 27.0157 ,
 -1.8745 , -0.1373 ,  8.2240 , 40.6516 ,-14.6515 , 24.0759 ,
 -1.5551 , -0.1821 ,  7.2742 , 37.6632 ,-11.6744 , 20.2243 ,
 -1.4348 , -0.1017 ,  6.8000 , 34.4079 , -9.6616 , 17.6637 ,
 -1.1148 , -0.0257 ,  6.0095 , 34.3906 ,-11.6679 , 16.4061 ,
 -0.9530 ,  0.0967 ,  5.6949 , 29.4488 , -8.9318 , 14.5953 ,
 -0.8718 ,  0.2184 ,  5.6951 , 30.0625 , -8.8240 , 12.9250 ,
 -0.7117 ,  0.2978 ,  5.0630 , 26.8202 , -8.5790 , 12.2222 ,
 -0.6736 ,  0.1737 ,  4.5868 , 26.2962 , -7.3160 , 11.2784 ,
 -0.5941 ,  0.2935 ,  3.9517 , 23.8047 , -9.6281 ,  9.7605 ,
 -0.4314 ,  0.4572 ,  3.9555 , 21.9378 , -6.3139 ,  8.9464 ,
 -0.5526 ,  0.4570 ,  3.9537 , 23.5617 , -7.7533 ,  9.1543 ,
 -0.3938 ,  0.4134 ,  3.0033 , 20.5927 , -5.6219 ,  8.8983 ,
 -0.3914 ,  0.4168 ,  3.9568 , 18.8186 , -5.0426 ,  9.0258 ,
 -0.3528 ,  0.3741 ,  3.4805 , 18.9505 , -4.9966 ,  7.9859 ,
 -0.2317 ,  0.4953 ,  3.3220 , 18.8035 , -3.6034 ,  6.7267 ,
 -0.1927 ,  0.3319 ,  3.1648 , 17.4724 , -2.8997 ,  7.3952 ,
 -0.1527 ,  0.4931 ,  2.5307 , 16.5147 , -4.6504 ,  7.2534 ,
 -0.1123 ,  0.5337 ,  2.6887 , 18.0397 , -3.9969 ,  5.9895 ,
 -0.1135 ,  0.3707 ,  2.5310 , 15.9010 , -3.3628 ,  5.0050 ,
  0.0487 ,  0.4918 ,  2.5329 , 15.6989 , -4.9529 ,  4.8927 ,
  0.1272 ,  0.2873 ,  2.3747 , 15.2506 , -2.3633 ,  3.3575 ,
  0.1696 ,  0.5730 ,  2.5335 , 14.7876 , -2.3615 ,  4.0172 ,
  0.2091 ,  0.4905 ,  2.2177 , 13.3447 , -3.4823 ,  4.2971 ,
  0.4095 ,  0.4482 ,  2.0608 , 11.8316 , -1.9537 ,  3.6914 ,
  0.2897 ,  0.4493 ,  2.3776 , 13.3663 , -4.5826 ,  1.2384 ,
  0.4895 ,  0.5276 ,  1.7382 , 15.7384 , -3.6653 ,  1.6516 ,
  0.4501 ,  0.5297 ,  2.0609 , 13.3134 , -1.2935 ,  0.9730 ,
  0.5284 ,  0.4450 ,  1.4217 , 14.2912 , -2.9995 ,  1.3380 ,
  0.6110 ,  0.6912 ,  1.7457 , 11.5042 , -0.4644 ,  1.2972 ,
  0.4492 ,  0.6512 ,  1.4248 , 11.6112 , -1.3053 ,  1.0039 ,
  0.5296 ,  0.6504 ,  1.2687 ,  9.2321 , -1.1587 ,  1.3361 ,
  0.3667 ,  0.4872 ,  0.7902 , 10.3028 , -1.3933 ,  1.6796 ,
  0.2452 ,  0.4072 ,  0.9505 ,  8.0512 ,  0.2489 ,  1.9172 ,
  0.1643 ,  0.3660 ,  0.6316 ,  9.7021 , -1.0627 ,  2.0183 ,
  0.2436 ,  0.2841 ,  0.6333 ,  7.4603 ,  0.2750 ,  1.5833 ,
  0.0822 ,  0.2450 ,  0.7932 ,  6.7264 ,  1.8622 ,  1.6054 ,
  0.0418 ,  0.2852 , -0.0001 ,  6.5430 ,  1.8751 ,  1.3010 ,
  0.0020 ,  0.3264 ,  0.1580 ,  4.1523 ,  1.8052 ,  1.9497 ,
 -0.0778 ,  0.2872 ,  0.7919 ,  5.0617 ,  1.0151 ,  2.2055 ,
 -0.0399 ,  0.2839 ,  0.3166 ,  4.2973 ,  2.3132 ,  2.5415 ,
 -0.0394 ,  0.0408 ,  0.4767 ,  6.2434 ,  2.3565 ,  2.2254 ,
 -0.1608 ,  0.2040 , -0.3193 ,  5.1274 ,  2.8191 ,  1.6297 ,
  0.0001 ,  0.1624 , -0.3176 ,  3.6379 ,  3.0785 ,  1.9549 ,
 -0.1197 ,  0.2058 ,  0.6344 ,  4.3977 ,  3.4476 ,  1.9125 ,
 -0.1611 ,  0.1632 , -0.3192 ,  5.9639 ,  3.4492 ,  1.6297 ,
 -0.2012 ,  0.1226 ,  0.1575 ,  5.3327 ,  1.5024 ,  2.2385 ,
 -0.1604 ,  0.1638 , -0.0019 ,  2.8547 ,  2.2060 ,  1.6262 ,
 -0.0805 ,  0.1628 , -0.3184 ,  5.1881 ,  4.1970 ,  1.9549 ,
 -0.2004 ,  0.2048 , -0.0024 ,  2.7937 ,  2.7575 ,  1.6262 ,
 -0.2010 ,  0.0415 ,  0.1580 ,  4.6668 ,  3.3663 ,  2.2385 ,
 -0.1206 ,  0.1222 ,  0.1579 ,  4.5442 ,  2.8534 ,  0.9483 ,
 -0.0803 ,  0.1224 , -0.1597 ,  4.4702 ,  2.9613 ,  1.9533 ,
 -0.0798 ,  0.1635 , -0.0011 ,  4.4038 ,  4.1986 ,  2.2767 ,
 -0.0802 ,  0.0814 ,  0.1584 ,  3.0289 ,  2.9243 ,  1.2708 ,
 -0.2396 ,  0.2473 ,  0.6324 ,  4.3515 ,  1.3882 ,  1.2910 ,
 -0.3207 ,  0.2064 ,  0.1554 ,  5.2044 ,  1.8960 ,  1.9453 ,
 -0.2007 ,  0.1630 ,  0.3166 ,  3.6935 ,  2.7140 ,  1.8965 ,
 -0.0801 ,  0.1631 , -0.1597 ,  2.8590 ,  2.9533 ,  1.3027 ,
 -0.0800 ,  0.1227 , -0.0010 ,  3.6903 ,  2.3396 ,  1.9514 ,
 -0.3616 ,  0.2056 , -0.0040 ,  4.3445 ,  1.2615 ,  0.9757 ,
 -0.0801 ,  0.1631 , -0.1597 ,  3.6337 ,  2.9533 ,  0.9775 ,
 -0.1206 ,  0.1226 , -0.1601 ,  6.7947 ,  2.8983 ,  1.3027 ,
 -0.0800 ,  0.1227 , -0.0010 ,  4.4653 ,  2.9618 ,  1.6262 ,
 -0.1608 ,  0.2040 , -0.3193 ,  2.0282 ,  1.5747 ,  1.9551 ,
 -0.1207 ,  0.1628 ,  0.1576 ,  2.1186 ,  0.9994 ,  2.2390 ,
 -0.0398 ,  0.1228 ,  0.3169 ,  2.1651 ,  2.3693 ,  1.5859 ,
  0.0004 ,  0.0815 , -0.0002 ,  2.9763 ,  3.0955 ,  0.9757 ,
 -0.3631 ,  0.1231 , -0.4798 ,  3.7073 ,  1.2749 ,  1.6315 ,
 -0.2014 ,  0.0822 , -0.1608 ,  2.9830 ,  1.5359 ,  1.3027 ,
 -0.0800 ,  0.2029 ,  0.3169 ,  3.6318 ,  2.8867 ,  0.6062 ,
 -0.2413 ,  0.1648 ,  0.3150 ,  2.1047 ,  2.6685 ,  1.9101 ,
 -0.0774 ,  0.2868 , -0.1603 ,  4.0984 ,  2.3460 ,  1.6538 ,
 -0.2014 ,  0.0822 , -0.1608 ,  4.5326 ,  2.1581 ,  1.3027 ,
 -0.1208 ,  0.2033 ,  0.1574 ,  2.0572 ,  3.4488 ,  0.6258 ,
 -0.2012 ,  0.1229 , -0.1609 ,  2.9214 ,  1.5280 ,  1.3027 ,
 -0.2815 ,  0.2453 , -0.3206 ,  2.7428 ,  2.6224 ,  0.6541 ,
 -0.0398 ,  0.1629 , -0.1593 ,  3.6334 ,  2.3942 ,  0.9775 ,
 -0.1606 ,  0.2447 , -0.3193 ,  5.0658 ,  2.8112 ,  0.9793 ,
 -0.2011 ,  0.0825 , -0.0022 ,  0.6536 ,  2.7810 ,  1.6262 ,
 -0.0800 ,  0.1227 , -0.0010 ,  3.6903 ,  2.3396 ,  2.2767 ,
 -0.1601 ,  0.2046 , -0.0020 ,  3.5679 ,  1.5761 ,  1.3010 ,
 -0.0796 ,  0.2050 ,  0.4752 ,  3.6307 ,  1.6405 ,  0.6511 ,
 -0.1607 ,  0.1635 , -0.1606 ,  4.4094 ,  1.5831 ,  2.2785 ,
 -0.1614 ,  0.1629 , -0.4779 ,  4.4192 ,  2.8261 ,  0.9811 ,
 -0.1607 ,  0.0412 ,  0.1582 ,  7.0311 ,  2.1975 ,  0.9482 ,
 -0.0802 ,  0.0819 , -0.0010 ,  2.2022 ,  2.9697 ,  1.6262 ,
 -0.0800 ,  0.1227 , -0.0010 ,  2.1407 ,  1.7175 ,  1.6262 ,
  0.0017 ,  0.2044 ,  0.3169 ,  2.7822 ,  2.4515 ,  1.2974 ,
 -0.0796 ,  0.2042 , -0.0012 ,  4.3422 ,  1.7019 ,  1.9514 ,
 -0.2420 ,  0.1633 , -0.4787 ,  2.0953 ,  0.2113 ,  1.9568 ,
 -0.1202 ,  0.1636 ,  0.3169 ,  2.9024 ,  1.6060 ,  1.5914 ,
 -0.2817 ,  0.0829 , -0.0030 ,  1.4291 ,  3.8996 ,  1.6262 ,
 -0.0401 ,  0.1623 ,  0.1581 ,  2.1182 ,  2.9655 ,  1.5933 ,
 -0.2008 ,  0.1641 ,  0.3163 ,  2.9044 ,  1.4809 ,  1.2737 ,
 -0.1608 ,  0.0818 ,  0.1580 ,  3.0292 ,  2.8023 ,  1.5933 ,
 -0.0402 ,  0.2029 ,  0.1578 ,  2.0568 ,  1.7262 ,  2.2385 ,
 -0.0799 ,  0.0827 ,  0.4755 ,  3.8178 ,  1.6688 ,  1.2893 ,
 -0.0804 ,  0.1625 ,  0.1579 ,  2.9064 ,  4.1339 ,  1.2708 ,
 -0.1606 ,  0.1231 , -0.0018 ,  2.1414 ,  1.5917 ,  1.3010 ,
 -0.1608 ,  0.0818 ,  0.1580 ,  3.8172 ,  1.5731 ,  1.5933 ,
 -0.1611 ,  0.2036 ,  0.1572 ,  3.6336 ,  1.5435 ,  0.6258 ,
 -0.1604 ,  0.1638 , -0.0019 ,  2.0799 ,  2.2060 ,  0.9757 ,
 -0.0805 ,  0.2031 ,  0.1576 ,  2.0570 ,  1.6653 ,  1.5933 ,
 -0.1607 ,  0.1635 , -0.1606 ,  4.4094 ,  2.2053 ,  1.9533 ,
 -0.1601 ,  0.2046 , -0.0020 ,  2.7933 ,  1.5761 ,  0.9757 ,
 -0.0396 ,  0.1621 ,  0.3174 ,  4.4810 ,  3.5723 ,  1.2512 ,
 -0.2012 ,  0.1226 ,  0.1575 ,  3.7563 ,  2.1171 ,  1.5933 ,
 -0.2004 ,  0.2048 , -0.0024 ,  2.0188 ,  2.1352 ,  0.6505 ,
 -0.1610 ,  0.1630 ,  0.1574 ,  2.1186 ,  1.5534 ,  1.2708 ,
 -0.1203 ,  0.1229 , -0.0014 ,  2.1411 ,  2.2767 ,  1.9514 ,
 -0.0798 ,  0.0417 ,  0.3173 ,  2.2922 ,  2.3260 ,  1.5838 ,
 -0.1610 ,  0.1630 ,  0.1574 ,  3.6947 ,  1.5534 ,  1.5933 ,
 -0.0397 ,  0.1225 , -0.0006 ,  3.6900 ,  2.4026 ,  0.6505 ,
 -0.1201 ,  0.1636 , -0.0015 ,  3.6292 ,  1.6468 ,  0.6505 ,
 -0.0808 ,  0.1625 , -0.4770 ,  2.0938 ,  2.9520 ,  0.9811 ,
 -0.1210 ,  0.0410 , -0.1599 ,  3.8185 ,  2.2916 ,  1.9533 ,
 -0.2415 ,  0.1230 ,  0.1573 ,  1.3914 ,  3.9077 ,  1.2725 ,
 -0.0790 ,  0.0412 ,  0.4771 ,  3.8707 ,  4.1626 ,  0.9172 ,
 -0.1204 ,  0.0410 ,  0.1584 ,  3.8781 ,  2.2585 ,  1.2708 ,
  0.0011 ,  0.0821 ,  0.3171 ,  2.1918 ,  2.4750 ,  0.6469 ,
 -0.0800 ,  0.2444 , -0.3185 ,  2.7409 ,  1.6926 ,  0.9793 ,
 -0.1615 ,  0.0817 , -0.3190 ,  2.2126 ,  3.4649 ,  0.3288 ,
 -0.1610 ,  0.0415 , -0.0017 ,  2.2644 ,  1.6073 ,  0.6505 ,
 -0.2416 ,  0.1636 , -0.3200 ,  3.6400 ,  0.8343 ,  0.9793 ,
  0.0004 ,  0.0815 , -0.0002 ,  3.7511 ,  2.4733 ,  0.6505 ,
 -0.2013 ,  0.1634 , -0.3196 ,  5.1892 ,  1.5196 ,  1.6297 ,
 -0.1201 ,  0.1636 , -0.0015 ,  1.3048 ,  2.2690 ,  0.9757 ,
 -0.0813 , -0.0002 , -0.3181 ,  3.8844 ,  2.9838 ,  1.6297 ,
 -0.0400 ,  0.1222 , -0.1593 ,  1.3704 ,  3.0241 ,  1.3027 ,
 -0.1609 ,  0.1228 , -0.1605 ,  2.9210 ,  2.2132 ,  1.3027 ,
 -0.2009 ,  0.1233 , -0.0023 ,  2.9166 , -0.9604 ,  0.3253 ,
 -0.0400 ,  0.1217 ,  0.1583 ,  3.7555 ,  2.3606 ,  1.9159 ,
 -0.0799 ,  0.2039 , -0.1598 ,  2.0227 ,  2.3233 ,  2.2785 ,
 -0.1619 ,  0.0002 , -0.3189 ,  2.3356 ,  1.6137 ,  1.6297 ,
 -0.1203 ,  0.1229 , -0.0014 ,  4.4656 ,  1.6546 ,  2.9271 ,
 -0.2423 ,  0.0413 , -0.3198 ,  2.2747 ,  1.4801 ,  0.6541 ,
  0.0004 ,  0.0815 , -0.0002 ,  2.9763 ,  1.8511 ,  0.3252 ,
 -0.2013 ,  0.0417 , -0.0021 ,  3.8143 ,  0.9221 ,  1.3010 ,
 -0.2017 ,  0.1631 , -0.4782 ,  2.8698 ,  2.1408 ,  0.9811 ,
 -0.0793 ,  0.1230 ,  0.4765 ,  3.7492 ,  2.9108 ,  1.2522 ,
 -0.0398 ,  0.1231 ,  0.3173 ,  2.1660 ,  1.7508 ,  0.6334 ,
 -0.1200 ,  0.1230 ,  0.3158 ,  4.5523 ,  0.3817 ,  0.9409 ,
 -0.1206 ,  0.1222 ,  0.1579 ,  2.9680 ,  1.0091 ,  1.2716 ,
 -0.1212 ,  0.0815 , -0.3186 ,  2.2123 ,  2.2832 ,  0.0036 ,
 -0.1209 ,  0.2035 , -0.4775 ,  3.5824 ,  1.0144 ,  0.9811 ,
  0.0003 ,  0.1220 , -0.1589 ,  2.9198 ,  3.0870 ,  0.9775 ,
  0.0000 ,  0.0000 ,  0.0000 ,  3.0993 ,  3.1115 ,  0.6505 ,
 -0.1621 ,  0.1623 , -0.7951 ,  3.6538 ,  1.5801 ,  0.6594 ,
 -0.1617 ,  0.0409 , -0.3190 ,  2.2740 ,  2.2281 ,  1.3045 ,
 -0.0803 ,  0.2036 , -0.3185 ,  1.2528 ,  1.7004 ,  2.6054 ,
 -0.0801 ,  0.1631 , -0.1597 ,  2.0842 ,  1.7090 ,  0.3270 ,
 -0.0393 ,  0.2040 , -0.0008 ,  2.7923 ,  2.3869 ,  0.3252 ,
 -0.0003 , -0.0003 , -0.1586 ,  3.8791 ,  1.2438 ,  1.3027 ,
 -0.0400 ,  0.1222 , -0.1593 ,  2.1454 ,  1.1574 ,  1.3027 ,
 -0.1200 ,  0.2051 ,  0.4755 ,  3.6269 ,  2.2034 ,  1.6035 ,
 -0.0398 ,  0.1629 , -0.1593 ,  2.8586 ,  2.3942 ,  1.9532 ,
 -0.1608 ,  0.0823 , -0.0018 ,  3.7523 ,  2.2216 ,  0.9757 ,
 -0.2008 ,  0.1234 ,  0.3159 ,  3.7606 ,  0.8706 ,  1.2777 ,
 -0.1204 ,  0.1633 , -0.1602 ,  3.6340 ,  2.8904 ,  1.6280 ,
 -0.1205 ,  0.0821 , -0.0014 ,  3.7520 ,  2.2845 ,  0.3253 ,
 -0.0801 ,  0.1631 , -0.1597 ,  1.3093 ,  1.0867 ,  0.9775 ,
 -0.2011 ,  0.0825 , -0.0022 ,  2.2032 ,  1.5366 ,  0.6505 ,
 -0.2010 ,  0.0415 ,  0.1580 ,  3.8787 ,  3.3663 ,  2.2385 ,
 -0.0801 ,  0.0408 ,  0.1587 ,  3.8781 ,  1.0900 ,  0.3031 ,
  0.0013 ,  0.1229 ,  0.3170 ,  1.3555 , -0.0219 ,  1.6226 ,
 -0.1605 ,  0.2036 ,  0.3164 ,  2.8412 ,  2.1552 ,  0.6086 ,
 -0.2813 ,  0.1644 , -0.0031 ,  2.0810 ,  2.0172 ,  1.6262 ,
 -0.1608 ,  0.0818 ,  0.1580 ,  4.6055 ,  2.8023 ,  1.9159 ,
 -0.1207 ,  0.0413 , -0.0013 ,  1.4891 ,  2.2924 ,  1.6262 ,
 -0.1611 ,  0.0820 , -0.1604 ,  2.9825 ,  1.5987 ,  0.9775 ,
 -0.0007 , -0.0006 , -0.3173 ,  3.8840 , -0.0015 ,  0.9793 ,
 -0.1207 ,  0.1242 ,  0.3157 ,  1.3473 ,  4.1327 ,  1.2746 ,
 -0.1610 ,  0.0415 , -0.0017 ,  3.0392 ,  2.2294 ,  0.9757 ,
 -0.1607 ,  0.0821 ,  0.1580 ,  3.0292 ,  0.9570 ,  0.6287 ,
 -0.0806 ,  0.2437 ,  0.1573 ,  2.7841 ,  1.6555 ,  0.3032 ,
 -0.2414 ,  0.1228 ,  0.1573 ,  2.1801 ,  1.4414 ,  1.2709 ,
 -0.1611 ,  0.1237 ,  0.1565 ,  0.5795 ,  2.2101 ,  1.2816 ,
 -0.1607 ,  0.1635 , -0.1606 ,  2.0848 ,  0.9609 ,  1.3027 ,
 -0.0806 ,  0.0004 , -0.0008 ,  2.3252 ,  1.1186 ,  1.6262 ,
 -0.0390 ,  0.1234 ,  0.4756 ,  2.9511 ,  1.1208 ,  1.9249 ,
 -0.1610 ,  0.1630 ,  0.1574 ,  3.6947 ,  1.5534 ,  0.6258 ,
 -0.2812 ,  0.0431 ,  0.3158 ,  2.2970 ,  2.0171 ,  1.5882 ,
 -0.1603 ,  0.0816 ,  0.3173 ,  4.6036 ,  2.1799 ,  1.5738 ,
 -0.2012 ,  0.1229 , -0.1609 ,  2.1466 ,  0.9058 ,  1.3027 ,
  0.0405 ,  0.1215 ,  0.1587 ,  1.3884 ,  1.8729 ,  0.3045 ,
 -0.0397 ,  0.0818 ,  0.1577 ,  4.6174 , -0.0846 ,  0.9938 ,
 -0.1203 ,  0.2446 , -0.3189 ,  2.7411 ,  1.0074 ,  1.6297 ,
 -0.0400 ,  0.1222 , -0.1593 ,  2.1454 ,  3.0241 ,  0.6522 ,
 -0.1213 ,  0.1219 , -0.4774 ,  1.3808 ,  1.0300 ,  2.2820 ,
 -0.0803 ,  0.0413 ,  0.1582 ,  1.5159 ,  0.4708 ,  1.5990 ,
 -0.2814 ,  0.1645 , -0.1616 ,  2.0936 ,  0.7712 ,  0.6434 ,
 -0.1201 ,  0.1653 ,  0.4751 ,  2.8663 ,  2.8557 ,  1.2687 ,
 -0.0807 ,  0.1221 , -0.3183 ,  0.6009 , -0.1508 ,  0.6541 ,
 -0.2019 ,  0.1223 , -0.4782 ,  3.7061 ,  2.7711 ,  1.9568 ,
 -0.1213 ,  0.1219 , -0.4774 ,  2.1556 ,  1.0300 ,  0.9811 ,
 -0.0798 ,  0.1635 , -0.0011 ,  0.5297 ,  1.7096 ,  0.9757 ,
 -0.1612 ,  0.0008 , -0.0016 ,  2.3257 ,  0.3706 ,  0.3253 ,
 -0.0400 ,  0.1217 ,  0.1583 ,  3.7555 ,  1.1311 ,  0.9482 ,
 -0.2005 ,  0.1247 ,  0.3153 ,  1.3529 ,  1.5179 ,  0.9648 ,
 -0.1203 ,  0.1229 , -0.0014 ,  2.9159 ,  1.6546 ,  0.9757 ,
 -0.0812 ,  0.0810 , -0.4769 ,  2.9915 ,  2.9675 ,  1.3063 ,
 -0.1610 ,  0.0415 , -0.0017 ,  3.0392 ,  1.6073 ,  1.6262 ,
 -0.2009 ,  0.1233 , -0.0023 ,  3.6914 ,  1.5287 ,  0.3253 ,
 -0.0803 ,  0.1224 , -0.1597 ,  1.3708 ,  0.4723 ,  0.9775 ,
 -0.0803 ,  0.1220 ,  0.1581 ,  2.1794 ,  1.0702 ,  0.6257 ,
 -0.0395 ,  0.1633 , -0.0007 ,  3.6286 ,  1.7727 ,  1.9514 ,
 -0.1210 ,  0.0410 , -0.1599 ,  3.0437 ,  1.6695 ,  1.3027 ,
  0.0410 ,  0.0809 ,  0.3182 ,  3.8152 ,  1.8677 ,  0.9374 ,
 -0.1192 ,  0.0432 ,  0.6337 ,  3.0480 ,  1.6428 , -0.3039 ,
 -0.0404 ,  0.1219 , -0.3179 ,  3.6996 ,  1.1567 ,  1.9549 ,
 -0.0814 ,  0.0402 , -0.4768 ,  3.0532 ,  1.1086 ,  0.3306 ,
 -0.1210 ,  0.0410 , -0.1599 ,  4.5931 ,  1.6695 ,  0.9775 ,
 -0.1610 ,  0.1630 ,  0.1574 ,  2.9069 ,  2.1682 ,  1.9160 ,
  0.0809 ,  0.1216 , -0.1581 ,  2.1444 ,  0.1017 ,  0.6522 ,
 -0.2011 ,  0.0419 ,  0.1574 ,  1.5171 ,  0.2863 ,  1.5882 ,
 -0.0397 ,  0.1225 , -0.0006 ,  1.3656 ,  2.4026 ,  1.3010 ,
 -0.0802 ,  0.0007 ,  0.1578 ,  1.5453 ,  2.3639 ,  1.9497 ,
 -0.0810 ,  0.1218 , -0.4770 ,  2.1554 ,  1.0929 ,  1.3063 ,
 -0.0401 ,  0.1625 ,  0.1580 ,  1.3280 ,  1.1252 ,  0.3054 ,
 -0.2419 ,  0.0416 , -0.1611 ,  0.7203 ,  2.1029 ,  1.6280 ,
  0.1226 ,  0.1227 ,  0.6355 ,  2.9224 ,  1.3811 ,  1.6012 ,
 -0.0802 ,  0.0819 , -0.0010 ,  2.9771 ,  2.3475 ,  1.9514 ,
 -0.2023 ,  0.0408 , -0.4780 ,  1.5045 ,  0.2976 ,  0.6558 ,
 -0.1607 ,  0.0412 ,  0.1582 ,  3.8785 ,  1.5829 ,  0.6257 ,
 -0.0010 ,  0.0803 , -0.6347 ,  2.9959 ,  1.8482 ,  0.6576 ,
  0.0012 ,  0.1634 ,  0.1583 ,  2.0737 ,  1.2140 ,  1.2992 ,
 -0.2009 ,  0.1239 ,  0.3157 ,  2.1685 ,  2.1215 ,  0.6184 ,
 -0.0806 ,  0.0004 , -0.0008 ,  1.5503 ,  2.3631 ,  0.9757 ,
 -0.1621 , -0.0406 , -0.3188 ,  3.9463 ,  2.2437 ,  0.9793 ,
 -0.2823 , -0.0394 , -0.0028 ,  1.6135 ,  2.0564 ,  1.3010 ,
 -0.0802 ,  0.0007 ,  0.1578 ,  1.5453 ,  1.7418 ,  0.9739 ,
 -0.0802 ,  0.0819 , -0.0010 ,  2.9771 ,  1.7254 ,  1.3010 ,
 -0.0802 ,  0.0820 ,  0.1580 ,  2.2444 ,  0.4614 ,  1.2785 ,
 -0.0399 ,  0.0817 , -0.0006 , -0.1226 ,  3.0327 ,  0.9757 ,
 -0.0800 ,  0.1240 ,  0.3163 ,  1.3511 ,  1.7046 ,  0.6401 ,
 -0.0406 , -0.0001 , -0.1590 ,  3.1044 ,  1.1808 ,  0.6522 ,
 -0.0802 ,  0.0814 ,  0.1584 ,  2.2406 ,  2.9243 ,  0.6256 ,
 -0.0798 ,  0.1635 , -0.0011 ,  1.3045 ,  1.7096 ,  1.6262 ,
 -0.0801 ,  0.0412 ,  0.1575 ,  2.3060 , -0.1374 ,  1.0136 ,
  0.0014 ,  0.2041 ,  0.1583 ,  2.7869 ,  1.8285 ,  1.9497 ,
 -0.1204 ,  0.0410 ,  0.1584 ,  4.6666 ,  1.6438 ,  1.2708 ,
  0.0002 ,  0.0408 , -0.0001 ,  3.8125 ,  1.2367 ,  0.3252 ,
 -0.1204 ,  0.1633 , -0.1602 ,  3.6340 ,  1.0237 ,  0.9775 ,
  0.0015 ,  0.1637 ,  0.3170 ,  0.5192 ,  1.2148 ,  1.2974 ,
 -0.0400 ,  0.1219 ,  0.1583 ,  1.3893 ,  2.9822 ,  0.6272 ,
  0.0004 ,  0.0815 , -0.0002 ,  2.9763 ,  3.0955 ,  0.6505 ,
 -0.0790 ,  0.1645 ,  0.4750 ,  2.8881 ,  1.0514 ,  0.9677 ,
 -0.1606 ,  0.1231 , -0.0018 ,  2.9162 ,  0.9694 ,  0.6505 ,
 -0.2416 ,  0.0419 , -0.0025 , -0.0594 ,  1.4815 ,  0.9757 ,
 -0.2016 ,  0.1226 , -0.3195 ,  2.1514 ,  0.9050 ,  0.3288 ,
 -0.0404 ,  0.1219 , -0.3179 ,  2.1502 ,  2.4011 ,  0.6541 ,
 -0.0787 ,  0.1645 ,  0.4749 ,  2.0891 ,  0.4504 ,  1.2427 ,
 -0.1198 ,  0.1644 ,  0.3164 ,  2.1123 ,  0.9916 ,  0.3304 ,
 -0.0809 ,  0.0001 , -0.1594 ,  2.3300 , -0.1266 ,  1.3027 ,
 -0.1614 ,  0.2048 ,  0.1560 ,  0.4548 ,  1.5698 ,  0.9598 ,
 -0.2013 ,  0.0417 , -0.0021 ,  1.4898 ,  1.5445 ,  0.3253 ,
 -0.2829 ,  0.0412 , -0.4788 ,  1.5052 ,  2.6608 ,  1.3064 ,
 -0.1199 ,  0.1653 ,  0.4738 ,  0.5090 ,  2.2681 ,  0.3174 ,
  0.0406 ,  0.0807 ,  0.1590 ,  2.2401 ,  1.8774 ,  0.9481 ,
 -0.1214 ,  0.0407 , -0.3186 ,  2.2737 ,  1.6688 ,  0.3288 ,
 -0.0396 ,  0.0008 ,  0.3169 ,  0.7653 ,  3.0496 ,  0.6469 ,
 -0.3227 ,  0.0825 , -0.3207 , -0.1104 ,  0.7241 ,  0.9793 ,
 -0.0397 ,  0.1225 , -0.0006 ,  2.9152 ,  1.1581 ,  0.9757 ,
  0.0019 ,  0.2452 ,  0.3168 ,  1.9460 ,  1.1991 ,  0.9722 ,
 -0.1200 ,  0.0815 ,  0.3175 ,  3.0264 ,  2.2420 ,  1.2521 ,
 -0.1208 ,  0.0818 , -0.1600 ,  2.9822 ,  1.6617 ,  0.6523 ,
 -0.0402 ,  0.0814 , -0.1592 ,  2.9815 ,  1.7875 ,  1.3027 ,
 -0.0808 , -0.0812 ,  0.1577 ,  2.4898 , -0.1160 ,  1.0136 ,
 -0.0399 ,  0.0817 , -0.0006 ,  0.6522 ,  1.7882 ,  0.9757 ,
  0.0009 ,  0.0414 ,  0.3172 ,  3.8026 ,  1.8605 ,  1.6226 ,
 -0.1606 ,  0.1231 , -0.0018 ,  0.5918 ,  1.5917 ,  0.9757 ,
 -0.0401 ,  0.0410 , -0.0005 ,  1.4885 ,  2.4182 ,  0.6505 ,
 -0.1604 ,  0.1638 , -0.0019 ,  2.0799 ,  2.2060 ,  0.3253 ,
 -0.2009 ,  0.1233 , -0.0023 ,  2.9166 ,  1.5287 ,  1.6262 ,
 -0.1201 ,  0.1636 , -0.0015 ,  1.3048 ,  1.6468 ,  0.6505 ,
 -0.1609 ,  0.1224 ,  0.1577 ,  2.9682 ,  1.5633 ,  0.9483 ,
 -0.0398 ,  0.1629 , -0.1593 ,  1.3090 ,  1.1496 ,  0.6522 ,
 -0.0395 ,  0.1633 , -0.0007 ,  0.5293 ,  1.7727 ,  0.3252 ,
 -0.1209 ,  0.0006 , -0.0012 ,  3.1002 ,  2.9225 ,  0.6505 ,
  0.0002 ,  0.0408 , -0.0001 ,  3.8125 ,  1.8590 ,  0.9757 ,
 -0.1621 , -0.0406 , -0.3188 ,  1.6222 ,  2.2437 ,  0.9793 ,
 -0.0393 ,  0.0404 ,  0.3182 ,  3.8764 ,  3.6018 ,  0.2835 ,
 -0.1206 ,  0.1222 ,  0.1579 ,  3.7558 ,  2.2388 ,  0.9483 ,
 -0.1608 ,  0.0818 ,  0.1580 ,  3.0292 ,  1.5731 ,  0.9483 ,
 -0.0802 ,  0.0819 , -0.0010 ,  0.6526 ,  2.3475 ,  0.6505 ,
 -0.0796 ,  0.0420 ,  0.3166 ,  1.4965 ,  0.4765 ,  0.3185 ,
 -0.1199 ,  0.1237 ,  0.3165 ,  2.1762 ,  0.9997 ,  1.6109 ,
 -0.2010 ,  0.0417 ,  0.1580 ,  3.0912 ,  0.9061 ,  1.2748 ,
 -0.1615 ,  0.0817 , -0.3190 ,  2.9873 ,  0.3535 ,  0.3288 ,
 -0.0807 ,  0.0408 , -0.1595 ,  0.7189 ,  1.1101 ,  0.9775 ,
 -0.1205 ,  0.0816 ,  0.1582 ,  2.2408 ,  1.6339 ,  0.9482 ,
 -0.0003 ,  0.0809 , -0.3174 ,  1.4365 ,  1.2274 ,  0.6541 ,
 -0.2016 ,  0.1226 , -0.3195 , -0.1729 ,  0.9050 ,  1.3045 ,
 -0.0802 ,  0.0815 ,  0.1584 ,  1.4516 ,  1.6977 ,  0.9492 ,
 -0.1207 ,  0.0413 , -0.0013 ,  1.4891 ,  2.2924 ,  0.3253 ,
 -0.1615 ,  0.0005 , -0.1603 ,  0.7811 ,  1.6143 ,  0.6523 ,
  0.0006 ,  0.0411 ,  0.1586 ,  4.5826 ,  0.6152 ,  0.9739 ,
 -0.0400 ,  0.1222 , -0.1593 ,  2.9201 ,  1.1574 ,  0.9775 ,
 -0.1607 ,  0.0413 ,  0.1582 ,  1.5137 ,  2.1990 ,  0.6261 ,
 -0.1204 ,  0.1229 ,  0.1577 ,  2.1836 ,  0.3908 ,  0.6382 ,
 -0.1601 ,  0.1242 ,  0.3154 ,  0.5802 ,  0.9642 ,  1.2719 ,
 -0.0395 ,  0.1225 ,  0.1576 ,  3.7648 , -0.0922 ,  1.6556 ,
 -0.0811 ,  0.0405 , -0.3182 ,  1.4986 , -0.1352 , -0.3217 ,
 -0.0406 ,  0.0811 , -0.3178 ,  2.2117 ,  1.1645 ,  0.0036 ,
  0.0004 ,  0.0815 , -0.0002 ,  2.2015 , -0.0156 ,  0.9757 ,
  0.0006 ,  0.1223 , -0.0002 ,  3.6895 ,  1.8433 ,  1.3010 ,
 -0.0801 ,  0.0408 ,  0.1587 ,  3.8781 ,  1.7048 ,  1.5933 ,
 -0.0802 ,  0.0814 ,  0.1584 ,  2.2406 ,  1.0800 ,  0.6256 ,
 -0.1613 ,  0.1225 , -0.3191 ,  2.1511 ,  1.5902 ,  1.9551 ,
 -0.0803 ,  0.1220 ,  0.1581 ,  2.1794 ,  1.6850 ,  0.6257 ,
 -0.1608 ,  0.0823 , -0.0018 ,  1.4281 , -0.2673 ,  1.6262 ,
 -0.1203 ,  0.0415 ,  0.3160 ,  3.0939 ,  0.3979 ,  0.9411 ,
 -0.0402 ,  0.0814 , -0.1592 ,  1.4320 ,  1.7875 ,  0.6522 ,
 -0.0804 ,  0.0412 , -0.0009 ,  3.0384 ,  1.7331 ,  0.9757 ,
 -0.0394 ,  0.1642 ,  0.3163 ,  0.5159 ,  1.1423 ,  1.5913 ,
  0.0404 ,  0.0825 ,  0.3170 ,  0.6334 ,  2.5364 ,  1.2764 ,
 -0.1205 ,  0.0816 ,  0.1582 ,  3.0291 ,  1.6339 ,  0.9482 ,
 -0.2423 , -0.0399 , -0.1610 ,  1.6181 ,  0.8741 ,  0.9775 ,
 -0.0802 ,  0.0819 , -0.0010 ,  0.6526 ,  1.7254 ,  0.6505 ,
 -0.1203 ,  0.1229 , -0.0014 ,  1.3663 , -0.2122 ,  0.9757 ,
 -0.1214 ,  0.0407 , -0.3186 ,  2.2737 ,  2.2910 ,  0.6541 ,
 -0.0008 ,  0.0398 , -0.4760 ,  1.5029 ,  0.6122 ,  0.9811 ,
 -0.1606 ,  0.1231 , -0.0018 ,  2.1414 ,  2.2139 ,  0.9757 ,
 -0.0403 ,  0.0002 , -0.0004 ,  0.0003 ,  3.0483 ,  1.6262 ,
  0.0403 , -0.0002 ,  0.0004 ,  1.5492 ,  2.5519 ,  0.9757 ,
 -0.0805 ,  0.0825 ,  0.1575 ,  0.6422 ,  1.7202 ,  0.9596 ,
 -0.0402 ,  0.1626 , -0.3180 ,  1.3139 ,  1.1489 ,  1.3045 ,
 -0.1205 ,  0.0816 ,  0.1582 ,  2.2410 ,  1.0190 ,  0.6267 ,
 -0.0807 ,  0.0408 , -0.1595 ,  3.0433 ,  1.7324 ,  0.6523 ,
 -0.1205 ,  0.0817 ,  0.1582 ,  1.4521 ,  2.2520 ,  0.6266 ,
 -0.1205 ,  0.0009 ,  0.1574 ,  0.7709 ,  1.0565 ,  0.6487 ,
 -0.1608 ,  0.0823 , -0.0018 ,  2.2028 ,  2.2216 ,  0.3253 ,
 -0.0001 ,  0.1217 , -0.3175 ,  3.6996 ,  0.5973 ,  0.6541 ,
 -0.1605 ,  0.0829 ,  0.3163 ,  2.2309 ,  2.8099 ,  1.5850 ,
 -0.1608 ,  0.0011 ,  0.1570 ,  1.5461 , -0.2509 ,  0.9739 ,
 -0.0394 ,  0.0417 ,  0.3169 ,  1.4955 ,  0.5388 ,  0.3208 ,
  0.0406 ,  0.1218 , -0.1585 ,  0.5950 ,  1.2833 ,  0.9775 ,
  0.0409 ,  0.0816 ,  0.3179 ,  2.2266 ,  2.5029 ,  0.6170 ,
 -0.2010 ,  0.1637 , -0.1610 ,  1.3104 ,  1.5203 ,  1.3027 ,
 -0.0804 , -0.0395 ,  0.1578 ,  0.0590 ,  1.7570 ,  1.5991 ,
 -0.0401 ,  0.0410 , -0.0005 ,  0.7137 ,  2.4182 ,  1.3010 ,
 -0.0404 ,  0.0406 , -0.1591 ,  2.2682 ,  1.1730 ,  1.6278 ,
 -0.0798 ,  0.1635 , -0.0011 ,  0.5297 ,  2.3319 ,  1.3010 ,
  0.0010 ,  0.2038 , -0.0004 ,  1.2423 ,  1.8277 ,  0.6505 ,
 -0.0807 ,  0.0408 , -0.1595 ,  1.4937 ,  1.7324 ,  0.0018 ,
  0.0402 ,  0.1215 , -0.3171 ,  2.1495 ,  1.9048 ,  0.6541 ,
 -0.1608 ,  0.0427 ,  0.1573 ,  0.7074 ,  0.9825 ,  0.6392 ,
 -0.0402 ,  0.0814 , -0.1592 ,  1.4320 ,  2.4096 ,  0.3270 ,
 -0.0395 ,  0.1225 ,  0.1576 ,  3.7648 , -0.0922 ,  0.3319 ,
 -0.0395 ,  0.1633 , -0.0007 ,  0.5293 ,  1.7727 ,  0.9757 ,
 -0.0814 ,  0.0402 , -0.4768 ,  2.2783 ,  1.7309 ,  0.9811 ,
  0.0010 ,  0.0009 ,  0.4759 ,  3.0846 ,  2.4913 ,  0.9703 ,
 -0.1606 , -0.0800 ,  0.3176 ,  2.4862 ,  1.6054 ,  0.9574 ,
 -0.1594 ,  0.2058 ,  0.4741 ,  2.8276 ,  0.9181 ,  0.6473 ,
 -0.1198 ,  0.2044 , -0.0016 , -0.3063 , -0.2278 ,  0.6505 ,
 -0.0801 ,  0.1631 , -0.1597 ,  0.5346 ,  1.7090 ,  0.3270 ,
  0.0810 ,  0.0811 ,  0.0007 ,  2.2008 ,  1.9770 ,  0.3252 ,
 -0.2409 ,  0.2454 , -0.1615 ,  0.4130 ,  0.8195 ,  0.9775 ,
 -0.0409 , -0.0409 , -0.1590 ,  1.6163 ,  2.4331 ,  0.3270 ,
 -0.0799 ,  0.0010 ,  0.3165 ,  2.3153 ,  1.1202 ,  0.9722 ,
 -0.2010 ,  0.0415 ,  0.1580 ,  1.5139 ,  1.5230 ,  1.2713 ,
 -0.1206 ,  0.1226 , -0.1601 ,  5.2454 ,  1.6538 ,  0.3270 ,
 -0.0806 ,  0.0004 , -0.0008 ,  3.1000 ,  1.1186 ,  0.6505 ,
 -0.0793 ,  0.1242 ,  0.4750 ,  1.3507 ,  1.7099 ,  0.6433 ,
 -0.2004 ,  0.0833 ,  0.3153 ,  2.2405 ,  0.2715 ,  0.9335 ,
  0.0404 ,  0.1621 ,  0.1584 ,  1.3272 ,  1.2477 ,  1.2732 ,
 -0.0400 ,  0.2034 , -0.3181 ,  0.4777 ,  1.7634 ,  0.6541 ,
 -0.0806 ,  0.0004 , -0.0008 ,  3.1000 ,  2.3631 ,  0.9757 ,
 -0.1206 ,  0.1226 , -0.1601 ,  2.1460 ,  2.2762 ,  0.9775 ,
 -0.1212 ,  0.0003 , -0.1599 ,  3.8799 ,  1.6773 ,  1.3027 ,
 -0.0798 ,  0.1234 ,  0.3168 ,  2.1743 ,  1.0605 ,  1.2918 ,
 -0.0399 ,  0.0005 ,  0.1582 ,  3.0946 ,  1.8046 ,  1.2992 ,
 -0.0812 , -0.0407 , -0.1594 ,  2.3915 ,  2.3702 ,  0.9775 ,
 -0.0401 ,  0.0410 , -0.0005 ,  0.7137 ,  0.5515 ,  0.3252 ,
  0.0007 ,  0.0006 ,  0.3173 ,  2.3147 ,  1.8682 ,  0.9722 ,
 -0.0005 ,  0.0401 , -0.3174 ,  1.4980 ,  2.4797 ,  1.9549 ,
 -0.0809 ,  0.1631 ,  0.1562 , -0.2463 ,  2.3314 ,  0.3267 ,
 -0.0802 ,  0.0819 , -0.0010 ,  1.4274 ,  1.1030 ,  0.9757 ,
 -0.0410 , -0.0004 , -0.3177 ,  2.3346 ,  0.5578 ,  0.6541 ,
 -0.1203 ,  0.1229 , -0.0014 ,  1.3663 ,  0.4101 ,  0.9757 ,
 -0.0804 ,  0.0420 ,  0.1579 ,  0.7060 ,  1.7285 ,  0.9593 ,
 -0.0804 ,  0.1628 ,  0.1578 ,  1.3285 ,  2.9127 ,  0.3054 ,
 -0.1204 ,  0.1633 , -0.1602 ,  1.3097 ,  0.4015 ,  0.9775 ,
 -0.0806 ,  0.0004 , -0.0008 ,  2.3252 ,  1.1186 ,  0.0000 ,
 -0.0802 ,  0.0007 ,  0.1578 ,  2.3202 ,  1.1194 ,  1.9497 ,
 -0.1206 ,  0.1222 ,  0.1579 ,  2.1798 ,  1.0091 ,  0.3043 ,
  0.0814 ,  0.1627 ,  0.0005 ,  2.0778 ,  1.9614 ,  0.6504 ,
 -0.0804 ,  0.0412 , -0.0009 ,  2.2636 ,  0.4886 ,  1.3010 ,
 -0.0001 ,  0.1217 , -0.3175 ,  1.3750 ,  1.2197 ,  1.6297 ,
 -0.0406 ,  0.0811 , -0.3178 ,  0.6620 ,  1.7869 ,  0.9793 ,
  0.0008 ,  0.1631 , -0.0003 , -1.0208 ,  1.8356 ,  0.6505 ,
 -0.0405 , -0.0406 , -0.0003 ,  0.8366 ,  1.1894 ,  0.3252 ,
 -0.1210 ,  0.0410 , -0.1599 ,  3.0437 ,  2.2916 ,  0.9775 ,
 -0.0800 ,  0.1227 , -0.0010 ,  2.9155 ,  0.4730 ,  0.9757 ,
 -0.1208 ,  0.0818 , -0.1600 ,  0.6578 ,  1.0394 ,  0.9775 ,
 -0.0802 ,  0.0819 , -0.0010 ,  1.4274 ,  2.3475 ,  1.9514 ,
 -0.1613 ,  0.1225 , -0.3191 ,  2.9259 , -0.2766 ,  0.9793 ,
 -0.0403 ,  0.0002 , -0.0004 ,  1.5500 ,  2.4261 ,  0.6505 ,
 -0.0803 ,  0.1224 , -0.1597 ,  0.5960 ,  2.3390 ,  0.9775 ,
 -0.1609 ,  0.1228 , -0.1605 ,  0.5967 ,  2.2132 ,  0.6523 ,
  0.0400 ,  0.0807 , -0.3170 ,  0.6613 ,  1.2904 ,  0.9793 ,
 -0.0801 ,  0.0408 ,  0.1587 ,  2.3018 ,  2.9340 ,  1.2708 ,
 -0.0806 ,  0.0004 , -0.0008 ,  0.0007 ,  1.1186 ,  1.6262 ,
 -0.1205 ,  0.0821 , -0.0014 ,  0.6529 ,  1.0400 ,  0.3253 ,
 -0.0398 ,  0.1629 , -0.1593 , -0.2406 ,  1.1496 ,  0.3270 ,
  0.0006 ,  0.0411 ,  0.1586 ,  2.2581 ,  3.1042 ,  0.9739 ,
 -0.1212 ,  0.0815 , -0.3186 ,  1.4375 ,  2.2832 ,  0.9793 ,
 -0.1613 ,  0.1225 , -0.3191 ,  2.1511 ,  1.5902 ,  0.9793 ,
  0.0400 ,  0.0807 , -0.3170 ,  2.9859 ,  1.9127 ,  0.6540 ,
 -0.0390 ,  0.0822 ,  0.1586 , -0.1289 , -2.5752 , -0.0068 ,
 -0.0406 ,  0.0811 , -0.3178 ,  1.4368 ,  1.1645 ,  1.6297 ,
 -0.0408 ,  0.0403 , -0.3178 ,  2.2731 ,  1.7946 ,  0.6541 ,
 -0.1203 ,  0.1229 , -0.0014 ,  0.5915 ,  0.4101 ,  0.9757 ,
 -0.1202 ,  0.1230 ,  0.3165 ,  5.3405 ,  0.9933 ,  1.2775 ,
 -0.0804 ,  0.0412 , -0.0009 ,  2.2636 ,  1.1108 ,  0.6505 ,
 -0.1210 ,  0.0822 ,  0.3139 , -0.8850 ,  2.2890 ,  0.3299 ,
 -0.0407 , -0.0813 , -0.0003 ,  2.4477 ,  1.1972 ,  0.6505 ,
 -0.0800 ,  0.1634 ,  0.1578 ,  2.1216 ,  0.4433 ,  1.9183 ,
 -0.0405 ,  0.1623 , -0.4766 ,  2.8684 ,  1.1481 , -0.3199 ,
 -0.0397 ,  0.1225 , -0.0006 ,  2.1405 ,  1.1581 ,  0.9757 ,
 -0.0802 ,  0.0814 ,  0.1584 ,  3.0289 ,  1.0800 ,  0.6256 ,
 -0.1205 ,  0.0822 ,  0.1578 ,  2.2450 ,  0.3999 ,  0.9574 ,
 -0.0804 ,  0.1625 ,  0.1579 ,  3.6946 ,  2.9046 ,  0.9483 ,
 -0.2010 ,  0.0827 ,  0.1573 ,  1.4567 ,  0.2776 ,  0.9539 ,
  0.0013 ,  0.0417 ,  0.4758 ,  1.4735 ,  1.2390 ,  1.2956 ,
 -0.0805 ,  0.0816 , -0.1596 ,  1.4322 ,  0.4801 ,  0.9775 ,
  0.0006 ,  0.0411 ,  0.1586 ,  1.4833 , -0.6294 ,  0.6487 ,
  0.0001 ,  0.0812 , -0.1588 ,  0.6568 , -0.0164 ,  1.3027 ,
 -0.1212 ,  0.0003 , -0.1599 ,  1.5555 ,  1.6773 ,  1.6280 ,
 -0.0403 ,  0.0002 , -0.0004 ,  3.0996 ,  1.1816 ,  0.3252 ,
 -0.0791 ,  0.0833 ,  0.4752 ,  1.4193 ,  1.0969 ,  0.9557 ,
 -0.0801 , -0.0799 ,  0.1588 ,  0.8982 ,  1.1300 ,  1.6027 ,
 -0.0397 ,  0.1225 , -0.0006 ,  0.5908 ,  1.1581 ,  0.6505 ,
 -0.0403 ,  0.0002 , -0.0004 ,  2.3248 ,  1.8039 ,  0.6505 ,
  0.0401 , -0.0410 ,  0.0005 ,  0.8359 ,  1.9376 ,  1.3009 ,
  0.0001 ,  0.0812 , -0.1588 ,  2.2064 ,  2.4725 ,  0.0018 ,
 -0.0401 ,  0.0410 , -0.0005 ,  2.2635 ,  1.7961 ,  1.3010 ,
 -0.1613 ,  0.0412 , -0.1603 , -0.0552 , -0.8825 ,  1.9533 ,
 -0.0397 ,  0.1225 , -0.0006 ,  2.1405 , -0.0864 ,  0.3252 ,
  0.0001 ,  0.0812 , -0.1588 ,  2.2064 ,  2.4725 ,  1.6278 ,
 -0.1608 ,  0.0011 ,  0.1570 ,  2.3209 ,  1.6160 ,  0.9739 ,
 -0.2011 ,  0.0825 , -0.0022 ,  1.4284 ,  0.9143 ,  0.3253 ,
 -0.0802 ,  0.0819 , -0.0010 ,  0.6526 ,  1.1030 ,  0.6505 ,
 -0.0385 ,  0.1235 ,  0.4754 ,  0.5752 , -0.0824 ,  1.2759 ,
  0.0008 ,  0.0818 ,  0.1585 ,  2.1966 ,  1.8520 ,  1.6244 ,
 -0.1606 ,  0.1231 , -0.0018 ,  0.5918 ,  0.3472 ,  0.9757 ,
 -0.1202 ,  0.0822 ,  0.1571 ,  3.0347 , -0.2054 ,  0.6797 ,
  0.0013 ,  0.1229 ,  0.3170 ,  2.9051 ,  1.2226 ,  0.9722 ,
 -0.1212 ,  0.0815 , -0.3186 ,  1.4375 ,  1.0387 ,  0.9793 ,
 -0.2009 ,  0.1233 , -0.0023 ,  1.3670 ,  0.9065 ,  0.6505 ,
 -0.1209 , -0.0402 ,  0.1573 ,  2.4282 , -0.1840 ,  1.0192 ,
 -0.1208 ,  0.0818 , -0.1600 ,  1.4326 ,  1.0394 ,  1.3027 ,
 -0.1207 ,  0.0413 , -0.0013 ,  2.2640 ,  1.6701 ,  0.9757 ,
  0.0009 ,  0.0414 ,  0.3172 ,  2.2532 ,  1.2382 ,  0.6469 ,
 -0.0807 ,  0.0408 , -0.1595 ,  2.2686 , -0.7567 ,  0.6523 ,
  0.0006 ,  0.0411 ,  0.1586 ,  2.2581 ,  0.6152 , -0.0018 ,
 -0.0811 ,  0.0405 , -0.3182 , -0.8259 ,  2.3538 , -0.3217 ,
 -0.0800 ,  0.0826 ,  0.3171 ,  2.2313 ,  1.6968 ,  1.6008 ,
 -0.0798 ,  0.0417 ,  0.3173 ,  2.2922 ,  2.3260 ,  0.9386 ,
 -0.0803 ,  0.1221 ,  0.1581 ,  1.3897 ,  1.0731 ,  0.3046 ,
 -0.0800 ,  0.1227 , -0.0010 ,  1.3659 ,  1.7175 ,  1.3010 ,
 -0.2010 ,  0.1637 , -0.1610 ,  1.3104 ,  2.7646 ,  0.6523 ,
 -0.0804 ,  0.0412 , -0.0009 ,  2.2636 ,  1.1108 ,  0.9757 ,
 -0.1609 ,  0.1228 , -0.1605 ,  1.3715 ,  1.5910 ,  0.9775 ,
 -0.0802 ,  0.0819 , -0.0010 ,  0.6526 ,  1.1030 ,  0.9757 ,
 -0.0799 ,  0.0825 ,  0.1579 ,  0.6512 ,  0.4735 ,  1.2803 ,
 -0.0003 , -0.0003 , -0.1586 ,  3.1042 , -0.0007 ,  1.9532 ,
 -0.1205 ,  0.0417 ,  0.1571 , -0.0643 ,  0.4253 ,  0.6349 ,
 -0.0811 ,  0.0405 , -0.3182 ,  3.0483 ,  1.1094 ,  0.6541 ,
  0.0004 ,  0.0815 , -0.0002 , -0.1229 ,  1.2288 ,  0.6505 ,
 -0.0406 , -0.0001 , -0.1590 ,  0.7801 ,  1.8031 ,  0.3270 ,
 -0.0408 ,  0.0403 , -0.3178 ,  2.2731 , -0.6945 ,  0.9793 ,
 -0.0007 , -0.0006 , -0.3173 ,  1.5594 ,  1.2430 ,  0.0036 ,
 -0.0801 ,  0.0408 ,  0.1587 ,  3.0901 ,  1.0900 ,  0.9482 ,
 -0.0386 ,  0.1637 ,  0.3160 ,  2.1096 , -0.7044 ,  1.6470 ,
 -0.2023 ,  0.1220 , -0.6368 ,  1.3865 ,  0.2812 ,  0.9828 ,
 -0.0404 ,  0.1219 , -0.3179 ,  0.6005 ,  1.1567 ,  0.9793 ,
 -0.0405 , -0.0406 , -0.0003 ,  0.8366 ,  1.1894 ,  0.3252 ,
 -0.0804 ,  0.1625 ,  0.1579 ,  2.1183 ,  1.6751 ,  1.2708 ,
  0.0008 ,  0.0818 ,  0.1585 ,  0.6470 ,  1.2296 ,  1.2992 ,
  0.0809 ,  0.0814 ,  0.1592 ,  0.6459 ,  0.7226 ,  0.6428 ,
 -0.0399 ,  0.0817 , -0.0006 ,  2.2019 , -0.7009 ,  0.9757 ,
 -0.0401 ,  0.0830 ,  0.3167 ,  1.4106 ,  2.3993 ,  0.6297 ,
 -0.0796 ,  0.1236 ,  0.3165 ,  1.3618 ,  1.0792 ,  0.6462 ,
 -0.1212 ,  0.0003 , -0.1599 ,  1.5555 ,  1.6773 ,  0.0018 ,
 -0.0805 ,  0.0816 , -0.1596 ,  2.2071 ,  1.7246 ,  0.6523 ,
 -0.0395 ,  0.1633 , -0.0007 ,  2.0790 ,  0.5281 ,  0.9757 ,
 -0.0803 ,  0.1220 ,  0.1581 ,  2.9676 ,  1.0702 ,  1.2708 ,
  0.0402 ,  0.0403 , -0.1583 , -0.8318 ,  2.5433 ,  0.3270 ,
 -0.0795 ,  0.1233 ,  0.3163 ,  2.1756 ,  0.4492 ,  0.3206 ,
 -0.0808 ,  0.1625 , -0.4770 ,  2.0938 ,  1.7075 ,  0.9811 ,
 -0.0411 ,  0.0400 , -0.4764 , -0.0464 , -0.0730 ,  1.3063 ,
 -0.0398 ,  0.0406 ,  0.1589 ,  2.3017 ,  2.3802 ,  0.6256 ,
 -0.0007 , -0.0006 , -0.3173 ,  2.3344 ,  1.2430 ,  0.9793 ,
 -0.0003 , -0.0003 , -0.1586 ,  1.5546 ,  1.8661 ,  1.3027 ,
 -0.0398 ,  0.1237 ,  0.3167 ,  1.3502 ,  1.7673 ,  1.2820 ,
 -0.1618 ,  0.0814 , -0.4777 ,  1.4428 ,  2.8416 ,  0.6558 ,
 -0.0386 ,  0.2052 ,  0.4752 ,  1.2334 ,  1.1310 ,  0.6375 ,
 -0.2022 ,  0.0003 , -0.3193 ,  0.7863 ,  0.3062 ,  0.9793 ,
 -0.1607 ,  0.0825 ,  0.1576 ,  1.4559 ,  0.3397 ,  0.3197 ,
 -0.2010 ,  0.0437 ,  0.3157 ,  1.4755 ,  2.7814 ,  0.9514 ,
 -0.1199 ,  0.0832 ,  0.3159 ,  0.6415 ,  1.0362 ,  1.5922 ,
 -0.1203 ,  0.1229 , -0.0014 ,  1.3663 ,  1.0323 ,  0.3253 ,
 -0.0002 , -0.0408 ,  0.0001 ,  0.8362 ,  1.2524 ,  0.9757 ,
 -0.0804 ,  0.0412 , -0.0009 ,  2.2636 , -0.1337 ,  0.9757 ,
 -0.0801 ,  0.0413 ,  0.3170 ,  3.0925 ,  1.0725 ,  0.9575 ,
 -0.1205 ,  0.0817 ,  0.1582 ,  1.4521 ,  1.6364 ,  0.9492 ,
 -0.1203 ,  0.1230 ,  0.1578 ,  1.3940 ,  0.3922 ,  0.6402 ,
 -0.1212 ,  0.0815 , -0.3186 ,  1.4375 ,  1.6610 ,  0.6541 ,
 -0.0810 , -0.0811 , -0.0007 ,  2.4481 , -0.1102 ,  0.3252 ,
  0.0409 ,  0.0415 ,  0.3171 , -0.0699 ,  1.3010 ,  1.2754 ,
 -0.0400 ,  0.1217 ,  0.1583 ,  2.1793 ,  1.1311 ,  0.3031 ,
 -0.0398 ,  0.1629 , -0.1593 ,  2.0838 ,  1.7719 ,  1.6278 ,
 -0.0400 , -0.0400 ,  0.1586 ,  0.8395 ,  0.5607 ,  1.2855 ,
 -0.0802 ,  0.0819 , -0.0010 ,  1.4274 , -0.1415 ,  0.6505 ,
 -0.0812 ,  0.0810 , -0.4769 ,  2.2167 ,  2.3453 ,  0.9811 ,
 -0.0804 ,  0.0412 , -0.0009 ,  0.7141 ,  1.1108 ,  0.3252 ,
 -0.0399 ,  0.0817 , -0.0006 ,  2.9767 , -0.0785 ,  0.9757 ,
 -0.1205 ,  0.0009 ,  0.1574 ,  0.7709 ,  2.3011 ,  0.6487 ,
  0.0394 , -0.0416 , -0.3168 ,  1.6205 ,  1.3138 ,  0.9793 ,
 -0.0001 ,  0.0405 , -0.1587 ,  1.4931 ,  0.6137 ,  0.6522 ,
  0.0402 ,  0.1215 , -0.3171 ,  2.1495 ,  1.9048 ,  0.3288 ,
 -0.0003 ,  0.0809 , -0.3174 ,  1.4365 ,  0.6051 ,  1.6297 ,
 -0.2002 ,  0.1651 ,  0.3149 ,  0.5193 ,  0.8925 ,  0.6352 ,
 -0.1198 ,  0.0832 ,  0.3163 ,  1.4275 ,  1.0262 ,  1.2860 ,
 -0.1204 ,  0.0410 ,  0.1584 ,  3.0904 ,  1.0289 ,  1.2716 ,
 -0.0804 ,  0.0412 , -0.0009 ,  0.7141 ,  0.4886 ,  0.3252 ,
  0.0007 ,  0.0006 ,  0.3173 ,  0.7650 ,  0.0015 ,  1.2974 ,
 -0.1205 ,  0.0009 ,  0.1574 ,  1.5457 ,  1.6788 ,  0.3235 ,
  0.0008 ,  0.1631 , -0.0003 , -0.2458 , -0.0312 ,  0.6505 ,
 -0.2412 ,  0.1235 , -0.0027 ,  0.5925 ,  1.4659 ,  1.6262 ,
 -0.1212 ,  0.0815 , -0.3186 ,  0.6627 ,  1.6610 ,  1.3045 ,
  0.0417 ,  0.0821 ,  0.4762 ,  2.2102 ,  0.6525 ,  0.3187 ,
 -0.0803 ,  0.1224 , -0.1597 ,  0.5960 ,  2.3390 ,  0.9775 ,
 -0.0398 ,  0.0406 ,  0.1589 ,  2.3017 ,  3.6097 ,  0.9482 ,
  0.0001 ,  0.0812 , -0.1588 ,  2.9811 ,  0.6059 ,  0.6522 ,
 -0.0399 ,  0.0812 ,  0.1586 ,  2.2406 ,  2.9850 ,  0.6256 ,
 -0.1601 ,  0.0017 ,  0.4743 ,  0.7615 ,  1.6174 ,  1.2956 ,
  0.0004 ,  0.0815 , -0.0002 ,  2.2015 ,  1.8511 , -0.3252 ,
 -0.0404 ,  0.0406 , -0.1591 ,  1.4933 ,  1.1730 ,  0.3270 ,
 -0.0407 ,  0.1216 , -0.4765 ,  0.6055 ,  1.7782 ,  0.9811 ,
 -0.0802 ,  0.0819 , -0.0010 ,  1.4274 ,  2.3475 ,  0.6505 ,
 -0.1618 ,  0.0814 , -0.4777 ,  0.6680 ,  1.5973 ,  0.6558 ,
 -0.1202 ,  0.0826 ,  0.3166 ,  2.2301 ,  2.8720 ,  0.2945 ,
 -0.0397 ,  0.1225 , -0.0006 ,  1.3656 ,  0.5359 ,  0.6505 ,
 -0.1214 ,  0.0407 , -0.3186 ,  0.7241 , -0.1981 ,  0.6541 ,
 -0.1601 ,  0.2046 , -0.0020 ,  2.0185 ,  2.1982 , -0.3252 ,
 -0.0807 ,  0.0408 , -0.1595 ,  3.0433 ,  1.1101 ,  0.9775 ,
  0.0407 ,  0.0401 ,  0.1593 ,  2.3013 ,  1.2725 ,  0.3030 ,
 -0.0396 ,  0.2037 , -0.1594 ,  2.0225 ,  1.1418 ,  0.9775 ,
  0.0011 ,  0.0821 ,  0.3171 ,  0.6421 , -0.6365 ,  1.2974 ,
 -0.0403 , -0.0405 ,  0.1579 ,  4.0105 , -0.0618 ,  0.3319 ,
 -0.0811 ,  0.0405 , -0.3182 ,  0.7238 ,  1.1094 ,  0.9793 ,
 -0.0807 ,  0.0408 , -0.1595 ,  2.2686 ,  2.3548 ,  0.6523 ,
  0.0399 , -0.0817 ,  0.0006 , -0.6523 ,  2.5676 ,  0.3252 ,
  0.0004 ,  0.0815 , -0.0002 ,  1.4267 ,  1.8511 ,  0.6505 ,
  0.0401 ,  0.1619 , -0.4758 ,  2.0930 ,  2.5184 ,  0.0053 ,
 -0.0799 ,  0.0010 ,  0.3165 ,  2.3153 ,  1.1202 ,  0.3217 ,
 -0.0010 ,  0.0803 , -0.6347 ,  0.6714 ,  3.0927 ,  0.6576 ,
 -0.2015 ,  0.0010 , -0.0020 ,  0.7765 ,  0.9299 ,  0.6505 ,
  0.0011 ,  0.0821 ,  0.3171 ,  2.1918 ,  0.6081 ,  1.2974 ,
 -0.1203 ,  0.0415 ,  0.3160 ,  3.0939 ,  0.3979 ,  1.2539 ,
 -0.1208 ,  0.1630 , -0.3188 ,  2.0893 , -2.0886 ,  0.9793 ,
  0.0407 ,  0.0813 ,  0.0003 ,  1.4263 ,  1.9141 , -0.0000 ,
 -0.0804 ,  0.0412 , -0.0009 ,  2.2636 ,  2.9775 ,  0.9757 ,
 -0.0813 , -0.0002 , -0.3181 ,  1.5601 ,  1.7395 ,  0.6541 ,
 -0.1608 ,  0.0823 , -0.0018 , -0.8964 , -0.2673 ,  0.6505 ,
 -0.0405 ,  0.1634 ,  0.1573 ,  0.5170 ,  1.1428 ,  1.2814 ,
  0.0009 ,  0.0414 ,  0.3172 ,  1.4784 , -0.0063 ,  0.9722 ,
 -0.1613 ,  0.0412 , -0.1603 ,  0.7196 ,  0.9843 ,  0.6523 ,
  0.0808 ,  0.0416 ,  0.3177 ,  0.6947 ,  2.6083 , -0.0065 ,
 -0.0801 ,  0.1631 , -0.1597 ,  2.0842 ,  0.4644 ,  1.3027 ,
  0.0021 ,  0.2048 ,  0.4755 ,  2.0025 ,  1.8301 , -0.0053 ,
  0.0010 ,  0.1226 ,  0.1584 ,  3.6846 ,  1.2218 ,  0.9739 ,
  0.0006 ,  0.0411 ,  0.1586 ,  3.8076 ,  2.4820 ,  1.6244 ,
 -0.0801 ,  0.1647 ,  0.3161 ,  1.2885 ,  1.6947 ,  1.6040 ,
 -0.1214 ,  0.0407 , -0.3186 ,  3.0485 ,  2.2910 ,  0.3288 ,
 -0.1214 , -0.0405 , -0.1598 , -0.7075 ,  1.0628 ,  0.9775 ,
 -0.0801 ,  0.0832 ,  0.3162 ,  0.6361 ,  1.7233 ,  0.9579 ,
 -0.0800 ,  0.1227 , -0.0010 ,  2.1407 ,  1.0952 ,  0.6505 ,
 -0.1214 ,  0.0407 , -0.3186 ,  1.4989 ,  0.4242 ,  1.3045 ,
 -0.1204 ,  0.1633 , -0.1602 ,  2.8592 ,  1.0237 ,  0.6523 ,
 -0.1215 ,  0.0812 , -0.4773 ,  1.4423 , -0.8290 ,  0.9811 ,
 -0.0804 ,  0.0412 , -0.0009 ,  1.4888 ,  1.7331 ,  0.9757 ,
  0.0813 ,  0.0002 ,  0.3181 ,  3.8634 ,  0.1273 ,  0.3217 ,
 -0.0406 , -0.0001 , -0.1590 ,  0.0052 ,  2.4253 ,  1.3027 ,
 -0.1619 ,  0.0002 , -0.3189 ,  1.5608 ,  0.3691 ,  0.3288 ,
 -0.0802 ,  0.0819 , -0.0010 , -0.1222 ,  1.1030 ,  0.3253 ,
 -0.0399 ,  0.0812 ,  0.1586 ,  3.0288 ,  1.1409 , -0.3420 ,
 -0.1197 ,  0.0430 ,  0.4750 ,  1.4760 ,  1.6655 ,  0.6441 ,
 -0.0404 ,  0.1228 ,  0.1576 ,  0.5793 ,  1.1508 ,  1.9253 ,
 -0.0805 ,  0.0816 , -0.1596 ,  0.6575 ,  0.4801 ,  0.9775 ,
 -0.0801 ,  0.1631 , -0.1597 ,  0.5346 ,  0.4644 ,  1.9533 ,
 -0.1210 ,  0.0410 , -0.1599 ,  0.7193 ,  1.6695 ,  0.0018 ,
  0.0809 ,  0.0805 ,  0.1592 ,  3.0281 ,  1.3235 ,  1.9158 ,
 -0.1192 ,  0.2053 ,  0.3158 ,  0.4587 ,  0.3902 ,  0.9297 ,
 -0.0404 ,  0.0406 , -0.1591 , -0.0562 ,  1.7953 ,  0.3270 ,
 -0.0389 ,  0.0830 ,  0.4756 ,  1.4199 ,  1.1585 ,  0.3220 ,
 -0.0805 ,  0.0816 , -0.1596 , -0.1173 ,  0.4801 ,  1.6280 ,
 -0.1207 ,  0.0413 , -0.0013 ,  1.4891 ,  0.4257 ,  0.6505 ,
 -0.1206 ,  0.0415 ,  0.1579 ,  3.0967 ,  0.4089 ,  0.6382 ,
  0.0407 ,  0.0813 ,  0.0003 ,  3.7505 ,  1.2918 , -0.0000 ,
 -0.2011 ,  0.1231 ,  0.1575 ,  2.1799 ,  0.8855 ,  0.3088 ,
 -0.1617 ,  0.0409 , -0.3190 ,  0.7245 ,  0.9836 ,  0.9793 ,
 -0.0799 ,  0.2039 , -0.1598 ,  1.2479 ,  0.4566 ,  0.6523 ,
 -0.1203 ,  0.1229 , -0.0014 ,  2.9159 ,  0.4101 ,  0.0000 ,
 -0.0001 ,  0.0405 , -0.1587 , -0.0566 ,  1.2359 ,  0.6522 ,
 -0.0804 ,  0.0832 ,  0.3159 ,  0.6338 ,  2.3488 ,  0.6353 ,
  0.0006 ,  0.1223 , -0.0002 ,  2.9148 ,  1.2210 ,  0.6505 ,
  0.0004 ,  0.0815 , -0.0002 ,  1.4267 ,  1.8511 ,  0.9757 ,
 -0.1602 ,  0.0435 ,  0.4741 ,  0.6952 ,  2.2311 ,  1.2741 ,
 -0.0404 ,  0.0406 , -0.1591 ,  2.2682 ,  1.7953 ,  0.9775 ,
 -0.0403 ,  0.0002 , -0.0004 ,  3.8744 ,  1.8039 ,  0.9757 ,
 -0.0797 ,  0.0824 ,  0.1577 ,  0.6543 , -0.1411 ,  0.6704 ,
 -0.0399 ,  0.0813 ,  0.1586 ,  1.4511 ,  1.1434 ,  0.9491 ,
 -0.0803 ,  0.1224 , -0.1597 ,  2.9204 ,  0.4723 ,  0.9775 ,
  0.0401 , -0.0410 ,  0.0005 ,  2.3854 ,  1.3152 ,  0.6504 ,
 -0.2414 ,  0.0015 ,  0.1562 , -0.0028 ,  0.2455 ,  0.6487 ,
 -0.1613 ,  0.0412 , -0.1603 ,  2.2691 ,  0.3621 ,  0.9775 ,
  0.0809 ,  0.1216 , -0.1581 ,  0.5946 ,  1.3462 ,  0.3270 ,
 -0.0791 ,  0.1640 ,  0.3158 ,  2.1119 , -0.1638 ,  0.6586 ,
 -0.1191 ,  0.1648 ,  0.4744 ,  0.5158 ,  0.4017 ,  0.3045 ,
  0.0407 ,  0.0401 ,  0.1593 ,  2.3013 ,  3.1167 ,  0.9481 ,
  0.1212 ,  0.1214 , -0.1577 ,  1.3691 ,  2.0312 ,  0.3270 ,
  0.0406 ,  0.0417 ,  0.3169 , -0.0671 ,  1.9273 ,  1.2839 ,
 -0.1606 ,  0.1231 , -0.0018 ,  2.1414 ,  0.9694 ,  0.6505 ,
  0.0405 ,  0.0406 ,  0.0003 ,  0.7130 ,  1.9219 ,  0.9757 ,
 -0.0397 ,  0.1225 , -0.0006 ,  2.1405 ,  2.4026 ,  1.3010 ,
 -0.0010 , -0.0009 , -0.4759 ,  2.3392 , -0.0022 ,  0.9811 ,
 -0.0809 ,  0.0001 , -0.1594 ,  2.3300 ,  1.1179 ,  0.3270 ,
 -0.1205 ,  0.0009 ,  0.1574 ,  2.3206 ,  1.6788 ,  0.6487 ,
 -0.2016 ,  0.0414 , -0.1607 ,  1.4948 ,  0.9214 ,  0.9775 ,
 -0.1615 , -0.0401 ,  0.1562 , -0.7192 ,  0.3722 , -0.3226 ,
  0.0802 , -0.0007 , -0.1578 ,  0.7790 ,  2.6139 ,  0.3270 ,
 -0.0799 ,  0.0010 ,  0.3165 ,  0.7657 ,  1.1202 ,  0.6469 ,
 -0.1209 ,  0.1235 ,  0.3144 , -0.1875 ,  2.2805 ,  0.9736 ,
  0.0411 ,  0.0814 ,  0.3163 ,  3.8222 ,  0.0286 ,  0.6450 ,
 -0.1204 ,  0.0824 ,  0.1570 , -0.1250 ,  0.4166 ,  0.6422 ,
  0.0008 ,  0.0818 ,  0.1585 ,  2.1966 ,  0.6074 ,  0.6487 ,
 -0.1209 ,  0.0006 , -0.0012 ,  3.1002 ,  2.3002 ,  0.6505 ,
  0.0006 ,  0.0411 ,  0.1586 ,  3.0329 ,  2.4820 ,  0.3234 ,
  0.0811 ,  0.1624 , -0.1581 ,  2.0828 , -0.5285 ,  0.9775 ,
  0.0010 ,  0.1226 ,  0.1584 ,  1.3603 ,  1.2218 ,  0.9739 ,
 -0.2012 ,  0.1229 , -0.1609 ,  1.3719 ,  0.2835 ,  0.3270 ,
  0.0006 ,  0.0411 ,  0.1586 , -0.0664 ,  3.1042 ,  0.6487 ,
 -0.0399 , -0.0396 ,  0.1588 ,  0.8331 ,  1.1859 ,  0.3133 ,
  0.0009 ,  0.0414 ,  0.3172 ,  2.2532 , -0.0063 ,  0.9722 ,
 -0.1205 ,  0.0821 , -0.0014 ,  0.6529 ,  1.0400 ,  1.3010 ,
 -0.1622 , -0.0002 , -0.4776 ,  2.3404 ,  1.6129 ,  0.9811 ,
 -0.2021 ,  0.0816 , -0.4781 ,  1.4431 ,  0.2898 ,  1.6314 ,
 -0.1207 ,  0.0828 ,  0.1572 ,  0.6423 ,  1.6582 ,  0.9596 ,
  0.0408 ,  0.1626 , -0.1585 ,  4.4077 ,  0.6532 ,  0.0018 ,
  0.0406 ,  0.0001 ,  0.1590 ,  2.3192 ,  0.6859 ,  1.2992 ,
 -0.1216 , -0.0000 , -0.3185 ,  0.0108 ,  1.0542 ,  1.3045 ,
 -0.1615 ,  0.0817 , -0.3190 ,  2.2126 ,  1.5981 ,  0.3288 ,
 -0.0807 ,  0.0408 , -0.1595 ,  1.4937 ,  1.1101 ,  1.3027 ,
 -0.0403 ,  0.0002 , -0.0004 ,  0.0003 ,  0.5593 ,  0.3252 ,
 -0.0804 ,  0.0412 , -0.0009 , -0.0608 , -0.1337 ,  0.0000 ,
 -0.2016 ,  0.1226 , -0.3195 ,  1.3767 ,  0.2827 ,  1.3045 ,
 -0.0402 ,  0.0814 , -0.1592 ,  0.6571 ,  1.1652 ,  0.3270 ,
  0.0402 ,  0.0403 , -0.1583 , -0.8318 ,  1.9211 ,  0.9775 ,
  0.0409 ,  0.0818 ,  0.3179 ,  2.2329 ,  1.2572 ,  0.6497 ,
 -0.0395 ,  0.1633 , -0.0007 ,  1.3041 ,  1.7727 ,  0.3252 ,
  0.0008 ,  0.0818 ,  0.1585 ,  1.4218 ,  0.6074 , -0.0018 ,
  0.0001 ,  0.0812 , -0.1588 ,  0.6568 ,  1.2282 ,  0.3270 ,
 -0.0399 ,  0.0817 , -0.0006 ,  1.4270 ,  2.4105 ,  0.6505 ,
 -0.0808 ,  0.1226 ,  0.1565 , -0.1852 ,  1.7179 ,  0.0004 ,
 -0.0401 ,  0.0410 , -0.0005 ,  0.7137 ,  1.7961 ,  1.6262 ,
  0.0006 ,  0.1223 , -0.0002 ,  2.1400 ,  0.5988 ,  0.3252 ,
 -0.1211 , -0.0402 , -0.0011 ,  0.8373 ,  1.0636 ,  1.3010 ,
 -0.1989 ,  0.1656 ,  0.1567 ,  0.5086 , -1.5742 ,  0.9765 ,
 -0.0810 ,  0.1218 , -0.4770 , -0.1690 ,  1.7152 ,  0.9811 ,
 -0.2821 ,  0.0013 , -0.0028 ,  0.7772 , -1.0628 ,  0.6505 ,
  0.0407 ,  0.0401 ,  0.1593 ,  2.3013 ,  1.2725 ,  1.5931 ,
  0.0021 ,  0.2048 ,  0.4755 ,  1.2276 ,  0.5855 ,  0.3199 ,
 -0.1197 ,  0.0827 ,  0.3163 , -0.1330 , -0.8232 ,  0.6687 ,
 -0.0810 ,  0.0815 ,  0.1559 , -0.8988 ,  1.7167 ,  0.3336 ,
 -0.0399 ,  0.0817 , -0.0006 ,  2.2019 ,  0.5437 ,  1.3010 ,
 -0.1216 , -0.0000 , -0.3185 ,  0.7856 ,  1.0542 ,  0.3288 ,
 -0.1203 ,  0.1229 , -0.0014 , -0.1833 ,  1.0323 ,  1.9514 ,
 -0.1206 ,  0.1224 ,  0.1579 ,  1.3902 ,  1.0119 ,  0.3058 ,
 -0.0802 ,  0.0819 , -0.0010 ,  1.4274 ,  0.4808 ,  0.6505 ,
 -0.1617 ,  0.0413 ,  0.1547 , -1.6306 ,  0.3475 ,  0.9604 ,
 -0.1205 ,  0.0816 ,  0.1582 ,  3.8174 ,  1.0190 , -0.3406 ,
  0.0013 ,  0.0417 ,  0.4758 , -0.8510 ,  0.6167 ,  1.9461 ,
 -0.0407 , -0.0813 , -0.0003 ,  0.8981 ,  1.1972 ,  0.9757 ,
 -0.1214 , -0.0405 , -0.1598 ,  0.8421 ,  1.6851 ,  0.0018 ,
 -0.0403 ,  0.0002 , -0.0004 ,  2.3248 ,  1.1816 ,  0.6505 ,
 -0.2010 ,  0.1637 , -0.1610 , -0.2392 ,  2.1425 , -0.3234 ,
 -0.0802 ,  0.0819 , -0.0010 ,  1.4274 ,  2.3475 ,  0.3253 ,
 -0.0802 ,  0.0819 , -0.0010 ,  1.4274 , -0.7638 ,  0.3253 ,
 -0.1611 ,  0.1632 , -0.3192 , -0.2347 ,  1.5825 ,  0.3288 ,
 -0.0410 , -0.0004 , -0.3177 ,  0.7850 ,  2.4246 ,  1.6297 ,
 -0.0400 ,  0.1222 , -0.1593 ,  2.1454 ,  2.4019 ,  0.3270 ,
 -0.1210 ,  0.0410 , -0.1599 ,  0.7193 ,  0.4250 ,  0.6523 ,
 -0.1609 ,  0.1228 , -0.1605 , -0.1781 ,  0.3464 ,  0.9775 ,
 -0.0005 ,  0.0401 , -0.3174 ,  2.2729 ,  1.8576 ,  0.3288 ,
 -0.0001 ,  0.0405 , -0.1587 ,  2.2681 , -0.6309 ,  0.3270 ,
 -0.0812 ,  0.0810 , -0.4769 ,  2.9915 , -0.1437 ,  0.6558 ,
 -0.0407 ,  0.1216 , -0.4765 ,  1.3803 ,  2.4005 ,  0.3306 ,
 -0.1609 ,  0.1228 , -0.1605 ,  1.3715 ,  2.2132 ,  1.3027 ,
  0.0007 ,  0.0006 ,  0.3173 , -0.7847 ,  3.1128 ,  1.9479 ,
  0.0000 ,  0.0000 ,  0.0000 ,  0.7748 ,  2.4891 ,  0.9757 ,
  0.0411 ,  0.1629 ,  0.0001 ,  2.8530 ,  1.2762 ,  1.3009 ,
  0.1617 ,  0.1214 ,  0.1588 ,  2.1834 ,  0.2092 ,  0.3153 ,
  0.0010 ,  0.2038 , -0.0004 ,  1.2423 , -0.0391 ,  0.3252 ,
 -0.0404 ,  0.0406 , -0.1591 ,  0.7186 ,  1.1730 ,  0.9775 ,
 -0.0410 , -0.0004 , -0.3177 ,  0.0101 ,  1.8024 ,  0.6541 ,
  0.0404 ,  0.0407 ,  0.1577 , -0.8353 ,  1.2996 ,  0.3326 ,
 -0.1192 ,  0.1657 ,  0.6329 ,  1.2797 ,  2.2591 ,  0.3212 ,
 -0.0400 ,  0.1222 , -0.1593 ,  0.5957 ,  1.7796 ,  0.6522 ,
  0.0406 ,  0.0824 ,  0.3166 , -0.1285 ,  1.9168 ,  0.9669 ,
 -0.1208 ,  0.0818 , -0.1600 , -0.8918 ,  1.6617 ,  0.6523 ,
 -0.0399 ,  0.0817 , -0.0006 ,  1.4270 ,  1.7882 ,  1.3010 ,
  0.0007 ,  0.0006 ,  0.3173 ,  2.3147 ,  3.1128 ,  0.3217 ,
 -0.0809 ,  0.0813 , -0.3182 ,  1.4372 ,  1.7239 ,  1.3045 ,
 -0.0803 ,  0.1224 , -0.1597 , -0.9537 , -0.1500 ,  0.6523 ,
  0.0396 , -0.0008 , -0.3169 , -0.7654 ,  0.6837 ,  0.3288 ,
 -0.0395 ,  0.1225 ,  0.1576 ,  2.9744 , -0.0922 ,  0.3319 ,
 -0.1615 ,  0.0817 , -0.3190 , -0.1118 , -0.8911 ,  0.9793 ,
 -0.0005 ,  0.0401 , -0.3174 ,  1.4980 ,  1.8576 ,  0.3288 ,
  0.0000 ,  0.0000 ,  0.0000 ,  0.7748 , -0.6223 ,  0.6505 ,
 -0.2421 ,  0.0008 , -0.1611 ,  0.7817 , -0.3783 ,  0.6523 ,
 -0.2016 ,  0.1226 , -0.3195 , -0.1729 ,  0.9050 ,  0.3288 ,
 -0.1207 ,  0.0413 , -0.0013 ,  0.7144 ,  1.0479 ,  0.3253 ,
  0.0003 ,  0.1220 , -0.1589 ,  2.1450 ,  2.4648 ,  0.3270 ,
  0.0399 , -0.0005 , -0.1582 ,  0.7794 ,  1.3067 ,  0.0018 ,
 -0.0396 , -0.0812 ,  0.1597 ,  3.2735 ,  1.1804 ,  0.3029 ,
 -0.0389 ,  0.0825 ,  0.3164 ,  1.4144 , -1.3159 ,  0.9706 ,
  0.0010 ,  0.1226 ,  0.1584 ,  1.3603 , -0.6450 ,  1.2992 ,
  0.0402 ,  0.0403 , -0.1583 ,  2.2675 ,  2.5433 ,  0.6522 ,
 -0.1211 ,  0.1228 ,  0.1561 , -0.1846 ,  2.2790 ,  0.9812 ,
  0.0402 ,  0.1215 , -0.3171 ,  1.3747 ,  0.6602 ,  0.6541 ,
 -0.0393 ,  0.1230 ,  0.3167 ,  2.1743 ,  0.5118 ,  0.3230 ,
 -0.0803 ,  0.1224 , -0.1597 ,  2.1456 ,  1.0945 ,  0.0018 ,
 -0.1214 , -0.0405 , -0.1598 ,  3.9413 ,  1.6851 ,  0.9775 ,
 -0.0410 , -0.0004 , -0.3177 ,  2.3346 ,  1.8024 ,  0.9793 ,
 -0.0403 ,  0.0414 ,  0.1576 , -0.0637 ,  2.4247 ,  0.3229 ,
 -0.1202 , -0.0382 ,  0.3170 ,  1.6022 ,  2.3014 ,  0.6275 ,
 -0.2020 ,  0.0411 , -0.3194 ,  1.4996 , -0.3239 ,  0.3288 ,
 -0.0406 ,  0.0811 , -0.3178 ,  0.6620 ,  2.4091 ,  0.0036 ,
 -0.0402 ,  0.0417 ,  0.1582 ,  0.7055 ,  1.7906 ,  1.6037 ,
 -0.1205 ,  0.0821 , -0.0014 , -0.8967 ,  1.0400 ,  0.6505 ,
 -0.0795 ,  0.0837 ,  0.4754 ,  2.1857 ,  2.3317 ,  0.3232 ,
 -0.1207 ,  0.0413 , -0.0013 ,  0.7144 ,  2.2924 ,  0.6505 ,
 -0.0794 ,  0.1641 ,  0.3158 , -0.2531 ,  0.4631 ,  0.6291 ,
 -0.0395 ,  0.1233 ,  0.3159 , -0.1924 ,  1.1574 ,  0.9635 ,
 -0.0008 , -0.1631 ,  0.0003 ,  0.2458 ,  1.2758 ,  0.6504 ,
  0.0402 ,  0.0816 ,  0.1586 ,  0.6420 ,  1.2841 , -0.0065 ,
 -0.0411 ,  0.0400 , -0.4764 ,  3.0527 , -0.0730 ,  0.3306 ,
 -0.0397 ,  0.1225 , -0.0006 ,  1.3656 ,  1.7804 ,  0.3252 ,
  0.0006 ,  0.1223 , -0.0002 , -2.5091 ,  1.2210 ,  0.6505 ,
 -0.0406 ,  0.0811 , -0.3178 ,  2.9864 ,  0.5422 ,  0.6541 ,
 -0.1216 , -0.0000 , -0.3185 ,  1.5603 ,  1.0542 ,  0.9793 ,
 -0.1610 , -0.0391 ,  0.1570 ,  0.0596 ,  1.6311 ,  0.9590 ,
  0.0015 ,  0.1637 ,  0.3170 ,  2.8436 ,  1.2148 ,  0.9722 ,
  0.0404 ,  0.1623 , -0.3172 ,  2.0881 , -1.2145 ,  0.3288 ,
 -0.0401 ,  0.0410 , -0.0005 ,  0.7137 ,  3.0404 ,  0.6505 ,
 -0.1617 , -0.0403 , -0.1602 ,  1.6174 ,  2.2444 ,  0.3270 ,
 -0.0396 ,  0.0818 ,  0.1578 ,  1.4543 , -0.0835 ,  0.6624 ,
  0.0402 ,  0.1215 , -0.3171 , -1.7247 ,  1.9048 , -0.3217 ,
 -0.0008 ,  0.0398 , -0.4760 ,  0.7280 ,  2.4790 , -0.3199 ,
 -0.0409 ,  0.0808 , -0.4765 ,  2.2165 ,  1.1637 ,  0.9811 ,
 -0.1208 ,  0.0818 , -0.1600 , -0.8918 , -0.8275 ,  0.0018 ,
 -0.0408 ,  0.0403 , -0.3178 ,  2.2731 ,  1.7946 ,  0.3288 ,
 -0.1612 ,  0.0008 , -0.0016 ,  0.7762 ,  0.9929 ,  0.9757 ,
 -0.0813 , -0.0002 , -0.3181 ,  0.0105 ,  0.4950 ,  0.9793 ,
  0.0004 ,  0.0815 , -0.0002 ,  0.6519 ,  1.8511 ,  0.6505 ,
  0.0814 ,  0.1627 ,  0.0005 ,  0.5283 , -0.5277 ,  0.6504 ,
 -0.0809 ,  0.0001 , -0.1594 ,  1.5552 , -0.7489 ,  0.6523 ,
 -0.1612 ,  0.0008 , -0.0016 ,  1.5509 ,  2.8596 ,  0.3253 ,
 -0.0406 , -0.0001 , -0.1590 , -0.7697 ,  1.1808 ,  1.3027 ,
  0.0808 ,  0.0403 ,  0.1592 ,  1.5137 ,  0.7161 ,  0.6367 ,
 -0.0805 ,  0.1628 , -0.3184 , -1.0103 ,  1.0860 ,  0.6541 ,
 -0.0415 ,  0.0397 , -0.6350 ,  1.5081 ,  1.1708 ,  0.6576 ,
 -0.0802 ,  0.0007 ,  0.1578 ,  3.0950 ,  1.1194 ,  0.3234 ,
 -0.0802 ,  0.0007 ,  0.1578 , -0.0042 ,  2.3639 , -0.0018 ,
  0.0409 ,  0.0818 ,  0.3179 ,  2.2329 ,  1.2572 ,  0.3286 ,
  0.0005 , -0.0401 ,  0.3174 ,  2.3761 ,  1.8761 ,  0.3217 ,
  0.0013 ,  0.0417 ,  0.4758 , -0.0761 ,  1.2390 ,  0.9703 ,
 -0.2426 ,  0.0410 , -0.4784 ,  0.7301 ,  0.2347 , -0.6451 ,
  0.0398 ,  0.0400 , -0.3170 ,  1.4976 ,  2.5426 ,  0.6540 ,
 -0.1207 ,  0.1628 ,  0.1576 ,  2.1186 ,  0.9994 ,  1.2717 ,
 -0.1213 , -0.0810 , -0.0011 ,  1.6735 ,  1.6936 ,  0.9757 ,
 -0.1204 , -0.0382 ,  0.3166 ,  0.8182 ,  2.3148 ,  0.9557 ,
  0.0404 ,  0.0810 , -0.1584 ,  2.2061 ,  1.2910 ,  0.3270 ,
 -0.0804 ,  0.0420 ,  0.1579 ,  0.7060 ,  1.1067 ,  0.6371 ,
 -0.2020 ,  0.0411 , -0.3194 ,  2.2744 , -0.3239 ,  0.0036 ,
 -0.0406 , -0.0001 , -0.1590 ,  1.5548 ,  1.1808 ,  0.6522 ,
 -0.0401 ,  0.0410 , -0.0005 , -0.0611 ,  0.5515 ,  0.0000 ,
 -0.0402 ,  0.0814 , -0.1592 ,  0.6571 ,  1.1652 ,  0.0018 ,
 -0.1221 ,  0.0401 , -0.6358 ,  0.7339 ,  1.0450 ,  1.9585 ,
 -0.1218 , -0.0408 , -0.3184 ,  0.8470 ,  1.0621 ,  0.3288 ,
 -0.0809 ,  0.0001 , -0.1594 , -0.7693 ,  1.1179 ,  0.3270 ,
 -0.0806 ,  0.1231 ,  0.1572 ,  0.5794 ,  1.0887 ,  0.6380 ,
 -0.0409 ,  0.0808 , -0.4765 ,  0.6669 ,  0.5415 ,  0.6558 ,
  0.0004 ,  0.0815 , -0.0002 ,  0.6519 ,  1.2288 , -0.3252 ,
 -0.0397 ,  0.1225 , -0.0006 , -0.1840 ,  2.4026 ,  0.6505 ,
 -0.0806 ,  0.0416 ,  0.1572 , -0.0633 ,  1.7374 ,  0.6463 ,
 -0.1209 ,  0.1235 ,  0.3144 , -0.1875 ,  2.2805 ,  0.6490 ,
  0.0404 ,  0.0810 , -0.1584 ,  1.4313 ,  1.2910 ,  0.6522 ,
 -0.1201 ,  0.0836 ,  0.3163 ,  1.4147 ,  1.6528 ,  0.3201 ,
 -0.0402 ,  0.0814 , -0.1592 ,  1.4320 ,  1.1652 ,  0.0018 ,
 -0.0809 ,  0.0001 , -0.1594 ,  0.0056 ,  0.4957 ,  0.9775 ,
 -0.0402 ,  0.0814 , -0.1592 ,  0.6571 ,  2.4096 ,  0.6522 ,
 -0.1613 ,  0.0412 , -0.1603 , -0.0552 ,  0.9843 ,  0.9775 ,
 -0.0399 ,  0.0813 ,  0.1586 ,  1.4511 ,  1.7590 , -0.0186 ,
 -0.1213 ,  0.1219 , -0.4774 ,  0.6061 ,  1.6524 ,  1.3063 ,
  0.0803 ,  0.0805 , -0.3166 , -0.8887 ,  1.9755 ,  0.6540 ,
 -0.0409 , -0.0409 , -0.1590 ,  1.6163 ,  0.5664 ,  0.0018 ,
  0.0003 ,  0.0003 ,  0.1586 ,  0.7699 ,  1.2452 ,  0.3234 ,
 -0.1202 , -0.0382 ,  0.3170 ,  1.6022 ,  2.3014 , -0.0174 ,
  0.0002 ,  0.0408 , -0.0001 ,  1.4881 , -0.0078 ,  1.3010 ,
 -0.0808 ,  0.1625 , -0.4770 ,  0.5443 ,  1.7075 ,  0.3306 ,
 -0.1208 ,  0.0830 ,  0.3147 , -0.1270 ,  2.9133 ,  0.6459 ,
 -0.0816 , -0.0005 , -0.4767 ,  2.3396 ,  0.4942 ,  0.9811 ,
 -0.0399 ,  0.0812 ,  0.1586 ,  3.0288 ,  1.7557 ,  0.9482 ,
  0.0017 ,  0.2044 ,  0.3169 ,  1.2326 ,  0.5847 , -0.0036 ,
 -0.0808 , -0.0404 , -0.0007 ,  0.0621 , -0.1180 ,  0.9757 ,
  0.0006 ,  0.1223 , -0.0002 ,  2.1400 ,  1.2210 ,  0.6505 ,
 -0.2011 ,  0.0013 ,  0.1566 , -0.7780 ,  1.5530 ,  1.2992 ,
 -0.0802 ,  0.0829 ,  0.3155 , -0.1274 ,  1.7273 ,  1.6097 ,
 -0.0404 ,  0.0406 , -0.1591 , -0.0562 ,  1.7953 ,  0.6522 ,
 -0.0799 ,  0.0010 ,  0.3165 ,  1.5405 ,  2.3648 ,  0.9722 ,
 -0.0001 ,  0.0405 , -0.1587 ,  1.4931 ,  1.2359 ,  0.6522 ,
  0.0004 ,  0.0815 , -0.0002 ,  2.2015 ,  0.6066 ,  0.6505 ,
 -0.2011 ,  0.0822 ,  0.1577 ,  1.4530 ,  1.5139 ,  0.6266 ,
 -0.0004 , -0.0815 ,  0.0002 ,  0.1229 ,  1.2602 ,  0.6504 ,
 -0.1202 ,  0.1638 ,  0.1577 ,  1.3326 ,  0.3832 ,  0.6411 ,
 -0.2416 ,  0.0419 , -0.0025 , -0.0594 , -0.3853 ,  0.6505 ,
  0.0404 ,  0.0810 , -0.1584 , -0.1184 , -1.1982 ,  0.6522 ,
 -0.0404 ,  0.1223 ,  0.1557 , -1.7474 ,  1.1444 ,  0.0236 ,
 -0.1204 ,  0.0411 ,  0.1584 ,  1.5134 ,  2.2600 ,  1.2712 ,
  0.0397 ,  0.0804 , -0.4757 ,  2.2158 ,  1.9119 ,  0.6558 ,
  0.0000 ,  0.0000 ,  0.0000 ,  2.3245 ,  1.8670 ,  0.9757 ,
  0.1217 ,  0.0404 ,  0.3181 ,  1.4944 ,  0.1730 ,  0.3155 ,
 -0.0003 ,  0.0809 , -0.3174 ,  2.2114 , -0.0171 ,  0.0036 ,
 -0.0400 ,  0.1222 , -0.1593 , -0.9540 ,  1.7796 ,  0.0018 ,
 -0.0812 ,  0.0810 , -0.4769 ,  0.6673 ,  1.1008 ,  0.3306 ,
  0.0001 ,  0.0812 , -0.1588 ,  1.4315 ,  2.4725 ,  1.3027 ,
 -0.1207 ,  0.0424 ,  0.3150 , -0.0659 ,  2.2993 ,  1.2872 ,
  0.0012 ,  0.1634 ,  0.1583 ,  0.5241 ,  0.5918 ,  0.9739 ,
 -0.0809 ,  0.0813 , -0.3182 , -0.1124 ,  0.4793 ,  1.6297 ,
 -0.0804 ,  0.0420 ,  0.1579 ,  0.7060 ,  1.7285 ,  0.6371 ,
 -0.0409 , -0.0409 , -0.1590 ,  2.3911 , -0.6782 ,  0.0018 ,
 -0.0412 , -0.0412 , -0.3176 ,  0.8464 ,  1.1879 ,  0.6541 ,
 -0.0800 ,  0.0418 ,  0.1580 ,  0.7145 ,  0.4818 ,  0.6426 ,
 -0.0394 ,  0.0826 ,  0.3170 ,  1.4239 ,  1.1503 ,  0.6472 ,
  0.0004 ,  0.0815 , -0.0002 ,  0.6519 ,  1.2288 ,  0.6505 ,
 -0.0008 , -0.0818 , -0.1585 ,  1.6775 ,  2.5039 ,  0.9775 ,
 -0.0409 ,  0.0808 , -0.4765 ,  1.4417 ,  1.7860 ,  0.3306 ,
 -0.0406 , -0.0001 , -0.1590 ,  1.5549 ,  0.5586 ,  0.0018 ,
 -0.0399 ,  0.0408 ,  0.1573 ,  1.5097 , -0.6873 ,  0.3338 ,
 -0.0001 ,  0.1217 , -0.3175 , -0.1746 ,  0.5973 ,  0.3288 ,
 -0.0395 ,  0.1233 ,  0.3159 , -0.1924 ,  1.1574 ,  0.9635 ,
 -0.0802 ,  0.0819 , -0.0010 ,  0.6526 , -0.1415 ,  0.6505 ,
  0.0003 ,  0.1220 , -0.1589 ,  0.5953 ,  1.8427 ,  0.9775 ,
 -0.1605 ,  0.0014 ,  0.3157 , -0.0084 ,  0.3721 , -0.0035 ,
 -0.0001 ,  0.1217 , -0.3175 , -0.1746 ,  2.4642 ,  0.3288 ,
 -0.1203 ,  0.1229 , -0.0014 , -0.1833 ,  2.8990 ,  0.9757 ,
 -0.0813 , -0.0002 , -0.3181 ,  0.7853 ,  2.3615 ,  0.9793 ,
 -0.0003 , -0.0003 , -0.1586 ,  0.0049 ,  1.2438 ,  1.6278 ,
 -0.0397 ,  0.1225 , -0.0006 ,  2.1405 , -0.0864 ,  0.6505 ,
 -0.1613 ,  0.0412 , -0.1603 ,  0.7196 ,  0.3621 ,  0.6523 ,
 -0.0804 ,  0.0412 , -0.0009 ,  2.2636 , -0.7560 ,  0.6505 ,
 -0.0399 ,  0.0817 , -0.0006 ,  2.9767 ,  1.7882 ,  0.3252 ,
 -0.0401 ,  0.1229 ,  0.3148 , -0.9519 ,  1.7821 ,  0.3247 ,
  0.0404 ,  0.0810 , -0.1584 ,  0.6565 ,  1.9133 ,  0.9775 ,
 -0.1601 ,  0.0427 ,  0.1569 ,  0.7010 , -1.4975 ,  0.0017 ,
 -0.0401 ,  0.0410 , -0.0005 ,  1.4885 ,  0.5515 ,  0.9757 ,
  0.0006 ,  0.1223 , -0.0002 ,  1.3652 ,  1.8433 ,  1.3010 ,
 -0.0007 , -0.0006 , -0.3173 ,  0.7846 , -0.0015 ,  0.3288 ,
 -0.1608 , -0.0391 ,  0.1575 ,  0.8427 ,  0.3721 ,  0.9585 ,
  0.0395 ,  0.0396 , -0.4756 ,  0.7277 ,  1.9197 ,  0.3306 ,
 -0.1610 ,  0.0415 , -0.0017 ,  0.7148 ,  0.3628 ,  1.3010 ,
 -0.0410 , -0.0004 , -0.3177 ,  0.7850 ,  1.8024 ,  0.3288 ,
 -0.0809 ,  0.1225 ,  0.1551 , -2.5279 ,  1.0795 ,  0.9916 ,
 -0.1623 , -0.0814 , -0.3187 ,  2.4585 ,  1.6293 ,  0.9793 ,
 17.1355 ,  6.0268 , 96.7276 ,241.5372 , 90.6640 , 83.6931 ,
  0.0000 ,  0.0000 ,  0.0000 ,  0.0000 ,  0.0000 ,  0.0000 ,
  0.0000 ,  0.0000 ,  0.0000 ,  0.0000 ,  0.0000 ,  0.0000 ,
  0.0000 ,  0.0000 ,  0.0000 ,  0.0000 ,  0.0000 ,  0.0000 ,
  0.0000 ,  0.0000 ,  0.0000 ,  0.0000 ,  0.0000 ,  0.0000 ,
  0.0000 ,  0.0000 ,  0.0000 ,  0.0000 ,  0.0000 ,  0.0000 ,
  0.0000 ,  0.0000 ,  0.0000 ,  0.0000 ,  0.0000 ,  0.0000 ,
  0.0000 ,  0.0000 ,  0.0000 ,  0.0000 ,  0.0000 ,  0.0000 ,
  0.0000 ,  0.0000 ,  0.0000 ,  0.0000 ,  0.0000 ,  0.0000 ,
  0.0000 ,  0.0000 ,  0.0000 ,  0.0000 ,  0.0000 ,  0.0000 ,
  0.0000 ,  0.0000 ,  0.0000 ,  0.0000 ,  0.0000 ,  0.0000 ,
  0.0000 ,  0.0000 ,  0.0000 ,  0.0000 ,  0.0000 ,  0.0000 ,
  0.0000 ,  0.0000 ,  0.0000 ,  0.0000 ,  0.0000 ,  0.0000 ,
  0.0000 ,  0.0000 ,  0.0000 ,  0.0000 ,  0.0000 ,  0.0000 ,
  0.0000 ,  0.0000 ,  0.0000 ,  0.0000 ,  0.0000 ,  0.0000 ,
  0.0000 ,  0.0000 ,  0.0000 ,  0.0000 ,  0.0000 ,  0.0000 ,
  0.0000 ,  0.0000 ,  0.0000 ,  0.0000 ,  0.0000 ,  0.0000 ,
  0.0000 ,  0.0000 ,  0.0000 ,  0.0000 ,  0.0000 ,  0.0000 ,
  0.0000 ,  0.0000 ,  0.0000 ,  0.0000 ,  0.0000 ,  0.0000 ,
  0.0000 ,  0.0000 ,  0.0000 ,  0.0000 ,  0.0000 ,  0.0000 ,
  0.0000 ,  0.0000 ,  0.0000 ,  0.0000 ,  0.0000 ,  0.0000 ,
  0.0000 ,  0.0000 ,  0.0000 ,  0.0000 ,  0.0000 ,  0.0000 ,
  0.0000 ,  0.0000 ,  0.0000 ,  0.0000 ,  0.0000 ,  0.0000 ,
  0.0000 ,  0.0000 ,  0.0000 ,  0.0000 ,  0.0000 ,  0.0000 ,
  0.0000 ,  0.0000 ,  0.0000 ,  0.0000 ,  0.0000 ,  0.0000 ,
  0.0000 ,  0.0000 ,  0.0000 ,  0.0000 ,  0.0000 ,  0.0000 ,
  0.0000 ,  0.0000 ,  0.0000 ,  0.0000 ,  0.0000 ,  0.0000 ,
  0.0000 ,  0.0000 ,  0.0000 ,  0.0000 ,  0.0000 ,  0.0000 ,
  0.0000 ,  0.0000 ,  0.0000 ,  0.0000 ,  0.0000 ,  0.0000 ,
  0.0000 ,  0.0000 ,  0.0000 ,  0.0000 ,  0.0000 ,  0.0000 ,
  0.0000 ,  0.0000 ,  0.0000 ,  0.0000 ,  0.0000 ,  0.0000 ,
  0.0000 ,  0.0000 ,  0.0000 ,  0.0000 ,  0.0000 ,  0.0000 ,
  0.0000 ,  0.0000 ,  0.0000 ,  0.0000 ,  0.0000 ,  0.0000 ,
  0.0000 ,  0.0000 ,  0.0000 ,  0.0000 ,  0.0000 ,  0.0000 ,
  0.0000 ,  0.0000 ,  0.0000 ,  0.0000 ,  0.0000 ,  0.0000 ,
  0.0000 ,  0.0000 ,  0.0000 ,  0.0000 ,  0.0000 ,  0.0000 ,
  0.0000 ,  0.0000 ,  0.0000 ,  0.0000 ,  0.0000 ,  0.0000 ,
  0.0000 ,  0.0000 ,  0.0000 ,  0.0000 ,  0.0000 ,  0.0000 ,
  0.0000 ,  0.0000 ,  0.0000 ,  0.0000 ,  0.0000 ,  0.0000 ,
  0.0000 ,  0.0000 ,  0.0000 ,  0.0000 ,  0.0000 ,  0.0000 ,
  0.0000 ,  0.0000 ,  0.0000 ,  0.0000 ,  0.0000 ,  0.0000 ,
  0.0000 ,  0.0000 ,  0.0000 ,  0.0000 ,  0.0000 ,  0.0000 ,
  0.0000 ,  0.0000 ,  0.0000 ,  0.0000 ,  0.0000 ,  0.0000 ,
  0.0000 ,  0.0000 ,  0.0000 ,  0.0000 ,  0.0000 ,  0.0000 ,
  0.0000 ,  0.0000 ,  0.0000 ,  0.0000 ,  0.0000 ,  0.0000 ,
  0.0000 ,  0.0000 ,  0.0000 ,  0.0000 ,  0.0000 ,  0.0000 ,
  0.0000 ,  0.0000 ,  0.0000 ,  0.0000 ,  0.0000 ,  0.0000 ,
  0.0000 ,  0.0000 ,  0.0000 ,  0.0000 ,  0.0000 ,  0.0000 ,
  0.0000 ,  0.0000 ,  0.0000 ,  0.0000 ,  0.0000 ,  0.0000 ,
  0.0000 ,  0.0000 ,  0.0000 ,  0.0000 ,  0.0000 ,  0.0000 ,
  0.0000 ,  0.0000 ,  0.0000 ,  0.0000 ,  0.0000 ,  0.0000 ,
  0.0000 ,  0.0000 ,  0.0000 ,  0.0000 ,  0.0000 ,  0.0000 ,
  0.0000 ,  0.0000 ,  0.0000 ,  0.0000 ,  0.0000 ,  0.0000 ,
  0.0000 ,  0.0000 ,  0.0000 ,  0.0000 ,  0.0000 ,  0.0000 ,
  0.0000 ,  0.0000 ,  0.0000 ,  0.0000 ,  0.0000 ,  0.0000 ,
  0.0000 ,  0.0000 ,  0.0000 ,  0.0000 ,  0.0000 ,  0.0000 ,
  0.0000 ,  0.0000 ,  0.0000 ,  0.0000 ,  0.0000 ,  0.0000 ,
  0.0000 ,  0.0000 ,  0.0000 ,  0.0000 ,  0.0000 ,  0.0000 ,
  0.0000 ,  0.0000 ,  0.0000 ,  0.0000 ,  0.0000 ,  0.0000 ,
  0.0000 ,  0.0000 ,  0.0000 ,  0.0000 ,  0.0000 ,  0.0000 ,
  0.0000 ,  0.0000 ,  0.0000 ,  0.0000 ,  0.0000 ,  0.0000 ,
  0.0000 ,  0.0000 ,  0.0000 ,  0.0000 ,  0.0000 ,  0.0000 ,
  0.0000 ,  0.0000 ,  0.0000 ,  0.0000 ,  0.0000 ,  0.0000 ,
  0.0000 ,  0.0000 ,  0.0000 ,  0.0000 ,  0.0000 ,  0.0000 ,
  0.0000 ,  0.0000 ,  0.0000 ,  0.0000 ,  0.0000 ,  0.0000 ,
  0.0000 ,  0.0000 ,  0.0000 ,  0.0000 ,  0.0000 ,  0.0000 ,
  0.0000 ,  0.0000 ,  0.0000 ,  0.0000 ,  0.0000 ,  0.0000 ,
  0.0000 ,  0.0000 ,  0.0000 ,  0.0000 ,  0.0000 ,  0.0000 ,
  0.0000 ,  0.0000 ,  0.0000 ,  0.0000 ,  0.0000 ,  0.0000 ,
  0.0000 ,  0.0000 ,  0.0000 ,  0.0000 ,  0.0000 ,  0.0000 ,
  0.0000 ,  0.0000 ,  0.0000 ,  0.0000 ,  0.0000 ,  0.0000 ,
  0.0000 ,  0.0000 ,  0.0000 ,  0.0000 ,  0.0000 ,  0.0000 ,
  0.0000 ,  0.0000 ,  0.0000 ,  0.0000 ,  0.0000 ,  0.0000 ,
  0.0000 ,  0.0000 ,  0.0000 ,  0.0000 ,  0.0000 ,  0.0000 ,
  0.0000 ,  0.0000 ,  0.0000 ,  0.0000 ,  0.0000 ,  0.0000 ,
  0.0000 ,  0.0000 ,  0.0000 ,  0.0000 ,  0.0000 ,  0.0000 ,
  0.0000 ,  0.0000 ,  0.0000 ,  0.0000 ,  0.0000 ,  0.0000 ,
  0.0000 ,  0.0000 ,  0.0000 ,  0.0000 ,  0.0000 ,  0.0000 ,
  0.0000 ,  0.0000 ,  0.0000 ,  0.0000 ,  0.0000 ,  0.0000 ,
  0.0000 ,  0.0000 ,  0.0000 ,  0.0000 ,  0.0000 ,  0.0000 ,
  0.0000 ,  0.0000 ,  0.0000 ,  0.0000 ,  0.0000 ,  0.0000 ,
  0.0000 ,  0.0000 ,  0.0000 ,  0.0000 ,  0.0000 ,  0.0000 ,
  0.0000 ,  0.0000 ,  0.0000 ,  0.0000 ,  0.0000 ,  0.0000 ,
  0.0000 ,  0.0000 ,  0.0000 ,  0.0000 ,  0.0000 ,  0.0000 ,
  0.0000 ,  0.0000 ,  0.0000 ,  0.0000 ,  0.0000 ,  0.0000 ,
  0.0000 ,  0.0000 ,  0.0000 ,  0.0000 ,  0.0000 ,  0.0000 ,
  0.0000 ,  0.0000 ,  0.0000 ,  0.0000 ,  0.0000 ,  0.0000 ,
  0.0000 ,  0.0000 ,  0.0000 ,  0.0000 ,  0.0000 ,  0.0000 ,
  0.0000 ,  0.0000 ,  0.0000 ,  0.0000 ,  0.0000 ,  0.0000 ,
  0.0000 ,  0.0000 ,  0.0000 ,  0.0000 ,  0.0000 ,  0.0000 ,
  0.0000 ,  0.0000 ,  0.0000 ,  0.0000 ,  0.0000 ,  0.0000 ,
  0.0000 ,  0.0000 ,  0.0000 ,  0.0000 ,  0.0000 ,  0.0000 ,
  0.0000 ,  0.0000 ,  0.0000 ,  0.0000 ,  0.0000 ,  0.0000 ,
  0.0000 ,  0.0000 ,  0.0000 ,  0.0000 ,  0.0000 ,  0.0000 ,
  0.0000 ,  0.0000 ,  0.0000 ,  0.0000 ,  0.0000 ,  0.0000 ,
  0.0000 ,  0.0000 ,  0.0000 ,  0.0000 ,  0.0000 ,  0.0000 ,
  0.0000 ,  0.0000 ,  0.0000 ,  0.0000 ,  0.0000 ,  0.0000 ,
  0.0000 ,  0.0000 ,  0.0000 ,  0.0000 ,  0.0000 ,  0.0000 ,
  0.0000 ,  0.0000 ,  0.0000 ,  0.0000 ,  0.0000 ,  0.0000 ,
  0.0000 ,  0.0000 ,  0.0000 ,  0.0000 ,  0.0000 ,  0.0000 ,
  0.0000 ,  0.0000 ,  0.0000 ,  0.0000 ,  0.0000 ,  0.0000 ,
  0.0000 ,  0.0000 ,  0.0000 ,  0.0000 ,  0.0000 ,  0.0000 ,
  0.0000 ,  0.0000 ,  0.0000 ,  0.0000 ,  0.0000 ,  0.0000 ,
  0.0000 ,  0.0000 ,  0.0000 ,  0.0000 ,  0.0000 ,  0.0000 ,
  0.0000 ,  0.0000 ,  0.0000 ,  0.0000 ,  0.0000 ,  0.0000 ,
  0.0000 ,  0.0000 ,  0.0000 ,  0.0000 ,  0.0000 ,  0.0000 ,
  0.0000 ,  0.0000 ,  0.0000 ,  0.0000 ,  0.0000 ,  0.0000 ,
  0.0000 ,  0.0000 ,  0.0000 ,  0.0000 ,  0.0000 ,  0.0000 ,
  0.0000 ,  0.0000 ,  0.0000 ,  0.0000 ,  0.0000 ,  0.0000 ,
  0.0000 ,  0.0000 ,  0.0000 ,  0.0000 ,  0.0000 ,  0.0000 ,
  0.0000 ,  0.0000 ,  0.0000 ,  0.0000 ,  0.0000 ,  0.0000 ,
  0.0000 ,  0.0000 ,  0.0000 ,  0.0000 ,  0.0000 ,  0.0000 ,
  0.0000 ,  0.0000 ,  0.0000 ,  0.0000 ,  0.0000 ,  0.0000 ,
  0.0000 ,  0.0000 ,  0.0000 ,  0.0000 ,  0.0000 ,  0.0000 ,
  0.0000 ,  0.0000 ,  0.0000 ,  0.0000 ,  0.0000 ,  0.0000 ,
  0.0000 ,  0.0000 ,  0.0000 ,  0.0000 ,  0.0000 ,  0.0000 ,
  0.0000 ,  0.0000 ,  0.0000 ,  0.0000 ,  0.0000 ,  0.0000 ,
  0.0000 ,  0.0000 ,  0.0000 ,  0.0000 ,  0.0000 ,  0.0000 ,
  0.0000 ,  0.0000 ,  0.0000 ,  0.0000 ,  0.0000 ,  0.0000 ,
  0.0000 ,  0.0000 ,  0.0000 ,  0.0000 ,  0.0000 ,  0.0000 ,
  0.0000 ,  0.0000 ,  0.0000 ,  0.0000 ,  0.0000 ,  0.0000 ,
  0.0000 ,  0.0000 ,  0.0000 ,  0.0000 ,  0.0000 ,  0.0000 ,
  0.0000 ,  0.0000 ,  0.0000 ,  0.0000 ,  0.0000 ,  0.0000 ,
  0.0000 ,  0.0000 ,  0.0000 ,  0.0000 ,  0.0000 ,  0.0000 ,
  0.0000 ,  0.0000 ,  0.0000 ,  0.0000 ,  0.0000 ,  0.0000 ,
  0.0000 ,  0.0000 ,  0.0000 ,  0.0000 ,  0.0000 ,  0.0000 ,
  0.0000 ,  0.0000 ,  0.0000 ,  0.0000 ,  0.0000 ,  0.0000 ,
  0.0000 ,  0.0000 ,  0.0000 ,  0.0000 ,  0.0000 ,  0.0000 ,
  0.0000 ,  0.0000 ,  0.0000 ,  0.0000 ,  0.0000 ,  0.0000 ,
  0.0000 ,  0.0000 ,  0.0000 ,  0.0000 ,  0.0000 ,  0.0000 ,
  0.0000 ,  0.0000 ,  0.0000 ,  0.0000 ,  0.0000 ,  0.0000 ,
  0.0000 ,  0.0000 ,  0.0000 ,  0.0000 ,  0.0000 ,  0.0000 ,
  0.0000 ,  0.0000 ,  0.0000 ,  0.0000 ,  0.0000 ,  0.0000 ,
  0.0000 ,  0.0000 ,  0.0000 ,  0.0000 ,  0.0000 ,  0.0000 ,
  0.0000 ,  0.0000 ,  0.0000 ,  0.0000 ,  0.0000 ,  0.0000 ,
  0.0000 ,  0.0000 ,  0.0000 ,  0.0000 ,  0.0000 ,  0.0000 ,
  0.0000 ,  0.0000 ,  0.0000 ,  0.0000 ,  0.0000 ,  0.0000 ,
  0.0000 ,  0.0000 ,  0.0000 ,  0.0000 ,  0.0000 ,  0.0000 ,
  0.0000 ,  0.0000 ,  0.0000 ,  0.0000 ,  0.0000 ,  0.0000 ,
  0.0000 ,  0.0000 ,  0.0000 ,  0.0000 ,  0.0000 ,  0.0000 ,
  0.0000 ,  0.0000 ,  0.0000 ,  0.0000 ,  0.0000 ,  0.0000 ,
  0.0000 ,  0.0000 ,  0.0000 ,  0.0000 ,  0.0000 ,  0.0000 ,
  0.0000 ,  0.0000 ,  0.0000 ,  0.0000 ,  0.0000 ,  0.0000 ,
  0.0000 ,  0.0000 ,  0.0000 ,  0.0000 ,  0.0000 ,  0.0000 ,
  0.0000 ,  0.0000 ,  0.0000 ,  0.0000 ,  0.0000 ,  0.0000 ,
  0.0000 ,  0.0000 ,  0.0000 ,  0.0000 ,  0.0000 ,  0.0000 ,
  0.0000 ,  0.0000 ,  0.0000 ,  0.0000 ,  0.0000 ,  0.0000 ,
  0.0000 ,  0.0000 ,  0.0000 ,  0.0000 ,  0.0000 ,  0.0000 ,
  0.0000 ,  0.0000 ,  0.0000 ,  0.0000 ,  0.0000 ,  0.0000 ,
  0.0000 ,  0.0000 ,  0.0000 ,  0.0000 ,  0.0000 ,  0.0000 ,
  0.0000 ,  0.0000 ,  0.0000 ,  0.0000 ,  0.0000 ,  0.0000 ,
  0.0000 ,  0.0000 ,  0.0000 ,  0.0000 ,  0.0000 ,  0.0000 ,
  0.0000 ,  0.0000 ,  0.0000 ,  0.0000 ,  0.0000 ,  0.0000 ,
  0.0000 ,  0.0000 ,  0.0000 ,  0.0000 ,  0.0000 ,  0.0000 ,
  0.0000 ,  0.0000 ,  0.0000 ,  0.0000 ,  0.0000 ,  0.0000 ,
  0.0000 ,  0.0000 ,  0.0000 ,  0.0000 ,  0.0000 ,  0.0000 ,
  0.0000 ,  0.0000 ,  0.0000 ,  0.0000 ,  0.0000 ,  0.0000 ,
  0.0000 ,  0.0000 ,  0.0000 ,  0.0000 ,  0.0000 ,  0.0000 ,
  0.0000 ,  0.0000 ,  0.0000 ,  0.0000 ,  0.0000 ,  0.0000 ,
  0.0000 ,  0.0000 ,  0.0000 ,  0.0000 ,  0.0000 ,  0.0000 ,
  0.0000 ,  0.0000 ,  0.0000 ,  0.0000 ,  0.0000 ,  0.0000 ,
  0.0000 ,  0.0000 ,  0.0000 ,  0.0000 ,  0.0000 ,  0.0000 ,
  0.0000 ,  0.0000 ,  0.0000 ,  0.0000 ,  0.0000 ,  0.0000 ,
  0.0000 ,  0.0000 ,  0.0000 ,  0.0000 ,  0.0000 ,  0.0000 ,
  0.0000 ,  0.0000 ,  0.0000 ,  0.0000 ,  0.0000 ,  0.0000 ,
  0.0000 ,  0.0000 ,  0.0000 ,  0.0000 ,  0.0000 ,  0.0000 ,
  0.0000 ,  0.0000 ,  0.0000 ,  0.0000 ,  0.0000 ,  0.0000 ,
  0.0000 ,  0.0000 ,  0.0000 ,  0.0000 ,  0.0000 ,  0.0000 ,
  0.0000 ,  0.0000 ,  0.0000 ,  0.0000 ,  0.0000 ,  0.0000 ,
  0.0000 ,  0.0000 ,  0.0000 ,  0.0000 ,  0.0000 ,  0.0000 ,
  0.0000 ,  0.0000 ,  0.0000 ,  0.0000 ,  0.0000 ,  0.0000 ,
  0.0000 ,  0.0000 ,  0.0000 ,  0.0000 ,  0.0000 ,  0.0000 ,
  0.0000 ,  0.0000 ,  0.0000 ,  0.0000 ,  0.0000 ,  0.0000 ,
  0.0000 ,  0.0000 ,  0.0000 ,  0.0000 ,  0.0000 ,  0.0000 ,
  0.0000 ,  0.0000 ,  0.0000 ,  0.0000 ,  0.0000 ,  0.0000 ,
  0.0000 ,  0.0000 ,  0.0000 ,  0.0000 ,  0.0000 ,  0.0000 ,
  0.0000 ,  0.0000 ,  0.0000 ,  0.0000 ,  0.0000 ,  0.0000 ,
  0.0000 ,  0.0000 ,  0.0000 ,  0.0000 ,  0.0000 ,  0.0000 ,
  0.0000 ,  0.0000 ,  0.0000 ,  0.0000 ,  0.0000 ,  0.0000 ,
  0.0000 ,  0.0000 ,  0.0000 ,  0.0000 ,  0.0000 ,  0.0000 ,
  0.0000 ,  0.0000 ,  0.0000 ,  0.0000 ,  0.0000 ,  0.0000 ,
  0.0000 ,  0.0000 ,  0.0000 ,  0.0000 ,  0.0000 ,  0.0000 ,
  0.0000 ,  0.0000 ,  0.0000 ,  0.0000 ,  0.0000 ,  0.0000 ,
  0.0000 ,  0.0000 ,  0.0000 ,  0.0000 ,  0.0000 ,  0.0000 ,
  0.0000 ,  0.0000 ,  0.0000 ,  0.0000 ,  0.0000 ,  0.0000 ,
  0.0000 ,  0.0000 ,  0.0000 ,  0.0000 ,  0.0000 ,  0.0000 ,
  0.0000 ,  0.0000 ,  0.0000 ,  0.0000 ,  0.0000 ,  0.0000 ,
  0.0000 ,  0.0000 ,  0.0000 ,  0.0000 ,  0.0000 ,  0.0000 ,
  0.0000 ,  0.0000 ,  0.0000 ,  0.0000 ,  0.0000 ,  0.0000 ,
  0.0000 ,  0.0000 ,  0.0000 ,  0.0000 ,  0.0000 ,  0.0000 ,
  0.0000 ,  0.0000 ,  0.0000 ,  0.0000 ,  0.0000 ,  0.0000 ,
  0.0000 ,  0.0000 ,  0.0000 ,  0.0000 ,  0.0000 ,  0.0000 ,
  0.0000 ,  0.0000 ,  0.0000 ,  0.0000 ,  0.0000 ,  0.0000 ,
  0.0000 ,  0.0000 ,  0.0000 ,  0.0000 ,  0.0000 ,  0.0000 ,
  0.0000 ,  0.0000 ,  0.0000 ,  0.0000 ,  0.0000 ,  0.0000 ,
  0.0000 ,  0.0000 ,  0.0000 ,  0.0000 ,  0.0000 ,  0.0000 ,
  0.0000 ,  0.0000 ,  0.0000 ,  0.0000 ,  0.0000 ,  0.0000 ,
  0.0000 ,  0.0000 ,  0.0000 ,  0.0000 ,  0.0000 ,  0.0000 ,
  0.0000 ,  0.0000 ,  0.0000 ,  0.0000 ,  0.0000 ,  0.0000 ,
  0.0000 ,  0.0000 ,  0.0000 ,  0.0000 ,  0.0000 ,  0.0000 ,
  0.0000 ,  0.0000 ,  0.0000 ,  0.0000 ,  0.0000 ,  0.0000 ,
  0.0000 ,  0.0000 ,  0.0000 ,  0.0000 ,  0.0000 ,  0.0000 ,
  0.0000 ,  0.0000 ,  0.0000 ,  0.0000 ,  0.0000 ,  0.0000 ,
  0.0000 ,  0.0000 ,  0.0000 ,  0.0000 ,  0.0000 ,  0.0000 ,
  0.0000 ,  0.0000 ,  0.0000 ,  0.0000 ,  0.0000 ,  0.0000 ,
  0.0000 ,  0.0000 ,  0.0000 ,  0.0000 ,  0.0000 ,  0.0000 ,
  0.0000 ,  0.0000 ,  0.0000 ,  0.0000 ,  0.0000 ,  0.0000 ,
  0.0000 ,  0.0000 ,  0.0000 ,  0.0000 ,  0.0000 ,  0.0000 ,
  0.0000 ,  0.0000 ,  0.0000 ,  0.0000 ,  0.0000 ,  0.0000 ,
  0.0000 ,  0.0000 ,  0.0000 ,  0.0000 ,  0.0000 ,  0.0000 ,
  0.0000 ,  0.0000 ,  0.0000 ,  0.0000 ,  0.0000 ,  0.0000 ,
  0.0000 ,  0.0000 ,  0.0000 ,  0.0000 ,  0.0000 ,  0.0000 ,
  0.0000 ,  0.0000 ,  0.0000 ,  0.0000 ,  0.0000 ,  0.0000 ,
  0.0000 ,  0.0000 ,  0.0000 ,  0.0000 ,  0.0000 ,  0.0000 ,
  0.0000 ,  0.0000 ,  0.0000 ,  0.0000 ,  0.0000 ,  0.0000 ,
  0.0000 ,  0.0000 ,  0.0000 ,  0.0000 ,  0.0000 ,  0.0000 ,
  0.0000 ,  0.0000 ,  0.0000 ,  0.0000 ,  0.0000 ,  0.0000 ,
  0.0000 ,  0.0000 ,  0.0000 ,  0.0000 ,  0.0000 ,  0.0000 ,
  0.0000 ,  0.0000 ,  0.0000 ,  0.0000 ,  0.0000 ,  0.0000 ,
  0.0000 ,  0.0000 ,  0.0000 ,  0.0000 ,  0.0000 ,  0.0000 ,
  0.0000 ,  0.0000 ,  0.0000 ,  0.0000 ,  0.0000 ,  0.0000 ,
  0.0000 ,  0.0000 ,  0.0000 ,  0.0000 ,  0.0000 ,  0.0000 ,
  0.0000 ,  0.0000 ,  0.0000 ,  0.0000 ,  0.0000 ,  0.0000 ,
  0.0000 ,  0.0000 ,  0.0000 ,  0.0000 ,  0.0000 ,  0.0000 ,
  0.0000 ,  0.0000 ,  0.0000 ,  0.0000 ,  0.0000 ,  0.0000 ,
  0.0000 ,  0.0000 ,  0.0000 ,  0.0000 ,  0.0000 ,  0.0000 ,
  0.0000 ,  0.0000 ,  0.0000 ,  0.0000 ,  0.0000 ,  0.0000 ,
  0.0000 ,  0.0000 ,  0.0000 ,  0.0000 ,  0.0000 ,  0.0000 ,
  0.0000 ,  0.0000 ,  0.0000 ,  0.0000 ,  0.0000 ,  0.0000 ,
  0.0000 ,  0.0000 ,  0.0000 ,  0.0000 ,  0.0000 ,  0.0000 ,
  0.0000 ,  0.0000 ,  0.0000 ,  0.0000 ,  0.0000 ,  0.0000 ,
  0.0000 ,  0.0000 ,  0.0000 ,  0.0000 ,  0.0000 ,  0.0000 ,
  0.0000 ,  0.0000 ,  0.0000 ,  0.0000 ,  0.0000 ,  0.0000 ,
  0.0000 ,  0.0000 ,  0.0000 ,  0.0000 ,  0.0000 ,  0.0000 ,
  0.0000 ,  0.0000 ,  0.0000 ,  0.0000 ,  0.0000 ,  0.0000 ,
  0.0000 ,  0.0000 ,  0.0000 ,  0.0000 ,  0.0000 ,  0.0000 ,
  0.0000 ,  0.0000 ,  0.0000 ,  0.0000 ,  0.0000 ,  0.0000 ,
  0.0000 ,  0.0000 ,  0.0000 ,  0.0000 ,  0.0000 ,  0.0000 ,
  0.0000 ,  0.0000 ,  0.0000 ,  0.0000 ,  0.0000 ,  0.0000 ,
  0.0000 ,  0.0000 ,  0.0000 ,  0.0000 ,  0.0000 ,  0.0000 ,
  0.0000 ,  0.0000 ,  0.0000 ,  0.0000 ,  0.0000 ,  0.0000 ,
  0.0000 ,  0.0000 ,  0.0000 ,  0.0000 ,  0.0000 ,  0.0000 ,
  0.0000 ,  0.0000 ,  0.0000 ,  0.0000 ,  0.0000 ,  0.0000 ,
  0.0000 ,  0.0000 ,  0.0000 ,  0.0000 ,  0.0000 ,  0.0000 ,
  0.0000 ,  0.0000 ,  0.0000 ,  0.0000 ,  0.0000 ,  0.0000 ,
  0.0000 ,  0.0000 ,  0.0000 ,  0.0000 ,  0.0000 ,  0.0000 ,
  0.0000 ,  0.0000 ,  0.0000 ,  0.0000 ,  0.0000 ,  0.0000 ,
  0.0000 ,  0.0000 ,  0.0000 ,  0.0000 ,  0.0000 ,  0.0000 ,
  0.0000 ,  0.0000 ,  0.0000 ,  0.0000 ,  0.0000 ,  0.0000 ,
  0.0000 ,  0.0000 ,  0.0000 ,  0.0000 ,  0.0000 ,  0.0000 ,
  0.0000 ,  0.0000 ,  0.0000 ,  0.0000 ,  0.0000 ,  0.0000 ,
  0.0000 ,  0.0000 ,  0.0000 ,  0.0000 ,  0.0000 ,  0.0000 ,
  0.0000 ,  0.0000 ,  0.0000 ,  0.0000 ,  0.0000 ,  0.0000 ,
  0.0000 ,  0.0000 ,  0.0000 ,  0.0000 ,  0.0000 ,  0.0000 ,
  0.0000 ,  0.0000 ,  0.0000 ,  0.0000 ,  0.0000 ,  0.0000 ,
  0.0000 ,  0.0000 ,  0.0000 ,  0.0000 ,  0.0000 ,  0.0000 ,
  0.0000 ,  0.0000 ,  0.0000 ,  0.0000 ,  0.0000 ,  0.0000 ,
  0.0000 ,  0.0000 ,  0.0000 ,  0.0000 ,  0.0000 ,  0.0000 ,
  0.0000 ,  0.0000 ,  0.0000 ,  0.0000 ,  0.0000 ,  0.0000 ,
  0.0000 ,  0.0000 ,  0.0000 ,  0.0000 ,  0.0000 ,  0.0000 ,
  0.0000 ,  0.0000 ,  0.0000 ,  0.0000 ,  0.0000 ,  0.0000 ,
  0.0000 ,  0.0000 ,  0.0000 ,  0.0000 ,  0.0000 ,  0.0000 ,
  0.0000 ,  0.0000 ,  0.0000 ,  0.0000 ,  0.0000 ,  0.0000 ,
  0.0000 ,  0.0000 ,  0.0000 ,  0.0000 ,  0.0000 ,  0.0000 ,
  0.0000 ,  0.0000 ,  0.0000 ,  0.0000 ,  0.0000 ,  0.0000 ,
  0.0000 ,  0.0000 ,  0.0000 ,  0.0000 ,  0.0000 ,  0.0000 ,
  0.0000 ,  0.0000 ,  0.0000 ,  0.0000 ,  0.0000 ,  0.0000 ,
  0.0000 ,  0.0000 ,  0.0000 ,  0.0000 ,  0.0000 ,  0.0000 ,
  0.0000 ,  0.0000 ,  0.0000 ,  0.0000 ,  0.0000 ,  0.0000 ,
  0.0000 ,  0.0000 ,  0.0000 ,  0.0000 ,  0.0000 ,  0.0000 ,
  0.0000 ,  0.0000 ,  0.0000 ,  0.0000 ,  0.0000 ,  0.0000 ,
  0.0000 ,  0.0000 ,  0.0000 ,  0.0000 ,  0.0000 ,  0.0000 ,
  0.0000 ,  0.0000 ,  0.0000 ,  0.0000 ,  0.0000 ,  0.0000 ,
  0.0000 ,  0.0000 ,  0.0000 ,  0.0000 ,  0.0000 ,  0.0000 ,
  0.0000 ,  0.0000 ,  0.0000 ,  0.0000 ,  0.0000 ,  0.0000 ,
  0.0000 ,  0.0000 ,  0.0000 ,  0.0000 ,  0.0000 ,  0.0000 ,
  0.0000 ,  0.0000 ,  0.0000 ,  0.0000 ,  0.0000 ,  0.0000 ,
  0.0000 ,  0.0000 ,  0.0000 ,  0.0000 ,  0.0000 ,  0.0000 ,
  0.0000 ,  0.0000 ,  0.0000 ,  0.0000 ,  0.0000 ,  0.0000 ,
  0.0000 ,  0.0000 ,  0.0000 ,  0.0000 ,  0.0000 ,  0.0000 ,
  0.0000 ,  0.0000 ,  0.0000 ,  0.0000 ,  0.0000 ,  0.0000 ,
  0.0000 ,  0.0000 ,  0.0000 ,  0.0000 ,  0.0000 ,  0.0000 ,
  0.0000 ,  0.0000 ,  0.0000 ,  0.0000 ,  0.0000 ,  0.0000 ,
  0.0000 ,  0.0000 ,  0.0000 ,  0.0000 ,  0.0000 ,  0.0000 ,
  0.0000 ,  0.0000 ,  0.0000 ,  0.0000 ,  0.0000 ,  0.0000 ,
  0.0000 ,  0.0000 ,  0.0000 ,  0.0000 ,  0.0000 ,  0.0000 ,
  0.0000 ,  0.0000 ,  0.0000 ,  0.0000 ,  0.0000 ,  0.0000 ,
  0.0000 ,  0.0000 ,  0.0000 ,  0.0000 ,  0.0000 ,  0.0000 ,
  0.0000 ,  0.0000 ,  0.0000 ,  0.0000 ,  0.0000 ,  0.0000 ,
  0.0000 ,  0.0000 ,  0.0000 ,  0.0000 ,  0.0000 ,  0.0000 ,
  0.0000 ,  0.0000 ,  0.0000 ,  0.0000 ,  0.0000 ,  0.0000 ,
  0.0000 ,  0.0000 ,  0.0000 ,  0.0000 ,  0.0000 ,  0.0000 ,
  0.0000 ,  0.0000 ,  0.0000 ,  0.0000 ,  0.0000 ,  0.0000 ,
  0.0000 ,  0.0000 ,  0.0000 ,  0.0000 ,  0.0000 ,  0.0000 ,
  0.0000 ,  0.0000 ,  0.0000 ,  0.0000 ,  0.0000 ,  0.0000 ,
  0.0000 ,  0.0000 ,  0.0000 ,  0.0000 ,  0.0000 ,  0.0000 ,
  0.0000 ,  0.0000 ,  0.0000 ,  0.0000 ,  0.0000 ,  0.0000 ,
  0.0000 ,  0.0000 ,  0.0000 ,  0.0000 ,  0.0000 ,  0.0000 ,
  0.0000 ,  0.0000 ,  0.0000 ,  0.0000 ,  0.0000 ,  0.0000 ,
  0.0000 ,  0.0000 ,  0.0000 ,  0.0000 ,  0.0000 ,  0.0000 ,
  0.0000 ,  0.0000 ,  0.0000 ,  0.0000 ,  0.0000 ,  0.0000 ,
  0.0000 ,  0.0000 ,  0.0000 ,  0.0000 ,  0.0000 ,  0.0000 ,
  0.0000 ,  0.0000 ,  0.0000 ,  0.0000 ,  0.0000 ,  0.0000 ,
  0.0000 ,  0.0000 ,  0.0000 ,  0.0000 ,  0.0000 ,  0.0000 ,
  0.0000 ,  0.0000 ,  0.0000 ,  0.0000 ,  0.0000 ,  0.0000 ,
  0.0000 ,  0.0000 ,  0.0000 ,  0.0000 ,  0.0000 ,  0.0000 ,
  0.0000 ,  0.0000 ,  0.0000 ,  0.0000 ,  0.0000 ,  0.0000 ,
  0.0000 ,  0.0000 ,  0.0000 ,  0.0000 ,  0.0000 ,  0.0000 ,
  0.0000 ,  0.0000 ,  0.0000 ,  0.0000 ,  0.0000 ,  0.0000 ,
  0.0000 ,  0.0000 ,  0.0000 ,  0.0000 ,  0.0000 ,  0.0000 ,
  0.0000 ,  0.0000 ,  0.0000 ,  0.0000 ,  0.0000 ,  0.0000 ,
  0.0000 ,  0.0000 ,  0.0000 ,  0.0000 ,  0.0000 ,  0.0000 ,
  0.0000 ,  0.0000 ,  0.0000 ,  0.0000 ,  0.0000 ,  0.0000 ,
  0.0000 ,  0.0000 ,  0.0000 ,  0.0000 ,  0.0000 ,  0.0000 ,
  0.0000 ,  0.0000 ,  0.0000 ,  0.0000 ,  0.0000 ,  0.0000 ,
  0.0000 ,  0.0000 ,  0.0000 ,  0.0000 ,  0.0000 ,  0.0000 ,
  0.0000 ,  0.0000 ,  0.0000 ,  0.0000 ,  0.0000 ,  0.0000 ,
  0.0000 ,  0.0000 ,  0.0000 ,  0.0000 ,  0.0000 ,  0.0000 ,
  0.0000 ,  0.0000 ,  0.0000 ,  0.0000 ,  0.0000 ,  0.0000 ,
  0.0000 ,  0.0000 ,  0.0000 ,  0.0000 ,  0.0000 ,  0.0000 ,
  0.0000 ,  0.0000 ,  0.0000 ,  0.0000 ,  0.0000 ,  0.0000 ,
  0.0000 ,  0.0000 ,  0.0000 ,  0.0000 ,  0.0000 ,  0.0000 ,
  0.0000 ,  0.0000 ,  0.0000 ,  0.0000 ,  0.0000 ,  0.0000 ,
  0.0000 ,  0.0000 ,  0.0000 ,  0.0000 ,  0.0000 ,  0.0000 ,
  0.0000 ,  0.0000 ,  0.0000 ,  0.0000 ,  0.0000 ,  0.0000 ,
  0.0000 ,  0.0000 ,  0.0000 ,  0.0000 ,  0.0000 ,  0.0000 ,
  0.0000 ,  0.0000 ,  0.0000 ,  0.0000 ,  0.0000 ,  0.0000 ,
  0.0000 ,  0.0000 ,  0.0000 ,  0.0000 ,  0.0000 ,  0.0000 ,
  0.0000 ,  0.0000 ,  0.0000 ,  0.0000 ,  0.0000 ,  0.0000 ,
  0.0000 ,  0.0000 ,  0.0000 ,  0.0000 ,  0.0000 ,  0.0000 ,
  0.0000 ,  0.0000 ,  0.0000 ,  0.0000 ,  0.0000 ,  0.0000 ,
  0.0000 ,  0.0000 ,  0.0000 ,  0.0000 ,  0.0000 ,  0.0000 ,
  0.0000 ,  0.0000 ,  0.0000 ,  0.0000 ,  0.0000 ,  0.0000 ,
  0.0000 ,  0.0000 ,  0.0000 ,  0.0000 ,  0.0000 ,  0.0000 ,
  0.0000 ,  0.0000 ,  0.0000 ,  0.0000 ,  0.0000 ,  0.0000 ,
  0.0000 ,  0.0000 ,  0.0000 ,  0.0000 ,  0.0000 ,  0.0000 ,
  0.0000 ,  0.0000 ,  0.0000 ,  0.0000 ,  0.0000 ,  0.0000 ,
  0.0000 ,  0.0000 ,  0.0000 ,  0.0000 ,  0.0000 ,  0.0000 ,
  0.0000 ,  0.0000 ,  0.0000 ,  0.0000 ,  0.0000 ,  0.0000 ,
  0.0000 ,  0.0000 ,  0.0000 ,  0.0000 ,  0.0000 ,  0.0000 ,
  0.0000 ,  0.0000 ,  0.0000 ,  0.0000 ,  0.0000 ,  0.0000 ,
  0.0000 ,  0.0000 ,  0.0000 ,  0.0000 ,  0.0000 ,  0.0000 ,
  0.0000 ,  0.0000 ,  0.0000 ,  0.0000 ,  0.0000 ,  0.0000 ,
  0.0000 ,  0.0000 ,  0.0000 ,  0.0000 ,  0.0000 ,  0.0000 ,
  0.0000 ,  0.0000 ,  0.0000 ,  0.0000 ,  0.0000 ,  0.0000 ,
  0.0000 ,  0.0000 ,  0.0000 ,  0.0000 ,  0.0000 ,  0.0000 ,
  0.0000 ,  0.0000 ,  0.0000 ,  0.0000 ,  0.0000 ,  0.0000 ,
  0.0000 ,  0.0000 ,  0.0000 ,  0.0000 ,  0.0000 ,  0.0000 ,
  0.0000 ,  0.0000 ,  0.0000 ,  0.0000 ,  0.0000 ,  0.0000 ,
  0.0000 ,  0.0000 ,  0.0000 ,  0.0000 ,  0.0000 ,  0.0000 ,
  0.0000 ,  0.0000 ,  0.0000 ,  0.0000 ,  0.0000 ,  0.0000 ,
  0.0000 ,  0.0000 ,  0.0000 ,  0.0000 ,  0.0000 ,  0.0000 ,
  0.0000 ,  0.0000 ,  0.0000 ,  0.0000 ,  0.0000 ,  0.0000 ,
  0.0000 ,  0.0000 ,  0.0000 ,  0.0000 ,  0.0000 ,  0.0000 ,
  0.0000 ,  0.0000 ,  0.0000 ,  0.0000 ,  0.0000 ,  0.0000 ,
  0.0000 ,  0.0000 ,  0.0000 ,  0.0000 ,  0.0000 ,  0.0000 ,
  0.0000 ,  0.0000 ,  0.0000 ,  0.0000 ,  0.0000 ,  0.0000 ,
  0.0000 ,  0.0000 ,  0.0000 ,  0.0000 ,  0.0000 ,  0.0000 ,
  0.0000 ,  0.0000 ,  0.0000 ,  0.0000 ,  0.0000 ,  0.0000 ,
  0.0000 ,  0.0000 ,  0.0000 ,  0.0000 ,  0.0000 ,  0.0000 ,
  0.0000 ,  0.0000 ,  0.0000 ,  0.0000 ,  0.0000 ,  0.0000 ,
  0.0000 ,  0.0000 ,  0.0000 ,  0.0000 ,  0.0000 ,  0.0000 ,
  0.0000 ,  0.0000 ,  0.0000 ,  0.0000 ,  0.0000 ,  0.0000 ,
  0.0000 ,  0.0000 ,  0.0000 ,  0.0000 ,  0.0000 ,  0.0000 ,
  0.0000 ,  0.0000 ,  0.0000 ,  0.0000 ,  0.0000 ,  0.0000 ,
  0.0000 ,  0.0000 ,  0.0000 ,  0.0000 ,  0.0000 ,  0.0000 ,
  0.0000 ,  0.0000 ,  0.0000 ,  0.0000 ,  0.0000 ,  0.0000 ,
  0.0000 ,  0.0000 ,  0.0000 ,  0.0000 ,  0.0000 ,  0.0000 ,
  0.0000 ,  0.0000 ,  0.0000 ,  0.0000 ,  0.0000 ,  0.0000 ,
  0.0000 ,  0.0000 ,  0.0000 ,  0.0000 ,  0.0000 ,  0.0000 ,
  0.0000 ,  0.0000 ,  0.0000 ,  0.0000 ,  0.0000 ,  0.0000 ,
  0.0000 ,  0.0000 ,  0.0000 ,  0.0000 ,  0.0000 ,  0.0000 ,
  0.0000 ,  0.0000 ,  0.0000 ,  0.0000 ,  0.0000 ,  0.0000 ,
  0.0000 ,  0.0000 ,  0.0000 ,  0.0000 ,  0.0000 ,  0.0000 ,
  0.0000 ,  0.0000 ,  0.0000 ,  0.0000 ,  0.0000 ,  0.0000 ,
  0.0000 ,  0.0000 ,  0.0000 ,  0.0000 ,  0.0000 ,  0.0000 ,
  0.0000 ,  0.0000 ,  0.0000 ,  0.0000 ,  0.0000 ,  0.0000 ,
  0.0000 ,  0.0000 ,  0.0000 ,  0.0000 ,  0.0000 ,  0.0000 ,
  0.0000 ,  0.0000 ,  0.0000 ,  0.0000 ,  0.0000 ,  0.0000 ,
  0.0000 ,  0.0000 ,  0.0000 ,  0.0000 ,  0.0000 ,  0.0000 ,
  0.0000 ,  0.0000 ,  0.0000 ,  0.0000 ,  0.0000 ,  0.0000 ,
  0.0000 ,  0.0000 ,  0.0000 ,  0.0000 ,  0.0000 ,  0.0000 ,
  0.0000 ,  0.0000 ,  0.0000 ,  0.0000 ,  0.0000 ,  0.0000 ,
  0.0000 ,  0.0000 ,  0.0000 ,  0.0000 ,  0.0000 ,  0.0000 ,
  0.0000 ,  0.0000 ,  0.0000 ,  0.0000 ,  0.0000 ,  0.0000 ,
  0.0000 ,  0.0000 ,  0.0000 ,  0.0000 ,  0.0000 ,  0.0000 ,
  0.0000 ,  0.0000 ,  0.0000 ,  0.0000 ,  0.0000 ,  0.0000 ,
  0.0000 ,  0.0000 ,  0.0000 ,  0.0000 ,  0.0000 ,  0.0000 ,
  0.0000 ,  0.0000 ,  0.0000 ,  0.0000 ,  0.0000 ,  0.0000 ,
  0.0000 ,  0.0000 ,  0.0000 ,  0.0000 ,  0.0000 ,  0.0000 ,
  0.0000 ,  0.0000 ,  0.0000 ,  0.0000 ,  0.0000 ,  0.0000 ,
  0.0000 ,  0.0000 ,  0.0000 ,  0.0000 ,  0.0000 ,  0.0000 ,
  0.0000 ,  0.0000 ,  0.0000 ,  0.0000 ,  0.0000 ,  0.0000 ,
  0.0000 ,  0.0000 ,  0.0000 ,  0.0000 ,  0.0000 ,  0.0000 ,
  0.0000 ,  0.0000 ,  0.0000 ,  0.0000 ,  0.0000 ,  0.0000 ,
  0.0000 ,  0.0000 ,  0.0000 ,  0.0000 ,  0.0000 ,  0.0000 ,
  0.0000 ,  0.0000 ,  0.0000 ,  0.0000 ,  0.0000 ,  0.0000 ,
  0.0000 ,  0.0000 ,  0.0000 ,  0.0000 ,  0.0000 ,  0.0000 ,
  0.0000 ,  0.0000 ,  0.0000 ,  0.0000 ,  0.0000 ,  0.0000 ,
  0.0000 ,  0.0000 ,  0.0000 ,  0.0000 ,  0.0000 ,  0.0000 ,
  0.0000 ,  0.0000 ,  0.0000 ,  0.0000 ,  0.0000 ,  0.0000 ,
  0.0000 ,  0.0000 ,  0.0000 ,  0.0000 ,  0.0000 ,  0.0000 ,
  0.0000 ,  0.0000 ,  0.0000 ,  0.0000 ,  0.0000 ,  0.0000 ,
  0.0000 ,  0.0000 ,  0.0000 ,  0.0000 ,  0.0000 ,  0.0000 ,
  0.0000 ,  0.0000 ,  0.0000 ,  0.0000 ,  0.0000 ,  0.0000 ,
  0.0000 ,  0.0000 ,  0.0000 ,  0.0000 ,  0.0000 ,  0.0000 ,
  0.0000 ,  0.0000 ,  0.0000 ,  0.0000 ,  0.0000 ,  0.0000 ,
  0.0000 ,  0.0000 ,  0.0000 ,  0.0000 ,  0.0000 ,  0.0000 ,
  0.0000 ,  0.0000 ,  0.0000 ,  0.0000 ,  0.0000 ,  0.0000 ,
  0.0000 ,  0.0000 ,  0.0000 ,  0.0000 ,  0.0000 ,  0.0000 ,
  0.0000 ,  0.0000 ,  0.0000 ,  0.0000 ,  0.0000 ,  0.0000 ,
  0.0000 ,  0.0000 ,  0.0000 ,  0.0000 ,  0.0000 ,  0.0000 ,
  0.0000 ,  0.0000 ,  0.0000 ,  0.0000 ,  0.0000 ,  0.0000 ,
  0.0000 ,  0.0000 ,  0.0000 ,  0.0000 ,  0.0000 ,  0.0000 ,
  0.0000 ,  0.0000 ,  0.0000 ,  0.0000 ,  0.0000 ,  0.0000 ,
  0.0000 ,  0.0000 ,  0.0000 ,  0.0000 ,  0.0000 ,  0.0000 ,
  0.0000 ,  0.0000 ,  0.0000 ,  0.0000 ,  0.0000 ,  0.0000 ,
  0.0000 ,  0.0000 ,  0.0000 ,  0.0000 ,  0.0000 ,  0.0000 ,
  0.0000 ,  0.0000 ,  0.0000 ,  0.0000 ,  0.0000 ,  0.0000 ,
  0.0000 ,  0.0000 ,  0.0000 ,  0.0000 ,  0.0000 ,  0.0000 ,
  0.0000 ,  0.0000 ,  0.0000 ,  0.0000 ,  0.0000 ,  0.0000 ,
  0.0000 ,  0.0000 ,  0.0000 ,  0.0000 ,  0.0000 ,  0.0000 ,
  0.0000 ,  0.0000 ,  0.0000 ,  0.0000 ,  0.0000 ,  0.0000 ,
  0.0000 ,  0.0000 ,  0.0000 ,  0.0000 ,  0.0000 ,  0.0000 ,
  0.0000 ,  0.0000 ,  0.0000 ,  0.0000 ,  0.0000 ,  0.0000 ,
  0.0000 ,  0.0000 ,  0.0000 ,  0.0000 ,  0.0000 ,  0.0000 ,
  0.0000 ,  0.0000 ,  0.0000 ,  0.0000 ,  0.0000 ,  0.0000 ,
  0.0000 ,  0.0000 ,  0.0000 ,  0.0000 ,  0.0000 ,  0.0000 ,
  0.0000 ,  0.0000 ,  0.0000 ,  0.0000 ,  0.0000 ,  0.0000 ,
  0.0000 ,  0.0000 ,  0.0000 ,  0.0000 ,  0.0000 ,  0.0000 ,
  0.0000 ,  0.0000 ,  0.0000 ,  0.0000 ,  0.0000 ,  0.0000 ,
  0.0000 ,  0.0000 ,  0.0000 ,  0.0000 ,  0.0000 ,  0.0000 ,
  0.0000 ,  0.0000 ,  0.0000 ,  0.0000 ,  0.0000 ,  0.0000 ,
  0.0000 ,  0.0000 ,  0.0000 ,  0.0000 ,  0.0000 ,  0.0000 ,
  0.0000 ,  0.0000 ,  0.0000 ,  0.0000 ,  0.0000 ,  0.0000 ,
  0.0000 ,  0.0000 ,  0.0000 ,  0.0000 ,  0.0000 ,  0.0000 ,
  0.0000 ,  0.0000 ,  0.0000 ,  0.0000 ,  0.0000 ,  0.0000 ,
  0.0000 ,  0.0000 ,  0.0000 ,  0.0000 ,  0.0000 ,  0.0000 ,
  0.0000 ,  0.0000 ,  0.0000 ,  0.0000 ,  0.0000 ,  0.0000 ,
  0.0000 ,  0.0000 ,  0.0000 ,  0.0000 ,  0.0000 ,  0.0000 ,
  0.0000 ,  0.0000 ,  0.0000 ,  0.0000 ,  0.0000 ,  0.0000 ,
  0.0000 ,  0.0000 ,  0.0000 ,  0.0000 ,  0.0000 ,  0.0000 ,
  0.0000 ,  0.0000 ,  0.0000 ,  0.0000 ,  0.0000 ,  0.0000 ,
  0.0000 ,  0.0000 ,  0.0000 ,  0.0000 ,  0.0000 ,  0.0000 ,
  0.0000 ,  0.0000 ,  0.0000 ,  0.0000 ,  0.0000 ,  0.0000 ,
  0.0000 ,  0.0000 ,  0.0000 ,  0.0000 ,  0.0000 ,  0.0000 ,
  0.0000 ,  0.0000 ,  0.0000 ,  0.0000 ,  0.0000 ,  0.0000 ,
  0.0000 ,  0.0000 ,  0.0000 ,  0.0000 ,  0.0000 ,  0.0000 ,
  0.0000 ,  0.0000 ,  0.0000 ,  0.0000 ,  0.0000 ,  0.0000 ,
  0.0000 ,  0.0000 ,  0.0000 ,  0.0000 ,  0.0000 ,  0.0000 ,
  0.0000 ,  0.0000 ,  0.0000 ,  0.0000 ,  0.0000 ,  0.0000 ,
  0.0000 ,  0.0000 ,  0.0000 ,  0.0000 ,  0.0000 ,  0.0000 ,
  0.0000 ,  0.0000 ,  0.0000 ,  0.0000 ,  0.0000 ,  0.0000 ,
  0.0000 ,  0.0000 ,  0.0000 ,  0.0000 ,  0.0000 ,  0.0000 ,
  0.0000 ,  0.0000 ,  0.0000 ,  0.0000 ,  0.0000 ,  0.0000 ,
  0.0000 ,  0.0000 ,  0.0000 ,  0.0000 ,  0.0000 ,  0.0000 ,
  0.0000 ,  0.0000 ,  0.0000 ,  0.0000 ,  0.0000 ,  0.0000 ,
  0.0000 ,  0.0000 ,  0.0000 ,  0.0000 ,  0.0000 ,  0.0000 ,
  0.0000 ,  0.0000 ,  0.0000 ,  0.0000 ,  0.0000 ,  0.0000 ,
  0.0000 ,  0.0000 ,  0.0000 ,  0.0000 ,  0.0000 ,  0.0000 ,
  0.0000 ,  0.0000 ,  0.0000 ,  0.0000 ,  0.0000 ,  0.0000 ,
  0.0000 ,  0.0000 ,  0.0000 ,  0.0000 ,  0.0000 ,  0.0000 ,
  0.0000 ,  0.0000 ,  0.0000 ,  0.0000 ,  0.0000 ,  0.0000 ,
  0.0000 ,  0.0000 ,  0.0000 ,  0.0000 ,  0.0000 ,  0.0000 ,
  0.0000 ,  0.0000 ,  0.0000 ,  0.0000 ,  0.0000 ,  0.0000 ,
  0.0000 ,  0.0000 ,  0.0000 ,  0.0000 ,  0.0000 ,  0.0000 ,
  0.0000 ,  0.0000 ,  0.0000 ,  0.0000 ,  0.0000 ,  0.0000 ,
  0.0000 ,  0.0000 ,  0.0000 ,  0.0000 ,  0.0000 ,  0.0000 ,
  0.0000 ,  0.0000 ,  0.0000 ,  0.0000 ,  0.0000 ,  0.0000 ,
  0.0000 ,  0.0000 ,  0.0000 ,  0.0000 ,  0.0000 ,  0.0000 ,
  0.0000 ,  0.0000 ,  0.0000 ,  0.0000 ,  0.0000 ,  0.0000 ,
  0.0000 ,  0.0000 ,  0.0000 ,  0.0000 ,  0.0000 ,  0.0000 ,
  0.0000 ,  0.0000 ,  0.0000 ,  0.0000 ,  0.0000 ,  0.0000 ,
  0.0000 ,  0.0000 ,  0.0000 ,  0.0000 ,  0.0000 ,  0.0000 ,
  0.0000 ,  0.0000 ,  0.0000 ,  0.0000 ,  0.0000 ,  0.0000 ,
  0.0000 ,  0.0000 ,  0.0000 ,  0.0000 ,  0.0000 ,  0.0000 ,
  0.0000 ,  0.0000 ,  0.0000 ,  0.0000 ,  0.0000 ,  0.0000 ,
  0.0000 ,  0.0000 ,  0.0000 ,  0.0000 ,  0.0000 ,  0.0000 ,
  0.0000 ,  0.0000 ,  0.0000 ,  0.0000 ,  0.0000 ,  0.0000 ,
  0.0000 ,  0.0000 ,  0.0000 ,  0.0000 ,  0.0000 ,  0.0000 ,
  0.0000 ,  0.0000 ,  0.0000 ,  0.0000 ,  0.0000 ,  0.0000 ,
  0.0000 ,  0.0000 ,  0.0000 ,  0.0000 ,  0.0000 ,  0.0000 ,
  0.0000 ,  0.0000 ,  0.0000 ,  0.0000 ,  0.0000 ,  0.0000 ,
  0.0000 ,  0.0000 ,  0.0000 ,  0.0000 ,  0.0000 ,  0.0000 ,
  0.0000 ,  0.0000 ,  0.0000 ,  0.0000 ,  0.0000 ,  0.0000 ,
  0.0000 ,  0.0000 ,  0.0000 ,  0.0000 ,  0.0000 ,  0.0000 ,
  0.0000 ,  0.0000 ,  0.0000 ,  0.0000 ,  0.0000 ,  0.0000 ,
  0.0000 ,  0.0000 ,  0.0000 ,  0.0000 ,  0.0000 ,  0.0000 ,
  0.0000 ,  0.0000 ,  0.0000 ,  0.0000 ,  0.0000 ,  0.0000 ,
  0.0000 ,  0.0000 ,  0.0000 ,  0.0000 ,  0.0000 ,  0.0000 ,
  0.0000 ,  0.0000 ,  0.0000 ,  0.0000 ,  0.0000 ,  0.0000 ,
  0.0000 ,  0.0000 ,  0.0000 ,  0.0000 ,  0.0000 ,  0.0000 ,
  0.0000 ,  0.0000 ,  0.0000 ,  0.0000 ,  0.0000 ,  0.0000 ,
  0.0000 ,  0.0000 ,  0.0000 ,  0.0000 ,  0.0000 ,  0.0000 ,
  0.0000 ,  0.0000 ,  0.0000 ,  0.0000 ,  0.0000 ,  0.0000 ,
  0.0000 ,  0.0000 ,  0.0000 ,  0.0000 ,  0.0000 ,  0.0000 ,
  0.0000 ,  0.0000 ,  0.0000 ,  0.0000 ,  0.0000 ,  0.0000 ,
  0.0000 ,  0.0000 ,  0.0000 ,  0.0000 ,  0.0000 ,  0.0000 ,
  0.0000 ,  0.0000 ,  0.0000 ,  0.0000 ,  0.0000 ,  0.0000 ,
  0.0000 ,  0.0000 ,  0.0000 ,  0.0000 ,  0.0000 ,  0.0000 ,
  0.0000 ,  0.0000 ,  0.0000 ,  0.0000 ,  0.0000 ,  0.0000 ,
  0.0000 ,  0.0000 ,  0.0000 ,  0.0000 ,  0.0000 ,  0.0000 ,
  0.0000 ,  0.0000 ,  0.0000 ,  0.0000 ,  0.0000 ,  0.0000 ,
  0.0000 ,  0.0000 ,  0.0000 ,  0.0000 ,  0.0000 ,  0.0000 ,
  0.0000 ,  0.0000 ,  0.0000 ,  0.0000 ,  0.0000 ,  0.0000 ,
  0.0000 ,  0.0000 ,  0.0000 ,  0.0000 ,  0.0000 ,  0.0000 ,
  0.0000 ,  0.0000 ,  0.0000 ,  0.0000 ,  0.0000 ,  0.0000 ,
  0.0000 ,  0.0000 ,  0.0000 ,  0.0000 ,  0.0000 ,  0.0000 ,
  0.0000 ,  0.0000 ,  0.0000 ,  0.0000 ,  0.0000 ,  0.0000 ,
  0.0000 ,  0.0000 ,  0.0000 ,  0.0000 ,  0.0000 ,  0.0000 ,
  0.0000 ,  0.0000 ,  0.0000 ,  0.0000 ,  0.0000 ,  0.0000 ,
  0.0000 ,  0.0000 ,  0.0000 ,  0.0000 ,  0.0000 ,  0.0000 ,
  0.0000 ,  0.0000 ,  0.0000 ,  0.0000 ,  0.0000 ,  0.0000 ,
  0.0000 ,  0.0000 ,  0.0000 ,  0.0000 ,  0.0000 ,  0.0000 ,
  0.0000 ,  0.0000 ,  0.0000 ,  0.0000 ,  0.0000 ,  0.0000 ,
  0.0000 ,  0.0000 ,  0.0000 ,  0.0000 ,  0.0000 ,  0.0000 ,
  0.0000 ,  0.0000 ,  0.0000 ,  0.0000 ,  0.0000 ,  0.0000 ,
  0.0000 ,  0.0000 ,  0.0000 ,  0.0000 ,  0.0000 ,  0.0000 ,
  0.0000 ,  0.0000 ,  0.0000 ,  0.0000 ,  0.0000 ,  0.0000 ,
  0.0000 ,  0.0000 ,  0.0000 ,  0.0000 ,  0.0000 ,  0.0000 ,
  0.0000 ,  0.0000 ,  0.0000 ,  0.0000 ,  0.0000 ,  0.0000 ,
  0.0000 ,  0.0000 ,  0.0000 ,  0.0000 ,  0.0000 ,  0.0000 ,
  0.0000 ,  0.0000 ,  0.0000 ,  0.0000 ,  0.0000 ,  0.0000 ,
  0.0000 ,  0.0000 ,  0.0000 ,  0.0000 ,  0.0000 ,  0.0000 ,
  0.0000 ,  0.0000 ,  0.0000 ,  0.0000 ,  0.0000 ,  0.0000 ,
  0.0000 ,  0.0000 ,  0.0000 ,  0.0000 ,  0.0000 ,  0.0000 ,
  0.0000 ,  0.0000 ,  0.0000 ,  0.0000 ,  0.0000 ,  0.0000 ,
  0.0000 ,  0.0000 ,  0.0000 ,  0.0000 ,  0.0000 ,  0.0000 ,
  0.0000 ,  0.0000 ,  0.0000 ,  0.0000 ,  0.0000 ,  0.0000 ,
  0.0000 ,  0.0000 ,  0.0000 ,  0.0000 ,  0.0000 ,  0.0000 ,
  0.0000 ,  0.0000 ,  0.0000 ,  0.0000 ,  0.0000 ,  0.0000 ,
  0.0000 ,  0.0000 ,  0.0000 ,  0.0000 ,  0.0000 ,  0.0000 ,
  0.0000 ,  0.0000 ,  0.0000 ,  0.0000 ,  0.0000 ,  0.0000 ,
  0.0000 ,  0.0000 ,  0.0000 ,  0.0000 ,  0.0000 ,  0.0000 ,
  0.0000 ,  0.0000 ,  0.0000 ,  0.0000 ,  0.0000 ,  0.0000 ,
  0.0000 ,  0.0000 ,  0.0000 ,  0.0000 ,  0.0000 ,  0.0000 ,
  0.0000 ,  0.0000 ,  0.0000 ,  0.0000 ,  0.0000 ,  0.0000 ,
  0.0000 ,  0.0000 ,  0.0000 ,  0.0000 ,  0.0000 ,  0.0000 ,
  0.0000 ,  0.0000 ,  0.0000 ,  0.0000 ,  0.0000 ,  0.0000 ,
  0.0000 ,  0.0000 ,  0.0000 ,  0.0000 ,  0.0000 ,  0.0000 ,
  0.0000 ,  0.0000 ,  0.0000 ,  0.0000 ,  0.0000 ,  0.0000 ,
  0.0000 ,  0.0000 ,  0.0000 ,  0.0000 ,  0.0000 ,  0.0000 ,
  0.0000 ,  0.0000 ,  0.0000 ,  0.0000 ,  0.0000 ,  0.0000 ,
  0.0000 ,  0.0000 ,  0.0000 ,  0.0000 ,  0.0000 ,  0.0000 ,
  0.0000 ,  0.0000 ,  0.0000 ,  0.0000 ,  0.0000 ,  0.0000 ,
  0.0000 ,  0.0000 ,  0.0000 ,  0.0000 ,  0.0000 ,  0.0000 ,
  0.0000 ,  0.0000 ,  0.0000 ,  0.0000 ,  0.0000 ,  0.0000 ,
  0.0000 ,  0.0000 ,  0.0000 ,  0.0000 ,  0.0000 ,  0.0000 ,
  0.0000 ,  0.0000 ,  0.0000 ,  0.0000 ,  0.0000 ,  0.0000 ,
  0.0000 ,  0.0000 ,  0.0000 ,  0.0000 ,  0.0000 ,  0.0000 ,
  0.0000 ,  0.0000 ,  0.0000 ,  0.0000 ,  0.0000 ,  0.0000 ,
  0.0000 ,  0.0000 ,  0.0000 ,  0.0000 ,  0.0000 ,  0.0000 ,
  0.0000 ,  0.0000 ,  0.0000 ,  0.0000 ,  0.0000 ,  0.0000 ,
  0.0000 ,  0.0000 ,  0.0000 ,  0.0000 ,  0.0000 ,  0.0000 ,
  0.0000 ,  0.0000 ,  0.0000 ,  0.0000 ,  0.0000 ,  0.0000 ,
  0.0000 ,  0.0000 ,  0.0000 ,  0.0000 ,  0.0000 ,  0.0000 ,
  0.0000 ,  0.0000 ,  0.0000 ,  0.0000 ,  0.0000 ,  0.0000 ,
  0.0000 ,  0.0000 ,  0.0000 ,  0.0000 ,  0.0000 ,  0.0000 ,
  0.0000 ,  0.0000 ,  0.0000 ,  0.0000 ,  0.0000 ,  0.0000 ,
  0.0000 ,  0.0000 ,  0.0000 ,  0.0000 ,  0.0000 ,  0.0000 ,
  0.0000 ,  0.0000 ,  0.0000 ,  0.0000 ,  0.0000 ,  0.0000 ,
  0.0000 ,  0.0000 ,  0.0000 ,  0.0000 ,  0.0000 ,  0.0000 ,
  0.0000 ,  0.0000 ,  0.0000 ,  0.0000 ,  0.0000 ,  0.0000 ,
  0.0000 ,  0.0000 ,  0.0000 ,  0.0000 ,  0.0000 ,  0.0000 ,
  0.0000 ,  0.0000 ,  0.0000 ,  0.0000 ,  0.0000 ,  0.0000 ,
  0.0000 ,  0.0000 ,  0.0000 ,  0.0000 ,  0.0000 ,  0.0000 ,
  0.0000 ,  0.0000 ,  0.0000 ,  0.0000 ,  0.0000 ,  0.0000 ,
  0.0000 ,  0.0000 ,  0.0000 ,  0.0000 ,  0.0000 ,  0.0000 ,
  0.0000 ,  0.0000 ,  0.0000 ,  0.0000 ,  0.0000 ,  0.0000 ,
  0.0000 ,  0.0000 ,  0.0000 ,  0.0000 ,  0.0000 ,  0.0000 ,
  0.0000 ,  0.0000 ,  0.0000 ,  0.0000 ,  0.0000 ,  0.0000 ,
  0.0000 ,  0.0000 ,  0.0000 ,  0.0000 ,  0.0000 ,  0.0000 ,
  0.0000 ,  0.0000 ,  0.0000 ,  0.0000 ,  0.0000 ,  0.0000 ,
  0.0000 ,  0.0000 ,  0.0000 ,  0.0000 ,  0.0000 ,  0.0000 ,
  0.0000 ,  0.0000 ,  0.0000 ,  0.0000 ,  0.0000 ,  0.0000 ,
  0.0000 ,  0.0000 ,  0.0000 ,  0.0000 ,  0.0000 ,  0.0000 ,
  0.0000 ,  0.0000 ,  0.0000 ,  0.0000 ,  0.0000 ,  0.0000 ,
  0.0000 ,  0.0000 ,  0.0000 ,  0.0000 ,  0.0000 ,  0.0000 ,
  0.0000 ,  0.0000 ,  0.0000 ,  0.0000 ,  0.0000 ,  0.0000 ,
  0.0000 ,  0.0000 ,  0.0000 ,  0.0000 ,  0.0000 ,  0.0000 ,
  0.0000 ,  0.0000 ,  0.0000 ,  0.0000 ,  0.0000 ,  0.0000 ,
  0.0000 ,  0.0000 ,  0.0000 ,  0.0000 ,  0.0000 ,  0.0000 ,
  0.0000 ,  0.0000 ,  0.0000 ,  0.0000 ,  0.0000 ,  0.0000 ,
  0.0000 ,  0.0000 ,  0.0000 ,  0.0000 ,  0.0000 ,  0.0000 ,
  0.0000 ,  0.0000 ,  0.0000 ,  0.0000 ,  0.0000 ,  0.0000 ,
  0.0000 ,  0.0000 ,  0.0000 ,  0.0000 ,  0.0000 ,  0.0000 ,
  0.0000 ,  0.0000 ,  0.0000 ,  0.0000 ,  0.0000 ,  0.0000 ,
  0.0000 ,  0.0000 ,  0.0000 ,  0.0000 ,  0.0000 ,  0.0000 ,
  0.0000 ,  0.0000 ,  0.0000 ,  0.0000 ,  0.0000 ,  0.0000 ,
  0.0000 ,  0.0000 ,  0.0000 ,  0.0000 ,  0.0000 ,  0.0000 ,
  0.0000 ,  0.0000 ,  0.0000 ,  0.0000 ,  0.0000 ,  0.0000 ,
  0.0000 ,  0.0000 ,  0.0000 ,  0.0000 ,  0.0000 ,  0.0000 ,
  0.0000 ,  0.0000 ,  0.0000 ,  0.0000 ,  0.0000 ,  0.0000 ,
  0.0000 ,  0.0000 ,  0.0000 ,  0.0000 ,  0.0000 ,  0.0000 ,
  0.0000 ,  0.0000 ,  0.0000 ,  0.0000 ,  0.0000 ,  0.0000 ,
  0.0000 ,  0.0000 ,  0.0000 ,  0.0000 ,  0.0000 ,  0.0000 ,
  0.0000 ,  0.0000 ,  0.0000 ,  0.0000 ,  0.0000 ,  0.0000 ,
  0.0000 ,  0.0000 ,  0.0000 ,  0.0000 ,  0.0000 ,  0.0000 ,
  0.0000 ,  0.0000 ,  0.0000 ,  0.0000 ,  0.0000 ,  0.0000 ,
  0.0000 ,  0.0000 ,  0.0000 ,  0.0000 ,  0.0000 ,  0.0000 ,
  0.0000 ,  0.0000 ,  0.0000 ,  0.0000 ,  0.0000 ,  0.0000 ,
  0.0000 ,  0.0000 ,  0.0000 ,  0.0000 ,  0.0000 ,  0.0000 ,
  0.0000 ,  0.0000 ,  0.0000 ,  0.0000 ,  0.0000 ,  0.0000 ,
  0.0000 ,  0.0000 ,  0.0000 ,  0.0000 ,  0.0000 ,  0.0000 ,
  0.0000 ,  0.0000 ,  0.0000 ,  0.0000 ,  0.0000 ,  0.0000 ,
  0.0000 ,  0.0000 ,  0.0000 ,  0.0000 ,  0.0000 ,  0.0000 ,
  0.0000 ,  0.0000 ,  0.0000 ,  0.0000 ,  0.0000 ,  0.0000 ,
  0.0000 ,  0.0000 ,  0.0000 ,  0.0000 ,  0.0000 ,  0.0000 ,
  0.0000 ,  0.0000 ,  0.0000 ,  0.0000 ,  0.0000 ,  0.0000 ,
  0.0000 ,  0.0000 ,  0.0000 ,  0.0000 ,  0.0000 ,  0.0000 ,
  0.0000 ,  0.0000 ,  0.0000 ,  0.0000 ,  0.0000 ,  0.0000 ,
  0.0000 ,  0.0000 ,  0.0000 ,  0.0000 ,  0.0000 ,  0.0000 ,
  0.0000 ,  0.0000 ,  0.0000 ,  0.0000 ,  0.0000 ,  0.0000 ,
  0.0000 ,  0.0000 ,  0.0000 ,  0.0000 ,  0.0000 ,  0.0000 ,
  0.0000 ,  0.0000 ,  0.0000 ,  0.0000 ,  0.0000 ,  0.0000 ,
  0.0000 ,  0.0000 ,  0.0000 ,  0.0000 ,  0.0000 ,  0.0000 ,
  0.0000 ,  0.0000 ,  0.0000 ,  0.0000 ,  0.0000 ,  0.0000 ,
  0.0000 ,  0.0000 ,  0.0000 ,  0.0000 ,  0.0000 ,  0.0000 ,
  0.0000 ,  0.0000 ,  0.0000 ,  0.0000 ,  0.0000 ,  0.0000 ,
  0.0000 ,  0.0000 ,  0.0000 ,  0.0000 ,  0.0000 ,  0.0000 ,
  0.0000 ,  0.0000 ,  0.0000 ,  0.0000 ,  0.0000 ,  0.0000 ,
  0.0000 ,  0.0000 ,  0.0000 ,  0.0000 ,  0.0000 ,  0.0000 ,
  0.0000 ,  0.0000 ,  0.0000 ,  0.0000 ,  0.0000 ,  0.0000 ,
  0.0000 ,  0.0000 ,  0.0000 ,  0.0000 ,  0.0000 ,  0.0000 ,
  0.0000 ,  0.0000 ,  0.0000 ,  0.0000 ,  0.0000 ,  0.0000 ,
  0.0000 ,  0.0000 ,  0.0000 ,  0.0000 ,  0.0000 ,  0.0000 ,
  0.0000 ,  0.0000 ,  0.0000 ,  0.0000 ,  0.0000 ,  0.0000 ,
  0.0000 ,  0.0000 ,  0.0000 ,  0.0000 ,  0.0000 ,  0.0000 ,
  0.0000 ,  0.0000 ,  0.0000 ,  0.0000 ,  0.0000 ,  0.0000 ,
  0.0000 ,  0.0000 ,  0.0000 ,  0.0000 ,  0.0000 ,  0.0000 ,
  0.0000 ,  0.0000 ,  0.0000 ,  0.0000 ,  0.0000 ,  0.0000 ,
  0.0000 ,  0.0000 ,  0.0000 ,  0.0000 ,  0.0000 ,  0.0000 ,
  0.0000 ,  0.0000 ,  0.0000 ,  0.0000 ,  0.0000 ,  0.0000 ,
  0.0000 ,  0.0000 ,  0.0000 ,  0.0000 ,  0.0000 ,  0.0000 ,
  0.0000 ,  0.0000 ,  0.0000 ,  0.0000 ,  0.0000 ,  0.0000 ,
  0.0000 ,  0.0000 ,  0.0000 ,  0.0000 ,  0.0000 ,  0.0000 ,
  0.0000 ,  0.0000 ,  0.0000 ,  0.0000 ,  0.0000 ,  0.0000 ,
  0.0000 ,  0.0000 ,  0.0000 ,  0.0000 ,  0.0000 ,  0.0000 ,
  0.0000 ,  0.0000 ,  0.0000 ,  0.0000 ,  0.0000 ,  0.0000 ,
  0.0000 ,  0.0000 ,  0.0000 ,  0.0000 ,  0.0000 ,  0.0000 ,
  0.0000 ,  0.0000 ,  0.0000 ,  0.0000 ,  0.0000 ,  0.0000 ,
  0.0000 ,  0.0000 ,  0.0000 ,  0.0000 ,  0.0000 ,  0.0000 ,
  0.0000 ,  0.0000 ,  0.0000 ,  0.0000 ,  0.0000 ,  0.0000 ,
  0.0000 ,  0.0000 ,  0.0000 ,  0.0000 ,  0.0000 ,  0.0000 ,
  0.0000 ,  0.0000 ,  0.0000 ,  0.0000 ,  0.0000 ,  0.0000 ,
  0.0000 ,  0.0000 ,  0.0000 ,  0.0000 ,  0.0000 ,  0.0000 ,
  0.0000 ,  0.0000 ,  0.0000 ,  0.0000 ,  0.0000 ,  0.0000 ,
  0.0000 ,  0.0000 ,  0.0000 ,  0.0000 ,  0.0000 ,  0.0000 ,
  0.0000 ,  0.0000 ,  0.0000 ,  0.0000 ,  0.0000 ,  0.0000 ,
  0.0000 ,  0.0000 ,  0.0000 ,  0.0000 ,  0.0000 ,  0.0000 ,
  0.0000 ,  0.0000 ,  0.0000 ,  0.0000 ,  0.0000 ,  0.0000 ,
  0.0000 ,  0.0000 ,  0.0000 ,  0.0000 ,  0.0000 ,  0.0000 ,
  0.0000 ,  0.0000 ,  0.0000 ,  0.0000 ,  0.0000 ,  0.0000 ,
  0.0000 ,  0.0000 ,  0.0000 ,  0.0000 ,  0.0000 ,  0.0000 ,
  0.0000 ,  0.0000 ,  0.0000 ,  0.0000 ,  0.0000 ,  0.0000 ,
  0.0000 ,  0.0000 ,  0.0000 ,  0.0000 ,  0.0000 ,  0.0000 ,
  0.0000 ,  0.0000 ,  0.0000 ,  0.0000 ,  0.0000 ,  0.0000 ,
  0.0000 ,  0.0000 ,  0.0000 ,  0.0000 ,  0.0000 ,  0.0000 ,
  0.0000 ,  0.0000 ,  0.0000 ,  0.0000 ,  0.0000 ,  0.0000 ,
  0.0000 ,  0.0000 ,  0.0000 ,  0.0000 ,  0.0000 ,  0.0000 ,
  0.0000 ,  0.0000 ,  0.0000 ,  0.0000 ,  0.0000 ,  0.0000 ,
  0.0000 ,  0.0000 ,  0.0000 ,  0.0000 ,  0.0000 ,  0.0000 ,
  0.0000 ,  0.0000 ,  0.0000 ,  0.0000 ,  0.0000 ,  0.0000 ,
  0.0000 ,  0.0000 ,  0.0000 ,  0.0000 ,  0.0000 ,  0.0000 ,
  0.0000 ,  0.0000 ,  0.0000 ,  0.0000 ,  0.0000 ,  0.0000 ,
  0.0000 ,  0.0000 ,  0.0000 ,  0.0000 ,  0.0000 ,  0.0000 ,
  0.0000 ,  0.0000 ,  0.0000 ,  0.0000 ,  0.0000 ,  0.0000 ,
  0.0000 ,  0.0000 ,  0.0000 ,  0.0000 ,  0.0000 ,  0.0000 ,
  0.0000 ,  0.0000 ,  0.0000 ,  0.0000 ,  0.0000 ,  0.0000 ,
  0.0000 ,  0.0000 ,  0.0000 ,  0.0000 ,  0.0000 ,  0.0000 ,
  0.0000 ,  0.0000 ,  0.0000 ,  0.0000 ,  0.0000 ,  0.0000 ,
  0.0000 ,  0.0000 ,  0.0000 ,  0.0000 ,  0.0000 ,  0.0000 ,
  0.0000 ,  0.0000 ,  0.0000 ,  0.0000 ,  0.0000 ,  0.0000 ,
  0.0000 ,  0.0000 ,  0.0000 ,  0.0000 ,  0.0000 ,  0.0000 ,
  0.0000 ,  0.0000 ,  0.0000 ,  0.0000 ,  0.0000 ,  0.0000 ,
  0.0000 ,  0.0000 ,  0.0000 ,  0.0000 ,  0.0000 ,  0.0000 ,
  0.0000 ,  0.0000 ,  0.0000 ,  0.0000 ,  0.0000 ,  0.0000 ,
  0.0000 ,  0.0000 ,  0.0000 ,  0.0000 ,  0.0000 ,  0.0000 ,
  0.0000 ,  0.0000 ,  0.0000 ,  0.0000 ,  0.0000 ,  0.0000 ,
  0.0000 ,  0.0000 ,  0.0000 ,  0.0000 ,  0.0000 ,  0.0000 ,
  0.0000 ,  0.0000 ,  0.0000 ,  0.0000 ,  0.0000 ,  0.0000 ,
  0.0000 ,  0.0000 ,  0.0000 ,  0.0000 ,  0.0000 ,  0.0000 ,
  0.0000 ,  0.0000 ,  0.0000 ,  0.0000 ,  0.0000 ,  0.0000 ,
  0.0000 ,  0.0000 ,  0.0000 ,  0.0000 ,  0.0000 ,  0.0000 ,
  0.0000 ,  0.0000 ,  0.0000 ,  0.0000 ,  0.0000 ,  0.0000 ,
  0.0000 ,  0.0000 ,  0.0000 ,  0.0000 ,  0.0000 ,  0.0000 ,
  0.0000 ,  0.0000 ,  0.0000 ,  0.0000 ,  0.0000 ,  0.0000 ,
  0.0000 ,  0.0000 ,  0.0000 ,  0.0000 ,  0.0000 ,  0.0000 ,
  0.0000 ,  0.0000 ,  0.0000 ,  0.0000 ,  0.0000 ,  0.0000 ,
  0.0000 ,  0.0000 ,  0.0000 ,  0.0000 ,  0.0000 ,  0.0000 ,
  0.0000 ,  0.0000 ,  0.0000 ,  0.0000 ,  0.0000 ,  0.0000 ,
  0.0000 ,  0.0000 ,  0.0000 ,  0.0000 ,  0.0000 ,  0.0000 ,
  0.0000 ,  0.0000 ,  0.0000 ,  0.0000 ,  0.0000 ,  0.0000 ,
  0.0000 ,  0.0000 ,  0.0000 ,  0.0000 ,  0.0000 ,  0.0000 ,
  0.0000 ,  0.0000 ,  0.0000 ,  0.0000 ,  0.0000 ,  0.0000 ,
  0.0000 ,  0.0000 ,  0.0000 ,  0.0000 ,  0.0000 ,  0.0000 ,
  0.0000 ,  0.0000 ,  0.0000 ,  0.0000 ,  0.0000 ,  0.0000 ,
  0.0000 ,  0.0000 ,  0.0000 ,  0.0000 ,  0.0000 ,  0.0000 ,
  0.0000 ,  0.0000 ,  0.0000 ,  0.0000 ,  0.0000 ,  0.0000 ,
  0.0000 ,  0.0000 ,  0.0000 ,  0.0000 ,  0.0000 ,  0.0000 ,
  0.0000 ,  0.0000 ,  0.0000 ,  0.0000 ,  0.0000 ,  0.0000 ,
  0.0000 ,  0.0000 ,  0.0000 ,  0.0000 ,  0.0000 ,  0.0000 ,
  0.0000 ,  0.0000 ,  0.0000 ,  0.0000 ,  0.0000 ,  0.0000 ,
  0.0000 ,  0.0000 ,  0.0000 ,  0.0000 ,  0.0000 ,  0.0000 ,
  0.0000 ,  0.0000 ,  0.0000 ,  0.0000 ,  0.0000 ,  0.0000 ,
  0.0000 ,  0.0000 ,  0.0000 ,  0.0000 ,  0.0000 ,  0.0000 ,
  0.0000 ,  0.0000 ,  0.0000 ,  0.0000 ,  0.0000 ,  0.0000 ,
  0.0000 ,  0.0000 ,  0.0000 ,  0.0000 ,  0.0000 ,  0.0000 ,
  0.0000 ,  0.0000 ,  0.0000 ,  0.0000 ,  0.0000 ,  0.0000 ,
  0.0000 ,  0.0000 ,  0.0000 ,  0.0000 ,  0.0000 ,  0.0000 ,
  0.0000 ,  0.0000 ,  0.0000 ,  0.0000 ,  0.0000 ,  0.0000 ,
  0.0000 ,  0.0000 ,  0.0000 ,  0.0000 ,  0.0000 ,  0.0000 ,
  0.0000 ,  0.0000 ,  0.0000 ,  0.0000 ,  0.0000 ,  0.0000 ,
  0.0000 ,  0.0000 ,  0.0000 ,  0.0000 ,  0.0000 ,  0.0000 ,
  0.0000 ,  0.0000 ,  0.0000 ,  0.0000 ,  0.0000 ,  0.0000 ,
  0.0000 ,  0.0000 ,  0.0000 ,  0.0000 ,  0.0000 ,  0.0000 ,
  0.0000 ,  0.0000 ,  0.0000 ,  0.0000 ,  0.0000 ,  0.0000 ,
  0.0000 ,  0.0000 ,  0.0000 ,  0.0000 ,  0.0000 ,  0.0000 ,
  0.0000 ,  0.0000 ,  0.0000 ,  0.0000 ,  0.0000 ,  0.0000 ,
  0.0000 ,  0.0000 ,  0.0000 ,  0.0000 ,  0.0000 ,  0.0000 ,
  0.0000 ,  0.0000 ,  0.0000 ,  0.0000 ,  0.0000 ,  0.0000 ,
  0.0000 ,  0.0000 ,  0.0000 ,  0.0000 ,  0.0000 ,  0.0000 ,
  0.0000 ,  0.0000 ,  0.0000 ,  0.0000 ,  0.0000 ,  0.0000 ,
  0.0000 ,  0.0000 ,  0.0000 ,  0.0000 ,  0.0000 ,  0.0000 ,
  0.0000 ,  0.0000 ,  0.0000 ,  0.0000 ,  0.0000 ,  0.0000 ,
  0.0000 ,  0.0000 ,  0.0000 ,  0.0000 ,  0.0000 ,  0.0000 ,
  0.0000 ,  0.0000 ,  0.0000 ,  0.0000 ,  0.0000 ,  0.0000 ,
  0.0000 ,  0.0000 ,  0.0000 ,  0.0000 ,  0.0000 ,  0.0000 ,
  0.0000 ,  0.0000 ,  0.0000 ,  0.0000 ,  0.0000 ,  0.0000 ,
  0.0000 ,  0.0000 ,  0.0000 ,  0.0000 ,  0.0000 ,  0.0000 ,
  0.0000 ,  0.0000 ,  0.0000 ,  0.0000 ,  0.0000 ,  0.0000 ,
  0.0000 ,  0.0000 ,  0.0000 ,  0.0000 ,  0.0000 ,  0.0000 ,
  0.0000 ,  0.0000 ,  0.0000 ,  0.0000 ,  0.0000 ,  0.0000 ,
  0.0000 ,  0.0000 ,  0.0000 ,  0.0000 ,  0.0000 ,  0.0000 ,
  0.0000 ,  0.0000 ,  0.0000 ,  0.0000 ,  0.0000 ,  0.0000 ,
  0.0000 ,  0.0000 ,  0.0000 ,  0.0000 ,  0.0000 ,  0.0000 ,
  0.0000 ,  0.0000 ,  0.0000 ,  0.0000 ,  0.0000 ,  0.0000 ,
  0.0000 ,  0.0000 ,  0.0000 ,  0.0000 ,  0.0000 ,  0.0000 ,
  0.0000 ,  0.0000 ,  0.0000 ,  0.0000 ,  0.0000 ,  0.0000 ,
  0.0000 ,  0.0000 ,  0.0000 ,  0.0000 ,  0.0000 ,  0.0000 ,
  0.0000 ,  0.0000 ,  0.0000 ,  0.0000 ,  0.0000 ,  0.0000 ,
  0.0000 ,  0.0000 ,  0.0000 ,  0.0000 ,  0.0000 ,  0.0000 ,
  0.0000 ,  0.0000 ,  0.0000 ,  0.0000 ,  0.0000 ,  0.0000 ,
  0.0000 ,  0.0000 ,  0.0000 ,  0.0000 ,  0.0000 ,  0.0000 ,
  0.0000 ,  0.0000 ,  0.0000 ,  0.0000 ,  0.0000 ,  0.0000 ,
  0.0000 ,  0.0000 ,  0.0000 ,  0.0000 ,  0.0000 ,  0.0000 ,
  0.0000 ,  0.0000 ,  0.0000 ,  0.0000 ,  0.0000 ,  0.0000 ,
  0.0000 ,  0.0000 ,  0.0000 ,  0.0000 ,  0.0000 ,  0.0000 ,
  0.0000 ,  0.0000 ,  0.0000 ,  0.0000 ,  0.0000 ,  0.0000 ,
  0.0000 ,  0.0000 ,  0.0000 ,  0.0000 ,  0.0000 ,  0.0000 ,
  0.0000 ,  0.0000 ,  0.0000 ,  0.0000 ,  0.0000 ,  0.0000 ,
  0.0000 ,  0.0000 ,  0.0000 ,  0.0000 ,  0.0000 ,  0.0000 ,
  0.0000 ,  0.0000 ,  0.0000 ,  0.0000 ,  0.0000 ,  0.0000 ,
  0.0000 ,  0.0000 ,  0.0000 ,  0.0000 ,  0.0000 ,  0.0000 ,
  0.0000 ,  0.0000 ,  0.0000 ,  0.0000 ,  0.0000 ,  0.0000 ,
  0.0000 ,  0.0000 ,  0.0000 ,  0.0000 ,  0.0000 ,  0.0000 ,
  0.0000 ,  0.0000 ,  0.0000 ,  0.0000 ,  0.0000 ,  0.0000 ,
  0.0000 ,  0.0000 ,  0.0000 ,  0.0000 ,  0.0000 ,  0.0000 ,
  0.0000 ,  0.0000 ,  0.0000 ,  0.0000 ,  0.0000 ,  0.0000 ,
  0.0000 ,  0.0000 ,  0.0000 ,  0.0000 ,  0.0000 ,  0.0000 ,
  0.0000 ,  0.0000 ,  0.0000 ,  0.0000 ,  0.0000 ,  0.0000 ,
  0.0000 ,  0.0000 ,  0.0000 ,  0.0000 ,  0.0000 ,  0.0000 ,
  0.0000 ,  0.0000 ,  0.0000 ,  0.0000 ,  0.0000 ,  0.0000 ,
  0.0000 ,  0.0000 ,  0.0000 ,  0.0000 ,  0.0000 ,  0.0000 ,
  0.0000 ,  0.0000 ,  0.0000 ,  0.0000 ,  0.0000 ,  0.0000 ,
  0.0000 ,  0.0000 ,  0.0000 ,  0.0000 ,  0.0000 ,  0.0000 ,
  0.0000 ,  0.0000 ,  0.0000 ,  0.0000 ,  0.0000 ,  0.0000 ,
  0.0000 ,  0.0000 ,  0.0000 ,  0.0000 ,  0.0000 ,  0.0000 ,
  0.0000 ,  0.0000 ,  0.0000 ,  0.0000 ,  0.0000 ,  0.0000 ,
  0.0000 ,  0.0000 ,  0.0000 ,  0.0000 ,  0.0000 ,  0.0000 ,
  0.0000 ,  0.0000 ,  0.0000 ,  0.0000 ,  0.0000 ,  0.0000 ,
  0.0000 ,  0.0000 ,  0.0000 ,  0.0000 ,  0.0000 ,  0.0000 ,
  0.0000 ,  0.0000 ,  0.0000 ,  0.0000 ,  0.0000 ,  0.0000 ,
  0.0000 ,  0.0000 ,  0.0000 ,  0.0000 ,  0.0000 ,  0.0000 ,
  0.0000 ,  0.0000 ,  0.0000 ,  0.0000 ,  0.0000 ,  0.0000 ,
  0.0000 ,  0.0000 ,  0.0000 ,  0.0000 ,  0.0000 ,  0.0000 ,
  0.0000 ,  0.0000 ,  0.0000 ,  0.0000 ,  0.0000 ,  0.0000 ,
  0.0000 ,  0.0000 ,  0.0000 ,  0.0000 ,  0.0000 ,  0.0000 ,
  0.0000 ,  0.0000 ,  0.0000 ,  0.0000 ,  0.0000 ,  0.0000 ,
  0.0000 ,  0.0000 ,  0.0000 ,  0.0000 ,  0.0000 ,  0.0000 ,
  0.0000 ,  0.0000 ,  0.0000 ,  0.0000 ,  0.0000 ,  0.0000 ,
  0.0000 ,  0.0000 ,  0.0000 ,  0.0000 ,  0.0000 ,  0.0000 ,
  0.0000 ,  0.0000 ,  0.0000 ,  0.0000 ,  0.0000 ,  0.0000 ,
  0.0000 ,  0.0000 ,  0.0000 ,  0.0000 ,  0.0000 ,  0.0000 ,
  0.0000 ,  0.0000 ,  0.0000 ,  0.0000 ,  0.0000 ,  0.0000 ,
  0.0000 ,  0.0000 ,  0.0000 ,  0.0000 ,  0.0000 ,  0.0000 ,
  0.0000 ,  0.0000 ,  0.0000 ,  0.0000 ,  0.0000 ,  0.0000 ,
  0.0000 ,  0.0000 ,  0.0000 ,  0.0000 ,  0.0000 ,  0.0000 ,
  0.0000 ,  0.0000 ,  0.0000 ,  0.0000 ,  0.0000 ,  0.0000 ,
  0.0000 ,  0.0000 ,  0.0000 ,  0.0000 ,  0.0000 ,  0.0000 ,
  0.0000 ,  0.0000 ,  0.0000 ,  0.0000 ,  0.0000 ,  0.0000 ,
  0.0000 ,  0.0000 ,  0.0000 ,  0.0000 ,  0.0000 ,  0.0000 ,
  0.0000 ,  0.0000 ,  0.0000 ,  0.0000 ,  0.0000 ,  0.0000 ,
  0.0000 ,  0.0000 ,  0.0000 ,  0.0000 ,  0.0000 ,  0.0000 ,
  0.0000 ,  0.0000 ,  0.0000 ,  0.0000 ,  0.0000 ,  0.0000 ,
  0.0000 ,  0.0000 ,  0.0000 ,  0.0000 ,  0.0000 ,  0.0000 ,
  0.0000 ,  0.0000 ,  0.0000 ,  0.0000 ,  0.0000 ,  0.0000 ,
  0.0000 ,  0.0000 ,  0.0000 ,  0.0000 ,  0.0000 ,  0.0000 ,
  0.0000 ,  0.0000 ,  0.0000 ,  0.0000 ,  0.0000 ,  0.0000 ,
  0.0000 ,  0.0000 ,  0.0000 ,  0.0000 ,  0.0000 ,  0.0000 ,
  0.0000 ,  0.0000 ,  0.0000 ,  0.0000 ,  0.0000 ,  0.0000 ,
  0.0000 ,  0.0000 ,  0.0000 ,  0.0000 ,  0.0000 ,  0.0000 ,
  0.0000 ,  0.0000 ,  0.0000 ,  0.0000 ,  0.0000 ,  0.0000 ,
  0.0000 ,  0.0000 ,  0.0000 ,  0.0000 ,  0.0000 ,  0.0000 ,
  0.0000 ,  0.0000 ,  0.0000 ,  0.0000 ,  0.0000 ,  0.0000 ,
  0.0000 ,  0.0000 ,  0.0000 ,  0.0000 ,  0.0000 ,  0.0000 ,
  0.0000 ,  0.0000 ,  0.0000 ,  0.0000 ,  0.0000 ,  0.0000 ,
  0.0000 ,  0.0000 ,  0.0000 ,  0.0000 ,  0.0000 ,  0.0000 ,
  0.0000 ,  0.0000 ,  0.0000 ,  0.0000 ,  0.0000 ,  0.0000 ,
  0.0000 ,  0.0000 ,  0.0000 ,  0.0000 ,  0.0000 ,  0.0000 ,
  0.0000 ,  0.0000 ,  0.0000 ,  0.0000 ,  0.0000 ,  0.0000 ,
  0.0000 ,  0.0000 ,  0.0000 ,  0.0000 ,  0.0000 ,  0.0000 ,
  0.0000 ,  0.0000 ,  0.0000 ,  0.0000 ,  0.0000 ,  0.0000 ,
  0.0000 ,  0.0000 ,  0.0000 ,  0.0000 ,  0.0000 ,  0.0000 ,
  0.0000 ,  0.0000 ,  0.0000 ,  0.0000 ,  0.0000 ,  0.0000 ,
  0.0000 ,  0.0000 ,  0.0000 ,  0.0000 ,  0.0000 ,  0.0000 ,
  0.0000 ,  0.0000 ,  0.0000 ,  0.0000 ,  0.0000 ,  0.0000 ,
  0.0000 ,  0.0000 ,  0.0000 ,  0.0000 ,  0.0000 ,  0.0000 ,
  0.0000 ,  0.0000 ,  0.0000 ,  0.0000 ,  0.0000 ,  0.0000 ,
  0.0000 ,  0.0000 ,  0.0000 ,  0.0000 ,  0.0000 ,  0.0000 ,
  0.0000 ,  0.0000 ,  0.0000 ,  0.0000 ,  0.0000 ,  0.0000 ,
  0.0000 ,  0.0000 ,  0.0000 ,  0.0000 ,  0.0000 ,  0.0000 ,
  0.0000 ,  0.0000 ,  0.0000 ,  0.0000 ,  0.0000 ,  0.0000 ,
  0.0000 ,  0.0000 ,  0.0000 ,  0.0000 ,  0.0000 ,  0.0000 ,
  0.0000 ,  0.0000 ,  0.0000 ,  0.0000 ,  0.0000 ,  0.0000 ,
  0.0000 ,  0.0000 ,  0.0000 ,  0.0000 ,  0.0000 ,  0.0000 ,
  0.0000 ,  0.0000 ,  0.0000 ,  0.0000 ,  0.0000 ,  0.0000 ,
  0.0000 ,  0.0000 ,  0.0000 ,  0.0000 ,  0.0000 ,  0.0000 ,
  0.0000 ,  0.0000 ,  0.0000 ,  0.0000 ,  0.0000 ,  0.0000 ,
  0.0000 ,  0.0000 ,  0.0000 ,  0.0000 ,  0.0000 ,  0.0000 ,
  0.0000 ,  0.0000 ,  0.0000 ,  0.0000 ,  0.0000 ,  0.0000 ,
  0.0000 ,  0.0000 ,  0.0000 ,  0.0000 ,  0.0000 ,  0.0000 ,
  0.0000 ,  0.0000 ,  0.0000 ,  0.0000 ,  0.0000 ,  0.0000 ,
  0.0000 ,  0.0000 ,  0.0000 ,  0.0000 ,  0.0000 ,  0.0000 ,
  0.0000 ,  0.0000 ,  0.0000 ,  0.0000 ,  0.0000 ,  0.0000 ,
  0.0000 ,  0.0000 ,  0.0000 ,  0.0000 ,  0.0000 ,  0.0000 ,
  0.0000 ,  0.0000 ,  0.0000 ,  0.0000 ,  0.0000 ,  0.0000 ,
  0.0000 ,  0.0000 ,  0.0000 ,  0.0000 ,  0.0000 ,  0.0000 ,
  0.0000 ,  0.0000 ,  0.0000 ,  0.0000 ,  0.0000 ,  0.0000 ,
  0.0000 ,  0.0000 ,  0.0000 ,  0.0000 ,  0.0000 ,  0.0000 ,
  0.0000 ,  0.0000 ,  0.0000 ,  0.0000 ,  0.0000 ,  0.0000 ,
  0.0000 ,  0.0000 ,  0.0000 ,  0.0000 ,  0.0000 ,  0.0000 ,
  0.0000 ,  0.0000 ,  0.0000 ,  0.0000 ,  0.0000 ,  0.0000 ,
  0.0000 ,  0.0000 ,  0.0000 ,  0.0000 ,  0.0000 ,  0.0000 ,
  0.0000 ,  0.0000 ,  0.0000 ,  0.0000 ,  0.0000 ,  0.0000 ,
  0.0000 ,  0.0000 ,  0.0000 ,  0.0000 ,  0.0000 ,  0.0000 ,
  0.0000 ,  0.0000 ,  0.0000 ,  0.0000 ,  0.0000 ,  0.0000 ,
  0.0000 ,  0.0000 ,  0.0000 ,  0.0000 ,  0.0000 ,  0.0000 ,
  0.0000 ,  0.0000 ,  0.0000 ,  0.0000 ,  0.0000 ,  0.0000 ,
  0.0000 ,  0.0000 ,  0.0000 ,  0.0000 ,  0.0000 ,  0.0000 ,
  0.0000 ,  0.0000 ,  0.0000 ,  0.0000 ,  0.0000 ,  0.0000 ,
  0.0000 ,  0.0000 ,  0.0000 ,  0.0000 ,  0.0000 ,  0.0000 ,
  0.0000 ,  0.0000 ,  0.0000 ,  0.0000 ,  0.0000 ,  0.0000 ,
  0.0000 ,  0.0000 ,  0.0000 ,  0.0000 ,  0.0000 ,  0.0000 ,
  0.0000 ,  0.0000 ,  0.0000 ,  0.0000 ,  0.0000 ,  0.0000 ,
  0.0000 ,  0.0000 ,  0.0000 ,  0.0000 ,  0.0000 ,  0.0000 ,
  0.0000 ,  0.0000 ,  0.0000 ,  0.0000 ,  0.0000 ,  0.0000 ,
  0.0000 ,  0.0000 ,  0.0000 ,  0.0000 ,  0.0000 ,  0.0000 ,
  0.0000 ,  0.0000 ,  0.0000 ,  0.0000 ,  0.0000 ,  0.0000 ,
  0.0000 ,  0.0000 ,  0.0000 ,  0.0000 ,  0.0000 ,  0.0000 ,
  0.0000 ,  0.0000 ,  0.0000 ,  0.0000 ,  0.0000 ,  0.0000 ,
  0.0000 ,  0.0000 ,  0.0000 ,  0.0000 ,  0.0000 ,  0.0000 ,
  0.0000 ,  0.0000 ,  0.0000 ,  0.0000 ,  0.0000 ,  0.0000 ,
  0.0000 ,  0.0000 ,  0.0000 ,  0.0000 ,  0.0000 ,  0.0000 ,
  0.0000 ,  0.0000 ,  0.0000 ,  0.0000 ,  0.0000 ,  0.0000 ,
  0.0000 ,  0.0000 ,  0.0000 ,  0.0000 ,  0.0000 ,  0.0000 ,
  0.0000 ,  0.0000 ,  0.0000 ,  0.0000 ,  0.0000 ,  0.0000 ,
  0.0000 ,  0.0000 ,  0.0000 ,  0.0000 ,  0.0000 ,  0.0000 ,
  0.0000 ,  0.0000 ,  0.0000 ,  0.0000 ,  0.0000 ,  0.0000 ,
  0.0000 ,  0.0000 ,  0.0000 ,  0.0000 ,  0.0000 ,  0.0000 ,
  0.0000 ,  0.0000 ,  0.0000 ,  0.0000 ,  0.0000 ,  0.0000 ,
  0.0000 ,  0.0000 ,  0.0000 ,  0.0000 ,  0.0000 ,  0.0000 ,
  0.0000 ,  0.0000 ,  0.0000 ,  0.0000 ,  0.0000 ,  0.0000 ,
  0.0000 ,  0.0000 ,  0.0000 ,  0.0000 ,  0.0000 ,  0.0000 ,
  0.0000 ,  0.0000 ,  0.0000 ,  0.0000 ,  0.0000 ,  0.0000 ,
  0.0000 ,  0.0000 ,  0.0000 ,  0.0000 ,  0.0000 ,  0.0000 ,
  0.0000 ,  0.0000 ,  0.0000 ,  0.0000 ,  0.0000 ,  0.0000 ,
  0.0000 ,  0.0000 ,  0.0000 ,  0.0000 ,  0.0000 ,  0.0000 ,
  0.0000 ,  0.0000 ,  0.0000 ,  0.0000 ,  0.0000 ,  0.0000 ,
  0.0000 ,  0.0000 ,  0.0000 ,  0.0000 ,  0.0000 ,  0.0000 ,
  0.0000 ,  0.0000 ,  0.0000 ,  0.0000 ,  0.0000 ,  0.0000 ,
  0.0000 ,  0.0000 ,  0.0000 ,  0.0000 ,  0.0000 ,  0.0000 ,
  0.0000 ,  0.0000 ,  0.0000 ,  0.0000 ,  0.0000 ,  0.0000 ,
  0.0000 ,  0.0000 ,  0.0000 ,  0.0000 ,  0.0000 ,  0.0000 ,
  0.0000 ,  0.0000 ,  0.0000 ,  0.0000 ,  0.0000 ,  0.0000 ,
  0.0000 ,  0.0000 ,  0.0000 ,  0.0000 ,  0.0000 ,  0.0000 ,
  0.0000 ,  0.0000 ,  0.0000 ,  0.0000 ,  0.0000 ,  0.0000 ,
  0.0000 ,  0.0000 ,  0.0000 ,  0.0000 ,  0.0000 ,  0.0000 ,
  0.0000 ,  0.0000 ,  0.0000 ,  0.0000 ,  0.0000 ,  0.0000 ,
  0.0000 ,  0.0000 ,  0.0000 ,  0.0000 ,  0.0000 ,  0.0000 ,
  0.0000 ,  0.0000 ,  0.0000 ,  0.0000 ,  0.0000 ,  0.0000 ,
  0.0000 ,  0.0000 ,  0.0000 ,  0.0000 ,  0.0000 ,  0.0000 ,
  0.0000 ,  0.0000 ,  0.0000 ,  0.0000 ,  0.0000 ,  0.0000 ,
  0.0000 ,  0.0000 ,  0.0000 ,  0.0000 ,  0.0000 ,  0.0000 ,
  0.0000 ,  0.0000 ,  0.0000 ,  0.0000 ,  0.0000 ,  0.0000 ,
  0.0000 ,  0.0000 ,  0.0000 ,  0.0000 ,  0.0000 ,  0.0000 ,
  0.0000 ,  0.0000 ,  0.0000 ,  0.0000 ,  0.0000 ,  0.0000 ,
  0.0000 ,  0.0000 ,  0.0000 ,  0.0000 ,  0.0000 ,  0.0000 ,
  0.0000 ,  0.0000 ,  0.0000 ,  0.0000 ,  0.0000 ,  0.0000 ,
  0.0000 ,  0.0000 ,  0.0000 ,  0.0000 ,  0.0000 ,  0.0000 ,
  0.0000 ,  0.0000 ,  0.0000 ,  0.0000 ,  0.0000 ,  0.0000 ,
  0.0000 ,  0.0000 ,  0.0000 ,  0.0000 ,  0.0000 ,  0.0000 ,
  0.0000 ,  0.0000 ,  0.0000 ,  0.0000 ,  0.0000 ,  0.0000 ,
  0.0000 ,  0.0000 ,  0.0000 ,  0.0000 ,  0.0000 ,  0.0000 ,
  0.0000 ,  0.0000 ,  0.0000 ,  0.0000 ,  0.0000 ,  0.0000 ,
  0.0000 ,  0.0000 ,  0.0000 ,  0.0000 ,  0.0000 ,  0.0000 ,
  0.0000 ,  0.0000 ,  0.0000 ,  0.0000 ,  0.0000 ,  0.0000 ,
  0.0000 ,  0.0000 ,  0.0000 ,  0.0000 ,  0.0000 ,  0.0000 ,
  0.0000 ,  0.0000 ,  0.0000 ,  0.0000 ,  0.0000 ,  0.0000 ,
  0.0000 ,  0.0000 ,  0.0000 ,  0.0000 ,  0.0000 ,  0.0000 ,
  0.0000 ,  0.0000 ,  0.0000 ,  0.0000 ,  0.0000 ,  0.0000 ,
  0.0000 ,  0.0000 ,  0.0000 ,  0.0000 ,  0.0000 ,  0.0000 ,
  0.0000 ,  0.0000 ,  0.0000 ,  0.0000 ,  0.0000 ,  0.0000 ,
  0.0000 ,  0.0000 ,  0.0000 ,  0.0000 ,  0.0000 ,  0.0000 ,
  0.0000 ,  0.0000 ,  0.0000 ,  0.0000 ,  0.0000 ,  0.0000 ,
  0.0000 ,  0.0000 ,  0.0000 ,  0.0000 ,  0.0000 ,  0.0000 ,
  0.0000 ,  0.0000 ,  0.0000 ,  0.0000 ,  0.0000 ,  0.0000 ,
  0.0000 ,  0.0000 ,  0.0000 ,  0.0000 ,  0.0000 ,  0.0000 ,
  0.0000 ,  0.0000 ,  0.0000 ,  0.0000 ,  0.0000 ,  0.0000 ,
  0.0000 ,  0.0000 ,  0.0000 ,  0.0000 ,  0.0000 ,  0.0000 ,
  0.0000 ,  0.0000 ,  0.0000 ,  0.0000 ,  0.0000 ,  0.0000 ,
  0.0000 ,  0.0000 ,  0.0000 ,  0.0000 ,  0.0000 ,  0.0000 ,
  0.0000 ,  0.0000 ,  0.0000 ,  0.0000 ,  0.0000 ,  0.0000 ,
  0.0000 ,  0.0000 ,  0.0000 ,  0.0000 ,  0.0000 ,  0.0000 ,
  0.0000 ,  0.0000 ,  0.0000 ,  0.0000 ,  0.0000 ,  0.0000 ,
  0.0000 ,  0.0000 ,  0.0000 ,  0.0000 ,  0.0000 ,  0.0000 ,
  0.0000 ,  0.0000 ,  0.0000 ,  0.0000 ,  0.0000 ,  0.0000 ,
  0.0000 ,  0.0000 ,  0.0000 ,  0.0000 ,  0.0000 ,  0.0000 ,
  0.0000 ,  0.0000 ,  0.0000 ,  0.0000 ,  0.0000 ,  0.0000 ,
  0.0000 ,  0.0000 ,  0.0000 ,  0.0000 ,  0.0000 ,  0.0000 ,
  0.0000 ,  0.0000 ,  0.0000 ,  0.0000 ,  0.0000 ,  0.0000 ,
  0.0000 ,  0.0000 ,  0.0000 ,  0.0000 ,  0.0000 ,  0.0000 ,
  0.0000 ,  0.0000 ,  0.0000 ,  0.0000 ,  0.0000 ,  0.0000 ,
  0.0000 ,  0.0000 ,  0.0000 ,  0.0000 ,  0.0000 ,  0.0000 ,
  0.0000 ,  0.0000 ,  0.0000 ,  0.0000 ,  0.0000 ,  0.0000 ,
  0.0000 ,  0.0000 ,  0.0000 ,  0.0000 ,  0.0000 ,  0.0000 ,
  0.0000 ,  0.0000 ,  0.0000 ,  0.0000 ,  0.0000 ,  0.0000 ,
  0.0000 ,  0.0000 ,  0.0000 ,  0.0000 ,  0.0000 ,  0.0000 ,
  0.0000 ,  0.0000 ,  0.0000 ,  0.0000 ,  0.0000 ,  0.0000 ,
  0.0000 ,  0.0000 ,  0.0000 ,  0.0000 ,  0.0000 ,  0.0000 ,
  0.0000 ,  0.0000 ,  0.0000 ,  0.0000 ,  0.0000 ,  0.0000 ,
  0.0000 ,  0.0000 ,  0.0000 ,  0.0000 ,  0.0000 ,  0.0000 ,
  0.0000 ,  0.0000 ,  0.0000 ,  0.0000 ,  0.0000 ,  0.0000 ,
  0.0000 ,  0.0000 ,  0.0000 ,  0.0000 ,  0.0000 ,  0.0000 ,
  0.0000 ,  0.0000 ,  0.0000 ,  0.0000 ,  0.0000 ,  0.0000 ,
  0.0000 ,  0.0000 ,  0.0000 ,  0.0000 ,  0.0000 ,  0.0000 ,
  0.0000 ,  0.0000 ,  0.0000 ,  0.0000 ,  0.0000 ,  0.0000 ,
  0.0000 ,  0.0000 ,  0.0000 ,  0.0000 ,  0.0000 ,  0.0000 ,
  0.0000 ,  0.0000 ,  0.0000 ,  0.0000 ,  0.0000 ,  0.0000 ,
  0.0000 ,  0.0000 ,  0.0000 ,  0.0000 ,  0.0000 ,  0.0000 ,
  0.0000 ,  0.0000 ,  0.0000 ,  0.0000 ,  0.0000 ,  0.0000 ,
  0.0000 ,  0.0000 ,  0.0000 ,  0.0000 ,  0.0000 ,  0.0000 ,
  0.0000 ,  0.0000 ,  0.0000 ,  0.0000 ,  0.0000 ,  0.0000 ,
  0.0000 ,  0.0000 ,  0.0000 ,  0.0000 ,  0.0000 ,  0.0000 ,
  0.0000 ,  0.0000 ,  0.0000 ,  0.0000 ,  0.0000 ,  0.0000 ,
  0.0000 ,  0.0000 ,  0.0000 ,  0.0000 ,  0.0000 ,  0.0000 ,
  0.0000 ,  0.0000 ,  0.0000 ,  0.0000 ,  0.0000 ,  0.0000 ,
  0.0000 ,  0.0000 ,  0.0000 ,  0.0000 ,  0.0000 ,  0.0000 ,
  0.0000 ,  0.0000 ,  0.0000 ,  0.0000 ,  0.0000 ,  0.0000 ,
  0.0000 ,  0.0000 ,  0.0000 ,  0.0000 ,  0.0000 ,  0.0000 ,
  0.0000 ,  0.0000 ,  0.0000 ,  0.0000 ,  0.0000 ,  0.0000 ,
  0.0000 ,  0.0000 ,  0.0000 ,  0.0000 ,  0.0000 ,  0.0000 ,
  0.0000 ,  0.0000 ,  0.0000 ,  0.0000 ,  0.0000 ,  0.0000 ,
  0.0000 ,  0.0000 ,  0.0000 ,  0.0000 ,  0.0000 ,  0.0000 ,
  0.0000 ,  0.0000 ,  0.0000 ,  0.0000 ,  0.0000 ,  0.0000 ,
  0.0000 ,  0.0000 ,  0.0000 ,  0.0000 ,  0.0000 ,  0.0000 ,
  0.0000 ,  0.0000 ,  0.0000 ,  0.0000 ,  0.0000 ,  0.0000 ,
  0.0000 ,  0.0000 ,  0.0000 ,  0.0000 ,  0.0000 ,  0.0000 ,
  0.0000 ,  0.0000 ,  0.0000 ,  0.0000 ,  0.0000 ,  0.0000 ,
  0.0000 ,  0.0000 ,  0.0000 ,  0.0000 ,  0.0000 ,  0.0000 ,
  0.0000 ,  0.0000 ,  0.0000 ,  0.0000 ,  0.0000 ,  0.0000 ,
  0.0000 ,  0.0000 ,  0.0000 ,  0.0000 ,  0.0000 ,  0.0000 ,
  0.0000 ,  0.0000 ,  0.0000 ,  0.0000 ,  0.0000 ,  0.0000 ,
  0.0000 ,  0.0000 ,  0.0000 ,  0.0000 ,  0.0000 ,  0.0000 ,
  0.0000 ,  0.0000 ,  0.0000 ,  0.0000 ,  0.0000 ,  0.0000 ,
  0.0000 ,  0.0000 ,  0.0000 ,  0.0000 ,  0.0000 ,  0.0000 ,
  0.0000 ,  0.0000 ,  0.0000 ,  0.0000 ,  0.0000 ,  0.0000 ,
  0.0000 ,  0.0000 ,  0.0000 ,  0.0000 ,  0.0000 ,  0.0000 ,
  0.0000 ,  0.0000 ,  0.0000 ,  0.0000 ,  0.0000 ,  0.0000 ,
  0.0000 ,  0.0000 ,  0.0000 ,  0.0000 ,  0.0000 ,  0.0000 ,
  0.0000 ,  0.0000 ,  0.0000 ,  0.0000 ,  0.0000 ,  0.0000 ,
  0.0000 ,  0.0000 ,  0.0000 ,  0.0000 ,  0.0000 ,  0.0000 ,
  0.0000 ,  0.0000 ,  0.0000 ,  0.0000 ,  0.0000 ,  0.0000 ,
  0.0000 ,  0.0000 ,  0.0000 ,  0.0000 ,  0.0000 ,  0.0000 ,
  0.0000 ,  0.0000 ,  0.0000 ,  0.0000 ,  0.0000 ,  0.0000 ,
  0.0000 ,  0.0000 ,  0.0000 ,  0.0000 ,  0.0000 ,  0.0000 ,
  0.0000 ,  0.0000 ,  0.0000 ,  0.0000 ,  0.0000 ,  0.0000 ,
  0.0000 ,  0.0000 ,  0.0000 ,  0.0000 ,  0.0000 ,  0.0000 ,
  0.0000 ,  0.0000 ,  0.0000 ,  0.0000 ,  0.0000 ,  0.0000 ,
  0.0000 ,  0.0000 ,  0.0000 ,  0.0000 ,  0.0000 ,  0.0000 ,
  0.0000 ,  0.0000 ,  0.0000 ,  0.0000 ,  0.0000 ,  0.0000 ,
  0.0000 ,  0.0000 ,  0.0000 ,  0.0000 ,  0.0000 ,  0.0000 ,
  0.0000 ,  0.0000 ,  0.0000 ,  0.0000 ,  0.0000 ,  0.0000 ,
  0.0000 ,  0.0000 ,  0.0000 ,  0.0000 ,  0.0000 ,  0.0000 ,
  0.0000 ,  0.0000 ,  0.0000 ,  0.0000 ,  0.0000 ,  0.0000 ,
  0.0000 ,  0.0000 ,  0.0000 ,  0.0000 ,  0.0000 ,  0.0000 ,
  0.0000 ,  0.0000 ,  0.0000 ,  0.0000 ,  0.0000 ,  0.0000 ,
  0.0000 ,  0.0000 ,  0.0000 ,  0.0000 ,  0.0000 ,  0.0000 ,
  0.0000 ,  0.0000 ,  0.0000 ,  0.0000 ,  0.0000 ,  0.0000 ,
  0.0000 ,  0.0000 ,  0.0000 ,  0.0000 ,  0.0000 ,  0.0000 ,
  0.0000 ,  0.0000 ,  0.0000 ,  0.0000 ,  0.0000 ,  0.0000 ,
  0.0000 ,  0.0000 ,  0.0000 ,  0.0000 ,  0.0000 ,  0.0000 ,
  0.0000 ,  0.0000 ,  0.0000 ,  0.0000 ,  0.0000 ,  0.0000 ,
  0.0000 ,  0.0000 ,  0.0000 ,  0.0000 ,  0.0000 ,  0.0000 ,
  0.0000 ,  0.0000 ,  0.0000 ,  0.0000 ,  0.0000 ,  0.0000 ,
  0.0000 ,  0.0000 ,  0.0000 ,  0.0000 ,  0.0000 ,  0.0000 ,
  0.0000 ,  0.0000 ,  0.0000 ,  0.0000 ,  0.0000 ,  0.0000 ,
  0.0000 ,  0.0000 ,  0.0000 ,  0.0000 ,  0.0000 ,  0.0000 ,
  0.0000 ,  0.0000 ,  0.0000 ,  0.0000 ,  0.0000 ,  0.0000 ,
  0.0000 ,  0.0000 ,  0.0000 ,  0.0000 ,  0.0000 ,  0.0000 ,
  0.0000 ,  0.0000 ,  0.0000 ,  0.0000 ,  0.0000 ,  0.0000 ,
  0.0000 ,  0.0000 ,  0.0000 ,  0.0000 ,  0.0000 ,  0.0000 ,
  0.0000 ,  0.0000 ,  0.0000 ,  0.0000 ,  0.0000 ,  0.0000 ,
  0.0000 ,  0.0000 ,  0.0000 ,  0.0000 ,  0.0000 ,  0.0000 ,
  0.0000 ,  0.0000 ,  0.0000 ,  0.0000 ,  0.0000 ,  0.0000 ,
  0.0000 ,  0.0000 ,  0.0000 ,  0.0000 ,  0.0000 ,  0.0000 ,
  0.0000 ,  0.0000 ,  0.0000 ,  0.0000 ,  0.0000 ,  0.0000 ,
  0.0000 ,  0.0000 ,  0.0000 ,  0.0000 ,  0.0000 ,  0.0000 ,
  0.0000 ,  0.0000 ,  0.0000 ,  0.0000 ,  0.0000 ,  0.0000 ,
  0.0000 ,  0.0000 ,  0.0000 ,  0.0000 ,  0.0000 ,  0.0000 ,
  0.0000 ,  0.0000 ,  0.0000 ,  0.0000 ,  0.0000 ,  0.0000 ,
  0.0000 ,  0.0000 ,  0.0000 ,  0.0000 ,  0.0000 ,  0.0000 ,
  0.0000 ,  0.0000 ,  0.0000 ,  0.0000 ,  0.0000 ,  0.0000 ,
  0.0000 ,  0.0000 ,  0.0000 ,  0.0000 ,  0.0000 ,  0.0000 ,
  0.0000 ,  0.0000 ,  0.0000 ,  0.0000 ,  0.0000 ,  0.0000 ,
  0.0000 ,  0.0000 ,  0.0000 ,  0.0000 ,  0.0000 ,  0.0000 ,
  0.0000 ,  0.0000 ,  0.0000 ,  0.0000 ,  0.0000 ,  0.0000 ,
  0.0000 ,  0.0000 ,  0.0000 ,  0.0000 ,  0.0000 ,  0.0000 ,
  0.0000 ,  0.0000 ,  0.0000 ,  0.0000 ,  0.0000 ,  0.0000 ,
  0.0000 ,  0.0000 ,  0.0000 ,  0.0000 ,  0.0000 ,  0.0000 ,
  0.0000 ,  0.0000 ,  0.0000 ,  0.0000 ,  0.0000 ,  0.0000 ,
  0.0000 ,  0.0000 ,  0.0000 ,  0.0000 ,  0.0000 ,  0.0000 ,
  0.0000 ,  0.0000 ,  0.0000 ,  0.0000 ,  0.0000 ,  0.0000 ,
  0.0000 ,  0.0000 ,  0.0000 ,  0.0000 ,  0.0000 ,  0.0000 ,
  0.0000 ,  0.0000 ,  0.0000 ,  0.0000 ,  0.0000 ,  0.0000 ,
  0.0000 ,  0.0000 ,  0.0000 ,  0.0000 ,  0.0000 ,  0.0000 ,
  0.0000 ,  0.0000 ,  0.0000 ,  0.0000 ,  0.0000 ,  0.0000 ,
  0.0000 ,  0.0000 ,  0.0000 ,  0.0000 ,  0.0000 ,  0.0000 ,
  0.0000 ,  0.0000 ,  0.0000 ,  0.0000 ,  0.0000 ,  0.0000 ,
  0.0000 ,  0.0000 ,  0.0000 ,  0.0000 ,  0.0000 ,  0.0000 ,
  0.0000 ,  0.0000 ,  0.0000 ,  0.0000 ,  0.0000 ,  0.0000 ,
  0.0000 ,  0.0000 ,  0.0000 ,  0.0000 ,  0.0000 ,  0.0000 ,
  0.0000 ,  0.0000 ,  0.0000 ,  0.0000 ,  0.0000 ,  0.0000 ,
  0.0000 ,  0.0000 ,  0.0000 ,  0.0000 ,  0.0000 ,  0.0000 ,
  0.0000 ,  0.0000 ,  0.0000 ,  0.0000 ,  0.0000 ,  0.0000 ,
  0.0000 ,  0.0000 ,  0.0000 ,  0.0000 ,  0.0000 ,  0.0000 ,
  0.0000 ,  0.0000 ,  0.0000 ,  0.0000 ,  0.0000 ,  0.0000 ,
  0.0000 ,  0.0000 ,  0.0000 ,  0.0000 ,  0.0000 ,  0.0000 ,
  0.0000 ,  0.0000 ,  0.0000 ,  0.0000 ,  0.0000 ,  0.0000 ,
  0.0000 ,  0.0000 ,  0.0000 ,  0.0000 ,  0.0000 ,  0.0000 ,
  0.0000 ,  0.0000 ,  0.0000 ,  0.0000 ,  0.0000 ,  0.0000 ,
  0.0000 ,  0.0000 ,  0.0000 ,  0.0000 ,  0.0000 ,  0.0000 ,
  0.0000 ,  0.0000 ,  0.0000 ,  0.0000 ,  0.0000 ,  0.0000 ,
  0.0000 ,  0.0000 ,  0.0000 ,  0.0000 ,  0.0000 ,  0.0000 ,
  0.0000 ,  0.0000 ,  0.0000 ,  0.0000 ,  0.0000 ,  0.0000 ,
  0.0000 ,  0.0000 ,  0.0000 ,  0.0000 ,  0.0000 ,  0.0000 ,
  0.0000 ,  0.0000 ,  0.0000 ,  0.0000 ,  0.0000 ,  0.0000 ,
  0.0000 ,  0.0000 ,  0.0000 ,  0.0000 ,  0.0000 ,  0.0000 ,
  0.0000 ,  0.0000 ,  0.0000 ,  0.0000 ,  0.0000 ,  0.0000 ,
  0.0000 ,  0.0000 ,  0.0000 ,  0.0000 ,  0.0000 ,  0.0000 ,
  0.0000 ,  0.0000 ,  0.0000 ,  0.0000 ,  0.0000 ,  0.0000 ,
  0.0000 ,  0.0000 ,  0.0000 ,  0.0000 ,  0.0000 ,  0.0000 ,
  0.0000 ,  0.0000 ,  0.0000 ,  0.0000 ,  0.0000 ,  0.0000 ,
  0.0000 ,  0.0000 ,  0.0000 ,  0.0000 ,  0.0000 ,  0.0000 ,
  0.0000 ,  0.0000 ,  0.0000 ,  0.0000 ,  0.0000 ,  0.0000 ,
  0.0000 ,  0.0000 ,  0.0000 ,  0.0000 ,  0.0000 ,  0.0000 ,
  0.0000 ,  0.0000 ,  0.0000 ,  0.0000 ,  0.0000 ,  0.0000 ,
  0.0000 ,  0.0000 ,  0.0000 ,  0.0000 ,  0.0000 ,  0.0000 ,
  0.0000 ,  0.0000 ,  0.0000 ,  0.0000 ,  0.0000 ,  0.0000 ,
  0.0000 ,  0.0000 ,  0.0000 ,  0.0000 ,  0.0000 ,  0.0000 ,
  0.0000 ,  0.0000 ,  0.0000 ,  0.0000 ,  0.0000 ,  0.0000 ,
  0.0000 ,  0.0000 ,  0.0000 ,  0.0000 ,  0.0000 ,  0.0000 ,
  0.0000 ,  0.0000 ,  0.0000 ,  0.0000 ,  0.0000 ,  0.0000 ,
  0.0000 ,  0.0000 ,  0.0000 ,  0.0000 ,  0.0000 ,  0.0000 ,
  0.0000 ,  0.0000 ,  0.0000 ,  0.0000 ,  0.0000 ,  0.0000 ,
  0.0000 ,  0.0000 ,  0.0000 ,  0.0000 ,  0.0000 ,  0.0000 ,
  0.0000 ,  0.0000 ,  0.0000 ,  0.0000 ,  0.0000 ,  0.0000 ,
  0.0000 ,  0.0000 ,  0.0000 ,  0.0000 ,  0.0000 ,  0.0000 ,
  0.0000 ,  0.0000 ,  0.0000 ,  0.0000 ,  0.0000 ,  0.0000 ,
  0.0000 ,  0.0000 ,  0.0000 ,  0.0000 ,  0.0000 ,  0.0000 ,
  0.0000 ,  0.0000 ,  0.0000 ,  0.0000 ,  0.0000 ,  0.0000 ,
  0.0000 ,  0.0000 ,  0.0000 ,  0.0000 ,  0.0000 ,  0.0000 ,
  0.0000 ,  0.0000 ,  0.0000 ,  0.0000 ,  0.0000 ,  0.0000 ,
  0.0000 ,  0.0000 ,  0.0000 ,  0.0000 ,  0.0000 ,  0.0000 ,
  0.0000 ,  0.0000 ,  0.0000 ,  0.0000 ,  0.0000 ,  0.0000 ,
  0.0000 ,  0.0000 ,  0.0000 ,  0.0000 ,  0.0000 ,  0.0000 ,
  0.0000 ,  0.0000 ,  0.0000 ,  0.0000 ,  0.0000 ,  0.0000 ,
  0.0000 ,  0.0000 ,  0.0000 ,  0.0000 ,  0.0000 ,  0.0000 ,
  0.0000 ,  0.0000 ,  0.0000 ,  0.0000 ,  0.0000 ,  0.0000 ,
  0.0000 ,  0.0000 ,  0.0000 ,  0.0000 ,  0.0000 ,  0.0000 ,
  0.0000 ,  0.0000 ,  0.0000 ,  0.0000 ,  0.0000 ,  0.0000 ,
  0.0000 ,  0.0000 ,  0.0000 ,  0.0000 ,  0.0000 ,  0.0000 ,
  0.0000 ,  0.0000 ,  0.0000 ,  0.0000 ,  0.0000 ,  0.0000 ,
  0.0000 ,  0.0000 ,  0.0000 ,  0.0000 ,  0.0000 ,  0.0000 ,
  0.0000 ,  0.0000 ,  0.0000 ,  0.0000 ,  0.0000 ,  0.0000 ,
  0.0000 ,  0.0000 ,  0.0000 ,  0.0000 ,  0.0000 ,  0.0000 ,
  0.0000 ,  0.0000 ,  0.0000 ,  0.0000 ,  0.0000 ,  0.0000 ,
  0.0000 ,  0.0000 ,  0.0000 ,  0.0000 ,  0.0000 ,  0.0000 ,
  0.0000 ,  0.0000 ,  0.0000 ,  0.0000 ,  0.0000 ,  0.0000 ,
  0.0000 ,  0.0000 ,  0.0000 ,  0.0000 ,  0.0000 ,  0.0000 ,
  0.0000 ,  0.0000 ,  0.0000 ,  0.0000 ,  0.0000 ,  0.0000 ,
  0.0000 ,  0.0000 ,  0.0000 ,  0.0000 ,  0.0000 ,  0.0000 ,
  0.0000 ,  0.0000 ,  0.0000 ,  0.0000 ,  0.0000 ,  0.0000 ,
  0.0000 ,  0.0000 ,  0.0000 ,  0.0000 ,  0.0000 ,  0.0000 ,
  0.0000 ,  0.0000 ,  0.0000 ,  0.0000 ,  0.0000 ,  0.0000 ,
  0.0000 ,  0.0000 ,  0.0000 ,  0.0000 ,  0.0000 ,  0.0000 ,
  0.0000 ,  0.0000 ,  0.0000 ,  0.0000 ,  0.0000 ,  0.0000 ,
  0.0000 ,  0.0000 ,  0.0000 ,  0.0000 ,  0.0000 ,  0.0000 ,
  0.0000 ,  0.0000 ,  0.0000 ,  0.0000 ,  0.0000 ,  0.0000 ,
  0.0000 ,  0.0000 ,  0.0000 ,  0.0000 ,  0.0000 ,  0.0000 ,
  0.0000 ,  0.0000 ,  0.0000 ,  0.0000 ,  0.0000 ,  0.0000 ,
  0.0000 ,  0.0000 ,  0.0000 ,  0.0000 ,  0.0000 ,  0.0000 ,
  0.0000 ,  0.0000 ,  0.0000 ,  0.0000 ,  0.0000 ,  0.0000 ,
  0.0000 ,  0.0000 ,  0.0000 ,  0.0000 ,  0.0000 ,  0.0000 ,
  0.0000 ,  0.0000 ,  0.0000 ,  0.0000 ,  0.0000 ,  0.0000 ,
  0.0000 ,  0.0000 ,  0.0000 ,  0.0000 ,  0.0000 ,  0.0000 ,
  0.0000 ,  0.0000 ,  0.0000 ,  0.0000 ,  0.0000 ,  0.0000 ,
  0.0000 ,  0.0000 ,  0.0000 ,  0.0000 ,  0.0000 ,  0.0000 ,
  0.0000 ,  0.0000 ,  0.0000 ,  0.0000 ,  0.0000 ,  0.0000 ,
  0.0000 ,  0.0000 ,  0.0000 ,  0.0000 ,  0.0000 ,  0.0000 ,
  0.0000 ,  0.0000 ,  0.0000 ,  0.0000 ,  0.0000 ,  0.0000 ,
  0.0000 ,  0.0000 ,  0.0000 ,  0.0000 ,  0.0000 ,  0.0000 ,
  0.0000 ,  0.0000 ,  0.0000 ,  0.0000 ,  0.0000 ,  0.0000 ,
  0.0000 ,  0.0000 ,  0.0000 ,  0.0000 ,  0.0000 ,  0.0000 ,
  0.0000 ,  0.0000 ,  0.0000 ,  0.0000 ,  0.0000 ,  0.0000 ,
  0.0000 ,  0.0000 ,  0.0000 ,  0.0000 ,  0.0000 ,  0.0000 ,
  0.0000 ,  0.0000 ,  0.0000 ,  0.0000 ,  0.0000 ,  0.0000 ,
  0.0000 ,  0.0000 ,  0.0000 ,  0.0000 ,  0.0000 ,  0.0000 ,
  0.0000 ,  0.0000 ,  0.0000 ,  0.0000 ,  0.0000 ,  0.0000 ,
  0.0000 ,  0.0000 ,  0.0000 ,  0.0000 ,  0.0000 ,  0.0000 ,
  0.0000 ,  0.0000 ,  0.0000 ,  0.0000 ,  0.0000 ,  0.0000 ,
  0.0000 ,  0.0000 ,  0.0000 ,  0.0000 ,  0.0000 ,  0.0000 ,
  0.0000 ,  0.0000 ,  0.0000 ,  0.0000 ,  0.0000 ,  0.0000 ,
  0.0000 ,  0.0000 ,  0.0000 ,  0.0000 ,  0.0000 ,  0.0000 ,
  0.0000 ,  0.0000 ,  0.0000 ,  0.0000 ,  0.0000 ,  0.0000 ,
  0.0000 ,  0.0000 ,  0.0000 ,  0.0000 ,  0.0000 ,  0.0000 ,
  0.0000 ,  0.0000 ,  0.0000 ,  0.0000 ,  0.0000 ,  0.0000 ,
  0.0000 ,  0.0000 ,  0.0000 ,  0.0000 ,  0.0000 ,  0.0000 ,
  0.0000 ,  0.0000 ,  0.0000 ,  0.0000 ,  0.0000 ,  0.0000 ,
  0.0000 ,  0.0000 ,  0.0000 ,  0.0000 ,  0.0000 ,  0.0000 ,
  0.0000 ,  0.0000 ,  0.0000 ,  0.0000 ,  0.0000 ,  0.0000 ,
  0.0000 ,  0.0000 ,  0.0000 ,  0.0000 ,  0.0000 ,  0.0000 ,
  0.0000 ,  0.0000 ,  0.0000 ,  0.0000 ,  0.0000 ,  0.0000 ,
  0.0000 ,  0.0000 ,  0.0000 ,  0.0000 ,  0.0000 ,  0.0000 ,
  0.0000 ,  0.0000 ,  0.0000 ,  0.0000 ,  0.0000 ,  0.0000 ,
  0.0000 ,  0.0000 ,  0.0000 ,  0.0000 ,  0.0000 ,  0.0000 ,
  0.0000 ,  0.0000 ,  0.0000 ,  0.0000 ,  0.0000 ,  0.0000 ,
  0.0000 ,  0.0000 ,  0.0000 ,  0.0000 ,  0.0000 ,  0.0000 ,
  0.0000 ,  0.0000 ,  0.0000 ,  0.0000 ,  0.0000 ,  0.0000 ,
  0.0000 ,  0.0000 ,  0.0000 ,  0.0000 ,  0.0000 ,  0.0000 ,
  0.0000 ,  0.0000 ,  0.0000 ,  0.0000 ,  0.0000 ,  0.0000 ,
  0.0000 ,  0.0000 ,  0.0000 ,  0.0000 ,  0.0000 ,  0.0000 ,
  0.0000 ,  0.0000 ,  0.0000 ,  0.0000 ,  0.0000 ,  0.0000 ,
  0.0000 ,  0.0000 ,  0.0000 ,  0.0000 ,  0.0000 ,  0.0000 ,
  0.0000 ,  0.0000 ,  0.0000 ,  0.0000 ,  0.0000 ,  0.0000 ,
  0.0000 ,  0.0000 ,  0.0000 ,  0.0000 ,  0.0000 ,  0.0000 ,
  0.0000 ,  0.0000 ,  0.0000 ,  0.0000 ,  0.0000 ,  0.0000 ,
  0.0000 ,  0.0000 ,  0.0000 ,  0.0000 ,  0.0000 ,  0.0000 ,
  0.0000 ,  0.0000 ,  0.0000 ,  0.0000 ,  0.0000 ,  0.0000 ,
  0.0000 ,  0.0000 ,  0.0000 ,  0.0000 ,  0.0000 ,  0.0000 ,
  0.0000 ,  0.0000 ,  0.0000 ,  0.0000 ,  0.0000 ,  0.0000 ,
  0.0000 ,  0.0000 ,  0.0000 ,  0.0000 ,  0.0000 ,  0.0000 ,
  0.0000 ,  0.0000 ,  0.0000 ,  0.0000 ,  0.0000 ,  0.0000 ,
  0.0000 ,  0.0000 ,  0.0000 ,  0.0000 ,  0.0000 ,  0.0000 ,
  0.0000 ,  0.0000 ,  0.0000 ,  0.0000 ,  0.0000 ,  0.0000 ,
  0.0000 ,  0.0000 ,  0.0000 ,  0.0000 ,  0.0000 ,  0.0000 ,
  0.0000 ,  0.0000 ,  0.0000 ,  0.0000 ,  0.0000 ,  0.0000 ,
  0.0000 ,  0.0000 ,  0.0000 ,  0.0000 ,  0.0000 ,  0.0000 ,
  0.0000 ,  0.0000 ,  0.0000 ,  0.0000 ,  0.0000 ,  0.0000 ,
  0.0000 ,  0.0000 ,  0.0000 ,  0.0000 ,  0.0000 ,  0.0000 ,
  0.0000 ,  0.0000 ,  0.0000 ,  0.0000 ,  0.0000 ,  0.0000 ,
  0.0000 ,  0.0000 ,  0.0000 ,  0.0000 ,  0.0000 ,  0.0000 ,
  0.0000 ,  0.0000 ,  0.0000 ,  0.0000 ,  0.0000 ,  0.0000 ,
  0.0000 ,  0.0000 ,  0.0000 ,  0.0000 ,  0.0000 ,  0.0000 ,
  0.0000 ,  0.0000 ,  0.0000 ,  0.0000 ,  0.0000 ,  0.0000 ,
  0.0000 ,  0.0000 ,  0.0000 ,  0.0000 ,  0.0000 ,  0.0000 ,
  0.0000 ,  0.0000 ,  0.0000 ,  0.0000 ,  0.0000 ,  0.0000 ,
  0.0000 ,  0.0000 ,  0.0000 ,  0.0000 ,  0.0000 ,  0.0000 ,
  0.0000 ,  0.0000 ,  0.0000 ,  0.0000 ,  0.0000 ,  0.0000 ,
  0.0000 ,  0.0000 ,  0.0000 ,  0.0000 ,  0.0000 ,  0.0000 ,
  0.0000 ,  0.0000 ,  0.0000 ,  0.0000 ,  0.0000 ,  0.0000 ,
  0.0000 ,  0.0000 ,  0.0000 ,  0.0000 ,  0.0000 ,  0.0000 ,
  0.0000 ,  0.0000 ,  0.0000 ,  0.0000 ,  0.0000 ,  0.0000 ,
  0.0000 ,  0.0000 ,  0.0000 ,  0.0000 ,  0.0000 ,  0.0000 ,
  0.0000 ,  0.0000 ,  0.0000 ,  0.0000 ,  0.0000 ,  0.0000 ,
  0.0000 ,  0.0000 ,  0.0000 ,  0.0000 ,  0.0000 ,  0.0000 ,
  0.0000 ,  0.0000 ,  0.0000 ,  0.0000 ,  0.0000 ,  0.0000 ,
  0.0000 ,  0.0000 ,  0.0000 ,  0.0000 ,  0.0000 ,  0.0000 ,
  0.0000 ,  0.0000 ,  0.0000 ,  0.0000 ,  0.0000 ,  0.0000 ,
  0.0000 ,  0.0000 ,  0.0000 ,  0.0000 ,  0.0000 ,  0.0000 ,
  0.0000 ,  0.0000 ,  0.0000 ,  0.0000 ,  0.0000 ,  0.0000 ,
  0.0000 ,  0.0000 ,  0.0000 ,  0.0000 ,  0.0000 ,  0.0000 ,
  0.0000 ,  0.0000 ,  0.0000 ,  0.0000 ,  0.0000 ,  0.0000 ,
  0.0000 ,  0.0000 ,  0.0000 ,  0.0000 ,  0.0000 ,  0.0000 ,
  0.0000 ,  0.0000 ,  0.0000 ,  0.0000 ,  0.0000 ,  0.0000 ,
  0.0000 ,  0.0000 ,  0.0000 ,  0.0000 ,  0.0000 ,  0.0000 ,
  0.0000 ,  0.0000 ,  0.0000 ,  0.0000 ,  0.0000 ,  0.0000 ,
  0.0000 ,  0.0000 ,  0.0000 ,  0.0000 ,  0.0000 ,  0.0000 ,
  0.0000 ,  0.0000 ,  0.0000 ,  0.0000 ,  0.0000 ,  0.0000 ,
  0.0000 ,  0.0000 ,  0.0000 ,  0.0000 ,  0.0000 ,  0.0000 ,
  0.0000 ,  0.0000 ,  0.0000 ,  0.0000 ,  0.0000 ,  0.0000 ,
  0.0000 ,  0.0000 ,  0.0000 ,  0.0000 ,  0.0000 ,  0.0000 ,
  0.0000 ,  0.0000 ,  0.0000 ,  0.0000 ,  0.0000 ,  0.0000 ,
  0.0000 ,  0.0000 ,  0.0000 ,  0.0000 ,  0.0000 ,  0.0000 ,
  0.0000 ,  0.0000 ,  0.0000 ,  0.0000 ,  0.0000 ,  0.0000 ,
  0.0000 ,  0.0000 ,  0.0000 ,  0.0000 ,  0.0000 ,  0.0000 ,
  0.0000 ,  0.0000 ,  0.0000 ,  0.0000 ,  0.0000 ,  0.0000 ,
  0.0000 ,  0.0000 ,  0.0000 ,  0.0000 ,  0.0000 ,  0.0000 ,
  0.0000 ,  0.0000 ,  0.0000 ,  0.0000 ,  0.0000 ,  0.0000 ,
  0.0000 ,  0.0000 ,  0.0000 ,  0.0000 ,  0.0000 ,  0.0000 ,
  0.0000 ,  0.0000 ,  0.0000 ,  0.0000 ,  0.0000 ,  0.0000 ,
  0.0000 ,  0.0000 ,  0.0000 ,  0.0000 ,  0.0000 ,  0.0000 ,
  0.0000 ,  0.0000 ,  0.0000 ,  0.0000 ,  0.0000 ,  0.0000 ,
  0.0000 ,  0.0000 ,  0.0000 ,  0.0000 ,  0.0000 ,  0.0000 ,
  0.0000 ,  0.0000 ,  0.0000 ,  0.0000 ,  0.0000 ,  0.0000 ,
  0.0000 ,  0.0000 ,  0.0000 ,  0.0000 ,  0.0000 ,  0.0000 ,
  0.0000 ,  0.0000 ,  0.0000 ,  0.0000 ,  0.0000 ,  0.0000 ,
  0.0000 ,  0.0000 ,  0.0000 ,  0.0000 ,  0.0000 ,  0.0000 ,
  0.0000 ,  0.0000 ,  0.0000 ,  0.0000 ,  0.0000 ,  0.0000 ,
  0.0000 ,  0.0000 ,  0.0000 ,  0.0000 ,  0.0000 ,  0.0000 ,
  0.0000 ,  0.0000 ,  0.0000 ,  0.0000 ,  0.0000 ,  0.0000 ,
  0.0000 ,  0.0000 ,  0.0000 ,  0.0000 ,  0.0000 ,  0.0000 ,
  0.0000 ,  0.0000 ,  0.0000 ,  0.0000 ,  0.0000 ,  0.0000 ,
  0.0000 ,  0.0000 ,  0.0000 ,  0.0000 ,  0.0000 ,  0.0000 ,
  0.0000 ,  0.0000 ,  0.0000 ,  0.0000 ,  0.0000 ,  0.0000 ,
  0.0000 ,  0.0000 ,  0.0000 ,  0.0000 ,  0.0000 ,  0.0000 ,
  0.0000 ,  0.0000 ,  0.0000 ,  0.0000 ,  0.0000 ,  0.0000 ,
  0.0000 ,  0.0000 ,  0.0000 ,  0.0000 ,  0.0000 ,  0.0000 ,
  0.0000 ,  0.0000 ,  0.0000 ,  0.0000 ,  0.0000 ,  0.0000 ,
  0.0000 ,  0.0000 ,  0.0000 ,  0.0000 ,  0.0000 ,  0.0000 ,
  0.0000 ,  0.0000 ,  0.0000 ,  0.0000 ,  0.0000 ,  0.0000 ,
  0.0000 ,  0.0000 ,  0.0000 ,  0.0000 ,  0.0000 ,  0.0000 ,
  0.0000 ,  0.0000 ,  0.0000 ,  0.0000 ,  0.0000 ,  0.0000 ,
  0.0000 ,  0.0000 ,  0.0000 ,  0.0000 ,  0.0000 ,  0.0000 ,
  0.0000 ,  0.0000 ,  0.0000 ,  0.0000 ,  0.0000 ,  0.0000 ,
  0.0000 ,  0.0000 ,  0.0000 ,  0.0000 ,  0.0000 ,  0.0000 ,
  0.0000 ,  0.0000 ,  0.0000 ,  0.0000 ,  0.0000 ,  0.0000 ,
  0.0000 ,  0.0000 ,  0.0000 ,  0.0000 ,  0.0000 ,  0.0000 ,
  0.0000 ,  0.0000 ,  0.0000 ,  0.0000 ,  0.0000 ,  0.0000 ,
  0.0000 ,  0.0000 ,  0.0000 ,  0.0000 ,  0.0000 ,  0.0000 ,
  0.0000 ,  0.0000 ,  0.0000 ,  0.0000 ,  0.0000 ,  0.0000 ,
  0.0000 ,  0.0000 ,  0.0000 ,  0.0000 ,  0.0000 ,  0.0000 ,
  0.0000 ,  0.0000 ,  0.0000 ,  0.0000 ,  0.0000 ,  0.0000 ,
  0.0000 ,  0.0000 ,  0.0000 ,  0.0000 ,  0.0000 ,  0.0000 ,
  0.0000 ,  0.0000 ,  0.0000 ,  0.0000 ,  0.0000 ,  0.0000 ,
  0.0000 ,  0.0000 ,  0.0000 ,  0.0000 ,  0.0000 ,  0.0000 ,
  0.0000 ,  0.0000 ,  0.0000 ,  0.0000 ,  0.0000 ,  0.0000 ,
  0.0000 ,  0.0000 ,  0.0000 ,  0.0000 ,  0.0000 ,  0.0000 ,
  0.0000 ,  0.0000 ,  0.0000 ,  0.0000 ,  0.0000 ,  0.0000 ,
  0.0000 ,  0.0000 ,  0.0000 ,  0.0000 ,  0.0000 ,  0.0000 ,
  0.0000 ,  0.0000 ,  0.0000 ,  0.0000 ,  0.0000 ,  0.0000 ,
  0.0000 ,  0.0000 ,  0.0000 ,  0.0000 ,  0.0000 ,  0.0000 ,
  0.0000 ,  0.0000 ,  0.0000 ,  0.0000 ,  0.0000 ,  0.0000 ,
  0.0000 ,  0.0000 ,  0.0000 ,  0.0000 ,  0.0000 ,  0.0000 ,
  0.0000 ,  0.0000 ,  0.0000 ,  0.0000 ,  0.0000 ,  0.0000 ,
  0.0000 ,  0.0000 ,  0.0000 ,  0.0000 ,  0.0000 ,  0.0000 ,
  0.0000 ,  0.0000 ,  0.0000 ,  0.0000 ,  0.0000 ,  0.0000 ,
  0.0000 ,  0.0000 ,  0.0000 ,  0.0000 ,  0.0000 ,  0.0000 ,
  0.0000 ,  0.0000 ,  0.0000 ,  0.0000 ,  0.0000 ,  0.0000 ,
  0.0000 ,  0.0000 ,  0.0000 ,  0.0000 ,  0.0000 ,  0.0000 ,
  0.0000 ,  0.0000 ,  0.0000 ,  0.0000 ,  0.0000 ,  0.0000 ,
  0.0000 ,  0.0000 ,  0.0000 ,  0.0000 ,  0.0000 ,  0.0000 ,
  0.0000 ,  0.0000 ,  0.0000 ,  0.0000 ,  0.0000 ,  0.0000 ,
  0.0000 ,  0.0000 ,  0.0000 ,  0.0000 ,  0.0000 ,  0.0000 ,
  0.0000 ,  0.0000 ,  0.0000 ,  0.0000 ,  0.0000 ,  0.0000 ,
  0.0000 ,  0.0000 ,  0.0000 ,  0.0000 ,  0.0000 ,  0.0000 ,
  0.0000 ,  0.0000 ,  0.0000 ,  0.0000 ,  0.0000 ,  0.0000 ,
  0.0000 ,  0.0000 ,  0.0000 ,  0.0000 ,  0.0000 ,  0.0000 ,
  0.0000 ,  0.0000 ,  0.0000 ,  0.0000 ,  0.0000 ,  0.0000 ,
  0.0000 ,  0.0000 ,  0.0000 ,  0.0000 ,  0.0000 ,  0.0000 ,
  0.0000 ,  0.0000 ,  0.0000 ,  0.0000 ,  0.0000 ,  0.0000 ,
  0.0000 ,  0.0000 ,  0.0000 ,  0.0000 ,  0.0000 ,  0.0000 ,
  0.0000 ,  0.0000 ,  0.0000 ,  0.0000 ,  0.0000 ,  0.0000 ,
  0.0000 ,  0.0000 ,  0.0000 ,  0.0000 ,  0.0000 ,  0.0000 ,
  0.0000 ,  0.0000 ,  0.0000 ,  0.0000 ,  0.0000 ,  0.0000 ,
  0.0000 ,  0.0000 ,  0.0000 ,  0.0000 ,  0.0000 ,  0.0000 ,
  0.0000 ,  0.0000 ,  0.0000 ,  0.0000 ,  0.0000 ,  0.0000 ,
  0.0000 ,  0.0000 ,  0.0000 ,  0.0000 ,  0.0000 ,  0.0000 ,
  0.0000 ,  0.0000 ,  0.0000 ,  0.0000 ,  0.0000 ,  0.0000 ,
  0.0000 ,  0.0000 ,  0.0000 ,  0.0000 ,  0.0000 ,  0.0000 ,
  0.0000 ,  0.0000 ,  0.0000 ,  0.0000 ,  0.0000 ,  0.0000 ,
  0.0000 ,  0.0000 ,  0.0000 ,  0.0000 ,  0.0000 ,  0.0000 ,
  0.0000 ,  0.0000 ,  0.0000 ,  0.0000 ,  0.0000 ,  0.0000 ,
  0.0000 ,  0.0000 ,  0.0000 ,  0.0000 ,  0.0000 ,  0.0000 ,
  0.0000 ,  0.0000 ,  0.0000 ,  0.0000 ,  0.0000 ,  0.0000 ,
  0.0000 ,  0.0000 ,  0.0000 ,  0.0000 ,  0.0000 ,  0.0000 ,
  0.0000 ,  0.0000 ,  0.0000 ,  0.0000 ,  0.0000 ,  0.0000 ,
  0.0000 ,  0.0000 ,  0.0000 ,  0.0000 ,  0.0000 ,  0.0000 ,
  0.0000 ,  0.0000 ,  0.0000 ,  0.0000 ,  0.0000 ,  0.0000 ,
  0.0000 ,  0.0000 ,  0.0000 ,  0.0000 ,  0.0000 ,  0.0000 ,
  0.0000 ,  0.0000 ,  0.0000 ,  0.0000 ,  0.0000 ,  0.0000 ,
  0.0000 ,  0.0000 ,  0.0000 ,  0.0000 ,  0.0000 ,  0.0000 ,
  0.0000 ,  0.0000 ,  0.0000 ,  0.0000 ,  0.0000 ,  0.0000 ,
  0.0000 ,  0.0000 ,  0.0000 ,  0.0000 ,  0.0000 ,  0.0000 ,
  0.0000 ,  0.0000 ,  0.0000 ,  0.0000 ,  0.0000 ,  0.0000 ,
  0.0000 ,  0.0000 ,  0.0000 ,  0.0000 ,  0.0000 ,  0.0000 ,
  0.0000 ,  0.0000 ,  0.0000 ,  0.0000 ,  0.0000 ,  0.0000 ,
  0.0000 ,  0.0000 ,  0.0000 ,  0.0000 ,  0.0000 ,  0.0000 ,
  0.0000 ,  0.0000 ,  0.0000 ,  0.0000 ,  0.0000 ,  0.0000 ,
  0.0000 ,  0.0000 ,  0.0000 ,  0.0000 ,  0.0000 ,  0.0000 ,
  0.0000 ,  0.0000 ,  0.0000 ,  0.0000 ,  0.0000 ,  0.0000 ,
  0.0000 ,  0.0000 ,  0.0000 ,  0.0000 ,  0.0000 ,  0.0000 ,
  0.0000 ,  0.0000 ,  0.0000 ,  0.0000 ,  0.0000 ,  0.0000 ,
  0.0000 ,  0.0000 ,  0.0000 ,  0.0000 ,  0.0000 ,  0.0000 ,
  0.0000 ,  0.0000 ,  0.0000 ,  0.0000 ,  0.0000 ,  0.0000 ,
  0.0000 ,  0.0000 ,  0.0000 ,  0.0000 ,  0.0000 ,  0.0000 ,
  0.0000 ,  0.0000 ,  0.0000 ,  0.0000 ,  0.0000 ,  0.0000 ,
  0.0000 ,  0.0000 ,  0.0000 ,  0.0000 ,  0.0000 ,  0.0000 ,
  0.0000 ,  0.0000 ,  0.0000 ,  0.0000 ,  0.0000 ,  0.0000 ,
  0.0000 ,  0.0000 ,  0.0000 ,  0.0000 ,  0.0000 ,  0.0000 ,
  0.0000 ,  0.0000 ,  0.0000 ,  0.0000 ,  0.0000 ,  0.0000 ,
  0.0000 ,  0.0000 ,  0.0000 ,  0.0000 ,  0.0000 ,  0.0000 ,
  0.0000 ,  0.0000 ,  0.0000 ,  0.0000 ,  0.0000 ,  0.0000 ,
  0.0000 ,  0.0000 ,  0.0000 ,  0.0000 ,  0.0000 ,  0.0000 ,
  0.0000 ,  0.0000 ,  0.0000 ,  0.0000 ,  0.0000 ,  0.0000 ,
  0.0000 ,  0.0000 ,  0.0000 ,  0.0000 ,  0.0000 ,  0.0000 ,
  0.0000 ,  0.0000 ,  0.0000 ,  0.0000 ,  0.0000 ,  0.0000 ,
  0.0000 ,  0.0000 ,  0.0000 ,  0.0000 ,  0.0000 ,  0.0000 ,
  0.0000 ,  0.0000 ,  0.0000 ,  0.0000 ,  0.0000 ,  0.0000 ,
  0.0000 ,  0.0000 ,  0.0000 ,  0.0000 ,  0.0000 ,  0.0000 ,
  0.0000 ,  0.0000 ,  0.0000 ,  0.0000 ,  0.0000 ,  0.0000 ,
  0.0000 ,  0.0000 ,  0.0000 ,  0.0000 ,  0.0000 ,  0.0000 ,
  0.0000 ,  0.0000 ,  0.0000 ,  0.0000 ,  0.0000 ,  0.0000 ,
  0.0000 ,  0.0000 ,  0.0000 ,  0.0000 ,  0.0000 ,  0.0000 ,
  0.0000 ,  0.0000 ,  0.0000 ,  0.0000 ,  0.0000 ,  0.0000 ,
  0.0000 ,  0.0000 ,  0.0000 ,  0.0000 ,  0.0000 ,  0.0000 ,
  0.0000 ,  0.0000 ,  0.0000 ,  0.0000 ,  0.0000 ,  0.0000 ,
  0.0000 ,  0.0000 ,  0.0000 ,  0.0000 ,  0.0000 ,  0.0000 ,
  0.0000 ,  0.0000 ,  0.0000 ,  0.0000 ,  0.0000 ,  0.0000 ,
  0.0000 ,  0.0000 ,  0.0000 ,  0.0000 ,  0.0000 ,  0.0000 ,
  0.0000 ,  0.0000 ,  0.0000 ,  0.0000 ,  0.0000 ,  0.0000 ,
  0.0000 ,  0.0000 ,  0.0000 ,  0.0000 ,  0.0000 ,  0.0000 ,
  0.0000 ,  0.0000 ,  0.0000 ,  0.0000 ,  0.0000 ,  0.0000 ,
  0.0000 ,  0.0000 ,  0.0000 ,  0.0000 ,  0.0000 ,  0.0000 ,
  0.0000 ,  0.0000 ,  0.0000 ,  0.0000 ,  0.0000 ,  0.0000 ,
  0.0000 ,  0.0000 ,  0.0000 ,  0.0000 ,  0.0000 ,  0.0000 ,
  0.0000 ,  0.0000 ,  0.0000 ,  0.0000 ,  0.0000 ,  0.0000 ,
  0.0000 ,  0.0000 ,  0.0000 ,  0.0000 ,  0.0000 ,  0.0000 ,
  0.0000 ,  0.0000 ,  0.0000 ,  0.0000 ,  0.0000 ,  0.0000 ,
  0.0000 ,  0.0000 ,  0.0000 ,  0.0000 ,  0.0000 ,  0.0000 ,
  0.0000 ,  0.0000 ,  0.0000 ,  0.0000 ,  0.0000 ,  0.0000 ,
  0.0000 ,  0.0000 ,  0.0000 ,  0.0000 ,  0.0000 ,  0.0000 ,
  0.0000 ,  0.0000 ,  0.0000 ,  0.0000 ,  0.0000 ,  0.0000 ,
  0.0000 ,  0.0000 ,  0.0000 ,  0.0000 ,  0.0000 ,  0.0000 ,
  0.0000 ,  0.0000 ,  0.0000 ,  0.0000 ,  0.0000 ,  0.0000 ,
  0.0000 ,  0.0000 ,  0.0000 ,  0.0000 ,  0.0000 ,  0.0000 ,
  0.0000 ,  0.0000 ,  0.0000 ,  0.0000 ,  0.0000 ,  0.0000 ,
  0.0000 ,  0.0000 ,  0.0000 ,  0.0000 ,  0.0000 ,  0.0000 ,
  0.0000 ,  0.0000 ,  0.0000 ,  0.0000 ,  0.0000 ,  0.0000 ,
  0.0000 ,  0.0000 ,  0.0000 ,  0.0000 ,  0.0000 ,  0.0000 ,
  0.0000 ,  0.0000 ,  0.0000 ,  0.0000 ,  0.0000 ,  0.0000 ,
  0.0000 ,  0.0000 ,  0.0000 ,  0.0000 ,  0.0000 ,  0.0000 ,
  0.0000 ,  0.0000 ,  0.0000 ,  0.0000 ,  0.0000 ,  0.0000 ,
  0.0000 ,  0.0000 ,  0.0000 ,  0.0000 ,  0.0000 ,  0.0000 ,
  0.0000 ,  0.0000 ,  0.0000 ,  0.0000 ,  0.0000 ,  0.0000 ,
  0.0000 ,  0.0000 ,  0.0000 ,  0.0000 ,  0.0000 ,  0.0000 ,
  0.0000 ,  0.0000 ,  0.0000 ,  0.0000 ,  0.0000 ,  0.0000 ,
  0.0000 ,  0.0000 ,  0.0000 ,  0.0000 ,  0.0000 ,  0.0000 ,
  0.0000 ,  0.0000 ,  0.0000 ,  0.0000 ,  0.0000 ,  0.0000 ,
  0.0000 ,  0.0000 ,  0.0000 ,  0.0000 ,  0.0000 ,  0.0000 ,
  0.0000 ,  0.0000 ,  0.0000 ,  0.0000 ,  0.0000 ,  0.0000 ,
  0.0000 ,  0.0000 ,  0.0000 ,  0.0000 ,  0.0000 ,  0.0000 ,
  0.0000 ,  0.0000 ,  0.0000 ,  0.0000 ,  0.0000 ,  0.0000 ,
  0.0000 ,  0.0000 ,  0.0000 ,  0.0000 ,  0.0000 ,  0.0000 ,
  0.0000 ,  0.0000 ,  0.0000 ,  0.0000 ,  0.0000 ,  0.0000 ,
  0.0000 ,  0.0000 ,  0.0000 ,  0.0000 ,  0.0000 ,  0.0000 ,
  0.0000 ,  0.0000 ,  0.0000 ,  0.0000 ,  0.0000 ,  0.0000 ,
  0.0000 ,  0.0000 ,  0.0000 ,  0.0000 ,  0.0000 ,  0.0000 ,
  0.0000 ,  0.0000 ,  0.0000 ,  0.0000 ,  0.0000 ,  0.0000 ,
  0.0000 ,  0.0000 ,  0.0000 ,  0.0000 ,  0.0000 ,  0.0000 ,
  0.0000 ,  0.0000 ,  0.0000 ,  0.0000 ,  0.0000 ,  0.0000 ,
  0.0000 ,  0.0000 ,  0.0000 ,  0.0000 ,  0.0000 ,  0.0000 ,
  0.0000 ,  0.0000 ,  0.0000 ,  0.0000 ,  0.0000 ,  0.0000 ,
  0.0000 ,  0.0000 ,  0.0000 ,  0.0000 ,  0.0000 ,  0.0000 ,
  0.0000 ,  0.0000 ,  0.0000 ,  0.0000 ,  0.0000 ,  0.0000 ,
  0.0000 ,  0.0000 ,  0.0000 ,  0.0000 ,  0.0000 ,  0.0000 ,
  0.0000 ,  0.0000 ,  0.0000 ,  0.0000 ,  0.0000 ,  0.0000 ,
  0.0000 ,  0.0000 ,  0.0000 ,  0.0000 ,  0.0000 ,  0.0000 ,
  0.0000 ,  0.0000 ,  0.0000 ,  0.0000 ,  0.0000 ,  0.0000 ,
  0.0000 ,  0.0000 ,  0.0000 ,  0.0000 ,  0.0000 ,  0.0000 ,
  0.0000 ,  0.0000 ,  0.0000 ,  0.0000 ,  0.0000 ,  0.0000 ,
  0.0000 ,  0.0000 ,  0.0000 ,  0.0000 ,  0.0000 ,  0.0000 ,
  0.0000 ,  0.0000 ,  0.0000 ,  0.0000 ,  0.0000 ,  0.0000 ,
  0.0000 ,  0.0000 ,  0.0000 ,  0.0000 ,  0.0000 ,  0.0000 ,
  0.0000 ,  0.0000 ,  0.0000 ,  0.0000 ,  0.0000 ,  0.0000 ,
  0.0000 ,  0.0000 ,  0.0000 ,  0.0000 ,  0.0000 ,  0.0000 ,
  0.0000 ,  0.0000 ,  0.0000 ,  0.0000 ,  0.0000 ,  0.0000 ,
  0.0000 ,  0.0000 ,  0.0000 ,  0.0000 ,  0.0000 ,  0.0000 ,
  0.0000 ,  0.0000 ,  0.0000 ,  0.0000 ,  0.0000 ,  0.0000 ,
  0.0000 ,  0.0000 ,  0.0000 ,  0.0000 ,  0.0000 ,  0.0000 ,
  0.0000 ,  0.0000 ,  0.0000 ,  0.0000 ,  0.0000 ,  0.0000 ,
  0.0000 ,  0.0000 ,  0.0000 ,  0.0000 ,  0.0000 ,  0.0000 ,
  0.0000 ,  0.0000 ,  0.0000 ,  0.0000 ,  0.0000 ,  0.0000 ,
  0.0000 ,  0.0000 ,  0.0000 ,  0.0000 ,  0.0000 ,  0.0000 ,
  0.0000 ,  0.0000 ,  0.0000 ,  0.0000 ,  0.0000 ,  0.0000 ,
  0.0000 ,  0.0000 ,  0.0000 ,  0.0000 ,  0.0000 ,  0.0000 ,
  0.0000 ,  0.0000 ,  0.0000 ,  0.0000 ,  0.0000 ,  0.0000 ,
  0.0000 ,  0.0000 ,  0.0000 ,  0.0000 ,  0.0000 ,  0.0000 ,
  0.0000 ,  0.0000 ,  0.0000 ,  0.0000 ,  0.0000 ,  0.0000 ,
  0.0000 ,  0.0000 ,  0.0000 ,  0.0000 ,  0.0000 ,  0.0000 ,
  0.0000 ,  0.0000 ,  0.0000 ,  0.0000 ,  0.0000 ,  0.0000 ,
  0.0000 ,  0.0000 ,  0.0000 ,  0.0000 ,  0.0000 ,  0.0000 ,
  0.0000 ,  0.0000 ,  0.0000 ,  0.0000 ,  0.0000 ,  0.0000 ,
  0.0000 ,  0.0000 ,  0.0000 ,  0.0000 ,  0.0000 ,  0.0000 ,
  0.0000 ,  0.0000 ,  0.0000 ,  0.0000 ,  0.0000 ,  0.0000 ,
  0.0000 ,  0.0000 ,  0.0000 ,  0.0000 ,  0.0000 ,  0.0000 ,
  0.0000 ,  0.0000 ,  0.0000 ,  0.0000 ,  0.0000 ,  0.0000 ,
  0.0000 ,  0.0000 ,  0.0000 ,  0.0000 ,  0.0000 ,  0.0000 ,
  0.0000 ,  0.0000 ,  0.0000 ,  0.0000 ,  0.0000 ,  0.0000 ,
  0.0000 ,  0.0000 ,  0.0000 ,  0.0000 ,  0.0000 ,  0.0000 ,
  0.0000 ,  0.0000 ,  0.0000 ,  0.0000 ,  0.0000 ,  0.0000 ,
  0.0000 ,  0.0000 ,  0.0000 ,  0.0000 ,  0.0000 ,  0.0000 ,
  0.0000 ,  0.0000 ,  0.0000 ,  0.0000 ,  0.0000 ,  0.0000 ,
  0.0000 ,  0.0000 ,  0.0000 ,  0.0000 ,  0.0000 ,  0.0000 ,
  0.0000 ,  0.0000 ,  0.0000 ,  0.0000 ,  0.0000 ,  0.0000 ,
  0.0000 ,  0.0000 ,  0.0000 ,  0.0000 ,  0.0000 ,  0.0000 ,
  0.0000 ,  0.0000 ,  0.0000 ,  0.0000 ,  0.0000 ,  0.0000 ,
  0.0000 ,  0.0000 ,  0.0000 ,  0.0000 ,  0.0000 ,  0.0000 ,
  0.0000 ,  0.0000 ,  0.0000 ,  0.0000 ,  0.0000 ,  0.0000 ,
  0.0000 ,  0.0000 ,  0.0000 ,  0.0000 ,  0.0000 ,  0.0000 ,
  0.0000 ,  0.0000 ,  0.0000 ,  0.0000 ,  0.0000 ,  0.0000 ,
  0.0000 ,  0.0000 ,  0.0000 ,  0.0000 ,  0.0000 ,  0.0000 ,
  0.0000 ,  0.0000 ,  0.0000 ,  0.0000 ,  0.0000 ,  0.0000 ,
  0.0000 ,  0.0000 ,  0.0000 ,  0.0000 ,  0.0000 ,  0.0000 ,
  0.0000 ,  0.0000 ,  0.0000 ,  0.0000 ,  0.0000 ,  0.0000 ,
  0.0000 ,  0.0000 ,  0.0000 ,  0.0000 ,  0.0000 ,  0.0000 ,
  0.0000 ,  0.0000 ,  0.0000 ,  0.0000 ,  0.0000 ,  0.0000 ,
  0.0000 ,  0.0000 ,  0.0000 ,  0.0000 ,  0.0000 ,  0.0000 ,
  0.0000 ,  0.0000 ,  0.0000 ,  0.0000 ,  0.0000 ,  0.0000 ,
  0.0000 ,  0.0000 ,  0.0000 ,  0.0000 ,  0.0000 ,  0.0000 ,
  0.0000 ,  0.0000 ,  0.0000 ,  0.0000 ,  0.0000 ,  0.0000 ,
  0.0000 ,  0.0000 ,  0.0000 ,  0.0000 ,  0.0000 ,  0.0000 ,
  0.0000 ,  0.0000 ,  0.0000 ,  0.0000 ,  0.0000 ,  0.0000 ,
  0.0000 ,  0.0000 ,  0.0000 ,  0.0000 ,  0.0000 ,  0.0000 ,
  0.0000 ,  0.0000 ,  0.0000 ,  0.0000 ,  0.0000 ,  0.0000 ,
  0.0000 ,  0.0000 ,  0.0000 ,  0.0000 ,  0.0000 ,  0.0000 ,
  0.0000 ,  0.0000 ,  0.0000 ,  0.0000 ,  0.0000 ,  0.0000 ,
  0.0000 ,  0.0000 ,  0.0000 ,  0.0000 ,  0.0000 ,  0.0000 ,
  0.0000 ,  0.0000 ,  0.0000 ,  0.0000 ,  0.0000 ,  0.0000 ,
  0.0000 ,  0.0000 ,  0.0000 ,  0.0000 ,  0.0000 ,  0.0000 ,
  0.0000 ,  0.0000 ,  0.0000 ,  0.0000 ,  0.0000 ,  0.0000 ,
  0.0000 ,  0.0000 ,  0.0000 ,  0.0000 ,  0.0000 ,  0.0000 ,
  0.0000 ,  0.0000 ,  0.0000 ,  0.0000 ,  0.0000 ,  0.0000 ,
  0.0000 ,  0.0000 ,  0.0000 ,  0.0000 ,  0.0000 ,  0.0000 ,
  0.0000 ,  0.0000 ,  0.0000 ,  0.0000 ,  0.0000 ,  0.0000 ,
  0.0000 ,  0.0000 ,  0.0000 ,  0.0000 ,  0.0000 ,  0.0000 ,
  0.0000 ,  0.0000 ,  0.0000 ,  0.0000 ,  0.0000 ,  0.0000 ,
  0.0000 ,  0.0000 ,  0.0000 ,  0.0000 ,  0.0000 ,  0.0000 ,
  0.0000 ,  0.0000 ,  0.0000 ,  0.0000 ,  0.0000 ,  0.0000 ,
  0.0000 ,  0.0000 ,  0.0000 ,  0.0000 ,  0.0000 ,  0.0000 ,
  0.0000 ,  0.0000 ,  0.0000 ,  0.0000 ,  0.0000 ,  0.0000 ,
  0.0000 ,  0.0000 ,  0.0000 ,  0.0000 ,  0.0000 ,  0.0000 ,
  0.0000 ,  0.0000 ,  0.0000 ,  0.0000 ,  0.0000 ,  0.0000 ,
  0.0000 ,  0.0000 ,  0.0000 ,  0.0000 ,  0.0000 ,  0.0000 ,
  0.0000 ,  0.0000 ,  0.0000 ,  0.0000 ,  0.0000 ,  0.0000 ,
  0.0000 ,  0.0000 ,  0.0000 ,  0.0000 ,  0.0000 ,  0.0000 ,
  0.0000 ,  0.0000 ,  0.0000 ,  0.0000 ,  0.0000 ,  0.0000 ,
  0.0000 ,  0.0000 ,  0.0000 ,  0.0000 ,  0.0000 ,  0.0000 ,
  0.0000 ,  0.0000 ,  0.0000 ,  0.0000 ,  0.0000 ,  0.0000 ,
  0.0000 ,  0.0000 ,  0.0000 ,  0.0000 ,  0.0000 ,  0.0000 ,
  0.0000 ,  0.0000 ,  0.0000 ,  0.0000 ,  0.0000 ,  0.0000 ,
  0.0000 ,  0.0000 ,  0.0000 ,  0.0000 ,  0.0000 ,  0.0000 ,
  0.0000 ,  0.0000 ,  0.0000 ,  0.0000 ,  0.0000 ,  0.0000 ,
  0.0000 ,  0.0000 ,  0.0000 ,  0.0000 ,  0.0000 ,  0.0000 ,
  0.0000 ,  0.0000 ,  0.0000 ,  0.0000 ,  0.0000 ,  0.0000 ,
  0.0000 ,  0.0000 ,  0.0000 ,  0.0000 ,  0.0000 ,  0.0000 ,
  0.0000 ,  0.0000 ,  0.0000 ,  0.0000 ,  0.0000 ,  0.0000 ,
  0.0000 ,  0.0000 ,  0.0000 ,  0.0000 ,  0.0000 ,  0.0000 ,
  0.0000 ,  0.0000 ,  0.0000 ,  0.0000 ,  0.0000 ,  0.0000 ,
  0.0000 ,  0.0000 ,  0.0000 ,  0.0000 ,  0.0000 ,  0.0000 ,
  0.0000 ,  0.0000 ,  0.0000 ,  0.0000 ,  0.0000 ,  0.0000 ,
  0.0000 ,  0.0000 ,  0.0000 ,  0.0000 ,  0.0000 ,  0.0000 ,
  0.0000 ,  0.0000 ,  0.0000 ,  0.0000 ,  0.0000 ,  0.0000 ,
  0.0000 ,  0.0000 ,  0.0000 ,  0.0000 ,  0.0000 ,  0.0000 ,
  0.0000 ,  0.0000 ,  0.0000 ,  0.0000 ,  0.0000 ,  0.0000 ,
  0.0000 ,  0.0000 ,  0.0000 ,  0.0000 ,  0.0000 ,  0.0000 ,
  0.0000 ,  0.0000 ,  0.0000 ,  0.0000 ,  0.0000 ,  0.0000 ,
  0.0000 ,  0.0000 ,  0.0000 ,  0.0000 ,  0.0000 ,  0.0000 ,
  0.0000 ,  0.0000 ,  0.0000 ,  0.0000 ,  0.0000 ,  0.0000 ,
  0.0000 ,  0.0000 ,  0.0000 ,  0.0000 ,  0.0000 ,  0.0000 ,
  0.0000 ,  0.0000 ,  0.0000 ,  0.0000 ,  0.0000 ,  0.0000 ,
  0.0000 ,  0.0000 ,  0.0000 ,  0.0000 ,  0.0000 ,  0.0000 ,
  0.0000 ,  0.0000 ,  0.0000 ,  0.0000 ,  0.0000 ,  0.0000 ,
  0.0000 ,  0.0000 ,  0.0000 ,  0.0000 ,  0.0000 ,  0.0000 ,
  0.0000 ,  0.0000 ,  0.0000 ,  0.0000 ,  0.0000 ,  0.0000 ,
  0.0000 ,  0.0000 ,  0.0000 ,  0.0000 ,  0.0000 ,  0.0000 ,
  0.0000 ,  0.0000 ,  0.0000 ,  0.0000 ,  0.0000 ,  0.0000 ,
  0.0000 ,  0.0000 ,  0.0000 ,  0.0000 ,  0.0000 ,  0.0000 ,
  0.0000 ,  0.0000 ,  0.0000 ,  0.0000 ,  0.0000 ,  0.0000 ,
  0.0000 ,  0.0000 ,  0.0000 ,  0.0000 ,  0.0000 ,  0.0000 ,
  0.0000 ,  0.0000 ,  0.0000 ,  0.0000 ,  0.0000 ,  0.0000 ,
  0.0000 ,  0.0000 ,  0.0000 ,  0.0000 ,  0.0000 ,  0.0000 ,
  0.0000 ,  0.0000 ,  0.0000 ,  0.0000 ,  0.0000 ,  0.0000 ,
  0.0000 ,  0.0000 ,  0.0000 ,  0.0000 ,  0.0000 ,  0.0000 ,
  0.0000 ,  0.0000 ,  0.0000 ,  0.0000 ,  0.0000 ,  0.0000 ,
  0.0000 ,  0.0000 ,  0.0000 ,  0.0000 ,  0.0000 ,  0.0000 ,
  0.0000 ,  0.0000 ,  0.0000 ,  0.0000 ,  0.0000 ,  0.0000 ,
  0.0000 ,  0.0000 ,  0.0000 ,  0.0000 ,  0.0000 ,  0.0000 ,
  0.0000 ,  0.0000 ,  0.0000 ,  0.0000 ,  0.0000 ,  0.0000 ,
  0.0000 ,  0.0000 ,  0.0000 ,  0.0000 ,  0.0000 ,  0.0000 ,
  0.0000 ,  0.0000 ,  0.0000 ,  0.0000 ,  0.0000 ,  0.0000 ,
  0.0000 ,  0.0000 ,  0.0000 ,  0.0000 ,  0.0000 ,  0.0000 ,
  0.0000 ,  0.0000 ,  0.0000 ,  0.0000 ,  0.0000 ,  0.0000 ,
  0.0000 ,  0.0000 ,  0.0000 ,  0.0000 ,  0.0000 ,  0.0000 ,
  0.0000 ,  0.0000 ,  0.0000 ,  0.0000 ,  0.0000 ,  0.0000 ,
  0.0000 ,  0.0000 ,  0.0000 ,  0.0000 ,  0.0000 ,  0.0000 ,
  0.0000 ,  0.0000 ,  0.0000 ,  0.0000 ,  0.0000 ,  0.0000 ,
  0.0000 ,  0.0000 ,  0.0000 ,  0.0000 ,  0.0000 ,  0.0000 ,
  0.0000 ,  0.0000 ,  0.0000 ,  0.0000 ,  0.0000 ,  0.0000 ,
  0.0000 ,  0.0000 ,  0.0000 ,  0.0000 ,  0.0000 ,  0.0000 ,
  0.0000 ,  0.0000 ,  0.0000 ,  0.0000 ,  0.0000 ,  0.0000 ,
  0.0000 ,  0.0000 ,  0.0000 ,  0.0000 ,  0.0000 ,  0.0000 ,
  0.0000 ,  0.0000 ,  0.0000 ,  0.0000 ,  0.0000 ,  0.0000 ,
  0.0000 ,  0.0000 ,  0.0000 ,  0.0000 ,  0.0000 ,  0.0000 ,
  0.0000 ,  0.0000 ,  0.0000 ,  0.0000 ,  0.0000 ,  0.0000 ,
  0.0000 ,  0.0000 ,  0.0000 ,  0.0000 ,  0.0000 ,  0.0000 ,
  0.0000 ,  0.0000 ,  0.0000 ,  0.0000 ,  0.0000 ,  0.0000 ,
  0.0000 ,  0.0000 ,  0.0000 ,  0.0000 ,  0.0000 ,  0.0000 ,
  0.0000 ,  0.0000 ,  0.0000 ,  0.0000 ,  0.0000 ,  0.0000 ,
  0.0000 ,  0.0000 ,  0.0000 ,  0.0000 ,  0.0000 ,  0.0000 ,
  0.0000 ,  0.0000 ,  0.0000 ,  0.0000 ,  0.0000 ,  0.0000 ,
  0.0000 ,  0.0000 ,  0.0000 ,  0.0000 ,  0.0000 ,  0.0000 ,
  0.0000 ,  0.0000 ,  0.0000 ,  0.0000 ,  0.0000 ,  0.0000 ,
  0.0000 ,  0.0000 ,  0.0000 ,  0.0000 ,  0.0000 ,  0.0000 ,
  0.0000 ,  0.0000 ,  0.0000 ,  0.0000 ,  0.0000 ,  0.0000 ,
  0.0000 ,  0.0000 ,  0.0000 ,  0.0000 ,  0.0000 ,  0.0000 ,
  0.0000 ,  0.0000 ,  0.0000 ,  0.0000 ,  0.0000 ,  0.0000 ,
  0.0000 ,  0.0000 ,  0.0000 ,  0.0000 ,  0.0000 ,  0.0000 ,
  0.0000 ,  0.0000 ,  0.0000 ,  0.0000 ,  0.0000 ,  0.0000 ,
  0.0000 ,  0.0000 ,  0.0000 ,  0.0000 ,  0.0000 ,  0.0000 ,
  0.0000 ,  0.0000 ,  0.0000 ,  0.0000 ,  0.0000 ,  0.0000 ,
  0.0000 ,  0.0000 ,  0.0000 ,  0.0000 ,  0.0000 ,  0.0000 ,
  0.0000 ,  0.0000 ,  0.0000 ,  0.0000 ,  0.0000 ,  0.0000 ,
  0.0000 ,  0.0000 ,  0.0000 ,  0.0000 ,  0.0000 ,  0.0000 ,
  0.0000 ,  0.0000 ,  0.0000 ,  0.0000 ,  0.0000 ,  0.0000 ,
  0.0000 ,  0.0000 ,  0.0000 ,  0.0000 ,  0.0000 ,  0.0000 ,
  0.0000 ,  0.0000 ,  0.0000 ,  0.0000 ,  0.0000 ,  0.0000 ,
  0.0000 ,  0.0000 ,  0.0000 ,  0.0000 ,  0.0000 ,  0.0000 ,
  0.0000 ,  0.0000 ,  0.0000 ,  0.0000 ,  0.0000 ,  0.0000 ,
  0.0000 ,  0.0000 ,  0.0000 ,  0.0000 ,  0.0000 ,  0.0000 ,
  0.0000 ,  0.0000 ,  0.0000 ,  0.0000 ,  0.0000 ,  0.0000 ,
  0.0000 ,  0.0000 ,  0.0000 ,  0.0000 ,  0.0000 ,  0.0000 ,
  0.0000 ,  0.0000 ,  0.0000 ,  0.0000 ,  0.0000 ,  0.0000 ,
  0.0000 ,  0.0000 ,  0.0000 ,  0.0000 ,  0.0000 ,  0.0000 ,
  0.0000 ,  0.0000 ,  0.0000 ,  0.0000 ,  0.0000 ,  0.0000 ,
  0.0000 ,  0.0000 ,  0.0000 ,  0.0000 ,  0.0000 ,  0.0000 ,
  0.0000 ,  0.0000 ,  0.0000 ,  0.0000 ,  0.0000 ,  0.0000 ,
  0.0000 ,  0.0000 ,  0.0000 ,  0.0000 ,  0.0000 ,  0.0000 ,
  0.0000 ,  0.0000 ,  0.0000 ,  0.0000 ,  0.0000 ,  0.0000 ,
  0.0000 ,  0.0000 ,  0.0000 ,  0.0000 ,  0.0000 ,  0.0000 ,
  0.0000 ,  0.0000 ,  0.0000 ,  0.0000 ,  0.0000 ,  0.0000 ,
  0.0000 ,  0.0000 ,  0.0000 ,  0.0000 ,  0.0000 ,  0.0000 ,
  0.0000 ,  0.0000 ,  0.0000 ,  0.0000 ,  0.0000 ,  0.0000 ,
  0.0000 ,  0.0000 ,  0.0000 ,  0.0000 ,  0.0000 ,  0.0000 ,
  0.0000 ,  0.0000 ,  0.0000 ,  0.0000 ,  0.0000 ,  0.0000 ,
  0.0000 ,  0.0000 ,  0.0000 ,  0.0000 ,  0.0000 ,  0.0000 ,
  0.0000 ,  0.0000 ,  0.0000 ,  0.0000 ,  0.0000 ,  0.0000 ,
  0.0000 ,  0.0000 ,  0.0000 ,  0.0000 ,  0.0000 ,  0.0000 ,
  0.0000 ,  0.0000 ,  0.0000 ,  0.0000 ,  0.0000 ,  0.0000 ,
  0.0000 ,  0.0000 ,  0.0000 ,  0.0000 ,  0.0000 ,  0.0000 ,
  0.0000 ,  0.0000 ,  0.0000 ,  0.0000 ,  0.0000 ,  0.0000 ,
  0.0000 ,  0.0000 ,  0.0000 ,  0.0000 ,  0.0000 ,  0.0000 ,
  0.0000 ,  0.0000 ,  0.0000 ,  0.0000 ,  0.0000 ,  0.0000 ,
  0.0000 ,  0.0000 ,  0.0000 ,  0.0000 ,  0.0000 ,  0.0000 ,
  0.0000 ,  0.0000 ,  0.0000 ,  0.0000 ,  0.0000 ,  0.0000 ,
  0.0000 ,  0.0000 ,  0.0000 ,  0.0000 ,  0.0000 ,  0.0000 ,
  0.0000 ,  0.0000 ,  0.0000 ,  0.0000 ,  0.0000 ,  0.0000 ,
  0.0000 ,  0.0000 ,  0.0000 ,  0.0000 ,  0.0000 ,  0.0000 ,
  0.0000 ,  0.0000 ,  0.0000 ,  0.0000 ,  0.0000 ,  0.0000 ,
  0.0000 ,  0.0000 ,  0.0000 ,  0.0000 ,  0.0000 ,  0.0000 ,
  0.0000 ,  0.0000 ,  0.0000 ,  0.0000 ,  0.0000 ,  0.0000 ,
  0.0000 ,  0.0000 ,  0.0000 ,  0.0000 ,  0.0000 ,  0.0000 ,
  0.0000 ,  0.0000 ,  0.0000 ,  0.0000 ,  0.0000 ,  0.0000 ,
  0.0000 ,  0.0000 ,  0.0000 ,  0.0000 ,  0.0000 ,  0.0000 ,
  0.0000 ,  0.0000 ,  0.0000 ,  0.0000 ,  0.0000 ,  0.0000 ,
  0.0000 ,  0.0000 ,  0.0000 ,  0.0000 ,  0.0000 ,  0.0000 ,
  0.0000 ,  0.0000 ,  0.0000 ,  0.0000 ,  0.0000 ,  0.0000 ,
  0.0000 ,  0.0000 ,  0.0000 ,  0.0000 ,  0.0000 ,  0.0000 ,
  0.0000 ,  0.0000 ,  0.0000 ,  0.0000 ,  0.0000 ,  0.0000 ,
  0.0000 ,  0.0000 ,  0.0000 ,  0.0000 ,  0.0000 ,  0.0000 ,
  0.0000 ,  0.0000 ,  0.0000 ,  0.0000 ,  0.0000 ,  0.0000 ,
  0.0000 ,  0.0000 ,  0.0000 ,  0.0000 ,  0.0000 ,  0.0000 ,
  0.0000 ,  0.0000 ,  0.0000 ,  0.0000 ,  0.0000 ,  0.0000 ,
  0.0000 ,  0.0000 ,  0.0000 ,  0.0000 ,  0.0000 ,  0.0000 ,
  0.0000 ,  0.0000 ,  0.0000 ,  0.0000 ,  0.0000 ,  0.0000 ,
  0.0000 ,  0.0000 ,  0.0000 ,  0.0000 ,  0.0000 ,  0.0000 ,
  0.0000 ,  0.0000 ,  0.0000 ,  0.0000 ,  0.0000 ,  0.0000 ,
  0.0000 ,  0.0000 ,  0.0000 ,  0.0000 ,  0.0000 ,  0.0000 ,
  0.0000 ,  0.0000 ,  0.0000 ,  0.0000 ,  0.0000 ,  0.0000 ,
  0.0000 ,  0.0000 ,  0.0000 ,  0.0000 ,  0.0000 ,  0.0000 ,
  0.0000 ,  0.0000 ,  0.0000 ,  0.0000 ,  0.0000 ,  0.0000 ,
  0.0000 ,  0.0000 ,  0.0000 ,  0.0000 ,  0.0000 ,  0.0000 ,
  0.0000 ,  0.0000 ,  0.0000 ,  0.0000 ,  0.0000 ,  0.0000 ,
  0.0000 ,  0.0000 ,  0.0000 ,  0.0000 ,  0.0000 ,  0.0000 ,
  0.0000 ,  0.0000 ,  0.0000 ,  0.0000 ,  0.0000 ,  0.0000 ,
  0.0000 ,  0.0000 ,  0.0000 ,  0.0000 ,  0.0000 ,  0.0000 ,
  0.0000 ,  0.0000 ,  0.0000 ,  0.0000 ,  0.0000 ,  0.0000 ,
  0.0000 ,  0.0000 ,  0.0000 ,  0.0000 ,  0.0000 ,  0.0000 ,
  0.0000 ,  0.0000 ,  0.0000 ,  0.0000 ,  0.0000 ,  0.0000 ,
  0.0000 ,  0.0000 ,  0.0000 ,  0.0000 ,  0.0000 ,  0.0000 ,
  0.0000 ,  0.0000 ,  0.0000 ,  0.0000 ,  0.0000 ,  0.0000 ,
  0.0000 ,  0.0000 ,  0.0000 ,  0.0000 ,  0.0000 ,  0.0000 ,
  0.0000 ,  0.0000 ,  0.0000 ,  0.0000 ,  0.0000 ,  0.0000 ,
  0.0000 ,  0.0000 ,  0.0000 ,  0.0000 ,  0.0000 ,  0.0000 ,
  0.0000 ,  0.0000 ,  0.0000 ,  0.0000 ,  0.0000 ,  0.0000 ,
  0.0000 ,  0.0000 ,  0.0000 ,  0.0000 ,  0.0000 ,  0.0000 ,
  0.0000 ,  0.0000 ,  0.0000 ,  0.0000 ,  0.0000 ,  0.0000 ,
  0.0000 ,  0.0000 ,  0.0000 ,  0.0000 ,  0.0000 ,  0.0000 ,
  0.0000 ,  0.0000 ,  0.0000 ,  0.0000 ,  0.0000 ,  0.0000 ,
  0.0000 ,  0.0000 ,  0.0000 ,  0.0000 ,  0.0000 ,  0.0000 ,
  0.0000 ,  0.0000 ,  0.0000 ,  0.0000 ,  0.0000 ,  0.0000 ,
  0.0000 ,  0.0000 ,  0.0000 ,  0.0000 ,  0.0000 ,  0.0000 ,
  0.0000 ,  0.0000 ,  0.0000 ,  0.0000 ,  0.0000 ,  0.0000 ,
  0.0000 ,  0.0000 ,  0.0000 ,  0.0000 ,  0.0000 ,  0.0000 ,
  0.0000 ,  0.0000 ,  0.0000 ,  0.0000 ,  0.0000 ,  0.0000 ,
  0.0000 ,  0.0000 ,  0.0000 ,  0.0000 ,  0.0000 ,  0.0000 ,
  0.0000 ,  0.0000 ,  0.0000 ,  0.0000 ,  0.0000 ,  0.0000 ,
  0.0000 ,  0.0000 ,  0.0000 ,  0.0000 ,  0.0000 ,  0.0000 ,
  0.0000 ,  0.0000 ,  0.0000 ,  0.0000 ,  0.0000 ,  0.0000 ,
  0.0000 ,  0.0000 ,  0.0000 ,  0.0000 ,  0.0000 ,  0.0000 ,
  0.0000 ,  0.0000 ,  0.0000 ,  0.0000 ,  0.0000 ,  0.0000 ,
  0.0000 ,  0.0000 ,  0.0000 ,  0.0000 ,  0.0000 ,  0.0000 ,
  0.0000 ,  0.0000 ,  0.0000 ,  0.0000 ,  0.0000 ,  0.0000 ,
  0.0000 ,  0.0000 ,  0.0000 ,  0.0000 ,  0.0000 ,  0.0000 ,
  0.0000 ,  0.0000 ,  0.0000 ,  0.0000 ,  0.0000 ,  0.0000 ,
  0.0000 ,  0.0000 ,  0.0000 ,  0.0000 ,  0.0000 ,  0.0000 ,
  0.0000 ,  0.0000 ,  0.0000 ,  0.0000 ,  0.0000 ,  0.0000 ,
  0.0000 ,  0.0000 ,  0.0000 ,  0.0000 ,  0.0000 ,  0.0000 ,
  0.0000 ,  0.0000 ,  0.0000 ,  0.0000 ,  0.0000 ,  0.0000 ,
  0.0000 ,  0.0000 ,  0.0000 ,  0.0000 ,  0.0000 ,  0.0000 ,
  0.0000 ,  0.0000 ,  0.0000 ,  0.0000 ,  0.0000 ,  0.0000 ,
  0.0000 ,  0.0000 ,  0.0000 ,  0.0000 ,  0.0000 ,  0.0000 ,
  0.0000 ,  0.0000 ,  0.0000 ,  0.0000 ,  0.0000 ,  0.0000 ,
  0.0000 ,  0.0000 ,  0.0000 ,  0.0000 ,  0.0000 ,  0.0000 ,
  0.0000 ,  0.0000 ,  0.0000 ,  0.0000 ,  0.0000 ,  0.0000 ,
  0.0000 ,  0.0000 ,  0.0000 ,  0.0000 ,  0.0000 ,  0.0000 ,
  0.0000 ,  0.0000 ,  0.0000 ,  0.0000 ,  0.0000 ,  0.0000 ,
  0.0000 ,  0.0000 ,  0.0000 ,  0.0000 ,  0.0000 ,  0.0000 ,
  0.0000 ,  0.0000 ,  0.0000 ,  0.0000 ,  0.0000 ,  0.0000 ,
  0.0000 ,  0.0000 ,  0.0000 ,  0.0000 ,  0.0000 ,  0.0000 ,
  0.0000 ,  0.0000 ,  0.0000 ,  0.0000 ,  0.0000 ,  0.0000 ,
  0.0000 ,  0.0000 ,  0.0000 ,  0.0000 ,  0.0000 ,  0.0000 ,
  0.0000 ,  0.0000 ,  0.0000 ,  0.0000 ,  0.0000 ,  0.0000 ,
  0.0000 ,  0.0000 ,  0.0000 ,  0.0000 ,  0.0000 ,  0.0000 ,
  0.0000 ,  0.0000 ,  0.0000 ,  0.0000 ,  0.0000 ,  0.0000 ,
  0.0000 ,  0.0000 ,  0.0000 ,  0.0000 ,  0.0000 ,  0.0000 ,
  0.0000 ,  0.0000 ,  0.0000 ,  0.0000 ,  0.0000 ,  0.0000 ,
  0.0000 ,  0.0000 ,  0.0000 ,  0.0000 ,  0.0000 ,  0.0000 ,
  0.0000 ,  0.0000 ,  0.0000 ,  0.0000 ,  0.0000 ,  0.0000 ,
  0.0000 ,  0.0000 ,  0.0000 ,  0.0000 ,  0.0000 ,  0.0000 ,
  0.0000 ,  0.0000 ,  0.0000 ,  0.0000 ,  0.0000 ,  0.0000 ,
  0.0000 ,  0.0000 ,  0.0000 ,  0.0000 ,  0.0000 ,  0.0000 ,
  0.0000 ,  0.0000 ,  0.0000 ,  0.0000 ,  0.0000 ,  0.0000 ,
  0.0000 ,  0.0000 ,  0.0000 ,  0.0000 ,  0.0000 ,  0.0000 ,
  0.0000 ,  0.0000 ,  0.0000 ,  0.0000 ,  0.0000 ,  0.0000 ,
  0.0000 ,  0.0000 ,  0.0000 ,  0.0000 ,  0.0000 ,  0.0000 ,
  0.0000 ,  0.0000 ,  0.0000 ,  0.0000 ,  0.0000 ,  0.0000 ,
  0.0000 ,  0.0000 ,  0.0000 ,  0.0000 ,  0.0000 ,  0.0000 ,
  0.0000 ,  0.0000 ,  0.0000 ,  0.0000 ,  0.0000 ,  0.0000 ,
  0.0000 ,  0.0000 ,  0.0000 ,  0.0000 ,  0.0000 ,  0.0000 ,
  0.0000 ,  0.0000 ,  0.0000 ,  0.0000 ,  0.0000 ,  0.0000 ,
  0.0000 ,  0.0000 ,  0.0000 ,  0.0000 ,  0.0000 ,  0.0000 ,
  0.0000 ,  0.0000 ,  0.0000 ,  0.0000 ,  0.0000 ,  0.0000 ,
  0.0000 ,  0.0000 ,  0.0000 ,  0.0000 ,  0.0000 ,  0.0000 ,
  0.0000 ,  0.0000 ,  0.0000 ,  0.0000 ,  0.0000 ,  0.0000 ,
  0.0000 ,  0.0000 ,  0.0000 ,  0.0000 ,  0.0000 ,  0.0000 ,
  0.0000 ,  0.0000 ,  0.0000 ,  0.0000 ,  0.0000 ,  0.0000 ,
  0.0000 ,  0.0000 ,  0.0000 ,  0.0000 ,  0.0000 ,  0.0000 ,
  0.0000 ,  0.0000 ,  0.0000 ,  0.0000 ,  0.0000 ,  0.0000 ,
  0.0000 ,  0.0000 ,  0.0000 ,  0.0000 ,  0.0000 ,  0.0000 ,
  0.0000 ,  0.0000 ,  0.0000 ,  0.0000 ,  0.0000 ,  0.0000 ,
  0.0000 ,  0.0000 ,  0.0000 ,  0.0000 ,  0.0000 ,  0.0000 ,
  0.0000 ,  0.0000 ,  0.0000 ,  0.0000 ,  0.0000 ,  0.0000 ,
  0.0000 ,  0.0000 ,  0.0000 ,  0.0000 ,  0.0000 ,  0.0000 ,
  0.0000 ,  0.0000 ,  0.0000 ,  0.0000 ,  0.0000 ,  0.0000 ,
  0.0000 ,  0.0000 ,  0.0000 ,  0.0000 ,  0.0000 ,  0.0000 ,
  0.0000 ,  0.0000 ,  0.0000 ,  0.0000 ,  0.0000 ,  0.0000 ,
  0.0000 ,  0.0000 ,  0.0000 ,  0.0000 ,  0.0000 ,  0.0000 ,
  0.0000 ,  0.0000 ,  0.0000 ,  0.0000 ,  0.0000 ,  0.0000 ,
  0.0000 ,  0.0000 ,  0.0000 ,  0.0000 ,  0.0000 ,  0.0000 ,
  0.0000 ,  0.0000 ,  0.0000 ,  0.0000 ,  0.0000 ,  0.0000 ,
  0.0000 ,  0.0000 ,  0.0000 ,  0.0000 ,  0.0000 ,  0.0000 ,
  0.0000 ,  0.0000 ,  0.0000 ,  0.0000 ,  0.0000 ,  0.0000 ,
  0.0000 ,  0.0000 ,  0.0000 ,  0.0000 ,  0.0000 ,  0.0000 ,
  0.0000 ,  0.0000 ,  0.0000 ,  0.0000 ,  0.0000 ,  0.0000 ,
  0.0000 ,  0.0000 ,  0.0000 ,  0.0000 ,  0.0000 ,  0.0000 ,
  0.0000 ,  0.0000 ,  0.0000 ,  0.0000 ,  0.0000 ,  0.0000 ,
  0.0000 ,  0.0000 ,  0.0000 ,  0.0000 ,  0.0000 ,  0.0000 ,
  0.0000 ,  0.0000 ,  0.0000 ,  0.0000 ,  0.0000 ,  0.0000 ,
  0.0000 ,  0.0000 ,  0.0000 ,  0.0000 ,  0.0000 ,  0.0000 ,
  0.0000 ,  0.0000 ,  0.0000 ,  0.0000 ,  0.0000 ,  0.0000 ,
  0.0000 ,  0.0000 ,  0.0000 ,  0.0000 ,  0.0000 ,  0.0000 ,
  0.0000 ,  0.0000 ,  0.0000 ,  0.0000 ,  0.0000 ,  0.0000 ,
  0.0000 ,  0.0000 ,  0.0000 ,  0.0000 ,  0.0000 ,  0.0000 ,
  0.0000 ,  0.0000 ,  0.0000 ,  0.0000 ,  0.0000 ,  0.0000 ,
  0.0000 ,  0.0000 ,  0.0000 ,  0.0000 ,  0.0000 ,  0.0000 ,
  0.0000 ,  0.0000 ,  0.0000 ,  0.0000 ,  0.0000 ,  0.0000 ,
  0.0000 ,  0.0000 ,  0.0000 ,  0.0000 ,  0.0000 ,  0.0000 ,
  0.0000 ,  0.0000 ,  0.0000 ,  0.0000 ,  0.0000 ,  0.0000 ,
  0.0000 ,  0.0000 ,  0.0000 ,  0.0000 ,  0.0000 ,  0.0000 ,
  0.0000 ,  0.0000 ,  0.0000 ,  0.0000 ,  0.0000 ,  0.0000 ,
  0.0000 ,  0.0000 ,  0.0000 ,  0.0000 ,  0.0000 ,  0.0000 ,
  0.0000 ,  0.0000 ,  0.0000 ,  0.0000 ,  0.0000 ,  0.0000 ,
  0.0000 ,  0.0000 ,  0.0000 ,  0.0000 ,  0.0000 ,  0.0000 ,
  0.0000 ,  0.0000 ,  0.0000 ,  0.0000 ,  0.0000 ,  0.0000 ,
  0.0000 ,  0.0000 ,  0.0000 ,  0.0000 ,  0.0000 ,  0.0000 ,
  0.0000 ,  0.0000 ,  0.0000 ,  0.0000 ,  0.0000 ,  0.0000 ,
  0.0000 ,  0.0000 ,  0.0000 ,  0.0000 ,  0.0000 ,  0.0000 ,
  0.0000 ,  0.0000 ,  0.0000 ,  0.0000 ,  0.0000 ,  0.0000 ,
  0.0000 ,  0.0000 ,  0.0000 ,  0.0000 ,  0.0000 ,  0.0000 ,
  0.0000 ,  0.0000 ,  0.0000 ,  0.0000 ,  0.0000 ,  0.0000 ,
  0.0000 ,  0.0000 ,  0.0000 ,  0.0000 ,  0.0000 ,  0.0000 ,
  0.0000 ,  0.0000 ,  0.0000 ,  0.0000 ,  0.0000 ,  0.0000 ,
  0.0000 ,  0.0000 ,  0.0000 ,  0.0000 ,  0.0000 ,  0.0000 ,
  0.0000 ,  0.0000 ,  0.0000 ,  0.0000 ,  0.0000 ,  0.0000 ,
  0.0000 ,  0.0000 ,  0.0000 ,  0.0000 ,  0.0000 ,  0.0000 ,
  0.0000 ,  0.0000 ,  0.0000 ,  0.0000 ,  0.0000 ,  0.0000 ,
  0.0000 ,  0.0000 ,  0.0000 ,  0.0000 ,  0.0000 ,  0.0000 ,
  0.0000 ,  0.0000 ,  0.0000 ,  0.0000 ,  0.0000 ,  0.0000 ,
  0.0000 ,  0.0000 ,  0.0000 ,  0.0000 ,  0.0000 ,  0.0000 ,
  0.0000 ,  0.0000 ,  0.0000 ,  0.0000 ,  0.0000 ,  0.0000 ,
  0.0000 ,  0.0000 ,  0.0000 ,  0.0000 ,  0.0000 ,  0.0000 ,
  0.0000 ,  0.0000 ,  0.0000 ,  0.0000 ,  0.0000 ,  0.0000 ,
  0.0000 ,  0.0000 ,  0.0000 ,  0.0000 ,  0.0000 ,  0.0000 ,
  0.0000 ,  0.0000 ,  0.0000 ,  0.0000 ,  0.0000 ,  0.0000 ,
  0.0000 ,  0.0000 ,  0.0000 ,  0.0000 ,  0.0000 ,  0.0000 ,
  0.0000 ,  0.0000 ,  0.0000 ,  0.0000 ,  0.0000 ,  0.0000 ,
  0.0000 ,  0.0000 ,  0.0000 ,  0.0000 ,  0.0000 ,  0.0000 ,
  0.0000 ,  0.0000 ,  0.0000 ,  0.0000 ,  0.0000 ,  0.0000 ,
  0.0000 ,  0.0000 ,  0.0000 ,  0.0000 ,  0.0000 ,  0.0000 ,
  0.0000 ,  0.0000 ,  0.0000 ,  0.0000 ,  0.0000 ,  0.0000 ,
  0.0000 ,  0.0000 ,  0.0000 ,  0.0000 ,  0.0000 ,  0.0000 ,
  0.0000 ,  0.0000 ,  0.0000 ,  0.0000 ,  0.0000 ,  0.0000 ,
  0.0000 ,  0.0000 ,  0.0000 ,  0.0000 ,  0.0000 ,  0.0000 ,
  0.0000 ,  0.0000 ,  0.0000 ,  0.0000 ,  0.0000 ,  0.0000 ,
  0.0000 ,  0.0000 ,  0.0000 ,  0.0000 ,  0.0000 ,  0.0000 ,
  0.0000 ,  0.0000 ,  0.0000 ,  0.0000 ,  0.0000 ,  0.0000 ,
  0.0000 ,  0.0000 ,  0.0000 ,  0.0000 ,  0.0000 ,  0.0000 ,
  0.0000 ,  0.0000 ,  0.0000 ,  0.0000 ,  0.0000 ,  0.0000 ,
  0.0000 ,  0.0000 ,  0.0000 ,  0.0000 ,  0.0000 ,  0.0000 ,
  0.0000 ,  0.0000 ,  0.0000 ,  0.0000 ,  0.0000 ,  0.0000 ,
  0.0000 ,  0.0000 ,  0.0000 ,  0.0000 ,  0.0000 ,  0.0000 ,
  0.0000 ,  0.0000 ,  0.0000 ,  0.0000 ,  0.0000 ,  0.0000 ,
  0.0000 ,  0.0000 ,  0.0000 ,  0.0000 ,  0.0000 ,  0.0000 ,
  0.0000 ,  0.0000 ,  0.0000 ,  0.0000 ,  0.0000 ,  0.0000 ,
  0.0000 ,  0.0000 ,  0.0000 ,  0.0000 ,  0.0000 ,  0.0000 ,
  0.0000 ,  0.0000 ,  0.0000 ,  0.0000 ,  0.0000 ,  0.0000 ,
  0.0000 ,  0.0000 ,  0.0000 ,  0.0000 ,  0.0000 ,  0.0000 ,
  0.0000 ,  0.0000 ,  0.0000 ,  0.0000 ,  0.0000 ,  0.0000 ,
  0.0000 ,  0.0000 ,  0.0000 ,  0.0000 ,  0.0000 ,  0.0000 ,
  0.0000 ,  0.0000 ,  0.0000 ,  0.0000 ,  0.0000 ,  0.0000 ,
  0.0000 ,  0.0000 ,  0.0000 ,  0.0000 ,  0.0000 ,  0.0000 ,
  0.0000 ,  0.0000 ,  0.0000 ,  0.0000 ,  0.0000 ,  0.0000 ,
  0.0000 ,  0.0000 ,  0.0000 ,  0.0000 ,  0.0000 ,  0.0000 ,
  0.0000 ,  0.0000 ,  0.0000 ,  0.0000 ,  0.0000 ,  0.0000 ,
  0.0000 ,  0.0000 ,  0.0000 ,  0.0000 ,  0.0000 ,  0.0000 ,
  0.0000 ,  0.0000 ,  0.0000 ,  0.0000 ,  0.0000 ,  0.0000 ,
  0.0000 ,  0.0000 ,  0.0000 ,  0.0000 ,  0.0000 ,  0.0000 ,
  0.0000 ,  0.0000 ,  0.0000 ,  0.0000 ,  0.0000 ,  0.0000 ,
  0.0000 ,  0.0000 ,  0.0000 ,  0.0000 ,  0.0000 ,  0.0000 ,
  0.0000 ,  0.0000 ,  0.0000 ,  0.0000 ,  0.0000 ,  0.0000 ,
  0.0000 ,  0.0000 ,  0.0000 ,  0.0000 ,  0.0000 ,  0.0000 ,
  0.0000 ,  0.0000 ,  0.0000 ,  0.0000 ,  0.0000 ,  0.0000 ,
  0.0000 ,  0.0000 ,  0.0000 ,  0.0000 ,  0.0000 ,  0.0000 ,
  0.0000 ,  0.0000 ,  0.0000 ,  0.0000 ,  0.0000 ,  0.0000 ,
  0.0000 ,  0.0000 ,  0.0000 ,  0.0000 ,  0.0000 ,  0.0000 ,
  0.0000 ,  0.0000 ,  0.0000 ,  0.0000 ,  0.0000 ,  0.0000 ,
  0.0000 ,  0.0000 ,  0.0000 ,  0.0000 ,  0.0000 ,  0.0000 ,
  0.0000 ,  0.0000 ,  0.0000 ,  0.0000 ,  0.0000 ,  0.0000 ,
  0.0000 ,  0.0000 ,  0.0000 ,  0.0000 ,  0.0000 ,  0.0000 ,
  0.0000 ,  0.0000 ,  0.0000 ,  0.0000 ,  0.0000 ,  0.0000 ,
  0.0000 ,  0.0000 ,  0.0000 ,  0.0000 ,  0.0000 ,  0.0000 ,
  0.0000 ,  0.0000 ,  0.0000 ,  0.0000 ,  0.0000 ,  0.0000 ,
  0.0000 ,  0.0000 ,  0.0000 ,  0.0000 ,  0.0000 ,  0.0000 ,
  0.0000 ,  0.0000 ,  0.0000 ,  0.0000 ,  0.0000 ,  0.0000 ,
  0.0000 ,  0.0000 ,  0.0000 ,  0.0000 ,  0.0000 ,  0.0000 ,
  0.0000 ,  0.0000 ,  0.0000 ,  0.0000 ,  0.0000 ,  0.0000 ,
  0.0000 ,  0.0000 ,  0.0000 ,  0.0000 ,  0.0000 ,  0.0000 ,
  0.0000 ,  0.0000 ,  0.0000 ,  0.0000 ,  0.0000 ,  0.0000 ,
  0.0000 ,  0.0000 ,  0.0000 ,  0.0000 ,  0.0000 ,  0.0000 ,
  0.0000 ,  0.0000 ,  0.0000 ,  0.0000 ,  0.0000 ,  0.0000 ,
  0.0000 ,  0.0000 ,  0.0000 ,  0.0000 ,  0.0000 ,  0.0000 ,
  0.0000 ,  0.0000 ,  0.0000 ,  0.0000 ,  0.0000 ,  0.0000 ,
  0.0000 ,  0.0000 ,  0.0000 ,  0.0000 ,  0.0000 ,  0.0000 ,
  0.0000 ,  0.0000 ,  0.0000 ,  0.0000 ,  0.0000 ,  0.0000 ,
  0.0000 ,  0.0000 ,  0.0000 ,  0.0000 ,  0.0000 ,  0.0000 ,
  0.0000 ,  0.0000 ,  0.0000 ,  0.0000 ,  0.0000 ,  0.0000 ,
  0.0000 ,  0.0000 ,  0.0000 ,  0.0000 ,  0.0000 ,  0.0000 ,
  0.0000 ,  0.0000 ,  0.0000 ,  0.0000 ,  0.0000 ,  0.0000 ,
  0.0000 ,  0.0000 ,  0.0000 ,  0.0000 ,  0.0000 ,  0.0000 ,
  0.0000 ,  0.0000 ,  0.0000 ,  0.0000 ,  0.0000 ,  0.0000 ,
  0.0000 ,  0.0000 ,  0.0000 ,  0.0000 ,  0.0000 ,  0.0000 ,
  0.0000 ,  0.0000 ,  0.0000 ,  0.0000 ,  0.0000 ,  0.0000 ,
  0.0000 ,  0.0000 ,  0.0000 ,  0.0000 ,  0.0000 ,  0.0000 ,
  0.0000 ,  0.0000 ,  0.0000 ,  0.0000 ,  0.0000 ,  0.0000 ,
  0.0000 ,  0.0000 ,  0.0000 ,  0.0000 ,  0.0000 ,  0.0000 ,
  0.0000 ,  0.0000 ,  0.0000 ,  0.0000 ,  0.0000 ,  0.0000 ,
  0.0000 ,  0.0000 ,  0.0000 ,  0.0000 ,  0.0000 ,  0.0000 ,
  0.0000 ,  0.0000 ,  0.0000 ,  0.0000 ,  0.0000 ,  0.0000 ,
  0.0000 ,  0.0000 ,  0.0000 ,  0.0000 ,  0.0000 ,  0.0000 ,
  0.0000 ,  0.0000 ,  0.0000 ,  0.0000 ,  0.0000 ,  0.0000 ,
  0.0000 ,  0.0000 ,  0.0000 ,  0.0000 ,  0.0000 ,  0.0000 ,
  0.0000 ,  0.0000 ,  0.0000 ,  0.0000 ,  0.0000 ,  0.0000 ,
  0.0000 ,  0.0000 ,  0.0000 ,  0.0000 ,  0.0000 ,  0.0000 ,
  0.0000 ,  0.0000 ,  0.0000 ,  0.0000 ,  0.0000 ,  0.0000 ,
  0.0000 ,  0.0000 ,  0.0000 ,  0.0000 ,  0.0000 ,  0.0000 ,
  0.0000 ,  0.0000 ,  0.0000 ,  0.0000 ,  0.0000 ,  0.0000 ,
  0.0000 ,  0.0000 ,  0.0000 ,  0.0000 ,  0.0000 ,  0.0000 ,
  0.0000 ,  0.0000 ,  0.0000 ,  0.0000 ,  0.0000 ,  0.0000 ,
  0.0000 ,  0.0000 ,  0.0000 ,  0.0000 ,  0.0000 ,  0.0000 ,
  0.0000 ,  0.0000 ,  0.0000 ,  0.0000 ,  0.0000 ,  0.0000 ,
  0.0000 ,  0.0000 ,  0.0000 ,  0.0000 ,  0.0000 ,  0.0000 ,
  0.0000 ,  0.0000 ,  0.0000 ,  0.0000 ,  0.0000 ,  0.0000 ,
  0.0000 ,  0.0000 ,  0.0000 ,  0.0000 ,  0.0000 ,  0.0000 ,
  0.0000 ,  0.0000 ,  0.0000 ,  0.0000 ,  0.0000 ,  0.0000 ,
  0.0000 ,  0.0000 ,  0.0000 ,  0.0000 ,  0.0000 ,  0.0000 ,
  0.0000 ,  0.0000 ,  0.0000 ,  0.0000 ,  0.0000 ,  0.0000 ,
  0.0000 ,  0.0000 ,  0.0000 ,  0.0000 ,  0.0000 ,  0.0000 ,
  0.0000 ,  0.0000 ,  0.0000 ,  0.0000 ,  0.0000 ,  0.0000 ,
  0.0000 ,  0.0000 ,  0.0000 ,  0.0000 ,  0.0000 ,  0.0000 ,
  0.0000 ,  0.0000 ,  0.0000 ,  0.0000 ,  0.0000 ,  0.0000 ,
  0.0000 ,  0.0000 ,  0.0000 ,  0.0000 ,  0.0000 ,  0.0000 ,
  0.0000 ,  0.0000 ,  0.0000 ,  0.0000 ,  0.0000 ,  0.0000 ,
  0.0000 ,  0.0000 ,  0.0000 ,  0.0000 ,  0.0000 ,  0.0000 ,
  0.0000 ,  0.0000 ,  0.0000 ,  0.0000 ,  0.0000 ,  0.0000 ,
  0.0000 ,  0.0000 ,  0.0000 ,  0.0000 ,  0.0000 ,  0.0000 ,
  0.0000 ,  0.0000 ,  0.0000 ,  0.0000 ,  0.0000 ,  0.0000 ,
  0.0000 ,  0.0000 ,  0.0000 ,  0.0000 ,  0.0000 ,  0.0000 ,
  0.0000 ,  0.0000 ,  0.0000 ,  0.0000 ,  0.0000 ,  0.0000 ,
  0.0000 ,  0.0000 ,  0.0000 ,  0.0000 ,  0.0000 ,  0.0000 ,
  0.0000 ,  0.0000 ,  0.0000 ,  0.0000 ,  0.0000 ,  0.0000 ,
  0.0000 ,  0.0000 ,  0.0000 ,  0.0000 ,  0.0000 ,  0.0000 ,
  0.0000 ,  0.0000 ,  0.0000 ,  0.0000 ,  0.0000 ,  0.0000 ,
  0.0000 ,  0.0000 ,  0.0000 ,  0.0000 ,  0.0000 ,  0.0000 ,
  0.0000 ,  0.0000 ,  0.0000 ,  0.0000 ,  0.0000 ,  0.0000 ,
  0.0000 ,  0.0000 ,  0.0000 ,  0.0000 ,  0.0000 ,  0.0000 ,
  0.0000 ,  0.0000 ,  0.0000 ,  0.0000 ,  0.0000 ,  0.0000 ,
  0.0000 ,  0.0000 ,  0.0000 ,  0.0000 ,  0.0000 ,  0.0000 ,
  0.0000 ,  0.0000 ,  0.0000 ,  0.0000 ,  0.0000 ,  0.0000 ,
  0.0000 ,  0.0000 ,  0.0000 ,  0.0000 ,  0.0000 ,  0.0000 ,
  0.0000 ,  0.0000 ,  0.0000 ,  0.0000 ,  0.0000 ,  0.0000 ,
  0.0000 ,  0.0000 ,  0.0000 ,  0.0000 ,  0.0000 ,  0.0000 ,
  0.0000 ,  0.0000 ,  0.0000 ,  0.0000 ,  0.0000 ,  0.0000 ,
  0.0000 ,  0.0000 ,  0.0000 ,  0.0000 ,  0.0000 ,  0.0000 ,
  0.0000 ,  0.0000 ,  0.0000 ,  0.0000 ,  0.0000 ,  0.0000 ,
  0.0000 ,  0.0000 ,  0.0000 ,  0.0000 ,  0.0000 ,  0.0000 ,
  0.0000 ,  0.0000 ,  0.0000 ,  0.0000 ,  0.0000 ,  0.0000 ,
  0.0000 ,  0.0000 ,  0.0000 ,  0.0000 ,  0.0000 ,  0.0000 ,
  0.0000 ,  0.0000 ,  0.0000 ,  0.0000 ,  0.0000 ,  0.0000 ,
  0.0000 ,  0.0000 ,  0.0000 ,  0.0000 ,  0.0000 ,  0.0000 ,
  0.0000 ,  0.0000 ,  0.0000 ,  0.0000 ,  0.0000 ,  0.0000 ,
  0.0000 ,  0.0000 ,  0.0000 ,  0.0000 ,  0.0000 ,  0.0000 ,
  0.0000 ,  0.0000 ,  0.0000 ,  0.0000 ,  0.0000 ,  0.0000 ,
  0.0000 ,  0.0000 ,  0.0000 ,  0.0000 ,  0.0000 ,  0.0000 ,
  0.0000 ,  0.0000 ,  0.0000 ,  0.0000 ,  0.0000 ,  0.0000 ,
  0.0000 ,  0.0000 ,  0.0000 ,  0.0000 ,  0.0000 ,  0.0000 ,
  0.0000 ,  0.0000 ,  0.0000 ,  0.0000 ,  0.0000 ,  0.0000 ,
  0.0000 ,  0.0000 ,  0.0000 ,  0.0000 ,  0.0000 ,  0.0000 ,
  0.0000 ,  0.0000 ,  0.0000 ,  0.0000 ,  0.0000 ,  0.0000 ,
  0.0000 ,  0.0000 ,  0.0000 ,  0.0000 ,  0.0000 ,  0.0000 ,
  0.0000 ,  0.0000 ,  0.0000 ,  0.0000 ,  0.0000 ,  0.0000 ,
  0.0000 ,  0.0000 ,  0.0000 ,  0.0000 ,  0.0000 ,  0.0000 ,
  0.0000 ,  0.0000 ,  0.0000 ,  0.0000 ,  0.0000 ,  0.0000 ,
  0.0000 ,  0.0000 ,  0.0000 ,  0.0000 ,  0.0000 ,  0.0000 ,
  0.0000 ,  0.0000 ,  0.0000 ,  0.0000 ,  0.0000 ,  0.0000 ,
  0.0000 ,  0.0000 ,  0.0000 ,  0.0000 ,  0.0000 ,  0.0000 ,
  0.0000 ,  0.0000 ,  0.0000 ,  0.0000 ,  0.0000 ,  0.0000 ,
  0.0000 ,  0.0000 ,  0.0000 ,  0.0000 ,  0.0000 ,  0.0000 ,
  0.0000 ,  0.0000 ,  0.0000 ,  0.0000 ,  0.0000 ,  0.0000 ,
  0.0000 ,  0.0000 ,  0.0000 ,  0.0000 ,  0.0000 ,  0.0000 ,
  0.0000 ,  0.0000 ,  0.0000 ,  0.0000 ,  0.0000 ,  0.0000 ,
  0.0000 ,  0.0000 ,  0.0000 ,  0.0000 ,  0.0000 ,  0.0000 ,
  0.0000 ,  0.0000 ,  0.0000 ,  0.0000 ,  0.0000 ,  0.0000 ,
  0.0000 ,  0.0000 ,  0.0000 ,  0.0000 ,  0.0000 ,  0.0000 ,
  0.0000 ,  0.0000 ,  0.0000 ,  0.0000 ,  0.0000 ,  0.0000 ,
  0.0000 ,  0.0000 ,  0.0000 ,  0.0000 ,  0.0000 ,  0.0000 ,
  0.0000 ,  0.0000 ,  0.0000 ,  0.0000 ,  0.0000 ,  0.0000 ,
  0.0000 ,  0.0000 ,  0.0000 ,  0.0000 ,  0.0000 ,  0.0000 ,
  0.0000 ,  0.0000 ,  0.0000 ,  0.0000 ,  0.0000 ,  0.0000 ,
  0.0000 ,  0.0000 ,  0.0000 ,  0.0000 ,  0.0000 ,  0.0000 ,
  0.0000 ,  0.0000 ,  0.0000 ,  0.0000 ,  0.0000 ,  0.0000 ,
  0.0000 ,  0.0000 ,  0.0000 ,  0.0000 ,  0.0000 ,  0.0000 ,
  0.0000 ,  0.0000 ,  0.0000 ,  0.0000 ,  0.0000 ,  0.0000 ,
  0.0000 ,  0.0000 ,  0.0000 ,  0.0000 ,  0.0000 ,  0.0000 ,
  0.0000 ,  0.0000 ,  0.0000 ,  0.0000 ,  0.0000 ,  0.0000 ,
  0.0000 ,  0.0000 ,  0.0000 ,  0.0000 ,  0.0000 ,  0.0000 ,
  0.0000 ,  0.0000 ,  0.0000 ,  0.0000 ,  0.0000 ,  0.0000 ,
  0.0000 ,  0.0000 ,  0.0000 ,  0.0000 ,  0.0000 ,  0.0000 ,
  0.0000 ,  0.0000 ,  0.0000 ,  0.0000 ,  0.0000 ,  0.0000 ,
  0.0000 ,  0.0000 ,  0.0000 ,  0.0000 ,  0.0000 ,  0.0000 ,
  0.0000 ,  0.0000 ,  0.0000 ,  0.0000 ,  0.0000 ,  0.0000 ,
  0.0000 ,  0.0000 ,  0.0000 ,  0.0000 ,  0.0000 ,  0.0000 ,
  0.0000 ,  0.0000 ,  0.0000 ,  0.0000 ,  0.0000 ,  0.0000 ,
  0.0000 ,  0.0000 ,  0.0000 ,  0.0000 ,  0.0000 ,  0.0000 ,
  0.0000 ,  0.0000 ,  0.0000 ,  0.0000 ,  0.0000 ,  0.0000 ,
  0.0000 ,  0.0000 ,  0.0000 ,  0.0000 ,  0.0000 ,  0.0000 ,
  0.0000 ,  0.0000 ,  0.0000 ,  0.0000 ,  0.0000 ,  0.0000 ,
  0.0000 ,  0.0000 ,  0.0000 ,  0.0000 ,  0.0000 ,  0.0000 ,
  0.0000 ,  0.0000 ,  0.0000 ,  0.0000 ,  0.0000 ,  0.0000 ,
  0.0000 ,  0.0000 ,  0.0000 ,  0.0000 ,  0.0000 ,  0.0000 ,
  0.0000 ,  0.0000 ,  0.0000 ,  0.0000 ,  0.0000 ,  0.0000 ,
  0.0000 ,  0.0000 ,  0.0000 ,  0.0000 ,  0.0000 ,  0.0000 ,
  0.0000 ,  0.0000 ,  0.0000 ,  0.0000 ,  0.0000 ,  0.0000 ,
  0.0000 ,  0.0000 ,  0.0000 ,  0.0000 ,  0.0000 ,  0.0000 ,
  0.0000 ,  0.0000 ,  0.0000 ,  0.0000 ,  0.0000 ,  0.0000 ,
  0.0000 ,  0.0000 ,  0.0000 ,  0.0000 ,  0.0000 ,  0.0000 ,
  0.0000 ,  0.0000 ,  0.0000 ,  0.0000 ,  0.0000 ,  0.0000 ,
  0.0000 ,  0.0000 ,  0.0000 ,  0.0000 ,  0.0000 ,  0.0000 ,
  0.0000 ,  0.0000 ,  0.0000 ,  0.0000 ,  0.0000 ,  0.0000 ,
  0.0000 ,  0.0000 ,  0.0000 ,  0.0000 ,  0.0000 ,  0.0000 ,
  0.0000 ,  0.0000 ,  0.0000 ,  0.0000 ,  0.0000 ,  0.0000 ,
  0.0000 ,  0.0000 ,  0.0000 ,  0.0000 ,  0.0000 ,  0.0000 ,
  0.0000 ,  0.0000 ,  0.0000 ,  0.0000 ,  0.0000 ,  0.0000 ,
  0.0000 ,  0.0000 ,  0.0000 ,  0.0000 ,  0.0000 ,  0.0000 ,
  0.0000 ,  0.0000 ,  0.0000 ,  0.0000 ,  0.0000 ,  0.0000 ,
  0.0000 ,  0.0000 ,  0.0000 ,  0.0000 ,  0.0000 ,  0.0000 ,
  0.0000 ,  0.0000 ,  0.0000 ,  0.0000 ,  0.0000 ,  0.0000 ,
  0.0000 ,  0.0000 ,  0.0000 ,  0.0000 ,  0.0000 ,  0.0000 ,
  0.0000 ,  0.0000 ,  0.0000 ,  0.0000 ,  0.0000 ,  0.0000 ,
  0.0000 ,  0.0000 ,  0.0000 ,  0.0000 ,  0.0000 ,  0.0000 ,
  0.0000 ,  0.0000 ,  0.0000 ,  0.0000 ,  0.0000 ,  0.0000 ,
  0.0000 ,  0.0000 ,  0.0000 ,  0.0000 ,  0.0000 ,  0.0000 ,
  0.0000 ,  0.0000 ,  0.0000 ,  0.0000 ,  0.0000 ,  0.0000 ,
  0.0000 ,  0.0000 ,  0.0000 ,  0.0000 ,  0.0000 ,  0.0000 ,
  0.0000 ,  0.0000 ,  0.0000 ,  0.0000 ,  0.0000 ,  0.0000 ,
  0.0000 ,  0.0000 ,  0.0000 ,  0.0000 ,  0.0000 ,  0.0000 ,
  0.0000 ,  0.0000 ,  0.0000 ,  0.0000 ,  0.0000 ,  0.0000 ,
  0.0000 ,  0.0000 ,  0.0000 ,  0.0000 ,  0.0000 ,  0.0000 ,
  0.0000 ,  0.0000 ,  0.0000 ,  0.0000 ,  0.0000 ,  0.0000 ,
  0.0000 ,  0.0000 ,  0.0000 ,  0.0000 ,  0.0000 ,  0.0000 ,
  0.0000 ,  0.0000 ,  0.0000 ,  0.0000 ,  0.0000 ,  0.0000 ,
  0.0000 ,  0.0000 ,  0.0000 ,  0.0000 ,  0.0000 ,  0.0000 ,
  0.0000 ,  0.0000 ,  0.0000 ,  0.0000 ,  0.0000 ,  0.0000 ,
  0.0000 ,  0.0000 ,  0.0000 ,  0.0000 ,  0.0000 ,  0.0000 ,
  0.0000 ,  0.0000 ,  0.0000 ,  0.0000 ,  0.0000 ,  0.0000 ,
  0.0000 ,  0.0000 ,  0.0000 ,  0.0000 ,  0.0000 ,  0.0000 ,
  0.0000 ,  0.0000 ,  0.0000 ,  0.0000 ,  0.0000 ,  0.0000 ,
  0.0000 ,  0.0000 ,  0.0000 ,  0.0000 ,  0.0000 ,  0.0000 ,
  0.0000 ,  0.0000 ,  0.0000 ,  0.0000 ,  0.0000 ,  0.0000 ,
  0.0000 ,  0.0000 ,  0.0000 ,  0.0000 ,  0.0000 ,  0.0000 ,
  0.0000 ,  0.0000 ,  0.0000 ,  0.0000 ,  0.0000 ,  0.0000 ,
  0.0000 ,  0.0000 ,  0.0000 ,  0.0000 ,  0.0000 ,  0.0000 ,
  0.0000 ,  0.0000 ,  0.0000 ,  0.0000 ,  0.0000 ,  0.0000 ,
  0.0000 ,  0.0000 ,  0.0000 ,  0.0000 ,  0.0000 ,  0.0000 ,
  0.0000 ,  0.0000 ,  0.0000 ,  0.0000 ,  0.0000 ,  0.0000 ,
  0.0000 ,  0.0000 ,  0.0000 ,  0.0000 ,  0.0000 ,  0.0000 ,
  0.0000 ,  0.0000 ,  0.0000 ,  0.0000 ,  0.0000 ,  0.0000 ,
  0.0000 ,  0.0000 ,  0.0000 ,  0.0000 ,  0.0000 ,  0.0000 ,
  0.0000 ,  0.0000 ,  0.0000 ,  0.0000 ,  0.0000 ,  0.0000 ,
  0.0000 ,  0.0000 ,  0.0000 ,  0.0000 ,  0.0000 ,  0.0000 ,
  0.0000 ,  0.0000 ,  0.0000 ,  0.0000 ,  0.0000 ,  0.0000 ,
  0.0000 ,  0.0000 ,  0.0000 ,  0.0000 ,  0.0000 ,  0.0000 ,
  0.0000 ,  0.0000 ,  0.0000 ,  0.0000 ,  0.0000 ,  0.0000 ,
  0.0000 ,  0.0000 ,  0.0000 ,  0.0000 ,  0.0000 ,  0.0000 ,
  0.0000 ,  0.0000 ,  0.0000 ,  0.0000 ,  0.0000 ,  0.0000 ,
  0.0000 ,  0.0000 ,  0.0000 ,  0.0000 ,  0.0000 ,  0.0000 ,
  0.0000 ,  0.0000 ,  0.0000 ,  0.0000 ,  0.0000 ,  0.0000 ,
  0.0000 ,  0.0000 ,  0.0000 ,  0.0000 ,  0.0000 ,  0.0000 ,
  0.0000 ,  0.0000 ,  0.0000 ,  0.0000 ,  0.0000 ,  0.0000 ,
  0.0000 ,  0.0000 ,  0.0000 ,  0.0000 ,  0.0000 ,  0.0000 ,
  0.0000 ,  0.0000 ,  0.0000 ,  0.0000 ,  0.0000 ,  0.0000 ,
  0.0000 ,  0.0000 ,  0.0000 ,  0.0000 ,  0.0000 ,  0.0000 ,
  0.0000 ,  0.0000 ,  0.0000 ,  0.0000 ,  0.0000 ,  0.0000 ,
  0.0000 ,  0.0000 ,  0.0000 ,  0.0000 ,  0.0000 ,  0.0000 ,
  0.0000 ,  0.0000 ,  0.0000 ,  0.0000 ,  0.0000 ,  0.0000 ,
  0.0000 ,  0.0000 ,  0.0000 ,  0.0000 ,  0.0000 ,  0.0000 ,
  0.0000 ,  0.0000 ,  0.0000 ,  0.0000 ,  0.0000 ,  0.0000 ,
  0.0000 ,  0.0000 ,  0.0000 ,  0.0000 ,  0.0000 ,  0.0000 ,
  0.0000 ,  0.0000 ,  0.0000 ,  0.0000 ,  0.0000 ,  0.0000 ,
  0.0000 ,  0.0000 ,  0.0000 ,  0.0000 ,  0.0000 ,  0.0000 ,
  0.0000 ,  0.0000 ,  0.0000 ,  0.0000 ,  0.0000 ,  0.0000 ,
  0.0000 ,  0.0000 ,  0.0000 ,  0.0000 ,  0.0000 ,  0.0000 ,
  0.0000 ,  0.0000 ,  0.0000 ,  0.0000 ,  0.0000 ,  0.0000 ,
  0.0000 ,  0.0000 ,  0.0000 ,  0.0000 ,  0.0000 ,  0.0000 ,
  0.0000 ,  0.0000 ,  0.0000 ,  0.0000 ,  0.0000 ,  0.0000 ,
  0.0000 ,  0.0000 ,  0.0000 ,  0.0000 ,  0.0000 ,  0.0000 ,
  0.0000 ,  0.0000 ,  0.0000 ,  0.0000 ,  0.0000 ,  0.0000 ,
  0.0000 ,  0.0000 ,  0.0000 ,  0.0000 ,  0.0000 ,  0.0000 ,
  0.0000 ,  0.0000 ,  0.0000 ,  0.0000 ,  0.0000 ,  0.0000 ,
  0.0000 ,  0.0000 ,  0.0000 ,  0.0000 ,  0.0000 ,  0.0000 ,
  0.0000 ,  0.0000 ,  0.0000 ,  0.0000 ,  0.0000 ,  0.0000 ,
  0.0000 ,  0.0000 ,  0.0000 ,  0.0000 ,  0.0000 ,  0.0000 ,
  0.0000 ,  0.0000 ,  0.0000 ,  0.0000 ,  0.0000 ,  0.0000 ,
  0.0000 ,  0.0000 ,  0.0000 ,  0.0000 ,  0.0000 ,  0.0000 ,
  0.0000 ,  0.0000 ,  0.0000 ,  0.0000 ,  0.0000 ,  0.0000 ,
  0.0000 ,  0.0000 ,  0.0000 ,  0.0000 ,  0.0000 ,  0.0000 ,
  0.0000 ,  0.0000 ,  0.0000 ,  0.0000 ,  0.0000 ,  0.0000 ,
  0.0000 ,  0.0000 ,  0.0000 ,  0.0000 ,  0.0000 ,  0.0000 ,
  0.0000 ,  0.0000 ,  0.0000 ,  0.0000 ,  0.0000 ,  0.0000 ,
  0.0000 ,  0.0000 ,  0.0000 ,  0.0000 ,  0.0000 ,  0.0000 ,
  0.0000 ,  0.0000 ,  0.0000 ,  0.0000 ,  0.0000 ,  0.0000 ,
  0.0000 ,  0.0000 ,  0.0000 ,  0.0000 ,  0.0000 ,  0.0000 ,
  0.0000 ,  0.0000 ,  0.0000 ,  0.0000 ,  0.0000 ,  0.0000 ,
  0.0000 ,  0.0000 ,  0.0000 ,  0.0000 ,  0.0000 ,  0.0000 ,
  0.0000 ,  0.0000 ,  0.0000 ,  0.0000 ,  0.0000 ,  0.0000 ,
  0.0000 ,  0.0000 ,  0.0000 ,  0.0000 ,  0.0000 ,  0.0000 ,
  0.0000 ,  0.0000 ,  0.0000 ,  0.0000 ,  0.0000 ,  0.0000 ,
  0.0000 ,  0.0000 ,  0.0000 ,  0.0000 ,  0.0000 ,  0.0000 ,
  0.0000 ,  0.0000 ,  0.0000 ,  0.0000 ,  0.0000 ,  0.0000 ,
  0.0000 ,  0.0000 ,  0.0000 ,  0.0000 ,  0.0000 ,  0.0000 ,
  0.0000 ,  0.0000 ,  0.0000 ,  0.0000 ,  0.0000 ,  0.0000 ,
  0.0000 ,  0.0000 ,  0.0000 ,  0.0000 ,  0.0000 ,  0.0000 ,
  0.0000 ,  0.0000 ,  0.0000 ,  0.0000 ,  0.0000 ,  0.0000 ,
  0.0000 ,  0.0000 ,  0.0000 ,  0.0000 ,  0.0000 ,  0.0000 ,
  0.0000 ,  0.0000 ,  0.0000 ,  0.0000 ,  0.0000 ,  0.0000 ,
  0.0000 ,  0.0000 ,  0.0000 ,  0.0000 ,  0.0000 ,  0.0000 ,
  0.0000 ,  0.0000 ,  0.0000 ,  0.0000 ,  0.0000 ,  0.0000 ,
  0.0000 ,  0.0000 ,  0.0000 ,  0.0000 ,  0.0000 ,  0.0000 ,
  0.0000 ,  0.0000 ,  0.0000 ,  0.0000 ,  0.0000 ,  0.0000 ,
  0.0000 ,  0.0000 ,  0.0000 ,  0.0000 ,  0.0000 ,  0.0000 ,
  0.0000 ,  0.0000 ,  0.0000 ,  0.0000 ,  0.0000 ,  0.0000 ,
  0.0000 ,  0.0000 ,  0.0000 ,  0.0000 ,  0.0000 ,  0.0000 ,
  0.0000 ,  0.0000 ,  0.0000 ,  0.0000 ,  0.0000 ,  0.0000 ,
  0.0000 ,  0.0000 ,  0.0000 ,  0.0000 ,  0.0000 ,  0.0000 ,
  0.0000 ,  0.0000 ,  0.0000 ,  0.0000 ,  0.0000 ,  0.0000 ,
  0.0000 ,  0.0000 ,  0.0000 ,  0.0000 ,  0.0000 ,  0.0000 ,
  0.0000 ,  0.0000 ,  0.0000 ,  0.0000 ,  0.0000 ,  0.0000 ,
  0.0000 ,  0.0000 ,  0.0000 ,  0.0000 ,  0.0000 ,  0.0000 ,
  0.0000 ,  0.0000 ,  0.0000 ,  0.0000 ,  0.0000 ,  0.0000 ,
  0.0000 ,  0.0000 ,  0.0000 ,  0.0000 ,  0.0000 ,  0.0000 ,
  0.0000 ,  0.0000 ,  0.0000 ,  0.0000 ,  0.0000 ,  0.0000 ,
  0.0000 ,  0.0000 ,  0.0000 ,  0.0000 ,  0.0000 ,  0.0000 ,
  0.0000 ,  0.0000 ,  0.0000 ,  0.0000 ,  0.0000 ,  0.0000 ,
  0.0000 ,  0.0000 ,  0.0000 ,  0.0000 ,  0.0000 ,  0.0000 ,
  0.0000 ,  0.0000 ,  0.0000 ,  0.0000 ,  0.0000 ,  0.0000 ,
  0.0000 ,  0.0000 ,  0.0000 ,  0.0000 ,  0.0000 ,  0.0000 ,
  0.0000 ,  0.0000 ,  0.0000 ,  0.0000 ,  0.0000 ,  0.0000 ,
  0.0000 ,  0.0000 ,  0.0000 ,  0.0000 ,  0.0000 ,  0.0000 ,
  0.0000 ,  0.0000 ,  0.0000 ,  0.0000 ,  0.0000 ,  0.0000 ,
  0.0000 ,  0.0000 ,  0.0000 ,  0.0000 ,  0.0000 ,  0.0000 ,
  0.0000 ,  0.0000 ,  0.0000 ,  0.0000 ,  0.0000 ,  0.0000 ,
  0.0000 ,  0.0000 ,  0.0000 ,  0.0000 ,  0.0000 ,  0.0000 ,
  0.0000 ,  0.0000 ,  0.0000 ,  0.0000 ,  0.0000 ,  0.0000 ,
  0.0000 ,  0.0000 ,  0.0000 ,  0.0000 ,  0.0000 ,  0.0000 ,
  0.0000 ,  0.0000 ,  0.0000 ,  0.0000 ,  0.0000 ,  0.0000 ,
  0.0000 ,  0.0000 ,  0.0000 ,  0.0000 ,  0.0000 ,  0.0000 ,
  0.0000 ,  0.0000 ,  0.0000 ,  0.0000 ,  0.0000 ,  0.0000 ,
  0.0000 ,  0.0000 ,  0.0000 ,  0.0000 ,  0.0000 ,  0.0000 ,
  0.0000 ,  0.0000 ,  0.0000 ,  0.0000 ,  0.0000 ,  0.0000 ,
  0.0000 ,  0.0000 ,  0.0000 ,  0.0000 ,  0.0000 ,  0.0000 ,
  0.0000 ,  0.0000 ,  0.0000 ,  0.0000 ,  0.0000 ,  0.0000 ,
  0.0000 ,  0.0000 ,  0.0000 ,  0.0000 ,  0.0000 ,  0.0000 ,
  0.0000 ,  0.0000 ,  0.0000 ,  0.0000 ,  0.0000 ,  0.0000 ,
  0.0000 ,  0.0000 ,  0.0000 ,  0.0000 ,  0.0000 ,  0.0000 ,
  0.0000 ,  0.0000 ,  0.0000 ,  0.0000 ,  0.0000 ,  0.0000 ,
  0.0000 ,  0.0000 ,  0.0000 ,  0.0000 ,  0.0000 ,  0.0000 ,
  0.0000 ,  0.0000 ,  0.0000 ,  0.0000 ,  0.0000 ,  0.0000 ,
  0.0000 ,  0.0000 ,  0.0000 ,  0.0000 ,  0.0000 ,  0.0000 ,
  0.0000 ,  0.0000 ,  0.0000 ,  0.0000 ,  0.0000 ,  0.0000 ,
  0.0000 ,  0.0000 ,  0.0000 ,  0.0000 ,  0.0000 ,  0.0000 ,
  0.0000 ,  0.0000 ,  0.0000 ,  0.0000 ,  0.0000 ,  0.0000 ,
  0.0000 ,  0.0000 ,  0.0000 ,  0.0000 ,  0.0000 ,  0.0000 ,
  0.0000 ,  0.0000 ,  0.0000 ,  0.0000 ,  0.0000 ,  0.0000 ,
  0.0000 ,  0.0000 ,  0.0000 ,  0.0000 ,  0.0000 ,  0.0000 ,
  0.0000 ,  0.0000 ,  0.0000 ,  0.0000 ,  0.0000 ,  0.0000 ,
  0.0000 ,  0.0000 ,  0.0000 ,  0.0000 ,  0.0000 ,  0.0000 ,
  0.0000 ,  0.0000 ,  0.0000 ,  0.0000 ,  0.0000 ,  0.0000 ,
  0.0000 ,  0.0000 ,  0.0000 ,  0.0000 ,  0.0000 ,  0.0000 ,
  0.0000 ,  0.0000 ,  0.0000 ,  0.0000 ,  0.0000 ,  0.0000 ,
  0.0000 ,  0.0000 ,  0.0000 ,  0.0000 ,  0.0000 ,  0.0000 ,
  0.0000 ,  0.0000 ,  0.0000 ,  0.0000 ,  0.0000 ,  0.0000 ,
  0.0000 ,  0.0000 ,  0.0000 ,  0.0000 ,  0.0000 ,  0.0000 ,
  0.0000 ,  0.0000 ,  0.0000 ,  0.0000 ,  0.0000 ,  0.0000 ,
  0.0000 ,  0.0000 ,  0.0000 ,  0.0000 ,  0.0000 ,  0.0000 ,
  0.0000 ,  0.0000 ,  0.0000 ,  0.0000 ,  0.0000 ,  0.0000 ,
  0.0000 ,  0.0000 ,  0.0000 ,  0.0000 ,  0.0000 ,  0.0000 ,
  0.0000 ,  0.0000 ,  0.0000 ,  0.0000 ,  0.0000 ,  0.0000 ,
  0.0000 ,  0.0000 ,  0.0000 ,  0.0000 ,  0.0000 ,  0.0000 ,
  0.0000 ,  0.0000 ,  0.0000 ,  0.0000 ,  0.0000 ,  0.0000 ,
  0.0000 ,  0.0000 ,  0.0000 ,  0.0000 ,  0.0000 ,  0.0000 ,
  0.0000 ,  0.0000 ,  0.0000 ,  0.0000 ,  0.0000 ,  0.0000 ,
  0.0000 ,  0.0000 ,  0.0000 ,  0.0000 ,  0.0000 ,  0.0000 ,
  0.0000 ,  0.0000 ,  0.0000 ,  0.0000 ,  0.0000 ,  0.0000 ,
  0.0000 ,  0.0000 ,  0.0000 ,  0.0000 ,  0.0000 ,  0.0000 ,
  0.0000 ,  0.0000 ,  0.0000 ,  0.0000 ,  0.0000 ,  0.0000 ,
  0.0000 ,  0.0000 ,  0.0000 ,  0.0000 ,  0.0000 ,  0.0000 ,
  0.0000 ,  0.0000 ,  0.0000 ,  0.0000 ,  0.0000 ,  0.0000 ,
  0.0000 ,  0.0000 ,  0.0000 ,  0.0000 ,  0.0000 ,  0.0000 ,
  0.0000 ,  0.0000 ,  0.0000 ,  0.0000 ,  0.0000 ,  0.0000 ,
  0.0000 ,  0.0000 ,  0.0000 ,  0.0000 ,  0.0000 ,  0.0000 ,
  0.0000 ,  0.0000 ,  0.0000 ,  0.0000 ,  0.0000 ,  0.0000 ,
  0.0000 ,  0.0000 ,  0.0000 ,  0.0000 ,  0.0000 ,  0.0000 ,
  0.0000 ,  0.0000 ,  0.0000 ,  0.0000 ,  0.0000 ,  0.0000 ,
  0.0000 ,  0.0000 ,  0.0000 ,  0.0000 ,  0.0000 ,  0.0000 ,
  0.0000 ,  0.0000 ,  0.0000 ,  0.0000 ,  0.0000 ,  0.0000 ,
  0.0000 ,  0.0000 ,  0.0000 ,  0.0000 ,  0.0000 ,  0.0000 ,
  0.0000 ,  0.0000 ,  0.0000 ,  0.0000 ,  0.0000 ,  0.0000 ,
  0.0000 ,  0.0000 ,  0.0000 ,  0.0000 ,  0.0000 ,  0.0000 ,
  0.0000 ,  0.0000 ,  0.0000 ,  0.0000 ,  0.0000 ,  0.0000 ,
  0.0000 ,  0.0000 ,  0.0000 ,  0.0000 ,  0.0000 ,  0.0000 ,
  0.0000 ,  0.0000 ,  0.0000 ,  0.0000 ,  0.0000 ,  0.0000 ,
  0.0000 ,  0.0000 ,  0.0000 ,  0.0000 ,  0.0000 ,  0.0000 ,
  0.0000 ,  0.0000 ,  0.0000 ,  0.0000 ,  0.0000 ,  0.0000 ,
  0.0000 ,  0.0000 ,  0.0000 ,  0.0000 ,  0.0000 ,  0.0000 ,
  0.0000 ,  0.0000 ,  0.0000 ,  0.0000 ,  0.0000 ,  0.0000 ,
  0.0000 ,  0.0000 ,  0.0000 ,  0.0000 ,  0.0000 ,  0.0000 ,
  0.0000 ,  0.0000 ,  0.0000 ,  0.0000 ,  0.0000 ,  0.0000 ,
  0.0000 ,  0.0000 ,  0.0000 ,  0.0000 ,  0.0000 ,  0.0000 ,
  0.0000 ,  0.0000 ,  0.0000 ,  0.0000 ,  0.0000 ,  0.0000 ,
  0.0000 ,  0.0000 ,  0.0000 ,  0.0000 ,  0.0000 ,  0.0000 ,
  0.0000 ,  0.0000 ,  0.0000 ,  0.0000 ,  0.0000 ,  0.0000 ,
  0.0000 ,  0.0000 ,  0.0000 ,  0.0000 ,  0.0000 ,  0.0000 ,
  0.0000 ,  0.0000 ,  0.0000 ,  0.0000 ,  0.0000 ,  0.0000 ,
  0.0000 ,  0.0000 ,  0.0000 ,  0.0000 ,  0.0000 ,  0.0000 ,
  0.0000 ,  0.0000 ,  0.0000 ,  0.0000 ,  0.0000 ,  0.0000 ,
  0.0000 ,  0.0000 ,  0.0000 ,  0.0000 ,  0.0000 ,  0.0000 ,
  0.0000 ,  0.0000 ,  0.0000 ,  0.0000 ,  0.0000 ,  0.0000 ,
  0.0000 ,  0.0000 ,  0.0000 ,  0.0000 ,  0.0000 ,  0.0000 ,
  0.0000 ,  0.0000 ,  0.0000 ,  0.0000 ,  0.0000 ,  0.0000 ,
  0.0000 ,  0.0000 ,  0.0000 ,  0.0000 ,  0.0000 ,  0.0000 ,
  0.0000 ,  0.0000 ,  0.0000 ,  0.0000 ,  0.0000 ,  0.0000 ,
  0.0000 ,  0.0000 ,  0.0000 ,  0.0000 ,  0.0000 ,  0.0000 ,
  0.0000 ,  0.0000 ,  0.0000 ,  0.0000 ,  0.0000 ,  0.0000 ,
  0.0000 ,  0.0000 ,  0.0000 ,  0.0000 ,  0.0000 ,  0.0000 ,
  0.0000 ,  0.0000 ,  0.0000 ,  0.0000 ,  0.0000 ,  0.0000 ,
  0.0000 ,  0.0000 ,  0.0000 ,  0.0000 ,  0.0000 ,  0.0000 ,
  0.0000 ,  0.0000 ,  0.0000 ,  0.0000 ,  0.0000 ,  0.0000 ,
  0.0000 ,  0.0000 ,  0.0000 ,  0.0000 ,  0.0000 ,  0.0000 ,
  0.0000 ,  0.0000 ,  0.0000 ,  0.0000 ,  0.0000 ,  0.0000 ,
  0.0000 ,  0.0000 ,  0.0000 ,  0.0000 ,  0.0000 ,  0.0000 ,
  0.0000 ,  0.0000 ,  0.0000 ,  0.0000 ,  0.0000 ,  0.0000 ,
  0.0000 ,  0.0000 ,  0.0000 ,  0.0000 ,  0.0000 ,  0.0000 ,
  0.0000 ,  0.0000 ,  0.0000 ,  0.0000 ,  0.0000 ,  0.0000 ,
  0.0000 ,  0.0000 ,  0.0000 ,  0.0000 ,  0.0000 ,  0.0000 ,
  0.0000 ,  0.0000 ,  0.0000 ,  0.0000 ,  0.0000 ,  0.0000 ,
  0.0000 ,  0.0000 ,  0.0000 ,  0.0000 ,  0.0000 ,  0.0000 ,
  0.0000 ,  0.0000 ,  0.0000 ,  0.0000 ,  0.0000 ,  0.0000 ,
  0.0000 ,  0.0000 ,  0.0000 ,  0.0000 ,  0.0000 ,  0.0000 ,
  0.0000 ,  0.0000 ,  0.0000 ,  0.0000 ,  0.0000 ,  0.0000 ,
  0.0000 ,  0.0000 ,  0.0000 ,  0.0000 ,  0.0000 ,  0.0000 ,
  0.0000 ,  0.0000 ,  0.0000 ,  0.0000 ,  0.0000 ,  0.0000 ,
  0.0000 ,  0.0000 ,  0.0000 ,  0.0000 ,  0.0000 ,  0.0000 ,
  0.0000 ,  0.0000 ,  0.0000 ,  0.0000 ,  0.0000 ,  0.0000 ,
  0.0000 ,  0.0000 ,  0.0000 ,  0.0000 ,  0.0000 ,  0.0000 ,
  0.0000 ,  0.0000 ,  0.0000 ,  0.0000 ,  0.0000 ,  0.0000 ,
  0.0000 ,  0.0000 ,  0.0000 ,  0.0000 ,  0.0000 ,  0.0000 ,
  0.0000 ,  0.0000 ,  0.0000 ,  0.0000 ,  0.0000 ,  0.0000 ,
  0.0000 ,  0.0000 ,  0.0000 ,  0.0000 ,  0.0000 ,  0.0000 ,
  0.0000 ,  0.0000 ,  0.0000 ,  0.0000 ,  0.0000 ,  0.0000 ,
  0.0000 ,  0.0000 ,  0.0000 ,  0.0000 ,  0.0000 ,  0.0000 ,
  0.0000 ,  0.0000 ,  0.0000 ,  0.0000 ,  0.0000 ,  0.0000 ,
  0.0000 ,  0.0000 ,  0.0000 ,  0.0000 ,  0.0000 ,  0.0000 ,
  0.0000 ,  0.0000 ,  0.0000 ,  0.0000 ,  0.0000 ,  0.0000 ,
  0.0000 ,  0.0000 ,  0.0000 ,  0.0000 ,  0.0000 ,  0.0000 ,
  0.0000 ,  0.0000 ,  0.0000 ,  0.0000 ,  0.0000 ,  0.0000 ,
  0.0000 ,  0.0000 ,  0.0000 ,  0.0000 ,  0.0000 ,  0.0000 ,
  0.0000 ,  0.0000 ,  0.0000 ,  0.0000 ,  0.0000 ,  0.0000 ,
  0.0000 ,  0.0000 ,  0.0000 ,  0.0000 ,  0.0000 ,  0.0000 ,
  0.0000 ,  0.0000 ,  0.0000 ,  0.0000 ,  0.0000 ,  0.0000 ,
  0.0000 ,  0.0000 ,  0.0000 ,  0.0000 ,  0.0000 ,  0.0000 ,
  0.0000 ,  0.0000 ,  0.0000 ,  0.0000 ,  0.0000 ,  0.0000 ,
  0.0000 ,  0.0000 ,  0.0000 ,  0.0000 ,  0.0000 ,  0.0000 ,
  0.0000 ,  0.0000 ,  0.0000 ,  0.0000 ,  0.0000 ,  0.0000 ,
  0.0000 ,  0.0000 ,  0.0000 ,  0.0000 ,  0.0000 ,  0.0000 ,
  0.0000 ,  0.0000 ,  0.0000 ,  0.0000 ,  0.0000 ,  0.0000 ,
  0.0000 ,  0.0000 ,  0.0000 ,  0.0000 ,  0.0000 ,  0.0000 ,
  0.0000 ,  0.0000 ,  0.0000 ,  0.0000 ,  0.0000 ,  0.0000 ,
  0.0000 ,  0.0000 ,  0.0000 ,  0.0000 ,  0.0000 ,  0.0000 ,
  0.0000 ,  0.0000 ,  0.0000 ,  0.0000 ,  0.0000 ,  0.0000 ,
  0.0000 ,  0.0000 ,  0.0000 ,  0.0000 ,  0.0000 ,  0.0000 ,
  0.0000 ,  0.0000 ,  0.0000 ,  0.0000 ,  0.0000 ,  0.0000 ,
  0.0000 ,  0.0000 ,  0.0000 ,  0.0000 ,  0.0000 ,  0.0000 ,
  0.0000 ,  0.0000 ,  0.0000 ,  0.0000 ,  0.0000 ,  0.0000 ,
  0.0000 ,  0.0000 ,  0.0000 ,  0.0000 ,  0.0000 ,  0.0000 ,
  0.0000 ,  0.0000 ,  0.0000 ,  0.0000 ,  0.0000 ,  0.0000 ,
  0.0000 ,  0.0000 ,  0.0000 ,  0.0000 ,  0.0000 ,  0.0000 ,
  0.0000 ,  0.0000 ,  0.0000 ,  0.0000 ,  0.0000 ,  0.0000 ,
  0.0000 ,  0.0000 ,  0.0000 ,  0.0000 ,  0.0000 ,  0.0000 ,
  0.0000 ,  0.0000 ,  0.0000 ,  0.0000 ,  0.0000 ,  0.0000 ,
  0.0000 ,  0.0000 ,  0.0000 ,  0.0000 ,  0.0000 ,  0.0000 ,
  0.0000 ,  0.0000 ,  0.0000 ,  0.0000 ,  0.0000 ,  0.0000 ,
  0.0000 ,  0.0000 ,  0.0000 ,  0.0000 ,  0.0000 ,  0.0000 ,
  0.0000 ,  0.0000 ,  0.0000 ,  0.0000 ,  0.0000 ,  0.0000 ,
  0.0000 ,  0.0000 ,  0.0000 ,  0.0000 ,  0.0000 ,  0.0000 ,
  0.0000 ,  0.0000 ,  0.0000 ,  0.0000 ,  0.0000 ,  0.0000 ,
  0.0000 ,  0.0000 ,  0.0000 ,  0.0000 ,  0.0000 ,  0.0000 ,
  0.0000 ,  0.0000 ,  0.0000 ,  0.0000 ,  0.0000 ,  0.0000 ,
  0.0000 ,  0.0000 ,  0.0000 ,  0.0000 ,  0.0000 ,  0.0000 ,
  0.0000 ,  0.0000 ,  0.0000 ,  0.0000 ,  0.0000 ,  0.0000 ,
  0.0000 ,  0.0000 ,  0.0000 ,  0.0000 ,  0.0000 ,  0.0000 ,
  0.0000 ,  0.0000 ,  0.0000 ,  0.0000 ,  0.0000 ,  0.0000 ,
  0.0000 ,  0.0000 ,  0.0000 ,  0.0000 ,  0.0000 ,  0.0000 ,
  0.0000 ,  0.0000 ,  0.0000 ,  0.0000 ,  0.0000 ,  0.0000 ,
  0.0000 ,  0.0000 ,  0.0000 ,  0.0000 ,  0.0000 ,  0.0000 ,
  0.0000 ,  0.0000 ,  0.0000 ,  0.0000 ,  0.0000 ,  0.0000 ,
  0.0000 ,  0.0000 ,  0.0000 ,  0.0000 ,  0.0000 ,  0.0000 ,
  0.0000 ,  0.0000 ,  0.0000 ,  0.0000 ,  0.0000 ,  0.0000 ,
  0.0000 ,  0.0000 ,  0.0000 ,  0.0000 ,  0.0000 ,  0.0000 ,
  0.0000 ,  0.0000 ,  0.0000 ,  0.0000 ,  0.0000 ,  0.0000 ,
  0.0000 ,  0.0000 ,  0.0000 ,  0.0000 ,  0.0000 ,  0.0000 ,
  0.0000 ,  0.0000 ,  0.0000 ,  0.0000 ,  0.0000 ,  0.0000 ,
  0.0000 ,  0.0000 ,  0.0000 ,  0.0000 ,  0.0000 ,  0.0000 ,
  0.0000 ,  0.0000 ,  0.0000 ,  0.0000 ,  0.0000 ,  0.0000 ,
  0.0000 ,  0.0000 ,  0.0000 ,  0.0000 ,  0.0000 ,  0.0000 ,
  0.0000 ,  0.0000 ,  0.0000 ,  0.0000 ,  0.0000 ,  0.0000 ,
  0.0000 ,  0.0000 ,  0.0000 ,  0.0000 ,  0.0000 ,  0.0000 ,
  0.0000 ,  0.0000 ,  0.0000 ,  0.0000 ,  0.0000 ,  0.0000 ,
  0.0000 ,  0.0000 ,  0.0000 ,  0.0000 ,  0.0000 ,  0.0000 ,
  0.0000 ,  0.0000 ,  0.0000 ,  0.0000 ,  0.0000 ,  0.0000 ,
  0.0000 ,  0.0000 ,  0.0000 ,  0.0000 ,  0.0000 ,  0.0000 ,
  0.0000 ,  0.0000 ,  0.0000 ,  0.0000 ,  0.0000 ,  0.0000 ,
  0.0000 ,  0.0000 ,  0.0000 ,  0.0000 ,  0.0000 ,  0.0000 ,
  0.0000 ,  0.0000 ,  0.0000 ,  0.0000 ,  0.0000 ,  0.0000 ,
  0.0000 ,  0.0000 ,  0.0000 ,  0.0000 ,  0.0000 ,  0.0000 ,
  0.0000 ,  0.0000 ,  0.0000 ,  0.0000 ,  0.0000 ,  0.0000 ,
  0.0000 ,  0.0000 ,  0.0000 ,  0.0000 ,  0.0000 ,  0.0000 ,
  0.0000 ,  0.0000 ,  0.0000 ,  0.0000 ,  0.0000 ,  0.0000 ,
  0.0000 ,  0.0000 ,  0.0000 ,  0.0000 ,  0.0000 ,  0.0000 ,
  0.0000 ,  0.0000 ,  0.0000 ,  0.0000 ,  0.0000 ,  0.0000 ,
  0.0000 ,  0.0000 ,  0.0000 ,  0.0000 ,  0.0000 ,  0.0000 ,
  0.0000 ,  0.0000 ,  0.0000 ,  0.0000 ,  0.0000 ,  0.0000 ,
  0.0000 ,  0.0000 ,  0.0000 ,  0.0000 ,  0.0000 ,  0.0000 ,
  0.0000 ,  0.0000 ,  0.0000 ,  0.0000 ,  0.0000 ,  0.0000 ,
  0.0000 ,  0.0000 ,  0.0000 ,  0.0000 ,  0.0000 ,  0.0000 ,
  0.0000 ,  0.0000 ,  0.0000 ,  0.0000 ,  0.0000 ,  0.0000 ,
  0.0000 ,  0.0000 ,  0.0000 ,  0.0000 ,  0.0000 ,  0.0000 ,
  0.0000 ,  0.0000 ,  0.0000 ,  0.0000 ,  0.0000 ,  0.0000 ,
  0.0000 ,  0.0000 ,  0.0000 ,  0.0000 ,  0.0000 ,  0.0000 ,
  0.0000 ,  0.0000 ,  0.0000 ,  0.0000 ,  0.0000 ,  0.0000 ,
  0.0000 ,  0.0000 ,  0.0000 ,  0.0000 ,  0.0000 ,  0.0000 ,
  0.0000 ,  0.0000 ,  0.0000 ,  0.0000 ,  0.0000 ,  0.0000 ,
  0.0000 ,  0.0000 ,  0.0000 ,  0.0000 ,  0.0000 ,  0.0000 ,
  0.0000 ,  0.0000 ,  0.0000 ,  0.0000 ,  0.0000 ,  0.0000 ,
  0.0000 ,  0.0000 ,  0.0000 ,  0.0000 ,  0.0000 ,  0.0000 ,
  0.0000 ,  0.0000 ,  0.0000 ,  0.0000 ,  0.0000 ,  0.0000 ,
  0.0000 ,  0.0000 ,  0.0000 ,  0.0000 ,  0.0000 ,  0.0000 ,
  0.0000 ,  0.0000 ,  0.0000 ,  0.0000 ,  0.0000 ,  0.0000 ,
  0.0000 ,  0.0000 ,  0.0000 ,  0.0000 ,  0.0000 ,  0.0000 ,
  0.0000 ,  0.0000 ,  0.0000 ,  0.0000 ,  0.0000 ,  0.0000 ,
  0.0000 ,  0.0000 ,  0.0000 ,  0.0000 ,  0.0000 ,  0.0000 ,
  0.0000 ,  0.0000 ,  0.0000 ,  0.0000 ,  0.0000 ,  0.0000 ,
  0.0000 ,  0.0000 ,  0.0000 ,  0.0000 ,  0.0000 ,  0.0000 ,
  0.0000 ,  0.0000 ,  0.0000 ,  0.0000 ,  0.0000 ,  0.0000 ,
  0.0000 ,  0.0000 ,  0.0000 ,  0.0000 ,  0.0000 ,  0.0000 ,
  0.0000 ,  0.0000 ,  0.0000 ,  0.0000 ,  0.0000 ,  0.0000 ,
  0.0000 ,  0.0000 ,  0.0000 ,  0.0000 ,  0.0000 ,  0.0000 ,
  0.0000 ,  0.0000 ,  0.0000 ,  0.0000 ,  0.0000 ,  0.0000 ,
  0.0000 ,  0.0000 ,  0.0000 ,  0.0000 ,  0.0000 ,  0.0000 ,
  0.0000 ,  0.0000 ,  0.0000 ,  0.0000 ,  0.0000 ,  0.0000 ,
  0.0000 ,  0.0000 ,  0.0000 ,  0.0000 ,  0.0000 ,  0.0000 ,
  0.0000 ,  0.0000 ,  0.0000 ,  0.0000 ,  0.0000 ,  0.0000 ,
  0.0000 ,  0.0000 ,  0.0000 ,  0.0000 ,  0.0000 ,  0.0000 ,
  0.0000 ,  0.0000 ,  0.0000 ,  0.0000 ,  0.0000 ,  0.0000 ,
  0.0000 ,  0.0000 ,  0.0000 ,  0.0000 ,  0.0000 ,  0.0000 ,
  0.0000 ,  0.0000 ,  0.0000 ,  0.0000 ,  0.0000 ,  0.0000 ,
  0.0000 ,  0.0000 ,  0.0000 ,  0.0000 ,  0.0000 ,  0.0000 ,
  0.0000 ,  0.0000 ,  0.0000 ,  0.0000 ,  0.0000 ,  0.0000 ,
  0.0000 ,  0.0000 ,  0.0000 ,  0.0000 ,  0.0000 ,  0.0000 ,
  0.0000 ,  0.0000 ,  0.0000 ,  0.0000 ,  0.0000 ,  0.0000 ,
  0.0000 ,  0.0000 ,  0.0000 ,  0.0000 ,  0.0000 ,  0.0000 ,
  0.0000 ,  0.0000 ,  0.0000 ,  0.0000 ,  0.0000 ,  0.0000 ,
  0.0000 ,  0.0000 ,  0.0000 ,  0.0000 ,  0.0000 ,  0.0000 ,
  0.0000 ,  0.0000 ,  0.0000 ,  0.0000 ,  0.0000 ,  0.0000 ,
  0.0000 ,  0.0000 ,  0.0000 ,  0.0000 ,  0.0000 ,  0.0000 ,
  0.0000 ,  0.0000 ,  0.0000 ,  0.0000 ,  0.0000 ,  0.0000 ,
  0.0000 ,  0.0000 ,  0.0000 ,  0.0000 ,  0.0000 ,  0.0000 ,
  0.0000 ,  0.0000 ,  0.0000 ,  0.0000 ,  0.0000 ,  0.0000 ,
  0.0000 ,  0.0000 ,  0.0000 ,  0.0000 ,  0.0000 ,  0.0000 ,
  0.0000 ,  0.0000 ,  0.0000 ,  0.0000 ,  0.0000 ,  0.0000 ,
  0.0000 ,  0.0000 ,  0.0000 ,  0.0000 ,  0.0000 ,  0.0000 ,
  0.0000 ,  0.0000 ,  0.0000 ,  0.0000 ,  0.0000 ,  0.0000 ,
  0.0000 ,  0.0000 ,  0.0000 ,  0.0000 ,  0.0000 ,  0.0000 ,
  0.0000 ,  0.0000 ,  0.0000 ,  0.0000 ,  0.0000 ,  0.0000 ,
  0.0000 ,  0.0000 ,  0.0000 ,  0.0000 ,  0.0000 ,  0.0000 ,
  0.0000 ,  0.0000 ,  0.0000 ,  0.0000 ,  0.0000 ,  0.0000 ,
  0.0000 ,  0.0000 ,  0.0000 ,  0.0000 ,  0.0000 ,  0.0000 ,
  0.0000 ,  0.0000 ,  0.0000 ,  0.0000 ,  0.0000 ,  0.0000 ,
  0.0000 ,  0.0000 ,  0.0000 ,  0.0000 ,  0.0000 ,  0.0000 ,
  0.0000 ,  0.0000 ,  0.0000 ,  0.0000 ,  0.0000 ,  0.0000 ,
  0.0000 ,  0.0000 ,  0.0000 ,  0.0000 ,  0.0000 ,  0.0000 ,
  0.0000 ,  0.0000 ,  0.0000 ,  0.0000 ,  0.0000 ,  0.0000 ,
  0.0000 ,  0.0000 ,  0.0000 ,  0.0000 ,  0.0000 ,  0.0000 ,
  0.0000 ,  0.0000 ,  0.0000 ,  0.0000 ,  0.0000 ,  0.0000 ,
  0.0000 ,  0.0000 ,  0.0000 ,  0.0000 ,  0.0000 ,  0.0000 ,
  0.0000 ,  0.0000 ,  0.0000 ,  0.0000 ,  0.0000 ,  0.0000 ,
  0.0000 ,  0.0000 ,  0.0000 ,  0.0000 ,  0.0000 ,  0.0000 ,
  0.0000 ,  0.0000 ,  0.0000 ,  0.0000 ,  0.0000 ,  0.0000 ,
  0.0000 ,  0.0000 ,  0.0000 ,  0.0000 ,  0.0000 ,  0.0000 ,
  0.0000 ,  0.0000 ,  0.0000 ,  0.0000 ,  0.0000 ,  0.0000 ,
  0.0000 ,  0.0000 ,  0.0000 ,  0.0000 ,  0.0000 ,  0.0000 ,
  0.0000 ,  0.0000 ,  0.0000 ,  0.0000 ,  0.0000 ,  0.0000 ,
  0.0000 ,  0.0000 ,  0.0000 ,  0.0000 ,  0.0000 ,  0.0000 ,
  0.0000 ,  0.0000 ,  0.0000 ,  0.0000 ,  0.0000 ,  0.0000 ,
  0.0000 ,  0.0000 ,  0.0000 ,  0.0000 ,  0.0000 ,  0.0000 ,
  0.0000 ,  0.0000 ,  0.0000 ,  0.0000 ,  0.0000 ,  0.0000 ,
  0.0000 ,  0.0000 ,  0.0000 ,  0.0000 ,  0.0000 ,  0.0000 ,
  0.0000 ,  0.0000 ,  0.0000 ,  0.0000 ,  0.0000 ,  0.0000 ,
  0.0000 ,  0.0000 ,  0.0000 ,  0.0000 ,  0.0000 ,  0.0000 ,
  0.0000 ,  0.0000 ,  0.0000 ,  0.0000 ,  0.0000 ,  0.0000 ,
  0.0000 ,  0.0000 ,  0.0000 ,  0.0000 ,  0.0000 ,  0.0000 ,
  0.0000 ,  0.0000 ,  0.0000 ,  0.0000 ,  0.0000 ,  0.0000 ,
  0.0000 ,  0.0000 ,  0.0000 ,  0.0000 ,  0.0000 ,  0.0000 ,
  0.0000 ,  0.0000 ,  0.0000 ,  0.0000 ,  0.0000 ,  0.0000 ,
  0.0000 ,  0.0000 ,  0.0000 ,  0.0000 ,  0.0000 ,  0.0000 ,
  0.0000 ,  0.0000 ,  0.0000 ,  0.0000 ,  0.0000 ,  0.0000 ,
  0.0000 ,  0.0000 ,  0.0000 ,  0.0000 ,  0.0000 ,  0.0000 ,
  0.0000 ,  0.0000 ,  0.0000 ,  0.0000 ,  0.0000 ,  0.0000 ,
  0.0000 ,  0.0000 ,  0.0000 ,  0.0000 ,  0.0000 ,  0.0000 ,
  0.0000 ,  0.0000 ,  0.0000 ,  0.0000 ,  0.0000 ,  0.0000 ,
  0.0000 ,  0.0000 ,  0.0000 ,  0.0000 ,  0.0000 ,  0.0000 ,
  0.0000 ,  0.0000 ,  0.0000 ,  0.0000 ,  0.0000 ,  0.0000 ,
  0.0000 ,  0.0000 ,  0.0000 ,  0.0000 ,  0.0000 ,  0.0000 ,
  0.0000 ,  0.0000 ,  0.0000 ,  0.0000 ,  0.0000 ,  0.0000 ,
  0.0000 ,  0.0000 ,  0.0000 ,  0.0000 ,  0.0000 ,  0.0000 ,
  0.0000 ,  0.0000 ,  0.0000 ,  0.0000 ,  0.0000 ,  0.0000 ,
  0.0000 ,  0.0000 ,  0.0000 ,  0.0000 ,  0.0000 ,  0.0000 ,
  0.0000 ,  0.0000 ,  0.0000 ,  0.0000 ,  0.0000 ,  0.0000 ,
  0.0000 ,  0.0000 ,  0.0000 ,  0.0000 ,  0.0000 ,  0.0000 ,
  0.0000 ,  0.0000 ,  0.0000 ,  0.0000 ,  0.0000 ,  0.0000 ,
  0.0000 ,  0.0000 ,  0.0000 ,  0.0000 ,  0.0000 ,  0.0000 ,
  0.0000 ,  0.0000 ,  0.0000 ,  0.0000 ,  0.0000 ,  0.0000 ,
  0.0000 ,  0.0000 ,  0.0000 ,  0.0000 ,  0.0000 ,  0.0000 ,
  0.0000 ,  0.0000 ,  0.0000 ,  0.0000 ,  0.0000 ,  0.0000 ,
  0.0000 ,  0.0000 ,  0.0000 ,  0.0000 ,  0.0000 ,  0.0000 ,
  0.0000 ,  0.0000 ,  0.0000 ,  0.0000 ,  0.0000 ,  0.0000 ,
  0.0000 ,  0.0000 ,  0.0000 ,  0.0000 ,  0.0000 ,  0.0000 ,
  0.0000 ,  0.0000 ,  0.0000 ,  0.0000 ,  0.0000 ,  0.0000 ,
  0.0000 ,  0.0000 ,  0.0000 ,  0.0000 ,  0.0000 ,  0.0000 ,
  0.0000 ,  0.0000 ,  0.0000 ,  0.0000 ,  0.0000 ,  0.0000 ,
  0.0000 ,  0.0000 ,  0.0000 ,  0.0000 ,  0.0000 ,  0.0000 ,
  0.0000 ,  0.0000 ,  0.0000 ,  0.0000 ,  0.0000 ,  0.0000 ,
  0.0000 ,  0.0000 ,  0.0000 ,  0.0000 ,  0.0000 ,  0.0000 ,
  0.0000 ,  0.0000 ,  0.0000 ,  0.0000 ,  0.0000 ,  0.0000 ,
  0.0000 ,  0.0000 ,  0.0000 ,  0.0000 ,  0.0000 ,  0.0000 ,
  0.0000 ,  0.0000 ,  0.0000 ,  0.0000 ,  0.0000 ,  0.0000 ,
  0.0000 ,  0.0000 ,  0.0000 ,  0.0000 ,  0.0000 ,  0.0000 ,
  0.0000 ,  0.0000 ,  0.0000 ,  0.0000 ,  0.0000 ,  0.0000 ,
  0.0000 ,  0.0000 ,  0.0000 ,  0.0000 ,  0.0000 ,  0.0000 ,
  0.0000 ,  0.0000 ,  0.0000 ,  0.0000 ,  0.0000 ,  0.0000 ,
  0.0000 ,  0.0000 ,  0.0000 ,  0.0000 ,  0.0000 ,  0.0000 ,
  0.0000 ,  0.0000 ,  0.0000 ,  0.0000 ,  0.0000 ,  0.0000 ,
  0.0000 ,  0.0000 ,  0.0000 ,  0.0000 ,  0.0000 ,  0.0000 ,
  0.0000 ,  0.0000 ,  0.0000 ,  0.0000 ,  0.0000 ,  0.0000 ,
  0.0000 ,  0.0000 ,  0.0000 ,  0.0000 ,  0.0000 ,  0.0000 ,
  0.0000 ,  0.0000 ,  0.0000 ,  0.0000 ,  0.0000 ,  0.0000 ,
  0.0000 ,  0.0000 ,  0.0000 ,  0.0000 ,  0.0000 ,  0.0000 ,
  0.0000 ,  0.0000 ,  0.0000 ,  0.0000 ,  0.0000 ,  0.0000 ,
  0.0000 ,  0.0000 ,  0.0000 ,  0.0000 ,  0.0000 ,  0.0000 ,
  0.0000 ,  0.0000 ,  0.0000 ,  0.0000 ,  0.0000 ,  0.0000 ,
  0.0000 ,  0.0000 ,  0.0000 ,  0.0000 ,  0.0000 ,  0.0000 ,
  0.0000 ,  0.0000 ,  0.0000 ,  0.0000 ,  0.0000 ,  0.0000 ,
  0.0000 ,  0.0000 ,  0.0000 ,  0.0000 ,  0.0000 ,  0.0000 ,
  0.0000 ,  0.0000 ,  0.0000 ,  0.0000 ,  0.0000 ,  0.0000 ,
  0.0000 ,  0.0000 ,  0.0000 ,  0.0000 ,  0.0000 ,  0.0000 ,
  0.0000 ,  0.0000 ,  0.0000 ,  0.0000 ,  0.0000 ,  0.0000 ,
  0.0000 ,  0.0000 ,  0.0000 ,  0.0000 ,  0.0000 ,  0.0000 ,
  0.0000 ,  0.0000 ,  0.0000 ,  0.0000 ,  0.0000 ,  0.0000 ,
  0.0000 ,  0.0000 ,  0.0000 ,  0.0000 ,  0.0000 ,  0.0000 ,
  0.0000 ,  0.0000 ,  0.0000 ,  0.0000 ,  0.0000 ,  0.0000 ,
  0.0000 ,  0.0000 ,  0.0000 ,  0.0000 ,  0.0000 ,  0.0000 ,
  0.0000 ,  0.0000 ,  0.0000 ,  0.0000 ,  0.0000 ,  0.0000 ,
  0.0000 ,  0.0000 ,  0.0000 ,  0.0000 ,  0.0000 ,  0.0000 ,
  0.0000 ,  0.0000 ,  0.0000 ,  0.0000 ,  0.0000 ,  0.0000 ,
  0.0000 ,  0.0000 ,  0.0000 ,  0.0000 ,  0.0000 ,  0.0000 ,
  0.0000 ,  0.0000 ,  0.0000 ,  0.0000 ,  0.0000 ,  0.0000 ,
  0.0000 ,  0.0000 ,  0.0000 ,  0.0000 ,  0.0000 ,  0.0000 ,
  0.0000 ,  0.0000 ,  0.0000 ,  0.0000 ,  0.0000 ,  0.0000 ,
  0.0000 ,  0.0000 ,  0.0000 ,  0.0000 ,  0.0000 ,  0.0000 ,
  0.0000 ,  0.0000 ,  0.0000 ,  0.0000 ,  0.0000 ,  0.0000 ,
  0.0000 ,  0.0000 ,  0.0000 ,  0.0000 ,  0.0000 ,  0.0000 ,
  0.0000 ,  0.0000 ,  0.0000 ,  0.0000 ,  0.0000 ,  0.0000 ,
  0.0000 ,  0.0000 ,  0.0000 ,  0.0000 ,  0.0000 ,  0.0000 ,
  0.0000 ,  0.0000 ,  0.0000 ,  0.0000 ,  0.0000 ,  0.0000 ,
  0.0000 ,  0.0000 ,  0.0000 ,  0.0000 ,  0.0000 ,  0.0000 ,
  0.0000 ,  0.0000 ,  0.0000 ,  0.0000 ,  0.0000 ,  0.0000 ,
  0.0000 ,  0.0000 ,  0.0000 ,  0.0000 ,  0.0000 ,  0.0000 ,
  0.0000 ,  0.0000 ,  0.0000 ,  0.0000 ,  0.0000 ,  0.0000 ,
  0.0000 ,  0.0000 ,  0.0000 ,  0.0000 ,  0.0000 ,  0.0000 ,
  0.0000 ,  0.0000 ,  0.0000 ,  0.0000 ,  0.0000 ,  0.0000 ,
  0.0000 ,  0.0000 ,  0.0000 ,  0.0000 ,  0.0000 ,  0.0000 ,
  0.0000 ,  0.0000 ,  0.0000 ,  0.0000 ,  0.0000 ,  0.0000 ,
  0.0000 ,  0.0000 ,  0.0000 ,  0.0000 ,  0.0000 ,  0.0000 ,
  0.0000 ,  0.0000 ,  0.0000 ,  0.0000 ,  0.0000 ,  0.0000 ,
  0.0000 ,  0.0000 ,  0.0000 ,  0.0000 ,  0.0000 ,  0.0000 ,
  0.0000 ,  0.0000 ,  0.0000 ,  0.0000 ,  0.0000 ,  0.0000 ,
  0.0000 ,  0.0000 ,  0.0000 ,  0.0000 ,  0.0000 ,  0.0000 ,
  0.0000 ,  0.0000 ,  0.0000 ,  0.0000 ,  0.0000 ,  0.0000 ,
  0.0000 ,  0.0000 ,  0.0000 ,  0.0000 ,  0.0000 ,  0.0000 ,
  0.0000 ,  0.0000 ,  0.0000 ,  0.0000 ,  0.0000 ,  0.0000 ,
  0.0000 ,  0.0000 ,  0.0000 ,  0.0000 ,  0.0000 ,  0.0000 ,
  0.0000 ,  0.0000 ,  0.0000 ,  0.0000 ,  0.0000 ,  0.0000 ,
  0.0000 ,  0.0000 ,  0.0000 ,  0.0000 ,  0.0000 ,  0.0000 ,
  0.0000 ,  0.0000 ,  0.0000 ,  0.0000 ,  0.0000 ,  0.0000 ,
  0.0000 ,  0.0000 ,  0.0000 ,  0.0000 ,  0.0000 ,  0.0000 ,
  0.0000 ,  0.0000 ,  0.0000 ,  0.0000 ,  0.0000 ,  0.0000 ,
  0.0000 ,  0.0000 ,  0.0000 ,  0.0000 ,  0.0000 ,  0.0000 ,
  0.0000 ,  0.0000 ,  0.0000 ,  0.0000 ,  0.0000 ,  0.0000 ,
  0.0000 ,  0.0000 ,  0.0000 ,  0.0000 ,  0.0000 ,  0.0000 ,
  0.0000 ,  0.0000 ,  0.0000 ,  0.0000 ,  0.0000 ,  0.0000 ,
  0.0000 ,  0.0000 ,  0.0000 ,  0.0000 ,  0.0000 ,  0.0000 ,
  0.0000 ,  0.0000 ,  0.0000 ,  0.0000 ,  0.0000 ,  0.0000 ,
  0.0000 ,  0.0000 ,  0.0000 ,  0.0000 ,  0.0000 ,  0.0000 ,
  0.0000 ,  0.0000 ,  0.0000 ,  0.0000 ,  0.0000 ,  0.0000 ,
  0.0000 ,  0.0000 ,  0.0000 ,  0.0000 ,  0.0000 ,  0.0000 ,
  0.0000 ,  0.0000 ,  0.0000 ,  0.0000 ,  0.0000 ,  0.0000 ,
  0.0000 ,  0.0000 ,  0.0000 ,  0.0000 ,  0.0000 ,  0.0000 ,
  0.0000 ,  0.0000 ,  0.0000 ,  0.0000 ,  0.0000 ,  0.0000 ,
  0.0000 ,  0.0000 ,  0.0000 ,  0.0000 ,  0.0000 ,  0.0000 ,
  0.0000 ,  0.0000 ,  0.0000 ,  0.0000 ,  0.0000 ,  0.0000 ,
  0.0000 ,  0.0000 ,  0.0000 ,  0.0000 ,  0.0000 ,  0.0000 ,
  0.0000 ,  0.0000 ,  0.0000 ,  0.0000 ,  0.0000 ,  0.0000 ,
  0.0000 ,  0.0000 ,  0.0000 ,  0.0000 ,  0.0000 ,  0.0000 ,
  0.0000 ,  0.0000 ,  0.0000 ,  0.0000 ,  0.0000 ,  0.0000 ,
  0.0000 ,  0.0000 ,  0.0000 ,  0.0000 ,  0.0000 ,  0.0000 ,
  0.0000 ,  0.0000 ,  0.0000 ,  0.0000 ,  0.0000 ,  0.0000 ,
  0.0000 ,  0.0000 ,  0.0000 ,  0.0000 ,  0.0000 ,  0.0000 ,
  0.0000 ,  0.0000 ,  0.0000 ,  0.0000 ,  0.0000 ,  0.0000 ,
  0.0000 ,  0.0000 ,  0.0000 ,  0.0000 ,  0.0000 ,  0.0000 ,
  0.0000 ,  0.0000 ,  0.0000 ,  0.0000 ,  0.0000 ,  0.0000 ,
  0.0000 ,  0.0000 ,  0.0000 ,  0.0000 ,  0.0000 ,  0.0000 ,
  0.0000 ,  0.0000 ,  0.0000 ,  0.0000 ,  0.0000 ,  0.0000 ,
  0.0000 ,  0.0000 ,  0.0000 ,  0.0000 ,  0.0000 ,  0.0000 ,
  0.0000 ,  0.0000 ,  0.0000 ,  0.0000 ,  0.0000 ,  0.0000 ,
  0.0000 ,  0.0000 ,  0.0000 ,  0.0000 ,  0.0000 ,  0.0000 ,
  0.0000 ,  0.0000 ,  0.0000 ,  0.0000 ,  0.0000 ,  0.0000 ,
  0.0000 ,  0.0000 ,  0.0000 ,  0.0000 ,  0.0000 ,  0.0000 ,
  0.0000 ,  0.0000 ,  0.0000 ,  0.0000 ,  0.0000 ,  0.0000 ,
  0.0000 ,  0.0000 ,  0.0000 ,  0.0000 ,  0.0000 ,  0.0000 ,
  0.0000 ,  0.0000 ,  0.0000 ,  0.0000 ,  0.0000 ,  0.0000 ,
  0.0000 ,  0.0000 ,  0.0000 ,  0.0000 ,  0.0000 ,  0.0000 ,
  0.0000 ,  0.0000 ,  0.0000 ,  0.0000 ,  0.0000 ,  0.0000 ,
  0.0000 ,  0.0000 ,  0.0000 ,  0.0000 ,  0.0000 ,  0.0000 ,
  0.0000 ,  0.0000 ,  0.0000 ,  0.0000 ,  0.0000 ,  0.0000 ,
  0.0000 ,  0.0000 ,  0.0000 ,  0.0000 ,  0.0000 ,  0.0000 ,
  0.0000 ,  0.0000 ,  0.0000 ,  0.0000 ,  0.0000 ,  0.0000 ,
  0.0000 ,  0.0000 ,  0.0000 ,  0.0000 ,  0.0000 ,  0.0000 ,
  0.0000 ,  0.0000 ,  0.0000 ,  0.0000 ,  0.0000 ,  0.0000 ,
  0.0000 ,  0.0000 ,  0.0000 ,  0.0000 ,  0.0000 ,  0.0000 ,
  0.0000 ,  0.0000 ,  0.0000 ,  0.0000 ,  0.0000 ,  0.0000 ,
  0.0000 ,  0.0000 ,  0.0000 ,  0.0000 ,  0.0000 ,  0.0000 ,
  0.0000 ,  0.0000 ,  0.0000 ,  0.0000 ,  0.0000 ,  0.0000 ,
  0.0000 ,  0.0000 ,  0.0000 ,  0.0000 ,  0.0000 ,  0.0000 ,
  0.0000 ,  0.0000 ,  0.0000 ,  0.0000 ,  0.0000 ,  0.0000 ,
  0.0000 ,  0.0000 ,  0.0000 ,  0.0000 ,  0.0000 ,  0.0000 ,
  0.0000 ,  0.0000 ,  0.0000 ,  0.0000 ,  0.0000 ,  0.0000 ,
  0.0000 ,  0.0000 ,  0.0000 ,  0.0000 ,  0.0000 ,  0.0000 ,
  0.0000 ,  0.0000 ,  0.0000 ,  0.0000 ,  0.0000 ,  0.0000 ,
  0.0000 ,  0.0000 ,  0.0000 ,  0.0000 ,  0.0000 ,  0.0000 ,
  0.0000 ,  0.0000 ,  0.0000 ,  0.0000 ,  0.0000 ,  0.0000 ,
  0.0000 ,  0.0000 ,  0.0000 ,  0.0000 ,  0.0000 ,  0.0000 ,
  0.0000 ,  0.0000 ,  0.0000 ,  0.0000 ,  0.0000 ,  0.0000 ,
  0.0000 ,  0.0000 ,  0.0000 ,  0.0000 ,  0.0000 ,  0.0000 ,
  0.0000 ,  0.0000 ,  0.0000 ,  0.0000 ,  0.0000 ,  0.0000 ,
  0.0000 ,  0.0000 ,  0.0000 ,  0.0000 ,  0.0000 ,  0.0000 ,
  0.0000 ,  0.0000 ,  0.0000 ,  0.0000 ,  0.0000 ,  0.0000 ,
  0.0000 ,  0.0000 ,  0.0000 ,  0.0000 ,  0.0000 ,  0.0000 ,
  0.0000 ,  0.0000 ,  0.0000 ,  0.0000 ,  0.0000 ,  0.0000 ,
  0.0000 ,  0.0000 ,  0.0000 ,  0.0000 ,  0.0000 ,  0.0000 ,
  0.0000 ,  0.0000 ,  0.0000 ,  0.0000 ,  0.0000 ,  0.0000 ,
  0.0000 ,  0.0000 ,  0.0000 ,  0.0000 ,  0.0000 ,  0.0000 ,
  0.0000 ,  0.0000 ,  0.0000 ,  0.0000 ,  0.0000 ,  0.0000 ,
  0.0000 ,  0.0000 ,  0.0000 ,  0.0000 ,  0.0000 ,  0.0000 ,
  0.0000 ,  0.0000 ,  0.0000 ,  0.0000 ,  0.0000 ,  0.0000 ,
  0.0000 ,  0.0000 ,  0.0000 ,  0.0000 ,  0.0000 ,  0.0000 ,
  0.0000 ,  0.0000 ,  0.0000 ,  0.0000 ,  0.0000 ,  0.0000 ,
  0.0000 ,  0.0000 ,  0.0000 ,  0.0000 ,  0.0000 ,  0.0000 ,
  0.0000 ,  0.0000 ,  0.0000 ,  0.0000 ,  0.0000 ,  0.0000 ,
  0.0000 ,  0.0000 ,  0.0000 ,  0.0000 ,  0.0000 ,  0.0000 ,
  0.0000 ,  0.0000 ,  0.0000 ,  0.0000 ,  0.0000 ,  0.0000 ,
  0.0000 ,  0.0000 ,  0.0000 ,  0.0000 ,  0.0000 ,  0.0000 ,
  0.0000 ,  0.0000 ,  0.0000 ,  0.0000 ,  0.0000 ,  0.0000 ,
  0.0000 ,  0.0000 ,  0.0000 ,  0.0000 ,  0.0000 ,  0.0000 ,
  0.0000 ,  0.0000 ,  0.0000 ,  0.0000 ,  0.0000 ,  0.0000 ,
  0.0000 ,  0.0000 ,  0.0000 ,  0.0000 ,  0.0000 ,  0.0000 ,
  0.0000 ,  0.0000 ,  0.0000 ,  0.0000 ,  0.0000 ,  0.0000 ,
  0.0000 ,  0.0000 ,  0.0000 ,  0.0000 ,  0.0000 ,  0.0000 ,
  0.0000 ,  0.0000 ,  0.0000 ,  0.0000 ,  0.0000 ,  0.0000 ,
  0.0000 ,  0.0000 ,  0.0000 ,  0.0000 ,  0.0000 ,  0.0000 ,
  0.0000 ,  0.0000 ,  0.0000 ,  0.0000 ,  0.0000 ,  0.0000 ,
  0.0000 ,  0.0000 ,  0.0000 ,  0.0000 ,  0.0000 ,  0.0000 ,
  0.0000 ,  0.0000 ,  0.0000 ,  0.0000 ,  0.0000 ,  0.0000 ,
  0.0000 ,  0.0000 ,  0.0000 ,  0.0000 ,  0.0000 ,  0.0000 ,
  0.0000 ,  0.0000 ,  0.0000 ,  0.0000 ,  0.0000 ,  0.0000 ,
  0.0000 ,  0.0000 ,  0.0000 ,  0.0000 ,  0.0000 ,  0.0000 ,
  0.0000 ,  0.0000 ,  0.0000 ,  0.0000 ,  0.0000 ,  0.0000 ,
  0.0000 ,  0.0000 ,  0.0000 ,  0.0000 ,  0.0000 ,  0.0000 ,
  0.0000 ,  0.0000 ,  0.0000 ,  0.0000 ,  0.0000 ,  0.0000 ,
  0.0000 ,  0.0000 ,  0.0000 ,  0.0000 ,  0.0000 ,  0.0000 ,
  0.0000 ,  0.0000 ,  0.0000 ,  0.0000 ,  0.0000 ,  0.0000 ,
  0.0000 ,  0.0000 ,  0.0000 ,  0.0000 ,  0.0000 ,  0.0000 ,
  0.0000 ,  0.0000 ,  0.0000 ,  0.0000 ,  0.0000 ,  0.0000 ,
  0.0000 ,  0.0000 ,  0.0000 ,  0.0000 ,  0.0000 ,  0.0000 ,
  0.0000 ,  0.0000 ,  0.0000 ,  0.0000 ,  0.0000 ,  0.0000 ,
  0.0000 ,  0.0000 ,  0.0000 ,  0.0000 ,  0.0000 ,  0.0000 ,
  0.0000 ,  0.0000 ,  0.0000 ,  0.0000 ,  0.0000 ,  0.0000 ,
  0.0000 ,  0.0000 ,  0.0000 ,  0.0000 ,  0.0000 ,  0.0000 ,
  0.0000 ,  0.0000 ,  0.0000 ,  0.0000 ,  0.0000 ,  0.0000 ,
  0.0000 ,  0.0000 ,  0.0000 ,  0.0000 ,  0.0000 ,  0.0000 ,
  0.0000 ,  0.0000 ,  0.0000 ,  0.0000 ,  0.0000 ,  0.0000 ,
  0.0000 ,  0.0000 ,  0.0000 ,  0.0000 ,  0.0000 ,  0.0000 ,
  0.0000 ,  0.0000 ,  0.0000 ,  0.0000 ,  0.0000 ,  0.0000 ,
  0.0000 ,  0.0000 ,  0.0000 ,  0.0000 ,  0.0000 ,  0.0000 ,
  0.0000 ,  0.0000 ,  0.0000 ,  0.0000 ,  0.0000 ,  0.0000 ,
  0.0000 ,  0.0000 ,  0.0000 ,  0.0000 ,  0.0000 ,  0.0000 ,
  0.0000 ,  0.0000 ,  0.0000 ,  0.0000 ,  0.0000 ,  0.0000 ,
  0.0000 ,  0.0000 ,  0.0000 ,  0.0000 ,  0.0000 ,  0.0000 ,
  0.0000 ,  0.0000 ,  0.0000 ,  0.0000 ,  0.0000 ,  0.0000 ,
  0.0000 ,  0.0000 ,  0.0000 ,  0.0000 ,  0.0000 ,  0.0000 ,
  0.0000 ,  0.0000 ,  0.0000 ,  0.0000 ,  0.0000 ,  0.0000 ,
  0.0000 ,  0.0000 ,  0.0000 ,  0.0000 ,  0.0000 ,  0.0000 ,
  0.0000 ,  0.0000 ,  0.0000 ,  0.0000 ,  0.0000 ,  0.0000 ,
  0.0000 ,  0.0000 ,  0.0000 ,  0.0000 ,  0.0000 ,  0.0000 ,
  0.0000 ,  0.0000 ,  0.0000 ,  0.0000 ,  0.0000 ,  0.0000 ,
  0.0000 ,  0.0000 ,  0.0000 ,  0.0000 ,  0.0000 ,  0.0000 ,
  0.0000 ,  0.0000 ,  0.0000 ,  0.0000 ,  0.0000 ,  0.0000 ,
  0.0000 ,  0.0000 ,  0.0000 ,  0.0000 ,  0.0000 ,  0.0000 ,
  0.0000 ,  0.0000 ,  0.0000 ,  0.0000 ,  0.0000 ,  0.0000 ,
  0.0000 ,  0.0000 ,  0.0000 ,  0.0000 ,  0.0000 ,  0.0000 ,
  0.0000 ,  0.0000 ,  0.0000 ,  0.0000 ,  0.0000 ,  0.0000 ,
  0.0000 ,  0.0000 ,  0.0000 ,  0.0000 ,  0.0000 ,  0.0000 ,
  0.0000 ,  0.0000 ,  0.0000 ,  0.0000 ,  0.0000 ,  0.0000 ,
  0.0000 ,  0.0000 ,  0.0000 ,  0.0000 ,  0.0000 ,  0.0000 ,
  0.0000 ,  0.0000 ,  0.0000 ,  0.0000 ,  0.0000 ,  0.0000 ,
  0.0000 ,  0.0000 ,  0.0000 ,  0.0000 ,  0.0000 ,  0.0000 ,
  0.0000 ,  0.0000 ,  0.0000 ,  0.0000 ,  0.0000 ,  0.0000 ,
  0.0000 ,  0.0000 ,  0.0000 ,  0.0000 ,  0.0000 ,  0.0000 ,
  0.0000 ,  0.0000 ,  0.0000 ,  0.0000 ,  0.0000 ,  0.0000 ,
  0.0000 ,  0.0000 ,  0.0000 ,  0.0000 ,  0.0000 ,  0.0000 ,
  0.0000 ,  0.0000 ,  0.0000 ,  0.0000 ,  0.0000 ,  0.0000 ,
  0.0000 ,  0.0000 ,  0.0000 ,  0.0000 ,  0.0000 ,  0.0000 ,
  0.0000 ,  0.0000 ,  0.0000 ,  0.0000 ,  0.0000 ,  0.0000 ,
  0.0000 ,  0.0000 ,  0.0000 ,  0.0000 ,  0.0000 ,  0.0000 ,
  0.0000 ,  0.0000 ,  0.0000 ,  0.0000 ,  0.0000 ,  0.0000 ,
  0.0000 ,  0.0000 ,  0.0000 ,  0.0000 ,  0.0000 ,  0.0000 ,
  0.0000 ,  0.0000 ,  0.0000 ,  0.0000 ,  0.0000 ,  0.0000 ,
  0.0000 ,  0.0000 ,  0.0000 ,  0.0000 ,  0.0000 ,  0.0000 ,
  0.0000 ,  0.0000 ,  0.0000 ,  0.0000 ,  0.0000 ,  0.0000 ,
  0.0000 ,  0.0000 ,  0.0000 ,  0.0000 ,  0.0000 ,  0.0000 ,
  0.0000 ,  0.0000 ,  0.0000 ,  0.0000 ,  0.0000 ,  0.0000 ,
  0.0000 ,  0.0000 ,  0.0000 ,  0.0000 ,  0.0000 ,  0.0000 ,
  0.0000 ,  0.0000 ,  0.0000 ,  0.0000 ,  0.0000 ,  0.0000 ,
  0.0000 ,  0.0000 ,  0.0000 ,  0.0000 ,  0.0000 ,  0.0000 ,
  0.0000 ,  0.0000 ,  0.0000 ,  0.0000 ,  0.0000 ,  0.0000 ,
  0.0000 ,  0.0000 ,  0.0000 ,  0.0000 ,  0.0000 ,  0.0000 ,
  0.0000 ,  0.0000 ,  0.0000 ,  0.0000 ,  0.0000 ,  0.0000 ,
  0.0000 ,  0.0000 ,  0.0000 ,  0.0000 ,  0.0000 ,  0.0000 ,
  0.0000 ,  0.0000 ,  0.0000 ,  0.0000 ,  0.0000 ,  0.0000 ,
  0.0000 ,  0.0000 ,  0.0000 ,  0.0000 ,  0.0000 ,  0.0000 ,
  0.0000 ,  0.0000 ,  0.0000 ,  0.0000 ,  0.0000 ,  0.0000 ,
  0.0000 ,  0.0000 ,  0.0000 ,  0.0000 ,  0.0000 ,  0.0000 ,
  0.0000 ,  0.0000 ,  0.0000 ,  0.0000 ,  0.0000 ,  0.0000 ,
  0.0000 ,  0.0000 ,  0.0000 ,  0.0000 ,  0.0000 ,  0.0000 ,
  0.0000 ,  0.0000 ,  0.0000 ,  0.0000 ,  0.0000 ,  0.0000 ,
  0.0000 ,  0.0000 ,  0.0000 ,  0.0000 ,  0.0000 ,  0.0000 ,
  0.0000 ,  0.0000 ,  0.0000 ,  0.0000 ,  0.0000 ,  0.0000 ,
  0.0000 ,  0.0000 ,  0.0000 ,  0.0000 ,  0.0000 ,  0.0000 ,
  0.0000 ,  0.0000 ,  0.0000 ,  0.0000 ,  0.0000 ,  0.0000 ,
  0.0000 ,  0.0000 ,  0.0000 ,  0.0000 ,  0.0000 ,  0.0000 ,
  0.0000 ,  0.0000 ,  0.0000 ,  0.0000 ,  0.0000 ,  0.0000 ,
  0.0000 ,  0.0000 ,  0.0000 ,  0.0000 ,  0.0000 ,  0.0000 ,
  0.0000 ,  0.0000 ,  0.0000 ,  0.0000 ,  0.0000 ,  0.0000 ,
  0.0000 ,  0.0000 ,  0.0000 ,  0.0000 ,  0.0000 ,  0.0000 ,
  0.0000 ,  0.0000 ,  0.0000 ,  0.0000 ,  0.0000 ,  0.0000 ,
  0.0000 ,  0.0000 ,  0.0000 ,  0.0000 ,  0.0000 ,  0.0000 ,
  0.0000 ,  0.0000 ,  0.0000 ,  0.0000 ,  0.0000 ,  0.0000 ,
  0.0000 ,  0.0000 ,  0.0000 ,  0.0000 ,  0.0000 ,  0.0000 ,
  0.0000 ,  0.0000 ,  0.0000 ,  0.0000 ,  0.0000 ,  0.0000 ,
  0.0000 ,  0.0000 ,  0.0000 ,  0.0000 ,  0.0000 ,  0.0000 ,
  0.0000 ,  0.0000 ,  0.0000 ,  0.0000 ,  0.0000 ,  0.0000 ,
  0.0000 ,  0.0000 ,  0.0000 ,  0.0000 ,  0.0000 ,  0.0000 ,
  0.0000 ,  0.0000 ,  0.0000 ,  0.0000 ,  0.0000 ,  0.0000 ,
  0.0000 ,  0.0000 ,  0.0000 ,  0.0000 ,  0.0000 ,  0.0000 ,
  0.0000 ,  0.0000 ,  0.0000 ,  0.0000 ,  0.0000 ,  0.0000 ,
  0.0000 ,  0.0000 ,  0.0000 ,  0.0000 ,  0.0000 ,  0.0000 ,
  0.0000 ,  0.0000 ,  0.0000 ,  0.0000 ,  0.0000 ,  0.0000 ,
  0.0000 ,  0.0000 ,  0.0000 ,  0.0000 ,  0.0000 ,  0.0000 ,
  0.0000 ,  0.0000 ,  0.0000 ,  0.0000 ,  0.0000 ,  0.0000 ,
  0.0000 ,  0.0000 ,  0.0000 ,  0.0000 ,  0.0000 ,  0.0000 ,
  0.0000 ,  0.0000 ,  0.0000 ,  0.0000 ,  0.0000 ,  0.0000 ,
  0.0000 ,  0.0000 ,  0.0000 ,  0.0000 ,  0.0000 ,  0.0000 ,
  0.0000 ,  0.0000 ,  0.0000 ,  0.0000 ,  0.0000 ,  0.0000 ,
  0.0000 ,  0.0000 ,  0.0000 ,  0.0000 ,  0.0000 ,  0.0000 ,
  0.0000 ,  0.0000 ,  0.0000 ,  0.0000 ,  0.0000 ,  0.0000 ,
  0.0000 ,  0.0000 ,  0.0000 ,  0.0000 ,  0.0000 ,  0.0000 ,
  0.0000 ,  0.0000 ,  0.0000 ,  0.0000 ,  0.0000 ,  0.0000 ,
  0.0000 ,  0.0000 ,  0.0000 ,  0.0000 ,  0.0000 ,  0.0000 ,
  0.0000 ,  0.0000 ,  0.0000 ,  0.0000 ,  0.0000 ,  0.0000 ,
  0.0000 ,  0.0000 ,  0.0000 ,  0.0000 ,  0.0000 ,  0.0000 ,
  0.0000 ,  0.0000 ,  0.0000 ,  0.0000 ,  0.0000 ,  0.0000 ,
  0.0000 ,  0.0000 ,  0.0000 ,  0.0000 ,  0.0000 ,  0.0000 ,
  0.0000 ,  0.0000 ,  0.0000 ,  0.0000 ,  0.0000 ,  0.0000 ,
  0.0000 ,  0.0000 ,  0.0000 ,  0.0000 ,  0.0000 ,  0.0000 ,
  0.0000 ,  0.0000 ,  0.0000 ,  0.0000 ,  0.0000 ,  0.0000 ,
  0.0000 ,  0.0000 ,  0.0000 ,  0.0000 ,  0.0000 ,  0.0000 ,
  0.0000 ,  0.0000 ,  0.0000 ,  0.0000 ,  0.0000 ,  0.0000 ,
  0.0000 ,  0.0000 ,  0.0000 ,  0.0000 ,  0.0000 ,  0.0000 ,
  0.0000 ,  0.0000 ,  0.0000 ,  0.0000 ,  0.0000 ,  0.0000 ,
  0.0000 ,  0.0000 ,  0.0000 ,  0.0000 ,  0.0000 ,  0.0000 ,
  0.0000 ,  0.0000 ,  0.0000 ,  0.0000 ,  0.0000 ,  0.0000 ,
  0.0000 ,  0.0000 ,  0.0000 ,  0.0000 ,  0.0000 ,  0.0000 ,
  0.0000 ,  0.0000 ,  0.0000 ,  0.0000 ,  0.0000 ,  0.0000 ,
  0.0000 ,  0.0000 ,  0.0000 ,  0.0000 ,  0.0000 ,  0.0000 ,
  0.0000 ,  0.0000 ,  0.0000 ,  0.0000 ,  0.0000 ,  0.0000 ,
  0.0000 ,  0.0000 ,  0.0000 ,  0.0000 ,  0.0000 ,  0.0000 ,
  0.0000 ,  0.0000 ,  0.0000 ,  0.0000 ,  0.0000 ,  0.0000 ,
  0.0000 ,  0.0000 ,  0.0000 ,  0.0000 ,  0.0000 ,  0.0000 ,
  0.0000 ,  0.0000 ,  0.0000 ,  0.0000 ,  0.0000 ,  0.0000 ,
  0.0000 ,  0.0000 ,  0.0000 ,  0.0000 ,  0.0000 ,  0.0000 ,
  0.0000 ,  0.0000 ,  0.0000 ,  0.0000 ,  0.0000 ,  0.0000 ,
  0.0000 ,  0.0000 ,  0.0000 ,  0.0000 ,  0.0000 ,  0.0000 ,
  0.0000 ,  0.0000 ,  0.0000 ,  0.0000 ,  0.0000 ,  0.0000 ,
  0.0000 ,  0.0000 ,  0.0000 ,  0.0000 ,  0.0000 ,  0.0000 ,
  0.0000 ,  0.0000 ,  0.0000 ,  0.0000 ,  0.0000 ,  0.0000 ,
  0.0000 ,  0.0000 ,  0.0000 ,  0.0000 ,  0.0000 ,  0.0000 ,
  0.0000 ,  0.0000 ,  0.0000 ,  0.0000 ,  0.0000 ,  0.0000 ,
  0.0000 ,  0.0000 ,  0.0000 ,  0.0000 ,  0.0000 ,  0.0000 ,
  0.0000 ,  0.0000 ,  0.0000 ,  0.0000 ,  0.0000 ,  0.0000 ,
  0.0000 ,  0.0000 ,  0.0000 ,  0.0000 ,  0.0000 ,  0.0000 ,
  0.0000 ,  0.0000 ,  0.0000 ,  0.0000 ,  0.0000 ,  0.0000 ,
  0.0000 ,  0.0000 ,  0.0000 ,  0.0000 ,  0.0000 ,  0.0000 ,
  0.0000 ,  0.0000 ,  0.0000 ,  0.0000 ,  0.0000 ,  0.0000 ,
  0.0000 ,  0.0000 ,  0.0000 ,  0.0000 ,  0.0000 ,  0.0000 ,
  0.0000 ,  0.0000 ,  0.0000 ,  0.0000 ,  0.0000 ,  0.0000 ,
  0.0000 ,  0.0000 ,  0.0000 ,  0.0000 ,  0.0000 ,  0.0000 ,
  0.0000 ,  0.0000 ,  0.0000 ,  0.0000 ,  0.0000 ,  0.0000 ,
  0.0000 ,  0.0000 ,  0.0000 ,  0.0000 ,  0.0000 ,  0.0000 ,
  0.0000 ,  0.0000 ,  0.0000 ,  0.0000 ,  0.0000 ,  0.0000 ,
  0.0000 ,  0.0000 ,  0.0000 ,  0.0000 ,  0.0000 ,  0.0000 ,
  0.0000 ,  0.0000 ,  0.0000 ,  0.0000 ,  0.0000 ,  0.0000 ,
  0.0000 ,  0.0000 ,  0.0000 ,  0.0000 ,  0.0000 ,  0.0000 ,
  0.0000 ,  0.0000 ,  0.0000 ,  0.0000 ,  0.0000 ,  0.0000 ,
  0.0000 ,  0.0000 ,  0.0000 ,  0.0000 ,  0.0000 ,  0.0000 ,
  0.0000 ,  0.0000 ,  0.0000 ,  0.0000 ,  0.0000 ,  0.0000 ,
  0.0000 ,  0.0000 ,  0.0000 ,  0.0000 ,  0.0000 ,  0.0000 ,
  0.0000 ,  0.0000 ,  0.0000 ,  0.0000 ,  0.0000 ,  0.0000 ,
  0.0000 ,  0.0000 ,  0.0000 ,  0.0000 ,  0.0000 ,  0.0000 ,
  0.0000 ,  0.0000 ,  0.0000 ,  0.0000 ,  0.0000 ,  0.0000 ,
  0.0000 ,  0.0000 ,  0.0000 ,  0.0000 ,  0.0000 ,  0.0000 ,
  0.0000 ,  0.0000 ,  0.0000 ,  0.0000 ,  0.0000 ,  0.0000 ,
  0.0000 ,  0.0000 ,  0.0000 ,  0.0000 ,  0.0000 ,  0.0000 ,
  0.0000 ,  0.0000 ,  0.0000 ,  0.0000 ,  0.0000 ,  0.0000 ,
  0.0000 ,  0.0000 ,  0.0000 ,  0.0000 ,  0.0000 ,  0.0000 ,
  0.0000 ,  0.0000 ,  0.0000 ,  0.0000 ,  0.0000 ,  0.0000 ,
  0.0000 ,  0.0000 ,  0.0000 ,  0.0000 ,  0.0000 ,  0.0000 ,
  0.0000 ,  0.0000 ,  0.0000 ,  0.0000 ,  0.0000 ,  0.0000 ,
  0.0000 ,  0.0000 ,  0.0000 ,  0.0000 ,  0.0000 ,  0.0000 ,
  0.0000 ,  0.0000 ,  0.0000 ,  0.0000 ,  0.0000 ,  0.0000 ,
  0.0000 ,  0.0000 ,  0.0000 ,  0.0000 ,  0.0000 ,  0.0000 ,
  0.0000 ,  0.0000 ,  0.0000 ,  0.0000 ,  0.0000 ,  0.0000 ,
  0.0000 ,  0.0000 ,  0.0000 ,  0.0000 ,  0.0000 ,  0.0000 ,
  0.0000 ,  0.0000 ,  0.0000 ,  0.0000 ,  0.0000 ,  0.0000 ,
  0.0000 ,  0.0000 ,  0.0000 ,  0.0000 ,  0.0000 ,  0.0000 ,
  0.0000 ,  0.0000 ,  0.0000 ,  0.0000 ,  0.0000 ,  0.0000 ,
  0.0000 ,  0.0000 ,  0.0000 ,  0.0000 ,  0.0000 ,  0.0000 ,
  0.0000 ,  0.0000 ,  0.0000 ,  0.0000 ,  0.0000 ,  0.0000 ,
  0.0000 ,  0.0000 ,  0.0000 ,  0.0000 ,  0.0000 ,  0.0000 ,
  0.0000 ,  0.0000 ,  0.0000 ,  0.0000 ,  0.0000 ,  0.0000 ,
  0.0000 ,  0.0000 ,  0.0000 ,  0.0000 ,  0.0000 ,  0.0000 ,
  0.0000 ,  0.0000 ,  0.0000 ,  0.0000 ,  0.0000 ,  0.0000 ,
  0.0000 ,  0.0000 ,  0.0000 ,  0.0000 ,  0.0000 ,  0.0000 ,
  0.0000 ,  0.0000 ,  0.0000 ,  0.0000 ,  0.0000 ,  0.0000 ,
  0.0000 ,  0.0000 ,  0.0000 ,  0.0000 ,  0.0000 ,  0.0000 ,
  0.0000 ,  0.0000 ,  0.0000 ,  0.0000 ,  0.0000 ,  0.0000 ,
  0.0000 ,  0.0000 ,  0.0000 ,  0.0000 ,  0.0000 ,  0.0000 ,
  0.0000 ,  0.0000 ,  0.0000 ,  0.0000 ,  0.0000 ,  0.0000 ,
  0.0000 ,  0.0000 ,  0.0000 ,  0.0000 ,  0.0000 ,  0.0000 ,
  0.0000 ,  0.0000 ,  0.0000 ,  0.0000 ,  0.0000 ,  0.0000 ,
  0.0000 ,  0.0000 ,  0.0000 ,  0.0000 ,  0.0000 ,  0.0000 ,
  0.0000 ,  0.0000 ,  0.0000 ,  0.0000 ,  0.0000 ,  0.0000 ,
  0.0000 ,  0.0000 ,  0.0000 ,  0.0000 ,  0.0000 ,  0.0000 ,
  0.0000 ,  0.0000 ,  0.0000 ,  0.0000 ,  0.0000 ,  0.0000 ,
  0.0000 ,  0.0000 ,  0.0000 ,  0.0000 ,  0.0000 ,  0.0000 ,
  0.0000 ,  0.0000 ,  0.0000 ,  0.0000 ,  0.0000 ,  0.0000 ,
  0.0000 ,  0.0000 ,  0.0000 ,  0.0000 ,  0.0000 ,  0.0000 ,
  0.0000 ,  0.0000 ,  0.0000 ,  0.0000 ,  0.0000 ,  0.0000 ,
  0.0000 ,  0.0000 ,  0.0000 ,  0.0000 ,  0.0000 ,  0.0000 ,
  0.0000 ,  0.0000 ,  0.0000 ,  0.0000 ,  0.0000 ,  0.0000 ,
  0.0000 ,  0.0000 ,  0.0000 ,  0.0000 ,  0.0000 ,  0.0000 ,
  0.0000 ,  0.0000 ,  0.0000 ,  0.0000 ,  0.0000 ,  0.0000 ,
  0.0000 ,  0.0000 ,  0.0000 ,  0.0000 ,  0.0000 ,  0.0000 ,
  0.0000 ,  0.0000 ,  0.0000 ,  0.0000 ,  0.0000 ,  0.0000 ,
  0.0000 ,  0.0000 ,  0.0000 ,  0.0000 ,  0.0000 ,  0.0000 ,
  0.0000 ,  0.0000 ,  0.0000 ,  0.0000 ,  0.0000 ,  0.0000 ,
  0.0000 ,  0.0000 ,  0.0000 ,  0.0000 ,  0.0000 ,  0.0000 ,
  0.0000 ,  0.0000 ,  0.0000 ,  0.0000 ,  0.0000 ,  0.0000 ,
  0.0000 ,  0.0000 ,  0.0000 ,  0.0000 ,  0.0000 ,  0.0000 ,
  0.0000 ,  0.0000 ,  0.0000 ,  0.0000 ,  0.0000 ,  0.0000 ,
  0.0000 ,  0.0000 ,  0.0000 ,  0.0000 ,  0.0000 ,  0.0000 ,
  0.0000 ,  0.0000 ,  0.0000 ,  0.0000 ,  0.0000 ,  0.0000 ,
  0.0000 ,  0.0000 ,  0.0000 ,  0.0000 ,  0.0000 ,  0.0000 ,
  0.0000 ,  0.0000 ,  0.0000 ,  0.0000 ,  0.0000 ,  0.0000 ,
  0.0000 ,  0.0000 ,  0.0000 ,  0.0000 ,  0.0000 ,  0.0000 ,
  0.0000 ,  0.0000 ,  0.0000 ,  0.0000 ,  0.0000 ,  0.0000 ,
  0.0000 ,  0.0000 ,  0.0000 ,  0.0000 ,  0.0000 ,  0.0000 ,
  0.0000 ,  0.0000 ,  0.0000 ,  0.0000 ,  0.0000 ,  0.0000 ,
  0.0000 ,  0.0000 ,  0.0000 ,  0.0000 ,  0.0000 ,  0.0000 ,
  0.0000 ,  0.0000 ,  0.0000 ,  0.0000 ,  0.0000 ,  0.0000 ,
  0.0000 ,  0.0000 ,  0.0000 ,  0.0000 ,  0.0000 ,  0.0000 ,
  0.0000 ,  0.0000 ,  0.0000 ,  0.0000 ,  0.0000 ,  0.0000 ,
  0.0000 ,  0.0000 ,  0.0000 ,  0.0000 ,  0.0000 ,  0.0000 ,
  0.0000 ,  0.0000 ,  0.0000 ,  0.0000 ,  0.0000 ,  0.0000 ,
  0.0000 ,  0.0000 ,  0.0000 ,  0.0000 ,  0.0000 ,  0.0000 ,
  0.0000 ,  0.0000 ,  0.0000 ,  0.0000 ,  0.0000 ,  0.0000 ,
  0.0000 ,  0.0000 ,  0.0000 ,  0.0000 ,  0.0000 ,  0.0000 ,
  0.0000 ,  0.0000 ,  0.0000 ,  0.0000 ,  0.0000 ,  0.0000 ,
  0.0000 ,  0.0000 ,  0.0000 ,  0.0000 ,  0.0000 ,  0.0000 ,
  0.0000 ,  0.0000 ,  0.0000 ,  0.0000 ,  0.0000 ,  0.0000 ,
  0.0000 ,  0.0000 ,  0.0000 ,  0.0000 ,  0.0000 ,  0.0000 ,
  0.0000 ,  0.0000 ,  0.0000 ,  0.0000 ,  0.0000 ,  0.0000 ,
  0.0000 ,  0.0000 ,  0.0000 ,  0.0000 ,  0.0000 ,  0.0000 ,
  0.0000 ,  0.0000 ,  0.0000 ,  0.0000 ,  0.0000 ,  0.0000 ,
  0.0000 ,  0.0000 ,  0.0000 ,  0.0000 ,  0.0000 ,  0.0000 ,
  0.0000 ,  0.0000 ,  0.0000 ,  0.0000 ,  0.0000 ,  0.0000 ,
  0.0000 ,  0.0000 ,  0.0000 ,  0.0000 ,  0.0000 ,  0.0000 ,
  0.0000 ,  0.0000 ,  0.0000 ,  0.0000 ,  0.0000 ,  0.0000 ,
  0.0000 ,  0.0000 ,  0.0000 ,  0.0000 ,  0.0000 ,  0.0000 ,
  0.0000 ,  0.0000 ,  0.0000 ,  0.0000 ,  0.0000 ,  0.0000 ,
  0.0000 ,  0.0000 ,  0.0000 ,  0.0000 ,  0.0000 ,  0.0000 ,
  0.0000 ,  0.0000 ,  0.0000 ,  0.0000 ,  0.0000 ,  0.0000 ,
  0.0000 ,  0.0000 ,  0.0000 ,  0.0000 ,  0.0000 ,  0.0000 ,
  0.0000 ,  0.0000 ,  0.0000 ,  0.0000 ,  0.0000 ,  0.0000 ,
  0.0000 ,  0.0000 ,  0.0000 ,  0.0000 ,  0.0000 ,  0.0000 ,
  0.0000 ,  0.0000 ,  0.0000 ,  0.0000 ,  0.0000 ,  0.0000 ,
  0.0000 ,  0.0000 ,  0.0000 ,  0.0000 ,  0.0000 ,  0.0000 ,
  0.0000 ,  0.0000 ,  0.0000 ,  0.0000 ,  0.0000 ,  0.0000 ,
  0.0000 ,  0.0000 ,  0.0000 ,  0.0000 ,  0.0000 ,  0.0000 ,
  0.0000 ,  0.0000 ,  0.0000 ,  0.0000 ,  0.0000 ,  0.0000 ,
  0.0000 ,  0.0000 ,  0.0000 ,  0.0000 ,  0.0000 ,  0.0000 ,
  0.0000 ,  0.0000 ,  0.0000 ,  0.0000 ,  0.0000 ,  0.0000 ,
  0.0000 ,  0.0000 ,  0.0000 ,  0.0000 ,  0.0000 ,  0.0000 ,
  0.0000 ,  0.0000 ,  0.0000 ,  0.0000 ,  0.0000 ,  0.0000 ,
  0.0000 ,  0.0000 ,  0.0000 ,  0.0000 ,  0.0000 ,  0.0000 ,
  0.0000 ,  0.0000 ,  0.0000 ,  0.0000 ,  0.0000 ,  0.0000 ,
  0.0000 ,  0.0000 ,  0.0000 ,  0.0000 ,  0.0000 ,  0.0000 ,
  0.0000 ,  0.0000 ,  0.0000 ,  0.0000 ,  0.0000 ,  0.0000 ,
  0.0000 ,  0.0000 ,  0.0000 ,  0.0000 ,  0.0000 ,  0.0000 ,
  0.0000 ,  0.0000 ,  0.0000 ,  0.0000 ,  0.0000 ,  0.0000 ,
  0.0000 ,  0.0000 ,  0.0000 ,  0.0000 ,  0.0000 ,  0.0000 ,
  0.0000 ,  0.0000 ,  0.0000 ,  0.0000 ,  0.0000 ,  0.0000 ,
  0.0000 ,  0.0000 ,  0.0000 ,  0.0000 ,  0.0000 ,  0.0000 ,
  0.0000 ,  0.0000 ,  0.0000 ,  0.0000 ,  0.0000 ,  0.0000 ,
  0.0000 ,  0.0000 ,  0.0000 ,  0.0000 ,  0.0000 ,  0.0000 ,
  0.0000 ,  0.0000 ,  0.0000 ,  0.0000 ,  0.0000 ,  0.0000 ,
  0.0000 ,  0.0000 ,  0.0000 ,  0.0000 ,  0.0000 ,  0.0000 ,
  0.0000 ,  0.0000 ,  0.0000 ,  0.0000 ,  0.0000 ,  0.0000 ,
  0.0000 ,  0.0000 ,  0.0000 ,  0.0000 ,  0.0000 ,  0.0000 ,
  0.0000 ,  0.0000 ,  0.0000 ,  0.0000 ,  0.0000 ,  0.0000 ,
  0.0000 ,  0.0000 ,  0.0000 ,  0.0000 ,  0.0000 ,  0.0000 ,
  0.0000 ,  0.0000 ,  0.0000 ,  0.0000 ,  0.0000 ,  0.0000 ,
  0.0000 ,  0.0000 ,  0.0000 ,  0.0000 ,  0.0000 ,  0.0000 ,
  0.0000 ,  0.0000 ,  0.0000 ,  0.0000 ,  0.0000 ,  0.0000 ,
  0.0000 ,  0.0000 ,  0.0000 ,  0.0000 ,  0.0000 ,  0.0000 ,
  0.0000 ,  0.0000 ,  0.0000 ,  0.0000 ,  0.0000 ,  0.0000 ,
  0.0000 ,  0.0000 ,  0.0000 ,  0.0000 ,  0.0000 ,  0.0000 ,
  0.0000 ,  0.0000 ,  0.0000 ,  0.0000 ,  0.0000 ,  0.0000 ,
  0.0000 ,  0.0000 ,  0.0000 ,  0.0000 ,  0.0000 ,  0.0000 ,
  0.0000 ,  0.0000 ,  0.0000 ,  0.0000 ,  0.0000 ,  0.0000 ,
  0.0000 ,  0.0000 ,  0.0000 ,  0.0000 ,  0.0000 ,  0.0000 ,
  0.0000 ,  0.0000 ,  0.0000 ,  0.0000 ,  0.0000 ,  0.0000 ,
  0.0000 ,  0.0000 ,  0.0000 ,  0.0000 ,  0.0000 ,  0.0000 ,
  0.0000 ,  0.0000 ,  0.0000 ,  0.0000 ,  0.0000 ,  0.0000 ,
  0.0000 ,  0.0000 ,  0.0000 ,  0.0000 ,  0.0000 ,  0.0000 ,
  0.0000 ,  0.0000 ,  0.0000 ,  0.0000 ,  0.0000 ,  0.0000 ,
  0.0000 ,  0.0000 ,  0.0000 ,  0.0000 ,  0.0000 ,  0.0000 ,
  0.0000 ,  0.0000 ,  0.0000 ,  0.0000 ,  0.0000 ,  0.0000 ,
  0.0000 ,  0.0000 ,  0.0000 ,  0.0000 ,  0.0000 ,  0.0000 ,
  0.0000 ,  0.0000 ,  0.0000 ,  0.0000 ,  0.0000 ,  0.0000 ,
  0.0000 ,  0.0000 ,  0.0000 ,  0.0000 ,  0.0000 ,  0.0000 ,
  0.0000 ,  0.0000 ,  0.0000 ,  0.0000 ,  0.0000 ,  0.0000 ,
  0.0000 ,  0.0000 ,  0.0000 ,  0.0000 ,  0.0000 ,  0.0000 ,
  0.0000 ,  0.0000 ,  0.0000 ,  0.0000 ,  0.0000 ,  0.0000 ,
  0.0000 ,  0.0000 ,  0.0000 ,  0.0000 ,  0.0000 ,  0.0000 ,
  0.0000 ,  0.0000 ,  0.0000 ,  0.0000 ,  0.0000 ,  0.0000 ,
  0.0000 ,  0.0000 ,  0.0000 ,  0.0000 ,  0.0000 ,  0.0000 ,
  0.0000 ,  0.0000 ,  0.0000 ,  0.0000 ,  0.0000 ,  0.0000 ,
  0.0000 ,  0.0000 ,  0.0000 ,  0.0000 ,  0.0000 ,  0.0000 ,
  0.0000 ,  0.0000 ,  0.0000 ,  0.0000 ,  0.0000 ,  0.0000 ,
  0.0000 ,  0.0000 ,  0.0000 ,  0.0000 ,  0.0000 ,  0.0000 ,
  0.0000 ,  0.0000 ,  0.0000 ,  0.0000 ,  0.0000 ,  0.0000 ,
  0.0000 ,  0.0000 ,  0.0000 ,  0.0000 ,  0.0000 ,  0.0000 ,
  0.0000 ,  0.0000 ,  0.0000 ,  0.0000 ,  0.0000 ,  0.0000 ,
  0.0000 ,  0.0000 ,  0.0000 ,  0.0000 ,  0.0000 ,  0.0000 ,
  0.0000 ,  0.0000 ,  0.0000 ,  0.0000 ,  0.0000 ,  0.0000 ,
  0.0000 ,  0.0000 ,  0.0000 ,  0.0000 ,  0.0000 ,  0.0000 ,
  0.0000 ,  0.0000 ,  0.0000 ,  0.0000 ,  0.0000 ,  0.0000 ,
  0.0000 ,  0.0000 ,  0.0000 ,  0.0000 ,  0.0000 ,  0.0000 ,
  0.0000 ,  0.0000 ,  0.0000 ,  0.0000 ,  0.0000 ,  0.0000 ,
  0.0000 ,  0.0000 ,  0.0000 ,  0.0000 ,  0.0000 ,  0.0000 ,
  0.0000 ,  0.0000 ,  0.0000 ,  0.0000 ,  0.0000 ,  0.0000 ,
  0.0000 ,  0.0000 ,  0.0000 ,  0.0000 ,  0.0000 ,  0.0000 ,
  0.0000 ,  0.0000 ,  0.0000 ,  0.0000 ,  0.0000 ,  0.0000 ,
  0.0000 ,  0.0000 ,  0.0000 ,  0.0000 ,  0.0000 ,  0.0000 ,
  0.0000 ,  0.0000 ,  0.0000 ,  0.0000 ,  0.0000 ,  0.0000 ,
  0.0000 ,  0.0000 ,  0.0000 ,  0.0000 ,  0.0000 ,  0.0000 ,
  0.0000 ,  0.0000 ,  0.0000 ,  0.0000 ,  0.0000 ,  0.0000 ,
  0.0000 ,  0.0000 ,  0.0000 ,  0.0000 ,  0.0000 ,  0.0000 ,
  0.0000 ,  0.0000 ,  0.0000 ,  0.0000 ,  0.0000 ,  0.0000 ,
  0.0000 ,  0.0000 ,  0.0000 ,  0.0000 ,  0.0000 ,  0.0000 ,
  0.0000 ,  0.0000 ,  0.0000 ,  0.0000 ,  0.0000 ,  0.0000 ,
  0.0000 ,  0.0000 ,  0.0000 ,  0.0000 ,  0.0000 ,  0.0000 ,
  0.0000 ,  0.0000 ,  0.0000 ,  0.0000 ,  0.0000 ,  0.0000 ,
  0.0000 ,  0.0000 ,  0.0000 ,  0.0000 ,  0.0000 ,  0.0000 ,
  0.0000 ,  0.0000 ,  0.0000 ,  0.0000 ,  0.0000 ,  0.0000 ,
  0.0000 ,  0.0000 ,  0.0000 ,  0.0000 ,  0.0000 ,  0.0000 ,
  0.0000 ,  0.0000 ,  0.0000 ,  0.0000 ,  0.0000 ,  0.0000 ,
  0.0000 ,  0.0000 ,  0.0000 ,  0.0000 ,  0.0000 ,  0.0000 ,
  0.0000 ,  0.0000 ,  0.0000 ,  0.0000 ,  0.0000 ,  0.0000 ,
  0.0000 ,  0.0000 ,  0.0000 ,  0.0000 ,  0.0000 ,  0.0000 ,
  0.0000 ,  0.0000 ,  0.0000 ,  0.0000 ,  0.0000 ,  0.0000 ,
  0.0000 ,  0.0000 ,  0.0000 ,  0.0000 ,  0.0000 ,  0.0000 ,
  0.0000 ,  0.0000 ,  0.0000 ,  0.0000 ,  0.0000 ,  0.0000 ,
  0.0000 ,  0.0000 ,  0.0000 ,  0.0000 ,  0.0000 ,  0.0000 ,
  0.0000 ,  0.0000 ,  0.0000 ,  0.0000 ,  0.0000 ,  0.0000 ,
  0.0000 ,  0.0000 ,  0.0000 ,  0.0000 ,  0.0000 ,  0.0000 ,
  0.0000 ,  0.0000 ,  0.0000 ,  0.0000 ,  0.0000 ,  0.0000 ,
  0.0000 ,  0.0000 ,  0.0000 ,  0.0000 ,  0.0000 ,  0.0000 ,
  0.0000 ,  0.0000 ,  0.0000 ,  0.0000 ,  0.0000 ,  0.0000 ,
  0.0000 ,  0.0000 ,  0.0000 ,  0.0000 ,  0.0000 ,  0.0000 ,
  0.0000 ,  0.0000 ,  0.0000 ,  0.0000 ,  0.0000 ,  0.0000 ,
  0.0000 ,  0.0000 ,  0.0000 ,  0.0000 ,  0.0000 ,  0.0000 ,
  0.0000 ,  0.0000 ,  0.0000 ,  0.0000 ,  0.0000 ,  0.0000 ,
  0.0000 ,  0.0000 ,  0.0000 ,  0.0000 ,  0.0000 ,  0.0000 ,
  0.0000 ,  0.0000 ,  0.0000 ,  0.0000 ,  0.0000 ,  0.0000 ,
  0.0000 ,  0.0000 ,  0.0000 ,  0.0000 ,  0.0000 ,  0.0000 ,
  0.0000 ,  0.0000 ,  0.0000 ,  0.0000 ,  0.0000 ,  0.0000 ,
  0.0000 ,  0.0000 ,  0.0000 ,  0.0000 ,  0.0000 ,  0.0000 ,
  0.0000 ,  0.0000 ,  0.0000 ,  0.0000 ,  0.0000 ,  0.0000 ,
  0.0000 ,  0.0000 ,  0.0000 ,  0.0000 ,  0.0000 ,  0.0000 ,
  0.0000 ,  0.0000 ,  0.0000 ,  0.0000 ,  0.0000 ,  0.0000 ,
  0.0000 ,  0.0000 ,  0.0000 ,  0.0000 ,  0.0000 ,  0.0000 ,
  0.0000 ,  0.0000 ,  0.0000 ,  0.0000 ,  0.0000 ,  0.0000 ,
  0.0000 ,  0.0000 ,  0.0000 ,  0.0000 ,  0.0000 ,  0.0000 ,
  0.0000 ,  0.0000 ,  0.0000 ,  0.0000 ,  0.0000 ,  0.0000 ,
  0.0000 ,  0.0000 ,  0.0000 ,  0.0000 ,  0.0000 ,  0.0000 ,
  0.0000 ,  0.0000 ,  0.0000 ,  0.0000 ,  0.0000 ,  0.0000 ,
  0.0000 ,  0.0000 ,  0.0000 ,  0.0000 ,  0.0000 ,  0.0000 ,
  0.0000 ,  0.0000 ,  0.0000 ,  0.0000 ,  0.0000 ,  0.0000 ,
  0.0000 ,  0.0000 ,  0.0000 ,  0.0000 ,  0.0000 ,  0.0000 ,
  0.0000 ,  0.0000 ,  0.0000 ,  0.0000 ,  0.0000 ,  0.0000 ,
  0.0000 ,  0.0000 ,  0.0000 ,  0.0000 ,  0.0000 ,  0.0000 ,
  0.0000 ,  0.0000 ,  0.0000 ,  0.0000 ,  0.0000 ,  0.0000 ,
  0.0000 ,  0.0000 ,  0.0000 ,  0.0000 ,  0.0000 ,  0.0000 ,
  0.0000 ,  0.0000 ,  0.0000 ,  0.0000 ,  0.0000 ,  0.0000 ,
  0.0000 ,  0.0000 ,  0.0000 ,  0.0000 ,  0.0000 ,  0.0000 ,
  0.0000 ,  0.0000 ,  0.0000 ,  0.0000 ,  0.0000 ,  0.0000 ,
  0.0000 ,  0.0000 ,  0.0000 ,  0.0000 ,  0.0000 ,  0.0000 ,
  0.0000 ,  0.0000 ,  0.0000 ,  0.0000 ,  0.0000 ,  0.0000 ,
  0.0000 ,  0.0000 ,  0.0000 ,  0.0000 ,  0.0000 ,  0.0000 ,
  0.0000 ,  0.0000 ,  0.0000 ,  0.0000 ,  0.0000 ,  0.0000 ,
  0.0000 ,  0.0000 ,  0.0000 ,  0.0000 ,  0.0000 ,  0.0000 ,
  0.0000 ,  0.0000 ,  0.0000 ,  0.0000 ,  0.0000 ,  0.0000 ,
  0.0000 ,  0.0000 ,  0.0000 ,  0.0000 ,  0.0000 ,  0.0000 ,
  0.0000 ,  0.0000 ,  0.0000 ,  0.0000 ,  0.0000 ,  0.0000 ,
  0.0000 ,  0.0000 ,  0.0000 ,  0.0000 ,  0.0000 ,  0.0000 ,
  0.0000 ,  0.0000 ,  0.0000 ,  0.0000 ,  0.0000 ,  0.0000 ,
  0.0000 ,  0.0000 ,  0.0000 ,  0.0000 ,  0.0000 ,  0.0000 ,
  0.0000 ,  0.0000 ,  0.0000 ,  0.0000 ,  0.0000 ,  0.0000 ,
  0.0000 ,  0.0000 ,  0.0000 ,  0.0000 ,  0.0000 ,  0.0000 ,
  0.0000 ,  0.0000 ,  0.0000 ,  0.0000 ,  0.0000 ,  0.0000 ,
  0.0000 ,  0.0000 ,  0.0000 ,  0.0000 ,  0.0000 ,  0.0000 ,
  0.0000 ,  0.0000 ,  0.0000 ,  0.0000 ,  0.0000 ,  0.0000 ,
  0.0000 ,  0.0000 ,  0.0000 ,  0.0000 ,  0.0000 ,  0.0000 ,
  0.0000 ,  0.0000 ,  0.0000 ,  0.0000 ,  0.0000 ,  0.0000 ,
  0.0000 ,  0.0000 ,  0.0000 ,  0.0000 ,  0.0000 ,  0.0000 ,
  0.0000 ,  0.0000 ,  0.0000 ,  0.0000 ,  0.0000 ,  0.0000 ,
  0.0000 ,  0.0000 ,  0.0000 ,  0.0000 ,  0.0000 ,  0.0000 ,
  0.0000 ,  0.0000 ,  0.0000 ,  0.0000 ,  0.0000 ,  0.0000 ,
  0.0000 ,  0.0000 ,  0.0000 ,  0.0000 ,  0.0000 ,  0.0000 ,
  0.0000 ,  0.0000 ,  0.0000 ,  0.0000 ,  0.0000 ,  0.0000 ,
  0.0000 ,  0.0000 ,  0.0000 ,  0.0000 ,  0.0000 ,  0.0000 ,
  0.0000 ,  0.0000 ,  0.0000 ,  0.0000 ,  0.0000 ,  0.0000 ,
  0.0000 ,  0.0000 ,  0.0000 ,  0.0000 ,  0.0000 ,  0.0000 ,
  0.0000 ,  0.0000 ,  0.0000 ,  0.0000 ,  0.0000 ,  0.0000 ,
  0.0000 ,  0.0000 ,  0.0000 ,  0.0000 ,  0.0000 ,  0.0000 ,
  0.0000 ,  0.0000 ,  0.0000 ,  0.0000 ,  0.0000 ,  0.0000 ,
  0.0000 ,  0.0000 ,  0.0000 ,  0.0000 ,  0.0000 ,  0.0000 ,
  0.0000 ,  0.0000 ,  0.0000 ,  0.0000 ,  0.0000 ,  0.0000 ,
  0.0000 ,  0.0000 ,  0.0000 ,  0.0000 ,  0.0000 ,  0.0000 ,
  0.0000 ,  0.0000 ,  0.0000 ,  0.0000 ,  0.0000 ,  0.0000 ,
  0.0000 ,  0.0000 ,  0.0000 ,  0.0000 ,  0.0000 ,  0.0000 ,
  0.0000 ,  0.0000 ,  0.0000 ,  0.0000 ,  0.0000 ,  0.0000 ,
  0.0000 ,  0.0000 ,  0.0000 ,  0.0000 ,  0.0000 ,  0.0000 ,
  0.0000 ,  0.0000 ,  0.0000 ,  0.0000 ,  0.0000 ,  0.0000 ,
  0.0000 ,  0.0000 ,  0.0000 ,  0.0000 ,  0.0000 ,  0.0000 ,
  0.0000 ,  0.0000 ,  0.0000 ,  0.0000 ,  0.0000 ,  0.0000 ,
  0.0000 ,  0.0000 ,  0.0000 ,  0.0000 ,  0.0000 ,  0.0000 ,
  0.0000 ,  0.0000 ,  0.0000 ,  0.0000 ,  0.0000 ,  0.0000 ,
  0.0000 ,  0.0000 ,  0.0000 ,  0.0000 ,  0.0000 ,  0.0000 ,
  0.0000 ,  0.0000 ,  0.0000 ,  0.0000 ,  0.0000 ,  0.0000 ,
  0.0000 ,  0.0000 ,  0.0000 ,  0.0000 ,  0.0000 ,  0.0000 ,
  0.0000 ,  0.0000 ,  0.0000 ,  0.0000 ,  0.0000 ,  0.0000 ,
  0.0000 ,  0.0000 ,  0.0000 ,  0.0000 ,  0.0000 ,  0.0000 ,
  0.0000 ,  0.0000 ,  0.0000 ,  0.0000 ,  0.0000 ,  0.0000 ,
  0.0000 ,  0.0000 ,  0.0000 ,  0.0000 ,  0.0000 ,  0.0000 ,
  0.0000 ,  0.0000 ,  0.0000 ,  0.0000 ,  0.0000 ,  0.0000 ,
  0.0000 ,  0.0000 ,  0.0000 ,  0.0000 ,  0.0000 ,  0.0000 ,
  0.0000 ,  0.0000 ,  0.0000 ,  0.0000 ,  0.0000 ,  0.0000 ,
  0.0000 ,  0.0000 ,  0.0000 ,  0.0000 ,  0.0000 ,  0.0000 ,
  0.0000 ,  0.0000 ,  0.0000 ,  0.0000 ,  0.0000 ,  0.0000 ,
  0.0000 ,  0.0000 ,  0.0000 ,  0.0000 ,  0.0000 ,  0.0000 ,
  0.0000 ,  0.0000 ,  0.0000 ,  0.0000 ,  0.0000 ,  0.0000 ,
  0.0000 ,  0.0000 ,  0.0000 ,  0.0000 ,  0.0000 ,  0.0000 ,
  0.0000 ,  0.0000 ,  0.0000 ,  0.0000 ,  0.0000 ,  0.0000 ,
  0.0000 ,  0.0000 ,  0.0000 ,  0.0000 ,  0.0000 ,  0.0000 ,
  0.0000 ,  0.0000 ,  0.0000 ,  0.0000 ,  0.0000 ,  0.0000 ,
  0.0000 ,  0.0000 ,  0.0000 ,  0.0000 ,  0.0000 ,  0.0000 ,
  0.0000 ,  0.0000 ,  0.0000 ,  0.0000 ,  0.0000 ,  0.0000 ,
  0.0000 ,  0.0000 ,  0.0000 ,  0.0000 ,  0.0000 ,  0.0000 ,
  0.0000 ,  0.0000 ,  0.0000 ,  0.0000 ,  0.0000 ,  0.0000 ,
  0.0000 ,  0.0000 ,  0.0000 ,  0.0000 ,  0.0000 ,  0.0000 ,
  0.0000 ,  0.0000 ,  0.0000 ,  0.0000 ,  0.0000 ,  0.0000 ,
  0.0000 ,  0.0000 ,  0.0000 ,  0.0000 ,  0.0000 ,  0.0000 ,
  0.0000 ,  0.0000 ,  0.0000 ,  0.0000 ,  0.0000 ,  0.0000 ,
  0.0000 ,  0.0000 ,  0.0000 ,  0.0000 ,  0.0000 ,  0.0000 ,
  0.0000 ,  0.0000 ,  0.0000 ,  0.0000 ,  0.0000 ,  0.0000 ,
  0.0000 ,  0.0000 ,  0.0000 ,  0.0000 ,  0.0000 ,  0.0000 ,
  0.0000 ,  0.0000 ,  0.0000 ,  0.0000 ,  0.0000 ,  0.0000 ,
  0.0000 ,  0.0000 ,  0.0000 ,  0.0000 ,  0.0000 ,  0.0000 ,
  0.0000 ,  0.0000 ,  0.0000 ,  0.0000 ,  0.0000 ,  0.0000 ,
  0.0000 ,  0.0000 ,  0.0000 ,  0.0000 ,  0.0000 ,  0.0000 ,
  0.0000 ,  0.0000 ,  0.0000 ,  0.0000 ,  0.0000 ,  0.0000 ,
  0.0000 ,  0.0000 ,  0.0000 ,  0.0000 ,  0.0000 ,  0.0000 ,
  0.0000 ,  0.0000 ,  0.0000 ,  0.0000 ,  0.0000 ,  0.0000 ,
  0.0000 ,  0.0000 ,  0.0000 ,  0.0000 ,  0.0000 ,  0.0000 ,
  0.0000 ,  0.0000 ,  0.0000 ,  0.0000 ,  0.0000 ,  0.0000 ,
  0.0000 ,  0.0000 ,  0.0000 ,  0.0000 ,  0.0000 ,  0.0000 ,
  0.0000 ,  0.0000 ,  0.0000 ,  0.0000 ,  0.0000 ,  0.0000 ,
  0.0000 ,  0.0000 ,  0.0000 ,  0.0000 ,  0.0000 ,  0.0000 ,
  0.0000 ,  0.0000 ,  0.0000 ,  0.0000 ,  0.0000 ,  0.0000 ,
  0.0000 ,  0.0000 ,  0.0000 ,  0.0000 ,  0.0000 ,  0.0000 ,
  0.0000 ,  0.0000 ,  0.0000 ,  0.0000 ,  0.0000 ,  0.0000 ,
  0.0000 ,  0.0000 ,  0.0000 ,  0.0000 ,  0.0000 ,  0.0000 ,
  0.0000 ,  0.0000 ,  0.0000 ,  0.0000 ,  0.0000 ,  0.0000 ,
  0.0000 ,  0.0000 ,  0.0000 ,  0.0000 ,  0.0000 ,  0.0000 ,
  0.0000 ,  0.0000 ,  0.0000 ,  0.0000 ,  0.0000 ,  0.0000 ,
  0.0000 ,  0.0000 ,  0.0000 ,  0.0000 ,  0.0000 ,  0.0000 ,
  0.0000 ,  0.0000 ,  0.0000 ,  0.0000 ,  0.0000 ,  0.0000 ,
  0.0000 ,  0.0000 ,  0.0000 ,  0.0000 ,  0.0000 ,  0.0000 ,
  0.0000 ,  0.0000 ,  0.0000 ,  0.0000 ,  0.0000 ,  0.0000 ,
  0.0000 ,  0.0000 ,  0.0000 ,  0.0000 ,  0.0000 ,  0.0000 ,
  0.0000 ,  0.0000 ,  0.0000 ,  0.0000 ,  0.0000 ,  0.0000 ,
  0.0000 ,  0.0000 ,  0.0000 ,  0.0000 ,  0.0000 ,  0.0000 ,
  0.0000 ,  0.0000 ,  0.0000 ,  0.0000 ,  0.0000 ,  0.0000 ,
  0.0000 ,  0.0000 ,  0.0000 ,  0.0000 ,  0.0000 ,  0.0000 ,
  0.0000 ,  0.0000 ,  0.0000 ,  0.0000 ,  0.0000 ,  0.0000 ,
  0.0000 ,  0.0000 ,  0.0000 ,  0.0000 ,  0.0000 ,  0.0000 ,
  0.0000 ,  0.0000 ,  0.0000 ,  0.0000 ,  0.0000 ,  0.0000 ,
  0.0000 ,  0.0000 ,  0.0000 ,  0.0000 ,  0.0000 ,  0.0000 ,
  0.0000 ,  0.0000 ,  0.0000 ,  0.0000 ,  0.0000 ,  0.0000 ,
  0.0000 ,  0.0000 ,  0.0000 ,  0.0000 ,  0.0000 ,  0.0000 ,
  0.0000 ,  0.0000 ,  0.0000 ,  0.0000 ,  0.0000 ,  0.0000 ,
  0.0000 ,  0.0000 ,  0.0000 ,  0.0000 ,  0.0000 ,  0.0000 ,
  0.0000 ,  0.0000 ,  0.0000 ,  0.0000 ,  0.0000 ,  0.0000 ,
  0.0000 ,  0.0000 ,  0.0000 ,  0.0000 ,  0.0000 ,  0.0000 ,
  0.0000 ,  0.0000 ,  0.0000 ,  0.0000 ,  0.0000 ,  0.0000 ,
  0.0000 ,  0.0000 ,  0.0000 ,  0.0000 ,  0.0000 ,  0.0000 ,
  0.0000 ,  0.0000 ,  0.0000 ,  0.0000 ,  0.0000 ,  0.0000 ,
  0.0000 ,  0.0000 ,  0.0000 ,  0.0000 ,  0.0000 ,  0.0000 ,
  0.0000 ,  0.0000 ,  0.0000 ,  0.0000 ,  0.0000 ,  0.0000 ,
  0.0000 ,  0.0000 ,  0.0000 ,  0.0000 ,  0.0000 ,  0.0000 ,
  0.0000 ,  0.0000 ,  0.0000 ,  0.0000 ,  0.0000 ,  0.0000 ,
  0.0000 ,  0.0000 ,  0.0000 ,  0.0000 ,  0.0000 ,  0.0000 ,
  0.0000 ,  0.0000 ,  0.0000 ,  0.0000 ,  0.0000 ,  0.0000 ,
  0.0000 ,  0.0000 ,  0.0000 ,  0.0000 ,  0.0000 ,  0.0000 ,
  0.0000 ,  0.0000 ,  0.0000 ,  0.0000 ,  0.0000 ,  0.0000 ,
  0.0000 ,  0.0000 ,  0.0000 ,  0.0000 ,  0.0000 ,  0.0000 ,
  0.0000 ,  0.0000 ,  0.0000 ,  0.0000 ,  0.0000 ,  0.0000 ,
  0.0000 ,  0.0000 ,  0.0000 ,  0.0000 ,  0.0000 ,  0.0000 ,
  0.0000 ,  0.0000 ,  0.0000 ,  0.0000 ,  0.0000 ,  0.0000 ,
  0.0000 ,  0.0000 ,  0.0000 ,  0.0000 ,  0.0000 ,  0.0000 ,
  0.0000 ,  0.0000 ,  0.0000 ,  0.0000 ,  0.0000 ,  0.0000 ,
  0.0000 ,  0.0000 ,  0.0000 ,  0.0000 ,  0.0000 ,  0.0000 ,
  0.0000 ,  0.0000 ,  0.0000 ,  0.0000 ,  0.0000 ,  0.0000 ,
  0.0000 ,  0.0000 ,  0.0000 ,  0.0000 ,  0.0000 ,  0.0000 ,
  0.0000 ,  0.0000 ,  0.0000 ,  0.0000 ,  0.0000 ,  0.0000 ,
  0.0000 ,  0.0000 ,  0.0000 ,  0.0000 ,  0.0000 ,  0.0000 ,
  0.0000 ,  0.0000 ,  0.0000 ,  0.0000 ,  0.0000 ,  0.0000 ,
  0.0000 ,  0.0000 ,  0.0000 ,  0.0000 ,  0.0000 ,  0.0000 ,
  0.0000 ,  0.0000 ,  0.0000 ,  0.0000 ,  0.0000 ,  0.0000 ,
  0.0000 ,  0.0000 ,  0.0000 ,  0.0000 ,  0.0000 ,  0.0000 ,
  0.0000 ,  0.0000 ,  0.0000 ,  0.0000 ,  0.0000 ,  0.0000 ,
  0.0000 ,  0.0000 ,  0.0000 ,  0.0000 ,  0.0000 ,  0.0000 ,
  0.0000 ,  0.0000 ,  0.0000 ,  0.0000 ,  0.0000 ,  0.0000 ,
  0.0000 ,  0.0000 ,  0.0000 ,  0.0000 ,  0.0000 ,  0.0000 ,
  0.0000 ,  0.0000 ,  0.0000 ,  0.0000 ,  0.0000 ,  0.0000 ,
  0.0000 ,  0.0000 ,  0.0000 ,  0.0000 ,  0.0000 ,  0.0000 ,
  0.0000 ,  0.0000 ,  0.0000 ,  0.0000 ,  0.0000 ,  0.0000 ,
  0.0000 ,  0.0000 ,  0.0000 ,  0.0000 ,  0.0000 ,  0.0000 ,
  0.0000 ,  0.0000 ,  0.0000 ,  0.0000 ,  0.0000 ,  0.0000 ,
  0.0000 ,  0.0000 ,  0.0000 ,  0.0000 ,  0.0000 ,  0.0000 ,
  0.0000 ,  0.0000 ,  0.0000 ,  0.0000 ,  0.0000 ,  0.0000 ,
  0.0000 ,  0.0000 ,  0.0000 ,  0.0000 ,  0.0000 ,  0.0000 ,
  0.0000 ,  0.0000 ,  0.0000 ,  0.0000 ,  0.0000 ,  0.0000 ,
  0.0000 ,  0.0000 ,  0.0000 ,  0.0000 ,  0.0000 ,  0.0000 ,
  0.0000 ,  0.0000 ,  0.0000 ,  0.0000 ,  0.0000 ,  0.0000 ,
  0.0000 ,  0.0000 ,  0.0000 ,  0.0000 ,  0.0000 ,  0.0000 ,
  0.0000 ,  0.0000 ,  0.0000 ,  0.0000 ,  0.0000 ,  0.0000 ,
  0.0000 ,  0.0000 ,  0.0000 ,  0.0000 ,  0.0000 ,  0.0000 ,
  0.0000 ,  0.0000 ,  0.0000 ,  0.0000 ,  0.0000 ,  0.0000 ,
  0.0000 ,  0.0000 ,  0.0000 ,  0.0000 ,  0.0000 ,  0.0000 ,
  0.0000 ,  0.0000 ,  0.0000 ,  0.0000 ,  0.0000 ,  0.0000 ,
  0.0000 ,  0.0000 ,  0.0000 ,  0.0000 ,  0.0000 ,  0.0000 ,
  0.0000 ,  0.0000 ,  0.0000 ,  0.0000 ,  0.0000 ,  0.0000 ,
  0.0000 ,  0.0000 ,  0.0000 ,  0.0000 ,  0.0000 ,  0.0000 ,
  0.0000 ,  0.0000 ,  0.0000 ,  0.0000 ,  0.0000 ,  0.0000 ,
  0.0000 ,  0.0000 ,  0.0000 ,  0.0000 ,  0.0000 ,  0.0000 ,
  0.0000 ,  0.0000 ,  0.0000 ,  0.0000 ,  0.0000 ,  0.0000 ,
  0.0000 ,  0.0000 ,  0.0000 ,  0.0000 ,  0.0000 ,  0.0000 ,
  0.0000 ,  0.0000 ,  0.0000 ,  0.0000 ,  0.0000 ,  0.0000 ,
  0.0000 ,  0.0000 ,  0.0000 ,  0.0000 ,  0.0000 ,  0.0000 ,
  0.0000 ,  0.0000 ,  0.0000 ,  0.0000 ,  0.0000 ,  0.0000 ,
  0.0000 ,  0.0000 ,  0.0000 ,  0.0000 ,  0.0000 ,  0.0000 ,
  0.0000 ,  0.0000 ,  0.0000 ,  0.0000 ,  0.0000 ,  0.0000 ,
  0.0000 ,  0.0000 ,  0.0000 ,  0.0000 ,  0.0000 ,  0.0000 ,
  0.0000 ,  0.0000 ,  0.0000 ,  0.0000 ,  0.0000 ,  0.0000 ,
  0.0000 ,  0.0000 ,  0.0000 ,  0.0000 ,  0.0000 ,  0.0000 ,
  0.0000 ,  0.0000 ,  0.0000 ,  0.0000 ,  0.0000 ,  0.0000 ,
  0.0000 ,  0.0000 ,  0.0000 ,  0.0000 ,  0.0000 ,  0.0000 ,
  0.0000 ,  0.0000 ,  0.0000 ,  0.0000 ,  0.0000 ,  0.0000 ,
  0.0000 ,  0.0000 ,  0.0000 ,  0.0000 ,  0.0000 ,  0.0000 ,
  0.0000 ,  0.0000 ,  0.0000 ,  0.0000 ,  0.0000 ,  0.0000 ,
  0.0000 ,  0.0000 ,  0.0000 ,  0.0000 ,  0.0000 ,  0.0000 ,
  0.0000 ,  0.0000 ,  0.0000 ,  0.0000 ,  0.0000 ,  0.0000 ,
  0.0000 ,  0.0000 ,  0.0000 ,  0.0000 ,  0.0000 ,  0.0000 ,
  0.0000 ,  0.0000 ,  0.0000 ,  0.0000 ,  0.0000 ,  0.0000 ,
  0.0000 ,  0.0000 ,  0.0000 ,  0.0000 ,  0.0000 ,  0.0000 ,
  0.0000 ,  0.0000 ,  0.0000 ,  0.0000 ,  0.0000 ,  0.0000 ,
  0.0000 ,  0.0000 ,  0.0000 ,  0.0000 ,  0.0000 ,  0.0000 ,
  0.0000 ,  0.0000 ,  0.0000 ,  0.0000 ,  0.0000 ,  0.0000 ,
  0.0000 ,  0.0000 ,  0.0000 ,  0.0000 ,  0.0000 ,  0.0000 ,
  0.0000 ,  0.0000 ,  0.0000 ,  0.0000 ,  0.0000 ,  0.0000 ,
  0.0000 ,  0.0000 ,  0.0000 ,  0.0000 ,  0.0000 ,  0.0000 ,
  0.0000 ,  0.0000 ,  0.0000 ,  0.0000 ,  0.0000 ,  0.0000 ,
  0.0000 ,  0.0000 ,  0.0000 ,  0.0000 ,  0.0000 ,  0.0000 ,
  0.0000 ,  0.0000 ,  0.0000 ,  0.0000 ,  0.0000 ,  0.0000 ,
  0.0000 ,  0.0000 ,  0.0000 ,  0.0000 ,  0.0000 ,  0.0000 ,
  0.0000 ,  0.0000 ,  0.0000 ,  0.0000 ,  0.0000 ,  0.0000 ,
  0.0000 ,  0.0000 ,  0.0000 ,  0.0000 ,  0.0000 ,  0.0000 ,
  0.0000 ,  0.0000 ,  0.0000 ,  0.0000 ,  0.0000 ,  0.0000 ,
  0.0000 ,  0.0000 ,  0.0000 ,  0.0000 ,  0.0000 ,  0.0000 ,
  0.0000 ,  0.0000 ,  0.0000 ,  0.0000 ,  0.0000 ,  0.0000 ,
  0.0000 ,  0.0000 ,  0.0000 ,  0.0000 ,  0.0000 ,  0.0000 ,
  0.0000 ,  0.0000 ,  0.0000 ,  0.0000 ,  0.0000 ,  0.0000 ,
  0.0000 ,  0.0000 ,  0.0000 ,  0.0000 ,  0.0000 ,  0.0000 ,
  0.0000 ,  0.0000 ,  0.0000 ,  0.0000 ,  0.0000 ,  0.0000 ,
  0.0000 ,  0.0000 ,  0.0000 ,  0.0000 ,  0.0000 ,  0.0000 ,
  0.0000 ,  0.0000 ,  0.0000 ,  0.0000 ,  0.0000 ,  0.0000 ,
  0.0000 ,  0.0000 ,  0.0000 ,  0.0000 ,  0.0000 ,  0.0000 ,
  0.0000 ,  0.0000 ,  0.0000 ,  0.0000 ,  0.0000 ,  0.0000 ,
  0.0000 ,  0.0000 ,  0.0000 ,  0.0000 ,  0.0000 ,  0.0000 ,
  0.0000 ,  0.0000 ,  0.0000 ,  0.0000 ,  0.0000 ,  0.0000 ,
  0.0000 ,  0.0000 ,  0.0000 ,  0.0000 ,  0.0000 ,  0.0000 ,
  0.0000 ,  0.0000 ,  0.0000 ,  0.0000 ,  0.0000 ,  0.0000 ,
  0.0000 ,  0.0000 ,  0.0000 ,  0.0000 ,  0.0000 ,  0.0000 ,
  0.0000 ,  0.0000 ,  0.0000 ,  0.0000 ,  0.0000 ,  0.0000 ,
  0.0000 ,  0.0000 ,  0.0000 ,  0.0000 ,  0.0000 ,  0.0000 ,
  0.0000 ,  0.0000 ,  0.0000 ,  0.0000 ,  0.0000 ,  0.0000 ,
  0.0000 ,  0.0000 ,  0.0000 ,  0.0000 ,  0.0000 ,  0.0000 ,
  0.0000 ,  0.0000 ,  0.0000 ,  0.0000 ,  0.0000 ,  0.0000 ,
  0.0000 ,  0.0000 ,  0.0000 ,  0.0000 ,  0.0000 ,  0.0000 ,
  0.0000 ,  0.0000 ,  0.0000 ,  0.0000 ,  0.0000 ,  0.0000 ,
  0.0000 ,  0.0000 ,  0.0000 ,  0.0000 ,  0.0000 ,  0.0000 ,
  0.0000 ,  0.0000 ,  0.0000 ,  0.0000 ,  0.0000 ,  0.0000 ,
  0.0000 ,  0.0000 ,  0.0000 ,  0.0000 ,  0.0000 ,  0.0000 ,
  0.0000 ,  0.0000 ,  0.0000 ,  0.0000 ,  0.0000 ,  0.0000 ,
  0.0000 ,  0.0000 ,  0.0000 ,  0.0000 ,  0.0000 ,  0.0000 ,
  0.0000 ,  0.0000 ,  0.0000 ,  0.0000 ,  0.0000 ,  0.0000 ,
  0.0000 ,  0.0000 ,  0.0000 ,  0.0000 ,  0.0000 ,  0.0000 ,
  0.0000 ,  0.0000 ,  0.0000 ,  0.0000 ,  0.0000 ,  0.0000 ,
  0.0000 ,  0.0000 ,  0.0000 ,  0.0000 ,  0.0000 ,  0.0000 ,
  0.0000 ,  0.0000 ,  0.0000 ,  0.0000 ,  0.0000 ,  0.0000 ,
  0.0000 ,  0.0000 ,  0.0000 ,  0.0000 ,  0.0000 ,  0.0000 ,
  0.0000 ,  0.0000 ,  0.0000 ,  0.0000 ,  0.0000 ,  0.0000 ,
  0.0000 ,  0.0000 ,  0.0000 ,  0.0000 ,  0.0000 ,  0.0000 ,
  0.0000 ,  0.0000 ,  0.0000 ,  0.0000 ,  0.0000 ,  0.0000 ,
  0.0000 ,  0.0000 ,  0.0000 ,  0.0000 ,  0.0000 ,  0.0000 ,
  0.0000 ,  0.0000 ,  0.0000 ,  0.0000 ,  0.0000 ,  0.0000 ,
  0.0000 ,  0.0000 ,  0.0000 ,  0.0000 ,  0.0000 ,  0.0000 ,
  0.0000 ,  0.0000 ,  0.0000 ,  0.0000 ,  0.0000 ,  0.0000 ,
  0.0000 ,  0.0000 ,  0.0000 ,  0.0000 ,  0.0000 ,  0.0000 ,
  0.0000 ,  0.0000 ,  0.0000 ,  0.0000 ,  0.0000 ,  0.0000 ,
  0.0000 ,  0.0000 ,  0.0000 ,  0.0000 ,  0.0000 ,  0.0000 ,
  0.0000 ,  0.0000 ,  0.0000 ,  0.0000 ,  0.0000 ,  0.0000 ,
  0.0000 ,  0.0000 ,  0.0000 ,  0.0000 ,  0.0000 ,  0.0000 ,
  0.0000 ,  0.0000 ,  0.0000 ,  0.0000 ,  0.0000 ,  0.0000 ,
  0.0000 ,  0.0000 ,  0.0000 ,  0.0000 ,  0.0000 ,  0.0000 ,
  0.0000 ,  0.0000 ,  0.0000 ,  0.0000 ,  0.0000 ,  0.0000 ,
  0.0000 ,  0.0000 ,  0.0000 ,  0.0000 ,  0.0000 ,  0.0000 ,
  0.0000 ,  0.0000 ,  0.0000 ,  0.0000 ,  0.0000 ,  0.0000 ,
  0.0000 ,  0.0000 ,  0.0000 ,  0.0000 ,  0.0000 ,  0.0000 ,
  0.0000 ,  0.0000 ,  0.0000 ,  0.0000 ,  0.0000 ,  0.0000 ,
  0.0000 ,  0.0000 ,  0.0000 ,  0.0000 ,  0.0000 ,  0.0000 ,
  0.0000 ,  0.0000 ,  0.0000 ,  0.0000 ,  0.0000 ,  0.0000 ,
  0.0000 ,  0.0000 ,  0.0000 ,  0.0000 ,  0.0000 ,  0.0000 ,
  0.0000 ,  0.0000 ,  0.0000 ,  0.0000 ,  0.0000 ,  0.0000 ,
  0.0000 ,  0.0000 ,  0.0000 ,  0.0000 ,  0.0000 ,  0.0000 ,
  0.0000 ,  0.0000 ,  0.0000 ,  0.0000 ,  0.0000 ,  0.0000 ,
  0.0000 ,  0.0000 ,  0.0000 ,  0.0000 ,  0.0000 ,  0.0000 ,
  0.0000 ,  0.0000 ,  0.0000 ,  0.0000 ,  0.0000 ,  0.0000 ,
  0.0000 ,  0.0000 ,  0.0000 ,  0.0000 ,  0.0000 ,  0.0000 ,
  0.0000 ,  0.0000 ,  0.0000 ,  0.0000 ,  0.0000 ,  0.0000 ,
  0.0000 ,  0.0000 ,  0.0000 ,  0.0000 ,  0.0000 ,  0.0000 ,
  0.0000 ,  0.0000 ,  0.0000 ,  0.0000 ,  0.0000 ,  0.0000 ,
  0.0000 ,  0.0000 ,  0.0000 ,  0.0000 ,  0.0000 ,  0.0000 ,
  0.0000 ,  0.0000 ,  0.0000 ,  0.0000 ,  0.0000 ,  0.0000 ,
  0.0000 ,  0.0000 ,  0.0000 ,  0.0000 ,  0.0000 ,  0.0000 ,
  0.0000 ,  0.0000 ,  0.0000 ,  0.0000 ,  0.0000 ,  0.0000 ,
  0.0000 ,  0.0000 ,  0.0000 ,  0.0000 ,  0.0000 ,  0.0000 ,
  0.0000 ,  0.0000 ,  0.0000 ,  0.0000 ,  0.0000 ,  0.0000 ,
  0.0000 ,  0.0000 ,  0.0000 ,  0.0000 ,  0.0000 ,  0.0000 ,
  0.0000 ,  0.0000 ,  0.0000 ,  0.0000 ,  0.0000 ,  0.0000 ,
  0.0000 ,  0.0000 ,  0.0000 ,  0.0000 ,  0.0000 ,  0.0000 ,
  0.0000 ,  0.0000 ,  0.0000 ,  0.0000 ,  0.0000 ,  0.0000 ,
  0.0000 ,  0.0000 ,  0.0000 ,  0.0000 ,  0.0000 ,  0.0000 ,
  0.0000 ,  0.0000 ,  0.0000 ,  0.0000 ,  0.0000 ,  0.0000 ,
  0.0000 ,  0.0000 ,  0.0000 ,  0.0000 ,  0.0000 ,  0.0000 ,
  0.0000 ,  0.0000 ,  0.0000 ,  0.0000 ,  0.0000 ,  0.0000 ,
  0.0000 ,  0.0000 ,  0.0000 ,  0.0000 ,  0.0000 ,  0.0000 ,
  0.0000 ,  0.0000 ,  0.0000 ,  0.0000 ,  0.0000 ,  0.0000 ,
  0.0000 ,  0.0000 ,  0.0000 ,  0.0000 ,  0.0000 ,  0.0000 ,
  0.0000 ,  0.0000 ,  0.0000 ,  0.0000 ,  0.0000 ,  0.0000 ,
  0.0000 ,  0.0000 ,  0.0000 ,  0.0000 ,  0.0000 ,  0.0000 ,
  0.0000 ,  0.0000 ,  0.0000 ,  0.0000 ,  0.0000 ,  0.0000 ,
  0.0000 ,  0.0000 ,  0.0000 ,  0.0000 ,  0.0000 ,  0.0000 ,
  0.0000 ,  0.0000 ,  0.0000 ,  0.0000 ,  0.0000 ,  0.0000 ,
  0.0000 ,  0.0000 ,  0.0000 ,  0.0000 ,  0.0000 ,  0.0000 ,
  0.0000 ,  0.0000 ,  0.0000 ,  0.0000 ,  0.0000 ,  0.0000 ,
  0.0000 ,  0.0000 ,  0.0000 ,  0.0000 ,  0.0000 ,  0.0000 ,
  0.0000 ,  0.0000 ,  0.0000 ,  0.0000 ,  0.0000 ,  0.0000 ,
  0.0000 ,  0.0000 ,  0.0000 ,  0.0000 ,  0.0000 ,  0.0000 ,
  0.0000 ,  0.0000 ,  0.0000 ,  0.0000 ,  0.0000 ,  0.0000 ,
  0.0000 ,  0.0000 ,  0.0000 ,  0.0000 ,  0.0000 ,  0.0000 ,
  0.0000 ,  0.0000 ,  0.0000 ,  0.0000 ,  0.0000 ,  0.0000 ,
  0.0000 ,  0.0000 ,  0.0000 ,  0.0000 ,  0.0000 ,  0.0000 ,
  0.0000 ,  0.0000 ,  0.0000 ,  0.0000 ,  0.0000 ,  0.0000 ,
  0.0000 ,  0.0000 ,  0.0000 ,  0.0000 ,  0.0000 ,  0.0000 ,
  0.0000 ,  0.0000 ,  0.0000 ,  0.0000 ,  0.0000 ,  0.0000 ,
  0.0000 ,  0.0000 ,  0.0000 ,  0.0000 ,  0.0000 ,  0.0000 ,
  0.0000 ,  0.0000 ,  0.0000 ,  0.0000 ,  0.0000 ,  0.0000 ,
  0.0000 ,  0.0000 ,  0.0000 ,  0.0000 ,  0.0000 ,  0.0000 ,
  0.0000 ,  0.0000 ,  0.0000 ,  0.0000 ,  0.0000 ,  0.0000 ,
  0.0000 ,  0.0000 ,  0.0000 ,  0.0000 ,  0.0000 ,  0.0000 ,
  0.0000 ,  0.0000 ,  0.0000 ,  0.0000 ,  0.0000 ,  0.0000 ,
  0.0000 ,  0.0000 ,  0.0000 ,  0.0000 ,  0.0000 ,  0.0000 ,
  0.0000 ,  0.0000 ,  0.0000 ,  0.0000 ,  0.0000 ,  0.0000 ,
  0.0000 ,  0.0000 ,  0.0000 ,  0.0000 ,  0.0000 ,  0.0000 ,
  0.0000 ,  0.0000 ,  0.0000 ,  0.0000 ,  0.0000 ,  0.0000 ,
  0.0000 ,  0.0000 ,  0.0000 ,  0.0000 ,  0.0000 ,  0.0000 ,
  0.0000 ,  0.0000 ,  0.0000 ,  0.0000 ,  0.0000 ,  0.0000 ,
  0.0000 ,  0.0000 ,  0.0000 ,  0.0000 ,  0.0000 ,  0.0000 ,
  0.0000 ,  0.0000 ,  0.0000 ,  0.0000 ,  0.0000 ,  0.0000 ,
  0.0000 ,  0.0000 ,  0.0000 ,  0.0000 ,  0.0000 ,  0.0000 ,
  0.0000 ,  0.0000 ,  0.0000 ,  0.0000 ,  0.0000 ,  0.0000 ,
  0.0000 ,  0.0000 ,  0.0000 ,  0.0000 ,  0.0000 ,  0.0000 ,
  0.0000 ,  0.0000 ,  0.0000 ,  0.0000 ,  0.0000 ,  0.0000 ,
  0.0000 ,  0.0000 ,  0.0000 ,  0.0000 ,  0.0000 ,  0.0000 ,
  0.0000 ,  0.0000 ,  0.0000 ,  0.0000 ,  0.0000 ,  0.0000 ,
  0.0000 ,  0.0000 ,  0.0000 ,  0.0000 ,  0.0000 ,  0.0000 ,
  0.0000 ,  0.0000 ,  0.0000 ,  0.0000 ,  0.0000 ,  0.0000 ,
  0.0000 ,  0.0000 ,  0.0000 ,  0.0000 ,  0.0000 ,  0.0000 ,
  0.0000 ,  0.0000 ,  0.0000 ,  0.0000 ,  0.0000 ,  0.0000 ,
  0.0000 ,  0.0000 ,  0.0000 ,  0.0000 ,  0.0000 ,  0.0000 ,
  0.0000 ,  0.0000 ,  0.0000 ,  0.0000 ,  0.0000 ,  0.0000 ,
  0.0000 ,  0.0000 ,  0.0000 ,  0.0000 ,  0.0000 ,  0.0000 ,
  0.0000 ,  0.0000 ,  0.0000 ,  0.0000 ,  0.0000 ,  0.0000 ,
  0.0000 ,  0.0000 ,  0.0000 ,  0.0000 ,  0.0000 ,  0.0000 ,
  0.0000 ,  0.0000 ,  0.0000 ,  0.0000 ,  0.0000 ,  0.0000 ,
  0.0000 ,  0.0000 ,  0.0000 ,  0.0000 ,  0.0000 ,  0.0000 ,
  0.0000 ,  0.0000 ,  0.0000 ,  0.0000 ,  0.0000 ,  0.0000 ,
  0.0000 ,  0.0000 ,  0.0000 ,  0.0000 ,  0.0000 ,  0.0000 ,
  0.0000 ,  0.0000 ,  0.0000 ,  0.0000 ,  0.0000 ,  0.0000 ,
  0.0000 ,  0.0000 ,  0.0000 ,  0.0000 ,  0.0000 ,  0.0000 ,
  0.0000 ,  0.0000 ,  0.0000 ,  0.0000 ,  0.0000 ,  0.0000 ,
  0.0000 ,  0.0000 ,  0.0000 ,  0.0000 ,  0.0000 ,  0.0000 ,
  0.0000 ,  0.0000 ,  0.0000 ,  0.0000 ,  0.0000 ,  0.0000 ,
  0.0000 ,  0.0000 ,  0.0000 ,  0.0000 ,  0.0000 ,  0.0000 ,
  0.0000 ,  0.0000 ,  0.0000 ,  0.0000 ,  0.0000 ,  0.0000 ,
  0.0000 ,  0.0000 ,  0.0000 ,  0.0000 ,  0.0000 ,  0.0000 ,
  0.0000 ,  0.0000 ,  0.0000 ,  0.0000 ,  0.0000 ,  0.0000 ,
  0.0000 ,  0.0000 ,  0.0000 ,  0.0000 ,  0.0000 ,  0.0000 ,
  0.0000 ,  0.0000 ,  0.0000 ,  0.0000 ,  0.0000 ,  0.0000 ,
  0.0000 ,  0.0000 ,  0.0000 ,  0.0000 ,  0.0000 ,  0.0000 ,
  0.0000 ,  0.0000 ,  0.0000 ,  0.0000 ,  0.0000 ,  0.0000 ,
  0.0000 ,  0.0000 ,  0.0000 ,  0.0000 ,  0.0000 ,  0.0000 ,
  0.0000 ,  0.0000 ,  0.0000 ,  0.0000 ,  0.0000 ,  0.0000 ,
  0.0000 ,  0.0000 ,  0.0000 ,  0.0000 ,  0.0000 ,  0.0000 ,
  0.0000 ,  0.0000 ,  0.0000 ,  0.0000 ,  0.0000 ,  0.0000 ,
  0.0000 ,  0.0000 ,  0.0000 ,  0.0000 ,  0.0000 ,  0.0000 ,
  0.0000 ,  0.0000 ,  0.0000 ,  0.0000 ,  0.0000 ,  0.0000 ,
  0.0000 ,  0.0000 ,  0.0000 ,  0.0000 ,  0.0000 ,  0.0000 ,
  0.0000 ,  0.0000 ,  0.0000 ,  0.0000 ,  0.0000 ,  0.0000 ,
  0.0000 ,  0.0000 ,  0.0000 ,  0.0000 ,  0.0000 ,  0.0000 ,
  0.0000 ,  0.0000 ,  0.0000 ,  0.0000 ,  0.0000 ,  0.0000 ,
  0.0000 ,  0.0000 ,  0.0000 ,  0.0000 ,  0.0000 ,  0.0000 ,
  0.0000 ,  0.0000 ,  0.0000 ,  0.0000 ,  0.0000 ,  0.0000 ,
  0.0000 ,  0.0000 ,  0.0000 ,  0.0000 ,  0.0000 ,  0.0000 ,
  0.0000 ,  0.0000 ,  0.0000 ,  0.0000 ,  0.0000 ,  0.0000 ,
  0.0000 ,  0.0000 ,  0.0000 ,  0.0000 ,  0.0000 ,  0.0000 ,
  0.0000 ,  0.0000 ,  0.0000 ,  0.0000 ,  0.0000 ,  0.0000 ,
  0.0000 ,  0.0000 ,  0.0000 ,  0.0000 ,  0.0000 ,  0.0000 ,
  0.0000 ,  0.0000 ,  0.0000 ,  0.0000 ,  0.0000 ,  0.0000 ,
  0.0000 ,  0.0000 ,  0.0000 ,  0.0000 ,  0.0000 ,  0.0000 ,
  0.0000 ,  0.0000 ,  0.0000 ,  0.0000 ,  0.0000 ,  0.0000 ,
  0.0000 ,  0.0000 ,  0.0000 ,  0.0000 ,  0.0000 ,  0.0000 ,
  0.0000 ,  0.0000 ,  0.0000 ,  0.0000 ,  0.0000 ,  0.0000 ,
  0.0000 ,  0.0000 ,  0.0000 ,  0.0000 ,  0.0000 ,  0.0000 ,
  0.0000 ,  0.0000 ,  0.0000 ,  0.0000 ,  0.0000 ,  0.0000 ,
  0.0000 ,  0.0000 ,  0.0000 ,  0.0000 ,  0.0000 ,  0.0000 ,
  0.0000 ,  0.0000 ,  0.0000 ,  0.0000 ,  0.0000 ,  0.0000 ,
  0.0000 ,  0.0000 ,  0.0000 ,  0.0000 ,  0.0000 ,  0.0000 ,
  0.0000 ,  0.0000 ,  0.0000 ,  0.0000 ,  0.0000 ,  0.0000 ,
  0.0000 ,  0.0000 ,  0.0000 ,  0.0000 ,  0.0000 ,  0.0000 ,
  0.0000 ,  0.0000 ,  0.0000 ,  0.0000 ,  0.0000 ,  0.0000 ,
  0.0000 ,  0.0000 ,  0.0000 ,  0.0000 ,  0.0000 ,  0.0000 ,
  0.0000 ,  0.0000 ,  0.0000 ,  0.0000 ,  0.0000 ,  0.0000 ,
  0.0000 ,  0.0000 ,  0.0000 ,  0.0000 ,  0.0000 ,  0.0000 ,
  0.0000 ,  0.0000 ,  0.0000 ,  0.0000 ,  0.0000 ,  0.0000 ,
  0.0000 ,  0.0000 ,  0.0000 ,  0.0000 ,  0.0000 ,  0.0000 ,
  0.0000 ,  0.0000 ,  0.0000 ,  0.0000 ,  0.0000 ,  0.0000 ,
  0.0000 ,  0.0000 ,  0.0000 ,  0.0000 ,  0.0000 ,  0.0000 ,
  0.0000 ,  0.0000 ,  0.0000 ,  0.0000 ,  0.0000 ,  0.0000 ,
  0.0000 ,  0.0000 ,  0.0000 ,  0.0000 ,  0.0000 ,  0.0000 ,
  0.0000 ,  0.0000 ,  0.0000 ,  0.0000 ,  0.0000 ,  0.0000 ,
  0.0000 ,  0.0000 ,  0.0000 ,  0.0000 ,  0.0000 ,  0.0000 ,
  0.0000 ,  0.0000 ,  0.0000 ,  0.0000 ,  0.0000 ,  0.0000 ,
  0.0000 ,  0.0000 ,  0.0000 ,  0.0000 ,  0.0000 ,  0.0000 ,
  0.0000 ,  0.0000 ,  0.0000 ,  0.0000 ,  0.0000 ,  0.0000 ,
  0.0000 ,  0.0000 ,  0.0000 ,  0.0000 ,  0.0000 ,  0.0000 ,
  0.0000 ,  0.0000 ,  0.0000 ,  0.0000 ,  0.0000 ,  0.0000 ,
  0.0000 ,  0.0000 ,  0.0000 ,  0.0000 ,  0.0000 ,  0.0000 ,
  0.0000 ,  0.0000 ,  0.0000 ,  0.0000 ,  0.0000 ,  0.0000 ,
  0.0000 ,  0.0000 ,  0.0000 ,  0.0000 ,  0.0000 ,  0.0000 ,
  0.0000 ,  0.0000 ,  0.0000 ,  0.0000 ,  0.0000 ,  0.0000 ,
  0.0000 ,  0.0000 ,  0.0000 ,  0.0000 ,  0.0000 ,  0.0000 ,
  0.0000 ,  0.0000 ,  0.0000 ,  0.0000 ,  0.0000 ,  0.0000 ,
  0.0000 ,  0.0000 ,  0.0000 ,  0.0000 ,  0.0000 ,  0.0000 ,
  0.0000 ,  0.0000 ,  0.0000 ,  0.0000 ,  0.0000 ,  0.0000 ,
  0.0000 ,  0.0000 ,  0.0000 ,  0.0000 ,  0.0000 ,  0.0000 ,
  0.0000 ,  0.0000 ,  0.0000 ,  0.0000 ,  0.0000 ,  0.0000 ,
  0.0000 ,  0.0000 ,  0.0000 ,  0.0000 ,  0.0000 ,  0.0000 ,
  0.0000 ,  0.0000 ,  0.0000 ,  0.0000 ,  0.0000 ,  0.0000 ,
  0.0000 ,  0.0000 ,  0.0000 ,  0.0000 ,  0.0000 ,  0.0000 ,
  0.0000 ,  0.0000 ,  0.0000 ,  0.0000 ,  0.0000 ,  0.0000 ,
  0.0000 ,  0.0000 ,  0.0000 ,  0.0000 ,  0.0000 ,  0.0000 ,
  0.0000 ,  0.0000 ,  0.0000 ,  0.0000 ,  0.0000 ,  0.0000 ,
  0.0000 ,  0.0000 ,  0.0000 ,  0.0000 ,  0.0000 ,  0.0000 ,
  0.0000 ,  0.0000 ,  0.0000 ,  0.0000 ,  0.0000 ,  0.0000 ,
  0.0000 ,  0.0000 ,  0.0000 ,  0.0000 ,  0.0000 ,  0.0000 ,
  0.0000 ,  0.0000 ,  0.0000 ,  0.0000 ,  0.0000 ,  0.0000 ,
  0.0000 ,  0.0000 ,  0.0000 ,  0.0000 ,  0.0000 ,  0.0000 ,
  0.0000 ,  0.0000 ,  0.0000 ,  0.0000 ,  0.0000 ,  0.0000 ,
  0.0000 ,  0.0000 ,  0.0000 ,  0.0000 ,  0.0000 ,  0.0000 ,
  0.0000 ,  0.0000 ,  0.0000 ,  0.0000 ,  0.0000 ,  0.0000 ,
  0.0000 ,  0.0000 ,  0.0000 ,  0.0000 ,  0.0000 ,  0.0000 ,
  0.0000 ,  0.0000 ,  0.0000 ,  0.0000 ,  0.0000 ,  0.0000 ,
  0.0000 ,  0.0000 ,  0.0000 ,  0.0000 ,  0.0000 ,  0.0000 ,
  0.0000 ,  0.0000 ,  0.0000 ,  0.0000 ,  0.0000 ,  0.0000 ,
  0.0000 ,  0.0000 ,  0.0000 ,  0.0000 ,  0.0000 ,  0.0000 ,
  0.0000 ,  0.0000 ,  0.0000 ,  0.0000 ,  0.0000 ,  0.0000 ,
  0.0000 ,  0.0000 ,  0.0000 ,  0.0000 ,  0.0000 ,  0.0000 ,
  0.0000 ,  0.0000 ,  0.0000 ,  0.0000 ,  0.0000 ,  0.0000 ,
  0.0000 ,  0.0000 ,  0.0000 ,  0.0000 ,  0.0000 ,  0.0000 ,
  0.0000 ,  0.0000 ,  0.0000 ,  0.0000 ,  0.0000 ,  0.0000 ,
  0.0000 ,  0.0000 ,  0.0000 ,  0.0000 ,  0.0000 ,  0.0000 ,
  0.0000 ,  0.0000 ,  0.0000 ,  0.0000 ,  0.0000 ,  0.0000 ,
  0.0000 ,  0.0000 ,  0.0000 ,  0.0000 ,  0.0000 ,  0.0000 ,
  0.0000 ,  0.0000 ,  0.0000 ,  0.0000 ,  0.0000 ,  0.0000 ,
  0.0000 ,  0.0000 ,  0.0000 ,  0.0000 ,  0.0000 ,  0.0000 ,
  0.0000 ,  0.0000 ,  0.0000 ,  0.0000 ,  0.0000 ,  0.0000 ,
  0.0000 ,  0.0000 ,  0.0000 ,  0.0000 ,  0.0000 ,  0.0000 ,
  0.0000 ,  0.0000 ,  0.0000 ,  0.0000 ,  0.0000 ,  0.0000 ,
  0.0000 ,  0.0000 ,  0.0000 ,  0.0000 ,  0.0000 ,  0.0000 ,
  0.0000 ,  0.0000 ,  0.0000 ,  0.0000 ,  0.0000 ,  0.0000 ,
  0.0000 ,  0.0000 ,  0.0000 ,  0.0000 ,  0.0000 ,  0.0000 ,
  0.0000 ,  0.0000 ,  0.0000 ,  0.0000 ,  0.0000 ,  0.0000 ,
  0.0000 ,  0.0000 ,  0.0000 ,  0.0000 ,  0.0000 ,  0.0000 ,
  0.0000 ,  0.0000 ,  0.0000 ,  0.0000 ,  0.0000 ,  0.0000 ,
  0.0000 ,  0.0000 ,  0.0000 ,  0.0000 ,  0.0000 ,  0.0000 ,
  0.0000 ,  0.0000 ,  0.0000 ,  0.0000 ,  0.0000 ,  0.0000 ,
  0.0000 ,  0.0000 ,  0.0000 ,  0.0000 ,  0.0000 ,  0.0000 ,
  0.0000 ,  0.0000 ,  0.0000 ,  0.0000 ,  0.0000 ,  0.0000 ,
  0.0000 ,  0.0000 ,  0.0000 ,  0.0000 ,  0.0000 ,  0.0000 ,
  0.0000 ,  0.0000 ,  0.0000 ,  0.0000 ,  0.0000 ,  0.0000 ,
  0.0000 ,  0.0000 ,  0.0000 ,  0.0000 ,  0.0000 ,  0.0000 ,
  0.0000 ,  0.0000 ,  0.0000 ,  0.0000 ,  0.0000 ,  0.0000 ,
  0.0000 ,  0.0000 ,  0.0000 ,  0.0000 ,  0.0000 ,  0.0000 ,
  0.0000 ,  0.0000 ,  0.0000 ,  0.0000 ,  0.0000 ,  0.0000 ,
  0.0000 ,  0.0000 ,  0.0000 ,  0.0000 ,  0.0000 ,  0.0000 ,
  0.0000 ,  0.0000 ,  0.0000 ,  0.0000 ,  0.0000 ,  0.0000 ,
  0.0000 ,  0.0000 ,  0.0000 ,  0.0000 ,  0.0000 ,  0.0000 ,
  0.0000 ,  0.0000 ,  0.0000 ,  0.0000 ,  0.0000 ,  0.0000 ,
  0.0000 ,  0.0000 ,  0.0000 ,  0.0000 ,  0.0000 ,  0.0000 ,
  0.0000 ,  0.0000 ,  0.0000 ,  0.0000 ,  0.0000 ,  0.0000 ,
  0.0000 ,  0.0000 ,  0.0000 ,  0.0000 ,  0.0000 ,  0.0000 ,
  0.0000 ,  0.0000 ,  0.0000 ,  0.0000 ,  0.0000 ,  0.0000 ,
  0.0000 ,  0.0000 ,  0.0000 ,  0.0000 ,  0.0000 ,  0.0000 ,
  0.0000 ,  0.0000 ,  0.0000 ,  0.0000 ,  0.0000 ,  0.0000 ,
  0.0000 ,  0.0000 ,  0.0000 ,  0.0000 ,  0.0000 ,  0.0000 ,
  0.0000 ,  0.0000 ,  0.0000 ,  0.0000 ,  0.0000 ,  0.0000 ,
  0.0000 ,  0.0000 ,  0.0000 ,  0.0000 ,  0.0000 ,  0.0000 ,
  0.0000 ,  0.0000 ,  0.0000 ,  0.0000 ,  0.0000 ,  0.0000 ,
  0.0000 ,  0.0000 ,  0.0000 ,  0.0000 ,  0.0000 ,  0.0000 ,
  0.0000 ,  0.0000 ,  0.0000 ,  0.0000 ,  0.0000 ,  0.0000 ,
  0.0000 ,  0.0000 ,  0.0000 ,  0.0000 ,  0.0000 ,  0.0000 ,
  0.0000 ,  0.0000 ,  0.0000 ,  0.0000 ,  0.0000 ,  0.0000 ,
  0.0000 ,  0.0000 ,  0.0000 ,  0.0000 ,  0.0000 ,  0.0000 ,
  0.0000 ,  0.0000 ,  0.0000 ,  0.0000 ,  0.0000 ,  0.0000 ,
  0.0000 ,  0.0000 ,  0.0000 ,  0.0000 ,  0.0000 ,  0.0000 ,
  0.0000 ,  0.0000 ,  0.0000 ,  0.0000 ,  0.0000 ,  0.0000 ,
  0.0000 ,  0.0000 ,  0.0000 ,  0.0000 ,  0.0000 ,  0.0000 ,
  0.0000 ,  0.0000 ,  0.0000 ,  0.0000 ,  0.0000 ,  0.0000 ,
  0.0000 ,  0.0000 ,  0.0000 ,  0.0000 ,  0.0000 ,  0.0000 ,
  0.0000 ,  0.0000 ,  0.0000 ,  0.0000 ,  0.0000 ,  0.0000 ,
  0.0000 ,  0.0000 ,  0.0000 ,  0.0000 ,  0.0000 ,  0.0000 ,
  0.0000 ,  0.0000 ,  0.0000 ,  0.0000 ,  0.0000 ,  0.0000 ,
  0.0000 ,  0.0000 ,  0.0000 ,  0.0000 ,  0.0000 ,  0.0000 ,
  0.0000 ,  0.0000 ,  0.0000 ,  0.0000 ,  0.0000 ,  0.0000 ,
  0.0000 ,  0.0000 ,  0.0000 ,  0.0000 ,  0.0000 ,  0.0000 ,
  0.0000 ,  0.0000 ,  0.0000 ,  0.0000 ,  0.0000 ,  0.0000 ,
  0.0000 ,  0.0000 ,  0.0000 ,  0.0000 ,  0.0000 ,  0.0000 ,
  0.0000 ,  0.0000 ,  0.0000 ,  0.0000 ,  0.0000 ,  0.0000 ,
  0.0000 ,  0.0000 ,  0.0000 ,  0.0000 ,  0.0000 ,  0.0000 ,
  0.0000 ,  0.0000 ,  0.0000 ,  0.0000 ,  0.0000 ,  0.0000 ,
  0.0000 ,  0.0000 ,  0.0000 ,  0.0000 ,  0.0000 ,  0.0000 ,
  0.0000 ,  0.0000 ,  0.0000 ,  0.0000 ,  0.0000 ,  0.0000 ,
  0.0000 ,  0.0000 ,  0.0000 ,  0.0000 ,  0.0000 ,  0.0000 ,
  0.0000 ,  0.0000 ,  0.0000 ,  0.0000 ,  0.0000 ,  0.0000 ,
  0.0000 ,  0.0000 ,  0.0000 ,  0.0000 ,  0.0000 ,  0.0000 ,
  0.0000 ,  0.0000 ,  0.0000 ,  0.0000 ,  0.0000 ,  0.0000 ,
  0.0000 ,  0.0000 ,  0.0000 ,  0.0000 ,  0.0000 ,  0.0000 ,
  0.0000 ,  0.0000 ,  0.0000 ,  0.0000 ,  0.0000 ,  0.0000 ,
  0.0000 ,  0.0000 ,  0.0000 ,  0.0000 ,  0.0000 ,  0.0000 ,
  0.0000 ,  0.0000 ,  0.0000 ,  0.0000 ,  0.0000 ,  0.0000 ,
  0.0000 ,  0.0000 ,  0.0000 ,  0.0000 ,  0.0000 ,  0.0000 ,
  0.0000 ,  0.0000 ,  0.0000 ,  0.0000 ,  0.0000 ,  0.0000 ,
  0.0000 ,  0.0000 ,  0.0000 ,  0.0000 ,  0.0000 ,  0.0000 ,
  0.0000 ,  0.0000 ,  0.0000 ,  0.0000 ,  0.0000 ,  0.0000 ,
  0.0000 ,  0.0000 ,  0.0000 ,  0.0000 ,  0.0000 ,  0.0000 ,
  0.0000 ,  0.0000 ,  0.0000 ,  0.0000 ,  0.0000 ,  0.0000 ,
  0.0000 ,  0.0000 ,  0.0000 ,  0.0000 ,  0.0000 ,  0.0000 ,
  0.0000 ,  0.0000 ,  0.0000 ,  0.0000 ,  0.0000 ,  0.0000 ,
  0.0000 ,  0.0000 ,  0.0000 ,  0.0000 ,  0.0000 ,  0.0000 ,
  0.0000 ,  0.0000 ,  0.0000 ,  0.0000 ,  0.0000 ,  0.0000 ,
  0.0000 ,  0.0000 ,  0.0000 ,  0.0000 ,  0.0000 ,  0.0000 ,
  0.0000 ,  0.0000 ,  0.0000 ,  0.0000 ,  0.0000 ,  0.0000 ,
  0.0000 ,  0.0000 ,  0.0000 ,  0.0000 ,  0.0000 ,  0.0000 ,
  0.0000 ,  0.0000 ,  0.0000 ,  0.0000 ,  0.0000 ,  0.0000 ,
  0.0000 ,  0.0000 ,  0.0000 ,  0.0000 ,  0.0000 ,  0.0000 ,
  0.0000 ,  0.0000 ,  0.0000 ,  0.0000 ,  0.0000 ,  0.0000 ,
  0.0000 ,  0.0000 ,  0.0000 ,  0.0000 ,  0.0000 ,  0.0000 ,
  0.0000 ,  0.0000 ,  0.0000 ,  0.0000 ,  0.0000 ,  0.0000 ,
  0.0000 ,  0.0000 ,  0.0000 ,  0.0000 ,  0.0000 ,  0.0000 ,
  0.0000 ,  0.0000 ,  0.0000 ,  0.0000 ,  0.0000 ,  0.0000 ,
  0.0000 ,  0.0000 ,  0.0000 ,  0.0000 ,  0.0000 ,  0.0000 ,
  0.0000 ,  0.0000 ,  0.0000 ,  0.0000 ,  0.0000 ,  0.0000 ,
  0.0000 ,  0.0000 ,  0.0000 ,  0.0000 ,  0.0000 ,  0.0000 ,
  0.0000 ,  0.0000 ,  0.0000 ,  0.0000 ,  0.0000 ,  0.0000 ,
  0.0000 ,  0.0000 ,  0.0000 ,  0.0000 ,  0.0000 ,  0.0000 ,
  0.0000 ,  0.0000 ,  0.0000 ,  0.0000 ,  0.0000 ,  0.0000 ,
  0.0000 ,  0.0000 ,  0.0000 ,  0.0000 ,  0.0000 ,  0.0000 ,
  0.0000 ,  0.0000 ,  0.0000 ,  0.0000 ,  0.0000 ,  0.0000 ,
  0.0000 ,  0.0000 ,  0.0000 ,  0.0000 ,  0.0000 ,  0.0000 ,
  0.0000 ,  0.0000 ,  0.0000 ,  0.0000 ,  0.0000 ,  0.0000 ,
  0.0000 ,  0.0000 ,  0.0000 ,  0.0000 ,  0.0000 ,  0.0000 ,
  0.0000 ,  0.0000 ,  0.0000 ,  0.0000 ,  0.0000 ,  0.0000 ,
  0.0000 ,  0.0000 ,  0.0000 ,  0.0000 ,  0.0000 ,  0.0000 ,
  0.0000 ,  0.0000 ,  0.0000 ,  0.0000 ,  0.0000 ,  0.0000 ,
  0.0000 ,  0.0000 ,  0.0000 ,  0.0000 ,  0.0000 ,  0.0000 ,
  0.0000 ,  0.0000 ,  0.0000 ,  0.0000 ,  0.0000 ,  0.0000 ,
  0.0000 ,  0.0000 ,  0.0000 ,  0.0000 ,  0.0000 ,  0.0000 ,
  0.0000 ,  0.0000 ,  0.0000 ,  0.0000 ,  0.0000 ,  0.0000 ,
  0.0000 ,  0.0000 ,  0.0000 ,  0.0000 ,  0.0000 ,  0.0000 ,
  0.0000 ,  0.0000 ,  0.0000 ,  0.0000 ,  0.0000 ,  0.0000 ,
  0.0000 ,  0.0000 ,  0.0000 ,  0.0000 ,  0.0000 ,  0.0000 ,
  0.0000 ,  0.0000 ,  0.0000 ,  0.0000 ,  0.0000 ,  0.0000 ,
  0.0000 ,  0.0000 ,  0.0000 ,  0.0000 ,  0.0000 ,  0.0000 ,
  0.0000 ,  0.0000 ,  0.0000 ,  0.0000 ,  0.0000 ,  0.0000 ,
  0.0000 ,  0.0000 ,  0.0000 ,  0.0000 ,  0.0000 ,  0.0000 ,
  0.0000 ,  0.0000 ,  0.0000 ,  0.0000 ,  0.0000 ,  0.0000 ,
  0.0000 ,  0.0000 ,  0.0000 ,  0.0000 ,  0.0000 ,  0.0000 ,
  0.0000 ,  0.0000 ,  0.0000 ,  0.0000 ,  0.0000 ,  0.0000 ,
  0.0000 ,  0.0000 ,  0.0000 ,  0.0000 ,  0.0000 ,  0.0000 ,
  0.0000 ,  0.0000 ,  0.0000 ,  0.0000 ,  0.0000 ,  0.0000 ,
  0.0000 ,  0.0000 ,  0.0000 ,  0.0000 ,  0.0000 ,  0.0000 ,
  0.0000 ,  0.0000 ,  0.0000 ,  0.0000 ,  0.0000 ,  0.0000 ,
  0.0000 ,  0.0000 ,  0.0000 ,  0.0000 ,  0.0000 ,  0.0000 ,
  0.0000 ,  0.0000 ,  0.0000 ,  0.0000 ,  0.0000 ,  0.0000 ,
  0.0000 ,  0.0000 ,  0.0000 ,  0.0000 ,  0.0000 ,  0.0000 ,
  0.0000 ,  0.0000 ,  0.0000 ,  0.0000 ,  0.0000 ,  0.0000 ,
  0.0000 ,  0.0000 ,  0.0000 ,  0.0000 ,  0.0000 ,  0.0000 ,
  0.0000 ,  0.0000 ,  0.0000 ,  0.0000 ,  0.0000 ,  0.0000 ,
  0.0000 ,  0.0000 ,  0.0000 ,  0.0000 ,  0.0000 ,  0.0000 ,
  0.0000 ,  0.0000 ,  0.0000 ,  0.0000 ,  0.0000 ,  0.0000 ,
  0.0000 ,  0.0000 ,  0.0000 ,  0.0000 ,  0.0000 ,  0.0000 ,
  0.0000 ,  0.0000 ,  0.0000 ,  0.0000 ,  0.0000 ,  0.0000 ,
  0.0000 ,  0.0000 ,  0.0000 ,  0.0000 ,  0.0000 ,  0.0000 ,
  0.0000 ,  0.0000 ,  0.0000 ,  0.0000 ,  0.0000 ,  0.0000 ,
  0.0000 ,  0.0000 ,  0.0000 ,  0.0000 ,  0.0000 ,  0.0000 ,
  0.0000 ,  0.0000 ,  0.0000 ,  0.0000 ,  0.0000 ,  0.0000 ,
  0.0000 ,  0.0000 ,  0.0000 ,  0.0000 ,  0.0000 ,  0.0000 ,
  0.0000 ,  0.0000 ,  0.0000 ,  0.0000 ,  0.0000 ,  0.0000 ,
  0.0000 ,  0.0000 ,  0.0000 ,  0.0000 ,  0.0000 ,  0.0000 ,
  0.0000 ,  0.0000 ,  0.0000 ,  0.0000 ,  0.0000 ,  0.0000 ,
  0.0000 ,  0.0000 ,  0.0000 ,  0.0000 ,  0.0000 ,  0.0000 ,
  0.0000 ,  0.0000 ,  0.0000 ,  0.0000 ,  0.0000 ,  0.0000 ,
  0.0000 ,  0.0000 ,  0.0000 ,  0.0000 ,  0.0000 ,  0.0000 ,
  0.0000 ,  0.0000 ,  0.0000 ,  0.0000 ,  0.0000 ,  0.0000 ,
  0.0000 ,  0.0000 ,  0.0000 ,  0.0000 ,  0.0000 ,  0.0000 ,
  0.0000 ,  0.0000 ,  0.0000 ,  0.0000 ,  0.0000 ,  0.0000 ,
  0.0000 ,  0.0000 ,  0.0000 ,  0.0000 ,  0.0000 ,  0.0000 ,
  0.0000 ,  0.0000 ,  0.0000 ,  0.0000 ,  0.0000 ,  0.0000 ,
  0.0000 ,  0.0000 ,  0.0000 ,  0.0000 ,  0.0000 ,  0.0000 ,
  0.0000 ,  0.0000 ,  0.0000 ,  0.0000 ,  0.0000 ,  0.0000 ,
  0.0000 ,  0.0000 ,  0.0000 ,  0.0000 ,  0.0000 ,  0.0000 ,
  0.0000 ,  0.0000 ,  0.0000 ,  0.0000 ,  0.0000 ,  0.0000 ,
  0.0000 ,  0.0000 ,  0.0000 ,  0.0000 ,  0.0000 ,  0.0000 ,
  0.0000 ,  0.0000 ,  0.0000 ,  0.0000 ,  0.0000 ,  0.0000 ,
  0.0000 ,  0.0000 ,  0.0000 ,  0.0000 ,  0.0000 ,  0.0000 ,
  0.0000 ,  0.0000 ,  0.0000 ,  0.0000 ,  0.0000 ,  0.0000 ,
  0.0000 ,  0.0000 ,  0.0000 ,  0.0000 ,  0.0000 ,  0.0000 ,
  0.0000 ,  0.0000 ,  0.0000 ,  0.0000 ,  0.0000 ,  0.0000 ,
  0.0000 ,  0.0000 ,  0.0000 ,  0.0000 ,  0.0000 ,  0.0000 ,
  0.0000 ,  0.0000 ,  0.0000 ,  0.0000 ,  0.0000 ,  0.0000 ,
  0.0000 ,  0.0000 ,  0.0000 ,  0.0000 ,  0.0000 ,  0.0000 ,
  0.0000 ,  0.0000 ,  0.0000 ,  0.0000 ,  0.0000 ,  0.0000 ,
  0.0000 ,  0.0000 ,  0.0000 ,  0.0000 ,  0.0000 ,  0.0000 ,
  0.0000 ,  0.0000 ,  0.0000 ,  0.0000 ,  0.0000 ,  0.0000 ,
  0.0000 ,  0.0000 ,  0.0000 ,  0.0000 ,  0.0000 ,  0.0000 ,
  0.0000 ,  0.0000 ,  0.0000 ,  0.0000 ,  0.0000 ,  0.0000 ,
  0.0000 ,  0.0000 ,  0.0000 ,  0.0000 ,  0.0000 ,  0.0000 ,
  0.0000 ,  0.0000 ,  0.0000 ,  0.0000 ,  0.0000 ,  0.0000 ,
  0.0000 ,  0.0000 ,  0.0000 ,  0.0000 ,  0.0000 ,  0.0000 ,
  0.0000 ,  0.0000 ,  0.0000 ,  0.0000 ,  0.0000 ,  0.0000 ,
  0.0000 ,  0.0000 ,  0.0000 ,  0.0000 ,  0.0000 ,  0.0000 ,
  0.0000 ,  0.0000 ,  0.0000 ,  0.0000 ,  0.0000 ,  0.0000 ,
  0.0000 ,  0.0000 ,  0.0000 ,  0.0000 ,  0.0000 ,  0.0000 ,
  0.0000 ,  0.0000 ,  0.0000 ,  0.0000 ,  0.0000 ,  0.0000 ,
  0.0000 ,  0.0000 ,  0.0000 ,  0.0000 ,  0.0000 ,  0.0000 ,
  0.0000 ,  0.0000 ,  0.0000 ,  0.0000 ,  0.0000 ,  0.0000 ,
  0.0000 ,  0.0000 ,  0.0000 ,  0.0000 ,  0.0000 ,  0.0000 ,
  0.0000 ,  0.0000 ,  0.0000 ,  0.0000 ,  0.0000 ,  0.0000 ,
  0.0000 ,  0.0000 ,  0.0000 ,  0.0000 ,  0.0000 ,  0.0000 ,
  0.0000 ,  0.0000 ,  0.0000 ,  0.0000 ,  0.0000 ,  0.0000 ,
  0.0000 ,  0.0000 ,  0.0000 ,  0.0000 ,  0.0000 ,  0.0000 ,
  0.0000 ,  0.0000 ,  0.0000 ,  0.0000 ,  0.0000 ,  0.0000 ,
  0.0000 ,  0.0000 ,  0.0000 ,  0.0000 ,  0.0000 ,  0.0000 ,
  0.0000 ,  0.0000 ,  0.0000 ,  0.0000 ,  0.0000 ,  0.0000 ,
  0.0000 ,  0.0000 ,  0.0000 ,  0.0000 ,  0.0000 ,  0.0000 ,
  0.0000 ,  0.0000 ,  0.0000 ,  0.0000 ,  0.0000 ,  0.0000 ,
  0.0000 ,  0.0000 ,  0.0000 ,  0.0000 ,  0.0000 ,  0.0000 ,
  0.0000 ,  0.0000 ,  0.0000 ,  0.0000 ,  0.0000 ,  0.0000 ,
  0.0000 ,  0.0000 ,  0.0000 ,  0.0000 ,  0.0000 ,  0.0000 ,
  0.0000 ,  0.0000 ,  0.0000 ,  0.0000 ,  0.0000 ,  0.0000 ,
  0.0000 ,  0.0000 ,  0.0000 ,  0.0000 ,  0.0000 ,  0.0000 ,
  0.0000 ,  0.0000 ,  0.0000 ,  0.0000 ,  0.0000 ,  0.0000 ,
  0.0000 ,  0.0000 ,  0.0000 ,  0.0000 ,  0.0000 ,  0.0000 ,
  0.0000 ,  0.0000 ,  0.0000 ,  0.0000 ,  0.0000 ,  0.0000 ,
  0.0000 ,  0.0000 ,  0.0000 ,  0.0000 ,  0.0000 ,  0.0000 ,
  0.0000 ,  0.0000 ,  0.0000 ,  0.0000 ,  0.0000 ,  0.0000 ,
  0.0000 ,  0.0000 ,  0.0000 ,  0.0000 ,  0.0000 ,  0.0000 ,
  0.0000 ,  0.0000 ,  0.0000 ,  0.0000 ,  0.0000 ,  0.0000 ,
  0.0000 ,  0.0000 ,  0.0000 ,  0.0000 ,  0.0000 ,  0.0000 ,
  0.0000 ,  0.0000 ,  0.0000 ,  0.0000 ,  0.0000 ,  0.0000 ,
  0.0000 ,  0.0000 ,  0.0000 ,  0.0000 ,  0.0000 ,  0.0000 ,
  0.0000 ,  0.0000 ,  0.0000 ,  0.0000 ,  0.0000 ,  0.0000 ,
  0.0000 ,  0.0000 ,  0.0000 ,  0.0000 ,  0.0000 ,  0.0000 ,
  0.0000 ,  0.0000 ,  0.0000 ,  0.0000 ,  0.0000 ,  0.0000 ,
  0.0000 ,  0.0000 ,  0.0000 ,  0.0000 ,  0.0000 ,  0.0000 ,
  0.0000 ,  0.0000 ,  0.0000 ,  0.0000 ,  0.0000 ,  0.0000 ,
  0.0000 ,  0.0000 ,  0.0000 ,  0.0000 ,  0.0000 ,  0.0000 ,
  0.0000 ,  0.0000 ,  0.0000 ,  0.0000 ,  0.0000 ,  0.0000 ,
  0.0000 ,  0.0000 ,  0.0000 ,  0.0000 ,  0.0000 ,  0.0000 ,
  0.0000 ,  0.0000 ,  0.0000 ,  0.0000 ,  0.0000 ,  0.0000 ,
  0.0000 ,  0.0000 ,  0.0000 ,  0.0000 ,  0.0000 ,  0.0000 ,
  0.0000 ,  0.0000 ,  0.0000 ,  0.0000 ,  0.0000 ,  0.0000 ,
  0.0000 ,  0.0000 ,  0.0000 ,  0.0000 ,  0.0000 ,  0.0000 ,
  0.0000 ,  0.0000 ,  0.0000 ,  0.0000 ,  0.0000 ,  0.0000 ,
  0.0000 ,  0.0000 ,  0.0000 ,  0.0000 ,  0.0000 ,  0.0000 ,
  0.0000 ,  0.0000 ,  0.0000 ,  0.0000 ,  0.0000 ,  0.0000 ,
  0.0000 ,  0.0000 ,  0.0000 ,  0.0000 ,  0.0000 ,  0.0000 ,
  0.0000 ,  0.0000 ,  0.0000 ,  0.0000 ,  0.0000 ,  0.0000 ,
  0.0000 ,  0.0000 ,  0.0000 ,  0.0000 ,  0.0000 ,  0.0000 ,
  0.0000 ,  0.0000 ,  0.0000 ,  0.0000 ,  0.0000 ,  0.0000 ,
  0.0000 ,  0.0000 ,  0.0000 ,  0.0000 ,  0.0000 ,  0.0000 ,
  0.0000 ,  0.0000 ,  0.0000 ,  0.0000 ,  0.0000 ,  0.0000 ,
  0.0000 ,  0.0000 ,  0.0000 ,  0.0000 ,  0.0000 ,  0.0000 ,
  0.0000 ,  0.0000 ,  0.0000 ,  0.0000 ,  0.0000 ,  0.0000 ,
  0.0000 ,  0.0000 ,  0.0000 ,  0.0000 ,  0.0000 ,  0.0000 ,
  0.0000 ,  0.0000 ,  0.0000 ,  0.0000 ,  0.0000 ,  0.0000 ,
  0.0000 ,  0.0000 ,  0.0000 ,  0.0000 ,  0.0000 ,  0.0000 ,
  0.0000 ,  0.0000 ,  0.0000 ,  0.0000 ,  0.0000 ,  0.0000 ,
  0.0000 ,  0.0000 ,  0.0000 ,  0.0000 ,  0.0000 ,  0.0000 ,
  0.0000 ,  0.0000 ,  0.0000 ,  0.0000 ,  0.0000 ,  0.0000 ,
  0.0000 ,  0.0000 ,  0.0000 ,  0.0000 ,  0.0000 ,  0.0000 ,
  0.0000 ,  0.0000 ,  0.0000 ,  0.0000 ,  0.0000 ,  0.0000 ,
  0.0000 ,  0.0000 ,  0.0000 ,  0.0000 ,  0.0000 ,  0.0000 ,
  0.0000 ,  0.0000 ,  0.0000 ,  0.0000 ,  0.0000 ,  0.0000 ,
  0.0000 ,  0.0000 ,  0.0000 ,  0.0000 ,  0.0000 ,  0.0000 ,
  0.0000 ,  0.0000 ,  0.0000 ,  0.0000 ,  0.0000 ,  0.0000 ,
  0.0000 ,  0.0000 ,  0.0000 ,  0.0000 ,  0.0000 ,  0.0000 ,
  0.0000 ,  0.0000 ,  0.0000 ,  0.0000 ,  0.0000 ,  0.0000 ,
  0.0000 ,  0.0000 ,  0.0000 ,  0.0000 ,  0.0000 ,  0.0000 ,
  0.0000 ,  0.0000 ,  0.0000 ,  0.0000 ,  0.0000 ,  0.0000 ,
  0.0000 ,  0.0000 ,  0.0000 ,  0.0000 ,  0.0000 ,  0.0000 ,
  0.0000 ,  0.0000 ,  0.0000 ,  0.0000 ,  0.0000 ,  0.0000 ,
  0.0000 ,  0.0000 ,  0.0000 ,  0.0000 ,  0.0000 ,  0.0000 ,
  0.0000 ,  0.0000 ,  0.0000 ,  0.0000 ,  0.0000 ,  0.0000 ,
  0.0000 ,  0.0000 ,  0.0000 ,  0.0000 ,  0.0000 ,  0.0000 ,
  0.0000 ,  0.0000 ,  0.0000 ,  0.0000 ,  0.0000 ,  0.0000 ,
  0.0000 ,  0.0000 ,  0.0000 ,  0.0000 ,  0.0000 ,  0.0000 ,
  0.0000 ,  0.0000 ,  0.0000 ,  0.0000 ,  0.0000 ,  0.0000 ,
  0.0000 ,  0.0000 ,  0.0000 ,  0.0000 ,  0.0000 ,  0.0000 ,
  0.0000 ,  0.0000 ,  0.0000 ,  0.0000 ,  0.0000 ,  0.0000 ,
  0.0000 ,  0.0000 ,  0.0000 ,  0.0000 ,  0.0000 ,  0.0000 ,
  0.0000 ,  0.0000 ,  0.0000 ,  0.0000 ,  0.0000 ,  0.0000 ,
  0.0000 ,  0.0000 ,  0.0000 ,  0.0000 ,  0.0000 ,  0.0000 ,
  0.0000 ,  0.0000 ,  0.0000 ,  0.0000 ,  0.0000 ,  0.0000 ,
  0.0000 ,  0.0000 ,  0.0000 ,  0.0000 ,  0.0000 ,  0.0000 ,
  0.0000 ,  0.0000 ,  0.0000 ,  0.0000 ,  0.0000 ,  0.0000 ,
  0.0000 ,  0.0000 ,  0.0000 ,  0.0000 ,  0.0000 ,  0.0000 ,
  0.0000 ,  0.0000 ,  0.0000 ,  0.0000 ,  0.0000 ,  0.0000 ,
  0.0000 ,  0.0000 ,  0.0000 ,  0.0000 ,  0.0000 ,  0.0000 ,
  0.0000 ,  0.0000 ,  0.0000 ,  0.0000 ,  0.0000 ,  0.0000 ,
  0.0000 ,  0.0000 ,  0.0000 ,  0.0000 ,  0.0000 ,  0.0000 ,
  0.0000 ,  0.0000 ,  0.0000 ,  0.0000 ,  0.0000 ,  0.0000 ,
  0.0000 ,  0.0000 ,  0.0000 ,  0.0000 ,  0.0000 ,  0.0000 ,
  0.0000 ,  0.0000 ,  0.0000 ,  0.0000 ,  0.0000 ,  0.0000 ,
  0.0000 ,  0.0000 ,  0.0000 ,  0.0000 ,  0.0000 ,  0.0000 ,
  0.0000 ,  0.0000 ,  0.0000 ,  0.0000 ,  0.0000 ,  0.0000 ,
  0.0000 ,  0.0000 ,  0.0000 ,  0.0000 ,  0.0000 ,  0.0000 ,
  0.0000 ,  0.0000 ,  0.0000 ,  0.0000 ,  0.0000 ,  0.0000 ,
  0.0000 ,  0.0000 ,  0.0000 ,  0.0000 ,  0.0000 ,  0.0000 ,
  0.0000 ,  0.0000 ,  0.0000 ,  0.0000 ,  0.0000 ,  0.0000 ,
  0.0000 ,  0.0000 ,  0.0000 ,  0.0000 ,  0.0000 ,  0.0000 ,
  0.0000 ,  0.0000 ,  0.0000 ,  0.0000 ,  0.0000 ,  0.0000 ,
  0.0000 ,  0.0000 ,  0.0000 ,  0.0000 ,  0.0000 ,  0.0000 ,
  0.0000 ,  0.0000 ,  0.0000 ,  0.0000 ,  0.0000 ,  0.0000 ,
  0.0000 ,  0.0000 ,  0.0000 ,  0.0000 ,  0.0000 ,  0.0000 ,
  0.0000 ,  0.0000 ,  0.0000 ,  0.0000 ,  0.0000 ,  0.0000 ,
  0.0000 ,  0.0000 ,  0.0000 ,  0.0000 ,  0.0000 ,  0.0000 ,
  0.0000 ,  0.0000 ,  0.0000 ,  0.0000 ,  0.0000 ,  0.0000 ,
  0.0000 ,  0.0000 ,  0.0000 ,  0.0000 ,  0.0000 ,  0.0000 ,
  0.0000 ,  0.0000 ,  0.0000 ,  0.0000 ,  0.0000 ,  0.0000 ,
  0.0000 ,  0.0000 ,  0.0000 ,  0.0000 ,  0.0000 ,  0.0000 ,
  0.0000 ,  0.0000 ,  0.0000 ,  0.0000 ,  0.0000 ,  0.0000 ,
  0.0000 ,  0.0000 ,  0.0000 ,  0.0000 ,  0.0000 ,  0.0000 ,
  0.0000 ,  0.0000 ,  0.0000 ,  0.0000 ,  0.0000 ,  0.0000 ,
  0.0000 ,  0.0000 ,  0.0000 ,  0.0000 ,  0.0000 ,  0.0000 ,
  0.0000 ,  0.0000 ,  0.0000 ,  0.0000 ,  0.0000 ,  0.0000 ,
  0.0000 ,  0.0000 ,  0.0000 ,  0.0000 ,  0.0000 ,  0.0000 ,
  0.0000 ,  0.0000 ,  0.0000 ,  0.0000 ,  0.0000 ,  0.0000 ,
  0.0000 ,  0.0000 ,  0.0000 ,  0.0000 ,  0.0000 ,  0.0000 ,
  0.0000 ,  0.0000 ,  0.0000 ,  0.0000 ,  0.0000 ,  0.0000 ,
  0.0000 ,  0.0000 ,  0.0000 ,  0.0000 ,  0.0000 ,  0.0000 ,
  0.0000 ,  0.0000 ,  0.0000 ,  0.0000 ,  0.0000 ,  0.0000 ,
  0.0000 ,  0.0000 ,  0.0000 ,  0.0000 ,  0.0000 ,  0.0000 ,
  0.0000 ,  0.0000 ,  0.0000 ,  0.0000 ,  0.0000 ,  0.0000 ,
  0.0000 ,  0.0000 ,  0.0000 ,  0.0000 ,  0.0000 ,  0.0000 ,
  0.0000 ,  0.0000 ,  0.0000 ,  0.0000 ,  0.0000 ,  0.0000 ,
  0.0000 ,  0.0000 ,  0.0000 ,  0.0000 ,  0.0000 ,  0.0000 ,
  0.0000 ,  0.0000 ,  0.0000 ,  0.0000 ,  0.0000 ,  0.0000 ,
  0.0000 ,  0.0000 ,  0.0000 ,  0.0000 ,  0.0000 ,  0.0000 ,
  0.0000 ,  0.0000 ,  0.0000 ,  0.0000 ,  0.0000 ,  0.0000 ,
  0.0000 ,  0.0000 ,  0.0000 ,  0.0000 ,  0.0000 ,  0.0000 ,
  0.0000 ,  0.0000 ,  0.0000 ,  0.0000 ,  0.0000 ,  0.0000 ,
  0.0000 ,  0.0000 ,  0.0000 ,  0.0000 ,  0.0000 ,  0.0000 ,
  0.0000 ,  0.0000 ,  0.0000 ,  0.0000 ,  0.0000 ,  0.0000 ,
  0.0000 ,  0.0000 ,  0.0000 ,  0.0000 ,  0.0000 ,  0.0000 ,
  0.0000 ,  0.0000 ,  0.0000 ,  0.0000 ,  0.0000 ,  0.0000 ,
  0.0000 ,  0.0000 ,  0.0000 ,  0.0000 ,  0.0000 ,  0.0000 ,
  0.0000 ,  0.0000 ,  0.0000 ,  0.0000 ,  0.0000 ,  0.0000 ,
  0.0000 ,  0.0000 ,  0.0000 ,  0.0000 ,  0.0000 ,  0.0000 ,
  0.0000 ,  0.0000 ,  0.0000 ,  0.0000 ,  0.0000 ,  0.0000 ,
  0.0000 ,  0.0000 ,  0.0000 ,  0.0000 ,  0.0000 ,  0.0000 ,
  0.0000 ,  0.0000 ,  0.0000 ,  0.0000 ,  0.0000 ,  0.0000 ,
  0.0000 ,  0.0000 ,  0.0000 ,  0.0000 ,  0.0000 ,  0.0000 ,
  0.0000 ,  0.0000 ,  0.0000 ,  0.0000 ,  0.0000 ,  0.0000 ,
  0.0000 ,  0.0000 ,  0.0000 ,  0.0000 ,  0.0000 ,  0.0000 ,
  0.0000 ,  0.0000 ,  0.0000 ,  0.0000 ,  0.0000 ,  0.0000 ,
  0.0000 ,  0.0000 ,  0.0000 ,  0.0000 ,  0.0000 ,  0.0000 ,
  0.0000 ,  0.0000 ,  0.0000 ,  0.0000 ,  0.0000 ,  0.0000 ,
  0.0000 ,  0.0000 ,  0.0000 ,  0.0000 ,  0.0000 ,  0.0000 ,
  0.0000 ,  0.0000 ,  0.0000 ,  0.0000 ,  0.0000 ,  0.0000 ,
  0.0000 ,  0.0000 ,  0.0000 ,  0.0000 ,  0.0000 ,  0.0000 ,
  0.0000 ,  0.0000 ,  0.0000 ,  0.0000 ,  0.0000 ,  0.0000 ,
  0.0000 ,  0.0000 ,  0.0000 ,  0.0000 ,  0.0000 ,  0.0000 ,
  0.0000 ,  0.0000 ,  0.0000 ,  0.0000 ,  0.0000 ,  0.0000 ,
  0.0000 ,  0.0000 ,  0.0000 ,  0.0000 ,  0.0000 ,  0.0000 ,
  0.0000 ,  0.0000 ,  0.0000 ,  0.0000 ,  0.0000 ,  0.0000 ,
  0.0000 ,  0.0000 ,  0.0000 ,  0.0000 ,  0.0000 ,  0.0000 ,
  0.0000 ,  0.0000 ,  0.0000 ,  0.0000 ,  0.0000 ,  0.0000 ,
  0.0000 ,  0.0000 ,  0.0000 ,  0.0000 ,  0.0000 ,  0.0000 ,
  0.0000 ,  0.0000 ,  0.0000 ,  0.0000 ,  0.0000 ,  0.0000 ,
  0.0000 ,  0.0000 ,  0.0000 ,  0.0000 ,  0.0000 ,  0.0000 ,
  0.0000 ,  0.0000 ,  0.0000 ,  0.0000 ,  0.0000 ,  0.0000 ,
  0.0000 ,  0.0000 ,  0.0000 ,  0.0000 ,  0.0000 ,  0.0000 ,
  0.0000 ,  0.0000 ,  0.0000 ,  0.0000 ,  0.0000 ,  0.0000 ,
  0.0000 ,  0.0000 ,  0.0000 ,  0.0000 ,  0.0000 ,  0.0000 ,
  0.0000 ,  0.0000 ,  0.0000 ,  0.0000 ,  0.0000 ,  0.0000 ,
  0.0000 ,  0.0000 ,  0.0000 ,  0.0000 ,  0.0000 ,  0.0000 ,
  0.0000 ,  0.0000 ,  0.0000 ,  0.0000 ,  0.0000 ,  0.0000 ,
  0.0000 ,  0.0000 ,  0.0000 ,  0.0000 ,  0.0000 ,  0.0000 ,
  0.0000 ,  0.0000 ,  0.0000 ,  0.0000 ,  0.0000 ,  0.0000 ,
  0.0000 ,  0.0000 ,  0.0000 ,  0.0000 ,  0.0000 ,  0.0000 ,
  0.0000 ,  0.0000 ,  0.0000 ,  0.0000 ,  0.0000 ,  0.0000 ,
  0.0000 ,  0.0000 ,  0.0000 ,  0.0000 ,  0.0000 ,  0.0000 ,
  0.0000 ,  0.0000 ,  0.0000 ,  0.0000 ,  0.0000 ,  0.0000 ,
  0.0000 ,  0.0000 ,  0.0000 ,  0.0000 ,  0.0000 ,  0.0000 ,
  0.0000 ,  0.0000 ,  0.0000 ,  0.0000 ,  0.0000 ,  0.0000 ,
  0.0000 ,  0.0000 ,  0.0000 ,  0.0000 ,  0.0000 ,  0.0000 ,
  0.0000 ,  0.0000 ,  0.0000 ,  0.0000 ,  0.0000 ,  0.0000 ,
  0.0000 ,  0.0000 ,  0.0000 ,  0.0000 ,  0.0000 ,  0.0000 ,
  0.0000 ,  0.0000 ,  0.0000 ,  0.0000 ,  0.0000 ,  0.0000 ,
  0.0000 ,  0.0000 ,  0.0000 ,  0.0000 ,  0.0000 ,  0.0000 ,
  0.0000 ,  0.0000 ,  0.0000 ,  0.0000 ,  0.0000 ,  0.0000 ,
  0.0000 ,  0.0000 ,  0.0000 ,  0.0000 ,  0.0000 ,  0.0000 ,
  0.0000 ,  0.0000 ,  0.0000 ,  0.0000 ,  0.0000 ,  0.0000 ,
  0.0000 ,  0.0000 ,  0.0000 ,  0.0000 ,  0.0000 ,  0.0000 ,
  0.0000 ,  0.0000 ,  0.0000 ,  0.0000 ,  0.0000 ,  0.0000 ,
  0.0000 ,  0.0000 ,  0.0000 ,  0.0000 ,  0.0000 ,  0.0000 ,
  0.0000 ,  0.0000 ,  0.0000 ,  0.0000 ,  0.0000 ,  0.0000 ,
  0.0000 ,  0.0000 ,  0.0000 ,  0.0000 ,  0.0000 ,  0.0000 ,
  0.0000 ,  0.0000 ,  0.0000 ,  0.0000 ,  0.0000 ,  0.0000 ,
  0.0000 ,  0.0000 ,  0.0000 ,  0.0000 ,  0.0000 ,  0.0000 ,
  0.0000 ,  0.0000 ,  0.0000 ,  0.0000 ,  0.0000 ,  0.0000 ,
  0.0000 ,  0.0000 ,  0.0000 ,  0.0000 ,  0.0000 ,  0.0000 ,
  0.0000 ,  0.0000 ,  0.0000 ,  0.0000 ,  0.0000 ,  0.0000 ,
  0.0000 ,  0.0000 ,  0.0000 ,  0.0000 ,  0.0000 ,  0.0000 ,
  0.0000 ,  0.0000 ,  0.0000 ,  0.0000 ,  0.0000 ,  0.0000 ,
  0.0000 ,  0.0000 ,  0.0000 ,  0.0000 ,  0.0000 ,  0.0000 ,
  0.0000 ,  0.0000 ,  0.0000 ,  0.0000 ,  0.0000 ,  0.0000 ,
  0.0000 ,  0.0000 ,  0.0000 ,  0.0000 ,  0.0000 ,  0.0000 ,
  0.0000 ,  0.0000 ,  0.0000 ,  0.0000 ,  0.0000 ,  0.0000 ,
  0.0000 ,  0.0000 ,  0.0000 ,  0.0000 ,  0.0000 ,  0.0000 ,
  0.0000 ,  0.0000 ,  0.0000 ,  0.0000 ,  0.0000 ,  0.0000 ,
  0.0000 ,  0.0000 ,  0.0000 ,  0.0000 ,  0.0000 ,  0.0000 ,
  0.0000 ,  0.0000 ,  0.0000 ,  0.0000 ,  0.0000 ,  0.0000 ,
  0.0000 ,  0.0000 ,  0.0000 ,  0.0000 ,  0.0000 ,  0.0000 ,
  0.0000 ,  0.0000 ,  0.0000 ,  0.0000 ,  0.0000 ,  0.0000 ,
  0.0000 ,  0.0000 ,  0.0000 ,  0.0000 ,  0.0000 ,  0.0000 ,
  0.0000 ,  0.0000 ,  0.0000 ,  0.0000 ,  0.0000 ,  0.0000 ,
  0.0000 ,  0.0000 ,  0.0000 ,  0.0000 ,  0.0000 ,  0.0000 ,
  0.0000 ,  0.0000 ,  0.0000 ,  0.0000 ,  0.0000 ,  0.0000 ,
  0.0000 ,  0.0000 ,  0.0000 ,  0.0000 ,  0.0000 ,  0.0000 ,
  0.0000 ,  0.0000 ,  0.0000 ,  0.0000 ,  0.0000 ,  0.0000 ,
  0.0000 ,  0.0000 ,  0.0000 ,  0.0000 ,  0.0000 ,  0.0000 ,
  0.0000 ,  0.0000 ,  0.0000 ,  0.0000 ,  0.0000 ,  0.0000 ,
  0.0000 ,  0.0000 ,  0.0000 ,  0.0000 ,  0.0000 ,  0.0000 ,
  0.0000 ,  0.0000 ,  0.0000 ,  0.0000 ,  0.0000 ,  0.0000 ,
  0.0000 ,  0.0000 ,  0.0000 ,  0.0000 ,  0.0000 ,  0.0000 ,
  0.0000 ,  0.0000 ,  0.0000 ,  0.0000 ,  0.0000 ,  0.0000 ,
  0.0000 ,  0.0000 ,  0.0000 ,  0.0000 ,  0.0000 ,  0.0000 ,
  0.0000 ,  0.0000 ,  0.0000 ,  0.0000 ,  0.0000 ,  0.0000 ,
  0.0000 ,  0.0000 ,  0.0000 ,  0.0000 ,  0.0000 ,  0.0000 ,
  0.0000 ,  0.0000 ,  0.0000 ,  0.0000 ,  0.0000 ,  0.0000 ,
  0.0000 ,  0.0000 ,  0.0000 ,  0.0000 ,  0.0000 ,  0.0000 ,
  0.0000 ,  0.0000 ,  0.0000 ,  0.0000 ,  0.0000 ,  0.0000 ,
  0.0000 ,  0.0000 ,  0.0000 ,  0.0000 ,  0.0000 ,  0.0000 ,
  0.0000 ,  0.0000 ,  0.0000 ,  0.0000 ,  0.0000 ,  0.0000 ,
  0.0000 ,  0.0000 ,  0.0000 ,  0.0000 ,  0.0000 ,  0.0000 ,
  0.0000 ,  0.0000 ,  0.0000 ,  0.0000 ,  0.0000 ,  0.0000 ,
  0.0000 ,  0.0000 ,  0.0000 ,  0.0000 ,  0.0000 ,  0.0000 ,
  0.0000 ,  0.0000 ,  0.0000 ,  0.0000 ,  0.0000 ,  0.0000 ,
  0.0000 ,  0.0000 ,  0.0000 ,  0.0000 ,  0.0000 ,  0.0000 ,
  0.0000 ,  0.0000 ,  0.0000 ,  0.0000 ,  0.0000 ,  0.0000 ,
  0.0000 ,  0.0000 ,  0.0000 ,  0.0000 ,  0.0000 ,  0.0000 ,
  0.0000 ,  0.0000 ,  0.0000 ,  0.0000 ,  0.0000 ,  0.0000 ,
  0.0000 ,  0.0000 ,  0.0000 ,  0.0000 ,  0.0000 ,  0.0000 ,
  0.0000 ,  0.0000 ,  0.0000 ,  0.0000 ,  0.0000 ,  0.0000 ,
  0.0000 ,  0.0000 ,  0.0000 ,  0.0000 ,  0.0000 ,  0.0000 ,
  0.0000 ,  0.0000 ,  0.0000 ,  0.0000 ,  0.0000 ,  0.0000 ,
  0.0000 ,  0.0000 ,  0.0000 ,  0.0000 ,  0.0000 ,  0.0000 ,
  0.0000 ,  0.0000 ,  0.0000 ,  0.0000 ,  0.0000 ,  0.0000 ,
  0.0000 ,  0.0000 ,  0.0000 ,  0.0000 ,  0.0000 ,  0.0000 ,
  0.0000 ,  0.0000 ,  0.0000 ,  0.0000 ,  0.0000 ,  0.0000 ,
  0.0000 ,  0.0000 ,  0.0000 ,  0.0000 ,  0.0000 ,  0.0000 ,
  0.0000 ,  0.0000 ,  0.0000 ,  0.0000 ,  0.0000 ,  0.0000 ,
  0.0000 ,  0.0000 ,  0.0000 ,  0.0000 ,  0.0000 ,  0.0000 ,
  0.0000 ,  0.0000 ,  0.0000 ,  0.0000 ,  0.0000 ,  0.0000 ,
  0.0000 ,  0.0000 ,  0.0000 ,  0.0000 ,  0.0000 ,  0.0000 ,
  0.0000 ,  0.0000 ,  0.0000 ,  0.0000 ,  0.0000 ,  0.0000 ,
  0.0000 ,  0.0000 ,  0.0000 ,  0.0000 ,  0.0000 ,  0.0000 ,
  0.0000 ,  0.0000 ,  0.0000 ,  0.0000 ,  0.0000 ,  0.0000 ,
  0.0000 ,  0.0000 ,  0.0000 ,  0.0000 ,  0.0000 ,  0.0000 ,
  0.0000 ,  0.0000 ,  0.0000 ,  0.0000 ,  0.0000 ,  0.0000 ,
  0.0000 ,  0.0000 ,  0.0000 ,  0.0000 ,  0.0000 ,  0.0000 ,
  0.0000 ,  0.0000 ,  0.0000 ,  0.0000 ,  0.0000 ,  0.0000 ,
  0.0000 ,  0.0000 ,  0.0000 ,  0.0000 ,  0.0000 ,  0.0000 ,
  0.0000 ,  0.0000 ,  0.0000 ,  0.0000 ,  0.0000 ,  0.0000 ,
  0.0000 ,  0.0000 ,  0.0000 ,  0.0000 ,  0.0000 ,  0.0000 ,
  0.0000 ,  0.0000 ,  0.0000 ,  0.0000 ,  0.0000 ,  0.0000 ,
  0.0000 ,  0.0000 ,  0.0000 ,  0.0000 ,  0.0000 ,  0.0000 ,
  0.0000 ,  0.0000 ,  0.0000 ,  0.0000 ,  0.0000 ,  0.0000 ,
  0.0000 ,  0.0000 ,  0.0000 ,  0.0000 ,  0.0000 ,  0.0000 ,
  0.0000 ,  0.0000 ,  0.0000 ,  0.0000 ,  0.0000 ,  0.0000 ,
  0.0000 ,  0.0000 ,  0.0000 ,  0.0000 ,  0.0000 ,  0.0000 ,
  0.0000 ,  0.0000 ,  0.0000 ,  0.0000 ,  0.0000 ,  0.0000 ,
  0.0000 ,  0.0000 ,  0.0000 ,  0.0000 ,  0.0000 ,  0.0000 ,
  0.0000 ,  0.0000 ,  0.0000 ,  0.0000 ,  0.0000 ,  0.0000 ,
  0.0000 ,  0.0000 ,  0.0000 ,  0.0000 ,  0.0000 ,  0.0000 ,
  0.0000 ,  0.0000 ,  0.0000 ,  0.0000 ,  0.0000 ,  0.0000 ,
  0.0000 ,  0.0000 ,  0.0000 ,  0.0000 ,  0.0000 ,  0.0000 ,
  0.0000 ,  0.0000 ,  0.0000 ,  0.0000 ,  0.0000 ,  0.0000 ,
  0.0000 ,  0.0000 ,  0.0000 ,  0.0000 ,  0.0000 ,  0.0000 ,
  0.0000 ,  0.0000 ,  0.0000 ,  0.0000 ,  0.0000 ,  0.0000 ,
  0.0000 ,  0.0000 ,  0.0000 ,  0.0000 ,  0.0000 ,  0.0000 ,
  0.0000 ,  0.0000 ,  0.0000 ,  0.0000 ,  0.0000 ,  0.0000 ,
  0.0000 ,  0.0000 ,  0.0000 ,  0.0000 ,  0.0000 ,  0.0000 ,
  0.0000 ,  0.0000 ,  0.0000 ,  0.0000 ,  0.0000 ,  0.0000 ,
  0.0000 ,  0.0000 ,  0.0000 ,  0.0000 ,  0.0000 ,  0.0000 ,
  0.0000 ,  0.0000 ,  0.0000 ,  0.0000 ,  0.0000 ,  0.0000 ,
  0.0000 ,  0.0000 ,  0.0000 ,  0.0000 ,  0.0000 ,  0.0000 ,
  0.0000 ,  0.0000 ,  0.0000 ,  0.0000 ,  0.0000 ,  0.0000 ,
  0.0000 ,  0.0000 ,  0.0000 ,  0.0000 ,  0.0000 ,  0.0000 ,
  0.0000 ,  0.0000 ,  0.0000 ,  0.0000 ,  0.0000 ,  0.0000 ,
  0.0000 ,  0.0000 ,  0.0000 ,  0.0000 ,  0.0000 ,  0.0000 ,
  0.0000 ,  0.0000 ,  0.0000 ,  0.0000 ,  0.0000 ,  0.0000 ,
  0.0000 ,  0.0000 ,  0.0000 ,  0.0000 ,  0.0000 ,  0.0000 ,
  0.0000 ,  0.0000 ,  0.0000 ,  0.0000 ,  0.0000 ,  0.0000 ,
  0.0000 ,  0.0000 ,  0.0000 ,  0.0000 ,  0.0000 ,  0.0000 ,
  0.0000 ,  0.0000 ,  0.0000 ,  0.0000 ,  0.0000 ,  0.0000 ,
  0.0000 ,  0.0000 ,  0.0000 ,  0.0000 ,  0.0000 ,  0.0000 ,
  0.0000 ,  0.0000 ,  0.0000 ,  0.0000 ,  0.0000 ,  0.0000 ,
  0.0000 ,  0.0000 ,  0.0000 ,  0.0000 ,  0.0000 ,  0.0000 ,
  0.0000 ,  0.0000 ,  0.0000 ,  0.0000 ,  0.0000 ,  0.0000 ,
  0.0000 ,  0.0000 ,  0.0000 ,  0.0000 ,  0.0000 ,  0.0000 ,
  0.0000 ,  0.0000 ,  0.0000 ,  0.0000 ,  0.0000 ,  0.0000 ,
  0.0000 ,  0.0000 ,  0.0000 ,  0.0000 ,  0.0000 ,  0.0000 ,
  0.0000 ,  0.0000 ,  0.0000 ,  0.0000 ,  0.0000 ,  0.0000 ,
  0.0000 ,  0.0000 ,  0.0000 ,  0.0000 ,  0.0000 ,  0.0000 ,
  0.0000 ,  0.0000 ,  0.0000 ,  0.0000 ,  0.0000 ,  0.0000 ,
  0.0000 ,  0.0000 ,  0.0000 ,  0.0000 ,  0.0000 ,  0.0000 ,
  0.0000 ,  0.0000 ,  0.0000 ,  0.0000 ,  0.0000 ,  0.0000 ,
  0.0000 ,  0.0000 ,  0.0000 ,  0.0000 ,  0.0000 ,  0.0000 ,
  0.0000 ,  0.0000 ,  0.0000 ,  0.0000 ,  0.0000 ,  0.0000 ,
  0.0000 ,  0.0000 ,  0.0000 ,  0.0000 ,  0.0000 ,  0.0000 ,
  0.0000 ,  0.0000 ,  0.0000 ,  0.0000 ,  0.0000 ,  0.0000 ,
  0.0000 ,  0.0000 ,  0.0000 ,  0.0000 ,  0.0000 ,  0.0000 ,
  0.0000 ,  0.0000 ,  0.0000 ,  0.0000 ,  0.0000 ,  0.0000 ,
  0.0000 ,  0.0000 ,  0.0000 ,  0.0000 ,  0.0000 ,  0.0000 ,
  0.0000 ,  0.0000 ,  0.0000 ,  0.0000 ,  0.0000 ,  0.0000 ,
  0.0000 ,  0.0000 ,  0.0000 ,  0.0000 ,  0.0000 ,  0.0000 ,
  0.0000 ,  0.0000 ,  0.0000 ,  0.0000 ,  0.0000 ,  0.0000 ,
  0.0000 ,  0.0000 ,  0.0000 ,  0.0000 ,  0.0000 ,  0.0000 ,
  0.0000 ,  0.0000 ,  0.0000 ,  0.0000 ,  0.0000 ,  0.0000 ,
  0.0000 ,  0.0000 ,  0.0000 ,  0.0000 ,  0.0000 ,  0.0000 ,
  0.0000 ,  0.0000 ,  0.0000 ,  0.0000 ,  0.0000 ,  0.0000 ,
  0.0000 ,  0.0000 ,  0.0000 ,  0.0000 ,  0.0000 ,  0.0000 ,
  0.0000 ,  0.0000 ,  0.0000 ,  0.0000 ,  0.0000 ,  0.0000 ,
  0.0000 ,  0.0000 ,  0.0000 ,  0.0000 ,  0.0000 ,  0.0000 ,
  0.0000 ,  0.0000 ,  0.0000 ,  0.0000 ,  0.0000 ,  0.0000 ,
  0.0000 ,  0.0000 ,  0.0000 ,  0.0000 ,  0.0000 ,  0.0000 ,
  0.0000 ,  0.0000 ,  0.0000 ,  0.0000 ,  0.0000 ,  0.0000 ,
  0.0000 ,  0.0000 ,  0.0000 ,  0.0000 ,  0.0000 ,  0.0000 ,
  0.0000 ,  0.0000 ,  0.0000 ,  0.0000 ,  0.0000 ,  0.0000 ,
  0.0000 ,  0.0000 ,  0.0000 ,  0.0000 ,  0.0000 ,  0.0000 ,
  0.0000 ,  0.0000 ,  0.0000 ,  0.0000 ,  0.0000 ,  0.0000 ,
  0.0000 ,  0.0000 ,  0.0000 ,  0.0000 ,  0.0000 ,  0.0000 ,
  0.0000 ,  0.0000 ,  0.0000 ,  0.0000 ,  0.0000 ,  0.0000 ,
  0.0000 ,  0.0000 ,  0.0000 ,  0.0000 ,  0.0000 ,  0.0000 ,
  0.0000 ,  0.0000 ,  0.0000 ,  0.0000 ,  0.0000 ,  0.0000 ,
  0.0000 ,  0.0000 ,  0.0000 ,  0.0000 ,  0.0000 ,  0.0000 ,
  0.0000 ,  0.0000 ,  0.0000 ,  0.0000 ,  0.0000 ,  0.0000 ,
  0.0000 ,  0.0000 ,  0.0000 ,  0.0000 ,  0.0000 ,  0.0000 ,
  0.0000 ,  0.0000 ,  0.0000 ,  0.0000 ,  0.0000 ,  0.0000 ,
  0.0000 ,  0.0000 ,  0.0000 ,  0.0000 ,  0.0000 ,  0.0000 ,
  0.0000 ,  0.0000 ,  0.0000 ,  0.0000 ,  0.0000 ,  0.0000 ,
  0.0000 ,  0.0000 ,  0.0000 ,  0.0000 ,  0.0000 ,  0.0000 ,
  0.0000 ,  0.0000 ,  0.0000 ,  0.0000 ,  0.0000 ,  0.0000 ,
  0.0000 ,  0.0000 ,  0.0000 ,  0.0000 ,  0.0000 ,  0.0000 ,
  0.0000 ,  0.0000 ,  0.0000 ,  0.0000 ,  0.0000 ,  0.0000 ,
  0.0000 ,  0.0000 ,  0.0000 ,  0.0000 ,  0.0000 ,  0.0000 ,
  0.0000 ,  0.0000 ,  0.0000 ,  0.0000 ,  0.0000 ,  0.0000 ,
  0.0000 ,  0.0000 ,  0.0000 ,  0.0000 ,  0.0000 ,  0.0000 ,
  0.0000 ,  0.0000 ,  0.0000 ,  0.0000 ,  0.0000 ,  0.0000 ,
  0.0000 ,  0.0000 ,  0.0000 ,  0.0000 ,  0.0000 ,  0.0000 ,
  0.0000 ,  0.0000 ,  0.0000 ,  0.0000 ,  0.0000 ,  0.0000 ,
  0.0000 ,  0.0000 ,  0.0000 ,  0.0000 ,  0.0000 ,  0.0000 ,
  0.0000 ,  0.0000 ,  0.0000 ,  0.0000 ,  0.0000 ,  0.0000 ,
  0.0000 ,  0.0000 ,  0.0000 ,  0.0000 ,  0.0000 ,  0.0000 ,
  0.0000 ,  0.0000 ,  0.0000 ,  0.0000 ,  0.0000 ,  0.0000 ,
  0.0000 ,  0.0000 ,  0.0000 ,  0.0000 ,  0.0000 ,  0.0000 ,
  0.0000 ,  0.0000 ,  0.0000 ,  0.0000 ,  0.0000 ,  0.0000 ,
  0.0000 ,  0.0000 ,  0.0000 ,  0.0000 ,  0.0000 ,  0.0000 ,
  0.0000 ,  0.0000 ,  0.0000 ,  0.0000 ,  0.0000 ,  0.0000 ,
  0.0000 ,  0.0000 ,  0.0000 ,  0.0000 ,  0.0000 ,  0.0000 ,
  0.0000 ,  0.0000 ,  0.0000 ,  0.0000 ,  0.0000 ,  0.0000 ,
  0.0000 ,  0.0000 ,  0.0000 ,  0.0000 ,  0.0000 ,  0.0000 ,
  0.0000 ,  0.0000 ,  0.0000 ,  0.0000 ,  0.0000 ,  0.0000 ,
  0.0000 ,  0.0000 ,  0.0000 ,  0.0000 ,  0.0000 ,  0.0000 ,
  0.0000 ,  0.0000 ,  0.0000 ,  0.0000 ,  0.0000 ,  0.0000 ,
  0.0000 ,  0.0000 ,  0.0000 ,  0.0000 ,  0.0000 ,  0.0000 ,
  0.0000 ,  0.0000 ,  0.0000 ,  0.0000 ,  0.0000 ,  0.0000 ,
  0.0000 ,  0.0000 ,  0.0000 ,  0.0000 ,  0.0000 ,  0.0000 ,
  0.0000 ,  0.0000 ,  0.0000 ,  0.0000 ,  0.0000 ,  0.0000 ,
  0.0000 ,  0.0000 ,  0.0000 ,  0.0000 ,  0.0000 ,  0.0000 ,
  0.0000 ,  0.0000 ,  0.0000 ,  0.0000 ,  0.0000 ,  0.0000 ,
  0.0000 ,  0.0000 ,  0.0000 ,  0.0000 ,  0.0000 ,  0.0000 ,
  0.0000 ,  0.0000 ,  0.0000 ,  0.0000 ,  0.0000 ,  0.0000 ,
  0.0000 ,  0.0000 ,  0.0000 ,  0.0000 ,  0.0000 ,  0.0000 ,
  0.0000 ,  0.0000 ,  0.0000 ,  0.0000 ,  0.0000 ,  0.0000 ,
  0.0000 ,  0.0000 ,  0.0000 ,  0.0000 ,  0.0000 ,  0.0000 ,
  0.0000 ,  0.0000 ,  0.0000 ,  0.0000 ,  0.0000 ,  0.0000 ,
  0.0000 ,  0.0000 ,  0.0000 ,  0.0000 ,  0.0000 ,  0.0000 ,
  0.0000 ,  0.0000 ,  0.0000 ,  0.0000 ,  0.0000 ,  0.0000 ,
  0.0000 ,  0.0000 ,  0.0000 ,  0.0000 ,  0.0000 ,  0.0000 ,
  0.0000 ,  0.0000 ,  0.0000 ,  0.0000 ,  0.0000 ,  0.0000 ,
  0.0000 ,  0.0000 ,  0.0000 ,  0.0000 ,  0.0000 ,  0.0000 ,
  0.0000 ,  0.0000 ,  0.0000 ,  0.0000 ,  0.0000 ,  0.0000 ,
  0.0000 ,  0.0000 ,  0.0000 ,  0.0000 ,  0.0000 ,  0.0000 ,
  0.0000 ,  0.0000 ,  0.0000 ,  0.0000 ,  0.0000 ,  0.0000 ,
  0.0000 ,  0.0000 ,  0.0000 ,  0.0000 ,  0.0000 ,  0.0000 ,
  0.0000 ,  0.0000 ,  0.0000 ,  0.0000 ,  0.0000 ,  0.0000 ,
  0.0000 ,  0.0000 ,  0.0000 ,  0.0000 ,  0.0000 ,  0.0000 ,
  0.0000 ,  0.0000 ,  0.0000 ,  0.0000 ,  0.0000 ,  0.0000 ,
  0.0000 ,  0.0000 ,  0.0000 ,  0.0000 ,  0.0000 ,  0.0000 ,
  0.0000 ,  0.0000 ,  0.0000 ,  0.0000 ,  0.0000 ,  0.0000 ,
  0.0000 ,  0.0000 ,  0.0000 ,  0.0000 ,  0.0000 ,  0.0000 ,
  0.0000 ,  0.0000 ,  0.0000 ,  0.0000 ,  0.0000 ,  0.0000 ,
  0.0000 ,  0.0000 ,  0.0000 ,  0.0000 ,  0.0000 ,  0.0000 ,
  0.0000 ,  0.0000 ,  0.0000 ,  0.0000 ,  0.0000 ,  0.0000 ,
  0.0000 ,  0.0000 ,  0.0000 ,  0.0000 ,  0.0000 ,  0.0000 ,
  0.0000 ,  0.0000 ,  0.0000 ,  0.0000 ,  0.0000 ,  0.0000 ,
  0.0000 ,  0.0000 ,  0.0000 ,  0.0000 ,  0.0000 ,  0.0000 ,
  0.0000 ,  0.0000 ,  0.0000 ,  0.0000 ,  0.0000 ,  0.0000 ,
  0.0000 ,  0.0000 ,  0.0000 ,  0.0000 ,  0.0000 ,  0.0000 ,
  0.0000 ,  0.0000 ,  0.0000 ,  0.0000 ,  0.0000 ,  0.0000 ,
  0.0000 ,  0.0000 ,  0.0000 ,  0.0000 ,  0.0000 ,  0.0000 ,
  0.0000 ,  0.0000 ,  0.0000 ,  0.0000 ,  0.0000 ,  0.0000 ,
  0.0000 ,  0.0000 ,  0.0000 ,  0.0000 ,  0.0000 ,  0.0000 ,
  0.0000 ,  0.0000 ,  0.0000 ,  0.0000 ,  0.0000 ,  0.0000 ,
  0.0000 ,  0.0000 ,  0.0000 ,  0.0000 ,  0.0000 ,  0.0000 ,
  0.0000 ,  0.0000 ,  0.0000 ,  0.0000 ,  0.0000 ,  0.0000 ,
  0.0000 ,  0.0000 ,  0.0000 ,  0.0000 ,  0.0000 ,  0.0000 ,
  0.0000 ,  0.0000 ,  0.0000 ,  0.0000 ,  0.0000 ,  0.0000 ,
  0.0000 ,  0.0000 ,  0.0000 ,  0.0000 ,  0.0000 ,  0.0000 ,
  0.0000 ,  0.0000 ,  0.0000 ,  0.0000 ,  0.0000 ,  0.0000 ,
  0.0000 ,  0.0000 ,  0.0000 ,  0.0000 ,  0.0000 ,  0.0000 ,
  0.0000 ,  0.0000 ,  0.0000 ,  0.0000 ,  0.0000 ,  0.0000 ,
  0.0000 ,  0.0000 ,  0.0000 ,  0.0000 ,  0.0000 ,  0.0000 ,
  0.0000 ,  0.0000 ,  0.0000 ,  0.0000 ,  0.0000 ,  0.0000 ,
  0.0000 ,  0.0000 ,  0.0000 ,  0.0000 ,  0.0000 ,  0.0000 ,
  0.0000 ,  0.0000 ,  0.0000 ,  0.0000 ,  0.0000 ,  0.0000 ,
  0.0000 ,  0.0000 ,  0.0000 ,  0.0000 ,  0.0000 ,  0.0000 ,
  0.0000 ,  0.0000 ,  0.0000 ,  0.0000 ,  0.0000 ,  0.0000 ,
  0.0000 ,  0.0000 ,  0.0000 ,  0.0000 ,  0.0000 ,  0.0000 ,
  0.0000 ,  0.0000 ,  0.0000 ,  0.0000 ,  0.0000 ,  0.0000 ,
  0.0000 ,  0.0000 ,  0.0000 ,  0.0000 ,  0.0000 ,  0.0000 ,
  0.0000 ,  0.0000 ,  0.0000 ,  0.0000 ,  0.0000 ,  0.0000 ,
  0.0000 ,  0.0000 ,  0.0000 ,  0.0000 ,  0.0000 ,  0.0000 ,
  0.0000 ,  0.0000 ,  0.0000 ,  0.0000 ,  0.0000 ,  0.0000 ,
  0.0000 ,  0.0000 ,  0.0000 ,  0.0000 ,  0.0000 ,  0.0000 ,
  0.0000 ,  0.0000 ,  0.0000 ,  0.0000 ,  0.0000 ,  0.0000 ,
  0.0000 ,  0.0000 ,  0.0000 ,  0.0000 ,  0.0000 ,  0.0000 ,
  0.0000 ,  0.0000 ,  0.0000 ,  0.0000 ,  0.0000 ,  0.0000 ,
  0.0000 ,  0.0000 ,  0.0000 ,  0.0000 ,  0.0000 ,  0.0000 ,
  0.0000 ,  0.0000 ,  0.0000 ,  0.0000 ,  0.0000 ,  0.0000 ,
  0.0000 ,  0.0000 ,  0.0000 ,  0.0000 ,  0.0000 ,  0.0000 ,
  0.0000 ,  0.0000 ,  0.0000 ,  0.0000 ,  0.0000 ,  0.0000 ,
  0.0000 ,  0.0000 ,  0.0000 ,  0.0000 ,  0.0000 ,  0.0000 ,
  0.0000 ,  0.0000 ,  0.0000 ,  0.0000 ,  0.0000 ,  0.0000 ,
  0.0000 ,  0.0000 ,  0.0000 ,  0.0000 ,  0.0000 ,  0.0000 ,
  0.0000 ,  0.0000 ,  0.0000 ,  0.0000 ,  0.0000 ,  0.0000 ,
  0.0000 ,  0.0000 ,  0.0000 ,  0.0000 ,  0.0000 ,  0.0000 ,
  0.0000 ,  0.0000 ,  0.0000 ,  0.0000 ,  0.0000 ,  0.0000 ,
  0.0000 ,  0.0000 ,  0.0000 ,  0.0000 ,  0.0000 ,  0.0000 ,
  0.0000 ,  0.0000 ,  0.0000 ,  0.0000 ,  0.0000 ,  0.0000 ,
  0.0000 ,  0.0000 ,  0.0000 ,  0.0000 ,  0.0000 ,  0.0000 ,
  0.0000 ,  0.0000 ,  0.0000 ,  0.0000 ,  0.0000 ,  0.0000 ,
  0.0000 ,  0.0000 ,  0.0000 ,  0.0000 ,  0.0000 ,  0.0000 ,
  0.0000 ,  0.0000 ,  0.0000 ,  0.0000 ,  0.0000 ,  0.0000 ,
  0.0000 ,  0.0000 ,  0.0000 ,  0.0000 ,  0.0000 ,  0.0000 ,
  0.0000 ,  0.0000 ,  0.0000 ,  0.0000 ,  0.0000 ,  0.0000 ,
  0.0000 ,  0.0000 ,  0.0000 ,  0.0000 ,  0.0000 ,  0.0000 ,
  0.0000 ,  0.0000 ,  0.0000 ,  0.0000 ,  0.0000 ,  0.0000 ,
  0.0000 ,  0.0000 ,  0.0000 ,  0.0000 ,  0.0000 ,  0.0000 ,
  0.0000 ,  0.0000 ,  0.0000 ,  0.0000 ,  0.0000 ,  0.0000 ,
  0.0000 ,  0.0000 ,  0.0000 ,  0.0000 ,  0.0000 ,  0.0000 ,
  0.0000 ,  0.0000 ,  0.0000 ,  0.0000 ,  0.0000 ,  0.0000 ,
  0.0000 ,  0.0000 ,  0.0000 ,  0.0000 ,  0.0000 ,  0.0000 ,
  0.0000 ,  0.0000 ,  0.0000 ,  0.0000 ,  0.0000 ,  0.0000 ,
  0.0000 ,  0.0000 ,  0.0000 ,  0.0000 ,  0.0000 ,  0.0000 ,
  0.0000 ,  0.0000 ,  0.0000 ,  0.0000 ,  0.0000 ,  0.0000 ,
  0.0000 ,  0.0000 ,  0.0000 ,  0.0000 ,  0.0000 ,  0.0000 ,
  0.0000 ,  0.0000 ,  0.0000 ,  0.0000 ,  0.0000 ,  0.0000 ,
  0.0000 ,  0.0000 ,  0.0000 ,  0.0000 ,  0.0000 ,  0.0000 ,
  0.0000 ,  0.0000 ,  0.0000 ,  0.0000 ,  0.0000 ,  0.0000 ,
  0.0000 ,  0.0000 ,  0.0000 ,  0.0000 ,  0.0000 ,  0.0000 ,
  0.0000 ,  0.0000 ,  0.0000 ,  0.0000 ,  0.0000 ,  0.0000 ,
  0.0000 ,  0.0000 ,  0.0000 ,  0.0000 ,  0.0000 ,  0.0000 ,
  0.0000 ,  0.0000 ,  0.0000 ,  0.0000 ,  0.0000 ,  0.0000 ,
  0.0000 ,  0.0000 ,  0.0000 ,  0.0000 ,  0.0000 ,  0.0000 ,
  0.0000 ,  0.0000 ,  0.0000 ,  0.0000 ,  0.0000 ,  0.0000 ,
  0.0000 ,  0.0000 ,  0.0000 ,  0.0000 ,  0.0000 ,  0.0000 ,
  0.0000 ,  0.0000 ,  0.0000 ,  0.0000 ,  0.0000 ,  0.0000 ,
  0.0000 ,  0.0000 ,  0.0000 ,  0.0000 ,  0.0000 ,  0.0000 ,
  0.0000 ,  0.0000 ,  0.0000 ,  0.0000 ,  0.0000 ,  0.0000 ,
  0.0000 ,  0.0000 ,  0.0000 ,  0.0000 ,  0.0000 ,  0.0000 ,
  0.0000 ,  0.0000 ,  0.0000 ,  0.0000 ,  0.0000 ,  0.0000 ,
  0.0000 ,  0.0000 ,  0.0000 ,  0.0000 ,  0.0000 ,  0.0000 ,
  0.0000 ,  0.0000 ,  0.0000 ,  0.0000 ,  0.0000 ,  0.0000 ,
  0.0000 ,  0.0000 ,  0.0000 ,  0.0000 ,  0.0000 ,  0.0000 ,
  0.0000 ,  0.0000 ,  0.0000 ,  0.0000 ,  0.0000 ,  0.0000 ,
  0.0000 ,  0.0000 ,  0.0000 ,  0.0000 ,  0.0000 ,  0.0000 ,
  0.0000 ,  0.0000 ,  0.0000 ,  0.0000 ,  0.0000 ,  0.0000 ,
  0.0000 ,  0.0000 ,  0.0000 ,  0.0000 ,  0.0000 ,  0.0000 ,
  0.0000 ,  0.0000 ,  0.0000 ,  0.0000 ,  0.0000 ,  0.0000 ,
  0.0000 ,  0.0000 ,  0.0000 ,  0.0000 ,  0.0000 ,  0.0000 ,
  0.0000 ,  0.0000 ,  0.0000 ,  0.0000 ,  0.0000 ,  0.0000 ,
  0.0000 ,  0.0000 ,  0.0000 ,  0.0000 ,  0.0000 ,  0.0000 ,
  0.0000 ,  0.0000 ,  0.0000 ,  0.0000 ,  0.0000 ,  0.0000 ,
  0.0000 ,  0.0000 ,  0.0000 ,  0.0000 ,  0.0000 ,  0.0000 ,
  0.0000 ,  0.0000 ,  0.0000 ,  0.0000 ,  0.0000 ,  0.0000 ,
  0.0000 ,  0.0000 ,  0.0000 ,  0.0000 ,  0.0000 ,  0.0000 ,
  0.0000 ,  0.0000 ,  0.0000 ,  0.0000 ,  0.0000 ,  0.0000 ,
  0.0000 ,  0.0000 ,  0.0000 ,  0.0000 ,  0.0000 ,  0.0000 ,
  0.0000 ,  0.0000 ,  0.0000 ,  0.0000 ,  0.0000 ,  0.0000 ,
  0.0000 ,  0.0000 ,  0.0000 ,  0.0000 ,  0.0000 ,  0.0000 ,
  0.0000 ,  0.0000 ,  0.0000 ,  0.0000 ,  0.0000 ,  0.0000 ,
  0.0000 ,  0.0000 ,  0.0000 ,  0.0000 ,  0.0000 ,  0.0000 ,
  0.0000 ,  0.0000 ,  0.0000 ,  0.0000 ,  0.0000 ,  0.0000 ,
  0.0000 ,  0.0000 ,  0.0000 ,  0.0000 ,  0.0000 ,  0.0000 ,
  0.0000 ,  0.0000 ,  0.0000 ,  0.0000 ,  0.0000 ,  0.0000 ,
  0.0000 ,  0.0000 ,  0.0000 ,  0.0000 ,  0.0000 ,  0.0000 ,
  0.0000 ,  0.0000 ,  0.0000 ,  0.0000 ,  0.0000 ,  0.0000 ,
  0.0000 ,  0.0000 ,  0.0000 ,  0.0000 ,  0.0000 ,  0.0000 ,
  0.0000 ,  0.0000 ,  0.0000 ,  0.0000 ,  0.0000 ,  0.0000 ,
  0.0000 ,  0.0000 ,  0.0000 ,  0.0000 ,  0.0000 ,  0.0000 ,
  0.0000 ,  0.0000 ,  0.0000 ,  0.0000 ,  0.0000 ,  0.0000 ,
  0.0000 ,  0.0000 ,  0.0000 ,  0.0000 ,  0.0000 ,  0.0000 ,
  0.0000 ,  0.0000 ,  0.0000 ,  0.0000 ,  0.0000 ,  0.0000 ,
  0.0000 ,  0.0000 ,  0.0000 ,  0.0000 ,  0.0000 ,  0.0000 ,
  0.0000 ,  0.0000 ,  0.0000 ,  0.0000 ,  0.0000 ,  0.0000 ,
  0.0000 ,  0.0000 ,  0.0000 ,  0.0000 ,  0.0000 ,  0.0000 ,
  0.0000 ,  0.0000 ,  0.0000 ,  0.0000 ,  0.0000 ,  0.0000 ,
  0.0000 ,  0.0000 ,  0.0000 ,  0.0000 ,  0.0000 ,  0.0000 ,
  0.0000 ,  0.0000 ,  0.0000 ,  0.0000 ,  0.0000 ,  0.0000 ,
  0.0000 ,  0.0000 ,  0.0000 ,  0.0000 ,  0.0000 ,  0.0000 ,
  0.0000 ,  0.0000 ,  0.0000 ,  0.0000 ,  0.0000 ,  0.0000 ,
  0.0000 ,  0.0000 ,  0.0000 ,  0.0000 ,  0.0000 ,  0.0000 ,
  0.0000 ,  0.0000 ,  0.0000 ,  0.0000 ,  0.0000 ,  0.0000 ,
  0.0000 ,  0.0000 ,  0.0000 ,  0.0000 ,  0.0000 ,  0.0000 ,
  0.0000 ,  0.0000 ,  0.0000 ,  0.0000 ,  0.0000 ,  0.0000 ,
  0.0000 ,  0.0000 ,  0.0000 ,  0.0000 ,  0.0000 ,  0.0000 ,
  0.0000 ,  0.0000 ,  0.0000 ,  0.0000 ,  0.0000 ,  0.0000 ,
  0.0000 ,  0.0000 ,  0.0000 ,  0.0000 ,  0.0000 ,  0.0000 ,
  0.0000 ,  0.0000 ,  0.0000 ,  0.0000 ,  0.0000 ,  0.0000 ,
  0.0000 ,  0.0000 ,  0.0000 ,  0.0000 ,  0.0000 ,  0.0000 ,
  0.0000 ,  0.0000 ,  0.0000 ,  0.0000 ,  0.0000 ,  0.0000 ,
  0.0000 ,  0.0000 ,  0.0000 ,  0.0000 ,  0.0000 ,  0.0000 ,
  0.0000 ,  0.0000 ,  0.0000 ,  0.0000 ,  0.0000 ,  0.0000 ,
  0.0000 ,  0.0000 ,  0.0000 ,  0.0000 ,  0.0000 ,  0.0000 ,
  0.0000 ,  0.0000 ,  0.0000 ,  0.0000 ,  0.0000 ,  0.0000 ,
  0.0000 ,  0.0000 ,  0.0000 ,  0.0000 ,  0.0000 ,  0.0000 ,
  0.0000 ,  0.0000 ,  0.0000 ,  0.0000 ,  0.0000 ,  0.0000 ,
  0.0000 ,  0.0000 ,  0.0000 ,  0.0000 ,  0.0000 ,  0.0000 ,
  0.0000 ,  0.0000 ,  0.0000 ,  0.0000 ,  0.0000 ,  0.0000 ,
  0.0000 ,  0.0000 ,  0.0000 ,  0.0000 ,  0.0000 ,  0.0000 ,
  0.0000 ,  0.0000 ,  0.0000 ,  0.0000 ,  0.0000 ,  0.0000 ,
  0.0000 ,  0.0000 ,  0.0000 ,  0.0000 ,  0.0000 ,  0.0000 ,
  0.0000 ,  0.0000 ,  0.0000 ,  0.0000 ,  0.0000 ,  0.0000 ,
  0.0000 ,  0.0000 ,  0.0000 ,  0.0000 ,  0.0000 ,  0.0000 ,
  0.0000 ,  0.0000 ,  0.0000 ,  0.0000 ,  0.0000 ,  0.0000 ,
  0.0000 ,  0.0000 ,  0.0000 ,  0.0000 ,  0.0000 ,  0.0000 ,
  0.0000 ,  0.0000 ,  0.0000 ,  0.0000 ,  0.0000 ,  0.0000 ,
  0.0000 ,  0.0000 ,  0.0000 ,  0.0000 ,  0.0000 ,  0.0000 ,
  0.0000 ,  0.0000 ,  0.0000 ,  0.0000 ,  0.0000 ,  0.0000 ,
  0.0000 ,  0.0000 ,  0.0000 ,  0.0000 ,  0.0000 ,  0.0000 ,
  0.0000 ,  0.0000 ,  0.0000 ,  0.0000 ,  0.0000 ,  0.0000 ,
  0.0000 ,  0.0000 ,  0.0000 ,  0.0000 ,  0.0000 ,  0.0000 ,
  0.0000 ,  0.0000 ,  0.0000 ,  0.0000 ,  0.0000 ,  0.0000 ,
  0.0000 ,  0.0000 ,  0.0000 ,  0.0000 ,  0.0000 ,  0.0000 ,
  0.0000 ,  0.0000 ,  0.0000 ,  0.0000 ,  0.0000 ,  0.0000 ,
  0.0000 ,  0.0000 ,  0.0000 ,  0.0000 ,  0.0000 ,  0.0000 ,
  0.0000 ,  0.0000 ,  0.0000 ,  0.0000 ,  0.0000 ,  0.0000 ,
  0.0000 ,  0.0000 ,  0.0000 ,  0.0000 ,  0.0000 ,  0.0000 ,
  0.0000 ,  0.0000 ,  0.0000 ,  0.0000 ,  0.0000 ,  0.0000 ,
  0.0000 ,  0.0000 ,  0.0000 ,  0.0000 ,  0.0000 ,  0.0000 ,
  0.0000 ,  0.0000 ,  0.0000 ,  0.0000 ,  0.0000 ,  0.0000 ,
  0.0000 ,  0.0000 ,  0.0000 ,  0.0000 ,  0.0000 ,  0.0000 ,
  0.0000 ,  0.0000 ,  0.0000 ,  0.0000 ,  0.0000 ,  0.0000 ,
  0.0000 ,  0.0000 ,  0.0000 ,  0.0000 ,  0.0000 ,  0.0000 ,
  0.0000 ,  0.0000 ,  0.0000 ,  0.0000 ,  0.0000 ,  0.0000 ,
  0.0000 ,  0.0000 ,  0.0000 ,  0.0000 ,  0.0000 ,  0.0000 ,
  0.0000 ,  0.0000 ,  0.0000 ,  0.0000 ,  0.0000 ,  0.0000 ,
  0.0000 ,  0.0000 ,  0.0000 ,  0.0000 ,  0.0000 ,  0.0000 ,
  0.0000 ,  0.0000 ,  0.0000 ,  0.0000 ,  0.0000 ,  0.0000 ,
  0.0000 ,  0.0000 ,  0.0000 ,  0.0000 ,  0.0000 ,  0.0000 ,
  0.0000 ,  0.0000 ,  0.0000 ,  0.0000 ,  0.0000 ,  0.0000 ,
  0.0000 ,  0.0000 ,  0.0000 ,  0.0000 ,  0.0000 ,  0.0000 ,
  0.0000 ,  0.0000 ,  0.0000 ,  0.0000 ,  0.0000 ,  0.0000 ,
  0.0000 ,  0.0000 ,  0.0000 ,  0.0000 ,  0.0000 ,  0.0000 ,
  0.0000 ,  0.0000 ,  0.0000 ,  0.0000 ,  0.0000 ,  0.0000 ,
  0.0000 ,  0.0000 ,  0.0000 ,  0.0000 ,  0.0000 ,  0.0000 ,
  0.0000 ,  0.0000 ,  0.0000 ,  0.0000 ,  0.0000 ,  0.0000 ,
  0.0000 ,  0.0000 ,  0.0000 ,  0.0000 ,  0.0000 ,  0.0000 ,
  0.0000 ,  0.0000 ,  0.0000 ,  0.0000 ,  0.0000 ,  0.0000 ,
  0.0000 ,  0.0000 ,  0.0000 ,  0.0000 ,  0.0000 ,  0.0000 ,
  0.0000 ,  0.0000 ,  0.0000 ,  0.0000 ,  0.0000 ,  0.0000 ,
  0.0000 ,  0.0000 ,  0.0000 ,  0.0000 ,  0.0000 ,  0.0000 ,
  0.0000 ,  0.0000 ,  0.0000 ,  0.0000 ,  0.0000 ,  0.0000 ,
  0.0000 ,  0.0000 ,  0.0000 ,  0.0000 ,  0.0000 ,  0.0000 ,
  0.0000 ,  0.0000 ,  0.0000 ,  0.0000 ,  0.0000 ,  0.0000 ,
  0.0000 ,  0.0000 ,  0.0000 ,  0.0000 ,  0.0000 ,  0.0000 ,
  0.0000 ,  0.0000 ,  0.0000 ,  0.0000 ,  0.0000 ,  0.0000 ,
  0.0000 ,  0.0000 ,  0.0000 ,  0.0000 ,  0.0000 ,  0.0000 ,
  0.0000 ,  0.0000 ,  0.0000 ,  0.0000 ,  0.0000 ,  0.0000 ,
  0.0000 ,  0.0000 ,  0.0000 ,  0.0000 ,  0.0000 ,  0.0000 ,
  0.0000 ,  0.0000 ,  0.0000 ,  0.0000 ,  0.0000 ,  0.0000 ,
  0.0000 ,  0.0000 ,  0.0000 ,  0.0000 ,  0.0000 ,  0.0000 ,
  0.0000 ,  0.0000 ,  0.0000 ,  0.0000 ,  0.0000 ,  0.0000 ,
  0.0000 ,  0.0000 ,  0.0000 ,  0.0000 ,  0.0000 ,  0.0000 ,
  0.0000 ,  0.0000 ,  0.0000 ,  0.0000 ,  0.0000 ,  0.0000 ,
  0.0000 ,  0.0000 ,  0.0000 ,  0.0000 ,  0.0000 ,  0.0000 ,
  0.0000 ,  0.0000 ,  0.0000 ,  0.0000 ,  0.0000 ,  0.0000 ,
  0.0000 ,  0.0000 ,  0.0000 ,  0.0000 ,  0.0000 ,  0.0000 ,
  0.0000 ,  0.0000 ,  0.0000 ,  0.0000 ,  0.0000 ,  0.0000 ,
  0.0000 ,  0.0000 ,  0.0000 ,  0.0000 ,  0.0000 ,  0.0000 ,
  0.0000 ,  0.0000 ,  0.0000 ,  0.0000 ,  0.0000 ,  0.0000 ,
  0.0000 ,  0.0000 ,  0.0000 ,  0.0000 ,  0.0000 ,  0.0000 ,
  0.0000 ,  0.0000 ,  0.0000 ,  0.0000 ,  0.0000 ,  0.0000 ,
  0.0000 ,  0.0000 ,  0.0000 ,  0.0000 ,  0.0000 ,  0.0000 ,
  0.0000 ,  0.0000 ,  0.0000 ,  0.0000 ,  0.0000 ,  0.0000 ,
  0.0000 ,  0.0000 ,  0.0000 ,  0.0000 ,  0.0000 ,  0.0000 ,
  0.0000 ,  0.0000 ,  0.0000 ,  0.0000 ,  0.0000 ,  0.0000 ,
  0.0000 ,  0.0000 ,  0.0000 ,  0.0000 ,  0.0000 ,  0.0000 ,
  0.0000 ,  0.0000 ,  0.0000 ,  0.0000 ,  0.0000 ,  0.0000 ,
  0.0000 ,  0.0000 ,  0.0000 ,  0.0000 ,  0.0000 ,  0.0000 ,
  0.0000 ,  0.0000 ,  0.0000 ,  0.0000 ,  0.0000 ,  0.0000 ,
  0.0000 ,  0.0000 ,  0.0000 ,  0.0000 ,  0.0000 ,  0.0000 ,
  0.0000 ,  0.0000 ,  0.0000 ,  0.0000 ,  0.0000 ,  0.0000 ,
  0.0000 ,  0.0000 ,  0.0000 ,  0.0000 ,  0.0000 ,  0.0000 ,
  0.0000 ,  0.0000 ,  0.0000 ,  0.0000 ,  0.0000 ,  0.0000 ,
  0.0000 ,  0.0000 ,  0.0000 ,  0.0000 ,  0.0000 ,  0.0000 ,
  0.0000 ,  0.0000 ,  0.0000 ,  0.0000 ,  0.0000 ,  0.0000 ,
  0.0000 ,  0.0000 ,  0.0000 ,  0.0000 ,  0.0000 ,  0.0000 ,
  0.0000 ,  0.0000 ,  0.0000 ,  0.0000 ,  0.0000 ,  0.0000 ,
  0.0000 ,  0.0000 ,  0.0000 ,  0.0000 ,  0.0000 ,  0.0000 ,
  0.0000 ,  0.0000 ,  0.0000 ,  0.0000 ,  0.0000 ,  0.0000 ,
  0.0000 ,  0.0000 ,  0.0000 ,  0.0000 ,  0.0000 ,  0.0000 ,
  0.0000 ,  0.0000 ,  0.0000 ,  0.0000 ,  0.0000 ,  0.0000 ,
  0.0000 ,  0.0000 ,  0.0000 ,  0.0000 ,  0.0000 ,  0.0000 ,
  0.0000 ,  0.0000 ,  0.0000 ,  0.0000 ,  0.0000 ,  0.0000 ,
  0.0000 ,  0.0000 ,  0.0000 ,  0.0000 ,  0.0000 ,  0.0000 ,
  0.0000 ,  0.0000 ,  0.0000 ,  0.0000 ,  0.0000 ,  0.0000 ,
  0.0000 ,  0.0000 ,  0.0000 ,  0.0000 ,  0.0000 ,  0.0000 ,
  0.0000 ,  0.0000 ,  0.0000 ,  0.0000 ,  0.0000 ,  0.0000 ,
  0.0000 ,  0.0000 ,  0.0000 ,  0.0000 ,  0.0000 ,  0.0000 ,
  0.0000 ,  0.0000 ,  0.0000 ,  0.0000 ,  0.0000 ,  0.0000 ,
  0.0000 ,  0.0000 ,  0.0000 ,  0.0000 ,  0.0000 ,  0.0000 ,
  0.0000 ,  0.0000 ,  0.0000 ,  0.0000 ,  0.0000 ,  0.0000 ,
  0.0000 ,  0.0000 ,  0.0000 ,  0.0000 ,  0.0000 ,  0.0000 ,
  0.0000 ,  0.0000 ,  0.0000 ,  0.0000 ,  0.0000 ,  0.0000 ,
  0.0000 ,  0.0000 ,  0.0000 ,  0.0000 ,  0.0000 ,  0.0000 ,
  0.0000 ,  0.0000 ,  0.0000 ,  0.0000 ,  0.0000 ,  0.0000 ,
  0.0000 ,  0.0000 ,  0.0000 ,  0.0000 ,  0.0000 ,  0.0000 ,
  0.0000 ,  0.0000 ,  0.0000 ,  0.0000 ,  0.0000 ,  0.0000 ,
  0.0000 ,  0.0000 ,  0.0000 ,  0.0000 ,  0.0000 ,  0.0000 ,
  0.0000 ,  0.0000 ,  0.0000 ,  0.0000 ,  0.0000 ,  0.0000 ,
  0.0000 ,  0.0000 ,  0.0000 ,  0.0000 ,  0.0000 ,  0.0000 ,
  0.0000 ,  0.0000 ,  0.0000 ,  0.0000 ,  0.0000 ,  0.0000 ,
  0.0000 ,  0.0000 ,  0.0000 ,  0.0000 ,  0.0000 ,  0.0000 ,
  0.0000 ,  0.0000 ,  0.0000 ,  0.0000 ,  0.0000 ,  0.0000 ,
  0.0000 ,  0.0000 ,  0.0000 ,  0.0000 ,  0.0000 ,  0.0000 ,
  0.0000 ,  0.0000 ,  0.0000 ,  0.0000 ,  0.0000 ,  0.0000 ,
  0.0000 ,  0.0000 ,  0.0000 ,  0.0000 ,  0.0000 ,  0.0000 ,
  0.0000 ,  0.0000 ,  0.0000 ,  0.0000 ,  0.0000 ,  0.0000 ,
  0.0000 ,  0.0000 ,  0.0000 ,  0.0000 ,  0.0000 ,  0.0000 ,
  0.0000 ,  0.0000 ,  0.0000 ,  0.0000 ,  0.0000 ,  0.0000 ,
  0.0000 ,  0.0000 ,  0.0000 ,  0.0000 ,  0.0000 ,  0.0000 ,
  0.0000 ,  0.0000 ,  0.0000 ,  0.0000 ,  0.0000 ,  0.0000 ,
  0.0000 ,  0.0000 ,  0.0000 ,  0.0000 ,  0.0000 ,  0.0000 ,
  0.0000 ,  0.0000 ,  0.0000 ,  0.0000 ,  0.0000 ,  0.0000 ,
  0.0000 ,  0.0000 ,  0.0000 ,  0.0000 ,  0.0000 ,  0.0000 ,
  0.0000 ,  0.0000 ,  0.0000 ,  0.0000 ,  0.0000 ,  0.0000 ,
  0.0000 ,  0.0000 ,  0.0000 ,  0.0000 ,  0.0000 ,  0.0000 ,
  0.0000 ,  0.0000 ,  0.0000 ,  0.0000 ,  0.0000 ,  0.0000 ,
  0.0000 ,  0.0000 ,  0.0000 ,  0.0000 ,  0.0000 ,  0.0000 ,
  0.0000 ,  0.0000 ,  0.0000 ,  0.0000 ,  0.0000 ,  0.0000 ,
  0.0000 ,  0.0000 ,  0.0000 ,  0.0000 ,  0.0000 ,  0.0000 ,
  0.0000 ,  0.0000 ,  0.0000 ,  0.0000 ,  0.0000 ,  0.0000 ,
  0.0000 ,  0.0000 ,  0.0000 ,  0.0000 ,  0.0000 ,  0.0000 ,
  0.0000 ,  0.0000 ,  0.0000 ,  0.0000 ,  0.0000 ,  0.0000 ,
  0.0000 ,  0.0000 ,  0.0000 ,  0.0000 ,  0.0000 ,  0.0000 ,
  0.0000 ,  0.0000 ,  0.0000 ,  0.0000 ,  0.0000 ,  0.0000 ,
  0.0000 ,  0.0000 ,  0.0000 ,  0.0000 ,  0.0000 ,  0.0000 ,
  0.0000 ,  0.0000 ,  0.0000 ,  0.0000 ,  0.0000 ,  0.0000 ,
  0.0000 ,  0.0000 ,  0.0000 ,  0.0000 ,  0.0000 ,  0.0000 ,
  0.0000 ,  0.0000 ,  0.0000 ,  0.0000 ,  0.0000 ,  0.0000 ,
  0.0000 ,  0.0000 ,  0.0000 ,  0.0000 ,  0.0000 ,  0.0000 ,
  0.0000 ,  0.0000 ,  0.0000 ,  0.0000 ,  0.0000 ,  0.0000 ,
  0.0000 ,  0.0000 ,  0.0000 ,  0.0000 ,  0.0000 ,  0.0000 ,
  0.0000 ,  0.0000 ,  0.0000 ,  0.0000 ,  0.0000 ,  0.0000 ,
  0.0000 ,  0.0000 ,  0.0000 ,  0.0000 ,  0.0000 ,  0.0000 ,
  0.0000 ,  0.0000 ,  0.0000 ,  0.0000 ,  0.0000 ,  0.0000 ,
  0.0000 ,  0.0000 ,  0.0000 ,  0.0000 ,  0.0000 ,  0.0000 ,
  0.0000 ,  0.0000 ,  0.0000 ,  0.0000 ,  0.0000 ,  0.0000 ,
  0.0000 ,  0.0000 ,  0.0000 ,  0.0000 ,  0.0000 ,  0.0000 ,
  0.0000 ,  0.0000 ,  0.0000 ,  0.0000 ,  0.0000 ,  0.0000 ,
  0.0000 ,  0.0000 ,  0.0000 ,  0.0000 ,  0.0000 ,  0.0000 ,
  0.0000 ,  0.0000 ,  0.0000 ,  0.0000 ,  0.0000 ,  0.0000 ,
  0.0000 ,  0.0000 ,  0.0000 ,  0.0000 ,  0.0000 ,  0.0000 ,
  0.0000 ,  0.0000 ,  0.0000 ,  0.0000 ,  0.0000 ,  0.0000 ,
  0.0000 ,  0.0000 ,  0.0000 ,  0.0000 ,  0.0000 ,  0.0000 ,
  0.0000 ,  0.0000 ,  0.0000 ,  0.0000 ,  0.0000 ,  0.0000 ,
  0.0000 ,  0.0000 ,  0.0000 ,  0.0000 ,  0.0000 ,  0.0000 ,
  0.0000 ,  0.0000 ,  0.0000 ,  0.0000 ,  0.0000 ,  0.0000 ,
  0.0000 ,  0.0000 ,  0.0000 ,  0.0000 ,  0.0000 ,  0.0000 ,
  0.0000 ,  0.0000 ,  0.0000 ,  0.0000 ,  0.0000 ,  0.0000 ,
  0.0000 ,  0.0000 ,  0.0000 ,  0.0000 ,  0.0000 ,  0.0000 ,
  0.0000 ,  0.0000 ,  0.0000 ,  0.0000 ,  0.0000 ,  0.0000 ,
  0.0000 ,  0.0000 ,  0.0000 ,  0.0000 ,  0.0000 ,  0.0000 ,
  0.0000 ,  0.0000 ,  0.0000 ,  0.0000 ,  0.0000 ,  0.0000 ,
  0.0000 ,  0.0000 ,  0.0000 ,  0.0000 ,  0.0000 ,  0.0000 ,
  0.0000 ,  0.0000 ,  0.0000 ,  0.0000 ,  0.0000 ,  0.0000 ,
  0.0000 ,  0.0000 ,  0.0000 ,  0.0000 ,  0.0000 ,  0.0000 ,
  0.0000 ,  0.0000 ,  0.0000 ,  0.0000 ,  0.0000 ,  0.0000 ,
  0.0000 ,  0.0000 ,  0.0000 ,  0.0000 ,  0.0000 ,  0.0000 ,
  0.0000 ,  0.0000 ,  0.0000 ,  0.0000 ,  0.0000 ,  0.0000 ,
  0.0000 ,  0.0000 ,  0.0000 ,  0.0000 ,  0.0000 ,  0.0000 ,
  0.0000 ,  0.0000 ,  0.0000 ,  0.0000 ,  0.0000 ,  0.0000 ,
  0.0000 ,  0.0000 ,  0.0000 ,  0.0000 ,  0.0000 ,  0.0000 ,
  0.0000 ,  0.0000 ,  0.0000 ,  0.0000 ,  0.0000 ,  0.0000 ,
  0.0000 ,  0.0000 ,  0.0000 ,  0.0000 ,  0.0000 ,  0.0000 ,
  0.0000 ,  0.0000 ,  0.0000 ,  0.0000 ,  0.0000 ,  0.0000 ,
  0.0000 ,  0.0000 ,  0.0000 ,  0.0000 ,  0.0000 ,  0.0000 ,
  0.0000 ,  0.0000 ,  0.0000 ,  0.0000 ,  0.0000 ,  0.0000 ,
  0.0000 ,  0.0000 ,  0.0000 ,  0.0000 ,  0.0000 ,  0.0000 ,
  0.0000 ,  0.0000 ,  0.0000 ,  0.0000 ,  0.0000 ,  0.0000 ,
  0.0000 ,  0.0000 ,  0.0000 ,  0.0000 ,  0.0000 ,  0.0000 ,
  0.0000 ,  0.0000 ,  0.0000 ,  0.0000 ,  0.0000 ,  0.0000 ,
  0.0000 ,  0.0000 ,  0.0000 ,  0.0000 ,  0.0000 ,  0.0000 ,
  0.0000 ,  0.0000 ,  0.0000 ,  0.0000 ,  0.0000 ,  0.0000 ,
  0.0000 ,  0.0000 ,  0.0000 ,  0.0000 ,  0.0000 ,  0.0000 ,
  0.0000 ,  0.0000 ,  0.0000 ,  0.0000 ,  0.0000 ,  0.0000 ,
  0.0000 ,  0.0000 ,  0.0000 ,  0.0000 ,  0.0000 ,  0.0000 ,
  0.0000 ,  0.0000 ,  0.0000 ,  0.0000 ,  0.0000 ,  0.0000 ,
  0.0000 ,  0.0000 ,  0.0000 ,  0.0000 ,  0.0000 ,  0.0000 ,
  0.0000 ,  0.0000 ,  0.0000 ,  0.0000 ,  0.0000 ,  0.0000 ,
  0.0000 ,  0.0000 ,  0.0000 ,  0.0000 ,  0.0000 ,  0.0000 ,
  0.0000 ,  0.0000 ,  0.0000 ,  0.0000 ,  0.0000 ,  0.0000 ,
  0.0000 ,  0.0000 ,  0.0000 ,  0.0000 ,  0.0000 ,  0.0000 ,
  0.0000 ,  0.0000 ,  0.0000 ,  0.0000 ,  0.0000 ,  0.0000 ,
  0.0000 ,  0.0000 ,  0.0000 ,  0.0000 ,  0.0000 ,  0.0000 ,
  0.0000 ,  0.0000 ,  0.0000 ,  0.0000 ,  0.0000 ,  0.0000 ,
  0.0000 ,  0.0000 ,  0.0000 ,  0.0000 ,  0.0000 ,  0.0000 ,
  0.0000 ,  0.0000 ,  0.0000 ,  0.0000 ,  0.0000 ,  0.0000 ,
  0.0000 ,  0.0000 ,  0.0000 ,  0.0000 ,  0.0000 ,  0.0000 ,
  0.0000 ,  0.0000 ,  0.0000 ,  0.0000 ,  0.0000 ,  0.0000 ,
  0.0000 ,  0.0000 ,  0.0000 ,  0.0000 ,  0.0000 ,  0.0000 ,
  0.0000 ,  0.0000 ,  0.0000 ,  0.0000 ,  0.0000 ,  0.0000 ,
  0.0000 ,  0.0000 ,  0.0000 ,  0.0000 ,  0.0000 ,  0.0000 ,
  0.0000 ,  0.0000 ,  0.0000 ,  0.0000 ,  0.0000 ,  0.0000 ,
  0.0000 ,  0.0000 ,  0.0000 ,  0.0000 ,  0.0000 ,  0.0000 ,
  0.0000 ,  0.0000 ,  0.0000 ,  0.0000 ,  0.0000 ,  0.0000 ,
  0.0000 ,  0.0000 ,  0.0000 ,  0.0000 ,  0.0000 ,  0.0000 ,
  0.0000 ,  0.0000 ,  0.0000 ,  0.0000 ,  0.0000 ,  0.0000 ,
  0.0000 ,  0.0000 ,  0.0000 ,  0.0000 ,  0.0000 ,  0.0000 ,
  0.0000 ,  0.0000 ,  0.0000 ,  0.0000 ,  0.0000 ,  0.0000 ,
  0.0000 ,  0.0000 ,  0.0000 ,  0.0000 ,  0.0000 ,  0.0000 ,
  0.0000 ,  0.0000 ,  0.0000 ,  0.0000 ,  0.0000 ,  0.0000 ,
  0.0000 ,  0.0000 ,  0.0000 ,  0.0000 ,  0.0000 ,  0.0000 ,
  0.0000 ,  0.0000 ,  0.0000 ,  0.0000 ,  0.0000 ,  0.0000 ,
  0.0000 ,  0.0000 ,  0.0000 ,  0.0000 ,  0.0000 ,  0.0000 ,
  0.0000 ,  0.0000 ,  0.0000 ,  0.0000 ,  0.0000 ,  0.0000 ,
  0.0000 ,  0.0000 ,  0.0000 ,  0.0000 ,  0.0000 ,  0.0000 ,
  0.0000 ,  0.0000 ,  0.0000 ,  0.0000 ,  0.0000 ,  0.0000 ,
  0.0000 ,  0.0000 ,  0.0000 ,  0.0000 ,  0.0000 ,  0.0000 ,
  0.0000 ,  0.0000 ,  0.0000 ,  0.0000 ,  0.0000 ,  0.0000 ,
  0.0000 ,  0.0000 ,  0.0000 ,  0.0000 ,  0.0000 ,  0.0000 ,
  0.0000 ,  0.0000 ,  0.0000 ,  0.0000 ,  0.0000 ,  0.0000 ,
  0.0000 ,  0.0000 ,  0.0000 ,  0.0000 ,  0.0000 ,  0.0000 ,
  0.0000 ,  0.0000 ,  0.0000 ,  0.0000 ,  0.0000 ,  0.0000 ,
  0.0000 ,  0.0000 ,  0.0000 ,  0.0000 ,  0.0000 ,  0.0000 ,
  0.0000 ,  0.0000 ,  0.0000 ,  0.0000 ,  0.0000 ,  0.0000 ,
  0.0000 ,  0.0000 ,  0.0000 ,  0.0000 ,  0.0000 ,  0.0000 ,
  0.0000 ,  0.0000 ,  0.0000 ,  0.0000 ,  0.0000 ,  0.0000 ,
  0.0000 ,  0.0000 ,  0.0000 ,  0.0000 ,  0.0000 ,  0.0000 ,
  0.0000 ,  0.0000 ,  0.0000 ,  0.0000 ,  0.0000 ,  0.0000 ,
  0.0000 ,  0.0000 ,  0.0000 ,  0.0000 ,  0.0000 ,  0.0000 ,
  0.0000 ,  0.0000 ,  0.0000 ,  0.0000 ,  0.0000 ,  0.0000 ,
  0.0000 ,  0.0000 ,  0.0000 ,  0.0000 ,  0.0000 ,  0.0000 ,
  0.0000 ,  0.0000 ,  0.0000 ,  0.0000 ,  0.0000 ,  0.0000 ,
  0.0000 ,  0.0000 ,  0.0000 ,  0.0000 ,  0.0000 ,  0.0000 ,
  0.0000 ,  0.0000 ,  0.0000 ,  0.0000 ,  0.0000 ,  0.0000 ,
  0.0000 ,  0.0000 ,  0.0000 ,  0.0000 ,  0.0000 ,  0.0000 ,
  0.0000 ,  0.0000 ,  0.0000 ,  0.0000 ,  0.0000 ,  0.0000 ,
  0.0000 ,  0.0000 ,  0.0000 ,  0.0000 ,  0.0000 ,  0.0000 ,
  0.0000 ,  0.0000 ,  0.0000 ,  0.0000 ,  0.0000 ,  0.0000 ,
  0.0000 ,  0.0000 ,  0.0000 ,  0.0000 ,  0.0000 ,  0.0000 ,
  0.0000 ,  0.0000 ,  0.0000 ,  0.0000 ,  0.0000 ,  0.0000 ,
  0.0000 ,  0.0000 ,  0.0000 ,  0.0000 ,  0.0000 ,  0.0000 ,
  0.0000 ,  0.0000 ,  0.0000 ,  0.0000 ,  0.0000 ,  0.0000 ,
  0.0000 ,  0.0000 ,  0.0000 ,  0.0000 ,  0.0000 ,  0.0000 ,
  0.0000 ,  0.0000 ,  0.0000 ,  0.0000 ,  0.0000 ,  0.0000 ,
  0.0000 ,  0.0000 ,  0.0000 ,  0.0000 ,  0.0000 ,  0.0000 ,
  0.0000 ,  0.0000 ,  0.0000 ,  0.0000 ,  0.0000 ,  0.0000 ,
  0.0000 ,  0.0000 ,  0.0000 ,  0.0000 ,  0.0000 ,  0.0000 ,
  0.0000 ,  0.0000 ,  0.0000 ,  0.0000 ,  0.0000 ,  0.0000 ,
  0.0000 ,  0.0000 ,  0.0000 ,  0.0000 ,  0.0000 ,  0.0000 ,
  0.0000 ,  0.0000 ,  0.0000 ,  0.0000 ,  0.0000 ,  0.0000 ,
  0.0000 ,  0.0000 ,  0.0000 ,  0.0000 ,  0.0000 ,  0.0000 ,
  0.0000 ,  0.0000 ,  0.0000 ,  0.0000 ,  0.0000 ,  0.0000 ,
  0.0000 ,  0.0000 ,  0.0000 ,  0.0000 ,  0.0000 ,  0.0000 ,
  0.0000 ,  0.0000 ,  0.0000 ,  0.0000 ,  0.0000 ,  0.0000 ,
  0.0000 ,  0.0000 ,  0.0000 ,  0.0000 ,  0.0000 ,  0.0000 ,
  0.0000 ,  0.0000 ,  0.0000 ,  0.0000 ,  0.0000 ,  0.0000 ,
  0.0000 ,  0.0000 ,  0.0000 ,  0.0000 ,  0.0000 ,  0.0000 ,
  0.0000 ,  0.0000 ,  0.0000 ,  0.0000 ,  0.0000 ,  0.0000 ,
  0.0000 ,  0.0000 ,  0.0000 ,  0.0000 ,  0.0000 ,  0.0000 ,
  0.0000 ,  0.0000 ,  0.0000 ,  0.0000 ,  0.0000 ,  0.0000 ,
  0.0000 ,  0.0000 ,  0.0000 ,  0.0000 ,  0.0000 ,  0.0000 ,
  0.0000 ,  0.0000 ,  0.0000 ,  0.0000 ,  0.0000 ,  0.0000 ,
  0.0000 ,  0.0000 ,  0.0000 ,  0.0000 ,  0.0000 ,  0.0000 ,
  0.0000 ,  0.0000 ,  0.0000 ,  0.0000 ,  0.0000 ,  0.0000 ,
  0.0000 ,  0.0000 ,  0.0000 ,  0.0000 ,  0.0000 ,  0.0000 ,
  0.0000 ,  0.0000 ,  0.0000 ,  0.0000 ,  0.0000 ,  0.0000 ,
  0.0000 ,  0.0000 ,  0.0000 ,  0.0000 ,  0.0000 ,  0.0000 ,
  0.0000 ,  0.0000 ,  0.0000 ,  0.0000 ,  0.0000 ,  0.0000 ,
  0.0000 ,  0.0000 ,  0.0000 ,  0.0000 ,  0.0000 ,  0.0000 ,
  0.0000 ,  0.0000 ,  0.0000 ,  0.0000 ,  0.0000 ,  0.0000 ,
  0.0000 ,  0.0000 ,  0.0000 ,  0.0000 ,  0.0000 ,  0.0000 ,
  0.0000 ,  0.0000 ,  0.0000 ,  0.0000 ,  0.0000 ,  0.0000 ,
  0.0000 ,  0.0000 ,  0.0000 ,  0.0000 ,  0.0000 ,  0.0000 ,
  0.0000 ,  0.0000 ,  0.0000 ,  0.0000 ,  0.0000 ,  0.0000 ,
  0.0000 ,  0.0000 ,  0.0000 ,  0.0000 ,  0.0000 ,  0.0000 ,
  0.0000 ,  0.0000 ,  0.0000 ,  0.0000 ,  0.0000 ,  0.0000 ,
  0.0000 ,  0.0000 ,  0.0000 ,  0.0000 ,  0.0000 ,  0.0000 ,
  0.0000 ,  0.0000 ,  0.0000 ,  0.0000 ,  0.0000 ,  0.0000 ,
  0.0000 ,  0.0000 ,  0.0000 ,  0.0000 ,  0.0000 ,  0.0000 ,
  0.0000 ,  0.0000 ,  0.0000 ,  0.0000 ,  0.0000 ,  0.0000 ,
  0.0000 ,  0.0000 ,  0.0000 ,  0.0000 ,  0.0000 ,  0.0000 ,
  0.0000 ,  0.0000 ,  0.0000 ,  0.0000 ,  0.0000 ,  0.0000 ,
  0.0000 ,  0.0000 ,  0.0000 ,  0.0000 ,  0.0000 ,  0.0000 ,
  0.0000 ,  0.0000 ,  0.0000 ,  0.0000 ,  0.0000 ,  0.0000 ,
  0.0000 ,  0.0000 ,  0.0000 ,  0.0000 ,  0.0000 ,  0.0000 ,
  0.0000 ,  0.0000 ,  0.0000 ,  0.0000 ,  0.0000 ,  0.0000 ,
  0.0000 ,  0.0000 ,  0.0000 ,  0.0000 ,  0.0000 ,  0.0000 ,
  0.0000 ,  0.0000 ,  0.0000 ,  0.0000 ,  0.0000 ,  0.0000 ,
  0.0000 ,  0.0000 ,  0.0000 ,  0.0000 ,  0.0000 ,  0.0000 ,
  0.0000 ,  0.0000 ,  0.0000 ,  0.0000 ,  0.0000 ,  0.0000 ,
  0.0000 ,  0.0000 ,  0.0000 ,  0.0000 ,  0.0000 ,  0.0000 ,
  0.0000 ,  0.0000 ,  0.0000 ,  0.0000 ,  0.0000 ,  0.0000 ,
  0.0000 ,  0.0000 ,  0.0000 ,  0.0000 ,  0.0000 ,  0.0000 ,
  0.0000 ,  0.0000 ,  0.0000 ,  0.0000 ,  0.0000 ,  0.0000 ,
  0.0000 ,  0.0000 ,  0.0000 ,  0.0000 ,  0.0000 ,  0.0000 ,
  0.0000 ,  0.0000 ,  0.0000 ,  0.0000 ,  0.0000 ,  0.0000 ,
  0.0000 ,  0.0000 ,  0.0000 ,  0.0000 ,  0.0000 ,  0.0000 ,
  0.0000 ,  0.0000 ,  0.0000 ,  0.0000 ,  0.0000 ,  0.0000 ,
  0.0000 ,  0.0000 ,  0.0000 ,  0.0000 ,  0.0000 ,  0.0000 ,
  0.0000 ,  0.0000 ,  0.0000 ,  0.0000 ,  0.0000 ,  0.0000 ,
  0.0000 ,  0.0000 ,  0.0000 ,  0.0000 ,  0.0000 ,  0.0000 ,
  0.0000 ,  0.0000 ,  0.0000 ,  0.0000 ,  0.0000 ,  0.0000 ,
  0.0000 ,  0.0000 ,  0.0000 ,  0.0000 ,  0.0000 ,  0.0000 ,
  0.0000 ,  0.0000 ,  0.0000 ,  0.0000 ,  0.0000 ,  0.0000 ,
  0.0000 ,  0.0000 ,  0.0000 ,  0.0000 ,  0.0000 ,  0.0000 ,
  0.0000 ,  0.0000 ,  0.0000 ,  0.0000 ,  0.0000 ,  0.0000 ,
  0.0000 ,  0.0000 ,  0.0000 ,  0.0000 ,  0.0000 ,  0.0000 ,
  0.0000 ,  0.0000 ,  0.0000 ,  0.0000 ,  0.0000 ,  0.0000 ,
  0.0000 ,  0.0000 ,  0.0000 ,  0.0000 ,  0.0000 ,  0.0000 ,
  0.0000 ,  0.0000 ,  0.0000 ,  0.0000 ,  0.0000 ,  0.0000 ,
  0.0000 ,  0.0000 ,  0.0000 ,  0.0000 ,  0.0000 ,  0.0000 ,
  0.0000 ,  0.0000 ,  0.0000 ,  0.0000 ,  0.0000 ,  0.0000 ,
  0.0000 ,  0.0000 ,  0.0000 ,  0.0000 ,  0.0000 ,  0.0000 ,
  0.0000 ,  0.0000 ,  0.0000 ,  0.0000 ,  0.0000 ,  0.0000 ,
  0.0000 ,  0.0000 ,  0.0000 ,  0.0000 ,  0.0000 ,  0.0000 ,
  0.0000 ,  0.0000 ,  0.0000 ,  0.0000 ,  0.0000 ,  0.0000 ,
  0.0000 ,  0.0000 ,  0.0000 ,  0.0000 ,  0.0000 ,  0.0000 ,
  0.0000 ,  0.0000 ,  0.0000 ,  0.0000 ,  0.0000 ,  0.0000 ,
  0.0000 ,  0.0000 ,  0.0000 ,  0.0000 ,  0.0000 ,  0.0000 ,
  0.0000 ,  0.0000 ,  0.0000 ,  0.0000 ,  0.0000 ,  0.0000 ,
  0.0000 ,  0.0000 ,  0.0000 ,  0.0000 ,  0.0000 ,  0.0000 ,
  0.0000 ,  0.0000 ,  0.0000 ,  0.0000 ,  0.0000 ,  0.0000 ,
  0.0000 ,  0.0000 ,  0.0000 ,  0.0000 ,  0.0000 ,  0.0000 ,
  0.0000 ,  0.0000 ,  0.0000 ,  0.0000 ,  0.0000 ,  0.0000 ,
  0.0000 ,  0.0000 ,  0.0000 ,  0.0000 ,  0.0000 ,  0.0000 ,
  0.0000 ,  0.0000 ,  0.0000 ,  0.0000 ,  0.0000 ,  0.0000 ,
  0.0000 ,  0.0000 ,  0.0000 ,  0.0000 ,  0.0000 ,  0.0000 ,
  0.0000 ,  0.0000 ,  0.0000 ,  0.0000 ,  0.0000 ,  0.0000 ,
  0.0000 ,  0.0000 ,  0.0000 ,  0.0000 ,  0.0000 ,  0.0000 ,
  0.0000 ,  0.0000 ,  0.0000 ,  0.0000 ,  0.0000 ,  0.0000 ,
  0.0000 ,  0.0000 ,  0.0000 ,  0.0000 ,  0.0000 ,  0.0000 ,
  0.0000 ,  0.0000 ,  0.0000 ,  0.0000 ,  0.0000 ,  0.0000 ,
  0.0000 ,  0.0000 ,  0.0000 ,  0.0000 ,  0.0000 ,  0.0000 ,
  0.0000 ,  0.0000 ,  0.0000 ,  0.0000 ,  0.0000 ,  0.0000 ,
  0.0000 ,  0.0000 ,  0.0000 ,  0.0000 ,  0.0000 ,  0.0000 ,
  0.0000 ,  0.0000 ,  0.0000 ,  0.0000 ,  0.0000 ,  0.0000 ,
  0.0000 ,  0.0000 ,  0.0000 ,  0.0000 ,  0.0000 ,  0.0000 ,
  0.0000 ,  0.0000 ,  0.0000 ,  0.0000 ,  0.0000 ,  0.0000 ,
  0.0000 ,  0.0000 ,  0.0000 ,  0.0000 ,  0.0000 ,  0.0000 ,
  0.0000 ,  0.0000 ,  0.0000 ,  0.0000 ,  0.0000 ,  0.0000 ,
  0.0000 ,  0.0000 ,  0.0000 ,  0.0000 ,  0.0000 ,  0.0000 ,
  0.0000 ,  0.0000 ,  0.0000 ,  0.0000 ,  0.0000 ,  0.0000 ,
  0.0000 ,  0.0000 ,  0.0000 ,  0.0000 ,  0.0000 ,  0.0000 ,
  0.0000 ,  0.0000 ,  0.0000 ,  0.0000 ,  0.0000 ,  0.0000 ,
  0.0000 ,  0.0000 ,  0.0000 ,  0.0000 ,  0.0000 ,  0.0000 ,
  0.0000 ,  0.0000 ,  0.0000 ,  0.0000 ,  0.0000 ,  0.0000 ,
  0.0000 ,  0.0000 ,  0.0000 ,  0.0000 ,  0.0000 ,  0.0000 ,
  0.0000 ,  0.0000 ,  0.0000 ,  0.0000 ,  0.0000 ,  0.0000 ,
  0.0000 ,  0.0000 ,  0.0000 ,  0.0000 ,  0.0000 ,  0.0000 ,
  0.0000 ,  0.0000 ,  0.0000 ,  0.0000 ,  0.0000 ,  0.0000 ,
  0.0000 ,  0.0000 ,  0.0000 ,  0.0000 ,  0.0000 ,  0.0000 ,
  0.0000 ,  0.0000 ,  0.0000 ,  0.0000 ,  0.0000 ,  0.0000 ,
  0.0000 ,  0.0000 ,  0.0000 ,  0.0000 ,  0.0000 ,  0.0000 ,
  0.0000 ,  0.0000 ,  0.0000 ,  0.0000 ,  0.0000 ,  0.0000 ,
  0.0000 ,  0.0000 ,  0.0000 ,  0.0000 ,  0.0000 ,  0.0000 ,
  0.0000 ,  0.0000 ,  0.0000 ,  0.0000 ,  0.0000 ,  0.0000 ,
  0.0000 ,  0.0000 ,  0.0000 ,  0.0000 ,  0.0000 ,  0.0000 ,
  0.0000 ,  0.0000 ,  0.0000 ,  0.0000 ,  0.0000 ,  0.0000 ,
  0.0000 ,  0.0000 ,  0.0000 ,  0.0000 ,  0.0000 ,  0.0000 ,
  0.0000 ,  0.0000 ,  0.0000 ,  0.0000 ,  0.0000 ,  0.0000 ,
  0.0000 ,  0.0000 ,  0.0000 ,  0.0000 ,  0.0000 ,  0.0000 ,
  0.0000 ,  0.0000 ,  0.0000 ,  0.0000 ,  0.0000 ,  0.0000 ,
  0.0000 ,  0.0000 ,  0.0000 ,  0.0000 ,  0.0000 ,  0.0000 ,
  0.0000 ,  0.0000 ,  0.0000 ,  0.0000 ,  0.0000 ,  0.0000 ,
  0.0000 ,  0.0000 ,  0.0000 ,  0.0000 ,  0.0000 ,  0.0000 ,
  0.0000 ,  0.0000 ,  0.0000 ,  0.0000 ,  0.0000 ,  0.0000 ,
  0.0000 ,  0.0000 ,  0.0000 ,  0.0000 ,  0.0000 ,  0.0000 ,
  0.0000 ,  0.0000 ,  0.0000 ,  0.0000 ,  0.0000 ,  0.0000 ,
  0.0000 ,  0.0000 ,  0.0000 ,  0.0000 ,  0.0000 ,  0.0000 ,
  0.0000 ,  0.0000 ,  0.0000 ,  0.0000 ,  0.0000 ,  0.0000 ,
  0.0000 ,  0.0000 ,  0.0000 ,  0.0000 ,  0.0000 ,  0.0000 ,
  0.0000 ,  0.0000 ,  0.0000 ,  0.0000 ,  0.0000 ,  0.0000 ,
  0.0000 ,  0.0000 ,  0.0000 ,  0.0000 ,  0.0000 ,  0.0000 ,
  0.0000 ,  0.0000 ,  0.0000 ,  0.0000 ,  0.0000 ,  0.0000 ,
  0.0000 ,  0.0000 ,  0.0000 ,  0.0000 ,  0.0000 ,  0.0000 ,
  0.0000 ,  0.0000 ,  0.0000 ,  0.0000 ,  0.0000 ,  0.0000 ,
  0.0000 ,  0.0000 ,  0.0000 ,  0.0000 ,  0.0000 ,  0.0000 ,
  0.0000 ,  0.0000 ,  0.0000 ,  0.0000 ,  0.0000 ,  0.0000 ,
  0.0000 ,  0.0000 ,  0.0000 ,  0.0000 ,  0.0000 ,  0.0000 ,
  0.0000 ,  0.0000 ,  0.0000 ,  0.0000 ,  0.0000 ,  0.0000 ,
  0.0000 ,  0.0000 ,  0.0000 ,  0.0000 ,  0.0000 ,  0.0000 ,
  0.0000 ,  0.0000 ,  0.0000 ,  0.0000 ,  0.0000 ,  0.0000 ,
  0.0000 ,  0.0000 ,  0.0000 ,  0.0000 ,  0.0000 ,  0.0000 ,
  0.0000 ,  0.0000 ,  0.0000 ,  0.0000 ,  0.0000 ,  0.0000 ,
  0.0000 ,  0.0000 ,  0.0000 ,  0.0000 ,  0.0000 ,  0.0000 ,
  0.0000 ,  0.0000 ,  0.0000 ,  0.0000 ,  0.0000 ,  0.0000 ,
  0.0000 ,  0.0000 ,  0.0000 ,  0.0000 ,  0.0000 ,  0.0000 ,
  0.0000 ,  0.0000 ,  0.0000 ,  0.0000 ,  0.0000 ,  0.0000 ,
  0.0000 ,  0.0000 ,  0.0000 ,  0.0000 ,  0.0000 ,  0.0000 ,
  0.0000 ,  0.0000 ,  0.0000 ,  0.0000 ,  0.0000 ,  0.0000 ,
  0.0000 ,  0.0000 ,  0.0000 ,  0.0000 ,  0.0000 ,  0.0000 ,
  0.0000 ,  0.0000 ,  0.0000 ,  0.0000 ,  0.0000 ,  0.0000 ,
  0.0000 ,  0.0000 ,  0.0000 ,  0.0000 ,  0.0000 ,  0.0000 ,
  0.0000 ,  0.0000 ,  0.0000 ,  0.0000 ,  0.0000 ,  0.0000 ,
  0.0000 ,  0.0000 ,  0.0000 ,  0.0000 ,  0.0000 ,  0.0000 ,
  0.0000 ,  0.0000 ,  0.0000 ,  0.0000 ,  0.0000 ,  0.0000 ,
  0.0000 ,  0.0000 ,  0.0000 ,  0.0000 ,  0.0000 ,  0.0000 ,
  0.0000 ,  0.0000 ,  0.0000 ,  0.0000 ,  0.0000 ,  0.0000 ,
  0.0000 ,  0.0000 ,  0.0000 ,  0.0000 ,  0.0000 ,  0.0000 ,
  0.0000 ,  0.0000 ,  0.0000 ,  0.0000 ,  0.0000 ,  0.0000 ,
  0.0000 ,  0.0000 ,  0.0000 ,  0.0000 ,  0.0000 ,  0.0000 ,
  0.0000 ,  0.0000 ,  0.0000 ,  0.0000 ,  0.0000 ,  0.0000 ,
  0.0000 ,  0.0000 ,  0.0000 ,  0.0000 ,  0.0000 ,  0.0000 ,
  0.0000 ,  0.0000 ,  0.0000 ,  0.0000 ,  0.0000 ,  0.0000 ,
  0.0000 ,  0.0000 ,  0.0000 ,  0.0000 ,  0.0000 ,  0.0000 ,
  0.0000 ,  0.0000 ,  0.0000 ,  0.0000 ,  0.0000 ,  0.0000 ,
  0.0000 ,  0.0000 ,  0.0000 ,  0.0000 ,  0.0000 ,  0.0000 ,
  0.0000 ,  0.0000 ,  0.0000 ,  0.0000 ,  0.0000 ,  0.0000 ,
  0.0000 ,  0.0000 ,  0.0000 ,  0.0000 ,  0.0000 ,  0.0000 ,
  0.0000 ,  0.0000 ,  0.0000 ,  0.0000 ,  0.0000 ,  0.0000 ,
  0.0000 ,  0.0000 ,  0.0000 ,  0.0000 ,  0.0000 ,  0.0000 ,
  0.0000 ,  0.0000 ,  0.0000 ,  0.0000 ,  0.0000 ,  0.0000 ,
  0.0000 ,  0.0000 ,  0.0000 ,  0.0000 ,  0.0000 ,  0.0000 ,
  0.0000 ,  0.0000 ,  0.0000 ,  0.0000 ,  0.0000 ,  0.0000 ,
  0.0000 ,  0.0000 ,  0.0000 ,  0.0000 ,  0.0000 ,  0.0000 ,
  0.0000 ,  0.0000 ,  0.0000 ,  0.0000 ,  0.0000 ,  0.0000 ,
  0.0000 ,  0.0000 ,  0.0000 ,  0.0000 ,  0.0000 ,  0.0000 ,
  0.0000 ,  0.0000 ,  0.0000 ,  0.0000 ,  0.0000 ,  0.0000 ,
  0.0000 ,  0.0000 ,  0.0000 ,  0.0000 ,  0.0000 ,  0.0000 ,
  0.0000 ,  0.0000 ,  0.0000 ,  0.0000 ,  0.0000 ,  0.0000 ,
  0.0000 ,  0.0000 ,  0.0000 ,  0.0000 ,  0.0000 ,  0.0000 ,
  0.0000 ,  0.0000 ,  0.0000 ,  0.0000 ,  0.0000 ,  0.0000 ,
  0.0000 ,  0.0000 ,  0.0000 ,  0.0000 ,  0.0000 ,  0.0000 ,
  0.0000 ,  0.0000 ,  0.0000 ,  0.0000 ,  0.0000 ,  0.0000 ,
  0.0000 ,  0.0000 ,  0.0000 ,  0.0000 ,  0.0000 ,  0.0000 ,
  0.0000 ,  0.0000 ,  0.0000 ,  0.0000 ,  0.0000 ,  0.0000 ,
  0.0000 ,  0.0000 ,  0.0000 ,  0.0000 ,  0.0000 ,  0.0000 ,
  0.0000 ,  0.0000 ,  0.0000 ,  0.0000 ,  0.0000 ,  0.0000 ,
  0.0000 ,  0.0000 ,  0.0000 ,  0.0000 ,  0.0000 ,  0.0000 ,
  0.0000 ,  0.0000 ,  0.0000 ,  0.0000 ,  0.0000 ,  0.0000 ,
  0.0000 ,  0.0000 ,  0.0000 ,  0.0000 ,  0.0000 ,  0.0000 ,
  0.0000 ,  0.0000 ,  0.0000 ,  0.0000 ,  0.0000 ,  0.0000 ,
  0.0000 ,  0.0000 ,  0.0000 ,  0.0000 ,  0.0000 ,  0.0000 ,
  0.0000 ,  0.0000 ,  0.0000 ,  0.0000 ,  0.0000 ,  0.0000 ,
  0.0000 ,  0.0000 ,  0.0000 ,  0.0000 ,  0.0000 ,  0.0000 ,
  0.0000 ,  0.0000 ,  0.0000 ,  0.0000 ,  0.0000 ,  0.0000 ,
  0.0000 ,  0.0000 ,  0.0000 ,  0.0000 ,  0.0000 ,  0.0000 ,
  0.0000 ,  0.0000 ,  0.0000 ,  0.0000 ,  0.0000 ,  0.0000 ,
  0.0000 ,  0.0000 ,  0.0000 ,  0.0000 ,  0.0000 ,  0.0000 ,
  0.0000 ,  0.0000 ,  0.0000 ,  0.0000 ,  0.0000 ,  0.0000 ,
  0.0000 ,  0.0000 ,  0.0000 ,  0.0000 ,  0.0000 ,  0.0000 ,
  0.0000 ,  0.0000 ,  0.0000 ,  0.0000 ,  0.0000 ,  0.0000 ,
  0.0000 ,  0.0000 ,  0.0000 ,  0.0000 ,  0.0000 ,  0.0000 ,
  0.0000 ,  0.0000 ,  0.0000 ,  0.0000 ,  0.0000 ,  0.0000 ,
  0.0000 ,  0.0000 ,  0.0000 ,  0.0000 ,  0.0000 ,  0.0000 ,
  0.0000 ,  0.0000 ,  0.0000 ,  0.0000 ,  0.0000 ,  0.0000 ,
  0.0000 ,  0.0000 ,  0.0000 ,  0.0000 ,  0.0000 ,  0.0000 ,
  0.0000 ,  0.0000 ,  0.0000 ,  0.0000 ,  0.0000 ,  0.0000 ,
  0.0000 ,  0.0000 ,  0.0000 ,  0.0000 ,  0.0000 ,  0.0000 ,
  0.0000 ,  0.0000 ,  0.0000 ,  0.0000 ,  0.0000 ,  0.0000 ,
  0.0000 ,  0.0000 ,  0.0000 ,  0.0000 ,  0.0000 ,  0.0000 ,
  0.0000 ,  0.0000 ,  0.0000 ,  0.0000 ,  0.0000 ,  0.0000 ,
  0.0000 ,  0.0000 ,  0.0000 ,  0.0000 ,  0.0000 ,  0.0000 ,
  0.0000 ,  0.0000 ,  0.0000 ,  0.0000 ,  0.0000 ,  0.0000 ,
  0.0000 ,  0.0000 ,  0.0000 ,  0.0000 ,  0.0000 ,  0.0000 ,
  0.0000 ,  0.0000 ,  0.0000 ,  0.0000 ,  0.0000 ,  0.0000 ,
  0.0000 ,  0.0000 ,  0.0000 ,  0.0000 ,  0.0000 ,  0.0000 ,
  0.0000 ,  0.0000 ,  0.0000 ,  0.0000 ,  0.0000 ,  0.0000 ,
  0.0000 ,  0.0000 ,  0.0000 ,  0.0000 ,  0.0000 ,  0.0000 ,
  0.0000 ,  0.0000 ,  0.0000 ,  0.0000 ,  0.0000 ,  0.0000 ,
  0.0000 ,  0.0000 ,  0.0000 ,  0.0000 ,  0.0000 ,  0.0000 ,
  0.0000 ,  0.0000 ,  0.0000 ,  0.0000 ,  0.0000 ,  0.0000 ,
  0.0000 ,  0.0000 ,  0.0000 ,  0.0000 ,  0.0000 ,  0.0000 ,
  0.0000 ,  0.0000 ,  0.0000 ,  0.0000 ,  0.0000 ,  0.0000 ,
  0.0000 ,  0.0000 ,  0.0000 ,  0.0000 ,  0.0000 ,  0.0000 ,
  0.0000 ,  0.0000 ,  0.0000 ,  0.0000 ,  0.0000 ,  0.0000 ,
  0.0000 ,  0.0000 ,  0.0000 ,  0.0000 ,  0.0000 ,  0.0000 ,
  0.0000 ,  0.0000 ,  0.0000 ,  0.0000 ,  0.0000 ,  0.0000 ,
  0.0000 ,  0.0000 ,  0.0000 ,  0.0000 ,  0.0000 ,  0.0000 ,
  0.0000 ,  0.0000 ,  0.0000 ,  0.0000 ,  0.0000 ,  0.0000 ,
  0.0000 ,  0.0000 ,  0.0000 ,  0.0000 ,  0.0000 ,  0.0000 ,
  0.0000 ,  0.0000 ,  0.0000 ,  0.0000 ,  0.0000 ,  0.0000 ,
  0.0000 ,  0.0000 ,  0.0000 ,  0.0000 ,  0.0000 ,  0.0000 ,
  0.0000 ,  0.0000 ,  0.0000 ,  0.0000 ,  0.0000 ,  0.0000 ,
  0.0000 ,  0.0000 ,  0.0000 ,  0.0000 ,  0.0000 ,  0.0000 ,
  0.0000 ,  0.0000 ,  0.0000 ,  0.0000 ,  0.0000 ,  0.0000 ,
  0.0000 ,  0.0000 ,  0.0000 ,  0.0000 ,  0.0000 ,  0.0000 ,
  0.0000 ,  0.0000 ,  0.0000 ,  0.0000 ,  0.0000 ,  0.0000 ,
  0.0000 ,  0.0000 ,  0.0000 ,  0.0000 ,  0.0000 ,  0.0000 ,
  0.0000 ,  0.0000 ,  0.0000 ,  0.0000 ,  0.0000 ,  0.0000 ,
  0.0000 ,  0.0000 ,  0.0000 ,  0.0000 ,  0.0000 ,  0.0000 ,
  0.0000 ,  0.0000 ,  0.0000 ,  0.0000 ,  0.0000 ,  0.0000 ,
  0.0000 ,  0.0000 ,  0.0000 ,  0.0000 ,  0.0000 ,  0.0000 ,
  0.0000 ,  0.0000 ,  0.0000 ,  0.0000 ,  0.0000 ,  0.0000 ,
  0.0000 ,  0.0000 ,  0.0000 ,  0.0000 ,  0.0000 ,  0.0000 ,
  0.0000 ,  0.0000 ,  0.0000 ,  0.0000 ,  0.0000 ,  0.0000 ,
  0.0000 ,  0.0000 ,  0.0000 ,  0.0000 ,  0.0000 ,  0.0000 ,
  0.0000 ,  0.0000 ,  0.0000 ,  0.0000 ,  0.0000 ,  0.0000 ,
  0.0000 ,  0.0000 ,  0.0000 ,  0.0000 ,  0.0000 ,  0.0000 ,
  0.0000 ,  0.0000 ,  0.0000 ,  0.0000 ,  0.0000 ,  0.0000 ,
  0.0000 ,  0.0000 ,  0.0000 ,  0.0000 ,  0.0000 ,  0.0000 ,
  0.0000 ,  0.0000 ,  0.0000 ,  0.0000 ,  0.0000 ,  0.0000 ,
  0.0000 ,  0.0000 ,  0.0000 ,  0.0000 ,  0.0000 ,  0.0000 ,
  0.0000 ,  0.0000 ,  0.0000 ,  0.0000 ,  0.0000 ,  0.0000 ,
  0.0000 ,  0.0000 ,  0.0000 ,  0.0000 ,  0.0000 ,  0.0000 ,
  0.0000 ,  0.0000 ,  0.0000 ,  0.0000 ,  0.0000 ,  0.0000 ,
  0.0000 ,  0.0000 ,  0.0000 ,  0.0000 ,  0.0000 ,  0.0000 ,
  0.0000 ,  0.0000 ,  0.0000 ,  0.0000 ,  0.0000 ,  0.0000 ,
  0.0000 ,  0.0000 ,  0.0000 ,  0.0000 ,  0.0000 ,  0.0000 ,
  0.0000 ,  0.0000 ,  0.0000 ,  0.0000 ,  0.0000 ,  0.0000 ,
  0.0000 ,  0.0000 ,  0.0000 ,  0.0000 ,  0.0000 ,  0.0000 ,
  0.0000 ,  0.0000 ,  0.0000 ,  0.0000 ,  0.0000 ,  0.0000 ,
  0.0000 ,  0.0000 ,  0.0000 ,  0.0000 ,  0.0000 ,  0.0000 ,
  0.0000 ,  0.0000 ,  0.0000 ,  0.0000 ,  0.0000 ,  0.0000 ,
  0.0000 ,  0.0000 ,  0.0000 ,  0.0000 ,  0.0000 ,  0.0000 ,
  0.0000 ,  0.0000 ,  0.0000 ,  0.0000 ,  0.0000 ,  0.0000 ,
  0.0000 ,  0.0000 ,  0.0000 ,  0.0000 ,  0.0000 ,  0.0000 ,
  0.0000 ,  0.0000 ,  0.0000 ,  0.0000 ,  0.0000 ,  0.0000 ,
  0.0000 ,  0.0000 ,  0.0000 ,  0.0000 ,  0.0000 ,  0.0000 ,
  0.0000 ,  0.0000 ,  0.0000 ,  0.0000 ,  0.0000 ,  0.0000 ,
  0.0000 ,  0.0000 ,  0.0000 ,  0.0000 ,  0.0000 ,  0.0000 ,
  0.0000 ,  0.0000 ,  0.0000 ,  0.0000 ,  0.0000 ,  0.0000 ,
  0.0000 ,  0.0000 ,  0.0000 ,  0.0000 ,  0.0000 ,  0.0000 ,
  0.0000 ,  0.0000 ,  0.0000 ,  0.0000 ,  0.0000 ,  0.0000 ,
  0.0000 ,  0.0000 ,  0.0000 ,  0.0000 ,  0.0000 ,  0.0000 ,
  0.0000 ,  0.0000 ,  0.0000 ,  0.0000 ,  0.0000 ,  0.0000 ,
  0.0000 ,  0.0000 ,  0.0000 ,  0.0000 ,  0.0000 ,  0.0000 ,
  0.0000 ,  0.0000 ,  0.0000 ,  0.0000 ,  0.0000 ,  0.0000 ,
  0.0000 ,  0.0000 ,  0.0000 ,  0.0000 ,  0.0000 ,  0.0000 ,
  0.0000 ,  0.0000 ,  0.0000 ,  0.0000 ,  0.0000 ,  0.0000 ,
  0.0000 ,  0.0000 ,  0.0000 ,  0.0000 ,  0.0000 ,  0.0000 ,
  0.0000 ,  0.0000 ,  0.0000 ,  0.0000 ,  0.0000 ,  0.0000 ,
  0.0000 ,  0.0000 ,  0.0000 ,  0.0000 ,  0.0000 ,  0.0000 ,
  0.0000 ,  0.0000 ,  0.0000 ,  0.0000 ,  0.0000 ,  0.0000 ,
  0.0000 ,  0.0000 ,  0.0000 ,  0.0000 ,  0.0000 ,  0.0000 ,
  0.0000 ,  0.0000 ,  0.0000 ,  0.0000 ,  0.0000 ,  0.0000 ,
  0.0000 ,  0.0000 ,  0.0000 ,  0.0000 ,  0.0000 ,  0.0000 ,
  0.0000 ,  0.0000 ,  0.0000 ,  0.0000 ,  0.0000 ,  0.0000 ,
  0.0000 ,  0.0000 ,  0.0000 ,  0.0000 ,  0.0000 ,  0.0000 ,
  0.0000 ,  0.0000 ,  0.0000 ,  0.0000 ,  0.0000 ,  0.0000 ,
  0.0000 ,  0.0000 ,  0.0000 ,  0.0000 ,  0.0000 ,  0.0000 ,
  0.0000 ,  0.0000 ,  0.0000 ,  0.0000 ,  0.0000 ,  0.0000 ,
  0.0000 ,  0.0000 ,  0.0000 ,  0.0000 ,  0.0000 ,  0.0000 ,
  0.0000 ,  0.0000 ,  0.0000 ,  0.0000 ,  0.0000 ,  0.0000 ,
  0.0000 ,  0.0000 ,  0.0000 ,  0.0000 ,  0.0000 ,  0.0000 ,
  0.0000 ,  0.0000 ,  0.0000 ,  0.0000 ,  0.0000 ,  0.0000 ,
  0.0000 ,  0.0000 ,  0.0000 ,  0.0000 ,  0.0000 ,  0.0000 ,
  0.0000 ,  0.0000 ,  0.0000 ,  0.0000 ,  0.0000 ,  0.0000 ,
  0.0000 ,  0.0000 ,  0.0000 ,  0.0000 ,  0.0000 ,  0.0000 ,
  0.0000 ,  0.0000 ,  0.0000 ,  0.0000 ,  0.0000 ,  0.0000 ,
  0.0000 ,  0.0000 ,  0.0000 ,  0.0000 ,  0.0000 ,  0.0000 ,
  0.0000 ,  0.0000 ,  0.0000 ,  0.0000 ,  0.0000 ,  0.0000 ,
  0.0000 ,  0.0000 ,  0.0000 ,  0.0000 ,  0.0000 ,  0.0000 ,
  0.0000 ,  0.0000 ,  0.0000 ,  0.0000 ,  0.0000 ,  0.0000 ,
  0.0000 ,  0.0000 ,  0.0000 ,  0.0000 ,  0.0000 ,  0.0000 ,
  0.0000 ,  0.0000 ,  0.0000 ,  0.0000 ,  0.0000 ,  0.0000 ,
  0.0000 ,  0.0000 ,  0.0000 ,  0.0000 ,  0.0000 ,  0.0000 ,
  0.0000 ,  0.0000 ,  0.0000 ,  0.0000 ,  0.0000 ,  0.0000 ,
  0.0000 ,  0.0000 ,  0.0000 ,  0.0000 ,  0.0000 ,  0.0000 ,
  0.0000 ,  0.0000 ,  0.0000 ,  0.0000 ,  0.0000 ,  0.0000 ,
  0.0000 ,  0.0000 ,  0.0000 ,  0.0000 ,  0.0000 ,  0.0000 ,
  0.0000 ,  0.0000 ,  0.0000 ,  0.0000 ,  0.0000 ,  0.0000 ,
  0.0000 ,  0.0000 ,  0.0000 ,  0.0000 ,  0.0000 ,  0.0000 ,
  0.0000 ,  0.0000 ,  0.0000 ,  0.0000 ,  0.0000 ,  0.0000 ,
  0.0000 ,  0.0000 ,  0.0000 ,  0.0000 ,  0.0000 ,  0.0000 ,
  0.0000 ,  0.0000 ,  0.0000 ,  0.0000 ,  0.0000 ,  0.0000 ,
  0.0000 ,  0.0000 ,  0.0000 ,  0.0000 ,  0.0000 ,  0.0000 ,
  0.0000 ,  0.0000 ,  0.0000 ,  0.0000 ,  0.0000 ,  0.0000 ,
  0.0000 ,  0.0000 ,  0.0000 ,  0.0000 ,  0.0000 ,  0.0000 ,
  0.0000 ,  0.0000 ,  0.0000 ,  0.0000 ,  0.0000 ,  0.0000 ,
  0.0000 ,  0.0000 ,  0.0000 ,  0.0000 ,  0.0000 ,  0.0000 ,
  0.0000 ,  0.0000 ,  0.0000 ,  0.0000 ,  0.0000 ,  0.0000 ,
  0.0000 ,  0.0000 ,  0.0000 ,  0.0000 ,  0.0000 ,  0.0000 ,
  0.0000 ,  0.0000 ,  0.0000 ,  0.0000 ,  0.0000 ,  0.0000 ,
  0.0000 ,  0.0000 ,  0.0000 ,  0.0000 ,  0.0000 ,  0.0000 ,
  0.0000 ,  0.0000 ,  0.0000 ,  0.0000 ,  0.0000 ,  0.0000 ,
  0.0000 ,  0.0000 ,  0.0000 ,  0.0000 ,  0.0000 ,  0.0000 ,
  0.0000 ,  0.0000 ,  0.0000 ,  0.0000 ,  0.0000 ,  0.0000 ,
  0.0000 ,  0.0000 ,  0.0000 ,  0.0000 ,  0.0000 ,  0.0000 ,
  0.0000 ,  0.0000 ,  0.0000 ,  0.0000 ,  0.0000 ,  0.0000 ,
  0.0000 ,  0.0000 ,  0.0000 ,  0.0000 ,  0.0000 ,  0.0000 ,
  0.0000 ,  0.0000 ,  0.0000 ,  0.0000 ,  0.0000 ,  0.0000 ,
  0.0000 ,  0.0000 ,  0.0000 ,  0.0000 ,  0.0000 ,  0.0000 ,
  0.0000 ,  0.0000 ,  0.0000 ,  0.0000 ,  0.0000 ,  0.0000 ,
  0.0000 ,  0.0000 ,  0.0000 ,  0.0000 ,  0.0000 ,  0.0000 ,
  0.0000 ,  0.0000 ,  0.0000 ,  0.0000 ,  0.0000 ,  0.0000 ,
  0.0000 ,  0.0000 ,  0.0000 ,  0.0000 ,  0.0000 ,  0.0000 ,
  0.0000 ,  0.0000 ,  0.0000 ,  0.0000 ,  0.0000 ,  0.0000 ,
  0.0000 ,  0.0000 ,  0.0000 ,  0.0000 ,  0.0000 ,  0.0000 ,
  0.0000 ,  0.0000 ,  0.0000 ,  0.0000 ,  0.0000 ,  0.0000 ,
  0.0000 ,  0.0000 ,  0.0000 ,  0.0000 ,  0.0000 ,  0.0000 ,
  0.0000 ,  0.0000 ,  0.0000 ,  0.0000 ,  0.0000 ,  0.0000 ,
  0.0000 ,  0.0000 ,  0.0000 ,  0.0000 ,  0.0000 ,  0.0000 ,
  0.0000 ,  0.0000 ,  0.0000 ,  0.0000 ,  0.0000 ,  0.0000 ,
  0.0000 ,  0.0000 ,  0.0000 ,  0.0000 ,  0.0000 ,  0.0000 ,
  0.0000 ,  0.0000 ,  0.0000 ,  0.0000 ,  0.0000 ,  0.0000 ,
  0.0000 ,  0.0000 ,  0.0000 ,  0.0000 ,  0.0000 ,  0.0000 ,
  0.0000 ,  0.0000 ,  0.0000 ,  0.0000 ,  0.0000 ,  0.0000 ,
  0.0000 ,  0.0000 ,  0.0000 ,  0.0000 ,  0.0000 ,  0.0000 ,
  0.0000 ,  0.0000 ,  0.0000 ,  0.0000 ,  0.0000 ,  0.0000 ,
  0.0000 ,  0.0000 ,  0.0000 ,  0.0000 ,  0.0000 ,  0.0000 ,
  0.0000 ,  0.0000 ,  0.0000 ,  0.0000 ,  0.0000 ,  0.0000 ,
  0.0000 ,  0.0000 ,  0.0000 ,  0.0000 ,  0.0000 ,  0.0000 ,
  0.0000 ,  0.0000 ,  0.0000 ,  0.0000 ,  0.0000 ,  0.0000 ,
  0.0000 ,  0.0000 ,  0.0000 ,  0.0000 ,  0.0000 ,  0.0000 ,
  0.0000 ,  0.0000 ,  0.0000 ,  0.0000 ,  0.0000 ,  0.0000 ,
  0.0000 ,  0.0000 ,  0.0000 ,  0.0000 ,  0.0000 ,  0.0000 ,
  0.0000 ,  0.0000 ,  0.0000 ,  0.0000 ,  0.0000 ,  0.0000 ,
  0.0000 ,  0.0000 ,  0.0000 ,  0.0000 ,  0.0000 ,  0.0000 ,
  0.0000 ,  0.0000 ,  0.0000 ,  0.0000 ,  0.0000 ,  0.0000 ,
  0.0000 ,  0.0000 ,  0.0000 ,  0.0000 ,  0.0000 ,  0.0000 ,
  0.0000 ,  0.0000 ,  0.0000 ,  0.0000 ,  0.0000 ,  0.0000 ,
  0.0000 ,  0.0000 ,  0.0000 ,  0.0000 ,  0.0000 ,  0.0000 ,
  0.0000 ,  0.0000 ,  0.0000 ,  0.0000 ,  0.0000 ,  0.0000 ,
  0.0000 ,  0.0000 ,  0.0000 ,  0.0000 ,  0.0000 ,  0.0000 ,
  0.0000 ,  0.0000 ,  0.0000 ,  0.0000 ,  0.0000 ,  0.0000 ,
  0.0000 ,  0.0000 ,  0.0000 ,  0.0000 ,  0.0000 ,  0.0000 ,
  0.0000 ,  0.0000 ,  0.0000 ,  0.0000 ,  0.0000 ,  0.0000 ,
  0.0000 ,  0.0000 ,  0.0000 ,  0.0000 ,  0.0000 ,  0.0000 ,
  0.0000 ,  0.0000 ,  0.0000 ,  0.0000 ,  0.0000 ,  0.0000 ,
  0.0000 ,  0.0000 ,  0.0000 ,  0.0000 ,  0.0000 ,  0.0000 ,
  0.0000 ,  0.0000 ,  0.0000 ,  0.0000 ,  0.0000 ,  0.0000 ,
  0.0000 ,  0.0000 ,  0.0000 ,  0.0000 ,  0.0000 ,  0.0000 ,
  0.0000 ,  0.0000 ,  0.0000 ,  0.0000 ,  0.0000 ,  0.0000 ,
  0.0000 ,  0.0000 ,  0.0000 ,  0.0000 ,  0.0000 ,  0.0000 ,
  0.0000 ,  0.0000 ,  0.0000 ,  0.0000 ,  0.0000 ,  0.0000 ,
  0.0000 ,  0.0000 ,  0.0000 ,  0.0000 ,  0.0000 ,  0.0000 ,
  0.0000 ,  0.0000 ,  0.0000 ,  0.0000 ,  0.0000 ,  0.0000 ,
  0.0000 ,  0.0000 ,  0.0000 ,  0.0000 ,  0.0000 ,  0.0000 ,
  0.0000 ,  0.0000 ,  0.0000 ,  0.0000 ,  0.0000 ,  0.0000 ,
  0.0000 ,  0.0000 ,  0.0000 ,  0.0000 ,  0.0000 ,  0.0000 ,
  0.0000 ,  0.0000 ,  0.0000 ,  0.0000 ,  0.0000 ,  0.0000 ,
  0.0000 ,  0.0000 ,  0.0000 ,  0.0000 ,  0.0000 ,  0.0000 ,
  0.0000 ,  0.0000 ,  0.0000 ,  0.0000 ,  0.0000 ,  0.0000 ,
  0.0000 ,  0.0000 ,  0.0000 ,  0.0000 ,  0.0000 ,  0.0000 ,
  0.0000 ,  0.0000 ,  0.0000 ,  0.0000 ,  0.0000 ,  0.0000 ,
  0.0000 ,  0.0000 ,  0.0000 ,  0.0000 ,  0.0000 ,  0.0000 ,
  0.0000 ,  0.0000 ,  0.0000 ,  0.0000 ,  0.0000 ,  0.0000 ,
  0.0000 ,  0.0000 ,  0.0000 ,  0.0000 ,  0.0000 ,  0.0000 ,
  0.0000 ,  0.0000 ,  0.0000 ,  0.0000 ,  0.0000 ,  0.0000 ,
  0.0000 ,  0.0000 ,  0.0000 ,  0.0000 ,  0.0000 ,  0.0000 ,
  0.0000 ,  0.0000 ,  0.0000 ,  0.0000 ,  0.0000 ,  0.0000 ,
  0.0000 ,  0.0000 ,  0.0000 ,  0.0000 ,  0.0000 ,  0.0000 ,
  0.0000 ,  0.0000 ,  0.0000 ,  0.0000 ,  0.0000 ,  0.0000 ,
  0.0000 ,  0.0000 ,  0.0000 ,  0.0000 ,  0.0000 ,  0.0000 ,
  0.0000 ,  0.0000 ,  0.0000 ,  0.0000 ,  0.0000 ,  0.0000 ,
  0.0000 ,  0.0000 ,  0.0000 ,  0.0000 ,  0.0000 ,  0.0000 ,
  0.0000 ,  0.0000 ,  0.0000 ,  0.0000 ,  0.0000 ,  0.0000 ,
  0.0000 ,  0.0000 ,  0.0000 ,  0.0000 ,  0.0000 ,  0.0000 ,
  0.0000 ,  0.0000 ,  0.0000 ,  0.0000 ,  0.0000 ,  0.0000 ,
  0.0000 ,  0.0000 ,  0.0000 ,  0.0000 ,  0.0000 ,  0.0000 ,
  0.0000 ,  0.0000 ,  0.0000 ,  0.0000 ,  0.0000 ,  0.0000 ,
  0.0000 ,  0.0000 ,  0.0000 ,  0.0000 ,  0.0000 ,  0.0000 ,
  0.0000 ,  0.0000 ,  0.0000 ,  0.0000 ,  0.0000 ,  0.0000 ,
  0.0000 ,  0.0000 ,  0.0000 ,  0.0000 ,  0.0000 ,  0.0000 ,
  0.0000 ,  0.0000 ,  0.0000 ,  0.0000 ,  0.0000 ,  0.0000 ,
  0.0000 ,  0.0000 ,  0.0000 ,  0.0000 ,  0.0000 ,  0.0000 ,
  0.0000 ,  0.0000 ,  0.0000 ,  0.0000 ,  0.0000 ,  0.0000 ,
  0.0000 ,  0.0000 ,  0.0000 ,  0.0000 ,  0.0000 ,  0.0000 ,
  0.0000 ,  0.0000 ,  0.0000 ,  0.0000 ,  0.0000 ,  0.0000 ,
  0.0000 ,  0.0000 ,  0.0000 ,  0.0000 ,  0.0000 ,  0.0000 ,
  0.0000 ,  0.0000 ,  0.0000 ,  0.0000 ,  0.0000 ,  0.0000 ,
  0.0000 ,  0.0000 ,  0.0000 ,  0.0000 ,  0.0000 ,  0.0000 ,
  0.0000 ,  0.0000 ,  0.0000 ,  0.0000 ,  0.0000 ,  0.0000 ,
  0.0000 ,  0.0000 ,  0.0000 ,  0.0000 ,  0.0000 ,  0.0000 ,
  0.0000 ,  0.0000 ,  0.0000 ,  0.0000 ,  0.0000 ,  0.0000 ,
  0.0000 ,  0.0000 ,  0.0000 ,  0.0000 ,  0.0000 ,  0.0000 ,
  0.0000 ,  0.0000 ,  0.0000 ,  0.0000 ,  0.0000 ,  0.0000 ,
  0.0000 ,  0.0000 ,  0.0000 ,  0.0000 ,  0.0000 ,  0.0000 ,
  0.0000 ,  0.0000 ,  0.0000 ,  0.0000 ,  0.0000 ,  0.0000 ,
  0.0000 ,  0.0000 ,  0.0000 ,  0.0000 ,  0.0000 ,  0.0000 ,
  0.0000 ,  0.0000 ,  0.0000 ,  0.0000 ,  0.0000 ,  0.0000 ,
  0.0000 ,  0.0000 ,  0.0000 ,  0.0000 ,  0.0000 ,  0.0000 ,
  0.0000 ,  0.0000 ,  0.0000 ,  0.0000 ,  0.0000 ,  0.0000 ,
  0.0000 ,  0.0000 ,  0.0000 ,  0.0000 ,  0.0000 ,  0.0000 ,
  0.0000 ,  0.0000 ,  0.0000 ,  0.0000 ,  0.0000 ,  0.0000 ,
  0.0000 ,  0.0000 ,  0.0000 ,  0.0000 ,  0.0000 ,  0.0000 ,
  0.0000 ,  0.0000 ,  0.0000 ,  0.0000 ,  0.0000 ,  0.0000 ,
  0.0000 ,  0.0000 ,  0.0000 ,  0.0000 ,  0.0000 ,  0.0000 ,
  0.0000 ,  0.0000 ,  0.0000 ,  0.0000 ,  0.0000 ,  0.0000 ,
  0.0000 ,  0.0000 ,  0.0000 ,  0.0000 ,  0.0000 ,  0.0000 ,
  0.0000 ,  0.0000 ,  0.0000 ,  0.0000 ,  0.0000 ,  0.0000 ,
  0.0000 ,  0.0000 ,  0.0000 ,  0.0000 ,  0.0000 ,  0.0000 ,
  0.0000 ,  0.0000 ,  0.0000 ,  0.0000 ,  0.0000 ,  0.0000 ,
  0.0000 ,  0.0000 ,  0.0000 ,  0.0000 ,  0.0000 ,  0.0000 ,
  0.0000 ,  0.0000 ,  0.0000 ,  0.0000 ,  0.0000 ,  0.0000 ,
  0.0000 ,  0.0000 ,  0.0000 ,  0.0000 ,  0.0000 ,  0.0000 ,
  0.0000 ,  0.0000 ,  0.0000 ,  0.0000 ,  0.0000 ,  0.0000 ,
  0.0000 ,  0.0000 ,  0.0000 ,  0.0000 ,  0.0000 ,  0.0000 ,
  0.0000 ,  0.0000 ,  0.0000 ,  0.0000 ,  0.0000 ,  0.0000 ,
  0.0000 ,  0.0000 ,  0.0000 ,  0.0000 ,  0.0000 ,  0.0000 ,
  0.0000 ,  0.0000 ,  0.0000 ,  0.0000 ,  0.0000 ,  0.0000 ,
  0.0000 ,  0.0000 ,  0.0000 ,  0.0000 ,  0.0000 ,  0.0000 ,
  0.0000 ,  0.0000 ,  0.0000 ,  0.0000 ,  0.0000 ,  0.0000 ,
  0.0000 ,  0.0000 ,  0.0000 ,  0.0000 ,  0.0000 ,  0.0000 ,
  0.0000 ,  0.0000 ,  0.0000 ,  0.0000 ,  0.0000 ,  0.0000 ,
  0.0000 ,  0.0000 ,  0.0000 ,  0.0000 ,  0.0000 ,  0.0000 ,
  0.0000 ,  0.0000 ,  0.0000 ,  0.0000 ,  0.0000 ,  0.0000 ,
  0.0000 ,  0.0000 ,  0.0000 ,  0.0000 ,  0.0000 ,  0.0000 ,
  0.0000 ,  0.0000 ,  0.0000 ,  0.0000 ,  0.0000 ,  0.0000 ,
  0.0000 ,  0.0000 ,  0.0000 ,  0.0000 ,  0.0000 ,  0.0000 ,
  0.0000 ,  0.0000 ,  0.0000 ,  0.0000 ,  0.0000 ,  0.0000 ,
  0.0000 ,  0.0000 ,  0.0000 ,  0.0000 ,  0.0000 ,  0.0000 ,
  0.0000 ,  0.0000 ,  0.0000 ,  0.0000 ,  0.0000 ,  0.0000 ,
  0.0000 ,  0.0000 ,  0.0000 ,  0.0000 ,  0.0000 ,  0.0000 ,
  0.0000 ,  0.0000 ,  0.0000 ,  0.0000 ,  0.0000 ,  0.0000 ,
  0.0000 ,  0.0000 ,  0.0000 ,  0.0000 ,  0.0000 ,  0.0000 ,
  0.0000 ,  0.0000 ,  0.0000 ,  0.0000 ,  0.0000 ,  0.0000 ,
  0.0000 ,  0.0000 ,  0.0000 ,  0.0000 ,  0.0000 ,  0.0000 ,
  0.0000 ,  0.0000 ,  0.0000 ,  0.0000 ,  0.0000 ,  0.0000 ,
  0.0000 ,  0.0000 ,  0.0000 ,  0.0000 ,  0.0000 ,  0.0000 ,
  0.0000 ,  0.0000 ,  0.0000 ,  0.0000 ,  0.0000 ,  0.0000 ,
  0.0000 ,  0.0000 ,  0.0000 ,  0.0000 ,  0.0000 ,  0.0000 ,
  0.0000 ,  0.0000 ,  0.0000 ,  0.0000 ,  0.0000 ,  0.0000 ,
  0.0000 ,  0.0000 ,  0.0000 ,  0.0000 ,  0.0000 ,  0.0000 ,
  0.0000 ,  0.0000 ,  0.0000 ,  0.0000 ,  0.0000 ,  0.0000 ,
  0.0000 ,  0.0000 ,  0.0000 ,  0.0000 ,  0.0000 ,  0.0000 ,
  0.0000 ,  0.0000 ,  0.0000 ,  0.0000 ,  0.0000 ,  0.0000 ,
  0.0000 ,  0.0000 ,  0.0000 ,  0.0000 ,  0.0000 ,  0.0000 ,
  0.0000 ,  0.0000 ,  0.0000 ,  0.0000 ,  0.0000 ,  0.0000 ,
  0.0000 ,  0.0000 ,  0.0000 ,  0.0000 ,  0.0000 ,  0.0000 ,
  0.0000 ,  0.0000 ,  0.0000 ,  0.0000 ,  0.0000 ,  0.0000 ,
  0.0000 ,  0.0000 ,  0.0000 ,  0.0000 ,  0.0000 ,  0.0000 ,
  0.0000 ,  0.0000 ,  0.0000 ,  0.0000 ,  0.0000 ,  0.0000 ,
  0.0000 ,  0.0000 ,  0.0000 ,  0.0000 ,  0.0000 ,  0.0000 ,
  0.0000 ,  0.0000 ,  0.0000 ,  0.0000 ,  0.0000 ,  0.0000 ,
  0.0000 ,  0.0000 ,  0.0000 ,  0.0000 ,  0.0000 ,  0.0000 ,
  0.0000 ,  0.0000 ,  0.0000 ,  0.0000 ,  0.0000 ,  0.0000 ,
  0.0000 ,  0.0000 ,  0.0000 ,  0.0000 ,  0.0000 ,  0.0000 ,
  0.0000 ,  0.0000 ,  0.0000 ,  0.0000 ,  0.0000 ,  0.0000 ,
  0.0000 ,  0.0000 ,  0.0000 ,  0.0000 ,  0.0000 ,  0.0000 ,
  0.0000 ,  0.0000 ,  0.0000 ,  0.0000 ,  0.0000 ,  0.0000 ,
  0.0000 ,  0.0000 ,  0.0000 ,  0.0000 ,  0.0000 ,  0.0000 ,
  0.0000 ,  0.0000 ,  0.0000 ,  0.0000 ,  0.0000 ,  0.0000 ,
  0.0000 ,  0.0000 ,  0.0000 ,  0.0000 ,  0.0000 ,  0.0000 ,
  0.0000 ,  0.0000 ,  0.0000 ,  0.0000 ,  0.0000 ,  0.0000 ,
  0.0000 ,  0.0000 ,  0.0000 ,  0.0000 ,  0.0000 ,  0.0000 ,
  0.0000 ,  0.0000 ,  0.0000 ,  0.0000 ,  0.0000 ,  0.0000 ,
  0.0000 ,  0.0000 ,  0.0000 ,  0.0000 ,  0.0000 ,  0.0000 ,
  0.0000 ,  0.0000 ,  0.0000 ,  0.0000 ,  0.0000 ,  0.0000 ,
  0.0000 ,  0.0000 ,  0.0000 ,  0.0000 ,  0.0000 ,  0.0000 ,
  0.0000 ,  0.0000 ,  0.0000 ,  0.0000 ,  0.0000 ,  0.0000 ,
  0.0000 ,  0.0000 ,  0.0000 ,  0.0000 ,  0.0000 ,  0.0000 ,
  0.0000 ,  0.0000 ,  0.0000 ,  0.0000 ,  0.0000 ,  0.0000 ,
  0.0000 ,  0.0000 ,  0.0000 ,  0.0000 ,  0.0000 ,  0.0000 ,
  0.0000 ,  0.0000 ,  0.0000 ,  0.0000 ,  0.0000 ,  0.0000 ,
  0.0000 ,  0.0000 ,  0.0000 ,  0.0000 ,  0.0000 ,  0.0000 ,
  0.0000 ,  0.0000 ,  0.0000 ,  0.0000 ,  0.0000 ,  0.0000 ,
  0.0000 ,  0.0000 ,  0.0000 ,  0.0000 ,  0.0000 ,  0.0000 ,
  0.0000 ,  0.0000 ,  0.0000 ,  0.0000 ,  0.0000 ,  0.0000 ,
  0.0000 ,  0.0000 ,  0.0000 ,  0.0000 ,  0.0000 ,  0.0000 ,
  0.0000 ,  0.0000 ,  0.0000 ,  0.0000 ,  0.0000 ,  0.0000 ,
  0.0000 ,  0.0000 ,  0.0000 ,  0.0000 ,  0.0000 ,  0.0000 ,
  0.0000 ,  0.0000 ,  0.0000 ,  0.0000 ,  0.0000 ,  0.0000 ,
  0.0000 ,  0.0000 ,  0.0000 ,  0.0000 ,  0.0000 ,  0.0000 ,
  0.0000 ,  0.0000 ,  0.0000 ,  0.0000 ,  0.0000 ,  0.0000 ,
  0.0000 ,  0.0000 ,  0.0000 ,  0.0000 ,  0.0000 ,  0.0000 ,
  0.0000 ,  0.0000 ,  0.0000 ,  0.0000 ,  0.0000 ,  0.0000 ,
  0.0000 ,  0.0000 ,  0.0000 ,  0.0000 ,  0.0000 ,  0.0000 ,
  0.0000 ,  0.0000 ,  0.0000 ,  0.0000 ,  0.0000 ,  0.0000 ,
  0.0000 ,  0.0000 ,  0.0000 ,  0.0000 ,  0.0000 ,  0.0000 ,
  0.0000 ,  0.0000 ,  0.0000 ,  0.0000 ,  0.0000 ,  0.0000 ,
  0.0000 ,  0.0000 ,  0.0000 ,  0.0000 ,  0.0000 ,  0.0000 ,
  0.0000 ,  0.0000 ,  0.0000 ,  0.0000 ,  0.0000 ,  0.0000 ,
  0.0000 ,  0.0000 ,  0.0000 ,  0.0000 ,  0.0000 ,  0.0000 ,
  0.0000 ,  0.0000 ,  0.0000 ,  0.0000 ,  0.0000 ,  0.0000 ,
  0.0000 ,  0.0000 ,  0.0000 ,  0.0000 ,  0.0000 ,  0.0000 ,
  0.0000 ,  0.0000 ,  0.0000 ,  0.0000 ,  0.0000 ,  0.0000 ,
  0.0000 ,  0.0000 ,  0.0000 ,  0.0000 ,  0.0000 ,  0.0000 ,
  0.0000 ,  0.0000 ,  0.0000 ,  0.0000 ,  0.0000 ,  0.0000 ,
  0.0000 ,  0.0000 ,  0.0000 ,  0.0000 ,  0.0000 ,  0.0000 ,
  0.0000 ,  0.0000 ,  0.0000 ,  0.0000 ,  0.0000 ,  0.0000 ,
  0.0000 ,  0.0000 ,  0.0000 ,  0.0000 ,  0.0000 ,  0.0000 ,
  0.0000 ,  0.0000 ,  0.0000 ,  0.0000 ,  0.0000 ,  0.0000 ,
  0.0000 ,  0.0000 ,  0.0000 ,  0.0000 ,  0.0000 ,  0.0000 ,
  0.0000 ,  0.0000 ,  0.0000 ,  0.0000 ,  0.0000 ,  0.0000 ,
  0.0000 ,  0.0000 ,  0.0000 ,  0.0000 ,  0.0000 ,  0.0000 ,
  0.0000 ,  0.0000 ,  0.0000 ,  0.0000 ,  0.0000 ,  0.0000 ,
  0.0000 ,  0.0000 ,  0.0000 ,  0.0000 ,  0.0000 ,  0.0000 ,
  0.0000 ,  0.0000 ,  0.0000 ,  0.0000 ,  0.0000 ,  0.0000 ,
  0.0000 ,  0.0000 ,  0.0000 ,  0.0000 ,  0.0000 ,  0.0000 ,
  0.0000 ,  0.0000 ,  0.0000 ,  0.0000 ,  0.0000 ,  0.0000 ,
  0.0000 ,  0.0000 ,  0.0000 ,  0.0000 ,  0.0000 ,  0.0000 ,
  0.0000 ,  0.0000 ,  0.0000 ,  0.0000 ,  0.0000 ,  0.0000 ,
  0.0000 ,  0.0000 ,  0.0000 ,  0.0000 ,  0.0000 ,  0.0000 ,
  0.0000 ,  0.0000 ,  0.0000 ,  0.0000 ,  0.0000 ,  0.0000 ,
  0.0000 ,  0.0000 ,  0.0000 ,  0.0000 ,  0.0000 ,  0.0000 ,
  0.0000 ,  0.0000 ,  0.0000 ,  0.0000 ,  0.0000 ,  0.0000 ,
  0.0000 ,  0.0000 ,  0.0000 ,  0.0000 ,  0.0000 ,  0.0000 ,
  0.0000 ,  0.0000 ,  0.0000 ,  0.0000 ,  0.0000 ,  0.0000 ,
  0.0000 ,  0.0000 ,  0.0000 ,  0.0000 ,  0.0000 ,  0.0000 ,
  0.0000 ,  0.0000 ,  0.0000 ,  0.0000 ,  0.0000 ,  0.0000 ,
  0.0000 ,  0.0000 ,  0.0000 ,  0.0000 ,  0.0000 ,  0.0000 ,
  0.0000 ,  0.0000 ,  0.0000 ,  0.0000 ,  0.0000 ,  0.0000 ,
  0.0000 ,  0.0000 ,  0.0000 ,  0.0000 ,  0.0000 ,  0.0000 ,
  0.0000 ,  0.0000 ,  0.0000 ,  0.0000 ,  0.0000 ,  0.0000 ,
  0.0000 ,  0.0000 ,  0.0000 ,  0.0000 ,  0.0000 ,  0.0000 ,
  0.0000 ,  0.0000 ,  0.0000 ,  0.0000 ,  0.0000 ,  0.0000 ,
  0.0000 ,  0.0000 ,  0.0000 ,  0.0000 ,  0.0000 ,  0.0000 ,
  0.0000 ,  0.0000 ,  0.0000 ,  0.0000 ,  0.0000 ,  0.0000 ,
  0.0000 ,  0.0000 ,  0.0000 ,  0.0000 ,  0.0000 ,  0.0000 ,
  0.0000 ,  0.0000 ,  0.0000 ,  0.0000 ,  0.0000 ,  0.0000 ,
  0.0000 ,  0.0000 ,  0.0000 ,  0.0000 ,  0.0000 ,  0.0000 ,
  0.0000 ,  0.0000 ,  0.0000 ,  0.0000 ,  0.0000 ,  0.0000 ,
  0.0000 ,  0.0000 ,  0.0000 ,  0.0000 ,  0.0000 ,  0.0000 ,
  0.0000 ,  0.0000 ,  0.0000 ,  0.0000 ,  0.0000 ,  0.0000 ,
  0.0000 ,  0.0000 ,  0.0000 ,  0.0000 ,  0.0000 ,  0.0000 ,
  0.0000 ,  0.0000 ,  0.0000 ,  0.0000 ,  0.0000 ,  0.0000 ,
  0.0000 ,  0.0000 ,  0.0000 ,  0.0000 ,  0.0000 ,  0.0000 ,
  0.0000 ,  0.0000 ,  0.0000 ,  0.0000 ,  0.0000 ,  0.0000 ,
  0.0000 ,  0.0000 ,  0.0000 ,  0.0000 ,  0.0000 ,  0.0000 ,
  0.0000 ,  0.0000 ,  0.0000 ,  0.0000 ,  0.0000 ,  0.0000 ,
  0.0000 ,  0.0000 ,  0.0000 ,  0.0000 ,  0.0000 ,  0.0000 ,
  0.0000 ,  0.0000 ,  0.0000 ,  0.0000 ,  0.0000 ,  0.0000 ,
  0.0000 ,  0.0000 ,  0.0000 ,  0.0000 ,  0.0000 ,  0.0000 ,
  0.0000 ,  0.0000 ,  0.0000 ,  0.0000 ,  0.0000 ,  0.0000 ,
  0.0000 ,  0.0000 ,  0.0000 ,  0.0000 ,  0.0000 ,  0.0000 ,
  0.0000 ,  0.0000 ,  0.0000 ,  0.0000 ,  0.0000 ,  0.0000 ,
  0.0000 ,  0.0000 ,  0.0000 ,  0.0000 ,  0.0000 ,  0.0000 ,
  0.0000 ,  0.0000 ,  0.0000 ,  0.0000 ,  0.0000 ,  0.0000 ,
  0.0000 ,  0.0000 ,  0.0000 ,  0.0000 ,  0.0000 ,  0.0000 ,
  0.0000 ,  0.0000 ,  0.0000 ,  0.0000 ,  0.0000 ,  0.0000 ,
  0.0000 ,  0.0000 ,  0.0000 ,  0.0000 ,  0.0000 ,  0.0000 ,
  0.0000 ,  0.0000 ,  0.0000 ,  0.0000 ,  0.0000 ,  0.0000 ,
  0.0000 ,  0.0000 ,  0.0000 ,  0.0000 ,  0.0000 ,  0.0000 ,
  0.0000 ,  0.0000 ,  0.0000 ,  0.0000 ,  0.0000 ,  0.0000 ,
  0.0000 ,  0.0000 ,  0.0000 ,  0.0000 ,  0.0000 ,  0.0000 ,
  0.0000 ,  0.0000 ,  0.0000 ,  0.0000 ,  0.0000 ,  0.0000 ,
  0.0000 ,  0.0000 ,  0.0000 ,  0.0000 ,  0.0000 ,  0.0000 ,
  0.0000 ,  0.0000 ,  0.0000 ,  0.0000 ,  0.0000 ,  0.0000 ,
  0.0000 ,  0.0000 ,  0.0000 ,  0.0000 ,  0.0000 ,  0.0000 ,
  0.0000 ,  0.0000 ,  0.0000 ,  0.0000 ,  0.0000 ,  0.0000 ,
  0.0000 ,  0.0000 ,  0.0000 ,  0.0000 ,  0.0000 ,  0.0000 ,
  0.0000 ,  0.0000 ,  0.0000 ,  0.0000 ,  0.0000 ,  0.0000 ,
  0.0000 ,  0.0000 ,  0.0000 ,  0.0000 ,  0.0000 ,  0.0000 ,
  0.0000 ,  0.0000 ,  0.0000 ,  0.0000 ,  0.0000 ,  0.0000 ,
  0.0000 ,  0.0000 ,  0.0000 ,  0.0000 ,  0.0000 ,  0.0000 ,
  0.0000 ,  0.0000 ,  0.0000 ,  0.0000 ,  0.0000 ,  0.0000 ,
  0.0000 ,  0.0000 ,  0.0000 ,  0.0000 ,  0.0000 ,  0.0000 ,
  0.0000 ,  0.0000 ,  0.0000 ,  0.0000 ,  0.0000 ,  0.0000 ,
  0.0000 ,  0.0000 ,  0.0000 ,  0.0000 ,  0.0000 ,  0.0000 ,
  0.0000 ,  0.0000 ,  0.0000 ,  0.0000 ,  0.0000 ,  0.0000 ,
  0.0000 ,  0.0000 ,  0.0000 ,  0.0000 ,  0.0000 ,  0.0000 ,
  0.0000 ,  0.0000 ,  0.0000 ,  0.0000 ,  0.0000 ,  0.0000 ,
  0.0000 ,  0.0000 ,  0.0000 ,  0.0000 ,  0.0000 ,  0.0000 ,
  0.0000 ,  0.0000 ,  0.0000 ,  0.0000 ,  0.0000 ,  0.0000 ,
  0.0000 ,  0.0000 ,  0.0000 ,  0.0000 ,  0.0000 ,  0.0000 ,
  0.0000 ,  0.0000 ,  0.0000 ,  0.0000 ,  0.0000 ,  0.0000 ,
  0.0000 ,  0.0000 ,  0.0000 ,  0.0000 ,  0.0000 ,  0.0000 ,
  0.0000 ,  0.0000 ,  0.0000 ,  0.0000 ,  0.0000 ,  0.0000 ,
  0.0000 ,  0.0000 ,  0.0000 ,  0.0000 ,  0.0000 ,  0.0000 ,
  0.0000 ,  0.0000 ,  0.0000 ,  0.0000 ,  0.0000 ,  0.0000 ,
  0.0000 ,  0.0000 ,  0.0000 ,  0.0000 ,  0.0000 ,  0.0000 ,
  0.0000 ,  0.0000 ,  0.0000 ,  0.0000 ,  0.0000 ,  0.0000 ,
  0.0000 ,  0.0000 ,  0.0000 ,  0.0000 ,  0.0000 ,  0.0000 ,
  0.0000 ,  0.0000 ,  0.0000 ,  0.0000 ,  0.0000 ,  0.0000 ,
  0.0000 ,  0.0000 ,  0.0000 ,  0.0000 ,  0.0000 ,  0.0000 ,
  0.0000 ,  0.0000 ,  0.0000 ,  0.0000 ,  0.0000 ,  0.0000 ,
  0.0000 ,  0.0000 ,  0.0000 ,  0.0000 ,  0.0000 ,  0.0000 ,
  0.0000 ,  0.0000 ,  0.0000 ,  0.0000 ,  0.0000 ,  0.0000 ,
  0.0000 ,  0.0000 ,  0.0000 ,  0.0000 ,  0.0000 ,  0.0000 ,
  0.0000 ,  0.0000 ,  0.0000 ,  0.0000 ,  0.0000 ,  0.0000 ,
  0.0000 ,  0.0000 ,  0.0000 ,  0.0000 ,  0.0000 ,  0.0000 ,
  0.0000 ,  0.0000 ,  0.0000 ,  0.0000 ,  0.0000 ,  0.0000 ,
  0.0000 ,  0.0000 ,  0.0000 ,  0.0000 ,  0.0000 ,  0.0000 ,
  0.0000 ,  0.0000 ,  0.0000 ,  0.0000 ,  0.0000 ,  0.0000 ,
  0.0000 ,  0.0000 ,  0.0000 ,  0.0000 ,  0.0000 ,  0.0000 ,
  0.0000 ,  0.0000 ,  0.0000 ,  0.0000 ,  0.0000 ,  0.0000 ,
  0.0000 ,  0.0000 ,  0.0000 ,  0.0000 ,  0.0000 ,  0.0000 ,
  0.0000 ,  0.0000 ,  0.0000 ,  0.0000 ,  0.0000 ,  0.0000 ,
  0.0000 ,  0.0000 ,  0.0000 ,  0.0000 ,  0.0000 ,  0.0000 ,
  0.0000 ,  0.0000 ,  0.0000 ,  0.0000 ,  0.0000 ,  0.0000 ,
  0.0000 ,  0.0000 ,  0.0000 ,  0.0000 ,  0.0000 ,  0.0000 ,
  0.0000 ,  0.0000 ,  0.0000 ,  0.0000 ,  0.0000 ,  0.0000 ,
  0.0000 ,  0.0000 ,  0.0000 ,  0.0000 ,  0.0000 ,  0.0000 ,
  0.0000 ,  0.0000 ,  0.0000 ,  0.0000 ,  0.0000 ,  0.0000 ,
  0.0000 ,  0.0000 ,  0.0000 ,  0.0000 ,  0.0000 ,  0.0000 ,
  0.0000 ,  0.0000 ,  0.0000 ,  0.0000 ,  0.0000 ,  0.0000 ,
  0.0000 ,  0.0000 ,  0.0000 ,  0.0000 ,  0.0000 ,  0.0000 ,
  0.0000 ,  0.0000 ,  0.0000 ,  0.0000 ,  0.0000 ,  0.0000 ,
  0.0000 ,  0.0000 ,  0.0000 ,  0.0000 ,  0.0000 ,  0.0000 ,
  0.0000 ,  0.0000 ,  0.0000 ,  0.0000 ,  0.0000 ,  0.0000 ,
  0.0000 ,  0.0000 ,  0.0000 ,  0.0000 ,  0.0000 ,  0.0000 ,
  0.0000 ,  0.0000 ,  0.0000 ,  0.0000 ,  0.0000 ,  0.0000 ,
  0.0000 ,  0.0000 ,  0.0000 ,  0.0000 ,  0.0000 ,  0.0000 ,
  0.0000 ,  0.0000 ,  0.0000 ,  0.0000 ,  0.0000 ,  0.0000 ,
  0.0000 ,  0.0000 ,  0.0000 ,  0.0000 ,  0.0000 ,  0.0000 ,
  0.0000 ,  0.0000 ,  0.0000 ,  0.0000 ,  0.0000 ,  0.0000 ,
  0.0000 ,  0.0000 ,  0.0000 ,  0.0000 ,  0.0000 ,  0.0000 ,
  0.0000 ,  0.0000 ,  0.0000 ,  0.0000 ,  0.0000 ,  0.0000 ,
  0.0000 ,  0.0000 ,  0.0000 ,  0.0000 ,  0.0000 ,  0.0000 ,
  0.0000 ,  0.0000 ,  0.0000 ,  0.0000 ,  0.0000 ,  0.0000 ,
  0.0000 ,  0.0000 ,  0.0000 ,  0.0000 ,  0.0000 ,  0.0000 ,
  0.0000 ,  0.0000 ,  0.0000 ,  0.0000 ,  0.0000 ,  0.0000 ,
  0.0000 ,  0.0000 ,  0.0000 ,  0.0000 ,  0.0000 ,  0.0000 ,
  0.0000 ,  0.0000 ,  0.0000 ,  0.0000 ,  0.0000 ,  0.0000 ,
  0.0000 ,  0.0000 ,  0.0000 ,  0.0000 ,  0.0000 ,  0.0000 ,
  0.0000 ,  0.0000 ,  0.0000 ,  0.0000 ,  0.0000 ,  0.0000 ,
  0.0000 ,  0.0000 ,  0.0000 ,  0.0000 ,  0.0000 ,  0.0000 ,
  0.0000 ,  0.0000 ,  0.0000 ,  0.0000 ,  0.0000 ,  0.0000 ,
  0.0000 ,  0.0000 ,  0.0000 ,  0.0000 ,  0.0000 ,  0.0000 ,
  0.0000 ,  0.0000 ,  0.0000 ,  0.0000 ,  0.0000 ,  0.0000 ,
  0.0000 ,  0.0000 ,  0.0000 ,  0.0000 ,  0.0000 ,  0.0000 ,
  0.0000 ,  0.0000 ,  0.0000 ,  0.0000 ,  0.0000 ,  0.0000 ,
  0.0000 ,  0.0000 ,  0.0000 ,  0.0000 ,  0.0000 ,  0.0000 ,
  0.0000 ,  0.0000 ,  0.0000 ,  0.0000 ,  0.0000 ,  0.0000 ,
  0.0000 ,  0.0000 ,  0.0000 ,  0.0000 ,  0.0000 ,  0.0000 ,
  0.0000 ,  0.0000 ,  0.0000 ,  0.0000 ,  0.0000 ,  0.0000 ,
  0.0000 ,  0.0000 ,  0.0000 ,  0.0000 ,  0.0000 ,  0.0000 ,
  0.0000 ,  0.0000 ,  0.0000 ,  0.0000 ,  0.0000 ,  0.0000 ,
  0.0000 ,  0.0000 ,  0.0000 ,  0.0000 ,  0.0000 ,  0.0000 ,
  0.0000 ,  0.0000 ,  0.0000 ,  0.0000 ,  0.0000 ,  0.0000 ,
  0.0000 ,  0.0000 ,  0.0000 ,  0.0000 ,  0.0000 ,  0.0000 ,
  0.0000 ,  0.0000 ,  0.0000 ,  0.0000 ,  0.0000 ,  0.0000 ,
  0.0000 ,  0.0000 ,  0.0000 ,  0.0000 ,  0.0000 ,  0.0000 ,
  0.0000 ,  0.0000 ,  0.0000 ,  0.0000 ,  0.0000 ,  0.0000 ,
  0.0000 ,  0.0000 ,  0.0000 ,  0.0000 ,  0.0000 ,  0.0000 ,
  0.0000 ,  0.0000 ,  0.0000 ,  0.0000 ,  0.0000 ,  0.0000 ,
  0.0000 ,  0.0000 ,  0.0000 ,  0.0000 ,  0.0000 ,  0.0000 ,
  0.0000 ,  0.0000 ,  0.0000 ,  0.0000 ,  0.0000 ,  0.0000 ,
  0.0000 ,  0.0000 ,  0.0000 ,  0.0000 ,  0.0000 ,  0.0000 ,
  0.0000 ,  0.0000 ,  0.0000 ,  0.0000 ,  0.0000 ,  0.0000 ,
  0.0000 ,  0.0000 ,  0.0000 ,  0.0000 ,  0.0000 ,  0.0000 ,
  0.0000 ,  0.0000 ,  0.0000 ,  0.0000 ,  0.0000 ,  0.0000 ,
  0.0000 ,  0.0000 ,  0.0000 ,  0.0000 ,  0.0000 ,  0.0000 ,
  0.0000 ,  0.0000 ,  0.0000 ,  0.0000 ,  0.0000 ,  0.0000 ,
  0.0000 ,  0.0000 ,  0.0000 ,  0.0000 ,  0.0000 ,  0.0000 ,
  0.0000 ,  0.0000 ,  0.0000 ,  0.0000 ,  0.0000 ,  0.0000 ,
  0.0000 ,  0.0000 ,  0.0000 ,  0.0000 ,  0.0000 ,  0.0000 ,
  0.0000 ,  0.0000 ,  0.0000 ,  0.0000 ,  0.0000 ,  0.0000 ,
  0.0000 ,  0.0000 ,  0.0000 ,  0.0000 ,  0.0000 ,  0.0000 ,
  0.0000 ,  0.0000 ,  0.0000 ,  0.0000 ,  0.0000 ,  0.0000 ,
  0.0000 ,  0.0000 ,  0.0000 ,  0.0000 ,  0.0000 ,  0.0000 ,
  0.0000 ,  0.0000 ,  0.0000 ,  0.0000 ,  0.0000 ,  0.0000 ,
  0.0000 ,  0.0000 ,  0.0000 ,  0.0000 ,  0.0000 ,  0.0000 ,
  0.0000 ,  0.0000 ,  0.0000 ,  0.0000 ,  0.0000 ,  0.0000 ,
  0.0000 ,  0.0000 ,  0.0000 ,  0.0000 ,  0.0000 ,  0.0000 ,
  0.0000 ,  0.0000 ,  0.0000 ,  0.0000 ,  0.0000 ,  0.0000 ,
  0.0000 ,  0.0000 ,  0.0000 ,  0.0000 ,  0.0000 ,  0.0000 ,
  0.0000 ,  0.0000 ,  0.0000 ,  0.0000 ,  0.0000 ,  0.0000 ,
  0.0000 ,  0.0000 ,  0.0000 ,  0.0000 ,  0.0000 ,  0.0000 ,
  0.0000 ,  0.0000 ,  0.0000 ,  0.0000 ,  0.0000 ,  0.0000 ,
  0.0000 ,  0.0000 ,  0.0000 ,  0.0000 ,  0.0000 ,  0.0000 ,
  0.0000 ,  0.0000 ,  0.0000 ,  0.0000 ,  0.0000 ,  0.0000 ,
  0.0000 ,  0.0000 ,  0.0000 ,  0.0000 ,  0.0000 ,  0.0000 ,
  0.0000 ,  0.0000 ,  0.0000 ,  0.0000 ,  0.0000 ,  0.0000 ,
  0.0000 ,  0.0000 ,  0.0000 ,  0.0000 ,  0.0000 ,  0.0000 ,
  0.0000 ,  0.0000 ,  0.0000 ,  0.0000 ,  0.0000 ,  0.0000 ,
  0.0000 ,  0.0000 ,  0.0000 ,  0.0000 ,  0.0000 ,  0.0000 ,
  0.0000 ,  0.0000 ,  0.0000 ,  0.0000 ,  0.0000 ,  0.0000 ,
  0.0000 ,  0.0000 ,  0.0000 ,  0.0000 ,  0.0000 ,  0.0000 ,
  0.0000 ,  0.0000 ,  0.0000 ,  0.0000 ,  0.0000 ,  0.0000 ,
  0.0000 ,  0.0000 ,  0.0000 ,  0.0000 ,  0.0000 ,  0.0000 ,
  0.0000 ,  0.0000 ,  0.0000 ,  0.0000 ,  0.0000 ,  0.0000 ,
  0.0000 ,  0.0000 ,  0.0000 ,  0.0000 ,  0.0000 ,  0.0000 ,
  0.0000 ,  0.0000 ,  0.0000 ,  0.0000 ,  0.0000 ,  0.0000 ,
  0.0000 ,  0.0000 ,  0.0000 ,  0.0000 ,  0.0000 ,  0.0000 ,
  0.0000 ,  0.0000 ,  0.0000 ,  0.0000 ,  0.0000 ,  0.0000 ,
  0.0000 ,  0.0000 ,  0.0000 ,  0.0000 ,  0.0000 ,  0.0000 ,
  0.0000 ,  0.0000 ,  0.0000 ,  0.0000 ,  0.0000 ,  0.0000 ,
  0.0000 ,  0.0000 ,  0.0000 ,  0.0000 ,  0.0000 ,  0.0000 ,
  0.0000 ,  0.0000 ,  0.0000 ,  0.0000 ,  0.0000 ,  0.0000 ,
  0.0000 ,  0.0000 ,  0.0000 ,  0.0000 ,  0.0000 ,  0.0000 ,
  0.0000 ,  0.0000 ,  0.0000 ,  0.0000 ,  0.0000 ,  0.0000 ,
  0.0000 ,  0.0000 ,  0.0000 ,  0.0000 ,  0.0000 ,  0.0000 ,
  0.0000 ,  0.0000 ,  0.0000 ,  0.0000 ,  0.0000 ,  0.0000 ,
  0.0000 ,  0.0000 ,  0.0000 ,  0.0000 ,  0.0000 ,  0.0000 ,
  0.0000 ,  0.0000 ,  0.0000 ,  0.0000 ,  0.0000 ,  0.0000 ,
  0.0000 ,  0.0000 ,  0.0000 ,  0.0000 ,  0.0000 ,  0.0000 ,
  0.0000 ,  0.0000 ,  0.0000 ,  0.0000 ,  0.0000 ,  0.0000 ,
  0.0000 ,  0.0000 ,  0.0000 ,  0.0000 ,  0.0000 ,  0.0000 ,
  0.0000 ,  0.0000 ,  0.0000 ,  0.0000 ,  0.0000 ,  0.0000 ,
  0.0000 ,  0.0000 ,  0.0000 ,  0.0000 ,  0.0000 ,  0.0000 ,
  0.0000 ,  0.0000 ,  0.0000 ,  0.0000 ,  0.0000 ,  0.0000 ,
  0.0000 ,  0.0000 ,  0.0000 ,  0.0000 ,  0.0000 ,  0.0000 ,
  0.0000 ,  0.0000 ,  0.0000 ,  0.0000 ,  0.0000 ,  0.0000 ,
  0.0000 ,  0.0000 ,  0.0000 ,  0.0000 ,  0.0000 ,  0.0000 ,
  0.0000 ,  0.0000 ,  0.0000 ,  0.0000 ,  0.0000 ,  0.0000 ,
  0.0000 ,  0.0000 ,  0.0000 ,  0.0000 ,  0.0000 ,  0.0000 ,
  0.0000 ,  0.0000 ,  0.0000 ,  0.0000 ,  0.0000 ,  0.0000 ,
  0.0000 ,  0.0000 ,  0.0000 ,  0.0000 ,  0.0000 ,  0.0000 ,
  0.0000 ,  0.0000 ,  0.0000 ,  0.0000 ,  0.0000 ,  0.0000 ,
  0.0000 ,  0.0000 ,  0.0000 ,  0.0000 ,  0.0000 ,  0.0000 ,
  0.0000 ,  0.0000 ,  0.0000 ,  0.0000 ,  0.0000 ,  0.0000 ,
  0.0000 ,  0.0000 ,  0.0000 ,  0.0000 ,  0.0000 ,  0.0000 ,
  0.0000 ,  0.0000 ,  0.0000 ,  0.0000 ,  0.0000 ,  0.0000 ,
  0.0000 ,  0.0000 ,  0.0000 ,  0.0000 ,  0.0000 ,  0.0000 ,
  0.0000 ,  0.0000 ,  0.0000 ,  0.0000 ,  0.0000 ,  0.0000 ,
  0.0000 ,  0.0000 ,  0.0000 ,  0.0000 ,  0.0000 ,  0.0000 ,
  0.0000 ,  0.0000 ,  0.0000 ,  0.0000 ,  0.0000 ,  0.0000 ,
  0.0000 ,  0.0000 ,  0.0000 ,  0.0000 ,  0.0000 ,  0.0000 ,
  0.0000 ,  0.0000 ,  0.0000 ,  0.0000 ,  0.0000 ,  0.0000 ,
  0.0000 ,  0.0000 ,  0.0000 ,  0.0000 ,  0.0000 ,  0.0000 ,
  0.0000 ,  0.0000 ,  0.0000 ,  0.0000 ,  0.0000 ,  0.0000 ,
  0.0000 ,  0.0000 ,  0.0000 ,  0.0000 ,  0.0000 ,  0.0000 ,
  0.0000 ,  0.0000 ,  0.0000 ,  0.0000 ,  0.0000 ,  0.0000 ,
  0.0000 ,  0.0000 ,  0.0000 ,  0.0000 ,  0.0000 ,  0.0000 ,
  0.0000 ,  0.0000 ,  0.0000 ,  0.0000 ,  0.0000 ,  0.0000 ,
  0.0000 ,  0.0000 ,  0.0000 ,  0.0000 ,  0.0000 ,  0.0000 ,
  0.0000 ,  0.0000 ,  0.0000 ,  0.0000 ,  0.0000 ,  0.0000 ,
  0.0000 ,  0.0000 ,  0.0000 ,  0.0000 ,  0.0000 ,  0.0000 ,
  0.0000 ,  0.0000 ,  0.0000 ,  0.0000 ,  0.0000 ,  0.0000 ,
  0.0000 ,  0.0000 ,  0.0000 ,  0.0000 ,  0.0000 ,  0.0000 ,
  0.0000 ,  0.0000 ,  0.0000 ,  0.0000 ,  0.0000 ,  0.0000 ,
  0.0000 ,  0.0000 ,  0.0000 ,  0.0000 ,  0.0000 ,  0.0000 ,
  0.0000 ,  0.0000 ,  0.0000 ,  0.0000 ,  0.0000 ,  0.0000 ,
  0.0000 ,  0.0000 ,  0.0000 ,  0.0000 ,  0.0000 ,  0.0000 ,
  0.0000 ,  0.0000 ,  0.0000 ,  0.0000 ,  0.0000 ,  0.0000 ,
  0.0000 ,  0.0000 ,  0.0000 ,  0.0000 ,  0.0000 ,  0.0000 ,
  0.0000 ,  0.0000 ,  0.0000 ,  0.0000 ,  0.0000 ,  0.0000 ,
  0.0000 ,  0.0000 ,  0.0000 ,  0.0000 ,  0.0000 ,  0.0000 ,
  0.0000 ,  0.0000 ,  0.0000 ,  0.0000 ,  0.0000 ,  0.0000 ,
  0.0000 ,  0.0000 ,  0.0000 ,  0.0000 ,  0.0000 ,  0.0000 ,
  0.0000 ,  0.0000 ,  0.0000 ,  0.0000 ,  0.0000 ,  0.0000 ,
  0.0000 ,  0.0000 ,  0.0000 ,  0.0000 ,  0.0000 ,  0.0000 ,
  0.0000 ,  0.0000 ,  0.0000 ,  0.0000 ,  0.0000 ,  0.0000 ,
  0.0000 ,  0.0000 ,  0.0000 ,  0.0000 ,  0.0000 ,  0.0000 ,
  0.0000 ,  0.0000 ,  0.0000 ,  0.0000 ,  0.0000 ,  0.0000 ,
  0.0000 ,  0.0000 ,  0.0000 ,  0.0000 ,  0.0000 ,  0.0000 ,
  0.0000 ,  0.0000 ,  0.0000 ,  0.0000 ,  0.0000 ,  0.0000 ,
  0.0000 ,  0.0000 ,  0.0000 ,  0.0000 ,  0.0000 ,  0.0000 ,
  0.0000 ,  0.0000 ,  0.0000 ,  0.0000 ,  0.0000 ,  0.0000 ,
  0.0000 ,  0.0000 ,  0.0000 ,  0.0000 ,  0.0000 ,  0.0000 ,
  0.0000 ,  0.0000 ,  0.0000 ,  0.0000 ,  0.0000 ,  0.0000 ,
  0.0000 ,  0.0000 ,  0.0000 ,  0.0000 ,  0.0000 ,  0.0000 ,
  0.0000 ,  0.0000 ,  0.0000 ,  0.0000 ,  0.0000 ,  0.0000 ,
  0.0000 ,  0.0000 ,  0.0000 ,  0.0000 ,  0.0000 ,  0.0000 ,
  0.0000 ,  0.0000 ,  0.0000 ,  0.0000 ,  0.0000 ,  0.0000 ,
  0.0000 ,  0.0000 ,  0.0000 ,  0.0000 ,  0.0000 ,  0.0000 ,
  0.0000 ,  0.0000 ,  0.0000 ,  0.0000 ,  0.0000 ,  0.0000 ,
  0.0000 ,  0.0000 ,  0.0000 ,  0.0000 ,  0.0000 ,  0.0000 ,
  0.0000 ,  0.0000 ,  0.0000 ,  0.0000 ,  0.0000 ,  0.0000 ,
  0.0000 ,  0.0000 ,  0.0000 ,  0.0000 ,  0.0000 ,  0.0000 ,
  0.0000 ,  0.0000 ,  0.0000 ,  0.0000 ,  0.0000 ,  0.0000 ,
  0.0000 ,  0.0000 ,  0.0000 ,  0.0000 ,  0.0000 ,  0.0000 ,
  0.0000 ,  0.0000 ,  0.0000 ,  0.0000 ,  0.0000 ,  0.0000 ,
  0.0000 ,  0.0000 ,  0.0000 ,  0.0000 ,  0.0000 ,  0.0000 ,
  0.0000 ,  0.0000 ,  0.0000 ,  0.0000 ,  0.0000 ,  0.0000 ,
  0.0000 ,  0.0000 ,  0.0000 ,  0.0000 ,  0.0000 ,  0.0000 ,
  0.0000 ,  0.0000 ,  0.0000 ,  0.0000 ,  0.0000 ,  0.0000 ,
  0.0000 ,  0.0000 ,  0.0000 ,  0.0000 ,  0.0000 ,  0.0000 ,
  0.0000 ,  0.0000 ,  0.0000 ,  0.0000 ,  0.0000 ,  0.0000 ,
  0.0000 ,  0.0000 ,  0.0000 ,  0.0000 ,  0.0000 ,  0.0000 ,
  0.0000 ,  0.0000 ,  0.0000 ,  0.0000 ,  0.0000 ,  0.0000 ,
  0.0000 ,  0.0000 ,  0.0000 ,  0.0000 ,  0.0000 ,  0.0000 ,
  0.0000 ,  0.0000 ,  0.0000 ,  0.0000 ,  0.0000 ,  0.0000 ,
  0.0000 ,  0.0000 ,  0.0000 ,  0.0000 ,  0.0000 ,  0.0000 ,
  0.0000 ,  0.0000 ,  0.0000 ,  0.0000 ,  0.0000 ,  0.0000 ,
  0.0000 ,  0.0000 ,  0.0000 ,  0.0000 ,  0.0000 ,  0.0000 ,
  0.0000 ,  0.0000 ,  0.0000 ,  0.0000 ,  0.0000 ,  0.0000 ,
  0.0000 ,  0.0000 ,  0.0000 ,  0.0000 ,  0.0000 ,  0.0000 ,
  0.0000 ,  0.0000 ,  0.0000 ,  0.0000 ,  0.0000 ,  0.0000 ,
  0.0000 ,  0.0000 ,  0.0000 ,  0.0000 ,  0.0000 ,  0.0000 ,
  0.0000 ,  0.0000 ,  0.0000 ,  0.0000 ,  0.0000 ,  0.0000 ,
  0.0000 ,  0.0000 ,  0.0000 ,  0.0000 ,  0.0000 ,  0.0000 ,
  0.0000 ,  0.0000 ,  0.0000 ,  0.0000 ,  0.0000 ,  0.0000 ,
  0.0000 ,  0.0000 ,  0.0000 ,  0.0000 ,  0.0000 ,  0.0000 ,
  0.0000 ,  0.0000 ,  0.0000 ,  0.0000 ,  0.0000 ,  0.0000 ,
  0.0000 ,  0.0000 ,  0.0000 ,  0.0000 ,  0.0000 ,  0.0000 ,
  0.0000 ,  0.0000 ,  0.0000 ,  0.0000 ,  0.0000 ,  0.0000 ,
  0.0000 ,  0.0000 ,  0.0000 ,  0.0000 ,  0.0000 ,  0.0000 ,
  0.0000 ,  0.0000 ,  0.0000 ,  0.0000 ,  0.0000 ,  0.0000 ,
  0.0000 ,  0.0000 ,  0.0000 ,  0.0000 ,  0.0000 ,  0.0000 ,
  0.0000 ,  0.0000 ,  0.0000 ,  0.0000 ,  0.0000 ,  0.0000 ,
  0.0000 ,  0.0000 ,  0.0000 ,  0.0000 ,  0.0000 ,  0.0000 ,
  0.0000 ,  0.0000 ,  0.0000 ,  0.0000 ,  0.0000 ,  0.0000 ,
  0.0000 ,  0.0000 ,  0.0000 ,  0.0000 ,  0.0000 ,  0.0000 ,
  0.0000 ,  0.0000 ,  0.0000 ,  0.0000 ,  0.0000 ,  0.0000 ,
  0.0000 ,  0.0000 ,  0.0000 ,  0.0000 ,  0.0000 ,  0.0000 ,
  0.0000 ,  0.0000 ,  0.0000 ,  0.0000 ,  0.0000 ,  0.0000 ,
  0.0000 ,  0.0000 ,  0.0000 ,  0.0000 ,  0.0000 ,  0.0000 ,
  0.0000 ,  0.0000 ,  0.0000 ,  0.0000 ,  0.0000 ,  0.0000 ,
  0.0000 ,  0.0000 ,  0.0000 ,  0.0000 ,  0.0000 ,  0.0000 ,
  0.0000 ,  0.0000 ,  0.0000 ,  0.0000 ,  0.0000 ,  0.0000 ,
  0.0000 ,  0.0000 ,  0.0000 ,  0.0000 ,  0.0000 ,  0.0000 ,
  0.0000 ,  0.0000 ,  0.0000 ,  0.0000 ,  0.0000 ,  0.0000 ,
  0.0000 ,  0.0000 ,  0.0000 ,  0.0000 ,  0.0000 ,  0.0000 ,
  0.0000 ,  0.0000 ,  0.0000 ,  0.0000 ,  0.0000 ,  0.0000 ,
  0.0000 ,  0.0000 ,  0.0000 ,  0.0000 ,  0.0000 ,  0.0000 ,
  0.0000 ,  0.0000 ,  0.0000 ,  0.0000 ,  0.0000 ,  0.0000 ,
  0.0000 ,  0.0000 ,  0.0000 ,  0.0000 ,  0.0000 ,  0.0000 ,
  0.0000 ,  0.0000 ,  0.0000 ,  0.0000 ,  0.0000 ,  0.0000 ,
  0.0000 ,  0.0000 ,  0.0000 ,  0.0000 ,  0.0000 ,  0.0000 ,
  0.0000 ,  0.0000 ,  0.0000 ,  0.0000 ,  0.0000 ,  0.0000 ,
  0.0000 ,  0.0000 ,  0.0000 ,  0.0000 ,  0.0000 ,  0.0000 ,
  0.0000 ,  0.0000 ,  0.0000 ,  0.0000 ,  0.0000 ,  0.0000 ,
  0.0000 ,  0.0000 ,  0.0000 ,  0.0000 ,  0.0000 ,  0.0000 ,
  0.0000 ,  0.0000 ,  0.0000 ,  0.0000 ,  0.0000 ,  0.0000 ,
  0.0000 ,  0.0000 ,  0.0000 ,  0.0000 ,  0.0000 ,  0.0000 ,
  0.0000 ,  0.0000 ,  0.0000 ,  0.0000 ,  0.0000 ,  0.0000 ,
  0.0000 ,  0.0000 ,  0.0000 ,  0.0000 ,  0.0000 ,  0.0000 ,
  0.0000 ,  0.0000 ,  0.0000 ,  0.0000 ,  0.0000 ,  0.0000 ,
  0.0000 ,  0.0000 ,  0.0000 ,  0.0000 ,  0.0000 ,  0.0000 ,
  0.0000 ,  0.0000 ,  0.0000 ,  0.0000 ,  0.0000 ,  0.0000 ,
  0.0000 ,  0.0000 ,  0.0000 ,  0.0000 ,  0.0000 ,  0.0000 ,
  0.0000 ,  0.0000 ,  0.0000 ,  0.0000 ,  0.0000 ,  0.0000 ,
  0.0000 ,  0.0000 ,  0.0000 ,  0.0000 ,  0.0000 ,  0.0000 ,
  0.0000 ,  0.0000 ,  0.0000 ,  0.0000 ,  0.0000 ,  0.0000 ,
  0.0000 ,  0.0000 ,  0.0000 ,  0.0000 ,  0.0000 ,  0.0000 ,
  0.0000 ,  0.0000 ,  0.0000 ,  0.0000 ,  0.0000 ,  0.0000 ,
  0.0000 ,  0.0000 ,  0.0000 ,  0.0000 ,  0.0000 ,  0.0000 ,
  0.0000 ,  0.0000 ,  0.0000 ,  0.0000 ,  0.0000 ,  0.0000 ,
  0.0000 ,  0.0000 ,  0.0000 ,  0.0000 ,  0.0000 ,  0.0000 ,
  0.0000 ,  0.0000 ,  0.0000 ,  0.0000 ,  0.0000 ,  0.0000 ,
  0.0000 ,  0.0000 ,  0.0000 ,  0.0000 ,  0.0000 ,  0.0000 ,
  0.0000 ,  0.0000 ,  0.0000 ,  0.0000 ,  0.0000 ,  0.0000 ,
  0.0000 ,  0.0000 ,  0.0000 ,  0.0000 ,  0.0000 ,  0.0000 ,
  0.0000 ,  0.0000 ,  0.0000 ,  0.0000 ,  0.0000 ,  0.0000 ,
  0.0000 ,  0.0000 ,  0.0000 ,  0.0000 ,  0.0000 ,  0.0000 ,
  0.0000 ,  0.0000 ,  0.0000 ,  0.0000 ,  0.0000 ,  0.0000 ,
  0.0000 ,  0.0000 ,  0.0000 ,  0.0000 ,  0.0000 ,  0.0000 ,
  0.0000 ,  0.0000 ,  0.0000 ,  0.0000 ,  0.0000 ,  0.0000 ,
  0.0000 ,  0.0000 ,  0.0000 ,  0.0000 ,  0.0000 ,  0.0000 ,
  0.0000 ,  0.0000 ,  0.0000 ,  0.0000 ,  0.0000 ,  0.0000 ,
  0.0000 ,  0.0000 ,  0.0000 ,  0.0000 ,  0.0000 ,  0.0000 ,
  0.0000 ,  0.0000 ,  0.0000 ,  0.0000 ,  0.0000 ,  0.0000 ,
  0.0000 ,  0.0000 ,  0.0000 ,  0.0000 ,  0.0000 ,  0.0000 ,
  0.0000 ,  0.0000 ,  0.0000 ,  0.0000 ,  0.0000 ,  0.0000 ,
  0.0000 ,  0.0000 ,  0.0000 ,  0.0000 ,  0.0000 ,  0.0000 ,
  0.0000 ,  0.0000 ,  0.0000 ,  0.0000 ,  0.0000 ,  0.0000 ,
  0.0000 ,  0.0000 ,  0.0000 ,  0.0000 ,  0.0000 ,  0.0000 ,
  0.0000 ,  0.0000 ,  0.0000 ,  0.0000 ,  0.0000 ,  0.0000 ,
  0.0000 ,  0.0000 ,  0.0000 ,  0.0000 ,  0.0000 ,  0.0000 ,
  0.0000 ,  0.0000 ,  0.0000 ,  0.0000 ,  0.0000 ,  0.0000 ,
  0.0000 ,  0.0000 ,  0.0000 ,  0.0000 ,  0.0000 ,  0.0000 ,
  0.0000 ,  0.0000 ,  0.0000 ,  0.0000 ,  0.0000 ,  0.0000 ,
  0.0000 ,  0.0000 ,  0.0000 ,  0.0000 ,  0.0000 ,  0.0000 ,
  0.0000 ,  0.0000 ,  0.0000 ,  0.0000 ,  0.0000 ,  0.0000 ,
  0.0000 ,  0.0000 ,  0.0000 ,  0.0000 ,  0.0000 ,  0.0000 ,
  0.0000 ,  0.0000 ,  0.0000 ,  0.0000 ,  0.0000 ,  0.0000 ,
  0.0000 ,  0.0000 ,  0.0000 ,  0.0000 ,  0.0000 ,  0.0000 ,
  0.0000 ,  0.0000 ,  0.0000 ,  0.0000 ,  0.0000 ,  0.0000 ,
  0.0000 ,  0.0000 ,  0.0000 ,  0.0000 ,  0.0000 ,  0.0000 ,
  0.0000 ,  0.0000 ,  0.0000 ,  0.0000 ,  0.0000 ,  0.0000 ,
  0.0000 ,  0.0000 ,  0.0000 ,  0.0000 ,  0.0000 ,  0.0000 ,
  0.0000 ,  0.0000 ,  0.0000 ,  0.0000 ,  0.0000 ,  0.0000 ,
  0.0000 ,  0.0000 ,  0.0000 ,  0.0000 ,  0.0000 ,  0.0000 ,
  0.0000 ,  0.0000 ,  0.0000 ,  0.0000 ,  0.0000 ,  0.0000 ,
  0.0000 ,  0.0000 ,  0.0000 ,  0.0000 ,  0.0000 ,  0.0000 ,
  0.0000 ,  0.0000 ,  0.0000 ,  0.0000 ,  0.0000 ,  0.0000 ,
  0.0000 ,  0.0000 ,  0.0000 ,  0.0000 ,  0.0000 ,  0.0000 ,
  0.0000 ,  0.0000 ,  0.0000 ,  0.0000 ,  0.0000 ,  0.0000 ,
  0.0000 ,  0.0000 ,  0.0000 ,  0.0000 ,  0.0000 ,  0.0000 ,
  0.0000 ,  0.0000 ,  0.0000 ,  0.0000 ,  0.0000 ,  0.0000 ,
  0.0000 ,  0.0000 ,  0.0000 ,  0.0000 ,  0.0000 ,  0.0000 ,
  0.0000 ,  0.0000 ,  0.0000 ,  0.0000 ,  0.0000 ,  0.0000 ,
  0.0000 ,  0.0000 ,  0.0000 ,  0.0000 ,  0.0000 ,  0.0000 ,
  0.0000 ,  0.0000 ,  0.0000 ,  0.0000 ,  0.0000 ,  0.0000 ,
  0.0000 ,  0.0000 ,  0.0000 ,  0.0000 ,  0.0000 ,  0.0000 ,
  0.0000 ,  0.0000 ,  0.0000 ,  0.0000 ,  0.0000 ,  0.0000 ,
  0.0000 ,  0.0000 ,  0.0000 ,  0.0000 ,  0.0000 ,  0.0000 ,
  0.0000 ,  0.0000 ,  0.0000 ,  0.0000 ,  0.0000 ,  0.0000 ,
  0.0000 ,  0.0000 ,  0.0000 ,  0.0000 ,  0.0000 ,  0.0000 ,
  0.0000 ,  0.0000 ,  0.0000 ,  0.0000 ,  0.0000 ,  0.0000 ,
  0.0000 ,  0.0000 ,  0.0000 ,  0.0000 ,  0.0000 ,  0.0000 ,
  0.0000 ,  0.0000 ,  0.0000 ,  0.0000 ,  0.0000 ,  0.0000 ,
  0.0000 ,  0.0000 ,  0.0000 ,  0.0000 ,  0.0000 ,  0.0000 ,
  0.0000 ,  0.0000 ,  0.0000 ,  0.0000 ,  0.0000 ,  0.0000 ,
  0.0000 ,  0.0000 ,  0.0000 ,  0.0000 ,  0.0000 ,  0.0000 ,
  0.0000 ,  0.0000 ,  0.0000 ,  0.0000 ,  0.0000 ,  0.0000 ,
  0.0000 ,  0.0000 ,  0.0000 ,  0.0000 ,  0.0000 ,  0.0000 ,
  0.0000 ,  0.0000 ,  0.0000 ,  0.0000 ,  0.0000 ,  0.0000 ,
  0.0000 ,  0.0000 ,  0.0000 ,  0.0000 ,  0.0000 ,  0.0000 ,
  0.0000 ,  0.0000 ,  0.0000 ,  0.0000 ,  0.0000 ,  0.0000 ,
  0.0000 ,  0.0000 ,  0.0000 ,  0.0000 ,  0.0000 ,  0.0000 ,
  0.0000 ,  0.0000 ,  0.0000 ,  0.0000 ,  0.0000 ,  0.0000 ,
  0.0000 ,  0.0000 ,  0.0000 ,  0.0000 ,  0.0000 ,  0.0000 ,
  0.0000 ,  0.0000 ,  0.0000 ,  0.0000 ,  0.0000 ,  0.0000 ,
  0.0000 ,  0.0000 ,  0.0000 ,  0.0000 ,  0.0000 ,  0.0000 ,
  0.0000 ,  0.0000 ,  0.0000 ,  0.0000 ,  0.0000 ,  0.0000 ,
  0.0000 ,  0.0000 ,  0.0000 ,  0.0000 ,  0.0000 ,  0.0000 ,
  0.0000 ,  0.0000 ,  0.0000 ,  0.0000 ,  0.0000 ,  0.0000 ,
  0.0000 ,  0.0000 ,  0.0000 ,  0.0000 ,  0.0000 ,  0.0000 ,
  0.0000 ,  0.0000 ,  0.0000 ,  0.0000 ,  0.0000 ,  0.0000 ,
  0.0000 ,  0.0000 ,  0.0000 ,  0.0000 ,  0.0000 ,  0.0000 ,
  0.0000 ,  0.0000 ,  0.0000 ,  0.0000 ,  0.0000 ,  0.0000 ,
  0.0000 ,  0.0000 ,  0.0000 ,  0.0000 ,  0.0000 ,  0.0000 ,
  0.0000 ,  0.0000 ,  0.0000 ,  0.0000 ,  0.0000 ,  0.0000 ,
  0.0000 ,  0.0000 ,  0.0000 ,  0.0000 ,  0.0000 ,  0.0000 ,
  0.0000 ,  0.0000 ,  0.0000 ,  0.0000 ,  0.0000 ,  0.0000 ,
  0.0000 ,  0.0000 ,  0.0000 ,  0.0000 ,  0.0000 ,  0.0000 ,
  0.0000 ,  0.0000 ,  0.0000 ,  0.0000 ,  0.0000 ,  0.0000 ,
  0.0000 ,  0.0000 ,  0.0000 ,  0.0000 ,  0.0000 ,  0.0000 ,
  0.0000 ,  0.0000 ,  0.0000 ,  0.0000 ,  0.0000 ,  0.0000 ,
  0.0000 ,  0.0000 ,  0.0000 ,  0.0000 ,  0.0000 ,  0.0000 ,
  0.0000 ,  0.0000 ,  0.0000 ,  0.0000 ,  0.0000 ,  0.0000 ,
  0.0000 ,  0.0000 ,  0.0000 ,  0.0000 ,  0.0000 ,  0.0000 ,
  0.0000 ,  0.0000 ,  0.0000 ,  0.0000 ,  0.0000 ,  0.0000 ,
  0.0000 ,  0.0000 ,  0.0000 ,  0.0000 ,  0.0000 ,  0.0000 ,
  0.0000 ,  0.0000 ,  0.0000 ,  0.0000 ,  0.0000 ,  0.0000 ,
  0.0000 ,  0.0000 ,  0.0000 ,  0.0000 ,  0.0000 ,  0.0000 ,
  0.0000 ,  0.0000 ,  0.0000 ,  0.0000 ,  0.0000 ,  0.0000 ,
  0.0000 ,  0.0000 ,  0.0000 ,  0.0000 ,  0.0000 ,  0.0000 ,
  0.0000 ,  0.0000 ,  0.0000 ,  0.0000 ,  0.0000 ,  0.0000 ,
  0.0000 ,  0.0000 ,  0.0000 ,  0.0000 ,  0.0000 ,  0.0000 ,
  0.0000 ,  0.0000 ,  0.0000 ,  0.0000 ,  0.0000 ,  0.0000 ,
  0.0000 ,  0.0000 ,  0.0000 ,  0.0000 ,  0.0000 ,  0.0000 ,
  0.0000 ,  0.0000 ,  0.0000 ,  0.0000 ,  0.0000 ,  0.0000 ,
  0.0000 ,  0.0000 ,  0.0000 ,  0.0000 ,  0.0000 ,  0.0000 ,
  0.0000 ,  0.0000 ,  0.0000 ,  0.0000 ,  0.0000 ,  0.0000 ,
  0.0000 ,  0.0000 ,  0.0000 ,  0.0000 ,  0.0000 ,  0.0000 ,
  0.0000 ,  0.0000 ,  0.0000 ,  0.0000 ,  0.0000 ,  0.0000 ,
  0.0000 ,  0.0000 ,  0.0000 ,  0.0000 ,  0.0000 ,  0.0000 ,
  0.0000 ,  0.0000 ,  0.0000 ,  0.0000 ,  0.0000 ,  0.0000 ,
  0.0000 ,  0.0000 ,  0.0000 ,  0.0000 ,  0.0000 ,  0.0000 ,
  0.0000 ,  0.0000 ,  0.0000 ,  0.0000 ,  0.0000 ,  0.0000 ,
  0.0000 ,  0.0000 ,  0.0000 ,  0.0000 ,  0.0000 ,  0.0000 ,
  0.0000 ,  0.0000 ,  0.0000 ,  0.0000 ,  0.0000 ,  0.0000 ,
  0.0000 ,  0.0000 ,  0.0000 ,  0.0000 ,  0.0000 ,  0.0000 ,
  0.0000 ,  0.0000 ,  0.0000 ,  0.0000 ,  0.0000 ,  0.0000 ,
  0.0000 ,  0.0000 ,  0.0000 ,  0.0000 ,  0.0000 ,  0.0000 ,
  0.0000 ,  0.0000 ,  0.0000 ,  0.0000 ,  0.0000 ,  0.0000 ,
  0.0000 ,  0.0000 ,  0.0000 ,  0.0000 ,  0.0000 ,  0.0000 ,
  0.0000 ,  0.0000 ,  0.0000 ,  0.0000 ,  0.0000 ,  0.0000 ,
  0.0000 ,  0.0000 ,  0.0000 ,  0.0000 ,  0.0000 ,  0.0000 ,
  0.0000 ,  0.0000 ,  0.0000 ,  0.0000 ,  0.0000 ,  0.0000 ,
  0.0000 ,  0.0000 ,  0.0000 ,  0.0000 ,  0.0000 ,  0.0000 ,
  0.0000 ,  0.0000 ,  0.0000 ,  0.0000 ,  0.0000 ,  0.0000 ,
  0.0000 ,  0.0000 ,  0.0000 ,  0.0000 ,  0.0000 ,  0.0000 ,
  0.0000 ,  0.0000 ,  0.0000 ,  0.0000 ,  0.0000 ,  0.0000 ,
  0.0000 ,  0.0000 ,  0.0000 ,  0.0000 ,  0.0000 ,  0.0000 ,
  0.0000 ,  0.0000 ,  0.0000 ,  0.0000 ,  0.0000 ,  0.0000 ,
  0.0000 ,  0.0000 ,  0.0000 ,  0.0000 ,  0.0000 ,  0.0000 ,
  0.0000 ,  0.0000 ,  0.0000 ,  0.0000 ,  0.0000 ,  0.0000 ,
  0.0000 ,  0.0000 ,  0.0000 ,  0.0000 ,  0.0000 ,  0.0000 ,
  0.0000 ,  0.0000 ,  0.0000 ,  0.0000 ,  0.0000 ,  0.0000 ,
  0.0000 ,  0.0000 ,  0.0000 ,  0.0000 ,  0.0000 ,  0.0000 ,
  0.0000 ,  0.0000 ,  0.0000 ,  0.0000 ,  0.0000 ,  0.0000 ,
  0.0000 ,  0.0000 ,  0.0000 ,  0.0000 ,  0.0000 ,  0.0000 ,
  0.0000 ,  0.0000 ,  0.0000 ,  0.0000 ,  0.0000 ,  0.0000 ,
  0.0000 ,  0.0000 ,  0.0000 ,  0.0000 ,  0.0000 ,  0.0000 ,
  0.0000 ,  0.0000 ,  0.0000 ,  0.0000 ,  0.0000 ,  0.0000 ,
  0.0000 ,  0.0000 ,  0.0000 ,  0.0000 ,  0.0000 ,  0.0000 ,
  0.0000 ,  0.0000 ,  0.0000 ,  0.0000 ,  0.0000 ,  0.0000 ,
  0.0000 ,  0.0000 ,  0.0000 ,  0.0000 ,  0.0000 ,  0.0000 ,
  0.0000 ,  0.0000 ,  0.0000 ,  0.0000 ,  0.0000 ,  0.0000 ,
  0.0000 ,  0.0000 ,  0.0000 ,  0.0000 ,  0.0000 ,  0.0000 ,
  0.0000 ,  0.0000 ,  0.0000 ,  0.0000 ,  0.0000 ,  0.0000 ,
  0.0000 ,  0.0000 ,  0.0000 ,  0.0000 ,  0.0000 ,  0.0000 ,
  0.0000 ,  0.0000 ,  0.0000 ,  0.0000 ,  0.0000 ,  0.0000 ,
  0.0000 ,  0.0000 ,  0.0000 ,  0.0000 ,  0.0000 ,  0.0000 ,
  0.0000 ,  0.0000 ,  0.0000 ,  0.0000 ,  0.0000 ,  0.0000 ,
  0.0000 ,  0.0000 ,  0.0000 ,  0.0000 ,  0.0000 ,  0.0000 ,
  0.0000 ,  0.0000 ,  0.0000 ,  0.0000 ,  0.0000 ,  0.0000 ,
  0.0000 ,  0.0000 ,  0.0000 ,  0.0000 ,  0.0000 ,  0.0000 ,
  0.0000 ,  0.0000 ,  0.0000 ,  0.0000 ,  0.0000 ,  0.0000 ,
  0.0000 ,  0.0000 ,  0.0000 ,  0.0000 ,  0.0000 ,  0.0000 ,
  0.0000 ,  0.0000 ,  0.0000 ,  0.0000 ,  0.0000 ,  0.0000 ,
  0.0000 ,  0.0000 ,  0.0000 ,  0.0000 ,  0.0000 ,  0.0000 ,
  0.0000 ,  0.0000 ,  0.0000 ,  0.0000 ,  0.0000 ,  0.0000 ,
  0.0000 ,  0.0000 ,  0.0000 ,  0.0000 ,  0.0000 ,  0.0000 ,
  0.0000 ,  0.0000 ,  0.0000 ,  0.0000 ,  0.0000 ,  0.0000 ,
  0.0000 ,  0.0000 ,  0.0000 ,  0.0000 ,  0.0000 ,  0.0000 ,
  0.0000 ,  0.0000 ,  0.0000 ,  0.0000 ,  0.0000 ,  0.0000 ,
  0.0000 ,  0.0000 ,  0.0000 ,  0.0000 ,  0.0000 ,  0.0000 ,
  0.0000 ,  0.0000 ,  0.0000 ,  0.0000 ,  0.0000 ,  0.0000 ,
  0.0000 ,  0.0000 ,  0.0000 ,  0.0000 ,  0.0000 ,  0.0000 ,
  0.0000 ,  0.0000 ,  0.0000 ,  0.0000 ,  0.0000 ,  0.0000 ,
  0.0000 ,  0.0000 ,  0.0000 ,  0.0000 ,  0.0000 ,  0.0000 ,
  0.0000 ,  0.0000 ,  0.0000 ,  0.0000 ,  0.0000 ,  0.0000 ,
  0.0000 ,  0.0000 ,  0.0000 ,  0.0000 ,  0.0000 ,  0.0000 ,
  0.0000 ,  0.0000 ,  0.0000 ,  0.0000 ,  0.0000 ,  0.0000 ,
  0.0000 ,  0.0000 ,  0.0000 ,  0.0000 ,  0.0000 ,  0.0000 ,
  0.0000 ,  0.0000 ,  0.0000 ,  0.0000 ,  0.0000 ,  0.0000 ,
  0.0000 ,  0.0000 ,  0.0000 ,  0.0000 ,  0.0000 ,  0.0000 ,
  0.0000 ,  0.0000 ,  0.0000 ,  0.0000 ,  0.0000 ,  0.0000 ,
  0.0000 ,  0.0000 ,  0.0000 ,  0.0000 ,  0.0000 ,  0.0000 ,
  0.0000 ,  0.0000 ,  0.0000 ,  0.0000 ,  0.0000 ,  0.0000 ,
  0.0000 ,  0.0000 ,  0.0000 ,  0.0000 ,  0.0000 ,  0.0000 ,
  0.0000 ,  0.0000 ,  0.0000 ,  0.0000 ,  0.0000 ,  0.0000 ,
  0.0000 ,  0.0000 ,  0.0000 ,  0.0000 ,  0.0000 ,  0.0000 ,
  0.0000 ,  0.0000 ,  0.0000 ,  0.0000 ,  0.0000 ,  0.0000 ,
  0.0000 ,  0.0000 ,  0.0000 ,  0.0000 ,  0.0000 ,  0.0000 ,
  0.0000 ,  0.0000 ,  0.0000 ,  0.0000 ,  0.0000 ,  0.0000 ,
  0.0000 ,  0.0000 ,  0.0000 ,  0.0000 ,  0.0000 ,  0.0000 ,
  0.0000 ,  0.0000 ,  0.0000 ,  0.0000 ,  0.0000 ,  0.0000 ,
  0.0000 ,  0.0000 ,  0.0000 ,  0.0000 ,  0.0000 ,  0.0000 ,
  0.0000 ,  0.0000 ,  0.0000 ,  0.0000 ,  0.0000 ,  0.0000 ,
  0.0000 ,  0.0000 ,  0.0000 ,  0.0000 ,  0.0000 ,  0.0000 ,
  0.0000 ,  0.0000 ,  0.0000 ,  0.0000 ,  0.0000 ,  0.0000 ,
  0.0000 ,  0.0000 ,  0.0000 ,  0.0000 ,  0.0000 ,  0.0000 ,
  0.0000 ,  0.0000 ,  0.0000 ,  0.0000 ,  0.0000 ,  0.0000 ,
  0.0000 ,  0.0000 ,  0.0000 ,  0.0000 ,  0.0000 ,  0.0000 ,
  0.0000 ,  0.0000 ,  0.0000 ,  0.0000 ,  0.0000 ,  0.0000 ,
  0.0000 ,  0.0000 ,  0.0000 ,  0.0000 ,  0.0000 ,  0.0000 ,
  0.0000 ,  0.0000 ,  0.0000 ,  0.0000 ,  0.0000 ,  0.0000 ,
  0.0000 ,  0.0000 ,  0.0000 ,  0.0000 ,  0.0000 ,  0.0000 ,
  0.0000 ,  0.0000 ,  0.0000 ,  0.0000 ,  0.0000 ,  0.0000 ,
  0.0000 ,  0.0000 ,  0.0000 ,  0.0000 ,  0.0000 ,  0.0000 ,
  0.0000 ,  0.0000 ,  0.0000 ,  0.0000 ,  0.0000 ,  0.0000 ,
  0.0000 ,  0.0000 ,  0.0000 ,  0.0000 ,  0.0000 ,  0.0000 ,
  0.0000 ,  0.0000 ,  0.0000 ,  0.0000 ,  0.0000 ,  0.0000 ,
  0.0000 ,  0.0000 ,  0.0000 ,  0.0000 ,  0.0000 ,  0.0000 ,
  0.0000 ,  0.0000 ,  0.0000 ,  0.0000 ,  0.0000 ,  0.0000 ,
  0.0000 ,  0.0000 ,  0.0000 ,  0.0000 ,  0.0000 ,  0.0000 ,
  0.0000 ,  0.0000 ,  0.0000 ,  0.0000 ,  0.0000 ,  0.0000 ,
  0.0000 ,  0.0000 ,  0.0000 ,  0.0000 ,  0.0000 ,  0.0000 ,
  0.0000 ,  0.0000 ,  0.0000 ,  0.0000 ,  0.0000 ,  0.0000 ,
  0.0000 ,  0.0000 ,  0.0000 ,  0.0000 ,  0.0000 ,  0.0000 ,
  0.0000 ,  0.0000 ,  0.0000 ,  0.0000 ,  0.0000 ,  0.0000 ,
  0.0000 ,  0.0000 ,  0.0000 ,  0.0000 ,  0.0000 ,  0.0000 ,
  0.0000 ,  0.0000 ,  0.0000 ,  0.0000 ,  0.0000 ,  0.0000 ,
  0.0000 ,  0.0000 ,  0.0000 ,  0.0000 ,  0.0000 ,  0.0000 ,
  0.0000 ,  0.0000 ,  0.0000 ,  0.0000 ,  0.0000 ,  0.0000 ,
  0.0000 ,  0.0000 ,  0.0000 ,  0.0000 ,  0.0000 ,  0.0000 ,
  0.0000 ,  0.0000 ,  0.0000 ,  0.0000 ,  0.0000 ,  0.0000 ,
  0.0000 ,  0.0000 ,  0.0000 ,  0.0000 ,  0.0000 ,  0.0000 ,
  0.0000 ,  0.0000 ,  0.0000 ,  0.0000 ,  0.0000 ,  0.0000 ,
  0.0000 ,  0.0000 ,  0.0000 ,  0.0000 ,  0.0000 ,  0.0000 ,
  0.0000 ,  0.0000 ,  0.0000 ,  0.0000 ,  0.0000 ,  0.0000 ,
  0.0000 ,  0.0000 ,  0.0000 ,  0.0000 ,  0.0000 ,  0.0000 ,
  0.0000 ,  0.0000 ,  0.0000 ,  0.0000 ,  0.0000 ,  0.0000 ,
  0.0000 ,  0.0000 ,  0.0000 ,  0.0000 ,  0.0000 ,  0.0000 ,
  0.0000 ,  0.0000 ,  0.0000 ,  0.0000 ,  0.0000 ,  0.0000 ,
  0.0000 ,  0.0000 ,  0.0000 ,  0.0000 ,  0.0000 ,  0.0000 ,
  0.0000 ,  0.0000 ,  0.0000 ,  0.0000 ,  0.0000 ,  0.0000 ,
  0.0000 ,  0.0000 ,  0.0000 ,  0.0000 ,  0.0000 ,  0.0000 ,
  0.0000 ,  0.0000 ,  0.0000 ,  0.0000 ,  0.0000 ,  0.0000 ,
  0.0000 ,  0.0000 ,  0.0000 ,  0.0000 ,  0.0000 ,  0.0000 ,
  0.0000 ,  0.0000 ,  0.0000 ,  0.0000 ,  0.0000 ,  0.0000 ,
  0.0000 ,  0.0000 ,  0.0000 ,  0.0000 ,  0.0000 ,  0.0000 ,
  0.0000 ,  0.0000 ,  0.0000 ,  0.0000 ,  0.0000 ,  0.0000 ,
  0.0000 ,  0.0000 ,  0.0000 ,  0.0000 ,  0.0000 ,  0.0000 ,
  0.0000 ,  0.0000 ,  0.0000 ,  0.0000 ,  0.0000 ,  0.0000 ,
  0.0000 ,  0.0000 ,  0.0000 ,  0.0000 ,  0.0000 ,  0.0000 ,
  0.0000 ,  0.0000 ,  0.0000 ,  0.0000 ,  0.0000 ,  0.0000 ,
  0.0000 ,  0.0000 ,  0.0000 ,  0.0000 ,  0.0000 ,  0.0000 ,
  0.0000 ,  0.0000 ,  0.0000 ,  0.0000 ,  0.0000 ,  0.0000 ,
  0.0000 ,  0.0000 ,  0.0000 ,  0.0000 ,  0.0000 ,  0.0000 ,
  0.0000 ,  0.0000 ,  0.0000 ,  0.0000 ,  0.0000 ,  0.0000 ,
  0.0000 ,  0.0000 ,  0.0000 ,  0.0000 ,  0.0000 ,  0.0000 ,
  0.0000 ,  0.0000 ,  0.0000 ,  0.0000 ,  0.0000 ,  0.0000 ,
  0.0000 ,  0.0000 ,  0.0000 ,  0.0000 ,  0.0000 ,  0.0000 ,
  0.0000 ,  0.0000 ,  0.0000 ,  0.0000 ,  0.0000 ,  0.0000 ,
  0.0000 ,  0.0000 ,  0.0000 ,  0.0000 ,  0.0000 ,  0.0000 ,
  0.0000 ,  0.0000 ,  0.0000 ,  0.0000 ,  0.0000 ,  0.0000 ,
  0.0000 ,  0.0000 ,  0.0000 ,  0.0000 ,  0.0000 ,  0.0000 ,
  0.0000 ,  0.0000 ,  0.0000 ,  0.0000 ,  0.0000 ,  0.0000 ,
  0.0000 ,  0.0000 ,  0.0000 ,  0.0000 ,  0.0000 ,  0.0000 ,
  0.0000 ,  0.0000 ,  0.0000 ,  0.0000 ,  0.0000 ,  0.0000 ,
  0.0000 ,  0.0000 ,  0.0000 ,  0.0000 ,  0.0000 ,  0.0000 ,
  0.0000 ,  0.0000 ,  0.0000 ,  0.0000 ,  0.0000 ,  0.0000 ,
  0.0000 ,  0.0000 ,  0.0000 ,  0.0000 ,  0.0000 ,  0.0000 ,
  0.0000 ,  0.0000 ,  0.0000 ,  0.0000 ,  0.0000 ,  0.0000 ,
  0.0000 ,  0.0000 ,  0.0000 ,  0.0000 ,  0.0000 ,  0.0000 ,
  0.0000 ,  0.0000 ,  0.0000 ,  0.0000 ,  0.0000 ,  0.0000 ,
  0.0000 ,  0.0000 ,  0.0000 ,  0.0000 ,  0.0000 ,  0.0000 ,
  0.0000 ,  0.0000 ,  0.0000 ,  0.0000 ,  0.0000 ,  0.0000 ,
  0.0000 ,  0.0000 ,  0.0000 ,  0.0000 ,  0.0000 ,  0.0000 ,
  0.0000 ,  0.0000 ,  0.0000 ,  0.0000 ,  0.0000 ,  0.0000 ,
  0.0000 ,  0.0000 ,  0.0000 ,  0.0000 ,  0.0000 ,  0.0000 ,
  0.0000 ,  0.0000 ,  0.0000 ,  0.0000 ,  0.0000 ,  0.0000 ,
  0.0000 ,  0.0000 ,  0.0000 ,  0.0000 ,  0.0000 ,  0.0000 ,
  0.0000 ,  0.0000 ,  0.0000 ,  0.0000 ,  0.0000 ,  0.0000 ,
  0.0000 ,  0.0000 ,  0.0000 ,  0.0000 ,  0.0000 ,  0.0000 ,
  0.0000 ,  0.0000 ,  0.0000 ,  0.0000 ,  0.0000 ,  0.0000 ,
  0.0000 ,  0.0000 ,  0.0000 ,  0.0000 ,  0.0000 ,  0.0000 ,
  0.0000 ,  0.0000 ,  0.0000 ,  0.0000 ,  0.0000 ,  0.0000 ,
  0.0000 ,  0.0000 ,  0.0000 ,  0.0000 ,  0.0000 ,  0.0000 ,
  0.0000 ,  0.0000 ,  0.0000 ,  0.0000 ,  0.0000 ,  0.0000 ,
  0.0000 ,  0.0000 ,  0.0000 ,  0.0000 ,  0.0000 ,  0.0000 ,
  0.0000 ,  0.0000 ,  0.0000 ,  0.0000 ,  0.0000 ,  0.0000 ,
  0.0000 ,  0.0000 ,  0.0000 ,  0.0000 ,  0.0000 ,  0.0000 ,
  0.0000 ,  0.0000 ,  0.0000 ,  0.0000 ,  0.0000 ,  0.0000 ,
  0.0000 ,  0.0000 ,  0.0000 ,  0.0000 ,  0.0000 ,  0.0000 ,
  0.0000 ,  0.0000 ,  0.0000 ,  0.0000 ,  0.0000 ,  0.0000 ,
  0.0000 ,  0.0000 ,  0.0000 ,  0.0000 ,  0.0000 ,  0.0000 ,
  0.0000 ,  0.0000 ,  0.0000 ,  0.0000 ,  0.0000 ,  0.0000 ,
  0.0000 ,  0.0000 ,  0.0000 ,  0.0000 ,  0.0000 ,  0.0000 ,
  0.0000 ,  0.0000 ,  0.0000 ,  0.0000 ,  0.0000 ,  0.0000 ,
  0.0000 ,  0.0000 ,  0.0000 ,  0.0000 ,  0.0000 ,  0.0000 ,
  0.0000 ,  0.0000 ,  0.0000 ,  0.0000 ,  0.0000 ,  0.0000 ,
  0.0000 ,  0.0000 ,  0.0000 ,  0.0000 ,  0.0000 ,  0.0000 ,
  0.0000 ,  0.0000 ,  0.0000 ,  0.0000 ,  0.0000 ,  0.0000 ,
  0.0000 ,  0.0000 ,  0.0000 ,  0.0000 ,  0.0000 ,  0.0000 ,
  0.0000 ,  0.0000 ,  0.0000 ,  0.0000 ,  0.0000 ,  0.0000 ,
  0.0000 ,  0.0000 ,  0.0000 ,  0.0000 ,  0.0000 ,  0.0000 ,
  0.0000 ,  0.0000 ,  0.0000 ,  0.0000 ,  0.0000 ,  0.0000 ,
  0.0000 ,  0.0000 ,  0.0000 ,  0.0000 ,  0.0000 ,  0.0000 ,
  0.0000 ,  0.0000 ,  0.0000 ,  0.0000 ,  0.0000 ,  0.0000 ,
  0.0000 ,  0.0000 ,  0.0000 ,  0.0000 ,  0.0000 ,  0.0000 ,
  0.0000 ,  0.0000 ,  0.0000 ,  0.0000 ,  0.0000 ,  0.0000 ,
  0.0000 ,  0.0000 ,  0.0000 ,  0.0000 ,  0.0000 ,  0.0000 ,
  0.0000 ,  0.0000 ,  0.0000 ,  0.0000 ,  0.0000 ,  0.0000 ,
  0.0000 ,  0.0000 ,  0.0000 ,  0.0000 ,  0.0000 ,  0.0000 ,
  0.0000 ,  0.0000 ,  0.0000 ,  0.0000 ,  0.0000 ,  0.0000 ,
  0.0000 ,  0.0000 ,  0.0000 ,  0.0000 ,  0.0000 ,  0.0000 ,
  0.0000 ,  0.0000 ,  0.0000 ,  0.0000 ,  0.0000 ,  0.0000 ,
  0.0000 ,  0.0000 ,  0.0000 ,  0.0000 ,  0.0000 ,  0.0000 ,
  0.0000 ,  0.0000 ,  0.0000 ,  0.0000 ,  0.0000 ,  0.0000 ,
  0.0000 ,  0.0000 ,  0.0000 ,  0.0000 ,  0.0000 ,  0.0000 ,
  0.0000 ,  0.0000 ,  0.0000 ,  0.0000 ,  0.0000 ,  0.0000 ,
  0.0000 ,  0.0000 ,  0.0000 ,  0.0000 ,  0.0000 ,  0.0000 ,
  0.0000 ,  0.0000 ,  0.0000 ,  0.0000 ,  0.0000 ,  0.0000 ,
  0.0000 ,  0.0000 ,  0.0000 ,  0.0000 ,  0.0000 ,  0.0000 ,
  0.0000 ,  0.0000 ,  0.0000 ,  0.0000 ,  0.0000 ,  0.0000 ,
  0.0000 ,  0.0000 ,  0.0000 ,  0.0000 ,  0.0000 ,  0.0000 ,
  0.0000 ,  0.0000 ,  0.0000 ,  0.0000 ,  0.0000 ,  0.0000 ,
  0.0000 ,  0.0000 ,  0.0000 ,  0.0000 ,  0.0000 ,  0.0000 ,
  0.0000 ,  0.0000 ,  0.0000 ,  0.0000 ,  0.0000 ,  0.0000 ,
  0.0000 ,  0.0000 ,  0.0000 ,  0.0000 ,  0.0000 ,  0.0000 ,
  0.0000 ,  0.0000 ,  0.0000 ,  0.0000 ,  0.0000 ,  0.0000 ,
  0.0000 ,  0.0000 ,  0.0000 ,  0.0000 ,  0.0000 ,  0.0000 ,
  0.0000 ,  0.0000 ,  0.0000 ,  0.0000 ,  0.0000 ,  0.0000 ,
  0.0000 ,  0.0000 ,  0.0000 ,  0.0000 ,  0.0000 ,  0.0000 ,
  0.0000 ,  0.0000 ,  0.0000 ,  0.0000 ,  0.0000 ,  0.0000 ,
  0.0000 ,  0.0000 ,  0.0000 ,  0.0000 ,  0.0000 ,  0.0000 ,
  0.0000 ,  0.0000 ,  0.0000 ,  0.0000 ,  0.0000 ,  0.0000 ,
  0.0000 ,  0.0000 ,  0.0000 ,  0.0000 ,  0.0000 ,  0.0000 ,
  0.0000 ,  0.0000 ,  0.0000 ,  0.0000 ,  0.0000 ,  0.0000 ,
  0.0000 ,  0.0000 ,  0.0000 ,  0.0000 ,  0.0000 ,  0.0000 ,
  0.0000 ,  0.0000 ,  0.0000 ,  0.0000 ,  0.0000 ,  0.0000 ,
  0.0000 ,  0.0000 ,  0.0000 ,  0.0000 ,  0.0000 ,  0.0000 ,
  0.0000 ,  0.0000 ,  0.0000 ,  0.0000 ,  0.0000 ,  0.0000 ,
  0.0000 ,  0.0000 ,  0.0000 ,  0.0000 ,  0.0000 ,  0.0000 ,
  0.0000 ,  0.0000 ,  0.0000 ,  0.0000 ,  0.0000 ,  0.0000 ,
  0.0000 ,  0.0000 ,  0.0000 ,  0.0000 ,  0.0000 ,  0.0000 ,
  0.0000 ,  0.0000 ,  0.0000 ,  0.0000 ,  0.0000 ,  0.0000 ,
  0.0000 ,  0.0000 ,  0.0000 ,  0.0000 ,  0.0000 ,  0.0000 ,
  0.0000 ,  0.0000 ,  0.0000 ,  0.0000 ,  0.0000 ,  0.0000 ,
  0.0000 ,  0.0000 ,  0.0000 ,  0.0000 ,  0.0000 ,  0.0000 ,
  0.0000 ,  0.0000 ,  0.0000 ,  0.0000 ,  0.0000 ,  0.0000 ,
  0.0000 ,  0.0000 ,  0.0000 ,  0.0000 ,  0.0000 ,  0.0000 ,
  0.0000 ,  0.0000 ,  0.0000 ,  0.0000 ,  0.0000 ,  0.0000 ,
  0.0000 ,  0.0000 ,  0.0000 ,  0.0000 ,  0.0000 ,  0.0000 ,
  0.0000 ,  0.0000 ,  0.0000 ,  0.0000 ,  0.0000 ,  0.0000 ,
  0.0000 ,  0.0000 ,  0.0000 ,  0.0000 ,  0.0000 ,  0.0000 ,
  0.0000 ,  0.0000 ,  0.0000 ,  0.0000 ,  0.0000 ,  0.0000 ,
  0.0000 ,  0.0000 ,  0.0000 ,  0.0000 ,  0.0000 ,  0.0000 ,
  0.0000 ,  0.0000 ,  0.0000 ,  0.0000 ,  0.0000 ,  0.0000 ,
  0.0000 ,  0.0000 ,  0.0000 ,  0.0000 ,  0.0000 ,  0.0000 ,
  0.0000 ,  0.0000 ,  0.0000 ,  0.0000 ,  0.0000 ,  0.0000 ,
  0.0000 ,  0.0000 ,  0.0000 ,  0.0000 ,  0.0000 ,  0.0000 ,
  0.0000 ,  0.0000 ,  0.0000 ,  0.0000 ,  0.0000 ,  0.0000 ,
  0.0000 ,  0.0000 ,  0.0000 ,  0.0000 ,  0.0000 ,  0.0000 ,
  0.0000 ,  0.0000 ,  0.0000 ,  0.0000 ,  0.0000 ,  0.0000 ,
  0.0000 ,  0.0000 ,  0.0000 ,  0.0000 ,  0.0000 ,  0.0000 ,
  0.0000 ,  0.0000 ,  0.0000 ,  0.0000 ,  0.0000 ,  0.0000 ,
  0.0000 ,  0.0000 ,  0.0000 ,  0.0000 ,  0.0000 ,  0.0000 ,
  0.0000 ,  0.0000 ,  0.0000 ,  0.0000 ,  0.0000 ,  0.0000 ,
  0.0000 ,  0.0000 ,  0.0000 ,  0.0000 ,  0.0000 ,  0.0000 ,
  0.0000 ,  0.0000 ,  0.0000 ,  0.0000 ,  0.0000 ,  0.0000 ,
  0.0000 ,  0.0000 ,  0.0000 ,  0.0000 ,  0.0000 ,  0.0000 ,
  0.0000 ,  0.0000 ,  0.0000 ,  0.0000 ,  0.0000 ,  0.0000 ,
  0.0000 ,  0.0000 ,  0.0000 ,  0.0000 ,  0.0000 ,  0.0000 ,
  0.0000 ,  0.0000 ,  0.0000 ,  0.0000 ,  0.0000 ,  0.0000 ,
  0.0000 ,  0.0000 ,  0.0000 ,  0.0000 ,  0.0000 ,  0.0000 ,
  0.0000 ,  0.0000 ,  0.0000 ,  0.0000 ,  0.0000 ,  0.0000 ,
  0.0000 ,  0.0000 ,  0.0000 ,  0.0000 ,  0.0000 ,  0.0000 ,
  0.0000 ,  0.0000 ,  0.0000 ,  0.0000 ,  0.0000 ,  0.0000 ,
  0.0000 ,  0.0000 ,  0.0000 ,  0.0000 ,  0.0000 ,  0.0000 ,
  0.0000 ,  0.0000 ,  0.0000 ,  0.0000 ,  0.0000 ,  0.0000 ,
  0.0000 ,  0.0000 ,  0.0000 ,  0.0000 ,  0.0000 ,  0.0000 ,
  0.0000 ,  0.0000 ,  0.0000 ,  0.0000 ,  0.0000 ,  0.0000 ,
  0.0000 ,  0.0000 ,  0.0000 ,  0.0000 ,  0.0000 ,  0.0000 ,
  0.0000 ,  0.0000 ,  0.0000 ,  0.0000 ,  0.0000 ,  0.0000 ,
  0.0000 ,  0.0000 ,  0.0000 ,  0.0000 ,  0.0000 ,  0.0000 ,
  0.0000 ,  0.0000 ,  0.0000 ,  0.0000 ,  0.0000 ,  0.0000 ,
  0.0000 ,  0.0000 ,  0.0000 ,  0.0000 ,  0.0000 ,  0.0000 ,
  0.0000 ,  0.0000 ,  0.0000 ,  0.0000 ,  0.0000 ,  0.0000 ,
  0.0000 ,  0.0000 ,  0.0000 ,  0.0000 ,  0.0000 ,  0.0000 ,
  0.0000 ,  0.0000 ,  0.0000 ,  0.0000 ,  0.0000 ,  0.0000 ,
  0.0000 ,  0.0000 ,  0.0000 ,  0.0000 ,  0.0000 ,  0.0000 ,
  0.0000 ,  0.0000 ,  0.0000 ,  0.0000 ,  0.0000 ,  0.0000 ,
  0.0000 ,  0.0000 ,  0.0000 ,  0.0000 ,  0.0000 ,  0.0000 ,
  0.0000 ,  0.0000 ,  0.0000 ,  0.0000 ,  0.0000 ,  0.0000 ,
  0.0000 ,  0.0000 ,  0.0000 ,  0.0000 ,  0.0000 ,  0.0000 ,
  0.0000 ,  0.0000 ,  0.0000 ,  0.0000 ,  0.0000 ,  0.0000 ,
  0.0000 ,  0.0000 ,  0.0000 ,  0.0000 ,  0.0000 ,  0.0000 ,
  0.0000 ,  0.0000 ,  0.0000 ,  0.0000 ,  0.0000 ,  0.0000 ,
  0.0000 ,  0.0000 ,  0.0000 ,  0.0000 ,  0.0000 ,  0.0000 ,
  0.0000 ,  0.0000 ,  0.0000 ,  0.0000 ,  0.0000 ,  0.0000 ,
  0.0000 ,  0.0000 ,  0.0000 ,  0.0000 ,  0.0000 ,  0.0000 ,
  0.0000 ,  0.0000 ,  0.0000 ,  0.0000 ,  0.0000 ,  0.0000 ,
  0.0000 ,  0.0000 ,  0.0000 ,  0.0000 ,  0.0000 ,  0.0000 ,
  0.0000 ,  0.0000 ,  0.0000 ,  0.0000 ,  0.0000 ,  0.0000 ,
  0.0000 ,  0.0000 ,  0.0000 ,  0.0000 ,  0.0000 ,  0.0000 ,
  0.0000 ,  0.0000 ,  0.0000 ,  0.0000 ,  0.0000 ,  0.0000 ,
  0.0000 ,  0.0000 ,  0.0000 ,  0.0000 ,  0.0000 ,  0.0000 ,
  0.0000 ,  0.0000 ,  0.0000 ,  0.0000 ,  0.0000 ,  0.0000 ,
  0.0000 ,  0.0000 ,  0.0000 ,  0.0000 ,  0.0000 ,  0.0000 ,
  0.0000 ,  0.0000 ,  0.0000 ,  0.0000 ,  0.0000 ,  0.0000 ,
  0.0000 ,  0.0000 ,  0.0000 ,  0.0000 ,  0.0000 ,  0.0000 ,
  0.0000 ,  0.0000 ,  0.0000 ,  0.0000 ,  0.0000 ,  0.0000 ,
  0.0000 ,  0.0000 ,  0.0000 ,  0.0000 ,  0.0000 ,  0.0000 ,
  0.0000 ,  0.0000 ,  0.0000 ,  0.0000 ,  0.0000 ,  0.0000 ,
  0.0000 ,  0.0000 ,  0.0000 ,  0.0000 ,  0.0000 ,  0.0000 ,
  0.0000 ,  0.0000 ,  0.0000 ,  0.0000 ,  0.0000 ,  0.0000 ,
  0.0000 ,  0.0000 ,  0.0000 ,  0.0000 ,  0.0000 ,  0.0000 ,
  0.0000 ,  0.0000 ,  0.0000 ,  0.0000 ,  0.0000 ,  0.0000 ,
  0.0000 ,  0.0000 ,  0.0000 ,  0.0000 ,  0.0000 ,  0.0000 ,
  0.0000 ,  0.0000 ,  0.0000 ,  0.0000 ,  0.0000 ,  0.0000 ,
  0.0000 ,  0.0000 ,  0.0000 ,  0.0000 ,  0.0000 ,  0.0000 ,
  0.0000 ,  0.0000 ,  0.0000 ,  0.0000 ,  0.0000 ,  0.0000 ,
  0.0000 ,  0.0000 ,  0.0000 ,  0.0000 ,  0.0000 ,  0.0000 ,
  0.0000 ,  0.0000 ,  0.0000 ,  0.0000 ,  0.0000 ,  0.0000 ,
  0.0000 ,  0.0000 ,  0.0000 ,  0.0000 ,  0.0000 ,  0.0000 ,
  0.0000 ,  0.0000 ,  0.0000 ,  0.0000 ,  0.0000 ,  0.0000 ,
  0.0000 ,  0.0000 ,  0.0000 ,  0.0000 ,  0.0000 ,  0.0000 ,
  0.0000 ,  0.0000 ,  0.0000 ,  0.0000 ,  0.0000 ,  0.0000 ,
  0.0000 ,  0.0000 ,  0.0000 ,  0.0000 ,  0.0000 ,  0.0000 ,
  0.0000 ,  0.0000 ,  0.0000 ,  0.0000 ,  0.0000 ,  0.0000 ,
  0.0000 ,  0.0000 ,  0.0000 ,  0.0000 ,  0.0000 ,  0.0000 ,
  0.0000 ,  0.0000 ,  0.0000 ,  0.0000 ,  0.0000 ,  0.0000 ,
  0.0000 ,  0.0000 ,  0.0000 ,  0.0000 ,  0.0000 ,  0.0000 ,
  0.0000 ,  0.0000 ,  0.0000 ,  0.0000 ,  0.0000 ,  0.0000 ,
  0.0000 ,  0.0000 ,  0.0000 ,  0.0000 ,  0.0000 ,  0.0000 ,
  0.0000 ,  0.0000 ,  0.0000 ,  0.0000 ,  0.0000 ,  0.0000 ,
  0.0000 ,  0.0000 ,  0.0000 ,  0.0000 ,  0.0000 ,  0.0000 ,
  0.0000 ,  0.0000 ,  0.0000 ,  0.0000 ,  0.0000 ,  0.0000 ,
  0.0000 ,  0.0000 ,  0.0000 ,  0.0000 ,  0.0000 ,  0.0000 ,
  0.0000 ,  0.0000 ,  0.0000 ,  0.0000 ,  0.0000 ,  0.0000 ,
  0.0000 ,  0.0000 ,  0.0000 ,  0.0000 ,  0.0000 ,  0.0000 ,
  0.0000 ,  0.0000 ,  0.0000 ,  0.0000 ,  0.0000 ,  0.0000 ,
  0.0000 ,  0.0000 ,  0.0000 ,  0.0000 ,  0.0000 ,  0.0000 ,
  0.0000 ,  0.0000 ,  0.0000 ,  0.0000 ,  0.0000 ,  0.0000 ,
  0.0000 ,  0.0000 ,  0.0000 ,  0.0000 ,  0.0000 ,  0.0000 ,
  0.0000 ,  0.0000 ,  0.0000 ,  0.0000 ,  0.0000 ,  0.0000 ,
  0.0000 ,  0.0000 ,  0.0000 ,  0.0000 ,  0.0000 ,  0.0000 ,
  0.0000 ,  0.0000 ,  0.0000 ,  0.0000 ,  0.0000 ,  0.0000 ,
  0.0000 ,  0.0000 ,  0.0000 ,  0.0000 ,  0.0000 ,  0.0000 ,
  0.0000 ,  0.0000 ,  0.0000 ,  0.0000 ,  0.0000 ,  0.0000 ,
  0.0000 ,  0.0000 ,  0.0000 ,  0.0000 ,  0.0000 ,  0.0000 ,
  0.0000 ,  0.0000 ,  0.0000 ,  0.0000 ,  0.0000 ,  0.0000 ,
  0.0000 ,  0.0000 ,  0.0000 ,  0.0000 ,  0.0000 ,  0.0000 ,
  0.0000 ,  0.0000 ,  0.0000 ,  0.0000 ,  0.0000 ,  0.0000 ,
  0.0000 ,  0.0000 ,  0.0000 ,  0.0000 ,  0.0000 ,  0.0000 ,
  0.0000 ,  0.0000 ,  0.0000 ,  0.0000 ,  0.0000 ,  0.0000 ,
  0.0000 ,  0.0000 ,  0.0000 ,  0.0000 ,  0.0000 ,  0.0000 ,
  0.0000 ,  0.0000 ,  0.0000 ,  0.0000 ,  0.0000 ,  0.0000 ,
  0.0000 ,  0.0000 ,  0.0000 ,  0.0000 ,  0.0000 ,  0.0000 ,
  0.0000 ,  0.0000 ,  0.0000 ,  0.0000 ,  0.0000 ,  0.0000 ,
  0.0000 ,  0.0000 ,  0.0000 ,  0.0000 ,  0.0000 ,  0.0000 ,
  0.0000 ,  0.0000 ,  0.0000 ,  0.0000 ,  0.0000 ,  0.0000 ,
  0.0000 ,  0.0000 ,  0.0000 ,  0.0000 ,  0.0000 ,  0.0000 ,
  0.0000 ,  0.0000 ,  0.0000 ,  0.0000 ,  0.0000 ,  0.0000 ,
  0.0000 ,  0.0000 ,  0.0000 ,  0.0000 ,  0.0000 ,  0.0000 ,
  0.0000 ,  0.0000 ,  0.0000 ,  0.0000 ,  0.0000 ,  0.0000 ,
  0.0000 ,  0.0000 ,  0.0000 ,  0.0000 ,  0.0000 ,  0.0000 ,
  0.0000 ,  0.0000 ,  0.0000 ,  0.0000 ,  0.0000 ,  0.0000 ,
  0.0000 ,  0.0000 ,  0.0000 ,  0.0000 ,  0.0000 ,  0.0000 ,
  0.0000 ,  0.0000 ,  0.0000 ,  0.0000 ,  0.0000 ,  0.0000 ,
  0.0000 ,  0.0000 ,  0.0000 ,  0.0000 ,  0.0000 ,  0.0000 ,
  0.0000 ,  0.0000 ,  0.0000 ,  0.0000 ,  0.0000 ,  0.0000 ,
  0.0000 ,  0.0000 ,  0.0000 ,  0.0000 ,  0.0000 ,  0.0000 ,
  0.0000 ,  0.0000 ,  0.0000 ,  0.0000 ,  0.0000 ,  0.0000 ,
  0.0000 ,  0.0000 ,  0.0000 ,  0.0000 ,  0.0000 ,  0.0000 ,
  0.0000 ,  0.0000 ,  0.0000 ,  0.0000 ,  0.0000 ,  0.0000 ,
  0.0000 ,  0.0000 ,  0.0000 ,  0.0000 ,  0.0000 ,  0.0000 ,
  0.0000 ,  0.0000 ,  0.0000 ,  0.0000 ,  0.0000 ,  0.0000 ,
  0.0000 ,  0.0000 ,  0.0000 ,  0.0000 ,  0.0000 ,  0.0000 ,
  0.0000 ,  0.0000 ,  0.0000 ,  0.0000 ,  0.0000 ,  0.0000 ,
  0.0000 ,  0.0000 ,  0.0000 ,  0.0000 ,  0.0000 ,  0.0000 ,
  0.0000 ,  0.0000 ,  0.0000 ,  0.0000 ,  0.0000 ,  0.0000 ,
  0.0000 ,  0.0000 ,  0.0000 ,  0.0000 ,  0.0000 ,  0.0000 ,
  0.0000 ,  0.0000 ,  0.0000 ,  0.0000 ,  0.0000 ,  0.0000 ,
  0.0000 ,  0.0000 ,  0.0000 ,  0.0000 ,  0.0000 ,  0.0000 ,
  0.0000 ,  0.0000 ,  0.0000 ,  0.0000 ,  0.0000 ,  0.0000 ,
  0.0000 ,  0.0000 ,  0.0000 ,  0.0000 ,  0.0000 ,  0.0000 ,
  0.0000 ,  0.0000 ,  0.0000 ,  0.0000 ,  0.0000 ,  0.0000 ,
  0.0000 ,  0.0000 ,  0.0000 ,  0.0000 ,  0.0000 ,  0.0000 ,
  0.0000 ,  0.0000 ,  0.0000 ,  0.0000 ,  0.0000 ,  0.0000 ,
  0.0000 ,  0.0000 ,  0.0000 ,  0.0000 ,  0.0000 ,  0.0000 ,
  0.0000 ,  0.0000 ,  0.0000 ,  0.0000 ,  0.0000 ,  0.0000 ,
  0.0000 ,  0.0000 ,  0.0000 ,  0.0000 ,  0.0000 ,  0.0000 ,
  0.0000 ,  0.0000 ,  0.0000 ,  0.0000 ,  0.0000 ,  0.0000 ,
  0.0000 ,  0.0000 ,  0.0000 ,  0.0000 ,  0.0000 ,  0.0000 ,
  0.0000 ,  0.0000 ,  0.0000 ,  0.0000 ,  0.0000 ,  0.0000 ,
  0.0000 ,  0.0000 ,  0.0000 ,  0.0000 ,  0.0000 ,  0.0000 ,
  0.0000 ,  0.0000 ,  0.0000 ,  0.0000 ,  0.0000 ,  0.0000 ,
  0.0000 ,  0.0000 ,  0.0000 ,  0.0000 ,  0.0000 ,  0.0000 ,
  0.0000 ,  0.0000 ,  0.0000 ,  0.0000 ,  0.0000 ,  0.0000 ,
  0.0000 ,  0.0000 ,  0.0000 ,  0.0000 ,  0.0000 ,  0.0000 ,
  0.0000 ,  0.0000 ,  0.0000 ,  0.0000 ,  0.0000 ,  0.0000 ,
  0.0000 ,  0.0000 ,  0.0000 ,  0.0000 ,  0.0000 ,  0.0000 ,
  0.0000 ,  0.0000 ,  0.0000 ,  0.0000 ,  0.0000 ,  0.0000 ,
  0.0000 ,  0.0000 ,  0.0000 ,  0.0000 ,  0.0000 ,  0.0000 ,
  0.0000 ,  0.0000 ,  0.0000 ,  0.0000 ,  0.0000 ,  0.0000 ,
  0.0000 ,  0.0000 ,  0.0000 ,  0.0000 ,  0.0000 ,  0.0000 ,
  0.0000 ,  0.0000 ,  0.0000 ,  0.0000 ,  0.0000 ,  0.0000 ,
  0.0000 ,  0.0000 ,  0.0000 ,  0.0000 ,  0.0000 ,  0.0000 ,
  0.0000 ,  0.0000 ,  0.0000 ,  0.0000 ,  0.0000 ,  0.0000 ,
  0.0000 ,  0.0000 ,  0.0000 ,  0.0000 ,  0.0000 ,  0.0000 ,
  0.0000 ,  0.0000 ,  0.0000 ,  0.0000 ,  0.0000 ,  0.0000 ,
  0.0000 ,  0.0000 ,  0.0000 ,  0.0000 ,  0.0000 ,  0.0000 ,
  0.0000 ,  0.0000 ,  0.0000 ,  0.0000 ,  0.0000 ,  0.0000 ,
  0.0000 ,  0.0000 ,  0.0000 ,  0.0000 ,  0.0000 ,  0.0000 ,
  0.0000 ,  0.0000 ,  0.0000 ,  0.0000 ,  0.0000 ,  0.0000 ,
  0.0000 ,  0.0000 ,  0.0000 ,  0.0000 ,  0.0000 ,  0.0000 ,
  0.0000 ,  0.0000 ,  0.0000 ,  0.0000 ,  0.0000 ,  0.0000 ,
  0.0000 ,  0.0000 ,  0.0000 ,  0.0000 ,  0.0000 ,  0.0000 ,
  0.0000 ,  0.0000 ,  0.0000 ,  0.0000 ,  0.0000 ,  0.0000 ,
  0.0000 ,  0.0000 ,  0.0000 ,  0.0000 ,  0.0000 ,  0.0000 ,
  0.0000 ,  0.0000 ,  0.0000 ,  0.0000 ,  0.0000 ,  0.0000 ,
  0.0000 ,  0.0000 ,  0.0000 ,  0.0000 ,  0.0000 ,  0.0000 ,
  0.0000 ,  0.0000 ,  0.0000 ,  0.0000 ,  0.0000 ,  0.0000 ,
  0.0000 ,  0.0000 ,  0.0000 ,  0.0000 ,  0.0000 ,  0.0000 ,
  0.0000 ,  0.0000 ,  0.0000 ,  0.0000 ,  0.0000 ,  0.0000 ,
  0.0000 ,  0.0000 ,  0.0000 ,  0.0000 ,  0.0000 ,  0.0000 ,
  0.0000 ,  0.0000 ,  0.0000 ,  0.0000 ,  0.0000 ,  0.0000 ,
  0.0000 ,  0.0000 ,  0.0000 ,  0.0000 ,  0.0000 ,  0.0000 ,
  0.0000 ,  0.0000 ,  0.0000 ,  0.0000 ,  0.0000 ,  0.0000 ,
  0.0000 ,  0.0000 ,  0.0000 ,  0.0000 ,  0.0000 ,  0.0000 ,
  0.0000 ,  0.0000 ,  0.0000 ,  0.0000 ,  0.0000 ,  0.0000 ,
  0.0000 ,  0.0000 ,  0.0000 ,  0.0000 ,  0.0000 ,  0.0000 ,
  0.0000 ,  0.0000 ,  0.0000 ,  0.0000 ,  0.0000 ,  0.0000 ,
  0.0000 ,  0.0000 ,  0.0000 ,  0.0000 ,  0.0000 ,  0.0000 ,
  0.0000 ,  0.0000 ,  0.0000 ,  0.0000 ,  0.0000 ,  0.0000 ,
  0.0000 ,  0.0000 ,  0.0000 ,  0.0000 ,  0.0000 ,  0.0000 ,
  0.0000 ,  0.0000 ,  0.0000 ,  0.0000 ,  0.0000 ,  0.0000 ,
  0.0000 ,  0.0000 ,  0.0000 ,  0.0000 ,  0.0000 ,  0.0000 ,
  0.0000 ,  0.0000 ,  0.0000 ,  0.0000 ,  0.0000 ,  0.0000 ,
  0.0000 ,  0.0000 ,  0.0000 ,  0.0000 ,  0.0000 ,  0.0000 ,
  0.0000 ,  0.0000 ,  0.0000 ,  0.0000 ,  0.0000 ,  0.0000 ,
  0.0000 ,  0.0000 ,  0.0000 ,  0.0000 ,  0.0000 ,  0.0000 ,
  0.0000 ,  0.0000 ,  0.0000 ,  0.0000 ,  0.0000 ,  0.0000 ,
  0.0000 ,  0.0000 ,  0.0000 ,  0.0000 ,  0.0000 ,  0.0000 ,
  0.0000 ,  0.0000 ,  0.0000 ,  0.0000 ,  0.0000 ,  0.0000 ,
  0.0000 ,  0.0000 ,  0.0000 ,  0.0000 ,  0.0000 ,  0.0000 ,
  0.0000 ,  0.0000 ,  0.0000 ,  0.0000 ,  0.0000 ,  0.0000 ,
  0.0000 ,  0.0000 ,  0.0000 ,  0.0000 ,  0.0000 ,  0.0000 ,
  0.0000 ,  0.0000 ,  0.0000 ,  0.0000 ,  0.0000 ,  0.0000 ,
  0.0000 ,  0.0000 ,  0.0000 ,  0.0000 ,  0.0000 ,  0.0000 ,
  0.0000 ,  0.0000 ,  0.0000 ,  0.0000 ,  0.0000 ,  0.0000 ,
  0.0000 ,  0.0000 ,  0.0000 ,  0.0000 ,  0.0000 ,  0.0000 ,
  0.0000 ,  0.0000 ,  0.0000 ,  0.0000 ,  0.0000 ,  0.0000 ,
  0.0000 ,  0.0000 ,  0.0000 ,  0.0000 ,  0.0000 ,  0.0000 ,
  0.0000 ,  0.0000 ,  0.0000 ,  0.0000 ,  0.0000 ,  0.0000 ,
  0.0000 ,  0.0000 ,  0.0000 ,  0.0000 ,  0.0000 ,  0.0000 ,
  0.0000 ,  0.0000 ,  0.0000 ,  0.0000 ,  0.0000 ,  0.0000 ,
  0.0000 ,  0.0000 ,  0.0000 ,  0.0000 ,  0.0000 ,  0.0000 ,
  0.0000 ,  0.0000 ,  0.0000 ,  0.0000 ,  0.0000 ,  0.0000 ,
  0.0000 ,  0.0000 ,  0.0000 ,  0.0000 ,  0.0000 ,  0.0000 ,
  0.0000 ,  0.0000 ,  0.0000 ,  0.0000 ,  0.0000 ,  0.0000 ,
  0.0000 ,  0.0000 ,  0.0000 ,  0.0000 ,  0.0000 ,  0.0000 ,
  0.0000 ,  0.0000 ,  0.0000 ,  0.0000 ,  0.0000 ,  0.0000 ,
  0.0000 ,  0.0000 ,  0.0000 ,  0.0000 ,  0.0000 ,  0.0000 ,
  0.0000 ,  0.0000 ,  0.0000 ,  0.0000 ,  0.0000 ,  0.0000 ,
  0.0000 ,  0.0000 ,  0.0000 ,  0.0000 ,  0.0000 ,  0.0000 ,
  0.0000 ,  0.0000 ,  0.0000 ,  0.0000 ,  0.0000 ,  0.0000 ,
  0.0000 ,  0.0000 ,  0.0000 ,  0.0000 ,  0.0000 ,  0.0000 ,
  0.0000 ,  0.0000 ,  0.0000 ,  0.0000 ,  0.0000 ,  0.0000 ,
  0.0000 ,  0.0000 ,  0.0000 ,  0.0000 ,  0.0000 ,  0.0000 ,
  0.0000 ,  0.0000 ,  0.0000 ,  0.0000 ,  0.0000 ,  0.0000 ,
  0.0000 ,  0.0000 ,  0.0000 ,  0.0000 ,  0.0000 ,  0.0000 ,
  0.0000 ,  0.0000 ,  0.0000 ,  0.0000 ,  0.0000 ,  0.0000 ,
  0.0000 ,  0.0000 ,  0.0000 ,  0.0000 ,  0.0000 ,  0.0000 ,
  0.0000 ,  0.0000 ,  0.0000 ,  0.0000 ,  0.0000 ,  0.0000 ,
  0.0000 ,  0.0000 ,  0.0000 ,  0.0000 ,  0.0000 ,  0.0000 ,
  0.0000 ,  0.0000 ,  0.0000 ,  0.0000 ,  0.0000 ,  0.0000 ,
  0.0000 ,  0.0000 ,  0.0000 ,  0.0000 ,  0.0000 ,  0.0000 ,
  0.0000 ,  0.0000 ,  0.0000 ,  0.0000 ,  0.0000 ,  0.0000 ,
  0.0000 ,  0.0000 ,  0.0000 ,  0.0000 ,  0.0000 ,  0.0000 ,
  0.0000 ,  0.0000 ,  0.0000 ,  0.0000 ,  0.0000 ,  0.0000 ,
  0.0000 ,  0.0000 ,  0.0000 ,  0.0000 ,  0.0000 ,  0.0000 ,
  0.0000 ,  0.0000 ,  0.0000 ,  0.0000 ,  0.0000 ,  0.0000 ,
  0.0000 ,  0.0000 ,  0.0000 ,  0.0000 ,  0.0000 ,  0.0000 ,
  0.0000 ,  0.0000 ,  0.0000 ,  0.0000 ,  0.0000 ,  0.0000 ,
  0.0000 ,  0.0000 ,  0.0000 ,  0.0000 ,  0.0000 ,  0.0000 ,
  0.0000 ,  0.0000 ,  0.0000 ,  0.0000 ,  0.0000 ,  0.0000 ,
  0.0000 ,  0.0000 ,  0.0000 ,  0.0000 ,  0.0000 ,  0.0000 ,
  0.0000 ,  0.0000 ,  0.0000 ,  0.0000 ,  0.0000 ,  0.0000 ,
  0.0000 ,  0.0000 ,  0.0000 ,  0.0000 ,  0.0000 ,  0.0000 ,
  0.0000 ,  0.0000 ,  0.0000 ,  0.0000 ,  0.0000 ,  0.0000 ,
  0.0000 ,  0.0000 ,  0.0000 ,  0.0000 ,  0.0000 ,  0.0000 ,
  0.0000 ,  0.0000 ,  0.0000 ,  0.0000 ,  0.0000 ,  0.0000 ,
  0.0000 ,  0.0000 ,  0.0000 ,  0.0000 ,  0.0000 ,  0.0000 ,
  0.0000 ,  0.0000 ,  0.0000 ,  0.0000 ,  0.0000 ,  0.0000 ,
  0.0000 ,  0.0000 ,  0.0000 ,  0.0000 ,  0.0000 ,  0.0000 ,
  0.0000 ,  0.0000 ,  0.0000 ,  0.0000 ,  0.0000 ,  0.0000 ,
  0.0000 ,  0.0000 ,  0.0000 ,  0.0000 ,  0.0000 ,  0.0000 ,
  0.0000 ,  0.0000 ,  0.0000 ,  0.0000 ,  0.0000 ,  0.0000 ,
  0.0000 ,  0.0000 ,  0.0000 ,  0.0000 ,  0.0000 ,  0.0000 ,
  0.0000 ,  0.0000 ,  0.0000 ,  0.0000 ,  0.0000 ,  0.0000 ,
  0.0000 ,  0.0000 ,  0.0000 ,  0.0000 ,  0.0000 ,  0.0000 ,
  0.0000 ,  0.0000 ,  0.0000 ,  0.0000 ,  0.0000 ,  0.0000 ,
  0.0000 ,  0.0000 ,  0.0000 ,  0.0000 ,  0.0000 ,  0.0000 ,
  0.0000 ,  0.0000 ,  0.0000 ,  0.0000 ,  0.0000 ,  0.0000 ,
  0.0000 ,  0.0000 ,  0.0000 ,  0.0000 ,  0.0000 ,  0.0000 ,
  0.0000 ,  0.0000 ,  0.0000 ,  0.0000 ,  0.0000 ,  0.0000 ,
  0.0000 ,  0.0000 ,  0.0000 ,  0.0000 ,  0.0000 ,  0.0000 ,
  0.0000 ,  0.0000 ,  0.0000 ,  0.0000 ,  0.0000 ,  0.0000 ,
  0.0000 ,  0.0000 ,  0.0000 ,  0.0000 ,  0.0000 ,  0.0000 ,
  0.0000 ,  0.0000 ,  0.0000 ,  0.0000 ,  0.0000 ,  0.0000 ,
  0.0000 ,  0.0000 ,  0.0000 ,  0.0000 ,  0.0000 ,  0.0000 ,
  0.0000 ,  0.0000 ,  0.0000 ,  0.0000 ,  0.0000 ,  0.0000 ,
  0.0000 ,  0.0000 ,  0.0000 ,  0.0000 ,  0.0000 ,  0.0000 ,
  0.0000 ,  0.0000 ,  0.0000 ,  0.0000 ,  0.0000 ,  0.0000 ,
  0.0000 ,  0.0000 ,  0.0000 ,  0.0000 ,  0.0000 ,  0.0000 ,
  0.0000 ,  0.0000 ,  0.0000 ,  0.0000 ,  0.0000 ,  0.0000 ,
  0.0000 ,  0.0000 ,  0.0000 ,  0.0000 ,  0.0000 ,  0.0000 ,
  0.0000 ,  0.0000 ,  0.0000 ,  0.0000 ,  0.0000 ,  0.0000 ,
  0.0000 ,  0.0000 ,  0.0000 ,  0.0000 ,  0.0000 ,  0.0000 ,
  0.0000 ,  0.0000 ,  0.0000 ,  0.0000 ,  0.0000 ,  0.0000 ,
  0.0000 ,  0.0000 ,  0.0000 ,  0.0000 ,  0.0000 ,  0.0000 ,
  0.0000 ,  0.0000 ,  0.0000 ,  0.0000 ,  0.0000 ,  0.0000 ,
  0.0000 ,  0.0000 ,  0.0000 ,  0.0000 ,  0.0000 ,  0.0000 ,
  0.0000 ,  0.0000 ,  0.0000 ,  0.0000 ,  0.0000 ,  0.0000 ,
  0.0000 ,  0.0000 ,  0.0000 ,  0.0000 ,  0.0000 ,  0.0000 ,
  0.0000 ,  0.0000 ,  0.0000 ,  0.0000 ,  0.0000 ,  0.0000 ,
  0.0000 ,  0.0000 ,  0.0000 ,  0.0000 ,  0.0000 ,  0.0000 ,
  0.0000 ,  0.0000 ,  0.0000 ,  0.0000 ,  0.0000 ,  0.0000 ,
  0.0000 ,  0.0000 ,  0.0000 ,  0.0000 ,  0.0000 ,  0.0000 ,
  0.0000 ,  0.0000 ,  0.0000 ,  0.0000 ,  0.0000 ,  0.0000 ,
  0.0000 ,  0.0000 ,  0.0000 ,  0.0000 ,  0.0000 ,  0.0000 ,
  0.0000 ,  0.0000 ,  0.0000 ,  0.0000 ,  0.0000 ,  0.0000 ,
  0.0000 ,  0.0000 ,  0.0000 ,  0.0000 ,  0.0000 ,  0.0000 ,
  0.0000 ,  0.0000 ,  0.0000 ,  0.0000 ,  0.0000 ,  0.0000 ,
  0.0000 ,  0.0000 ,  0.0000 ,  0.0000 ,  0.0000 ,  0.0000 ,
  0.0000 ,  0.0000 ,  0.0000 ,  0.0000 ,  0.0000 ,  0.0000 ,
  0.0000 ,  0.0000 ,  0.0000 ,  0.0000 ,  0.0000 ,  0.0000 ,
  0.0000 ,  0.0000 ,  0.0000 ,  0.0000 ,  0.0000 ,  0.0000 ,
  0.0000 ,  0.0000 ,  0.0000 ,  0.0000 ,  0.0000 ,  0.0000 ,
  0.0000 ,  0.0000 ,  0.0000 ,  0.0000 ,  0.0000 ,  0.0000 ,
  0.0000 ,  0.0000 ,  0.0000 ,  0.0000 ,  0.0000 ,  0.0000 ,
  0.0000 ,  0.0000 ,  0.0000 ,  0.0000 ,  0.0000 ,  0.0000 ,
  0.0000 ,  0.0000 ,  0.0000 ,  0.0000 ,  0.0000 ,  0.0000 ,
  0.0000 ,  0.0000 ,  0.0000 ,  0.0000 ,  0.0000 ,  0.0000 ,
  0.0000 ,  0.0000 ,  0.0000 ,  0.0000 ,  0.0000 ,  0.0000 ,
  0.0000 ,  0.0000 ,  0.0000 ,  0.0000 ,  0.0000 ,  0.0000 ,
  0.0000 ,  0.0000 ,  0.0000 ,  0.0000 ,  0.0000 ,  0.0000 ,
  0.0000 ,  0.0000 ,  0.0000 ,  0.0000 ,  0.0000 ,  0.0000 ,
  0.0000 ,  0.0000 ,  0.0000 ,  0.0000 ,  0.0000 ,  0.0000 ,
  0.0000 ,  0.0000 ,  0.0000 ,  0.0000 ,  0.0000 ,  0.0000 ,
  0.0000 ,  0.0000 ,  0.0000 ,  0.0000 ,  0.0000 ,  0.0000 ,
  0.0000 ,  0.0000 ,  0.0000 ,  0.0000 ,  0.0000 ,  0.0000 ,
  0.0000 ,  0.0000 ,  0.0000 ,  0.0000 ,  0.0000 ,  0.0000 ,
  0.0000 ,  0.0000 ,  0.0000 ,  0.0000 ,  0.0000 ,  0.0000 ,
  0.0000 ,  0.0000 ,  0.0000 ,  0.0000 ,  0.0000 ,  0.0000 ,
  0.0000 ,  0.0000 ,  0.0000 ,  0.0000 ,  0.0000 ,  0.0000 ,
  0.0000 ,  0.0000 ,  0.0000 ,  0.0000 ,  0.0000 ,  0.0000 ,
  0.0000 ,  0.0000 ,  0.0000 ,  0.0000 ,  0.0000 ,  0.0000 ,
  0.0000 ,  0.0000 ,  0.0000 ,  0.0000 ,  0.0000 ,  0.0000 ,
  0.0000 ,  0.0000 ,  0.0000 ,  0.0000 ,  0.0000 ,  0.0000 ,
  0.0000 ,  0.0000 ,  0.0000 ,  0.0000 ,  0.0000 ,  0.0000 ,
  0.0000 ,  0.0000 ,  0.0000 ,  0.0000 ,  0.0000 ,  0.0000 ,
  0.0000 ,  0.0000 ,  0.0000 ,  0.0000 ,  0.0000 ,  0.0000 ,
  0.0000 ,  0.0000 ,  0.0000 ,  0.0000 ,  0.0000 ,  0.0000 ,
  0.0000 ,  0.0000 ,  0.0000 ,  0.0000 ,  0.0000 ,  0.0000 ,
  0.0000 ,  0.0000 ,  0.0000 ,  0.0000 ,  0.0000 ,  0.0000 ,
  0.0000 ,  0.0000 ,  0.0000 ,  0.0000 ,  0.0000 ,  0.0000 ,
  0.0000 ,  0.0000 ,  0.0000 ,  0.0000 ,  0.0000 ,  0.0000 ,
  0.0000 ,  0.0000 ,  0.0000 ,  0.0000 ,  0.0000 ,  0.0000 ,
  0.0000 ,  0.0000 ,  0.0000 ,  0.0000 ,  0.0000 ,  0.0000 ,
  0.0000 ,  0.0000 ,  0.0000 ,  0.0000 ,  0.0000 ,  0.0000 ,
  0.0000 ,  0.0000 ,  0.0000 ,  0.0000 ,  0.0000 ,  0.0000 ,
  0.0000 ,  0.0000 ,  0.0000 ,  0.0000 ,  0.0000 ,  0.0000 ,
  0.0000 ,  0.0000 ,  0.0000 ,  0.0000 ,  0.0000 ,  0.0000 ,
  0.0000 ,  0.0000 ,  0.0000 ,  0.0000 ,  0.0000 ,  0.0000 ,
  0.0000 ,  0.0000 ,  0.0000 ,  0.0000 ,  0.0000 ,  0.0000 ,
  0.0000 ,  0.0000 ,  0.0000 ,  0.0000 ,  0.0000 ,  0.0000 ,
  0.0000 ,  0.0000 ,  0.0000 ,  0.0000 ,  0.0000 ,  0.0000 ,
  0.0000 ,  0.0000 ,  0.0000 ,  0.0000 ,  0.0000 ,  0.0000 ,
  0.0000 ,  0.0000 ,  0.0000 ,  0.0000 ,  0.0000 ,  0.0000 ,
  0.0000 ,  0.0000 ,  0.0000 ,  0.0000 ,  0.0000 ,  0.0000 ,
  0.0000 ,  0.0000 ,  0.0000 ,  0.0000 ,  0.0000 ,  0.0000 ,
  0.0000 ,  0.0000 ,  0.0000 ,  0.0000 ,  0.0000 ,  0.0000 ,
  0.0000 ,  0.0000 ,  0.0000 ,  0.0000 ,  0.0000 ,  0.0000 ,
  0.0000 ,  0.0000 ,  0.0000 ,  0.0000 ,  0.0000 ,  0.0000 ,
  0.0000 ,  0.0000 ,  0.0000 ,  0.0000 ,  0.0000 ,  0.0000 ,
  0.0000 ,  0.0000 ,  0.0000 ,  0.0000 ,  0.0000 ,  0.0000 ,
  0.0000 ,  0.0000 ,  0.0000 ,  0.0000 ,  0.0000 ,  0.0000 ,
  0.0000 ,  0.0000 ,  0.0000 ,  0.0000 ,  0.0000 ,  0.0000 ,
  0.0000 ,  0.0000 ,  0.0000 ,  0.0000 ,  0.0000 ,  0.0000 ,
  0.0000 ,  0.0000 ,  0.0000 ,  0.0000 ,  0.0000 ,  0.0000 ,
  0.0000 ,  0.0000 ,  0.0000 ,  0.0000 ,  0.0000 ,  0.0000 ,
  0.0000 ,  0.0000 ,  0.0000 ,  0.0000 ,  0.0000 ,  0.0000 ,
  0.0000 ,  0.0000 ,  0.0000 ,  0.0000 ,  0.0000 ,  0.0000 ,
  0.0000 ,  0.0000 ,  0.0000 ,  0.0000 ,  0.0000 ,  0.0000 ,
  0.0000 ,  0.0000 ,  0.0000 ,  0.0000 ,  0.0000 ,  0.0000 ,
  0.0000 ,  0.0000 ,  0.0000 ,  0.0000 ,  0.0000 ,  0.0000 ,
  0.0000 ,  0.0000 ,  0.0000 ,  0.0000 ,  0.0000 ,  0.0000 ,
  0.0000 ,  0.0000 ,  0.0000 ,  0.0000 ,  0.0000 ,  0.0000 ,
  0.0000 ,  0.0000 ,  0.0000 ,  0.0000 ,  0.0000 ,  0.0000 ,
  0.0000 ,  0.0000 ,  0.0000 ,  0.0000 ,  0.0000 ,  0.0000 ,
  0.0000 ,  0.0000 ,  0.0000 ,  0.0000 ,  0.0000 ,  0.0000 ,
  0.0000 ,  0.0000 ,  0.0000 ,  0.0000 ,  0.0000 ,  0.0000 ,
  0.0000 ,  0.0000 ,  0.0000 ,  0.0000 ,  0.0000 ,  0.0000 ,
  0.0000 ,  0.0000 ,  0.0000 ,  0.0000 ,  0.0000 ,  0.0000 ,
  0.0000 ,  0.0000 ,  0.0000 ,  0.0000 ,  0.0000 ,  0.0000 ,
  0.0000 ,  0.0000 ,  0.0000 ,  0.0000 ,  0.0000 ,  0.0000 ,
  0.0000 ,  0.0000 ,  0.0000 ,  0.0000 ,  0.0000 ,  0.0000 ,
  0.0000 ,  0.0000 ,  0.0000 ,  0.0000 ,  0.0000 ,  0.0000 ,
  0.0000 ,  0.0000 ,  0.0000 ,  0.0000 ,  0.0000 ,  0.0000 ,
  0.0000 ,  0.0000 ,  0.0000 ,  0.0000 ,  0.0000 ,  0.0000 ,
  0.0000 ,  0.0000 ,  0.0000 ,  0.0000 ,  0.0000 ,  0.0000 ,
  0.0000 ,  0.0000 ,  0.0000 ,  0.0000 ,  0.0000 ,  0.0000 ,
  0.0000 ,  0.0000 ,  0.0000 ,  0.0000 ,  0.0000 ,  0.0000 ,
  0.0000 ,  0.0000 ,  0.0000 ,  0.0000 ,  0.0000 ,  0.0000 ,
  0.0000 ,  0.0000 ,  0.0000 ,  0.0000 ,  0.0000 ,  0.0000 ,
  0.0000 ,  0.0000 ,  0.0000 ,  0.0000 ,  0.0000 ,  0.0000 ,
  0.0000 ,  0.0000 ,  0.0000 ,  0.0000 ,  0.0000 ,  0.0000 ,
  0.0000 ,  0.0000 ,  0.0000 ,  0.0000 ,  0.0000 ,  0.0000 ,
  0.0000 ,  0.0000 ,  0.0000 ,  0.0000 ,  0.0000 ,  0.0000 ,
  0.0000 ,  0.0000 ,  0.0000 ,  0.0000 ,  0.0000 ,  0.0000 ,
  0.0000 ,  0.0000 ,  0.0000 ,  0.0000 ,  0.0000 ,  0.0000 ,
  0.0000 ,  0.0000 ,  0.0000 ,  0.0000 ,  0.0000 ,  0.0000 ,
  0.0000 ,  0.0000 ,  0.0000 ,  0.0000 ,  0.0000 ,  0.0000 ,
  0.0000 ,  0.0000 ,  0.0000 ,  0.0000 ,  0.0000 ,  0.0000 ,
  0.0000 ,  0.0000 ,  0.0000 ,  0.0000 ,  0.0000 ,  0.0000 ,
  0.0000 ,  0.0000 ,  0.0000 ,  0.0000 ,  0.0000 ,  0.0000 ,
  0.0000 ,  0.0000 ,  0.0000 ,  0.0000 ,  0.0000 ,  0.0000 ,
  0.0000 ,  0.0000 ,  0.0000 ,  0.0000 ,  0.0000 ,  0.0000 ,
  0.0000 ,  0.0000 ,  0.0000 ,  0.0000 ,  0.0000 ,  0.0000 ,
  0.0000 ,  0.0000 ,  0.0000 ,  0.0000 ,  0.0000 ,  0.0000 ,
  0.0000 ,  0.0000 ,  0.0000 ,  0.0000 ,  0.0000 ,  0.0000 ,
  0.0000 ,  0.0000 ,  0.0000 ,  0.0000 ,  0.0000 ,  0.0000 ,
  0.0000 ,  0.0000 ,  0.0000 ,  0.0000 ,  0.0000 ,  0.0000 ,
  0.0000 ,  0.0000 ,  0.0000 ,  0.0000 ,  0.0000 ,  0.0000 ,
  0.0000 ,  0.0000 ,  0.0000 ,  0.0000 ,  0.0000 ,  0.0000 ,
  0.0000 ,  0.0000 ,  0.0000 ,  0.0000 ,  0.0000 ,  0.0000 ,
  0.0000 ,  0.0000 ,  0.0000 ,  0.0000 ,  0.0000 ,  0.0000 ,
  0.0000 ,  0.0000 ,  0.0000 ,  0.0000 ,  0.0000 ,  0.0000 ,
  0.0000 ,  0.0000 ,  0.0000 ,  0.0000 ,  0.0000 ,  0.0000 ,
  0.0000 ,  0.0000 ,  0.0000 ,  0.0000 ,  0.0000 ,  0.0000 ,
  0.0000 ,  0.0000 ,  0.0000 ,  0.0000 ,  0.0000 ,  0.0000 ,
  0.0000 ,  0.0000 ,  0.0000 ,  0.0000 ,  0.0000 ,  0.0000 ,
  0.0000 ,  0.0000 ,  0.0000 ,  0.0000 ,  0.0000 ,  0.0000 ,
  0.0000 ,  0.0000 ,  0.0000 ,  0.0000 ,  0.0000 ,  0.0000 ,
  0.0000 ,  0.0000 ,  0.0000 ,  0.0000 ,  0.0000 ,  0.0000 ,
  0.0000 ,  0.0000 ,  0.0000 ,  0.0000 ,  0.0000 ,  0.0000 ,
  0.0000 ,  0.0000 ,  0.0000 ,  0.0000 ,  0.0000 ,  0.0000 ,
  0.0000 ,  0.0000 ,  0.0000 ,  0.0000 ,  0.0000 ,  0.0000 ,
  0.0000 ,  0.0000 ,  0.0000 ,  0.0000 ,  0.0000 ,  0.0000 ,
  0.0000 ,  0.0000 ,  0.0000 ,  0.0000 ,  0.0000 ,  0.0000 ,
  0.0000 ,  0.0000 ,  0.0000 ,  0.0000 ,  0.0000 ,  0.0000 ,
  0.0000 ,  0.0000 ,  0.0000 ,  0.0000 ,  0.0000 ,  0.0000 ,
  0.0000 ,  0.0000 ,  0.0000 ,  0.0000 ,  0.0000 ,  0.0000 ,
  0.0000 ,  0.0000 ,  0.0000 ,  0.0000 ,  0.0000 ,  0.0000 ,
  0.0000 ,  0.0000 ,  0.0000 ,  0.0000 ,  0.0000 ,  0.0000 ,
  0.0000 ,  0.0000 ,  0.0000 ,  0.0000 ,  0.0000 ,  0.0000 ,
  0.0000 ,  0.0000 ,  0.0000 ,  0.0000 ,  0.0000 ,  0.0000 ,
  0.0000 ,  0.0000 ,  0.0000 ,  0.0000 ,  0.0000 ,  0.0000 ,
  0.0000 ,  0.0000 ,  0.0000 ,  0.0000 ,  0.0000 ,  0.0000 ,
  0.0000 ,  0.0000 ,  0.0000 ,  0.0000 ,  0.0000 ,  0.0000 ,
  0.0000 ,  0.0000 ,  0.0000 ,  0.0000 ,  0.0000 ,  0.0000 ,
  0.0000 ,  0.0000 ,  0.0000 ,  0.0000 ,  0.0000 ,  0.0000 ,
  0.0000 ,  0.0000 ,  0.0000 ,  0.0000 ,  0.0000 ,  0.0000 ,
  0.0000 ,  0.0000 ,  0.0000 ,  0.0000 ,  0.0000 ,  0.0000 ,
  0.0000 ,  0.0000 ,  0.0000 ,  0.0000 ,  0.0000 ,  0.0000 ,
  0.0000 ,  0.0000 ,  0.0000 ,  0.0000 ,  0.0000 ,  0.0000 ,
  0.0000 ,  0.0000 ,  0.0000 ,  0.0000 ,  0.0000 ,  0.0000 ,
  0.0000 ,  0.0000 ,  0.0000 ,  0.0000 ,  0.0000 ,  0.0000 ,
  0.0000 ,  0.0000 ,  0.0000 ,  0.0000 ,  0.0000 ,  0.0000 ,
  0.0000 ,  0.0000 ,  0.0000 ,  0.0000 ,  0.0000 ,  0.0000 ,
  0.0000 ,  0.0000 ,  0.0000 ,  0.0000 ,  0.0000 ,  0.0000 ,
  0.0000 ,  0.0000 ,  0.0000 ,  0.0000 ,  0.0000 ,  0.0000 ,
  0.0000 ,  0.0000 ,  0.0000 ,  0.0000 ,  0.0000 ,  0.0000 ,
  0.0000 ,  0.0000 ,  0.0000 ,  0.0000 ,  0.0000 ,  0.0000 ,
  0.0000 ,  0.0000 ,  0.0000 ,  0.0000 ,  0.0000 ,  0.0000 ,
  0.0000 ,  0.0000 ,  0.0000 ,  0.0000 ,  0.0000 ,  0.0000 ,
  0.0000 ,  0.0000 ,  0.0000 ,  0.0000 ,  0.0000 ,  0.0000 ,
  0.0000 ,  0.0000 ,  0.0000 ,  0.0000 ,  0.0000 ,  0.0000 ,
  0.0000 ,  0.0000 ,  0.0000 ,  0.0000 ,  0.0000 ,  0.0000 ,
  0.0000 ,  0.0000 ,  0.0000 ,  0.0000 ,  0.0000 ,  0.0000 ,
  0.0000 ,  0.0000 ,  0.0000 ,  0.0000 ,  0.0000 ,  0.0000 ,
  0.0000 ,  0.0000 ,  0.0000 ,  0.0000 ,  0.0000 ,  0.0000 ,
  0.0000 ,  0.0000 ,  0.0000 ,  0.0000 ,  0.0000 ,  0.0000 ,
  0.0000 ,  0.0000 ,  0.0000 ,  0.0000 ,  0.0000 ,  0.0000 ,
  0.0000 ,  0.0000 ,  0.0000 ,  0.0000 ,  0.0000 ,  0.0000 ,
  0.0000 ,  0.0000 ,  0.0000 ,  0.0000 ,  0.0000 ,  0.0000 ,
  0.0000 ,  0.0000 ,  0.0000 ,  0.0000 ,  0.0000 ,  0.0000 ,
  0.0000 ,  0.0000 ,  0.0000 ,  0.0000 ,  0.0000 ,  0.0000 ,
  0.0000 ,  0.0000 ,  0.0000 ,  0.0000 ,  0.0000 ,  0.0000 ,
  0.0000 ,  0.0000 ,  0.0000 ,  0.0000 ,  0.0000 ,  0.0000 ,
  0.0000 ,  0.0000 ,  0.0000 ,  0.0000 ,  0.0000 ,  0.0000 ,
  0.0000 ,  0.0000 ,  0.0000 ,  0.0000 ,  0.0000 ,  0.0000 ,
  0.0000 ,  0.0000 ,  0.0000 ,  0.0000 ,  0.0000 ,  0.0000 ,
  0.0000 ,  0.0000 ,  0.0000 ,  0.0000 ,  0.0000 ,  0.0000 ,
  0.0000 ,  0.0000 ,  0.0000 ,  0.0000 ,  0.0000 ,  0.0000 ,
  0.0000 ,  0.0000 ,  0.0000 ,  0.0000 ,  0.0000 ,  0.0000 ,
  0.0000 ,  0.0000 ,  0.0000 ,  0.0000 ,  0.0000 ,  0.0000 ,
  0.0000 ,  0.0000 ,  0.0000 ,  0.0000 ,  0.0000 ,  0.0000 ,
  0.0000 ,  0.0000 ,  0.0000 ,  0.0000 ,  0.0000 ,  0.0000 ,
  0.0000 ,  0.0000 ,  0.0000 ,  0.0000 ,  0.0000 ,  0.0000 ,
  0.0000 ,  0.0000 ,  0.0000 ,  0.0000 ,  0.0000 ,  0.0000 ,
  0.0000 ,  0.0000 ,  0.0000 ,  0.0000 ,  0.0000 ,  0.0000 ,
  0.0000 ,  0.0000 ,  0.0000 ,  0.0000 ,  0.0000 ,  0.0000 ,
  0.0000 ,  0.0000 ,  0.0000 ,  0.0000 ,  0.0000 ,  0.0000 ,
  0.0000 ,  0.0000 ,  0.0000 ,  0.0000 ,  0.0000 ,  0.0000 ,
  0.0000 ,  0.0000 ,  0.0000 ,  0.0000 ,  0.0000 ,  0.0000 ,
  0.0000 ,  0.0000 ,  0.0000 ,  0.0000 ,  0.0000 ,  0.0000 ,
  0.0000 ,  0.0000 ,  0.0000 ,  0.0000 ,  0.0000 ,  0.0000 ,
  0.0000 ,  0.0000 ,  0.0000 ,  0.0000 ,  0.0000 ,  0.0000 ,
  0.0000 ,  0.0000 ,  0.0000 ,  0.0000 ,  0.0000 ,  0.0000 ,
  0.0000 ,  0.0000 ,  0.0000 ,  0.0000 ,  0.0000 ,  0.0000 ,
  0.0000 ,  0.0000 ,  0.0000 ,  0.0000 ,  0.0000 ,  0.0000 ,
  0.0000 ,  0.0000 ,  0.0000 ,  0.0000 ,  0.0000 ,  0.0000 ,
  0.0000 ,  0.0000 ,  0.0000 ,  0.0000 ,  0.0000 ,  0.0000 ,
  0.0000 ,  0.0000 ,  0.0000 ,  0.0000 ,  0.0000 ,  0.0000 ,
  0.0000 ,  0.0000 ,  0.0000 ,  0.0000 ,  0.0000 ,  0.0000 ,
  0.0000 ,  0.0000 ,  0.0000 ,  0.0000 ,  0.0000 ,  0.0000 ,
  0.0000 ,  0.0000 ,  0.0000 ,  0.0000 ,  0.0000 ,  0.0000 ,
  0.0000 ,  0.0000 ,  0.0000 ,  0.0000 ,  0.0000 ,  0.0000 ,
  0.0000 ,  0.0000 ,  0.0000 ,  0.0000 ,  0.0000 ,  0.0000 ,
  0.0000 ,  0.0000 ,  0.0000 ,  0.0000 ,  0.0000 ,  0.0000 ,
  0.0000 ,  0.0000 ,  0.0000 ,  0.0000 ,  0.0000 ,  0.0000 ,
  0.0000 ,  0.0000 ,  0.0000 ,  0.0000 ,  0.0000 ,  0.0000 ,
  0.0000 ,  0.0000 ,  0.0000 ,  0.0000 ,  0.0000 ,  0.0000 ,
  0.0000 ,  0.0000 ,  0.0000 ,  0.0000 ,  0.0000 ,  0.0000 ,
  0.0000 ,  0.0000 ,  0.0000 ,  0.0000 ,  0.0000 ,  0.0000 ,
  0.0000 ,  0.0000 ,  0.0000 ,  0.0000 ,  0.0000 ,  0.0000 ,
  0.0000 ,  0.0000 ,  0.0000 ,  0.0000 ,  0.0000 ,  0.0000 ,
  0.0000 ,  0.0000 ,  0.0000 ,  0.0000 ,  0.0000 ,  0.0000 ,
  0.0000 ,  0.0000 ,  0.0000 ,  0.0000 ,  0.0000 ,  0.0000 ,
  0.0000 ,  0.0000 ,  0.0000 ,  0.0000 ,  0.0000 ,  0.0000 ,
  0.0000 ,  0.0000 ,  0.0000 ,  0.0000 ,  0.0000 ,  0.0000 ,
  0.0000 ,  0.0000 ,  0.0000 ,  0.0000 ,  0.0000 ,  0.0000 ,
  0.0000 ,  0.0000 ,  0.0000 ,  0.0000 ,  0.0000 ,  0.0000 ,
  0.0000 ,  0.0000 ,  0.0000 ,  0.0000 ,  0.0000 ,  0.0000 ,
  0.0000 ,  0.0000 ,  0.0000 ,  0.0000 ,  0.0000 ,  0.0000 ,
  0.0000 ,  0.0000 ,  0.0000 ,  0.0000 ,  0.0000 ,  0.0000 ,
  0.0000 ,  0.0000 ,  0.0000 ,  0.0000 ,  0.0000 ,  0.0000 ,
  0.0000 ,  0.0000 ,  0.0000 ,  0.0000 ,  0.0000 ,  0.0000 ,
  0.0000 ,  0.0000 ,  0.0000 ,  0.0000 ,  0.0000 ,  0.0000 ,
  0.0000 ,  0.0000 ,  0.0000 ,  0.0000 ,  0.0000 ,  0.0000 ,
  0.0000 ,  0.0000 ,  0.0000 ,  0.0000 ,  0.0000 ,  0.0000 ,
  0.0000 ,  0.0000 ,  0.0000 ,  0.0000 ,  0.0000 ,  0.0000 ,
  0.0000 ,  0.0000 ,  0.0000 ,  0.0000 ,  0.0000 ,  0.0000 ,
  0.0000 ,  0.0000 ,  0.0000 ,  0.0000 ,  0.0000 ,  0.0000 ,
  0.0000 ,  0.0000 ,  0.0000 ,  0.0000 ,  0.0000 ,  0.0000 ,
  0.0000 ,  0.0000 ,  0.0000 ,  0.0000 ,  0.0000 ,  0.0000 ,
  0.0000 ,  0.0000 ,  0.0000 ,  0.0000 ,  0.0000 ,  0.0000 ,
  0.0000 ,  0.0000 ,  0.0000 ,  0.0000 ,  0.0000 ,  0.0000 ,
  0.0000 ,  0.0000 ,  0.0000 ,  0.0000 ,  0.0000 ,  0.0000 ,
  0.0000 ,  0.0000 ,  0.0000 ,  0.0000 ,  0.0000 ,  0.0000 ,
  0.0000 ,  0.0000 ,  0.0000 ,  0.0000 ,  0.0000 ,  0.0000 ,
  0.0000 ,  0.0000 ,  0.0000 ,  0.0000 ,  0.0000 ,  0.0000 ,
  0.0000 ,  0.0000 ,  0.0000 ,  0.0000 ,  0.0000 ,  0.0000 ,
  0.0000 ,  0.0000 ,  0.0000 ,  0.0000 ,  0.0000 ,  0.0000 ,
  0.0000 ,  0.0000 ,  0.0000 ,  0.0000 ,  0.0000 ,  0.0000 ,
  0.0000 ,  0.0000 ,  0.0000 ,  0.0000 ,  0.0000 ,  0.0000 ,
  0.0000 ,  0.0000 ,  0.0000 ,  0.0000 ,  0.0000 ,  0.0000 ,
  0.0000 ,  0.0000 ,  0.0000 ,  0.0000 ,  0.0000 ,  0.0000 ,
  0.0000 ,  0.0000 ,  0.0000 ,  0.0000 ,  0.0000 ,  0.0000 ,
  0.0000 ,  0.0000 ,  0.0000 ,  0.0000 ,  0.0000 ,  0.0000 ,
  0.0000 ,  0.0000 ,  0.0000 ,  0.0000 ,  0.0000 ,  0.0000 ,
  0.0000 ,  0.0000 ,  0.0000 ,  0.0000 ,  0.0000 ,  0.0000 ,
  0.0000 ,  0.0000 ,  0.0000 ,  0.0000 ,  0.0000 ,  0.0000 ,
  0.0000 ,  0.0000 ,  0.0000 ,  0.0000 ,  0.0000 ,  0.0000 ,
  0.0000 ,  0.0000 ,  0.0000 ,  0.0000 ,  0.0000 ,  0.0000 ,
  0.0000 ,  0.0000 ,  0.0000 ,  0.0000 ,  0.0000 ,  0.0000 ,
  0.0000 ,  0.0000 ,  0.0000 ,  0.0000 ,  0.0000 ,  0.0000 ,
  0.0000 ,  0.0000 ,  0.0000 ,  0.0000 ,  0.0000 ,  0.0000 ,
  0.0000 ,  0.0000 ,  0.0000 ,  0.0000 ,  0.0000 ,  0.0000 ,
  0.0000 ,  0.0000 ,  0.0000 ,  0.0000 ,  0.0000 ,  0.0000 ,
  0.0000 ,  0.0000 ,  0.0000 ,  0.0000 ,  0.0000 ,  0.0000 ,
  0.0000 ,  0.0000 ,  0.0000 ,  0.0000 ,  0.0000 ,  0.0000 ,
  0.0000 ,  0.0000 ,  0.0000 ,  0.0000 ,  0.0000 ,  0.0000 ,
  0.0000 ,  0.0000 ,  0.0000 ,  0.0000 ,  0.0000 ,  0.0000 ,
  0.0000 ,  0.0000 ,  0.0000 ,  0.0000 ,  0.0000 ,  0.0000 ,
  0.0000 ,  0.0000 ,  0.0000 ,  0.0000 ,  0.0000 ,  0.0000 ,
  0.0000 ,  0.0000 ,  0.0000 ,  0.0000 ,  0.0000 ,  0.0000 ,
  0.0000 ,  0.0000 ,  0.0000 ,  0.0000 ,  0.0000 ,  0.0000 ,
  0.0000 ,  0.0000 ,  0.0000 ,  0.0000 ,  0.0000 ,  0.0000 ,
  0.0000 ,  0.0000 ,  0.0000 ,  0.0000 ,  0.0000 ,  0.0000 ,
  0.0000 ,  0.0000 ,  0.0000 ,  0.0000 ,  0.0000 ,  0.0000 ,
  0.0000 ,  0.0000 ,  0.0000 ,  0.0000 ,  0.0000 ,  0.0000 ,
  0.0000 ,  0.0000 ,  0.0000 ,  0.0000 ,  0.0000 ,  0.0000 ,
  0.0000 ,  0.0000 ,  0.0000 ,  0.0000 ,  0.0000 ,  0.0000 ,
  0.0000 ,  0.0000 ,  0.0000 ,  0.0000 ,  0.0000 ,  0.0000 ,
  0.0000 ,  0.0000 ,  0.0000 ,  0.0000 ,  0.0000 ,  0.0000 ,
  0.0000 ,  0.0000 ,  0.0000 ,  0.0000 ,  0.0000 ,  0.0000 ,
  0.0000 ,  0.0000 ,  0.0000 ,  0.0000 ,  0.0000 ,  0.0000 ,
  0.0000 ,  0.0000 ,  0.0000 ,  0.0000 ,  0.0000 ,  0.0000 ,
  0.0000 ,  0.0000 ,  0.0000 ,  0.0000 ,  0.0000 ,  0.0000 ,
  0.0000 ,  0.0000 ,  0.0000 ,  0.0000 ,  0.0000 ,  0.0000 ,
  0.0000 ,  0.0000 ,  0.0000 ,  0.0000 ,  0.0000 ,  0.0000 ,
  0.0000 ,  0.0000 ,  0.0000 ,  0.0000 ,  0.0000 ,  0.0000 ,
  0.0000 ,  0.0000 ,  0.0000 ,  0.0000 ,  0.0000 ,  0.0000 ,
  0.0000 ,  0.0000 ,  0.0000 ,  0.0000 ,  0.0000 ,  0.0000 ,
  0.0000 ,  0.0000 ,  0.0000 ,  0.0000 ,  0.0000 ,  0.0000 ,
  0.0000 ,  0.0000 ,  0.0000 ,  0.0000 ,  0.0000 ,  0.0000 ,
  0.0000 ,  0.0000 ,  0.0000 ,  0.0000 ,  0.0000 ,  0.0000 ,
  0.0000 ,  0.0000 ,  0.0000 ,  0.0000 ,  0.0000 ,  0.0000 ,
  0.0000 ,  0.0000 ,  0.0000 ,  0.0000 ,  0.0000 ,  0.0000 ,
  0.0000 ,  0.0000 ,  0.0000 ,  0.0000 ,  0.0000 ,  0.0000 ,
  0.0000 ,  0.0000 ,  0.0000 ,  0.0000 ,  0.0000 ,  0.0000 ,
  0.0000 ,  0.0000 ,  0.0000 ,  0.0000 ,  0.0000 ,  0.0000 ,
  0.0000 ,  0.0000 ,  0.0000 ,  0.0000 ,  0.0000 ,  0.0000 ,
  0.0000 ,  0.0000 ,  0.0000 ,  0.0000 ,  0.0000 ,  0.0000 ,
  0.0000 ,  0.0000 ,  0.0000 ,  0.0000 ,  0.0000 ,  0.0000 ,
  0.0000 ,  0.0000 ,  0.0000 ,  0.0000 ,  0.0000 ,  0.0000 ,
  0.0000 ,  0.0000 ,  0.0000 ,  0.0000 ,  0.0000 ,  0.0000 ,
  0.0000 ,  0.0000 ,  0.0000 ,  0.0000 ,  0.0000 ,  0.0000 ,
  0.0000 ,  0.0000 ,  0.0000 ,  0.0000 ,  0.0000 ,  0.0000 ,
  0.0000 ,  0.0000 ,  0.0000 ,  0.0000 ,  0.0000 ,  0.0000 ,
  0.0000 ,  0.0000 ,  0.0000 ,  0.0000 ,  0.0000 ,  0.0000 ,
  0.0000 ,  0.0000 ,  0.0000 ,  0.0000 ,  0.0000 ,  0.0000 ,
  0.0000 ,  0.0000 ,  0.0000 ,  0.0000 ,  0.0000 ,  0.0000 ,
  0.0000 ,  0.0000 ,  0.0000 ,  0.0000 ,  0.0000 ,  0.0000 ,
  0.0000 ,  0.0000 ,  0.0000 ,  0.0000 ,  0.0000 ,  0.0000 ,
  0.0000 ,  0.0000 ,  0.0000 ,  0.0000 ,  0.0000 ,  0.0000 ,
  0.0000 ,  0.0000 ,  0.0000 ,  0.0000 ,  0.0000 ,  0.0000 ,
  0.0000 ,  0.0000 ,  0.0000 ,  0.0000 ,  0.0000 ,  0.0000 ,
  0.0000 ,  0.0000 ,  0.0000 ,  0.0000 ,  0.0000 ,  0.0000 ,
  0.0000 ,  0.0000 ,  0.0000 ,  0.0000 ,  0.0000 ,  0.0000 ,
  0.0000 ,  0.0000 ,  0.0000 ,  0.0000 ,  0.0000 ,  0.0000 ,
  0.0000 ,  0.0000 ,  0.0000 ,  0.0000 ,  0.0000 ,  0.0000 ,
  0.0000 ,  0.0000 ,  0.0000 ,  0.0000 ,  0.0000 ,  0.0000 ,
  0.0000 ,  0.0000 ,  0.0000 ,  0.0000 ,  0.0000 ,  0.0000 ,
  0.0000 ,  0.0000 ,  0.0000 ,  0.0000 ,  0.0000 ,  0.0000 ,
  0.0000 ,  0.0000 ,  0.0000 ,  0.0000 ,  0.0000 ,  0.0000 ,
  0.0000 ,  0.0000 ,  0.0000 ,  0.0000 ,  0.0000 ,  0.0000 ,
  0.0000 ,  0.0000 ,  0.0000 ,  0.0000 ,  0.0000 ,  0.0000 ,
  0.0000 ,  0.0000 ,  0.0000 ,  0.0000 ,  0.0000 ,  0.0000 ,
  0.0000 ,  0.0000 ,  0.0000 ,  0.0000 ,  0.0000 ,  0.0000 ,
  0.0000 ,  0.0000 ,  0.0000 ,  0.0000 ,  0.0000 ,  0.0000 ,
  0.0000 ,  0.0000 ,  0.0000 ,  0.0000 ,  0.0000 ,  0.0000 ,
  0.0000 ,  0.0000 ,  0.0000 ,  0.0000 ,  0.0000 ,  0.0000 ,
  0.0000 ,  0.0000 ,  0.0000 ,  0.0000 ,  0.0000 ,  0.0000 ,
  0.0000 ,  0.0000 ,  0.0000 ,  0.0000 ,  0.0000 ,  0.0000 ,
  0.0000 ,  0.0000 ,  0.0000 ,  0.0000 ,  0.0000 ,  0.0000 ,
  0.0000 ,  0.0000 ,  0.0000 ,  0.0000 ,  0.0000 ,  0.0000 ,
  0.0000 ,  0.0000 ,  0.0000 ,  0.0000 ,  0.0000 ,  0.0000 ,
  0.0000 ,  0.0000 ,  0.0000 ,  0.0000 ,  0.0000 ,  0.0000 ,
  0.0000 ,  0.0000 ,  0.0000 ,  0.0000 ,  0.0000 ,  0.0000 ,
  0.0000 ,  0.0000 ,  0.0000 ,  0.0000 ,  0.0000 ,  0.0000 ,
  0.0000 ,  0.0000 ,  0.0000 ,  0.0000 ,  0.0000 ,  0.0000 ,
  0.0000 ,  0.0000 ,  0.0000 ,  0.0000 ,  0.0000 ,  0.0000 ,
  0.0000 ,  0.0000 ,  0.0000 ,  0.0000 ,  0.0000 ,  0.0000 ,
  0.0000 ,  0.0000 ,  0.0000 ,  0.0000 ,  0.0000 ,  0.0000 ,
  0.0000 ,  0.0000 ,  0.0000 ,  0.0000 ,  0.0000 ,  0.0000 ,
  0.0000 ,  0.0000 ,  0.0000 ,  0.0000 ,  0.0000 ,  0.0000 ,
  0.0000 ,  0.0000 ,  0.0000 ,  0.0000 ,  0.0000 ,  0.0000 ,
  0.0000 ,  0.0000 ,  0.0000 ,  0.0000 ,  0.0000 ,  0.0000 ,
  0.0000 ,  0.0000 ,  0.0000 ,  0.0000 ,  0.0000 ,  0.0000 ,
  0.0000 ,  0.0000 ,  0.0000 ,  0.0000 ,  0.0000 ,  0.0000 ,
  0.0000 ,  0.0000 ,  0.0000 ,  0.0000 ,  0.0000 ,  0.0000 ,
  0.0000 ,  0.0000 ,  0.0000 ,  0.0000 ,  0.0000 ,  0.0000 ,
  0.0000 ,  0.0000 ,  0.0000 ,  0.0000 ,  0.0000 ,  0.0000 ,
  0.0000 ,  0.0000 ,  0.0000 ,  0.0000 ,  0.0000 ,  0.0000 ,
  0.0000 ,  0.0000 ,  0.0000 ,  0.0000 ,  0.0000 ,  0.0000 ,
  0.0000 ,  0.0000 ,  0.0000 ,  0.0000 ,  0.0000 ,  0.0000 ,
  0.0000 ,  0.0000 ,  0.0000 ,  0.0000 ,  0.0000 ,  0.0000 ,
  0.0000 ,  0.0000 ,  0.0000 ,  0.0000 ,  0.0000 ,  0.0000 ,
  0.0000 ,  0.0000 ,  0.0000 ,  0.0000 ,  0.0000 ,  0.0000 ,
  0.0000 ,  0.0000 ,  0.0000 ,  0.0000 ,  0.0000 ,  0.0000 ,
  0.0000 ,  0.0000 ,  0.0000 ,  0.0000 ,  0.0000 ,  0.0000 ,
  0.0000 ,  0.0000 ,  0.0000 ,  0.0000 ,  0.0000 ,  0.0000 ,
  0.0000 ,  0.0000 ,  0.0000 ,  0.0000 ,  0.0000 ,  0.0000 ,
  0.0000 ,  0.0000 ,  0.0000 ,  0.0000 ,  0.0000 ,  0.0000 ,
  0.0000 ,  0.0000 ,  0.0000 ,  0.0000 ,  0.0000 ,  0.0000 ,
  0.0000 ,  0.0000 ,  0.0000 ,  0.0000 ,  0.0000 ,  0.0000 ,
  0.0000 ,  0.0000 ,  0.0000 ,  0.0000 ,  0.0000 ,  0.0000 ,
  0.0000 ,  0.0000 ,  0.0000 ,  0.0000 ,  0.0000 ,  0.0000 ,
  0.0000 ,  0.0000 ,  0.0000 ,  0.0000 ,  0.0000 ,  0.0000 ,
  0.0000 ,  0.0000 ,  0.0000 ,  0.0000 ,  0.0000 ,  0.0000 ,
  0.0000 ,  0.0000 ,  0.0000 ,  0.0000 ,  0.0000 ,  0.0000 ,
  0.0000 ,  0.0000 ,  0.0000 ,  0.0000 ,  0.0000 ,  0.0000 ,
  0.0000 ,  0.0000 ,  0.0000 ,  0.0000 ,  0.0000 ,  0.0000 ,
  0.0000 ,  0.0000 ,  0.0000 ,  0.0000 ,  0.0000 ,  0.0000 ,
  0.0000 ,  0.0000 ,  0.0000 ,  0.0000 ,  0.0000 ,  0.0000 ,
  0.0000 ,  0.0000 ,  0.0000 ,  0.0000 ,  0.0000 ,  0.0000 ,
  0.0000 ,  0.0000 ,  0.0000 ,  0.0000 ,  0.0000 ,  0.0000 ,
  0.0000 ,  0.0000 ,  0.0000 ,  0.0000 ,  0.0000 ,  0.0000 ,
  0.0000 ,  0.0000 ,  0.0000 ,  0.0000 ,  0.0000 ,  0.0000 ,
  0.0000 ,  0.0000 ,  0.0000 ,  0.0000 ,  0.0000 ,  0.0000 ,
  0.0000 ,  0.0000 ,  0.0000 ,  0.0000 ,  0.0000 ,  0.0000 ,
  0.0000 ,  0.0000 ,  0.0000 ,  0.0000 ,  0.0000 ,  0.0000 ,
  0.0000 ,  0.0000 ,  0.0000 ,  0.0000 ,  0.0000 ,  0.0000 ,
  0.0000 ,  0.0000 ,  0.0000 ,  0.0000 ,  0.0000 ,  0.0000 ,
  0.0000 ,  0.0000 ,  0.0000 ,  0.0000 ,  0.0000 ,  0.0000 ,
  0.0000 ,  0.0000 ,  0.0000 ,  0.0000 ,  0.0000 ,  0.0000 ,
  0.0000 ,  0.0000 ,  0.0000 ,  0.0000 ,  0.0000 ,  0.0000 ,
  0.0000 ,  0.0000 ,  0.0000 ,  0.0000 ,  0.0000 ,  0.0000 ,
  0.0000 ,  0.0000 ,  0.0000 ,  0.0000 ,  0.0000 ,  0.0000 ,
  0.0000 ,  0.0000 ,  0.0000 ,  0.0000 ,  0.0000 ,  0.0000 ,
  0.0000 ,  0.0000 ,  0.0000 ,  0.0000 ,  0.0000 ,  0.0000 ,
  0.0000 ,  0.0000 ,  0.0000 ,  0.0000 ,  0.0000 ,  0.0000 ,
  0.0000 ,  0.0000 ,  0.0000 ,  0.0000 ,  0.0000 ,  0.0000 ,
  0.0000 ,  0.0000 ,  0.0000 ,  0.0000 ,  0.0000 ,  0.0000 ,
  0.0000 ,  0.0000 ,  0.0000 ,  0.0000 ,  0.0000 ,  0.0000 ,
  0.0000 ,  0.0000 ,  0.0000 ,  0.0000 ,  0.0000 ,  0.0000 ,
  0.0000 ,  0.0000 ,  0.0000 ,  0.0000 ,  0.0000 ,  0.0000 ,
  0.0000 ,  0.0000 ,  0.0000 ,  0.0000 ,  0.0000 ,  0.0000 ,
  0.0000 ,  0.0000 ,  0.0000 ,  0.0000 ,  0.0000 ,  0.0000 ,
  0.0000 ,  0.0000 ,  0.0000 ,  0.0000 ,  0.0000 ,  0.0000 ,
  0.0000 ,  0.0000 ,  0.0000 ,  0.0000 ,  0.0000 ,  0.0000 ,
  0.0000 ,  0.0000 ,  0.0000 ,  0.0000 ,  0.0000 ,  0.0000 ,
  0.0000 ,  0.0000 ,  0.0000 ,  0.0000 ,  0.0000 ,  0.0000 ,
  0.0000 ,  0.0000 ,  0.0000 ,  0.0000 ,  0.0000 ,  0.0000 ,
  0.0000 ,  0.0000 ,  0.0000 ,  0.0000 ,  0.0000 ,  0.0000 ,
  0.0000 ,  0.0000 ,  0.0000 ,  0.0000 ,  0.0000 ,  0.0000 ,
  0.0000 ,  0.0000 ,  0.0000 ,  0.0000 ,  0.0000 ,  0.0000 ,
  0.0000 ,  0.0000 ,  0.0000 ,  0.0000 ,  0.0000 ,  0.0000 ,
  0.0000 ,  0.0000 ,  0.0000 ,  0.0000 ,  0.0000 ,  0.0000 ,
  0.0000 ,  0.0000 ,  0.0000 ,  0.0000 ,  0.0000 ,  0.0000 ,
  0.0000 ,  0.0000 ,  0.0000 ,  0.0000 ,  0.0000 ,  0.0000 ,
  0.0000 ,  0.0000 ,  0.0000 ,  0.0000 ,  0.0000 ,  0.0000 ,
  0.0000 ,  0.0000 ,  0.0000 ,  0.0000 ,  0.0000 ,  0.0000 ,
  0.0000 ,  0.0000 ,  0.0000 ,  0.0000 ,  0.0000 ,  0.0000 ,
  0.0000 ,  0.0000 ,  0.0000 ,  0.0000 ,  0.0000 ,  0.0000 ,
  0.0000 ,  0.0000 ,  0.0000 ,  0.0000 ,  0.0000 ,  0.0000 ,
  0.0000 ,  0.0000 ,  0.0000 ,  0.0000 ,  0.0000 ,  0.0000 ,
  0.0000 ,  0.0000 ,  0.0000 ,  0.0000 ,  0.0000 ,  0.0000 ,
  0.0000 ,  0.0000 ,  0.0000 ,  0.0000 ,  0.0000 ,  0.0000 ,
  0.0000 ,  0.0000 ,  0.0000 ,  0.0000 ,  0.0000 ,  0.0000 ,
  0.0000 ,  0.0000 ,  0.0000 ,  0.0000 ,  0.0000 ,  0.0000 ,
  0.0000 ,  0.0000 ,  0.0000 ,  0.0000 ,  0.0000 ,  0.0000 ,
  0.0000 ,  0.0000 ,  0.0000 ,  0.0000 ,  0.0000 ,  0.0000 ,
  0.0000 ,  0.0000 ,  0.0000 ,  0.0000 ,  0.0000 ,  0.0000 ,
  0.0000 ,  0.0000 ,  0.0000 ,  0.0000 ,  0.0000 ,  0.0000 ,
  0.0000 ,  0.0000 ,  0.0000 ,  0.0000 ,  0.0000 ,  0.0000 ,
  0.0000 ,  0.0000 ,  0.0000 ,  0.0000 ,  0.0000 ,  0.0000 ,
  0.0000 ,  0.0000 ,  0.0000 ,  0.0000 ,  0.0000 ,  0.0000 ,
  0.0000 ,  0.0000 ,  0.0000 ,  0.0000 ,  0.0000 ,  0.0000 ,
  0.0000 ,  0.0000 ,  0.0000 ,  0.0000 ,  0.0000 ,  0.0000 ,
  0.0000 ,  0.0000 ,  0.0000 ,  0.0000 ,  0.0000 ,  0.0000 ,
  0.0000 ,  0.0000 ,  0.0000 ,  0.0000 ,  0.0000 ,  0.0000 ,
  0.0000 ,  0.0000 ,  0.0000 ,  0.0000 ,  0.0000 ,  0.0000 ,
  0.0000 ,  0.0000 ,  0.0000 ,  0.0000 ,  0.0000 ,  0.0000 ,
  0.0000 ,  0.0000 ,  0.0000 ,  0.0000 ,  0.0000 ,  0.0000 ,
  0.0000 ,  0.0000 ,  0.0000 ,  0.0000 ,  0.0000 ,  0.0000 ,
  0.0000 ,  0.0000 ,  0.0000 ,  0.0000 ,  0.0000 ,  0.0000 ,
  0.0000 ,  0.0000 ,  0.0000 ,  0.0000 ,  0.0000 ,  0.0000 ,
  0.0000 ,  0.0000 ,  0.0000 ,  0.0000 ,  0.0000 ,  0.0000 ,
  0.0000 ,  0.0000 ,  0.0000 ,  0.0000 ,  0.0000 ,  0.0000 ,
  0.0000 ,  0.0000 ,  0.0000 ,  0.0000 ,  0.0000 ,  0.0000 ,
  0.0000 ,  0.0000 ,  0.0000 ,  0.0000 ,  0.0000 ,  0.0000 ,
  0.0000 ,  0.0000 ,  0.0000 ,  0.0000 ,  0.0000 ,  0.0000 ,
  0.0000 ,  0.0000 ,  0.0000 ,  0.0000 ,  0.0000 ,  0.0000 ,
  0.0000 ,  0.0000 ,  0.0000 ,  0.0000 ,  0.0000 ,  0.0000 ,
  0.0000 ,  0.0000 ,  0.0000 ,  0.0000 ,  0.0000 ,  0.0000 ,
  0.0000 ,  0.0000 ,  0.0000 ,  0.0000 ,  0.0000 ,  0.0000 ,
  0.0000 ,  0.0000 ,  0.0000 ,  0.0000 ,  0.0000 ,  0.0000 ,
  0.0000 ,  0.0000 ,  0.0000 ,  0.0000 ,  0.0000 ,  0.0000 ,
  0.0000 ,  0.0000 ,  0.0000 ,  0.0000 ,  0.0000 ,  0.0000 ,
  0.0000 ,  0.0000 ,  0.0000 ,  0.0000 ,  0.0000 ,  0.0000 ,
  0.0000 ,  0.0000 ,  0.0000 ,  0.0000 ,  0.0000 ,  0.0000 ,
  0.0000 ,  0.0000 ,  0.0000 ,  0.0000 ,  0.0000 ,  0.0000 ,
  0.0000 ,  0.0000 ,  0.0000 ,  0.0000 ,  0.0000 ,  0.0000 ,
  0.0000 ,  0.0000 ,  0.0000 ,  0.0000 ,  0.0000 ,  0.0000 ,
  0.0000 ,  0.0000 ,  0.0000 ,  0.0000 ,  0.0000 ,  0.0000 ,
  0.0000 ,  0.0000 ,  0.0000 ,  0.0000 ,  0.0000 ,  0.0000 ,
  0.0000 ,  0.0000 ,  0.0000 ,  0.0000 ,  0.0000 ,  0.0000 ,
  0.0000 ,  0.0000 ,  0.0000 ,  0.0000 ,  0.0000 ,  0.0000 ,
  0.0000 ,  0.0000 ,  0.0000 ,  0.0000 ,  0.0000 ,  0.0000 ,
  0.0000 ,  0.0000 ,  0.0000 ,  0.0000 ,  0.0000 ,  0.0000 ,
  0.0000 ,  0.0000 ,  0.0000 ,  0.0000 ,  0.0000 ,  0.0000 ,
  0.0000 ,  0.0000 ,  0.0000 ,  0.0000 ,  0.0000 ,  0.0000 ,
  0.0000 ,  0.0000 ,  0.0000 ,  0.0000 ,  0.0000 ,  0.0000 ,
  0.0000 ,  0.0000 ,  0.0000 ,  0.0000 ,  0.0000 ,  0.0000 ,
  0.0000 ,  0.0000 ,  0.0000 ,  0.0000 ,  0.0000 ,  0.0000 ,
  0.0000 ,  0.0000 ,  0.0000 ,  0.0000 ,  0.0000 ,  0.0000 ,
  0.0000 ,  0.0000 ,  0.0000 ,  0.0000 ,  0.0000 ,  0.0000 ,
  0.0000 ,  0.0000 ,  0.0000 ,  0.0000 ,  0.0000 ,  0.0000 ,
  0.0000 ,  0.0000 ,  0.0000 ,  0.0000 ,  0.0000 ,  0.0000 ,
  0.0000 ,  0.0000 ,  0.0000 ,  0.0000 ,  0.0000 ,  0.0000 ,
  0.0000 ,  0.0000 ,  0.0000 ,  0.0000 ,  0.0000 ,  0.0000 ,
  0.0000 ,  0.0000 ,  0.0000 ,  0.0000 ,  0.0000 ,  0.0000 ,
  0.0000 ,  0.0000 ,  0.0000 ,  0.0000 ,  0.0000 ,  0.0000 ,
  0.0000 ,  0.0000 ,  0.0000 ,  0.0000 ,  0.0000 ,  0.0000 ,
  0.0000 ,  0.0000 ,  0.0000 ,  0.0000 ,  0.0000 ,  0.0000 ,
  0.0000 ,  0.0000 ,  0.0000 ,  0.0000 ,  0.0000 ,  0.0000 ,
  0.0000 ,  0.0000 ,  0.0000 ,  0.0000 ,  0.0000 ,  0.0000 ,
  0.0000 ,  0.0000 ,  0.0000 ,  0.0000 ,  0.0000 ,  0.0000 ,
  0.0000 ,  0.0000 ,  0.0000 ,  0.0000 ,  0.0000 ,  0.0000 ,
  0.0000 ,  0.0000 ,  0.0000 ,  0.0000 ,  0.0000 ,  0.0000 ,
  0.0000 ,  0.0000 ,  0.0000 ,  0.0000 ,  0.0000 ,  0.0000 ,
  0.0000 ,  0.0000 ,  0.0000 ,  0.0000 ,  0.0000 ,  0.0000 ,
  0.0000 ,  0.0000 ,  0.0000 ,  0.0000 ,  0.0000 ,  0.0000 ,
  0.0000 ,  0.0000 ,  0.0000 ,  0.0000 ,  0.0000 ,  0.0000 ,
  0.0000 ,  0.0000 ,  0.0000 ,  0.0000 ,  0.0000 ,  0.0000 ,
  0.0000 ,  0.0000 ,  0.0000 ,  0.0000 ,  0.0000 ,  0.0000 ,
  0.0000 ,  0.0000 ,  0.0000 ,  0.0000 ,  0.0000 ,  0.0000 ,
  0.0000 ,  0.0000 ,  0.0000 ,  0.0000 ,  0.0000 ,  0.0000 ,
  0.0000 ,  0.0000 ,  0.0000 ,  0.0000 ,  0.0000 ,  0.0000 ,
  0.0000 ,  0.0000 ,  0.0000 ,  0.0000 ,  0.0000 ,  0.0000 ,
  0.0000 ,  0.0000 ,  0.0000 ,  0.0000 ,  0.0000 ,  0.0000 ,
  0.0000 ,  0.0000 ,  0.0000 ,  0.0000 ,  0.0000 ,  0.0000 ,
  0.0000 ,  0.0000 ,  0.0000 ,  0.0000 ,  0.0000 ,  0.0000 ,
  0.0000 ,  0.0000 ,  0.0000 ,  0.0000 ,  0.0000 ,  0.0000 ,
  0.0000 ,  0.0000 ,  0.0000 ,  0.0000 ,  0.0000 ,  0.0000 ,
  0.0000 ,  0.0000 ,  0.0000 ,  0.0000 ,  0.0000 ,  0.0000 ,
  0.0000 ,  0.0000 ,  0.0000 ,  0.0000 ,  0.0000 ,  0.0000 ,
  0.0000 ,  0.0000 ,  0.0000 ,  0.0000 ,  0.0000 ,  0.0000 ,
  0.0000 ,  0.0000 ,  0.0000 ,  0.0000 ,  0.0000 ,  0.0000 ,
  0.0000 ,  0.0000 ,  0.0000 ,  0.0000 ,  0.0000 ,  0.0000 ,
  0.0000 ,  0.0000 ,  0.0000 ,  0.0000 ,  0.0000 ,  0.0000 ,
  0.0000 ,  0.0000 ,  0.0000 ,  0.0000 ,  0.0000 ,  0.0000 ,
  0.0000 ,  0.0000 ,  0.0000 ,  0.0000 ,  0.0000 ,  0.0000 ,
  0.0000 ,  0.0000 ,  0.0000 ,  0.0000 ,  0.0000 ,  0.0000 ,
  0.0000 ,  0.0000 ,  0.0000 ,  0.0000 ,  0.0000 ,  0.0000 ,
  0.0000 ,  0.0000 ,  0.0000 ,  0.0000 ,  0.0000 ,  0.0000 ,
  0.0000 ,  0.0000 ,  0.0000 ,  0.0000 ,  0.0000 ,  0.0000 ,
  0.0000 ,  0.0000 ,  0.0000 ,  0.0000 ,  0.0000 ,  0.0000 ,
  0.0000 ,  0.0000 ,  0.0000 ,  0.0000 ,  0.0000 ,  0.0000 ,
  0.0000 ,  0.0000 ,  0.0000 ,  0.0000 ,  0.0000 ,  0.0000 ,
  0.0000 ,  0.0000 ,  0.0000 ,  0.0000 ,  0.0000 ,  0.0000 ,
  0.0000 ,  0.0000 ,  0.0000 ,  0.0000 ,  0.0000 ,  0.0000 ,
  0.0000 ,  0.0000 ,  0.0000 ,  0.0000 ,  0.0000 ,  0.0000 ,
  0.0000 ,  0.0000 ,  0.0000 ,  0.0000 ,  0.0000 ,  0.0000 ,
  0.0000 ,  0.0000 ,  0.0000 ,  0.0000 ,  0.0000 ,  0.0000 ,
  0.0000 ,  0.0000 ,  0.0000 ,  0.0000 ,  0.0000 ,  0.0000 ,
  0.0000 ,  0.0000 ,  0.0000 ,  0.0000 ,  0.0000 ,  0.0000 ,
  0.0000 ,  0.0000 ,  0.0000 ,  0.0000 ,  0.0000 ,  0.0000 ,
  0.0000 ,  0.0000 ,  0.0000 ,  0.0000 ,  0.0000 ,  0.0000 ,
  0.0000 ,  0.0000 ,  0.0000 ,  0.0000 ,  0.0000 ,  0.0000 ,
  0.0000 ,  0.0000 ,  0.0000 ,  0.0000 ,  0.0000 ,  0.0000 ,
  0.0000 ,  0.0000 ,  0.0000 ,  0.0000 ,  0.0000 ,  0.0000 ,
  0.0000 ,  0.0000 ,  0.0000 ,  0.0000 ,  0.0000 ,  0.0000 ,
  0.0000 ,  0.0000 ,  0.0000 ,  0.0000 ,  0.0000 ,  0.0000 ,
  0.0000 ,  0.0000 ,  0.0000 ,  0.0000 ,  0.0000 ,  0.0000 ,
  0.0000 ,  0.0000 ,  0.0000 ,  0.0000 ,  0.0000 ,  0.0000 ,
  0.0000 ,  0.0000 ,  0.0000 ,  0.0000 ,  0.0000 ,  0.0000 ,
  0.0000 ,  0.0000 ,  0.0000 ,  0.0000 ,  0.0000 ,  0.0000 ,
  0.0000 ,  0.0000 ,  0.0000 ,  0.0000 ,  0.0000 ,  0.0000 ,
  0.0000 ,  0.0000 ,  0.0000 ,  0.0000 ,  0.0000 ,  0.0000 ,
  0.0000 ,  0.0000 ,  0.0000 ,  0.0000 ,  0.0000 ,  0.0000 ,
  0.0000 ,  0.0000 ,  0.0000 ,  0.0000 ,  0.0000 ,  0.0000 ,
  0.0000 ,  0.0000 ,  0.0000 ,  0.0000 ,  0.0000 ,  0.0000 ,
  0.0000 ,  0.0000 ,  0.0000 ,  0.0000 ,  0.0000 ,  0.0000 ,
  0.0000 ,  0.0000 ,  0.0000 ,  0.0000 ,  0.0000 ,  0.0000 ,
  0.0000 ,  0.0000 ,  0.0000 ,  0.0000 ,  0.0000 ,  0.0000 ,
  0.0000 ,  0.0000 ,  0.0000 ,  0.0000 ,  0.0000 ,  0.0000 ,
  0.0000 ,  0.0000 ,  0.0000 ,  0.0000 ,  0.0000 ,  0.0000 ,
  0.0000 ,  0.0000 ,  0.0000 ,  0.0000 ,  0.0000 ,  0.0000 ,
  0.0000 ,  0.0000 ,  0.0000 ,  0.0000 ,  0.0000 ,  0.0000 ,
  0.0000 ,  0.0000 ,  0.0000 ,  0.0000 ,  0.0000 ,  0.0000 ,
  0.0000 ,  0.0000 ,  0.0000 ,  0.0000 ,  0.0000 ,  0.0000 ,
  0.0000 ,  0.0000 ,  0.0000 ,  0.0000 ,  0.0000 ,  0.0000 ,
  0.0000 ,  0.0000 ,  0.0000 ,  0.0000 ,  0.0000 ,  0.0000 ,
  0.0000 ,  0.0000 ,  0.0000 ,  0.0000 ,  0.0000 ,  0.0000 ,
  0.0000 ,  0.0000 ,  0.0000 ,  0.0000 ,  0.0000 ,  0.0000 ,
  0.0000 ,  0.0000 ,  0.0000 ,  0.0000 ,  0.0000 ,  0.0000 ,
  0.0000 ,  0.0000 ,  0.0000 ,  0.0000 ,  0.0000 ,  0.0000 ,
  0.0000 ,  0.0000 ,  0.0000 ,  0.0000 ,  0.0000 ,  0.0000 ,
  0.0000 ,  0.0000 ,  0.0000 ,  0.0000 ,  0.0000 ,  0.0000 ,
  0.0000 ,  0.0000 ,  0.0000 ,  0.0000 ,  0.0000 ,  0.0000 ,
  0.0000 ,  0.0000 ,  0.0000 ,  0.0000 ,  0.0000 ,  0.0000 ,
  0.0000 ,  0.0000 ,  0.0000 ,  0.0000 ,  0.0000 ,  0.0000 ,
  0.0000 ,  0.0000 ,  0.0000 ,  0.0000 ,  0.0000 ,  0.0000 ,
  0.0000 ,  0.0000 ,  0.0000 ,  0.0000 ,  0.0000 ,  0.0000 ,
  0.0000 ,  0.0000 ,  0.0000 ,  0.0000 ,  0.0000 ,  0.0000 ,
  0.0000 ,  0.0000 ,  0.0000 ,  0.0000 ,  0.0000 ,  0.0000 ,
  0.0000 ,  0.0000 ,  0.0000 ,  0.0000 ,  0.0000 ,  0.0000 ,
  0.0000 ,  0.0000 ,  0.0000 ,  0.0000 ,  0.0000 ,  0.0000 ,
  0.0000 ,  0.0000 ,  0.0000 ,  0.0000 ,  0.0000 ,  0.0000 ,
  0.0000 ,  0.0000 ,  0.0000 ,  0.0000 ,  0.0000 ,  0.0000 ,
  0.0000 ,  0.0000 ,  0.0000 ,  0.0000 ,  0.0000 ,  0.0000 ,
  0.0000 ,  0.0000 ,  0.0000 ,  0.0000 ,  0.0000 ,  0.0000 ,
  0.0000 ,  0.0000 ,  0.0000 ,  0.0000 ,  0.0000 ,  0.0000 ,
  0.0000 ,  0.0000 ,  0.0000 ,  0.0000 ,  0.0000 ,  0.0000 ,
  0.0000 ,  0.0000 ,  0.0000 ,  0.0000 ,  0.0000 ,  0.0000 ,
  0.0000 ,  0.0000 ,  0.0000 ,  0.0000 ,  0.0000 ,  0.0000 ,
  0.0000 ,  0.0000 ,  0.0000 ,  0.0000 ,  0.0000 ,  0.0000 ,
  0.0000 ,  0.0000 ,  0.0000 ,  0.0000 ,  0.0000 ,  0.0000 ,
  0.0000 ,  0.0000 ,  0.0000 ,  0.0000 ,  0.0000 ,  0.0000 ,
  0.0000 ,  0.0000 ,  0.0000 ,  0.0000 ,  0.0000 ,  0.0000 ,
  0.0000 ,  0.0000 ,  0.0000 ,  0.0000 ,  0.0000 ,  0.0000 ,
  0.0000 ,  0.0000 ,  0.0000 ,  0.0000 ,  0.0000 ,  0.0000 ,
  0.0000 ,  0.0000 ,  0.0000 ,  0.0000 ,  0.0000 ,  0.0000 ,
  0.0000 ,  0.0000 ,  0.0000 ,  0.0000 ,  0.0000 ,  0.0000 ,
  0.0000 ,  0.0000 ,  0.0000 ,  0.0000 ,  0.0000 ,  0.0000 ,
  0.0000 ,  0.0000 ,  0.0000 ,  0.0000 ,  0.0000 ,  0.0000 ,
  0.0000 ,  0.0000 ,  0.0000 ,  0.0000 ,  0.0000 ,  0.0000 ,
  0.0000 ,  0.0000 ,  0.0000 ,  0.0000 ,  0.0000 ,  0.0000 ,
  0.0000 ,  0.0000 ,  0.0000 ,  0.0000 ,  0.0000 ,  0.0000 ,
  0.0000 ,  0.0000 ,  0.0000 ,  0.0000 ,  0.0000 ,  0.0000 ,
  0.0000 ,  0.0000 ,  0.0000 ,  0.0000 ,  0.0000 ,  0.0000 ,
  0.0000 ,  0.0000 ,  0.0000 ,  0.0000 ,  0.0000 ,  0.0000 ,
  0.0000 ,  0.0000 ,  0.0000 ,  0.0000 ,  0.0000 ,  0.0000 ,
  0.0000 ,  0.0000 ,  0.0000 ,  0.0000 ,  0.0000 ,  0.0000 ,
  0.0000 ,  0.0000 ,  0.0000 ,  0.0000 ,  0.0000 ,  0.0000 ,
  0.0000 ,  0.0000 ,  0.0000 ,  0.0000 ,  0.0000 ,  0.0000 ,
  0.0000 ,  0.0000 ,  0.0000 ,  0.0000 ,  0.0000 ,  0.0000 ,
  0.0000 ,  0.0000 ,  0.0000 ,  0.0000 ,  0.0000 ,  0.0000 ,
  0.0000 ,  0.0000 ,  0.0000 ,  0.0000 ,  0.0000 ,  0.0000 ,
  0.0000 ,  0.0000 ,  0.0000 ,  0.0000 ,  0.0000 ,  0.0000 ,
  0.0000 ,  0.0000 ,  0.0000 ,  0.0000 ,  0.0000 ,  0.0000 ,
  0.0000 ,  0.0000 ,  0.0000 ,  0.0000 ,  0.0000 ,  0.0000 ,
  0.0000 ,  0.0000 ,  0.0000 ,  0.0000 ,  0.0000 ,  0.0000 ,
  0.0000 ,  0.0000 ,  0.0000 ,  0.0000 ,  0.0000 ,  0.0000 ,
  0.0000 ,  0.0000 ,  0.0000 ,  0.0000 ,  0.0000 ,  0.0000 ,
  0.0000 ,  0.0000 ,  0.0000 ,  0.0000 ,  0.0000 ,  0.0000 ,
  0.0000 ,  0.0000 ,  0.0000 ,  0.0000 ,  0.0000 ,  0.0000 ,
  0.0000 ,  0.0000 ,  0.0000 ,  0.0000 ,  0.0000 ,  0.0000 ,
  0.0000 ,  0.0000 ,  0.0000 ,  0.0000 ,  0.0000 ,  0.0000 ,
  0.0000 ,  0.0000 ,  0.0000 ,  0.0000 ,  0.0000 ,  0.0000 ,
  0.0000 ,  0.0000 ,  0.0000 ,  0.0000 ,  0.0000 ,  0.0000 ,
  0.0000 ,  0.0000 ,  0.0000 ,  0.0000 ,  0.0000 ,  0.0000 ,
  0.0000 ,  0.0000 ,  0.0000 ,  0.0000 ,  0.0000 ,  0.0000 ,
  0.0000 ,  0.0000 ,  0.0000 ,  0.0000 ,  0.0000 ,  0.0000 ,
  0.0000 ,  0.0000 ,  0.0000 ,  0.0000 ,  0.0000 ,  0.0000 ,
  0.0000 ,  0.0000 ,  0.0000 ,  0.0000 ,  0.0000 ,  0.0000 ,
  0.0000 ,  0.0000 ,  0.0000 ,  0.0000 ,  0.0000 ,  0.0000 ,
  0.0000 ,  0.0000 ,  0.0000 ,  0.0000 ,  0.0000 ,  0.0000 ,
  0.0000 ,  0.0000 ,  0.0000 ,  0.0000 ,  0.0000 ,  0.0000 ,
  0.0000 ,  0.0000 ,  0.0000 ,  0.0000 ,  0.0000 ,  0.0000 ,
  0.0000 ,  0.0000 ,  0.0000 ,  0.0000 ,  0.0000 ,  0.0000 ,
  0.0000 ,  0.0000 ,  0.0000 ,  0.0000 ,  0.0000 ,  0.0000 ,
  0.0000 ,  0.0000 ,  0.0000 ,  0.0000 ,  0.0000 ,  0.0000 ,
