 -0.1216 , -0.0405 ,  0.1559 , -1.5072 , -0.1855 ,  0.6836 ,
 -0.0408 ,  0.0403 , -0.3178 , -0.8262 ,  2.4167 ,  0.0036 ,
 -0.0003 ,  0.0809 , -0.3174 , -0.8881 ,  1.2274 ,  0.6541 ,
 -0.0006 , -0.0411 , -0.1586 , -2.2583 ,  1.8739 ,  0.0018 ,
  0.0802 , -0.0819 ,  0.0010 , -1.4276 , -0.4809 , -0.3253 ,
  0.0802 , -0.0007 , -0.1578 , -0.7707 ,  2.6139 ,  0.3270 ,
  0.0804 , -0.0412 ,  0.0009 , -0.7141 ,  1.3782 , -0.0000 ,
  0.0804 ,  0.1618 , -0.4754 , -1.7816 ,  1.3368 , -0.6451 ,
 -0.1224 , -0.0819 , -0.4770 , -2.1861 ,  1.6913 ,  0.3306 ,
 -0.0003 ,  0.0809 , -0.3174 , -2.4380 , -0.0171 ,  0.6541 ,
 -0.0811 ,  0.0405 , -0.3182 , -3.1506 ,  1.7317 ,  0.0036 ,
 -0.0406 ,  0.1220 ,  0.1561 , -0.9617 ,  1.1489 ,  0.0115 ,
 -0.0010 , -0.0009 , -0.4759 ,  0.0147 ,  1.8645 , -0.3199 ,
  0.1606 ,  0.0798 , -0.4745 , -2.4343 ,  0.8560 ,  0.3306 ,
  0.0801 ,  0.0398 , -0.3165 , -0.8273 ,  1.3610 ,  0.0036 ,
  0.0798 ,  0.0395 , -0.4752 , -1.5973 ,  1.9826 ,  0.3306 ,
  0.0400 ,  0.0807 , -0.3170 , -0.1135 ,  0.6681 ,  0.0036 ,
 -0.0812 , -0.1219 , -0.0006 , -1.3647 ,  2.3865 , -0.3252 ,
 -0.0002 , -0.0408 ,  0.0001 ,  0.0615 ,  1.2524 , -0.0000 ,
  0.1600 ,  0.0388 , -0.6330 , -0.0433 ,  4.5966 ,  0.3323 ,
 -0.0812 , -0.0407 , -0.1594 , -1.4827 ,  1.1257 , -0.3234 ,
  0.0799 , -0.0010 , -0.3165 ,  0.7839 ,  1.3689 ,  0.3288 ,
 -0.0410 , -0.0004 , -0.3177 , -0.7647 ,  1.1801 ,  0.6541 ,
 -0.0816 , -0.0005 , -0.4767 , -0.7595 ,  1.1164 , -0.3199 ,
 -0.1206 , -0.1210 ,  0.4753 ,  0.1695 , -0.7895 ,  0.6711 ,
 -0.0801 ,  0.0822 ,  0.1574 , -0.1256 ,  0.4800 , -0.0013 ,
 -0.0012 ,  0.0395 , -0.6346 , -0.8168 , -1.2555 ,  0.3323 ,
 -0.1221 , -0.0411 , -0.4771 , -2.2477 ,  2.3057 ,  0.6558 ,
 -0.0008 ,  0.0398 , -0.4760 , -1.5966 ,  1.2344 ,  0.3306 ,
  0.0400 ,  0.0807 , -0.3170 , -0.8884 ,  1.9127 , -0.3217 ,
 -0.0820 , -0.0009 , -0.6354 ,  0.7951 ,  1.1157 ,  0.0071 ,
 -0.0407 ,  0.1216 , -0.4765 , -0.1694 ,  1.7782 , -0.3199 ,
  0.0402 ,  0.0403 , -0.1583 , -0.8318 ,  1.2989 ,  0.3270 ,
 -0.1214 ,  0.0407 , -0.3186 , -0.0506 ,  1.0464 , -0.3217 ,
 -0.1214 ,  0.0407 , -0.3186 ,  0.7241 ,  1.6688 ,  0.9793 ,
 -0.0806 ,  0.0004 , -0.0008 , -1.5490 ,  1.1186 ,  0.3252 ,
 -0.0406 ,  0.0811 , -0.3178 , -0.1128 ,  1.7869 , -0.3217 ,
 -0.0009 , -0.0414 , -0.3172 , -0.7037 ,  0.0063 ,  0.0036 ,
  0.0389 , -0.0014 , -0.6342 , -3.8553 ,  0.0599 ,  0.0071 ,
  0.0808 ,  0.0404 ,  0.0007 , -0.8370 ,  2.6070 ,  0.6504 ,
 -0.0005 ,  0.0401 , -0.3174 , -0.8266 ,  1.2353 ,  0.0036 ,
 -0.0810 ,  0.1218 , -0.4770 ,  0.6058 ,  1.0929 ,  0.6558 ,
 -0.0805 ,  0.0816 , -0.1596 , -0.1173 ,  2.3468 , -0.3234 ,
  0.1203 , -0.0417 , -0.1573 , -1.4845 ,  1.4403 ,  0.0018 ,
 -0.1210 ,  0.0410 , -0.1599 , -0.0555 ,  1.0472 ,  0.3270 ,
 -0.0814 ,  0.0402 , -0.4768 , -0.0461 , -0.1359 , -0.3199 ,
 -0.0012 ,  0.0395 , -0.6346 , -1.5917 ,  1.8560 ,  0.3323 ,
 -0.0009 , -0.0414 , -0.3172 , -0.7037 ,  2.4953 ,  0.0036 ,
  0.0399 ,  0.1212 , -0.4757 , -1.7198 ,  0.6595 , -0.3199 ,
  0.0398 ,  0.0400 , -0.3170 , -0.8269 ,  1.2981 ,  0.0036 ,
 -0.0405 , -0.0406 , -0.0003 , -0.7131 ,  1.1894 , -0.3252 ,
 -0.0008 ,  0.0398 , -0.4760 , -0.8217 ,  1.8568 ,  0.3306 ,
 -0.0005 ,  0.0401 , -0.3174 , -0.8265 ,  1.8576 , -0.3217 ,
  0.0004 ,  0.0815 , -0.0002 , -0.8978 ,  1.8511 , -0.3252 ,
  0.0404 ,  0.0810 , -0.1584 ,  1.4313 ,  1.2910 ,  0.3270 ,
 -0.0005 ,  0.0401 , -0.3174 , -2.3765 , -0.6316 ,  0.0036 ,
 -0.0412 , -0.0412 , -0.3176 , -1.4782 ,  0.5656 ,  0.6541 ,
  0.0809 ,  0.1216 , -0.1581 ,  0.5946 ,  0.7239 ,  0.6522 ,
  0.1196 , -0.0423 , -0.4746 , -2.2496 ,  0.1943 ,  0.0053 ,
  0.0407 ,  0.0813 ,  0.0003 , -0.1233 ,  1.9141 ,  0.3252 ,
  0.1208 ,  0.0399 , -0.1575 , -1.6073 ,  1.4247 ,  0.3270 ,
 -0.0809 ,  0.1225 ,  0.1551 , -3.3086 ,  1.6979 ,  0.0235 ,
  0.1199 ,  0.0797 , -0.6335 , -0.8793 ,  1.4147 ,  0.6576 ,
  0.0388 , -0.0826 , -0.4754 , -0.6376 ,  1.9431 ,  0.6558 ,
 -0.0816 , -0.0005 , -0.4767 ,  0.0154 ,  0.4942 ,  0.3306 ,
 -0.0001 ,  0.0405 , -0.1587 , -0.8315 ,  2.4805 ,  0.3270 ,
  0.0790 , -0.0424 , -0.6337 , -0.6946 ,  1.3752 ,  0.3323 ,
  0.0804 , -0.0412 ,  0.0009 ,  0.8356 ,  0.1336 , -0.3253 ,
 -0.0806 ,  0.0004 , -0.0008 ,  0.0007 ,  1.7410 , -0.3252 ,
  0.1604 ,  0.1203 , -0.6332 , -0.1662 ,  0.2252 ,  0.9828 ,
  0.0800 ,  0.0802 , -0.4752 , -0.8838 ,  0.7302 ,  0.3306 ,
 -0.0414 , -0.0820 , -0.3175 , -0.6419 , -0.0488 , -0.3217 ,
  0.0799 , -0.0010 , -0.3165 ,  0.0091 ,  1.3689 ,  0.0036 ,
  0.0403 ,  0.1219 ,  0.1571 , -0.9610 ,  1.2778 ,  0.3351 ,
  0.0803 ,  0.0805 , -0.3166 , -1.6636 ,  0.7310 , -0.6469 ,
 -0.0013 , -0.0417 , -0.4758 , -0.6988 ,  1.2500 ,  0.6558 ,
  0.0002 ,  0.0408 , -0.0001 , -2.3862 ,  0.6144 ,  0.3252 ,
  0.0405 ,  0.0406 ,  0.0003 , -0.8367 ,  0.6774 ,  0.9757 ,
 -0.0407 ,  0.1216 , -0.4765 , -0.1694 ,  0.5336 ,  0.0053 ,
 -0.0010 , -0.0009 , -0.4759 ,  0.0147 , -1.2469 ,  0.0053 ,
 -0.0003 ,  0.0809 , -0.3174 , -1.6629 ,  0.6051 , -0.3217 ,
  0.0408 , -0.0403 ,  0.3161 , -1.4814 ,  1.9499 ,  0.6547 ,
 -0.2022 ,  0.0003 , -0.3193 , -1.5383 , -0.3161 , -0.3217 ,
 -0.0817 , -0.0818 , -0.3179 , -0.6415 ,  1.1329 ,  0.6541 ,
  0.0392 , -0.0011 , -0.4755 ,  0.0143 ,  0.6829 ,  0.3306 ,
 -0.0404 ,  0.1219 , -0.3179 , -0.9491 ,  1.1567 ,  0.3288 ,
  0.1196 , -0.0423 , -0.4746 ,  0.8499 ,  2.0612 ,  0.3306 ,
  0.0807 ,  0.1621 , -0.3168 , -1.7865 ,  0.0931 , -0.3217 ,
  0.0403 , -0.0002 ,  0.0004 , -0.0003 ,  0.0629 , -0.3253 ,
 -0.0815 , -0.0410 , -0.3180 , -0.7029 ,  2.3695 ,  0.0036 ,
 -0.0006 , -0.0411 , -0.1586 , -1.4835 ,  1.2515 ,  0.0018 ,
 -0.1203 ,  0.1229 , -0.0014 , -0.1833 ,  1.0323 ,  0.0000 ,
  0.0403 , -0.0002 ,  0.0004 , -3.8749 ,  1.9298 , -0.0000 ,
 -0.1217 ,  0.0404 , -0.4772 , -2.3706 ,  1.0456 ,  0.3306 ,
  0.0810 ,  0.0811 ,  0.0007 , -0.8985 ,  2.5992 ,  0.6504 ,
 -0.0003 , -0.0003 , -0.1586 , -0.7700 ,  1.2438 ,  0.0018 ,
 -0.0001 ,  0.0405 , -0.1587 , -1.6064 , -0.6309 ,  0.0018 ,
  0.0805 ,  0.0401 , -0.1579 , -0.8322 ,  1.9841 , -0.3235 ,
  0.0805 ,  0.1213 , -0.3167 , -1.7250 ,  2.5899 ,  0.6540 ,
 -0.0397 ,  0.1225 , -0.0006 , -1.7338 ,  2.4026 , -0.6505 ,
 -0.0404 ,  0.1219 , -0.3179 , -0.9491 , -0.7102 ,  0.3288 ,
  0.0796 ,  0.0799 , -0.6339 , -1.6538 , -0.5151 , -0.3181 ,
 -0.0003 , -0.0003 , -0.1586 , -2.3199 ,  1.2438 ,  0.0018 ,
 -0.0006 ,  0.0806 , -0.4761 , -0.8831 ,  0.6044 ,  0.6558 ,
 -0.0409 ,  0.0808 , -0.4765 , -0.8828 ,  1.7860 ,  0.0053 ,
 -0.0408 ,  0.0403 , -0.3178 , -1.6010 ,  1.7946 ,  0.0036 ,
  0.0805 ,  0.0401 , -0.1579 , -0.0573 ,  0.1173 ,  0.0018 ,
  0.0808 ,  0.0404 ,  0.0007 , -0.0622 , -1.1267 , -0.0000 ,
 -0.0392 ,  0.0422 ,  0.4750 , -0.0725 ,  1.1739 , -0.3173 ,
  0.0407 ,  0.0813 ,  0.0003 , -0.8982 ,  0.6696 , -0.0000 ,
 -0.0397 ,  0.1225 , -0.0006 , -3.2834 ,  2.4026 ,  0.3252 ,
 -0.0809 ,  0.0001 , -0.1594 , -0.7694 ,  1.7402 , -0.3234 ,
 -0.2022 ,  0.0003 , -0.3193 ,  0.0115 ,  0.9284 ,  0.0036 ,
  0.0808 ,  0.0404 ,  0.0007 , -0.0622 ,  2.6070 , -0.3253 ,
 -0.0404 ,  0.0406 , -0.1591 , -0.8311 , -0.6938 ,  0.0018 ,
  0.1614 ,  0.0400 ,  0.0015 , -0.8377 , -0.3784 , -0.0000 ,
  0.0393 ,  0.0801 , -0.6343 ,  0.6711 ,  1.2888 ,  0.3323 ,
 -0.0410 , -0.0004 , -0.3177 ,  0.7850 ,  0.5578 ,  1.3045 ,
 -0.0003 ,  0.0809 , -0.3174 , -0.8880 ,  1.8497 , -0.6469 ,
 -0.0402 ,  0.0814 , -0.1592 , -0.1177 ,  0.5430 ,  0.0018 ,
  0.0807 ,  0.0808 , -0.1580 , -1.6684 ,  0.1095 ,  0.0018 ,
 -0.0013 , -0.0417 , -0.4758 , -3.0235 ,  1.2500 ,  0.3306 ,
 -0.0003 , -0.0003 , -0.1586 ,  0.7797 ,  1.2438 , -1.2992 ,
 -0.0404 ,  0.0406 , -0.1591 , -1.6060 ,  2.4176 ,  0.3270 ,
  0.0798 ,  0.0395 , -0.4752 , -2.3722 ,  2.6047 ,  0.9811 ,
 -0.1209 ,  0.0006 , -0.0012 ,  0.0010 ,  0.4335 , -0.3252 ,
 -0.0402 ,  0.0814 , -0.1592 , -2.4424 ,  1.7875 ,  0.3270 ,
  0.0399 , -0.0005 , -0.1582 , -0.7704 ,  1.3067 , -0.6487 ,
  0.0392 , -0.0011 , -0.4755 , -0.7605 ,  1.9274 ,  0.3306 ,
 -0.0406 , -0.0001 , -0.1590 ,  0.0052 ,  1.1808 ,  0.3270 ,
  0.0001 ,  0.0812 , -0.1588 , -0.8930 , -0.0164 ,  0.3270 ,
 -0.1218 , -0.0408 , -0.3184 ,  0.0723 ,  1.0621 ,  0.6541 ,
 -0.2024 , -0.0404 , -0.3192 , -0.7019 ,  0.3140 , -0.9722 ,
 -0.0005 ,  0.0401 , -0.3174 ,  1.4979 , -0.0093 , -0.3217 ,
 -0.1221 , -0.0411 , -0.4771 ,  0.0772 ,  1.6836 ,  0.3306 ,
 -0.0413 , -0.0007 , -0.4763 ,  0.0150 ,  1.8016 ,  0.6558 ,
  0.0808 ,  0.0404 ,  0.0007 , -1.6119 ,  0.1180 , -0.3253 ,
 -0.0413 ,  0.0805 , -0.6351 , -3.2026 ,  1.7852 , -0.3181 ,
  0.0404 ,  0.0810 , -0.1584 , -1.6682 ,  0.0465 ,  0.0018 ,
 -0.1209 ,  0.0006 , -0.0012 , -2.3237 ,  1.0558 ,  0.3253 ,
 -0.0409 ,  0.0808 , -0.4765 , -0.8828 ,  2.4082 ,  0.0053 ,
  0.0815 ,  0.0408 ,  0.3174 , -1.6333 ,  0.1251 , -0.6408 ,
 -0.0404 ,  0.0406 , -0.1591 , -1.6060 ,  0.5508 , -0.3234 ,
  0.1605 , -0.0014 , -0.3157 , -0.7665 ,  2.1169 ,  0.3288 ,
 -0.1212 ,  0.0815 , -0.3186 ,  0.6627 ,  1.0387 , -0.3217 ,
  0.0406 ,  0.0001 ,  0.1590 ,  1.5445 ,  1.3082 , -0.0018 ,
 -0.1214 ,  0.0407 , -0.3186 , -0.0506 ,  1.6688 ,  1.9549 ,
 -0.1212 ,  0.0819 ,  0.1552 , -2.4756 ,  0.4033 , -0.3135 ,
 -0.0807 ,  0.0408 , -0.1595 , -1.6056 ,  0.4879 ,  0.3270 ,
  0.0793 , -0.0421 , -0.4750 ,  0.0754 ,  1.3759 , -0.3199 ,
 -0.0820 , -0.0009 , -0.6354 ,  0.0203 ,  1.7380 ,  0.6576 ,
 -0.0002 , -0.0408 ,  0.0001 ,  0.0615 ,  0.6301 , -0.0000 ,
  0.0013 ,  0.1229 ,  0.3170 ,  0.5807 ,  1.8448 , -0.9793 ,
 -0.0409 ,  0.0808 , -0.4765 , -0.1079 ,  1.7860 ,  0.6558 ,
  0.1203 , -0.0417 , -0.1573 , -0.7096 ,  2.0625 ,  0.3270 ,
  0.0386 , -0.1234 , -0.4753 , -0.5762 ,  0.7063 , -0.3199 ,
  0.0397 ,  0.1616 , -0.6345 , -1.7764 ,  1.2732 ,  0.6576 ,
 -0.0008 ,  0.0398 , -0.4760 ,  0.7280 ,  1.8568 ,  0.3306 ,
  0.0807 ,  0.0808 , -0.1580 , -1.6684 ,  1.9763 ,  0.0018 ,
  0.0400 ,  0.0807 , -0.3170 , -0.8884 ,  1.2904 ,  0.6540 ,
 -0.0406 ,  0.0811 , -0.3178 , -1.6626 ,  1.1645 ,  0.6541 ,
 -0.0003 , -0.0003 , -0.1586 , -1.5449 ,  2.4882 ,  0.0018 ,
  0.0004 ,  0.0815 , -0.0002 ,  2.2015 ,  1.2288 ,  0.6505 ,
  0.0000 ,  0.0000 ,  0.0000 , -2.3245 ,  2.4891 , -0.3252 ,
  0.1210 ,  0.0806 , -0.1576 , -0.8939 ,  1.4169 , -0.3235 ,
 -0.1212 ,  0.0003 , -0.1599 , -0.7690 ,  1.0550 ,  0.9775 ,
  0.0001 ,  0.0812 , -0.1588 , -0.1180 ,  0.6059 , -0.3234 ,
  0.0809 ,  0.1216 , -0.1581 , -0.1802 ,  1.3462 ,  0.0018 ,
  0.0004 ,  0.0815 , -0.0002 ,  0.6519 ,  1.2288 ,  0.6505 ,
  0.0398 ,  0.0400 , -0.3170 , -1.6018 ,  1.9204 ,  0.3288 ,
  0.0402 ,  0.0403 , -0.1583 , -3.1564 ,  0.6766 ,  0.3270 ,
 -0.0009 , -0.0414 , -0.3172 , -0.7037 ,  2.4953 ,  0.6541 ,
 -0.0811 ,  0.0405 , -0.3182 , -3.1506 , -0.1352 ,  0.3288 ,
 -0.0008 ,  0.1211 , -0.6348 , -2.4895 ,  1.2181 ,  0.0071 ,
  0.0806 ,  0.0407 ,  0.1592 ,  0.7041 ,  1.3547 , -0.3296 ,
  0.0003 ,  0.1220 , -0.1589 , -1.7293 ,  1.2203 ,  0.3270 ,
 -0.0814 ,  0.1214 , -0.6356 , -2.4887 , -0.7746 ,  0.6576 ,
  0.0398 ,  0.0400 , -0.3170 , -1.6018 ,  0.6759 ,  0.0036 ,
 -0.1212 ,  0.0815 , -0.3186 , -1.6619 ,  1.6610 ,  0.9793 ,
 -0.0828 ,  0.0390 , -1.1113 , -0.0265 ,  1.1056 , -0.9633 ,
 -0.0404 ,  0.0406 , -0.1591 , -0.0562 ,  1.1730 ,  0.6522 ,
 -0.0401 ,  0.0410 , -0.0005 , -0.0611 ,  0.5515 , -0.9757 ,
  0.0798 ,  0.0395 , -0.4752 ,  0.7273 ,  0.7380 , -0.3199 ,
  0.0407 ,  0.0813 ,  0.0003 , -2.4481 ,  0.0473 ,  0.3252 ,
 -0.0409 , -0.0409 , -0.1590 , -0.7082 ,  1.1887 ,  1.3027 ,
 -0.1621 , -0.0406 , -0.3188 , -0.7022 ,  0.9992 ,  0.0036 ,
  0.0006 ,  0.0411 ,  0.1586 , -1.6162 , -0.6294 , -0.0018 ,
 -0.1226 , -0.0010 , -0.7944 , -1.5243 ,  2.2966 , -0.3163 ,
 -0.0802 ,  0.0819 , -0.0010 , -3.2218 ,  2.3475 ,  0.6505 ,
  0.0395 ,  0.0396 , -0.4756 , -3.1467 ,  1.2973 ,  0.0053 ,
  0.0400 ,  0.0807 , -0.3170 , -0.1135 ,  1.2904 ,  0.0036 ,
  0.0400 ,  0.0807 , -0.3170 , -0.8884 ,  1.9127 ,  0.3288 ,
 -0.1208 ,  0.1226 ,  0.1560 , -0.9711 ,  0.3952 ,  0.3167 ,
 -0.0416 , -0.0415 , -0.4762 , -1.4733 ,  0.5649 ,  0.0053 ,
  0.0403 , -0.0002 ,  0.0004 , -0.0003 ,  1.3074 , -0.3253 ,
  0.0003 ,  0.1220 , -0.1589 , -1.7293 ,  1.2203 ,  0.3270 ,
  0.0003 ,  0.0003 ,  0.1586 , -1.5547 ,  1.8676 , -0.0018 ,
 -0.0418 , -0.0823 , -0.4762 ,  0.1379 ,  2.4394 ,  0.3306 ,
 -0.0412 , -0.0412 , -0.3176 ,  1.6212 ,  3.0546 ,  0.0036 ,
  0.0408 ,  0.1626 , -0.1585 , -0.2413 ,  1.8977 ,  0.3270 ,
  0.0398 ,  0.0400 , -0.3170 , -1.6018 ,  1.2981 ,  0.3288 ,
 -0.0008 ,  0.0398 , -0.4760 , -0.0468 ,  0.6122 ,  0.9811 ,
  0.0399 , -0.0817 ,  0.0006 , -0.6523 ,  0.7008 , -0.3253 ,
 -0.0813 , -0.0002 , -0.3181 , -0.7644 ,  1.1171 ,  0.0036 ,
  0.0807 ,  0.1621 , -0.3168 , -0.2368 ,  0.7153 , -1.2974 ,
  0.1208 ,  0.0812 ,  0.1589 , -0.1269 ,  1.4193 ,  0.3260 ,
 -0.2432 , -0.0813 , -0.4782 , -0.6352 ,  0.8804 ,  0.3306 ,
  0.0803 ,  0.0805 , -0.3166 , -1.6636 ,  1.9755 ,  0.3288 ,
 -0.0408 ,  0.0403 , -0.3178 , -0.0513 ,  1.7946 , -0.3217 ,
 -0.0416 ,  0.0802 , -0.7938 , -1.6479 ,  1.7845 ,  0.6594 ,
  0.0810 ,  0.0811 ,  0.0007 , -0.1236 ,  3.2214 ,  0.6504 ,
  0.0799 , -0.0010 , -0.3165 ,  0.0091 ,  1.3689 ,  0.0036 ,
  0.0388 , -0.0826 , -0.4754 ,  0.9120 ,  0.6985 , -0.6451 ,
  0.0000 ,  0.0000 ,  0.0000 , -1.5497 ,  1.8670 ,  0.0000 ,
  0.0800 ,  0.0802 , -0.4752 , -0.1089 ,  2.5970 ,  0.6558 ,
  0.0390 , -0.0419 , -0.4754 , -0.6991 ,  1.3130 ,  0.0053 ,
 -0.0007 , -0.0006 , -0.3173 ,  0.0098 ,  2.4875 ,  0.6541 ,
  0.0402 ,  0.1215 , -0.3171 ,  0.5999 ,  1.9048 ,  0.0036 ,
  0.0799 , -0.0010 , -0.3165 ,  0.0091 ,  0.1243 , -0.3217 ,
  0.0397 ,  0.0804 , -0.4757 , -1.6584 ,  1.2895 ,  0.3306 ,
  0.2011 , -0.0013 , -0.1566 , -1.5466 , -0.9308 ,  0.3270 ,
 -0.0411 ,  0.0400 , -0.4764 , -2.3712 ,  1.1715 , -0.6451 ,
 -0.0399 ,  0.0817 , -0.0006 , -2.4473 ,  0.5437 , -0.3252 ,
  0.0810 ,  0.0811 ,  0.0007 , -0.1236 ,  0.7325 ,  0.6504 ,
 -0.0008 ,  0.0398 , -0.4760 , -2.3716 , -0.0101 ,  0.0053 ,
  0.0000 ,  0.0000 ,  0.0000 , -2.3245 ,  1.8670 , -0.3252 ,
 -0.0017 , -0.0015 , -0.7932 , -1.5253 ,  2.4852 ,  0.9846 ,
  0.1207 , -0.0413 ,  0.0013 , -0.7145 ,  2.0635 , -0.6505 ,
 -0.0410 , -0.0004 , -0.3177 ,  0.0101 , -0.0644 ,  0.0036 ,
  0.0397 ,  0.0804 , -0.4757 , -1.6584 ,  0.6673 ,  0.3306 ,
  0.0390 , -0.1231 , -0.3166 , -0.5811 ,  0.7071 ,  0.0036 ,
 -0.0411 ,  0.0400 , -0.4764 ,  1.5032 ,  0.5493 ,  0.3306 ,
  0.0392 , -0.0011 , -0.4755 , -0.7606 ,  0.6829 , -0.6451 ,
  0.0399 ,  0.1212 , -0.4757 , -0.1701 ,  1.9040 ,  0.0053 ,
 -0.0411 , -0.0817 , -0.1589 , -2.1965 ,  1.1965 , -0.9740 ,
 -0.1615 ,  0.0817 , -0.3190 , -0.1118 , -0.2688 ,  0.3288 ,
  0.0413 ,  0.1223 ,  0.1583 , -0.9710 ,  0.0438 ,  0.0005 ,
  0.0003 ,  0.1220 , -0.1589 , -0.1795 ,  0.5981 ,  0.6522 ,
 -0.0013 , -0.0417 , -0.4758 , -1.4737 ,  1.2500 ,  0.0053 ,
  0.0001 ,  0.0812 , -0.1588 , -2.4429 ,  2.4725 ,  0.3270 ,
 -0.0003 , -0.0003 , -0.1586 , -1.5449 ,  1.8661 ,  0.6522 ,
 -0.0012 ,  0.0395 , -0.6346 , -0.8168 ,  1.2337 ,  0.0071 ,
 -0.0006 ,  0.0806 , -0.4761 ,  0.6665 ,  1.2266 , -0.3199 ,
 -0.0411 ,  0.0400 , -0.4764 , -1.5962 ,  1.1715 ,  0.3306 ,
  0.0391 ,  0.0393 , -0.6342 ,  0.7326 ,  1.2966 ,  0.3323 ,
  0.0000 ,  0.0000 ,  0.0000 , -1.5497 ,  0.6223 ,  0.3252 ,
  0.0392 , -0.0823 , -0.3167 ,  0.1323 ,  1.3215 ,  0.3288 ,
 -0.0406 , -0.0001 , -0.1590 , -1.5446 ,  1.8031 ,  0.0018 ,
 -0.0401 ,  0.0410 , -0.0005 , -0.0611 , -0.0707 , -0.3252 ,
 -0.0811 ,  0.0405 , -0.3182 , -1.6008 , -0.1352 ,  0.3288 ,
 -0.0008 ,  0.1211 , -0.6348 , -0.9397 ,  1.2181 ,  0.0071 ,
 -0.0408 ,  0.0403 , -0.3178 , -0.0513 ,  1.7946 ,  0.0036 ,
 -0.0009 , -0.0414 , -0.3172 ,  1.6209 ,  2.4953 ,  0.6541 ,
 -0.0413 , -0.0007 , -0.4763 , -0.7599 ,  1.1793 ,  0.0053 ,
 -0.0007 , -0.0006 , -0.3173 , -0.7651 ,  0.6208 ,  0.3288 ,
 -0.0003 , -0.0003 , -0.1586 ,  0.0049 ,  1.8661 ,  0.3270 ,
 -0.0809 ,  0.0813 , -0.3182 , -0.8874 ,  2.3460 ,  0.9793 ,
 -0.0819 ,  0.0804 , -0.7942 , -1.6476 ,  2.3438 ,  0.9846 ,
  0.0795 , -0.0013 , -0.4751 , -2.3106 ,  2.6126 ,  0.6558 ,
 -0.0400 ,  0.1222 , -0.1593 , -0.1791 ,  1.1574 , -0.6487 ,
  0.1198 , -0.0827 , -0.3159 ,  0.1317 ,  1.4474 , -0.3217 ,
 -0.1214 ,  0.0407 , -0.3186 , -2.3753 ,  0.4242 ,  0.3288 ,
  0.0398 ,  0.0400 , -0.3170 , -0.8269 ,  0.6759 ,  0.0036 ,
 -0.0399 ,  0.0005 ,  0.1582 , -0.7794 ,  3.0492 ,  0.6487 ,
  0.0394 , -0.0416 , -0.3168 , -0.7040 ,  1.9361 ,  0.3288 ,
 -0.0813 , -0.0002 , -0.3181 ,  0.7853 ,  0.4950 , -0.3217 ,
  0.0404 ,  0.0810 , -0.1584 , -2.4431 ,  1.9133 , -0.3235 ,
 -0.0410 , -0.0004 , -0.3177 , -1.5397 ,  1.1801 ,  0.0036 ,
  0.0004 ,  0.0815 , -0.0002 , -1.6727 ,  0.6066 ,  0.3252 ,
 -0.0809 ,  0.1225 ,  0.1551 , -2.5279 ,  1.0795 ,  0.3462 ,
 -0.1217 ,  0.0404 , -0.4772 ,  0.7290 ,  1.0456 ,  0.3306 ,
 -0.1205 ,  0.0821 , -0.0014 ,  2.2025 ,  1.6624 ,  0.0000 ,
  0.0812 ,  0.1219 ,  0.0006 , -1.7349 ,  0.7247 ,  0.6504 ,
  0.0402 ,  0.1215 , -0.3171 , -1.7247 ,  0.0380 , -0.3217 ,
 -0.1213 ,  0.1219 , -0.4774 ,  1.3808 , -0.2144 ,  0.0054 ,
  0.0407 ,  0.0813 ,  0.0003 , -2.4481 ,  1.2918 , -0.0000 ,
 -0.0007 , -0.0006 , -0.3173 , -1.5400 ,  0.6208 ,  0.3288 ,
 -0.0008 , -0.1631 ,  0.0003 , -0.5290 , -0.5911 , -0.3253 ,
 -0.0816 , -0.0005 , -0.4767 , -0.7595 ,  0.4942 ,  0.0054 ,
 -0.0410 , -0.0004 , -0.3177 , -0.7648 , -0.6868 ,  0.0036 ,
 -0.0802 ,  0.0007 ,  0.1578 , -0.0042 ,  3.6087 , -0.0018 ,
  0.0002 ,  0.0408 , -0.0001 , -0.8363 ,  2.4812 ,  0.3252 ,
 -0.0806 ,  0.0004 , -0.0008 , -0.7742 ,  1.1186 , -0.3252 ,
 -0.0812 ,  0.1622 , -0.6357 , -0.2256 ,  1.0845 , -0.6434 ,
 -0.1212 ,  0.0815 , -0.3186 , -1.6619 ,  1.0387 , -0.9722 ,
 -0.0412 ,  0.1617 , -0.7939 , -1.7708 ,  1.1466 ,  0.3342 ,
 -0.0413 , -0.0007 , -0.4763 , -0.7599 ,  1.8016 ,  0.3306 ,
 -0.0814 ,  0.0402 , -0.4768 , -1.5958 ,  1.7309 ,  0.0054 ,
  0.0398 ,  0.0400 , -0.3170 , -0.8269 ,  0.6759 , -0.3217 ,
 -0.0006 ,  0.0806 , -0.4761 , -0.1082 ,  0.6044 ,  0.3306 ,
 -0.1203 ,  0.1229 , -0.0014 , -0.1833 , -2.0793 ,  0.3253 ,
 -0.0405 , -0.0406 , -0.0003 , -2.2628 ,  1.8117 ,  0.0000 ,
  0.0012 ,  0.1634 ,  0.1583 , -0.2507 ,  1.8364 ,  0.3234 ,
  0.0006 ,  0.1223 , -0.0002 , -1.7341 , -0.0234 ,  0.0000 ,
 -0.1210 ,  0.0410 , -0.1599 , -0.0555 ,  1.6695 ,  0.9775 ,
  0.0005 ,  0.1627 , -0.1589 , -0.2409 ,  1.2125 ,  0.3270 ,
 -0.1208 ,  0.0819 ,  0.1561 , -0.9086 ,  0.4053 , -0.6438 ,
  0.0794 ,  0.0391 , -0.6338 , -0.0426 ,  1.9819 ,  0.3323 ,
 -0.0404 ,  0.1219 , -0.3179 , -1.7241 ,  3.0233 ,  0.0036 ,
  0.0395 ,  0.0396 , -0.4756 , -0.0471 ,  0.6751 ,  0.6558 ,
 -0.0410 , -0.0004 , -0.3177 ,  0.0101 ,  1.1801 ,  0.3288 ,
 -0.0400 ,  0.1222 , -0.1593 , -3.2785 ,  1.7796 ,  0.3270 ,
  0.0396 , -0.0008 , -0.3169 ,  0.0094 ,  2.5505 ,  0.3288 ,
 -0.1216 , -0.0000 , -0.3185 ,  0.0108 ,  1.0542 ,  0.3288 ,
 -0.1208 ,  0.0818 , -0.1600 , -0.1170 ,  1.0394 ,  0.6523 ,
  0.1197 , -0.1639 , -0.1571 , -0.5252 ,  0.8415 ,  0.3270 ,
 -0.1212 ,  0.0815 , -0.3186 , -0.8870 ,  1.0387 ,  0.6541 ,
  0.0399 , -0.0005 , -0.1582 , -2.3202 ,  1.9290 ,  0.3270 ,
 -0.0417 , -0.0010 , -0.6350 , -1.5299 ,  1.1787 ,  0.0071 ,
 -0.0807 ,  0.0408 , -0.1595 , -0.8308 ,  1.7324 ,  0.0018 ,
 -0.0016 , -0.0420 , -0.6345 , -0.6938 ,  1.2493 ,  0.3323 ,
 -0.0002 ,  0.1621 , -0.4762 , -0.2312 ,  0.5887 ,  0.9811 ,
 -0.0409 , -0.0409 , -0.1590 , -0.7082 ,  1.8109 ,  0.6522 ,
  0.0388 , -0.0826 , -0.4754 ,  0.1372 ,  0.6985 , -0.9704 ,
 -0.0412 , -0.0412 , -0.3176 ,  0.0716 , -0.0566 ,  0.0036 ,
 -0.1220 , -0.0816 , -0.3183 ,  0.9085 ,  1.6922 ,  0.0036 ,
 -0.1214 , -0.0405 , -0.1598 , -1.4824 ,  1.6851 ,  0.3270 ,
  0.0400 ,  0.0807 , -0.3170 , -0.1135 ,  1.9127 ,  0.6540 ,
  0.0400 ,  0.0807 , -0.3170 , -0.1135 ,  1.2904 ,  0.0036 ,
  0.0395 ,  0.0396 , -0.4756 , -0.8220 ,  1.2973 , -0.3199 ,
 -0.0004 ,  0.1214 , -0.4761 , -1.7194 ,  0.5966 , -0.6451 ,
 -0.0008 ,  0.0398 , -0.4760 , -1.5966 ,  3.1012 ,  0.3306 ,
 -0.0417 , -0.0010 , -0.6350 ,  0.0199 ,  1.8009 , -0.6434 ,
 -0.0811 ,  0.0405 , -0.3182 , -1.6008 ,  1.7317 ,  0.6541 ,
 -0.0418 ,  0.0394 , -0.7937 , -2.3612 ,  3.0368 ,  0.0089 ,
  0.0811 , -0.0406 ,  0.1590 , -0.7131 ,  0.7623 , -0.0012 ,
  0.0408 ,  0.1626 , -0.1585 ,  0.5335 ,  1.8977 , -0.3234 ,
 -0.0409 ,  0.0808 , -0.4765 , -0.1079 ,  1.1637 ,  0.6558 ,
 -0.0406 , -0.0001 , -0.1590 , -1.5446 ,  2.4253 ,  0.0018 ,
 -0.1206 ,  0.0429 ,  0.3158 ,  0.6954 ,  2.9193 , -0.0064 ,
 -0.0401 ,  0.0410 , -0.0005 , -0.0611 , -0.0707 ,  0.3252 ,
 -0.0409 , -0.0409 , -0.1590 , -1.4831 ,  1.1887 ,  0.0018 ,
 -0.0004 ,  0.1214 , -0.4761 , -0.9446 ,  1.2188 ,  0.3306 ,
  0.2013 ,  0.0395 , -0.1567 , -0.0583 ,  2.1727 , -0.6487 ,
  0.0397 ,  0.0804 , -0.4757 , -0.1086 ,  1.2895 ,  1.3063 ,
 -0.0010 ,  0.0803 , -0.6347 , -0.8782 , -0.0186 ,  0.6576 ,
  0.1202 , -0.0012 , -0.3161 , -0.7661 ,  2.0541 ,  0.6540 ,
  0.0006 ,  0.0411 ,  0.1586 , -0.8413 , -0.0071 ,  0.3234 ,
  0.0394 , -0.0416 , -0.3168 , -3.0287 ,  0.6915 ,  0.0036 ,
  0.0399 ,  0.1212 , -0.4757 , -0.1701 ,  1.9040 ,  0.6558 ,
 -0.0401 ,  0.0410 , -0.0005 , -0.0611 ,  3.0404 ,  0.6505 ,
 -0.0406 , -0.0001 , -0.1590 , -4.6442 ,  0.5586 ,  0.3270 ,
 -0.0400 ,  0.1222 , -0.1593 , -1.7289 ,  1.1574 ,  0.0018 ,
  0.0805 ,  0.0401 , -0.1579 , -1.6070 ,  0.1173 ,  0.3270 ,
 -0.0409 , -0.0409 , -0.1590 , -0.7082 ,  1.8109 ,  0.3270 ,
  0.0396 , -0.0008 , -0.3169 , -1.5403 ,  0.6837 ,  0.3288 ,
 -0.1624 , -0.0409 , -0.4774 , -1.4723 ,  0.3762 ,  0.3306 ,
 -0.0006 ,  0.1618 , -0.6349 , -1.0012 , -1.2789 ,  0.3323 ,
 -0.1214 ,  0.0407 , -0.3186 , -1.6004 ,  0.4242 ,  0.3288 ,
 -0.0406 ,  0.0811 , -0.3178 , -2.4374 ,  3.0312 , -0.6469 ,
 -0.0409 , -0.0409 , -0.1590 , -1.4831 ,  0.5664 , -0.3234 ,
 -0.0816 ,  0.0807 , -0.6355 ,  1.4470 ,  0.4778 ,  0.0071 ,
  0.0806 , -0.0004 ,  0.0008 ,  0.7741 ,  1.3704 ,  0.3252 ,
 -0.0003 ,  0.0809 , -0.3174 , -0.8881 ,  2.4719 ,  0.9793 ,
 -0.0008 ,  0.0398 , -0.4760 , -0.0468 ,  0.6122 , -0.6451 ,
 -0.0814 , -0.0815 , -0.1593 , -0.6464 , -0.1110 ,  0.0018 ,
  0.0400 ,  0.0807 , -0.3170 , -0.8884 ,  1.9127 , -0.3217 ,
  0.0795 , -0.0013 , -0.4751 , -1.5359 ,  1.9904 ,  0.0053 ,
  0.0795 , -0.0825 , -0.3163 ,  0.9068 ,  3.2511 ,  0.3288 ,
 -0.0811 ,  0.0405 , -0.3182 , -1.6008 ,  2.3538 ,  0.3288 ,
  0.0795 , -0.0013 , -0.4751 , -2.3107 ,  1.9904 ,  0.0053 ,
  0.0001 ,  0.0812 , -0.1588 , -1.6679 ,  0.6059 ,  0.3270 ,
 -0.0807 ,  0.0817 ,  0.1558 , -1.6921 ,  0.4687 ,  0.6466 ,
  0.1208 ,  0.1211 , -0.3163 , -3.2751 ,  0.1638 , -0.3217 ,
  0.0409 , -0.1621 ,  0.1593 , -0.5206 ,  1.3527 , -0.3202 ,
 -0.1215 ,  0.0812 , -0.4773 , -2.4320 ,  1.6601 ,  0.6558 ,
 -0.0804 ,  0.0412 , -0.0009 ,  0.7141 ,  0.4886 , -0.3252 ,
 -0.0003 , -0.1220 ,  0.1589 , -1.3703 ,  1.8910 , -0.0018 ,
  0.0404 ,  0.0810 , -0.1584 , -1.6682 ,  1.2910 ,  0.3270 ,
 -0.0812 ,  0.0810 , -0.4769 , -0.1076 ,  2.3453 ,  0.0054 ,
 -0.0399 ,  0.0817 , -0.0006 , -1.6723 ,  1.1660 ,  0.3252 ,
 -0.0406 ,  0.0811 , -0.3178 , -2.4374 ,  0.5422 ,  0.6541 ,
  0.0006 ,  0.1223 , -0.0002 , -1.7341 , -0.0234 ,  0.0000 ,
  0.0404 ,  0.0810 , -0.1584 , -0.1184 ,  1.2910 ,  0.3270 ,
 -0.0006 ,  0.0806 , -0.4761 , -1.6580 ,  0.6044 ,  0.3306 ,
 -0.1221 , -0.0411 , -0.4771 , -3.0225 , -0.1832 ,  0.0054 ,
 -0.1612 ,  0.0008 , -0.0016 ,  0.0014 ,  0.9929 ,  0.6505 ,
  0.0799 , -0.0010 , -0.3165 ,  0.0091 ,  0.1243 ,  0.3288 ,
 -0.0811 ,  0.0405 , -0.3182 , -0.8259 ,  1.7317 ,  1.3045 ,
  0.0802 , -0.0007 , -0.1578 , -0.7707 ,  0.7474 ,  1.3027 ,
  0.0408 ,  0.1626 , -0.1585 , -0.2413 ,  0.6532 , -0.3234 ,
  0.0403 , -0.0002 ,  0.0004 , -1.5501 ,  0.6852 , -0.3253 ,
 -0.0803 ,  0.1224 , -0.1597 , -1.7285 ,  1.0945 ,  0.0018 ,
 -0.0009 , -0.0414 , -0.3172 ,  0.0712 ,  0.6286 ,  0.6541 ,
 -0.0402 ,  0.1626 , -0.3180 , -1.0106 ,  2.3934 ,  0.3288 ,
 -0.0014 , -0.0012 , -0.6346 , -2.3052 ,  0.6192 ,  0.0071 ,
 -0.0402 ,  0.1626 , -0.3180 , -0.2357 ,  1.1489 ,  0.3288 ,
  0.0794 ,  0.0391 , -0.6338 , -1.5923 ,  1.3596 ,  0.3323 ,
 -0.0818 ,  0.0399 , -0.6354 , -1.5909 ,  1.7302 ,  0.0071 ,
  0.0807 ,  0.0808 , -0.1580 , -0.1187 ,  1.9763 ,  0.6522 ,
 -0.0001 ,  0.1217 , -0.3175 , -0.1746 ,  1.2197 ,  0.6541 ,
 -0.0401 ,  0.0410 , -0.0005 , -1.6109 ,  1.7961 , -0.3252 ,
  0.0805 ,  0.0401 , -0.1579 , -1.6070 ,  0.7395 , -0.3235 ,
 -0.0014 , -0.0012 , -0.6346 ,  0.0196 , -1.8700 ,  0.3323 ,
  0.0801 ,  0.0398 , -0.3165 , -2.3770 ,  1.3610 ,  0.3288 ,
 -0.0006 , -0.0411 , -0.1586 , -0.7085 ,  1.2515 ,  0.0018 ,
  0.0401 , -0.0410 ,  0.0005 ,  0.0611 ,  0.6930 ,  0.6504 ,
  0.0395 ,  0.0396 , -0.4756 ,  1.5025 ,  1.2973 ,  0.3306 ,
  0.0003 ,  0.1220 , -0.1589 , -2.5044 ,  2.4648 ,  0.0018 ,
 -0.0010 ,  0.0803 , -0.6347 , -3.2029 , -0.0186 , -0.6434 ,
 -0.0417 , -0.0010 , -0.6350 , -0.7550 ,  2.4232 ,  0.9828 ,
  0.0808 ,  0.0404 ,  0.0007 , -2.3868 ,  0.1180 ,  0.3252 ,
 -0.0003 ,  0.0809 , -0.3174 ,  0.6617 ,  1.2274 ,  0.3288 ,
 -0.0805 ,  0.0816 , -0.1596 , -1.6671 ,  1.1023 ,  0.3270 ,
  0.0407 ,  0.0813 ,  0.0003 , -2.4481 ,  1.2918 , -0.3253 ,
  0.0800 , -0.0415 , -0.1578 ,  0.0657 ,  0.1329 , -0.3235 ,
 -0.1631 , -0.0415 , -0.7947 , -1.4625 ,  0.3747 ,  0.3342 ,
  0.0399 , -0.0005 , -0.1582 , -2.3202 ,  0.0622 , -0.3235 ,
 -0.0415 ,  0.0397 , -0.6350 , -1.5914 ,  2.4153 ,  0.6576 ,
 -0.0802 ,  0.0007 ,  0.1578 , -1.5540 ,  1.7418 , -0.6523 ,
  0.1208 ,  0.1211 , -0.3163 , -1.7254 ,  0.1638 ,  0.0036 ,
 -0.0010 , -0.0009 , -0.4759 ,  0.7895 ,  1.8645 ,  0.0053 ,
 -0.0401 ,  0.0410 , -0.0005 , -0.8360 ,  2.4182 ,  0.6505 ,
 -0.0405 , -0.0406 , -0.0003 , -1.4879 ,  3.0561 ,  0.6505 ,
  0.1205 ,  0.1208 , -0.4749 , -1.7205 , -0.4593 ,  0.3306 ,
  0.0798 ,  0.0395 , -0.4752 , -2.3722 ,  1.9826 ,  0.0053 ,
  0.0412 ,  0.1219 ,  0.1578 , -1.7554 ,  0.0441 , -0.3147 ,
  0.1207 , -0.0413 ,  0.0013 , -2.2644 , -0.4257 , -0.0000 ,
 -0.1212 ,  0.0003 , -0.1599 , -3.0938 ,  1.0550 ,  0.0018 ,
  0.0797 , -0.0418 , -0.3164 , -0.7043 ,  0.7544 ,  0.6540 ,
 -0.0402 ,  0.0814 , -0.1592 , -1.6675 ,  1.7875 ,  0.0018 ,
 -0.0402 ,  0.1626 , -0.3180 , -1.0106 ,  0.5266 ,  0.0036 ,
 -0.0815 , -0.0410 , -0.3180 ,  0.0719 ,  0.5027 ,  0.0036 ,
 -0.0409 , -0.1221 , -0.0002 , -1.3650 ,  1.2050 , -0.3252 ,
  0.0411 ,  0.0815 ,  0.3180 , -1.6842 , -1.1832 ,  0.6668 ,
  0.0405 ,  0.0406 ,  0.0003 ,  1.4878 ,  0.6774 , -0.0000 ,
 -0.0002 , -0.0408 ,  0.0001 ,  0.8362 ,  0.0078 ,  0.3252 ,
  0.0399 , -0.0005 , -0.1582 , -0.7704 ,  1.3067 ,  0.0018 ,
  0.0001 , -0.0405 ,  0.1587 , -0.7183 ,  1.8753 , -0.3270 ,
 -0.0816 , -0.0005 , -0.4767 ,  0.0154 ,  1.1164 ,  0.6558 ,
  0.1206 ,  0.0803 , -0.3162 , -1.6639 ,  2.0384 ,  0.6540 ,
  0.0407 ,  0.0813 ,  0.0003 , -1.6730 ,  0.0473 , -0.6505 ,
 -0.0003 , -0.0003 , -0.1586 ,  0.0049 ,  0.6215 ,  0.3270 ,
  0.0406 ,  0.1218 , -0.1585 , -1.7296 ,  0.6610 ,  0.3270 ,
 -0.0011 , -0.0821 , -0.3171 , -1.4171 ,  0.0141 ,  0.9793 ,
 -0.1212 ,  0.0003 , -0.1599 ,  0.0059 ,  1.6773 , -0.3234 ,
 -0.0005 ,  0.0401 , -0.3174 , -0.0517 ,  1.2353 , -0.3217 ,
 -0.1210 ,  0.0410 , -0.1599 , -1.6053 ,  1.6695 ,  0.3270 ,
 -0.0802 ,  0.0007 ,  0.1578 ,  0.7706 , -0.1251 ,  0.3234 ,
  0.0797 , -0.0418 , -0.3164 ,  0.0705 ,  1.9990 ,  0.0036 ,
  0.0392 , -0.0011 , -0.4755 , -1.5355 ,  1.3051 ,  0.3306 ,
  0.0798 ,  0.1207 , -0.6340 , -1.7152 ,  1.3439 ,  0.3323 ,
 -0.0812 ,  0.1622 , -0.6357 , -1.0005 , -0.1601 , -0.6434 ,
  0.0400 ,  0.0807 , -0.3170 , -0.8884 ,  1.2904 ,  0.3288 ,
 -0.0409 , -0.0409 , -0.1590 ,  0.8415 ,  1.8109 ,  0.0018 ,
  0.0793 , -0.0421 , -0.4750 ,  0.0754 ,  0.7536 ,  0.0053 ,
 -0.1624 ,  0.0403 , -0.6362 , -0.0405 ,  0.3598 ,  0.0071 ,
  0.0800 , -0.0415 , -0.1578 ,  0.0657 ,  1.3775 ,  0.6522 ,
 -0.0003 , -0.0003 , -0.1586 ,  0.0049 ,  1.2438 ,  0.0018 ,
 -0.0404 ,  0.0406 , -0.1591 , -0.0562 ,  2.4176 ,  0.6522 ,
  0.0406 ,  0.1218 , -0.1585 , -0.9547 ,  2.5276 ,  0.6522 ,
 -0.0409 ,  0.0808 , -0.4765 , -0.8828 , -0.0808 ,  0.3306 ,
 -0.0019 , -0.1640 , -0.4756 , -0.5143 , -0.5934 , -0.9704 ,
 -0.0406 ,  0.0811 , -0.3178 , -1.6626 ,  1.1645 , -0.3217 ,
  0.0004 ,  0.0815 , -0.0002 , -0.8978 ,  0.6066 , -0.3252 ,
  0.0006 ,  0.1223 , -0.0002 , -1.7341 , -0.0234 ,  0.0000 ,
 -0.0008 ,  0.0398 , -0.4760 , -3.1464 ,  1.2344 ,  0.3306 ,
 -0.0010 , -0.0009 , -0.4759 ,  0.0147 , -0.0022 ,  0.3306 ,
 -0.0015 , -0.0825 , -0.4758 , -2.9620 ,  2.5024 ,  0.3306 ,
  0.0392 , -0.0011 , -0.4755 , -2.3105 ,  0.0607 ,  0.0053 ,
  0.0811 ,  0.0408 ,  0.1585 , -0.8394 ,  0.7409 ,  0.3213 ,
 -0.0413 , -0.0007 , -0.4763 , -1.5348 ,  1.1793 ,  0.0053 ,
  0.0786 , -0.1239 , -0.6335 ,  0.2032 ,  0.1463 ,  0.0071 ,
  0.0809 ,  0.1216 , -0.1581 , -1.7299 ,  0.7239 , -0.3235 ,
  0.0802 ,  0.1210 , -0.4753 , -0.1704 ,  0.1002 ,  0.3306 ,
 -0.0003 ,  0.0809 , -0.3174 , -3.2127 ,  0.6051 ,  0.6541 ,
  0.0807 ,  0.1621 , -0.3168 , -1.0116 ,  2.5821 , -0.6469 ,
  0.0395 ,  0.1209 , -0.6344 , -0.9400 ,  0.6587 ,  0.3323 ,
 -0.1214 ,  0.0407 , -0.3186 , -0.0506 ,  0.4242 ,  0.3288 ,
  0.0403 , -0.0002 ,  0.0004 , -0.7752 ,  0.6852 ,  0.3252 ,
  0.1210 ,  0.0806 , -0.1576 ,  0.6557 ,  1.4169 ,  0.3270 ,
  0.0395 ,  0.0396 , -0.4756 , -1.5969 , -0.5695 , -0.9704 ,
  0.1208 ,  0.0399 , -0.1575 , -0.0576 ,  1.4247 ,  0.3270 ,
 -0.0001 ,  0.0405 , -0.1587 , -1.6064 ,  1.2359 ,  0.3270 ,
 -0.0396 ,  0.0821 ,  0.3149 , -1.6853 ,  1.1574 ,  0.3148 ,
 -0.0410 , -0.0004 , -0.3177 , -1.5397 ,  0.5578 , -0.6469 ,
  0.0397 ,  0.0804 , -0.4757 , -0.1086 ,  1.9119 ,  0.3306 ,
 -0.0416 , -0.0415 , -0.4762 , -0.6984 ,  1.8094 ,  0.3306 ,
 -0.0010 ,  0.0803 , -0.6347 , -0.1034 ,  0.6036 ,  0.0071 ,
 -0.0003 , -0.0003 , -0.1586 , -1.5449 ,  1.8661 ,  0.0018 ,
  0.1217 ,  0.0815 ,  0.1588 , -0.9003 ,  0.7964 ,  0.0006 ,
 -0.0408 ,  0.0403 , -0.3178 ,  0.7235 ,  0.5500 ,  0.3288 ,
  0.0395 ,  0.0396 , -0.4756 , -0.8220 ,  1.9197 ,  0.6558 ,
 -0.0802 ,  0.0007 ,  0.1578 , -1.5540 ,  0.4972 , -0.0018 ,
 -0.0410 , -0.0004 , -0.3177 , -1.5396 ,  0.5578 ,  0.3288 ,
  0.0801 ,  0.0398 , -0.3165 , -2.3770 ,  0.1165 ,  0.0036 ,
 -0.0001 ,  0.1217 , -0.3175 , -0.1746 ,  0.5973 ,  0.9793 ,
  0.0800 ,  0.0802 , -0.4752 , -2.4336 ,  0.7302 ,  0.6558 ,
 -0.0415 ,  0.0397 , -0.6350 , -0.0415 ,  3.0376 , -0.3181 ,
  0.0808 ,  0.0404 ,  0.0007 , -0.0622 ,  0.7403 , -0.3253 ,
  0.0003 ,  0.0003 ,  0.1586 , -3.8795 ,  0.6230 , -0.0018 ,
 -0.0812 , -0.0407 , -0.1594 ,  0.8418 ,  1.1257 , -0.3234 ,
 -0.0014 , -0.0012 , -0.6346 ,  0.0196 ,  1.2415 ,  0.0071 ,
  0.0403 , -0.0002 ,  0.0004 , -2.3252 ,  1.9298 , -0.0000 ,
  0.0409 ,  0.1221 ,  0.0002 , -3.2843 ,  1.2841 ,  0.3252 ,
 -0.0408 ,  0.0403 , -0.3178 , -2.3761 ,  1.1724 ,  0.3288 ,
  0.0399 , -0.0005 , -0.1582 , -1.5453 ,  1.3067 ,  0.0018 ,
 -0.0404 ,  0.0406 , -0.1591 , -1.6060 ,  1.1730 ,  0.6522 ,
  0.0390 , -0.0419 , -0.4754 , -2.2490 ,  1.9353 , -0.3199 ,
  0.0807 ,  0.0808 , -0.1580 , -1.6684 ,  1.3540 ,  0.6522 ,
 -0.0001 ,  0.1217 , -0.3175 , -1.7244 ,  0.5973 ,  0.6541 ,
  0.0001 ,  0.0812 , -0.1588 , -0.1180 ,  2.4725 ,  0.6522 ,
 -0.0006 ,  0.0806 , -0.4761 ,  0.6666 , -1.2625 ,  0.6558 ,
 -0.1617 , -0.0403 , -0.1602 , -0.7071 , -0.8669 ,  0.0018 ,
 -0.1216 , -0.0000 , -0.3185 , -1.5390 ,  1.0542 ,  0.3288 ,
 -0.0402 ,  0.0814 , -0.1592 , -0.8925 ,  1.1652 ,  0.0018 ,
 -0.0013 ,  0.0800 , -0.7933 , -1.6482 ,  1.2251 ,  0.6594 ,
 -0.0406 ,  0.0811 , -0.3178 , -0.8877 ,  1.7869 ,  0.6541 ,
 -0.1208 ,  0.0818 , -0.1600 , -0.8918 ,  1.0394 ,  0.0018 ,
 -0.0399 ,  0.0817 , -0.0006 , -0.1226 , -0.0785 ,  0.9757 ,
 -0.0804 ,  0.0412 , -0.0009 , -2.3856 ,  2.3553 ,  0.6505 ,
  0.0402 ,  0.0403 , -0.1583 , -0.8318 ,  0.6766 , -0.3235 ,
 -0.0001 ,  0.0405 , -0.1587 , -0.8315 ,  1.2359 ,  0.0018 ,
  0.0792 , -0.0016 , -0.6337 , -1.5309 ,  0.1228 ,  0.3323 ,
  0.0008 ,  0.0818 ,  0.1585 , -2.4527 ,  0.6074 ,  0.6487 ,
 -0.0812 , -0.0407 , -0.1594 ,  0.0670 ,  0.5035 ,  0.3270 ,
  0.0399 , -0.0005 , -0.1582 , -0.7703 ,  1.9290 ,  0.6522 ,
  0.0398 ,  0.0400 , -0.3170 , -0.8269 ,  0.0536 ,  0.6540 ,
 -0.1224 , -0.0819 , -0.4770 , -2.1861 ,  2.9358 ,  0.0054 ,
  0.0801 ,  0.0398 , -0.3165 , -0.0524 ,  2.6054 , -0.3217 ,
 -0.0408 ,  0.0403 , -0.3178 , -0.8262 ,  0.5500 , -0.3217 ,
  0.0799 , -0.0010 , -0.3165 , -3.0904 ,  0.7466 ,  0.3288 ,
 -0.1216 , -0.0000 , -0.3185 ,  0.0108 , -0.8125 ,  0.9793 ,
  0.0393 ,  0.0801 , -0.6343 , -1.6535 ,  0.6665 ,  0.0071 ,
  0.0793 ,  0.0796 , -0.7925 , -1.6490 ,  1.3510 ,  1.3098 ,
 -0.0015 ,  0.0392 , -0.7933 , -0.8119 ,  1.2330 ,  0.3341 ,
  0.1210 ,  0.0806 , -0.1576 , -0.1191 ,  2.6615 ,  0.9775 ,
 -0.1612 ,  0.0008 , -0.0016 , -1.5484 ,  0.9929 ,  0.0000 ,
 -0.0012 ,  0.0395 , -0.6346 , -0.0419 ,  0.6115 , -0.3181 ,
 -0.0807 ,  0.1221 , -0.3183 , -2.4987 ,  1.0937 ,  0.3288 ,
  0.0404 ,  0.0810 , -0.1584 , -0.1184 ,  1.2910 , -0.9740 ,
 -0.0818 ,  0.0399 , -0.6354 , -2.3658 ,  1.7302 ,  0.0071 ,
 -0.0814 ,  0.0402 , -0.4768 , -0.8210 ,  1.1086 ,  0.6558 ,
  0.0402 ,  0.0403 , -0.1583 , -1.6066 ,  1.9211 ,  1.3027 ,
  0.0002 ,  0.0408 , -0.0001 , -1.6112 , -0.6302 ,  0.0000 ,
 -0.0409 , -0.0409 , -0.1590 , -0.7082 ,  1.1887 ,  0.0018 ,
 -0.0405 , -0.0406 , -0.0003 ,  0.0618 ,  1.8117 ,  0.6505 ,
 -0.0011 , -0.0821 , -0.3171 , -0.6422 ,  0.6364 ,  0.3288 ,
 -0.0008 ,  0.0398 , -0.4760 , -0.0468 ,  0.6122 ,  0.3306 ,
  0.0396 , -0.0008 , -0.3169 , -0.7655 ,  1.9283 ,  0.0036 ,
  0.0810 ,  0.0811 ,  0.0007 , -0.1236 ,  0.1102 , -0.0000 ,
 -0.0809 ,  0.0001 , -0.1594 , -1.5442 ,  0.4957 ,  0.6523 ,
  0.0399 , -0.0005 , -0.1582 , -3.0950 ,  0.0622 ,  0.6522 ,
 -0.0413 , -0.0007 , -0.4763 , -0.7599 ,  2.4238 ,  0.6558 ,
 -0.0820 , -0.0009 , -0.6354 , -1.5295 ,  0.4934 ,  0.0071 ,
 -0.0403 ,  0.0002 , -0.0004 ,  0.0003 ,  2.4261 ,  0.0000 ,
  0.0801 ,  0.0398 , -0.3165 ,  1.4973 ,  1.3610 ,  0.9793 ,
 -0.0812 ,  0.0810 , -0.4769 , -1.6574 ,  1.1008 ,  0.0054 ,
  0.0797 , -0.0418 , -0.3164 ,  0.8454 ,  1.9990 ,  0.6540 ,
 -0.0416 , -0.0415 , -0.4762 ,  0.0765 ,  1.8094 ,  0.0053 ,
  0.0806 , -0.0004 ,  0.0008 , -0.0007 ,  1.3704 , -0.0000 ,
  0.0805 ,  0.0401 , -0.1579 , -0.0573 ,  1.3617 ,  0.9775 ,
  0.0798 ,  0.0395 , -0.4752 ,  0.7273 ,  1.3603 , -0.6451 ,
  0.0815 ,  0.0814 ,  0.1589 , -0.9086 ,  0.1151 , -0.3145 ,
  0.0395 , -0.0820 , -0.1581 , -1.4223 ,  0.7000 ,  0.0018 ,
  0.1202 , -0.0012 , -0.3161 , -0.7661 ,  0.1873 ,  0.0035 ,
 -0.0816 , -0.1222 , -0.1592 , -0.5849 ,  1.1413 ,  0.0018 ,
 -0.0413 , -0.0007 , -0.4763 , -2.3097 ,  1.1793 ,  0.9811 ,
  0.0408 ,  0.0409 ,  0.1589 , -0.0667 ,  0.0559 , -0.3203 ,
  0.0396 , -0.0008 , -0.3169 , -0.7655 ,  0.6837 , -0.3217 ,
 -0.0001 ,  0.0405 , -0.1587 , -2.3814 ,  1.2359 ,  0.0018 ,
 -0.1216 , -0.0000 , -0.3185 , -0.7641 ,  2.9210 ,  0.9793 ,
 -0.0814 ,  0.0402 , -0.4768 , -2.3708 ,  2.3531 ,  0.3306 ,
 -0.2018 ,  0.0007 , -0.1607 , -0.7683 , -0.9376 , -0.3234 ,
  0.0396 , -0.0008 , -0.3169 ,  0.7843 ,  1.3059 , -0.3217 ,
 -0.1210 ,  0.0410 , -0.1599 , -1.6053 ,  1.6695 ,  0.9775 ,
 -0.0400 ,  0.1222 , -0.1593 , -0.9540 ,  1.1574 ,  0.6522 ,
 -0.0819 ,  0.0804 , -0.7942 , -3.1972 ,  1.0993 ,  0.6594 ,
  0.0792 , -0.0016 , -0.6337 , -0.7560 ,  1.3673 ,  0.0071 ,
  0.0001 ,  0.0812 , -0.1588 ,  0.6567 ,  0.6059 , -0.3234 ,
 -0.0406 , -0.0001 , -0.1590 , -0.7697 ,  1.8031 ,  0.0018 ,
 -0.0412 , -0.0412 , -0.3176 ,  0.0716 ,  1.1879 ,  0.0036 ,
 -0.0008 ,  0.0398 , -0.4760 , -3.1463 ,  0.6122 , -0.3199 ,
 -0.0420 ,  0.0799 , -0.9524 , -2.4180 ,  0.5392 , -0.9651 ,
 -0.0005 ,  0.0401 , -0.3174 , -0.0517 ,  1.2353 ,  0.0036 ,
 -0.0813 , -0.0002 , -0.3181 , -2.3142 ,  1.1171 , -0.6469 ,
  0.0010 ,  0.1226 ,  0.1584 , -1.7391 ,  0.5995 , -0.0018 ,
 -0.0007 , -0.0006 , -0.3173 , -1.5400 , -0.0015 ,  0.3288 ,
 -0.0803 ,  0.1224 , -0.1597 , -0.9537 , -1.3947 ,  0.0018 ,
 -0.0805 ,  0.0816 , -0.1596 ,  0.6575 , -0.7646 ,  0.0018 ,
  0.0794 ,  0.0391 , -0.6338 , -0.0426 ,  0.1150 ,  0.3323 ,
  0.0395 ,  0.0396 , -0.4756 , -1.5969 ,  1.2973 ,  0.0053 ,
 -0.0016 , -0.0420 , -0.6345 , -1.4688 ,  1.2493 ,  0.3323 ,
  0.2004 , -0.0019 , -0.4739 , -1.5368 ,  0.3123 ,  0.3306 ,
  0.0388 ,  0.0390 , -0.7928 , -1.5871 ,  2.5403 , -0.3163 ,
 -0.0821 , -0.0821 , -0.4766 ,  0.9131 , -0.7348 , -0.6451 ,
 -0.0408 ,  0.0403 , -0.3178 , -2.3761 ,  1.7946 ,  0.6541 ,
  0.1597 ,  0.0385 , -0.7917 , -2.3631 ,  2.1069 , -0.6416 ,
 -0.0023 , -0.0426 , -0.9518 , -1.4590 ,  1.2478 ,  0.3359 ,
 -0.0400 ,  0.1222 , -0.1593 , -3.2785 ,  1.7796 ,  0.6522 ,
  0.0397 ,  0.0804 , -0.4757 , -2.4335 ,  0.0450 ,  0.6558 ,
  0.1211 ,  0.0413 ,  0.3182 ,  0.6953 ,  2.0472 , -0.3255 ,
 -0.0003 , -0.0003 , -0.1586 , -0.7700 ,  1.2438 ,  0.0018 ,
 -0.0409 ,  0.0808 , -0.4765 , -0.8828 ,  1.1637 ,  0.6558 ,
 -0.0818 ,  0.0399 , -0.6354 , -0.8160 ,  1.1079 ,  0.6576 ,
  0.0397 ,  0.0804 , -0.4757 ,  0.6662 ,  1.2895 ,  0.9811 ,
 -0.0406 , -0.0001 , -0.1590 , -0.7697 ,  0.5586 ,  0.0018 ,
  0.0395 ,  0.0396 , -0.4756 , -0.8220 ,  1.2973 , -0.6451 ,
 -0.0003 , -0.0003 , -0.1586 ,  0.0049 , -0.0007 ,  0.6522 ,
 -0.1619 ,  0.0002 , -0.3189 , -0.7637 ,  0.9914 ,  0.0036 ,
  0.0001 ,  0.0812 , -0.1588 , -0.8930 ,  2.4725 ,  0.9775 ,
  0.0003 ,  0.0003 ,  0.1586 , -0.7798 ,  1.8676 ,  0.6487 ,
  0.0009 ,  0.0414 ,  0.3172 , -0.8461 , -0.0063 , -0.3288 ,
 -0.1203 ,  0.1229 , -0.0014 , -0.9582 ,  0.4101 ,  0.0000 ,
 -0.0811 ,  0.0405 , -0.3182 , -0.8259 ,  1.1094 ,  0.3288 ,
 -0.0017 , -0.0015 , -0.7932 , -1.5253 ,  1.2408 ,  0.6594 ,
  0.0398 ,  0.0400 , -0.3170 , -0.8269 ,  1.2981 , -0.3217 ,
 -0.0406 ,  0.0811 , -0.3178 , -1.6626 ,  0.5422 ,  0.0036 ,
 -0.0413 ,  0.0805 , -0.6351 , -0.1030 ,  1.7852 ,  0.3324 ,
  0.1204 ,  0.0396 , -0.3161 , -2.3774 ,  1.4240 ,  0.0035 ,
 -0.0798 ,  0.1635 , -0.0011 , -1.7949 ,  1.0874 ,  0.3253 ,
  0.0002 ,  0.0408 , -0.0001 , -1.6112 ,  1.2367 , -0.6505 ,
 -0.1608 ,  0.0011 ,  0.1570 , -0.0035 ,  0.3713 ,  0.3235 ,
  0.0002 ,  0.0408 , -0.0001 , -0.0615 , -0.6302 ,  0.9757 ,
  0.1205 ,  0.1208 , -0.4749 , -3.2703 ,  1.4075 ,  0.0053 ,
  0.0401 , -0.0410 ,  0.0005 ,  0.8359 ,  0.6930 , -0.0000 ,
 -0.0404 ,  0.1219 , -0.3179 , -0.9491 ,  1.7790 ,  0.9793 ,
 -0.0010 , -0.0009 , -0.4759 ,  0.7895 ,  1.8645 ,  0.3306 ,
  0.1205 ,  0.1208 , -0.4749 , -0.9456 ,  0.1631 ,  0.0053 ,
  0.0805 ,  0.0401 , -0.1579 , -0.0573 ,  1.3617 ,  0.3270 ,
 -0.0001 ,  0.0405 , -0.1587 , -1.6064 ,  1.8582 ,  0.3270 ,
  0.0803 ,  0.0805 , -0.3166 , -1.6636 ,  0.7310 ,  0.3288 ,
  0.0390 , -0.0419 , -0.4754 , -1.4740 , -1.1762 ,  0.0053 ,
 -0.0411 ,  0.0400 , -0.4764 , -0.0464 ,  1.7939 , -0.3199 ,
 -0.0010 , -0.0009 , -0.4759 , -0.7602 ,  1.8645 ,  0.9811 ,
  0.0003 ,  0.1220 , -0.1589 , -0.9544 ,  0.5981 ,  0.6522 ,
  0.1212 ,  0.1214 , -0.1577 , -1.7303 ,  1.4091 ,  0.3270 ,
  0.0802 , -0.0007 , -0.1578 ,  0.0042 ,  1.3696 , -0.3235 ,
 -0.0006 ,  0.0806 , -0.4761 , -1.6580 ,  2.4712 ,  0.3306 ,
  0.0803 ,  0.0805 , -0.3166 , -0.8887 ,  1.3533 , -0.3217 ,
 -0.0010 , -0.0009 , -0.4759 , -0.7602 ,  0.6200 ,  0.6558 ,
 -0.0404 ,  0.0406 , -0.1591 , -3.1558 ,  1.7953 , -0.6487 ,
  0.0399 , -0.0005 , -0.1582 , -0.7704 ,  0.6844 ,  0.0018 ,
 -0.1218 , -0.0408 , -0.3184 ,  0.0723 , -0.8048 , -0.3217 ,
  0.0398 ,  0.0400 , -0.3170 , -0.8269 ,  0.0536 , -0.9722 ,
 -0.0811 ,  0.0405 , -0.3182 , -0.0510 ,  1.7317 ,  0.6541 ,
  0.0406 ,  0.1218 , -0.1585 , -2.5047 ,  0.0387 , -0.3235 ,
  0.0794 ,  0.0391 , -0.6338 , -0.8175 ,  0.7373 , -0.3181 ,
 -0.0409 , -0.0409 , -0.1590 , -1.4831 ,  0.5664 ,  0.0018 ,
 -0.0807 ,  0.0408 , -0.1595 , -0.8308 ,  0.4879 ,  0.3270 ,
 -0.0818 ,  0.0399 , -0.6354 , -0.8160 , -0.1366 ,  0.3324 ,
  0.0404 ,  0.0407 ,  0.1577 , -0.8353 ,  1.9214 ,  0.3326 ,
 -0.0005 ,  0.0401 , -0.3174 , -1.6015 ,  1.2353 ,  0.0036 ,
  0.0397 ,  0.0804 , -0.4757 , -0.8835 ,  1.9119 ,  0.6558 ,
  0.0392 , -0.0011 , -0.4755 ,  0.0143 ,  0.6829 ,  0.6558 ,
  0.0002 ,  0.0408 , -0.0001 , -0.0615 ,  2.4812 ,  0.3252 ,
 -0.0815 , -0.0410 , -0.3180 , -1.4778 ,  0.5027 , -0.3217 ,
 -0.0411 , -0.0817 , -0.1589 , -0.6467 ,  2.4411 ,  0.3270 ,
  0.0001 ,  0.0812 , -0.1588 , -0.1180 ,  0.6059 ,  0.0018 ,
 -0.0808 ,  0.1625 , -0.4770 , -1.0054 ,  1.7075 , -0.6451 ,
  0.1205 ,  0.1208 , -0.4749 , -1.7205 ,  2.0299 , -0.3199 ,
  0.0803 ,  0.0805 , -0.3166 , -1.6636 ,  2.5977 ,  0.0036 ,
  0.0386 , -0.0017 , -0.7928 , -1.5257 ,  1.9260 ,  0.3341 ,
 -0.0804 ,  0.0412 , -0.0009 , -0.0608 , -0.1337 ,  0.0000 ,
 -0.1219 ,  0.0809 , -0.6359 , -0.8772 ,  1.6594 ,  0.3324 ,
 -0.0403 ,  0.0408 ,  0.1573 , -1.6214 , -0.6882 , -0.3326 ,
 -0.0814 , -0.0815 , -0.1593 , -0.6464 ,  2.3780 ,  0.0018 ,
  0.1202 , -0.0012 , -0.3161 , -1.5410 ,  0.1873 ,  0.3288 ,
 -0.0013 ,  0.0800 , -0.7933 , -1.6482 ,  0.6029 ,  0.3341 ,
  0.0803 ,  0.0805 , -0.3166 , -1.6636 ,  2.5977 , -0.3217 ,
 -0.0418 , -0.0823 , -0.4762 , -1.4118 ,  2.4394 ,  0.9811 ,
 -0.2024 , -0.0404 , -0.3192 , -1.4768 ,  0.9362 ,  0.3288 ,
  0.0407 ,  0.0813 ,  0.0003 , -2.4481 ,  1.9141 , -0.3253 ,
 -0.0813 , -0.0002 , -0.3181 , -0.7644 ,  0.4950 , -0.3217 ,
 -0.1204 ,  0.1633 , -0.1602 , -1.0147 ,  1.6461 ,  0.0018 ,
  0.0388 ,  0.0390 , -0.7928 , -1.5871 , -1.1933 , -0.6416 ,
 -0.0410 , -0.0004 , -0.3177 , -1.5397 ,  0.5578 ,  0.0036 ,
 -0.2417 ,  0.0824 , -0.1612 , -0.8908 ,  0.8507 ,  0.3270 ,
  0.0397 , -0.0413 , -0.1582 , -0.7089 ,  1.3145 ,  0.0018 ,
 -0.0414 , -0.0820 , -0.3175 , -1.4168 ,  3.0624 ,  0.9793 ,
 -0.0399 ,  0.0817 , -0.0006 , -0.8975 ,  1.7882 ,  0.0000 ,
 -0.2016 ,  0.0414 , -0.1607 , -1.6046 ,  0.9214 ,  0.3270 ,
 -0.0409 ,  0.0808 , -0.4765 , -2.4326 , -0.0808 ,  0.6558 ,
  0.0389 , -0.0014 , -0.6342 , -1.5305 ,  0.6822 , -0.3181 ,
  0.0801 ,  0.0398 , -0.3165 , -2.3770 ,  0.7388 ,  0.3288 ,
  0.1618 ,  0.1215 ,  0.0014 , -0.1858 ,  2.0951 ,  0.3252 ,
  0.0001 ,  0.0812 , -0.1588 , -0.8930 , -0.0164 ,  0.3270 ,
 -0.0411 ,  0.0400 , -0.4764 , -2.3712 ,  1.1715 ,  0.0053 ,
 -0.0001 ,  0.0405 , -0.1587 , -1.6063 ,  0.6137 , -0.3234 ,
 -0.0001 ,  0.0405 , -0.1587 , -3.1562 ,  2.4805 ,  0.0018 ,
 -0.1222 , -0.1223 , -0.3183 , -0.5797 ,  0.4554 ,  0.3288 ,
 -0.0815 , -0.0410 , -0.3180 , -1.4778 ,  1.1250 , -0.9722 ,
 -0.0001 ,  0.1217 , -0.3175 , -1.7244 ,  0.5973 ,  0.6541 ,
  0.0795 , -0.0013 , -0.4751 , -1.5359 ,  1.3680 ,  0.0053 ,
 -0.1622 ,  0.0811 , -0.6363 , -0.1020 ,  1.5966 ,  0.3324 ,
  0.2024 ,  0.2032 ,  0.1589 , -1.0880 ,  0.8952 ,  0.3313 ,
 -0.0001 ,  0.0405 , -0.1587 , -0.8315 , -0.6309 ,  0.3270 ,
 -0.1613 ,  0.1225 , -0.3191 , -0.9481 ,  0.9679 ,  0.6541 ,
 -0.0811 ,  0.0405 , -0.3182 , -0.8259 ,  1.7317 ,  0.0036 ,
 -0.0012 ,  0.0395 , -0.6346 , -2.3666 ,  1.2337 ,  0.3323 ,
  0.0404 ,  0.0810 , -0.1584 , -2.4431 ,  1.9133 , -0.3235 ,
  0.0393 ,  0.0801 , -0.6343 , -0.1037 ,  0.6665 ,  1.3081 ,
  0.2009 ,  0.0796 , -0.4740 , -0.8849 ,  0.9190 ,  0.6558 ,
 -0.0007 , -0.0006 , -0.3173 , -1.5400 ,  1.8653 ,  0.6541 ,
 -0.0809 ,  0.0001 , -0.1594 , -2.3192 ,  1.1179 ,  0.3270 ,
  0.0798 ,  0.0395 , -0.4752 , -1.5973 ,  2.6047 ,  0.3306 ,
  0.0399 , -0.0005 , -0.1582 , -1.5453 ,  1.3067 , -0.3235 ,
 -0.0411 ,  0.1213 , -0.6352 , -0.1645 ,  4.2663 ,  0.0071 ,
 -0.0010 , -0.1226 , -0.1584 ,  0.1892 ,  0.6449 ,  0.3270 ,
 -0.0805 ,  0.0816 , -0.1596 , -1.6671 ,  1.7246 ,  0.0018 ,
 -0.0400 ,  0.1222 , -0.1593 , -1.7289 ,  2.4019 ,  0.6522 ,
 -0.0396 ,  0.0823 ,  0.3157 , -0.8982 ,  1.1666 ,  0.3179 ,
 -0.0007 , -0.0006 , -0.3173 , -0.7651 ,  1.2430 ,  0.3288 ,
 -0.0014 , -0.0012 , -0.6346 , -3.0800 ,  0.6192 ,  0.9828 ,
 -0.0813 , -0.0002 , -0.3181 , -1.5393 ,  1.1171 ,  0.6541 ,
  0.0806 ,  0.0407 ,  0.1592 ,  0.7041 ,  1.3547 ,  0.3148 ,
  0.0806 , -0.0004 ,  0.0008 , -1.5505 ,  2.6149 , -0.0000 ,
  0.0402 ,  0.1215 , -0.3171 , -0.9498 ,  0.0380 , -0.6469 ,
 -0.1204 ,  0.1633 , -0.1602 , -1.7896 ,  0.4015 ,  0.6523 ,
 -0.0007 , -0.0006 , -0.3173 ,  0.0098 ,  3.1097 ,  0.0036 ,
  0.0399 , -0.0005 , -0.1582 ,  0.0045 ,  1.3067 ,  0.0018 ,
 -0.1215 ,  0.1624 , -0.6361 , -0.2252 ,  1.0215 ,  1.3081 ,
 -0.0004 ,  0.2026 , -0.6350 , -1.0626 ,  3.0693 ,  0.3323 ,
  0.0395 ,  0.0396 , -0.4756 , -1.5969 ,  1.9197 ,  0.3306 ,
 -0.0011 , -0.0821 , -0.3171 , -1.4171 ,  1.2587 ,  0.3288 ,
 -0.0801 ,  0.1631 , -0.1597 , -0.2403 , -0.7802 ,  0.3270 ,
  0.1607 ,  0.0394 , -0.3157 , -0.8279 ,  0.8646 , -0.3217 ,
  0.1200 , -0.0420 , -0.3160 , -2.2546 , -0.4272 ,  0.0035 ,
 -0.2426 , -0.1619 , -0.0021 ,  0.2479 ,  1.5205 ,  0.0000 ,
 -0.2011 ,  0.0013 ,  0.1566 , -2.3279 ,  2.1751 ,  1.6244 ,
  0.1215 ,  0.1217 ,  0.0010 , -0.1854 , -1.0793 , -0.3253 ,
  0.0815 , -0.0400 ,  0.4764 , -0.7235 ,  0.7603 , -0.6401 ,
 -0.0811 , -0.0812 ,  0.1562 , -2.2298 ,  0.5052 ,  0.9666 ,
 -0.2023 , -0.0809 , -0.1605 , -0.6453 , -0.9221 ,  0.9775 ,
  0.0809 ,  0.1216 , -0.1581 , -1.7299 ,  1.9685 , -0.3235 ,
  0.0815 ,  0.2439 , -0.1583 , -1.1394 ,  1.9451 , -0.6487 ,
 -0.1214 , -0.0405 , -0.1598 ,  0.0674 ,  2.3072 ,  0.0018 ,
 -0.1627 , -0.0817 , -0.4774 , -0.6359 ,  1.0062 ,  0.0054 ,
  0.0794 ,  0.0391 , -0.6338 ,  0.7322 ,  2.6041 ,  0.6576 ,
  0.1214 ,  0.1622 , -0.1577 , -2.5667 ,  1.4013 , -0.6487 ,
 -0.0405 , -0.0406 , -0.0003 ,  0.0618 ,  1.1894 ,  0.6505 ,
 -0.1222 , -0.1223 , -0.3183 , -0.5797 ,  1.0777 , -0.6469 ,
  0.0403 , -0.0002 ,  0.0004 , -0.7752 ,  2.5519 ,  0.3252 ,
  0.1217 ,  0.1625 ,  0.0009 , -1.7966 ,  0.7798 , -1.3010 ,
  0.0792 , -0.0016 , -0.6337 , -1.5309 ,  1.3673 ,  0.6576 ,
 -0.0004 , -0.0815 ,  0.0002 , -1.4269 ,  0.6379 ,  1.9514 ,
 -0.0408 ,  0.0403 , -0.3178 , -0.0513 ,  1.7946 , -0.3217 ,
  0.0798 ,  0.0395 , -0.4752 , -0.0475 ,  0.1158 , -0.3199 ,
  0.0798 ,  0.0395 , -0.4752 , -0.8224 ,  1.3603 ,  0.3306 ,
 -0.0009 , -0.0414 , -0.3172 ,  1.6209 ,  1.2508 ,  0.3288 ,
  0.0410 ,  0.0004 ,  0.3177 ,  0.7647 ,  0.0644 , -0.0036 ,
  0.0800 ,  0.0802 , -0.4752 , -2.4336 ,  2.5970 , -1.2956 ,
  0.0395 ,  0.0396 , -0.4756 ,  2.2774 ,  2.5418 ,  0.6558 ,
 -0.0018 , -0.0828 , -0.6344 , -2.1822 ,  1.2571 ,  0.6576 ,
  0.1202 , -0.0012 , -0.3161 , -3.8656 ,  1.4318 ,  0.3288 ,
  0.0403 ,  0.2027 , -0.4759 , -1.0679 ,  1.2661 , -0.3199 ,
  0.0810 ,  0.0811 ,  0.0007 , -0.1236 , -0.5121 , -0.0000 ,
  0.0400 ,  0.0807 , -0.3170 , -0.8884 ,  1.2904 ,  0.6540 ,
  0.0000 ,  0.0000 ,  0.0000 , -0.7748 ,  1.2446 , -0.3252 ,
 -0.0802 ,  0.0007 ,  0.1578 , -1.5540 ,  0.4972 , -0.0018 ,
 -0.0410 , -0.0004 , -0.3177 ,  0.0101 ,  1.1801 , -0.6469 ,
  0.0402 ,  0.0403 , -0.1583 , -1.6066 ,  0.0544 , -0.3235 ,
 -0.0014 , -0.0012 , -0.6346 ,  0.7944 ,  0.6192 ,  0.0071 ,
  0.0006 ,  0.0411 ,  0.1586 , -2.3914 ,  2.4820 ,  0.3234 ,
  0.0810 ,  0.0811 ,  0.0007 , -1.6734 ,  3.8438 , -0.0000 ,
 -0.0802 ,  0.0819 , -0.0010 , -1.6720 ,  0.4808 ,  0.3253 ,
 -0.0007 , -0.0006 , -0.3173 , -2.3149 ,  0.6208 , -0.3217 ,
  0.0006 ,  0.0411 ,  0.1586 ,  0.7084 , -0.0071 , -0.0018 ,
 -0.1615 ,  0.0005 , -0.1603 , -2.3184 ,  1.6143 ,  0.3270 ,
  0.0003 ,  0.1220 , -0.1589 , -0.9544 ,  1.2203 ,  0.0018 ,
  0.0399 , -0.0005 , -0.1582 , -0.7704 , -0.5602 , -0.3235 ,
 -0.0405 , -0.0406 , -0.0003 , -1.4879 , -0.6775 ,  0.0000 ,
 -0.0411 , -0.0817 , -0.1589 ,  0.1282 , -0.0480 , -0.3234 ,
 -0.0393 ,  0.2040 , -0.0008 , -3.4063 ,  1.7648 ,  0.3252 ,
 -0.0816 ,  0.0807 , -0.6355 , -2.4273 ,  2.9668 ,  0.3324 ,
 -0.0405 , -0.0406 , -0.0003 ,  0.0618 ,  2.4339 ,  0.0000 ,
 -0.2018 ,  0.0007 , -0.1607 , -2.3182 ,  0.9292 ,  0.3270 ,
 -0.0403 ,  0.0002 , -0.0004 , -0.7745 ,  1.1816 , -0.3252 ,
  0.0392 , -0.0011 , -0.4755 , -0.7605 ,  2.5496 ,  0.9811 ,
 -0.0807 ,  0.1221 , -0.3183 , -3.2735 ,  1.0937 ,  0.9793 ,
 -0.0410 , -0.0004 , -0.3177 ,  0.7850 ,  3.0468 ,  0.6541 ,
  0.0803 ,  0.0805 , -0.3166 , -0.8887 ,  1.9755 ,  0.3288 ,
 -0.0008 ,  0.0398 , -0.4760 , -0.0468 ,  1.2344 , -0.6451 ,
  0.0398 ,  0.0400 , -0.3170 , -1.6018 ,  1.2981 ,  0.9793 ,
 -0.0411 ,  0.0400 , -0.4764 , -2.3712 ,  0.5493 ,  0.9811 ,
  0.0003 ,  0.1220 , -0.1589 , -3.2791 ,  1.2203 , -0.3234 ,
 -0.0001 ,  0.0405 , -0.1587 , -0.8315 ,  1.2359 ,  0.3270 ,
 -0.0403 ,  0.0002 , -0.0004 , -2.3244 ,  1.8039 ,  0.3252 ,
 -0.0404 ,  0.1219 , -0.3179 , -0.9491 ,  1.7790 ,  0.0036 ,
  0.0398 ,  0.0400 , -0.3170 , -0.8269 ,  1.2981 ,  0.0036 ,
 -0.0410 , -0.0004 , -0.3177 , -1.5397 ,  0.5578 ,  0.0036 ,
 -0.0007 , -0.0006 , -0.3173 , -0.7651 ,  1.2430 ,  0.0036 ,
 -0.0004 , -0.0815 ,  0.0002 ,  0.1229 ,  1.8825 , -0.0000 ,
  0.0397 , -0.0413 , -0.1582 , -1.4837 ,  1.9368 ,  0.3270 ,
 -0.0806 ,  0.0004 , -0.0008 , -1.5490 ,  1.1186 , -0.3252 ,
 -0.0404 ,  0.0406 , -0.1591 , -1.6060 ,  1.7953 ,  0.3270 ,
 -0.0408 ,  0.0403 , -0.3178 , -0.0513 ,  1.7946 ,  0.0036 ,
 -0.0020 , -0.0423 , -0.7931 , -1.4638 ,  1.2486 ,  0.0089 ,
 -0.0406 , -0.0001 , -0.1590 , -2.3195 ,  1.1808 ,  0.0018 ,
 -0.0809 ,  0.0813 , -0.3182 , -0.8874 ,  1.1016 ,  0.9793 ,
  0.0404 ,  0.0810 , -0.1584 , -1.6682 ,  1.9133 ,  0.3270 ,
 -0.0016 , -0.0420 , -0.6345 , -1.4688 ,  2.4939 , -0.3181 ,
 -0.0804 ,  0.0412 , -0.0009 , -1.6105 ,  1.7331 ,  0.3252 ,
 -0.0404 ,  0.0406 , -0.1591 , -1.6060 ,  1.1730 ,  0.3270 ,
 -0.0413 , -0.0007 , -0.4763 ,  0.7898 ,  0.5571 ,  0.0053 ,
 -0.0406 , -0.0001 , -0.1590 , -1.5445 ,  4.2922 ,  0.6522 ,
 -0.0412 , -0.0412 , -0.3176 , -2.2532 ,  1.8102 ,  0.3288 ,
 -0.0804 ,  0.0412 , -0.0009 , -0.8357 ,  1.1108 ,  0.3252 ,
 -0.0013 , -0.0417 , -0.4758 ,  0.0761 ,  1.2500 , -0.6451 ,
 -0.0807 ,  0.1221 , -0.3183 , -0.9488 ,  1.7161 ,  0.6541 ,
  0.0798 ,  0.0395 , -0.4752 ,  1.5021 ,  2.6047 ,  0.3306 ,
 -0.1219 , -0.0003 , -0.4771 ,  0.0157 ,  2.2979 ,  0.6558 ,
  0.0397 ,  0.0804 , -0.4757 , -0.8835 ,  1.2895 ,  0.0053 ,
 -0.1205 ,  0.0821 , -0.0014 , -1.6717 ,  1.6624 ,  0.6505 ,
  0.0402 ,  0.0403 , -0.1583 , -1.6066 ,  1.9211 , -0.3235 ,
 -0.0812 ,  0.0810 , -0.4769 , -0.8824 ,  1.1008 ,  0.3306 ,
 -0.0010 ,  0.0803 , -0.6347 , -0.1034 ,  2.4705 ,  0.9828 ,
 -0.0414 , -0.0820 , -0.3175 , -1.4168 ,  1.8181 , -0.3217 ,
 -0.0816 , -0.0005 , -0.4767 ,  0.0154 ,  0.4942 ,  0.0054 ,
  0.0395 ,  0.0396 , -0.4756 , -0.8220 ,  1.2973 ,  0.3306 ,
  0.0400 ,  0.0807 , -0.3170 , -3.2130 ,  1.9127 ,  0.0036 ,
 -0.0404 ,  0.0406 , -0.1591 , -2.3810 ,  1.1730 , -0.3234 ,
 -0.0408 ,  0.0403 , -0.3178 , -0.8262 ,  1.7946 ,  0.6541 ,
  0.0392 , -0.0011 , -0.4755 , -1.5355 ,  1.3051 , -0.3199 ,
  0.0001 ,  0.0812 , -0.1588 ,  0.6568 ,  0.6059 ,  0.0018 ,
  0.0397 ,  0.0804 , -0.4757 , -0.8835 ,  1.2895 ,  0.0053 ,
  0.0400 ,  0.0807 , -0.3170 , -0.1135 ,  2.5349 ,  0.6540 ,
 -0.0411 ,  0.0400 , -0.4764 , -2.3712 ,  1.7939 ,  0.0053 ,
  0.0398 ,  0.0400 , -0.3170 , -0.0520 ,  0.6759 ,  0.3288 ,
 -0.0418 ,  0.0394 , -0.7937 , -1.5864 ,  1.1700 ,  0.3342 ,
  0.0410 ,  0.2033 , -0.1586 , -1.0776 ,  1.8898 , -0.3234 ,
  0.0390 , -0.0419 , -0.4754 ,  0.8506 ,  2.5576 ,  0.0053 ,
  0.1205 , -0.0009 , -0.1574 ,  0.0039 ,  0.1880 ,  0.3270 ,
  0.0000 ,  0.0000 ,  0.0000 , -1.5497 ,  0.6223 ,  0.0000 ,
  0.0405 ,  0.0406 ,  0.0003 , -0.8367 ,  0.0551 ,  0.3252 ,
  0.0399 ,  0.1212 , -0.4757 ,  0.6048 ,  0.6595 ,  0.6558 ,
 -0.0005 ,  0.0401 , -0.3174 , -1.6014 ,  2.4797 , -0.3217 ,
  0.0809 ,  0.1223 ,  0.1586 , -0.1888 ,  0.7215 ,  0.6506 ,
  0.1208 ,  0.1211 , -0.3163 , -0.1756 ,  1.4084 ,  0.3288 ,
 -0.0816 ,  0.0807 , -0.6355 , -0.1027 ,  0.4778 ,  0.3324 ,
 -0.0816 , -0.0005 , -0.4767 , -1.5345 ,  1.7387 , -0.3199 ,
  0.0394 , -0.0416 , -0.3168 , -0.7040 ,  0.6915 , -0.3217 ,
 -0.0417 , -0.0010 , -0.6350 ,  1.5695 ,  3.0454 , -0.6434 ,
 -0.0400 ,  0.1222 , -0.1593 , -1.7289 ,  1.1574 ,  0.6522 ,
 -0.1207 ,  0.0413 , -0.0013 , -0.8353 ,  1.0479 , -0.3252 ,
 -0.0008 ,  0.0398 , -0.4760 , -0.0468 , -0.0101 , -0.3199 ,
 -0.0820 , -0.0009 , -0.6354 , -2.3044 ,  1.1157 , -0.3181 ,
 -0.0001 ,  0.0405 , -0.1587 , -1.6064 , -0.0086 ,  0.0018 ,
  0.0397 , -0.0413 , -0.1582 ,  0.0660 ,  0.0700 ,  0.6522 ,
  0.0394 , -0.0416 , -0.3168 , -2.2539 ,  2.5581 ,  0.6540 ,
 -0.0007 , -0.0006 , -0.3173 , -0.7651 ,  2.4875 ,  0.0036 ,
 -0.0007 , -0.0006 , -0.3173 ,  0.0098 ,  1.8653 ,  0.0036 ,
  0.0402 ,  0.0403 , -0.1583 , -0.8318 ,  2.5433 ,  0.6522 ,
  0.0392 , -0.0011 , -0.4755 , -2.3105 ,  2.5496 ,  0.0053 ,
  0.0389 , -0.0014 , -0.6342 , -2.3056 ,  1.3045 , -0.3181 ,
 -0.0819 ,  0.0804 , -0.7942 ,  0.6770 ,  1.0993 ,  0.3342 ,
  0.1202 , -0.0012 , -0.3161 , -0.7661 ,  1.4318 , -0.3217 ,
 -0.0007 , -0.0006 , -0.3173 , -2.3151 ,  1.8653 ,  0.0036 ,
 -0.0008 ,  0.0398 , -0.4760 , -0.8217 ,  1.2344 ,  0.3306 ,
 -0.0813 , -0.0002 , -0.3181 , -1.5393 ,  0.4950 ,  0.3288 ,
  0.0006 ,  0.0411 ,  0.1586 , -1.6162 ,  3.1042 ,  0.6487 ,
 -0.0402 ,  0.0814 , -0.1592 , -0.1177 ,  0.5430 ,  0.3270 ,
 -0.0003 ,  0.0809 , -0.3174 , -1.6630 ,  1.2274 ,  0.6541 ,
  0.0810 ,  0.0811 ,  0.0007 , -0.1236 ,  1.3548 ,  0.3252 ,
  0.0391 ,  0.0393 , -0.6342 , -0.8171 ,  1.2966 , -0.6434 ,
 -0.0402 ,  0.0814 , -0.1592 ,  0.6571 ,  0.5430 ,  0.0018 ,
 -0.0008 ,  0.0398 , -0.4760 , -0.8217 ,  0.6122 ,  0.3306 ,
  0.0782 , -0.1242 , -0.7922 , -1.3417 ,  1.3901 ,  0.6594 ,
 -0.0807 ,  0.0408 , -0.1595 , -0.0559 , -0.7567 ,  0.0018 ,
 -0.0804 , -0.0395 ,  0.1578 ,  0.0590 ,  2.3811 ,  0.3189 ,
  0.0403 ,  0.2027 , -0.4759 , -1.8427 ,  0.6439 ,  0.3306 ,
 -0.0814 ,  0.0402 , -0.4768 , -1.5958 ,  1.1086 , -0.3199 ,
 -0.1221 , -0.0411 , -0.4771 , -1.4726 ,  1.6836 ,  0.0054 ,
  0.0007 ,  0.2035 , -0.1590 , -1.0773 ,  1.2047 ,  0.3270 ,
 -0.0004 , -0.0815 ,  0.0002 ,  1.6725 ,  2.5048 , -0.0000 ,
 -0.0009 , -0.0414 , -0.3172 ,  0.0712 ,  1.8732 ,  0.9793 ,
  0.1209 , -0.0006 ,  0.0012 ,  0.7737 ,  1.4333 , -0.0000 ,
 -0.0007 , -0.0006 , -0.3173 , -0.7651 , -0.0015 ,  0.0036 ,
 -0.0809 ,  0.0001 , -0.1594 ,  0.0056 , -0.1266 ,  0.3270 ,
 -0.0408 ,  0.0403 , -0.3178 , -2.3761 , -0.0722 , -0.3217 ,
 -0.0404 ,  0.1219 , -0.3179 , -0.1742 ,  1.7790 ,  0.0036 ,
 -0.0406 , -0.0001 , -0.1590 , -0.7697 ,  2.4253 ,  0.3270 ,
 -0.0412 ,  0.1617 , -0.7939 , -1.7708 , -0.0979 ,  0.0089 ,
 -0.0408 ,  0.0403 , -0.3178 , -1.6010 ,  0.5500 , -0.3217 ,
 -0.0001 ,  0.0405 , -0.1587 , -1.6064 ,  0.6137 ,  0.9775 ,
 -0.1208 ,  0.0818 , -0.1600 ,  0.6578 ,  2.2839 , -0.3234 ,
  0.0407 , -0.0400 ,  0.3168 , -0.7034 ,  1.9503 ,  0.6496 ,
  0.0006 ,  0.0411 ,  0.1586 , -0.8413 ,  2.4820 , -0.0018 ,
  0.0801 ,  0.0398 , -0.3165 , -0.0524 ,  1.9834 ,  0.0036 ,
 -0.0001 ,  0.1217 , -0.3175 , -1.7243 ,  1.2197 , -0.3217 ,
 -0.0417 , -0.0010 , -0.6350 ,  0.0199 ,  1.1787 ,  0.3323 ,
  0.0410 , -0.0404 ,  0.1579 , -2.2845 ,  1.3142 ,  0.6693 ,
 -0.1619 ,  0.0002 , -0.3189 ,  1.5609 ,  0.9914 , -0.3217 ,
  0.0407 ,  0.0813 ,  0.0003 , -1.6730 ,  0.6696 ,  0.9757 ,
  0.0400 ,  0.0807 , -0.3170 , -0.8884 ,  0.6681 ,  0.3288 ,
  0.0392 , -0.0011 , -0.4755 , -1.5355 ,  1.9274 ,  0.0053 ,
  0.0805 ,  0.0401 , -0.1579 , -0.8322 ,  1.3617 ,  0.6522 ,
  0.0002 ,  0.0408 , -0.0001 , -1.6112 , -0.6302 ,  0.3252 ,
  0.0408 ,  0.1626 , -0.1585 , -1.0162 ,  0.6532 ,  0.0018 ,
 -0.0007 , -0.0006 , -0.3173 , -2.3151 ,  2.4875 ,  0.9793 ,
  0.1613 ,  0.0805 , -0.1572 , -3.2190 ,  2.1020 ,  0.0018 ,
  0.0392 ,  0.1206 , -0.7930 , -1.7100 ,  1.2803 ,  0.3341 ,
 -0.0805 ,  0.0816 , -0.1596 , -1.6671 ,  2.3468 ,  0.3270 ,
 -0.1624 , -0.0409 , -0.4774 , -1.4723 ,  0.3762 , -0.6451 ,
  0.0404 ,  0.0810 , -0.1584 , -0.8932 ,  2.5355 ,  0.6522 ,
  0.0395 ,  0.0396 , -0.4756 , -2.3719 , -0.5695 ,  0.0053 ,
  0.1208 ,  0.0399 , -0.1575 , -0.8325 ,  2.0470 ,  0.6522 ,
 -0.0404 ,  0.0406 , -0.1591 , -1.6060 , -0.0715 , -0.3234 ,
  0.0803 ,  0.0805 , -0.3166 , -1.6636 ,  0.7310 ,  0.9793 ,
 -0.0004 ,  0.1214 , -0.4761 , -2.4945 ,  1.2188 ,  0.3306 ,
  0.0006 ,  0.0411 ,  0.1586 , -3.1662 ,  0.6152 ,  0.6487 ,
  0.0397 ,  0.0804 , -0.4757 , -0.8835 ,  0.0450 ,  0.0053 ,
 -0.1608 ,  0.0823 , -0.0018 , -1.6713 ,  1.5995 ,  0.0000 ,
 -0.0816 , -0.0005 , -0.4767 ,  0.0154 ,  0.4942 ,  0.0054 ,
 -0.0010 , -0.0009 , -0.4759 , -1.5351 ,  1.2422 ,  0.3306 ,
  0.0003 ,  0.1220 , -0.1589 , -0.1795 ,  1.2203 , -0.6487 ,
  0.0395 , -0.0820 , -0.1581 , -0.6474 ,  1.3222 , -0.6487 ,
  0.0397 , -0.0413 , -0.1582 ,  0.0660 ,  0.0700 ,  0.0018 ,
 -0.1205 , -0.0798 ,  0.1578 ,  0.1202 ,  1.0802 ,  0.3178 ,
  0.0404 ,  0.0810 , -0.1584 , -0.1184 ,  3.1576 ,  0.6522 ,
  0.0399 , -0.0005 , -0.1582 ,  0.0045 ,  3.1733 ,  0.0018 ,
  0.0799 , -0.0010 , -0.3165 ,  0.7839 ,  0.7466 ,  0.3288 ,
  0.0405 ,  0.0406 ,  0.0003 , -0.0618 ,  0.6774 , -0.0000 ,
 -0.0012 ,  0.0395 , -0.6346 , -1.5917 ,  1.8560 ,  0.0071 ,
 -0.0004 ,  0.1214 , -0.4761 , -0.1697 , -0.0257 ,  0.3306 ,
  0.0803 ,  0.0805 , -0.3166 , -3.2133 ,  2.5977 ,  0.6540 ,
 -0.0818 ,  0.0399 , -0.6354 , -2.3658 ,  1.1079 ,  0.3324 ,
  0.0397 , -0.0413 , -0.1582 ,  0.0660 ,  0.0700 ,  0.3270 ,
  0.1202 , -0.0012 , -0.3161 ,  1.5584 ,  1.4318 ,  0.0035 ,
 -0.0412 , -0.0412 , -0.3176 ,  0.8464 ,  1.1879 ,  0.6541 ,
  0.0393 ,  0.0801 , -0.6343 , -0.8786 ,  1.2888 , -0.3181 ,
 -0.0408 ,  0.0403 , -0.3178 , -0.0513 ,  0.5500 , -0.6469 ,
 -0.0001 ,  0.1217 , -0.3175 , -1.7243 ,  0.5973 , -0.3217 ,
 -0.0007 , -0.0006 , -0.3173 ,  0.7846 ,  0.6208 , -0.3217 ,
 -0.0011 , -0.0821 , -0.3171 , -0.6422 ,  0.6364 ,  0.0036 ,
  0.1608 , -0.0011 , -0.1570 , -1.5463 ,  2.1177 ,  0.6522 ,
 -0.0400 ,  0.1222 , -0.1593 , -0.9540 , -0.0871 ,  0.3270 ,
 -0.0007 , -0.0006 , -0.3173 ,  0.0098 ,  0.6208 ,  0.0036 ,
  0.0005 ,  0.1627 , -0.1589 , -1.0159 ,  1.8348 ,  0.3270 ,
 -0.0001 ,  0.0405 , -0.1587 , -0.0566 ,  0.6137 ,  0.0018 ,
 -0.0404 ,  0.0406 , -0.1591 , -0.8311 ,  1.1730 , -0.6487 ,
  0.0402 ,  0.0403 , -0.1583 , -1.6066 ,  1.2989 ,  0.0018 ,
 -0.0021 , -0.0019 , -0.9519 , -0.7455 ,  1.8623 ,  0.3359 ,
 -0.0409 ,  0.1620 , -0.6353 , -1.7756 , -0.0972 , -0.6434 ,
 -0.0402 ,  0.0412 ,  0.1562 , -1.6251 ,  1.7827 , -0.2990 ,
  0.0407 ,  0.0813 ,  0.0003 ,  0.6516 ,  1.2918 ,  0.3252 ,
 -0.0007 , -0.0006 , -0.3173 ,  0.0098 , -0.0015 , -0.3217 ,
 -0.0012 ,  0.0395 , -0.6346 , -0.8168 ,  0.6115 ,  0.6576 ,
  0.0798 ,  0.0395 , -0.4752 , -0.8224 ,  0.1158 , -0.3199 ,
 -0.0809 ,  0.0813 , -0.3182 , -0.8874 ,  1.1016 , -0.9722 ,
  0.0797 , -0.0418 , -0.3164 , -1.4792 ,  1.3767 ,  0.0036 ,
 -0.0407 ,  0.1216 , -0.4765 , -2.4941 ,  1.7782 ,  0.6558 ,
 -0.0008 ,  0.0398 , -0.4760 , -1.5966 ,  1.8568 ,  0.3306 ,
 -0.0408 ,  0.0403 , -0.3178 , -0.8262 ,  1.7946 , -0.3217 ,
 -0.0404 ,  0.0406 , -0.1591 , -1.6060 ,  1.1730 ,  1.6278 ,
  0.0394 , -0.0416 , -0.3168 , -1.4790 ,  0.6915 ,  0.0036 ,
  0.0399 , -0.0817 ,  0.0006 , -0.6523 ,  1.9454 , -0.3253 ,
  0.1615 ,  0.1212 , -0.1573 , -1.7306 ,  2.7166 ,  0.3270 ,
  0.0809 ,  0.1216 , -0.1581 , -1.7299 ,  1.3462 ,  0.3270 ,
  0.0792 , -0.0016 , -0.6337 , -0.7560 ,  1.3673 , -0.3181 ,
  0.0003 ,  0.1220 , -0.1589 , -0.9544 , -0.6465 ,  0.3270 ,
  0.0407 ,  0.0813 ,  0.0003 , -0.1233 ,  1.2918 ,  0.3252 ,
 -0.0411 ,  0.0400 , -0.4764 ,  1.5032 ,  0.5493 ,  0.6558 ,
 -0.0410 , -0.0004 , -0.3177 , -2.3145 , -0.0644 ,  0.3288 ,
 -0.0807 ,  0.0408 , -0.1595 , -3.1555 ,  0.4879 ,  0.3270 ,
 -0.0818 , -0.0413 , -0.4766 ,  0.8516 ,  1.1242 ,  0.3306 ,
 -0.0403 ,  0.0002 , -0.0004 , -0.7745 ,  2.4261 ,  0.6505 ,
 -0.0003 , -0.0003 , -0.1586 ,  0.0049 ,  2.4882 ,  0.3270 ,
 -0.0402 ,  0.0814 , -0.1592 , -0.1177 ,  0.5430 ,  0.0018 ,
 -0.0814 ,  0.0402 , -0.4768 , -0.8210 ,  1.7309 ,  0.3306 ,
  0.1612 , -0.0008 ,  0.0016 , -0.7763 ,  1.4962 ,  0.3252 ,
 -0.2015 ,  0.0010 , -0.0020 ,  0.0017 ,  0.3077 , -0.3252 ,
  0.0398 ,  0.0400 , -0.3170 , -1.6018 ,  1.9204 ,  0.0036 ,
 -0.0001 ,  0.0405 , -0.1587 , -2.3814 ,  2.4805 ,  0.6522 ,
 -0.0809 ,  0.0001 , -0.1594 , -3.0940 ,  0.4957 ,  0.0018 ,
 -0.0001 ,  0.0405 , -0.1587 , -0.8314 ,  1.8582 , -0.9740 ,
 -0.0409 , -0.0409 , -0.1590 ,  0.0667 ,  1.8109 ,  0.0018 ,
 -0.1615 ,  0.0005 , -0.1603 ,  0.7811 ,  0.9922 , -0.3234 ,
 -0.1615 ,  0.0005 , -0.1603 , -0.7686 ,  0.9922 ,  0.9775 ,
  0.0795 , -0.0013 , -0.4751 , -3.0855 ,  1.3680 ,  0.6558 ,
 -0.0406 ,  0.0811 , -0.3178 , -1.6626 ,  1.1645 ,  0.3288 ,
  0.0396 , -0.0008 , -0.3169 , -2.3153 ,  0.0614 ,  0.9793 ,
  0.0790 , -0.0424 , -0.6337 , -0.6946 ,  1.3752 ,  0.3323 ,
 -0.1209 ,  0.0006 , -0.0012 , -2.3237 ,  1.0558 ,  0.9757 ,
 -0.0416 , -0.0415 , -0.4762 ,  0.0765 ,  1.1871 ,  0.3306 ,
  0.0393 ,  0.0801 , -0.6343 , -1.6535 , -0.5780 ,  0.6576 ,
 -0.0818 ,  0.0399 , -0.6354 , -3.9156 ,  1.7302 ,  0.0071 ,
 -0.1212 ,  0.0815 , -0.3186 , -0.8870 ,  1.6610 ,  0.9793 ,
 -0.0812 , -0.0407 , -0.1594 ,  0.0670 ,  0.5035 ,  0.3270 ,
 -0.0014 , -0.0012 , -0.6346 ,  1.5692 ,  0.6192 , -0.9686 ,
 -0.0406 ,  0.0811 , -0.3178 , -0.1128 ,  1.7869 ,  0.3288 ,
  0.0407 ,  0.0813 ,  0.0003 ,  0.6516 ,  1.2918 ,  0.6504 ,
 -0.0409 ,  0.0808 , -0.4765 ,  0.6669 ,  0.5415 , -0.6451 ,
 -0.0809 ,  0.1631 ,  0.1562 , -0.2463 ,  1.0829 ,  0.3267 ,
  0.0796 ,  0.0799 , -0.6339 , -0.8789 ,  1.3517 ,  0.0071 ,
 -0.1615 ,  0.0005 , -0.1603 , -0.7686 ,  2.2366 ,  0.0018 ,
 -0.0814 ,  0.0402 , -0.4768 , -1.5958 ,  1.1086 ,  0.3306 ,
 -0.0810 ,  0.1218 , -0.4770 , -0.1690 ,  2.3375 , -0.6451 ,
  0.1211 ,  0.0402 ,  0.0011 ,  1.4871 ,  2.0477 , -0.3253 ,
 -0.0005 ,  0.0401 , -0.3174 , -0.8265 , -0.0093 , -0.3217 ,
  0.0407 , -0.0811 ,  0.3180 ,  1.6817 ,  0.6880 ,  0.3250 ,
  0.0006 ,  0.0411 ,  0.1586 , -0.0664 ,  1.2375 , -0.3270 ,
 -0.0404 ,  0.0406 , -0.1591 , -0.0562 ,  1.1730 , -0.6487 ,
 -0.0399 ,  0.0005 ,  0.1582 , -0.0045 ,  1.8046 , -0.0018 ,
 -0.0411 ,  0.0400 , -0.4764 , -1.5962 ,  1.7939 ,  0.0053 ,
 -0.2011 ,  0.0013 ,  0.1566 , -0.7780 ,  2.1751 ,  0.3235 ,
  0.0793 , -0.0421 , -0.4750 ,  0.8503 ,  1.3759 ,  0.3306 ,
 -0.2018 ,  0.0007 , -0.1607 ,  0.0066 ,  0.9292 , -0.3234 ,
 -0.0399 ,  0.0005 ,  0.1582 , -2.3294 ,  2.4269 ,  0.3234 ,
  0.0402 ,  0.0403 , -0.1583 , -0.8318 ,  1.2989 ,  0.3270 ,
 -0.1219 , -0.0003 , -0.4771 ,  0.0157 ,  2.2979 ,  0.0054 ,
  0.0003 ,  0.1220 , -0.1589 ,  0.5953 ,  0.5981 ,  0.3270 ,
 -0.1212 ,  0.0815 , -0.3186 , -0.8870 ,  1.0387 ,  0.6541 ,
 -0.0406 ,  0.0811 , -0.3178 , -0.8877 ,  0.5422 , -0.9722 ,
 -0.0404 ,  0.0406 , -0.1591 , -0.0562 ,  1.1730 ,  0.9775 ,
  0.0805 ,  0.0401 , -0.1579 , -1.6070 ,  1.9841 ,  0.0018 ,
  0.0380 , -0.0428 , -0.9514 , -0.6844 ,  0.0662 ,  0.6611 ,
  0.0003 ,  0.1220 , -0.1589 , -3.2791 ,  2.4648 , -0.3234 ,
  0.0000 ,  0.0000 ,  0.0000 , -1.5497 ,  0.6223 ,  0.6505 ,
  0.0400 ,  0.0807 , -0.3170 , -0.1135 ,  1.9127 ,  0.0036 ,
  0.1198 , -0.0015 , -0.4747 ,  0.0136 ,  2.0532 ,  0.9811 ,
  0.0004 ,  0.0815 , -0.0002 , -1.6727 ,  1.2288 , -0.9757 ,
 -0.0002 ,  0.1621 , -0.4762 , -1.0061 ,  1.2110 ,  0.0053 ,
 -0.1215 ,  0.0812 , -0.4773 , -2.4320 ,  1.6601 ,  0.0054 ,
 -0.0010 , -0.0009 , -0.4759 ,  0.7895 ,  1.8645 ,  0.3306 ,
 -0.0001 ,  0.1217 , -0.3175 , -0.9495 ,  1.8420 ,  0.6541 ,
 -0.1215 ,  0.0812 , -0.4773 , -2.4320 , -0.2066 ,  0.6558 ,
 -0.0411 ,  0.0400 , -0.4764 , -0.0464 ,  2.4161 ,  0.9811 ,
 -0.0807 ,  0.0408 , -0.1595 , -2.3807 ,  1.1101 ,  0.3270 ,
  0.0812 ,  0.1219 ,  0.0006 , -0.1851 ,  0.1024 ,  0.6504 ,
 -0.0013 , -0.0417 , -0.4758 , -3.0235 ,  1.8723 ,  0.6558 ,
 -0.0003 ,  0.0809 , -0.3174 , -2.4380 ,  2.4719 ,  0.3288 ,
  0.0806 , -0.0004 ,  0.0008 , -0.7756 ,  0.7481 ,  0.6504 ,
 -0.0006 , -0.0411 , -0.1586 , -0.7085 ,  1.8739 ,  0.6522 ,
 -0.0413 , -0.0007 , -0.4763 , -3.0844 ,  1.8016 ,  0.6558 ,
 -0.0413 , -0.0007 , -0.4763 , -1.5348 ,  0.5571 , -0.9704 ,
 -0.0807 ,  0.1221 , -0.3183 , -0.9488 ,  1.0937 ,  0.0036 ,
  0.1202 , -0.0012 , -0.3161 ,  0.0087 ,  1.4318 ,  0.3288 ,
 -0.0401 ,  0.0410 , -0.0005 , -0.8360 ,  1.7961 ,  0.3252 ,
  0.0810 ,  0.0811 ,  0.0007 , -0.8985 ,  0.7325 ,  0.3252 ,
  0.1619 ,  0.2028 , -0.1574 , -0.3038 ,  0.8341 ,  0.0018 ,
  0.0402 ,  0.0403 , -0.1583 , -0.8318 ,  1.9211 ,  0.9775 ,
 -0.1208 ,  0.0818 , -0.1600 , -1.6667 ,  0.4172 ,  0.0018 ,
 -0.0402 ,  0.0814 , -0.1592 , -0.1177 ,  0.5430 ,  0.6522 ,
  0.0798 ,  0.1207 , -0.6340 , -0.1655 ,  0.0994 ,  0.6576 ,
 -0.0411 ,  0.1213 , -0.6352 , -0.1645 ,  1.1552 ,  0.3324 ,
  0.1203 , -0.0417 , -0.1573 , -0.7096 ,  1.4403 , -0.3235 ,
  0.0393 , -0.1228 , -0.1580 ,  0.1889 ,  0.0856 ,  0.3270 ,
 -0.0811 ,  0.0405 , -0.3182 ,  0.7238 ,  1.1094 , -0.3217 ,
  0.0807 ,  0.0808 , -0.1580 , -1.6684 ,  0.7317 ,  0.0018 ,
 -0.0411 ,  0.0400 , -0.4764 , -0.8214 , -0.0730 , -0.9704 ,
  0.0401 ,  0.1619 , -0.4758 ,  0.5433 ,  1.8962 ,  0.0053 ,
  0.1211 ,  0.0402 ,  0.0011 , -0.0625 ,  0.1809 , -0.0000 ,
 -0.0802 ,  0.0819 , -0.0010 , -0.8971 ,  1.7254 ,  0.0000 ,
  0.1212 , -0.0003 ,  0.1599 , -0.7808 ,  2.6785 , -0.0018 ,
 -0.0406 , -0.0001 , -0.1590 ,  0.0052 , -0.6860 ,  0.0018 ,
 -0.0409 ,  0.0808 , -0.4765 , -2.4326 , -0.0808 ,  0.0053 ,
 -0.0009 , -0.0414 , -0.3172 , -0.7037 ,  1.2508 ,  0.6541 ,
  0.0809 , -0.0001 ,  0.1594 , -0.0056 ,  0.1266 , -0.0018 ,
 -0.0818 ,  0.0399 , -0.6354 , -0.8160 ,  1.7302 ,  0.6576 ,
 -0.0815 , -0.0410 , -0.3180 ,  0.0719 ,  1.1250 , -0.3217 ,
 -0.1221 ,  0.0401 , -0.6358 , -0.8157 ,  0.4227 ,  0.3324 ,
 -0.1201 ,  0.0820 ,  0.4732 , -2.4790 , -0.2002 , -0.3286 ,
  0.0003 ,  0.0003 ,  0.1586 , -0.0049 ,  3.1120 , -0.0018 ,
  0.1205 ,  0.1208 , -0.4749 , -0.9456 ,  1.4075 ,  0.0053 ,
  0.0004 ,  0.0815 , -0.0002 , -3.2223 ,  1.8511 ,  0.9757 ,
 -0.0002 , -0.0408 ,  0.0001 ,  0.8362 ,  1.2524 , -0.3253 ,
  0.0404 ,  0.0810 , -0.1584 , -3.2179 ,  1.9133 ,  0.6522 ,
  0.0405 , -0.0407 ,  0.1589 , -0.7231 ,  0.0741 , -0.6414 ,
  0.0799 , -0.0010 , -0.3165 , -1.5407 ,  1.3689 , -0.6469 ,
  0.0392 , -0.0011 , -0.4755 , -2.3105 ,  1.3051 ,  0.6558 ,
  0.1204 ,  0.0396 , -0.3161 , -2.3774 ,  2.6685 ,  0.3288 ,
  0.0394 , -0.0416 , -0.3168 , -0.7040 ,  0.6915 ,  0.3288 ,
 -0.0003 , -0.0003 , -0.1586 , -0.7700 ,  1.8661 ,  0.3270 ,
  0.0399 , -0.0005 , -0.1582 , -1.5452 ,  2.5511 ,  0.9775 ,
 -0.1209 ,  0.0006 , -0.0012 , -2.3237 ,  2.3002 ,  0.6505 ,
  0.0396 , -0.0008 , -0.3169 , -0.7655 , -0.5609 , -0.9722 ,
  0.0002 ,  0.0408 , -0.0001 , -0.0615 ,  1.2367 ,  0.6505 ,
  0.0408 , -0.1216 ,  0.1590 , -0.5834 ,  1.9657 ,  0.9768 ,
 -0.0003 ,  0.0809 , -0.3174 ,  0.6617 ,  1.2274 , -0.3217 ,
 -0.0812 , -0.1219 , -0.0006 , -2.1398 ,  1.1421 ,  1.3010 ,
  0.0404 ,  0.0810 , -0.1584 , -1.6682 ,  0.6688 ,  0.3270 ,
  0.0402 ,  0.0403 , -0.1583 , -1.6066 ,  1.2989 ,  0.3270 ,
  0.0406 ,  0.1218 , -0.1585 , -0.9547 ,  1.2833 ,  0.0018 ,
 -0.0013 , -0.0417 , -0.4758 , -1.4737 ,  1.2500 ,  0.3306 ,
 -0.0006 , -0.0411 , -0.1586 , -1.4835 ,  1.2515 ,  0.6522 ,
  0.1205 , -0.0009 , -0.1574 ,  3.1028 ,  1.4325 ,  0.3270 ,
 -0.0005 ,  0.0401 , -0.3174 , -1.6015 ,  1.2353 ,  0.6541 ,
 -0.0004 , -0.0815 ,  0.0002 ,  0.1229 ,  0.6379 , -0.3253 ,
  0.0001 ,  0.0812 , -0.1588 , -3.2176 ,  1.8504 , -0.3234 ,
  0.0806 , -0.0004 ,  0.0008 , -0.0007 ,  0.7481 ,  0.3252 ,
 -0.0406 ,  0.0811 , -0.3178 , -1.6626 ,  1.7869 ,  0.0036 ,
 -0.0810 ,  0.1218 , -0.4770 , -2.4939 , -0.1515 ,  0.6558 ,
 -0.0013 ,  0.0800 , -0.7933 , -1.6482 , -0.0194 ,  0.3341 ,
 -0.0017 , -0.0015 , -0.7932 , -0.7504 ,  1.2408 ,  0.3341 ,
 -0.0413 , -0.1224 , -0.1588 , -1.3602 ,  1.8265 ,  0.0018 ,
  0.1201 , -0.0824 , -0.1573 , -0.6481 ,  1.4481 ,  0.6522 ,
 -0.0001 ,  0.0405 , -0.1587 , -3.1560 ,  1.2359 , -0.3234 ,
 -0.1219 , -0.0003 , -0.4771 ,  0.0157 ,  0.4313 , -0.3199 ,
 -0.0407 ,  0.1216 , -0.4765 , -0.9442 , -0.0886 ,  0.6558 ,
 -0.0404 ,  0.1219 , -0.3179 , -0.1742 ,  3.6457 ,  0.3288 ,
 -0.0400 ,  0.1222 , -0.1593 , -2.5037 ,  1.1574 ,  0.0018 ,
  0.0805 ,  0.0401 , -0.1579 , -0.8322 ,  0.7395 ,  0.3270 ,
 -0.0005 ,  0.0401 , -0.3174 , -1.6015 ,  0.6129 ,  0.9793 ,
 -0.2016 ,  0.1226 , -0.3195 , -0.1729 ,  2.1495 ,  0.3288 ,
 -0.0010 ,  0.0803 , -0.6347 , -0.8782 ,  1.2259 ,  0.6576 ,
  0.0000 ,  0.0000 ,  0.0000 ,  0.0000 ,  0.6223 , -0.6505 ,
  0.0805 ,  0.0401 , -0.1579 , -0.8322 ,  1.3617 ,  0.0018 ,
  0.0004 ,  0.0815 , -0.0002 , -1.6727 ,  0.6066 ,  0.6505 ,
  0.0406 ,  0.1218 , -0.1585 , -2.5047 , -0.5836 ,  0.0018 ,
  0.0001 ,  0.0812 , -0.1588 , -2.4429 ,  2.4725 ,  0.9775 ,
  0.1208 ,  0.0399 , -0.1575 , -0.8325 ,  0.8025 ,  0.3270 ,
  0.0394 , -0.0416 , -0.3168 , -0.7040 ,  2.5581 ,  0.3288 ,
 -0.0811 ,  0.0405 , -0.3182 , -2.3758 ,  1.1094 ,  0.3288 ,
  0.0398 ,  0.0400 , -0.3170 , -0.0520 ,  0.0536 ,  0.0036 ,
  0.1601 , -0.0017 , -0.4743 , -1.5366 ,  0.8717 ,  0.6558 ,
 -0.0408 ,  0.0403 , -0.3178 , -2.3761 ,  0.5500 ,  0.9793 ,
  0.0805 ,  0.1213 , -0.3167 , -1.7250 ,  0.1009 , -0.3217 ,
  0.1204 ,  0.0396 , -0.3161 , -2.3774 ,  2.6685 , -0.3217 ,
 -0.0004 , -0.0815 ,  0.0002 , -1.4269 , -0.6067 , -0.0000 ,
 -0.1613 ,  0.1225 , -0.3191 ,  0.6016 ,  1.5902 ,  0.6541 ,
 -0.0402 ,  0.1626 , -0.3180 , -3.3352 ,  2.3934 ,  0.3288 ,
  0.0805 ,  0.1213 , -0.3167 , -0.9502 ,  0.1009 , -0.6469 ,
  0.0395 ,  0.0396 , -0.4756 , -1.5969 ,  1.2973 ,  0.0053 ,
  0.0406 ,  0.1218 , -0.1585 , -2.5047 ,  0.6610 ,  0.3270 ,
  0.1210 ,  0.0806 , -0.1576 , -2.4438 ,  1.4169 ,  0.0018 ,
  0.2012 ,  0.0800 , -0.3154 , -1.6646 ,  2.1643 ,  0.0035 ,
 -0.0012 ,  0.0395 , -0.6346 , -0.8168 ,  1.8560 ,  0.6576 ,
 -0.0405 , -0.0406 , -0.0003 ,  0.0618 ,  2.4339 ,  0.0000 ,
  0.0801 ,  0.0398 , -0.3165 ,  0.7224 ,  2.6054 ,  0.6540 ,
  0.0397 ,  0.0804 , -0.4757 , -1.6584 ,  0.0450 , -0.3199 ,
 -0.0411 ,  0.0400 , -0.4764 , -0.0464 ,  1.1715 ,  0.3306 ,
 -0.1214 , -0.0405 , -0.1598 ,  0.8421 ,  1.0628 ,  0.0018 ,
 -0.0804 ,  0.0412 , -0.0009 , -0.8357 ,  2.3553 ,  0.3252 ,
  0.0404 ,  0.0810 , -0.1584 , -0.1184 ,  0.6688 ,  0.9775 ,
 -0.0006 ,  0.1618 , -0.6349 , -1.0012 ,  3.0770 ,  0.9828 ,
 -0.0811 ,  0.0405 , -0.3182 , -1.6008 ,  2.9761 ,  0.3288 ,
  0.0002 ,  0.0408 , -0.0001 , -2.3862 , -0.0078 ,  0.3252 ,
  0.0398 ,  0.0400 , -0.3170 , -2.3768 ,  0.0536 ,  0.0036 ,
  0.1203 ,  0.0800 , -0.4749 , -0.8841 ,  1.4153 ,  0.3306 ,
  0.0399 , -0.0005 , -0.1582 , -2.3202 ,  0.6844 ,  0.6522 ,
 -0.0012 ,  0.0395 , -0.6346 , -1.5917 ,  1.2337 ,  0.0071 ,
  0.0805 ,  0.1213 , -0.3167 , -0.1753 ,  0.7232 ,  0.3288 ,
  0.0807 ,  0.0808 , -0.1580 , -0.8936 ,  1.3540 ,  0.0018 ,
 -0.0399 ,  0.0817 , -0.0006 , -0.8975 ,  3.0327 ,  0.3252 ,
 -0.0406 , -0.0408 ,  0.1570 , -1.5087 , -0.0551 ,  0.0041 ,
 -0.1614 , -0.0400 , -0.0015 , -0.7120 ,  1.0006 ,  0.9757 ,
 -0.0811 ,  0.0405 , -0.3182 , -0.8259 ,  0.4871 ,  0.3288 ,
  0.0406 ,  0.0001 ,  0.1590 , -3.1050 ,  1.3082 , -0.3270 ,
  0.0793 , -0.0421 , -0.4750 , -3.7990 ,  3.8649 ,  0.6558 ,
 -0.0001 ,  0.0405 , -0.1587 , -0.8314 ,  1.2359 , -0.3234 ,
  0.0803 ,  0.0805 , -0.3166 , -0.1138 ,  0.7310 ,  0.6540 ,
 -0.0410 , -0.0004 , -0.3177 , -0.7647 ,  1.8024 ,  0.3288 ,
  0.0805 ,  0.0401 , -0.1579 , -0.0573 , -0.5050 , -0.3235 ,
 -0.0804 ,  0.0412 , -0.0009 ,  3.0384 ,  0.4886 ,  0.6505 ,
 -0.0004 ,  0.1214 , -0.4761 , -0.9446 , -0.0257 , -0.3199 ,
  0.1204 ,  0.0396 , -0.3161 , -2.3774 ,  0.8017 , -0.3217 ,
 -0.0010 , -0.0009 , -0.4759 ,  0.0147 ,  2.4868 , -1.2956 ,
  0.0388 , -0.0826 , -0.4754 , -2.9624 ,  2.5653 ,  0.0053 ,
  0.0793 , -0.1233 , -0.3162 , -1.3563 ,  0.7700 ,  0.0035 ,
  0.0001 , -0.0405 ,  0.1587 ,  0.0566 ,  1.8753 , -0.0018 ,
 -0.0408 ,  0.0403 , -0.3178 , -0.0513 ,  1.1724 ,  1.3045 ,
  0.0398 ,  0.0400 , -0.3170 , -0.0520 ,  2.5426 ,  0.6540 ,
  0.0391 , -0.1636 , -0.1579 , -1.2993 ,  1.3380 , -0.3235 ,
 -0.0418 , -0.0823 , -0.4762 , -2.1868 ,  1.1949 ,  0.3306 ,
  0.0800 , -0.0415 , -0.1578 , -1.4841 ,  0.7551 ,  0.9775 ,
 -0.0003 ,  0.0809 , -0.3174 , -1.6629 ,  0.6051 , -0.3217 ,
  0.0792 , -0.0016 , -0.6337 , -3.8556 ,  0.7451 , -0.3181 ,
  0.0803 ,  0.0805 , -0.3166 , -1.6636 ,  1.3533 ,  0.3288 ,
 -0.0003 , -0.0003 , -0.1586 , -2.3199 ,  1.8661 ,  0.0018 ,
 -0.0004 ,  0.1214 , -0.4761 , -0.9446 ,  1.8411 ,  0.3306 ,
  0.0802 ,  0.1210 , -0.4753 , -1.7202 ,  3.2113 ,  0.0053 ,
  0.0398 ,  0.0400 , -0.3170 ,  0.7228 ,  1.2981 ,  0.0036 ,
 -0.0812 ,  0.0810 , -0.4769 , -0.8824 ,  0.4786 ,  0.0054 ,
  0.1202 , -0.0012 , -0.3161 , -1.5411 ,  1.4318 ,  0.0035 ,
  0.0402 ,  0.0403 , -0.1583 , -1.6066 ,  1.2989 ,  0.0018 ,
 -0.0399 ,  0.0005 ,  0.1582 , -2.3294 ,  3.6716 ,  0.9739 ,
 -0.1202 ,  0.0422 ,  0.3156 , -0.0681 ,  1.0493 ,  0.6337 ,
 -0.0008 ,  0.0398 , -0.4760 , -0.8217 ,  2.4790 ,  0.3306 ,
 -0.2019 ,  0.1223 , -0.4782 , -0.9429 ,  0.9043 ,  0.3306 ,
 -0.0816 , -0.0005 , -0.4767 , -0.7595 ,  1.7387 , -0.3199 ,
 -0.0405 ,  0.1623 , -0.4766 ,  1.3188 ,  1.1481 ,  0.3306 ,
 -0.0007 , -0.0006 , -0.3173 , -3.0898 ,  1.8653 ,  0.3288 ,
 -0.0015 ,  0.0392 , -0.7933 , -1.5867 , -0.0116 ,  0.3341 ,
  0.0392 , -0.0011 , -0.4755 , -0.7605 ,  0.0607 ,  0.3306 ,
  0.0810 ,  0.0811 ,  0.0007 , -1.6734 ,  0.1102 ,  0.6504 ,
 -0.0399 ,  0.0817 , -0.0006 , -3.2221 ,  1.7882 ,  0.0000 ,
 -0.1216 , -0.0000 , -0.3185 ,  0.0108 ,  1.0542 ,  0.3288 ,
  0.0792 , -0.0016 , -0.6337 , -1.5309 ,  1.3673 ,  0.6576 ,
 -0.0402 ,  0.0814 , -0.1592 , -1.6675 , -0.0793 , -0.6487 ,
 -0.0009 , -0.0414 , -0.3172 , -1.4785 ,  1.2508 ,  0.3288 ,
  0.0390 , -0.0419 , -0.4754 , -1.4740 ,  0.0685 ,  0.3306 ,
 -0.0003 , -0.0003 , -0.1586 ,  0.0049 , -0.0007 ,  0.0018 ,
 -0.0816 , -0.0005 , -0.4767 ,  0.0154 ,  1.7387 ,  0.6558 ,
  0.0812 ,  0.0407 ,  0.1590 , -0.8477 ,  0.1223 , -0.0007 ,
 -0.0401 ,  0.0410 , -0.0005 , -1.6109 ,  0.5515 ,  0.6505 ,
  0.0006 ,  0.0411 ,  0.1586 , -0.8413 ,  1.8598 ,  0.6487 ,
 -0.0010 , -0.0009 , -0.4759 , -0.7602 ,  1.2422 ,  0.3306 ,
 -0.0404 ,  0.1219 , -0.3179 , -1.7241 ,  0.5344 , -0.9722 ,
  0.0407 ,  0.0813 ,  0.0003 , -2.4481 ,  1.9141 ,  0.6504 ,
 -0.0010 , -0.1226 , -0.1584 ,  0.9640 ,  1.2672 , -0.3235 ,
 -0.0812 ,  0.0810 , -0.4769 , -0.8824 ,  1.1008 ,  0.3306 ,
  0.1214 ,  0.1622 , -0.1577 , -1.0168 ,  2.0235 , -0.3235 ,
 -0.0812 , -0.0407 , -0.1594 ,  1.6166 ,  0.5035 ,  0.6522 ,
  0.0807 ,  0.0808 , -0.1580 , -0.8936 ,  1.9763 ,  0.3270 ,
  0.0398 ,  0.0400 , -0.3170 , -0.0520 ,  1.2981 , -0.3217 ,
  0.0795 , -0.0013 , -0.4751 , -3.8605 ,  0.1236 ,  0.6558 ,
 -0.0008 , -0.0818 , -0.1585 ,  0.9026 , -0.6075 ,  0.3270 ,
 -0.0009 , -0.0414 , -0.3172 , -3.0283 ,  1.2508 ,  0.6541 ,
 -0.0411 ,  0.0400 , -0.4764 , -0.8214 ,  2.4161 ,  0.3306 ,
 -0.0406 ,  0.0811 , -0.3178 , -0.1128 ,  0.5422 ,  0.3288 ,
  0.0395 ,  0.1209 , -0.6344 , -0.1652 ,  1.2810 , -0.3181 ,
  0.0390 , -0.0419 , -0.4754 , -2.2490 ,  0.6907 ,  0.3306 ,
  0.0805 ,  0.0401 , -0.1579 , -0.0573 ,  0.1173 , -0.3235 ,
  0.0807 ,  0.1621 , -0.3168 , -3.3363 ,  0.0931 ,  0.6540 ,
 -0.0815 , -0.0410 , -0.3180 , -2.2528 ,  0.5027 , -0.3217 ,
 -0.0816 , -0.0005 , -0.4767 , -0.7595 ,  1.7387 ,  0.6558 ,
  0.1198 , -0.0015 , -0.4747 , -1.5361 ,  2.6754 ,  0.0053 ,
 -0.1203 ,  0.1231 ,  0.1568 , -0.1865 ,  0.4073 ,  0.3218 ,
  0.0400 ,  0.0807 , -0.3170 , -1.6632 ,  1.9127 ,  0.3288 ,
 -0.0816 , -0.0005 , -0.4767 , -1.5344 , -0.7504 ,  0.6558 ,
  0.1214 ,  0.1622 , -0.1577 , -1.0168 ,  2.0235 , -0.3235 ,
 -0.0415 ,  0.0397 , -0.6350 , -2.3664 ,  1.7931 ,  0.3324 ,
  0.0002 ,  0.0408 , -0.0001 , -0.8363 ,  0.6144 ,  0.9757 ,
 -0.0813 , -0.0002 , -0.3181 , -3.0892 ,  1.1171 , -0.3217 ,
  0.0408 ,  0.0409 ,  0.1581 , -0.8414 ,  0.6761 , -1.6131 ,
  0.0001 ,  0.0812 , -0.1588 , -1.6678 ,  1.8504 , -0.3234 ,
 -0.0808 ,  0.0410 ,  0.1559 , -1.6307 ,  0.4779 ,  0.0067 ,
  0.0395 ,  0.0396 , -0.4756 , -0.8220 ,  1.2973 ,  0.3306 ,
 -0.0003 , -0.0003 , -0.1586 ,  0.0049 ,  1.2438 ,  0.6522 ,
 -0.0013 , -0.0417 , -0.4758 , -0.6988 ,  1.8723 ,  0.3306 ,
 -0.0825 , -0.0419 , -0.7939 , -1.4631 ,  1.1228 ,  0.6594 ,
  0.0795 , -0.0013 , -0.4751 , -0.7609 ,  0.7459 , -0.6451 ,
  0.0403 , -0.0408 ,  0.1593 ,  0.0556 , -0.5546 , -0.6648 ,
 -0.0809 ,  0.0813 , -0.3182 , -3.2121 ,  0.4793 ,  0.0036 ,
  0.1205 ,  0.1208 , -0.4749 , -2.4955 ,  2.0299 ,  0.3306 ,
 -0.0003 ,  0.0809 , -0.3174 , -0.8881 ,  1.8497 ,  0.3288 ,
 -0.0008 ,  0.0398 , -0.4760 , -0.8217 ,  0.6122 ,  0.3306 ,
 -0.0004 , -0.0815 ,  0.0002 ,  0.1229 ,  0.6379 ,  0.3252 ,
 -0.0008 ,  0.0398 , -0.4760 , -0.0468 ,  1.2344 ,  0.0053 ,
 -0.0408 ,  0.0403 , -0.3178 , -2.3761 ,  1.1724 , -0.6469 ,
 -0.0008 ,  0.0398 , -0.4760 , -0.8217 ,  1.2344 ,  0.3306 ,
 -0.1217 ,  0.1216 , -0.6360 ,  0.6110 ,  2.2739 ,  0.0071 ,
  0.0397 ,  0.0804 , -0.4757 , -0.8835 , -0.5773 ,  0.0053 ,
 -0.0806 ,  0.0004 , -0.0008 , -1.5490 ,  1.1186 , -0.3252 ,
 -0.0008 ,  0.0398 , -0.4760 , -1.5966 ,  1.8568 ,  0.3306 ,
  0.0400 ,  0.0807 , -0.3170 , -0.1135 ,  2.5349 ,  0.3288 ,
 -0.0008 , -0.0818 , -0.1585 , -0.6471 ,  1.8816 ,  0.3270 ,
  0.0402 ,  0.1215 , -0.3171 , -0.9498 ,  0.0380 , -0.3217 ,
 -0.0009 , -0.0414 , -0.3172 ,  0.0712 ,  0.6286 , -0.9722 ,
 -0.0811 ,  0.0405 , -0.3182 , -1.6008 ,  0.4871 ,  0.6541 ,
 -0.0811 ,  0.0405 , -0.3182 , -2.3758 ,  1.1094 ,  0.0036 ,
 -0.0408 ,  0.0403 , -0.3178 ,  0.7235 ,  1.7946 ,  0.9793 ,
 -0.0403 ,  0.0002 , -0.0004 , -1.5494 ,  1.8039 ,  0.0000 ,
 -0.1213 ,  0.0821 ,  0.1547 , -3.2470 ,  1.6428 ,  0.3461 ,
 -0.0001 ,  0.0405 , -0.1587 , -2.3812 ,  0.6137 , -0.6487 ,
  0.1618 ,  0.1215 ,  0.0014 ,  0.5890 ,  1.4728 ,  0.6504 ,
  0.0393 ,  0.0801 , -0.6343 , -0.8786 , -0.5780 ,  0.3323 ,
  0.1213 ,  0.0810 ,  0.0011 , -1.6737 ,  2.0400 ,  0.3252 ,
  0.0400 ,  0.0807 , -0.3170 , -3.2130 ,  1.2904 ,  0.6540 ,
 -0.0803 ,  0.0426 ,  0.3162 ,  0.6952 ,  2.3581 , -0.3272 ,
 -0.0411 ,  0.0400 , -0.4764 , -1.5962 ,  1.1715 ,  0.3306 ,
  0.0408 ,  0.1626 , -0.1585 ,  0.5335 ,  1.8977 ,  0.3270 ,
 -0.0410 , -0.0004 , -0.3177 , -0.7648 , -0.6868 ,  0.0036 ,
  0.0001 , -0.0405 ,  0.1587 , -2.2685 ,  0.6308 , -0.0018 ,
 -0.0411 ,  0.0400 , -0.4764 , -0.0464 ,  0.5493 ,  0.0053 ,
  0.0809 ,  0.1216 , -0.1581 , -2.5048 ,  0.7239 ,  0.3270 ,
 -0.0416 , -0.0415 , -0.4762 , -2.2482 ,  1.1871 ,  0.0053 ,
 -0.0803 ,  0.1224 , -0.1597 , -1.7285 ,  0.4723 ,  0.0018 ,
 -0.0003 , -0.0003 , -0.1586 , -1.5449 ,  1.2438 ,  0.6522 ,
 -0.0807 ,  0.0408 , -0.1595 ,  0.7189 ,  1.7324 ,  0.3270 ,
 -0.0811 ,  0.0405 , -0.3182 , -0.8259 ,  0.4871 ,  0.0036 ,
 -0.0808 ,  0.1226 ,  0.1565 , -0.1852 ,  1.0935 ,  0.0004 ,
 -0.0010 , -0.0009 , -0.4759 , -3.0850 ,  0.6200 ,  0.6558 ,
 -0.0001 ,  0.0405 , -0.1587 , -0.8315 ,  1.8582 ,  0.3270 ,
 -0.0402 ,  0.1626 , -0.3180 , -0.2357 ,  1.7712 ,  0.6541 ,
 -0.0403 ,  0.0002 , -0.0004 , -0.7745 ,  1.1816 ,  0.0000 ,
 -0.1617 ,  0.0409 , -0.3190 , -2.3752 ,  0.3613 ,  0.0036 ,
 -0.0810 ,  0.1218 , -0.4770 , -0.9439 ,  1.7152 ,  0.0054 ,
 -0.0003 , -0.0003 , -0.1586 ,  1.5546 ,  1.8661 ,  0.9775 ,
 -0.0402 ,  0.0814 , -0.1592 , -0.8925 ,  1.1652 ,  0.6522 ,
 -0.0409 , -0.0409 , -0.1590 , -1.4831 ,  1.8109 ,  0.6522 ,
  0.0794 ,  0.0391 , -0.6338 , -2.3673 ,  1.3596 ,  0.0071 ,
 -0.0004 ,  0.1214 , -0.4761 , -0.9446 ,  1.8411 ,  0.9811 ,
  0.0001 , -0.0405 ,  0.1587 , -1.4933 ,  1.8753 ,  0.3234 ,
 -0.0816 , -0.0005 , -0.4767 , -0.7595 ,  2.9832 ,  0.6558 ,
 -0.0805 ,  0.1628 , -0.3184 , -1.7850 ,  1.7083 ,  0.6541 ,
  0.0394 , -0.0416 , -0.3168 , -1.4790 , -0.5531 , -0.6469 ,
 -0.0408 ,  0.0403 , -0.3178 , -0.8262 ,  1.7946 ,  0.0036 ,
 -0.0010 , -0.0009 , -0.4759 , -0.7602 ,  1.8645 ,  0.6558 ,
  0.1203 , -0.0417 , -0.1573 , -2.2595 ,  3.3071 ,  0.6522 ,
 -0.0003 , -0.0003 , -0.1586 , -0.7700 ,  1.2438 ,  0.6522 ,
  0.0402 ,  0.0816 ,  0.1581 , -0.1257 ,  1.9173 , -0.3260 ,
 -0.0003 ,  0.0809 , -0.3174 , -0.1131 ,  0.6051 ,  0.6541 ,
 -0.0008 ,  0.0398 , -0.4760 , -1.5966 ,  1.2344 ,  0.3306 ,
 -0.1217 ,  0.1216 , -0.6360 , -2.4885 ,  0.4071 ,  0.0071 ,
 -0.0009 , -0.0414 , -0.3172 ,  0.0712 ,  2.4953 ,  0.3288 ,
 -0.1216 , -0.0000 , -0.3185 , -1.5390 ,  1.6766 ,  0.6541 ,
  0.0002 ,  0.0408 , -0.0001 , -2.3862 , -0.6302 , -0.3252 ,
 -0.0004 ,  0.1214 , -0.4761 , -0.9446 ,  2.4633 ,  1.6314 ,
 -0.0001 ,  0.0405 , -0.1587 , -1.6063 ,  1.8582 , -0.6487 ,
 -0.1205 ,  0.0821 , -0.0014 , -1.6717 ,  1.0400 ,  0.6505 ,
 -0.0809 ,  0.0813 , -0.3182 , -0.1124 ,  1.1016 , -0.3217 ,
  0.0796 ,  0.0799 , -0.6339 , -0.8789 , -0.5151 ,  0.9828 ,
 -0.0001 ,  0.0405 , -0.1587 , -0.8315 ,  1.2359 ,  0.0018 ,
  0.0809 ,  0.1216 , -0.1581 , -2.5048 ,  0.1017 , -0.3235 ,
 -0.2020 , -0.0401 , -0.1606 , -2.2567 , -0.9298 , -0.3234 ,
 -0.0008 , -0.0818 , -0.1585 , -0.6471 ,  1.2594 ,  0.9775 ,
 -0.0407 ,  0.1216 , -0.4765 , -2.4941 ,  0.5336 ,  0.0053 ,
  0.0392 , -0.0011 , -0.4755 ,  0.7892 ,  0.6829 , -0.9704 ,
 -0.0400 ,  0.1222 , -0.1593 ,  0.5957 ,  1.7796 ,  0.6522 ,
 -0.1615 ,  0.0005 , -0.1603 ,  0.0063 ,  0.3699 ,  0.0018 ,
 -0.0411 ,  0.0400 , -0.4764 , -0.0464 ,  3.0383 ,  0.3306 ,
 -0.0406 , -0.0001 , -0.1590 ,  0.0052 ,  1.1808 ,  0.0018 ,
 -0.0402 ,  0.0814 , -0.1592 , -2.4424 ,  1.7875 ,  0.3270 ,
  0.0400 ,  0.0807 , -0.3170 , -0.8884 ,  2.5349 ,  0.6540 ,
 -0.0007 , -0.0006 , -0.3173 , -1.5400 ,  1.8653 , -0.6469 ,
  0.0800 ,  0.0802 , -0.4752 , -2.4336 ,  0.1080 , -0.6451 ,
  0.0794 ,  0.0391 , -0.6338 , -1.5923 ,  2.6041 ,  0.0071 ,
 -0.0399 ,  0.0817 , -0.0006 , -0.8975 , -0.0785 , -0.6505 ,
 -0.0408 ,  0.0403 , -0.3178 , -0.8262 ,  1.1724 ,  0.6541 ,
 -0.0412 , -0.0412 , -0.3176 , -1.4782 ,  0.5656 , -0.3217 ,
 -0.0406 ,  0.0811 , -0.3178 , -2.4374 ,  1.7869 ,  0.9793 ,
 -0.0409 , -0.0409 , -0.1590 , -0.7082 ,  0.5664 , -0.3234 ,
  0.0404 ,  0.0407 ,  0.1577 , -0.8353 ,  1.2996 , -0.6381 ,
 -0.0007 , -0.0006 , -0.3173 , -0.7651 ,  0.6208 ,  1.3045 ,
 -0.0405 , -0.0406 , -0.0003 , -3.0376 ,  1.1894 ,  0.3252 ,
 -0.1212 ,  0.0003 , -0.1599 , -2.3188 ,  0.4328 ,  0.6523 ,
  0.0799 , -0.0010 , -0.3165 , -2.3156 ,  0.1243 ,  0.6540 ,
 -0.0419 , -0.0418 , -0.6349 , -2.2433 ,  1.1864 ,  0.3323 ,
  0.0400 ,  0.0807 , -0.3170 , -0.1135 ,  0.6681 ,  0.0036 ,
 -0.0400 ,  0.1222 , -0.1593 , -0.9540 ,  1.1574 , -0.3234 ,
  0.0397 ,  0.0804 , -0.4757 , -0.1086 ,  1.9119 ,  0.9811 ,
 -0.0411 , -0.0817 , -0.1589 , -0.6467 ,  1.8187 ,  0.3270 ,
 -0.0005 ,  0.0401 , -0.3174 ,  0.7231 ,  0.6129 ,  0.3288 ,
  0.0405 ,  0.0406 ,  0.0003 , -0.0618 ,  2.5441 , -0.0000 ,
 -0.1212 ,  0.0003 , -0.1599 , -3.0938 ,  0.4328 , -0.6487 ,
  0.0388 , -0.0826 , -0.4754 ,  0.9120 ,  2.5653 ,  0.0053 ,
 -0.0409 ,  0.0808 , -0.4765 , -2.4326 ,  2.4082 ,  0.6558 ,
  0.0003 ,  0.1220 , -0.1589 , -1.7293 ,  2.4648 ,  0.0018 ,
  0.0821 ,  0.1633 ,  0.3175 , -1.0325 ,  0.1005 , -0.3228 ,
 -0.0420 , -0.1230 , -0.4761 , -1.3504 , -0.0417 ,  0.6558 ,
  0.1215 ,  0.0405 ,  0.1600 , -0.0680 , -0.4403 , -0.6748 ,
  0.0401 , -0.0410 ,  0.0005 ,  0.0611 ,  3.1820 ,  0.6504 ,
 -0.2425 ,  0.0005 , -0.3197 , -0.7630 ,  0.8655 ,  0.0036 ,
 -0.0818 , -0.0413 , -0.4766 ,  0.0768 ,  2.3687 ,  0.0054 ,
  0.0395 ,  0.0396 , -0.4756 , -1.5969 ,  1.9197 ,  0.3306 ,
  0.1610 ,  0.0397 , -0.1571 , -0.8329 ,  2.1098 , -0.9740 ,
  0.1214 , -0.0808 ,  0.3193 ,  1.6638 ,  2.0625 , -0.3362 ,
  0.0798 ,  0.0395 , -0.4752 , -1.5973 ,  1.9826 , -0.3199 ,
  0.1622 ,  0.0817 ,  0.3171 , -1.6788 ,  1.4818 ,  0.3201 ,
  0.2020 ,  0.0404 ,  0.1597 , -0.8365 ,  1.5555 ,  0.3328 ,
  0.3227 ,  0.0817 ,  0.4783 ,  0.6278 ,  2.9796 , -0.3239 ,
  0.2832 ,  0.1229 ,  0.6362 ,  0.5671 ,  2.9073 ,  0.3167 ,
  0.3234 , -0.0006 ,  0.4791 ,  2.3070 ,  4.8616 ,  0.3199 ,
  0.4046 , -0.0395 ,  0.9548 ,  0.0406 ,  4.3840 ,  0.6320 ,
  0.2833 , -0.0375 ,  1.1115 ,  0.0392 ,  7.3222 , -0.3264 ,
  0.2432 ,  0.0457 ,  1.4299 ,  2.9634 ,  9.0906 ,  2.2231 ,
  0.3254 ,  0.0051 ,  1.9043 , -0.0385 ,  9.8696 ,  1.5858 ,
  0.2850 ,  0.0092 ,  2.5410 ,  4.5302 , 15.3986 ,  1.8952 ,
  0.2062 , -0.0279 ,  3.4911 ,  5.3397 , 19.6441 ,  3.1714 ,
  0.2894 , -0.1477 ,  4.4431 ,  6.2691 , 22.9501 ,  4.4527 ,
  0.3328 , -0.1841 ,  5.8701 ,  7.0851 , 28.0140 ,  6.0373 ,
  0.3361 , -0.3002 ,  7.7739 ,  9.5039 , 34.8995 ,  8.5801 ,
  0.3818 , -0.4142 , 10.4716 , 14.2647 , 43.7092 , 10.4984 ,
  0.5078 , -0.5281 , 13.1689 , 17.4703 , 54.5306 , 14.3101 ,
  0.5131 , -0.5985 , 16.1819 , 21.3403 , 68.9023 , 19.0812 ,
  0.8430 , -0.7909 , 20.1503 , 27.7277 , 83.7925 , 25.7679 ,
  0.8120 , -0.8962 , 25.0671 , 33.9487 ,103.7197 , 34.9838 ,
  0.5026 , -0.9979 , 31.2484 , 40.9628 ,124.4420 , 42.9119 ,
  0.2311 , -1.1015 , 36.4805 , 49.5002 ,142.0960 , 52.7631 ,
 -0.1221 , -1.2869 , 41.3929 , 56.6223 ,161.5261 , 68.6668 ,
 -0.5526 , -1.3057 , 47.1045 , 71.9512 ,179.6857 , 82.7251 ,
 -1.6653 , -0.9149 , 53.2797 , 81.2946 ,194.5868 , 97.6089 ,
 -2.5830 , -0.2450 , 56.9171 , 92.5439 ,207.8542 ,112.9205 ,
 -2.8161 , -0.1526 , 60.2453 ,100.8242 ,215.4776 ,121.1705 ,
 -2.8120 , -0.3498 , 62.4688 ,106.4726 ,221.0958 ,127.2079 ,
 -2.6516 , -0.3510 , 62.1526 ,106.4769 ,221.9860 ,129.7793 ,
 -2.1721 , -0.6850 , 60.5720 ,101.6107 ,217.2409 ,121.8231 ,
 -0.5706 , -1.6376 , 57.8883 , 89.9639 ,215.6937 ,112.5661 ,
  1.0753 , -2.7933 , 56.4745 , 78.6325 ,211.0523 ,105.4613 ,
  1.7571 , -3.6955 , 55.6911 , 78.4683 ,208.5889 ,100.7118 ,
  1.4354 , -3.1242 , 55.5313 , 79.9160 ,207.9493 , 97.5527 ,
  1.6000 , -1.8594 , 56.4832 , 84.9075 ,212.3142 ,101.1137 ,
  1.8897 , -2.0577 , 59.4971 , 92.8723 ,214.5874 ,109.0267 ,
  1.4532 , -2.1287 , 62.3494 , 99.0998 ,220.7155 ,114.7313 ,
  0.9321 , -1.1854 , 63.1362 ,103.0541 ,224.6482 ,117.2983 ,
  1.8613 , -0.8628 , 63.9371 ,106.3905 ,225.9793 ,117.9509 ,
  3.5505 , -1.6071 , 63.9546 ,104.4198 ,225.6681 ,114.4287 ,
  4.3131 , -2.3876 , 63.3259 , 97.8941 ,223.9740 ,111.1875 ,
  4.7930 , -2.8002 , 62.3810 , 92.3581 ,224.2333 ,106.4034 ,
  6.3221 , -2.8519 , 61.9173 , 90.8844 ,223.5332 , 99.4196 ,
  7.6132 , -2.6135 , 62.5636 , 94.3460 ,224.1901 , 99.1258 ,
  7.6953 , -2.4481 , 63.5156 , 97.1637 ,226.7572 ,102.6133 ,
  7.2966 , -1.8718 , 65.4089 ,100.1457 ,226.5584 ,103.8450 ,
  8.1445 , -1.3458 , 65.7355 ,106.2738 ,228.9698 ,104.2426 ,
  9.4758 , -0.9447 , 66.3819 ,107.9463 ,230.3096 ,102.9677 ,
  9.8376 , -0.9897 , 65.7531 ,108.0284 ,227.1288 ,100.7637 ,
 10.7614 , -1.2430 , 65.2824 ,102.2460 ,224.3111 , 96.8828 ,
 12.2477 , -1.4597 , 63.8703 , 97.9546 ,220.4648 , 90.5257 ,
 13.5355 , -1.3070 , 63.4067 , 96.9520 ,217.4656 , 86.0744 ,
 14.0176 , -1.1500 , 61.9840 , 92.8507 ,216.9816 , 83.5505 ,
 13.9777 , -0.9465 , 62.1421 , 95.6555 ,214.3454 , 82.2929 ,
 14.3412 , -0.6641 , 62.4618 , 97.5397 ,212.3401 , 83.2480 ,
 14.6679 , -0.1756 , 63.2556 , 99.8734 ,212.7204 , 83.5505 ,
 14.5081 ,  0.1107 , 63.5718 ,100.9927 ,210.5164 , 81.6447 ,
 14.5081 ,  0.2321 , 63.0975 ,104.6661 ,210.4559 , 81.7052 ,
 15.2299 , -0.1809 , 62.4723 ,100.6643 ,209.8422 , 81.0440 ,
 15.5891 , -0.4308 , 61.6784 , 97.9719 ,206.1256 , 77.8632 ,
 15.3871 , -0.5527 , 61.3588 , 95.8456 ,206.4713 , 76.8995 ,
 14.8225 , -0.5507 , 60.8776 , 97.4101 ,203.7227 , 77.5521 ,
 14.5028 , -0.6691 , 61.6714 , 96.8137 ,203.8610 , 78.7794 ,
 14.0203 , -0.5837 , 61.9840 , 98.2312 ,204.9501 , 79.7475 ,
 13.1368 , -0.4538 , 62.9254 ,100.3445 ,206.6442 , 82.5911 ,
 12.4541 , -0.4885 , 63.7123 ,103.4777 ,207.4394 , 85.7719 ,
 12.0532 , -0.6060 , 64.6642 ,107.4968 ,209.3063 , 87.0640 ,
 11.6909 , -0.7654 , 64.8152 ,106.1873 ,210.6547 , 88.6414 ,
 11.0073 , -0.9237 , 65.4405 ,104.8865 ,210.8621 , 89.5490 ,
 10.6446 , -1.1648 , 65.7531 ,106.0361 ,210.9745 , 90.8152 ,
 10.2846 , -1.2426 , 66.7050 ,108.4562 ,211.0177 , 91.1307 ,
  9.8051 , -0.9923 , 67.6499 ,109.6101 ,212.0722 , 92.3840 ,
  9.0837 , -0.8621 , 69.0690 ,117.8990 ,214.6047 , 94.3331 ,
  8.8088 , -0.6515 , 71.6016 ,117.5360 ,217.2149 , 97.4274 ,
  8.5700 , -0.4028 , 72.5536 ,123.3313 ,217.9842 , 99.0480 ,
  8.4132 , -0.0304 , 74.1378 ,126.5942 ,222.5997 , 99.6876 ,
  8.0944 ,  0.3388 , 74.9246 ,129.9132 ,221.3810 , 99.9685 ,
  8.2442 ,  0.4178 , 75.8730 ,131.3264 ,225.1063 ,101.5545 ,
  8.5673 ,  0.4577 , 76.6739 ,132.7958 ,225.5730 ,100.5822 ,
  8.6117 ,  0.8649 , 77.6258 ,135.2634 ,224.9161 ,100.5433 ,
  8.8150 ,  1.1500 , 78.2581 ,137.1304 ,226.3941 ,101.1742 ,
  8.9787 ,  1.3148 , 79.3716 ,140.7346 ,227.2498 ,100.2062 ,
  9.5043 ,  1.3529 , 80.6502 ,143.7641 ,225.5298 ,100.7723 ,
  9.7076 ,  1.8417 , 81.1244 ,144.5420 ,227.6042 ,100.7853 ,
  9.9522 ,  2.0041 , 81.9183 ,145.8385 ,227.3363 , 99.7913 ,
 10.4769 ,  2.2051 , 82.7156 ,148.6130 ,226.8349 ,101.0359 ,
 11.0819 ,  2.6076 , 82.7227 ,153.4187 ,227.0597 ,101.7231 ,
 11.2462 ,  2.9731 , 83.6746 ,154.4127 ,225.9706 , 99.4499 ,
 11.7700 ,  3.0107 , 84.1558 ,155.1301 ,224.2938 , 98.1404 ,
 12.4549 ,  3.2098 , 84.3244 ,157.9132 ,223.4381 , 98.4732 ,
 12.9379 ,  3.4084 , 84.1734 ,158.4059 ,221.6576 , 96.8871 ,
 13.2207 ,  3.6097 , 84.4930 ,156.5303 ,220.1969 , 95.8888 ,
 13.6650 ,  3.8514 , 84.8092 ,159.2616 ,218.9609 , 95.8759 ,
 14.1884 ,  3.8874 , 85.1323 ,159.9876 ,216.6445 , 93.9355 ,
 14.5941 ,  4.1708 , 86.0913 ,158.7603 ,216.5926 , 93.2440 ,
 14.7224 ,  4.5789 , 87.0397 ,162.5460 ,215.4776 , 93.8447 ,
 15.0464 ,  4.8218 , 87.8371 ,168.3716 ,214.6911 , 95.1282 ,
 15.5724 ,  4.9842 , 88.9506 ,168.8556 ,216.7050 , 95.0850 ,
 15.8569 ,  5.2668 , 89.7479 ,169.1927 ,214.6133 , 96.2864 ,
 16.1011 ,  5.4305 , 91.0160 ,170.4719 ,214.3194 , 96.2216 ,
 16.3865 ,  5.5513 , 92.1295 ,174.9492 ,212.8674 , 95.8888 ,
 16.6719 ,  5.7970 , 93.3941 ,176.8853 ,213.8786 , 98.0410 ,
 16.9573 ,  5.9583 , 94.5111 ,179.7030 ,213.6625 , 98.3349 ,
 17.0820 ,  6.0420 , 96.0988 ,181.8811 ,214.4404 ,100.7982 ,
 17.2453 ,  6.2464 , 97.3669 ,186.2114 ,214.0256 ,101.7231 ,
 17.3296 ,  6.2896 , 98.9511 ,187.6462 ,216.0222 ,103.8666 ,
 17.5360 ,  6.3739 ,101.0130 ,192.8927 ,218.7967 ,106.3645 ,
 17.5790 ,  6.5372 ,101.8068 ,195.7623 ,216.9729 ,108.5426 ,
 17.6642 ,  6.4582 ,103.3946 ,198.9862 ,215.8666 ,109.1131 ,
 17.8679 ,  6.4200 ,104.8207 ,201.3199 ,218.6670 ,110.0552 ,
 18.1911 ,  6.3785 ,105.7831 ,202.9189 ,217.9323 ,110.0034 ,
 18.3123 ,  6.2960 ,106.1028 ,205.3995 ,217.5175 ,110.3188 ,
 18.3518 ,  6.2156 ,106.5770 ,205.5033 ,217.5866 ,109.6792 ,
 18.4774 ,  6.0962 ,108.3263 ,207.9925 ,217.1717 ,110.5565 ,
 18.7996 ,  5.9737 ,108.9621 ,208.9174 ,218.9263 ,110.5652 ,
 18.7224 ,  5.7333 ,110.5463 ,210.8362 ,218.2262 ,111.4252 ,
 18.8444 ,  5.7339 ,111.1856 ,210.8189 ,217.7940 ,110.7294 ,
 18.9261 ,  5.6529 ,111.9759 ,215.5900 ,217.3014 ,111.9697 ,
 18.9287 ,  5.5735 ,113.2475 ,215.6678 ,218.5633 ,111.9092 ,
 18.9296 ,  5.4942 ,114.0379 ,217.3273 ,218.5633 ,113.7416 ,
 19.0517 ,  5.4938 ,114.6736 ,217.3187 ,216.2642 ,114.5627 ,
 19.1351 ,  5.4128 ,115.6221 ,219.7734 ,215.1578 ,114.1608 ,
 19.2563 ,  5.2914 ,116.0998 ,220.7068 ,214.7516 ,114.7485 ,
 19.4179 ,  5.2907 ,116.9007 ,223.8011 ,214.9850 ,114.7313 ,
 19.5803 ,  5.1697 ,117.7015 ,224.7519 ,214.0169 ,114.6621 ,
 19.6620 ,  5.0481 ,118.6499 ,225.7027 ,213.5502 ,115.2066 ,
 19.8253 ,  5.1304 ,119.4438 ,227.1029 ,213.1612 ,114.8479 ,
 19.9474 ,  5.0907 ,120.0831 ,227.1547 ,213.9737 ,115.4357 ,
 20.0291 ,  5.0900 ,120.7154 ,229.4798 ,213.4810 ,116.0278 ,
 20.2723 ,  5.2527 ,121.3547 ,230.7590 ,211.9425 ,117.2032 ,
 20.3944 ,  5.2525 ,122.1485 ,231.5110 ,210.8967 ,117.7391 ,
 20.5191 ,  5.4169 ,123.2585 ,233.5681 ,210.4299 ,117.3675 ,
 20.6807 ,  5.4158 ,123.7362 ,236.6883 ,210.6720 ,118.6121 ,
 20.8431 ,  5.4573 ,124.5301 ,238.9269 ,212.1500 ,119.5672 ,
 20.8862 ,  5.5814 ,125.4785 ,239.4974 ,209.7039 ,120.0512 ,
 20.9678 ,  5.5814 ,126.2724 ,242.5917 ,209.8163 ,120.9674 ,
 21.0908 ,  5.6633 ,126.9187 ,245.5650 ,209.9891 ,120.9544 ,
 21.2146 ,  5.9100 ,128.3448 ,246.7145 ,209.5051 ,122.4238 ,
 21.2963 ,  5.9087 ,128.6680 ,247.4838 ,209.0124 ,122.7090 ,
 21.0987 ,  5.9539 ,129.9325 ,248.9359 ,209.3063 ,124.5025 ,
 21.3024 ,  5.9153 ,131.3587 ,251.2869 ,209.6348 ,124.7532 ,
 21.2207 ,  5.9164 ,131.5132 ,251.2782 ,210.7584 ,125.7039 ,
 21.3042 ,  5.9170 ,132.6232 ,255.9283 ,211.4844 ,126.6244 ,
 21.1847 ,  5.9192 ,133.2555 ,255.1331 ,211.9166 ,127.8432 ,
 21.3086 ,  5.8797 ,134.0564 ,258.2793 ,210.2484 ,128.6859 ,
 21.1891 ,  5.8815 ,135.0118 ,259.7919 ,210.0496 ,128.6383 ,
 21.1118 ,  5.8024 ,135.7987 ,257.5619 ,210.5769 ,129.1872 ,
 21.1127 ,  5.6819 ,136.4380 ,261.6415 ,210.5942 ,128.8976 ,
 21.1118 ,  5.5601 ,136.4380 ,261.8230 ,208.7531 ,131.0066 ,
 21.0319 ,  5.4808 ,137.0702 ,263.4826 ,208.6321 ,131.2702 ,
 21.0732 ,  5.4009 ,137.7025 ,264.3555 ,209.9546 ,132.8347 ,
 20.8730 ,  5.3612 ,138.1802 ,263.6209 ,211.5190 ,133.1458 ,
 20.8343 ,  5.2424 ,139.4448 ,266.9312 ,210.2398 ,134.6238 ,
 20.7983 ,  5.2435 ,139.9225 ,267.3288 ,208.3556 ,134.5287 ,
 20.7948 ,  5.0804 ,140.2457 ,267.1560 ,210.8189 ,136.1234 ,
 20.7588 ,  4.9609 ,140.7163 ,270.0601 ,209.5915 ,136.0845 ,
 20.7211 ,  5.0852 ,141.5102 ,269.8268 ,210.1188 ,136.3482 ,
 20.6411 ,  4.9653 ,142.1425 ,269.2131 ,210.6374 ,137.8824 ,
 20.7228 ,  4.8837 ,142.9363 ,269.3082 ,210.1706 ,138.7251 ,
 20.6025 ,  4.8042 ,143.4141 ,273.3273 ,209.9891 ,141.5471 ,
 20.6447 ,  4.9269 ,143.8918 ,273.1199 ,209.4100 ,141.4693 ,
 20.3241 ,  4.8494 ,144.5241 ,275.5573 ,210.7757 ,141.5125 ,
 20.3654 ,  4.7289 ,145.1563 ,274.9522 ,209.6348 ,143.5740 ,
 20.3276 ,  4.6889 ,146.1118 ,277.3291 ,209.5570 ,144.4642 ,
 20.1661 ,  4.7320 ,145.9432 ,279.5937 ,211.1646 ,146.4003 ,
 20.0054 ,  4.5289 ,146.2663 ,279.9048 ,209.7126 ,146.6510 ,
 19.8877 ,  4.5748 ,147.3763 ,280.5790 ,212.0030 ,147.5845 ,
 19.8490 ,  4.5748 ,148.0086 ,282.1262 ,211.9339 ,149.1057 ,
 19.6883 ,  4.3741 ,148.6409 ,283.1807 ,213.5761 ,148.8118 ,
 19.4495 ,  4.4593 ,149.5893 ,282.2472 ,211.9512 ,150.5405 ,
 19.5312 ,  4.3787 ,150.2286 ,282.3595 ,212.7204 ,150.8257 ,
 19.2001 ,  4.3763 ,151.0154 ,287.3727 ,213.4983 ,152.3469 ,
 19.1615 ,  4.4198 ,151.3386 ,286.5083 ,214.6738 ,152.6667 ,
 19.0411 ,  4.1787 ,152.1254 ,286.8368 ,215.7715 ,152.9433 ,
 18.9621 ,  4.2995 ,152.2800 ,288.9803 ,214.3886 ,154.4472 ,
 18.8427 ,  4.3028 ,153.2354 ,287.4418 ,212.9624 ,155.8561 ,
 18.8040 ,  4.3036 ,153.5586 ,289.7582 ,214.7602 ,155.3202 ,
 18.6038 ,  4.2650 ,153.7131 ,289.0149 ,215.0800 ,156.8587 ,
 18.5643 ,  4.1857 ,154.4999 ,292.2302 ,216.2901 ,157.1699 ,
 18.4045 ,  4.2279 ,154.6545 ,293.7169 ,214.7862 ,158.3800 ,
 18.2850 ,  4.1478 ,155.6099 ,293.8379 ,213.9910 ,159.5036 ,
 18.3272 ,  4.3129 ,155.9331 ,292.7661 ,216.5235 ,159.2356 ,
 18.1674 ,  4.3548 ,156.8745 ,296.5864 ,214.4232 ,159.1665 ,
 18.1270 ,  4.3956 ,156.8745 ,298.1077 ,215.5814 ,160.1605 ,
 18.0075 ,  4.3985 ,157.6613 ,298.0731 ,216.0049 ,160.4025 ,
 17.9276 ,  4.3991 ,157.8299 ,298.0731 ,214.6479 ,161.8978 ,
 17.9698 ,  4.4415 ,158.6168 ,299.5252 ,214.1034 ,162.4769 ,
 17.8504 ,  4.4834 ,158.7713 ,299.4560 ,213.9132 ,162.4510 ,
 17.6905 ,  4.5238 ,159.0945 ,301.7378 ,213.0229 ,162.7103 ,
 17.6510 ,  4.5673 ,159.4036 ,302.4120 ,214.8294 ,163.0819 ,
 17.6528 ,  4.6077 ,160.0499 ,302.3429 ,213.5761 ,162.3732 ,
 17.5342 ,  4.7315 ,160.5136 ,303.7258 ,213.9910 ,164.2055 ,
 17.4543 ,  4.7326 ,160.8368 ,304.5037 ,212.0117 ,163.5227 ,
 17.4552 ,  4.8955 ,160.9913 ,303.4665 ,214.4664 ,164.8106 ,
 17.2954 ,  4.9381 ,161.3145 ,306.5089 ,213.5848 ,164.1796 ,
 17.2971 ,  4.9805 ,162.1013 ,306.4398 ,212.3488 ,164.7155 ,
 17.1382 ,  5.0235 ,162.5790 ,307.9092 ,212.0981 ,165.3032 ,
 17.0583 ,  5.1443 ,162.7406 ,309.2921 ,210.7065 ,166.2021 ,
 17.0205 ,  5.2659 ,163.3659 ,309.0674 ,211.8907 ,166.1676 ,
 16.9011 ,  5.2683 ,164.0052 ,310.6059 ,211.0782 ,166.1244 ,
 16.8212 ,  5.3504 ,164.1597 ,309.7070 ,210.9399 ,166.7121 ,
 16.8633 ,  5.4330 ,164.8060 ,313.4582 ,210.3694 ,167.6196 ,
 16.7843 ,  5.5967 ,165.1151 ,313.1989 ,210.2225 ,167.2912 ,
 16.5437 ,  5.6391 ,165.2767 ,314.6682 ,211.7005 ,167.3344 ,
 16.4655 ,  5.7640 ,166.2181 ,313.6829 ,211.5709 ,167.8789 ,
 16.3469 ,  5.8850 ,166.3867 ,315.8610 ,208.8742 ,168.7433 ,
 16.3478 ,  6.0075 ,166.7029 ,317.1921 ,208.8569 ,168.1296 ,
 16.2293 ,  6.0507 ,167.4897 ,317.9181 ,209.2977 ,169.3224 ,
 16.1898 ,  6.1730 ,167.4897 ,319.2838 ,209.8336 ,168.4321 ,
 16.0712 ,  6.2977 ,168.2835 ,320.6148 ,209.6348 ,168.3889 ,
 15.9930 ,  6.5831 ,168.4381 ,320.9606 ,208.8309 ,170.1781 ,
 15.9535 ,  6.6222 ,168.5997 ,321.6866 ,206.2898 ,169.4866 ,
 15.7946 ,  6.6666 ,169.7097 ,324.7117 ,206.6615 ,169.7718 ,
 15.7568 ,  6.9515 ,169.8713 ,322.7238 ,206.5577 ,169.4261 ,
 15.5970 ,  6.9133 ,170.5035 ,326.6479 ,205.6848 ,169.4088 ,
 15.5592 ,  7.1585 ,170.9742 ,325.4724 ,205.5983 ,170.2904 ,
 15.3977 ,  7.2404 ,170.6581 ,326.1293 ,205.9441 ,170.6362 ,
 15.1992 ,  7.3625 ,171.1358 ,328.2901 ,203.7660 ,170.2559 ,
 15.2001 ,  7.4042 ,171.5995 ,328.2209 ,202.5300 ,171.0943 ,
 15.0815 ,  7.5684 ,172.0772 ,331.8338 ,204.7772 ,170.2731 ,
 14.8813 ,  7.6115 ,172.4004 ,328.6704 ,202.6250 ,170.7572 ,
 14.8023 ,  7.8556 ,172.3933 ,331.4017 ,200.5939 ,171.3276 ,
 14.6416 ,  7.8183 ,173.3417 ,329.8804 ,202.2188 ,171.6301 ,
 14.6424 ,  8.0194 ,173.5033 ,333.4761 ,200.3173 ,171.9067 ,
 14.5230 ,  8.1831 ,173.6579 ,336.3284 ,200.1098 ,171.6042 ,
 14.4422 ,  8.1840 ,173.6579 ,334.7553 ,199.9802 ,171.5956 ,
 14.3636 ,  8.4694 ,173.8195 ,333.5625 ,198.5713 ,173.0476 ,
 14.3654 ,  8.5111 ,174.4517 ,337.3656 ,200.4296 ,173.4193 ,
 14.2455 ,  8.4725 ,174.9295 ,333.5452 ,199.0121 ,173.3069 ,
 14.2082 ,  8.6736 ,174.7679 ,337.1408 ,195.8141 ,173.5490 ,
 14.1283 ,  8.6345 ,175.2456 ,338.7485 ,195.6931 ,172.9266 ,
 14.0080 ,  8.6349 ,175.0840 ,338.7485 ,194.8806 ,173.5317 ,
 13.8490 ,  8.8000 ,175.7303 ,340.8056 ,193.9990 ,174.0848 ,
 13.8899 ,  8.7592 ,175.8849 ,340.1141 ,195.3214 ,174.6985 ,
 13.8903 ,  8.8817 ,176.0395 ,341.4798 ,193.4372 ,175.2603 ,
 13.7296 ,  8.8830 ,176.0395 ,343.0183 ,194.4225 ,175.6147 ,
 13.5689 ,  8.8027 ,176.1940 ,344.7124 ,193.5582 ,176.1938 ,
 13.5307 ,  8.8839 ,176.8263 ,345.3520 ,192.2617 ,176.7470 ,
 13.4091 ,  8.8053 ,176.6717 ,347.0288 ,193.3162 ,177.1014 ,
 13.4104 ,  8.9252 ,176.8263 ,346.0780 ,191.4406 ,176.7297 ,
 13.2914 ,  8.9682 ,177.4586 ,346.7695 ,190.0145 ,177.5854 ,
 13.2510 ,  8.9278 ,177.4586 ,346.8386 ,189.3316 ,178.4843 ,
 13.0907 ,  8.9700 ,177.6201 ,347.5819 ,187.2400 ,179.3140 ,
 13.0108 ,  8.9708 ,177.7817 ,349.1204 ,187.7240 ,180.2475 ,
 13.0113 ,  8.8883 ,178.2524 ,346.9078 ,187.1362 ,180.1957 ,
 12.9717 ,  8.8892 ,178.4140 ,348.4636 ,185.2088 ,180.4550 ,
 12.9313 ,  8.9291 ,178.0979 ,347.6511 ,182.6590 ,180.0833 ,
 12.8124 ,  8.8510 ,179.2008 ,350.0539 ,183.1257 ,181.5959 ,
 12.8119 ,  8.8079 ,179.0463 ,350.1404 ,181.2674 ,180.8958 ,
 12.6916 ,  8.6876 ,179.2008 ,350.3132 ,181.1032 ,181.5008 ,
 12.6521 ,  8.7689 ,179.3624 ,350.1922 ,179.1844 ,182.9702 ,
 12.5313 ,  8.8106 ,179.3624 ,351.6962 ,182.0799 ,183.0566 ,
 12.4506 ,  8.6898 ,179.5170 ,351.8690 ,178.8819 ,183.6098 ,
 12.3311 ,  8.6503 ,179.8401 ,350.3651 ,178.0867 ,183.3073 ,
 12.2503 ,  8.6104 ,179.8401 ,350.4342 ,176.7297 ,183.6876 ,
 12.1700 ,  8.5704 ,179.8401 ,351.2813 ,175.3813 ,185.2866 ,
 12.0492 ,  8.4479 ,179.9947 ,349.8983 ,173.9725 ,185.6237 ,
 11.9298 ,  8.5304 ,180.3038 ,351.3331 ,174.4046 ,185.6237 ,
 11.8490 ,  8.4905 ,180.3038 ,351.3850 ,172.4253 ,185.7187 ,
 11.8082 ,  8.2876 ,180.3038 ,352.4741 ,171.7857 ,186.0645 ,
 11.7687 ,  8.2885 ,180.6270 ,351.6962 ,169.2619 ,186.4534 ,
 11.6075 ,  8.1269 ,180.6270 ,351.9727 ,167.1875 ,187.4474 ,
 11.6075 ,  8.2082 ,180.6270 ,354.1681 ,169.6508 ,186.7646 ,
 11.5276 ,  7.9640 ,181.0977 ,352.1629 ,166.4787 ,188.1129 ,
 11.5671 ,  7.8016 ,181.2592 ,352.4222 ,166.5738 ,187.8018 ,
 11.2852 ,  7.7621 ,181.0977 ,354.0298 ,164.2920 ,188.2512 ,
 11.4855 ,  7.7199 ,180.7815 ,352.5778 ,162.1225 ,188.9081 ,
 11.1640 ,  7.6413 ,181.0977 ,352.6815 ,162.2694 ,189.8329 ,
 11.1254 ,  7.7239 ,181.5684 ,354.8769 ,160.3420 ,189.6169 ,
 11.0850 ,  7.6027 ,181.7299 ,354.2719 ,160.9124 ,190.5331 ,
 11.0433 ,  7.4780 ,181.2522 ,352.9581 ,157.7922 ,190.0231 ,
 10.9629 ,  7.4380 ,181.4068 ,352.2148 ,157.0575 ,190.9393 ,
 10.8822 ,  7.4385 ,181.2522 ,353.7878 ,155.0782 ,190.7491 ,
 10.9234 ,  7.3577 ,181.7299 ,353.9088 ,154.5423 ,191.7172 ,
 10.8014 ,  7.2760 ,181.2522 ,354.8077 ,152.5111 ,191.1899 ,
 10.8014 ,  7.2360 ,181.4068 ,353.3211 ,151.2838 ,191.2072 ,
 10.8014 ,  7.1952 ,181.4068 ,353.3902 ,150.0564 ,191.8987 ,
 10.5603 ,  7.1948 ,181.4068 ,355.7066 ,149.0625 ,193.1952 ,
 10.6011 ,  7.1952 ,181.7299 ,353.3902 ,149.1316 ,192.5297 ,
 10.4808 ,  7.1155 ,182.0390 ,355.0325 ,145.8731 ,193.3248 ,
 10.4800 ,  7.1550 ,181.5613 ,353.4421 ,144.6285 ,193.3421 ,
 10.3193 ,  7.0345 ,181.7229 ,353.6150 ,142.5454 ,192.8322 ,
 10.1586 ,  6.9550 ,182.0390 ,354.5139 ,142.3120 ,193.4718 ,
 10.1190 ,  7.0749 ,182.0390 ,355.1189 ,139.1486 ,193.6101 ,
  9.9583 ,  7.0762 ,182.0390 ,354.3410 ,137.6619 ,193.9472 ,
 10.0382 ,  7.0749 ,181.7229 ,352.7852 ,136.5383 ,194.6041 ,
  9.8371 ,  6.9142 ,181.8775 ,356.1561 ,135.6481 ,194.6991 ,
  9.7568 ,  6.9552 ,181.8775 ,353.7705 ,134.2867 ,194.7078 ,
  9.6365 ,  6.9539 ,181.8775 ,353.7705 ,131.6246 ,194.8374 ,
  9.5957 ,  6.9539 ,181.7229 ,354.5312 ,130.3108 ,195.2091 ,
  9.5157 ,  6.9546 ,181.8775 ,354.5312 ,128.9668 ,195.8573 ,
  9.5553 ,  6.9943 ,181.5543 ,355.2399 ,125.3063 ,195.7277 ,
  9.3151 ,  6.9563 ,182.0320 ,355.3091 ,124.3296 ,196.0821 ,
  9.3537 ,  6.9930 ,181.2382 ,354.4966 ,121.9052 ,196.7908 ,
  9.3151 ,  7.1159 ,181.7089 ,356.6401 ,122.4411 ,196.4969 ,
  9.1965 ,  7.0780 ,182.5097 ,355.8795 ,120.4229 ,196.5661 ,
  9.0731 ,  6.9550 ,181.7089 ,354.5484 ,118.3917 ,196.9723 ,
  8.9528 ,  6.9153 ,181.7089 ,354.6003 ,115.7425 ,196.4537 ,
  9.0323 ,  7.0354 ,181.0766 ,354.4447 ,114.5973 ,196.1771 ,
  8.9515 ,  7.0740 ,180.9150 ,352.8371 ,113.2273 ,196.8340 ,
  8.7917 ,  7.1159 ,181.0696 ,354.3410 ,109.2730 ,197.6379 ,
  8.7921 ,  7.0760 ,181.3927 ,355.9314 ,108.6593 ,197.3613 ,
  8.5915 ,  7.1588 ,181.3927 ,354.2373 ,105.8632 ,197.8107 ,
  8.7509 ,  7.1138 ,180.9150 ,356.6747 ,103.6376 ,198.5281 ,
  8.7105 ,  7.1544 ,180.7604 ,354.2719 ,101.0964 ,198.6318 ,
  8.6301 ,  7.1142 ,180.7604 ,355.8968 , 99.7394 ,198.6923 ,
  8.5116 ,  7.1939 ,180.5918 ,355.7931 , 95.8370 ,197.9231 ,
  8.4720 ,  7.2756 ,180.7534 ,354.8769 , 92.6692 ,198.3812 ,
  8.3921 ,  7.3168 ,180.7534 ,355.5856 , 91.2992 ,198.4158 ,
  8.3935 ,  7.1133 ,179.8050 ,354.4447 , 88.9051 ,198.8479 ,
  8.4742 ,  7.2747 ,179.4818 ,356.5364 , 88.3821 ,199.5135 ,
  8.2736 ,  7.1930 ,179.6434 ,354.3410 , 85.6163 ,199.6172 ,
  8.2740 ,  7.3146 ,179.6434 ,351.0220 , 83.1227 ,198.4417 ,
  8.2319 ,  7.1921 ,179.1657 ,355.1362 , 81.2125 ,199.4962 ,
  8.2336 ,  7.3555 ,179.4818 ,354.8942 , 79.3369 ,199.2887 ,
  8.1116 ,  7.3524 ,178.6880 ,353.3557 , 76.6661 ,199.3665 ,
  8.1107 ,  7.3120 ,178.6880 ,354.2027 , 74.2028 ,200.1185 ,
  8.1120 ,  7.3124 ,179.0111 ,354.1854 , 72.9711 ,199.5307 ,
  8.0312 ,  7.3129 ,179.0111 ,352.6296 , 69.7536 ,200.3000 ,
  8.0308 ,  7.4341 ,178.5334 ,353.2347 , 69.1097 ,200.0061 ,
  8.0290 ,  7.3080 ,177.7325 ,351.9036 , 64.1722 ,199.6085 ,
  8.0299 ,  7.3902 ,178.0557 ,350.9874 , 63.5434 ,199.3147 ,
  7.9491 ,  7.3098 ,178.2103 ,350.3132 , 62.8196 ,200.2481 ,
  7.9070 ,  7.3866 ,176.9457 ,352.5951 , 59.0122 ,200.1531 ,
  7.9078 ,  7.4279 ,177.2619 ,351.7480 , 55.9179 ,200.5939 ,
  7.9478 ,  7.4275 ,177.2619 ,350.9701 , 54.7445 ,199.7122 ,
  7.7875 ,  7.3884 ,177.5780 ,351.7999 , 51.4125 ,199.5480 ,
  7.7467 ,  7.3862 ,177.2619 ,351.0393 , 49.4873 ,199.6085 ,
  7.8666 ,  7.3445 ,177.1003 ,352.6469 , 46.5853 ,201.6570 ,
  7.7849 ,  7.3032 ,176.6226 ,350.3997 , 47.7002 ,200.9569 ,
  7.7454 ,  7.3445 ,176.7841 ,351.1257 , 42.6806 ,200.8791 ,
  7.7858 ,  7.3827 ,176.7841 ,351.0565 , 40.8828 ,199.3492 ,
  7.7045 ,  7.3015 ,176.6226 ,351.1948 , 38.2920 ,201.0779 ,
  7.7849 ,  7.4218 ,176.1519 ,350.2268 , 37.1533 ,200.7840 ,
  7.6237 ,  7.3823 ,176.1519 ,353.4248 , 35.0540 ,200.6112 ,
  7.6237 ,  7.4209 ,176.1519 ,351.7999 , 32.5734 ,201.6311 ,
  7.6633 ,  7.4196 ,175.6741 ,350.2441 , 30.7734 ,200.7754 ,
  7.5421 ,  7.3392 ,175.6741 ,350.3824 , 26.8861 ,201.5878 ,
  7.5043 ,  7.3783 ,175.6741 ,349.5353 , 24.9640 ,201.3285 ,
  7.5443 ,  7.4187 ,175.6741 ,348.7229 , 22.5439 ,202.0719 ,
  7.4648 ,  7.5004 ,175.6741 ,351.7134 , 21.1675 ,201.1903 ,
  7.3831 ,  7.4595 ,175.3510 ,350.1922 , 17.3320 ,201.3545 ,
  7.3831 ,  7.5381 ,175.0348 ,350.1231 , 14.2193 ,201.2075 ,
  7.3423 ,  7.4165 ,175.0348 ,351.0738 , 12.9390 ,202.8411 ,
  7.3423 ,  7.4165 ,175.0348 ,353.4421 , 10.4627 ,201.3977 ,
  7.1414 ,  7.3348 ,175.1894 ,349.6563 ,  7.0705 ,202.4695 ,
  7.2624 ,  7.4556 ,175.0348 ,350.2441 ,  4.1401 ,202.2793 ,
  7.2211 ,  7.4551 ,174.7187 ,351.0047 ,  5.3124 ,201.9163 ,
  7.1408 ,  7.4960 ,174.5571 ,349.4143 ,  0.8433 ,201.7953 ,
  7.1399 ,  7.4933 ,174.2410 ,350.2095 , -1.6365 ,202.3139 ,
  7.1401 ,  7.5342 ,174.2410 ,347.8067 , -2.2621 ,202.9708 ,
  6.9388 ,  7.4942 ,174.0794 ,351.7480 , -5.0453 ,202.8843 ,
  6.9801 ,  7.5759 ,174.4026 ,350.0539 , -6.2313 ,202.3139 ,
  6.9785 ,  7.5320 ,173.7562 ,349.3625 , -9.9495 ,203.5412 ,
  6.9790 ,  7.4920 ,174.0794 ,349.3797 ,-10.5573 ,203.2646 ,
  6.8975 ,  7.4916 ,173.6017 ,349.3970 ,-14.4057 ,204.1895 ,
  6.8973 ,  7.4507 ,173.6017 ,349.4662 ,-15.0183 ,203.2560 ,
  6.8993 ,  7.5724 ,173.2855 ,350.0366 ,-18.1358 ,203.1696 ,
  6.8176 ,  7.5715 ,173.6017 ,349.2242 ,-22.5947 ,203.7832 ,
  6.9010 ,  7.6931 ,173.7562 ,346.7349 ,-23.1057 ,203.1436 ,
  6.8167 ,  7.6110 ,173.1240 ,349.1896 ,-25.0861 ,203.3165 ,
  6.8178 ,  7.6527 ,173.6017 ,348.3253 ,-29.4240 ,203.2819 ,
  6.7355 ,  7.6084 ,172.6462 ,350.7454 ,-30.1705 ,204.0425 ,
  6.6147 ,  7.4881 ,172.9694 ,350.9183 ,-32.1888 ,203.5499 ,
  6.7752 ,  7.5675 ,172.6462 ,350.7972 ,-35.0583 ,204.7081 ,
  6.5746 ,  7.6097 ,172.6462 ,348.3944 ,-36.6195 ,204.4661 ,
  6.6558 ,  7.5254 ,172.3301 ,347.7375 ,-38.9575 ,204.3278 ,
  6.7346 ,  7.5653 ,172.4917 ,348.4463 ,-40.0790 ,203.7746 ,
  6.7357 ,  7.5645 ,172.0140 ,350.0194 ,-43.1776 ,204.6649 ,
  6.6163 ,  7.6874 ,172.1756 ,349.0340 ,-43.3851 ,204.3537 ,
  6.4955 ,  7.6075 ,172.3301 ,349.1550 ,-46.0386 ,204.8377 ,
  6.4145 ,  7.6053 ,172.0069 ,347.5819 ,-49.2625 ,205.3909 ,
  6.4549 ,  7.4837 ,172.3301 ,349.3106 ,-52.8992 ,205.3477 ,
  6.4145 ,  7.6053 ,172.0069 ,350.6762 ,-54.2173 ,205.1230 ,
  6.4951 ,  7.6049 ,172.1756 ,349.8983 ,-55.3345 ,205.5205 ,
  6.2927 ,  7.5627 ,171.5292 ,349.9675 ,-59.3644 ,206.1774 ,
  6.2933 ,  7.6035 ,171.6978 ,348.3253 ,-60.6133 ,205.5897 ,
  6.1719 ,  7.5228 ,171.5292 ,347.6684 ,-63.2647 ,206.4281 ,
  6.2119 ,  7.4819 ,171.5292 ,347.7202 ,-66.3006 ,207.2838 ,
  6.0920 ,  7.5618 ,171.6908 ,348.3426 ,-68.9757 ,206.8430 ,
  6.1315 ,  7.5614 ,171.3747 ,349.9156 ,-70.7757 ,206.9813 ,
  6.1304 ,  7.4793 ,171.0585 ,348.4808 ,-72.0074 ,207.7505 ,
  6.1311 ,  7.5201 ,171.2201 ,348.3944 ,-73.8787 ,207.1974 ,
  6.1309 ,  7.4797 ,171.2201 ,346.9078 ,-75.7240 ,207.3356 ,
  6.0909 ,  7.4376 ,171.3747 ,348.5500 ,-78.2651 ,206.8603 ,
  5.8488 ,  7.5192 ,170.7354 ,349.2069 ,-81.7570 ,208.4679 ,
  5.8894 ,  7.4788 ,171.0585 ,347.6684 ,-82.9239 ,207.1974 ,
  5.9342 ,  7.5614 ,170.8970 ,347.5301 ,-84.6742 ,207.6468 ,
  5.8125 ,  7.4402 ,170.7354 ,349.2760 ,-87.9370 ,208.2345 ,
  5.8532 ,  7.4402 ,170.8970 ,350.0539 ,-88.4902 ,208.9347 ,
  5.8523 ,  7.3563 ,170.7424 ,347.8240 ,-92.2025 ,208.5371 ,
  5.8121 ,  7.4376 ,170.5808 ,346.1299 ,-94.7739 ,209.0211 ,
  5.7713 ,  7.3164 ,170.5808 ,348.6537 ,-95.4308 ,208.7704 ,
  5.6110 ,  7.3581 ,170.7354 ,347.7894 ,-98.1664 ,208.6235 ,
  5.5307 ,  7.3563 ,170.5808 ,348.5673 ,-100.1500 ,208.7704 ,
  5.5317 ,  7.3559 ,170.2577 ,348.5673 ,-104.4889 ,208.7791 ,
  5.4909 ,  7.3151 ,170.1031 ,349.3970 ,-103.9228 ,209.4273 ,
  5.4103 ,  7.2751 ,170.1031 ,346.3373 ,-107.1468 ,209.2804 ,
  5.3309 ,  7.3954 ,170.1031 ,350.0366 ,-107.2807 ,209.9891 ,
  5.2896 ,  7.2734 ,169.9415 ,347.8931 ,-111.0492 ,209.2631 ,
  5.4488 ,  7.2712 ,169.3022 ,347.9104 ,-112.0518 ,210.3954 ,
  5.1693 ,  7.3129 ,169.9415 ,348.6018 ,-114.9689 ,210.5423 ,
  5.2084 ,  7.3120 ,169.4638 ,347.8412 ,-116.1531 ,211.0090 ,
  5.0474 ,  7.2720 ,169.4638 ,349.4489 ,-119.4980 ,210.2312 ,
  5.0865 ,  7.1880 ,169.1406 ,349.5699 ,-121.2872 ,209.7126 ,
  5.0466 ,  7.1886 ,169.3022 ,348.7920 ,-122.5923 ,210.8103 ,
  4.8872 ,  7.2312 ,169.7729 ,349.4662 ,-126.5639 ,211.0436 ,
  4.8852 ,  7.1487 ,169.1336 ,348.0487 ,-127.8043 ,211.1733 ,
  4.9260 ,  7.3107 ,168.9790 ,348.6018 ,-129.6323 ,210.6460 ,
  4.8042 ,  7.1465 ,168.8245 ,348.0660 ,-134.1398 ,210.6287 ,
  4.8040 ,  7.1871 ,168.6559 ,348.7574 ,-136.6248 ,211.8561 ,
  4.7234 ,  7.1873 ,168.5013 ,347.2189 ,-137.3724 ,211.2165 ,
  4.6823 ,  7.1061 ,168.3468 ,347.3226 ,-138.6646 ,211.6659 ,
  4.6446 ,  7.0639 ,168.6559 ,350.4861 ,-141.8107 ,210.8794 ,
  4.6441 ,  7.1445 ,168.1782 ,348.8093 ,-144.9310 ,212.1240 ,
  4.5243 ,  7.1864 ,168.3397 ,347.9277 ,-148.2241 ,212.7204 ,
  4.5245 ,  7.1037 ,168.6559 ,345.7323 ,-150.7133 ,211.8302 ,
  4.6444 ,  7.0617 ,168.5013 ,348.8957 ,-150.5059 ,211.8388 ,
  4.5245 ,  7.0630 ,168.8104 ,349.6736 ,-153.1767 ,212.3488 ,
  4.5245 ,  7.1037 ,168.6559 ,347.2708 ,-156.9192 ,212.9624 ,
  4.4828 ,  7.1006 ,168.0236 ,348.8266 ,-158.8380 ,213.4810 ,
  4.4837 ,  7.0204 ,168.6559 ,351.2640 ,-159.4431 ,213.1526 ,
  4.3238 ,  7.1030 ,168.8104 ,348.7920 ,-160.9470 ,213.2390 ,
  4.3638 ,  7.1836 ,168.5013 ,350.2095 ,-163.9895 ,212.4784 ,
  4.2439 ,  7.0635 ,169.1336 ,348.0487 ,-164.7846 ,213.4897 ,
  4.3232 ,  7.1412 ,168.4943 ,350.2614 ,-168.3975 ,213.0229 ,
  4.1631 ,  7.1425 ,168.6559 ,349.4662 ,-169.2705 ,214.3540 ,
  4.1618 ,  7.1416 ,168.1782 ,350.2614 ,-172.3562 ,212.4871 ,
  4.0808 ,  7.0202 ,168.1782 ,348.8784 ,-175.5801 ,211.9944 ,
  4.1225 ,  7.1425 ,168.4943 ,348.6537 ,-176.1506 ,213.0316 ,
  4.0823 ,  7.1430 ,168.5013 ,348.6537 ,-178.6917 ,212.5562 ,
  4.0826 ,  7.1833 ,168.5013 ,348.5673 ,-180.5587 ,212.1586 ,
  3.9227 ,  7.1043 ,169.1336 ,349.4489 ,-182.0280 ,213.4810 ,
  3.8801 ,  7.1425 ,168.8245 ,347.8240 ,-187.0757 ,212.9192 ,
  3.8819 ,  7.2233 ,168.5013 ,349.2587 ,-186.4534 ,211.9339 ,
  3.7996 ,  7.1026 ,168.8245 ,350.2095 ,-190.2824 ,212.7982 ,
  3.6812 ,  7.2655 ,168.5013 ,350.7454 ,-191.7258 ,212.0290 ,
  3.6795 ,  7.3063 ,168.5013 ,349.8983 ,-193.5928 ,212.2969 ,
  3.6793 ,  7.2251 ,168.6559 ,350.0194 ,-195.4425 ,211.8647 ,
  3.6406 ,  7.2264 ,169.2882 ,350.7454 ,-197.3613 ,212.1500 ,
  3.5189 ,  7.2264 ,168.8104 ,350.7627 ,-199.4011 ,211.7264 ,
  3.6400 ,  7.2259 ,168.9790 ,351.5233 ,-202.3225 ,211.9339 ,
  3.4388 ,  7.3059 ,168.6559 ,350.6244 ,-203.8870 ,211.5104 ,
  3.4382 ,  7.2246 ,168.6559 ,351.5060 ,-206.9726 ,211.4066 ,
  3.4808 ,  7.3884 ,169.2882 ,350.4515 ,-208.1740 ,211.3721 ,
  3.3197 ,  7.3888 ,169.1336 ,351.9900 ,-209.6520 ,212.3142 ,
  3.2806 ,  7.3089 ,169.7659 ,351.3158 ,-212.8069 ,212.5562 ,
  3.1987 ,  7.3085 ,169.1266 ,352.9062 ,-212.2969 ,211.8907 ,
  3.2393 ,  7.3085 ,169.2882 ,352.8889 ,-216.5667 ,212.0549 ,
  3.2389 ,  7.3080 ,169.1266 ,350.5207 ,-217.2063 ,211.6659 ,
  3.1215 ,  7.4731 ,170.0820 ,354.1336 ,-221.7527 ,211.5190 ,
  3.1216 ,  7.4310 ,170.2366 ,354.1854 ,-223.6023 ,211.4412 ,
  3.0005 ,  7.2694 ,170.3982 ,352.8889 ,-225.0026 ,212.4093 ,
  3.0003 ,  7.3098 ,170.2436 ,352.8025 ,-227.5005 ,211.6314 ,
  2.9602 ,  7.4314 ,169.9275 ,353.3902 ,-231.2776 ,212.4784 ,
  2.8394 ,  7.5131 ,169.6113 ,354.0471 ,-232.1246 ,212.0981 ,
  2.7198 ,  7.4740 ,170.0890 ,353.3038 ,-233.5335 ,211.3807 ,
  2.7591 ,  7.3919 ,169.9204 ,354.9633 ,-236.5500 ,211.5882 ,
  2.7194 ,  7.4332 ,170.0890 ,355.6721 ,-239.7048 ,211.4585 ,
  2.6395 ,  7.4323 ,170.2436 ,356.4327 ,-243.5511 ,211.6659 ,
  2.5588 ,  7.3107 ,170.3982 ,356.6228 ,-243.0498 ,211.0090 ,
  2.5185 ,  7.5149 ,170.7213 ,353.9434 ,-245.6168 ,211.9166 ,
  2.3983 ,  7.5566 ,170.7213 ,354.6522 ,-247.6653 ,210.8189 ,
  2.3577 ,  7.5162 ,170.7213 ,355.4819 ,-249.5755 ,211.0868 ,
  2.3594 ,  7.5983 ,171.1850 ,355.3263 ,-251.4597 ,211.6659 ,
  2.2777 ,  7.6387 ,170.5527 ,354.4966 ,-253.4477 ,210.5855 ,
  2.0411 ,  7.5197 ,170.3982 ,356.1388 ,-256.2049 ,211.4585 ,
  2.1230 ,  7.6417 ,170.7213 ,356.6920 ,-257.3285 ,212.1067 ,
  2.2024 ,  7.5574 ,170.5668 ,356.0351 ,-259.0485 ,211.7005 ,
  2.0022 ,  7.5592 ,170.8759 ,356.7957 ,-263.6986 ,211.5104 ,
  2.0440 ,  7.6413 ,171.3536 ,357.4353 ,-263.6381 ,211.1992 ,
  1.9627 ,  7.6005 ,171.0304 ,355.9487 ,-265.0124 ,211.1301 ,
  1.8437 ,  7.7243 ,171.3536 ,356.5191 ,-267.7005 ,211.0177 ,
  1.7625 ,  7.6431 ,171.1850 ,358.1786 ,-269.6539 ,211.2856 ,
  1.8437 ,  7.7243 ,171.3536 ,357.2797 ,-270.7775 ,211.5622 ,
  1.6026 ,  7.7256 ,171.3466 ,357.2452 ,-273.6384 ,211.4585 ,
  1.5220 ,  7.6857 ,171.3466 ,358.0576 ,-276.8451 ,212.3228 ,
  1.4832 ,  7.7274 ,171.8243 ,359.5443 ,-278.1416 ,210.9572 ,
  1.5233 ,  7.7673 ,171.6697 ,357.1414 ,-281.2186 ,211.8388 ,
  1.4434 ,  7.7278 ,171.9788 ,359.5270 ,-281.9187 ,211.4844 ,
  1.3236 ,  7.7269 ,172.3020 ,358.7145 ,-286.4565 ,211.0004 ,
  1.3627 ,  7.6857 ,171.9859 ,359.5443 ,-287.6147 ,211.2511 ,
  1.2423 ,  7.8077 ,171.6697 ,357.0550 ,-289.7064 ,210.4732 ,
  1.2437 ,  7.8090 ,172.3020 ,358.5935 ,-290.9337 ,212.1413 ,
  1.2046 ,  7.8503 ,172.6181 ,360.8235 ,-293.4576 ,211.7005 ,
  1.1232 ,  7.8099 ,172.3020 ,360.1147 ,-296.0678 ,211.2597 ,
  1.0028 ,  7.8916 ,172.1404 ,360.7543 ,-296.2580 ,212.2364 ,
  0.9240 ,  7.8529 ,172.9413 ,360.0283 ,-299.4733 ,210.8103 ,
  1.0448 ,  8.0549 ,172.4636 ,362.8114 ,-303.6394 ,211.3029 ,
  0.8441 ,  7.9750 ,172.7727 ,362.1373 ,-304.5556 ,210.9313 ,
  0.8434 ,  7.9320 ,172.6181 ,362.9497 ,-308.8945 ,211.0868 ,
  0.7246 ,  8.0150 ,173.0959 ,362.8114 ,-311.5566 ,211.3461 ,
  0.6449 ,  8.0163 ,173.4050 ,361.2384 ,-312.3172 ,210.6547 ,
  0.6050 ,  8.0571 ,173.4050 ,363.5029 ,-314.2533 ,211.2338 ,
  0.6055 ,  8.1388 ,173.4050 ,364.1598 ,-314.8584 ,210.8708 ,
  0.4849 ,  8.0176 ,173.7281 ,363.5202 ,-319.3702 ,212.0376 ,
  0.3241 ,  8.0593 ,173.5666 ,362.7077 ,-319.6295 ,210.6720 ,
  0.3254 ,  8.2626 ,173.5666 ,363.1226 ,-324.6080 ,211.4844 ,
  0.2862 ,  8.1827 ,174.1988 ,361.6878 ,-324.0549 ,211.8734 ,
  0.0458 ,  8.1845 ,174.5150 ,364.0042 ,-326.8899 ,211.4412 ,
 -0.0756 ,  8.2657 ,173.8757 ,363.9005 ,-328.9470 ,211.3375 ,
  0.0063 ,  8.3877 ,174.1988 ,364.4537 ,-330.0533 ,211.9598 ,
 -0.1153 ,  8.2262 ,174.1988 ,365.4736 ,-333.3205 ,211.1819 ,
 -0.1134 ,  8.3087 ,174.8311 ,364.5401 ,-334.5824 ,211.8302 ,
 -0.2331 ,  8.4295 ,174.8381 ,365.1279 ,-337.8841 ,212.0030 ,
 -0.2729 ,  8.4299 ,174.9927 ,364.3327 ,-339.8202 ,211.9512 ,
 -0.3522 ,  8.4286 ,175.4704 ,366.6318 ,-340.5463 ,212.6081 ,
 -0.3914 ,  8.4703 ,175.7865 ,365.7847 ,-343.6925 ,212.1845 ,
 -0.4317 ,  8.5111 ,175.6250 ,366.4762 ,-344.9889 ,212.1067 ,
 -0.6730 ,  8.4720 ,175.6250 ,366.5626 ,-346.6139 ,212.3833 ,
 -0.6319 ,  8.5533 ,175.8006 ,367.9456 ,-349.6563 ,212.9279 ,
 -0.7125 ,  8.5133 ,175.7865 ,366.4762 ,-350.3824 ,211.5795 ,
 -0.7108 ,  8.6762 ,176.1027 ,368.5333 ,-353.4767 ,212.2018 ,
 -0.8316 ,  8.6767 ,175.9481 ,368.5160 ,-355.5511 ,212.4871 ,
 -0.9917 ,  8.6789 ,176.2643 ,366.9429 ,-355.1880 ,212.8414 ,
 -1.1124 ,  8.6389 ,176.2572 ,366.9602 ,-359.6999 ,213.7490 ,
 -1.0710 ,  8.7201 ,176.5734 ,369.9508 ,-359.6307 ,214.4145 ,
 -1.2309 ,  8.8031 ,176.7350 ,369.0001 ,-362.9670 ,214.3799 ,
 -1.3102 ,  8.8448 ,177.0511 ,368.9482 ,-362.5003 ,214.0428 ,
 -1.3509 ,  8.8044 ,176.8895 ,370.5386 ,-366.2515 ,214.3194 ,
 -1.4292 ,  8.9682 ,177.3672 ,371.0399 ,-368.2740 ,213.6366 ,
 -1.5492 ,  8.9287 ,177.6834 ,371.1090 ,-369.0346 ,215.2702 ,
 -1.7099 ,  8.8896 ,177.8379 ,370.3484 ,-371.1609 ,215.2443 ,
 -1.6293 ,  8.9274 ,177.8379 ,368.7235 ,-373.5119 ,215.2011 ,
 -1.8698 ,  9.0104 ,177.8379 ,371.6795 ,-376.3642 ,215.4863 ,
 -1.8284 ,  8.9708 ,178.4702 ,368.6370 ,-375.0849 ,214.8726 ,
 -1.9896 ,  9.0117 ,178.1470 ,372.4401 ,-379.0263 ,215.4604 ,
 -1.9889 ,  9.0121 ,178.4702 ,372.4401 ,-380.2709 ,216.1345 ,
 -2.1486 ,  9.0947 ,178.6248 ,371.4893 ,-383.0195 ,215.4344 ,
 -2.2680 ,  9.1373 ,179.1025 ,371.4029 ,-384.4370 ,215.7369 ,
 -2.3079 ,  9.0565 ,179.4256 ,373.8576 ,-385.6989 ,216.0308 ,
 -2.2264 ,  9.1781 ,179.5802 ,373.6502 ,-386.8226 ,217.3619 ,
 -2.6681 ,  9.2624 ,179.4116 ,372.7167 ,-391.2652 ,217.9410 ,
 -2.6278 ,  9.2216 ,179.5802 ,372.7858 ,-392.4407 ,216.9384 ,
 -2.6671 ,  9.2633 ,179.8893 ,374.2379 ,-396.8315 ,217.8978 ,
 -2.8267 ,  9.2650 ,180.3670 ,374.9639 ,-397.0735 ,218.5374 ,
 -3.0270 ,  9.3072 ,180.5216 ,375.6727 ,-397.9897 ,218.5287 ,
 -2.9865 ,  9.3072 ,180.6832 ,374.1169 ,-399.7875 ,218.5114 ,
 -3.0666 ,  9.3893 ,180.5216 ,373.9613 ,-403.0374 ,218.7794 ,
 -3.1861 ,  9.3906 ,180.9993 ,373.9267 ,-405.0772 ,219.0646 ,
 -3.2252 ,  9.5131 ,181.1539 ,375.3097 ,-405.1291 ,219.0733 ,
 -3.3836 ,  9.5157 ,182.1093 ,376.8309 ,-408.4654 ,219.0473 ,
 -3.4246 ,  9.5557 ,181.6316 ,375.9838 ,-409.7792 ,219.3585 ,
 -3.5849 ,  9.5166 ,181.9477 ,378.3521 ,-411.8709 ,219.3066 ,
 -3.5832 ,  9.5992 ,182.4254 ,375.0849 ,-413.1674 ,220.2833 ,
 -3.7043 ,  9.4780 ,182.5800 ,376.8309 ,-414.5503 ,220.6118 ,
 -3.8635 ,  9.6018 ,182.8961 ,376.6062 ,-414.7750 ,220.2833 ,
 -3.9023 ,  9.6418 ,182.4254 ,377.3149 ,-417.3334 ,220.5426 ,
 -4.0641 ,  9.5627 ,183.0577 ,377.4186 ,-417.5582 ,220.5426 ,
 -4.1429 ,  9.4797 ,183.0577 ,377.5051 ,-420.7735 ,221.8305 ,
 -4.2222 ,  9.6027 ,183.2123 ,379.6486 ,-422.7614 ,221.1476 ,
 -4.4619 ,  9.7261 ,183.3668 ,378.6806 ,-423.1763 ,222.4614 ,
 -4.5440 ,  9.6865 ,183.6830 ,380.2536 ,-426.3570 ,222.0725 ,
 -4.5836 ,  9.5645 ,183.3668 ,380.4611 ,-427.6190 ,222.7294 ,
 -4.7849 ,  9.6479 ,183.8375 ,378.7497 ,-429.8316 ,223.0319 ,
 -5.1058 ,  9.6505 ,184.1537 ,380.3055 ,-430.3157 ,224.0172 ,
 -4.9440 ,  9.7309 ,184.3152 ,380.9451 ,-430.6787 ,223.0146 ,
 -5.3460 ,  9.7340 ,184.3152 ,377.8335 ,-431.9406 ,224.3111 ,
 -5.3047 ,  9.6532 ,184.9475 ,379.4930 ,-433.7038 ,225.2705 ,
 -5.3045 ,  9.6532 ,185.1021 ,381.8094 ,-436.1758 ,224.9161 ,
 -5.5034 ,  9.7779 ,185.5798 ,380.8068 ,-438.3539 ,225.8842 ,
 -5.5443 ,  9.6962 ,185.5798 ,379.3893 ,-437.1785 ,225.8928 ,
 -5.7451 ,  9.6980 ,185.5798 ,380.9105 ,-441.8113 ,226.4979 ,
 -5.7847 ,  9.8200 ,185.4182 ,383.8147 ,-442.5027 ,226.8090 ,
 -5.9449 ,  9.7002 ,186.0505 ,380.1153 ,-443.3671 ,226.4806 ,
 -6.0244 ,  9.7010 ,186.3666 ,380.0981 ,-444.1277 ,226.8263 ,
 -6.2253 ,  9.6620 ,186.5212 ,381.6884 ,-446.8935 ,227.1029 ,
 -6.2644 ,  9.6633 ,186.9989 ,380.9105 ,-448.1382 ,228.7624 ,
 -6.2650 ,  9.6220 ,186.8373 ,381.7230 ,-448.1727 ,228.4080 ,
 -6.4246 ,  9.7858 ,186.8373 ,383.0195 ,-449.0716 ,229.0649 ,
 -6.5855 ,  9.7063 ,186.9919 ,383.9357 ,-450.5064 ,228.7278 ,
 -6.6650 ,  9.7880 ,187.1605 ,384.5407 ,-453.7217 ,229.6786 ,
 -6.8253 ,  9.7489 ,187.4696 ,383.0368 ,-453.9983 ,229.9898 ,
 -6.9032 ,  9.7515 ,188.5866 ,384.5580 ,-454.7071 ,231.9691 ,
 -7.0641 ,  9.7924 ,188.2634 ,384.4889 ,-456.1937 ,231.9345 ,
 -7.2251 ,  9.6721 ,188.5866 ,385.4396 ,-459.5300 ,231.5455 ,
 -7.3445 ,  9.7142 ,189.0643 ,383.8320 ,-459.7029 ,233.2137 ,
 -7.4639 ,  9.7968 ,189.2189 ,381.3254 ,-461.7946 ,232.8507 ,
 -7.4648 ,  9.7155 ,189.0643 ,383.7974 ,-461.1377 ,234.5275 ,
 -7.6229 ,  9.9206 ,189.5350 ,385.0075 ,-463.8690 ,233.1618 ,
 -7.7844 ,  9.7994 ,189.5350 ,384.4197 ,-463.4887 ,234.8214 ,
 -7.9039 ,  9.7607 ,190.1673 ,385.2495 ,-464.9235 ,235.1412 ,
 -7.9447 ,  9.7204 ,190.0057 ,386.0792 ,-464.3184 ,236.1438 ,
 -8.1845 ,  9.7634 ,190.4905 ,387.5486 ,-469.0377 ,236.0660 ,
 -8.3438 ,  9.8863 ,190.6520 ,384.2296 ,-468.0869 ,236.4290 ,
 -8.3438 ,  9.8868 ,190.8066 ,387.3412 ,-469.8847 ,236.3685 ,
 -8.5045 ,  9.8876 ,190.8066 ,388.1018 ,-470.1440 ,237.3538 ,
 -8.5840 ,  9.8885 ,191.1157 ,385.7508 ,-474.0162 ,237.3020 ,
 -8.7048 ,  9.8490 ,191.1157 ,386.5633 ,-474.7768 ,237.6391 ,
 -8.9050 ,  9.8912 ,191.2773 ,388.8105 ,-475.7103 ,239.6098 ,
 -8.9796 ,  9.9781 ,191.1157 ,387.7215 ,-477.0414 ,238.5985 ,
 -9.0986 ,  9.9781 ,191.9166 ,387.6869 ,-479.6517 ,239.5492 ,
 -9.2598 ,  9.9381 ,191.7480 ,386.9954 ,-479.8937 ,238.5553 ,
 -9.4196 , 10.0211 ,191.9096 ,387.6177 ,-480.7580 ,239.2122 ,
 -9.5395 , 10.0220 ,192.0641 ,388.3783 ,-483.4374 ,239.7999 ,
 -9.7392 , 10.0650 ,192.5418 ,388.2919 ,-485.5983 ,240.4654 ,
 -9.8200 , 10.0650 ,192.3803 ,389.8304 ,-486.9639 ,241.4594 ,
-10.0194 , 10.1081 ,192.8509 ,388.2228 ,-486.0650 ,242.1077 ,
-10.1010 , 10.0668 ,192.3732 ,389.7958 ,-489.8508 ,241.7187 ,
-10.3004 , 10.1511 ,193.0055 ,388.8624 ,-491.4411 ,242.0385 ,
-10.3408 , 10.1915 ,192.6964 ,391.9221 ,-489.6260 ,242.0558 ,
-10.5823 ,  9.9904 ,193.1671 ,388.3783 ,-491.1818 ,242.0558 ,
-10.5406 , 10.2341 ,193.0055 ,390.3144 ,-492.4438 ,242.9979 ,
-10.8207 , 10.2771 ,193.3216 ,390.2453 ,-492.2363 ,244.0092 ,
-10.9010 , 10.2367 ,193.4832 ,391.0578 ,-493.5847 ,243.0239 ,
-11.0617 , 10.2385 ,193.4762 ,393.3915 ,-495.0368 ,243.9573 ,
-11.1803 , 10.2806 ,194.2771 ,391.7320 ,-496.4715 ,243.6462 ,
-11.3423 , 10.3219 ,193.6308 ,389.3637 ,-497.3704 ,244.9081 ,
-11.5026 , 10.3632 ,193.6308 ,391.6282 ,-496.9729 ,244.9167 ,
-11.6620 , 10.4058 ,193.9539 ,392.2851 ,-499.0991 ,245.5736 ,
-11.7423 , 10.4062 ,194.1085 ,393.8582 ,-500.4647 ,245.8761 ,
-11.7805 , 10.5704 ,194.5862 ,393.5989 ,-500.5166 ,246.2046 ,
-12.0220 , 10.5309 ,194.4246 ,392.9074 ,-501.5192 ,246.1960 ,
-12.1823 , 10.5726 ,194.5792 ,395.1374 ,-503.6282 ,246.8096 ,
-12.3430 , 10.4931 ,194.7337 ,393.7199 ,-501.9860 ,248.5037 ,
-12.4225 , 10.5748 ,194.7337 ,392.0085 ,-504.0085 ,248.1493 ,
-12.6231 , 10.5766 ,194.8883 ,393.5643 ,-505.5470 ,248.1407 ,
-12.6635 , 10.6174 ,194.7337 ,392.7173 ,-506.2212 ,248.4432 ,
-12.8220 , 10.8229 ,195.2114 ,394.7052 ,-506.4978 ,247.7863 ,
-13.0214 , 10.8242 ,195.5276 ,394.6707 ,-508.6240 ,248.7198 ,
-12.9823 , 10.8233 ,195.0499 ,393.9274 ,-507.3621 ,249.3767 ,
-13.2637 , 10.8255 ,195.2044 ,393.9274 ,-509.6439 ,249.6965 ,
-13.3823 , 10.9493 ,195.6821 ,395.2930 ,-509.2118 ,250.3534 ,
-13.5043 , 10.8677 ,195.2044 ,396.1919 ,-510.0242 ,250.0249 ,
-13.6229 , 10.9507 ,195.6821 ,396.8142 ,-512.0814 ,250.3447 ,
-13.7823 , 11.1149 ,195.8367 ,394.2212 ,-513.5853 ,251.2869 ,
-13.8644 , 10.9928 ,195.5135 ,395.9499 ,-514.3113 ,251.6067 ,
-14.1445 , 11.0363 ,195.8297 ,396.6759 ,-512.8765 ,251.3128 ,
-14.2657 , 11.0367 ,195.6751 ,396.6586 ,-514.9336 ,252.2808 ,
-14.3048 , 11.1188 ,195.8297 ,395.7597 ,-514.3978 ,252.2808 ,
-14.5458 , 11.2418 ,195.6751 ,397.1427 ,-515.9881 ,252.5574 ,
-14.9876 , 11.2448 ,195.5065 ,394.8263 ,-516.7142 ,252.8945 ,
-14.9867 , 11.2857 ,195.6681 ,397.0562 ,-518.5638 ,253.5168 ,
-14.9867 , 11.3673 ,195.6681 ,396.9179 ,-519.1862 ,253.5082 ,
-15.1869 , 11.3278 ,195.8226 ,397.7823 ,-518.2527 ,253.5168 ,
-15.3090 , 11.2879 ,195.4995 ,395.5004 ,-517.8378 ,253.8453 ,
-15.4688 , 11.3700 ,195.4995 ,398.4564 ,-518.0971 ,256.1530 ,
-15.5882 , 11.4525 ,195.6540 ,396.7624 ,-520.7419 ,254.4762 ,
-15.8288 , 11.4947 ,195.6540 ,397.5230 ,-519.8949 ,255.4702 ,
-15.9105 , 11.5355 ,195.3379 ,395.8807 ,-521.2778 ,254.7788 ,
-16.1502 , 11.5373 ,195.4925 ,396.6586 ,-522.2805 ,255.4270 ,
-16.3109 , 11.6606 ,195.6540 ,396.4685 ,-521.9002 ,255.1158 ,
-16.4304 , 11.4982 ,195.1833 ,395.9326 ,-523.9400 ,256.0407 ,
-16.5516 , 11.5812 ,195.6470 ,396.5895 ,-521.0185 ,256.4469 ,
-16.5498 , 11.7024 ,195.1693 ,396.3993 ,-523.5251 ,256.6976 ,
-16.7931 , 11.5825 ,195.4925 ,395.8116 ,-522.6435 ,258.0632 ,
-16.9134 , 11.6224 ,194.6986 ,395.7424 ,-523.4905 ,257.0260 ,
-17.0741 , 11.8275 ,195.0077 ,394.7225 ,-521.9002 ,258.3917 ,
-17.1522 , 11.7871 ,194.8532 ,394.7571 ,-523.2831 ,257.0606 ,
-17.5149 , 11.7897 ,194.6916 ,396.2956 ,-521.9347 ,258.7028 ,
-17.5544 , 11.9114 ,194.3754 ,396.9179 ,-524.4931 ,258.3398 ,
-17.6352 , 11.9118 ,194.3754 ,395.3621 ,-525.2710 ,257.9941 ,
-17.7555 , 11.9127 ,194.2139 ,396.1228 ,-524.8043 ,259.6536 ,
-17.9970 , 11.8732 ,194.0452 ,396.1919 ,-524.5623 ,258.3398 ,
-18.1173 , 11.9961 ,194.0452 ,393.6853 ,-524.1474 ,258.6510 ,
-18.2763 , 12.1195 ,194.3684 ,395.0337 ,-525.0636 ,259.6363 ,
-18.5195 , 12.0769 ,193.4130 ,394.3595 ,-523.5597 ,259.9820 ,
-18.4809 , 12.0756 ,192.9353 ,393.5816 ,-526.0317 ,259.5758 ,
-18.6793 , 12.1586 ,193.2514 ,391.1442 ,-523.2485 ,260.2759 ,
-18.8813 , 12.2415 ,193.2514 ,393.3396 ,-524.7697 ,261.2612 ,
-18.9621 , 12.2007 ,192.7737 ,392.6136 ,-524.9253 ,260.9069 ,
-19.1237 , 12.2415 ,192.2889 ,394.1175 ,-525.1846 ,261.2007 ,
-19.3661 , 12.0804 ,192.2819 ,392.0431 ,-524.9253 ,261.2007 ,
-19.4864 , 12.2837 ,191.6496 ,391.7320 ,-525.7724 ,261.4946 ,
-19.5259 , 12.3254 ,191.9587 ,390.8849 ,-525.2365 ,261.1834 ,
-19.8069 , 12.4084 ,191.6496 ,390.0379 ,-525.0636 ,261.1834 ,
-20.0888 , 12.2881 ,191.6426 ,390.9886 ,-525.4612 ,261.8403 ,
-20.1301 , 12.3693 ,191.3265 ,390.1070 ,-524.9253 ,262.1688 ,
-20.2899 , 12.4514 ,191.0103 ,389.1908 ,-523.9918 ,261.5119 ,
-20.5314 , 12.5335 ,190.8417 ,385.9582 ,-525.6168 ,262.7825 ,
-20.6552 , 12.2486 ,190.2094 ,390.3317 ,-523.9054 ,262.8084 ,
-20.7755 , 12.3311 ,190.2094 ,387.0819 ,-522.2459 ,262.1861 ,
-20.8967 , 12.3715 ,189.5701 ,387.7906 ,-524.3376 ,262.4627 ,
-21.0179 , 12.4128 ,189.4156 ,383.8838 ,-523.3004 ,262.4799 ,
-21.1786 , 12.3733 ,189.2540 ,386.2694 ,-522.3150 ,263.4999 ,
-21.3006 , 12.3320 ,188.6147 ,384.0048 ,-523.7844 ,262.7652 ,
-21.4614 , 12.4145 ,188.7763 ,384.6444 ,-523.4041 ,263.7764 ,
-21.5430 , 12.3737 ,188.2986 ,382.3972 ,-523.5251 ,263.7505 ,
-21.6651 , 12.3324 ,187.4977 ,382.4836 ,-521.8310 ,263.7505 ,
-21.9075 , 12.3742 ,187.0270 ,384.0048 ,-520.3616 ,264.0876 ,
-22.0682 , 12.3750 ,186.8654 ,380.1153 ,-521.9002 ,264.0617 ,
-22.1893 , 12.4154 ,186.2261 ,380.8587 ,-518.9614 ,263.1109 ,
-22.3123 , 12.2929 ,185.5938 ,381.0834 ,-518.5811 ,264.1049 ,
-22.5942 , 12.4167 ,185.1161 ,380.1153 ,-519.0306 ,263.7332 ,
-22.5959 , 12.2530 ,184.7930 ,380.3919 ,-518.3737 ,263.7505 ,
-22.7566 , 12.3355 ,184.6384 ,378.6978 ,-518.0625 ,264.0617 ,
-22.8787 , 12.2538 ,184.1537 ,377.2976 ,-517.6476 ,263.4221 ,
-22.9200 , 12.2538 ,183.8445 ,377.3322 ,-515.8325 ,263.4221 ,
-23.2423 , 12.2556 ,183.3598 ,374.2206 ,-516.9562 ,263.0763 ,
-23.1632 , 12.2134 ,183.0507 ,373.5291 ,-515.0028 ,262.7479 ,
-23.2431 , 12.2139 ,182.8891 ,373.5464 ,-513.8619 ,263.1109 ,
-23.4873 , 12.0514 ,182.0952 ,371.4893 ,-513.6890 ,262.7133 ,
-23.6462 , 12.1748 ,182.2498 ,371.3165 ,-512.7210 ,262.7652 ,
-23.8096 , 12.1344 ,181.6105 ,369.0346 ,-514.8126 ,262.3762 ,
-23.8508 , 12.1335 ,180.9782 ,370.6250 ,-511.7702 ,262.1083 ,
-23.9738 , 12.0519 ,180.3460 ,367.6690 ,-510.1280 ,261.7798 ,
-24.1380 , 11.9294 ,179.3835 ,369.4322 ,-509.7477 ,262.4022 ,
-24.2583 , 11.8894 ,179.3905 ,367.2022 ,-508.0881 ,261.4514 ,
-24.3408 , 11.8477 ,178.2665 ,364.1944 ,-506.3941 ,261.4168 ,
-24.4629 , 11.8073 ,177.9433 ,365.0587 ,-505.9446 ,259.7919 ,
-24.6262 , 11.6444 ,177.3110 ,363.0362 ,-501.2772 ,259.5153 ,
-24.5481 , 11.5614 ,176.6788 ,360.8408 ,-499.2893 ,258.5472 ,
-24.6710 , 11.4385 ,175.7303 ,360.2703 ,-498.8744 ,258.8843 ,
-24.7132 , 11.2756 ,175.4072 ,355.8795 ,-498.9262 ,257.5446 ,
-24.9951 , 11.3195 ,174.9295 ,356.6056 ,-496.2814 ,255.9283 ,
-25.0794 , 11.1553 ,173.8124 ,358.4379 ,-497.0247 ,255.5653 ,
-25.2014 , 11.2369 ,173.1802 ,352.1283 ,-494.1724 ,254.9084 ,
-25.0811 , 11.1131 ,173.0256 ,350.0021 ,-493.9823 ,253.9144 ,
-25.2058 , 10.9094 ,172.0702 ,350.3305 ,-492.3055 ,253.9231 ,
-25.3700 , 10.8268 ,170.6440 ,348.1697 ,-490.7670 ,253.2575 ,
-25.3709 , 10.7851 ,170.1663 ,346.7176 ,-488.8827 ,251.6153 ,
-25.4148 , 10.6218 ,169.3725 ,345.4384 ,-485.8576 ,249.6965 ,
-25.3788 , 10.3346 ,168.1009 ,342.8108 ,-483.9215 ,250.3188 ,
-25.6642 , 10.2530 ,166.8293 ,342.2231 ,-480.0665 ,249.7138 ,
-25.8249 , 10.2130 ,166.6748 ,338.3855 ,-482.8151 ,247.6826 ,
-25.6282 , 10.0874 ,165.5648 ,336.2938 ,-481.9162 ,245.6774 ,
-25.5913 ,  9.8828 ,164.7709 ,336.6222 ,-478.7355 ,245.3921 ,
-25.8355 ,  9.7998 ,163.9700 ,327.4949 ,-476.6611 ,245.0637 ,
-25.7573 ,  9.7160 ,162.8600 ,327.6332 ,-475.3473 ,243.3869 ,
-25.6792 ,  9.6734 ,162.0662 ,326.9590 ,-472.1147 ,241.8052 ,
-25.6835 ,  9.5083 ,160.6330 ,324.1586 ,-471.5097 ,241.1050 ,
-25.8882 ,  9.3458 ,159.8462 ,320.5457 ,-468.7438 ,239.4887 ,
-25.7292 ,  9.2211 ,159.0453 ,319.2319 ,-465.4248 ,239.1776 ,
-25.7318 ,  9.0977 ,158.2585 ,319.4393 ,-464.7852 ,236.8698 ,
-25.7766 ,  8.8115 ,157.1485 ,316.0339 ,-461.7600 ,236.5760 ,
-25.9795 ,  8.8115 ,156.1930 ,312.9569 ,-459.0287 ,234.9251 ,
-25.9435 ,  8.6055 ,154.9215 ,310.9862 ,-457.7495 ,233.2915 ,
-25.9452 ,  8.5234 ,154.4437 ,309.5687 ,-455.2603 ,232.6692 ,
-25.8293 ,  8.2762 ,153.3338 ,306.1459 ,-451.9758 ,228.0796 ,
-25.8732 ,  8.1120 ,152.0692 ,304.0888 ,-450.8003 ,227.7338 ,
-26.0383 ,  7.9083 ,151.1208 ,302.1181 ,-447.3776 ,227.4313 ,
-25.9189 ,  7.8661 ,150.6431 ,298.3324 ,-445.9428 ,225.4607 ,
-25.9795 ,  7.6273 ,149.3574 ,296.4136 ,-446.2712 ,225.1149 ,
-25.9848 ,  7.6242 ,147.4536 ,294.1836 ,-443.2115 ,223.8011 ,
-26.0682 ,  7.3787 ,146.6668 ,293.0427 ,-440.2382 ,221.5452 ,
-26.0304 ,  7.3353 ,145.0790 ,290.0521 ,-438.9417 ,220.5426 ,
-26.1534 ,  7.4165 ,144.2852 ,286.8541 ,-434.8448 ,219.2634 ,
-26.2754 ,  7.4165 ,143.6459 ,284.5722 ,-431.9406 ,218.9609 ,
-26.3185 ,  7.2106 ,142.2127 ,284.9525 ,-428.2413 ,217.6471 ,
-25.9206 ,  6.7585 ,141.5875 ,282.5583 ,-426.3570 ,214.4059 ,
-25.6036 ,  6.7142 ,140.6391 ,274.9177 ,-421.5341 ,212.8069 ,
-25.7670 ,  6.7937 ,138.7282 ,277.9687 ,-418.0940 ,213.1526 ,
-25.8118 ,  6.5078 ,138.0959 ,272.2123 ,-416.3135 ,210.1966 ,
-25.5747 ,  6.3820 ,136.9930 ,272.4630 ,-413.4267 ,207.9407 ,
-25.4965 ,  6.2979 ,135.5528 ,270.2935 ,-413.3056 ,209.2372 ,
-25.6212 ,  6.2562 ,134.4568 ,265.7903 ,-406.7194 ,204.7081 ,
-25.6642 ,  6.0095 ,133.0166 ,264.6667 ,-403.6597 ,204.0771 ,
-25.4271 ,  5.8839 ,131.7591 ,260.2327 ,-401.4125 ,203.4202 ,
-25.4298 ,  5.8009 ,130.7967 ,259.6536 ,-397.0735 ,200.1963 ,
-25.4754 ,  5.7177 ,128.7382 ,254.4157 ,-394.0656 ,198.2256 ,
-25.3999 ,  5.5928 ,127.3121 ,251.5462 ,-391.4727 ,197.9231 ,
-25.3621 ,  5.4277 ,126.2021 ,251.8227 ,-389.5193 ,195.9783 ,
-25.3261 ,  5.2628 ,125.0851 ,248.2444 ,-385.1285 ,193.3767 ,
-25.2480 ,  5.3023 ,123.8206 ,240.4827 ,-382.5528 ,192.0802 ,
-25.2919 ,  5.1783 ,122.5490 ,236.8525 ,-378.9053 ,188.5019 ,
-25.0548 ,  4.8885 ,121.6006 ,232.7037 ,-373.5810 ,186.2287 ,
-25.0197 ,  4.8459 ,119.8583 ,234.3633 ,-370.4003 ,186.6004 ,
-24.9011 ,  4.8027 ,118.7483 ,230.5948 ,-368.9655 ,183.6443 ,
-24.7053 ,  4.5550 ,117.4697 ,227.1634 ,-364.3327 ,181.0773 ,
-24.5481 ,  4.5107 ,116.0506 ,223.3949 ,-359.7517 ,180.1179 ,
-24.4322 ,  4.3851 ,114.4629 ,222.0898 ,-355.8277 ,177.1878 ,
-24.3162 ,  4.1781 ,112.8787 ,219.3758 ,-351.9209 ,175.9086 ,
-24.0774 ,  4.1342 ,111.9268 ,214.8380 ,-349.0686 ,174.6121 ,
-24.0835 ,  3.9276 ,110.1845 ,211.3289 ,-345.3174 ,172.0018 ,
-23.8868 ,  3.8823 ,108.2806 ,209.9027 ,-340.6846 ,168.7951 ,
-23.7296 ,  3.8382 ,106.8545 ,206.1515 ,-336.7087 ,167.1961 ,
-23.5716 ,  3.7133 ,105.8991 ,204.0425 ,-334.5824 ,164.8970 ,
-23.4960 ,  3.5473 ,104.3114 ,200.4988 ,-328.8951 ,162.3299 ,
-23.2581 ,  3.4617 ,102.7342 ,196.0388 ,-325.4205 ,160.7050 ,
-23.0218 ,  3.2947 ,101.3080 ,194.0336 ,-320.0789 ,160.0827 ,
-22.7830 ,  3.1688 ,100.0435 ,191.9333 ,-317.8317 ,156.5044 ,
-22.8260 ,  3.2078 , 98.7754 ,188.8390 ,-313.5446 ,155.5622 ,
-22.5099 ,  2.9586 , 97.1877 ,188.5019 ,-309.2402 ,152.9865 ,
-22.3114 ,  2.8333 , 96.0812 ,184.8803 ,-305.1779 ,149.7194 ,
-22.1560 ,  2.6662 , 94.1844 ,181.3279 ,-301.2020 ,148.7772 ,
-21.9970 ,  2.7042 , 93.2360 ,176.6778 ,-297.8484 ,145.5101 ,
-21.7204 ,  2.4553 , 91.6483 ,173.2378 ,-294.9096 ,141.9404 ,
-21.6423 ,  2.5346 , 89.9095 ,170.1003 ,-288.5654 ,141.3354 ,
-21.2866 ,  2.3664 , 88.3288 ,167.3171 ,-284.8488 ,139.4036 ,
-21.2111 ,  2.2417 , 86.4250 ,165.2514 ,-279.7320 ,135.8512 ,
-20.9327 ,  2.1959 , 85.1604 ,161.5088 ,-275.5573 ,134.2478 ,
-20.6956 ,  2.1110 , 83.4182 ,159.3394 ,-273.2927 ,132.3031 ,
-20.4585 ,  2.0658 , 81.6759 ,155.6400 ,-266.0756 ,130.0602 ,
-20.1397 ,  1.9806 , 80.7275 ,150.4022 ,-261.8576 ,127.8086 ,
-19.9421 ,  1.9351 , 79.3049 ,147.4635 ,-254.0614 ,126.2312 ,
-19.7042 ,  1.8911 , 77.7207 ,146.7893 ,-251.8227 ,122.6572 ,
-19.3871 ,  1.7644 , 76.3016 ,140.8600 ,-247.5962 ,121.7064 ,
-19.2624 ,  1.7136 , 74.3942 ,137.4372 ,-243.4128 ,119.1134 ,
-18.9841 ,  1.7094 , 72.9646 ,135.9592 ,-238.5985 ,116.8834 ,
-18.7478 ,  1.5420 , 71.3874 ,130.8640 ,-233.8533 ,115.6085 ,
-18.5898 ,  1.4583 , 70.2774 ,129.4983 ,-230.4824 ,113.0156 ,
-18.2736 ,  1.2496 , 68.2190 ,126.7973 ,-226.2040 ,110.7683 ,
-17.9953 ,  1.2041 , 66.4732 ,125.4144 ,-218.8917 ,109.2039 ,
-17.7977 ,  1.2418 , 64.8925 ,121.5379 ,-215.4776 ,104.9773 ,
-17.5193 ,  1.1963 , 63.6280 ,117.0347 ,-210.0496 ,102.0558 ,
-17.2427 ,  1.0696 , 61.7276 ,114.1954 ,-207.1109 ,100.1197 ,
-17.0029 ,  1.0660 , 60.4596 ,111.1745 ,-201.1297 , 97.8898 ,
-16.8080 ,  0.8989 , 58.5557 ,108.3871 ,-198.3034 , 95.6339 ,
-16.3671 ,  0.8945 , 57.6108 ,107.6740 ,-193.2557 , 93.0625 ,
-16.2100 ,  0.9311 , 55.7087 ,106.1528 ,-188.0179 , 91.8049 ,
-15.7314 ,  0.8444 , 54.1280 ,101.6928 ,-184.7766 , 89.2119 ,
-15.5329 ,  0.7184 , 53.1796 , 95.7678 ,-177.6200 , 86.9690 ,
-15.1746 ,  0.6726 , 51.5954 , 95.9148 ,-172.0450 , 85.0588 ,
-14.8172 ,  0.5861 , 49.3754 , 93.0106 ,-167.7407 , 82.4874 ,
-14.5388 ,  0.6628 , 47.7912 , 89.1125 ,-161.0853 , 80.5902 ,
-14.1397 ,  0.6178 , 46.5249 , 87.6691 ,-158.5960 , 78.3213 ,
-13.7823 ,  0.4898 , 44.9442 , 81.7398 ,-152.4161 , 75.4301 ,
-13.4644 ,  0.4045 , 43.3583 , 81.9126 ,-150.0392 , 73.4940 ,
-13.0244 ,  0.3181 , 41.9339 , 81.3292 ,-144.9569 , 70.9313 ,
-12.7461 ,  0.2726 , 40.8239 , 76.8217 ,-138.9109 , 68.6905 ,
-12.2266 ,  0.2256 , 39.4030 , 73.8657 ,-133.1156 , 65.4730 ,
-11.8679 ,  0.1807 , 37.8188 , 73.2131 ,-129.4206 , 63.2323 ,
-11.4288 ,  0.0535 , 36.7124 , 68.0185 ,-126.8621 , 60.3022 ,
-11.0292 ,  0.1295 , 35.1299 , 64.1117 ,-120.6476 , 57.7351 ,
-10.5893 ,  0.0430 , 34.1797 , 64.2932 ,-115.5697 , 55.1724 ,
-10.3114 ,  0.1209 , 32.2776 , 61.9163 ,-112.0475 , 52.9230 ,
 -9.7520 , -0.0486 , 31.1747 , 56.0346 ,-106.7924 , 50.0123 ,
 -9.4336 , -0.0124 , 29.2708 , 56.0497 ,-101.9305 , 49.0961 ,
 -8.9550 , -0.0589 , 27.5329 , 50.0123 ,-98.7195 , 46.8230 ,
 -8.5546 ,  0.0180 , 26.2666 , 47.6333 ,-93.1143 , 43.9339 ,
 -8.1959 , -0.1084 , 25.1593 , 46.3152 ,-90.0330 , 42.3306 ,
 -7.7967 , -0.1131 , 23.7349 , 44.8307 ,-85.6725 , 39.7592 ,
 -7.3555 , -0.1589 , 23.1026 , 43.3786 ,-79.9765 , 37.8426 ,
 -7.0780 , -0.1234 , 21.2023 , 37.2116 ,-73.9565 , 36.5871 ,
 -6.7168 , -0.0456 , 20.4102 , 36.3689 ,-69.6586 , 34.6661 ,
 -6.2376 , -0.1726 , 19.1465 , 34.2696 ,-67.0310 , 32.4005 ,
 -5.8380 , -0.0962 , 17.5623 , 31.9024 ,-61.4301 , 29.5126 ,
 -5.3978 , -0.1412 , 16.6157 , 30.4785 ,-58.8696 , 28.5564 ,
 -5.0791 , -0.1454 , 15.1895 , 28.2107 ,-55.2610 , 25.6479 ,
 -4.5159 , -0.0283 , 14.5590 , 26.5155 ,-50.0296 , 24.0597 ,
 -4.1561 , -0.0724 , 13.6110 , 25.0742 ,-48.8498 , 21.4570 ,
 -3.9963 ,  0.0060 , 12.9788 , 20.3442 ,-44.2537 , 19.5306 ,
 -3.5967 , -0.0384 , 11.7120 , 20.4544 ,-42.3803 , 18.8953 ,
 -3.2355 ,  0.0805 , 10.7627 , 19.5296 ,-39.9667 , 18.2676 ,
 -2.8368 , -0.0465 ,  9.4973 , 18.2277 ,-35.5823 , 17.0030 ,
 -2.4339 ,  0.1131 ,  9.0244 , 16.4596 ,-33.1114 , 14.7363 ,
 -2.3958 ,  0.0710 ,  8.2314 , 15.0010 ,-31.8041 , 13.1157 ,
 -1.9550 ,  0.1074 ,  7.2821 , 14.9875 ,-27.9903 , 13.1524 ,
 -1.8339 ,  0.1876 ,  7.1250 , 12.5587 ,-26.5803 , 10.5470 ,
 -1.4720 ,  0.3067 ,  6.4925 , 13.1854 ,-23.5260 , 10.5767 ,
 -1.2323 ,  0.2637 ,  5.8613 , 10.1564 ,-23.7961 ,  8.9399 ,
 -1.0340 ,  0.1386 ,  5.0679 , 11.9267 ,-20.9427 ,  8.6430 ,
 -0.8322 ,  0.2592 ,  4.7535 ,  9.4434 ,-18.7938 ,  8.0064 ,
 -0.5904 ,  0.3392 ,  4.5969 ,  9.3002 ,-20.9319 ,  6.6953 ,
 -0.4288 ,  0.5010 ,  4.2806 ,  9.0830 ,-18.2017 ,  6.7099 ,
 -0.4306 ,  0.3778 ,  3.9620 , 10.0889 ,-15.0491 ,  6.7323 ,
 -0.1880 ,  0.5393 ,  3.8070 ,  6.7312 ,-15.3505 ,  6.0722 ,
  0.0928 ,  0.5367 ,  3.3335 ,  5.9739 ,-14.2906 ,  5.1066 ,
  0.2127 ,  0.5350 ,  3.0172 ,  4.4572 ,-11.6134 ,  5.1190 ,
  0.4940 ,  0.4519 ,  3.0199 ,  5.3448 ,-12.4064 ,  5.1185 ,
  0.4141 ,  0.5338 ,  3.0190 ,  4.4535 ,-11.9261 ,  4.7903 ,
  0.6146 ,  0.5728 ,  2.5436 ,  5.9520 ,-10.9738 ,  3.8305 ,
  0.8173 ,  0.6538 ,  2.5464 ,  4.2612 ,-11.9359 ,  4.4743 ,
  0.7367 ,  0.7355 ,  2.5453 ,  4.9378 ,-10.1937 ,  3.8317 ,
  0.8166 ,  0.6531 ,  2.5464 ,  4.2841 ,-10.6896 ,  3.5023 ,
  0.8978 ,  0.6940 ,  2.5473 ,  3.4512 ,-10.5492 ,  2.8495 ,
  0.8181 ,  0.8169 ,  2.2286 ,  4.0181 ,-11.3346 ,  2.8576 ,
  1.0599 ,  0.8151 ,  2.7073 ,  4.0320 ,-10.9651 ,  4.1481 ,
  0.9381 ,  0.8153 ,  1.9104 ,  4.8089 , -9.8982 ,  3.1996 ,
  1.2200 ,  0.8541 ,  1.7537 ,  4.7508 , -9.4677 ,  3.5334 ,
  1.1789 ,  0.7726 ,  2.0731 ,  4.1193 , -8.8902 ,  3.1930 ,
  1.0173 ,  0.7324 ,  1.7526 ,  4.1880 , -7.8849 ,  3.2044 ,
  0.9766 ,  0.6921 ,  1.5955 ,  2.6960 , -8.5779 ,  3.2007 ,
  0.8153 ,  0.6930 ,  1.4358 ,  1.1844 , -6.9419 ,  3.8503 ,
  1.0153 ,  0.5689 ,  1.4369 ,  2.9042 , -6.6154 ,  2.5606 ,
  0.8151 ,  0.6925 ,  1.7523 ,  3.5039 , -6.3180 ,  2.5576 ,
  0.7345 ,  0.7337 ,  1.2757 ,  1.8916 , -6.4603 ,  2.8836 ,
  0.6500 ,  0.5683 ,  0.9560 ,  2.9961 , -2.1904 ,  2.9416 ,
  0.4501 ,  0.4490 ,  0.6378 ,  1.5734 , -4.3554 ,  1.6154 ,
  0.3681 ,  0.5284 ,  0.1612 ,  1.5485 , -3.1888 ,  3.2583 ,
  0.3674 ,  0.3665 ,  0.3187 ,  1.7484 , -2.5814 ,  0.9914 ,
  0.3265 ,  0.4077 ,  0.7958 ,  0.9072 , -0.8111 ,  2.0063 ,
  0.2448 ,  0.3664 ,  0.3186 ,  0.9880 , -0.9228 ,  2.6215 ,
  0.2432 ,  0.2842 ,  0.0019 ,  1.1173 , -1.5441 ,  1.9514 ,
  0.1221 ,  0.2440 ,  0.0008 ,  1.1798 , -1.1028 ,  1.3009 ,
  0.0022 ,  0.2860 ,  0.3167 , -0.4400 ,  0.5691 ,  2.2731 ,
 -0.0801 ,  0.1631 , -0.1597 ,  1.3093 ,  1.0867 ,  0.9775 ,
 -0.0392 ,  0.2042 ,  0.3164 ,  2.8480 ,  0.4895 ,  1.5829 ,
  0.0815 ,  0.2439 , -0.1583 ,  1.1851 ,  0.7005 ,  1.9532 ,
 -0.0404 ,  0.1219 , -0.3179 , -0.9491 ,  1.1567 ,  0.9793 ,
 -0.0805 ,  0.1628 , -0.3184 , -0.2354 ,  1.7083 ,  1.6297 ,
 -0.0414 ,  0.1209 , -0.7938 ,  0.6152 ,  1.7767 ,  1.6351 ,
 -0.1198 ,  0.2044 , -0.0016 ,  2.0181 ,  1.0167 ,  1.3010 ,
 -0.0803 ,  0.1224 , -0.1597 , -0.1788 ,  1.0945 ,  1.9533 ,
 -0.0411 ,  0.1213 , -0.6352 , -1.7142 , -0.0893 ,  0.9828 ,
 -0.0800 ,  0.2444 , -0.3185 , -0.3583 ,  2.3148 ,  1.9549 ,
 -0.0402 ,  0.1626 , -0.3180 , -1.0106 ,  1.7712 ,  1.9549 ,
 -0.0798 ,  0.1635 , -0.0011 , -0.2451 , -0.7795 ,  1.6262 ,
 -0.2013 ,  0.2446 , -0.4784 ,  0.4225 ,  0.8808 ,  1.6315 ,
 -0.2807 ,  0.1651 ,  0.1557 ,  0.5281 , -0.4690 ,  0.6397 ,
  0.0002 ,  0.2437 , -0.4764 ,  1.1955 , -0.0491 ,  1.3063 ,
 -0.1607 ,  0.1635 , -0.1606 , -0.2396 ,  1.5831 ,  1.6280 ,
 -0.1208 ,  0.1630 , -0.3188 , -1.0100 ,  2.8898 ,  1.3045 ,
  0.0005 ,  0.1627 , -0.1589 , -0.2409 ,  1.2125 ,  1.3027 ,
 -0.0806 ,  0.2033 , -0.4771 ,  1.2576 ,  0.4551 ,  0.9811 ,
  0.0005 ,  0.1627 , -0.1589 ,  0.5339 ,  2.4570 ,  0.9775 ,
 -0.0404 ,  0.1228 ,  0.1576 ,  0.5793 ,  1.1508 ,  1.6034 ,
 -0.0404 ,  0.2436 , -0.6354 , -1.1237 ,  1.1317 ,  1.6332 ,
 -0.0797 ,  0.2447 , -0.1599 ,  1.1864 ,  1.6933 ,  0.9775 ,
 -0.1608 ,  0.2040 , -0.3193 , -1.0710 ,  0.9524 ,  0.9793 ,
 -0.0805 ,  0.1628 , -0.3184 , -1.7850 ,  1.0860 ,  1.9549 ,
 -0.0396 ,  0.2037 , -0.1594 , -1.8518 ,  1.7641 ,  1.3027 ,
 -0.1197 ,  0.1235 ,  0.1573 ,  0.5918 , -0.2104 ,  1.6889 ,
  0.0012 ,  0.1634 ,  0.1583 ,  1.2989 ,  0.5918 ,  0.6487 ,
 -0.1202 ,  0.2041 , -0.1602 , -1.8511 ,  3.5051 ,  1.3027 ,
 -0.0804 ,  0.2440 , -0.4772 , -0.3534 ,  0.4474 ,  1.9568 ,
 -0.0807 ,  0.1637 ,  0.1570 ,  0.5170 ,  1.7036 ,  1.2814 ,
 -0.1608 ,  0.0823 , -0.0018 , -0.8964 ,  2.2216 ,  1.3010 ,
  0.0016 ,  0.2449 ,  0.1582 ,  1.9509 , -0.0461 ,  1.2992 ,
 -0.0401 ,  0.2439 , -0.4768 ,  1.1959 ,  1.7547 ,  0.6558 ,
 -0.0796 ,  0.2042 , -0.0012 , -0.3066 ,  1.0796 ,  0.9757 ,
  0.0009 ,  0.2443 , -0.1591 , -0.3639 ,  1.1969 ,  0.6522 ,
 -0.2018 ,  0.0819 , -0.3195 , -0.1114 ,  1.5351 ,  2.2802 ,
 -0.0797 ,  0.2447 , -0.1599 ,  0.4117 , -0.1734 ,  0.6523 ,
 -0.0405 ,  0.1623 , -0.4766 ,  0.5440 ,  1.7704 ,  0.3306 ,
  0.0406 ,  0.2030 , -0.3173 , -1.8476 ,  2.5113 ,  1.6297 ,
 -0.1208 ,  0.1630 , -0.3188 ,  0.5398 , -0.2215 ,  1.3045 ,
 -0.0008 ,  0.0398 , -0.4760 ,  1.5029 , -0.0101 ,  1.3063 ,
 -0.1208 ,  0.0818 , -0.1600 ,  0.6578 ,  2.9060 ,  2.2785 ,
 -0.0394 ,  0.2445 , -0.1595 ,  0.4113 ,  1.1340 ,  0.9775 ,
 -0.1606 ,  0.2447 , -0.3193 ,  0.4172 ,  2.1889 ,  1.6297 ,
  0.0005 ,  0.1627 , -0.1589 , -0.2409 ,  0.5903 ,  1.3027 ,
  0.0001 ,  0.0812 , -0.1588 , -0.1180 ,  1.8504 ,  0.6522 ,
 -0.0803 ,  0.1224 , -0.1597 ,  0.5960 ,  2.3390 ,  1.3027 ,
 -0.1207 ,  0.0413 , -0.0013 ,  0.7144 ,  2.9146 ,  0.6505 ,
 -0.0412 , -0.0412 , -0.3176 ,  0.0716 ,  1.8102 ,  0.9793 ,
  0.0003 ,  0.2032 , -0.3177 ,  0.4773 ,  1.2040 ,  1.6297 ,
 -0.0405 ,  0.1623 , -0.4766 ,  0.5440 ,  1.7704 ,  1.3063 ,
  0.0007 ,  0.2035 , -0.1590 , -0.3024 ,  2.4492 ,  1.3027 ,
  0.0803 ,  0.0805 , -0.3166 , -0.1138 ,  1.9755 ,  0.9793 ,
 -0.1205 ,  0.2038 , -0.3189 ,  1.2531 , -0.2293 ,  1.6297 ,
 -0.0397 ,  0.1225 , -0.0006 , -0.1840 ,  1.1581 ,  0.9757 ,
 -0.0404 ,  0.2436 , -0.6354 , -0.3488 , -0.1128 ,  0.9828 ,
  0.0402 ,  0.1215 , -0.3171 , -0.9498 ,  0.6602 ,  0.0036 ,
 -0.1215 ,  0.1624 , -0.6361 , -1.0001 ,  0.3993 ,  1.3081 ,
 -0.0402 ,  0.1626 , -0.3180 , -2.5604 , -0.0957 ,  1.6297 ,
 -0.1213 ,  0.1219 , -0.4774 ,  1.3808 ,  3.5193 ,  0.9811 ,
 -0.1205 ,  0.0821 , -0.0014 ,  1.4276 ,  2.2845 ,  1.3010 ,
 -0.2002 ,  0.1240 ,  0.4727 , -0.9643 ,  0.9018 ,  1.5910 ,
 -0.0400 ,  0.1222 , -0.1593 ,  1.3704 ,  2.4019 ,  0.9775 ,
  0.0001 ,  0.1624 , -0.3176 ,  1.3135 ,  1.2118 ,  0.9793 ,
  0.0011 ,  0.2850 , -0.1592 , -0.4253 , -1.3001 ,  2.2785 ,
 -0.1606 ,  0.1231 , -0.0018 , -0.1830 ,  1.5917 ,  1.9514 ,
 -0.1215 ,  0.0812 , -0.4773 ,  0.6676 ,  1.0379 ,  1.3063 ,
  0.0008 ,  0.1631 , -0.0003 , -0.2458 ,  1.2132 ,  0.9757 ,
 -0.1206 ,  0.1222 ,  0.1579 ,  2.1798 ,  1.0091 ,  0.6268 ,
 -0.0413 ,  0.0805 , -0.6351 , -0.1030 ,  1.1629 ,  0.9828 ,
 -0.0398 ,  0.1629 , -0.1593 ,  0.5342 ,  2.3942 ,  1.3027 ,
 -0.0808 ,  0.1625 , -0.4770 ,  0.5443 ,  2.9520 ,  1.6314 ,
  0.0009 ,  0.2443 , -0.1591 , -0.3639 ,  1.1969 ,  0.9775 ,
 -0.0402 ,  0.1626 , -0.3180 ,  0.5391 , -0.0957 ,  1.3045 ,
  0.0802 ,  0.1210 , -0.4753 ,  0.6044 ,  1.3446 ,  0.9811 ,
 -0.0798 ,  0.1635 , -0.0011 , -1.0201 ,  1.0874 ,  1.6262 ,
 -0.1201 ,  0.1636 , -0.0015 ,  0.5300 ,  1.6468 ,  0.9757 ,
 -0.0401 ,  0.2439 , -0.4768 ,  1.1959 ,  0.5102 ,  2.2820 ,
  0.0403 ,  0.2027 , -0.4759 ,  1.2567 ,  1.2661 ,  1.9568 ,
 -0.0802 ,  0.0819 , -0.0010 , -0.8971 ,  1.7254 ,  1.9514 ,
  0.0408 ,  0.1626 , -0.1585 , -1.0162 ,  1.2754 ,  0.9775 ,
  0.0401 ,  0.1619 , -0.4758 ,  0.5433 ,  0.6517 ,  0.9811 ,
 -0.1619 ,  0.1223 ,  0.1545 , -0.9626 ,  1.5761 ,  1.3053 ,
  0.0009 ,  0.2443 , -0.1591 ,  0.4110 ,  1.8191 ,  0.9775 ,
  0.0401 ,  0.1221 ,  0.1578 , -0.1869 ,  1.2830 ,  0.9812 ,
 -0.0408 ,  0.0403 , -0.3178 ,  0.7235 , -0.0722 ,  0.6541 ,
 -0.0398 ,  0.1629 , -0.1593 , -0.2406 , -0.7172 ,  0.9775 ,
 -0.0397 ,  0.2442 , -0.3181 , -0.3586 ,  2.3777 ,  1.3045 ,
  0.0010 ,  0.1226 ,  0.1584 , -0.9642 ,  0.5995 ,  0.9739 ,
 -0.1618 ,  0.0814 , -0.4777 , -0.1069 ,  2.8416 ,  1.6314 ,
 -0.1207 ,  0.0413 , -0.0013 ,  0.7144 ,  0.4257 ,  0.9757 ,
 -0.1608 ,  0.2040 , -0.3193 ,  1.2535 ,  2.1969 ,  0.9793 ,
  0.0005 ,  0.1627 , -0.1589 , -0.2409 ,  0.5903 ,  0.6522 ,
 -0.0400 ,  0.1222 , -0.1593 , -0.1791 ,  1.1574 ,  1.6278 ,
 -0.1616 ,  0.1221 , -0.4777 , -1.7181 ,  0.9672 ,  1.6314 ,
 -0.0806 ,  0.1225 ,  0.1556 , -1.7536 ,  0.4596 ,  0.3266 ,
  0.0809 ,  0.1216 , -0.1581 , -0.1802 ,  1.3462 ,  1.6278 ,
 -0.0809 ,  0.2030 , -0.6357 , -1.8368 ,  1.6989 ,  1.3081 ,
 -0.0398 ,  0.1629 , -0.1593 ,  2.0838 ,  1.1496 ,  0.6522 ,
 -0.0807 ,  0.1221 , -0.3183 , -2.4987 , -0.1508 ,  0.6541 ,
 -0.0809 ,  0.0001 , -0.1594 , -1.5442 ,  0.4957 ,  0.9775 ,
 -0.1196 ,  0.2452 , -0.0017 ,  0.4071 , -0.8579 ,  0.3253 ,
  0.0442 ,  0.2866 ,  0.1591 , -0.4392 ,  0.6594 ,  0.9824 ,
  0.0008 ,  0.1631 , -0.0003 , -1.0208 ,  2.4577 ,  1.6262 ,
 -0.0798 ,  0.1635 , -0.0011 , -0.2451 , -0.1571 ,  0.9757 ,
 -0.0803 ,  0.2036 , -0.3185 , -0.2968 ,  0.4559 ,  1.3045 ,
 -0.0807 ,  0.1221 , -0.3183 , -1.7236 ,  1.0937 ,  0.9793 ,
 -0.0404 ,  0.1219 , -0.3179 , -0.1742 ,  0.5344 ,  1.3045 ,
 -0.0801 ,  0.1631 , -0.1597 , -1.0152 ,  2.3311 ,  0.3270 ,
 -0.0805 ,  0.0816 , -0.1596 , -0.1173 ,  2.3468 ,  1.3027 ,
 -0.0407 ,  0.1627 ,  0.1558 , -1.0250 ,  1.1379 ,  1.6302 ,
 -0.2013 ,  0.1634 , -0.3196 ,  0.5405 ,  0.8972 ,  0.6541 ,
 -0.1614 ,  0.1629 , -0.4779 ,  1.3199 , -0.2852 ,  1.3063 ,
 -0.1215 ,  0.1624 , -0.6361 , -1.0001 ,  0.3993 ,  1.3081 ,
  0.0410 ,  0.2033 , -0.1586 , -1.0776 ,  0.6454 ,  0.6522 ,
  0.0408 ,  0.1626 , -0.1585 ,  0.5335 ,  1.2754 ,  0.6522 ,
 -0.1206 ,  0.1226 , -0.1601 ,  0.5964 ,  0.4093 ,  0.6523 ,
 -0.0805 ,  0.0816 , -0.1596 ,  0.6575 ,  1.1023 ,  0.9775 ,
  0.0404 ,  0.0407 ,  0.1577 , -0.8353 ,  1.2996 ,  1.6269 ,
 -0.0807 ,  0.1221 , -0.3183 , -0.1739 ,  2.9605 ,  0.9793 ,
  0.0013 ,  0.1229 ,  0.3170 ,  2.9051 ,  1.8448 ,  0.9722 ,
 -0.0001 ,  0.1217 , -0.3175 ,  0.6002 ,  1.8420 ,  1.3045 ,
 -0.0807 ,  0.0408 , -0.1595 , -0.8308 ,  2.3548 ,  0.9775 ,
  0.0406 ,  0.2030 , -0.3173 ,  1.2517 ,  2.5113 ,  0.9793 ,
  0.0408 ,  0.1626 , -0.1585 ,  1.3082 ,  1.2754 ,  0.3270 ,
 -0.1202 ,  0.2041 , -0.1602 , -0.3014 ,  0.3937 ,  1.3027 ,
 -0.1207 ,  0.2443 , -0.4776 , -1.1280 ,  1.0066 ,  0.9811 ,
  0.0008 ,  0.1631 , -0.0003 , -1.0208 ,  1.2132 ,  0.9757 ,
 -0.0790 ,  0.2048 ,  0.1576 ,  0.4683 , -0.1614 ,  2.0133 ,
 -0.0008 ,  0.1211 , -0.6348 , -0.9397 ,  2.4627 ,  1.3081 ,
 -0.0402 ,  0.0814 , -0.1592 , -0.8925 ,  3.0318 ,  1.3027 ,
 -0.0403 ,  0.0002 , -0.0004 ,  0.0003 ,  0.5593 ,  1.3010 ,
  0.0814 ,  0.0813 ,  0.1590 ,  0.6479 , -0.5084 ,  1.3090 ,
 -0.0398 ,  0.1629 , -0.1593 , -0.2406 ,  1.7719 ,  0.9775 ,
 -0.0405 ,  0.1623 , -0.4766 ,  0.5440 ,  2.3927 ,  1.3063 ,
 -0.0803 ,  0.1224 , -0.1597 , -0.1788 , -0.1500 ,  1.6280 ,
 -0.0803 ,  0.1224 , -0.1597 , -0.1788 ,  1.7168 ,  0.6523 ,
 -0.1606 ,  0.1231 , -0.0018 ,  0.5918 ,  1.5917 ,  0.3253 ,
 -0.1208 ,  0.1630 , -0.3188 ,  0.5398 ,  1.6454 ,  0.3288 ,
 -0.0807 ,  0.0408 , -0.1595 ,  0.7189 , -0.1344 ,  0.6523 ,
 -0.1206 ,  0.1226 , -0.1601 , -0.9533 ,  0.4093 ,  0.9775 ,
  0.0012 ,  0.1634 ,  0.1583 ,  0.5241 ,  1.2140 ,  1.2992 ,
 -0.1195 ,  0.1233 ,  0.1576 , -0.1892 , -0.8291 ,  0.9917 ,
 -0.1611 ,  0.1632 , -0.3192 , -0.2347 , -0.9067 ,  0.9793 ,
 -0.0811 ,  0.0405 , -0.3182 , -0.8259 , -0.7575 ,  0.6541 ,
 -0.1617 ,  0.0409 , -0.3190 ,  0.7245 ,  2.2281 ,  0.6541 ,
  0.1212 ,  0.0814 ,  0.1592 , -0.1278 ,  0.7950 ,  1.2987 ,
  0.0807 ,  0.0808 , -0.1580 , -0.8936 ,  1.3540 ,  0.6522 ,
 -0.1608 ,  0.0823 , -0.0018 ,  1.4281 ,  0.9772 ,  0.6505 ,
 -0.0404 ,  0.0406 , -0.1591 , -0.8311 , -0.0715 ,  0.9775 ,
 -0.0809 ,  0.2042 ,  0.1567 ,  0.4547 ,  1.0710 ,  1.2812 ,
 -0.0398 ,  0.1629 , -0.1593 ,  0.5342 ,  1.7719 ,  1.3027 ,
 -0.0004 ,  0.1214 , -0.4761 , -0.1697 ,  2.4633 ,  1.6314 ,
  0.1201 ,  0.1205 , -0.6336 , -1.7156 ,  2.6513 ,  1.3080 ,
 -0.0406 , -0.0001 , -0.1590 ,  0.0052 ,  2.4253 ,  1.3027 ,
 -0.1214 ,  0.0816 ,  0.1554 , -0.8992 ,  1.0317 ,  0.6559 ,
 -0.0397 ,  0.1225 , -0.0006 ,  0.5908 ,  1.1581 ,  0.6505 ,
 -0.0400 ,  0.1222 , -0.1593 , -0.1791 ,  2.4019 ,  0.6522 ,
 -0.0400 ,  0.2034 , -0.3181 , -0.2972 ,  2.3856 ,  1.3045 ,
 -0.1215 ,  0.0812 , -0.4773 , -0.1072 ,  1.0379 ,  1.9568 ,
 -0.0409 ,  0.0808 , -0.4765 , -0.1079 ,  0.5415 ,  1.3063 ,
  0.0406 ,  0.2030 , -0.3173 , -2.6227 ,  0.0224 ,  0.6541 ,
  0.0003 ,  0.2032 , -0.3177 ,  0.4773 ,  0.5817 ,  0.6541 ,
 -0.0809 ,  0.0813 , -0.3182 ,  1.4372 ,  1.7239 ,  0.9793 ,
  0.0008 ,  0.0818 ,  0.1585 ,  0.6470 ,  1.2296 ,  0.9739 ,
  0.0410 ,  0.2033 , -0.1586 , -0.3028 ,  1.2676 ,  0.9775 ,
 -0.0805 ,  0.0816 , -0.1596 , -0.8922 ,  0.4801 ,  1.3027 ,
 -0.0397 ,  0.1225 , -0.0006 , -0.1840 ,  1.1581 ,  1.3010 ,
 -0.0406 ,  0.2040 ,  0.1570 ,  0.4547 ,  2.3795 ,  1.2812 ,
  0.0401 ,  0.1619 , -0.4758 , -1.7813 ,  1.2739 ,  1.3063 ,
  0.0401 ,  0.1619 , -0.4758 , -1.7813 ,  1.2739 ,  1.9568 ,
  0.0409 ,  0.2039 ,  0.1584 ,  0.4588 ,  0.6353 ,  1.2810 ,
  0.0003 ,  0.2032 , -0.3177 , -1.0724 ,  0.5817 ,  1.6297 ,
 -0.1219 ,  0.0809 , -0.6359 , -0.1023 ,  1.0372 ,  0.6576 ,
  0.0001 ,  0.1624 , -0.3176 , -0.2361 ,  2.4563 ,  1.3045 ,
 -0.0389 ,  0.0828 ,  0.4752 , -0.1370 ,  0.5431 ,  0.6037 ,
 -0.0393 ,  0.1234 ,  0.3169 ,  1.3608 ,  1.1418 ,  1.6069 ,
  0.0013 ,  0.1229 ,  0.3170 , -0.1942 ,  0.6003 ,  0.9722 ,
 -0.1613 ,  0.0824 ,  0.1560 , -0.1229 ,  1.6017 ,  0.0000 ,
 -0.0003 ,  0.0809 , -0.3174 , -0.1131 ,  1.2274 ,  0.6541 ,
 -0.0805 ,  0.1628 , -0.3184 ,  0.5394 ,  0.4637 ,  0.3288 ,
  0.1213 ,  0.0810 ,  0.0011 , -0.8988 ,  0.7954 ,  0.9757 ,
  0.0010 ,  0.2038 , -0.0004 , -0.3073 ,  1.2054 ,  0.9757 ,
 -0.0404 ,  0.1219 , -0.3179 ,  0.6005 ,  0.5344 ,  1.3045 ,
 -0.0404 ,  0.1219 , -0.3179 ,  0.6005 ,  0.5344 ,  1.6297 ,
  0.0809 ,  0.1216 , -0.1581 ,  1.3695 ,  0.7239 ,  0.0018 ,
  0.0011 ,  0.0821 ,  0.3171 , -0.9076 ,  0.6081 ,  0.6469 ,
 -0.0769 ,  0.3277 , -0.1603 ,  0.2657 ,  2.3417 ,  0.9949 ,
 -0.0409 ,  0.1620 , -0.6353 , -0.2259 ,  3.0141 ,  0.9828 ,
 -0.1205 ,  0.0821 , -0.0014 , -0.1219 , -0.2044 ,  1.3010 ,
 -0.1216 , -0.0000 , -0.3185 , -0.7641 ,  0.4320 ,  1.3045 ,
  0.0404 ,  0.0810 , -0.1584 , -0.1184 ,  0.6688 ,  1.6278 ,
  0.0005 ,  0.1627 , -0.1589 ,  1.3087 ,  1.8348 ,  0.9775 ,
 -0.0001 ,  0.0405 , -0.1587 , -0.8315 ,  3.1028 ,  1.3027 ,
  0.0402 ,  0.1215 , -0.3171 ,  0.5999 ,  1.9048 ,  0.9793 ,
 -0.0807 ,  0.0408 , -0.1595 ,  1.4937 ,  1.7324 ,  0.6523 ,
 -0.1205 ,  0.0009 ,  0.1574 ,  0.7709 ,  0.4343 ,  0.6487 ,
 -0.1214 ,  0.0407 , -0.3186 , -0.8255 ,  0.4242 ,  0.9793 ,
 -0.0799 ,  0.0825 ,  0.1579 ,  0.6512 ,  0.4735 ,  1.5997 ,
 -0.0815 , -0.0410 , -0.3180 , -2.2528 ,  1.1250 ,  1.6297 ,
 -0.0395 ,  0.1633 , -0.0007 , -0.2455 ,  1.7727 ,  0.6505 ,
 -0.0396 ,  0.2037 , -0.1594 ,  0.4728 ,  3.0084 ,  1.6280 ,
  0.0409 ,  0.1221 ,  0.0002 , -0.1847 ,  0.6618 ,  1.9514 ,
  0.0809 ,  0.1216 , -0.1581 , -0.1802 ,  1.9685 ,  0.3270 ,
 -0.0003 , -0.0003 , -0.1586 ,  0.7797 ,  1.8661 ,  0.0018 ,
 -0.1204 ,  0.1633 , -0.1602 , -0.2399 ,  1.6461 ,  0.6523 ,
 -0.0002 ,  0.1621 , -0.4762 , -1.0061 ,  0.5887 ,  0.6558 ,
 -0.0394 ,  0.2445 , -0.1595 , -0.3635 ,  1.1340 ,  1.3027 ,
 -0.0402 ,  0.0814 , -0.1592 ,  0.6571 , -1.3240 ,  0.9775 ,
 -0.0808 ,  0.1625 , -0.4770 ,  1.3190 ,  1.0852 ,  1.3063 ,
 -0.0402 ,  0.0814 , -0.1592 , -0.8925 ,  1.7875 ,  1.9532 ,
 -0.1609 ,  0.1228 , -0.1605 , -0.9530 , -0.2759 ,  0.3270 ,
  0.0006 ,  0.1223 , -0.0002 ,  0.5904 ,  3.0877 ,  1.3010 ,
  0.0409 ,  0.1221 ,  0.0002 ,  0.5901 ,  2.5286 ,  1.3009 ,
 -0.0001 ,  0.1217 , -0.3175 , -0.1746 , -0.6472 ,  0.9793 ,
  0.0404 ,  0.0810 , -0.1584 , -1.6682 ,  2.5355 ,  0.0018 ,
 -0.0005 ,  0.0401 , -0.3174 , -0.0517 ,  1.2353 ,  0.9793 ,
 -0.1615 ,  0.0817 , -0.3190 , -0.8866 ,  0.9757 ,  1.3045 ,
  0.0813 ,  0.2031 , -0.1582 , -2.6278 ,  1.3305 ,  0.0018 ,
 -0.0812 ,  0.1622 , -0.6357 , -0.2256 ,  1.7068 ,  0.9828 ,
  0.0008 ,  0.0818 ,  0.1585 , -0.1278 , -0.0149 ,  0.9739 ,
  0.0013 ,  0.1229 ,  0.3170 , -0.9690 , -0.6443 ,  0.6469 ,
 -0.0801 ,  0.1631 , -0.1597 , -1.0152 , -0.1578 ,  0.6523 ,
  0.1617 ,  0.1620 , -0.1573 , -1.0173 ,  2.0864 ,  1.3027 ,
  0.0400 ,  0.0807 , -0.3170 , -0.8884 ,  1.2904 ,  0.6540 ,
  0.0404 ,  0.1623 , -0.3172 , -1.0113 ,  1.8969 ,  0.9793 ,
 -0.0003 ,  0.0809 , -0.3174 , -1.6630 ,  1.8497 ,  1.3045 ,
  0.0009 ,  0.2443 , -0.1591 ,  0.4110 ,  1.8191 ,  0.9775 ,
  0.0012 ,  0.2446 , -0.0005 ,  1.1808 ,  1.1976 ,  0.6505 ,
 -0.0406 , -0.0001 , -0.1590 , -1.5445 ,  1.1808 ,  1.3027 ,
 -0.0810 ,  0.0815 ,  0.1559 , -0.8988 ,  1.7167 ,  0.6572 ,
 -0.0802 ,  0.0819 , -0.0010 , -1.6720 ,  2.3475 ,  0.6505 ,
 -0.0402 ,  0.1626 , -0.3180 , -1.0106 ,  0.5266 ,  0.9793 ,
 -0.0003 ,  0.0809 , -0.3174 ,  0.6617 ,  1.2274 ,  0.9793 ,
  0.0814 ,  0.1627 ,  0.0005 ,  0.5283 ,  1.9614 ,  0.6504 ,
 -0.0003 ,  0.0809 , -0.3174 , -0.1131 ,  2.4719 ,  0.9793 ,
 -0.0411 ,  0.0400 , -0.4764 , -0.8214 ,  0.5493 , -0.3199 ,
  0.0406 ,  0.1218 , -0.1585 , -0.1798 ,  1.9056 ,  0.6522 ,
  0.0404 ,  0.1623 , -0.3172 , -0.2364 ,  1.2746 ,  0.6541 ,
 -0.0807 ,  0.1221 , -0.3183 , -0.1739 ,  1.0937 ,  0.9793 ,
 -0.0803 ,  0.1221 ,  0.1581 ,  1.3897 ,  1.6891 ,  0.6272 ,
 -0.0814 ,  0.1214 , -0.6356 , -0.1641 ,  1.7145 ,  0.6576 ,
  0.0405 ,  0.0419 ,  0.3173 ,  0.6949 ,  3.1693 ,  1.5973 ,
 -0.0811 ,  0.0405 , -0.3182 , -0.8259 ,  1.1094 ,  1.3045 ,
  0.0005 ,  0.1627 , -0.1589 , -1.7908 , -0.0320 ,  1.6278 ,
 -0.0393 ,  0.0824 ,  0.3164 , -0.1309 ,  0.5419 ,  0.9358 ,
 -0.0406 ,  0.0811 , -0.3178 , -1.6626 ,  1.1645 ,  1.3045 ,
 -0.0408 ,  0.0403 , -0.3178 , -0.0513 ,  1.7946 ,  0.3288 ,
 -0.0404 ,  0.1228 ,  0.1576 ,  0.5793 ,  1.7736 ,  1.2816 ,
 -0.0402 ,  0.0814 , -0.1592 ,  2.2067 ,  0.5430 ,  1.3027 ,
  0.0397 ,  0.0804 , -0.4757 , -0.1086 ,  0.0450 ,  0.6558 ,
 -0.0399 ,  0.0817 , -0.0006 , -0.1226 ,  2.4105 ,  0.6505 ,
 -0.0398 ,  0.1629 , -0.1593 , -1.0155 ,  1.7719 ,  1.6278 ,
 -0.1204 ,  0.1633 , -0.1602 , -0.2399 ,  1.0237 ,  0.9775 ,
 -0.1212 ,  0.0815 , -0.3186 , -0.1121 ,  0.4164 ,  0.9793 ,
  0.0010 ,  0.1226 ,  0.1584 ,  0.5856 ,  1.2218 ,  1.2992 ,
  0.0805 ,  0.1213 , -0.3167 , -0.1753 ,  0.7232 ,  0.6540 ,
  0.0404 ,  0.1623 , -0.3172 ,  0.5384 , -1.2145 ,  0.6541 ,
  0.0401 ,  0.1627 ,  0.1575 , -0.2481 ,  1.8974 ,  0.6526 ,
 -0.0402 ,  0.1626 , -0.3180 , -0.2357 ,  3.0156 ,  0.3288 ,
  0.0802 , -0.0007 , -0.1578 ,  0.0042 ,  1.9919 ,  0.9775 ,
  0.0403 , -0.0002 ,  0.0004 , -0.0003 ,  3.1743 ,  2.2766 ,
  0.0811 ,  0.1624 , -0.1581 , -0.2416 ,  0.7161 ,  0.9775 ,
  0.1206 ,  0.0803 , -0.3162 ,  0.6606 ,  1.4162 ,  1.3045 ,
 -0.0398 ,  0.1629 , -0.1593 ,  0.5342 ,  0.5274 ,  0.3270 ,
 -0.0409 ,  0.0808 , -0.4765 ,  1.4417 ,  0.5415 ,  0.9811 ,
 -0.0406 , -0.0001 , -0.1590 , -0.7697 ,  0.5586 ,  0.3270 ,
  0.0007 ,  0.2035 , -0.1590 ,  0.4724 ,  1.2047 ,  1.9532 ,
 -0.0412 ,  0.1617 , -0.7939 ,  0.5538 ,  0.5244 ,  0.0089 ,
 -0.0003 ,  0.0809 , -0.3174 , -0.1131 ,  1.8497 ,  0.9793 ,
 -0.1608 ,  0.0823 , -0.0018 ,  2.2028 , -0.2673 , -0.3252 ,
  0.0000 ,  0.0000 ,  0.0000 ,  0.0000 ,  3.1115 ,  1.6262 ,
 -0.1618 ,  0.0814 , -0.4777 , -0.8817 , -0.2696 ,  1.3063 ,
 -0.0004 ,  0.1214 , -0.4761 , -0.9446 ,  0.5966 ,  1.3063 ,
 -0.0806 ,  0.0004 , -0.0008 ,  0.0007 ,  2.3631 ,  0.9757 ,
 -0.0796 ,  0.2042 , -0.0012 , -1.8564 , -0.1649 ,  0.9757 ,
  0.0410 ,  0.2033 , -0.1586 , -0.3028 ,  1.8898 ,  0.9775 ,
 -0.0001 ,  0.0405 , -0.1587 , -0.8315 ,  1.8582 ,  0.6522 ,
  0.0814 ,  0.1627 ,  0.0005 , -1.0214 ,  0.7169 ,  2.2766 ,
 -0.0388 ,  0.1234 ,  0.4748 , -0.9698 ,  0.5353 ,  1.2481 ,
 -0.0809 ,  0.0813 , -0.3182 ,  0.6624 ,  0.4793 ,  0.6541 ,
 -0.1210 ,  0.0410 , -0.1599 , -0.0555 ,  0.4250 ,  0.9775 ,
  0.0400 ,  0.0807 , -0.3170 , -0.8884 ,  2.5349 ,  1.6297 ,
 -0.0004 ,  0.1214 , -0.4761 ,  0.6051 , -1.2704 ,  1.3063 ,
 -0.0812 ,  0.0810 , -0.4769 ,  0.6673 ,  0.4786 ,  2.2820 ,
 -0.0397 ,  0.1225 , -0.0006 , -0.9589 , -0.0864 ,  0.3252 ,
 -0.0813 , -0.0002 , -0.3181 ,  0.7853 ,  1.7395 ,  0.6541 ,
 -0.0398 ,  0.1629 , -0.1593 , -0.2406 ,  2.3942 ,  1.3027 ,
 -0.0808 ,  0.1625 , -0.4770 , -1.0054 ,  0.4630 ,  0.6558 ,
 -0.0805 ,  0.1628 , -0.3184 , -0.2354 ,  0.4637 ,  0.3288 ,
  0.0404 ,  0.1623 , -0.3172 , -2.5611 ,  1.8969 ,  2.2801 ,
 -0.2010 ,  0.1637 , -0.1610 , -0.2392 ,  0.8980 ,  0.6523 ,
 -0.0414 ,  0.1209 , -0.7938 , -0.9345 ,  1.7767 ,  0.3342 ,
 -0.0406 ,  0.0811 , -0.3178 ,  1.4368 ,  1.7869 ,  1.3045 ,
 -0.0409 , -0.0409 , -0.1590 ,  0.0667 ,  1.8109 ,  1.6278 ,
  0.0003 ,  0.1220 , -0.1589 , -0.1795 ,  1.8427 ,  0.6522 ,
 -0.0001 ,  0.0405 , -0.1587 , -0.0566 ,  0.6137 ,  0.6522 ,
 -0.0409 ,  0.0808 , -0.4765 , -0.8828 ,  1.1637 ,  0.9811 ,
 -0.1213 ,  0.0821 ,  0.1548 , -1.6857 ,  1.0246 ,  0.6675 ,
 -0.0408 ,  0.0403 , -0.3178 , -0.8262 ,  1.7946 ,  1.6297 ,
 -0.1215 ,  0.1222 ,  0.1551 , -0.9624 ,  1.0206 ,  0.9805 ,
 -0.0805 ,  0.1628 , -0.3184 , -0.2354 , -0.1586 ,  0.6541 ,
  0.1207 ,  0.1616 , -0.4750 , -1.0071 ,  0.1553 ,  1.3063 ,
  0.0807 ,  0.0808 , -0.1580 ,  0.6561 ,  0.7317 ,  1.6278 ,
 -0.0401 ,  0.0410 , -0.0005 ,  1.4885 ,  1.7961 ,  0.9757 ,
 -0.1213 ,  0.1219 , -0.4774 ,  0.6061 ,  0.4079 ,  1.3063 ,
  0.0003 ,  0.1220 , -0.1589 , -0.9544 ,  1.2203 ,  0.3270 ,
  0.0398 ,  0.0400 , -0.3170 , -0.0520 ,  1.9204 ,  0.6540 ,
  0.0395 ,  0.1209 , -0.6344 , -0.9400 ,  1.2810 ,  0.3323 ,
 -0.0001 ,  0.0405 , -0.1587 , -2.3814 ,  0.6137 ,  0.3270 ,
  0.2421 ,  0.1208 , -0.1564 , -0.9564 ,  1.5978 ,  0.3270 ,
 -0.1206 ,  0.1226 , -0.1601 , -0.9533 , -0.2129 ,  1.3027 ,
 -0.0403 ,  0.0002 , -0.0004 ,  0.7751 ,  3.0483 ,  0.6505 ,
  0.0008 ,  0.1631 , -0.0003 ,  0.5290 ,  1.2132 ,  0.0000 ,
  0.1206 ,  0.0803 , -0.3162 ,  0.6606 ,  0.1716 ,  0.6540 ,
 -0.0802 ,  0.0819 , -0.0010 , -0.1222 ,  0.4808 ,  0.6505 ,
  0.0402 ,  0.0816 ,  0.1581 , -0.1257 ,  1.9173 ,  0.9779 ,
 -0.0005 ,  0.0401 , -0.3174 , -0.0517 ,  0.6129 ,  0.6541 ,
 -0.0803 ,  0.1224 , -0.1597 , -0.1788 ,  2.3390 ,  0.6523 ,
 -0.0414 ,  0.1209 , -0.7938 ,  0.6152 ,  1.1545 ,  0.9846 ,
 -0.0805 ,  0.0816 , -0.1596 ,  1.4322 ,  1.1023 ,  0.0018 ,
 -0.0404 ,  0.1219 , -0.3179 , -0.9491 ,  1.7790 ,  0.6541 ,
 -0.0393 ,  0.1229 ,  0.1580 ,  0.5922 , -0.0877 ,  0.3272 ,
  0.0008 ,  0.1631 , -0.0003 , -1.7956 ,  1.8356 ,  1.3010 ,
 -0.0397 ,  0.1225 , -0.0006 , -0.1840 ,  2.4026 ,  1.6262 ,
  0.0007 ,  0.2035 , -0.1590 ,  2.0221 ,  1.8270 ,  0.6522 ,
 -0.0803 ,  0.1224 , -0.1597 ,  0.5960 ,  0.4723 ,  0.6523 ,
 -0.0814 ,  0.1214 , -0.6356 , -0.9390 ,  1.0922 ,  0.9828 ,
 -0.0801 ,  0.1631 , -0.1597 , -2.5650 ,  1.7090 ,  1.3027 ,
 -0.1205 ,  0.0821 , -0.0014 , -0.1219 , -0.8268 ,  1.3010 ,
 -0.0401 ,  0.0410 , -0.0005 , -0.8360 ,  2.4182 ,  1.3010 ,
  0.0406 ,  0.2030 , -0.3173 , -0.2979 ,  1.2669 ,  0.6541 ,
 -0.0399 ,  0.0821 ,  0.1577 , -0.1267 ,  0.5423 , -0.0013 ,
 -0.0812 ,  0.0810 , -0.4769 , -1.6574 , -0.1437 ,  0.0054 ,
 -0.0005 ,  0.0401 , -0.3174 , -3.9261 , -0.0093 ,  0.6541 ,
 -0.0403 ,  0.0817 ,  0.1559 , -1.6863 ,  2.3910 ,  0.9917 ,
 -0.0402 ,  0.0814 , -0.1592 ,  0.6571 ,  1.1652 ,  1.9532 ,
 -0.0392 ,  0.2853 , -0.1596 ,  0.3499 ,  0.5039 ,  0.0018 ,
  0.0003 ,  0.1220 , -0.1589 , -0.9544 ,  0.5981 ,  0.9775 ,
  0.0405 ,  0.0406 ,  0.0003 , -0.0618 ,  0.6774 ,  1.6261 ,
 -0.0404 ,  0.0819 ,  0.1573 , -0.1246 ,  1.7911 ,  0.9779 ,
 -0.0811 ,  0.0405 , -0.3182 , -0.0510 ,  0.4871 ,  0.6541 ,
 -0.0402 ,  0.0814 , -0.1592 , -1.6675 ,  1.1652 ,  1.3027 ,
  0.0399 ,  0.1212 , -0.4757 ,  0.6048 ,  0.6595 ,  0.9811 ,
 -0.0411 ,  0.1213 , -0.6352 , -0.1645 , -0.7117 ,  0.3324 ,
  0.0404 ,  0.1623 , -0.3172 , -0.2364 ,  1.2746 ,  0.6541 ,
 -0.0397 ,  0.1229 ,  0.1580 ,  0.5868 ,  0.5264 ,  0.0024 ,
 -0.0404 ,  0.1219 , -0.3179 , -0.1742 ,  0.5344 ,  1.3045 ,
  0.0405 ,  0.0406 ,  0.0003 , -0.8367 ,  0.0551 ,  0.6504 ,
  0.0805 ,  0.0401 , -0.1579 , -0.0573 ,  0.7395 ,  0.9775 ,
 -0.1609 ,  0.1228 , -0.1605 ,  0.5967 ,  0.3464 ,  0.6523 ,
 -0.0404 ,  0.1219 , -0.3179 ,  0.6005 ,  1.7790 ,  0.6541 ,
 -0.1210 ,  0.1223 , -0.3187 ,  0.6013 ,  1.0309 ,  0.3288 ,
 -0.0003 ,  0.0809 , -0.3174 ,  0.6617 ,  1.8497 ,  0.3288 ,
  0.0406 ,  0.2030 , -0.3173 , -0.2979 ,  3.1335 ,  0.9793 ,
 -0.0400 ,  0.1222 , -0.1593 , -0.9540 ,  1.1574 ,  0.9775 ,
  0.0402 ,  0.0403 , -0.1583 , -1.6066 ,  2.5433 ,  0.9775 ,
 -0.1217 ,  0.1216 , -0.6360 ,  0.6110 , -0.8375 ,  0.6576 ,
  0.0001 ,  0.0812 , -0.1588 ,  0.6568 , -0.0164 ,  0.9775 ,
  0.0006 ,  0.1223 , -0.0002 , -0.9592 ,  0.5988 ,  0.3252 ,
  0.0795 ,  0.1204 , -0.7926 , -0.1606 ,  1.9655 ,  0.6594 ,
 -0.0807 ,  0.0817 ,  0.1558 , -1.6921 ,  0.4687 ,  0.3266 ,
  0.1610 ,  0.0397 , -0.1571 , -0.8329 ,  1.4876 ,  1.6278 ,
 -0.1208 ,  0.0818 , -0.1600 , -0.8918 , -2.0722 ,  0.9775 ,
 -0.0004 ,  0.1214 , -0.4761 , -1.7195 ,  1.8411 ,  0.9811 ,
 -0.0404 ,  0.0406 , -0.1591 , -0.0562 ,  1.7953 ,  0.6522 ,
  0.0402 ,  0.0403 , -0.1583 , -0.8318 ,  0.0544 ,  0.6522 ,
  0.0802 ,  0.1210 , -0.4753 , -0.9453 ,  1.3446 ,  1.6314 ,
  0.0812 ,  0.1219 ,  0.0006 ,  0.5897 ,  0.1024 ,  0.6504 ,
 -0.0803 ,  0.1224 , -0.1597 , -0.1788 ,  1.7168 ,  1.6280 ,
  0.1610 ,  0.1614 , -0.4746 , -1.0075 ,  0.8405 ,  0.3306 ,
 -0.0407 ,  0.1216 , -0.4765 , -0.9442 ,  1.7782 ,  0.9811 ,
 -0.0402 ,  0.1626 , -0.3180 , -1.7855 ,  0.5266 , -0.3217 ,
 -0.0816 ,  0.0807 , -0.6355 , -0.8775 , -0.7668 ,  0.3324 ,
 -0.1208 ,  0.0818 , -0.1600 , -0.1170 ,  0.4172 ,  0.9775 ,
  0.0812 ,  0.0811 ,  0.1580 , -1.6915 ,  0.7296 ,  0.9769 ,
  0.0003 ,  0.1220 , -0.1589 , -0.1795 , -0.6465 ,  0.6522 ,
  0.0015 ,  0.1637 ,  0.3170 , -0.2556 ,  0.5925 ,  0.9722 ,
  0.0805 ,  0.0401 , -0.1579 , -1.6070 ,  0.7395 ,  0.9775 ,
 -0.0804 ,  0.0412 , -0.0009 , -1.6105 ,  0.4886 ,  0.6505 ,
 -0.1612 ,  0.0008 , -0.0016 ,  0.7762 , -0.2517 ,  0.6505 ,
 -0.0010 ,  0.0803 , -0.6347 , -0.8782 ,  1.8482 ,  0.9828 ,
  0.0008 ,  0.1631 , -0.0003 , -1.0208 , -0.6536 ,  1.6262 ,
  0.0813 ,  0.2031 , -0.1582 , -1.0780 ,  1.3305 ,  0.6522 ,
  0.0008 ,  0.0818 ,  0.1585 , -0.1278 , -0.0149 ,  1.6244 ,
  0.0398 ,  0.0400 , -0.3170 ,  0.7228 ,  1.2981 ,  0.9793 ,
 -0.0809 ,  0.0813 , -0.3182 , -0.1124 , -0.1430 ,  0.9793 ,
  0.0003 ,  0.1220 , -0.1589 , -0.1795 ,  1.8427 ,  1.6278 ,
 -0.0802 ,  0.0819 , -0.0010 , -0.1222 ,  1.7254 ,  0.3253 ,
 -0.0803 ,  0.1224 , -0.1597 ,  0.5960 ,  2.3390 ,  0.6523 ,
 -0.0808 ,  0.1625 , -0.4770 , -0.2305 ,  0.4630 ,  1.6314 ,
 -0.1206 ,  0.1226 , -0.1601 ,  0.5964 ,  1.6538 ,  0.9775 ,
 -0.0396 ,  0.2037 , -0.1594 , -1.0770 ,  2.3862 ,  0.9775 ,
 -0.0804 ,  0.0412 , -0.0009 ,  0.7141 ,  0.4886 ,  0.3252 ,
  0.0807 ,  0.1621 , -0.3168 , -1.7865 ,  1.3376 ,  0.9793 ,
 -0.1194 ,  0.1239 ,  0.4744 , -0.1977 ,  0.4090 ,  0.6065 ,
 -0.0395 ,  0.1633 , -0.0007 ,  1.3041 ,  1.1503 ,  0.9757 ,
 -0.0412 , -0.0412 , -0.3176 , -0.7033 ,  1.1879 ,  0.6541 ,
 -0.0413 ,  0.0805 , -0.6351 , -2.4278 ,  0.5407 ,  0.6576 ,
  0.0001 ,  0.0812 , -0.1588 , -0.1180 ,  0.6059 ,  0.3270 ,
 -0.1620 ,  0.0406 , -0.4776 , -0.0454 ,  1.6050 ,  0.0054 ,
 -0.0405 ,  0.1623 , -0.4766 ,  1.3188 ,  1.1481 ,  0.6558 ,
 -0.0005 ,  0.0401 , -0.3174 ,  1.4980 ,  1.2353 ,  1.3045 ,
 -0.0409 ,  0.0808 , -0.4765 , -0.8828 ,  1.1637 ,  1.3063 ,
 -0.0805 ,  0.0816 , -0.1596 , -0.8922 ,  1.1023 ,  0.9775 ,
 -0.0807 ,  0.1221 , -0.3183 , -1.7236 ,  1.7161 ,  1.6297 ,
 -0.0404 ,  0.1219 , -0.3179 , -1.7241 ,  1.7790 ,  1.3045 ,
 -0.0804 ,  0.0412 , -0.0009 , -1.6105 ,  1.1108 ,  0.3252 ,
 -0.0403 ,  0.0002 , -0.0004 ,  0.7751 ,  0.5593 ,  0.3252 ,
 -0.0397 ,  0.1225 , -0.0006 , -0.1840 ,  1.1581 ,  0.9757 ,
 -0.0809 ,  0.0813 , -0.3182 , -1.6622 ,  0.4793 ,  0.9793 ,
 -0.0404 ,  0.0406 , -0.1591 , -0.8311 , -0.6938 ,  0.3270 ,
 -0.0005 ,  0.0401 , -0.3174 ,  1.4980 ,  1.2353 ,  1.3045 ,
 -0.0400 ,  0.1222 , -0.1593 , -0.9540 ,  2.4019 ,  0.9775 ,
  0.0008 ,  0.1631 , -0.0003 ,  0.5290 ,  0.5910 ,  0.3252 ,
  0.0406 ,  0.0001 ,  0.1590 ,  1.5444 ,  0.0637 ,  1.2992 ,
 -0.1617 ,  0.2040 ,  0.1550 , -0.3063 ,  1.5707 ,  0.6510 ,
 -0.0810 ,  0.1218 , -0.4770 , -0.9439 ,  0.4708 ,  0.6558 ,
 -0.0807 ,  0.1221 , -0.3183 , -0.9488 , -0.1508 ,  1.9549 ,
  0.1209 ,  0.0406 ,  0.1592 , -0.0650 ,  1.4277 ,  0.9697 ,
  0.0402 ,  0.1215 , -0.3171 , -0.1749 ,  0.6602 ,  0.9793 ,
  0.0803 ,  0.0805 , -0.3166 , -0.1138 ,  0.7310 ,  1.3045 ,
 -0.0405 ,  0.1623 , -0.4766 ,  1.3188 ,  1.1481 ,  1.6314 ,
 -0.0413 ,  0.0805 , -0.6351 , -1.6528 ,  1.1629 ,  1.9585 ,
 -0.0001 ,  0.0405 , -0.1587 , -0.8315 ,  1.8582 ,  0.6522 ,
  0.0812 ,  0.1219 ,  0.0006 ,  0.5897 ,  0.7247 ,  0.3252 ,
 -0.1208 ,  0.0818 , -0.1600 ,  2.2074 ,  1.6617 ,  0.6523 ,
  0.0800 ,  0.0802 , -0.4752 , -2.4336 ,  0.7302 ,  0.9811 ,
  0.0395 ,  0.0396 , -0.4756 , -0.8220 ,  1.2973 ,  0.6558 ,
 -0.0404 ,  0.1226 ,  0.3145 , -0.9484 ,  2.4057 ,  0.6548 ,
 -0.0812 ,  0.0810 , -0.4769 ,  0.6673 ,  2.9675 ,  0.9811 ,
 -0.0809 ,  0.0001 , -0.1594 ,  0.7804 ,  0.4957 ,  0.3270 ,
 -0.0409 ,  0.0808 , -0.4765 , -0.1079 ,  1.1637 ,  0.6558 ,
 -0.1615 ,  0.0817 , -0.3190 , -0.1118 ,  2.2202 ,  0.3288 ,
 -0.0805 ,  0.0816 , -0.1596 , -0.1173 ,  1.7246 ,  0.6523 ,
 -0.0810 ,  0.0815 ,  0.1559 , -0.8988 ,  2.3379 ,  0.6572 ,
 -0.1213 ,  0.1219 , -0.4774 , -2.4935 ,  1.0300 ,  0.6558 ,
  0.0807 ,  0.0808 , -0.1580 , -0.8936 ,  1.3540 ,  0.3270 ,
  0.0001 ,  0.1624 , -0.3176 , -0.2361 , -0.6551 ,  0.3288 ,
 -0.0007 , -0.0006 , -0.3173 ,  1.5594 ,  1.8653 ,  0.6541 ,
 -0.0796 ,  0.2042 , -0.0012 , -0.3066 ,  0.4574 ,  0.3253 ,
 -0.1613 ,  0.1225 , -0.3191 ,  0.6016 ,  0.3457 ,  0.3288 ,
 -0.1214 ,  0.1227 ,  0.1545 , -1.7466 ,  2.2512 ,  1.3141 ,
 -0.0406 ,  0.0811 , -0.3178 , -1.6626 ,  2.4091 ,  0.9793 ,
 -0.0406 ,  0.1220 ,  0.1561 , -0.9617 ,  1.7695 ,  0.3350 ,
  0.0803 ,  0.0805 , -0.3166 , -0.8887 ,  1.9755 ,  0.9793 ,
  0.1202 , -0.0012 , -0.3161 , -0.7661 ,  1.4318 ,  0.3288 ,
 -0.0402 ,  0.0814 , -0.1592 ,  0.6571 ,  1.1652 ,  0.9775 ,
  0.0000 ,  0.0000 ,  0.0000 ,  0.0000 ,  1.8670 ,  0.3252 ,
  0.0404 ,  0.1623 , -0.3172 , -1.0113 ,  0.6524 ,  0.0036 ,
 -0.0413 , -0.0007 , -0.4763 ,  0.7898 ,  0.5571 ,  0.9811 ,
 -0.0811 ,  0.0405 , -0.3182 ,  0.7238 ,  2.3538 ,  1.3045 ,
 -0.0399 ,  0.0817 , -0.0006 , -0.1226 ,  0.5437 ,  0.9757 ,
 -0.0407 ,  0.1216 , -0.4765 ,  0.6055 ,  1.7782 ,  0.9811 ,
 -0.0809 ,  0.0001 , -0.1594 , -0.7693 , -0.1266 ,  0.9775 ,
 -0.0796 ,  0.2042 , -0.0012 , -1.0815 ,  1.7019 ,  0.9757 ,
  0.0803 ,  0.0805 , -0.3166 , -0.1138 ,  0.1087 ,  0.9793 ,
 -0.0803 ,  0.1224 , -0.1597 , -0.1788 , -0.1500 ,  0.9775 ,
 -0.1219 ,  0.0809 , -0.6359 , -0.8772 ,  1.0372 ,  0.3324 ,
  0.0399 ,  0.1212 , -0.4757 , -0.9449 ,  0.6595 ,  0.9811 ,
 -0.0815 , -0.0410 , -0.3180 , -0.7029 ,  1.1250 ,  0.6541 ,
 -0.0010 ,  0.0803 , -0.6347 , -0.8782 ,  2.4705 ,  0.6576 ,
 -0.0001 ,  0.0405 , -0.1587 , -0.8315 ,  1.2359 ,  0.3270 ,
  0.0805 ,  0.1213 , -0.3167 , -0.1753 ,  1.9678 ,  0.6540 ,
  0.0002 ,  0.0408 , -0.0001 , -0.8363 ,  1.8590 ,  0.3252 ,
 -0.0001 ,  0.1217 , -0.3175 , -0.1746 ,  1.8420 ,  0.6541 ,
 -0.0402 ,  0.0814 , -0.1592 , -0.1177 ,  1.1652 ,  0.9775 ,
  0.0011 ,  0.0821 ,  0.3171 , -0.1327 , -0.0141 ,  0.6469 ,
 -0.0411 , -0.0817 , -0.1589 ,  0.1282 ,  1.8187 ,  0.3270 ,
  0.1205 ,  0.1208 , -0.4749 ,  0.6040 ,  2.0299 ,  1.3063 ,
 -0.0000 ,  0.2029 , -0.4763 , -1.8424 , -0.6636 ,  0.3306 ,
 -0.0007 , -0.0006 , -0.3173 ,  0.7846 , -0.6238 ,  0.3288 ,
 -0.1205 ,  0.1226 ,  0.1564 , -0.9711 , -0.2129 ,  1.0251 ,
  0.0001 ,  0.0812 , -0.1588 , -1.6679 ,  0.6059 ,  0.9775 ,
  0.0398 ,  0.0400 , -0.3170 , -0.8269 ,  1.9204 ,  0.6540 ,
 -0.1219 ,  0.0809 , -0.6359 , -0.8772 ,  1.0372 ,  0.6576 ,
 -0.0001 ,  0.1217 , -0.3175 , -0.1746 ,  1.2197 ,  0.9793 ,
 -0.0805 ,  0.0816 , -0.1596 , -0.8922 ,  1.7246 ,  1.3027 ,
  0.0402 ,  0.0403 , -0.1583 , -0.0569 ,  1.2989 ,  1.3027 ,
  0.1212 ,  0.1214 , -0.1577 , -0.1805 ,  0.1646 ,  0.3270 ,
  0.0409 ,  0.1627 ,  0.1572 , -1.8162 ,  0.6456 ,  0.6531 ,
  0.0803 ,  0.0805 , -0.3166 , -0.1138 ,  0.1087 ,  0.9793 ,
  0.0395 , -0.0820 , -0.1581 ,  2.4520 ,  1.3222 ,  1.3027 ,
 -0.0413 , -0.0007 , -0.4763 , -2.3097 ,  3.0460 ,  0.3306 ,
  0.0001 ,  0.0812 , -0.1588 ,  0.6568 ,  1.2282 ,  0.9775 ,
  0.0014 ,  0.2041 ,  0.1583 , -0.3122 ,  2.4506 ,  0.9739 ,
  0.0006 ,  0.1223 , -0.0002 , -0.1844 ,  0.5988 ,  0.6505 ,
  0.0807 ,  0.1621 , -0.3168 , -1.0116 ,  1.9599 ,  0.6540 ,
  0.0808 ,  0.0404 ,  0.0007 ,  0.7127 ,  1.3625 , -0.0000 ,
 -0.0006 , -0.0411 , -0.1586 ,  0.8412 ,  1.2515 ,  0.6522 ,
 -0.0800 ,  0.0824 ,  0.3153 , -0.8981 ,  1.1028 ,  0.9617 ,
 -0.0002 ,  0.1621 , -0.4762 , -1.0061 ,  3.0778 ,  0.9811 ,
  0.0404 ,  0.1623 , -0.3172 , -3.3359 ,  1.8969 ,  0.3288 ,
  0.0005 ,  0.1627 , -0.1589 , -1.0159 ,  1.2125 ,  0.3270 ,
 -0.1216 , -0.0000 , -0.3185 , -0.7641 ,  1.6766 ,  0.9793 ,
 -0.2010 ,  0.1637 , -0.1610 , -0.2392 ,  0.8980 ,  1.3027 ,
  0.0397 , -0.0413 , -0.1582 ,  1.6156 ,  0.6922 ,  0.9775 ,
 -0.0412 ,  0.1617 , -0.7939 ,  0.5538 ,  0.5244 ,  0.6594 ,
 -0.0806 ,  0.0004 , -0.0008 , -1.5490 ,  2.3631 ,  0.9757 ,
 -0.0001 ,  0.1217 , -0.3175 , -0.1746 ,  1.2197 ,  1.3045 ,
  0.0805 ,  0.0401 , -0.1579 ,  0.7176 ,  0.1173 ,  0.0018 ,
  0.0001 ,  0.1624 , -0.3176 , -1.7859 ,  1.2118 ,  0.3288 ,
 -0.0003 ,  0.0809 , -0.3174 , -0.1131 , -0.0171 ,  0.6541 ,
 -0.0808 ,  0.1625 , -0.4770 , -0.2305 ,  1.7075 ,  0.6558 ,
  0.0000 ,  0.0000 ,  0.0000 ,  0.0000 ,  0.6223 ,  0.6505 ,
  0.0407 ,  0.0813 ,  0.0003 , -3.2229 ,  1.2918 ,  0.6504 ,
  0.0406 ,  0.1218 , -0.1585 , -0.1798 ,  1.9056 ,  0.9775 ,
 -0.1205 ,  0.0821 , -0.0014 ,  1.4276 ,  1.0400 ,  0.9757 ,
  0.0805 ,  0.0401 , -0.1579 , -1.6070 ,  1.3617 ,  1.3027 ,
  0.0810 ,  0.0811 ,  0.0007 , -0.1236 ,  0.7325 ,  0.3252 ,
  0.0400 ,  0.0807 , -0.3170 ,  0.6613 ,  1.2904 ,  0.9793 ,
 -0.0411 , -0.0817 , -0.1589 , -0.6467 ,  1.1965 ,  0.0018 ,
 -0.0823 , -0.0012 , -0.7940 , -3.0743 ,  2.9817 ,  1.3099 ,
 -0.0805 ,  0.0816 , -0.1596 , -3.2169 ,  0.4801 ,  0.3270 ,
 -0.0804 ,  0.0420 ,  0.1579 ,  0.7060 ,  2.3502 ,  0.6371 ,
  0.0008 ,  0.0818 ,  0.1585 , -0.1278 , -0.0149 ,  0.9739 ,
  0.0398 ,  0.0400 , -0.3170 , -0.0520 ,  0.0536 ,  1.3045 ,
 -0.0393 ,  0.0824 ,  0.3164 , -0.1309 ,  0.5419 ,  0.9358 ,
 -0.0804 ,  0.0412 , -0.0009 ,  0.7141 ,  2.3553 ,  0.6505 ,
 -0.1604 ,  0.1638 , -0.0019 ,  0.5303 ,  2.8283 ,  0.6505 ,
  0.0002 ,  0.0408 , -0.0001 , -0.8363 ,  0.6144 ,  1.3010 ,
 -0.0010 , -0.0009 , -0.4759 ,  0.7895 ,  1.2422 ,  0.6558 ,
  0.0402 ,  0.0816 ,  0.1581 , -0.1257 ,  1.2930 ,  0.3260 ,
 -0.0398 ,  0.1629 , -0.1593 , -2.5653 ,  1.7719 ,  0.6522 ,
  0.0399 , -0.0005 , -0.1582 ,  0.7793 ,  0.6844 ,  0.9775 ,
  0.0411 ,  0.1629 ,  0.0001 , -0.2462 ,  2.5207 ,  0.9757 ,
 -0.1617 ,  0.0409 , -0.3190 , -0.0503 ,  0.3613 ,  0.0036 ,
  0.1210 ,  0.1619 , -0.3164 , -0.2371 , -0.4663 ,  0.9793 ,
  0.0004 ,  0.0815 , -0.0002 ,  0.6519 ,  2.4733 , -0.3252 ,
  0.0411 ,  0.0817 ,  0.1589 , -0.1284 ,  0.0493 , -0.0014 ,
 -0.0006 ,  0.0806 , -0.4761 , -0.1082 , -0.6402 ,  0.0053 ,
  0.0395 ,  0.0396 , -0.4756 ,  0.7277 ,  0.0529 ,  0.3306 ,
  0.0395 ,  0.1209 , -0.6344 , -0.1652 ,  1.2810 ,  1.6332 ,
 -0.0403 ,  0.0822 ,  0.1579 ,  0.6421 ,  1.7823 ,  0.9596 ,
  0.0800 ,  0.0802 , -0.4752 ,  0.6659 , -0.5144 ,  0.9811 ,
 -0.0407 ,  0.1216 , -0.4765 , -1.7191 ,  1.1558 ,  0.9811 ,
 -0.0006 ,  0.1618 , -0.6349 ,  0.5485 ,  3.0770 ,  0.9828 ,
 -0.0004 ,  0.1214 , -0.4761 , -0.1697 ,  2.4633 ,  0.6558 ,
 -0.0793 ,  0.2450 , -0.0013 , -1.9177 ,  1.0718 ,  0.9757 ,
  0.0005 ,  0.1627 , -0.1589 ,  1.3087 ,  1.8348 ,  0.9775 ,
  0.0001 ,  0.0812 , -0.1588 , -0.1180 ,  1.2282 ,  1.6278 ,
 -0.0810 ,  0.1218 , -0.4770 ,  0.6058 , -0.1515 ,  0.3306 ,
  0.0393 ,  0.0801 , -0.6343 , -0.8786 ,  0.6665 ,  0.6576 ,
  0.0392 , -0.0011 , -0.4755 ,  0.0143 ,  0.6829 ,  0.9811 ,
 -0.0803 ,  0.1224 , -0.1597 , -0.9537 ,  1.7168 ,  1.3027 ,
 -0.1212 ,  0.0815 , -0.3186 , -0.1121 ,  1.6610 ,  0.9793 ,
  0.0812 ,  0.0413 ,  0.3175 , -0.0703 ,  1.3642 ,  1.5960 ,
 -0.0409 ,  0.0808 , -0.4765 , -0.1079 ,  0.5415 ,  0.9811 ,
  0.0403 ,  0.2027 , -0.4759 , -0.2930 ,  1.2661 ,  0.6558 ,
  0.0003 ,  0.1220 , -0.1589 ,  0.5953 ,  2.4648 ,  0.9775 ,
 -0.0402 ,  0.0814 , -0.1592 , -0.8925 ,  1.7875 ,  0.0018 ,
 -0.0410 , -0.0004 , -0.3177 , -1.5396 ,  1.1801 ,  0.6541 ,
  0.0011 ,  0.2850 , -0.1592 , -1.2003 ,  2.4336 ,  1.3027 ,
 -0.1217 ,  0.0404 , -0.4772 , -0.8206 ,  1.0456 ,  1.3063 ,
  0.1215 ,  0.1217 ,  0.0010 , -0.1854 ,  3.2766 ,  1.3009 ,
 -0.0001 ,  0.0405 , -0.1587 , -0.8315 ,  2.4805 ,  0.6522 ,
  0.1211 ,  0.0402 ,  0.0011 , -0.8374 ,  0.8032 ,  0.3252 ,
 -0.0399 ,  0.0817 , -0.0006 , -1.6723 ,  1.7882 ,  0.9757 ,
  0.0805 ,  0.1213 , -0.3167 , -0.9502 ,  0.7232 ,  0.6540 ,
 -0.1208 ,  0.0818 , -0.1600 , -0.8918 ,  1.0394 ,  0.3270 ,
 -0.1606 ,  0.1231 , -0.0018 , -0.1830 ,  0.3472 ,  0.9757 ,
 -0.0803 ,  0.1224 , -0.1597 , -1.7285 , -0.1500 ,  0.3270 ,
 -0.0400 ,  0.1222 , -0.1593 , -1.7289 ,  1.7796 ,  0.9775 ,
 -0.1212 ,  0.0815 , -0.3186 , -0.8870 ,  0.4164 ,  0.3288 ,
 -0.0805 ,  0.0816 , -0.1596 , -1.6671 ,  0.4801 ,  0.6523 ,
  0.0412 ,  0.0819 ,  0.3158 , -1.6836 ,  1.2871 ,  0.6384 ,
  0.0805 ,  0.1213 , -0.3167 , -1.7250 ,  3.8345 ,  1.3045 ,
  0.0008 ,  0.1631 , -0.0003 ,  0.5290 , -0.0312 ,  0.9757 ,
 -0.0805 ,  0.0816 , -0.1596 , -1.6671 , -0.1422 ,  0.6523 ,
 -0.0816 , -0.0005 , -0.4767 ,  0.0154 ,  0.4942 ,  0.6558 ,
  0.0401 ,  0.1619 , -0.4758 , -1.7813 ,  1.8962 ,  0.6558 ,
  0.0001 ,  0.1624 , -0.3176 , -1.0110 ,  2.4563 ,  0.3288 ,
  0.0402 ,  0.1215 , -0.3171 , -2.4997 ,  1.2825 ,  0.9793 ,
  0.0393 ,  0.0801 , -0.6343 ,  1.4459 ,  0.6665 ,  0.3323 ,
 -0.0005 ,  0.0401 , -0.3174 , -0.0517 , -0.0093 ,  0.6541 ,
  0.0002 ,  0.0408 , -0.0001 , -0.8363 ,  2.4812 ,  0.9757 ,
 -0.0007 , -0.0006 , -0.3173 ,  0.0098 , -0.6238 ,  0.3288 ,
 -0.0400 ,  0.1222 , -0.1593 , -0.1791 ,  0.5352 ,  0.6522 ,
 -0.0807 ,  0.0821 ,  0.1569 , -0.1240 ,  1.1036 ,  0.9779 ,
 -0.0406 ,  0.0811 , -0.3178 , -0.1128 ,  1.1645 ,  0.6541 ,
 -0.1205 ,  0.0821 , -0.0014 , -0.1219 ,  1.0400 ,  0.0000 ,
 -0.0001 ,  0.0405 , -0.1587 , -0.0566 ,  1.8582 ,  1.3027 ,
 -0.1210 ,  0.1223 , -0.3187 ,  1.3760 , -0.2137 ,  0.6541 ,
 -0.0398 ,  0.1629 , -0.1593 , -1.0155 , -0.0949 ,  0.9775 ,
 -0.0807 ,  0.1221 , -0.3183 , -0.1739 ,  2.3383 ,  1.3045 ,
  0.0811 ,  0.1624 , -0.1581 , -1.7914 ,  1.3383 ,  0.6522 ,
  0.0805 ,  0.0401 , -0.1579 ,  1.4924 ,  1.3617 ,  0.9775 ,
  0.0397 ,  0.0804 , -0.4757 , -0.8835 , -1.1997 ,  0.6558 ,
 -0.0397 ,  0.1225 , -0.0006 , -0.1840 ,  1.1581 ,  0.9757 ,
 -0.0402 ,  0.0814 , -0.1592 , -0.8925 ,  0.5430 ,  0.6522 ,
 -0.0813 , -0.0002 , -0.3181 , -1.5393 ,  1.7395 ,  0.6541 ,
 -0.0003 ,  0.0809 , -0.3174 , -0.8881 ,  1.8497 ,  1.3045 ,
  0.0011 ,  0.0821 ,  0.3171 , -0.9076 ,  2.4750 ,  0.3217 ,
  0.0001 ,  0.0812 , -0.1588 , -0.1180 ,  1.2282 ,  0.3270 ,
 -0.1214 ,  0.0816 ,  0.1554 , -0.8991 ,  2.8946 ,  0.6571 ,
 -0.0400 ,  0.1222 , -0.1593 ,  0.5957 ,  1.1574 ,  1.3027 ,
 -0.1205 ,  0.0821 , -0.0014 , -1.6717 ,  1.0400 ,  0.6505 ,
 -0.0401 ,  0.0410 , -0.0005 , -0.8360 ,  1.1737 ,  0.3252 ,
 -0.0008 ,  0.1211 , -0.6348 , -0.1648 ,  1.8403 ,  0.9828 ,
  0.0795 , -0.0013 , -0.4751 ,  0.7888 ,  0.7459 ,  0.9811 ,
  0.0001 ,  0.0812 , -0.1588 , -0.8930 , -0.6387 ,  0.0018 ,
 -0.0814 ,  0.0402 , -0.4768 , -0.8210 ,  1.1086 ,  1.3063 ,
 -0.0410 , -0.0004 , -0.3177 , -1.5397 ,  1.1801 ,  0.0036 ,
  0.0400 ,  0.0807 , -0.3170 , -0.8884 ,  0.6681 ,  0.0036 ,
 -0.0803 ,  0.1224 , -0.1597 , -0.9537 , -0.1500 ,  0.9775 ,
  0.1200 , -0.0420 , -0.3160 ,  0.0702 ,  0.1951 ,  0.6540 ,
 -0.0407 ,  0.1216 , -0.4765 , -2.4941 ,  1.7782 ,  0.9811 ,
  0.0404 ,  0.0810 , -0.1584 , -0.8932 ,  0.6688 ,  0.3270 ,
  0.0392 , -0.0011 , -0.4755 , -1.5355 ,  2.5496 ,  0.6558 ,
 -0.1607 ,  0.1635 , -0.1606 , -0.2396 ,  1.5831 ,  1.3027 ,
  0.1204 ,  0.0396 , -0.3161 , -0.0527 ,  0.8017 ,  0.9793 ,
 -0.0803 ,  0.1224 , -0.1597 , -2.5036 ,  1.7168 ,  1.3027 ,
  0.0395 ,  0.1209 , -0.6344 , -1.7150 ,  1.2810 ,  0.3323 ,
 -0.0404 ,  0.0406 , -0.1591 , -0.0562 ,  1.7953 ,  0.6522 ,
  0.0803 ,  0.0805 , -0.3166 , -0.8887 ,  1.3533 ,  0.9793 ,
  0.0395 ,  0.0396 , -0.4756 , -0.0471 ,  0.0529 ,  0.9811 ,
  0.0814 ,  0.1627 ,  0.0005 , -0.2465 ,  0.0946 ,  1.3009 ,
 -0.0006 ,  0.0806 , -0.4761 , -2.4331 ,  0.6044 ,  0.3306 ,
 -0.0407 ,  0.1216 , -0.4765 , -0.9442 ,  0.5336 ,  0.9811 ,
 -0.0007 , -0.0006 , -0.3173 , -0.7651 ,  1.2430 ,  0.9793 ,
  0.0404 ,  0.0810 , -0.1584 , -0.1184 ,  2.5355 ,  0.6522 ,
 -0.0402 ,  0.0814 , -0.1592 , -0.8925 ,  2.4096 ,  0.3270 ,
  0.0402 ,  0.0816 ,  0.1581 , -0.1257 ,  1.2930 ,  0.6519 ,
  0.1606 ,  0.0798 , -0.4745 ,  0.6652 ,  0.2338 ,  0.3306 ,
  0.0406 ,  0.1218 , -0.1585 ,  1.3698 ,  0.0387 ,  0.6522 ,
 -0.0001 ,  0.0405 , -0.1587 , -1.6064 ,  3.1028 ,  0.9775 ,
 -0.0806 ,  0.0004 , -0.0008 , -0.7742 ,  0.4964 ,  0.9757 ,
  0.0402 ,  0.0403 , -0.1583 , -0.0569 ,  1.9211 ,  0.6522 ,
  0.0001 ,  0.0812 , -0.1588 ,  1.4315 , -0.6387 ,  0.9775 ,
  0.0001 ,  0.1624 , -0.3176 , -0.2361 ,  1.8341 ,  0.6541 ,
 -0.1610 ,  0.0415 , -0.0017 , -1.6098 ,  1.6073 ,  0.9757 ,
  0.1212 ,  0.1622 ,  0.1578 , -1.0234 ,  2.0169 ,  1.6304 ,
 -0.1622 , -0.0002 , -0.4776 , -0.7588 ,  0.9906 ,  1.6314 ,
  0.0401 ,  0.1619 , -0.4758 , -1.0064 ,  1.2739 ,  0.6558 ,
  0.0404 ,  0.0810 , -0.1584 , -0.1184 ,  1.9133 ,  0.6522 ,
 -0.0407 , -0.0813 , -0.0003 , -1.4264 ,  1.1972 ,  0.3252 ,
  0.0400 ,  0.0807 , -0.3170 ,  2.2111 ,  0.0458 ,  1.3045 ,
 -0.0395 ,  0.1633 , -0.0007 , -1.7952 ,  1.1503 ,  0.0000 ,
 -0.0411 , -0.0817 , -0.1589 , -0.6467 ,  2.4411 ,  0.6522 ,
  0.0802 ,  0.1210 , -0.4753 , -0.9453 ,  0.7224 ,  1.3063 ,
  0.0396 , -0.0008 , -0.3169 ,  0.7843 ,  1.3059 ,  0.9793 ,
 -0.0404 ,  0.1219 , -0.3179 , -0.9491 , -0.0878 ,  1.6297 ,
 -0.0001 ,  0.0405 , -0.1587 , -0.0566 ,  1.8582 ,  0.9775 ,
 -0.0400 ,  0.1222 , -0.1593 , -0.9540 ,  1.7796 ,  0.6522 ,
 -0.0008 ,  0.1211 , -0.6348 , -0.1648 ,  0.5958 ,  1.3081 ,
 -0.0805 ,  0.0816 , -0.1596 , -2.4421 ,  2.3468 ,  0.3270 ,
  0.0003 ,  0.1220 , -0.1589 ,  1.3701 , -0.0242 ,  0.6522 ,
 -0.0413 ,  0.0805 , -0.6351 , -0.1030 ,  0.5407 ,  0.6576 ,
  0.1206 ,  0.1216 ,  0.1590 ,  0.5790 ,  1.3991 ,  0.3161 ,
 -0.0811 ,  0.0405 , -0.3182 , -0.0510 ,  0.4871 ,  0.3288 ,
  0.0803 ,  0.0805 , -0.3166 ,  0.6610 ,  0.7310 ,  0.6540 ,
  0.0409 ,  0.1221 ,  0.0002 , -0.9596 ,  0.6618 ,  0.9757 ,
 -0.0009 , -0.0414 , -0.3172 , -0.7037 ,  2.4953 ,  0.3288 ,
  0.0001 ,  0.0812 , -0.1588 , -0.8930 ,  0.6059 ,  1.3027 ,
  0.0794 ,  0.0391 , -0.6338 , -0.8175 ,  1.3596 ,  1.6332 ,
  0.0396 , -0.0008 , -0.3169 , -1.5403 ,  1.9283 ,  0.3288 ,
 -0.0417 , -0.0010 , -0.6350 , -0.7550 ,  2.4232 ,  0.6576 ,
  0.0404 ,  0.1623 , -0.3172 , -1.0113 ,  3.1413 ,  0.6541 ,
 -0.0809 ,  0.0813 , -0.3182 ,  0.6624 ,  0.4793 ,  0.6541 ,
 -0.0816 , -0.0005 , -0.4767 ,  0.7902 ,  2.9832 ,  0.6558 ,
  0.0390 , -0.0419 , -0.4754 , -1.4740 ,  0.6907 ,  0.3306 ,
  0.0402 ,  0.1215 , -0.3171 , -0.1749 ,  1.9048 ,  0.3288 ,
 -0.0005 ,  0.0401 , -0.3174 , -1.6015 ,  0.6129 ,  0.9793 ,
  0.1205 ,  0.1208 , -0.4749 , -1.7205 ,  2.0299 ,  0.6558 ,
  0.0402 ,  0.1215 , -0.3171 , -0.9498 ,  0.0380 ,  0.3288 ,
  0.0012 ,  0.1634 ,  0.1583 , -1.0257 ,  1.2140 ,  0.9739 ,
 -0.0007 , -0.0006 , -0.3173 , -2.3151 ,  1.2430 ,  0.3288 ,
 -0.0001 ,  0.0405 , -0.1587 , -1.6064 ,  2.4805 ,  0.3270 ,
  0.0408 ,  0.1626 , -0.1585 ,  0.5335 ,  1.2754 ,  0.6522 ,
  0.0001 ,  0.0812 , -0.1588 ,  0.6568 ,  2.4725 ,  0.9775 ,
  0.0007 ,  0.2035 , -0.1590 , -1.0773 ,  0.5824 ,  0.9775 ,
 -0.0404 ,  0.0406 , -0.1591 ,  1.4933 ,  1.1730 ,  0.6522 ,
 -0.0003 , -0.0003 , -0.1586 , -1.5449 ,  1.2438 ,  0.3270 ,
 -0.0399 ,  0.0817 , -0.0006 , -0.8975 ,  1.1660 ,  0.6505 ,
  0.0004 ,  0.0815 , -0.0002 , -0.1229 ,  1.8511 ,  0.3252 ,
 -0.0802 ,  0.0416 ,  0.1575 , -0.0646 ,  0.4886 ,  0.6371 ,
 -0.0807 ,  0.0408 , -0.1595 , -2.3807 , -0.1344 ,  0.3270 ,
  0.0805 ,  0.1213 , -0.3167 , -0.1753 ,  1.9678 ,  0.3288 ,
 -0.0806 ,  0.0004 , -0.0008 ,  0.0007 ,  1.7410 ,  1.3010 ,
 -0.0010 ,  0.0803 , -0.6347 ,  0.6714 ,  0.6036 ,  1.3081 ,
 -0.0799 ,  0.2039 , -0.1598 , -1.0767 ,  1.0789 ,  1.3027 ,
  0.0002 ,  0.0408 , -0.0001 , -0.0615 ,  0.6144 ,  0.3252 ,
 -0.0807 ,  0.1221 , -0.3183 ,  0.6009 ,  1.7161 ,  0.6541 ,
  0.0391 ,  0.0393 , -0.6342 ,  0.7326 ,  1.2966 ,  0.6576 ,
  0.0816 ,  0.1216 ,  0.1583 , -1.7560 ,  0.1079 ,  0.3172 ,
  0.0809 , -0.0001 ,  0.1594 , -1.5553 ,  2.6155 ,  0.9739 ,
 -0.1620 ,  0.0406 , -0.4776 , -1.5952 ,  1.6050 ,  0.6558 ,
 -0.0005 ,  0.0401 , -0.3174 , -0.0517 , -0.6316 , -0.3217 ,
 -0.0006 ,  0.0806 , -0.4761 ,  1.4415 ,  1.8489 ,  0.9811 ,
  0.0405 ,  0.0406 ,  0.0003 , -0.8367 ,  3.1663 ,  0.6504 ,
 -0.0394 ,  0.0415 ,  0.4734 , -2.4100 ,  1.1668 ,  0.6293 ,
  0.0395 ,  0.0396 , -0.4756 , -0.8220 ,  0.6751 ,  0.9811 ,
  0.0408 ,  0.1626 , -0.1585 , -0.2413 , -0.5914 ,  0.3270 ,
  0.1214 ,  0.1622 , -0.1577 , -0.2420 ,  2.0235 ,  0.6522 ,
 -0.0814 ,  0.0402 , -0.4768 , -0.0461 ,  1.1086 ,  0.6558 ,
 -0.0009 , -0.0414 , -0.3172 , -0.7037 ,  0.6286 ,  0.9793 ,
 -0.1213 ,  0.1219 , -0.4774 , -0.1687 , -0.2144 ,  0.6558 ,
  0.0007 ,  0.2035 , -0.1590 , -0.3024 ,  0.5824 ,  0.9775 ,
 -0.0807 ,  0.0408 , -0.1595 , -0.0559 ,  1.7324 ,  0.3270 ,
 -0.0001 ,  0.0405 , -0.1587 , -0.8315 , -0.6309 ,  1.3027 ,
 -0.1618 ,  0.0814 , -0.4777 ,  0.6680 ,  0.9750 ,  0.6558 ,
  0.0401 ,  0.1619 , -0.4758 , -1.0064 ,  0.0294 ,  0.6558 ,
  0.0400 ,  0.0807 , -0.3170 ,  0.6613 ,  1.2904 ,  0.0036 ,
 -0.0398 ,  0.1629 , -0.1593 , -2.5653 ,  2.3942 ,  1.3027 ,
  0.0404 ,  0.0810 , -0.1584 ,  1.4313 ,  1.2910 ,  0.9775 ,
  0.0001 ,  0.0812 , -0.1588 ,  0.6568 ,  1.2282 ,  0.3270 ,
 -0.1618 ,  0.0814 , -0.4777 , -0.8817 ,  0.3527 ,  0.9811 ,
 -0.1199 ,  0.0827 ,  0.4729 , -1.6838 ,  1.0348 ,  0.9502 ,
 -0.0815 ,  0.1619 , -0.7943 ,  1.3290 ,  0.4615 ,  0.6594 ,
  0.0812 ,  0.1219 ,  0.0006 ,  0.5897 ,  1.3469 , -0.0000 ,
  0.1216 ,  0.0000 ,  0.3185 , -0.0108 ,  2.6793 ,  0.6469 ,
 -0.0406 ,  0.0811 , -0.3178 ,  0.6620 , -0.7024 ,  0.6541 ,
  0.0404 ,  0.1623 , -0.3172 , -2.5611 ,  1.2746 ,  0.9793 ,
  0.0402 ,  0.1215 , -0.3171 , -0.9498 ,  0.6602 ,  0.6541 ,
 -0.0399 ,  0.0817 , -0.0006 , -1.6723 ,  0.5437 ,  0.6505 ,
 -0.1208 ,  0.0818 , -0.1600 , -2.4417 ,  1.6617 ,  0.9775 ,
  0.0805 ,  0.0814 ,  0.1585 , -0.1263 ,  1.3561 ,  0.3260 ,
  0.0404 ,  0.1623 , -0.3172 , -0.2364 ,  1.8969 ,  0.3288 ,
  0.0004 ,  0.0815 , -0.0002 , -0.8978 ,  0.6066 ,  0.3252 ,
 -0.0001 ,  0.0405 , -0.1587 , -0.0566 ,  2.4805 ,  0.9775 ,
 -0.0411 ,  0.0400 , -0.4764 , -1.5962 ,  0.5493 ,  0.0053 ,
  0.0409 ,  0.1221 ,  0.0002 , -1.7345 ,  1.9063 , -0.0000 ,
 -0.0001 ,  0.0405 , -0.1587 , -0.0566 ,  1.2359 ,  0.3270 ,
 -0.0408 ,  0.0403 , -0.3178 , -1.6010 ,  0.5500 ,  0.6541 ,
  0.0407 ,  0.0813 ,  0.0003 , -2.4481 ,  1.9141 ,  0.3252 ,
  0.0810 ,  0.0811 ,  0.0007 , -1.6734 ,  0.7325 ,  0.6504 ,
 -0.0807 ,  0.0408 , -0.1595 , -0.8308 ,  2.9768 ,  0.9775 ,
 -0.0404 ,  0.0406 , -0.1591 , -0.8311 ,  0.5508 ,  0.9775 ,
 -0.0800 ,  0.1227 , -0.0010 ,  0.5911 ,  2.3396 ,  0.9757 ,
  0.0802 ,  0.1210 , -0.4753 , -1.7202 ,  1.3446 ,  0.6558 ,
 -0.1228 , -0.0417 , -0.7943 , -1.4628 ,  2.3044 ,  0.6594 ,
 -0.0401 ,  0.0410 , -0.0005 , -1.6109 ,  1.1737 ,  0.3252 ,
  0.0794 ,  0.0391 , -0.6338 ,  0.7322 ,  0.1150 ,  0.9828 ,
 -0.0408 ,  0.0403 , -0.3178 ,  0.7235 ,  0.5500 , -0.3217 ,
  0.0009 ,  0.0414 ,  0.3172 ,  0.7036 ,  0.6160 ,  1.2974 ,
 -0.0802 ,  0.0819 , -0.0010 ,  0.6526 ,  1.1030 ,  0.3253 ,
  0.0407 ,  0.0817 ,  0.3152 , -1.6711 ,  1.9164 ,  1.3030 ,
  0.0008 ,  0.0818 ,  0.1585 , -0.9027 ,  1.2296 ,  1.2992 ,
  0.0810 ,  0.0811 ,  0.0007 , -2.4484 ,  0.1102 ,  0.3252 ,
 -0.0006 , -0.0411 , -0.1586 ,  0.0663 ,  1.2515 ,  1.3027 ,
  0.0008 ,  0.1631 , -0.0003 , -2.5706 ,  1.2132 ,  0.9757 ,
 -0.1617 , -0.0403 , -0.1602 , -0.7071 ,  0.9999 ,  0.6523 ,
  0.0804 ,  0.1219 ,  0.1582 , -0.1875 ,  3.2190 ,  1.3081 ,
  0.0793 , -0.0421 , -0.4750 , -0.6995 ,  0.1314 ,  0.3306 ,
  0.0006 ,  0.0411 ,  0.1586 , -0.8413 ,  2.4820 ,  0.3234 ,
 -0.0003 ,  0.0809 , -0.3174 , -2.4380 ,  1.2274 ,  0.3288 ,
 -0.2418 ,  0.0012 , -0.0024 , -1.5476 ,  1.4893 ,  0.3253 ,
  0.0404 ,  0.0810 , -0.1584 , -1.6682 ,  1.9133 ,  0.0018 ,
 -0.1216 ,  0.1629 ,  0.1548 , -1.0258 ,  2.8680 ,  0.6598 ,
 -0.0014 , -0.0012 , -0.6346 , -1.5302 ,  1.8638 ,  0.3323 ,
  0.0402 ,  0.1215 , -0.3171 , -0.1749 ,  1.9048 ,  0.9793 ,
  0.0406 ,  0.0001 ,  0.1590 , -0.7802 ,  1.3082 ,  1.2992 ,
  0.0001 ,  0.0812 , -0.1588 , -0.8930 ,  1.8504 ,  0.3270 ,
 -0.0003 ,  0.0809 , -0.3174 , -2.4380 ,  1.8497 ,  0.6541 ,
 -0.0809 ,  0.0001 , -0.1594 ,  1.5552 ,  1.7402 ,  1.6280 ,
  0.0407 ,  0.0813 ,  0.0003 , -1.6730 ,  1.2918 ,  0.3252 ,
  0.0813 ,  0.2031 , -0.1582 , -0.3031 ,  0.0860 , -0.3235 ,
  0.0400 ,  0.0807 , -0.3170 ,  1.4361 ,  2.5349 ,  0.0036 ,
  0.0005 , -0.0401 ,  0.3174 ,  0.0517 ,  1.8761 ,  0.9722 ,
 -0.0411 ,  0.0400 , -0.4764 , -0.8214 ,  0.5493 ,  0.6558 ,
 -0.0804 ,  0.0818 ,  0.1566 , -0.9076 ,  0.4705 , -0.0037 ,
  0.0400 ,  0.0807 , -0.3170 , -0.1135 ,  0.0458 ,  0.3288 ,
 -0.1212 ,  0.0003 , -0.1599 ,  0.0059 ,  0.4328 ,  0.6523 ,
  0.0391 ,  0.0393 , -0.6342 , -0.8171 ,  0.6744 ,  0.3323 ,
  0.0404 ,  0.1623 , -0.3172 , -0.2364 ,  0.6524 ,  0.3288 ,
 -0.0005 ,  0.0401 , -0.3174 ,  1.4980 ,  1.2353 ,  0.0036 ,
 -0.0803 ,  0.1224 , -0.1597 , -2.5036 ,  1.0945 ,  0.6523 ,
  0.0000 ,  0.0000 ,  0.0000 , -1.5497 ,  0.6223 ,  0.9757 ,
  0.0404 ,  0.0810 , -0.1584 ,  1.4313 ,  0.6688 ,  0.0018 ,
  0.0001 ,  0.0812 , -0.1588 , -0.8930 ,  0.6059 ,  0.3270 ,
 -0.2021 ,  0.0816 , -0.4781 , -0.8814 , -0.3325 ,  0.6558 ,
 -0.0005 ,  0.0401 , -0.3174 , -3.1512 ,  1.8576 ,  0.0036 ,
 -0.0399 ,  0.0817 , -0.0006 , -0.1226 ,  0.5437 , -0.3252 ,
  0.0006 ,  0.0411 ,  0.1586 ,  0.7084 , -0.0071 ,  0.3234 ,
 -0.0404 ,  0.0406 , -0.1591 , -0.0562 ,  1.1730 ,  0.3270 ,
  0.0800 ,  0.0802 , -0.4752 , -0.1089 ,  0.1080 ,  0.0053 ,
  0.0001 ,  0.1624 , -0.3176 , -1.7859 ,  0.5895 ,  0.6541 ,
  0.0393 ,  0.0801 , -0.6343 ,  0.6711 ,  1.2888 ,  0.9828 ,
  0.0010 ,  0.1226 ,  0.1584 , -0.1893 ,  2.4664 ,  1.6244 ,
 -0.0413 , -0.0007 , -0.4763 , -0.7599 ,  0.5571 ,  1.3063 ,
  0.0396 , -0.0008 , -0.3169 ,  0.7843 ,  2.5505 ,  1.3045 ,
  0.0810 ,  0.0811 ,  0.0007 ,  1.4260 ,  1.9770 , -0.0000 ,
 -0.0394 ,  0.0826 ,  0.3170 ,  1.4239 ,  1.1503 ,  1.6080 ,
 -0.1211 , -0.0402 , -0.0011 , -0.7124 ,  0.4413 ,  0.3253 ,
 -0.0801 ,  0.0409 ,  0.1586 ,  1.5133 ,  1.0906 ,  1.5937 ,
  0.0414 ,  0.0819 ,  0.3173 , -0.9079 ,  0.0525 ,  0.3232 ,
 -0.0402 ,  0.0814 , -0.1592 ,  0.6571 ,  0.5430 ,  0.9775 ,
 -0.1214 , -0.0405 , -0.1598 , -1.4824 , -0.1817 ,  0.6523 ,
  0.0404 ,  0.1623 , -0.3172 , -1.0113 , -0.5922 ,  0.9793 ,
 -0.0404 ,  0.1219 , -0.3179 , -1.7241 ,  1.1567 ,  0.9793 ,
 -0.0001 ,  0.1217 , -0.3175 , -0.1746 , -0.0249 ,  0.6541 ,
  0.0405 ,  0.0406 ,  0.0003 , -1.6116 ,  0.0551 ,  0.9757 ,
 -0.0409 ,  0.0808 , -0.4765 ,  0.6669 ,  0.5415 ,  0.6558 ,
 -0.0014 , -0.0012 , -0.6346 ,  0.7944 , -0.0030 ,  0.6576 ,
 -0.0814 ,  0.0402 , -0.4768 , -1.5958 ,  0.4864 ,  0.6558 ,
 -0.0406 ,  0.0811 , -0.3178 , -0.1128 ,  0.5422 ,  0.9793 ,
  0.0806 , -0.0004 ,  0.0008 , -0.0007 ,  1.9927 ,  0.9757 ,
 -0.0400 ,  0.1222 , -0.1593 ,  1.3704 , -0.0871 ,  0.3270 ,
 -0.0003 ,  0.0809 , -0.3174 ,  0.6617 ,  1.2274 ,  0.9793 ,
 -0.0806 ,  0.0004 , -0.0008 , -0.7742 ,  1.1186 ,  0.9757 ,
 -0.0404 ,  0.0406 , -0.1591 , -1.6060 ,  1.1730 ,  1.3027 ,
  0.0397 , -0.0413 , -0.1582 , -0.7089 ,  2.5588 ,  1.3027 ,
  0.0004 ,  0.0815 , -0.0002 , -0.1229 ,  1.2288 ,  1.3010 ,
 -0.0404 ,  0.1219 , -0.3179 , -0.9491 ,  3.0233 ,  0.3288 ,
 -0.1212 ,  0.0003 , -0.1599 , -0.7690 ,  0.4328 ,  0.9775 ,
  0.0392 , -0.0011 , -0.4755 , -2.3105 , -1.1840 ,  0.3306 ,
  0.0815 ,  0.0407 ,  0.3178 , -1.6306 , -0.4910 ,  0.0064 ,
 -0.0006 ,  0.0806 , -0.4761 , -1.6580 , -0.0179 ,  0.3306 ,
  0.0001 ,  0.1624 , -0.3176 , -0.2361 ,  1.8341 , -0.6469 ,
 -0.0402 ,  0.0814 , -0.1592 , -0.8925 ,  3.0318 ,  0.6522 ,
  0.0404 ,  0.1623 , -0.3172 , -0.2364 ,  1.8969 ,  0.9793 ,
  0.1206 ,  0.0803 , -0.3162 , -0.1142 ,  1.4162 ,  0.6540 ,
 -0.0006 ,  0.0806 , -0.4761 , -0.8831 ,  2.4712 ,  0.3306 ,
  0.0401 ,  0.1619 , -0.4758 , -1.7813 ,  1.8962 , -0.3199 ,
  0.0402 ,  0.0403 , -0.1583 , -2.3816 ,  1.2989 ,  0.9775 ,
 -0.0401 ,  0.0410 , -0.0005 , -0.0611 ,  0.5515 ,  0.3252 ,
 -0.1182 ,  0.2052 ,  0.1577 , -0.3131 , -2.0893 , -0.3368 ,
 -0.0405 ,  0.1623 , -0.4766 , -2.5556 ,  0.5258 ,  0.9811 ,
 -0.0007 , -0.0006 , -0.3173 ,  0.0098 ,  0.6208 ,  0.9793 ,
 -0.0005 ,  0.0401 , -0.3174 , -0.0517 , -0.6316 ,  0.6541 ,
  0.0400 ,  0.0807 , -0.3170 ,  0.6613 ,  1.9127 ,  1.3045 ,
 -0.1214 , -0.0405 , -0.1598 , -1.4824 ,  1.0628 ,  0.6523 ,
 -0.1217 ,  0.0404 , -0.4772 , -0.8206 ,  1.6680 ,  0.6558 ,
 -0.0408 ,  0.0403 , -0.3178 , -1.6010 , -0.6945 ,  0.3288 ,
  0.1602 ,  0.0795 , -0.6331 , -0.1047 , -1.6339 ,  0.3323 ,
  0.0003 ,  0.0003 ,  0.1586 , -1.5547 ,  0.0007 ,  0.6487 ,
 -0.0409 ,  0.1620 , -0.6353 , -1.0008 ,  2.3918 ,  1.9585 ,
  0.0407 ,  0.0813 ,  0.0003 , -0.8982 ,  1.2918 ,  0.6504 ,
  0.0808 ,  0.0404 ,  0.0007 ,  1.4875 ,  2.6070 , -0.0000 ,
  0.0406 ,  0.1218 , -0.1585 , -1.7296 ,  1.9056 ,  0.6522 ,
  0.1203 ,  0.0800 , -0.4749 , -2.4340 ,  1.4153 ,  0.3306 ,
  0.0394 , -0.0416 , -0.3168 , -2.2539 ,  0.6915 ,  0.3288 ,
  0.0801 ,  0.0398 , -0.3165 , -0.0524 , -0.5058 ,  0.6540 ,
 -0.0399 ,  0.0817 , -0.0006 , -2.4473 ,  1.1660 ,  0.6505 ,
  0.0406 ,  0.0001 ,  0.1590 , -0.0052 ,  1.3082 ,  0.6487 ,
 -0.1627 , -0.0817 , -0.4774 , -2.1857 ,  1.0062 ,  0.3306 ,
 -0.0006 ,  0.0806 , -0.4761 , -0.1082 ,  0.6044 ,  0.3306 ,
  0.0803 ,  0.0805 , -0.3166 , -0.1138 ,  2.5977 ,  0.9793 ,
 -0.0818 , -0.0413 , -0.4766 , -1.4729 ,  2.3687 ,  1.3063 ,
  0.0398 ,  0.0400 , -0.3170 , -0.0520 ,  0.6759 ,  0.6540 ,
  0.0402 ,  0.1215 , -0.3171 , -2.4997 ,  0.6602 ,  1.3045 ,
  0.0402 ,  0.0403 , -0.1583 , -0.8318 ,  0.6766 ,  0.3270 ,
 -0.0798 ,  0.1635 , -0.0011 , -2.5699 ,  0.4652 ,  1.3010 ,
 -0.0010 , -0.0009 , -0.4759 , -1.5351 ,  0.6200 ,  0.3306 ,
  0.0397 ,  0.1616 , -0.6345 , -0.2266 ,  1.2732 ,  1.3081 ,
  0.1209 , -0.0006 ,  0.0012 , -0.7759 ,  0.1888 ,  0.3252 ,
  0.0397 ,  0.0804 , -0.4757 ,  1.4410 ,  2.5341 ,  0.3306 ,
 -0.0800 ,  0.1227 , -0.0010 ,  1.3659 , -0.1493 ,  0.6505 ,
  0.0789 , -0.1236 , -0.4749 ,  0.1984 ,  0.7693 ,  0.3306 ,
  0.0008 ,  0.0818 ,  0.1585 , -1.6776 ,  0.6074 , -0.3270 ,
 -0.0404 ,  0.1219 , -0.3179 , -0.1742 ,  1.1567 ,  0.6541 ,
 -0.0802 ,  0.0007 ,  0.1578 , -0.0042 ,  1.7418 ,  0.9739 ,
  0.0403 , -0.0002 ,  0.0004 , -0.7752 ,  3.1743 ,  0.9757 ,
 -0.0411 ,  0.0400 , -0.4764 , -0.8214 , -0.0730 ,  0.9811 ,
  0.1200 , -0.0420 , -0.3160 ,  0.8450 ,  1.4397 ,  0.9793 ,
  0.0002 ,  0.0408 , -0.0001 , -1.6112 ,  1.2367 ,  0.9757 ,
  0.0411 ,  0.0404 ,  0.3161 , -2.4223 ,  0.0626 ,  1.2970 ,
  0.0402 ,  0.0403 , -0.1583 ,  0.7179 , -0.5680 ,  1.3027 ,
 -0.0008 ,  0.0398 , -0.4760 ,  1.5029 ,  1.8568 ,  0.3306 ,
  0.0810 ,  0.0811 ,  0.0007 , -1.6734 ,  3.8438 ,  0.9757 ,
  0.0402 ,  0.1215 , -0.3171 , -0.1749 ,  0.6602 ,  0.9793 ,
  0.0805 ,  0.0401 , -0.1579 , -1.6070 ,  1.3617 ,  0.6522 ,
 -0.0809 ,  0.0813 , -0.3182 , -1.6622 ,  2.3460 ,  0.0036 ,
 -0.0008 ,  0.0398 , -0.4760 , -1.5966 ,  0.6122 ,  0.6558 ,
 -0.0400 ,  0.1222 , -0.1593 , -0.1791 , -0.0871 ,  0.3270 ,
 -0.0412 , -0.0412 , -0.3176 , -1.4782 ,  0.5656 ,  0.9793 ,
  0.1215 ,  0.1217 ,  0.0010 ,  0.5894 ,  2.6544 ,  0.3252 ,
 -0.0403 ,  0.0002 , -0.0004 ,  0.0003 ,  1.1816 ,  0.0000 ,
 -0.0008 ,  0.0398 , -0.4760 , -0.0468 ,  0.6122 ,  0.3306 ,
  0.0801 ,  0.0398 , -0.3165 , -0.8273 ,  1.3610 ,  0.3288 ,
  0.0004 ,  0.0815 , -0.0002 , -0.1229 ,  1.8511 ,  0.6505 ,
 -0.0001 ,  0.0405 , -0.1587 , -1.6063 ,  1.8582 , -0.3234 ,
 -0.1213 ,  0.1219 , -0.4774 , -1.7185 ,  0.4079 ,  0.0054 ,
  0.0406 ,  0.1219 ,  0.1568 , -3.3098 ,  3.1294 ,  0.6691 ,
 -0.0405 , -0.0406 , -0.0003 , -1.4879 , -0.6775 ,  0.3252 ,
 -0.0008 , -0.0818 , -0.1585 , -0.6471 ,  0.6371 ,  0.6522 ,
  0.0404 ,  0.1623 , -0.3172 ,  0.5384 ,  1.8969 ,  1.3045 ,
 -0.1608 ,  0.0823 , -0.0018 , -0.1215 ,  0.3550 ,  0.6505 ,
 -0.0010 , -0.0009 , -0.4759 , -0.7602 , -0.6246 ,  0.0053 ,
  0.0396 , -0.0008 , -0.3169 , -1.5403 ,  1.3059 ,  0.6540 ,
  0.0402 ,  0.1215 , -0.3171 , -0.1749 ,  0.6602 ,  0.9793 ,
 -0.0401 ,  0.0410 , -0.0005 , -0.0611 ,  1.1737 ,  0.3252 ,
 -0.2018 ,  0.0819 , -0.3195 ,  0.6634 ,  0.9128 ,  0.9793 ,
 -0.0408 ,  0.0403 , -0.3178 , -2.3761 ,  1.7946 ,  0.9793 ,
  0.2025 ,  0.1625 ,  0.1591 , -1.0243 ,  0.9062 ,  0.0071 ,
  0.0404 ,  0.0810 , -0.1584 , -0.8932 ,  1.9133 ,  0.3270 ,
  0.0406 ,  0.2030 , -0.3173 , -1.8476 ,  1.8892 ,  1.6297 ,
 -0.0805 ,  0.0825 ,  0.1575 ,  0.6422 ,  1.0978 ,  0.9596 ,
  0.0810 ,  0.0811 ,  0.0007 , -0.1236 ,  1.3548 ,  0.6504 ,
  0.0394 , -0.0416 , -0.3168 , -1.4790 ,  0.6915 ,  0.6540 ,
  0.0006 ,  0.1223 , -0.0002 , -1.7341 ,  0.5988 ,  0.9757 ,
 -0.0419 , -0.0418 , -0.6349 ,  0.0814 ,  1.8087 ,  1.3081 ,
  0.0794 ,  0.0391 , -0.6338 , -1.5923 ,  2.6041 ,  1.3080 ,
 -0.0398 ,  0.1629 , -0.1593 , -1.7904 ,  0.5274 ,  0.3270 ,
  0.1206 ,  0.0803 , -0.3162 , -0.1142 ,  1.4162 ,  0.0035 ,
 -0.0003 ,  0.0809 , -0.3174 ,  0.6617 ,  1.2274 ,  0.6541 ,
 -0.0809 ,  0.0813 , -0.3182 , -0.8874 ,  1.7239 ,  0.6541 ,
  0.0406 ,  0.1218 , -0.1585 , -0.1798 ,  1.9056 ,  1.9532 ,
  0.0396 , -0.0008 , -0.3169 , -2.3153 ,  2.5505 ,  0.9793 ,
  0.0006 ,  0.0411 ,  0.1586 ,  0.7084 , -0.0071 ,  0.6487 ,
  0.0400 ,  0.0807 , -0.3170 ,  0.6613 ,  1.9127 ,  0.9793 ,
  0.1212 ,  0.1214 , -0.1577 , -0.9554 ,  0.7868 ,  0.6522 ,
 -0.0401 ,  0.0409 ,  0.1583 , -0.8393 , -0.6894 ,  1.3184 ,
 -0.0802 ,  0.0819 , -0.0010 , -1.6720 ,  1.1030 ,  1.3010 ,
  0.0389 , -0.0014 , -0.6342 , -0.7557 ,  0.0599 ,  0.6576 ,
 -0.0007 , -0.0006 , -0.3173 , -0.7651 ,  0.6208 ,  0.3288 ,
  0.1210 ,  0.0806 , -0.1576 , -0.1191 ,  2.0391 ,  0.3270 ,
  0.0409 ,  0.1221 ,  0.0002 , -2.5095 ,  1.2841 ,  0.3252 ,
  0.0005 ,  0.1627 , -0.1589 , -0.2409 ,  1.2125 ,  0.3270 ,
  0.0010 ,  0.1226 ,  0.1584 ,  0.5856 ,  1.8441 , -0.0018 ,
  0.0408 , -0.0404 ,  0.3178 ,  1.6187 ,  0.6799 ,  0.3247 ,
 -0.0410 , -0.0004 , -0.3177 ,  0.0101 ,  0.5578 ,  0.9793 ,
 -0.0404 ,  0.1219 , -0.3179 , -0.1742 , -0.0878 ,  0.6541 ,
 -0.0001 ,  0.0405 , -0.1587 , -1.6064 ,  2.4805 ,  0.6522 ,
  0.1205 ,  0.1208 , -0.4749 ,  2.1537 ,  2.0299 ,  0.3306 ,
  0.0008 ,  0.0818 ,  0.1585 , -2.4527 ,  0.6074 ,  0.3234 ,
  0.0815 ,  0.0411 ,  0.3165 , -1.6192 ,  1.3631 ,  0.3178 ,
 -0.0413 ,  0.0805 , -0.6351 ,  0.6718 ,  1.1629 ,  0.9828 ,
 -0.0405 ,  0.1623 , -0.4766 ,  0.5440 ,  1.1481 ,  0.3306 ,
 -0.0402 ,  0.0814 , -0.1592 , -0.8925 ,  0.5430 ,  0.9775 ,
 -0.0397 ,  0.1225 , -0.0006 , -0.1840 ,  1.7804 ,  0.3252 ,
  0.1204 ,  0.0396 , -0.3161 , -2.3774 ,  1.4240 ,  0.0035 ,
  0.0805 ,  0.0401 , -0.1579 ,  0.7176 ,  0.7395 ,  0.9775 ,
  0.0398 ,  0.0400 , -0.3170 , -0.8269 ,  0.0536 ,  0.0036 ,
  0.0395 ,  0.0396 , -0.4756 , -1.5969 ,  2.5418 ,  0.3306 ,
 -0.1610 ,  0.0415 , -0.0017 , -0.8349 ,  1.6073 ,  0.6505 ,
 -0.0009 , -0.0414 , -0.3172 ,  0.0712 , -0.6160 ,  0.6541 ,
  0.0404 ,  0.0813 ,  0.1574 , -0.8978 ,  2.5311 ,  0.9808 ,
 -0.0809 ,  0.0001 , -0.1594 , -1.5442 ,  1.7402 ,  0.3270 ,
  0.0001 ,  0.0812 , -0.1588 , -0.8930 , -0.0164 ,  0.6522 ,
 -0.0408 ,  0.0403 , -0.3178 ,  0.7235 ,  2.4167 ,  0.9793 ,
  0.0000 ,  0.0000 ,  0.0000 ,  1.5497 ,  0.6223 ,  0.6505 ,
 -0.0003 , -0.0003 , -0.1586 ,  1.5546 ,  0.6215 ,  0.0018 ,
 -0.0810 ,  0.1218 , -0.4770 , -0.9439 , -0.1515 ,  0.9811 ,
  0.0805 ,  0.1213 , -0.3167 , -3.2747 ,  0.7232 ,  0.0036 ,
  0.0807 ,  0.0808 , -0.1580 , -1.6684 ,  0.7317 ,  0.0018 ,
 -0.0405 ,  0.1623 , -0.4766 ,  1.3188 ,  1.7704 ,  0.9811 ,
  0.0803 ,  0.0805 , -0.3166 , -1.6636 ,  1.9755 ,  1.3045 ,
 -0.0807 ,  0.0408 , -0.1595 , -0.0559 ,  1.1101 ,  0.6523 ,
 -0.0017 , -0.0015 , -0.7932 , -0.7504 ,  1.2408 ,  0.6594 ,
 -0.1617 ,  0.0409 , -0.3190 , -1.6001 , -0.2610 ,  0.3288 ,
 -0.1211 , -0.0402 , -0.0011 ,  0.0625 ,  1.6859 ,  0.6505 ,
 -0.0010 ,  0.0803 , -0.6347 , -0.8782 , -0.0186 ,  0.6576 ,
  0.0409 ,  0.1221 ,  0.0002 , -0.1847 ,  1.9063 ,  1.3009 ,
  0.0407 ,  0.0813 ,  0.0003 , -0.8982 ,  1.2918 ,  1.3009 ,
  0.0008 ,  0.0818 ,  0.1585 , -0.9027 ,  0.6074 ,  0.3234 ,
  0.0004 ,  0.0815 , -0.0002 , -1.6727 ,  2.4733 ,  0.9757 ,
 -0.0003 ,  0.0809 , -0.3174 ,  0.6617 , -0.0171 ,  0.9793 ,
 -0.0416 ,  0.0802 , -0.7938 , -1.6479 ,  1.7845 ,  0.6594 ,
 -0.0002 , -0.0408 ,  0.0001 , -0.7134 ,  1.8746 , -0.0000 ,
 -0.0393 ,  0.2040 , -0.0008 , -1.0818 ,  2.3869 ,  0.9757 ,
  0.0017 ,  0.2044 ,  0.3169 ,  0.4578 ,  1.2070 , -0.3288 ,
  0.0011 ,  0.0821 ,  0.3171 ,  1.4169 ,  2.4750 ,  0.6469 ,
 -0.1215 ,  0.1624 , -0.6361 , -1.0001 ,  1.6438 ,  0.6576 ,
  0.0010 ,  0.1226 ,  0.1584 , -0.1893 ,  0.5995 , -1.3027 ,
 -0.1207 ,  0.0413 , -0.0013 , -0.0604 ,  1.6701 ,  0.3253 ,
  0.0397 ,  0.0804 , -0.4757 , -0.1086 ,  1.2895 ,  0.3306 ,
  0.0809 ,  0.0806 ,  0.1592 ,  1.4498 ,  3.1737 ,  0.3039 ,
 -0.1206 ,  0.1226 , -0.1601 , -2.5032 , -0.8353 ,  0.3270 ,
  0.0406 ,  0.2030 , -0.3173 , -0.2979 ,  1.2669 , -0.3217 ,
 -0.0401 ,  0.0410 , -0.0005 , -2.3857 ,  1.1737 ,  1.6262 ,
  0.0394 ,  0.1613 , -0.7931 , -0.2217 ,  1.2725 ,  0.9846 ,
  0.0394 , -0.0416 , -0.3168 , -1.4790 ,  1.3138 ,  0.9793 ,
  0.0796 , -0.1230 , -0.1576 , -0.5863 ,  1.3930 ,  0.0018 ,
  0.0001 , -0.0405 ,  0.1587 ,  0.8314 ,  1.2530 ,  0.3234 ,
 -0.0404 ,  0.0406 , -0.1591 ,  1.4933 ,  2.4176 ,  0.6522 ,
  0.0809 , -0.0001 ,  0.1594 , -0.7805 ,  1.9934 , -0.3270 ,
 -0.0408 ,  0.0403 , -0.3178 , -1.6010 ,  1.7946 ,  0.9793 ,
 -0.0408 ,  0.0403 , -0.3178 ,  0.7235 , -0.0722 ,  0.3288 ,
  0.0004 ,  0.0815 , -0.0002 , -0.8978 , -0.0156 ,  0.6505 ,
 -0.0400 ,  0.1222 , -0.1593 , -0.9540 ,  0.5352 ,  0.3270 ,
 -0.0816 , -0.0005 , -0.4767 , -0.7595 ,  1.7387 ,  0.0054 ,
  0.0802 ,  0.1210 , -0.4753 , -1.7202 ,  1.3446 ,  0.6558 ,
 -0.0003 ,  0.0809 , -0.3174 , -0.8881 , -0.0171 ,  0.3288 ,
 -0.1209 ,  0.2035 , -0.4775 , -1.0665 ,  1.0144 ,  1.3063 ,
  0.0402 ,  0.0403 , -0.1583 , -0.0569 ,  0.6766 ,  0.6522 ,
  0.0008 ,  0.0818 ,  0.1585 , -0.1278 ,  1.2296 ,  0.6487 ,
 -0.0809 ,  0.0001 , -0.1594 ,  0.7804 ,  2.3625 ,  0.6523 ,
  0.1207 ,  0.1616 , -0.4750 , -1.0071 ,  0.7775 ,  0.9811 ,
 -0.1205 ,  0.0821 , -0.0014 , -0.1219 , -0.2044 ,  0.3253 ,
 -0.0009 , -0.0414 , -0.3172 ,  0.0712 ,  1.2508 ,  0.6541 ,
  0.0004 ,  0.0815 , -0.0002 , -2.4475 ,  3.0955 ,  0.3252 ,
  0.0799 , -0.0010 , -0.3165 ,  0.0091 ,  0.7466 ,  0.6540 ,
  0.0405 ,  0.0406 ,  0.0003 , -0.8367 ,  0.6774 ,  0.3252 ,
 -0.0814 ,  0.0402 , -0.4768 , -0.8210 ,  2.3531 ,  1.6314 ,
  0.0814 ,  0.1627 ,  0.0005 , -1.0214 ,  1.3391 ,  0.3252 ,
 -0.0401 ,  0.1623 ,  0.1581 ,  2.1182 ,  2.3507 ,  0.6257 ,
 -0.0406 ,  0.0811 , -0.3178 , -0.8877 ,  1.1645 ,  0.9793 ,
  0.0405 ,  0.0406 ,  0.0003 , -1.6116 ,  3.1663 ,  0.3252 ,
  0.1618 ,  0.1215 ,  0.0014 , -3.2853 ,  2.0951 ,  0.6504 ,
 -0.0001 ,  0.1217 , -0.3175 , -0.1746 ,  1.2197 ,  1.6297 ,
 -0.0804 ,  0.0412 , -0.0009 , -0.8357 ,  1.1108 ,  0.6505 ,
  0.1223 ,  0.1224 ,  0.3185 , -0.9697 , -0.4491 ,  0.6800 ,
 -0.0001 ,  0.0405 , -0.1587 ,  0.7182 ,  1.2359 ,  0.6522 ,
  0.0803 ,  0.0805 , -0.3166 , -0.1138 ,  0.1087 ,  0.0036 ,
  0.0397 ,  0.0804 , -0.4757 ,  0.6662 ,  0.0450 ,  0.9811 ,
  0.0392 ,  0.1206 , -0.7930 , -0.1603 ,  3.1470 ,  1.3098 ,
  0.0392 , -0.0011 , -0.4755 ,  0.0143 ,  1.3051 ,  0.6558 ,
  0.1208 ,  0.0399 , -0.1575 , -0.0576 ,  0.1802 ,  0.3270 ,
  0.0403 ,  0.1219 ,  0.1571 , -0.9610 ,  2.5188 ,  0.9821 ,
 -0.0006 ,  0.0806 , -0.4761 , -1.6580 ,  1.8489 ,  0.9811 ,
  0.0801 ,  0.0398 , -0.3165 , -0.8273 , -0.5058 ,  0.3288 ,
 -0.0406 , -0.0001 , -0.1590 , -0.7697 ,  1.8031 ,  0.6522 ,
 -0.0401 ,  0.0410 , -0.0005 , -0.0611 ,  0.5515 ,  0.3252 ,
 -0.0001 ,  0.0405 , -0.1587 , -1.6064 ,  0.6137 ,  0.9775 ,
  0.1608 , -0.0011 , -0.1570 , -0.7713 ,  1.4955 ,  0.3270 ,
 -0.0399 ,  0.0817 , -0.0006 ,  0.6522 , -0.0785 ,  0.6505 ,
 -0.0010 , -0.0009 , -0.4759 , -1.5351 ,  1.2422 ,  0.6558 ,
 -0.0008 ,  0.0398 , -0.4760 , -0.0468 ,  0.6122 ,  0.3306 ,
 -0.1209 ,  0.0006 , -0.0012 ,  0.0010 ,  1.0558 ,  1.6262 ,
 -0.0411 ,  0.0400 , -0.4764 , -2.3712 ,  2.4161 ,  0.3306 ,
  0.0394 , -0.0416 , -0.3168 ,  0.0709 ,  0.6915 ,  0.3288 ,
  0.0402 ,  0.0403 , -0.1583 , -0.0569 ,  0.6766 ,  0.6522 ,
  0.0392 , -0.0011 , -0.4755 , -1.5355 ,  0.6829 ,  0.9811 ,
  0.0001 ,  0.0812 , -0.1588 , -0.1180 ,  1.2282 ,  1.3027 ,
  0.0402 ,  0.1215 , -0.3171 ,  0.5999 ,  0.6602 ,  0.3288 ,
 -0.0401 ,  0.0410 , -0.0005 , -0.8360 , -0.0707 ,  0.0000 ,
 -0.1212 ,  0.0003 , -0.1599 , -0.7690 ,  1.6773 ,  0.3270 ,
  0.1209 , -0.0006 ,  0.0012 , -1.5508 ,  1.4333 ,  0.6504 ,
 -0.0408 ,  0.0403 , -0.3178 , -1.6010 , -0.0722 ,  0.3288 ,
 -0.0008 ,  0.1211 , -0.6348 , -0.1648 ,  2.4627 ,  1.3081 ,
 -0.0008 ,  0.0398 , -0.4760 ,  0.7280 , -0.6324 ,  0.3306 ,
 -0.0414 , -0.0820 , -0.3175 ,  0.1330 , -0.0488 ,  0.3288 ,
 -0.0415 ,  0.0397 , -0.6350 ,  0.7332 ,  2.4153 ,  0.3324 ,
  0.0800 , -0.0415 , -0.1578 , -0.7092 ,  0.7551 ,  0.6522 ,
  0.0398 ,  0.0400 , -0.3170 , -0.0520 ,  2.5426 ,  0.6540 ,
 -0.0404 ,  0.0406 , -0.1591 , -1.6060 ,  1.1730 ,  1.3027 ,
 -0.0402 ,  0.1626 , -0.3180 , -0.2357 ,  1.1489 ,  0.3288 ,
 -0.0800 ,  0.1227 , -0.0010 , -1.7335 ,  0.4730 ,  0.0000 ,
  0.0801 ,  0.0398 , -0.3165 , -0.8273 ,  1.3610 ,  0.6540 ,
  0.0402 ,  0.1215 , -0.3171 , -2.4997 ,  0.0380 ,  0.6541 ,
  0.0800 ,  0.1614 , -0.6340 , -3.3265 ,  0.7139 ,  0.6576 ,
  0.0802 ,  0.2022 , -0.6341 , -2.6131 ,  0.7061 ,  1.6332 ,
  0.0004 ,  0.0815 , -0.0002 ,  0.6519 ,  1.8511 ,  0.6505 ,
 -0.0398 ,  0.1629 , -0.1593 , -1.0155 ,  1.1496 ,  1.3027 ,
 -0.0008 ,  0.0398 , -0.4760 , -1.5966 ,  1.8568 ,  0.3306 ,
  0.0008 ,  0.0818 ,  0.1585 , -0.9027 ,  0.6074 , -0.0018 ,
 -0.0016 , -0.0420 , -0.6345 , -0.6938 ,  0.6271 ,  0.3323 ,
 -0.0415 ,  0.0397 , -0.6350 ,  1.5081 , -0.0737 ,  0.6576 ,
 -0.0400 ,  0.0411 ,  0.1572 , -0.8430 ,  0.5464 , -0.0035 ,
  0.1208 ,  0.1211 , -0.3163 , -0.1756 ,  0.7861 ,  0.3288 ,
 -0.1613 ,  0.0412 , -0.1603 , -0.0552 ,  0.3621 ,  0.3270 ,
 -0.0402 ,  0.0814 , -0.1592 , -2.4424 ,  2.4096 ,  0.6522 ,
  0.0002 ,  0.0408 , -0.0001 , -0.0615 ,  1.2367 ,  0.6505 ,
 -0.1214 ,  0.1227 ,  0.1545 , -1.7466 ,  1.6328 ,  1.3141 ,
 -0.0001 ,  0.0405 , -0.1587 , -0.0566 ,  0.6137 ,  0.3270 ,
 -0.0010 , -0.0009 , -0.4759 , -2.3102 ,  1.8645 ,  0.6558 ,
  0.0804 ,  0.1618 , -0.4754 ,  0.5430 , -0.5300 ,  0.3306 ,
  0.0402 ,  0.0403 , -0.1583 , -0.0569 , -0.5680 ,  0.6522 ,
  0.0008 ,  0.1631 , -0.0003 , -1.7956 ,  2.4577 ,  1.3010 ,
  0.0404 ,  0.0810 , -0.1584 , -0.1184 ,  1.2910 ,  0.9775 ,
  0.0003 ,  0.0003 ,  0.1586 , -1.5547 ,  1.2452 ,  0.9739 ,
 -0.0003 , -0.0003 , -0.1586 , -0.7700 ,  1.2438 ,  1.3027 ,
  0.0404 , -0.1221 ,  0.1597 ,  0.9641 ,  0.7015 ,  0.3248 ,
  0.0401 ,  0.1619 , -0.4758 , -3.3310 ,  0.0294 ,  0.9811 ,
 -0.0417 , -0.0010 , -0.6350 ,  0.0199 ,  1.1787 ,  0.0071 ,
 -0.0010 , -0.0009 , -0.4759 , -2.3102 ,  0.6200 ,  0.9811 ,
  0.0003 ,  0.1220 , -0.1589 , -0.9544 ,  1.8427 ,  0.6522 ,
 -0.0408 ,  0.0403 , -0.3178 , -1.6010 , -0.0722 ,  1.3045 ,
  0.0008 ,  0.0818 ,  0.1585 , -0.1278 ,  0.6074 , -0.3270 ,
  0.0800 ,  0.0802 , -0.4752 , -1.6587 ,  2.5970 ,  0.6558 ,
  0.1215 ,  0.1217 ,  0.0010 , -2.5102 , -1.0793 ,  0.3252 ,
 -0.0002 ,  0.1621 , -0.4762 , -1.0061 ,  0.5887 ,  0.9811 ,
 -0.1216 , -0.0000 , -0.3185 , -1.5390 ,  1.6766 ,  0.6541 ,
  0.0399 , -0.0005 , -0.1582 ,  0.0045 ,  0.0622 ,  0.6522 ,
 -0.0003 , -0.0003 , -0.1586 ,  0.0049 , -0.0007 ,  0.3270 ,
 -0.1212 ,  0.0003 , -0.1599 , -0.7690 ,  0.4328 ,  0.6523 ,
 -0.0397 ,  0.0414 ,  0.3151 , -1.6219 ,  1.1685 , -0.3283 ,
  0.1618 ,  0.1215 ,  0.0014 , -1.7355 ,  0.8505 ,  0.6504 ,
  0.0402 ,  0.1215 , -0.3171 , -0.1749 ,  1.2825 ,  0.0036 ,
 -0.1208 ,  0.0818 , -0.1600 , -1.6667 ,  1.6617 ,  0.9775 ,
  0.1203 ,  0.0800 , -0.4749 , -0.8841 ,  1.4153 ,  0.3306 ,
  0.0795 , -0.0013 , -0.4751 ,  1.5636 ,  1.3680 ,  0.0053 ,
 -0.0401 ,  0.0410 , -0.0005 , -0.8360 , -0.6931 ,  1.3010 ,
 -0.0404 ,  0.0406 , -0.1591 , -0.0562 , -0.0715 ,  0.3270 ,
 -0.0812 ,  0.0810 , -0.4769 , -1.6574 ,  2.9675 ,  0.3306 ,
  0.0004 ,  0.0815 , -0.0002 , -0.8978 , -0.0156 ,  0.6505 ,
 -0.0411 ,  0.0400 , -0.4764 , -1.5962 ,  0.5493 ,  0.0053 ,
  0.0409 ,  0.1221 ,  0.0002 ,  0.5901 ,  1.2841 ,  0.3252 ,
 -0.0809 ,  0.0813 , -0.3182 , -0.1124 ,  1.1016 ,  0.6541 ,
  0.0007 ,  0.0006 ,  0.3173 , -0.0098 ,  0.0015 ,  1.9479 ,
  0.0004 ,  0.0815 , -0.0002 , -0.1229 ,  0.6066 ,  1.6262 ,
 -0.0398 ,  0.1629 , -0.1593 , -1.7904 ,  0.5274 ,  0.6522 ,
 -0.0809 ,  0.0813 , -0.3182 , -0.1124 ,  0.4793 ,  0.6541 ,
  0.0405 ,  0.0406 ,  0.0003 ,  2.2625 ,  1.9219 ,  0.6504 ,
  0.0405 ,  0.0406 ,  0.0003 , -0.0618 ,  2.5441 ,  0.6504 ,
 -0.0413 , -0.0007 , -0.4763 ,  0.0150 ,  1.8016 ,  1.3063 ,
  0.0397 , -0.0413 , -0.1582 , -1.4837 , -0.5524 ,  0.6522 ,
 -0.0399 ,  0.0005 ,  0.1582 , -0.0045 ,  1.8046 ,  0.3234 ,
 -0.0410 , -0.0004 , -0.3177 ,  0.7850 ,  1.8024 ,  0.9793 ,
  0.0803 ,  0.0805 , -0.3166 ,  0.6610 ,  0.7310 ,  0.9793 ,
 -0.0812 ,  0.0810 , -0.4769 , -0.1076 ,  0.4786 ,  0.6558 ,
  0.0008 ,  0.0818 ,  0.1585 , -0.1278 ,  1.8520 ,  0.3234 ,
  0.0402 ,  0.1215 , -0.3171 , -0.9498 ,  0.6602 ,  0.3288 ,
  0.0403 , -0.0002 ,  0.0004 ,  0.7745 ,  1.9298 ,  0.6504 ,
  0.0804 ,  0.1618 , -0.4754 , -1.0068 , -0.5300 ,  1.3063 ,
 -0.0006 ,  0.0806 , -0.4761 , -0.8831 ,  0.6044 ,  0.6558 ,
 -0.0401 ,  0.0410 , -0.0005 , -3.1605 ,  1.7961 ,  0.6505 ,
  0.0811 ,  0.1624 , -0.1581 ,  0.5332 ,  1.9606 ,  0.6522 ,
  0.0009 ,  0.0414 ,  0.3172 , -0.0712 ,  1.8605 ,  0.3217 ,
 -0.0008 , -0.1631 ,  0.0003 ,  0.2458 ,  3.1425 ,  0.6504 ,
 -0.0003 , -0.0003 , -0.1586 ,  0.0049 ,  0.6215 ,  0.3270 ,
 -0.1201 ,  0.0428 ,  0.3165 ,  1.4774 ,  1.6621 ,  0.6417 ,
  0.0805 ,  0.0813 ,  0.1589 ,  0.6419 ,  1.3463 ,  0.6375 ,
  0.0807 ,  0.0808 , -0.1580 , -0.1187 ,  0.1095 ,  1.3027 ,
 -0.0409 ,  0.0808 , -0.4765 , -0.8828 , -0.7031 ,  0.0053 ,
 -0.1620 ,  0.0406 , -0.4776 , -1.5952 , -0.8840 ,  0.9811 ,
  0.1210 ,  0.0806 , -0.1576 , -0.8939 ,  1.4169 ,  1.3027 ,
 -0.1207 ,  0.0413 , -0.0013 ,  0.7144 , -0.1966 ,  0.0000 ,
  0.1217 ,  0.0410 ,  0.3181 , -0.0701 ,  0.8031 ,  0.9436 ,
 -0.1210 ,  0.0410 , -0.1599 , -1.6053 ,  1.6695 ,  0.0018 ,
  0.1208 ,  0.1211 , -0.3163 , -0.9505 ,  1.4084 ,  0.6540 ,
 -0.0404 ,  0.0406 , -0.1591 , -2.3810 ,  0.5508 ,  0.6522 ,
  0.0000 ,  0.0000 ,  0.0000 ,  0.0000 ,  0.0000 ,  0.0000 ,
  0.0000 ,  0.0000 ,  0.0000 ,  0.0000 ,  0.0000 ,  0.0000 ,
  0.0000 ,  0.0000 ,  0.0000 ,  0.0000 ,  0.0000 ,  0.0000 ,
  0.0000 ,  0.0000 ,  0.0000 ,  0.0000 ,  0.0000 ,  0.0000 ,
  0.0000 ,  0.0000 ,  0.0000 ,  0.0000 ,  0.0000 ,  0.0000 ,
  0.0000 ,  0.0000 ,  0.0000 ,  0.0000 ,  0.0000 ,  0.0000 ,
  0.0000 ,  0.0000 ,  0.0000 ,  0.0000 ,  0.0000 ,  0.0000 ,
  0.0000 ,  0.0000 ,  0.0000 ,  0.0000 ,  0.0000 ,  0.0000 ,
  0.0000 ,  0.0000 ,  0.0000 ,  0.0000 ,  0.0000 ,  0.0000 ,
  0.0000 ,  0.0000 ,  0.0000 ,  0.0000 ,  0.0000 ,  0.0000 ,
  0.0000 ,  0.0000 ,  0.0000 ,  0.0000 ,  0.0000 ,  0.0000 ,
  0.0000 ,  0.0000 ,  0.0000 ,  0.0000 ,  0.0000 ,  0.0000 ,
  0.0000 ,  0.0000 ,  0.0000 ,  0.0000 ,  0.0000 ,  0.0000 ,
  0.0000 ,  0.0000 ,  0.0000 ,  0.0000 ,  0.0000 ,  0.0000 ,
  0.0000 ,  0.0000 ,  0.0000 ,  0.0000 ,  0.0000 ,  0.0000 ,
  0.0000 ,  0.0000 ,  0.0000 ,  0.0000 ,  0.0000 ,  0.0000 ,
  0.0000 ,  0.0000 ,  0.0000 ,  0.0000 ,  0.0000 ,  0.0000 ,
  0.0000 ,  0.0000 ,  0.0000 ,  0.0000 ,  0.0000 ,  0.0000 ,
  0.0000 ,  0.0000 ,  0.0000 ,  0.0000 ,  0.0000 ,  0.0000 ,
  0.0000 ,  0.0000 ,  0.0000 ,  0.0000 ,  0.0000 ,  0.0000 ,
  0.0000 ,  0.0000 ,  0.0000 ,  0.0000 ,  0.0000 ,  0.0000 ,
  0.0000 ,  0.0000 ,  0.0000 ,  0.0000 ,  0.0000 ,  0.0000 ,
  0.0000 ,  0.0000 ,  0.0000 ,  0.0000 ,  0.0000 ,  0.0000 ,
  0.0000 ,  0.0000 ,  0.0000 ,  0.0000 ,  0.0000 ,  0.0000 ,
  0.0000 ,  0.0000 ,  0.0000 ,  0.0000 ,  0.0000 ,  0.0000 ,
  0.0000 ,  0.0000 ,  0.0000 ,  0.0000 ,  0.0000 ,  0.0000 ,
  0.0000 ,  0.0000 ,  0.0000 ,  0.0000 ,  0.0000 ,  0.0000 ,
  0.0000 ,  0.0000 ,  0.0000 ,  0.0000 ,  0.0000 ,  0.0000 ,
  0.0000 ,  0.0000 ,  0.0000 ,  0.0000 ,  0.0000 ,  0.0000 ,
  0.0000 ,  0.0000 ,  0.0000 ,  0.0000 ,  0.0000 ,  0.0000 ,
  0.0000 ,  0.0000 ,  0.0000 ,  0.0000 ,  0.0000 ,  0.0000 ,
  0.0000 ,  0.0000 ,  0.0000 ,  0.0000 ,  0.0000 ,  0.0000 ,
  0.0000 ,  0.0000 ,  0.0000 ,  0.0000 ,  0.0000 ,  0.0000 ,
  0.0000 ,  0.0000 ,  0.0000 ,  0.0000 ,  0.0000 ,  0.0000 ,
  0.0000 ,  0.0000 ,  0.0000 ,  0.0000 ,  0.0000 ,  0.0000 ,
  0.0000 ,  0.0000 ,  0.0000 ,  0.0000 ,  0.0000 ,  0.0000 ,
  0.0000 ,  0.0000 ,  0.0000 ,  0.0000 ,  0.0000 ,  0.0000 ,
  0.0000 ,  0.0000 ,  0.0000 ,  0.0000 ,  0.0000 ,  0.0000 ,
  0.0000 ,  0.0000 ,  0.0000 ,  0.0000 ,  0.0000 ,  0.0000 ,
  0.0000 ,  0.0000 ,  0.0000 ,  0.0000 ,  0.0000 ,  0.0000 ,
  0.0000 ,  0.0000 ,  0.0000 ,  0.0000 ,  0.0000 ,  0.0000 ,
  0.0000 ,  0.0000 ,  0.0000 ,  0.0000 ,  0.0000 ,  0.0000 ,
  0.0000 ,  0.0000 ,  0.0000 ,  0.0000 ,  0.0000 ,  0.0000 ,
  0.0000 ,  0.0000 ,  0.0000 ,  0.0000 ,  0.0000 ,  0.0000 ,
  0.0000 ,  0.0000 ,  0.0000 ,  0.0000 ,  0.0000 ,  0.0000 ,
  0.0000 ,  0.0000 ,  0.0000 ,  0.0000 ,  0.0000 ,  0.0000 ,
  0.0000 ,  0.0000 ,  0.0000 ,  0.0000 ,  0.0000 ,  0.0000 ,
  0.0000 ,  0.0000 ,  0.0000 ,  0.0000 ,  0.0000 ,  0.0000 ,
  0.0000 ,  0.0000 ,  0.0000 ,  0.0000 ,  0.0000 ,  0.0000 ,
  0.0000 ,  0.0000 ,  0.0000 ,  0.0000 ,  0.0000 ,  0.0000 ,
  0.0000 ,  0.0000 ,  0.0000 ,  0.0000 ,  0.0000 ,  0.0000 ,
  0.0000 ,  0.0000 ,  0.0000 ,  0.0000 ,  0.0000 ,  0.0000 ,
  0.0000 ,  0.0000 ,  0.0000 ,  0.0000 ,  0.0000 ,  0.0000 ,
  0.0000 ,  0.0000 ,  0.0000 ,  0.0000 ,  0.0000 ,  0.0000 ,
  0.0000 ,  0.0000 ,  0.0000 ,  0.0000 ,  0.0000 ,  0.0000 ,
  0.0000 ,  0.0000 ,  0.0000 ,  0.0000 ,  0.0000 ,  0.0000 ,
  0.0000 ,  0.0000 ,  0.0000 ,  0.0000 ,  0.0000 ,  0.0000 ,
  0.0000 ,  0.0000 ,  0.0000 ,  0.0000 ,  0.0000 ,  0.0000 ,
  0.0000 ,  0.0000 ,  0.0000 ,  0.0000 ,  0.0000 ,  0.0000 ,
  0.0000 ,  0.0000 ,  0.0000 ,  0.0000 ,  0.0000 ,  0.0000 ,
  0.0000 ,  0.0000 ,  0.0000 ,  0.0000 ,  0.0000 ,  0.0000 ,
  0.0000 ,  0.0000 ,  0.0000 ,  0.0000 ,  0.0000 ,  0.0000 ,
  0.0000 ,  0.0000 ,  0.0000 ,  0.0000 ,  0.0000 ,  0.0000 ,
  0.0000 ,  0.0000 ,  0.0000 ,  0.0000 ,  0.0000 ,  0.0000 ,
  0.0000 ,  0.0000 ,  0.0000 ,  0.0000 ,  0.0000 ,  0.0000 ,
  0.0000 ,  0.0000 ,  0.0000 ,  0.0000 ,  0.0000 ,  0.0000 ,
  0.0000 ,  0.0000 ,  0.0000 ,  0.0000 ,  0.0000 ,  0.0000 ,
  0.0000 ,  0.0000 ,  0.0000 ,  0.0000 ,  0.0000 ,  0.0000 ,
  0.0000 ,  0.0000 ,  0.0000 ,  0.0000 ,  0.0000 ,  0.0000 ,
  0.0000 ,  0.0000 ,  0.0000 ,  0.0000 ,  0.0000 ,  0.0000 ,
  0.0000 ,  0.0000 ,  0.0000 ,  0.0000 ,  0.0000 ,  0.0000 ,
  0.0000 ,  0.0000 ,  0.0000 ,  0.0000 ,  0.0000 ,  0.0000 ,
  0.0000 ,  0.0000 ,  0.0000 ,  0.0000 ,  0.0000 ,  0.0000 ,
  0.0000 ,  0.0000 ,  0.0000 ,  0.0000 ,  0.0000 ,  0.0000 ,
  0.0000 ,  0.0000 ,  0.0000 ,  0.0000 ,  0.0000 ,  0.0000 ,
  0.0000 ,  0.0000 ,  0.0000 ,  0.0000 ,  0.0000 ,  0.0000 ,
  0.0000 ,  0.0000 ,  0.0000 ,  0.0000 ,  0.0000 ,  0.0000 ,
  0.0000 ,  0.0000 ,  0.0000 ,  0.0000 ,  0.0000 ,  0.0000 ,
  0.0000 ,  0.0000 ,  0.0000 ,  0.0000 ,  0.0000 ,  0.0000 ,
  0.0000 ,  0.0000 ,  0.0000 ,  0.0000 ,  0.0000 ,  0.0000 ,
  0.0000 ,  0.0000 ,  0.0000 ,  0.0000 ,  0.0000 ,  0.0000 ,
  0.0000 ,  0.0000 ,  0.0000 ,  0.0000 ,  0.0000 ,  0.0000 ,
  0.0000 ,  0.0000 ,  0.0000 ,  0.0000 ,  0.0000 ,  0.0000 ,
  0.0000 ,  0.0000 ,  0.0000 ,  0.0000 ,  0.0000 ,  0.0000 ,
  0.0000 ,  0.0000 ,  0.0000 ,  0.0000 ,  0.0000 ,  0.0000 ,
  0.0000 ,  0.0000 ,  0.0000 ,  0.0000 ,  0.0000 ,  0.0000 ,
  0.0000 ,  0.0000 ,  0.0000 ,  0.0000 ,  0.0000 ,  0.0000 ,
  0.0000 ,  0.0000 ,  0.0000 ,  0.0000 ,  0.0000 ,  0.0000 ,
  0.0000 ,  0.0000 ,  0.0000 ,  0.0000 ,  0.0000 ,  0.0000 ,
  0.0000 ,  0.0000 ,  0.0000 ,  0.0000 ,  0.0000 ,  0.0000 ,
  0.0000 ,  0.0000 ,  0.0000 ,  0.0000 ,  0.0000 ,  0.0000 ,
  0.0000 ,  0.0000 ,  0.0000 ,  0.0000 ,  0.0000 ,  0.0000 ,
  0.0000 ,  0.0000 ,  0.0000 ,  0.0000 ,  0.0000 ,  0.0000 ,
  0.0000 ,  0.0000 ,  0.0000 ,  0.0000 ,  0.0000 ,  0.0000 ,
  0.0000 ,  0.0000 ,  0.0000 ,  0.0000 ,  0.0000 ,  0.0000 ,
  0.0000 ,  0.0000 ,  0.0000 ,  0.0000 ,  0.0000 ,  0.0000 ,
  0.0000 ,  0.0000 ,  0.0000 ,  0.0000 ,  0.0000 ,  0.0000 ,
  0.0000 ,  0.0000 ,  0.0000 ,  0.0000 ,  0.0000 ,  0.0000 ,
  0.0000 ,  0.0000 ,  0.0000 ,  0.0000 ,  0.0000 ,  0.0000 ,
  0.0000 ,  0.0000 ,  0.0000 ,  0.0000 ,  0.0000 ,  0.0000 ,
  0.0000 ,  0.0000 ,  0.0000 ,  0.0000 ,  0.0000 ,  0.0000 ,
  0.0000 ,  0.0000 ,  0.0000 ,  0.0000 ,  0.0000 ,  0.0000 ,
  0.0000 ,  0.0000 ,  0.0000 ,  0.0000 ,  0.0000 ,  0.0000 ,
  0.0000 ,  0.0000 ,  0.0000 ,  0.0000 ,  0.0000 ,  0.0000 ,
  0.0000 ,  0.0000 ,  0.0000 ,  0.0000 ,  0.0000 ,  0.0000 ,
  0.0000 ,  0.0000 ,  0.0000 ,  0.0000 ,  0.0000 ,  0.0000 ,
  0.0000 ,  0.0000 ,  0.0000 ,  0.0000 ,  0.0000 ,  0.0000 ,
  0.0000 ,  0.0000 ,  0.0000 ,  0.0000 ,  0.0000 ,  0.0000 ,
  0.0000 ,  0.0000 ,  0.0000 ,  0.0000 ,  0.0000 ,  0.0000 ,
  0.0000 ,  0.0000 ,  0.0000 ,  0.0000 ,  0.0000 ,  0.0000 ,
  0.0000 ,  0.0000 ,  0.0000 ,  0.0000 ,  0.0000 ,  0.0000 ,
  0.0000 ,  0.0000 ,  0.0000 ,  0.0000 ,  0.0000 ,  0.0000 ,
  0.0000 ,  0.0000 ,  0.0000 ,  0.0000 ,  0.0000 ,  0.0000 ,
  0.0000 ,  0.0000 ,  0.0000 ,  0.0000 ,  0.0000 ,  0.0000 ,
  0.0000 ,  0.0000 ,  0.0000 ,  0.0000 ,  0.0000 ,  0.0000 ,
  0.0000 ,  0.0000 ,  0.0000 ,  0.0000 ,  0.0000 ,  0.0000 ,
  0.0000 ,  0.0000 ,  0.0000 ,  0.0000 ,  0.0000 ,  0.0000 ,
  0.0000 ,  0.0000 ,  0.0000 ,  0.0000 ,  0.0000 ,  0.0000 ,
  0.0000 ,  0.0000 ,  0.0000 ,  0.0000 ,  0.0000 ,  0.0000 ,
  0.0000 ,  0.0000 ,  0.0000 ,  0.0000 ,  0.0000 ,  0.0000 ,
  0.0000 ,  0.0000 ,  0.0000 ,  0.0000 ,  0.0000 ,  0.0000 ,
  0.0000 ,  0.0000 ,  0.0000 ,  0.0000 ,  0.0000 ,  0.0000 ,
  0.0000 ,  0.0000 ,  0.0000 ,  0.0000 ,  0.0000 ,  0.0000 ,
  0.0000 ,  0.0000 ,  0.0000 ,  0.0000 ,  0.0000 ,  0.0000 ,
  0.0000 ,  0.0000 ,  0.0000 ,  0.0000 ,  0.0000 ,  0.0000 ,
  0.0000 ,  0.0000 ,  0.0000 ,  0.0000 ,  0.0000 ,  0.0000 ,
  0.0000 ,  0.0000 ,  0.0000 ,  0.0000 ,  0.0000 ,  0.0000 ,
  0.0000 ,  0.0000 ,  0.0000 ,  0.0000 ,  0.0000 ,  0.0000 ,
  0.0000 ,  0.0000 ,  0.0000 ,  0.0000 ,  0.0000 ,  0.0000 ,
  0.0000 ,  0.0000 ,  0.0000 ,  0.0000 ,  0.0000 ,  0.0000 ,
  0.0000 ,  0.0000 ,  0.0000 ,  0.0000 ,  0.0000 ,  0.0000 ,
  0.0000 ,  0.0000 ,  0.0000 ,  0.0000 ,  0.0000 ,  0.0000 ,
  0.0000 ,  0.0000 ,  0.0000 ,  0.0000 ,  0.0000 ,  0.0000 ,
  0.0000 ,  0.0000 ,  0.0000 ,  0.0000 ,  0.0000 ,  0.0000 ,
  0.0000 ,  0.0000 ,  0.0000 ,  0.0000 ,  0.0000 ,  0.0000 ,
  0.0000 ,  0.0000 ,  0.0000 ,  0.0000 ,  0.0000 ,  0.0000 ,
  0.0000 ,  0.0000 ,  0.0000 ,  0.0000 ,  0.0000 ,  0.0000 ,
  0.0000 ,  0.0000 ,  0.0000 ,  0.0000 ,  0.0000 ,  0.0000 ,
  0.0000 ,  0.0000 ,  0.0000 ,  0.0000 ,  0.0000 ,  0.0000 ,
  0.0000 ,  0.0000 ,  0.0000 ,  0.0000 ,  0.0000 ,  0.0000 ,
  0.0000 ,  0.0000 ,  0.0000 ,  0.0000 ,  0.0000 ,  0.0000 ,
  0.0000 ,  0.0000 ,  0.0000 ,  0.0000 ,  0.0000 ,  0.0000 ,
  0.0000 ,  0.0000 ,  0.0000 ,  0.0000 ,  0.0000 ,  0.0000 ,
  0.0000 ,  0.0000 ,  0.0000 ,  0.0000 ,  0.0000 ,  0.0000 ,
  0.0000 ,  0.0000 ,  0.0000 ,  0.0000 ,  0.0000 ,  0.0000 ,
  0.0000 ,  0.0000 ,  0.0000 ,  0.0000 ,  0.0000 ,  0.0000 ,
  0.0000 ,  0.0000 ,  0.0000 ,  0.0000 ,  0.0000 ,  0.0000 ,
  0.0000 ,  0.0000 ,  0.0000 ,  0.0000 ,  0.0000 ,  0.0000 ,
  0.0000 ,  0.0000 ,  0.0000 ,  0.0000 ,  0.0000 ,  0.0000 ,
  0.0000 ,  0.0000 ,  0.0000 ,  0.0000 ,  0.0000 ,  0.0000 ,
  0.0000 ,  0.0000 ,  0.0000 ,  0.0000 ,  0.0000 ,  0.0000 ,
  0.0000 ,  0.0000 ,  0.0000 ,  0.0000 ,  0.0000 ,  0.0000 ,
  0.0000 ,  0.0000 ,  0.0000 ,  0.0000 ,  0.0000 ,  0.0000 ,
  0.0000 ,  0.0000 ,  0.0000 ,  0.0000 ,  0.0000 ,  0.0000 ,
  0.0000 ,  0.0000 ,  0.0000 ,  0.0000 ,  0.0000 ,  0.0000 ,
  0.0000 ,  0.0000 ,  0.0000 ,  0.0000 ,  0.0000 ,  0.0000 ,
  0.0000 ,  0.0000 ,  0.0000 ,  0.0000 ,  0.0000 ,  0.0000 ,
  0.0000 ,  0.0000 ,  0.0000 ,  0.0000 ,  0.0000 ,  0.0000 ,
  0.0000 ,  0.0000 ,  0.0000 ,  0.0000 ,  0.0000 ,  0.0000 ,
  0.0000 ,  0.0000 ,  0.0000 ,  0.0000 ,  0.0000 ,  0.0000 ,
  0.0000 ,  0.0000 ,  0.0000 ,  0.0000 ,  0.0000 ,  0.0000 ,
  0.0000 ,  0.0000 ,  0.0000 ,  0.0000 ,  0.0000 ,  0.0000 ,
  0.0000 ,  0.0000 ,  0.0000 ,  0.0000 ,  0.0000 ,  0.0000 ,
  0.0000 ,  0.0000 ,  0.0000 ,  0.0000 ,  0.0000 ,  0.0000 ,
  0.0000 ,  0.0000 ,  0.0000 ,  0.0000 ,  0.0000 ,  0.0000 ,
  0.0000 ,  0.0000 ,  0.0000 ,  0.0000 ,  0.0000 ,  0.0000 ,
  0.0000 ,  0.0000 ,  0.0000 ,  0.0000 ,  0.0000 ,  0.0000 ,
  0.0000 ,  0.0000 ,  0.0000 ,  0.0000 ,  0.0000 ,  0.0000 ,
  0.0000 ,  0.0000 ,  0.0000 ,  0.0000 ,  0.0000 ,  0.0000 ,
  0.0000 ,  0.0000 ,  0.0000 ,  0.0000 ,  0.0000 ,  0.0000 ,
  0.0000 ,  0.0000 ,  0.0000 ,  0.0000 ,  0.0000 ,  0.0000 ,
  0.0000 ,  0.0000 ,  0.0000 ,  0.0000 ,  0.0000 ,  0.0000 ,
  0.0000 ,  0.0000 ,  0.0000 ,  0.0000 ,  0.0000 ,  0.0000 ,
  0.0000 ,  0.0000 ,  0.0000 ,  0.0000 ,  0.0000 ,  0.0000 ,
  0.0000 ,  0.0000 ,  0.0000 ,  0.0000 ,  0.0000 ,  0.0000 ,
  0.0000 ,  0.0000 ,  0.0000 ,  0.0000 ,  0.0000 ,  0.0000 ,
  0.0000 ,  0.0000 ,  0.0000 ,  0.0000 ,  0.0000 ,  0.0000 ,
  0.0000 ,  0.0000 ,  0.0000 ,  0.0000 ,  0.0000 ,  0.0000 ,
  0.0000 ,  0.0000 ,  0.0000 ,  0.0000 ,  0.0000 ,  0.0000 ,
  0.0000 ,  0.0000 ,  0.0000 ,  0.0000 ,  0.0000 ,  0.0000 ,
  0.0000 ,  0.0000 ,  0.0000 ,  0.0000 ,  0.0000 ,  0.0000 ,
  0.0000 ,  0.0000 ,  0.0000 ,  0.0000 ,  0.0000 ,  0.0000 ,
  0.0000 ,  0.0000 ,  0.0000 ,  0.0000 ,  0.0000 ,  0.0000 ,
  0.0000 ,  0.0000 ,  0.0000 ,  0.0000 ,  0.0000 ,  0.0000 ,
  0.0000 ,  0.0000 ,  0.0000 ,  0.0000 ,  0.0000 ,  0.0000 ,
  0.0000 ,  0.0000 ,  0.0000 ,  0.0000 ,  0.0000 ,  0.0000 ,
  0.0000 ,  0.0000 ,  0.0000 ,  0.0000 ,  0.0000 ,  0.0000 ,
  0.0000 ,  0.0000 ,  0.0000 ,  0.0000 ,  0.0000 ,  0.0000 ,
  0.0000 ,  0.0000 ,  0.0000 ,  0.0000 ,  0.0000 ,  0.0000 ,
  0.0000 ,  0.0000 ,  0.0000 ,  0.0000 ,  0.0000 ,  0.0000 ,
  0.0000 ,  0.0000 ,  0.0000 ,  0.0000 ,  0.0000 ,  0.0000 ,
  0.0000 ,  0.0000 ,  0.0000 ,  0.0000 ,  0.0000 ,  0.0000 ,
  0.0000 ,  0.0000 ,  0.0000 ,  0.0000 ,  0.0000 ,  0.0000 ,
  0.0000 ,  0.0000 ,  0.0000 ,  0.0000 ,  0.0000 ,  0.0000 ,
  0.0000 ,  0.0000 ,  0.0000 ,  0.0000 ,  0.0000 ,  0.0000 ,
  0.0000 ,  0.0000 ,  0.0000 ,  0.0000 ,  0.0000 ,  0.0000 ,
  0.0000 ,  0.0000 ,  0.0000 ,  0.0000 ,  0.0000 ,  0.0000 ,
  0.0000 ,  0.0000 ,  0.0000 ,  0.0000 ,  0.0000 ,  0.0000 ,
  0.0000 ,  0.0000 ,  0.0000 ,  0.0000 ,  0.0000 ,  0.0000 ,
  0.0000 ,  0.0000 ,  0.0000 ,  0.0000 ,  0.0000 ,  0.0000 ,
  0.0000 ,  0.0000 ,  0.0000 ,  0.0000 ,  0.0000 ,  0.0000 ,
  0.0000 ,  0.0000 ,  0.0000 ,  0.0000 ,  0.0000 ,  0.0000 ,
  0.0000 ,  0.0000 ,  0.0000 ,  0.0000 ,  0.0000 ,  0.0000 ,
  0.0000 ,  0.0000 ,  0.0000 ,  0.0000 ,  0.0000 ,  0.0000 ,
  0.0000 ,  0.0000 ,  0.0000 ,  0.0000 ,  0.0000 ,  0.0000 ,
  0.0000 ,  0.0000 ,  0.0000 ,  0.0000 ,  0.0000 ,  0.0000 ,
  0.0000 ,  0.0000 ,  0.0000 ,  0.0000 ,  0.0000 ,  0.0000 ,
  0.0000 ,  0.0000 ,  0.0000 ,  0.0000 ,  0.0000 ,  0.0000 ,
  0.0000 ,  0.0000 ,  0.0000 ,  0.0000 ,  0.0000 ,  0.0000 ,
  0.0000 ,  0.0000 ,  0.0000 ,  0.0000 ,  0.0000 ,  0.0000 ,
  0.0000 ,  0.0000 ,  0.0000 ,  0.0000 ,  0.0000 ,  0.0000 ,
  0.0000 ,  0.0000 ,  0.0000 ,  0.0000 ,  0.0000 ,  0.0000 ,
  0.0000 ,  0.0000 ,  0.0000 ,  0.0000 ,  0.0000 ,  0.0000 ,
  0.0000 ,  0.0000 ,  0.0000 ,  0.0000 ,  0.0000 ,  0.0000 ,
  0.0000 ,  0.0000 ,  0.0000 ,  0.0000 ,  0.0000 ,  0.0000 ,
  0.0000 ,  0.0000 ,  0.0000 ,  0.0000 ,  0.0000 ,  0.0000 ,
  0.0000 ,  0.0000 ,  0.0000 ,  0.0000 ,  0.0000 ,  0.0000 ,
  0.0000 ,  0.0000 ,  0.0000 ,  0.0000 ,  0.0000 ,  0.0000 ,
  0.0000 ,  0.0000 ,  0.0000 ,  0.0000 ,  0.0000 ,  0.0000 ,
  0.0000 ,  0.0000 ,  0.0000 ,  0.0000 ,  0.0000 ,  0.0000 ,
  0.0000 ,  0.0000 ,  0.0000 ,  0.0000 ,  0.0000 ,  0.0000 ,
  0.0000 ,  0.0000 ,  0.0000 ,  0.0000 ,  0.0000 ,  0.0000 ,
  0.0000 ,  0.0000 ,  0.0000 ,  0.0000 ,  0.0000 ,  0.0000 ,
  0.0000 ,  0.0000 ,  0.0000 ,  0.0000 ,  0.0000 ,  0.0000 ,
  0.0000 ,  0.0000 ,  0.0000 ,  0.0000 ,  0.0000 ,  0.0000 ,
  0.0000 ,  0.0000 ,  0.0000 ,  0.0000 ,  0.0000 ,  0.0000 ,
  0.0000 ,  0.0000 ,  0.0000 ,  0.0000 ,  0.0000 ,  0.0000 ,
  0.0000 ,  0.0000 ,  0.0000 ,  0.0000 ,  0.0000 ,  0.0000 ,
  0.0000 ,  0.0000 ,  0.0000 ,  0.0000 ,  0.0000 ,  0.0000 ,
  0.0000 ,  0.0000 ,  0.0000 ,  0.0000 ,  0.0000 ,  0.0000 ,
  0.0000 ,  0.0000 ,  0.0000 ,  0.0000 ,  0.0000 ,  0.0000 ,
  0.0000 ,  0.0000 ,  0.0000 ,  0.0000 ,  0.0000 ,  0.0000 ,
  0.0000 ,  0.0000 ,  0.0000 ,  0.0000 ,  0.0000 ,  0.0000 ,
  0.0000 ,  0.0000 ,  0.0000 ,  0.0000 ,  0.0000 ,  0.0000 ,
  0.0000 ,  0.0000 ,  0.0000 ,  0.0000 ,  0.0000 ,  0.0000 ,
  0.0000 ,  0.0000 ,  0.0000 ,  0.0000 ,  0.0000 ,  0.0000 ,
  0.0000 ,  0.0000 ,  0.0000 ,  0.0000 ,  0.0000 ,  0.0000 ,
  0.0000 ,  0.0000 ,  0.0000 ,  0.0000 ,  0.0000 ,  0.0000 ,
  0.0000 ,  0.0000 ,  0.0000 ,  0.0000 ,  0.0000 ,  0.0000 ,
  0.0000 ,  0.0000 ,  0.0000 ,  0.0000 ,  0.0000 ,  0.0000 ,
  0.0000 ,  0.0000 ,  0.0000 ,  0.0000 ,  0.0000 ,  0.0000 ,
  0.0000 ,  0.0000 ,  0.0000 ,  0.0000 ,  0.0000 ,  0.0000 ,
  0.0000 ,  0.0000 ,  0.0000 ,  0.0000 ,  0.0000 ,  0.0000 ,
  0.0000 ,  0.0000 ,  0.0000 ,  0.0000 ,  0.0000 ,  0.0000 ,
  0.0000 ,  0.0000 ,  0.0000 ,  0.0000 ,  0.0000 ,  0.0000 ,
  0.0000 ,  0.0000 ,  0.0000 ,  0.0000 ,  0.0000 ,  0.0000 ,
  0.0000 ,  0.0000 ,  0.0000 ,  0.0000 ,  0.0000 ,  0.0000 ,
  0.0000 ,  0.0000 ,  0.0000 ,  0.0000 ,  0.0000 ,  0.0000 ,
  0.0000 ,  0.0000 ,  0.0000 ,  0.0000 ,  0.0000 ,  0.0000 ,
  0.0000 ,  0.0000 ,  0.0000 ,  0.0000 ,  0.0000 ,  0.0000 ,
  0.0000 ,  0.0000 ,  0.0000 ,  0.0000 ,  0.0000 ,  0.0000 ,
  0.0000 ,  0.0000 ,  0.0000 ,  0.0000 ,  0.0000 ,  0.0000 ,
  0.0000 ,  0.0000 ,  0.0000 ,  0.0000 ,  0.0000 ,  0.0000 ,
  0.0000 ,  0.0000 ,  0.0000 ,  0.0000 ,  0.0000 ,  0.0000 ,
  0.0000 ,  0.0000 ,  0.0000 ,  0.0000 ,  0.0000 ,  0.0000 ,
  0.0000 ,  0.0000 ,  0.0000 ,  0.0000 ,  0.0000 ,  0.0000 ,
  0.0000 ,  0.0000 ,  0.0000 ,  0.0000 ,  0.0000 ,  0.0000 ,
  0.0000 ,  0.0000 ,  0.0000 ,  0.0000 ,  0.0000 ,  0.0000 ,
  0.0000 ,  0.0000 ,  0.0000 ,  0.0000 ,  0.0000 ,  0.0000 ,
  0.0000 ,  0.0000 ,  0.0000 ,  0.0000 ,  0.0000 ,  0.0000 ,
  0.0000 ,  0.0000 ,  0.0000 ,  0.0000 ,  0.0000 ,  0.0000 ,
  0.0000 ,  0.0000 ,  0.0000 ,  0.0000 ,  0.0000 ,  0.0000 ,
  0.0000 ,  0.0000 ,  0.0000 ,  0.0000 ,  0.0000 ,  0.0000 ,
  0.0000 ,  0.0000 ,  0.0000 ,  0.0000 ,  0.0000 ,  0.0000 ,
  0.0000 ,  0.0000 ,  0.0000 ,  0.0000 ,  0.0000 ,  0.0000 ,
  0.0000 ,  0.0000 ,  0.0000 ,  0.0000 ,  0.0000 ,  0.0000 ,
  0.0000 ,  0.0000 ,  0.0000 ,  0.0000 ,  0.0000 ,  0.0000 ,
  0.0000 ,  0.0000 ,  0.0000 ,  0.0000 ,  0.0000 ,  0.0000 ,
  0.0000 ,  0.0000 ,  0.0000 ,  0.0000 ,  0.0000 ,  0.0000 ,
  0.0000 ,  0.0000 ,  0.0000 ,  0.0000 ,  0.0000 ,  0.0000 ,
  0.0000 ,  0.0000 ,  0.0000 ,  0.0000 ,  0.0000 ,  0.0000 ,
  0.0000 ,  0.0000 ,  0.0000 ,  0.0000 ,  0.0000 ,  0.0000 ,
  0.0000 ,  0.0000 ,  0.0000 ,  0.0000 ,  0.0000 ,  0.0000 ,
  0.0000 ,  0.0000 ,  0.0000 ,  0.0000 ,  0.0000 ,  0.0000 ,
  0.0000 ,  0.0000 ,  0.0000 ,  0.0000 ,  0.0000 ,  0.0000 ,
  0.0000 ,  0.0000 ,  0.0000 ,  0.0000 ,  0.0000 ,  0.0000 ,
  0.0000 ,  0.0000 ,  0.0000 ,  0.0000 ,  0.0000 ,  0.0000 ,
  0.0000 ,  0.0000 ,  0.0000 ,  0.0000 ,  0.0000 ,  0.0000 ,
  0.0000 ,  0.0000 ,  0.0000 ,  0.0000 ,  0.0000 ,  0.0000 ,
  0.0000 ,  0.0000 ,  0.0000 ,  0.0000 ,  0.0000 ,  0.0000 ,
  0.0000 ,  0.0000 ,  0.0000 ,  0.0000 ,  0.0000 ,  0.0000 ,
  0.0000 ,  0.0000 ,  0.0000 ,  0.0000 ,  0.0000 ,  0.0000 ,
  0.0000 ,  0.0000 ,  0.0000 ,  0.0000 ,  0.0000 ,  0.0000 ,
  0.0000 ,  0.0000 ,  0.0000 ,  0.0000 ,  0.0000 ,  0.0000 ,
  0.0000 ,  0.0000 ,  0.0000 ,  0.0000 ,  0.0000 ,  0.0000 ,
  0.0000 ,  0.0000 ,  0.0000 ,  0.0000 ,  0.0000 ,  0.0000 ,
  0.0000 ,  0.0000 ,  0.0000 ,  0.0000 ,  0.0000 ,  0.0000 ,
  0.0000 ,  0.0000 ,  0.0000 ,  0.0000 ,  0.0000 ,  0.0000 ,
  0.0000 ,  0.0000 ,  0.0000 ,  0.0000 ,  0.0000 ,  0.0000 ,
  0.0000 ,  0.0000 ,  0.0000 ,  0.0000 ,  0.0000 ,  0.0000 ,
  0.0000 ,  0.0000 ,  0.0000 ,  0.0000 ,  0.0000 ,  0.0000 ,
  0.0000 ,  0.0000 ,  0.0000 ,  0.0000 ,  0.0000 ,  0.0000 ,
  0.0000 ,  0.0000 ,  0.0000 ,  0.0000 ,  0.0000 ,  0.0000 ,
  0.0000 ,  0.0000 ,  0.0000 ,  0.0000 ,  0.0000 ,  0.0000 ,
  0.0000 ,  0.0000 ,  0.0000 ,  0.0000 ,  0.0000 ,  0.0000 ,
  0.0000 ,  0.0000 ,  0.0000 ,  0.0000 ,  0.0000 ,  0.0000 ,
  0.0000 ,  0.0000 ,  0.0000 ,  0.0000 ,  0.0000 ,  0.0000 ,
  0.0000 ,  0.0000 ,  0.0000 ,  0.0000 ,  0.0000 ,  0.0000 ,
  0.0000 ,  0.0000 ,  0.0000 ,  0.0000 ,  0.0000 ,  0.0000 ,
  0.0000 ,  0.0000 ,  0.0000 ,  0.0000 ,  0.0000 ,  0.0000 ,
  0.0000 ,  0.0000 ,  0.0000 ,  0.0000 ,  0.0000 ,  0.0000 ,
  0.0000 ,  0.0000 ,  0.0000 ,  0.0000 ,  0.0000 ,  0.0000 ,
  0.0000 ,  0.0000 ,  0.0000 ,  0.0000 ,  0.0000 ,  0.0000 ,
  0.0000 ,  0.0000 ,  0.0000 ,  0.0000 ,  0.0000 ,  0.0000 ,
  0.0000 ,  0.0000 ,  0.0000 ,  0.0000 ,  0.0000 ,  0.0000 ,
  0.0000 ,  0.0000 ,  0.0000 ,  0.0000 ,  0.0000 ,  0.0000 ,
  0.0000 ,  0.0000 ,  0.0000 ,  0.0000 ,  0.0000 ,  0.0000 ,
  0.0000 ,  0.0000 ,  0.0000 ,  0.0000 ,  0.0000 ,  0.0000 ,
  0.0000 ,  0.0000 ,  0.0000 ,  0.0000 ,  0.0000 ,  0.0000 ,
  0.0000 ,  0.0000 ,  0.0000 ,  0.0000 ,  0.0000 ,  0.0000 ,
  0.0000 ,  0.0000 ,  0.0000 ,  0.0000 ,  0.0000 ,  0.0000 ,
  0.0000 ,  0.0000 ,  0.0000 ,  0.0000 ,  0.0000 ,  0.0000 ,
  0.0000 ,  0.0000 ,  0.0000 ,  0.0000 ,  0.0000 ,  0.0000 ,
  0.0000 ,  0.0000 ,  0.0000 ,  0.0000 ,  0.0000 ,  0.0000 ,
  0.0000 ,  0.0000 ,  0.0000 ,  0.0000 ,  0.0000 ,  0.0000 ,
  0.0000 ,  0.0000 ,  0.0000 ,  0.0000 ,  0.0000 ,  0.0000 ,
  0.0000 ,  0.0000 ,  0.0000 ,  0.0000 ,  0.0000 ,  0.0000 ,
  0.0000 ,  0.0000 ,  0.0000 ,  0.0000 ,  0.0000 ,  0.0000 ,
  0.0000 ,  0.0000 ,  0.0000 ,  0.0000 ,  0.0000 ,  0.0000 ,
  0.0000 ,  0.0000 ,  0.0000 ,  0.0000 ,  0.0000 ,  0.0000 ,
  0.0000 ,  0.0000 ,  0.0000 ,  0.0000 ,  0.0000 ,  0.0000 ,
  0.0000 ,  0.0000 ,  0.0000 ,  0.0000 ,  0.0000 ,  0.0000 ,
  0.0000 ,  0.0000 ,  0.0000 ,  0.0000 ,  0.0000 ,  0.0000 ,
  0.0000 ,  0.0000 ,  0.0000 ,  0.0000 ,  0.0000 ,  0.0000 ,
  0.0000 ,  0.0000 ,  0.0000 ,  0.0000 ,  0.0000 ,  0.0000 ,
  0.0000 ,  0.0000 ,  0.0000 ,  0.0000 ,  0.0000 ,  0.0000 ,
  0.0000 ,  0.0000 ,  0.0000 ,  0.0000 ,  0.0000 ,  0.0000 ,
  0.0000 ,  0.0000 ,  0.0000 ,  0.0000 ,  0.0000 ,  0.0000 ,
  0.0000 ,  0.0000 ,  0.0000 ,  0.0000 ,  0.0000 ,  0.0000 ,
  0.0000 ,  0.0000 ,  0.0000 ,  0.0000 ,  0.0000 ,  0.0000 ,
  0.0000 ,  0.0000 ,  0.0000 ,  0.0000 ,  0.0000 ,  0.0000 ,
  0.0000 ,  0.0000 ,  0.0000 ,  0.0000 ,  0.0000 ,  0.0000 ,
  0.0000 ,  0.0000 ,  0.0000 ,  0.0000 ,  0.0000 ,  0.0000 ,
  0.0000 ,  0.0000 ,  0.0000 ,  0.0000 ,  0.0000 ,  0.0000 ,
  0.0000 ,  0.0000 ,  0.0000 ,  0.0000 ,  0.0000 ,  0.0000 ,
  0.0000 ,  0.0000 ,  0.0000 ,  0.0000 ,  0.0000 ,  0.0000 ,
  0.0000 ,  0.0000 ,  0.0000 ,  0.0000 ,  0.0000 ,  0.0000 ,
  0.0000 ,  0.0000 ,  0.0000 ,  0.0000 ,  0.0000 ,  0.0000 ,
  0.0000 ,  0.0000 ,  0.0000 ,  0.0000 ,  0.0000 ,  0.0000 ,
  0.0000 ,  0.0000 ,  0.0000 ,  0.0000 ,  0.0000 ,  0.0000 ,
  0.0000 ,  0.0000 ,  0.0000 ,  0.0000 ,  0.0000 ,  0.0000 ,
  0.0000 ,  0.0000 ,  0.0000 ,  0.0000 ,  0.0000 ,  0.0000 ,
  0.0000 ,  0.0000 ,  0.0000 ,  0.0000 ,  0.0000 ,  0.0000 ,
  0.0000 ,  0.0000 ,  0.0000 ,  0.0000 ,  0.0000 ,  0.0000 ,
  0.0000 ,  0.0000 ,  0.0000 ,  0.0000 ,  0.0000 ,  0.0000 ,
  0.0000 ,  0.0000 ,  0.0000 ,  0.0000 ,  0.0000 ,  0.0000 ,
  0.0000 ,  0.0000 ,  0.0000 ,  0.0000 ,  0.0000 ,  0.0000 ,
  0.0000 ,  0.0000 ,  0.0000 ,  0.0000 ,  0.0000 ,  0.0000 ,
  0.0000 ,  0.0000 ,  0.0000 ,  0.0000 ,  0.0000 ,  0.0000 ,
  0.0000 ,  0.0000 ,  0.0000 ,  0.0000 ,  0.0000 ,  0.0000 ,
  0.0000 ,  0.0000 ,  0.0000 ,  0.0000 ,  0.0000 ,  0.0000 ,
  0.0000 ,  0.0000 ,  0.0000 ,  0.0000 ,  0.0000 ,  0.0000 ,
  0.0000 ,  0.0000 ,  0.0000 ,  0.0000 ,  0.0000 ,  0.0000 ,
  0.0000 ,  0.0000 ,  0.0000 ,  0.0000 ,  0.0000 ,  0.0000 ,
  0.0000 ,  0.0000 ,  0.0000 ,  0.0000 ,  0.0000 ,  0.0000 ,
  0.0000 ,  0.0000 ,  0.0000 ,  0.0000 ,  0.0000 ,  0.0000 ,
  0.0000 ,  0.0000 ,  0.0000 ,  0.0000 ,  0.0000 ,  0.0000 ,
  0.0000 ,  0.0000 ,  0.0000 ,  0.0000 ,  0.0000 ,  0.0000 ,
  0.0000 ,  0.0000 ,  0.0000 ,  0.0000 ,  0.0000 ,  0.0000 ,
  0.0000 ,  0.0000 ,  0.0000 ,  0.0000 ,  0.0000 ,  0.0000 ,
  0.0000 ,  0.0000 ,  0.0000 ,  0.0000 ,  0.0000 ,  0.0000 ,
  0.0000 ,  0.0000 ,  0.0000 ,  0.0000 ,  0.0000 ,  0.0000 ,
  0.0000 ,  0.0000 ,  0.0000 ,  0.0000 ,  0.0000 ,  0.0000 ,
  0.0000 ,  0.0000 ,  0.0000 ,  0.0000 ,  0.0000 ,  0.0000 ,
  0.0000 ,  0.0000 ,  0.0000 ,  0.0000 ,  0.0000 ,  0.0000 ,
  0.0000 ,  0.0000 ,  0.0000 ,  0.0000 ,  0.0000 ,  0.0000 ,
  0.0000 ,  0.0000 ,  0.0000 ,  0.0000 ,  0.0000 ,  0.0000 ,
  0.0000 ,  0.0000 ,  0.0000 ,  0.0000 ,  0.0000 ,  0.0000 ,
  0.0000 ,  0.0000 ,  0.0000 ,  0.0000 ,  0.0000 ,  0.0000 ,
  0.0000 ,  0.0000 ,  0.0000 ,  0.0000 ,  0.0000 ,  0.0000 ,
  0.0000 ,  0.0000 ,  0.0000 ,  0.0000 ,  0.0000 ,  0.0000 ,
  0.0000 ,  0.0000 ,  0.0000 ,  0.0000 ,  0.0000 ,  0.0000 ,
  0.0000 ,  0.0000 ,  0.0000 ,  0.0000 ,  0.0000 ,  0.0000 ,
  0.0000 ,  0.0000 ,  0.0000 ,  0.0000 ,  0.0000 ,  0.0000 ,
  0.0000 ,  0.0000 ,  0.0000 ,  0.0000 ,  0.0000 ,  0.0000 ,
  0.0000 ,  0.0000 ,  0.0000 ,  0.0000 ,  0.0000 ,  0.0000 ,
  0.0000 ,  0.0000 ,  0.0000 ,  0.0000 ,  0.0000 ,  0.0000 ,
  0.0000 ,  0.0000 ,  0.0000 ,  0.0000 ,  0.0000 ,  0.0000 ,
  0.0000 ,  0.0000 ,  0.0000 ,  0.0000 ,  0.0000 ,  0.0000 ,
  0.0000 ,  0.0000 ,  0.0000 ,  0.0000 ,  0.0000 ,  0.0000 ,
  0.0000 ,  0.0000 ,  0.0000 ,  0.0000 ,  0.0000 ,  0.0000 ,
  0.0000 ,  0.0000 ,  0.0000 ,  0.0000 ,  0.0000 ,  0.0000 ,
  0.0000 ,  0.0000 ,  0.0000 ,  0.0000 ,  0.0000 ,  0.0000 ,
  0.0000 ,  0.0000 ,  0.0000 ,  0.0000 ,  0.0000 ,  0.0000 ,
  0.0000 ,  0.0000 ,  0.0000 ,  0.0000 ,  0.0000 ,  0.0000 ,
  0.0000 ,  0.0000 ,  0.0000 ,  0.0000 ,  0.0000 ,  0.0000 ,
  0.0000 ,  0.0000 ,  0.0000 ,  0.0000 ,  0.0000 ,  0.0000 ,
  0.0000 ,  0.0000 ,  0.0000 ,  0.0000 ,  0.0000 ,  0.0000 ,
  0.0000 ,  0.0000 ,  0.0000 ,  0.0000 ,  0.0000 ,  0.0000 ,
  0.0000 ,  0.0000 ,  0.0000 ,  0.0000 ,  0.0000 ,  0.0000 ,
  0.0000 ,  0.0000 ,  0.0000 ,  0.0000 ,  0.0000 ,  0.0000 ,
  0.0000 ,  0.0000 ,  0.0000 ,  0.0000 ,  0.0000 ,  0.0000 ,
  0.0000 ,  0.0000 ,  0.0000 ,  0.0000 ,  0.0000 ,  0.0000 ,
  0.0000 ,  0.0000 ,  0.0000 ,  0.0000 ,  0.0000 ,  0.0000 ,
  0.0000 ,  0.0000 ,  0.0000 ,  0.0000 ,  0.0000 ,  0.0000 ,
  0.0000 ,  0.0000 ,  0.0000 ,  0.0000 ,  0.0000 ,  0.0000 ,
  0.0000 ,  0.0000 ,  0.0000 ,  0.0000 ,  0.0000 ,  0.0000 ,
  0.0000 ,  0.0000 ,  0.0000 ,  0.0000 ,  0.0000 ,  0.0000 ,
  0.0000 ,  0.0000 ,  0.0000 ,  0.0000 ,  0.0000 ,  0.0000 ,
  0.0000 ,  0.0000 ,  0.0000 ,  0.0000 ,  0.0000 ,  0.0000 ,
  0.0000 ,  0.0000 ,  0.0000 ,  0.0000 ,  0.0000 ,  0.0000 ,
  0.0000 ,  0.0000 ,  0.0000 ,  0.0000 ,  0.0000 ,  0.0000 ,
  0.0000 ,  0.0000 ,  0.0000 ,  0.0000 ,  0.0000 ,  0.0000 ,
  0.0000 ,  0.0000 ,  0.0000 ,  0.0000 ,  0.0000 ,  0.0000 ,
  0.0000 ,  0.0000 ,  0.0000 ,  0.0000 ,  0.0000 ,  0.0000 ,
  0.0000 ,  0.0000 ,  0.0000 ,  0.0000 ,  0.0000 ,  0.0000 ,
  0.0000 ,  0.0000 ,  0.0000 ,  0.0000 ,  0.0000 ,  0.0000 ,
  0.0000 ,  0.0000 ,  0.0000 ,  0.0000 ,  0.0000 ,  0.0000 ,
  0.0000 ,  0.0000 ,  0.0000 ,  0.0000 ,  0.0000 ,  0.0000 ,
  0.0000 ,  0.0000 ,  0.0000 ,  0.0000 ,  0.0000 ,  0.0000 ,
  0.0000 ,  0.0000 ,  0.0000 ,  0.0000 ,  0.0000 ,  0.0000 ,
  0.0000 ,  0.0000 ,  0.0000 ,  0.0000 ,  0.0000 ,  0.0000 ,
  0.0000 ,  0.0000 ,  0.0000 ,  0.0000 ,  0.0000 ,  0.0000 ,
  0.0000 ,  0.0000 ,  0.0000 ,  0.0000 ,  0.0000 ,  0.0000 ,
  0.0000 ,  0.0000 ,  0.0000 ,  0.0000 ,  0.0000 ,  0.0000 ,
  0.0000 ,  0.0000 ,  0.0000 ,  0.0000 ,  0.0000 ,  0.0000 ,
  0.0000 ,  0.0000 ,  0.0000 ,  0.0000 ,  0.0000 ,  0.0000 ,
  0.0000 ,  0.0000 ,  0.0000 ,  0.0000 ,  0.0000 ,  0.0000 ,
  0.0000 ,  0.0000 ,  0.0000 ,  0.0000 ,  0.0000 ,  0.0000 ,
  0.0000 ,  0.0000 ,  0.0000 ,  0.0000 ,  0.0000 ,  0.0000 ,
  0.0000 ,  0.0000 ,  0.0000 ,  0.0000 ,  0.0000 ,  0.0000 ,
  0.0000 ,  0.0000 ,  0.0000 ,  0.0000 ,  0.0000 ,  0.0000 ,
  0.0000 ,  0.0000 ,  0.0000 ,  0.0000 ,  0.0000 ,  0.0000 ,
  0.0000 ,  0.0000 ,  0.0000 ,  0.0000 ,  0.0000 ,  0.0000 ,
  0.0000 ,  0.0000 ,  0.0000 ,  0.0000 ,  0.0000 ,  0.0000 ,
  0.0000 ,  0.0000 ,  0.0000 ,  0.0000 ,  0.0000 ,  0.0000 ,
  0.0000 ,  0.0000 ,  0.0000 ,  0.0000 ,  0.0000 ,  0.0000 ,
  0.0000 ,  0.0000 ,  0.0000 ,  0.0000 ,  0.0000 ,  0.0000 ,
  0.0000 ,  0.0000 ,  0.0000 ,  0.0000 ,  0.0000 ,  0.0000 ,
  0.0000 ,  0.0000 ,  0.0000 ,  0.0000 ,  0.0000 ,  0.0000 ,
  0.0000 ,  0.0000 ,  0.0000 ,  0.0000 ,  0.0000 ,  0.0000 ,
  0.0000 ,  0.0000 ,  0.0000 ,  0.0000 ,  0.0000 ,  0.0000 ,
  0.0000 ,  0.0000 ,  0.0000 ,  0.0000 ,  0.0000 ,  0.0000 ,
  0.0000 ,  0.0000 ,  0.0000 ,  0.0000 ,  0.0000 ,  0.0000 ,
  0.0000 ,  0.0000 ,  0.0000 ,  0.0000 ,  0.0000 ,  0.0000 ,
  0.0000 ,  0.0000 ,  0.0000 ,  0.0000 ,  0.0000 ,  0.0000 ,
  0.0000 ,  0.0000 ,  0.0000 ,  0.0000 ,  0.0000 ,  0.0000 ,
  0.0000 ,  0.0000 ,  0.0000 ,  0.0000 ,  0.0000 ,  0.0000 ,
  0.0000 ,  0.0000 ,  0.0000 ,  0.0000 ,  0.0000 ,  0.0000 ,
  0.0000 ,  0.0000 ,  0.0000 ,  0.0000 ,  0.0000 ,  0.0000 ,
  0.0000 ,  0.0000 ,  0.0000 ,  0.0000 ,  0.0000 ,  0.0000 ,
  0.0000 ,  0.0000 ,  0.0000 ,  0.0000 ,  0.0000 ,  0.0000 ,
  0.0000 ,  0.0000 ,  0.0000 ,  0.0000 ,  0.0000 ,  0.0000 ,
  0.0000 ,  0.0000 ,  0.0000 ,  0.0000 ,  0.0000 ,  0.0000 ,
  0.0000 ,  0.0000 ,  0.0000 ,  0.0000 ,  0.0000 ,  0.0000 ,
  0.0000 ,  0.0000 ,  0.0000 ,  0.0000 ,  0.0000 ,  0.0000 ,
  0.0000 ,  0.0000 ,  0.0000 ,  0.0000 ,  0.0000 ,  0.0000 ,
  0.0000 ,  0.0000 ,  0.0000 ,  0.0000 ,  0.0000 ,  0.0000 ,
  0.0000 ,  0.0000 ,  0.0000 ,  0.0000 ,  0.0000 ,  0.0000 ,
  0.0000 ,  0.0000 ,  0.0000 ,  0.0000 ,  0.0000 ,  0.0000 ,
  0.0000 ,  0.0000 ,  0.0000 ,  0.0000 ,  0.0000 ,  0.0000 ,
  0.0000 ,  0.0000 ,  0.0000 ,  0.0000 ,  0.0000 ,  0.0000 ,
  0.0000 ,  0.0000 ,  0.0000 ,  0.0000 ,  0.0000 ,  0.0000 ,
  0.0000 ,  0.0000 ,  0.0000 ,  0.0000 ,  0.0000 ,  0.0000 ,
  0.0000 ,  0.0000 ,  0.0000 ,  0.0000 ,  0.0000 ,  0.0000 ,
  0.0000 ,  0.0000 ,  0.0000 ,  0.0000 ,  0.0000 ,  0.0000 ,
  0.0000 ,  0.0000 ,  0.0000 ,  0.0000 ,  0.0000 ,  0.0000 ,
  0.0000 ,  0.0000 ,  0.0000 ,  0.0000 ,  0.0000 ,  0.0000 ,
  0.0000 ,  0.0000 ,  0.0000 ,  0.0000 ,  0.0000 ,  0.0000 ,
  0.0000 ,  0.0000 ,  0.0000 ,  0.0000 ,  0.0000 ,  0.0000 ,
  0.0000 ,  0.0000 ,  0.0000 ,  0.0000 ,  0.0000 ,  0.0000 ,
  0.0000 ,  0.0000 ,  0.0000 ,  0.0000 ,  0.0000 ,  0.0000 ,
  0.0000 ,  0.0000 ,  0.0000 ,  0.0000 ,  0.0000 ,  0.0000 ,
  0.0000 ,  0.0000 ,  0.0000 ,  0.0000 ,  0.0000 ,  0.0000 ,
  0.0000 ,  0.0000 ,  0.0000 ,  0.0000 ,  0.0000 ,  0.0000 ,
  0.0000 ,  0.0000 ,  0.0000 ,  0.0000 ,  0.0000 ,  0.0000 ,
  0.0000 ,  0.0000 ,  0.0000 ,  0.0000 ,  0.0000 ,  0.0000 ,
  0.0000 ,  0.0000 ,  0.0000 ,  0.0000 ,  0.0000 ,  0.0000 ,
  0.0000 ,  0.0000 ,  0.0000 ,  0.0000 ,  0.0000 ,  0.0000 ,
  0.0000 ,  0.0000 ,  0.0000 ,  0.0000 ,  0.0000 ,  0.0000 ,
  0.0000 ,  0.0000 ,  0.0000 ,  0.0000 ,  0.0000 ,  0.0000 ,
  0.0000 ,  0.0000 ,  0.0000 ,  0.0000 ,  0.0000 ,  0.0000 ,
  0.0000 ,  0.0000 ,  0.0000 ,  0.0000 ,  0.0000 ,  0.0000 ,
  0.0000 ,  0.0000 ,  0.0000 ,  0.0000 ,  0.0000 ,  0.0000 ,
  0.0000 ,  0.0000 ,  0.0000 ,  0.0000 ,  0.0000 ,  0.0000 ,
  0.0000 ,  0.0000 ,  0.0000 ,  0.0000 ,  0.0000 ,  0.0000 ,
  0.0000 ,  0.0000 ,  0.0000 ,  0.0000 ,  0.0000 ,  0.0000 ,
  0.0000 ,  0.0000 ,  0.0000 ,  0.0000 ,  0.0000 ,  0.0000 ,
  0.0000 ,  0.0000 ,  0.0000 ,  0.0000 ,  0.0000 ,  0.0000 ,
  0.0000 ,  0.0000 ,  0.0000 ,  0.0000 ,  0.0000 ,  0.0000 ,
  0.0000 ,  0.0000 ,  0.0000 ,  0.0000 ,  0.0000 ,  0.0000 ,
  0.0000 ,  0.0000 ,  0.0000 ,  0.0000 ,  0.0000 ,  0.0000 ,
  0.0000 ,  0.0000 ,  0.0000 ,  0.0000 ,  0.0000 ,  0.0000 ,
  0.0000 ,  0.0000 ,  0.0000 ,  0.0000 ,  0.0000 ,  0.0000 ,
  0.0000 ,  0.0000 ,  0.0000 ,  0.0000 ,  0.0000 ,  0.0000 ,
  0.0000 ,  0.0000 ,  0.0000 ,  0.0000 ,  0.0000 ,  0.0000 ,
  0.0000 ,  0.0000 ,  0.0000 ,  0.0000 ,  0.0000 ,  0.0000 ,
  0.0000 ,  0.0000 ,  0.0000 ,  0.0000 ,  0.0000 ,  0.0000 ,
  0.0000 ,  0.0000 ,  0.0000 ,  0.0000 ,  0.0000 ,  0.0000 ,
  0.0000 ,  0.0000 ,  0.0000 ,  0.0000 ,  0.0000 ,  0.0000 ,
  0.0000 ,  0.0000 ,  0.0000 ,  0.0000 ,  0.0000 ,  0.0000 ,
  0.0000 ,  0.0000 ,  0.0000 ,  0.0000 ,  0.0000 ,  0.0000 ,
  0.0000 ,  0.0000 ,  0.0000 ,  0.0000 ,  0.0000 ,  0.0000 ,
  0.0000 ,  0.0000 ,  0.0000 ,  0.0000 ,  0.0000 ,  0.0000 ,
  0.0000 ,  0.0000 ,  0.0000 ,  0.0000 ,  0.0000 ,  0.0000 ,
  0.0000 ,  0.0000 ,  0.0000 ,  0.0000 ,  0.0000 ,  0.0000 ,
  0.0000 ,  0.0000 ,  0.0000 ,  0.0000 ,  0.0000 ,  0.0000 ,
  0.0000 ,  0.0000 ,  0.0000 ,  0.0000 ,  0.0000 ,  0.0000 ,
  0.0000 ,  0.0000 ,  0.0000 ,  0.0000 ,  0.0000 ,  0.0000 ,
  0.0000 ,  0.0000 ,  0.0000 ,  0.0000 ,  0.0000 ,  0.0000 ,
  0.0000 ,  0.0000 ,  0.0000 ,  0.0000 ,  0.0000 ,  0.0000 ,
  0.0000 ,  0.0000 ,  0.0000 ,  0.0000 ,  0.0000 ,  0.0000 ,
  0.0000 ,  0.0000 ,  0.0000 ,  0.0000 ,  0.0000 ,  0.0000 ,
  0.0000 ,  0.0000 ,  0.0000 ,  0.0000 ,  0.0000 ,  0.0000 ,
  0.0000 ,  0.0000 ,  0.0000 ,  0.0000 ,  0.0000 ,  0.0000 ,
  0.0000 ,  0.0000 ,  0.0000 ,  0.0000 ,  0.0000 ,  0.0000 ,
  0.0000 ,  0.0000 ,  0.0000 ,  0.0000 ,  0.0000 ,  0.0000 ,
  0.0000 ,  0.0000 ,  0.0000 ,  0.0000 ,  0.0000 ,  0.0000 ,
  0.0000 ,  0.0000 ,  0.0000 ,  0.0000 ,  0.0000 ,  0.0000 ,
  0.0000 ,  0.0000 ,  0.0000 ,  0.0000 ,  0.0000 ,  0.0000 ,
  0.0000 ,  0.0000 ,  0.0000 ,  0.0000 ,  0.0000 ,  0.0000 ,
  0.0000 ,  0.0000 ,  0.0000 ,  0.0000 ,  0.0000 ,  0.0000 ,
  0.0000 ,  0.0000 ,  0.0000 ,  0.0000 ,  0.0000 ,  0.0000 ,
  0.0000 ,  0.0000 ,  0.0000 ,  0.0000 ,  0.0000 ,  0.0000 ,
  0.0000 ,  0.0000 ,  0.0000 ,  0.0000 ,  0.0000 ,  0.0000 ,
  0.0000 ,  0.0000 ,  0.0000 ,  0.0000 ,  0.0000 ,  0.0000 ,
  0.0000 ,  0.0000 ,  0.0000 ,  0.0000 ,  0.0000 ,  0.0000 ,
  0.0000 ,  0.0000 ,  0.0000 ,  0.0000 ,  0.0000 ,  0.0000 ,
  0.0000 ,  0.0000 ,  0.0000 ,  0.0000 ,  0.0000 ,  0.0000 ,
  0.0000 ,  0.0000 ,  0.0000 ,  0.0000 ,  0.0000 ,  0.0000 ,
  0.0000 ,  0.0000 ,  0.0000 ,  0.0000 ,  0.0000 ,  0.0000 ,
  0.0000 ,  0.0000 ,  0.0000 ,  0.0000 ,  0.0000 ,  0.0000 ,
  0.0000 ,  0.0000 ,  0.0000 ,  0.0000 ,  0.0000 ,  0.0000 ,
  0.0000 ,  0.0000 ,  0.0000 ,  0.0000 ,  0.0000 ,  0.0000 ,
  0.0000 ,  0.0000 ,  0.0000 ,  0.0000 ,  0.0000 ,  0.0000 ,
  0.0000 ,  0.0000 ,  0.0000 ,  0.0000 ,  0.0000 ,  0.0000 ,
  0.0000 ,  0.0000 ,  0.0000 ,  0.0000 ,  0.0000 ,  0.0000 ,
  0.0000 ,  0.0000 ,  0.0000 ,  0.0000 ,  0.0000 ,  0.0000 ,
  0.0000 ,  0.0000 ,  0.0000 ,  0.0000 ,  0.0000 ,  0.0000 ,
  0.0000 ,  0.0000 ,  0.0000 ,  0.0000 ,  0.0000 ,  0.0000 ,
  0.0000 ,  0.0000 ,  0.0000 ,  0.0000 ,  0.0000 ,  0.0000 ,
  0.0000 ,  0.0000 ,  0.0000 ,  0.0000 ,  0.0000 ,  0.0000 ,
  0.0000 ,  0.0000 ,  0.0000 ,  0.0000 ,  0.0000 ,  0.0000 ,
  0.0000 ,  0.0000 ,  0.0000 ,  0.0000 ,  0.0000 ,  0.0000 ,
  0.0000 ,  0.0000 ,  0.0000 ,  0.0000 ,  0.0000 ,  0.0000 ,
  0.0000 ,  0.0000 ,  0.0000 ,  0.0000 ,  0.0000 ,  0.0000 ,
  0.0000 ,  0.0000 ,  0.0000 ,  0.0000 ,  0.0000 ,  0.0000 ,
  0.0000 ,  0.0000 ,  0.0000 ,  0.0000 ,  0.0000 ,  0.0000 ,
  0.0000 ,  0.0000 ,  0.0000 ,  0.0000 ,  0.0000 ,  0.0000 ,
  0.0000 ,  0.0000 ,  0.0000 ,  0.0000 ,  0.0000 ,  0.0000 ,
  0.0000 ,  0.0000 ,  0.0000 ,  0.0000 ,  0.0000 ,  0.0000 ,
  0.0000 ,  0.0000 ,  0.0000 ,  0.0000 ,  0.0000 ,  0.0000 ,
  0.0000 ,  0.0000 ,  0.0000 ,  0.0000 ,  0.0000 ,  0.0000 ,
  0.0000 ,  0.0000 ,  0.0000 ,  0.0000 ,  0.0000 ,  0.0000 ,
  0.0000 ,  0.0000 ,  0.0000 ,  0.0000 ,  0.0000 ,  0.0000 ,
  0.0000 ,  0.0000 ,  0.0000 ,  0.0000 ,  0.0000 ,  0.0000 ,
  0.0000 ,  0.0000 ,  0.0000 ,  0.0000 ,  0.0000 ,  0.0000 ,
  0.0000 ,  0.0000 ,  0.0000 ,  0.0000 ,  0.0000 ,  0.0000 ,
  0.0000 ,  0.0000 ,  0.0000 ,  0.0000 ,  0.0000 ,  0.0000 ,
  0.0000 ,  0.0000 ,  0.0000 ,  0.0000 ,  0.0000 ,  0.0000 ,
  0.0000 ,  0.0000 ,  0.0000 ,  0.0000 ,  0.0000 ,  0.0000 ,
  0.0000 ,  0.0000 ,  0.0000 ,  0.0000 ,  0.0000 ,  0.0000 ,
  0.0000 ,  0.0000 ,  0.0000 ,  0.0000 ,  0.0000 ,  0.0000 ,
  0.0000 ,  0.0000 ,  0.0000 ,  0.0000 ,  0.0000 ,  0.0000 ,
  0.0000 ,  0.0000 ,  0.0000 ,  0.0000 ,  0.0000 ,  0.0000 ,
  0.0000 ,  0.0000 ,  0.0000 ,  0.0000 ,  0.0000 ,  0.0000 ,
  0.0000 ,  0.0000 ,  0.0000 ,  0.0000 ,  0.0000 ,  0.0000 ,
  0.0000 ,  0.0000 ,  0.0000 ,  0.0000 ,  0.0000 ,  0.0000 ,
  0.0000 ,  0.0000 ,  0.0000 ,  0.0000 ,  0.0000 ,  0.0000 ,
  0.0000 ,  0.0000 ,  0.0000 ,  0.0000 ,  0.0000 ,  0.0000 ,
  0.0000 ,  0.0000 ,  0.0000 ,  0.0000 ,  0.0000 ,  0.0000 ,
  0.0000 ,  0.0000 ,  0.0000 ,  0.0000 ,  0.0000 ,  0.0000 ,
  0.0000 ,  0.0000 ,  0.0000 ,  0.0000 ,  0.0000 ,  0.0000 ,
  0.0000 ,  0.0000 ,  0.0000 ,  0.0000 ,  0.0000 ,  0.0000 ,
  0.0000 ,  0.0000 ,  0.0000 ,  0.0000 ,  0.0000 ,  0.0000 ,
  0.0000 ,  0.0000 ,  0.0000 ,  0.0000 ,  0.0000 ,  0.0000 ,
  0.0000 ,  0.0000 ,  0.0000 ,  0.0000 ,  0.0000 ,  0.0000 ,
  0.0000 ,  0.0000 ,  0.0000 ,  0.0000 ,  0.0000 ,  0.0000 ,
  0.0000 ,  0.0000 ,  0.0000 ,  0.0000 ,  0.0000 ,  0.0000 ,
  0.0000 ,  0.0000 ,  0.0000 ,  0.0000 ,  0.0000 ,  0.0000 ,
  0.0000 ,  0.0000 ,  0.0000 ,  0.0000 ,  0.0000 ,  0.0000 ,
  0.0000 ,  0.0000 ,  0.0000 ,  0.0000 ,  0.0000 ,  0.0000 ,
  0.0000 ,  0.0000 ,  0.0000 ,  0.0000 ,  0.0000 ,  0.0000 ,
  0.0000 ,  0.0000 ,  0.0000 ,  0.0000 ,  0.0000 ,  0.0000 ,
  0.0000 ,  0.0000 ,  0.0000 ,  0.0000 ,  0.0000 ,  0.0000 ,
  0.0000 ,  0.0000 ,  0.0000 ,  0.0000 ,  0.0000 ,  0.0000 ,
  0.0000 ,  0.0000 ,  0.0000 ,  0.0000 ,  0.0000 ,  0.0000 ,
  0.0000 ,  0.0000 ,  0.0000 ,  0.0000 ,  0.0000 ,  0.0000 ,
  0.0000 ,  0.0000 ,  0.0000 ,  0.0000 ,  0.0000 ,  0.0000 ,
  0.0000 ,  0.0000 ,  0.0000 ,  0.0000 ,  0.0000 ,  0.0000 ,
  0.0000 ,  0.0000 ,  0.0000 ,  0.0000 ,  0.0000 ,  0.0000 ,
  0.0000 ,  0.0000 ,  0.0000 ,  0.0000 ,  0.0000 ,  0.0000 ,
  0.0000 ,  0.0000 ,  0.0000 ,  0.0000 ,  0.0000 ,  0.0000 ,
  0.0000 ,  0.0000 ,  0.0000 ,  0.0000 ,  0.0000 ,  0.0000 ,
  0.0000 ,  0.0000 ,  0.0000 ,  0.0000 ,  0.0000 ,  0.0000 ,
  0.0000 ,  0.0000 ,  0.0000 ,  0.0000 ,  0.0000 ,  0.0000 ,
  0.0000 ,  0.0000 ,  0.0000 ,  0.0000 ,  0.0000 ,  0.0000 ,
  0.0000 ,  0.0000 ,  0.0000 ,  0.0000 ,  0.0000 ,  0.0000 ,
  0.0000 ,  0.0000 ,  0.0000 ,  0.0000 ,  0.0000 ,  0.0000 ,
  0.0000 ,  0.0000 ,  0.0000 ,  0.0000 ,  0.0000 ,  0.0000 ,
  0.0000 ,  0.0000 ,  0.0000 ,  0.0000 ,  0.0000 ,  0.0000 ,
  0.0000 ,  0.0000 ,  0.0000 ,  0.0000 ,  0.0000 ,  0.0000 ,
  0.0000 ,  0.0000 ,  0.0000 ,  0.0000 ,  0.0000 ,  0.0000 ,
  0.0000 ,  0.0000 ,  0.0000 ,  0.0000 ,  0.0000 ,  0.0000 ,
  0.0000 ,  0.0000 ,  0.0000 ,  0.0000 ,  0.0000 ,  0.0000 ,
  0.0000 ,  0.0000 ,  0.0000 ,  0.0000 ,  0.0000 ,  0.0000 ,
  0.0000 ,  0.0000 ,  0.0000 ,  0.0000 ,  0.0000 ,  0.0000 ,
  0.0000 ,  0.0000 ,  0.0000 ,  0.0000 ,  0.0000 ,  0.0000 ,
  0.0000 ,  0.0000 ,  0.0000 ,  0.0000 ,  0.0000 ,  0.0000 ,
  0.0000 ,  0.0000 ,  0.0000 ,  0.0000 ,  0.0000 ,  0.0000 ,
  0.0000 ,  0.0000 ,  0.0000 ,  0.0000 ,  0.0000 ,  0.0000 ,
  0.0000 ,  0.0000 ,  0.0000 ,  0.0000 ,  0.0000 ,  0.0000 ,
  0.0000 ,  0.0000 ,  0.0000 ,  0.0000 ,  0.0000 ,  0.0000 ,
  0.0000 ,  0.0000 ,  0.0000 ,  0.0000 ,  0.0000 ,  0.0000 ,
  0.0000 ,  0.0000 ,  0.0000 ,  0.0000 ,  0.0000 ,  0.0000 ,
  0.0000 ,  0.0000 ,  0.0000 ,  0.0000 ,  0.0000 ,  0.0000 ,
  0.0000 ,  0.0000 ,  0.0000 ,  0.0000 ,  0.0000 ,  0.0000 ,
  0.0000 ,  0.0000 ,  0.0000 ,  0.0000 ,  0.0000 ,  0.0000 ,
  0.0000 ,  0.0000 ,  0.0000 ,  0.0000 ,  0.0000 ,  0.0000 ,
  0.0000 ,  0.0000 ,  0.0000 ,  0.0000 ,  0.0000 ,  0.0000 ,
  0.0000 ,  0.0000 ,  0.0000 ,  0.0000 ,  0.0000 ,  0.0000 ,
  0.0000 ,  0.0000 ,  0.0000 ,  0.0000 ,  0.0000 ,  0.0000 ,
  0.0000 ,  0.0000 ,  0.0000 ,  0.0000 ,  0.0000 ,  0.0000 ,
  0.0000 ,  0.0000 ,  0.0000 ,  0.0000 ,  0.0000 ,  0.0000 ,
  0.0000 ,  0.0000 ,  0.0000 ,  0.0000 ,  0.0000 ,  0.0000 ,
  0.0000 ,  0.0000 ,  0.0000 ,  0.0000 ,  0.0000 ,  0.0000 ,
  0.0000 ,  0.0000 ,  0.0000 ,  0.0000 ,  0.0000 ,  0.0000 ,
  0.0000 ,  0.0000 ,  0.0000 ,  0.0000 ,  0.0000 ,  0.0000 ,
  0.0000 ,  0.0000 ,  0.0000 ,  0.0000 ,  0.0000 ,  0.0000 ,
  0.0000 ,  0.0000 ,  0.0000 ,  0.0000 ,  0.0000 ,  0.0000 ,
  0.0000 ,  0.0000 ,  0.0000 ,  0.0000 ,  0.0000 ,  0.0000 ,
  0.0000 ,  0.0000 ,  0.0000 ,  0.0000 ,  0.0000 ,  0.0000 ,
  0.0000 ,  0.0000 ,  0.0000 ,  0.0000 ,  0.0000 ,  0.0000 ,
  0.0000 ,  0.0000 ,  0.0000 ,  0.0000 ,  0.0000 ,  0.0000 ,
  0.0000 ,  0.0000 ,  0.0000 ,  0.0000 ,  0.0000 ,  0.0000 ,
  0.0000 ,  0.0000 ,  0.0000 ,  0.0000 ,  0.0000 ,  0.0000 ,
  0.0000 ,  0.0000 ,  0.0000 ,  0.0000 ,  0.0000 ,  0.0000 ,
  0.0000 ,  0.0000 ,  0.0000 ,  0.0000 ,  0.0000 ,  0.0000 ,
  0.0000 ,  0.0000 ,  0.0000 ,  0.0000 ,  0.0000 ,  0.0000 ,
  0.0000 ,  0.0000 ,  0.0000 ,  0.0000 ,  0.0000 ,  0.0000 ,
  0.0000 ,  0.0000 ,  0.0000 ,  0.0000 ,  0.0000 ,  0.0000 ,
  0.0000 ,  0.0000 ,  0.0000 ,  0.0000 ,  0.0000 ,  0.0000 ,
  0.0000 ,  0.0000 ,  0.0000 ,  0.0000 ,  0.0000 ,  0.0000 ,
  0.0000 ,  0.0000 ,  0.0000 ,  0.0000 ,  0.0000 ,  0.0000 ,
  0.0000 ,  0.0000 ,  0.0000 ,  0.0000 ,  0.0000 ,  0.0000 ,
  0.0000 ,  0.0000 ,  0.0000 ,  0.0000 ,  0.0000 ,  0.0000 ,
  0.0000 ,  0.0000 ,  0.0000 ,  0.0000 ,  0.0000 ,  0.0000 ,
  0.0000 ,  0.0000 ,  0.0000 ,  0.0000 ,  0.0000 ,  0.0000 ,
  0.0000 ,  0.0000 ,  0.0000 ,  0.0000 ,  0.0000 ,  0.0000 ,
  0.0000 ,  0.0000 ,  0.0000 ,  0.0000 ,  0.0000 ,  0.0000 ,
  0.0000 ,  0.0000 ,  0.0000 ,  0.0000 ,  0.0000 ,  0.0000 ,
  0.0000 ,  0.0000 ,  0.0000 ,  0.0000 ,  0.0000 ,  0.0000 ,
  0.0000 ,  0.0000 ,  0.0000 ,  0.0000 ,  0.0000 ,  0.0000 ,
  0.0000 ,  0.0000 ,  0.0000 ,  0.0000 ,  0.0000 ,  0.0000 ,
  0.0000 ,  0.0000 ,  0.0000 ,  0.0000 ,  0.0000 ,  0.0000 ,
  0.0000 ,  0.0000 ,  0.0000 ,  0.0000 ,  0.0000 ,  0.0000 ,
  0.0000 ,  0.0000 ,  0.0000 ,  0.0000 ,  0.0000 ,  0.0000 ,
  0.0000 ,  0.0000 ,  0.0000 ,  0.0000 ,  0.0000 ,  0.0000 ,
  0.0000 ,  0.0000 ,  0.0000 ,  0.0000 ,  0.0000 ,  0.0000 ,
  0.0000 ,  0.0000 ,  0.0000 ,  0.0000 ,  0.0000 ,  0.0000 ,
  0.0000 ,  0.0000 ,  0.0000 ,  0.0000 ,  0.0000 ,  0.0000 ,
  0.0000 ,  0.0000 ,  0.0000 ,  0.0000 ,  0.0000 ,  0.0000 ,
  0.0000 ,  0.0000 ,  0.0000 ,  0.0000 ,  0.0000 ,  0.0000 ,
  0.0000 ,  0.0000 ,  0.0000 ,  0.0000 ,  0.0000 ,  0.0000 ,
  0.0000 ,  0.0000 ,  0.0000 ,  0.0000 ,  0.0000 ,  0.0000 ,
  0.0000 ,  0.0000 ,  0.0000 ,  0.0000 ,  0.0000 ,  0.0000 ,
  0.0000 ,  0.0000 ,  0.0000 ,  0.0000 ,  0.0000 ,  0.0000 ,
  0.0000 ,  0.0000 ,  0.0000 ,  0.0000 ,  0.0000 ,  0.0000 ,
  0.0000 ,  0.0000 ,  0.0000 ,  0.0000 ,  0.0000 ,  0.0000 ,
  0.0000 ,  0.0000 ,  0.0000 ,  0.0000 ,  0.0000 ,  0.0000 ,
  0.0000 ,  0.0000 ,  0.0000 ,  0.0000 ,  0.0000 ,  0.0000 ,
  0.0000 ,  0.0000 ,  0.0000 ,  0.0000 ,  0.0000 ,  0.0000 ,
  0.0000 ,  0.0000 ,  0.0000 ,  0.0000 ,  0.0000 ,  0.0000 ,
  0.0000 ,  0.0000 ,  0.0000 ,  0.0000 ,  0.0000 ,  0.0000 ,
  0.0000 ,  0.0000 ,  0.0000 ,  0.0000 ,  0.0000 ,  0.0000 ,
  0.0000 ,  0.0000 ,  0.0000 ,  0.0000 ,  0.0000 ,  0.0000 ,
  0.0000 ,  0.0000 ,  0.0000 ,  0.0000 ,  0.0000 ,  0.0000 ,
  0.0000 ,  0.0000 ,  0.0000 ,  0.0000 ,  0.0000 ,  0.0000 ,
  0.0000 ,  0.0000 ,  0.0000 ,  0.0000 ,  0.0000 ,  0.0000 ,
  0.0000 ,  0.0000 ,  0.0000 ,  0.0000 ,  0.0000 ,  0.0000 ,
  0.0000 ,  0.0000 ,  0.0000 ,  0.0000 ,  0.0000 ,  0.0000 ,
  0.0000 ,  0.0000 ,  0.0000 ,  0.0000 ,  0.0000 ,  0.0000 ,
  0.0000 ,  0.0000 ,  0.0000 ,  0.0000 ,  0.0000 ,  0.0000 ,
  0.0000 ,  0.0000 ,  0.0000 ,  0.0000 ,  0.0000 ,  0.0000 ,
  0.0000 ,  0.0000 ,  0.0000 ,  0.0000 ,  0.0000 ,  0.0000 ,
  0.0000 ,  0.0000 ,  0.0000 ,  0.0000 ,  0.0000 ,  0.0000 ,
  0.0000 ,  0.0000 ,  0.0000 ,  0.0000 ,  0.0000 ,  0.0000 ,
  0.0000 ,  0.0000 ,  0.0000 ,  0.0000 ,  0.0000 ,  0.0000 ,
  0.0000 ,  0.0000 ,  0.0000 ,  0.0000 ,  0.0000 ,  0.0000 ,
  0.0000 ,  0.0000 ,  0.0000 ,  0.0000 ,  0.0000 ,  0.0000 ,
  0.0000 ,  0.0000 ,  0.0000 ,  0.0000 ,  0.0000 ,  0.0000 ,
  0.0000 ,  0.0000 ,  0.0000 ,  0.0000 ,  0.0000 ,  0.0000 ,
  0.0000 ,  0.0000 ,  0.0000 ,  0.0000 ,  0.0000 ,  0.0000 ,
  0.0000 ,  0.0000 ,  0.0000 ,  0.0000 ,  0.0000 ,  0.0000 ,
  0.0000 ,  0.0000 ,  0.0000 ,  0.0000 ,  0.0000 ,  0.0000 ,
  0.0000 ,  0.0000 ,  0.0000 ,  0.0000 ,  0.0000 ,  0.0000 ,
  0.0000 ,  0.0000 ,  0.0000 ,  0.0000 ,  0.0000 ,  0.0000 ,
  0.0000 ,  0.0000 ,  0.0000 ,  0.0000 ,  0.0000 ,  0.0000 ,
  0.0000 ,  0.0000 ,  0.0000 ,  0.0000 ,  0.0000 ,  0.0000 ,
  0.0000 ,  0.0000 ,  0.0000 ,  0.0000 ,  0.0000 ,  0.0000 ,
  0.0000 ,  0.0000 ,  0.0000 ,  0.0000 ,  0.0000 ,  0.0000 ,
  0.0000 ,  0.0000 ,  0.0000 ,  0.0000 ,  0.0000 ,  0.0000 ,
  0.0000 ,  0.0000 ,  0.0000 ,  0.0000 ,  0.0000 ,  0.0000 ,
  0.0000 ,  0.0000 ,  0.0000 ,  0.0000 ,  0.0000 ,  0.0000 ,
  0.0000 ,  0.0000 ,  0.0000 ,  0.0000 ,  0.0000 ,  0.0000 ,
  0.0000 ,  0.0000 ,  0.0000 ,  0.0000 ,  0.0000 ,  0.0000 ,
  0.0000 ,  0.0000 ,  0.0000 ,  0.0000 ,  0.0000 ,  0.0000 ,
  0.0000 ,  0.0000 ,  0.0000 ,  0.0000 ,  0.0000 ,  0.0000 ,
  0.0000 ,  0.0000 ,  0.0000 ,  0.0000 ,  0.0000 ,  0.0000 ,
  0.0000 ,  0.0000 ,  0.0000 ,  0.0000 ,  0.0000 ,  0.0000 ,
  0.0000 ,  0.0000 ,  0.0000 ,  0.0000 ,  0.0000 ,  0.0000 ,
  0.0000 ,  0.0000 ,  0.0000 ,  0.0000 ,  0.0000 ,  0.0000 ,
  0.0000 ,  0.0000 ,  0.0000 ,  0.0000 ,  0.0000 ,  0.0000 ,
  0.0000 ,  0.0000 ,  0.0000 ,  0.0000 ,  0.0000 ,  0.0000 ,
  0.0000 ,  0.0000 ,  0.0000 ,  0.0000 ,  0.0000 ,  0.0000 ,
  0.0000 ,  0.0000 ,  0.0000 ,  0.0000 ,  0.0000 ,  0.0000 ,
  0.0000 ,  0.0000 ,  0.0000 ,  0.0000 ,  0.0000 ,  0.0000 ,
  0.0000 ,  0.0000 ,  0.0000 ,  0.0000 ,  0.0000 ,  0.0000 ,
  0.0000 ,  0.0000 ,  0.0000 ,  0.0000 ,  0.0000 ,  0.0000 ,
  0.0000 ,  0.0000 ,  0.0000 ,  0.0000 ,  0.0000 ,  0.0000 ,
  0.0000 ,  0.0000 ,  0.0000 ,  0.0000 ,  0.0000 ,  0.0000 ,
  0.0000 ,  0.0000 ,  0.0000 ,  0.0000 ,  0.0000 ,  0.0000 ,
  0.0000 ,  0.0000 ,  0.0000 ,  0.0000 ,  0.0000 ,  0.0000 ,
  0.0000 ,  0.0000 ,  0.0000 ,  0.0000 ,  0.0000 ,  0.0000 ,
  0.0000 ,  0.0000 ,  0.0000 ,  0.0000 ,  0.0000 ,  0.0000 ,
  0.0000 ,  0.0000 ,  0.0000 ,  0.0000 ,  0.0000 ,  0.0000 ,
  0.0000 ,  0.0000 ,  0.0000 ,  0.0000 ,  0.0000 ,  0.0000 ,
  0.0000 ,  0.0000 ,  0.0000 ,  0.0000 ,  0.0000 ,  0.0000 ,
  0.0000 ,  0.0000 ,  0.0000 ,  0.0000 ,  0.0000 ,  0.0000 ,
  0.0000 ,  0.0000 ,  0.0000 ,  0.0000 ,  0.0000 ,  0.0000 ,
  0.0000 ,  0.0000 ,  0.0000 ,  0.0000 ,  0.0000 ,  0.0000 ,
  0.0000 ,  0.0000 ,  0.0000 ,  0.0000 ,  0.0000 ,  0.0000 ,
  0.0000 ,  0.0000 ,  0.0000 ,  0.0000 ,  0.0000 ,  0.0000 ,
  0.0000 ,  0.0000 ,  0.0000 ,  0.0000 ,  0.0000 ,  0.0000 ,
  0.0000 ,  0.0000 ,  0.0000 ,  0.0000 ,  0.0000 ,  0.0000 ,
  0.0000 ,  0.0000 ,  0.0000 ,  0.0000 ,  0.0000 ,  0.0000 ,
  0.0000 ,  0.0000 ,  0.0000 ,  0.0000 ,  0.0000 ,  0.0000 ,
  0.0000 ,  0.0000 ,  0.0000 ,  0.0000 ,  0.0000 ,  0.0000 ,
  0.0000 ,  0.0000 ,  0.0000 ,  0.0000 ,  0.0000 ,  0.0000 ,
  0.0000 ,  0.0000 ,  0.0000 ,  0.0000 ,  0.0000 ,  0.0000 ,
  0.0000 ,  0.0000 ,  0.0000 ,  0.0000 ,  0.0000 ,  0.0000 ,
  0.0000 ,  0.0000 ,  0.0000 ,  0.0000 ,  0.0000 ,  0.0000 ,
  0.0000 ,  0.0000 ,  0.0000 ,  0.0000 ,  0.0000 ,  0.0000 ,
  0.0000 ,  0.0000 ,  0.0000 ,  0.0000 ,  0.0000 ,  0.0000 ,
  0.0000 ,  0.0000 ,  0.0000 ,  0.0000 ,  0.0000 ,  0.0000 ,
  0.0000 ,  0.0000 ,  0.0000 ,  0.0000 ,  0.0000 ,  0.0000 ,
  0.0000 ,  0.0000 ,  0.0000 ,  0.0000 ,  0.0000 ,  0.0000 ,
  0.0000 ,  0.0000 ,  0.0000 ,  0.0000 ,  0.0000 ,  0.0000 ,
  0.0000 ,  0.0000 ,  0.0000 ,  0.0000 ,  0.0000 ,  0.0000 ,
  0.0000 ,  0.0000 ,  0.0000 ,  0.0000 ,  0.0000 ,  0.0000 ,
  0.0000 ,  0.0000 ,  0.0000 ,  0.0000 ,  0.0000 ,  0.0000 ,
  0.0000 ,  0.0000 ,  0.0000 ,  0.0000 ,  0.0000 ,  0.0000 ,
  0.0000 ,  0.0000 ,  0.0000 ,  0.0000 ,  0.0000 ,  0.0000 ,
  0.0000 ,  0.0000 ,  0.0000 ,  0.0000 ,  0.0000 ,  0.0000 ,
  0.0000 ,  0.0000 ,  0.0000 ,  0.0000 ,  0.0000 ,  0.0000 ,
  0.0000 ,  0.0000 ,  0.0000 ,  0.0000 ,  0.0000 ,  0.0000 ,
  0.0000 ,  0.0000 ,  0.0000 ,  0.0000 ,  0.0000 ,  0.0000 ,
  0.0000 ,  0.0000 ,  0.0000 ,  0.0000 ,  0.0000 ,  0.0000 ,
  0.0000 ,  0.0000 ,  0.0000 ,  0.0000 ,  0.0000 ,  0.0000 ,
  0.0000 ,  0.0000 ,  0.0000 ,  0.0000 ,  0.0000 ,  0.0000 ,
  0.0000 ,  0.0000 ,  0.0000 ,  0.0000 ,  0.0000 ,  0.0000 ,
  0.0000 ,  0.0000 ,  0.0000 ,  0.0000 ,  0.0000 ,  0.0000 ,
  0.0000 ,  0.0000 ,  0.0000 ,  0.0000 ,  0.0000 ,  0.0000 ,
  0.0000 ,  0.0000 ,  0.0000 ,  0.0000 ,  0.0000 ,  0.0000 ,
  0.0000 ,  0.0000 ,  0.0000 ,  0.0000 ,  0.0000 ,  0.0000 ,
  0.0000 ,  0.0000 ,  0.0000 ,  0.0000 ,  0.0000 ,  0.0000 ,
  0.0000 ,  0.0000 ,  0.0000 ,  0.0000 ,  0.0000 ,  0.0000 ,
  0.0000 ,  0.0000 ,  0.0000 ,  0.0000 ,  0.0000 ,  0.0000 ,
  0.0000 ,  0.0000 ,  0.0000 ,  0.0000 ,  0.0000 ,  0.0000 ,
  0.0000 ,  0.0000 ,  0.0000 ,  0.0000 ,  0.0000 ,  0.0000 ,
  0.0000 ,  0.0000 ,  0.0000 ,  0.0000 ,  0.0000 ,  0.0000 ,
  0.0000 ,  0.0000 ,  0.0000 ,  0.0000 ,  0.0000 ,  0.0000 ,
  0.0000 ,  0.0000 ,  0.0000 ,  0.0000 ,  0.0000 ,  0.0000 ,
  0.0000 ,  0.0000 ,  0.0000 ,  0.0000 ,  0.0000 ,  0.0000 ,
  0.0000 ,  0.0000 ,  0.0000 ,  0.0000 ,  0.0000 ,  0.0000 ,
  0.0000 ,  0.0000 ,  0.0000 ,  0.0000 ,  0.0000 ,  0.0000 ,
  0.0000 ,  0.0000 ,  0.0000 ,  0.0000 ,  0.0000 ,  0.0000 ,
  0.0000 ,  0.0000 ,  0.0000 ,  0.0000 ,  0.0000 ,  0.0000 ,
  0.0000 ,  0.0000 ,  0.0000 ,  0.0000 ,  0.0000 ,  0.0000 ,
  0.0000 ,  0.0000 ,  0.0000 ,  0.0000 ,  0.0000 ,  0.0000 ,
  0.0000 ,  0.0000 ,  0.0000 ,  0.0000 ,  0.0000 ,  0.0000 ,
  0.0000 ,  0.0000 ,  0.0000 ,  0.0000 ,  0.0000 ,  0.0000 ,
  0.0000 ,  0.0000 ,  0.0000 ,  0.0000 ,  0.0000 ,  0.0000 ,
  0.0000 ,  0.0000 ,  0.0000 ,  0.0000 ,  0.0000 ,  0.0000 ,
  0.0000 ,  0.0000 ,  0.0000 ,  0.0000 ,  0.0000 ,  0.0000 ,
  0.0000 ,  0.0000 ,  0.0000 ,  0.0000 ,  0.0000 ,  0.0000 ,
  0.0000 ,  0.0000 ,  0.0000 ,  0.0000 ,  0.0000 ,  0.0000 ,
  0.0000 ,  0.0000 ,  0.0000 ,  0.0000 ,  0.0000 ,  0.0000 ,
  0.0000 ,  0.0000 ,  0.0000 ,  0.0000 ,  0.0000 ,  0.0000 ,
  0.0000 ,  0.0000 ,  0.0000 ,  0.0000 ,  0.0000 ,  0.0000 ,
  0.0000 ,  0.0000 ,  0.0000 ,  0.0000 ,  0.0000 ,  0.0000 ,
  0.0000 ,  0.0000 ,  0.0000 ,  0.0000 ,  0.0000 ,  0.0000 ,
  0.0000 ,  0.0000 ,  0.0000 ,  0.0000 ,  0.0000 ,  0.0000 ,
  0.0000 ,  0.0000 ,  0.0000 ,  0.0000 ,  0.0000 ,  0.0000 ,
  0.0000 ,  0.0000 ,  0.0000 ,  0.0000 ,  0.0000 ,  0.0000 ,
  0.0000 ,  0.0000 ,  0.0000 ,  0.0000 ,  0.0000 ,  0.0000 ,
  0.0000 ,  0.0000 ,  0.0000 ,  0.0000 ,  0.0000 ,  0.0000 ,
  0.0000 ,  0.0000 ,  0.0000 ,  0.0000 ,  0.0000 ,  0.0000 ,
  0.0000 ,  0.0000 ,  0.0000 ,  0.0000 ,  0.0000 ,  0.0000 ,
  0.0000 ,  0.0000 ,  0.0000 ,  0.0000 ,  0.0000 ,  0.0000 ,
  0.0000 ,  0.0000 ,  0.0000 ,  0.0000 ,  0.0000 ,  0.0000 ,
  0.0000 ,  0.0000 ,  0.0000 ,  0.0000 ,  0.0000 ,  0.0000 ,
  0.0000 ,  0.0000 ,  0.0000 ,  0.0000 ,  0.0000 ,  0.0000 ,
  0.0000 ,  0.0000 ,  0.0000 ,  0.0000 ,  0.0000 ,  0.0000 ,
  0.0000 ,  0.0000 ,  0.0000 ,  0.0000 ,  0.0000 ,  0.0000 ,
  0.0000 ,  0.0000 ,  0.0000 ,  0.0000 ,  0.0000 ,  0.0000 ,
  0.0000 ,  0.0000 ,  0.0000 ,  0.0000 ,  0.0000 ,  0.0000 ,
  0.0000 ,  0.0000 ,  0.0000 ,  0.0000 ,  0.0000 ,  0.0000 ,
  0.0000 ,  0.0000 ,  0.0000 ,  0.0000 ,  0.0000 ,  0.0000 ,
  0.0000 ,  0.0000 ,  0.0000 ,  0.0000 ,  0.0000 ,  0.0000 ,
  0.0000 ,  0.0000 ,  0.0000 ,  0.0000 ,  0.0000 ,  0.0000 ,
  0.0000 ,  0.0000 ,  0.0000 ,  0.0000 ,  0.0000 ,  0.0000 ,
  0.0000 ,  0.0000 ,  0.0000 ,  0.0000 ,  0.0000 ,  0.0000 ,
  0.0000 ,  0.0000 ,  0.0000 ,  0.0000 ,  0.0000 ,  0.0000 ,
  0.0000 ,  0.0000 ,  0.0000 ,  0.0000 ,  0.0000 ,  0.0000 ,
  0.0000 ,  0.0000 ,  0.0000 ,  0.0000 ,  0.0000 ,  0.0000 ,
  0.0000 ,  0.0000 ,  0.0000 ,  0.0000 ,  0.0000 ,  0.0000 ,
  0.0000 ,  0.0000 ,  0.0000 ,  0.0000 ,  0.0000 ,  0.0000 ,
  0.0000 ,  0.0000 ,  0.0000 ,  0.0000 ,  0.0000 ,  0.0000 ,
  0.0000 ,  0.0000 ,  0.0000 ,  0.0000 ,  0.0000 ,  0.0000 ,
  0.0000 ,  0.0000 ,  0.0000 ,  0.0000 ,  0.0000 ,  0.0000 ,
  0.0000 ,  0.0000 ,  0.0000 ,  0.0000 ,  0.0000 ,  0.0000 ,
  0.0000 ,  0.0000 ,  0.0000 ,  0.0000 ,  0.0000 ,  0.0000 ,
  0.0000 ,  0.0000 ,  0.0000 ,  0.0000 ,  0.0000 ,  0.0000 ,
  0.0000 ,  0.0000 ,  0.0000 ,  0.0000 ,  0.0000 ,  0.0000 ,
  0.0000 ,  0.0000 ,  0.0000 ,  0.0000 ,  0.0000 ,  0.0000 ,
  0.0000 ,  0.0000 ,  0.0000 ,  0.0000 ,  0.0000 ,  0.0000 ,
  0.0000 ,  0.0000 ,  0.0000 ,  0.0000 ,  0.0000 ,  0.0000 ,
  0.0000 ,  0.0000 ,  0.0000 ,  0.0000 ,  0.0000 ,  0.0000 ,
  0.0000 ,  0.0000 ,  0.0000 ,  0.0000 ,  0.0000 ,  0.0000 ,
  0.0000 ,  0.0000 ,  0.0000 ,  0.0000 ,  0.0000 ,  0.0000 ,
  0.0000 ,  0.0000 ,  0.0000 ,  0.0000 ,  0.0000 ,  0.0000 ,
  0.0000 ,  0.0000 ,  0.0000 ,  0.0000 ,  0.0000 ,  0.0000 ,
  0.0000 ,  0.0000 ,  0.0000 ,  0.0000 ,  0.0000 ,  0.0000 ,
  0.0000 ,  0.0000 ,  0.0000 ,  0.0000 ,  0.0000 ,  0.0000 ,
  0.0000 ,  0.0000 ,  0.0000 ,  0.0000 ,  0.0000 ,  0.0000 ,
  0.0000 ,  0.0000 ,  0.0000 ,  0.0000 ,  0.0000 ,  0.0000 ,
  0.0000 ,  0.0000 ,  0.0000 ,  0.0000 ,  0.0000 ,  0.0000 ,
  0.0000 ,  0.0000 ,  0.0000 ,  0.0000 ,  0.0000 ,  0.0000 ,
  0.0000 ,  0.0000 ,  0.0000 ,  0.0000 ,  0.0000 ,  0.0000 ,
  0.0000 ,  0.0000 ,  0.0000 ,  0.0000 ,  0.0000 ,  0.0000 ,
  0.0000 ,  0.0000 ,  0.0000 ,  0.0000 ,  0.0000 ,  0.0000 ,
  0.0000 ,  0.0000 ,  0.0000 ,  0.0000 ,  0.0000 ,  0.0000 ,
  0.0000 ,  0.0000 ,  0.0000 ,  0.0000 ,  0.0000 ,  0.0000 ,
  0.0000 ,  0.0000 ,  0.0000 ,  0.0000 ,  0.0000 ,  0.0000 ,
  0.0000 ,  0.0000 ,  0.0000 ,  0.0000 ,  0.0000 ,  0.0000 ,
  0.0000 ,  0.0000 ,  0.0000 ,  0.0000 ,  0.0000 ,  0.0000 ,
  0.0000 ,  0.0000 ,  0.0000 ,  0.0000 ,  0.0000 ,  0.0000 ,
  0.0000 ,  0.0000 ,  0.0000 ,  0.0000 ,  0.0000 ,  0.0000 ,
  0.0000 ,  0.0000 ,  0.0000 ,  0.0000 ,  0.0000 ,  0.0000 ,
  0.0000 ,  0.0000 ,  0.0000 ,  0.0000 ,  0.0000 ,  0.0000 ,
  0.0000 ,  0.0000 ,  0.0000 ,  0.0000 ,  0.0000 ,  0.0000 ,
  0.0000 ,  0.0000 ,  0.0000 ,  0.0000 ,  0.0000 ,  0.0000 ,
  0.0000 ,  0.0000 ,  0.0000 ,  0.0000 ,  0.0000 ,  0.0000 ,
  0.0000 ,  0.0000 ,  0.0000 ,  0.0000 ,  0.0000 ,  0.0000 ,
  0.0000 ,  0.0000 ,  0.0000 ,  0.0000 ,  0.0000 ,  0.0000 ,
  0.0000 ,  0.0000 ,  0.0000 ,  0.0000 ,  0.0000 ,  0.0000 ,
  0.0000 ,  0.0000 ,  0.0000 ,  0.0000 ,  0.0000 ,  0.0000 ,
  0.0000 ,  0.0000 ,  0.0000 ,  0.0000 ,  0.0000 ,  0.0000 ,
  0.0000 ,  0.0000 ,  0.0000 ,  0.0000 ,  0.0000 ,  0.0000 ,
  0.0000 ,  0.0000 ,  0.0000 ,  0.0000 ,  0.0000 ,  0.0000 ,
  0.0000 ,  0.0000 ,  0.0000 ,  0.0000 ,  0.0000 ,  0.0000 ,
  0.0000 ,  0.0000 ,  0.0000 ,  0.0000 ,  0.0000 ,  0.0000 ,
  0.0000 ,  0.0000 ,  0.0000 ,  0.0000 ,  0.0000 ,  0.0000 ,
  0.0000 ,  0.0000 ,  0.0000 ,  0.0000 ,  0.0000 ,  0.0000 ,
  0.0000 ,  0.0000 ,  0.0000 ,  0.0000 ,  0.0000 ,  0.0000 ,
  0.0000 ,  0.0000 ,  0.0000 ,  0.0000 ,  0.0000 ,  0.0000 ,
  0.0000 ,  0.0000 ,  0.0000 ,  0.0000 ,  0.0000 ,  0.0000 ,
  0.0000 ,  0.0000 ,  0.0000 ,  0.0000 ,  0.0000 ,  0.0000 ,
  0.0000 ,  0.0000 ,  0.0000 ,  0.0000 ,  0.0000 ,  0.0000 ,
  0.0000 ,  0.0000 ,  0.0000 ,  0.0000 ,  0.0000 ,  0.0000 ,
  0.0000 ,  0.0000 ,  0.0000 ,  0.0000 ,  0.0000 ,  0.0000 ,
  0.0000 ,  0.0000 ,  0.0000 ,  0.0000 ,  0.0000 ,  0.0000 ,
  0.0000 ,  0.0000 ,  0.0000 ,  0.0000 ,  0.0000 ,  0.0000 ,
  0.0000 ,  0.0000 ,  0.0000 ,  0.0000 ,  0.0000 ,  0.0000 ,
  0.0000 ,  0.0000 ,  0.0000 ,  0.0000 ,  0.0000 ,  0.0000 ,
  0.0000 ,  0.0000 ,  0.0000 ,  0.0000 ,  0.0000 ,  0.0000 ,
  0.0000 ,  0.0000 ,  0.0000 ,  0.0000 ,  0.0000 ,  0.0000 ,
  0.0000 ,  0.0000 ,  0.0000 ,  0.0000 ,  0.0000 ,  0.0000 ,
  0.0000 ,  0.0000 ,  0.0000 ,  0.0000 ,  0.0000 ,  0.0000 ,
  0.0000 ,  0.0000 ,  0.0000 ,  0.0000 ,  0.0000 ,  0.0000 ,
  0.0000 ,  0.0000 ,  0.0000 ,  0.0000 ,  0.0000 ,  0.0000 ,
  0.0000 ,  0.0000 ,  0.0000 ,  0.0000 ,  0.0000 ,  0.0000 ,
  0.0000 ,  0.0000 ,  0.0000 ,  0.0000 ,  0.0000 ,  0.0000 ,
  0.0000 ,  0.0000 ,  0.0000 ,  0.0000 ,  0.0000 ,  0.0000 ,
  0.0000 ,  0.0000 ,  0.0000 ,  0.0000 ,  0.0000 ,  0.0000 ,
  0.0000 ,  0.0000 ,  0.0000 ,  0.0000 ,  0.0000 ,  0.0000 ,
  0.0000 ,  0.0000 ,  0.0000 ,  0.0000 ,  0.0000 ,  0.0000 ,
  0.0000 ,  0.0000 ,  0.0000 ,  0.0000 ,  0.0000 ,  0.0000 ,
  0.0000 ,  0.0000 ,  0.0000 ,  0.0000 ,  0.0000 ,  0.0000 ,
  0.0000 ,  0.0000 ,  0.0000 ,  0.0000 ,  0.0000 ,  0.0000 ,
  0.0000 ,  0.0000 ,  0.0000 ,  0.0000 ,  0.0000 ,  0.0000 ,
  0.0000 ,  0.0000 ,  0.0000 ,  0.0000 ,  0.0000 ,  0.0000 ,
  0.0000 ,  0.0000 ,  0.0000 ,  0.0000 ,  0.0000 ,  0.0000 ,
  0.0000 ,  0.0000 ,  0.0000 ,  0.0000 ,  0.0000 ,  0.0000 ,
  0.0000 ,  0.0000 ,  0.0000 ,  0.0000 ,  0.0000 ,  0.0000 ,
  0.0000 ,  0.0000 ,  0.0000 ,  0.0000 ,  0.0000 ,  0.0000 ,
  0.0000 ,  0.0000 ,  0.0000 ,  0.0000 ,  0.0000 ,  0.0000 ,
  0.0000 ,  0.0000 ,  0.0000 ,  0.0000 ,  0.0000 ,  0.0000 ,
  0.0000 ,  0.0000 ,  0.0000 ,  0.0000 ,  0.0000 ,  0.0000 ,
  0.0000 ,  0.0000 ,  0.0000 ,  0.0000 ,  0.0000 ,  0.0000 ,
  0.0000 ,  0.0000 ,  0.0000 ,  0.0000 ,  0.0000 ,  0.0000 ,
  0.0000 ,  0.0000 ,  0.0000 ,  0.0000 ,  0.0000 ,  0.0000 ,
  0.0000 ,  0.0000 ,  0.0000 ,  0.0000 ,  0.0000 ,  0.0000 ,
  0.0000 ,  0.0000 ,  0.0000 ,  0.0000 ,  0.0000 ,  0.0000 ,
  0.0000 ,  0.0000 ,  0.0000 ,  0.0000 ,  0.0000 ,  0.0000 ,
  0.0000 ,  0.0000 ,  0.0000 ,  0.0000 ,  0.0000 ,  0.0000 ,
  0.0000 ,  0.0000 ,  0.0000 ,  0.0000 ,  0.0000 ,  0.0000 ,
  0.0000 ,  0.0000 ,  0.0000 ,  0.0000 ,  0.0000 ,  0.0000 ,
  0.0000 ,  0.0000 ,  0.0000 ,  0.0000 ,  0.0000 ,  0.0000 ,
  0.0000 ,  0.0000 ,  0.0000 ,  0.0000 ,  0.0000 ,  0.0000 ,
  0.0000 ,  0.0000 ,  0.0000 ,  0.0000 ,  0.0000 ,  0.0000 ,
  0.0000 ,  0.0000 ,  0.0000 ,  0.0000 ,  0.0000 ,  0.0000 ,
  0.0000 ,  0.0000 ,  0.0000 ,  0.0000 ,  0.0000 ,  0.0000 ,
  0.0000 ,  0.0000 ,  0.0000 ,  0.0000 ,  0.0000 ,  0.0000 ,
  0.0000 ,  0.0000 ,  0.0000 ,  0.0000 ,  0.0000 ,  0.0000 ,
  0.0000 ,  0.0000 ,  0.0000 ,  0.0000 ,  0.0000 ,  0.0000 ,
  0.0000 ,  0.0000 ,  0.0000 ,  0.0000 ,  0.0000 ,  0.0000 ,
  0.0000 ,  0.0000 ,  0.0000 ,  0.0000 ,  0.0000 ,  0.0000 ,
  0.0000 ,  0.0000 ,  0.0000 ,  0.0000 ,  0.0000 ,  0.0000 ,
  0.0000 ,  0.0000 ,  0.0000 ,  0.0000 ,  0.0000 ,  0.0000 ,
  0.0000 ,  0.0000 ,  0.0000 ,  0.0000 ,  0.0000 ,  0.0000 ,
  0.0000 ,  0.0000 ,  0.0000 ,  0.0000 ,  0.0000 ,  0.0000 ,
  0.0000 ,  0.0000 ,  0.0000 ,  0.0000 ,  0.0000 ,  0.0000 ,
  0.0000 ,  0.0000 ,  0.0000 ,  0.0000 ,  0.0000 ,  0.0000 ,
  0.0000 ,  0.0000 ,  0.0000 ,  0.0000 ,  0.0000 ,  0.0000 ,
  0.0000 ,  0.0000 ,  0.0000 ,  0.0000 ,  0.0000 ,  0.0000 ,
  0.0000 ,  0.0000 ,  0.0000 ,  0.0000 ,  0.0000 ,  0.0000 ,
  0.0000 ,  0.0000 ,  0.0000 ,  0.0000 ,  0.0000 ,  0.0000 ,
  0.0000 ,  0.0000 ,  0.0000 ,  0.0000 ,  0.0000 ,  0.0000 ,
  0.0000 ,  0.0000 ,  0.0000 ,  0.0000 ,  0.0000 ,  0.0000 ,
  0.0000 ,  0.0000 ,  0.0000 ,  0.0000 ,  0.0000 ,  0.0000 ,
  0.0000 ,  0.0000 ,  0.0000 ,  0.0000 ,  0.0000 ,  0.0000 ,
  0.0000 ,  0.0000 ,  0.0000 ,  0.0000 ,  0.0000 ,  0.0000 ,
  0.0000 ,  0.0000 ,  0.0000 ,  0.0000 ,  0.0000 ,  0.0000 ,
  0.0000 ,  0.0000 ,  0.0000 ,  0.0000 ,  0.0000 ,  0.0000 ,
  0.0000 ,  0.0000 ,  0.0000 ,  0.0000 ,  0.0000 ,  0.0000 ,
  0.0000 ,  0.0000 ,  0.0000 ,  0.0000 ,  0.0000 ,  0.0000 ,
  0.0000 ,  0.0000 ,  0.0000 ,  0.0000 ,  0.0000 ,  0.0000 ,
  0.0000 ,  0.0000 ,  0.0000 ,  0.0000 ,  0.0000 ,  0.0000 ,
  0.0000 ,  0.0000 ,  0.0000 ,  0.0000 ,  0.0000 ,  0.0000 ,
  0.0000 ,  0.0000 ,  0.0000 ,  0.0000 ,  0.0000 ,  0.0000 ,
  0.0000 ,  0.0000 ,  0.0000 ,  0.0000 ,  0.0000 ,  0.0000 ,
  0.0000 ,  0.0000 ,  0.0000 ,  0.0000 ,  0.0000 ,  0.0000 ,
  0.0000 ,  0.0000 ,  0.0000 ,  0.0000 ,  0.0000 ,  0.0000 ,
  0.0000 ,  0.0000 ,  0.0000 ,  0.0000 ,  0.0000 ,  0.0000 ,
  0.0000 ,  0.0000 ,  0.0000 ,  0.0000 ,  0.0000 ,  0.0000 ,
  0.0000 ,  0.0000 ,  0.0000 ,  0.0000 ,  0.0000 ,  0.0000 ,
  0.0000 ,  0.0000 ,  0.0000 ,  0.0000 ,  0.0000 ,  0.0000 ,
  0.0000 ,  0.0000 ,  0.0000 ,  0.0000 ,  0.0000 ,  0.0000 ,
  0.0000 ,  0.0000 ,  0.0000 ,  0.0000 ,  0.0000 ,  0.0000 ,
  0.0000 ,  0.0000 ,  0.0000 ,  0.0000 ,  0.0000 ,  0.0000 ,
  0.0000 ,  0.0000 ,  0.0000 ,  0.0000 ,  0.0000 ,  0.0000 ,
  0.0000 ,  0.0000 ,  0.0000 ,  0.0000 ,  0.0000 ,  0.0000 ,
  0.0000 ,  0.0000 ,  0.0000 ,  0.0000 ,  0.0000 ,  0.0000 ,
  0.0000 ,  0.0000 ,  0.0000 ,  0.0000 ,  0.0000 ,  0.0000 ,
  0.0000 ,  0.0000 ,  0.0000 ,  0.0000 ,  0.0000 ,  0.0000 ,
  0.0000 ,  0.0000 ,  0.0000 ,  0.0000 ,  0.0000 ,  0.0000 ,
  0.0000 ,  0.0000 ,  0.0000 ,  0.0000 ,  0.0000 ,  0.0000 ,
  0.0000 ,  0.0000 ,  0.0000 ,  0.0000 ,  0.0000 ,  0.0000 ,
  0.0000 ,  0.0000 ,  0.0000 ,  0.0000 ,  0.0000 ,  0.0000 ,
  0.0000 ,  0.0000 ,  0.0000 ,  0.0000 ,  0.0000 ,  0.0000 ,
  0.0000 ,  0.0000 ,  0.0000 ,  0.0000 ,  0.0000 ,  0.0000 ,
  0.0000 ,  0.0000 ,  0.0000 ,  0.0000 ,  0.0000 ,  0.0000 ,
  0.0000 ,  0.0000 ,  0.0000 ,  0.0000 ,  0.0000 ,  0.0000 ,
  0.0000 ,  0.0000 ,  0.0000 ,  0.0000 ,  0.0000 ,  0.0000 ,
  0.0000 ,  0.0000 ,  0.0000 ,  0.0000 ,  0.0000 ,  0.0000 ,
  0.0000 ,  0.0000 ,  0.0000 ,  0.0000 ,  0.0000 ,  0.0000 ,
  0.0000 ,  0.0000 ,  0.0000 ,  0.0000 ,  0.0000 ,  0.0000 ,
  0.0000 ,  0.0000 ,  0.0000 ,  0.0000 ,  0.0000 ,  0.0000 ,
  0.0000 ,  0.0000 ,  0.0000 ,  0.0000 ,  0.0000 ,  0.0000 ,
  0.0000 ,  0.0000 ,  0.0000 ,  0.0000 ,  0.0000 ,  0.0000 ,
  0.0000 ,  0.0000 ,  0.0000 ,  0.0000 ,  0.0000 ,  0.0000 ,
  0.0000 ,  0.0000 ,  0.0000 ,  0.0000 ,  0.0000 ,  0.0000 ,
  0.0000 ,  0.0000 ,  0.0000 ,  0.0000 ,  0.0000 ,  0.0000 ,
  0.0000 ,  0.0000 ,  0.0000 ,  0.0000 ,  0.0000 ,  0.0000 ,
  0.0000 ,  0.0000 ,  0.0000 ,  0.0000 ,  0.0000 ,  0.0000 ,
  0.0000 ,  0.0000 ,  0.0000 ,  0.0000 ,  0.0000 ,  0.0000 ,
  0.0000 ,  0.0000 ,  0.0000 ,  0.0000 ,  0.0000 ,  0.0000 ,
  0.0000 ,  0.0000 ,  0.0000 ,  0.0000 ,  0.0000 ,  0.0000 ,
  0.0000 ,  0.0000 ,  0.0000 ,  0.0000 ,  0.0000 ,  0.0000 ,
  0.0000 ,  0.0000 ,  0.0000 ,  0.0000 ,  0.0000 ,  0.0000 ,
  0.0000 ,  0.0000 ,  0.0000 ,  0.0000 ,  0.0000 ,  0.0000 ,
  0.0000 ,  0.0000 ,  0.0000 ,  0.0000 ,  0.0000 ,  0.0000 ,
  0.0000 ,  0.0000 ,  0.0000 ,  0.0000 ,  0.0000 ,  0.0000 ,
  0.0000 ,  0.0000 ,  0.0000 ,  0.0000 ,  0.0000 ,  0.0000 ,
  0.0000 ,  0.0000 ,  0.0000 ,  0.0000 ,  0.0000 ,  0.0000 ,
  0.0000 ,  0.0000 ,  0.0000 ,  0.0000 ,  0.0000 ,  0.0000 ,
  0.0000 ,  0.0000 ,  0.0000 ,  0.0000 ,  0.0000 ,  0.0000 ,
  0.0000 ,  0.0000 ,  0.0000 ,  0.0000 ,  0.0000 ,  0.0000 ,
  0.0000 ,  0.0000 ,  0.0000 ,  0.0000 ,  0.0000 ,  0.0000 ,
  0.0000 ,  0.0000 ,  0.0000 ,  0.0000 ,  0.0000 ,  0.0000 ,
  0.0000 ,  0.0000 ,  0.0000 ,  0.0000 ,  0.0000 ,  0.0000 ,
  0.0000 ,  0.0000 ,  0.0000 ,  0.0000 ,  0.0000 ,  0.0000 ,
  0.0000 ,  0.0000 ,  0.0000 ,  0.0000 ,  0.0000 ,  0.0000 ,
  0.0000 ,  0.0000 ,  0.0000 ,  0.0000 ,  0.0000 ,  0.0000 ,
  0.0000 ,  0.0000 ,  0.0000 ,  0.0000 ,  0.0000 ,  0.0000 ,
  0.0000 ,  0.0000 ,  0.0000 ,  0.0000 ,  0.0000 ,  0.0000 ,
  0.0000 ,  0.0000 ,  0.0000 ,  0.0000 ,  0.0000 ,  0.0000 ,
  0.0000 ,  0.0000 ,  0.0000 ,  0.0000 ,  0.0000 ,  0.0000 ,
  0.0000 ,  0.0000 ,  0.0000 ,  0.0000 ,  0.0000 ,  0.0000 ,
  0.0000 ,  0.0000 ,  0.0000 ,  0.0000 ,  0.0000 ,  0.0000 ,
  0.0000 ,  0.0000 ,  0.0000 ,  0.0000 ,  0.0000 ,  0.0000 ,
  0.0000 ,  0.0000 ,  0.0000 ,  0.0000 ,  0.0000 ,  0.0000 ,
  0.0000 ,  0.0000 ,  0.0000 ,  0.0000 ,  0.0000 ,  0.0000 ,
  0.0000 ,  0.0000 ,  0.0000 ,  0.0000 ,  0.0000 ,  0.0000 ,
  0.0000 ,  0.0000 ,  0.0000 ,  0.0000 ,  0.0000 ,  0.0000 ,
  0.0000 ,  0.0000 ,  0.0000 ,  0.0000 ,  0.0000 ,  0.0000 ,
  0.0000 ,  0.0000 ,  0.0000 ,  0.0000 ,  0.0000 ,  0.0000 ,
  0.0000 ,  0.0000 ,  0.0000 ,  0.0000 ,  0.0000 ,  0.0000 ,
  0.0000 ,  0.0000 ,  0.0000 ,  0.0000 ,  0.0000 ,  0.0000 ,
  0.0000 ,  0.0000 ,  0.0000 ,  0.0000 ,  0.0000 ,  0.0000 ,
  0.0000 ,  0.0000 ,  0.0000 ,  0.0000 ,  0.0000 ,  0.0000 ,
  0.0000 ,  0.0000 ,  0.0000 ,  0.0000 ,  0.0000 ,  0.0000 ,
  0.0000 ,  0.0000 ,  0.0000 ,  0.0000 ,  0.0000 ,  0.0000 ,
  0.0000 ,  0.0000 ,  0.0000 ,  0.0000 ,  0.0000 ,  0.0000 ,
  0.0000 ,  0.0000 ,  0.0000 ,  0.0000 ,  0.0000 ,  0.0000 ,
  0.0000 ,  0.0000 ,  0.0000 ,  0.0000 ,  0.0000 ,  0.0000 ,
  0.0000 ,  0.0000 ,  0.0000 ,  0.0000 ,  0.0000 ,  0.0000 ,
  0.0000 ,  0.0000 ,  0.0000 ,  0.0000 ,  0.0000 ,  0.0000 ,
  0.0000 ,  0.0000 ,  0.0000 ,  0.0000 ,  0.0000 ,  0.0000 ,
  0.0000 ,  0.0000 ,  0.0000 ,  0.0000 ,  0.0000 ,  0.0000 ,
  0.0000 ,  0.0000 ,  0.0000 ,  0.0000 ,  0.0000 ,  0.0000 ,
  0.0000 ,  0.0000 ,  0.0000 ,  0.0000 ,  0.0000 ,  0.0000 ,
  0.0000 ,  0.0000 ,  0.0000 ,  0.0000 ,  0.0000 ,  0.0000 ,
  0.0000 ,  0.0000 ,  0.0000 ,  0.0000 ,  0.0000 ,  0.0000 ,
  0.0000 ,  0.0000 ,  0.0000 ,  0.0000 ,  0.0000 ,  0.0000 ,
  0.0000 ,  0.0000 ,  0.0000 ,  0.0000 ,  0.0000 ,  0.0000 ,
  0.0000 ,  0.0000 ,  0.0000 ,  0.0000 ,  0.0000 ,  0.0000 ,
  0.0000 ,  0.0000 ,  0.0000 ,  0.0000 ,  0.0000 ,  0.0000 ,
  0.0000 ,  0.0000 ,  0.0000 ,  0.0000 ,  0.0000 ,  0.0000 ,
  0.0000 ,  0.0000 ,  0.0000 ,  0.0000 ,  0.0000 ,  0.0000 ,
  0.0000 ,  0.0000 ,  0.0000 ,  0.0000 ,  0.0000 ,  0.0000 ,
  0.0000 ,  0.0000 ,  0.0000 ,  0.0000 ,  0.0000 ,  0.0000 ,
  0.0000 ,  0.0000 ,  0.0000 ,  0.0000 ,  0.0000 ,  0.0000 ,
  0.0000 ,  0.0000 ,  0.0000 ,  0.0000 ,  0.0000 ,  0.0000 ,
  0.0000 ,  0.0000 ,  0.0000 ,  0.0000 ,  0.0000 ,  0.0000 ,
  0.0000 ,  0.0000 ,  0.0000 ,  0.0000 ,  0.0000 ,  0.0000 ,
  0.0000 ,  0.0000 ,  0.0000 ,  0.0000 ,  0.0000 ,  0.0000 ,
  0.0000 ,  0.0000 ,  0.0000 ,  0.0000 ,  0.0000 ,  0.0000 ,
  0.0000 ,  0.0000 ,  0.0000 ,  0.0000 ,  0.0000 ,  0.0000 ,
  0.0000 ,  0.0000 ,  0.0000 ,  0.0000 ,  0.0000 ,  0.0000 ,
  0.0000 ,  0.0000 ,  0.0000 ,  0.0000 ,  0.0000 ,  0.0000 ,
  0.0000 ,  0.0000 ,  0.0000 ,  0.0000 ,  0.0000 ,  0.0000 ,
  0.0000 ,  0.0000 ,  0.0000 ,  0.0000 ,  0.0000 ,  0.0000 ,
  0.0000 ,  0.0000 ,  0.0000 ,  0.0000 ,  0.0000 ,  0.0000 ,
  0.0000 ,  0.0000 ,  0.0000 ,  0.0000 ,  0.0000 ,  0.0000 ,
  0.0000 ,  0.0000 ,  0.0000 ,  0.0000 ,  0.0000 ,  0.0000 ,
  0.0000 ,  0.0000 ,  0.0000 ,  0.0000 ,  0.0000 ,  0.0000 ,
  0.0000 ,  0.0000 ,  0.0000 ,  0.0000 ,  0.0000 ,  0.0000 ,
  0.0000 ,  0.0000 ,  0.0000 ,  0.0000 ,  0.0000 ,  0.0000 ,
  0.0000 ,  0.0000 ,  0.0000 ,  0.0000 ,  0.0000 ,  0.0000 ,
  0.0000 ,  0.0000 ,  0.0000 ,  0.0000 ,  0.0000 ,  0.0000 ,
  0.0000 ,  0.0000 ,  0.0000 ,  0.0000 ,  0.0000 ,  0.0000 ,
  0.0000 ,  0.0000 ,  0.0000 ,  0.0000 ,  0.0000 ,  0.0000 ,
  0.0000 ,  0.0000 ,  0.0000 ,  0.0000 ,  0.0000 ,  0.0000 ,
  0.0000 ,  0.0000 ,  0.0000 ,  0.0000 ,  0.0000 ,  0.0000 ,
  0.0000 ,  0.0000 ,  0.0000 ,  0.0000 ,  0.0000 ,  0.0000 ,
  0.0000 ,  0.0000 ,  0.0000 ,  0.0000 ,  0.0000 ,  0.0000 ,
  0.0000 ,  0.0000 ,  0.0000 ,  0.0000 ,  0.0000 ,  0.0000 ,
  0.0000 ,  0.0000 ,  0.0000 ,  0.0000 ,  0.0000 ,  0.0000 ,
  0.0000 ,  0.0000 ,  0.0000 ,  0.0000 ,  0.0000 ,  0.0000 ,
  0.0000 ,  0.0000 ,  0.0000 ,  0.0000 ,  0.0000 ,  0.0000 ,
  0.0000 ,  0.0000 ,  0.0000 ,  0.0000 ,  0.0000 ,  0.0000 ,
  0.0000 ,  0.0000 ,  0.0000 ,  0.0000 ,  0.0000 ,  0.0000 ,
  0.0000 ,  0.0000 ,  0.0000 ,  0.0000 ,  0.0000 ,  0.0000 ,
  0.0000 ,  0.0000 ,  0.0000 ,  0.0000 ,  0.0000 ,  0.0000 ,
  0.0000 ,  0.0000 ,  0.0000 ,  0.0000 ,  0.0000 ,  0.0000 ,
  0.0000 ,  0.0000 ,  0.0000 ,  0.0000 ,  0.0000 ,  0.0000 ,
  0.0000 ,  0.0000 ,  0.0000 ,  0.0000 ,  0.0000 ,  0.0000 ,
  0.0000 ,  0.0000 ,  0.0000 ,  0.0000 ,  0.0000 ,  0.0000 ,
  0.0000 ,  0.0000 ,  0.0000 ,  0.0000 ,  0.0000 ,  0.0000 ,
  0.0000 ,  0.0000 ,  0.0000 ,  0.0000 ,  0.0000 ,  0.0000 ,
  0.0000 ,  0.0000 ,  0.0000 ,  0.0000 ,  0.0000 ,  0.0000 ,
  0.0000 ,  0.0000 ,  0.0000 ,  0.0000 ,  0.0000 ,  0.0000 ,
  0.0000 ,  0.0000 ,  0.0000 ,  0.0000 ,  0.0000 ,  0.0000 ,
  0.0000 ,  0.0000 ,  0.0000 ,  0.0000 ,  0.0000 ,  0.0000 ,
  0.0000 ,  0.0000 ,  0.0000 ,  0.0000 ,  0.0000 ,  0.0000 ,
  0.0000 ,  0.0000 ,  0.0000 ,  0.0000 ,  0.0000 ,  0.0000 ,
  0.0000 ,  0.0000 ,  0.0000 ,  0.0000 ,  0.0000 ,  0.0000 ,
  0.0000 ,  0.0000 ,  0.0000 ,  0.0000 ,  0.0000 ,  0.0000 ,
  0.0000 ,  0.0000 ,  0.0000 ,  0.0000 ,  0.0000 ,  0.0000 ,
  0.0000 ,  0.0000 ,  0.0000 ,  0.0000 ,  0.0000 ,  0.0000 ,
  0.0000 ,  0.0000 ,  0.0000 ,  0.0000 ,  0.0000 ,  0.0000 ,
  0.0000 ,  0.0000 ,  0.0000 ,  0.0000 ,  0.0000 ,  0.0000 ,
  0.0000 ,  0.0000 ,  0.0000 ,  0.0000 ,  0.0000 ,  0.0000 ,
  0.0000 ,  0.0000 ,  0.0000 ,  0.0000 ,  0.0000 ,  0.0000 ,
  0.0000 ,  0.0000 ,  0.0000 ,  0.0000 ,  0.0000 ,  0.0000 ,
  0.0000 ,  0.0000 ,  0.0000 ,  0.0000 ,  0.0000 ,  0.0000 ,
  0.0000 ,  0.0000 ,  0.0000 ,  0.0000 ,  0.0000 ,  0.0000 ,
  0.0000 ,  0.0000 ,  0.0000 ,  0.0000 ,  0.0000 ,  0.0000 ,
  0.0000 ,  0.0000 ,  0.0000 ,  0.0000 ,  0.0000 ,  0.0000 ,
  0.0000 ,  0.0000 ,  0.0000 ,  0.0000 ,  0.0000 ,  0.0000 ,
  0.0000 ,  0.0000 ,  0.0000 ,  0.0000 ,  0.0000 ,  0.0000 ,
  0.0000 ,  0.0000 ,  0.0000 ,  0.0000 ,  0.0000 ,  0.0000 ,
  0.0000 ,  0.0000 ,  0.0000 ,  0.0000 ,  0.0000 ,  0.0000 ,
  0.0000 ,  0.0000 ,  0.0000 ,  0.0000 ,  0.0000 ,  0.0000 ,
  0.0000 ,  0.0000 ,  0.0000 ,  0.0000 ,  0.0000 ,  0.0000 ,
  0.0000 ,  0.0000 ,  0.0000 ,  0.0000 ,  0.0000 ,  0.0000 ,
  0.0000 ,  0.0000 ,  0.0000 ,  0.0000 ,  0.0000 ,  0.0000 ,
  0.0000 ,  0.0000 ,  0.0000 ,  0.0000 ,  0.0000 ,  0.0000 ,
  0.0000 ,  0.0000 ,  0.0000 ,  0.0000 ,  0.0000 ,  0.0000 ,
  0.0000 ,  0.0000 ,  0.0000 ,  0.0000 ,  0.0000 ,  0.0000 ,
  0.0000 ,  0.0000 ,  0.0000 ,  0.0000 ,  0.0000 ,  0.0000 ,
  0.0000 ,  0.0000 ,  0.0000 ,  0.0000 ,  0.0000 ,  0.0000 ,
  0.0000 ,  0.0000 ,  0.0000 ,  0.0000 ,  0.0000 ,  0.0000 ,
  0.0000 ,  0.0000 ,  0.0000 ,  0.0000 ,  0.0000 ,  0.0000 ,
  0.0000 ,  0.0000 ,  0.0000 ,  0.0000 ,  0.0000 ,  0.0000 ,
  0.0000 ,  0.0000 ,  0.0000 ,  0.0000 ,  0.0000 ,  0.0000 ,
  0.0000 ,  0.0000 ,  0.0000 ,  0.0000 ,  0.0000 ,  0.0000 ,
  0.0000 ,  0.0000 ,  0.0000 ,  0.0000 ,  0.0000 ,  0.0000 ,
  0.0000 ,  0.0000 ,  0.0000 ,  0.0000 ,  0.0000 ,  0.0000 ,
  0.0000 ,  0.0000 ,  0.0000 ,  0.0000 ,  0.0000 ,  0.0000 ,
  0.0000 ,  0.0000 ,  0.0000 ,  0.0000 ,  0.0000 ,  0.0000 ,
  0.0000 ,  0.0000 ,  0.0000 ,  0.0000 ,  0.0000 ,  0.0000 ,
  0.0000 ,  0.0000 ,  0.0000 ,  0.0000 ,  0.0000 ,  0.0000 ,
  0.0000 ,  0.0000 ,  0.0000 ,  0.0000 ,  0.0000 ,  0.0000 ,
  0.0000 ,  0.0000 ,  0.0000 ,  0.0000 ,  0.0000 ,  0.0000 ,
  0.0000 ,  0.0000 ,  0.0000 ,  0.0000 ,  0.0000 ,  0.0000 ,
  0.0000 ,  0.0000 ,  0.0000 ,  0.0000 ,  0.0000 ,  0.0000 ,
  0.0000 ,  0.0000 ,  0.0000 ,  0.0000 ,  0.0000 ,  0.0000 ,
  0.0000 ,  0.0000 ,  0.0000 ,  0.0000 ,  0.0000 ,  0.0000 ,
  0.0000 ,  0.0000 ,  0.0000 ,  0.0000 ,  0.0000 ,  0.0000 ,
  0.0000 ,  0.0000 ,  0.0000 ,  0.0000 ,  0.0000 ,  0.0000 ,
  0.0000 ,  0.0000 ,  0.0000 ,  0.0000 ,  0.0000 ,  0.0000 ,
  0.0000 ,  0.0000 ,  0.0000 ,  0.0000 ,  0.0000 ,  0.0000 ,
  0.0000 ,  0.0000 ,  0.0000 ,  0.0000 ,  0.0000 ,  0.0000 ,
  0.0000 ,  0.0000 ,  0.0000 ,  0.0000 ,  0.0000 ,  0.0000 ,
  0.0000 ,  0.0000 ,  0.0000 ,  0.0000 ,  0.0000 ,  0.0000 ,
  0.0000 ,  0.0000 ,  0.0000 ,  0.0000 ,  0.0000 ,  0.0000 ,
  0.0000 ,  0.0000 ,  0.0000 ,  0.0000 ,  0.0000 ,  0.0000 ,
  0.0000 ,  0.0000 ,  0.0000 ,  0.0000 ,  0.0000 ,  0.0000 ,
  0.0000 ,  0.0000 ,  0.0000 ,  0.0000 ,  0.0000 ,  0.0000 ,
  0.0000 ,  0.0000 ,  0.0000 ,  0.0000 ,  0.0000 ,  0.0000 ,
  0.0000 ,  0.0000 ,  0.0000 ,  0.0000 ,  0.0000 ,  0.0000 ,
  0.0000 ,  0.0000 ,  0.0000 ,  0.0000 ,  0.0000 ,  0.0000 ,
  0.0000 ,  0.0000 ,  0.0000 ,  0.0000 ,  0.0000 ,  0.0000 ,
  0.0000 ,  0.0000 ,  0.0000 ,  0.0000 ,  0.0000 ,  0.0000 ,
  0.0000 ,  0.0000 ,  0.0000 ,  0.0000 ,  0.0000 ,  0.0000 ,
  0.0000 ,  0.0000 ,  0.0000 ,  0.0000 ,  0.0000 ,  0.0000 ,
  0.0000 ,  0.0000 ,  0.0000 ,  0.0000 ,  0.0000 ,  0.0000 ,
  0.0000 ,  0.0000 ,  0.0000 ,  0.0000 ,  0.0000 ,  0.0000 ,
  0.0000 ,  0.0000 ,  0.0000 ,  0.0000 ,  0.0000 ,  0.0000 ,
  0.0000 ,  0.0000 ,  0.0000 ,  0.0000 ,  0.0000 ,  0.0000 ,
  0.0000 ,  0.0000 ,  0.0000 ,  0.0000 ,  0.0000 ,  0.0000 ,
  0.0000 ,  0.0000 ,  0.0000 ,  0.0000 ,  0.0000 ,  0.0000 ,
  0.0000 ,  0.0000 ,  0.0000 ,  0.0000 ,  0.0000 ,  0.0000 ,
  0.0000 ,  0.0000 ,  0.0000 ,  0.0000 ,  0.0000 ,  0.0000 ,
  0.0000 ,  0.0000 ,  0.0000 ,  0.0000 ,  0.0000 ,  0.0000 ,
  0.0000 ,  0.0000 ,  0.0000 ,  0.0000 ,  0.0000 ,  0.0000 ,
  0.0000 ,  0.0000 ,  0.0000 ,  0.0000 ,  0.0000 ,  0.0000 ,
  0.0000 ,  0.0000 ,  0.0000 ,  0.0000 ,  0.0000 ,  0.0000 ,
  0.0000 ,  0.0000 ,  0.0000 ,  0.0000 ,  0.0000 ,  0.0000 ,
  0.0000 ,  0.0000 ,  0.0000 ,  0.0000 ,  0.0000 ,  0.0000 ,
  0.0000 ,  0.0000 ,  0.0000 ,  0.0000 ,  0.0000 ,  0.0000 ,
  0.0000 ,  0.0000 ,  0.0000 ,  0.0000 ,  0.0000 ,  0.0000 ,
  0.0000 ,  0.0000 ,  0.0000 ,  0.0000 ,  0.0000 ,  0.0000 ,
  0.0000 ,  0.0000 ,  0.0000 ,  0.0000 ,  0.0000 ,  0.0000 ,
  0.0000 ,  0.0000 ,  0.0000 ,  0.0000 ,  0.0000 ,  0.0000 ,
  0.0000 ,  0.0000 ,  0.0000 ,  0.0000 ,  0.0000 ,  0.0000 ,
  0.0000 ,  0.0000 ,  0.0000 ,  0.0000 ,  0.0000 ,  0.0000 ,
  0.0000 ,  0.0000 ,  0.0000 ,  0.0000 ,  0.0000 ,  0.0000 ,
  0.0000 ,  0.0000 ,  0.0000 ,  0.0000 ,  0.0000 ,  0.0000 ,
  0.0000 ,  0.0000 ,  0.0000 ,  0.0000 ,  0.0000 ,  0.0000 ,
  0.0000 ,  0.0000 ,  0.0000 ,  0.0000 ,  0.0000 ,  0.0000 ,
  0.0000 ,  0.0000 ,  0.0000 ,  0.0000 ,  0.0000 ,  0.0000 ,
  0.0000 ,  0.0000 ,  0.0000 ,  0.0000 ,  0.0000 ,  0.0000 ,
  0.0000 ,  0.0000 ,  0.0000 ,  0.0000 ,  0.0000 ,  0.0000 ,
  0.0000 ,  0.0000 ,  0.0000 ,  0.0000 ,  0.0000 ,  0.0000 ,
  0.0000 ,  0.0000 ,  0.0000 ,  0.0000 ,  0.0000 ,  0.0000 ,
  0.0000 ,  0.0000 ,  0.0000 ,  0.0000 ,  0.0000 ,  0.0000 ,
  0.0000 ,  0.0000 ,  0.0000 ,  0.0000 ,  0.0000 ,  0.0000 ,
  0.0000 ,  0.0000 ,  0.0000 ,  0.0000 ,  0.0000 ,  0.0000 ,
  0.0000 ,  0.0000 ,  0.0000 ,  0.0000 ,  0.0000 ,  0.0000 ,
  0.0000 ,  0.0000 ,  0.0000 ,  0.0000 ,  0.0000 ,  0.0000 ,
  0.0000 ,  0.0000 ,  0.0000 ,  0.0000 ,  0.0000 ,  0.0000 ,
  0.0000 ,  0.0000 ,  0.0000 ,  0.0000 ,  0.0000 ,  0.0000 ,
  0.0000 ,  0.0000 ,  0.0000 ,  0.0000 ,  0.0000 ,  0.0000 ,
  0.0000 ,  0.0000 ,  0.0000 ,  0.0000 ,  0.0000 ,  0.0000 ,
  0.0000 ,  0.0000 ,  0.0000 ,  0.0000 ,  0.0000 ,  0.0000 ,
  0.0000 ,  0.0000 ,  0.0000 ,  0.0000 ,  0.0000 ,  0.0000 ,
  0.0000 ,  0.0000 ,  0.0000 ,  0.0000 ,  0.0000 ,  0.0000 ,
  0.0000 ,  0.0000 ,  0.0000 ,  0.0000 ,  0.0000 ,  0.0000 ,
  0.0000 ,  0.0000 ,  0.0000 ,  0.0000 ,  0.0000 ,  0.0000 ,
  0.0000 ,  0.0000 ,  0.0000 ,  0.0000 ,  0.0000 ,  0.0000 ,
  0.0000 ,  0.0000 ,  0.0000 ,  0.0000 ,  0.0000 ,  0.0000 ,
  0.0000 ,  0.0000 ,  0.0000 ,  0.0000 ,  0.0000 ,  0.0000 ,
  0.0000 ,  0.0000 ,  0.0000 ,  0.0000 ,  0.0000 ,  0.0000 ,
  0.0000 ,  0.0000 ,  0.0000 ,  0.0000 ,  0.0000 ,  0.0000 ,
  0.0000 ,  0.0000 ,  0.0000 ,  0.0000 ,  0.0000 ,  0.0000 ,
  0.0000 ,  0.0000 ,  0.0000 ,  0.0000 ,  0.0000 ,  0.0000 ,
  0.0000 ,  0.0000 ,  0.0000 ,  0.0000 ,  0.0000 ,  0.0000 ,
  0.0000 ,  0.0000 ,  0.0000 ,  0.0000 ,  0.0000 ,  0.0000 ,
  0.0000 ,  0.0000 ,  0.0000 ,  0.0000 ,  0.0000 ,  0.0000 ,
  0.0000 ,  0.0000 ,  0.0000 ,  0.0000 ,  0.0000 ,  0.0000 ,
  0.0000 ,  0.0000 ,  0.0000 ,  0.0000 ,  0.0000 ,  0.0000 ,
  0.0000 ,  0.0000 ,  0.0000 ,  0.0000 ,  0.0000 ,  0.0000 ,
  0.0000 ,  0.0000 ,  0.0000 ,  0.0000 ,  0.0000 ,  0.0000 ,
  0.0000 ,  0.0000 ,  0.0000 ,  0.0000 ,  0.0000 ,  0.0000 ,
  0.0000 ,  0.0000 ,  0.0000 ,  0.0000 ,  0.0000 ,  0.0000 ,
  0.0000 ,  0.0000 ,  0.0000 ,  0.0000 ,  0.0000 ,  0.0000 ,
  0.0000 ,  0.0000 ,  0.0000 ,  0.0000 ,  0.0000 ,  0.0000 ,
  0.0000 ,  0.0000 ,  0.0000 ,  0.0000 ,  0.0000 ,  0.0000 ,
  0.0000 ,  0.0000 ,  0.0000 ,  0.0000 ,  0.0000 ,  0.0000 ,
  0.0000 ,  0.0000 ,  0.0000 ,  0.0000 ,  0.0000 ,  0.0000 ,
  0.0000 ,  0.0000 ,  0.0000 ,  0.0000 ,  0.0000 ,  0.0000 ,
  0.0000 ,  0.0000 ,  0.0000 ,  0.0000 ,  0.0000 ,  0.0000 ,
  0.0000 ,  0.0000 ,  0.0000 ,  0.0000 ,  0.0000 ,  0.0000 ,
  0.0000 ,  0.0000 ,  0.0000 ,  0.0000 ,  0.0000 ,  0.0000 ,
  0.0000 ,  0.0000 ,  0.0000 ,  0.0000 ,  0.0000 ,  0.0000 ,
  0.0000 ,  0.0000 ,  0.0000 ,  0.0000 ,  0.0000 ,  0.0000 ,
  0.0000 ,  0.0000 ,  0.0000 ,  0.0000 ,  0.0000 ,  0.0000 ,
  0.0000 ,  0.0000 ,  0.0000 ,  0.0000 ,  0.0000 ,  0.0000 ,
  0.0000 ,  0.0000 ,  0.0000 ,  0.0000 ,  0.0000 ,  0.0000 ,
  0.0000 ,  0.0000 ,  0.0000 ,  0.0000 ,  0.0000 ,  0.0000 ,
  0.0000 ,  0.0000 ,  0.0000 ,  0.0000 ,  0.0000 ,  0.0000 ,
  0.0000 ,  0.0000 ,  0.0000 ,  0.0000 ,  0.0000 ,  0.0000 ,
  0.0000 ,  0.0000 ,  0.0000 ,  0.0000 ,  0.0000 ,  0.0000 ,
  0.0000 ,  0.0000 ,  0.0000 ,  0.0000 ,  0.0000 ,  0.0000 ,
  0.0000 ,  0.0000 ,  0.0000 ,  0.0000 ,  0.0000 ,  0.0000 ,
  0.0000 ,  0.0000 ,  0.0000 ,  0.0000 ,  0.0000 ,  0.0000 ,
  0.0000 ,  0.0000 ,  0.0000 ,  0.0000 ,  0.0000 ,  0.0000 ,
  0.0000 ,  0.0000 ,  0.0000 ,  0.0000 ,  0.0000 ,  0.0000 ,
  0.0000 ,  0.0000 ,  0.0000 ,  0.0000 ,  0.0000 ,  0.0000 ,
  0.0000 ,  0.0000 ,  0.0000 ,  0.0000 ,  0.0000 ,  0.0000 ,
  0.0000 ,  0.0000 ,  0.0000 ,  0.0000 ,  0.0000 ,  0.0000 ,
  0.0000 ,  0.0000 ,  0.0000 ,  0.0000 ,  0.0000 ,  0.0000 ,
  0.0000 ,  0.0000 ,  0.0000 ,  0.0000 ,  0.0000 ,  0.0000 ,
  0.0000 ,  0.0000 ,  0.0000 ,  0.0000 ,  0.0000 ,  0.0000 ,
  0.0000 ,  0.0000 ,  0.0000 ,  0.0000 ,  0.0000 ,  0.0000 ,
  0.0000 ,  0.0000 ,  0.0000 ,  0.0000 ,  0.0000 ,  0.0000 ,
  0.0000 ,  0.0000 ,  0.0000 ,  0.0000 ,  0.0000 ,  0.0000 ,
  0.0000 ,  0.0000 ,  0.0000 ,  0.0000 ,  0.0000 ,  0.0000 ,
  0.0000 ,  0.0000 ,  0.0000 ,  0.0000 ,  0.0000 ,  0.0000 ,
  0.0000 ,  0.0000 ,  0.0000 ,  0.0000 ,  0.0000 ,  0.0000 ,
  0.0000 ,  0.0000 ,  0.0000 ,  0.0000 ,  0.0000 ,  0.0000 ,
  0.0000 ,  0.0000 ,  0.0000 ,  0.0000 ,  0.0000 ,  0.0000 ,
  0.0000 ,  0.0000 ,  0.0000 ,  0.0000 ,  0.0000 ,  0.0000 ,
  0.0000 ,  0.0000 ,  0.0000 ,  0.0000 ,  0.0000 ,  0.0000 ,
  0.0000 ,  0.0000 ,  0.0000 ,  0.0000 ,  0.0000 ,  0.0000 ,
  0.0000 ,  0.0000 ,  0.0000 ,  0.0000 ,  0.0000 ,  0.0000 ,
  0.0000 ,  0.0000 ,  0.0000 ,  0.0000 ,  0.0000 ,  0.0000 ,
  0.0000 ,  0.0000 ,  0.0000 ,  0.0000 ,  0.0000 ,  0.0000 ,
  0.0000 ,  0.0000 ,  0.0000 ,  0.0000 ,  0.0000 ,  0.0000 ,
  0.0000 ,  0.0000 ,  0.0000 ,  0.0000 ,  0.0000 ,  0.0000 ,
  0.0000 ,  0.0000 ,  0.0000 ,  0.0000 ,  0.0000 ,  0.0000 ,
  0.0000 ,  0.0000 ,  0.0000 ,  0.0000 ,  0.0000 ,  0.0000 ,
  0.0000 ,  0.0000 ,  0.0000 ,  0.0000 ,  0.0000 ,  0.0000 ,
  0.0000 ,  0.0000 ,  0.0000 ,  0.0000 ,  0.0000 ,  0.0000 ,
  0.0000 ,  0.0000 ,  0.0000 ,  0.0000 ,  0.0000 ,  0.0000 ,
  0.0000 ,  0.0000 ,  0.0000 ,  0.0000 ,  0.0000 ,  0.0000 ,
  0.0000 ,  0.0000 ,  0.0000 ,  0.0000 ,  0.0000 ,  0.0000 ,
  0.0000 ,  0.0000 ,  0.0000 ,  0.0000 ,  0.0000 ,  0.0000 ,
  0.0000 ,  0.0000 ,  0.0000 ,  0.0000 ,  0.0000 ,  0.0000 ,
  0.0000 ,  0.0000 ,  0.0000 ,  0.0000 ,  0.0000 ,  0.0000 ,
  0.0000 ,  0.0000 ,  0.0000 ,  0.0000 ,  0.0000 ,  0.0000 ,
  0.0000 ,  0.0000 ,  0.0000 ,  0.0000 ,  0.0000 ,  0.0000 ,
  0.0000 ,  0.0000 ,  0.0000 ,  0.0000 ,  0.0000 ,  0.0000 ,
  0.0000 ,  0.0000 ,  0.0000 ,  0.0000 ,  0.0000 ,  0.0000 ,
  0.0000 ,  0.0000 ,  0.0000 ,  0.0000 ,  0.0000 ,  0.0000 ,
  0.0000 ,  0.0000 ,  0.0000 ,  0.0000 ,  0.0000 ,  0.0000 ,
  0.0000 ,  0.0000 ,  0.0000 ,  0.0000 ,  0.0000 ,  0.0000 ,
  0.0000 ,  0.0000 ,  0.0000 ,  0.0000 ,  0.0000 ,  0.0000 ,
  0.0000 ,  0.0000 ,  0.0000 ,  0.0000 ,  0.0000 ,  0.0000 ,
  0.0000 ,  0.0000 ,  0.0000 ,  0.0000 ,  0.0000 ,  0.0000 ,
  0.0000 ,  0.0000 ,  0.0000 ,  0.0000 ,  0.0000 ,  0.0000 ,
  0.0000 ,  0.0000 ,  0.0000 ,  0.0000 ,  0.0000 ,  0.0000 ,
  0.0000 ,  0.0000 ,  0.0000 ,  0.0000 ,  0.0000 ,  0.0000 ,
  0.0000 ,  0.0000 ,  0.0000 ,  0.0000 ,  0.0000 ,  0.0000 ,
  0.0000 ,  0.0000 ,  0.0000 ,  0.0000 ,  0.0000 ,  0.0000 ,
  0.0000 ,  0.0000 ,  0.0000 ,  0.0000 ,  0.0000 ,  0.0000 ,
  0.0000 ,  0.0000 ,  0.0000 ,  0.0000 ,  0.0000 ,  0.0000 ,
  0.0000 ,  0.0000 ,  0.0000 ,  0.0000 ,  0.0000 ,  0.0000 ,
  0.0000 ,  0.0000 ,  0.0000 ,  0.0000 ,  0.0000 ,  0.0000 ,
  0.0000 ,  0.0000 ,  0.0000 ,  0.0000 ,  0.0000 ,  0.0000 ,
  0.0000 ,  0.0000 ,  0.0000 ,  0.0000 ,  0.0000 ,  0.0000 ,
  0.0000 ,  0.0000 ,  0.0000 ,  0.0000 ,  0.0000 ,  0.0000 ,
  0.0000 ,  0.0000 ,  0.0000 ,  0.0000 ,  0.0000 ,  0.0000 ,
  0.0000 ,  0.0000 ,  0.0000 ,  0.0000 ,  0.0000 ,  0.0000 ,
  0.0000 ,  0.0000 ,  0.0000 ,  0.0000 ,  0.0000 ,  0.0000 ,
  0.0000 ,  0.0000 ,  0.0000 ,  0.0000 ,  0.0000 ,  0.0000 ,
  0.0000 ,  0.0000 ,  0.0000 ,  0.0000 ,  0.0000 ,  0.0000 ,
  0.0000 ,  0.0000 ,  0.0000 ,  0.0000 ,  0.0000 ,  0.0000 ,
  0.0000 ,  0.0000 ,  0.0000 ,  0.0000 ,  0.0000 ,  0.0000 ,
  0.0000 ,  0.0000 ,  0.0000 ,  0.0000 ,  0.0000 ,  0.0000 ,
  0.0000 ,  0.0000 ,  0.0000 ,  0.0000 ,  0.0000 ,  0.0000 ,
  0.0000 ,  0.0000 ,  0.0000 ,  0.0000 ,  0.0000 ,  0.0000 ,
  0.0000 ,  0.0000 ,  0.0000 ,  0.0000 ,  0.0000 ,  0.0000 ,
  0.0000 ,  0.0000 ,  0.0000 ,  0.0000 ,  0.0000 ,  0.0000 ,
  0.0000 ,  0.0000 ,  0.0000 ,  0.0000 ,  0.0000 ,  0.0000 ,
  0.0000 ,  0.0000 ,  0.0000 ,  0.0000 ,  0.0000 ,  0.0000 ,
  0.0000 ,  0.0000 ,  0.0000 ,  0.0000 ,  0.0000 ,  0.0000 ,
  0.0000 ,  0.0000 ,  0.0000 ,  0.0000 ,  0.0000 ,  0.0000 ,
  0.0000 ,  0.0000 ,  0.0000 ,  0.0000 ,  0.0000 ,  0.0000 ,
  0.0000 ,  0.0000 ,  0.0000 ,  0.0000 ,  0.0000 ,  0.0000 ,
  0.0000 ,  0.0000 ,  0.0000 ,  0.0000 ,  0.0000 ,  0.0000 ,
  0.0000 ,  0.0000 ,  0.0000 ,  0.0000 ,  0.0000 ,  0.0000 ,
  0.0000 ,  0.0000 ,  0.0000 ,  0.0000 ,  0.0000 ,  0.0000 ,
  0.0000 ,  0.0000 ,  0.0000 ,  0.0000 ,  0.0000 ,  0.0000 ,
  0.0000 ,  0.0000 ,  0.0000 ,  0.0000 ,  0.0000 ,  0.0000 ,
  0.0000 ,  0.0000 ,  0.0000 ,  0.0000 ,  0.0000 ,  0.0000 ,
  0.0000 ,  0.0000 ,  0.0000 ,  0.0000 ,  0.0000 ,  0.0000 ,
  0.0000 ,  0.0000 ,  0.0000 ,  0.0000 ,  0.0000 ,  0.0000 ,
  0.0000 ,  0.0000 ,  0.0000 ,  0.0000 ,  0.0000 ,  0.0000 ,
  0.0000 ,  0.0000 ,  0.0000 ,  0.0000 ,  0.0000 ,  0.0000 ,
  0.0000 ,  0.0000 ,  0.0000 ,  0.0000 ,  0.0000 ,  0.0000 ,
  0.0000 ,  0.0000 ,  0.0000 ,  0.0000 ,  0.0000 ,  0.0000 ,
  0.0000 ,  0.0000 ,  0.0000 ,  0.0000 ,  0.0000 ,  0.0000 ,
  0.0000 ,  0.0000 ,  0.0000 ,  0.0000 ,  0.0000 ,  0.0000 ,
  0.0000 ,  0.0000 ,  0.0000 ,  0.0000 ,  0.0000 ,  0.0000 ,
  0.0000 ,  0.0000 ,  0.0000 ,  0.0000 ,  0.0000 ,  0.0000 ,
  0.0000 ,  0.0000 ,  0.0000 ,  0.0000 ,  0.0000 ,  0.0000 ,
  0.0000 ,  0.0000 ,  0.0000 ,  0.0000 ,  0.0000 ,  0.0000 ,
  0.0000 ,  0.0000 ,  0.0000 ,  0.0000 ,  0.0000 ,  0.0000 ,
  0.0000 ,  0.0000 ,  0.0000 ,  0.0000 ,  0.0000 ,  0.0000 ,
  0.0000 ,  0.0000 ,  0.0000 ,  0.0000 ,  0.0000 ,  0.0000 ,
  0.0000 ,  0.0000 ,  0.0000 ,  0.0000 ,  0.0000 ,  0.0000 ,
  0.0000 ,  0.0000 ,  0.0000 ,  0.0000 ,  0.0000 ,  0.0000 ,
  0.0000 ,  0.0000 ,  0.0000 ,  0.0000 ,  0.0000 ,  0.0000 ,
  0.0000 ,  0.0000 ,  0.0000 ,  0.0000 ,  0.0000 ,  0.0000 ,
  0.0000 ,  0.0000 ,  0.0000 ,  0.0000 ,  0.0000 ,  0.0000 ,
  0.0000 ,  0.0000 ,  0.0000 ,  0.0000 ,  0.0000 ,  0.0000 ,
  0.0000 ,  0.0000 ,  0.0000 ,  0.0000 ,  0.0000 ,  0.0000 ,
  0.0000 ,  0.0000 ,  0.0000 ,  0.0000 ,  0.0000 ,  0.0000 ,
  0.0000 ,  0.0000 ,  0.0000 ,  0.0000 ,  0.0000 ,  0.0000 ,
  0.0000 ,  0.0000 ,  0.0000 ,  0.0000 ,  0.0000 ,  0.0000 ,
  0.0000 ,  0.0000 ,  0.0000 ,  0.0000 ,  0.0000 ,  0.0000 ,
  0.0000 ,  0.0000 ,  0.0000 ,  0.0000 ,  0.0000 ,  0.0000 ,
  0.0000 ,  0.0000 ,  0.0000 ,  0.0000 ,  0.0000 ,  0.0000 ,
  0.0000 ,  0.0000 ,  0.0000 ,  0.0000 ,  0.0000 ,  0.0000 ,
  0.0000 ,  0.0000 ,  0.0000 ,  0.0000 ,  0.0000 ,  0.0000 ,
  0.0000 ,  0.0000 ,  0.0000 ,  0.0000 ,  0.0000 ,  0.0000 ,
  0.0000 ,  0.0000 ,  0.0000 ,  0.0000 ,  0.0000 ,  0.0000 ,
  0.0000 ,  0.0000 ,  0.0000 ,  0.0000 ,  0.0000 ,  0.0000 ,
  0.0000 ,  0.0000 ,  0.0000 ,  0.0000 ,  0.0000 ,  0.0000 ,
  0.0000 ,  0.0000 ,  0.0000 ,  0.0000 ,  0.0000 ,  0.0000 ,
  0.0000 ,  0.0000 ,  0.0000 ,  0.0000 ,  0.0000 ,  0.0000 ,
  0.0000 ,  0.0000 ,  0.0000 ,  0.0000 ,  0.0000 ,  0.0000 ,
  0.0000 ,  0.0000 ,  0.0000 ,  0.0000 ,  0.0000 ,  0.0000 ,
  0.0000 ,  0.0000 ,  0.0000 ,  0.0000 ,  0.0000 ,  0.0000 ,
  0.0000 ,  0.0000 ,  0.0000 ,  0.0000 ,  0.0000 ,  0.0000 ,
  0.0000 ,  0.0000 ,  0.0000 ,  0.0000 ,  0.0000 ,  0.0000 ,
  0.0000 ,  0.0000 ,  0.0000 ,  0.0000 ,  0.0000 ,  0.0000 ,
  0.0000 ,  0.0000 ,  0.0000 ,  0.0000 ,  0.0000 ,  0.0000 ,
  0.0000 ,  0.0000 ,  0.0000 ,  0.0000 ,  0.0000 ,  0.0000 ,
  0.0000 ,  0.0000 ,  0.0000 ,  0.0000 ,  0.0000 ,  0.0000 ,
  0.0000 ,  0.0000 ,  0.0000 ,  0.0000 ,  0.0000 ,  0.0000 ,
  0.0000 ,  0.0000 ,  0.0000 ,  0.0000 ,  0.0000 ,  0.0000 ,
  0.0000 ,  0.0000 ,  0.0000 ,  0.0000 ,  0.0000 ,  0.0000 ,
  0.0000 ,  0.0000 ,  0.0000 ,  0.0000 ,  0.0000 ,  0.0000 ,
  0.0000 ,  0.0000 ,  0.0000 ,  0.0000 ,  0.0000 ,  0.0000 ,
  0.0000 ,  0.0000 ,  0.0000 ,  0.0000 ,  0.0000 ,  0.0000 ,
  0.0000 ,  0.0000 ,  0.0000 ,  0.0000 ,  0.0000 ,  0.0000 ,
  0.0000 ,  0.0000 ,  0.0000 ,  0.0000 ,  0.0000 ,  0.0000 ,
  0.0000 ,  0.0000 ,  0.0000 ,  0.0000 ,  0.0000 ,  0.0000 ,
  0.0000 ,  0.0000 ,  0.0000 ,  0.0000 ,  0.0000 ,  0.0000 ,
  0.0000 ,  0.0000 ,  0.0000 ,  0.0000 ,  0.0000 ,  0.0000 ,
  0.0000 ,  0.0000 ,  0.0000 ,  0.0000 ,  0.0000 ,  0.0000 ,
  0.0000 ,  0.0000 ,  0.0000 ,  0.0000 ,  0.0000 ,  0.0000 ,
  0.0000 ,  0.0000 ,  0.0000 ,  0.0000 ,  0.0000 ,  0.0000 ,
  0.0000 ,  0.0000 ,  0.0000 ,  0.0000 ,  0.0000 ,  0.0000 ,
  0.0000 ,  0.0000 ,  0.0000 ,  0.0000 ,  0.0000 ,  0.0000 ,
  0.0000 ,  0.0000 ,  0.0000 ,  0.0000 ,  0.0000 ,  0.0000 ,
  0.0000 ,  0.0000 ,  0.0000 ,  0.0000 ,  0.0000 ,  0.0000 ,
  0.0000 ,  0.0000 ,  0.0000 ,  0.0000 ,  0.0000 ,  0.0000 ,
  0.0000 ,  0.0000 ,  0.0000 ,  0.0000 ,  0.0000 ,  0.0000 ,
  0.0000 ,  0.0000 ,  0.0000 ,  0.0000 ,  0.0000 ,  0.0000 ,
  0.0000 ,  0.0000 ,  0.0000 ,  0.0000 ,  0.0000 ,  0.0000 ,
  0.0000 ,  0.0000 ,  0.0000 ,  0.0000 ,  0.0000 ,  0.0000 ,
  0.0000 ,  0.0000 ,  0.0000 ,  0.0000 ,  0.0000 ,  0.0000 ,
  0.0000 ,  0.0000 ,  0.0000 ,  0.0000 ,  0.0000 ,  0.0000 ,
  0.0000 ,  0.0000 ,  0.0000 ,  0.0000 ,  0.0000 ,  0.0000 ,
  0.0000 ,  0.0000 ,  0.0000 ,  0.0000 ,  0.0000 ,  0.0000 ,
  0.0000 ,  0.0000 ,  0.0000 ,  0.0000 ,  0.0000 ,  0.0000 ,
  0.0000 ,  0.0000 ,  0.0000 ,  0.0000 ,  0.0000 ,  0.0000 ,
  0.0000 ,  0.0000 ,  0.0000 ,  0.0000 ,  0.0000 ,  0.0000 ,
  0.0000 ,  0.0000 ,  0.0000 ,  0.0000 ,  0.0000 ,  0.0000 ,
  0.0000 ,  0.0000 ,  0.0000 ,  0.0000 ,  0.0000 ,  0.0000 ,
  0.0000 ,  0.0000 ,  0.0000 ,  0.0000 ,  0.0000 ,  0.0000 ,
  0.0000 ,  0.0000 ,  0.0000 ,  0.0000 ,  0.0000 ,  0.0000 ,
  0.0000 ,  0.0000 ,  0.0000 ,  0.0000 ,  0.0000 ,  0.0000 ,
  0.0000 ,  0.0000 ,  0.0000 ,  0.0000 ,  0.0000 ,  0.0000 ,
  0.0000 ,  0.0000 ,  0.0000 ,  0.0000 ,  0.0000 ,  0.0000 ,
  0.0000 ,  0.0000 ,  0.0000 ,  0.0000 ,  0.0000 ,  0.0000 ,
  0.0000 ,  0.0000 ,  0.0000 ,  0.0000 ,  0.0000 ,  0.0000 ,
  0.0000 ,  0.0000 ,  0.0000 ,  0.0000 ,  0.0000 ,  0.0000 ,
  0.0000 ,  0.0000 ,  0.0000 ,  0.0000 ,  0.0000 ,  0.0000 ,
  0.0000 ,  0.0000 ,  0.0000 ,  0.0000 ,  0.0000 ,  0.0000 ,
  0.0000 ,  0.0000 ,  0.0000 ,  0.0000 ,  0.0000 ,  0.0000 ,
  0.0000 ,  0.0000 ,  0.0000 ,  0.0000 ,  0.0000 ,  0.0000 ,
  0.0000 ,  0.0000 ,  0.0000 ,  0.0000 ,  0.0000 ,  0.0000 ,
  0.0000 ,  0.0000 ,  0.0000 ,  0.0000 ,  0.0000 ,  0.0000 ,
  0.0000 ,  0.0000 ,  0.0000 ,  0.0000 ,  0.0000 ,  0.0000 ,
  0.0000 ,  0.0000 ,  0.0000 ,  0.0000 ,  0.0000 ,  0.0000 ,
  0.0000 ,  0.0000 ,  0.0000 ,  0.0000 ,  0.0000 ,  0.0000 ,
  0.0000 ,  0.0000 ,  0.0000 ,  0.0000 ,  0.0000 ,  0.0000 ,
  0.0000 ,  0.0000 ,  0.0000 ,  0.0000 ,  0.0000 ,  0.0000 ,
  0.0000 ,  0.0000 ,  0.0000 ,  0.0000 ,  0.0000 ,  0.0000 ,
  0.0000 ,  0.0000 ,  0.0000 ,  0.0000 ,  0.0000 ,  0.0000 ,
  0.0000 ,  0.0000 ,  0.0000 ,  0.0000 ,  0.0000 ,  0.0000 ,
  0.0000 ,  0.0000 ,  0.0000 ,  0.0000 ,  0.0000 ,  0.0000 ,
  0.0000 ,  0.0000 ,  0.0000 ,  0.0000 ,  0.0000 ,  0.0000 ,
  0.0000 ,  0.0000 ,  0.0000 ,  0.0000 ,  0.0000 ,  0.0000 ,
  0.0000 ,  0.0000 ,  0.0000 ,  0.0000 ,  0.0000 ,  0.0000 ,
  0.0000 ,  0.0000 ,  0.0000 ,  0.0000 ,  0.0000 ,  0.0000 ,
  0.0000 ,  0.0000 ,  0.0000 ,  0.0000 ,  0.0000 ,  0.0000 ,
  0.0000 ,  0.0000 ,  0.0000 ,  0.0000 ,  0.0000 ,  0.0000 ,
  0.0000 ,  0.0000 ,  0.0000 ,  0.0000 ,  0.0000 ,  0.0000 ,
  0.0000 ,  0.0000 ,  0.0000 ,  0.0000 ,  0.0000 ,  0.0000 ,
  0.0000 ,  0.0000 ,  0.0000 ,  0.0000 ,  0.0000 ,  0.0000 ,
  0.0000 ,  0.0000 ,  0.0000 ,  0.0000 ,  0.0000 ,  0.0000 ,
  0.0000 ,  0.0000 ,  0.0000 ,  0.0000 ,  0.0000 ,  0.0000 ,
  0.0000 ,  0.0000 ,  0.0000 ,  0.0000 ,  0.0000 ,  0.0000 ,
  0.0000 ,  0.0000 ,  0.0000 ,  0.0000 ,  0.0000 ,  0.0000 ,
  0.0000 ,  0.0000 ,  0.0000 ,  0.0000 ,  0.0000 ,  0.0000 ,
  0.0000 ,  0.0000 ,  0.0000 ,  0.0000 ,  0.0000 ,  0.0000 ,
  0.0000 ,  0.0000 ,  0.0000 ,  0.0000 ,  0.0000 ,  0.0000 ,
  0.0000 ,  0.0000 ,  0.0000 ,  0.0000 ,  0.0000 ,  0.0000 ,
  0.0000 ,  0.0000 ,  0.0000 ,  0.0000 ,  0.0000 ,  0.0000 ,
  0.0000 ,  0.0000 ,  0.0000 ,  0.0000 ,  0.0000 ,  0.0000 ,
  0.0000 ,  0.0000 ,  0.0000 ,  0.0000 ,  0.0000 ,  0.0000 ,
  0.0000 ,  0.0000 ,  0.0000 ,  0.0000 ,  0.0000 ,  0.0000 ,
  0.0000 ,  0.0000 ,  0.0000 ,  0.0000 ,  0.0000 ,  0.0000 ,
  0.0000 ,  0.0000 ,  0.0000 ,  0.0000 ,  0.0000 ,  0.0000 ,
  0.0000 ,  0.0000 ,  0.0000 ,  0.0000 ,  0.0000 ,  0.0000 ,
  0.0000 ,  0.0000 ,  0.0000 ,  0.0000 ,  0.0000 ,  0.0000 ,
  0.0000 ,  0.0000 ,  0.0000 ,  0.0000 ,  0.0000 ,  0.0000 ,
  0.0000 ,  0.0000 ,  0.0000 ,  0.0000 ,  0.0000 ,  0.0000 ,
  0.0000 ,  0.0000 ,  0.0000 ,  0.0000 ,  0.0000 ,  0.0000 ,
  0.0000 ,  0.0000 ,  0.0000 ,  0.0000 ,  0.0000 ,  0.0000 ,
  0.0000 ,  0.0000 ,  0.0000 ,  0.0000 ,  0.0000 ,  0.0000 ,
  0.0000 ,  0.0000 ,  0.0000 ,  0.0000 ,  0.0000 ,  0.0000 ,
  0.0000 ,  0.0000 ,  0.0000 ,  0.0000 ,  0.0000 ,  0.0000 ,
  0.0000 ,  0.0000 ,  0.0000 ,  0.0000 ,  0.0000 ,  0.0000 ,
  0.0000 ,  0.0000 ,  0.0000 ,  0.0000 ,  0.0000 ,  0.0000 ,
  0.0000 ,  0.0000 ,  0.0000 ,  0.0000 ,  0.0000 ,  0.0000 ,
  0.0000 ,  0.0000 ,  0.0000 ,  0.0000 ,  0.0000 ,  0.0000 ,
  0.0000 ,  0.0000 ,  0.0000 ,  0.0000 ,  0.0000 ,  0.0000 ,
  0.0000 ,  0.0000 ,  0.0000 ,  0.0000 ,  0.0000 ,  0.0000 ,
  0.0000 ,  0.0000 ,  0.0000 ,  0.0000 ,  0.0000 ,  0.0000 ,
  0.0000 ,  0.0000 ,  0.0000 ,  0.0000 ,  0.0000 ,  0.0000 ,
  0.0000 ,  0.0000 ,  0.0000 ,  0.0000 ,  0.0000 ,  0.0000 ,
  0.0000 ,  0.0000 ,  0.0000 ,  0.0000 ,  0.0000 ,  0.0000 ,
  0.0000 ,  0.0000 ,  0.0000 ,  0.0000 ,  0.0000 ,  0.0000 ,
  0.0000 ,  0.0000 ,  0.0000 ,  0.0000 ,  0.0000 ,  0.0000 ,
  0.0000 ,  0.0000 ,  0.0000 ,  0.0000 ,  0.0000 ,  0.0000 ,
  0.0000 ,  0.0000 ,  0.0000 ,  0.0000 ,  0.0000 ,  0.0000 ,
  0.0000 ,  0.0000 ,  0.0000 ,  0.0000 ,  0.0000 ,  0.0000 ,
  0.0000 ,  0.0000 ,  0.0000 ,  0.0000 ,  0.0000 ,  0.0000 ,
  0.0000 ,  0.0000 ,  0.0000 ,  0.0000 ,  0.0000 ,  0.0000 ,
  0.0000 ,  0.0000 ,  0.0000 ,  0.0000 ,  0.0000 ,  0.0000 ,
  0.0000 ,  0.0000 ,  0.0000 ,  0.0000 ,  0.0000 ,  0.0000 ,
  0.0000 ,  0.0000 ,  0.0000 ,  0.0000 ,  0.0000 ,  0.0000 ,
  0.0000 ,  0.0000 ,  0.0000 ,  0.0000 ,  0.0000 ,  0.0000 ,
  0.0000 ,  0.0000 ,  0.0000 ,  0.0000 ,  0.0000 ,  0.0000 ,
  0.0000 ,  0.0000 ,  0.0000 ,  0.0000 ,  0.0000 ,  0.0000 ,
  0.0000 ,  0.0000 ,  0.0000 ,  0.0000 ,  0.0000 ,  0.0000 ,
  0.0000 ,  0.0000 ,  0.0000 ,  0.0000 ,  0.0000 ,  0.0000 ,
  0.0000 ,  0.0000 ,  0.0000 ,  0.0000 ,  0.0000 ,  0.0000 ,
  0.0000 ,  0.0000 ,  0.0000 ,  0.0000 ,  0.0000 ,  0.0000 ,
  0.0000 ,  0.0000 ,  0.0000 ,  0.0000 ,  0.0000 ,  0.0000 ,
  0.0000 ,  0.0000 ,  0.0000 ,  0.0000 ,  0.0000 ,  0.0000 ,
  0.0000 ,  0.0000 ,  0.0000 ,  0.0000 ,  0.0000 ,  0.0000 ,
  0.0000 ,  0.0000 ,  0.0000 ,  0.0000 ,  0.0000 ,  0.0000 ,
  0.0000 ,  0.0000 ,  0.0000 ,  0.0000 ,  0.0000 ,  0.0000 ,
  0.0000 ,  0.0000 ,  0.0000 ,  0.0000 ,  0.0000 ,  0.0000 ,
  0.0000 ,  0.0000 ,  0.0000 ,  0.0000 ,  0.0000 ,  0.0000 ,
  0.0000 ,  0.0000 ,  0.0000 ,  0.0000 ,  0.0000 ,  0.0000 ,
  0.0000 ,  0.0000 ,  0.0000 ,  0.0000 ,  0.0000 ,  0.0000 ,
  0.0000 ,  0.0000 ,  0.0000 ,  0.0000 ,  0.0000 ,  0.0000 ,
  0.0000 ,  0.0000 ,  0.0000 ,  0.0000 ,  0.0000 ,  0.0000 ,
  0.0000 ,  0.0000 ,  0.0000 ,  0.0000 ,  0.0000 ,  0.0000 ,
  0.0000 ,  0.0000 ,  0.0000 ,  0.0000 ,  0.0000 ,  0.0000 ,
  0.0000 ,  0.0000 ,  0.0000 ,  0.0000 ,  0.0000 ,  0.0000 ,
  0.0000 ,  0.0000 ,  0.0000 ,  0.0000 ,  0.0000 ,  0.0000 ,
  0.0000 ,  0.0000 ,  0.0000 ,  0.0000 ,  0.0000 ,  0.0000 ,
  0.0000 ,  0.0000 ,  0.0000 ,  0.0000 ,  0.0000 ,  0.0000 ,
  0.0000 ,  0.0000 ,  0.0000 ,  0.0000 ,  0.0000 ,  0.0000 ,
  0.0000 ,  0.0000 ,  0.0000 ,  0.0000 ,  0.0000 ,  0.0000 ,
  0.0000 ,  0.0000 ,  0.0000 ,  0.0000 ,  0.0000 ,  0.0000 ,
  0.0000 ,  0.0000 ,  0.0000 ,  0.0000 ,  0.0000 ,  0.0000 ,
  0.0000 ,  0.0000 ,  0.0000 ,  0.0000 ,  0.0000 ,  0.0000 ,
  0.0000 ,  0.0000 ,  0.0000 ,  0.0000 ,  0.0000 ,  0.0000 ,
  0.0000 ,  0.0000 ,  0.0000 ,  0.0000 ,  0.0000 ,  0.0000 ,
  0.0000 ,  0.0000 ,  0.0000 ,  0.0000 ,  0.0000 ,  0.0000 ,
  0.0000 ,  0.0000 ,  0.0000 ,  0.0000 ,  0.0000 ,  0.0000 ,
  0.0000 ,  0.0000 ,  0.0000 ,  0.0000 ,  0.0000 ,  0.0000 ,
  0.0000 ,  0.0000 ,  0.0000 ,  0.0000 ,  0.0000 ,  0.0000 ,
  0.0000 ,  0.0000 ,  0.0000 ,  0.0000 ,  0.0000 ,  0.0000 ,
  0.0000 ,  0.0000 ,  0.0000 ,  0.0000 ,  0.0000 ,  0.0000 ,
  0.0000 ,  0.0000 ,  0.0000 ,  0.0000 ,  0.0000 ,  0.0000 ,
  0.0000 ,  0.0000 ,  0.0000 ,  0.0000 ,  0.0000 ,  0.0000 ,
  0.0000 ,  0.0000 ,  0.0000 ,  0.0000 ,  0.0000 ,  0.0000 ,
  0.0000 ,  0.0000 ,  0.0000 ,  0.0000 ,  0.0000 ,  0.0000 ,
  0.0000 ,  0.0000 ,  0.0000 ,  0.0000 ,  0.0000 ,  0.0000 ,
  0.0000 ,  0.0000 ,  0.0000 ,  0.0000 ,  0.0000 ,  0.0000 ,
  0.0000 ,  0.0000 ,  0.0000 ,  0.0000 ,  0.0000 ,  0.0000 ,
  0.0000 ,  0.0000 ,  0.0000 ,  0.0000 ,  0.0000 ,  0.0000 ,
  0.0000 ,  0.0000 ,  0.0000 ,  0.0000 ,  0.0000 ,  0.0000 ,
  0.0000 ,  0.0000 ,  0.0000 ,  0.0000 ,  0.0000 ,  0.0000 ,
  0.0000 ,  0.0000 ,  0.0000 ,  0.0000 ,  0.0000 ,  0.0000 ,
  0.0000 ,  0.0000 ,  0.0000 ,  0.0000 ,  0.0000 ,  0.0000 ,
  0.0000 ,  0.0000 ,  0.0000 ,  0.0000 ,  0.0000 ,  0.0000 ,
  0.0000 ,  0.0000 ,  0.0000 ,  0.0000 ,  0.0000 ,  0.0000 ,
  0.0000 ,  0.0000 ,  0.0000 ,  0.0000 ,  0.0000 ,  0.0000 ,
  0.0000 ,  0.0000 ,  0.0000 ,  0.0000 ,  0.0000 ,  0.0000 ,
  0.0000 ,  0.0000 ,  0.0000 ,  0.0000 ,  0.0000 ,  0.0000 ,
  0.0000 ,  0.0000 ,  0.0000 ,  0.0000 ,  0.0000 ,  0.0000 ,
  0.0000 ,  0.0000 ,  0.0000 ,  0.0000 ,  0.0000 ,  0.0000 ,
  0.0000 ,  0.0000 ,  0.0000 ,  0.0000 ,  0.0000 ,  0.0000 ,
  0.0000 ,  0.0000 ,  0.0000 ,  0.0000 ,  0.0000 ,  0.0000 ,
  0.0000 ,  0.0000 ,  0.0000 ,  0.0000 ,  0.0000 ,  0.0000 ,
  0.0000 ,  0.0000 ,  0.0000 ,  0.0000 ,  0.0000 ,  0.0000 ,
  0.0000 ,  0.0000 ,  0.0000 ,  0.0000 ,  0.0000 ,  0.0000 ,
  0.0000 ,  0.0000 ,  0.0000 ,  0.0000 ,  0.0000 ,  0.0000 ,
  0.0000 ,  0.0000 ,  0.0000 ,  0.0000 ,  0.0000 ,  0.0000 ,
  0.0000 ,  0.0000 ,  0.0000 ,  0.0000 ,  0.0000 ,  0.0000 ,
  0.0000 ,  0.0000 ,  0.0000 ,  0.0000 ,  0.0000 ,  0.0000 ,
  0.0000 ,  0.0000 ,  0.0000 ,  0.0000 ,  0.0000 ,  0.0000 ,
  0.0000 ,  0.0000 ,  0.0000 ,  0.0000 ,  0.0000 ,  0.0000 ,
  0.0000 ,  0.0000 ,  0.0000 ,  0.0000 ,  0.0000 ,  0.0000 ,
  0.0000 ,  0.0000 ,  0.0000 ,  0.0000 ,  0.0000 ,  0.0000 ,
  0.0000 ,  0.0000 ,  0.0000 ,  0.0000 ,  0.0000 ,  0.0000 ,
  0.0000 ,  0.0000 ,  0.0000 ,  0.0000 ,  0.0000 ,  0.0000 ,
  0.0000 ,  0.0000 ,  0.0000 ,  0.0000 ,  0.0000 ,  0.0000 ,
  0.0000 ,  0.0000 ,  0.0000 ,  0.0000 ,  0.0000 ,  0.0000 ,
  0.0000 ,  0.0000 ,  0.0000 ,  0.0000 ,  0.0000 ,  0.0000 ,
  0.0000 ,  0.0000 ,  0.0000 ,  0.0000 ,  0.0000 ,  0.0000 ,
  0.0000 ,  0.0000 ,  0.0000 ,  0.0000 ,  0.0000 ,  0.0000 ,
  0.0000 ,  0.0000 ,  0.0000 ,  0.0000 ,  0.0000 ,  0.0000 ,
  0.0000 ,  0.0000 ,  0.0000 ,  0.0000 ,  0.0000 ,  0.0000 ,
  0.0000 ,  0.0000 ,  0.0000 ,  0.0000 ,  0.0000 ,  0.0000 ,
  0.0000 ,  0.0000 ,  0.0000 ,  0.0000 ,  0.0000 ,  0.0000 ,
  0.0000 ,  0.0000 ,  0.0000 ,  0.0000 ,  0.0000 ,  0.0000 ,
  0.0000 ,  0.0000 ,  0.0000 ,  0.0000 ,  0.0000 ,  0.0000 ,
  0.0000 ,  0.0000 ,  0.0000 ,  0.0000 ,  0.0000 ,  0.0000 ,
  0.0000 ,  0.0000 ,  0.0000 ,  0.0000 ,  0.0000 ,  0.0000 ,
  0.0000 ,  0.0000 ,  0.0000 ,  0.0000 ,  0.0000 ,  0.0000 ,
  0.0000 ,  0.0000 ,  0.0000 ,  0.0000 ,  0.0000 ,  0.0000 ,
  0.0000 ,  0.0000 ,  0.0000 ,  0.0000 ,  0.0000 ,  0.0000 ,
  0.0000 ,  0.0000 ,  0.0000 ,  0.0000 ,  0.0000 ,  0.0000 ,
  0.0000 ,  0.0000 ,  0.0000 ,  0.0000 ,  0.0000 ,  0.0000 ,
  0.0000 ,  0.0000 ,  0.0000 ,  0.0000 ,  0.0000 ,  0.0000 ,
  0.0000 ,  0.0000 ,  0.0000 ,  0.0000 ,  0.0000 ,  0.0000 ,
  0.0000 ,  0.0000 ,  0.0000 ,  0.0000 ,  0.0000 ,  0.0000 ,
  0.0000 ,  0.0000 ,  0.0000 ,  0.0000 ,  0.0000 ,  0.0000 ,
  0.0000 ,  0.0000 ,  0.0000 ,  0.0000 ,  0.0000 ,  0.0000 ,
  0.0000 ,  0.0000 ,  0.0000 ,  0.0000 ,  0.0000 ,  0.0000 ,
  0.0000 ,  0.0000 ,  0.0000 ,  0.0000 ,  0.0000 ,  0.0000 ,
  0.0000 ,  0.0000 ,  0.0000 ,  0.0000 ,  0.0000 ,  0.0000 ,
  0.0000 ,  0.0000 ,  0.0000 ,  0.0000 ,  0.0000 ,  0.0000 ,
  0.0000 ,  0.0000 ,  0.0000 ,  0.0000 ,  0.0000 ,  0.0000 ,
  0.0000 ,  0.0000 ,  0.0000 ,  0.0000 ,  0.0000 ,  0.0000 ,
  0.0000 ,  0.0000 ,  0.0000 ,  0.0000 ,  0.0000 ,  0.0000 ,
  0.0000 ,  0.0000 ,  0.0000 ,  0.0000 ,  0.0000 ,  0.0000 ,
  0.0000 ,  0.0000 ,  0.0000 ,  0.0000 ,  0.0000 ,  0.0000 ,
  0.0000 ,  0.0000 ,  0.0000 ,  0.0000 ,  0.0000 ,  0.0000 ,
  0.0000 ,  0.0000 ,  0.0000 ,  0.0000 ,  0.0000 ,  0.0000 ,
  0.0000 ,  0.0000 ,  0.0000 ,  0.0000 ,  0.0000 ,  0.0000 ,
  0.0000 ,  0.0000 ,  0.0000 ,  0.0000 ,  0.0000 ,  0.0000 ,
  0.0000 ,  0.0000 ,  0.0000 ,  0.0000 ,  0.0000 ,  0.0000 ,
  0.0000 ,  0.0000 ,  0.0000 ,  0.0000 ,  0.0000 ,  0.0000 ,
  0.0000 ,  0.0000 ,  0.0000 ,  0.0000 ,  0.0000 ,  0.0000 ,
  0.0000 ,  0.0000 ,  0.0000 ,  0.0000 ,  0.0000 ,  0.0000 ,
  0.0000 ,  0.0000 ,  0.0000 ,  0.0000 ,  0.0000 ,  0.0000 ,
  0.0000 ,  0.0000 ,  0.0000 ,  0.0000 ,  0.0000 ,  0.0000 ,
  0.0000 ,  0.0000 ,  0.0000 ,  0.0000 ,  0.0000 ,  0.0000 ,
  0.0000 ,  0.0000 ,  0.0000 ,  0.0000 ,  0.0000 ,  0.0000 ,
  0.0000 ,  0.0000 ,  0.0000 ,  0.0000 ,  0.0000 ,  0.0000 ,
  0.0000 ,  0.0000 ,  0.0000 ,  0.0000 ,  0.0000 ,  0.0000 ,
  0.0000 ,  0.0000 ,  0.0000 ,  0.0000 ,  0.0000 ,  0.0000 ,
  0.0000 ,  0.0000 ,  0.0000 ,  0.0000 ,  0.0000 ,  0.0000 ,
  0.0000 ,  0.0000 ,  0.0000 ,  0.0000 ,  0.0000 ,  0.0000 ,
  0.0000 ,  0.0000 ,  0.0000 ,  0.0000 ,  0.0000 ,  0.0000 ,
  0.0000 ,  0.0000 ,  0.0000 ,  0.0000 ,  0.0000 ,  0.0000 ,
  0.0000 ,  0.0000 ,  0.0000 ,  0.0000 ,  0.0000 ,  0.0000 ,
  0.0000 ,  0.0000 ,  0.0000 ,  0.0000 ,  0.0000 ,  0.0000 ,
  0.0000 ,  0.0000 ,  0.0000 ,  0.0000 ,  0.0000 ,  0.0000 ,
  0.0000 ,  0.0000 ,  0.0000 ,  0.0000 ,  0.0000 ,  0.0000 ,
  0.0000 ,  0.0000 ,  0.0000 ,  0.0000 ,  0.0000 ,  0.0000 ,
  0.0000 ,  0.0000 ,  0.0000 ,  0.0000 ,  0.0000 ,  0.0000 ,
  0.0000 ,  0.0000 ,  0.0000 ,  0.0000 ,  0.0000 ,  0.0000 ,
  0.0000 ,  0.0000 ,  0.0000 ,  0.0000 ,  0.0000 ,  0.0000 ,
  0.0000 ,  0.0000 ,  0.0000 ,  0.0000 ,  0.0000 ,  0.0000 ,
  0.0000 ,  0.0000 ,  0.0000 ,  0.0000 ,  0.0000 ,  0.0000 ,
  0.0000 ,  0.0000 ,  0.0000 ,  0.0000 ,  0.0000 ,  0.0000 ,
  0.0000 ,  0.0000 ,  0.0000 ,  0.0000 ,  0.0000 ,  0.0000 ,
  0.0000 ,  0.0000 ,  0.0000 ,  0.0000 ,  0.0000 ,  0.0000 ,
  0.0000 ,  0.0000 ,  0.0000 ,  0.0000 ,  0.0000 ,  0.0000 ,
  0.0000 ,  0.0000 ,  0.0000 ,  0.0000 ,  0.0000 ,  0.0000 ,
  0.0000 ,  0.0000 ,  0.0000 ,  0.0000 ,  0.0000 ,  0.0000 ,
  0.0000 ,  0.0000 ,  0.0000 ,  0.0000 ,  0.0000 ,  0.0000 ,
  0.0000 ,  0.0000 ,  0.0000 ,  0.0000 ,  0.0000 ,  0.0000 ,
  0.0000 ,  0.0000 ,  0.0000 ,  0.0000 ,  0.0000 ,  0.0000 ,
  0.0000 ,  0.0000 ,  0.0000 ,  0.0000 ,  0.0000 ,  0.0000 ,
  0.0000 ,  0.0000 ,  0.0000 ,  0.0000 ,  0.0000 ,  0.0000 ,
  0.0000 ,  0.0000 ,  0.0000 ,  0.0000 ,  0.0000 ,  0.0000 ,
  0.0000 ,  0.0000 ,  0.0000 ,  0.0000 ,  0.0000 ,  0.0000 ,
  0.0000 ,  0.0000 ,  0.0000 ,  0.0000 ,  0.0000 ,  0.0000 ,
  0.0000 ,  0.0000 ,  0.0000 ,  0.0000 ,  0.0000 ,  0.0000 ,
  0.0000 ,  0.0000 ,  0.0000 ,  0.0000 ,  0.0000 ,  0.0000 ,
  0.0000 ,  0.0000 ,  0.0000 ,  0.0000 ,  0.0000 ,  0.0000 ,
  0.0000 ,  0.0000 ,  0.0000 ,  0.0000 ,  0.0000 ,  0.0000 ,
  0.0000 ,  0.0000 ,  0.0000 ,  0.0000 ,  0.0000 ,  0.0000 ,
  0.0000 ,  0.0000 ,  0.0000 ,  0.0000 ,  0.0000 ,  0.0000 ,
  0.0000 ,  0.0000 ,  0.0000 ,  0.0000 ,  0.0000 ,  0.0000 ,
  0.0000 ,  0.0000 ,  0.0000 ,  0.0000 ,  0.0000 ,  0.0000 ,
  0.0000 ,  0.0000 ,  0.0000 ,  0.0000 ,  0.0000 ,  0.0000 ,
  0.0000 ,  0.0000 ,  0.0000 ,  0.0000 ,  0.0000 ,  0.0000 ,
  0.0000 ,  0.0000 ,  0.0000 ,  0.0000 ,  0.0000 ,  0.0000 ,
  0.0000 ,  0.0000 ,  0.0000 ,  0.0000 ,  0.0000 ,  0.0000 ,
  0.0000 ,  0.0000 ,  0.0000 ,  0.0000 ,  0.0000 ,  0.0000 ,
  0.0000 ,  0.0000 ,  0.0000 ,  0.0000 ,  0.0000 ,  0.0000 ,
  0.0000 ,  0.0000 ,  0.0000 ,  0.0000 ,  0.0000 ,  0.0000 ,
  0.0000 ,  0.0000 ,  0.0000 ,  0.0000 ,  0.0000 ,  0.0000 ,
  0.0000 ,  0.0000 ,  0.0000 ,  0.0000 ,  0.0000 ,  0.0000 ,
  0.0000 ,  0.0000 ,  0.0000 ,  0.0000 ,  0.0000 ,  0.0000 ,
  0.0000 ,  0.0000 ,  0.0000 ,  0.0000 ,  0.0000 ,  0.0000 ,
  0.0000 ,  0.0000 ,  0.0000 ,  0.0000 ,  0.0000 ,  0.0000 ,
  0.0000 ,  0.0000 ,  0.0000 ,  0.0000 ,  0.0000 ,  0.0000 ,
  0.0000 ,  0.0000 ,  0.0000 ,  0.0000 ,  0.0000 ,  0.0000 ,
  0.0000 ,  0.0000 ,  0.0000 ,  0.0000 ,  0.0000 ,  0.0000 ,
  0.0000 ,  0.0000 ,  0.0000 ,  0.0000 ,  0.0000 ,  0.0000 ,
  0.0000 ,  0.0000 ,  0.0000 ,  0.0000 ,  0.0000 ,  0.0000 ,
  0.0000 ,  0.0000 ,  0.0000 ,  0.0000 ,  0.0000 ,  0.0000 ,
  0.0000 ,  0.0000 ,  0.0000 ,  0.0000 ,  0.0000 ,  0.0000 ,
  0.0000 ,  0.0000 ,  0.0000 ,  0.0000 ,  0.0000 ,  0.0000 ,
  0.0000 ,  0.0000 ,  0.0000 ,  0.0000 ,  0.0000 ,  0.0000 ,
  0.0000 ,  0.0000 ,  0.0000 ,  0.0000 ,  0.0000 ,  0.0000 ,
  0.0000 ,  0.0000 ,  0.0000 ,  0.0000 ,  0.0000 ,  0.0000 ,
  0.0000 ,  0.0000 ,  0.0000 ,  0.0000 ,  0.0000 ,  0.0000 ,
  0.0000 ,  0.0000 ,  0.0000 ,  0.0000 ,  0.0000 ,  0.0000 ,
  0.0000 ,  0.0000 ,  0.0000 ,  0.0000 ,  0.0000 ,  0.0000 ,
  0.0000 ,  0.0000 ,  0.0000 ,  0.0000 ,  0.0000 ,  0.0000 ,
  0.0000 ,  0.0000 ,  0.0000 ,  0.0000 ,  0.0000 ,  0.0000 ,
  0.0000 ,  0.0000 ,  0.0000 ,  0.0000 ,  0.0000 ,  0.0000 ,
  0.0000 ,  0.0000 ,  0.0000 ,  0.0000 ,  0.0000 ,  0.0000 ,
  0.0000 ,  0.0000 ,  0.0000 ,  0.0000 ,  0.0000 ,  0.0000 ,
  0.0000 ,  0.0000 ,  0.0000 ,  0.0000 ,  0.0000 ,  0.0000 ,
  0.0000 ,  0.0000 ,  0.0000 ,  0.0000 ,  0.0000 ,  0.0000 ,
  0.0000 ,  0.0000 ,  0.0000 ,  0.0000 ,  0.0000 ,  0.0000 ,
  0.0000 ,  0.0000 ,  0.0000 ,  0.0000 ,  0.0000 ,  0.0000 ,
  0.0000 ,  0.0000 ,  0.0000 ,  0.0000 ,  0.0000 ,  0.0000 ,
  0.0000 ,  0.0000 ,  0.0000 ,  0.0000 ,  0.0000 ,  0.0000 ,
  0.0000 ,  0.0000 ,  0.0000 ,  0.0000 ,  0.0000 ,  0.0000 ,
  0.0000 ,  0.0000 ,  0.0000 ,  0.0000 ,  0.0000 ,  0.0000 ,
  0.0000 ,  0.0000 ,  0.0000 ,  0.0000 ,  0.0000 ,  0.0000 ,
  0.0000 ,  0.0000 ,  0.0000 ,  0.0000 ,  0.0000 ,  0.0000 ,
  0.0000 ,  0.0000 ,  0.0000 ,  0.0000 ,  0.0000 ,  0.0000 ,
  0.0000 ,  0.0000 ,  0.0000 ,  0.0000 ,  0.0000 ,  0.0000 ,
  0.0000 ,  0.0000 ,  0.0000 ,  0.0000 ,  0.0000 ,  0.0000 ,
  0.0000 ,  0.0000 ,  0.0000 ,  0.0000 ,  0.0000 ,  0.0000 ,
  0.0000 ,  0.0000 ,  0.0000 ,  0.0000 ,  0.0000 ,  0.0000 ,
  0.0000 ,  0.0000 ,  0.0000 ,  0.0000 ,  0.0000 ,  0.0000 ,
  0.0000 ,  0.0000 ,  0.0000 ,  0.0000 ,  0.0000 ,  0.0000 ,
  0.0000 ,  0.0000 ,  0.0000 ,  0.0000 ,  0.0000 ,  0.0000 ,
  0.0000 ,  0.0000 ,  0.0000 ,  0.0000 ,  0.0000 ,  0.0000 ,
  0.0000 ,  0.0000 ,  0.0000 ,  0.0000 ,  0.0000 ,  0.0000 ,
  0.0000 ,  0.0000 ,  0.0000 ,  0.0000 ,  0.0000 ,  0.0000 ,
  0.0000 ,  0.0000 ,  0.0000 ,  0.0000 ,  0.0000 ,  0.0000 ,
  0.0000 ,  0.0000 ,  0.0000 ,  0.0000 ,  0.0000 ,  0.0000 ,
  0.0000 ,  0.0000 ,  0.0000 ,  0.0000 ,  0.0000 ,  0.0000 ,
  0.0000 ,  0.0000 ,  0.0000 ,  0.0000 ,  0.0000 ,  0.0000 ,
  0.0000 ,  0.0000 ,  0.0000 ,  0.0000 ,  0.0000 ,  0.0000 ,
  0.0000 ,  0.0000 ,  0.0000 ,  0.0000 ,  0.0000 ,  0.0000 ,
  0.0000 ,  0.0000 ,  0.0000 ,  0.0000 ,  0.0000 ,  0.0000 ,
  0.0000 ,  0.0000 ,  0.0000 ,  0.0000 ,  0.0000 ,  0.0000 ,
  0.0000 ,  0.0000 ,  0.0000 ,  0.0000 ,  0.0000 ,  0.0000 ,
  0.0000 ,  0.0000 ,  0.0000 ,  0.0000 ,  0.0000 ,  0.0000 ,
  0.0000 ,  0.0000 ,  0.0000 ,  0.0000 ,  0.0000 ,  0.0000 ,
  0.0000 ,  0.0000 ,  0.0000 ,  0.0000 ,  0.0000 ,  0.0000 ,
  0.0000 ,  0.0000 ,  0.0000 ,  0.0000 ,  0.0000 ,  0.0000 ,
  0.0000 ,  0.0000 ,  0.0000 ,  0.0000 ,  0.0000 ,  0.0000 ,
  0.0000 ,  0.0000 ,  0.0000 ,  0.0000 ,  0.0000 ,  0.0000 ,
  0.0000 ,  0.0000 ,  0.0000 ,  0.0000 ,  0.0000 ,  0.0000 ,
  0.0000 ,  0.0000 ,  0.0000 ,  0.0000 ,  0.0000 ,  0.0000 ,
  0.0000 ,  0.0000 ,  0.0000 ,  0.0000 ,  0.0000 ,  0.0000 ,
  0.0000 ,  0.0000 ,  0.0000 ,  0.0000 ,  0.0000 ,  0.0000 ,
  0.0000 ,  0.0000 ,  0.0000 ,  0.0000 ,  0.0000 ,  0.0000 ,
  0.0000 ,  0.0000 ,  0.0000 ,  0.0000 ,  0.0000 ,  0.0000 ,
  0.0000 ,  0.0000 ,  0.0000 ,  0.0000 ,  0.0000 ,  0.0000 ,
  0.0000 ,  0.0000 ,  0.0000 ,  0.0000 ,  0.0000 ,  0.0000 ,
  0.0000 ,  0.0000 ,  0.0000 ,  0.0000 ,  0.0000 ,  0.0000 ,
  0.0000 ,  0.0000 ,  0.0000 ,  0.0000 ,  0.0000 ,  0.0000 ,
  0.0000 ,  0.0000 ,  0.0000 ,  0.0000 ,  0.0000 ,  0.0000 ,
  0.0000 ,  0.0000 ,  0.0000 ,  0.0000 ,  0.0000 ,  0.0000 ,
  0.0000 ,  0.0000 ,  0.0000 ,  0.0000 ,  0.0000 ,  0.0000 ,
  0.0000 ,  0.0000 ,  0.0000 ,  0.0000 ,  0.0000 ,  0.0000 ,
  0.0000 ,  0.0000 ,  0.0000 ,  0.0000 ,  0.0000 ,  0.0000 ,
  0.0000 ,  0.0000 ,  0.0000 ,  0.0000 ,  0.0000 ,  0.0000 ,
  0.0000 ,  0.0000 ,  0.0000 ,  0.0000 ,  0.0000 ,  0.0000 ,
  0.0000 ,  0.0000 ,  0.0000 ,  0.0000 ,  0.0000 ,  0.0000 ,
  0.0000 ,  0.0000 ,  0.0000 ,  0.0000 ,  0.0000 ,  0.0000 ,
  0.0000 ,  0.0000 ,  0.0000 ,  0.0000 ,  0.0000 ,  0.0000 ,
  0.0000 ,  0.0000 ,  0.0000 ,  0.0000 ,  0.0000 ,  0.0000 ,
  0.0000 ,  0.0000 ,  0.0000 ,  0.0000 ,  0.0000 ,  0.0000 ,
  0.0000 ,  0.0000 ,  0.0000 ,  0.0000 ,  0.0000 ,  0.0000 ,
  0.0000 ,  0.0000 ,  0.0000 ,  0.0000 ,  0.0000 ,  0.0000 ,
  0.0000 ,  0.0000 ,  0.0000 ,  0.0000 ,  0.0000 ,  0.0000 ,
  0.0000 ,  0.0000 ,  0.0000 ,  0.0000 ,  0.0000 ,  0.0000 ,
  0.0000 ,  0.0000 ,  0.0000 ,  0.0000 ,  0.0000 ,  0.0000 ,
  0.0000 ,  0.0000 ,  0.0000 ,  0.0000 ,  0.0000 ,  0.0000 ,
  0.0000 ,  0.0000 ,  0.0000 ,  0.0000 ,  0.0000 ,  0.0000 ,
  0.0000 ,  0.0000 ,  0.0000 ,  0.0000 ,  0.0000 ,  0.0000 ,
  0.0000 ,  0.0000 ,  0.0000 ,  0.0000 ,  0.0000 ,  0.0000 ,
  0.0000 ,  0.0000 ,  0.0000 ,  0.0000 ,  0.0000 ,  0.0000 ,
  0.0000 ,  0.0000 ,  0.0000 ,  0.0000 ,  0.0000 ,  0.0000 ,
  0.0000 ,  0.0000 ,  0.0000 ,  0.0000 ,  0.0000 ,  0.0000 ,
  0.0000 ,  0.0000 ,  0.0000 ,  0.0000 ,  0.0000 ,  0.0000 ,
  0.0000 ,  0.0000 ,  0.0000 ,  0.0000 ,  0.0000 ,  0.0000 ,
  0.0000 ,  0.0000 ,  0.0000 ,  0.0000 ,  0.0000 ,  0.0000 ,
  0.0000 ,  0.0000 ,  0.0000 ,  0.0000 ,  0.0000 ,  0.0000 ,
  0.0000 ,  0.0000 ,  0.0000 ,  0.0000 ,  0.0000 ,  0.0000 ,
  0.0000 ,  0.0000 ,  0.0000 ,  0.0000 ,  0.0000 ,  0.0000 ,
  0.0000 ,  0.0000 ,  0.0000 ,  0.0000 ,  0.0000 ,  0.0000 ,
  0.0000 ,  0.0000 ,  0.0000 ,  0.0000 ,  0.0000 ,  0.0000 ,
  0.0000 ,  0.0000 ,  0.0000 ,  0.0000 ,  0.0000 ,  0.0000 ,
  0.0000 ,  0.0000 ,  0.0000 ,  0.0000 ,  0.0000 ,  0.0000 ,
  0.0000 ,  0.0000 ,  0.0000 ,  0.0000 ,  0.0000 ,  0.0000 ,
  0.0000 ,  0.0000 ,  0.0000 ,  0.0000 ,  0.0000 ,  0.0000 ,
  0.0000 ,  0.0000 ,  0.0000 ,  0.0000 ,  0.0000 ,  0.0000 ,
  0.0000 ,  0.0000 ,  0.0000 ,  0.0000 ,  0.0000 ,  0.0000 ,
  0.0000 ,  0.0000 ,  0.0000 ,  0.0000 ,  0.0000 ,  0.0000 ,
  0.0000 ,  0.0000 ,  0.0000 ,  0.0000 ,  0.0000 ,  0.0000 ,
  0.0000 ,  0.0000 ,  0.0000 ,  0.0000 ,  0.0000 ,  0.0000 ,
  0.0000 ,  0.0000 ,  0.0000 ,  0.0000 ,  0.0000 ,  0.0000 ,
  0.0000 ,  0.0000 ,  0.0000 ,  0.0000 ,  0.0000 ,  0.0000 ,
  0.0000 ,  0.0000 ,  0.0000 ,  0.0000 ,  0.0000 ,  0.0000 ,
  0.0000 ,  0.0000 ,  0.0000 ,  0.0000 ,  0.0000 ,  0.0000 ,
  0.0000 ,  0.0000 ,  0.0000 ,  0.0000 ,  0.0000 ,  0.0000 ,
  0.0000 ,  0.0000 ,  0.0000 ,  0.0000 ,  0.0000 ,  0.0000 ,
  0.0000 ,  0.0000 ,  0.0000 ,  0.0000 ,  0.0000 ,  0.0000 ,
  0.0000 ,  0.0000 ,  0.0000 ,  0.0000 ,  0.0000 ,  0.0000 ,
  0.0000 ,  0.0000 ,  0.0000 ,  0.0000 ,  0.0000 ,  0.0000 ,
  0.0000 ,  0.0000 ,  0.0000 ,  0.0000 ,  0.0000 ,  0.0000 ,
  0.0000 ,  0.0000 ,  0.0000 ,  0.0000 ,  0.0000 ,  0.0000 ,
  0.0000 ,  0.0000 ,  0.0000 ,  0.0000 ,  0.0000 ,  0.0000 ,
  0.0000 ,  0.0000 ,  0.0000 ,  0.0000 ,  0.0000 ,  0.0000 ,
  0.0000 ,  0.0000 ,  0.0000 ,  0.0000 ,  0.0000 ,  0.0000 ,
  0.0000 ,  0.0000 ,  0.0000 ,  0.0000 ,  0.0000 ,  0.0000 ,
  0.0000 ,  0.0000 ,  0.0000 ,  0.0000 ,  0.0000 ,  0.0000 ,
  0.0000 ,  0.0000 ,  0.0000 ,  0.0000 ,  0.0000 ,  0.0000 ,
  0.0000 ,  0.0000 ,  0.0000 ,  0.0000 ,  0.0000 ,  0.0000 ,
  0.0000 ,  0.0000 ,  0.0000 ,  0.0000 ,  0.0000 ,  0.0000 ,
  0.0000 ,  0.0000 ,  0.0000 ,  0.0000 ,  0.0000 ,  0.0000 ,
  0.0000 ,  0.0000 ,  0.0000 ,  0.0000 ,  0.0000 ,  0.0000 ,
  0.0000 ,  0.0000 ,  0.0000 ,  0.0000 ,  0.0000 ,  0.0000 ,
  0.0000 ,  0.0000 ,  0.0000 ,  0.0000 ,  0.0000 ,  0.0000 ,
  0.0000 ,  0.0000 ,  0.0000 ,  0.0000 ,  0.0000 ,  0.0000 ,
  0.0000 ,  0.0000 ,  0.0000 ,  0.0000 ,  0.0000 ,  0.0000 ,
  0.0000 ,  0.0000 ,  0.0000 ,  0.0000 ,  0.0000 ,  0.0000 ,
  0.0000 ,  0.0000 ,  0.0000 ,  0.0000 ,  0.0000 ,  0.0000 ,
  0.0000 ,  0.0000 ,  0.0000 ,  0.0000 ,  0.0000 ,  0.0000 ,
  0.0000 ,  0.0000 ,  0.0000 ,  0.0000 ,  0.0000 ,  0.0000 ,
  0.0000 ,  0.0000 ,  0.0000 ,  0.0000 ,  0.0000 ,  0.0000 ,
  0.0000 ,  0.0000 ,  0.0000 ,  0.0000 ,  0.0000 ,  0.0000 ,
  0.0000 ,  0.0000 ,  0.0000 ,  0.0000 ,  0.0000 ,  0.0000 ,
  0.0000 ,  0.0000 ,  0.0000 ,  0.0000 ,  0.0000 ,  0.0000 ,
  0.0000 ,  0.0000 ,  0.0000 ,  0.0000 ,  0.0000 ,  0.0000 ,
  0.0000 ,  0.0000 ,  0.0000 ,  0.0000 ,  0.0000 ,  0.0000 ,
  0.0000 ,  0.0000 ,  0.0000 ,  0.0000 ,  0.0000 ,  0.0000 ,
  0.0000 ,  0.0000 ,  0.0000 ,  0.0000 ,  0.0000 ,  0.0000 ,
  0.0000 ,  0.0000 ,  0.0000 ,  0.0000 ,  0.0000 ,  0.0000 ,
  0.0000 ,  0.0000 ,  0.0000 ,  0.0000 ,  0.0000 ,  0.0000 ,
  0.0000 ,  0.0000 ,  0.0000 ,  0.0000 ,  0.0000 ,  0.0000 ,
  0.0000 ,  0.0000 ,  0.0000 ,  0.0000 ,  0.0000 ,  0.0000 ,
  0.0000 ,  0.0000 ,  0.0000 ,  0.0000 ,  0.0000 ,  0.0000 ,
  0.0000 ,  0.0000 ,  0.0000 ,  0.0000 ,  0.0000 ,  0.0000 ,
  0.0000 ,  0.0000 ,  0.0000 ,  0.0000 ,  0.0000 ,  0.0000 ,
  0.0000 ,  0.0000 ,  0.0000 ,  0.0000 ,  0.0000 ,  0.0000 ,
  0.0000 ,  0.0000 ,  0.0000 ,  0.0000 ,  0.0000 ,  0.0000 ,
  0.0000 ,  0.0000 ,  0.0000 ,  0.0000 ,  0.0000 ,  0.0000 ,
  0.0000 ,  0.0000 ,  0.0000 ,  0.0000 ,  0.0000 ,  0.0000 ,
  0.0000 ,  0.0000 ,  0.0000 ,  0.0000 ,  0.0000 ,  0.0000 ,
  0.0000 ,  0.0000 ,  0.0000 ,  0.0000 ,  0.0000 ,  0.0000 ,
  0.0000 ,  0.0000 ,  0.0000 ,  0.0000 ,  0.0000 ,  0.0000 ,
  0.0000 ,  0.0000 ,  0.0000 ,  0.0000 ,  0.0000 ,  0.0000 ,
  0.0000 ,  0.0000 ,  0.0000 ,  0.0000 ,  0.0000 ,  0.0000 ,
  0.0000 ,  0.0000 ,  0.0000 ,  0.0000 ,  0.0000 ,  0.0000 ,
  0.0000 ,  0.0000 ,  0.0000 ,  0.0000 ,  0.0000 ,  0.0000 ,
  0.0000 ,  0.0000 ,  0.0000 ,  0.0000 ,  0.0000 ,  0.0000 ,
  0.0000 ,  0.0000 ,  0.0000 ,  0.0000 ,  0.0000 ,  0.0000 ,
  0.0000 ,  0.0000 ,  0.0000 ,  0.0000 ,  0.0000 ,  0.0000 ,
  0.0000 ,  0.0000 ,  0.0000 ,  0.0000 ,  0.0000 ,  0.0000 ,
  0.0000 ,  0.0000 ,  0.0000 ,  0.0000 ,  0.0000 ,  0.0000 ,
  0.0000 ,  0.0000 ,  0.0000 ,  0.0000 ,  0.0000 ,  0.0000 ,
  0.0000 ,  0.0000 ,  0.0000 ,  0.0000 ,  0.0000 ,  0.0000 ,
  0.0000 ,  0.0000 ,  0.0000 ,  0.0000 ,  0.0000 ,  0.0000 ,
  0.0000 ,  0.0000 ,  0.0000 ,  0.0000 ,  0.0000 ,  0.0000 ,
  0.0000 ,  0.0000 ,  0.0000 ,  0.0000 ,  0.0000 ,  0.0000 ,
  0.0000 ,  0.0000 ,  0.0000 ,  0.0000 ,  0.0000 ,  0.0000 ,
  0.0000 ,  0.0000 ,  0.0000 ,  0.0000 ,  0.0000 ,  0.0000 ,
  0.0000 ,  0.0000 ,  0.0000 ,  0.0000 ,  0.0000 ,  0.0000 ,
  0.0000 ,  0.0000 ,  0.0000 ,  0.0000 ,  0.0000 ,  0.0000 ,
  0.0000 ,  0.0000 ,  0.0000 ,  0.0000 ,  0.0000 ,  0.0000 ,
  0.0000 ,  0.0000 ,  0.0000 ,  0.0000 ,  0.0000 ,  0.0000 ,
  0.0000 ,  0.0000 ,  0.0000 ,  0.0000 ,  0.0000 ,  0.0000 ,
  0.0000 ,  0.0000 ,  0.0000 ,  0.0000 ,  0.0000 ,  0.0000 ,
  0.0000 ,  0.0000 ,  0.0000 ,  0.0000 ,  0.0000 ,  0.0000 ,
  0.0000 ,  0.0000 ,  0.0000 ,  0.0000 ,  0.0000 ,  0.0000 ,
  0.0000 ,  0.0000 ,  0.0000 ,  0.0000 ,  0.0000 ,  0.0000 ,
  0.0000 ,  0.0000 ,  0.0000 ,  0.0000 ,  0.0000 ,  0.0000 ,
  0.0000 ,  0.0000 ,  0.0000 ,  0.0000 ,  0.0000 ,  0.0000 ,
  0.0000 ,  0.0000 ,  0.0000 ,  0.0000 ,  0.0000 ,  0.0000 ,
  0.0000 ,  0.0000 ,  0.0000 ,  0.0000 ,  0.0000 ,  0.0000 ,
  0.0000 ,  0.0000 ,  0.0000 ,  0.0000 ,  0.0000 ,  0.0000 ,
  0.0000 ,  0.0000 ,  0.0000 ,  0.0000 ,  0.0000 ,  0.0000 ,
  0.0000 ,  0.0000 ,  0.0000 ,  0.0000 ,  0.0000 ,  0.0000 ,
  0.0000 ,  0.0000 ,  0.0000 ,  0.0000 ,  0.0000 ,  0.0000 ,
  0.0000 ,  0.0000 ,  0.0000 ,  0.0000 ,  0.0000 ,  0.0000 ,
  0.0000 ,  0.0000 ,  0.0000 ,  0.0000 ,  0.0000 ,  0.0000 ,
  0.0000 ,  0.0000 ,  0.0000 ,  0.0000 ,  0.0000 ,  0.0000 ,
  0.0000 ,  0.0000 ,  0.0000 ,  0.0000 ,  0.0000 ,  0.0000 ,
  0.0000 ,  0.0000 ,  0.0000 ,  0.0000 ,  0.0000 ,  0.0000 ,
  0.0000 ,  0.0000 ,  0.0000 ,  0.0000 ,  0.0000 ,  0.0000 ,
  0.0000 ,  0.0000 ,  0.0000 ,  0.0000 ,  0.0000 ,  0.0000 ,
  0.0000 ,  0.0000 ,  0.0000 ,  0.0000 ,  0.0000 ,  0.0000 ,
  0.0000 ,  0.0000 ,  0.0000 ,  0.0000 ,  0.0000 ,  0.0000 ,
  0.0000 ,  0.0000 ,  0.0000 ,  0.0000 ,  0.0000 ,  0.0000 ,
  0.0000 ,  0.0000 ,  0.0000 ,  0.0000 ,  0.0000 ,  0.0000 ,
  0.0000 ,  0.0000 ,  0.0000 ,  0.0000 ,  0.0000 ,  0.0000 ,
  0.0000 ,  0.0000 ,  0.0000 ,  0.0000 ,  0.0000 ,  0.0000 ,
  0.0000 ,  0.0000 ,  0.0000 ,  0.0000 ,  0.0000 ,  0.0000 ,
  0.0000 ,  0.0000 ,  0.0000 ,  0.0000 ,  0.0000 ,  0.0000 ,
  0.0000 ,  0.0000 ,  0.0000 ,  0.0000 ,  0.0000 ,  0.0000 ,
  0.0000 ,  0.0000 ,  0.0000 ,  0.0000 ,  0.0000 ,  0.0000 ,
  0.0000 ,  0.0000 ,  0.0000 ,  0.0000 ,  0.0000 ,  0.0000 ,
  0.0000 ,  0.0000 ,  0.0000 ,  0.0000 ,  0.0000 ,  0.0000 ,
  0.0000 ,  0.0000 ,  0.0000 ,  0.0000 ,  0.0000 ,  0.0000 ,
  0.0000 ,  0.0000 ,  0.0000 ,  0.0000 ,  0.0000 ,  0.0000 ,
  0.0000 ,  0.0000 ,  0.0000 ,  0.0000 ,  0.0000 ,  0.0000 ,
  0.0000 ,  0.0000 ,  0.0000 ,  0.0000 ,  0.0000 ,  0.0000 ,
  0.0000 ,  0.0000 ,  0.0000 ,  0.0000 ,  0.0000 ,  0.0000 ,
  0.0000 ,  0.0000 ,  0.0000 ,  0.0000 ,  0.0000 ,  0.0000 ,
  0.0000 ,  0.0000 ,  0.0000 ,  0.0000 ,  0.0000 ,  0.0000 ,
  0.0000 ,  0.0000 ,  0.0000 ,  0.0000 ,  0.0000 ,  0.0000 ,
  0.0000 ,  0.0000 ,  0.0000 ,  0.0000 ,  0.0000 ,  0.0000 ,
  0.0000 ,  0.0000 ,  0.0000 ,  0.0000 ,  0.0000 ,  0.0000 ,
  0.0000 ,  0.0000 ,  0.0000 ,  0.0000 ,  0.0000 ,  0.0000 ,
  0.0000 ,  0.0000 ,  0.0000 ,  0.0000 ,  0.0000 ,  0.0000 ,
  0.0000 ,  0.0000 ,  0.0000 ,  0.0000 ,  0.0000 ,  0.0000 ,
  0.0000 ,  0.0000 ,  0.0000 ,  0.0000 ,  0.0000 ,  0.0000 ,
  0.0000 ,  0.0000 ,  0.0000 ,  0.0000 ,  0.0000 ,  0.0000 ,
  0.0000 ,  0.0000 ,  0.0000 ,  0.0000 ,  0.0000 ,  0.0000 ,
  0.0000 ,  0.0000 ,  0.0000 ,  0.0000 ,  0.0000 ,  0.0000 ,
  0.0000 ,  0.0000 ,  0.0000 ,  0.0000 ,  0.0000 ,  0.0000 ,
  0.0000 ,  0.0000 ,  0.0000 ,  0.0000 ,  0.0000 ,  0.0000 ,
  0.0000 ,  0.0000 ,  0.0000 ,  0.0000 ,  0.0000 ,  0.0000 ,
  0.0000 ,  0.0000 ,  0.0000 ,  0.0000 ,  0.0000 ,  0.0000 ,
  0.0000 ,  0.0000 ,  0.0000 ,  0.0000 ,  0.0000 ,  0.0000 ,
  0.0000 ,  0.0000 ,  0.0000 ,  0.0000 ,  0.0000 ,  0.0000 ,
  0.0000 ,  0.0000 ,  0.0000 ,  0.0000 ,  0.0000 ,  0.0000 ,
  0.0000 ,  0.0000 ,  0.0000 ,  0.0000 ,  0.0000 ,  0.0000 ,
  0.0000 ,  0.0000 ,  0.0000 ,  0.0000 ,  0.0000 ,  0.0000 ,
  0.0000 ,  0.0000 ,  0.0000 ,  0.0000 ,  0.0000 ,  0.0000 ,
  0.0000 ,  0.0000 ,  0.0000 ,  0.0000 ,  0.0000 ,  0.0000 ,
  0.0000 ,  0.0000 ,  0.0000 ,  0.0000 ,  0.0000 ,  0.0000 ,
  0.0000 ,  0.0000 ,  0.0000 ,  0.0000 ,  0.0000 ,  0.0000 ,
  0.0000 ,  0.0000 ,  0.0000 ,  0.0000 ,  0.0000 ,  0.0000 ,
  0.0000 ,  0.0000 ,  0.0000 ,  0.0000 ,  0.0000 ,  0.0000 ,
  0.0000 ,  0.0000 ,  0.0000 ,  0.0000 ,  0.0000 ,  0.0000 ,
  0.0000 ,  0.0000 ,  0.0000 ,  0.0000 ,  0.0000 ,  0.0000 ,
  0.0000 ,  0.0000 ,  0.0000 ,  0.0000 ,  0.0000 ,  0.0000 ,
  0.0000 ,  0.0000 ,  0.0000 ,  0.0000 ,  0.0000 ,  0.0000 ,
  0.0000 ,  0.0000 ,  0.0000 ,  0.0000 ,  0.0000 ,  0.0000 ,
  0.0000 ,  0.0000 ,  0.0000 ,  0.0000 ,  0.0000 ,  0.0000 ,
  0.0000 ,  0.0000 ,  0.0000 ,  0.0000 ,  0.0000 ,  0.0000 ,
  0.0000 ,  0.0000 ,  0.0000 ,  0.0000 ,  0.0000 ,  0.0000 ,
  0.0000 ,  0.0000 ,  0.0000 ,  0.0000 ,  0.0000 ,  0.0000 ,
  0.0000 ,  0.0000 ,  0.0000 ,  0.0000 ,  0.0000 ,  0.0000 ,
  0.0000 ,  0.0000 ,  0.0000 ,  0.0000 ,  0.0000 ,  0.0000 ,
  0.0000 ,  0.0000 ,  0.0000 ,  0.0000 ,  0.0000 ,  0.0000 ,
  0.0000 ,  0.0000 ,  0.0000 ,  0.0000 ,  0.0000 ,  0.0000 ,
  0.0000 ,  0.0000 ,  0.0000 ,  0.0000 ,  0.0000 ,  0.0000 ,
  0.0000 ,  0.0000 ,  0.0000 ,  0.0000 ,  0.0000 ,  0.0000 ,
  0.0000 ,  0.0000 ,  0.0000 ,  0.0000 ,  0.0000 ,  0.0000 ,
  0.0000 ,  0.0000 ,  0.0000 ,  0.0000 ,  0.0000 ,  0.0000 ,
  0.0000 ,  0.0000 ,  0.0000 ,  0.0000 ,  0.0000 ,  0.0000 ,
  0.0000 ,  0.0000 ,  0.0000 ,  0.0000 ,  0.0000 ,  0.0000 ,
  0.0000 ,  0.0000 ,  0.0000 ,  0.0000 ,  0.0000 ,  0.0000 ,
  0.0000 ,  0.0000 ,  0.0000 ,  0.0000 ,  0.0000 ,  0.0000 ,
  0.0000 ,  0.0000 ,  0.0000 ,  0.0000 ,  0.0000 ,  0.0000 ,
  0.0000 ,  0.0000 ,  0.0000 ,  0.0000 ,  0.0000 ,  0.0000 ,
  0.0000 ,  0.0000 ,  0.0000 ,  0.0000 ,  0.0000 ,  0.0000 ,
  0.0000 ,  0.0000 ,  0.0000 ,  0.0000 ,  0.0000 ,  0.0000 ,
  0.0000 ,  0.0000 ,  0.0000 ,  0.0000 ,  0.0000 ,  0.0000 ,
  0.0000 ,  0.0000 ,  0.0000 ,  0.0000 ,  0.0000 ,  0.0000 ,
  0.0000 ,  0.0000 ,  0.0000 ,  0.0000 ,  0.0000 ,  0.0000 ,
  0.0000 ,  0.0000 ,  0.0000 ,  0.0000 ,  0.0000 ,  0.0000 ,
  0.0000 ,  0.0000 ,  0.0000 ,  0.0000 ,  0.0000 ,  0.0000 ,
  0.0000 ,  0.0000 ,  0.0000 ,  0.0000 ,  0.0000 ,  0.0000 ,
  0.0000 ,  0.0000 ,  0.0000 ,  0.0000 ,  0.0000 ,  0.0000 ,
  0.0000 ,  0.0000 ,  0.0000 ,  0.0000 ,  0.0000 ,  0.0000 ,
  0.0000 ,  0.0000 ,  0.0000 ,  0.0000 ,  0.0000 ,  0.0000 ,
  0.0000 ,  0.0000 ,  0.0000 ,  0.0000 ,  0.0000 ,  0.0000 ,
  0.0000 ,  0.0000 ,  0.0000 ,  0.0000 ,  0.0000 ,  0.0000 ,
  0.0000 ,  0.0000 ,  0.0000 ,  0.0000 ,  0.0000 ,  0.0000 ,
  0.0000 ,  0.0000 ,  0.0000 ,  0.0000 ,  0.0000 ,  0.0000 ,
  0.0000 ,  0.0000 ,  0.0000 ,  0.0000 ,  0.0000 ,  0.0000 ,
  0.0000 ,  0.0000 ,  0.0000 ,  0.0000 ,  0.0000 ,  0.0000 ,
  0.0000 ,  0.0000 ,  0.0000 ,  0.0000 ,  0.0000 ,  0.0000 ,
  0.0000 ,  0.0000 ,  0.0000 ,  0.0000 ,  0.0000 ,  0.0000 ,
  0.0000 ,  0.0000 ,  0.0000 ,  0.0000 ,  0.0000 ,  0.0000 ,
  0.0000 ,  0.0000 ,  0.0000 ,  0.0000 ,  0.0000 ,  0.0000 ,
  0.0000 ,  0.0000 ,  0.0000 ,  0.0000 ,  0.0000 ,  0.0000 ,
  0.0000 ,  0.0000 ,  0.0000 ,  0.0000 ,  0.0000 ,  0.0000 ,
  0.0000 ,  0.0000 ,  0.0000 ,  0.0000 ,  0.0000 ,  0.0000 ,
  0.0000 ,  0.0000 ,  0.0000 ,  0.0000 ,  0.0000 ,  0.0000 ,
  0.0000 ,  0.0000 ,  0.0000 ,  0.0000 ,  0.0000 ,  0.0000 ,
  0.0000 ,  0.0000 ,  0.0000 ,  0.0000 ,  0.0000 ,  0.0000 ,
  0.0000 ,  0.0000 ,  0.0000 ,  0.0000 ,  0.0000 ,  0.0000 ,
  0.0000 ,  0.0000 ,  0.0000 ,  0.0000 ,  0.0000 ,  0.0000 ,
  0.0000 ,  0.0000 ,  0.0000 ,  0.0000 ,  0.0000 ,  0.0000 ,
  0.0000 ,  0.0000 ,  0.0000 ,  0.0000 ,  0.0000 ,  0.0000 ,
  0.0000 ,  0.0000 ,  0.0000 ,  0.0000 ,  0.0000 ,  0.0000 ,
  0.0000 ,  0.0000 ,  0.0000 ,  0.0000 ,  0.0000 ,  0.0000 ,
  0.0000 ,  0.0000 ,  0.0000 ,  0.0000 ,  0.0000 ,  0.0000 ,
  0.0000 ,  0.0000 ,  0.0000 ,  0.0000 ,  0.0000 ,  0.0000 ,
  0.0000 ,  0.0000 ,  0.0000 ,  0.0000 ,  0.0000 ,  0.0000 ,
  0.0000 ,  0.0000 ,  0.0000 ,  0.0000 ,  0.0000 ,  0.0000 ,
  0.0000 ,  0.0000 ,  0.0000 ,  0.0000 ,  0.0000 ,  0.0000 ,
  0.0000 ,  0.0000 ,  0.0000 ,  0.0000 ,  0.0000 ,  0.0000 ,
  0.0000 ,  0.0000 ,  0.0000 ,  0.0000 ,  0.0000 ,  0.0000 ,
  0.0000 ,  0.0000 ,  0.0000 ,  0.0000 ,  0.0000 ,  0.0000 ,
  0.0000 ,  0.0000 ,  0.0000 ,  0.0000 ,  0.0000 ,  0.0000 ,
  0.0000 ,  0.0000 ,  0.0000 ,  0.0000 ,  0.0000 ,  0.0000 ,
  0.0000 ,  0.0000 ,  0.0000 ,  0.0000 ,  0.0000 ,  0.0000 ,
  0.0000 ,  0.0000 ,  0.0000 ,  0.0000 ,  0.0000 ,  0.0000 ,
  0.0000 ,  0.0000 ,  0.0000 ,  0.0000 ,  0.0000 ,  0.0000 ,
  0.0000 ,  0.0000 ,  0.0000 ,  0.0000 ,  0.0000 ,  0.0000 ,
  0.0000 ,  0.0000 ,  0.0000 ,  0.0000 ,  0.0000 ,  0.0000 ,
  0.0000 ,  0.0000 ,  0.0000 ,  0.0000 ,  0.0000 ,  0.0000 ,
  0.0000 ,  0.0000 ,  0.0000 ,  0.0000 ,  0.0000 ,  0.0000 ,
  0.0000 ,  0.0000 ,  0.0000 ,  0.0000 ,  0.0000 ,  0.0000 ,
  0.0000 ,  0.0000 ,  0.0000 ,  0.0000 ,  0.0000 ,  0.0000 ,
  0.0000 ,  0.0000 ,  0.0000 ,  0.0000 ,  0.0000 ,  0.0000 ,
  0.0000 ,  0.0000 ,  0.0000 ,  0.0000 ,  0.0000 ,  0.0000 ,
  0.0000 ,  0.0000 ,  0.0000 ,  0.0000 ,  0.0000 ,  0.0000 ,
  0.0000 ,  0.0000 ,  0.0000 ,  0.0000 ,  0.0000 ,  0.0000 ,
  0.0000 ,  0.0000 ,  0.0000 ,  0.0000 ,  0.0000 ,  0.0000 ,
  0.0000 ,  0.0000 ,  0.0000 ,  0.0000 ,  0.0000 ,  0.0000 ,
  0.0000 ,  0.0000 ,  0.0000 ,  0.0000 ,  0.0000 ,  0.0000 ,
  0.0000 ,  0.0000 ,  0.0000 ,  0.0000 ,  0.0000 ,  0.0000 ,
  0.0000 ,  0.0000 ,  0.0000 ,  0.0000 ,  0.0000 ,  0.0000 ,
  0.0000 ,  0.0000 ,  0.0000 ,  0.0000 ,  0.0000 ,  0.0000 ,
  0.0000 ,  0.0000 ,  0.0000 ,  0.0000 ,  0.0000 ,  0.0000 ,
  0.0000 ,  0.0000 ,  0.0000 ,  0.0000 ,  0.0000 ,  0.0000 ,
  0.0000 ,  0.0000 ,  0.0000 ,  0.0000 ,  0.0000 ,  0.0000 ,
  0.0000 ,  0.0000 ,  0.0000 ,  0.0000 ,  0.0000 ,  0.0000 ,
  0.0000 ,  0.0000 ,  0.0000 ,  0.0000 ,  0.0000 ,  0.0000 ,
  0.0000 ,  0.0000 ,  0.0000 ,  0.0000 ,  0.0000 ,  0.0000 ,
  0.0000 ,  0.0000 ,  0.0000 ,  0.0000 ,  0.0000 ,  0.0000 ,
  0.0000 ,  0.0000 ,  0.0000 ,  0.0000 ,  0.0000 ,  0.0000 ,
  0.0000 ,  0.0000 ,  0.0000 ,  0.0000 ,  0.0000 ,  0.0000 ,
  0.0000 ,  0.0000 ,  0.0000 ,  0.0000 ,  0.0000 ,  0.0000 ,
  0.0000 ,  0.0000 ,  0.0000 ,  0.0000 ,  0.0000 ,  0.0000 ,
  0.0000 ,  0.0000 ,  0.0000 ,  0.0000 ,  0.0000 ,  0.0000 ,
  0.0000 ,  0.0000 ,  0.0000 ,  0.0000 ,  0.0000 ,  0.0000 ,
  0.0000 ,  0.0000 ,  0.0000 ,  0.0000 ,  0.0000 ,  0.0000 ,
  0.0000 ,  0.0000 ,  0.0000 ,  0.0000 ,  0.0000 ,  0.0000 ,
  0.0000 ,  0.0000 ,  0.0000 ,  0.0000 ,  0.0000 ,  0.0000 ,
  0.0000 ,  0.0000 ,  0.0000 ,  0.0000 ,  0.0000 ,  0.0000 ,
  0.0000 ,  0.0000 ,  0.0000 ,  0.0000 ,  0.0000 ,  0.0000 ,
  0.0000 ,  0.0000 ,  0.0000 ,  0.0000 ,  0.0000 ,  0.0000 ,
  0.0000 ,  0.0000 ,  0.0000 ,  0.0000 ,  0.0000 ,  0.0000 ,
  0.0000 ,  0.0000 ,  0.0000 ,  0.0000 ,  0.0000 ,  0.0000 ,
  0.0000 ,  0.0000 ,  0.0000 ,  0.0000 ,  0.0000 ,  0.0000 ,
  0.0000 ,  0.0000 ,  0.0000 ,  0.0000 ,  0.0000 ,  0.0000 ,
  0.0000 ,  0.0000 ,  0.0000 ,  0.0000 ,  0.0000 ,  0.0000 ,
  0.0000 ,  0.0000 ,  0.0000 ,  0.0000 ,  0.0000 ,  0.0000 ,
  0.0000 ,  0.0000 ,  0.0000 ,  0.0000 ,  0.0000 ,  0.0000 ,
  0.0000 ,  0.0000 ,  0.0000 ,  0.0000 ,  0.0000 ,  0.0000 ,
  0.0000 ,  0.0000 ,  0.0000 ,  0.0000 ,  0.0000 ,  0.0000 ,
  0.0000 ,  0.0000 ,  0.0000 ,  0.0000 ,  0.0000 ,  0.0000 ,
  0.0000 ,  0.0000 ,  0.0000 ,  0.0000 ,  0.0000 ,  0.0000 ,
  0.0000 ,  0.0000 ,  0.0000 ,  0.0000 ,  0.0000 ,  0.0000 ,
  0.0000 ,  0.0000 ,  0.0000 ,  0.0000 ,  0.0000 ,  0.0000 ,
  0.0000 ,  0.0000 ,  0.0000 ,  0.0000 ,  0.0000 ,  0.0000 ,
  0.0000 ,  0.0000 ,  0.0000 ,  0.0000 ,  0.0000 ,  0.0000 ,
  0.0000 ,  0.0000 ,  0.0000 ,  0.0000 ,  0.0000 ,  0.0000 ,
  0.0000 ,  0.0000 ,  0.0000 ,  0.0000 ,  0.0000 ,  0.0000 ,
  0.0000 ,  0.0000 ,  0.0000 ,  0.0000 ,  0.0000 ,  0.0000 ,
  0.0000 ,  0.0000 ,  0.0000 ,  0.0000 ,  0.0000 ,  0.0000 ,
  0.0000 ,  0.0000 ,  0.0000 ,  0.0000 ,  0.0000 ,  0.0000 ,
  0.0000 ,  0.0000 ,  0.0000 ,  0.0000 ,  0.0000 ,  0.0000 ,
  0.0000 ,  0.0000 ,  0.0000 ,  0.0000 ,  0.0000 ,  0.0000 ,
  0.0000 ,  0.0000 ,  0.0000 ,  0.0000 ,  0.0000 ,  0.0000 ,
  0.0000 ,  0.0000 ,  0.0000 ,  0.0000 ,  0.0000 ,  0.0000 ,
  0.0000 ,  0.0000 ,  0.0000 ,  0.0000 ,  0.0000 ,  0.0000 ,
  0.0000 ,  0.0000 ,  0.0000 ,  0.0000 ,  0.0000 ,  0.0000 ,
  0.0000 ,  0.0000 ,  0.0000 ,  0.0000 ,  0.0000 ,  0.0000 ,
  0.0000 ,  0.0000 ,  0.0000 ,  0.0000 ,  0.0000 ,  0.0000 ,
  0.0000 ,  0.0000 ,  0.0000 ,  0.0000 ,  0.0000 ,  0.0000 ,
  0.0000 ,  0.0000 ,  0.0000 ,  0.0000 ,  0.0000 ,  0.0000 ,
  0.0000 ,  0.0000 ,  0.0000 ,  0.0000 ,  0.0000 ,  0.0000 ,
  0.0000 ,  0.0000 ,  0.0000 ,  0.0000 ,  0.0000 ,  0.0000 ,
  0.0000 ,  0.0000 ,  0.0000 ,  0.0000 ,  0.0000 ,  0.0000 ,
  0.0000 ,  0.0000 ,  0.0000 ,  0.0000 ,  0.0000 ,  0.0000 ,
  0.0000 ,  0.0000 ,  0.0000 ,  0.0000 ,  0.0000 ,  0.0000 ,
  0.0000 ,  0.0000 ,  0.0000 ,  0.0000 ,  0.0000 ,  0.0000 ,
  0.0000 ,  0.0000 ,  0.0000 ,  0.0000 ,  0.0000 ,  0.0000 ,
  0.0000 ,  0.0000 ,  0.0000 ,  0.0000 ,  0.0000 ,  0.0000 ,
  0.0000 ,  0.0000 ,  0.0000 ,  0.0000 ,  0.0000 ,  0.0000 ,
  0.0000 ,  0.0000 ,  0.0000 ,  0.0000 ,  0.0000 ,  0.0000 ,
  0.0000 ,  0.0000 ,  0.0000 ,  0.0000 ,  0.0000 ,  0.0000 ,
  0.0000 ,  0.0000 ,  0.0000 ,  0.0000 ,  0.0000 ,  0.0000 ,
  0.0000 ,  0.0000 ,  0.0000 ,  0.0000 ,  0.0000 ,  0.0000 ,
  0.0000 ,  0.0000 ,  0.0000 ,  0.0000 ,  0.0000 ,  0.0000 ,
  0.0000 ,  0.0000 ,  0.0000 ,  0.0000 ,  0.0000 ,  0.0000 ,
  0.0000 ,  0.0000 ,  0.0000 ,  0.0000 ,  0.0000 ,  0.0000 ,
  0.0000 ,  0.0000 ,  0.0000 ,  0.0000 ,  0.0000 ,  0.0000 ,
  0.0000 ,  0.0000 ,  0.0000 ,  0.0000 ,  0.0000 ,  0.0000 ,
  0.0000 ,  0.0000 ,  0.0000 ,  0.0000 ,  0.0000 ,  0.0000 ,
  0.0000 ,  0.0000 ,  0.0000 ,  0.0000 ,  0.0000 ,  0.0000 ,
  0.0000 ,  0.0000 ,  0.0000 ,  0.0000 ,  0.0000 ,  0.0000 ,
  0.0000 ,  0.0000 ,  0.0000 ,  0.0000 ,  0.0000 ,  0.0000 ,
  0.0000 ,  0.0000 ,  0.0000 ,  0.0000 ,  0.0000 ,  0.0000 ,
  0.0000 ,  0.0000 ,  0.0000 ,  0.0000 ,  0.0000 ,  0.0000 ,
  0.0000 ,  0.0000 ,  0.0000 ,  0.0000 ,  0.0000 ,  0.0000 ,
  0.0000 ,  0.0000 ,  0.0000 ,  0.0000 ,  0.0000 ,  0.0000 ,
  0.0000 ,  0.0000 ,  0.0000 ,  0.0000 ,  0.0000 ,  0.0000 ,
  0.0000 ,  0.0000 ,  0.0000 ,  0.0000 ,  0.0000 ,  0.0000 ,
  0.0000 ,  0.0000 ,  0.0000 ,  0.0000 ,  0.0000 ,  0.0000 ,
  0.0000 ,  0.0000 ,  0.0000 ,  0.0000 ,  0.0000 ,  0.0000 ,
  0.0000 ,  0.0000 ,  0.0000 ,  0.0000 ,  0.0000 ,  0.0000 ,
  0.0000 ,  0.0000 ,  0.0000 ,  0.0000 ,  0.0000 ,  0.0000 ,
  0.0000 ,  0.0000 ,  0.0000 ,  0.0000 ,  0.0000 ,  0.0000 ,
  0.0000 ,  0.0000 ,  0.0000 ,  0.0000 ,  0.0000 ,  0.0000 ,
  0.0000 ,  0.0000 ,  0.0000 ,  0.0000 ,  0.0000 ,  0.0000 ,
  0.0000 ,  0.0000 ,  0.0000 ,  0.0000 ,  0.0000 ,  0.0000 ,
  0.0000 ,  0.0000 ,  0.0000 ,  0.0000 ,  0.0000 ,  0.0000 ,
  0.0000 ,  0.0000 ,  0.0000 ,  0.0000 ,  0.0000 ,  0.0000 ,
  0.0000 ,  0.0000 ,  0.0000 ,  0.0000 ,  0.0000 ,  0.0000 ,
  0.0000 ,  0.0000 ,  0.0000 ,  0.0000 ,  0.0000 ,  0.0000 ,
  0.0000 ,  0.0000 ,  0.0000 ,  0.0000 ,  0.0000 ,  0.0000 ,
  0.0000 ,  0.0000 ,  0.0000 ,  0.0000 ,  0.0000 ,  0.0000 ,
  0.0000 ,  0.0000 ,  0.0000 ,  0.0000 ,  0.0000 ,  0.0000 ,
  0.0000 ,  0.0000 ,  0.0000 ,  0.0000 ,  0.0000 ,  0.0000 ,
  0.0000 ,  0.0000 ,  0.0000 ,  0.0000 ,  0.0000 ,  0.0000 ,
  0.0000 ,  0.0000 ,  0.0000 ,  0.0000 ,  0.0000 ,  0.0000 ,
  0.0000 ,  0.0000 ,  0.0000 ,  0.0000 ,  0.0000 ,  0.0000 ,
  0.0000 ,  0.0000 ,  0.0000 ,  0.0000 ,  0.0000 ,  0.0000 ,
  0.0000 ,  0.0000 ,  0.0000 ,  0.0000 ,  0.0000 ,  0.0000 ,
  0.0000 ,  0.0000 ,  0.0000 ,  0.0000 ,  0.0000 ,  0.0000 ,
  0.0000 ,  0.0000 ,  0.0000 ,  0.0000 ,  0.0000 ,  0.0000 ,
  0.0000 ,  0.0000 ,  0.0000 ,  0.0000 ,  0.0000 ,  0.0000 ,
  0.0000 ,  0.0000 ,  0.0000 ,  0.0000 ,  0.0000 ,  0.0000 ,
  0.0000 ,  0.0000 ,  0.0000 ,  0.0000 ,  0.0000 ,  0.0000 ,
  0.0000 ,  0.0000 ,  0.0000 ,  0.0000 ,  0.0000 ,  0.0000 ,
  0.0000 ,  0.0000 ,  0.0000 ,  0.0000 ,  0.0000 ,  0.0000 ,
  0.0000 ,  0.0000 ,  0.0000 ,  0.0000 ,  0.0000 ,  0.0000 ,
  0.0000 ,  0.0000 ,  0.0000 ,  0.0000 ,  0.0000 ,  0.0000 ,
  0.0000 ,  0.0000 ,  0.0000 ,  0.0000 ,  0.0000 ,  0.0000 ,
  0.0000 ,  0.0000 ,  0.0000 ,  0.0000 ,  0.0000 ,  0.0000 ,
  0.0000 ,  0.0000 ,  0.0000 ,  0.0000 ,  0.0000 ,  0.0000 ,
  0.0000 ,  0.0000 ,  0.0000 ,  0.0000 ,  0.0000 ,  0.0000 ,
  0.0000 ,  0.0000 ,  0.0000 ,  0.0000 ,  0.0000 ,  0.0000 ,
  0.0000 ,  0.0000 ,  0.0000 ,  0.0000 ,  0.0000 ,  0.0000 ,
  0.0000 ,  0.0000 ,  0.0000 ,  0.0000 ,  0.0000 ,  0.0000 ,
  0.0000 ,  0.0000 ,  0.0000 ,  0.0000 ,  0.0000 ,  0.0000 ,
  0.0000 ,  0.0000 ,  0.0000 ,  0.0000 ,  0.0000 ,  0.0000 ,
  0.0000 ,  0.0000 ,  0.0000 ,  0.0000 ,  0.0000 ,  0.0000 ,
  0.0000 ,  0.0000 ,  0.0000 ,  0.0000 ,  0.0000 ,  0.0000 ,
  0.0000 ,  0.0000 ,  0.0000 ,  0.0000 ,  0.0000 ,  0.0000 ,
  0.0000 ,  0.0000 ,  0.0000 ,  0.0000 ,  0.0000 ,  0.0000 ,
  0.0000 ,  0.0000 ,  0.0000 ,  0.0000 ,  0.0000 ,  0.0000 ,
  0.0000 ,  0.0000 ,  0.0000 ,  0.0000 ,  0.0000 ,  0.0000 ,
  0.0000 ,  0.0000 ,  0.0000 ,  0.0000 ,  0.0000 ,  0.0000 ,
  0.0000 ,  0.0000 ,  0.0000 ,  0.0000 ,  0.0000 ,  0.0000 ,
  0.0000 ,  0.0000 ,  0.0000 ,  0.0000 ,  0.0000 ,  0.0000 ,
  0.0000 ,  0.0000 ,  0.0000 ,  0.0000 ,  0.0000 ,  0.0000 ,
  0.0000 ,  0.0000 ,  0.0000 ,  0.0000 ,  0.0000 ,  0.0000 ,
  0.0000 ,  0.0000 ,  0.0000 ,  0.0000 ,  0.0000 ,  0.0000 ,
  0.0000 ,  0.0000 ,  0.0000 ,  0.0000 ,  0.0000 ,  0.0000 ,
  0.0000 ,  0.0000 ,  0.0000 ,  0.0000 ,  0.0000 ,  0.0000 ,
  0.0000 ,  0.0000 ,  0.0000 ,  0.0000 ,  0.0000 ,  0.0000 ,
  0.0000 ,  0.0000 ,  0.0000 ,  0.0000 ,  0.0000 ,  0.0000 ,
  0.0000 ,  0.0000 ,  0.0000 ,  0.0000 ,  0.0000 ,  0.0000 ,
  0.0000 ,  0.0000 ,  0.0000 ,  0.0000 ,  0.0000 ,  0.0000 ,
  0.0000 ,  0.0000 ,  0.0000 ,  0.0000 ,  0.0000 ,  0.0000 ,
  0.0000 ,  0.0000 ,  0.0000 ,  0.0000 ,  0.0000 ,  0.0000 ,
  0.0000 ,  0.0000 ,  0.0000 ,  0.0000 ,  0.0000 ,  0.0000 ,
  0.0000 ,  0.0000 ,  0.0000 ,  0.0000 ,  0.0000 ,  0.0000 ,
  0.0000 ,  0.0000 ,  0.0000 ,  0.0000 ,  0.0000 ,  0.0000 ,
  0.0000 ,  0.0000 ,  0.0000 ,  0.0000 ,  0.0000 ,  0.0000 ,
  0.0000 ,  0.0000 ,  0.0000 ,  0.0000 ,  0.0000 ,  0.0000 ,
  0.0000 ,  0.0000 ,  0.0000 ,  0.0000 ,  0.0000 ,  0.0000 ,
  0.0000 ,  0.0000 ,  0.0000 ,  0.0000 ,  0.0000 ,  0.0000 ,
  0.0000 ,  0.0000 ,  0.0000 ,  0.0000 ,  0.0000 ,  0.0000 ,
  0.0000 ,  0.0000 ,  0.0000 ,  0.0000 ,  0.0000 ,  0.0000 ,
  0.0000 ,  0.0000 ,  0.0000 ,  0.0000 ,  0.0000 ,  0.0000 ,
  0.0000 ,  0.0000 ,  0.0000 ,  0.0000 ,  0.0000 ,  0.0000 ,
  0.0000 ,  0.0000 ,  0.0000 ,  0.0000 ,  0.0000 ,  0.0000 ,
  0.0000 ,  0.0000 ,  0.0000 ,  0.0000 ,  0.0000 ,  0.0000 ,
  0.0000 ,  0.0000 ,  0.0000 ,  0.0000 ,  0.0000 ,  0.0000 ,
  0.0000 ,  0.0000 ,  0.0000 ,  0.0000 ,  0.0000 ,  0.0000 ,
  0.0000 ,  0.0000 ,  0.0000 ,  0.0000 ,  0.0000 ,  0.0000 ,
  0.0000 ,  0.0000 ,  0.0000 ,  0.0000 ,  0.0000 ,  0.0000 ,
  0.0000 ,  0.0000 ,  0.0000 ,  0.0000 ,  0.0000 ,  0.0000 ,
  0.0000 ,  0.0000 ,  0.0000 ,  0.0000 ,  0.0000 ,  0.0000 ,
  0.0000 ,  0.0000 ,  0.0000 ,  0.0000 ,  0.0000 ,  0.0000 ,
  0.0000 ,  0.0000 ,  0.0000 ,  0.0000 ,  0.0000 ,  0.0000 ,
  0.0000 ,  0.0000 ,  0.0000 ,  0.0000 ,  0.0000 ,  0.0000 ,
  0.0000 ,  0.0000 ,  0.0000 ,  0.0000 ,  0.0000 ,  0.0000 ,
  0.0000 ,  0.0000 ,  0.0000 ,  0.0000 ,  0.0000 ,  0.0000 ,
  0.0000 ,  0.0000 ,  0.0000 ,  0.0000 ,  0.0000 ,  0.0000 ,
  0.0000 ,  0.0000 ,  0.0000 ,  0.0000 ,  0.0000 ,  0.0000 ,
  0.0000 ,  0.0000 ,  0.0000 ,  0.0000 ,  0.0000 ,  0.0000 ,
  0.0000 ,  0.0000 ,  0.0000 ,  0.0000 ,  0.0000 ,  0.0000 ,
  0.0000 ,  0.0000 ,  0.0000 ,  0.0000 ,  0.0000 ,  0.0000 ,
  0.0000 ,  0.0000 ,  0.0000 ,  0.0000 ,  0.0000 ,  0.0000 ,
  0.0000 ,  0.0000 ,  0.0000 ,  0.0000 ,  0.0000 ,  0.0000 ,
  0.0000 ,  0.0000 ,  0.0000 ,  0.0000 ,  0.0000 ,  0.0000 ,
  0.0000 ,  0.0000 ,  0.0000 ,  0.0000 ,  0.0000 ,  0.0000 ,
  0.0000 ,  0.0000 ,  0.0000 ,  0.0000 ,  0.0000 ,  0.0000 ,
  0.0000 ,  0.0000 ,  0.0000 ,  0.0000 ,  0.0000 ,  0.0000 ,
  0.0000 ,  0.0000 ,  0.0000 ,  0.0000 ,  0.0000 ,  0.0000 ,
  0.0000 ,  0.0000 ,  0.0000 ,  0.0000 ,  0.0000 ,  0.0000 ,
  0.0000 ,  0.0000 ,  0.0000 ,  0.0000 ,  0.0000 ,  0.0000 ,
  0.0000 ,  0.0000 ,  0.0000 ,  0.0000 ,  0.0000 ,  0.0000 ,
  0.0000 ,  0.0000 ,  0.0000 ,  0.0000 ,  0.0000 ,  0.0000 ,
  0.0000 ,  0.0000 ,  0.0000 ,  0.0000 ,  0.0000 ,  0.0000 ,
  0.0000 ,  0.0000 ,  0.0000 ,  0.0000 ,  0.0000 ,  0.0000 ,
  0.0000 ,  0.0000 ,  0.0000 ,  0.0000 ,  0.0000 ,  0.0000 ,
  0.0000 ,  0.0000 ,  0.0000 ,  0.0000 ,  0.0000 ,  0.0000 ,
  0.0000 ,  0.0000 ,  0.0000 ,  0.0000 ,  0.0000 ,  0.0000 ,
  0.0000 ,  0.0000 ,  0.0000 ,  0.0000 ,  0.0000 ,  0.0000 ,
  0.0000 ,  0.0000 ,  0.0000 ,  0.0000 ,  0.0000 ,  0.0000 ,
  0.0000 ,  0.0000 ,  0.0000 ,  0.0000 ,  0.0000 ,  0.0000 ,
  0.0000 ,  0.0000 ,  0.0000 ,  0.0000 ,  0.0000 ,  0.0000 ,
  0.0000 ,  0.0000 ,  0.0000 ,  0.0000 ,  0.0000 ,  0.0000 ,
  0.0000 ,  0.0000 ,  0.0000 ,  0.0000 ,  0.0000 ,  0.0000 ,
  0.0000 ,  0.0000 ,  0.0000 ,  0.0000 ,  0.0000 ,  0.0000 ,
  0.0000 ,  0.0000 ,  0.0000 ,  0.0000 ,  0.0000 ,  0.0000 ,
  0.0000 ,  0.0000 ,  0.0000 ,  0.0000 ,  0.0000 ,  0.0000 ,
  0.0000 ,  0.0000 ,  0.0000 ,  0.0000 ,  0.0000 ,  0.0000 ,
  0.0000 ,  0.0000 ,  0.0000 ,  0.0000 ,  0.0000 ,  0.0000 ,
  0.0000 ,  0.0000 ,  0.0000 ,  0.0000 ,  0.0000 ,  0.0000 ,
  0.0000 ,  0.0000 ,  0.0000 ,  0.0000 ,  0.0000 ,  0.0000 ,
  0.0000 ,  0.0000 ,  0.0000 ,  0.0000 ,  0.0000 ,  0.0000 ,
  0.0000 ,  0.0000 ,  0.0000 ,  0.0000 ,  0.0000 ,  0.0000 ,
  0.0000 ,  0.0000 ,  0.0000 ,  0.0000 ,  0.0000 ,  0.0000 ,
  0.0000 ,  0.0000 ,  0.0000 ,  0.0000 ,  0.0000 ,  0.0000 ,
  0.0000 ,  0.0000 ,  0.0000 ,  0.0000 ,  0.0000 ,  0.0000 ,
  0.0000 ,  0.0000 ,  0.0000 ,  0.0000 ,  0.0000 ,  0.0000 ,
  0.0000 ,  0.0000 ,  0.0000 ,  0.0000 ,  0.0000 ,  0.0000 ,
  0.0000 ,  0.0000 ,  0.0000 ,  0.0000 ,  0.0000 ,  0.0000 ,
  0.0000 ,  0.0000 ,  0.0000 ,  0.0000 ,  0.0000 ,  0.0000 ,
  0.0000 ,  0.0000 ,  0.0000 ,  0.0000 ,  0.0000 ,  0.0000 ,
  0.0000 ,  0.0000 ,  0.0000 ,  0.0000 ,  0.0000 ,  0.0000 ,
  0.0000 ,  0.0000 ,  0.0000 ,  0.0000 ,  0.0000 ,  0.0000 ,
  0.0000 ,  0.0000 ,  0.0000 ,  0.0000 ,  0.0000 ,  0.0000 ,
  0.0000 ,  0.0000 ,  0.0000 ,  0.0000 ,  0.0000 ,  0.0000 ,
  0.0000 ,  0.0000 ,  0.0000 ,  0.0000 ,  0.0000 ,  0.0000 ,
  0.0000 ,  0.0000 ,  0.0000 ,  0.0000 ,  0.0000 ,  0.0000 ,
  0.0000 ,  0.0000 ,  0.0000 ,  0.0000 ,  0.0000 ,  0.0000 ,
  0.0000 ,  0.0000 ,  0.0000 ,  0.0000 ,  0.0000 ,  0.0000 ,
  0.0000 ,  0.0000 ,  0.0000 ,  0.0000 ,  0.0000 ,  0.0000 ,
  0.0000 ,  0.0000 ,  0.0000 ,  0.0000 ,  0.0000 ,  0.0000 ,
  0.0000 ,  0.0000 ,  0.0000 ,  0.0000 ,  0.0000 ,  0.0000 ,
  0.0000 ,  0.0000 ,  0.0000 ,  0.0000 ,  0.0000 ,  0.0000 ,
  0.0000 ,  0.0000 ,  0.0000 ,  0.0000 ,  0.0000 ,  0.0000 ,
  0.0000 ,  0.0000 ,  0.0000 ,  0.0000 ,  0.0000 ,  0.0000 ,
  0.0000 ,  0.0000 ,  0.0000 ,  0.0000 ,  0.0000 ,  0.0000 ,
  0.0000 ,  0.0000 ,  0.0000 ,  0.0000 ,  0.0000 ,  0.0000 ,
  0.0000 ,  0.0000 ,  0.0000 ,  0.0000 ,  0.0000 ,  0.0000 ,
  0.0000 ,  0.0000 ,  0.0000 ,  0.0000 ,  0.0000 ,  0.0000 ,
  0.0000 ,  0.0000 ,  0.0000 ,  0.0000 ,  0.0000 ,  0.0000 ,
  0.0000 ,  0.0000 ,  0.0000 ,  0.0000 ,  0.0000 ,  0.0000 ,
  0.0000 ,  0.0000 ,  0.0000 ,  0.0000 ,  0.0000 ,  0.0000 ,
  0.0000 ,  0.0000 ,  0.0000 ,  0.0000 ,  0.0000 ,  0.0000 ,
  0.0000 ,  0.0000 ,  0.0000 ,  0.0000 ,  0.0000 ,  0.0000 ,
  0.0000 ,  0.0000 ,  0.0000 ,  0.0000 ,  0.0000 ,  0.0000 ,
  0.0000 ,  0.0000 ,  0.0000 ,  0.0000 ,  0.0000 ,  0.0000 ,
  0.0000 ,  0.0000 ,  0.0000 ,  0.0000 ,  0.0000 ,  0.0000 ,
  0.0000 ,  0.0000 ,  0.0000 ,  0.0000 ,  0.0000 ,  0.0000 ,
  0.0000 ,  0.0000 ,  0.0000 ,  0.0000 ,  0.0000 ,  0.0000 ,
  0.0000 ,  0.0000 ,  0.0000 ,  0.0000 ,  0.0000 ,  0.0000 ,
  0.0000 ,  0.0000 ,  0.0000 ,  0.0000 ,  0.0000 ,  0.0000 ,
  0.0000 ,  0.0000 ,  0.0000 ,  0.0000 ,  0.0000 ,  0.0000 ,
  0.0000 ,  0.0000 ,  0.0000 ,  0.0000 ,  0.0000 ,  0.0000 ,
  0.0000 ,  0.0000 ,  0.0000 ,  0.0000 ,  0.0000 ,  0.0000 ,
  0.0000 ,  0.0000 ,  0.0000 ,  0.0000 ,  0.0000 ,  0.0000 ,
  0.0000 ,  0.0000 ,  0.0000 ,  0.0000 ,  0.0000 ,  0.0000 ,
  0.0000 ,  0.0000 ,  0.0000 ,  0.0000 ,  0.0000 ,  0.0000 ,
  0.0000 ,  0.0000 ,  0.0000 ,  0.0000 ,  0.0000 ,  0.0000 ,
  0.0000 ,  0.0000 ,  0.0000 ,  0.0000 ,  0.0000 ,  0.0000 ,
  0.0000 ,  0.0000 ,  0.0000 ,  0.0000 ,  0.0000 ,  0.0000 ,
  0.0000 ,  0.0000 ,  0.0000 ,  0.0000 ,  0.0000 ,  0.0000 ,
  0.0000 ,  0.0000 ,  0.0000 ,  0.0000 ,  0.0000 ,  0.0000 ,
  0.0000 ,  0.0000 ,  0.0000 ,  0.0000 ,  0.0000 ,  0.0000 ,
  0.0000 ,  0.0000 ,  0.0000 ,  0.0000 ,  0.0000 ,  0.0000 ,
  0.0000 ,  0.0000 ,  0.0000 ,  0.0000 ,  0.0000 ,  0.0000 ,
  0.0000 ,  0.0000 ,  0.0000 ,  0.0000 ,  0.0000 ,  0.0000 ,
  0.0000 ,  0.0000 ,  0.0000 ,  0.0000 ,  0.0000 ,  0.0000 ,
  0.0000 ,  0.0000 ,  0.0000 ,  0.0000 ,  0.0000 ,  0.0000 ,
  0.0000 ,  0.0000 ,  0.0000 ,  0.0000 ,  0.0000 ,  0.0000 ,
  0.0000 ,  0.0000 ,  0.0000 ,  0.0000 ,  0.0000 ,  0.0000 ,
  0.0000 ,  0.0000 ,  0.0000 ,  0.0000 ,  0.0000 ,  0.0000 ,
  0.0000 ,  0.0000 ,  0.0000 ,  0.0000 ,  0.0000 ,  0.0000 ,
  0.0000 ,  0.0000 ,  0.0000 ,  0.0000 ,  0.0000 ,  0.0000 ,
  0.0000 ,  0.0000 ,  0.0000 ,  0.0000 ,  0.0000 ,  0.0000 ,
  0.0000 ,  0.0000 ,  0.0000 ,  0.0000 ,  0.0000 ,  0.0000 ,
  0.0000 ,  0.0000 ,  0.0000 ,  0.0000 ,  0.0000 ,  0.0000 ,
  0.0000 ,  0.0000 ,  0.0000 ,  0.0000 ,  0.0000 ,  0.0000 ,
  0.0000 ,  0.0000 ,  0.0000 ,  0.0000 ,  0.0000 ,  0.0000 ,
  0.0000 ,  0.0000 ,  0.0000 ,  0.0000 ,  0.0000 ,  0.0000 ,
  0.0000 ,  0.0000 ,  0.0000 ,  0.0000 ,  0.0000 ,  0.0000 ,
  0.0000 ,  0.0000 ,  0.0000 ,  0.0000 ,  0.0000 ,  0.0000 ,
  0.0000 ,  0.0000 ,  0.0000 ,  0.0000 ,  0.0000 ,  0.0000 ,
  0.0000 ,  0.0000 ,  0.0000 ,  0.0000 ,  0.0000 ,  0.0000 ,
  0.0000 ,  0.0000 ,  0.0000 ,  0.0000 ,  0.0000 ,  0.0000 ,
  0.0000 ,  0.0000 ,  0.0000 ,  0.0000 ,  0.0000 ,  0.0000 ,
  0.0000 ,  0.0000 ,  0.0000 ,  0.0000 ,  0.0000 ,  0.0000 ,
  0.0000 ,  0.0000 ,  0.0000 ,  0.0000 ,  0.0000 ,  0.0000 ,
  0.0000 ,  0.0000 ,  0.0000 ,  0.0000 ,  0.0000 ,  0.0000 ,
  0.0000 ,  0.0000 ,  0.0000 ,  0.0000 ,  0.0000 ,  0.0000 ,
  0.0000 ,  0.0000 ,  0.0000 ,  0.0000 ,  0.0000 ,  0.0000 ,
  0.0000 ,  0.0000 ,  0.0000 ,  0.0000 ,  0.0000 ,  0.0000 ,
  0.0000 ,  0.0000 ,  0.0000 ,  0.0000 ,  0.0000 ,  0.0000 ,
  0.0000 ,  0.0000 ,  0.0000 ,  0.0000 ,  0.0000 ,  0.0000 ,
  0.0000 ,  0.0000 ,  0.0000 ,  0.0000 ,  0.0000 ,  0.0000 ,
  0.0000 ,  0.0000 ,  0.0000 ,  0.0000 ,  0.0000 ,  0.0000 ,
  0.0000 ,  0.0000 ,  0.0000 ,  0.0000 ,  0.0000 ,  0.0000 ,
  0.0000 ,  0.0000 ,  0.0000 ,  0.0000 ,  0.0000 ,  0.0000 ,
  0.0000 ,  0.0000 ,  0.0000 ,  0.0000 ,  0.0000 ,  0.0000 ,
  0.0000 ,  0.0000 ,  0.0000 ,  0.0000 ,  0.0000 ,  0.0000 ,
  0.0000 ,  0.0000 ,  0.0000 ,  0.0000 ,  0.0000 ,  0.0000 ,
  0.0000 ,  0.0000 ,  0.0000 ,  0.0000 ,  0.0000 ,  0.0000 ,
  0.0000 ,  0.0000 ,  0.0000 ,  0.0000 ,  0.0000 ,  0.0000 ,
  0.0000 ,  0.0000 ,  0.0000 ,  0.0000 ,  0.0000 ,  0.0000 ,
  0.0000 ,  0.0000 ,  0.0000 ,  0.0000 ,  0.0000 ,  0.0000 ,
  0.0000 ,  0.0000 ,  0.0000 ,  0.0000 ,  0.0000 ,  0.0000 ,
  0.0000 ,  0.0000 ,  0.0000 ,  0.0000 ,  0.0000 ,  0.0000 ,
  0.0000 ,  0.0000 ,  0.0000 ,  0.0000 ,  0.0000 ,  0.0000 ,
  0.0000 ,  0.0000 ,  0.0000 ,  0.0000 ,  0.0000 ,  0.0000 ,
  0.0000 ,  0.0000 ,  0.0000 ,  0.0000 ,  0.0000 ,  0.0000 ,
  0.0000 ,  0.0000 ,  0.0000 ,  0.0000 ,  0.0000 ,  0.0000 ,
  0.0000 ,  0.0000 ,  0.0000 ,  0.0000 ,  0.0000 ,  0.0000 ,
  0.0000 ,  0.0000 ,  0.0000 ,  0.0000 ,  0.0000 ,  0.0000 ,
  0.0000 ,  0.0000 ,  0.0000 ,  0.0000 ,  0.0000 ,  0.0000 ,
  0.0000 ,  0.0000 ,  0.0000 ,  0.0000 ,  0.0000 ,  0.0000 ,
  0.0000 ,  0.0000 ,  0.0000 ,  0.0000 ,  0.0000 ,  0.0000 ,
  0.0000 ,  0.0000 ,  0.0000 ,  0.0000 ,  0.0000 ,  0.0000 ,
  0.0000 ,  0.0000 ,  0.0000 ,  0.0000 ,  0.0000 ,  0.0000 ,
  0.0000 ,  0.0000 ,  0.0000 ,  0.0000 ,  0.0000 ,  0.0000 ,
  0.0000 ,  0.0000 ,  0.0000 ,  0.0000 ,  0.0000 ,  0.0000 ,
  0.0000 ,  0.0000 ,  0.0000 ,  0.0000 ,  0.0000 ,  0.0000 ,
  0.0000 ,  0.0000 ,  0.0000 ,  0.0000 ,  0.0000 ,  0.0000 ,
  0.0000 ,  0.0000 ,  0.0000 ,  0.0000 ,  0.0000 ,  0.0000 ,
  0.0000 ,  0.0000 ,  0.0000 ,  0.0000 ,  0.0000 ,  0.0000 ,
  0.0000 ,  0.0000 ,  0.0000 ,  0.0000 ,  0.0000 ,  0.0000 ,
  0.0000 ,  0.0000 ,  0.0000 ,  0.0000 ,  0.0000 ,  0.0000 ,
  0.0000 ,  0.0000 ,  0.0000 ,  0.0000 ,  0.0000 ,  0.0000 ,
  0.0000 ,  0.0000 ,  0.0000 ,  0.0000 ,  0.0000 ,  0.0000 ,
  0.0000 ,  0.0000 ,  0.0000 ,  0.0000 ,  0.0000 ,  0.0000 ,
  0.0000 ,  0.0000 ,  0.0000 ,  0.0000 ,  0.0000 ,  0.0000 ,
  0.0000 ,  0.0000 ,  0.0000 ,  0.0000 ,  0.0000 ,  0.0000 ,
  0.0000 ,  0.0000 ,  0.0000 ,  0.0000 ,  0.0000 ,  0.0000 ,
  0.0000 ,  0.0000 ,  0.0000 ,  0.0000 ,  0.0000 ,  0.0000 ,
  0.0000 ,  0.0000 ,  0.0000 ,  0.0000 ,  0.0000 ,  0.0000 ,
  0.0000 ,  0.0000 ,  0.0000 ,  0.0000 ,  0.0000 ,  0.0000 ,
  0.0000 ,  0.0000 ,  0.0000 ,  0.0000 ,  0.0000 ,  0.0000 ,
  0.0000 ,  0.0000 ,  0.0000 ,  0.0000 ,  0.0000 ,  0.0000 ,
  0.0000 ,  0.0000 ,  0.0000 ,  0.0000 ,  0.0000 ,  0.0000 ,
  0.0000 ,  0.0000 ,  0.0000 ,  0.0000 ,  0.0000 ,  0.0000 ,
  0.0000 ,  0.0000 ,  0.0000 ,  0.0000 ,  0.0000 ,  0.0000 ,
  0.0000 ,  0.0000 ,  0.0000 ,  0.0000 ,  0.0000 ,  0.0000 ,
  0.0000 ,  0.0000 ,  0.0000 ,  0.0000 ,  0.0000 ,  0.0000 ,
  0.0000 ,  0.0000 ,  0.0000 ,  0.0000 ,  0.0000 ,  0.0000 ,
  0.0000 ,  0.0000 ,  0.0000 ,  0.0000 ,  0.0000 ,  0.0000 ,
  0.0000 ,  0.0000 ,  0.0000 ,  0.0000 ,  0.0000 ,  0.0000 ,
  0.0000 ,  0.0000 ,  0.0000 ,  0.0000 ,  0.0000 ,  0.0000 ,
  0.0000 ,  0.0000 ,  0.0000 ,  0.0000 ,  0.0000 ,  0.0000 ,
  0.0000 ,  0.0000 ,  0.0000 ,  0.0000 ,  0.0000 ,  0.0000 ,
  0.0000 ,  0.0000 ,  0.0000 ,  0.0000 ,  0.0000 ,  0.0000 ,
  0.0000 ,  0.0000 ,  0.0000 ,  0.0000 ,  0.0000 ,  0.0000 ,
  0.0000 ,  0.0000 ,  0.0000 ,  0.0000 ,  0.0000 ,  0.0000 ,
  0.0000 ,  0.0000 ,  0.0000 ,  0.0000 ,  0.0000 ,  0.0000 ,
  0.0000 ,  0.0000 ,  0.0000 ,  0.0000 ,  0.0000 ,  0.0000 ,
  0.0000 ,  0.0000 ,  0.0000 ,  0.0000 ,  0.0000 ,  0.0000 ,
  0.0000 ,  0.0000 ,  0.0000 ,  0.0000 ,  0.0000 ,  0.0000 ,
  0.0000 ,  0.0000 ,  0.0000 ,  0.0000 ,  0.0000 ,  0.0000 ,
  0.0000 ,  0.0000 ,  0.0000 ,  0.0000 ,  0.0000 ,  0.0000 ,
  0.0000 ,  0.0000 ,  0.0000 ,  0.0000 ,  0.0000 ,  0.0000 ,
  0.0000 ,  0.0000 ,  0.0000 ,  0.0000 ,  0.0000 ,  0.0000 ,
  0.0000 ,  0.0000 ,  0.0000 ,  0.0000 ,  0.0000 ,  0.0000 ,
  0.0000 ,  0.0000 ,  0.0000 ,  0.0000 ,  0.0000 ,  0.0000 ,
  0.0000 ,  0.0000 ,  0.0000 ,  0.0000 ,  0.0000 ,  0.0000 ,
  0.0000 ,  0.0000 ,  0.0000 ,  0.0000 ,  0.0000 ,  0.0000 ,
  0.0000 ,  0.0000 ,  0.0000 ,  0.0000 ,  0.0000 ,  0.0000 ,
  0.0000 ,  0.0000 ,  0.0000 ,  0.0000 ,  0.0000 ,  0.0000 ,
  0.0000 ,  0.0000 ,  0.0000 ,  0.0000 ,  0.0000 ,  0.0000 ,
  0.0000 ,  0.0000 ,  0.0000 ,  0.0000 ,  0.0000 ,  0.0000 ,
  0.0000 ,  0.0000 ,  0.0000 ,  0.0000 ,  0.0000 ,  0.0000 ,
  0.0000 ,  0.0000 ,  0.0000 ,  0.0000 ,  0.0000 ,  0.0000 ,
  0.0000 ,  0.0000 ,  0.0000 ,  0.0000 ,  0.0000 ,  0.0000 ,
  0.0000 ,  0.0000 ,  0.0000 ,  0.0000 ,  0.0000 ,  0.0000 ,
  0.0000 ,  0.0000 ,  0.0000 ,  0.0000 ,  0.0000 ,  0.0000 ,
  0.0000 ,  0.0000 ,  0.0000 ,  0.0000 ,  0.0000 ,  0.0000 ,
  0.0000 ,  0.0000 ,  0.0000 ,  0.0000 ,  0.0000 ,  0.0000 ,
  0.0000 ,  0.0000 ,  0.0000 ,  0.0000 ,  0.0000 ,  0.0000 ,
  0.0000 ,  0.0000 ,  0.0000 ,  0.0000 ,  0.0000 ,  0.0000 ,
  0.0000 ,  0.0000 ,  0.0000 ,  0.0000 ,  0.0000 ,  0.0000 ,
  0.0000 ,  0.0000 ,  0.0000 ,  0.0000 ,  0.0000 ,  0.0000 ,
  0.0000 ,  0.0000 ,  0.0000 ,  0.0000 ,  0.0000 ,  0.0000 ,
  0.0000 ,  0.0000 ,  0.0000 ,  0.0000 ,  0.0000 ,  0.0000 ,
  0.0000 ,  0.0000 ,  0.0000 ,  0.0000 ,  0.0000 ,  0.0000 ,
  0.0000 ,  0.0000 ,  0.0000 ,  0.0000 ,  0.0000 ,  0.0000 ,
  0.0000 ,  0.0000 ,  0.0000 ,  0.0000 ,  0.0000 ,  0.0000 ,
  0.0000 ,  0.0000 ,  0.0000 ,  0.0000 ,  0.0000 ,  0.0000 ,
  0.0000 ,  0.0000 ,  0.0000 ,  0.0000 ,  0.0000 ,  0.0000 ,
  0.0000 ,  0.0000 ,  0.0000 ,  0.0000 ,  0.0000 ,  0.0000 ,
  0.0000 ,  0.0000 ,  0.0000 ,  0.0000 ,  0.0000 ,  0.0000 ,
  0.0000 ,  0.0000 ,  0.0000 ,  0.0000 ,  0.0000 ,  0.0000 ,
  0.0000 ,  0.0000 ,  0.0000 ,  0.0000 ,  0.0000 ,  0.0000 ,
  0.0000 ,  0.0000 ,  0.0000 ,  0.0000 ,  0.0000 ,  0.0000 ,
  0.0000 ,  0.0000 ,  0.0000 ,  0.0000 ,  0.0000 ,  0.0000 ,
  0.0000 ,  0.0000 ,  0.0000 ,  0.0000 ,  0.0000 ,  0.0000 ,
  0.0000 ,  0.0000 ,  0.0000 ,  0.0000 ,  0.0000 ,  0.0000 ,
  0.0000 ,  0.0000 ,  0.0000 ,  0.0000 ,  0.0000 ,  0.0000 ,
  0.0000 ,  0.0000 ,  0.0000 ,  0.0000 ,  0.0000 ,  0.0000 ,
  0.0000 ,  0.0000 ,  0.0000 ,  0.0000 ,  0.0000 ,  0.0000 ,
  0.0000 ,  0.0000 ,  0.0000 ,  0.0000 ,  0.0000 ,  0.0000 ,
  0.0000 ,  0.0000 ,  0.0000 ,  0.0000 ,  0.0000 ,  0.0000 ,
  0.0000 ,  0.0000 ,  0.0000 ,  0.0000 ,  0.0000 ,  0.0000 ,
  0.0000 ,  0.0000 ,  0.0000 ,  0.0000 ,  0.0000 ,  0.0000 ,
  0.0000 ,  0.0000 ,  0.0000 ,  0.0000 ,  0.0000 ,  0.0000 ,
  0.0000 ,  0.0000 ,  0.0000 ,  0.0000 ,  0.0000 ,  0.0000 ,
  0.0000 ,  0.0000 ,  0.0000 ,  0.0000 ,  0.0000 ,  0.0000 ,
  0.0000 ,  0.0000 ,  0.0000 ,  0.0000 ,  0.0000 ,  0.0000 ,
  0.0000 ,  0.0000 ,  0.0000 ,  0.0000 ,  0.0000 ,  0.0000 ,
  0.0000 ,  0.0000 ,  0.0000 ,  0.0000 ,  0.0000 ,  0.0000 ,
  0.0000 ,  0.0000 ,  0.0000 ,  0.0000 ,  0.0000 ,  0.0000 ,
  0.0000 ,  0.0000 ,  0.0000 ,  0.0000 ,  0.0000 ,  0.0000 ,
  0.0000 ,  0.0000 ,  0.0000 ,  0.0000 ,  0.0000 ,  0.0000 ,
  0.0000 ,  0.0000 ,  0.0000 ,  0.0000 ,  0.0000 ,  0.0000 ,
  0.0000 ,  0.0000 ,  0.0000 ,  0.0000 ,  0.0000 ,  0.0000 ,
  0.0000 ,  0.0000 ,  0.0000 ,  0.0000 ,  0.0000 ,  0.0000 ,
  0.0000 ,  0.0000 ,  0.0000 ,  0.0000 ,  0.0000 ,  0.0000 ,
  0.0000 ,  0.0000 ,  0.0000 ,  0.0000 ,  0.0000 ,  0.0000 ,
  0.0000 ,  0.0000 ,  0.0000 ,  0.0000 ,  0.0000 ,  0.0000 ,
  0.0000 ,  0.0000 ,  0.0000 ,  0.0000 ,  0.0000 ,  0.0000 ,
  0.0000 ,  0.0000 ,  0.0000 ,  0.0000 ,  0.0000 ,  0.0000 ,
  0.0000 ,  0.0000 ,  0.0000 ,  0.0000 ,  0.0000 ,  0.0000 ,
  0.0000 ,  0.0000 ,  0.0000 ,  0.0000 ,  0.0000 ,  0.0000 ,
  0.0000 ,  0.0000 ,  0.0000 ,  0.0000 ,  0.0000 ,  0.0000 ,
  0.0000 ,  0.0000 ,  0.0000 ,  0.0000 ,  0.0000 ,  0.0000 ,
  0.0000 ,  0.0000 ,  0.0000 ,  0.0000 ,  0.0000 ,  0.0000 ,
  0.0000 ,  0.0000 ,  0.0000 ,  0.0000 ,  0.0000 ,  0.0000 ,
  0.0000 ,  0.0000 ,  0.0000 ,  0.0000 ,  0.0000 ,  0.0000 ,
  0.0000 ,  0.0000 ,  0.0000 ,  0.0000 ,  0.0000 ,  0.0000 ,
  0.0000 ,  0.0000 ,  0.0000 ,  0.0000 ,  0.0000 ,  0.0000 ,
  0.0000 ,  0.0000 ,  0.0000 ,  0.0000 ,  0.0000 ,  0.0000 ,
  0.0000 ,  0.0000 ,  0.0000 ,  0.0000 ,  0.0000 ,  0.0000 ,
  0.0000 ,  0.0000 ,  0.0000 ,  0.0000 ,  0.0000 ,  0.0000 ,
  0.0000 ,  0.0000 ,  0.0000 ,  0.0000 ,  0.0000 ,  0.0000 ,
  0.0000 ,  0.0000 ,  0.0000 ,  0.0000 ,  0.0000 ,  0.0000 ,
  0.0000 ,  0.0000 ,  0.0000 ,  0.0000 ,  0.0000 ,  0.0000 ,
  0.0000 ,  0.0000 ,  0.0000 ,  0.0000 ,  0.0000 ,  0.0000 ,
  0.0000 ,  0.0000 ,  0.0000 ,  0.0000 ,  0.0000 ,  0.0000 ,
  0.0000 ,  0.0000 ,  0.0000 ,  0.0000 ,  0.0000 ,  0.0000 ,
  0.0000 ,  0.0000 ,  0.0000 ,  0.0000 ,  0.0000 ,  0.0000 ,
  0.0000 ,  0.0000 ,  0.0000 ,  0.0000 ,  0.0000 ,  0.0000 ,
  0.0000 ,  0.0000 ,  0.0000 ,  0.0000 ,  0.0000 ,  0.0000 ,
  0.0000 ,  0.0000 ,  0.0000 ,  0.0000 ,  0.0000 ,  0.0000 ,
  0.0000 ,  0.0000 ,  0.0000 ,  0.0000 ,  0.0000 ,  0.0000 ,
  0.0000 ,  0.0000 ,  0.0000 ,  0.0000 ,  0.0000 ,  0.0000 ,
  0.0000 ,  0.0000 ,  0.0000 ,  0.0000 ,  0.0000 ,  0.0000 ,
  0.0000 ,  0.0000 ,  0.0000 ,  0.0000 ,  0.0000 ,  0.0000 ,
  0.0000 ,  0.0000 ,  0.0000 ,  0.0000 ,  0.0000 ,  0.0000 ,
  0.0000 ,  0.0000 ,  0.0000 ,  0.0000 ,  0.0000 ,  0.0000 ,
  0.0000 ,  0.0000 ,  0.0000 ,  0.0000 ,  0.0000 ,  0.0000 ,
  0.0000 ,  0.0000 ,  0.0000 ,  0.0000 ,  0.0000 ,  0.0000 ,
  0.0000 ,  0.0000 ,  0.0000 ,  0.0000 ,  0.0000 ,  0.0000 ,
  0.0000 ,  0.0000 ,  0.0000 ,  0.0000 ,  0.0000 ,  0.0000 ,
  0.0000 ,  0.0000 ,  0.0000 ,  0.0000 ,  0.0000 ,  0.0000 ,
  0.0000 ,  0.0000 ,  0.0000 ,  0.0000 ,  0.0000 ,  0.0000 ,
  0.0000 ,  0.0000 ,  0.0000 ,  0.0000 ,  0.0000 ,  0.0000 ,
  0.0000 ,  0.0000 ,  0.0000 ,  0.0000 ,  0.0000 ,  0.0000 ,
  0.0000 ,  0.0000 ,  0.0000 ,  0.0000 ,  0.0000 ,  0.0000 ,
  0.0000 ,  0.0000 ,  0.0000 ,  0.0000 ,  0.0000 ,  0.0000 ,
  0.0000 ,  0.0000 ,  0.0000 ,  0.0000 ,  0.0000 ,  0.0000 ,
  0.0000 ,  0.0000 ,  0.0000 ,  0.0000 ,  0.0000 ,  0.0000 ,
  0.0000 ,  0.0000 ,  0.0000 ,  0.0000 ,  0.0000 ,  0.0000 ,
  0.0000 ,  0.0000 ,  0.0000 ,  0.0000 ,  0.0000 ,  0.0000 ,
  0.0000 ,  0.0000 ,  0.0000 ,  0.0000 ,  0.0000 ,  0.0000 ,
  0.0000 ,  0.0000 ,  0.0000 ,  0.0000 ,  0.0000 ,  0.0000 ,
  0.0000 ,  0.0000 ,  0.0000 ,  0.0000 ,  0.0000 ,  0.0000 ,
  0.0000 ,  0.0000 ,  0.0000 ,  0.0000 ,  0.0000 ,  0.0000 ,
  0.0000 ,  0.0000 ,  0.0000 ,  0.0000 ,  0.0000 ,  0.0000 ,
  0.0000 ,  0.0000 ,  0.0000 ,  0.0000 ,  0.0000 ,  0.0000 ,
  0.0000 ,  0.0000 ,  0.0000 ,  0.0000 ,  0.0000 ,  0.0000 ,
  0.0000 ,  0.0000 ,  0.0000 ,  0.0000 ,  0.0000 ,  0.0000 ,
  0.0000 ,  0.0000 ,  0.0000 ,  0.0000 ,  0.0000 ,  0.0000 ,
  0.0000 ,  0.0000 ,  0.0000 ,  0.0000 ,  0.0000 ,  0.0000 ,
  0.0000 ,  0.0000 ,  0.0000 ,  0.0000 ,  0.0000 ,  0.0000 ,
  0.0000 ,  0.0000 ,  0.0000 ,  0.0000 ,  0.0000 ,  0.0000 ,
  0.0000 ,  0.0000 ,  0.0000 ,  0.0000 ,  0.0000 ,  0.0000 ,
  0.0000 ,  0.0000 ,  0.0000 ,  0.0000 ,  0.0000 ,  0.0000 ,
  0.0000 ,  0.0000 ,  0.0000 ,  0.0000 ,  0.0000 ,  0.0000 ,
  0.0000 ,  0.0000 ,  0.0000 ,  0.0000 ,  0.0000 ,  0.0000 ,
  0.0000 ,  0.0000 ,  0.0000 ,  0.0000 ,  0.0000 ,  0.0000 ,
  0.0000 ,  0.0000 ,  0.0000 ,  0.0000 ,  0.0000 ,  0.0000 ,
  0.0000 ,  0.0000 ,  0.0000 ,  0.0000 ,  0.0000 ,  0.0000 ,
  0.0000 ,  0.0000 ,  0.0000 ,  0.0000 ,  0.0000 ,  0.0000 ,
  0.0000 ,  0.0000 ,  0.0000 ,  0.0000 ,  0.0000 ,  0.0000 ,
  0.0000 ,  0.0000 ,  0.0000 ,  0.0000 ,  0.0000 ,  0.0000 ,
  0.0000 ,  0.0000 ,  0.0000 ,  0.0000 ,  0.0000 ,  0.0000 ,
  0.0000 ,  0.0000 ,  0.0000 ,  0.0000 ,  0.0000 ,  0.0000 ,
  0.0000 ,  0.0000 ,  0.0000 ,  0.0000 ,  0.0000 ,  0.0000 ,
  0.0000 ,  0.0000 ,  0.0000 ,  0.0000 ,  0.0000 ,  0.0000 ,
  0.0000 ,  0.0000 ,  0.0000 ,  0.0000 ,  0.0000 ,  0.0000 ,
  0.0000 ,  0.0000 ,  0.0000 ,  0.0000 ,  0.0000 ,  0.0000 ,
  0.0000 ,  0.0000 ,  0.0000 ,  0.0000 ,  0.0000 ,  0.0000 ,
  0.0000 ,  0.0000 ,  0.0000 ,  0.0000 ,  0.0000 ,  0.0000 ,
  0.0000 ,  0.0000 ,  0.0000 ,  0.0000 ,  0.0000 ,  0.0000 ,
  0.0000 ,  0.0000 ,  0.0000 ,  0.0000 ,  0.0000 ,  0.0000 ,
  0.0000 ,  0.0000 ,  0.0000 ,  0.0000 ,  0.0000 ,  0.0000 ,
  0.0000 ,  0.0000 ,  0.0000 ,  0.0000 ,  0.0000 ,  0.0000 ,
  0.0000 ,  0.0000 ,  0.0000 ,  0.0000 ,  0.0000 ,  0.0000 ,
  0.0000 ,  0.0000 ,  0.0000 ,  0.0000 ,  0.0000 ,  0.0000 ,
  0.0000 ,  0.0000 ,  0.0000 ,  0.0000 ,  0.0000 ,  0.0000 ,
  0.0000 ,  0.0000 ,  0.0000 ,  0.0000 ,  0.0000 ,  0.0000 ,
  0.0000 ,  0.0000 ,  0.0000 ,  0.0000 ,  0.0000 ,  0.0000 ,
  0.0000 ,  0.0000 ,  0.0000 ,  0.0000 ,  0.0000 ,  0.0000 ,
  0.0000 ,  0.0000 ,  0.0000 ,  0.0000 ,  0.0000 ,  0.0000 ,
  0.0000 ,  0.0000 ,  0.0000 ,  0.0000 ,  0.0000 ,  0.0000 ,
  0.0000 ,  0.0000 ,  0.0000 ,  0.0000 ,  0.0000 ,  0.0000 ,
  0.0000 ,  0.0000 ,  0.0000 ,  0.0000 ,  0.0000 ,  0.0000 ,
  0.0000 ,  0.0000 ,  0.0000 ,  0.0000 ,  0.0000 ,  0.0000 ,
  0.0000 ,  0.0000 ,  0.0000 ,  0.0000 ,  0.0000 ,  0.0000 ,
  0.0000 ,  0.0000 ,  0.0000 ,  0.0000 ,  0.0000 ,  0.0000 ,
  0.0000 ,  0.0000 ,  0.0000 ,  0.0000 ,  0.0000 ,  0.0000 ,
  0.0000 ,  0.0000 ,  0.0000 ,  0.0000 ,  0.0000 ,  0.0000 ,
  0.0000 ,  0.0000 ,  0.0000 ,  0.0000 ,  0.0000 ,  0.0000 ,
  0.0000 ,  0.0000 ,  0.0000 ,  0.0000 ,  0.0000 ,  0.0000 ,
  0.0000 ,  0.0000 ,  0.0000 ,  0.0000 ,  0.0000 ,  0.0000 ,
  0.0000 ,  0.0000 ,  0.0000 ,  0.0000 ,  0.0000 ,  0.0000 ,
  0.0000 ,  0.0000 ,  0.0000 ,  0.0000 ,  0.0000 ,  0.0000 ,
  0.0000 ,  0.0000 ,  0.0000 ,  0.0000 ,  0.0000 ,  0.0000 ,
  0.0000 ,  0.0000 ,  0.0000 ,  0.0000 ,  0.0000 ,  0.0000 ,
  0.0000 ,  0.0000 ,  0.0000 ,  0.0000 ,  0.0000 ,  0.0000 ,
  0.0000 ,  0.0000 ,  0.0000 ,  0.0000 ,  0.0000 ,  0.0000 ,
  0.0000 ,  0.0000 ,  0.0000 ,  0.0000 ,  0.0000 ,  0.0000 ,
  0.0000 ,  0.0000 ,  0.0000 ,  0.0000 ,  0.0000 ,  0.0000 ,
  0.0000 ,  0.0000 ,  0.0000 ,  0.0000 ,  0.0000 ,  0.0000 ,
  0.0000 ,  0.0000 ,  0.0000 ,  0.0000 ,  0.0000 ,  0.0000 ,
  0.0000 ,  0.0000 ,  0.0000 ,  0.0000 ,  0.0000 ,  0.0000 ,
  0.0000 ,  0.0000 ,  0.0000 ,  0.0000 ,  0.0000 ,  0.0000 ,
  0.0000 ,  0.0000 ,  0.0000 ,  0.0000 ,  0.0000 ,  0.0000 ,
  0.0000 ,  0.0000 ,  0.0000 ,  0.0000 ,  0.0000 ,  0.0000 ,
  0.0000 ,  0.0000 ,  0.0000 ,  0.0000 ,  0.0000 ,  0.0000 ,
  0.0000 ,  0.0000 ,  0.0000 ,  0.0000 ,  0.0000 ,  0.0000 ,
  0.0000 ,  0.0000 ,  0.0000 ,  0.0000 ,  0.0000 ,  0.0000 ,
  0.0000 ,  0.0000 ,  0.0000 ,  0.0000 ,  0.0000 ,  0.0000 ,
  0.0000 ,  0.0000 ,  0.0000 ,  0.0000 ,  0.0000 ,  0.0000 ,
  0.0000 ,  0.0000 ,  0.0000 ,  0.0000 ,  0.0000 ,  0.0000 ,
  0.0000 ,  0.0000 ,  0.0000 ,  0.0000 ,  0.0000 ,  0.0000 ,
  0.0000 ,  0.0000 ,  0.0000 ,  0.0000 ,  0.0000 ,  0.0000 ,
  0.0000 ,  0.0000 ,  0.0000 ,  0.0000 ,  0.0000 ,  0.0000 ,
  0.0000 ,  0.0000 ,  0.0000 ,  0.0000 ,  0.0000 ,  0.0000 ,
  0.0000 ,  0.0000 ,  0.0000 ,  0.0000 ,  0.0000 ,  0.0000 ,
  0.0000 ,  0.0000 ,  0.0000 ,  0.0000 ,  0.0000 ,  0.0000 ,
  0.0000 ,  0.0000 ,  0.0000 ,  0.0000 ,  0.0000 ,  0.0000 ,
  0.0000 ,  0.0000 ,  0.0000 ,  0.0000 ,  0.0000 ,  0.0000 ,
  0.0000 ,  0.0000 ,  0.0000 ,  0.0000 ,  0.0000 ,  0.0000 ,
  0.0000 ,  0.0000 ,  0.0000 ,  0.0000 ,  0.0000 ,  0.0000 ,
  0.0000 ,  0.0000 ,  0.0000 ,  0.0000 ,  0.0000 ,  0.0000 ,
  0.0000 ,  0.0000 ,  0.0000 ,  0.0000 ,  0.0000 ,  0.0000 ,
  0.0000 ,  0.0000 ,  0.0000 ,  0.0000 ,  0.0000 ,  0.0000 ,
  0.0000 ,  0.0000 ,  0.0000 ,  0.0000 ,  0.0000 ,  0.0000 ,
  0.0000 ,  0.0000 ,  0.0000 ,  0.0000 ,  0.0000 ,  0.0000 ,
  0.0000 ,  0.0000 ,  0.0000 ,  0.0000 ,  0.0000 ,  0.0000 ,
  0.0000 ,  0.0000 ,  0.0000 ,  0.0000 ,  0.0000 ,  0.0000 ,
  0.0000 ,  0.0000 ,  0.0000 ,  0.0000 ,  0.0000 ,  0.0000 ,
  0.0000 ,  0.0000 ,  0.0000 ,  0.0000 ,  0.0000 ,  0.0000 ,
  0.0000 ,  0.0000 ,  0.0000 ,  0.0000 ,  0.0000 ,  0.0000 ,
  0.0000 ,  0.0000 ,  0.0000 ,  0.0000 ,  0.0000 ,  0.0000 ,
  0.0000 ,  0.0000 ,  0.0000 ,  0.0000 ,  0.0000 ,  0.0000 ,
  0.0000 ,  0.0000 ,  0.0000 ,  0.0000 ,  0.0000 ,  0.0000 ,
  0.0000 ,  0.0000 ,  0.0000 ,  0.0000 ,  0.0000 ,  0.0000 ,
  0.0000 ,  0.0000 ,  0.0000 ,  0.0000 ,  0.0000 ,  0.0000 ,
  0.0000 ,  0.0000 ,  0.0000 ,  0.0000 ,  0.0000 ,  0.0000 ,
  0.0000 ,  0.0000 ,  0.0000 ,  0.0000 ,  0.0000 ,  0.0000 ,
  0.0000 ,  0.0000 ,  0.0000 ,  0.0000 ,  0.0000 ,  0.0000 ,
  0.0000 ,  0.0000 ,  0.0000 ,  0.0000 ,  0.0000 ,  0.0000 ,
  0.0000 ,  0.0000 ,  0.0000 ,  0.0000 ,  0.0000 ,  0.0000 ,
  0.0000 ,  0.0000 ,  0.0000 ,  0.0000 ,  0.0000 ,  0.0000 ,
  0.0000 ,  0.0000 ,  0.0000 ,  0.0000 ,  0.0000 ,  0.0000 ,
  0.0000 ,  0.0000 ,  0.0000 ,  0.0000 ,  0.0000 ,  0.0000 ,
  0.0000 ,  0.0000 ,  0.0000 ,  0.0000 ,  0.0000 ,  0.0000 ,
  0.0000 ,  0.0000 ,  0.0000 ,  0.0000 ,  0.0000 ,  0.0000 ,
  0.0000 ,  0.0000 ,  0.0000 ,  0.0000 ,  0.0000 ,  0.0000 ,
  0.0000 ,  0.0000 ,  0.0000 ,  0.0000 ,  0.0000 ,  0.0000 ,
  0.0000 ,  0.0000 ,  0.0000 ,  0.0000 ,  0.0000 ,  0.0000 ,
  0.0000 ,  0.0000 ,  0.0000 ,  0.0000 ,  0.0000 ,  0.0000 ,
  0.0000 ,  0.0000 ,  0.0000 ,  0.0000 ,  0.0000 ,  0.0000 ,
  0.0000 ,  0.0000 ,  0.0000 ,  0.0000 ,  0.0000 ,  0.0000 ,
  0.0000 ,  0.0000 ,  0.0000 ,  0.0000 ,  0.0000 ,  0.0000 ,
  0.0000 ,  0.0000 ,  0.0000 ,  0.0000 ,  0.0000 ,  0.0000 ,
  0.0000 ,  0.0000 ,  0.0000 ,  0.0000 ,  0.0000 ,  0.0000 ,
  0.0000 ,  0.0000 ,  0.0000 ,  0.0000 ,  0.0000 ,  0.0000 ,
  0.0000 ,  0.0000 ,  0.0000 ,  0.0000 ,  0.0000 ,  0.0000 ,
  0.0000 ,  0.0000 ,  0.0000 ,  0.0000 ,  0.0000 ,  0.0000 ,
  0.0000 ,  0.0000 ,  0.0000 ,  0.0000 ,  0.0000 ,  0.0000 ,
  0.0000 ,  0.0000 ,  0.0000 ,  0.0000 ,  0.0000 ,  0.0000 ,
  0.0000 ,  0.0000 ,  0.0000 ,  0.0000 ,  0.0000 ,  0.0000 ,
  0.0000 ,  0.0000 ,  0.0000 ,  0.0000 ,  0.0000 ,  0.0000 ,
  0.0000 ,  0.0000 ,  0.0000 ,  0.0000 ,  0.0000 ,  0.0000 ,
  0.0000 ,  0.0000 ,  0.0000 ,  0.0000 ,  0.0000 ,  0.0000 ,
  0.0000 ,  0.0000 ,  0.0000 ,  0.0000 ,  0.0000 ,  0.0000 ,
  0.0000 ,  0.0000 ,  0.0000 ,  0.0000 ,  0.0000 ,  0.0000 ,
  0.0000 ,  0.0000 ,  0.0000 ,  0.0000 ,  0.0000 ,  0.0000 ,
  0.0000 ,  0.0000 ,  0.0000 ,  0.0000 ,  0.0000 ,  0.0000 ,
  0.0000 ,  0.0000 ,  0.0000 ,  0.0000 ,  0.0000 ,  0.0000 ,
  0.0000 ,  0.0000 ,  0.0000 ,  0.0000 ,  0.0000 ,  0.0000 ,
  0.0000 ,  0.0000 ,  0.0000 ,  0.0000 ,  0.0000 ,  0.0000 ,
  0.0000 ,  0.0000 ,  0.0000 ,  0.0000 ,  0.0000 ,  0.0000 ,
  0.0000 ,  0.0000 ,  0.0000 ,  0.0000 ,  0.0000 ,  0.0000 ,
  0.0000 ,  0.0000 ,  0.0000 ,  0.0000 ,  0.0000 ,  0.0000 ,
  0.0000 ,  0.0000 ,  0.0000 ,  0.0000 ,  0.0000 ,  0.0000 ,
  0.0000 ,  0.0000 ,  0.0000 ,  0.0000 ,  0.0000 ,  0.0000 ,
  0.0000 ,  0.0000 ,  0.0000 ,  0.0000 ,  0.0000 ,  0.0000 ,
  0.0000 ,  0.0000 ,  0.0000 ,  0.0000 ,  0.0000 ,  0.0000 ,
  0.0000 ,  0.0000 ,  0.0000 ,  0.0000 ,  0.0000 ,  0.0000 ,
  0.0000 ,  0.0000 ,  0.0000 ,  0.0000 ,  0.0000 ,  0.0000 ,
  0.0000 ,  0.0000 ,  0.0000 ,  0.0000 ,  0.0000 ,  0.0000 ,
  0.0000 ,  0.0000 ,  0.0000 ,  0.0000 ,  0.0000 ,  0.0000 ,
  0.0000 ,  0.0000 ,  0.0000 ,  0.0000 ,  0.0000 ,  0.0000 ,
  0.0000 ,  0.0000 ,  0.0000 ,  0.0000 ,  0.0000 ,  0.0000 ,
  0.0000 ,  0.0000 ,  0.0000 ,  0.0000 ,  0.0000 ,  0.0000 ,
  0.0000 ,  0.0000 ,  0.0000 ,  0.0000 ,  0.0000 ,  0.0000 ,
  0.0000 ,  0.0000 ,  0.0000 ,  0.0000 ,  0.0000 ,  0.0000 ,
  0.0000 ,  0.0000 ,  0.0000 ,  0.0000 ,  0.0000 ,  0.0000 ,
  0.0000 ,  0.0000 ,  0.0000 ,  0.0000 ,  0.0000 ,  0.0000 ,
  0.0000 ,  0.0000 ,  0.0000 ,  0.0000 ,  0.0000 ,  0.0000 ,
  0.0000 ,  0.0000 ,  0.0000 ,  0.0000 ,  0.0000 ,  0.0000 ,
  0.0000 ,  0.0000 ,  0.0000 ,  0.0000 ,  0.0000 ,  0.0000 ,
  0.0000 ,  0.0000 ,  0.0000 ,  0.0000 ,  0.0000 ,  0.0000 ,
  0.0000 ,  0.0000 ,  0.0000 ,  0.0000 ,  0.0000 ,  0.0000 ,
  0.0000 ,  0.0000 ,  0.0000 ,  0.0000 ,  0.0000 ,  0.0000 ,
  0.0000 ,  0.0000 ,  0.0000 ,  0.0000 ,  0.0000 ,  0.0000 ,
  0.0000 ,  0.0000 ,  0.0000 ,  0.0000 ,  0.0000 ,  0.0000 ,
  0.0000 ,  0.0000 ,  0.0000 ,  0.0000 ,  0.0000 ,  0.0000 ,
  0.0000 ,  0.0000 ,  0.0000 ,  0.0000 ,  0.0000 ,  0.0000 ,
  0.0000 ,  0.0000 ,  0.0000 ,  0.0000 ,  0.0000 ,  0.0000 ,
  0.0000 ,  0.0000 ,  0.0000 ,  0.0000 ,  0.0000 ,  0.0000 ,
  0.0000 ,  0.0000 ,  0.0000 ,  0.0000 ,  0.0000 ,  0.0000 ,
  0.0000 ,  0.0000 ,  0.0000 ,  0.0000 ,  0.0000 ,  0.0000 ,
  0.0000 ,  0.0000 ,  0.0000 ,  0.0000 ,  0.0000 ,  0.0000 ,
  0.0000 ,  0.0000 ,  0.0000 ,  0.0000 ,  0.0000 ,  0.0000 ,
  0.0000 ,  0.0000 ,  0.0000 ,  0.0000 ,  0.0000 ,  0.0000 ,
  0.0000 ,  0.0000 ,  0.0000 ,  0.0000 ,  0.0000 ,  0.0000 ,
  0.0000 ,  0.0000 ,  0.0000 ,  0.0000 ,  0.0000 ,  0.0000 ,
  0.0000 ,  0.0000 ,  0.0000 ,  0.0000 ,  0.0000 ,  0.0000 ,
  0.0000 ,  0.0000 ,  0.0000 ,  0.0000 ,  0.0000 ,  0.0000 ,
  0.0000 ,  0.0000 ,  0.0000 ,  0.0000 ,  0.0000 ,  0.0000 ,
  0.0000 ,  0.0000 ,  0.0000 ,  0.0000 ,  0.0000 ,  0.0000 ,
  0.0000 ,  0.0000 ,  0.0000 ,  0.0000 ,  0.0000 ,  0.0000 ,
  0.0000 ,  0.0000 ,  0.0000 ,  0.0000 ,  0.0000 ,  0.0000 ,
  0.0000 ,  0.0000 ,  0.0000 ,  0.0000 ,  0.0000 ,  0.0000 ,
  0.0000 ,  0.0000 ,  0.0000 ,  0.0000 ,  0.0000 ,  0.0000 ,
  0.0000 ,  0.0000 ,  0.0000 ,  0.0000 ,  0.0000 ,  0.0000 ,
  0.0000 ,  0.0000 ,  0.0000 ,  0.0000 ,  0.0000 ,  0.0000 ,
  0.0000 ,  0.0000 ,  0.0000 ,  0.0000 ,  0.0000 ,  0.0000 ,
  0.0000 ,  0.0000 ,  0.0000 ,  0.0000 ,  0.0000 ,  0.0000 ,
  0.0000 ,  0.0000 ,  0.0000 ,  0.0000 ,  0.0000 ,  0.0000 ,
  0.0000 ,  0.0000 ,  0.0000 ,  0.0000 ,  0.0000 ,  0.0000 ,
  0.0000 ,  0.0000 ,  0.0000 ,  0.0000 ,  0.0000 ,  0.0000 ,
  0.0000 ,  0.0000 ,  0.0000 ,  0.0000 ,  0.0000 ,  0.0000 ,
  0.0000 ,  0.0000 ,  0.0000 ,  0.0000 ,  0.0000 ,  0.0000 ,
  0.0000 ,  0.0000 ,  0.0000 ,  0.0000 ,  0.0000 ,  0.0000 ,
  0.0000 ,  0.0000 ,  0.0000 ,  0.0000 ,  0.0000 ,  0.0000 ,
  0.0000 ,  0.0000 ,  0.0000 ,  0.0000 ,  0.0000 ,  0.0000 ,
  0.0000 ,  0.0000 ,  0.0000 ,  0.0000 ,  0.0000 ,  0.0000 ,
  0.0000 ,  0.0000 ,  0.0000 ,  0.0000 ,  0.0000 ,  0.0000 ,
  0.0000 ,  0.0000 ,  0.0000 ,  0.0000 ,  0.0000 ,  0.0000 ,
  0.0000 ,  0.0000 ,  0.0000 ,  0.0000 ,  0.0000 ,  0.0000 ,
  0.0000 ,  0.0000 ,  0.0000 ,  0.0000 ,  0.0000 ,  0.0000 ,
  0.0000 ,  0.0000 ,  0.0000 ,  0.0000 ,  0.0000 ,  0.0000 ,
  0.0000 ,  0.0000 ,  0.0000 ,  0.0000 ,  0.0000 ,  0.0000 ,
  0.0000 ,  0.0000 ,  0.0000 ,  0.0000 ,  0.0000 ,  0.0000 ,
  0.0000 ,  0.0000 ,  0.0000 ,  0.0000 ,  0.0000 ,  0.0000 ,
  0.0000 ,  0.0000 ,  0.0000 ,  0.0000 ,  0.0000 ,  0.0000 ,
  0.0000 ,  0.0000 ,  0.0000 ,  0.0000 ,  0.0000 ,  0.0000 ,
  0.0000 ,  0.0000 ,  0.0000 ,  0.0000 ,  0.0000 ,  0.0000 ,
  0.0000 ,  0.0000 ,  0.0000 ,  0.0000 ,  0.0000 ,  0.0000 ,
  0.0000 ,  0.0000 ,  0.0000 ,  0.0000 ,  0.0000 ,  0.0000 ,
  0.0000 ,  0.0000 ,  0.0000 ,  0.0000 ,  0.0000 ,  0.0000 ,
  0.0000 ,  0.0000 ,  0.0000 ,  0.0000 ,  0.0000 ,  0.0000 ,
  0.0000 ,  0.0000 ,  0.0000 ,  0.0000 ,  0.0000 ,  0.0000 ,
  0.0000 ,  0.0000 ,  0.0000 ,  0.0000 ,  0.0000 ,  0.0000 ,
  0.0000 ,  0.0000 ,  0.0000 ,  0.0000 ,  0.0000 ,  0.0000 ,
  0.0000 ,  0.0000 ,  0.0000 ,  0.0000 ,  0.0000 ,  0.0000 ,
  0.0000 ,  0.0000 ,  0.0000 ,  0.0000 ,  0.0000 ,  0.0000 ,
  0.0000 ,  0.0000 ,  0.0000 ,  0.0000 ,  0.0000 ,  0.0000 ,
  0.0000 ,  0.0000 ,  0.0000 ,  0.0000 ,  0.0000 ,  0.0000 ,
  0.0000 ,  0.0000 ,  0.0000 ,  0.0000 ,  0.0000 ,  0.0000 ,
  0.0000 ,  0.0000 ,  0.0000 ,  0.0000 ,  0.0000 ,  0.0000 ,
  0.0000 ,  0.0000 ,  0.0000 ,  0.0000 ,  0.0000 ,  0.0000 ,
  0.0000 ,  0.0000 ,  0.0000 ,  0.0000 ,  0.0000 ,  0.0000 ,
  0.0000 ,  0.0000 ,  0.0000 ,  0.0000 ,  0.0000 ,  0.0000 ,
  0.0000 ,  0.0000 ,  0.0000 ,  0.0000 ,  0.0000 ,  0.0000 ,
  0.0000 ,  0.0000 ,  0.0000 ,  0.0000 ,  0.0000 ,  0.0000 ,
  0.0000 ,  0.0000 ,  0.0000 ,  0.0000 ,  0.0000 ,  0.0000 ,
  0.0000 ,  0.0000 ,  0.0000 ,  0.0000 ,  0.0000 ,  0.0000 ,
  0.0000 ,  0.0000 ,  0.0000 ,  0.0000 ,  0.0000 ,  0.0000 ,
  0.0000 ,  0.0000 ,  0.0000 ,  0.0000 ,  0.0000 ,  0.0000 ,
  0.0000 ,  0.0000 ,  0.0000 ,  0.0000 ,  0.0000 ,  0.0000 ,
  0.0000 ,  0.0000 ,  0.0000 ,  0.0000 ,  0.0000 ,  0.0000 ,
  0.0000 ,  0.0000 ,  0.0000 ,  0.0000 ,  0.0000 ,  0.0000 ,
  0.0000 ,  0.0000 ,  0.0000 ,  0.0000 ,  0.0000 ,  0.0000 ,
  0.0000 ,  0.0000 ,  0.0000 ,  0.0000 ,  0.0000 ,  0.0000 ,
  0.0000 ,  0.0000 ,  0.0000 ,  0.0000 ,  0.0000 ,  0.0000 ,
  0.0000 ,  0.0000 ,  0.0000 ,  0.0000 ,  0.0000 ,  0.0000 ,
  0.0000 ,  0.0000 ,  0.0000 ,  0.0000 ,  0.0000 ,  0.0000 ,
  0.0000 ,  0.0000 ,  0.0000 ,  0.0000 ,  0.0000 ,  0.0000 ,
  0.0000 ,  0.0000 ,  0.0000 ,  0.0000 ,  0.0000 ,  0.0000 ,
  0.0000 ,  0.0000 ,  0.0000 ,  0.0000 ,  0.0000 ,  0.0000 ,
  0.0000 ,  0.0000 ,  0.0000 ,  0.0000 ,  0.0000 ,  0.0000 ,
  0.0000 ,  0.0000 ,  0.0000 ,  0.0000 ,  0.0000 ,  0.0000 ,
  0.0000 ,  0.0000 ,  0.0000 ,  0.0000 ,  0.0000 ,  0.0000 ,
  0.0000 ,  0.0000 ,  0.0000 ,  0.0000 ,  0.0000 ,  0.0000 ,
  0.0000 ,  0.0000 ,  0.0000 ,  0.0000 ,  0.0000 ,  0.0000 ,
  0.0000 ,  0.0000 ,  0.0000 ,  0.0000 ,  0.0000 ,  0.0000 ,
  0.0000 ,  0.0000 ,  0.0000 ,  0.0000 ,  0.0000 ,  0.0000 ,
  0.0000 ,  0.0000 ,  0.0000 ,  0.0000 ,  0.0000 ,  0.0000 ,
  0.0000 ,  0.0000 ,  0.0000 ,  0.0000 ,  0.0000 ,  0.0000 ,
  0.0000 ,  0.0000 ,  0.0000 ,  0.0000 ,  0.0000 ,  0.0000 ,
  0.0000 ,  0.0000 ,  0.0000 ,  0.0000 ,  0.0000 ,  0.0000 ,
  0.0000 ,  0.0000 ,  0.0000 ,  0.0000 ,  0.0000 ,  0.0000 ,
  0.0000 ,  0.0000 ,  0.0000 ,  0.0000 ,  0.0000 ,  0.0000 ,
  0.0000 ,  0.0000 ,  0.0000 ,  0.0000 ,  0.0000 ,  0.0000 ,
  0.0000 ,  0.0000 ,  0.0000 ,  0.0000 ,  0.0000 ,  0.0000 ,
  0.0000 ,  0.0000 ,  0.0000 ,  0.0000 ,  0.0000 ,  0.0000 ,
  0.0000 ,  0.0000 ,  0.0000 ,  0.0000 ,  0.0000 ,  0.0000 ,
  0.0000 ,  0.0000 ,  0.0000 ,  0.0000 ,  0.0000 ,  0.0000 ,
  0.0000 ,  0.0000 ,  0.0000 ,  0.0000 ,  0.0000 ,  0.0000 ,
  0.0000 ,  0.0000 ,  0.0000 ,  0.0000 ,  0.0000 ,  0.0000 ,
  0.0000 ,  0.0000 ,  0.0000 ,  0.0000 ,  0.0000 ,  0.0000 ,
  0.0000 ,  0.0000 ,  0.0000 ,  0.0000 ,  0.0000 ,  0.0000 ,
  0.0000 ,  0.0000 ,  0.0000 ,  0.0000 ,  0.0000 ,  0.0000 ,
  0.0000 ,  0.0000 ,  0.0000 ,  0.0000 ,  0.0000 ,  0.0000 ,
  0.0000 ,  0.0000 ,  0.0000 ,  0.0000 ,  0.0000 ,  0.0000 ,
  0.0000 ,  0.0000 ,  0.0000 ,  0.0000 ,  0.0000 ,  0.0000 ,
  0.0000 ,  0.0000 ,  0.0000 ,  0.0000 ,  0.0000 ,  0.0000 ,
  0.0000 ,  0.0000 ,  0.0000 ,  0.0000 ,  0.0000 ,  0.0000 ,
  0.0000 ,  0.0000 ,  0.0000 ,  0.0000 ,  0.0000 ,  0.0000 ,
  0.0000 ,  0.0000 ,  0.0000 ,  0.0000 ,  0.0000 ,  0.0000 ,
  0.0000 ,  0.0000 ,  0.0000 ,  0.0000 ,  0.0000 ,  0.0000 ,
  0.0000 ,  0.0000 ,  0.0000 ,  0.0000 ,  0.0000 ,  0.0000 ,
  0.0000 ,  0.0000 ,  0.0000 ,  0.0000 ,  0.0000 ,  0.0000 ,
  0.0000 ,  0.0000 ,  0.0000 ,  0.0000 ,  0.0000 ,  0.0000 ,
  0.0000 ,  0.0000 ,  0.0000 ,  0.0000 ,  0.0000 ,  0.0000 ,
  0.0000 ,  0.0000 ,  0.0000 ,  0.0000 ,  0.0000 ,  0.0000 ,
  0.0000 ,  0.0000 ,  0.0000 ,  0.0000 ,  0.0000 ,  0.0000 ,
  0.0000 ,  0.0000 ,  0.0000 ,  0.0000 ,  0.0000 ,  0.0000 ,
  0.0000 ,  0.0000 ,  0.0000 ,  0.0000 ,  0.0000 ,  0.0000 ,
  0.0000 ,  0.0000 ,  0.0000 ,  0.0000 ,  0.0000 ,  0.0000 ,
  0.0000 ,  0.0000 ,  0.0000 ,  0.0000 ,  0.0000 ,  0.0000 ,
  0.0000 ,  0.0000 ,  0.0000 ,  0.0000 ,  0.0000 ,  0.0000 ,
  0.0000 ,  0.0000 ,  0.0000 ,  0.0000 ,  0.0000 ,  0.0000 ,
  0.0000 ,  0.0000 ,  0.0000 ,  0.0000 ,  0.0000 ,  0.0000 ,
  0.0000 ,  0.0000 ,  0.0000 ,  0.0000 ,  0.0000 ,  0.0000 ,
  0.0000 ,  0.0000 ,  0.0000 ,  0.0000 ,  0.0000 ,  0.0000 ,
  0.0000 ,  0.0000 ,  0.0000 ,  0.0000 ,  0.0000 ,  0.0000 ,
  0.0000 ,  0.0000 ,  0.0000 ,  0.0000 ,  0.0000 ,  0.0000 ,
  0.0000 ,  0.0000 ,  0.0000 ,  0.0000 ,  0.0000 ,  0.0000 ,
  0.0000 ,  0.0000 ,  0.0000 ,  0.0000 ,  0.0000 ,  0.0000 ,
  0.0000 ,  0.0000 ,  0.0000 ,  0.0000 ,  0.0000 ,  0.0000 ,
  0.0000 ,  0.0000 ,  0.0000 ,  0.0000 ,  0.0000 ,  0.0000 ,
  0.0000 ,  0.0000 ,  0.0000 ,  0.0000 ,  0.0000 ,  0.0000 ,
  0.0000 ,  0.0000 ,  0.0000 ,  0.0000 ,  0.0000 ,  0.0000 ,
  0.0000 ,  0.0000 ,  0.0000 ,  0.0000 ,  0.0000 ,  0.0000 ,
  0.0000 ,  0.0000 ,  0.0000 ,  0.0000 ,  0.0000 ,  0.0000 ,
  0.0000 ,  0.0000 ,  0.0000 ,  0.0000 ,  0.0000 ,  0.0000 ,
  0.0000 ,  0.0000 ,  0.0000 ,  0.0000 ,  0.0000 ,  0.0000 ,
  0.0000 ,  0.0000 ,  0.0000 ,  0.0000 ,  0.0000 ,  0.0000 ,
  0.0000 ,  0.0000 ,  0.0000 ,  0.0000 ,  0.0000 ,  0.0000 ,
  0.0000 ,  0.0000 ,  0.0000 ,  0.0000 ,  0.0000 ,  0.0000 ,
  0.0000 ,  0.0000 ,  0.0000 ,  0.0000 ,  0.0000 ,  0.0000 ,
  0.0000 ,  0.0000 ,  0.0000 ,  0.0000 ,  0.0000 ,  0.0000 ,
  0.0000 ,  0.0000 ,  0.0000 ,  0.0000 ,  0.0000 ,  0.0000 ,
  0.0000 ,  0.0000 ,  0.0000 ,  0.0000 ,  0.0000 ,  0.0000 ,
  0.0000 ,  0.0000 ,  0.0000 ,  0.0000 ,  0.0000 ,  0.0000 ,
  0.0000 ,  0.0000 ,  0.0000 ,  0.0000 ,  0.0000 ,  0.0000 ,
  0.0000 ,  0.0000 ,  0.0000 ,  0.0000 ,  0.0000 ,  0.0000 ,
  0.0000 ,  0.0000 ,  0.0000 ,  0.0000 ,  0.0000 ,  0.0000 ,
  0.0000 ,  0.0000 ,  0.0000 ,  0.0000 ,  0.0000 ,  0.0000 ,
  0.0000 ,  0.0000 ,  0.0000 ,  0.0000 ,  0.0000 ,  0.0000 ,
  0.0000 ,  0.0000 ,  0.0000 ,  0.0000 ,  0.0000 ,  0.0000 ,
  0.0000 ,  0.0000 ,  0.0000 ,  0.0000 ,  0.0000 ,  0.0000 ,
  0.0000 ,  0.0000 ,  0.0000 ,  0.0000 ,  0.0000 ,  0.0000 ,
  0.0000 ,  0.0000 ,  0.0000 ,  0.0000 ,  0.0000 ,  0.0000 ,
  0.0000 ,  0.0000 ,  0.0000 ,  0.0000 ,  0.0000 ,  0.0000 ,
  0.0000 ,  0.0000 ,  0.0000 ,  0.0000 ,  0.0000 ,  0.0000 ,
  0.0000 ,  0.0000 ,  0.0000 ,  0.0000 ,  0.0000 ,  0.0000 ,
  0.0000 ,  0.0000 ,  0.0000 ,  0.0000 ,  0.0000 ,  0.0000 ,
  0.0000 ,  0.0000 ,  0.0000 ,  0.0000 ,  0.0000 ,  0.0000 ,
  0.0000 ,  0.0000 ,  0.0000 ,  0.0000 ,  0.0000 ,  0.0000 ,
  0.0000 ,  0.0000 ,  0.0000 ,  0.0000 ,  0.0000 ,  0.0000 ,
  0.0000 ,  0.0000 ,  0.0000 ,  0.0000 ,  0.0000 ,  0.0000 ,
  0.0000 ,  0.0000 ,  0.0000 ,  0.0000 ,  0.0000 ,  0.0000 ,
  0.0000 ,  0.0000 ,  0.0000 ,  0.0000 ,  0.0000 ,  0.0000 ,
  0.0000 ,  0.0000 ,  0.0000 ,  0.0000 ,  0.0000 ,  0.0000 ,
  0.0000 ,  0.0000 ,  0.0000 ,  0.0000 ,  0.0000 ,  0.0000 ,
  0.0000 ,  0.0000 ,  0.0000 ,  0.0000 ,  0.0000 ,  0.0000 ,
  0.0000 ,  0.0000 ,  0.0000 ,  0.0000 ,  0.0000 ,  0.0000 ,
  0.0000 ,  0.0000 ,  0.0000 ,  0.0000 ,  0.0000 ,  0.0000 ,
  0.0000 ,  0.0000 ,  0.0000 ,  0.0000 ,  0.0000 ,  0.0000 ,
  0.0000 ,  0.0000 ,  0.0000 ,  0.0000 ,  0.0000 ,  0.0000 ,
  0.0000 ,  0.0000 ,  0.0000 ,  0.0000 ,  0.0000 ,  0.0000 ,
  0.0000 ,  0.0000 ,  0.0000 ,  0.0000 ,  0.0000 ,  0.0000 ,
  0.0000 ,  0.0000 ,  0.0000 ,  0.0000 ,  0.0000 ,  0.0000 ,
  0.0000 ,  0.0000 ,  0.0000 ,  0.0000 ,  0.0000 ,  0.0000 ,
  0.0000 ,  0.0000 ,  0.0000 ,  0.0000 ,  0.0000 ,  0.0000 ,
  0.0000 ,  0.0000 ,  0.0000 ,  0.0000 ,  0.0000 ,  0.0000 ,
  0.0000 ,  0.0000 ,  0.0000 ,  0.0000 ,  0.0000 ,  0.0000 ,
  0.0000 ,  0.0000 ,  0.0000 ,  0.0000 ,  0.0000 ,  0.0000 ,
  0.0000 ,  0.0000 ,  0.0000 ,  0.0000 ,  0.0000 ,  0.0000 ,
  0.0000 ,  0.0000 ,  0.0000 ,  0.0000 ,  0.0000 ,  0.0000 ,
  0.0000 ,  0.0000 ,  0.0000 ,  0.0000 ,  0.0000 ,  0.0000 ,
  0.0000 ,  0.0000 ,  0.0000 ,  0.0000 ,  0.0000 ,  0.0000 ,
  0.0000 ,  0.0000 ,  0.0000 ,  0.0000 ,  0.0000 ,  0.0000 ,
  0.0000 ,  0.0000 ,  0.0000 ,  0.0000 ,  0.0000 ,  0.0000 ,
  0.0000 ,  0.0000 ,  0.0000 ,  0.0000 ,  0.0000 ,  0.0000 ,
  0.0000 ,  0.0000 ,  0.0000 ,  0.0000 ,  0.0000 ,  0.0000 ,
  0.0000 ,  0.0000 ,  0.0000 ,  0.0000 ,  0.0000 ,  0.0000 ,
  0.0000 ,  0.0000 ,  0.0000 ,  0.0000 ,  0.0000 ,  0.0000 ,
  0.0000 ,  0.0000 ,  0.0000 ,  0.0000 ,  0.0000 ,  0.0000 ,
  0.0000 ,  0.0000 ,  0.0000 ,  0.0000 ,  0.0000 ,  0.0000 ,
  0.0000 ,  0.0000 ,  0.0000 ,  0.0000 ,  0.0000 ,  0.0000 ,
  0.0000 ,  0.0000 ,  0.0000 ,  0.0000 ,  0.0000 ,  0.0000 ,
  0.0000 ,  0.0000 ,  0.0000 ,  0.0000 ,  0.0000 ,  0.0000 ,
  0.0000 ,  0.0000 ,  0.0000 ,  0.0000 ,  0.0000 ,  0.0000 ,
  0.0000 ,  0.0000 ,  0.0000 ,  0.0000 ,  0.0000 ,  0.0000 ,
  0.0000 ,  0.0000 ,  0.0000 ,  0.0000 ,  0.0000 ,  0.0000 ,
  0.0000 ,  0.0000 ,  0.0000 ,  0.0000 ,  0.0000 ,  0.0000 ,
  0.0000 ,  0.0000 ,  0.0000 ,  0.0000 ,  0.0000 ,  0.0000 ,
  0.0000 ,  0.0000 ,  0.0000 ,  0.0000 ,  0.0000 ,  0.0000 ,
  0.0000 ,  0.0000 ,  0.0000 ,  0.0000 ,  0.0000 ,  0.0000 ,
  0.0000 ,  0.0000 ,  0.0000 ,  0.0000 ,  0.0000 ,  0.0000 ,
  0.0000 ,  0.0000 ,  0.0000 ,  0.0000 ,  0.0000 ,  0.0000 ,
  0.0000 ,  0.0000 ,  0.0000 ,  0.0000 ,  0.0000 ,  0.0000 ,
  0.0000 ,  0.0000 ,  0.0000 ,  0.0000 ,  0.0000 ,  0.0000 ,
  0.0000 ,  0.0000 ,  0.0000 ,  0.0000 ,  0.0000 ,  0.0000 ,
  0.0000 ,  0.0000 ,  0.0000 ,  0.0000 ,  0.0000 ,  0.0000 ,
  0.0000 ,  0.0000 ,  0.0000 ,  0.0000 ,  0.0000 ,  0.0000 ,
  0.0000 ,  0.0000 ,  0.0000 ,  0.0000 ,  0.0000 ,  0.0000 ,
  0.0000 ,  0.0000 ,  0.0000 ,  0.0000 ,  0.0000 ,  0.0000 ,
  0.0000 ,  0.0000 ,  0.0000 ,  0.0000 ,  0.0000 ,  0.0000 ,
  0.0000 ,  0.0000 ,  0.0000 ,  0.0000 ,  0.0000 ,  0.0000 ,
  0.0000 ,  0.0000 ,  0.0000 ,  0.0000 ,  0.0000 ,  0.0000 ,
  0.0000 ,  0.0000 ,  0.0000 ,  0.0000 ,  0.0000 ,  0.0000 ,
  0.0000 ,  0.0000 ,  0.0000 ,  0.0000 ,  0.0000 ,  0.0000 ,
  0.0000 ,  0.0000 ,  0.0000 ,  0.0000 ,  0.0000 ,  0.0000 ,
  0.0000 ,  0.0000 ,  0.0000 ,  0.0000 ,  0.0000 ,  0.0000 ,
  0.0000 ,  0.0000 ,  0.0000 ,  0.0000 ,  0.0000 ,  0.0000 ,
  0.0000 ,  0.0000 ,  0.0000 ,  0.0000 ,  0.0000 ,  0.0000 ,
  0.0000 ,  0.0000 ,  0.0000 ,  0.0000 ,  0.0000 ,  0.0000 ,
  0.0000 ,  0.0000 ,  0.0000 ,  0.0000 ,  0.0000 ,  0.0000 ,
  0.0000 ,  0.0000 ,  0.0000 ,  0.0000 ,  0.0000 ,  0.0000 ,
  0.0000 ,  0.0000 ,  0.0000 ,  0.0000 ,  0.0000 ,  0.0000 ,
  0.0000 ,  0.0000 ,  0.0000 ,  0.0000 ,  0.0000 ,  0.0000 ,
  0.0000 ,  0.0000 ,  0.0000 ,  0.0000 ,  0.0000 ,  0.0000 ,
  0.0000 ,  0.0000 ,  0.0000 ,  0.0000 ,  0.0000 ,  0.0000 ,
  0.0000 ,  0.0000 ,  0.0000 ,  0.0000 ,  0.0000 ,  0.0000 ,
  0.0000 ,  0.0000 ,  0.0000 ,  0.0000 ,  0.0000 ,  0.0000 ,
  0.0000 ,  0.0000 ,  0.0000 ,  0.0000 ,  0.0000 ,  0.0000 ,
  0.0000 ,  0.0000 ,  0.0000 ,  0.0000 ,  0.0000 ,  0.0000 ,
  0.0000 ,  0.0000 ,  0.0000 ,  0.0000 ,  0.0000 ,  0.0000 ,
  0.0000 ,  0.0000 ,  0.0000 ,  0.0000 ,  0.0000 ,  0.0000 ,
  0.0000 ,  0.0000 ,  0.0000 ,  0.0000 ,  0.0000 ,  0.0000 ,
  0.0000 ,  0.0000 ,  0.0000 ,  0.0000 ,  0.0000 ,  0.0000 ,
  0.0000 ,  0.0000 ,  0.0000 ,  0.0000 ,  0.0000 ,  0.0000 ,
  0.0000 ,  0.0000 ,  0.0000 ,  0.0000 ,  0.0000 ,  0.0000 ,
  0.0000 ,  0.0000 ,  0.0000 ,  0.0000 ,  0.0000 ,  0.0000 ,
  0.0000 ,  0.0000 ,  0.0000 ,  0.0000 ,  0.0000 ,  0.0000 ,
  0.0000 ,  0.0000 ,  0.0000 ,  0.0000 ,  0.0000 ,  0.0000 ,
  0.0000 ,  0.0000 ,  0.0000 ,  0.0000 ,  0.0000 ,  0.0000 ,
  0.0000 ,  0.0000 ,  0.0000 ,  0.0000 ,  0.0000 ,  0.0000 ,
  0.0000 ,  0.0000 ,  0.0000 ,  0.0000 ,  0.0000 ,  0.0000 ,
  0.0000 ,  0.0000 ,  0.0000 ,  0.0000 ,  0.0000 ,  0.0000 ,
  0.0000 ,  0.0000 ,  0.0000 ,  0.0000 ,  0.0000 ,  0.0000 ,
  0.0000 ,  0.0000 ,  0.0000 ,  0.0000 ,  0.0000 ,  0.0000 ,
  0.0000 ,  0.0000 ,  0.0000 ,  0.0000 ,  0.0000 ,  0.0000 ,
  0.0000 ,  0.0000 ,  0.0000 ,  0.0000 ,  0.0000 ,  0.0000 ,
  0.0000 ,  0.0000 ,  0.0000 ,  0.0000 ,  0.0000 ,  0.0000 ,
  0.0000 ,  0.0000 ,  0.0000 ,  0.0000 ,  0.0000 ,  0.0000 ,
  0.0000 ,  0.0000 ,  0.0000 ,  0.0000 ,  0.0000 ,  0.0000 ,
  0.0000 ,  0.0000 ,  0.0000 ,  0.0000 ,  0.0000 ,  0.0000 ,
  0.0000 ,  0.0000 ,  0.0000 ,  0.0000 ,  0.0000 ,  0.0000 ,
  0.0000 ,  0.0000 ,  0.0000 ,  0.0000 ,  0.0000 ,  0.0000 ,
  0.0000 ,  0.0000 ,  0.0000 ,  0.0000 ,  0.0000 ,  0.0000 ,
  0.0000 ,  0.0000 ,  0.0000 ,  0.0000 ,  0.0000 ,  0.0000 ,
  0.0000 ,  0.0000 ,  0.0000 ,  0.0000 ,  0.0000 ,  0.0000 ,
  0.0000 ,  0.0000 ,  0.0000 ,  0.0000 ,  0.0000 ,  0.0000 ,
  0.0000 ,  0.0000 ,  0.0000 ,  0.0000 ,  0.0000 ,  0.0000 ,
  0.0000 ,  0.0000 ,  0.0000 ,  0.0000 ,  0.0000 ,  0.0000 ,
  0.0000 ,  0.0000 ,  0.0000 ,  0.0000 ,  0.0000 ,  0.0000 ,
  0.0000 ,  0.0000 ,  0.0000 ,  0.0000 ,  0.0000 ,  0.0000 ,
  0.0000 ,  0.0000 ,  0.0000 ,  0.0000 ,  0.0000 ,  0.0000 ,
  0.0000 ,  0.0000 ,  0.0000 ,  0.0000 ,  0.0000 ,  0.0000 ,
  0.0000 ,  0.0000 ,  0.0000 ,  0.0000 ,  0.0000 ,  0.0000 ,
  0.0000 ,  0.0000 ,  0.0000 ,  0.0000 ,  0.0000 ,  0.0000 ,
  0.0000 ,  0.0000 ,  0.0000 ,  0.0000 ,  0.0000 ,  0.0000 ,
  0.0000 ,  0.0000 ,  0.0000 ,  0.0000 ,  0.0000 ,  0.0000 ,
  0.0000 ,  0.0000 ,  0.0000 ,  0.0000 ,  0.0000 ,  0.0000 ,
  0.0000 ,  0.0000 ,  0.0000 ,  0.0000 ,  0.0000 ,  0.0000 ,
  0.0000 ,  0.0000 ,  0.0000 ,  0.0000 ,  0.0000 ,  0.0000 ,
  0.0000 ,  0.0000 ,  0.0000 ,  0.0000 ,  0.0000 ,  0.0000 ,
  0.0000 ,  0.0000 ,  0.0000 ,  0.0000 ,  0.0000 ,  0.0000 ,
  0.0000 ,  0.0000 ,  0.0000 ,  0.0000 ,  0.0000 ,  0.0000 ,
  0.0000 ,  0.0000 ,  0.0000 ,  0.0000 ,  0.0000 ,  0.0000 ,
  0.0000 ,  0.0000 ,  0.0000 ,  0.0000 ,  0.0000 ,  0.0000 ,
  0.0000 ,  0.0000 ,  0.0000 ,  0.0000 ,  0.0000 ,  0.0000 ,
  0.0000 ,  0.0000 ,  0.0000 ,  0.0000 ,  0.0000 ,  0.0000 ,
  0.0000 ,  0.0000 ,  0.0000 ,  0.0000 ,  0.0000 ,  0.0000 ,
  0.0000 ,  0.0000 ,  0.0000 ,  0.0000 ,  0.0000 ,  0.0000 ,
  0.0000 ,  0.0000 ,  0.0000 ,  0.0000 ,  0.0000 ,  0.0000 ,
  0.0000 ,  0.0000 ,  0.0000 ,  0.0000 ,  0.0000 ,  0.0000 ,
  0.0000 ,  0.0000 ,  0.0000 ,  0.0000 ,  0.0000 ,  0.0000 ,
  0.0000 ,  0.0000 ,  0.0000 ,  0.0000 ,  0.0000 ,  0.0000 ,
  0.0000 ,  0.0000 ,  0.0000 ,  0.0000 ,  0.0000 ,  0.0000 ,
  0.0000 ,  0.0000 ,  0.0000 ,  0.0000 ,  0.0000 ,  0.0000 ,
  0.0000 ,  0.0000 ,  0.0000 ,  0.0000 ,  0.0000 ,  0.0000 ,
  0.0000 ,  0.0000 ,  0.0000 ,  0.0000 ,  0.0000 ,  0.0000 ,
  0.0000 ,  0.0000 ,  0.0000 ,  0.0000 ,  0.0000 ,  0.0000 ,
  0.0000 ,  0.0000 ,  0.0000 ,  0.0000 ,  0.0000 ,  0.0000 ,
  0.0000 ,  0.0000 ,  0.0000 ,  0.0000 ,  0.0000 ,  0.0000 ,
  0.0000 ,  0.0000 ,  0.0000 ,  0.0000 ,  0.0000 ,  0.0000 ,
  0.0000 ,  0.0000 ,  0.0000 ,  0.0000 ,  0.0000 ,  0.0000 ,
  0.0000 ,  0.0000 ,  0.0000 ,  0.0000 ,  0.0000 ,  0.0000 ,
  0.0000 ,  0.0000 ,  0.0000 ,  0.0000 ,  0.0000 ,  0.0000 ,
  0.0000 ,  0.0000 ,  0.0000 ,  0.0000 ,  0.0000 ,  0.0000 ,
  0.0000 ,  0.0000 ,  0.0000 ,  0.0000 ,  0.0000 ,  0.0000 ,
  0.0000 ,  0.0000 ,  0.0000 ,  0.0000 ,  0.0000 ,  0.0000 ,
  0.0000 ,  0.0000 ,  0.0000 ,  0.0000 ,  0.0000 ,  0.0000 ,
  0.0000 ,  0.0000 ,  0.0000 ,  0.0000 ,  0.0000 ,  0.0000 ,
  0.0000 ,  0.0000 ,  0.0000 ,  0.0000 ,  0.0000 ,  0.0000 ,
  0.0000 ,  0.0000 ,  0.0000 ,  0.0000 ,  0.0000 ,  0.0000 ,
  0.0000 ,  0.0000 ,  0.0000 ,  0.0000 ,  0.0000 ,  0.0000 ,
  0.0000 ,  0.0000 ,  0.0000 ,  0.0000 ,  0.0000 ,  0.0000 ,
  0.0000 ,  0.0000 ,  0.0000 ,  0.0000 ,  0.0000 ,  0.0000 ,
  0.0000 ,  0.0000 ,  0.0000 ,  0.0000 ,  0.0000 ,  0.0000 ,
  0.0000 ,  0.0000 ,  0.0000 ,  0.0000 ,  0.0000 ,  0.0000 ,
  0.0000 ,  0.0000 ,  0.0000 ,  0.0000 ,  0.0000 ,  0.0000 ,
  0.0000 ,  0.0000 ,  0.0000 ,  0.0000 ,  0.0000 ,  0.0000 ,
  0.0000 ,  0.0000 ,  0.0000 ,  0.0000 ,  0.0000 ,  0.0000 ,
  0.0000 ,  0.0000 ,  0.0000 ,  0.0000 ,  0.0000 ,  0.0000 ,
  0.0000 ,  0.0000 ,  0.0000 ,  0.0000 ,  0.0000 ,  0.0000 ,
  0.0000 ,  0.0000 ,  0.0000 ,  0.0000 ,  0.0000 ,  0.0000 ,
  0.0000 ,  0.0000 ,  0.0000 ,  0.0000 ,  0.0000 ,  0.0000 ,
  0.0000 ,  0.0000 ,  0.0000 ,  0.0000 ,  0.0000 ,  0.0000 ,
  0.0000 ,  0.0000 ,  0.0000 ,  0.0000 ,  0.0000 ,  0.0000 ,
  0.0000 ,  0.0000 ,  0.0000 ,  0.0000 ,  0.0000 ,  0.0000 ,
  0.0000 ,  0.0000 ,  0.0000 ,  0.0000 ,  0.0000 ,  0.0000 ,
  0.0000 ,  0.0000 ,  0.0000 ,  0.0000 ,  0.0000 ,  0.0000 ,
  0.0000 ,  0.0000 ,  0.0000 ,  0.0000 ,  0.0000 ,  0.0000 ,
  0.0000 ,  0.0000 ,  0.0000 ,  0.0000 ,  0.0000 ,  0.0000 ,
  0.0000 ,  0.0000 ,  0.0000 ,  0.0000 ,  0.0000 ,  0.0000 ,
  0.0000 ,  0.0000 ,  0.0000 ,  0.0000 ,  0.0000 ,  0.0000 ,
  0.0000 ,  0.0000 ,  0.0000 ,  0.0000 ,  0.0000 ,  0.0000 ,
  0.0000 ,  0.0000 ,  0.0000 ,  0.0000 ,  0.0000 ,  0.0000 ,
  0.0000 ,  0.0000 ,  0.0000 ,  0.0000 ,  0.0000 ,  0.0000 ,
  0.0000 ,  0.0000 ,  0.0000 ,  0.0000 ,  0.0000 ,  0.0000 ,
  0.0000 ,  0.0000 ,  0.0000 ,  0.0000 ,  0.0000 ,  0.0000 ,
  0.0000 ,  0.0000 ,  0.0000 ,  0.0000 ,  0.0000 ,  0.0000 ,
  0.0000 ,  0.0000 ,  0.0000 ,  0.0000 ,  0.0000 ,  0.0000 ,
  0.0000 ,  0.0000 ,  0.0000 ,  0.0000 ,  0.0000 ,  0.0000 ,
  0.0000 ,  0.0000 ,  0.0000 ,  0.0000 ,  0.0000 ,  0.0000 ,
  0.0000 ,  0.0000 ,  0.0000 ,  0.0000 ,  0.0000 ,  0.0000 ,
  0.0000 ,  0.0000 ,  0.0000 ,  0.0000 ,  0.0000 ,  0.0000 ,
  0.0000 ,  0.0000 ,  0.0000 ,  0.0000 ,  0.0000 ,  0.0000 ,
  0.0000 ,  0.0000 ,  0.0000 ,  0.0000 ,  0.0000 ,  0.0000 ,
  0.0000 ,  0.0000 ,  0.0000 ,  0.0000 ,  0.0000 ,  0.0000 ,
  0.0000 ,  0.0000 ,  0.0000 ,  0.0000 ,  0.0000 ,  0.0000 ,
  0.0000 ,  0.0000 ,  0.0000 ,  0.0000 ,  0.0000 ,  0.0000 ,
  0.0000 ,  0.0000 ,  0.0000 ,  0.0000 ,  0.0000 ,  0.0000 ,
  0.0000 ,  0.0000 ,  0.0000 ,  0.0000 ,  0.0000 ,  0.0000 ,
  0.0000 ,  0.0000 ,  0.0000 ,  0.0000 ,  0.0000 ,  0.0000 ,
  0.0000 ,  0.0000 ,  0.0000 ,  0.0000 ,  0.0000 ,  0.0000 ,
  0.0000 ,  0.0000 ,  0.0000 ,  0.0000 ,  0.0000 ,  0.0000 ,
  0.0000 ,  0.0000 ,  0.0000 ,  0.0000 ,  0.0000 ,  0.0000 ,
  0.0000 ,  0.0000 ,  0.0000 ,  0.0000 ,  0.0000 ,  0.0000 ,
  0.0000 ,  0.0000 ,  0.0000 ,  0.0000 ,  0.0000 ,  0.0000 ,
  0.0000 ,  0.0000 ,  0.0000 ,  0.0000 ,  0.0000 ,  0.0000 ,
  0.0000 ,  0.0000 ,  0.0000 ,  0.0000 ,  0.0000 ,  0.0000 ,
  0.0000 ,  0.0000 ,  0.0000 ,  0.0000 ,  0.0000 ,  0.0000 ,
  0.0000 ,  0.0000 ,  0.0000 ,  0.0000 ,  0.0000 ,  0.0000 ,
  0.0000 ,  0.0000 ,  0.0000 ,  0.0000 ,  0.0000 ,  0.0000 ,
  0.0000 ,  0.0000 ,  0.0000 ,  0.0000 ,  0.0000 ,  0.0000 ,
  0.0000 ,  0.0000 ,  0.0000 ,  0.0000 ,  0.0000 ,  0.0000 ,
  0.0000 ,  0.0000 ,  0.0000 ,  0.0000 ,  0.0000 ,  0.0000 ,
  0.0000 ,  0.0000 ,  0.0000 ,  0.0000 ,  0.0000 ,  0.0000 ,
  0.0000 ,  0.0000 ,  0.0000 ,  0.0000 ,  0.0000 ,  0.0000 ,
  0.0000 ,  0.0000 ,  0.0000 ,  0.0000 ,  0.0000 ,  0.0000 ,
  0.0000 ,  0.0000 ,  0.0000 ,  0.0000 ,  0.0000 ,  0.0000 ,
  0.0000 ,  0.0000 ,  0.0000 ,  0.0000 ,  0.0000 ,  0.0000 ,
  0.0000 ,  0.0000 ,  0.0000 ,  0.0000 ,  0.0000 ,  0.0000 ,
  0.0000 ,  0.0000 ,  0.0000 ,  0.0000 ,  0.0000 ,  0.0000 ,
  0.0000 ,  0.0000 ,  0.0000 ,  0.0000 ,  0.0000 ,  0.0000 ,
  0.0000 ,  0.0000 ,  0.0000 ,  0.0000 ,  0.0000 ,  0.0000 ,
  0.0000 ,  0.0000 ,  0.0000 ,  0.0000 ,  0.0000 ,  0.0000 ,
  0.0000 ,  0.0000 ,  0.0000 ,  0.0000 ,  0.0000 ,  0.0000 ,
  0.0000 ,  0.0000 ,  0.0000 ,  0.0000 ,  0.0000 ,  0.0000 ,
  0.0000 ,  0.0000 ,  0.0000 ,  0.0000 ,  0.0000 ,  0.0000 ,
  0.0000 ,  0.0000 ,  0.0000 ,  0.0000 ,  0.0000 ,  0.0000 ,
  0.0000 ,  0.0000 ,  0.0000 ,  0.0000 ,  0.0000 ,  0.0000 ,
  0.0000 ,  0.0000 ,  0.0000 ,  0.0000 ,  0.0000 ,  0.0000 ,
  0.0000 ,  0.0000 ,  0.0000 ,  0.0000 ,  0.0000 ,  0.0000 ,
  0.0000 ,  0.0000 ,  0.0000 ,  0.0000 ,  0.0000 ,  0.0000 ,
  0.0000 ,  0.0000 ,  0.0000 ,  0.0000 ,  0.0000 ,  0.0000 ,
  0.0000 ,  0.0000 ,  0.0000 ,  0.0000 ,  0.0000 ,  0.0000 ,
  0.0000 ,  0.0000 ,  0.0000 ,  0.0000 ,  0.0000 ,  0.0000 ,
  0.0000 ,  0.0000 ,  0.0000 ,  0.0000 ,  0.0000 ,  0.0000 ,
  0.0000 ,  0.0000 ,  0.0000 ,  0.0000 ,  0.0000 ,  0.0000 ,
  0.0000 ,  0.0000 ,  0.0000 ,  0.0000 ,  0.0000 ,  0.0000 ,
  0.0000 ,  0.0000 ,  0.0000 ,  0.0000 ,  0.0000 ,  0.0000 ,
  0.0000 ,  0.0000 ,  0.0000 ,  0.0000 ,  0.0000 ,  0.0000 ,
  0.0000 ,  0.0000 ,  0.0000 ,  0.0000 ,  0.0000 ,  0.0000 ,
  0.0000 ,  0.0000 ,  0.0000 ,  0.0000 ,  0.0000 ,  0.0000 ,
  0.0000 ,  0.0000 ,  0.0000 ,  0.0000 ,  0.0000 ,  0.0000 ,
  0.0000 ,  0.0000 ,  0.0000 ,  0.0000 ,  0.0000 ,  0.0000 ,
  0.0000 ,  0.0000 ,  0.0000 ,  0.0000 ,  0.0000 ,  0.0000 ,
  0.0000 ,  0.0000 ,  0.0000 ,  0.0000 ,  0.0000 ,  0.0000 ,
  0.0000 ,  0.0000 ,  0.0000 ,  0.0000 ,  0.0000 ,  0.0000 ,
  0.0000 ,  0.0000 ,  0.0000 ,  0.0000 ,  0.0000 ,  0.0000 ,
  0.0000 ,  0.0000 ,  0.0000 ,  0.0000 ,  0.0000 ,  0.0000 ,
  0.0000 ,  0.0000 ,  0.0000 ,  0.0000 ,  0.0000 ,  0.0000 ,
  0.0000 ,  0.0000 ,  0.0000 ,  0.0000 ,  0.0000 ,  0.0000 ,
  0.0000 ,  0.0000 ,  0.0000 ,  0.0000 ,  0.0000 ,  0.0000 ,
  0.0000 ,  0.0000 ,  0.0000 ,  0.0000 ,  0.0000 ,  0.0000 ,
  0.0000 ,  0.0000 ,  0.0000 ,  0.0000 ,  0.0000 ,  0.0000 ,
  0.0000 ,  0.0000 ,  0.0000 ,  0.0000 ,  0.0000 ,  0.0000 ,
  0.0000 ,  0.0000 ,  0.0000 ,  0.0000 ,  0.0000 ,  0.0000 ,
  0.0000 ,  0.0000 ,  0.0000 ,  0.0000 ,  0.0000 ,  0.0000 ,
  0.0000 ,  0.0000 ,  0.0000 ,  0.0000 ,  0.0000 ,  0.0000 ,
  0.0000 ,  0.0000 ,  0.0000 ,  0.0000 ,  0.0000 ,  0.0000 ,
  0.0000 ,  0.0000 ,  0.0000 ,  0.0000 ,  0.0000 ,  0.0000 ,
  0.0000 ,  0.0000 ,  0.0000 ,  0.0000 ,  0.0000 ,  0.0000 ,
  0.0000 ,  0.0000 ,  0.0000 ,  0.0000 ,  0.0000 ,  0.0000 ,
  0.0000 ,  0.0000 ,  0.0000 ,  0.0000 ,  0.0000 ,  0.0000 ,
  0.0000 ,  0.0000 ,  0.0000 ,  0.0000 ,  0.0000 ,  0.0000 ,
  0.0000 ,  0.0000 ,  0.0000 ,  0.0000 ,  0.0000 ,  0.0000 ,
  0.0000 ,  0.0000 ,  0.0000 ,  0.0000 ,  0.0000 ,  0.0000 ,
  0.0000 ,  0.0000 ,  0.0000 ,  0.0000 ,  0.0000 ,  0.0000 ,
  0.0000 ,  0.0000 ,  0.0000 ,  0.0000 ,  0.0000 ,  0.0000 ,
  0.0000 ,  0.0000 ,  0.0000 ,  0.0000 ,  0.0000 ,  0.0000 ,
  0.0000 ,  0.0000 ,  0.0000 ,  0.0000 ,  0.0000 ,  0.0000 ,
  0.0000 ,  0.0000 ,  0.0000 ,  0.0000 ,  0.0000 ,  0.0000 ,
  0.0000 ,  0.0000 ,  0.0000 ,  0.0000 ,  0.0000 ,  0.0000 ,
  0.0000 ,  0.0000 ,  0.0000 ,  0.0000 ,  0.0000 ,  0.0000 ,
  0.0000 ,  0.0000 ,  0.0000 ,  0.0000 ,  0.0000 ,  0.0000 ,
  0.0000 ,  0.0000 ,  0.0000 ,  0.0000 ,  0.0000 ,  0.0000 ,
  0.0000 ,  0.0000 ,  0.0000 ,  0.0000 ,  0.0000 ,  0.0000 ,
  0.0000 ,  0.0000 ,  0.0000 ,  0.0000 ,  0.0000 ,  0.0000 ,
  0.0000 ,  0.0000 ,  0.0000 ,  0.0000 ,  0.0000 ,  0.0000 ,
  0.0000 ,  0.0000 ,  0.0000 ,  0.0000 ,  0.0000 ,  0.0000 ,
  0.0000 ,  0.0000 ,  0.0000 ,  0.0000 ,  0.0000 ,  0.0000 ,
  0.0000 ,  0.0000 ,  0.0000 ,  0.0000 ,  0.0000 ,  0.0000 ,
  0.0000 ,  0.0000 ,  0.0000 ,  0.0000 ,  0.0000 ,  0.0000 ,
  0.0000 ,  0.0000 ,  0.0000 ,  0.0000 ,  0.0000 ,  0.0000 ,
  0.0000 ,  0.0000 ,  0.0000 ,  0.0000 ,  0.0000 ,  0.0000 ,
  0.0000 ,  0.0000 ,  0.0000 ,  0.0000 ,  0.0000 ,  0.0000 ,
  0.0000 ,  0.0000 ,  0.0000 ,  0.0000 ,  0.0000 ,  0.0000 ,
  0.0000 ,  0.0000 ,  0.0000 ,  0.0000 ,  0.0000 ,  0.0000 ,
  0.0000 ,  0.0000 ,  0.0000 ,  0.0000 ,  0.0000 ,  0.0000 ,
  0.0000 ,  0.0000 ,  0.0000 ,  0.0000 ,  0.0000 ,  0.0000 ,
  0.0000 ,  0.0000 ,  0.0000 ,  0.0000 ,  0.0000 ,  0.0000 ,
  0.0000 ,  0.0000 ,  0.0000 ,  0.0000 ,  0.0000 ,  0.0000 ,
  0.0000 ,  0.0000 ,  0.0000 ,  0.0000 ,  0.0000 ,  0.0000 ,
  0.0000 ,  0.0000 ,  0.0000 ,  0.0000 ,  0.0000 ,  0.0000 ,
  0.0000 ,  0.0000 ,  0.0000 ,  0.0000 ,  0.0000 ,  0.0000 ,
  0.0000 ,  0.0000 ,  0.0000 ,  0.0000 ,  0.0000 ,  0.0000 ,
  0.0000 ,  0.0000 ,  0.0000 ,  0.0000 ,  0.0000 ,  0.0000 ,
  0.0000 ,  0.0000 ,  0.0000 ,  0.0000 ,  0.0000 ,  0.0000 ,
  0.0000 ,  0.0000 ,  0.0000 ,  0.0000 ,  0.0000 ,  0.0000 ,
  0.0000 ,  0.0000 ,  0.0000 ,  0.0000 ,  0.0000 ,  0.0000 ,
  0.0000 ,  0.0000 ,  0.0000 ,  0.0000 ,  0.0000 ,  0.0000 ,
  0.0000 ,  0.0000 ,  0.0000 ,  0.0000 ,  0.0000 ,  0.0000 ,
  0.0000 ,  0.0000 ,  0.0000 ,  0.0000 ,  0.0000 ,  0.0000 ,
  0.0000 ,  0.0000 ,  0.0000 ,  0.0000 ,  0.0000 ,  0.0000 ,
  0.0000 ,  0.0000 ,  0.0000 ,  0.0000 ,  0.0000 ,  0.0000 ,
  0.0000 ,  0.0000 ,  0.0000 ,  0.0000 ,  0.0000 ,  0.0000 ,
  0.0000 ,  0.0000 ,  0.0000 ,  0.0000 ,  0.0000 ,  0.0000 ,
  0.0000 ,  0.0000 ,  0.0000 ,  0.0000 ,  0.0000 ,  0.0000 ,
  0.0000 ,  0.0000 ,  0.0000 ,  0.0000 ,  0.0000 ,  0.0000 ,
  0.0000 ,  0.0000 ,  0.0000 ,  0.0000 ,  0.0000 ,  0.0000 ,
  0.0000 ,  0.0000 ,  0.0000 ,  0.0000 ,  0.0000 ,  0.0000 ,
  0.0000 ,  0.0000 ,  0.0000 ,  0.0000 ,  0.0000 ,  0.0000 ,
  0.0000 ,  0.0000 ,  0.0000 ,  0.0000 ,  0.0000 ,  0.0000 ,
  0.0000 ,  0.0000 ,  0.0000 ,  0.0000 ,  0.0000 ,  0.0000 ,
  0.0000 ,  0.0000 ,  0.0000 ,  0.0000 ,  0.0000 ,  0.0000 ,
  0.0000 ,  0.0000 ,  0.0000 ,  0.0000 ,  0.0000 ,  0.0000 ,
  0.0000 ,  0.0000 ,  0.0000 ,  0.0000 ,  0.0000 ,  0.0000 ,
  0.0000 ,  0.0000 ,  0.0000 ,  0.0000 ,  0.0000 ,  0.0000 ,
  0.0000 ,  0.0000 ,  0.0000 ,  0.0000 ,  0.0000 ,  0.0000 ,
  0.0000 ,  0.0000 ,  0.0000 ,  0.0000 ,  0.0000 ,  0.0000 ,
  0.0000 ,  0.0000 ,  0.0000 ,  0.0000 ,  0.0000 ,  0.0000 ,
  0.0000 ,  0.0000 ,  0.0000 ,  0.0000 ,  0.0000 ,  0.0000 ,
  0.0000 ,  0.0000 ,  0.0000 ,  0.0000 ,  0.0000 ,  0.0000 ,
  0.0000 ,  0.0000 ,  0.0000 ,  0.0000 ,  0.0000 ,  0.0000 ,
  0.0000 ,  0.0000 ,  0.0000 ,  0.0000 ,  0.0000 ,  0.0000 ,
  0.0000 ,  0.0000 ,  0.0000 ,  0.0000 ,  0.0000 ,  0.0000 ,
  0.0000 ,  0.0000 ,  0.0000 ,  0.0000 ,  0.0000 ,  0.0000 ,
  0.0000 ,  0.0000 ,  0.0000 ,  0.0000 ,  0.0000 ,  0.0000 ,
  0.0000 ,  0.0000 ,  0.0000 ,  0.0000 ,  0.0000 ,  0.0000 ,
  0.0000 ,  0.0000 ,  0.0000 ,  0.0000 ,  0.0000 ,  0.0000 ,
  0.0000 ,  0.0000 ,  0.0000 ,  0.0000 ,  0.0000 ,  0.0000 ,
  0.0000 ,  0.0000 ,  0.0000 ,  0.0000 ,  0.0000 ,  0.0000 ,
  0.0000 ,  0.0000 ,  0.0000 ,  0.0000 ,  0.0000 ,  0.0000 ,
  0.0000 ,  0.0000 ,  0.0000 ,  0.0000 ,  0.0000 ,  0.0000 ,
  0.0000 ,  0.0000 ,  0.0000 ,  0.0000 ,  0.0000 ,  0.0000 ,
  0.0000 ,  0.0000 ,  0.0000 ,  0.0000 ,  0.0000 ,  0.0000 ,
  0.0000 ,  0.0000 ,  0.0000 ,  0.0000 ,  0.0000 ,  0.0000 ,
  0.0000 ,  0.0000 ,  0.0000 ,  0.0000 ,  0.0000 ,  0.0000 ,
  0.0000 ,  0.0000 ,  0.0000 ,  0.0000 ,  0.0000 ,  0.0000 ,
  0.0000 ,  0.0000 ,  0.0000 ,  0.0000 ,  0.0000 ,  0.0000 ,
  0.0000 ,  0.0000 ,  0.0000 ,  0.0000 ,  0.0000 ,  0.0000 ,
  0.0000 ,  0.0000 ,  0.0000 ,  0.0000 ,  0.0000 ,  0.0000 ,
  0.0000 ,  0.0000 ,  0.0000 ,  0.0000 ,  0.0000 ,  0.0000 ,
  0.0000 ,  0.0000 ,  0.0000 ,  0.0000 ,  0.0000 ,  0.0000 ,
  0.0000 ,  0.0000 ,  0.0000 ,  0.0000 ,  0.0000 ,  0.0000 ,
  0.0000 ,  0.0000 ,  0.0000 ,  0.0000 ,  0.0000 ,  0.0000 ,
  0.0000 ,  0.0000 ,  0.0000 ,  0.0000 ,  0.0000 ,  0.0000 ,
  0.0000 ,  0.0000 ,  0.0000 ,  0.0000 ,  0.0000 ,  0.0000 ,
  0.0000 ,  0.0000 ,  0.0000 ,  0.0000 ,  0.0000 ,  0.0000 ,
  0.0000 ,  0.0000 ,  0.0000 ,  0.0000 ,  0.0000 ,  0.0000 ,
  0.0000 ,  0.0000 ,  0.0000 ,  0.0000 ,  0.0000 ,  0.0000 ,
  0.0000 ,  0.0000 ,  0.0000 ,  0.0000 ,  0.0000 ,  0.0000 ,
  0.0000 ,  0.0000 ,  0.0000 ,  0.0000 ,  0.0000 ,  0.0000 ,
  0.0000 ,  0.0000 ,  0.0000 ,  0.0000 ,  0.0000 ,  0.0000 ,
  0.0000 ,  0.0000 ,  0.0000 ,  0.0000 ,  0.0000 ,  0.0000 ,
  0.0000 ,  0.0000 ,  0.0000 ,  0.0000 ,  0.0000 ,  0.0000 ,
  0.0000 ,  0.0000 ,  0.0000 ,  0.0000 ,  0.0000 ,  0.0000 ,
  0.0000 ,  0.0000 ,  0.0000 ,  0.0000 ,  0.0000 ,  0.0000 ,
  0.0000 ,  0.0000 ,  0.0000 ,  0.0000 ,  0.0000 ,  0.0000 ,
  0.0000 ,  0.0000 ,  0.0000 ,  0.0000 ,  0.0000 ,  0.0000 ,
  0.0000 ,  0.0000 ,  0.0000 ,  0.0000 ,  0.0000 ,  0.0000 ,
  0.0000 ,  0.0000 ,  0.0000 ,  0.0000 ,  0.0000 ,  0.0000 ,
  0.0000 ,  0.0000 ,  0.0000 ,  0.0000 ,  0.0000 ,  0.0000 ,
  0.0000 ,  0.0000 ,  0.0000 ,  0.0000 ,  0.0000 ,  0.0000 ,
  0.0000 ,  0.0000 ,  0.0000 ,  0.0000 ,  0.0000 ,  0.0000 ,
  0.0000 ,  0.0000 ,  0.0000 ,  0.0000 ,  0.0000 ,  0.0000 ,
  0.0000 ,  0.0000 ,  0.0000 ,  0.0000 ,  0.0000 ,  0.0000 ,
  0.0000 ,  0.0000 ,  0.0000 ,  0.0000 ,  0.0000 ,  0.0000 ,
  0.0000 ,  0.0000 ,  0.0000 ,  0.0000 ,  0.0000 ,  0.0000 ,
  0.0000 ,  0.0000 ,  0.0000 ,  0.0000 ,  0.0000 ,  0.0000 ,
  0.0000 ,  0.0000 ,  0.0000 ,  0.0000 ,  0.0000 ,  0.0000 ,
  0.0000 ,  0.0000 ,  0.0000 ,  0.0000 ,  0.0000 ,  0.0000 ,
  0.0000 ,  0.0000 ,  0.0000 ,  0.0000 ,  0.0000 ,  0.0000 ,
  0.0000 ,  0.0000 ,  0.0000 ,  0.0000 ,  0.0000 ,  0.0000 ,
  0.0000 ,  0.0000 ,  0.0000 ,  0.0000 ,  0.0000 ,  0.0000 ,
  0.0000 ,  0.0000 ,  0.0000 ,  0.0000 ,  0.0000 ,  0.0000 ,
  0.0000 ,  0.0000 ,  0.0000 ,  0.0000 ,  0.0000 ,  0.0000 ,
  0.0000 ,  0.0000 ,  0.0000 ,  0.0000 ,  0.0000 ,  0.0000 ,
  0.0000 ,  0.0000 ,  0.0000 ,  0.0000 ,  0.0000 ,  0.0000 ,
  0.0000 ,  0.0000 ,  0.0000 ,  0.0000 ,  0.0000 ,  0.0000 ,
  0.0000 ,  0.0000 ,  0.0000 ,  0.0000 ,  0.0000 ,  0.0000 ,
  0.0000 ,  0.0000 ,  0.0000 ,  0.0000 ,  0.0000 ,  0.0000 ,
  0.0000 ,  0.0000 ,  0.0000 ,  0.0000 ,  0.0000 ,  0.0000 ,
  0.0000 ,  0.0000 ,  0.0000 ,  0.0000 ,  0.0000 ,  0.0000 ,
  0.0000 ,  0.0000 ,  0.0000 ,  0.0000 ,  0.0000 ,  0.0000 ,
  0.0000 ,  0.0000 ,  0.0000 ,  0.0000 ,  0.0000 ,  0.0000 ,
  0.0000 ,  0.0000 ,  0.0000 ,  0.0000 ,  0.0000 ,  0.0000 ,
  0.0000 ,  0.0000 ,  0.0000 ,  0.0000 ,  0.0000 ,  0.0000 ,
  0.0000 ,  0.0000 ,  0.0000 ,  0.0000 ,  0.0000 ,  0.0000 ,
  0.0000 ,  0.0000 ,  0.0000 ,  0.0000 ,  0.0000 ,  0.0000 ,
  0.0000 ,  0.0000 ,  0.0000 ,  0.0000 ,  0.0000 ,  0.0000 ,
  0.0000 ,  0.0000 ,  0.0000 ,  0.0000 ,  0.0000 ,  0.0000 ,
  0.0000 ,  0.0000 ,  0.0000 ,  0.0000 ,  0.0000 ,  0.0000 ,
  0.0000 ,  0.0000 ,  0.0000 ,  0.0000 ,  0.0000 ,  0.0000 ,
  0.0000 ,  0.0000 ,  0.0000 ,  0.0000 ,  0.0000 ,  0.0000 ,
  0.0000 ,  0.0000 ,  0.0000 ,  0.0000 ,  0.0000 ,  0.0000 ,
  0.0000 ,  0.0000 ,  0.0000 ,  0.0000 ,  0.0000 ,  0.0000 ,
  0.0000 ,  0.0000 ,  0.0000 ,  0.0000 ,  0.0000 ,  0.0000 ,
  0.0000 ,  0.0000 ,  0.0000 ,  0.0000 ,  0.0000 ,  0.0000 ,
  0.0000 ,  0.0000 ,  0.0000 ,  0.0000 ,  0.0000 ,  0.0000 ,
  0.0000 ,  0.0000 ,  0.0000 ,  0.0000 ,  0.0000 ,  0.0000 ,
  0.0000 ,  0.0000 ,  0.0000 ,  0.0000 ,  0.0000 ,  0.0000 ,
  0.0000 ,  0.0000 ,  0.0000 ,  0.0000 ,  0.0000 ,  0.0000 ,
  0.0000 ,  0.0000 ,  0.0000 ,  0.0000 ,  0.0000 ,  0.0000 ,
  0.0000 ,  0.0000 ,  0.0000 ,  0.0000 ,  0.0000 ,  0.0000 ,
  0.0000 ,  0.0000 ,  0.0000 ,  0.0000 ,  0.0000 ,  0.0000 ,
  0.0000 ,  0.0000 ,  0.0000 ,  0.0000 ,  0.0000 ,  0.0000 ,
  0.0000 ,  0.0000 ,  0.0000 ,  0.0000 ,  0.0000 ,  0.0000 ,
  0.0000 ,  0.0000 ,  0.0000 ,  0.0000 ,  0.0000 ,  0.0000 ,
  0.0000 ,  0.0000 ,  0.0000 ,  0.0000 ,  0.0000 ,  0.0000 ,
  0.0000 ,  0.0000 ,  0.0000 ,  0.0000 ,  0.0000 ,  0.0000 ,
  0.0000 ,  0.0000 ,  0.0000 ,  0.0000 ,  0.0000 ,  0.0000 ,
  0.0000 ,  0.0000 ,  0.0000 ,  0.0000 ,  0.0000 ,  0.0000 ,
  0.0000 ,  0.0000 ,  0.0000 ,  0.0000 ,  0.0000 ,  0.0000 ,
  0.0000 ,  0.0000 ,  0.0000 ,  0.0000 ,  0.0000 ,  0.0000 ,
  0.0000 ,  0.0000 ,  0.0000 ,  0.0000 ,  0.0000 ,  0.0000 ,
  0.0000 ,  0.0000 ,  0.0000 ,  0.0000 ,  0.0000 ,  0.0000 ,
  0.0000 ,  0.0000 ,  0.0000 ,  0.0000 ,  0.0000 ,  0.0000 ,
  0.0000 ,  0.0000 ,  0.0000 ,  0.0000 ,  0.0000 ,  0.0000 ,
  0.0000 ,  0.0000 ,  0.0000 ,  0.0000 ,  0.0000 ,  0.0000 ,
  0.0000 ,  0.0000 ,  0.0000 ,  0.0000 ,  0.0000 ,  0.0000 ,
  0.0000 ,  0.0000 ,  0.0000 ,  0.0000 ,  0.0000 ,  0.0000 ,
  0.0000 ,  0.0000 ,  0.0000 ,  0.0000 ,  0.0000 ,  0.0000 ,
  0.0000 ,  0.0000 ,  0.0000 ,  0.0000 ,  0.0000 ,  0.0000 ,
  0.0000 ,  0.0000 ,  0.0000 ,  0.0000 ,  0.0000 ,  0.0000 ,
  0.0000 ,  0.0000 ,  0.0000 ,  0.0000 ,  0.0000 ,  0.0000 ,
  0.0000 ,  0.0000 ,  0.0000 ,  0.0000 ,  0.0000 ,  0.0000 ,
  0.0000 ,  0.0000 ,  0.0000 ,  0.0000 ,  0.0000 ,  0.0000 ,
  0.0000 ,  0.0000 ,  0.0000 ,  0.0000 ,  0.0000 ,  0.0000 ,
  0.0000 ,  0.0000 ,  0.0000 ,  0.0000 ,  0.0000 ,  0.0000 ,
  0.0000 ,  0.0000 ,  0.0000 ,  0.0000 ,  0.0000 ,  0.0000 ,
  0.0000 ,  0.0000 ,  0.0000 ,  0.0000 ,  0.0000 ,  0.0000 ,
  0.0000 ,  0.0000 ,  0.0000 ,  0.0000 ,  0.0000 ,  0.0000 ,
  0.0000 ,  0.0000 ,  0.0000 ,  0.0000 ,  0.0000 ,  0.0000 ,
  0.0000 ,  0.0000 ,  0.0000 ,  0.0000 ,  0.0000 ,  0.0000 ,
  0.0000 ,  0.0000 ,  0.0000 ,  0.0000 ,  0.0000 ,  0.0000 ,
  0.0000 ,  0.0000 ,  0.0000 ,  0.0000 ,  0.0000 ,  0.0000 ,
  0.0000 ,  0.0000 ,  0.0000 ,  0.0000 ,  0.0000 ,  0.0000 ,
  0.0000 ,  0.0000 ,  0.0000 ,  0.0000 ,  0.0000 ,  0.0000 ,
  0.0000 ,  0.0000 ,  0.0000 ,  0.0000 ,  0.0000 ,  0.0000 ,
  0.0000 ,  0.0000 ,  0.0000 ,  0.0000 ,  0.0000 ,  0.0000 ,
  0.0000 ,  0.0000 ,  0.0000 ,  0.0000 ,  0.0000 ,  0.0000 ,
  0.0000 ,  0.0000 ,  0.0000 ,  0.0000 ,  0.0000 ,  0.0000 ,
  0.0000 ,  0.0000 ,  0.0000 ,  0.0000 ,  0.0000 ,  0.0000 ,
  0.0000 ,  0.0000 ,  0.0000 ,  0.0000 ,  0.0000 ,  0.0000 ,
  0.0000 ,  0.0000 ,  0.0000 ,  0.0000 ,  0.0000 ,  0.0000 ,
  0.0000 ,  0.0000 ,  0.0000 ,  0.0000 ,  0.0000 ,  0.0000 ,
  0.0000 ,  0.0000 ,  0.0000 ,  0.0000 ,  0.0000 ,  0.0000 ,
  0.0000 ,  0.0000 ,  0.0000 ,  0.0000 ,  0.0000 ,  0.0000 ,
  0.0000 ,  0.0000 ,  0.0000 ,  0.0000 ,  0.0000 ,  0.0000 ,
  0.0000 ,  0.0000 ,  0.0000 ,  0.0000 ,  0.0000 ,  0.0000 ,
  0.0000 ,  0.0000 ,  0.0000 ,  0.0000 ,  0.0000 ,  0.0000 ,
  0.0000 ,  0.0000 ,  0.0000 ,  0.0000 ,  0.0000 ,  0.0000 ,
  0.0000 ,  0.0000 ,  0.0000 ,  0.0000 ,  0.0000 ,  0.0000 ,
  0.0000 ,  0.0000 ,  0.0000 ,  0.0000 ,  0.0000 ,  0.0000 ,
  0.0000 ,  0.0000 ,  0.0000 ,  0.0000 ,  0.0000 ,  0.0000 ,
  0.0000 ,  0.0000 ,  0.0000 ,  0.0000 ,  0.0000 ,  0.0000 ,
  0.0000 ,  0.0000 ,  0.0000 ,  0.0000 ,  0.0000 ,  0.0000 ,
  0.0000 ,  0.0000 ,  0.0000 ,  0.0000 ,  0.0000 ,  0.0000 ,
  0.0000 ,  0.0000 ,  0.0000 ,  0.0000 ,  0.0000 ,  0.0000 ,
  0.0000 ,  0.0000 ,  0.0000 ,  0.0000 ,  0.0000 ,  0.0000 ,
  0.0000 ,  0.0000 ,  0.0000 ,  0.0000 ,  0.0000 ,  0.0000 ,
  0.0000 ,  0.0000 ,  0.0000 ,  0.0000 ,  0.0000 ,  0.0000 ,
  0.0000 ,  0.0000 ,  0.0000 ,  0.0000 ,  0.0000 ,  0.0000 ,
  0.0000 ,  0.0000 ,  0.0000 ,  0.0000 ,  0.0000 ,  0.0000 ,
  0.0000 ,  0.0000 ,  0.0000 ,  0.0000 ,  0.0000 ,  0.0000 ,
  0.0000 ,  0.0000 ,  0.0000 ,  0.0000 ,  0.0000 ,  0.0000 ,
  0.0000 ,  0.0000 ,  0.0000 ,  0.0000 ,  0.0000 ,  0.0000 ,
  0.0000 ,  0.0000 ,  0.0000 ,  0.0000 ,  0.0000 ,  0.0000 ,
  0.0000 ,  0.0000 ,  0.0000 ,  0.0000 ,  0.0000 ,  0.0000 ,
  0.0000 ,  0.0000 ,  0.0000 ,  0.0000 ,  0.0000 ,  0.0000 ,
  0.0000 ,  0.0000 ,  0.0000 ,  0.0000 ,  0.0000 ,  0.0000 ,
  0.0000 ,  0.0000 ,  0.0000 ,  0.0000 ,  0.0000 ,  0.0000 ,
  0.0000 ,  0.0000 ,  0.0000 ,  0.0000 ,  0.0000 ,  0.0000 ,
  0.0000 ,  0.0000 ,  0.0000 ,  0.0000 ,  0.0000 ,  0.0000 ,
  0.0000 ,  0.0000 ,  0.0000 ,  0.0000 ,  0.0000 ,  0.0000 ,
  0.0000 ,  0.0000 ,  0.0000 ,  0.0000 ,  0.0000 ,  0.0000 ,
  0.0000 ,  0.0000 ,  0.0000 ,  0.0000 ,  0.0000 ,  0.0000 ,
  0.0000 ,  0.0000 ,  0.0000 ,  0.0000 ,  0.0000 ,  0.0000 ,
  0.0000 ,  0.0000 ,  0.0000 ,  0.0000 ,  0.0000 ,  0.0000 ,
  0.0000 ,  0.0000 ,  0.0000 ,  0.0000 ,  0.0000 ,  0.0000 ,
  0.0000 ,  0.0000 ,  0.0000 ,  0.0000 ,  0.0000 ,  0.0000 ,
  0.0000 ,  0.0000 ,  0.0000 ,  0.0000 ,  0.0000 ,  0.0000 ,
  0.0000 ,  0.0000 ,  0.0000 ,  0.0000 ,  0.0000 ,  0.0000 ,
  0.0000 ,  0.0000 ,  0.0000 ,  0.0000 ,  0.0000 ,  0.0000 ,
  0.0000 ,  0.0000 ,  0.0000 ,  0.0000 ,  0.0000 ,  0.0000 ,
  0.0000 ,  0.0000 ,  0.0000 ,  0.0000 ,  0.0000 ,  0.0000 ,
  0.0000 ,  0.0000 ,  0.0000 ,  0.0000 ,  0.0000 ,  0.0000 ,
  0.0000 ,  0.0000 ,  0.0000 ,  0.0000 ,  0.0000 ,  0.0000 ,
  0.0000 ,  0.0000 ,  0.0000 ,  0.0000 ,  0.0000 ,  0.0000 ,
  0.0000 ,  0.0000 ,  0.0000 ,  0.0000 ,  0.0000 ,  0.0000 ,
  0.0000 ,  0.0000 ,  0.0000 ,  0.0000 ,  0.0000 ,  0.0000 ,
  0.0000 ,  0.0000 ,  0.0000 ,  0.0000 ,  0.0000 ,  0.0000 ,
  0.0000 ,  0.0000 ,  0.0000 ,  0.0000 ,  0.0000 ,  0.0000 ,
  0.0000 ,  0.0000 ,  0.0000 ,  0.0000 ,  0.0000 ,  0.0000 ,
  0.0000 ,  0.0000 ,  0.0000 ,  0.0000 ,  0.0000 ,  0.0000 ,
  0.0000 ,  0.0000 ,  0.0000 ,  0.0000 ,  0.0000 ,  0.0000 ,
  0.0000 ,  0.0000 ,  0.0000 ,  0.0000 ,  0.0000 ,  0.0000 ,
  0.0000 ,  0.0000 ,  0.0000 ,  0.0000 ,  0.0000 ,  0.0000 ,
  0.0000 ,  0.0000 ,  0.0000 ,  0.0000 ,  0.0000 ,  0.0000 ,
  0.0000 ,  0.0000 ,  0.0000 ,  0.0000 ,  0.0000 ,  0.0000 ,
  0.0000 ,  0.0000 ,  0.0000 ,  0.0000 ,  0.0000 ,  0.0000 ,
  0.0000 ,  0.0000 ,  0.0000 ,  0.0000 ,  0.0000 ,  0.0000 ,
  0.0000 ,  0.0000 ,  0.0000 ,  0.0000 ,  0.0000 ,  0.0000 ,
  0.0000 ,  0.0000 ,  0.0000 ,  0.0000 ,  0.0000 ,  0.0000 ,
  0.0000 ,  0.0000 ,  0.0000 ,  0.0000 ,  0.0000 ,  0.0000 ,
  0.0000 ,  0.0000 ,  0.0000 ,  0.0000 ,  0.0000 ,  0.0000 ,
  0.0000 ,  0.0000 ,  0.0000 ,  0.0000 ,  0.0000 ,  0.0000 ,
  0.0000 ,  0.0000 ,  0.0000 ,  0.0000 ,  0.0000 ,  0.0000 ,
  0.0000 ,  0.0000 ,  0.0000 ,  0.0000 ,  0.0000 ,  0.0000 ,
  0.0000 ,  0.0000 ,  0.0000 ,  0.0000 ,  0.0000 ,  0.0000 ,
  0.0000 ,  0.0000 ,  0.0000 ,  0.0000 ,  0.0000 ,  0.0000 ,
  0.0000 ,  0.0000 ,  0.0000 ,  0.0000 ,  0.0000 ,  0.0000 ,
  0.0000 ,  0.0000 ,  0.0000 ,  0.0000 ,  0.0000 ,  0.0000 ,
  0.0000 ,  0.0000 ,  0.0000 ,  0.0000 ,  0.0000 ,  0.0000 ,
  0.0000 ,  0.0000 ,  0.0000 ,  0.0000 ,  0.0000 ,  0.0000 ,
  0.0000 ,  0.0000 ,  0.0000 ,  0.0000 ,  0.0000 ,  0.0000 ,
  0.0000 ,  0.0000 ,  0.0000 ,  0.0000 ,  0.0000 ,  0.0000 ,
  0.0000 ,  0.0000 ,  0.0000 ,  0.0000 ,  0.0000 ,  0.0000 ,
  0.0000 ,  0.0000 ,  0.0000 ,  0.0000 ,  0.0000 ,  0.0000 ,
  0.0000 ,  0.0000 ,  0.0000 ,  0.0000 ,  0.0000 ,  0.0000 ,
  0.0000 ,  0.0000 ,  0.0000 ,  0.0000 ,  0.0000 ,  0.0000 ,
  0.0000 ,  0.0000 ,  0.0000 ,  0.0000 ,  0.0000 ,  0.0000 ,
  0.0000 ,  0.0000 ,  0.0000 ,  0.0000 ,  0.0000 ,  0.0000 ,
  0.0000 ,  0.0000 ,  0.0000 ,  0.0000 ,  0.0000 ,  0.0000 ,
  0.0000 ,  0.0000 ,  0.0000 ,  0.0000 ,  0.0000 ,  0.0000 ,
  0.0000 ,  0.0000 ,  0.0000 ,  0.0000 ,  0.0000 ,  0.0000 ,
  0.0000 ,  0.0000 ,  0.0000 ,  0.0000 ,  0.0000 ,  0.0000 ,
  0.0000 ,  0.0000 ,  0.0000 ,  0.0000 ,  0.0000 ,  0.0000 ,
  0.0000 ,  0.0000 ,  0.0000 ,  0.0000 ,  0.0000 ,  0.0000 ,
  0.0000 ,  0.0000 ,  0.0000 ,  0.0000 ,  0.0000 ,  0.0000 ,
  0.0000 ,  0.0000 ,  0.0000 ,  0.0000 ,  0.0000 ,  0.0000 ,
  0.0000 ,  0.0000 ,  0.0000 ,  0.0000 ,  0.0000 ,  0.0000 ,
  0.0000 ,  0.0000 ,  0.0000 ,  0.0000 ,  0.0000 ,  0.0000 ,
  0.0000 ,  0.0000 ,  0.0000 ,  0.0000 ,  0.0000 ,  0.0000 ,
  0.0000 ,  0.0000 ,  0.0000 ,  0.0000 ,  0.0000 ,  0.0000 ,
  0.0000 ,  0.0000 ,  0.0000 ,  0.0000 ,  0.0000 ,  0.0000 ,
  0.0000 ,  0.0000 ,  0.0000 ,  0.0000 ,  0.0000 ,  0.0000 ,
  0.0000 ,  0.0000 ,  0.0000 ,  0.0000 ,  0.0000 ,  0.0000 ,
  0.0000 ,  0.0000 ,  0.0000 ,  0.0000 ,  0.0000 ,  0.0000 ,
  0.0000 ,  0.0000 ,  0.0000 ,  0.0000 ,  0.0000 ,  0.0000 ,
  0.0000 ,  0.0000 ,  0.0000 ,  0.0000 ,  0.0000 ,  0.0000 ,
  0.0000 ,  0.0000 ,  0.0000 ,  0.0000 ,  0.0000 ,  0.0000 ,
  0.0000 ,  0.0000 ,  0.0000 ,  0.0000 ,  0.0000 ,  0.0000 ,
  0.0000 ,  0.0000 ,  0.0000 ,  0.0000 ,  0.0000 ,  0.0000 ,
  0.0000 ,  0.0000 ,  0.0000 ,  0.0000 ,  0.0000 ,  0.0000 ,
  0.0000 ,  0.0000 ,  0.0000 ,  0.0000 ,  0.0000 ,  0.0000 ,
  0.0000 ,  0.0000 ,  0.0000 ,  0.0000 ,  0.0000 ,  0.0000 ,
  0.0000 ,  0.0000 ,  0.0000 ,  0.0000 ,  0.0000 ,  0.0000 ,
  0.0000 ,  0.0000 ,  0.0000 ,  0.0000 ,  0.0000 ,  0.0000 ,
  0.0000 ,  0.0000 ,  0.0000 ,  0.0000 ,  0.0000 ,  0.0000 ,
  0.0000 ,  0.0000 ,  0.0000 ,  0.0000 ,  0.0000 ,  0.0000 ,
  0.0000 ,  0.0000 ,  0.0000 ,  0.0000 ,  0.0000 ,  0.0000 ,
  0.0000 ,  0.0000 ,  0.0000 ,  0.0000 ,  0.0000 ,  0.0000 ,
  0.0000 ,  0.0000 ,  0.0000 ,  0.0000 ,  0.0000 ,  0.0000 ,
  0.0000 ,  0.0000 ,  0.0000 ,  0.0000 ,  0.0000 ,  0.0000 ,
  0.0000 ,  0.0000 ,  0.0000 ,  0.0000 ,  0.0000 ,  0.0000 ,
  0.0000 ,  0.0000 ,  0.0000 ,  0.0000 ,  0.0000 ,  0.0000 ,
  0.0000 ,  0.0000 ,  0.0000 ,  0.0000 ,  0.0000 ,  0.0000 ,
  0.0000 ,  0.0000 ,  0.0000 ,  0.0000 ,  0.0000 ,  0.0000 ,
  0.0000 ,  0.0000 ,  0.0000 ,  0.0000 ,  0.0000 ,  0.0000 ,
  0.0000 ,  0.0000 ,  0.0000 ,  0.0000 ,  0.0000 ,  0.0000 ,
  0.0000 ,  0.0000 ,  0.0000 ,  0.0000 ,  0.0000 ,  0.0000 ,
  0.0000 ,  0.0000 ,  0.0000 ,  0.0000 ,  0.0000 ,  0.0000 ,
  0.0000 ,  0.0000 ,  0.0000 ,  0.0000 ,  0.0000 ,  0.0000 ,
  0.0000 ,  0.0000 ,  0.0000 ,  0.0000 ,  0.0000 ,  0.0000 ,
  0.0000 ,  0.0000 ,  0.0000 ,  0.0000 ,  0.0000 ,  0.0000 ,
  0.0000 ,  0.0000 ,  0.0000 ,  0.0000 ,  0.0000 ,  0.0000 ,
  0.0000 ,  0.0000 ,  0.0000 ,  0.0000 ,  0.0000 ,  0.0000 ,
  0.0000 ,  0.0000 ,  0.0000 ,  0.0000 ,  0.0000 ,  0.0000 ,
  0.0000 ,  0.0000 ,  0.0000 ,  0.0000 ,  0.0000 ,  0.0000 ,
  0.0000 ,  0.0000 ,  0.0000 ,  0.0000 ,  0.0000 ,  0.0000 ,
  0.0000 ,  0.0000 ,  0.0000 ,  0.0000 ,  0.0000 ,  0.0000 ,
  0.0000 ,  0.0000 ,  0.0000 ,  0.0000 ,  0.0000 ,  0.0000 ,
  0.0000 ,  0.0000 ,  0.0000 ,  0.0000 ,  0.0000 ,  0.0000 ,
  0.0000 ,  0.0000 ,  0.0000 ,  0.0000 ,  0.0000 ,  0.0000 ,
  0.0000 ,  0.0000 ,  0.0000 ,  0.0000 ,  0.0000 ,  0.0000 ,
  0.0000 ,  0.0000 ,  0.0000 ,  0.0000 ,  0.0000 ,  0.0000 ,
  0.0000 ,  0.0000 ,  0.0000 ,  0.0000 ,  0.0000 ,  0.0000 ,
  0.0000 ,  0.0000 ,  0.0000 ,  0.0000 ,  0.0000 ,  0.0000 ,
  0.0000 ,  0.0000 ,  0.0000 ,  0.0000 ,  0.0000 ,  0.0000 ,
  0.0000 ,  0.0000 ,  0.0000 ,  0.0000 ,  0.0000 ,  0.0000 ,
  0.0000 ,  0.0000 ,  0.0000 ,  0.0000 ,  0.0000 ,  0.0000 ,
  0.0000 ,  0.0000 ,  0.0000 ,  0.0000 ,  0.0000 ,  0.0000 ,
  0.0000 ,  0.0000 ,  0.0000 ,  0.0000 ,  0.0000 ,  0.0000 ,
  0.0000 ,  0.0000 ,  0.0000 ,  0.0000 ,  0.0000 ,  0.0000 ,
  0.0000 ,  0.0000 ,  0.0000 ,  0.0000 ,  0.0000 ,  0.0000 ,
  0.0000 ,  0.0000 ,  0.0000 ,  0.0000 ,  0.0000 ,  0.0000 ,
  0.0000 ,  0.0000 ,  0.0000 ,  0.0000 ,  0.0000 ,  0.0000 ,
  0.0000 ,  0.0000 ,  0.0000 ,  0.0000 ,  0.0000 ,  0.0000 ,
  0.0000 ,  0.0000 ,  0.0000 ,  0.0000 ,  0.0000 ,  0.0000 ,
  0.0000 ,  0.0000 ,  0.0000 ,  0.0000 ,  0.0000 ,  0.0000 ,
  0.0000 ,  0.0000 ,  0.0000 ,  0.0000 ,  0.0000 ,  0.0000 ,
  0.0000 ,  0.0000 ,  0.0000 ,  0.0000 ,  0.0000 ,  0.0000 ,
  0.0000 ,  0.0000 ,  0.0000 ,  0.0000 ,  0.0000 ,  0.0000 ,
  0.0000 ,  0.0000 ,  0.0000 ,  0.0000 ,  0.0000 ,  0.0000 ,
  0.0000 ,  0.0000 ,  0.0000 ,  0.0000 ,  0.0000 ,  0.0000 ,
  0.0000 ,  0.0000 ,  0.0000 ,  0.0000 ,  0.0000 ,  0.0000 ,
  0.0000 ,  0.0000 ,  0.0000 ,  0.0000 ,  0.0000 ,  0.0000 ,
  0.0000 ,  0.0000 ,  0.0000 ,  0.0000 ,  0.0000 ,  0.0000 ,
  0.0000 ,  0.0000 ,  0.0000 ,  0.0000 ,  0.0000 ,  0.0000 ,
  0.0000 ,  0.0000 ,  0.0000 ,  0.0000 ,  0.0000 ,  0.0000 ,
  0.0000 ,  0.0000 ,  0.0000 ,  0.0000 ,  0.0000 ,  0.0000 ,
  0.0000 ,  0.0000 ,  0.0000 ,  0.0000 ,  0.0000 ,  0.0000 ,
  0.0000 ,  0.0000 ,  0.0000 ,  0.0000 ,  0.0000 ,  0.0000 ,
  0.0000 ,  0.0000 ,  0.0000 ,  0.0000 ,  0.0000 ,  0.0000 ,
  0.0000 ,  0.0000 ,  0.0000 ,  0.0000 ,  0.0000 ,  0.0000 ,
  0.0000 ,  0.0000 ,  0.0000 ,  0.0000 ,  0.0000 ,  0.0000 ,
  0.0000 ,  0.0000 ,  0.0000 ,  0.0000 ,  0.0000 ,  0.0000 ,
  0.0000 ,  0.0000 ,  0.0000 ,  0.0000 ,  0.0000 ,  0.0000 ,
  0.0000 ,  0.0000 ,  0.0000 ,  0.0000 ,  0.0000 ,  0.0000 ,
  0.0000 ,  0.0000 ,  0.0000 ,  0.0000 ,  0.0000 ,  0.0000 ,
  0.0000 ,  0.0000 ,  0.0000 ,  0.0000 ,  0.0000 ,  0.0000 ,
  0.0000 ,  0.0000 ,  0.0000 ,  0.0000 ,  0.0000 ,  0.0000 ,
  0.0000 ,  0.0000 ,  0.0000 ,  0.0000 ,  0.0000 ,  0.0000 ,
  0.0000 ,  0.0000 ,  0.0000 ,  0.0000 ,  0.0000 ,  0.0000 ,
  0.0000 ,  0.0000 ,  0.0000 ,  0.0000 ,  0.0000 ,  0.0000 ,
  0.0000 ,  0.0000 ,  0.0000 ,  0.0000 ,  0.0000 ,  0.0000 ,
  0.0000 ,  0.0000 ,  0.0000 ,  0.0000 ,  0.0000 ,  0.0000 ,
  0.0000 ,  0.0000 ,  0.0000 ,  0.0000 ,  0.0000 ,  0.0000 ,
  0.0000 ,  0.0000 ,  0.0000 ,  0.0000 ,  0.0000 ,  0.0000 ,
  0.0000 ,  0.0000 ,  0.0000 ,  0.0000 ,  0.0000 ,  0.0000 ,
  0.0000 ,  0.0000 ,  0.0000 ,  0.0000 ,  0.0000 ,  0.0000 ,
  0.0000 ,  0.0000 ,  0.0000 ,  0.0000 ,  0.0000 ,  0.0000 ,
  0.0000 ,  0.0000 ,  0.0000 ,  0.0000 ,  0.0000 ,  0.0000 ,
  0.0000 ,  0.0000 ,  0.0000 ,  0.0000 ,  0.0000 ,  0.0000 ,
  0.0000 ,  0.0000 ,  0.0000 ,  0.0000 ,  0.0000 ,  0.0000 ,
  0.0000 ,  0.0000 ,  0.0000 ,  0.0000 ,  0.0000 ,  0.0000 ,
  0.0000 ,  0.0000 ,  0.0000 ,  0.0000 ,  0.0000 ,  0.0000 ,
  0.0000 ,  0.0000 ,  0.0000 ,  0.0000 ,  0.0000 ,  0.0000 ,
  0.0000 ,  0.0000 ,  0.0000 ,  0.0000 ,  0.0000 ,  0.0000 ,
  0.0000 ,  0.0000 ,  0.0000 ,  0.0000 ,  0.0000 ,  0.0000 ,
  0.0000 ,  0.0000 ,  0.0000 ,  0.0000 ,  0.0000 ,  0.0000 ,
  0.0000 ,  0.0000 ,  0.0000 ,  0.0000 ,  0.0000 ,  0.0000 ,
  0.0000 ,  0.0000 ,  0.0000 ,  0.0000 ,  0.0000 ,  0.0000 ,
  0.0000 ,  0.0000 ,  0.0000 ,  0.0000 ,  0.0000 ,  0.0000 ,
  0.0000 ,  0.0000 ,  0.0000 ,  0.0000 ,  0.0000 ,  0.0000 ,
  0.0000 ,  0.0000 ,  0.0000 ,  0.0000 ,  0.0000 ,  0.0000 ,
  0.0000 ,  0.0000 ,  0.0000 ,  0.0000 ,  0.0000 ,  0.0000 ,
  0.0000 ,  0.0000 ,  0.0000 ,  0.0000 ,  0.0000 ,  0.0000 ,
  0.0000 ,  0.0000 ,  0.0000 ,  0.0000 ,  0.0000 ,  0.0000 ,
  0.0000 ,  0.0000 ,  0.0000 ,  0.0000 ,  0.0000 ,  0.0000 ,
  0.0000 ,  0.0000 ,  0.0000 ,  0.0000 ,  0.0000 ,  0.0000 ,
  0.0000 ,  0.0000 ,  0.0000 ,  0.0000 ,  0.0000 ,  0.0000 ,
  0.0000 ,  0.0000 ,  0.0000 ,  0.0000 ,  0.0000 ,  0.0000 ,
  0.0000 ,  0.0000 ,  0.0000 ,  0.0000 ,  0.0000 ,  0.0000 ,
  0.0000 ,  0.0000 ,  0.0000 ,  0.0000 ,  0.0000 ,  0.0000 ,
  0.0000 ,  0.0000 ,  0.0000 ,  0.0000 ,  0.0000 ,  0.0000 ,
  0.0000 ,  0.0000 ,  0.0000 ,  0.0000 ,  0.0000 ,  0.0000 ,
  0.0000 ,  0.0000 ,  0.0000 ,  0.0000 ,  0.0000 ,  0.0000 ,
  0.0000 ,  0.0000 ,  0.0000 ,  0.0000 ,  0.0000 ,  0.0000 ,
  0.0000 ,  0.0000 ,  0.0000 ,  0.0000 ,  0.0000 ,  0.0000 ,
  0.0000 ,  0.0000 ,  0.0000 ,  0.0000 ,  0.0000 ,  0.0000 ,
  0.0000 ,  0.0000 ,  0.0000 ,  0.0000 ,  0.0000 ,  0.0000 ,
  0.0000 ,  0.0000 ,  0.0000 ,  0.0000 ,  0.0000 ,  0.0000 ,
  0.0000 ,  0.0000 ,  0.0000 ,  0.0000 ,  0.0000 ,  0.0000 ,
  0.0000 ,  0.0000 ,  0.0000 ,  0.0000 ,  0.0000 ,  0.0000 ,
  0.0000 ,  0.0000 ,  0.0000 ,  0.0000 ,  0.0000 ,  0.0000 ,
  0.0000 ,  0.0000 ,  0.0000 ,  0.0000 ,  0.0000 ,  0.0000 ,
  0.0000 ,  0.0000 ,  0.0000 ,  0.0000 ,  0.0000 ,  0.0000 ,
  0.0000 ,  0.0000 ,  0.0000 ,  0.0000 ,  0.0000 ,  0.0000 ,
  0.0000 ,  0.0000 ,  0.0000 ,  0.0000 ,  0.0000 ,  0.0000 ,
  0.0000 ,  0.0000 ,  0.0000 ,  0.0000 ,  0.0000 ,  0.0000 ,
  0.0000 ,  0.0000 ,  0.0000 ,  0.0000 ,  0.0000 ,  0.0000 ,
  0.0000 ,  0.0000 ,  0.0000 ,  0.0000 ,  0.0000 ,  0.0000 ,
  0.0000 ,  0.0000 ,  0.0000 ,  0.0000 ,  0.0000 ,  0.0000 ,
  0.0000 ,  0.0000 ,  0.0000 ,  0.0000 ,  0.0000 ,  0.0000 ,
  0.0000 ,  0.0000 ,  0.0000 ,  0.0000 ,  0.0000 ,  0.0000 ,
  0.0000 ,  0.0000 ,  0.0000 ,  0.0000 ,  0.0000 ,  0.0000 ,
  0.0000 ,  0.0000 ,  0.0000 ,  0.0000 ,  0.0000 ,  0.0000 ,
  0.0000 ,  0.0000 ,  0.0000 ,  0.0000 ,  0.0000 ,  0.0000 ,
  0.0000 ,  0.0000 ,  0.0000 ,  0.0000 ,  0.0000 ,  0.0000 ,
  0.0000 ,  0.0000 ,  0.0000 ,  0.0000 ,  0.0000 ,  0.0000 ,
  0.0000 ,  0.0000 ,  0.0000 ,  0.0000 ,  0.0000 ,  0.0000 ,
  0.0000 ,  0.0000 ,  0.0000 ,  0.0000 ,  0.0000 ,  0.0000 ,
  0.0000 ,  0.0000 ,  0.0000 ,  0.0000 ,  0.0000 ,  0.0000 ,
  0.0000 ,  0.0000 ,  0.0000 ,  0.0000 ,  0.0000 ,  0.0000 ,
  0.0000 ,  0.0000 ,  0.0000 ,  0.0000 ,  0.0000 ,  0.0000 ,
  0.0000 ,  0.0000 ,  0.0000 ,  0.0000 ,  0.0000 ,  0.0000 ,
  0.0000 ,  0.0000 ,  0.0000 ,  0.0000 ,  0.0000 ,  0.0000 ,
  0.0000 ,  0.0000 ,  0.0000 ,  0.0000 ,  0.0000 ,  0.0000 ,
  0.0000 ,  0.0000 ,  0.0000 ,  0.0000 ,  0.0000 ,  0.0000 ,
  0.0000 ,  0.0000 ,  0.0000 ,  0.0000 ,  0.0000 ,  0.0000 ,
  0.0000 ,  0.0000 ,  0.0000 ,  0.0000 ,  0.0000 ,  0.0000 ,
  0.0000 ,  0.0000 ,  0.0000 ,  0.0000 ,  0.0000 ,  0.0000 ,
  0.0000 ,  0.0000 ,  0.0000 ,  0.0000 ,  0.0000 ,  0.0000 ,
  0.0000 ,  0.0000 ,  0.0000 ,  0.0000 ,  0.0000 ,  0.0000 ,
  0.0000 ,  0.0000 ,  0.0000 ,  0.0000 ,  0.0000 ,  0.0000 ,
  0.0000 ,  0.0000 ,  0.0000 ,  0.0000 ,  0.0000 ,  0.0000 ,
  0.0000 ,  0.0000 ,  0.0000 ,  0.0000 ,  0.0000 ,  0.0000 ,
  0.0000 ,  0.0000 ,  0.0000 ,  0.0000 ,  0.0000 ,  0.0000 ,
  0.0000 ,  0.0000 ,  0.0000 ,  0.0000 ,  0.0000 ,  0.0000 ,
  0.0000 ,  0.0000 ,  0.0000 ,  0.0000 ,  0.0000 ,  0.0000 ,
  0.0000 ,  0.0000 ,  0.0000 ,  0.0000 ,  0.0000 ,  0.0000 ,
  0.0000 ,  0.0000 ,  0.0000 ,  0.0000 ,  0.0000 ,  0.0000 ,
  0.0000 ,  0.0000 ,  0.0000 ,  0.0000 ,  0.0000 ,  0.0000 ,
  0.0000 ,  0.0000 ,  0.0000 ,  0.0000 ,  0.0000 ,  0.0000 ,
  0.0000 ,  0.0000 ,  0.0000 ,  0.0000 ,  0.0000 ,  0.0000 ,
  0.0000 ,  0.0000 ,  0.0000 ,  0.0000 ,  0.0000 ,  0.0000 ,
  0.0000 ,  0.0000 ,  0.0000 ,  0.0000 ,  0.0000 ,  0.0000 ,
  0.0000 ,  0.0000 ,  0.0000 ,  0.0000 ,  0.0000 ,  0.0000 ,
  0.0000 ,  0.0000 ,  0.0000 ,  0.0000 ,  0.0000 ,  0.0000 ,
  0.0000 ,  0.0000 ,  0.0000 ,  0.0000 ,  0.0000 ,  0.0000 ,
  0.0000 ,  0.0000 ,  0.0000 ,  0.0000 ,  0.0000 ,  0.0000 ,
  0.0000 ,  0.0000 ,  0.0000 ,  0.0000 ,  0.0000 ,  0.0000 ,
  0.0000 ,  0.0000 ,  0.0000 ,  0.0000 ,  0.0000 ,  0.0000 ,
  0.0000 ,  0.0000 ,  0.0000 ,  0.0000 ,  0.0000 ,  0.0000 ,
  0.0000 ,  0.0000 ,  0.0000 ,  0.0000 ,  0.0000 ,  0.0000 ,
  0.0000 ,  0.0000 ,  0.0000 ,  0.0000 ,  0.0000 ,  0.0000 ,
  0.0000 ,  0.0000 ,  0.0000 ,  0.0000 ,  0.0000 ,  0.0000 ,
  0.0000 ,  0.0000 ,  0.0000 ,  0.0000 ,  0.0000 ,  0.0000 ,
  0.0000 ,  0.0000 ,  0.0000 ,  0.0000 ,  0.0000 ,  0.0000 ,
  0.0000 ,  0.0000 ,  0.0000 ,  0.0000 ,  0.0000 ,  0.0000 ,
  0.0000 ,  0.0000 ,  0.0000 ,  0.0000 ,  0.0000 ,  0.0000 ,
  0.0000 ,  0.0000 ,  0.0000 ,  0.0000 ,  0.0000 ,  0.0000 ,
  0.0000 ,  0.0000 ,  0.0000 ,  0.0000 ,  0.0000 ,  0.0000 ,
  0.0000 ,  0.0000 ,  0.0000 ,  0.0000 ,  0.0000 ,  0.0000 ,
  0.0000 ,  0.0000 ,  0.0000 ,  0.0000 ,  0.0000 ,  0.0000 ,
  0.0000 ,  0.0000 ,  0.0000 ,  0.0000 ,  0.0000 ,  0.0000 ,
  0.0000 ,  0.0000 ,  0.0000 ,  0.0000 ,  0.0000 ,  0.0000 ,
  0.0000 ,  0.0000 ,  0.0000 ,  0.0000 ,  0.0000 ,  0.0000 ,
  0.0000 ,  0.0000 ,  0.0000 ,  0.0000 ,  0.0000 ,  0.0000 ,
  0.0000 ,  0.0000 ,  0.0000 ,  0.0000 ,  0.0000 ,  0.0000 ,
  0.0000 ,  0.0000 ,  0.0000 ,  0.0000 ,  0.0000 ,  0.0000 ,
  0.0000 ,  0.0000 ,  0.0000 ,  0.0000 ,  0.0000 ,  0.0000 ,
  0.0000 ,  0.0000 ,  0.0000 ,  0.0000 ,  0.0000 ,  0.0000 ,
  0.0000 ,  0.0000 ,  0.0000 ,  0.0000 ,  0.0000 ,  0.0000 ,
  0.0000 ,  0.0000 ,  0.0000 ,  0.0000 ,  0.0000 ,  0.0000 ,
  0.0000 ,  0.0000 ,  0.0000 ,  0.0000 ,  0.0000 ,  0.0000 ,
  0.0000 ,  0.0000 ,  0.0000 ,  0.0000 ,  0.0000 ,  0.0000 ,
  0.0000 ,  0.0000 ,  0.0000 ,  0.0000 ,  0.0000 ,  0.0000 ,
  0.0000 ,  0.0000 ,  0.0000 ,  0.0000 ,  0.0000 ,  0.0000 ,
  0.0000 ,  0.0000 ,  0.0000 ,  0.0000 ,  0.0000 ,  0.0000 ,
  0.0000 ,  0.0000 ,  0.0000 ,  0.0000 ,  0.0000 ,  0.0000 ,
  0.0000 ,  0.0000 ,  0.0000 ,  0.0000 ,  0.0000 ,  0.0000 ,
  0.0000 ,  0.0000 ,  0.0000 ,  0.0000 ,  0.0000 ,  0.0000 ,
  0.0000 ,  0.0000 ,  0.0000 ,  0.0000 ,  0.0000 ,  0.0000 ,
  0.0000 ,  0.0000 ,  0.0000 ,  0.0000 ,  0.0000 ,  0.0000 ,
  0.0000 ,  0.0000 ,  0.0000 ,  0.0000 ,  0.0000 ,  0.0000 ,
  0.0000 ,  0.0000 ,  0.0000 ,  0.0000 ,  0.0000 ,  0.0000 ,
  0.0000 ,  0.0000 ,  0.0000 ,  0.0000 ,  0.0000 ,  0.0000 ,
  0.0000 ,  0.0000 ,  0.0000 ,  0.0000 ,  0.0000 ,  0.0000 ,
  0.0000 ,  0.0000 ,  0.0000 ,  0.0000 ,  0.0000 ,  0.0000 ,
  0.0000 ,  0.0000 ,  0.0000 ,  0.0000 ,  0.0000 ,  0.0000 ,
  0.0000 ,  0.0000 ,  0.0000 ,  0.0000 ,  0.0000 ,  0.0000 ,
  0.0000 ,  0.0000 ,  0.0000 ,  0.0000 ,  0.0000 ,  0.0000 ,
  0.0000 ,  0.0000 ,  0.0000 ,  0.0000 ,  0.0000 ,  0.0000 ,
  0.0000 ,  0.0000 ,  0.0000 ,  0.0000 ,  0.0000 ,  0.0000 ,
  0.0000 ,  0.0000 ,  0.0000 ,  0.0000 ,  0.0000 ,  0.0000 ,
  0.0000 ,  0.0000 ,  0.0000 ,  0.0000 ,  0.0000 ,  0.0000 ,
  0.0000 ,  0.0000 ,  0.0000 ,  0.0000 ,  0.0000 ,  0.0000 ,
  0.0000 ,  0.0000 ,  0.0000 ,  0.0000 ,  0.0000 ,  0.0000 ,
  0.0000 ,  0.0000 ,  0.0000 ,  0.0000 ,  0.0000 ,  0.0000 ,
  0.0000 ,  0.0000 ,  0.0000 ,  0.0000 ,  0.0000 ,  0.0000 ,
  0.0000 ,  0.0000 ,  0.0000 ,  0.0000 ,  0.0000 ,  0.0000 ,
  0.0000 ,  0.0000 ,  0.0000 ,  0.0000 ,  0.0000 ,  0.0000 ,
  0.0000 ,  0.0000 ,  0.0000 ,  0.0000 ,  0.0000 ,  0.0000 ,
  0.0000 ,  0.0000 ,  0.0000 ,  0.0000 ,  0.0000 ,  0.0000 ,
  0.0000 ,  0.0000 ,  0.0000 ,  0.0000 ,  0.0000 ,  0.0000 ,
  0.0000 ,  0.0000 ,  0.0000 ,  0.0000 ,  0.0000 ,  0.0000 ,
  0.0000 ,  0.0000 ,  0.0000 ,  0.0000 ,  0.0000 ,  0.0000 ,
  0.0000 ,  0.0000 ,  0.0000 ,  0.0000 ,  0.0000 ,  0.0000 ,
  0.0000 ,  0.0000 ,  0.0000 ,  0.0000 ,  0.0000 ,  0.0000 ,
  0.0000 ,  0.0000 ,  0.0000 ,  0.0000 ,  0.0000 ,  0.0000 ,
  0.0000 ,  0.0000 ,  0.0000 ,  0.0000 ,  0.0000 ,  0.0000 ,
  0.0000 ,  0.0000 ,  0.0000 ,  0.0000 ,  0.0000 ,  0.0000 ,
  0.0000 ,  0.0000 ,  0.0000 ,  0.0000 ,  0.0000 ,  0.0000 ,
  0.0000 ,  0.0000 ,  0.0000 ,  0.0000 ,  0.0000 ,  0.0000 ,
  0.0000 ,  0.0000 ,  0.0000 ,  0.0000 ,  0.0000 ,  0.0000 ,
  0.0000 ,  0.0000 ,  0.0000 ,  0.0000 ,  0.0000 ,  0.0000 ,
  0.0000 ,  0.0000 ,  0.0000 ,  0.0000 ,  0.0000 ,  0.0000 ,
  0.0000 ,  0.0000 ,  0.0000 ,  0.0000 ,  0.0000 ,  0.0000 ,
  0.0000 ,  0.0000 ,  0.0000 ,  0.0000 ,  0.0000 ,  0.0000 ,
  0.0000 ,  0.0000 ,  0.0000 ,  0.0000 ,  0.0000 ,  0.0000 ,
  0.0000 ,  0.0000 ,  0.0000 ,  0.0000 ,  0.0000 ,  0.0000 ,
  0.0000 ,  0.0000 ,  0.0000 ,  0.0000 ,  0.0000 ,  0.0000 ,
  0.0000 ,  0.0000 ,  0.0000 ,  0.0000 ,  0.0000 ,  0.0000 ,
  0.0000 ,  0.0000 ,  0.0000 ,  0.0000 ,  0.0000 ,  0.0000 ,
  0.0000 ,  0.0000 ,  0.0000 ,  0.0000 ,  0.0000 ,  0.0000 ,
  0.0000 ,  0.0000 ,  0.0000 ,  0.0000 ,  0.0000 ,  0.0000 ,
  0.0000 ,  0.0000 ,  0.0000 ,  0.0000 ,  0.0000 ,  0.0000 ,
  0.0000 ,  0.0000 ,  0.0000 ,  0.0000 ,  0.0000 ,  0.0000 ,
  0.0000 ,  0.0000 ,  0.0000 ,  0.0000 ,  0.0000 ,  0.0000 ,
  0.0000 ,  0.0000 ,  0.0000 ,  0.0000 ,  0.0000 ,  0.0000 ,
  0.0000 ,  0.0000 ,  0.0000 ,  0.0000 ,  0.0000 ,  0.0000 ,
  0.0000 ,  0.0000 ,  0.0000 ,  0.0000 ,  0.0000 ,  0.0000 ,
  0.0000 ,  0.0000 ,  0.0000 ,  0.0000 ,  0.0000 ,  0.0000 ,
  0.0000 ,  0.0000 ,  0.0000 ,  0.0000 ,  0.0000 ,  0.0000 ,
  0.0000 ,  0.0000 ,  0.0000 ,  0.0000 ,  0.0000 ,  0.0000 ,
  0.0000 ,  0.0000 ,  0.0000 ,  0.0000 ,  0.0000 ,  0.0000 ,
  0.0000 ,  0.0000 ,  0.0000 ,  0.0000 ,  0.0000 ,  0.0000 ,
  0.0000 ,  0.0000 ,  0.0000 ,  0.0000 ,  0.0000 ,  0.0000 ,
  0.0000 ,  0.0000 ,  0.0000 ,  0.0000 ,  0.0000 ,  0.0000 ,
  0.0000 ,  0.0000 ,  0.0000 ,  0.0000 ,  0.0000 ,  0.0000 ,
  0.0000 ,  0.0000 ,  0.0000 ,  0.0000 ,  0.0000 ,  0.0000 ,
  0.0000 ,  0.0000 ,  0.0000 ,  0.0000 ,  0.0000 ,  0.0000 ,
  0.0000 ,  0.0000 ,  0.0000 ,  0.0000 ,  0.0000 ,  0.0000 ,
  0.0000 ,  0.0000 ,  0.0000 ,  0.0000 ,  0.0000 ,  0.0000 ,
  0.0000 ,  0.0000 ,  0.0000 ,  0.0000 ,  0.0000 ,  0.0000 ,
  0.0000 ,  0.0000 ,  0.0000 ,  0.0000 ,  0.0000 ,  0.0000 ,
  0.0000 ,  0.0000 ,  0.0000 ,  0.0000 ,  0.0000 ,  0.0000 ,
  0.0000 ,  0.0000 ,  0.0000 ,  0.0000 ,  0.0000 ,  0.0000 ,
  0.0000 ,  0.0000 ,  0.0000 ,  0.0000 ,  0.0000 ,  0.0000 ,
  0.0000 ,  0.0000 ,  0.0000 ,  0.0000 ,  0.0000 ,  0.0000 ,
  0.0000 ,  0.0000 ,  0.0000 ,  0.0000 ,  0.0000 ,  0.0000 ,
  0.0000 ,  0.0000 ,  0.0000 ,  0.0000 ,  0.0000 ,  0.0000 ,
  0.0000 ,  0.0000 ,  0.0000 ,  0.0000 ,  0.0000 ,  0.0000 ,
  0.0000 ,  0.0000 ,  0.0000 ,  0.0000 ,  0.0000 ,  0.0000 ,
  0.0000 ,  0.0000 ,  0.0000 ,  0.0000 ,  0.0000 ,  0.0000 ,
  0.0000 ,  0.0000 ,  0.0000 ,  0.0000 ,  0.0000 ,  0.0000 ,
  0.0000 ,  0.0000 ,  0.0000 ,  0.0000 ,  0.0000 ,  0.0000 ,
  0.0000 ,  0.0000 ,  0.0000 ,  0.0000 ,  0.0000 ,  0.0000 ,
  0.0000 ,  0.0000 ,  0.0000 ,  0.0000 ,  0.0000 ,  0.0000 ,
  0.0000 ,  0.0000 ,  0.0000 ,  0.0000 ,  0.0000 ,  0.0000 ,
  0.0000 ,  0.0000 ,  0.0000 ,  0.0000 ,  0.0000 ,  0.0000 ,
  0.0000 ,  0.0000 ,  0.0000 ,  0.0000 ,  0.0000 ,  0.0000 ,
  0.0000 ,  0.0000 ,  0.0000 ,  0.0000 ,  0.0000 ,  0.0000 ,
  0.0000 ,  0.0000 ,  0.0000 ,  0.0000 ,  0.0000 ,  0.0000 ,
  0.0000 ,  0.0000 ,  0.0000 ,  0.0000 ,  0.0000 ,  0.0000 ,
  0.0000 ,  0.0000 ,  0.0000 ,  0.0000 ,  0.0000 ,  0.0000 ,
  0.0000 ,  0.0000 ,  0.0000 ,  0.0000 ,  0.0000 ,  0.0000 ,
  0.0000 ,  0.0000 ,  0.0000 ,  0.0000 ,  0.0000 ,  0.0000 ,
  0.0000 ,  0.0000 ,  0.0000 ,  0.0000 ,  0.0000 ,  0.0000 ,
  0.0000 ,  0.0000 ,  0.0000 ,  0.0000 ,  0.0000 ,  0.0000 ,
  0.0000 ,  0.0000 ,  0.0000 ,  0.0000 ,  0.0000 ,  0.0000 ,
  0.0000 ,  0.0000 ,  0.0000 ,  0.0000 ,  0.0000 ,  0.0000 ,
  0.0000 ,  0.0000 ,  0.0000 ,  0.0000 ,  0.0000 ,  0.0000 ,
  0.0000 ,  0.0000 ,  0.0000 ,  0.0000 ,  0.0000 ,  0.0000 ,
  0.0000 ,  0.0000 ,  0.0000 ,  0.0000 ,  0.0000 ,  0.0000 ,
  0.0000 ,  0.0000 ,  0.0000 ,  0.0000 ,  0.0000 ,  0.0000 ,
  0.0000 ,  0.0000 ,  0.0000 ,  0.0000 ,  0.0000 ,  0.0000 ,
  0.0000 ,  0.0000 ,  0.0000 ,  0.0000 ,  0.0000 ,  0.0000 ,
  0.0000 ,  0.0000 ,  0.0000 ,  0.0000 ,  0.0000 ,  0.0000 ,
  0.0000 ,  0.0000 ,  0.0000 ,  0.0000 ,  0.0000 ,  0.0000 ,
  0.0000 ,  0.0000 ,  0.0000 ,  0.0000 ,  0.0000 ,  0.0000 ,
  0.0000 ,  0.0000 ,  0.0000 ,  0.0000 ,  0.0000 ,  0.0000 ,
  0.0000 ,  0.0000 ,  0.0000 ,  0.0000 ,  0.0000 ,  0.0000 ,
  0.0000 ,  0.0000 ,  0.0000 ,  0.0000 ,  0.0000 ,  0.0000 ,
  0.0000 ,  0.0000 ,  0.0000 ,  0.0000 ,  0.0000 ,  0.0000 ,
  0.0000 ,  0.0000 ,  0.0000 ,  0.0000 ,  0.0000 ,  0.0000 ,
  0.0000 ,  0.0000 ,  0.0000 ,  0.0000 ,  0.0000 ,  0.0000 ,
  0.0000 ,  0.0000 ,  0.0000 ,  0.0000 ,  0.0000 ,  0.0000 ,
  0.0000 ,  0.0000 ,  0.0000 ,  0.0000 ,  0.0000 ,  0.0000 ,
  0.0000 ,  0.0000 ,  0.0000 ,  0.0000 ,  0.0000 ,  0.0000 ,
  0.0000 ,  0.0000 ,  0.0000 ,  0.0000 ,  0.0000 ,  0.0000 ,
  0.0000 ,  0.0000 ,  0.0000 ,  0.0000 ,  0.0000 ,  0.0000 ,
  0.0000 ,  0.0000 ,  0.0000 ,  0.0000 ,  0.0000 ,  0.0000 ,
  0.0000 ,  0.0000 ,  0.0000 ,  0.0000 ,  0.0000 ,  0.0000 ,
  0.0000 ,  0.0000 ,  0.0000 ,  0.0000 ,  0.0000 ,  0.0000 ,
  0.0000 ,  0.0000 ,  0.0000 ,  0.0000 ,  0.0000 ,  0.0000 ,
  0.0000 ,  0.0000 ,  0.0000 ,  0.0000 ,  0.0000 ,  0.0000 ,
  0.0000 ,  0.0000 ,  0.0000 ,  0.0000 ,  0.0000 ,  0.0000 ,
  0.0000 ,  0.0000 ,  0.0000 ,  0.0000 ,  0.0000 ,  0.0000 ,
  0.0000 ,  0.0000 ,  0.0000 ,  0.0000 ,  0.0000 ,  0.0000 ,
  0.0000 ,  0.0000 ,  0.0000 ,  0.0000 ,  0.0000 ,  0.0000 ,
  0.0000 ,  0.0000 ,  0.0000 ,  0.0000 ,  0.0000 ,  0.0000 ,
  0.0000 ,  0.0000 ,  0.0000 ,  0.0000 ,  0.0000 ,  0.0000 ,
  0.0000 ,  0.0000 ,  0.0000 ,  0.0000 ,  0.0000 ,  0.0000 ,
  0.0000 ,  0.0000 ,  0.0000 ,  0.0000 ,  0.0000 ,  0.0000 ,
  0.0000 ,  0.0000 ,  0.0000 ,  0.0000 ,  0.0000 ,  0.0000 ,
  0.0000 ,  0.0000 ,  0.0000 ,  0.0000 ,  0.0000 ,  0.0000 ,
  0.0000 ,  0.0000 ,  0.0000 ,  0.0000 ,  0.0000 ,  0.0000 ,
  0.0000 ,  0.0000 ,  0.0000 ,  0.0000 ,  0.0000 ,  0.0000 ,
  0.0000 ,  0.0000 ,  0.0000 ,  0.0000 ,  0.0000 ,  0.0000 ,
  0.0000 ,  0.0000 ,  0.0000 ,  0.0000 ,  0.0000 ,  0.0000 ,
  0.0000 ,  0.0000 ,  0.0000 ,  0.0000 ,  0.0000 ,  0.0000 ,
  0.0000 ,  0.0000 ,  0.0000 ,  0.0000 ,  0.0000 ,  0.0000 ,
  0.0000 ,  0.0000 ,  0.0000 ,  0.0000 ,  0.0000 ,  0.0000 ,
  0.0000 ,  0.0000 ,  0.0000 ,  0.0000 ,  0.0000 ,  0.0000 ,
  0.0000 ,  0.0000 ,  0.0000 ,  0.0000 ,  0.0000 ,  0.0000 ,
  0.0000 ,  0.0000 ,  0.0000 ,  0.0000 ,  0.0000 ,  0.0000 ,
  0.0000 ,  0.0000 ,  0.0000 ,  0.0000 ,  0.0000 ,  0.0000 ,
  0.0000 ,  0.0000 ,  0.0000 ,  0.0000 ,  0.0000 ,  0.0000 ,
  0.0000 ,  0.0000 ,  0.0000 ,  0.0000 ,  0.0000 ,  0.0000 ,
  0.0000 ,  0.0000 ,  0.0000 ,  0.0000 ,  0.0000 ,  0.0000 ,
  0.0000 ,  0.0000 ,  0.0000 ,  0.0000 ,  0.0000 ,  0.0000 ,
  0.0000 ,  0.0000 ,  0.0000 ,  0.0000 ,  0.0000 ,  0.0000 ,
  0.0000 ,  0.0000 ,  0.0000 ,  0.0000 ,  0.0000 ,  0.0000 ,
  0.0000 ,  0.0000 ,  0.0000 ,  0.0000 ,  0.0000 ,  0.0000 ,
  0.0000 ,  0.0000 ,  0.0000 ,  0.0000 ,  0.0000 ,  0.0000 ,
  0.0000 ,  0.0000 ,  0.0000 ,  0.0000 ,  0.0000 ,  0.0000 ,
  0.0000 ,  0.0000 ,  0.0000 ,  0.0000 ,  0.0000 ,  0.0000 ,
  0.0000 ,  0.0000 ,  0.0000 ,  0.0000 ,  0.0000 ,  0.0000 ,
  0.0000 ,  0.0000 ,  0.0000 ,  0.0000 ,  0.0000 ,  0.0000 ,
  0.0000 ,  0.0000 ,  0.0000 ,  0.0000 ,  0.0000 ,  0.0000 ,
  0.0000 ,  0.0000 ,  0.0000 ,  0.0000 ,  0.0000 ,  0.0000 ,
  0.0000 ,  0.0000 ,  0.0000 ,  0.0000 ,  0.0000 ,  0.0000 ,
  0.0000 ,  0.0000 ,  0.0000 ,  0.0000 ,  0.0000 ,  0.0000 ,
  0.0000 ,  0.0000 ,  0.0000 ,  0.0000 ,  0.0000 ,  0.0000 ,
  0.0000 ,  0.0000 ,  0.0000 ,  0.0000 ,  0.0000 ,  0.0000 ,
  0.0000 ,  0.0000 ,  0.0000 ,  0.0000 ,  0.0000 ,  0.0000 ,
  0.0000 ,  0.0000 ,  0.0000 ,  0.0000 ,  0.0000 ,  0.0000 ,
  0.0000 ,  0.0000 ,  0.0000 ,  0.0000 ,  0.0000 ,  0.0000 ,
  0.0000 ,  0.0000 ,  0.0000 ,  0.0000 ,  0.0000 ,  0.0000 ,
  0.0000 ,  0.0000 ,  0.0000 ,  0.0000 ,  0.0000 ,  0.0000 ,
  0.0000 ,  0.0000 ,  0.0000 ,  0.0000 ,  0.0000 ,  0.0000 ,
  0.0000 ,  0.0000 ,  0.0000 ,  0.0000 ,  0.0000 ,  0.0000 ,
  0.0000 ,  0.0000 ,  0.0000 ,  0.0000 ,  0.0000 ,  0.0000 ,
  0.0000 ,  0.0000 ,  0.0000 ,  0.0000 ,  0.0000 ,  0.0000 ,
  0.0000 ,  0.0000 ,  0.0000 ,  0.0000 ,  0.0000 ,  0.0000 ,
  0.0000 ,  0.0000 ,  0.0000 ,  0.0000 ,  0.0000 ,  0.0000 ,
  0.0000 ,  0.0000 ,  0.0000 ,  0.0000 ,  0.0000 ,  0.0000 ,
  0.0000 ,  0.0000 ,  0.0000 ,  0.0000 ,  0.0000 ,  0.0000 ,
  0.0000 ,  0.0000 ,  0.0000 ,  0.0000 ,  0.0000 ,  0.0000 ,
  0.0000 ,  0.0000 ,  0.0000 ,  0.0000 ,  0.0000 ,  0.0000 ,
  0.0000 ,  0.0000 ,  0.0000 ,  0.0000 ,  0.0000 ,  0.0000 ,
  0.0000 ,  0.0000 ,  0.0000 ,  0.0000 ,  0.0000 ,  0.0000 ,
  0.0000 ,  0.0000 ,  0.0000 ,  0.0000 ,  0.0000 ,  0.0000 ,
  0.0000 ,  0.0000 ,  0.0000 ,  0.0000 ,  0.0000 ,  0.0000 ,
  0.0000 ,  0.0000 ,  0.0000 ,  0.0000 ,  0.0000 ,  0.0000 ,
  0.0000 ,  0.0000 ,  0.0000 ,  0.0000 ,  0.0000 ,  0.0000 ,
  0.0000 ,  0.0000 ,  0.0000 ,  0.0000 ,  0.0000 ,  0.0000 ,
  0.0000 ,  0.0000 ,  0.0000 ,  0.0000 ,  0.0000 ,  0.0000 ,
  0.0000 ,  0.0000 ,  0.0000 ,  0.0000 ,  0.0000 ,  0.0000 ,
  0.0000 ,  0.0000 ,  0.0000 ,  0.0000 ,  0.0000 ,  0.0000 ,
  0.0000 ,  0.0000 ,  0.0000 ,  0.0000 ,  0.0000 ,  0.0000 ,
  0.0000 ,  0.0000 ,  0.0000 ,  0.0000 ,  0.0000 ,  0.0000 ,
  0.0000 ,  0.0000 ,  0.0000 ,  0.0000 ,  0.0000 ,  0.0000 ,
  0.0000 ,  0.0000 ,  0.0000 ,  0.0000 ,  0.0000 ,  0.0000 ,
  0.0000 ,  0.0000 ,  0.0000 ,  0.0000 ,  0.0000 ,  0.0000 ,
  0.0000 ,  0.0000 ,  0.0000 ,  0.0000 ,  0.0000 ,  0.0000 ,
  0.0000 ,  0.0000 ,  0.0000 ,  0.0000 ,  0.0000 ,  0.0000 ,
  0.0000 ,  0.0000 ,  0.0000 ,  0.0000 ,  0.0000 ,  0.0000 ,
  0.0000 ,  0.0000 ,  0.0000 ,  0.0000 ,  0.0000 ,  0.0000 ,
  0.0000 ,  0.0000 ,  0.0000 ,  0.0000 ,  0.0000 ,  0.0000 ,
  0.0000 ,  0.0000 ,  0.0000 ,  0.0000 ,  0.0000 ,  0.0000 ,
  0.0000 ,  0.0000 ,  0.0000 ,  0.0000 ,  0.0000 ,  0.0000 ,
  0.0000 ,  0.0000 ,  0.0000 ,  0.0000 ,  0.0000 ,  0.0000 ,
  0.0000 ,  0.0000 ,  0.0000 ,  0.0000 ,  0.0000 ,  0.0000 ,
  0.0000 ,  0.0000 ,  0.0000 ,  0.0000 ,  0.0000 ,  0.0000 ,
  0.0000 ,  0.0000 ,  0.0000 ,  0.0000 ,  0.0000 ,  0.0000 ,
  0.0000 ,  0.0000 ,  0.0000 ,  0.0000 ,  0.0000 ,  0.0000 ,
  0.0000 ,  0.0000 ,  0.0000 ,  0.0000 ,  0.0000 ,  0.0000 ,
  0.0000 ,  0.0000 ,  0.0000 ,  0.0000 ,  0.0000 ,  0.0000 ,
  0.0000 ,  0.0000 ,  0.0000 ,  0.0000 ,  0.0000 ,  0.0000 ,
  0.0000 ,  0.0000 ,  0.0000 ,  0.0000 ,  0.0000 ,  0.0000 ,
  0.0000 ,  0.0000 ,  0.0000 ,  0.0000 ,  0.0000 ,  0.0000 ,
  0.0000 ,  0.0000 ,  0.0000 ,  0.0000 ,  0.0000 ,  0.0000 ,
  0.0000 ,  0.0000 ,  0.0000 ,  0.0000 ,  0.0000 ,  0.0000 ,
  0.0000 ,  0.0000 ,  0.0000 ,  0.0000 ,  0.0000 ,  0.0000 ,
  0.0000 ,  0.0000 ,  0.0000 ,  0.0000 ,  0.0000 ,  0.0000 ,
  0.0000 ,  0.0000 ,  0.0000 ,  0.0000 ,  0.0000 ,  0.0000 ,
  0.0000 ,  0.0000 ,  0.0000 ,  0.0000 ,  0.0000 ,  0.0000 ,
  0.0000 ,  0.0000 ,  0.0000 ,  0.0000 ,  0.0000 ,  0.0000 ,
  0.0000 ,  0.0000 ,  0.0000 ,  0.0000 ,  0.0000 ,  0.0000 ,
  0.0000 ,  0.0000 ,  0.0000 ,  0.0000 ,  0.0000 ,  0.0000 ,
  0.0000 ,  0.0000 ,  0.0000 ,  0.0000 ,  0.0000 ,  0.0000 ,
  0.0000 ,  0.0000 ,  0.0000 ,  0.0000 ,  0.0000 ,  0.0000 ,
  0.0000 ,  0.0000 ,  0.0000 ,  0.0000 ,  0.0000 ,  0.0000 ,
  0.0000 ,  0.0000 ,  0.0000 ,  0.0000 ,  0.0000 ,  0.0000 ,
  0.0000 ,  0.0000 ,  0.0000 ,  0.0000 ,  0.0000 ,  0.0000 ,
  0.0000 ,  0.0000 ,  0.0000 ,  0.0000 ,  0.0000 ,  0.0000 ,
  0.0000 ,  0.0000 ,  0.0000 ,  0.0000 ,  0.0000 ,  0.0000 ,
  0.0000 ,  0.0000 ,  0.0000 ,  0.0000 ,  0.0000 ,  0.0000 ,
  0.0000 ,  0.0000 ,  0.0000 ,  0.0000 ,  0.0000 ,  0.0000 ,
  0.0000 ,  0.0000 ,  0.0000 ,  0.0000 ,  0.0000 ,  0.0000 ,
  0.0000 ,  0.0000 ,  0.0000 ,  0.0000 ,  0.0000 ,  0.0000 ,
  0.0000 ,  0.0000 ,  0.0000 ,  0.0000 ,  0.0000 ,  0.0000 ,
  0.0000 ,  0.0000 ,  0.0000 ,  0.0000 ,  0.0000 ,  0.0000 ,
  0.0000 ,  0.0000 ,  0.0000 ,  0.0000 ,  0.0000 ,  0.0000 ,
  0.0000 ,  0.0000 ,  0.0000 ,  0.0000 ,  0.0000 ,  0.0000 ,
  0.0000 ,  0.0000 ,  0.0000 ,  0.0000 ,  0.0000 ,  0.0000 ,
  0.0000 ,  0.0000 ,  0.0000 ,  0.0000 ,  0.0000 ,  0.0000 ,
  0.0000 ,  0.0000 ,  0.0000 ,  0.0000 ,  0.0000 ,  0.0000 ,
  0.0000 ,  0.0000 ,  0.0000 ,  0.0000 ,  0.0000 ,  0.0000 ,
  0.0000 ,  0.0000 ,  0.0000 ,  0.0000 ,  0.0000 ,  0.0000 ,
  0.0000 ,  0.0000 ,  0.0000 ,  0.0000 ,  0.0000 ,  0.0000 ,
  0.0000 ,  0.0000 ,  0.0000 ,  0.0000 ,  0.0000 ,  0.0000 ,
  0.0000 ,  0.0000 ,  0.0000 ,  0.0000 ,  0.0000 ,  0.0000 ,
  0.0000 ,  0.0000 ,  0.0000 ,  0.0000 ,  0.0000 ,  0.0000 ,
  0.0000 ,  0.0000 ,  0.0000 ,  0.0000 ,  0.0000 ,  0.0000 ,
  0.0000 ,  0.0000 ,  0.0000 ,  0.0000 ,  0.0000 ,  0.0000 ,
  0.0000 ,  0.0000 ,  0.0000 ,  0.0000 ,  0.0000 ,  0.0000 ,
  0.0000 ,  0.0000 ,  0.0000 ,  0.0000 ,  0.0000 ,  0.0000 ,
  0.0000 ,  0.0000 ,  0.0000 ,  0.0000 ,  0.0000 ,  0.0000 ,
  0.0000 ,  0.0000 ,  0.0000 ,  0.0000 ,  0.0000 ,  0.0000 ,
  0.0000 ,  0.0000 ,  0.0000 ,  0.0000 ,  0.0000 ,  0.0000 ,
  0.0000 ,  0.0000 ,  0.0000 ,  0.0000 ,  0.0000 ,  0.0000 ,
  0.0000 ,  0.0000 ,  0.0000 ,  0.0000 ,  0.0000 ,  0.0000 ,
  0.0000 ,  0.0000 ,  0.0000 ,  0.0000 ,  0.0000 ,  0.0000 ,
  0.0000 ,  0.0000 ,  0.0000 ,  0.0000 ,  0.0000 ,  0.0000 ,
  0.0000 ,  0.0000 ,  0.0000 ,  0.0000 ,  0.0000 ,  0.0000 ,
  0.0000 ,  0.0000 ,  0.0000 ,  0.0000 ,  0.0000 ,  0.0000 ,
  0.0000 ,  0.0000 ,  0.0000 ,  0.0000 ,  0.0000 ,  0.0000 ,
  0.0000 ,  0.0000 ,  0.0000 ,  0.0000 ,  0.0000 ,  0.0000 ,
  0.0000 ,  0.0000 ,  0.0000 ,  0.0000 ,  0.0000 ,  0.0000 ,
  0.0000 ,  0.0000 ,  0.0000 ,  0.0000 ,  0.0000 ,  0.0000 ,
  0.0000 ,  0.0000 ,  0.0000 ,  0.0000 ,  0.0000 ,  0.0000 ,
  0.0000 ,  0.0000 ,  0.0000 ,  0.0000 ,  0.0000 ,  0.0000 ,
  0.0000 ,  0.0000 ,  0.0000 ,  0.0000 ,  0.0000 ,  0.0000 ,
  0.0000 ,  0.0000 ,  0.0000 ,  0.0000 ,  0.0000 ,  0.0000 ,
  0.0000 ,  0.0000 ,  0.0000 ,  0.0000 ,  0.0000 ,  0.0000 ,
  0.0000 ,  0.0000 ,  0.0000 ,  0.0000 ,  0.0000 ,  0.0000 ,
  0.0000 ,  0.0000 ,  0.0000 ,  0.0000 ,  0.0000 ,  0.0000 ,
  0.0000 ,  0.0000 ,  0.0000 ,  0.0000 ,  0.0000 ,  0.0000 ,
  0.0000 ,  0.0000 ,  0.0000 ,  0.0000 ,  0.0000 ,  0.0000 ,
  0.0000 ,  0.0000 ,  0.0000 ,  0.0000 ,  0.0000 ,  0.0000 ,
  0.0000 ,  0.0000 ,  0.0000 ,  0.0000 ,  0.0000 ,  0.0000 ,
  0.0000 ,  0.0000 ,  0.0000 ,  0.0000 ,  0.0000 ,  0.0000 ,
  0.0000 ,  0.0000 ,  0.0000 ,  0.0000 ,  0.0000 ,  0.0000 ,
  0.0000 ,  0.0000 ,  0.0000 ,  0.0000 ,  0.0000 ,  0.0000 ,
  0.0000 ,  0.0000 ,  0.0000 ,  0.0000 ,  0.0000 ,  0.0000 ,
  0.0000 ,  0.0000 ,  0.0000 ,  0.0000 ,  0.0000 ,  0.0000 ,
  0.0000 ,  0.0000 ,  0.0000 ,  0.0000 ,  0.0000 ,  0.0000 ,
  0.0000 ,  0.0000 ,  0.0000 ,  0.0000 ,  0.0000 ,  0.0000 ,
  0.0000 ,  0.0000 ,  0.0000 ,  0.0000 ,  0.0000 ,  0.0000 ,
  0.0000 ,  0.0000 ,  0.0000 ,  0.0000 ,  0.0000 ,  0.0000 ,
  0.0000 ,  0.0000 ,  0.0000 ,  0.0000 ,  0.0000 ,  0.0000 ,
  0.0000 ,  0.0000 ,  0.0000 ,  0.0000 ,  0.0000 ,  0.0000 ,
  0.0000 ,  0.0000 ,  0.0000 ,  0.0000 ,  0.0000 ,  0.0000 ,
  0.0000 ,  0.0000 ,  0.0000 ,  0.0000 ,  0.0000 ,  0.0000 ,
  0.0000 ,  0.0000 ,  0.0000 ,  0.0000 ,  0.0000 ,  0.0000 ,
  0.0000 ,  0.0000 ,  0.0000 ,  0.0000 ,  0.0000 ,  0.0000 ,
  0.0000 ,  0.0000 ,  0.0000 ,  0.0000 ,  0.0000 ,  0.0000 ,
  0.0000 ,  0.0000 ,  0.0000 ,  0.0000 ,  0.0000 ,  0.0000 ,
  0.0000 ,  0.0000 ,  0.0000 ,  0.0000 ,  0.0000 ,  0.0000 ,
  0.0000 ,  0.0000 ,  0.0000 ,  0.0000 ,  0.0000 ,  0.0000 ,
  0.0000 ,  0.0000 ,  0.0000 ,  0.0000 ,  0.0000 ,  0.0000 ,
  0.0000 ,  0.0000 ,  0.0000 ,  0.0000 ,  0.0000 ,  0.0000 ,
  0.0000 ,  0.0000 ,  0.0000 ,  0.0000 ,  0.0000 ,  0.0000 ,
  0.0000 ,  0.0000 ,  0.0000 ,  0.0000 ,  0.0000 ,  0.0000 ,
  0.0000 ,  0.0000 ,  0.0000 ,  0.0000 ,  0.0000 ,  0.0000 ,
  0.0000 ,  0.0000 ,  0.0000 ,  0.0000 ,  0.0000 ,  0.0000 ,
  0.0000 ,  0.0000 ,  0.0000 ,  0.0000 ,  0.0000 ,  0.0000 ,
  0.0000 ,  0.0000 ,  0.0000 ,  0.0000 ,  0.0000 ,  0.0000 ,
  0.0000 ,  0.0000 ,  0.0000 ,  0.0000 ,  0.0000 ,  0.0000 ,
  0.0000 ,  0.0000 ,  0.0000 ,  0.0000 ,  0.0000 ,  0.0000 ,
  0.0000 ,  0.0000 ,  0.0000 ,  0.0000 ,  0.0000 ,  0.0000 ,
  0.0000 ,  0.0000 ,  0.0000 ,  0.0000 ,  0.0000 ,  0.0000 ,
  0.0000 ,  0.0000 ,  0.0000 ,  0.0000 ,  0.0000 ,  0.0000 ,
  0.0000 ,  0.0000 ,  0.0000 ,  0.0000 ,  0.0000 ,  0.0000 ,
  0.0000 ,  0.0000 ,  0.0000 ,  0.0000 ,  0.0000 ,  0.0000 ,
  0.0000 ,  0.0000 ,  0.0000 ,  0.0000 ,  0.0000 ,  0.0000 ,
  0.0000 ,  0.0000 ,  0.0000 ,  0.0000 ,  0.0000 ,  0.0000 ,
  0.0000 ,  0.0000 ,  0.0000 ,  0.0000 ,  0.0000 ,  0.0000 ,
  0.0000 ,  0.0000 ,  0.0000 ,  0.0000 ,  0.0000 ,  0.0000 ,
  0.0000 ,  0.0000 ,  0.0000 ,  0.0000 ,  0.0000 ,  0.0000 ,
  0.0000 ,  0.0000 ,  0.0000 ,  0.0000 ,  0.0000 ,  0.0000 ,
  0.0000 ,  0.0000 ,  0.0000 ,  0.0000 ,  0.0000 ,  0.0000 ,
  0.0000 ,  0.0000 ,  0.0000 ,  0.0000 ,  0.0000 ,  0.0000 ,
  0.0000 ,  0.0000 ,  0.0000 ,  0.0000 ,  0.0000 ,  0.0000 ,
  0.0000 ,  0.0000 ,  0.0000 ,  0.0000 ,  0.0000 ,  0.0000 ,
  0.0000 ,  0.0000 ,  0.0000 ,  0.0000 ,  0.0000 ,  0.0000 ,
  0.0000 ,  0.0000 ,  0.0000 ,  0.0000 ,  0.0000 ,  0.0000 ,
  0.0000 ,  0.0000 ,  0.0000 ,  0.0000 ,  0.0000 ,  0.0000 ,
  0.0000 ,  0.0000 ,  0.0000 ,  0.0000 ,  0.0000 ,  0.0000 ,
  0.0000 ,  0.0000 ,  0.0000 ,  0.0000 ,  0.0000 ,  0.0000 ,
  0.0000 ,  0.0000 ,  0.0000 ,  0.0000 ,  0.0000 ,  0.0000 ,
  0.0000 ,  0.0000 ,  0.0000 ,  0.0000 ,  0.0000 ,  0.0000 ,
  0.0000 ,  0.0000 ,  0.0000 ,  0.0000 ,  0.0000 ,  0.0000 ,
  0.0000 ,  0.0000 ,  0.0000 ,  0.0000 ,  0.0000 ,  0.0000 ,
  0.0000 ,  0.0000 ,  0.0000 ,  0.0000 ,  0.0000 ,  0.0000 ,
  0.0000 ,  0.0000 ,  0.0000 ,  0.0000 ,  0.0000 ,  0.0000 ,
  0.0000 ,  0.0000 ,  0.0000 ,  0.0000 ,  0.0000 ,  0.0000 ,
  0.0000 ,  0.0000 ,  0.0000 ,  0.0000 ,  0.0000 ,  0.0000 ,
  0.0000 ,  0.0000 ,  0.0000 ,  0.0000 ,  0.0000 ,  0.0000 ,
  0.0000 ,  0.0000 ,  0.0000 ,  0.0000 ,  0.0000 ,  0.0000 ,
  0.0000 ,  0.0000 ,  0.0000 ,  0.0000 ,  0.0000 ,  0.0000 ,
  0.0000 ,  0.0000 ,  0.0000 ,  0.0000 ,  0.0000 ,  0.0000 ,
  0.0000 ,  0.0000 ,  0.0000 ,  0.0000 ,  0.0000 ,  0.0000 ,
  0.0000 ,  0.0000 ,  0.0000 ,  0.0000 ,  0.0000 ,  0.0000 ,
  0.0000 ,  0.0000 ,  0.0000 ,  0.0000 ,  0.0000 ,  0.0000 ,
  0.0000 ,  0.0000 ,  0.0000 ,  0.0000 ,  0.0000 ,  0.0000 ,
  0.0000 ,  0.0000 ,  0.0000 ,  0.0000 ,  0.0000 ,  0.0000 ,
  0.0000 ,  0.0000 ,  0.0000 ,  0.0000 ,  0.0000 ,  0.0000 ,
  0.0000 ,  0.0000 ,  0.0000 ,  0.0000 ,  0.0000 ,  0.0000 ,
  0.0000 ,  0.0000 ,  0.0000 ,  0.0000 ,  0.0000 ,  0.0000 ,
  0.0000 ,  0.0000 ,  0.0000 ,  0.0000 ,  0.0000 ,  0.0000 ,
  0.0000 ,  0.0000 ,  0.0000 ,  0.0000 ,  0.0000 ,  0.0000 ,
  0.0000 ,  0.0000 ,  0.0000 ,  0.0000 ,  0.0000 ,  0.0000 ,
  0.0000 ,  0.0000 ,  0.0000 ,  0.0000 ,  0.0000 ,  0.0000 ,
  0.0000 ,  0.0000 ,  0.0000 ,  0.0000 ,  0.0000 ,  0.0000 ,
  0.0000 ,  0.0000 ,  0.0000 ,  0.0000 ,  0.0000 ,  0.0000 ,
  0.0000 ,  0.0000 ,  0.0000 ,  0.0000 ,  0.0000 ,  0.0000 ,
  0.0000 ,  0.0000 ,  0.0000 ,  0.0000 ,  0.0000 ,  0.0000 ,
  0.0000 ,  0.0000 ,  0.0000 ,  0.0000 ,  0.0000 ,  0.0000 ,
  0.0000 ,  0.0000 ,  0.0000 ,  0.0000 ,  0.0000 ,  0.0000 ,
  0.0000 ,  0.0000 ,  0.0000 ,  0.0000 ,  0.0000 ,  0.0000 ,
  0.0000 ,  0.0000 ,  0.0000 ,  0.0000 ,  0.0000 ,  0.0000 ,
  0.0000 ,  0.0000 ,  0.0000 ,  0.0000 ,  0.0000 ,  0.0000 ,
  0.0000 ,  0.0000 ,  0.0000 ,  0.0000 ,  0.0000 ,  0.0000 ,
  0.0000 ,  0.0000 ,  0.0000 ,  0.0000 ,  0.0000 ,  0.0000 ,
  0.0000 ,  0.0000 ,  0.0000 ,  0.0000 ,  0.0000 ,  0.0000 ,
  0.0000 ,  0.0000 ,  0.0000 ,  0.0000 ,  0.0000 ,  0.0000 ,
  0.0000 ,  0.0000 ,  0.0000 ,  0.0000 ,  0.0000 ,  0.0000 ,
  0.0000 ,  0.0000 ,  0.0000 ,  0.0000 ,  0.0000 ,  0.0000 ,
  0.0000 ,  0.0000 ,  0.0000 ,  0.0000 ,  0.0000 ,  0.0000 ,
  0.0000 ,  0.0000 ,  0.0000 ,  0.0000 ,  0.0000 ,  0.0000 ,
  0.0000 ,  0.0000 ,  0.0000 ,  0.0000 ,  0.0000 ,  0.0000 ,
  0.0000 ,  0.0000 ,  0.0000 ,  0.0000 ,  0.0000 ,  0.0000 ,
  0.0000 ,  0.0000 ,  0.0000 ,  0.0000 ,  0.0000 ,  0.0000 ,
  0.0000 ,  0.0000 ,  0.0000 ,  0.0000 ,  0.0000 ,  0.0000 ,
  0.0000 ,  0.0000 ,  0.0000 ,  0.0000 ,  0.0000 ,  0.0000 ,
  0.0000 ,  0.0000 ,  0.0000 ,  0.0000 ,  0.0000 ,  0.0000 ,
  0.0000 ,  0.0000 ,  0.0000 ,  0.0000 ,  0.0000 ,  0.0000 ,
  0.0000 ,  0.0000 ,  0.0000 ,  0.0000 ,  0.0000 ,  0.0000 ,
  0.0000 ,  0.0000 ,  0.0000 ,  0.0000 ,  0.0000 ,  0.0000 ,
  0.0000 ,  0.0000 ,  0.0000 ,  0.0000 ,  0.0000 ,  0.0000 ,
  0.0000 ,  0.0000 ,  0.0000 ,  0.0000 ,  0.0000 ,  0.0000 ,
  0.0000 ,  0.0000 ,  0.0000 ,  0.0000 ,  0.0000 ,  0.0000 ,
  0.0000 ,  0.0000 ,  0.0000 ,  0.0000 ,  0.0000 ,  0.0000 ,
  0.0000 ,  0.0000 ,  0.0000 ,  0.0000 ,  0.0000 ,  0.0000 ,
  0.0000 ,  0.0000 ,  0.0000 ,  0.0000 ,  0.0000 ,  0.0000 ,
  0.0000 ,  0.0000 ,  0.0000 ,  0.0000 ,  0.0000 ,  0.0000 ,
  0.0000 ,  0.0000 ,  0.0000 ,  0.0000 ,  0.0000 ,  0.0000 ,
  0.0000 ,  0.0000 ,  0.0000 ,  0.0000 ,  0.0000 ,  0.0000 ,
  0.0000 ,  0.0000 ,  0.0000 ,  0.0000 ,  0.0000 ,  0.0000 ,
  0.0000 ,  0.0000 ,  0.0000 ,  0.0000 ,  0.0000 ,  0.0000 ,
  0.0000 ,  0.0000 ,  0.0000 ,  0.0000 ,  0.0000 ,  0.0000 ,
  0.0000 ,  0.0000 ,  0.0000 ,  0.0000 ,  0.0000 ,  0.0000 ,
  0.0000 ,  0.0000 ,  0.0000 ,  0.0000 ,  0.0000 ,  0.0000 ,
  0.0000 ,  0.0000 ,  0.0000 ,  0.0000 ,  0.0000 ,  0.0000 ,
  0.0000 ,  0.0000 ,  0.0000 ,  0.0000 ,  0.0000 ,  0.0000 ,
  0.0000 ,  0.0000 ,  0.0000 ,  0.0000 ,  0.0000 ,  0.0000 ,
  0.0000 ,  0.0000 ,  0.0000 ,  0.0000 ,  0.0000 ,  0.0000 ,
  0.0000 ,  0.0000 ,  0.0000 ,  0.0000 ,  0.0000 ,  0.0000 ,
  0.0000 ,  0.0000 ,  0.0000 ,  0.0000 ,  0.0000 ,  0.0000 ,
  0.0000 ,  0.0000 ,  0.0000 ,  0.0000 ,  0.0000 ,  0.0000 ,
  0.0000 ,  0.0000 ,  0.0000 ,  0.0000 ,  0.0000 ,  0.0000 ,
  0.0000 ,  0.0000 ,  0.0000 ,  0.0000 ,  0.0000 ,  0.0000 ,
  0.0000 ,  0.0000 ,  0.0000 ,  0.0000 ,  0.0000 ,  0.0000 ,
  0.0000 ,  0.0000 ,  0.0000 ,  0.0000 ,  0.0000 ,  0.0000 ,
  0.0000 ,  0.0000 ,  0.0000 ,  0.0000 ,  0.0000 ,  0.0000 ,
  0.0000 ,  0.0000 ,  0.0000 ,  0.0000 ,  0.0000 ,  0.0000 ,
  0.0000 ,  0.0000 ,  0.0000 ,  0.0000 ,  0.0000 ,  0.0000 ,
  0.0000 ,  0.0000 ,  0.0000 ,  0.0000 ,  0.0000 ,  0.0000 ,
  0.0000 ,  0.0000 ,  0.0000 ,  0.0000 ,  0.0000 ,  0.0000 ,
  0.0000 ,  0.0000 ,  0.0000 ,  0.0000 ,  0.0000 ,  0.0000 ,
  0.0000 ,  0.0000 ,  0.0000 ,  0.0000 ,  0.0000 ,  0.0000 ,
  0.0000 ,  0.0000 ,  0.0000 ,  0.0000 ,  0.0000 ,  0.0000 ,
  0.0000 ,  0.0000 ,  0.0000 ,  0.0000 ,  0.0000 ,  0.0000 ,
  0.0000 ,  0.0000 ,  0.0000 ,  0.0000 ,  0.0000 ,  0.0000 ,
  0.0000 ,  0.0000 ,  0.0000 ,  0.0000 ,  0.0000 ,  0.0000 ,
  0.0000 ,  0.0000 ,  0.0000 ,  0.0000 ,  0.0000 ,  0.0000 ,
  0.0000 ,  0.0000 ,  0.0000 ,  0.0000 ,  0.0000 ,  0.0000 ,
  0.0000 ,  0.0000 ,  0.0000 ,  0.0000 ,  0.0000 ,  0.0000 ,
  0.0000 ,  0.0000 ,  0.0000 ,  0.0000 ,  0.0000 ,  0.0000 ,
  0.0000 ,  0.0000 ,  0.0000 ,  0.0000 ,  0.0000 ,  0.0000 ,
  0.0000 ,  0.0000 ,  0.0000 ,  0.0000 ,  0.0000 ,  0.0000 ,
  0.0000 ,  0.0000 ,  0.0000 ,  0.0000 ,  0.0000 ,  0.0000 ,
  0.0000 ,  0.0000 ,  0.0000 ,  0.0000 ,  0.0000 ,  0.0000 ,
  0.0000 ,  0.0000 ,  0.0000 ,  0.0000 ,  0.0000 ,  0.0000 ,
  0.0000 ,  0.0000 ,  0.0000 ,  0.0000 ,  0.0000 ,  0.0000 ,
  0.0000 ,  0.0000 ,  0.0000 ,  0.0000 ,  0.0000 ,  0.0000 ,
  0.0000 ,  0.0000 ,  0.0000 ,  0.0000 ,  0.0000 ,  0.0000 ,
  0.0000 ,  0.0000 ,  0.0000 ,  0.0000 ,  0.0000 ,  0.0000 ,
  0.0000 ,  0.0000 ,  0.0000 ,  0.0000 ,  0.0000 ,  0.0000 ,
  0.0000 ,  0.0000 ,  0.0000 ,  0.0000 ,  0.0000 ,  0.0000 ,
  0.0000 ,  0.0000 ,  0.0000 ,  0.0000 ,  0.0000 ,  0.0000 ,
  0.0000 ,  0.0000 ,  0.0000 ,  0.0000 ,  0.0000 ,  0.0000 ,
  0.0000 ,  0.0000 ,  0.0000 ,  0.0000 ,  0.0000 ,  0.0000 ,
  0.0000 ,  0.0000 ,  0.0000 ,  0.0000 ,  0.0000 ,  0.0000 ,
  0.0000 ,  0.0000 ,  0.0000 ,  0.0000 ,  0.0000 ,  0.0000 ,
  0.0000 ,  0.0000 ,  0.0000 ,  0.0000 ,  0.0000 ,  0.0000 ,
  0.0000 ,  0.0000 ,  0.0000 ,  0.0000 ,  0.0000 ,  0.0000 ,
  0.0000 ,  0.0000 ,  0.0000 ,  0.0000 ,  0.0000 ,  0.0000 ,
  0.0000 ,  0.0000 ,  0.0000 ,  0.0000 ,  0.0000 ,  0.0000 ,
  0.0000 ,  0.0000 ,  0.0000 ,  0.0000 ,  0.0000 ,  0.0000 ,
  0.0000 ,  0.0000 ,  0.0000 ,  0.0000 ,  0.0000 ,  0.0000 ,
  0.0000 ,  0.0000 ,  0.0000 ,  0.0000 ,  0.0000 ,  0.0000 ,
  0.0000 ,  0.0000 ,  0.0000 ,  0.0000 ,  0.0000 ,  0.0000 ,
  0.0000 ,  0.0000 ,  0.0000 ,  0.0000 ,  0.0000 ,  0.0000 ,
  0.0000 ,  0.0000 ,  0.0000 ,  0.0000 ,  0.0000 ,  0.0000 ,
  0.0000 ,  0.0000 ,  0.0000 ,  0.0000 ,  0.0000 ,  0.0000 ,
  0.0000 ,  0.0000 ,  0.0000 ,  0.0000 ,  0.0000 ,  0.0000 ,
  0.0000 ,  0.0000 ,  0.0000 ,  0.0000 ,  0.0000 ,  0.0000 ,
  0.0000 ,  0.0000 ,  0.0000 ,  0.0000 ,  0.0000 ,  0.0000 ,
  0.0000 ,  0.0000 ,  0.0000 ,  0.0000 ,  0.0000 ,  0.0000 ,
  0.0000 ,  0.0000 ,  0.0000 ,  0.0000 ,  0.0000 ,  0.0000 ,
  0.0000 ,  0.0000 ,  0.0000 ,  0.0000 ,  0.0000 ,  0.0000 ,
  0.0000 ,  0.0000 ,  0.0000 ,  0.0000 ,  0.0000 ,  0.0000 ,
  0.0000 ,  0.0000 ,  0.0000 ,  0.0000 ,  0.0000 ,  0.0000 ,
  0.0000 ,  0.0000 ,  0.0000 ,  0.0000 ,  0.0000 ,  0.0000 ,
  0.0000 ,  0.0000 ,  0.0000 ,  0.0000 ,  0.0000 ,  0.0000 ,
  0.0000 ,  0.0000 ,  0.0000 ,  0.0000 ,  0.0000 ,  0.0000 ,
  0.0000 ,  0.0000 ,  0.0000 ,  0.0000 ,  0.0000 ,  0.0000 ,
  0.0000 ,  0.0000 ,  0.0000 ,  0.0000 ,  0.0000 ,  0.0000 ,
  0.0000 ,  0.0000 ,  0.0000 ,  0.0000 ,  0.0000 ,  0.0000 ,
  0.0000 ,  0.0000 ,  0.0000 ,  0.0000 ,  0.0000 ,  0.0000 ,
  0.0000 ,  0.0000 ,  0.0000 ,  0.0000 ,  0.0000 ,  0.0000 ,
  0.0000 ,  0.0000 ,  0.0000 ,  0.0000 ,  0.0000 ,  0.0000 ,
  0.0000 ,  0.0000 ,  0.0000 ,  0.0000 ,  0.0000 ,  0.0000 ,
  0.0000 ,  0.0000 ,  0.0000 ,  0.0000 ,  0.0000 ,  0.0000 ,
  0.0000 ,  0.0000 ,  0.0000 ,  0.0000 ,  0.0000 ,  0.0000 ,
  0.0000 ,  0.0000 ,  0.0000 ,  0.0000 ,  0.0000 ,  0.0000 ,
  0.0000 ,  0.0000 ,  0.0000 ,  0.0000 ,  0.0000 ,  0.0000 ,
  0.0000 ,  0.0000 ,  0.0000 ,  0.0000 ,  0.0000 ,  0.0000 ,
  0.0000 ,  0.0000 ,  0.0000 ,  0.0000 ,  0.0000 ,  0.0000 ,
  0.0000 ,  0.0000 ,  0.0000 ,  0.0000 ,  0.0000 ,  0.0000 ,
  0.0000 ,  0.0000 ,  0.0000 ,  0.0000 ,  0.0000 ,  0.0000 ,
  0.0000 ,  0.0000 ,  0.0000 ,  0.0000 ,  0.0000 ,  0.0000 ,
  0.0000 ,  0.0000 ,  0.0000 ,  0.0000 ,  0.0000 ,  0.0000 ,
  0.0000 ,  0.0000 ,  0.0000 ,  0.0000 ,  0.0000 ,  0.0000 ,
  0.0000 ,  0.0000 ,  0.0000 ,  0.0000 ,  0.0000 ,  0.0000 ,
  0.0000 ,  0.0000 ,  0.0000 ,  0.0000 ,  0.0000 ,  0.0000 ,
  0.0000 ,  0.0000 ,  0.0000 ,  0.0000 ,  0.0000 ,  0.0000 ,
  0.0000 ,  0.0000 ,  0.0000 ,  0.0000 ,  0.0000 ,  0.0000 ,
  0.0000 ,  0.0000 ,  0.0000 ,  0.0000 ,  0.0000 ,  0.0000 ,
  0.0000 ,  0.0000 ,  0.0000 ,  0.0000 ,  0.0000 ,  0.0000 ,
  0.0000 ,  0.0000 ,  0.0000 ,  0.0000 ,  0.0000 ,  0.0000 ,
  0.0000 ,  0.0000 ,  0.0000 ,  0.0000 ,  0.0000 ,  0.0000 ,
  0.0000 ,  0.0000 ,  0.0000 ,  0.0000 ,  0.0000 ,  0.0000 ,
  0.0000 ,  0.0000 ,  0.0000 ,  0.0000 ,  0.0000 ,  0.0000 ,
  0.0000 ,  0.0000 ,  0.0000 ,  0.0000 ,  0.0000 ,  0.0000 ,
  0.0000 ,  0.0000 ,  0.0000 ,  0.0000 ,  0.0000 ,  0.0000 ,
  0.0000 ,  0.0000 ,  0.0000 ,  0.0000 ,  0.0000 ,  0.0000 ,
  0.0000 ,  0.0000 ,  0.0000 ,  0.0000 ,  0.0000 ,  0.0000 ,
  0.0000 ,  0.0000 ,  0.0000 ,  0.0000 ,  0.0000 ,  0.0000 ,
  0.0000 ,  0.0000 ,  0.0000 ,  0.0000 ,  0.0000 ,  0.0000 ,
  0.0000 ,  0.0000 ,  0.0000 ,  0.0000 ,  0.0000 ,  0.0000 ,
  0.0000 ,  0.0000 ,  0.0000 ,  0.0000 ,  0.0000 ,  0.0000 ,
  0.0000 ,  0.0000 ,  0.0000 ,  0.0000 ,  0.0000 ,  0.0000 ,
  0.0000 ,  0.0000 ,  0.0000 ,  0.0000 ,  0.0000 ,  0.0000 ,
  0.0000 ,  0.0000 ,  0.0000 ,  0.0000 ,  0.0000 ,  0.0000 ,
  0.0000 ,  0.0000 ,  0.0000 ,  0.0000 ,  0.0000 ,  0.0000 ,
  0.0000 ,  0.0000 ,  0.0000 ,  0.0000 ,  0.0000 ,  0.0000 ,
  0.0000 ,  0.0000 ,  0.0000 ,  0.0000 ,  0.0000 ,  0.0000 ,
  0.0000 ,  0.0000 ,  0.0000 ,  0.0000 ,  0.0000 ,  0.0000 ,
  0.0000 ,  0.0000 ,  0.0000 ,  0.0000 ,  0.0000 ,  0.0000 ,
  0.0000 ,  0.0000 ,  0.0000 ,  0.0000 ,  0.0000 ,  0.0000 ,
  0.0000 ,  0.0000 ,  0.0000 ,  0.0000 ,  0.0000 ,  0.0000 ,
  0.0000 ,  0.0000 ,  0.0000 ,  0.0000 ,  0.0000 ,  0.0000 ,
  0.0000 ,  0.0000 ,  0.0000 ,  0.0000 ,  0.0000 ,  0.0000 ,
  0.0000 ,  0.0000 ,  0.0000 ,  0.0000 ,  0.0000 ,  0.0000 ,
  0.0000 ,  0.0000 ,  0.0000 ,  0.0000 ,  0.0000 ,  0.0000 ,
  0.0000 ,  0.0000 ,  0.0000 ,  0.0000 ,  0.0000 ,  0.0000 ,
  0.0000 ,  0.0000 ,  0.0000 ,  0.0000 ,  0.0000 ,  0.0000 ,
  0.0000 ,  0.0000 ,  0.0000 ,  0.0000 ,  0.0000 ,  0.0000 ,
  0.0000 ,  0.0000 ,  0.0000 ,  0.0000 ,  0.0000 ,  0.0000 ,
  0.0000 ,  0.0000 ,  0.0000 ,  0.0000 ,  0.0000 ,  0.0000 ,
  0.0000 ,  0.0000 ,  0.0000 ,  0.0000 ,  0.0000 ,  0.0000 ,
  0.0000 ,  0.0000 ,  0.0000 ,  0.0000 ,  0.0000 ,  0.0000 ,
  0.0000 ,  0.0000 ,  0.0000 ,  0.0000 ,  0.0000 ,  0.0000 ,
  0.0000 ,  0.0000 ,  0.0000 ,  0.0000 ,  0.0000 ,  0.0000 ,
  0.0000 ,  0.0000 ,  0.0000 ,  0.0000 ,  0.0000 ,  0.0000 ,
  0.0000 ,  0.0000 ,  0.0000 ,  0.0000 ,  0.0000 ,  0.0000 ,
  0.0000 ,  0.0000 ,  0.0000 ,  0.0000 ,  0.0000 ,  0.0000 ,
  0.0000 ,  0.0000 ,  0.0000 ,  0.0000 ,  0.0000 ,  0.0000 ,
  0.0000 ,  0.0000 ,  0.0000 ,  0.0000 ,  0.0000 ,  0.0000 ,
  0.0000 ,  0.0000 ,  0.0000 ,  0.0000 ,  0.0000 ,  0.0000 ,
  0.0000 ,  0.0000 ,  0.0000 ,  0.0000 ,  0.0000 ,  0.0000 ,
  0.0000 ,  0.0000 ,  0.0000 ,  0.0000 ,  0.0000 ,  0.0000 ,
  0.0000 ,  0.0000 ,  0.0000 ,  0.0000 ,  0.0000 ,  0.0000 ,
  0.0000 ,  0.0000 ,  0.0000 ,  0.0000 ,  0.0000 ,  0.0000 ,
  0.0000 ,  0.0000 ,  0.0000 ,  0.0000 ,  0.0000 ,  0.0000 ,
  0.0000 ,  0.0000 ,  0.0000 ,  0.0000 ,  0.0000 ,  0.0000 ,
  0.0000 ,  0.0000 ,  0.0000 ,  0.0000 ,  0.0000 ,  0.0000 ,
  0.0000 ,  0.0000 ,  0.0000 ,  0.0000 ,  0.0000 ,  0.0000 ,
  0.0000 ,  0.0000 ,  0.0000 ,  0.0000 ,  0.0000 ,  0.0000 ,
  0.0000 ,  0.0000 ,  0.0000 ,  0.0000 ,  0.0000 ,  0.0000 ,
  0.0000 ,  0.0000 ,  0.0000 ,  0.0000 ,  0.0000 ,  0.0000 ,
  0.0000 ,  0.0000 ,  0.0000 ,  0.0000 ,  0.0000 ,  0.0000 ,
  0.0000 ,  0.0000 ,  0.0000 ,  0.0000 ,  0.0000 ,  0.0000 ,
  0.0000 ,  0.0000 ,  0.0000 ,  0.0000 ,  0.0000 ,  0.0000 ,
  0.0000 ,  0.0000 ,  0.0000 ,  0.0000 ,  0.0000 ,  0.0000 ,
  0.0000 ,  0.0000 ,  0.0000 ,  0.0000 ,  0.0000 ,  0.0000 ,
  0.0000 ,  0.0000 ,  0.0000 ,  0.0000 ,  0.0000 ,  0.0000 ,
  0.0000 ,  0.0000 ,  0.0000 ,  0.0000 ,  0.0000 ,  0.0000 ,
  0.0000 ,  0.0000 ,  0.0000 ,  0.0000 ,  0.0000 ,  0.0000 ,
  0.0000 ,  0.0000 ,  0.0000 ,  0.0000 ,  0.0000 ,  0.0000 ,
  0.0000 ,  0.0000 ,  0.0000 ,  0.0000 ,  0.0000 ,  0.0000 ,
  0.0000 ,  0.0000 ,  0.0000 ,  0.0000 ,  0.0000 ,  0.0000 ,
  0.0000 ,  0.0000 ,  0.0000 ,  0.0000 ,  0.0000 ,  0.0000 ,
  0.0000 ,  0.0000 ,  0.0000 ,  0.0000 ,  0.0000 ,  0.0000 ,
  0.0000 ,  0.0000 ,  0.0000 ,  0.0000 ,  0.0000 ,  0.0000 ,
  0.0000 ,  0.0000 ,  0.0000 ,  0.0000 ,  0.0000 ,  0.0000 ,
  0.0000 ,  0.0000 ,  0.0000 ,  0.0000 ,  0.0000 ,  0.0000 ,
  0.0000 ,  0.0000 ,  0.0000 ,  0.0000 ,  0.0000 ,  0.0000 ,
  0.0000 ,  0.0000 ,  0.0000 ,  0.0000 ,  0.0000 ,  0.0000 ,
  0.0000 ,  0.0000 ,  0.0000 ,  0.0000 ,  0.0000 ,  0.0000 ,
  0.0000 ,  0.0000 ,  0.0000 ,  0.0000 ,  0.0000 ,  0.0000 ,
  0.0000 ,  0.0000 ,  0.0000 ,  0.0000 ,  0.0000 ,  0.0000 ,
  0.0000 ,  0.0000 ,  0.0000 ,  0.0000 ,  0.0000 ,  0.0000 ,
  0.0000 ,  0.0000 ,  0.0000 ,  0.0000 ,  0.0000 ,  0.0000 ,
  0.0000 ,  0.0000 ,  0.0000 ,  0.0000 ,  0.0000 ,  0.0000 ,
  0.0000 ,  0.0000 ,  0.0000 ,  0.0000 ,  0.0000 ,  0.0000 ,
  0.0000 ,  0.0000 ,  0.0000 ,  0.0000 ,  0.0000 ,  0.0000 ,
  0.0000 ,  0.0000 ,  0.0000 ,  0.0000 ,  0.0000 ,  0.0000 ,
  0.0000 ,  0.0000 ,  0.0000 ,  0.0000 ,  0.0000 ,  0.0000 ,
  0.0000 ,  0.0000 ,  0.0000 ,  0.0000 ,  0.0000 ,  0.0000 ,
  0.0000 ,  0.0000 ,  0.0000 ,  0.0000 ,  0.0000 ,  0.0000 ,
  0.0000 ,  0.0000 ,  0.0000 ,  0.0000 ,  0.0000 ,  0.0000 ,
  0.0000 ,  0.0000 ,  0.0000 ,  0.0000 ,  0.0000 ,  0.0000 ,
  0.0000 ,  0.0000 ,  0.0000 ,  0.0000 ,  0.0000 ,  0.0000 ,
  0.0000 ,  0.0000 ,  0.0000 ,  0.0000 ,  0.0000 ,  0.0000 ,
  0.0000 ,  0.0000 ,  0.0000 ,  0.0000 ,  0.0000 ,  0.0000 ,
  0.0000 ,  0.0000 ,  0.0000 ,  0.0000 ,  0.0000 ,  0.0000 ,
  0.0000 ,  0.0000 ,  0.0000 ,  0.0000 ,  0.0000 ,  0.0000 ,
  0.0000 ,  0.0000 ,  0.0000 ,  0.0000 ,  0.0000 ,  0.0000 ,
  0.0000 ,  0.0000 ,  0.0000 ,  0.0000 ,  0.0000 ,  0.0000 ,
  0.0000 ,  0.0000 ,  0.0000 ,  0.0000 ,  0.0000 ,  0.0000 ,
  0.0000 ,  0.0000 ,  0.0000 ,  0.0000 ,  0.0000 ,  0.0000 ,
  0.0000 ,  0.0000 ,  0.0000 ,  0.0000 ,  0.0000 ,  0.0000 ,
  0.0000 ,  0.0000 ,  0.0000 ,  0.0000 ,  0.0000 ,  0.0000 ,
  0.0000 ,  0.0000 ,  0.0000 ,  0.0000 ,  0.0000 ,  0.0000 ,
  0.0000 ,  0.0000 ,  0.0000 ,  0.0000 ,  0.0000 ,  0.0000 ,
  0.0000 ,  0.0000 ,  0.0000 ,  0.0000 ,  0.0000 ,  0.0000 ,
  0.0000 ,  0.0000 ,  0.0000 ,  0.0000 ,  0.0000 ,  0.0000 ,
  0.0000 ,  0.0000 ,  0.0000 ,  0.0000 ,  0.0000 ,  0.0000 ,
  0.0000 ,  0.0000 ,  0.0000 ,  0.0000 ,  0.0000 ,  0.0000 ,
  0.0000 ,  0.0000 ,  0.0000 ,  0.0000 ,  0.0000 ,  0.0000 ,
  0.0000 ,  0.0000 ,  0.0000 ,  0.0000 ,  0.0000 ,  0.0000 ,
  0.0000 ,  0.0000 ,  0.0000 ,  0.0000 ,  0.0000 ,  0.0000 ,
  0.0000 ,  0.0000 ,  0.0000 ,  0.0000 ,  0.0000 ,  0.0000 ,
  0.0000 ,  0.0000 ,  0.0000 ,  0.0000 ,  0.0000 ,  0.0000 ,
  0.0000 ,  0.0000 ,  0.0000 ,  0.0000 ,  0.0000 ,  0.0000 ,
  0.0000 ,  0.0000 ,  0.0000 ,  0.0000 ,  0.0000 ,  0.0000 ,
  0.0000 ,  0.0000 ,  0.0000 ,  0.0000 ,  0.0000 ,  0.0000 ,
  0.0000 ,  0.0000 ,  0.0000 ,  0.0000 ,  0.0000 ,  0.0000 ,
  0.0000 ,  0.0000 ,  0.0000 ,  0.0000 ,  0.0000 ,  0.0000 ,
  0.0000 ,  0.0000 ,  0.0000 ,  0.0000 ,  0.0000 ,  0.0000 ,
  0.0000 ,  0.0000 ,  0.0000 ,  0.0000 ,  0.0000 ,  0.0000 ,
  0.0000 ,  0.0000 ,  0.0000 ,  0.0000 ,  0.0000 ,  0.0000 ,
  0.0000 ,  0.0000 ,  0.0000 ,  0.0000 ,  0.0000 ,  0.0000 ,
  0.0000 ,  0.0000 ,  0.0000 ,  0.0000 ,  0.0000 ,  0.0000 ,
  0.0000 ,  0.0000 ,  0.0000 ,  0.0000 ,  0.0000 ,  0.0000 ,
  0.0000 ,  0.0000 ,  0.0000 ,  0.0000 ,  0.0000 ,  0.0000 ,
  0.0000 ,  0.0000 ,  0.0000 ,  0.0000 ,  0.0000 ,  0.0000 ,
  0.0000 ,  0.0000 ,  0.0000 ,  0.0000 ,  0.0000 ,  0.0000 ,
  0.0000 ,  0.0000 ,  0.0000 ,  0.0000 ,  0.0000 ,  0.0000 ,
  0.0000 ,  0.0000 ,  0.0000 ,  0.0000 ,  0.0000 ,  0.0000 ,
  0.0000 ,  0.0000 ,  0.0000 ,  0.0000 ,  0.0000 ,  0.0000 ,
  0.0000 ,  0.0000 ,  0.0000 ,  0.0000 ,  0.0000 ,  0.0000 ,
  0.0000 ,  0.0000 ,  0.0000 ,  0.0000 ,  0.0000 ,  0.0000 ,
  0.0000 ,  0.0000 ,  0.0000 ,  0.0000 ,  0.0000 ,  0.0000 ,
  0.0000 ,  0.0000 ,  0.0000 ,  0.0000 ,  0.0000 ,  0.0000 ,
  0.0000 ,  0.0000 ,  0.0000 ,  0.0000 ,  0.0000 ,  0.0000 ,
  0.0000 ,  0.0000 ,  0.0000 ,  0.0000 ,  0.0000 ,  0.0000 ,
  0.0000 ,  0.0000 ,  0.0000 ,  0.0000 ,  0.0000 ,  0.0000 ,
  0.0000 ,  0.0000 ,  0.0000 ,  0.0000 ,  0.0000 ,  0.0000 ,
  0.0000 ,  0.0000 ,  0.0000 ,  0.0000 ,  0.0000 ,  0.0000 ,
  0.0000 ,  0.0000 ,  0.0000 ,  0.0000 ,  0.0000 ,  0.0000 ,
  0.0000 ,  0.0000 ,  0.0000 ,  0.0000 ,  0.0000 ,  0.0000 ,
  0.0000 ,  0.0000 ,  0.0000 ,  0.0000 ,  0.0000 ,  0.0000 ,
  0.0000 ,  0.0000 ,  0.0000 ,  0.0000 ,  0.0000 ,  0.0000 ,
  0.0000 ,  0.0000 ,  0.0000 ,  0.0000 ,  0.0000 ,  0.0000 ,
  0.0000 ,  0.0000 ,  0.0000 ,  0.0000 ,  0.0000 ,  0.0000 ,
  0.0000 ,  0.0000 ,  0.0000 ,  0.0000 ,  0.0000 ,  0.0000 ,
  0.0000 ,  0.0000 ,  0.0000 ,  0.0000 ,  0.0000 ,  0.0000 ,
  0.0000 ,  0.0000 ,  0.0000 ,  0.0000 ,  0.0000 ,  0.0000 ,
  0.0000 ,  0.0000 ,  0.0000 ,  0.0000 ,  0.0000 ,  0.0000 ,
  0.0000 ,  0.0000 ,  0.0000 ,  0.0000 ,  0.0000 ,  0.0000 ,
  0.0000 ,  0.0000 ,  0.0000 ,  0.0000 ,  0.0000 ,  0.0000 ,
  0.0000 ,  0.0000 ,  0.0000 ,  0.0000 ,  0.0000 ,  0.0000 ,
  0.0000 ,  0.0000 ,  0.0000 ,  0.0000 ,  0.0000 ,  0.0000 ,
  0.0000 ,  0.0000 ,  0.0000 ,  0.0000 ,  0.0000 ,  0.0000 ,
  0.0000 ,  0.0000 ,  0.0000 ,  0.0000 ,  0.0000 ,  0.0000 ,
  0.0000 ,  0.0000 ,  0.0000 ,  0.0000 ,  0.0000 ,  0.0000 ,
  0.0000 ,  0.0000 ,  0.0000 ,  0.0000 ,  0.0000 ,  0.0000 ,
  0.0000 ,  0.0000 ,  0.0000 ,  0.0000 ,  0.0000 ,  0.0000 ,
  0.0000 ,  0.0000 ,  0.0000 ,  0.0000 ,  0.0000 ,  0.0000 ,
  0.0000 ,  0.0000 ,  0.0000 ,  0.0000 ,  0.0000 ,  0.0000 ,
  0.0000 ,  0.0000 ,  0.0000 ,  0.0000 ,  0.0000 ,  0.0000 ,
  0.0000 ,  0.0000 ,  0.0000 ,  0.0000 ,  0.0000 ,  0.0000 ,
  0.0000 ,  0.0000 ,  0.0000 ,  0.0000 ,  0.0000 ,  0.0000 ,
  0.0000 ,  0.0000 ,  0.0000 ,  0.0000 ,  0.0000 ,  0.0000 ,
  0.0000 ,  0.0000 ,  0.0000 ,  0.0000 ,  0.0000 ,  0.0000 ,
  0.0000 ,  0.0000 ,  0.0000 ,  0.0000 ,  0.0000 ,  0.0000 ,
  0.0000 ,  0.0000 ,  0.0000 ,  0.0000 ,  0.0000 ,  0.0000 ,
  0.0000 ,  0.0000 ,  0.0000 ,  0.0000 ,  0.0000 ,  0.0000 ,
  0.0000 ,  0.0000 ,  0.0000 ,  0.0000 ,  0.0000 ,  0.0000 ,
  0.0000 ,  0.0000 ,  0.0000 ,  0.0000 ,  0.0000 ,  0.0000 ,
  0.0000 ,  0.0000 ,  0.0000 ,  0.0000 ,  0.0000 ,  0.0000 ,
  0.0000 ,  0.0000 ,  0.0000 ,  0.0000 ,  0.0000 ,  0.0000 ,
  0.0000 ,  0.0000 ,  0.0000 ,  0.0000 ,  0.0000 ,  0.0000 ,
  0.0000 ,  0.0000 ,  0.0000 ,  0.0000 ,  0.0000 ,  0.0000 ,
  0.0000 ,  0.0000 ,  0.0000 ,  0.0000 ,  0.0000 ,  0.0000 ,
  0.0000 ,  0.0000 ,  0.0000 ,  0.0000 ,  0.0000 ,  0.0000 ,
  0.0000 ,  0.0000 ,  0.0000 ,  0.0000 ,  0.0000 ,  0.0000 ,
  0.0000 ,  0.0000 ,  0.0000 ,  0.0000 ,  0.0000 ,  0.0000 ,
  0.0000 ,  0.0000 ,  0.0000 ,  0.0000 ,  0.0000 ,  0.0000 ,
  0.0000 ,  0.0000 ,  0.0000 ,  0.0000 ,  0.0000 ,  0.0000 ,
  0.0000 ,  0.0000 ,  0.0000 ,  0.0000 ,  0.0000 ,  0.0000 ,
  0.0000 ,  0.0000 ,  0.0000 ,  0.0000 ,  0.0000 ,  0.0000 ,
  0.0000 ,  0.0000 ,  0.0000 ,  0.0000 ,  0.0000 ,  0.0000 ,
  0.0000 ,  0.0000 ,  0.0000 ,  0.0000 ,  0.0000 ,  0.0000 ,
  0.0000 ,  0.0000 ,  0.0000 ,  0.0000 ,  0.0000 ,  0.0000 ,
  0.0000 ,  0.0000 ,  0.0000 ,  0.0000 ,  0.0000 ,  0.0000 ,
  0.0000 ,  0.0000 ,  0.0000 ,  0.0000 ,  0.0000 ,  0.0000 ,
  0.0000 ,  0.0000 ,  0.0000 ,  0.0000 ,  0.0000 ,  0.0000 ,
  0.0000 ,  0.0000 ,  0.0000 ,  0.0000 ,  0.0000 ,  0.0000 ,
  0.0000 ,  0.0000 ,  0.0000 ,  0.0000 ,  0.0000 ,  0.0000 ,
  0.0000 ,  0.0000 ,  0.0000 ,  0.0000 ,  0.0000 ,  0.0000 ,
  0.0000 ,  0.0000 ,  0.0000 ,  0.0000 ,  0.0000 ,  0.0000 ,
  0.0000 ,  0.0000 ,  0.0000 ,  0.0000 ,  0.0000 ,  0.0000 ,
  0.0000 ,  0.0000 ,  0.0000 ,  0.0000 ,  0.0000 ,  0.0000 ,
  0.0000 ,  0.0000 ,  0.0000 ,  0.0000 ,  0.0000 ,  0.0000 ,
  0.0000 ,  0.0000 ,  0.0000 ,  0.0000 ,  0.0000 ,  0.0000 ,
  0.0000 ,  0.0000 ,  0.0000 ,  0.0000 ,  0.0000 ,  0.0000 ,
  0.0000 ,  0.0000 ,  0.0000 ,  0.0000 ,  0.0000 ,  0.0000 ,
  0.0000 ,  0.0000 ,  0.0000 ,  0.0000 ,  0.0000 ,  0.0000 ,
  0.0000 ,  0.0000 ,  0.0000 ,  0.0000 ,  0.0000 ,  0.0000 ,
  0.0000 ,  0.0000 ,  0.0000 ,  0.0000 ,  0.0000 ,  0.0000 ,
  0.0000 ,  0.0000 ,  0.0000 ,  0.0000 ,  0.0000 ,  0.0000 ,
  0.0000 ,  0.0000 ,  0.0000 ,  0.0000 ,  0.0000 ,  0.0000 ,
  0.0000 ,  0.0000 ,  0.0000 ,  0.0000 ,  0.0000 ,  0.0000 ,
  0.0000 ,  0.0000 ,  0.0000 ,  0.0000 ,  0.0000 ,  0.0000 ,
  0.0000 ,  0.0000 ,  0.0000 ,  0.0000 ,  0.0000 ,  0.0000 ,
  0.0000 ,  0.0000 ,  0.0000 ,  0.0000 ,  0.0000 ,  0.0000 ,
  0.0000 ,  0.0000 ,  0.0000 ,  0.0000 ,  0.0000 ,  0.0000 ,
  0.0000 ,  0.0000 ,  0.0000 ,  0.0000 ,  0.0000 ,  0.0000 ,
  0.0000 ,  0.0000 ,  0.0000 ,  0.0000 ,  0.0000 ,  0.0000 ,
  0.0000 ,  0.0000 ,  0.0000 ,  0.0000 ,  0.0000 ,  0.0000 ,
  0.0000 ,  0.0000 ,  0.0000 ,  0.0000 ,  0.0000 ,  0.0000 ,
  0.0000 ,  0.0000 ,  0.0000 ,  0.0000 ,  0.0000 ,  0.0000 ,
  0.0000 ,  0.0000 ,  0.0000 ,  0.0000 ,  0.0000 ,  0.0000 ,
  0.0000 ,  0.0000 ,  0.0000 ,  0.0000 ,  0.0000 ,  0.0000 ,
  0.0000 ,  0.0000 ,  0.0000 ,  0.0000 ,  0.0000 ,  0.0000 ,
  0.0000 ,  0.0000 ,  0.0000 ,  0.0000 ,  0.0000 ,  0.0000 ,
  0.0000 ,  0.0000 ,  0.0000 ,  0.0000 ,  0.0000 ,  0.0000 ,
  0.0000 ,  0.0000 ,  0.0000 ,  0.0000 ,  0.0000 ,  0.0000 ,
  0.0000 ,  0.0000 ,  0.0000 ,  0.0000 ,  0.0000 ,  0.0000 ,
  0.0000 ,  0.0000 ,  0.0000 ,  0.0000 ,  0.0000 ,  0.0000 ,
  0.0000 ,  0.0000 ,  0.0000 ,  0.0000 ,  0.0000 ,  0.0000 ,
  0.0000 ,  0.0000 ,  0.0000 ,  0.0000 ,  0.0000 ,  0.0000 ,
  0.0000 ,  0.0000 ,  0.0000 ,  0.0000 ,  0.0000 ,  0.0000 ,
  0.0000 ,  0.0000 ,  0.0000 ,  0.0000 ,  0.0000 ,  0.0000 ,
  0.0000 ,  0.0000 ,  0.0000 ,  0.0000 ,  0.0000 ,  0.0000 ,
  0.0000 ,  0.0000 ,  0.0000 ,  0.0000 ,  0.0000 ,  0.0000 ,
  0.0000 ,  0.0000 ,  0.0000 ,  0.0000 ,  0.0000 ,  0.0000 ,
  0.0000 ,  0.0000 ,  0.0000 ,  0.0000 ,  0.0000 ,  0.0000 ,
  0.0000 ,  0.0000 ,  0.0000 ,  0.0000 ,  0.0000 ,  0.0000 ,
  0.0000 ,  0.0000 ,  0.0000 ,  0.0000 ,  0.0000 ,  0.0000 ,
  0.0000 ,  0.0000 ,  0.0000 ,  0.0000 ,  0.0000 ,  0.0000 ,
  0.0000 ,  0.0000 ,  0.0000 ,  0.0000 ,  0.0000 ,  0.0000 ,
  0.0000 ,  0.0000 ,  0.0000 ,  0.0000 ,  0.0000 ,  0.0000 ,
  0.0000 ,  0.0000 ,  0.0000 ,  0.0000 ,  0.0000 ,  0.0000 ,
  0.0000 ,  0.0000 ,  0.0000 ,  0.0000 ,  0.0000 ,  0.0000 ,
  0.0000 ,  0.0000 ,  0.0000 ,  0.0000 ,  0.0000 ,  0.0000 ,
  0.0000 ,  0.0000 ,  0.0000 ,  0.0000 ,  0.0000 ,  0.0000 ,
  0.0000 ,  0.0000 ,  0.0000 ,  0.0000 ,  0.0000 ,  0.0000 ,
  0.0000 ,  0.0000 ,  0.0000 ,  0.0000 ,  0.0000 ,  0.0000 ,
  0.0000 ,  0.0000 ,  0.0000 ,  0.0000 ,  0.0000 ,  0.0000 ,
  0.0000 ,  0.0000 ,  0.0000 ,  0.0000 ,  0.0000 ,  0.0000 ,
  0.0000 ,  0.0000 ,  0.0000 ,  0.0000 ,  0.0000 ,  0.0000 ,
  0.0000 ,  0.0000 ,  0.0000 ,  0.0000 ,  0.0000 ,  0.0000 ,
  0.0000 ,  0.0000 ,  0.0000 ,  0.0000 ,  0.0000 ,  0.0000 ,
  0.0000 ,  0.0000 ,  0.0000 ,  0.0000 ,  0.0000 ,  0.0000 ,
  0.0000 ,  0.0000 ,  0.0000 ,  0.0000 ,  0.0000 ,  0.0000 ,
  0.0000 ,  0.0000 ,  0.0000 ,  0.0000 ,  0.0000 ,  0.0000 ,
  0.0000 ,  0.0000 ,  0.0000 ,  0.0000 ,  0.0000 ,  0.0000 ,
  0.0000 ,  0.0000 ,  0.0000 ,  0.0000 ,  0.0000 ,  0.0000 ,
  0.0000 ,  0.0000 ,  0.0000 ,  0.0000 ,  0.0000 ,  0.0000 ,
  0.0000 ,  0.0000 ,  0.0000 ,  0.0000 ,  0.0000 ,  0.0000 ,
  0.0000 ,  0.0000 ,  0.0000 ,  0.0000 ,  0.0000 ,  0.0000 ,
  0.0000 ,  0.0000 ,  0.0000 ,  0.0000 ,  0.0000 ,  0.0000 ,
  0.0000 ,  0.0000 ,  0.0000 ,  0.0000 ,  0.0000 ,  0.0000 ,
  0.0000 ,  0.0000 ,  0.0000 ,  0.0000 ,  0.0000 ,  0.0000 ,
  0.0000 ,  0.0000 ,  0.0000 ,  0.0000 ,  0.0000 ,  0.0000 ,
  0.0000 ,  0.0000 ,  0.0000 ,  0.0000 ,  0.0000 ,  0.0000 ,
  0.0000 ,  0.0000 ,  0.0000 ,  0.0000 ,  0.0000 ,  0.0000 ,
  0.0000 ,  0.0000 ,  0.0000 ,  0.0000 ,  0.0000 ,  0.0000 ,
  0.0000 ,  0.0000 ,  0.0000 ,  0.0000 ,  0.0000 ,  0.0000 ,
  0.0000 ,  0.0000 ,  0.0000 ,  0.0000 ,  0.0000 ,  0.0000 ,
  0.0000 ,  0.0000 ,  0.0000 ,  0.0000 ,  0.0000 ,  0.0000 ,
  0.0000 ,  0.0000 ,  0.0000 ,  0.0000 ,  0.0000 ,  0.0000 ,
  0.0000 ,  0.0000 ,  0.0000 ,  0.0000 ,  0.0000 ,  0.0000 ,
  0.0000 ,  0.0000 ,  0.0000 ,  0.0000 ,  0.0000 ,  0.0000 ,
  0.0000 ,  0.0000 ,  0.0000 ,  0.0000 ,  0.0000 ,  0.0000 ,
  0.0000 ,  0.0000 ,  0.0000 ,  0.0000 ,  0.0000 ,  0.0000 ,
  0.0000 ,  0.0000 ,  0.0000 ,  0.0000 ,  0.0000 ,  0.0000 ,
  0.0000 ,  0.0000 ,  0.0000 ,  0.0000 ,  0.0000 ,  0.0000 ,
  0.0000 ,  0.0000 ,  0.0000 ,  0.0000 ,  0.0000 ,  0.0000 ,
  0.0000 ,  0.0000 ,  0.0000 ,  0.0000 ,  0.0000 ,  0.0000 ,
  0.0000 ,  0.0000 ,  0.0000 ,  0.0000 ,  0.0000 ,  0.0000 ,
  0.0000 ,  0.0000 ,  0.0000 ,  0.0000 ,  0.0000 ,  0.0000 ,
  0.0000 ,  0.0000 ,  0.0000 ,  0.0000 ,  0.0000 ,  0.0000 ,
  0.0000 ,  0.0000 ,  0.0000 ,  0.0000 ,  0.0000 ,  0.0000 ,
  0.0000 ,  0.0000 ,  0.0000 ,  0.0000 ,  0.0000 ,  0.0000 ,
  0.0000 ,  0.0000 ,  0.0000 ,  0.0000 ,  0.0000 ,  0.0000 ,
  0.0000 ,  0.0000 ,  0.0000 ,  0.0000 ,  0.0000 ,  0.0000 ,
  0.0000 ,  0.0000 ,  0.0000 ,  0.0000 ,  0.0000 ,  0.0000 ,
  0.0000 ,  0.0000 ,  0.0000 ,  0.0000 ,  0.0000 ,  0.0000 ,
  0.0000 ,  0.0000 ,  0.0000 ,  0.0000 ,  0.0000 ,  0.0000 ,
  0.0000 ,  0.0000 ,  0.0000 ,  0.0000 ,  0.0000 ,  0.0000 ,
  0.0000 ,  0.0000 ,  0.0000 ,  0.0000 ,  0.0000 ,  0.0000 ,
  0.0000 ,  0.0000 ,  0.0000 ,  0.0000 ,  0.0000 ,  0.0000 ,
  0.0000 ,  0.0000 ,  0.0000 ,  0.0000 ,  0.0000 ,  0.0000 ,
  0.0000 ,  0.0000 ,  0.0000 ,  0.0000 ,  0.0000 ,  0.0000 ,
  0.0000 ,  0.0000 ,  0.0000 ,  0.0000 ,  0.0000 ,  0.0000 ,
  0.0000 ,  0.0000 ,  0.0000 ,  0.0000 ,  0.0000 ,  0.0000 ,
  0.0000 ,  0.0000 ,  0.0000 ,  0.0000 ,  0.0000 ,  0.0000 ,
  0.0000 ,  0.0000 ,  0.0000 ,  0.0000 ,  0.0000 ,  0.0000 ,
  0.0000 ,  0.0000 ,  0.0000 ,  0.0000 ,  0.0000 ,  0.0000 ,
  0.0000 ,  0.0000 ,  0.0000 ,  0.0000 ,  0.0000 ,  0.0000 ,
  0.0000 ,  0.0000 ,  0.0000 ,  0.0000 ,  0.0000 ,  0.0000 ,
  0.0000 ,  0.0000 ,  0.0000 ,  0.0000 ,  0.0000 ,  0.0000 ,
  0.0000 ,  0.0000 ,  0.0000 ,  0.0000 ,  0.0000 ,  0.0000 ,
  0.0000 ,  0.0000 ,  0.0000 ,  0.0000 ,  0.0000 ,  0.0000 ,
  0.0000 ,  0.0000 ,  0.0000 ,  0.0000 ,  0.0000 ,  0.0000 ,
  0.0000 ,  0.0000 ,  0.0000 ,  0.0000 ,  0.0000 ,  0.0000 ,
  0.0000 ,  0.0000 ,  0.0000 ,  0.0000 ,  0.0000 ,  0.0000 ,
  0.0000 ,  0.0000 ,  0.0000 ,  0.0000 ,  0.0000 ,  0.0000 ,
  0.0000 ,  0.0000 ,  0.0000 ,  0.0000 ,  0.0000 ,  0.0000 ,
  0.0000 ,  0.0000 ,  0.0000 ,  0.0000 ,  0.0000 ,  0.0000 ,
  0.0000 ,  0.0000 ,  0.0000 ,  0.0000 ,  0.0000 ,  0.0000 ,
  0.0000 ,  0.0000 ,  0.0000 ,  0.0000 ,  0.0000 ,  0.0000 ,
  0.0000 ,  0.0000 ,  0.0000 ,  0.0000 ,  0.0000 ,  0.0000 ,
  0.0000 ,  0.0000 ,  0.0000 ,  0.0000 ,  0.0000 ,  0.0000 ,
  0.0000 ,  0.0000 ,  0.0000 ,  0.0000 ,  0.0000 ,  0.0000 ,
  0.0000 ,  0.0000 ,  0.0000 ,  0.0000 ,  0.0000 ,  0.0000 ,
  0.0000 ,  0.0000 ,  0.0000 ,  0.0000 ,  0.0000 ,  0.0000 ,
  0.0000 ,  0.0000 ,  0.0000 ,  0.0000 ,  0.0000 ,  0.0000 ,
  0.0000 ,  0.0000 ,  0.0000 ,  0.0000 ,  0.0000 ,  0.0000 ,
  0.0000 ,  0.0000 ,  0.0000 ,  0.0000 ,  0.0000 ,  0.0000 ,
  0.0000 ,  0.0000 ,  0.0000 ,  0.0000 ,  0.0000 ,  0.0000 ,
  0.0000 ,  0.0000 ,  0.0000 ,  0.0000 ,  0.0000 ,  0.0000 ,
  0.0000 ,  0.0000 ,  0.0000 ,  0.0000 ,  0.0000 ,  0.0000 ,
  0.0000 ,  0.0000 ,  0.0000 ,  0.0000 ,  0.0000 ,  0.0000 ,
  0.0000 ,  0.0000 ,  0.0000 ,  0.0000 ,  0.0000 ,  0.0000 ,
  0.0000 ,  0.0000 ,  0.0000 ,  0.0000 ,  0.0000 ,  0.0000 ,
  0.0000 ,  0.0000 ,  0.0000 ,  0.0000 ,  0.0000 ,  0.0000 ,
  0.0000 ,  0.0000 ,  0.0000 ,  0.0000 ,  0.0000 ,  0.0000 ,
  0.0000 ,  0.0000 ,  0.0000 ,  0.0000 ,  0.0000 ,  0.0000 ,
  0.0000 ,  0.0000 ,  0.0000 ,  0.0000 ,  0.0000 ,  0.0000 ,
  0.0000 ,  0.0000 ,  0.0000 ,  0.0000 ,  0.0000 ,  0.0000 ,
  0.0000 ,  0.0000 ,  0.0000 ,  0.0000 ,  0.0000 ,  0.0000 ,
  0.0000 ,  0.0000 ,  0.0000 ,  0.0000 ,  0.0000 ,  0.0000 ,
  0.0000 ,  0.0000 ,  0.0000 ,  0.0000 ,  0.0000 ,  0.0000 ,
  0.0000 ,  0.0000 ,  0.0000 ,  0.0000 ,  0.0000 ,  0.0000 ,
  0.0000 ,  0.0000 ,  0.0000 ,  0.0000 ,  0.0000 ,  0.0000 ,
  0.0000 ,  0.0000 ,  0.0000 ,  0.0000 ,  0.0000 ,  0.0000 ,
  0.0000 ,  0.0000 ,  0.0000 ,  0.0000 ,  0.0000 ,  0.0000 ,
  0.0000 ,  0.0000 ,  0.0000 ,  0.0000 ,  0.0000 ,  0.0000 ,
  0.0000 ,  0.0000 ,  0.0000 ,  0.0000 ,  0.0000 ,  0.0000 ,
  0.0000 ,  0.0000 ,  0.0000 ,  0.0000 ,  0.0000 ,  0.0000 ,
  0.0000 ,  0.0000 ,  0.0000 ,  0.0000 ,  0.0000 ,  0.0000 ,
  0.0000 ,  0.0000 ,  0.0000 ,  0.0000 ,  0.0000 ,  0.0000 ,
  0.0000 ,  0.0000 ,  0.0000 ,  0.0000 ,  0.0000 ,  0.0000 ,
  0.0000 ,  0.0000 ,  0.0000 ,  0.0000 ,  0.0000 ,  0.0000 ,
  0.0000 ,  0.0000 ,  0.0000 ,  0.0000 ,  0.0000 ,  0.0000 ,
  0.0000 ,  0.0000 ,  0.0000 ,  0.0000 ,  0.0000 ,  0.0000 ,
  0.0000 ,  0.0000 ,  0.0000 ,  0.0000 ,  0.0000 ,  0.0000 ,
  0.0000 ,  0.0000 ,  0.0000 ,  0.0000 ,  0.0000 ,  0.0000 ,
  0.0000 ,  0.0000 ,  0.0000 ,  0.0000 ,  0.0000 ,  0.0000 ,
  0.0000 ,  0.0000 ,  0.0000 ,  0.0000 ,  0.0000 ,  0.0000 ,
  0.0000 ,  0.0000 ,  0.0000 ,  0.0000 ,  0.0000 ,  0.0000 ,
  0.0000 ,  0.0000 ,  0.0000 ,  0.0000 ,  0.0000 ,  0.0000 ,
  0.0000 ,  0.0000 ,  0.0000 ,  0.0000 ,  0.0000 ,  0.0000 ,
  0.0000 ,  0.0000 ,  0.0000 ,  0.0000 ,  0.0000 ,  0.0000 ,
  0.0000 ,  0.0000 ,  0.0000 ,  0.0000 ,  0.0000 ,  0.0000 ,
  0.0000 ,  0.0000 ,  0.0000 ,  0.0000 ,  0.0000 ,  0.0000 ,
  0.0000 ,  0.0000 ,  0.0000 ,  0.0000 ,  0.0000 ,  0.0000 ,
  0.0000 ,  0.0000 ,  0.0000 ,  0.0000 ,  0.0000 ,  0.0000 ,
  0.0000 ,  0.0000 ,  0.0000 ,  0.0000 ,  0.0000 ,  0.0000 ,
  0.0000 ,  0.0000 ,  0.0000 ,  0.0000 ,  0.0000 ,  0.0000 ,
  0.0000 ,  0.0000 ,  0.0000 ,  0.0000 ,  0.0000 ,  0.0000 ,
  0.0000 ,  0.0000 ,  0.0000 ,  0.0000 ,  0.0000 ,  0.0000 ,
  0.0000 ,  0.0000 ,  0.0000 ,  0.0000 ,  0.0000 ,  0.0000 ,
  0.0000 ,  0.0000 ,  0.0000 ,  0.0000 ,  0.0000 ,  0.0000 ,
  0.0000 ,  0.0000 ,  0.0000 ,  0.0000 ,  0.0000 ,  0.0000 ,
  0.0000 ,  0.0000 ,  0.0000 ,  0.0000 ,  0.0000 ,  0.0000 ,
  0.0000 ,  0.0000 ,  0.0000 ,  0.0000 ,  0.0000 ,  0.0000 ,
  0.0000 ,  0.0000 ,  0.0000 ,  0.0000 ,  0.0000 ,  0.0000 ,
  0.0000 ,  0.0000 ,  0.0000 ,  0.0000 ,  0.0000 ,  0.0000 ,
  0.0000 ,  0.0000 ,  0.0000 ,  0.0000 ,  0.0000 ,  0.0000 ,
  0.0000 ,  0.0000 ,  0.0000 ,  0.0000 ,  0.0000 ,  0.0000 ,
  0.0000 ,  0.0000 ,  0.0000 ,  0.0000 ,  0.0000 ,  0.0000 ,
  0.0000 ,  0.0000 ,  0.0000 ,  0.0000 ,  0.0000 ,  0.0000 ,
  0.0000 ,  0.0000 ,  0.0000 ,  0.0000 ,  0.0000 ,  0.0000 ,
  0.0000 ,  0.0000 ,  0.0000 ,  0.0000 ,  0.0000 ,  0.0000 ,
  0.0000 ,  0.0000 ,  0.0000 ,  0.0000 ,  0.0000 ,  0.0000 ,
  0.0000 ,  0.0000 ,  0.0000 ,  0.0000 ,  0.0000 ,  0.0000 ,
  0.0000 ,  0.0000 ,  0.0000 ,  0.0000 ,  0.0000 ,  0.0000 ,
  0.0000 ,  0.0000 ,  0.0000 ,  0.0000 ,  0.0000 ,  0.0000 ,
  0.0000 ,  0.0000 ,  0.0000 ,  0.0000 ,  0.0000 ,  0.0000 ,
  0.0000 ,  0.0000 ,  0.0000 ,  0.0000 ,  0.0000 ,  0.0000 ,
  0.0000 ,  0.0000 ,  0.0000 ,  0.0000 ,  0.0000 ,  0.0000 ,
  0.0000 ,  0.0000 ,  0.0000 ,  0.0000 ,  0.0000 ,  0.0000 ,
  0.0000 ,  0.0000 ,  0.0000 ,  0.0000 ,  0.0000 ,  0.0000 ,
  0.0000 ,  0.0000 ,  0.0000 ,  0.0000 ,  0.0000 ,  0.0000 ,
  0.0000 ,  0.0000 ,  0.0000 ,  0.0000 ,  0.0000 ,  0.0000 ,
  0.0000 ,  0.0000 ,  0.0000 ,  0.0000 ,  0.0000 ,  0.0000 ,
  0.0000 ,  0.0000 ,  0.0000 ,  0.0000 ,  0.0000 ,  0.0000 ,
  0.0000 ,  0.0000 ,  0.0000 ,  0.0000 ,  0.0000 ,  0.0000 ,
  0.0000 ,  0.0000 ,  0.0000 ,  0.0000 ,  0.0000 ,  0.0000 ,
  0.0000 ,  0.0000 ,  0.0000 ,  0.0000 ,  0.0000 ,  0.0000 ,
  0.0000 ,  0.0000 ,  0.0000 ,  0.0000 ,  0.0000 ,  0.0000 ,
  0.0000 ,  0.0000 ,  0.0000 ,  0.0000 ,  0.0000 ,  0.0000 ,
  0.0000 ,  0.0000 ,  0.0000 ,  0.0000 ,  0.0000 ,  0.0000 ,
  0.0000 ,  0.0000 ,  0.0000 ,  0.0000 ,  0.0000 ,  0.0000 ,
  0.0000 ,  0.0000 ,  0.0000 ,  0.0000 ,  0.0000 ,  0.0000 ,
  0.0000 ,  0.0000 ,  0.0000 ,  0.0000 ,  0.0000 ,  0.0000 ,
  0.0000 ,  0.0000 ,  0.0000 ,  0.0000 ,  0.0000 ,  0.0000 ,
  0.0000 ,  0.0000 ,  0.0000 ,  0.0000 ,  0.0000 ,  0.0000 ,
  0.0000 ,  0.0000 ,  0.0000 ,  0.0000 ,  0.0000 ,  0.0000 ,
  0.0000 ,  0.0000 ,  0.0000 ,  0.0000 ,  0.0000 ,  0.0000 ,
  0.0000 ,  0.0000 ,  0.0000 ,  0.0000 ,  0.0000 ,  0.0000 ,
  0.0000 ,  0.0000 ,  0.0000 ,  0.0000 ,  0.0000 ,  0.0000 ,
  0.0000 ,  0.0000 ,  0.0000 ,  0.0000 ,  0.0000 ,  0.0000 ,
  0.0000 ,  0.0000 ,  0.0000 ,  0.0000 ,  0.0000 ,  0.0000 ,
  0.0000 ,  0.0000 ,  0.0000 ,  0.0000 ,  0.0000 ,  0.0000 ,
  0.0000 ,  0.0000 ,  0.0000 ,  0.0000 ,  0.0000 ,  0.0000 ,
  0.0000 ,  0.0000 ,  0.0000 ,  0.0000 ,  0.0000 ,  0.0000 ,
  0.0000 ,  0.0000 ,  0.0000 ,  0.0000 ,  0.0000 ,  0.0000 ,
  0.0000 ,  0.0000 ,  0.0000 ,  0.0000 ,  0.0000 ,  0.0000 ,
  0.0000 ,  0.0000 ,  0.0000 ,  0.0000 ,  0.0000 ,  0.0000 ,
  0.0000 ,  0.0000 ,  0.0000 ,  0.0000 ,  0.0000 ,  0.0000 ,
  0.0000 ,  0.0000 ,  0.0000 ,  0.0000 ,  0.0000 ,  0.0000 ,
  0.0000 ,  0.0000 ,  0.0000 ,  0.0000 ,  0.0000 ,  0.0000 ,
  0.0000 ,  0.0000 ,  0.0000 ,  0.0000 ,  0.0000 ,  0.0000 ,
  0.0000 ,  0.0000 ,  0.0000 ,  0.0000 ,  0.0000 ,  0.0000 ,
  0.0000 ,  0.0000 ,  0.0000 ,  0.0000 ,  0.0000 ,  0.0000 ,
  0.0000 ,  0.0000 ,  0.0000 ,  0.0000 ,  0.0000 ,  0.0000 ,
  0.0000 ,  0.0000 ,  0.0000 ,  0.0000 ,  0.0000 ,  0.0000 ,
  0.0000 ,  0.0000 ,  0.0000 ,  0.0000 ,  0.0000 ,  0.0000 ,
  0.0000 ,  0.0000 ,  0.0000 ,  0.0000 ,  0.0000 ,  0.0000 ,
  0.0000 ,  0.0000 ,  0.0000 ,  0.0000 ,  0.0000 ,  0.0000 ,
  0.0000 ,  0.0000 ,  0.0000 ,  0.0000 ,  0.0000 ,  0.0000 ,
  0.0000 ,  0.0000 ,  0.0000 ,  0.0000 ,  0.0000 ,  0.0000 ,
  0.0000 ,  0.0000 ,  0.0000 ,  0.0000 ,  0.0000 ,  0.0000 ,
  0.0000 ,  0.0000 ,  0.0000 ,  0.0000 ,  0.0000 ,  0.0000 ,
  0.0000 ,  0.0000 ,  0.0000 ,  0.0000 ,  0.0000 ,  0.0000 ,
  0.0000 ,  0.0000 ,  0.0000 ,  0.0000 ,  0.0000 ,  0.0000 ,
  0.0000 ,  0.0000 ,  0.0000 ,  0.0000 ,  0.0000 ,  0.0000 ,
  0.0000 ,  0.0000 ,  0.0000 ,  0.0000 ,  0.0000 ,  0.0000 ,
  0.0000 ,  0.0000 ,  0.0000 ,  0.0000 ,  0.0000 ,  0.0000 ,
  0.0000 ,  0.0000 ,  0.0000 ,  0.0000 ,  0.0000 ,  0.0000 ,
  0.0000 ,  0.0000 ,  0.0000 ,  0.0000 ,  0.0000 ,  0.0000 ,
  0.0000 ,  0.0000 ,  0.0000 ,  0.0000 ,  0.0000 ,  0.0000 ,
  0.0000 ,  0.0000 ,  0.0000 ,  0.0000 ,  0.0000 ,  0.0000 ,
  0.0000 ,  0.0000 ,  0.0000 ,  0.0000 ,  0.0000 ,  0.0000 ,
  0.0000 ,  0.0000 ,  0.0000 ,  0.0000 ,  0.0000 ,  0.0000 ,
  0.0000 ,  0.0000 ,  0.0000 ,  0.0000 ,  0.0000 ,  0.0000 ,
  0.0000 ,  0.0000 ,  0.0000 ,  0.0000 ,  0.0000 ,  0.0000 ,
  0.0000 ,  0.0000 ,  0.0000 ,  0.0000 ,  0.0000 ,  0.0000 ,
  0.0000 ,  0.0000 ,  0.0000 ,  0.0000 ,  0.0000 ,  0.0000 ,
  0.0000 ,  0.0000 ,  0.0000 ,  0.0000 ,  0.0000 ,  0.0000 ,
  0.0000 ,  0.0000 ,  0.0000 ,  0.0000 ,  0.0000 ,  0.0000 ,
  0.0000 ,  0.0000 ,  0.0000 ,  0.0000 ,  0.0000 ,  0.0000 ,
  0.0000 ,  0.0000 ,  0.0000 ,  0.0000 ,  0.0000 ,  0.0000 ,
  0.0000 ,  0.0000 ,  0.0000 ,  0.0000 ,  0.0000 ,  0.0000 ,
  0.0000 ,  0.0000 ,  0.0000 ,  0.0000 ,  0.0000 ,  0.0000 ,
  0.0000 ,  0.0000 ,  0.0000 ,  0.0000 ,  0.0000 ,  0.0000 ,
  0.0000 ,  0.0000 ,  0.0000 ,  0.0000 ,  0.0000 ,  0.0000 ,
  0.0000 ,  0.0000 ,  0.0000 ,  0.0000 ,  0.0000 ,  0.0000 ,
  0.0000 ,  0.0000 ,  0.0000 ,  0.0000 ,  0.0000 ,  0.0000 ,
  0.0000 ,  0.0000 ,  0.0000 ,  0.0000 ,  0.0000 ,  0.0000 ,
  0.0000 ,  0.0000 ,  0.0000 ,  0.0000 ,  0.0000 ,  0.0000 ,
  0.0000 ,  0.0000 ,  0.0000 ,  0.0000 ,  0.0000 ,  0.0000 ,
  0.0000 ,  0.0000 ,  0.0000 ,  0.0000 ,  0.0000 ,  0.0000 ,
  0.0000 ,  0.0000 ,  0.0000 ,  0.0000 ,  0.0000 ,  0.0000 ,
  0.0000 ,  0.0000 ,  0.0000 ,  0.0000 ,  0.0000 ,  0.0000 ,
  0.0000 ,  0.0000 ,  0.0000 ,  0.0000 ,  0.0000 ,  0.0000 ,
  0.0000 ,  0.0000 ,  0.0000 ,  0.0000 ,  0.0000 ,  0.0000 ,
  0.0000 ,  0.0000 ,  0.0000 ,  0.0000 ,  0.0000 ,  0.0000 ,
  0.0000 ,  0.0000 ,  0.0000 ,  0.0000 ,  0.0000 ,  0.0000 ,
  0.0000 ,  0.0000 ,  0.0000 ,  0.0000 ,  0.0000 ,  0.0000 ,
  0.0000 ,  0.0000 ,  0.0000 ,  0.0000 ,  0.0000 ,  0.0000 ,
  0.0000 ,  0.0000 ,  0.0000 ,  0.0000 ,  0.0000 ,  0.0000 ,
  0.0000 ,  0.0000 ,  0.0000 ,  0.0000 ,  0.0000 ,  0.0000 ,
  0.0000 ,  0.0000 ,  0.0000 ,  0.0000 ,  0.0000 ,  0.0000 ,
  0.0000 ,  0.0000 ,  0.0000 ,  0.0000 ,  0.0000 ,  0.0000 ,
  0.0000 ,  0.0000 ,  0.0000 ,  0.0000 ,  0.0000 ,  0.0000 ,
  0.0000 ,  0.0000 ,  0.0000 ,  0.0000 ,  0.0000 ,  0.0000 ,
  0.0000 ,  0.0000 ,  0.0000 ,  0.0000 ,  0.0000 ,  0.0000 ,
  0.0000 ,  0.0000 ,  0.0000 ,  0.0000 ,  0.0000 ,  0.0000 ,
  0.0000 ,  0.0000 ,  0.0000 ,  0.0000 ,  0.0000 ,  0.0000 ,
  0.0000 ,  0.0000 ,  0.0000 ,  0.0000 ,  0.0000 ,  0.0000 ,
  0.0000 ,  0.0000 ,  0.0000 ,  0.0000 ,  0.0000 ,  0.0000 ,
  0.0000 ,  0.0000 ,  0.0000 ,  0.0000 ,  0.0000 ,  0.0000 ,
  0.0000 ,  0.0000 ,  0.0000 ,  0.0000 ,  0.0000 ,  0.0000 ,
  0.0000 ,  0.0000 ,  0.0000 ,  0.0000 ,  0.0000 ,  0.0000 ,
  0.0000 ,  0.0000 ,  0.0000 ,  0.0000 ,  0.0000 ,  0.0000 ,
  0.0000 ,  0.0000 ,  0.0000 ,  0.0000 ,  0.0000 ,  0.0000 ,
  0.0000 ,  0.0000 ,  0.0000 ,  0.0000 ,  0.0000 ,  0.0000 ,
  0.0000 ,  0.0000 ,  0.0000 ,  0.0000 ,  0.0000 ,  0.0000 ,
  0.0000 ,  0.0000 ,  0.0000 ,  0.0000 ,  0.0000 ,  0.0000 ,
  0.0000 ,  0.0000 ,  0.0000 ,  0.0000 ,  0.0000 ,  0.0000 ,
  0.0000 ,  0.0000 ,  0.0000 ,  0.0000 ,  0.0000 ,  0.0000 ,
  0.0000 ,  0.0000 ,  0.0000 ,  0.0000 ,  0.0000 ,  0.0000 ,
  0.0000 ,  0.0000 ,  0.0000 ,  0.0000 ,  0.0000 ,  0.0000 ,
  0.0000 ,  0.0000 ,  0.0000 ,  0.0000 ,  0.0000 ,  0.0000 ,
  0.0000 ,  0.0000 ,  0.0000 ,  0.0000 ,  0.0000 ,  0.0000 ,
  0.0000 ,  0.0000 ,  0.0000 ,  0.0000 ,  0.0000 ,  0.0000 ,
  0.0000 ,  0.0000 ,  0.0000 ,  0.0000 ,  0.0000 ,  0.0000 ,
  0.0000 ,  0.0000 ,  0.0000 ,  0.0000 ,  0.0000 ,  0.0000 ,
  0.0000 ,  0.0000 ,  0.0000 ,  0.0000 ,  0.0000 ,  0.0000 ,
  0.0000 ,  0.0000 ,  0.0000 ,  0.0000 ,  0.0000 ,  0.0000 ,
  0.0000 ,  0.0000 ,  0.0000 ,  0.0000 ,  0.0000 ,  0.0000 ,
  0.0000 ,  0.0000 ,  0.0000 ,  0.0000 ,  0.0000 ,  0.0000 ,
  0.0000 ,  0.0000 ,  0.0000 ,  0.0000 ,  0.0000 ,  0.0000 ,
  0.0000 ,  0.0000 ,  0.0000 ,  0.0000 ,  0.0000 ,  0.0000 ,
  0.0000 ,  0.0000 ,  0.0000 ,  0.0000 ,  0.0000 ,  0.0000 ,
  0.0000 ,  0.0000 ,  0.0000 ,  0.0000 ,  0.0000 ,  0.0000 ,
  0.0000 ,  0.0000 ,  0.0000 ,  0.0000 ,  0.0000 ,  0.0000 ,
  0.0000 ,  0.0000 ,  0.0000 ,  0.0000 ,  0.0000 ,  0.0000 ,
  0.0000 ,  0.0000 ,  0.0000 ,  0.0000 ,  0.0000 ,  0.0000 ,
  0.0000 ,  0.0000 ,  0.0000 ,  0.0000 ,  0.0000 ,  0.0000 ,
  0.0000 ,  0.0000 ,  0.0000 ,  0.0000 ,  0.0000 ,  0.0000 ,
  0.0000 ,  0.0000 ,  0.0000 ,  0.0000 ,  0.0000 ,  0.0000 ,
  0.0000 ,  0.0000 ,  0.0000 ,  0.0000 ,  0.0000 ,  0.0000 ,
  0.0000 ,  0.0000 ,  0.0000 ,  0.0000 ,  0.0000 ,  0.0000 ,
  0.0000 ,  0.0000 ,  0.0000 ,  0.0000 ,  0.0000 ,  0.0000 ,
  0.0000 ,  0.0000 ,  0.0000 ,  0.0000 ,  0.0000 ,  0.0000 ,
  0.0000 ,  0.0000 ,  0.0000 ,  0.0000 ,  0.0000 ,  0.0000 ,
  0.0000 ,  0.0000 ,  0.0000 ,  0.0000 ,  0.0000 ,  0.0000 ,
  0.0000 ,  0.0000 ,  0.0000 ,  0.0000 ,  0.0000 ,  0.0000 ,
  0.0000 ,  0.0000 ,  0.0000 ,  0.0000 ,  0.0000 ,  0.0000 ,
  0.0000 ,  0.0000 ,  0.0000 ,  0.0000 ,  0.0000 ,  0.0000 ,
  0.0000 ,  0.0000 ,  0.0000 ,  0.0000 ,  0.0000 ,  0.0000 ,
  0.0000 ,  0.0000 ,  0.0000 ,  0.0000 ,  0.0000 ,  0.0000 ,
  0.0000 ,  0.0000 ,  0.0000 ,  0.0000 ,  0.0000 ,  0.0000 ,
  0.0000 ,  0.0000 ,  0.0000 ,  0.0000 ,  0.0000 ,  0.0000 ,
  0.0000 ,  0.0000 ,  0.0000 ,  0.0000 ,  0.0000 ,  0.0000 ,
  0.0000 ,  0.0000 ,  0.0000 ,  0.0000 ,  0.0000 ,  0.0000 ,
  0.0000 ,  0.0000 ,  0.0000 ,  0.0000 ,  0.0000 ,  0.0000 ,
  0.0000 ,  0.0000 ,  0.0000 ,  0.0000 ,  0.0000 ,  0.0000 ,
  0.0000 ,  0.0000 ,  0.0000 ,  0.0000 ,  0.0000 ,  0.0000 ,
  0.0000 ,  0.0000 ,  0.0000 ,  0.0000 ,  0.0000 ,  0.0000 ,
  0.0000 ,  0.0000 ,  0.0000 ,  0.0000 ,  0.0000 ,  0.0000 ,
  0.0000 ,  0.0000 ,  0.0000 ,  0.0000 ,  0.0000 ,  0.0000 ,
  0.0000 ,  0.0000 ,  0.0000 ,  0.0000 ,  0.0000 ,  0.0000 ,
  0.0000 ,  0.0000 ,  0.0000 ,  0.0000 ,  0.0000 ,  0.0000 ,
  0.0000 ,  0.0000 ,  0.0000 ,  0.0000 ,  0.0000 ,  0.0000 ,
  0.0000 ,  0.0000 ,  0.0000 ,  0.0000 ,  0.0000 ,  0.0000 ,
  0.0000 ,  0.0000 ,  0.0000 ,  0.0000 ,  0.0000 ,  0.0000 ,
  0.0000 ,  0.0000 ,  0.0000 ,  0.0000 ,  0.0000 ,  0.0000 ,
  0.0000 ,  0.0000 ,  0.0000 ,  0.0000 ,  0.0000 ,  0.0000 ,
  0.0000 ,  0.0000 ,  0.0000 ,  0.0000 ,  0.0000 ,  0.0000 ,
  0.0000 ,  0.0000 ,  0.0000 ,  0.0000 ,  0.0000 ,  0.0000 ,
  0.0000 ,  0.0000 ,  0.0000 ,  0.0000 ,  0.0000 ,  0.0000 ,
  0.0000 ,  0.0000 ,  0.0000 ,  0.0000 ,  0.0000 ,  0.0000 ,
  0.0000 ,  0.0000 ,  0.0000 ,  0.0000 ,  0.0000 ,  0.0000 ,
  0.0000 ,  0.0000 ,  0.0000 ,  0.0000 ,  0.0000 ,  0.0000 ,
  0.0000 ,  0.0000 ,  0.0000 ,  0.0000 ,  0.0000 ,  0.0000 ,
  0.0000 ,  0.0000 ,  0.0000 ,  0.0000 ,  0.0000 ,  0.0000 ,
  0.0000 ,  0.0000 ,  0.0000 ,  0.0000 ,  0.0000 ,  0.0000 ,
  0.0000 ,  0.0000 ,  0.0000 ,  0.0000 ,  0.0000 ,  0.0000 ,
  0.0000 ,  0.0000 ,  0.0000 ,  0.0000 ,  0.0000 ,  0.0000 ,
  0.0000 ,  0.0000 ,  0.0000 ,  0.0000 ,  0.0000 ,  0.0000 ,
  0.0000 ,  0.0000 ,  0.0000 ,  0.0000 ,  0.0000 ,  0.0000 ,
  0.0000 ,  0.0000 ,  0.0000 ,  0.0000 ,  0.0000 ,  0.0000 ,
  0.0000 ,  0.0000 ,  0.0000 ,  0.0000 ,  0.0000 ,  0.0000 ,
  0.0000 ,  0.0000 ,  0.0000 ,  0.0000 ,  0.0000 ,  0.0000 ,
  0.0000 ,  0.0000 ,  0.0000 ,  0.0000 ,  0.0000 ,  0.0000 ,
  0.0000 ,  0.0000 ,  0.0000 ,  0.0000 ,  0.0000 ,  0.0000 ,
  0.0000 ,  0.0000 ,  0.0000 ,  0.0000 ,  0.0000 ,  0.0000 ,
  0.0000 ,  0.0000 ,  0.0000 ,  0.0000 ,  0.0000 ,  0.0000 ,
  0.0000 ,  0.0000 ,  0.0000 ,  0.0000 ,  0.0000 ,  0.0000 ,
  0.0000 ,  0.0000 ,  0.0000 ,  0.0000 ,  0.0000 ,  0.0000 ,
  0.0000 ,  0.0000 ,  0.0000 ,  0.0000 ,  0.0000 ,  0.0000 ,
  0.0000 ,  0.0000 ,  0.0000 ,  0.0000 ,  0.0000 ,  0.0000 ,
  0.0000 ,  0.0000 ,  0.0000 ,  0.0000 ,  0.0000 ,  0.0000 ,
  0.0000 ,  0.0000 ,  0.0000 ,  0.0000 ,  0.0000 ,  0.0000 ,
  0.0000 ,  0.0000 ,  0.0000 ,  0.0000 ,  0.0000 ,  0.0000 ,
  0.0000 ,  0.0000 ,  0.0000 ,  0.0000 ,  0.0000 ,  0.0000 ,
  0.0000 ,  0.0000 ,  0.0000 ,  0.0000 ,  0.0000 ,  0.0000 ,
  0.0000 ,  0.0000 ,  0.0000 ,  0.0000 ,  0.0000 ,  0.0000 ,
  0.0000 ,  0.0000 ,  0.0000 ,  0.0000 ,  0.0000 ,  0.0000 ,
  0.0000 ,  0.0000 ,  0.0000 ,  0.0000 ,  0.0000 ,  0.0000 ,
  0.0000 ,  0.0000 ,  0.0000 ,  0.0000 ,  0.0000 ,  0.0000 ,
  0.0000 ,  0.0000 ,  0.0000 ,  0.0000 ,  0.0000 ,  0.0000 ,
  0.0000 ,  0.0000 ,  0.0000 ,  0.0000 ,  0.0000 ,  0.0000 ,
  0.0000 ,  0.0000 ,  0.0000 ,  0.0000 ,  0.0000 ,  0.0000 ,
  0.0000 ,  0.0000 ,  0.0000 ,  0.0000 ,  0.0000 ,  0.0000 ,
  0.0000 ,  0.0000 ,  0.0000 ,  0.0000 ,  0.0000 ,  0.0000 ,
  0.0000 ,  0.0000 ,  0.0000 ,  0.0000 ,  0.0000 ,  0.0000 ,
  0.0000 ,  0.0000 ,  0.0000 ,  0.0000 ,  0.0000 ,  0.0000 ,
  0.0000 ,  0.0000 ,  0.0000 ,  0.0000 ,  0.0000 ,  0.0000 ,
  0.0000 ,  0.0000 ,  0.0000 ,  0.0000 ,  0.0000 ,  0.0000 ,
  0.0000 ,  0.0000 ,  0.0000 ,  0.0000 ,  0.0000 ,  0.0000 ,
  0.0000 ,  0.0000 ,  0.0000 ,  0.0000 ,  0.0000 ,  0.0000 ,
  0.0000 ,  0.0000 ,  0.0000 ,  0.0000 ,  0.0000 ,  0.0000 ,
  0.0000 ,  0.0000 ,  0.0000 ,  0.0000 ,  0.0000 ,  0.0000 ,
  0.0000 ,  0.0000 ,  0.0000 ,  0.0000 ,  0.0000 ,  0.0000 ,
  0.0000 ,  0.0000 ,  0.0000 ,  0.0000 ,  0.0000 ,  0.0000 ,
  0.0000 ,  0.0000 ,  0.0000 ,  0.0000 ,  0.0000 ,  0.0000 ,
  0.0000 ,  0.0000 ,  0.0000 ,  0.0000 ,  0.0000 ,  0.0000 ,
  0.0000 ,  0.0000 ,  0.0000 ,  0.0000 ,  0.0000 ,  0.0000 ,
  0.0000 ,  0.0000 ,  0.0000 ,  0.0000 ,  0.0000 ,  0.0000 ,
  0.0000 ,  0.0000 ,  0.0000 ,  0.0000 ,  0.0000 ,  0.0000 ,
  0.0000 ,  0.0000 ,  0.0000 ,  0.0000 ,  0.0000 ,  0.0000 ,
  0.0000 ,  0.0000 ,  0.0000 ,  0.0000 ,  0.0000 ,  0.0000 ,
  0.0000 ,  0.0000 ,  0.0000 ,  0.0000 ,  0.0000 ,  0.0000 ,
  0.0000 ,  0.0000 ,  0.0000 ,  0.0000 ,  0.0000 ,  0.0000 ,
  0.0000 ,  0.0000 ,  0.0000 ,  0.0000 ,  0.0000 ,  0.0000 ,
  0.0000 ,  0.0000 ,  0.0000 ,  0.0000 ,  0.0000 ,  0.0000 ,
  0.0000 ,  0.0000 ,  0.0000 ,  0.0000 ,  0.0000 ,  0.0000 ,
  0.0000 ,  0.0000 ,  0.0000 ,  0.0000 ,  0.0000 ,  0.0000 ,
  0.0000 ,  0.0000 ,  0.0000 ,  0.0000 ,  0.0000 ,  0.0000 ,
  0.0000 ,  0.0000 ,  0.0000 ,  0.0000 ,  0.0000 ,  0.0000 ,
  0.0000 ,  0.0000 ,  0.0000 ,  0.0000 ,  0.0000 ,  0.0000 ,
  0.0000 ,  0.0000 ,  0.0000 ,  0.0000 ,  0.0000 ,  0.0000 ,
  0.0000 ,  0.0000 ,  0.0000 ,  0.0000 ,  0.0000 ,  0.0000 ,
  0.0000 ,  0.0000 ,  0.0000 ,  0.0000 ,  0.0000 ,  0.0000 ,
  0.0000 ,  0.0000 ,  0.0000 ,  0.0000 ,  0.0000 ,  0.0000 ,
  0.0000 ,  0.0000 ,  0.0000 ,  0.0000 ,  0.0000 ,  0.0000 ,
  0.0000 ,  0.0000 ,  0.0000 ,  0.0000 ,  0.0000 ,  0.0000 ,
  0.0000 ,  0.0000 ,  0.0000 ,  0.0000 ,  0.0000 ,  0.0000 ,
  0.0000 ,  0.0000 ,  0.0000 ,  0.0000 ,  0.0000 ,  0.0000 ,
  0.0000 ,  0.0000 ,  0.0000 ,  0.0000 ,  0.0000 ,  0.0000 ,
  0.0000 ,  0.0000 ,  0.0000 ,  0.0000 ,  0.0000 ,  0.0000 ,
  0.0000 ,  0.0000 ,  0.0000 ,  0.0000 ,  0.0000 ,  0.0000 ,
  0.0000 ,  0.0000 ,  0.0000 ,  0.0000 ,  0.0000 ,  0.0000 ,
  0.0000 ,  0.0000 ,  0.0000 ,  0.0000 ,  0.0000 ,  0.0000 ,
  0.0000 ,  0.0000 ,  0.0000 ,  0.0000 ,  0.0000 ,  0.0000 ,
  0.0000 ,  0.0000 ,  0.0000 ,  0.0000 ,  0.0000 ,  0.0000 ,
  0.0000 ,  0.0000 ,  0.0000 ,  0.0000 ,  0.0000 ,  0.0000 ,
  0.0000 ,  0.0000 ,  0.0000 ,  0.0000 ,  0.0000 ,  0.0000 ,
  0.0000 ,  0.0000 ,  0.0000 ,  0.0000 ,  0.0000 ,  0.0000 ,
  0.0000 ,  0.0000 ,  0.0000 ,  0.0000 ,  0.0000 ,  0.0000 ,
  0.0000 ,  0.0000 ,  0.0000 ,  0.0000 ,  0.0000 ,  0.0000 ,
  0.0000 ,  0.0000 ,  0.0000 ,  0.0000 ,  0.0000 ,  0.0000 ,
  0.0000 ,  0.0000 ,  0.0000 ,  0.0000 ,  0.0000 ,  0.0000 ,
  0.0000 ,  0.0000 ,  0.0000 ,  0.0000 ,  0.0000 ,  0.0000 ,
  0.0000 ,  0.0000 ,  0.0000 ,  0.0000 ,  0.0000 ,  0.0000 ,
  0.0000 ,  0.0000 ,  0.0000 ,  0.0000 ,  0.0000 ,  0.0000 ,
  0.0000 ,  0.0000 ,  0.0000 ,  0.0000 ,  0.0000 ,  0.0000 ,
  0.0000 ,  0.0000 ,  0.0000 ,  0.0000 ,  0.0000 ,  0.0000 ,
  0.0000 ,  0.0000 ,  0.0000 ,  0.0000 ,  0.0000 ,  0.0000 ,
  0.0000 ,  0.0000 ,  0.0000 ,  0.0000 ,  0.0000 ,  0.0000 ,
  0.0000 ,  0.0000 ,  0.0000 ,  0.0000 ,  0.0000 ,  0.0000 ,
  0.0000 ,  0.0000 ,  0.0000 ,  0.0000 ,  0.0000 ,  0.0000 ,
  0.0000 ,  0.0000 ,  0.0000 ,  0.0000 ,  0.0000 ,  0.0000 ,
  0.0000 ,  0.0000 ,  0.0000 ,  0.0000 ,  0.0000 ,  0.0000 ,
  0.0000 ,  0.0000 ,  0.0000 ,  0.0000 ,  0.0000 ,  0.0000 ,
  0.0000 ,  0.0000 ,  0.0000 ,  0.0000 ,  0.0000 ,  0.0000 ,
  0.0000 ,  0.0000 ,  0.0000 ,  0.0000 ,  0.0000 ,  0.0000 ,
  0.0000 ,  0.0000 ,  0.0000 ,  0.0000 ,  0.0000 ,  0.0000 ,
  0.0000 ,  0.0000 ,  0.0000 ,  0.0000 ,  0.0000 ,  0.0000 ,
  0.0000 ,  0.0000 ,  0.0000 ,  0.0000 ,  0.0000 ,  0.0000 ,
  0.0000 ,  0.0000 ,  0.0000 ,  0.0000 ,  0.0000 ,  0.0000 ,
  0.0000 ,  0.0000 ,  0.0000 ,  0.0000 ,  0.0000 ,  0.0000 ,
  0.0000 ,  0.0000 ,  0.0000 ,  0.0000 ,  0.0000 ,  0.0000 ,
  0.0000 ,  0.0000 ,  0.0000 ,  0.0000 ,  0.0000 ,  0.0000 ,
  0.0000 ,  0.0000 ,  0.0000 ,  0.0000 ,  0.0000 ,  0.0000 ,
  0.0000 ,  0.0000 ,  0.0000 ,  0.0000 ,  0.0000 ,  0.0000 ,
  0.0000 ,  0.0000 ,  0.0000 ,  0.0000 ,  0.0000 ,  0.0000 ,
  0.0000 ,  0.0000 ,  0.0000 ,  0.0000 ,  0.0000 ,  0.0000 ,
  0.0000 ,  0.0000 ,  0.0000 ,  0.0000 ,  0.0000 ,  0.0000 ,
  0.0000 ,  0.0000 ,  0.0000 ,  0.0000 ,  0.0000 ,  0.0000 ,
  0.0000 ,  0.0000 ,  0.0000 ,  0.0000 ,  0.0000 ,  0.0000 ,
  0.0000 ,  0.0000 ,  0.0000 ,  0.0000 ,  0.0000 ,  0.0000 ,
  0.0000 ,  0.0000 ,  0.0000 ,  0.0000 ,  0.0000 ,  0.0000 ,
  0.0000 ,  0.0000 ,  0.0000 ,  0.0000 ,  0.0000 ,  0.0000 ,
  0.0000 ,  0.0000 ,  0.0000 ,  0.0000 ,  0.0000 ,  0.0000 ,
  0.0000 ,  0.0000 ,  0.0000 ,  0.0000 ,  0.0000 ,  0.0000 ,
  0.0000 ,  0.0000 ,  0.0000 ,  0.0000 ,  0.0000 ,  0.0000 ,
  0.0000 ,  0.0000 ,  0.0000 ,  0.0000 ,  0.0000 ,  0.0000 ,
  0.0000 ,  0.0000 ,  0.0000 ,  0.0000 ,  0.0000 ,  0.0000 ,
  0.0000 ,  0.0000 ,  0.0000 ,  0.0000 ,  0.0000 ,  0.0000 ,
  0.0000 ,  0.0000 ,  0.0000 ,  0.0000 ,  0.0000 ,  0.0000 ,
  0.0000 ,  0.0000 ,  0.0000 ,  0.0000 ,  0.0000 ,  0.0000 ,
  0.0000 ,  0.0000 ,  0.0000 ,  0.0000 ,  0.0000 ,  0.0000 ,
  0.0000 ,  0.0000 ,  0.0000 ,  0.0000 ,  0.0000 ,  0.0000 ,
  0.0000 ,  0.0000 ,  0.0000 ,  0.0000 ,  0.0000 ,  0.0000 ,
  0.0000 ,  0.0000 ,  0.0000 ,  0.0000 ,  0.0000 ,  0.0000 ,
  0.0000 ,  0.0000 ,  0.0000 ,  0.0000 ,  0.0000 ,  0.0000 ,
  0.0000 ,  0.0000 ,  0.0000 ,  0.0000 ,  0.0000 ,  0.0000 ,
  0.0000 ,  0.0000 ,  0.0000 ,  0.0000 ,  0.0000 ,  0.0000 ,
  0.0000 ,  0.0000 ,  0.0000 ,  0.0000 ,  0.0000 ,  0.0000 ,
  0.0000 ,  0.0000 ,  0.0000 ,  0.0000 ,  0.0000 ,  0.0000 ,
  0.0000 ,  0.0000 ,  0.0000 ,  0.0000 ,  0.0000 ,  0.0000 ,
  0.0000 ,  0.0000 ,  0.0000 ,  0.0000 ,  0.0000 ,  0.0000 ,
  0.0000 ,  0.0000 ,  0.0000 ,  0.0000 ,  0.0000 ,  0.0000 ,
  0.0000 ,  0.0000 ,  0.0000 ,  0.0000 ,  0.0000 ,  0.0000 ,
  0.0000 ,  0.0000 ,  0.0000 ,  0.0000 ,  0.0000 ,  0.0000 ,
  0.0000 ,  0.0000 ,  0.0000 ,  0.0000 ,  0.0000 ,  0.0000 ,
  0.0000 ,  0.0000 ,  0.0000 ,  0.0000 ,  0.0000 ,  0.0000 ,
  0.0000 ,  0.0000 ,  0.0000 ,  0.0000 ,  0.0000 ,  0.0000 ,
  0.0000 ,  0.0000 ,  0.0000 ,  0.0000 ,  0.0000 ,  0.0000 ,
  0.0000 ,  0.0000 ,  0.0000 ,  0.0000 ,  0.0000 ,  0.0000 ,
  0.0000 ,  0.0000 ,  0.0000 ,  0.0000 ,  0.0000 ,  0.0000 ,
  0.0000 ,  0.0000 ,  0.0000 ,  0.0000 ,  0.0000 ,  0.0000 ,
  0.0000 ,  0.0000 ,  0.0000 ,  0.0000 ,  0.0000 ,  0.0000 ,
  0.0000 ,  0.0000 ,  0.0000 ,  0.0000 ,  0.0000 ,  0.0000 ,
  0.0000 ,  0.0000 ,  0.0000 ,  0.0000 ,  0.0000 ,  0.0000 ,
  0.0000 ,  0.0000 ,  0.0000 ,  0.0000 ,  0.0000 ,  0.0000 ,
  0.0000 ,  0.0000 ,  0.0000 ,  0.0000 ,  0.0000 ,  0.0000 ,
  0.0000 ,  0.0000 ,  0.0000 ,  0.0000 ,  0.0000 ,  0.0000 ,
  0.0000 ,  0.0000 ,  0.0000 ,  0.0000 ,  0.0000 ,  0.0000 ,
  0.0000 ,  0.0000 ,  0.0000 ,  0.0000 ,  0.0000 ,  0.0000 ,
  0.0000 ,  0.0000 ,  0.0000 ,  0.0000 ,  0.0000 ,  0.0000 ,
  0.0000 ,  0.0000 ,  0.0000 ,  0.0000 ,  0.0000 ,  0.0000 ,
  0.0000 ,  0.0000 ,  0.0000 ,  0.0000 ,  0.0000 ,  0.0000 ,
  0.0000 ,  0.0000 ,  0.0000 ,  0.0000 ,  0.0000 ,  0.0000 ,
  0.0000 ,  0.0000 ,  0.0000 ,  0.0000 ,  0.0000 ,  0.0000 ,
  0.0000 ,  0.0000 ,  0.0000 ,  0.0000 ,  0.0000 ,  0.0000 ,
  0.0000 ,  0.0000 ,  0.0000 ,  0.0000 ,  0.0000 ,  0.0000 ,
  0.0000 ,  0.0000 ,  0.0000 ,  0.0000 ,  0.0000 ,  0.0000 ,
  0.0000 ,  0.0000 ,  0.0000 ,  0.0000 ,  0.0000 ,  0.0000 ,
  0.0000 ,  0.0000 ,  0.0000 ,  0.0000 ,  0.0000 ,  0.0000 ,
  0.0000 ,  0.0000 ,  0.0000 ,  0.0000 ,  0.0000 ,  0.0000 ,
  0.0000 ,  0.0000 ,  0.0000 ,  0.0000 ,  0.0000 ,  0.0000 ,
  0.0000 ,  0.0000 ,  0.0000 ,  0.0000 ,  0.0000 ,  0.0000 ,
  0.0000 ,  0.0000 ,  0.0000 ,  0.0000 ,  0.0000 ,  0.0000 ,
  0.0000 ,  0.0000 ,  0.0000 ,  0.0000 ,  0.0000 ,  0.0000 ,
  0.0000 ,  0.0000 ,  0.0000 ,  0.0000 ,  0.0000 ,  0.0000 ,
  0.0000 ,  0.0000 ,  0.0000 ,  0.0000 ,  0.0000 ,  0.0000 ,
  0.0000 ,  0.0000 ,  0.0000 ,  0.0000 ,  0.0000 ,  0.0000 ,
  0.0000 ,  0.0000 ,  0.0000 ,  0.0000 ,  0.0000 ,  0.0000 ,
  0.0000 ,  0.0000 ,  0.0000 ,  0.0000 ,  0.0000 ,  0.0000 ,
  0.0000 ,  0.0000 ,  0.0000 ,  0.0000 ,  0.0000 ,  0.0000 ,
  0.0000 ,  0.0000 ,  0.0000 ,  0.0000 ,  0.0000 ,  0.0000 ,
  0.0000 ,  0.0000 ,  0.0000 ,  0.0000 ,  0.0000 ,  0.0000 ,
  0.0000 ,  0.0000 ,  0.0000 ,  0.0000 ,  0.0000 ,  0.0000 ,
  0.0000 ,  0.0000 ,  0.0000 ,  0.0000 ,  0.0000 ,  0.0000 ,
  0.0000 ,  0.0000 ,  0.0000 ,  0.0000 ,  0.0000 ,  0.0000 ,
  0.0000 ,  0.0000 ,  0.0000 ,  0.0000 ,  0.0000 ,  0.0000 ,
  0.0000 ,  0.0000 ,  0.0000 ,  0.0000 ,  0.0000 ,  0.0000 ,
  0.0000 ,  0.0000 ,  0.0000 ,  0.0000 ,  0.0000 ,  0.0000 ,
  0.0000 ,  0.0000 ,  0.0000 ,  0.0000 ,  0.0000 ,  0.0000 ,
  0.0000 ,  0.0000 ,  0.0000 ,  0.0000 ,  0.0000 ,  0.0000 ,
  0.0000 ,  0.0000 ,  0.0000 ,  0.0000 ,  0.0000 ,  0.0000 ,
  0.0000 ,  0.0000 ,  0.0000 ,  0.0000 ,  0.0000 ,  0.0000 ,
  0.0000 ,  0.0000 ,  0.0000 ,  0.0000 ,  0.0000 ,  0.0000 ,
  0.0000 ,  0.0000 ,  0.0000 ,  0.0000 ,  0.0000 ,  0.0000 ,
  0.0000 ,  0.0000 ,  0.0000 ,  0.0000 ,  0.0000 ,  0.0000 ,
  0.0000 ,  0.0000 ,  0.0000 ,  0.0000 ,  0.0000 ,  0.0000 ,
  0.0000 ,  0.0000 ,  0.0000 ,  0.0000 ,  0.0000 ,  0.0000 ,
  0.0000 ,  0.0000 ,  0.0000 ,  0.0000 ,  0.0000 ,  0.0000 ,
  0.0000 ,  0.0000 ,  0.0000 ,  0.0000 ,  0.0000 ,  0.0000 ,
  0.0000 ,  0.0000 ,  0.0000 ,  0.0000 ,  0.0000 ,  0.0000 ,
  0.0000 ,  0.0000 ,  0.0000 ,  0.0000 ,  0.0000 ,  0.0000 ,
  0.0000 ,  0.0000 ,  0.0000 ,  0.0000 ,  0.0000 ,  0.0000 ,
  0.0000 ,  0.0000 ,  0.0000 ,  0.0000 ,  0.0000 ,  0.0000 ,
  0.0000 ,  0.0000 ,  0.0000 ,  0.0000 ,  0.0000 ,  0.0000 ,
  0.0000 ,  0.0000 ,  0.0000 ,  0.0000 ,  0.0000 ,  0.0000 ,
  0.0000 ,  0.0000 ,  0.0000 ,  0.0000 ,  0.0000 ,  0.0000 ,
  0.0000 ,  0.0000 ,  0.0000 ,  0.0000 ,  0.0000 ,  0.0000 ,
  0.0000 ,  0.0000 ,  0.0000 ,  0.0000 ,  0.0000 ,  0.0000 ,
  0.0000 ,  0.0000 ,  0.0000 ,  0.0000 ,  0.0000 ,  0.0000 ,
  0.0000 ,  0.0000 ,  0.0000 ,  0.0000 ,  0.0000 ,  0.0000 ,
  0.0000 ,  0.0000 ,  0.0000 ,  0.0000 ,  0.0000 ,  0.0000 ,
  0.0000 ,  0.0000 ,  0.0000 ,  0.0000 ,  0.0000 ,  0.0000 ,
  0.0000 ,  0.0000 ,  0.0000 ,  0.0000 ,  0.0000 ,  0.0000 ,
  0.0000 ,  0.0000 ,  0.0000 ,  0.0000 ,  0.0000 ,  0.0000 ,
  0.0000 ,  0.0000 ,  0.0000 ,  0.0000 ,  0.0000 ,  0.0000 ,
  0.0000 ,  0.0000 ,  0.0000 ,  0.0000 ,  0.0000 ,  0.0000 ,
  0.0000 ,  0.0000 ,  0.0000 ,  0.0000 ,  0.0000 ,  0.0000 ,
  0.0000 ,  0.0000 ,  0.0000 ,  0.0000 ,  0.0000 ,  0.0000 ,
  0.0000 ,  0.0000 ,  0.0000 ,  0.0000 ,  0.0000 ,  0.0000 ,
  0.0000 ,  0.0000 ,  0.0000 ,  0.0000 ,  0.0000 ,  0.0000 ,
  0.0000 ,  0.0000 ,  0.0000 ,  0.0000 ,  0.0000 ,  0.0000 ,
  0.0000 ,  0.0000 ,  0.0000 ,  0.0000 ,  0.0000 ,  0.0000 ,
  0.0000 ,  0.0000 ,  0.0000 ,  0.0000 ,  0.0000 ,  0.0000 ,
  0.0000 ,  0.0000 ,  0.0000 ,  0.0000 ,  0.0000 ,  0.0000 ,
  0.0000 ,  0.0000 ,  0.0000 ,  0.0000 ,  0.0000 ,  0.0000 ,
  0.0000 ,  0.0000 ,  0.0000 ,  0.0000 ,  0.0000 ,  0.0000 ,
  0.0000 ,  0.0000 ,  0.0000 ,  0.0000 ,  0.0000 ,  0.0000 ,
  0.0000 ,  0.0000 ,  0.0000 ,  0.0000 ,  0.0000 ,  0.0000 ,
  0.0000 ,  0.0000 ,  0.0000 ,  0.0000 ,  0.0000 ,  0.0000 ,
  0.0000 ,  0.0000 ,  0.0000 ,  0.0000 ,  0.0000 ,  0.0000 ,
  0.0000 ,  0.0000 ,  0.0000 ,  0.0000 ,  0.0000 ,  0.0000 ,
  0.0000 ,  0.0000 ,  0.0000 ,  0.0000 ,  0.0000 ,  0.0000 ,
  0.0000 ,  0.0000 ,  0.0000 ,  0.0000 ,  0.0000 ,  0.0000 ,
  0.0000 ,  0.0000 ,  0.0000 ,  0.0000 ,  0.0000 ,  0.0000 ,
  0.0000 ,  0.0000 ,  0.0000 ,  0.0000 ,  0.0000 ,  0.0000 ,
  0.0000 ,  0.0000 ,  0.0000 ,  0.0000 ,  0.0000 ,  0.0000 ,
  0.0000 ,  0.0000 ,  0.0000 ,  0.0000 ,  0.0000 ,  0.0000 ,
  0.0000 ,  0.0000 ,  0.0000 ,  0.0000 ,  0.0000 ,  0.0000 ,
  0.0000 ,  0.0000 ,  0.0000 ,  0.0000 ,  0.0000 ,  0.0000 ,
  0.0000 ,  0.0000 ,  0.0000 ,  0.0000 ,  0.0000 ,  0.0000 ,
  0.0000 ,  0.0000 ,  0.0000 ,  0.0000 ,  0.0000 ,  0.0000 ,
  0.0000 ,  0.0000 ,  0.0000 ,  0.0000 ,  0.0000 ,  0.0000 ,
  0.0000 ,  0.0000 ,  0.0000 ,  0.0000 ,  0.0000 ,  0.0000 ,
  0.0000 ,  0.0000 ,  0.0000 ,  0.0000 ,  0.0000 ,  0.0000 ,
  0.0000 ,  0.0000 ,  0.0000 ,  0.0000 ,  0.0000 ,  0.0000 ,
  0.0000 ,  0.0000 ,  0.0000 ,  0.0000 ,  0.0000 ,  0.0000 ,
  0.0000 ,  0.0000 ,  0.0000 ,  0.0000 ,  0.0000 ,  0.0000 ,
  0.0000 ,  0.0000 ,  0.0000 ,  0.0000 ,  0.0000 ,  0.0000 ,
  0.0000 ,  0.0000 ,  0.0000 ,  0.0000 ,  0.0000 ,  0.0000 ,
  0.0000 ,  0.0000 ,  0.0000 ,  0.0000 ,  0.0000 ,  0.0000 ,
  0.0000 ,  0.0000 ,  0.0000 ,  0.0000 ,  0.0000 ,  0.0000 ,
  0.0000 ,  0.0000 ,  0.0000 ,  0.0000 ,  0.0000 ,  0.0000 ,
  0.0000 ,  0.0000 ,  0.0000 ,  0.0000 ,  0.0000 ,  0.0000 ,
  0.0000 ,  0.0000 ,  0.0000 ,  0.0000 ,  0.0000 ,  0.0000 ,
  0.0000 ,  0.0000 ,  0.0000 ,  0.0000 ,  0.0000 ,  0.0000 ,
  0.0000 ,  0.0000 ,  0.0000 ,  0.0000 ,  0.0000 ,  0.0000 ,
  0.0000 ,  0.0000 ,  0.0000 ,  0.0000 ,  0.0000 ,  0.0000 ,
  0.0000 ,  0.0000 ,  0.0000 ,  0.0000 ,  0.0000 ,  0.0000 ,
  0.0000 ,  0.0000 ,  0.0000 ,  0.0000 ,  0.0000 ,  0.0000 ,
  0.0000 ,  0.0000 ,  0.0000 ,  0.0000 ,  0.0000 ,  0.0000 ,
  0.0000 ,  0.0000 ,  0.0000 ,  0.0000 ,  0.0000 ,  0.0000 ,
  0.0000 ,  0.0000 ,  0.0000 ,  0.0000 ,  0.0000 ,  0.0000 ,
  0.0000 ,  0.0000 ,  0.0000 ,  0.0000 ,  0.0000 ,  0.0000 ,
  0.0000 ,  0.0000 ,  0.0000 ,  0.0000 ,  0.0000 ,  0.0000 ,
  0.0000 ,  0.0000 ,  0.0000 ,  0.0000 ,  0.0000 ,  0.0000 ,
  0.0000 ,  0.0000 ,  0.0000 ,  0.0000 ,  0.0000 ,  0.0000 ,
  0.0000 ,  0.0000 ,  0.0000 ,  0.0000 ,  0.0000 ,  0.0000 ,
  0.0000 ,  0.0000 ,  0.0000 ,  0.0000 ,  0.0000 ,  0.0000 ,
  0.0000 ,  0.0000 ,  0.0000 ,  0.0000 ,  0.0000 ,  0.0000 ,
  0.0000 ,  0.0000 ,  0.0000 ,  0.0000 ,  0.0000 ,  0.0000 ,
  0.0000 ,  0.0000 ,  0.0000 ,  0.0000 ,  0.0000 ,  0.0000 ,
  0.0000 ,  0.0000 ,  0.0000 ,  0.0000 ,  0.0000 ,  0.0000 ,
  0.0000 ,  0.0000 ,  0.0000 ,  0.0000 ,  0.0000 ,  0.0000 ,
  0.0000 ,  0.0000 ,  0.0000 ,  0.0000 ,  0.0000 ,  0.0000 ,
  0.0000 ,  0.0000 ,  0.0000 ,  0.0000 ,  0.0000 ,  0.0000 ,
  0.0000 ,  0.0000 ,  0.0000 ,  0.0000 ,  0.0000 ,  0.0000 ,
  0.0000 ,  0.0000 ,  0.0000 ,  0.0000 ,  0.0000 ,  0.0000 ,
  0.0000 ,  0.0000 ,  0.0000 ,  0.0000 ,  0.0000 ,  0.0000 ,
  0.0000 ,  0.0000 ,  0.0000 ,  0.0000 ,  0.0000 ,  0.0000 ,
  0.0000 ,  0.0000 ,  0.0000 ,  0.0000 ,  0.0000 ,  0.0000 ,
  0.0000 ,  0.0000 ,  0.0000 ,  0.0000 ,  0.0000 ,  0.0000 ,
  0.0000 ,  0.0000 ,  0.0000 ,  0.0000 ,  0.0000 ,  0.0000 ,
  0.0000 ,  0.0000 ,  0.0000 ,  0.0000 ,  0.0000 ,  0.0000 ,
  0.0000 ,  0.0000 ,  0.0000 ,  0.0000 ,  0.0000 ,  0.0000 ,
  0.0000 ,  0.0000 ,  0.0000 ,  0.0000 ,  0.0000 ,  0.0000 ,
  0.0000 ,  0.0000 ,  0.0000 ,  0.0000 ,  0.0000 ,  0.0000 ,
  0.0000 ,  0.0000 ,  0.0000 ,  0.0000 ,  0.0000 ,  0.0000 ,
  0.0000 ,  0.0000 ,  0.0000 ,  0.0000 ,  0.0000 ,  0.0000 ,
  0.0000 ,  0.0000 ,  0.0000 ,  0.0000 ,  0.0000 ,  0.0000 ,
  0.0000 ,  0.0000 ,  0.0000 ,  0.0000 ,  0.0000 ,  0.0000 ,
  0.0000 ,  0.0000 ,  0.0000 ,  0.0000 ,  0.0000 ,  0.0000 ,
  0.0000 ,  0.0000 ,  0.0000 ,  0.0000 ,  0.0000 ,  0.0000 ,
  0.0000 ,  0.0000 ,  0.0000 ,  0.0000 ,  0.0000 ,  0.0000 ,
  0.0000 ,  0.0000 ,  0.0000 ,  0.0000 ,  0.0000 ,  0.0000 ,
  0.0000 ,  0.0000 ,  0.0000 ,  0.0000 ,  0.0000 ,  0.0000 ,
  0.0000 ,  0.0000 ,  0.0000 ,  0.0000 ,  0.0000 ,  0.0000 ,
  0.0000 ,  0.0000 ,  0.0000 ,  0.0000 ,  0.0000 ,  0.0000 ,
  0.0000 ,  0.0000 ,  0.0000 ,  0.0000 ,  0.0000 ,  0.0000 ,
  0.0000 ,  0.0000 ,  0.0000 ,  0.0000 ,  0.0000 ,  0.0000 ,
  0.0000 ,  0.0000 ,  0.0000 ,  0.0000 ,  0.0000 ,  0.0000 ,
  0.0000 ,  0.0000 ,  0.0000 ,  0.0000 ,  0.0000 ,  0.0000 ,
  0.0000 ,  0.0000 ,  0.0000 ,  0.0000 ,  0.0000 ,  0.0000 ,
  0.0000 ,  0.0000 ,  0.0000 ,  0.0000 ,  0.0000 ,  0.0000 ,
  0.0000 ,  0.0000 ,  0.0000 ,  0.0000 ,  0.0000 ,  0.0000 ,
  0.0000 ,  0.0000 ,  0.0000 ,  0.0000 ,  0.0000 ,  0.0000 ,
  0.0000 ,  0.0000 ,  0.0000 ,  0.0000 ,  0.0000 ,  0.0000 ,
  0.0000 ,  0.0000 ,  0.0000 ,  0.0000 ,  0.0000 ,  0.0000 ,
  0.0000 ,  0.0000 ,  0.0000 ,  0.0000 ,  0.0000 ,  0.0000 ,
  0.0000 ,  0.0000 ,  0.0000 ,  0.0000 ,  0.0000 ,  0.0000 ,
  0.0000 ,  0.0000 ,  0.0000 ,  0.0000 ,  0.0000 ,  0.0000 ,
  0.0000 ,  0.0000 ,  0.0000 ,  0.0000 ,  0.0000 ,  0.0000 ,
  0.0000 ,  0.0000 ,  0.0000 ,  0.0000 ,  0.0000 ,  0.0000 ,
  0.0000 ,  0.0000 ,  0.0000 ,  0.0000 ,  0.0000 ,  0.0000 ,
  0.0000 ,  0.0000 ,  0.0000 ,  0.0000 ,  0.0000 ,  0.0000 ,
  0.0000 ,  0.0000 ,  0.0000 ,  0.0000 ,  0.0000 ,  0.0000 ,
  0.0000 ,  0.0000 ,  0.0000 ,  0.0000 ,  0.0000 ,  0.0000 ,
  0.0000 ,  0.0000 ,  0.0000 ,  0.0000 ,  0.0000 ,  0.0000 ,
  0.0000 ,  0.0000 ,  0.0000 ,  0.0000 ,  0.0000 ,  0.0000 ,
  0.0000 ,  0.0000 ,  0.0000 ,  0.0000 ,  0.0000 ,  0.0000 ,
  0.0000 ,  0.0000 ,  0.0000 ,  0.0000 ,  0.0000 ,  0.0000 ,
  0.0000 ,  0.0000 ,  0.0000 ,  0.0000 ,  0.0000 ,  0.0000 ,
  0.0000 ,  0.0000 ,  0.0000 ,  0.0000 ,  0.0000 ,  0.0000 ,
  0.0000 ,  0.0000 ,  0.0000 ,  0.0000 ,  0.0000 ,  0.0000 ,
  0.0000 ,  0.0000 ,  0.0000 ,  0.0000 ,  0.0000 ,  0.0000 ,
  0.0000 ,  0.0000 ,  0.0000 ,  0.0000 ,  0.0000 ,  0.0000 ,
  0.0000 ,  0.0000 ,  0.0000 ,  0.0000 ,  0.0000 ,  0.0000 ,
  0.0000 ,  0.0000 ,  0.0000 ,  0.0000 ,  0.0000 ,  0.0000 ,
  0.0000 ,  0.0000 ,  0.0000 ,  0.0000 ,  0.0000 ,  0.0000 ,
  0.0000 ,  0.0000 ,  0.0000 ,  0.0000 ,  0.0000 ,  0.0000 ,
  0.0000 ,  0.0000 ,  0.0000 ,  0.0000 ,  0.0000 ,  0.0000 ,
  0.0000 ,  0.0000 ,  0.0000 ,  0.0000 ,  0.0000 ,  0.0000 ,
  0.0000 ,  0.0000 ,  0.0000 ,  0.0000 ,  0.0000 ,  0.0000 ,
  0.0000 ,  0.0000 ,  0.0000 ,  0.0000 ,  0.0000 ,  0.0000 ,
  0.0000 ,  0.0000 ,  0.0000 ,  0.0000 ,  0.0000 ,  0.0000 ,
  0.0000 ,  0.0000 ,  0.0000 ,  0.0000 ,  0.0000 ,  0.0000 ,
  0.0000 ,  0.0000 ,  0.0000 ,  0.0000 ,  0.0000 ,  0.0000 ,
  0.0000 ,  0.0000 ,  0.0000 ,  0.0000 ,  0.0000 ,  0.0000 ,
  0.0000 ,  0.0000 ,  0.0000 ,  0.0000 ,  0.0000 ,  0.0000 ,
  0.0000 ,  0.0000 ,  0.0000 ,  0.0000 ,  0.0000 ,  0.0000 ,
  0.0000 ,  0.0000 ,  0.0000 ,  0.0000 ,  0.0000 ,  0.0000 ,
  0.0000 ,  0.0000 ,  0.0000 ,  0.0000 ,  0.0000 ,  0.0000 ,
  0.0000 ,  0.0000 ,  0.0000 ,  0.0000 ,  0.0000 ,  0.0000 ,
  0.0000 ,  0.0000 ,  0.0000 ,  0.0000 ,  0.0000 ,  0.0000 ,
  0.0000 ,  0.0000 ,  0.0000 ,  0.0000 ,  0.0000 ,  0.0000 ,
  0.0000 ,  0.0000 ,  0.0000 ,  0.0000 ,  0.0000 ,  0.0000 ,
  0.0000 ,  0.0000 ,  0.0000 ,  0.0000 ,  0.0000 ,  0.0000 ,
  0.0000 ,  0.0000 ,  0.0000 ,  0.0000 ,  0.0000 ,  0.0000 ,
  0.0000 ,  0.0000 ,  0.0000 ,  0.0000 ,  0.0000 ,  0.0000 ,
  0.0000 ,  0.0000 ,  0.0000 ,  0.0000 ,  0.0000 ,  0.0000 ,
  0.0000 ,  0.0000 ,  0.0000 ,  0.0000 ,  0.0000 ,  0.0000 ,
  0.0000 ,  0.0000 ,  0.0000 ,  0.0000 ,  0.0000 ,  0.0000 ,
  0.0000 ,  0.0000 ,  0.0000 ,  0.0000 ,  0.0000 ,  0.0000 ,
  0.0000 ,  0.0000 ,  0.0000 ,  0.0000 ,  0.0000 ,  0.0000 ,
  0.0000 ,  0.0000 ,  0.0000 ,  0.0000 ,  0.0000 ,  0.0000 ,
  0.0000 ,  0.0000 ,  0.0000 ,  0.0000 ,  0.0000 ,  0.0000 ,
  0.0000 ,  0.0000 ,  0.0000 ,  0.0000 ,  0.0000 ,  0.0000 ,
  0.0000 ,  0.0000 ,  0.0000 ,  0.0000 ,  0.0000 ,  0.0000 ,
  0.0000 ,  0.0000 ,  0.0000 ,  0.0000 ,  0.0000 ,  0.0000 ,
  0.0000 ,  0.0000 ,  0.0000 ,  0.0000 ,  0.0000 ,  0.0000 ,
  0.0000 ,  0.0000 ,  0.0000 ,  0.0000 ,  0.0000 ,  0.0000 ,
  0.0000 ,  0.0000 ,  0.0000 ,  0.0000 ,  0.0000 ,  0.0000 ,
  0.0000 ,  0.0000 ,  0.0000 ,  0.0000 ,  0.0000 ,  0.0000 ,
  0.0000 ,  0.0000 ,  0.0000 ,  0.0000 ,  0.0000 ,  0.0000 ,
  0.0000 ,  0.0000 ,  0.0000 ,  0.0000 ,  0.0000 ,  0.0000 ,
  0.0000 ,  0.0000 ,  0.0000 ,  0.0000 ,  0.0000 ,  0.0000 ,
  0.0000 ,  0.0000 ,  0.0000 ,  0.0000 ,  0.0000 ,  0.0000 ,
  0.0000 ,  0.0000 ,  0.0000 ,  0.0000 ,  0.0000 ,  0.0000 ,
  0.0000 ,  0.0000 ,  0.0000 ,  0.0000 ,  0.0000 ,  0.0000 ,
  0.0000 ,  0.0000 ,  0.0000 ,  0.0000 ,  0.0000 ,  0.0000 ,
  0.0000 ,  0.0000 ,  0.0000 ,  0.0000 ,  0.0000 ,  0.0000 ,
  0.0000 ,  0.0000 ,  0.0000 ,  0.0000 ,  0.0000 ,  0.0000 ,
  0.0000 ,  0.0000 ,  0.0000 ,  0.0000 ,  0.0000 ,  0.0000 ,
  0.0000 ,  0.0000 ,  0.0000 ,  0.0000 ,  0.0000 ,  0.0000 ,
  0.0000 ,  0.0000 ,  0.0000 ,  0.0000 ,  0.0000 ,  0.0000 ,
  0.0000 ,  0.0000 ,  0.0000 ,  0.0000 ,  0.0000 ,  0.0000 ,
  0.0000 ,  0.0000 ,  0.0000 ,  0.0000 ,  0.0000 ,  0.0000 ,
  0.0000 ,  0.0000 ,  0.0000 ,  0.0000 ,  0.0000 ,  0.0000 ,
  0.0000 ,  0.0000 ,  0.0000 ,  0.0000 ,  0.0000 ,  0.0000 ,
  0.0000 ,  0.0000 ,  0.0000 ,  0.0000 ,  0.0000 ,  0.0000 ,
  0.0000 ,  0.0000 ,  0.0000 ,  0.0000 ,  0.0000 ,  0.0000 ,
  0.0000 ,  0.0000 ,  0.0000 ,  0.0000 ,  0.0000 ,  0.0000 ,
  0.0000 ,  0.0000 ,  0.0000 ,  0.0000 ,  0.0000 ,  0.0000 ,
  0.0000 ,  0.0000 ,  0.0000 ,  0.0000 ,  0.0000 ,  0.0000 ,
  0.0000 ,  0.0000 ,  0.0000 ,  0.0000 ,  0.0000 ,  0.0000 ,
  0.0000 ,  0.0000 ,  0.0000 ,  0.0000 ,  0.0000 ,  0.0000 ,
  0.0000 ,  0.0000 ,  0.0000 ,  0.0000 ,  0.0000 ,  0.0000 ,
  0.0000 ,  0.0000 ,  0.0000 ,  0.0000 ,  0.0000 ,  0.0000 ,
  0.0000 ,  0.0000 ,  0.0000 ,  0.0000 ,  0.0000 ,  0.0000 ,
  0.0000 ,  0.0000 ,  0.0000 ,  0.0000 ,  0.0000 ,  0.0000 ,
  0.0000 ,  0.0000 ,  0.0000 ,  0.0000 ,  0.0000 ,  0.0000 ,
  0.0000 ,  0.0000 ,  0.0000 ,  0.0000 ,  0.0000 ,  0.0000 ,
  0.0000 ,  0.0000 ,  0.0000 ,  0.0000 ,  0.0000 ,  0.0000 ,
  0.0000 ,  0.0000 ,  0.0000 ,  0.0000 ,  0.0000 ,  0.0000 ,
  0.0000 ,  0.0000 ,  0.0000 ,  0.0000 ,  0.0000 ,  0.0000 ,
  0.0000 ,  0.0000 ,  0.0000 ,  0.0000 ,  0.0000 ,  0.0000 ,
  0.0000 ,  0.0000 ,  0.0000 ,  0.0000 ,  0.0000 ,  0.0000 ,
  0.0000 ,  0.0000 ,  0.0000 ,  0.0000 ,  0.0000 ,  0.0000 ,
  0.0000 ,  0.0000 ,  0.0000 ,  0.0000 ,  0.0000 ,  0.0000 ,
  0.0000 ,  0.0000 ,  0.0000 ,  0.0000 ,  0.0000 ,  0.0000 ,
  0.0000 ,  0.0000 ,  0.0000 ,  0.0000 ,  0.0000 ,  0.0000 ,
  0.0000 ,  0.0000 ,  0.0000 ,  0.0000 ,  0.0000 ,  0.0000 ,
  0.0000 ,  0.0000 ,  0.0000 ,  0.0000 ,  0.0000 ,  0.0000 ,
  0.0000 ,  0.0000 ,  0.0000 ,  0.0000 ,  0.0000 ,  0.0000 ,
  0.0000 ,  0.0000 ,  0.0000 ,  0.0000 ,  0.0000 ,  0.0000 ,
  0.0000 ,  0.0000 ,  0.0000 ,  0.0000 ,  0.0000 ,  0.0000 ,
  0.0000 ,  0.0000 ,  0.0000 ,  0.0000 ,  0.0000 ,  0.0000 ,
  0.0000 ,  0.0000 ,  0.0000 ,  0.0000 ,  0.0000 ,  0.0000 ,
  0.0000 ,  0.0000 ,  0.0000 ,  0.0000 ,  0.0000 ,  0.0000 ,
  0.0000 ,  0.0000 ,  0.0000 ,  0.0000 ,  0.0000 ,  0.0000 ,
  0.0000 ,  0.0000 ,  0.0000 ,  0.0000 ,  0.0000 ,  0.0000 ,
  0.0000 ,  0.0000 ,  0.0000 ,  0.0000 ,  0.0000 ,  0.0000 ,
  0.0000 ,  0.0000 ,  0.0000 ,  0.0000 ,  0.0000 ,  0.0000 ,
  0.0000 ,  0.0000 ,  0.0000 ,  0.0000 ,  0.0000 ,  0.0000 ,
  0.0000 ,  0.0000 ,  0.0000 ,  0.0000 ,  0.0000 ,  0.0000 ,
  0.0000 ,  0.0000 ,  0.0000 ,  0.0000 ,  0.0000 ,  0.0000 ,
  0.0000 ,  0.0000 ,  0.0000 ,  0.0000 ,  0.0000 ,  0.0000 ,
  0.0000 ,  0.0000 ,  0.0000 ,  0.0000 ,  0.0000 ,  0.0000 ,
  0.0000 ,  0.0000 ,  0.0000 ,  0.0000 ,  0.0000 ,  0.0000 ,
  0.0000 ,  0.0000 ,  0.0000 ,  0.0000 ,  0.0000 ,  0.0000 ,
  0.0000 ,  0.0000 ,  0.0000 ,  0.0000 ,  0.0000 ,  0.0000 ,
  0.0000 ,  0.0000 ,  0.0000 ,  0.0000 ,  0.0000 ,  0.0000 ,
  0.0000 ,  0.0000 ,  0.0000 ,  0.0000 ,  0.0000 ,  0.0000 ,
  0.0000 ,  0.0000 ,  0.0000 ,  0.0000 ,  0.0000 ,  0.0000 ,
  0.0000 ,  0.0000 ,  0.0000 ,  0.0000 ,  0.0000 ,  0.0000 ,
  0.0000 ,  0.0000 ,  0.0000 ,  0.0000 ,  0.0000 ,  0.0000 ,
  0.0000 ,  0.0000 ,  0.0000 ,  0.0000 ,  0.0000 ,  0.0000 ,
  0.0000 ,  0.0000 ,  0.0000 ,  0.0000 ,  0.0000 ,  0.0000 ,
  0.0000 ,  0.0000 ,  0.0000 ,  0.0000 ,  0.0000 ,  0.0000 ,
  0.0000 ,  0.0000 ,  0.0000 ,  0.0000 ,  0.0000 ,  0.0000 ,
  0.0000 ,  0.0000 ,  0.0000 ,  0.0000 ,  0.0000 ,  0.0000 ,
  0.0000 ,  0.0000 ,  0.0000 ,  0.0000 ,  0.0000 ,  0.0000 ,
  0.0000 ,  0.0000 ,  0.0000 ,  0.0000 ,  0.0000 ,  0.0000 ,
  0.0000 ,  0.0000 ,  0.0000 ,  0.0000 ,  0.0000 ,  0.0000 ,
  0.0000 ,  0.0000 ,  0.0000 ,  0.0000 ,  0.0000 ,  0.0000 ,
  0.0000 ,  0.0000 ,  0.0000 ,  0.0000 ,  0.0000 ,  0.0000 ,
  0.0000 ,  0.0000 ,  0.0000 ,  0.0000 ,  0.0000 ,  0.0000 ,
  0.0000 ,  0.0000 ,  0.0000 ,  0.0000 ,  0.0000 ,  0.0000 ,
  0.0000 ,  0.0000 ,  0.0000 ,  0.0000 ,  0.0000 ,  0.0000 ,
  0.0000 ,  0.0000 ,  0.0000 ,  0.0000 ,  0.0000 ,  0.0000 ,
  0.0000 ,  0.0000 ,  0.0000 ,  0.0000 ,  0.0000 ,  0.0000 ,
  0.0000 ,  0.0000 ,  0.0000 ,  0.0000 ,  0.0000 ,  0.0000 ,
  0.0000 ,  0.0000 ,  0.0000 ,  0.0000 ,  0.0000 ,  0.0000 ,
  0.0000 ,  0.0000 ,  0.0000 ,  0.0000 ,  0.0000 ,  0.0000 ,
  0.0000 ,  0.0000 ,  0.0000 ,  0.0000 ,  0.0000 ,  0.0000 ,
  0.0000 ,  0.0000 ,  0.0000 ,  0.0000 ,  0.0000 ,  0.0000 ,
  0.0000 ,  0.0000 ,  0.0000 ,  0.0000 ,  0.0000 ,  0.0000 ,
  0.0000 ,  0.0000 ,  0.0000 ,  0.0000 ,  0.0000 ,  0.0000 ,
  0.0000 ,  0.0000 ,  0.0000 ,  0.0000 ,  0.0000 ,  0.0000 ,
  0.0000 ,  0.0000 ,  0.0000 ,  0.0000 ,  0.0000 ,  0.0000 ,
  0.0000 ,  0.0000 ,  0.0000 ,  0.0000 ,  0.0000 ,  0.0000 ,
  0.0000 ,  0.0000 ,  0.0000 ,  0.0000 ,  0.0000 ,  0.0000 ,
  0.0000 ,  0.0000 ,  0.0000 ,  0.0000 ,  0.0000 ,  0.0000 ,
  0.0000 ,  0.0000 ,  0.0000 ,  0.0000 ,  0.0000 ,  0.0000 ,
  0.0000 ,  0.0000 ,  0.0000 ,  0.0000 ,  0.0000 ,  0.0000 ,
  0.0000 ,  0.0000 ,  0.0000 ,  0.0000 ,  0.0000 ,  0.0000 ,
  0.0000 ,  0.0000 ,  0.0000 ,  0.0000 ,  0.0000 ,  0.0000 ,
  0.0000 ,  0.0000 ,  0.0000 ,  0.0000 ,  0.0000 ,  0.0000 ,
  0.0000 ,  0.0000 ,  0.0000 ,  0.0000 ,  0.0000 ,  0.0000 ,
  0.0000 ,  0.0000 ,  0.0000 ,  0.0000 ,  0.0000 ,  0.0000 ,
  0.0000 ,  0.0000 ,  0.0000 ,  0.0000 ,  0.0000 ,  0.0000 ,
  0.0000 ,  0.0000 ,  0.0000 ,  0.0000 ,  0.0000 ,  0.0000 ,
  0.0000 ,  0.0000 ,  0.0000 ,  0.0000 ,  0.0000 ,  0.0000 ,
  0.0000 ,  0.0000 ,  0.0000 ,  0.0000 ,  0.0000 ,  0.0000 ,
  0.0000 ,  0.0000 ,  0.0000 ,  0.0000 ,  0.0000 ,  0.0000 ,
  0.0000 ,  0.0000 ,  0.0000 ,  0.0000 ,  0.0000 ,  0.0000 ,
  0.0000 ,  0.0000 ,  0.0000 ,  0.0000 ,  0.0000 ,  0.0000 ,
  0.0000 ,  0.0000 ,  0.0000 ,  0.0000 ,  0.0000 ,  0.0000 ,
  0.0000 ,  0.0000 ,  0.0000 ,  0.0000 ,  0.0000 ,  0.0000 ,
  0.0000 ,  0.0000 ,  0.0000 ,  0.0000 ,  0.0000 ,  0.0000 ,
  0.0000 ,  0.0000 ,  0.0000 ,  0.0000 ,  0.0000 ,  0.0000 ,
  0.0000 ,  0.0000 ,  0.0000 ,  0.0000 ,  0.0000 ,  0.0000 ,
  0.0000 ,  0.0000 ,  0.0000 ,  0.0000 ,  0.0000 ,  0.0000 ,
  0.0000 ,  0.0000 ,  0.0000 ,  0.0000 ,  0.0000 ,  0.0000 ,
  0.0000 ,  0.0000 ,  0.0000 ,  0.0000 ,  0.0000 ,  0.0000 ,
  0.0000 ,  0.0000 ,  0.0000 ,  0.0000 ,  0.0000 ,  0.0000 ,
  0.0000 ,  0.0000 ,  0.0000 ,  0.0000 ,  0.0000 ,  0.0000 ,
  0.0000 ,  0.0000 ,  0.0000 ,  0.0000 ,  0.0000 ,  0.0000 ,
  0.0000 ,  0.0000 ,  0.0000 ,  0.0000 ,  0.0000 ,  0.0000 ,
  0.0000 ,  0.0000 ,  0.0000 ,  0.0000 ,  0.0000 ,  0.0000 ,
  0.0000 ,  0.0000 ,  0.0000 ,  0.0000 ,  0.0000 ,  0.0000 ,
  0.0000 ,  0.0000 ,  0.0000 ,  0.0000 ,  0.0000 ,  0.0000 ,
  0.0000 ,  0.0000 ,  0.0000 ,  0.0000 ,  0.0000 ,  0.0000 ,
  0.0000 ,  0.0000 ,  0.0000 ,  0.0000 ,  0.0000 ,  0.0000 ,
  0.0000 ,  0.0000 ,  0.0000 ,  0.0000 ,  0.0000 ,  0.0000 ,
  0.0000 ,  0.0000 ,  0.0000 ,  0.0000 ,  0.0000 ,  0.0000 ,
  0.0000 ,  0.0000 ,  0.0000 ,  0.0000 ,  0.0000 ,  0.0000 ,
  0.0000 ,  0.0000 ,  0.0000 ,  0.0000 ,  0.0000 ,  0.0000 ,
  0.0000 ,  0.0000 ,  0.0000 ,  0.0000 ,  0.0000 ,  0.0000 ,
  0.0000 ,  0.0000 ,  0.0000 ,  0.0000 ,  0.0000 ,  0.0000 ,
  0.0000 ,  0.0000 ,  0.0000 ,  0.0000 ,  0.0000 ,  0.0000 ,
  0.0000 ,  0.0000 ,  0.0000 ,  0.0000 ,  0.0000 ,  0.0000 ,
  0.0000 ,  0.0000 ,  0.0000 ,  0.0000 ,  0.0000 ,  0.0000 ,
  0.0000 ,  0.0000 ,  0.0000 ,  0.0000 ,  0.0000 ,  0.0000 ,
  0.0000 ,  0.0000 ,  0.0000 ,  0.0000 ,  0.0000 ,  0.0000 ,
  0.0000 ,  0.0000 ,  0.0000 ,  0.0000 ,  0.0000 ,  0.0000 ,
  0.0000 ,  0.0000 ,  0.0000 ,  0.0000 ,  0.0000 ,  0.0000 ,
  0.0000 ,  0.0000 ,  0.0000 ,  0.0000 ,  0.0000 ,  0.0000 ,
  0.0000 ,  0.0000 ,  0.0000 ,  0.0000 ,  0.0000 ,  0.0000 ,
  0.0000 ,  0.0000 ,  0.0000 ,  0.0000 ,  0.0000 ,  0.0000 ,
  0.0000 ,  0.0000 ,  0.0000 ,  0.0000 ,  0.0000 ,  0.0000 ,
  0.0000 ,  0.0000 ,  0.0000 ,  0.0000 ,  0.0000 ,  0.0000 ,
  0.0000 ,  0.0000 ,  0.0000 ,  0.0000 ,  0.0000 ,  0.0000 ,
  0.0000 ,  0.0000 ,  0.0000 ,  0.0000 ,  0.0000 ,  0.0000 ,
  0.0000 ,  0.0000 ,  0.0000 ,  0.0000 ,  0.0000 ,  0.0000 ,
  0.0000 ,  0.0000 ,  0.0000 ,  0.0000 ,  0.0000 ,  0.0000 ,
  0.0000 ,  0.0000 ,  0.0000 ,  0.0000 ,  0.0000 ,  0.0000 ,
  0.0000 ,  0.0000 ,  0.0000 ,  0.0000 ,  0.0000 ,  0.0000 ,
  0.0000 ,  0.0000 ,  0.0000 ,  0.0000 ,  0.0000 ,  0.0000 ,
  0.0000 ,  0.0000 ,  0.0000 ,  0.0000 ,  0.0000 ,  0.0000 ,
  0.0000 ,  0.0000 ,  0.0000 ,  0.0000 ,  0.0000 ,  0.0000 ,
  0.0000 ,  0.0000 ,  0.0000 ,  0.0000 ,  0.0000 ,  0.0000 ,
  0.0000 ,  0.0000 ,  0.0000 ,  0.0000 ,  0.0000 ,  0.0000 ,
  0.0000 ,  0.0000 ,  0.0000 ,  0.0000 ,  0.0000 ,  0.0000 ,
  0.0000 ,  0.0000 ,  0.0000 ,  0.0000 ,  0.0000 ,  0.0000 ,
  0.0000 ,  0.0000 ,  0.0000 ,  0.0000 ,  0.0000 ,  0.0000 ,
  0.0000 ,  0.0000 ,  0.0000 ,  0.0000 ,  0.0000 ,  0.0000 ,
  0.0000 ,  0.0000 ,  0.0000 ,  0.0000 ,  0.0000 ,  0.0000 ,
  0.0000 ,  0.0000 ,  0.0000 ,  0.0000 ,  0.0000 ,  0.0000 ,
  0.0000 ,  0.0000 ,  0.0000 ,  0.0000 ,  0.0000 ,  0.0000 ,
  0.0000 ,  0.0000 ,  0.0000 ,  0.0000 ,  0.0000 ,  0.0000 ,
  0.0000 ,  0.0000 ,  0.0000 ,  0.0000 ,  0.0000 ,  0.0000 ,
  0.0000 ,  0.0000 ,  0.0000 ,  0.0000 ,  0.0000 ,  0.0000 ,
  0.0000 ,  0.0000 ,  0.0000 ,  0.0000 ,  0.0000 ,  0.0000 ,
  0.0000 ,  0.0000 ,  0.0000 ,  0.0000 ,  0.0000 ,  0.0000 ,
  0.0000 ,  0.0000 ,  0.0000 ,  0.0000 ,  0.0000 ,  0.0000 ,
  0.0000 ,  0.0000 ,  0.0000 ,  0.0000 ,  0.0000 ,  0.0000 ,
  0.0000 ,  0.0000 ,  0.0000 ,  0.0000 ,  0.0000 ,  0.0000 ,
  0.0000 ,  0.0000 ,  0.0000 ,  0.0000 ,  0.0000 ,  0.0000 ,
  0.0000 ,  0.0000 ,  0.0000 ,  0.0000 ,  0.0000 ,  0.0000 ,
  0.0000 ,  0.0000 ,  0.0000 ,  0.0000 ,  0.0000 ,  0.0000 ,
  0.0000 ,  0.0000 ,  0.0000 ,  0.0000 ,  0.0000 ,  0.0000 ,
  0.0000 ,  0.0000 ,  0.0000 ,  0.0000 ,  0.0000 ,  0.0000 ,
  0.0000 ,  0.0000 ,  0.0000 ,  0.0000 ,  0.0000 ,  0.0000 ,
  0.0000 ,  0.0000 ,  0.0000 ,  0.0000 ,  0.0000 ,  0.0000 ,
  0.0000 ,  0.0000 ,  0.0000 ,  0.0000 ,  0.0000 ,  0.0000 ,
  0.0000 ,  0.0000 ,  0.0000 ,  0.0000 ,  0.0000 ,  0.0000 ,
  0.0000 ,  0.0000 ,  0.0000 ,  0.0000 ,  0.0000 ,  0.0000 ,
  0.0000 ,  0.0000 ,  0.0000 ,  0.0000 ,  0.0000 ,  0.0000 ,
  0.0000 ,  0.0000 ,  0.0000 ,  0.0000 ,  0.0000 ,  0.0000 ,
  0.0000 ,  0.0000 ,  0.0000 ,  0.0000 ,  0.0000 ,  0.0000 ,
  0.0000 ,  0.0000 ,  0.0000 ,  0.0000 ,  0.0000 ,  0.0000 ,
  0.0000 ,  0.0000 ,  0.0000 ,  0.0000 ,  0.0000 ,  0.0000 ,
  0.0000 ,  0.0000 ,  0.0000 ,  0.0000 ,  0.0000 ,  0.0000 ,
  0.0000 ,  0.0000 ,  0.0000 ,  0.0000 ,  0.0000 ,  0.0000 ,
  0.0000 ,  0.0000 ,  0.0000 ,  0.0000 ,  0.0000 ,  0.0000 ,
  0.0000 ,  0.0000 ,  0.0000 ,  0.0000 ,  0.0000 ,  0.0000 ,
  0.0000 ,  0.0000 ,  0.0000 ,  0.0000 ,  0.0000 ,  0.0000 ,
  0.0000 ,  0.0000 ,  0.0000 ,  0.0000 ,  0.0000 ,  0.0000 ,
  0.0000 ,  0.0000 ,  0.0000 ,  0.0000 ,  0.0000 ,  0.0000 ,
  0.0000 ,  0.0000 ,  0.0000 ,  0.0000 ,  0.0000 ,  0.0000 ,
  0.0000 ,  0.0000 ,  0.0000 ,  0.0000 ,  0.0000 ,  0.0000 ,
  0.0000 ,  0.0000 ,  0.0000 ,  0.0000 ,  0.0000 ,  0.0000 ,
  0.0000 ,  0.0000 ,  0.0000 ,  0.0000 ,  0.0000 ,  0.0000 ,
  0.0000 ,  0.0000 ,  0.0000 ,  0.0000 ,  0.0000 ,  0.0000 ,
  0.0000 ,  0.0000 ,  0.0000 ,  0.0000 ,  0.0000 ,  0.0000 ,
  0.0000 ,  0.0000 ,  0.0000 ,  0.0000 ,  0.0000 ,  0.0000 ,
  0.0000 ,  0.0000 ,  0.0000 ,  0.0000 ,  0.0000 ,  0.0000 ,
  0.0000 ,  0.0000 ,  0.0000 ,  0.0000 ,  0.0000 ,  0.0000 ,
  0.0000 ,  0.0000 ,  0.0000 ,  0.0000 ,  0.0000 ,  0.0000 ,
  0.0000 ,  0.0000 ,  0.0000 ,  0.0000 ,  0.0000 ,  0.0000 ,
  0.0000 ,  0.0000 ,  0.0000 ,  0.0000 ,  0.0000 ,  0.0000 ,
  0.0000 ,  0.0000 ,  0.0000 ,  0.0000 ,  0.0000 ,  0.0000 ,
  0.0000 ,  0.0000 ,  0.0000 ,  0.0000 ,  0.0000 ,  0.0000 ,
  0.0000 ,  0.0000 ,  0.0000 ,  0.0000 ,  0.0000 ,  0.0000 ,
  0.0000 ,  0.0000 ,  0.0000 ,  0.0000 ,  0.0000 ,  0.0000 ,
  0.0000 ,  0.0000 ,  0.0000 ,  0.0000 ,  0.0000 ,  0.0000 ,
  0.0000 ,  0.0000 ,  0.0000 ,  0.0000 ,  0.0000 ,  0.0000 ,
  0.0000 ,  0.0000 ,  0.0000 ,  0.0000 ,  0.0000 ,  0.0000 ,
  0.0000 ,  0.0000 ,  0.0000 ,  0.0000 ,  0.0000 ,  0.0000 ,
  0.0000 ,  0.0000 ,  0.0000 ,  0.0000 ,  0.0000 ,  0.0000 ,
  0.0000 ,  0.0000 ,  0.0000 ,  0.0000 ,  0.0000 ,  0.0000 ,
  0.0000 ,  0.0000 ,  0.0000 ,  0.0000 ,  0.0000 ,  0.0000 ,
  0.0000 ,  0.0000 ,  0.0000 ,  0.0000 ,  0.0000 ,  0.0000 ,
  0.0000 ,  0.0000 ,  0.0000 ,  0.0000 ,  0.0000 ,  0.0000 ,
  0.0000 ,  0.0000 ,  0.0000 ,  0.0000 ,  0.0000 ,  0.0000 ,
  0.0000 ,  0.0000 ,  0.0000 ,  0.0000 ,  0.0000 ,  0.0000 ,
  0.0000 ,  0.0000 ,  0.0000 ,  0.0000 ,  0.0000 ,  0.0000 ,
  0.0000 ,  0.0000 ,  0.0000 ,  0.0000 ,  0.0000 ,  0.0000 ,
  0.0000 ,  0.0000 ,  0.0000 ,  0.0000 ,  0.0000 ,  0.0000 ,
  0.0000 ,  0.0000 ,  0.0000 ,  0.0000 ,  0.0000 ,  0.0000 ,
  0.0000 ,  0.0000 ,  0.0000 ,  0.0000 ,  0.0000 ,  0.0000 ,
  0.0000 ,  0.0000 ,  0.0000 ,  0.0000 ,  0.0000 ,  0.0000 ,
  0.0000 ,  0.0000 ,  0.0000 ,  0.0000 ,  0.0000 ,  0.0000 ,
  0.0000 ,  0.0000 ,  0.0000 ,  0.0000 ,  0.0000 ,  0.0000 ,
  0.0000 ,  0.0000 ,  0.0000 ,  0.0000 ,  0.0000 ,  0.0000 ,
  0.0000 ,  0.0000 ,  0.0000 ,  0.0000 ,  0.0000 ,  0.0000 ,
  0.0000 ,  0.0000 ,  0.0000 ,  0.0000 ,  0.0000 ,  0.0000 ,
  0.0000 ,  0.0000 ,  0.0000 ,  0.0000 ,  0.0000 ,  0.0000 ,
  0.0000 ,  0.0000 ,  0.0000 ,  0.0000 ,  0.0000 ,  0.0000 ,
  0.0000 ,  0.0000 ,  0.0000 ,  0.0000 ,  0.0000 ,  0.0000 ,
  0.0000 ,  0.0000 ,  0.0000 ,  0.0000 ,  0.0000 ,  0.0000 ,
  0.0000 ,  0.0000 ,  0.0000 ,  0.0000 ,  0.0000 ,  0.0000 ,
  0.0000 ,  0.0000 ,  0.0000 ,  0.0000 ,  0.0000 ,  0.0000 ,
  0.0000 ,  0.0000 ,  0.0000 ,  0.0000 ,  0.0000 ,  0.0000 ,
  0.0000 ,  0.0000 ,  0.0000 ,  0.0000 ,  0.0000 ,  0.0000 ,
  0.0000 ,  0.0000 ,  0.0000 ,  0.0000 ,  0.0000 ,  0.0000 ,
  0.0000 ,  0.0000 ,  0.0000 ,  0.0000 ,  0.0000 ,  0.0000 ,
  0.0000 ,  0.0000 ,  0.0000 ,  0.0000 ,  0.0000 ,  0.0000 ,
  0.0000 ,  0.0000 ,  0.0000 ,  0.0000 ,  0.0000 ,  0.0000 ,
  0.0000 ,  0.0000 ,  0.0000 ,  0.0000 ,  0.0000 ,  0.0000 ,
  0.0000 ,  0.0000 ,  0.0000 ,  0.0000 ,  0.0000 ,  0.0000 ,
  0.0000 ,  0.0000 ,  0.0000 ,  0.0000 ,  0.0000 ,  0.0000 ,
  0.0000 ,  0.0000 ,  0.0000 ,  0.0000 ,  0.0000 ,  0.0000 ,
  0.0000 ,  0.0000 ,  0.0000 ,  0.0000 ,  0.0000 ,  0.0000 ,
  0.0000 ,  0.0000 ,  0.0000 ,  0.0000 ,  0.0000 ,  0.0000 ,
  0.0000 ,  0.0000 ,  0.0000 ,  0.0000 ,  0.0000 ,  0.0000 ,
  0.0000 ,  0.0000 ,  0.0000 ,  0.0000 ,  0.0000 ,  0.0000 ,
  0.0000 ,  0.0000 ,  0.0000 ,  0.0000 ,  0.0000 ,  0.0000 ,
  0.0000 ,  0.0000 ,  0.0000 ,  0.0000 ,  0.0000 ,  0.0000 ,
  0.0000 ,  0.0000 ,  0.0000 ,  0.0000 ,  0.0000 ,  0.0000 ,
  0.0000 ,  0.0000 ,  0.0000 ,  0.0000 ,  0.0000 ,  0.0000 ,
  0.0000 ,  0.0000 ,  0.0000 ,  0.0000 ,  0.0000 ,  0.0000 ,
  0.0000 ,  0.0000 ,  0.0000 ,  0.0000 ,  0.0000 ,  0.0000 ,
  0.0000 ,  0.0000 ,  0.0000 ,  0.0000 ,  0.0000 ,  0.0000 ,
  0.0000 ,  0.0000 ,  0.0000 ,  0.0000 ,  0.0000 ,  0.0000 ,
  0.0000 ,  0.0000 ,  0.0000 ,  0.0000 ,  0.0000 ,  0.0000 ,
  0.0000 ,  0.0000 ,  0.0000 ,  0.0000 ,  0.0000 ,  0.0000 ,
  0.0000 ,  0.0000 ,  0.0000 ,  0.0000 ,  0.0000 ,  0.0000 ,
  0.0000 ,  0.0000 ,  0.0000 ,  0.0000 ,  0.0000 ,  0.0000 ,
  0.0000 ,  0.0000 ,  0.0000 ,  0.0000 ,  0.0000 ,  0.0000 ,
  0.0000 ,  0.0000 ,  0.0000 ,  0.0000 ,  0.0000 ,  0.0000 ,
  0.0000 ,  0.0000 ,  0.0000 ,  0.0000 ,  0.0000 ,  0.0000 ,
  0.0000 ,  0.0000 ,  0.0000 ,  0.0000 ,  0.0000 ,  0.0000 ,
  0.0000 ,  0.0000 ,  0.0000 ,  0.0000 ,  0.0000 ,  0.0000 ,
  0.0000 ,  0.0000 ,  0.0000 ,  0.0000 ,  0.0000 ,  0.0000 ,
  0.0000 ,  0.0000 ,  0.0000 ,  0.0000 ,  0.0000 ,  0.0000 ,
  0.0000 ,  0.0000 ,  0.0000 ,  0.0000 ,  0.0000 ,  0.0000 ,
  0.0000 ,  0.0000 ,  0.0000 ,  0.0000 ,  0.0000 ,  0.0000 ,
  0.0000 ,  0.0000 ,  0.0000 ,  0.0000 ,  0.0000 ,  0.0000 ,
  0.0000 ,  0.0000 ,  0.0000 ,  0.0000 ,  0.0000 ,  0.0000 ,
  0.0000 ,  0.0000 ,  0.0000 ,  0.0000 ,  0.0000 ,  0.0000 ,
  0.0000 ,  0.0000 ,  0.0000 ,  0.0000 ,  0.0000 ,  0.0000 ,
  0.0000 ,  0.0000 ,  0.0000 ,  0.0000 ,  0.0000 ,  0.0000 ,
  0.0000 ,  0.0000 ,  0.0000 ,  0.0000 ,  0.0000 ,  0.0000 ,
  0.0000 ,  0.0000 ,  0.0000 ,  0.0000 ,  0.0000 ,  0.0000 ,
  0.0000 ,  0.0000 ,  0.0000 ,  0.0000 ,  0.0000 ,  0.0000 ,
  0.0000 ,  0.0000 ,  0.0000 ,  0.0000 ,  0.0000 ,  0.0000 ,
  0.0000 ,  0.0000 ,  0.0000 ,  0.0000 ,  0.0000 ,  0.0000 ,
  0.0000 ,  0.0000 ,  0.0000 ,  0.0000 ,  0.0000 ,  0.0000 ,
  0.0000 ,  0.0000 ,  0.0000 ,  0.0000 ,  0.0000 ,  0.0000 ,
  0.0000 ,  0.0000 ,  0.0000 ,  0.0000 ,  0.0000 ,  0.0000 ,
  0.0000 ,  0.0000 ,  0.0000 ,  0.0000 ,  0.0000 ,  0.0000 ,
  0.0000 ,  0.0000 ,  0.0000 ,  0.0000 ,  0.0000 ,  0.0000 ,
  0.0000 ,  0.0000 ,  0.0000 ,  0.0000 ,  0.0000 ,  0.0000 ,
  0.0000 ,  0.0000 ,  0.0000 ,  0.0000 ,  0.0000 ,  0.0000 ,
  0.0000 ,  0.0000 ,  0.0000 ,  0.0000 ,  0.0000 ,  0.0000 ,
  0.0000 ,  0.0000 ,  0.0000 ,  0.0000 ,  0.0000 ,  0.0000 ,
  0.0000 ,  0.0000 ,  0.0000 ,  0.0000 ,  0.0000 ,  0.0000 ,
  0.0000 ,  0.0000 ,  0.0000 ,  0.0000 ,  0.0000 ,  0.0000 ,
  0.0000 ,  0.0000 ,  0.0000 ,  0.0000 ,  0.0000 ,  0.0000 ,
  0.0000 ,  0.0000 ,  0.0000 ,  0.0000 ,  0.0000 ,  0.0000 ,
  0.0000 ,  0.0000 ,  0.0000 ,  0.0000 ,  0.0000 ,  0.0000 ,
  0.0000 ,  0.0000 ,  0.0000 ,  0.0000 ,  0.0000 ,  0.0000 ,
  0.0000 ,  0.0000 ,  0.0000 ,  0.0000 ,  0.0000 ,  0.0000 ,
  0.0000 ,  0.0000 ,  0.0000 ,  0.0000 ,  0.0000 ,  0.0000 ,
  0.0000 ,  0.0000 ,  0.0000 ,  0.0000 ,  0.0000 ,  0.0000 ,
  0.0000 ,  0.0000 ,  0.0000 ,  0.0000 ,  0.0000 ,  0.0000 ,
  0.0000 ,  0.0000 ,  0.0000 ,  0.0000 ,  0.0000 ,  0.0000 ,
  0.0000 ,  0.0000 ,  0.0000 ,  0.0000 ,  0.0000 ,  0.0000 ,
  0.0000 ,  0.0000 ,  0.0000 ,  0.0000 ,  0.0000 ,  0.0000 ,
  0.0000 ,  0.0000 ,  0.0000 ,  0.0000 ,  0.0000 ,  0.0000 ,
  0.0000 ,  0.0000 ,  0.0000 ,  0.0000 ,  0.0000 ,  0.0000 ,
  0.0000 ,  0.0000 ,  0.0000 ,  0.0000 ,  0.0000 ,  0.0000 ,
  0.0000 ,  0.0000 ,  0.0000 ,  0.0000 ,  0.0000 ,  0.0000 ,
  0.0000 ,  0.0000 ,  0.0000 ,  0.0000 ,  0.0000 ,  0.0000 ,
  0.0000 ,  0.0000 ,  0.0000 ,  0.0000 ,  0.0000 ,  0.0000 ,
  0.0000 ,  0.0000 ,  0.0000 ,  0.0000 ,  0.0000 ,  0.0000 ,
  0.0000 ,  0.0000 ,  0.0000 ,  0.0000 ,  0.0000 ,  0.0000 ,
  0.0000 ,  0.0000 ,  0.0000 ,  0.0000 ,  0.0000 ,  0.0000 ,
  0.0000 ,  0.0000 ,  0.0000 ,  0.0000 ,  0.0000 ,  0.0000 ,
  0.0000 ,  0.0000 ,  0.0000 ,  0.0000 ,  0.0000 ,  0.0000 ,
  0.0000 ,  0.0000 ,  0.0000 ,  0.0000 ,  0.0000 ,  0.0000 ,
  0.0000 ,  0.0000 ,  0.0000 ,  0.0000 ,  0.0000 ,  0.0000 ,
  0.0000 ,  0.0000 ,  0.0000 ,  0.0000 ,  0.0000 ,  0.0000 ,
  0.0000 ,  0.0000 ,  0.0000 ,  0.0000 ,  0.0000 ,  0.0000 ,
  0.0000 ,  0.0000 ,  0.0000 ,  0.0000 ,  0.0000 ,  0.0000 ,
  0.0000 ,  0.0000 ,  0.0000 ,  0.0000 ,  0.0000 ,  0.0000 ,
  0.0000 ,  0.0000 ,  0.0000 ,  0.0000 ,  0.0000 ,  0.0000 ,
  0.0000 ,  0.0000 ,  0.0000 ,  0.0000 ,  0.0000 ,  0.0000 ,
  0.0000 ,  0.0000 ,  0.0000 ,  0.0000 ,  0.0000 ,  0.0000 ,
  0.0000 ,  0.0000 ,  0.0000 ,  0.0000 ,  0.0000 ,  0.0000 ,
  0.0000 ,  0.0000 ,  0.0000 ,  0.0000 ,  0.0000 ,  0.0000 ,
  0.0000 ,  0.0000 ,  0.0000 ,  0.0000 ,  0.0000 ,  0.0000 ,
  0.0000 ,  0.0000 ,  0.0000 ,  0.0000 ,  0.0000 ,  0.0000 ,
  0.0000 ,  0.0000 ,  0.0000 ,  0.0000 ,  0.0000 ,  0.0000 ,
  0.0000 ,  0.0000 ,  0.0000 ,  0.0000 ,  0.0000 ,  0.0000 ,
  0.0000 ,  0.0000 ,  0.0000 ,  0.0000 ,  0.0000 ,  0.0000 ,
  0.0000 ,  0.0000 ,  0.0000 ,  0.0000 ,  0.0000 ,  0.0000 ,
  0.0000 ,  0.0000 ,  0.0000 ,  0.0000 ,  0.0000 ,  0.0000 ,
  0.0000 ,  0.0000 ,  0.0000 ,  0.0000 ,  0.0000 ,  0.0000 ,
  0.0000 ,  0.0000 ,  0.0000 ,  0.0000 ,  0.0000 ,  0.0000 ,
  0.0000 ,  0.0000 ,  0.0000 ,  0.0000 ,  0.0000 ,  0.0000 ,
  0.0000 ,  0.0000 ,  0.0000 ,  0.0000 ,  0.0000 ,  0.0000 ,
  0.0000 ,  0.0000 ,  0.0000 ,  0.0000 ,  0.0000 ,  0.0000 ,
  0.0000 ,  0.0000 ,  0.0000 ,  0.0000 ,  0.0000 ,  0.0000 ,
  0.0000 ,  0.0000 ,  0.0000 ,  0.0000 ,  0.0000 ,  0.0000 ,
  0.0000 ,  0.0000 ,  0.0000 ,  0.0000 ,  0.0000 ,  0.0000 ,
  0.0000 ,  0.0000 ,  0.0000 ,  0.0000 ,  0.0000 ,  0.0000 ,
  0.0000 ,  0.0000 ,  0.0000 ,  0.0000 ,  0.0000 ,  0.0000 ,
  0.0000 ,  0.0000 ,  0.0000 ,  0.0000 ,  0.0000 ,  0.0000 ,
  0.0000 ,  0.0000 ,  0.0000 ,  0.0000 ,  0.0000 ,  0.0000 ,
  0.0000 ,  0.0000 ,  0.0000 ,  0.0000 ,  0.0000 ,  0.0000 ,
  0.0000 ,  0.0000 ,  0.0000 ,  0.0000 ,  0.0000 ,  0.0000 ,
  0.0000 ,  0.0000 ,  0.0000 ,  0.0000 ,  0.0000 ,  0.0000 ,
  0.0000 ,  0.0000 ,  0.0000 ,  0.0000 ,  0.0000 ,  0.0000 ,
  0.0000 ,  0.0000 ,  0.0000 ,  0.0000 ,  0.0000 ,  0.0000 ,
  0.0000 ,  0.0000 ,  0.0000 ,  0.0000 ,  0.0000 ,  0.0000 ,
  0.0000 ,  0.0000 ,  0.0000 ,  0.0000 ,  0.0000 ,  0.0000 ,
  0.0000 ,  0.0000 ,  0.0000 ,  0.0000 ,  0.0000 ,  0.0000 ,
  0.0000 ,  0.0000 ,  0.0000 ,  0.0000 ,  0.0000 ,  0.0000 ,
  0.0000 ,  0.0000 ,  0.0000 ,  0.0000 ,  0.0000 ,  0.0000 ,
  0.0000 ,  0.0000 ,  0.0000 ,  0.0000 ,  0.0000 ,  0.0000 ,
  0.0000 ,  0.0000 ,  0.0000 ,  0.0000 ,  0.0000 ,  0.0000 ,
  0.0000 ,  0.0000 ,  0.0000 ,  0.0000 ,  0.0000 ,  0.0000 ,
  0.0000 ,  0.0000 ,  0.0000 ,  0.0000 ,  0.0000 ,  0.0000 ,
  0.0000 ,  0.0000 ,  0.0000 ,  0.0000 ,  0.0000 ,  0.0000 ,
  0.0000 ,  0.0000 ,  0.0000 ,  0.0000 ,  0.0000 ,  0.0000 ,
  0.0000 ,  0.0000 ,  0.0000 ,  0.0000 ,  0.0000 ,  0.0000 ,
  0.0000 ,  0.0000 ,  0.0000 ,  0.0000 ,  0.0000 ,  0.0000 ,
  0.0000 ,  0.0000 ,  0.0000 ,  0.0000 ,  0.0000 ,  0.0000 ,
  0.0000 ,  0.0000 ,  0.0000 ,  0.0000 ,  0.0000 ,  0.0000 ,
  0.0000 ,  0.0000 ,  0.0000 ,  0.0000 ,  0.0000 ,  0.0000 ,
  0.0000 ,  0.0000 ,  0.0000 ,  0.0000 ,  0.0000 ,  0.0000 ,
  0.0000 ,  0.0000 ,  0.0000 ,  0.0000 ,  0.0000 ,  0.0000 ,
  0.0000 ,  0.0000 ,  0.0000 ,  0.0000 ,  0.0000 ,  0.0000 ,
  0.0000 ,  0.0000 ,  0.0000 ,  0.0000 ,  0.0000 ,  0.0000 ,
  0.0000 ,  0.0000 ,  0.0000 ,  0.0000 ,  0.0000 ,  0.0000 ,
  0.0000 ,  0.0000 ,  0.0000 ,  0.0000 ,  0.0000 ,  0.0000 ,
  0.0000 ,  0.0000 ,  0.0000 ,  0.0000 ,  0.0000 ,  0.0000 ,
  0.0000 ,  0.0000 ,  0.0000 ,  0.0000 ,  0.0000 ,  0.0000 ,
  0.0000 ,  0.0000 ,  0.0000 ,  0.0000 ,  0.0000 ,  0.0000 ,
  0.0000 ,  0.0000 ,  0.0000 ,  0.0000 ,  0.0000 ,  0.0000 ,
  0.0000 ,  0.0000 ,  0.0000 ,  0.0000 ,  0.0000 ,  0.0000 ,
  0.0000 ,  0.0000 ,  0.0000 ,  0.0000 ,  0.0000 ,  0.0000 ,
  0.0000 ,  0.0000 ,  0.0000 ,  0.0000 ,  0.0000 ,  0.0000 ,
  0.0000 ,  0.0000 ,  0.0000 ,  0.0000 ,  0.0000 ,  0.0000 ,
  0.0000 ,  0.0000 ,  0.0000 ,  0.0000 ,  0.0000 ,  0.0000 ,
  0.0000 ,  0.0000 ,  0.0000 ,  0.0000 ,  0.0000 ,  0.0000 ,
  0.0000 ,  0.0000 ,  0.0000 ,  0.0000 ,  0.0000 ,  0.0000 ,
  0.0000 ,  0.0000 ,  0.0000 ,  0.0000 ,  0.0000 ,  0.0000 ,
  0.0000 ,  0.0000 ,  0.0000 ,  0.0000 ,  0.0000 ,  0.0000 ,
  0.0000 ,  0.0000 ,  0.0000 ,  0.0000 ,  0.0000 ,  0.0000 ,
  0.0000 ,  0.0000 ,  0.0000 ,  0.0000 ,  0.0000 ,  0.0000 ,
  0.0000 ,  0.0000 ,  0.0000 ,  0.0000 ,  0.0000 ,  0.0000 ,
  0.0000 ,  0.0000 ,  0.0000 ,  0.0000 ,  0.0000 ,  0.0000 ,
  0.0000 ,  0.0000 ,  0.0000 ,  0.0000 ,  0.0000 ,  0.0000 ,
  0.0000 ,  0.0000 ,  0.0000 ,  0.0000 ,  0.0000 ,  0.0000 ,
  0.0000 ,  0.0000 ,  0.0000 ,  0.0000 ,  0.0000 ,  0.0000 ,
  0.0000 ,  0.0000 ,  0.0000 ,  0.0000 ,  0.0000 ,  0.0000 ,
  0.0000 ,  0.0000 ,  0.0000 ,  0.0000 ,  0.0000 ,  0.0000 ,
  0.0000 ,  0.0000 ,  0.0000 ,  0.0000 ,  0.0000 ,  0.0000 ,
  0.0000 ,  0.0000 ,  0.0000 ,  0.0000 ,  0.0000 ,  0.0000 ,
  0.0000 ,  0.0000 ,  0.0000 ,  0.0000 ,  0.0000 ,  0.0000 ,
  0.0000 ,  0.0000 ,  0.0000 ,  0.0000 ,  0.0000 ,  0.0000 ,
  0.0000 ,  0.0000 ,  0.0000 ,  0.0000 ,  0.0000 ,  0.0000 ,
  0.0000 ,  0.0000 ,  0.0000 ,  0.0000 ,  0.0000 ,  0.0000 ,
  0.0000 ,  0.0000 ,  0.0000 ,  0.0000 ,  0.0000 ,  0.0000 ,
  0.0000 ,  0.0000 ,  0.0000 ,  0.0000 ,  0.0000 ,  0.0000 ,
  0.0000 ,  0.0000 ,  0.0000 ,  0.0000 ,  0.0000 ,  0.0000 ,
  0.0000 ,  0.0000 ,  0.0000 ,  0.0000 ,  0.0000 ,  0.0000 ,
  0.0000 ,  0.0000 ,  0.0000 ,  0.0000 ,  0.0000 ,  0.0000 ,
  0.0000 ,  0.0000 ,  0.0000 ,  0.0000 ,  0.0000 ,  0.0000 ,
  0.0000 ,  0.0000 ,  0.0000 ,  0.0000 ,  0.0000 ,  0.0000 ,
  0.0000 ,  0.0000 ,  0.0000 ,  0.0000 ,  0.0000 ,  0.0000 ,
  0.0000 ,  0.0000 ,  0.0000 ,  0.0000 ,  0.0000 ,  0.0000 ,
  0.0000 ,  0.0000 ,  0.0000 ,  0.0000 ,  0.0000 ,  0.0000 ,
  0.0000 ,  0.0000 ,  0.0000 ,  0.0000 ,  0.0000 ,  0.0000 ,
  0.0000 ,  0.0000 ,  0.0000 ,  0.0000 ,  0.0000 ,  0.0000 ,
  0.0000 ,  0.0000 ,  0.0000 ,  0.0000 ,  0.0000 ,  0.0000 ,
  0.0000 ,  0.0000 ,  0.0000 ,  0.0000 ,  0.0000 ,  0.0000 ,
  0.0000 ,  0.0000 ,  0.0000 ,  0.0000 ,  0.0000 ,  0.0000 ,
  0.0000 ,  0.0000 ,  0.0000 ,  0.0000 ,  0.0000 ,  0.0000 ,
  0.0000 ,  0.0000 ,  0.0000 ,  0.0000 ,  0.0000 ,  0.0000 ,
  0.0000 ,  0.0000 ,  0.0000 ,  0.0000 ,  0.0000 ,  0.0000 ,
  0.0000 ,  0.0000 ,  0.0000 ,  0.0000 ,  0.0000 ,  0.0000 ,
  0.0000 ,  0.0000 ,  0.0000 ,  0.0000 ,  0.0000 ,  0.0000 ,
  0.0000 ,  0.0000 ,  0.0000 ,  0.0000 ,  0.0000 ,  0.0000 ,
  0.0000 ,  0.0000 ,  0.0000 ,  0.0000 ,  0.0000 ,  0.0000 ,
  0.0000 ,  0.0000 ,  0.0000 ,  0.0000 ,  0.0000 ,  0.0000 ,
  0.0000 ,  0.0000 ,  0.0000 ,  0.0000 ,  0.0000 ,  0.0000 ,
  0.0000 ,  0.0000 ,  0.0000 ,  0.0000 ,  0.0000 ,  0.0000 ,
  0.0000 ,  0.0000 ,  0.0000 ,  0.0000 ,  0.0000 ,  0.0000 ,
  0.0000 ,  0.0000 ,  0.0000 ,  0.0000 ,  0.0000 ,  0.0000 ,
  0.0000 ,  0.0000 ,  0.0000 ,  0.0000 ,  0.0000 ,  0.0000 ,
  0.0000 ,  0.0000 ,  0.0000 ,  0.0000 ,  0.0000 ,  0.0000 ,
  0.0000 ,  0.0000 ,  0.0000 ,  0.0000 ,  0.0000 ,  0.0000 ,
  0.0000 ,  0.0000 ,  0.0000 ,  0.0000 ,  0.0000 ,  0.0000 ,
  0.0000 ,  0.0000 ,  0.0000 ,  0.0000 ,  0.0000 ,  0.0000 ,
  0.0000 ,  0.0000 ,  0.0000 ,  0.0000 ,  0.0000 ,  0.0000 ,
  0.0000 ,  0.0000 ,  0.0000 ,  0.0000 ,  0.0000 ,  0.0000 ,
  0.0000 ,  0.0000 ,  0.0000 ,  0.0000 ,  0.0000 ,  0.0000 ,
  0.0000 ,  0.0000 ,  0.0000 ,  0.0000 ,  0.0000 ,  0.0000 ,
  0.0000 ,  0.0000 ,  0.0000 ,  0.0000 ,  0.0000 ,  0.0000 ,
  0.0000 ,  0.0000 ,  0.0000 ,  0.0000 ,  0.0000 ,  0.0000 ,
  0.0000 ,  0.0000 ,  0.0000 ,  0.0000 ,  0.0000 ,  0.0000 ,
  0.0000 ,  0.0000 ,  0.0000 ,  0.0000 ,  0.0000 ,  0.0000 ,
  0.0000 ,  0.0000 ,  0.0000 ,  0.0000 ,  0.0000 ,  0.0000 ,
  0.0000 ,  0.0000 ,  0.0000 ,  0.0000 ,  0.0000 ,  0.0000 ,
  0.0000 ,  0.0000 ,  0.0000 ,  0.0000 ,  0.0000 ,  0.0000 ,
  0.0000 ,  0.0000 ,  0.0000 ,  0.0000 ,  0.0000 ,  0.0000 ,
  0.0000 ,  0.0000 ,  0.0000 ,  0.0000 ,  0.0000 ,  0.0000 ,
  0.0000 ,  0.0000 ,  0.0000 ,  0.0000 ,  0.0000 ,  0.0000 ,
  0.0000 ,  0.0000 ,  0.0000 ,  0.0000 ,  0.0000 ,  0.0000 ,
  0.0000 ,  0.0000 ,  0.0000 ,  0.0000 ,  0.0000 ,  0.0000 ,
  0.0000 ,  0.0000 ,  0.0000 ,  0.0000 ,  0.0000 ,  0.0000 ,
  0.0000 ,  0.0000 ,  0.0000 ,  0.0000 ,  0.0000 ,  0.0000 ,
  0.0000 ,  0.0000 ,  0.0000 ,  0.0000 ,  0.0000 ,  0.0000 ,
  0.0000 ,  0.0000 ,  0.0000 ,  0.0000 ,  0.0000 ,  0.0000 ,
  0.0000 ,  0.0000 ,  0.0000 ,  0.0000 ,  0.0000 ,  0.0000 ,
  0.0000 ,  0.0000 ,  0.0000 ,  0.0000 ,  0.0000 ,  0.0000 ,
  0.0000 ,  0.0000 ,  0.0000 ,  0.0000 ,  0.0000 ,  0.0000 ,
  0.0000 ,  0.0000 ,  0.0000 ,  0.0000 ,  0.0000 ,  0.0000 ,
  0.0000 ,  0.0000 ,  0.0000 ,  0.0000 ,  0.0000 ,  0.0000 ,
  0.0000 ,  0.0000 ,  0.0000 ,  0.0000 ,  0.0000 ,  0.0000 ,
  0.0000 ,  0.0000 ,  0.0000 ,  0.0000 ,  0.0000 ,  0.0000 ,
  0.0000 ,  0.0000 ,  0.0000 ,  0.0000 ,  0.0000 ,  0.0000 ,
  0.0000 ,  0.0000 ,  0.0000 ,  0.0000 ,  0.0000 ,  0.0000 ,
  0.0000 ,  0.0000 ,  0.0000 ,  0.0000 ,  0.0000 ,  0.0000 ,
  0.0000 ,  0.0000 ,  0.0000 ,  0.0000 ,  0.0000 ,  0.0000 ,
  0.0000 ,  0.0000 ,  0.0000 ,  0.0000 ,  0.0000 ,  0.0000 ,
  0.0000 ,  0.0000 ,  0.0000 ,  0.0000 ,  0.0000 ,  0.0000 ,
  0.0000 ,  0.0000 ,  0.0000 ,  0.0000 ,  0.0000 ,  0.0000 ,
  0.0000 ,  0.0000 ,  0.0000 ,  0.0000 ,  0.0000 ,  0.0000 ,
  0.0000 ,  0.0000 ,  0.0000 ,  0.0000 ,  0.0000 ,  0.0000 ,
  0.0000 ,  0.0000 ,  0.0000 ,  0.0000 ,  0.0000 ,  0.0000 ,
  0.0000 ,  0.0000 ,  0.0000 ,  0.0000 ,  0.0000 ,  0.0000 ,
  0.0000 ,  0.0000 ,  0.0000 ,  0.0000 ,  0.0000 ,  0.0000 ,
  0.0000 ,  0.0000 ,  0.0000 ,  0.0000 ,  0.0000 ,  0.0000 ,
  0.0000 ,  0.0000 ,  0.0000 ,  0.0000 ,  0.0000 ,  0.0000 ,
  0.0000 ,  0.0000 ,  0.0000 ,  0.0000 ,  0.0000 ,  0.0000 ,
  0.0000 ,  0.0000 ,  0.0000 ,  0.0000 ,  0.0000 ,  0.0000 ,
  0.0000 ,  0.0000 ,  0.0000 ,  0.0000 ,  0.0000 ,  0.0000 ,
  0.0000 ,  0.0000 ,  0.0000 ,  0.0000 ,  0.0000 ,  0.0000 ,
  0.0000 ,  0.0000 ,  0.0000 ,  0.0000 ,  0.0000 ,  0.0000 ,
  0.0000 ,  0.0000 ,  0.0000 ,  0.0000 ,  0.0000 ,  0.0000 ,
  0.0000 ,  0.0000 ,  0.0000 ,  0.0000 ,  0.0000 ,  0.0000 ,
  0.0000 ,  0.0000 ,  0.0000 ,  0.0000 ,  0.0000 ,  0.0000 ,
  0.0000 ,  0.0000 ,  0.0000 ,  0.0000 ,  0.0000 ,  0.0000 ,
  0.0000 ,  0.0000 ,  0.0000 ,  0.0000 ,  0.0000 ,  0.0000 ,
  0.0000 ,  0.0000 ,  0.0000 ,  0.0000 ,  0.0000 ,  0.0000 ,
  0.0000 ,  0.0000 ,  0.0000 ,  0.0000 ,  0.0000 ,  0.0000 ,
  0.0000 ,  0.0000 ,  0.0000 ,  0.0000 ,  0.0000 ,  0.0000 ,
  0.0000 ,  0.0000 ,  0.0000 ,  0.0000 ,  0.0000 ,  0.0000 ,
  0.0000 ,  0.0000 ,  0.0000 ,  0.0000 ,  0.0000 ,  0.0000 ,
  0.0000 ,  0.0000 ,  0.0000 ,  0.0000 ,  0.0000 ,  0.0000 ,
  0.0000 ,  0.0000 ,  0.0000 ,  0.0000 ,  0.0000 ,  0.0000 ,
  0.0000 ,  0.0000 ,  0.0000 ,  0.0000 ,  0.0000 ,  0.0000 ,
  0.0000 ,  0.0000 ,  0.0000 ,  0.0000 ,  0.0000 ,  0.0000 ,
  0.0000 ,  0.0000 ,  0.0000 ,  0.0000 ,  0.0000 ,  0.0000 ,
  0.0000 ,  0.0000 ,  0.0000 ,  0.0000 ,  0.0000 ,  0.0000 ,
  0.0000 ,  0.0000 ,  0.0000 ,  0.0000 ,  0.0000 ,  0.0000 ,
  0.0000 ,  0.0000 ,  0.0000 ,  0.0000 ,  0.0000 ,  0.0000 ,
  0.0000 ,  0.0000 ,  0.0000 ,  0.0000 ,  0.0000 ,  0.0000 ,
  0.0000 ,  0.0000 ,  0.0000 ,  0.0000 ,  0.0000 ,  0.0000 ,
  0.0000 ,  0.0000 ,  0.0000 ,  0.0000 ,  0.0000 ,  0.0000 ,
  0.0000 ,  0.0000 ,  0.0000 ,  0.0000 ,  0.0000 ,  0.0000 ,
  0.0000 ,  0.0000 ,  0.0000 ,  0.0000 ,  0.0000 ,  0.0000 ,
  0.0000 ,  0.0000 ,  0.0000 ,  0.0000 ,  0.0000 ,  0.0000 ,
  0.0000 ,  0.0000 ,  0.0000 ,  0.0000 ,  0.0000 ,  0.0000 ,
  0.0000 ,  0.0000 ,  0.0000 ,  0.0000 ,  0.0000 ,  0.0000 ,
  0.0000 ,  0.0000 ,  0.0000 ,  0.0000 ,  0.0000 ,  0.0000 ,
  0.0000 ,  0.0000 ,  0.0000 ,  0.0000 ,  0.0000 ,  0.0000 ,
  0.0000 ,  0.0000 ,  0.0000 ,  0.0000 ,  0.0000 ,  0.0000 ,
  0.0000 ,  0.0000 ,  0.0000 ,  0.0000 ,  0.0000 ,  0.0000 ,
  0.0000 ,  0.0000 ,  0.0000 ,  0.0000 ,  0.0000 ,  0.0000 ,
  0.0000 ,  0.0000 ,  0.0000 ,  0.0000 ,  0.0000 ,  0.0000 ,
  0.0000 ,  0.0000 ,  0.0000 ,  0.0000 ,  0.0000 ,  0.0000 ,
  0.0000 ,  0.0000 ,  0.0000 ,  0.0000 ,  0.0000 ,  0.0000 ,
  0.0000 ,  0.0000 ,  0.0000 ,  0.0000 ,  0.0000 ,  0.0000 ,
  0.0000 ,  0.0000 ,  0.0000 ,  0.0000 ,  0.0000 ,  0.0000 ,
  0.0000 ,  0.0000 ,  0.0000 ,  0.0000 ,  0.0000 ,  0.0000 ,
  0.0000 ,  0.0000 ,  0.0000 ,  0.0000 ,  0.0000 ,  0.0000 ,
  0.0000 ,  0.0000 ,  0.0000 ,  0.0000 ,  0.0000 ,  0.0000 ,
  0.0000 ,  0.0000 ,  0.0000 ,  0.0000 ,  0.0000 ,  0.0000 ,
  0.0000 ,  0.0000 ,  0.0000 ,  0.0000 ,  0.0000 ,  0.0000 ,
  0.0000 ,  0.0000 ,  0.0000 ,  0.0000 ,  0.0000 ,  0.0000 ,
  0.0000 ,  0.0000 ,  0.0000 ,  0.0000 ,  0.0000 ,  0.0000 ,
  0.0000 ,  0.0000 ,  0.0000 ,  0.0000 ,  0.0000 ,  0.0000 ,
  0.0000 ,  0.0000 ,  0.0000 ,  0.0000 ,  0.0000 ,  0.0000 ,
  0.0000 ,  0.0000 ,  0.0000 ,  0.0000 ,  0.0000 ,  0.0000 ,
  0.0000 ,  0.0000 ,  0.0000 ,  0.0000 ,  0.0000 ,  0.0000 ,
  0.0000 ,  0.0000 ,  0.0000 ,  0.0000 ,  0.0000 ,  0.0000 ,
  0.0000 ,  0.0000 ,  0.0000 ,  0.0000 ,  0.0000 ,  0.0000 ,
  0.0000 ,  0.0000 ,  0.0000 ,  0.0000 ,  0.0000 ,  0.0000 ,
  0.0000 ,  0.0000 ,  0.0000 ,  0.0000 ,  0.0000 ,  0.0000 ,
  0.0000 ,  0.0000 ,  0.0000 ,  0.0000 ,  0.0000 ,  0.0000 ,
  0.0000 ,  0.0000 ,  0.0000 ,  0.0000 ,  0.0000 ,  0.0000 ,
  0.0000 ,  0.0000 ,  0.0000 ,  0.0000 ,  0.0000 ,  0.0000 ,
  0.0000 ,  0.0000 ,  0.0000 ,  0.0000 ,  0.0000 ,  0.0000 ,
  0.0000 ,  0.0000 ,  0.0000 ,  0.0000 ,  0.0000 ,  0.0000 ,
  0.0000 ,  0.0000 ,  0.0000 ,  0.0000 ,  0.0000 ,  0.0000 ,
  0.0000 ,  0.0000 ,  0.0000 ,  0.0000 ,  0.0000 ,  0.0000 ,
  0.0000 ,  0.0000 ,  0.0000 ,  0.0000 ,  0.0000 ,  0.0000 ,
  0.0000 ,  0.0000 ,  0.0000 ,  0.0000 ,  0.0000 ,  0.0000 ,
  0.0000 ,  0.0000 ,  0.0000 ,  0.0000 ,  0.0000 ,  0.0000 ,
  0.0000 ,  0.0000 ,  0.0000 ,  0.0000 ,  0.0000 ,  0.0000 ,
  0.0000 ,  0.0000 ,  0.0000 ,  0.0000 ,  0.0000 ,  0.0000 ,
  0.0000 ,  0.0000 ,  0.0000 ,  0.0000 ,  0.0000 ,  0.0000 ,
  0.0000 ,  0.0000 ,  0.0000 ,  0.0000 ,  0.0000 ,  0.0000 ,
  0.0000 ,  0.0000 ,  0.0000 ,  0.0000 ,  0.0000 ,  0.0000 ,
  0.0000 ,  0.0000 ,  0.0000 ,  0.0000 ,  0.0000 ,  0.0000 ,
  0.0000 ,  0.0000 ,  0.0000 ,  0.0000 ,  0.0000 ,  0.0000 ,
  0.0000 ,  0.0000 ,  0.0000 ,  0.0000 ,  0.0000 ,  0.0000 ,
  0.0000 ,  0.0000 ,  0.0000 ,  0.0000 ,  0.0000 ,  0.0000 ,
  0.0000 ,  0.0000 ,  0.0000 ,  0.0000 ,  0.0000 ,  0.0000 ,
  0.0000 ,  0.0000 ,  0.0000 ,  0.0000 ,  0.0000 ,  0.0000 ,
  0.0000 ,  0.0000 ,  0.0000 ,  0.0000 ,  0.0000 ,  0.0000 ,
  0.0000 ,  0.0000 ,  0.0000 ,  0.0000 ,  0.0000 ,  0.0000 ,
  0.0000 ,  0.0000 ,  0.0000 ,  0.0000 ,  0.0000 ,  0.0000 ,
  0.0000 ,  0.0000 ,  0.0000 ,  0.0000 ,  0.0000 ,  0.0000 ,
  0.0000 ,  0.0000 ,  0.0000 ,  0.0000 ,  0.0000 ,  0.0000 ,
  0.0000 ,  0.0000 ,  0.0000 ,  0.0000 ,  0.0000 ,  0.0000 ,
  0.0000 ,  0.0000 ,  0.0000 ,  0.0000 ,  0.0000 ,  0.0000 ,
  0.0000 ,  0.0000 ,  0.0000 ,  0.0000 ,  0.0000 ,  0.0000 ,
  0.0000 ,  0.0000 ,  0.0000 ,  0.0000 ,  0.0000 ,  0.0000 ,
  0.0000 ,  0.0000 ,  0.0000 ,  0.0000 ,  0.0000 ,  0.0000 ,
  0.0000 ,  0.0000 ,  0.0000 ,  0.0000 ,  0.0000 ,  0.0000 ,
  0.0000 ,  0.0000 ,  0.0000 ,  0.0000 ,  0.0000 ,  0.0000 ,
  0.0000 ,  0.0000 ,  0.0000 ,  0.0000 ,  0.0000 ,  0.0000 ,
  0.0000 ,  0.0000 ,  0.0000 ,  0.0000 ,  0.0000 ,  0.0000 ,
  0.0000 ,  0.0000 ,  0.0000 ,  0.0000 ,  0.0000 ,  0.0000 ,
  0.0000 ,  0.0000 ,  0.0000 ,  0.0000 ,  0.0000 ,  0.0000 ,
  0.0000 ,  0.0000 ,  0.0000 ,  0.0000 ,  0.0000 ,  0.0000 ,
  0.0000 ,  0.0000 ,  0.0000 ,  0.0000 ,  0.0000 ,  0.0000 ,
  0.0000 ,  0.0000 ,  0.0000 ,  0.0000 ,  0.0000 ,  0.0000 ,
  0.0000 ,  0.0000 ,  0.0000 ,  0.0000 ,  0.0000 ,  0.0000 ,
  0.0000 ,  0.0000 ,  0.0000 ,  0.0000 ,  0.0000 ,  0.0000 ,
  0.0000 ,  0.0000 ,  0.0000 ,  0.0000 ,  0.0000 ,  0.0000 ,
  0.0000 ,  0.0000 ,  0.0000 ,  0.0000 ,  0.0000 ,  0.0000 ,
  0.0000 ,  0.0000 ,  0.0000 ,  0.0000 ,  0.0000 ,  0.0000 ,
  0.0000 ,  0.0000 ,  0.0000 ,  0.0000 ,  0.0000 ,  0.0000 ,
  0.0000 ,  0.0000 ,  0.0000 ,  0.0000 ,  0.0000 ,  0.0000 ,
  0.0000 ,  0.0000 ,  0.0000 ,  0.0000 ,  0.0000 ,  0.0000 ,
  0.0000 ,  0.0000 ,  0.0000 ,  0.0000 ,  0.0000 ,  0.0000 ,
  0.0000 ,  0.0000 ,  0.0000 ,  0.0000 ,  0.0000 ,  0.0000 ,
  0.0000 ,  0.0000 ,  0.0000 ,  0.0000 ,  0.0000 ,  0.0000 ,
  0.0000 ,  0.0000 ,  0.0000 ,  0.0000 ,  0.0000 ,  0.0000 ,
  0.0000 ,  0.0000 ,  0.0000 ,  0.0000 ,  0.0000 ,  0.0000 ,
  0.0000 ,  0.0000 ,  0.0000 ,  0.0000 ,  0.0000 ,  0.0000 ,
  0.0000 ,  0.0000 ,  0.0000 ,  0.0000 ,  0.0000 ,  0.0000 ,
  0.0000 ,  0.0000 ,  0.0000 ,  0.0000 ,  0.0000 ,  0.0000 ,
  0.0000 ,  0.0000 ,  0.0000 ,  0.0000 ,  0.0000 ,  0.0000 ,
  0.0000 ,  0.0000 ,  0.0000 ,  0.0000 ,  0.0000 ,  0.0000 ,
  0.0000 ,  0.0000 ,  0.0000 ,  0.0000 ,  0.0000 ,  0.0000 ,
  0.0000 ,  0.0000 ,  0.0000 ,  0.0000 ,  0.0000 ,  0.0000 ,
  0.0000 ,  0.0000 ,  0.0000 ,  0.0000 ,  0.0000 ,  0.0000 ,
  0.0000 ,  0.0000 ,  0.0000 ,  0.0000 ,  0.0000 ,  0.0000 ,
  0.0000 ,  0.0000 ,  0.0000 ,  0.0000 ,  0.0000 ,  0.0000 ,
  0.0000 ,  0.0000 ,  0.0000 ,  0.0000 ,  0.0000 ,  0.0000 ,
  0.0000 ,  0.0000 ,  0.0000 ,  0.0000 ,  0.0000 ,  0.0000 ,
  0.0000 ,  0.0000 ,  0.0000 ,  0.0000 ,  0.0000 ,  0.0000 ,
  0.0000 ,  0.0000 ,  0.0000 ,  0.0000 ,  0.0000 ,  0.0000 ,
  0.0000 ,  0.0000 ,  0.0000 ,  0.0000 ,  0.0000 ,  0.0000 ,
  0.0000 ,  0.0000 ,  0.0000 ,  0.0000 ,  0.0000 ,  0.0000 ,
  0.0000 ,  0.0000 ,  0.0000 ,  0.0000 ,  0.0000 ,  0.0000 ,
  0.0000 ,  0.0000 ,  0.0000 ,  0.0000 ,  0.0000 ,  0.0000 ,
  0.0000 ,  0.0000 ,  0.0000 ,  0.0000 ,  0.0000 ,  0.0000 ,
  0.0000 ,  0.0000 ,  0.0000 ,  0.0000 ,  0.0000 ,  0.0000 ,
  0.0000 ,  0.0000 ,  0.0000 ,  0.0000 ,  0.0000 ,  0.0000 ,
  0.0000 ,  0.0000 ,  0.0000 ,  0.0000 ,  0.0000 ,  0.0000 ,
  0.0000 ,  0.0000 ,  0.0000 ,  0.0000 ,  0.0000 ,  0.0000 ,
  0.0000 ,  0.0000 ,  0.0000 ,  0.0000 ,  0.0000 ,  0.0000 ,
  0.0000 ,  0.0000 ,  0.0000 ,  0.0000 ,  0.0000 ,  0.0000 ,
  0.0000 ,  0.0000 ,  0.0000 ,  0.0000 ,  0.0000 ,  0.0000 ,
  0.0000 ,  0.0000 ,  0.0000 ,  0.0000 ,  0.0000 ,  0.0000 ,
  0.0000 ,  0.0000 ,  0.0000 ,  0.0000 ,  0.0000 ,  0.0000 ,
  0.0000 ,  0.0000 ,  0.0000 ,  0.0000 ,  0.0000 ,  0.0000 ,
  0.0000 ,  0.0000 ,  0.0000 ,  0.0000 ,  0.0000 ,  0.0000 ,
  0.0000 ,  0.0000 ,  0.0000 ,  0.0000 ,  0.0000 ,  0.0000 ,
  0.0000 ,  0.0000 ,  0.0000 ,  0.0000 ,  0.0000 ,  0.0000 ,
  0.0000 ,  0.0000 ,  0.0000 ,  0.0000 ,  0.0000 ,  0.0000 ,
  0.0000 ,  0.0000 ,  0.0000 ,  0.0000 ,  0.0000 ,  0.0000 ,
  0.0000 ,  0.0000 ,  0.0000 ,  0.0000 ,  0.0000 ,  0.0000 ,
  0.0000 ,  0.0000 ,  0.0000 ,  0.0000 ,  0.0000 ,  0.0000 ,
  0.0000 ,  0.0000 ,  0.0000 ,  0.0000 ,  0.0000 ,  0.0000 ,
  0.0000 ,  0.0000 ,  0.0000 ,  0.0000 ,  0.0000 ,  0.0000 ,
  0.0000 ,  0.0000 ,  0.0000 ,  0.0000 ,  0.0000 ,  0.0000 ,
  0.0000 ,  0.0000 ,  0.0000 ,  0.0000 ,  0.0000 ,  0.0000 ,
  0.0000 ,  0.0000 ,  0.0000 ,  0.0000 ,  0.0000 ,  0.0000 ,
  0.0000 ,  0.0000 ,  0.0000 ,  0.0000 ,  0.0000 ,  0.0000 ,
  0.0000 ,  0.0000 ,  0.0000 ,  0.0000 ,  0.0000 ,  0.0000 ,
  0.0000 ,  0.0000 ,  0.0000 ,  0.0000 ,  0.0000 ,  0.0000 ,
  0.0000 ,  0.0000 ,  0.0000 ,  0.0000 ,  0.0000 ,  0.0000 ,
  0.0000 ,  0.0000 ,  0.0000 ,  0.0000 ,  0.0000 ,  0.0000 ,
  0.0000 ,  0.0000 ,  0.0000 ,  0.0000 ,  0.0000 ,  0.0000 ,
  0.0000 ,  0.0000 ,  0.0000 ,  0.0000 ,  0.0000 ,  0.0000 ,
  0.0000 ,  0.0000 ,  0.0000 ,  0.0000 ,  0.0000 ,  0.0000 ,
  0.0000 ,  0.0000 ,  0.0000 ,  0.0000 ,  0.0000 ,  0.0000 ,
  0.0000 ,  0.0000 ,  0.0000 ,  0.0000 ,  0.0000 ,  0.0000 ,
  0.0000 ,  0.0000 ,  0.0000 ,  0.0000 ,  0.0000 ,  0.0000 ,
  0.0000 ,  0.0000 ,  0.0000 ,  0.0000 ,  0.0000 ,  0.0000 ,
  0.0000 ,  0.0000 ,  0.0000 ,  0.0000 ,  0.0000 ,  0.0000 ,
  0.0000 ,  0.0000 ,  0.0000 ,  0.0000 ,  0.0000 ,  0.0000 ,
  0.0000 ,  0.0000 ,  0.0000 ,  0.0000 ,  0.0000 ,  0.0000 ,
  0.0000 ,  0.0000 ,  0.0000 ,  0.0000 ,  0.0000 ,  0.0000 ,
  0.0000 ,  0.0000 ,  0.0000 ,  0.0000 ,  0.0000 ,  0.0000 ,
  0.0000 ,  0.0000 ,  0.0000 ,  0.0000 ,  0.0000 ,  0.0000 ,
  0.0000 ,  0.0000 ,  0.0000 ,  0.0000 ,  0.0000 ,  0.0000 ,
  0.0000 ,  0.0000 ,  0.0000 ,  0.0000 ,  0.0000 ,  0.0000 ,
  0.0000 ,  0.0000 ,  0.0000 ,  0.0000 ,  0.0000 ,  0.0000 ,
  0.0000 ,  0.0000 ,  0.0000 ,  0.0000 ,  0.0000 ,  0.0000 ,
  0.0000 ,  0.0000 ,  0.0000 ,  0.0000 ,  0.0000 ,  0.0000 ,
  0.0000 ,  0.0000 ,  0.0000 ,  0.0000 ,  0.0000 ,  0.0000 ,
  0.0000 ,  0.0000 ,  0.0000 ,  0.0000 ,  0.0000 ,  0.0000 ,
  0.0000 ,  0.0000 ,  0.0000 ,  0.0000 ,  0.0000 ,  0.0000 ,
  0.0000 ,  0.0000 ,  0.0000 ,  0.0000 ,  0.0000 ,  0.0000 ,
  0.0000 ,  0.0000 ,  0.0000 ,  0.0000 ,  0.0000 ,  0.0000 ,
  0.0000 ,  0.0000 ,  0.0000 ,  0.0000 ,  0.0000 ,  0.0000 ,
  0.0000 ,  0.0000 ,  0.0000 ,  0.0000 ,  0.0000 ,  0.0000 ,
  0.0000 ,  0.0000 ,  0.0000 ,  0.0000 ,  0.0000 ,  0.0000 ,
  0.0000 ,  0.0000 ,  0.0000 ,  0.0000 ,  0.0000 ,  0.0000 ,
  0.0000 ,  0.0000 ,  0.0000 ,  0.0000 ,  0.0000 ,  0.0000 ,
  0.0000 ,  0.0000 ,  0.0000 ,  0.0000 ,  0.0000 ,  0.0000 ,
  0.0000 ,  0.0000 ,  0.0000 ,  0.0000 ,  0.0000 ,  0.0000 ,
  0.0000 ,  0.0000 ,  0.0000 ,  0.0000 ,  0.0000 ,  0.0000 ,
  0.0000 ,  0.0000 ,  0.0000 ,  0.0000 ,  0.0000 ,  0.0000 ,
  0.0000 ,  0.0000 ,  0.0000 ,  0.0000 ,  0.0000 ,  0.0000 ,
  0.0000 ,  0.0000 ,  0.0000 ,  0.0000 ,  0.0000 ,  0.0000 ,
  0.0000 ,  0.0000 ,  0.0000 ,  0.0000 ,  0.0000 ,  0.0000 ,
  0.0000 ,  0.0000 ,  0.0000 ,  0.0000 ,  0.0000 ,  0.0000 ,
  0.0000 ,  0.0000 ,  0.0000 ,  0.0000 ,  0.0000 ,  0.0000 ,
  0.0000 ,  0.0000 ,  0.0000 ,  0.0000 ,  0.0000 ,  0.0000 ,
  0.0000 ,  0.0000 ,  0.0000 ,  0.0000 ,  0.0000 ,  0.0000 ,
  0.0000 ,  0.0000 ,  0.0000 ,  0.0000 ,  0.0000 ,  0.0000 ,
  0.0000 ,  0.0000 ,  0.0000 ,  0.0000 ,  0.0000 ,  0.0000 ,
  0.0000 ,  0.0000 ,  0.0000 ,  0.0000 ,  0.0000 ,  0.0000 ,
  0.0000 ,  0.0000 ,  0.0000 ,  0.0000 ,  0.0000 ,  0.0000 ,
  0.0000 ,  0.0000 ,  0.0000 ,  0.0000 ,  0.0000 ,  0.0000 ,
  0.0000 ,  0.0000 ,  0.0000 ,  0.0000 ,  0.0000 ,  0.0000 ,
  0.0000 ,  0.0000 ,  0.0000 ,  0.0000 ,  0.0000 ,  0.0000 ,
  0.0000 ,  0.0000 ,  0.0000 ,  0.0000 ,  0.0000 ,  0.0000 ,
  0.0000 ,  0.0000 ,  0.0000 ,  0.0000 ,  0.0000 ,  0.0000 ,
  0.0000 ,  0.0000 ,  0.0000 ,  0.0000 ,  0.0000 ,  0.0000 ,
  0.0000 ,  0.0000 ,  0.0000 ,  0.0000 ,  0.0000 ,  0.0000 ,
  0.0000 ,  0.0000 ,  0.0000 ,  0.0000 ,  0.0000 ,  0.0000 ,
  0.0000 ,  0.0000 ,  0.0000 ,  0.0000 ,  0.0000 ,  0.0000 ,
  0.0000 ,  0.0000 ,  0.0000 ,  0.0000 ,  0.0000 ,  0.0000 ,
  0.0000 ,  0.0000 ,  0.0000 ,  0.0000 ,  0.0000 ,  0.0000 ,
  0.0000 ,  0.0000 ,  0.0000 ,  0.0000 ,  0.0000 ,  0.0000 ,
  0.0000 ,  0.0000 ,  0.0000 ,  0.0000 ,  0.0000 ,  0.0000 ,
  0.0000 ,  0.0000 ,  0.0000 ,  0.0000 ,  0.0000 ,  0.0000 ,
  0.0000 ,  0.0000 ,  0.0000 ,  0.0000 ,  0.0000 ,  0.0000 ,
  0.0000 ,  0.0000 ,  0.0000 ,  0.0000 ,  0.0000 ,  0.0000 ,
  0.0000 ,  0.0000 ,  0.0000 ,  0.0000 ,  0.0000 ,  0.0000 ,
  0.0000 ,  0.0000 ,  0.0000 ,  0.0000 ,  0.0000 ,  0.0000 ,
  0.0000 ,  0.0000 ,  0.0000 ,  0.0000 ,  0.0000 ,  0.0000 ,
  0.0000 ,  0.0000 ,  0.0000 ,  0.0000 ,  0.0000 ,  0.0000 ,
  0.0000 ,  0.0000 ,  0.0000 ,  0.0000 ,  0.0000 ,  0.0000 ,
  0.0000 ,  0.0000 ,  0.0000 ,  0.0000 ,  0.0000 ,  0.0000 ,
  0.0000 ,  0.0000 ,  0.0000 ,  0.0000 ,  0.0000 ,  0.0000 ,
  0.0000 ,  0.0000 ,  0.0000 ,  0.0000 ,  0.0000 ,  0.0000 ,
  0.0000 ,  0.0000 ,  0.0000 ,  0.0000 ,  0.0000 ,  0.0000 ,
  0.0000 ,  0.0000 ,  0.0000 ,  0.0000 ,  0.0000 ,  0.0000 ,
  0.0000 ,  0.0000 ,  0.0000 ,  0.0000 ,  0.0000 ,  0.0000 ,
  0.0000 ,  0.0000 ,  0.0000 ,  0.0000 ,  0.0000 ,  0.0000 ,
  0.0000 ,  0.0000 ,  0.0000 ,  0.0000 ,  0.0000 ,  0.0000 ,
  0.0000 ,  0.0000 ,  0.0000 ,  0.0000 ,  0.0000 ,  0.0000 ,
  0.0000 ,  0.0000 ,  0.0000 ,  0.0000 ,  0.0000 ,  0.0000 ,
  0.0000 ,  0.0000 ,  0.0000 ,  0.0000 ,  0.0000 ,  0.0000 ,
  0.0000 ,  0.0000 ,  0.0000 ,  0.0000 ,  0.0000 ,  0.0000 ,
  0.0000 ,  0.0000 ,  0.0000 ,  0.0000 ,  0.0000 ,  0.0000 ,
  0.0000 ,  0.0000 ,  0.0000 ,  0.0000 ,  0.0000 ,  0.0000 ,
  0.0000 ,  0.0000 ,  0.0000 ,  0.0000 ,  0.0000 ,  0.0000 ,
  0.0000 ,  0.0000 ,  0.0000 ,  0.0000 ,  0.0000 ,  0.0000 ,
  0.0000 ,  0.0000 ,  0.0000 ,  0.0000 ,  0.0000 ,  0.0000 ,
  0.0000 ,  0.0000 ,  0.0000 ,  0.0000 ,  0.0000 ,  0.0000 ,
  0.0000 ,  0.0000 ,  0.0000 ,  0.0000 ,  0.0000 ,  0.0000 ,
  0.0000 ,  0.0000 ,  0.0000 ,  0.0000 ,  0.0000 ,  0.0000 ,
  0.0000 ,  0.0000 ,  0.0000 ,  0.0000 ,  0.0000 ,  0.0000 ,
  0.0000 ,  0.0000 ,  0.0000 ,  0.0000 ,  0.0000 ,  0.0000 ,
  0.0000 ,  0.0000 ,  0.0000 ,  0.0000 ,  0.0000 ,  0.0000 ,
  0.0000 ,  0.0000 ,  0.0000 ,  0.0000 ,  0.0000 ,  0.0000 ,
  0.0000 ,  0.0000 ,  0.0000 ,  0.0000 ,  0.0000 ,  0.0000 ,
  0.0000 ,  0.0000 ,  0.0000 ,  0.0000 ,  0.0000 ,  0.0000 ,
  0.0000 ,  0.0000 ,  0.0000 ,  0.0000 ,  0.0000 ,  0.0000 ,
  0.0000 ,  0.0000 ,  0.0000 ,  0.0000 ,  0.0000 ,  0.0000 ,
  0.0000 ,  0.0000 ,  0.0000 ,  0.0000 ,  0.0000 ,  0.0000 ,
  0.0000 ,  0.0000 ,  0.0000 ,  0.0000 ,  0.0000 ,  0.0000 ,
  0.0000 ,  0.0000 ,  0.0000 ,  0.0000 ,  0.0000 ,  0.0000 ,
  0.0000 ,  0.0000 ,  0.0000 ,  0.0000 ,  0.0000 ,  0.0000 ,
  0.0000 ,  0.0000 ,  0.0000 ,  0.0000 ,  0.0000 ,  0.0000 ,
  0.0000 ,  0.0000 ,  0.0000 ,  0.0000 ,  0.0000 ,  0.0000 ,
  0.0000 ,  0.0000 ,  0.0000 ,  0.0000 ,  0.0000 ,  0.0000 ,
  0.0000 ,  0.0000 ,  0.0000 ,  0.0000 ,  0.0000 ,  0.0000 ,
  0.0000 ,  0.0000 ,  0.0000 ,  0.0000 ,  0.0000 ,  0.0000 ,
  0.0000 ,  0.0000 ,  0.0000 ,  0.0000 ,  0.0000 ,  0.0000 ,
  0.0000 ,  0.0000 ,  0.0000 ,  0.0000 ,  0.0000 ,  0.0000 ,
  0.0000 ,  0.0000 ,  0.0000 ,  0.0000 ,  0.0000 ,  0.0000 ,
  0.0000 ,  0.0000 ,  0.0000 ,  0.0000 ,  0.0000 ,  0.0000 ,
  0.0000 ,  0.0000 ,  0.0000 ,  0.0000 ,  0.0000 ,  0.0000 ,
  0.0000 ,  0.0000 ,  0.0000 ,  0.0000 ,  0.0000 ,  0.0000 ,
  0.0000 ,  0.0000 ,  0.0000 ,  0.0000 ,  0.0000 ,  0.0000 ,
  0.0000 ,  0.0000 ,  0.0000 ,  0.0000 ,  0.0000 ,  0.0000 ,
  0.0000 ,  0.0000 ,  0.0000 ,  0.0000 ,  0.0000 ,  0.0000 ,
  0.0000 ,  0.0000 ,  0.0000 ,  0.0000 ,  0.0000 ,  0.0000 ,
  0.0000 ,  0.0000 ,  0.0000 ,  0.0000 ,  0.0000 ,  0.0000 ,
  0.0000 ,  0.0000 ,  0.0000 ,  0.0000 ,  0.0000 ,  0.0000 ,
  0.0000 ,  0.0000 ,  0.0000 ,  0.0000 ,  0.0000 ,  0.0000 ,
  0.0000 ,  0.0000 ,  0.0000 ,  0.0000 ,  0.0000 ,  0.0000 ,
  0.0000 ,  0.0000 ,  0.0000 ,  0.0000 ,  0.0000 ,  0.0000 ,
  0.0000 ,  0.0000 ,  0.0000 ,  0.0000 ,  0.0000 ,  0.0000 ,
  0.0000 ,  0.0000 ,  0.0000 ,  0.0000 ,  0.0000 ,  0.0000 ,
  0.0000 ,  0.0000 ,  0.0000 ,  0.0000 ,  0.0000 ,  0.0000 ,
  0.0000 ,  0.0000 ,  0.0000 ,  0.0000 ,  0.0000 ,  0.0000 ,
  0.0000 ,  0.0000 ,  0.0000 ,  0.0000 ,  0.0000 ,  0.0000 ,
  0.0000 ,  0.0000 ,  0.0000 ,  0.0000 ,  0.0000 ,  0.0000 ,
  0.0000 ,  0.0000 ,  0.0000 ,  0.0000 ,  0.0000 ,  0.0000 ,
  0.0000 ,  0.0000 ,  0.0000 ,  0.0000 ,  0.0000 ,  0.0000 ,
  0.0000 ,  0.0000 ,  0.0000 ,  0.0000 ,  0.0000 ,  0.0000 ,
  0.0000 ,  0.0000 ,  0.0000 ,  0.0000 ,  0.0000 ,  0.0000 ,
  0.0000 ,  0.0000 ,  0.0000 ,  0.0000 ,  0.0000 ,  0.0000 ,
  0.0000 ,  0.0000 ,  0.0000 ,  0.0000 ,  0.0000 ,  0.0000 ,
  0.0000 ,  0.0000 ,  0.0000 ,  0.0000 ,  0.0000 ,  0.0000 ,
  0.0000 ,  0.0000 ,  0.0000 ,  0.0000 ,  0.0000 ,  0.0000 ,
  0.0000 ,  0.0000 ,  0.0000 ,  0.0000 ,  0.0000 ,  0.0000 ,
  0.0000 ,  0.0000 ,  0.0000 ,  0.0000 ,  0.0000 ,  0.0000 ,
  0.0000 ,  0.0000 ,  0.0000 ,  0.0000 ,  0.0000 ,  0.0000 ,
  0.0000 ,  0.0000 ,  0.0000 ,  0.0000 ,  0.0000 ,  0.0000 ,
  0.0000 ,  0.0000 ,  0.0000 ,  0.0000 ,  0.0000 ,  0.0000 ,
  0.0000 ,  0.0000 ,  0.0000 ,  0.0000 ,  0.0000 ,  0.0000 ,
  0.0000 ,  0.0000 ,  0.0000 ,  0.0000 ,  0.0000 ,  0.0000 ,
  0.0000 ,  0.0000 ,  0.0000 ,  0.0000 ,  0.0000 ,  0.0000 ,
  0.0000 ,  0.0000 ,  0.0000 ,  0.0000 ,  0.0000 ,  0.0000 ,
  0.0000 ,  0.0000 ,  0.0000 ,  0.0000 ,  0.0000 ,  0.0000 ,
  0.0000 ,  0.0000 ,  0.0000 ,  0.0000 ,  0.0000 ,  0.0000 ,
  0.0000 ,  0.0000 ,  0.0000 ,  0.0000 ,  0.0000 ,  0.0000 ,
  0.0000 ,  0.0000 ,  0.0000 ,  0.0000 ,  0.0000 ,  0.0000 ,
  0.0000 ,  0.0000 ,  0.0000 ,  0.0000 ,  0.0000 ,  0.0000 ,
  0.0000 ,  0.0000 ,  0.0000 ,  0.0000 ,  0.0000 ,  0.0000 ,
  0.0000 ,  0.0000 ,  0.0000 ,  0.0000 ,  0.0000 ,  0.0000 ,
  0.0000 ,  0.0000 ,  0.0000 ,  0.0000 ,  0.0000 ,  0.0000 ,
  0.0000 ,  0.0000 ,  0.0000 ,  0.0000 ,  0.0000 ,  0.0000 ,
  0.0000 ,  0.0000 ,  0.0000 ,  0.0000 ,  0.0000 ,  0.0000 ,
  0.0000 ,  0.0000 ,  0.0000 ,  0.0000 ,  0.0000 ,  0.0000 ,
  0.0000 ,  0.0000 ,  0.0000 ,  0.0000 ,  0.0000 ,  0.0000 ,
  0.0000 ,  0.0000 ,  0.0000 ,  0.0000 ,  0.0000 ,  0.0000 ,
  0.0000 ,  0.0000 ,  0.0000 ,  0.0000 ,  0.0000 ,  0.0000 ,
  0.0000 ,  0.0000 ,  0.0000 ,  0.0000 ,  0.0000 ,  0.0000 ,
  0.0000 ,  0.0000 ,  0.0000 ,  0.0000 ,  0.0000 ,  0.0000 ,
  0.0000 ,  0.0000 ,  0.0000 ,  0.0000 ,  0.0000 ,  0.0000 ,
  0.0000 ,  0.0000 ,  0.0000 ,  0.0000 ,  0.0000 ,  0.0000 ,
  0.0000 ,  0.0000 ,  0.0000 ,  0.0000 ,  0.0000 ,  0.0000 ,
  0.0000 ,  0.0000 ,  0.0000 ,  0.0000 ,  0.0000 ,  0.0000 ,
  0.0000 ,  0.0000 ,  0.0000 ,  0.0000 ,  0.0000 ,  0.0000 ,
  0.0000 ,  0.0000 ,  0.0000 ,  0.0000 ,  0.0000 ,  0.0000 ,
  0.0000 ,  0.0000 ,  0.0000 ,  0.0000 ,  0.0000 ,  0.0000 ,
  0.0000 ,  0.0000 ,  0.0000 ,  0.0000 ,  0.0000 ,  0.0000 ,
  0.0000 ,  0.0000 ,  0.0000 ,  0.0000 ,  0.0000 ,  0.0000 ,
  0.0000 ,  0.0000 ,  0.0000 ,  0.0000 ,  0.0000 ,  0.0000 ,
  0.0000 ,  0.0000 ,  0.0000 ,  0.0000 ,  0.0000 ,  0.0000 ,
  0.0000 ,  0.0000 ,  0.0000 ,  0.0000 ,  0.0000 ,  0.0000 ,
  0.0000 ,  0.0000 ,  0.0000 ,  0.0000 ,  0.0000 ,  0.0000 ,
  0.0000 ,  0.0000 ,  0.0000 ,  0.0000 ,  0.0000 ,  0.0000 ,
  0.0000 ,  0.0000 ,  0.0000 ,  0.0000 ,  0.0000 ,  0.0000 ,
  0.0000 ,  0.0000 ,  0.0000 ,  0.0000 ,  0.0000 ,  0.0000 ,
  0.0000 ,  0.0000 ,  0.0000 ,  0.0000 ,  0.0000 ,  0.0000 ,
  0.0000 ,  0.0000 ,  0.0000 ,  0.0000 ,  0.0000 ,  0.0000 ,
  0.0000 ,  0.0000 ,  0.0000 ,  0.0000 ,  0.0000 ,  0.0000 ,
  0.0000 ,  0.0000 ,  0.0000 ,  0.0000 ,  0.0000 ,  0.0000 ,
  0.0000 ,  0.0000 ,  0.0000 ,  0.0000 ,  0.0000 ,  0.0000 ,
  0.0000 ,  0.0000 ,  0.0000 ,  0.0000 ,  0.0000 ,  0.0000 ,
  0.0000 ,  0.0000 ,  0.0000 ,  0.0000 ,  0.0000 ,  0.0000 ,
  0.0000 ,  0.0000 ,  0.0000 ,  0.0000 ,  0.0000 ,  0.0000 ,
  0.0000 ,  0.0000 ,  0.0000 ,  0.0000 ,  0.0000 ,  0.0000 ,
  0.0000 ,  0.0000 ,  0.0000 ,  0.0000 ,  0.0000 ,  0.0000 ,
  0.0000 ,  0.0000 ,  0.0000 ,  0.0000 ,  0.0000 ,  0.0000 ,
  0.0000 ,  0.0000 ,  0.0000 ,  0.0000 ,  0.0000 ,  0.0000 ,
  0.0000 ,  0.0000 ,  0.0000 ,  0.0000 ,  0.0000 ,  0.0000 ,
  0.0000 ,  0.0000 ,  0.0000 ,  0.0000 ,  0.0000 ,  0.0000 ,
  0.0000 ,  0.0000 ,  0.0000 ,  0.0000 ,  0.0000 ,  0.0000 ,
  0.0000 ,  0.0000 ,  0.0000 ,  0.0000 ,  0.0000 ,  0.0000 ,
  0.0000 ,  0.0000 ,  0.0000 ,  0.0000 ,  0.0000 ,  0.0000 ,
  0.0000 ,  0.0000 ,  0.0000 ,  0.0000 ,  0.0000 ,  0.0000 ,
  0.0000 ,  0.0000 ,  0.0000 ,  0.0000 ,  0.0000 ,  0.0000 ,
  0.0000 ,  0.0000 ,  0.0000 ,  0.0000 ,  0.0000 ,  0.0000 ,
  0.0000 ,  0.0000 ,  0.0000 ,  0.0000 ,  0.0000 ,  0.0000 ,
  0.0000 ,  0.0000 ,  0.0000 ,  0.0000 ,  0.0000 ,  0.0000 ,
  0.0000 ,  0.0000 ,  0.0000 ,  0.0000 ,  0.0000 ,  0.0000 ,
  0.0000 ,  0.0000 ,  0.0000 ,  0.0000 ,  0.0000 ,  0.0000 ,
  0.0000 ,  0.0000 ,  0.0000 ,  0.0000 ,  0.0000 ,  0.0000 ,
  0.0000 ,  0.0000 ,  0.0000 ,  0.0000 ,  0.0000 ,  0.0000 ,
  0.0000 ,  0.0000 ,  0.0000 ,  0.0000 ,  0.0000 ,  0.0000 ,
  0.0000 ,  0.0000 ,  0.0000 ,  0.0000 ,  0.0000 ,  0.0000 ,
  0.0000 ,  0.0000 ,  0.0000 ,  0.0000 ,  0.0000 ,  0.0000 ,
  0.0000 ,  0.0000 ,  0.0000 ,  0.0000 ,  0.0000 ,  0.0000 ,
  0.0000 ,  0.0000 ,  0.0000 ,  0.0000 ,  0.0000 ,  0.0000 ,
  0.0000 ,  0.0000 ,  0.0000 ,  0.0000 ,  0.0000 ,  0.0000 ,
  0.0000 ,  0.0000 ,  0.0000 ,  0.0000 ,  0.0000 ,  0.0000 ,
  0.0000 ,  0.0000 ,  0.0000 ,  0.0000 ,  0.0000 ,  0.0000 ,
  0.0000 ,  0.0000 ,  0.0000 ,  0.0000 ,  0.0000 ,  0.0000 ,
  0.0000 ,  0.0000 ,  0.0000 ,  0.0000 ,  0.0000 ,  0.0000 ,
  0.0000 ,  0.0000 ,  0.0000 ,  0.0000 ,  0.0000 ,  0.0000 ,
  0.0000 ,  0.0000 ,  0.0000 ,  0.0000 ,  0.0000 ,  0.0000 ,
  0.0000 ,  0.0000 ,  0.0000 ,  0.0000 ,  0.0000 ,  0.0000 ,
  0.0000 ,  0.0000 ,  0.0000 ,  0.0000 ,  0.0000 ,  0.0000 ,
  0.0000 ,  0.0000 ,  0.0000 ,  0.0000 ,  0.0000 ,  0.0000 ,
  0.0000 ,  0.0000 ,  0.0000 ,  0.0000 ,  0.0000 ,  0.0000 ,
  0.0000 ,  0.0000 ,  0.0000 ,  0.0000 ,  0.0000 ,  0.0000 ,
  0.0000 ,  0.0000 ,  0.0000 ,  0.0000 ,  0.0000 ,  0.0000 ,
  0.0000 ,  0.0000 ,  0.0000 ,  0.0000 ,  0.0000 ,  0.0000 ,
  0.0000 ,  0.0000 ,  0.0000 ,  0.0000 ,  0.0000 ,  0.0000 ,
  0.0000 ,  0.0000 ,  0.0000 ,  0.0000 ,  0.0000 ,  0.0000 ,
  0.0000 ,  0.0000 ,  0.0000 ,  0.0000 ,  0.0000 ,  0.0000 ,
  0.0000 ,  0.0000 ,  0.0000 ,  0.0000 ,  0.0000 ,  0.0000 ,
  0.0000 ,  0.0000 ,  0.0000 ,  0.0000 ,  0.0000 ,  0.0000 ,
  0.0000 ,  0.0000 ,  0.0000 ,  0.0000 ,  0.0000 ,  0.0000 ,
  0.0000 ,  0.0000 ,  0.0000 ,  0.0000 ,  0.0000 ,  0.0000 ,
  0.0000 ,  0.0000 ,  0.0000 ,  0.0000 ,  0.0000 ,  0.0000 ,
  0.0000 ,  0.0000 ,  0.0000 ,  0.0000 ,  0.0000 ,  0.0000 ,
  0.0000 ,  0.0000 ,  0.0000 ,  0.0000 ,  0.0000 ,  0.0000 ,
  0.0000 ,  0.0000 ,  0.0000 ,  0.0000 ,  0.0000 ,  0.0000 ,
  0.0000 ,  0.0000 ,  0.0000 ,  0.0000 ,  0.0000 ,  0.0000 ,
  0.0000 ,  0.0000 ,  0.0000 ,  0.0000 ,  0.0000 ,  0.0000 ,
  0.0000 ,  0.0000 ,  0.0000 ,  0.0000 ,  0.0000 ,  0.0000 ,
  0.0000 ,  0.0000 ,  0.0000 ,  0.0000 ,  0.0000 ,  0.0000 ,
  0.0000 ,  0.0000 ,  0.0000 ,  0.0000 ,  0.0000 ,  0.0000 ,
  0.0000 ,  0.0000 ,  0.0000 ,  0.0000 ,  0.0000 ,  0.0000 ,
  0.0000 ,  0.0000 ,  0.0000 ,  0.0000 ,  0.0000 ,  0.0000 ,
  0.0000 ,  0.0000 ,  0.0000 ,  0.0000 ,  0.0000 ,  0.0000 ,
  0.0000 ,  0.0000 ,  0.0000 ,  0.0000 ,  0.0000 ,  0.0000 ,
  0.0000 ,  0.0000 ,  0.0000 ,  0.0000 ,  0.0000 ,  0.0000 ,
  0.0000 ,  0.0000 ,  0.0000 ,  0.0000 ,  0.0000 ,  0.0000 ,
  0.0000 ,  0.0000 ,  0.0000 ,  0.0000 ,  0.0000 ,  0.0000 ,
  0.0000 ,  0.0000 ,  0.0000 ,  0.0000 ,  0.0000 ,  0.0000 ,
  0.0000 ,  0.0000 ,  0.0000 ,  0.0000 ,  0.0000 ,  0.0000 ,
  0.0000 ,  0.0000 ,  0.0000 ,  0.0000 ,  0.0000 ,  0.0000 ,
  0.0000 ,  0.0000 ,  0.0000 ,  0.0000 ,  0.0000 ,  0.0000 ,
  0.0000 ,  0.0000 ,  0.0000 ,  0.0000 ,  0.0000 ,  0.0000 ,
  0.0000 ,  0.0000 ,  0.0000 ,  0.0000 ,  0.0000 ,  0.0000 ,
  0.0000 ,  0.0000 ,  0.0000 ,  0.0000 ,  0.0000 ,  0.0000 ,
  0.0000 ,  0.0000 ,  0.0000 ,  0.0000 ,  0.0000 ,  0.0000 ,
  0.0000 ,  0.0000 ,  0.0000 ,  0.0000 ,  0.0000 ,  0.0000 ,
  0.0000 ,  0.0000 ,  0.0000 ,  0.0000 ,  0.0000 ,  0.0000 ,
  0.0000 ,  0.0000 ,  0.0000 ,  0.0000 ,  0.0000 ,  0.0000 ,
  0.0000 ,  0.0000 ,  0.0000 ,  0.0000 ,  0.0000 ,  0.0000 ,
  0.0000 ,  0.0000 ,  0.0000 ,  0.0000 ,  0.0000 ,  0.0000 ,
  0.0000 ,  0.0000 ,  0.0000 ,  0.0000 ,  0.0000 ,  0.0000 ,
  0.0000 ,  0.0000 ,  0.0000 ,  0.0000 ,  0.0000 ,  0.0000 ,
  0.0000 ,  0.0000 ,  0.0000 ,  0.0000 ,  0.0000 ,  0.0000 ,
  0.0000 ,  0.0000 ,  0.0000 ,  0.0000 ,  0.0000 ,  0.0000 ,
  0.0000 ,  0.0000 ,  0.0000 ,  0.0000 ,  0.0000 ,  0.0000 ,
  0.0000 ,  0.0000 ,  0.0000 ,  0.0000 ,  0.0000 ,  0.0000 ,
  0.0000 ,  0.0000 ,  0.0000 ,  0.0000 ,  0.0000 ,  0.0000 ,
  0.0000 ,  0.0000 ,  0.0000 ,  0.0000 ,  0.0000 ,  0.0000 ,
  0.0000 ,  0.0000 ,  0.0000 ,  0.0000 ,  0.0000 ,  0.0000 ,
  0.0000 ,  0.0000 ,  0.0000 ,  0.0000 ,  0.0000 ,  0.0000 ,
  0.0000 ,  0.0000 ,  0.0000 ,  0.0000 ,  0.0000 ,  0.0000 ,
  0.0000 ,  0.0000 ,  0.0000 ,  0.0000 ,  0.0000 ,  0.0000 ,
  0.0000 ,  0.0000 ,  0.0000 ,  0.0000 ,  0.0000 ,  0.0000 ,
  0.0000 ,  0.0000 ,  0.0000 ,  0.0000 ,  0.0000 ,  0.0000 ,
  0.0000 ,  0.0000 ,  0.0000 ,  0.0000 ,  0.0000 ,  0.0000 ,
  0.0000 ,  0.0000 ,  0.0000 ,  0.0000 ,  0.0000 ,  0.0000 ,
  0.0000 ,  0.0000 ,  0.0000 ,  0.0000 ,  0.0000 ,  0.0000 ,
  0.0000 ,  0.0000 ,  0.0000 ,  0.0000 ,  0.0000 ,  0.0000 ,
  0.0000 ,  0.0000 ,  0.0000 ,  0.0000 ,  0.0000 ,  0.0000 ,
  0.0000 ,  0.0000 ,  0.0000 ,  0.0000 ,  0.0000 ,  0.0000 ,
  0.0000 ,  0.0000 ,  0.0000 ,  0.0000 ,  0.0000 ,  0.0000 ,
  0.0000 ,  0.0000 ,  0.0000 ,  0.0000 ,  0.0000 ,  0.0000 ,
  0.0000 ,  0.0000 ,  0.0000 ,  0.0000 ,  0.0000 ,  0.0000 ,
  0.0000 ,  0.0000 ,  0.0000 ,  0.0000 ,  0.0000 ,  0.0000 ,
  0.0000 ,  0.0000 ,  0.0000 ,  0.0000 ,  0.0000 ,  0.0000 ,
  0.0000 ,  0.0000 ,  0.0000 ,  0.0000 ,  0.0000 ,  0.0000 ,
  0.0000 ,  0.0000 ,  0.0000 ,  0.0000 ,  0.0000 ,  0.0000 ,
  0.0000 ,  0.0000 ,  0.0000 ,  0.0000 ,  0.0000 ,  0.0000 ,
  0.0000 ,  0.0000 ,  0.0000 ,  0.0000 ,  0.0000 ,  0.0000 ,
  0.0000 ,  0.0000 ,  0.0000 ,  0.0000 ,  0.0000 ,  0.0000 ,
  0.0000 ,  0.0000 ,  0.0000 ,  0.0000 ,  0.0000 ,  0.0000 ,
  0.0000 ,  0.0000 ,  0.0000 ,  0.0000 ,  0.0000 ,  0.0000 ,
  0.0000 ,  0.0000 ,  0.0000 ,  0.0000 ,  0.0000 ,  0.0000 ,
  0.0000 ,  0.0000 ,  0.0000 ,  0.0000 ,  0.0000 ,  0.0000 ,
  0.0000 ,  0.0000 ,  0.0000 ,  0.0000 ,  0.0000 ,  0.0000 ,
  0.0000 ,  0.0000 ,  0.0000 ,  0.0000 ,  0.0000 ,  0.0000 ,
  0.0000 ,  0.0000 ,  0.0000 ,  0.0000 ,  0.0000 ,  0.0000 ,
  0.0000 ,  0.0000 ,  0.0000 ,  0.0000 ,  0.0000 ,  0.0000 ,
  0.0000 ,  0.0000 ,  0.0000 ,  0.0000 ,  0.0000 ,  0.0000 ,
  0.0000 ,  0.0000 ,  0.0000 ,  0.0000 ,  0.0000 ,  0.0000 ,
  0.0000 ,  0.0000 ,  0.0000 ,  0.0000 ,  0.0000 ,  0.0000 ,
  0.0000 ,  0.0000 ,  0.0000 ,  0.0000 ,  0.0000 ,  0.0000 ,
  0.0000 ,  0.0000 ,  0.0000 ,  0.0000 ,  0.0000 ,  0.0000 ,
  0.0000 ,  0.0000 ,  0.0000 ,  0.0000 ,  0.0000 ,  0.0000 ,
  0.0000 ,  0.0000 ,  0.0000 ,  0.0000 ,  0.0000 ,  0.0000 ,
  0.0000 ,  0.0000 ,  0.0000 ,  0.0000 ,  0.0000 ,  0.0000 ,
  0.0000 ,  0.0000 ,  0.0000 ,  0.0000 ,  0.0000 ,  0.0000 ,
  0.0000 ,  0.0000 ,  0.0000 ,  0.0000 ,  0.0000 ,  0.0000 ,
  0.0000 ,  0.0000 ,  0.0000 ,  0.0000 ,  0.0000 ,  0.0000 ,
  0.0000 ,  0.0000 ,  0.0000 ,  0.0000 ,  0.0000 ,  0.0000 ,
  0.0000 ,  0.0000 ,  0.0000 ,  0.0000 ,  0.0000 ,  0.0000 ,
  0.0000 ,  0.0000 ,  0.0000 ,  0.0000 ,  0.0000 ,  0.0000 ,
  0.0000 ,  0.0000 ,  0.0000 ,  0.0000 ,  0.0000 ,  0.0000 ,
  0.0000 ,  0.0000 ,  0.0000 ,  0.0000 ,  0.0000 ,  0.0000 ,
  0.0000 ,  0.0000 ,  0.0000 ,  0.0000 ,  0.0000 ,  0.0000 ,
  0.0000 ,  0.0000 ,  0.0000 ,  0.0000 ,  0.0000 ,  0.0000 ,
  0.0000 ,  0.0000 ,  0.0000 ,  0.0000 ,  0.0000 ,  0.0000 ,
  0.0000 ,  0.0000 ,  0.0000 ,  0.0000 ,  0.0000 ,  0.0000 ,
  0.0000 ,  0.0000 ,  0.0000 ,  0.0000 ,  0.0000 ,  0.0000 ,
  0.0000 ,  0.0000 ,  0.0000 ,  0.0000 ,  0.0000 ,  0.0000 ,
  0.0000 ,  0.0000 ,  0.0000 ,  0.0000 ,  0.0000 ,  0.0000 ,
  0.0000 ,  0.0000 ,  0.0000 ,  0.0000 ,  0.0000 ,  0.0000 ,
  0.0000 ,  0.0000 ,  0.0000 ,  0.0000 ,  0.0000 ,  0.0000 ,
  0.0000 ,  0.0000 ,  0.0000 ,  0.0000 ,  0.0000 ,  0.0000 ,
  0.0000 ,  0.0000 ,  0.0000 ,  0.0000 ,  0.0000 ,  0.0000 ,
  0.0000 ,  0.0000 ,  0.0000 ,  0.0000 ,  0.0000 ,  0.0000 ,
  0.0000 ,  0.0000 ,  0.0000 ,  0.0000 ,  0.0000 ,  0.0000 ,
  0.0000 ,  0.0000 ,  0.0000 ,  0.0000 ,  0.0000 ,  0.0000 ,
  0.0000 ,  0.0000 ,  0.0000 ,  0.0000 ,  0.0000 ,  0.0000 ,
  0.0000 ,  0.0000 ,  0.0000 ,  0.0000 ,  0.0000 ,  0.0000 ,
  0.0000 ,  0.0000 ,  0.0000 ,  0.0000 ,  0.0000 ,  0.0000 ,
  0.0000 ,  0.0000 ,  0.0000 ,  0.0000 ,  0.0000 ,  0.0000 ,
  0.0000 ,  0.0000 ,  0.0000 ,  0.0000 ,  0.0000 ,  0.0000 ,
  0.0000 ,  0.0000 ,  0.0000 ,  0.0000 ,  0.0000 ,  0.0000 ,
  0.0000 ,  0.0000 ,  0.0000 ,  0.0000 ,  0.0000 ,  0.0000 ,
  0.0000 ,  0.0000 ,  0.0000 ,  0.0000 ,  0.0000 ,  0.0000 ,
  0.0000 ,  0.0000 ,  0.0000 ,  0.0000 ,  0.0000 ,  0.0000 ,
  0.0000 ,  0.0000 ,  0.0000 ,  0.0000 ,  0.0000 ,  0.0000 ,
  0.0000 ,  0.0000 ,  0.0000 ,  0.0000 ,  0.0000 ,  0.0000 ,
  0.0000 ,  0.0000 ,  0.0000 ,  0.0000 ,  0.0000 ,  0.0000 ,
  0.0000 ,  0.0000 ,  0.0000 ,  0.0000 ,  0.0000 ,  0.0000 ,
  0.0000 ,  0.0000 ,  0.0000 ,  0.0000 ,  0.0000 ,  0.0000 ,
  0.0000 ,  0.0000 ,  0.0000 ,  0.0000 ,  0.0000 ,  0.0000 ,
  0.0000 ,  0.0000 ,  0.0000 ,  0.0000 ,  0.0000 ,  0.0000 ,
  0.0000 ,  0.0000 ,  0.0000 ,  0.0000 ,  0.0000 ,  0.0000 ,
  0.0000 ,  0.0000 ,  0.0000 ,  0.0000 ,  0.0000 ,  0.0000 ,
  0.0000 ,  0.0000 ,  0.0000 ,  0.0000 ,  0.0000 ,  0.0000 ,
  0.0000 ,  0.0000 ,  0.0000 ,  0.0000 ,  0.0000 ,  0.0000 ,
  0.0000 ,  0.0000 ,  0.0000 ,  0.0000 ,  0.0000 ,  0.0000 ,
  0.0000 ,  0.0000 ,  0.0000 ,  0.0000 ,  0.0000 ,  0.0000 ,
  0.0000 ,  0.0000 ,  0.0000 ,  0.0000 ,  0.0000 ,  0.0000 ,
  0.0000 ,  0.0000 ,  0.0000 ,  0.0000 ,  0.0000 ,  0.0000 ,
  0.0000 ,  0.0000 ,  0.0000 ,  0.0000 ,  0.0000 ,  0.0000 ,
  0.0000 ,  0.0000 ,  0.0000 ,  0.0000 ,  0.0000 ,  0.0000 ,
  0.0000 ,  0.0000 ,  0.0000 ,  0.0000 ,  0.0000 ,  0.0000 ,
  0.0000 ,  0.0000 ,  0.0000 ,  0.0000 ,  0.0000 ,  0.0000 ,
  0.0000 ,  0.0000 ,  0.0000 ,  0.0000 ,  0.0000 ,  0.0000 ,
  0.0000 ,  0.0000 ,  0.0000 ,  0.0000 ,  0.0000 ,  0.0000 ,
  0.0000 ,  0.0000 ,  0.0000 ,  0.0000 ,  0.0000 ,  0.0000 ,
  0.0000 ,  0.0000 ,  0.0000 ,  0.0000 ,  0.0000 ,  0.0000 ,
  0.0000 ,  0.0000 ,  0.0000 ,  0.0000 ,  0.0000 ,  0.0000 ,
  0.0000 ,  0.0000 ,  0.0000 ,  0.0000 ,  0.0000 ,  0.0000 ,
  0.0000 ,  0.0000 ,  0.0000 ,  0.0000 ,  0.0000 ,  0.0000 ,
  0.0000 ,  0.0000 ,  0.0000 ,  0.0000 ,  0.0000 ,  0.0000 ,
  0.0000 ,  0.0000 ,  0.0000 ,  0.0000 ,  0.0000 ,  0.0000 ,
  0.0000 ,  0.0000 ,  0.0000 ,  0.0000 ,  0.0000 ,  0.0000 ,
  0.0000 ,  0.0000 ,  0.0000 ,  0.0000 ,  0.0000 ,  0.0000 ,
  0.0000 ,  0.0000 ,  0.0000 ,  0.0000 ,  0.0000 ,  0.0000 ,
  0.0000 ,  0.0000 ,  0.0000 ,  0.0000 ,  0.0000 ,  0.0000 ,
  0.0000 ,  0.0000 ,  0.0000 ,  0.0000 ,  0.0000 ,  0.0000 ,
  0.0000 ,  0.0000 ,  0.0000 ,  0.0000 ,  0.0000 ,  0.0000 ,
  0.0000 ,  0.0000 ,  0.0000 ,  0.0000 ,  0.0000 ,  0.0000 ,
  0.0000 ,  0.0000 ,  0.0000 ,  0.0000 ,  0.0000 ,  0.0000 ,
  0.0000 ,  0.0000 ,  0.0000 ,  0.0000 ,  0.0000 ,  0.0000 ,
  0.0000 ,  0.0000 ,  0.0000 ,  0.0000 ,  0.0000 ,  0.0000 ,
  0.0000 ,  0.0000 ,  0.0000 ,  0.0000 ,  0.0000 ,  0.0000 ,
  0.0000 ,  0.0000 ,  0.0000 ,  0.0000 ,  0.0000 ,  0.0000 ,
  0.0000 ,  0.0000 ,  0.0000 ,  0.0000 ,  0.0000 ,  0.0000 ,
  0.0000 ,  0.0000 ,  0.0000 ,  0.0000 ,  0.0000 ,  0.0000 ,
  0.0000 ,  0.0000 ,  0.0000 ,  0.0000 ,  0.0000 ,  0.0000 ,
  0.0000 ,  0.0000 ,  0.0000 ,  0.0000 ,  0.0000 ,  0.0000 ,
  0.0000 ,  0.0000 ,  0.0000 ,  0.0000 ,  0.0000 ,  0.0000 ,
  0.0000 ,  0.0000 ,  0.0000 ,  0.0000 ,  0.0000 ,  0.0000 ,
  0.0000 ,  0.0000 ,  0.0000 ,  0.0000 ,  0.0000 ,  0.0000 ,
  0.0000 ,  0.0000 ,  0.0000 ,  0.0000 ,  0.0000 ,  0.0000 ,
  0.0000 ,  0.0000 ,  0.0000 ,  0.0000 ,  0.0000 ,  0.0000 ,
  0.0000 ,  0.0000 ,  0.0000 ,  0.0000 ,  0.0000 ,  0.0000 ,
  0.0000 ,  0.0000 ,  0.0000 ,  0.0000 ,  0.0000 ,  0.0000 ,
  0.0000 ,  0.0000 ,  0.0000 ,  0.0000 ,  0.0000 ,  0.0000 ,
  0.0000 ,  0.0000 ,  0.0000 ,  0.0000 ,  0.0000 ,  0.0000 ,
  0.0000 ,  0.0000 ,  0.0000 ,  0.0000 ,  0.0000 ,  0.0000 ,
  0.0000 ,  0.0000 ,  0.0000 ,  0.0000 ,  0.0000 ,  0.0000 ,
  0.0000 ,  0.0000 ,  0.0000 ,  0.0000 ,  0.0000 ,  0.0000 ,
  0.0000 ,  0.0000 ,  0.0000 ,  0.0000 ,  0.0000 ,  0.0000 ,
  0.0000 ,  0.0000 ,  0.0000 ,  0.0000 ,  0.0000 ,  0.0000 ,
  0.0000 ,  0.0000 ,  0.0000 ,  0.0000 ,  0.0000 ,  0.0000 ,
  0.0000 ,  0.0000 ,  0.0000 ,  0.0000 ,  0.0000 ,  0.0000 ,
  0.0000 ,  0.0000 ,  0.0000 ,  0.0000 ,  0.0000 ,  0.0000 ,
  0.0000 ,  0.0000 ,  0.0000 ,  0.0000 ,  0.0000 ,  0.0000 ,
  0.0000 ,  0.0000 ,  0.0000 ,  0.0000 ,  0.0000 ,  0.0000 ,
  0.0000 ,  0.0000 ,  0.0000 ,  0.0000 ,  0.0000 ,  0.0000 ,
  0.0000 ,  0.0000 ,  0.0000 ,  0.0000 ,  0.0000 ,  0.0000 ,
  0.0000 ,  0.0000 ,  0.0000 ,  0.0000 ,  0.0000 ,  0.0000 ,
  0.0000 ,  0.0000 ,  0.0000 ,  0.0000 ,  0.0000 ,  0.0000 ,
  0.0000 ,  0.0000 ,  0.0000 ,  0.0000 ,  0.0000 ,  0.0000 ,
  0.0000 ,  0.0000 ,  0.0000 ,  0.0000 ,  0.0000 ,  0.0000 ,
  0.0000 ,  0.0000 ,  0.0000 ,  0.0000 ,  0.0000 ,  0.0000 ,
  0.0000 ,  0.0000 ,  0.0000 ,  0.0000 ,  0.0000 ,  0.0000 ,
  0.0000 ,  0.0000 ,  0.0000 ,  0.0000 ,  0.0000 ,  0.0000 ,
  0.0000 ,  0.0000 ,  0.0000 ,  0.0000 ,  0.0000 ,  0.0000 ,
  0.0000 ,  0.0000 ,  0.0000 ,  0.0000 ,  0.0000 ,  0.0000 ,
  0.0000 ,  0.0000 ,  0.0000 ,  0.0000 ,  0.0000 ,  0.0000 ,
  0.0000 ,  0.0000 ,  0.0000 ,  0.0000 ,  0.0000 ,  0.0000 ,
  0.0000 ,  0.0000 ,  0.0000 ,  0.0000 ,  0.0000 ,  0.0000 ,
  0.0000 ,  0.0000 ,  0.0000 ,  0.0000 ,  0.0000 ,  0.0000 ,
  0.0000 ,  0.0000 ,  0.0000 ,  0.0000 ,  0.0000 ,  0.0000 ,
  0.0000 ,  0.0000 ,  0.0000 ,  0.0000 ,  0.0000 ,  0.0000 ,
  0.0000 ,  0.0000 ,  0.0000 ,  0.0000 ,  0.0000 ,  0.0000 ,
  0.0000 ,  0.0000 ,  0.0000 ,  0.0000 ,  0.0000 ,  0.0000 ,
  0.0000 ,  0.0000 ,  0.0000 ,  0.0000 ,  0.0000 ,  0.0000 ,
  0.0000 ,  0.0000 ,  0.0000 ,  0.0000 ,  0.0000 ,  0.0000 ,
  0.0000 ,  0.0000 ,  0.0000 ,  0.0000 ,  0.0000 ,  0.0000 ,
  0.0000 ,  0.0000 ,  0.0000 ,  0.0000 ,  0.0000 ,  0.0000 ,
  0.0000 ,  0.0000 ,  0.0000 ,  0.0000 ,  0.0000 ,  0.0000 ,
  0.0000 ,  0.0000 ,  0.0000 ,  0.0000 ,  0.0000 ,  0.0000 ,
  0.0000 ,  0.0000 ,  0.0000 ,  0.0000 ,  0.0000 ,  0.0000 ,
  0.0000 ,  0.0000 ,  0.0000 ,  0.0000 ,  0.0000 ,  0.0000 ,
  0.0000 ,  0.0000 ,  0.0000 ,  0.0000 ,  0.0000 ,  0.0000 ,
  0.0000 ,  0.0000 ,  0.0000 ,  0.0000 ,  0.0000 ,  0.0000 ,
  0.0000 ,  0.0000 ,  0.0000 ,  0.0000 ,  0.0000 ,  0.0000 ,
  0.0000 ,  0.0000 ,  0.0000 ,  0.0000 ,  0.0000 ,  0.0000 ,
  0.0000 ,  0.0000 ,  0.0000 ,  0.0000 ,  0.0000 ,  0.0000 ,
  0.0000 ,  0.0000 ,  0.0000 ,  0.0000 ,  0.0000 ,  0.0000 ,
  0.0000 ,  0.0000 ,  0.0000 ,  0.0000 ,  0.0000 ,  0.0000 ,
  0.0000 ,  0.0000 ,  0.0000 ,  0.0000 ,  0.0000 ,  0.0000 ,
  0.0000 ,  0.0000 ,  0.0000 ,  0.0000 ,  0.0000 ,  0.0000 ,
  0.0000 ,  0.0000 ,  0.0000 ,  0.0000 ,  0.0000 ,  0.0000 ,
  0.0000 ,  0.0000 ,  0.0000 ,  0.0000 ,  0.0000 ,  0.0000 ,
  0.0000 ,  0.0000 ,  0.0000 ,  0.0000 ,  0.0000 ,  0.0000 ,
  0.0000 ,  0.0000 ,  0.0000 ,  0.0000 ,  0.0000 ,  0.0000 ,
  0.0000 ,  0.0000 ,  0.0000 ,  0.0000 ,  0.0000 ,  0.0000 ,
  0.0000 ,  0.0000 ,  0.0000 ,  0.0000 ,  0.0000 ,  0.0000 ,
  0.0000 ,  0.0000 ,  0.0000 ,  0.0000 ,  0.0000 ,  0.0000 ,
  0.0000 ,  0.0000 ,  0.0000 ,  0.0000 ,  0.0000 ,  0.0000 ,
  0.0000 ,  0.0000 ,  0.0000 ,  0.0000 ,  0.0000 ,  0.0000 ,
  0.0000 ,  0.0000 ,  0.0000 ,  0.0000 ,  0.0000 ,  0.0000 ,
  0.0000 ,  0.0000 ,  0.0000 ,  0.0000 ,  0.0000 ,  0.0000 ,
  0.0000 ,  0.0000 ,  0.0000 ,  0.0000 ,  0.0000 ,  0.0000 ,
  0.0000 ,  0.0000 ,  0.0000 ,  0.0000 ,  0.0000 ,  0.0000 ,
  0.0000 ,  0.0000 ,  0.0000 ,  0.0000 ,  0.0000 ,  0.0000 ,
  0.0000 ,  0.0000 ,  0.0000 ,  0.0000 ,  0.0000 ,  0.0000 ,
  0.0000 ,  0.0000 ,  0.0000 ,  0.0000 ,  0.0000 ,  0.0000 ,
  0.0000 ,  0.0000 ,  0.0000 ,  0.0000 ,  0.0000 ,  0.0000 ,
  0.0000 ,  0.0000 ,  0.0000 ,  0.0000 ,  0.0000 ,  0.0000 ,
  0.0000 ,  0.0000 ,  0.0000 ,  0.0000 ,  0.0000 ,  0.0000 ,
  0.0000 ,  0.0000 ,  0.0000 ,  0.0000 ,  0.0000 ,  0.0000 ,
  0.0000 ,  0.0000 ,  0.0000 ,  0.0000 ,  0.0000 ,  0.0000 ,
  0.0000 ,  0.0000 ,  0.0000 ,  0.0000 ,  0.0000 ,  0.0000 ,
  0.0000 ,  0.0000 ,  0.0000 ,  0.0000 ,  0.0000 ,  0.0000 ,
  0.0000 ,  0.0000 ,  0.0000 ,  0.0000 ,  0.0000 ,  0.0000 ,
  0.0000 ,  0.0000 ,  0.0000 ,  0.0000 ,  0.0000 ,  0.0000 ,
  0.0000 ,  0.0000 ,  0.0000 ,  0.0000 ,  0.0000 ,  0.0000 ,
  0.0000 ,  0.0000 ,  0.0000 ,  0.0000 ,  0.0000 ,  0.0000 ,
  0.0000 ,  0.0000 ,  0.0000 ,  0.0000 ,  0.0000 ,  0.0000 ,
  0.0000 ,  0.0000 ,  0.0000 ,  0.0000 ,  0.0000 ,  0.0000 ,
  0.0000 ,  0.0000 ,  0.0000 ,  0.0000 ,  0.0000 ,  0.0000 ,
  0.0000 ,  0.0000 ,  0.0000 ,  0.0000 ,  0.0000 ,  0.0000 ,
  0.0000 ,  0.0000 ,  0.0000 ,  0.0000 ,  0.0000 ,  0.0000 ,
  0.0000 ,  0.0000 ,  0.0000 ,  0.0000 ,  0.0000 ,  0.0000 ,
  0.0000 ,  0.0000 ,  0.0000 ,  0.0000 ,  0.0000 ,  0.0000 ,
  0.0000 ,  0.0000 ,  0.0000 ,  0.0000 ,  0.0000 ,  0.0000 ,
  0.0000 ,  0.0000 ,  0.0000 ,  0.0000 ,  0.0000 ,  0.0000 ,
  0.0000 ,  0.0000 ,  0.0000 ,  0.0000 ,  0.0000 ,  0.0000 ,
  0.0000 ,  0.0000 ,  0.0000 ,  0.0000 ,  0.0000 ,  0.0000 ,
  0.0000 ,  0.0000 ,  0.0000 ,  0.0000 ,  0.0000 ,  0.0000 ,
  0.0000 ,  0.0000 ,  0.0000 ,  0.0000 ,  0.0000 ,  0.0000 ,
  0.0000 ,  0.0000 ,  0.0000 ,  0.0000 ,  0.0000 ,  0.0000 ,
  0.0000 ,  0.0000 ,  0.0000 ,  0.0000 ,  0.0000 ,  0.0000 ,
  0.0000 ,  0.0000 ,  0.0000 ,  0.0000 ,  0.0000 ,  0.0000 ,
  0.0000 ,  0.0000 ,  0.0000 ,  0.0000 ,  0.0000 ,  0.0000 ,
  0.0000 ,  0.0000 ,  0.0000 ,  0.0000 ,  0.0000 ,  0.0000 ,
  0.0000 ,  0.0000 ,  0.0000 ,  0.0000 ,  0.0000 ,  0.0000 ,
  0.0000 ,  0.0000 ,  0.0000 ,  0.0000 ,  0.0000 ,  0.0000 ,
  0.0000 ,  0.0000 ,  0.0000 ,  0.0000 ,  0.0000 ,  0.0000 ,
  0.0000 ,  0.0000 ,  0.0000 ,  0.0000 ,  0.0000 ,  0.0000 ,
  0.0000 ,  0.0000 ,  0.0000 ,  0.0000 ,  0.0000 ,  0.0000 ,
  0.0000 ,  0.0000 ,  0.0000 ,  0.0000 ,  0.0000 ,  0.0000 ,
  0.0000 ,  0.0000 ,  0.0000 ,  0.0000 ,  0.0000 ,  0.0000 ,
  0.0000 ,  0.0000 ,  0.0000 ,  0.0000 ,  0.0000 ,  0.0000 ,
  0.0000 ,  0.0000 ,  0.0000 ,  0.0000 ,  0.0000 ,  0.0000 ,
  0.0000 ,  0.0000 ,  0.0000 ,  0.0000 ,  0.0000 ,  0.0000 ,
  0.0000 ,  0.0000 ,  0.0000 ,  0.0000 ,  0.0000 ,  0.0000 ,
  0.0000 ,  0.0000 ,  0.0000 ,  0.0000 ,  0.0000 ,  0.0000 ,
  0.0000 ,  0.0000 ,  0.0000 ,  0.0000 ,  0.0000 ,  0.0000 ,
  0.0000 ,  0.0000 ,  0.0000 ,  0.0000 ,  0.0000 ,  0.0000 ,
  0.0000 ,  0.0000 ,  0.0000 ,  0.0000 ,  0.0000 ,  0.0000 ,
  0.0000 ,  0.0000 ,  0.0000 ,  0.0000 ,  0.0000 ,  0.0000 ,
  0.0000 ,  0.0000 ,  0.0000 ,  0.0000 ,  0.0000 ,  0.0000 ,
  0.0000 ,  0.0000 ,  0.0000 ,  0.0000 ,  0.0000 ,  0.0000 ,
  0.0000 ,  0.0000 ,  0.0000 ,  0.0000 ,  0.0000 ,  0.0000 ,
  0.0000 ,  0.0000 ,  0.0000 ,  0.0000 ,  0.0000 ,  0.0000 ,
  0.0000 ,  0.0000 ,  0.0000 ,  0.0000 ,  0.0000 ,  0.0000 ,
  0.0000 ,  0.0000 ,  0.0000 ,  0.0000 ,  0.0000 ,  0.0000 ,
  0.0000 ,  0.0000 ,  0.0000 ,  0.0000 ,  0.0000 ,  0.0000 ,
  0.0000 ,  0.0000 ,  0.0000 ,  0.0000 ,  0.0000 ,  0.0000 ,
  0.0000 ,  0.0000 ,  0.0000 ,  0.0000 ,  0.0000 ,  0.0000 ,
  0.0000 ,  0.0000 ,  0.0000 ,  0.0000 ,  0.0000 ,  0.0000 ,
  0.0000 ,  0.0000 ,  0.0000 ,  0.0000 ,  0.0000 ,  0.0000 ,
  0.0000 ,  0.0000 ,  0.0000 ,  0.0000 ,  0.0000 ,  0.0000 ,
  0.0000 ,  0.0000 ,  0.0000 ,  0.0000 ,  0.0000 ,  0.0000 ,
  0.0000 ,  0.0000 ,  0.0000 ,  0.0000 ,  0.0000 ,  0.0000 ,
  0.0000 ,  0.0000 ,  0.0000 ,  0.0000 ,  0.0000 ,  0.0000 ,
  0.0000 ,  0.0000 ,  0.0000 ,  0.0000 ,  0.0000 ,  0.0000 ,
  0.0000 ,  0.0000 ,  0.0000 ,  0.0000 ,  0.0000 ,  0.0000 ,
  0.0000 ,  0.0000 ,  0.0000 ,  0.0000 ,  0.0000 ,  0.0000 ,
  0.0000 ,  0.0000 ,  0.0000 ,  0.0000 ,  0.0000 ,  0.0000 ,
  0.0000 ,  0.0000 ,  0.0000 ,  0.0000 ,  0.0000 ,  0.0000 ,
  0.0000 ,  0.0000 ,  0.0000 ,  0.0000 ,  0.0000 ,  0.0000 ,
  0.0000 ,  0.0000 ,  0.0000 ,  0.0000 ,  0.0000 ,  0.0000 ,
  0.0000 ,  0.0000 ,  0.0000 ,  0.0000 ,  0.0000 ,  0.0000 ,
  0.0000 ,  0.0000 ,  0.0000 ,  0.0000 ,  0.0000 ,  0.0000 ,
  0.0000 ,  0.0000 ,  0.0000 ,  0.0000 ,  0.0000 ,  0.0000 ,
  0.0000 ,  0.0000 ,  0.0000 ,  0.0000 ,  0.0000 ,  0.0000 ,
  0.0000 ,  0.0000 ,  0.0000 ,  0.0000 ,  0.0000 ,  0.0000 ,
  0.0000 ,  0.0000 ,  0.0000 ,  0.0000 ,  0.0000 ,  0.0000 ,
  0.0000 ,  0.0000 ,  0.0000 ,  0.0000 ,  0.0000 ,  0.0000 ,
  0.0000 ,  0.0000 ,  0.0000 ,  0.0000 ,  0.0000 ,  0.0000 ,
  0.0000 ,  0.0000 ,  0.0000 ,  0.0000 ,  0.0000 ,  0.0000 ,
  0.0000 ,  0.0000 ,  0.0000 ,  0.0000 ,  0.0000 ,  0.0000 ,
  0.0000 ,  0.0000 ,  0.0000 ,  0.0000 ,  0.0000 ,  0.0000 ,
  0.0000 ,  0.0000 ,  0.0000 ,  0.0000 ,  0.0000 ,  0.0000 ,
  0.0000 ,  0.0000 ,  0.0000 ,  0.0000 ,  0.0000 ,  0.0000 ,
  0.0000 ,  0.0000 ,  0.0000 ,  0.0000 ,  0.0000 ,  0.0000 ,
  0.0000 ,  0.0000 ,  0.0000 ,  0.0000 ,  0.0000 ,  0.0000 ,
  0.0000 ,  0.0000 ,  0.0000 ,  0.0000 ,  0.0000 ,  0.0000 ,
  0.0000 ,  0.0000 ,  0.0000 ,  0.0000 ,  0.0000 ,  0.0000 ,
  0.0000 ,  0.0000 ,  0.0000 ,  0.0000 ,  0.0000 ,  0.0000 ,
  0.0000 ,  0.0000 ,  0.0000 ,  0.0000 ,  0.0000 ,  0.0000 ,
  0.0000 ,  0.0000 ,  0.0000 ,  0.0000 ,  0.0000 ,  0.0000 ,
  0.0000 ,  0.0000 ,  0.0000 ,  0.0000 ,  0.0000 ,  0.0000 ,
  0.0000 ,  0.0000 ,  0.0000 ,  0.0000 ,  0.0000 ,  0.0000 ,
  0.0000 ,  0.0000 ,  0.0000 ,  0.0000 ,  0.0000 ,  0.0000 ,
  0.0000 ,  0.0000 ,  0.0000 ,  0.0000 ,  0.0000 ,  0.0000 ,
  0.0000 ,  0.0000 ,  0.0000 ,  0.0000 ,  0.0000 ,  0.0000 ,
  0.0000 ,  0.0000 ,  0.0000 ,  0.0000 ,  0.0000 ,  0.0000 ,
  0.0000 ,  0.0000 ,  0.0000 ,  0.0000 ,  0.0000 ,  0.0000 ,
  0.0000 ,  0.0000 ,  0.0000 ,  0.0000 ,  0.0000 ,  0.0000 ,
  0.0000 ,  0.0000 ,  0.0000 ,  0.0000 ,  0.0000 ,  0.0000 ,
  0.0000 ,  0.0000 ,  0.0000 ,  0.0000 ,  0.0000 ,  0.0000 ,
  0.0000 ,  0.0000 ,  0.0000 ,  0.0000 ,  0.0000 ,  0.0000 ,
  0.0000 ,  0.0000 ,  0.0000 ,  0.0000 ,  0.0000 ,  0.0000 ,
  0.0000 ,  0.0000 ,  0.0000 ,  0.0000 ,  0.0000 ,  0.0000 ,
  0.0000 ,  0.0000 ,  0.0000 ,  0.0000 ,  0.0000 ,  0.0000 ,
  0.0000 ,  0.0000 ,  0.0000 ,  0.0000 ,  0.0000 ,  0.0000 ,
  0.0000 ,  0.0000 ,  0.0000 ,  0.0000 ,  0.0000 ,  0.0000 ,
  0.0000 ,  0.0000 ,  0.0000 ,  0.0000 ,  0.0000 ,  0.0000 ,
  0.0000 ,  0.0000 ,  0.0000 ,  0.0000 ,  0.0000 ,  0.0000 ,
  0.0000 ,  0.0000 ,  0.0000 ,  0.0000 ,  0.0000 ,  0.0000 ,
  0.0000 ,  0.0000 ,  0.0000 ,  0.0000 ,  0.0000 ,  0.0000 ,
  0.0000 ,  0.0000 ,  0.0000 ,  0.0000 ,  0.0000 ,  0.0000 ,
  0.0000 ,  0.0000 ,  0.0000 ,  0.0000 ,  0.0000 ,  0.0000 ,
  0.0000 ,  0.0000 ,  0.0000 ,  0.0000 ,  0.0000 ,  0.0000 ,
  0.0000 ,  0.0000 ,  0.0000 ,  0.0000 ,  0.0000 ,  0.0000 ,
  0.0000 ,  0.0000 ,  0.0000 ,  0.0000 ,  0.0000 ,  0.0000 ,
  0.0000 ,  0.0000 ,  0.0000 ,  0.0000 ,  0.0000 ,  0.0000 ,
  0.0000 ,  0.0000 ,  0.0000 ,  0.0000 ,  0.0000 ,  0.0000 ,
  0.0000 ,  0.0000 ,  0.0000 ,  0.0000 ,  0.0000 ,  0.0000 ,
  0.0000 ,  0.0000 ,  0.0000 ,  0.0000 ,  0.0000 ,  0.0000 ,
  0.0000 ,  0.0000 ,  0.0000 ,  0.0000 ,  0.0000 ,  0.0000 ,
  0.0000 ,  0.0000 ,  0.0000 ,  0.0000 ,  0.0000 ,  0.0000 ,
  0.0000 ,  0.0000 ,  0.0000 ,  0.0000 ,  0.0000 ,  0.0000 ,
  0.0000 ,  0.0000 ,  0.0000 ,  0.0000 ,  0.0000 ,  0.0000 ,
  0.0000 ,  0.0000 ,  0.0000 ,  0.0000 ,  0.0000 ,  0.0000 ,
  0.0000 ,  0.0000 ,  0.0000 ,  0.0000 ,  0.0000 ,  0.0000 ,
  0.0000 ,  0.0000 ,  0.0000 ,  0.0000 ,  0.0000 ,  0.0000 ,
  0.0000 ,  0.0000 ,  0.0000 ,  0.0000 ,  0.0000 ,  0.0000 ,
  0.0000 ,  0.0000 ,  0.0000 ,  0.0000 ,  0.0000 ,  0.0000 ,
  0.0000 ,  0.0000 ,  0.0000 ,  0.0000 ,  0.0000 ,  0.0000 ,
  0.0000 ,  0.0000 ,  0.0000 ,  0.0000 ,  0.0000 ,  0.0000 ,
  0.0000 ,  0.0000 ,  0.0000 ,  0.0000 ,  0.0000 ,  0.0000 ,
  0.0000 ,  0.0000 ,  0.0000 ,  0.0000 ,  0.0000 ,  0.0000 ,
  0.0000 ,  0.0000 ,  0.0000 ,  0.0000 ,  0.0000 ,  0.0000 ,
  0.0000 ,  0.0000 ,  0.0000 ,  0.0000 ,  0.0000 ,  0.0000 ,
  0.0000 ,  0.0000 ,  0.0000 ,  0.0000 ,  0.0000 ,  0.0000 ,
  0.0000 ,  0.0000 ,  0.0000 ,  0.0000 ,  0.0000 ,  0.0000 ,
  0.0000 ,  0.0000 ,  0.0000 ,  0.0000 ,  0.0000 ,  0.0000 ,
  0.0000 ,  0.0000 ,  0.0000 ,  0.0000 ,  0.0000 ,  0.0000 ,
  0.0000 ,  0.0000 ,  0.0000 ,  0.0000 ,  0.0000 ,  0.0000 ,
  0.0000 ,  0.0000 ,  0.0000 ,  0.0000 ,  0.0000 ,  0.0000 ,
  0.0000 ,  0.0000 ,  0.0000 ,  0.0000 ,  0.0000 ,  0.0000 ,
  0.0000 ,  0.0000 ,  0.0000 ,  0.0000 ,  0.0000 ,  0.0000 ,
  0.0000 ,  0.0000 ,  0.0000 ,  0.0000 ,  0.0000 ,  0.0000 ,
  0.0000 ,  0.0000 ,  0.0000 ,  0.0000 ,  0.0000 ,  0.0000 ,
  0.0000 ,  0.0000 ,  0.0000 ,  0.0000 ,  0.0000 ,  0.0000 ,
  0.0000 ,  0.0000 ,  0.0000 ,  0.0000 ,  0.0000 ,  0.0000 ,
  0.0000 ,  0.0000 ,  0.0000 ,  0.0000 ,  0.0000 ,  0.0000 ,
  0.0000 ,  0.0000 ,  0.0000 ,  0.0000 ,  0.0000 ,  0.0000 ,
  0.0000 ,  0.0000 ,  0.0000 ,  0.0000 ,  0.0000 ,  0.0000 ,
  0.0000 ,  0.0000 ,  0.0000 ,  0.0000 ,  0.0000 ,  0.0000 ,
  0.0000 ,  0.0000 ,  0.0000 ,  0.0000 ,  0.0000 ,  0.0000 ,
  0.0000 ,  0.0000 ,  0.0000 ,  0.0000 ,  0.0000 ,  0.0000 ,
  0.0000 ,  0.0000 ,  0.0000 ,  0.0000 ,  0.0000 ,  0.0000 ,
  0.0000 ,  0.0000 ,  0.0000 ,  0.0000 ,  0.0000 ,  0.0000 ,
  0.0000 ,  0.0000 ,  0.0000 ,  0.0000 ,  0.0000 ,  0.0000 ,
  0.0000 ,  0.0000 ,  0.0000 ,  0.0000 ,  0.0000 ,  0.0000 ,
  0.0000 ,  0.0000 ,  0.0000 ,  0.0000 ,  0.0000 ,  0.0000 ,
  0.0000 ,  0.0000 ,  0.0000 ,  0.0000 ,  0.0000 ,  0.0000 ,
  0.0000 ,  0.0000 ,  0.0000 ,  0.0000 ,  0.0000 ,  0.0000 ,
  0.0000 ,  0.0000 ,  0.0000 ,  0.0000 ,  0.0000 ,  0.0000 ,
  0.0000 ,  0.0000 ,  0.0000 ,  0.0000 ,  0.0000 ,  0.0000 ,
  0.0000 ,  0.0000 ,  0.0000 ,  0.0000 ,  0.0000 ,  0.0000 ,
  0.0000 ,  0.0000 ,  0.0000 ,  0.0000 ,  0.0000 ,  0.0000 ,
  0.0000 ,  0.0000 ,  0.0000 ,  0.0000 ,  0.0000 ,  0.0000 ,
  0.0000 ,  0.0000 ,  0.0000 ,  0.0000 ,  0.0000 ,  0.0000 ,
  0.0000 ,  0.0000 ,  0.0000 ,  0.0000 ,  0.0000 ,  0.0000 ,
  0.0000 ,  0.0000 ,  0.0000 ,  0.0000 ,  0.0000 ,  0.0000 ,
  0.0000 ,  0.0000 ,  0.0000 ,  0.0000 ,  0.0000 ,  0.0000 ,
  0.0000 ,  0.0000 ,  0.0000 ,  0.0000 ,  0.0000 ,  0.0000 ,
  0.0000 ,  0.0000 ,  0.0000 ,  0.0000 ,  0.0000 ,  0.0000 ,
  0.0000 ,  0.0000 ,  0.0000 ,  0.0000 ,  0.0000 ,  0.0000 ,
  0.0000 ,  0.0000 ,  0.0000 ,  0.0000 ,  0.0000 ,  0.0000 ,
  0.0000 ,  0.0000 ,  0.0000 ,  0.0000 ,  0.0000 ,  0.0000 ,
  0.0000 ,  0.0000 ,  0.0000 ,  0.0000 ,  0.0000 ,  0.0000 ,
  0.0000 ,  0.0000 ,  0.0000 ,  0.0000 ,  0.0000 ,  0.0000 ,
  0.0000 ,  0.0000 ,  0.0000 ,  0.0000 ,  0.0000 ,  0.0000 ,
  0.0000 ,  0.0000 ,  0.0000 ,  0.0000 ,  0.0000 ,  0.0000 ,
  0.0000 ,  0.0000 ,  0.0000 ,  0.0000 ,  0.0000 ,  0.0000 ,
  0.0000 ,  0.0000 ,  0.0000 ,  0.0000 ,  0.0000 ,  0.0000 ,
  0.0000 ,  0.0000 ,  0.0000 ,  0.0000 ,  0.0000 ,  0.0000 ,
  0.0000 ,  0.0000 ,  0.0000 ,  0.0000 ,  0.0000 ,  0.0000 ,
  0.0000 ,  0.0000 ,  0.0000 ,  0.0000 ,  0.0000 ,  0.0000 ,
  0.0000 ,  0.0000 ,  0.0000 ,  0.0000 ,  0.0000 ,  0.0000 ,
  0.0000 ,  0.0000 ,  0.0000 ,  0.0000 ,  0.0000 ,  0.0000 ,
  0.0000 ,  0.0000 ,  0.0000 ,  0.0000 ,  0.0000 ,  0.0000 ,
  0.0000 ,  0.0000 ,  0.0000 ,  0.0000 ,  0.0000 ,  0.0000 ,
  0.0000 ,  0.0000 ,  0.0000 ,  0.0000 ,  0.0000 ,  0.0000 ,
  0.0000 ,  0.0000 ,  0.0000 ,  0.0000 ,  0.0000 ,  0.0000 ,
  0.0000 ,  0.0000 ,  0.0000 ,  0.0000 ,  0.0000 ,  0.0000 ,
  0.0000 ,  0.0000 ,  0.0000 ,  0.0000 ,  0.0000 ,  0.0000 ,
  0.0000 ,  0.0000 ,  0.0000 ,  0.0000 ,  0.0000 ,  0.0000 ,
  0.0000 ,  0.0000 ,  0.0000 ,  0.0000 ,  0.0000 ,  0.0000 ,
  0.0000 ,  0.0000 ,  0.0000 ,  0.0000 ,  0.0000 ,  0.0000 ,
  0.0000 ,  0.0000 ,  0.0000 ,  0.0000 ,  0.0000 ,  0.0000 ,
  0.0000 ,  0.0000 ,  0.0000 ,  0.0000 ,  0.0000 ,  0.0000 ,
  0.0000 ,  0.0000 ,  0.0000 ,  0.0000 ,  0.0000 ,  0.0000 ,
  0.0000 ,  0.0000 ,  0.0000 ,  0.0000 ,  0.0000 ,  0.0000 ,
  0.0000 ,  0.0000 ,  0.0000 ,  0.0000 ,  0.0000 ,  0.0000 ,
  0.0000 ,  0.0000 ,  0.0000 ,  0.0000 ,  0.0000 ,  0.0000 ,
  0.0000 ,  0.0000 ,  0.0000 ,  0.0000 ,  0.0000 ,  0.0000 ,
  0.0000 ,  0.0000 ,  0.0000 ,  0.0000 ,  0.0000 ,  0.0000 ,
  0.0000 ,  0.0000 ,  0.0000 ,  0.0000 ,  0.0000 ,  0.0000 ,
  0.0000 ,  0.0000 ,  0.0000 ,  0.0000 ,  0.0000 ,  0.0000 ,
  0.0000 ,  0.0000 ,  0.0000 ,  0.0000 ,  0.0000 ,  0.0000 ,
  0.0000 ,  0.0000 ,  0.0000 ,  0.0000 ,  0.0000 ,  0.0000 ,
  0.0000 ,  0.0000 ,  0.0000 ,  0.0000 ,  0.0000 ,  0.0000 ,
  0.0000 ,  0.0000 ,  0.0000 ,  0.0000 ,  0.0000 ,  0.0000 ,
  0.0000 ,  0.0000 ,  0.0000 ,  0.0000 ,  0.0000 ,  0.0000 ,
  0.0000 ,  0.0000 ,  0.0000 ,  0.0000 ,  0.0000 ,  0.0000 ,
  0.0000 ,  0.0000 ,  0.0000 ,  0.0000 ,  0.0000 ,  0.0000 ,
  0.0000 ,  0.0000 ,  0.0000 ,  0.0000 ,  0.0000 ,  0.0000 ,
  0.0000 ,  0.0000 ,  0.0000 ,  0.0000 ,  0.0000 ,  0.0000 ,
  0.0000 ,  0.0000 ,  0.0000 ,  0.0000 ,  0.0000 ,  0.0000 ,
  0.0000 ,  0.0000 ,  0.0000 ,  0.0000 ,  0.0000 ,  0.0000 ,
  0.0000 ,  0.0000 ,  0.0000 ,  0.0000 ,  0.0000 ,  0.0000 ,
  0.0000 ,  0.0000 ,  0.0000 ,  0.0000 ,  0.0000 ,  0.0000 ,
  0.0000 ,  0.0000 ,  0.0000 ,  0.0000 ,  0.0000 ,  0.0000 ,
  0.0000 ,  0.0000 ,  0.0000 ,  0.0000 ,  0.0000 ,  0.0000 ,
  0.0000 ,  0.0000 ,  0.0000 ,  0.0000 ,  0.0000 ,  0.0000 ,
  0.0000 ,  0.0000 ,  0.0000 ,  0.0000 ,  0.0000 ,  0.0000 ,
  0.0000 ,  0.0000 ,  0.0000 ,  0.0000 ,  0.0000 ,  0.0000 ,
  0.0000 ,  0.0000 ,  0.0000 ,  0.0000 ,  0.0000 ,  0.0000 ,
  0.0000 ,  0.0000 ,  0.0000 ,  0.0000 ,  0.0000 ,  0.0000 ,
  0.0000 ,  0.0000 ,  0.0000 ,  0.0000 ,  0.0000 ,  0.0000 ,
  0.0000 ,  0.0000 ,  0.0000 ,  0.0000 ,  0.0000 ,  0.0000 ,
  0.0000 ,  0.0000 ,  0.0000 ,  0.0000 ,  0.0000 ,  0.0000 ,
  0.0000 ,  0.0000 ,  0.0000 ,  0.0000 ,  0.0000 ,  0.0000 ,
  0.0000 ,  0.0000 ,  0.0000 ,  0.0000 ,  0.0000 ,  0.0000 ,
  0.0000 ,  0.0000 ,  0.0000 ,  0.0000 ,  0.0000 ,  0.0000 ,
  0.0000 ,  0.0000 ,  0.0000 ,  0.0000 ,  0.0000 ,  0.0000 ,
  0.0000 ,  0.0000 ,  0.0000 ,  0.0000 ,  0.0000 ,  0.0000 ,
  0.0000 ,  0.0000 ,  0.0000 ,  0.0000 ,  0.0000 ,  0.0000 ,
  0.0000 ,  0.0000 ,  0.0000 ,  0.0000 ,  0.0000 ,  0.0000 ,
  0.0000 ,  0.0000 ,  0.0000 ,  0.0000 ,  0.0000 ,  0.0000 ,
  0.0000 ,  0.0000 ,  0.0000 ,  0.0000 ,  0.0000 ,  0.0000 ,
  0.0000 ,  0.0000 ,  0.0000 ,  0.0000 ,  0.0000 ,  0.0000 ,
  0.0000 ,  0.0000 ,  0.0000 ,  0.0000 ,  0.0000 ,  0.0000 ,
  0.0000 ,  0.0000 ,  0.0000 ,  0.0000 ,  0.0000 ,  0.0000 ,
  0.0000 ,  0.0000 ,  0.0000 ,  0.0000 ,  0.0000 ,  0.0000 ,
  0.0000 ,  0.0000 ,  0.0000 ,  0.0000 ,  0.0000 ,  0.0000 ,
  0.0000 ,  0.0000 ,  0.0000 ,  0.0000 ,  0.0000 ,  0.0000 ,
  0.0000 ,  0.0000 ,  0.0000 ,  0.0000 ,  0.0000 ,  0.0000 ,
  0.0000 ,  0.0000 ,  0.0000 ,  0.0000 ,  0.0000 ,  0.0000 ,
  0.0000 ,  0.0000 ,  0.0000 ,  0.0000 ,  0.0000 ,  0.0000 ,
  0.0000 ,  0.0000 ,  0.0000 ,  0.0000 ,  0.0000 ,  0.0000 ,
  0.0000 ,  0.0000 ,  0.0000 ,  0.0000 ,  0.0000 ,  0.0000 ,
  0.0000 ,  0.0000 ,  0.0000 ,  0.0000 ,  0.0000 ,  0.0000 ,
  0.0000 ,  0.0000 ,  0.0000 ,  0.0000 ,  0.0000 ,  0.0000 ,
  0.0000 ,  0.0000 ,  0.0000 ,  0.0000 ,  0.0000 ,  0.0000 ,
  0.0000 ,  0.0000 ,  0.0000 ,  0.0000 ,  0.0000 ,  0.0000 ,
  0.0000 ,  0.0000 ,  0.0000 ,  0.0000 ,  0.0000 ,  0.0000 ,
  0.0000 ,  0.0000 ,  0.0000 ,  0.0000 ,  0.0000 ,  0.0000 ,
  0.0000 ,  0.0000 ,  0.0000 ,  0.0000 ,  0.0000 ,  0.0000 ,
  0.0000 ,  0.0000 ,  0.0000 ,  0.0000 ,  0.0000 ,  0.0000 ,
  0.0000 ,  0.0000 ,  0.0000 ,  0.0000 ,  0.0000 ,  0.0000 ,
  0.0000 ,  0.0000 ,  0.0000 ,  0.0000 ,  0.0000 ,  0.0000 ,
  0.0000 ,  0.0000 ,  0.0000 ,  0.0000 ,  0.0000 ,  0.0000 ,
  0.0000 ,  0.0000 ,  0.0000 ,  0.0000 ,  0.0000 ,  0.0000 ,
  0.0000 ,  0.0000 ,  0.0000 ,  0.0000 ,  0.0000 ,  0.0000 ,
  0.0000 ,  0.0000 ,  0.0000 ,  0.0000 ,  0.0000 ,  0.0000 ,
  0.0000 ,  0.0000 ,  0.0000 ,  0.0000 ,  0.0000 ,  0.0000 ,
  0.0000 ,  0.0000 ,  0.0000 ,  0.0000 ,  0.0000 ,  0.0000 ,
  0.0000 ,  0.0000 ,  0.0000 ,  0.0000 ,  0.0000 ,  0.0000 ,
  0.0000 ,  0.0000 ,  0.0000 ,  0.0000 ,  0.0000 ,  0.0000 ,
  0.0000 ,  0.0000 ,  0.0000 ,  0.0000 ,  0.0000 ,  0.0000 ,
  0.0000 ,  0.0000 ,  0.0000 ,  0.0000 ,  0.0000 ,  0.0000 ,
  0.0000 ,  0.0000 ,  0.0000 ,  0.0000 ,  0.0000 ,  0.0000 ,
  0.0000 ,  0.0000 ,  0.0000 ,  0.0000 ,  0.0000 ,  0.0000 ,
  0.0000 ,  0.0000 ,  0.0000 ,  0.0000 ,  0.0000 ,  0.0000 ,
  0.0000 ,  0.0000 ,  0.0000 ,  0.0000 ,  0.0000 ,  0.0000 ,
  0.0000 ,  0.0000 ,  0.0000 ,  0.0000 ,  0.0000 ,  0.0000 ,
  0.0000 ,  0.0000 ,  0.0000 ,  0.0000 ,  0.0000 ,  0.0000 ,
  0.0000 ,  0.0000 ,  0.0000 ,  0.0000 ,  0.0000 ,  0.0000 ,
  0.0000 ,  0.0000 ,  0.0000 ,  0.0000 ,  0.0000 ,  0.0000 ,
  0.0000 ,  0.0000 ,  0.0000 ,  0.0000 ,  0.0000 ,  0.0000 ,
  0.0000 ,  0.0000 ,  0.0000 ,  0.0000 ,  0.0000 ,  0.0000 ,
  0.0000 ,  0.0000 ,  0.0000 ,  0.0000 ,  0.0000 ,  0.0000 ,
  0.0000 ,  0.0000 ,  0.0000 ,  0.0000 ,  0.0000 ,  0.0000 ,
  0.0000 ,  0.0000 ,  0.0000 ,  0.0000 ,  0.0000 ,  0.0000 ,
  0.0000 ,  0.0000 ,  0.0000 ,  0.0000 ,  0.0000 ,  0.0000 ,
  0.0000 ,  0.0000 ,  0.0000 ,  0.0000 ,  0.0000 ,  0.0000 ,
  0.0000 ,  0.0000 ,  0.0000 ,  0.0000 ,  0.0000 ,  0.0000 ,
  0.0000 ,  0.0000 ,  0.0000 ,  0.0000 ,  0.0000 ,  0.0000 ,
  0.0000 ,  0.0000 ,  0.0000 ,  0.0000 ,  0.0000 ,  0.0000 ,
  0.0000 ,  0.0000 ,  0.0000 ,  0.0000 ,  0.0000 ,  0.0000 ,
  0.0000 ,  0.0000 ,  0.0000 ,  0.0000 ,  0.0000 ,  0.0000 ,
  0.0000 ,  0.0000 ,  0.0000 ,  0.0000 ,  0.0000 ,  0.0000 ,
  0.0000 ,  0.0000 ,  0.0000 ,  0.0000 ,  0.0000 ,  0.0000 ,
  0.0000 ,  0.0000 ,  0.0000 ,  0.0000 ,  0.0000 ,  0.0000 ,
  0.0000 ,  0.0000 ,  0.0000 ,  0.0000 ,  0.0000 ,  0.0000 ,
  0.0000 ,  0.0000 ,  0.0000 ,  0.0000 ,  0.0000 ,  0.0000 ,
  0.0000 ,  0.0000 ,  0.0000 ,  0.0000 ,  0.0000 ,  0.0000 ,
  0.0000 ,  0.0000 ,  0.0000 ,  0.0000 ,  0.0000 ,  0.0000 ,
  0.0000 ,  0.0000 ,  0.0000 ,  0.0000 ,  0.0000 ,  0.0000 ,
  0.0000 ,  0.0000 ,  0.0000 ,  0.0000 ,  0.0000 ,  0.0000 ,
  0.0000 ,  0.0000 ,  0.0000 ,  0.0000 ,  0.0000 ,  0.0000 ,
  0.0000 ,  0.0000 ,  0.0000 ,  0.0000 ,  0.0000 ,  0.0000 ,
  0.0000 ,  0.0000 ,  0.0000 ,  0.0000 ,  0.0000 ,  0.0000 ,
  0.0000 ,  0.0000 ,  0.0000 ,  0.0000 ,  0.0000 ,  0.0000 ,
  0.0000 ,  0.0000 ,  0.0000 ,  0.0000 ,  0.0000 ,  0.0000 ,
  0.0000 ,  0.0000 ,  0.0000 ,  0.0000 ,  0.0000 ,  0.0000 ,
  0.0000 ,  0.0000 ,  0.0000 ,  0.0000 ,  0.0000 ,  0.0000 ,
  0.0000 ,  0.0000 ,  0.0000 ,  0.0000 ,  0.0000 ,  0.0000 ,
  0.0000 ,  0.0000 ,  0.0000 ,  0.0000 ,  0.0000 ,  0.0000 ,
  0.0000 ,  0.0000 ,  0.0000 ,  0.0000 ,  0.0000 ,  0.0000 ,
  0.0000 ,  0.0000 ,  0.0000 ,  0.0000 ,  0.0000 ,  0.0000 ,
  0.0000 ,  0.0000 ,  0.0000 ,  0.0000 ,  0.0000 ,  0.0000 ,
  0.0000 ,  0.0000 ,  0.0000 ,  0.0000 ,  0.0000 ,  0.0000 ,
  0.0000 ,  0.0000 ,  0.0000 ,  0.0000 ,  0.0000 ,  0.0000 ,
  0.0000 ,  0.0000 ,  0.0000 ,  0.0000 ,  0.0000 ,  0.0000 ,
  0.0000 ,  0.0000 ,  0.0000 ,  0.0000 ,  0.0000 ,  0.0000 ,
  0.0000 ,  0.0000 ,  0.0000 ,  0.0000 ,  0.0000 ,  0.0000 ,
  0.0000 ,  0.0000 ,  0.0000 ,  0.0000 ,  0.0000 ,  0.0000 ,
  0.0000 ,  0.0000 ,  0.0000 ,  0.0000 ,  0.0000 ,  0.0000 ,
  0.0000 ,  0.0000 ,  0.0000 ,  0.0000 ,  0.0000 ,  0.0000 ,
  0.0000 ,  0.0000 ,  0.0000 ,  0.0000 ,  0.0000 ,  0.0000 ,
  0.0000 ,  0.0000 ,  0.0000 ,  0.0000 ,  0.0000 ,  0.0000 ,
  0.0000 ,  0.0000 ,  0.0000 ,  0.0000 ,  0.0000 ,  0.0000 ,
  0.0000 ,  0.0000 ,  0.0000 ,  0.0000 ,  0.0000 ,  0.0000 ,
  0.0000 ,  0.0000 ,  0.0000 ,  0.0000 ,  0.0000 ,  0.0000 ,
  0.0000 ,  0.0000 ,  0.0000 ,  0.0000 ,  0.0000 ,  0.0000 ,
  0.0000 ,  0.0000 ,  0.0000 ,  0.0000 ,  0.0000 ,  0.0000 ,
  0.0000 ,  0.0000 ,  0.0000 ,  0.0000 ,  0.0000 ,  0.0000 ,
  0.0000 ,  0.0000 ,  0.0000 ,  0.0000 ,  0.0000 ,  0.0000 ,
  0.0000 ,  0.0000 ,  0.0000 ,  0.0000 ,  0.0000 ,  0.0000 ,
  0.0000 ,  0.0000 ,  0.0000 ,  0.0000 ,  0.0000 ,  0.0000 ,
  0.0000 ,  0.0000 ,  0.0000 ,  0.0000 ,  0.0000 ,  0.0000 ,
  0.0000 ,  0.0000 ,  0.0000 ,  0.0000 ,  0.0000 ,  0.0000 ,
  0.0000 ,  0.0000 ,  0.0000 ,  0.0000 ,  0.0000 ,  0.0000 ,
  0.0000 ,  0.0000 ,  0.0000 ,  0.0000 ,  0.0000 ,  0.0000 ,
  0.0000 ,  0.0000 ,  0.0000 ,  0.0000 ,  0.0000 ,  0.0000 ,
  0.0000 ,  0.0000 ,  0.0000 ,  0.0000 ,  0.0000 ,  0.0000 ,
  0.0000 ,  0.0000 ,  0.0000 ,  0.0000 ,  0.0000 ,  0.0000 ,
  0.0000 ,  0.0000 ,  0.0000 ,  0.0000 ,  0.0000 ,  0.0000 ,
  0.0000 ,  0.0000 ,  0.0000 ,  0.0000 ,  0.0000 ,  0.0000 ,
  0.0000 ,  0.0000 ,  0.0000 ,  0.0000 ,  0.0000 ,  0.0000 ,
  0.0000 ,  0.0000 ,  0.0000 ,  0.0000 ,  0.0000 ,  0.0000 ,
  0.0000 ,  0.0000 ,  0.0000 ,  0.0000 ,  0.0000 ,  0.0000 ,
  0.0000 ,  0.0000 ,  0.0000 ,  0.0000 ,  0.0000 ,  0.0000 ,
  0.0000 ,  0.0000 ,  0.0000 ,  0.0000 ,  0.0000 ,  0.0000 ,
  0.0000 ,  0.0000 ,  0.0000 ,  0.0000 ,  0.0000 ,  0.0000 ,
  0.0000 ,  0.0000 ,  0.0000 ,  0.0000 ,  0.0000 ,  0.0000 ,
  0.0000 ,  0.0000 ,  0.0000 ,  0.0000 ,  0.0000 ,  0.0000 ,
  0.0000 ,  0.0000 ,  0.0000 ,  0.0000 ,  0.0000 ,  0.0000 ,
  0.0000 ,  0.0000 ,  0.0000 ,  0.0000 ,  0.0000 ,  0.0000 ,
  0.0000 ,  0.0000 ,  0.0000 ,  0.0000 ,  0.0000 ,  0.0000 ,
  0.0000 ,  0.0000 ,  0.0000 ,  0.0000 ,  0.0000 ,  0.0000 ,
  0.0000 ,  0.0000 ,  0.0000 ,  0.0000 ,  0.0000 ,  0.0000 ,
  0.0000 ,  0.0000 ,  0.0000 ,  0.0000 ,  0.0000 ,  0.0000 ,
  0.0000 ,  0.0000 ,  0.0000 ,  0.0000 ,  0.0000 ,  0.0000 ,
  0.0000 ,  0.0000 ,  0.0000 ,  0.0000 ,  0.0000 ,  0.0000 ,
  0.0000 ,  0.0000 ,  0.0000 ,  0.0000 ,  0.0000 ,  0.0000 ,
  0.0000 ,  0.0000 ,  0.0000 ,  0.0000 ,  0.0000 ,  0.0000 ,
  0.0000 ,  0.0000 ,  0.0000 ,  0.0000 ,  0.0000 ,  0.0000 ,
  0.0000 ,  0.0000 ,  0.0000 ,  0.0000 ,  0.0000 ,  0.0000 ,
  0.0000 ,  0.0000 ,  0.0000 ,  0.0000 ,  0.0000 ,  0.0000 ,
  0.0000 ,  0.0000 ,  0.0000 ,  0.0000 ,  0.0000 ,  0.0000 ,
  0.0000 ,  0.0000 ,  0.0000 ,  0.0000 ,  0.0000 ,  0.0000 ,
  0.0000 ,  0.0000 ,  0.0000 ,  0.0000 ,  0.0000 ,  0.0000 ,
  0.0000 ,  0.0000 ,  0.0000 ,  0.0000 ,  0.0000 ,  0.0000 ,
  0.0000 ,  0.0000 ,  0.0000 ,  0.0000 ,  0.0000 ,  0.0000 ,
  0.0000 ,  0.0000 ,  0.0000 ,  0.0000 ,  0.0000 ,  0.0000 ,
  0.0000 ,  0.0000 ,  0.0000 ,  0.0000 ,  0.0000 ,  0.0000 ,
  0.0000 ,  0.0000 ,  0.0000 ,  0.0000 ,  0.0000 ,  0.0000 ,
  0.0000 ,  0.0000 ,  0.0000 ,  0.0000 ,  0.0000 ,  0.0000 ,
  0.0000 ,  0.0000 ,  0.0000 ,  0.0000 ,  0.0000 ,  0.0000 ,
  0.0000 ,  0.0000 ,  0.0000 ,  0.0000 ,  0.0000 ,  0.0000 ,
  0.0000 ,  0.0000 ,  0.0000 ,  0.0000 ,  0.0000 ,  0.0000 ,
  0.0000 ,  0.0000 ,  0.0000 ,  0.0000 ,  0.0000 ,  0.0000 ,
  0.0000 ,  0.0000 ,  0.0000 ,  0.0000 ,  0.0000 ,  0.0000 ,
  0.0000 ,  0.0000 ,  0.0000 ,  0.0000 ,  0.0000 ,  0.0000 ,
  0.0000 ,  0.0000 ,  0.0000 ,  0.0000 ,  0.0000 ,  0.0000 ,
  0.0000 ,  0.0000 ,  0.0000 ,  0.0000 ,  0.0000 ,  0.0000 ,
  0.0000 ,  0.0000 ,  0.0000 ,  0.0000 ,  0.0000 ,  0.0000 ,
  0.0000 ,  0.0000 ,  0.0000 ,  0.0000 ,  0.0000 ,  0.0000 ,
  0.0000 ,  0.0000 ,  0.0000 ,  0.0000 ,  0.0000 ,  0.0000 ,
  0.0000 ,  0.0000 ,  0.0000 ,  0.0000 ,  0.0000 ,  0.0000 ,
  0.0000 ,  0.0000 ,  0.0000 ,  0.0000 ,  0.0000 ,  0.0000 ,
  0.0000 ,  0.0000 ,  0.0000 ,  0.0000 ,  0.0000 ,  0.0000 ,
  0.0000 ,  0.0000 ,  0.0000 ,  0.0000 ,  0.0000 ,  0.0000 ,
  0.0000 ,  0.0000 ,  0.0000 ,  0.0000 ,  0.0000 ,  0.0000 ,
  0.0000 ,  0.0000 ,  0.0000 ,  0.0000 ,  0.0000 ,  0.0000 ,
  0.0000 ,  0.0000 ,  0.0000 ,  0.0000 ,  0.0000 ,  0.0000 ,
  0.0000 ,  0.0000 ,  0.0000 ,  0.0000 ,  0.0000 ,  0.0000 ,
  0.0000 ,  0.0000 ,  0.0000 ,  0.0000 ,  0.0000 ,  0.0000 ,
  0.0000 ,  0.0000 ,  0.0000 ,  0.0000 ,  0.0000 ,  0.0000 ,
  0.0000 ,  0.0000 ,  0.0000 ,  0.0000 ,  0.0000 ,  0.0000 ,
  0.0000 ,  0.0000 ,  0.0000 ,  0.0000 ,  0.0000 ,  0.0000 ,
  0.0000 ,  0.0000 ,  0.0000 ,  0.0000 ,  0.0000 ,  0.0000 ,
  0.0000 ,  0.0000 ,  0.0000 ,  0.0000 ,  0.0000 ,  0.0000 ,
  0.0000 ,  0.0000 ,  0.0000 ,  0.0000 ,  0.0000 ,  0.0000 ,
  0.0000 ,  0.0000 ,  0.0000 ,  0.0000 ,  0.0000 ,  0.0000 ,
  0.0000 ,  0.0000 ,  0.0000 ,  0.0000 ,  0.0000 ,  0.0000 ,
  0.0000 ,  0.0000 ,  0.0000 ,  0.0000 ,  0.0000 ,  0.0000 ,
  0.0000 ,  0.0000 ,  0.0000 ,  0.0000 ,  0.0000 ,  0.0000 ,
  0.0000 ,  0.0000 ,  0.0000 ,  0.0000 ,  0.0000 ,  0.0000 ,
  0.0000 ,  0.0000 ,  0.0000 ,  0.0000 ,  0.0000 ,  0.0000 ,
  0.0000 ,  0.0000 ,  0.0000 ,  0.0000 ,  0.0000 ,  0.0000 ,
  0.0000 ,  0.0000 ,  0.0000 ,  0.0000 ,  0.0000 ,  0.0000 ,
  0.0000 ,  0.0000 ,  0.0000 ,  0.0000 ,  0.0000 ,  0.0000 ,
  0.0000 ,  0.0000 ,  0.0000 ,  0.0000 ,  0.0000 ,  0.0000 ,
  0.0000 ,  0.0000 ,  0.0000 ,  0.0000 ,  0.0000 ,  0.0000 ,
  0.0000 ,  0.0000 ,  0.0000 ,  0.0000 ,  0.0000 ,  0.0000 ,
  0.0000 ,  0.0000 ,  0.0000 ,  0.0000 ,  0.0000 ,  0.0000 ,
  0.0000 ,  0.0000 ,  0.0000 ,  0.0000 ,  0.0000 ,  0.0000 ,
  0.0000 ,  0.0000 ,  0.0000 ,  0.0000 ,  0.0000 ,  0.0000 ,
  0.0000 ,  0.0000 ,  0.0000 ,  0.0000 ,  0.0000 ,  0.0000 ,
  0.0000 ,  0.0000 ,  0.0000 ,  0.0000 ,  0.0000 ,  0.0000 ,
  0.0000 ,  0.0000 ,  0.0000 ,  0.0000 ,  0.0000 ,  0.0000 ,
  0.0000 ,  0.0000 ,  0.0000 ,  0.0000 ,  0.0000 ,  0.0000 ,
  0.0000 ,  0.0000 ,  0.0000 ,  0.0000 ,  0.0000 ,  0.0000 ,
  0.0000 ,  0.0000 ,  0.0000 ,  0.0000 ,  0.0000 ,  0.0000 ,
  0.0000 ,  0.0000 ,  0.0000 ,  0.0000 ,  0.0000 ,  0.0000 ,
  0.0000 ,  0.0000 ,  0.0000 ,  0.0000 ,  0.0000 ,  0.0000 ,
  0.0000 ,  0.0000 ,  0.0000 ,  0.0000 ,  0.0000 ,  0.0000 ,
  0.0000 ,  0.0000 ,  0.0000 ,  0.0000 ,  0.0000 ,  0.0000 ,
  0.0000 ,  0.0000 ,  0.0000 ,  0.0000 ,  0.0000 ,  0.0000 ,
  0.0000 ,  0.0000 ,  0.0000 ,  0.0000 ,  0.0000 ,  0.0000 ,
  0.0000 ,  0.0000 ,  0.0000 ,  0.0000 ,  0.0000 ,  0.0000 ,
  0.0000 ,  0.0000 ,  0.0000 ,  0.0000 ,  0.0000 ,  0.0000 ,
  0.0000 ,  0.0000 ,  0.0000 ,  0.0000 ,  0.0000 ,  0.0000 ,
  0.0000 ,  0.0000 ,  0.0000 ,  0.0000 ,  0.0000 ,  0.0000 ,
  0.0000 ,  0.0000 ,  0.0000 ,  0.0000 ,  0.0000 ,  0.0000 ,
  0.0000 ,  0.0000 ,  0.0000 ,  0.0000 ,  0.0000 ,  0.0000 ,
  0.0000 ,  0.0000 ,  0.0000 ,  0.0000 ,  0.0000 ,  0.0000 ,
  0.0000 ,  0.0000 ,  0.0000 ,  0.0000 ,  0.0000 ,  0.0000 ,
  0.0000 ,  0.0000 ,  0.0000 ,  0.0000 ,  0.0000 ,  0.0000 ,
  0.0000 ,  0.0000 ,  0.0000 ,  0.0000 ,  0.0000 ,  0.0000 ,
  0.0000 ,  0.0000 ,  0.0000 ,  0.0000 ,  0.0000 ,  0.0000 ,
  0.0000 ,  0.0000 ,  0.0000 ,  0.0000 ,  0.0000 ,  0.0000 ,
  0.0000 ,  0.0000 ,  0.0000 ,  0.0000 ,  0.0000 ,  0.0000 ,
  0.0000 ,  0.0000 ,  0.0000 ,  0.0000 ,  0.0000 ,  0.0000 ,
  0.0000 ,  0.0000 ,  0.0000 ,  0.0000 ,  0.0000 ,  0.0000 ,
  0.0000 ,  0.0000 ,  0.0000 ,  0.0000 ,  0.0000 ,  0.0000 ,
  0.0000 ,  0.0000 ,  0.0000 ,  0.0000 ,  0.0000 ,  0.0000 ,
  0.0000 ,  0.0000 ,  0.0000 ,  0.0000 ,  0.0000 ,  0.0000 ,
  0.0000 ,  0.0000 ,  0.0000 ,  0.0000 ,  0.0000 ,  0.0000 ,
  0.0000 ,  0.0000 ,  0.0000 ,  0.0000 ,  0.0000 ,  0.0000 ,
  0.0000 ,  0.0000 ,  0.0000 ,  0.0000 ,  0.0000 ,  0.0000 ,
  0.0000 ,  0.0000 ,  0.0000 ,  0.0000 ,  0.0000 ,  0.0000 ,
  0.0000 ,  0.0000 ,  0.0000 ,  0.0000 ,  0.0000 ,  0.0000 ,
  0.0000 ,  0.0000 ,  0.0000 ,  0.0000 ,  0.0000 ,  0.0000 ,
  0.0000 ,  0.0000 ,  0.0000 ,  0.0000 ,  0.0000 ,  0.0000 ,
  0.0000 ,  0.0000 ,  0.0000 ,  0.0000 ,  0.0000 ,  0.0000 ,
  0.0000 ,  0.0000 ,  0.0000 ,  0.0000 ,  0.0000 ,  0.0000 ,
  0.0000 ,  0.0000 ,  0.0000 ,  0.0000 ,  0.0000 ,  0.0000 ,
  0.0000 ,  0.0000 ,  0.0000 ,  0.0000 ,  0.0000 ,  0.0000 ,
  0.0000 ,  0.0000 ,  0.0000 ,  0.0000 ,  0.0000 ,  0.0000 ,
  0.0000 ,  0.0000 ,  0.0000 ,  0.0000 ,  0.0000 ,  0.0000 ,
  0.0000 ,  0.0000 ,  0.0000 ,  0.0000 ,  0.0000 ,  0.0000 ,
  0.0000 ,  0.0000 ,  0.0000 ,  0.0000 ,  0.0000 ,  0.0000 ,
  0.0000 ,  0.0000 ,  0.0000 ,  0.0000 ,  0.0000 ,  0.0000 ,
  0.0000 ,  0.0000 ,  0.0000 ,  0.0000 ,  0.0000 ,  0.0000 ,
  0.0000 ,  0.0000 ,  0.0000 ,  0.0000 ,  0.0000 ,  0.0000 ,
  0.0000 ,  0.0000 ,  0.0000 ,  0.0000 ,  0.0000 ,  0.0000 ,
  0.0000 ,  0.0000 ,  0.0000 ,  0.0000 ,  0.0000 ,  0.0000 ,
  0.0000 ,  0.0000 ,  0.0000 ,  0.0000 ,  0.0000 ,  0.0000 ,
  0.0000 ,  0.0000 ,  0.0000 ,  0.0000 ,  0.0000 ,  0.0000 ,
  0.0000 ,  0.0000 ,  0.0000 ,  0.0000 ,  0.0000 ,  0.0000 ,
  0.0000 ,  0.0000 ,  0.0000 ,  0.0000 ,  0.0000 ,  0.0000 ,
  0.0000 ,  0.0000 ,  0.0000 ,  0.0000 ,  0.0000 ,  0.0000 ,
  0.0000 ,  0.0000 ,  0.0000 ,  0.0000 ,  0.0000 ,  0.0000 ,
  0.0000 ,  0.0000 ,  0.0000 ,  0.0000 ,  0.0000 ,  0.0000 ,
  0.0000 ,  0.0000 ,  0.0000 ,  0.0000 ,  0.0000 ,  0.0000 ,
  0.0000 ,  0.0000 ,  0.0000 ,  0.0000 ,  0.0000 ,  0.0000 ,
  0.0000 ,  0.0000 ,  0.0000 ,  0.0000 ,  0.0000 ,  0.0000 ,
  0.0000 ,  0.0000 ,  0.0000 ,  0.0000 ,  0.0000 ,  0.0000 ,
  0.0000 ,  0.0000 ,  0.0000 ,  0.0000 ,  0.0000 ,  0.0000 ,
  0.0000 ,  0.0000 ,  0.0000 ,  0.0000 ,  0.0000 ,  0.0000 ,
  0.0000 ,  0.0000 ,  0.0000 ,  0.0000 ,  0.0000 ,  0.0000 ,
  0.0000 ,  0.0000 ,  0.0000 ,  0.0000 ,  0.0000 ,  0.0000 ,
  0.0000 ,  0.0000 ,  0.0000 ,  0.0000 ,  0.0000 ,  0.0000 ,
  0.0000 ,  0.0000 ,  0.0000 ,  0.0000 ,  0.0000 ,  0.0000 ,
  0.0000 ,  0.0000 ,  0.0000 ,  0.0000 ,  0.0000 ,  0.0000 ,
  0.0000 ,  0.0000 ,  0.0000 ,  0.0000 ,  0.0000 ,  0.0000 ,
  0.0000 ,  0.0000 ,  0.0000 ,  0.0000 ,  0.0000 ,  0.0000 ,
  0.0000 ,  0.0000 ,  0.0000 ,  0.0000 ,  0.0000 ,  0.0000 ,
  0.0000 ,  0.0000 ,  0.0000 ,  0.0000 ,  0.0000 ,  0.0000 ,
  0.0000 ,  0.0000 ,  0.0000 ,  0.0000 ,  0.0000 ,  0.0000 ,
  0.0000 ,  0.0000 ,  0.0000 ,  0.0000 ,  0.0000 ,  0.0000 ,
  0.0000 ,  0.0000 ,  0.0000 ,  0.0000 ,  0.0000 ,  0.0000 ,
  0.0000 ,  0.0000 ,  0.0000 ,  0.0000 ,  0.0000 ,  0.0000 ,
  0.0000 ,  0.0000 ,  0.0000 ,  0.0000 ,  0.0000 ,  0.0000 ,
  0.0000 ,  0.0000 ,  0.0000 ,  0.0000 ,  0.0000 ,  0.0000 ,
  0.0000 ,  0.0000 ,  0.0000 ,  0.0000 ,  0.0000 ,  0.0000 ,
  0.0000 ,  0.0000 ,  0.0000 ,  0.0000 ,  0.0000 ,  0.0000 ,
  0.0000 ,  0.0000 ,  0.0000 ,  0.0000 ,  0.0000 ,  0.0000 ,
  0.0000 ,  0.0000 ,  0.0000 ,  0.0000 ,  0.0000 ,  0.0000 ,
  0.0000 ,  0.0000 ,  0.0000 ,  0.0000 ,  0.0000 ,  0.0000 ,
  0.0000 ,  0.0000 ,  0.0000 ,  0.0000 ,  0.0000 ,  0.0000 ,
  0.0000 ,  0.0000 ,  0.0000 ,  0.0000 ,  0.0000 ,  0.0000 ,
  0.0000 ,  0.0000 ,  0.0000 ,  0.0000 ,  0.0000 ,  0.0000 ,
  0.0000 ,  0.0000 ,  0.0000 ,  0.0000 ,  0.0000 ,  0.0000 ,
  0.0000 ,  0.0000 ,  0.0000 ,  0.0000 ,  0.0000 ,  0.0000 ,
  0.0000 ,  0.0000 ,  0.0000 ,  0.0000 ,  0.0000 ,  0.0000 ,
  0.0000 ,  0.0000 ,  0.0000 ,  0.0000 ,  0.0000 ,  0.0000 ,
  0.0000 ,  0.0000 ,  0.0000 ,  0.0000 ,  0.0000 ,  0.0000 ,
  0.0000 ,  0.0000 ,  0.0000 ,  0.0000 ,  0.0000 ,  0.0000 ,
  0.0000 ,  0.0000 ,  0.0000 ,  0.0000 ,  0.0000 ,  0.0000 ,
  0.0000 ,  0.0000 ,  0.0000 ,  0.0000 ,  0.0000 ,  0.0000 ,
  0.0000 ,  0.0000 ,  0.0000 ,  0.0000 ,  0.0000 ,  0.0000 ,
  0.0000 ,  0.0000 ,  0.0000 ,  0.0000 ,  0.0000 ,  0.0000 ,
  0.0000 ,  0.0000 ,  0.0000 ,  0.0000 ,  0.0000 ,  0.0000 ,
  0.0000 ,  0.0000 ,  0.0000 ,  0.0000 ,  0.0000 ,  0.0000 ,
  0.0000 ,  0.0000 ,  0.0000 ,  0.0000 ,  0.0000 ,  0.0000 ,
  0.0000 ,  0.0000 ,  0.0000 ,  0.0000 ,  0.0000 ,  0.0000 ,
  0.0000 ,  0.0000 ,  0.0000 ,  0.0000 ,  0.0000 ,  0.0000 ,
  0.0000 ,  0.0000 ,  0.0000 ,  0.0000 ,  0.0000 ,  0.0000 ,
  0.0000 ,  0.0000 ,  0.0000 ,  0.0000 ,  0.0000 ,  0.0000 ,
  0.0000 ,  0.0000 ,  0.0000 ,  0.0000 ,  0.0000 ,  0.0000 ,
  0.0000 ,  0.0000 ,  0.0000 ,  0.0000 ,  0.0000 ,  0.0000 ,
  0.0000 ,  0.0000 ,  0.0000 ,  0.0000 ,  0.0000 ,  0.0000 ,
  0.0000 ,  0.0000 ,  0.0000 ,  0.0000 ,  0.0000 ,  0.0000 ,
  0.0000 ,  0.0000 ,  0.0000 ,  0.0000 ,  0.0000 ,  0.0000 ,
  0.0000 ,  0.0000 ,  0.0000 ,  0.0000 ,  0.0000 ,  0.0000 ,
  0.0000 ,  0.0000 ,  0.0000 ,  0.0000 ,  0.0000 ,  0.0000 ,
  0.0000 ,  0.0000 ,  0.0000 ,  0.0000 ,  0.0000 ,  0.0000 ,
  0.0000 ,  0.0000 ,  0.0000 ,  0.0000 ,  0.0000 ,  0.0000 ,
  0.0000 ,  0.0000 ,  0.0000 ,  0.0000 ,  0.0000 ,  0.0000 ,
  0.0000 ,  0.0000 ,  0.0000 ,  0.0000 ,  0.0000 ,  0.0000 ,
  0.0000 ,  0.0000 ,  0.0000 ,  0.0000 ,  0.0000 ,  0.0000 ,
  0.0000 ,  0.0000 ,  0.0000 ,  0.0000 ,  0.0000 ,  0.0000 ,
  0.0000 ,  0.0000 ,  0.0000 ,  0.0000 ,  0.0000 ,  0.0000 ,
  0.0000 ,  0.0000 ,  0.0000 ,  0.0000 ,  0.0000 ,  0.0000 ,
  0.0000 ,  0.0000 ,  0.0000 ,  0.0000 ,  0.0000 ,  0.0000 ,
  0.0000 ,  0.0000 ,  0.0000 ,  0.0000 ,  0.0000 ,  0.0000 ,
  0.0000 ,  0.0000 ,  0.0000 ,  0.0000 ,  0.0000 ,  0.0000 ,
  0.0000 ,  0.0000 ,  0.0000 ,  0.0000 ,  0.0000 ,  0.0000 ,
  0.0000 ,  0.0000 ,  0.0000 ,  0.0000 ,  0.0000 ,  0.0000 ,
  0.0000 ,  0.0000 ,  0.0000 ,  0.0000 ,  0.0000 ,  0.0000 ,
  0.0000 ,  0.0000 ,  0.0000 ,  0.0000 ,  0.0000 ,  0.0000 ,
  0.0000 ,  0.0000 ,  0.0000 ,  0.0000 ,  0.0000 ,  0.0000 ,
  0.0000 ,  0.0000 ,  0.0000 ,  0.0000 ,  0.0000 ,  0.0000 ,
  0.0000 ,  0.0000 ,  0.0000 ,  0.0000 ,  0.0000 ,  0.0000 ,
  0.0000 ,  0.0000 ,  0.0000 ,  0.0000 ,  0.0000 ,  0.0000 ,
  0.0000 ,  0.0000 ,  0.0000 ,  0.0000 ,  0.0000 ,  0.0000 ,
  0.0000 ,  0.0000 ,  0.0000 ,  0.0000 ,  0.0000 ,  0.0000 ,
  0.0000 ,  0.0000 ,  0.0000 ,  0.0000 ,  0.0000 ,  0.0000 ,
  0.0000 ,  0.0000 ,  0.0000 ,  0.0000 ,  0.0000 ,  0.0000 ,
  0.0000 ,  0.0000 ,  0.0000 ,  0.0000 ,  0.0000 ,  0.0000 ,
  0.0000 ,  0.0000 ,  0.0000 ,  0.0000 ,  0.0000 ,  0.0000 ,
  0.0000 ,  0.0000 ,  0.0000 ,  0.0000 ,  0.0000 ,  0.0000 ,
  0.0000 ,  0.0000 ,  0.0000 ,  0.0000 ,  0.0000 ,  0.0000 ,
  0.0000 ,  0.0000 ,  0.0000 ,  0.0000 ,  0.0000 ,  0.0000 ,
  0.0000 ,  0.0000 ,  0.0000 ,  0.0000 ,  0.0000 ,  0.0000 ,
  0.0000 ,  0.0000 ,  0.0000 ,  0.0000 ,  0.0000 ,  0.0000 ,
  0.0000 ,  0.0000 ,  0.0000 ,  0.0000 ,  0.0000 ,  0.0000 ,
  0.0000 ,  0.0000 ,  0.0000 ,  0.0000 ,  0.0000 ,  0.0000 ,
  0.0000 ,  0.0000 ,  0.0000 ,  0.0000 ,  0.0000 ,  0.0000 ,
  0.0000 ,  0.0000 ,  0.0000 ,  0.0000 ,  0.0000 ,  0.0000 ,
  0.0000 ,  0.0000 ,  0.0000 ,  0.0000 ,  0.0000 ,  0.0000 ,
  0.0000 ,  0.0000 ,  0.0000 ,  0.0000 ,  0.0000 ,  0.0000 ,
  0.0000 ,  0.0000 ,  0.0000 ,  0.0000 ,  0.0000 ,  0.0000 ,
  0.0000 ,  0.0000 ,  0.0000 ,  0.0000 ,  0.0000 ,  0.0000 ,
  0.0000 ,  0.0000 ,  0.0000 ,  0.0000 ,  0.0000 ,  0.0000 ,
  0.0000 ,  0.0000 ,  0.0000 ,  0.0000 ,  0.0000 ,  0.0000 ,
  0.0000 ,  0.0000 ,  0.0000 ,  0.0000 ,  0.0000 ,  0.0000 ,
  0.0000 ,  0.0000 ,  0.0000 ,  0.0000 ,  0.0000 ,  0.0000 ,
  0.0000 ,  0.0000 ,  0.0000 ,  0.0000 ,  0.0000 ,  0.0000 ,
  0.0000 ,  0.0000 ,  0.0000 ,  0.0000 ,  0.0000 ,  0.0000 ,
  0.0000 ,  0.0000 ,  0.0000 ,  0.0000 ,  0.0000 ,  0.0000 ,
  0.0000 ,  0.0000 ,  0.0000 ,  0.0000 ,  0.0000 ,  0.0000 ,
  0.0000 ,  0.0000 ,  0.0000 ,  0.0000 ,  0.0000 ,  0.0000 ,
  0.0000 ,  0.0000 ,  0.0000 ,  0.0000 ,  0.0000 ,  0.0000 ,
  0.0000 ,  0.0000 ,  0.0000 ,  0.0000 ,  0.0000 ,  0.0000 ,
  0.0000 ,  0.0000 ,  0.0000 ,  0.0000 ,  0.0000 ,  0.0000 ,
  0.0000 ,  0.0000 ,  0.0000 ,  0.0000 ,  0.0000 ,  0.0000 ,
  0.0000 ,  0.0000 ,  0.0000 ,  0.0000 ,  0.0000 ,  0.0000 ,
  0.0000 ,  0.0000 ,  0.0000 ,  0.0000 ,  0.0000 ,  0.0000 ,
  0.0000 ,  0.0000 ,  0.0000 ,  0.0000 ,  0.0000 ,  0.0000 ,
  0.0000 ,  0.0000 ,  0.0000 ,  0.0000 ,  0.0000 ,  0.0000 ,
  0.0000 ,  0.0000 ,  0.0000 ,  0.0000 ,  0.0000 ,  0.0000 ,
  0.0000 ,  0.0000 ,  0.0000 ,  0.0000 ,  0.0000 ,  0.0000 ,
  0.0000 ,  0.0000 ,  0.0000 ,  0.0000 ,  0.0000 ,  0.0000 ,
  0.0000 ,  0.0000 ,  0.0000 ,  0.0000 ,  0.0000 ,  0.0000 ,
  0.0000 ,  0.0000 ,  0.0000 ,  0.0000 ,  0.0000 ,  0.0000 ,
  0.0000 ,  0.0000 ,  0.0000 ,  0.0000 ,  0.0000 ,  0.0000 ,
  0.0000 ,  0.0000 ,  0.0000 ,  0.0000 ,  0.0000 ,  0.0000 ,
  0.0000 ,  0.0000 ,  0.0000 ,  0.0000 ,  0.0000 ,  0.0000 ,
  0.0000 ,  0.0000 ,  0.0000 ,  0.0000 ,  0.0000 ,  0.0000 ,
  0.0000 ,  0.0000 ,  0.0000 ,  0.0000 ,  0.0000 ,  0.0000 ,
  0.0000 ,  0.0000 ,  0.0000 ,  0.0000 ,  0.0000 ,  0.0000 ,
  0.0000 ,  0.0000 ,  0.0000 ,  0.0000 ,  0.0000 ,  0.0000 ,
  0.0000 ,  0.0000 ,  0.0000 ,  0.0000 ,  0.0000 ,  0.0000 ,
  0.0000 ,  0.0000 ,  0.0000 ,  0.0000 ,  0.0000 ,  0.0000 ,
  0.0000 ,  0.0000 ,  0.0000 ,  0.0000 ,  0.0000 ,  0.0000 ,
  0.0000 ,  0.0000 ,  0.0000 ,  0.0000 ,  0.0000 ,  0.0000 ,
  0.0000 ,  0.0000 ,  0.0000 ,  0.0000 ,  0.0000 ,  0.0000 ,
  0.0000 ,  0.0000 ,  0.0000 ,  0.0000 ,  0.0000 ,  0.0000 ,
  0.0000 ,  0.0000 ,  0.0000 ,  0.0000 ,  0.0000 ,  0.0000 ,
  0.0000 ,  0.0000 ,  0.0000 ,  0.0000 ,  0.0000 ,  0.0000 ,
  0.0000 ,  0.0000 ,  0.0000 ,  0.0000 ,  0.0000 ,  0.0000 ,
  0.0000 ,  0.0000 ,  0.0000 ,  0.0000 ,  0.0000 ,  0.0000 ,
  0.0000 ,  0.0000 ,  0.0000 ,  0.0000 ,  0.0000 ,  0.0000 ,
  0.0000 ,  0.0000 ,  0.0000 ,  0.0000 ,  0.0000 ,  0.0000 ,
  0.0000 ,  0.0000 ,  0.0000 ,  0.0000 ,  0.0000 ,  0.0000 ,
  0.0000 ,  0.0000 ,  0.0000 ,  0.0000 ,  0.0000 ,  0.0000 ,
  0.0000 ,  0.0000 ,  0.0000 ,  0.0000 ,  0.0000 ,  0.0000 ,
  0.0000 ,  0.0000 ,  0.0000 ,  0.0000 ,  0.0000 ,  0.0000 ,
  0.0000 ,  0.0000 ,  0.0000 ,  0.0000 ,  0.0000 ,  0.0000 ,
  0.0000 ,  0.0000 ,  0.0000 ,  0.0000 ,  0.0000 ,  0.0000 ,
  0.0000 ,  0.0000 ,  0.0000 ,  0.0000 ,  0.0000 ,  0.0000 ,
  0.0000 ,  0.0000 ,  0.0000 ,  0.0000 ,  0.0000 ,  0.0000 ,
  0.0000 ,  0.0000 ,  0.0000 ,  0.0000 ,  0.0000 ,  0.0000 ,
  0.0000 ,  0.0000 ,  0.0000 ,  0.0000 ,  0.0000 ,  0.0000 ,
  0.0000 ,  0.0000 ,  0.0000 ,  0.0000 ,  0.0000 ,  0.0000 ,
  0.0000 ,  0.0000 ,  0.0000 ,  0.0000 ,  0.0000 ,  0.0000 ,
  0.0000 ,  0.0000 ,  0.0000 ,  0.0000 ,  0.0000 ,  0.0000 ,
  0.0000 ,  0.0000 ,  0.0000 ,  0.0000 ,  0.0000 ,  0.0000 ,
  0.0000 ,  0.0000 ,  0.0000 ,  0.0000 ,  0.0000 ,  0.0000 ,
  0.0000 ,  0.0000 ,  0.0000 ,  0.0000 ,  0.0000 ,  0.0000 ,
  0.0000 ,  0.0000 ,  0.0000 ,  0.0000 ,  0.0000 ,  0.0000 ,
  0.0000 ,  0.0000 ,  0.0000 ,  0.0000 ,  0.0000 ,  0.0000 ,
  0.0000 ,  0.0000 ,  0.0000 ,  0.0000 ,  0.0000 ,  0.0000 ,
  0.0000 ,  0.0000 ,  0.0000 ,  0.0000 ,  0.0000 ,  0.0000 ,
  0.0000 ,  0.0000 ,  0.0000 ,  0.0000 ,  0.0000 ,  0.0000 ,
  0.0000 ,  0.0000 ,  0.0000 ,  0.0000 ,  0.0000 ,  0.0000 ,
  0.0000 ,  0.0000 ,  0.0000 ,  0.0000 ,  0.0000 ,  0.0000 ,
  0.0000 ,  0.0000 ,  0.0000 ,  0.0000 ,  0.0000 ,  0.0000 ,
  0.0000 ,  0.0000 ,  0.0000 ,  0.0000 ,  0.0000 ,  0.0000 ,
  0.0000 ,  0.0000 ,  0.0000 ,  0.0000 ,  0.0000 ,  0.0000 ,
  0.0000 ,  0.0000 ,  0.0000 ,  0.0000 ,  0.0000 ,  0.0000 ,
  0.0000 ,  0.0000 ,  0.0000 ,  0.0000 ,  0.0000 ,  0.0000 ,
  0.0000 ,  0.0000 ,  0.0000 ,  0.0000 ,  0.0000 ,  0.0000 ,
  0.0000 ,  0.0000 ,  0.0000 ,  0.0000 ,  0.0000 ,  0.0000 ,
  0.0000 ,  0.0000 ,  0.0000 ,  0.0000 ,  0.0000 ,  0.0000 ,
  0.0000 ,  0.0000 ,  0.0000 ,  0.0000 ,  0.0000 ,  0.0000 ,
  0.0000 ,  0.0000 ,  0.0000 ,  0.0000 ,  0.0000 ,  0.0000 ,
  0.0000 ,  0.0000 ,  0.0000 ,  0.0000 ,  0.0000 ,  0.0000 ,
  0.0000 ,  0.0000 ,  0.0000 ,  0.0000 ,  0.0000 ,  0.0000 ,
  0.0000 ,  0.0000 ,  0.0000 ,  0.0000 ,  0.0000 ,  0.0000 ,
  0.0000 ,  0.0000 ,  0.0000 ,  0.0000 ,  0.0000 ,  0.0000 ,
  0.0000 ,  0.0000 ,  0.0000 ,  0.0000 ,  0.0000 ,  0.0000 ,
  0.0000 ,  0.0000 ,  0.0000 ,  0.0000 ,  0.0000 ,  0.0000 ,
  0.0000 ,  0.0000 ,  0.0000 ,  0.0000 ,  0.0000 ,  0.0000 ,
  0.0000 ,  0.0000 ,  0.0000 ,  0.0000 ,  0.0000 ,  0.0000 ,
  0.0000 ,  0.0000 ,  0.0000 ,  0.0000 ,  0.0000 ,  0.0000 ,
  0.0000 ,  0.0000 ,  0.0000 ,  0.0000 ,  0.0000 ,  0.0000 ,
  0.0000 ,  0.0000 ,  0.0000 ,  0.0000 ,  0.0000 ,  0.0000 ,
  0.0000 ,  0.0000 ,  0.0000 ,  0.0000 ,  0.0000 ,  0.0000 ,
  0.0000 ,  0.0000 ,  0.0000 ,  0.0000 ,  0.0000 ,  0.0000 ,
  0.0000 ,  0.0000 ,  0.0000 ,  0.0000 ,  0.0000 ,  0.0000 ,
  0.0000 ,  0.0000 ,  0.0000 ,  0.0000 ,  0.0000 ,  0.0000 ,
  0.0000 ,  0.0000 ,  0.0000 ,  0.0000 ,  0.0000 ,  0.0000 ,
  0.0000 ,  0.0000 ,  0.0000 ,  0.0000 ,  0.0000 ,  0.0000 ,
  0.0000 ,  0.0000 ,  0.0000 ,  0.0000 ,  0.0000 ,  0.0000 ,
  0.0000 ,  0.0000 ,  0.0000 ,  0.0000 ,  0.0000 ,  0.0000 ,
  0.0000 ,  0.0000 ,  0.0000 ,  0.0000 ,  0.0000 ,  0.0000 ,
  0.0000 ,  0.0000 ,  0.0000 ,  0.0000 ,  0.0000 ,  0.0000 ,
  0.0000 ,  0.0000 ,  0.0000 ,  0.0000 ,  0.0000 ,  0.0000 ,
  0.0000 ,  0.0000 ,  0.0000 ,  0.0000 ,  0.0000 ,  0.0000 ,
  0.0000 ,  0.0000 ,  0.0000 ,  0.0000 ,  0.0000 ,  0.0000 ,
  0.0000 ,  0.0000 ,  0.0000 ,  0.0000 ,  0.0000 ,  0.0000 ,
  0.0000 ,  0.0000 ,  0.0000 ,  0.0000 ,  0.0000 ,  0.0000 ,
  0.0000 ,  0.0000 ,  0.0000 ,  0.0000 ,  0.0000 ,  0.0000 ,
  0.0000 ,  0.0000 ,  0.0000 ,  0.0000 ,  0.0000 ,  0.0000 ,
  0.0000 ,  0.0000 ,  0.0000 ,  0.0000 ,  0.0000 ,  0.0000 ,
  0.0000 ,  0.0000 ,  0.0000 ,  0.0000 ,  0.0000 ,  0.0000 ,
  0.0000 ,  0.0000 ,  0.0000 ,  0.0000 ,  0.0000 ,  0.0000 ,
  0.0000 ,  0.0000 ,  0.0000 ,  0.0000 ,  0.0000 ,  0.0000 ,
  0.0000 ,  0.0000 ,  0.0000 ,  0.0000 ,  0.0000 ,  0.0000 ,
  0.0000 ,  0.0000 ,  0.0000 ,  0.0000 ,  0.0000 ,  0.0000 ,
  0.0000 ,  0.0000 ,  0.0000 ,  0.0000 ,  0.0000 ,  0.0000 ,
  0.0000 ,  0.0000 ,  0.0000 ,  0.0000 ,  0.0000 ,  0.0000 ,
  0.0000 ,  0.0000 ,  0.0000 ,  0.0000 ,  0.0000 ,  0.0000 ,
  0.0000 ,  0.0000 ,  0.0000 ,  0.0000 ,  0.0000 ,  0.0000 ,
  0.0000 ,  0.0000 ,  0.0000 ,  0.0000 ,  0.0000 ,  0.0000 ,
  0.0000 ,  0.0000 ,  0.0000 ,  0.0000 ,  0.0000 ,  0.0000 ,
  0.0000 ,  0.0000 ,  0.0000 ,  0.0000 ,  0.0000 ,  0.0000 ,
  0.0000 ,  0.0000 ,  0.0000 ,  0.0000 ,  0.0000 ,  0.0000 ,
  0.0000 ,  0.0000 ,  0.0000 ,  0.0000 ,  0.0000 ,  0.0000 ,
  0.0000 ,  0.0000 ,  0.0000 ,  0.0000 ,  0.0000 ,  0.0000 ,
  0.0000 ,  0.0000 ,  0.0000 ,  0.0000 ,  0.0000 ,  0.0000 ,
  0.0000 ,  0.0000 ,  0.0000 ,  0.0000 ,  0.0000 ,  0.0000 ,
  0.0000 ,  0.0000 ,  0.0000 ,  0.0000 ,  0.0000 ,  0.0000 ,
  0.0000 ,  0.0000 ,  0.0000 ,  0.0000 ,  0.0000 ,  0.0000 ,
  0.0000 ,  0.0000 ,  0.0000 ,  0.0000 ,  0.0000 ,  0.0000 ,
  0.0000 ,  0.0000 ,  0.0000 ,  0.0000 ,  0.0000 ,  0.0000 ,
  0.0000 ,  0.0000 ,  0.0000 ,  0.0000 ,  0.0000 ,  0.0000 ,
  0.0000 ,  0.0000 ,  0.0000 ,  0.0000 ,  0.0000 ,  0.0000 ,
  0.0000 ,  0.0000 ,  0.0000 ,  0.0000 ,  0.0000 ,  0.0000 ,
  0.0000 ,  0.0000 ,  0.0000 ,  0.0000 ,  0.0000 ,  0.0000 ,
  0.0000 ,  0.0000 ,  0.0000 ,  0.0000 ,  0.0000 ,  0.0000 ,
  0.0000 ,  0.0000 ,  0.0000 ,  0.0000 ,  0.0000 ,  0.0000 ,
  0.0000 ,  0.0000 ,  0.0000 ,  0.0000 ,  0.0000 ,  0.0000 ,
  0.0000 ,  0.0000 ,  0.0000 ,  0.0000 ,  0.0000 ,  0.0000 ,
  0.0000 ,  0.0000 ,  0.0000 ,  0.0000 ,  0.0000 ,  0.0000 ,
  0.0000 ,  0.0000 ,  0.0000 ,  0.0000 ,  0.0000 ,  0.0000 ,
  0.0000 ,  0.0000 ,  0.0000 ,  0.0000 ,  0.0000 ,  0.0000 ,
  0.0000 ,  0.0000 ,  0.0000 ,  0.0000 ,  0.0000 ,  0.0000 ,
  0.0000 ,  0.0000 ,  0.0000 ,  0.0000 ,  0.0000 ,  0.0000 ,
  0.0000 ,  0.0000 ,  0.0000 ,  0.0000 ,  0.0000 ,  0.0000 ,
  0.0000 ,  0.0000 ,  0.0000 ,  0.0000 ,  0.0000 ,  0.0000 ,
  0.0000 ,  0.0000 ,  0.0000 ,  0.0000 ,  0.0000 ,  0.0000 ,
  0.0000 ,  0.0000 ,  0.0000 ,  0.0000 ,  0.0000 ,  0.0000 ,
  0.0000 ,  0.0000 ,  0.0000 ,  0.0000 ,  0.0000 ,  0.0000 ,
  0.0000 ,  0.0000 ,  0.0000 ,  0.0000 ,  0.0000 ,  0.0000 ,
  0.0000 ,  0.0000 ,  0.0000 ,  0.0000 ,  0.0000 ,  0.0000 ,
  0.0000 ,  0.0000 ,  0.0000 ,  0.0000 ,  0.0000 ,  0.0000 ,
  0.0000 ,  0.0000 ,  0.0000 ,  0.0000 ,  0.0000 ,  0.0000 ,
  0.0000 ,  0.0000 ,  0.0000 ,  0.0000 ,  0.0000 ,  0.0000 ,
  0.0000 ,  0.0000 ,  0.0000 ,  0.0000 ,  0.0000 ,  0.0000 ,
  0.0000 ,  0.0000 ,  0.0000 ,  0.0000 ,  0.0000 ,  0.0000 ,
  0.0000 ,  0.0000 ,  0.0000 ,  0.0000 ,  0.0000 ,  0.0000 ,
  0.0000 ,  0.0000 ,  0.0000 ,  0.0000 ,  0.0000 ,  0.0000 ,
  0.0000 ,  0.0000 ,  0.0000 ,  0.0000 ,  0.0000 ,  0.0000 ,
  0.0000 ,  0.0000 ,  0.0000 ,  0.0000 ,  0.0000 ,  0.0000 ,
  0.0000 ,  0.0000 ,  0.0000 ,  0.0000 ,  0.0000 ,  0.0000 ,
  0.0000 ,  0.0000 ,  0.0000 ,  0.0000 ,  0.0000 ,  0.0000 ,
  0.0000 ,  0.0000 ,  0.0000 ,  0.0000 ,  0.0000 ,  0.0000 ,
  0.0000 ,  0.0000 ,  0.0000 ,  0.0000 ,  0.0000 ,  0.0000 ,
  0.0000 ,  0.0000 ,  0.0000 ,  0.0000 ,  0.0000 ,  0.0000 ,
  0.0000 ,  0.0000 ,  0.0000 ,  0.0000 ,  0.0000 ,  0.0000 ,
  0.0000 ,  0.0000 ,  0.0000 ,  0.0000 ,  0.0000 ,  0.0000 ,
  0.0000 ,  0.0000 ,  0.0000 ,  0.0000 ,  0.0000 ,  0.0000 ,
  0.0000 ,  0.0000 ,  0.0000 ,  0.0000 ,  0.0000 ,  0.0000 ,
  0.0000 ,  0.0000 ,  0.0000 ,  0.0000 ,  0.0000 ,  0.0000 ,
  0.0000 ,  0.0000 ,  0.0000 ,  0.0000 ,  0.0000 ,  0.0000 ,
  0.0000 ,  0.0000 ,  0.0000 ,  0.0000 ,  0.0000 ,  0.0000 ,
  0.0000 ,  0.0000 ,  0.0000 ,  0.0000 ,  0.0000 ,  0.0000 ,
  0.0000 ,  0.0000 ,  0.0000 ,  0.0000 ,  0.0000 ,  0.0000 ,
  0.0000 ,  0.0000 ,  0.0000 ,  0.0000 ,  0.0000 ,  0.0000 ,
  0.0000 ,  0.0000 ,  0.0000 ,  0.0000 ,  0.0000 ,  0.0000 ,
  0.0000 ,  0.0000 ,  0.0000 ,  0.0000 ,  0.0000 ,  0.0000 ,
  0.0000 ,  0.0000 ,  0.0000 ,  0.0000 ,  0.0000 ,  0.0000 ,
  0.0000 ,  0.0000 ,  0.0000 ,  0.0000 ,  0.0000 ,  0.0000 ,
  0.0000 ,  0.0000 ,  0.0000 ,  0.0000 ,  0.0000 ,  0.0000 ,
  0.0000 ,  0.0000 ,  0.0000 ,  0.0000 ,  0.0000 ,  0.0000 ,
  0.0000 ,  0.0000 ,  0.0000 ,  0.0000 ,  0.0000 ,  0.0000 ,
  0.0000 ,  0.0000 ,  0.0000 ,  0.0000 ,  0.0000 ,  0.0000 ,
  0.0000 ,  0.0000 ,  0.0000 ,  0.0000 ,  0.0000 ,  0.0000 ,
  0.0000 ,  0.0000 ,  0.0000 ,  0.0000 ,  0.0000 ,  0.0000 ,
  0.0000 ,  0.0000 ,  0.0000 ,  0.0000 ,  0.0000 ,  0.0000 ,
  0.0000 ,  0.0000 ,  0.0000 ,  0.0000 ,  0.0000 ,  0.0000 ,
  0.0000 ,  0.0000 ,  0.0000 ,  0.0000 ,  0.0000 ,  0.0000 ,
  0.0000 ,  0.0000 ,  0.0000 ,  0.0000 ,  0.0000 ,  0.0000 ,
  0.0000 ,  0.0000 ,  0.0000 ,  0.0000 ,  0.0000 ,  0.0000 ,
  0.0000 ,  0.0000 ,  0.0000 ,  0.0000 ,  0.0000 ,  0.0000 ,
  0.0000 ,  0.0000 ,  0.0000 ,  0.0000 ,  0.0000 ,  0.0000 ,
  0.0000 ,  0.0000 ,  0.0000 ,  0.0000 ,  0.0000 ,  0.0000 ,
  0.0000 ,  0.0000 ,  0.0000 ,  0.0000 ,  0.0000 ,  0.0000 ,
  0.0000 ,  0.0000 ,  0.0000 ,  0.0000 ,  0.0000 ,  0.0000 ,
  0.0000 ,  0.0000 ,  0.0000 ,  0.0000 ,  0.0000 ,  0.0000 ,
  0.0000 ,  0.0000 ,  0.0000 ,  0.0000 ,  0.0000 ,  0.0000 ,
  0.0000 ,  0.0000 ,  0.0000 ,  0.0000 ,  0.0000 ,  0.0000 ,
  0.0000 ,  0.0000 ,  0.0000 ,  0.0000 ,  0.0000 ,  0.0000 ,
  0.0000 ,  0.0000 ,  0.0000 ,  0.0000 ,  0.0000 ,  0.0000 ,
  0.0000 ,  0.0000 ,  0.0000 ,  0.0000 ,  0.0000 ,  0.0000 ,
  0.0000 ,  0.0000 ,  0.0000 ,  0.0000 ,  0.0000 ,  0.0000 ,
  0.0000 ,  0.0000 ,  0.0000 ,  0.0000 ,  0.0000 ,  0.0000 ,
  0.0000 ,  0.0000 ,  0.0000 ,  0.0000 ,  0.0000 ,  0.0000 ,
  0.0000 ,  0.0000 ,  0.0000 ,  0.0000 ,  0.0000 ,  0.0000 ,
  0.0000 ,  0.0000 ,  0.0000 ,  0.0000 ,  0.0000 ,  0.0000 ,
  0.0000 ,  0.0000 ,  0.0000 ,  0.0000 ,  0.0000 ,  0.0000 ,
  0.0000 ,  0.0000 ,  0.0000 ,  0.0000 ,  0.0000 ,  0.0000 ,
  0.0000 ,  0.0000 ,  0.0000 ,  0.0000 ,  0.0000 ,  0.0000 ,
  0.0000 ,  0.0000 ,  0.0000 ,  0.0000 ,  0.0000 ,  0.0000 ,
  0.0000 ,  0.0000 ,  0.0000 ,  0.0000 ,  0.0000 ,  0.0000 ,
  0.0000 ,  0.0000 ,  0.0000 ,  0.0000 ,  0.0000 ,  0.0000 ,
  0.0000 ,  0.0000 ,  0.0000 ,  0.0000 ,  0.0000 ,  0.0000 ,
  0.0000 ,  0.0000 ,  0.0000 ,  0.0000 ,  0.0000 ,  0.0000 ,
  0.0000 ,  0.0000 ,  0.0000 ,  0.0000 ,  0.0000 ,  0.0000 ,
  0.0000 ,  0.0000 ,  0.0000 ,  0.0000 ,  0.0000 ,  0.0000 ,
  0.0000 ,  0.0000 ,  0.0000 ,  0.0000 ,  0.0000 ,  0.0000 ,
  0.0000 ,  0.0000 ,  0.0000 ,  0.0000 ,  0.0000 ,  0.0000 ,
  0.0000 ,  0.0000 ,  0.0000 ,  0.0000 ,  0.0000 ,  0.0000 ,
  0.0000 ,  0.0000 ,  0.0000 ,  0.0000 ,  0.0000 ,  0.0000 ,
  0.0000 ,  0.0000 ,  0.0000 ,  0.0000 ,  0.0000 ,  0.0000 ,
  0.0000 ,  0.0000 ,  0.0000 ,  0.0000 ,  0.0000 ,  0.0000 ,
  0.0000 ,  0.0000 ,  0.0000 ,  0.0000 ,  0.0000 ,  0.0000 ,
  0.0000 ,  0.0000 ,  0.0000 ,  0.0000 ,  0.0000 ,  0.0000 ,
  0.0000 ,  0.0000 ,  0.0000 ,  0.0000 ,  0.0000 ,  0.0000 ,
  0.0000 ,  0.0000 ,  0.0000 ,  0.0000 ,  0.0000 ,  0.0000 ,
  0.0000 ,  0.0000 ,  0.0000 ,  0.0000 ,  0.0000 ,  0.0000 ,
  0.0000 ,  0.0000 ,  0.0000 ,  0.0000 ,  0.0000 ,  0.0000 ,
  0.0000 ,  0.0000 ,  0.0000 ,  0.0000 ,  0.0000 ,  0.0000 ,
  0.0000 ,  0.0000 ,  0.0000 ,  0.0000 ,  0.0000 ,  0.0000 ,
  0.0000 ,  0.0000 ,  0.0000 ,  0.0000 ,  0.0000 ,  0.0000 ,
  0.0000 ,  0.0000 ,  0.0000 ,  0.0000 ,  0.0000 ,  0.0000 ,
  0.0000 ,  0.0000 ,  0.0000 ,  0.0000 ,  0.0000 ,  0.0000 ,
  0.0000 ,  0.0000 ,  0.0000 ,  0.0000 ,  0.0000 ,  0.0000 ,
  0.0000 ,  0.0000 ,  0.0000 ,  0.0000 ,  0.0000 ,  0.0000 ,
  0.0000 ,  0.0000 ,  0.0000 ,  0.0000 ,  0.0000 ,  0.0000 ,
  0.0000 ,  0.0000 ,  0.0000 ,  0.0000 ,  0.0000 ,  0.0000 ,
  0.0000 ,  0.0000 ,  0.0000 ,  0.0000 ,  0.0000 ,  0.0000 ,
  0.0000 ,  0.0000 ,  0.0000 ,  0.0000 ,  0.0000 ,  0.0000 ,
  0.0000 ,  0.0000 ,  0.0000 ,  0.0000 ,  0.0000 ,  0.0000 ,
  0.0000 ,  0.0000 ,  0.0000 ,  0.0000 ,  0.0000 ,  0.0000 ,
  0.0000 ,  0.0000 ,  0.0000 ,  0.0000 ,  0.0000 ,  0.0000 ,
  0.0000 ,  0.0000 ,  0.0000 ,  0.0000 ,  0.0000 ,  0.0000 ,
  0.0000 ,  0.0000 ,  0.0000 ,  0.0000 ,  0.0000 ,  0.0000 ,
  0.0000 ,  0.0000 ,  0.0000 ,  0.0000 ,  0.0000 ,  0.0000 ,
  0.0000 ,  0.0000 ,  0.0000 ,  0.0000 ,  0.0000 ,  0.0000 ,
  0.0000 ,  0.0000 ,  0.0000 ,  0.0000 ,  0.0000 ,  0.0000 ,
  0.0000 ,  0.0000 ,  0.0000 ,  0.0000 ,  0.0000 ,  0.0000 ,
  0.0000 ,  0.0000 ,  0.0000 ,  0.0000 ,  0.0000 ,  0.0000 ,
  0.0000 ,  0.0000 ,  0.0000 ,  0.0000 ,  0.0000 ,  0.0000 ,
  0.0000 ,  0.0000 ,  0.0000 ,  0.0000 ,  0.0000 ,  0.0000 ,
  0.0000 ,  0.0000 ,  0.0000 ,  0.0000 ,  0.0000 ,  0.0000 ,
  0.0000 ,  0.0000 ,  0.0000 ,  0.0000 ,  0.0000 ,  0.0000 ,
  0.0000 ,  0.0000 ,  0.0000 ,  0.0000 ,  0.0000 ,  0.0000 ,
  0.0000 ,  0.0000 ,  0.0000 ,  0.0000 ,  0.0000 ,  0.0000 ,
  0.0000 ,  0.0000 ,  0.0000 ,  0.0000 ,  0.0000 ,  0.0000 ,
  0.0000 ,  0.0000 ,  0.0000 ,  0.0000 ,  0.0000 ,  0.0000 ,
  0.0000 ,  0.0000 ,  0.0000 ,  0.0000 ,  0.0000 ,  0.0000 ,
  0.0000 ,  0.0000 ,  0.0000 ,  0.0000 ,  0.0000 ,  0.0000 ,
  0.0000 ,  0.0000 ,  0.0000 ,  0.0000 ,  0.0000 ,  0.0000 ,
  0.0000 ,  0.0000 ,  0.0000 ,  0.0000 ,  0.0000 ,  0.0000 ,
  0.0000 ,  0.0000 ,  0.0000 ,  0.0000 ,  0.0000 ,  0.0000 ,
  0.0000 ,  0.0000 ,  0.0000 ,  0.0000 ,  0.0000 ,  0.0000 ,
  0.0000 ,  0.0000 ,  0.0000 ,  0.0000 ,  0.0000 ,  0.0000 ,
  0.0000 ,  0.0000 ,  0.0000 ,  0.0000 ,  0.0000 ,  0.0000 ,
  0.0000 ,  0.0000 ,  0.0000 ,  0.0000 ,  0.0000 ,  0.0000 ,
  0.0000 ,  0.0000 ,  0.0000 ,  0.0000 ,  0.0000 ,  0.0000 ,
  0.0000 ,  0.0000 ,  0.0000 ,  0.0000 ,  0.0000 ,  0.0000 ,
  0.0000 ,  0.0000 ,  0.0000 ,  0.0000 ,  0.0000 ,  0.0000 ,
  0.0000 ,  0.0000 ,  0.0000 ,  0.0000 ,  0.0000 ,  0.0000 ,
  0.0000 ,  0.0000 ,  0.0000 ,  0.0000 ,  0.0000 ,  0.0000 ,
  0.0000 ,  0.0000 ,  0.0000 ,  0.0000 ,  0.0000 ,  0.0000 ,
  0.0000 ,  0.0000 ,  0.0000 ,  0.0000 ,  0.0000 ,  0.0000 ,
  0.0000 ,  0.0000 ,  0.0000 ,  0.0000 ,  0.0000 ,  0.0000 ,
  0.0000 ,  0.0000 ,  0.0000 ,  0.0000 ,  0.0000 ,  0.0000 ,
  0.0000 ,  0.0000 ,  0.0000 ,  0.0000 ,  0.0000 ,  0.0000 ,
  0.0000 ,  0.0000 ,  0.0000 ,  0.0000 ,  0.0000 ,  0.0000 ,
  0.0000 ,  0.0000 ,  0.0000 ,  0.0000 ,  0.0000 ,  0.0000 ,
  0.0000 ,  0.0000 ,  0.0000 ,  0.0000 ,  0.0000 ,  0.0000 ,
  0.0000 ,  0.0000 ,  0.0000 ,  0.0000 ,  0.0000 ,  0.0000 ,
  0.0000 ,  0.0000 ,  0.0000 ,  0.0000 ,  0.0000 ,  0.0000 ,
  0.0000 ,  0.0000 ,  0.0000 ,  0.0000 ,  0.0000 ,  0.0000 ,
  0.0000 ,  0.0000 ,  0.0000 ,  0.0000 ,  0.0000 ,  0.0000 ,
  0.0000 ,  0.0000 ,  0.0000 ,  0.0000 ,  0.0000 ,  0.0000 ,
  0.0000 ,  0.0000 ,  0.0000 ,  0.0000 ,  0.0000 ,  0.0000 ,
  0.0000 ,  0.0000 ,  0.0000 ,  0.0000 ,  0.0000 ,  0.0000 ,
  0.0000 ,  0.0000 ,  0.0000 ,  0.0000 ,  0.0000 ,  0.0000 ,
  0.0000 ,  0.0000 ,  0.0000 ,  0.0000 ,  0.0000 ,  0.0000 ,
  0.0000 ,  0.0000 ,  0.0000 ,  0.0000 ,  0.0000 ,  0.0000 ,
  0.0000 ,  0.0000 ,  0.0000 ,  0.0000 ,  0.0000 ,  0.0000 ,
  0.0000 ,  0.0000 ,  0.0000 ,  0.0000 ,  0.0000 ,  0.0000 ,
  0.0000 ,  0.0000 ,  0.0000 ,  0.0000 ,  0.0000 ,  0.0000 ,
  0.0000 ,  0.0000 ,  0.0000 ,  0.0000 ,  0.0000 ,  0.0000 ,
  0.0000 ,  0.0000 ,  0.0000 ,  0.0000 ,  0.0000 ,  0.0000 ,
  0.0000 ,  0.0000 ,  0.0000 ,  0.0000 ,  0.0000 ,  0.0000 ,
  0.0000 ,  0.0000 ,  0.0000 ,  0.0000 ,  0.0000 ,  0.0000 ,
  0.0000 ,  0.0000 ,  0.0000 ,  0.0000 ,  0.0000 ,  0.0000 ,
  0.0000 ,  0.0000 ,  0.0000 ,  0.0000 ,  0.0000 ,  0.0000 ,
  0.0000 ,  0.0000 ,  0.0000 ,  0.0000 ,  0.0000 ,  0.0000 ,
  0.0000 ,  0.0000 ,  0.0000 ,  0.0000 ,  0.0000 ,  0.0000 ,
  0.0000 ,  0.0000 ,  0.0000 ,  0.0000 ,  0.0000 ,  0.0000 ,
  0.0000 ,  0.0000 ,  0.0000 ,  0.0000 ,  0.0000 ,  0.0000 ,
  0.0000 ,  0.0000 ,  0.0000 ,  0.0000 ,  0.0000 ,  0.0000 ,
  0.0000 ,  0.0000 ,  0.0000 ,  0.0000 ,  0.0000 ,  0.0000 ,
  0.0000 ,  0.0000 ,  0.0000 ,  0.0000 ,  0.0000 ,  0.0000 ,
  0.0000 ,  0.0000 ,  0.0000 ,  0.0000 ,  0.0000 ,  0.0000 ,
  0.0000 ,  0.0000 ,  0.0000 ,  0.0000 ,  0.0000 ,  0.0000 ,
  0.0000 ,  0.0000 ,  0.0000 ,  0.0000 ,  0.0000 ,  0.0000 ,
  0.0000 ,  0.0000 ,  0.0000 ,  0.0000 ,  0.0000 ,  0.0000 ,
  0.0000 ,  0.0000 ,  0.0000 ,  0.0000 ,  0.0000 ,  0.0000 ,
  0.0000 ,  0.0000 ,  0.0000 ,  0.0000 ,  0.0000 ,  0.0000 ,
  0.0000 ,  0.0000 ,  0.0000 ,  0.0000 ,  0.0000 ,  0.0000 ,
  0.0000 ,  0.0000 ,  0.0000 ,  0.0000 ,  0.0000 ,  0.0000 ,
  0.0000 ,  0.0000 ,  0.0000 ,  0.0000 ,  0.0000 ,  0.0000 ,
  0.0000 ,  0.0000 ,  0.0000 ,  0.0000 ,  0.0000 ,  0.0000 ,
