 -0.0403 ,  0.0002 , -0.0004 ,  0.0003 ,  0.5593 , -0.3252 ,
 -0.1209 ,  0.0006 , -0.0012 , -0.7738 , -0.1888 ,  0.9757 ,
 -0.0003 , -0.0003 , -0.1586 ,  0.7797 ,  0.6215 , -0.3234 ,
  0.0013 ,  0.0417 ,  0.4758 , -0.0761 ,  0.6167 ,  0.9703 ,
 -0.0806 ,  0.0004 , -0.0008 ,  0.0007 ,  1.7410 ,  0.6505 ,
  0.0407 , -0.0396 ,  0.3179 ,  0.8198 ,  1.9412 , -0.6455 ,
 -0.1608 ,  0.0011 ,  0.1570 , -0.0035 ,  2.8603 ,  0.6487 ,
 -0.0402 ,  0.0417 ,  0.1582 ,  0.7055 ,  1.7906 , -0.0074 ,
 -0.1214 ,  0.0407 , -0.3186 , -0.0506 , -0.8204 ,  0.0036 ,
 -0.0823 , -0.0012 , -0.7940 , -2.2995 ,  1.1150 ,  0.9846 ,
  0.0008 , -0.0398 ,  0.4760 ,  0.8216 , -1.2346 ,  0.3199 ,
 -0.1202 , -0.0389 ,  0.3165 ,  0.8278 ,  1.0644 ,  0.6400 ,
 -0.0392 ,  0.0011 ,  0.4755 ,  0.7605 ,  0.5616 , -0.3306 ,
 -0.0802 ,  0.0817 ,  0.1570 , -0.9094 , -0.1412 ,  0.6802 ,
 -0.0796 , -0.0392 ,  0.4754 ,  1.6097 ,  0.4991 , -0.3088 ,
  0.0407 ,  0.0813 ,  0.0003 , -0.1233 , -1.1974 , -0.9757 ,
  0.0798 , -0.1635 ,  0.0011 ,  0.2451 ,  0.7793 , -0.0000 ,
 -0.1210 ,  0.0410 , -0.1599 , -0.0555 ,  0.4250 ,  0.9775 ,
 -0.0408 ,  0.0403 , -0.3178 , -0.0513 , -0.0722 , -0.3217 ,
 -0.0006 , -0.1223 ,  0.0002 ,  0.9592 ,  1.2680 ,  0.6504 ,
  0.1211 ,  0.0401 ,  0.1595 ,  1.5128 ,  0.7779 , -0.6515 ,
  0.0389 , -0.0014 , -0.6342 ,  0.7940 ,  0.0599 ,  0.6576 ,
  0.0006 ,  0.0411 ,  0.1586 ,  2.2581 ,  0.6152 ,  0.3234 ,
 -0.1216 , -0.0000 , -0.3185 , -0.7641 , -0.1903 ,  0.0036 ,
 -0.1619 ,  0.0002 , -0.3189 ,  0.0112 , -0.2532 ,  0.6541 ,
 -0.0402 ,  0.0814 , -0.1592 ,  0.6571 ,  0.5430 ,  0.6522 ,
 -0.1220 , -0.0816 , -0.3183 ,  0.9085 ,  1.0699 ,  0.6541 ,
 -0.0408 ,  0.0403 , -0.3178 , -2.3761 ,  0.5500 ,  0.0036 ,
  0.0001 , -0.0405 ,  0.1587 ,  1.6062 , -1.2361 , -0.0018 ,
 -0.2020 , -0.0401 , -0.1606 , -1.4817 ,  2.8037 ,  0.3270 ,
 -0.0810 , -0.0811 , -0.0007 ,  3.2229 , -0.7326 ,  0.0000 ,
  0.0807 ,  0.0808 , -0.1580 ,  0.6561 ,  1.9763 ,  0.6522 ,
 -0.0809 ,  0.0001 , -0.1594 ,  0.0056 ,  1.7402 ,  0.6523 ,
  0.0396 , -0.0008 , -0.3169 , -0.7655 ,  2.5505 , -0.6469 ,
 -0.1195 ,  0.1233 ,  0.1576 , -0.1892 , -0.8291 , -0.3361 ,
 -0.2011 ,  0.0013 ,  0.1566 , -0.7780 ,  2.1751 ,  0.6487 ,
 -0.0402 ,  0.0814 , -0.1592 ,  0.6571 , -0.0793 ,  0.0018 ,
 -0.0818 , -0.0413 , -0.4766 ,  0.8516 ,  2.3687 ,  0.3306 ,
 -0.0002 , -0.0408 ,  0.0001 ,  0.8362 , -0.6145 ,  0.3252 ,
 -0.0802 , -0.0400 ,  0.3164 , -0.7195 , -0.1159 , -0.0014 ,
 -0.1215 , -0.0403 ,  0.1556 , -1.5084 ,  0.4302 ,  0.3244 ,
 -0.0802 , -0.0392 ,  0.1585 ,  0.8335 ,  2.3648 , -0.0091 ,
 -0.1624 , -0.0409 , -0.4774 ,  1.6270 ,  0.9984 ,  0.0054 ,
 -0.0410 , -0.0004 , -0.3177 , -0.7647 ,  1.1801 ,  0.3288 ,
 -0.1618 ,  0.0814 , -0.4777 , -0.1069 ,  0.9750 ,  0.3306 ,
 -0.0401 ,  0.0410 , -0.0005 , -0.0611 , -1.9378 , -0.3252 ,
 -0.0008 , -0.0818 , -0.1585 ,  0.9026 , -0.6075 ,  0.6522 ,
 -0.0820 , -0.2038 , -0.1591 ,  0.3129 ,  1.7793 ,  0.0018 ,
 -0.1212 ,  0.0410 ,  0.1557 , -0.8340 ,  1.6654 ,  1.3032 ,
 -0.0809 ,  0.0813 , -0.3182 ,  2.2119 , -0.1430 ,  0.0036 ,
 -0.0807 ,  0.0408 , -0.1595 ,  1.4937 ,  0.4879 ,  0.0018 ,
 -0.0392 ,  0.0011 ,  0.4755 ,  0.7605 , -1.9277 ,  0.6451 ,
  0.0407 ,  0.0813 ,  0.0003 , -1.6730 ,  0.6696 , -0.0000 ,
  0.0399 , -0.0005 , -0.1582 , -0.7704 ,  0.6844 , -0.9740 ,
 -0.0806 ,  0.0004 , -0.0008 ,  0.7755 ,  1.7410 ,  0.3252 ,
  0.0405 ,  0.0406 ,  0.0003 , -0.0618 ,  0.6774 ,  0.9757 ,
 -0.0004 , -0.0815 ,  0.0002 ,  0.8977 ,  1.2602 ,  0.6504 ,
 -0.0804 , -0.0805 ,  0.1583 ,  0.9043 ,  0.5033 ,  0.3247 ,
 -0.0809 ,  0.0001 , -0.1594 ,  1.5552 , -0.7489 ,  0.6523 ,
 -0.1208 ,  0.0818 , -0.1600 , -0.1170 , -0.2051 , -0.3234 ,
  0.0008 ,  0.0818 ,  0.1585 , -0.9027 ,  0.6074 , -0.0018 ,
 -0.0413 , -0.1224 , -0.1588 , -0.5852 ,  1.2042 , -0.3234 ,
 -0.0807 ,  0.0408 , -0.1595 , -1.6056 , -1.3790 ,  0.6523 ,
 -0.0802 , -0.0392 ,  0.1585 ,  0.8335 ,  1.1240 , -0.0091 ,
 -0.1211 , -0.0402 , -0.0011 ,  0.0625 ,  1.0636 ,  0.3253 ,
 -0.1210 ,  0.0410 , -0.1599 ,  1.4941 ,  1.0472 ,  0.9775 ,
 -0.0002 , -0.0408 ,  0.0001 , -1.4883 ,  0.0078 , -0.3253 ,
  0.0796 , -0.1230 , -0.1576 ,  1.7382 ,  0.1485 ,  0.3270 ,
 -0.0405 , -0.0406 , -0.0003 ,  0.0618 ,  1.1894 , -0.3252 ,
 -0.1204 , -0.0394 ,  0.3161 ,  0.0530 ,  0.4412 ,  0.3015 ,
 -0.0811 ,  0.0405 , -0.3182 , -0.8259 ,  0.4871 ,  0.6541 ,
 -0.0415 ,  0.0397 , -0.6350 , -0.0415 ,  1.1708 ,  0.3324 ,
 -0.0818 , -0.0413 , -0.4766 ,  1.6264 ,  0.5020 ,  0.3306 ,
 -0.0004 , -0.0815 ,  0.0002 ,  0.1229 ,  0.6379 , -0.6505 ,
  0.0000 ,  0.0000 ,  0.0000 ,  1.5497 ,  0.0000 ,  0.3252 ,
 -0.0399 ,  0.0005 ,  0.1582 , -0.7794 ,  0.5601 ,  0.9739 ,
 -0.0805 ,  0.0816 , -0.1596 , -0.1173 , -2.0094 ,  0.3270 ,
  0.0001 , -0.0405 ,  0.1587 ,  0.8314 ,  1.2530 ,  0.9739 ,
 -0.0413 , -0.1224 , -0.1588 , -1.3602 ,  0.5820 ,  0.3270 ,
 -0.0804 ,  0.0412 , -0.0009 ,  1.4888 , -1.3784 ,  0.3252 ,
 -0.0399 ,  0.0817 , -0.0006 ,  1.4270 ,  1.7882 ,  0.3252 ,
 -0.1219 , -0.1220 , -0.1596 ,  0.1903 , -0.1661 , -0.3234 ,
  0.0810 , -0.0405 ,  0.1588 , -0.7095 ,  1.3856 , -0.3170 ,
 -0.0008 , -0.0818 , -0.1585 ,  2.4523 , -0.6075 , -0.3235 ,
 -0.0401 , -0.0397 ,  0.1582 ,  0.0587 ,  2.4439 ,  0.3189 ,
 -0.0399 ,  0.0817 , -0.0006 , -0.1226 ,  1.1660 ,  0.6505 ,
 -0.0393 , -0.0395 ,  0.4757 ,  2.3997 ,  0.5515 , -0.6176 ,
 -0.0404 ,  0.0406 , -0.1591 , -0.0562 , -0.0715 ,  0.6522 ,
 -0.1610 ,  0.0415 , -0.0017 , -1.6098 ,  0.3628 ,  0.0000 ,
 -0.0796 ,  0.0420 ,  0.3165 ,  0.7077 ,  0.4848 ,  0.0002 ,
 -0.0812 , -0.0407 , -0.1594 , -0.7078 ,  0.5035 ,  0.3270 ,
 -0.1620 ,  0.0406 , -0.4776 ,  1.5042 , -0.8840 ,  0.6558 ,
  0.0395 , -0.0820 , -0.1581 ,  0.1275 ,  1.3222 ,  0.3270 ,
  0.0808 ,  0.0823 ,  0.3176 ,  0.6340 ,  1.9740 , -0.6444 ,
 -0.0399 ,  0.0817 , -0.0006 , -0.8975 ,  0.5437 ,  0.3252 ,
 -0.1611 , -0.0805 ,  0.3157 , -0.6570 , -0.2357 ,  0.3389 ,
  0.0407 ,  0.0813 ,  0.0003 , -1.6730 ,  0.6696 , -0.0000 ,
  0.1207 , -0.0413 ,  0.0013 ,  0.8352 ,  1.4411 , -0.6505 ,
 -0.0394 ,  0.0416 ,  0.3168 , -0.0709 , -0.0692 , -1.0026 ,
 -0.1219 , -0.0003 , -0.4771 , -1.5341 ,  0.4313 ,  0.6558 ,
 -0.0404 ,  0.0406 , -0.1591 ,  1.4933 ,  1.1730 , -0.3234 ,
 -0.1216 , -0.0000 , -0.3185 , -0.7641 ,  1.0542 ,  0.3288 ,
 -0.0798 , -0.0393 ,  0.4745 , -0.7200 ,  1.1300 , -0.3270 ,
 -0.0408 ,  0.0403 , -0.3178 , -0.8262 , -0.0722 , -0.3217 ,
  0.0405 ,  0.0406 ,  0.0003 , -0.0618 ,  0.6774 , -0.3253 ,
 -0.0813 , -0.0002 , -0.3181 ,  0.7853 ,  0.4950 ,  0.0036 ,
 -0.1205 ,  0.0009 ,  0.1574 , -0.7787 ,  1.0565 , -0.0018 ,
 -0.0008 ,  0.0398 , -0.4760 , -0.8217 ,  1.8568 ,  0.3306 ,
 -0.0409 ,  0.0808 , -0.4765 , -1.6576 ,  0.5415 ,  0.6558 ,
 -0.0410 , -0.0004 , -0.3177 , -0.7648 ,  1.1801 ,  0.0036 ,
 -0.0809 ,  0.0001 , -0.1594 ,  0.0056 ,  1.1179 ,  0.6523 ,
 -0.1622 , -0.1218 , -0.1600 , -0.5842 ,  1.6378 ,  0.0018 ,
  0.0408 ,  0.0406 ,  0.1596 , -0.8344 , -1.1880 , -0.3405 ,
 -0.0402 , -0.0403 ,  0.1576 , -0.7167 ,  0.5676 , -0.0032 ,
 -0.0804 ,  0.0412 , -0.0009 ,  1.4888 , -0.7560 ,  0.0000 ,
 -0.0809 ,  0.0001 , -0.1594 , -0.7693 , -0.7489 ,  0.3270 ,
  0.0402 ,  0.0403 , -0.1583 , -0.8318 ,  0.6766 ,  0.6522 ,
 -0.0002 , -0.0408 ,  0.0001 ,  2.3858 ,  2.4970 ,  0.3252 ,
 -0.1226 , -0.1226 , -0.4769 ,  1.7497 ,  1.0769 ,  0.3306 ,
 -0.0812 , -0.0407 , -0.1594 ,  0.0670 , -0.7411 ,  0.3270 ,
 -0.0405 , -0.0406 , -0.0003 ,  0.0618 ,  1.8117 ,  0.6505 ,
 -0.0007 , -0.0006 , -0.3173 ,  0.0098 ,  1.8653 ,  0.0036 ,
 -0.0416 , -0.1227 , -0.3174 ,  0.9693 ,  1.2035 ,  0.0036 ,
 -0.0408 ,  0.0403 , -0.3178 , -0.8262 , -0.0722 ,  0.3288 ,
  0.0004 ,  0.0815 , -0.0002 , -0.1229 ,  0.6066 ,  0.6505 ,
 -0.0804 ,  0.0412 , -0.0009 ,  0.7141 , -0.1337 ,  0.3252 ,
 -0.1202 , -0.0798 ,  0.4748 ,  0.1099 ,  0.4499 ,  0.2971 ,
  0.0005 , -0.0401 ,  0.3174 ,  1.6013 ,  1.2538 , -0.0036 ,
 -0.0802 ,  0.0819 , -0.0010 , -0.1222 ,  1.1030 ,  0.6505 ,
 -0.1608 ,  0.0011 ,  0.1570 , -0.0035 , -0.8732 , -0.0018 ,
 -0.0003 ,  0.0809 , -0.3174 , -0.1131 ,  1.2274 ,  0.9793 ,
 -0.0817 , -0.0818 , -0.3179 ,  0.9082 ,  0.5105 ,  0.0036 ,
 -0.0797 ,  0.0417 ,  0.3159 ,  2.2995 , -0.1410 , -0.0026 ,
 -0.1618 , -0.1215 , -0.0014 ,  0.9606 ,  1.0163 ,  0.3253 ,
  0.0406 ,  0.1218 , -0.1585 , -0.9547 , -2.4506 , -0.6487 ,
 -0.0003 , -0.0003 , -0.1586 ,  2.3295 ,  1.8661 ,  0.0018 ,
 -0.0810 , -0.0811 , -0.0007 ,  0.8984 , -0.7326 ,  0.3252 ,
 -0.1646 , -0.1629 ,  0.1564 , -2.0798 , -1.4864 , -0.3478 ,
  0.0006 ,  0.0411 ,  0.1586 , -0.0664 ,  0.6152 ,  0.3234 ,
 -0.0404 ,  0.0406 , -0.1591 ,  2.2682 ,  0.5508 ,  0.3270 ,
 -0.0410 , -0.0004 , -0.3177 ,  0.0101 ,  0.5578 ,  0.0036 ,
 -0.0409 , -0.0409 , -0.1590 , -0.7082 , -0.0559 ,  0.6522 ,
 -0.0398 ,  0.1629 , -0.1593 , -1.7904 , -0.7172 ,  0.0018 ,
  0.0407 ,  0.0813 ,  0.0003 , -0.8982 ,  2.5364 , -0.3253 ,
  0.1209 , -0.0006 ,  0.0012 , -0.7759 ,  0.8110 , -0.0000 ,
 -0.1211 , -0.0402 , -0.0011 , -2.2623 ,  0.4413 ,  0.0000 ,
 -0.0799 , -0.0392 ,  0.3169 ,  0.8273 ,  1.1272 ,  1.2783 ,
 -0.0414 , -0.0820 , -0.3175 ,  2.4575 , -0.6711 ,  0.3288 ,
 -0.1608 ,  0.0011 ,  0.1570 ,  0.7712 , -1.4956 ,  0.3235 ,
 -0.0409 , -0.0409 , -0.1590 , -2.2581 ,  0.5664 ,  0.3270 ,
  0.0806 , -0.0004 ,  0.0008 , -0.0007 ,  0.1258 , -0.0000 ,
 -0.0809 ,  0.0001 , -0.1594 , -0.7693 , -0.1266 ,  0.3270 ,
 -0.1207 ,  0.0413 , -0.0013 , -0.0604 ,  1.6701 ,  0.3253 ,
 -0.0397 , -0.0400 ,  0.4747 ,  2.3752 , -1.9160 ,  0.6353 ,
 -0.1209 ,  0.0006 , -0.0012 ,  0.7758 , -0.1888 ,  0.6505 ,
 -0.0004 , -0.0815 ,  0.0002 , -2.2019 , -2.4736 ,  0.6504 ,
 -0.0401 ,  0.0410 , -0.0005 , -0.8360 ,  1.1737 ,  0.3252 ,
  0.0394 , -0.0416 , -0.3168 ,  0.0709 ,  1.9361 ,  0.0036 ,
  0.0007 ,  0.0006 ,  0.3173 , -0.0098 ,  0.6237 , -0.0036 ,
 -0.1615 ,  0.0817 , -0.3190 ,  2.2126 ,  0.9757 ,  0.6541 ,
 -0.0412 , -0.0412 , -0.3176 , -0.7033 , -0.6789 ,  0.6541 ,
 -0.0809 ,  0.0813 , -0.3182 , -0.1124 ,  1.1016 , -0.3217 ,
 -0.1621 , -0.0406 , -0.3188 ,  0.0726 ,  0.3769 ,  0.9793 ,
 -0.0005 ,  0.0401 , -0.3174 , -0.0517 ,  1.8576 ,  0.0036 ,
  0.0404 , -0.0406 ,  0.1591 ,  0.0562 ,  0.0715 ,  0.6255 ,
 -0.2004 ,  0.0019 ,  0.4739 , -0.0129 , -0.9347 , -0.0053 ,
 -0.0416 , -0.0415 , -0.4762 , -2.2482 ,  1.8094 ,  0.6558 ,
  0.0799 , -0.0010 , -0.3165 , -1.5407 , -0.4980 , -0.3217 ,
 -0.0807 ,  0.0408 , -0.1595 , -0.0559 , -0.1344 , -0.3234 ,
 -0.1205 ,  0.0009 ,  0.1574 , -0.0039 ,  1.0565 , -0.6522 ,
  0.0001 , -0.0405 ,  0.1587 , -0.7183 ,  0.0086 , -0.6523 ,
 -0.0404 ,  0.0406 , -0.1591 , -0.0562 , -0.0715 ,  0.3270 ,
 -0.0402 ,  0.0814 , -0.1592 , -0.1177 ,  0.5430 ,  0.3270 ,
 -0.2024 , -0.0404 , -0.3192 ,  0.0730 ,  0.3140 ,  0.0036 ,
 -0.1209 ,  0.0006 , -0.0012 ,  0.7758 ,  0.4335 ,  0.0000 ,
 -0.0001 , -0.1624 ,  0.3176 ,  0.2360 ,  1.2772 ,  0.6469 ,
 -0.0799 , -0.2016 ,  0.1592 ,  0.3033 ,  1.1720 , -0.3231 ,
 -0.1216 , -0.0000 , -0.3185 ,  1.5604 ,  1.0542 , -0.3217 ,
 -0.1212 ,  0.0003 , -0.1599 ,  0.0059 ,  0.4328 ,  0.0018 ,
 -0.0001 ,  0.0405 , -0.1587 ,  1.4931 ,  1.2359 ,  0.3270 ,
 -0.0415 , -0.1632 , -0.1587 ,  1.0259 , -0.6548 ,  0.6522 ,
 -0.0403 ,  0.0002 , -0.0004 ,  0.0003 ,  1.1816 ,  0.3252 ,
 -0.0812 , -0.0407 , -0.1594 ,  0.0670 ,  0.5035 , -0.3234 ,
 -0.0817 , -0.0818 , -0.3179 ,  0.9082 , -0.7340 ,  0.3288 ,
 -0.0811 ,  0.0405 , -0.3182 , -0.0510 , -0.1352 ,  0.0036 ,
 -0.0400 ,  0.0816 ,  0.1573 , -1.6828 , -0.6938 ,  0.3239 ,
 -0.0405 , -0.0406 , -0.0003 ,  0.8366 , -0.6775 ,  0.0000 ,
 -0.0800 , -0.0396 ,  0.3165 ,  0.0540 ,  0.5048 ,  0.6103 ,
 -0.0411 , -0.0817 , -0.1589 , -0.6467 ,  0.5742 ,  0.3270 ,
 -0.1612 ,  0.0008 , -0.0016 ,  0.0014 ,  0.3706 ,  0.0000 ,
  0.0407 ,  0.0406 ,  0.1583 ,  3.0974 ,  0.0447 ,  0.3197 ,
 -0.0806 ,  0.0004 , -0.0008 ,  1.5503 , -0.1259 , -0.6505 ,
 -0.1612 ,  0.0008 , -0.0016 ,  0.7762 ,  0.3706 ,  0.6505 ,
 -0.0407 , -0.0813 , -0.0003 , -2.2014 , -0.0473 ,  0.0000 ,
 -0.0411 , -0.0817 , -0.1589 ,  0.1282 , -0.0480 ,  0.0018 ,
 -0.0806 ,  0.0004 , -0.0008 , -0.7742 ,  1.1186 ,  0.3252 ,
 -0.0396 ,  0.0008 ,  0.3169 , -0.0094 , -1.3062 ,  0.6469 ,
 -0.1195 ,  0.0830 ,  0.4746 , -0.1365 , -0.2022 ,  0.6723 ,
  0.0004 ,  0.0815 , -0.0002 , -0.1229 ,  1.2288 ,  0.3252 ,
 -0.2415 , -0.1608 ,  0.4741 ,  1.0038 , -0.9697 ,  0.9764 ,
  0.0001 , -0.0405 ,  0.1587 ,  0.8314 ,  0.6308 ,  0.9739 ,
 -0.0816 , -0.1222 , -0.1592 ,  1.7395 , -0.7255 ,  0.0018 ,
 -0.0416 , -0.0415 , -0.4762 ,  1.6262 ,  1.8094 , -0.3199 ,
 -0.0805 ,  0.0410 ,  0.1579 , -0.8379 , -0.7545 ,  0.0002 ,
 -0.2021 , -0.1213 , -0.0018 ,  0.9609 ,  0.3311 ,  0.3253 ,
 -0.0806 ,  0.0416 ,  0.1572 , -0.0633 ,  1.1131 ,  0.6463 ,
 -0.1219 , -0.1220 , -0.1596 ,  1.7399 , -0.1661 ,  0.3270 ,
 -0.0810 , -0.0811 , -0.0007 ,  0.8984 ,  1.1343 ,  0.0000 ,
 -0.0409 , -0.0409 , -0.1590 ,  0.8415 ,  0.5664 ,  0.0018 ,
 -0.0804 ,  0.0412 , -0.0009 , -0.0608 , -0.7560 ,  0.6505 ,
 -0.0003 , -0.0003 , -0.1586 ,  0.0049 ,  1.8661 ,  0.0018 ,
 -0.0812 , -0.1219 , -0.0006 , -1.3647 , -0.1024 ,  0.0000 ,
 -0.1217 , -0.0813 , -0.1597 ,  0.1288 ,  1.6929 ,  0.3270 ,
  0.0802 , -0.0007 , -0.1578 , -2.3205 ,  1.9919 ,  0.6522 ,
 -0.0404 ,  0.1219 , -0.3179 , -2.4990 , -1.3325 ,  0.0036 ,
 -0.1202 ,  0.0012 ,  0.3161 , -0.7836 , -0.8096 ,  0.3217 ,
 -0.1616 , -0.0808 , -0.0015 , -0.6506 ,  1.0084 ,  0.6505 ,
  0.0802 , -0.0819 ,  0.0010 , -0.6527 ,  0.1415 , -0.0000 ,
  0.0000 ,  0.0000 ,  0.0000 ,  0.0000 ,  1.2446 ,  0.0000 ,
 -0.0411 , -0.0817 , -0.1589 ,  0.1282 ,  0.5742 ,  0.3270 ,
  0.0004 ,  0.0815 , -0.0002 ,  0.6519 , -0.0156 ,  0.0000 ,
 -0.1610 ,  0.0415 , -0.0017 , -0.8349 , -0.2595 ,  0.3253 ,
 -0.0395 ,  0.0413 ,  0.3166 , -0.8443 , -0.0669 , -0.0009 ,
 -0.1213 , -0.0810 , -0.0011 ,  0.8987 ,  0.4491 ,  0.3253 ,
 -0.0400 ,  0.0411 ,  0.1572 , -0.8430 ,  0.5464 , -0.0035 ,
 -0.0002 , -0.0408 ,  0.0001 , -1.4883 , -0.6145 , -0.6505 ,
 -0.1210 , -0.0396 ,  0.1556 , -1.5021 ,  1.6727 ,  0.3457 ,
 -0.0001 , -0.0812 ,  0.1588 , -0.6568 ,  0.6386 , -0.3270 ,
 -0.0403 ,  0.0002 , -0.0004 ,  0.7751 ,  0.5593 ,  0.6505 ,
 -0.1195 ,  0.1238 ,  0.3160 ,  1.3706 ,  0.3994 , -0.3096 ,
 -0.0409 , -0.0409 , -0.1590 ,  0.0667 ,  1.1887 ,  0.0018 ,
 -0.0401 ,  0.0410 , -0.0005 , -0.8360 ,  1.1737 ,  0.3252 ,
 -0.0403 ,  0.0002 , -0.0004 ,  0.7751 ,  1.1816 , -0.3252 ,
 -0.0010 , -0.0009 , -0.4759 ,  1.5643 , -1.2469 ,  0.3306 ,
 -0.0815 , -0.0410 , -0.3180 , -0.7029 , -0.1195 ,  0.0036 ,
 -0.0396 ,  0.0008 ,  0.3169 , -0.7843 , -0.0614 , -0.0036 ,
 -0.1202 ,  0.0012 ,  0.3161 , -0.7836 ,  0.4350 ,  0.3217 ,
 -0.0812 , -0.0407 , -0.1594 ,  0.0670 , -0.7411 ,  0.6522 ,
 -0.0798 ,  0.0418 ,  0.1577 ,  0.7046 , -0.7518 , -0.3329 ,
 -0.0007 , -0.0006 , -0.3173 , -0.7651 ,  1.2430 ,  0.6541 ,
 -0.0809 ,  0.0001 , -0.1594 ,  0.0056 ,  1.1179 , -0.6487 ,
 -0.1209 ,  0.0006 , -0.0012 , -0.7738 ,  2.3002 ,  0.0000 ,
 -0.0806 ,  0.1231 ,  0.1572 ,  0.5794 ,  1.7115 ,  0.6380 ,
 -0.0802 ,  0.0007 ,  0.1578 ,  0.7706 ,  1.7418 , -0.0018 ,
 -0.1209 ,  0.0006 , -0.0012 ,  0.0010 ,  1.6780 ,  0.3253 ,
  0.0402 ,  0.0403 , -0.1583 ,  0.7179 ,  0.6766 ,  0.3270 ,
 -0.0413 , -0.0007 , -0.4763 , -0.7599 , -1.3099 ,  0.0053 ,
 -0.1619 ,  0.0002 , -0.3189 ,  0.7860 ,  0.9914 ,  0.6541 ,
 -0.1211 , -0.0402 , -0.0011 ,  0.0625 ,  1.0636 ,  0.0000 ,
 -0.1615 ,  0.0005 , -0.1603 ,  0.0063 ,  0.3699 ,  0.0018 ,
 -0.0806 ,  0.0004 , -0.0008 , -0.7742 ,  0.4964 , -0.6505 ,
 -0.1599 ,  0.0423 ,  0.4749 , -0.0771 , -1.5032 , -0.3446 ,
 -0.1212 ,  0.0003 , -0.1599 ,  0.7807 , -0.8118 ,  0.0018 ,
 -0.1211 , -0.0402 , -0.0011 , -1.4873 ,  1.0636 , -0.3252 ,
  0.0405 ,  0.0406 ,  0.0003 , -0.8367 ,  0.0551 ,  0.3252 ,
 -0.0002 , -0.0408 ,  0.0001 , -1.4883 ,  1.2524 ,  0.6504 ,
 -0.0808 ,  0.0410 ,  0.1559 , -1.6307 ,  0.4779 ,  0.0067 ,
 -0.0806 ,  0.0004 , -0.0008 ,  0.7755 , -0.7482 , -0.3252 ,
 -0.0814 , -0.0815 , -0.1593 , -1.4213 , -0.1110 ,  0.3270 ,
 -0.0005 ,  0.0401 , -0.3174 , -0.0517 ,  0.6129 ,  0.0036 ,
 -0.0810 , -0.0811 , -0.0007 ,  0.1236 ,  1.1343 ,  0.0000 ,
 -0.0410 , -0.0004 , -0.3177 ,  0.7850 ,  2.4246 ,  0.3288 ,
 -0.1218 , -0.0408 , -0.3184 ,  0.8470 ,  1.0621 ,  0.3288 ,
 -0.1221 ,  0.0401 , -0.6358 , -0.0409 ,  1.0450 ,  0.3324 ,
 -0.0813 , -0.0002 , -0.3181 ,  1.5601 ,  1.7395 ,  0.3288 ,
 -0.0398 , -0.0398 ,  0.3162 , -0.7110 ,  1.1948 , -0.3265 ,
 -0.1610 ,  0.0415 , -0.0017 , -0.0601 ,  0.9851 , -0.3252 ,
 -0.1207 ,  0.0413 , -0.0013 , -0.0604 , -0.1966 ,  0.3253 ,
 -0.0810 , -0.0811 , -0.0007 ,  1.6732 , -1.9773 ,  0.3252 ,
  0.0798 , -0.0822 , -0.1577 ,  1.6767 ,  0.7629 , -0.3235 ,
 -0.0004 , -0.0815 ,  0.0002 ,  0.1229 ,  0.6379 ,  0.6504 ,
 -0.2013 ,  0.0417 , -0.0021 ,  0.7151 ,  0.2999 , -0.3252 ,
  0.0391 , -0.1636 , -0.1579 ,  0.2504 , -0.5289 ,  0.0018 ,
 -0.1613 ,  0.1225 , -0.3191 ,  0.6016 ,  0.9679 ,  0.3288 ,
 -0.0399 ,  0.0005 ,  0.1582 ,  0.7703 ,  0.5601 , -0.0018 ,
  0.0006 ,  0.0411 ,  0.1586 ,  1.4833 , -0.0071 , -0.0018 ,
 -0.0002 , -0.0408 ,  0.0001 ,  0.0615 , -1.2368 , -0.3253 ,
 -0.0398 ,  0.0406 ,  0.1589 ,  1.5131 ,  1.7666 , -0.0191 ,
 -0.1208 , -0.1211 ,  0.1577 ,  0.1813 ,  0.4621 ,  0.9475 ,
 -0.0823 , -0.1228 , -0.4765 ,  0.1997 , -0.1047 ,  0.6558 ,
  0.0806 , -0.0004 ,  0.0008 ,  1.5489 ,  0.7481 , -0.0000 ,
 -0.0798 , -0.0796 ,  0.4749 ,  0.1123 ,  1.7645 ,  0.3149 ,
  0.0392 , -0.0011 , -0.4755 ,  0.0143 ,  0.6829 ,  0.3306 ,
 -0.0809 ,  0.0001 , -0.1594 , -0.7693 , -0.1266 ,  0.3270 ,
 -0.1219 , -0.1220 , -0.1596 , -0.5846 , -0.7884 , -0.6487 ,
 -0.1213 , -0.0810 , -0.0011 ,  1.6735 ,  1.6936 ,  0.6505 ,
 -0.0815 , -0.0410 , -0.3180 , -0.7029 ,  0.5027 ,  0.0036 ,
  0.0399 , -0.0005 , -0.1582 ,  0.7794 ,  1.3067 , -0.3235 ,
 -0.1619 ,  0.0002 , -0.3189 ,  0.0112 , -0.2532 ,  0.3288 ,
 -0.1610 , -0.0393 ,  0.1570 ,  0.0601 ,  1.0079 , -0.0010 ,
 -0.0812 , -0.0407 , -0.1594 ,  1.6166 ,  1.7480 ,  0.3270 ,
 -0.1617 , -0.0403 , -0.1602 ,  1.6174 , -0.2446 ,  0.0018 ,
 -0.0005 ,  0.0401 , -0.3174 , -0.8266 ,  0.6129 ,  0.6541 ,
 -0.0823 , -0.1228 , -0.4765 , -0.5751 ,  1.1398 ,  0.0053 ,
 -0.0419 , -0.0418 , -0.6349 ,  0.8562 ,  0.5641 ,  0.9828 ,
 -0.0413 , -0.1224 , -0.1588 ,  0.1896 ,  1.2042 ,  0.3270 ,
 -0.1213 , -0.0810 , -0.0011 ,  1.6735 ,  0.4491 ,  0.3253 ,
 -0.0806 ,  0.0004 , -0.0008 ,  0.7755 ,  0.4964 ,  0.3252 ,
  0.0403 , -0.0002 ,  0.0004 ,  0.7745 ,  0.0629 ,  0.3252 ,
  0.0808 , -0.0814 ,  0.3185 ,  0.1116 , -0.4825 , -0.0056 ,
 -0.0013 , -0.0417 , -0.4758 , -0.6988 , -0.6168 ,  0.0053 ,
 -0.0413 , -0.1224 , -0.1588 , -1.3602 ,  1.2042 , -0.9740 ,
 -0.0803 ,  0.1224 , -0.1597 , -0.1788 , -0.1500 , -0.3234 ,
 -0.1205 ,  0.0009 ,  0.1574 ,  1.5458 ,  2.3011 , -0.0018 ,
 -0.1216 , -0.0000 , -0.3185 ,  1.5604 ,  1.0542 ,  0.0036 ,
 -0.0810 , -0.0404 ,  0.1561 , -1.5085 ,  0.4958 ,  0.6461 ,
  0.0806 , -0.0004 ,  0.0008 , -3.1002 ,  1.3704 , -0.0000 ,
 -0.0814 , -0.0815 , -0.1593 ,  0.9033 , -0.7333 , -0.3234 ,
 -0.1211 , -0.0402 , -0.0011 , -0.7124 ,  0.4413 ,  0.6505 ,
 -0.0810 , -0.0811 , -0.0007 ,  1.6732 ,  0.5120 ,  0.9757 ,
  0.0390 , -0.1231 , -0.3166 ,  0.1938 , -1.1598 , -0.9722 ,
  0.0812 ,  0.0407 ,  0.1590 , -0.8477 ,  0.1223 , -0.0007 ,
 -0.0002 , -0.0408 ,  0.0001 ,  0.0615 , -0.6145 , -0.0000 ,
  0.0397 , -0.0413 , -0.1582 ,  0.8408 ,  2.5588 ,  0.3270 ,
 -0.1617 ,  0.0409 , -0.3190 ,  0.7245 ,  0.3613 ,  0.3288 ,
 -0.0009 , -0.0414 , -0.3172 ,  1.6209 ,  0.6286 ,  0.3288 ,
 -0.0003 , -0.0003 , -0.1586 , -0.7700 , -0.0007 , -0.9740 ,
 -0.0403 ,  0.0002 , -0.0004 , -0.7745 , -0.0629 , -0.3252 ,
 -0.0414 , -0.0820 , -0.3175 ,  0.1330 ,  1.1957 ,  0.3288 ,
 -0.2011 , -0.0797 ,  0.1570 ,  0.1214 ,  0.9562 , -0.0010 ,
 -0.0808 , -0.0404 , -0.0007 ,  0.8369 , -0.1180 , -0.3252 ,
 -0.0804 ,  0.0412 , -0.0009 , -0.8357 ,  1.7331 , -0.3252 ,
 -0.0004 , -0.0815 ,  0.0002 , -0.6520 , -0.6067 ,  0.3252 ,
  0.0813 ,  0.0002 ,  0.3181 , -0.0105 ,  1.9942 ,  0.6469 ,
 -0.0400 ,  0.1222 , -0.1593 , -0.9540 ,  1.1574 ,  0.6522 ,
 -0.1220 ,  0.1213 , -0.7946 , -0.1589 ,  0.4064 ,  0.6594 ,
 -0.1207 ,  0.0413 , -0.0013 , -0.0604 ,  1.6701 ,  0.6505 ,
 -0.0401 ,  0.0410 , -0.0005 ,  1.4885 ,  1.1737 , -0.3252 ,
  0.0002 ,  0.0408 , -0.0001 ,  1.4881 , -0.6302 ,  0.6505 ,
 -0.0405 , -0.0406 , -0.0003 , -0.7131 ,  1.8117 ,  0.6505 ,
  0.0397 , -0.0413 , -0.1582 ,  0.0660 ,  1.9368 , -0.9740 ,
 -0.0406 ,  0.0811 , -0.3178 ,  0.6620 ,  1.1645 ,  0.9793 ,
 -0.0812 , -0.0407 , -0.1594 ,  0.8418 ,  1.1257 ,  0.6522 ,
 -0.0002 , -0.0408 ,  0.0001 ,  0.0615 ,  1.8746 ,  0.3252 ,
 -0.0399 , -0.0402 ,  0.3158 , -1.5044 ,  0.5649 ,  0.3118 ,
 -0.0398 ,  0.0406 ,  0.1589 ,  2.3017 ,  2.3802 , -0.0195 ,
  0.0407 ,  0.0813 ,  0.0003 , -1.6730 ,  0.0473 , -0.0000 ,
 -0.0812 , -0.1219 , -0.0006 ,  2.5095 ,  1.7644 ,  0.6505 ,
 -0.1621 , -0.0406 , -0.3188 ,  0.0726 , -0.2454 ,  0.6541 ,
 -0.2016 ,  0.0414 , -0.1607 , -0.8297 , -0.3232 , -0.3234 ,
 -0.1219 , -0.0003 , -0.4771 ,  3.1150 ,  0.4313 , -0.3199 ,
 -0.1611 , -0.0398 ,  0.1578 ,  1.6396 ,  0.3647 ,  0.3187 ,
 -0.1612 ,  0.0008 , -0.0016 , -1.5484 ,  0.9929 , -0.3252 ,
 -0.1611 ,  0.0820 , -0.1604 ,  0.6582 ,  0.3542 ,  0.9775 ,
 -0.0411 , -0.0817 , -0.1589 ,  0.1282 , -0.6704 ,  0.3270 ,
  0.0007 ,  0.0006 ,  0.3173 ,  1.5399 ,  1.2460 ,  0.9722 ,
  0.0399 , -0.0817 ,  0.0006 ,  0.1226 ,  2.5676 , -0.6505 ,
 -0.2011 ,  0.0825 , -0.0022 , -0.1212 ,  0.9143 ,  0.6505 ,
  0.0001 , -0.0405 ,  0.1587 ,  0.8314 ,  1.2530 ,  0.6487 ,
  0.0409 ,  0.0408 ,  0.1586 , -0.8477 ,  0.0587 , -0.6405 ,
 -0.0395 ,  0.0417 ,  0.3166 , -0.0694 ,  0.5506 ,  0.3080 ,
 -0.0814 , -0.1627 , -0.0005 , -1.3032 ,  1.1499 ,  0.3252 ,
 -0.0001 ,  0.0405 , -0.1587 , -1.6064 ,  1.8582 ,  0.6522 ,
  0.0402 ,  0.0403 , -0.1583 , -0.8318 ,  1.2989 ,  0.6522 ,
 -0.0807 ,  0.0408 , -0.1595 , -1.6056 ,  0.4879 ,  0.6523 ,
 -0.0803 ,  0.1224 , -0.1597 , -0.9537 , -0.1500 ,  0.9775 ,
 -0.1207 , -0.0393 ,  0.1574 ,  0.0593 ,  1.6940 ,  0.3189 ,
 -0.1217 , -0.0813 , -0.1597 ,  0.1288 , -0.7962 ,  0.3270 ,
  0.0405 ,  0.0406 ,  0.0003 , -1.6116 ,  0.6774 ,  0.3252 ,
 -0.0398 , -0.0802 ,  0.1591 ,  0.8976 ,  1.8121 ,  0.3125 ,
  0.0383 , -0.0425 , -0.7927 , -0.6893 , -1.1777 ,  0.0089 ,
 -0.0793 ,  0.1229 ,  0.1570 ,  1.3811 , -1.3735 ,  0.6714 ,
 -0.0406 , -0.0001 , -0.1590 ,  0.0052 , -0.6860 , -0.6487 ,
 -0.0408 ,  0.0403 , -0.3178 , -0.0513 ,  0.5500 ,  0.0036 ,
 -0.0394 , -0.0394 ,  0.4749 , -0.7190 ,  1.1944 ,  0.6382 ,
 -0.1615 , -0.0808 ,  0.1564 , -0.6559 ,  0.3824 ,  0.3166 ,
 -0.1212 ,  0.0815 , -0.3186 ,  1.4375 ,  1.0387 ,  0.0036 ,
 -0.0811 ,  0.0405 , -0.3182 ,  2.2735 , -1.3798 ,  0.6541 ,
 -0.0411 , -0.0817 , -0.1589 ,  0.9030 ,  1.8187 ,  0.3270 ,
 -0.0806 ,  0.0004 , -0.0008 , -2.3241 ,  0.4964 ,  0.0000 ,
 -0.0009 , -0.0414 , -0.3172 ,  0.0712 ,  1.2508 ,  0.6541 ,
 -0.0804 , -0.0395 ,  0.1578 ,  0.0590 ,  1.1327 ,  0.3189 ,
 -0.0399 ,  0.0817 , -0.0006 , -0.1226 ,  1.7882 ,  0.3252 ,
 -0.0409 , -0.0409 ,  0.1574 , -2.2762 , -0.6769 , -0.0043 ,
 -0.0795 ,  0.0418 ,  0.3165 ,  0.7025 , -0.7526 ,  0.3199 ,
 -0.0811 ,  0.0405 , -0.3182 ,  1.4986 ,  1.1094 ,  0.0036 ,
 -0.0804 , -0.0399 ,  0.1578 ,  0.0583 ,  0.5068 , -0.0005 ,
 -0.0394 ,  0.0820 ,  0.1585 , -0.1278 , -0.6979 , -0.0035 ,
 -0.1208 , -0.1210 ,  0.1581 ,  0.9686 ,  0.4487 , -0.3144 ,
 -0.0813 , -0.0002 , -0.3181 , -0.7644 ,  0.4950 ,  0.6541 ,
  0.0396 , -0.0008 , -0.3169 , -0.7654 ,  0.0614 ,  0.3288 ,
 -0.1203 , -0.0395 ,  0.3163 ,  0.8245 , -0.8013 , -0.3396 ,
 -0.1207 ,  0.0413 , -0.0013 , -0.8353 , -0.1966 ,  0.6505 ,
 -0.1608 , -0.0391 ,  0.1575 ,  0.8427 ,  0.3721 ,  0.0039 ,
  0.0404 , -0.0408 ,  0.1590 ,  0.8411 ,  0.0672 ,  0.6368 ,
  0.0395 ,  0.0396 , -0.4756 ,  0.7277 ,  1.2973 , -0.3199 ,
 -0.1618 ,  0.0814 , -0.4777 , -0.8817 ,  0.9750 , -0.3199 ,
 -0.0399 ,  0.0408 ,  0.1573 ,  1.5097 , -0.6873 ,  0.3338 ,
  0.0011 ,  0.0821 ,  0.3171 , -0.9076 ,  0.6081 ,  0.6469 ,
 -0.0811 ,  0.0405 , -0.3182 ,  0.7238 ,  1.1094 ,  0.3288 ,
 -0.1627 , -0.0817 , -0.4774 , -1.4108 ,  0.3839 ,  0.0054 ,
 -0.0807 ,  0.0408 , -0.1595 , -0.0559 , -0.7567 ,  0.0018 ,
 -0.0808 , -0.0404 , -0.0007 ,  0.8369 , -1.3627 , -0.6505 ,
 -0.0797 ,  0.0417 ,  0.3165 , -0.0705 , -0.1322 ,  0.3351 ,
 -0.0395 , -0.0398 ,  0.4760 ,  0.0462 , -0.6769 , -0.0078 ,
 -0.0410 , -0.0004 , -0.3177 , -0.7648 , -0.0644 ,  0.0036 ,
 -0.0813 , -0.0002 , -0.3181 ,  0.0105 ,  0.4950 ,  0.3288 ,
 -0.0813 , -0.0002 , -0.3181 ,  0.0105 , -0.7497 ,  0.3288 ,
 -0.0003 ,  0.0809 , -0.3174 ,  0.6617 , -0.0171 ,  0.3288 ,
 -0.1217 ,  0.0404 , -0.4772 , -0.0457 , -0.1988 , -0.3199 ,
 -0.0801 , -0.0794 ,  0.3164 ,  0.1173 ,  2.3914 , -0.0024 ,
  0.0799 , -0.0010 , -0.3165 ,  0.0091 , -1.1203 ,  0.6540 ,
 -0.1614 , -0.0400 , -0.0015 , -2.2620 , -0.2439 ,  0.6505 ,
  0.0404 ,  0.0810 , -0.1584 , -1.6682 ,  1.2910 , -0.3235 ,
 -0.0008 , -0.0818 , -0.1585 ,  2.4524 ,  1.8816 ,  0.6522 ,
 -0.0812 ,  0.0810 , -0.4769 , -0.1076 ,  0.4786 ,  0.6558 ,
  0.0002 ,  0.0408 , -0.0001 , -0.0615 , -0.0078 , -0.6505 ,
 -0.0002 , -0.0408 ,  0.0001 ,  0.8362 ,  0.6301 ,  0.3252 ,
 -0.0805 ,  0.0816 , -0.1596 , -1.6671 ,  2.3468 ,  0.3270 ,
 -0.0404 ,  0.0406 , -0.1591 ,  0.7186 ,  0.5508 ,  0.0018 ,
 -0.0809 ,  0.0001 , -0.1594 , -1.5442 ,  1.1179 , -0.6487 ,
 -0.0396 ,  0.0824 ,  0.3172 ,  2.2362 ,  1.1317 ,  0.0094 ,
  0.0394 , -0.0416 , -0.3168 ,  0.0709 , -1.1754 , -0.9722 ,
 -0.0403 ,  0.0002 , -0.0004 ,  1.5500 ,  0.5593 , -0.3252 ,
 -0.0409 , -0.0409 ,  0.1574 , -2.2762 , -0.6769 , -0.0043 ,
  0.0414 ,  0.0419 ,  0.4760 ,  0.6995 ,  1.2947 ,  0.9499 ,
 -0.0816 , -0.0005 , -0.4767 , -1.5344 ,  1.7387 ,  0.3306 ,
  0.2018 , -0.0007 ,  0.1607 , -0.7815 ,  0.3153 , -0.0018 ,
 -0.0402 ,  0.0814 , -0.1592 ,  0.6571 , -0.0793 ,  0.3270 ,
  0.0798 , -0.0822 , -0.1577 ,  0.9019 ,  0.1407 , -0.6487 ,
 -0.0800 ,  0.1227 , -0.0010 ,  0.5911 , -0.7717 ,  0.3253 ,
 -0.2427 , -0.0402 , -0.3196 ,  0.0733 , -0.3712 ,  0.0036 ,
 -0.0799 ,  0.0010 ,  0.3165 , -0.0091 , -0.1243 ,  0.3217 ,
 -0.0802 ,  0.0007 ,  0.1578 ,  0.7706 ,  1.1194 , -0.6523 ,
 -0.0406 , -0.0001 , -0.1590 ,  2.3298 ,  1.1808 ,  0.0018 ,
 -0.0809 ,  0.0001 , -0.1594 ,  0.7804 , -0.1266 ,  0.0018 ,
 -0.0403 ,  0.0002 , -0.0004 ,  0.0003 ,  1.1816 ,  0.3252 ,
 -0.0802 ,  0.0819 , -0.0010 , -1.6720 , -0.7638 , -0.3252 ,
 -0.0802 ,  0.0007 ,  0.1578 ,  1.5454 ,  0.4972 , -0.3270 ,
 -0.0802 ,  0.0819 , -0.0010 , -1.6720 , -0.1415 ,  0.6505 ,
 -0.0406 ,  0.0811 , -0.3178 , -1.6626 ,  1.1645 ,  0.0036 ,
 -0.1218 , -0.0408 , -0.3184 , -0.7026 , -0.8048 ,  0.3288 ,
  0.0000 ,  0.0000 ,  0.0000 ,  1.5497 ,  1.2446 ,  0.3252 ,
 -0.1625 , -0.1221 , -0.3187 , -1.3542 ,  1.0148 ,  0.9793 ,
 -0.2017 , -0.0398 , -0.0019 , -0.7117 ,  1.5600 ,  0.3253 ,
  0.0403 , -0.0002 ,  0.0004 ,  0.7745 ,  0.0629 ,  0.3252 ,
 -0.0399 ,  0.0005 ,  0.1582 ,  0.7703 ,  1.1824 , -0.3270 ,
 -0.1205 ,  0.0821 , -0.0014 , -0.8967 ,  1.6624 ,  0.3253 ,
 -0.1212 ,  0.0003 , -0.1599 , -1.5438 ,  0.4328 ,  0.3270 ,
 -0.1210 ,  0.0410 , -0.1599 , -0.8304 ,  0.4250 ,  0.6523 ,
 -0.0813 , -0.0002 , -0.3181 ,  0.0105 ,  1.1171 ,  1.3045 ,
 -0.0009 , -0.0414 , -0.3172 ,  1.6209 ,  0.6286 ,  0.3288 ,
 -0.0004 , -0.0815 ,  0.0002 ,  0.8977 ,  0.6379 ,  1.3009 ,
  0.0008 ,  0.1631 , -0.0003 ,  0.5290 ,  0.5910 ,  0.0000 ,
  0.0406 ,  0.0001 ,  0.1590 , -0.7802 , -1.1810 , -0.3270 ,
 -0.1206 , -0.0393 ,  0.1574 ,  0.0593 ,  1.0699 ,  0.3188 ,
 -0.0808 , -0.0404 , -0.0007 ,  0.0621 , -1.3627 , -0.3252 ,
  0.1214 ,  0.1622 , -0.1577 , -1.0168 ,  1.4013 ,  0.0018 ,
 -0.1217 , -0.0813 , -0.1597 ,  0.9036 ,  0.4484 , -0.3234 ,
 -0.0806 , -0.0404 ,  0.1576 ,  2.4285 , -0.1231 , -0.6743 ,
 -0.1222 , -0.1223 , -0.3183 ,  0.9700 ,  1.0777 ,  0.3288 ,
 -0.0402 , -0.1621 ,  0.1588 ,  0.2430 ,  0.5978 ,  0.0003 ,
 -0.0405 , -0.0406 , -0.0003 , -1.4879 ,  1.8117 , -0.3252 ,
 -0.0812 ,  0.0810 , -0.4769 ,  1.4420 , -0.7660 ,  0.3306 ,
 -0.0813 , -0.0002 , -0.3181 ,  0.7853 ,  2.3615 ,  0.3288 ,
 -0.0413 , -0.0007 , -0.4763 , -0.7599 ,  0.5571 , -0.6451 ,
  0.0404 ,  0.0810 , -0.1584 , -0.1184 ,  0.0465 , -0.3235 ,
 -0.1205 ,  0.0009 ,  0.1574 , -0.7787 , -0.8103 ,  0.3235 ,
 -0.1213 , -0.0810 , -0.0011 , -1.4258 ,  0.4491 , -0.3252 ,
 -0.2018 ,  0.0007 , -0.1607 ,  0.0066 ,  0.9292 ,  0.3270 ,
 -0.0802 , -0.0399 ,  0.3169 ,  0.0519 , -0.7406 , -0.3425 ,
 -0.0808 , -0.0404 , -0.0007 ,  0.0621 ,  1.1265 ,  0.0000 ,
 -0.1615 ,  0.0817 , -0.3190 ,  0.6630 ,  0.3535 ,  0.3288 ,
 -0.0402 ,  0.0814 , -0.1592 , -0.1177 ,  0.5430 ,  0.3270 ,
 -0.1615 ,  0.0817 , -0.3190 ,  0.6630 , -0.8911 , -0.6469 ,
 -0.1206 , -0.0396 ,  0.1574 ,  0.8419 , -0.1814 , -0.0042 ,
 -0.0802 ,  0.0424 ,  0.4733 , -0.8259 ,  2.9895 , -0.3235 ,
 -0.0007 , -0.0006 , -0.3173 , -0.7651 ,  1.8653 ,  0.3288 ,
 -0.0006 , -0.0411 , -0.1586 ,  0.8412 ,  1.2515 ,  0.9775 ,
 -0.0409 , -0.1220 ,  0.1585 ,  0.1791 , -0.6688 , -0.0047 ,
  0.0806 , -0.0816 ,  0.1596 ,  0.1178 ,  0.1433 , -0.3086 ,
  0.0003 ,  0.0003 ,  0.1586 ,  0.7699 ,  0.0007 , -0.3270 ,
 -0.1211 , -0.0402 , -0.0011 ,  0.8373 , -1.4256 ,  0.0000 ,
 -0.0392 ,  0.0415 ,  0.4760 , -0.8443 , -1.3113 , -0.3360 ,
 -0.0399 ,  0.0005 ,  0.1582 , -0.0045 ,  0.5601 ,  0.3234 ,
 -0.0409 , -0.1221 , -0.0002 ,  0.9595 ,  1.8273 , -0.3252 ,
  0.0006 ,  0.0411 ,  0.1586 , -0.0664 ,  2.4820 ,  0.3234 ,
  0.0402 ,  0.0403 , -0.1583 ,  0.7179 ,  1.2989 ,  0.6522 ,
 -0.0803 , -0.0400 ,  0.3170 ,  0.0511 , -1.3679 , -0.3389 ,
  0.0006 ,  0.0411 ,  0.1586 ,  1.4833 ,  1.2375 ,  0.3234 ,
 -0.0408 ,  0.0403 , -0.3178 ,  0.7235 ,  2.4167 ,  0.3288 ,
 -0.0402 ,  0.0814 , -0.1592 , -1.6675 ,  1.1652 ,  0.0018 ,
 -0.1213 , -0.0810 , -0.0011 ,  0.8987 , -0.1731 ,  0.9757 ,
  0.0004 ,  0.0815 , -0.0002 ,  0.6519 , -0.0156 ,  0.0000 ,
 -0.1205 , -0.0394 ,  0.3170 ,  2.4263 ,  1.0313 ,  0.3274 ,
 -0.1620 , -0.1623 , -0.0013 ,  1.0220 ,  0.4018 ,  0.3253 ,
  0.0797 , -0.0418 , -0.3164 ,  0.0705 ,  1.3767 ,  0.6540 ,
  0.0399 , -0.0005 , -0.1582 ,  2.3291 ,  0.6844 ,  0.3270 ,
 -0.0399 ,  0.0005 ,  0.1582 ,  2.3198 , -0.0622 ,  0.3234 ,
 -0.1214 , -0.0405 , -0.1598 ,  0.0674 , -0.1817 ,  0.0018 ,
 -0.2011 , -0.0395 ,  0.3149 ,  2.4226 , -0.9243 , -0.0095 ,
 -0.0812 , -0.0407 , -0.1594 ,  0.8418 ,  1.1257 ,  0.0018 ,
 -0.0001 , -0.0812 ,  0.1588 , -0.6568 ,  0.6386 , -0.6523 ,
 -0.1204 , -0.0799 ,  0.3165 ,  0.8929 ,  0.4477 ,  0.6239 ,
 -0.1217 , -0.0813 , -0.1597 ,  0.1288 , -0.1739 , -0.6487 ,
 -0.0802 ,  0.0007 ,  0.1578 , -1.5540 ,  1.7418 , -0.0018 ,
 -0.1612 ,  0.0008 , -0.0016 ,  0.0014 , -0.2517 ,  0.3253 ,
 -0.0010 , -0.1226 , -0.1584 ,  0.9641 ,  1.8895 ,  0.0018 ,
 -0.0006 , -0.0411 , -0.1586 ,  0.8412 ,  0.6293 ,  0.3270 ,
  0.1216 ,  0.0000 ,  0.3185 ,  0.7640 ,  0.8125 ,  0.3217 ,
 -0.0399 ,  0.0817 , -0.0006 , -1.6723 , -0.7009 , -0.6505 ,
 -0.0407 , -0.0813 , -0.0003 ,  2.4477 ,  0.5749 ,  0.3252 ,
  0.0006 ,  0.0411 ,  0.1586 , -0.8412 ,  1.2375 , -0.3270 ,
 -0.1612 , -0.0399 ,  0.1573 ,  0.0572 , -0.8714 ,  0.6503 ,
 -0.0808 , -0.0404 , -0.0007 , -0.7128 ,  0.5042 ,  0.6505 ,
 -0.0809 ,  0.0001 , -0.1594 , -0.7693 ,  1.7402 ,  0.6523 ,
 -0.1202 ,  0.0012 ,  0.3161 , -0.0087 , -1.4320 , -0.3288 ,
 -0.0399 ,  0.0005 ,  0.1582 ,  1.5451 ,  0.5601 , -0.6523 ,
 -0.0405 , -0.0406 , -0.0003 ,  0.0618 ,  1.1894 , -0.6505 ,
 -0.1609 , -0.0800 ,  0.3148 , -0.6422 ,  1.6414 , -0.0016 ,
 -0.1204 , -0.0389 ,  0.1581 ,  0.8340 ,  1.6824 , -0.0091 ,
 -0.1622 , -0.1218 , -0.1600 ,  1.7403 , -0.2290 ,  0.0018 ,
 -0.0812 , -0.0407 , -0.1594 ,  0.0670 , -0.1188 ,  0.6522 ,
 -0.0802 ,  0.0819 , -0.0010 ,  0.6526 ,  1.7254 , -0.3252 ,
 -0.0812 , -0.1219 , -0.0006 , -0.5898 ,  1.7644 ,  0.3252 ,
  0.0397 , -0.0413 , -0.1582 ,  0.0660 ,  1.9368 ,  0.0018 ,
  0.0394 , -0.0416 , -0.3168 ,  0.0709 ,  1.9361 ,  1.3045 ,
  0.0003 ,  0.1220 , -0.1589 ,  0.5953 , -1.2689 ,  0.0018 ,
 -0.2015 , -0.1207 ,  0.1570 ,  0.1816 ,  0.3340 , -0.0003 ,
 -0.1211 , -0.0402 , -0.0011 ,  0.8373 ,  1.0636 ,  0.0000 ,
  0.0397 , -0.1225 ,  0.0006 , -1.3658 ,  0.0863 ,  0.9757 ,
 -0.1217 , -0.0813 , -0.1597 ,  0.1288 , -0.1739 , -0.3234 ,
 -0.0396 ,  0.0419 ,  0.3163 , -0.0692 ,  1.1749 ,  0.3168 ,
 -0.1193 ,  0.0019 ,  0.6335 ,  0.7551 , -0.1834 ,  0.6388 ,
 -0.0810 , -0.0811 , -0.0007 ,  1.6732 ,  0.5120 ,  0.3252 ,
 -0.0015 , -0.0825 , -0.4758 , -0.6373 ,  2.5024 ,  0.0053 ,
 -0.0001 ,  0.0405 , -0.1587 ,  2.2681 ,  0.6137 ,  0.9775 ,
 -0.1602 ,  0.0421 ,  0.3149 ,  2.2976 , -0.8709 , -0.0112 ,
 -0.0804 ,  0.0412 , -0.0009 , -1.6105 , -0.1337 ,  0.3252 ,
 -0.1217 , -0.0813 , -0.1597 , -0.6461 ,  0.4484 ,  0.3270 ,
 -0.0412 , -0.0412 , -0.3176 , -1.4782 , -0.6789 ,  0.6541 ,
 -0.1618 , -0.1215 , -0.0014 ,  2.5101 ,  1.0163 ,  0.3253 ,
  0.0813 ,  0.0002 ,  0.3181 ,  0.7643 ,  0.7496 , -0.3288 ,
 -0.0816 , -0.1222 , -0.1592 , -0.5849 ,  1.7636 , -0.3234 ,
  0.0006 ,  0.0411 ,  0.1586 , -0.0664 ,  1.2375 , -0.0018 ,
 -0.0810 , -0.0811 , -0.0007 ,  0.8984 , -1.3549 ,  0.6505 ,
 -0.1211 , -0.0402 , -0.0011 , -0.7124 , -0.1810 , -0.3252 ,
 -0.0396 ,  0.0414 ,  0.1580 ,  0.7066 , -0.6894 , -0.3340 ,
 -0.0413 , -0.0007 , -0.4763 , -2.3097 , -0.0652 ,  0.3306 ,
 -0.1217 , -0.0813 , -0.1597 , -0.6461 , -0.1739 , -0.3234 ,
 -0.1598 ,  0.0834 ,  0.3155 ,  1.4340 , -0.2675 ,  0.6677 ,
 -0.0016 , -0.0420 , -0.6345 ,  0.0810 , -0.6175 ,  0.3323 ,
  0.0403 , -0.0002 ,  0.0004 , -0.0003 ,  1.9298 ,  0.6504 ,
 -0.0800 , -0.1206 ,  0.1591 ,  0.9622 ,  1.7576 ,  0.6341 ,
  0.0401 ,  0.1221 ,  0.1578 , -0.1869 ,  1.2830 ,  0.0004 ,
 -0.0802 ,  0.0819 , -0.0010 , -0.8971 , -1.3862 , -0.3252 ,
  0.0412 ,  0.0412 ,  0.3174 , -0.8459 ,  0.0602 , -0.0016 ,
  0.0388 , -0.0826 , -0.4754 , -0.6376 ,  1.3207 ,  0.0053 ,
 -0.0813 , -0.0002 , -0.3181 , -1.5393 ,  0.4950 , -0.6469 ,
 -0.0400 , -0.0400 ,  0.1586 ,  0.8395 ,  0.5607 ,  0.0044 ,
  0.0003 ,  0.0003 ,  0.1586 , -0.7798 ,  0.0007 , -0.0018 ,
  0.0006 ,  0.0411 ,  0.1586 , -0.8412 ,  1.2375 , -0.3270 ,
 -0.0812 , -0.1219 , -0.0006 ,  3.2843 ,  0.5198 ,  0.0000 ,
 -0.1212 ,  0.0815 , -0.3186 , -0.1121 , -0.2059 ,  0.0036 ,
 -0.0425 , -0.0829 , -0.7935 , -2.1770 ,  1.8158 ,  0.0089 ,
 -0.1212 ,  0.0003 , -0.1599 , -0.7690 ,  0.4328 ,  0.6523 ,
 -0.0403 ,  0.0002 , -0.0004 , -0.7745 ,  1.1816 ,  0.0000 ,
 -0.0001 , -0.0812 ,  0.1588 ,  0.1180 ,  0.6386 , -0.6523 ,
 -0.0414 , -0.0820 , -0.3175 , -1.4168 , -1.2935 , -0.6469 ,
 -0.0812 , -0.0407 , -0.1594 , -0.7078 ,  1.7480 , -0.9740 ,
 -0.0008 , -0.0818 , -0.1585 ,  0.1278 , -0.6075 ,  0.3270 ,
 -0.0803 , -0.0397 ,  0.1582 ,  0.8405 ,  0.4979 ,  0.3242 ,
 -0.0810 , -0.0811 , -0.0007 ,  0.8984 , -0.1102 , -0.6505 ,
 -0.0010 , -0.0009 , -0.4759 , -1.5351 , -0.6246 ,  0.3306 ,
 -0.1207 ,  0.0413 , -0.0013 , -0.0604 , -2.0637 ,  0.0000 ,
 -0.1220 , -0.0816 , -0.3183 , -0.6411 , -0.1746 ,  0.0036 ,
 -0.0398 , -0.0803 ,  0.3168 ,  0.1159 ,  1.2036 ,  0.3159 ,
 -0.1605 ,  0.0014 ,  0.3157 ,  1.5412 , -0.8725 ,  0.3217 ,
 -0.0802 ,  0.0007 ,  0.1578 ,  0.7706 ,  0.4972 , -0.6523 ,
 -0.2020 , -0.0401 , -0.1606 ,  0.8429 ,  0.3147 ,  0.3270 ,
  0.0395 , -0.0820 , -0.1581 ,  0.9023 ,  1.3222 ,  0.6522 ,
 -0.0806 ,  0.0004 , -0.0008 , -0.7742 ,  0.4964 , -0.6505 ,
  0.0004 ,  0.0815 , -0.0002 , -0.8978 ,  1.2288 , -0.6505 ,
 -0.0401 ,  0.0410 , -0.0005 ,  0.7137 ,  0.5515 ,  1.3010 ,
  0.0003 , -0.0809 ,  0.3174 ,  0.8879 ,  0.6393 , -0.3288 ,
 -0.0816 , -0.1222 , -0.1592 ,  0.9648 ,  0.5191 ,  0.0018 ,
 -0.1220 , -0.0816 , -0.3183 ,  0.9085 , -0.7970 , -0.3217 ,
 -0.0397 ,  0.0413 ,  0.1582 , -0.0660 , -0.0700 ,  0.3372 ,
  0.0403 , -0.0002 ,  0.0004 ,  0.7745 ,  0.6852 ,  0.3252 ,
 -0.0408 ,  0.0403 , -0.3178 ,  1.4983 ,  1.1724 ,  0.0036 ,
 -0.0396 ,  0.0008 ,  0.3169 ,  0.7654 ,  1.8054 , -0.0036 ,
 -0.1209 ,  0.0006 , -0.0012 ,  0.7758 ,  0.4335 ,  0.0000 ,
 -0.0393 , -0.0392 ,  0.4759 ,  1.6060 ,  1.1838 ,  0.3234 ,
  0.0405 , -0.0401 ,  0.1590 ,  0.0580 ,  1.3215 , -0.0012 ,
 -0.0804 , -0.0395 ,  0.1578 ,  0.0590 ,  1.1327 ,  0.6389 ,
 -0.1210 ,  0.0410 , -0.1599 ,  0.7193 ,  0.4250 , -0.6487 ,
 -0.0799 , -0.0796 ,  0.3175 ,  1.6684 ,  1.7530 , -0.0036 ,
 -0.0804 , -0.0399 ,  0.1578 ,  0.0583 ,  0.5068 ,  0.6311 ,
 -0.0402 , -0.1214 ,  0.1586 ,  0.1814 ,  0.5897 , -0.6340 ,
 -0.0404 ,  0.0406 , -0.1591 , -0.8311 , -0.6938 ,  0.3270 ,
 -0.1620 , -0.0407 ,  0.1571 , -0.7084 , -0.8747 , -0.0041 ,
 -0.0801 ,  0.0409 ,  0.1586 ,  1.5133 ,  1.0906 , -0.0191 ,
 -0.0412 , -0.0412 , -0.3176 ,  1.6212 ,  1.1879 ,  0.0036 ,
  0.0403 ,  0.0410 ,  0.1584 , -0.0643 ,  1.9262 ,  0.3229 ,
 -0.1219 , -0.1220 , -0.1596 ,  0.9651 ,  1.7007 , -0.3234 ,
 -0.2413 , -0.0385 ,  0.1568 ,  0.8448 ,  0.2469 ,  0.0026 ,
 -0.1208 ,  0.1234 ,  0.1569 ,  0.5795 ,  1.6494 , -0.3274 ,
 -0.1209 ,  0.0006 , -0.0012 ,  0.7758 , -0.8111 ,  1.3010 ,
 -0.1207 ,  0.0413 , -0.0013 ,  0.7144 , -0.1966 , -0.3252 ,
 -0.0807 , -0.0406 ,  0.3176 , -0.7045 , -1.9986 ,  0.3164 ,
 -0.0408 ,  0.0403 , -0.3178 , -0.0513 ,  1.1724 ,  0.3288 ,
 -0.0409 ,  0.0808 , -0.4765 , -0.1079 ,  0.5415 ,  0.6558 ,
  0.0005 , -0.0401 ,  0.3174 ,  0.8265 ,  1.8761 ,  0.3217 ,
 -0.1615 ,  0.0005 , -0.1603 ,  0.0063 ,  0.3699 ,  0.3270 ,
  0.0001 ,  0.0812 , -0.1588 , -1.6679 ,  1.2282 ,  0.0018 ,
 -0.0413 , -0.1224 , -0.1588 , -0.5852 ,  1.2042 ,  0.3270 ,
 -0.0412 , -0.0412 , -0.3176 ,  0.0716 , -0.0566 , -0.3217 ,
 -0.1214 , -0.0405 , -0.1598 ,  0.8421 , -1.4263 ,  0.0018 ,
 -0.1209 ,  0.0006 , -0.0012 ,  0.7758 ,  0.4335 , -0.3252 ,
 -0.0404 ,  0.0406 , -0.1591 , -0.8311 , -0.0715 ,  0.0018 ,
 -0.0398 , -0.0805 ,  0.3163 , -0.6485 ,  1.2047 ,  0.3190 ,
 -0.0394 ,  0.0820 ,  0.1585 , -0.1278 , -0.6979 , -0.0035 ,
  0.1618 , -0.0812 ,  0.3184 , -0.6480 ,  1.5237 , -0.3261 ,
 -0.2011 , -0.0798 ,  0.3151 ,  1.6782 , -0.9156 ,  0.3146 ,
 -0.0398 ,  0.0423 ,  0.3172 ,  1.4758 ,  1.7869 , -0.3262 ,
 -0.0799 ,  0.0416 ,  0.3157 , -0.8412 ,  0.4876 ,  0.3121 ,
 -0.0814 ,  0.0402 , -0.4768 ,  2.2783 , -0.1359 ,  0.3306 ,
 -0.0409 , -0.0409 , -0.1590 , -0.7082 , -0.0559 ,  0.0018 ,
 -0.0806 ,  0.0004 , -0.0008 ,  0.0007 ,  1.1186 ,  0.3252 ,
  0.0386 , -0.1234 , -0.4753 , -0.5762 ,  1.3286 , -0.6451 ,
 -0.0002 , -0.0408 ,  0.0001 ,  0.0615 ,  0.0078 , -0.0000 ,
 -0.2432 , -0.0813 , -0.4782 ,  0.1397 ,  2.1248 , -0.3199 ,
  0.0001 , -0.0405 ,  0.1587 ,  0.0566 ,  1.8753 ,  0.3234 ,
 -0.0403 ,  0.0002 , -0.0004 ,  0.0003 , -0.0629 ,  0.9757 ,
 -0.0002 , -0.0408 ,  0.0001 ,  0.0615 ,  0.0078 , -0.3253 ,
  0.0003 ,  0.1220 , -0.1589 , -0.1795 ,  1.2203 ,  0.3270 ,
 -0.0003 , -0.0003 , -0.1586 ,  1.5545 , -1.8678 , -0.6487 ,
 -0.2020 , -0.0401 , -0.1606 , -0.7068 ,  0.9370 , -0.3234 ,
 -0.1217 , -0.0813 , -0.1597 , -1.4209 , -0.7962 , -0.3234 ,
  0.0399 , -0.0005 , -0.1582 ,  0.7793 , -0.5602 ,  0.3270 ,
 -0.0413 , -0.0007 , -0.4763 ,  0.0150 ,  0.5571 ,  0.6558 ,
 -0.0016 , -0.0420 , -0.6345 , -0.6938 ,  0.0048 ,  0.3323 ,
 -0.0396 , -0.1616 ,  0.1597 ,  1.0253 ,  1.8278 ,  0.6328 ,
  0.0017 , -0.0391 ,  0.7933 ,  0.8103 ,  0.0141 ,  0.6254 ,
  0.0007 ,  0.0006 ,  0.3173 ,  0.7650 ,  0.6237 ,  0.3217 ,
 -0.0806 , -0.0402 ,  0.1569 , -0.7082 ,  1.7524 ,  0.6543 ,
 -0.1217 ,  0.0404 , -0.4772 , -2.3706 ,  1.0456 ,  0.3306 ,
  0.0396 , -0.0008 , -0.3169 , -0.7655 ,  0.6837 ,  0.0036 ,
  0.0397 , -0.0413 , -0.1582 ,  0.0660 ,  0.0700 ,  0.0018 ,
 -0.0802 ,  0.0819 , -0.0010 ,  0.6526 , -0.1415 ,  1.3010 ,
 -0.1217 , -0.0813 , -0.1597 , -0.6461 , -0.1739 ,  0.3270 ,
 -0.1221 , -0.0411 , -0.4771 ,  0.8520 ,  1.0613 ,  0.0054 ,
  0.0409 ,  0.1221 ,  0.0002 ,  0.5901 ,  0.6618 ,  0.6504 ,
 -0.0409 , -0.0409 , -0.1590 ,  1.6163 , -0.0559 , -0.3234 ,
 -0.1617 , -0.0403 , -0.1602 ,  0.0677 ,  0.3777 ,  0.3270 ,
 -0.0809 ,  0.0001 , -0.1594 , -0.7694 ,  0.4957 ,  0.0018 ,
 -0.0002 , -0.0408 ,  0.0001 ,  0.8362 ,  0.0078 , -0.3253 ,
 -0.0007 , -0.0006 , -0.3173 ,  0.0098 ,  1.8653 ,  0.6541 ,
 -0.0006 , -0.1223 ,  0.0002 ,  0.9592 ,  0.0234 , -0.3253 ,
  0.0404 ,  0.1623 , -0.3172 , -1.0113 , -1.2145 , -0.3217 ,
 -0.0409 ,  0.0808 , -0.4765 , -0.1079 ,  0.5415 ,  0.9811 ,
  0.0401 , -0.0410 ,  0.0005 , -1.4887 ,  0.6930 ,  0.3252 ,
 -0.1617 , -0.0403 , -0.1602 ,  0.0677 ,  0.3777 ,  0.3270 ,
 -0.0001 ,  0.0405 , -0.1587 , -0.8315 ,  0.6137 ,  0.0018 ,
 -0.1202 , -0.1204 ,  0.4751 ,  0.9479 ,  0.4547 , -0.0012 ,
  0.0007 ,  0.0006 ,  0.3173 , -0.7847 ,  1.8682 , -0.0036 ,
  0.0006 ,  0.0411 ,  0.1586 , -0.0664 ,  1.2375 ,  0.3234 ,
 -0.0003 , -0.0003 , -0.1586 ,  0.7797 ,  1.2438 ,  0.0018 ,
 -0.1617 , -0.0403 , -0.1602 , -2.2571 ,  0.3777 ,  0.6523 ,
  0.1207 , -0.0413 ,  0.0013 ,  2.3847 , -1.0480 , -0.6505 ,
  0.0397 , -0.1225 ,  0.0006 ,  0.1840 ,  1.3309 ,  0.3252 ,
 -0.1207 , -0.0397 ,  0.1574 ,  0.0587 ,  0.4434 , -0.0005 ,
 -0.0806 ,  0.0004 , -0.0008 ,  0.0007 ,  0.4964 ,  0.3252 ,
 -0.0399 ,  0.0817 , -0.0006 ,  1.4270 ,  1.1660 ,  0.3252 ,
 -0.1217 ,  0.0404 , -0.4772 , -1.5956 , -0.8211 ,  0.6558 ,
 -0.0799 , -0.0393 ,  0.3171 ,  1.6151 ,  1.1134 ,  0.6488 ,
 -0.0812 , -0.0407 , -0.1594 , -1.4827 , -0.7411 ,  0.6522 ,
 -0.2015 , -0.0799 ,  0.1568 ,  0.9052 , -0.3027 ,  0.6586 ,
 -0.0006 , -0.1223 ,  0.0002 ,  0.9592 ,  0.0234 , -0.0000 ,
  0.0400 ,  0.0807 , -0.3170 , -1.6632 ,  0.6681 ,  0.3288 ,
  0.0008 ,  0.0818 ,  0.1585 , -0.1278 ,  0.6074 , -0.0018 ,
 -0.0806 ,  0.0004 , -0.0008 ,  0.7755 ,  1.1186 ,  0.0000 ,
  0.0798 , -0.0822 , -0.1577 ,  0.1271 ,  1.3852 ,  0.3270 ,
 -0.0405 , -0.0406 , -0.0003 ,  2.3864 ,  1.1894 , -0.6505 ,
 -0.0002 , -0.0408 ,  0.0001 ,  1.6110 ,  0.6301 ,  0.9757 ,
 -0.0399 ,  0.0005 ,  0.1582 ,  0.7703 ,  1.8046 ,  0.9739 ,
  0.0000 ,  0.0000 ,  0.0000 ,  0.0000 ,  0.6223 ,  0.3252 ,
 -0.0809 ,  0.0001 , -0.1594 ,  0.0056 ,  1.1179 ,  0.3270 ,
 -0.0401 , -0.0807 ,  0.1584 ,  0.1197 ,  0.5803 ,  0.3165 ,
 -0.0804 , -0.0807 ,  0.3165 , -0.6575 , -0.1081 , -0.3363 ,
 -0.2020 , -0.0401 , -0.1606 , -0.7068 ,  0.3147 ,  0.3270 ,
 -0.0398 ,  0.0409 ,  0.3166 , -1.6275 , -0.6828 ,  0.0076 ,
  0.0401 , -0.0410 ,  0.0005 , -0.7138 ,  0.6930 ,  0.6504 ,
  0.0397 , -0.1225 ,  0.0006 ,  0.9589 ,  0.7086 , -0.6505 ,
 -0.1207 ,  0.0413 , -0.0013 ,  1.4891 ,  1.0479 , -0.6505 ,
 -0.0404 ,  0.0406 , -0.1591 ,  2.2682 , -1.3161 , -0.3234 ,
 -0.1202 ,  0.0012 ,  0.3161 ,  1.5409 ,  0.4350 , -0.0035 ,
 -0.0403 ,  0.0002 , -0.0004 , -0.7745 ,  1.1816 ,  0.0000 ,
 -0.0808 , -0.0404 , -0.0007 ,  0.0621 ,  1.1265 ,  0.3252 ,
 -0.0811 ,  0.0405 , -0.3182 ,  2.2735 ,  1.1094 , -0.6469 ,
  0.0815 , -0.0806 ,  0.6353 , -0.6731 ,  0.1487 ,  0.6546 ,
 -0.0400 , -0.0807 ,  0.3171 ,  0.8929 , -0.0479 , -0.3296 ,
 -0.0801 , -0.0396 ,  0.3158 , -0.7110 ,  1.1313 ,  0.3184 ,
  0.0806 ,  0.0407 ,  0.1592 ,  0.7041 ,  1.9766 ,  0.6370 ,
 -0.0809 ,  0.0001 , -0.1594 ,  0.7804 ,  0.4957 ,  0.0018 ,
 -0.1219 , -0.0003 , -0.4771 , -1.5341 ,  0.4313 ,  0.0054 ,
 -0.0407 , -0.0813 , -0.0003 ,  1.6730 , -0.0473 ,  0.6505 ,
 -0.0401 , -0.0397 ,  0.1582 ,  0.0587 ,  2.4439 ,  0.3189 ,
 -0.1201 ,  0.1235 ,  0.1574 ,  0.5900 ,  0.4025 ,  0.3209 ,
 -0.0405 , -0.0406 , -0.0003 ,  0.8366 ,  1.8117 ,  0.3252 ,
 -0.0404 ,  0.0406 , -0.1591 ,  0.7186 ,  1.1730 ,  0.6522 ,
  0.0402 ,  0.0403 , -0.1583 ,  0.7179 ,  0.6766 ,  0.6522 ,
  0.0805 ,  0.0401 , -0.1579 ,  0.7176 ,  1.3617 ,  0.3270 ,
  0.0000 ,  0.0000 ,  0.0000 , -0.7748 ,  0.0000 ,  0.6505 ,
 -0.0809 ,  0.0001 , -0.1594 , -0.7693 ,  1.1179 ,  0.6523 ,
 -0.0004 , -0.0815 ,  0.0002 , -0.6520 ,  1.8825 ,  0.3252 ,
 -0.0404 ,  0.0406 , -0.1591 , -0.0562 ,  0.5508 ,  0.6522 ,
  0.0001 , -0.0405 ,  0.1587 ,  1.6062 ,  1.2530 ,  0.3234 ,
  0.0798 , -0.0822 , -0.1577 ,  0.1271 , -1.1040 ,  0.6522 ,
 -0.0808 , -0.0404 , -0.0007 , -0.7128 ,  0.5042 ,  0.3252 ,
  0.0402 ,  0.1215 , -0.3171 , -0.1749 , -1.2067 ,  0.3288 ,
  0.0403 , -0.0002 ,  0.0004 ,  2.3241 ,  0.0629 , -0.3253 ,
 -0.0791 ,  0.0427 ,  0.6333 , -0.0773 ,  1.1097 , -0.0044 ,
 -0.1209 ,  0.0006 , -0.0012 ,  0.7758 ,  1.0558 ,  0.3253 ,
 -0.2016 ,  0.0413 ,  0.1554 , -0.8444 ,  0.2881 ,  0.6339 ,
 -0.0013 , -0.0417 , -0.4758 , -0.6988 ,  0.6278 ,  0.6558 ,
 -0.0813 , -0.0002 , -0.3181 ,  0.7853 ,  1.7395 ,  0.0036 ,
 -0.1213 , -0.0810 , -0.0011 ,  0.1240 ,  1.6936 ,  0.6505 ,
 -0.1214 ,  0.0407 , -0.3186 ,  0.7241 , -0.1981 ,  0.3288 ,
 -0.1610 ,  0.0415 , -0.0017 ,  1.4896 ,  0.9851 ,  0.3253 ,
 -0.0813 , -0.0002 , -0.3181 , -2.3142 , -1.3720 ,  0.6541 ,
 -0.0405 , -0.0406 , -0.0003 ,  0.0618 ,  1.8117 ,  0.0000 ,
 -0.0403 ,  0.0002 , -0.0004 ,  0.0003 ,  1.8039 , -0.3252 ,
 -0.0806 ,  0.0004 , -0.0008 ,  1.5503 , -0.1259 ,  0.6505 ,
  0.0790 , -0.0424 , -0.6337 , -0.6946 ,  0.7529 ,  0.0071 ,
  0.0395 , -0.0820 , -0.1581 ,  0.1275 , -0.5445 ,  0.3270 ,
 -0.1217 , -0.0813 , -0.1597 , -1.4209 , -0.1739 ,  0.3270 ,
 -0.0402 ,  0.0417 ,  0.1582 ,  0.7055 ,  1.1687 ,  0.6371 ,
 -0.1219 , -0.1220 , -0.1596 ,  0.1903 ,  1.0784 ,  0.0018 ,
  0.0403 , -0.0002 ,  0.0004 , -0.7752 ,  0.0629 ,  0.3252 ,
 -0.1614 , -0.0400 , -0.0015 ,  1.6124 , -0.8662 ,  0.3253 ,
 -0.0398 , -0.1209 ,  0.4757 ,  0.1706 ,  0.5839 ,  0.2995 ,
 -0.2023 , -0.0809 , -0.1605 , -0.6453 ,  0.3225 ,  0.3270 ,
  0.0408 , -0.0402 ,  0.3173 , -0.7180 ,  0.6957 , -0.0044 ,
  0.0003 ,  0.0003 ,  0.1586 , -1.5546 ,  1.2452 , -0.3270 ,
 -0.0806 ,  0.0004 , -0.0008 ,  1.5503 ,  2.3631 ,  0.6505 ,
 -0.0403 ,  0.0002 , -0.0004 ,  0.7751 , -1.3076 , -0.3252 ,
 -0.0807 ,  0.0413 ,  0.1556 , -1.6245 ,  1.7178 ,  0.6690 ,
 -0.0812 , -0.0407 , -0.1594 ,  0.0670 ,  0.5035 ,  0.0018 ,
 -0.0805 ,  0.0825 ,  0.1575 ,  0.6422 ,  1.7202 ,  0.9596 ,
  0.0013 ,  0.0417 ,  0.4758 , -0.0761 , -0.0056 ,  0.3199 ,
 -0.0403 ,  0.0002 , -0.0004 ,  0.7751 , -1.3076 ,  0.3252 ,
 -0.1620 ,  0.0406 , -0.4776 ,  0.7294 ,  1.6050 ,  0.0054 ,
  0.0406 ,  0.0001 ,  0.1590 , -0.0052 ,  0.6859 , -0.0018 ,
 -0.0421 , -0.0826 , -0.6348 ,  0.9176 ,  0.5719 ,  0.3323 ,
 -0.0807 ,  0.0408 , -0.1595 ,  0.7189 , -0.1344 ,  0.0018 ,
 -0.1216 , -0.0000 , -0.3185 ,  0.7856 ,  1.6766 ,  0.0036 ,
 -0.0799 ,  0.0818 ,  0.3154 , -1.6938 , -0.1386 ,  0.3355 ,
 -0.0802 ,  0.0819 , -0.0010 , -0.1222 , -0.1415 ,  0.9757 ,
 -0.0005 ,  0.0401 , -0.3174 ,  0.7231 ,  1.2353 ,  0.6541 ,
 -0.1622 , -0.0002 , -0.4776 ,  0.0161 ,  0.9906 ,  0.3306 ,
 -0.0413 , -0.0007 , -0.4763 , -0.7599 ,  3.0460 ,  0.9811 ,
  0.0003 ,  0.0003 ,  0.1586 , -1.5547 , -1.2440 ,  0.3234 ,
 -0.0399 , -0.1208 ,  0.1589 ,  0.1809 ,  1.2155 , -0.0019 ,
 -0.0006 , -0.0411 , -0.1586 , -0.7085 , -1.2377 ,  1.3027 ,
  0.0402 , -0.0409 ,  0.3182 , -1.4960 , -1.1691 ,  0.0051 ,
  0.0001 , -0.0405 ,  0.1587 , -0.7183 ,  0.0086 , -0.0018 ,
 -0.0814 , -0.1627 , -0.0005 ,  1.0214 ,  0.5276 ,  0.0000 ,
  0.0800 , -0.0415 , -0.1578 ,  0.0657 ,  1.3775 ,  0.6522 ,
 -0.0001 , -0.0812 ,  0.1588 ,  1.6677 ,  1.2609 , -0.0018 ,
 -0.1218 , -0.0408 , -0.3184 , -0.7026 ,  1.0621 ,  0.0036 ,
  0.0011 ,  0.0821 ,  0.3171 ,  2.1918 ,  1.2303 ,  0.3217 ,
 -0.2019 , -0.0805 ,  0.1571 ,  0.1189 , -0.9287 , -0.0048 ,
 -0.0814 , -0.0815 , -0.1593 ,  0.1285 , -0.7333 ,  0.3270 ,
 -0.0813 , -0.0002 , -0.3181 ,  0.7853 ,  1.1171 ,  0.0036 ,
 -0.0404 ,  0.0406 , -0.1591 , -1.6060 ,  1.7953 ,  0.0018 ,
  0.0393 , -0.1228 , -0.1580 ,  0.9637 ,  1.9524 ,  0.3270 ,
 -0.0398 , -0.0802 ,  0.1591 ,  0.8976 ,  1.8121 ,  0.3125 ,
 -0.0397 , -0.0406 ,  0.1594 ,  1.6361 ,  1.1704 ,  0.6255 ,
 -0.0005 ,  0.0401 , -0.3174 , -0.0517 ,  1.8576 , -0.3217 ,
 -0.2021 , -0.1213 , -0.0018 ,  0.9609 ,  0.9534 ,  0.9757 ,
 -0.1220 , -0.0816 , -0.3183 ,  1.6834 , -0.1746 ,  0.3288 ,
 -0.0807 ,  0.0408 , -0.1595 , -0.0559 , -0.1344 ,  0.0018 ,
  0.0406 ,  0.0001 ,  0.1590 ,  1.5445 ,  1.3082 , -0.0018 ,
  0.0808 ,  0.0404 ,  0.0007 , -0.0622 ,  0.1180 , -0.3253 ,
 -0.0807 ,  0.0408 , -0.1595 , -3.1555 ,  1.1101 ,  0.3270 ,
 -0.0812 , -0.0407 , -0.1594 , -1.4827 ,  0.5035 , -0.3234 ,
 -0.0405 , -0.0406 , -0.0003 ,  0.0618 , -0.0551 ,  0.0000 ,
 -0.0418 , -0.0823 , -0.4762 , -0.6370 , -0.0495 ,  0.6558 ,
 -0.0404 ,  0.0406 , -0.1591 , -0.0562 , -0.0715 ,  0.3270 ,
  0.0009 ,  0.0414 ,  0.3172 ,  0.7036 ,  1.2382 ,  0.3217 ,
 -0.0814 , -0.1627 , -0.0005 ,  1.7962 , -0.0946 ,  0.0000 ,
 -0.0009 , -0.0414 , -0.3172 , -0.7037 , -0.6160 ,  0.6541 ,
 -0.0801 , -0.1206 ,  0.1585 ,  0.1811 ,  2.4003 ,  0.3172 ,
  0.0798 ,  0.0395 , -0.4752 , -0.8224 , -0.5066 ,  0.0053 ,
 -0.0808 , -0.0404 , -0.0007 ,  0.0621 , -0.7404 , -0.3252 ,
 -0.0400 , -0.0808 ,  0.1588 ,  0.9036 ,  0.5666 , -0.3155 ,
 -0.0016 , -0.0420 , -0.6345 ,  0.0810 , -0.6175 ,  0.6576 ,
 -0.0409 , -0.0409 , -0.1590 , -2.2581 ,  0.5664 ,  0.3270 ,
 -0.0393 ,  0.0821 ,  0.3165 , -0.9064 , -0.0747 , -0.0007 ,
 -0.0404 ,  0.1219 , -0.3179 ,  0.6005 ,  0.5344 , -0.3217 ,
 -0.0394 ,  0.0822 ,  0.3160 , -0.9039 ,  0.5427 ,  0.9482 ,
 -0.0416 , -0.1227 , -0.3174 ,  0.9693 , -0.6633 ,  0.0036 ,
  0.0001 , -0.0405 ,  0.1587 ,  0.0566 ,  1.8753 ,  0.6487 ,
  0.0809 , -0.0809 ,  0.1597 ,  0.1191 ,  1.3942 , -0.0015 ,
 -0.2420 , -0.0396 , -0.0023 ,  2.3878 ,  0.2526 ,  0.0000 ,
 -0.0416 , -0.1227 , -0.3174 , -0.5804 , -0.0410 ,  0.0036 ,
 -0.1613 ,  0.0412 , -0.1603 , -0.0552 , -0.8825 ,  0.3270 ,
  0.0406 ,  0.0001 ,  0.1590 ,  0.7696 , -1.1810 ,  0.3234 ,
  0.0397 , -0.0413 , -0.1582 ,  1.6156 ,  0.0700 ,  0.3270 ,
  0.0800 , -0.1227 ,  0.0010 ,  0.9585 ,  0.1493 , -0.3253 ,
 -0.0797 , -0.0796 ,  0.4755 ,  0.8850 ,  1.1317 ,  0.9489 ,
 -0.1615 ,  0.0005 , -0.1603 ,  1.5559 ,  0.9922 ,  0.0018 ,
  0.0000 ,  0.0000 ,  0.0000 , -0.7748 ,  0.0000 ,  0.0000 ,
 -0.0803 , -0.0805 ,  0.3167 ,  0.8881 , -0.7313 ,  0.6496 ,
 -0.1614 , -0.0400 , -0.0015 ,  0.0628 , -0.8662 , -0.3252 ,
 -0.1607 , -0.0795 ,  0.3156 ,  0.1184 ,  1.6411 ,  0.3173 ,
 -0.1197 , -0.0794 ,  0.6336 ,  0.8805 ,  0.4524 , -0.3146 ,
 -0.1215 , -0.1217 , -0.0010 ,  0.9602 ,  1.0792 ,  0.0000 ,
 -0.0809 ,  0.0001 , -0.1594 ,  0.7804 ,  1.1179 ,  0.6523 ,
 -0.0807 ,  0.0408 , -0.1595 ,  0.7189 ,  1.7324 ,  0.3270 ,
 -0.0808 , -0.0404 , -0.0007 ,  3.1613 ,  0.5042 ,  0.0000 ,
 -0.0002 , -0.0408 ,  0.0001 ,  0.0615 ,  1.2524 ,  0.3252 ,
 -0.0412 , -0.0412 , -0.3176 ,  0.0716 ,  0.5656 ,  0.0036 ,
 -0.0403 , -0.0810 ,  0.1583 ,  0.9049 , -0.0514 ,  0.3289 ,
 -0.0808 , -0.0404 , -0.0007 ,  2.3866 ,  1.1265 ,  0.0000 ,
 -0.0802 ,  0.0007 ,  0.1578 , -1.5540 ,  1.1194 , -0.3270 ,
  0.0793 , -0.1233 , -0.3162 , -0.5814 ,  0.1478 ,  0.3288 ,
 -0.1207 ,  0.0413 , -0.0013 ,  0.7144 ,  0.4257 ,  0.0000 ,
 -0.1209 ,  0.0006 , -0.0012 ,  0.0010 ,  2.9225 ,  0.9757 ,
 -0.1607 , -0.0392 ,  0.3157 ,  0.0534 ,  0.3781 , -0.3034 ,
 -0.1616 , -0.0808 , -0.0015 ,  0.1243 ,  0.3862 ,  0.6505 ,
  0.0403 , -0.0002 ,  0.0004 , -0.0003 ,  1.9298 ,  0.3252 ,
 -0.1219 , -0.1220 , -0.1596 ,  0.1903 , -0.7884 ,  0.3270 ,
 -0.1222 , -0.1223 , -0.3183 ,  0.1952 ,  0.4554 ,  0.0036 ,
 -0.0817 , -0.0818 , -0.3179 , -0.6415 , -1.3563 ,  0.6541 ,
 -0.0403 ,  0.0002 , -0.0004 ,  0.0003 ,  1.1816 ,  0.3252 ,
 -0.0811 ,  0.0405 , -0.3182 ,  2.2735 ,  0.4871 , -0.6469 ,
 -0.0802 ,  0.0007 ,  0.1578 , -0.0042 ,  0.4972 , -0.0018 ,
 -0.0403 ,  0.0002 , -0.0004 ,  0.0003 ,  1.1816 ,  0.6505 ,
 -0.0004 , -0.0815 ,  0.0002 ,  1.6725 , -0.6067 ,  0.6504 ,
 -0.0807 ,  0.0408 , -0.1595 ,  0.7189 , -1.3790 ,  0.9775 ,
 -0.0404 ,  0.0406 , -0.1591 , -1.6060 ,  0.5508 ,  0.3270 ,
  0.0001 , -0.0405 ,  0.1587 ,  1.6062 ,  0.6308 ,  1.2992 ,
 -0.0810 , -0.0811 , -0.0007 ,  0.1236 ,  2.3788 ,  0.6505 ,
 -0.0004 , -0.0815 ,  0.0002 ,  0.1229 ,  1.2602 , -0.6505 ,
 -0.1603 ,  0.0427 ,  0.3157 ,  0.7044 ,  0.9827 ,  0.3200 ,
 -0.0821 , -0.0821 , -0.4766 , -0.6366 ,  0.5098 ,  0.3306 ,
 -0.0401 ,  0.0410 , -0.0005 , -0.8360 ,  1.7961 ,  0.6505 ,
  0.0002 ,  0.0408 , -0.0001 ,  0.7133 ,  0.6144 ,  0.9757 ,
 -0.0406 ,  0.0811 , -0.3178 , -2.4374 ,  0.5422 ,  0.3288 ,
  0.0402 , -0.0410 ,  0.1587 ,  0.8356 , -0.5498 , -0.3365 ,
 -0.1608 , -0.0391 ,  0.1575 ,  0.8427 ,  0.3721 ,  0.3220 ,
 -0.0395 , -0.0393 ,  0.4746 , -0.7140 ,  1.8199 , -0.0048 ,
 -0.0411 , -0.0817 , -0.1589 ,  0.9030 , -0.6704 ,  0.3270 ,
 -0.0808 ,  0.0411 ,  0.1568 , -2.3973 , -0.7537 ,  0.3215 ,
  0.0809 , -0.0811 ,  0.1601 ,  0.8957 ,  1.9988 ,  0.9576 ,
 -0.0401 ,  0.0410 , -0.0005 , -0.8360 , -0.6931 ,  0.3252 ,
  0.0409 ,  0.1221 ,  0.0002 , -1.7345 ,  0.0395 ,  0.3252 ,
 -0.0009 , -0.0414 , -0.3172 ,  0.0712 ,  1.2508 ,  0.0036 ,
 -0.0810 , -0.0811 , -0.0007 , -1.4261 ,  0.5120 ,  0.3252 ,
  0.0000 ,  0.0000 ,  0.0000 , -0.7748 ,  1.8670 ,  0.9757 ,
 -0.0812 , -0.0407 , -0.1594 ,  0.8418 , -0.1188 ,  0.3270 ,
 -0.0403 ,  0.0002 , -0.0004 ,  0.7751 , -0.6853 ,  0.3252 ,
 -0.1601 ,  0.1232 ,  0.1568 ,  2.1832 , -0.2714 ,  0.6728 ,
 -0.0007 , -0.0006 , -0.3173 ,  0.7846 , -0.0015 ,  0.0036 ,
  0.0007 ,  0.0006 ,  0.3173 ,  0.7650 ,  0.6237 ,  0.9722 ,
  0.0003 ,  0.0003 ,  0.1586 , -0.0049 ,  1.2452 ,  1.2992 ,
 -0.0406 , -0.0001 , -0.1590 ,  1.5549 ,  1.1808 , -0.3234 ,
 -0.1208 , -0.0399 ,  0.1576 ,  0.0572 , -0.1806 ,  1.0414 ,
 -0.0818 , -0.0413 , -0.4766 , -1.4729 ,  0.5020 ,  1.3063 ,
 -0.0398 , -0.0400 ,  0.3170 ,  0.8265 , -0.6759 , -0.0096 ,
 -0.1212 ,  0.0003 , -0.1599 , -1.5439 , -0.1895 ,  0.0018 ,
 -0.0811 ,  0.0405 , -0.3182 , -0.8259 ,  0.4871 ,  0.6541 ,
 -0.2020 ,  0.0411 , -0.3194 , -1.5997 ,  0.9206 , -0.9722 ,
 -0.1198 ,  0.0015 ,  0.4747 ,  0.7612 ,  1.0580 , -0.0053 ,
 -0.1614 , -0.0400 , -0.0015 ,  0.0628 , -0.2439 , -0.3252 ,
 -0.0815 , -0.0410 , -0.3180 ,  0.0719 , -0.1195 , -0.3217 ,
 -0.0804 ,  0.0420 ,  0.1579 ,  0.7060 ,  1.1067 ,  0.6371 ,
  0.0000 ,  0.0000 ,  0.0000 , -2.3245 ,  0.6223 , -0.3252 ,
 -0.0008 , -0.0818 , -0.1585 , -1.4220 , -0.6075 ,  0.3270 ,
  0.0405 ,  0.0406 ,  0.0003 , -0.8367 ,  1.2996 ,  0.3252 ,
  0.0399 , -0.0005 , -0.1582 ,  0.0045 ,  1.9290 , -0.3235 ,
 -0.1219 , -0.0003 , -0.4771 , -0.7592 ,  1.0535 ,  0.3306 ,
 -0.1219 , -0.2032 , -0.0008 ,  1.8580 , -0.1497 ,  0.3252 ,
 -0.0813 , -0.0002 , -0.3181 , -0.7644 ,  0.4950 ,  0.3288 ,
 -0.0401 ,  0.0410 , -0.0005 , -0.8360 ,  1.1737 , -0.6505 ,
 -0.1609 , -0.0393 ,  0.1571 ,  0.8418 , -0.2440 ,  0.6665 ,
  0.0809 , -0.0001 ,  0.1594 ,  0.7692 ,  0.7488 ,  0.3234 ,
 -0.1217 , -0.0813 , -0.1597 ,  0.9036 ,  0.4484 ,  0.3270 ,
 -0.0404 ,  0.0406 , -0.1591 ,  0.7186 ,  1.1730 , -0.3234 ,
 -0.1615 ,  0.0005 , -0.1603 ,  0.7811 ,  0.3699 , -0.3234 ,
 -0.1216 , -0.0407 ,  0.1576 , -0.7103 , -0.8097 , -0.3310 ,
 -0.1209 , -0.0807 ,  0.1577 ,  0.1181 , -0.1725 , -0.3426 ,
 -0.1219 , -0.1625 ,  0.1579 ,  0.2407 , -0.7907 , -0.0048 ,
 -0.1615 ,  0.0005 , -0.1603 ,  0.0063 , -0.8748 , -0.3234 ,
 -0.0794 ,  0.0827 ,  0.3164 ,  0.6441 , -0.1411 ,  0.3229 ,
 -0.0802 ,  0.0007 ,  0.1578 , -0.0042 , -0.1251 , -0.0018 ,
 -0.0795 ,  0.0013 ,  0.4751 , -0.0140 ,  1.1209 ,  0.3199 ,
 -0.1622 , -0.1218 , -0.1600 ,  0.1906 , -1.4737 , -0.3234 ,
 -0.0408 ,  0.0403 , -0.3178 , -2.3761 , -1.9392 ,  0.0036 ,
 -0.0006 , -0.0411 , -0.1586 , -2.2583 ,  0.0071 ,  0.6522 ,
 -0.0807 ,  0.0413 ,  0.1556 , -1.6245 ,  1.7178 ,  0.0236 ,
 -0.0406 , -0.0001 , -0.1590 ,  1.5549 , -0.6860 , -0.3234 ,
 -0.0408 ,  0.0403 , -0.3178 , -0.0513 , -0.0722 ,  0.6541 ,
 -0.0811 ,  0.0405 , -0.3182 , -0.0510 ,  1.1094 , -0.3217 ,
 -0.0800 , -0.0396 ,  0.3163 ,  1.6211 , -0.1214 , -0.0045 ,
 -0.0395 , -0.0400 ,  0.3182 ,  2.4196 ,  1.7861 , -0.3372 ,
 -0.0402 ,  0.0814 , -0.1592 , -0.8925 , -0.7016 ,  0.3270 ,
 -0.0395 , -0.0396 ,  0.4753 , -0.7234 ,  0.5689 , -0.0048 ,
 -0.1214 ,  0.0407 , -0.3186 , -0.8255 , -0.1981 ,  0.6541 ,
 -0.0007 , -0.0006 , -0.3173 ,  0.0098 , -0.0015 , -0.3217 ,
 -0.0416 , -0.0415 , -0.4762 ,  0.0765 ,  1.1871 , -0.6451 ,
 -0.0001 ,  0.0405 , -0.1587 , -0.8314 ,  0.6137 , -0.3234 ,
  0.0001 ,  0.0812 , -0.1588 , -0.1180 , -1.2610 ,  0.3270 ,
 -0.1211 , -0.0402 , -0.0011 ,  0.0625 ,  1.6859 ,  0.3253 ,
  0.0000 ,  0.0000 ,  0.0000 ,  0.7748 , -0.6223 ,  0.3252 ,
  0.0394 , -0.0416 , -0.3168 ,  0.0709 ,  2.5581 ,  0.9793 ,
 -0.1210 , -0.0401 ,  0.1564 , -0.7081 ,  1.0662 ,  0.0059 ,
  0.0003 ,  0.0003 ,  0.1586 , -0.7798 ,  0.0007 ,  0.3234 ,
 -0.0413 , -0.0007 , -0.4763 ,  1.5647 ,  1.8016 ,  0.9811 ,
 -0.0004 , -0.0815 ,  0.0002 , -2.2019 , -0.6067 , -0.3253 ,
 -0.0405 , -0.0406 , -0.0003 , -0.7131 ,  0.5671 , -0.3252 ,
 -0.0396 ,  0.0008 ,  0.3169 ,  0.7653 ,  0.5608 ,  0.6469 ,
 -0.0802 ,  0.0007 ,  0.1578 , -1.5540 ,  0.4972 , -0.3270 ,
 -0.1610 ,  0.0415 , -0.0017 , -0.0601 ,  1.6073 ,  0.3253 ,
 -0.0013 , -0.0417 , -0.4758 ,  1.6258 ,  1.2500 ,  0.3306 ,
 -0.1625 , -0.1221 , -0.3187 ,  0.1955 , -0.2298 , -0.6469 ,
  0.0006 ,  0.0411 ,  0.1586 ,  1.4833 ,  1.2375 ,  0.9739 ,
 -0.0815 , -0.0410 , -0.3180 ,  0.8468 ,  0.5027 ,  0.3288 ,
 -0.1616 , -0.0808 , -0.0015 ,  0.8991 , -0.2361 , -0.3252 ,
  0.0007 ,  0.0006 ,  0.3173 , -0.7847 ,  0.6237 ,  0.3217 ,
  0.0000 ,  0.0000 ,  0.0000 ,  0.7748 ,  0.6223 ,  0.0000 ,
  0.0798 , -0.0822 , -0.1577 ,  0.9019 ,  0.7629 ,  0.0018 ,
  0.0009 , -0.0805 ,  0.6346 ,  1.6535 , -1.2267 , -0.0185 ,
  0.0001 ,  0.0812 , -0.1588 ,  0.6568 ,  0.6059 ,  0.9775 ,
 -0.0817 , -0.0818 , -0.3179 , -0.6415 , -0.7340 ,  0.3288 ,
 -0.0401 , -0.0400 ,  0.1582 ,  0.0581 ,  0.5703 , -0.0005 ,
  0.0003 ,  0.0003 ,  0.1586 ,  2.3195 , -1.2440 , -0.0018 ,
 -0.1612 ,  0.0008 , -0.0016 ,  0.0014 ,  0.3706 ,  0.3253 ,
  0.0405 ,  0.0406 ,  0.0003 , -3.1614 ,  0.6774 , -0.0000 ,
  0.0005 , -0.0401 ,  0.3174 ,  0.0517 , -1.2354 , -0.3288 ,
 -0.1209 , -0.0401 ,  0.1577 ,  0.0564 , -0.8078 ,  0.6513 ,
 -0.1202 ,  0.0012 ,  0.3161 ,  2.3157 ,  0.4350 , -0.3288 ,
 -0.0403 ,  0.0002 , -0.0004 ,  1.5500 ,  1.1816 ,  0.0000 ,
  0.0001 , -0.0405 ,  0.1587 ,  0.8314 ,  1.8753 ,  0.6487 ,
 -0.0006 , -0.1223 ,  0.0002 , -0.5905 ,  0.0234 ,  0.6504 ,
 -0.0401 ,  0.0410 , -0.0005 , -0.0611 , -0.0707 ,  0.0000 ,
 -0.0403 ,  0.0002 , -0.0004 ,  0.0003 ,  1.1816 ,  0.3252 ,
 -0.0404 ,  0.0406 , -0.1591 , -0.8311 , -0.0715 ,  1.3027 ,
 -0.0808 , -0.0404 , -0.0007 ,  0.8369 ,  0.5042 ,  0.0000 ,
  0.0007 ,  0.0006 ,  0.3173 ,  1.5399 ,  0.6237 ,  0.9722 ,
 -0.0405 , -0.0406 , -0.0003 , -0.7131 ,  0.5671 ,  0.3252 ,
 -0.0404 ,  0.0406 , -0.1591 ,  0.7186 ,  1.1730 ,  0.0018 ,
 -0.0405 , -0.0406 , -0.0003 ,  1.6114 ,  1.1894 ,  0.3252 ,
 -0.1205 ,  0.0821 , -0.0014 , -0.8967 , -0.8268 ,  0.3253 ,
 -0.0405 , -0.0406 , -0.0003 ,  0.8366 , -0.0551 , -0.3252 ,
 -0.1212 ,  0.0003 , -0.1599 ,  0.0059 , -0.1895 ,  0.6523 ,
 -0.0809 ,  0.0813 , -0.3182 , -1.6622 ,  0.4793 ,  0.0036 ,
 -0.0007 , -0.0006 , -0.3173 , -0.7651 , -1.2461 ,  0.3288 ,
 -0.0804 , -0.0395 ,  0.1578 ,  0.0590 ,  1.1327 ,  0.6389 ,
 -0.0806 , -0.0807 ,  0.3160 ,  1.6672 , -1.3523 , -0.0129 ,
 -0.0812 ,  0.0810 , -0.4769 ,  0.6673 ,  0.4786 ,  0.9811 ,
 -0.0410 , -0.0004 , -0.3177 , -0.7647 , -0.6868 ,  0.3288 ,
  0.0002 ,  0.0408 , -0.0001 , -0.0615 , -0.6302 ,  0.0000 ,
 -0.2010 , -0.1613 ,  0.3177 ,  2.6107 ,  1.5609 ,  0.3141 ,
 -0.1609 ,  0.0416 ,  0.3138 , -1.6243 ,  0.9750 ,  0.3138 ,
 -0.1205 ,  0.0009 ,  0.1574 , -0.0039 ,  0.4343 ,  0.6487 ,
 -0.0411 ,  0.0400 , -0.4764 , -3.1460 , -1.3177 ,  0.6558 ,
 -0.1212 ,  0.0003 , -0.1599 , -1.5438 ,  0.4328 ,  0.6523 ,
  0.0808 , -0.0405 ,  0.1598 ,  0.8316 ,  1.9926 ,  0.3133 ,
 -0.1612 ,  0.0008 , -0.0016 ,  0.0014 ,  0.3706 ,  0.0000 ,
 -0.1212 , -0.0405 ,  0.1570 , -0.7215 , -0.1823 ,  0.3428 ,
 -0.0007 , -0.0006 , -0.3173 , -1.5400 , -0.0015 ,  0.0036 ,
 -0.0401 , -0.0403 ,  0.1584 ,  0.0569 , -0.0543 , -0.0021 ,
 -0.0793 ,  0.0827 ,  0.3162 ,  1.4282 , -0.7565 , -0.3439 ,
  0.0393 , -0.1228 , -0.1580 , -0.5860 ,  1.9524 ,  0.0018 ,
 -0.0399 ,  0.0817 , -0.0006 , -0.1226 , -0.0785 , -0.3252 ,
 -0.0414 , -0.0820 , -0.3175 ,  0.1330 , -2.5382 , -0.3217 ,
  0.0008 ,  0.0818 ,  0.1585 ,  0.6470 ,  0.6074 , -0.3270 ,
 -0.1605 ,  0.0014 ,  0.3157 , -0.7833 ,  2.2389 ,  0.6469 ,
 -0.0417 , -0.0010 , -0.6350 , -2.3049 ,  1.1787 ,  0.0071 ,
 -0.0001 ,  0.0405 , -0.1587 , -0.8315 , -0.6309 ,  0.6522 ,
 -0.1213 , -0.0810 , -0.0011 ,  0.8987 ,  1.0713 ,  0.3253 ,
  0.0812 ,  0.1219 ,  0.0006 , -0.1851 ,  0.1024 ,  0.6504 ,
 -0.1614 , -0.0400 , -0.0015 ,  0.0628 , -0.2439 ,  0.6505 ,
 -0.2009 , -0.0790 ,  0.1577 ,  0.9002 ,  2.8022 ,  0.3126 ,
 -0.1616 ,  0.1634 ,  0.1553 , -0.2451 ,  2.2047 ,  0.0009 ,
 -0.1208 ,  0.1234 ,  0.1569 ,  0.5795 ,  1.6494 ,  0.3162 ,
 -0.1205 , -0.0394 ,  0.1578 ,  0.8417 ,  0.4353 ,  0.0043 ,
 -0.0399 ,  0.0817 , -0.0006 ,  0.6522 , -0.0785 ,  0.6505 ,
 -0.0412 , -0.0412 , -0.3176 , -0.7033 ,  1.1879 ,  0.6541 ,
 -0.1212 ,  0.0003 , -0.1599 , -0.7690 ,  0.4328 ,  0.3270 ,
  0.0401 , -0.0410 ,  0.0005 ,  0.0611 , -1.1739 , -0.0000 ,
 -0.1615 ,  0.0005 , -0.1603 ,  0.7811 ,  0.9922 ,  0.3270 ,
 -0.0013 , -0.0417 , -0.4758 ,  0.8509 , -1.2392 , -0.3199 ,
  0.1211 , -0.0818 ,  0.1603 ,  0.8967 ,  0.8215 ,  0.0004 ,
 -0.0415 ,  0.0397 , -0.6350 , -0.8165 ,  0.5485 , -0.3181 ,
 -0.1608 ,  0.0823 , -0.0018 ,  1.4281 ,  0.3550 ,  0.3253 ,
 -0.0407 , -0.0813 , -0.0003 ,  0.8981 ,  0.5749 ,  0.0000 ,
 -0.1207 ,  0.0413 , -0.0013 ,  1.4891 ,  1.6701 ,  0.0000 ,
 -0.0812 , -0.0407 , -0.1594 ,  1.6166 ,  1.1257 ,  0.0018 ,
 -0.0815 , -0.0410 , -0.3180 ,  0.0719 ,  0.5027 ,  0.3288 ,
 -0.1211 , -0.0402 , -0.0011 ,  0.0625 ,  0.4413 ,  0.0000 ,
 -0.0003 , -0.1220 ,  0.1589 , -1.3702 ,  0.6464 , -0.3270 ,
 -0.1619 ,  0.0002 , -0.3189 , -0.7637 ,  0.3691 ,  0.6541 ,
 -0.1198 ,  0.0015 ,  0.4747 ,  1.5359 ,  1.6804 ,  0.3199 ,
 -0.0401 , -0.0808 ,  0.1577 , -0.6454 ,  1.8274 ,  0.9774 ,
  0.0812 ,  0.1219 ,  0.0006 , -0.9599 ,  0.1024 ,  0.6504 ,
  0.1222 ,  0.0401 ,  0.3170 , -2.4217 ,  0.1924 ,  0.3202 ,
 -0.0399 ,  0.0817 , -0.0006 , -0.1226 ,  1.7882 ,  0.0000 ,
 -0.1212 ,  0.0003 , -0.1599 ,  0.7807 ,  1.0550 , -0.3234 ,
 -0.1202 , -0.0401 ,  0.1590 ,  1.6366 ,  1.0485 , -0.3407 ,
 -0.0416 , -0.1227 , -0.3174 , -0.5804 , -0.0410 ,  0.6541 ,
  0.0807 ,  0.0808 , -0.1580 , -0.1187 ,  0.1095 ,  0.0018 ,
 -0.0403 ,  0.0002 , -0.0004 , -2.3244 ,  0.5593 ,  0.0000 ,
 -0.0008 , -0.0818 , -0.1585 , -0.6471 ,  0.6371 , -0.3235 ,
 -0.1214 , -0.0405 , -0.1598 ,  0.0674 ,  1.6851 ,  0.3270 ,
 -0.0399 , -0.1208 ,  0.1589 ,  0.1809 ,  1.2155 ,  0.9555 ,
 -0.1209 , -0.0396 ,  0.1572 ,  0.8293 , -1.4239 ,  0.0041 ,
 -0.0397 ,  0.1225 , -0.0006 , -0.9589 , -0.0864 ,  0.3252 ,
 -0.0406 , -0.0001 , -0.1590 ,  0.7801 ,  1.1808 ,  0.3270 ,
 -0.1202 ,  0.0012 ,  0.3161 , -0.0087 ,  1.6796 , -0.0035 ,
 -0.0001 , -0.0812 ,  0.1588 ,  0.1180 ,  0.0164 ,  0.3234 ,
 -0.0410 , -0.0004 , -0.3177 ,  0.7850 , -0.0644 ,  0.0036 ,
 -0.0409 , -0.0409 , -0.1590 ,  1.6163 , -0.0559 ,  0.6522 ,
 -0.0001 ,  0.0405 , -0.1587 , -0.0566 ,  1.8582 ,  0.3270 ,
 -0.1212 ,  0.0815 , -0.3186 , -0.8870 ,  2.2832 ,  0.3288 ,
  0.0005 , -0.0401 ,  0.3174 ,  0.0517 ,  0.6316 ,  0.3217 ,
 -0.0800 ,  0.0415 ,  0.1578 , -0.0657 , -0.1325 , -0.0019 ,
 -0.1206 ,  0.1226 , -0.1601 ,  0.5964 ,  0.4093 ,  0.6523 ,
 -0.0403 , -0.1216 ,  0.3170 , -0.5967 , -0.0369 , -0.6662 ,
  0.0397 , -0.0413 , -0.1582 ,  1.6156 ,  0.6922 , -0.9740 ,
 -0.0809 ,  0.0001 , -0.1594 , -0.7693 , -0.1266 ,  0.3270 ,
 -0.0792 ,  0.0422 ,  0.4750 ,  1.4802 , -0.7504 ,  0.6559 ,
 -0.0808 ,  0.0411 ,  0.1568 , -2.3973 , -0.7537 ,  0.6494 ,
  0.0001 , -0.0405 ,  0.1587 ,  0.8313 ,  1.2530 , -0.3270 ,
 -0.0406 , -0.0001 , -0.1590 , -0.7697 , -0.0637 ,  0.3270 ,
 -0.1211 , -0.0402 , -0.0011 ,  0.0625 ,  1.6859 , -0.3252 ,
 -0.1220 , -0.0816 , -0.3183 ,  1.6834 ,  1.0699 ,  0.0036 ,
 -0.0810 , -0.0811 , -0.0007 , -0.6513 ,  2.3788 ,  0.3252 ,
 -0.0411 ,  0.0400 , -0.4764 ,  0.7284 ,  1.1715 , -0.3199 ,
 -0.0810 , -0.0811 , -0.0007 ,  0.1236 ,  0.5120 , -0.3252 ,
 -0.0812 , -0.1219 , -0.0006 ,  0.9598 ,  0.5198 ,  0.9757 ,
 -0.0794 ,  0.0424 ,  0.4746 , -0.0733 ,  1.1109 ,  0.3107 ,
 -0.0396 ,  0.0821 ,  0.3149 , -1.6853 ,  1.1574 ,  0.6364 ,
 -0.0401 ,  0.0410 , -0.0005 , -1.6109 , -0.6931 ,  0.3252 ,
  0.0401 , -0.0410 ,  0.0005 ,  0.0611 , -1.1739 ,  0.3252 ,
  0.0008 ,  0.0818 ,  0.1585 , -0.9027 ,  0.6074 ,  0.3234 ,
 -0.0803 , -0.0805 ,  0.3167 ,  0.1138 , -0.1087 , -0.0041 ,
 -0.1219 , -0.0003 , -0.4771 ,  0.7905 ,  1.0535 ,  0.3306 ,
 -0.1610 ,  0.0415 , -0.0017 , -0.8349 , -1.5041 , -0.9757 ,
 -0.1209 ,  0.0006 , -0.0012 , -1.5488 ,  2.3002 ,  0.3253 ,
 -0.0409 , -0.0409 , -0.1590 ,  0.8415 , -0.6782 ,  0.0018 ,
 -0.0396 ,  0.0008 ,  0.3169 , -0.0094 ,  1.1831 , -0.0036 ,
 -0.0409 , -0.0409 , -0.1590 ,  0.0667 ,  1.1887 ,  0.0018 ,
  0.0401 , -0.0410 ,  0.0005 ,  0.0611 ,  0.0707 ,  0.3252 ,
 -0.1610 ,  0.0415 , -0.0017 , -1.6098 ,  0.3628 , -0.3252 ,
 -0.0798 ,  0.0422 ,  0.3164 ,  0.7026 ,  1.1080 ,  0.3204 ,
 -0.0404 ,  0.0406 , -0.1591 , -1.6060 ,  1.1730 ,  0.0018 ,
  0.0808 ,  0.0404 ,  0.0007 , -0.8370 ,  0.1180 , -0.3253 ,
 -0.0808 , -0.0404 , -0.0007 , -1.4876 , -0.7404 , -0.6505 ,
 -0.1209 ,  0.0006 , -0.0012 ,  1.5506 ,  1.0558 ,  0.6505 ,
 -0.1205 ,  0.0009 ,  0.1574 , -0.0039 , -2.0550 , -0.0018 ,
 -0.1221 , -0.0411 , -0.4771 ,  0.0772 ,  1.0613 ,  0.0054 ,
  0.0000 ,  0.0000 ,  0.0000 ,  1.5497 ,  1.2446 , -0.3252 ,
  0.0002 ,  0.0408 , -0.0001 ,  1.4881 ,  0.6144 ,  0.6505 ,
 -0.1206 , -0.0396 ,  0.1574 ,  0.8419 , -0.1814 ,  1.0139 ,
  0.0402 ,  0.0403 , -0.1583 , -0.8318 , -0.5680 ,  0.3270 ,
 -0.0403 ,  0.0414 ,  0.1576 , -0.0637 ,  1.8004 , -0.6472 ,
 -0.0002 , -0.0408 ,  0.0001 ,  0.8362 ,  0.6301 , -0.3253 ,
 -0.0006 , -0.1223 ,  0.0002 ,  1.7339 ,  1.8903 ,  0.6504 ,
 -0.0817 , -0.0818 , -0.3179 ,  0.1334 , -0.7340 ,  0.3288 ,
  0.0003 , -0.0809 ,  0.3174 ,  0.8880 ,  0.0171 ,  0.9722 ,
 -0.0401 ,  0.0410 , -0.0005 ,  2.2635 , -0.6931 ,  0.3252 ,
 -0.1210 , -0.0396 ,  0.1556 , -1.5024 ,  1.0544 ,  0.9901 ,
 -0.0802 ,  0.0007 ,  0.1578 ,  2.3202 , -0.7474 , -0.0018 ,
  0.0000 ,  0.0000 ,  0.0000 ,  0.7748 ,  0.0000 , -0.3252 ,
  0.1212 , -0.0003 ,  0.1599 ,  1.5437 ,  0.1895 ,  0.3234 ,
 -0.1205 ,  0.0821 , -0.0014 , -0.8967 ,  0.4179 ,  0.9757 ,
 -0.1214 ,  0.0407 , -0.3186 , -0.0506 ,  0.4242 ,  0.0036 ,
 -0.1222 , -0.1223 , -0.3183 ,  0.1952 , -0.7891 ,  0.3288 ,
 -0.1208 , -0.0806 ,  0.1567 , -0.6444 ,  1.7001 ,  0.0056 ,
 -0.1213 ,  0.0412 ,  0.1553 , -1.6305 ,  0.4124 , -0.6328 ,
 -0.0812 , -0.0407 , -0.1594 ,  0.0670 , -0.1188 ,  0.0018 ,
 -0.0802 ,  0.0007 ,  0.1578 , -0.7791 , -0.1251 ,  0.6487 ,
 -0.0799 ,  0.0010 ,  0.3165 , -0.7840 ,  2.3648 , -0.0036 ,
 -0.1209 ,  0.0006 , -0.0012 ,  3.1002 ,  2.3002 ,  0.6505 ,
  0.0003 ,  0.0003 ,  0.1586 , -1.5547 ,  0.0007 ,  0.6487 ,
 -0.0808 , -0.0404 , -0.0007 ,  0.8369 , -0.7404 ,  0.6505 ,
 -0.1621 , -0.0406 , -0.3188 , -1.4771 , -0.2454 ,  0.3288 ,
 -0.0812 , -0.0407 , -0.1594 , -0.7078 , -0.1188 ,  0.0018 ,
 -0.0410 , -0.0004 , -0.3177 ,  1.5598 ,  1.8024 ,  0.6541 ,
 -0.1618 , -0.1215 , -0.0014 , -0.5891 ,  0.3940 ,  0.0000 ,
 -0.0399 ,  0.0821 ,  0.1577 , -0.1267 ,  0.5423 ,  0.3220 ,
 -0.1205 ,  0.0009 ,  0.1574 ,  0.7709 , -0.1880 ,  0.6487 ,
  0.0800 ,  0.0802 , -0.4752 , -2.4336 ,  0.7302 ,  0.9811 ,
  0.0799 , -0.0010 , -0.3165 ,  0.0091 ,  1.3689 ,  0.6540 ,
 -0.0812 , -0.0407 , -0.1594 , -0.7078 , -0.1188 , -0.3234 ,
 -0.0409 , -0.0409 , -0.1590 , -0.7082 ,  1.1887 ,  0.6522 ,
  0.0799 , -0.0010 , -0.3165 ,  0.0091 ,  0.1243 , -0.3217 ,
  0.0002 ,  0.0408 , -0.0001 ,  0.7133 ,  0.6144 ,  0.9757 ,
 -0.1210 ,  0.0410 , -0.1599 ,  0.7193 ,  0.4250 ,  0.6523 ,
 -0.1616 , -0.0396 ,  0.1550 , -1.5020 ,  0.9903 ,  0.0195 ,
 -0.0798 , -0.0809 ,  0.1595 ,  2.4856 ,  1.1194 ,  0.6255 ,
  0.0408 ,  0.0409 ,  0.1589 , -0.0667 ,  0.0559 ,  0.6361 ,
 -0.0411 , -0.0817 , -0.1589 , -1.4216 , -0.0480 ,  0.6522 ,
  0.0394 , -0.0416 , -0.3168 , -1.4790 ,  1.9361 ,  0.9793 ,
 -0.1192 ,  0.0831 ,  0.4749 ,  0.6354 , -0.8201 ,  0.3209 ,
  0.0416 ,  0.0823 ,  0.4757 , -0.9090 ,  0.6708 ,  0.6255 ,
 -0.2018 ,  0.0007 , -0.1607 , -0.7683 , -0.3153 ,  0.0018 ,
  0.0409 ,  0.1221 ,  0.0002 , -1.7345 ,  0.0395 ,  0.3252 ,
  0.0001 ,  0.0812 , -0.1588 ,  0.6567 ,  1.8504 , -0.6487 ,
  0.0406 , -0.0405 ,  0.1585 , -0.7148 ,  0.6971 ,  0.3202 ,
 -0.0397 , -0.1202 ,  0.3172 ,  0.1781 ,  2.4648 , -0.0027 ,
 -0.0806 ,  0.0004 , -0.0008 , -0.7742 , -0.1259 ,  0.9757 ,
  0.0399 , -0.0817 ,  0.0006 ,  0.1226 ,  0.0785 ,  0.6504 ,
 -0.0399 ,  0.0005 ,  0.1582 ,  0.7703 ,  1.1824 ,  0.3234 ,
 -0.0001 , -0.0812 ,  0.1588 ,  0.1180 ,  1.2609 ,  0.6487 ,
 -0.1205 ,  0.0821 , -0.0014 , -1.6717 , -0.2044 ,  0.3253 ,
  0.0810 ,  0.0811 ,  0.0007 , -0.1236 ,  1.3548 ,  0.6504 ,
 -0.0010 , -0.1226 , -0.1584 , -1.3605 ,  1.2672 ,  0.0018 ,
 -0.0399 ,  0.0005 ,  0.1582 ,  0.7703 , -0.6845 , -0.0018 ,
 -0.0396 ,  0.0415 ,  0.3162 , -0.8418 ,  0.5516 , -0.0043 ,
  0.0388 , -0.1639 , -0.3166 ,  1.0300 ,  0.7149 ,  0.0036 ,
 -0.1211 , -0.0402 , -0.0011 ,  0.0625 , -0.8033 ,  0.3253 ,
 -0.0806 ,  0.0004 , -0.0008 ,  0.7755 ,  1.7410 ,  0.3252 ,
 -0.0389 ,  0.1232 ,  0.3166 ,  1.3710 , -0.0900 , -0.0040 ,
 -0.0403 , -0.0810 ,  0.1583 ,  0.9049 , -0.0514 , -0.3330 ,
 -0.0816 , -0.1222 , -0.1592 ,  0.1900 , -0.1032 , -0.3234 ,
  0.0401 , -0.0410 ,  0.0005 , -1.4887 , -0.5516 , -0.6505 ,
 -0.0806 , -0.0403 ,  0.1581 ,  0.0561 , -0.7446 ,  0.3239 ,
 -0.0391 ,  0.1228 ,  0.3164 , -0.9684 , -0.0825 ,  0.3303 ,
  0.0399 , -0.0817 ,  0.0006 ,  0.8974 ,  0.7008 ,  0.3252 ,
 -0.1210 ,  0.0410 , -0.1599 , -0.0555 , -0.8196 ,  0.6523 ,
  0.0406 ,  0.0001 ,  0.1590 , -0.0052 ,  1.9305 ,  0.6487 ,
  0.0397 , -0.0413 , -0.1582 ,  0.0660 ,  0.6922 ,  0.3270 ,
 -0.1206 , -0.0399 ,  0.3160 , -0.7195 , -0.1798 ,  0.6734 ,
 -0.0802 ,  0.0007 ,  0.1578 ,  0.7706 , -0.1251 , -0.0018 ,
 -0.0798 , -0.0809 ,  0.1595 ,  1.6975 ,  1.7342 , -0.0196 ,
 -0.1206 , -0.0399 ,  0.3160 , -0.7195 , -0.1798 , -0.0012 ,
 -0.1217 , -0.0813 , -0.1597 ,  0.1288 ,  1.0706 ,  0.3270 ,
 -0.0403 ,  0.0002 , -0.0004 ,  1.5500 ,  0.5593 ,  0.0000 ,
 -0.0399 ,  0.0005 ,  0.1582 , -0.0045 ,  2.4269 ,  0.3234 ,
 -0.1211 , -0.0402 , -0.0011 ,  0.0625 , -0.1810 ,  0.3253 ,
 -0.0006 , -0.0411 , -0.1586 ,  1.6160 ,  1.2515 ,  0.3270 ,
 -0.1213 , -0.0810 , -0.0011 ,  0.8987 , -1.4178 ,  0.3253 ,
 -0.0403 ,  0.0002 , -0.0004 ,  0.0003 , -0.0629 , -0.3252 ,
 -0.0394 , -0.0391 ,  0.4751 ,  0.0502 ,  1.8181 , -0.0023 ,
 -0.0799 ,  0.0010 ,  0.3165 , -2.3340 ,  1.1202 , -0.0036 ,
 -0.0813 , -0.0815 ,  0.1565 , -2.2292 , -0.1133 , -0.6713 ,
 -0.0806 ,  0.0004 , -0.0008 , -1.5490 , -0.1259 ,  0.3252 ,
 -0.1613 ,  0.0824 ,  0.1560 , -0.1229 ,  3.4746 ,  0.3260 ,
 -0.1218 , -0.0815 ,  0.1577 , -0.6471 , -0.8040 , -0.3313 ,
 -0.0399 ,  0.0005 ,  0.1582 , -0.0045 ,  0.5601 , -0.0018 ,
 -0.0399 ,  0.0005 ,  0.1582 , -0.0045 ,  1.8046 ,  0.6487 ,
 -0.0405 , -0.0406 , -0.0003 ,  0.0618 , -1.2998 ,  0.0000 ,
 -0.0409 , -0.0409 , -0.1590 ,  0.8415 ,  0.5664 ,  0.0018 ,
 -0.1619 ,  0.0002 , -0.3189 ,  0.7860 ,  1.6137 ,  0.6541 ,
 -0.0803 , -0.0397 ,  0.1582 ,  0.8405 ,  0.4979 ,  0.3242 ,
 -0.0401 ,  0.0410 , -0.0005 ,  0.7137 , -0.0707 ,  0.3252 ,
 -0.0806 , -0.1213 ,  0.1581 ,  0.1810 ,  0.5253 ,  0.3166 ,
 -0.0412 , -0.0412 , -0.3176 ,  0.8464 ,  1.1879 ,  0.6541 ,
 -0.0798 , -0.0396 ,  0.4756 ,  0.0468 , -0.7403 ,  0.3381 ,
  0.0417 ,  0.0014 ,  0.6346 , -0.0169 ,  1.3077 ,  0.6180 ,
 -0.0806 ,  0.0004 , -0.0008 ,  0.7755 ,  0.4964 ,  0.0000 ,
  0.0394 , -0.0416 , -0.3168 ,  0.0709 , -1.1754 , -0.3217 ,
 -0.1209 ,  0.0006 , -0.0012 , -1.5488 , -0.1888 ,  0.6505 ,
 -0.0006 , -0.0411 , -0.1586 ,  0.8412 , -0.6153 ,  0.0018 ,
 -0.0813 , -0.0002 , -0.3181 , -1.5393 ,  0.4950 ,  0.9793 ,
 -0.0405 , -0.0406 , -0.0003 ,  1.6114 ,  1.1894 ,  0.9757 ,
 -0.0399 ,  0.0817 , -0.0006 , -0.1226 ,  0.5437 , -0.6505 ,
 -0.0399 ,  0.0005 ,  0.1582 ,  0.7703 ,  0.5601 , -0.6523 ,
 -0.0402 , -0.0808 ,  0.3170 ,  0.8809 , -1.2955 , -0.0115 ,
  0.0000 ,  0.0000 ,  0.0000 ,  0.0000 , -0.6223 ,  0.9757 ,
 -0.0399 ,  0.0817 , -0.0006 , -0.8975 ,  0.5437 ,  0.3252 ,
 -0.2015 , -0.0397 ,  0.1570 ,  0.0575 , -0.9346 ,  0.3222 ,
 -0.0002 , -0.0408 ,  0.0001 , -0.7134 ,  1.8746 ,  0.3252 ,
  0.0399 , -0.0817 ,  0.0006 ,  0.1226 ,  0.7008 , -0.3253 ,
 -0.0006 , -0.1223 ,  0.0002 ,  0.1844 ,  0.0234 , -0.6505 ,
 -0.0404 , -0.0406 ,  0.1567 , -1.5083 ,  0.5619 ,  0.6481 ,
 -0.0812 , -0.0407 , -0.1594 ,  0.0670 , -0.1188 ,  0.3270 ,
 -0.0403 ,  0.0002 , -0.0004 ,  1.5500 , -0.6853 ,  0.3252 ,
  0.0001 ,  0.0812 , -0.1588 ,  0.6568 , -0.0164 ,  0.3270 ,
  0.0802 , -0.0007 , -0.1578 ,  0.0042 ,  1.3696 ,  0.3270 ,
 -0.0406 , -0.0001 , -0.1590 ,  0.0052 , -0.0637 ,  0.0018 ,
 -0.0415 , -0.1632 , -0.1587 ,  1.8007 ,  0.5898 ,  0.3270 ,
 -0.0411 , -0.0817 , -0.1589 ,  0.1282 ,  0.5742 ,  0.0018 ,
 -0.0407 , -0.0813 , -0.0003 ,  2.4477 ,  1.1972 ,  0.0000 ,
 -0.0399 ,  0.0005 ,  0.1582 , -0.7794 , -0.6845 ,  0.3234 ,
 -0.0809 ,  0.0813 , -0.3182 , -0.1124 , -0.1430 ,  0.3288 ,
 -0.0405 , -0.0406 , -0.0003 ,  0.0618 ,  1.8117 ,  0.6505 ,
  0.0403 , -0.0002 ,  0.0004 , -0.0003 ,  0.0629 , -0.3253 ,
  0.0397 ,  0.0804 , -0.4757 , -2.4335 ,  1.2895 ,  0.3306 ,
 -0.0809 ,  0.0001 , -0.1594 , -1.5442 ,  1.1179 ,  0.3270 ,
 -0.1210 ,  0.1223 , -0.3187 ,  0.6013 ,  0.4086 ,  0.3288 ,
 -0.0804 ,  0.0412 , -0.0009 , -0.8357 , -0.1337 , -0.3252 ,
  0.0406 , -0.0402 ,  0.1595 ,  0.8321 ,  1.3100 ,  0.6358 ,
 -0.0003 ,  0.0809 , -0.3174 ,  0.6617 ,  1.2274 , -0.3217 ,
 -0.0011 , -0.0821 , -0.3171 , -0.6422 ,  0.6364 ,  0.3288 ,
 -0.0001 ,  0.0405 , -0.1587 , -0.8315 ,  0.6137 ,  0.3270 ,
 -0.0405 , -0.0406 , -0.0003 ,  0.8366 , -0.0551 ,  0.3252 ,
 -0.1200 ,  0.0421 ,  0.3159 , -0.0700 ,  0.4249 , -0.6128 ,
 -0.1212 ,  0.0415 ,  0.1550 , -2.4057 ,  1.0344 ,  0.6675 ,
 -0.0804 ,  0.0412 , -0.0009 , -0.8357 ,  1.7331 ,  0.0000 ,
 -0.0804 ,  0.0412 , -0.0009 , -0.0608 ,  0.4886 ,  0.3252 ,
 -0.0808 , -0.0404 , -0.0007 , -0.7128 , -0.7404 , -0.3252 ,
  0.0000 ,  0.0000 ,  0.0000 ,  0.7748 ,  1.2446 ,  0.0000 ,
  0.0002 ,  0.0408 , -0.0001 ,  1.4881 , -0.0078 ,  0.3252 ,
 -0.1209 , -0.0805 ,  0.1575 ,  0.9051 , -0.1769 , -0.0043 ,
 -0.0008 ,  0.0398 , -0.4760 , -0.8217 ,  1.2344 ,  0.0053 ,
 -0.0407 , -0.0813 , -0.0003 , -0.6516 , -0.6697 ,  0.3252 ,
 -0.0799 , -0.0800 ,  0.3173 ,  1.6790 ,  1.1215 , -0.3115 ,
  0.0003 ,  0.0003 ,  0.1586 ,  1.5447 ,  1.2452 ,  0.6487 ,
 -0.1218 , -0.0408 , -0.3184 , -0.7026 ,  0.4398 ,  0.9793 ,
 -0.0006 , -0.0411 , -0.1586 ,  1.6160 ,  0.6293 ,  0.6522 ,
  0.0396 , -0.0008 , -0.3169 ,  1.5590 ,  0.6837 ,  0.6540 ,
 -0.2015 ,  0.0010 , -0.0020 ,  0.7765 ,  0.9299 ,  0.6505 ,
 -0.0808 , -0.0404 , -0.0007 , -1.4876 ,  0.5042 ,  0.0000 ,
 -0.0401 ,  0.0410 , -0.0005 , -0.8360 , -0.6931 ,  0.3252 ,
 -0.1616 ,  0.1221 , -0.4777 , -0.9432 ,  0.9672 ,  0.0054 ,
 -0.0806 ,  0.0004 , -0.0008 ,  0.7755 ,  1.7410 ,  0.0000 ,
 -0.0399 ,  0.0005 ,  0.1582 , -0.7794 ,  0.5601 ,  0.3234 ,
 -0.0798 ,  0.1635 , -0.0011 , -0.2451 ,  1.7096 ,  0.6505 ,
 -0.0009 , -0.0414 , -0.3172 , -0.7037 ,  0.0063 , -0.3217 ,
 -0.0800 ,  0.0418 ,  0.1580 ,  0.7145 ,  0.4818 ,  0.0035 ,
 -0.0405 , -0.0406 , -0.0003 , -0.7131 , -1.2998 ,  0.3252 ,
 -0.0403 ,  0.0002 , -0.0004 , -0.7745 ,  1.1816 ,  0.3252 ,
  0.0793 , -0.1233 , -0.3162 ,  0.1935 ,  0.7700 ,  0.3288 ,
 -0.1614 , -0.0400 , -0.0015 ,  0.8376 ,  1.0006 ,  0.6505 ,
 -0.0003 , -0.0003 , -0.1586 ,  2.3295 ,  0.6215 ,  0.3270 ,
 -0.0806 , -0.1213 ,  0.1581 ,  0.1810 ,  0.5253 ,  0.3166 ,
  0.0396 , -0.0008 , -0.3169 , -1.5403 , -0.5609 ,  0.3288 ,
 -0.0397 , -0.0406 ,  0.1594 ,  2.4242 ,  1.1704 , -0.0196 ,
 -0.1212 ,  0.0003 , -0.1599 ,  0.7807 ,  0.4328 ,  0.6523 ,
 -0.1213 , -0.0810 , -0.0011 ,  0.1240 ,  1.0713 ,  0.3253 ,
 -0.2813 ,  0.0428 ,  0.1560 , -0.8433 , -1.0656 ,  0.6397 ,
 -0.1620 , -0.0811 , -0.1601 ,  0.9040 , -0.2368 ,  0.6523 ,
  0.1218 ,  0.0817 ,  0.3180 , -0.1315 ,  0.7939 , -0.0023 ,
 -0.0800 , -0.1611 ,  0.1589 ,  0.2421 ,  1.1619 ,  0.3175 ,
 -0.0392 ,  0.0418 ,  0.4752 , -0.8480 , -0.0666 ,  0.3285 ,
  0.0795 , -0.0825 , -0.3163 ,  0.1320 ,  0.7622 , -0.3217 ,
 -0.0814 , -0.1627 , -0.0005 , -0.5283 , -0.0946 ,  0.6505 ,
 -0.0816 , -0.0005 , -0.4767 ,  1.5650 ,  1.7387 ,  0.0054 ,
 -0.0406 , -0.0001 , -0.1590 , -1.5445 ,  0.5586 ,  0.3270 ,
 -0.0814 ,  0.0402 , -0.4768 , -0.8210 ,  0.4864 ,  0.0054 ,
 -0.0402 ,  0.0814 , -0.1592 , -0.8925 , -1.3240 , -0.9740 ,
 -0.0396 , -0.0396 ,  0.3175 ,  1.6138 ,  1.1758 , -0.3123 ,
 -0.0802 ,  0.0007 ,  0.1578 ,  0.7706 , -0.7474 , -0.3270 ,
 -0.0400 ,  0.0409 ,  0.1577 , -0.8469 , -0.0693 , -0.6639 ,
 -0.0814 , -0.0815 , -0.1593 ,  0.9033 ,  1.7559 ,  0.0018 ,
  0.0003 , -0.0809 ,  0.3174 ,  1.6627 ,  0.6393 , -0.3288 ,
 -0.1216 , -0.0000 , -0.3185 ,  0.7856 , -0.1903 , -0.3217 ,
  0.0399 , -0.0005 , -0.1582 ,  0.0045 ,  1.3067 ,  0.6522 ,
 -0.0403 ,  0.0002 , -0.0004 ,  0.7751 ,  0.5593 , -0.3252 ,
 -0.1217 ,  0.0404 , -0.4772 , -0.8206 ,  1.0456 ,  0.6558 ,
  0.0002 ,  0.0408 , -0.0001 , -3.9358 ,  0.6144 ,  0.0000 ,
 -0.0800 ,  0.1227 , -0.0010 ,  0.5911 ,  1.7175 , -0.6505 ,
 -0.0416 , -0.0415 , -0.4762 ,  0.8513 , -0.0574 ,  0.0053 ,
  0.0404 , -0.0406 ,  0.1591 ,  0.0562 ,  0.0715 , -0.6285 ,
 -0.1620 , -0.0811 , -0.1601 , -1.4206 , -0.2368 ,  0.3270 ,
 -0.1217 , -0.0813 , -0.1597 , -0.6461 , -0.1739 ,  0.6523 ,
  0.0003 , -0.0809 ,  0.3174 , -0.6618 , -0.6052 , -0.0036 ,
  0.0406 , -0.0404 ,  0.1584 , -0.7091 ,  1.3215 ,  0.3305 ,
  0.0399 , -0.0005 , -0.1582 , -1.5453 ,  0.6844 ,  0.0018 ,
 -0.0401 , -0.0809 ,  0.3173 ,  0.1127 , -0.6708 ,  0.6636 ,
  0.0804 , -0.0412 ,  0.0009 ,  0.0608 ,  1.3782 ,  0.3252 ,
 -0.0806 ,  0.0409 ,  0.1563 , -1.6301 , -0.1350 , -0.3336 ,
 -0.0002 , -0.0408 ,  0.0001 ,  0.8362 ,  1.8746 , -0.3253 ,
 -0.1610 ,  0.0415 , -0.0017 ,  1.4896 ,  0.3628 ,  0.3253 ,
 -0.1210 ,  0.0410 , -0.1599 , -2.3803 ,  0.4250 ,  0.3270 ,
 -0.0011 , -0.0821 , -0.3171 , -0.6422 ,  2.5030 ,  0.0036 ,
 -0.0807 ,  0.0408 , -0.1595 , -0.0559 ,  0.4879 ,  0.0018 ,
 -0.0409 , -0.0409 , -0.1590 ,  0.8415 , -0.0559 ,  0.0018 ,
 -0.1214 , -0.0405 , -0.1598 ,  0.8421 ,  1.6851 ,  0.0018 ,
 -0.1208 ,  0.0411 ,  0.1568 , -0.8456 , -0.1969 ,  0.3434 ,
 -0.1619 ,  0.0002 , -0.3189 , -1.5387 ,  0.3691 ,  0.0036 ,
 -0.0804 ,  0.0412 , -0.0009 , -0.8357 ,  1.1108 ,  0.3252 ,
  0.0399 , -0.0817 ,  0.0006 ,  1.6721 ,  2.5676 , -0.0000 ,
 -0.0806 ,  0.0004 , -0.0008 , -1.5490 ,  0.4964 ,  0.3252 ,
 -0.0406 , -0.0001 , -0.1590 ,  0.0052 , -1.3083 ,  0.3270 ,
 -0.0802 ,  0.0819 , -0.0010 ,  0.6526 , -0.1415 ,  0.6505 ,
 -0.0805 , -0.0401 ,  0.1580 ,  0.0568 , -0.1177 , -0.3471 ,
 -0.0800 , -0.0802 ,  0.3169 ,  0.8936 ,  0.5113 ,  0.6273 ,
  0.0004 ,  0.0815 , -0.0002 , -0.1229 ,  1.2288 ,  0.6505 ,
 -0.0404 ,  0.0406 , -0.1591 , -0.0562 ,  0.5508 ,  0.3270 ,
 -0.0412 , -0.0412 , -0.3176 ,  1.6212 ,  0.5656 ,  0.3288 ,
 -0.0409 ,  0.0808 , -0.4765 , -0.8828 ,  0.5415 ,  0.6558 ,
 -0.1617 , -0.0403 , -0.1602 ,  0.0677 ,  1.6222 ,  0.6523 ,
  0.0402 ,  0.1215 , -0.3171 , -0.1749 ,  0.0380 ,  0.0036 ,
  0.0012 ,  0.1634 ,  0.1583 , -1.8006 ,  1.8364 , -0.0018 ,
 -0.0802 ,  0.0007 ,  0.1578 ,  0.7706 ,  1.7418 ,  0.9739 ,
 -0.1202 , -0.0394 ,  0.4735 , -1.4959 ,  1.0641 , -0.0076 ,
 -0.0391 ,  0.0010 ,  0.6345 , -0.7915 , -1.3018 , -0.3417 ,
 -0.0810 , -0.0811 , -0.0007 ,  0.1236 ,  1.1343 ,  0.0000 ,
 -0.0810 , -0.0813 ,  0.1576 , -0.6595 , -0.1106 , -0.3382 ,
 -0.0812 , -0.0407 , -0.1594 ,  0.8418 ,  1.1257 , -0.6487 ,
 -0.1206 , -0.0396 ,  0.1574 ,  0.8419 , -0.1814 , -0.0042 ,
 -0.1218 , -0.0408 , -0.3184 ,  3.1714 ,  1.0621 , -0.3217 ,
 -0.0411 , -0.0817 , -0.1589 , -2.1965 ,  1.1965 ,  0.3270 ,
 -0.2022 ,  0.0003 , -0.3193 ,  0.7863 , -0.3161 ,  0.0036 ,
 -0.0415 , -0.1632 , -0.1587 ,  0.2511 ,  1.2120 ,  0.0018 ,
 -0.0003 , -0.0003 , -0.1586 ,  1.5546 ,  1.8661 ,  0.0018 ,
  0.0799 , -0.0010 , -0.3165 ,  2.3336 ,  0.1243 ,  0.0036 ,
 -0.0406 , -0.0001 , -0.1590 ,  0.0052 , -1.3083 ,  0.3270 ,
 -0.2429 , -0.0810 , -0.3196 , -0.6401 ,  0.8811 , -0.3217 ,
 -0.0404 ,  0.0406 , -0.1591 , -0.0562 , -0.0715 ,  0.6522 ,
 -0.0398 , -0.0400 ,  0.3170 ,  0.0520 , -0.0536 ,  0.6559 ,
  0.0396 , -0.0008 , -0.3169 , -0.7655 , -0.5609 , -0.3217 ,
 -0.0813 , -0.0002 , -0.3181 ,  2.3349 ,  0.4950 ,  0.0036 ,
 -0.0407 , -0.0813 , -0.0003 ,  0.8981 , -0.0473 , -0.3252 ,
 -0.1204 , -0.0394 ,  0.3161 ,  0.0530 ,  0.4412 ,  0.6052 ,
  0.0401 , -0.0410 ,  0.0005 , -2.2637 ,  1.9376 ,  0.6504 ,
 -0.0808 , -0.0812 ,  0.1577 ,  2.4898 , -0.1160 ,  0.3385 ,
 -0.1614 , -0.0400 , -0.0015 , -1.4870 ,  1.0006 ,  0.3253 ,
  0.0800 , -0.0415 , -0.1578 ,  0.0657 ,  1.9996 ,  0.0018 ,
  0.0816 ,  0.0819 ,  0.3173 , -0.9046 ,  0.7347 , -0.0048 ,
 -0.1214 , -0.0405 , -0.1598 ,  0.0674 ,  0.4406 , -0.3234 ,
 -0.0399 ,  0.0005 ,  0.1582 , -0.7794 ,  1.1824 ,  1.2992 ,
 -0.0806 ,  0.0004 , -0.0008 ,  1.5503 ,  1.1186 ,  0.0000 ,
  0.0802 , -0.0007 , -0.1578 ,  0.0042 ,  2.6139 ,  0.6522 ,
 -0.1217 , -0.0813 , -0.1597 ,  0.1288 ,  0.4484 , -0.3234 ,
 -0.0817 , -0.0818 , -0.3179 ,  0.9082 , -0.1117 ,  0.3288 ,
 -0.0400 , -0.0403 ,  0.3171 , -0.7186 , -0.6758 ,  0.3334 ,
 -0.0401 ,  0.0410 , -0.0005 ,  1.4885 ,  1.1737 ,  0.3252 ,
 -0.0402 ,  0.0814 , -0.1592 , -0.1177 , -0.0793 ,  0.3270 ,
 -0.0399 , -0.0402 ,  0.3165 ,  2.4232 , -0.0681 ,  0.3266 ,
 -0.0810 , -0.0811 , -0.0007 ,  0.8984 ,  1.1343 , -0.6505 ,
 -0.0798 ,  0.0822 ,  0.1577 , -0.1265 , -0.1392 ,  0.3442 ,
 -0.0400 ,  0.1222 , -0.1593 ,  0.5957 , -0.0871 ,  0.0018 ,
 -0.1205 , -0.0798 ,  0.1578 ,  0.1202 ,  1.7040 , -0.0015 ,
 -0.0809 ,  0.1225 ,  0.1551 , -1.7470 ,  1.0795 ,  0.6689 ,
 -0.0808 , -0.0404 , -0.0007 ,  1.6117 , -0.1180 ,  0.6505 ,
  0.0812 ,  0.1219 ,  0.0006 ,  1.3646 ,  1.3469 , -0.0000 ,
 -0.1211 , -0.0402 , -0.0011 ,  0.0625 , -0.1810 ,  0.0000 ,
  0.0405 ,  0.0406 ,  0.0003 , -0.0618 ,  0.6774 ,  0.3252 ,
 -0.1616 , -0.0808 , -0.0015 , -0.6506 , -0.2361 ,  0.3253 ,
 -0.0808 , -0.0404 , -0.0007 ,  0.0621 ,  0.5042 ,  0.6505 ,
 -0.0392 ,  0.0825 ,  0.3168 ,  0.6453 ,  0.5386 ,  0.3140 ,
 -0.0408 ,  0.0403 , -0.3178 , -0.8262 , -0.0722 ,  0.3288 ,
  0.0002 ,  0.0408 , -0.0001 , -0.8363 ,  1.8590 ,  0.6505 ,
 -0.0809 ,  0.0001 , -0.1594 ,  1.5553 , -0.1266 ,  0.0018 ,
 -0.1192 ,  0.0026 ,  0.7915 , -0.0197 ,  1.6782 , -0.3163 ,
 -0.0406 , -0.0001 , -0.1590 , -2.3195 ,  1.1808 ,  0.0018 ,
 -0.1212 ,  0.0003 , -0.1599 ,  0.0059 , -1.4342 ,  0.0018 ,
 -0.0003 , -0.1220 ,  0.1589 ,  0.1795 ,  1.2687 ,  0.3234 ,
 -0.1212 ,  0.0415 ,  0.1550 , -1.6245 ,  1.0344 ,  0.0224 ,
 -0.0395 ,  0.0821 ,  0.1581 ,  0.6543 , -0.0799 ,  0.9876 ,
 -0.0813 , -0.0410 ,  0.1583 , -0.7061 , -1.3727 ,  0.3173 ,
 -0.0403 ,  0.0002 , -0.0004 , -0.7745 , -0.0629 , -0.3252 ,
 -0.0401 ,  0.0410 , -0.0005 , -0.8360 ,  0.5515 ,  0.3252 ,
 -0.0014 , -0.0012 , -0.6346 , -0.7553 , -1.2477 , -0.3181 ,
 -0.0008 , -0.0818 , -0.1585 ,  0.1278 , -0.6075 ,  0.0018 ,
 -0.0812 , -0.0407 , -0.1594 ,  0.0670 ,  0.5035 , -0.3234 ,
 -0.0403 ,  0.0002 , -0.0004 ,  0.7751 , -0.0629 , -0.6505 ,
 -0.0799 ,  0.0010 ,  0.3165 ,  0.7658 , -0.1243 , -0.3288 ,
 -0.1211 , -0.0402 , -0.0011 ,  1.6120 , -0.1810 ,  0.6505 ,
 -0.0002 , -0.0408 ,  0.0001 , -0.7134 ,  0.0078 ,  0.6504 ,
  0.0001 ,  0.0812 , -0.1588 , -0.1180 , -0.0164 ,  0.0018 ,
 -0.0396 , -0.0804 ,  0.4757 ,  0.1086 , -0.0450 , -0.0056 ,
 -0.1612 ,  0.0008 , -0.0016 , -0.7735 ,  0.3706 ,  0.6505 ,
 -0.1213 , -0.0810 , -0.0011 , -1.4258 , -2.0403 ,  0.3253 ,
  0.0002 ,  0.0408 , -0.0001 , -0.0615 ,  0.6144 ,  0.0000 ,
 -0.0814 ,  0.0402 , -0.4768 , -0.8210 ,  1.1086 ,  0.0054 ,
 -0.0402 ,  0.0814 , -0.1592 , -0.1177 , -1.3240 ,  0.3270 ,
 -0.0398 , -0.0400 ,  0.3170 ,  0.8265 , -0.6759 ,  0.6508 ,
 -0.0409 , -0.0409 , -0.1590 ,  0.8415 , -0.0559 ,  0.3270 ,
  0.0003 ,  0.0003 ,  0.1586 , -0.0049 ,  1.2452 , -0.0018 ,
 -0.1610 ,  0.0415 , -0.0017 , -0.0601 ,  0.9851 ,  0.6505 ,
 -0.0802 ,  0.0819 , -0.0010 , -0.8971 , -0.1415 ,  0.3253 ,
 -0.0795 ,  0.0013 ,  0.4751 , -0.0140 ,  1.7432 ,  0.3199 ,
 -0.0013 , -0.1229 , -0.3170 , -2.1306 ,  1.2664 ,  0.3288 ,
  0.0806 , -0.0004 ,  0.0008 , -0.7756 ,  0.7481 , -0.0000 ,
 -0.0813 , -0.0002 , -0.3181 , -1.5393 , -0.1273 ,  0.0036 ,
 -0.0001 ,  0.0405 , -0.1587 , -0.8315 ,  0.6137 ,  0.0018 ,
 -0.1609 , -0.0393 ,  0.1571 ,  0.8418 , -0.2440 , -0.0052 ,
 -0.0810 , -0.0811 , -0.0007 ,  2.4481 ,  0.5120 ,  0.0000 ,
 -0.1606 ,  0.0826 ,  0.1566 , -0.1248 ,  0.3538 , -0.0014 ,
 -0.0412 , -0.0412 , -0.3176 ,  0.8464 ,  1.8102 , -0.6469 ,
  0.0395 ,  0.0396 , -0.4756 , -2.3719 ,  0.6751 ,  0.3306 ,
 -0.0816 , -0.1222 , -0.1592 ,  0.1900 ,  1.1413 ,  0.3270 ,
 -0.1209 ,  0.0006 , -0.0012 ,  1.5506 ,  1.6780 ,  0.6505 ,
 -0.1614 , -0.0400 , -0.0015 , -0.7120 , -0.2439 ,  0.3253 ,
 -0.0401 ,  0.0410 , -0.0005 , -0.0611 ,  0.5515 ,  0.3252 ,
 -0.0399 ,  0.0005 ,  0.1582 ,  1.5451 , -1.3068 , -0.0018 ,
 -0.1613 ,  0.0412 , -0.1603 , -0.0552 ,  0.9843 ,  0.6523 ,
 -0.0811 , -0.1624 ,  0.1582 ,  0.2401 , -0.0959 , -0.0027 ,
 -0.1207 ,  0.0413 , -0.0013 , -0.0604 , -0.1966 ,  0.6505 ,
 -0.0802 ,  0.0819 , -0.0010 , -0.1222 ,  1.1030 ,  0.0000 ,
 -0.0403 , -0.0810 ,  0.1583 ,  0.9049 , -0.0514 ,  0.6598 ,
  0.0000 ,  0.0000 ,  0.0000 ,  0.7748 , -0.6223 ,  0.0000 ,
 -0.0812 , -0.0407 , -0.1594 ,  0.8418 ,  1.1257 , -0.3234 ,
  0.0001 , -0.0405 ,  0.1587 ,  0.8313 ,  1.2530 , -0.3270 ,
  0.0001 , -0.0405 ,  0.1587 , -0.7183 , -0.6138 , -0.0018 ,
 -0.0003 , -0.0003 , -0.1586 ,  0.7797 ,  1.2438 ,  0.0018 ,
 -0.1614 , -0.0400 , -0.0015 ,  0.0628 ,  2.8673 ,  0.0000 ,
 -0.0401 ,  0.0410 , -0.0005 , -0.0611 ,  0.5515 ,  0.3252 ,
 -0.0806 ,  0.0004 , -0.0008 ,  0.7755 , -0.1259 ,  0.0000 ,
 -0.0810 , -0.0811 , -0.0007 ,  0.1236 ,  1.7565 ,  0.3252 ,
  0.0401 , -0.0410 ,  0.0005 , -0.7138 , -0.5516 ,  0.6504 ,
 -0.0405 , -0.0406 , -0.0003 ,  0.8366 ,  1.1894 ,  0.0000 ,
 -0.0806 ,  0.0004 , -0.0008 ,  0.7755 ,  1.7410 ,  0.3252 ,
 -0.1210 ,  0.0410 , -0.1599 , -1.6053 , -0.8196 ,  0.6523 ,
 -0.1205 , -0.0802 ,  0.3160 ,  1.6832 , -0.1767 ,  0.6629 ,
 -0.2019 , -0.0806 , -0.0019 ,  1.6742 ,  0.3233 ,  0.6505 ,
 -0.0406 , -0.0814 ,  0.3169 , -1.4409 , -0.6645 , -0.6599 ,
 -0.1209 ,  0.0006 , -0.0012 ,  0.0010 , -0.8111 ,  0.0000 ,
 -0.0819 , -0.1225 , -0.3179 , -2.9047 ,  1.7629 ,  0.3288 ,
  0.0007 ,  0.0006 ,  0.3173 ,  0.7650 ,  0.6237 , -0.6541 ,
 -0.0396 ,  0.0008 ,  0.3169 ,  0.7654 , -0.0614 , -0.3288 ,
  0.0401 , -0.0812 ,  0.3177 ,  0.8718 , -2.4247 , -0.0049 ,
 -0.1211 , -0.0402 , -0.0011 ,  1.6120 ,  1.0636 , -0.3252 ,
 -0.0812 , -0.0407 , -0.1594 , -1.4827 ,  0.5035 ,  0.0018 ,
 -0.0810 ,  0.1218 , -0.4770 , -0.9439 ,  0.4708 ,  0.6558 ,
 -0.0806 ,  0.0004 , -0.0008 ,  0.7755 , -0.1259 ,  0.3252 ,
  0.0806 , -0.0816 ,  0.1596 ,  0.1178 ,  0.1433 , -0.0012 ,
 -0.0399 ,  0.0005 ,  0.1582 , -0.7794 ,  1.8046 ,  0.6487 ,
  0.0005 , -0.0401 ,  0.3174 , -0.7232 ,  0.6316 , -0.0036 ,
 -0.0406 , -0.0001 , -0.1590 ,  0.0052 ,  0.5586 ,  0.3270 ,
 -0.0389 ,  0.0421 ,  0.4756 ,  1.4851 ,  0.5460 ,  0.3111 ,
 -0.0403 ,  0.0002 , -0.0004 ,  0.7751 , -0.0629 , -0.3252 ,
 -0.2020 , -0.0401 , -0.1606 , -0.7068 , -0.9298 ,  0.3270 ,
 -0.0799 ,  0.0010 ,  0.3165 ,  0.7657 , -0.7467 ,  0.6469 ,
  0.0004 ,  0.0815 , -0.0002 ,  0.6519 ,  0.6066 , -0.3252 ,
 -0.0804 , -0.0395 ,  0.1578 ,  0.0590 ,  1.1327 ,  0.6389 ,
 -0.1211 , -0.0402 , -0.0011 ,  0.8373 , -0.8033 , -0.3252 ,
 -0.0001 , -0.0812 ,  0.1588 , -1.4318 ,  1.8832 ,  0.3234 ,
 -0.1605 ,  0.0014 ,  0.3157 , -0.0084 , -1.4949 , -0.3288 ,
  0.0399 , -0.0005 , -0.1582 ,  0.0045 , -0.5602 ,  0.0018 ,
 -0.0410 , -0.0004 , -0.3177 , -0.7647 ,  2.4246 ,  0.3288 ,
  0.0013 ,  0.0417 ,  0.4758 , -0.8510 ,  0.6167 , -0.0053 ,
 -0.1210 ,  0.0410 , -0.1599 , -1.6053 ,  0.4250 ,  0.3270 ,
 -0.2018 ,  0.0007 , -0.1607 ,  1.5562 ,  0.3069 ,  0.6523 ,
 -0.0409 , -0.0409 , -0.1590 ,  0.0667 ,  1.1887 ,  0.3270 ,
 -0.0404 ,  0.0406 , -0.1591 , -1.6060 ,  1.1730 ,  0.3270 ,
  0.0802 , -0.0007 , -0.1578 ,  0.7790 ,  0.1251 , -0.6487 ,
 -0.0800 ,  0.1227 , -0.0010 , -1.7335 ,  0.4730 ,  0.3253 ,
  0.1200 , -0.0420 , -0.3160 ,  0.0702 , -1.0496 ,  0.3288 ,
 -0.2008 ,  0.0016 ,  0.3152 , -0.0081 ,  2.1759 , -0.0035 ,
 -0.1615 ,  0.0005 , -0.1603 ,  0.0063 ,  0.3699 ,  0.6523 ,
 -0.1204 , -0.0796 ,  0.1584 ,  0.8989 ,  1.6875 , -0.3325 ,
 -0.0005 ,  0.0401 , -0.3174 , -0.0517 , -1.2540 ,  0.0036 ,
 -0.0795 ,  0.0013 ,  0.4751 , -2.3388 ,  1.1209 , -0.0053 ,
 -0.0410 , -0.0004 , -0.3177 , -2.3145 , -0.0644 ,  0.9793 ,
 -0.1217 , -0.1625 , -0.0009 ,  0.2469 ,  0.4648 ,  0.3253 ,
  0.0799 , -0.0010 , -0.3165 ,  0.7839 ,  2.6134 ,  0.6540 ,
  0.0398 ,  0.0400 , -0.3170 , -0.8269 , -0.5687 ,  0.0036 ,
  0.0003 , -0.0809 ,  0.3174 ,  0.1131 , -1.2276 , -0.0036 ,
 -0.0010 , -0.0009 , -0.4759 , -0.7602 , -1.2469 ,  0.0053 ,
 -0.0402 ,  0.0814 , -0.1592 ,  0.6571 ,  1.1652 ,  0.0018 ,
 -0.0799 ,  0.0417 ,  0.1577 ,  0.7170 , -0.1337 ,  0.3339 ,
 -0.0405 , -0.0406 , -0.0003 ,  1.6114 , -0.0551 , -0.3252 ,
 -0.1214 , -0.0405 , -0.1598 ,  1.6169 , -0.8040 ,  0.0018 ,
  0.0006 ,  0.0411 ,  0.1586 , -0.8413 , -0.6294 ,  0.3234 ,
 -0.0397 , -0.0803 ,  0.4754 , -0.6619 ,  0.5782 , -0.0046 ,
 -0.0799 ,  0.0010 ,  0.3165 , -0.0091 ,  1.1202 , -0.3288 ,
 -0.0416 , -0.0415 , -0.4762 , -0.6984 , -0.0574 ,  0.3306 ,
 -0.0807 ,  0.0408 , -0.1595 , -0.0559 , -0.7567 ,  0.0018 ,
 -0.0405 , -0.0406 , -0.0003 , -0.7131 ,  0.5671 ,  0.0000 ,
 -0.0806 ,  0.0004 , -0.0008 , -0.7742 , -0.1259 ,  0.6505 ,
  0.1198 , -0.0827 , -0.3159 ,  1.6813 ,  0.2029 ,  0.0035 ,
 -0.0418 , -0.0823 , -0.4762 ,  0.9127 ,  1.1949 ,  0.3306 ,
 -0.0386 ,  0.1233 ,  0.3164 ,  1.3511 , -1.3222 , -0.3409 ,
 -0.0409 , -0.0409 , -0.1590 , -0.7082 ,  1.1887 ,  0.9775 ,
 -0.1623 , -0.0814 , -0.3187 ,  0.1341 , -0.2376 ,  0.0036 ,
 -0.1625 , -0.1221 , -0.3187 , -0.5793 ,  0.3925 ,  0.0036 ,
  0.0809 ,  0.1216 , -0.1581 , -3.2796 , -0.5207 ,  0.0018 ,
 -0.0397 ,  0.1225 , -0.0006 ,  0.5908 , -0.0864 ,  0.3252 ,
 -0.0812 ,  0.0810 , -0.4769 ,  0.6673 ,  0.4786 ,  0.6558 ,
 -0.0005 ,  0.0401 , -0.3174 , -0.8266 , -0.6316 ,  0.6541 ,
 -0.0406 , -0.0001 , -0.1590 , -1.5445 , -1.9307 ,  0.6522 ,
 -0.0802 , -0.1211 ,  0.3161 , -0.5865 ,  1.1510 , -0.0037 ,
 -0.0003 , -0.1220 ,  0.1589 , -1.3703 , -0.5982 , -0.0018 ,
 -0.2020 ,  0.0411 , -0.3194 , -0.8248 , -0.3239 ,  0.0036 ,
 -0.0411 , -0.1629 , -0.0001 ,  3.3454 , -0.0317 ,  0.0000 ,
 -0.0809 ,  0.0001 , -0.1594 ,  0.7804 , -0.1266 ,  0.0018 ,
 -0.1218 , -0.0408 , -0.3184 ,  0.0723 ,  1.0621 ,  0.6541 ,
 -0.1218 , -0.0408 , -0.3184 , -0.7026 ,  0.4398 , -0.6469 ,
 -0.0813 , -0.0002 , -0.3181 ,  0.0105 , -0.7497 ,  0.3288 ,
 -0.0809 ,  0.0001 , -0.1594 , -0.7694 ,  1.1179 , -0.3234 ,
 -0.0807 ,  0.0408 , -0.1595 ,  0.7189 ,  0.4879 ,  0.0018 ,
  0.0404 ,  0.0407 ,  0.1577 , -0.8353 ,  1.2996 ,  0.0091 ,
  0.0809 ,  0.1216 , -0.1581 , -0.1802 , -1.1430 ,  0.0018 ,
 -0.1209 ,  0.0006 , -0.0012 , -0.7738 , -1.4334 ,  0.0000 ,
 -0.0400 ,  0.0411 ,  0.1572 , -0.8430 ,  0.5464 ,  0.6392 ,
  0.0392 , -0.0823 , -0.3167 ,  1.6819 ,  2.5660 , -0.3217 ,
  0.0806 , -0.0004 ,  0.0008 ,  0.7741 ,  0.1258 , -0.0000 ,
 -0.1212 ,  0.0003 , -0.1599 ,  0.7807 , -0.8118 ,  0.0018 ,
  0.0002 ,  0.0408 , -0.0001 ,  1.4881 , -0.0078 ,  0.6505 ,
 -0.1617 ,  0.0409 , -0.3190 , -0.8252 ,  0.3613 ,  0.3288 ,
 -0.0804 ,  0.0412 , -0.0009 , -0.8357 ,  0.4886 ,  0.6505 ,
 -0.1209 ,  0.0006 , -0.0012 ,  1.5506 ,  1.0558 ,  0.0000 ,
 -0.0798 , -0.1613 ,  0.1594 ,  1.0262 ,  1.1473 ,  0.3102 ,
 -0.1217 , -0.0813 , -0.1597 , -0.6461 , -0.7962 , -0.3234 ,
 -0.0804 ,  0.0412 , -0.0009 ,  0.7141 ,  0.4886 ,  0.0000 ,
 -0.0805 ,  0.0816 , -0.1596 , -1.6671 ,  0.4801 ,  0.3270 ,
 -0.0013 , -0.1229 , -0.3170 , -0.5807 ,  0.0219 , -0.3217 ,
 -0.0408 ,  0.0403 , -0.3178 ,  0.7235 ,  1.7946 ,  0.0036 ,
  0.0000 ,  0.0000 ,  0.0000 ,  0.0000 ,  0.0000 ,  0.0000 ,
 -0.0392 ,  0.0011 ,  0.4755 , -0.7892 ,  1.1839 ,  0.3199 ,
 -0.1203 , -0.0386 ,  0.3165 ,  0.8217 ,  1.6908 , -0.3216 ,
 -0.1214 , -0.0405 , -0.1598 , -1.4824 ,  1.0628 ,  0.0018 ,
 -0.0808 , -0.0404 , -0.0007 ,  0.0621 ,  1.1265 , -0.3252 ,
 -0.0002 , -0.0408 ,  0.0001 ,  0.0615 ,  1.2524 ,  0.6504 ,
  0.0001 , -0.0405 ,  0.1587 , -1.4932 ,  0.0086 , -0.3270 ,
 -0.0808 , -0.0404 , -0.0007 , -1.4876 ,  1.1265 ,  0.0000 ,
 -0.0396 ,  0.0008 ,  0.3169 , -0.7843 , -0.0614 ,  0.3217 ,
 -0.1219 , -0.0003 , -0.4771 , -2.3092 ,  0.4313 ,  0.0054 ,
 -0.1612 ,  0.0008 , -0.0016 ,  0.7762 , -0.2517 ,  0.0000 ,
 -0.0402 ,  0.0814 , -0.1592 ,  0.6571 ,  0.5430 ,  0.3270 ,
  0.0405 ,  0.0418 ,  0.3178 ,  1.4727 ,  3.1536 , -0.3381 ,
 -0.1219 , -0.1220 , -0.1596 ,  0.1903 , -1.4107 , -1.2992 ,
  0.0006 ,  0.0411 ,  0.1586 , -0.8413 , -0.0071 , -0.0018 ,
  0.0805 ,  0.0401 , -0.1579 , -0.0573 ,  0.7395 , -0.3235 ,
 -0.0407 , -0.0813 , -0.0003 ,  0.1233 , -0.6697 , -0.3252 ,
 -0.0399 ,  0.0005 ,  0.1582 , -0.0045 ,  1.8046 , -0.3270 ,
 -0.0805 , -0.0805 ,  0.1580 ,  0.1196 ,  0.5164 , -0.0002 ,
 -0.1609 , -0.0398 ,  0.3156 , -0.7187 , -0.2431 , -0.0010 ,
 -0.1617 , -0.0403 , -0.1602 ,  0.0677 , -0.2446 ,  0.3270 ,
 -0.0812 , -0.0407 , -0.1594 ,  0.8418 , -0.7411 ,  0.3270 ,
 -0.0398 , -0.0796 ,  0.3168 ,  0.1170 ,  2.4543 , -0.0024 ,
 -0.0003 , -0.0003 , -0.1586 , -3.0947 , -0.0007 ,  0.6522 ,
 -0.0821 , -0.0821 , -0.4766 ,  1.6879 , -0.1125 , -0.3199 ,
 -0.0009 , -0.0414 , -0.3172 ,  0.8461 ,  0.0063 ,  0.3288 ,
 -0.1216 , -0.0000 , -0.3185 , -0.7641 ,  0.4320 ,  0.6541 ,
 -0.0809 ,  0.0813 , -0.3182 , -1.6622 ,  1.1016 ,  0.6541 ,
  0.0405 ,  0.0406 ,  0.0003 ,  0.7130 ,  1.2996 ,  0.3252 ,
 -0.1607 , -0.0388 ,  0.1578 ,  0.8348 ,  1.0012 ,  0.6384 ,
 -0.0809 ,  0.0001 , -0.1594 , -3.0939 , -1.3712 ,  0.9775 ,
 -0.1214 , -0.0812 ,  0.1571 , -0.6586 , -0.1742 ,  0.3426 ,
 -0.0809 ,  0.0001 , -0.1594 ,  0.7804 ,  0.4957 ,  0.0018 ,
 -0.0403 ,  0.0002 , -0.0004 , -0.7745 , -0.0629 , -0.3252 ,
 -0.0808 , -0.0404 , -0.0007 , -1.4876 , -0.1180 ,  0.0000 ,
 -0.0002 , -0.0408 ,  0.0001 ,  0.0615 ,  0.0078 , -0.6505 ,
 -0.0405 , -0.0406 , -0.0003 ,  0.8366 , -0.0551 ,  0.3252 ,
  0.0392 , -0.0011 , -0.4755 ,  0.0143 ,  1.3051 ,  0.0053 ,
 -0.0404 ,  0.0406 , -0.1591 ,  0.7186 ,  0.5508 ,  0.6522 ,
  0.0006 ,  0.0411 ,  0.1586 , -1.6162 , -0.6294 , -0.3270 ,
 -0.1613 ,  0.0412 , -0.1603 ,  0.7196 , -0.8825 , -0.6487 ,
  0.1214 , -0.0407 ,  0.1595 , -0.7125 ,  0.8270 , -0.3229 ,
  0.0003 ,  0.0003 ,  0.1586 , -0.7798 ,  0.0007 , -0.0018 ,
 -0.1615 ,  0.0005 , -0.1603 , -3.0932 ,  0.3699 ,  0.6523 ,
 -0.1212 ,  0.0415 ,  0.1550 , -1.6245 ,  1.0344 , -0.3002 ,
 -0.0802 , -0.0800 ,  0.1582 ,  0.1200 ,  1.1429 ,  0.3178 ,
  0.0399 , -0.0005 , -0.1582 ,  0.0045 ,  0.6844 ,  0.3270 ,
  0.0399 , -0.0005 , -0.1582 ,  1.5542 ,  0.0622 ,  0.9775 ,
 -0.0401 ,  0.0410 , -0.0005 ,  0.7137 ,  1.1737 ,  0.6505 ,
 -0.0003 , -0.1220 ,  0.1589 ,  0.1795 , -0.5982 , -0.3270 ,
  0.0406 ,  0.0001 ,  0.1590 , -0.7802 , -0.5587 , -0.0018 ,
 -0.0809 ,  0.0813 , -0.3182 , -1.6622 ,  1.1016 ,  0.0036 ,
 -0.0807 ,  0.0408 , -0.1595 ,  0.7189 ,  0.4879 ,  0.0018 ,
 -0.0394 ,  0.0416 ,  0.3168 , -0.0709 , -0.0692 ,  0.3294 ,
 -0.1209 , -0.0807 ,  0.1577 ,  0.1181 , -0.1725 , -0.3426 ,
 -0.0808 , -0.0404 , -0.0007 ,  0.8369 , -0.1180 ,  0.3252 ,
 -0.0813 , -0.0002 , -0.3181 , -0.7644 , -0.1273 ,  0.0036 ,
  0.0797 , -0.0418 , -0.3164 , -0.7043 ,  0.1321 ,  0.3288 ,
 -0.0399 ,  0.0005 ,  0.1582 , -0.0045 , -0.6845 ,  0.3234 ,
 -0.1209 , -0.0805 ,  0.1575 ,  0.9051 , -0.1769 ,  1.0141 ,
  0.1212 , -0.0003 ,  0.1599 ,  2.3186 ,  1.4340 , -0.0018 ,
  0.0399 , -0.0005 , -0.1582 ,  0.0045 , -0.5602 ,  0.0018 ,
 -0.0011 , -0.0821 , -0.3171 ,  0.1327 , -0.6082 , -0.3217 ,
 -0.1227 , -0.1228 ,  0.1569 ,  1.7532 , -1.4082 , -0.3063 ,
 -0.0004 ,  0.1214 , -0.4761 ,  0.6051 ,  1.2188 ,  0.3306 ,
 -0.0809 ,  0.0001 , -0.1594 ,  0.7804 ,  0.4957 ,  0.0018 ,
 -0.0806 ,  0.0004 , -0.0008 , -0.7742 , -0.7482 ,  0.0000 ,
 -0.0407 , -0.0813 , -0.0003 ,  0.1233 , -0.0473 ,  0.0000 ,
 -0.0802 , -0.0803 ,  0.3166 ,  0.1155 ,  0.5135 , -0.0018 ,
 -0.0807 ,  0.0821 ,  0.1569 , -0.1240 ,  1.1036 ,  0.0000 ,
  0.0399 , -0.0005 , -0.1582 , -0.7704 ,  3.1733 ,  0.0018 ,
 -0.1213 , -0.0810 , -0.0011 ,  0.8987 ,  0.4491 , -0.6505 ,
 -0.1224 , -0.0819 , -0.4770 , -1.4111 ,  1.6913 ,  0.0054 ,
 -0.0003 , -0.0003 , -0.1586 ,  0.0049 ,  1.2438 ,  0.3270 ,
 -0.0814 , -0.0815 , -0.1593 , -0.6464 , -0.7333 ,  0.3270 ,
 -0.0403 , -0.0404 ,  0.1585 ,  0.0563 , -0.6811 ,  0.6536 ,
 -0.1205 ,  0.0009 ,  0.1574 , -0.7787 , -0.8103 , -0.3270 ,
  0.0001 , -0.0405 ,  0.1587 ,  1.6061 ,  0.6308 , -0.3270 ,
  0.0405 ,  0.0406 ,  0.0003 , -0.0618 ,  1.9219 ,  0.3252 ,
 -0.0806 ,  0.0004 , -0.0008 , -0.7742 ,  1.1186 ,  0.6505 ,
 -0.1216 , -0.0000 , -0.3185 , -0.7641 ,  0.4320 ,  0.3288 ,
 -0.0815 , -0.0410 , -0.3180 ,  0.0719 , -0.1195 ,  0.3288 ,
 -0.0399 ,  0.0414 ,  0.1579 , -0.0653 ,  0.5511 ,  0.3188 ,
 -0.0804 ,  0.0412 , -0.0009 ,  1.4888 ,  1.1108 ,  0.3252 ,
 -0.0009 , -0.0414 , -0.3172 ,  0.0712 ,  0.6286 ,  0.0036 ,
 -0.0406 , -0.0001 , -0.1590 , -1.5445 ,  0.5586 ,  0.3270 ,
 -0.0409 , -0.0409 , -0.1590 ,  0.8415 , -0.0559 , -0.6487 ,
 -0.0802 ,  0.0007 ,  0.1578 , -0.7791 ,  1.7418 ,  0.9739 ,
 -0.0406 , -0.0001 , -0.1590 ,  0.0052 ,  1.1808 , -0.3234 ,
 -0.0402 , -0.0403 ,  0.1576 , -0.7167 ,  0.5676 , -0.0032 ,
 -0.2016 ,  0.0414 , -0.1607 , -1.6046 ,  0.9214 ,  0.3270 ,
 -0.0805 ,  0.0816 , -0.1596 ,  0.6575 ,  1.1023 ,  0.6523 ,
 -0.0003 , -0.0003 , -0.1586 , -0.7700 ,  0.6215 ,  0.3270 ,
 -0.0815 , -0.0410 , -0.3180 , -2.2528 ,  0.5027 , -0.3217 ,
 -0.1210 ,  0.0410 , -0.1599 ,  0.7193 ,  1.6695 ,  2.2785 ,
 -0.1217 ,  0.0404 , -0.4772 ,  0.7290 ,  0.4235 ,  0.3306 ,
  0.0399 , -0.0005 , -0.1582 ,  0.0045 ,  1.3067 , -0.6487 ,
  0.0001 , -0.1217 ,  0.3175 , -0.6003 ,  1.2694 ,  0.3217 ,
 -0.2414 ,  0.0015 ,  0.1562 ,  3.0963 ,  0.2455 ,  0.9739 ,
 -0.1613 ,  0.1225 , -0.3191 , -0.9481 ,  0.9679 ,  0.0036 ,
  0.1219 ,  0.0003 ,  0.4771 , -0.7906 ,  0.8132 , -0.0054 ,
  0.0408 , -0.1214 ,  0.3173 , -0.5796 ,  1.9715 , -0.3239 ,
 -0.2826 , -0.1614 ,  0.1561 ,  1.0181 ,  0.2138 , -0.0018 ,
 -0.0398 ,  0.1228 ,  0.1575 , -0.1884 ,  0.5326 ,  0.3232 ,
  0.3239 ,  0.1219 ,  0.3201 , -0.9724 ,  0.4868 , -0.3199 ,
  0.0389 , -0.2043 , -0.1579 , -2.0129 ,  1.3457 ,  0.9775 ,
 -0.2419 , -0.2018 ,  0.1570 ,  0.3042 ,  0.2874 ,  0.9372 ,
  0.0001 ,  0.0812 , -0.1588 ,  0.6568 ,  1.2282 ,  0.6522 ,
  0.1210 ,  0.0806 , -0.1576 ,  0.6557 ,  1.4169 , -0.9740 ,
 -0.0406 , -0.0001 , -0.1590 , -0.7697 ,  0.5586 , -0.3234 ,
 -0.2830 , -0.2833 ,  0.1566 , -1.1296 ,  1.4762 ,  0.6397 ,
 -0.1612 ,  0.0008 , -0.0016 , -0.7735 ,  0.9929 ,  0.9757 ,
  0.0410 ,  0.2033 , -0.1586 ,  1.2469 ,  0.6454 , -0.6487 ,
  0.1219 ,  0.2032 ,  0.0008 , -1.8581 , -1.0950 , -0.6505 ,
 -0.2032 , -0.1223 , -0.4777 ,  0.9756 ,  0.9511 ,  1.6314 ,
 -0.1609 , -0.1612 ,  0.4745 ,  1.7868 , -0.8455 ,  0.3166 ,
  0.0408 ,  0.1626 , -0.1585 , -1.0162 ,  1.2754 , -1.2992 ,
  0.0811 ,  0.1624 , -0.1581 , -2.5663 , -1.1508 , -0.6487 ,
 -0.1620 , -0.1623 , -0.0013 ,  0.2472 ,  1.0240 ,  0.6505 ,
 -0.1216 , -0.0810 ,  0.1556 , -2.2298 ,  0.4398 ,  0.3251 ,
  0.0409 ,  0.1221 ,  0.0002 , -0.1847 ,  1.2841 , -0.3253 ,
  0.1608 ,  0.1206 , -0.4745 ,  0.6037 ,  2.0928 ,  0.3306 ,
 -0.0407 , -0.0813 , -0.0003 , -1.4264 ,  0.5749 ,  0.3252 ,
 -0.1207 , -0.2427 ,  0.4753 ,  1.1338 ,  0.4793 ,  0.3081 ,
  0.0002 ,  0.0408 , -0.0001 , -0.8363 ,  1.2367 , -0.6505 ,
 -0.0799 ,  0.2039 , -0.1598 ,  1.2479 ,  0.4566 , -0.3234 ,
 -0.1216 , -0.0000 , -0.3185 ,  0.0108 , -0.8125 ,  0.3288 ,
 -0.1620 , -0.0811 , -0.1601 , -2.1955 ,  0.3855 ,  0.6523 ,
 -0.0403 ,  0.0002 , -0.0004 , -3.0990 ,  1.1816 , -0.3252 ,
  0.0006 ,  0.0411 ,  0.1586 , -0.8413 , -0.6294 ,  0.6487 ,
 -0.0810 , -0.0811 , -0.0007 ,  0.1236 , -0.1102 ,  0.6505 ,
 -0.1220 , -0.0816 , -0.3183 ,  1.6834 ,  0.4476 ,  0.0036 ,
 -0.0409 , -0.0409 , -0.1590 ,  1.6163 ,  1.1887 ,  0.0018 ,
  0.0001 ,  0.0812 , -0.1588 , -0.1180 ,  1.2282 ,  0.0018 ,
 -0.0804 , -0.0395 ,  0.1578 ,  0.0590 ,  1.1327 ,  0.6389 ,
 -0.0814 ,  0.0402 , -0.4768 ,  2.2783 ,  0.4864 , -0.3199 ,
 -0.2027 , -0.1624 , -0.1604 ,  1.0273 ,  0.9605 ,  0.3270 ,
  0.0820 ,  0.0011 ,  0.6353 ,  0.7557 ,  0.7498 ,  0.6136 ,
 -0.1214 ,  0.0407 , -0.3186 , -1.6004 , -2.0651 ,  0.3288 ,
 -0.0401 ,  0.0410 , -0.0005 , -0.8360 ,  2.4182 ,  0.3252 ,
 -0.0809 ,  0.0001 , -0.1594 ,  0.0056 ,  0.4957 ,  0.0018 ,
 -0.0394 , -0.0396 ,  0.4757 ,  1.6085 , -0.0563 ,  0.3188 ,
 -0.1605 ,  0.0014 ,  0.3157 ,  0.7664 , -0.2502 , -0.0035 ,
 -0.1212 ,  0.0815 , -0.3186 , -0.1121 ,  1.0387 ,  0.3288 ,
 -0.1619 ,  0.0002 , -0.3189 , -0.7637 ,  0.3691 ,  0.3288 ,
 -0.1611 , -0.0394 ,  0.1569 ,  0.8310 , -0.8656 ,  0.6521 ,
 -0.0799 ,  0.0010 ,  0.3165 , -0.0091 ,  0.4979 ,  0.6469 ,
 -0.0401 ,  0.0410 , -0.0005 , -0.8360 ,  0.5515 ,  0.0000 ,
 -0.1211 , -0.0402 , -0.0011 , -0.7124 , -1.4256 ,  0.0000 ,
 -0.1212 , -0.1622 ,  0.1572 , -0.5288 ,  0.4687 ,  0.3179 ,
 -0.0814 , -0.0815 , -0.1593 ,  0.9033 ,  0.5113 ,  0.3270 ,
 -0.0405 , -0.0406 , -0.0003 , -2.2628 ,  1.1894 , -0.3252 ,
 -0.1207 , -0.0803 ,  0.1576 ,  0.1198 ,  0.4532 ,  0.3150 ,
 -0.0813 , -0.0002 , -0.3181 ,  1.5601 ,  0.4950 ,  0.6541 ,
 -0.0400 , -0.0803 ,  0.1586 ,  0.1197 ,  1.2057 ,  1.2756 ,
 -0.0002 , -0.0408 ,  0.0001 ,  1.6110 ,  1.8746 , -0.3253 ,
 -0.0399 , -0.0397 ,  0.3159 , -0.7035 ,  1.8234 , -0.3238 ,
 -0.0405 , -0.0406 , -0.0003 ,  0.8366 ,  0.5671 ,  0.3252 ,
 -0.1207 ,  0.0413 , -0.0013 ,  2.2640 , -0.1966 ,  0.0000 ,
  0.0802 , -0.0007 , -0.1578 , -0.7707 ,  1.9919 ,  0.9775 ,
 -0.0806 ,  0.0004 , -0.0008 , -1.5490 , -0.1259 ,  0.6505 ,
 -0.0398 , -0.0802 ,  0.1591 ,  0.8976 ,  1.8121 , -0.0100 ,
 -0.1199 ,  0.0828 ,  0.3158 , -0.1316 ,  0.4168 ,  0.9221 ,
  0.0404 ,  0.0810 , -0.1584 , -1.6682 ,  2.5355 ,  0.3270 ,
 -0.2020 , -0.0401 , -0.1606 ,  0.8429 ,  1.5592 ,  0.0018 ,
 -0.1623 , -0.0814 , -0.3187 , -1.4157 ,  1.0069 ,  0.3288 ,
 -0.0813 , -0.0002 , -0.3181 ,  1.5601 ,  0.4950 ,  0.3288 ,
 -0.0806 ,  0.0004 , -0.0008 ,  0.7755 ,  0.4964 ,  0.6505 ,
 -0.0809 ,  0.0001 , -0.1594 ,  0.0056 ,  1.7402 ,  0.0018 ,
 -0.1214 , -0.0405 , -0.1598 ,  0.8421 ,  0.4406 ,  0.3270 ,
 -0.1211 , -0.0402 , -0.0011 , -1.4873 ,  1.0636 ,  0.3253 ,
 -0.0812 , -0.0407 , -0.1594 , -1.4827 ,  0.5035 ,  0.3270 ,
  0.0406 , -0.0405 ,  0.1585 , -0.7148 ,  0.6971 , -0.0021 ,
 -0.0396 ,  0.0008 ,  0.3169 , -0.0094 ,  2.4276 ,  0.6469 ,
 -0.0812 , -0.1219 , -0.0006 ,  0.1851 , -1.3471 ,  0.9757 ,
 -0.0408 ,  0.0403 , -0.3178 ,  0.7235 , -0.0722 ,  0.3288 ,
  0.0000 ,  0.0000 ,  0.0000 ,  0.7748 ,  3.1115 , -0.6505 ,
 -0.0409 , -0.0409 , -0.1590 ,  0.8415 ,  1.1887 , -0.6487 ,
  0.0001 , -0.0405 ,  0.1587 , -0.7183 ,  0.6308 , -0.9775 ,
 -0.0806 , -0.0403 ,  0.1581 ,  0.0561 , -0.7446 ,  0.6524 ,
 -0.0805 ,  0.0816 , -0.1596 ,  0.6575 ,  1.7246 ,  0.6523 ,
 -0.0396 ,  0.0008 ,  0.3169 ,  1.5401 ,  1.1831 ,  0.3217 ,
  0.0003 , -0.0809 ,  0.3174 ,  0.1131 ,  1.2616 ,  0.3217 ,
 -0.1207 ,  0.0413 , -0.0013 , -0.0604 ,  0.4257 ,  0.3253 ,
 -0.0402 ,  0.0814 , -0.1592 , -2.4424 ,  0.5430 ,  0.3270 ,
 -0.1195 ,  0.0830 ,  0.4746 , -0.1365 , -0.2022 , -0.3445 ,
 -0.1196 ,  0.0422 ,  0.4751 , -0.0751 , -0.8163 ,  0.3375 ,
 -0.0416 , -0.0415 , -0.4762 ,  0.0765 ,  0.5649 ,  0.3306 ,
 -0.1210 ,  0.0410 , -0.1599 , -0.8304 , -0.8196 ,  0.0018 ,
 -0.1205 ,  0.0821 , -0.0014 , -0.1219 , -0.2044 ,  0.0000 ,
 -0.1224 , -0.0819 , -0.4770 ,  0.9134 ,  1.6913 ,  0.6558 ,
 -0.0815 , -0.0410 , -0.3180 ,  0.8468 , -0.7418 , -0.3217 ,
 -0.0406 , -0.0001 , -0.1590 , -0.7697 , -0.0637 ,  0.6522 ,
  0.0401 , -0.0410 ,  0.0005 , -0.7138 ,  1.3152 ,  0.6504 ,
 -0.1205 ,  0.0009 ,  0.1574 ,  1.5458 , -0.1880 , -0.0018 ,
 -0.1215 , -0.0403 ,  0.1556 , -1.5084 ,  0.4302 ,  0.9633 ,
 -0.0401 ,  0.0410 , -0.0005 , -0.8360 ,  1.1737 ,  0.6505 ,
 -0.0403 ,  0.0002 , -0.0004 ,  1.5500 ,  1.8039 ,  0.0000 ,
 -0.1214 , -0.0405 , -0.1598 ,  0.0674 ,  1.0628 ,  0.9775 ,
 -0.1217 , -0.0813 , -0.1597 , -0.6461 ,  1.6929 ,  0.0018 ,
  0.0001 , -0.0405 ,  0.1587 ,  0.8314 ,  0.6308 ,  0.3234 ,
 -0.2015 ,  0.0010 , -0.0020 ,  0.7765 ,  1.5521 , -0.3252 ,
  0.0005 , -0.0401 ,  0.3174 ,  0.0517 ,  1.2538 , -0.3288 ,
 -0.1217 ,  0.0404 , -0.4772 ,  0.7290 , -0.1988 ,  0.3306 ,
 -0.1207 ,  0.0413 , -0.0013 , -0.0604 ,  0.4257 ,  0.6505 ,
 -0.0406 ,  0.0811 , -0.3178 ,  0.6620 ,  1.7869 ,  0.0036 ,
 -0.0403 ,  0.0002 , -0.0004 ,  1.5500 ,  0.5593 ,  0.0000 ,
  0.0403 ,  0.0410 ,  0.1589 ,  0.7046 ,  1.9146 ,  0.6370 ,
 -0.1620 , -0.0811 , -0.1601 ,  0.9040 , -0.2368 ,  0.0018 ,
 -0.1212 , -0.0405 ,  0.1570 , -0.7215 , -0.1823 ,  0.0020 ,
  0.0003 ,  0.0003 ,  0.1586 , -0.0049 ,  1.2452 , -0.0018 ,
 -0.1209 ,  0.0006 , -0.0012 ,  0.0010 , -0.8111 ,  0.3253 ,
 -0.2016 ,  0.0414 , -0.1607 , -0.8297 ,  1.5436 , -0.3234 ,
 -0.1211 , -0.0402 , -0.0011 ,  0.0625 , -0.8033 , -0.3252 ,
 -0.0399 ,  0.0005 ,  0.1582 , -0.0045 ,  1.1824 ,  0.3234 ,
 -0.0008 , -0.0818 , -0.1585 , -1.4220 ,  0.0149 ,  0.6522 ,
 -0.0822 , -0.0416 , -0.6353 ,  0.8565 , -0.1210 ,  0.3324 ,
 -0.0412 , -0.0412 , -0.3176 , -1.4782 ,  0.5656 , -0.6469 ,
  0.0406 ,  0.0001 ,  0.1590 , -0.0052 ,  0.0637 ,  0.3234 ,
 -0.1219 , -0.0003 , -0.4771 , -0.7592 ,  1.6758 ,  0.3306 ,
 -0.1208 , -0.0806 ,  0.1567 , -0.6444 ,  1.7001 ,  0.6534 ,
 -0.0799 ,  0.0010 ,  0.3165 , -0.7840 , -0.7467 , -0.0036 ,
  0.0398 ,  0.0400 , -0.3170 , -0.8269 ,  0.0536 , -0.9722 ,
 -0.1606 , -0.0392 ,  0.3174 ,  2.4231 ,  1.5957 ,  0.6369 ,
 -0.1611 ,  0.0820 , -0.1604 ,  0.6582 , -0.8904 ,  0.3270 ,
 -0.0400 , -0.0807 ,  0.3168 ,  1.6836 , -0.0517 , -0.0034 ,
 -0.0404 ,  0.0406 , -0.1591 , -0.8311 ,  0.5508 , -0.6487 ,
 -0.0811 ,  0.0405 , -0.3182 , -0.8259 , -0.7575 ,  0.3288 ,
  0.0403 ,  0.0410 ,  0.1589 ,  0.7046 ,  1.2927 , -0.3296 ,
 -0.1210 ,  0.0410 , -0.1599 , -0.8304 ,  1.0472 ,  0.6523 ,
  0.0807 ,  0.0808 , -0.1580 , -2.4434 , -0.5129 ,  0.3270 ,
  0.0401 , -0.0410 ,  0.0005 ,  0.0611 ,  0.6930 , -0.0000 ,
 -0.1208 ,  0.0818 , -0.1600 , -0.1170 ,  0.4172 ,  0.6523 ,
 -0.0398 ,  0.0822 ,  0.1582 ,  0.6495 ,  0.5352 ,  0.6425 ,
  0.0006 ,  0.1223 , -0.0002 ,  1.3652 , -0.6458 , -0.3252 ,
  0.0392 , -0.0823 , -0.3167 ,  0.9071 ,  0.0770 ,  0.0036 ,
 -0.1612 ,  0.0008 , -0.0016 , -1.5484 ,  0.3706 ,  0.6505 ,
 -0.0003 , -0.0003 , -0.1586 ,  0.0049 ,  0.6215 , -0.3234 ,
 -0.0805 , -0.0805 ,  0.1580 ,  0.1196 ,  0.5164 , -0.0002 ,
 -0.0814 , -0.0815 , -0.1593 ,  0.9033 , -0.7333 , -0.3234 ,
 -0.0800 ,  0.1228 ,  0.1566 , -1.7434 , -0.7642 , -0.3342 ,
 -0.2009 ,  0.1233 , -0.0023 , -0.1826 ,  2.1508 ,  0.0000 ,
 -0.0396 ,  0.0008 ,  0.3169 , -0.7843 , -1.3062 , -0.0036 ,
 -0.2407 , -0.0382 ,  0.4738 ,  0.8245 ,  0.2519 , -0.0032 ,
 -0.0399 ,  0.0817 , -0.0006 , -0.8975 ,  1.1660 ,  0.0000 ,
 -0.0402 , -0.0403 ,  0.1574 , -0.7085 ,  1.8163 ,  0.3305 ,
 -0.0401 , -0.0403 ,  0.1584 ,  0.0569 , -0.0543 ,  0.3313 ,
 -0.0411 ,  0.0400 , -0.4764 , -0.0464 , -0.0730 ,  0.0053 ,
  0.0000 ,  0.0000 ,  0.0000 ,  0.7748 , -0.6223 ,  0.3252 ,
  0.0009 ,  0.0414 ,  0.3172 , -1.6211 , -1.2510 ,  0.6469 ,
 -0.1203 ,  0.0418 ,  0.3150 , -0.8352 ,  1.0494 , -0.3265 ,
 -0.1211 , -0.0402 , -0.0011 , -1.4873 ,  1.6859 ,  0.0000 ,
  0.0399 ,  0.1212 , -0.4757 , -0.9449 ,  0.0372 , -0.6451 ,
 -0.0003 , -0.0003 , -0.1586 ,  0.0049 , -0.6231 ,  0.6522 ,
 -0.0404 ,  0.1219 , -0.3179 ,  0.6005 , -0.7102 ,  0.6541 ,
 -0.0403 ,  0.0002 , -0.0004 ,  0.0003 , -0.0629 ,  0.3252 ,
 -0.0806 ,  0.0004 , -0.0008 ,  0.0007 ,  1.1186 ,  0.6505 ,
  0.0402 , -0.0815 ,  0.1590 , -0.6606 ,  0.0812 ,  0.3202 ,
  0.0000 ,  0.0000 ,  0.0000 , -3.0993 ,  1.2446 ,  0.0000 ,
 -0.0407 , -0.0813 , -0.0003 ,  0.8981 ,  1.8195 ,  0.0000 ,
 -0.0807 ,  0.0408 , -0.1595 ,  0.7189 ,  0.4879 ,  1.6280 ,
 -0.0809 ,  0.0001 , -0.1594 , -0.7693 ,  0.4957 ,  0.3270 ,
  0.0008 ,  0.0818 ,  0.1585 , -0.9027 , -0.0149 ,  0.3234 ,
 -0.0399 ,  0.0005 ,  0.1582 ,  0.7703 , -0.0622 , -0.3270 ,
 -0.0398 , -0.0399 ,  0.3165 , -0.7177 ,  0.5681 , -0.0041 ,
 -0.2016 ,  0.0414 , -0.1607 , -0.0548 ,  1.5436 ,  0.0018 ,
 -0.1207 ,  0.0413 , -0.0013 ,  0.7144 ,  1.0479 ,  0.3253 ,
 -0.0404 ,  0.0406 , -0.1591 , -0.8311 , -0.6938 ,  0.0018 ,
  0.0008 ,  0.0818 ,  0.1585 ,  1.4218 ,  2.4743 , -0.0018 ,
 -0.1608 ,  0.0011 ,  0.1570 , -0.7784 ,  0.9936 , -0.0018 ,
 -0.1615 ,  0.0005 , -0.1603 ,  0.0063 , -0.2524 ,  0.3270 ,
 -0.1208 ,  0.0818 , -0.1600 ,  1.4326 ,  0.4172 , -0.3234 ,
 -0.0392 ,  0.0420 ,  0.4746 , -0.8411 ,  1.1754 ,  0.6365 ,
  0.0006 ,  0.0411 ,  0.1586 , -1.6162 , -0.0071 ,  0.3234 ,
 -0.0401 , -0.1215 ,  0.1590 ,  0.9671 ,  0.5749 ,  0.6459 ,
  0.0407 ,  0.0813 ,  0.0003 , -0.8982 ,  0.6696 , -0.0000 ,
 -0.1217 ,  0.0404 , -0.4772 , -0.0457 ,  1.0456 ,  0.0054 ,
  0.0397 , -0.0413 , -0.1582 ,  2.3904 ,  1.9368 ,  0.6522 ,
 -0.1616 , -0.0808 , -0.0015 ,  2.4488 ,  0.3862 , -0.3252 ,
 -0.1210 ,  0.0410 , -0.1599 , -0.0555 ,  1.0472 ,  0.6523 ,
  0.0010 ,  0.1226 ,  0.1584 ,  1.3603 ,  1.2218 , -0.0018 ,
 -0.0399 ,  0.0005 ,  0.1582 ,  0.7703 ,  1.1824 , -0.0018 ,
 -0.0813 , -0.0002 , -0.3181 , -1.5393 ,  0.4950 ,  0.3288 ,
 -0.0396 ,  0.0008 ,  0.3169 ,  2.3151 ,  1.1831 , -0.0036 ,
 -0.0806 ,  0.0004 , -0.0008 ,  0.7755 ,  0.4964 ,  0.0000 ,
 -0.0799 ,  0.0417 ,  0.1577 ,  0.7170 , -0.1337 , -0.0033 ,
 -0.0416 , -0.1227 , -0.3174 , -1.3552 ,  0.5813 ,  0.3288 ,
  0.0806 , -0.0004 ,  0.0008 ,  0.7741 ,  0.1258 , -0.0000 ,
 -0.1209 ,  0.0006 , -0.0012 ,  3.8749 ,  1.0558 ,  0.3253 ,
 -0.1224 , -0.0819 , -0.4770 ,  0.9134 ,  2.3136 ,  0.0054 ,
 -0.0406 , -0.0408 ,  0.1570 , -1.5087 , -0.0551 , -0.6589 ,
 -0.1608 , -0.0391 ,  0.1575 ,  0.8427 ,  0.3721 ,  0.3220 ,
  0.0001 ,  0.1624 , -0.3176 ,  1.3134 ,  0.5895 , -0.3217 ,
 -0.0799 ,  0.0010 ,  0.3165 , -0.7840 ,  1.1202 ,  0.3217 ,
 -0.0411 , -0.0817 , -0.1589 ,  0.1282 ,  2.4411 ,  0.3270 ,
 -0.0011 , -0.0821 , -0.3171 , -0.6422 ,  1.2587 , -0.6469 ,
 -0.1620 ,  0.0406 , -0.4776 ,  0.7294 ,  0.3606 , -0.6451 ,
  0.0395 , -0.0820 , -0.1581 ,  0.1275 ,  0.7000 ,  0.3270 ,
 -0.0821 , -0.0821 , -0.4766 , -0.6366 , -1.3571 , -0.6451 ,
 -0.0414 , -0.0820 , -0.3175 , -0.6419 ,  0.5735 ,  0.3288 ,
 -0.0804 , -0.0395 ,  0.1578 ,  0.0590 ,  1.7570 , -0.0012 ,
 -0.0807 ,  0.0817 ,  0.1558 , -2.4756 ,  0.4687 , -0.3133 ,
 -0.0006 , -0.0411 , -0.1586 ,  1.6160 ,  0.6293 ,  0.6522 ,
  0.0006 ,  0.0411 ,  0.1586 ,  1.4833 , -1.2517 ,  0.6487 ,
 -0.0821 , -0.0821 , -0.4766 ,  0.9131 ,  0.5098 ,  0.3306 ,
  0.0407 , -0.0407 ,  0.3173 ,  1.6158 , -0.5480 , -0.3454 ,
  0.0002 ,  0.0408 , -0.0001 ,  0.7133 , -1.8749 ,  0.0000 ,
 -0.0808 , -0.0404 , -0.0007 , -1.4876 ,  1.1265 ,  1.3010 ,
 -0.1208 ,  0.1630 , -0.3188 , -0.2350 ,  2.2675 ,  0.0036 ,
 -0.0001 ,  0.0405 , -0.1587 ,  1.4931 , -0.0086 ,  0.6522 ,
  0.0009 ,  0.0414 ,  0.3172 , -0.0712 ,  1.8605 ,  0.6469 ,
 -0.0804 ,  0.0412 , -0.0009 , -3.1603 ,  1.7331 ,  0.3252 ,
  0.0000 ,  0.0000 ,  0.0000 , -0.7748 ,  0.6223 , -0.6505 ,
 -0.1212 ,  0.0003 , -0.1599 ,  0.0059 ,  0.4328 ,  0.3270 ,
 -0.0397 , -0.0803 ,  0.3177 ,  1.6777 ,  1.1838 , -0.3118 ,
 -0.1619 ,  0.0002 , -0.3189 , -1.5387 ,  0.9914 ,  0.0036 ,
 -0.2416 ,  0.0419 , -0.0025 , -0.8342 , -0.3853 ,  0.3253 ,
 -0.2027 ,  0.0405 , -0.6367 ,  0.7346 ,  0.9192 ,  0.6576 ,
 -0.0406 , -0.0001 , -0.1590 ,  0.7801 , -0.0637 ,  0.3270 ,
  0.0009 ,  0.0414 ,  0.3172 ,  0.7036 , -0.6286 , -0.0036 ,
 -0.0405 , -0.0406 , -0.0003 ,  0.0618 , -0.6775 , -0.6505 ,
  0.0002 ,  0.0408 , -0.0001 , -0.0615 , -0.6302 ,  0.0000 ,
  0.0415 ,  0.0418 ,  0.4764 ,  1.4808 ,  1.2922 ,  0.0055 ,
 -0.0401 ,  0.0410 , -0.0005 , -0.0611 ,  0.5515 , -0.3252 ,
  0.0803 , -0.0818 ,  0.1599 , -0.6568 , -0.4798 ,  0.6641 ,
 -0.1205 ,  0.0821 , -0.0014 , -0.8967 ,  1.6624 ,  0.6505 ,
 -0.1210 ,  0.0410 , -0.1599 , -0.0555 ,  1.0472 ,  0.0018 ,
 -0.0406 , -0.0001 , -0.1590 , -0.7697 , -0.6860 ,  0.3270 ,
 -0.0806 ,  0.0004 , -0.0008 ,  0.0007 ,  1.1186 , -0.6505 ,
 -0.0809 , -0.0408 ,  0.1571 ,  2.4197 , -0.7379 ,  0.0084 ,
 -0.0403 ,  0.0002 , -0.0004 , -2.3244 ,  1.1816 ,  0.0000 ,
 -0.0398 , -0.0402 ,  0.4755 , -1.5012 , -0.6718 ,  0.0023 ,
 -0.1212 ,  0.0003 , -0.1599 ,  0.0059 ,  0.4328 ,  0.3270 ,
 -0.1210 , -0.0401 ,  0.1564 , -0.7079 ,  1.6883 ,  0.6542 ,
 -0.1601 ,  0.0017 ,  0.6318 , -1.5583 ,  0.9931 ,  0.9407 ,
  0.0406 ,  0.0001 ,  0.1590 ,  0.7696 ,  0.0637 , -0.3270 ,
 -0.2012 , -0.0390 ,  0.1568 ,  0.8417 , -0.3060 , -0.3385 ,
 -0.1207 ,  0.0423 ,  0.1575 ,  0.7065 ,  2.2882 ,  0.9593 ,
 -0.1202 , -0.0401 ,  0.1590 ,  1.6366 ,  1.0485 ,  0.6266 ,
  0.0007 ,  0.0006 ,  0.3173 ,  1.5399 ,  0.0015 ,  0.3217 ,
 -0.1199 ,  0.1231 ,  0.1572 , -0.1871 , -0.2097 ,  0.3429 ,
 -0.0401 ,  0.0410 , -0.0005 , -0.8360 ,  1.1737 ,  0.0000 ,
  0.0808 , -0.0409 ,  0.3188 , -0.7150 , -1.1128 ,  0.3289 ,
 -0.0006 , -0.1223 ,  0.0002 , -0.5905 ,  1.8903 , -0.0000 ,
 -0.0393 , -0.0395 ,  0.4757 ,  0.8227 , -0.0554 ,  0.6381 ,
 -0.1204 , -0.0796 ,  0.1584 ,  0.8989 ,  3.5467 , -0.0100 ,
 -0.1612 ,  0.0008 , -0.0016 ,  0.7762 , -0.8740 ,  0.3253 ,
  0.0401 , -0.0410 ,  0.0005 , -1.4887 ,  0.0707 , -0.3253 ,
 -0.1214 , -0.0405 , -0.1598 ,  0.8421 ,  0.4406 ,  0.0018 ,
 -0.1608 ,  0.0011 ,  0.1570 ,  0.7712 , -0.8732 ,  0.6487 ,
 -0.2011 ,  0.0013 ,  0.1566 , -0.0032 , -1.5585 , -0.6522 ,
 -0.1612 ,  0.0008 , -0.0016 , -0.7735 , -0.8740 ,  0.3253 ,
 -0.1209 ,  0.0006 , -0.0012 , -0.7738 , -1.4334 ,  0.0000 ,
 -0.0413 , -0.0007 , -0.4763 ,  0.0150 , -0.0652 ,  0.9811 ,
 -0.1621 , -0.0406 , -0.3188 ,  2.3969 ,  1.6215 ,  0.3288 ,
 -0.0809 ,  0.0001 , -0.1594 , -0.7694 ,  1.1179 , -0.3234 ,
 -0.1214 , -0.0405 , -0.1598 ,  0.8421 , -0.8040 ,  0.6523 ,
 -0.1214 , -0.0405 , -0.1598 ,  0.0674 ,  2.3072 ,  0.0018 ,
  0.0007 ,  0.0006 ,  0.3173 ,  1.5399 ,  0.6237 ,  0.3217 ,
 -0.0808 , -0.0404 , -0.0007 ,  1.6117 ,  1.7488 ,  0.6505 ,
 -0.1210 , -0.1615 ,  0.1568 , -1.3207 ,  2.3222 ,  0.0199 ,
 -0.0005 ,  0.0401 , -0.3174 ,  1.4979 ,  1.2353 , -0.3217 ,
 -0.0402 , -0.0404 ,  0.1587 ,  1.6389 ,  0.5504 , -0.0021 ,
 -0.0811 ,  0.0405 , -0.3182 , -0.8259 ,  1.1094 ,  0.3288 ,
 -0.0812 , -0.0407 , -0.1594 , -0.7078 ,  1.7480 , -0.3234 ,
 -0.2009 , -0.0794 ,  0.3158 ,  0.8941 ,  0.3227 ,  0.3084 ,
 -0.1213 , -0.0810 , -0.0011 , -0.6509 , -0.1731 ,  0.9757 ,
 -0.1214 , -0.0405 , -0.1598 ,  1.6169 ,  1.0628 ,  0.0018 ,
 -0.0409 , -0.0409 , -0.1590 , -0.7082 ,  0.5664 ,  0.3270 ,
 -0.0812 , -0.0407 , -0.1594 , -2.2578 ,  1.1257 , -0.6487 ,
 -0.0806 ,  0.0004 , -0.0008 ,  1.5503 ,  1.7410 ,  0.3252 ,
 -0.2420 , -0.0396 , -0.0023 , -0.7114 ,  0.2526 ,  0.6505 ,
  0.0393 , -0.1228 , -0.1580 ,  0.1889 ,  1.3301 ,  0.6522 ,
 -0.0400 ,  0.0409 ,  0.1577 , -0.8469 , -0.0693 ,  0.0014 ,
 -0.1620 , -0.0811 , -0.1601 , -0.6457 ,  1.6300 ,  0.3270 ,
 -0.0402 ,  0.0814 , -0.1592 , -0.1177 ,  0.5430 ,  0.6522 ,
  0.0406 ,  0.1218 , -0.1585 , -0.1798 ,  1.2833 ,  0.3270 ,
 -0.0813 , -0.0002 , -0.3181 , -2.3142 ,  0.4950 ,  0.0036 ,
 -0.0415 ,  0.0397 , -0.6350 , -0.0415 ,  0.5485 ,  0.3324 ,
 -0.0800 , -0.0795 ,  0.3171 ,  0.8836 ,  1.7641 ,  0.3185 ,
  0.0002 ,  0.0408 , -0.0001 , -1.6112 , -1.2525 ,  0.0000 ,
 -0.0800 ,  0.0824 ,  0.3153 , -0.8981 ,  1.1028 ,  0.3175 ,
 -0.0408 ,  0.0403 , -0.3178 , -0.8262 ,  1.1724 , -0.6469 ,
 -0.1604 ,  0.0423 ,  0.1571 ,  0.7169 , -0.2571 , -0.3407 ,
  0.0009 ,  0.0414 ,  0.3172 , -2.3961 , -0.6286 , -0.3288 ,
 -0.0809 ,  0.0001 , -0.1594 ,  0.0056 ,  0.4957 ,  0.6523 ,
 -0.0001 ,  0.1217 , -0.3175 , -0.9494 ,  0.5973 , -0.6469 ,
 -0.0805 ,  0.0816 , -0.1596 , -0.8922 ,  1.1023 ,  0.3270 ,
 -0.1195 ,  0.0426 ,  0.4748 ,  0.7007 ,  0.4224 , -0.0021 ,
  0.0006 ,  0.0411 ,  0.1586 , -0.0664 ,  0.6152 ,  0.6487 ,
  0.0003 ,  0.0003 ,  0.1586 , -0.0049 ,  0.6230 , -0.0018 ,
  0.0006 ,  0.0411 ,  0.1586 , -3.9409 ,  0.6152 , -0.6523 ,
 -0.0807 ,  0.1221 , -0.3183 ,  0.6009 ,  0.4715 ,  0.3288 ,
 -0.1609 ,  0.0826 ,  0.3139 , -0.8907 ,  1.6013 ,  0.3221 ,
 -0.0399 ,  0.0005 ,  0.1582 , -0.7794 ,  2.4269 ,  0.3234 ,
  0.0802 , -0.0819 ,  0.0010 , -2.2025 ,  0.7637 , -0.3253 ,
 -0.1212 ,  0.0003 , -0.1599 ,  0.0059 , -0.1895 ,  0.0018 ,
 -0.0814 , -0.1627 , -0.0005 ,  0.2465 ,  1.1499 ,  0.0000 ,
 -0.1213 , -0.0810 , -0.0011 ,  0.1240 ,  2.3157 ,  1.3010 ,
 -0.0806 ,  0.0004 , -0.0008 ,  1.5503 , -0.1259 ,  0.3252 ,
  0.1605 , -0.0014 , -0.3157 ,  0.0084 , -0.3721 , -0.3217 ,
 -0.0806 ,  0.0004 , -0.0008 ,  0.0007 ,  1.1186 ,  0.3252 ,
 -0.0804 ,  0.0420 ,  0.1579 ,  0.7060 ,  1.1067 ,  0.6371 ,
 -0.1224 , -0.0819 , -0.4770 , -0.6363 ,  1.0691 ,  0.9811 ,
  0.0800 ,  0.0802 , -0.4752 ,  0.6659 ,  1.9748 ,  0.6558 ,
 -0.0405 , -0.0406 , -0.0003 , -1.4879 , -0.0551 ,  0.0000 ,
 -0.0803 ,  0.1224 , -0.1597 ,  1.3708 , -0.7723 ,  0.0018 ,
 -0.1614 , -0.0400 , -0.0015 ,  1.6124 ,  1.6229 , -0.3252 ,
 -0.0405 , -0.0406 , -0.0003 ,  0.8366 ,  1.1894 ,  0.0000 ,
  0.0406 ,  0.0001 ,  0.1590 ,  0.7696 ,  0.0637 ,  0.6487 ,
 -0.1209 ,  0.0006 , -0.0012 ,  0.7758 ,  1.0558 ,  0.9757 ,
  0.0009 ,  0.0414 ,  0.3172 , -0.0712 ,  0.6160 ,  0.6469 ,
 -0.0401 , -0.0400 ,  0.1582 ,  0.0581 ,  0.5703 , -0.3171 ,
 -0.0409 ,  0.0808 , -0.4765 , -1.6576 , -0.7031 ,  0.3306 ,
  0.0409 ,  0.0408 ,  0.1586 , -0.8477 ,  0.0587 , -0.3202 ,
 -0.1211 , -0.0402 , -0.0011 , -0.7124 ,  1.6859 ,  0.3253 ,
 -0.0003 , -0.0003 , -0.1586 ,  0.0049 ,  0.6215 ,  0.0018 ,
 -0.0798 ,  0.1635 , -0.0011 ,  0.5297 , -0.1571 , -0.3252 ,
 -0.0009 , -0.0414 , -0.3172 ,  0.8461 ,  1.2508 ,  0.0036 ,
 -0.0401 ,  0.0410 , -0.0005 , -3.1605 , -0.0707 ,  0.0000 ,
  0.0401 , -0.0410 ,  0.0005 , -0.7138 ,  0.0707 ,  0.3252 ,
  0.0001 , -0.0405 ,  0.1587 , -0.7183 ,  0.0086 ,  0.6487 ,
 -0.1198 ,  0.0015 ,  0.4747 , -0.7886 ,  1.0580 , -0.6558 ,
 -0.0809 ,  0.0001 , -0.1594 , -0.7693 , -0.1266 ,  0.3270 ,
 -0.0802 ,  0.0819 , -0.0010 ,  0.6526 ,  1.7254 ,  0.3253 ,
 -0.0407 , -0.0813 , -0.0003 ,  1.6730 ,  0.5749 ,  0.3252 ,
 -0.0813 , -0.0002 , -0.3181 ,  1.5601 ,  0.4950 ,  0.9793 ,
  0.0401 ,  0.1222 ,  0.1583 ,  0.5792 ,  1.2750 , -0.0057 ,
 -0.0403 , -0.0810 ,  0.1584 ,  0.1183 , -0.0459 , -0.0021 ,
 -0.0399 ,  0.0005 ,  0.1582 ,  0.7703 ,  1.1824 ,  0.6487 ,
 -0.1205 ,  0.0009 ,  0.1574 , -0.0039 ,  1.0565 , -0.0018 ,
  0.0406 ,  0.0001 ,  0.1590 , -0.0052 ,  1.3082 ,  0.9739 ,
 -0.0817 , -0.0818 , -0.3179 , -1.4164 ,  1.7551 ,  0.9793 ,
 -0.0409 , -0.0409 , -0.1590 ,  0.0667 ,  0.5664 ,  0.3270 ,
 -0.0403 ,  0.0002 , -0.0004 , -0.7745 ,  1.1816 ,  0.3252 ,
 -0.0406 , -0.0001 , -0.1590 , -1.5446 ,  1.1808 , -0.3234 ,
 -0.0812 , -0.0407 , -0.1594 ,  0.0670 ,  0.5035 ,  0.0018 ,
 -0.0806 ,  0.0004 , -0.0008 ,  0.0007 ,  1.7410 ,  0.6505 ,
  0.0397 , -0.1225 ,  0.0006 ,  0.1840 ,  0.7086 , -0.3253 ,
 -0.0808 , -0.0404 , -0.0007 ,  1.6117 , -0.7404 , -1.6262 ,
 -0.1612 ,  0.0008 , -0.0016 , -0.7735 ,  0.3706 ,  0.3253 ,
 -0.2017 , -0.0398 , -0.0019 , -0.7117 , -0.3068 , -0.3252 ,
  0.0808 ,  0.0404 ,  0.0007 , -0.8370 ,  0.7403 , -0.3253 ,
 -0.0003 , -0.0003 , -0.1586 ,  0.0049 ,  1.2438 , -0.3234 ,
 -0.0419 , -0.0418 , -0.6349 ,  0.8562 ,  1.1864 , -0.3181 ,
 -0.1622 , -0.1218 , -0.1600 ,  0.1906 ,  1.6378 , -0.6487 ,
 -0.1608 ,  0.0823 , -0.0018 , -0.1215 , -1.5120 ,  0.6505 ,
  0.0393 , -0.1228 , -0.1580 , -0.5860 ,  0.7078 ,  0.0018 ,
 -0.0806 , -0.0804 ,  0.1566 , -1.4425 ,  2.3666 ,  0.0222 ,
 -0.0804 ,  0.0412 , -0.0009 , -0.8357 ,  0.4886 ,  0.0000 ,
 -0.0417 , -0.0010 , -0.6350 , -1.5299 ,  1.1787 ,  0.3323 ,
 -0.0396 ,  0.0008 ,  0.3169 , -0.7843 ,  1.1831 ,  0.9722 ,
  0.0399 , -0.0005 , -0.1582 , -0.7703 , -1.1825 ,  0.3270 ,
 -0.0401 , -0.0808 ,  0.1577 , -0.6454 ,  1.2042 ,  0.0057 ,
  0.0789 , -0.1236 , -0.4749 ,  0.9731 ,  0.7693 ,  0.3306 ,
  0.0402 ,  0.0816 ,  0.1581 , -0.1257 ,  1.2930 ,  0.0000 ,
 -0.0403 ,  0.0002 , -0.0004 ,  0.7751 , -0.6853 ,  0.0000 ,
 -0.1210 ,  0.0410 , -0.1599 , -0.0555 , -0.8196 ,  0.0018 ,
 -0.1219 , -0.1220 , -0.1596 ,  0.1903 , -0.1661 ,  0.0018 ,
 -0.0799 , -0.0404 ,  0.1592 ,  1.6364 ,  1.1095 ,  0.3030 ,
 -0.0005 ,  0.0401 , -0.3174 , -0.0517 , -0.6316 ,  0.3288 ,
 -0.1207 , -0.0802 ,  0.1580 ,  0.9055 ,  0.4406 ,  0.6429 ,
 -0.1615 ,  0.0005 , -0.1603 ,  2.3307 ,  1.6143 ,  0.9775 ,
 -0.0006 , -0.0411 , -0.1586 ,  0.0663 , -0.6153 ,  0.0018 ,
 -0.0799 , -0.0393 ,  0.3171 ,  1.6151 ,  1.1134 ,  0.0083 ,
 -0.0813 , -0.0002 , -0.3181 , -0.7644 , -0.1273 ,  0.3288 ,
  0.0410 ,  0.0004 ,  0.3177 ,  2.3142 ,  1.3089 ,  0.6469 ,
 -0.1210 ,  0.0410 , -0.1599 , -0.0555 ,  0.4250 ,  0.0018 ,
  0.0001 , -0.0405 ,  0.1587 ,  0.8314 , -0.6138 ,  0.3234 ,
 -0.0403 ,  0.0002 , -0.0004 ,  1.5500 , -0.0629 ,  0.3252 ,
 -0.1210 ,  0.0410 , -0.1599 ,  0.7193 ,  1.6695 ,  0.0018 ,
 -0.1617 , -0.0403 , -0.1602 , -0.7071 ,  0.9999 ,  0.3270 ,
 -0.0006 , -0.1223 ,  0.0002 ,  0.1844 ,  2.5125 , -0.0000 ,
  0.0006 ,  0.0411 ,  0.1586 ,  0.7084 ,  0.6152 ,  0.9739 ,
 -0.2018 ,  0.0007 , -0.1607 , -0.7683 ,  0.9292 , -0.3234 ,
 -0.0404 ,  0.0406 , -0.1591 , -1.6060 , -0.0715 ,  1.6278 ,
  0.0004 ,  0.0815 , -0.0002 , -2.4475 ,  1.2288 ,  0.6505 ,
 -0.2021 , -0.1213 , -0.0018 ,  1.7357 ,  0.3311 ,  0.0000 ,
 -0.0402 , -0.0404 ,  0.1587 ,  1.6389 ,  0.5504 , -0.0021 ,
 -0.1623 , -0.0814 , -0.3187 ,  0.9089 ,  1.0069 ,  0.6541 ,
 -0.1204 , -0.0389 ,  0.1582 ,  0.8340 ,  1.0622 , -0.0081 ,
 -0.1195 ,  0.0830 ,  0.4746 , -0.1365 , -0.2022 , -0.6834 ,
 -0.1612 ,  0.0411 ,  0.1570 , -0.8349 , -0.8838 ,  0.3241 ,
 -0.0802 ,  0.0819 , -0.0010 , -0.1222 ,  2.3475 , -0.3252 ,
 -0.1213 ,  0.0821 ,  0.1548 , -1.6857 ,  1.0246 ,  0.3449 ,
  0.0402 ,  0.0403 , -0.1583 ,  1.4927 ,  1.2989 , -0.3235 ,
 -0.1608 ,  0.0011 ,  0.1570 ,  1.5461 ,  0.3713 ,  0.3235 ,
 -0.0393 , -0.0394 ,  0.4757 ,  0.8237 ,  0.5636 ,  0.6170 ,
 -0.0008 , -0.0818 , -0.1585 , -0.6471 ,  1.2594 ,  0.3270 ,
  0.0405 ,  0.0406 ,  0.0003 , -2.3866 , -1.1895 ,  0.3252 ,
 -0.0399 ,  0.0005 ,  0.1582 ,  0.7703 , -1.3068 ,  0.6487 ,
 -0.0407 , -0.0813 , -0.0003 ,  0.8981 , -0.0473 ,  0.3252 ,
 -0.0401 ,  0.0410 , -0.0005 , -0.0611 ,  1.7961 ,  0.0000 ,
 -0.1211 , -0.0402 , -0.0011 ,  1.6120 ,  1.0636 , -0.6505 ,
 -0.0818 , -0.0413 , -0.4766 , -1.4729 , -1.3650 ,  0.0054 ,
  0.0808 ,  0.0404 ,  0.0007 ,  0.7127 ,  0.7403 ,  0.9757 ,
 -0.1205 ,  0.0009 ,  0.1574 , -0.0039 ,  2.9232 ,  0.3235 ,
 -0.0809 ,  0.0001 , -0.1594 , -1.5442 ,  0.4957 ,  0.9775 ,
 -0.0006 , -0.0411 , -0.1586 ,  0.0663 ,  0.0071 , -0.3234 ,
 -0.0812 , -0.0407 , -0.1594 , -0.7078 ,  0.5035 ,  0.3270 ,
 -0.1208 , -0.1616 ,  0.3164 ,  0.2373 ,  0.4668 , -0.3096 ,
 -0.0802 ,  0.0007 ,  0.1578 , -0.7791 , -0.1251 ,  0.6487 ,
 -0.0799 ,  0.0417 ,  0.1577 ,  0.7170 , -0.1337 , -0.6776 ,
 -0.1202 ,  0.0012 ,  0.3161 ,  0.7660 ,  1.0573 ,  0.3217 ,
 -0.0002 , -0.0408 ,  0.0001 , -0.7134 ,  0.6301 , -0.3253 ,
 -0.1211 , -0.0402 , -0.0011 ,  0.8373 ,  1.0636 ,  0.0000 ,
  0.0005 , -0.0401 ,  0.3174 , -0.7232 ,  1.2538 ,  1.2974 ,
  0.0007 ,  0.0006 ,  0.3173 ,  0.7650 ,  0.6237 , -0.3288 ,
 -0.1213 , -0.0810 , -0.0011 ,  1.6735 , -0.7955 ,  0.0000 ,
 -0.2011 ,  0.0013 ,  0.1566 , -0.0032 ,  1.5530 ,  0.6487 ,
 -0.2006 , -0.0386 ,  0.4738 ,  0.0508 ,  0.9380 ,  0.6193 ,
 -0.0404 ,  0.0406 , -0.1591 ,  0.7186 ,  1.7953 ,  0.6522 ,
  0.0411 ,  0.0414 ,  0.3173 , -0.0701 ,  0.6769 ,  0.6251 ,
 -0.1210 , -0.1619 ,  0.3165 ,  0.2354 , -0.1566 ,  0.3279 ,
 -0.0398 , -0.0805 ,  0.3163 , -0.6485 ,  1.2047 , -0.6492 ,
  0.0406 ,  0.0001 ,  0.1590 ,  1.5444 ,  0.6859 ,  0.6487 ,
 -0.1208 ,  0.0818 , -0.1600 , -0.8918 , -0.8275 ,  0.3270 ,
 -0.0017 , -0.1232 , -0.4757 ,  0.9739 ,  0.6434 ,  0.0053 ,
 -0.1216 , -0.0000 , -0.3185 , -1.5390 ,  2.2987 ,  0.0036 ,
 -0.0407 , -0.0813 , -0.0003 ,  0.1233 ,  1.1972 ,  0.3252 ,
  0.0802 , -0.0007 , -0.1578 , -0.7707 ,  0.7474 ,  0.9775 ,
  0.0408 ,  0.0403 ,  0.1579 , -1.6325 ,  0.0595 ,  0.0042 ,
 -0.0406 , -0.0001 , -0.1590 ,  0.0052 ,  1.1808 ,  0.3270 ,
 -0.0396 ,  0.0008 ,  0.3169 , -0.7843 , -0.0614 , -0.0036 ,
  0.0406 ,  0.0001 ,  0.1590 , -1.5551 ,  0.0637 , -0.3270 ,
 -0.0799 ,  0.0416 ,  0.3157 , -0.8412 ,  0.4876 ,  0.3121 ,
 -0.1194 ,  0.0026 ,  0.6343 ,  3.1011 ,  2.2728 ,  0.3358 ,
 -0.0813 , -0.0002 , -0.3181 ,  0.0105 ,  1.1171 ,  0.3288 ,
 -0.0807 ,  0.0408 , -0.1595 ,  0.7189 , -0.1344 ,  0.3270 ,
 -0.1606 ,  0.1231 , -0.0018 , -0.9579 , -0.2751 , -0.3252 ,
 -0.0809 ,  0.0001 , -0.1594 , -2.3192 ,  0.4957 ,  0.6523 ,
 -0.1208 ,  0.0818 , -0.1600 , -0.8918 ,  0.4172 ,  0.0018 ,
 -0.0008 ,  0.0398 , -0.4760 ,  0.7280 ,  1.2344 ,  0.3306 ,
 -0.1603 ,  0.0830 ,  0.1571 ,  0.6530 ,  0.3487 ,  0.6381 ,
 -0.2026 , -0.0812 , -0.3192 , -0.6405 ,  0.9441 ,  0.3288 ,
 -0.0003 , -0.0003 , -0.1586 ,  0.0049 , -0.6231 ,  0.0018 ,
 -0.0399 ,  0.0005 ,  0.1582 , -0.0045 ,  1.1824 , -0.3270 ,
 -0.0800 ,  0.1227 , -0.0010 , -0.1837 , -0.1493 ,  0.0000 ,
 -0.1601 ,  0.0017 ,  0.4743 ,  0.7615 , -0.2494 ,  0.3199 ,
 -0.1220 , -0.0816 , -0.3183 ,  1.6834 ,  1.0699 ,  0.6541 ,
  0.0808 ,  0.0404 ,  0.0007 , -0.8370 ,  1.3625 , -0.3253 ,
  0.0399 , -0.0005 , -0.1582 , -1.5453 , -0.5602 ,  0.0018 ,
 -0.0003 , -0.0003 , -0.1586 ,  0.0049 ,  1.2438 ,  0.6522 ,
 -0.1623 , -0.0814 , -0.3187 , -2.9655 ,  1.0069 ,  0.3288 ,
 -0.1615 ,  0.0005 , -0.1603 ,  1.5559 ,  0.3699 , -0.3234 ,
 -0.1221 , -0.0411 , -0.4771 , -1.4726 , -0.8055 ,  0.6558 ,
  0.0790 , -0.0424 , -0.6337 ,  0.0803 ,  1.9975 ,  0.0071 ,
 -0.0399 ,  0.0005 ,  0.1582 ,  1.5451 ,  0.5601 , -0.3270 ,
 -0.0804 ,  0.0412 , -0.0009 , -0.8357 , -0.1337 ,  0.0000 ,
 -0.0812 , -0.1219 , -0.0006 ,  0.1851 ,  0.5198 ,  0.0000 ,
  0.0397 , -0.0413 , -0.1582 ,  1.6156 ,  0.0700 ,  0.3270 ,
  0.0802 , -0.0007 , -0.1578 ,  0.0042 ,  0.7474 ,  0.0018 ,
 -0.0813 , -0.0002 , -0.3181 , -1.5393 ,  1.1171 ,  0.0036 ,
 -0.1212 ,  0.0003 , -0.1599 , -2.3188 ,  1.0550 ,  0.3270 ,
 -0.0395 ,  0.0413 ,  0.3166 , -0.8443 , -0.0669 , -0.3320 ,
 -0.0804 ,  0.0411 ,  0.1568 , -0.8435 ,  0.4822 ,  0.9590 ,
  0.0392 , -0.0823 , -0.3167 ,  0.1323 , -0.5453 , -0.3217 ,
 -0.1601 ,  0.0017 ,  0.4743 ,  1.5363 , -1.4941 ,  0.6451 ,
 -0.0807 ,  0.0408 , -0.1595 , -0.0559 , -0.1344 ,  0.6523 ,
  0.0402 ,  0.1215 , -0.3171 , -2.4997 ,  1.2825 ,  0.0036 ,
 -0.0392 ,  0.0011 ,  0.4755 ,  2.3103 ,  0.5616 , -0.0053 ,
 -0.0404 ,  0.0406 , -0.1591 ,  2.2682 , -0.0715 , -0.3234 ,
 -0.0009 , -0.0414 , -0.3172 ,  0.0712 ,  0.6286 ,  0.3288 ,
 -0.0808 , -0.0404 , -0.0007 ,  0.0621 ,  0.5042 ,  0.3252 ,
 -0.1201 , -0.0394 ,  0.4752 ,  0.0472 , -0.8029 ,  0.3357 ,
 -0.1220 , -0.0816 , -0.3183 ,  1.6834 ,  1.6922 ,  0.6541 ,
 -0.0403 ,  0.0002 , -0.0004 , -1.5494 , -1.3076 , -0.3252 ,
  0.0010 ,  0.1226 ,  0.1584 , -0.9641 , -0.0227 , -0.3270 ,
 -0.0802 ,  0.0819 , -0.0010 , -1.6720 ,  0.4808 , -0.3252 ,
 -0.0405 , -0.0406 , -0.0003 , -0.7131 , -1.2998 , -0.3252 ,
 -0.1222 , -0.1223 , -0.3183 , -0.5797 ,  1.0777 , -0.3217 ,
 -0.0394 , -0.0400 ,  0.6350 , -0.7275 , -1.9212 , -0.3417 ,
 -0.1211 , -0.0402 , -0.0011 ,  0.0625 , -1.4256 , -0.3252 ,
 -0.0007 , -0.0006 , -0.3173 ,  1.5594 ,  1.8653 ,  0.0036 ,
  0.0003 , -0.0809 ,  0.3174 , -0.6618 ,  3.1282 , -0.0036 ,
 -0.0398 , -0.0400 ,  0.3170 ,  0.0520 , -0.0536 , -0.0038 ,
 -0.1214 , -0.0405 , -0.1598 ,  0.0674 ,  1.0628 ,  0.3270 ,
 -0.0808 , -0.0404 , -0.0007 ,  0.0621 ,  0.5042 ,  0.3252 ,
 -0.1218 , -0.0408 , -0.3184 ,  0.8470 ,  0.4398 ,  0.0036 ,
 -0.0401 , -0.0403 ,  0.1584 ,  0.0569 , -0.0543 ,  0.3313 ,
 -0.1207 ,  0.0413 , -0.0013 , -0.8353 ,  0.4257 ,  0.3253 ,
  0.0399 , -0.0817 ,  0.0006 ,  0.1226 ,  0.7008 ,  0.3252 ,
 -0.1614 , -0.0400 ,  0.1559 , -0.7076 ,  1.6243 ,  0.3304 ,
 -0.0405 , -0.0406 , -0.0003 ,  0.8366 ,  1.1894 , -0.6505 ,
 -0.0397 ,  0.0414 ,  0.1581 ,  0.7169 , -0.0722 , -0.0024 ,
 -0.0006 , -0.0411 , -0.1586 , -0.7085 ,  2.4959 ,  0.3270 ,
 -0.1216 , -0.0000 , -0.3185 , -0.7641 , -0.1903 ,  0.6541 ,
 -0.0807 ,  0.0408 , -0.1595 , -0.8308 ,  0.4879 ,  0.3270 ,
 -0.1214 , -0.0405 , -0.1598 , -0.7075 ,  0.4406 , -0.6487 ,
  0.0395 , -0.0820 , -0.1581 ,  0.1275 , -0.5445 ,  0.6522 ,
 -0.1216 , -0.1216 ,  0.1573 ,  0.9603 , -0.7931 , -0.0032 ,
 -0.2420 , -0.1212 ,  0.1556 , -0.5823 ,  0.8988 ,  0.3241 ,
 -0.0410 , -0.0004 , -0.3177 , -0.7647 ,  0.5578 ,  0.3288 ,
 -0.0407 , -0.0813 , -0.0003 , -0.6516 , -0.0473 ,  0.6505 ,
  0.1215 ,  0.1217 ,  0.0010 ,  1.3642 , -0.4570 , -0.6505 ,
  0.0807 ,  0.0808 , -0.1580 ,  0.6561 ,  0.7317 ,  0.3270 ,
  0.0394 , -0.0416 , -0.3168 ,  0.8457 ,  1.3138 ,  0.3288 ,
 -0.0407 , -0.0813 , -0.0003 ,  0.8981 ,  0.5749 ,  0.0000 ,
  0.0410 ,  0.0004 ,  0.3177 , -0.0101 ,  0.6867 , -0.6541 ,
 -0.0404 ,  0.0406 , -0.1591 , -0.8311 ,  1.7953 ,  0.0018 ,
 -0.0789 ,  0.0830 ,  0.4750 ,  1.4186 , -0.7574 , -0.0131 ,
 -0.2022 ,  0.0003 , -0.3193 ,  0.7863 ,  0.3062 ,  0.0036 ,
 -0.2011 ,  0.0825 , -0.0022 , -0.1212 ,  0.2920 ,  0.9757 ,
 -0.1210 , -0.0402 ,  0.1566 , -0.7186 ,  0.4378 , -0.6441 ,
 -0.0009 , -0.0414 , -0.3172 ,  0.8461 ,  1.2508 ,  0.0036 ,
 -0.0396 ,  0.0008 ,  0.3169 , -0.7843 ,  0.5608 , -0.0036 ,
 -0.0408 ,  0.0403 , -0.3178 , -1.6010 , -0.0722 ,  0.6541 ,
 -0.0009 , -0.0414 , -0.3172 ,  2.3958 ,  0.6286 ,  0.3288 ,
 -0.0396 ,  0.0008 ,  0.3169 , -1.5592 ,  1.8054 ,  0.9722 ,
 -0.1610 ,  0.0415 , -0.0017 ,  0.7148 , -0.2595 ,  0.0000 ,
  0.0399 , -0.0005 , -0.1582 , -1.5452 ,  0.0622 ,  0.3270 ,
 -0.1619 , -0.0805 ,  0.1555 , -1.4423 ,  1.0013 ,  0.3414 ,
 -0.0404 ,  0.0406 , -0.1591 , -0.0562 ,  1.1730 ,  0.3270 ,
  0.0002 ,  0.0408 , -0.0001 , -0.0615 , -0.0078 , -0.3252 ,
  0.0808 , -0.0813 ,  0.1596 ,  0.1197 ,  0.7703 ,  0.3176 ,
 -0.1606 ,  0.0416 ,  0.1570 ,  1.5154 , -0.2584 , -0.3355 ,
 -0.0409 , -0.0409 , -0.1590 , -1.4831 , -0.0559 ,  0.0018 ,
 -0.1210 ,  0.1223 , -0.3187 , -0.9484 , -0.2137 , -0.3217 ,
 -0.0789 ,  0.1238 ,  0.4749 ,  0.5772 ,  0.4725 , -0.0023 ,
 -0.0802 ,  0.0007 ,  0.1578 , -0.7791 ,  0.4972 ,  0.3234 ,
 -0.0409 , -0.0409 , -0.1590 ,  1.6163 , -0.0559 ,  0.6522 ,
 -0.0400 ,  0.0410 ,  0.1584 ,  1.5151 ,  0.5317 , -0.3217 ,
  0.0003 ,  0.0003 ,  0.1586 , -0.0049 ,  0.0007 , -0.0018 ,
 -0.0003 , -0.1220 ,  0.1589 , -0.5954 , -0.5982 ,  0.6487 ,
 -0.1206 , -0.0399 ,  0.3160 , -0.7195 , -0.1798 , -0.6759 ,
 -0.0401 , -0.0397 ,  0.1582 ,  0.0587 ,  3.0680 ,  0.6389 ,
 -0.1617 , -0.0808 ,  0.3135 , -2.2381 ,  0.9901 ,  0.6371 ,
 -0.0403 ,  0.0002 , -0.0004 , -1.5494 ,  0.5593 ,  0.3252 ,
 -0.0403 ,  0.0002 , -0.0004 , -0.7745 ,  0.5593 , -0.6505 ,
 -0.1610 ,  0.0415 , -0.0017 ,  0.7148 ,  0.9851 ,  0.3253 ,
 -0.0001 ,  0.0405 , -0.1587 , -0.8315 , -0.0086 ,  0.3270 ,
  0.0395 , -0.0820 , -0.1581 , -2.1972 ,  0.7000 ,  0.3270 ,
 -0.0417 , -0.0010 , -0.6350 , -1.5299 ,  1.8009 ,  0.3323 ,
 -0.0806 ,  0.0004 , -0.0008 , -1.5490 , -0.7482 ,  0.0000 ,
 -0.1212 ,  0.0003 , -0.1599 ,  0.7807 ,  0.4328 ,  0.9775 ,
 -0.0003 , -0.0003 , -0.1586 ,  0.0049 , -0.0007 ,  0.0018 ,
 -0.0409 , -0.1220 ,  0.1585 ,  0.1791 , -0.6688 , -0.0047 ,
  0.0397 , -0.0413 , -0.1582 ,  0.0660 , -0.5524 ,  0.0018 ,
 -0.0806 ,  0.0004 , -0.0008 ,  0.7755 ,  1.7410 , -0.3252 ,
  0.0397 , -0.0413 , -0.1582 ,  0.8408 ,  3.8035 ,  0.3270 ,
 -0.0408 ,  0.0403 , -0.3178 , -3.1509 , -0.0722 ,  0.0036 ,
 -0.1608 ,  0.0011 ,  0.1570 , -0.0035 ,  1.6160 ,  0.3235 ,
 -0.0394 ,  0.0415 ,  0.3171 , -0.0707 , -0.6910 , -0.0052 ,
 -0.0809 ,  0.1225 ,  0.1551 , -1.7470 ,  1.0795 ,  0.3462 ,
 -0.1211 , -0.0402 , -0.0011 , -1.4873 , -0.8033 ,  0.3253 ,
 -0.1208 , -0.0397 ,  0.1573 ,  0.8311 , -0.8026 , -0.0040 ,
 -0.0396 ,  0.0008 ,  0.3169 , -0.7843 ,  1.1831 , -0.0036 ,
  0.0000 ,  0.0000 ,  0.0000 ,  0.7748 ,  0.6223 ,  0.9757 ,
  0.0000 ,  0.0000 ,  0.0000 ,  0.7748 ,  0.6223 ,  0.3252 ,
 -0.2429 , -0.0810 , -0.3196 , -1.4150 , -0.9857 , -0.6469 ,
 -0.0406 ,  0.0811 , -0.3178 ,  0.6620 ,  1.1645 , -0.3217 ,
 -0.0814 , -0.0815 , -0.1593 ,  0.9033 , -0.7333 , -0.6487 ,
 -0.0808 , -0.0404 , -0.0007 ,  0.8369 ,  2.3710 ,  0.3252 ,
 -0.0398 ,  0.0415 ,  0.1583 ,  0.7127 ,  0.5439 ,  0.3234 ,
 -0.1203 , -0.0394 ,  0.3163 ,  0.8297 , -0.1805 , -0.0056 ,
  0.0001 ,  0.0812 , -0.1588 , -0.1180 ,  1.2282 , -0.3234 ,
 -0.0807 ,  0.0408 , -0.1595 , -0.8308 ,  1.1101 ,  0.0018 ,
 -0.0825 , -0.0419 , -0.7939 ,  0.0866 ,  1.1228 ,  0.0089 ,
  0.0396 , -0.0008 , -0.3169 ,  1.5590 ,  1.3059 ,  0.6540 ,
 -0.1217 ,  0.0404 , -0.4772 ,  0.7290 ,  1.6680 ,  0.3306 ,
 -0.0810 , -0.0811 , -0.0007 , -0.6513 ,  2.3788 ,  0.6505 ,
 -0.0003 ,  0.0809 , -0.3174 ,  0.6617 ,  0.6051 ,  0.6541 ,
 -0.0802 ,  0.0007 ,  0.1578 , -0.0042 ,  0.4972 , -0.3270 ,
  0.0396 , -0.0008 , -0.3169 ,  0.0094 ,  0.6837 ,  0.0036 ,
 -0.0406 , -0.0001 , -0.1590 ,  0.0052 , -0.6860 , -0.9740 ,
 -0.0804 ,  0.0412 , -0.0009 ,  0.7141 ,  0.4886 ,  0.6505 ,
 -0.2014 ,  0.0822 , -0.1608 , -0.1163 , -0.9533 ,  0.3270 ,
 -0.1218 , -0.0408 , -0.3184 , -0.7026 , -0.8048 ,  0.0036 ,
 -0.0817 , -0.0818 , -0.3179 , -0.6415 , -0.1117 ,  0.0036 ,
 -0.1218 , -0.0408 , -0.3184 , -1.4775 ,  0.4398 ,  0.0036 ,
 -0.0409 , -0.0409 , -0.1590 ,  0.0667 , -0.0559 ,  0.3270 ,
 -0.0817 , -0.0818 , -0.3179 , -0.6415 , -0.1117 ,  0.0036 ,
  0.0397 ,  0.0804 , -0.4757 , -0.8835 ,  1.2895 ,  0.9811 ,
  0.0407 , -0.0809 ,  0.3174 , -0.6559 ,  0.7046 ,  0.3156 ,
 -0.0411 , -0.0817 , -0.1589 , -2.1965 , -0.0480 ,  0.6522 ,
 -0.1218 , -0.0811 ,  0.1560 , -1.4490 ,  0.4391 ,  0.3235 ,
 -0.0815 , -0.0410 , -0.3180 ,  0.8468 , -0.1195 ,  0.0036 ,
 -0.1221 , -0.0411 , -0.4771 , -1.4726 ,  2.9279 ,  0.0054 ,
  0.0009 ,  0.0414 ,  0.3172 , -0.0712 ,  0.6160 , -0.0036 ,
 -0.0403 ,  0.0002 , -0.0004 ,  0.0003 , -0.0629 ,  0.3252 ,
 -0.0407 , -0.1221 ,  0.1580 ,  1.7615 , -0.0466 , -0.3300 ,
 -0.0003 , -0.0003 , -0.1586 , -0.7700 ,  2.4882 ,  0.9775 ,
  0.1613 , -0.1631 ,  0.3193 ,  1.0149 ,  0.9048 ,  0.9582 ,
  0.1212 , -0.0003 ,  0.1599 , -0.7808 ,  1.4340 , -0.0018 ,
  0.2425 , -0.0005 ,  0.3197 ,  0.7630 ,  2.2458 , -0.0036 ,
  0.2031 ,  0.0829 ,  0.7942 ,  0.6268 ,  2.7911 ,  0.3158 ,
  0.1617 ,  0.0821 ,  0.4775 ,  2.1794 ,  2.7062 , -0.0073 ,
  0.0417 , -0.1204 ,  0.7942 ,  2.4960 ,  1.9454 ,  0.6430 ,
  0.0828 , -0.1590 ,  1.2700 ,  1.7545 ,  5.1538 ,  1.2731 ,
  0.1236 , -0.1172 ,  1.5882 ,  3.2260 ,  7.0616 ,  1.2791 ,
 -0.0365 , -0.1162 ,  1.9028 ,  2.4548 ,  5.5733 ,  2.2178 ,
 -0.0358 , -0.1144 ,  2.3778 ,  1.6676 ,  8.7022 ,  2.5305 ,
  0.0858 , -0.1546 ,  2.6990 ,  7.1275 , 10.7242 ,  2.8970 ,
 -0.0743 , -0.1501 ,  3.4899 ,  6.3050 , 14.8438 ,  4.7876 ,
 -0.1116 , -0.4311 ,  4.9170 ,  7.4946 , 18.5723 ,  6.0446 ,
 -0.0694 , -0.5083 ,  6.1858 ,  8.3548 , 24.9446 ,  8.2679 ,
 -0.0264 , -0.6651 ,  7.7744 , 13.1632 , 32.4470 ,  9.2473 ,
 -0.0601 , -0.5755 , 10.6279 , 16.8496 , 39.1844 , 12.4156 ,
 -0.2151 , -0.7689 , 13.6396 , 20.9460 , 48.9254 , 16.5390 ,
 -0.0873 , -1.0433 , 17.2883 , 25.1466 , 60.9915 , 21.6115 ,
 -0.0796 , -1.2344 , 21.0969 , 33.0682 , 74.7041 , 28.6223 ,
 -0.2717 , -1.3807 , 25.8530 , 39.3659 , 91.8438 , 35.9302 ,
 -0.5821 , -1.5233 , 31.5611 , 49.5002 ,111.2566 , 44.8393 ,
 -0.8938 , -1.6270 , 37.1058 , 57.2835 ,127.5406 , 55.6175 ,
 -1.1638 , -1.8108 , 42.8173 , 69.7925 ,145.7521 , 70.2722 ,
 -1.7945 , -1.8703 , 49.1541 , 80.5902 ,162.1484 , 84.5531 ,
 -2.6658 , -1.3579 , 55.1678 , 90.5084 ,179.2708 , 98.1836 ,
 -3.6628 , -0.7288 , 58.9667 , 99.5234 ,191.8209 ,115.0208 ,
 -4.0160 , -0.3905 , 62.4547 ,112.8470 ,200.4469 ,125.2631 ,
 -4.1313 , -0.3822 , 65.1489 ,118.1972 ,206.4281 ,131.5943 ,
 -4.1289 , -0.2995 , 65.7812 ,119.5974 ,207.0331 ,133.1631 ,
 -3.5275 , -0.5107 , 64.8398 ,117.6224 ,203.6622 ,126.8103 ,
 -2.0464 , -1.1379 , 61.8365 ,106.2435 ,198.1132 ,117.8774 ,
 -0.3251 , -2.4591 , 59.3179 , 94.3676 ,193.7051 ,109.8651 ,
  0.7987 , -3.2421 , 58.8508 , 86.2775 ,192.5642 ,104.3679 ,
  0.6365 , -2.9169 , 57.8953 , 88.8921 ,190.3688 , 98.7411 ,
  0.7611 , -1.8558 , 58.3766 , 94.9856 ,194.6559 ,100.4179 ,
  1.1305 , -1.6498 , 60.7546 ,100.8199 ,195.7277 ,106.4164 ,
  0.8556 , -1.8458 , 63.6104 ,111.8919 ,198.3725 ,112.4667 ,
  0.5372 , -1.1885 , 64.5588 ,113.9620 ,203.3079 ,117.2508 ,
  1.0243 , -0.4970 , 65.5072 ,115.2153 ,203.8956 ,116.5852 ,
  2.5946 , -0.8316 , 65.8409 ,114.1522 ,203.9215 ,113.0804 ,
  3.7574 , -2.0222 , 65.3737 ,109.7700 ,202.2966 ,109.5323 ,
  4.3572 , -2.3134 , 64.1162 ,102.4880 ,202.0978 ,104.7353 ,
  5.7653 , -2.1616 , 63.3329 , 99.9426 ,199.3060 , 98.0670 ,
  7.3370 , -2.1292 , 63.8247 ,101.4033 ,201.7261 , 96.4982 ,
  7.7019 , -1.8449 , 64.3059 ,104.0481 ,202.8152 , 98.1059 ,
  7.3844 , -1.6766 , 65.8831 ,111.5159 ,202.2274 , 99.7135 ,
  7.9913 , -1.1083 , 66.5294 ,115.2715 ,204.8896 ,100.3834 ,
  9.2843 , -0.4633 , 67.4883 ,118.9189 ,202.9881 , 97.8466 ,
 10.2481 , -0.5534 , 66.3854 ,117.5058 ,202.6423 , 96.6019 ,
 10.8896 , -0.8037 , 65.7566 ,111.7104 ,198.7528 , 92.7254 ,
 12.1757 , -0.9377 , 64.4991 ,106.5115 ,195.2091 , 86.6794 ,
 13.8240 , -0.9121 , 62.9289 ,103.4042 ,190.3343 , 81.2860 ,
 14.4677 , -0.6344 , 62.3002 ,101.4681 ,185.0532 , 78.0793 ,
 14.6275 , -0.5546 , 61.8295 ,102.8856 ,185.9002 , 75.9142 ,
 14.9524 , -0.1084 , 62.1491 ,102.2157 ,184.4395 , 76.5149 ,
 15.6392 ,  0.3761 , 62.1562 ,107.6610 ,183.4974 , 76.8779 ,
 15.6409 ,  0.7013 , 62.4723 ,109.5021 ,181.5267 , 76.2296 ,
 15.3573 ,  0.8234 , 61.8330 ,108.5599 ,179.8326 , 75.5987 ,
 15.6778 ,  0.8190 , 61.0462 ,107.0430 ,177.2137 , 75.5944 ,
 15.9166 ,  0.4491 , 60.4139 ,103.7456 ,176.4704 , 72.0981 ,
 15.7946 ,  0.4055 , 59.4620 , 99.9815 ,170.6967 , 70.7692 ,
 15.4310 ,  0.4068 , 59.1423 ,102.3108 ,170.7399 , 70.8103 ,
 14.9480 ,  0.2055 , 59.1353 ,101.0878 ,168.7951 , 71.4067 ,
 14.1432 ,  0.1302 , 59.2863 ,102.7430 ,170.6621 , 72.3920 ,
 13.5008 ,  0.2161 , 59.9186 ,104.9470 ,168.3716 , 75.1924 ,
 12.6547 ,  0.2633 , 60.0697 ,104.8692 ,170.7917 , 78.0750 ,
 12.0132 ,  0.3104 , 60.8565 ,107.8901 ,172.2525 , 79.6567 ,
 11.4903 ,  0.3965 , 61.3272 ,107.7561 ,173.8947 , 81.5496 ,
 10.7667 ,  0.1158 , 61.7979 ,107.4190 ,172.2092 , 83.3993 ,
 10.3627 , -0.0858 , 61.6363 ,106.9566 ,172.2525 , 83.3993 ,
  9.7998 , -0.0404 , 61.7908 ,107.6610 ,173.2292 , 84.0432 ,
  9.3164 , -0.0374 , 61.7838 ,107.6610 ,173.7218 , 85.6336 ,
  8.8747 , -0.1132 , 62.7287 ,108.5210 ,177.4125 , 87.2196 ,
  8.0712 ,  0.0570 , 63.5156 ,110.5868 ,177.9657 , 89.0909 ,
  7.7107 ,  0.0616 , 64.3059 ,112.8902 ,181.1291 , 91.6536 ,
  7.4323 ,  0.4315 , 65.0962 ,116.9699 ,181.8206 , 92.9328 ,
  6.8701 ,  0.6400 , 65.5669 ,118.1929 ,182.7714 , 94.8257 ,
  6.5493 ,  0.6041 , 66.5153 ,117.4582 ,184.7507 , 96.0401 ,
  6.5515 ,  0.5234 , 67.3092 ,118.3485 ,184.1284 , 95.6771 ,
  6.3111 ,  0.6479 , 67.6253 ,121.2699 ,183.7135 , 96.9563 ,
  6.2332 ,  0.9756 , 68.0995 ,123.0937 ,184.7593 , 96.6408 ,
  5.9537 ,  0.9798 , 69.2025 ,123.8456 ,186.1768 , 97.2372 ,
  6.0387 ,  1.1031 , 70.6357 ,126.7498 ,184.3790 , 97.7861 ,
  6.2018 ,  1.3492 , 71.5911 ,129.4594 ,185.8052 , 98.0929 ,
  6.2057 ,  1.7991 , 72.5395 ,130.3195 ,185.0618 , 98.6633 ,
  6.3702 ,  2.1262 , 73.6495 ,135.2418 ,186.4621 , 99.9382 ,
  6.5754 ,  2.5340 , 74.6050 ,138.5003 ,186.0472 ,101.1656 ,
  6.9326 ,  2.8911 , 75.5604 ,140.7951 ,186.3497 ,100.1975 ,
  7.3370 ,  3.1748 , 76.1997 ,140.3414 ,186.3151 , 99.8388 ,
  7.6637 ,  3.7021 , 77.1551 ,145.7521 ,184.8198 , 98.8751 ,
  8.2688 ,  3.9025 , 77.6329 ,146.9708 ,184.4741 , 99.4845 ,
  8.7965 ,  4.3473 , 78.7499 ,152.5025 ,183.3073 , 98.2009 ,
  9.2022 ,  4.7124 , 79.7088 ,155.8302 ,182.6331 , 96.9131 ,
  9.8090 ,  4.9129 , 80.8258 ,159.3826 ,181.6650 , 96.8785 ,
 10.6582 ,  5.4371 , 82.0939 ,163.2202 ,181.6132 , 96.8266 ,
 10.9428 ,  5.7192 , 82.5786 ,165.1477 ,177.6545 , 96.7705 ,
 11.5105 ,  5.9603 , 83.6922 ,167.0838 ,175.3727 , 95.7635 ,
 12.1182 ,  6.3252 , 85.2834 ,171.9240 ,176.2370 , 95.7376 ,
 12.7654 ,  6.5249 , 86.7165 ,177.0495 ,174.0848 , 95.0591 ,
 13.2901 ,  6.6450 , 87.3558 ,176.0901 ,171.7771 , 94.9597 ,
 13.6541 ,  6.8859 , 87.8300 ,180.3685 ,172.2870 , 95.3011 ,
 14.1801 ,  7.0486 , 89.2632 ,180.0574 ,171.8203 , 93.2786 ,
 14.9876 ,  7.2084 , 90.6928 ,183.6616 ,170.5584 , 93.4601 ,
 15.6321 ,  7.2040 , 91.1706 ,185.1915 ,170.3077 , 93.4341 ,
 15.8771 ,  7.3260 , 92.6037 ,188.8649 ,167.5505 , 94.2077 ,
 16.0405 ,  7.3678 , 93.3976 ,190.3256 ,166.5565 , 95.0807 ,
 16.2433 ,  7.4082 , 94.3495 ,194.1546 ,165.6144 , 95.3227 ,
 16.7307 ,  7.5697 , 96.1023 ,196.1858 ,163.8512 , 96.3945 ,
 16.9731 ,  7.4077 , 97.5320 ,199.4962 ,164.2488 , 96.6451 ,
 17.2567 ,  7.3265 , 98.7965 ,203.4548 ,164.0932 , 98.7411 ,
 17.4209 ,  7.2878 ,100.3877 ,205.8317 ,163.1078 , 98.6158 ,
 17.7063 ,  7.3282 ,101.1816 ,209.6348 ,162.2867 ,100.7464 ,
 17.7099 ,  7.1693 ,103.0854 ,212.9624 ,162.9350 ,101.6194 ,
 17.8328 ,  7.2119 ,104.1954 ,215.2011 ,163.1165 ,102.7948 ,
 17.9961 ,  7.0907 ,105.4670 ,218.4509 ,161.5261 ,105.5045 ,
 18.2394 ,  7.0503 ,106.2609 ,220.0413 ,161.9064 ,106.7016 ,
 18.3211 ,  7.0108 ,107.5324 ,222.4182 ,162.0361 ,107.2764 ,
 18.4853 ,  6.8920 ,109.2782 ,224.1209 ,162.9350 ,107.5054 ,
 18.5336 ,  6.6529 ,111.1891 ,228.0450 ,161.2236 ,108.6118 ,
 18.5766 ,  6.7348 ,112.1375 ,229.4539 ,160.0395 ,109.4502 ,
 18.8198 ,  6.7346 ,113.2510 ,234.0867 ,161.0334 ,110.3923 ,
 18.8216 ,  6.4938 ,114.5191 ,237.5267 ,161.0767 ,111.2523 ,
 18.9876 ,  6.3732 ,116.2684 ,240.0073 ,160.1086 ,111.1356 ,
 19.0692 ,  6.4962 ,117.3854 ,242.1250 ,160.2037 ,112.3327 ,
 19.1114 ,  6.2141 ,118.6499 ,245.6341 ,159.7024 ,113.8194 ,
 19.1132 ,  6.2562 ,119.7599 ,249.4458 ,159.0801 ,115.0035 ,
 19.1966 ,  6.0551 ,121.0315 ,250.4744 ,160.4716 ,114.9733 ,
 19.4785 ,  5.9331 ,121.8254 ,254.5367 ,160.3161 ,115.5524 ,
 19.5206 ,  5.8112 ,122.6192 ,255.4702 ,159.7888 ,116.4383 ,
 19.6848 ,  5.8946 ,123.8908 ,257.6570 ,157.5416 ,116.0061 ,
 19.7665 ,  5.6916 ,125.0078 ,259.4807 ,158.3281 ,117.5360 ,
 19.9290 ,  5.6117 ,125.9562 ,261.1575 ,156.0981 ,116.8013 ,
 20.0923 ,  5.5317 ,127.0733 ,265.1248 ,158.2330 ,118.0589 ,
 20.2548 ,  5.5324 ,127.8671 ,263.5258 ,157.2390 ,117.6700 ,
 20.3373 ,  5.4106 ,128.8226 ,265.2458 ,156.7723 ,117.6138 ,
 20.6201 ,  5.4516 ,129.7710 ,269.0402 ,158.4405 ,118.5516 ,
 20.5832 ,  5.3735 ,131.0425 ,269.9218 ,156.5303 ,118.4306 ,
 20.7834 ,  5.2911 ,131.8364 ,274.7016 ,155.0091 ,119.9259 ,
 20.8282 ,  5.3728 ,132.7918 ,274.5633 ,152.5717 ,120.4186 ,
 21.0311 ,  5.4145 ,133.9089 ,276.7933 ,153.4965 ,120.7124 ,
 20.9933 ,  5.4571 ,134.5411 ,279.0578 ,151.5690 ,120.3408 ,
 21.1953 ,  5.4167 ,135.3350 ,279.8703 ,153.1335 ,120.6562 ,
 21.3173 ,  5.2938 ,135.9673 ,283.9499 ,150.8689 ,121.8015 ,
 21.3595 ,  5.2547 ,136.7681 ,285.5230 ,150.9381 ,121.7755 ,
 21.4016 ,  5.1752 ,137.7166 ,285.6267 ,150.3849 ,122.6226 ,
 21.4833 ,  5.3377 ,138.5104 ,288.4790 ,149.8749 ,123.2017 ,
 21.5246 ,  5.2176 ,139.4588 ,289.4125 ,149.9614 ,123.4696 ,
 21.6054 ,  5.1757 ,139.9365 ,290.2250 ,149.4773 ,124.3599 ,
 21.6879 ,  5.1366 ,140.8920 ,293.3884 ,149.5984 ,125.2718 ,
 21.7309 ,  5.1792 ,141.8474 ,294.0626 ,147.8005 ,124.8612 ,
 21.6914 ,  5.1401 ,142.4797 ,294.8923 ,148.3624 ,125.7731 ,
 21.6941 ,  4.9781 ,143.4281 ,298.9893 ,148.4056 ,126.3651 ,
 21.6554 ,  4.9789 ,143.7513 ,300.5624 ,146.4868 ,127.2338 ,
 21.6967 ,  5.0619 ,144.6927 ,300.3895 ,147.1437 ,129.0359 ,
 21.7362 ,  4.9410 ,145.1704 ,303.6912 ,148.4661 ,129.0619 ,
 21.7792 ,  4.9410 ,146.1258 ,305.2297 ,145.4323 ,129.2477 ,
 21.7406 ,  4.9432 ,146.9197 ,304.4173 ,144.7581 ,129.8657 ,
 21.6203 ,  4.7820 ,147.2358 ,306.1978 ,146.4608 ,131.0671 ,
 21.6212 ,  4.7836 ,147.8681 ,308.5315 ,147.0745 ,131.0671 ,
 21.5439 ,  4.7061 ,149.4558 ,310.1737 ,146.9708 ,132.2945 ,
 21.5457 ,  4.7888 ,150.0951 ,311.5912 ,144.4902 ,133.0162 ,
 21.4552 ,  4.6215 ,150.8819 ,312.9223 ,145.0606 ,133.6774 ,
 21.2963 ,  4.7054 ,151.5142 ,315.8956 ,144.7927 ,134.6325 ,
 21.3367 ,  4.6255 ,152.3151 ,315.9820 ,143.6431 ,135.6005 ,
 21.2181 ,  4.6270 ,152.6242 ,319.0936 ,145.9336 ,136.1623 ,
 21.2199 ,  4.6292 ,153.5796 ,319.8369 ,146.5646 ,137.9817 ,
 21.1408 ,  4.6716 ,154.2119 ,322.8794 ,145.8212 ,138.9498 ,
 20.9406 ,  4.6738 ,154.5351 ,324.4179 ,144.2827 ,139.9524 ,
 20.9828 ,  4.7559 ,155.0058 ,323.5190 ,144.9569 ,140.5531 ,
 20.8229 ,  4.7587 ,155.7996 ,327.3739 ,145.3372 ,142.4071 ,
 20.7852 ,  4.8415 ,156.4319 ,326.4577 ,144.6457 ,143.0381 ,
 20.7860 ,  4.9234 ,157.5419 ,329.3964 ,144.6457 ,144.3000 ,
 20.6271 ,  5.0479 ,158.1742 ,330.7448 ,145.0001 ,144.3087 ,
 20.4682 ,  5.1715 ,158.4903 ,332.1277 ,144.1185 ,146.2015 ,
 20.4295 ,  5.0505 ,158.8064 ,333.8391 ,143.4702 ,146.5300 ,
 20.2723 ,  5.1763 ,160.0710 ,337.5038 ,143.8246 ,146.5559 ,
 20.2346 ,  5.2597 ,160.8649 ,336.5704 ,142.5195 ,148.1463 ,
 19.9939 ,  5.3836 ,161.0264 ,339.5091 ,142.7529 ,149.0970 ,
 19.9149 ,  5.4641 ,161.3355 ,341.7391 ,142.0095 ,150.0651 ,
 19.7551 ,  5.5076 ,162.1364 ,343.1911 ,142.3725 ,150.3590 ,
 19.5944 ,  5.7524 ,162.1364 ,344.3666 ,140.2247 ,150.4540 ,
 19.4750 ,  5.6323 ,162.6001 ,348.4636 ,141.9145 ,151.3184 ,
 19.3977 ,  5.7548 ,163.5555 ,349.8119 ,142.3985 ,152.5630 ,
 19.3994 ,  5.9186 ,164.0333 ,352.6642 ,139.2869 ,153.0038 ,
 19.3590 ,  6.0007 ,164.3494 ,354.0817 ,139.8271 ,153.6434 ,
 19.3222 ,  6.0437 ,165.2978 ,354.7559 ,138.5392 ,153.6866 ,
 19.1623 ,  6.1669 ,165.2978 ,354.5657 ,138.2627 ,155.5449 ,
 19.1228 ,  6.2477 ,165.9301 ,358.3169 ,138.1935 ,154.9658 ,
 18.9639 ,  6.3304 ,166.0846 ,359.7344 ,137.3205 ,155.3202 ,
 18.9656 ,  6.5750 ,166.5624 ,360.1320 ,136.6723 ,156.2537 ,
 18.8875 ,  6.6185 ,167.5178 ,362.3793 ,136.5470 ,156.5908 ,
 18.8883 ,  6.6597 ,167.8339 ,363.0880 ,136.5470 ,157.2218 ,
 18.8084 ,  6.8229 ,167.8269 ,363.6066 ,135.1554 ,157.8873 ,
 18.7707 ,  6.8650 ,168.4662 ,365.1106 ,135.0992 ,158.2071 ,
 18.7312 ,  7.0672 ,168.7823 ,366.3206 ,133.7638 ,158.5874 ,
 18.7347 ,  7.1910 ,169.7378 ,368.4469 ,132.5149 ,158.6479 ,
 18.5740 ,  7.3142 ,169.8923 ,369.8125 ,131.6332 ,159.3134 ,
 18.4563 ,  7.3577 ,170.6792 ,369.7088 ,130.8424 ,160.2815 ,
 18.4168 ,  7.5206 ,170.8478 ,370.2620 ,130.7473 ,159.9444 ,
 18.3377 ,  7.6031 ,171.1569 ,372.4574 ,128.7550 ,160.0568 ,
 18.2982 ,  7.6848 ,171.3114 ,373.1143 ,129.3039 ,160.3506 ,
 18.2605 ,  7.8472 ,172.1123 ,378.3003 ,128.5994 ,161.3446 ,
 18.2201 ,  8.0115 ,172.5900 ,378.0237 ,126.6677 ,160.7828 ,
 18.1015 ,  8.1757 ,173.2223 ,378.5423 ,125.2156 ,161.7768 ,
 18.0629 ,  8.3794 ,173.3769 ,378.9917 ,125.1248 ,161.7854 ,
 17.9847 ,  8.4202 ,174.1637 ,383.6072 ,122.5362 ,161.9151 ,
 17.9443 ,  8.5015 ,174.0091 ,381.1180 ,121.2181 ,162.2349 ,
 17.9461 ,  8.6657 ,174.6414 ,384.7654 ,119.9648 ,162.9263 ,
 17.8653 ,  8.7061 ,174.3183 ,383.9184 ,119.2085 ,163.2721 ,
 17.7072 ,  8.7895 ,174.9505 ,386.1138 ,118.9578 ,163.6092 ,
 17.7889 ,  9.0336 ,175.4283 ,387.2893 ,118.4263 ,163.6351 ,
 17.5887 ,  9.0745 ,175.7514 ,387.9980 ,114.4071 ,164.6896 ,
 17.4692 ,  8.9537 ,175.9060 ,387.4103 ,113.6206 ,163.7993 ,
 17.4297 ,  9.1579 ,176.2291 ,389.4155 ,110.4399 ,164.8538 ,
 17.4306 ,  9.2800 ,176.2291 ,390.0033 ,109.7959 ,164.8884 ,
 17.3920 ,  9.3629 ,176.8614 ,392.9593 ,109.1174 ,163.7042 ,
 17.3129 ,  9.3621 ,177.1705 ,394.5324 ,107.7561 ,165.3205 ,
 17.3147 ,  9.6062 ,177.4937 ,395.6906 ,107.7172 ,164.3957 ,
 17.1522 ,  9.6066 ,177.1705 ,397.2810 ,103.7586 ,165.4848 ,
 17.1952 ,  9.8108 ,177.8028 ,395.3621 ,103.7931 ,165.4415 ,
 17.1162 ,  9.7313 ,178.4351 ,398.5947 ,102.4621 ,166.1503 ,
 17.0372 ,  9.8951 ,178.7582 ,398.3182 ,102.3065 ,166.1503 ,
 16.9968 ,  9.9337 ,178.5967 ,400.6000 ,101.0014 ,166.2281 ,
 16.9985 ,  9.9750 ,179.0744 ,399.7702 , 99.1474 ,166.5825 ,
 16.9186 , 10.1392 ,179.5451 ,404.1783 ,100.2278 ,166.9023 ,
 16.7588 , 10.1002 ,179.7067 ,404.2475 , 96.9001 ,167.0146 ,
 16.6394 , 10.1427 ,180.3389 ,403.3831 , 96.1006 ,167.9654 ,
 16.7184 , 10.1818 ,179.7067 ,406.4774 , 95.5863 ,167.3690 ,
 16.5603 , 10.3061 ,180.5005 ,406.2527 , 94.7090 ,169.2965 ,
 16.3996 , 10.2240 ,180.6551 ,405.5958 , 90.7677 ,168.5013 ,
 16.4409 , 10.1436 ,181.1328 ,407.2553 , 92.0901 ,169.0804 ,
 16.2872 , 10.3904 ,180.8166 ,406.9615 , 88.1704 ,169.2273 ,
 16.1669 , 10.3100 ,180.9712 ,410.1941 , 87.3795 ,169.5817 ,
 16.2468 , 10.2688 ,180.8166 ,411.8190 , 87.5092 ,169.2792 ,
 16.0879 , 10.4712 ,181.1328 ,411.4733 , 86.6146 ,168.9939 ,
 15.9667 , 10.4317 ,181.1328 ,410.0039 , 83.9654 ,169.7027 ,
 16.0080 , 10.3513 ,181.7651 ,411.6461 , 83.4295 ,170.0398 ,
 15.8482 , 10.3526 ,181.9196 ,414.0144 , 81.3292 ,170.7572 ,
 15.8885 , 10.3127 ,182.3973 ,414.0490 , 82.6343 ,170.4114 ,
 15.8078 , 10.3531 ,182.0812 ,414.7750 , 80.0284 ,171.4400 ,
 15.6892 , 10.3131 ,182.8751 ,414.8096 , 76.7699 ,172.5031 ,
 15.7700 , 10.3930 ,182.7135 ,416.2789 , 76.2556 ,171.2758 ,
 15.6479 , 10.2718 ,182.5589 ,414.8960 , 73.0014 ,171.6906 ,
 15.4477 , 10.3539 ,182.3903 ,416.3481 , 73.9089 ,171.6906 ,
 15.3678 , 10.3149 ,182.8680 ,417.1778 , 70.7066 ,172.7538 ,
 15.5285 , 10.2714 ,183.0296 ,419.5980 , 69.7256 ,172.7797 ,
 15.4056 ,  9.9469 ,182.8680 ,419.3041 , 67.1174 ,173.5230 ,
 15.2457 , 10.0699 ,182.8680 ,419.8918 , 65.6135 ,173.5662 ,
 15.2466 , 10.1515 ,183.0226 ,419.7536 , 64.3667 ,173.3069 ,
 15.2053 ,  9.9886 ,182.8680 ,420.7907 , 63.0897 ,173.3674 ,
 15.0464 , 10.1511 ,183.1771 ,418.1805 , 60.3519 ,175.0183 ,
 15.0446 ,  9.9878 ,183.0226 ,419.2522 , 59.1353 ,174.1367 ,
 15.0051 ,  9.9482 ,183.3457 ,419.2868 , 57.2273 ,174.1886 ,
 14.9621 ,  9.7840 ,182.5449 ,419.5807 , 55.9460 ,174.8973 ,
 14.8427 ,  9.7050 ,183.1771 ,423.5739 , 54.5414 ,174.9751 ,
 14.8822 ,  9.7024 ,182.8680 ,422.0181 , 52.1299 ,174.7331 ,
 14.8822 ,  9.6207 ,182.7064 ,420.5833 , 49.6666 ,175.4332 ,
 14.7215 ,  9.5812 ,182.8680 ,421.4131 , 48.1886 ,175.8221 ,
 14.7197 ,  9.4178 ,182.5449 ,420.8945 , 46.9764 ,176.1938 ,
 14.7206 ,  9.4165 ,182.8680 ,422.4675 , 43.8864 ,176.3148 ,
 14.6389 ,  9.3761 ,182.7064 ,421.7588 , 42.5294 ,176.0123 ,
 14.5590 ,  9.3766 ,182.7064 ,422.5194 , 40.5501 ,176.1160 ,
 14.4378 ,  9.1746 ,182.7135 ,422.8479 , 38.5405 ,177.4471 ,
 14.4773 ,  9.0521 ,182.7135 ,423.0207 , 38.0025 ,176.8421 ,
 14.4378 ,  9.0104 ,183.0296 ,423.0899 , 34.8606 ,177.2656 ,
 14.3153 ,  8.9291 ,182.7135 ,423.2282 , 33.4453 ,177.0236 ,
 14.3153 ,  8.9291 ,182.7135 ,423.2282 , 32.2082 ,178.0348 ,
 14.2754 ,  8.6868 ,183.1912 ,422.8133 , 28.4829 ,177.5249 ,
 14.1533 ,  8.6437 ,182.7135 ,424.4555 , 27.0590 ,177.8965 ,
 14.1529 ,  8.4813 ,182.8680 ,425.5100 , 25.2320 ,178.9510 ,
 14.0730 ,  8.4821 ,182.8680 ,423.1417 , 21.3976 ,178.7609 ,
 13.8719 ,  8.4000 ,183.0226 ,424.8012 , 18.6263 ,178.5448 ,
 14.0312 ,  8.3171 ,182.7135 ,425.7693 , 18.8845 ,178.5448 ,
 13.9513 ,  8.2367 ,183.0226 ,425.8730 , 15.6849 ,178.6485 ,
 13.7502 ,  8.1568 ,183.0226 ,427.5325 , 14.1496 ,179.6857 ,
 13.7485 ,  7.9921 ,182.8680 ,426.2533 , 11.0796 ,179.4696 ,
 13.6672 ,  8.0317 ,182.2287 ,426.2015 ,  9.7043 ,180.8353 ,
 13.6282 ,  7.8306 ,183.0226 ,426.4953 ,  7.8295 ,180.2216 ,
 13.4653 ,  7.7089 ,182.5449 ,427.4634 ,  5.7375 ,180.0314 ,
 13.5070 ,  7.7072 ,183.0226 ,426.6855 ,  2.0943 ,180.1438 ,
 13.3849 ,  7.6264 ,182.7064 ,427.5671 , -0.5560 ,179.6425 ,
 13.3041 ,  7.7072 ,182.3833 ,429.0192 , -2.5540 ,180.7056 ,
 13.3041 ,  7.5860 ,182.7064 ,427.6362 , -3.1508 ,180.7402 ,
 13.2664 ,  7.5860 ,182.5449 ,429.1748 , -4.4481 ,180.8439 ,
 13.2251 ,  7.5434 ,182.3763 ,430.8170 , -7.5991 ,181.0254 ,
 13.0635 ,  7.4626 ,182.0531 ,428.5870 ,-10.9332 ,180.5673 ,
 13.2664 ,  7.5434 ,182.6994 ,429.2093 ,-13.1038 ,180.9908 ,
 13.0240 ,  7.4630 ,182.3763 ,429.3476 ,-17.1797 ,181.2242 ,
 12.9046 ,  7.6264 ,182.3763 ,429.9181 ,-16.7723 ,181.1983 ,
 12.9423 ,  7.3392 ,182.0531 ,431.1109 ,-19.7640 ,181.0773 ,
 12.9032 ,  7.4613 ,182.2147 ,431.6813 ,-22.9350 ,180.9303 ,
 12.9428 ,  7.4209 ,182.2217 ,430.1774 ,-24.1062 ,180.9908 ,
 12.8225 ,  7.3809 ,182.2147 ,431.0071 ,-24.9035 ,181.6910 ,
 12.7017 ,  7.3388 ,182.2147 ,430.2984 ,-28.7984 ,181.5959 ,
 12.7803 ,  7.4178 ,181.2592 ,429.3822 ,-32.4135 ,181.8206 ,
 12.9019 ,  7.4986 ,181.5824 ,431.6295 ,-32.2341 ,180.8353 ,
 12.6604 ,  7.3783 ,181.5824 ,432.5629 ,-35.6817 ,181.0427 ,
 12.5379 ,  7.2949 ,181.1047 ,432.6839 ,-38.3331 ,181.1983 ,
 12.6604 ,  7.3357 ,181.5824 ,430.2984 ,-40.6257 ,180.3426 ,
 12.6999 ,  7.4973 ,181.1047 ,432.3728 ,-42.4494 ,181.4403 ,
 12.5392 ,  7.4169 ,181.2592 ,432.4765 ,-45.1656 ,182.2528 ,
 12.5397 ,  7.4134 ,180.4724 ,431.7159 ,-48.8779 ,181.5181 ,
 12.4602 ,  7.4547 ,180.6270 ,430.8688 ,-50.8659 ,181.6045 ,
 12.5010 ,  7.4125 ,181.1047 ,433.2371 ,-55.1248 ,181.1896 ,
 12.4189 ,  7.3309 ,180.6270 ,432.5802 ,-57.1020 ,180.6797 ,
 12.3777 ,  7.3708 ,179.8261 ,432.5284 ,-59.0316 ,181.4749 ,
 12.3368 ,  7.2475 ,180.1492 ,433.5137 ,-61.5511 ,180.9390 ,
 12.2973 ,  7.2883 ,180.1492 ,435.7610 ,-64.7146 ,180.8266 ,
 12.2569 ,  7.3287 ,179.9877 ,433.3754 ,-66.6399 ,181.8984 ,
 12.2161 ,  7.4499 ,179.3554 ,431.6122 ,-69.2026 ,180.7402 ,
 12.0563 ,  7.3278 ,179.9877 ,433.3408 ,-71.9037 ,181.8638 ,
 12.1357 ,  7.3274 ,179.8261 ,434.8966 ,-73.0187 ,181.2761 ,
 12.1349 ,  7.3669 ,179.1938 ,431.7332 ,-76.7526 ,181.5094 ,
 12.0549 ,  7.4464 ,179.1938 ,431.6122 ,-78.1225 ,180.9217 ,
 12.0150 ,  7.3660 ,179.5029 ,433.2717 ,-79.4061 ,180.9908 ,
 11.9737 ,  7.4464 ,178.8706 ,434.7065 ,-83.2005 ,181.2501 ,
 11.8938 ,  7.4446 ,178.8706 ,435.4671 ,-87.0424 ,181.1551 ,
 11.9338 ,  7.5254 ,178.7091 ,435.3634 ,-87.6172 ,181.4835 ,
 11.9395 ,  7.5307 ,179.3413 ,433.7384 ,-91.2560 ,181.3539 ,
 11.8178 ,  7.4481 ,178.2384 ,435.4325 ,-92.0512 ,182.4170 ,
 11.8578 ,  7.4073 ,178.2384 ,435.5017 ,-95.0807 ,180.9217 ,
 11.7783 ,  7.4060 ,178.5475 ,435.4671 ,-97.0643 ,181.3539 ,
 11.7783 ,  7.4868 ,178.2384 ,435.3461 ,-98.9356 ,182.4775 ,
 11.8178 ,  7.4455 ,178.0698 ,436.2104 ,-101.9608 ,180.9736 ,
 11.7344 ,  7.4802 ,178.2243 ,438.4922 ,-104.0179 ,181.4144 ,
 11.6585 ,  7.5263 ,178.3929 ,436.8500 ,-109.0440 ,182.0540 ,
 11.6541 ,  7.5192 ,178.0627 ,436.8673 ,-109.7268 ,182.0713 ,
 11.6523 ,  7.4367 ,177.5850 ,438.5614 ,-112.8081 ,181.2761 ,
 11.6115 ,  7.3559 ,177.5850 ,436.3314 ,-115.3406 ,181.3971 ,
 11.4508 ,  7.4354 ,177.2759 ,439.3220 ,-116.2136 ,180.4982 ,
 11.5720 ,  7.4354 ,177.5850 ,436.9883 ,-119.7530 ,181.6650 ,
 11.6923 ,  7.4753 ,177.5850 ,439.2529 ,-122.0478 ,182.1145 ,
 11.4907 ,  7.3542 ,177.4305 ,440.2209 ,-124.1827 ,181.5699 ,
 11.5311 ,  7.4354 ,177.4305 ,440.0826 ,-126.6201 ,182.0626 ,
 11.4117 ,  7.3520 ,177.1003 ,439.3739 ,-131.1319 ,182.0021 ,
 11.4934 ,  7.4332 ,177.2689 ,440.8432 ,-134.7319 ,181.5181 ,
 11.4516 ,  7.4327 ,176.7912 ,440.8605 ,-136.0240 ,181.9503 ,
 11.4117 ,  7.4306 ,176.7912 ,440.8259 ,-139.1875 ,181.7860 ,
 11.2088 ,  7.3906 ,176.1519 ,440.1172 ,-141.3570 ,181.9416 ,
 11.2497 ,  7.3094 ,176.4680 ,439.4257 ,-144.3778 ,181.4317 ,
 11.2088 ,  7.3502 ,176.3064 ,440.9297 ,-145.6829 ,182.1836 ,
 11.2892 ,  7.4279 ,175.9903 ,441.6038 ,-148.6735 ,181.0081 ,
 11.1276 ,  7.2668 ,175.9903 ,442.6237 ,-150.7393 ,180.7920 ,
 11.1693 ,  7.4297 ,176.3064 ,444.6808 ,-152.5630 ,181.5527 ,
 11.2896 ,  7.3067 ,176.4680 ,443.3152 ,-156.0722 ,181.3884 ,
 11.0468 ,  7.3054 ,175.6741 ,444.1277 ,-157.0662 ,181.8465 ,
 11.0468 ,  7.3458 ,175.5196 ,442.4682 ,-160.1691 ,182.7195 ,
 11.0077 ,  7.3467 ,175.9903 ,442.4509 ,-162.7189 ,181.7687 ,
 11.1267 ,  7.2229 ,175.5196 ,441.8631 ,-163.7388 ,181.1724 ,
 10.9252 ,  7.3032 ,175.1894 ,444.1104 ,-167.1443 ,181.0600 ,
 11.0064 ,  7.3032 ,175.5196 ,442.4682 ,-170.7485 ,181.5699 ,
 11.0073 ,  7.3023 ,175.0348 ,442.5027 ,-171.9932 ,181.6564 ,
 10.7667 ,  7.2233 ,175.3440 ,444.9574 ,-173.5922 ,181.7428 ,
 10.8879 ,  7.3827 ,175.1894 ,447.0664 ,-176.5050 ,181.3798 ,
 10.7654 ,  7.3432 ,175.3510 ,443.9721 ,-178.5621 ,181.6477 ,
 10.7662 ,  7.3019 ,174.8662 ,443.2633 ,-181.0254 ,180.5155 ,
 10.7654 ,  7.2606 ,174.5571 ,445.6662 ,-181.0254 ,180.8612 ,
 10.6459 ,  7.3436 ,175.0208 ,445.4933 ,-186.7819 ,180.3253 ,
 10.6855 ,  7.3427 ,174.7117 ,445.4760 ,-189.2020 ,180.2216 ,
 10.7654 ,  7.3010 ,174.5571 ,445.5625 ,-189.0637 ,179.8931 ,
 10.6850 ,  7.3019 ,174.5501 ,447.8789 ,-192.8927 ,180.0919 ,
 10.3215 ,  7.2215 ,173.7562 ,447.2566 ,-195.2955 ,180.3340 ,
 10.5230 ,  7.1399 ,174.4026 ,446.5651 ,-196.8340 ,180.2994 ,
 10.4027 ,  7.1794 ,174.4026 ,445.7008 ,-200.1185 ,179.8154 ,
 10.4022 ,  7.1388 ,174.4026 ,443.4189 ,-201.9941 ,180.1006 ,
 10.2011 ,  7.1805 ,174.0794 ,446.4614 ,-203.5153 ,180.0401 ,
 10.0800 ,  7.1809 ,173.9248 ,448.0345 ,-207.4134 ,179.2190 ,
 10.1208 ,  7.1403 ,174.0794 ,448.8296 ,-209.2112 ,179.1585 ,
 10.0404 ,  7.2220 ,173.9248 ,447.1528 ,-212.4352 ,179.7203 ,
  9.8780 ,  7.1831 ,174.2340 ,448.7432 ,-214.5269 ,179.3140 ,
  9.9965 ,  7.0593 ,173.7562 ,447.3776 ,-217.4310 ,178.5102 ,
  9.8376 ,  7.1807 ,173.9178 ,444.8019 ,-221.4156 ,178.3546 ,
  9.8358 ,  7.0582 ,173.6017 ,447.3603 ,-222.6257 ,178.3460 ,
  9.7559 ,  7.0591 ,173.7562 ,447.3430 ,-223.3690 ,178.6658 ,
  9.7564 ,  7.0593 ,173.9178 ,449.6594 ,-227.0683 ,178.8646 ,
  9.6738 ,  6.9776 ,173.2855 ,448.9852 ,-230.2836 ,178.0348 ,
  9.5531 ,  7.0189 ,173.1240 ,448.9161 ,-231.0961 ,178.3460 ,
  9.5140 ,  6.9792 ,173.5947 ,450.5237 ,-232.3926 ,177.9830 ,
  9.5131 ,  6.9383 ,173.4401 ,450.5756 ,-235.4783 ,178.5448 ,
  9.5517 ,  6.7748 ,173.1240 ,450.0570 ,-238.4861 ,177.3866 ,
  9.5127 ,  6.8567 ,173.2855 ,451.4572 ,-236.6970 ,178.1213 ,
  9.4710 ,  6.7728 ,172.8078 ,450.8176 ,-241.7014 ,176.9371 ,
  9.3915 ,  6.8554 ,173.1169 ,449.8841 ,-244.3204 ,177.1705 ,
  9.4310 ,  6.7329 ,173.1240 ,451.6301 ,-244.2426 ,176.8421 ,
  9.2712 ,  6.7748 ,173.1169 ,450.0224 ,-247.5875 ,176.7297 ,
  9.3902 ,  6.7324 ,172.6462 ,451.6128 ,-249.8607 ,176.6346 ,
  9.3493 ,  6.5298 ,172.8078 ,451.1288 ,-251.1226 ,176.9112 ,
  9.1899 ,  6.6942 ,173.1169 ,450.8867 ,-255.1158 ,177.1273 ,
  9.2690 ,  6.5307 ,172.9624 ,451.1460 ,-254.3379 ,176.1419 ,
  9.2738 ,  6.5730 ,172.9624 ,450.9559 ,-258.6250 ,176.9976 ,
  9.0723 ,  6.4525 ,172.9624 ,452.6673 ,-260.1376 ,176.2543 ,
  9.2343 ,  6.5735 ,173.1240 ,452.4598 ,-261.7798 ,176.5568 ,
  9.0731 ,  6.4911 ,173.1240 ,452.5808 ,-264.4852 ,176.4531 ,
  9.0328 ,  6.4918 ,173.1240 ,453.3760 ,-267.0263 ,176.7124 ,
  8.9928 ,  6.5322 ,172.9624 ,451.6992 ,-269.5761 ,176.2630 ,
  8.9524 ,  6.4110 ,173.1169 ,451.1288 ,-270.8553 ,175.8826 ,
  8.9107 ,  6.3293 ,172.8078 ,452.7710 ,-272.1345 ,174.8109 ,
  8.7904 ,  6.3304 ,172.9624 ,453.5662 ,-276.0326 ,175.6752 ,
  8.8303 ,  6.2488 ,172.9624 ,452.8747 ,-275.9635 ,175.3727 ,
  8.7109 ,  6.3315 ,173.2715 ,451.1633 ,-279.2825 ,176.5914 ,
  8.6683 ,  6.2898 ,172.4847 ,455.1738 ,-280.5445 ,175.5196 ,
  8.7886 ,  6.2075 ,172.4847 ,452.9266 ,-280.9680 ,175.8481 ,
  8.6670 ,  6.0863 ,172.3301 ,453.0821 ,-284.8488 ,176.0296 ,
  8.6279 ,  6.1660 ,172.4847 ,453.7563 ,-287.3900 ,174.2664 ,
  8.5072 ,  6.1265 ,172.6392 ,454.5515 ,-290.0521 ,174.8541 ,
  8.4277 ,  6.1682 ,172.9624 ,456.8161 ,-290.1731 ,175.5456 ,
  8.5085 ,  6.1271 ,173.1169 ,456.8333 ,-294.3910 ,175.7271 ,
  8.3469 ,  6.0062 ,172.9554 ,455.4504 ,-298.9547 ,175.2258 ,
  8.3070 ,  6.0881 ,173.1169 ,458.4583 ,-297.1569 ,174.9492 ,
  8.3078 ,  6.0885 ,173.2715 ,456.8506 ,-300.8735 ,175.4851 ,
  8.2266 ,  6.0479 ,172.9554 ,457.7322 ,-300.3895 ,175.8221 ,
  8.1471 ,  6.1300 ,173.1169 ,456.0209 ,-302.9998 ,175.0875 ,
  8.1059 ,  6.0084 ,173.1169 ,456.9716 ,-306.1114 ,175.6147 ,
  8.0663 ,  6.0496 ,173.2715 ,456.8506 ,-308.0647 ,175.9086 ,
  8.0268 ,  5.9693 ,173.7492 ,457.7841 ,-310.5540 ,175.4764 ,
  7.9056 ,  6.0101 ,173.2715 ,456.1592 ,-312.0061 ,176.0901 ,
  7.8644 ,  5.8881 ,173.1099 ,457.9570 ,-312.0407 ,175.0961 ,
  7.8248 ,  6.0103 ,173.1099 ,457.7495 ,-315.2214 ,176.3148 ,
  7.7849 ,  5.9702 ,173.2645 ,456.9716 ,-315.2905 ,174.9751 ,
  7.7432 ,  5.8077 ,173.1099 ,459.5819 ,-316.5352 ,175.5715 ,
  7.7844 ,  5.9296 ,173.2855 ,456.2283 ,-320.8568 ,175.1048 ,
  7.6246 ,  6.0123 ,173.4401 ,456.0727 ,-322.9658 ,176.0296 ,
  7.5842 ,  5.9717 ,173.2645 ,457.7150 ,-321.7557 ,175.7271 ,
  7.5030 ,  5.8909 ,173.2645 ,459.3918 ,-323.7264 ,175.9864 ,
  7.3814 ,  5.7673 ,173.1099 ,458.7867 ,-326.3713 ,174.5602 ,
  7.4630 ,  5.8892 ,173.2645 ,459.3572 ,-328.1345 ,175.8221 ,
  7.2229 ,  5.9322 ,173.5806 ,461.6390 ,-329.7249 ,175.7876 ,
  7.2628 ,  5.9318 ,173.4261 ,462.3996 ,-331.5400 ,176.3753 ,
  7.2633 ,  5.9320 ,173.5947 ,458.4756 ,-333.4242 ,175.3122 ,
  7.1021 ,  5.8516 ,173.5876 ,459.3918 ,-332.4043 ,175.3381 ,
  7.0624 ,  5.9333 ,173.5806 ,461.5699 ,-336.8124 ,176.5395 ,
  7.0213 ,  5.9735 ,173.1029 ,459.9622 ,-337.5038 ,176.1247 ,
  6.9822 ,  5.8936 ,173.7422 ,462.3996 ,-338.1262 ,176.4877 ,
  6.8209 ,  5.8940 ,173.4331 ,460.8438 ,-341.4798 ,176.3494 ,
  6.8613 ,  5.8940 ,173.5806 ,463.1602 ,-342.0156 ,176.6433 ,
  6.6215 ,  5.9779 ,173.8967 ,461.4834 ,-343.6579 ,176.3062 ,
  6.6213 ,  5.9370 ,173.8967 ,462.3132 ,-344.2802 ,176.2889 ,
  6.5394 ,  5.8556 ,173.4120 ,462.4342 ,-347.4955 ,176.1679 ,
  6.6608 ,  5.9768 ,173.5876 ,459.8931 ,-347.3399 ,176.8421 ,
  6.4600 ,  5.9377 ,173.5806 ,462.2613 ,-351.3331 ,176.4618 ,
  6.3801 ,  6.0198 ,173.5876 ,461.3624 ,-350.8664 ,175.7962 ,
  6.1796 ,  5.9809 ,173.8897 ,464.5086 ,-353.6323 ,177.1100 ,
  6.2593 ,  5.9800 ,173.5736 ,462.9528 ,-354.7386 ,177.7237 ,
  6.2198 ,  6.0211 ,173.7352 ,462.8664 ,-356.6747 ,177.0322 ,
  6.1004 ,  6.0226 ,174.2199 ,462.0366 ,-358.0922 ,177.0409 ,
  6.0597 ,  6.0226 ,174.0443 ,462.0193 ,-359.4060 ,177.3434 ,
  5.8990 ,  5.9429 ,174.2059 ,465.2692 ,-360.8753 ,177.9916 ,
  5.9392 ,  6.0641 ,173.8897 ,464.2839 ,-360.8235 ,177.9916 ,
  5.8586 ,  6.0240 ,173.8897 ,462.7799 ,-362.1891 ,178.3028 ,
  5.7392 ,  6.0661 ,174.2059 ,464.2666 ,-364.2289 ,178.2596 ,
  5.7403 ,  6.0670 ,174.6836 ,465.0099 ,-364.8340 ,178.5794 ,
  5.6178 ,  6.0641 ,173.7281 ,463.4887 ,-366.8911 ,178.2336 ,
  5.6182 ,  6.1050 ,173.8827 ,466.5484 ,-367.5134 ,178.8819 ,
  5.4582 ,  6.1067 ,174.2059 ,463.3677 ,-369.6224 ,178.8732 ,
  5.3783 ,  6.0266 ,174.5150 ,461.9156 ,-369.7261 ,178.5189 ,
  5.2567 ,  6.0266 ,174.0373 ,464.2839 ,-372.3882 ,179.1498 ,
  5.0977 ,  6.1910 ,174.3604 ,464.7852 ,-375.1541 ,179.4350 ,
  5.0569 ,  6.0288 ,174.5150 ,464.2147 ,-378.2657 ,179.3745 ,
  5.1774 ,  6.1495 ,174.1988 ,464.0246 ,-378.1101 ,180.0487 ,
  4.9361 ,  6.1511 ,174.0373 ,466.3755 ,-378.4731 ,179.7289 ,
  4.8975 ,  6.1524 ,174.6695 ,465.5112 ,-382.2589 ,179.6684 ,
  4.8575 ,  6.2336 ,174.5150 ,464.6469 ,-381.0661 ,180.3512 ,
  4.7772 ,  6.2345 ,174.5150 ,465.3902 ,-385.5433 ,179.6166 ,
  4.6163 ,  6.1948 ,174.5079 ,464.6815 ,-384.5753 ,180.6365 ,
  4.6163 ,  6.1948 ,174.5079 ,464.6642 ,-387.0473 ,180.2648 ,
  4.5359 ,  6.3168 ,174.1988 ,464.4567 ,-387.2029 ,180.9131 ,
  4.4154 ,  6.1963 ,174.5079 ,466.9633 ,-389.1908 ,181.5872 ,
  4.4553 ,  6.1552 ,174.5079 ,464.6642 ,-392.2333 ,181.1983 ,
  4.2536 ,  6.2780 ,173.8757 ,462.9528 ,-392.5617 ,180.8353 ,
  4.2553 ,  6.3197 ,174.5079 ,463.6443 ,-393.2186 ,181.1896 ,
  4.2165 ,  6.2382 ,174.3534 ,466.8596 ,-393.8582 ,182.1577 ,
  4.0968 ,  6.3208 ,174.5079 ,465.1309 ,-395.3103 ,182.8059 ,
  4.0562 ,  6.2398 ,174.5079 ,466.0644 ,-397.1772 ,182.1145 ,
  3.8960 ,  6.2007 ,174.8241 ,465.3038 ,-398.6812 ,182.4256 ,
  3.9357 ,  6.1192 ,174.8241 ,467.7585 ,-399.8394 ,182.7281 ,
  3.7353 ,  6.2422 ,174.6625 ,466.0298 ,-400.1505 ,183.7048 ,
  3.6560 ,  6.2437 ,175.1402 ,465.2173 ,-402.7781 ,184.0160 ,
  3.5760 ,  6.3254 ,174.9786 ,467.4127 ,-403.5041 ,183.6703 ,
  3.4545 ,  6.2446 ,174.8241 ,465.9780 ,-403.6943 ,184.3358 ,
  3.4945 ,  6.2848 ,174.6625 ,465.1309 ,-404.2647 ,183.9987 ,
  3.3733 ,  6.1636 ,174.6555 ,467.6548 ,-406.2700 ,185.2866 ,
  3.3348 ,  6.3675 ,174.8241 ,466.5484 ,-407.6183 ,184.6037 ,
  3.2539 ,  6.2870 ,174.8241 ,465.9088 ,-405.8724 ,184.6383 ,
  3.1344 ,  6.2031 ,175.4564 ,464.4049 ,-410.4188 ,183.9209 ,
  3.0141 ,  6.2872 ,175.2878 ,465.8569 ,-409.9520 ,185.5891 ,
  2.9334 ,  6.2876 ,175.1332 ,467.3955 ,-410.7127 ,185.2347 ,
  2.8944 ,  6.3678 ,175.4493 ,468.8302 ,-411.3695 ,186.2200 ,
  2.7317 ,  6.2075 ,174.9716 ,467.4992 ,-413.4958 ,185.8570 ,
  2.6928 ,  6.2874 ,175.2878 ,467.3782 ,-414.1527 ,185.8397 ,
  2.6522 ,  6.2066 ,175.2878 ,467.4992 ,-414.8442 ,186.5053 ,
  2.5732 ,  6.3296 ,175.6039 ,466.5311 ,-416.2098 ,186.8251 ,
  2.4918 ,  6.3315 ,175.1262 ,465.7532 ,-417.6100 ,186.4448 ,
  2.4129 ,  6.3713 ,175.6039 ,468.7265 ,-419.5807 ,186.7732 ,
  2.2918 ,  6.3313 ,175.4493 ,467.2572 ,-419.1139 ,188.0870 ,
  2.1719 ,  6.3732 ,175.6039 ,467.1880 ,-419.9437 ,188.4068 ,
  2.1714 ,  6.2918 ,175.6039 ,467.2917 ,-422.3984 ,187.7240 ,
  2.0107 ,  6.3335 ,175.4353 ,467.2226 ,-422.0354 ,189.0464 ,
  1.9304 ,  6.4575 ,175.1262 ,468.6228 ,-420.3413 ,189.4008 ,
  1.8894 ,  6.1719 ,175.6039 ,469.0031 ,-425.2853 ,188.9945 ,
  1.8902 ,  6.2940 ,175.6039 ,467.2572 ,-425.3026 ,189.0118 ,
  1.7306 ,  6.4578 ,175.5969 ,465.4421 ,-426.2360 ,189.9885 ,
  1.7706 ,  6.3765 ,175.7584 ,467.1189 ,-426.1496 ,189.9885 ,
  1.6093 ,  6.3368 ,175.5969 ,466.3928 ,-430.0909 ,190.2392 ,
  1.5693 ,  6.2966 ,175.7584 ,465.6841 ,-428.9155 ,191.2591 ,
  1.3686 ,  6.2575 ,175.9130 ,467.2572 ,-432.9260 ,190.8788 ,
  1.3687 ,  6.3386 ,175.7514 ,466.3755 ,-432.3382 ,192.2185 ,
  1.2482 ,  6.3397 ,175.7514 ,469.4871 ,-431.8888 ,192.2358 ,
  1.2480 ,  6.2988 ,175.7514 ,465.6495 ,-434.3780 ,191.1899 ,
  1.2090 ,  6.4213 ,175.9060 ,467.7931 ,-433.8076 ,193.1952 ,
  1.0086 ,  6.4231 ,176.0746 ,468.5018 ,-436.5734 ,194.1200 ,
  1.0480 ,  6.3820 ,175.9060 ,467.8103 ,-435.9165 ,192.8149 ,
  0.8515 ,  6.5091 ,175.9060 ,465.0963 ,-438.6997 ,193.4286 ,
  0.8070 ,  6.4242 ,175.7514 ,467.7412 ,-437.5415 ,193.4631 ,
  0.7699 ,  6.4277 ,175.5898 ,466.7731 ,-440.0307 ,193.4199 ,
  0.5700 ,  6.5107 ,175.7514 ,468.1734 ,-442.1916 ,194.3620 ,
  0.4898 ,  6.4305 ,176.0605 ,463.6443 ,-439.2529 ,195.0621 ,
  0.2094 ,  6.4736 ,176.2221 ,466.6521 ,-442.1570 ,195.7018 ,
  0.1280 ,  6.4330 ,175.8989 ,465.9434 ,-442.2780 ,196.0475 ,
  0.1679 ,  6.3919 ,175.8989 ,465.2346 ,-444.0758 ,196.3414 ,
  0.0489 ,  6.5559 ,176.0605 ,466.5138 ,-443.6437 ,196.6784 ,
 -0.0312 ,  6.4756 ,176.3767 ,465.8742 ,-444.3697 ,196.3327 ,
 -0.1144 ,  6.4336 ,175.2667 ,467.5165 ,-445.7526 ,196.6093 ,
 -0.3546 ,  6.3956 ,175.7444 ,468.3289 ,-447.3603 ,197.6033 ,
 -0.3536 ,  6.4367 ,176.0535 ,465.9088 ,-449.1927 ,196.9032 ,
 -0.4353 ,  6.3959 ,175.5758 ,467.5338 ,-448.1036 ,197.9058 ,
 -0.6344 ,  6.4795 ,176.0535 ,465.0618 ,-450.8867 ,199.5307 ,
 -0.6737 ,  6.5616 ,176.2151 ,464.9408 ,-449.1062 ,198.8998 ,
 -0.7535 ,  6.5217 ,176.5312 ,467.2745 ,-452.9266 ,199.5135 ,
 -0.8751 ,  6.5221 ,176.0535 ,467.2917 ,-451.8721 ,199.5048 ,
 -1.0352 ,  6.6022 ,176.0465 ,465.6149 ,-453.3933 ,200.1444 ,
 -1.1168 ,  6.5210 ,175.7374 ,464.9580 ,-454.1539 ,201.1125 ,
 -1.2357 ,  6.6040 ,176.2010 ,463.2640 ,-454.9837 ,200.4729 ,
 -1.2346 ,  6.6051 ,176.6788 ,464.7852 ,-454.9145 ,201.4755 ,
 -1.3970 ,  6.6049 ,175.8919 ,464.8543 ,-455.1911 ,201.4409 ,
 -1.5164 ,  6.6064 ,176.3626 ,467.1362 ,-455.9517 ,201.4409 ,
 -1.6770 ,  6.5671 ,176.5242 ,467.1707 ,-457.4557 ,202.0719 ,
 -1.6771 ,  6.6077 ,176.3626 ,465.5631 ,-458.0953 ,202.7288 ,
 -1.7575 ,  6.6488 ,176.2010 ,464.7333 ,-458.8559 ,203.0486 ,
 -1.9588 ,  6.5689 ,176.2010 ,465.6149 ,-461.0167 ,202.9881 ,
 -2.0400 ,  6.5689 ,175.8849 ,464.8370 ,-461.1377 ,203.3165 ,
 -2.0388 ,  6.5291 ,176.5172 ,465.6322 ,-462.9874 ,204.6130 ,
 -2.2394 ,  6.6521 ,176.1940 ,465.4421 ,-463.9554 ,204.9242 ,
 -2.2393 ,  6.5713 ,176.5172 ,464.7852 ,-465.7705 ,205.5811 ,
 -2.3598 ,  6.6125 ,176.3626 ,467.0497 ,-464.6987 ,204.9328 ,
 -2.5204 ,  6.5331 ,176.6717 ,465.5977 ,-466.2200 ,206.2293 ,
 -2.6396 ,  6.6966 ,176.6717 ,466.0817 ,-468.8475 ,206.2034 ,
 -2.6801 ,  6.6968 ,176.5172 ,463.7653 ,-470.1613 ,207.5085 ,
 -2.6798 ,  6.6971 ,176.6717 ,465.3211 ,-469.5563 ,206.8603 ,
 -2.9197 ,  6.6169 ,176.5101 ,465.4421 ,-469.9193 ,207.4826 ,
 -2.9575 ,  6.7405 ,177.1424 ,467.5338 ,-473.0828 ,207.4394 ,
 -3.0011 ,  6.6993 ,176.6647 ,464.5432 ,-470.0576 ,208.4938 ,
 -3.0781 ,  6.7414 ,177.1424 ,465.9607 ,-475.7449 ,208.0703 ,
 -3.2795 ,  6.7019 ,176.9879 ,466.0298 ,-476.6784 ,209.0557 ,
 -3.3597 ,  6.7023 ,176.9879 ,467.5683 ,-476.1771 ,209.0643 ,
 -3.6000 ,  6.7050 ,177.2970 ,469.1068 ,-478.9948 ,209.6693 ,
 -3.6391 ,  6.7866 ,177.4515 ,468.1906 ,-478.4935 ,210.6892 ,
 -3.6398 ,  6.7054 ,177.4515 ,467.5165 ,-479.7035 ,211.6573 ,
 -3.6782 ,  6.7880 ,177.9293 ,468.1906 ,-481.0173 ,210.6547 ,
 -3.8786 ,  6.7895 ,178.0838 ,466.5657 ,-484.4401 ,212.2364 ,
 -4.0398 ,  6.8308 ,177.7677 ,468.8994 ,-482.7978 ,212.2623 ,
 -3.9985 ,  6.9528 ,177.9293 ,468.6747 ,-483.9733 ,212.8933 ,
 -4.2389 ,  6.8740 ,178.3999 ,468.0178 ,-485.5810 ,213.5329 ,
 -4.3203 ,  6.7522 ,178.2454 ,468.9513 ,-486.8948 ,213.1872 ,
 -4.4415 ,  6.7530 ,178.0838 ,468.1906 ,-486.4799 ,213.8613 ,
 -4.4400 ,  6.7945 ,178.5615 ,468.1042 ,-488.9864 ,214.4750 ,
 -4.6802 ,  6.8371 ,178.7161 ,470.3169 ,-489.9718 ,214.8121 ,
 -4.7208 ,  6.8371 ,178.5545 ,468.8130 ,-488.7963 ,216.1345 ,
 -5.0417 ,  6.8802 ,178.5545 ,471.0775 ,-490.5249 ,216.1000 ,
 -5.1206 ,  6.8413 ,179.3413 ,468.7611 ,-491.8906 ,216.7482 ,
 -5.2404 ,  6.9642 ,179.1868 ,469.3488 ,-492.1153 ,216.7568 ,
 -5.3199 ,  6.9656 ,179.6645 ,472.4086 ,-494.6564 ,218.7016 ,
 -5.4011 ,  6.8846 ,179.5029 ,470.1959 ,-496.0048 ,217.6990 ,
 -5.5612 ,  6.8861 ,179.8191 ,470.9911 ,-496.8691 ,218.6670 ,
 -5.5208 ,  6.9263 ,179.6575 ,470.1440 ,-497.4569 ,218.9868 ,
 -5.6806 ,  6.9280 ,179.9806 ,472.4431 ,-498.3039 ,219.6524 ,
 -5.8409 ,  7.1322 ,179.6575 ,472.1493 ,-498.5805 ,219.6351 ,
 -5.9199 ,  6.9309 ,180.7675 ,473.2038 ,-499.8943 ,221.2600 ,
 -6.0806 ,  6.9726 ,180.6129 ,473.9125 ,-502.6256 ,221.2514 ,
 -6.0393 ,  6.9732 ,181.0836 ,474.6731 ,-503.1615 ,220.9229 ,
 -6.2406 ,  7.0147 ,180.7675 ,472.2357 ,-505.3741 ,220.8711 ,
 -6.3208 ,  7.0562 ,180.7675 ,473.7396 ,-505.4952 ,221.8737 ,
 -6.4793 ,  7.1397 ,181.3997 ,475.8832 ,-506.9645 ,222.5306 ,
 -6.5210 ,  6.9344 ,181.3997 ,475.4164 ,-508.2437 ,222.5046 ,
 -6.6788 ,  7.1421 ,182.0320 ,475.8832 ,-506.6534 ,223.5159 ,
 -6.8402 ,  7.1833 ,181.5543 ,475.8313 ,-508.1400 ,223.8271 ,
 -6.8005 ,  6.9372 ,182.0320 ,473.8779 ,-509.9551 ,223.7925 ,
 -7.0005 ,  7.0204 ,182.1866 ,477.6118 ,-512.0295 ,225.4002 ,
 -7.0409 ,  7.1017 ,181.8704 ,475.9178 ,-512.1851 ,224.4062 ,
 -6.9996 ,  7.1021 ,182.3411 ,477.4736 ,-512.6864 ,225.7200 ,
 -7.2391 ,  7.1858 ,182.6573 ,479.6171 ,-516.1437 ,226.6621 ,
 -7.3581 ,  7.3094 ,182.9804 ,478.6318 ,-517.5958 ,225.6508 ,
 -7.4788 ,  7.1886 ,183.2895 ,478.8565 ,-517.1463 ,226.9905 ,
 -7.6387 ,  7.2308 ,183.4441 ,479.5134 ,-518.6503 ,227.6215 ,
 -7.7190 ,  7.2716 ,183.2895 ,480.2567 ,-519.9986 ,228.2784 ,
 -7.7585 ,  7.3133 ,183.6127 ,480.1703 ,-521.9347 ,228.5809 ,
 -7.9583 ,  7.2742 ,183.9218 ,478.6318 ,-522.2459 ,228.8921 ,
 -7.9983 ,  7.3967 ,183.7673 ,479.9974 ,-523.5597 ,229.2119 ,
 -8.0378 ,  7.3568 ,184.2380 ,483.1781 ,-524.8389 ,230.5256 ,
 -8.1976 ,  7.3585 ,184.5541 ,482.3657 ,-525.0809 ,230.1972 ,
 -8.1959 ,  7.5627 ,184.7087 ,482.0372 ,-525.6859 ,230.5083 ,
 -8.2758 ,  7.5632 ,184.7087 ,482.8324 ,-527.0516 ,232.1419 ,
 -8.5168 ,  7.5245 ,185.0248 ,482.8497 ,-529.9039 ,231.7703 ,
 -8.7575 ,  7.4455 ,185.3480 ,486.8602 ,-529.6273 ,233.1186 ,
 -8.7570 ,  7.5675 ,185.1793 ,484.3191 ,-532.1165 ,232.4012 ,
 -8.9155 ,  7.6914 ,185.6571 ,484.8895 ,-533.6205 ,234.3719 ,
 -8.9160 ,  7.5697 ,185.8186 ,485.0624 ,-533.5859 ,234.3719 ,
 -9.1579 ,  7.6115 ,185.5025 ,484.2153 ,-535.2454 ,235.6598 ,
 -9.1561 ,  7.6128 ,186.1348 ,485.7711 ,-534.6231 ,235.0288 ,
 -9.3555 ,  7.7366 ,186.4439 ,488.6753 ,-537.3717 ,235.3313 ,
 -9.4354 ,  7.6154 ,186.7671 ,488.8481 ,-537.4581 ,236.3167 ,
 -9.5553 ,  7.7383 ,186.7671 ,489.4359 ,-537.6483 ,236.3167 ,
 -9.7138 ,  7.8626 ,187.2378 ,487.6554 ,-540.3968 ,236.9390 ,
 -9.8753 ,  7.7827 ,187.2378 ,488.5543 ,-540.6561 ,237.2674 ,
-10.0356 ,  7.8244 ,187.2378 ,490.0236 ,-542.7132 ,236.8871 ,
-10.1142 ,  7.8262 ,188.0246 ,489.1939 ,-544.6839 ,237.8724 ,
-10.1524 ,  8.0303 ,188.1862 ,490.4212 ,-546.0323 ,239.1689 ,
-10.3140 ,  7.9091 ,188.1862 ,490.6114 ,-545.6174 ,238.5207 ,
-10.3531 ,  7.9917 ,188.5023 ,489.6779 ,-549.4032 ,239.0825 ,
-10.5111 ,  8.1563 ,188.9800 ,494.0514 ,-550.2502 ,240.4222 ,
-10.6319 ,  8.1168 ,189.1346 ,492.5821 ,-549.8353 ,240.7680 ,
-10.7513 ,  8.0374 ,189.6123 ,491.9252 ,-551.8751 ,239.7826 ,
-10.8703 ,  8.2415 ,189.9214 ,493.1525 ,-552.0653 ,241.0964 ,
-10.9910 ,  8.2016 ,189.7669 ,495.5381 ,-553.5001 ,240.4136 ,
-11.0288 ,  8.3658 ,190.2516 ,493.7057 ,-554.1570 ,241.3989 ,
-11.1904 ,  8.2850 ,190.2516 ,495.3998 ,-554.9867 ,242.0299 ,
-11.3906 ,  8.2468 ,190.5607 ,497.7853 ,-555.2806 ,242.6954 ,
-11.4688 ,  8.4514 ,190.8839 ,496.6271 ,-559.1874 ,243.6289 ,
-11.6299 ,  8.4523 ,190.7223 ,494.3107 ,-558.8416 ,243.9400 ,
-11.7111 ,  8.4115 ,190.5607 ,496.6617 ,-560.7777 ,243.9314 ,
-11.9496 ,  8.5362 ,191.0314 ,494.8985 ,-563.6127 ,244.5537 ,
-12.1098 ,  8.5379 ,191.3546 ,497.2667 ,-563.2497 ,244.9081 ,
-12.0690 ,  8.4975 ,191.6637 ,498.0446 ,-566.8972 ,244.5019 ,
-12.1485 ,  8.5397 ,191.9868 ,499.4967 ,-568.8679 ,245.1501 ,
-12.2683 ,  8.6622 ,191.9868 ,498.5632 ,-568.4530 ,246.1268 ,
-12.5493 ,  8.6235 ,191.9868 ,501.7094 ,-568.8679 ,245.1501 ,
-12.5884 ,  8.6657 ,192.4505 ,499.2893 ,-571.3917 ,246.0922 ,
-12.7878 ,  8.7891 ,192.6121 ,500.6203 ,-572.9475 ,247.0689 ,
-12.9094 ,  8.7087 ,192.4505 ,499.9807 ,-574.9873 ,247.3628 ,
-13.0288 ,  8.7100 ,192.7737 ,502.2798 ,-575.1602 ,248.3568 ,
-13.2690 ,  8.8338 ,192.7666 ,502.8676 ,-576.1628 ,248.3395 ,
-13.3081 ,  8.8352 ,193.2444 ,501.3118 ,-576.1974 ,247.6740 ,
-13.3493 ,  8.8347 ,192.9212 ,503.6455 ,-576.8543 ,249.2989 ,
-13.4275 ,  8.8769 ,193.7221 ,502.0033 ,-577.6495 ,250.3361 ,
-13.7085 ,  8.8382 ,193.7221 ,504.3888 ,-579.8967 ,250.9411 ,
-13.8666 ,  9.0442 ,194.1858 ,505.5816 ,-582.0403 ,250.6127 ,
-13.9478 ,  8.8817 ,194.3544 ,501.9514 ,-581.5217 ,251.9178 ,
-14.1090 ,  8.9638 ,194.0312 ,506.5151 ,-580.4845 ,251.9178 ,
-14.3491 ,  8.9665 ,194.3473 ,502.6083 ,-582.1094 ,251.9178 ,
-14.3878 ,  9.0486 ,194.6635 ,506.3422 ,-582.1786 ,252.6006 ,
-14.5081 ,  9.0898 ,194.5019 ,506.2558 ,-584.8407 ,252.2463 ,
-14.8295 ,  9.0521 ,194.8110 ,507.1201 ,-584.7024 ,253.2402 ,
-14.9884 ,  9.2158 ,194.8110 ,506.8435 ,-586.8114 ,254.8738 ,
-15.0701 ,  9.0543 ,194.9796 ,507.8634 ,-587.5720 ,255.1850 ,
-15.1869 ,  9.2176 ,194.9726 ,507.5868 ,-588.9895 ,254.8479 ,
-15.3502 ,  9.1781 ,194.9726 ,506.8608 ,-589.2315 ,255.4961 ,
-15.5083 ,  9.1390 ,195.1271 ,508.4339 ,-590.7182 ,255.4961 ,
-15.5873 ,  9.2216 ,195.4433 ,509.1081 ,-590.8219 ,256.8099 ,
-15.8288 ,  9.1820 ,195.1271 ,509.1426 ,-592.4468 ,257.7953 ,
-15.9087 ,  9.2238 ,195.4433 ,509.0735 ,-592.5851 ,257.7780 ,
-16.1107 ,  9.3063 ,194.9585 ,507.4313 ,-592.3085 ,257.7780 ,
-16.2697 ,  9.2677 ,195.5978 ,509.0389 ,-593.1729 ,258.1237 ,
-16.4295 ,  9.2690 ,195.9140 ,507.4313 ,-595.2473 ,259.0572 ,
-16.5507 ,  9.1886 ,195.9140 ,510.6466 ,-595.3855 ,258.1064 ,
-16.6297 ,  9.3111 ,195.7524 ,510.4737 ,-596.8030 ,260.3883 ,
-16.6701 ,  9.3520 ,195.7524 ,509.6612 ,-595.0052 ,260.3883 ,
-16.9098 ,  9.3546 ,196.0685 ,511.1825 ,-596.0079 ,260.7167 ,
-17.0302 ,  9.4371 ,196.2301 ,511.8393 ,-598.6700 ,261.0279 ,
-17.0706 ,  9.4775 ,196.0615 ,510.1798 ,-598.7391 ,260.6821 ,
-17.2725 ,  9.3160 ,195.9069 ,508.8833 ,-599.6381 ,261.6675 ,
-17.4719 ,  9.3994 ,196.2231 ,511.0960 ,-599.3615 ,261.6848 ,
-17.6730 ,  9.4411 ,195.8999 ,509.5056 ,-600.2949 ,262.6701 ,
-17.6730 ,  9.4437 ,196.0615 ,509.4365 ,-602.8188 ,262.9640 ,
-17.8328 ,  9.3212 ,196.5392 ,511.1479 ,-602.9917 ,262.3244 ,
-17.9926 ,  9.5662 ,196.5322 ,510.8367 ,-602.6459 ,263.2924 ,
-18.1946 ,  9.4481 ,196.5322 ,513.3087 ,-604.1671 ,263.6381 ,
-18.2332 ,  9.5298 ,196.3776 ,511.6146 ,-604.2363 ,263.6209 ,
-18.4352 ,  9.4090 ,196.3776 ,508.6759 ,-605.7921 ,265.5915 ,
-18.5538 ,  9.5333 ,197.0099 ,511.5973 ,-605.3426 ,265.2458 ,
-18.6346 ,  9.5337 ,196.8413 ,510.7849 ,-604.8586 ,264.5889 ,
-18.8760 ,  9.4942 ,196.6868 ,510.8886 ,-605.8267 ,266.2311 ,
-18.9164 ,  9.4134 ,196.8413 ,513.3433 ,-605.2735 ,265.5915 ,
-19.1579 ,  9.4551 ,196.3706 ,510.9577 ,-607.5553 ,266.5596 ,
-19.2387 ,  9.4560 ,196.5252 ,511.7529 ,-607.6936 ,266.5769 ,
-19.5189 ,  9.4178 ,196.8343 ,510.1971 ,-608.0739 ,267.5622 ,
-19.8008 ,  9.4600 ,196.5181 ,511.7183 ,-609.1457 ,267.2165 ,
-19.7990 ,  9.5421 ,196.8343 ,510.0070 ,-609.1803 ,267.8907 ,
-19.9615 ,  9.5829 ,196.3636 ,511.4936 ,-611.9461 ,268.4957 ,
-20.0809 ,  9.5030 ,196.5181 ,510.9059 ,-607.7282 ,268.5303 ,
-20.3233 ,  9.4639 ,196.3495 ,511.7529 ,-610.0100 ,268.1845 ,
-20.5244 ,  9.3840 ,196.3495 ,511.8048 ,-611.4967 ,270.1552 ,
-20.6447 ,  9.4253 ,196.3495 ,510.1798 ,-612.3610 ,270.8380 ,
-20.6833 ,  9.5074 ,196.5111 ,512.4098 ,-609.8717 ,270.5009 ,
-20.8853 ,  9.5087 ,196.5111 ,510.8021 ,-612.0153 ,271.1665 ,
-21.0451 ,  9.5509 ,196.5111 ,508.4339 ,-612.3264 ,271.8061 ,
-21.1672 ,  9.4696 ,196.1880 ,510.1280 ,-611.2892 ,271.8234 ,
-21.3279 ,  9.4710 ,196.0334 ,509.3328 ,-611.5658 ,271.1665 ,
-21.5272 ,  9.5135 ,196.5041 ,510.0242 ,-613.6748 ,271.8061 ,
-21.5290 ,  9.4319 ,196.0334 ,511.7529 ,-611.8424 ,272.4630 ,
-21.8495 ,  9.4745 ,196.0264 ,508.5549 ,-614.2280 ,272.7914 ,
-21.7309 ,  9.4328 ,195.7102 ,509.4192 ,-614.0205 ,274.4509 ,
-22.0515 ,  9.4350 ,195.8648 ,510.2317 ,-612.0153 ,274.1052 ,
-22.1331 ,  9.3941 ,195.3941 ,508.6932 ,-613.4328 ,274.4509 ,
-22.2543 ,  9.4354 ,195.2255 ,510.1798 ,-614.2280 ,275.4190 ,
-22.4150 ,  9.3555 ,195.2255 ,508.7796 ,-615.1269 ,275.7647 ,
-22.6565 ,  9.3568 ,195.0709 ,505.6507 ,-614.8848 ,274.4336 ,
-22.8181 ,  9.2760 ,194.5862 ,508.1227 ,-613.2599 ,276.1191 ,
-22.9375 ,  9.3586 ,194.9094 ,506.4632 ,-614.0551 ,275.4363 ,
-22.9797 ,  9.3985 ,194.2771 ,505.6334 ,-614.1588 ,276.4389 ,
-23.2194 ,  9.4003 ,194.4316 ,504.8210 ,-613.9168 ,275.7647 ,
-23.3406 ,  9.4016 ,194.2630 ,507.1720 ,-613.5019 ,276.7760 ,
-23.4600 ,  9.4433 ,194.5862 ,504.7691 ,-613.0179 ,277.0785 ,
-23.6234 ,  9.2808 ,194.1085 ,505.8063 ,-613.9168 ,278.4182 ,
-23.9053 ,  9.3252 ,193.6237 ,504.1641 ,-614.3317 ,277.0785 ,
-23.9852 ,  9.3239 ,193.6448 ,500.2919 ,-613.8822 ,277.0439 ,
-24.1880 ,  9.3673 ,192.9915 ,504.9074 ,-614.2280 ,277.7440 ,
-24.2680 ,  9.2031 ,193.3076 ,503.6282 ,-613.0525 ,278.0725 ,
-24.2697 ,  9.1232 ,192.6753 ,502.2107 ,-613.1216 ,279.0578 ,
-24.5112 ,  9.1649 ,192.5137 ,502.1934 ,-612.2227 ,279.0578 ,
-24.7518 ,  9.2075 ,192.5067 ,501.3291 ,-612.6030 ,278.7294 ,
-24.8344 ,  9.1662 ,191.7199 ,501.3637 ,-613.3982 ,279.0751 ,
-25.0346 ,  9.2088 ,192.0290 ,501.3118 ,-610.5632 ,278.7466 ,
-25.2357 ,  9.2101 ,191.7129 ,500.5339 ,-613.3636 ,279.0751 ,
-25.3174 ,  9.0068 ,191.5583 ,499.3238 ,-610.9781 ,279.4208 ,
-25.4798 ,  9.0472 ,190.9260 ,500.0499 ,-611.2547 ,279.4035 ,
-25.6396 ,  9.1298 ,190.7574 ,496.0567 ,-610.9435 ,279.0751 ,
-25.7599 ,  9.1719 ,190.9120 ,496.0221 ,-608.6617 ,279.4208 ,
-25.8820 ,  9.0095 ,190.5958 ,496.2295 ,-612.5339 ,281.0285 ,
-26.0849 ,  8.9691 ,189.9565 ,493.2044 ,-611.0126 ,280.0086 ,
-26.1665 ,  9.0099 ,189.4788 ,493.9304 ,-608.6617 ,280.7173 ,
-26.2069 ,  8.9686 ,189.3243 ,492.4438 ,-606.8293 ,280.3889 ,
-26.4475 ,  8.9309 ,189.7879 ,492.5302 ,-607.2096 ,280.7173 ,
-26.5310 ,  8.8071 ,188.5234 ,492.7203 ,-607.9702 ,280.7346 ,
-26.7716 ,  8.8483 ,187.7295 ,489.5915 ,-608.4197 ,280.7346 ,
-26.7725 ,  8.9300 ,188.0457 ,490.2311 ,-607.1404 ,280.4148 ,
-26.9340 ,  8.8892 ,186.9286 ,489.6088 ,-604.3400 ,281.1063 ,
-27.0956 ,  8.8492 ,186.6125 ,489.6433 ,-605.2043 ,281.1063 ,
-27.2572 ,  8.6876 ,186.6125 ,486.7910 ,-604.8240 ,280.4321 ,
-27.4179 ,  8.8501 ,185.9802 ,486.5490 ,-604.5475 ,280.4494 ,
-27.5005 ,  8.7285 ,185.8116 ,485.1834 ,-602.7842 ,280.7605 ,
-27.5812 ,  8.6468 ,185.5025 ,483.7659 ,-603.5103 ,281.0717 ,
-27.7446 ,  8.6468 ,184.5471 ,482.1928 ,-603.7868 ,280.7346 ,
-27.7850 ,  8.6060 ,184.2239 ,480.7580 ,-600.1912 ,281.1063 ,
-27.9070 ,  8.5656 ,183.9078 ,480.8617 ,-599.0849 ,279.7925 ,
-28.0669 ,  8.6481 ,183.9148 ,477.6118 ,-601.2284 ,280.7778 ,
-28.1081 ,  8.6068 ,183.2825 ,476.9377 ,-597.5982 ,280.1209 ,
-28.2285 ,  8.5261 ,182.9594 ,476.2808 ,-597.8057 ,279.7925 ,
-28.3110 ,  8.4461 ,182.4746 ,478.7528 ,-597.2871 ,280.1209 ,
-28.4331 ,  8.4057 ,182.0109 ,474.1545 ,-598.1168 ,280.4667 ,
-28.5946 ,  8.2841 ,181.6808 ,474.3792 ,-594.6249 ,279.4813 ,
-28.5569 ,  8.2016 ,181.0485 ,472.2011 ,-593.3803 ,278.4960 ,
-28.6386 ,  8.0391 ,180.7323 ,471.6825 ,-593.5186 ,278.8244 ,
-28.7211 ,  8.1190 ,179.7839 ,470.0230 ,-589.9230 ,278.2194 ,
-28.8844 ,  7.8758 ,179.4608 ,468.8821 ,-588.8858 ,277.5625 ,
-28.8844 ,  8.0374 ,178.6669 ,470.2132 ,-585.8433 ,276.5772 ,
-28.9687 ,  7.9553 ,177.7115 ,465.7359 ,-583.4924 ,277.2514 ,
-29.0495 ,  7.9553 ,177.5569 ,464.1629 ,-582.3860 ,276.2747 ,
-29.1303 ,  7.7520 ,177.0792 ,462.9874 ,-581.2797 ,274.6411 ,
-29.1356 ,  7.6681 ,175.8217 ,458.4410 ,-580.1042 ,275.3412 ,
-29.2568 ,  7.6681 ,175.3440 ,454.6207 ,-575.9900 ,274.0274 ,
-29.3393 ,  7.5052 ,174.6976 ,454.8972 ,-576.0937 ,272.6963 ,
-29.3815 ,  7.4235 ,174.5431 ,455.0528 ,-574.2613 ,271.0887 ,
-29.4236 ,  7.4218 ,173.2645 ,451.9758 ,-573.1204 ,271.0714 ,
-29.3446 ,  7.4205 ,172.6322 ,449.6767 ,-571.7720 ,269.4637 ,
-29.4693 ,  7.1761 ,171.9999 ,450.0916 ,-569.4902 ,269.1266 ,
-29.5097 ,  7.1757 ,171.5222 ,446.2021 ,-567.7615 ,267.5103 ,
-29.4342 ,  6.9700 ,170.5738 ,444.2487 ,-565.1513 ,266.5250 ,
-29.5975 ,  7.0503 ,169.3022 ,441.8286 ,-562.9559 ,266.8880 ,
-29.5589 ,  6.8461 ,168.9861 ,439.7887 ,-562.9040 ,264.5716 ,
-29.5220 ,  6.8031 ,167.7215 ,435.2596 ,-559.1528 ,263.2924 ,
-29.5641 ,  6.7212 ,167.2438 ,433.0815 ,-558.5823 ,262.9640 ,
-29.6063 ,  6.5974 ,166.1338 ,430.1774 ,-554.3298 ,261.3217 ,
-29.6906 ,  6.5166 ,164.8622 ,428.7944 ,-553.2754 ,259.3856 ,
-29.7327 ,  6.4345 ,164.2300 ,426.6163 ,-551.4948 ,259.3856 ,
-29.5747 ,  6.2694 ,163.4361 ,423.8159 ,-548.1239 ,259.0918 ,
-29.6976 ,  6.2685 ,162.4877 ,420.7216 ,-547.0867 ,256.7667 ,
-29.6590 ,  6.1454 ,162.0100 ,419.4424 ,-543.3356 ,255.8246 ,
-29.6221 ,  5.9397 ,160.9000 ,418.1978 ,-541.9872 ,253.8712 ,
-29.6660 ,  5.8165 ,159.9445 ,415.3282 ,-539.5844 ,253.8885 ,
-29.8293 ,  5.6936 ,158.8345 ,413.9971 ,-536.7839 ,253.2402 ,
-29.7925 ,  5.6106 ,158.0337 ,410.2978 ,-534.2428 ,250.9584 ,
-29.7538 ,  5.5682 ,157.0782 ,405.6995 ,-533.0327 ,248.9705 ,
-29.6765 ,  5.4439 ,156.1368 ,404.3858 ,-528.5209 ,248.6939 ,
-29.7995 ,  5.4024 ,155.0198 ,402.1731 ,-526.2737 ,248.3741 ,
-29.8451 ,  5.1974 ,153.9098 ,400.9457 ,-525.0636 ,246.7491 ,
-29.5641 ,  5.1133 ,153.5937 ,397.2637 ,-520.3444 ,244.8390 ,
-29.6871 ,  4.9908 ,152.7998 ,393.5643 ,-519.3417 ,243.1535 ,
-29.8522 ,  4.9080 ,151.2121 ,392.1987 ,-515.8325 ,242.2200 ,
-29.8135 ,  4.8665 ,150.8960 ,389.9860 ,-511.4417 ,241.9175 ,
-29.6853 ,  4.7476 ,149.4698 ,387.1683 ,-508.8315 ,240.6297 ,
-29.6888 ,  4.6229 ,147.8821 ,382.7775 ,-506.3422 ,238.3392 ,
-29.6116 ,  4.5803 ,147.2499 ,379.7696 ,-502.5219 ,237.0600 ,
-29.4956 ,  4.4139 ,145.6621 ,378.5077 ,-501.0698 ,235.7548 ,
-29.5782 ,  4.2916 ,145.1915 ,377.1939 ,-496.8864 ,235.1412 ,
-29.5799 ,  4.3302 ,143.9199 ,372.4919 ,-495.0368 ,233.8360 ,
-29.5062 ,  4.0420 ,142.4937 ,370.6769 ,-490.5768 ,231.5628 ,
-29.4675 ,  3.9590 ,141.7069 ,367.7554 ,-487.3961 ,229.6094 ,
-29.3885 ,  3.9155 ,140.4283 ,366.3206 ,-483.5584 ,227.9931 ,
-29.3516 ,  3.9546 ,139.6345 ,362.4311 ,-481.0519 ,225.7286 ,
-29.2743 ,  3.7072 ,138.2083 ,358.1786 ,-479.0639 ,224.7346 ,
-29.1971 ,  3.7054 ,137.5760 ,355.8968 ,-475.2436 ,223.7752 ,
-29.1198 ,  3.4988 ,136.1499 ,354.7040 ,-472.5987 ,222.4701 ,
-29.0021 ,  3.4154 ,135.5176 ,351.7826 ,-468.0869 ,220.2315 ,
-29.2058 ,  3.4552 ,134.0845 ,340.9266 ,-464.7679 ,218.9004 ,
-28.9301 ,  3.2063 ,132.6654 ,339.7857 ,-459.9449 ,217.3100 ,
-28.9336 ,  3.1639 ,131.7099 ,335.2566 ,-456.9025 ,215.6851 ,
-28.8546 ,  3.0806 ,129.9677 ,334.6516 ,-454.2576 ,214.3799 ,
-28.8177 ,  2.9142 ,129.0193 ,331.1078 ,-449.8323 ,213.4292 ,
-28.7826 ,  2.7088 ,127.2700 ,329.1717 ,-444.1622 ,210.8621 ,
-28.6227 ,  2.5848 ,126.4831 ,324.6772 ,-444.5080 ,209.2112 ,
-28.5481 ,  2.5410 ,125.3661 ,321.7385 ,-438.8898 ,207.2751 ,
-28.3496 ,  2.4961 ,123.4623 ,318.7652 ,-433.5656 ,205.3390 ,
-28.2759 ,  2.2878 ,122.3523 ,314.5299 ,-426.0286 ,204.0944 ,
-28.2004 ,  2.1638 ,120.7646 ,312.4555 ,-422.8133 ,201.8299 ,
-28.0809 ,  2.2018 ,119.6546 ,306.2324 ,-418.3360 ,200.8618 ,
-28.0432 ,  1.9560 ,118.7061 ,304.3135 ,-416.3481 ,198.2515 ,
-27.8465 ,  1.9516 ,116.9639 ,302.8442 ,-412.2857 ,195.3474 ,
-27.6515 ,  1.7441 ,115.8539 ,299.3523 ,-405.8205 ,194.0768 ,
-27.6129 ,  1.7826 ,114.4313 ,293.9243 ,-402.6744 ,193.1001 ,
-27.4162 ,  1.6968 ,112.8436 ,289.4298 ,-399.2689 ,189.5131 ,
-27.1378 ,  1.4082 ,112.0567 ,288.3926 ,-393.8236 ,184.6383 ,
-27.1430 ,  1.4455 ,109.9913 ,282.9992 ,-388.2919 ,184.3531 ,
-26.9059 ,  1.2781 ,108.4106 ,279.4381 ,-383.5554 ,182.7368 ,
-26.7505 ,  1.2737 ,106.4997 ,276.4043 ,-378.3348 ,179.2017 ,
-26.6741 ,  1.0677 ,105.5513 ,271.3566 ,-373.2698 ,178.2423 ,
-26.3167 ,  0.9402 ,103.9706 ,265.3582 ,-372.0944 ,176.2630 ,
-26.2781 ,  1.0192 ,102.6990 ,264.5284 ,-366.4416 ,173.3674 ,
-26.0023 ,  0.7295 ,101.2729 ,262.7479 ,-361.0309 ,171.1202 ,
-25.7643 ,  0.6843 , 99.6922 ,256.6544 ,-356.9340 ,169.1754 ,
-25.5290 ,  0.6389 , 97.9500 ,249.8607 ,-349.7428 ,165.9342 ,
-25.3718 ,  0.5552 , 96.6889 ,244.6402 ,-343.3121 ,164.9834 ,
-25.2568 ,  0.3884 , 94.9431 ,242.6349 ,-339.9758 ,162.3904 ,
-25.0609 ,  0.3840 , 93.2009 ,236.5414 ,-333.4933 ,160.1432 ,
-24.8229 ,  0.2182 , 91.9328 ,236.0919 ,-329.3446 ,157.8700 ,
-24.5463 ,  0.1324 , 90.6718 ,230.8627 ,-323.9339 ,155.2943 ,
-24.3909 ,  0.0058 , 88.7714 ,227.2758 ,-317.4687 ,154.3435 ,
-24.1152 , -0.1205 , 87.0292 ,220.5685 ,-312.6976 ,150.4540 ,
-23.8377 , -0.1665 , 85.1288 ,217.6298 ,-307.2868 ,147.2128 ,
-23.5206 , -0.3338 , 84.0223 ,214.8553 ,-302.4120 ,144.3000 ,
-23.3643 , -0.3777 , 82.2801 ,210.3349 ,-297.2087 ,141.7070 ,
-23.0069 , -0.3825 , 80.5378 ,205.7798 ,-291.0720 ,139.8012 ,
-23.0122 , -0.5079 , 79.2733 ,201.4150 ,-284.8488 ,137.8737 ,
-22.4932 , -0.5541 , 77.2148 ,196.9118 ,-280.3284 ,135.2894 ,
-22.2157 , -0.6402 , 75.7887 ,193.9731 ,-276.7587 ,132.0395 ,
-21.9329 , -0.5758 , 74.3731 ,187.3177 ,-269.1871 ,129.4681 ,
-21.6581 , -0.9486 , 72.4693 ,184.8717 ,-263.0763 ,127.2208 ,
-21.3797 , -0.9531 , 71.0431 ,181.1119 ,-256.4383 ,125.3193 ,
-21.0223 , -0.9997 , 69.1498 ,176.6346 ,-249.6360 ,121.4385 ,
-20.7070 , -1.1676 , 66.9298 ,170.7312 ,-246.0404 ,119.1609 ,
-20.2267 , -1.1739 , 65.6653 ,167.7839 ,-236.5673 ,116.3000 ,
-19.9492 , -1.2193 , 63.7614 ,164.0500 ,-231.7789 ,114.0441 ,
-19.4714 , -1.2255 , 61.7065 ,159.4777 ,-227.9154 ,112.1167 ,
-19.1535 , -1.2718 , 60.2839 ,153.4878 ,-217.4742 ,109.2471 ,
-18.7136 , -1.3177 , 58.6997 ,148.1463 ,-214.9504 ,105.0205 ,
-18.3579 , -1.4452 , 56.9610 ,144.5507 ,-209.3928 ,101.7749 ,
-17.9592 , -1.4508 , 55.3768 ,140.0000 ,-202.5645 , 97.9114 ,
-17.6422 , -1.4972 , 53.1585 ,134.7016 ,-198.9689 , 95.6382 ,
-17.2040 , -1.5835 , 51.8975 ,130.2719 ,-192.0543 , 93.0798 ,
-16.7246 , -1.5501 , 49.9936 ,128.0203 ,-183.8258 , 90.1972 ,
-16.2468 , -1.5977 , 47.7772 ,121.9355 ,-178.7263 , 86.6535 ,
-15.8482 , -1.5622 , 46.3510 ,118.0719 ,-173.7650 , 84.0821 ,
-15.4495 , -1.6498 , 44.6088 ,115.2239 ,-165.0094 , 80.2401 ,
-14.8901 , -1.6975 , 43.0298 ,108.3568 ,-160.4371 , 78.6498 ,
-14.2881 , -1.6227 , 41.7670 ,103.6808 ,-153.2890 , 75.1147 ,
-13.9728 , -1.6290 , 39.2274 ,101.4465 ,-147.7919 , 71.5709 ,
-13.4543 , -1.7986 , 37.8048 , 97.1378 ,-140.7346 , 69.6715 ,
-12.8931 , -1.7233 , 36.3822 , 92.4445 ,-134.9134 , 66.4562 ,
-12.4940 , -1.7695 , 34.9595 , 88.6803 ,-131.1795 , 62.8930 ,
-11.9333 , -1.6132 , 33.2190 , 83.0924 ,-124.1136 , 59.0295 ,
-11.5746 , -1.6591 , 31.6331 , 80.9100 ,-119.1739 , 56.4581 ,
-10.8940 , -1.6664 , 30.2122 , 76.3290 ,-113.7718 , 53.2406 ,
-10.4563 , -1.5914 , 27.9931 , 72.4136 ,-108.1148 , 51.0063 ,
 -9.8556 , -1.5986 , 26.5687 , 70.9399 ,-102.8035 , 47.1276 ,
 -9.3362 , -1.4419 , 24.6684 , 66.8733 ,-98.3003 , 45.8657 ,
 -8.8940 , -1.3650 , 23.7226 , 61.4021 ,-92.6562 , 43.6271 ,
 -8.3746 , -1.4939 , 22.3017 , 55.4684 ,-86.2472 , 40.7445 ,
 -7.6505 , -1.2153 , 21.0390 , 51.2354 ,-80.8149 , 37.1921 ,
 -7.0496 , -1.1816 , 19.6146 , 49.7314 ,-73.6410 , 35.2982 ,
 -6.3263 , -1.0245 , 18.6670 , 48.7310 ,-71.9123 , 32.6955 ,
 -5.8867 , -0.9895 , 17.0846 , 44.0765 ,-67.5150 , 29.1398 ,
 -5.5254 , -0.9154 , 16.4514 , 38.5967 ,-62.6359 , 27.8747 ,
 -4.8839 , -0.9182 , 15.1922 , 37.0884 ,-59.1353 , 25.6209 ,
 -4.3620 , -0.7610 , 13.9254 , 35.3576 ,-54.6019 , 21.7401 ,
 -4.0812 , -0.6036 , 13.1324 , 31.2801 ,-51.7237 , 20.4609 ,
 -3.5182 , -0.4434 , 12.1862 , 31.8711 ,-47.1060 , 19.5177 ,
 -3.1178 , -0.4088 , 11.2374 , 25.6447 ,-44.0376 , 17.9100 ,
 -2.7171 , -0.3299 ,  9.9719 , 26.3275 ,-42.1577 , 16.6394 ,
 -2.4363 , -0.2516 ,  9.3392 , 23.9322 ,-38.0003 , 14.7006 ,
 -1.8754 , -0.0950 ,  7.5978 , 22.2101 ,-33.4021 , 13.4571 ,
 -1.5931 , -0.0154 ,  7.4428 , 19.7532 ,-33.6268 , 11.4983 ,
 -1.3931 ,  0.1039 ,  6.4920 , 18.0829 ,-28.9605 , 10.5546 ,
 -1.0305 ,  0.1015 ,  6.4968 , 15.7125 ,-30.2980 ,  9.8950 ,
 -0.7887 ,  0.3030 ,  5.8635 , 14.6753 ,-26.8256 ,  8.2865 ,
 -0.5896 ,  0.2190 ,  5.2297 , 14.8260 ,-25.2503 ,  7.3320 ,
 -0.3886 ,  0.2985 ,  4.7559 , 13.1746 ,-23.7151 ,  7.3468 ,
 -0.2283 ,  0.2967 ,  4.4398 , 12.4307 ,-21.5899 ,  6.7053 ,
 -0.0268 ,  0.4990 ,  3.9625 , 14.4646 ,-20.0784 ,  5.7475 ,
  0.0535 ,  0.4570 ,  3.9638 , 13.7764 ,-18.6976 ,  5.0893 ,
  0.1751 ,  0.5377 ,  4.1265 ,  9.8058 ,-17.2569 ,  4.7568 ,
  0.2163 ,  0.6602 ,  3.8079 , 10.3774 ,-17.2099 ,  4.4410 ,
  0.3349 ,  0.4959 ,  3.4905 , 11.3805 ,-18.2493 ,  5.1187 ,
  0.5765 ,  0.5746 ,  3.4935 ,  9.7702 ,-15.3926 ,  4.7784 ,
  0.6585 ,  0.7379 ,  3.1776 ,  7.9467 ,-15.9323 ,  3.1578 ,
  0.6975 ,  0.6561 ,  2.8584 , 10.3855 ,-15.8615 ,  2.5413 ,
  0.7770 ,  0.6137 ,  2.7017 ,  8.1620 ,-13.8482 ,  2.8526 ,
  0.7380 ,  0.6961 ,  2.8605 ,  8.0288 ,-14.5483 ,  3.1717 ,
  0.7387 ,  0.7777 ,  1.7487 ,  6.3847 ,-13.3004 ,  3.5833 ,
  0.7777 ,  0.7357 ,  2.5434 ,  7.2296 ,-11.9899 ,  2.8526 ,
  0.8977 ,  0.6936 ,  2.3864 ,  5.7527 ,-11.1850 ,  2.5302 ,
  0.9375 ,  0.6931 ,  2.2273 ,  6.5395 ,-10.4876 ,  2.2105 ,
  0.8573 ,  0.7347 ,  1.7501 ,  5.6986 , -9.9954 ,  2.2397 ,
  0.8181 ,  0.6541 ,  1.7503 ,  5.0382 ,-11.2990 ,  2.8983 ,
  0.8570 ,  0.7346 ,  1.9084 ,  7.2407 ,-10.6280 ,  1.9133 ,
  0.8947 ,  0.5696 ,  1.5922 ,  5.2100 , -8.0434 ,  1.5814 ,
  0.8136 ,  0.6503 ,  1.2719 ,  5.8866 , -6.9338 ,  1.6092 ,
  0.5314 ,  0.4901 ,  1.1139 ,  3.0239 , -6.7364 ,  2.2521 ,
  0.6095 ,  0.4061 ,  0.7952 ,  3.9709 , -4.7174 ,  1.3041 ,
  0.4496 ,  0.4084 ,  1.2719 ,  3.9364 , -6.2172 ,  1.2638 ,
  0.4888 ,  0.4478 ,  1.1137 ,  3.1614 , -3.0443 ,  1.6066 ,
  0.2486 ,  0.4907 ,  0.4760 ,  2.3172 , -3.4101 ,  1.3169 ,
  0.1249 ,  0.3672 ,  0.3156 ,  2.5717 , -2.3287 ,  1.0121 ,
  0.0838 ,  0.3673 ,  0.6342 ,  3.3514 ,  0.0449 ,  1.9252 ,
  0.0013 ,  0.1229 ,  0.3170 ,  2.9051 , -0.6443 ,  1.2974 ,
 -0.1187 ,  0.1648 ,  0.4746 ,  1.2941 , -0.8334 ,  0.9865 ,
 -0.1598 ,  0.1646 ,  0.3155 ,  2.1136 ,  0.3184 ,  1.5615 ,
 -0.1601 ,  0.2046 , -0.0020 , -1.8557 , -0.2907 ,  0.3253 ,
 -0.2393 ,  0.2470 ,  0.3140 ,  1.9819 , -1.0302 ,  0.9740 ,
 -0.2009 ,  0.1233 , -0.0023 , -1.7324 ,  0.2842 ,  1.6262 ,
 -0.1204 ,  0.1633 , -0.1602 ,  2.8592 ,  0.4015 ,  1.3027 ,
 -0.1601 ,  0.0827 ,  0.1573 , -0.1275 , -0.8860 ,  0.3269 ,
 -0.1616 ,  0.1221 , -0.4777 ,  2.9309 , -0.2774 ,  1.3063 ,
 -0.0001 ,  0.0405 , -0.1587 , -0.8315 ,  1.2359 ,  1.6278 ,
 -0.0404 ,  0.1228 ,  0.1576 ,  0.5793 ,  1.1508 ,  0.3162 ,
 -0.1606 ,  0.1231 , -0.0018 ,  0.5918 ,  0.9694 ,  1.3010 ,
 -0.2413 ,  0.1245 ,  0.1561 ,  0.5820 ,  0.8380 ,  1.6043 ,
 -0.0807 ,  0.1637 ,  0.1570 ,  0.5170 ,  1.7036 ,  0.3166 ,
 -0.3230 ,  0.0821 , -0.4793 ,  1.4441 ,  0.1011 ,  1.6315 ,
 -0.2007 ,  0.0827 ,  0.1566 , -0.1243 , -0.3272 ,  0.3365 ,
 -0.0785 ,  0.2049 ,  0.1570 ,  1.2631 , -0.7697 ,  1.3128 ,
 -0.0790 ,  0.2048 ,  0.1576 ,  0.4683 , -0.1614 ,  1.3411 ,
 -0.0801 ,  0.1631 , -0.1597 ,  3.6337 ,  1.0867 ,  0.6523 ,
 -0.1605 ,  0.0424 ,  0.1573 ,  0.7170 ,  0.3567 ,  0.6390 ,
 -0.2018 ,  0.0819 , -0.3195 ,  2.2128 , -0.3317 ,  1.9551 ,
 -0.1608 ,  0.0011 ,  0.1570 ,  0.7712 , -0.2509 ,  0.6487 ,
 -0.0814 ,  0.0402 , -0.4768 ,  3.0532 , -0.7582 ,  2.2820 ,
 -0.1204 ,  0.1633 , -0.1602 ,  2.0845 , -0.2208 ,  0.9775 ,
 -0.1598 ,  0.1238 ,  0.3151 ,  2.1768 , -0.2788 ,  0.6700 ,
 -0.0795 ,  0.1644 ,  0.3163 ,  1.2989 ,  1.0705 ,  0.0058 ,
 -0.0800 ,  0.1227 , -0.0010 ,  1.3659 ,  0.4730 ,  0.6505 ,
 -0.0800 ,  0.1634 ,  0.1578 ,  2.1216 ,  0.4433 ,  1.2785 ,
 -0.2007 ,  0.1643 ,  0.1571 ,  1.3336 ,  0.2611 ,  1.2722 ,
 -0.1202 ,  0.2041 , -0.1602 ,  2.7979 ,  0.3937 ,  0.0018 ,
 -0.0803 ,  0.1221 ,  0.1581 ,  1.3897 ,  1.0731 ,  0.9498 ,
 -0.2403 ,  0.0840 ,  0.3148 ,  1.4340 , -0.3915 ,  0.6697 ,
 -0.1200 ,  0.2449 , -0.1603 ,  1.1868 ,  1.6305 ,  0.3270 ,
 -0.2001 ,  0.1242 ,  0.3152 ,  0.5834 ,  0.2807 ,  0.6151 ,
 -0.0800 ,  0.1227 , -0.0010 ,  1.3659 ,  1.0952 ,  0.9757 ,
 -0.1203 ,  0.1229 , -0.0014 , -0.1833 ,  0.4101 ,  0.9757 ,
 -0.1204 ,  0.0410 ,  0.1584 ,  3.0901 ,  2.2585 , -0.0195 ,
 -0.3629 ,  0.0016 , -0.1621 ,  1.5536 , -0.5667 ,  0.3194 ,
 -0.0802 ,  0.0819 , -0.0010 ,  1.4274 , -0.1415 ,  0.3253 ,
 -0.2011 ,  0.1638 ,  0.1573 ,  2.1184 ,  0.8752 ,  0.6308 ,
 -0.2014 ,  0.0828 ,  0.1558 , -0.1226 ,  0.9143 ,  1.3008 ,
 -0.0393 ,  0.1229 ,  0.1580 ,  0.5922 , -0.0877 ,  0.9866 ,
 -0.1191 ,  0.1641 ,  0.1568 ,  1.3196 , -1.4389 ,  0.6701 ,
 -0.1213 ,  0.1219 , -0.4774 ,  1.3808 ,  0.4079 ,  0.6558 ,
 -0.0807 ,  0.0408 , -0.1595 , -0.0559 ,  1.7324 ,  1.3027 ,
 -0.1609 ,  0.1228 , -0.1605 ,  2.9210 , -0.2759 ,  0.3270 ,
  0.0006 ,  0.0411 ,  0.1586 ,  1.4833 , -0.0071 , -0.0018 ,
 -0.0010 , -0.0009 , -0.4759 ,  0.0147 , -0.6246 ,  0.9811 ,
 -0.1615 ,  0.0005 , -0.1603 ,  3.1054 ,  0.3699 ,  0.9775 ,
 -0.2020 ,  0.0411 , -0.3194 ,  2.2744 ,  0.2983 ,  0.9793 ,
 -0.1201 ,  0.1636 , -0.0015 ,  0.5300 , -0.2200 ,  1.3010 ,
 -0.1607 ,  0.0413 ,  0.1582 ,  1.5137 ,  1.5840 ,  1.2712 ,
 -0.1607 ,  0.0824 ,  0.1575 ,  2.2455 ,  0.3389 ,  0.9553 ,
 -0.1607 ,  0.0825 ,  0.1576 ,  1.4559 ,  0.3397 ,  0.9563 ,
 -0.1205 ,  0.2038 , -0.3189 , -1.0713 ,  1.6376 ,  1.3045 ,
 -0.1193 ,  0.1643 ,  0.3157 , -0.2535 , -0.2152 ,  1.0240 ,
 -0.1597 ,  0.1641 ,  0.3151 ,  2.9093 , -0.2877 ,  1.3507 ,
 -0.1210 ,  0.1223 , -0.3187 ,  2.1508 ,  0.4086 ,  0.9793 ,
 -0.1608 ,  0.2040 , -0.3193 ,  1.2535 , -0.9145 ,  0.6541 ,
 -0.1611 ,  0.0820 , -0.1604 ,  2.2078 , -0.8904 ,  1.3027 ,
 -0.1607 ,  0.1635 , -0.1606 ,  2.0848 ,  0.3386 ,  0.3270 ,
 -0.1607 ,  0.1635 , -0.1606 , -1.0144 ,  1.5831 ,  0.3270 ,
 -0.2416 ,  0.0419 , -0.0025 ,  1.4902 ,  0.8592 ,  0.6505 ,
 -0.0402 ,  0.0814 , -0.1592 ,  2.2067 ,  2.4096 ,  0.3270 ,
 -0.0397 ,  0.1225 , -0.0006 ,  0.5908 , -0.0864 ,  0.9757 ,
  0.0001 ,  0.1624 , -0.3176 ,  1.3135 ,  0.5895 ,  0.0036 ,
 -0.1198 ,  0.2044 , -0.0016 , -1.0812 , -1.4726 ,  0.6505 ,
 -0.1205 ,  0.0821 , -0.0014 ,  1.4276 ,  1.0400 ,  0.6505 ,
 -0.0400 ,  0.1222 , -0.1593 ,  1.3704 ,  1.1574 ,  0.9775 ,
 -0.2412 ,  0.1235 , -0.0027 ,  0.5925 ,  1.4659 ,  1.6262 ,
 -0.1190 ,  0.2459 ,  0.1571 ,  0.4050 , -0.2310 ,  1.0098 ,
 -0.0396 ,  0.2037 , -0.1594 ,  1.2475 ,  2.3862 ,  0.9775 ,
 -0.0386 ,  0.1235 ,  0.4754 ,  1.3607 , -0.0873 ,  1.2906 ,
 -0.2007 ,  0.1640 , -0.0023 ,  0.5307 ,  1.5210 ,  0.9757 ,
 -0.0800 ,  0.0419 ,  0.3169 ,  2.3001 ,  1.0790 ,  0.6494 ,
 -0.1199 ,  0.0827 ,  0.1573 ,  0.6538 , -0.2032 ,  1.3511 ,
 -0.0405 ,  0.0814 ,  0.1564 , -0.8984 ,  1.7812 ,  0.9807 ,
 -0.0803 ,  0.1224 , -0.1597 ,  2.9204 , -0.1500 ,  0.0018 ,
  0.0001 ,  0.1624 , -0.3176 , -0.2361 ,  0.5895 ,  1.3045 ,
 -0.0805 ,  0.1628 , -0.3184 ,  2.0891 , -0.7809 ,  0.0036 ,
 -0.1610 ,  0.0415 , -0.0017 ,  1.4896 ,  0.3628 , -0.3252 ,
 -0.1208 ,  0.0818 , -0.1600 ,  0.6578 ,  1.0394 ,  0.6523 ,
 -0.0813 , -0.0002 , -0.3181 ,  0.7853 ,  1.7395 ,  0.6541 ,
 -0.0403 , -0.0403 ,  0.1580 ,  0.8336 , -0.6762 , -0.0065 ,
 -0.0801 ,  0.1631 , -0.1597 , -0.2403 ,  1.0867 ,  0.6523 ,
 -0.1209 , -0.0807 ,  0.1582 ,  1.7007 ,  0.4360 ,  0.3190 ,
 -0.1590 ,  0.1651 ,  0.1570 ,  0.5117 , -0.8909 ,  1.6270 ,
 -0.0394 ,  0.1642 ,  0.3163 ,  0.5159 ,  1.1423 ,  0.6369 ,
 -0.0394 ,  0.0416 ,  0.3168 , -0.0709 , -0.0692 ,  1.3282 ,
 -0.0802 ,  0.0819 , -0.0010 ,  1.4274 , -0.1415 ,  0.3253 ,
 -0.0802 ,  0.0007 ,  0.1578 ,  1.5453 ,  0.4972 ,  0.3234 ,
 -0.2012 ,  0.1229 , -0.1609 ,  0.5970 ,  0.9058 ,  0.9775 ,
 -0.1211 ,  0.1627 , -0.4774 ,  1.3195 , -0.2223 ,  0.9811 ,
 -0.0399 ,  0.0005 ,  0.1582 ,  2.3198 , -0.0622 ,  0.3234 ,
 -0.1201 ,  0.1636 , -0.0015 ,  1.3048 ,  0.4023 ,  1.3010 ,
 -0.1196 ,  0.1231 ,  0.1568 ,  1.3814 , -1.4347 ,  0.6714 ,
 -0.1603 ,  0.1233 ,  0.3157 ,  2.9719 ,  0.3222 ,  0.3142 ,
 -0.0800 ,  0.1227 , -0.0010 ,  2.1407 ,  0.4730 ,  0.3253 ,
 -0.1606 ,  0.1232 ,  0.1573 ,  2.1839 ,  0.3304 ,  0.9553 ,
 -0.0807 ,  0.0408 , -0.1595 ,  4.5928 , -0.1344 ,  1.3027 ,
 -0.1612 ,  0.1233 ,  0.1559 , -0.1846 ,  0.9665 ,  0.0001 ,
 -0.2419 ,  0.0416 , -0.1611 ,  0.7203 , -1.6307 , -0.3234 ,
 -0.2414 ,  0.0827 , -0.0026 ,  0.6540 ,  0.2291 ,  0.3253 ,
 -0.1611 ,  0.0820 , -0.1604 ,  1.4330 ,  0.9765 ,  1.6280 ,
 -0.0800 ,  0.1234 ,  0.3169 ,  2.1677 ,  1.6871 ,  1.2800 ,
 -0.0803 ,  0.0412 ,  0.1582 ,  2.3060 ,  0.4705 , -0.0009 ,
 -0.0801 ,  0.1227 ,  0.1579 ,  2.1831 ,  0.4524 ,  0.6388 ,
 -0.2421 ,  0.0821 , -0.3199 ,  2.2134 , -0.3947 ,  0.9793 ,
 -0.1601 ,  0.1232 ,  0.1568 ,  2.1832 , -0.2714 ,  0.3369 ,
 -0.2018 ,  0.0819 , -0.3195 , -0.1114 , -0.9540 ,  0.3288 ,
 -0.0781 ,  0.1648 ,  0.1577 ,  0.5084 , -1.3877 ,  0.3246 ,
 -0.1609 ,  0.1228 , -0.1605 ,  2.1462 ,  1.5910 ,  0.6523 ,
  0.0003 ,  0.2032 , -0.3177 ,  1.2521 , -0.0405 ,  1.3045 ,
 -0.0806 ,  0.0004 , -0.0008 ,  0.7755 ,  0.4964 ,  0.6505 ,
 -0.2009 ,  0.0828 ,  0.3160 ,  3.0319 ,  0.8804 ,  0.9594 ,
 -0.0395 ,  0.1633 , -0.0007 ,  2.0790 ,  1.1503 ,  0.3252 ,
 -0.1608 ,  0.0414 ,  0.1566 ,  3.0813 , -0.8709 , -0.6419 ,
 -0.2005 ,  0.1241 ,  0.1566 ,  0.5918 ,  0.2780 ,  0.6351 ,
 -0.1202 ,  0.0012 ,  0.3161 ,  1.5408 , -0.1873 ,  0.3217 ,
 -0.0801 ,  0.0412 ,  0.1575 ,  1.5156 , -0.1374 ,  0.0005 ,
 -0.1210 ,  0.1223 , -0.3187 ,  0.6013 , -1.4583 ,  0.9793 ,
 -0.1596 ,  0.1241 ,  0.3154 ,  1.3705 , -0.2749 , -0.0067 ,
 -0.0406 ,  0.0811 , -0.3178 , -0.1128 , -0.0800 ,  0.6541 ,
 -0.2011 ,  0.0013 ,  0.1566 , -0.0032 ,  0.9307 ,  0.6487 ,
 -0.2010 ,  0.1637 , -0.1610 ,  0.5356 ,  0.2757 ,  0.0018 ,
 -0.0394 ,  0.1226 ,  0.1577 ,  1.3927 , -0.0911 ,  1.3240 ,
 -0.1611 ,  0.0820 , -0.1604 , -0.8915 ,  0.3542 ,  0.6523 ,
 -0.1203 ,  0.1229 , -0.0014 ,  0.5915 ,  0.4101 ,  0.3253 ,
 -0.0803 ,  0.1221 ,  0.1581 ,  1.3897 ,  1.0731 ,  0.3046 ,
 -0.0390 ,  0.2042 ,  0.1577 ,  1.2697 , -0.1067 ,  1.3236 ,
 -0.0793 ,  0.2450 , -0.0013 ,  0.4068 ,  1.6941 ,  0.6505 ,
 -0.1208 ,  0.0818 , -0.1600 ,  1.4326 ,  1.6617 ,  0.3270 ,
 -0.1202 ,  0.0828 ,  0.1575 ,  0.6523 ,  0.4108 ,  0.6402 ,
 -0.1188 ,  0.1648 ,  0.4743 ,  2.0885 , -0.2244 ,  0.9836 ,
 -0.1210 ,  0.0410 , -0.1599 , -0.0555 ,  1.0472 , -0.6487 ,
  0.0003 ,  0.1220 , -0.1589 , -1.7293 ,  0.5981 ,  0.3270 ,
 -0.2416 ,  0.0419 , -0.0025 ,  1.4902 , -1.0077 ,  0.9757 ,
 -0.0404 ,  0.0406 , -0.1591 ,  2.2682 , -0.0715 ,  0.6522 ,
 -0.1199 ,  0.0828 ,  0.3160 ,  2.2381 ,  0.3965 ,  0.6311 ,
 -0.3217 ,  0.0025 ,  0.1560 ,  0.7758 ,  1.3567 ,  0.9643 ,
 -0.1601 ,  0.1242 ,  0.3154 ,  0.5802 ,  0.9642 ,  0.3188 ,
 -0.1207 ,  0.0413 , -0.0013 ,  1.4891 ,  0.4257 ,  0.6505 ,
 -0.2416 ,  0.0419 , -0.0025 ,  1.4902 ,  0.8592 ,  0.6505 ,
 -0.0400 ,  0.1222 , -0.1593 ,  0.5957 , -0.0871 ,  1.3027 ,
 -0.2014 ,  0.0822 , -0.1608 ,  0.6585 ,  0.2913 ,  0.6523 ,
 -0.1598 ,  0.0834 ,  0.1569 ,  0.6379 , -0.8818 ,  0.3231 ,
  0.0004 ,  0.0815 , -0.0002 ,  0.6519 , -0.0156 , -0.3252 ,
 -0.1611 ,  0.1632 , -0.3192 ,  0.5402 , -0.2844 ,  1.3045 ,
  0.0007 ,  0.2035 , -0.1590 , -1.0773 , -0.0398 ,  0.0018 ,
 -0.1209 ,  0.2035 , -0.4775 ,  0.4832 , -0.2301 ,  0.6558 ,
 -0.1218 , -0.0408 , -0.3184 ,  0.0723 ,  0.4398 ,  0.3288 ,
 -0.0393 ,  0.2040 , -0.0008 , -0.3070 ,  0.5203 ,  0.3252 ,
 -0.0800 ,  0.0415 ,  0.1578 , -0.0657 , -0.1325 ,  0.6963 ,
 -0.1205 ,  0.0821 , -0.0014 , -0.1219 ,  1.6624 ,  0.3253 ,
 -0.0402 ,  0.0814 , -0.1592 , -0.8925 , -0.7016 ,  0.3270 ,
 -0.0396 ,  0.0815 ,  0.1570 ,  3.0150 , -3.1510 ,  1.0014 ,
 -0.1211 , -0.0402 , -0.0011 ,  0.8373 , -0.8033 ,  0.9757 ,
 -0.0781 ,  0.1651 ,  0.3159 ,  1.2713 , -2.0139 ,  0.3239 ,
 -0.1204 ,  0.1633 , -0.1602 ,  1.3097 , -0.8431 ,  0.6523 ,
 -0.0807 ,  0.0408 , -0.1595 ,  2.2686 ,  0.4879 ,  0.6523 ,
  0.0003 ,  0.1220 , -0.1589 ,  0.5953 ,  0.5981 ,  0.6522 ,
 -0.0800 ,  0.1227 , -0.0010 ,  2.1407 , -0.7717 ,  0.6505 ,
 -0.0801 ,  0.1228 ,  0.1580 ,  1.3931 ,  0.4539 ,  0.9610 ,
 -0.2014 ,  0.0822 , -0.1608 ,  1.4333 , -1.5756 ,  0.9775 ,
  0.0008 ,  0.1631 , -0.0003 ,  0.5290 , -0.6536 ,  1.3010 ,
 -0.1607 ,  0.1635 , -0.1606 ,  0.5352 ,  1.5831 ,  1.3027 ,
 -0.1201 ,  0.0824 ,  0.1573 , -0.1259 , -0.2023 ,  1.3873 ,
 -0.0399 ,  0.0817 , -0.0006 ,  0.6522 , -0.0785 ,  1.3010 ,
 -0.1206 ,  0.1226 , -0.1601 ,  1.3711 ,  1.6538 ,  0.9775 ,
 -0.0407 ,  0.1216 , -0.4765 ,  1.3803 , -0.7109 ,  0.6558 ,
 -0.1207 ,  0.0828 ,  0.1572 ,  0.6426 ,  1.0357 , -0.0056 ,
 -0.1198 ,  0.2044 , -0.0016 , -1.0812 ,  1.6389 ,  0.6505 ,
 -0.2417 ,  0.0824 , -0.1612 , -0.1160 ,  0.2284 ,  0.3270 ,
 -0.0806 , -0.0810 ,  0.1585 ,  1.7004 ,  0.4977 ,  1.2785 ,
 -0.0807 ,  0.0821 ,  0.1569 , -0.1240 ,  1.1036 ,  0.6519 ,
 -0.2413 ,  0.1639 , -0.1614 , -1.0138 , -1.0319 ,  0.3271 ,
 -0.0388 ,  0.1238 ,  0.4755 ,  1.3578 ,  1.1498 ,  0.6388 ,
 -0.1206 ,  0.1226 , -0.1601 ,  1.3711 , -0.2129 ,  0.9775 ,
 -0.1208 ,  0.0818 , -0.1600 ,  2.2074 ,  1.6617 ,  1.3027 ,
 -0.1611 ,  0.0820 , -0.1604 ,  0.6582 , -0.2681 ,  0.3270 ,
 -0.1192 ,  0.1238 ,  0.3161 ,  0.5765 , -0.8285 ,  0.9763 ,
 -0.1600 ,  0.0830 ,  0.3151 ,  2.2389 , -0.2716 , -0.0049 ,
 -0.1200 ,  0.1231 ,  0.3160 ,  2.9711 ,  0.3840 , -0.3100 ,
 -0.0807 ,  0.0408 , -0.1595 ,  0.7189 , -0.7567 ,  0.6523 ,
 -0.2413 ,  0.0432 ,  0.1566 ,  0.7096 ,  0.8579 ,  0.6416 ,
  0.0006 ,  0.0411 ,  0.1586 , -0.0664 ,  1.2375 ,  0.6487 ,
 -0.0397 ,  0.1229 ,  0.1580 ,  0.5868 ,  0.5264 ,  0.0024 ,
 -0.2019 , -0.0401 ,  0.1557 , -0.7194 ,  0.3071 ,  0.6342 ,
 -0.1606 ,  0.1231 , -0.0018 ,  1.3667 ,  0.9694 ,  1.9514 ,
 -0.1199 ,  0.0419 ,  0.3165 , -0.0729 , -1.4425 ,  0.9875 ,
 -0.1201 ,  0.0824 ,  0.1573 , -0.1259 , -0.2023 ,  0.6928 ,
 -0.1611 ,  0.0820 , -0.1604 , -0.1166 , -1.5127 ,  0.3270 ,
 -0.0393 ,  0.0416 ,  0.3169 ,  0.7028 , -0.6898 ,  0.6505 ,
 -0.1205 ,  0.0823 ,  0.1578 ,  1.4555 ,  0.4009 ,  0.3203 ,
 -0.1603 ,  0.0831 ,  0.3151 , -0.1292 ,  0.9772 , -0.3212 ,
 -0.2418 ,  0.0012 , -0.0024 ,  0.0021 ,  0.2448 ,  0.0000 ,
 -0.2412 ,  0.0829 ,  0.1558 , -0.1236 ,  0.2264 ,  0.9469 ,
 -0.0800 ,  0.1227 , -0.0010 ,  0.5911 ,  0.4730 ,  0.3253 ,
  0.0008 ,  0.0818 ,  0.1585 ,  2.1966 ,  0.6074 ,  0.3234 ,
 -0.2012 ,  0.1229 , -0.1609 ,  0.5970 ,  0.9058 ,  0.0018 ,
 -0.0393 ,  0.1229 ,  0.1580 ,  0.5922 , -0.0877 ,  0.9866 ,
 -0.0806 , -0.1215 ,  0.3163 ,  2.5479 , -0.1148 ,  0.6608 ,
 -0.0792 ,  0.1636 ,  0.3163 , -1.0251 , -0.7709 ,  0.6679 ,
 -0.1205 ,  0.0817 ,  0.1581 ,  1.4521 ,  1.0209 ,  0.6277 ,
 -0.0802 ,  0.0819 , -0.0010 ,  0.6526 ,  1.1030 ,  0.3253 ,
 -0.1191 ,  0.1646 ,  0.3158 ,  1.3087 , -0.2200 , -0.0058 ,
 -0.1207 ,  0.0413 , -0.0013 ,  2.2640 ,  1.0479 ,  1.3010 ,
 -0.0401 ,  0.0410 , -0.0005 ,  1.4885 ,  0.5515 ,  0.6505 ,
 -0.0799 ,  0.0819 ,  0.1570 ,  1.4434 , -1.3689 ,  1.6532 ,
 -0.0001 ,  0.0405 , -0.1587 , -0.0566 ,  2.4805 ,  0.3270 ,
 -0.1612 ,  0.0008 , -0.0016 ,  1.5509 , -0.2517 ,  0.0000 ,
 -0.1615 ,  0.0005 , -0.1603 ,  1.5559 ,  0.3699 ,  0.6523 ,
 -0.0393 ,  0.2040 , -0.0008 , -1.0818 ,  1.1425 ,  0.0000 ,
 -0.0397 ,  0.1225 , -0.0006 ,  0.5908 , -0.0864 ,  0.6505 ,
 -0.2823 , -0.0394 , -0.0028 ,  1.6135 ,  0.1897 ,  0.0000 ,
 -0.0805 ,  0.0825 ,  0.1575 ,  0.6422 ,  2.9648 ,  0.9596 ,
 -0.1610 ,  0.0415 , -0.0017 ,  1.4896 , -0.2595 ,  0.9757 ,
 -0.1210 ,  0.0410 , -0.1599 ,  0.7193 ,  0.4250 ,  0.3270 ,
 -0.2011 ,  0.0825 , -0.0022 ,  0.6536 ,  0.9143 ,  0.9757 ,
 -0.0401 ,  0.0410 , -0.0005 ,  3.0381 , -0.6931 ,  0.0000 ,
 -0.0804 ,  0.0412 , -0.0009 ,  1.4888 , -0.7560 ,  0.3252 ,
 -0.2026 ,  0.1217 , -0.7954 , -0.1582 , -0.3418 ,  0.6594 ,
  0.0801 ,  0.0398 , -0.3165 , -0.0524 ,  0.7388 ,  1.3045 ,
 -0.0805 ,  0.0816 , -0.1596 , -0.8922 ,  0.4801 ,  0.3270 ,
 -0.0399 ,  0.0817 , -0.0006 ,  0.6522 ,  0.5437 ,  0.6505 ,
 -0.1195 ,  0.0831 ,  0.3158 ,  1.4263 , -0.8183 , -0.0134 ,
 -0.1203 ,  0.1229 , -0.0014 , -0.9582 ,  1.0323 ,  0.3253 ,
 -0.1201 ,  0.1636 , -0.0015 , -0.2448 ,  0.4023 ,  0.9757 ,
 -0.1597 ,  0.1236 ,  0.1573 , -0.1894 , -0.8909 , -0.0047 ,
 -0.1206 ,  0.0415 ,  0.1579 ,  1.5163 ,  0.4093 ,  0.3196 ,
 -0.0802 ,  0.0820 ,  0.1580 ,  2.2444 ,  0.4614 ,  0.3189 ,
 -0.0802 ,  0.0007 ,  0.1578 ,  3.0950 , -0.1251 ,  0.6487 ,
 -0.1605 ,  0.0014 ,  0.3157 ,  3.0907 ,  0.3721 ,  0.3217 ,
 -0.0814 ,  0.0402 , -0.4768 ,  1.5035 ,  2.3531 ,  0.6558 ,
 -0.1610 ,  0.0415 , -0.0017 , -0.0601 , -0.2595 ,  0.3253 ,
 -0.0002 , -0.0408 ,  0.0001 ,  1.6110 ,  1.2524 , -0.3253 ,
 -0.0794 ,  0.1233 ,  0.1577 ,  0.5923 , -0.1484 ,  1.3431 ,
 -0.0401 ,  0.0410 , -0.0005 ,  1.4885 ,  0.5515 ,  0.3252 ,
 -0.1207 ,  0.0413 , -0.0013 ,  2.2640 , -0.1966 ,  0.0000 ,
 -0.0813 ,  0.2027 , -0.7944 ,  0.4927 , -0.7909 ,  0.6594 ,
 -0.0803 ,  0.1221 ,  0.1581 ,  1.3897 ,  1.0731 ,  0.3046 ,
 -0.1600 ,  0.1237 ,  0.3153 , -0.1917 ,  0.3467 , -0.0025 ,
 -0.0808 , -0.0404 , -0.0007 ,  0.8369 ,  0.5042 ,  0.6505 ,
 -0.0809 ,  0.0813 , -0.3182 ,  1.4372 , -0.1430 ,  0.6541 ,
 -0.0003 , -0.0003 , -0.1586 ,  0.7797 ,  0.6215 ,  0.3270 ,
 -0.2020 , -0.0401 , -0.1606 ,  0.8429 , -0.9298 ,  0.3270 ,
 -0.0802 ,  0.0819 , -0.0010 ,  1.4274 ,  1.7254 ,  0.3253 ,
 -0.0805 ,  0.0816 , -0.1596 , -0.1173 , -0.1422 ,  0.0018 ,
 -0.2014 ,  0.0822 , -0.1608 ,  0.6585 ,  0.2913 ,  0.6523 ,
 -0.2007 ,  0.0827 ,  0.1566 , -0.1243 , -0.3272 ,  1.0130 ,
 -0.1601 ,  0.0835 ,  0.3160 ,  1.4289 ,  0.9637 ,  0.3266 ,
 -0.1615 ,  0.0817 , -0.3190 ,  2.9873 ,  0.3535 ,  0.6541 ,
 -0.0404 ,  0.1219 , -0.3179 , -0.9491 , -0.0878 ,  0.6541 ,
 -0.2024 , -0.0404 , -0.3192 ,  0.0730 , -0.3083 ,  0.6541 ,
 -0.1205 ,  0.0821 , -0.0014 ,  1.4276 ,  2.2845 ,  0.6505 ,
 -0.0803 ,  0.1224 , -0.1597 , -0.1788 ,  1.7168 ,  0.9775 ,
 -0.1212 ,  0.0815 , -0.3186 ,  2.2123 ,  1.0387 ,  0.9793 ,
 -0.0796 ,  0.1236 ,  0.3165 ,  1.3618 ,  1.0792 ,  0.0063 ,
 -0.0809 ,  0.0001 , -0.1594 ,  0.7804 , -0.7489 ,  0.3270 ,
 -0.0399 ,  0.0005 ,  0.1582 , -0.0045 ,  1.8046 ,  1.2992 ,
 -0.0793 ,  0.1232 ,  0.3162 , -0.1929 , -0.1462 ,  0.3357 ,
 -0.0808 , -0.0404 , -0.0007 ,  0.0621 , -0.7404 ,  0.6505 ,
 -0.0398 , -0.0805 ,  0.3172 ,  1.6838 ,  0.5633 ,  0.3218 ,
 -0.0388 ,  0.1636 ,  0.1584 , -0.2507 , -0.7099 , -0.0029 ,
 -0.1617 ,  0.0409 , -0.3190 ,  3.0488 ,  0.3613 ,  0.0036 ,
 -0.0805 ,  0.0816 , -0.1596 , -0.1173 , -0.1422 ,  0.3270 ,
 -0.1615 ,  0.0817 , -0.3190 , -0.8866 , -0.2688 ,  0.3288 ,
 -0.1584 ,  0.2467 ,  0.4742 ,  1.1693 , -0.9097 ,  1.6457 ,
 -0.0806 ,  0.0004 , -0.0008 ,  1.5503 ,  0.4964 ,  0.6505 ,
 -0.1617 , -0.0403 , -0.1602 , -0.7071 ,  0.3777 ,  0.0018 ,
 -0.2019 , -0.0806 , -0.0019 ,  0.8995 ,  0.9456 ,  0.3253 ,
  0.0395 ,  0.0396 , -0.4756 , -0.8220 , -0.5695 ,  0.3306 ,
 -0.0395 ,  0.1633 , -0.0007 ,  1.3041 , -0.0942 ,  0.6505 ,
 -0.0805 ,  0.0816 , -0.1596 ,  1.4322 , -0.7646 ,  0.6523 ,
 -0.0803 ,  0.1224 , -0.1597 ,  1.3708 ,  1.0945 ,  0.3270 ,
 -0.1197 ,  0.0828 ,  0.3155 ,  2.2381 , -0.2096 ,  1.3334 ,
 -0.0802 ,  0.0410 ,  0.1571 ,  1.5087 , -0.7485 ,  0.0074 ,
  0.0006 ,  0.1223 , -0.0002 ,  2.1400 ,  0.5988 ,  0.3252 ,
 -0.1608 ,  0.0823 , -0.0018 , -0.1215 ,  0.3550 ,  0.0000 ,
 -0.0802 ,  0.0007 ,  0.1578 ,  0.7706 ,  1.1194 ,  0.6487 ,
 -0.0400 ,  0.1219 ,  0.1583 ,  1.3893 ,  2.3662 , -0.0180 ,
 -0.0386 ,  0.1639 ,  0.1580 ,  0.5182 , -0.7066 ,  0.3213 ,
  0.0004 ,  0.0815 , -0.0002 ,  1.4267 ,  1.2288 ,  0.0000 ,
 -0.0795 ,  0.0013 ,  0.4751 ,  0.7608 , -0.7459 ,  0.6451 ,
 -0.0803 ,  0.0413 ,  0.1582 ,  1.5159 ,  0.4708 , -0.3202 ,
 -0.2013 ,  0.0417 , -0.0021 , -0.0597 ,  0.2999 ,  0.3253 ,
 -0.0395 ,  0.0817 ,  0.1573 ,  1.4484 , -0.6919 ,  0.6606 ,
  0.0003 ,  0.1220 , -0.1589 , -0.1795 ,  1.2203 ,  0.0018 ,
 -0.1207 ,  0.0413 , -0.0013 , -0.8353 , -0.8189 ,  0.0000 ,
 -0.0399 ,  0.1226 ,  0.1582 ,  1.3914 ,  0.5141 ,  0.6411 ,
 -0.1214 ,  0.0407 , -0.3186 ,  3.0485 ,  1.0464 ,  0.3288 ,
  0.0003 ,  0.1220 , -0.1589 , -0.1795 ,  1.8427 ,  0.6522 ,
  0.0403 , -0.0002 ,  0.0004 ,  1.5492 ,  0.0629 ,  0.3252 ,
  0.0006 ,  0.0411 ,  0.1586 ,  0.7084 , -1.2517 ,  0.6487 ,
  0.0000 ,  0.0000 ,  0.0000 ,  0.7748 ,  0.0000 ,  0.9757 ,
 -0.1210 ,  0.0410 , -0.1599 ,  0.7193 , -0.8196 ,  0.6523 ,
 -0.1203 ,  0.1229 , -0.0014 , -0.9582 , -0.2122 ,  0.0000 ,
 -0.0400 ,  0.0818 ,  0.1583 ,  1.4533 ,  0.5234 , -0.3209 ,
 -0.1602 ,  0.0425 ,  0.1569 ,  0.7030 , -0.8764 ,  0.3237 ,
 -0.1205 ,  0.0009 ,  0.1574 ,  3.0954 , -1.4327 ,  0.3235 ,
 -0.0811 ,  0.0405 , -0.3182 ,  0.7238 , -0.1352 ,  0.0036 ,
  0.0008 ,  0.0818 ,  0.1585 , -0.9027 , -1.2595 ,  0.6487 ,
 -0.1209 ,  0.0006 , -0.0012 ,  1.5506 ,  1.0558 ,  0.6505 ,
  0.0398 ,  0.0400 , -0.3170 ,  1.4976 ,  1.2981 ,  0.3288 ,
  0.0406 ,  0.1218 , -0.1585 ,  1.3698 ,  1.2833 ,  0.0018 ,
 -0.1605 ,  0.2043 , -0.1606 ,  2.0234 ,  2.1975 ,  0.0018 ,
 -0.1203 ,  0.0834 ,  0.3158 ,  0.6357 ,  1.6613 ,  0.6383 ,
 -0.2414 ,  0.0015 ,  0.1562 , -0.7777 , -0.3768 ,  0.6487 ,
 -0.0397 ,  0.1225 , -0.0006 ,  0.5908 ,  1.1581 ,  0.0000 ,
 -0.1215 ,  0.0812 , -0.4773 ,  1.4423 , -0.8290 ,  0.0054 ,
  0.0396 , -0.0008 , -0.3169 ,  1.5590 ,  1.3059 ,  0.6540 ,
 -0.0402 ,  0.0814 , -0.1592 ,  0.6571 ,  0.5430 ,  0.3270 ,
 -0.1620 ,  0.0406 , -0.4776 , -0.8203 , -0.8840 ,  0.3306 ,
 -0.0406 ,  0.0811 , -0.3178 ,  0.6620 ,  1.1645 ,  0.6541 ,
 -0.1214 , -0.0405 , -0.1598 ,  1.6169 ,  1.0628 ,  0.6523 ,
  0.0015 ,  0.1637 ,  0.3170 , -0.2556 ,  1.2148 ,  0.3217 ,
 -0.0807 ,  0.1221 , -0.3183 ,  0.6009 ,  0.4715 ,  0.0036 ,
 -0.2011 ,  0.0825 , -0.0022 , -0.8961 ,  0.2920 ,  0.0000 ,
 -0.0407 ,  0.2033 ,  0.1556 , -1.0882 ,  1.7462 ,  0.0145 ,
 -0.0403 ,  0.0002 , -0.0004 ,  3.0996 ,  0.5593 ,  0.3252 ,
 -0.1207 ,  0.0828 ,  0.1572 ,  0.6426 ,  1.0357 ,  0.6382 ,
 -0.0809 ,  0.0001 , -0.1594 ,  0.0056 ,  1.7402 ,  0.0018 ,
 -0.0791 ,  0.1636 ,  0.1568 ,  3.6869 , -0.7639 ,  0.6639 ,
 -0.0802 ,  0.0819 , -0.0010 , -0.1222 ,  0.4808 ,  0.6505 ,
 -0.0406 , -0.0001 , -0.1590 , -1.5445 , -1.3083 ,  0.3270 ,
 -0.1608 ,  0.0011 ,  0.1570 ,  0.7712 , -0.2509 ,  0.9739 ,
 -0.0802 ,  0.0819 , -0.0010 , -0.1222 ,  0.4808 ,  0.6505 ,
 -0.1207 ,  0.0413 , -0.0013 ,  1.4891 ,  1.6701 ,  0.9757 ,
 -0.0807 ,  0.0408 , -0.1595 ,  0.7189 , -0.7567 ,  0.0018 ,
 -0.2010 ,  0.0826 ,  0.1572 ,  3.0370 ,  0.2772 ,  0.9531 ,
 -0.2015 ,  0.0010 , -0.0020 ,  0.0017 ,  0.3077 , -0.3252 ,
 -0.1206 ,  0.1226 , -0.1601 , -0.1785 ,  1.0316 ,  0.3270 ,
 -0.1609 ,  0.0426 ,  0.1572 ,  0.7069 ,  2.2261 , -0.0073 ,
 -0.1616 ,  0.1221 , -0.4777 ,  2.1561 ,  0.9672 , -0.3199 ,
 -0.1194 ,  0.0832 ,  0.4746 ,  0.6393 ,  0.4178 ,  0.6132 ,
 -0.2820 ,  0.0827 , -0.1615 ,  0.6575 ,  1.4070 ,  0.3193 ,
 -0.1214 ,  0.0407 , -0.3186 , -0.0506 , -0.1981 ,  0.3288 ,
 -0.0405 ,  0.1225 ,  0.1570 , -0.1858 ,  1.7811 ,  0.6543 ,
 -0.0395 ,  0.1225 ,  0.1576 ,  2.1836 , -0.0922 ,  0.6628 ,
 -0.0796 ,  0.1236 ,  0.3165 ,  1.3618 ,  1.0792 , -0.6336 ,
 -0.0406 ,  0.0811 , -0.3178 ,  0.6620 ,  2.4091 ,  0.6541 ,
 -0.0807 ,  0.1221 , -0.3183 ,  0.6009 ,  1.0937 ,  0.0036 ,
 -0.0800 ,  0.1227 , -0.0010 ,  1.3659 ,  0.4730 ,  0.3253 ,
  0.0406 ,  0.0001 ,  0.1590 ,  2.3192 ,  1.9305 ,  0.3234 ,
 -0.1607 ,  0.1635 , -0.1606 , -1.0144 , -0.2837 ,  0.6523 ,
 -0.0805 ,  0.0816 , -0.1596 , -0.1173 ,  1.1023 ,  0.9775 ,
 -0.0793 ,  0.0831 ,  0.4745 , -0.1348 ,  1.1023 ,  0.6270 ,
  0.0411 ,  0.0414 ,  0.3173 , -0.0701 ,  0.6769 ,  0.3114 ,
 -0.1214 , -0.0405 , -0.1598 ,  1.6169 ,  0.4406 ,  0.3270 ,
 -0.2011 ,  0.0825 , -0.0022 ,  1.4284 , -0.3302 ,  0.0000 ,
 -0.1611 ,  0.0820 , -0.1604 ,  0.6582 , -0.8904 ,  0.6523 ,
 -0.0803 ,  0.1224 , -0.1597 , -0.1788 ,  1.0945 ,  0.6523 ,
 -0.0816 , -0.0005 , -0.4767 , -0.7595 , -0.1281 ,  0.0054 ,
  0.0407 ,  0.1221 ,  0.1587 ,  1.3889 ,  0.6380 ,  0.3187 ,
 -0.1214 , -0.0405 , -0.1598 ,  0.8421 ,  0.4406 ,  0.0018 ,
 -0.0399 ,  0.0817 , -0.0006 , -0.1226 ,  1.7882 ,  0.9757 ,
 -0.0396 ,  0.1230 ,  0.3155 , -0.9606 ,  1.1564 ,  0.3177 ,
 -0.0804 ,  0.0412 , -0.0009 ,  0.7141 , -0.1337 ,  0.9757 ,
 -0.0801 ,  0.0412 ,  0.1575 ,  1.5156 , -0.1374 ,  0.0005 ,
 -0.1205 ,  0.0009 ,  0.1574 ,  0.7710 ,  1.0565 , -0.0018 ,
 -0.1608 ,  0.0011 ,  0.1570 , -0.0035 , -0.2509 ,  0.3235 ,
 -0.0807 ,  0.0821 ,  0.1569 , -0.1240 ,  2.3522 ,  0.6519 ,
 -0.0400 ,  0.1222 , -0.1593 ,  0.5957 ,  2.4019 ,  0.3270 ,
 -0.1198 ,  0.0418 ,  0.4747 , -0.8456 , -0.8151 ,  0.6725 ,
 -0.0802 ,  0.0819 , -0.0010 ,  0.6526 , -0.1415 ,  0.3253 ,
 -0.0807 ,  0.0408 , -0.1595 ,  2.2686 ,  1.7324 , -0.9739 ,
 -0.1605 , -0.0378 ,  0.3166 ,  1.6028 ,  2.2393 ,  0.3050 ,
 -0.0794 ,  0.1233 ,  0.1577 ,  0.5923 , -0.1484 ,  0.3332 ,
  0.0402 ,  0.0403 , -0.1583 , -0.0569 ,  1.2989 ,  0.0018 ,
 -0.0798 ,  0.0819 ,  0.1570 ,  2.2347 , -0.7535 ,  0.6639 ,
 -0.0792 ,  0.0829 ,  0.4749 ,  3.0156 ,  0.4547 ,  0.9367 ,
 -0.1221 , -0.0411 , -0.4771 ,  0.8520 ,  0.4391 ,  0.6558 ,
 -0.1601 ,  0.0017 ,  0.4743 ,  0.7615 ,  0.3728 , -0.0053 ,
 -0.2013 ,  0.0417 , -0.0021 ,  1.4898 ,  2.7888 ,  0.6505 ,
 -0.0802 ,  0.0819 , -0.0010 , -0.8971 ,  0.4808 ,  0.0000 ,
 -0.1207 ,  0.0413 , -0.0013 ,  2.2640 , -0.1966 ,  0.3253 ,
 -0.0802 ,  0.0819 , -0.0010 , -0.8971 ,  1.1030 ,  0.3253 ,
 -0.2407 ,  0.0839 ,  0.3148 ,  0.6437 ,  0.8473 ,  0.6357 ,
 -0.1208 ,  0.0418 ,  0.1568 , -0.0630 ,  1.0504 ,  0.3228 ,
 -0.0403 ,  0.0002 , -0.0004 ,  2.3248 ,  2.4261 ,  0.3252 ,
 -0.0001 ,  0.0405 , -0.1587 , -0.8315 , -0.6309 ,  0.3270 ,
 -0.1212 ,  0.0815 , -0.3186 , -0.1121 , -0.2059 ,  0.3288 ,
 -0.0806 ,  0.0004 , -0.0008 ,  0.7755 , -0.7482 ,  0.0000 ,
  0.0797 , -0.0418 , -0.3164 ,  1.6201 , -1.1125 ,  0.3288 ,
  0.0006 ,  0.0411 ,  0.1586 , -0.0664 ,  1.8598 ,  0.3234 ,
 -0.0805 ,  0.0816 , -0.1596 , -0.8922 ,  0.4801 ,  0.6523 ,
 -0.0804 ,  0.0409 ,  0.1581 , -0.8334 , -1.3800 ,  0.6435 ,
 -0.1617 ,  0.0409 , -0.3190 , -0.0503 ,  1.6059 ,  0.0036 ,
  0.0004 ,  0.0815 , -0.0002 ,  2.2015 ,  0.6066 ,  0.3252 ,
 -0.2013 ,  0.0417 , -0.0021 ,  1.4898 ,  0.2999 ,  0.9757 ,
 -0.0805 ,  0.0816 , -0.1596 , -1.6671 , -0.1422 ,  0.6523 ,
 -0.1608 ,  0.0011 ,  0.1570 ,  1.5462 , -0.2509 , -0.0018 ,
  0.0003 ,  0.1220 , -0.1589 , -0.1795 ,  0.5981 ,  0.3270 ,
 -0.1606 ,  0.1231 , -0.0018 ,  0.5918 , -0.8975 ,  0.3253 ,
 -0.0808 , -0.0404 , -0.0007 ,  1.6117 ,  1.1265 ,  0.3252 ,
  0.0799 , -0.0010 , -0.3165 ,  0.0091 , -0.4980 ,  1.3045 ,
 -0.1207 ,  0.0413 , -0.0013 ,  1.4891 , -0.1966 ,  0.0000 ,
 -0.1610 ,  0.0415 , -0.0017 ,  1.4896 ,  0.3628 ,  1.6262 ,
 -0.0006 , -0.0411 , -0.1586 ,  0.8412 ,  0.6293 ,  0.3270 ,
 -0.1615 ,  0.0817 , -0.3190 ,  1.4378 , -1.5134 ,  0.6541 ,
 -0.0408 ,  0.0403 , -0.3178 ,  0.7235 , -0.0722 ,  0.6541 ,
 -0.0404 ,  0.0406 , -0.1591 ,  1.4933 ,  1.1730 ,  0.0018 ,
 -0.0410 , -0.0004 , -0.3177 ,  0.0101 ,  0.5578 ,  0.0036 ,
 -0.0807 ,  0.0408 , -0.1595 ,  0.7189 ,  0.4879 ,  0.9775 ,
 -0.0802 ,  0.0819 , -0.0010 ,  0.6526 , -0.7638 , -0.6505 ,
 -0.2005 ,  0.0827 ,  0.3148 ,  3.0310 , -0.3356 ,  0.3418 ,
 -0.0808 ,  0.1226 ,  0.1565 , -0.1852 ,  1.0935 ,  0.3273 ,
 -0.1205 ,  0.0821 , -0.0014 ,  1.4276 ,  1.6624 , -0.6505 ,
  0.0000 ,  0.0000 ,  0.0000 ,  3.0993 , -0.6223 , -0.3252 ,
  0.0014 ,  0.1239 ,  0.6327 , -0.9647 ,  2.4690 ,  0.9665 ,
 -0.1605 ,  0.1233 ,  0.1564 , -0.1863 ,  0.3450 ,  0.3209 ,
 -0.0804 ,  0.0412 , -0.0009 , -0.0608 , -0.1337 ,  1.3010 ,
 -0.0814 , -0.0815 , -0.1593 ,  0.9033 , -0.1110 ,  0.0018 ,
 -0.1609 ,  0.1228 , -0.1605 , -0.1781 ,  0.9687 ,  0.6523 ,
  0.0008 ,  0.0818 ,  0.1585 ,  1.4218 , -0.6372 , -0.6523 ,
 -0.0398 ,  0.1228 ,  0.1575 , -0.1884 ,  0.5326 ,  0.9725 ,
 -0.1606 ,  0.1232 ,  0.1573 ,  2.9745 ,  0.3304 ,  0.3187 ,
 -0.1614 , -0.0400 , -0.0015 ,  1.6124 , -1.4885 , -0.3252 ,
 -0.2011 ,  0.0013 ,  0.1566 ,  1.5464 , -0.3139 ,  0.3235 ,
 -0.0807 ,  0.0408 , -0.1595 ,  0.7189 ,  1.1101 ,  0.3270 ,
 -0.1212 ,  0.0815 , -0.3186 ,  0.6627 , -0.8282 ,  0.6541 ,
 -0.0806 ,  0.0004 , -0.0008 ,  0.7755 ,  1.7410 ,  0.6505 ,
 -0.0402 ,  0.0814 , -0.1592 ,  2.9815 , -0.0793 ,  1.6278 ,
 -0.1610 ,  0.0415 , -0.0017 , -0.0601 , -1.5041 ,  0.3253 ,
 -0.1605 ,  0.2043 , -0.1606 ,  0.4738 , -0.2915 ,  0.6523 ,
 -0.0797 ,  0.0417 ,  0.3165 , -0.0705 , -0.1322 , -0.3427 ,
 -0.1615 ,  0.0005 , -0.1603 ,  1.5559 ,  0.3699 ,  1.3027 ,
 -0.1205 ,  0.0823 ,  0.1578 ,  1.4555 ,  0.4009 ,  0.0012 ,
 -0.0005 ,  0.0401 , -0.3174 ,  2.2729 ,  1.2353 ,  0.3288 ,
  0.0011 ,  0.0821 ,  0.3171 ,  0.6421 ,  0.6081 ,  0.3217 ,
 -0.0799 ,  0.0010 ,  0.3165 ,  2.3153 , -0.1243 ,  0.3217 ,
 -0.0391 ,  0.0829 ,  0.4749 , -0.1340 ,  1.1648 , -0.0032 ,
 -0.0400 ,  0.1222 , -0.1593 , -0.1791 , -0.0871 ,  0.0018 ,
 -0.2810 ,  0.0023 ,  0.4731 , -0.0123 , -2.3052 , -0.0053 ,
 -0.0809 ,  0.0813 , -0.3182 ,  0.6624 , -0.1430 ,  0.3288 ,
 -0.0007 , -0.0006 , -0.3173 ,  1.5594 ,  0.6208 ,  0.3288 ,
 -0.1610 ,  0.0415 , -0.0017 ,  0.7148 ,  0.3628 ,  0.9757 ,
  0.0402 , -0.0410 ,  0.1587 ,  0.8356 , -0.5498 ,  0.6503 ,
 -0.0414 , -0.0820 , -0.3175 ,  0.9078 ,  2.4401 ,  0.3288 ,
 -0.1199 ,  0.0824 ,  0.1577 , -0.1276 , -0.8237 , -0.0043 ,
  0.0008 ,  0.0818 ,  0.1585 ,  0.6470 ,  0.6074 , -0.0018 ,
 -0.0401 ,  0.0410 , -0.0005 ,  1.4885 ,  1.1737 ,  0.3252 ,
 -0.0808 , -0.0404 , -0.0007 ,  2.3866 ,  0.5042 ,  0.9757 ,
 -0.1617 ,  0.0409 , -0.3190 ,  0.7245 , -1.5056 ,  0.0036 ,
 -0.1214 ,  0.0407 , -0.3186 ,  0.7241 , -0.8204 ,  0.0036 ,
 -0.0396 ,  0.0415 ,  0.3169 ,  2.2998 ,  0.5290 ,  1.2702 ,
 -0.0801 , -0.0799 ,  0.1588 ,  0.8982 ,  1.1300 ,  0.3125 ,
 -0.1209 ,  0.0006 , -0.0012 ,  0.7758 ,  0.4335 ,  1.3010 ,
 -0.1611 ,  0.0820 , -0.1604 ,  0.6582 ,  0.3542 ,  0.9775 ,
 -0.0807 ,  0.0408 , -0.1595 , -0.8308 ,  1.1101 ,  0.6523 ,
 -0.0801 ,  0.0412 ,  0.1575 ,  1.5156 , -0.1374 ,  0.3381 ,
 -0.1606 ,  0.1231 , -0.0018 ,  0.5918 ,  0.3472 ,  0.3253 ,
 -0.1210 ,  0.0410 , -0.1599 , -0.8304 ,  0.4250 ,  0.6523 ,
 -0.1212 ,  0.0815 , -0.3186 ,  0.6627 , -0.2059 ,  0.9793 ,
 -0.2013 ,  0.0417 , -0.0021 , -0.0597 , -0.3224 ,  0.0000 ,
 -0.1615 ,  0.0005 , -0.1603 ,  0.0063 ,  0.9922 ,  0.3270 ,
 -0.0399 ,  0.0005 ,  0.1582 , -0.0045 , -0.0622 ,  0.9739 ,
 -0.1604 ,  0.1638 , -0.0019 ,  1.3051 ,  1.5838 ,  0.6505 ,
  0.0010 ,  0.0009 ,  0.4759 ,  1.5349 ,  1.2467 ,  0.6451 ,
  0.0403 , -0.0002 ,  0.0004 ,  0.7745 ,  0.0629 ,  0.6504 ,
 -0.0800 ,  0.1225 ,  0.1569 , -0.9712 , -0.1484 ,  0.6805 ,
  0.0008 ,  0.0818 ,  0.1585 ,  1.4218 ,  1.8520 ,  0.3234 ,
 -0.1212 ,  0.0003 , -0.1599 ,  0.0059 , -0.1895 ,  1.3027 ,
 -0.0395 ,  0.1633 , -0.0007 , -0.2455 , -0.7165 , -0.3252 ,
  0.0416 ,  0.0825 ,  0.4763 ,  1.4188 ,  1.2837 ,  0.0050 ,
  0.0006 ,  0.1223 , -0.0002 ,  1.3652 , -0.0234 ,  0.0000 ,
 -0.0812 , -0.0407 , -0.1594 ,  0.8418 ,  1.1257 ,  0.0018 ,
 -0.1210 ,  0.0410 , -0.1599 , -0.0555 ,  1.0472 ,  0.0018 ,
 -0.0404 ,  0.0406 , -0.1591 , -0.0562 , -0.0715 , -0.6487 ,
  0.0406 , -0.0406 ,  0.3171 ,  2.4216 ,  0.0556 ,  0.6437 ,
  0.0019 ,  0.1640 ,  0.4756 ,  2.8387 ,  1.2155 ,  0.3199 ,
 -0.1210 , -0.0809 ,  0.3164 , -0.6547 , -0.7971 , -0.0011 ,
 -0.0792 ,  0.1234 ,  0.3162 ,  1.3708 , -0.1521 ,  0.6556 ,
 -0.1212 ,  0.0815 , -0.3186 , -0.8870 ,  1.0387 ,  0.6541 ,
 -0.1204 ,  0.1633 , -0.1602 ,  0.5349 ,  0.4015 ,  0.3270 ,
  0.0406 ,  0.1218 , -0.1585 , -0.9547 ,  0.6610 ,  0.0018 ,
 -0.0001 ,  0.0405 , -0.1587 , -1.6064 , -0.6309 ,  0.6522 ,
 -0.0807 ,  0.0408 , -0.1595 ,  1.4937 ,  1.7324 ,  0.0018 ,
 -0.2018 , -0.0399 ,  0.1554 , -0.7072 ,  2.1830 ,  0.0066 ,
 -0.1610 ,  0.0415 , -0.0017 , -0.0601 ,  2.8516 ,  0.6505 ,
 -0.0795 ,  0.0418 ,  0.3162 ,  1.4907 , -0.7492 , -0.0132 ,
 -0.0811 ,  0.0405 , -0.3182 ,  0.7238 , -0.1352 ,  0.3288 ,
  0.0406 ,  0.1218 , -0.1585 , -0.9547 , -1.2059 ,  0.3270 ,
 -0.1610 ,  0.0415 , -0.0017 , -0.0601 ,  0.3628 ,  0.3253 ,
 -0.1186 ,  0.1649 ,  0.3161 ,  0.5060 , -1.4565 ,  0.6408 ,
 -0.0397 ,  0.1225 , -0.0006 ,  1.3656 , -0.7087 ,  0.3252 ,
  0.0000 ,  0.0000 ,  0.0000 ,  3.0993 ,  0.0000 ,  0.3252 ,
 -0.1210 ,  0.0410 , -0.1599 , -1.6053 ,  1.6695 ,  0.0018 ,
 -0.0001 ,  0.0405 , -0.1587 , -1.6064 ,  1.2359 ,  0.6522 ,
 -0.0807 ,  0.0413 ,  0.1556 , -1.6245 ,  2.3360 ,  0.0236 ,
  0.0001 ,  0.0812 , -0.1588 , -0.1180 , -0.0164 ,  0.6522 ,
 -0.1604 ,  0.0825 ,  0.1570 , -0.1249 , -0.2641 ,  0.6838 ,
 -0.0413 , -0.0007 , -0.4763 ,  1.5647 ,  1.1793 ,  0.9811 ,
 -0.0803 ,  0.1224 , -0.1597 ,  1.3708 ,  0.4723 ,  0.0018 ,
  0.1213 ,  0.0810 ,  0.0011 , -0.1240 ,  0.1731 , -0.3253 ,
 -0.0003 , -0.0003 , -0.1586 ,  0.0049 , -0.0007 , -0.3234 ,
 -0.1214 ,  0.0407 , -0.3186 ,  1.4989 , -0.8204 ,  0.6541 ,
 -0.1205 ,  0.0817 ,  0.1581 ,  1.4521 ,  1.0209 ,  0.3052 ,
 -0.1615 ,  0.0005 , -0.1603 ,  1.5559 , -1.4970 , -0.6487 ,
  0.0000 ,  0.0000 ,  0.0000 ,  0.0000 ,  1.2446 ,  0.9757 ,
 -0.0814 , -0.0816 ,  0.1581 , -0.6492 , -0.7396 ,  0.3280 ,
 -0.0399 ,  0.0005 ,  0.1582 ,  0.7703 , -0.0622 ,  0.3234 ,
 -0.0806 ,  0.0004 , -0.0008 ,  0.0007 , -0.1259 ,  0.6505 ,
 -0.1215 ,  0.0812 , -0.4773 , -0.8821 ,  0.4156 ,  0.3306 ,
 -0.1193 ,  0.1239 ,  0.1573 ,  0.5766 , -0.8262 , -0.6582 ,
 -0.1613 ,  0.0412 , -0.1603 ,  3.0439 , -0.2603 ,  0.3270 ,
 -0.1617 ,  0.0409 , -0.3190 , -0.8252 ,  1.6059 ,  0.3288 ,
 -0.1207 ,  0.0413 , -0.0013 ,  0.7144 ,  0.4257 ,  0.0000 ,
 -0.1209 ,  0.0006 , -0.0012 ,  0.0010 , -0.8111 ,  0.6505 ,
 -0.0801 ,  0.0425 ,  0.3164 ,  0.6980 ,  1.7335 , -0.0018 ,
 -0.0814 ,  0.0402 , -0.4768 ,  0.7287 ,  1.1086 ,  0.3306 ,
  0.0407 ,  0.0813 ,  0.0003 , -0.8982 ,  0.6696 , -0.0000 ,
 -0.1206 ,  0.1226 , -0.1601 ,  0.5964 , -0.2129 ,  0.3270 ,
 -0.0802 ,  0.0819 , -0.0010 , -0.1222 ,  0.4808 ,  0.3253 ,
 -0.0413 ,  0.0805 , -0.6351 , -0.1030 , -1.3262 ,  0.9828 ,
  0.0000 ,  0.0000 ,  0.0000 ,  0.0000 ,  1.2446 ,  0.6505 ,
 -0.1201 ,  0.1636 , -0.0015 ,  1.3048 ,  2.2690 ,  0.3253 ,
 -0.2414 ,  0.0015 ,  0.1562 , -0.0028 ,  0.2455 ,  0.9739 ,
 -0.0805 ,  0.0816 , -0.1596 ,  2.9819 ,  0.4801 , -0.3234 ,
 -0.1205 ,  0.0412 ,  0.1568 ,  2.2956 , -0.8098 ,  0.3377 ,
 -0.1595 ,  0.0833 ,  0.6326 , -0.9135 , -0.2612 , -0.3419 ,
 -0.0802 ,  0.0819 , -0.0010 , -1.6720 , -1.3862 ,  0.3253 ,
 -0.1206 ,  0.0423 ,  0.1575 ,  0.7067 ,  1.0448 , -0.0064 ,
 -0.0401 ,  0.0410 , -0.0005 ,  0.7137 , -0.0707 ,  0.3252 ,
 -0.0789 ,  0.0829 ,  0.4754 ,  0.6300 , -1.3794 ,  0.6408 ,
 -0.1619 ,  0.0002 , -0.3189 ,  1.5609 , -0.2532 ,  0.0036 ,
 -0.0807 ,  0.0408 , -0.1595 ,  0.7189 ,  1.1101 , -0.3234 ,
 -0.0005 ,  0.0401 , -0.3174 , -0.8266 , -1.2540 ,  0.0036 ,
 -0.0798 ,  0.0418 ,  0.1577 ,  0.7046 , -0.7518 ,  0.3219 ,
  0.0413 ,  0.0007 ,  0.4763 ,  0.7598 ,  0.6874 , -0.0053 ,
 -0.1205 ,  0.0009 ,  0.1574 ,  1.5458 ,  1.0565 , -0.3270 ,
 -0.1606 ,  0.1231 , -0.0018 ,  0.5918 , -0.2751 ,  0.6505 ,
 -0.0799 ,  0.0010 ,  0.3165 ,  2.3153 ,  0.4979 ,  0.3217 ,
 -0.0400 ,  0.1225 ,  0.1568 , -0.9700 ,  0.5241 ,  0.6391 ,
 -0.0397 ,  0.1229 ,  0.1580 ,  0.5868 ,  0.5264 , -0.3172 ,
 -0.1608 ,  0.0011 ,  0.1570 ,  0.7713 , -0.2509 , -0.3270 ,
 -0.0807 ,  0.0413 ,  0.1556 , -1.6245 ,  1.0993 ,  0.0236 ,
 -0.0806 ,  0.0004 , -0.0008 ,  1.5503 ,  0.4964 ,  1.3010 ,
 -0.0401 ,  0.0410 , -0.0005 ,  0.7137 ,  0.5515 ,  0.6505 ,
 -0.0403 ,  0.0002 , -0.0004 , -1.5494 , -0.0629 ,  0.6505 ,
 -0.0387 ,  0.1640 ,  0.3166 ,  0.5200 , -0.0942 ,  0.6419 ,
 -0.0393 ,  0.0416 ,  0.3169 ,  0.7028 , -0.6898 , -0.0091 ,
 -0.0409 , -0.0409 , -0.1590 , -0.7082 ,  1.1887 , -0.3234 ,
 -0.0404 ,  0.0406 , -0.1591 ,  1.4933 , -0.6938 ,  0.9775 ,
 -0.1605 ,  0.1244 ,  0.3152 ,  0.5742 ,  1.5886 ,  1.2771 ,
  0.0400 ,  0.0807 , -0.3170 ,  0.6613 ,  0.6681 ,  0.6540 ,
  0.0403 , -0.0002 ,  0.0004 , -0.0003 , -0.5594 , -0.3253 ,
 -0.0803 ,  0.1224 , -0.1597 ,  0.5960 ,  1.0945 ,  0.6523 ,
 -0.1608 ,  0.0011 ,  0.1570 , -0.7784 ,  0.9936 ,  0.3235 ,
 -0.1204 , -0.0392 ,  0.3159 ,  0.0548 ,  1.0676 ,  1.2631 ,
 -0.0804 ,  0.0412 , -0.0009 , -0.0608 , -0.1337 ,  0.3252 ,
 -0.0397 ,  0.1225 , -0.0006 ,  0.5908 ,  1.1581 ,  0.0000 ,
 -0.1208 ,  0.0818 , -0.1600 , -0.1170 ,  0.4172 ,  0.3270 ,
 -0.0401 ,  0.0410 , -0.0005 ,  1.4885 ,  0.5515 , -0.3252 ,
 -0.0006 ,  0.0806 , -0.4761 , -0.1082 ,  0.6044 ,  0.3306 ,
  0.0017 ,  0.1232 ,  0.4757 , -0.1991 , -0.6435 ,  0.3199 ,
 -0.0791 ,  0.1240 ,  0.4747 ,  0.5763 ,  1.0934 , -0.3154 ,
 -0.0003 ,  0.0809 , -0.3174 ,  0.6617 , -0.0171 ,  0.6541 ,
 -0.2003 ,  0.0426 ,  0.3154 ,  0.7001 , -0.9406 , -0.0105 ,
 -0.0402 ,  0.0814 , -0.1592 , -0.8925 ,  0.5430 ,  0.3270 ,
 -0.0401 ,  0.0410 , -0.0005 , -0.0611 , -0.6931 ,  0.3252 ,
 -0.0793 ,  0.0827 ,  0.3162 ,  1.4282 , -0.7565 , -1.0057 ,
 -0.0797 ,  0.0416 ,  0.3169 , -0.0718 , -1.3796 , -0.0078 ,
 -0.0804 ,  0.0412 , -0.0009 , -0.0608 , -0.1337 ,  0.3252 ,
  0.0402 ,  0.0403 , -0.1583 ,  0.7179 ,  1.2989 , -0.9740 ,
 -0.0811 ,  0.0405 , -0.3182 ,  0.7238 , -0.7575 ,  0.3288 ,
 -0.0406 ,  0.0811 , -0.3178 ,  0.6620 ,  0.5422 ,  0.0036 ,
 -0.0416 , -0.0415 , -0.4762 ,  0.0765 , -0.0574 ,  0.6558 ,
 -0.0800 ,  0.1227 , -0.0010 ,  0.5911 ,  1.0952 ,  0.9757 ,
 -0.2026 , -0.0812 , -0.3192 ,  1.6840 , -0.3005 ,  0.3288 ,
  0.0008 ,  0.0818 ,  0.1585 , -0.1278 ,  0.6074 ,  0.3234 ,
 -0.1197 ,  0.1639 ,  0.1570 , -0.2483 , -0.2180 , -0.0011 ,
 -0.0794 ,  0.0827 ,  0.3163 ,  1.4338 , -0.1444 ,  0.6560 ,
 -0.0801 ,  0.0822 ,  0.1574 , -0.1256 ,  0.4800 ,  0.6440 ,
 -0.2014 , -0.0390 ,  0.1565 ,  0.8302 , -1.5479 ,  0.3309 ,
  0.0001 ,  0.0812 , -0.1588 ,  2.2064 ,  1.8504 ,  0.6522 ,
 -0.0811 ,  0.0405 , -0.3182 , -0.0510 ,  1.7317 ,  0.0036 ,
  0.0802 , -0.0007 , -0.1578 , -0.7707 , -1.1196 ,  0.3270 ,
 -0.0800 ,  0.1227 , -0.0010 , -0.1837 ,  0.4730 ,  0.0000 ,
 -0.0802 ,  0.0007 ,  0.1578 , -2.3291 ,  0.4972 ,  1.2992 ,
 -0.1206 ,  0.1226 , -0.1601 ,  1.3711 , -0.2129 , -0.3234 ,
 -0.0397 ,  0.1225 , -0.0006 , -0.1840 , -0.0864 ,  0.0000 ,
  0.0015 ,  0.1637 ,  0.3170 ,  1.2941 , -0.0297 ,  0.3217 ,
 -0.0397 ,  0.0414 ,  0.1581 ,  0.7169 , -0.0722 , -0.6632 ,
 -0.0815 , -0.0410 , -0.3180 ,  0.0719 ,  1.1250 ,  0.6541 ,
 -0.0814 , -0.0815 , -0.1593 ,  2.4528 ,  2.3780 ,  0.3270 ,
 -0.0805 ,  0.0816 , -0.1596 ,  2.2071 ,  0.4801 ,  0.0018 ,
 -0.0406 , -0.0001 , -0.1590 , -0.7697 , -0.0637 ,  0.6522 ,
  0.0406 ,  0.0001 ,  0.1590 , -0.0052 ,  0.6859 ,  0.3234 ,
 -0.1609 ,  0.0426 ,  0.1572 ,  0.7069 ,  1.6044 , -0.0073 ,
 -0.2017 , -0.0806 ,  0.1569 ,  2.4883 , -0.2998 ,  1.3305 ,
 -0.0395 ,  0.0413 ,  0.3166 , -0.8443 , -0.0669 ,  0.3301 ,
 -0.1598 ,  0.0832 ,  0.3157 ,  0.6383 , -0.8846 ,  0.9750 ,
 -0.1612 ,  0.0008 , -0.0016 ,  0.0014 ,  0.3706 , -0.3252 ,
 -0.0802 ,  0.0007 ,  0.1578 , -0.0042 ,  0.4972 , -0.0018 ,
 -0.1202 ,  0.0012 ,  0.3161 ,  1.5409 ,  1.0573 , -0.0035 ,
  0.0002 ,  0.0408 , -0.0001 , -2.3862 ,  0.6144 ,  0.9757 ,
 -0.0804 ,  0.0412 , -0.0009 , -0.8357 ,  0.4886 ,  0.3252 ,
 -0.1205 ,  0.0821 , -0.0014 ,  0.6529 ,  2.2845 ,  1.6262 ,
 -0.1221 , -0.1217 ,  0.1572 ,  0.9589 , -1.4144 ,  0.3338 ,
  0.0411 ,  0.0414 ,  0.3173 , -0.0701 ,  0.6769 , -0.6294 ,
  0.0416 ,  0.1227 ,  0.3172 , -0.9699 ,  0.0447 ,  0.3232 ,
 -0.0400 ,  0.1222 , -0.1593 , -0.9540 , -0.0871 ,  0.0018 ,
 -0.0391 ,  0.1233 ,  0.3167 ,  0.5833 ,  0.5298 ,  0.9409 ,
 -0.2017 , -0.0398 , -0.0019 ,  0.8380 ,  0.3155 ,  0.6505 ,
 -0.0799 ,  0.0414 ,  0.1580 , -0.0671 , -0.7556 ,  0.3277 ,
  0.0002 ,  0.0408 , -0.0001 , -0.0615 , -0.0078 ,  0.0000 ,
 -0.2016 ,  0.0414 , -0.1607 , -0.8297 ,  1.5436 ,  1.3027 ,
 -0.1601 ,  0.0017 ,  0.4743 , -0.7882 ,  0.3728 ,  0.3199 ,
 -0.1618 ,  0.0814 , -0.4777 ,  2.2177 , -0.8919 ,  0.3306 ,
 -0.0007 , -0.0006 , -0.3173 , -0.7651 , -0.0015 ,  0.3288 ,
  0.0413 ,  0.0411 ,  0.3176 ,  0.7033 , -0.5649 ,  0.6557 ,
 -0.1207 ,  0.0413 , -0.0013 ,  0.7144 ,  0.4257 ,  0.9757 ,
 -0.0399 ,  0.0813 ,  0.1586 ,  1.4511 ,  1.1434 ,  0.6265 ,
 -0.0008 ,  0.0398 , -0.4760 ,  1.5028 , -1.2548 , -0.3199 ,
 -0.1201 ,  0.1636 , -0.0015 ,  2.0797 , -1.4647 ,  0.3253 ,
 -0.1598 ,  0.0834 ,  0.1569 ,  0.6379 , -0.8818 , -0.0036 ,
 -0.1212 ,  0.0415 ,  0.1550 , -1.6245 ,  1.0344 ,  0.3450 ,
 -0.0814 , -0.0815 , -0.1593 ,  1.6781 , -0.1110 ,  0.0018 ,
 -0.0806 ,  0.0004 , -0.0008 ,  0.0007 , -1.9928 ,  0.6505 ,
 -0.1211 , -0.0402 , -0.0011 ,  0.0625 , -2.0481 ,  0.6505 ,
 -0.0809 ,  0.0813 , -0.3182 ,  1.4372 , -0.1430 ,  0.0036 ,
 -0.0806 ,  0.0416 ,  0.1572 , -0.0633 ,  2.3618 , -0.3238 ,
  0.0006 ,  0.0411 ,  0.1586 , -0.0664 , -0.0071 ,  0.6487 ,
 -0.1613 ,  0.0412 , -0.1603 ,  1.4944 ,  1.6066 ,  1.3027 ,
  0.0019 ,  0.0828 ,  0.6345 ,  1.4130 , -0.0165 , -0.0073 ,
 -0.0399 ,  0.0817 , -0.0006 , -0.8975 , -0.0785 ,  0.0000 ,
 -0.0809 ,  0.0813 , -0.3182 ,  1.4372 , -0.1430 ,  0.0036 ,
 -0.1206 , -0.0393 ,  0.3150 , -0.6992 ,  2.3190 , -0.3209 ,
 -0.1214 ,  0.0407 , -0.3186 , -0.8255 ,  1.0464 ,  0.0036 ,
  0.0005 ,  0.1627 , -0.1589 ,  0.5339 ,  0.5903 ,  0.0018 ,
  0.0414 ,  0.0820 ,  0.3175 , -0.1331 ,  0.0488 ,  0.6445 ,
 -0.0804 ,  0.0412 , -0.0009 ,  2.2636 ,  0.4886 ,  0.6505 ,
 -0.1200 ,  0.0823 ,  0.3156 , -0.9047 , -0.2009 ,  0.3368 ,
 -0.1211 , -0.0402 , -0.0011 ,  3.1617 ,  1.0636 , -0.3252 ,
 -0.0406 ,  0.0811 , -0.3178 ,  0.6620 ,  1.1645 ,  0.0036 ,
 -0.0400 ,  0.0411 ,  0.1572 , -0.8430 ,  0.5464 , -0.3249 ,
 -0.0807 ,  0.0408 , -0.1595 ,  0.7189 , -0.7567 ,  0.3270 ,
 -0.1601 ,  0.0427 ,  0.1569 ,  0.7010 , -1.4975 ,  0.9814 ,
 -0.0801 , -0.1206 ,  0.1585 ,  0.1811 ,  1.7765 ,  0.3172 ,
 -0.0802 ,  0.0819 , -0.0010 ,  0.6526 ,  1.1030 ,  1.3010 ,
 -0.0804 ,  0.0420 ,  0.1579 ,  0.7060 ,  1.1067 ,  0.3149 ,
 -0.0399 ,  0.0005 ,  0.1582 , -0.7794 ,  1.8046 ,  0.9739 ,
 -0.1608 ,  0.0823 , -0.0018 , -0.1215 ,  0.3550 ,  0.0000 ,
 -0.0001 ,  0.1217 , -0.3175 , -0.1746 , -0.0249 ,  0.0036 ,
 -0.1208 ,  0.0411 ,  0.1568 , -0.8456 , -0.1969 , -0.6784 ,
 -0.1207 ,  0.0413 , -0.0013 ,  0.7144 , -0.1966 ,  0.3253 ,
 -0.0809 ,  0.0001 , -0.1594 ,  0.0056 , -0.7489 ,  1.3027 ,
 -0.2023 , -0.0809 , -0.1605 ,  0.9043 , -0.9221 ,  0.3270 ,
 -0.1214 ,  0.0407 , -0.3186 , -0.0506 , -0.8204 ,  0.0036 ,
 -0.0396 ,  0.0008 ,  0.3169 , -1.5592 , -1.3062 ,  0.3217 ,
 -0.0395 ,  0.1633 , -0.0007 ,  1.3041 ,  1.1503 ,  0.3252 ,
 -0.1606 ,  0.1232 ,  0.1573 ,  2.1839 ,  0.3304 ,  0.0005 ,
 -0.1212 ,  0.0003 , -0.1599 ,  0.0059 , -0.1895 ,  0.3270 ,
 -0.1212 ,  0.0815 , -0.3186 ,  1.4375 ,  1.6610 ,  0.3288 ,
 -0.0803 ,  0.1224 , -0.1597 , -0.1788 ,  0.4723 ,  0.6523 ,
  0.0002 ,  0.0408 , -0.0001 ,  0.7133 , -0.6302 , -0.3252 ,
 -0.0405 , -0.0406 , -0.0003 ,  0.8366 , -0.0551 ,  0.3252 ,
 -0.0804 ,  0.0412 , -0.0009 ,  2.2636 , -0.7560 ,  0.0000 ,
 -0.2008 ,  0.0825 ,  0.3152 , -0.8988 , -0.9486 , -0.3312 ,
 -0.1211 , -0.0402 , -0.0011 ,  0.8373 ,  1.0636 ,  0.3253 ,
 -0.0398 ,  0.0406 ,  0.1589 ,  1.5131 ,  1.1515 ,  0.6260 ,
 -0.1207 ,  0.0413 , -0.0013 , -0.0604 ,  0.4257 ,  0.3253 ,
 -0.1205 , -0.0802 ,  0.3162 ,  0.1145 ,  0.4493 ,  0.3031 ,
 -0.1202 ,  0.2041 , -0.1602 , -0.3014 , -0.2286 ,  0.6523 ,
 -0.1199 ,  0.0419 ,  0.3163 , -0.0717 , -0.8168 ,  0.3317 ,
 -0.2007 ,  0.0427 ,  0.1569 ,  0.7185 ,  0.2939 ,  0.0028 ,
 -0.0806 ,  0.0004 , -0.0008 ,  0.0007 ,  1.1186 , -0.3252 ,
  0.0017 ,  0.0832 ,  0.6348 ,  2.1927 ,  1.8318 ,  0.6468 ,
 -0.0399 ,  0.0005 ,  0.1582 , -0.7795 , -0.0622 , -0.3270 ,
 -0.1211 ,  0.1226 ,  0.1551 , -1.7534 ,  0.3941 , -0.3135 ,
 -0.1201 ,  0.0836 ,  0.4736 , -0.1310 ,  2.2882 ,  0.9599 ,
 -0.0006 , -0.0411 , -0.1586 ,  2.3910 , -0.6153 ,  0.0018 ,
  0.0408 ,  0.1626 , -0.1585 , -0.2413 ,  0.6532 ,  0.6522 ,
 -0.1619 ,  0.0002 , -0.3189 ,  0.0112 , -0.2532 ,  0.3288 ,
 -0.0404 ,  0.0406 , -0.1591 ,  0.7186 , -0.6938 ,  0.6522 ,
 -0.2811 , -0.0376 ,  0.3155 ,  1.6120 ,  1.4273 , -0.3167 ,
 -0.0800 ,  0.1227 , -0.0010 ,  1.3659 , -0.1493 , -0.9757 ,
 -0.0803 ,  0.1224 , -0.1597 ,  2.9204 ,  1.0945 , -0.3234 ,
 -0.1615 ,  0.0005 , -0.1603 ,  0.7811 , -0.8748 , -0.3234 ,
 -0.0804 ,  0.0410 ,  0.1572 , -0.8464 , -0.1329 ,  0.3411 ,
 -0.1615 ,  0.0817 , -0.3190 , -0.8866 ,  0.3535 ,  0.0036 ,
 -0.0805 ,  0.0816 , -0.1596 ,  1.4322 , -0.7646 , -0.3234 ,
  0.0405 ,  0.0406 ,  0.0003 ,  0.7130 ,  0.0551 ,  0.3252 ,
  0.0398 ,  0.0400 , -0.3170 , -1.6018 ,  0.0536 ,  0.3288 ,
 -0.0806 ,  0.0004 , -0.0008 ,  0.7755 , -0.1259 , -0.6505 ,
 -0.0816 , -0.0005 , -0.4767 ,  0.0154 ,  1.7387 ,  0.6558 ,
 -0.0809 ,  0.0813 , -0.3182 ,  2.2119 , -2.0100 ,  0.9793 ,
 -0.0798 ,  0.0822 ,  0.1577 , -0.1265 , -0.1392 ,  0.6899 ,
 -0.1209 ,  0.0410 ,  0.1574 , -0.8361 , -0.8196 ,  0.3268 ,
 -0.2408 ,  0.1241 ,  0.3141 , -0.1885 ,  0.8423 , -0.0025 ,
  0.0405 ,  0.0406 ,  0.0003 , -0.0618 ,  0.0551 ,  0.6504 ,
 -0.0791 ,  0.0833 ,  0.4752 ,  1.4193 ,  1.0969 ,  0.3215 ,
 -0.1208 ,  0.0418 ,  0.1568 , -0.0630 ,  1.6746 ,  0.3229 ,
  0.0001 ,  0.0812 , -0.1588 , -0.8930 , -0.6387 ,  0.3270 ,
 -0.1613 ,  0.1225 , -0.3191 ,  0.6016 , -0.8989 , -0.6469 ,
 -0.1202 ,  0.0012 ,  0.3161 , -0.7837 ,  0.4350 , -0.6541 ,
 -0.1608 ,  0.0823 , -0.0018 ,  0.6532 , -0.2673 ,  0.6505 ,
 -0.0397 ,  0.0413 ,  0.1582 , -0.0660 , -0.0700 ,  0.3372 ,
 -0.0806 ,  0.0004 , -0.0008 , -0.7742 ,  1.7410 ,  0.6505 ,
 -0.0809 ,  0.0813 , -0.3182 , -2.4374 , -1.3876 ,  0.3288 ,
 -0.0392 , -0.0800 ,  0.6345 ,  0.8782 , -0.0422 ,  0.3126 ,
 -0.0396 ,  0.0008 ,  0.3169 ,  0.7654 ,  1.1831 , -0.0036 ,
 -0.0809 ,  0.0001 , -0.1594 ,  1.5553 ,  1.1179 ,  0.0018 ,
 -0.1622 , -0.1218 , -0.1600 ,  0.9655 ,  1.0155 ,  0.6523 ,
 -0.0403 ,  0.0002 , -0.0004 ,  0.0003 , -1.3076 ,  0.3252 ,
 -0.0003 , -0.0003 , -0.1586 ,  3.1042 ,  0.6215 ,  0.0018 ,
 -0.0406 , -0.1220 ,  0.1572 , -1.3866 ,  0.5809 ,  0.3253 ,
  0.0003 ,  0.1220 , -0.1589 ,  0.5953 , -0.0242 ,  0.0018 ,
  0.0003 ,  0.0003 ,  0.1586 ,  0.7699 ,  0.6230 , -0.0018 ,
 -0.1593 ,  0.1243 ,  0.6326 , -0.2020 ,  0.3474 ,  0.3066 ,
 -0.0807 , -0.0399 ,  0.1575 ,  0.8287 , -1.3619 ,  0.3310 ,
  0.0403 , -0.0408 ,  0.1593 ,  0.0556 , -0.5546 ,  0.6570 ,
  0.0410 ,  0.0004 ,  0.3177 ,  3.0890 ,  0.0644 ,  0.6469 ,
 -0.0809 ,  0.0001 , -0.1594 ,  0.7804 , -0.1266 ,  0.0018 ,
 -0.0798 ,  0.0823 ,  0.3156 , -0.9033 ,  0.4787 ,  0.3120 ,
 -0.0395 ,  0.0821 ,  0.1581 ,  0.6543 , -0.0799 , -0.0025 ,
  0.0402 , -0.0410 ,  0.1587 ,  0.8356 , -0.5498 ,  1.3081 ,
 -0.2014 ,  0.0822 , -0.1608 ,  0.6585 ,  0.2913 ,  0.0018 ,
 -0.0405 , -0.0406 , -0.0003 ,  0.8366 , -0.6775 ,  0.0000 ,
 -0.0389 ,  0.0825 ,  0.3170 ,  0.6326 , -1.3203 , -0.0104 ,
 -0.1213 , -0.0810 , -0.0011 ,  3.2231 ,  0.4491 ,  0.0000 ,
 -0.0402 ,  0.0814 , -0.1592 ,  0.6571 ,  1.7875 ,  0.9775 ,
 -0.1212 ,  0.0815 , -0.3186 ,  0.6627 ,  0.4164 ,  0.6541 ,
 -0.0798 ,  0.0823 ,  0.3156 , -0.9033 ,  0.4787 , -0.6360 ,
 -0.2015 ,  0.1238 ,  0.3136 , -0.1863 ,  2.1541 ,  0.6490 ,
 -0.0006 , -0.0411 , -0.1586 ,  0.0663 ,  1.8739 , -0.3234 ,
 -0.0007 , -0.0006 , -0.3173 , -0.7651 ,  1.2430 ,  0.6541 ,
 -0.0800 ,  0.0415 ,  0.1578 , -0.0657 , -0.1325 , -0.0019 ,
 -0.0002 , -0.0408 ,  0.0001 ,  0.8362 ,  0.0078 , -0.0000 ,
  0.0402 ,  0.1215 , -0.3171 , -0.1749 ,  1.9048 ,  0.0036 ,
 -0.1216 , -0.0000 , -0.3185 ,  3.1100 ,  1.0542 ,  0.6541 ,
 -0.0808 , -0.0404 , -0.0007 , -0.7128 ,  1.1265 ,  0.6505 ,
 -0.0403 ,  0.0002 , -0.0004 ,  0.7751 ,  1.1816 ,  0.3252 ,
  0.0004 ,  0.0815 , -0.0002 ,  0.6519 , -0.0156 ,  0.0000 ,
 -0.1202 , -0.0392 ,  0.3164 ,  0.8308 ,  0.4394 ,  0.0004 ,
 -0.1615 ,  0.0005 , -0.1603 ,  0.7811 , -0.2524 ,  0.3270 ,
 -0.1205 ,  0.0821 , -0.0014 ,  2.2025 , -0.2044 ,  0.9757 ,
 -0.0401 ,  0.0410 , -0.0005 ,  0.7137 ,  1.1737 ,  0.0000 ,
 -0.0813 , -0.0002 , -0.3181 ,  0.7853 , -0.1273 ,  0.3288 ,
  0.0010 ,  0.0009 ,  0.4759 , -0.7896 ,  0.0022 ,  0.3199 ,
 -0.1208 ,  0.0412 ,  0.1563 , -0.8440 ,  0.4174 ,  0.3167 ,
 -0.0398 ,  0.0406 ,  0.1589 ,  1.5131 ,  1.1515 , -0.3417 ,
 -0.0798 ,  0.1639 ,  0.3149 , -1.0230 ,  1.0821 ,  0.3170 ,
 -0.0809 ,  0.0001 , -0.1594 ,  0.0056 , -1.3712 , -0.6487 ,
 -0.1217 , -0.0813 , -0.1597 , -0.6461 , -2.0410 ,  0.6523 ,
 -0.1608 ,  0.0823 , -0.0018 ,  0.6532 , -0.2673 ,  0.3253 ,
 -0.1202 ,  0.0012 ,  0.3161 ,  1.5409 ,  0.4350 , -0.3288 ,
 -0.0410 , -0.0004 , -0.3177 , -0.7647 ,  1.8024 ,  0.9793 ,
  0.0005 ,  0.1627 , -0.1589 ,  0.5339 ,  1.2125 , -0.3234 ,
 -0.0403 ,  0.0414 ,  0.1576 , -0.0637 ,  1.1760 , -0.0004 ,
 -0.1610 ,  0.0415 , -0.0017 , -0.8349 , -0.2595 ,  0.0000 ,
 -0.1203 ,  0.1229 , -0.0014 ,  1.3663 , -0.2122 ,  0.3253 ,
 -0.0806 ,  0.0004 , -0.0008 ,  2.3252 ,  0.4964 ,  0.3252 ,
  0.0402 ,  0.0403 , -0.1583 ,  1.4927 ,  0.0544 ,  0.3270 ,
 -0.0405 , -0.0406 , -0.0003 ,  0.8366 ,  1.1894 ,  0.3252 ,
 -0.0807 ,  0.0408 , -0.1595 ,  0.7189 ,  0.4879 ,  0.9775 ,
 -0.1207 , -0.0393 ,  0.1574 ,  0.0593 ,  1.6940 , -0.0012 ,
 -0.1617 ,  0.0409 , -0.3190 , -1.6001 ,  0.3613 ,  0.3288 ,
  0.0414 ,  0.0819 ,  0.3173 , -0.9079 ,  0.0525 , -0.0014 ,
 -0.1207 ,  0.0413 , -0.0013 ,  0.7144 ,  2.2924 ,  0.0000 ,
  0.0409 ,  0.1221 ,  0.0002 , -1.7345 ,  0.0395 , -0.3253 ,
 -0.0814 , -0.0815 , -0.1593 , -0.6464 ,  1.7559 , -0.9740 ,
 -0.1205 ,  0.0817 ,  0.1582 ,  1.4521 ,  1.6364 ,  0.6266 ,
 -0.0804 ,  0.0412 , -0.0009 ,  3.8132 , -0.1337 ,  0.6505 ,
 -0.1205 ,  0.0412 ,  0.1568 ,  2.2956 , -0.8098 , -0.3172 ,
 -0.0814 ,  0.0402 , -0.4768 , -1.5958 ,  2.3531 ,  0.0054 ,
 -0.1206 , -0.0396 ,  0.1574 ,  0.8419 , -0.1814 ,  1.0139 ,
 -0.1188 ,  0.1242 ,  0.1573 ,  0.5714 , -1.4460 ,  0.3257 ,
 -0.0406 , -0.0001 , -0.1590 ,  1.5548 , -0.0637 ,  0.3270 ,
 -0.0805 ,  0.0816 , -0.1596 , -2.4421 ,  1.7246 ,  0.9775 ,
 -0.0809 ,  0.0813 , -0.3182 ,  1.4372 , -0.7653 ,  0.6541 ,
  0.0002 ,  0.0408 , -0.0001 , -0.0615 , -1.8749 ,  0.0000 ,
 -0.0795 ,  0.0013 ,  0.4751 ,  0.7608 , -0.1236 , -0.3306 ,
 -0.2414 ,  0.0827 , -0.0026 ,  0.6540 , -0.3932 ,  0.6505 ,
 -0.0010 , -0.0009 , -0.4759 , -0.7602 ,  0.6200 ,  0.6558 ,
 -0.0001 ,  0.0405 , -0.1587 , -1.6064 , -1.8755 ,  0.0018 ,
 -0.0002 , -0.0408 ,  0.0001 ,  0.8362 ,  0.6301 ,  0.3252 ,
  0.0405 ,  0.0406 ,  0.0003 , -0.0618 , -0.5672 ,  0.3252 ,
 -0.1606 ,  0.0826 ,  0.1566 , -0.1248 ,  0.3538 , -0.0014 ,
 -0.0803 ,  0.1224 , -0.1597 , -0.9537 ,  1.0945 ,  0.6523 ,
 -0.0803 ,  0.1220 ,  0.1581 ,  2.1794 ,  1.6850 ,  0.9482 ,
  0.0407 ,  0.0813 ,  0.0003 ,  0.6516 ,  0.6696 ,  0.3252 ,
 -0.1614 , -0.0400 , -0.0015 ,  0.8376 , -0.2439 , -0.3252 ,
 -0.0401 ,  0.0410 , -0.0005 ,  0.7137 , -0.0707 ,  0.3252 ,
 -0.1198 ,  0.0015 ,  0.4747 , -0.7886 ,  1.0580 , -0.3306 ,
 -0.1610 ,  0.0415 , -0.0017 , -0.8349 , -1.5041 ,  0.3253 ,
  0.0010 ,  0.1226 ,  0.1584 , -0.1893 ,  1.2218 , -0.0018 ,
  0.0420 ,  0.0420 ,  0.6350 ,  1.4759 ,  0.6718 , -0.0008 ,
 -0.1209 ,  0.0006 , -0.0012 , -0.7738 , -0.1888 , -0.3252 ,
 -0.0816 ,  0.0807 , -0.6355 , -0.1027 ,  1.7224 ,  0.6576 ,
 -0.0406 ,  0.0811 , -0.3178 , -0.1128 ,  1.1645 ,  0.0036 ,
 -0.0411 ,  0.0400 , -0.4764 ,  0.7284 ,  1.1715 ,  0.3306 ,
 -0.0808 , -0.0404 , -0.0007 ,  2.3866 ,  0.5042 , -0.9757 ,
  0.0003 ,  0.1220 , -0.1589 ,  0.5953 , -0.0242 ,  0.3270 ,
 -0.1219 , -0.0003 , -0.4771 , -2.3092 , -0.8133 , -0.6451 ,
 -0.1209 ,  0.0006 , -0.0012 ,  0.7758 , -0.1888 ,  0.0000 ,
 -0.0798 ,  0.1635 , -0.0011 ,  1.3045 , -0.1571 ,  0.0000 ,
 -0.1219 , -0.0003 , -0.4771 ,  0.7905 ,  0.4313 ,  0.6558 ,
 -0.1217 , -0.0409 ,  0.1568 ,  1.6295 , -1.4168 ,  0.3475 ,
 -0.1208 ,  0.0818 , -0.1600 , -0.1170 ,  1.6617 ,  0.3270 ,
 -0.0404 ,  0.0406 , -0.1591 , -0.0562 ,  1.7953 , -0.3234 ,
 -0.0403 ,  0.0002 , -0.0004 ,  1.5500 ,  1.1816 ,  0.9757 ,
  0.0409 ,  0.1221 ,  0.0002 , -0.1847 ,  0.6618 ,  0.3252 ,
 -0.0407 , -0.0813 , -0.0003 ,  0.8981 , -0.0473 , -0.3252 ,
  0.0401 , -0.0410 ,  0.0005 ,  0.0611 ,  1.3152 , -0.3253 ,
 -0.1199 ,  0.0832 ,  0.3159 ,  0.6415 ,  1.0362 , -0.3168 ,
 -0.1204 , -0.0389 ,  0.1582 ,  0.8340 ,  1.0622 , -0.0081 ,
  0.0397 ,  0.0804 , -0.4757 ,  0.6662 ,  0.0450 ,  0.0053 ,
  0.0410 ,  0.0004 ,  0.3177 , -0.0101 ,  0.0644 , -0.0036 ,
 -0.0802 ,  0.0007 ,  0.1578 ,  1.5453 ,  0.4972 ,  0.6487 ,
 -0.0804 ,  0.0412 , -0.0009 ,  0.7141 ,  1.1108 ,  0.0000 ,
 -0.1205 ,  0.0821 , -0.0014 ,  0.6529 ,  0.4179 ,  0.3253 ,
 -0.0399 ,  0.0005 ,  0.1582 , -0.0045 ,  0.5601 , -0.0018 ,
  0.0000 ,  0.0000 ,  0.0000 ,  1.5497 ,  1.2446 ,  0.0000 ,
 -0.1618 , -0.1215 , -0.0014 ,  0.9606 ,  1.0163 ,  0.6505 ,
 -0.1204 , -0.0382 ,  0.3166 ,  0.8182 ,  2.3148 , -0.0077 ,
 -0.0401 ,  0.0410 , -0.0005 , -0.0611 , -0.6931 , -0.6505 ,
 -0.2020 , -0.0401 , -0.1606 ,  0.0681 ,  2.1814 , -0.6487 ,
 -0.1214 , -0.0405 , -0.1598 ,  1.6169 ,  0.4406 ,  0.9775 ,
  0.0800 , -0.0415 , -0.1578 ,  0.0657 , -1.7341 ,  0.3270 ,
 -0.0808 , -0.0404 , -0.0007 ,  1.6117 ,  0.5042 ,  0.6505 ,
 -0.0399 ,  0.0817 , -0.0006 , -0.8975 , -0.7009 ,  0.9757 ,
 -0.0399 ,  0.0817 , -0.0006 , -0.1226 , -0.0785 ,  0.6505 ,
  0.0409 ,  0.1631 ,  0.1585 ,  0.5213 ,  0.6443 ,  0.0013 ,
 -0.0806 ,  0.0004 , -0.0008 ,  2.3252 , -0.1259 ,  0.0000 ,
 -0.0408 ,  0.0403 , -0.3178 , -0.0513 , -0.6945 ,  0.0036 ,
 -0.0396 ,  0.0008 ,  0.3169 , -0.7843 , -0.0614 ,  0.3217 ,
 -0.0814 , -0.0815 , -0.1593 ,  0.1285 , -0.1110 ,  0.0018 ,
 -0.1197 ,  0.0827 ,  0.3160 , -0.1318 , -0.2019 ,  0.3403 ,
 -0.0798 ,  0.1635 , -0.0011 , -1.7949 , -0.1571 ,  0.0000 ,
 -0.0809 ,  0.0001 , -0.1594 ,  1.5553 , -0.1266 , -0.3234 ,
 -0.0803 ,  0.1224 , -0.1597 , -0.1788 , -0.1500 ,  0.0018 ,
 -0.1205 ,  0.0821 , -0.0014 ,  1.4276 , -2.0715 ,  0.6505 ,
 -0.1208 ,  0.0818 , -0.1600 , -0.1170 , -0.8275 ,  0.0018 ,
 -0.0809 ,  0.0813 , -0.3182 ,  1.4372 , -0.1430 ,  0.3288 ,
  0.0000 ,  0.0000 ,  0.0000 ,  0.7748 , -0.6223 , -0.3252 ,
 -0.1201 ,  0.0823 ,  0.1573 ,  1.4548 , -0.2051 , -0.6791 ,
 -0.0817 , -0.0818 , -0.3179 ,  0.9082 , -0.1117 , -0.6469 ,
 -0.1195 ,  0.1233 ,  0.1576 , -0.1892 , -0.8291 , -0.0042 ,
 -0.0816 , -0.0005 , -0.4767 ,  0.0154 ,  2.3610 ,  0.9811 ,
 -0.0806 ,  0.0004 , -0.0008 ,  0.0007 , -0.1259 , -0.3252 ,
 -0.0404 ,  0.1219 , -0.3179 ,  0.6005 , -0.0878 ,  0.3288 ,
 -0.0801 ,  0.0412 ,  0.1575 ,  2.3060 , -0.1374 ,  0.0009 ,
 -0.1617 , -0.0403 , -0.1602 , -1.4821 , -1.4893 ,  0.0018 ,
 -0.0402 ,  0.0814 , -0.1592 , -0.1177 , -0.7016 ,  0.0018 ,
  0.0008 ,  0.0818 ,  0.1585 ,  0.6470 , -0.0149 , -0.0018 ,
 -0.0799 ,  0.0010 ,  0.3165 ,  1.5405 ,  0.4979 ,  0.6469 ,
 -0.1612 ,  0.1233 ,  0.1559 , -0.1846 ,  0.9665 ,  0.6532 ,
 -0.1212 ,  0.0003 , -0.1599 ,  0.7807 , -0.1895 ,  0.3270 ,
  0.0809 , -0.0001 ,  0.1594 ,  1.5441 ,  0.7488 , -0.0018 ,
  0.0803 ,  0.0805 , -0.3166 , -0.1138 ,  0.1087 ,  0.6540 ,
 -0.0802 ,  0.0819 , -0.0010 ,  2.2022 , -2.6308 , -0.3252 ,
 -0.1612 ,  0.0008 , -0.0016 , -0.7735 , -0.8740 ,  0.0000 ,
 -0.1199 ,  0.0827 ,  0.1573 ,  0.6538 , -0.2032 , -0.0042 ,
 -0.0411 , -0.0817 , -0.1589 ,  3.2273 ,  0.5742 ,  0.3270 ,
 -0.0805 ,  0.0816 , -0.1596 , -0.8922 , -0.1422 ,  0.6523 ,
 -0.0799 ,  0.0010 ,  0.3165 ,  1.5405 ,  1.7425 ,  0.3217 ,
 -0.0006 , -0.0411 , -0.1586 ,  1.6160 ,  0.6293 ,  0.0018 ,
 -0.1614 , -0.0400 , -0.0015 ,  1.6124 , -0.2439 ,  0.0000 ,
 -0.1201 , -0.0807 ,  0.1592 ,  1.6978 ,  1.0584 ,  0.3042 ,
  0.0013 ,  0.1229 ,  0.3170 ,  1.3555 ,  1.2226 ,  0.3217 ,
 -0.2016 ,  0.0414 , -0.1607 , -2.3796 , -0.3232 ,  0.3270 ,
 -0.1212 ,  0.0003 , -0.1599 ,  0.0059 , -0.1895 ,  0.0018 ,
 -0.1208 ,  0.0818 , -0.1600 , -1.6667 ,  0.4172 , -0.3234 ,
 -0.0808 , -0.0404 , -0.0007 ,  1.6117 ,  0.5042 , -0.6505 ,
 -0.2013 , -0.0394 ,  0.1567 ,  0.0591 ,  0.3158 , -0.0008 ,
 -0.0003 , -0.0003 , -0.1586 ,  0.0049 , -0.6231 ,  0.3270 ,
 -0.1206 ,  0.1226 , -0.1601 , -0.1785 ,  1.6538 ,  0.6523 ,
  0.0412 ,  0.0410 ,  0.3174 ,  1.4951 ,  0.0494 , -0.0019 ,
 -0.0809 ,  0.0001 , -0.1594 , -0.7693 , -0.7489 ,  0.3270 ,
 -0.2023 ,  0.0408 , -0.4780 ,  0.7298 ,  0.2976 , -0.3199 ,
 -0.0806 ,  0.0004 , -0.0008 , -0.7742 ,  1.1186 ,  0.6505 ,
  0.0398 ,  0.0400 , -0.3170 , -1.6018 ,  1.2981 ,  0.9793 ,
  0.0407 , -0.0808 ,  0.1598 ,  0.8963 ,  1.9366 ,  0.6350 ,
 -0.0803 ,  0.1224 , -0.1597 ,  1.3708 ,  1.0945 ,  0.0018 ,
  0.0814 ,  0.1226 ,  0.3179 ,  1.3556 ,  1.3301 ,  0.3249 ,
 -0.0415 ,  0.0397 , -0.6350 , -0.0415 ,  0.5485 ,  0.0071 ,
 -0.0812 , -0.0407 , -0.1594 ,  0.0670 ,  1.1257 ,  0.6522 ,
 -0.0800 ,  0.1227 , -0.0010 , -0.9586 , -0.1493 ,  0.3253 ,
  0.0410 ,  0.0004 ,  0.3177 , -0.0101 ,  0.0644 , -0.3288 ,
  0.0800 , -0.0415 , -0.1578 ,  0.0657 ,  0.7551 ,  1.3027 ,
 -0.1207 ,  0.0413 , -0.0013 ,  2.2640 , -0.8189 ,  0.0000 ,
 -0.1610 ,  0.0415 , -0.0017 ,  3.8139 ,  0.3628 ,  0.0000 ,
 -0.1612 ,  0.0008 , -0.0016 ,  0.0014 ,  0.9929 , -0.3252 ,
 -0.0806 ,  0.0004 , -0.0008 ,  0.7755 , -0.1259 , -0.3252 ,
 -0.0401 , -0.0403 ,  0.1584 ,  0.0569 , -0.0543 , -0.0021 ,
 -0.2009 ,  0.1233 , -0.0023 , -0.1826 ,  0.2842 ,  0.6505 ,
 -0.1208 ,  0.0818 , -0.1600 , -0.1170 , -0.8275 ,  0.0018 ,
 -0.0397 ,  0.1225 , -0.0006 ,  2.1405 ,  1.1581 ,  0.0000 ,
 -0.1614 , -0.0400 , -0.0015 ,  0.8376 ,  0.3784 ,  0.3253 ,
 -0.1211 , -0.0402 , -0.0011 ,  1.6120 , -0.8033 ,  0.3253 ,
 -0.0800 ,  0.1227 , -0.0010 , -0.9586 ,  1.7175 ,  0.6505 ,
 -0.0809 ,  0.0001 , -0.1594 ,  0.7804 ,  0.4957 ,  0.3270 ,
 -0.1205 ,  0.0009 ,  0.1574 , -2.3284 , -0.1880 ,  0.6487 ,
 -0.1202 , -0.0401 ,  0.1590 ,  1.6366 ,  1.0485 ,  0.3042 ,
 -0.1205 ,  0.0816 ,  0.1582 ,  3.0292 ,  1.0190 ,  0.3043 ,
 -0.2011 ,  0.0822 ,  0.3135 , -1.6923 ,  0.2808 ,  0.6195 ,
 -0.2410 ,  0.0422 ,  0.1566 , -0.0659 , -1.0074 , -0.6666 ,
 -0.0397 ,  0.0412 ,  0.1585 , -0.0666 , -0.6928 ,  0.3286 ,
 -0.0390 ,  0.0418 ,  0.4749 ,  2.2698 , -0.6892 , -0.0147 ,
 -0.1592 ,  0.0837 ,  0.6330 ,  0.6319 , -0.2618 , -0.6586 ,
 -0.1214 ,  0.0407 , -0.3186 ,  0.7241 , -0.8204 ,  0.0036 ,
 -0.0811 ,  0.0405 , -0.3182 ,  1.4986 , -0.1352 ,  0.0036 ,
 -0.1208 ,  0.0818 , -0.1600 , -0.1170 ,  1.0394 ,  0.3270 ,
 -0.0403 ,  0.0414 ,  0.1576 , -0.0637 ,  1.8004 , -0.0004 ,
 -0.0404 ,  0.0406 , -0.1591 , -0.0562 ,  1.1730 ,  0.3270 ,
  0.0417 ,  0.0824 ,  0.4760 , -0.1377 ,  0.6692 , -0.3106 ,
 -0.0805 ,  0.0410 ,  0.1579 , -0.8379 , -0.7545 ,  0.3290 ,
  0.0008 ,  0.0818 ,  0.1585 , -0.1278 ,  1.8520 , -0.6523 ,
 -0.0807 ,  0.0408 , -0.1595 ,  1.4937 , -0.7567 ,  0.3270 ,
 -0.0806 ,  0.1231 ,  0.1572 ,  0.5794 ,  1.0887 ,  0.6380 ,
 -0.1610 ,  0.0415 , -0.0017 , -0.0601 , -0.2595 ,  0.0000 ,
 -0.1612 ,  0.0008 , -0.0016 ,  0.7762 ,  0.3706 ,  0.3253 ,
  0.0003 ,  0.1220 , -0.1589 , -0.1795 ,  1.2203 ,  0.6522 ,
 -0.1603 ,  0.0830 ,  0.1571 ,  0.6530 ,  0.3487 ,  0.6381 ,
 -0.1610 ,  0.0415 , -0.0017 ,  1.4896 ,  0.9851 ,  0.9757 ,
 -0.0807 ,  0.0408 , -0.1595 ,  1.4937 ,  0.4879 ,  0.0018 ,
 -0.0802 ,  0.0007 ,  0.1578 ,  1.5454 , -0.1251 , -0.3270 ,
 -0.1197 ,  0.0831 ,  0.3162 ,  1.4340 ,  0.4072 ,  0.9409 ,
 -0.1619 ,  0.0002 , -0.3189 , -1.5386 ,  1.6137 ,  0.3288 ,
 -0.1607 , -0.0386 ,  0.1578 ,  0.8345 ,  2.2406 , -0.6541 ,
  0.0010 ,  0.1226 ,  0.1584 , -0.1893 , -0.0227 ,  0.3234 ,
 -0.0391 ,  0.0824 ,  0.3166 ,  1.4336 , -0.0824 ,  0.3231 ,
 -0.1608 ,  0.0427 ,  0.1573 ,  0.7074 ,  0.9825 ,  0.6392 ,
 -0.0402 ,  0.0814 , -0.1592 , -0.1177 ,  0.5430 ,  0.3270 ,
 -0.0398 ,  0.0415 ,  0.1583 ,  0.7127 ,  0.5439 ,  0.9635 ,
  0.0402 ,  0.0403 , -0.1583 ,  0.7179 ,  1.2989 ,  0.3270 ,
  0.0801 ,  0.0398 , -0.3165 , -0.8273 ,  1.3610 ,  0.0036 ,
 -0.0801 ,  0.0409 ,  0.1586 ,  1.5133 ,  1.7057 ,  0.3035 ,
 -0.0802 ,  0.0007 ,  0.1578 , -3.1040 ,  0.4972 , -0.0018 ,
 -0.0806 ,  0.0004 , -0.0008 ,  0.0007 ,  0.4964 ,  0.0000 ,
 -0.0807 ,  0.0408 , -0.1595 ,  1.4937 , -0.1344 ,  0.0018 ,
 -0.0404 ,  0.0406 , -0.1591 , -0.8311 ,  1.1730 ,  0.3270 ,
 -0.1211 , -0.0402 , -0.0011 ,  0.8373 , -0.1810 ,  0.0000 ,
 -0.0403 ,  0.0002 , -0.0004 , -0.7745 , -0.6853 ,  0.0000 ,
  0.0401 , -0.0410 ,  0.0005 ,  0.0611 ,  0.6930 , -0.0000 ,
 -0.0813 , -0.0002 , -0.3181 ,  0.0105 ,  1.1171 ,  0.3288 ,
 -0.0807 ,  0.0408 , -0.1595 ,  0.7189 ,  0.4879 ,  0.3270 ,
 -0.2013 ,  0.0417 , -0.0021 , -0.0597 ,  0.2999 ,  0.6505 ,
 -0.1205 ,  0.0821 , -0.0014 ,  0.6529 , -0.2044 , -0.9757 ,
 -0.0396 ,  0.0008 ,  0.3169 ,  1.5402 ,  1.8054 , -0.6541 ,
 -0.1218 , -0.0408 , -0.3184 ,  2.3966 ,  1.0621 ,  0.0036 ,
  0.0000 ,  0.0000 ,  0.0000 ,  2.3245 , -1.8670 , -0.3252 ,
  0.0008 ,  0.0818 ,  0.1585 , -0.9027 ,  1.2296 , -0.0018 ,
 -0.1205 ,  0.0821 , -0.0014 ,  1.4276 ,  0.4179 ,  0.0000 ,
  0.0403 , -0.0002 ,  0.0004 ,  0.7745 ,  1.3074 ,  0.6504 ,
 -0.0396 ,  0.2037 , -0.1594 , -0.3021 ,  0.5195 ,  0.0018 ,
 -0.0804 ,  0.0412 , -0.0009 , -0.8357 , -0.1337 ,  0.3252 ,
 -0.1211 , -0.0402 , -0.0011 ,  0.8373 ,  1.0636 ,  0.6505 ,
 -0.1613 ,  0.0412 , -0.1603 , -0.0552 , -1.5049 ,  0.3270 ,
 -0.0397 ,  0.0414 ,  0.1581 ,  0.7169 , -0.0722 ,  0.6584 ,
 -0.1210 ,  0.0410 , -0.1599 ,  0.7193 ,  0.4250 ,  0.3270 ,
  0.0000 ,  0.0000 ,  0.0000 , -0.7748 ,  0.6223 ,  0.0000 ,
 -0.1203 ,  0.1229 , -0.0014 , -0.1833 ,  1.6546 ,  0.0000 ,
 -0.2004 ,  0.0833 ,  0.1567 ,  0.6522 , -0.3260 , -0.3375 ,
 -0.0796 , -0.0391 ,  0.4756 ,  2.3968 ,  1.1067 ,  0.0110 ,
  0.0410 ,  0.0812 ,  0.1576 ,  1.4419 , -1.1851 , -0.3081 ,
 -0.1212 ,  0.0815 , -0.3186 , -0.1121 , -0.8282 ,  0.9793 ,
 -0.1217 ,  0.0404 , -0.4772 , -0.0457 ,  1.0456 ,  0.6558 ,
 -0.0808 , -0.0404 , -0.0007 ,  0.0621 , -0.7404 ,  0.3252 ,
 -0.0398 ,  0.1629 , -0.1593 , -1.0155 , -0.0949 ,  0.6522 ,
  0.0397 , -0.0818 ,  0.1594 ,  0.1176 , -1.1783 , -0.0051 ,
 -0.0401 ,  0.0410 , -0.0005 ,  0.7137 ,  0.5515 ,  0.3252 ,
 -0.0398 ,  0.0415 ,  0.1583 ,  0.7127 ,  0.5439 ,  0.3234 ,
 -0.1211 , -0.0402 , -0.0011 ,  0.8373 , -1.4256 ,  0.9757 ,
 -0.1191 ,  0.1237 ,  0.4749 , -0.1973 , -0.8295 ,  0.6803 ,
 -0.0403 ,  0.0002 , -0.0004 ,  0.0003 ,  0.5593 ,  0.0000 ,
 -0.2025 ,  0.0000 , -0.4779 ,  0.0164 , -0.9392 ,  0.3306 ,
  0.0800 ,  0.0802 , -0.4752 , -0.8838 ,  1.3525 ,  0.3306 ,
 -0.0004 , -0.0815 ,  0.0002 ,  2.4473 , -0.6067 ,  0.3252 ,
 -0.1205 ,  0.0009 ,  0.1574 ,  2.3206 ,  1.0565 ,  0.6487 ,
 -0.1205 ,  0.0817 ,  0.1582 ,  1.4521 ,  1.6364 ,  0.3040 ,
 -0.1210 ,  0.1223 , -0.3187 ,  1.3760 , -2.0808 ,  0.0036 ,
 -0.0818 , -0.0413 , -0.4766 , -2.2479 , -0.7426 ,  0.3306 ,
 -0.0402 ,  0.0814 , -0.1592 , -0.8925 ,  0.5430 , -0.3234 ,
 -0.0806 ,  0.0004 , -0.0008 ,  0.0007 , -0.1259 ,  0.6505 ,
 -0.0403 ,  0.0002 , -0.0004 ,  2.3248 , -0.6853 , -0.9757 ,
 -0.0399 ,  0.0005 ,  0.1582 , -0.0045 , -0.0622 ,  0.3234 ,
 -0.0806 ,  0.0004 , -0.0008 ,  0.0007 , -0.7482 , -0.6505 ,
 -0.0812 ,  0.0810 , -0.4769 , -0.8824 ,  0.4786 ,  0.0054 ,
 -0.1615 ,  0.0005 , -0.1603 ,  1.5559 ,  0.3699 ,  0.3270 ,
 -0.1210 ,  0.0823 ,  0.1565 , -0.1234 ,  1.0407 ,  0.6516 ,
 -0.0410 , -0.0004 , -0.3177 ,  1.5598 ,  0.5578 ,  0.6541 ,
 -0.2011 ,  0.0013 ,  0.1566 ,  0.7717 ,  0.3084 , -0.0018 ,
 -0.0414 , -0.0820 , -0.3175 ,  0.9078 , -0.0488 ,  0.6541 ,
 -0.0812 , -0.0407 , -0.1594 ,  0.8418 , -0.7411 ,  0.3270 ,
 -0.2011 ,  0.0013 ,  0.1566 ,  0.7717 , -0.3139 , -0.0018 ,
 -0.0804 ,  0.0412 , -0.0009 , -0.0608 , -0.7560 , -0.9757 ,
 -0.0401 ,  0.0410 , -0.0005 ,  2.2635 , -0.6931 ,  0.6505 ,
 -0.0410 , -0.0004 , -0.3177 , -0.7647 ,  1.8024 ,  0.6541 ,
 -0.0807 ,  0.0408 , -0.1595 ,  0.7189 , -0.7567 ,  0.0018 ,
  0.0001 ,  0.0812 , -0.1588 , -0.1180 , -0.0164 ,  0.0018 ,
 -0.0809 , -0.1216 ,  0.1582 ,  0.1791 , -0.1024 , -0.0026 ,
 -0.0807 ,  0.0408 , -0.1595 ,  0.7189 ,  1.1101 , -0.9739 ,
 -0.0402 ,  0.0417 ,  0.1582 ,  0.7055 ,  1.1687 ,  0.3148 ,
 -0.0407 , -0.0813 , -0.0003 ,  1.6730 , -0.0473 ,  0.0000 ,
  0.0013 ,  0.0417 ,  0.4758 ,  0.6987 ,  0.6167 , -0.0053 ,
 -0.1212 ,  0.0003 , -0.1599 , -0.7690 , -0.1895 ,  0.0018 ,
 -0.0807 ,  0.1221 , -0.3183 ,  1.3757 ,  1.7161 ,  0.9793 ,
 -0.0801 ,  0.1631 , -0.1597 , -1.7900 , -0.1578 , -0.9739 ,
 -0.0802 ,  0.0007 ,  0.1578 ,  0.7706 , -0.7474 , -0.0018 ,
 -0.0001 ,  0.0405 , -0.1587 , -0.0566 , -1.2532 ,  0.3270 ,
 -0.0811 ,  0.0405 , -0.3182 , -1.6008 , -1.3798 ,  0.3288 ,
 -0.0402 ,  0.0814 , -0.1592 ,  0.6571 , -0.0793 ,  0.0018 ,
 -0.0402 ,  0.0814 , -0.1592 , -0.1177 , -0.7016 , -0.3234 ,
  0.0010 ,  0.2038 , -0.0004 , -0.3073 ,  1.8277 ,  0.0000 ,
 -0.0805 ,  0.0816 , -0.1596 ,  0.6575 ,  1.1023 ,  0.0018 ,
  0.0002 ,  0.0408 , -0.0001 , -1.6112 , -0.0078 ,  0.3252 ,
 -0.0806 ,  0.0823 ,  0.1572 , -1.6773 , -1.3818 ,  0.3061 ,
 -0.1601 ,  0.0017 ,  0.4743 ,  0.7615 ,  0.9951 ,  0.3199 ,
 -0.0397 ,  0.1225 , -0.0006 ,  0.5908 ,  1.1581 ,  0.6505 ,
 -0.0395 ,  0.1633 , -0.0007 ,  0.5293 ,  1.1503 , -0.3252 ,
  0.0808 ,  0.0404 ,  0.0007 , -0.0622 ,  0.1180 , -0.3253 ,
 -0.0399 ,  0.0005 ,  0.1582 ,  0.7703 ,  0.5601 ,  0.6487 ,
 -0.1612 ,  0.0820 ,  0.1556 , -0.9096 ,  0.3411 ,  0.6352 ,
 -0.0392 ,  0.0011 ,  0.4755 ,  0.7605 ,  1.1839 , -0.3306 ,
 -0.1615 ,  0.0005 , -0.1603 ,  0.0063 , -1.4970 ,  0.3270 ,
 -0.0804 ,  0.0817 ,  0.1562 , -1.6913 , -0.1423 ,  0.3420 ,
 -0.0003 ,  0.0809 , -0.3174 ,  0.6617 , -1.2618 , -0.3217 ,
 -0.1209 ,  0.0006 , -0.0012 , -1.5488 , -0.1888 ,  0.3253 ,
  0.0015 ,  0.0013 ,  0.6346 ,  2.3261 ,  0.6067 ,  0.9286 ,
 -0.0403 ,  0.0002 , -0.0004 ,  0.7751 ,  0.5593 , -0.3252 ,
  0.1217 ,  0.1625 ,  0.0009 ,  1.3027 ,  0.7798 ,  0.6504 ,
 -0.1204 , -0.0799 ,  0.3165 ,  0.8929 ,  0.4477 ,  0.3123 ,
  0.0399 , -0.0005 , -0.1582 ,  1.5542 ,  0.6844 ,  0.6522 ,
 -0.0397 ,  0.1225 , -0.0006 ,  1.3656 ,  1.1581 ,  0.0000 ,
  0.0808 ,  0.0403 ,  0.1592 ,  1.5137 ,  0.7161 ,  0.6367 ,
 -0.0813 , -0.0002 , -0.3181 ,  0.0105 , -0.1273 ,  0.6541 ,
 -0.0416 , -0.0415 , -0.4762 ,  3.9504 ,  1.1871 ,  0.6558 ,
 -0.0406 ,  0.0811 , -0.3178 ,  0.6620 ,  0.5422 , -0.3217 ,
 -0.0808 , -0.0812 ,  0.1577 ,  1.6994 , -0.1160 ,  0.0009 ,
 -0.2017 , -0.0398 , -0.0019 , -0.7117 , -1.5514 ,  0.6505 ,
 -0.0396 ,  0.0008 ,  0.3169 , -0.0094 ,  0.5608 ,  0.3217 ,
 -0.0415 ,  0.0397 , -0.6350 ,  3.0576 ,  1.7931 ,  1.3081 ,
 -0.0798 ,  0.1635 , -0.0011 , -1.0201 , -0.1571 ,  1.3010 ,
 -0.0003 , -0.0003 , -0.1586 ,  1.5546 ,  0.6215 ,  0.3270 ,
 -0.0391 ,  0.1636 ,  0.1580 ,  0.5299 , -0.0938 ,  0.3269 ,
 -0.0802 ,  0.0410 ,  0.1571 ,  1.5087 , -0.7485 ,  0.3351 ,
 -0.0815 , -0.0410 , -0.3180 , -0.7029 , -0.1195 ,  0.0036 ,
  0.0000 ,  0.0000 ,  0.0000 ,  0.0000 ,  1.2446 , -0.6505 ,
 -0.0797 , -0.0396 ,  0.4754 ,  0.8147 , -1.3637 ,  0.3133 ,
  0.0002 ,  0.0408 , -0.0001 ,  0.7133 ,  1.8590 ,  0.3252 ,
 -0.0410 , -0.0004 , -0.3177 ,  3.1093 ,  0.5578 ,  0.3288 ,
 -0.0807 ,  0.0408 , -0.1595 , -0.8308 , -0.1344 ,  0.0018 ,
  0.0006 ,  0.0411 ,  0.1586 , -0.0664 , -0.6294 ,  0.3234 ,
 -0.0809 ,  0.0001 , -0.1594 ,  0.0056 , -1.3712 , -0.3234 ,
 -0.0395 ,  0.0413 ,  0.1586 , -0.0673 , -1.3184 ,  0.6544 ,
 -0.0404 ,  0.0406 , -0.1591 , -2.3810 , -0.6938 ,  0.3270 ,
 -0.0396 , -0.0803 ,  0.4758 ,  0.8846 , -0.0476 , -0.3285 ,
 -0.0805 ,  0.0816 , -0.1596 , -0.1173 ,  0.4801 ,  0.0018 ,
 -0.1209 ,  0.0006 , -0.0012 ,  0.7758 ,  1.6780 , -0.3252 ,
 -0.0391 ,  0.1636 ,  0.1580 ,  0.5299 , -0.0938 ,  0.3269 ,
 -0.1195 ,  0.1238 ,  0.3160 ,  0.5827 ,  0.4061 ,  0.3103 ,
  0.0399 , -0.0005 , -0.1582 ,  0.0045 ,  0.0622 , -0.6487 ,
 -0.1207 ,  0.0413 , -0.0013 ,  2.2640 ,  1.0479 , -0.3252 ,
 -0.2018 ,  0.0007 , -0.1607 , -0.7683 ,  0.9292 ,  0.6523 ,
 -0.1195 ,  0.0831 ,  0.3158 ,  1.4263 , -0.8183 ,  0.3170 ,
  0.0002 ,  0.0408 , -0.0001 ,  1.4881 ,  1.8590 ,  0.6505 ,
 -0.1210 ,  0.0410 , -0.1599 , -0.0555 , -0.8196 , -0.6487 ,
 -0.0011 , -0.0821 , -0.3171 ,  1.6823 ,  1.2587 ,  0.0036 ,
 -0.0403 ,  0.0002 , -0.0004 ,  1.5500 , -0.6853 ,  0.3252 ,
 -0.0003 ,  0.0809 , -0.3174 , -1.6630 ,  1.8497 ,  0.6541 ,
 -0.0800 ,  0.1227 , -0.0010 ,  0.5911 ,  1.0952 ,  0.0000 ,
 -0.0809 ,  0.0813 , -0.3182 ,  0.6624 ,  1.1016 ,  0.3288 ,
 -0.0811 ,  0.0405 , -0.3182 , -0.8259 ,  0.4871 ,  0.3288 ,
 -0.1608 ,  0.0011 ,  0.1570 , -0.0035 , -0.2509 , -0.3270 ,
 -0.1198 ,  0.0423 ,  0.3159 ,  1.4958 , -0.1982 , -0.3395 ,
 -0.0389 ,  0.0828 ,  0.4752 , -0.1370 ,  0.5431 , -0.0037 ,
 -0.0805 ,  0.0816 , -0.1596 , -0.1173 , -0.7646 ,  0.6523 ,
 -0.0399 ,  0.0821 ,  0.1577 , -0.1267 ,  0.5423 ,  0.9685 ,
 -0.1612 ,  0.0411 ,  0.1571 , -0.8327 , -1.5079 , -0.3403 ,
 -0.0804 ,  0.0420 ,  0.1579 ,  0.7060 ,  1.1067 ,  0.3149 ,
 -0.0399 ,  0.0817 , -0.0006 , -0.1226 , -2.5679 , -0.3252 ,
 -0.2017 , -0.0398 , -0.0019 ,  0.0632 ,  0.3155 ,  0.9757 ,
 -0.1219 , -0.0003 , -0.4771 ,  0.0157 , -0.1910 , -0.3199 ,
 -0.1608 ,  0.0823 , -0.0018 ,  2.2028 ,  0.9772 ,  0.0000 ,
 -0.1217 ,  0.0404 , -0.4772 , -0.8206 ,  1.6680 ,  0.3306 ,
 -0.0392 ,  0.0011 ,  0.4755 , -0.7892 ,  0.5616 , -0.0053 ,
 -0.0797 ,  0.0422 ,  0.3168 ,  1.4882 ,  1.0966 ,  0.6476 ,
 -0.0806 , -0.0400 ,  0.1576 ,  0.8319 , -0.7397 , -0.0054 ,
  0.0002 ,  0.0408 , -0.0001 ,  1.4881 ,  0.6144 ,  0.0000 ,
 -0.0010 , -0.0009 , -0.4759 ,  2.3392 , -1.2469 ,  0.3306 ,
 -0.0411 ,  0.0400 , -0.4764 , -0.0464 ,  1.1715 ,  0.3306 ,
 -0.1201 ,  0.0823 ,  0.3160 ,  3.0322 ,  0.3902 ,  0.9413 ,
 -0.0808 , -0.0404 , -0.0007 ,  2.3866 , -0.7404 ,  0.0000 ,
 -0.2423 ,  0.0413 , -0.3198 , -0.0496 ,  0.2354 ,  0.0036 ,
  0.0015 ,  0.1637 ,  0.3170 ,  0.5192 ,  0.5925 , -0.0036 ,
 -0.0811 ,  0.0405 , -0.3182 ,  3.0483 ,  1.1094 , -0.3217 ,
 -0.2425 ,  0.0005 , -0.3197 ,  0.0119 , -0.3790 , -0.3217 ,
  0.0006 ,  0.0411 ,  0.1586 ,  1.4833 ,  0.6152 ,  0.3234 ,
 -0.0406 , -0.0001 , -0.1590 ,  1.5549 ,  0.5586 , -0.3234 ,
 -0.0006 , -0.0411 , -0.1586 , -0.7085 , -0.6153 ,  0.3270 ,
 -0.0806 , -0.0402 ,  0.1569 , -0.7082 ,  1.7524 ,  0.3305 ,
 -0.0802 ,  0.0819 , -0.0010 , -0.8971 ,  1.1030 ,  0.0000 ,
 -0.0806 ,  0.0004 , -0.0008 ,  2.3252 ,  1.1186 ,  0.3252 ,
  0.0399 , -0.0005 , -0.1582 , -0.7704 ,  1.3067 ,  0.0018 ,
 -0.1203 ,  0.1229 , -0.0014 ,  1.3663 , -0.2122 ,  0.3253 ,
 -0.0795 ,  0.0828 ,  0.3164 ,  0.6457 ,  0.4759 ,  0.6248 ,
 -0.1223 , -0.0007 , -0.6358 ,  0.0206 , -0.1917 ,  0.6576 ,
 -0.0805 ,  0.0816 , -0.1596 ,  0.6575 , -0.1422 , -0.6487 ,
 -0.0001 ,  0.0405 , -0.1587 ,  0.7182 ,  0.6137 ,  0.0018 ,
  0.0004 ,  0.0815 , -0.0002 , -0.1229 ,  0.6066 ,  0.3252 ,
 -0.0411 ,  0.0400 , -0.4764 ,  0.7284 , -0.0730 , -0.6451 ,
 -0.0799 , -0.0404 ,  0.1592 ,  2.4243 ,  1.1095 , -0.0195 ,
 -0.1597 ,  0.0831 ,  0.4746 , -0.1358 , -0.8857 , -0.0071 ,
 -0.1214 , -0.0405 , -0.1598 ,  0.8421 , -0.1817 ,  0.3270 ,
 -0.0005 ,  0.0401 , -0.3174 ,  1.4979 ,  1.2353 , -0.3217 ,
 -0.1214 ,  0.0407 , -0.3186 , -0.8255 , -1.4428 ,  0.3288 ,
 -0.0404 ,  0.0406 , -0.1591 , -0.8311 , -0.0715 ,  0.0018 ,
  0.0006 , -0.0806 ,  0.4761 ,  0.8830 ,  2.5070 ,  0.9703 ,
 -0.0797 ,  0.0417 ,  0.3165 , -0.0705 , -0.1322 ,  0.3351 ,
  0.0399 , -0.0005 , -0.1582 ,  2.3291 , -0.5602 , -0.3235 ,
 -0.0802 ,  0.0819 , -0.0010 ,  0.6526 , -0.7638 ,  0.3253 ,
 -0.0812 , -0.0407 , -0.1594 ,  0.8418 ,  1.1257 ,  0.6522 ,
 -0.0397 ,  0.0414 ,  0.1581 ,  0.7169 , -0.0722 ,  1.3192 ,
  0.0403 , -0.0002 ,  0.0004 ,  2.3241 , -1.8041 ,  0.3252 ,
 -0.0403 ,  0.0002 , -0.0004 , -1.5494 ,  0.5593 ,  0.0000 ,
 -0.0808 , -0.0404 , -0.0007 ,  0.8369 ,  1.1265 ,  0.3252 ,
 -0.0806 ,  0.0004 , -0.0008 ,  0.7755 , -0.1259 , -0.3252 ,
 -0.0802 ,  0.0007 ,  0.1578 ,  0.7706 ,  1.1194 , -0.3270 ,
 -0.1206 ,  0.1226 , -0.1601 , -1.7282 , -0.2129 ,  0.0018 ,
 -0.0396 ,  0.1231 ,  0.1578 , -1.7396 , -1.3211 ,  0.3060 ,
 -0.1205 ,  0.0009 ,  0.1574 ,  0.7710 , -0.8103 , -1.3027 ,
 -0.0404 ,  0.0408 ,  0.1567 , -0.8347 ,  1.7934 ,  0.3326 ,
 -0.1211 , -0.0402 , -0.0011 ,  0.0625 , -0.1810 ,  0.0000 ,
 -0.0399 ,  0.0005 ,  0.1582 , -0.7795 , -0.0622 , -0.0018 ,
 -0.0406 , -0.0001 , -0.1590 ,  0.7801 ,  0.5586 ,  0.3270 ,
 -0.0800 ,  0.1227 , -0.0010 , -0.9586 ,  0.4730 ,  0.0000 ,
 -0.0799 ,  0.0825 ,  0.1579 ,  0.6512 ,  0.4735 ,  0.3224 ,
  0.0395 ,  0.0396 , -0.4756 , -0.0471 ,  1.2973 , -0.3199 ,
  0.0401 ,  0.1627 ,  0.1575 , -0.2481 ,  1.2731 ,  0.3268 ,
 -0.1207 ,  0.0413 , -0.0013 , -0.0604 , -0.1966 ,  0.6505 ,
 -0.1205 ,  0.0821 , -0.0014 , -0.1219 , -0.2044 ,  0.0000 ,
 -0.0805 ,  0.0816 , -0.1596 ,  0.6575 , -0.7646 , -0.6487 ,
 -0.0397 , -0.1209 ,  0.4759 ,  1.7330 ,  0.5717 ,  0.6229 ,
 -0.0399 ,  0.0005 ,  0.1582 , -0.0045 ,  2.4269 , -0.0018 ,
  0.0405 ,  0.0406 ,  0.0003 ,  0.7130 ,  0.0551 ,  0.3252 ,
 -0.0805 ,  0.0816 , -0.1596 ,  1.4322 , -0.1422 ,  0.6523 ,
 -0.1220 , -0.0816 , -0.3183 , -0.6411 ,  2.3144 ,  0.9793 ,
 -0.0811 ,  0.0405 , -0.3182 ,  3.0483 ,  0.4871 ,  0.0036 ,
 -0.0400 ,  0.1222 , -0.1593 , -0.1791 , -1.3317 , -0.3234 ,
 -0.2004 , -0.0385 ,  0.4737 ,  2.3997 , -0.3104 ,  0.3265 ,
 -0.0410 , -0.0004 , -0.3177 , -0.7647 , -0.0644 ,  0.6541 ,
 -0.1226 , -0.0010 , -0.7944 ,  0.8003 ,  0.4298 ,  0.3342 ,
 -0.1615 ,  0.0005 , -0.1603 ,  0.7811 ,  0.3699 ,  0.3270 ,
 -0.1607 ,  0.0419 ,  0.1568 , -0.0643 ,  0.3622 , -0.6343 ,
  0.0015 ,  0.0422 ,  0.6344 , -0.0805 ,  0.6147 ,  0.5919 ,
 -0.0408 ,  0.0403 , -0.3178 , -0.8262 , -0.6945 ,  0.6541 ,
 -0.1211 , -0.0402 , -0.0011 ,  0.8373 ,  1.6859 ,  0.9757 ,
 -0.0402 ,  0.0814 , -0.1592 ,  0.6571 ,  0.5430 ,  0.9775 ,
 -0.2420 , -0.0396 , -0.0023 ,  2.3878 , -0.9921 ,  0.3253 ,
  0.0004 ,  0.0815 , -0.0002 ,  1.4267 ,  0.6066 ,  0.3252 ,
  0.0006 ,  0.0411 ,  0.1586 , -0.0664 ,  0.6152 ,  0.9739 ,
 -0.1207 ,  0.0413 , -0.0013 ,  0.7144 , -0.8189 ,  0.3253 ,
 -0.1621 , -0.0406 , -0.3188 ,  0.0726 ,  0.3769 ,  0.3288 ,
 -0.1611 , -0.0805 ,  0.3157 , -0.6570 , -0.2357 , -0.0015 ,
 -0.2010 , -0.0391 ,  0.3153 ,  0.0538 ,  0.3150 , -0.0024 ,
 -0.1208 ,  0.0818 , -0.1600 ,  2.2074 , -0.2051 ,  0.0018 ,
  0.0409 ,  0.0407 ,  0.1587 ,  0.7090 , -0.5634 ,  0.3216 ,
 -0.1211 , -0.0402 , -0.0011 ,  1.6120 ,  0.4413 ,  0.3253 ,
 -0.0804 ,  0.0412 , -0.0009 , -0.8357 ,  0.4886 , -0.3252 ,
 -0.2009 , -0.0388 ,  0.3151 ,  0.0555 ,  0.9415 ,  0.3140 ,
 -0.2020 , -0.0401 , -0.1606 ,  0.0681 ,  0.3147 ,  0.6523 ,
 -0.0799 ,  0.0414 ,  0.1580 , -0.0671 , -0.7556 , -0.0041 ,
 -0.0008 , -0.0818 , -0.1585 ,  0.9026 ,  0.0149 ,  0.0018 ,
 -0.1210 , -0.0396 ,  0.1556 , -1.5024 ,  1.0544 ,  0.0218 ,
 -0.1610 ,  0.0415 , -0.0017 ,  1.4896 ,  0.9851 ,  0.0000 ,
 -0.1610 ,  0.0415 , -0.0017 , -0.0601 ,  0.9851 ,  0.6505 ,
 -0.1610 ,  0.0415 , -0.0017 ,  0.7148 , -0.2595 , -0.3252 ,
 -0.1614 , -0.0401 ,  0.1559 , -0.7078 ,  1.0036 ,  0.0045 ,
 -0.0406 ,  0.0811 , -0.3178 , -0.8877 , -0.0800 ,  0.3288 ,
 -0.1209 ,  0.0006 , -0.0012 , -0.7738 ,  0.4335 ,  1.6262 ,
 -0.2011 ,  0.0013 ,  0.1566 , -2.3279 ,  0.9307 ,  0.6487 ,
 -0.1209 ,  0.0006 , -0.0012 ,  0.0010 , -0.1888 , -0.6505 ,
 -0.1615 ,  0.0817 , -0.3190 ,  2.2126 ,  0.9757 ,  0.6541 ,
 -0.0406 , -0.0001 , -0.1590 ,  0.0052 ,  0.5586 ,  0.6522 ,
 -0.0405 , -0.0406 , -0.0003 ,  0.8366 , -0.6775 ,  0.3252 ,
 -0.0809 ,  0.0001 , -0.1594 , -0.7693 , -0.7489 ,  0.3270 ,
 -0.1208 ,  0.0819 ,  0.1561 , -0.9086 ,  0.4053 ,  0.9567 ,
 -0.0401 ,  0.0410 , -0.0005 , -0.0611 , -0.0707 , -0.6505 ,
 -0.0003 ,  0.0809 , -0.3174 , -0.1131 ,  0.6051 ,  0.3288 ,
 -0.0399 ,  0.0005 ,  0.1582 ,  2.3198 , -0.0622 ,  0.6487 ,
 -0.1616 , -0.0808 , -0.0015 ,  0.8991 ,  1.0084 ,  0.3253 ,
 -0.0811 ,  0.0405 , -0.3182 , -0.0510 , -0.7575 ,  0.6541 ,
  0.0001 , -0.0405 ,  0.1587 ,  0.8313 , -0.6138 , -0.3270 ,
 -0.1202 , -0.0382 ,  0.3170 ,  1.6022 ,  2.9221 ,  0.9499 ,
  0.0815 ,  0.0814 ,  0.1589 , -0.9086 ,  0.1151 ,  0.3134 ,
 -0.1617 ,  0.0409 , -0.3190 , -0.0503 ,  0.3613 ,  0.0036 ,
 -0.0413 , -0.0007 , -0.4763 ,  1.5647 ,  1.8016 ,  0.3306 ,
 -0.0812 , -0.0407 , -0.1594 ,  0.8418 , -1.3635 ,  0.3270 ,
 -0.1616 , -0.0808 , -0.0015 ,  3.2234 , -0.8584 ,  0.0000 ,
  0.0007 ,  0.0006 ,  0.3173 , -0.7847 ,  0.0015 , -0.0036 ,
 -0.1610 ,  0.0415 , -0.0017 , -0.8349 , -0.2595 ,  0.3253 ,
 -0.0401 ,  0.0410 , -0.0005 ,  2.2635 , -0.0707 , -0.6505 ,
 -0.1216 , -0.0000 , -0.3185 ,  0.0108 , -0.1903 ,  0.3288 ,
 -0.0394 ,  0.1225 ,  0.3157 , -1.7571 , -0.0830 ,  0.0024 ,
 -0.0414 , -0.0820 , -0.3175 ,  1.6827 ,  1.8181 ,  0.3288 ,
  0.0011 ,  0.0821 ,  0.3171 ,  0.6421 , -0.0141 , -0.0036 ,
 -0.1203 ,  0.1229 , -0.0014 , -0.1833 ,  0.4101 ,  0.6505 ,
 -0.0815 , -0.0410 , -0.3180 ,  0.0719 ,  0.5027 ,  0.3288 ,
  0.0001 , -0.0405 ,  0.1587 ,  2.3810 ,  0.0086 , -0.0018 ,
 -0.0401 ,  0.0410 , -0.0005 ,  1.4885 ,  1.7961 ,  0.3252 ,
 -0.1209 ,  0.0006 , -0.0012 ,  1.5506 , -0.8111 ,  1.3010 ,
 -0.2022 ,  0.0415 ,  0.1541 , -1.6303 ,  0.2822 ,  0.3221 ,
 -0.0399 ,  0.0812 ,  0.1586 ,  2.2406 ,  1.1409 , -0.3420 ,
 -0.1621 , -0.0406 , -0.3188 ,  1.6222 ,  1.6215 ,  0.0036 ,
 -0.0410 , -0.0004 , -0.3177 ,  0.0101 ,  1.1801 ,  0.3288 ,
  0.0410 ,  0.0004 ,  0.3177 , -0.0101 ,  0.6867 , -0.0036 ,
  0.0008 ,  0.0818 ,  0.1585 , -0.9027 , -0.0149 , -0.3270 ,
  0.0002 ,  0.0408 , -0.0001 , -0.8363 , -0.6302 , -0.3252 ,
 -0.0403 ,  0.0002 , -0.0004 ,  0.7751 ,  0.5593 ,  0.6505 ,
 -0.1601 ,  0.0425 ,  0.3158 ,  0.7072 ,  0.3599 , -0.0003 ,
 -0.0396 ,  0.0008 ,  0.3169 , -0.0094 ,  0.5608 , -0.6541 ,
 -0.0804 ,  0.0410 ,  0.1572 , -0.8464 , -0.1329 ,  0.0022 ,
 -0.0799 ,  0.0010 ,  0.3165 ,  2.3153 , -0.1243 , -1.3045 ,
 -0.1611 ,  0.0820 , -0.1604 ,  0.6582 , -0.8904 ,  0.3270 ,
 -0.1220 , -0.0816 , -0.3183 , -1.4160 , -1.4193 , -0.3217 ,
  0.0002 ,  0.0408 , -0.0001 ,  1.4881 , -0.0078 ,  0.3252 ,
 -0.0401 ,  0.0410 , -0.0005 , -0.8360 ,  1.1737 , -0.3252 ,
 -0.0418 , -0.1635 , -0.3174 ,  0.2559 , -1.9002 ,  0.6541 ,
 -0.2020 , -0.0401 , -0.1606 ,  0.0681 , -0.9298 ,  0.3270 ,
 -0.0401 ,  0.0410 , -0.0005 , -1.6109 , -1.3154 ,  0.0000 ,
 -0.1608 ,  0.0833 ,  0.1570 ,  0.6429 ,  0.9727 ,  0.6393 ,
 -0.1610 ,  0.0415 , -0.0017 , -0.8349 ,  0.3628 ,  0.3253 ,
 -0.1202 , -0.0389 ,  0.3165 ,  0.8278 ,  1.0644 ,  0.0027 ,
 -0.1619 ,  0.0002 , -0.3189 ,  1.5609 , -0.2532 , -0.9722 ,
 -0.0406 , -0.0001 , -0.1590 ,  1.5549 ,  2.4253 ,  0.0018 ,
 -0.0806 ,  0.0004 , -0.0008 , -0.7742 ,  0.4964 ,  0.6505 ,
  0.0392 , -0.0823 , -0.3167 ,  0.9071 ,  0.0770 ,  0.6540 ,
 -0.0401 , -0.0402 ,  0.1582 ,  0.8420 , -0.0569 ,  0.9903 ,
 -0.0799 ,  0.2039 , -0.1598 ,  0.4731 ,  0.4566 ,  0.6523 ,
 -0.1203 ,  0.1229 , -0.0014 ,  1.3663 ,  0.4101 ,  0.3253 ,
 -0.1621 , -0.0406 , -0.3188 , -0.7022 ,  0.9992 ,  0.6541 ,
  0.0405 ,  0.0406 ,  0.0003 , -1.6116 , -0.5672 , -0.3253 ,
  0.0402 ,  0.1215 , -0.3171 , -0.1749 , -0.5843 , -0.3217 ,
 -0.1213 , -0.0810 , -0.0011 ,  0.8987 ,  1.0713 ,  0.3253 ,
 -0.0406 ,  0.0811 , -0.3178 , -0.8877 , -0.7024 ,  0.9793 ,
 -0.0813 , -0.0002 , -0.3181 ,  0.0105 ,  0.4950 , -0.3217 ,
 -0.0001 ,  0.0405 , -0.1587 , -0.0566 , -0.0086 ,  0.9775 ,
  0.0405 ,  0.0406 ,  0.0003 , -1.6116 ,  1.9219 ,  0.6504 ,
 -0.1212 ,  0.0003 , -0.1599 ,  0.0059 ,  0.4328 ,  0.0018 ,
 -0.1207 ,  0.0413 , -0.0013 , -0.0604 ,  0.4257 ,  0.0000 ,
 -0.2010 ,  0.0827 ,  0.1573 ,  1.4567 ,  0.2776 , -0.3156 ,
  0.0803 ,  0.0805 , -0.3166 , -1.6636 ,  0.7310 ,  0.3288 ,
 -0.0814 ,  0.0402 , -0.4768 ,  0.7287 ,  1.1086 ,  0.3306 ,
 -0.1207 ,  0.0413 , -0.0013 , -1.6102 , -0.8189 ,  0.3253 ,
  0.0403 ,  0.0410 ,  0.1584 , -0.0643 ,  1.3019 ,  0.3229 ,
 -0.1206 ,  0.1226 , -0.1601 ,  0.5964 , -1.4575 ,  0.3270 ,
 -0.0404 ,  0.0406 , -0.1591 ,  2.2682 , -0.0715 ,  0.3270 ,
 -0.0803 ,  0.1224 , -0.1597 , -0.1788 ,  1.7168 ,  0.6523 ,
  0.0403 , -0.0002 ,  0.0004 ,  1.5492 ,  1.9298 , -0.6505 ,
 -0.1209 ,  0.0006 , -0.0012 , -0.7738 , -0.1888 ,  0.3253 ,
 -0.1212 ,  0.0003 , -0.1599 , -0.7690 ,  0.4328 , -0.3234 ,
 -0.0410 , -0.0004 , -0.3177 ,  0.0101 ,  0.5578 ,  0.3288 ,
 -0.0402 ,  0.0814 , -0.1592 , -0.1177 ,  1.1652 ,  0.3270 ,
 -0.0395 ,  0.1231 ,  0.3171 ,  2.1730 ,  1.1225 ,  0.3309 ,
 -0.0005 ,  0.0401 , -0.3174 , -1.6015 ,  0.6129 ,  0.6541 ,
 -0.1604 ,  0.0423 ,  0.1571 ,  0.7169 , -0.2571 , -0.0051 ,
 -0.2820 , -0.0797 ,  0.1561 , -0.6541 ,  1.4407 ,  0.3157 ,
 -0.0803 ,  0.1224 , -0.1597 ,  0.5960 ,  1.0945 ,  0.3270 ,
 -0.0006 , -0.0411 , -0.1586 ,  0.0663 ,  0.0071 , -0.3234 ,
 -0.0412 , -0.0412 , -0.3176 ,  0.0716 ,  0.5656 ,  0.0036 ,
 -0.0401 ,  0.0410 , -0.0005 ,  1.4885 ,  0.5515 , -0.3252 ,
 -0.1213 , -0.0406 ,  0.1569 ,  1.6317 , -0.7994 ,  0.0103 ,
 -0.1611 ,  0.0820 , -0.1604 ,  1.4330 , -0.2681 ,  0.3270 ,
  0.0403 ,  0.0410 ,  0.1584 , -0.0643 ,  1.3019 ,  0.3229 ,
 -0.2018 ,  0.0007 , -0.1607 ,  0.7814 , -0.9376 ,  0.3270 ,
 -0.0794 ,  0.1242 ,  0.4745 ,  0.5746 ,  1.7161 , -0.3171 ,
  0.0403 , -0.0002 ,  0.0004 , -0.0003 , -0.5594 ,  0.6504 ,
 -0.0412 , -0.0412 , -0.3176 , -0.7033 , -0.6789 ,  0.0036 ,
 -0.1615 ,  0.0817 , -0.3190 , -1.6615 , -0.2688 ,  0.6541 ,
 -0.0403 ,  0.0002 , -0.0004 ,  0.0003 , -0.0629 , -1.3010 ,
  0.0003 ,  0.0003 ,  0.1586 ,  0.7699 , -0.6216 ,  0.3234 ,
 -0.1608 ,  0.0823 , -0.0018 , -0.8964 ,  0.3550 ,  0.0000 ,
 -0.2010 , -0.0393 ,  0.3155 ,  0.0527 , -0.3057 , -0.7147 ,
 -0.1612 ,  0.0008 , -0.0016 ,  0.0014 , -0.8740 ,  0.9757 ,
 -0.0399 ,  0.0005 ,  0.1582 ,  1.5451 ,  0.5601 ,  0.3234 ,
 -0.1614 , -0.0400 , -0.0015 ,  0.8376 ,  1.0006 ,  0.3253 ,
 -0.0801 ,  0.0409 ,  0.1586 ,  1.5133 ,  1.7057 , -0.0191 ,
 -0.0813 , -0.0002 , -0.3181 ,  0.0105 , -0.7497 ,  0.0036 ,
 -0.2018 ,  0.0007 , -0.1607 , -1.5432 , -0.3153 ,  0.3270 ,
 -0.0399 ,  0.0817 , -0.0006 , -0.8975 , -0.0785 ,  0.3252 ,
 -0.1207 ,  0.0819 ,  0.1573 , -0.9011 , -0.8260 , -0.3299 ,
 -0.0798 ,  0.0422 ,  0.3164 ,  0.7026 ,  1.1080 ,  0.0018 ,
 -0.0797 ,  0.1230 ,  0.3154 , -0.9654 ,  0.4697 ,  0.6278 ,
  0.0009 ,  0.0414 ,  0.3172 ,  0.7036 ,  1.2382 , -0.0036 ,
 -0.0811 ,  0.0405 , -0.3182 ,  0.7238 ,  1.7317 ,  0.3288 ,
 -0.0814 , -0.0816 ,  0.1581 , -0.6492 , -0.7396 , -0.6594 ,
 -0.0784 ,  0.1240 ,  0.6336 ,  1.3472 , -0.7696 ,  0.3230 ,
 -0.1201 ,  0.1636 , -0.0015 ,  0.5300 , -0.2200 ,  0.3253 ,
 -0.0411 ,  0.0400 , -0.4764 ,  0.7284 ,  1.1715 , -0.3199 ,
 -0.0001 ,  0.0405 , -0.1587 ,  1.4931 , -0.0086 ,  0.3270 ,
 -0.0809 ,  0.0001 , -0.1594 ,  0.0056 ,  1.1179 , -0.6487 ,
 -0.1216 , -0.0000 , -0.3185 ,  0.7856 , -0.8125 ,  0.6541 ,
 -0.0406 ,  0.0811 , -0.3178 ,  0.6620 ,  1.7869 ,  0.3288 ,
  0.0397 ,  0.0804 , -0.4757 , -0.8835 ,  0.0450 ,  0.9811 ,
  0.0390 , -0.0419 , -0.4754 ,  2.4003 ,  1.3130 ,  0.6558 ,
 -0.0008 , -0.0818 , -0.1585 ,  0.9026 ,  1.2594 ,  0.6522 ,
 -0.0006 , -0.0411 , -0.1586 ,  1.6160 , -0.6153 , -0.3234 ,
  0.0793 , -0.0421 , -0.4750 ,  1.6251 ,  0.7536 ,  1.3063 ,
 -0.0001 ,  0.0405 , -0.1587 , -0.0566 ,  1.2359 , -0.3234 ,
 -0.0812 ,  0.0810 , -0.4769 ,  1.4420 ,  0.4786 ,  0.0054 ,
 -0.0815 , -0.0410 , -0.3180 , -2.2528 , -0.7418 ,  0.3288 ,
 -0.1208 ,  0.0818 , -0.1600 , -0.1170 , -0.2051 ,  0.3270 ,
  0.0402 , -0.0409 ,  0.1584 ,  2.4294 ,  0.0599 , -0.6360 ,
  0.0008 ,  0.0818 ,  0.1585 , -0.1278 , -0.0149 , -0.0018 ,
  0.0006 ,  0.0411 ,  0.1586 , -0.0664 ,  0.6152 , -0.0018 ,
 -0.0804 ,  0.0420 ,  0.1579 ,  0.7060 ,  1.1067 ,  0.6371 ,
 -0.0404 ,  0.0406 , -0.1591 , -0.0562 ,  1.1730 ,  0.0018 ,
 -0.0801 ,  0.0408 ,  0.1587 ,  3.0901 ,  1.0900 ,  0.6256 ,
 -0.1200 ,  0.0425 ,  0.3161 ,  0.7037 ,  1.0455 ,  0.3202 ,
 -0.2016 ,  0.0414 , -0.1607 ,  0.7200 , -0.3232 ,  0.0018 ,
 -0.0390 ,  0.0824 ,  0.3169 ,  0.6409 , -0.6970 , -0.0088 ,
 -0.1600 ,  0.0836 ,  0.4735 , -0.1331 ,  1.6010 , -0.0029 ,
 -0.0806 ,  0.0004 , -0.0008 ,  1.5503 , -0.7482 ,  0.3252 ,
 -0.1608 ,  0.0011 ,  0.1570 , -0.0035 , -0.8732 , -0.3270 ,
 -0.0403 ,  0.0002 , -0.0004 , -0.7745 ,  0.5593 ,  0.3252 ,
  0.0001 , -0.0405 ,  0.1587 ,  1.6062 ,  2.4975 ,  0.3234 ,
 -0.2017 , -0.0398 , -0.0019 ,  0.0632 ,  0.9378 ,  0.3253 ,
 -0.0389 ,  0.0419 ,  0.4757 ,  0.6965 , -0.6930 , -0.0102 ,
  0.0397 , -0.0413 , -0.1582 ,  0.8408 , -0.5524 , -0.3235 ,
 -0.0807 ,  0.0408 , -0.1595 ,  2.2686 ,  0.4879 , -0.3234 ,
 -0.0817 , -0.0818 , -0.3179 , -1.4164 ,  1.1329 ,  0.3288 ,
 -0.0804 ,  0.0412 , -0.0009 ,  1.4888 , -0.7560 ,  0.0000 ,
  0.1204 ,  0.0396 , -0.3161 ,  1.4968 ,  0.1794 ,  0.6540 ,
 -0.0806 ,  0.0004 , -0.0008 ,  0.7755 ,  0.4964 ,  0.6505 ,
 -0.0392 ,  0.1632 ,  0.3156 , -1.8190 , -0.0907 ,  0.3321 ,
 -0.1205 ,  0.0009 ,  0.1574 ,  0.7709 , -0.8103 ,  0.3235 ,
 -0.0397 ,  0.0414 ,  0.3151 , -1.6219 ,  1.1685 , -0.3283 ,
 -0.0804 ,  0.0412 , -0.0009 , -0.0608 ,  1.7331 ,  0.0000 ,
 -0.2416 ,  0.0419 , -0.0025 , -0.0594 ,  2.7259 ,  0.6505 ,
 -0.0401 ,  0.0410 , -0.0005 , -0.0611 , -0.6931 ,  0.3252 ,
 -0.0412 , -0.0412 , -0.3176 ,  0.8464 , -0.6789 ,  0.6541 ,
 -0.0804 , -0.0399 ,  0.1578 ,  0.0583 ,  0.5068 ,  0.9470 ,
 -0.0806 ,  0.0004 , -0.0008 , -1.5490 ,  0.4964 , -0.6505 ,
 -0.1616 , -0.0808 , -0.0015 ,  1.6739 , -0.2361 ,  0.0000 ,
 -0.1615 ,  0.0005 , -0.1603 ,  0.0063 , -0.2524 ,  0.0018 ,
 -0.1202 ,  0.0420 ,  0.1574 ,  0.7170 , -0.1958 , -0.3433 ,
 -0.0809 ,  0.0001 , -0.1594 ,  0.0056 , -2.6160 ,  0.6523 ,
  0.0409 ,  0.1221 ,  0.0002 , -1.7345 ,  0.6618 ,  0.3252 ,
 -0.1216 , -0.0000 , -0.3185 ,  0.7856 ,  0.4320 ,  0.0036 ,
 -0.1205 ,  0.0821 , -0.0014 , -0.8967 ,  1.0400 ,  0.0000 ,
  0.0802 , -0.0007 , -0.1578 ,  0.7790 , -0.4972 ,  0.3270 ,
 -0.0812 , -0.0407 , -0.1594 , -0.7078 ,  0.5035 , -0.3234 ,
  0.0015 ,  0.0422 ,  0.6344 , -0.0805 ,  0.6147 ,  0.5919 ,
 -0.0404 ,  0.0406 , -0.1591 ,  0.7186 , -0.0715 ,  0.0018 ,
 -0.0809 ,  0.0001 , -0.1594 ,  0.0056 ,  1.7402 ,  0.0018 ,
  0.0000 ,  0.0000 ,  0.0000 ,  1.5497 ,  0.0000 ,  0.3252 ,
 -0.1200 , -0.0796 ,  0.4751 ,  0.8860 ,  0.4465 ,  0.6159 ,
 -0.1610 ,  0.0413 ,  0.1565 ,  1.5056 , -1.4864 , -0.3072 ,
 -0.0812 , -0.0407 , -0.1594 ,  0.8418 , -0.1188 , -0.3234 ,
  0.0806 , -0.0004 ,  0.0008 ,  0.7741 ,  0.1258 , -0.6505 ,
 -0.0802 ,  0.0819 , -0.0010 , -0.8971 , -0.1415 ,  0.9757 ,
 -0.0413 , -0.1224 , -0.1588 ,  0.1896 , -0.0402 ,  0.3270 ,
 -0.0812 ,  0.0810 , -0.4769 , -1.6574 ,  0.4786 ,  0.0054 ,
 -0.0401 ,  0.0410 , -0.0005 ,  2.2635 ,  1.1737 ,  0.3252 ,
  0.0814 ,  0.1627 ,  0.0005 ,  0.5283 ,  0.7169 , -0.0000 ,
 -0.1227 , -0.0822 , -0.6356 , -2.1812 ,  1.0684 ,  0.0071 ,
  0.0801 ,  0.0398 , -0.3165 , -0.0524 ,  0.1165 ,  0.6540 ,
 -0.1623 , -0.0814 , -0.3187 , -1.4157 , -1.4822 ,  0.3288 ,
 -0.1201 ,  0.0824 ,  0.1573 , -0.1259 , -0.2023 , -0.3490 ,
 -0.1214 , -0.0405 , -0.1598 ,  0.0674 ,  0.4406 ,  0.9775 ,
  0.0403 , -0.0002 ,  0.0004 ,  0.7745 , -0.5594 , -0.0000 ,
 -0.2011 ,  0.0013 ,  0.1566 ,  1.5464 ,  0.3084 ,  0.6487 ,
 -0.0404 ,  0.0406 , -0.1591 , -0.0562 , -0.0715 ,  0.6522 ,
 -0.0401 ,  0.0410 , -0.0005 , -0.8360 ,  0.5515 ,  0.3252 ,
 -0.0801 , -0.0799 ,  0.1588 ,  0.8982 ,  1.1300 ,  0.3125 ,
  0.0007 ,  0.0006 ,  0.3173 , -0.7847 , -0.6208 ,  0.3217 ,
 -0.0002 , -0.0408 ,  0.0001 ,  1.6110 ,  1.2524 ,  0.3252 ,
  0.0400 ,  0.0807 , -0.3170 ,  1.4361 , -0.5765 ,  0.3288 ,
 -0.0401 ,  0.0410 , -0.0005 , -0.0611 ,  0.5515 ,  0.3252 ,
 -0.0001 , -0.0812 ,  0.1588 ,  1.6677 ,  0.6386 ,  0.3234 ,
 -0.1224 , -0.0819 , -0.4770 ,  0.1386 , -0.1754 ,  0.0054 ,
 -0.0800 ,  0.1227 , -0.0010 ,  0.5911 , -0.1493 , -0.3252 ,
 -0.0401 ,  0.0410 , -0.0005 , -0.8360 , -0.0707 , -0.3252 ,
 -0.2023 , -0.0809 , -0.1605 ,  1.6791 ,  0.9448 ,  0.3270 ,
  0.1203 , -0.0417 , -0.1573 , -1.4845 , -1.0489 ,  0.3270 ,
 -0.0807 ,  0.0408 , -0.1595 ,  0.7189 ,  0.4879 ,  0.3270 ,
 -0.0414 , -0.0820 , -0.3175 , -0.6419 , -0.0488 , -0.3217 ,
 -0.1203 ,  0.1229 , -0.0014 , -0.1833 , -0.8346 ,  0.0000 ,
 -0.0392 ,  0.0823 ,  0.3167 , -0.1323 , -0.0771 , -0.3372 ,
  0.0402 ,  0.1215 , -0.3171 , -0.1749 ,  0.0380 , -0.3217 ,
 -0.1212 ,  0.0003 , -0.1599 ,  1.5555 , -0.8118 ,  0.3270 ,
 -0.0409 ,  0.0808 , -0.4765 , -0.8828 ,  0.5415 ,  0.0053 ,
 -0.0406 , -0.0001 , -0.1590 , -0.7697 ,  1.8031 ,  0.3270 ,
 -0.1208 ,  0.0818 , -0.1600 , -0.8918 , -0.8275 ,  1.3027 ,
 -0.0006 , -0.0411 , -0.1586 ,  0.8411 ,  0.6293 , -0.3234 ,
 -0.0395 ,  0.0413 ,  0.3166 , -0.8443 , -0.0669 , -0.0009 ,
 -0.0410 , -0.0004 , -0.3177 ,  0.0101 , -0.0644 ,  0.0036 ,
 -0.0407 , -0.0813 , -0.0003 ,  1.6730 ,  0.5749 ,  0.3252 ,
 -0.0002 , -0.0408 ,  0.0001 ,  1.6110 ,  0.0078 ,  0.3252 ,
 -0.0396 ,  0.0008 ,  0.3169 ,  1.5402 , -0.6837 , -0.3288 ,
 -0.1610 ,  0.0831 ,  0.1568 ,  0.6424 ,  1.5960 , -0.0064 ,
 -0.1216 , -0.0000 , -0.3185 ,  0.0108 ,  1.0542 ,  0.3288 ,
 -0.1212 ,  0.0815 , -0.3186 , -0.1121 , -0.8282 ,  0.3288 ,
 -0.1616 , -0.0808 , -0.0015 ,  2.4488 ,  1.0084 ,  0.3253 ,
 -0.0799 ,  0.0414 ,  0.1580 , -0.0671 , -0.7556 , -0.6679 ,
  0.0798 ,  0.0395 , -0.4752 ,  0.7273 ,  0.1158 ,  0.6558 ,
 -0.1213 , -0.0810 , -0.0011 ,  0.1240 , -0.1731 ,  0.3253 ,
 -0.1208 , -0.1211 ,  0.1577 ,  0.1813 ,  0.4621 ,  0.6317 ,
 -0.1209 ,  0.0006 , -0.0012 ,  0.7758 ,  0.4335 ,  0.6505 ,
 -0.0815 , -0.0410 , -0.3180 ,  0.0719 , -1.3642 ,  0.6541 ,
 -0.0803 ,  0.1224 , -0.1597 ,  2.9204 , -0.1500 ,  0.0018 ,
 -0.0814 , -0.1219 ,  0.1576 ,  0.9608 , -0.7297 , -0.6606 ,
 -0.1214 ,  0.0407 , -0.3186 ,  2.2737 , -0.1981 , -0.3217 ,
 -0.1208 ,  0.0818 , -0.1600 , -0.1170 ,  0.4172 ,  0.6523 ,
 -0.0811 ,  0.0405 , -0.3182 ,  0.7238 ,  1.7317 ,  0.0036 ,
 -0.0806 ,  0.0004 , -0.0008 ,  1.5503 , -0.7482 , -0.3252 ,
 -0.1611 , -0.0802 ,  0.1573 ,  0.1198 ,  0.3889 ,  0.3138 ,
 -0.0003 , -0.0003 , -0.1586 ,  0.0049 ,  0.6215 ,  0.0018 ,
 -0.1206 , -0.0399 ,  0.3166 ,  0.0503 , -1.4315 , -0.3388 ,
  0.0802 ,  0.1210 , -0.4753 , -2.4951 , -1.1445 ,  0.9811 ,
  0.0001 , -0.0405 ,  0.1587 , -0.7183 , -0.6138 , -0.0018 ,
 -0.1620 ,  0.0406 , -0.4776 ,  0.7294 , -1.5064 ,  0.0054 ,
 -0.0402 ,  0.1626 , -0.3180 , -0.2357 ,  0.5266 ,  0.9793 ,
 -0.0399 ,  0.0005 ,  0.1582 , -0.7795 , -0.6845 , -0.3270 ,
  0.0013 ,  0.1229 ,  0.3170 ,  0.5807 , -0.0219 , -0.3288 ,
 -0.0804 ,  0.0818 ,  0.1566 , -0.9076 ,  0.4705 , -0.9662 ,
 -0.0013 , -0.0417 , -0.4758 ,  0.8510 ,  0.6278 ,  1.3063 ,
 -0.0403 , -0.0404 ,  0.1585 ,  0.0563 , -0.6811 ,  0.6536 ,
 -0.0399 ,  0.0817 , -0.0006 ,  0.6522 ,  1.7882 , -0.6505 ,
 -0.0796 ,  0.0415 ,  0.3156 ,  2.2978 , -0.7465 ,  0.6523 ,
 -0.2022 ,  0.0003 , -0.3193 ,  0.0115 ,  0.9284 , -0.3217 ,
  0.0003 ,  0.1220 , -0.1589 , -0.1795 , -0.0242 ,  0.0018 ,
 -0.0003 , -0.0003 , -0.1586 ,  0.7797 ,  1.8661 ,  0.3270 ,
 -0.1201 ,  0.0822 ,  0.1568 ,  1.4468 , -0.8153 ,  0.0080 ,
  0.0403 , -0.0002 ,  0.0004 , -0.0003 , -1.1817 , -0.0000 ,
 -0.0399 , -0.1210 ,  0.3170 ,  0.1774 ,  1.2142 , -0.3178 ,
 -0.1208 ,  0.0818 , -0.1600 ,  0.6578 ,  0.4172 ,  0.6523 ,
 -0.0795 ,  0.1228 ,  0.1579 , -0.9622 , -1.3878 ,  0.6414 ,
  0.0006 ,  0.1223 , -0.0002 ,  2.1400 , -0.0234 ,  0.6505 ,
  0.0001 , -0.0405 ,  0.1587 ,  0.0566 ,  1.2530 ,  0.6487 ,
 -0.0804 ,  0.0412 , -0.0009 ,  0.7141 ,  0.4886 ,  0.3252 ,
 -0.0006 , -0.0411 , -0.1586 , -0.7085 , -0.6153 ,  0.3270 ,
 -0.0801 ,  0.0822 ,  0.1574 , -0.1256 ,  0.4800 ,  0.9666 ,
 -0.0814 , -0.0815 , -0.1593 , -0.6464 , -0.7333 ,  0.3270 ,
 -0.0405 , -0.0406 , -0.0003 , -0.7131 ,  1.1894 ,  0.0000 ,
 -0.0394 ,  0.0414 ,  0.3173 , -0.0721 , -1.3165 ,  1.3226 ,
  0.0397 , -0.0413 , -0.1582 ,  0.0660 ,  0.0700 ,  0.6522 ,
 -0.0801 ,  0.0408 ,  0.1587 ,  2.3018 ,  1.0900 ,  0.3031 ,
 -0.0804 ,  0.0412 , -0.0009 , -0.8357 , -0.1337 ,  0.3252 ,
 -0.0808 , -0.0404 , -0.0007 ,  0.0621 ,  0.5042 , -0.6505 ,
 -0.0400 , -0.0807 ,  0.3171 ,  0.1135 , -0.0458 , -0.0038 ,
 -0.0392 ,  0.1637 ,  0.3156 , -1.0281 ,  0.5243 , -0.0045 ,
 -0.1607 ,  0.0821 ,  0.3140 , -1.6925 ,  0.3452 , -0.0029 ,
 -0.0004 , -0.0815 ,  0.0002 ,  0.8977 ,  1.2602 ,  0.3252 ,
 -0.0803 ,  0.1224 , -0.1597 , -0.9537 ,  0.4723 , -0.3234 ,
 -0.1205 ,  0.0009 ,  0.1574 ,  2.3206 ,  1.6788 ,  0.3235 ,
 -0.0806 , -0.0400 ,  0.1576 ,  0.8319 , -0.7397 ,  0.3223 ,
 -0.1216 , -0.0000 , -0.3185 ,  0.0108 , -0.1903 ,  0.0036 ,
 -0.1213 , -0.0810 , -0.0011 , -0.6509 , -0.7955 ,  0.3253 ,
 -0.0400 ,  0.1222 , -0.1593 ,  0.5957 , -0.0871 ,  0.0018 ,
 -0.0802 ,  0.0819 , -0.0010 ,  0.6526 , -0.7638 , -0.3252 ,
 -0.0408 ,  0.0403 , -0.3178 , -0.0513 , -0.0722 ,  0.3288 ,
 -0.1217 , -0.0813 , -0.1597 ,  1.6784 ,  0.4484 ,  0.0018 ,
  0.0402 ,  0.1215 , -0.3171 , -0.1749 ,  1.9048 ,  0.6541 ,
 -0.1202 ,  0.0012 ,  0.3161 ,  1.5409 ,  1.0573 , -0.6541 ,
 -0.1205 ,  0.0009 ,  0.1574 ,  0.7710 , -0.1880 , -0.6522 ,
 -0.1203 ,  0.1229 , -0.0014 ,  1.3663 ,  0.4101 , -0.3252 ,
 -0.0400 , -0.0400 ,  0.1586 ,  0.8395 ,  0.5607 ,  0.3247 ,
 -0.0407 , -0.0813 , -0.0003 ,  0.8981 , -0.0473 ,  0.3252 ,
 -0.0808 , -0.0404 , -0.0007 ,  2.3866 , -0.7404 ,  0.3252 ,
 -0.0001 ,  0.0405 , -0.1587 ,  0.7182 ,  0.6137 ,  0.3270 ,
  0.0405 ,  0.0406 ,  0.0003 ,  0.7130 ,  0.6774 ,  0.3252 ,
  0.0405 ,  0.0406 ,  0.0003 ,  1.4878 , -0.5672 , -0.0000 ,
 -0.1213 ,  0.1219 , -0.4774 , -1.7185 , -0.8368 , -0.6451 ,
 -0.1613 ,  0.0412 , -0.1603 , -0.0552 , -2.7497 ,  0.0018 ,
 -0.1206 ,  0.1226 , -0.1601 ,  2.1460 , -1.4575 , -0.3234 ,
  0.0013 ,  0.0417 ,  0.4758 , -0.0761 ,  0.6167 ,  0.3199 ,
 -0.0402 ,  0.0814 , -0.1592 ,  1.4320 ,  0.5430 , -0.6487 ,
  0.0407 ,  0.0813 ,  0.0003 ,  1.4263 ,  0.6696 ,  0.9757 ,
 -0.0396 ,  0.0008 ,  0.3169 ,  1.5402 ,  1.1831 , -0.0036 ,
 -0.1207 ,  0.0413 , -0.0013 , -0.0604 , -0.8189 ,  0.6505 ,
 -0.1621 , -0.0406 , -0.3188 ,  0.0726 ,  0.3769 , -0.3217 ,
 -0.0007 , -0.0006 , -0.3173 , -0.7651 , -0.6238 ,  0.6541 ,
 -0.0403 ,  0.0002 , -0.0004 ,  0.7751 , -0.6853 ,  0.0000 ,
  0.0001 , -0.0405 ,  0.1587 , -1.4932 , -1.2361 , -0.3270 ,
 -0.0008 , -0.0818 , -0.1585 , -0.6471 ,  1.8816 ,  0.0018 ,
 -0.0397 ,  0.1225 , -0.0006 ,  1.3656 , -0.7087 , -0.9757 ,
 -0.0406 , -0.0001 , -0.1590 ,  0.0052 ,  0.5586 ,  0.0018 ,
 -0.0801 ,  0.1631 , -0.1597 ,  0.5346 , -0.1578 ,  0.0018 ,
 -0.0800 , -0.0397 ,  0.3166 ,  0.8262 , -0.7384 ,  0.6495 ,
  0.0003 ,  0.1220 , -0.1589 ,  0.5953 ,  0.5981 ,  0.6522 ,
 -0.0003 , -0.0003 , -0.1586 , -0.7700 ,  0.6215 ,  0.3270 ,
 -0.0399 ,  0.0005 ,  0.1582 ,  2.3198 ,  1.8046 ,  0.6487 ,
 -0.0397 ,  0.0413 ,  0.1582 , -0.0660 , -0.0700 , -0.0018 ,
 -0.0793 ,  0.0424 ,  0.4751 ,  0.7005 ,  0.4849 , -0.0018 ,
 -0.0415 ,  0.0397 , -0.6350 , -0.8165 ,  0.5485 ,  0.0071 ,
 -0.1612 ,  0.0008 , -0.0016 ,  0.0014 , -1.4963 ,  0.6505 ,
 -0.0403 ,  0.0002 , -0.0004 ,  0.0003 , -0.6853 ,  0.6505 ,
 -0.2011 ,  0.0825 , -0.0022 ,  0.6536 , -0.3302 ,  0.3253 ,
 -0.0006 , -0.0411 , -0.1586 , -0.7085 ,  1.2515 ,  0.3270 ,
 -0.0805 ,  0.0816 , -0.1596 , -0.8922 ,  0.4801 ,  0.3270 ,
 -0.1214 , -0.0405 , -0.1598 , -0.7075 ,  0.4406 ,  0.3270 ,
  0.0402 ,  0.0403 , -0.1583 , -0.0569 , -0.5680 ,  0.6522 ,
 -0.0008 ,  0.0398 , -0.4760 ,  1.5028 , -0.0101 , -0.3199 ,
 -0.0811 ,  0.0405 , -0.3182 ,  2.2735 , -0.1352 ,  0.0036 ,
 -0.0393 ,  0.0824 ,  0.3164 , -0.1309 ,  0.5419 ,  0.9358 ,
 -0.0804 ,  0.0412 , -0.0009 , -2.3856 ,  1.1108 ,  0.0000 ,
 -0.0805 ,  0.0816 , -0.1596 , -0.8922 , -1.3869 , -0.3234 ,
 -0.0809 ,  0.0813 , -0.3182 , -0.8874 , -1.3876 ,  0.0036 ,
 -0.1611 ,  0.1237 ,  0.1565 ,  0.5795 ,  1.5873 ,  0.3162 ,
 -0.2014 ,  0.0822 , -0.1608 , -0.1163 , -0.9533 ,  0.6523 ,
 -0.1614 , -0.0400 , -0.0015 ,  0.8376 , -0.2439 , -0.3252 ,
 -0.1199 , -0.0391 ,  0.4750 ,  0.8227 , -0.1804 ,  0.6470 ,
 -0.0800 ,  0.1225 ,  0.1569 , -0.9712 , -0.1484 ,  0.6805 ,
 -0.1209 ,  0.0006 , -0.0012 ,  0.0010 ,  1.0558 ,  0.3253 ,
 -0.0808 , -0.0404 , -0.0007 , -0.7128 ,  1.7488 ,  0.3252 ,
 -0.0802 ,  0.0007 ,  0.1578 , -0.7791 ,  1.1194 ,  0.3234 ,
 -0.0398 , -0.0804 ,  0.3172 ,  0.8930 ,  0.5738 ,  0.3161 ,
 -0.0001 ,  0.0405 , -0.1587 ,  1.4930 ,  0.6137 , -0.3234 ,
 -0.1617 ,  0.0409 , -0.3190 , -0.0503 ,  0.9836 , -0.6469 ,
 -0.0410 , -0.0004 , -0.3177 ,  0.0101 ,  0.5578 , -0.3217 ,
 -0.0807 ,  0.0408 , -0.1595 ,  0.7189 ,  0.4879 ,  0.3270 ,
  0.0809 , -0.0001 ,  0.1594 ,  1.5441 , -0.4957 , -0.0018 ,
 -0.1608 ,  0.0823 , -0.0018 ,  0.6532 ,  0.3550 ,  0.0000 ,
 -0.0408 ,  0.0403 , -0.3178 , -0.8262 ,  1.1724 ,  0.6541 ,
 -0.0404 ,  0.0408 ,  0.1567 , -0.8347 ,  1.7934 , -0.3146 ,
 -0.0399 ,  0.0817 , -0.0006 , -0.8975 , -0.7009 ,  0.6505 ,
 -0.0805 ,  0.0816 , -0.1596 ,  1.4322 , -0.7646 ,  0.3270 ,
  0.0011 ,  0.0821 ,  0.3171 , -0.9076 ,  0.6081 ,  0.3217 ,
 -0.0804 ,  0.0412 , -0.0009 ,  0.7141 , -0.1337 ,  0.3252 ,
  0.0002 ,  0.0408 , -0.0001 , -0.0615 , -0.6302 ,  0.6505 ,
 -0.2010 ,  0.0421 ,  0.1564 , -0.0639 ,  0.2985 , -0.0012 ,
 -0.1220 , -0.0816 , -0.3183 ,  0.9085 ,  1.6922 ,  0.3288 ,
 -0.0404 ,  0.1219 , -0.3179 , -0.9491 , -0.0878 ,  0.0036 ,
 -0.1606 ,  0.1231 , -0.0018 ,  2.1414 ,  0.3472 ,  0.6505 ,
 -0.0803 ,  0.1224 , -0.1597 ,  1.3708 , -0.1500 , -0.3234 ,
 -0.0407 , -0.0813 , -0.0003 ,  0.1233 ,  1.1972 ,  0.9757 ,
 -0.0409 ,  0.0808 , -0.4765 , -1.6576 ,  1.7860 ,  0.0053 ,
 -0.1224 , -0.0819 , -0.4770 ,  0.9134 ,  0.4469 ,  0.0054 ,
 -0.0813 , -0.0002 , -0.3181 ,  0.0105 , -0.1273 ,  0.0036 ,
 -0.1616 , -0.0808 , -0.0015 ,  0.1243 , -0.2361 ,  0.6505 ,
 -0.0806 , -0.0402 ,  0.1569 , -0.7082 ,  1.1296 ,  0.3305 ,
 -0.1211 , -0.0402 , -0.0011 , -1.4873 ,  0.4413 ,  0.0000 ,
 -0.0817 , -0.0818 , -0.3179 ,  1.6830 , -1.3563 ,  0.0036 ,
  0.0005 ,  0.1627 , -0.1589 ,  0.5339 ,  0.5903 ,  0.0018 ,
 -0.1209 ,  0.0006 , -0.0012 ,  0.7758 ,  1.0558 ,  0.3253 ,
 -0.1210 ,  0.0410 , -0.1599 ,  0.7193 ,  1.0472 ,  0.9775 ,
 -0.0804 ,  0.0412 , -0.0009 ,  1.4888 , -0.1337 , -0.3252 ,
  0.0006 ,  0.0411 ,  0.1586 , -0.8412 ,  1.8598 , -0.6523 ,
 -0.1613 ,  0.0412 , -0.1603 ,  1.4944 ,  0.3621 , -0.6487 ,
  0.0396 , -0.0008 , -0.3169 ,  0.0094 , -1.1832 ,  0.0036 ,
 -0.0813 , -0.0002 , -0.3181 ,  0.0105 , -1.3720 ,  0.0036 ,
  0.0000 ,  0.0000 ,  0.0000 ,  0.7748 ,  0.0000 ,  0.6505 ,
 -0.2020 ,  0.0411 , -0.3194 , -0.0500 ,  0.2983 ,  0.6541 ,
 -0.0013 , -0.0417 , -0.4758 , -2.2487 ,  0.0056 ,  0.3306 ,
 -0.1216 , -0.0000 , -0.3185 ,  1.5603 , -0.1903 ,  0.3288 ,
 -0.1214 , -0.0405 , -0.1598 ,  1.6169 ,  1.6851 ,  0.6523 ,
  0.0006 ,  0.0411 ,  0.1586 , -0.0664 , -0.6294 ,  0.9739 ,
 -0.1216 , -0.0000 , -0.3185 ,  0.7856 ,  0.4320 , -0.3217 ,
 -0.0415 ,  0.0397 , -0.6350 ,  0.7332 , -0.0737 ,  0.0071 ,
  0.0008 ,  0.0818 ,  0.1585 ,  0.6470 ,  0.6074 , -0.6523 ,
 -0.1210 ,  0.0410 , -0.1599 , -0.8304 ,  1.6695 ,  0.0018 ,
 -0.0006 , -0.0411 , -0.1586 ,  0.0663 ,  0.6293 ,  0.3270 ,
 -0.0408 ,  0.0403 , -0.3178 , -0.8262 , -0.0722 , -0.3217 ,
 -0.0409 , -0.0409 , -0.1590 ,  3.1659 , -0.0559 ,  0.9775 ,
 -0.0010 , -0.0009 , -0.4759 , -1.5351 , -0.0022 , -0.6451 ,
 -0.0007 , -0.0006 , -0.3173 , -0.7651 , -0.6238 , -0.6469 ,
 -0.0809 ,  0.0001 , -0.1594 ,  1.5552 ,  1.1179 ,  0.3270 ,
  0.0406 ,  0.0001 ,  0.1590 , -0.0052 ,  1.9305 , -0.6523 ,
 -0.0399 ,  0.0005 ,  0.1582 ,  0.7703 , -0.0622 , -0.0018 ,
  0.0407 ,  0.0813 ,  0.0003 , -0.1233 ,  1.2918 ,  0.3252 ,
 -0.0808 , -0.0404 , -0.0007 ,  2.3866 , -0.1180 ,  0.6505 ,
 -0.1613 ,  0.0412 , -0.1603 , -0.0552 , -0.2603 ,  0.0018 ,
 -0.1205 ,  0.0821 , -0.0014 ,  0.6529 , -0.2044 , -0.3252 ,
 -0.0396 ,  0.0008 ,  0.3169 ,  2.3149 ,  0.5608 ,  0.9722 ,
 -0.1219 , -0.1220 , -0.1596 , -1.3595 , -1.4107 , -0.3234 ,
 -0.0809 ,  0.0001 , -0.1594 , -1.5442 ,  0.4957 , -0.3234 ,
 -0.0410 , -0.0004 , -0.3177 ,  1.5598 ,  0.5578 ,  0.3288 ,
  0.0411 ,  0.1629 ,  0.0001 , -1.7959 ,  1.8986 , -0.0000 ,
 -0.2821 ,  0.0013 , -0.0028 , -1.5474 ,  0.8041 ,  0.3253 ,
  0.0015 ,  0.0422 ,  0.6336 , -0.8503 ,  1.2405 ,  0.9563 ,
 -0.1202 ,  0.0012 ,  0.3161 ,  1.5408 , -0.1873 ,  0.3217 ,
  0.0003 ,  0.1220 , -0.1589 ,  1.3701 , -0.0242 ,  0.0018 ,
 -0.0414 , -0.0820 , -0.3175 ,  0.9078 , -0.6711 ,  0.0036 ,
  0.0007 ,  0.0006 ,  0.3173 ,  0.7650 ,  0.0015 , -0.6541 ,
 -0.1207 ,  0.0413 , -0.0013 , -0.8353 ,  0.4257 ,  0.3253 ,
 -0.1207 , -0.0802 ,  0.1580 ,  0.9055 ,  0.4406 ,  0.3238 ,
  0.0004 ,  0.0815 , -0.0002 , -0.1229 , -0.0156 ,  1.3010 ,
 -0.0397 ,  0.1225 , -0.0006 , -0.9589 ,  1.7804 ,  0.0000 ,
 -0.0396 ,  0.0008 ,  0.3169 , -0.0094 ,  0.5608 ,  0.6469 ,
 -0.0802 ,  0.0817 ,  0.1570 , -0.9094 , -0.1412 ,  0.0026 ,
 -0.0812 , -0.0407 , -0.1594 , -0.7078 , -1.3635 , -0.6487 ,
 -0.0802 , -0.0399 ,  0.3169 ,  0.0519 , -0.7406 ,  0.6665 ,
  0.0009 ,  0.0414 ,  0.3172 ,  2.2532 , -0.0063 , -0.0036 ,
 -0.0409 , -0.1221 , -0.0002 ,  0.1847 ,  0.5827 ,  0.0000 ,
 -0.0002 , -0.0408 ,  0.0001 , -0.7134 , -0.6145 , -0.0000 ,
  0.0000 ,  0.0000 ,  0.0000 ,  0.7748 , -0.6223 ,  0.0000 ,
 -0.0001 , -0.0812 ,  0.1588 ,  0.8929 ,  1.2609 ,  0.6487 ,
 -0.0003 , -0.0003 , -0.1586 ,  0.7797 ,  0.6215 , -0.6487 ,
  0.0003 ,  0.0003 ,  0.1586 ,  0.7699 ,  0.6230 , -0.3270 ,
 -0.1217 , -0.0813 , -0.1597 ,  0.9036 , -0.7962 ,  0.3270 ,
 -0.0403 ,  0.0002 , -0.0004 ,  0.7751 ,  3.0483 ,  0.6505 ,
 -0.0804 , -0.0399 ,  0.1578 ,  0.0583 ,  0.5068 , -0.0005 ,
 -0.0808 , -0.0404 , -0.0007 ,  2.3866 ,  2.3710 ,  0.3252 ,
 -0.1205 ,  0.0821 , -0.0014 , -0.8967 ,  1.0400 ,  0.3253 ,
 -0.2023 , -0.0809 , -0.1605 ,  1.6791 , -0.2997 , -0.6487 ,
 -0.1609 ,  0.1228 , -0.1605 , -0.9530 ,  0.9687 ,  0.6523 ,
 -0.1214 ,  0.0407 , -0.3186 , -0.0506 , -0.8204 ,  0.3288 ,
 -0.1202 ,  0.0012 ,  0.3161 , -0.0087 ,  1.0573 , -0.3288 ,
 -0.0804 ,  0.0412 , -0.0009 ,  1.4888 ,  1.1108 ,  0.3252 ,
 -0.0001 ,  0.1217 , -0.3175 ,  0.6002 ,  1.2197 , -0.6469 ,
 -0.1614 , -0.0400 , -0.0015 ,  1.6124 ,  1.6229 , -0.3252 ,
 -0.1210 ,  0.0410 , -0.1599 , -0.0555 , -0.1973 ,  0.6523 ,
 -0.2414 ,  0.0015 ,  0.1562 ,  0.7720 ,  1.4901 ,  0.3235 ,
 -0.0802 ,  0.0007 ,  0.1578 , -0.7791 ,  0.4972 , -0.0018 ,
 -0.2015 ,  0.0010 , -0.0020 ,  0.7765 , -0.3146 ,  0.3253 ,
 -0.1607 ,  0.1635 , -0.1606 ,  2.0848 , -0.9060 ,  1.3027 ,
 -0.0812 , -0.0407 , -0.1594 ,  3.1663 ,  0.5035 , -0.3234 ,
 -0.1201 , -0.0807 ,  0.1592 ,  1.6978 ,  1.0584 , -0.0183 ,
 -0.1211 , -0.0402 , -0.0011 ,  0.8373 , -0.1810 ,  0.3253 ,
 -0.0399 ,  0.0812 ,  0.1586 ,  2.2406 ,  1.7557 ,  0.6256 ,
 -0.1205 ,  0.0009 ,  0.1574 , -0.0039 ,  1.6788 , -0.3270 ,
 -0.0804 , -0.0395 ,  0.1578 ,  0.0590 ,  1.7570 , -0.9614 ,
 -0.0402 , -0.0403 ,  0.1576 , -0.7167 ,  0.5676 , -0.3247 ,
 -0.0406 , -0.0001 , -0.1590 ,  0.0052 , -0.0637 , -0.3234 ,
 -0.0419 , -0.0418 , -0.6349 ,  0.8562 , -0.0581 ,  0.3323 ,
 -0.0405 , -0.0406 , -0.0003 ,  0.0618 , -1.9221 ,  0.6505 ,
 -0.1608 ,  0.0823 , -0.0018 , -0.1215 , -0.8897 ,  0.0000 ,
 -0.0804 ,  0.0412 , -0.0009 ,  1.4888 ,  1.7331 ,  0.0000 ,
 -0.1610 ,  0.0820 ,  0.1569 , -0.9009 , -0.8902 ,  0.3240 ,
 -0.0802 , -0.0399 ,  0.3169 ,  0.0519 , -0.7406 , -0.0061 ,
 -0.2017 , -0.0398 , -0.0019 ,  0.8380 , -0.3068 ,  0.6505 ,
 -0.1608 ,  0.0823 , -0.0018 , -1.6713 ,  0.9772 ,  0.3253 ,
 -0.2027 , -0.0815 ,  0.1568 , -0.6428 , -0.9331 , -0.3340 ,
  0.0005 , -0.0401 ,  0.3174 ,  0.8265 , -1.2354 , -0.0036 ,
 -0.0804 ,  0.0412 , -0.0009 , -0.0608 ,  1.1108 , -0.3252 ,
 -0.1614 , -0.0400 , -0.0015 ,  0.0628 ,  2.2450 ,  1.3010 ,
 -0.0805 ,  0.0816 , -0.1596 , -0.1173 , -0.7646 ,  0.3270 ,
 -0.0809 ,  0.0001 , -0.1594 , -0.7693 , -0.1266 ,  0.3270 ,
 -0.2422 , -0.0804 , -0.0023 ,  0.1250 ,  1.5049 ,  0.3253 ,
  0.0406 ,  0.0001 ,  0.1590 , -1.5550 ,  0.0637 ,  0.3234 ,
 -0.2027 , -0.0407 , -0.4779 , -0.6970 ,  1.5578 ,  0.6558 ,
 -0.0807 ,  0.0408 , -0.1595 ,  1.4937 ,  2.3548 ,  0.6523 ,
 -0.1209 ,  0.0006 , -0.0012 ,  2.3255 , -0.8111 ,  0.0000 ,
 -0.1207 ,  0.0413 , -0.0013 ,  0.7144 , -1.4413 , -0.6505 ,
 -0.0810 , -0.0811 , -0.0007 ,  1.6732 , -0.1102 , -0.3252 ,
  0.0404 ,  0.0810 , -0.1584 , -0.1184 ,  0.0465 ,  0.6522 ,
 -0.0001 ,  0.0405 , -0.1587 , -0.8315 ,  0.6137 ,  0.6522 ,
 -0.0410 , -0.0004 , -0.3177 ,  0.7850 ,  1.8024 ,  0.3288 ,
 -0.1209 ,  0.0006 , -0.0012 ,  0.0010 ,  1.0558 ,  0.6505 ,
 -0.1606 ,  0.1231 , -0.0018 , -1.7328 ,  0.9694 ,  0.0000 ,
 -0.0004 , -0.0815 ,  0.0002 ,  0.1229 ,  0.0156 , -0.3253 ,
 -0.2026 , -0.0812 , -0.3192 ,  1.6840 , -0.9228 , -0.6469 ,
 -0.1211 , -0.0402 , -0.0011 ,  0.0625 , -0.1810 ,  0.3253 ,
 -0.1216 , -0.0000 , -0.3185 ,  1.5604 , -0.8125 ,  0.0036 ,
 -0.1613 ,  0.0412 , -0.1603 , -0.0552 ,  0.9843 ,  0.3270 ,
 -0.0402 ,  0.0816 ,  0.1563 , -1.6927 ,  0.5335 , -0.3126 ,
 -0.0403 ,  0.0002 , -0.0004 , -0.7745 ,  0.5593 ,  0.3252 ,
 -0.0007 , -0.0006 , -0.3173 ,  0.7846 , -0.0015 ,  0.3288 ,
  0.0411 , -0.0805 ,  0.4754 , -1.4322 ,  1.3313 ,  0.6338 ,
 -0.1209 ,  0.0006 , -0.0012 , -0.7738 , -0.8111 ,  0.3253 ,
 -0.0813 , -0.0002 , -0.3181 ,  0.0105 , -0.1273 ,  0.3288 ,
 -0.0400 ,  0.0410 ,  0.1584 ,  1.5151 ,  0.5317 ,  0.3190 ,
  0.0404 ,  0.0810 , -0.1584 ,  0.6565 ,  0.6688 , -0.3235 ,
 -0.2824 ,  0.0823 , -0.3203 , -1.6605 , -0.4576 , -0.3217 ,
 -0.1620 , -0.0811 , -0.1601 ,  2.4536 ,  0.3855 ,  0.0018 ,
 -0.0819 , -0.1225 , -0.3179 ,  0.1948 , -0.1039 ,  0.6541 ,
 -0.0807 ,  0.0408 , -0.1595 ,  2.2686 ,  3.5993 ,  0.0018 ,
 -0.0796 ,  0.0420 ,  0.3165 ,  0.7077 ,  0.4848 , -0.9377 ,
 -0.0804 ,  0.0412 , -0.0009 , -0.0608 ,  0.4886 ,  0.0000 ,
  0.0004 ,  0.0815 , -0.0002 ,  0.6519 ,  0.6066 ,  0.3252 ,
 -0.0802 ,  0.0819 , -0.0010 ,  0.6526 ,  0.4808 ,  0.3253 ,
 -0.0387 ,  0.0827 ,  0.4756 ,  0.6350 , -0.6963 ,  0.9912 ,
 -0.0791 ,  0.0828 ,  0.4750 , -0.1369 , -0.1392 ,  0.6649 ,
 -0.1608 ,  0.0823 , -0.0018 , -0.1215 , -0.2673 ,  0.3253 ,
 -0.1204 ,  0.1633 , -0.1602 , -0.2399 , -0.2208 ,  0.3270 ,
  0.0805 ,  0.0401 , -0.1579 ,  0.7176 , -0.5050 ,  0.3270 ,
 -0.1608 ,  0.0414 ,  0.1566 ,  3.0813 , -0.8709 ,  0.0125 ,
 -0.0002 , -0.0408 ,  0.0001 , -0.7134 ,  1.8746 ,  0.6504 ,
 -0.0802 ,  0.0819 , -0.0010 , -0.1222 , -0.1415 ,  0.0000 ,
 -0.0809 ,  0.0001 , -0.1594 ,  0.7804 , -0.1266 ,  0.3270 ,
 -0.1209 ,  0.0006 , -0.0012 ,  0.7758 ,  0.4335 ,  0.3253 ,
 -0.0002 , -0.0408 ,  0.0001 , -0.7134 ,  0.6301 ,  0.3252 ,
 -0.0813 , -0.0002 , -0.3181 ,  0.7853 ,  0.4950 , -0.9722 ,
 -0.0812 , -0.0407 , -0.1594 , -0.7078 ,  1.7480 ,  0.3270 ,
 -0.1612 ,  0.0008 , -0.0016 ,  0.7762 ,  0.3706 , -0.3252 ,
  0.0405 ,  0.0406 ,  0.0003 ,  0.7130 ,  1.9219 , -0.0000 ,
 -0.0401 ,  0.0410 , -0.0005 ,  0.7137 , -0.0707 ,  0.0000 ,
 -0.0802 ,  0.0814 ,  0.1584 ,  2.2406 ,  1.0800 ,  0.6256 ,
 -0.1209 ,  0.0006 , -0.0012 ,  0.0010 , -0.1888 ,  0.6505 ,
 -0.0409 ,  0.0808 , -0.4765 ,  1.4417 , -0.0808 ,  0.0053 ,
 -0.0808 , -0.0404 , -0.0007 ,  0.8369 , -0.1180 ,  0.6505 ,
 -0.0806 ,  0.0004 , -0.0008 ,  1.5503 ,  0.4964 ,  0.6505 ,
 -0.0804 ,  0.0412 , -0.0009 , -0.0608 ,  1.7331 ,  0.0000 ,
 -0.1207 ,  0.0413 , -0.0013 ,  1.4891 , -0.8189 ,  0.0000 ,
 -0.1614 , -0.0400 , -0.0015 ,  0.8376 , -0.8662 ,  0.3253 ,
 -0.1216 , -0.0000 , -0.3185 ,  1.5603 , -0.8125 ,  0.6541 ,
 -0.0010 , -0.0009 , -0.4759 ,  3.1140 ,  1.2422 ,  0.3306 ,
 -0.2013 ,  0.0417 , -0.0021 ,  2.2647 ,  0.2999 ,  0.0000 ,
 -0.0414 , -0.0820 , -0.3175 ,  1.6827 , -0.6711 ,  0.0036 ,
  0.0392 , -0.0011 , -0.4755 ,  0.7892 , -0.5617 , -0.3199 ,
 -0.1612 ,  0.0008 , -0.0016 ,  0.0014 ,  0.9929 ,  0.0000 ,
  0.0003 ,  0.2032 , -0.3177 , -1.0724 ,  0.5817 ,  0.6541 ,
 -0.1203 , -0.0395 ,  0.3163 ,  0.8245 , -0.8013 ,  0.6481 ,
 -0.0809 ,  0.0001 , -0.1594 , -0.7693 ,  1.1179 ,  0.6523 ,
 -0.0404 ,  0.0406 , -0.1591 , -0.0562 ,  1.1730 ,  1.3027 ,
  0.0405 ,  0.0406 ,  0.0003 , -0.8367 ,  0.0551 ,  0.3252 ,
 -0.0399 ,  0.0420 ,  0.3162 , -0.0663 ,  1.8011 , -0.6435 ,
 -0.0418 , -0.0823 , -0.4762 , -1.4118 , -0.6719 , -0.3199 ,
 -0.0419 , -0.0418 , -0.6349 , -0.6935 ,  0.5641 , -0.3181 ,
 -0.0410 , -0.0004 , -0.3177 ,  0.0101 ,  1.8024 ,  0.3288 ,
 -0.0385 ,  0.1231 ,  0.1586 , -0.1907 , -1.3272 ,  0.3244 ,
 -0.1211 , -0.0402 , -0.0011 ,  0.8373 ,  0.4413 ,  0.3253 ,
 -0.0795 ,  0.0013 ,  0.4751 , -0.7889 ,  0.4987 ,  0.3199 ,
 -0.1210 ,  0.0410 , -0.1599 , -0.8304 , -0.8196 ,  0.0018 ,
 -0.0409 , -0.0409 , -0.1590 ,  0.0667 ,  1.1887 ,  0.9775 ,
  0.0004 ,  0.0815 , -0.0002 ,  1.4267 , -0.0156 ,  0.0000 ,
 -0.2821 ,  0.0013 , -0.0028 ,  0.7772 , -1.0628 ,  0.0000 ,
 -0.0798 ,  0.1234 ,  0.3156 , -0.1918 ,  1.0942 ,  0.3193 ,
 -0.0804 ,  0.0412 , -0.0009 ,  0.7141 ,  0.4886 ,  0.3252 ,
  0.0009 ,  0.0414 ,  0.3172 , -0.8461 , -1.2510 , -0.3288 ,
 -0.0402 ,  0.0417 ,  0.1582 ,  0.7055 ,  1.7906 ,  0.3148 ,
  0.0009 ,  0.0414 ,  0.3172 ,  1.4784 , -0.6286 , -0.0036 ,
  0.0412 ,  0.0412 ,  0.3176 ,  0.7064 ,  0.0542 ,  0.3152 ,
 -0.0816 , -0.1222 , -0.1592 ,  0.9648 , -0.7255 ,  0.3270 ,
 -0.1205 ,  0.0009 ,  0.1574 , -0.7787 ,  1.0565 , -0.3270 ,
  0.0400 ,  0.0807 , -0.3170 ,  1.4361 ,  0.0458 ,  0.3288 ,
  0.0413 ,  0.0821 ,  0.3175 ,  0.6440 ,  0.6642 ,  0.6321 ,
  0.0010 ,  0.0009 ,  0.4759 , -2.3395 ,  0.6245 , -0.3306 ,
 -0.2011 ,  0.0013 ,  0.1566 , -0.7780 ,  0.9307 ,  0.6487 ,
 -0.0802 ,  0.0819 , -0.0010 , -0.8971 , -0.7638 ,  0.0000 ,
  0.0001 , -0.0405 ,  0.1587 ,  1.6061 ,  0.6308 , -0.3270 ,
 -0.1214 , -0.0405 , -0.1598 ,  0.0674 ,  1.0628 ,  0.3270 ,
 -0.0409 ,  0.0808 , -0.4765 ,  2.2165 ,  0.5415 ,  0.0053 ,
 -0.0396 , -0.0397 ,  0.4754 ,  3.2032 ,  0.5396 ,  0.3180 ,
 -0.0392 ,  0.0425 ,  0.4757 ,  1.4742 ,  1.7903 ,  0.0054 ,
 -0.0815 , -0.0410 , -0.3180 ,  2.3964 ,  1.1250 ,  0.3288 ,
 -0.0813 , -0.0002 , -0.3181 , -0.7644 , -0.1273 ,  0.0036 ,
 -0.0807 ,  0.0408 , -0.1595 ,  0.7189 , -0.1344 ,  0.0018 ,
 -0.1610 ,  0.0415 , -0.0017 ,  0.7148 , -1.5041 ,  0.3253 ,
 -0.1217 ,  0.0404 , -0.4772 ,  2.2786 , -0.1988 ,  0.6558 ,
  0.0410 ,  0.0811 ,  0.1578 , -1.6940 ,  0.0518 , -0.3147 ,
  0.1610 , -0.0415 ,  0.0017 ,  0.8349 ,  2.7486 ,  0.6504 ,
 -0.0403 ,  0.0002 , -0.0004 ,  2.3248 , -0.6853 ,  0.0000 ,
 -0.0410 , -0.0004 , -0.3177 ,  0.0101 ,  0.5578 ,  0.6541 ,
 -0.0395 ,  0.0828 ,  0.3167 ,  0.6395 ,  1.1610 ,  0.0013 ,
 -0.0395 ,  0.0821 ,  0.1581 ,  0.6543 , -0.0799 ,  0.9876 ,
 -0.0399 ,  0.0817 , -0.0006 , -0.8975 ,  1.1660 , -0.3252 ,
 -0.1212 ,  0.0003 , -0.1599 ,  2.3303 , -0.1895 ,  0.3270 ,
 -0.0799 ,  0.0010 ,  0.3165 , -0.7840 , -0.1243 ,  0.3217 ,
 -0.1214 , -0.0405 , -0.1598 ,  0.8421 , -0.8040 ,  0.3270 ,
  0.0402 ,  0.0403 , -0.1583 , -0.0569 ,  0.6766 ,  0.0018 ,
 -0.0799 , -0.1202 ,  0.3174 ,  0.9456 ,  1.7742 ,  0.3186 ,
 -0.1205 ,  0.0009 ,  0.1574 ,  3.0955 ,  0.4343 , -0.9775 ,
 -0.1207 ,  0.0413 , -0.0013 , -0.8353 ,  1.0479 ,  0.3253 ,
 -0.0802 ,  0.0819 , -0.0010 ,  0.6526 ,  1.1030 ,  0.3253 ,
  0.0008 ,  0.0818 ,  0.1585 ,  0.6470 ,  0.6074 , -0.3270 ,
 -0.0003 , -0.0003 , -0.1586 ,  0.7797 ,  1.2438 ,  0.3270 ,
 -0.1216 , -0.0000 , -0.3185 ,  0.0108 , -0.8125 ,  0.0036 ,
 -0.0812 , -0.0407 , -0.1594 , -2.2578 , -0.1188 , -0.3234 ,
 -0.2005 ,  0.0422 ,  0.3156 , -0.0710 , -0.9430 , -0.0060 ,
 -0.1608 ,  0.0011 ,  0.1570 , -0.7784 ,  0.3713 , -0.3270 ,
 -0.1209 , -0.0403 ,  0.3167 , -0.7097 , -1.4324 ,  0.3249 ,
 -0.0806 ,  0.0004 , -0.0008 ,  0.7755 ,  1.7410 ,  0.3252 ,
 -0.0399 ,  0.0813 ,  0.1586 ,  1.4511 ,  2.3743 ,  0.3040 ,
 -0.0786 ,  0.1237 ,  0.4754 ,  0.5684 , -1.3859 ,  0.3141 ,
 -0.0398 ,  0.0816 ,  0.1575 , -0.9095 , -0.0776 , -0.6633 ,
 -0.0813 , -0.0002 , -0.3181 ,  0.7853 , -0.1273 ,  0.0036 ,
 -0.0402 ,  0.0814 , -0.1592 , -0.1177 , -0.7016 ,  0.9775 ,
 -0.0812 , -0.0407 , -0.1594 ,  0.8418 , -1.3635 ,  0.9775 ,
  0.0795 , -0.0013 , -0.4751 ,  0.0140 ,  0.1236 ,  0.3306 ,
 -0.0399 ,  0.0817 , -0.0006 ,  1.4270 , -0.0785 ,  0.0000 ,
 -0.1210 ,  0.0410 , -0.1599 ,  0.7193 ,  0.4250 ,  0.0018 ,
  0.0405 ,  0.0406 ,  0.0003 ,  2.2625 ,  0.0551 , -0.6505 ,
 -0.0414 , -0.0820 , -0.3175 ,  0.1330 , -1.2935 ,  0.0036 ,
 -0.0806 ,  0.0004 , -0.0008 , -3.0989 ,  0.4964 ,  0.9757 ,
 -0.0814 , -0.0815 , -0.1593 , -0.6464 ,  1.7559 ,  0.0018 ,
 -0.0009 , -0.0414 , -0.3172 ,  3.1705 ,  1.2508 , -0.6469 ,
 -0.1620 , -0.0811 , -0.1601 ,  0.1292 ,  1.0077 , -0.3234 ,
 -0.0809 ,  0.0001 , -0.1594 , -0.7694 ,  0.4957 ,  0.0018 ,
 -0.0003 , -0.0003 , -0.1586 ,  0.7797 ,  0.6215 ,  0.0018 ,
 -0.0809 ,  0.0001 , -0.1594 ,  0.0056 , -0.1266 , -0.3234 ,
 -0.0014 , -0.0012 , -0.6346 , -1.5302 , -0.0030 ,  0.0071 ,
 -0.0411 , -0.0817 , -0.1589 ,  0.1282 ,  1.8187 ,  0.0018 ,
 -0.2025 , -0.0407 ,  0.1568 , -0.7051 , -1.5646 , -0.9953 ,
 -0.1622 , -0.1218 , -0.1600 , -0.5842 ,  1.0155 ,  0.6523 ,
 -0.0399 ,  0.0817 , -0.0006 ,  0.6522 ,  1.1660 ,  0.0000 ,
 -0.0807 ,  0.0408 , -0.1595 , -0.0559 , -0.1344 ,  0.6523 ,
 -0.1214 ,  0.0407 , -0.3186 ,  1.4989 ,  0.4242 , -0.3217 ,
 -0.0406 , -0.0001 , -0.1590 ,  2.3298 ,  0.5586 ,  0.0018 ,
 -0.0406 , -0.0001 , -0.1590 ,  0.7801 , -0.0637 ,  0.9775 ,
 -0.0807 ,  0.0408 , -0.1595 , -2.3807 ,  0.4879 , -0.6487 ,
 -0.0815 , -0.0410 , -0.3180 ,  0.0719 , -0.1195 ,  0.0036 ,
 -0.0406 , -0.0001 , -0.1590 ,  0.7801 ,  1.1808 ,  0.0018 ,
 -0.1205 , -0.0802 ,  0.3160 ,  1.6832 , -0.1767 , -0.0054 ,
 -0.0408 ,  0.0403 , -0.3178 ,  0.7235 , -0.6945 ,  0.0036 ,
 -0.0801 ,  0.0412 ,  0.1575 ,  2.3060 , -0.1374 ,  1.0136 ,
 -0.0404 ,  0.0406 , -0.1591 ,  1.4933 ,  0.5508 ,  1.3027 ,
 -0.1205 ,  0.0009 ,  0.1574 , -0.7787 , -0.1880 ,  0.3235 ,
 -0.0806 ,  0.0004 , -0.0008 , -0.7742 ,  0.4964 ,  0.3252 ,
 -0.0813 , -0.0002 , -0.3181 ,  0.0105 ,  0.4950 ,  0.0036 ,
 -0.0808 , -0.0404 , -0.0007 , -0.7128 ,  1.1265 ,  0.0000 ,
 -0.0405 , -0.0406 , -0.0003 ,  0.8366 , -0.0551 ,  0.3252 ,
 -0.0409 , -0.0409 , -0.1590 ,  0.8415 , -0.0559 ,  0.0018 ,
 -0.0003 ,  0.0809 , -0.3174 , -0.1131 , -0.6395 ,  0.3288 ,
 -0.2017 , -0.0398 , -0.0019 ,  1.6128 ,  0.3155 , -0.9757 ,
 -0.0409 , -0.0409 , -0.1590 ,  0.8415 ,  1.8109 ,  0.3270 ,
  0.0006 ,  0.0411 ,  0.1586 ,  1.4832 , -0.0071 , -0.3270 ,
 -0.0404 ,  0.0406 , -0.1591 ,  0.7186 ,  0.5508 ,  0.3270 ,
 -0.1623 , -0.0814 , -0.3187 , -0.6408 , -0.2376 , -0.3217 ,
 -0.0410 , -0.0004 , -0.3177 ,  0.0101 ,  1.8024 ,  0.3288 ,
 -0.0001 , -0.0812 ,  0.1588 , -1.4318 ,  1.2609 , -0.0018 ,
 -0.0807 ,  0.0408 , -0.1595 ,  0.7189 , -0.1344 ,  0.3270 ,
  0.0000 ,  0.0000 ,  0.0000 ,  0.0000 ,  0.0000 ,  0.0000 ,
  0.0000 ,  0.0000 ,  0.0000 ,  0.0000 ,  0.0000 ,  0.0000 ,
  0.0000 ,  0.0000 ,  0.0000 ,  0.0000 ,  0.0000 ,  0.0000 ,
  0.0000 ,  0.0000 ,  0.0000 ,  0.0000 ,  0.0000 ,  0.0000 ,
  0.0000 ,  0.0000 ,  0.0000 ,  0.0000 ,  0.0000 ,  0.0000 ,
  0.0000 ,  0.0000 ,  0.0000 ,  0.0000 ,  0.0000 ,  0.0000 ,
  0.0000 ,  0.0000 ,  0.0000 ,  0.0000 ,  0.0000 ,  0.0000 ,
  0.0000 ,  0.0000 ,  0.0000 ,  0.0000 ,  0.0000 ,  0.0000 ,
  0.0000 ,  0.0000 ,  0.0000 ,  0.0000 ,  0.0000 ,  0.0000 ,
  0.0000 ,  0.0000 ,  0.0000 ,  0.0000 ,  0.0000 ,  0.0000 ,
  0.0000 ,  0.0000 ,  0.0000 ,  0.0000 ,  0.0000 ,  0.0000 ,
  0.0000 ,  0.0000 ,  0.0000 ,  0.0000 ,  0.0000 ,  0.0000 ,
  0.0000 ,  0.0000 ,  0.0000 ,  0.0000 ,  0.0000 ,  0.0000 ,
  0.0000 ,  0.0000 ,  0.0000 ,  0.0000 ,  0.0000 ,  0.0000 ,
  0.0000 ,  0.0000 ,  0.0000 ,  0.0000 ,  0.0000 ,  0.0000 ,
  0.0000 ,  0.0000 ,  0.0000 ,  0.0000 ,  0.0000 ,  0.0000 ,
  0.0000 ,  0.0000 ,  0.0000 ,  0.0000 ,  0.0000 ,  0.0000 ,
  0.0000 ,  0.0000 ,  0.0000 ,  0.0000 ,  0.0000 ,  0.0000 ,
  0.0000 ,  0.0000 ,  0.0000 ,  0.0000 ,  0.0000 ,  0.0000 ,
  0.0000 ,  0.0000 ,  0.0000 ,  0.0000 ,  0.0000 ,  0.0000 ,
  0.0000 ,  0.0000 ,  0.0000 ,  0.0000 ,  0.0000 ,  0.0000 ,
  0.0000 ,  0.0000 ,  0.0000 ,  0.0000 ,  0.0000 ,  0.0000 ,
  0.0000 ,  0.0000 ,  0.0000 ,  0.0000 ,  0.0000 ,  0.0000 ,
  0.0000 ,  0.0000 ,  0.0000 ,  0.0000 ,  0.0000 ,  0.0000 ,
  0.0000 ,  0.0000 ,  0.0000 ,  0.0000 ,  0.0000 ,  0.0000 ,
  0.0000 ,  0.0000 ,  0.0000 ,  0.0000 ,  0.0000 ,  0.0000 ,
  0.0000 ,  0.0000 ,  0.0000 ,  0.0000 ,  0.0000 ,  0.0000 ,
  0.0000 ,  0.0000 ,  0.0000 ,  0.0000 ,  0.0000 ,  0.0000 ,
  0.0000 ,  0.0000 ,  0.0000 ,  0.0000 ,  0.0000 ,  0.0000 ,
  0.0000 ,  0.0000 ,  0.0000 ,  0.0000 ,  0.0000 ,  0.0000 ,
  0.0000 ,  0.0000 ,  0.0000 ,  0.0000 ,  0.0000 ,  0.0000 ,
  0.0000 ,  0.0000 ,  0.0000 ,  0.0000 ,  0.0000 ,  0.0000 ,
  0.0000 ,  0.0000 ,  0.0000 ,  0.0000 ,  0.0000 ,  0.0000 ,
  0.0000 ,  0.0000 ,  0.0000 ,  0.0000 ,  0.0000 ,  0.0000 ,
  0.0000 ,  0.0000 ,  0.0000 ,  0.0000 ,  0.0000 ,  0.0000 ,
  0.0000 ,  0.0000 ,  0.0000 ,  0.0000 ,  0.0000 ,  0.0000 ,
  0.0000 ,  0.0000 ,  0.0000 ,  0.0000 ,  0.0000 ,  0.0000 ,
  0.0000 ,  0.0000 ,  0.0000 ,  0.0000 ,  0.0000 ,  0.0000 ,
  0.0000 ,  0.0000 ,  0.0000 ,  0.0000 ,  0.0000 ,  0.0000 ,
  0.0000 ,  0.0000 ,  0.0000 ,  0.0000 ,  0.0000 ,  0.0000 ,
  0.0000 ,  0.0000 ,  0.0000 ,  0.0000 ,  0.0000 ,  0.0000 ,
  0.0000 ,  0.0000 ,  0.0000 ,  0.0000 ,  0.0000 ,  0.0000 ,
  0.0000 ,  0.0000 ,  0.0000 ,  0.0000 ,  0.0000 ,  0.0000 ,
  0.0000 ,  0.0000 ,  0.0000 ,  0.0000 ,  0.0000 ,  0.0000 ,
  0.0000 ,  0.0000 ,  0.0000 ,  0.0000 ,  0.0000 ,  0.0000 ,
  0.0000 ,  0.0000 ,  0.0000 ,  0.0000 ,  0.0000 ,  0.0000 ,
  0.0000 ,  0.0000 ,  0.0000 ,  0.0000 ,  0.0000 ,  0.0000 ,
  0.0000 ,  0.0000 ,  0.0000 ,  0.0000 ,  0.0000 ,  0.0000 ,
  0.0000 ,  0.0000 ,  0.0000 ,  0.0000 ,  0.0000 ,  0.0000 ,
  0.0000 ,  0.0000 ,  0.0000 ,  0.0000 ,  0.0000 ,  0.0000 ,
  0.0000 ,  0.0000 ,  0.0000 ,  0.0000 ,  0.0000 ,  0.0000 ,
  0.0000 ,  0.0000 ,  0.0000 ,  0.0000 ,  0.0000 ,  0.0000 ,
  0.0000 ,  0.0000 ,  0.0000 ,  0.0000 ,  0.0000 ,  0.0000 ,
  0.0000 ,  0.0000 ,  0.0000 ,  0.0000 ,  0.0000 ,  0.0000 ,
  0.0000 ,  0.0000 ,  0.0000 ,  0.0000 ,  0.0000 ,  0.0000 ,
  0.0000 ,  0.0000 ,  0.0000 ,  0.0000 ,  0.0000 ,  0.0000 ,
  0.0000 ,  0.0000 ,  0.0000 ,  0.0000 ,  0.0000 ,  0.0000 ,
  0.0000 ,  0.0000 ,  0.0000 ,  0.0000 ,  0.0000 ,  0.0000 ,
  0.0000 ,  0.0000 ,  0.0000 ,  0.0000 ,  0.0000 ,  0.0000 ,
  0.0000 ,  0.0000 ,  0.0000 ,  0.0000 ,  0.0000 ,  0.0000 ,
  0.0000 ,  0.0000 ,  0.0000 ,  0.0000 ,  0.0000 ,  0.0000 ,
  0.0000 ,  0.0000 ,  0.0000 ,  0.0000 ,  0.0000 ,  0.0000 ,
  0.0000 ,  0.0000 ,  0.0000 ,  0.0000 ,  0.0000 ,  0.0000 ,
  0.0000 ,  0.0000 ,  0.0000 ,  0.0000 ,  0.0000 ,  0.0000 ,
  0.0000 ,  0.0000 ,  0.0000 ,  0.0000 ,  0.0000 ,  0.0000 ,
  0.0000 ,  0.0000 ,  0.0000 ,  0.0000 ,  0.0000 ,  0.0000 ,
  0.0000 ,  0.0000 ,  0.0000 ,  0.0000 ,  0.0000 ,  0.0000 ,
  0.0000 ,  0.0000 ,  0.0000 ,  0.0000 ,  0.0000 ,  0.0000 ,
  0.0000 ,  0.0000 ,  0.0000 ,  0.0000 ,  0.0000 ,  0.0000 ,
  0.0000 ,  0.0000 ,  0.0000 ,  0.0000 ,  0.0000 ,  0.0000 ,
  0.0000 ,  0.0000 ,  0.0000 ,  0.0000 ,  0.0000 ,  0.0000 ,
  0.0000 ,  0.0000 ,  0.0000 ,  0.0000 ,  0.0000 ,  0.0000 ,
  0.0000 ,  0.0000 ,  0.0000 ,  0.0000 ,  0.0000 ,  0.0000 ,
  0.0000 ,  0.0000 ,  0.0000 ,  0.0000 ,  0.0000 ,  0.0000 ,
  0.0000 ,  0.0000 ,  0.0000 ,  0.0000 ,  0.0000 ,  0.0000 ,
  0.0000 ,  0.0000 ,  0.0000 ,  0.0000 ,  0.0000 ,  0.0000 ,
  0.0000 ,  0.0000 ,  0.0000 ,  0.0000 ,  0.0000 ,  0.0000 ,
  0.0000 ,  0.0000 ,  0.0000 ,  0.0000 ,  0.0000 ,  0.0000 ,
  0.0000 ,  0.0000 ,  0.0000 ,  0.0000 ,  0.0000 ,  0.0000 ,
  0.0000 ,  0.0000 ,  0.0000 ,  0.0000 ,  0.0000 ,  0.0000 ,
  0.0000 ,  0.0000 ,  0.0000 ,  0.0000 ,  0.0000 ,  0.0000 ,
  0.0000 ,  0.0000 ,  0.0000 ,  0.0000 ,  0.0000 ,  0.0000 ,
  0.0000 ,  0.0000 ,  0.0000 ,  0.0000 ,  0.0000 ,  0.0000 ,
  0.0000 ,  0.0000 ,  0.0000 ,  0.0000 ,  0.0000 ,  0.0000 ,
  0.0000 ,  0.0000 ,  0.0000 ,  0.0000 ,  0.0000 ,  0.0000 ,
  0.0000 ,  0.0000 ,  0.0000 ,  0.0000 ,  0.0000 ,  0.0000 ,
  0.0000 ,  0.0000 ,  0.0000 ,  0.0000 ,  0.0000 ,  0.0000 ,
  0.0000 ,  0.0000 ,  0.0000 ,  0.0000 ,  0.0000 ,  0.0000 ,
  0.0000 ,  0.0000 ,  0.0000 ,  0.0000 ,  0.0000 ,  0.0000 ,
  0.0000 ,  0.0000 ,  0.0000 ,  0.0000 ,  0.0000 ,  0.0000 ,
  0.0000 ,  0.0000 ,  0.0000 ,  0.0000 ,  0.0000 ,  0.0000 ,
  0.0000 ,  0.0000 ,  0.0000 ,  0.0000 ,  0.0000 ,  0.0000 ,
  0.0000 ,  0.0000 ,  0.0000 ,  0.0000 ,  0.0000 ,  0.0000 ,
  0.0000 ,  0.0000 ,  0.0000 ,  0.0000 ,  0.0000 ,  0.0000 ,
  0.0000 ,  0.0000 ,  0.0000 ,  0.0000 ,  0.0000 ,  0.0000 ,
  0.0000 ,  0.0000 ,  0.0000 ,  0.0000 ,  0.0000 ,  0.0000 ,
  0.0000 ,  0.0000 ,  0.0000 ,  0.0000 ,  0.0000 ,  0.0000 ,
  0.0000 ,  0.0000 ,  0.0000 ,  0.0000 ,  0.0000 ,  0.0000 ,
  0.0000 ,  0.0000 ,  0.0000 ,  0.0000 ,  0.0000 ,  0.0000 ,
  0.0000 ,  0.0000 ,  0.0000 ,  0.0000 ,  0.0000 ,  0.0000 ,
  0.0000 ,  0.0000 ,  0.0000 ,  0.0000 ,  0.0000 ,  0.0000 ,
  0.0000 ,  0.0000 ,  0.0000 ,  0.0000 ,  0.0000 ,  0.0000 ,
  0.0000 ,  0.0000 ,  0.0000 ,  0.0000 ,  0.0000 ,  0.0000 ,
  0.0000 ,  0.0000 ,  0.0000 ,  0.0000 ,  0.0000 ,  0.0000 ,
  0.0000 ,  0.0000 ,  0.0000 ,  0.0000 ,  0.0000 ,  0.0000 ,
  0.0000 ,  0.0000 ,  0.0000 ,  0.0000 ,  0.0000 ,  0.0000 ,
  0.0000 ,  0.0000 ,  0.0000 ,  0.0000 ,  0.0000 ,  0.0000 ,
  0.0000 ,  0.0000 ,  0.0000 ,  0.0000 ,  0.0000 ,  0.0000 ,
  0.0000 ,  0.0000 ,  0.0000 ,  0.0000 ,  0.0000 ,  0.0000 ,
  0.0000 ,  0.0000 ,  0.0000 ,  0.0000 ,  0.0000 ,  0.0000 ,
  0.0000 ,  0.0000 ,  0.0000 ,  0.0000 ,  0.0000 ,  0.0000 ,
  0.0000 ,  0.0000 ,  0.0000 ,  0.0000 ,  0.0000 ,  0.0000 ,
  0.0000 ,  0.0000 ,  0.0000 ,  0.0000 ,  0.0000 ,  0.0000 ,
  0.0000 ,  0.0000 ,  0.0000 ,  0.0000 ,  0.0000 ,  0.0000 ,
  0.0000 ,  0.0000 ,  0.0000 ,  0.0000 ,  0.0000 ,  0.0000 ,
  0.0000 ,  0.0000 ,  0.0000 ,  0.0000 ,  0.0000 ,  0.0000 ,
  0.0000 ,  0.0000 ,  0.0000 ,  0.0000 ,  0.0000 ,  0.0000 ,
  0.0000 ,  0.0000 ,  0.0000 ,  0.0000 ,  0.0000 ,  0.0000 ,
  0.0000 ,  0.0000 ,  0.0000 ,  0.0000 ,  0.0000 ,  0.0000 ,
  0.0000 ,  0.0000 ,  0.0000 ,  0.0000 ,  0.0000 ,  0.0000 ,
  0.0000 ,  0.0000 ,  0.0000 ,  0.0000 ,  0.0000 ,  0.0000 ,
  0.0000 ,  0.0000 ,  0.0000 ,  0.0000 ,  0.0000 ,  0.0000 ,
  0.0000 ,  0.0000 ,  0.0000 ,  0.0000 ,  0.0000 ,  0.0000 ,
  0.0000 ,  0.0000 ,  0.0000 ,  0.0000 ,  0.0000 ,  0.0000 ,
  0.0000 ,  0.0000 ,  0.0000 ,  0.0000 ,  0.0000 ,  0.0000 ,
  0.0000 ,  0.0000 ,  0.0000 ,  0.0000 ,  0.0000 ,  0.0000 ,
  0.0000 ,  0.0000 ,  0.0000 ,  0.0000 ,  0.0000 ,  0.0000 ,
  0.0000 ,  0.0000 ,  0.0000 ,  0.0000 ,  0.0000 ,  0.0000 ,
  0.0000 ,  0.0000 ,  0.0000 ,  0.0000 ,  0.0000 ,  0.0000 ,
  0.0000 ,  0.0000 ,  0.0000 ,  0.0000 ,  0.0000 ,  0.0000 ,
  0.0000 ,  0.0000 ,  0.0000 ,  0.0000 ,  0.0000 ,  0.0000 ,
  0.0000 ,  0.0000 ,  0.0000 ,  0.0000 ,  0.0000 ,  0.0000 ,
  0.0000 ,  0.0000 ,  0.0000 ,  0.0000 ,  0.0000 ,  0.0000 ,
  0.0000 ,  0.0000 ,  0.0000 ,  0.0000 ,  0.0000 ,  0.0000 ,
  0.0000 ,  0.0000 ,  0.0000 ,  0.0000 ,  0.0000 ,  0.0000 ,
  0.0000 ,  0.0000 ,  0.0000 ,  0.0000 ,  0.0000 ,  0.0000 ,
  0.0000 ,  0.0000 ,  0.0000 ,  0.0000 ,  0.0000 ,  0.0000 ,
  0.0000 ,  0.0000 ,  0.0000 ,  0.0000 ,  0.0000 ,  0.0000 ,
  0.0000 ,  0.0000 ,  0.0000 ,  0.0000 ,  0.0000 ,  0.0000 ,
  0.0000 ,  0.0000 ,  0.0000 ,  0.0000 ,  0.0000 ,  0.0000 ,
  0.0000 ,  0.0000 ,  0.0000 ,  0.0000 ,  0.0000 ,  0.0000 ,
  0.0000 ,  0.0000 ,  0.0000 ,  0.0000 ,  0.0000 ,  0.0000 ,
  0.0000 ,  0.0000 ,  0.0000 ,  0.0000 ,  0.0000 ,  0.0000 ,
  0.0000 ,  0.0000 ,  0.0000 ,  0.0000 ,  0.0000 ,  0.0000 ,
  0.0000 ,  0.0000 ,  0.0000 ,  0.0000 ,  0.0000 ,  0.0000 ,
  0.0000 ,  0.0000 ,  0.0000 ,  0.0000 ,  0.0000 ,  0.0000 ,
  0.0000 ,  0.0000 ,  0.0000 ,  0.0000 ,  0.0000 ,  0.0000 ,
  0.0000 ,  0.0000 ,  0.0000 ,  0.0000 ,  0.0000 ,  0.0000 ,
  0.0000 ,  0.0000 ,  0.0000 ,  0.0000 ,  0.0000 ,  0.0000 ,
  0.0000 ,  0.0000 ,  0.0000 ,  0.0000 ,  0.0000 ,  0.0000 ,
  0.0000 ,  0.0000 ,  0.0000 ,  0.0000 ,  0.0000 ,  0.0000 ,
  0.0000 ,  0.0000 ,  0.0000 ,  0.0000 ,  0.0000 ,  0.0000 ,
  0.0000 ,  0.0000 ,  0.0000 ,  0.0000 ,  0.0000 ,  0.0000 ,
  0.0000 ,  0.0000 ,  0.0000 ,  0.0000 ,  0.0000 ,  0.0000 ,
  0.0000 ,  0.0000 ,  0.0000 ,  0.0000 ,  0.0000 ,  0.0000 ,
  0.0000 ,  0.0000 ,  0.0000 ,  0.0000 ,  0.0000 ,  0.0000 ,
  0.0000 ,  0.0000 ,  0.0000 ,  0.0000 ,  0.0000 ,  0.0000 ,
  0.0000 ,  0.0000 ,  0.0000 ,  0.0000 ,  0.0000 ,  0.0000 ,
  0.0000 ,  0.0000 ,  0.0000 ,  0.0000 ,  0.0000 ,  0.0000 ,
  0.0000 ,  0.0000 ,  0.0000 ,  0.0000 ,  0.0000 ,  0.0000 ,
  0.0000 ,  0.0000 ,  0.0000 ,  0.0000 ,  0.0000 ,  0.0000 ,
  0.0000 ,  0.0000 ,  0.0000 ,  0.0000 ,  0.0000 ,  0.0000 ,
  0.0000 ,  0.0000 ,  0.0000 ,  0.0000 ,  0.0000 ,  0.0000 ,
  0.0000 ,  0.0000 ,  0.0000 ,  0.0000 ,  0.0000 ,  0.0000 ,
  0.0000 ,  0.0000 ,  0.0000 ,  0.0000 ,  0.0000 ,  0.0000 ,
  0.0000 ,  0.0000 ,  0.0000 ,  0.0000 ,  0.0000 ,  0.0000 ,
  0.0000 ,  0.0000 ,  0.0000 ,  0.0000 ,  0.0000 ,  0.0000 ,
  0.0000 ,  0.0000 ,  0.0000 ,  0.0000 ,  0.0000 ,  0.0000 ,
  0.0000 ,  0.0000 ,  0.0000 ,  0.0000 ,  0.0000 ,  0.0000 ,
  0.0000 ,  0.0000 ,  0.0000 ,  0.0000 ,  0.0000 ,  0.0000 ,
  0.0000 ,  0.0000 ,  0.0000 ,  0.0000 ,  0.0000 ,  0.0000 ,
  0.0000 ,  0.0000 ,  0.0000 ,  0.0000 ,  0.0000 ,  0.0000 ,
  0.0000 ,  0.0000 ,  0.0000 ,  0.0000 ,  0.0000 ,  0.0000 ,
  0.0000 ,  0.0000 ,  0.0000 ,  0.0000 ,  0.0000 ,  0.0000 ,
  0.0000 ,  0.0000 ,  0.0000 ,  0.0000 ,  0.0000 ,  0.0000 ,
  0.0000 ,  0.0000 ,  0.0000 ,  0.0000 ,  0.0000 ,  0.0000 ,
  0.0000 ,  0.0000 ,  0.0000 ,  0.0000 ,  0.0000 ,  0.0000 ,
  0.0000 ,  0.0000 ,  0.0000 ,  0.0000 ,  0.0000 ,  0.0000 ,
  0.0000 ,  0.0000 ,  0.0000 ,  0.0000 ,  0.0000 ,  0.0000 ,
  0.0000 ,  0.0000 ,  0.0000 ,  0.0000 ,  0.0000 ,  0.0000 ,
  0.0000 ,  0.0000 ,  0.0000 ,  0.0000 ,  0.0000 ,  0.0000 ,
  0.0000 ,  0.0000 ,  0.0000 ,  0.0000 ,  0.0000 ,  0.0000 ,
  0.0000 ,  0.0000 ,  0.0000 ,  0.0000 ,  0.0000 ,  0.0000 ,
  0.0000 ,  0.0000 ,  0.0000 ,  0.0000 ,  0.0000 ,  0.0000 ,
  0.0000 ,  0.0000 ,  0.0000 ,  0.0000 ,  0.0000 ,  0.0000 ,
  0.0000 ,  0.0000 ,  0.0000 ,  0.0000 ,  0.0000 ,  0.0000 ,
  0.0000 ,  0.0000 ,  0.0000 ,  0.0000 ,  0.0000 ,  0.0000 ,
  0.0000 ,  0.0000 ,  0.0000 ,  0.0000 ,  0.0000 ,  0.0000 ,
  0.0000 ,  0.0000 ,  0.0000 ,  0.0000 ,  0.0000 ,  0.0000 ,
  0.0000 ,  0.0000 ,  0.0000 ,  0.0000 ,  0.0000 ,  0.0000 ,
  0.0000 ,  0.0000 ,  0.0000 ,  0.0000 ,  0.0000 ,  0.0000 ,
  0.0000 ,  0.0000 ,  0.0000 ,  0.0000 ,  0.0000 ,  0.0000 ,
  0.0000 ,  0.0000 ,  0.0000 ,  0.0000 ,  0.0000 ,  0.0000 ,
  0.0000 ,  0.0000 ,  0.0000 ,  0.0000 ,  0.0000 ,  0.0000 ,
  0.0000 ,  0.0000 ,  0.0000 ,  0.0000 ,  0.0000 ,  0.0000 ,
  0.0000 ,  0.0000 ,  0.0000 ,  0.0000 ,  0.0000 ,  0.0000 ,
  0.0000 ,  0.0000 ,  0.0000 ,  0.0000 ,  0.0000 ,  0.0000 ,
  0.0000 ,  0.0000 ,  0.0000 ,  0.0000 ,  0.0000 ,  0.0000 ,
  0.0000 ,  0.0000 ,  0.0000 ,  0.0000 ,  0.0000 ,  0.0000 ,
  0.0000 ,  0.0000 ,  0.0000 ,  0.0000 ,  0.0000 ,  0.0000 ,
  0.0000 ,  0.0000 ,  0.0000 ,  0.0000 ,  0.0000 ,  0.0000 ,
  0.0000 ,  0.0000 ,  0.0000 ,  0.0000 ,  0.0000 ,  0.0000 ,
  0.0000 ,  0.0000 ,  0.0000 ,  0.0000 ,  0.0000 ,  0.0000 ,
  0.0000 ,  0.0000 ,  0.0000 ,  0.0000 ,  0.0000 ,  0.0000 ,
  0.0000 ,  0.0000 ,  0.0000 ,  0.0000 ,  0.0000 ,  0.0000 ,
  0.0000 ,  0.0000 ,  0.0000 ,  0.0000 ,  0.0000 ,  0.0000 ,
  0.0000 ,  0.0000 ,  0.0000 ,  0.0000 ,  0.0000 ,  0.0000 ,
  0.0000 ,  0.0000 ,  0.0000 ,  0.0000 ,  0.0000 ,  0.0000 ,
  0.0000 ,  0.0000 ,  0.0000 ,  0.0000 ,  0.0000 ,  0.0000 ,
  0.0000 ,  0.0000 ,  0.0000 ,  0.0000 ,  0.0000 ,  0.0000 ,
  0.0000 ,  0.0000 ,  0.0000 ,  0.0000 ,  0.0000 ,  0.0000 ,
  0.0000 ,  0.0000 ,  0.0000 ,  0.0000 ,  0.0000 ,  0.0000 ,
  0.0000 ,  0.0000 ,  0.0000 ,  0.0000 ,  0.0000 ,  0.0000 ,
  0.0000 ,  0.0000 ,  0.0000 ,  0.0000 ,  0.0000 ,  0.0000 ,
  0.0000 ,  0.0000 ,  0.0000 ,  0.0000 ,  0.0000 ,  0.0000 ,
  0.0000 ,  0.0000 ,  0.0000 ,  0.0000 ,  0.0000 ,  0.0000 ,
  0.0000 ,  0.0000 ,  0.0000 ,  0.0000 ,  0.0000 ,  0.0000 ,
  0.0000 ,  0.0000 ,  0.0000 ,  0.0000 ,  0.0000 ,  0.0000 ,
  0.0000 ,  0.0000 ,  0.0000 ,  0.0000 ,  0.0000 ,  0.0000 ,
  0.0000 ,  0.0000 ,  0.0000 ,  0.0000 ,  0.0000 ,  0.0000 ,
  0.0000 ,  0.0000 ,  0.0000 ,  0.0000 ,  0.0000 ,  0.0000 ,
  0.0000 ,  0.0000 ,  0.0000 ,  0.0000 ,  0.0000 ,  0.0000 ,
  0.0000 ,  0.0000 ,  0.0000 ,  0.0000 ,  0.0000 ,  0.0000 ,
  0.0000 ,  0.0000 ,  0.0000 ,  0.0000 ,  0.0000 ,  0.0000 ,
  0.0000 ,  0.0000 ,  0.0000 ,  0.0000 ,  0.0000 ,  0.0000 ,
  0.0000 ,  0.0000 ,  0.0000 ,  0.0000 ,  0.0000 ,  0.0000 ,
  0.0000 ,  0.0000 ,  0.0000 ,  0.0000 ,  0.0000 ,  0.0000 ,
  0.0000 ,  0.0000 ,  0.0000 ,  0.0000 ,  0.0000 ,  0.0000 ,
  0.0000 ,  0.0000 ,  0.0000 ,  0.0000 ,  0.0000 ,  0.0000 ,
  0.0000 ,  0.0000 ,  0.0000 ,  0.0000 ,  0.0000 ,  0.0000 ,
  0.0000 ,  0.0000 ,  0.0000 ,  0.0000 ,  0.0000 ,  0.0000 ,
  0.0000 ,  0.0000 ,  0.0000 ,  0.0000 ,  0.0000 ,  0.0000 ,
  0.0000 ,  0.0000 ,  0.0000 ,  0.0000 ,  0.0000 ,  0.0000 ,
  0.0000 ,  0.0000 ,  0.0000 ,  0.0000 ,  0.0000 ,  0.0000 ,
  0.0000 ,  0.0000 ,  0.0000 ,  0.0000 ,  0.0000 ,  0.0000 ,
  0.0000 ,  0.0000 ,  0.0000 ,  0.0000 ,  0.0000 ,  0.0000 ,
  0.0000 ,  0.0000 ,  0.0000 ,  0.0000 ,  0.0000 ,  0.0000 ,
  0.0000 ,  0.0000 ,  0.0000 ,  0.0000 ,  0.0000 ,  0.0000 ,
  0.0000 ,  0.0000 ,  0.0000 ,  0.0000 ,  0.0000 ,  0.0000 ,
  0.0000 ,  0.0000 ,  0.0000 ,  0.0000 ,  0.0000 ,  0.0000 ,
  0.0000 ,  0.0000 ,  0.0000 ,  0.0000 ,  0.0000 ,  0.0000 ,
  0.0000 ,  0.0000 ,  0.0000 ,  0.0000 ,  0.0000 ,  0.0000 ,
  0.0000 ,  0.0000 ,  0.0000 ,  0.0000 ,  0.0000 ,  0.0000 ,
  0.0000 ,  0.0000 ,  0.0000 ,  0.0000 ,  0.0000 ,  0.0000 ,
  0.0000 ,  0.0000 ,  0.0000 ,  0.0000 ,  0.0000 ,  0.0000 ,
  0.0000 ,  0.0000 ,  0.0000 ,  0.0000 ,  0.0000 ,  0.0000 ,
  0.0000 ,  0.0000 ,  0.0000 ,  0.0000 ,  0.0000 ,  0.0000 ,
  0.0000 ,  0.0000 ,  0.0000 ,  0.0000 ,  0.0000 ,  0.0000 ,
  0.0000 ,  0.0000 ,  0.0000 ,  0.0000 ,  0.0000 ,  0.0000 ,
  0.0000 ,  0.0000 ,  0.0000 ,  0.0000 ,  0.0000 ,  0.0000 ,
  0.0000 ,  0.0000 ,  0.0000 ,  0.0000 ,  0.0000 ,  0.0000 ,
  0.0000 ,  0.0000 ,  0.0000 ,  0.0000 ,  0.0000 ,  0.0000 ,
  0.0000 ,  0.0000 ,  0.0000 ,  0.0000 ,  0.0000 ,  0.0000 ,
  0.0000 ,  0.0000 ,  0.0000 ,  0.0000 ,  0.0000 ,  0.0000 ,
  0.0000 ,  0.0000 ,  0.0000 ,  0.0000 ,  0.0000 ,  0.0000 ,
  0.0000 ,  0.0000 ,  0.0000 ,  0.0000 ,  0.0000 ,  0.0000 ,
  0.0000 ,  0.0000 ,  0.0000 ,  0.0000 ,  0.0000 ,  0.0000 ,
  0.0000 ,  0.0000 ,  0.0000 ,  0.0000 ,  0.0000 ,  0.0000 ,
  0.0000 ,  0.0000 ,  0.0000 ,  0.0000 ,  0.0000 ,  0.0000 ,
  0.0000 ,  0.0000 ,  0.0000 ,  0.0000 ,  0.0000 ,  0.0000 ,
  0.0000 ,  0.0000 ,  0.0000 ,  0.0000 ,  0.0000 ,  0.0000 ,
  0.0000 ,  0.0000 ,  0.0000 ,  0.0000 ,  0.0000 ,  0.0000 ,
  0.0000 ,  0.0000 ,  0.0000 ,  0.0000 ,  0.0000 ,  0.0000 ,
  0.0000 ,  0.0000 ,  0.0000 ,  0.0000 ,  0.0000 ,  0.0000 ,
  0.0000 ,  0.0000 ,  0.0000 ,  0.0000 ,  0.0000 ,  0.0000 ,
  0.0000 ,  0.0000 ,  0.0000 ,  0.0000 ,  0.0000 ,  0.0000 ,
  0.0000 ,  0.0000 ,  0.0000 ,  0.0000 ,  0.0000 ,  0.0000 ,
  0.0000 ,  0.0000 ,  0.0000 ,  0.0000 ,  0.0000 ,  0.0000 ,
  0.0000 ,  0.0000 ,  0.0000 ,  0.0000 ,  0.0000 ,  0.0000 ,
  0.0000 ,  0.0000 ,  0.0000 ,  0.0000 ,  0.0000 ,  0.0000 ,
  0.0000 ,  0.0000 ,  0.0000 ,  0.0000 ,  0.0000 ,  0.0000 ,
  0.0000 ,  0.0000 ,  0.0000 ,  0.0000 ,  0.0000 ,  0.0000 ,
  0.0000 ,  0.0000 ,  0.0000 ,  0.0000 ,  0.0000 ,  0.0000 ,
  0.0000 ,  0.0000 ,  0.0000 ,  0.0000 ,  0.0000 ,  0.0000 ,
  0.0000 ,  0.0000 ,  0.0000 ,  0.0000 ,  0.0000 ,  0.0000 ,
  0.0000 ,  0.0000 ,  0.0000 ,  0.0000 ,  0.0000 ,  0.0000 ,
  0.0000 ,  0.0000 ,  0.0000 ,  0.0000 ,  0.0000 ,  0.0000 ,
  0.0000 ,  0.0000 ,  0.0000 ,  0.0000 ,  0.0000 ,  0.0000 ,
  0.0000 ,  0.0000 ,  0.0000 ,  0.0000 ,  0.0000 ,  0.0000 ,
  0.0000 ,  0.0000 ,  0.0000 ,  0.0000 ,  0.0000 ,  0.0000 ,
  0.0000 ,  0.0000 ,  0.0000 ,  0.0000 ,  0.0000 ,  0.0000 ,
  0.0000 ,  0.0000 ,  0.0000 ,  0.0000 ,  0.0000 ,  0.0000 ,
  0.0000 ,  0.0000 ,  0.0000 ,  0.0000 ,  0.0000 ,  0.0000 ,
  0.0000 ,  0.0000 ,  0.0000 ,  0.0000 ,  0.0000 ,  0.0000 ,
  0.0000 ,  0.0000 ,  0.0000 ,  0.0000 ,  0.0000 ,  0.0000 ,
  0.0000 ,  0.0000 ,  0.0000 ,  0.0000 ,  0.0000 ,  0.0000 ,
  0.0000 ,  0.0000 ,  0.0000 ,  0.0000 ,  0.0000 ,  0.0000 ,
  0.0000 ,  0.0000 ,  0.0000 ,  0.0000 ,  0.0000 ,  0.0000 ,
  0.0000 ,  0.0000 ,  0.0000 ,  0.0000 ,  0.0000 ,  0.0000 ,
  0.0000 ,  0.0000 ,  0.0000 ,  0.0000 ,  0.0000 ,  0.0000 ,
  0.0000 ,  0.0000 ,  0.0000 ,  0.0000 ,  0.0000 ,  0.0000 ,
  0.0000 ,  0.0000 ,  0.0000 ,  0.0000 ,  0.0000 ,  0.0000 ,
  0.0000 ,  0.0000 ,  0.0000 ,  0.0000 ,  0.0000 ,  0.0000 ,
  0.0000 ,  0.0000 ,  0.0000 ,  0.0000 ,  0.0000 ,  0.0000 ,
  0.0000 ,  0.0000 ,  0.0000 ,  0.0000 ,  0.0000 ,  0.0000 ,
  0.0000 ,  0.0000 ,  0.0000 ,  0.0000 ,  0.0000 ,  0.0000 ,
  0.0000 ,  0.0000 ,  0.0000 ,  0.0000 ,  0.0000 ,  0.0000 ,
  0.0000 ,  0.0000 ,  0.0000 ,  0.0000 ,  0.0000 ,  0.0000 ,
  0.0000 ,  0.0000 ,  0.0000 ,  0.0000 ,  0.0000 ,  0.0000 ,
  0.0000 ,  0.0000 ,  0.0000 ,  0.0000 ,  0.0000 ,  0.0000 ,
  0.0000 ,  0.0000 ,  0.0000 ,  0.0000 ,  0.0000 ,  0.0000 ,
  0.0000 ,  0.0000 ,  0.0000 ,  0.0000 ,  0.0000 ,  0.0000 ,
  0.0000 ,  0.0000 ,  0.0000 ,  0.0000 ,  0.0000 ,  0.0000 ,
  0.0000 ,  0.0000 ,  0.0000 ,  0.0000 ,  0.0000 ,  0.0000 ,
  0.0000 ,  0.0000 ,  0.0000 ,  0.0000 ,  0.0000 ,  0.0000 ,
  0.0000 ,  0.0000 ,  0.0000 ,  0.0000 ,  0.0000 ,  0.0000 ,
  0.0000 ,  0.0000 ,  0.0000 ,  0.0000 ,  0.0000 ,  0.0000 ,
  0.0000 ,  0.0000 ,  0.0000 ,  0.0000 ,  0.0000 ,  0.0000 ,
  0.0000 ,  0.0000 ,  0.0000 ,  0.0000 ,  0.0000 ,  0.0000 ,
  0.0000 ,  0.0000 ,  0.0000 ,  0.0000 ,  0.0000 ,  0.0000 ,
  0.0000 ,  0.0000 ,  0.0000 ,  0.0000 ,  0.0000 ,  0.0000 ,
  0.0000 ,  0.0000 ,  0.0000 ,  0.0000 ,  0.0000 ,  0.0000 ,
  0.0000 ,  0.0000 ,  0.0000 ,  0.0000 ,  0.0000 ,  0.0000 ,
  0.0000 ,  0.0000 ,  0.0000 ,  0.0000 ,  0.0000 ,  0.0000 ,
  0.0000 ,  0.0000 ,  0.0000 ,  0.0000 ,  0.0000 ,  0.0000 ,
  0.0000 ,  0.0000 ,  0.0000 ,  0.0000 ,  0.0000 ,  0.0000 ,
  0.0000 ,  0.0000 ,  0.0000 ,  0.0000 ,  0.0000 ,  0.0000 ,
  0.0000 ,  0.0000 ,  0.0000 ,  0.0000 ,  0.0000 ,  0.0000 ,
  0.0000 ,  0.0000 ,  0.0000 ,  0.0000 ,  0.0000 ,  0.0000 ,
  0.0000 ,  0.0000 ,  0.0000 ,  0.0000 ,  0.0000 ,  0.0000 ,
  0.0000 ,  0.0000 ,  0.0000 ,  0.0000 ,  0.0000 ,  0.0000 ,
  0.0000 ,  0.0000 ,  0.0000 ,  0.0000 ,  0.0000 ,  0.0000 ,
  0.0000 ,  0.0000 ,  0.0000 ,  0.0000 ,  0.0000 ,  0.0000 ,
  0.0000 ,  0.0000 ,  0.0000 ,  0.0000 ,  0.0000 ,  0.0000 ,
  0.0000 ,  0.0000 ,  0.0000 ,  0.0000 ,  0.0000 ,  0.0000 ,
  0.0000 ,  0.0000 ,  0.0000 ,  0.0000 ,  0.0000 ,  0.0000 ,
  0.0000 ,  0.0000 ,  0.0000 ,  0.0000 ,  0.0000 ,  0.0000 ,
  0.0000 ,  0.0000 ,  0.0000 ,  0.0000 ,  0.0000 ,  0.0000 ,
  0.0000 ,  0.0000 ,  0.0000 ,  0.0000 ,  0.0000 ,  0.0000 ,
  0.0000 ,  0.0000 ,  0.0000 ,  0.0000 ,  0.0000 ,  0.0000 ,
  0.0000 ,  0.0000 ,  0.0000 ,  0.0000 ,  0.0000 ,  0.0000 ,
  0.0000 ,  0.0000 ,  0.0000 ,  0.0000 ,  0.0000 ,  0.0000 ,
  0.0000 ,  0.0000 ,  0.0000 ,  0.0000 ,  0.0000 ,  0.0000 ,
  0.0000 ,  0.0000 ,  0.0000 ,  0.0000 ,  0.0000 ,  0.0000 ,
  0.0000 ,  0.0000 ,  0.0000 ,  0.0000 ,  0.0000 ,  0.0000 ,
  0.0000 ,  0.0000 ,  0.0000 ,  0.0000 ,  0.0000 ,  0.0000 ,
  0.0000 ,  0.0000 ,  0.0000 ,  0.0000 ,  0.0000 ,  0.0000 ,
  0.0000 ,  0.0000 ,  0.0000 ,  0.0000 ,  0.0000 ,  0.0000 ,
  0.0000 ,  0.0000 ,  0.0000 ,  0.0000 ,  0.0000 ,  0.0000 ,
  0.0000 ,  0.0000 ,  0.0000 ,  0.0000 ,  0.0000 ,  0.0000 ,
  0.0000 ,  0.0000 ,  0.0000 ,  0.0000 ,  0.0000 ,  0.0000 ,
  0.0000 ,  0.0000 ,  0.0000 ,  0.0000 ,  0.0000 ,  0.0000 ,
  0.0000 ,  0.0000 ,  0.0000 ,  0.0000 ,  0.0000 ,  0.0000 ,
  0.0000 ,  0.0000 ,  0.0000 ,  0.0000 ,  0.0000 ,  0.0000 ,
  0.0000 ,  0.0000 ,  0.0000 ,  0.0000 ,  0.0000 ,  0.0000 ,
  0.0000 ,  0.0000 ,  0.0000 ,  0.0000 ,  0.0000 ,  0.0000 ,
  0.0000 ,  0.0000 ,  0.0000 ,  0.0000 ,  0.0000 ,  0.0000 ,
  0.0000 ,  0.0000 ,  0.0000 ,  0.0000 ,  0.0000 ,  0.0000 ,
  0.0000 ,  0.0000 ,  0.0000 ,  0.0000 ,  0.0000 ,  0.0000 ,
  0.0000 ,  0.0000 ,  0.0000 ,  0.0000 ,  0.0000 ,  0.0000 ,
  0.0000 ,  0.0000 ,  0.0000 ,  0.0000 ,  0.0000 ,  0.0000 ,
  0.0000 ,  0.0000 ,  0.0000 ,  0.0000 ,  0.0000 ,  0.0000 ,
  0.0000 ,  0.0000 ,  0.0000 ,  0.0000 ,  0.0000 ,  0.0000 ,
  0.0000 ,  0.0000 ,  0.0000 ,  0.0000 ,  0.0000 ,  0.0000 ,
  0.0000 ,  0.0000 ,  0.0000 ,  0.0000 ,  0.0000 ,  0.0000 ,
  0.0000 ,  0.0000 ,  0.0000 ,  0.0000 ,  0.0000 ,  0.0000 ,
  0.0000 ,  0.0000 ,  0.0000 ,  0.0000 ,  0.0000 ,  0.0000 ,
  0.0000 ,  0.0000 ,  0.0000 ,  0.0000 ,  0.0000 ,  0.0000 ,
  0.0000 ,  0.0000 ,  0.0000 ,  0.0000 ,  0.0000 ,  0.0000 ,
  0.0000 ,  0.0000 ,  0.0000 ,  0.0000 ,  0.0000 ,  0.0000 ,
  0.0000 ,  0.0000 ,  0.0000 ,  0.0000 ,  0.0000 ,  0.0000 ,
  0.0000 ,  0.0000 ,  0.0000 ,  0.0000 ,  0.0000 ,  0.0000 ,
  0.0000 ,  0.0000 ,  0.0000 ,  0.0000 ,  0.0000 ,  0.0000 ,
  0.0000 ,  0.0000 ,  0.0000 ,  0.0000 ,  0.0000 ,  0.0000 ,
  0.0000 ,  0.0000 ,  0.0000 ,  0.0000 ,  0.0000 ,  0.0000 ,
  0.0000 ,  0.0000 ,  0.0000 ,  0.0000 ,  0.0000 ,  0.0000 ,
  0.0000 ,  0.0000 ,  0.0000 ,  0.0000 ,  0.0000 ,  0.0000 ,
  0.0000 ,  0.0000 ,  0.0000 ,  0.0000 ,  0.0000 ,  0.0000 ,
  0.0000 ,  0.0000 ,  0.0000 ,  0.0000 ,  0.0000 ,  0.0000 ,
  0.0000 ,  0.0000 ,  0.0000 ,  0.0000 ,  0.0000 ,  0.0000 ,
  0.0000 ,  0.0000 ,  0.0000 ,  0.0000 ,  0.0000 ,  0.0000 ,
  0.0000 ,  0.0000 ,  0.0000 ,  0.0000 ,  0.0000 ,  0.0000 ,
  0.0000 ,  0.0000 ,  0.0000 ,  0.0000 ,  0.0000 ,  0.0000 ,
  0.0000 ,  0.0000 ,  0.0000 ,  0.0000 ,  0.0000 ,  0.0000 ,
  0.0000 ,  0.0000 ,  0.0000 ,  0.0000 ,  0.0000 ,  0.0000 ,
  0.0000 ,  0.0000 ,  0.0000 ,  0.0000 ,  0.0000 ,  0.0000 ,
  0.0000 ,  0.0000 ,  0.0000 ,  0.0000 ,  0.0000 ,  0.0000 ,
  0.0000 ,  0.0000 ,  0.0000 ,  0.0000 ,  0.0000 ,  0.0000 ,
  0.0000 ,  0.0000 ,  0.0000 ,  0.0000 ,  0.0000 ,  0.0000 ,
  0.0000 ,  0.0000 ,  0.0000 ,  0.0000 ,  0.0000 ,  0.0000 ,
  0.0000 ,  0.0000 ,  0.0000 ,  0.0000 ,  0.0000 ,  0.0000 ,
  0.0000 ,  0.0000 ,  0.0000 ,  0.0000 ,  0.0000 ,  0.0000 ,
  0.0000 ,  0.0000 ,  0.0000 ,  0.0000 ,  0.0000 ,  0.0000 ,
  0.0000 ,  0.0000 ,  0.0000 ,  0.0000 ,  0.0000 ,  0.0000 ,
  0.0000 ,  0.0000 ,  0.0000 ,  0.0000 ,  0.0000 ,  0.0000 ,
  0.0000 ,  0.0000 ,  0.0000 ,  0.0000 ,  0.0000 ,  0.0000 ,
  0.0000 ,  0.0000 ,  0.0000 ,  0.0000 ,  0.0000 ,  0.0000 ,
  0.0000 ,  0.0000 ,  0.0000 ,  0.0000 ,  0.0000 ,  0.0000 ,
  0.0000 ,  0.0000 ,  0.0000 ,  0.0000 ,  0.0000 ,  0.0000 ,
  0.0000 ,  0.0000 ,  0.0000 ,  0.0000 ,  0.0000 ,  0.0000 ,
  0.0000 ,  0.0000 ,  0.0000 ,  0.0000 ,  0.0000 ,  0.0000 ,
  0.0000 ,  0.0000 ,  0.0000 ,  0.0000 ,  0.0000 ,  0.0000 ,
  0.0000 ,  0.0000 ,  0.0000 ,  0.0000 ,  0.0000 ,  0.0000 ,
  0.0000 ,  0.0000 ,  0.0000 ,  0.0000 ,  0.0000 ,  0.0000 ,
  0.0000 ,  0.0000 ,  0.0000 ,  0.0000 ,  0.0000 ,  0.0000 ,
  0.0000 ,  0.0000 ,  0.0000 ,  0.0000 ,  0.0000 ,  0.0000 ,
  0.0000 ,  0.0000 ,  0.0000 ,  0.0000 ,  0.0000 ,  0.0000 ,
  0.0000 ,  0.0000 ,  0.0000 ,  0.0000 ,  0.0000 ,  0.0000 ,
  0.0000 ,  0.0000 ,  0.0000 ,  0.0000 ,  0.0000 ,  0.0000 ,
  0.0000 ,  0.0000 ,  0.0000 ,  0.0000 ,  0.0000 ,  0.0000 ,
  0.0000 ,  0.0000 ,  0.0000 ,  0.0000 ,  0.0000 ,  0.0000 ,
  0.0000 ,  0.0000 ,  0.0000 ,  0.0000 ,  0.0000 ,  0.0000 ,
  0.0000 ,  0.0000 ,  0.0000 ,  0.0000 ,  0.0000 ,  0.0000 ,
  0.0000 ,  0.0000 ,  0.0000 ,  0.0000 ,  0.0000 ,  0.0000 ,
  0.0000 ,  0.0000 ,  0.0000 ,  0.0000 ,  0.0000 ,  0.0000 ,
  0.0000 ,  0.0000 ,  0.0000 ,  0.0000 ,  0.0000 ,  0.0000 ,
  0.0000 ,  0.0000 ,  0.0000 ,  0.0000 ,  0.0000 ,  0.0000 ,
  0.0000 ,  0.0000 ,  0.0000 ,  0.0000 ,  0.0000 ,  0.0000 ,
  0.0000 ,  0.0000 ,  0.0000 ,  0.0000 ,  0.0000 ,  0.0000 ,
  0.0000 ,  0.0000 ,  0.0000 ,  0.0000 ,  0.0000 ,  0.0000 ,
  0.0000 ,  0.0000 ,  0.0000 ,  0.0000 ,  0.0000 ,  0.0000 ,
  0.0000 ,  0.0000 ,  0.0000 ,  0.0000 ,  0.0000 ,  0.0000 ,
  0.0000 ,  0.0000 ,  0.0000 ,  0.0000 ,  0.0000 ,  0.0000 ,
  0.0000 ,  0.0000 ,  0.0000 ,  0.0000 ,  0.0000 ,  0.0000 ,
  0.0000 ,  0.0000 ,  0.0000 ,  0.0000 ,  0.0000 ,  0.0000 ,
  0.0000 ,  0.0000 ,  0.0000 ,  0.0000 ,  0.0000 ,  0.0000 ,
  0.0000 ,  0.0000 ,  0.0000 ,  0.0000 ,  0.0000 ,  0.0000 ,
  0.0000 ,  0.0000 ,  0.0000 ,  0.0000 ,  0.0000 ,  0.0000 ,
  0.0000 ,  0.0000 ,  0.0000 ,  0.0000 ,  0.0000 ,  0.0000 ,
  0.0000 ,  0.0000 ,  0.0000 ,  0.0000 ,  0.0000 ,  0.0000 ,
  0.0000 ,  0.0000 ,  0.0000 ,  0.0000 ,  0.0000 ,  0.0000 ,
  0.0000 ,  0.0000 ,  0.0000 ,  0.0000 ,  0.0000 ,  0.0000 ,
  0.0000 ,  0.0000 ,  0.0000 ,  0.0000 ,  0.0000 ,  0.0000 ,
  0.0000 ,  0.0000 ,  0.0000 ,  0.0000 ,  0.0000 ,  0.0000 ,
  0.0000 ,  0.0000 ,  0.0000 ,  0.0000 ,  0.0000 ,  0.0000 ,
  0.0000 ,  0.0000 ,  0.0000 ,  0.0000 ,  0.0000 ,  0.0000 ,
  0.0000 ,  0.0000 ,  0.0000 ,  0.0000 ,  0.0000 ,  0.0000 ,
  0.0000 ,  0.0000 ,  0.0000 ,  0.0000 ,  0.0000 ,  0.0000 ,
  0.0000 ,  0.0000 ,  0.0000 ,  0.0000 ,  0.0000 ,  0.0000 ,
  0.0000 ,  0.0000 ,  0.0000 ,  0.0000 ,  0.0000 ,  0.0000 ,
  0.0000 ,  0.0000 ,  0.0000 ,  0.0000 ,  0.0000 ,  0.0000 ,
  0.0000 ,  0.0000 ,  0.0000 ,  0.0000 ,  0.0000 ,  0.0000 ,
  0.0000 ,  0.0000 ,  0.0000 ,  0.0000 ,  0.0000 ,  0.0000 ,
  0.0000 ,  0.0000 ,  0.0000 ,  0.0000 ,  0.0000 ,  0.0000 ,
  0.0000 ,  0.0000 ,  0.0000 ,  0.0000 ,  0.0000 ,  0.0000 ,
  0.0000 ,  0.0000 ,  0.0000 ,  0.0000 ,  0.0000 ,  0.0000 ,
  0.0000 ,  0.0000 ,  0.0000 ,  0.0000 ,  0.0000 ,  0.0000 ,
  0.0000 ,  0.0000 ,  0.0000 ,  0.0000 ,  0.0000 ,  0.0000 ,
  0.0000 ,  0.0000 ,  0.0000 ,  0.0000 ,  0.0000 ,  0.0000 ,
  0.0000 ,  0.0000 ,  0.0000 ,  0.0000 ,  0.0000 ,  0.0000 ,
  0.0000 ,  0.0000 ,  0.0000 ,  0.0000 ,  0.0000 ,  0.0000 ,
  0.0000 ,  0.0000 ,  0.0000 ,  0.0000 ,  0.0000 ,  0.0000 ,
  0.0000 ,  0.0000 ,  0.0000 ,  0.0000 ,  0.0000 ,  0.0000 ,
  0.0000 ,  0.0000 ,  0.0000 ,  0.0000 ,  0.0000 ,  0.0000 ,
  0.0000 ,  0.0000 ,  0.0000 ,  0.0000 ,  0.0000 ,  0.0000 ,
  0.0000 ,  0.0000 ,  0.0000 ,  0.0000 ,  0.0000 ,  0.0000 ,
  0.0000 ,  0.0000 ,  0.0000 ,  0.0000 ,  0.0000 ,  0.0000 ,
  0.0000 ,  0.0000 ,  0.0000 ,  0.0000 ,  0.0000 ,  0.0000 ,
  0.0000 ,  0.0000 ,  0.0000 ,  0.0000 ,  0.0000 ,  0.0000 ,
  0.0000 ,  0.0000 ,  0.0000 ,  0.0000 ,  0.0000 ,  0.0000 ,
  0.0000 ,  0.0000 ,  0.0000 ,  0.0000 ,  0.0000 ,  0.0000 ,
  0.0000 ,  0.0000 ,  0.0000 ,  0.0000 ,  0.0000 ,  0.0000 ,
  0.0000 ,  0.0000 ,  0.0000 ,  0.0000 ,  0.0000 ,  0.0000 ,
  0.0000 ,  0.0000 ,  0.0000 ,  0.0000 ,  0.0000 ,  0.0000 ,
  0.0000 ,  0.0000 ,  0.0000 ,  0.0000 ,  0.0000 ,  0.0000 ,
  0.0000 ,  0.0000 ,  0.0000 ,  0.0000 ,  0.0000 ,  0.0000 ,
  0.0000 ,  0.0000 ,  0.0000 ,  0.0000 ,  0.0000 ,  0.0000 ,
  0.0000 ,  0.0000 ,  0.0000 ,  0.0000 ,  0.0000 ,  0.0000 ,
  0.0000 ,  0.0000 ,  0.0000 ,  0.0000 ,  0.0000 ,  0.0000 ,
  0.0000 ,  0.0000 ,  0.0000 ,  0.0000 ,  0.0000 ,  0.0000 ,
  0.0000 ,  0.0000 ,  0.0000 ,  0.0000 ,  0.0000 ,  0.0000 ,
  0.0000 ,  0.0000 ,  0.0000 ,  0.0000 ,  0.0000 ,  0.0000 ,
  0.0000 ,  0.0000 ,  0.0000 ,  0.0000 ,  0.0000 ,  0.0000 ,
  0.0000 ,  0.0000 ,  0.0000 ,  0.0000 ,  0.0000 ,  0.0000 ,
  0.0000 ,  0.0000 ,  0.0000 ,  0.0000 ,  0.0000 ,  0.0000 ,
  0.0000 ,  0.0000 ,  0.0000 ,  0.0000 ,  0.0000 ,  0.0000 ,
  0.0000 ,  0.0000 ,  0.0000 ,  0.0000 ,  0.0000 ,  0.0000 ,
  0.0000 ,  0.0000 ,  0.0000 ,  0.0000 ,  0.0000 ,  0.0000 ,
  0.0000 ,  0.0000 ,  0.0000 ,  0.0000 ,  0.0000 ,  0.0000 ,
  0.0000 ,  0.0000 ,  0.0000 ,  0.0000 ,  0.0000 ,  0.0000 ,
  0.0000 ,  0.0000 ,  0.0000 ,  0.0000 ,  0.0000 ,  0.0000 ,
  0.0000 ,  0.0000 ,  0.0000 ,  0.0000 ,  0.0000 ,  0.0000 ,
  0.0000 ,  0.0000 ,  0.0000 ,  0.0000 ,  0.0000 ,  0.0000 ,
  0.0000 ,  0.0000 ,  0.0000 ,  0.0000 ,  0.0000 ,  0.0000 ,
  0.0000 ,  0.0000 ,  0.0000 ,  0.0000 ,  0.0000 ,  0.0000 ,
  0.0000 ,  0.0000 ,  0.0000 ,  0.0000 ,  0.0000 ,  0.0000 ,
  0.0000 ,  0.0000 ,  0.0000 ,  0.0000 ,  0.0000 ,  0.0000 ,
  0.0000 ,  0.0000 ,  0.0000 ,  0.0000 ,  0.0000 ,  0.0000 ,
  0.0000 ,  0.0000 ,  0.0000 ,  0.0000 ,  0.0000 ,  0.0000 ,
  0.0000 ,  0.0000 ,  0.0000 ,  0.0000 ,  0.0000 ,  0.0000 ,
  0.0000 ,  0.0000 ,  0.0000 ,  0.0000 ,  0.0000 ,  0.0000 ,
  0.0000 ,  0.0000 ,  0.0000 ,  0.0000 ,  0.0000 ,  0.0000 ,
  0.0000 ,  0.0000 ,  0.0000 ,  0.0000 ,  0.0000 ,  0.0000 ,
  0.0000 ,  0.0000 ,  0.0000 ,  0.0000 ,  0.0000 ,  0.0000 ,
  0.0000 ,  0.0000 ,  0.0000 ,  0.0000 ,  0.0000 ,  0.0000 ,
  0.0000 ,  0.0000 ,  0.0000 ,  0.0000 ,  0.0000 ,  0.0000 ,
  0.0000 ,  0.0000 ,  0.0000 ,  0.0000 ,  0.0000 ,  0.0000 ,
  0.0000 ,  0.0000 ,  0.0000 ,  0.0000 ,  0.0000 ,  0.0000 ,
  0.0000 ,  0.0000 ,  0.0000 ,  0.0000 ,  0.0000 ,  0.0000 ,
  0.0000 ,  0.0000 ,  0.0000 ,  0.0000 ,  0.0000 ,  0.0000 ,
  0.0000 ,  0.0000 ,  0.0000 ,  0.0000 ,  0.0000 ,  0.0000 ,
  0.0000 ,  0.0000 ,  0.0000 ,  0.0000 ,  0.0000 ,  0.0000 ,
  0.0000 ,  0.0000 ,  0.0000 ,  0.0000 ,  0.0000 ,  0.0000 ,
  0.0000 ,  0.0000 ,  0.0000 ,  0.0000 ,  0.0000 ,  0.0000 ,
  0.0000 ,  0.0000 ,  0.0000 ,  0.0000 ,  0.0000 ,  0.0000 ,
  0.0000 ,  0.0000 ,  0.0000 ,  0.0000 ,  0.0000 ,  0.0000 ,
  0.0000 ,  0.0000 ,  0.0000 ,  0.0000 ,  0.0000 ,  0.0000 ,
  0.0000 ,  0.0000 ,  0.0000 ,  0.0000 ,  0.0000 ,  0.0000 ,
  0.0000 ,  0.0000 ,  0.0000 ,  0.0000 ,  0.0000 ,  0.0000 ,
  0.0000 ,  0.0000 ,  0.0000 ,  0.0000 ,  0.0000 ,  0.0000 ,
  0.0000 ,  0.0000 ,  0.0000 ,  0.0000 ,  0.0000 ,  0.0000 ,
  0.0000 ,  0.0000 ,  0.0000 ,  0.0000 ,  0.0000 ,  0.0000 ,
  0.0000 ,  0.0000 ,  0.0000 ,  0.0000 ,  0.0000 ,  0.0000 ,
  0.0000 ,  0.0000 ,  0.0000 ,  0.0000 ,  0.0000 ,  0.0000 ,
  0.0000 ,  0.0000 ,  0.0000 ,  0.0000 ,  0.0000 ,  0.0000 ,
  0.0000 ,  0.0000 ,  0.0000 ,  0.0000 ,  0.0000 ,  0.0000 ,
  0.0000 ,  0.0000 ,  0.0000 ,  0.0000 ,  0.0000 ,  0.0000 ,
  0.0000 ,  0.0000 ,  0.0000 ,  0.0000 ,  0.0000 ,  0.0000 ,
  0.0000 ,  0.0000 ,  0.0000 ,  0.0000 ,  0.0000 ,  0.0000 ,
  0.0000 ,  0.0000 ,  0.0000 ,  0.0000 ,  0.0000 ,  0.0000 ,
  0.0000 ,  0.0000 ,  0.0000 ,  0.0000 ,  0.0000 ,  0.0000 ,
  0.0000 ,  0.0000 ,  0.0000 ,  0.0000 ,  0.0000 ,  0.0000 ,
  0.0000 ,  0.0000 ,  0.0000 ,  0.0000 ,  0.0000 ,  0.0000 ,
  0.0000 ,  0.0000 ,  0.0000 ,  0.0000 ,  0.0000 ,  0.0000 ,
  0.0000 ,  0.0000 ,  0.0000 ,  0.0000 ,  0.0000 ,  0.0000 ,
  0.0000 ,  0.0000 ,  0.0000 ,  0.0000 ,  0.0000 ,  0.0000 ,
  0.0000 ,  0.0000 ,  0.0000 ,  0.0000 ,  0.0000 ,  0.0000 ,
  0.0000 ,  0.0000 ,  0.0000 ,  0.0000 ,  0.0000 ,  0.0000 ,
  0.0000 ,  0.0000 ,  0.0000 ,  0.0000 ,  0.0000 ,  0.0000 ,
  0.0000 ,  0.0000 ,  0.0000 ,  0.0000 ,  0.0000 ,  0.0000 ,
  0.0000 ,  0.0000 ,  0.0000 ,  0.0000 ,  0.0000 ,  0.0000 ,
  0.0000 ,  0.0000 ,  0.0000 ,  0.0000 ,  0.0000 ,  0.0000 ,
  0.0000 ,  0.0000 ,  0.0000 ,  0.0000 ,  0.0000 ,  0.0000 ,
  0.0000 ,  0.0000 ,  0.0000 ,  0.0000 ,  0.0000 ,  0.0000 ,
  0.0000 ,  0.0000 ,  0.0000 ,  0.0000 ,  0.0000 ,  0.0000 ,
  0.0000 ,  0.0000 ,  0.0000 ,  0.0000 ,  0.0000 ,  0.0000 ,
  0.0000 ,  0.0000 ,  0.0000 ,  0.0000 ,  0.0000 ,  0.0000 ,
  0.0000 ,  0.0000 ,  0.0000 ,  0.0000 ,  0.0000 ,  0.0000 ,
  0.0000 ,  0.0000 ,  0.0000 ,  0.0000 ,  0.0000 ,  0.0000 ,
  0.0000 ,  0.0000 ,  0.0000 ,  0.0000 ,  0.0000 ,  0.0000 ,
  0.0000 ,  0.0000 ,  0.0000 ,  0.0000 ,  0.0000 ,  0.0000 ,
  0.0000 ,  0.0000 ,  0.0000 ,  0.0000 ,  0.0000 ,  0.0000 ,
  0.0000 ,  0.0000 ,  0.0000 ,  0.0000 ,  0.0000 ,  0.0000 ,
  0.0000 ,  0.0000 ,  0.0000 ,  0.0000 ,  0.0000 ,  0.0000 ,
  0.0000 ,  0.0000 ,  0.0000 ,  0.0000 ,  0.0000 ,  0.0000 ,
  0.0000 ,  0.0000 ,  0.0000 ,  0.0000 ,  0.0000 ,  0.0000 ,
  0.0000 ,  0.0000 ,  0.0000 ,  0.0000 ,  0.0000 ,  0.0000 ,
  0.0000 ,  0.0000 ,  0.0000 ,  0.0000 ,  0.0000 ,  0.0000 ,
  0.0000 ,  0.0000 ,  0.0000 ,  0.0000 ,  0.0000 ,  0.0000 ,
  0.0000 ,  0.0000 ,  0.0000 ,  0.0000 ,  0.0000 ,  0.0000 ,
  0.0000 ,  0.0000 ,  0.0000 ,  0.0000 ,  0.0000 ,  0.0000 ,
  0.0000 ,  0.0000 ,  0.0000 ,  0.0000 ,  0.0000 ,  0.0000 ,
  0.0000 ,  0.0000 ,  0.0000 ,  0.0000 ,  0.0000 ,  0.0000 ,
  0.0000 ,  0.0000 ,  0.0000 ,  0.0000 ,  0.0000 ,  0.0000 ,
  0.0000 ,  0.0000 ,  0.0000 ,  0.0000 ,  0.0000 ,  0.0000 ,
  0.0000 ,  0.0000 ,  0.0000 ,  0.0000 ,  0.0000 ,  0.0000 ,
  0.0000 ,  0.0000 ,  0.0000 ,  0.0000 ,  0.0000 ,  0.0000 ,
  0.0000 ,  0.0000 ,  0.0000 ,  0.0000 ,  0.0000 ,  0.0000 ,
  0.0000 ,  0.0000 ,  0.0000 ,  0.0000 ,  0.0000 ,  0.0000 ,
  0.0000 ,  0.0000 ,  0.0000 ,  0.0000 ,  0.0000 ,  0.0000 ,
  0.0000 ,  0.0000 ,  0.0000 ,  0.0000 ,  0.0000 ,  0.0000 ,
  0.0000 ,  0.0000 ,  0.0000 ,  0.0000 ,  0.0000 ,  0.0000 ,
  0.0000 ,  0.0000 ,  0.0000 ,  0.0000 ,  0.0000 ,  0.0000 ,
  0.0000 ,  0.0000 ,  0.0000 ,  0.0000 ,  0.0000 ,  0.0000 ,
  0.0000 ,  0.0000 ,  0.0000 ,  0.0000 ,  0.0000 ,  0.0000 ,
  0.0000 ,  0.0000 ,  0.0000 ,  0.0000 ,  0.0000 ,  0.0000 ,
  0.0000 ,  0.0000 ,  0.0000 ,  0.0000 ,  0.0000 ,  0.0000 ,
  0.0000 ,  0.0000 ,  0.0000 ,  0.0000 ,  0.0000 ,  0.0000 ,
  0.0000 ,  0.0000 ,  0.0000 ,  0.0000 ,  0.0000 ,  0.0000 ,
  0.0000 ,  0.0000 ,  0.0000 ,  0.0000 ,  0.0000 ,  0.0000 ,
  0.0000 ,  0.0000 ,  0.0000 ,  0.0000 ,  0.0000 ,  0.0000 ,
  0.0000 ,  0.0000 ,  0.0000 ,  0.0000 ,  0.0000 ,  0.0000 ,
  0.0000 ,  0.0000 ,  0.0000 ,  0.0000 ,  0.0000 ,  0.0000 ,
  0.0000 ,  0.0000 ,  0.0000 ,  0.0000 ,  0.0000 ,  0.0000 ,
  0.0000 ,  0.0000 ,  0.0000 ,  0.0000 ,  0.0000 ,  0.0000 ,
  0.0000 ,  0.0000 ,  0.0000 ,  0.0000 ,  0.0000 ,  0.0000 ,
  0.0000 ,  0.0000 ,  0.0000 ,  0.0000 ,  0.0000 ,  0.0000 ,
  0.0000 ,  0.0000 ,  0.0000 ,  0.0000 ,  0.0000 ,  0.0000 ,
  0.0000 ,  0.0000 ,  0.0000 ,  0.0000 ,  0.0000 ,  0.0000 ,
  0.0000 ,  0.0000 ,  0.0000 ,  0.0000 ,  0.0000 ,  0.0000 ,
  0.0000 ,  0.0000 ,  0.0000 ,  0.0000 ,  0.0000 ,  0.0000 ,
  0.0000 ,  0.0000 ,  0.0000 ,  0.0000 ,  0.0000 ,  0.0000 ,
  0.0000 ,  0.0000 ,  0.0000 ,  0.0000 ,  0.0000 ,  0.0000 ,
  0.0000 ,  0.0000 ,  0.0000 ,  0.0000 ,  0.0000 ,  0.0000 ,
  0.0000 ,  0.0000 ,  0.0000 ,  0.0000 ,  0.0000 ,  0.0000 ,
  0.0000 ,  0.0000 ,  0.0000 ,  0.0000 ,  0.0000 ,  0.0000 ,
  0.0000 ,  0.0000 ,  0.0000 ,  0.0000 ,  0.0000 ,  0.0000 ,
  0.0000 ,  0.0000 ,  0.0000 ,  0.0000 ,  0.0000 ,  0.0000 ,
  0.0000 ,  0.0000 ,  0.0000 ,  0.0000 ,  0.0000 ,  0.0000 ,
  0.0000 ,  0.0000 ,  0.0000 ,  0.0000 ,  0.0000 ,  0.0000 ,
  0.0000 ,  0.0000 ,  0.0000 ,  0.0000 ,  0.0000 ,  0.0000 ,
  0.0000 ,  0.0000 ,  0.0000 ,  0.0000 ,  0.0000 ,  0.0000 ,
  0.0000 ,  0.0000 ,  0.0000 ,  0.0000 ,  0.0000 ,  0.0000 ,
  0.0000 ,  0.0000 ,  0.0000 ,  0.0000 ,  0.0000 ,  0.0000 ,
  0.0000 ,  0.0000 ,  0.0000 ,  0.0000 ,  0.0000 ,  0.0000 ,
  0.0000 ,  0.0000 ,  0.0000 ,  0.0000 ,  0.0000 ,  0.0000 ,
  0.0000 ,  0.0000 ,  0.0000 ,  0.0000 ,  0.0000 ,  0.0000 ,
  0.0000 ,  0.0000 ,  0.0000 ,  0.0000 ,  0.0000 ,  0.0000 ,
  0.0000 ,  0.0000 ,  0.0000 ,  0.0000 ,  0.0000 ,  0.0000 ,
  0.0000 ,  0.0000 ,  0.0000 ,  0.0000 ,  0.0000 ,  0.0000 ,
  0.0000 ,  0.0000 ,  0.0000 ,  0.0000 ,  0.0000 ,  0.0000 ,
  0.0000 ,  0.0000 ,  0.0000 ,  0.0000 ,  0.0000 ,  0.0000 ,
  0.0000 ,  0.0000 ,  0.0000 ,  0.0000 ,  0.0000 ,  0.0000 ,
  0.0000 ,  0.0000 ,  0.0000 ,  0.0000 ,  0.0000 ,  0.0000 ,
  0.0000 ,  0.0000 ,  0.0000 ,  0.0000 ,  0.0000 ,  0.0000 ,
  0.0000 ,  0.0000 ,  0.0000 ,  0.0000 ,  0.0000 ,  0.0000 ,
  0.0000 ,  0.0000 ,  0.0000 ,  0.0000 ,  0.0000 ,  0.0000 ,
  0.0000 ,  0.0000 ,  0.0000 ,  0.0000 ,  0.0000 ,  0.0000 ,
  0.0000 ,  0.0000 ,  0.0000 ,  0.0000 ,  0.0000 ,  0.0000 ,
  0.0000 ,  0.0000 ,  0.0000 ,  0.0000 ,  0.0000 ,  0.0000 ,
  0.0000 ,  0.0000 ,  0.0000 ,  0.0000 ,  0.0000 ,  0.0000 ,
  0.0000 ,  0.0000 ,  0.0000 ,  0.0000 ,  0.0000 ,  0.0000 ,
  0.0000 ,  0.0000 ,  0.0000 ,  0.0000 ,  0.0000 ,  0.0000 ,
  0.0000 ,  0.0000 ,  0.0000 ,  0.0000 ,  0.0000 ,  0.0000 ,
  0.0000 ,  0.0000 ,  0.0000 ,  0.0000 ,  0.0000 ,  0.0000 ,
  0.0000 ,  0.0000 ,  0.0000 ,  0.0000 ,  0.0000 ,  0.0000 ,
  0.0000 ,  0.0000 ,  0.0000 ,  0.0000 ,  0.0000 ,  0.0000 ,
  0.0000 ,  0.0000 ,  0.0000 ,  0.0000 ,  0.0000 ,  0.0000 ,
  0.0000 ,  0.0000 ,  0.0000 ,  0.0000 ,  0.0000 ,  0.0000 ,
  0.0000 ,  0.0000 ,  0.0000 ,  0.0000 ,  0.0000 ,  0.0000 ,
  0.0000 ,  0.0000 ,  0.0000 ,  0.0000 ,  0.0000 ,  0.0000 ,
  0.0000 ,  0.0000 ,  0.0000 ,  0.0000 ,  0.0000 ,  0.0000 ,
  0.0000 ,  0.0000 ,  0.0000 ,  0.0000 ,  0.0000 ,  0.0000 ,
  0.0000 ,  0.0000 ,  0.0000 ,  0.0000 ,  0.0000 ,  0.0000 ,
  0.0000 ,  0.0000 ,  0.0000 ,  0.0000 ,  0.0000 ,  0.0000 ,
  0.0000 ,  0.0000 ,  0.0000 ,  0.0000 ,  0.0000 ,  0.0000 ,
  0.0000 ,  0.0000 ,  0.0000 ,  0.0000 ,  0.0000 ,  0.0000 ,
  0.0000 ,  0.0000 ,  0.0000 ,  0.0000 ,  0.0000 ,  0.0000 ,
  0.0000 ,  0.0000 ,  0.0000 ,  0.0000 ,  0.0000 ,  0.0000 ,
  0.0000 ,  0.0000 ,  0.0000 ,  0.0000 ,  0.0000 ,  0.0000 ,
  0.0000 ,  0.0000 ,  0.0000 ,  0.0000 ,  0.0000 ,  0.0000 ,
  0.0000 ,  0.0000 ,  0.0000 ,  0.0000 ,  0.0000 ,  0.0000 ,
  0.0000 ,  0.0000 ,  0.0000 ,  0.0000 ,  0.0000 ,  0.0000 ,
  0.0000 ,  0.0000 ,  0.0000 ,  0.0000 ,  0.0000 ,  0.0000 ,
  0.0000 ,  0.0000 ,  0.0000 ,  0.0000 ,  0.0000 ,  0.0000 ,
  0.0000 ,  0.0000 ,  0.0000 ,  0.0000 ,  0.0000 ,  0.0000 ,
  0.0000 ,  0.0000 ,  0.0000 ,  0.0000 ,  0.0000 ,  0.0000 ,
  0.0000 ,  0.0000 ,  0.0000 ,  0.0000 ,  0.0000 ,  0.0000 ,
  0.0000 ,  0.0000 ,  0.0000 ,  0.0000 ,  0.0000 ,  0.0000 ,
  0.0000 ,  0.0000 ,  0.0000 ,  0.0000 ,  0.0000 ,  0.0000 ,
  0.0000 ,  0.0000 ,  0.0000 ,  0.0000 ,  0.0000 ,  0.0000 ,
  0.0000 ,  0.0000 ,  0.0000 ,  0.0000 ,  0.0000 ,  0.0000 ,
  0.0000 ,  0.0000 ,  0.0000 ,  0.0000 ,  0.0000 ,  0.0000 ,
  0.0000 ,  0.0000 ,  0.0000 ,  0.0000 ,  0.0000 ,  0.0000 ,
  0.0000 ,  0.0000 ,  0.0000 ,  0.0000 ,  0.0000 ,  0.0000 ,
  0.0000 ,  0.0000 ,  0.0000 ,  0.0000 ,  0.0000 ,  0.0000 ,
  0.0000 ,  0.0000 ,  0.0000 ,  0.0000 ,  0.0000 ,  0.0000 ,
  0.0000 ,  0.0000 ,  0.0000 ,  0.0000 ,  0.0000 ,  0.0000 ,
  0.0000 ,  0.0000 ,  0.0000 ,  0.0000 ,  0.0000 ,  0.0000 ,
  0.0000 ,  0.0000 ,  0.0000 ,  0.0000 ,  0.0000 ,  0.0000 ,
  0.0000 ,  0.0000 ,  0.0000 ,  0.0000 ,  0.0000 ,  0.0000 ,
  0.0000 ,  0.0000 ,  0.0000 ,  0.0000 ,  0.0000 ,  0.0000 ,
  0.0000 ,  0.0000 ,  0.0000 ,  0.0000 ,  0.0000 ,  0.0000 ,
  0.0000 ,  0.0000 ,  0.0000 ,  0.0000 ,  0.0000 ,  0.0000 ,
  0.0000 ,  0.0000 ,  0.0000 ,  0.0000 ,  0.0000 ,  0.0000 ,
  0.0000 ,  0.0000 ,  0.0000 ,  0.0000 ,  0.0000 ,  0.0000 ,
  0.0000 ,  0.0000 ,  0.0000 ,  0.0000 ,  0.0000 ,  0.0000 ,
  0.0000 ,  0.0000 ,  0.0000 ,  0.0000 ,  0.0000 ,  0.0000 ,
  0.0000 ,  0.0000 ,  0.0000 ,  0.0000 ,  0.0000 ,  0.0000 ,
  0.0000 ,  0.0000 ,  0.0000 ,  0.0000 ,  0.0000 ,  0.0000 ,
  0.0000 ,  0.0000 ,  0.0000 ,  0.0000 ,  0.0000 ,  0.0000 ,
  0.0000 ,  0.0000 ,  0.0000 ,  0.0000 ,  0.0000 ,  0.0000 ,
  0.0000 ,  0.0000 ,  0.0000 ,  0.0000 ,  0.0000 ,  0.0000 ,
  0.0000 ,  0.0000 ,  0.0000 ,  0.0000 ,  0.0000 ,  0.0000 ,
  0.0000 ,  0.0000 ,  0.0000 ,  0.0000 ,  0.0000 ,  0.0000 ,
  0.0000 ,  0.0000 ,  0.0000 ,  0.0000 ,  0.0000 ,  0.0000 ,
  0.0000 ,  0.0000 ,  0.0000 ,  0.0000 ,  0.0000 ,  0.0000 ,
  0.0000 ,  0.0000 ,  0.0000 ,  0.0000 ,  0.0000 ,  0.0000 ,
  0.0000 ,  0.0000 ,  0.0000 ,  0.0000 ,  0.0000 ,  0.0000 ,
  0.0000 ,  0.0000 ,  0.0000 ,  0.0000 ,  0.0000 ,  0.0000 ,
  0.0000 ,  0.0000 ,  0.0000 ,  0.0000 ,  0.0000 ,  0.0000 ,
  0.0000 ,  0.0000 ,  0.0000 ,  0.0000 ,  0.0000 ,  0.0000 ,
  0.0000 ,  0.0000 ,  0.0000 ,  0.0000 ,  0.0000 ,  0.0000 ,
  0.0000 ,  0.0000 ,  0.0000 ,  0.0000 ,  0.0000 ,  0.0000 ,
  0.0000 ,  0.0000 ,  0.0000 ,  0.0000 ,  0.0000 ,  0.0000 ,
  0.0000 ,  0.0000 ,  0.0000 ,  0.0000 ,  0.0000 ,  0.0000 ,
  0.0000 ,  0.0000 ,  0.0000 ,  0.0000 ,  0.0000 ,  0.0000 ,
  0.0000 ,  0.0000 ,  0.0000 ,  0.0000 ,  0.0000 ,  0.0000 ,
  0.0000 ,  0.0000 ,  0.0000 ,  0.0000 ,  0.0000 ,  0.0000 ,
  0.0000 ,  0.0000 ,  0.0000 ,  0.0000 ,  0.0000 ,  0.0000 ,
  0.0000 ,  0.0000 ,  0.0000 ,  0.0000 ,  0.0000 ,  0.0000 ,
  0.0000 ,  0.0000 ,  0.0000 ,  0.0000 ,  0.0000 ,  0.0000 ,
  0.0000 ,  0.0000 ,  0.0000 ,  0.0000 ,  0.0000 ,  0.0000 ,
  0.0000 ,  0.0000 ,  0.0000 ,  0.0000 ,  0.0000 ,  0.0000 ,
  0.0000 ,  0.0000 ,  0.0000 ,  0.0000 ,  0.0000 ,  0.0000 ,
  0.0000 ,  0.0000 ,  0.0000 ,  0.0000 ,  0.0000 ,  0.0000 ,
  0.0000 ,  0.0000 ,  0.0000 ,  0.0000 ,  0.0000 ,  0.0000 ,
  0.0000 ,  0.0000 ,  0.0000 ,  0.0000 ,  0.0000 ,  0.0000 ,
  0.0000 ,  0.0000 ,  0.0000 ,  0.0000 ,  0.0000 ,  0.0000 ,
  0.0000 ,  0.0000 ,  0.0000 ,  0.0000 ,  0.0000 ,  0.0000 ,
  0.0000 ,  0.0000 ,  0.0000 ,  0.0000 ,  0.0000 ,  0.0000 ,
  0.0000 ,  0.0000 ,  0.0000 ,  0.0000 ,  0.0000 ,  0.0000 ,
  0.0000 ,  0.0000 ,  0.0000 ,  0.0000 ,  0.0000 ,  0.0000 ,
  0.0000 ,  0.0000 ,  0.0000 ,  0.0000 ,  0.0000 ,  0.0000 ,
  0.0000 ,  0.0000 ,  0.0000 ,  0.0000 ,  0.0000 ,  0.0000 ,
  0.0000 ,  0.0000 ,  0.0000 ,  0.0000 ,  0.0000 ,  0.0000 ,
  0.0000 ,  0.0000 ,  0.0000 ,  0.0000 ,  0.0000 ,  0.0000 ,
  0.0000 ,  0.0000 ,  0.0000 ,  0.0000 ,  0.0000 ,  0.0000 ,
  0.0000 ,  0.0000 ,  0.0000 ,  0.0000 ,  0.0000 ,  0.0000 ,
  0.0000 ,  0.0000 ,  0.0000 ,  0.0000 ,  0.0000 ,  0.0000 ,
  0.0000 ,  0.0000 ,  0.0000 ,  0.0000 ,  0.0000 ,  0.0000 ,
  0.0000 ,  0.0000 ,  0.0000 ,  0.0000 ,  0.0000 ,  0.0000 ,
  0.0000 ,  0.0000 ,  0.0000 ,  0.0000 ,  0.0000 ,  0.0000 ,
  0.0000 ,  0.0000 ,  0.0000 ,  0.0000 ,  0.0000 ,  0.0000 ,
  0.0000 ,  0.0000 ,  0.0000 ,  0.0000 ,  0.0000 ,  0.0000 ,
  0.0000 ,  0.0000 ,  0.0000 ,  0.0000 ,  0.0000 ,  0.0000 ,
  0.0000 ,  0.0000 ,  0.0000 ,  0.0000 ,  0.0000 ,  0.0000 ,
  0.0000 ,  0.0000 ,  0.0000 ,  0.0000 ,  0.0000 ,  0.0000 ,
  0.0000 ,  0.0000 ,  0.0000 ,  0.0000 ,  0.0000 ,  0.0000 ,
  0.0000 ,  0.0000 ,  0.0000 ,  0.0000 ,  0.0000 ,  0.0000 ,
  0.0000 ,  0.0000 ,  0.0000 ,  0.0000 ,  0.0000 ,  0.0000 ,
  0.0000 ,  0.0000 ,  0.0000 ,  0.0000 ,  0.0000 ,  0.0000 ,
  0.0000 ,  0.0000 ,  0.0000 ,  0.0000 ,  0.0000 ,  0.0000 ,
  0.0000 ,  0.0000 ,  0.0000 ,  0.0000 ,  0.0000 ,  0.0000 ,
  0.0000 ,  0.0000 ,  0.0000 ,  0.0000 ,  0.0000 ,  0.0000 ,
  0.0000 ,  0.0000 ,  0.0000 ,  0.0000 ,  0.0000 ,  0.0000 ,
  0.0000 ,  0.0000 ,  0.0000 ,  0.0000 ,  0.0000 ,  0.0000 ,
  0.0000 ,  0.0000 ,  0.0000 ,  0.0000 ,  0.0000 ,  0.0000 ,
  0.0000 ,  0.0000 ,  0.0000 ,  0.0000 ,  0.0000 ,  0.0000 ,
  0.0000 ,  0.0000 ,  0.0000 ,  0.0000 ,  0.0000 ,  0.0000 ,
  0.0000 ,  0.0000 ,  0.0000 ,  0.0000 ,  0.0000 ,  0.0000 ,
  0.0000 ,  0.0000 ,  0.0000 ,  0.0000 ,  0.0000 ,  0.0000 ,
  0.0000 ,  0.0000 ,  0.0000 ,  0.0000 ,  0.0000 ,  0.0000 ,
  0.0000 ,  0.0000 ,  0.0000 ,  0.0000 ,  0.0000 ,  0.0000 ,
  0.0000 ,  0.0000 ,  0.0000 ,  0.0000 ,  0.0000 ,  0.0000 ,
  0.0000 ,  0.0000 ,  0.0000 ,  0.0000 ,  0.0000 ,  0.0000 ,
  0.0000 ,  0.0000 ,  0.0000 ,  0.0000 ,  0.0000 ,  0.0000 ,
  0.0000 ,  0.0000 ,  0.0000 ,  0.0000 ,  0.0000 ,  0.0000 ,
  0.0000 ,  0.0000 ,  0.0000 ,  0.0000 ,  0.0000 ,  0.0000 ,
  0.0000 ,  0.0000 ,  0.0000 ,  0.0000 ,  0.0000 ,  0.0000 ,
  0.0000 ,  0.0000 ,  0.0000 ,  0.0000 ,  0.0000 ,  0.0000 ,
  0.0000 ,  0.0000 ,  0.0000 ,  0.0000 ,  0.0000 ,  0.0000 ,
  0.0000 ,  0.0000 ,  0.0000 ,  0.0000 ,  0.0000 ,  0.0000 ,
  0.0000 ,  0.0000 ,  0.0000 ,  0.0000 ,  0.0000 ,  0.0000 ,
  0.0000 ,  0.0000 ,  0.0000 ,  0.0000 ,  0.0000 ,  0.0000 ,
  0.0000 ,  0.0000 ,  0.0000 ,  0.0000 ,  0.0000 ,  0.0000 ,
  0.0000 ,  0.0000 ,  0.0000 ,  0.0000 ,  0.0000 ,  0.0000 ,
  0.0000 ,  0.0000 ,  0.0000 ,  0.0000 ,  0.0000 ,  0.0000 ,
  0.0000 ,  0.0000 ,  0.0000 ,  0.0000 ,  0.0000 ,  0.0000 ,
  0.0000 ,  0.0000 ,  0.0000 ,  0.0000 ,  0.0000 ,  0.0000 ,
  0.0000 ,  0.0000 ,  0.0000 ,  0.0000 ,  0.0000 ,  0.0000 ,
  0.0000 ,  0.0000 ,  0.0000 ,  0.0000 ,  0.0000 ,  0.0000 ,
  0.0000 ,  0.0000 ,  0.0000 ,  0.0000 ,  0.0000 ,  0.0000 ,
  0.0000 ,  0.0000 ,  0.0000 ,  0.0000 ,  0.0000 ,  0.0000 ,
  0.0000 ,  0.0000 ,  0.0000 ,  0.0000 ,  0.0000 ,  0.0000 ,
  0.0000 ,  0.0000 ,  0.0000 ,  0.0000 ,  0.0000 ,  0.0000 ,
  0.0000 ,  0.0000 ,  0.0000 ,  0.0000 ,  0.0000 ,  0.0000 ,
  0.0000 ,  0.0000 ,  0.0000 ,  0.0000 ,  0.0000 ,  0.0000 ,
  0.0000 ,  0.0000 ,  0.0000 ,  0.0000 ,  0.0000 ,  0.0000 ,
  0.0000 ,  0.0000 ,  0.0000 ,  0.0000 ,  0.0000 ,  0.0000 ,
  0.0000 ,  0.0000 ,  0.0000 ,  0.0000 ,  0.0000 ,  0.0000 ,
  0.0000 ,  0.0000 ,  0.0000 ,  0.0000 ,  0.0000 ,  0.0000 ,
  0.0000 ,  0.0000 ,  0.0000 ,  0.0000 ,  0.0000 ,  0.0000 ,
  0.0000 ,  0.0000 ,  0.0000 ,  0.0000 ,  0.0000 ,  0.0000 ,
  0.0000 ,  0.0000 ,  0.0000 ,  0.0000 ,  0.0000 ,  0.0000 ,
  0.0000 ,  0.0000 ,  0.0000 ,  0.0000 ,  0.0000 ,  0.0000 ,
  0.0000 ,  0.0000 ,  0.0000 ,  0.0000 ,  0.0000 ,  0.0000 ,
  0.0000 ,  0.0000 ,  0.0000 ,  0.0000 ,  0.0000 ,  0.0000 ,
  0.0000 ,  0.0000 ,  0.0000 ,  0.0000 ,  0.0000 ,  0.0000 ,
  0.0000 ,  0.0000 ,  0.0000 ,  0.0000 ,  0.0000 ,  0.0000 ,
  0.0000 ,  0.0000 ,  0.0000 ,  0.0000 ,  0.0000 ,  0.0000 ,
  0.0000 ,  0.0000 ,  0.0000 ,  0.0000 ,  0.0000 ,  0.0000 ,
  0.0000 ,  0.0000 ,  0.0000 ,  0.0000 ,  0.0000 ,  0.0000 ,
  0.0000 ,  0.0000 ,  0.0000 ,  0.0000 ,  0.0000 ,  0.0000 ,
  0.0000 ,  0.0000 ,  0.0000 ,  0.0000 ,  0.0000 ,  0.0000 ,
  0.0000 ,  0.0000 ,  0.0000 ,  0.0000 ,  0.0000 ,  0.0000 ,
  0.0000 ,  0.0000 ,  0.0000 ,  0.0000 ,  0.0000 ,  0.0000 ,
  0.0000 ,  0.0000 ,  0.0000 ,  0.0000 ,  0.0000 ,  0.0000 ,
  0.0000 ,  0.0000 ,  0.0000 ,  0.0000 ,  0.0000 ,  0.0000 ,
  0.0000 ,  0.0000 ,  0.0000 ,  0.0000 ,  0.0000 ,  0.0000 ,
  0.0000 ,  0.0000 ,  0.0000 ,  0.0000 ,  0.0000 ,  0.0000 ,
  0.0000 ,  0.0000 ,  0.0000 ,  0.0000 ,  0.0000 ,  0.0000 ,
  0.0000 ,  0.0000 ,  0.0000 ,  0.0000 ,  0.0000 ,  0.0000 ,
  0.0000 ,  0.0000 ,  0.0000 ,  0.0000 ,  0.0000 ,  0.0000 ,
  0.0000 ,  0.0000 ,  0.0000 ,  0.0000 ,  0.0000 ,  0.0000 ,
  0.0000 ,  0.0000 ,  0.0000 ,  0.0000 ,  0.0000 ,  0.0000 ,
  0.0000 ,  0.0000 ,  0.0000 ,  0.0000 ,  0.0000 ,  0.0000 ,
  0.0000 ,  0.0000 ,  0.0000 ,  0.0000 ,  0.0000 ,  0.0000 ,
  0.0000 ,  0.0000 ,  0.0000 ,  0.0000 ,  0.0000 ,  0.0000 ,
  0.0000 ,  0.0000 ,  0.0000 ,  0.0000 ,  0.0000 ,  0.0000 ,
  0.0000 ,  0.0000 ,  0.0000 ,  0.0000 ,  0.0000 ,  0.0000 ,
  0.0000 ,  0.0000 ,  0.0000 ,  0.0000 ,  0.0000 ,  0.0000 ,
  0.0000 ,  0.0000 ,  0.0000 ,  0.0000 ,  0.0000 ,  0.0000 ,
  0.0000 ,  0.0000 ,  0.0000 ,  0.0000 ,  0.0000 ,  0.0000 ,
  0.0000 ,  0.0000 ,  0.0000 ,  0.0000 ,  0.0000 ,  0.0000 ,
  0.0000 ,  0.0000 ,  0.0000 ,  0.0000 ,  0.0000 ,  0.0000 ,
  0.0000 ,  0.0000 ,  0.0000 ,  0.0000 ,  0.0000 ,  0.0000 ,
  0.0000 ,  0.0000 ,  0.0000 ,  0.0000 ,  0.0000 ,  0.0000 ,
  0.0000 ,  0.0000 ,  0.0000 ,  0.0000 ,  0.0000 ,  0.0000 ,
  0.0000 ,  0.0000 ,  0.0000 ,  0.0000 ,  0.0000 ,  0.0000 ,
  0.0000 ,  0.0000 ,  0.0000 ,  0.0000 ,  0.0000 ,  0.0000 ,
  0.0000 ,  0.0000 ,  0.0000 ,  0.0000 ,  0.0000 ,  0.0000 ,
  0.0000 ,  0.0000 ,  0.0000 ,  0.0000 ,  0.0000 ,  0.0000 ,
  0.0000 ,  0.0000 ,  0.0000 ,  0.0000 ,  0.0000 ,  0.0000 ,
  0.0000 ,  0.0000 ,  0.0000 ,  0.0000 ,  0.0000 ,  0.0000 ,
  0.0000 ,  0.0000 ,  0.0000 ,  0.0000 ,  0.0000 ,  0.0000 ,
  0.0000 ,  0.0000 ,  0.0000 ,  0.0000 ,  0.0000 ,  0.0000 ,
  0.0000 ,  0.0000 ,  0.0000 ,  0.0000 ,  0.0000 ,  0.0000 ,
  0.0000 ,  0.0000 ,  0.0000 ,  0.0000 ,  0.0000 ,  0.0000 ,
  0.0000 ,  0.0000 ,  0.0000 ,  0.0000 ,  0.0000 ,  0.0000 ,
  0.0000 ,  0.0000 ,  0.0000 ,  0.0000 ,  0.0000 ,  0.0000 ,
  0.0000 ,  0.0000 ,  0.0000 ,  0.0000 ,  0.0000 ,  0.0000 ,
  0.0000 ,  0.0000 ,  0.0000 ,  0.0000 ,  0.0000 ,  0.0000 ,
  0.0000 ,  0.0000 ,  0.0000 ,  0.0000 ,  0.0000 ,  0.0000 ,
  0.0000 ,  0.0000 ,  0.0000 ,  0.0000 ,  0.0000 ,  0.0000 ,
  0.0000 ,  0.0000 ,  0.0000 ,  0.0000 ,  0.0000 ,  0.0000 ,
  0.0000 ,  0.0000 ,  0.0000 ,  0.0000 ,  0.0000 ,  0.0000 ,
  0.0000 ,  0.0000 ,  0.0000 ,  0.0000 ,  0.0000 ,  0.0000 ,
  0.0000 ,  0.0000 ,  0.0000 ,  0.0000 ,  0.0000 ,  0.0000 ,
  0.0000 ,  0.0000 ,  0.0000 ,  0.0000 ,  0.0000 ,  0.0000 ,
  0.0000 ,  0.0000 ,  0.0000 ,  0.0000 ,  0.0000 ,  0.0000 ,
  0.0000 ,  0.0000 ,  0.0000 ,  0.0000 ,  0.0000 ,  0.0000 ,
  0.0000 ,  0.0000 ,  0.0000 ,  0.0000 ,  0.0000 ,  0.0000 ,
  0.0000 ,  0.0000 ,  0.0000 ,  0.0000 ,  0.0000 ,  0.0000 ,
  0.0000 ,  0.0000 ,  0.0000 ,  0.0000 ,  0.0000 ,  0.0000 ,
  0.0000 ,  0.0000 ,  0.0000 ,  0.0000 ,  0.0000 ,  0.0000 ,
  0.0000 ,  0.0000 ,  0.0000 ,  0.0000 ,  0.0000 ,  0.0000 ,
  0.0000 ,  0.0000 ,  0.0000 ,  0.0000 ,  0.0000 ,  0.0000 ,
  0.0000 ,  0.0000 ,  0.0000 ,  0.0000 ,  0.0000 ,  0.0000 ,
  0.0000 ,  0.0000 ,  0.0000 ,  0.0000 ,  0.0000 ,  0.0000 ,
  0.0000 ,  0.0000 ,  0.0000 ,  0.0000 ,  0.0000 ,  0.0000 ,
  0.0000 ,  0.0000 ,  0.0000 ,  0.0000 ,  0.0000 ,  0.0000 ,
  0.0000 ,  0.0000 ,  0.0000 ,  0.0000 ,  0.0000 ,  0.0000 ,
  0.0000 ,  0.0000 ,  0.0000 ,  0.0000 ,  0.0000 ,  0.0000 ,
  0.0000 ,  0.0000 ,  0.0000 ,  0.0000 ,  0.0000 ,  0.0000 ,
  0.0000 ,  0.0000 ,  0.0000 ,  0.0000 ,  0.0000 ,  0.0000 ,
  0.0000 ,  0.0000 ,  0.0000 ,  0.0000 ,  0.0000 ,  0.0000 ,
  0.0000 ,  0.0000 ,  0.0000 ,  0.0000 ,  0.0000 ,  0.0000 ,
  0.0000 ,  0.0000 ,  0.0000 ,  0.0000 ,  0.0000 ,  0.0000 ,
  0.0000 ,  0.0000 ,  0.0000 ,  0.0000 ,  0.0000 ,  0.0000 ,
  0.0000 ,  0.0000 ,  0.0000 ,  0.0000 ,  0.0000 ,  0.0000 ,
  0.0000 ,  0.0000 ,  0.0000 ,  0.0000 ,  0.0000 ,  0.0000 ,
  0.0000 ,  0.0000 ,  0.0000 ,  0.0000 ,  0.0000 ,  0.0000 ,
  0.0000 ,  0.0000 ,  0.0000 ,  0.0000 ,  0.0000 ,  0.0000 ,
  0.0000 ,  0.0000 ,  0.0000 ,  0.0000 ,  0.0000 ,  0.0000 ,
  0.0000 ,  0.0000 ,  0.0000 ,  0.0000 ,  0.0000 ,  0.0000 ,
  0.0000 ,  0.0000 ,  0.0000 ,  0.0000 ,  0.0000 ,  0.0000 ,
  0.0000 ,  0.0000 ,  0.0000 ,  0.0000 ,  0.0000 ,  0.0000 ,
  0.0000 ,  0.0000 ,  0.0000 ,  0.0000 ,  0.0000 ,  0.0000 ,
  0.0000 ,  0.0000 ,  0.0000 ,  0.0000 ,  0.0000 ,  0.0000 ,
  0.0000 ,  0.0000 ,  0.0000 ,  0.0000 ,  0.0000 ,  0.0000 ,
  0.0000 ,  0.0000 ,  0.0000 ,  0.0000 ,  0.0000 ,  0.0000 ,
  0.0000 ,  0.0000 ,  0.0000 ,  0.0000 ,  0.0000 ,  0.0000 ,
  0.0000 ,  0.0000 ,  0.0000 ,  0.0000 ,  0.0000 ,  0.0000 ,
  0.0000 ,  0.0000 ,  0.0000 ,  0.0000 ,  0.0000 ,  0.0000 ,
  0.0000 ,  0.0000 ,  0.0000 ,  0.0000 ,  0.0000 ,  0.0000 ,
  0.0000 ,  0.0000 ,  0.0000 ,  0.0000 ,  0.0000 ,  0.0000 ,
  0.0000 ,  0.0000 ,  0.0000 ,  0.0000 ,  0.0000 ,  0.0000 ,
  0.0000 ,  0.0000 ,  0.0000 ,  0.0000 ,  0.0000 ,  0.0000 ,
  0.0000 ,  0.0000 ,  0.0000 ,  0.0000 ,  0.0000 ,  0.0000 ,
  0.0000 ,  0.0000 ,  0.0000 ,  0.0000 ,  0.0000 ,  0.0000 ,
  0.0000 ,  0.0000 ,  0.0000 ,  0.0000 ,  0.0000 ,  0.0000 ,
  0.0000 ,  0.0000 ,  0.0000 ,  0.0000 ,  0.0000 ,  0.0000 ,
  0.0000 ,  0.0000 ,  0.0000 ,  0.0000 ,  0.0000 ,  0.0000 ,
  0.0000 ,  0.0000 ,  0.0000 ,  0.0000 ,  0.0000 ,  0.0000 ,
  0.0000 ,  0.0000 ,  0.0000 ,  0.0000 ,  0.0000 ,  0.0000 ,
  0.0000 ,  0.0000 ,  0.0000 ,  0.0000 ,  0.0000 ,  0.0000 ,
  0.0000 ,  0.0000 ,  0.0000 ,  0.0000 ,  0.0000 ,  0.0000 ,
  0.0000 ,  0.0000 ,  0.0000 ,  0.0000 ,  0.0000 ,  0.0000 ,
  0.0000 ,  0.0000 ,  0.0000 ,  0.0000 ,  0.0000 ,  0.0000 ,
  0.0000 ,  0.0000 ,  0.0000 ,  0.0000 ,  0.0000 ,  0.0000 ,
  0.0000 ,  0.0000 ,  0.0000 ,  0.0000 ,  0.0000 ,  0.0000 ,
  0.0000 ,  0.0000 ,  0.0000 ,  0.0000 ,  0.0000 ,  0.0000 ,
  0.0000 ,  0.0000 ,  0.0000 ,  0.0000 ,  0.0000 ,  0.0000 ,
  0.0000 ,  0.0000 ,  0.0000 ,  0.0000 ,  0.0000 ,  0.0000 ,
  0.0000 ,  0.0000 ,  0.0000 ,  0.0000 ,  0.0000 ,  0.0000 ,
  0.0000 ,  0.0000 ,  0.0000 ,  0.0000 ,  0.0000 ,  0.0000 ,
  0.0000 ,  0.0000 ,  0.0000 ,  0.0000 ,  0.0000 ,  0.0000 ,
  0.0000 ,  0.0000 ,  0.0000 ,  0.0000 ,  0.0000 ,  0.0000 ,
  0.0000 ,  0.0000 ,  0.0000 ,  0.0000 ,  0.0000 ,  0.0000 ,
  0.0000 ,  0.0000 ,  0.0000 ,  0.0000 ,  0.0000 ,  0.0000 ,
  0.0000 ,  0.0000 ,  0.0000 ,  0.0000 ,  0.0000 ,  0.0000 ,
  0.0000 ,  0.0000 ,  0.0000 ,  0.0000 ,  0.0000 ,  0.0000 ,
  0.0000 ,  0.0000 ,  0.0000 ,  0.0000 ,  0.0000 ,  0.0000 ,
  0.0000 ,  0.0000 ,  0.0000 ,  0.0000 ,  0.0000 ,  0.0000 ,
  0.0000 ,  0.0000 ,  0.0000 ,  0.0000 ,  0.0000 ,  0.0000 ,
  0.0000 ,  0.0000 ,  0.0000 ,  0.0000 ,  0.0000 ,  0.0000 ,
  0.0000 ,  0.0000 ,  0.0000 ,  0.0000 ,  0.0000 ,  0.0000 ,
  0.0000 ,  0.0000 ,  0.0000 ,  0.0000 ,  0.0000 ,  0.0000 ,
  0.0000 ,  0.0000 ,  0.0000 ,  0.0000 ,  0.0000 ,  0.0000 ,
  0.0000 ,  0.0000 ,  0.0000 ,  0.0000 ,  0.0000 ,  0.0000 ,
  0.0000 ,  0.0000 ,  0.0000 ,  0.0000 ,  0.0000 ,  0.0000 ,
  0.0000 ,  0.0000 ,  0.0000 ,  0.0000 ,  0.0000 ,  0.0000 ,
  0.0000 ,  0.0000 ,  0.0000 ,  0.0000 ,  0.0000 ,  0.0000 ,
  0.0000 ,  0.0000 ,  0.0000 ,  0.0000 ,  0.0000 ,  0.0000 ,
  0.0000 ,  0.0000 ,  0.0000 ,  0.0000 ,  0.0000 ,  0.0000 ,
  0.0000 ,  0.0000 ,  0.0000 ,  0.0000 ,  0.0000 ,  0.0000 ,
  0.0000 ,  0.0000 ,  0.0000 ,  0.0000 ,  0.0000 ,  0.0000 ,
  0.0000 ,  0.0000 ,  0.0000 ,  0.0000 ,  0.0000 ,  0.0000 ,
  0.0000 ,  0.0000 ,  0.0000 ,  0.0000 ,  0.0000 ,  0.0000 ,
  0.0000 ,  0.0000 ,  0.0000 ,  0.0000 ,  0.0000 ,  0.0000 ,
  0.0000 ,  0.0000 ,  0.0000 ,  0.0000 ,  0.0000 ,  0.0000 ,
  0.0000 ,  0.0000 ,  0.0000 ,  0.0000 ,  0.0000 ,  0.0000 ,
  0.0000 ,  0.0000 ,  0.0000 ,  0.0000 ,  0.0000 ,  0.0000 ,
  0.0000 ,  0.0000 ,  0.0000 ,  0.0000 ,  0.0000 ,  0.0000 ,
  0.0000 ,  0.0000 ,  0.0000 ,  0.0000 ,  0.0000 ,  0.0000 ,
  0.0000 ,  0.0000 ,  0.0000 ,  0.0000 ,  0.0000 ,  0.0000 ,
  0.0000 ,  0.0000 ,  0.0000 ,  0.0000 ,  0.0000 ,  0.0000 ,
  0.0000 ,  0.0000 ,  0.0000 ,  0.0000 ,  0.0000 ,  0.0000 ,
  0.0000 ,  0.0000 ,  0.0000 ,  0.0000 ,  0.0000 ,  0.0000 ,
  0.0000 ,  0.0000 ,  0.0000 ,  0.0000 ,  0.0000 ,  0.0000 ,
  0.0000 ,  0.0000 ,  0.0000 ,  0.0000 ,  0.0000 ,  0.0000 ,
  0.0000 ,  0.0000 ,  0.0000 ,  0.0000 ,  0.0000 ,  0.0000 ,
  0.0000 ,  0.0000 ,  0.0000 ,  0.0000 ,  0.0000 ,  0.0000 ,
  0.0000 ,  0.0000 ,  0.0000 ,  0.0000 ,  0.0000 ,  0.0000 ,
  0.0000 ,  0.0000 ,  0.0000 ,  0.0000 ,  0.0000 ,  0.0000 ,
  0.0000 ,  0.0000 ,  0.0000 ,  0.0000 ,  0.0000 ,  0.0000 ,
  0.0000 ,  0.0000 ,  0.0000 ,  0.0000 ,  0.0000 ,  0.0000 ,
  0.0000 ,  0.0000 ,  0.0000 ,  0.0000 ,  0.0000 ,  0.0000 ,
  0.0000 ,  0.0000 ,  0.0000 ,  0.0000 ,  0.0000 ,  0.0000 ,
  0.0000 ,  0.0000 ,  0.0000 ,  0.0000 ,  0.0000 ,  0.0000 ,
  0.0000 ,  0.0000 ,  0.0000 ,  0.0000 ,  0.0000 ,  0.0000 ,
  0.0000 ,  0.0000 ,  0.0000 ,  0.0000 ,  0.0000 ,  0.0000 ,
  0.0000 ,  0.0000 ,  0.0000 ,  0.0000 ,  0.0000 ,  0.0000 ,
  0.0000 ,  0.0000 ,  0.0000 ,  0.0000 ,  0.0000 ,  0.0000 ,
  0.0000 ,  0.0000 ,  0.0000 ,  0.0000 ,  0.0000 ,  0.0000 ,
  0.0000 ,  0.0000 ,  0.0000 ,  0.0000 ,  0.0000 ,  0.0000 ,
  0.0000 ,  0.0000 ,  0.0000 ,  0.0000 ,  0.0000 ,  0.0000 ,
  0.0000 ,  0.0000 ,  0.0000 ,  0.0000 ,  0.0000 ,  0.0000 ,
  0.0000 ,  0.0000 ,  0.0000 ,  0.0000 ,  0.0000 ,  0.0000 ,
  0.0000 ,  0.0000 ,  0.0000 ,  0.0000 ,  0.0000 ,  0.0000 ,
  0.0000 ,  0.0000 ,  0.0000 ,  0.0000 ,  0.0000 ,  0.0000 ,
  0.0000 ,  0.0000 ,  0.0000 ,  0.0000 ,  0.0000 ,  0.0000 ,
  0.0000 ,  0.0000 ,  0.0000 ,  0.0000 ,  0.0000 ,  0.0000 ,
  0.0000 ,  0.0000 ,  0.0000 ,  0.0000 ,  0.0000 ,  0.0000 ,
  0.0000 ,  0.0000 ,  0.0000 ,  0.0000 ,  0.0000 ,  0.0000 ,
  0.0000 ,  0.0000 ,  0.0000 ,  0.0000 ,  0.0000 ,  0.0000 ,
  0.0000 ,  0.0000 ,  0.0000 ,  0.0000 ,  0.0000 ,  0.0000 ,
  0.0000 ,  0.0000 ,  0.0000 ,  0.0000 ,  0.0000 ,  0.0000 ,
  0.0000 ,  0.0000 ,  0.0000 ,  0.0000 ,  0.0000 ,  0.0000 ,
  0.0000 ,  0.0000 ,  0.0000 ,  0.0000 ,  0.0000 ,  0.0000 ,
  0.0000 ,  0.0000 ,  0.0000 ,  0.0000 ,  0.0000 ,  0.0000 ,
  0.0000 ,  0.0000 ,  0.0000 ,  0.0000 ,  0.0000 ,  0.0000 ,
  0.0000 ,  0.0000 ,  0.0000 ,  0.0000 ,  0.0000 ,  0.0000 ,
  0.0000 ,  0.0000 ,  0.0000 ,  0.0000 ,  0.0000 ,  0.0000 ,
  0.0000 ,  0.0000 ,  0.0000 ,  0.0000 ,  0.0000 ,  0.0000 ,
  0.0000 ,  0.0000 ,  0.0000 ,  0.0000 ,  0.0000 ,  0.0000 ,
  0.0000 ,  0.0000 ,  0.0000 ,  0.0000 ,  0.0000 ,  0.0000 ,
  0.0000 ,  0.0000 ,  0.0000 ,  0.0000 ,  0.0000 ,  0.0000 ,
  0.0000 ,  0.0000 ,  0.0000 ,  0.0000 ,  0.0000 ,  0.0000 ,
  0.0000 ,  0.0000 ,  0.0000 ,  0.0000 ,  0.0000 ,  0.0000 ,
  0.0000 ,  0.0000 ,  0.0000 ,  0.0000 ,  0.0000 ,  0.0000 ,
  0.0000 ,  0.0000 ,  0.0000 ,  0.0000 ,  0.0000 ,  0.0000 ,
  0.0000 ,  0.0000 ,  0.0000 ,  0.0000 ,  0.0000 ,  0.0000 ,
  0.0000 ,  0.0000 ,  0.0000 ,  0.0000 ,  0.0000 ,  0.0000 ,
  0.0000 ,  0.0000 ,  0.0000 ,  0.0000 ,  0.0000 ,  0.0000 ,
  0.0000 ,  0.0000 ,  0.0000 ,  0.0000 ,  0.0000 ,  0.0000 ,
  0.0000 ,  0.0000 ,  0.0000 ,  0.0000 ,  0.0000 ,  0.0000 ,
  0.0000 ,  0.0000 ,  0.0000 ,  0.0000 ,  0.0000 ,  0.0000 ,
  0.0000 ,  0.0000 ,  0.0000 ,  0.0000 ,  0.0000 ,  0.0000 ,
  0.0000 ,  0.0000 ,  0.0000 ,  0.0000 ,  0.0000 ,  0.0000 ,
  0.0000 ,  0.0000 ,  0.0000 ,  0.0000 ,  0.0000 ,  0.0000 ,
  0.0000 ,  0.0000 ,  0.0000 ,  0.0000 ,  0.0000 ,  0.0000 ,
  0.0000 ,  0.0000 ,  0.0000 ,  0.0000 ,  0.0000 ,  0.0000 ,
  0.0000 ,  0.0000 ,  0.0000 ,  0.0000 ,  0.0000 ,  0.0000 ,
  0.0000 ,  0.0000 ,  0.0000 ,  0.0000 ,  0.0000 ,  0.0000 ,
  0.0000 ,  0.0000 ,  0.0000 ,  0.0000 ,  0.0000 ,  0.0000 ,
  0.0000 ,  0.0000 ,  0.0000 ,  0.0000 ,  0.0000 ,  0.0000 ,
  0.0000 ,  0.0000 ,  0.0000 ,  0.0000 ,  0.0000 ,  0.0000 ,
  0.0000 ,  0.0000 ,  0.0000 ,  0.0000 ,  0.0000 ,  0.0000 ,
  0.0000 ,  0.0000 ,  0.0000 ,  0.0000 ,  0.0000 ,  0.0000 ,
  0.0000 ,  0.0000 ,  0.0000 ,  0.0000 ,  0.0000 ,  0.0000 ,
  0.0000 ,  0.0000 ,  0.0000 ,  0.0000 ,  0.0000 ,  0.0000 ,
  0.0000 ,  0.0000 ,  0.0000 ,  0.0000 ,  0.0000 ,  0.0000 ,
  0.0000 ,  0.0000 ,  0.0000 ,  0.0000 ,  0.0000 ,  0.0000 ,
  0.0000 ,  0.0000 ,  0.0000 ,  0.0000 ,  0.0000 ,  0.0000 ,
  0.0000 ,  0.0000 ,  0.0000 ,  0.0000 ,  0.0000 ,  0.0000 ,
  0.0000 ,  0.0000 ,  0.0000 ,  0.0000 ,  0.0000 ,  0.0000 ,
  0.0000 ,  0.0000 ,  0.0000 ,  0.0000 ,  0.0000 ,  0.0000 ,
  0.0000 ,  0.0000 ,  0.0000 ,  0.0000 ,  0.0000 ,  0.0000 ,
  0.0000 ,  0.0000 ,  0.0000 ,  0.0000 ,  0.0000 ,  0.0000 ,
  0.0000 ,  0.0000 ,  0.0000 ,  0.0000 ,  0.0000 ,  0.0000 ,
  0.0000 ,  0.0000 ,  0.0000 ,  0.0000 ,  0.0000 ,  0.0000 ,
  0.0000 ,  0.0000 ,  0.0000 ,  0.0000 ,  0.0000 ,  0.0000 ,
  0.0000 ,  0.0000 ,  0.0000 ,  0.0000 ,  0.0000 ,  0.0000 ,
  0.0000 ,  0.0000 ,  0.0000 ,  0.0000 ,  0.0000 ,  0.0000 ,
  0.0000 ,  0.0000 ,  0.0000 ,  0.0000 ,  0.0000 ,  0.0000 ,
  0.0000 ,  0.0000 ,  0.0000 ,  0.0000 ,  0.0000 ,  0.0000 ,
  0.0000 ,  0.0000 ,  0.0000 ,  0.0000 ,  0.0000 ,  0.0000 ,
  0.0000 ,  0.0000 ,  0.0000 ,  0.0000 ,  0.0000 ,  0.0000 ,
  0.0000 ,  0.0000 ,  0.0000 ,  0.0000 ,  0.0000 ,  0.0000 ,
  0.0000 ,  0.0000 ,  0.0000 ,  0.0000 ,  0.0000 ,  0.0000 ,
  0.0000 ,  0.0000 ,  0.0000 ,  0.0000 ,  0.0000 ,  0.0000 ,
  0.0000 ,  0.0000 ,  0.0000 ,  0.0000 ,  0.0000 ,  0.0000 ,
  0.0000 ,  0.0000 ,  0.0000 ,  0.0000 ,  0.0000 ,  0.0000 ,
  0.0000 ,  0.0000 ,  0.0000 ,  0.0000 ,  0.0000 ,  0.0000 ,
  0.0000 ,  0.0000 ,  0.0000 ,  0.0000 ,  0.0000 ,  0.0000 ,
  0.0000 ,  0.0000 ,  0.0000 ,  0.0000 ,  0.0000 ,  0.0000 ,
  0.0000 ,  0.0000 ,  0.0000 ,  0.0000 ,  0.0000 ,  0.0000 ,
  0.0000 ,  0.0000 ,  0.0000 ,  0.0000 ,  0.0000 ,  0.0000 ,
  0.0000 ,  0.0000 ,  0.0000 ,  0.0000 ,  0.0000 ,  0.0000 ,
  0.0000 ,  0.0000 ,  0.0000 ,  0.0000 ,  0.0000 ,  0.0000 ,
  0.0000 ,  0.0000 ,  0.0000 ,  0.0000 ,  0.0000 ,  0.0000 ,
  0.0000 ,  0.0000 ,  0.0000 ,  0.0000 ,  0.0000 ,  0.0000 ,
  0.0000 ,  0.0000 ,  0.0000 ,  0.0000 ,  0.0000 ,  0.0000 ,
  0.0000 ,  0.0000 ,  0.0000 ,  0.0000 ,  0.0000 ,  0.0000 ,
  0.0000 ,  0.0000 ,  0.0000 ,  0.0000 ,  0.0000 ,  0.0000 ,
  0.0000 ,  0.0000 ,  0.0000 ,  0.0000 ,  0.0000 ,  0.0000 ,
  0.0000 ,  0.0000 ,  0.0000 ,  0.0000 ,  0.0000 ,  0.0000 ,
  0.0000 ,  0.0000 ,  0.0000 ,  0.0000 ,  0.0000 ,  0.0000 ,
  0.0000 ,  0.0000 ,  0.0000 ,  0.0000 ,  0.0000 ,  0.0000 ,
  0.0000 ,  0.0000 ,  0.0000 ,  0.0000 ,  0.0000 ,  0.0000 ,
  0.0000 ,  0.0000 ,  0.0000 ,  0.0000 ,  0.0000 ,  0.0000 ,
  0.0000 ,  0.0000 ,  0.0000 ,  0.0000 ,  0.0000 ,  0.0000 ,
  0.0000 ,  0.0000 ,  0.0000 ,  0.0000 ,  0.0000 ,  0.0000 ,
  0.0000 ,  0.0000 ,  0.0000 ,  0.0000 ,  0.0000 ,  0.0000 ,
  0.0000 ,  0.0000 ,  0.0000 ,  0.0000 ,  0.0000 ,  0.0000 ,
  0.0000 ,  0.0000 ,  0.0000 ,  0.0000 ,  0.0000 ,  0.0000 ,
  0.0000 ,  0.0000 ,  0.0000 ,  0.0000 ,  0.0000 ,  0.0000 ,
  0.0000 ,  0.0000 ,  0.0000 ,  0.0000 ,  0.0000 ,  0.0000 ,
  0.0000 ,  0.0000 ,  0.0000 ,  0.0000 ,  0.0000 ,  0.0000 ,
  0.0000 ,  0.0000 ,  0.0000 ,  0.0000 ,  0.0000 ,  0.0000 ,
  0.0000 ,  0.0000 ,  0.0000 ,  0.0000 ,  0.0000 ,  0.0000 ,
  0.0000 ,  0.0000 ,  0.0000 ,  0.0000 ,  0.0000 ,  0.0000 ,
  0.0000 ,  0.0000 ,  0.0000 ,  0.0000 ,  0.0000 ,  0.0000 ,
  0.0000 ,  0.0000 ,  0.0000 ,  0.0000 ,  0.0000 ,  0.0000 ,
  0.0000 ,  0.0000 ,  0.0000 ,  0.0000 ,  0.0000 ,  0.0000 ,
  0.0000 ,  0.0000 ,  0.0000 ,  0.0000 ,  0.0000 ,  0.0000 ,
  0.0000 ,  0.0000 ,  0.0000 ,  0.0000 ,  0.0000 ,  0.0000 ,
  0.0000 ,  0.0000 ,  0.0000 ,  0.0000 ,  0.0000 ,  0.0000 ,
  0.0000 ,  0.0000 ,  0.0000 ,  0.0000 ,  0.0000 ,  0.0000 ,
  0.0000 ,  0.0000 ,  0.0000 ,  0.0000 ,  0.0000 ,  0.0000 ,
  0.0000 ,  0.0000 ,  0.0000 ,  0.0000 ,  0.0000 ,  0.0000 ,
  0.0000 ,  0.0000 ,  0.0000 ,  0.0000 ,  0.0000 ,  0.0000 ,
  0.0000 ,  0.0000 ,  0.0000 ,  0.0000 ,  0.0000 ,  0.0000 ,
  0.0000 ,  0.0000 ,  0.0000 ,  0.0000 ,  0.0000 ,  0.0000 ,
  0.0000 ,  0.0000 ,  0.0000 ,  0.0000 ,  0.0000 ,  0.0000 ,
  0.0000 ,  0.0000 ,  0.0000 ,  0.0000 ,  0.0000 ,  0.0000 ,
  0.0000 ,  0.0000 ,  0.0000 ,  0.0000 ,  0.0000 ,  0.0000 ,
  0.0000 ,  0.0000 ,  0.0000 ,  0.0000 ,  0.0000 ,  0.0000 ,
  0.0000 ,  0.0000 ,  0.0000 ,  0.0000 ,  0.0000 ,  0.0000 ,
  0.0000 ,  0.0000 ,  0.0000 ,  0.0000 ,  0.0000 ,  0.0000 ,
  0.0000 ,  0.0000 ,  0.0000 ,  0.0000 ,  0.0000 ,  0.0000 ,
  0.0000 ,  0.0000 ,  0.0000 ,  0.0000 ,  0.0000 ,  0.0000 ,
  0.0000 ,  0.0000 ,  0.0000 ,  0.0000 ,  0.0000 ,  0.0000 ,
  0.0000 ,  0.0000 ,  0.0000 ,  0.0000 ,  0.0000 ,  0.0000 ,
  0.0000 ,  0.0000 ,  0.0000 ,  0.0000 ,  0.0000 ,  0.0000 ,
  0.0000 ,  0.0000 ,  0.0000 ,  0.0000 ,  0.0000 ,  0.0000 ,
  0.0000 ,  0.0000 ,  0.0000 ,  0.0000 ,  0.0000 ,  0.0000 ,
  0.0000 ,  0.0000 ,  0.0000 ,  0.0000 ,  0.0000 ,  0.0000 ,
  0.0000 ,  0.0000 ,  0.0000 ,  0.0000 ,  0.0000 ,  0.0000 ,
  0.0000 ,  0.0000 ,  0.0000 ,  0.0000 ,  0.0000 ,  0.0000 ,
  0.0000 ,  0.0000 ,  0.0000 ,  0.0000 ,  0.0000 ,  0.0000 ,
  0.0000 ,  0.0000 ,  0.0000 ,  0.0000 ,  0.0000 ,  0.0000 ,
  0.0000 ,  0.0000 ,  0.0000 ,  0.0000 ,  0.0000 ,  0.0000 ,
  0.0000 ,  0.0000 ,  0.0000 ,  0.0000 ,  0.0000 ,  0.0000 ,
  0.0000 ,  0.0000 ,  0.0000 ,  0.0000 ,  0.0000 ,  0.0000 ,
  0.0000 ,  0.0000 ,  0.0000 ,  0.0000 ,  0.0000 ,  0.0000 ,
  0.0000 ,  0.0000 ,  0.0000 ,  0.0000 ,  0.0000 ,  0.0000 ,
  0.0000 ,  0.0000 ,  0.0000 ,  0.0000 ,  0.0000 ,  0.0000 ,
  0.0000 ,  0.0000 ,  0.0000 ,  0.0000 ,  0.0000 ,  0.0000 ,
  0.0000 ,  0.0000 ,  0.0000 ,  0.0000 ,  0.0000 ,  0.0000 ,
  0.0000 ,  0.0000 ,  0.0000 ,  0.0000 ,  0.0000 ,  0.0000 ,
  0.0000 ,  0.0000 ,  0.0000 ,  0.0000 ,  0.0000 ,  0.0000 ,
  0.0000 ,  0.0000 ,  0.0000 ,  0.0000 ,  0.0000 ,  0.0000 ,
  0.0000 ,  0.0000 ,  0.0000 ,  0.0000 ,  0.0000 ,  0.0000 ,
  0.0000 ,  0.0000 ,  0.0000 ,  0.0000 ,  0.0000 ,  0.0000 ,
  0.0000 ,  0.0000 ,  0.0000 ,  0.0000 ,  0.0000 ,  0.0000 ,
  0.0000 ,  0.0000 ,  0.0000 ,  0.0000 ,  0.0000 ,  0.0000 ,
  0.0000 ,  0.0000 ,  0.0000 ,  0.0000 ,  0.0000 ,  0.0000 ,
  0.0000 ,  0.0000 ,  0.0000 ,  0.0000 ,  0.0000 ,  0.0000 ,
  0.0000 ,  0.0000 ,  0.0000 ,  0.0000 ,  0.0000 ,  0.0000 ,
  0.0000 ,  0.0000 ,  0.0000 ,  0.0000 ,  0.0000 ,  0.0000 ,
  0.0000 ,  0.0000 ,  0.0000 ,  0.0000 ,  0.0000 ,  0.0000 ,
  0.0000 ,  0.0000 ,  0.0000 ,  0.0000 ,  0.0000 ,  0.0000 ,
  0.0000 ,  0.0000 ,  0.0000 ,  0.0000 ,  0.0000 ,  0.0000 ,
  0.0000 ,  0.0000 ,  0.0000 ,  0.0000 ,  0.0000 ,  0.0000 ,
  0.0000 ,  0.0000 ,  0.0000 ,  0.0000 ,  0.0000 ,  0.0000 ,
  0.0000 ,  0.0000 ,  0.0000 ,  0.0000 ,  0.0000 ,  0.0000 ,
  0.0000 ,  0.0000 ,  0.0000 ,  0.0000 ,  0.0000 ,  0.0000 ,
  0.0000 ,  0.0000 ,  0.0000 ,  0.0000 ,  0.0000 ,  0.0000 ,
  0.0000 ,  0.0000 ,  0.0000 ,  0.0000 ,  0.0000 ,  0.0000 ,
  0.0000 ,  0.0000 ,  0.0000 ,  0.0000 ,  0.0000 ,  0.0000 ,
  0.0000 ,  0.0000 ,  0.0000 ,  0.0000 ,  0.0000 ,  0.0000 ,
  0.0000 ,  0.0000 ,  0.0000 ,  0.0000 ,  0.0000 ,  0.0000 ,
  0.0000 ,  0.0000 ,  0.0000 ,  0.0000 ,  0.0000 ,  0.0000 ,
  0.0000 ,  0.0000 ,  0.0000 ,  0.0000 ,  0.0000 ,  0.0000 ,
  0.0000 ,  0.0000 ,  0.0000 ,  0.0000 ,  0.0000 ,  0.0000 ,
  0.0000 ,  0.0000 ,  0.0000 ,  0.0000 ,  0.0000 ,  0.0000 ,
  0.0000 ,  0.0000 ,  0.0000 ,  0.0000 ,  0.0000 ,  0.0000 ,
  0.0000 ,  0.0000 ,  0.0000 ,  0.0000 ,  0.0000 ,  0.0000 ,
  0.0000 ,  0.0000 ,  0.0000 ,  0.0000 ,  0.0000 ,  0.0000 ,
  0.0000 ,  0.0000 ,  0.0000 ,  0.0000 ,  0.0000 ,  0.0000 ,
  0.0000 ,  0.0000 ,  0.0000 ,  0.0000 ,  0.0000 ,  0.0000 ,
  0.0000 ,  0.0000 ,  0.0000 ,  0.0000 ,  0.0000 ,  0.0000 ,
  0.0000 ,  0.0000 ,  0.0000 ,  0.0000 ,  0.0000 ,  0.0000 ,
  0.0000 ,  0.0000 ,  0.0000 ,  0.0000 ,  0.0000 ,  0.0000 ,
  0.0000 ,  0.0000 ,  0.0000 ,  0.0000 ,  0.0000 ,  0.0000 ,
  0.0000 ,  0.0000 ,  0.0000 ,  0.0000 ,  0.0000 ,  0.0000 ,
  0.0000 ,  0.0000 ,  0.0000 ,  0.0000 ,  0.0000 ,  0.0000 ,
  0.0000 ,  0.0000 ,  0.0000 ,  0.0000 ,  0.0000 ,  0.0000 ,
  0.0000 ,  0.0000 ,  0.0000 ,  0.0000 ,  0.0000 ,  0.0000 ,
  0.0000 ,  0.0000 ,  0.0000 ,  0.0000 ,  0.0000 ,  0.0000 ,
  0.0000 ,  0.0000 ,  0.0000 ,  0.0000 ,  0.0000 ,  0.0000 ,
  0.0000 ,  0.0000 ,  0.0000 ,  0.0000 ,  0.0000 ,  0.0000 ,
  0.0000 ,  0.0000 ,  0.0000 ,  0.0000 ,  0.0000 ,  0.0000 ,
  0.0000 ,  0.0000 ,  0.0000 ,  0.0000 ,  0.0000 ,  0.0000 ,
  0.0000 ,  0.0000 ,  0.0000 ,  0.0000 ,  0.0000 ,  0.0000 ,
  0.0000 ,  0.0000 ,  0.0000 ,  0.0000 ,  0.0000 ,  0.0000 ,
  0.0000 ,  0.0000 ,  0.0000 ,  0.0000 ,  0.0000 ,  0.0000 ,
  0.0000 ,  0.0000 ,  0.0000 ,  0.0000 ,  0.0000 ,  0.0000 ,
  0.0000 ,  0.0000 ,  0.0000 ,  0.0000 ,  0.0000 ,  0.0000 ,
  0.0000 ,  0.0000 ,  0.0000 ,  0.0000 ,  0.0000 ,  0.0000 ,
  0.0000 ,  0.0000 ,  0.0000 ,  0.0000 ,  0.0000 ,  0.0000 ,
  0.0000 ,  0.0000 ,  0.0000 ,  0.0000 ,  0.0000 ,  0.0000 ,
  0.0000 ,  0.0000 ,  0.0000 ,  0.0000 ,  0.0000 ,  0.0000 ,
  0.0000 ,  0.0000 ,  0.0000 ,  0.0000 ,  0.0000 ,  0.0000 ,
  0.0000 ,  0.0000 ,  0.0000 ,  0.0000 ,  0.0000 ,  0.0000 ,
  0.0000 ,  0.0000 ,  0.0000 ,  0.0000 ,  0.0000 ,  0.0000 ,
  0.0000 ,  0.0000 ,  0.0000 ,  0.0000 ,  0.0000 ,  0.0000 ,
  0.0000 ,  0.0000 ,  0.0000 ,  0.0000 ,  0.0000 ,  0.0000 ,
  0.0000 ,  0.0000 ,  0.0000 ,  0.0000 ,  0.0000 ,  0.0000 ,
  0.0000 ,  0.0000 ,  0.0000 ,  0.0000 ,  0.0000 ,  0.0000 ,
  0.0000 ,  0.0000 ,  0.0000 ,  0.0000 ,  0.0000 ,  0.0000 ,
  0.0000 ,  0.0000 ,  0.0000 ,  0.0000 ,  0.0000 ,  0.0000 ,
  0.0000 ,  0.0000 ,  0.0000 ,  0.0000 ,  0.0000 ,  0.0000 ,
  0.0000 ,  0.0000 ,  0.0000 ,  0.0000 ,  0.0000 ,  0.0000 ,
  0.0000 ,  0.0000 ,  0.0000 ,  0.0000 ,  0.0000 ,  0.0000 ,
  0.0000 ,  0.0000 ,  0.0000 ,  0.0000 ,  0.0000 ,  0.0000 ,
  0.0000 ,  0.0000 ,  0.0000 ,  0.0000 ,  0.0000 ,  0.0000 ,
  0.0000 ,  0.0000 ,  0.0000 ,  0.0000 ,  0.0000 ,  0.0000 ,
  0.0000 ,  0.0000 ,  0.0000 ,  0.0000 ,  0.0000 ,  0.0000 ,
  0.0000 ,  0.0000 ,  0.0000 ,  0.0000 ,  0.0000 ,  0.0000 ,
  0.0000 ,  0.0000 ,  0.0000 ,  0.0000 ,  0.0000 ,  0.0000 ,
  0.0000 ,  0.0000 ,  0.0000 ,  0.0000 ,  0.0000 ,  0.0000 ,
  0.0000 ,  0.0000 ,  0.0000 ,  0.0000 ,  0.0000 ,  0.0000 ,
  0.0000 ,  0.0000 ,  0.0000 ,  0.0000 ,  0.0000 ,  0.0000 ,
  0.0000 ,  0.0000 ,  0.0000 ,  0.0000 ,  0.0000 ,  0.0000 ,
  0.0000 ,  0.0000 ,  0.0000 ,  0.0000 ,  0.0000 ,  0.0000 ,
  0.0000 ,  0.0000 ,  0.0000 ,  0.0000 ,  0.0000 ,  0.0000 ,
  0.0000 ,  0.0000 ,  0.0000 ,  0.0000 ,  0.0000 ,  0.0000 ,
  0.0000 ,  0.0000 ,  0.0000 ,  0.0000 ,  0.0000 ,  0.0000 ,
  0.0000 ,  0.0000 ,  0.0000 ,  0.0000 ,  0.0000 ,  0.0000 ,
  0.0000 ,  0.0000 ,  0.0000 ,  0.0000 ,  0.0000 ,  0.0000 ,
  0.0000 ,  0.0000 ,  0.0000 ,  0.0000 ,  0.0000 ,  0.0000 ,
  0.0000 ,  0.0000 ,  0.0000 ,  0.0000 ,  0.0000 ,  0.0000 ,
  0.0000 ,  0.0000 ,  0.0000 ,  0.0000 ,  0.0000 ,  0.0000 ,
  0.0000 ,  0.0000 ,  0.0000 ,  0.0000 ,  0.0000 ,  0.0000 ,
  0.0000 ,  0.0000 ,  0.0000 ,  0.0000 ,  0.0000 ,  0.0000 ,
  0.0000 ,  0.0000 ,  0.0000 ,  0.0000 ,  0.0000 ,  0.0000 ,
  0.0000 ,  0.0000 ,  0.0000 ,  0.0000 ,  0.0000 ,  0.0000 ,
  0.0000 ,  0.0000 ,  0.0000 ,  0.0000 ,  0.0000 ,  0.0000 ,
  0.0000 ,  0.0000 ,  0.0000 ,  0.0000 ,  0.0000 ,  0.0000 ,
  0.0000 ,  0.0000 ,  0.0000 ,  0.0000 ,  0.0000 ,  0.0000 ,
  0.0000 ,  0.0000 ,  0.0000 ,  0.0000 ,  0.0000 ,  0.0000 ,
  0.0000 ,  0.0000 ,  0.0000 ,  0.0000 ,  0.0000 ,  0.0000 ,
  0.0000 ,  0.0000 ,  0.0000 ,  0.0000 ,  0.0000 ,  0.0000 ,
  0.0000 ,  0.0000 ,  0.0000 ,  0.0000 ,  0.0000 ,  0.0000 ,
  0.0000 ,  0.0000 ,  0.0000 ,  0.0000 ,  0.0000 ,  0.0000 ,
  0.0000 ,  0.0000 ,  0.0000 ,  0.0000 ,  0.0000 ,  0.0000 ,
  0.0000 ,  0.0000 ,  0.0000 ,  0.0000 ,  0.0000 ,  0.0000 ,
  0.0000 ,  0.0000 ,  0.0000 ,  0.0000 ,  0.0000 ,  0.0000 ,
  0.0000 ,  0.0000 ,  0.0000 ,  0.0000 ,  0.0000 ,  0.0000 ,
  0.0000 ,  0.0000 ,  0.0000 ,  0.0000 ,  0.0000 ,  0.0000 ,
  0.0000 ,  0.0000 ,  0.0000 ,  0.0000 ,  0.0000 ,  0.0000 ,
  0.0000 ,  0.0000 ,  0.0000 ,  0.0000 ,  0.0000 ,  0.0000 ,
  0.0000 ,  0.0000 ,  0.0000 ,  0.0000 ,  0.0000 ,  0.0000 ,
  0.0000 ,  0.0000 ,  0.0000 ,  0.0000 ,  0.0000 ,  0.0000 ,
  0.0000 ,  0.0000 ,  0.0000 ,  0.0000 ,  0.0000 ,  0.0000 ,
  0.0000 ,  0.0000 ,  0.0000 ,  0.0000 ,  0.0000 ,  0.0000 ,
  0.0000 ,  0.0000 ,  0.0000 ,  0.0000 ,  0.0000 ,  0.0000 ,
  0.0000 ,  0.0000 ,  0.0000 ,  0.0000 ,  0.0000 ,  0.0000 ,
  0.0000 ,  0.0000 ,  0.0000 ,  0.0000 ,  0.0000 ,  0.0000 ,
  0.0000 ,  0.0000 ,  0.0000 ,  0.0000 ,  0.0000 ,  0.0000 ,
  0.0000 ,  0.0000 ,  0.0000 ,  0.0000 ,  0.0000 ,  0.0000 ,
  0.0000 ,  0.0000 ,  0.0000 ,  0.0000 ,  0.0000 ,  0.0000 ,
  0.0000 ,  0.0000 ,  0.0000 ,  0.0000 ,  0.0000 ,  0.0000 ,
  0.0000 ,  0.0000 ,  0.0000 ,  0.0000 ,  0.0000 ,  0.0000 ,
  0.0000 ,  0.0000 ,  0.0000 ,  0.0000 ,  0.0000 ,  0.0000 ,
  0.0000 ,  0.0000 ,  0.0000 ,  0.0000 ,  0.0000 ,  0.0000 ,
  0.0000 ,  0.0000 ,  0.0000 ,  0.0000 ,  0.0000 ,  0.0000 ,
  0.0000 ,  0.0000 ,  0.0000 ,  0.0000 ,  0.0000 ,  0.0000 ,
  0.0000 ,  0.0000 ,  0.0000 ,  0.0000 ,  0.0000 ,  0.0000 ,
  0.0000 ,  0.0000 ,  0.0000 ,  0.0000 ,  0.0000 ,  0.0000 ,
  0.0000 ,  0.0000 ,  0.0000 ,  0.0000 ,  0.0000 ,  0.0000 ,
  0.0000 ,  0.0000 ,  0.0000 ,  0.0000 ,  0.0000 ,  0.0000 ,
  0.0000 ,  0.0000 ,  0.0000 ,  0.0000 ,  0.0000 ,  0.0000 ,
  0.0000 ,  0.0000 ,  0.0000 ,  0.0000 ,  0.0000 ,  0.0000 ,
  0.0000 ,  0.0000 ,  0.0000 ,  0.0000 ,  0.0000 ,  0.0000 ,
  0.0000 ,  0.0000 ,  0.0000 ,  0.0000 ,  0.0000 ,  0.0000 ,
  0.0000 ,  0.0000 ,  0.0000 ,  0.0000 ,  0.0000 ,  0.0000 ,
  0.0000 ,  0.0000 ,  0.0000 ,  0.0000 ,  0.0000 ,  0.0000 ,
  0.0000 ,  0.0000 ,  0.0000 ,  0.0000 ,  0.0000 ,  0.0000 ,
  0.0000 ,  0.0000 ,  0.0000 ,  0.0000 ,  0.0000 ,  0.0000 ,
  0.0000 ,  0.0000 ,  0.0000 ,  0.0000 ,  0.0000 ,  0.0000 ,
  0.0000 ,  0.0000 ,  0.0000 ,  0.0000 ,  0.0000 ,  0.0000 ,
  0.0000 ,  0.0000 ,  0.0000 ,  0.0000 ,  0.0000 ,  0.0000 ,
  0.0000 ,  0.0000 ,  0.0000 ,  0.0000 ,  0.0000 ,  0.0000 ,
  0.0000 ,  0.0000 ,  0.0000 ,  0.0000 ,  0.0000 ,  0.0000 ,
  0.0000 ,  0.0000 ,  0.0000 ,  0.0000 ,  0.0000 ,  0.0000 ,
  0.0000 ,  0.0000 ,  0.0000 ,  0.0000 ,  0.0000 ,  0.0000 ,
  0.0000 ,  0.0000 ,  0.0000 ,  0.0000 ,  0.0000 ,  0.0000 ,
  0.0000 ,  0.0000 ,  0.0000 ,  0.0000 ,  0.0000 ,  0.0000 ,
  0.0000 ,  0.0000 ,  0.0000 ,  0.0000 ,  0.0000 ,  0.0000 ,
  0.0000 ,  0.0000 ,  0.0000 ,  0.0000 ,  0.0000 ,  0.0000 ,
  0.0000 ,  0.0000 ,  0.0000 ,  0.0000 ,  0.0000 ,  0.0000 ,
  0.0000 ,  0.0000 ,  0.0000 ,  0.0000 ,  0.0000 ,  0.0000 ,
  0.0000 ,  0.0000 ,  0.0000 ,  0.0000 ,  0.0000 ,  0.0000 ,
  0.0000 ,  0.0000 ,  0.0000 ,  0.0000 ,  0.0000 ,  0.0000 ,
  0.0000 ,  0.0000 ,  0.0000 ,  0.0000 ,  0.0000 ,  0.0000 ,
  0.0000 ,  0.0000 ,  0.0000 ,  0.0000 ,  0.0000 ,  0.0000 ,
  0.0000 ,  0.0000 ,  0.0000 ,  0.0000 ,  0.0000 ,  0.0000 ,
  0.0000 ,  0.0000 ,  0.0000 ,  0.0000 ,  0.0000 ,  0.0000 ,
  0.0000 ,  0.0000 ,  0.0000 ,  0.0000 ,  0.0000 ,  0.0000 ,
  0.0000 ,  0.0000 ,  0.0000 ,  0.0000 ,  0.0000 ,  0.0000 ,
  0.0000 ,  0.0000 ,  0.0000 ,  0.0000 ,  0.0000 ,  0.0000 ,
  0.0000 ,  0.0000 ,  0.0000 ,  0.0000 ,  0.0000 ,  0.0000 ,
  0.0000 ,  0.0000 ,  0.0000 ,  0.0000 ,  0.0000 ,  0.0000 ,
  0.0000 ,  0.0000 ,  0.0000 ,  0.0000 ,  0.0000 ,  0.0000 ,
  0.0000 ,  0.0000 ,  0.0000 ,  0.0000 ,  0.0000 ,  0.0000 ,
  0.0000 ,  0.0000 ,  0.0000 ,  0.0000 ,  0.0000 ,  0.0000 ,
  0.0000 ,  0.0000 ,  0.0000 ,  0.0000 ,  0.0000 ,  0.0000 ,
  0.0000 ,  0.0000 ,  0.0000 ,  0.0000 ,  0.0000 ,  0.0000 ,
  0.0000 ,  0.0000 ,  0.0000 ,  0.0000 ,  0.0000 ,  0.0000 ,
  0.0000 ,  0.0000 ,  0.0000 ,  0.0000 ,  0.0000 ,  0.0000 ,
  0.0000 ,  0.0000 ,  0.0000 ,  0.0000 ,  0.0000 ,  0.0000 ,
  0.0000 ,  0.0000 ,  0.0000 ,  0.0000 ,  0.0000 ,  0.0000 ,
  0.0000 ,  0.0000 ,  0.0000 ,  0.0000 ,  0.0000 ,  0.0000 ,
  0.0000 ,  0.0000 ,  0.0000 ,  0.0000 ,  0.0000 ,  0.0000 ,
  0.0000 ,  0.0000 ,  0.0000 ,  0.0000 ,  0.0000 ,  0.0000 ,
  0.0000 ,  0.0000 ,  0.0000 ,  0.0000 ,  0.0000 ,  0.0000 ,
  0.0000 ,  0.0000 ,  0.0000 ,  0.0000 ,  0.0000 ,  0.0000 ,
  0.0000 ,  0.0000 ,  0.0000 ,  0.0000 ,  0.0000 ,  0.0000 ,
  0.0000 ,  0.0000 ,  0.0000 ,  0.0000 ,  0.0000 ,  0.0000 ,
  0.0000 ,  0.0000 ,  0.0000 ,  0.0000 ,  0.0000 ,  0.0000 ,
  0.0000 ,  0.0000 ,  0.0000 ,  0.0000 ,  0.0000 ,  0.0000 ,
  0.0000 ,  0.0000 ,  0.0000 ,  0.0000 ,  0.0000 ,  0.0000 ,
  0.0000 ,  0.0000 ,  0.0000 ,  0.0000 ,  0.0000 ,  0.0000 ,
  0.0000 ,  0.0000 ,  0.0000 ,  0.0000 ,  0.0000 ,  0.0000 ,
  0.0000 ,  0.0000 ,  0.0000 ,  0.0000 ,  0.0000 ,  0.0000 ,
  0.0000 ,  0.0000 ,  0.0000 ,  0.0000 ,  0.0000 ,  0.0000 ,
  0.0000 ,  0.0000 ,  0.0000 ,  0.0000 ,  0.0000 ,  0.0000 ,
  0.0000 ,  0.0000 ,  0.0000 ,  0.0000 ,  0.0000 ,  0.0000 ,
  0.0000 ,  0.0000 ,  0.0000 ,  0.0000 ,  0.0000 ,  0.0000 ,
  0.0000 ,  0.0000 ,  0.0000 ,  0.0000 ,  0.0000 ,  0.0000 ,
  0.0000 ,  0.0000 ,  0.0000 ,  0.0000 ,  0.0000 ,  0.0000 ,
  0.0000 ,  0.0000 ,  0.0000 ,  0.0000 ,  0.0000 ,  0.0000 ,
  0.0000 ,  0.0000 ,  0.0000 ,  0.0000 ,  0.0000 ,  0.0000 ,
  0.0000 ,  0.0000 ,  0.0000 ,  0.0000 ,  0.0000 ,  0.0000 ,
  0.0000 ,  0.0000 ,  0.0000 ,  0.0000 ,  0.0000 ,  0.0000 ,
  0.0000 ,  0.0000 ,  0.0000 ,  0.0000 ,  0.0000 ,  0.0000 ,
  0.0000 ,  0.0000 ,  0.0000 ,  0.0000 ,  0.0000 ,  0.0000 ,
  0.0000 ,  0.0000 ,  0.0000 ,  0.0000 ,  0.0000 ,  0.0000 ,
  0.0000 ,  0.0000 ,  0.0000 ,  0.0000 ,  0.0000 ,  0.0000 ,
  0.0000 ,  0.0000 ,  0.0000 ,  0.0000 ,  0.0000 ,  0.0000 ,
  0.0000 ,  0.0000 ,  0.0000 ,  0.0000 ,  0.0000 ,  0.0000 ,
  0.0000 ,  0.0000 ,  0.0000 ,  0.0000 ,  0.0000 ,  0.0000 ,
  0.0000 ,  0.0000 ,  0.0000 ,  0.0000 ,  0.0000 ,  0.0000 ,
  0.0000 ,  0.0000 ,  0.0000 ,  0.0000 ,  0.0000 ,  0.0000 ,
  0.0000 ,  0.0000 ,  0.0000 ,  0.0000 ,  0.0000 ,  0.0000 ,
  0.0000 ,  0.0000 ,  0.0000 ,  0.0000 ,  0.0000 ,  0.0000 ,
  0.0000 ,  0.0000 ,  0.0000 ,  0.0000 ,  0.0000 ,  0.0000 ,
  0.0000 ,  0.0000 ,  0.0000 ,  0.0000 ,  0.0000 ,  0.0000 ,
  0.0000 ,  0.0000 ,  0.0000 ,  0.0000 ,  0.0000 ,  0.0000 ,
  0.0000 ,  0.0000 ,  0.0000 ,  0.0000 ,  0.0000 ,  0.0000 ,
  0.0000 ,  0.0000 ,  0.0000 ,  0.0000 ,  0.0000 ,  0.0000 ,
  0.0000 ,  0.0000 ,  0.0000 ,  0.0000 ,  0.0000 ,  0.0000 ,
  0.0000 ,  0.0000 ,  0.0000 ,  0.0000 ,  0.0000 ,  0.0000 ,
  0.0000 ,  0.0000 ,  0.0000 ,  0.0000 ,  0.0000 ,  0.0000 ,
  0.0000 ,  0.0000 ,  0.0000 ,  0.0000 ,  0.0000 ,  0.0000 ,
  0.0000 ,  0.0000 ,  0.0000 ,  0.0000 ,  0.0000 ,  0.0000 ,
  0.0000 ,  0.0000 ,  0.0000 ,  0.0000 ,  0.0000 ,  0.0000 ,
  0.0000 ,  0.0000 ,  0.0000 ,  0.0000 ,  0.0000 ,  0.0000 ,
  0.0000 ,  0.0000 ,  0.0000 ,  0.0000 ,  0.0000 ,  0.0000 ,
  0.0000 ,  0.0000 ,  0.0000 ,  0.0000 ,  0.0000 ,  0.0000 ,
  0.0000 ,  0.0000 ,  0.0000 ,  0.0000 ,  0.0000 ,  0.0000 ,
  0.0000 ,  0.0000 ,  0.0000 ,  0.0000 ,  0.0000 ,  0.0000 ,
  0.0000 ,  0.0000 ,  0.0000 ,  0.0000 ,  0.0000 ,  0.0000 ,
  0.0000 ,  0.0000 ,  0.0000 ,  0.0000 ,  0.0000 ,  0.0000 ,
  0.0000 ,  0.0000 ,  0.0000 ,  0.0000 ,  0.0000 ,  0.0000 ,
  0.0000 ,  0.0000 ,  0.0000 ,  0.0000 ,  0.0000 ,  0.0000 ,
  0.0000 ,  0.0000 ,  0.0000 ,  0.0000 ,  0.0000 ,  0.0000 ,
  0.0000 ,  0.0000 ,  0.0000 ,  0.0000 ,  0.0000 ,  0.0000 ,
  0.0000 ,  0.0000 ,  0.0000 ,  0.0000 ,  0.0000 ,  0.0000 ,
  0.0000 ,  0.0000 ,  0.0000 ,  0.0000 ,  0.0000 ,  0.0000 ,
  0.0000 ,  0.0000 ,  0.0000 ,  0.0000 ,  0.0000 ,  0.0000 ,
  0.0000 ,  0.0000 ,  0.0000 ,  0.0000 ,  0.0000 ,  0.0000 ,
  0.0000 ,  0.0000 ,  0.0000 ,  0.0000 ,  0.0000 ,  0.0000 ,
  0.0000 ,  0.0000 ,  0.0000 ,  0.0000 ,  0.0000 ,  0.0000 ,
  0.0000 ,  0.0000 ,  0.0000 ,  0.0000 ,  0.0000 ,  0.0000 ,
  0.0000 ,  0.0000 ,  0.0000 ,  0.0000 ,  0.0000 ,  0.0000 ,
  0.0000 ,  0.0000 ,  0.0000 ,  0.0000 ,  0.0000 ,  0.0000 ,
  0.0000 ,  0.0000 ,  0.0000 ,  0.0000 ,  0.0000 ,  0.0000 ,
  0.0000 ,  0.0000 ,  0.0000 ,  0.0000 ,  0.0000 ,  0.0000 ,
  0.0000 ,  0.0000 ,  0.0000 ,  0.0000 ,  0.0000 ,  0.0000 ,
  0.0000 ,  0.0000 ,  0.0000 ,  0.0000 ,  0.0000 ,  0.0000 ,
  0.0000 ,  0.0000 ,  0.0000 ,  0.0000 ,  0.0000 ,  0.0000 ,
  0.0000 ,  0.0000 ,  0.0000 ,  0.0000 ,  0.0000 ,  0.0000 ,
  0.0000 ,  0.0000 ,  0.0000 ,  0.0000 ,  0.0000 ,  0.0000 ,
  0.0000 ,  0.0000 ,  0.0000 ,  0.0000 ,  0.0000 ,  0.0000 ,
  0.0000 ,  0.0000 ,  0.0000 ,  0.0000 ,  0.0000 ,  0.0000 ,
  0.0000 ,  0.0000 ,  0.0000 ,  0.0000 ,  0.0000 ,  0.0000 ,
  0.0000 ,  0.0000 ,  0.0000 ,  0.0000 ,  0.0000 ,  0.0000 ,
  0.0000 ,  0.0000 ,  0.0000 ,  0.0000 ,  0.0000 ,  0.0000 ,
  0.0000 ,  0.0000 ,  0.0000 ,  0.0000 ,  0.0000 ,  0.0000 ,
  0.0000 ,  0.0000 ,  0.0000 ,  0.0000 ,  0.0000 ,  0.0000 ,
  0.0000 ,  0.0000 ,  0.0000 ,  0.0000 ,  0.0000 ,  0.0000 ,
  0.0000 ,  0.0000 ,  0.0000 ,  0.0000 ,  0.0000 ,  0.0000 ,
  0.0000 ,  0.0000 ,  0.0000 ,  0.0000 ,  0.0000 ,  0.0000 ,
  0.0000 ,  0.0000 ,  0.0000 ,  0.0000 ,  0.0000 ,  0.0000 ,
  0.0000 ,  0.0000 ,  0.0000 ,  0.0000 ,  0.0000 ,  0.0000 ,
  0.0000 ,  0.0000 ,  0.0000 ,  0.0000 ,  0.0000 ,  0.0000 ,
  0.0000 ,  0.0000 ,  0.0000 ,  0.0000 ,  0.0000 ,  0.0000 ,
  0.0000 ,  0.0000 ,  0.0000 ,  0.0000 ,  0.0000 ,  0.0000 ,
  0.0000 ,  0.0000 ,  0.0000 ,  0.0000 ,  0.0000 ,  0.0000 ,
  0.0000 ,  0.0000 ,  0.0000 ,  0.0000 ,  0.0000 ,  0.0000 ,
  0.0000 ,  0.0000 ,  0.0000 ,  0.0000 ,  0.0000 ,  0.0000 ,
  0.0000 ,  0.0000 ,  0.0000 ,  0.0000 ,  0.0000 ,  0.0000 ,
  0.0000 ,  0.0000 ,  0.0000 ,  0.0000 ,  0.0000 ,  0.0000 ,
  0.0000 ,  0.0000 ,  0.0000 ,  0.0000 ,  0.0000 ,  0.0000 ,
  0.0000 ,  0.0000 ,  0.0000 ,  0.0000 ,  0.0000 ,  0.0000 ,
  0.0000 ,  0.0000 ,  0.0000 ,  0.0000 ,  0.0000 ,  0.0000 ,
  0.0000 ,  0.0000 ,  0.0000 ,  0.0000 ,  0.0000 ,  0.0000 ,
  0.0000 ,  0.0000 ,  0.0000 ,  0.0000 ,  0.0000 ,  0.0000 ,
  0.0000 ,  0.0000 ,  0.0000 ,  0.0000 ,  0.0000 ,  0.0000 ,
  0.0000 ,  0.0000 ,  0.0000 ,  0.0000 ,  0.0000 ,  0.0000 ,
  0.0000 ,  0.0000 ,  0.0000 ,  0.0000 ,  0.0000 ,  0.0000 ,
  0.0000 ,  0.0000 ,  0.0000 ,  0.0000 ,  0.0000 ,  0.0000 ,
  0.0000 ,  0.0000 ,  0.0000 ,  0.0000 ,  0.0000 ,  0.0000 ,
  0.0000 ,  0.0000 ,  0.0000 ,  0.0000 ,  0.0000 ,  0.0000 ,
  0.0000 ,  0.0000 ,  0.0000 ,  0.0000 ,  0.0000 ,  0.0000 ,
  0.0000 ,  0.0000 ,  0.0000 ,  0.0000 ,  0.0000 ,  0.0000 ,
  0.0000 ,  0.0000 ,  0.0000 ,  0.0000 ,  0.0000 ,  0.0000 ,
  0.0000 ,  0.0000 ,  0.0000 ,  0.0000 ,  0.0000 ,  0.0000 ,
  0.0000 ,  0.0000 ,  0.0000 ,  0.0000 ,  0.0000 ,  0.0000 ,
  0.0000 ,  0.0000 ,  0.0000 ,  0.0000 ,  0.0000 ,  0.0000 ,
  0.0000 ,  0.0000 ,  0.0000 ,  0.0000 ,  0.0000 ,  0.0000 ,
  0.0000 ,  0.0000 ,  0.0000 ,  0.0000 ,  0.0000 ,  0.0000 ,
  0.0000 ,  0.0000 ,  0.0000 ,  0.0000 ,  0.0000 ,  0.0000 ,
  0.0000 ,  0.0000 ,  0.0000 ,  0.0000 ,  0.0000 ,  0.0000 ,
  0.0000 ,  0.0000 ,  0.0000 ,  0.0000 ,  0.0000 ,  0.0000 ,
  0.0000 ,  0.0000 ,  0.0000 ,  0.0000 ,  0.0000 ,  0.0000 ,
  0.0000 ,  0.0000 ,  0.0000 ,  0.0000 ,  0.0000 ,  0.0000 ,
  0.0000 ,  0.0000 ,  0.0000 ,  0.0000 ,  0.0000 ,  0.0000 ,
  0.0000 ,  0.0000 ,  0.0000 ,  0.0000 ,  0.0000 ,  0.0000 ,
  0.0000 ,  0.0000 ,  0.0000 ,  0.0000 ,  0.0000 ,  0.0000 ,
  0.0000 ,  0.0000 ,  0.0000 ,  0.0000 ,  0.0000 ,  0.0000 ,
  0.0000 ,  0.0000 ,  0.0000 ,  0.0000 ,  0.0000 ,  0.0000 ,
  0.0000 ,  0.0000 ,  0.0000 ,  0.0000 ,  0.0000 ,  0.0000 ,
  0.0000 ,  0.0000 ,  0.0000 ,  0.0000 ,  0.0000 ,  0.0000 ,
  0.0000 ,  0.0000 ,  0.0000 ,  0.0000 ,  0.0000 ,  0.0000 ,
  0.0000 ,  0.0000 ,  0.0000 ,  0.0000 ,  0.0000 ,  0.0000 ,
  0.0000 ,  0.0000 ,  0.0000 ,  0.0000 ,  0.0000 ,  0.0000 ,
  0.0000 ,  0.0000 ,  0.0000 ,  0.0000 ,  0.0000 ,  0.0000 ,
  0.0000 ,  0.0000 ,  0.0000 ,  0.0000 ,  0.0000 ,  0.0000 ,
  0.0000 ,  0.0000 ,  0.0000 ,  0.0000 ,  0.0000 ,  0.0000 ,
  0.0000 ,  0.0000 ,  0.0000 ,  0.0000 ,  0.0000 ,  0.0000 ,
  0.0000 ,  0.0000 ,  0.0000 ,  0.0000 ,  0.0000 ,  0.0000 ,
  0.0000 ,  0.0000 ,  0.0000 ,  0.0000 ,  0.0000 ,  0.0000 ,
  0.0000 ,  0.0000 ,  0.0000 ,  0.0000 ,  0.0000 ,  0.0000 ,
  0.0000 ,  0.0000 ,  0.0000 ,  0.0000 ,  0.0000 ,  0.0000 ,
  0.0000 ,  0.0000 ,  0.0000 ,  0.0000 ,  0.0000 ,  0.0000 ,
  0.0000 ,  0.0000 ,  0.0000 ,  0.0000 ,  0.0000 ,  0.0000 ,
  0.0000 ,  0.0000 ,  0.0000 ,  0.0000 ,  0.0000 ,  0.0000 ,
  0.0000 ,  0.0000 ,  0.0000 ,  0.0000 ,  0.0000 ,  0.0000 ,
  0.0000 ,  0.0000 ,  0.0000 ,  0.0000 ,  0.0000 ,  0.0000 ,
  0.0000 ,  0.0000 ,  0.0000 ,  0.0000 ,  0.0000 ,  0.0000 ,
  0.0000 ,  0.0000 ,  0.0000 ,  0.0000 ,  0.0000 ,  0.0000 ,
  0.0000 ,  0.0000 ,  0.0000 ,  0.0000 ,  0.0000 ,  0.0000 ,
  0.0000 ,  0.0000 ,  0.0000 ,  0.0000 ,  0.0000 ,  0.0000 ,
  0.0000 ,  0.0000 ,  0.0000 ,  0.0000 ,  0.0000 ,  0.0000 ,
  0.0000 ,  0.0000 ,  0.0000 ,  0.0000 ,  0.0000 ,  0.0000 ,
  0.0000 ,  0.0000 ,  0.0000 ,  0.0000 ,  0.0000 ,  0.0000 ,
  0.0000 ,  0.0000 ,  0.0000 ,  0.0000 ,  0.0000 ,  0.0000 ,
  0.0000 ,  0.0000 ,  0.0000 ,  0.0000 ,  0.0000 ,  0.0000 ,
  0.0000 ,  0.0000 ,  0.0000 ,  0.0000 ,  0.0000 ,  0.0000 ,
  0.0000 ,  0.0000 ,  0.0000 ,  0.0000 ,  0.0000 ,  0.0000 ,
  0.0000 ,  0.0000 ,  0.0000 ,  0.0000 ,  0.0000 ,  0.0000 ,
  0.0000 ,  0.0000 ,  0.0000 ,  0.0000 ,  0.0000 ,  0.0000 ,
  0.0000 ,  0.0000 ,  0.0000 ,  0.0000 ,  0.0000 ,  0.0000 ,
  0.0000 ,  0.0000 ,  0.0000 ,  0.0000 ,  0.0000 ,  0.0000 ,
  0.0000 ,  0.0000 ,  0.0000 ,  0.0000 ,  0.0000 ,  0.0000 ,
  0.0000 ,  0.0000 ,  0.0000 ,  0.0000 ,  0.0000 ,  0.0000 ,
  0.0000 ,  0.0000 ,  0.0000 ,  0.0000 ,  0.0000 ,  0.0000 ,
  0.0000 ,  0.0000 ,  0.0000 ,  0.0000 ,  0.0000 ,  0.0000 ,
  0.0000 ,  0.0000 ,  0.0000 ,  0.0000 ,  0.0000 ,  0.0000 ,
  0.0000 ,  0.0000 ,  0.0000 ,  0.0000 ,  0.0000 ,  0.0000 ,
  0.0000 ,  0.0000 ,  0.0000 ,  0.0000 ,  0.0000 ,  0.0000 ,
  0.0000 ,  0.0000 ,  0.0000 ,  0.0000 ,  0.0000 ,  0.0000 ,
  0.0000 ,  0.0000 ,  0.0000 ,  0.0000 ,  0.0000 ,  0.0000 ,
  0.0000 ,  0.0000 ,  0.0000 ,  0.0000 ,  0.0000 ,  0.0000 ,
  0.0000 ,  0.0000 ,  0.0000 ,  0.0000 ,  0.0000 ,  0.0000 ,
  0.0000 ,  0.0000 ,  0.0000 ,  0.0000 ,  0.0000 ,  0.0000 ,
  0.0000 ,  0.0000 ,  0.0000 ,  0.0000 ,  0.0000 ,  0.0000 ,
  0.0000 ,  0.0000 ,  0.0000 ,  0.0000 ,  0.0000 ,  0.0000 ,
  0.0000 ,  0.0000 ,  0.0000 ,  0.0000 ,  0.0000 ,  0.0000 ,
  0.0000 ,  0.0000 ,  0.0000 ,  0.0000 ,  0.0000 ,  0.0000 ,
  0.0000 ,  0.0000 ,  0.0000 ,  0.0000 ,  0.0000 ,  0.0000 ,
  0.0000 ,  0.0000 ,  0.0000 ,  0.0000 ,  0.0000 ,  0.0000 ,
  0.0000 ,  0.0000 ,  0.0000 ,  0.0000 ,  0.0000 ,  0.0000 ,
  0.0000 ,  0.0000 ,  0.0000 ,  0.0000 ,  0.0000 ,  0.0000 ,
  0.0000 ,  0.0000 ,  0.0000 ,  0.0000 ,  0.0000 ,  0.0000 ,
  0.0000 ,  0.0000 ,  0.0000 ,  0.0000 ,  0.0000 ,  0.0000 ,
  0.0000 ,  0.0000 ,  0.0000 ,  0.0000 ,  0.0000 ,  0.0000 ,
  0.0000 ,  0.0000 ,  0.0000 ,  0.0000 ,  0.0000 ,  0.0000 ,
  0.0000 ,  0.0000 ,  0.0000 ,  0.0000 ,  0.0000 ,  0.0000 ,
  0.0000 ,  0.0000 ,  0.0000 ,  0.0000 ,  0.0000 ,  0.0000 ,
  0.0000 ,  0.0000 ,  0.0000 ,  0.0000 ,  0.0000 ,  0.0000 ,
  0.0000 ,  0.0000 ,  0.0000 ,  0.0000 ,  0.0000 ,  0.0000 ,
  0.0000 ,  0.0000 ,  0.0000 ,  0.0000 ,  0.0000 ,  0.0000 ,
  0.0000 ,  0.0000 ,  0.0000 ,  0.0000 ,  0.0000 ,  0.0000 ,
  0.0000 ,  0.0000 ,  0.0000 ,  0.0000 ,  0.0000 ,  0.0000 ,
  0.0000 ,  0.0000 ,  0.0000 ,  0.0000 ,  0.0000 ,  0.0000 ,
  0.0000 ,  0.0000 ,  0.0000 ,  0.0000 ,  0.0000 ,  0.0000 ,
  0.0000 ,  0.0000 ,  0.0000 ,  0.0000 ,  0.0000 ,  0.0000 ,
  0.0000 ,  0.0000 ,  0.0000 ,  0.0000 ,  0.0000 ,  0.0000 ,
  0.0000 ,  0.0000 ,  0.0000 ,  0.0000 ,  0.0000 ,  0.0000 ,
  0.0000 ,  0.0000 ,  0.0000 ,  0.0000 ,  0.0000 ,  0.0000 ,
  0.0000 ,  0.0000 ,  0.0000 ,  0.0000 ,  0.0000 ,  0.0000 ,
  0.0000 ,  0.0000 ,  0.0000 ,  0.0000 ,  0.0000 ,  0.0000 ,
  0.0000 ,  0.0000 ,  0.0000 ,  0.0000 ,  0.0000 ,  0.0000 ,
  0.0000 ,  0.0000 ,  0.0000 ,  0.0000 ,  0.0000 ,  0.0000 ,
  0.0000 ,  0.0000 ,  0.0000 ,  0.0000 ,  0.0000 ,  0.0000 ,
  0.0000 ,  0.0000 ,  0.0000 ,  0.0000 ,  0.0000 ,  0.0000 ,
  0.0000 ,  0.0000 ,  0.0000 ,  0.0000 ,  0.0000 ,  0.0000 ,
  0.0000 ,  0.0000 ,  0.0000 ,  0.0000 ,  0.0000 ,  0.0000 ,
  0.0000 ,  0.0000 ,  0.0000 ,  0.0000 ,  0.0000 ,  0.0000 ,
  0.0000 ,  0.0000 ,  0.0000 ,  0.0000 ,  0.0000 ,  0.0000 ,
  0.0000 ,  0.0000 ,  0.0000 ,  0.0000 ,  0.0000 ,  0.0000 ,
  0.0000 ,  0.0000 ,  0.0000 ,  0.0000 ,  0.0000 ,  0.0000 ,
  0.0000 ,  0.0000 ,  0.0000 ,  0.0000 ,  0.0000 ,  0.0000 ,
  0.0000 ,  0.0000 ,  0.0000 ,  0.0000 ,  0.0000 ,  0.0000 ,
  0.0000 ,  0.0000 ,  0.0000 ,  0.0000 ,  0.0000 ,  0.0000 ,
  0.0000 ,  0.0000 ,  0.0000 ,  0.0000 ,  0.0000 ,  0.0000 ,
  0.0000 ,  0.0000 ,  0.0000 ,  0.0000 ,  0.0000 ,  0.0000 ,
  0.0000 ,  0.0000 ,  0.0000 ,  0.0000 ,  0.0000 ,  0.0000 ,
  0.0000 ,  0.0000 ,  0.0000 ,  0.0000 ,  0.0000 ,  0.0000 ,
  0.0000 ,  0.0000 ,  0.0000 ,  0.0000 ,  0.0000 ,  0.0000 ,
  0.0000 ,  0.0000 ,  0.0000 ,  0.0000 ,  0.0000 ,  0.0000 ,
  0.0000 ,  0.0000 ,  0.0000 ,  0.0000 ,  0.0000 ,  0.0000 ,
  0.0000 ,  0.0000 ,  0.0000 ,  0.0000 ,  0.0000 ,  0.0000 ,
  0.0000 ,  0.0000 ,  0.0000 ,  0.0000 ,  0.0000 ,  0.0000 ,
  0.0000 ,  0.0000 ,  0.0000 ,  0.0000 ,  0.0000 ,  0.0000 ,
  0.0000 ,  0.0000 ,  0.0000 ,  0.0000 ,  0.0000 ,  0.0000 ,
  0.0000 ,  0.0000 ,  0.0000 ,  0.0000 ,  0.0000 ,  0.0000 ,
  0.0000 ,  0.0000 ,  0.0000 ,  0.0000 ,  0.0000 ,  0.0000 ,
  0.0000 ,  0.0000 ,  0.0000 ,  0.0000 ,  0.0000 ,  0.0000 ,
  0.0000 ,  0.0000 ,  0.0000 ,  0.0000 ,  0.0000 ,  0.0000 ,
  0.0000 ,  0.0000 ,  0.0000 ,  0.0000 ,  0.0000 ,  0.0000 ,
  0.0000 ,  0.0000 ,  0.0000 ,  0.0000 ,  0.0000 ,  0.0000 ,
  0.0000 ,  0.0000 ,  0.0000 ,  0.0000 ,  0.0000 ,  0.0000 ,
  0.0000 ,  0.0000 ,  0.0000 ,  0.0000 ,  0.0000 ,  0.0000 ,
  0.0000 ,  0.0000 ,  0.0000 ,  0.0000 ,  0.0000 ,  0.0000 ,
  0.0000 ,  0.0000 ,  0.0000 ,  0.0000 ,  0.0000 ,  0.0000 ,
  0.0000 ,  0.0000 ,  0.0000 ,  0.0000 ,  0.0000 ,  0.0000 ,
  0.0000 ,  0.0000 ,  0.0000 ,  0.0000 ,  0.0000 ,  0.0000 ,
  0.0000 ,  0.0000 ,  0.0000 ,  0.0000 ,  0.0000 ,  0.0000 ,
  0.0000 ,  0.0000 ,  0.0000 ,  0.0000 ,  0.0000 ,  0.0000 ,
  0.0000 ,  0.0000 ,  0.0000 ,  0.0000 ,  0.0000 ,  0.0000 ,
  0.0000 ,  0.0000 ,  0.0000 ,  0.0000 ,  0.0000 ,  0.0000 ,
  0.0000 ,  0.0000 ,  0.0000 ,  0.0000 ,  0.0000 ,  0.0000 ,
  0.0000 ,  0.0000 ,  0.0000 ,  0.0000 ,  0.0000 ,  0.0000 ,
  0.0000 ,  0.0000 ,  0.0000 ,  0.0000 ,  0.0000 ,  0.0000 ,
  0.0000 ,  0.0000 ,  0.0000 ,  0.0000 ,  0.0000 ,  0.0000 ,
  0.0000 ,  0.0000 ,  0.0000 ,  0.0000 ,  0.0000 ,  0.0000 ,
  0.0000 ,  0.0000 ,  0.0000 ,  0.0000 ,  0.0000 ,  0.0000 ,
  0.0000 ,  0.0000 ,  0.0000 ,  0.0000 ,  0.0000 ,  0.0000 ,
  0.0000 ,  0.0000 ,  0.0000 ,  0.0000 ,  0.0000 ,  0.0000 ,
  0.0000 ,  0.0000 ,  0.0000 ,  0.0000 ,  0.0000 ,  0.0000 ,
  0.0000 ,  0.0000 ,  0.0000 ,  0.0000 ,  0.0000 ,  0.0000 ,
  0.0000 ,  0.0000 ,  0.0000 ,  0.0000 ,  0.0000 ,  0.0000 ,
  0.0000 ,  0.0000 ,  0.0000 ,  0.0000 ,  0.0000 ,  0.0000 ,
  0.0000 ,  0.0000 ,  0.0000 ,  0.0000 ,  0.0000 ,  0.0000 ,
  0.0000 ,  0.0000 ,  0.0000 ,  0.0000 ,  0.0000 ,  0.0000 ,
  0.0000 ,  0.0000 ,  0.0000 ,  0.0000 ,  0.0000 ,  0.0000 ,
  0.0000 ,  0.0000 ,  0.0000 ,  0.0000 ,  0.0000 ,  0.0000 ,
  0.0000 ,  0.0000 ,  0.0000 ,  0.0000 ,  0.0000 ,  0.0000 ,
  0.0000 ,  0.0000 ,  0.0000 ,  0.0000 ,  0.0000 ,  0.0000 ,
  0.0000 ,  0.0000 ,  0.0000 ,  0.0000 ,  0.0000 ,  0.0000 ,
  0.0000 ,  0.0000 ,  0.0000 ,  0.0000 ,  0.0000 ,  0.0000 ,
  0.0000 ,  0.0000 ,  0.0000 ,  0.0000 ,  0.0000 ,  0.0000 ,
  0.0000 ,  0.0000 ,  0.0000 ,  0.0000 ,  0.0000 ,  0.0000 ,
  0.0000 ,  0.0000 ,  0.0000 ,  0.0000 ,  0.0000 ,  0.0000 ,
  0.0000 ,  0.0000 ,  0.0000 ,  0.0000 ,  0.0000 ,  0.0000 ,
  0.0000 ,  0.0000 ,  0.0000 ,  0.0000 ,  0.0000 ,  0.0000 ,
  0.0000 ,  0.0000 ,  0.0000 ,  0.0000 ,  0.0000 ,  0.0000 ,
  0.0000 ,  0.0000 ,  0.0000 ,  0.0000 ,  0.0000 ,  0.0000 ,
  0.0000 ,  0.0000 ,  0.0000 ,  0.0000 ,  0.0000 ,  0.0000 ,
  0.0000 ,  0.0000 ,  0.0000 ,  0.0000 ,  0.0000 ,  0.0000 ,
  0.0000 ,  0.0000 ,  0.0000 ,  0.0000 ,  0.0000 ,  0.0000 ,
  0.0000 ,  0.0000 ,  0.0000 ,  0.0000 ,  0.0000 ,  0.0000 ,
  0.0000 ,  0.0000 ,  0.0000 ,  0.0000 ,  0.0000 ,  0.0000 ,
  0.0000 ,  0.0000 ,  0.0000 ,  0.0000 ,  0.0000 ,  0.0000 ,
  0.0000 ,  0.0000 ,  0.0000 ,  0.0000 ,  0.0000 ,  0.0000 ,
  0.0000 ,  0.0000 ,  0.0000 ,  0.0000 ,  0.0000 ,  0.0000 ,
  0.0000 ,  0.0000 ,  0.0000 ,  0.0000 ,  0.0000 ,  0.0000 ,
  0.0000 ,  0.0000 ,  0.0000 ,  0.0000 ,  0.0000 ,  0.0000 ,
  0.0000 ,  0.0000 ,  0.0000 ,  0.0000 ,  0.0000 ,  0.0000 ,
  0.0000 ,  0.0000 ,  0.0000 ,  0.0000 ,  0.0000 ,  0.0000 ,
  0.0000 ,  0.0000 ,  0.0000 ,  0.0000 ,  0.0000 ,  0.0000 ,
  0.0000 ,  0.0000 ,  0.0000 ,  0.0000 ,  0.0000 ,  0.0000 ,
  0.0000 ,  0.0000 ,  0.0000 ,  0.0000 ,  0.0000 ,  0.0000 ,
  0.0000 ,  0.0000 ,  0.0000 ,  0.0000 ,  0.0000 ,  0.0000 ,
  0.0000 ,  0.0000 ,  0.0000 ,  0.0000 ,  0.0000 ,  0.0000 ,
  0.0000 ,  0.0000 ,  0.0000 ,  0.0000 ,  0.0000 ,  0.0000 ,
  0.0000 ,  0.0000 ,  0.0000 ,  0.0000 ,  0.0000 ,  0.0000 ,
  0.0000 ,  0.0000 ,  0.0000 ,  0.0000 ,  0.0000 ,  0.0000 ,
  0.0000 ,  0.0000 ,  0.0000 ,  0.0000 ,  0.0000 ,  0.0000 ,
  0.0000 ,  0.0000 ,  0.0000 ,  0.0000 ,  0.0000 ,  0.0000 ,
  0.0000 ,  0.0000 ,  0.0000 ,  0.0000 ,  0.0000 ,  0.0000 ,
  0.0000 ,  0.0000 ,  0.0000 ,  0.0000 ,  0.0000 ,  0.0000 ,
  0.0000 ,  0.0000 ,  0.0000 ,  0.0000 ,  0.0000 ,  0.0000 ,
  0.0000 ,  0.0000 ,  0.0000 ,  0.0000 ,  0.0000 ,  0.0000 ,
  0.0000 ,  0.0000 ,  0.0000 ,  0.0000 ,  0.0000 ,  0.0000 ,
  0.0000 ,  0.0000 ,  0.0000 ,  0.0000 ,  0.0000 ,  0.0000 ,
  0.0000 ,  0.0000 ,  0.0000 ,  0.0000 ,  0.0000 ,  0.0000 ,
  0.0000 ,  0.0000 ,  0.0000 ,  0.0000 ,  0.0000 ,  0.0000 ,
  0.0000 ,  0.0000 ,  0.0000 ,  0.0000 ,  0.0000 ,  0.0000 ,
  0.0000 ,  0.0000 ,  0.0000 ,  0.0000 ,  0.0000 ,  0.0000 ,
  0.0000 ,  0.0000 ,  0.0000 ,  0.0000 ,  0.0000 ,  0.0000 ,
  0.0000 ,  0.0000 ,  0.0000 ,  0.0000 ,  0.0000 ,  0.0000 ,
  0.0000 ,  0.0000 ,  0.0000 ,  0.0000 ,  0.0000 ,  0.0000 ,
  0.0000 ,  0.0000 ,  0.0000 ,  0.0000 ,  0.0000 ,  0.0000 ,
  0.0000 ,  0.0000 ,  0.0000 ,  0.0000 ,  0.0000 ,  0.0000 ,
  0.0000 ,  0.0000 ,  0.0000 ,  0.0000 ,  0.0000 ,  0.0000 ,
  0.0000 ,  0.0000 ,  0.0000 ,  0.0000 ,  0.0000 ,  0.0000 ,
  0.0000 ,  0.0000 ,  0.0000 ,  0.0000 ,  0.0000 ,  0.0000 ,
  0.0000 ,  0.0000 ,  0.0000 ,  0.0000 ,  0.0000 ,  0.0000 ,
  0.0000 ,  0.0000 ,  0.0000 ,  0.0000 ,  0.0000 ,  0.0000 ,
  0.0000 ,  0.0000 ,  0.0000 ,  0.0000 ,  0.0000 ,  0.0000 ,
  0.0000 ,  0.0000 ,  0.0000 ,  0.0000 ,  0.0000 ,  0.0000 ,
  0.0000 ,  0.0000 ,  0.0000 ,  0.0000 ,  0.0000 ,  0.0000 ,
  0.0000 ,  0.0000 ,  0.0000 ,  0.0000 ,  0.0000 ,  0.0000 ,
  0.0000 ,  0.0000 ,  0.0000 ,  0.0000 ,  0.0000 ,  0.0000 ,
  0.0000 ,  0.0000 ,  0.0000 ,  0.0000 ,  0.0000 ,  0.0000 ,
  0.0000 ,  0.0000 ,  0.0000 ,  0.0000 ,  0.0000 ,  0.0000 ,
  0.0000 ,  0.0000 ,  0.0000 ,  0.0000 ,  0.0000 ,  0.0000 ,
  0.0000 ,  0.0000 ,  0.0000 ,  0.0000 ,  0.0000 ,  0.0000 ,
  0.0000 ,  0.0000 ,  0.0000 ,  0.0000 ,  0.0000 ,  0.0000 ,
  0.0000 ,  0.0000 ,  0.0000 ,  0.0000 ,  0.0000 ,  0.0000 ,
  0.0000 ,  0.0000 ,  0.0000 ,  0.0000 ,  0.0000 ,  0.0000 ,
  0.0000 ,  0.0000 ,  0.0000 ,  0.0000 ,  0.0000 ,  0.0000 ,
  0.0000 ,  0.0000 ,  0.0000 ,  0.0000 ,  0.0000 ,  0.0000 ,
  0.0000 ,  0.0000 ,  0.0000 ,  0.0000 ,  0.0000 ,  0.0000 ,
  0.0000 ,  0.0000 ,  0.0000 ,  0.0000 ,  0.0000 ,  0.0000 ,
  0.0000 ,  0.0000 ,  0.0000 ,  0.0000 ,  0.0000 ,  0.0000 ,
  0.0000 ,  0.0000 ,  0.0000 ,  0.0000 ,  0.0000 ,  0.0000 ,
  0.0000 ,  0.0000 ,  0.0000 ,  0.0000 ,  0.0000 ,  0.0000 ,
  0.0000 ,  0.0000 ,  0.0000 ,  0.0000 ,  0.0000 ,  0.0000 ,
  0.0000 ,  0.0000 ,  0.0000 ,  0.0000 ,  0.0000 ,  0.0000 ,
  0.0000 ,  0.0000 ,  0.0000 ,  0.0000 ,  0.0000 ,  0.0000 ,
  0.0000 ,  0.0000 ,  0.0000 ,  0.0000 ,  0.0000 ,  0.0000 ,
  0.0000 ,  0.0000 ,  0.0000 ,  0.0000 ,  0.0000 ,  0.0000 ,
  0.0000 ,  0.0000 ,  0.0000 ,  0.0000 ,  0.0000 ,  0.0000 ,
  0.0000 ,  0.0000 ,  0.0000 ,  0.0000 ,  0.0000 ,  0.0000 ,
  0.0000 ,  0.0000 ,  0.0000 ,  0.0000 ,  0.0000 ,  0.0000 ,
  0.0000 ,  0.0000 ,  0.0000 ,  0.0000 ,  0.0000 ,  0.0000 ,
  0.0000 ,  0.0000 ,  0.0000 ,  0.0000 ,  0.0000 ,  0.0000 ,
  0.0000 ,  0.0000 ,  0.0000 ,  0.0000 ,  0.0000 ,  0.0000 ,
  0.0000 ,  0.0000 ,  0.0000 ,  0.0000 ,  0.0000 ,  0.0000 ,
  0.0000 ,  0.0000 ,  0.0000 ,  0.0000 ,  0.0000 ,  0.0000 ,
  0.0000 ,  0.0000 ,  0.0000 ,  0.0000 ,  0.0000 ,  0.0000 ,
  0.0000 ,  0.0000 ,  0.0000 ,  0.0000 ,  0.0000 ,  0.0000 ,
  0.0000 ,  0.0000 ,  0.0000 ,  0.0000 ,  0.0000 ,  0.0000 ,
  0.0000 ,  0.0000 ,  0.0000 ,  0.0000 ,  0.0000 ,  0.0000 ,
  0.0000 ,  0.0000 ,  0.0000 ,  0.0000 ,  0.0000 ,  0.0000 ,
  0.0000 ,  0.0000 ,  0.0000 ,  0.0000 ,  0.0000 ,  0.0000 ,
  0.0000 ,  0.0000 ,  0.0000 ,  0.0000 ,  0.0000 ,  0.0000 ,
  0.0000 ,  0.0000 ,  0.0000 ,  0.0000 ,  0.0000 ,  0.0000 ,
  0.0000 ,  0.0000 ,  0.0000 ,  0.0000 ,  0.0000 ,  0.0000 ,
  0.0000 ,  0.0000 ,  0.0000 ,  0.0000 ,  0.0000 ,  0.0000 ,
  0.0000 ,  0.0000 ,  0.0000 ,  0.0000 ,  0.0000 ,  0.0000 ,
  0.0000 ,  0.0000 ,  0.0000 ,  0.0000 ,  0.0000 ,  0.0000 ,
  0.0000 ,  0.0000 ,  0.0000 ,  0.0000 ,  0.0000 ,  0.0000 ,
  0.0000 ,  0.0000 ,  0.0000 ,  0.0000 ,  0.0000 ,  0.0000 ,
  0.0000 ,  0.0000 ,  0.0000 ,  0.0000 ,  0.0000 ,  0.0000 ,
  0.0000 ,  0.0000 ,  0.0000 ,  0.0000 ,  0.0000 ,  0.0000 ,
  0.0000 ,  0.0000 ,  0.0000 ,  0.0000 ,  0.0000 ,  0.0000 ,
  0.0000 ,  0.0000 ,  0.0000 ,  0.0000 ,  0.0000 ,  0.0000 ,
  0.0000 ,  0.0000 ,  0.0000 ,  0.0000 ,  0.0000 ,  0.0000 ,
  0.0000 ,  0.0000 ,  0.0000 ,  0.0000 ,  0.0000 ,  0.0000 ,
  0.0000 ,  0.0000 ,  0.0000 ,  0.0000 ,  0.0000 ,  0.0000 ,
  0.0000 ,  0.0000 ,  0.0000 ,  0.0000 ,  0.0000 ,  0.0000 ,
  0.0000 ,  0.0000 ,  0.0000 ,  0.0000 ,  0.0000 ,  0.0000 ,
  0.0000 ,  0.0000 ,  0.0000 ,  0.0000 ,  0.0000 ,  0.0000 ,
  0.0000 ,  0.0000 ,  0.0000 ,  0.0000 ,  0.0000 ,  0.0000 ,
  0.0000 ,  0.0000 ,  0.0000 ,  0.0000 ,  0.0000 ,  0.0000 ,
  0.0000 ,  0.0000 ,  0.0000 ,  0.0000 ,  0.0000 ,  0.0000 ,
  0.0000 ,  0.0000 ,  0.0000 ,  0.0000 ,  0.0000 ,  0.0000 ,
  0.0000 ,  0.0000 ,  0.0000 ,  0.0000 ,  0.0000 ,  0.0000 ,
  0.0000 ,  0.0000 ,  0.0000 ,  0.0000 ,  0.0000 ,  0.0000 ,
  0.0000 ,  0.0000 ,  0.0000 ,  0.0000 ,  0.0000 ,  0.0000 ,
  0.0000 ,  0.0000 ,  0.0000 ,  0.0000 ,  0.0000 ,  0.0000 ,
  0.0000 ,  0.0000 ,  0.0000 ,  0.0000 ,  0.0000 ,  0.0000 ,
  0.0000 ,  0.0000 ,  0.0000 ,  0.0000 ,  0.0000 ,  0.0000 ,
  0.0000 ,  0.0000 ,  0.0000 ,  0.0000 ,  0.0000 ,  0.0000 ,
  0.0000 ,  0.0000 ,  0.0000 ,  0.0000 ,  0.0000 ,  0.0000 ,
  0.0000 ,  0.0000 ,  0.0000 ,  0.0000 ,  0.0000 ,  0.0000 ,
  0.0000 ,  0.0000 ,  0.0000 ,  0.0000 ,  0.0000 ,  0.0000 ,
  0.0000 ,  0.0000 ,  0.0000 ,  0.0000 ,  0.0000 ,  0.0000 ,
  0.0000 ,  0.0000 ,  0.0000 ,  0.0000 ,  0.0000 ,  0.0000 ,
  0.0000 ,  0.0000 ,  0.0000 ,  0.0000 ,  0.0000 ,  0.0000 ,
  0.0000 ,  0.0000 ,  0.0000 ,  0.0000 ,  0.0000 ,  0.0000 ,
  0.0000 ,  0.0000 ,  0.0000 ,  0.0000 ,  0.0000 ,  0.0000 ,
  0.0000 ,  0.0000 ,  0.0000 ,  0.0000 ,  0.0000 ,  0.0000 ,
  0.0000 ,  0.0000 ,  0.0000 ,  0.0000 ,  0.0000 ,  0.0000 ,
  0.0000 ,  0.0000 ,  0.0000 ,  0.0000 ,  0.0000 ,  0.0000 ,
  0.0000 ,  0.0000 ,  0.0000 ,  0.0000 ,  0.0000 ,  0.0000 ,
  0.0000 ,  0.0000 ,  0.0000 ,  0.0000 ,  0.0000 ,  0.0000 ,
  0.0000 ,  0.0000 ,  0.0000 ,  0.0000 ,  0.0000 ,  0.0000 ,
  0.0000 ,  0.0000 ,  0.0000 ,  0.0000 ,  0.0000 ,  0.0000 ,
  0.0000 ,  0.0000 ,  0.0000 ,  0.0000 ,  0.0000 ,  0.0000 ,
  0.0000 ,  0.0000 ,  0.0000 ,  0.0000 ,  0.0000 ,  0.0000 ,
  0.0000 ,  0.0000 ,  0.0000 ,  0.0000 ,  0.0000 ,  0.0000 ,
  0.0000 ,  0.0000 ,  0.0000 ,  0.0000 ,  0.0000 ,  0.0000 ,
  0.0000 ,  0.0000 ,  0.0000 ,  0.0000 ,  0.0000 ,  0.0000 ,
  0.0000 ,  0.0000 ,  0.0000 ,  0.0000 ,  0.0000 ,  0.0000 ,
  0.0000 ,  0.0000 ,  0.0000 ,  0.0000 ,  0.0000 ,  0.0000 ,
  0.0000 ,  0.0000 ,  0.0000 ,  0.0000 ,  0.0000 ,  0.0000 ,
  0.0000 ,  0.0000 ,  0.0000 ,  0.0000 ,  0.0000 ,  0.0000 ,
  0.0000 ,  0.0000 ,  0.0000 ,  0.0000 ,  0.0000 ,  0.0000 ,
  0.0000 ,  0.0000 ,  0.0000 ,  0.0000 ,  0.0000 ,  0.0000 ,
  0.0000 ,  0.0000 ,  0.0000 ,  0.0000 ,  0.0000 ,  0.0000 ,
  0.0000 ,  0.0000 ,  0.0000 ,  0.0000 ,  0.0000 ,  0.0000 ,
  0.0000 ,  0.0000 ,  0.0000 ,  0.0000 ,  0.0000 ,  0.0000 ,
  0.0000 ,  0.0000 ,  0.0000 ,  0.0000 ,  0.0000 ,  0.0000 ,
  0.0000 ,  0.0000 ,  0.0000 ,  0.0000 ,  0.0000 ,  0.0000 ,
  0.0000 ,  0.0000 ,  0.0000 ,  0.0000 ,  0.0000 ,  0.0000 ,
  0.0000 ,  0.0000 ,  0.0000 ,  0.0000 ,  0.0000 ,  0.0000 ,
  0.0000 ,  0.0000 ,  0.0000 ,  0.0000 ,  0.0000 ,  0.0000 ,
  0.0000 ,  0.0000 ,  0.0000 ,  0.0000 ,  0.0000 ,  0.0000 ,
  0.0000 ,  0.0000 ,  0.0000 ,  0.0000 ,  0.0000 ,  0.0000 ,
  0.0000 ,  0.0000 ,  0.0000 ,  0.0000 ,  0.0000 ,  0.0000 ,
  0.0000 ,  0.0000 ,  0.0000 ,  0.0000 ,  0.0000 ,  0.0000 ,
  0.0000 ,  0.0000 ,  0.0000 ,  0.0000 ,  0.0000 ,  0.0000 ,
  0.0000 ,  0.0000 ,  0.0000 ,  0.0000 ,  0.0000 ,  0.0000 ,
  0.0000 ,  0.0000 ,  0.0000 ,  0.0000 ,  0.0000 ,  0.0000 ,
  0.0000 ,  0.0000 ,  0.0000 ,  0.0000 ,  0.0000 ,  0.0000 ,
  0.0000 ,  0.0000 ,  0.0000 ,  0.0000 ,  0.0000 ,  0.0000 ,
  0.0000 ,  0.0000 ,  0.0000 ,  0.0000 ,  0.0000 ,  0.0000 ,
  0.0000 ,  0.0000 ,  0.0000 ,  0.0000 ,  0.0000 ,  0.0000 ,
  0.0000 ,  0.0000 ,  0.0000 ,  0.0000 ,  0.0000 ,  0.0000 ,
  0.0000 ,  0.0000 ,  0.0000 ,  0.0000 ,  0.0000 ,  0.0000 ,
  0.0000 ,  0.0000 ,  0.0000 ,  0.0000 ,  0.0000 ,  0.0000 ,
  0.0000 ,  0.0000 ,  0.0000 ,  0.0000 ,  0.0000 ,  0.0000 ,
  0.0000 ,  0.0000 ,  0.0000 ,  0.0000 ,  0.0000 ,  0.0000 ,
  0.0000 ,  0.0000 ,  0.0000 ,  0.0000 ,  0.0000 ,  0.0000 ,
  0.0000 ,  0.0000 ,  0.0000 ,  0.0000 ,  0.0000 ,  0.0000 ,
  0.0000 ,  0.0000 ,  0.0000 ,  0.0000 ,  0.0000 ,  0.0000 ,
  0.0000 ,  0.0000 ,  0.0000 ,  0.0000 ,  0.0000 ,  0.0000 ,
  0.0000 ,  0.0000 ,  0.0000 ,  0.0000 ,  0.0000 ,  0.0000 ,
  0.0000 ,  0.0000 ,  0.0000 ,  0.0000 ,  0.0000 ,  0.0000 ,
  0.0000 ,  0.0000 ,  0.0000 ,  0.0000 ,  0.0000 ,  0.0000 ,
  0.0000 ,  0.0000 ,  0.0000 ,  0.0000 ,  0.0000 ,  0.0000 ,
  0.0000 ,  0.0000 ,  0.0000 ,  0.0000 ,  0.0000 ,  0.0000 ,
  0.0000 ,  0.0000 ,  0.0000 ,  0.0000 ,  0.0000 ,  0.0000 ,
  0.0000 ,  0.0000 ,  0.0000 ,  0.0000 ,  0.0000 ,  0.0000 ,
  0.0000 ,  0.0000 ,  0.0000 ,  0.0000 ,  0.0000 ,  0.0000 ,
  0.0000 ,  0.0000 ,  0.0000 ,  0.0000 ,  0.0000 ,  0.0000 ,
  0.0000 ,  0.0000 ,  0.0000 ,  0.0000 ,  0.0000 ,  0.0000 ,
  0.0000 ,  0.0000 ,  0.0000 ,  0.0000 ,  0.0000 ,  0.0000 ,
  0.0000 ,  0.0000 ,  0.0000 ,  0.0000 ,  0.0000 ,  0.0000 ,
  0.0000 ,  0.0000 ,  0.0000 ,  0.0000 ,  0.0000 ,  0.0000 ,
  0.0000 ,  0.0000 ,  0.0000 ,  0.0000 ,  0.0000 ,  0.0000 ,
  0.0000 ,  0.0000 ,  0.0000 ,  0.0000 ,  0.0000 ,  0.0000 ,
  0.0000 ,  0.0000 ,  0.0000 ,  0.0000 ,  0.0000 ,  0.0000 ,
  0.0000 ,  0.0000 ,  0.0000 ,  0.0000 ,  0.0000 ,  0.0000 ,
  0.0000 ,  0.0000 ,  0.0000 ,  0.0000 ,  0.0000 ,  0.0000 ,
  0.0000 ,  0.0000 ,  0.0000 ,  0.0000 ,  0.0000 ,  0.0000 ,
  0.0000 ,  0.0000 ,  0.0000 ,  0.0000 ,  0.0000 ,  0.0000 ,
  0.0000 ,  0.0000 ,  0.0000 ,  0.0000 ,  0.0000 ,  0.0000 ,
  0.0000 ,  0.0000 ,  0.0000 ,  0.0000 ,  0.0000 ,  0.0000 ,
  0.0000 ,  0.0000 ,  0.0000 ,  0.0000 ,  0.0000 ,  0.0000 ,
  0.0000 ,  0.0000 ,  0.0000 ,  0.0000 ,  0.0000 ,  0.0000 ,
  0.0000 ,  0.0000 ,  0.0000 ,  0.0000 ,  0.0000 ,  0.0000 ,
  0.0000 ,  0.0000 ,  0.0000 ,  0.0000 ,  0.0000 ,  0.0000 ,
  0.0000 ,  0.0000 ,  0.0000 ,  0.0000 ,  0.0000 ,  0.0000 ,
  0.0000 ,  0.0000 ,  0.0000 ,  0.0000 ,  0.0000 ,  0.0000 ,
  0.0000 ,  0.0000 ,  0.0000 ,  0.0000 ,  0.0000 ,  0.0000 ,
  0.0000 ,  0.0000 ,  0.0000 ,  0.0000 ,  0.0000 ,  0.0000 ,
  0.0000 ,  0.0000 ,  0.0000 ,  0.0000 ,  0.0000 ,  0.0000 ,
  0.0000 ,  0.0000 ,  0.0000 ,  0.0000 ,  0.0000 ,  0.0000 ,
  0.0000 ,  0.0000 ,  0.0000 ,  0.0000 ,  0.0000 ,  0.0000 ,
  0.0000 ,  0.0000 ,  0.0000 ,  0.0000 ,  0.0000 ,  0.0000 ,
  0.0000 ,  0.0000 ,  0.0000 ,  0.0000 ,  0.0000 ,  0.0000 ,
  0.0000 ,  0.0000 ,  0.0000 ,  0.0000 ,  0.0000 ,  0.0000 ,
  0.0000 ,  0.0000 ,  0.0000 ,  0.0000 ,  0.0000 ,  0.0000 ,
  0.0000 ,  0.0000 ,  0.0000 ,  0.0000 ,  0.0000 ,  0.0000 ,
  0.0000 ,  0.0000 ,  0.0000 ,  0.0000 ,  0.0000 ,  0.0000 ,
  0.0000 ,  0.0000 ,  0.0000 ,  0.0000 ,  0.0000 ,  0.0000 ,
  0.0000 ,  0.0000 ,  0.0000 ,  0.0000 ,  0.0000 ,  0.0000 ,
  0.0000 ,  0.0000 ,  0.0000 ,  0.0000 ,  0.0000 ,  0.0000 ,
  0.0000 ,  0.0000 ,  0.0000 ,  0.0000 ,  0.0000 ,  0.0000 ,
  0.0000 ,  0.0000 ,  0.0000 ,  0.0000 ,  0.0000 ,  0.0000 ,
  0.0000 ,  0.0000 ,  0.0000 ,  0.0000 ,  0.0000 ,  0.0000 ,
  0.0000 ,  0.0000 ,  0.0000 ,  0.0000 ,  0.0000 ,  0.0000 ,
  0.0000 ,  0.0000 ,  0.0000 ,  0.0000 ,  0.0000 ,  0.0000 ,
  0.0000 ,  0.0000 ,  0.0000 ,  0.0000 ,  0.0000 ,  0.0000 ,
  0.0000 ,  0.0000 ,  0.0000 ,  0.0000 ,  0.0000 ,  0.0000 ,
  0.0000 ,  0.0000 ,  0.0000 ,  0.0000 ,  0.0000 ,  0.0000 ,
  0.0000 ,  0.0000 ,  0.0000 ,  0.0000 ,  0.0000 ,  0.0000 ,
  0.0000 ,  0.0000 ,  0.0000 ,  0.0000 ,  0.0000 ,  0.0000 ,
  0.0000 ,  0.0000 ,  0.0000 ,  0.0000 ,  0.0000 ,  0.0000 ,
  0.0000 ,  0.0000 ,  0.0000 ,  0.0000 ,  0.0000 ,  0.0000 ,
  0.0000 ,  0.0000 ,  0.0000 ,  0.0000 ,  0.0000 ,  0.0000 ,
  0.0000 ,  0.0000 ,  0.0000 ,  0.0000 ,  0.0000 ,  0.0000 ,
  0.0000 ,  0.0000 ,  0.0000 ,  0.0000 ,  0.0000 ,  0.0000 ,
  0.0000 ,  0.0000 ,  0.0000 ,  0.0000 ,  0.0000 ,  0.0000 ,
  0.0000 ,  0.0000 ,  0.0000 ,  0.0000 ,  0.0000 ,  0.0000 ,
  0.0000 ,  0.0000 ,  0.0000 ,  0.0000 ,  0.0000 ,  0.0000 ,
  0.0000 ,  0.0000 ,  0.0000 ,  0.0000 ,  0.0000 ,  0.0000 ,
  0.0000 ,  0.0000 ,  0.0000 ,  0.0000 ,  0.0000 ,  0.0000 ,
  0.0000 ,  0.0000 ,  0.0000 ,  0.0000 ,  0.0000 ,  0.0000 ,
  0.0000 ,  0.0000 ,  0.0000 ,  0.0000 ,  0.0000 ,  0.0000 ,
  0.0000 ,  0.0000 ,  0.0000 ,  0.0000 ,  0.0000 ,  0.0000 ,
  0.0000 ,  0.0000 ,  0.0000 ,  0.0000 ,  0.0000 ,  0.0000 ,
  0.0000 ,  0.0000 ,  0.0000 ,  0.0000 ,  0.0000 ,  0.0000 ,
  0.0000 ,  0.0000 ,  0.0000 ,  0.0000 ,  0.0000 ,  0.0000 ,
  0.0000 ,  0.0000 ,  0.0000 ,  0.0000 ,  0.0000 ,  0.0000 ,
  0.0000 ,  0.0000 ,  0.0000 ,  0.0000 ,  0.0000 ,  0.0000 ,
  0.0000 ,  0.0000 ,  0.0000 ,  0.0000 ,  0.0000 ,  0.0000 ,
  0.0000 ,  0.0000 ,  0.0000 ,  0.0000 ,  0.0000 ,  0.0000 ,
  0.0000 ,  0.0000 ,  0.0000 ,  0.0000 ,  0.0000 ,  0.0000 ,
  0.0000 ,  0.0000 ,  0.0000 ,  0.0000 ,  0.0000 ,  0.0000 ,
  0.0000 ,  0.0000 ,  0.0000 ,  0.0000 ,  0.0000 ,  0.0000 ,
  0.0000 ,  0.0000 ,  0.0000 ,  0.0000 ,  0.0000 ,  0.0000 ,
  0.0000 ,  0.0000 ,  0.0000 ,  0.0000 ,  0.0000 ,  0.0000 ,
  0.0000 ,  0.0000 ,  0.0000 ,  0.0000 ,  0.0000 ,  0.0000 ,
  0.0000 ,  0.0000 ,  0.0000 ,  0.0000 ,  0.0000 ,  0.0000 ,
  0.0000 ,  0.0000 ,  0.0000 ,  0.0000 ,  0.0000 ,  0.0000 ,
  0.0000 ,  0.0000 ,  0.0000 ,  0.0000 ,  0.0000 ,  0.0000 ,
  0.0000 ,  0.0000 ,  0.0000 ,  0.0000 ,  0.0000 ,  0.0000 ,
  0.0000 ,  0.0000 ,  0.0000 ,  0.0000 ,  0.0000 ,  0.0000 ,
  0.0000 ,  0.0000 ,  0.0000 ,  0.0000 ,  0.0000 ,  0.0000 ,
  0.0000 ,  0.0000 ,  0.0000 ,  0.0000 ,  0.0000 ,  0.0000 ,
  0.0000 ,  0.0000 ,  0.0000 ,  0.0000 ,  0.0000 ,  0.0000 ,
  0.0000 ,  0.0000 ,  0.0000 ,  0.0000 ,  0.0000 ,  0.0000 ,
  0.0000 ,  0.0000 ,  0.0000 ,  0.0000 ,  0.0000 ,  0.0000 ,
  0.0000 ,  0.0000 ,  0.0000 ,  0.0000 ,  0.0000 ,  0.0000 ,
  0.0000 ,  0.0000 ,  0.0000 ,  0.0000 ,  0.0000 ,  0.0000 ,
  0.0000 ,  0.0000 ,  0.0000 ,  0.0000 ,  0.0000 ,  0.0000 ,
  0.0000 ,  0.0000 ,  0.0000 ,  0.0000 ,  0.0000 ,  0.0000 ,
  0.0000 ,  0.0000 ,  0.0000 ,  0.0000 ,  0.0000 ,  0.0000 ,
  0.0000 ,  0.0000 ,  0.0000 ,  0.0000 ,  0.0000 ,  0.0000 ,
  0.0000 ,  0.0000 ,  0.0000 ,  0.0000 ,  0.0000 ,  0.0000 ,
  0.0000 ,  0.0000 ,  0.0000 ,  0.0000 ,  0.0000 ,  0.0000 ,
  0.0000 ,  0.0000 ,  0.0000 ,  0.0000 ,  0.0000 ,  0.0000 ,
  0.0000 ,  0.0000 ,  0.0000 ,  0.0000 ,  0.0000 ,  0.0000 ,
  0.0000 ,  0.0000 ,  0.0000 ,  0.0000 ,  0.0000 ,  0.0000 ,
  0.0000 ,  0.0000 ,  0.0000 ,  0.0000 ,  0.0000 ,  0.0000 ,
  0.0000 ,  0.0000 ,  0.0000 ,  0.0000 ,  0.0000 ,  0.0000 ,
  0.0000 ,  0.0000 ,  0.0000 ,  0.0000 ,  0.0000 ,  0.0000 ,
  0.0000 ,  0.0000 ,  0.0000 ,  0.0000 ,  0.0000 ,  0.0000 ,
  0.0000 ,  0.0000 ,  0.0000 ,  0.0000 ,  0.0000 ,  0.0000 ,
  0.0000 ,  0.0000 ,  0.0000 ,  0.0000 ,  0.0000 ,  0.0000 ,
  0.0000 ,  0.0000 ,  0.0000 ,  0.0000 ,  0.0000 ,  0.0000 ,
  0.0000 ,  0.0000 ,  0.0000 ,  0.0000 ,  0.0000 ,  0.0000 ,
  0.0000 ,  0.0000 ,  0.0000 ,  0.0000 ,  0.0000 ,  0.0000 ,
  0.0000 ,  0.0000 ,  0.0000 ,  0.0000 ,  0.0000 ,  0.0000 ,
  0.0000 ,  0.0000 ,  0.0000 ,  0.0000 ,  0.0000 ,  0.0000 ,
  0.0000 ,  0.0000 ,  0.0000 ,  0.0000 ,  0.0000 ,  0.0000 ,
  0.0000 ,  0.0000 ,  0.0000 ,  0.0000 ,  0.0000 ,  0.0000 ,
  0.0000 ,  0.0000 ,  0.0000 ,  0.0000 ,  0.0000 ,  0.0000 ,
  0.0000 ,  0.0000 ,  0.0000 ,  0.0000 ,  0.0000 ,  0.0000 ,
  0.0000 ,  0.0000 ,  0.0000 ,  0.0000 ,  0.0000 ,  0.0000 ,
  0.0000 ,  0.0000 ,  0.0000 ,  0.0000 ,  0.0000 ,  0.0000 ,
  0.0000 ,  0.0000 ,  0.0000 ,  0.0000 ,  0.0000 ,  0.0000 ,
  0.0000 ,  0.0000 ,  0.0000 ,  0.0000 ,  0.0000 ,  0.0000 ,
  0.0000 ,  0.0000 ,  0.0000 ,  0.0000 ,  0.0000 ,  0.0000 ,
  0.0000 ,  0.0000 ,  0.0000 ,  0.0000 ,  0.0000 ,  0.0000 ,
  0.0000 ,  0.0000 ,  0.0000 ,  0.0000 ,  0.0000 ,  0.0000 ,
  0.0000 ,  0.0000 ,  0.0000 ,  0.0000 ,  0.0000 ,  0.0000 ,
  0.0000 ,  0.0000 ,  0.0000 ,  0.0000 ,  0.0000 ,  0.0000 ,
  0.0000 ,  0.0000 ,  0.0000 ,  0.0000 ,  0.0000 ,  0.0000 ,
  0.0000 ,  0.0000 ,  0.0000 ,  0.0000 ,  0.0000 ,  0.0000 ,
  0.0000 ,  0.0000 ,  0.0000 ,  0.0000 ,  0.0000 ,  0.0000 ,
  0.0000 ,  0.0000 ,  0.0000 ,  0.0000 ,  0.0000 ,  0.0000 ,
  0.0000 ,  0.0000 ,  0.0000 ,  0.0000 ,  0.0000 ,  0.0000 ,
  0.0000 ,  0.0000 ,  0.0000 ,  0.0000 ,  0.0000 ,  0.0000 ,
  0.0000 ,  0.0000 ,  0.0000 ,  0.0000 ,  0.0000 ,  0.0000 ,
  0.0000 ,  0.0000 ,  0.0000 ,  0.0000 ,  0.0000 ,  0.0000 ,
  0.0000 ,  0.0000 ,  0.0000 ,  0.0000 ,  0.0000 ,  0.0000 ,
  0.0000 ,  0.0000 ,  0.0000 ,  0.0000 ,  0.0000 ,  0.0000 ,
  0.0000 ,  0.0000 ,  0.0000 ,  0.0000 ,  0.0000 ,  0.0000 ,
  0.0000 ,  0.0000 ,  0.0000 ,  0.0000 ,  0.0000 ,  0.0000 ,
  0.0000 ,  0.0000 ,  0.0000 ,  0.0000 ,  0.0000 ,  0.0000 ,
  0.0000 ,  0.0000 ,  0.0000 ,  0.0000 ,  0.0000 ,  0.0000 ,
  0.0000 ,  0.0000 ,  0.0000 ,  0.0000 ,  0.0000 ,  0.0000 ,
  0.0000 ,  0.0000 ,  0.0000 ,  0.0000 ,  0.0000 ,  0.0000 ,
  0.0000 ,  0.0000 ,  0.0000 ,  0.0000 ,  0.0000 ,  0.0000 ,
  0.0000 ,  0.0000 ,  0.0000 ,  0.0000 ,  0.0000 ,  0.0000 ,
  0.0000 ,  0.0000 ,  0.0000 ,  0.0000 ,  0.0000 ,  0.0000 ,
  0.0000 ,  0.0000 ,  0.0000 ,  0.0000 ,  0.0000 ,  0.0000 ,
  0.0000 ,  0.0000 ,  0.0000 ,  0.0000 ,  0.0000 ,  0.0000 ,
  0.0000 ,  0.0000 ,  0.0000 ,  0.0000 ,  0.0000 ,  0.0000 ,
  0.0000 ,  0.0000 ,  0.0000 ,  0.0000 ,  0.0000 ,  0.0000 ,
  0.0000 ,  0.0000 ,  0.0000 ,  0.0000 ,  0.0000 ,  0.0000 ,
  0.0000 ,  0.0000 ,  0.0000 ,  0.0000 ,  0.0000 ,  0.0000 ,
  0.0000 ,  0.0000 ,  0.0000 ,  0.0000 ,  0.0000 ,  0.0000 ,
  0.0000 ,  0.0000 ,  0.0000 ,  0.0000 ,  0.0000 ,  0.0000 ,
  0.0000 ,  0.0000 ,  0.0000 ,  0.0000 ,  0.0000 ,  0.0000 ,
  0.0000 ,  0.0000 ,  0.0000 ,  0.0000 ,  0.0000 ,  0.0000 ,
  0.0000 ,  0.0000 ,  0.0000 ,  0.0000 ,  0.0000 ,  0.0000 ,
  0.0000 ,  0.0000 ,  0.0000 ,  0.0000 ,  0.0000 ,  0.0000 ,
  0.0000 ,  0.0000 ,  0.0000 ,  0.0000 ,  0.0000 ,  0.0000 ,
  0.0000 ,  0.0000 ,  0.0000 ,  0.0000 ,  0.0000 ,  0.0000 ,
  0.0000 ,  0.0000 ,  0.0000 ,  0.0000 ,  0.0000 ,  0.0000 ,
  0.0000 ,  0.0000 ,  0.0000 ,  0.0000 ,  0.0000 ,  0.0000 ,
  0.0000 ,  0.0000 ,  0.0000 ,  0.0000 ,  0.0000 ,  0.0000 ,
  0.0000 ,  0.0000 ,  0.0000 ,  0.0000 ,  0.0000 ,  0.0000 ,
  0.0000 ,  0.0000 ,  0.0000 ,  0.0000 ,  0.0000 ,  0.0000 ,
  0.0000 ,  0.0000 ,  0.0000 ,  0.0000 ,  0.0000 ,  0.0000 ,
  0.0000 ,  0.0000 ,  0.0000 ,  0.0000 ,  0.0000 ,  0.0000 ,
  0.0000 ,  0.0000 ,  0.0000 ,  0.0000 ,  0.0000 ,  0.0000 ,
  0.0000 ,  0.0000 ,  0.0000 ,  0.0000 ,  0.0000 ,  0.0000 ,
  0.0000 ,  0.0000 ,  0.0000 ,  0.0000 ,  0.0000 ,  0.0000 ,
  0.0000 ,  0.0000 ,  0.0000 ,  0.0000 ,  0.0000 ,  0.0000 ,
  0.0000 ,  0.0000 ,  0.0000 ,  0.0000 ,  0.0000 ,  0.0000 ,
  0.0000 ,  0.0000 ,  0.0000 ,  0.0000 ,  0.0000 ,  0.0000 ,
  0.0000 ,  0.0000 ,  0.0000 ,  0.0000 ,  0.0000 ,  0.0000 ,
  0.0000 ,  0.0000 ,  0.0000 ,  0.0000 ,  0.0000 ,  0.0000 ,
  0.0000 ,  0.0000 ,  0.0000 ,  0.0000 ,  0.0000 ,  0.0000 ,
  0.0000 ,  0.0000 ,  0.0000 ,  0.0000 ,  0.0000 ,  0.0000 ,
  0.0000 ,  0.0000 ,  0.0000 ,  0.0000 ,  0.0000 ,  0.0000 ,
  0.0000 ,  0.0000 ,  0.0000 ,  0.0000 ,  0.0000 ,  0.0000 ,
  0.0000 ,  0.0000 ,  0.0000 ,  0.0000 ,  0.0000 ,  0.0000 ,
  0.0000 ,  0.0000 ,  0.0000 ,  0.0000 ,  0.0000 ,  0.0000 ,
  0.0000 ,  0.0000 ,  0.0000 ,  0.0000 ,  0.0000 ,  0.0000 ,
  0.0000 ,  0.0000 ,  0.0000 ,  0.0000 ,  0.0000 ,  0.0000 ,
  0.0000 ,  0.0000 ,  0.0000 ,  0.0000 ,  0.0000 ,  0.0000 ,
  0.0000 ,  0.0000 ,  0.0000 ,  0.0000 ,  0.0000 ,  0.0000 ,
  0.0000 ,  0.0000 ,  0.0000 ,  0.0000 ,  0.0000 ,  0.0000 ,
  0.0000 ,  0.0000 ,  0.0000 ,  0.0000 ,  0.0000 ,  0.0000 ,
  0.0000 ,  0.0000 ,  0.0000 ,  0.0000 ,  0.0000 ,  0.0000 ,
  0.0000 ,  0.0000 ,  0.0000 ,  0.0000 ,  0.0000 ,  0.0000 ,
  0.0000 ,  0.0000 ,  0.0000 ,  0.0000 ,  0.0000 ,  0.0000 ,
  0.0000 ,  0.0000 ,  0.0000 ,  0.0000 ,  0.0000 ,  0.0000 ,
  0.0000 ,  0.0000 ,  0.0000 ,  0.0000 ,  0.0000 ,  0.0000 ,
  0.0000 ,  0.0000 ,  0.0000 ,  0.0000 ,  0.0000 ,  0.0000 ,
  0.0000 ,  0.0000 ,  0.0000 ,  0.0000 ,  0.0000 ,  0.0000 ,
  0.0000 ,  0.0000 ,  0.0000 ,  0.0000 ,  0.0000 ,  0.0000 ,
  0.0000 ,  0.0000 ,  0.0000 ,  0.0000 ,  0.0000 ,  0.0000 ,
  0.0000 ,  0.0000 ,  0.0000 ,  0.0000 ,  0.0000 ,  0.0000 ,
  0.0000 ,  0.0000 ,  0.0000 ,  0.0000 ,  0.0000 ,  0.0000 ,
  0.0000 ,  0.0000 ,  0.0000 ,  0.0000 ,  0.0000 ,  0.0000 ,
  0.0000 ,  0.0000 ,  0.0000 ,  0.0000 ,  0.0000 ,  0.0000 ,
  0.0000 ,  0.0000 ,  0.0000 ,  0.0000 ,  0.0000 ,  0.0000 ,
  0.0000 ,  0.0000 ,  0.0000 ,  0.0000 ,  0.0000 ,  0.0000 ,
  0.0000 ,  0.0000 ,  0.0000 ,  0.0000 ,  0.0000 ,  0.0000 ,
  0.0000 ,  0.0000 ,  0.0000 ,  0.0000 ,  0.0000 ,  0.0000 ,
  0.0000 ,  0.0000 ,  0.0000 ,  0.0000 ,  0.0000 ,  0.0000 ,
  0.0000 ,  0.0000 ,  0.0000 ,  0.0000 ,  0.0000 ,  0.0000 ,
  0.0000 ,  0.0000 ,  0.0000 ,  0.0000 ,  0.0000 ,  0.0000 ,
  0.0000 ,  0.0000 ,  0.0000 ,  0.0000 ,  0.0000 ,  0.0000 ,
  0.0000 ,  0.0000 ,  0.0000 ,  0.0000 ,  0.0000 ,  0.0000 ,
  0.0000 ,  0.0000 ,  0.0000 ,  0.0000 ,  0.0000 ,  0.0000 ,
  0.0000 ,  0.0000 ,  0.0000 ,  0.0000 ,  0.0000 ,  0.0000 ,
  0.0000 ,  0.0000 ,  0.0000 ,  0.0000 ,  0.0000 ,  0.0000 ,
  0.0000 ,  0.0000 ,  0.0000 ,  0.0000 ,  0.0000 ,  0.0000 ,
  0.0000 ,  0.0000 ,  0.0000 ,  0.0000 ,  0.0000 ,  0.0000 ,
  0.0000 ,  0.0000 ,  0.0000 ,  0.0000 ,  0.0000 ,  0.0000 ,
  0.0000 ,  0.0000 ,  0.0000 ,  0.0000 ,  0.0000 ,  0.0000 ,
  0.0000 ,  0.0000 ,  0.0000 ,  0.0000 ,  0.0000 ,  0.0000 ,
  0.0000 ,  0.0000 ,  0.0000 ,  0.0000 ,  0.0000 ,  0.0000 ,
  0.0000 ,  0.0000 ,  0.0000 ,  0.0000 ,  0.0000 ,  0.0000 ,
  0.0000 ,  0.0000 ,  0.0000 ,  0.0000 ,  0.0000 ,  0.0000 ,
  0.0000 ,  0.0000 ,  0.0000 ,  0.0000 ,  0.0000 ,  0.0000 ,
  0.0000 ,  0.0000 ,  0.0000 ,  0.0000 ,  0.0000 ,  0.0000 ,
  0.0000 ,  0.0000 ,  0.0000 ,  0.0000 ,  0.0000 ,  0.0000 ,
  0.0000 ,  0.0000 ,  0.0000 ,  0.0000 ,  0.0000 ,  0.0000 ,
  0.0000 ,  0.0000 ,  0.0000 ,  0.0000 ,  0.0000 ,  0.0000 ,
  0.0000 ,  0.0000 ,  0.0000 ,  0.0000 ,  0.0000 ,  0.0000 ,
  0.0000 ,  0.0000 ,  0.0000 ,  0.0000 ,  0.0000 ,  0.0000 ,
  0.0000 ,  0.0000 ,  0.0000 ,  0.0000 ,  0.0000 ,  0.0000 ,
  0.0000 ,  0.0000 ,  0.0000 ,  0.0000 ,  0.0000 ,  0.0000 ,
  0.0000 ,  0.0000 ,  0.0000 ,  0.0000 ,  0.0000 ,  0.0000 ,
  0.0000 ,  0.0000 ,  0.0000 ,  0.0000 ,  0.0000 ,  0.0000 ,
  0.0000 ,  0.0000 ,  0.0000 ,  0.0000 ,  0.0000 ,  0.0000 ,
  0.0000 ,  0.0000 ,  0.0000 ,  0.0000 ,  0.0000 ,  0.0000 ,
  0.0000 ,  0.0000 ,  0.0000 ,  0.0000 ,  0.0000 ,  0.0000 ,
  0.0000 ,  0.0000 ,  0.0000 ,  0.0000 ,  0.0000 ,  0.0000 ,
  0.0000 ,  0.0000 ,  0.0000 ,  0.0000 ,  0.0000 ,  0.0000 ,
  0.0000 ,  0.0000 ,  0.0000 ,  0.0000 ,  0.0000 ,  0.0000 ,
  0.0000 ,  0.0000 ,  0.0000 ,  0.0000 ,  0.0000 ,  0.0000 ,
  0.0000 ,  0.0000 ,  0.0000 ,  0.0000 ,  0.0000 ,  0.0000 ,
  0.0000 ,  0.0000 ,  0.0000 ,  0.0000 ,  0.0000 ,  0.0000 ,
  0.0000 ,  0.0000 ,  0.0000 ,  0.0000 ,  0.0000 ,  0.0000 ,
  0.0000 ,  0.0000 ,  0.0000 ,  0.0000 ,  0.0000 ,  0.0000 ,
  0.0000 ,  0.0000 ,  0.0000 ,  0.0000 ,  0.0000 ,  0.0000 ,
  0.0000 ,  0.0000 ,  0.0000 ,  0.0000 ,  0.0000 ,  0.0000 ,
  0.0000 ,  0.0000 ,  0.0000 ,  0.0000 ,  0.0000 ,  0.0000 ,
  0.0000 ,  0.0000 ,  0.0000 ,  0.0000 ,  0.0000 ,  0.0000 ,
  0.0000 ,  0.0000 ,  0.0000 ,  0.0000 ,  0.0000 ,  0.0000 ,
  0.0000 ,  0.0000 ,  0.0000 ,  0.0000 ,  0.0000 ,  0.0000 ,
  0.0000 ,  0.0000 ,  0.0000 ,  0.0000 ,  0.0000 ,  0.0000 ,
  0.0000 ,  0.0000 ,  0.0000 ,  0.0000 ,  0.0000 ,  0.0000 ,
  0.0000 ,  0.0000 ,  0.0000 ,  0.0000 ,  0.0000 ,  0.0000 ,
  0.0000 ,  0.0000 ,  0.0000 ,  0.0000 ,  0.0000 ,  0.0000 ,
  0.0000 ,  0.0000 ,  0.0000 ,  0.0000 ,  0.0000 ,  0.0000 ,
  0.0000 ,  0.0000 ,  0.0000 ,  0.0000 ,  0.0000 ,  0.0000 ,
  0.0000 ,  0.0000 ,  0.0000 ,  0.0000 ,  0.0000 ,  0.0000 ,
  0.0000 ,  0.0000 ,  0.0000 ,  0.0000 ,  0.0000 ,  0.0000 ,
  0.0000 ,  0.0000 ,  0.0000 ,  0.0000 ,  0.0000 ,  0.0000 ,
  0.0000 ,  0.0000 ,  0.0000 ,  0.0000 ,  0.0000 ,  0.0000 ,
  0.0000 ,  0.0000 ,  0.0000 ,  0.0000 ,  0.0000 ,  0.0000 ,
  0.0000 ,  0.0000 ,  0.0000 ,  0.0000 ,  0.0000 ,  0.0000 ,
  0.0000 ,  0.0000 ,  0.0000 ,  0.0000 ,  0.0000 ,  0.0000 ,
  0.0000 ,  0.0000 ,  0.0000 ,  0.0000 ,  0.0000 ,  0.0000 ,
  0.0000 ,  0.0000 ,  0.0000 ,  0.0000 ,  0.0000 ,  0.0000 ,
  0.0000 ,  0.0000 ,  0.0000 ,  0.0000 ,  0.0000 ,  0.0000 ,
  0.0000 ,  0.0000 ,  0.0000 ,  0.0000 ,  0.0000 ,  0.0000 ,
  0.0000 ,  0.0000 ,  0.0000 ,  0.0000 ,  0.0000 ,  0.0000 ,
  0.0000 ,  0.0000 ,  0.0000 ,  0.0000 ,  0.0000 ,  0.0000 ,
  0.0000 ,  0.0000 ,  0.0000 ,  0.0000 ,  0.0000 ,  0.0000 ,
  0.0000 ,  0.0000 ,  0.0000 ,  0.0000 ,  0.0000 ,  0.0000 ,
  0.0000 ,  0.0000 ,  0.0000 ,  0.0000 ,  0.0000 ,  0.0000 ,
  0.0000 ,  0.0000 ,  0.0000 ,  0.0000 ,  0.0000 ,  0.0000 ,
  0.0000 ,  0.0000 ,  0.0000 ,  0.0000 ,  0.0000 ,  0.0000 ,
  0.0000 ,  0.0000 ,  0.0000 ,  0.0000 ,  0.0000 ,  0.0000 ,
  0.0000 ,  0.0000 ,  0.0000 ,  0.0000 ,  0.0000 ,  0.0000 ,
  0.0000 ,  0.0000 ,  0.0000 ,  0.0000 ,  0.0000 ,  0.0000 ,
  0.0000 ,  0.0000 ,  0.0000 ,  0.0000 ,  0.0000 ,  0.0000 ,
  0.0000 ,  0.0000 ,  0.0000 ,  0.0000 ,  0.0000 ,  0.0000 ,
  0.0000 ,  0.0000 ,  0.0000 ,  0.0000 ,  0.0000 ,  0.0000 ,
  0.0000 ,  0.0000 ,  0.0000 ,  0.0000 ,  0.0000 ,  0.0000 ,
  0.0000 ,  0.0000 ,  0.0000 ,  0.0000 ,  0.0000 ,  0.0000 ,
  0.0000 ,  0.0000 ,  0.0000 ,  0.0000 ,  0.0000 ,  0.0000 ,
  0.0000 ,  0.0000 ,  0.0000 ,  0.0000 ,  0.0000 ,  0.0000 ,
  0.0000 ,  0.0000 ,  0.0000 ,  0.0000 ,  0.0000 ,  0.0000 ,
  0.0000 ,  0.0000 ,  0.0000 ,  0.0000 ,  0.0000 ,  0.0000 ,
  0.0000 ,  0.0000 ,  0.0000 ,  0.0000 ,  0.0000 ,  0.0000 ,
  0.0000 ,  0.0000 ,  0.0000 ,  0.0000 ,  0.0000 ,  0.0000 ,
  0.0000 ,  0.0000 ,  0.0000 ,  0.0000 ,  0.0000 ,  0.0000 ,
  0.0000 ,  0.0000 ,  0.0000 ,  0.0000 ,  0.0000 ,  0.0000 ,
  0.0000 ,  0.0000 ,  0.0000 ,  0.0000 ,  0.0000 ,  0.0000 ,
  0.0000 ,  0.0000 ,  0.0000 ,  0.0000 ,  0.0000 ,  0.0000 ,
  0.0000 ,  0.0000 ,  0.0000 ,  0.0000 ,  0.0000 ,  0.0000 ,
  0.0000 ,  0.0000 ,  0.0000 ,  0.0000 ,  0.0000 ,  0.0000 ,
  0.0000 ,  0.0000 ,  0.0000 ,  0.0000 ,  0.0000 ,  0.0000 ,
  0.0000 ,  0.0000 ,  0.0000 ,  0.0000 ,  0.0000 ,  0.0000 ,
  0.0000 ,  0.0000 ,  0.0000 ,  0.0000 ,  0.0000 ,  0.0000 ,
  0.0000 ,  0.0000 ,  0.0000 ,  0.0000 ,  0.0000 ,  0.0000 ,
  0.0000 ,  0.0000 ,  0.0000 ,  0.0000 ,  0.0000 ,  0.0000 ,
  0.0000 ,  0.0000 ,  0.0000 ,  0.0000 ,  0.0000 ,  0.0000 ,
  0.0000 ,  0.0000 ,  0.0000 ,  0.0000 ,  0.0000 ,  0.0000 ,
  0.0000 ,  0.0000 ,  0.0000 ,  0.0000 ,  0.0000 ,  0.0000 ,
  0.0000 ,  0.0000 ,  0.0000 ,  0.0000 ,  0.0000 ,  0.0000 ,
  0.0000 ,  0.0000 ,  0.0000 ,  0.0000 ,  0.0000 ,  0.0000 ,
  0.0000 ,  0.0000 ,  0.0000 ,  0.0000 ,  0.0000 ,  0.0000 ,
  0.0000 ,  0.0000 ,  0.0000 ,  0.0000 ,  0.0000 ,  0.0000 ,
  0.0000 ,  0.0000 ,  0.0000 ,  0.0000 ,  0.0000 ,  0.0000 ,
  0.0000 ,  0.0000 ,  0.0000 ,  0.0000 ,  0.0000 ,  0.0000 ,
  0.0000 ,  0.0000 ,  0.0000 ,  0.0000 ,  0.0000 ,  0.0000 ,
  0.0000 ,  0.0000 ,  0.0000 ,  0.0000 ,  0.0000 ,  0.0000 ,
  0.0000 ,  0.0000 ,  0.0000 ,  0.0000 ,  0.0000 ,  0.0000 ,
  0.0000 ,  0.0000 ,  0.0000 ,  0.0000 ,  0.0000 ,  0.0000 ,
  0.0000 ,  0.0000 ,  0.0000 ,  0.0000 ,  0.0000 ,  0.0000 ,
  0.0000 ,  0.0000 ,  0.0000 ,  0.0000 ,  0.0000 ,  0.0000 ,
  0.0000 ,  0.0000 ,  0.0000 ,  0.0000 ,  0.0000 ,  0.0000 ,
  0.0000 ,  0.0000 ,  0.0000 ,  0.0000 ,  0.0000 ,  0.0000 ,
  0.0000 ,  0.0000 ,  0.0000 ,  0.0000 ,  0.0000 ,  0.0000 ,
  0.0000 ,  0.0000 ,  0.0000 ,  0.0000 ,  0.0000 ,  0.0000 ,
  0.0000 ,  0.0000 ,  0.0000 ,  0.0000 ,  0.0000 ,  0.0000 ,
  0.0000 ,  0.0000 ,  0.0000 ,  0.0000 ,  0.0000 ,  0.0000 ,
  0.0000 ,  0.0000 ,  0.0000 ,  0.0000 ,  0.0000 ,  0.0000 ,
  0.0000 ,  0.0000 ,  0.0000 ,  0.0000 ,  0.0000 ,  0.0000 ,
  0.0000 ,  0.0000 ,  0.0000 ,  0.0000 ,  0.0000 ,  0.0000 ,
  0.0000 ,  0.0000 ,  0.0000 ,  0.0000 ,  0.0000 ,  0.0000 ,
  0.0000 ,  0.0000 ,  0.0000 ,  0.0000 ,  0.0000 ,  0.0000 ,
  0.0000 ,  0.0000 ,  0.0000 ,  0.0000 ,  0.0000 ,  0.0000 ,
  0.0000 ,  0.0000 ,  0.0000 ,  0.0000 ,  0.0000 ,  0.0000 ,
  0.0000 ,  0.0000 ,  0.0000 ,  0.0000 ,  0.0000 ,  0.0000 ,
  0.0000 ,  0.0000 ,  0.0000 ,  0.0000 ,  0.0000 ,  0.0000 ,
  0.0000 ,  0.0000 ,  0.0000 ,  0.0000 ,  0.0000 ,  0.0000 ,
  0.0000 ,  0.0000 ,  0.0000 ,  0.0000 ,  0.0000 ,  0.0000 ,
  0.0000 ,  0.0000 ,  0.0000 ,  0.0000 ,  0.0000 ,  0.0000 ,
  0.0000 ,  0.0000 ,  0.0000 ,  0.0000 ,  0.0000 ,  0.0000 ,
  0.0000 ,  0.0000 ,  0.0000 ,  0.0000 ,  0.0000 ,  0.0000 ,
  0.0000 ,  0.0000 ,  0.0000 ,  0.0000 ,  0.0000 ,  0.0000 ,
  0.0000 ,  0.0000 ,  0.0000 ,  0.0000 ,  0.0000 ,  0.0000 ,
  0.0000 ,  0.0000 ,  0.0000 ,  0.0000 ,  0.0000 ,  0.0000 ,
  0.0000 ,  0.0000 ,  0.0000 ,  0.0000 ,  0.0000 ,  0.0000 ,
  0.0000 ,  0.0000 ,  0.0000 ,  0.0000 ,  0.0000 ,  0.0000 ,
  0.0000 ,  0.0000 ,  0.0000 ,  0.0000 ,  0.0000 ,  0.0000 ,
  0.0000 ,  0.0000 ,  0.0000 ,  0.0000 ,  0.0000 ,  0.0000 ,
  0.0000 ,  0.0000 ,  0.0000 ,  0.0000 ,  0.0000 ,  0.0000 ,
  0.0000 ,  0.0000 ,  0.0000 ,  0.0000 ,  0.0000 ,  0.0000 ,
  0.0000 ,  0.0000 ,  0.0000 ,  0.0000 ,  0.0000 ,  0.0000 ,
  0.0000 ,  0.0000 ,  0.0000 ,  0.0000 ,  0.0000 ,  0.0000 ,
  0.0000 ,  0.0000 ,  0.0000 ,  0.0000 ,  0.0000 ,  0.0000 ,
  0.0000 ,  0.0000 ,  0.0000 ,  0.0000 ,  0.0000 ,  0.0000 ,
  0.0000 ,  0.0000 ,  0.0000 ,  0.0000 ,  0.0000 ,  0.0000 ,
  0.0000 ,  0.0000 ,  0.0000 ,  0.0000 ,  0.0000 ,  0.0000 ,
  0.0000 ,  0.0000 ,  0.0000 ,  0.0000 ,  0.0000 ,  0.0000 ,
  0.0000 ,  0.0000 ,  0.0000 ,  0.0000 ,  0.0000 ,  0.0000 ,
  0.0000 ,  0.0000 ,  0.0000 ,  0.0000 ,  0.0000 ,  0.0000 ,
  0.0000 ,  0.0000 ,  0.0000 ,  0.0000 ,  0.0000 ,  0.0000 ,
  0.0000 ,  0.0000 ,  0.0000 ,  0.0000 ,  0.0000 ,  0.0000 ,
  0.0000 ,  0.0000 ,  0.0000 ,  0.0000 ,  0.0000 ,  0.0000 ,
  0.0000 ,  0.0000 ,  0.0000 ,  0.0000 ,  0.0000 ,  0.0000 ,
  0.0000 ,  0.0000 ,  0.0000 ,  0.0000 ,  0.0000 ,  0.0000 ,
  0.0000 ,  0.0000 ,  0.0000 ,  0.0000 ,  0.0000 ,  0.0000 ,
  0.0000 ,  0.0000 ,  0.0000 ,  0.0000 ,  0.0000 ,  0.0000 ,
  0.0000 ,  0.0000 ,  0.0000 ,  0.0000 ,  0.0000 ,  0.0000 ,
  0.0000 ,  0.0000 ,  0.0000 ,  0.0000 ,  0.0000 ,  0.0000 ,
  0.0000 ,  0.0000 ,  0.0000 ,  0.0000 ,  0.0000 ,  0.0000 ,
  0.0000 ,  0.0000 ,  0.0000 ,  0.0000 ,  0.0000 ,  0.0000 ,
  0.0000 ,  0.0000 ,  0.0000 ,  0.0000 ,  0.0000 ,  0.0000 ,
  0.0000 ,  0.0000 ,  0.0000 ,  0.0000 ,  0.0000 ,  0.0000 ,
  0.0000 ,  0.0000 ,  0.0000 ,  0.0000 ,  0.0000 ,  0.0000 ,
  0.0000 ,  0.0000 ,  0.0000 ,  0.0000 ,  0.0000 ,  0.0000 ,
  0.0000 ,  0.0000 ,  0.0000 ,  0.0000 ,  0.0000 ,  0.0000 ,
  0.0000 ,  0.0000 ,  0.0000 ,  0.0000 ,  0.0000 ,  0.0000 ,
  0.0000 ,  0.0000 ,  0.0000 ,  0.0000 ,  0.0000 ,  0.0000 ,
  0.0000 ,  0.0000 ,  0.0000 ,  0.0000 ,  0.0000 ,  0.0000 ,
  0.0000 ,  0.0000 ,  0.0000 ,  0.0000 ,  0.0000 ,  0.0000 ,
  0.0000 ,  0.0000 ,  0.0000 ,  0.0000 ,  0.0000 ,  0.0000 ,
  0.0000 ,  0.0000 ,  0.0000 ,  0.0000 ,  0.0000 ,  0.0000 ,
  0.0000 ,  0.0000 ,  0.0000 ,  0.0000 ,  0.0000 ,  0.0000 ,
  0.0000 ,  0.0000 ,  0.0000 ,  0.0000 ,  0.0000 ,  0.0000 ,
  0.0000 ,  0.0000 ,  0.0000 ,  0.0000 ,  0.0000 ,  0.0000 ,
  0.0000 ,  0.0000 ,  0.0000 ,  0.0000 ,  0.0000 ,  0.0000 ,
  0.0000 ,  0.0000 ,  0.0000 ,  0.0000 ,  0.0000 ,  0.0000 ,
  0.0000 ,  0.0000 ,  0.0000 ,  0.0000 ,  0.0000 ,  0.0000 ,
  0.0000 ,  0.0000 ,  0.0000 ,  0.0000 ,  0.0000 ,  0.0000 ,
  0.0000 ,  0.0000 ,  0.0000 ,  0.0000 ,  0.0000 ,  0.0000 ,
  0.0000 ,  0.0000 ,  0.0000 ,  0.0000 ,  0.0000 ,  0.0000 ,
  0.0000 ,  0.0000 ,  0.0000 ,  0.0000 ,  0.0000 ,  0.0000 ,
  0.0000 ,  0.0000 ,  0.0000 ,  0.0000 ,  0.0000 ,  0.0000 ,
  0.0000 ,  0.0000 ,  0.0000 ,  0.0000 ,  0.0000 ,  0.0000 ,
  0.0000 ,  0.0000 ,  0.0000 ,  0.0000 ,  0.0000 ,  0.0000 ,
  0.0000 ,  0.0000 ,  0.0000 ,  0.0000 ,  0.0000 ,  0.0000 ,
  0.0000 ,  0.0000 ,  0.0000 ,  0.0000 ,  0.0000 ,  0.0000 ,
  0.0000 ,  0.0000 ,  0.0000 ,  0.0000 ,  0.0000 ,  0.0000 ,
  0.0000 ,  0.0000 ,  0.0000 ,  0.0000 ,  0.0000 ,  0.0000 ,
  0.0000 ,  0.0000 ,  0.0000 ,  0.0000 ,  0.0000 ,  0.0000 ,
  0.0000 ,  0.0000 ,  0.0000 ,  0.0000 ,  0.0000 ,  0.0000 ,
  0.0000 ,  0.0000 ,  0.0000 ,  0.0000 ,  0.0000 ,  0.0000 ,
  0.0000 ,  0.0000 ,  0.0000 ,  0.0000 ,  0.0000 ,  0.0000 ,
  0.0000 ,  0.0000 ,  0.0000 ,  0.0000 ,  0.0000 ,  0.0000 ,
  0.0000 ,  0.0000 ,  0.0000 ,  0.0000 ,  0.0000 ,  0.0000 ,
  0.0000 ,  0.0000 ,  0.0000 ,  0.0000 ,  0.0000 ,  0.0000 ,
  0.0000 ,  0.0000 ,  0.0000 ,  0.0000 ,  0.0000 ,  0.0000 ,
  0.0000 ,  0.0000 ,  0.0000 ,  0.0000 ,  0.0000 ,  0.0000 ,
  0.0000 ,  0.0000 ,  0.0000 ,  0.0000 ,  0.0000 ,  0.0000 ,
  0.0000 ,  0.0000 ,  0.0000 ,  0.0000 ,  0.0000 ,  0.0000 ,
  0.0000 ,  0.0000 ,  0.0000 ,  0.0000 ,  0.0000 ,  0.0000 ,
  0.0000 ,  0.0000 ,  0.0000 ,  0.0000 ,  0.0000 ,  0.0000 ,
  0.0000 ,  0.0000 ,  0.0000 ,  0.0000 ,  0.0000 ,  0.0000 ,
  0.0000 ,  0.0000 ,  0.0000 ,  0.0000 ,  0.0000 ,  0.0000 ,
  0.0000 ,  0.0000 ,  0.0000 ,  0.0000 ,  0.0000 ,  0.0000 ,
  0.0000 ,  0.0000 ,  0.0000 ,  0.0000 ,  0.0000 ,  0.0000 ,
  0.0000 ,  0.0000 ,  0.0000 ,  0.0000 ,  0.0000 ,  0.0000 ,
  0.0000 ,  0.0000 ,  0.0000 ,  0.0000 ,  0.0000 ,  0.0000 ,
  0.0000 ,  0.0000 ,  0.0000 ,  0.0000 ,  0.0000 ,  0.0000 ,
  0.0000 ,  0.0000 ,  0.0000 ,  0.0000 ,  0.0000 ,  0.0000 ,
  0.0000 ,  0.0000 ,  0.0000 ,  0.0000 ,  0.0000 ,  0.0000 ,
  0.0000 ,  0.0000 ,  0.0000 ,  0.0000 ,  0.0000 ,  0.0000 ,
  0.0000 ,  0.0000 ,  0.0000 ,  0.0000 ,  0.0000 ,  0.0000 ,
  0.0000 ,  0.0000 ,  0.0000 ,  0.0000 ,  0.0000 ,  0.0000 ,
  0.0000 ,  0.0000 ,  0.0000 ,  0.0000 ,  0.0000 ,  0.0000 ,
  0.0000 ,  0.0000 ,  0.0000 ,  0.0000 ,  0.0000 ,  0.0000 ,
  0.0000 ,  0.0000 ,  0.0000 ,  0.0000 ,  0.0000 ,  0.0000 ,
  0.0000 ,  0.0000 ,  0.0000 ,  0.0000 ,  0.0000 ,  0.0000 ,
  0.0000 ,  0.0000 ,  0.0000 ,  0.0000 ,  0.0000 ,  0.0000 ,
  0.0000 ,  0.0000 ,  0.0000 ,  0.0000 ,  0.0000 ,  0.0000 ,
  0.0000 ,  0.0000 ,  0.0000 ,  0.0000 ,  0.0000 ,  0.0000 ,
  0.0000 ,  0.0000 ,  0.0000 ,  0.0000 ,  0.0000 ,  0.0000 ,
  0.0000 ,  0.0000 ,  0.0000 ,  0.0000 ,  0.0000 ,  0.0000 ,
  0.0000 ,  0.0000 ,  0.0000 ,  0.0000 ,  0.0000 ,  0.0000 ,
  0.0000 ,  0.0000 ,  0.0000 ,  0.0000 ,  0.0000 ,  0.0000 ,
  0.0000 ,  0.0000 ,  0.0000 ,  0.0000 ,  0.0000 ,  0.0000 ,
  0.0000 ,  0.0000 ,  0.0000 ,  0.0000 ,  0.0000 ,  0.0000 ,
  0.0000 ,  0.0000 ,  0.0000 ,  0.0000 ,  0.0000 ,  0.0000 ,
  0.0000 ,  0.0000 ,  0.0000 ,  0.0000 ,  0.0000 ,  0.0000 ,
  0.0000 ,  0.0000 ,  0.0000 ,  0.0000 ,  0.0000 ,  0.0000 ,
  0.0000 ,  0.0000 ,  0.0000 ,  0.0000 ,  0.0000 ,  0.0000 ,
  0.0000 ,  0.0000 ,  0.0000 ,  0.0000 ,  0.0000 ,  0.0000 ,
  0.0000 ,  0.0000 ,  0.0000 ,  0.0000 ,  0.0000 ,  0.0000 ,
  0.0000 ,  0.0000 ,  0.0000 ,  0.0000 ,  0.0000 ,  0.0000 ,
  0.0000 ,  0.0000 ,  0.0000 ,  0.0000 ,  0.0000 ,  0.0000 ,
  0.0000 ,  0.0000 ,  0.0000 ,  0.0000 ,  0.0000 ,  0.0000 ,
  0.0000 ,  0.0000 ,  0.0000 ,  0.0000 ,  0.0000 ,  0.0000 ,
  0.0000 ,  0.0000 ,  0.0000 ,  0.0000 ,  0.0000 ,  0.0000 ,
  0.0000 ,  0.0000 ,  0.0000 ,  0.0000 ,  0.0000 ,  0.0000 ,
  0.0000 ,  0.0000 ,  0.0000 ,  0.0000 ,  0.0000 ,  0.0000 ,
  0.0000 ,  0.0000 ,  0.0000 ,  0.0000 ,  0.0000 ,  0.0000 ,
  0.0000 ,  0.0000 ,  0.0000 ,  0.0000 ,  0.0000 ,  0.0000 ,
  0.0000 ,  0.0000 ,  0.0000 ,  0.0000 ,  0.0000 ,  0.0000 ,
  0.0000 ,  0.0000 ,  0.0000 ,  0.0000 ,  0.0000 ,  0.0000 ,
  0.0000 ,  0.0000 ,  0.0000 ,  0.0000 ,  0.0000 ,  0.0000 ,
  0.0000 ,  0.0000 ,  0.0000 ,  0.0000 ,  0.0000 ,  0.0000 ,
  0.0000 ,  0.0000 ,  0.0000 ,  0.0000 ,  0.0000 ,  0.0000 ,
  0.0000 ,  0.0000 ,  0.0000 ,  0.0000 ,  0.0000 ,  0.0000 ,
  0.0000 ,  0.0000 ,  0.0000 ,  0.0000 ,  0.0000 ,  0.0000 ,
  0.0000 ,  0.0000 ,  0.0000 ,  0.0000 ,  0.0000 ,  0.0000 ,
  0.0000 ,  0.0000 ,  0.0000 ,  0.0000 ,  0.0000 ,  0.0000 ,
  0.0000 ,  0.0000 ,  0.0000 ,  0.0000 ,  0.0000 ,  0.0000 ,
  0.0000 ,  0.0000 ,  0.0000 ,  0.0000 ,  0.0000 ,  0.0000 ,
  0.0000 ,  0.0000 ,  0.0000 ,  0.0000 ,  0.0000 ,  0.0000 ,
  0.0000 ,  0.0000 ,  0.0000 ,  0.0000 ,  0.0000 ,  0.0000 ,
  0.0000 ,  0.0000 ,  0.0000 ,  0.0000 ,  0.0000 ,  0.0000 ,
  0.0000 ,  0.0000 ,  0.0000 ,  0.0000 ,  0.0000 ,  0.0000 ,
  0.0000 ,  0.0000 ,  0.0000 ,  0.0000 ,  0.0000 ,  0.0000 ,
  0.0000 ,  0.0000 ,  0.0000 ,  0.0000 ,  0.0000 ,  0.0000 ,
  0.0000 ,  0.0000 ,  0.0000 ,  0.0000 ,  0.0000 ,  0.0000 ,
  0.0000 ,  0.0000 ,  0.0000 ,  0.0000 ,  0.0000 ,  0.0000 ,
  0.0000 ,  0.0000 ,  0.0000 ,  0.0000 ,  0.0000 ,  0.0000 ,
  0.0000 ,  0.0000 ,  0.0000 ,  0.0000 ,  0.0000 ,  0.0000 ,
  0.0000 ,  0.0000 ,  0.0000 ,  0.0000 ,  0.0000 ,  0.0000 ,
  0.0000 ,  0.0000 ,  0.0000 ,  0.0000 ,  0.0000 ,  0.0000 ,
  0.0000 ,  0.0000 ,  0.0000 ,  0.0000 ,  0.0000 ,  0.0000 ,
  0.0000 ,  0.0000 ,  0.0000 ,  0.0000 ,  0.0000 ,  0.0000 ,
  0.0000 ,  0.0000 ,  0.0000 ,  0.0000 ,  0.0000 ,  0.0000 ,
  0.0000 ,  0.0000 ,  0.0000 ,  0.0000 ,  0.0000 ,  0.0000 ,
  0.0000 ,  0.0000 ,  0.0000 ,  0.0000 ,  0.0000 ,  0.0000 ,
  0.0000 ,  0.0000 ,  0.0000 ,  0.0000 ,  0.0000 ,  0.0000 ,
  0.0000 ,  0.0000 ,  0.0000 ,  0.0000 ,  0.0000 ,  0.0000 ,
  0.0000 ,  0.0000 ,  0.0000 ,  0.0000 ,  0.0000 ,  0.0000 ,
  0.0000 ,  0.0000 ,  0.0000 ,  0.0000 ,  0.0000 ,  0.0000 ,
  0.0000 ,  0.0000 ,  0.0000 ,  0.0000 ,  0.0000 ,  0.0000 ,
  0.0000 ,  0.0000 ,  0.0000 ,  0.0000 ,  0.0000 ,  0.0000 ,
  0.0000 ,  0.0000 ,  0.0000 ,  0.0000 ,  0.0000 ,  0.0000 ,
  0.0000 ,  0.0000 ,  0.0000 ,  0.0000 ,  0.0000 ,  0.0000 ,
  0.0000 ,  0.0000 ,  0.0000 ,  0.0000 ,  0.0000 ,  0.0000 ,
  0.0000 ,  0.0000 ,  0.0000 ,  0.0000 ,  0.0000 ,  0.0000 ,
  0.0000 ,  0.0000 ,  0.0000 ,  0.0000 ,  0.0000 ,  0.0000 ,
  0.0000 ,  0.0000 ,  0.0000 ,  0.0000 ,  0.0000 ,  0.0000 ,
  0.0000 ,  0.0000 ,  0.0000 ,  0.0000 ,  0.0000 ,  0.0000 ,
  0.0000 ,  0.0000 ,  0.0000 ,  0.0000 ,  0.0000 ,  0.0000 ,
  0.0000 ,  0.0000 ,  0.0000 ,  0.0000 ,  0.0000 ,  0.0000 ,
  0.0000 ,  0.0000 ,  0.0000 ,  0.0000 ,  0.0000 ,  0.0000 ,
  0.0000 ,  0.0000 ,  0.0000 ,  0.0000 ,  0.0000 ,  0.0000 ,
  0.0000 ,  0.0000 ,  0.0000 ,  0.0000 ,  0.0000 ,  0.0000 ,
  0.0000 ,  0.0000 ,  0.0000 ,  0.0000 ,  0.0000 ,  0.0000 ,
  0.0000 ,  0.0000 ,  0.0000 ,  0.0000 ,  0.0000 ,  0.0000 ,
  0.0000 ,  0.0000 ,  0.0000 ,  0.0000 ,  0.0000 ,  0.0000 ,
  0.0000 ,  0.0000 ,  0.0000 ,  0.0000 ,  0.0000 ,  0.0000 ,
  0.0000 ,  0.0000 ,  0.0000 ,  0.0000 ,  0.0000 ,  0.0000 ,
  0.0000 ,  0.0000 ,  0.0000 ,  0.0000 ,  0.0000 ,  0.0000 ,
  0.0000 ,  0.0000 ,  0.0000 ,  0.0000 ,  0.0000 ,  0.0000 ,
  0.0000 ,  0.0000 ,  0.0000 ,  0.0000 ,  0.0000 ,  0.0000 ,
  0.0000 ,  0.0000 ,  0.0000 ,  0.0000 ,  0.0000 ,  0.0000 ,
  0.0000 ,  0.0000 ,  0.0000 ,  0.0000 ,  0.0000 ,  0.0000 ,
  0.0000 ,  0.0000 ,  0.0000 ,  0.0000 ,  0.0000 ,  0.0000 ,
  0.0000 ,  0.0000 ,  0.0000 ,  0.0000 ,  0.0000 ,  0.0000 ,
  0.0000 ,  0.0000 ,  0.0000 ,  0.0000 ,  0.0000 ,  0.0000 ,
  0.0000 ,  0.0000 ,  0.0000 ,  0.0000 ,  0.0000 ,  0.0000 ,
  0.0000 ,  0.0000 ,  0.0000 ,  0.0000 ,  0.0000 ,  0.0000 ,
  0.0000 ,  0.0000 ,  0.0000 ,  0.0000 ,  0.0000 ,  0.0000 ,
  0.0000 ,  0.0000 ,  0.0000 ,  0.0000 ,  0.0000 ,  0.0000 ,
  0.0000 ,  0.0000 ,  0.0000 ,  0.0000 ,  0.0000 ,  0.0000 ,
  0.0000 ,  0.0000 ,  0.0000 ,  0.0000 ,  0.0000 ,  0.0000 ,
  0.0000 ,  0.0000 ,  0.0000 ,  0.0000 ,  0.0000 ,  0.0000 ,
  0.0000 ,  0.0000 ,  0.0000 ,  0.0000 ,  0.0000 ,  0.0000 ,
  0.0000 ,  0.0000 ,  0.0000 ,  0.0000 ,  0.0000 ,  0.0000 ,
  0.0000 ,  0.0000 ,  0.0000 ,  0.0000 ,  0.0000 ,  0.0000 ,
  0.0000 ,  0.0000 ,  0.0000 ,  0.0000 ,  0.0000 ,  0.0000 ,
  0.0000 ,  0.0000 ,  0.0000 ,  0.0000 ,  0.0000 ,  0.0000 ,
  0.0000 ,  0.0000 ,  0.0000 ,  0.0000 ,  0.0000 ,  0.0000 ,
  0.0000 ,  0.0000 ,  0.0000 ,  0.0000 ,  0.0000 ,  0.0000 ,
  0.0000 ,  0.0000 ,  0.0000 ,  0.0000 ,  0.0000 ,  0.0000 ,
  0.0000 ,  0.0000 ,  0.0000 ,  0.0000 ,  0.0000 ,  0.0000 ,
  0.0000 ,  0.0000 ,  0.0000 ,  0.0000 ,  0.0000 ,  0.0000 ,
  0.0000 ,  0.0000 ,  0.0000 ,  0.0000 ,  0.0000 ,  0.0000 ,
  0.0000 ,  0.0000 ,  0.0000 ,  0.0000 ,  0.0000 ,  0.0000 ,
  0.0000 ,  0.0000 ,  0.0000 ,  0.0000 ,  0.0000 ,  0.0000 ,
  0.0000 ,  0.0000 ,  0.0000 ,  0.0000 ,  0.0000 ,  0.0000 ,
  0.0000 ,  0.0000 ,  0.0000 ,  0.0000 ,  0.0000 ,  0.0000 ,
  0.0000 ,  0.0000 ,  0.0000 ,  0.0000 ,  0.0000 ,  0.0000 ,
  0.0000 ,  0.0000 ,  0.0000 ,  0.0000 ,  0.0000 ,  0.0000 ,
  0.0000 ,  0.0000 ,  0.0000 ,  0.0000 ,  0.0000 ,  0.0000 ,
  0.0000 ,  0.0000 ,  0.0000 ,  0.0000 ,  0.0000 ,  0.0000 ,
  0.0000 ,  0.0000 ,  0.0000 ,  0.0000 ,  0.0000 ,  0.0000 ,
  0.0000 ,  0.0000 ,  0.0000 ,  0.0000 ,  0.0000 ,  0.0000 ,
  0.0000 ,  0.0000 ,  0.0000 ,  0.0000 ,  0.0000 ,  0.0000 ,
  0.0000 ,  0.0000 ,  0.0000 ,  0.0000 ,  0.0000 ,  0.0000 ,
  0.0000 ,  0.0000 ,  0.0000 ,  0.0000 ,  0.0000 ,  0.0000 ,
  0.0000 ,  0.0000 ,  0.0000 ,  0.0000 ,  0.0000 ,  0.0000 ,
  0.0000 ,  0.0000 ,  0.0000 ,  0.0000 ,  0.0000 ,  0.0000 ,
  0.0000 ,  0.0000 ,  0.0000 ,  0.0000 ,  0.0000 ,  0.0000 ,
  0.0000 ,  0.0000 ,  0.0000 ,  0.0000 ,  0.0000 ,  0.0000 ,
  0.0000 ,  0.0000 ,  0.0000 ,  0.0000 ,  0.0000 ,  0.0000 ,
  0.0000 ,  0.0000 ,  0.0000 ,  0.0000 ,  0.0000 ,  0.0000 ,
  0.0000 ,  0.0000 ,  0.0000 ,  0.0000 ,  0.0000 ,  0.0000 ,
  0.0000 ,  0.0000 ,  0.0000 ,  0.0000 ,  0.0000 ,  0.0000 ,
  0.0000 ,  0.0000 ,  0.0000 ,  0.0000 ,  0.0000 ,  0.0000 ,
  0.0000 ,  0.0000 ,  0.0000 ,  0.0000 ,  0.0000 ,  0.0000 ,
  0.0000 ,  0.0000 ,  0.0000 ,  0.0000 ,  0.0000 ,  0.0000 ,
  0.0000 ,  0.0000 ,  0.0000 ,  0.0000 ,  0.0000 ,  0.0000 ,
  0.0000 ,  0.0000 ,  0.0000 ,  0.0000 ,  0.0000 ,  0.0000 ,
  0.0000 ,  0.0000 ,  0.0000 ,  0.0000 ,  0.0000 ,  0.0000 ,
  0.0000 ,  0.0000 ,  0.0000 ,  0.0000 ,  0.0000 ,  0.0000 ,
  0.0000 ,  0.0000 ,  0.0000 ,  0.0000 ,  0.0000 ,  0.0000 ,
  0.0000 ,  0.0000 ,  0.0000 ,  0.0000 ,  0.0000 ,  0.0000 ,
  0.0000 ,  0.0000 ,  0.0000 ,  0.0000 ,  0.0000 ,  0.0000 ,
  0.0000 ,  0.0000 ,  0.0000 ,  0.0000 ,  0.0000 ,  0.0000 ,
  0.0000 ,  0.0000 ,  0.0000 ,  0.0000 ,  0.0000 ,  0.0000 ,
  0.0000 ,  0.0000 ,  0.0000 ,  0.0000 ,  0.0000 ,  0.0000 ,
  0.0000 ,  0.0000 ,  0.0000 ,  0.0000 ,  0.0000 ,  0.0000 ,
  0.0000 ,  0.0000 ,  0.0000 ,  0.0000 ,  0.0000 ,  0.0000 ,
  0.0000 ,  0.0000 ,  0.0000 ,  0.0000 ,  0.0000 ,  0.0000 ,
  0.0000 ,  0.0000 ,  0.0000 ,  0.0000 ,  0.0000 ,  0.0000 ,
  0.0000 ,  0.0000 ,  0.0000 ,  0.0000 ,  0.0000 ,  0.0000 ,
  0.0000 ,  0.0000 ,  0.0000 ,  0.0000 ,  0.0000 ,  0.0000 ,
  0.0000 ,  0.0000 ,  0.0000 ,  0.0000 ,  0.0000 ,  0.0000 ,
  0.0000 ,  0.0000 ,  0.0000 ,  0.0000 ,  0.0000 ,  0.0000 ,
  0.0000 ,  0.0000 ,  0.0000 ,  0.0000 ,  0.0000 ,  0.0000 ,
  0.0000 ,  0.0000 ,  0.0000 ,  0.0000 ,  0.0000 ,  0.0000 ,
  0.0000 ,  0.0000 ,  0.0000 ,  0.0000 ,  0.0000 ,  0.0000 ,
  0.0000 ,  0.0000 ,  0.0000 ,  0.0000 ,  0.0000 ,  0.0000 ,
  0.0000 ,  0.0000 ,  0.0000 ,  0.0000 ,  0.0000 ,  0.0000 ,
  0.0000 ,  0.0000 ,  0.0000 ,  0.0000 ,  0.0000 ,  0.0000 ,
  0.0000 ,  0.0000 ,  0.0000 ,  0.0000 ,  0.0000 ,  0.0000 ,
  0.0000 ,  0.0000 ,  0.0000 ,  0.0000 ,  0.0000 ,  0.0000 ,
  0.0000 ,  0.0000 ,  0.0000 ,  0.0000 ,  0.0000 ,  0.0000 ,
  0.0000 ,  0.0000 ,  0.0000 ,  0.0000 ,  0.0000 ,  0.0000 ,
  0.0000 ,  0.0000 ,  0.0000 ,  0.0000 ,  0.0000 ,  0.0000 ,
  0.0000 ,  0.0000 ,  0.0000 ,  0.0000 ,  0.0000 ,  0.0000 ,
  0.0000 ,  0.0000 ,  0.0000 ,  0.0000 ,  0.0000 ,  0.0000 ,
  0.0000 ,  0.0000 ,  0.0000 ,  0.0000 ,  0.0000 ,  0.0000 ,
  0.0000 ,  0.0000 ,  0.0000 ,  0.0000 ,  0.0000 ,  0.0000 ,
  0.0000 ,  0.0000 ,  0.0000 ,  0.0000 ,  0.0000 ,  0.0000 ,
  0.0000 ,  0.0000 ,  0.0000 ,  0.0000 ,  0.0000 ,  0.0000 ,
  0.0000 ,  0.0000 ,  0.0000 ,  0.0000 ,  0.0000 ,  0.0000 ,
  0.0000 ,  0.0000 ,  0.0000 ,  0.0000 ,  0.0000 ,  0.0000 ,
  0.0000 ,  0.0000 ,  0.0000 ,  0.0000 ,  0.0000 ,  0.0000 ,
  0.0000 ,  0.0000 ,  0.0000 ,  0.0000 ,  0.0000 ,  0.0000 ,
  0.0000 ,  0.0000 ,  0.0000 ,  0.0000 ,  0.0000 ,  0.0000 ,
  0.0000 ,  0.0000 ,  0.0000 ,  0.0000 ,  0.0000 ,  0.0000 ,
  0.0000 ,  0.0000 ,  0.0000 ,  0.0000 ,  0.0000 ,  0.0000 ,
  0.0000 ,  0.0000 ,  0.0000 ,  0.0000 ,  0.0000 ,  0.0000 ,
  0.0000 ,  0.0000 ,  0.0000 ,  0.0000 ,  0.0000 ,  0.0000 ,
  0.0000 ,  0.0000 ,  0.0000 ,  0.0000 ,  0.0000 ,  0.0000 ,
  0.0000 ,  0.0000 ,  0.0000 ,  0.0000 ,  0.0000 ,  0.0000 ,
  0.0000 ,  0.0000 ,  0.0000 ,  0.0000 ,  0.0000 ,  0.0000 ,
  0.0000 ,  0.0000 ,  0.0000 ,  0.0000 ,  0.0000 ,  0.0000 ,
  0.0000 ,  0.0000 ,  0.0000 ,  0.0000 ,  0.0000 ,  0.0000 ,
  0.0000 ,  0.0000 ,  0.0000 ,  0.0000 ,  0.0000 ,  0.0000 ,
  0.0000 ,  0.0000 ,  0.0000 ,  0.0000 ,  0.0000 ,  0.0000 ,
  0.0000 ,  0.0000 ,  0.0000 ,  0.0000 ,  0.0000 ,  0.0000 ,
  0.0000 ,  0.0000 ,  0.0000 ,  0.0000 ,  0.0000 ,  0.0000 ,
  0.0000 ,  0.0000 ,  0.0000 ,  0.0000 ,  0.0000 ,  0.0000 ,
  0.0000 ,  0.0000 ,  0.0000 ,  0.0000 ,  0.0000 ,  0.0000 ,
  0.0000 ,  0.0000 ,  0.0000 ,  0.0000 ,  0.0000 ,  0.0000 ,
  0.0000 ,  0.0000 ,  0.0000 ,  0.0000 ,  0.0000 ,  0.0000 ,
  0.0000 ,  0.0000 ,  0.0000 ,  0.0000 ,  0.0000 ,  0.0000 ,
  0.0000 ,  0.0000 ,  0.0000 ,  0.0000 ,  0.0000 ,  0.0000 ,
  0.0000 ,  0.0000 ,  0.0000 ,  0.0000 ,  0.0000 ,  0.0000 ,
  0.0000 ,  0.0000 ,  0.0000 ,  0.0000 ,  0.0000 ,  0.0000 ,
  0.0000 ,  0.0000 ,  0.0000 ,  0.0000 ,  0.0000 ,  0.0000 ,
  0.0000 ,  0.0000 ,  0.0000 ,  0.0000 ,  0.0000 ,  0.0000 ,
  0.0000 ,  0.0000 ,  0.0000 ,  0.0000 ,  0.0000 ,  0.0000 ,
  0.0000 ,  0.0000 ,  0.0000 ,  0.0000 ,  0.0000 ,  0.0000 ,
  0.0000 ,  0.0000 ,  0.0000 ,  0.0000 ,  0.0000 ,  0.0000 ,
  0.0000 ,  0.0000 ,  0.0000 ,  0.0000 ,  0.0000 ,  0.0000 ,
  0.0000 ,  0.0000 ,  0.0000 ,  0.0000 ,  0.0000 ,  0.0000 ,
  0.0000 ,  0.0000 ,  0.0000 ,  0.0000 ,  0.0000 ,  0.0000 ,
  0.0000 ,  0.0000 ,  0.0000 ,  0.0000 ,  0.0000 ,  0.0000 ,
  0.0000 ,  0.0000 ,  0.0000 ,  0.0000 ,  0.0000 ,  0.0000 ,
  0.0000 ,  0.0000 ,  0.0000 ,  0.0000 ,  0.0000 ,  0.0000 ,
  0.0000 ,  0.0000 ,  0.0000 ,  0.0000 ,  0.0000 ,  0.0000 ,
  0.0000 ,  0.0000 ,  0.0000 ,  0.0000 ,  0.0000 ,  0.0000 ,
  0.0000 ,  0.0000 ,  0.0000 ,  0.0000 ,  0.0000 ,  0.0000 ,
  0.0000 ,  0.0000 ,  0.0000 ,  0.0000 ,  0.0000 ,  0.0000 ,
  0.0000 ,  0.0000 ,  0.0000 ,  0.0000 ,  0.0000 ,  0.0000 ,
  0.0000 ,  0.0000 ,  0.0000 ,  0.0000 ,  0.0000 ,  0.0000 ,
  0.0000 ,  0.0000 ,  0.0000 ,  0.0000 ,  0.0000 ,  0.0000 ,
  0.0000 ,  0.0000 ,  0.0000 ,  0.0000 ,  0.0000 ,  0.0000 ,
  0.0000 ,  0.0000 ,  0.0000 ,  0.0000 ,  0.0000 ,  0.0000 ,
  0.0000 ,  0.0000 ,  0.0000 ,  0.0000 ,  0.0000 ,  0.0000 ,
  0.0000 ,  0.0000 ,  0.0000 ,  0.0000 ,  0.0000 ,  0.0000 ,
  0.0000 ,  0.0000 ,  0.0000 ,  0.0000 ,  0.0000 ,  0.0000 ,
  0.0000 ,  0.0000 ,  0.0000 ,  0.0000 ,  0.0000 ,  0.0000 ,
  0.0000 ,  0.0000 ,  0.0000 ,  0.0000 ,  0.0000 ,  0.0000 ,
  0.0000 ,  0.0000 ,  0.0000 ,  0.0000 ,  0.0000 ,  0.0000 ,
  0.0000 ,  0.0000 ,  0.0000 ,  0.0000 ,  0.0000 ,  0.0000 ,
  0.0000 ,  0.0000 ,  0.0000 ,  0.0000 ,  0.0000 ,  0.0000 ,
  0.0000 ,  0.0000 ,  0.0000 ,  0.0000 ,  0.0000 ,  0.0000 ,
  0.0000 ,  0.0000 ,  0.0000 ,  0.0000 ,  0.0000 ,  0.0000 ,
  0.0000 ,  0.0000 ,  0.0000 ,  0.0000 ,  0.0000 ,  0.0000 ,
  0.0000 ,  0.0000 ,  0.0000 ,  0.0000 ,  0.0000 ,  0.0000 ,
  0.0000 ,  0.0000 ,  0.0000 ,  0.0000 ,  0.0000 ,  0.0000 ,
  0.0000 ,  0.0000 ,  0.0000 ,  0.0000 ,  0.0000 ,  0.0000 ,
  0.0000 ,  0.0000 ,  0.0000 ,  0.0000 ,  0.0000 ,  0.0000 ,
  0.0000 ,  0.0000 ,  0.0000 ,  0.0000 ,  0.0000 ,  0.0000 ,
  0.0000 ,  0.0000 ,  0.0000 ,  0.0000 ,  0.0000 ,  0.0000 ,
  0.0000 ,  0.0000 ,  0.0000 ,  0.0000 ,  0.0000 ,  0.0000 ,
  0.0000 ,  0.0000 ,  0.0000 ,  0.0000 ,  0.0000 ,  0.0000 ,
  0.0000 ,  0.0000 ,  0.0000 ,  0.0000 ,  0.0000 ,  0.0000 ,
  0.0000 ,  0.0000 ,  0.0000 ,  0.0000 ,  0.0000 ,  0.0000 ,
  0.0000 ,  0.0000 ,  0.0000 ,  0.0000 ,  0.0000 ,  0.0000 ,
  0.0000 ,  0.0000 ,  0.0000 ,  0.0000 ,  0.0000 ,  0.0000 ,
  0.0000 ,  0.0000 ,  0.0000 ,  0.0000 ,  0.0000 ,  0.0000 ,
  0.0000 ,  0.0000 ,  0.0000 ,  0.0000 ,  0.0000 ,  0.0000 ,
  0.0000 ,  0.0000 ,  0.0000 ,  0.0000 ,  0.0000 ,  0.0000 ,
  0.0000 ,  0.0000 ,  0.0000 ,  0.0000 ,  0.0000 ,  0.0000 ,
  0.0000 ,  0.0000 ,  0.0000 ,  0.0000 ,  0.0000 ,  0.0000 ,
  0.0000 ,  0.0000 ,  0.0000 ,  0.0000 ,  0.0000 ,  0.0000 ,
  0.0000 ,  0.0000 ,  0.0000 ,  0.0000 ,  0.0000 ,  0.0000 ,
  0.0000 ,  0.0000 ,  0.0000 ,  0.0000 ,  0.0000 ,  0.0000 ,
  0.0000 ,  0.0000 ,  0.0000 ,  0.0000 ,  0.0000 ,  0.0000 ,
  0.0000 ,  0.0000 ,  0.0000 ,  0.0000 ,  0.0000 ,  0.0000 ,
  0.0000 ,  0.0000 ,  0.0000 ,  0.0000 ,  0.0000 ,  0.0000 ,
  0.0000 ,  0.0000 ,  0.0000 ,  0.0000 ,  0.0000 ,  0.0000 ,
  0.0000 ,  0.0000 ,  0.0000 ,  0.0000 ,  0.0000 ,  0.0000 ,
  0.0000 ,  0.0000 ,  0.0000 ,  0.0000 ,  0.0000 ,  0.0000 ,
  0.0000 ,  0.0000 ,  0.0000 ,  0.0000 ,  0.0000 ,  0.0000 ,
  0.0000 ,  0.0000 ,  0.0000 ,  0.0000 ,  0.0000 ,  0.0000 ,
  0.0000 ,  0.0000 ,  0.0000 ,  0.0000 ,  0.0000 ,  0.0000 ,
  0.0000 ,  0.0000 ,  0.0000 ,  0.0000 ,  0.0000 ,  0.0000 ,
  0.0000 ,  0.0000 ,  0.0000 ,  0.0000 ,  0.0000 ,  0.0000 ,
  0.0000 ,  0.0000 ,  0.0000 ,  0.0000 ,  0.0000 ,  0.0000 ,
  0.0000 ,  0.0000 ,  0.0000 ,  0.0000 ,  0.0000 ,  0.0000 ,
  0.0000 ,  0.0000 ,  0.0000 ,  0.0000 ,  0.0000 ,  0.0000 ,
  0.0000 ,  0.0000 ,  0.0000 ,  0.0000 ,  0.0000 ,  0.0000 ,
  0.0000 ,  0.0000 ,  0.0000 ,  0.0000 ,  0.0000 ,  0.0000 ,
  0.0000 ,  0.0000 ,  0.0000 ,  0.0000 ,  0.0000 ,  0.0000 ,
  0.0000 ,  0.0000 ,  0.0000 ,  0.0000 ,  0.0000 ,  0.0000 ,
  0.0000 ,  0.0000 ,  0.0000 ,  0.0000 ,  0.0000 ,  0.0000 ,
  0.0000 ,  0.0000 ,  0.0000 ,  0.0000 ,  0.0000 ,  0.0000 ,
  0.0000 ,  0.0000 ,  0.0000 ,  0.0000 ,  0.0000 ,  0.0000 ,
  0.0000 ,  0.0000 ,  0.0000 ,  0.0000 ,  0.0000 ,  0.0000 ,
  0.0000 ,  0.0000 ,  0.0000 ,  0.0000 ,  0.0000 ,  0.0000 ,
  0.0000 ,  0.0000 ,  0.0000 ,  0.0000 ,  0.0000 ,  0.0000 ,
  0.0000 ,  0.0000 ,  0.0000 ,  0.0000 ,  0.0000 ,  0.0000 ,
  0.0000 ,  0.0000 ,  0.0000 ,  0.0000 ,  0.0000 ,  0.0000 ,
  0.0000 ,  0.0000 ,  0.0000 ,  0.0000 ,  0.0000 ,  0.0000 ,
  0.0000 ,  0.0000 ,  0.0000 ,  0.0000 ,  0.0000 ,  0.0000 ,
  0.0000 ,  0.0000 ,  0.0000 ,  0.0000 ,  0.0000 ,  0.0000 ,
  0.0000 ,  0.0000 ,  0.0000 ,  0.0000 ,  0.0000 ,  0.0000 ,
  0.0000 ,  0.0000 ,  0.0000 ,  0.0000 ,  0.0000 ,  0.0000 ,
  0.0000 ,  0.0000 ,  0.0000 ,  0.0000 ,  0.0000 ,  0.0000 ,
  0.0000 ,  0.0000 ,  0.0000 ,  0.0000 ,  0.0000 ,  0.0000 ,
  0.0000 ,  0.0000 ,  0.0000 ,  0.0000 ,  0.0000 ,  0.0000 ,
  0.0000 ,  0.0000 ,  0.0000 ,  0.0000 ,  0.0000 ,  0.0000 ,
  0.0000 ,  0.0000 ,  0.0000 ,  0.0000 ,  0.0000 ,  0.0000 ,
  0.0000 ,  0.0000 ,  0.0000 ,  0.0000 ,  0.0000 ,  0.0000 ,
  0.0000 ,  0.0000 ,  0.0000 ,  0.0000 ,  0.0000 ,  0.0000 ,
  0.0000 ,  0.0000 ,  0.0000 ,  0.0000 ,  0.0000 ,  0.0000 ,
  0.0000 ,  0.0000 ,  0.0000 ,  0.0000 ,  0.0000 ,  0.0000 ,
  0.0000 ,  0.0000 ,  0.0000 ,  0.0000 ,  0.0000 ,  0.0000 ,
  0.0000 ,  0.0000 ,  0.0000 ,  0.0000 ,  0.0000 ,  0.0000 ,
  0.0000 ,  0.0000 ,  0.0000 ,  0.0000 ,  0.0000 ,  0.0000 ,
  0.0000 ,  0.0000 ,  0.0000 ,  0.0000 ,  0.0000 ,  0.0000 ,
  0.0000 ,  0.0000 ,  0.0000 ,  0.0000 ,  0.0000 ,  0.0000 ,
  0.0000 ,  0.0000 ,  0.0000 ,  0.0000 ,  0.0000 ,  0.0000 ,
  0.0000 ,  0.0000 ,  0.0000 ,  0.0000 ,  0.0000 ,  0.0000 ,
  0.0000 ,  0.0000 ,  0.0000 ,  0.0000 ,  0.0000 ,  0.0000 ,
  0.0000 ,  0.0000 ,  0.0000 ,  0.0000 ,  0.0000 ,  0.0000 ,
  0.0000 ,  0.0000 ,  0.0000 ,  0.0000 ,  0.0000 ,  0.0000 ,
  0.0000 ,  0.0000 ,  0.0000 ,  0.0000 ,  0.0000 ,  0.0000 ,
  0.0000 ,  0.0000 ,  0.0000 ,  0.0000 ,  0.0000 ,  0.0000 ,
  0.0000 ,  0.0000 ,  0.0000 ,  0.0000 ,  0.0000 ,  0.0000 ,
  0.0000 ,  0.0000 ,  0.0000 ,  0.0000 ,  0.0000 ,  0.0000 ,
  0.0000 ,  0.0000 ,  0.0000 ,  0.0000 ,  0.0000 ,  0.0000 ,
  0.0000 ,  0.0000 ,  0.0000 ,  0.0000 ,  0.0000 ,  0.0000 ,
  0.0000 ,  0.0000 ,  0.0000 ,  0.0000 ,  0.0000 ,  0.0000 ,
  0.0000 ,  0.0000 ,  0.0000 ,  0.0000 ,  0.0000 ,  0.0000 ,
  0.0000 ,  0.0000 ,  0.0000 ,  0.0000 ,  0.0000 ,  0.0000 ,
  0.0000 ,  0.0000 ,  0.0000 ,  0.0000 ,  0.0000 ,  0.0000 ,
  0.0000 ,  0.0000 ,  0.0000 ,  0.0000 ,  0.0000 ,  0.0000 ,
  0.0000 ,  0.0000 ,  0.0000 ,  0.0000 ,  0.0000 ,  0.0000 ,
  0.0000 ,  0.0000 ,  0.0000 ,  0.0000 ,  0.0000 ,  0.0000 ,
  0.0000 ,  0.0000 ,  0.0000 ,  0.0000 ,  0.0000 ,  0.0000 ,
  0.0000 ,  0.0000 ,  0.0000 ,  0.0000 ,  0.0000 ,  0.0000 ,
  0.0000 ,  0.0000 ,  0.0000 ,  0.0000 ,  0.0000 ,  0.0000 ,
  0.0000 ,  0.0000 ,  0.0000 ,  0.0000 ,  0.0000 ,  0.0000 ,
  0.0000 ,  0.0000 ,  0.0000 ,  0.0000 ,  0.0000 ,  0.0000 ,
  0.0000 ,  0.0000 ,  0.0000 ,  0.0000 ,  0.0000 ,  0.0000 ,
  0.0000 ,  0.0000 ,  0.0000 ,  0.0000 ,  0.0000 ,  0.0000 ,
  0.0000 ,  0.0000 ,  0.0000 ,  0.0000 ,  0.0000 ,  0.0000 ,
  0.0000 ,  0.0000 ,  0.0000 ,  0.0000 ,  0.0000 ,  0.0000 ,
  0.0000 ,  0.0000 ,  0.0000 ,  0.0000 ,  0.0000 ,  0.0000 ,
  0.0000 ,  0.0000 ,  0.0000 ,  0.0000 ,  0.0000 ,  0.0000 ,
  0.0000 ,  0.0000 ,  0.0000 ,  0.0000 ,  0.0000 ,  0.0000 ,
  0.0000 ,  0.0000 ,  0.0000 ,  0.0000 ,  0.0000 ,  0.0000 ,
  0.0000 ,  0.0000 ,  0.0000 ,  0.0000 ,  0.0000 ,  0.0000 ,
  0.0000 ,  0.0000 ,  0.0000 ,  0.0000 ,  0.0000 ,  0.0000 ,
  0.0000 ,  0.0000 ,  0.0000 ,  0.0000 ,  0.0000 ,  0.0000 ,
  0.0000 ,  0.0000 ,  0.0000 ,  0.0000 ,  0.0000 ,  0.0000 ,
  0.0000 ,  0.0000 ,  0.0000 ,  0.0000 ,  0.0000 ,  0.0000 ,
  0.0000 ,  0.0000 ,  0.0000 ,  0.0000 ,  0.0000 ,  0.0000 ,
  0.0000 ,  0.0000 ,  0.0000 ,  0.0000 ,  0.0000 ,  0.0000 ,
  0.0000 ,  0.0000 ,  0.0000 ,  0.0000 ,  0.0000 ,  0.0000 ,
  0.0000 ,  0.0000 ,  0.0000 ,  0.0000 ,  0.0000 ,  0.0000 ,
  0.0000 ,  0.0000 ,  0.0000 ,  0.0000 ,  0.0000 ,  0.0000 ,
  0.0000 ,  0.0000 ,  0.0000 ,  0.0000 ,  0.0000 ,  0.0000 ,
  0.0000 ,  0.0000 ,  0.0000 ,  0.0000 ,  0.0000 ,  0.0000 ,
  0.0000 ,  0.0000 ,  0.0000 ,  0.0000 ,  0.0000 ,  0.0000 ,
  0.0000 ,  0.0000 ,  0.0000 ,  0.0000 ,  0.0000 ,  0.0000 ,
  0.0000 ,  0.0000 ,  0.0000 ,  0.0000 ,  0.0000 ,  0.0000 ,
  0.0000 ,  0.0000 ,  0.0000 ,  0.0000 ,  0.0000 ,  0.0000 ,
  0.0000 ,  0.0000 ,  0.0000 ,  0.0000 ,  0.0000 ,  0.0000 ,
  0.0000 ,  0.0000 ,  0.0000 ,  0.0000 ,  0.0000 ,  0.0000 ,
  0.0000 ,  0.0000 ,  0.0000 ,  0.0000 ,  0.0000 ,  0.0000 ,
  0.0000 ,  0.0000 ,  0.0000 ,  0.0000 ,  0.0000 ,  0.0000 ,
  0.0000 ,  0.0000 ,  0.0000 ,  0.0000 ,  0.0000 ,  0.0000 ,
  0.0000 ,  0.0000 ,  0.0000 ,  0.0000 ,  0.0000 ,  0.0000 ,
  0.0000 ,  0.0000 ,  0.0000 ,  0.0000 ,  0.0000 ,  0.0000 ,
  0.0000 ,  0.0000 ,  0.0000 ,  0.0000 ,  0.0000 ,  0.0000 ,
  0.0000 ,  0.0000 ,  0.0000 ,  0.0000 ,  0.0000 ,  0.0000 ,
  0.0000 ,  0.0000 ,  0.0000 ,  0.0000 ,  0.0000 ,  0.0000 ,
  0.0000 ,  0.0000 ,  0.0000 ,  0.0000 ,  0.0000 ,  0.0000 ,
  0.0000 ,  0.0000 ,  0.0000 ,  0.0000 ,  0.0000 ,  0.0000 ,
  0.0000 ,  0.0000 ,  0.0000 ,  0.0000 ,  0.0000 ,  0.0000 ,
  0.0000 ,  0.0000 ,  0.0000 ,  0.0000 ,  0.0000 ,  0.0000 ,
  0.0000 ,  0.0000 ,  0.0000 ,  0.0000 ,  0.0000 ,  0.0000 ,
  0.0000 ,  0.0000 ,  0.0000 ,  0.0000 ,  0.0000 ,  0.0000 ,
  0.0000 ,  0.0000 ,  0.0000 ,  0.0000 ,  0.0000 ,  0.0000 ,
  0.0000 ,  0.0000 ,  0.0000 ,  0.0000 ,  0.0000 ,  0.0000 ,
  0.0000 ,  0.0000 ,  0.0000 ,  0.0000 ,  0.0000 ,  0.0000 ,
  0.0000 ,  0.0000 ,  0.0000 ,  0.0000 ,  0.0000 ,  0.0000 ,
  0.0000 ,  0.0000 ,  0.0000 ,  0.0000 ,  0.0000 ,  0.0000 ,
  0.0000 ,  0.0000 ,  0.0000 ,  0.0000 ,  0.0000 ,  0.0000 ,
  0.0000 ,  0.0000 ,  0.0000 ,  0.0000 ,  0.0000 ,  0.0000 ,
  0.0000 ,  0.0000 ,  0.0000 ,  0.0000 ,  0.0000 ,  0.0000 ,
  0.0000 ,  0.0000 ,  0.0000 ,  0.0000 ,  0.0000 ,  0.0000 ,
  0.0000 ,  0.0000 ,  0.0000 ,  0.0000 ,  0.0000 ,  0.0000 ,
  0.0000 ,  0.0000 ,  0.0000 ,  0.0000 ,  0.0000 ,  0.0000 ,
  0.0000 ,  0.0000 ,  0.0000 ,  0.0000 ,  0.0000 ,  0.0000 ,
  0.0000 ,  0.0000 ,  0.0000 ,  0.0000 ,  0.0000 ,  0.0000 ,
  0.0000 ,  0.0000 ,  0.0000 ,  0.0000 ,  0.0000 ,  0.0000 ,
  0.0000 ,  0.0000 ,  0.0000 ,  0.0000 ,  0.0000 ,  0.0000 ,
  0.0000 ,  0.0000 ,  0.0000 ,  0.0000 ,  0.0000 ,  0.0000 ,
  0.0000 ,  0.0000 ,  0.0000 ,  0.0000 ,  0.0000 ,  0.0000 ,
  0.0000 ,  0.0000 ,  0.0000 ,  0.0000 ,  0.0000 ,  0.0000 ,
  0.0000 ,  0.0000 ,  0.0000 ,  0.0000 ,  0.0000 ,  0.0000 ,
  0.0000 ,  0.0000 ,  0.0000 ,  0.0000 ,  0.0000 ,  0.0000 ,
  0.0000 ,  0.0000 ,  0.0000 ,  0.0000 ,  0.0000 ,  0.0000 ,
  0.0000 ,  0.0000 ,  0.0000 ,  0.0000 ,  0.0000 ,  0.0000 ,
  0.0000 ,  0.0000 ,  0.0000 ,  0.0000 ,  0.0000 ,  0.0000 ,
  0.0000 ,  0.0000 ,  0.0000 ,  0.0000 ,  0.0000 ,  0.0000 ,
  0.0000 ,  0.0000 ,  0.0000 ,  0.0000 ,  0.0000 ,  0.0000 ,
  0.0000 ,  0.0000 ,  0.0000 ,  0.0000 ,  0.0000 ,  0.0000 ,
  0.0000 ,  0.0000 ,  0.0000 ,  0.0000 ,  0.0000 ,  0.0000 ,
  0.0000 ,  0.0000 ,  0.0000 ,  0.0000 ,  0.0000 ,  0.0000 ,
  0.0000 ,  0.0000 ,  0.0000 ,  0.0000 ,  0.0000 ,  0.0000 ,
  0.0000 ,  0.0000 ,  0.0000 ,  0.0000 ,  0.0000 ,  0.0000 ,
  0.0000 ,  0.0000 ,  0.0000 ,  0.0000 ,  0.0000 ,  0.0000 ,
  0.0000 ,  0.0000 ,  0.0000 ,  0.0000 ,  0.0000 ,  0.0000 ,
  0.0000 ,  0.0000 ,  0.0000 ,  0.0000 ,  0.0000 ,  0.0000 ,
  0.0000 ,  0.0000 ,  0.0000 ,  0.0000 ,  0.0000 ,  0.0000 ,
  0.0000 ,  0.0000 ,  0.0000 ,  0.0000 ,  0.0000 ,  0.0000 ,
  0.0000 ,  0.0000 ,  0.0000 ,  0.0000 ,  0.0000 ,  0.0000 ,
  0.0000 ,  0.0000 ,  0.0000 ,  0.0000 ,  0.0000 ,  0.0000 ,
  0.0000 ,  0.0000 ,  0.0000 ,  0.0000 ,  0.0000 ,  0.0000 ,
  0.0000 ,  0.0000 ,  0.0000 ,  0.0000 ,  0.0000 ,  0.0000 ,
  0.0000 ,  0.0000 ,  0.0000 ,  0.0000 ,  0.0000 ,  0.0000 ,
  0.0000 ,  0.0000 ,  0.0000 ,  0.0000 ,  0.0000 ,  0.0000 ,
  0.0000 ,  0.0000 ,  0.0000 ,  0.0000 ,  0.0000 ,  0.0000 ,
  0.0000 ,  0.0000 ,  0.0000 ,  0.0000 ,  0.0000 ,  0.0000 ,
  0.0000 ,  0.0000 ,  0.0000 ,  0.0000 ,  0.0000 ,  0.0000 ,
  0.0000 ,  0.0000 ,  0.0000 ,  0.0000 ,  0.0000 ,  0.0000 ,
  0.0000 ,  0.0000 ,  0.0000 ,  0.0000 ,  0.0000 ,  0.0000 ,
  0.0000 ,  0.0000 ,  0.0000 ,  0.0000 ,  0.0000 ,  0.0000 ,
  0.0000 ,  0.0000 ,  0.0000 ,  0.0000 ,  0.0000 ,  0.0000 ,
  0.0000 ,  0.0000 ,  0.0000 ,  0.0000 ,  0.0000 ,  0.0000 ,
  0.0000 ,  0.0000 ,  0.0000 ,  0.0000 ,  0.0000 ,  0.0000 ,
  0.0000 ,  0.0000 ,  0.0000 ,  0.0000 ,  0.0000 ,  0.0000 ,
  0.0000 ,  0.0000 ,  0.0000 ,  0.0000 ,  0.0000 ,  0.0000 ,
  0.0000 ,  0.0000 ,  0.0000 ,  0.0000 ,  0.0000 ,  0.0000 ,
  0.0000 ,  0.0000 ,  0.0000 ,  0.0000 ,  0.0000 ,  0.0000 ,
  0.0000 ,  0.0000 ,  0.0000 ,  0.0000 ,  0.0000 ,  0.0000 ,
  0.0000 ,  0.0000 ,  0.0000 ,  0.0000 ,  0.0000 ,  0.0000 ,
  0.0000 ,  0.0000 ,  0.0000 ,  0.0000 ,  0.0000 ,  0.0000 ,
  0.0000 ,  0.0000 ,  0.0000 ,  0.0000 ,  0.0000 ,  0.0000 ,
  0.0000 ,  0.0000 ,  0.0000 ,  0.0000 ,  0.0000 ,  0.0000 ,
  0.0000 ,  0.0000 ,  0.0000 ,  0.0000 ,  0.0000 ,  0.0000 ,
  0.0000 ,  0.0000 ,  0.0000 ,  0.0000 ,  0.0000 ,  0.0000 ,
  0.0000 ,  0.0000 ,  0.0000 ,  0.0000 ,  0.0000 ,  0.0000 ,
  0.0000 ,  0.0000 ,  0.0000 ,  0.0000 ,  0.0000 ,  0.0000 ,
  0.0000 ,  0.0000 ,  0.0000 ,  0.0000 ,  0.0000 ,  0.0000 ,
  0.0000 ,  0.0000 ,  0.0000 ,  0.0000 ,  0.0000 ,  0.0000 ,
  0.0000 ,  0.0000 ,  0.0000 ,  0.0000 ,  0.0000 ,  0.0000 ,
  0.0000 ,  0.0000 ,  0.0000 ,  0.0000 ,  0.0000 ,  0.0000 ,
  0.0000 ,  0.0000 ,  0.0000 ,  0.0000 ,  0.0000 ,  0.0000 ,
  0.0000 ,  0.0000 ,  0.0000 ,  0.0000 ,  0.0000 ,  0.0000 ,
  0.0000 ,  0.0000 ,  0.0000 ,  0.0000 ,  0.0000 ,  0.0000 ,
  0.0000 ,  0.0000 ,  0.0000 ,  0.0000 ,  0.0000 ,  0.0000 ,
  0.0000 ,  0.0000 ,  0.0000 ,  0.0000 ,  0.0000 ,  0.0000 ,
  0.0000 ,  0.0000 ,  0.0000 ,  0.0000 ,  0.0000 ,  0.0000 ,
  0.0000 ,  0.0000 ,  0.0000 ,  0.0000 ,  0.0000 ,  0.0000 ,
  0.0000 ,  0.0000 ,  0.0000 ,  0.0000 ,  0.0000 ,  0.0000 ,
  0.0000 ,  0.0000 ,  0.0000 ,  0.0000 ,  0.0000 ,  0.0000 ,
  0.0000 ,  0.0000 ,  0.0000 ,  0.0000 ,  0.0000 ,  0.0000 ,
  0.0000 ,  0.0000 ,  0.0000 ,  0.0000 ,  0.0000 ,  0.0000 ,
  0.0000 ,  0.0000 ,  0.0000 ,  0.0000 ,  0.0000 ,  0.0000 ,
  0.0000 ,  0.0000 ,  0.0000 ,  0.0000 ,  0.0000 ,  0.0000 ,
  0.0000 ,  0.0000 ,  0.0000 ,  0.0000 ,  0.0000 ,  0.0000 ,
  0.0000 ,  0.0000 ,  0.0000 ,  0.0000 ,  0.0000 ,  0.0000 ,
  0.0000 ,  0.0000 ,  0.0000 ,  0.0000 ,  0.0000 ,  0.0000 ,
  0.0000 ,  0.0000 ,  0.0000 ,  0.0000 ,  0.0000 ,  0.0000 ,
  0.0000 ,  0.0000 ,  0.0000 ,  0.0000 ,  0.0000 ,  0.0000 ,
  0.0000 ,  0.0000 ,  0.0000 ,  0.0000 ,  0.0000 ,  0.0000 ,
  0.0000 ,  0.0000 ,  0.0000 ,  0.0000 ,  0.0000 ,  0.0000 ,
  0.0000 ,  0.0000 ,  0.0000 ,  0.0000 ,  0.0000 ,  0.0000 ,
  0.0000 ,  0.0000 ,  0.0000 ,  0.0000 ,  0.0000 ,  0.0000 ,
  0.0000 ,  0.0000 ,  0.0000 ,  0.0000 ,  0.0000 ,  0.0000 ,
  0.0000 ,  0.0000 ,  0.0000 ,  0.0000 ,  0.0000 ,  0.0000 ,
  0.0000 ,  0.0000 ,  0.0000 ,  0.0000 ,  0.0000 ,  0.0000 ,
  0.0000 ,  0.0000 ,  0.0000 ,  0.0000 ,  0.0000 ,  0.0000 ,
  0.0000 ,  0.0000 ,  0.0000 ,  0.0000 ,  0.0000 ,  0.0000 ,
  0.0000 ,  0.0000 ,  0.0000 ,  0.0000 ,  0.0000 ,  0.0000 ,
  0.0000 ,  0.0000 ,  0.0000 ,  0.0000 ,  0.0000 ,  0.0000 ,
  0.0000 ,  0.0000 ,  0.0000 ,  0.0000 ,  0.0000 ,  0.0000 ,
  0.0000 ,  0.0000 ,  0.0000 ,  0.0000 ,  0.0000 ,  0.0000 ,
  0.0000 ,  0.0000 ,  0.0000 ,  0.0000 ,  0.0000 ,  0.0000 ,
  0.0000 ,  0.0000 ,  0.0000 ,  0.0000 ,  0.0000 ,  0.0000 ,
  0.0000 ,  0.0000 ,  0.0000 ,  0.0000 ,  0.0000 ,  0.0000 ,
  0.0000 ,  0.0000 ,  0.0000 ,  0.0000 ,  0.0000 ,  0.0000 ,
  0.0000 ,  0.0000 ,  0.0000 ,  0.0000 ,  0.0000 ,  0.0000 ,
  0.0000 ,  0.0000 ,  0.0000 ,  0.0000 ,  0.0000 ,  0.0000 ,
  0.0000 ,  0.0000 ,  0.0000 ,  0.0000 ,  0.0000 ,  0.0000 ,
  0.0000 ,  0.0000 ,  0.0000 ,  0.0000 ,  0.0000 ,  0.0000 ,
  0.0000 ,  0.0000 ,  0.0000 ,  0.0000 ,  0.0000 ,  0.0000 ,
  0.0000 ,  0.0000 ,  0.0000 ,  0.0000 ,  0.0000 ,  0.0000 ,
  0.0000 ,  0.0000 ,  0.0000 ,  0.0000 ,  0.0000 ,  0.0000 ,
  0.0000 ,  0.0000 ,  0.0000 ,  0.0000 ,  0.0000 ,  0.0000 ,
  0.0000 ,  0.0000 ,  0.0000 ,  0.0000 ,  0.0000 ,  0.0000 ,
  0.0000 ,  0.0000 ,  0.0000 ,  0.0000 ,  0.0000 ,  0.0000 ,
  0.0000 ,  0.0000 ,  0.0000 ,  0.0000 ,  0.0000 ,  0.0000 ,
  0.0000 ,  0.0000 ,  0.0000 ,  0.0000 ,  0.0000 ,  0.0000 ,
  0.0000 ,  0.0000 ,  0.0000 ,  0.0000 ,  0.0000 ,  0.0000 ,
  0.0000 ,  0.0000 ,  0.0000 ,  0.0000 ,  0.0000 ,  0.0000 ,
  0.0000 ,  0.0000 ,  0.0000 ,  0.0000 ,  0.0000 ,  0.0000 ,
  0.0000 ,  0.0000 ,  0.0000 ,  0.0000 ,  0.0000 ,  0.0000 ,
  0.0000 ,  0.0000 ,  0.0000 ,  0.0000 ,  0.0000 ,  0.0000 ,
  0.0000 ,  0.0000 ,  0.0000 ,  0.0000 ,  0.0000 ,  0.0000 ,
  0.0000 ,  0.0000 ,  0.0000 ,  0.0000 ,  0.0000 ,  0.0000 ,
  0.0000 ,  0.0000 ,  0.0000 ,  0.0000 ,  0.0000 ,  0.0000 ,
  0.0000 ,  0.0000 ,  0.0000 ,  0.0000 ,  0.0000 ,  0.0000 ,
  0.0000 ,  0.0000 ,  0.0000 ,  0.0000 ,  0.0000 ,  0.0000 ,
  0.0000 ,  0.0000 ,  0.0000 ,  0.0000 ,  0.0000 ,  0.0000 ,
  0.0000 ,  0.0000 ,  0.0000 ,  0.0000 ,  0.0000 ,  0.0000 ,
  0.0000 ,  0.0000 ,  0.0000 ,  0.0000 ,  0.0000 ,  0.0000 ,
  0.0000 ,  0.0000 ,  0.0000 ,  0.0000 ,  0.0000 ,  0.0000 ,
  0.0000 ,  0.0000 ,  0.0000 ,  0.0000 ,  0.0000 ,  0.0000 ,
  0.0000 ,  0.0000 ,  0.0000 ,  0.0000 ,  0.0000 ,  0.0000 ,
  0.0000 ,  0.0000 ,  0.0000 ,  0.0000 ,  0.0000 ,  0.0000 ,
  0.0000 ,  0.0000 ,  0.0000 ,  0.0000 ,  0.0000 ,  0.0000 ,
  0.0000 ,  0.0000 ,  0.0000 ,  0.0000 ,  0.0000 ,  0.0000 ,
  0.0000 ,  0.0000 ,  0.0000 ,  0.0000 ,  0.0000 ,  0.0000 ,
  0.0000 ,  0.0000 ,  0.0000 ,  0.0000 ,  0.0000 ,  0.0000 ,
  0.0000 ,  0.0000 ,  0.0000 ,  0.0000 ,  0.0000 ,  0.0000 ,
  0.0000 ,  0.0000 ,  0.0000 ,  0.0000 ,  0.0000 ,  0.0000 ,
  0.0000 ,  0.0000 ,  0.0000 ,  0.0000 ,  0.0000 ,  0.0000 ,
  0.0000 ,  0.0000 ,  0.0000 ,  0.0000 ,  0.0000 ,  0.0000 ,
  0.0000 ,  0.0000 ,  0.0000 ,  0.0000 ,  0.0000 ,  0.0000 ,
  0.0000 ,  0.0000 ,  0.0000 ,  0.0000 ,  0.0000 ,  0.0000 ,
  0.0000 ,  0.0000 ,  0.0000 ,  0.0000 ,  0.0000 ,  0.0000 ,
  0.0000 ,  0.0000 ,  0.0000 ,  0.0000 ,  0.0000 ,  0.0000 ,
  0.0000 ,  0.0000 ,  0.0000 ,  0.0000 ,  0.0000 ,  0.0000 ,
  0.0000 ,  0.0000 ,  0.0000 ,  0.0000 ,  0.0000 ,  0.0000 ,
  0.0000 ,  0.0000 ,  0.0000 ,  0.0000 ,  0.0000 ,  0.0000 ,
  0.0000 ,  0.0000 ,  0.0000 ,  0.0000 ,  0.0000 ,  0.0000 ,
  0.0000 ,  0.0000 ,  0.0000 ,  0.0000 ,  0.0000 ,  0.0000 ,
  0.0000 ,  0.0000 ,  0.0000 ,  0.0000 ,  0.0000 ,  0.0000 ,
  0.0000 ,  0.0000 ,  0.0000 ,  0.0000 ,  0.0000 ,  0.0000 ,
  0.0000 ,  0.0000 ,  0.0000 ,  0.0000 ,  0.0000 ,  0.0000 ,
  0.0000 ,  0.0000 ,  0.0000 ,  0.0000 ,  0.0000 ,  0.0000 ,
  0.0000 ,  0.0000 ,  0.0000 ,  0.0000 ,  0.0000 ,  0.0000 ,
  0.0000 ,  0.0000 ,  0.0000 ,  0.0000 ,  0.0000 ,  0.0000 ,
  0.0000 ,  0.0000 ,  0.0000 ,  0.0000 ,  0.0000 ,  0.0000 ,
  0.0000 ,  0.0000 ,  0.0000 ,  0.0000 ,  0.0000 ,  0.0000 ,
  0.0000 ,  0.0000 ,  0.0000 ,  0.0000 ,  0.0000 ,  0.0000 ,
  0.0000 ,  0.0000 ,  0.0000 ,  0.0000 ,  0.0000 ,  0.0000 ,
  0.0000 ,  0.0000 ,  0.0000 ,  0.0000 ,  0.0000 ,  0.0000 ,
  0.0000 ,  0.0000 ,  0.0000 ,  0.0000 ,  0.0000 ,  0.0000 ,
  0.0000 ,  0.0000 ,  0.0000 ,  0.0000 ,  0.0000 ,  0.0000 ,
  0.0000 ,  0.0000 ,  0.0000 ,  0.0000 ,  0.0000 ,  0.0000 ,
  0.0000 ,  0.0000 ,  0.0000 ,  0.0000 ,  0.0000 ,  0.0000 ,
  0.0000 ,  0.0000 ,  0.0000 ,  0.0000 ,  0.0000 ,  0.0000 ,
  0.0000 ,  0.0000 ,  0.0000 ,  0.0000 ,  0.0000 ,  0.0000 ,
  0.0000 ,  0.0000 ,  0.0000 ,  0.0000 ,  0.0000 ,  0.0000 ,
  0.0000 ,  0.0000 ,  0.0000 ,  0.0000 ,  0.0000 ,  0.0000 ,
  0.0000 ,  0.0000 ,  0.0000 ,  0.0000 ,  0.0000 ,  0.0000 ,
  0.0000 ,  0.0000 ,  0.0000 ,  0.0000 ,  0.0000 ,  0.0000 ,
  0.0000 ,  0.0000 ,  0.0000 ,  0.0000 ,  0.0000 ,  0.0000 ,
  0.0000 ,  0.0000 ,  0.0000 ,  0.0000 ,  0.0000 ,  0.0000 ,
  0.0000 ,  0.0000 ,  0.0000 ,  0.0000 ,  0.0000 ,  0.0000 ,
  0.0000 ,  0.0000 ,  0.0000 ,  0.0000 ,  0.0000 ,  0.0000 ,
  0.0000 ,  0.0000 ,  0.0000 ,  0.0000 ,  0.0000 ,  0.0000 ,
  0.0000 ,  0.0000 ,  0.0000 ,  0.0000 ,  0.0000 ,  0.0000 ,
  0.0000 ,  0.0000 ,  0.0000 ,  0.0000 ,  0.0000 ,  0.0000 ,
  0.0000 ,  0.0000 ,  0.0000 ,  0.0000 ,  0.0000 ,  0.0000 ,
  0.0000 ,  0.0000 ,  0.0000 ,  0.0000 ,  0.0000 ,  0.0000 ,
  0.0000 ,  0.0000 ,  0.0000 ,  0.0000 ,  0.0000 ,  0.0000 ,
  0.0000 ,  0.0000 ,  0.0000 ,  0.0000 ,  0.0000 ,  0.0000 ,
  0.0000 ,  0.0000 ,  0.0000 ,  0.0000 ,  0.0000 ,  0.0000 ,
  0.0000 ,  0.0000 ,  0.0000 ,  0.0000 ,  0.0000 ,  0.0000 ,
  0.0000 ,  0.0000 ,  0.0000 ,  0.0000 ,  0.0000 ,  0.0000 ,
  0.0000 ,  0.0000 ,  0.0000 ,  0.0000 ,  0.0000 ,  0.0000 ,
  0.0000 ,  0.0000 ,  0.0000 ,  0.0000 ,  0.0000 ,  0.0000 ,
  0.0000 ,  0.0000 ,  0.0000 ,  0.0000 ,  0.0000 ,  0.0000 ,
  0.0000 ,  0.0000 ,  0.0000 ,  0.0000 ,  0.0000 ,  0.0000 ,
  0.0000 ,  0.0000 ,  0.0000 ,  0.0000 ,  0.0000 ,  0.0000 ,
  0.0000 ,  0.0000 ,  0.0000 ,  0.0000 ,  0.0000 ,  0.0000 ,
  0.0000 ,  0.0000 ,  0.0000 ,  0.0000 ,  0.0000 ,  0.0000 ,
  0.0000 ,  0.0000 ,  0.0000 ,  0.0000 ,  0.0000 ,  0.0000 ,
  0.0000 ,  0.0000 ,  0.0000 ,  0.0000 ,  0.0000 ,  0.0000 ,
  0.0000 ,  0.0000 ,  0.0000 ,  0.0000 ,  0.0000 ,  0.0000 ,
  0.0000 ,  0.0000 ,  0.0000 ,  0.0000 ,  0.0000 ,  0.0000 ,
  0.0000 ,  0.0000 ,  0.0000 ,  0.0000 ,  0.0000 ,  0.0000 ,
  0.0000 ,  0.0000 ,  0.0000 ,  0.0000 ,  0.0000 ,  0.0000 ,
  0.0000 ,  0.0000 ,  0.0000 ,  0.0000 ,  0.0000 ,  0.0000 ,
  0.0000 ,  0.0000 ,  0.0000 ,  0.0000 ,  0.0000 ,  0.0000 ,
  0.0000 ,  0.0000 ,  0.0000 ,  0.0000 ,  0.0000 ,  0.0000 ,
  0.0000 ,  0.0000 ,  0.0000 ,  0.0000 ,  0.0000 ,  0.0000 ,
  0.0000 ,  0.0000 ,  0.0000 ,  0.0000 ,  0.0000 ,  0.0000 ,
  0.0000 ,  0.0000 ,  0.0000 ,  0.0000 ,  0.0000 ,  0.0000 ,
  0.0000 ,  0.0000 ,  0.0000 ,  0.0000 ,  0.0000 ,  0.0000 ,
  0.0000 ,  0.0000 ,  0.0000 ,  0.0000 ,  0.0000 ,  0.0000 ,
  0.0000 ,  0.0000 ,  0.0000 ,  0.0000 ,  0.0000 ,  0.0000 ,
  0.0000 ,  0.0000 ,  0.0000 ,  0.0000 ,  0.0000 ,  0.0000 ,
  0.0000 ,  0.0000 ,  0.0000 ,  0.0000 ,  0.0000 ,  0.0000 ,
  0.0000 ,  0.0000 ,  0.0000 ,  0.0000 ,  0.0000 ,  0.0000 ,
  0.0000 ,  0.0000 ,  0.0000 ,  0.0000 ,  0.0000 ,  0.0000 ,
  0.0000 ,  0.0000 ,  0.0000 ,  0.0000 ,  0.0000 ,  0.0000 ,
  0.0000 ,  0.0000 ,  0.0000 ,  0.0000 ,  0.0000 ,  0.0000 ,
  0.0000 ,  0.0000 ,  0.0000 ,  0.0000 ,  0.0000 ,  0.0000 ,
  0.0000 ,  0.0000 ,  0.0000 ,  0.0000 ,  0.0000 ,  0.0000 ,
  0.0000 ,  0.0000 ,  0.0000 ,  0.0000 ,  0.0000 ,  0.0000 ,
  0.0000 ,  0.0000 ,  0.0000 ,  0.0000 ,  0.0000 ,  0.0000 ,
  0.0000 ,  0.0000 ,  0.0000 ,  0.0000 ,  0.0000 ,  0.0000 ,
  0.0000 ,  0.0000 ,  0.0000 ,  0.0000 ,  0.0000 ,  0.0000 ,
  0.0000 ,  0.0000 ,  0.0000 ,  0.0000 ,  0.0000 ,  0.0000 ,
  0.0000 ,  0.0000 ,  0.0000 ,  0.0000 ,  0.0000 ,  0.0000 ,
  0.0000 ,  0.0000 ,  0.0000 ,  0.0000 ,  0.0000 ,  0.0000 ,
  0.0000 ,  0.0000 ,  0.0000 ,  0.0000 ,  0.0000 ,  0.0000 ,
  0.0000 ,  0.0000 ,  0.0000 ,  0.0000 ,  0.0000 ,  0.0000 ,
  0.0000 ,  0.0000 ,  0.0000 ,  0.0000 ,  0.0000 ,  0.0000 ,
  0.0000 ,  0.0000 ,  0.0000 ,  0.0000 ,  0.0000 ,  0.0000 ,
  0.0000 ,  0.0000 ,  0.0000 ,  0.0000 ,  0.0000 ,  0.0000 ,
  0.0000 ,  0.0000 ,  0.0000 ,  0.0000 ,  0.0000 ,  0.0000 ,
  0.0000 ,  0.0000 ,  0.0000 ,  0.0000 ,  0.0000 ,  0.0000 ,
  0.0000 ,  0.0000 ,  0.0000 ,  0.0000 ,  0.0000 ,  0.0000 ,
  0.0000 ,  0.0000 ,  0.0000 ,  0.0000 ,  0.0000 ,  0.0000 ,
  0.0000 ,  0.0000 ,  0.0000 ,  0.0000 ,  0.0000 ,  0.0000 ,
  0.0000 ,  0.0000 ,  0.0000 ,  0.0000 ,  0.0000 ,  0.0000 ,
  0.0000 ,  0.0000 ,  0.0000 ,  0.0000 ,  0.0000 ,  0.0000 ,
  0.0000 ,  0.0000 ,  0.0000 ,  0.0000 ,  0.0000 ,  0.0000 ,
  0.0000 ,  0.0000 ,  0.0000 ,  0.0000 ,  0.0000 ,  0.0000 ,
  0.0000 ,  0.0000 ,  0.0000 ,  0.0000 ,  0.0000 ,  0.0000 ,
  0.0000 ,  0.0000 ,  0.0000 ,  0.0000 ,  0.0000 ,  0.0000 ,
  0.0000 ,  0.0000 ,  0.0000 ,  0.0000 ,  0.0000 ,  0.0000 ,
  0.0000 ,  0.0000 ,  0.0000 ,  0.0000 ,  0.0000 ,  0.0000 ,
  0.0000 ,  0.0000 ,  0.0000 ,  0.0000 ,  0.0000 ,  0.0000 ,
  0.0000 ,  0.0000 ,  0.0000 ,  0.0000 ,  0.0000 ,  0.0000 ,
  0.0000 ,  0.0000 ,  0.0000 ,  0.0000 ,  0.0000 ,  0.0000 ,
  0.0000 ,  0.0000 ,  0.0000 ,  0.0000 ,  0.0000 ,  0.0000 ,
  0.0000 ,  0.0000 ,  0.0000 ,  0.0000 ,  0.0000 ,  0.0000 ,
  0.0000 ,  0.0000 ,  0.0000 ,  0.0000 ,  0.0000 ,  0.0000 ,
  0.0000 ,  0.0000 ,  0.0000 ,  0.0000 ,  0.0000 ,  0.0000 ,
  0.0000 ,  0.0000 ,  0.0000 ,  0.0000 ,  0.0000 ,  0.0000 ,
  0.0000 ,  0.0000 ,  0.0000 ,  0.0000 ,  0.0000 ,  0.0000 ,
  0.0000 ,  0.0000 ,  0.0000 ,  0.0000 ,  0.0000 ,  0.0000 ,
  0.0000 ,  0.0000 ,  0.0000 ,  0.0000 ,  0.0000 ,  0.0000 ,
  0.0000 ,  0.0000 ,  0.0000 ,  0.0000 ,  0.0000 ,  0.0000 ,
  0.0000 ,  0.0000 ,  0.0000 ,  0.0000 ,  0.0000 ,  0.0000 ,
  0.0000 ,  0.0000 ,  0.0000 ,  0.0000 ,  0.0000 ,  0.0000 ,
  0.0000 ,  0.0000 ,  0.0000 ,  0.0000 ,  0.0000 ,  0.0000 ,
  0.0000 ,  0.0000 ,  0.0000 ,  0.0000 ,  0.0000 ,  0.0000 ,
  0.0000 ,  0.0000 ,  0.0000 ,  0.0000 ,  0.0000 ,  0.0000 ,
  0.0000 ,  0.0000 ,  0.0000 ,  0.0000 ,  0.0000 ,  0.0000 ,
  0.0000 ,  0.0000 ,  0.0000 ,  0.0000 ,  0.0000 ,  0.0000 ,
  0.0000 ,  0.0000 ,  0.0000 ,  0.0000 ,  0.0000 ,  0.0000 ,
  0.0000 ,  0.0000 ,  0.0000 ,  0.0000 ,  0.0000 ,  0.0000 ,
  0.0000 ,  0.0000 ,  0.0000 ,  0.0000 ,  0.0000 ,  0.0000 ,
  0.0000 ,  0.0000 ,  0.0000 ,  0.0000 ,  0.0000 ,  0.0000 ,
  0.0000 ,  0.0000 ,  0.0000 ,  0.0000 ,  0.0000 ,  0.0000 ,
  0.0000 ,  0.0000 ,  0.0000 ,  0.0000 ,  0.0000 ,  0.0000 ,
  0.0000 ,  0.0000 ,  0.0000 ,  0.0000 ,  0.0000 ,  0.0000 ,
  0.0000 ,  0.0000 ,  0.0000 ,  0.0000 ,  0.0000 ,  0.0000 ,
  0.0000 ,  0.0000 ,  0.0000 ,  0.0000 ,  0.0000 ,  0.0000 ,
  0.0000 ,  0.0000 ,  0.0000 ,  0.0000 ,  0.0000 ,  0.0000 ,
  0.0000 ,  0.0000 ,  0.0000 ,  0.0000 ,  0.0000 ,  0.0000 ,
  0.0000 ,  0.0000 ,  0.0000 ,  0.0000 ,  0.0000 ,  0.0000 ,
  0.0000 ,  0.0000 ,  0.0000 ,  0.0000 ,  0.0000 ,  0.0000 ,
  0.0000 ,  0.0000 ,  0.0000 ,  0.0000 ,  0.0000 ,  0.0000 ,
  0.0000 ,  0.0000 ,  0.0000 ,  0.0000 ,  0.0000 ,  0.0000 ,
  0.0000 ,  0.0000 ,  0.0000 ,  0.0000 ,  0.0000 ,  0.0000 ,
  0.0000 ,  0.0000 ,  0.0000 ,  0.0000 ,  0.0000 ,  0.0000 ,
  0.0000 ,  0.0000 ,  0.0000 ,  0.0000 ,  0.0000 ,  0.0000 ,
  0.0000 ,  0.0000 ,  0.0000 ,  0.0000 ,  0.0000 ,  0.0000 ,
  0.0000 ,  0.0000 ,  0.0000 ,  0.0000 ,  0.0000 ,  0.0000 ,
  0.0000 ,  0.0000 ,  0.0000 ,  0.0000 ,  0.0000 ,  0.0000 ,
  0.0000 ,  0.0000 ,  0.0000 ,  0.0000 ,  0.0000 ,  0.0000 ,
  0.0000 ,  0.0000 ,  0.0000 ,  0.0000 ,  0.0000 ,  0.0000 ,
  0.0000 ,  0.0000 ,  0.0000 ,  0.0000 ,  0.0000 ,  0.0000 ,
  0.0000 ,  0.0000 ,  0.0000 ,  0.0000 ,  0.0000 ,  0.0000 ,
  0.0000 ,  0.0000 ,  0.0000 ,  0.0000 ,  0.0000 ,  0.0000 ,
  0.0000 ,  0.0000 ,  0.0000 ,  0.0000 ,  0.0000 ,  0.0000 ,
  0.0000 ,  0.0000 ,  0.0000 ,  0.0000 ,  0.0000 ,  0.0000 ,
  0.0000 ,  0.0000 ,  0.0000 ,  0.0000 ,  0.0000 ,  0.0000 ,
  0.0000 ,  0.0000 ,  0.0000 ,  0.0000 ,  0.0000 ,  0.0000 ,
  0.0000 ,  0.0000 ,  0.0000 ,  0.0000 ,  0.0000 ,  0.0000 ,
  0.0000 ,  0.0000 ,  0.0000 ,  0.0000 ,  0.0000 ,  0.0000 ,
  0.0000 ,  0.0000 ,  0.0000 ,  0.0000 ,  0.0000 ,  0.0000 ,
  0.0000 ,  0.0000 ,  0.0000 ,  0.0000 ,  0.0000 ,  0.0000 ,
  0.0000 ,  0.0000 ,  0.0000 ,  0.0000 ,  0.0000 ,  0.0000 ,
  0.0000 ,  0.0000 ,  0.0000 ,  0.0000 ,  0.0000 ,  0.0000 ,
  0.0000 ,  0.0000 ,  0.0000 ,  0.0000 ,  0.0000 ,  0.0000 ,
  0.0000 ,  0.0000 ,  0.0000 ,  0.0000 ,  0.0000 ,  0.0000 ,
  0.0000 ,  0.0000 ,  0.0000 ,  0.0000 ,  0.0000 ,  0.0000 ,
  0.0000 ,  0.0000 ,  0.0000 ,  0.0000 ,  0.0000 ,  0.0000 ,
  0.0000 ,  0.0000 ,  0.0000 ,  0.0000 ,  0.0000 ,  0.0000 ,
  0.0000 ,  0.0000 ,  0.0000 ,  0.0000 ,  0.0000 ,  0.0000 ,
  0.0000 ,  0.0000 ,  0.0000 ,  0.0000 ,  0.0000 ,  0.0000 ,
  0.0000 ,  0.0000 ,  0.0000 ,  0.0000 ,  0.0000 ,  0.0000 ,
  0.0000 ,  0.0000 ,  0.0000 ,  0.0000 ,  0.0000 ,  0.0000 ,
  0.0000 ,  0.0000 ,  0.0000 ,  0.0000 ,  0.0000 ,  0.0000 ,
  0.0000 ,  0.0000 ,  0.0000 ,  0.0000 ,  0.0000 ,  0.0000 ,
  0.0000 ,  0.0000 ,  0.0000 ,  0.0000 ,  0.0000 ,  0.0000 ,
  0.0000 ,  0.0000 ,  0.0000 ,  0.0000 ,  0.0000 ,  0.0000 ,
  0.0000 ,  0.0000 ,  0.0000 ,  0.0000 ,  0.0000 ,  0.0000 ,
  0.0000 ,  0.0000 ,  0.0000 ,  0.0000 ,  0.0000 ,  0.0000 ,
  0.0000 ,  0.0000 ,  0.0000 ,  0.0000 ,  0.0000 ,  0.0000 ,
  0.0000 ,  0.0000 ,  0.0000 ,  0.0000 ,  0.0000 ,  0.0000 ,
  0.0000 ,  0.0000 ,  0.0000 ,  0.0000 ,  0.0000 ,  0.0000 ,
  0.0000 ,  0.0000 ,  0.0000 ,  0.0000 ,  0.0000 ,  0.0000 ,
  0.0000 ,  0.0000 ,  0.0000 ,  0.0000 ,  0.0000 ,  0.0000 ,
  0.0000 ,  0.0000 ,  0.0000 ,  0.0000 ,  0.0000 ,  0.0000 ,
  0.0000 ,  0.0000 ,  0.0000 ,  0.0000 ,  0.0000 ,  0.0000 ,
  0.0000 ,  0.0000 ,  0.0000 ,  0.0000 ,  0.0000 ,  0.0000 ,
  0.0000 ,  0.0000 ,  0.0000 ,  0.0000 ,  0.0000 ,  0.0000 ,
  0.0000 ,  0.0000 ,  0.0000 ,  0.0000 ,  0.0000 ,  0.0000 ,
  0.0000 ,  0.0000 ,  0.0000 ,  0.0000 ,  0.0000 ,  0.0000 ,
  0.0000 ,  0.0000 ,  0.0000 ,  0.0000 ,  0.0000 ,  0.0000 ,
  0.0000 ,  0.0000 ,  0.0000 ,  0.0000 ,  0.0000 ,  0.0000 ,
  0.0000 ,  0.0000 ,  0.0000 ,  0.0000 ,  0.0000 ,  0.0000 ,
  0.0000 ,  0.0000 ,  0.0000 ,  0.0000 ,  0.0000 ,  0.0000 ,
  0.0000 ,  0.0000 ,  0.0000 ,  0.0000 ,  0.0000 ,  0.0000 ,
  0.0000 ,  0.0000 ,  0.0000 ,  0.0000 ,  0.0000 ,  0.0000 ,
  0.0000 ,  0.0000 ,  0.0000 ,  0.0000 ,  0.0000 ,  0.0000 ,
  0.0000 ,  0.0000 ,  0.0000 ,  0.0000 ,  0.0000 ,  0.0000 ,
  0.0000 ,  0.0000 ,  0.0000 ,  0.0000 ,  0.0000 ,  0.0000 ,
  0.0000 ,  0.0000 ,  0.0000 ,  0.0000 ,  0.0000 ,  0.0000 ,
  0.0000 ,  0.0000 ,  0.0000 ,  0.0000 ,  0.0000 ,  0.0000 ,
  0.0000 ,  0.0000 ,  0.0000 ,  0.0000 ,  0.0000 ,  0.0000 ,
  0.0000 ,  0.0000 ,  0.0000 ,  0.0000 ,  0.0000 ,  0.0000 ,
  0.0000 ,  0.0000 ,  0.0000 ,  0.0000 ,  0.0000 ,  0.0000 ,
  0.0000 ,  0.0000 ,  0.0000 ,  0.0000 ,  0.0000 ,  0.0000 ,
  0.0000 ,  0.0000 ,  0.0000 ,  0.0000 ,  0.0000 ,  0.0000 ,
  0.0000 ,  0.0000 ,  0.0000 ,  0.0000 ,  0.0000 ,  0.0000 ,
  0.0000 ,  0.0000 ,  0.0000 ,  0.0000 ,  0.0000 ,  0.0000 ,
  0.0000 ,  0.0000 ,  0.0000 ,  0.0000 ,  0.0000 ,  0.0000 ,
  0.0000 ,  0.0000 ,  0.0000 ,  0.0000 ,  0.0000 ,  0.0000 ,
  0.0000 ,  0.0000 ,  0.0000 ,  0.0000 ,  0.0000 ,  0.0000 ,
  0.0000 ,  0.0000 ,  0.0000 ,  0.0000 ,  0.0000 ,  0.0000 ,
  0.0000 ,  0.0000 ,  0.0000 ,  0.0000 ,  0.0000 ,  0.0000 ,
  0.0000 ,  0.0000 ,  0.0000 ,  0.0000 ,  0.0000 ,  0.0000 ,
  0.0000 ,  0.0000 ,  0.0000 ,  0.0000 ,  0.0000 ,  0.0000 ,
  0.0000 ,  0.0000 ,  0.0000 ,  0.0000 ,  0.0000 ,  0.0000 ,
  0.0000 ,  0.0000 ,  0.0000 ,  0.0000 ,  0.0000 ,  0.0000 ,
  0.0000 ,  0.0000 ,  0.0000 ,  0.0000 ,  0.0000 ,  0.0000 ,
  0.0000 ,  0.0000 ,  0.0000 ,  0.0000 ,  0.0000 ,  0.0000 ,
  0.0000 ,  0.0000 ,  0.0000 ,  0.0000 ,  0.0000 ,  0.0000 ,
  0.0000 ,  0.0000 ,  0.0000 ,  0.0000 ,  0.0000 ,  0.0000 ,
  0.0000 ,  0.0000 ,  0.0000 ,  0.0000 ,  0.0000 ,  0.0000 ,
  0.0000 ,  0.0000 ,  0.0000 ,  0.0000 ,  0.0000 ,  0.0000 ,
  0.0000 ,  0.0000 ,  0.0000 ,  0.0000 ,  0.0000 ,  0.0000 ,
  0.0000 ,  0.0000 ,  0.0000 ,  0.0000 ,  0.0000 ,  0.0000 ,
  0.0000 ,  0.0000 ,  0.0000 ,  0.0000 ,  0.0000 ,  0.0000 ,
  0.0000 ,  0.0000 ,  0.0000 ,  0.0000 ,  0.0000 ,  0.0000 ,
  0.0000 ,  0.0000 ,  0.0000 ,  0.0000 ,  0.0000 ,  0.0000 ,
  0.0000 ,  0.0000 ,  0.0000 ,  0.0000 ,  0.0000 ,  0.0000 ,
  0.0000 ,  0.0000 ,  0.0000 ,  0.0000 ,  0.0000 ,  0.0000 ,
  0.0000 ,  0.0000 ,  0.0000 ,  0.0000 ,  0.0000 ,  0.0000 ,
  0.0000 ,  0.0000 ,  0.0000 ,  0.0000 ,  0.0000 ,  0.0000 ,
  0.0000 ,  0.0000 ,  0.0000 ,  0.0000 ,  0.0000 ,  0.0000 ,
  0.0000 ,  0.0000 ,  0.0000 ,  0.0000 ,  0.0000 ,  0.0000 ,
  0.0000 ,  0.0000 ,  0.0000 ,  0.0000 ,  0.0000 ,  0.0000 ,
  0.0000 ,  0.0000 ,  0.0000 ,  0.0000 ,  0.0000 ,  0.0000 ,
  0.0000 ,  0.0000 ,  0.0000 ,  0.0000 ,  0.0000 ,  0.0000 ,
  0.0000 ,  0.0000 ,  0.0000 ,  0.0000 ,  0.0000 ,  0.0000 ,
  0.0000 ,  0.0000 ,  0.0000 ,  0.0000 ,  0.0000 ,  0.0000 ,
  0.0000 ,  0.0000 ,  0.0000 ,  0.0000 ,  0.0000 ,  0.0000 ,
  0.0000 ,  0.0000 ,  0.0000 ,  0.0000 ,  0.0000 ,  0.0000 ,
  0.0000 ,  0.0000 ,  0.0000 ,  0.0000 ,  0.0000 ,  0.0000 ,
  0.0000 ,  0.0000 ,  0.0000 ,  0.0000 ,  0.0000 ,  0.0000 ,
  0.0000 ,  0.0000 ,  0.0000 ,  0.0000 ,  0.0000 ,  0.0000 ,
  0.0000 ,  0.0000 ,  0.0000 ,  0.0000 ,  0.0000 ,  0.0000 ,
  0.0000 ,  0.0000 ,  0.0000 ,  0.0000 ,  0.0000 ,  0.0000 ,
  0.0000 ,  0.0000 ,  0.0000 ,  0.0000 ,  0.0000 ,  0.0000 ,
  0.0000 ,  0.0000 ,  0.0000 ,  0.0000 ,  0.0000 ,  0.0000 ,
  0.0000 ,  0.0000 ,  0.0000 ,  0.0000 ,  0.0000 ,  0.0000 ,
  0.0000 ,  0.0000 ,  0.0000 ,  0.0000 ,  0.0000 ,  0.0000 ,
  0.0000 ,  0.0000 ,  0.0000 ,  0.0000 ,  0.0000 ,  0.0000 ,
  0.0000 ,  0.0000 ,  0.0000 ,  0.0000 ,  0.0000 ,  0.0000 ,
  0.0000 ,  0.0000 ,  0.0000 ,  0.0000 ,  0.0000 ,  0.0000 ,
  0.0000 ,  0.0000 ,  0.0000 ,  0.0000 ,  0.0000 ,  0.0000 ,
  0.0000 ,  0.0000 ,  0.0000 ,  0.0000 ,  0.0000 ,  0.0000 ,
  0.0000 ,  0.0000 ,  0.0000 ,  0.0000 ,  0.0000 ,  0.0000 ,
  0.0000 ,  0.0000 ,  0.0000 ,  0.0000 ,  0.0000 ,  0.0000 ,
  0.0000 ,  0.0000 ,  0.0000 ,  0.0000 ,  0.0000 ,  0.0000 ,
  0.0000 ,  0.0000 ,  0.0000 ,  0.0000 ,  0.0000 ,  0.0000 ,
  0.0000 ,  0.0000 ,  0.0000 ,  0.0000 ,  0.0000 ,  0.0000 ,
  0.0000 ,  0.0000 ,  0.0000 ,  0.0000 ,  0.0000 ,  0.0000 ,
  0.0000 ,  0.0000 ,  0.0000 ,  0.0000 ,  0.0000 ,  0.0000 ,
  0.0000 ,  0.0000 ,  0.0000 ,  0.0000 ,  0.0000 ,  0.0000 ,
  0.0000 ,  0.0000 ,  0.0000 ,  0.0000 ,  0.0000 ,  0.0000 ,
  0.0000 ,  0.0000 ,  0.0000 ,  0.0000 ,  0.0000 ,  0.0000 ,
  0.0000 ,  0.0000 ,  0.0000 ,  0.0000 ,  0.0000 ,  0.0000 ,
  0.0000 ,  0.0000 ,  0.0000 ,  0.0000 ,  0.0000 ,  0.0000 ,
  0.0000 ,  0.0000 ,  0.0000 ,  0.0000 ,  0.0000 ,  0.0000 ,
  0.0000 ,  0.0000 ,  0.0000 ,  0.0000 ,  0.0000 ,  0.0000 ,
  0.0000 ,  0.0000 ,  0.0000 ,  0.0000 ,  0.0000 ,  0.0000 ,
  0.0000 ,  0.0000 ,  0.0000 ,  0.0000 ,  0.0000 ,  0.0000 ,
  0.0000 ,  0.0000 ,  0.0000 ,  0.0000 ,  0.0000 ,  0.0000 ,
  0.0000 ,  0.0000 ,  0.0000 ,  0.0000 ,  0.0000 ,  0.0000 ,
  0.0000 ,  0.0000 ,  0.0000 ,  0.0000 ,  0.0000 ,  0.0000 ,
  0.0000 ,  0.0000 ,  0.0000 ,  0.0000 ,  0.0000 ,  0.0000 ,
  0.0000 ,  0.0000 ,  0.0000 ,  0.0000 ,  0.0000 ,  0.0000 ,
  0.0000 ,  0.0000 ,  0.0000 ,  0.0000 ,  0.0000 ,  0.0000 ,
  0.0000 ,  0.0000 ,  0.0000 ,  0.0000 ,  0.0000 ,  0.0000 ,
  0.0000 ,  0.0000 ,  0.0000 ,  0.0000 ,  0.0000 ,  0.0000 ,
  0.0000 ,  0.0000 ,  0.0000 ,  0.0000 ,  0.0000 ,  0.0000 ,
  0.0000 ,  0.0000 ,  0.0000 ,  0.0000 ,  0.0000 ,  0.0000 ,
  0.0000 ,  0.0000 ,  0.0000 ,  0.0000 ,  0.0000 ,  0.0000 ,
  0.0000 ,  0.0000 ,  0.0000 ,  0.0000 ,  0.0000 ,  0.0000 ,
  0.0000 ,  0.0000 ,  0.0000 ,  0.0000 ,  0.0000 ,  0.0000 ,
  0.0000 ,  0.0000 ,  0.0000 ,  0.0000 ,  0.0000 ,  0.0000 ,
  0.0000 ,  0.0000 ,  0.0000 ,  0.0000 ,  0.0000 ,  0.0000 ,
  0.0000 ,  0.0000 ,  0.0000 ,  0.0000 ,  0.0000 ,  0.0000 ,
  0.0000 ,  0.0000 ,  0.0000 ,  0.0000 ,  0.0000 ,  0.0000 ,
  0.0000 ,  0.0000 ,  0.0000 ,  0.0000 ,  0.0000 ,  0.0000 ,
  0.0000 ,  0.0000 ,  0.0000 ,  0.0000 ,  0.0000 ,  0.0000 ,
  0.0000 ,  0.0000 ,  0.0000 ,  0.0000 ,  0.0000 ,  0.0000 ,
  0.0000 ,  0.0000 ,  0.0000 ,  0.0000 ,  0.0000 ,  0.0000 ,
  0.0000 ,  0.0000 ,  0.0000 ,  0.0000 ,  0.0000 ,  0.0000 ,
  0.0000 ,  0.0000 ,  0.0000 ,  0.0000 ,  0.0000 ,  0.0000 ,
  0.0000 ,  0.0000 ,  0.0000 ,  0.0000 ,  0.0000 ,  0.0000 ,
  0.0000 ,  0.0000 ,  0.0000 ,  0.0000 ,  0.0000 ,  0.0000 ,
  0.0000 ,  0.0000 ,  0.0000 ,  0.0000 ,  0.0000 ,  0.0000 ,
  0.0000 ,  0.0000 ,  0.0000 ,  0.0000 ,  0.0000 ,  0.0000 ,
  0.0000 ,  0.0000 ,  0.0000 ,  0.0000 ,  0.0000 ,  0.0000 ,
  0.0000 ,  0.0000 ,  0.0000 ,  0.0000 ,  0.0000 ,  0.0000 ,
  0.0000 ,  0.0000 ,  0.0000 ,  0.0000 ,  0.0000 ,  0.0000 ,
  0.0000 ,  0.0000 ,  0.0000 ,  0.0000 ,  0.0000 ,  0.0000 ,
  0.0000 ,  0.0000 ,  0.0000 ,  0.0000 ,  0.0000 ,  0.0000 ,
  0.0000 ,  0.0000 ,  0.0000 ,  0.0000 ,  0.0000 ,  0.0000 ,
  0.0000 ,  0.0000 ,  0.0000 ,  0.0000 ,  0.0000 ,  0.0000 ,
  0.0000 ,  0.0000 ,  0.0000 ,  0.0000 ,  0.0000 ,  0.0000 ,
  0.0000 ,  0.0000 ,  0.0000 ,  0.0000 ,  0.0000 ,  0.0000 ,
  0.0000 ,  0.0000 ,  0.0000 ,  0.0000 ,  0.0000 ,  0.0000 ,
  0.0000 ,  0.0000 ,  0.0000 ,  0.0000 ,  0.0000 ,  0.0000 ,
  0.0000 ,  0.0000 ,  0.0000 ,  0.0000 ,  0.0000 ,  0.0000 ,
  0.0000 ,  0.0000 ,  0.0000 ,  0.0000 ,  0.0000 ,  0.0000 ,
  0.0000 ,  0.0000 ,  0.0000 ,  0.0000 ,  0.0000 ,  0.0000 ,
  0.0000 ,  0.0000 ,  0.0000 ,  0.0000 ,  0.0000 ,  0.0000 ,
  0.0000 ,  0.0000 ,  0.0000 ,  0.0000 ,  0.0000 ,  0.0000 ,
  0.0000 ,  0.0000 ,  0.0000 ,  0.0000 ,  0.0000 ,  0.0000 ,
  0.0000 ,  0.0000 ,  0.0000 ,  0.0000 ,  0.0000 ,  0.0000 ,
  0.0000 ,  0.0000 ,  0.0000 ,  0.0000 ,  0.0000 ,  0.0000 ,
  0.0000 ,  0.0000 ,  0.0000 ,  0.0000 ,  0.0000 ,  0.0000 ,
  0.0000 ,  0.0000 ,  0.0000 ,  0.0000 ,  0.0000 ,  0.0000 ,
  0.0000 ,  0.0000 ,  0.0000 ,  0.0000 ,  0.0000 ,  0.0000 ,
  0.0000 ,  0.0000 ,  0.0000 ,  0.0000 ,  0.0000 ,  0.0000 ,
  0.0000 ,  0.0000 ,  0.0000 ,  0.0000 ,  0.0000 ,  0.0000 ,
  0.0000 ,  0.0000 ,  0.0000 ,  0.0000 ,  0.0000 ,  0.0000 ,
  0.0000 ,  0.0000 ,  0.0000 ,  0.0000 ,  0.0000 ,  0.0000 ,
  0.0000 ,  0.0000 ,  0.0000 ,  0.0000 ,  0.0000 ,  0.0000 ,
  0.0000 ,  0.0000 ,  0.0000 ,  0.0000 ,  0.0000 ,  0.0000 ,
  0.0000 ,  0.0000 ,  0.0000 ,  0.0000 ,  0.0000 ,  0.0000 ,
  0.0000 ,  0.0000 ,  0.0000 ,  0.0000 ,  0.0000 ,  0.0000 ,
  0.0000 ,  0.0000 ,  0.0000 ,  0.0000 ,  0.0000 ,  0.0000 ,
  0.0000 ,  0.0000 ,  0.0000 ,  0.0000 ,  0.0000 ,  0.0000 ,
  0.0000 ,  0.0000 ,  0.0000 ,  0.0000 ,  0.0000 ,  0.0000 ,
  0.0000 ,  0.0000 ,  0.0000 ,  0.0000 ,  0.0000 ,  0.0000 ,
  0.0000 ,  0.0000 ,  0.0000 ,  0.0000 ,  0.0000 ,  0.0000 ,
  0.0000 ,  0.0000 ,  0.0000 ,  0.0000 ,  0.0000 ,  0.0000 ,
  0.0000 ,  0.0000 ,  0.0000 ,  0.0000 ,  0.0000 ,  0.0000 ,
  0.0000 ,  0.0000 ,  0.0000 ,  0.0000 ,  0.0000 ,  0.0000 ,
  0.0000 ,  0.0000 ,  0.0000 ,  0.0000 ,  0.0000 ,  0.0000 ,
  0.0000 ,  0.0000 ,  0.0000 ,  0.0000 ,  0.0000 ,  0.0000 ,
  0.0000 ,  0.0000 ,  0.0000 ,  0.0000 ,  0.0000 ,  0.0000 ,
  0.0000 ,  0.0000 ,  0.0000 ,  0.0000 ,  0.0000 ,  0.0000 ,
  0.0000 ,  0.0000 ,  0.0000 ,  0.0000 ,  0.0000 ,  0.0000 ,
  0.0000 ,  0.0000 ,  0.0000 ,  0.0000 ,  0.0000 ,  0.0000 ,
  0.0000 ,  0.0000 ,  0.0000 ,  0.0000 ,  0.0000 ,  0.0000 ,
  0.0000 ,  0.0000 ,  0.0000 ,  0.0000 ,  0.0000 ,  0.0000 ,
  0.0000 ,  0.0000 ,  0.0000 ,  0.0000 ,  0.0000 ,  0.0000 ,
  0.0000 ,  0.0000 ,  0.0000 ,  0.0000 ,  0.0000 ,  0.0000 ,
  0.0000 ,  0.0000 ,  0.0000 ,  0.0000 ,  0.0000 ,  0.0000 ,
  0.0000 ,  0.0000 ,  0.0000 ,  0.0000 ,  0.0000 ,  0.0000 ,
  0.0000 ,  0.0000 ,  0.0000 ,  0.0000 ,  0.0000 ,  0.0000 ,
  0.0000 ,  0.0000 ,  0.0000 ,  0.0000 ,  0.0000 ,  0.0000 ,
  0.0000 ,  0.0000 ,  0.0000 ,  0.0000 ,  0.0000 ,  0.0000 ,
  0.0000 ,  0.0000 ,  0.0000 ,  0.0000 ,  0.0000 ,  0.0000 ,
  0.0000 ,  0.0000 ,  0.0000 ,  0.0000 ,  0.0000 ,  0.0000 ,
  0.0000 ,  0.0000 ,  0.0000 ,  0.0000 ,  0.0000 ,  0.0000 ,
  0.0000 ,  0.0000 ,  0.0000 ,  0.0000 ,  0.0000 ,  0.0000 ,
  0.0000 ,  0.0000 ,  0.0000 ,  0.0000 ,  0.0000 ,  0.0000 ,
  0.0000 ,  0.0000 ,  0.0000 ,  0.0000 ,  0.0000 ,  0.0000 ,
  0.0000 ,  0.0000 ,  0.0000 ,  0.0000 ,  0.0000 ,  0.0000 ,
  0.0000 ,  0.0000 ,  0.0000 ,  0.0000 ,  0.0000 ,  0.0000 ,
  0.0000 ,  0.0000 ,  0.0000 ,  0.0000 ,  0.0000 ,  0.0000 ,
  0.0000 ,  0.0000 ,  0.0000 ,  0.0000 ,  0.0000 ,  0.0000 ,
  0.0000 ,  0.0000 ,  0.0000 ,  0.0000 ,  0.0000 ,  0.0000 ,
  0.0000 ,  0.0000 ,  0.0000 ,  0.0000 ,  0.0000 ,  0.0000 ,
  0.0000 ,  0.0000 ,  0.0000 ,  0.0000 ,  0.0000 ,  0.0000 ,
  0.0000 ,  0.0000 ,  0.0000 ,  0.0000 ,  0.0000 ,  0.0000 ,
  0.0000 ,  0.0000 ,  0.0000 ,  0.0000 ,  0.0000 ,  0.0000 ,
  0.0000 ,  0.0000 ,  0.0000 ,  0.0000 ,  0.0000 ,  0.0000 ,
  0.0000 ,  0.0000 ,  0.0000 ,  0.0000 ,  0.0000 ,  0.0000 ,
  0.0000 ,  0.0000 ,  0.0000 ,  0.0000 ,  0.0000 ,  0.0000 ,
  0.0000 ,  0.0000 ,  0.0000 ,  0.0000 ,  0.0000 ,  0.0000 ,
  0.0000 ,  0.0000 ,  0.0000 ,  0.0000 ,  0.0000 ,  0.0000 ,
  0.0000 ,  0.0000 ,  0.0000 ,  0.0000 ,  0.0000 ,  0.0000 ,
  0.0000 ,  0.0000 ,  0.0000 ,  0.0000 ,  0.0000 ,  0.0000 ,
  0.0000 ,  0.0000 ,  0.0000 ,  0.0000 ,  0.0000 ,  0.0000 ,
  0.0000 ,  0.0000 ,  0.0000 ,  0.0000 ,  0.0000 ,  0.0000 ,
  0.0000 ,  0.0000 ,  0.0000 ,  0.0000 ,  0.0000 ,  0.0000 ,
  0.0000 ,  0.0000 ,  0.0000 ,  0.0000 ,  0.0000 ,  0.0000 ,
  0.0000 ,  0.0000 ,  0.0000 ,  0.0000 ,  0.0000 ,  0.0000 ,
  0.0000 ,  0.0000 ,  0.0000 ,  0.0000 ,  0.0000 ,  0.0000 ,
  0.0000 ,  0.0000 ,  0.0000 ,  0.0000 ,  0.0000 ,  0.0000 ,
  0.0000 ,  0.0000 ,  0.0000 ,  0.0000 ,  0.0000 ,  0.0000 ,
  0.0000 ,  0.0000 ,  0.0000 ,  0.0000 ,  0.0000 ,  0.0000 ,
  0.0000 ,  0.0000 ,  0.0000 ,  0.0000 ,  0.0000 ,  0.0000 ,
  0.0000 ,  0.0000 ,  0.0000 ,  0.0000 ,  0.0000 ,  0.0000 ,
  0.0000 ,  0.0000 ,  0.0000 ,  0.0000 ,  0.0000 ,  0.0000 ,
  0.0000 ,  0.0000 ,  0.0000 ,  0.0000 ,  0.0000 ,  0.0000 ,
  0.0000 ,  0.0000 ,  0.0000 ,  0.0000 ,  0.0000 ,  0.0000 ,
  0.0000 ,  0.0000 ,  0.0000 ,  0.0000 ,  0.0000 ,  0.0000 ,
  0.0000 ,  0.0000 ,  0.0000 ,  0.0000 ,  0.0000 ,  0.0000 ,
  0.0000 ,  0.0000 ,  0.0000 ,  0.0000 ,  0.0000 ,  0.0000 ,
  0.0000 ,  0.0000 ,  0.0000 ,  0.0000 ,  0.0000 ,  0.0000 ,
  0.0000 ,  0.0000 ,  0.0000 ,  0.0000 ,  0.0000 ,  0.0000 ,
  0.0000 ,  0.0000 ,  0.0000 ,  0.0000 ,  0.0000 ,  0.0000 ,
  0.0000 ,  0.0000 ,  0.0000 ,  0.0000 ,  0.0000 ,  0.0000 ,
  0.0000 ,  0.0000 ,  0.0000 ,  0.0000 ,  0.0000 ,  0.0000 ,
  0.0000 ,  0.0000 ,  0.0000 ,  0.0000 ,  0.0000 ,  0.0000 ,
  0.0000 ,  0.0000 ,  0.0000 ,  0.0000 ,  0.0000 ,  0.0000 ,
  0.0000 ,  0.0000 ,  0.0000 ,  0.0000 ,  0.0000 ,  0.0000 ,
  0.0000 ,  0.0000 ,  0.0000 ,  0.0000 ,  0.0000 ,  0.0000 ,
  0.0000 ,  0.0000 ,  0.0000 ,  0.0000 ,  0.0000 ,  0.0000 ,
  0.0000 ,  0.0000 ,  0.0000 ,  0.0000 ,  0.0000 ,  0.0000 ,
  0.0000 ,  0.0000 ,  0.0000 ,  0.0000 ,  0.0000 ,  0.0000 ,
  0.0000 ,  0.0000 ,  0.0000 ,  0.0000 ,  0.0000 ,  0.0000 ,
  0.0000 ,  0.0000 ,  0.0000 ,  0.0000 ,  0.0000 ,  0.0000 ,
  0.0000 ,  0.0000 ,  0.0000 ,  0.0000 ,  0.0000 ,  0.0000 ,
  0.0000 ,  0.0000 ,  0.0000 ,  0.0000 ,  0.0000 ,  0.0000 ,
  0.0000 ,  0.0000 ,  0.0000 ,  0.0000 ,  0.0000 ,  0.0000 ,
  0.0000 ,  0.0000 ,  0.0000 ,  0.0000 ,  0.0000 ,  0.0000 ,
  0.0000 ,  0.0000 ,  0.0000 ,  0.0000 ,  0.0000 ,  0.0000 ,
  0.0000 ,  0.0000 ,  0.0000 ,  0.0000 ,  0.0000 ,  0.0000 ,
  0.0000 ,  0.0000 ,  0.0000 ,  0.0000 ,  0.0000 ,  0.0000 ,
  0.0000 ,  0.0000 ,  0.0000 ,  0.0000 ,  0.0000 ,  0.0000 ,
  0.0000 ,  0.0000 ,  0.0000 ,  0.0000 ,  0.0000 ,  0.0000 ,
  0.0000 ,  0.0000 ,  0.0000 ,  0.0000 ,  0.0000 ,  0.0000 ,
  0.0000 ,  0.0000 ,  0.0000 ,  0.0000 ,  0.0000 ,  0.0000 ,
  0.0000 ,  0.0000 ,  0.0000 ,  0.0000 ,  0.0000 ,  0.0000 ,
  0.0000 ,  0.0000 ,  0.0000 ,  0.0000 ,  0.0000 ,  0.0000 ,
  0.0000 ,  0.0000 ,  0.0000 ,  0.0000 ,  0.0000 ,  0.0000 ,
  0.0000 ,  0.0000 ,  0.0000 ,  0.0000 ,  0.0000 ,  0.0000 ,
  0.0000 ,  0.0000 ,  0.0000 ,  0.0000 ,  0.0000 ,  0.0000 ,
  0.0000 ,  0.0000 ,  0.0000 ,  0.0000 ,  0.0000 ,  0.0000 ,
  0.0000 ,  0.0000 ,  0.0000 ,  0.0000 ,  0.0000 ,  0.0000 ,
  0.0000 ,  0.0000 ,  0.0000 ,  0.0000 ,  0.0000 ,  0.0000 ,
  0.0000 ,  0.0000 ,  0.0000 ,  0.0000 ,  0.0000 ,  0.0000 ,
  0.0000 ,  0.0000 ,  0.0000 ,  0.0000 ,  0.0000 ,  0.0000 ,
  0.0000 ,  0.0000 ,  0.0000 ,  0.0000 ,  0.0000 ,  0.0000 ,
  0.0000 ,  0.0000 ,  0.0000 ,  0.0000 ,  0.0000 ,  0.0000 ,
  0.0000 ,  0.0000 ,  0.0000 ,  0.0000 ,  0.0000 ,  0.0000 ,
  0.0000 ,  0.0000 ,  0.0000 ,  0.0000 ,  0.0000 ,  0.0000 ,
  0.0000 ,  0.0000 ,  0.0000 ,  0.0000 ,  0.0000 ,  0.0000 ,
  0.0000 ,  0.0000 ,  0.0000 ,  0.0000 ,  0.0000 ,  0.0000 ,
  0.0000 ,  0.0000 ,  0.0000 ,  0.0000 ,  0.0000 ,  0.0000 ,
  0.0000 ,  0.0000 ,  0.0000 ,  0.0000 ,  0.0000 ,  0.0000 ,
  0.0000 ,  0.0000 ,  0.0000 ,  0.0000 ,  0.0000 ,  0.0000 ,
  0.0000 ,  0.0000 ,  0.0000 ,  0.0000 ,  0.0000 ,  0.0000 ,
  0.0000 ,  0.0000 ,  0.0000 ,  0.0000 ,  0.0000 ,  0.0000 ,
  0.0000 ,  0.0000 ,  0.0000 ,  0.0000 ,  0.0000 ,  0.0000 ,
  0.0000 ,  0.0000 ,  0.0000 ,  0.0000 ,  0.0000 ,  0.0000 ,
  0.0000 ,  0.0000 ,  0.0000 ,  0.0000 ,  0.0000 ,  0.0000 ,
  0.0000 ,  0.0000 ,  0.0000 ,  0.0000 ,  0.0000 ,  0.0000 ,
  0.0000 ,  0.0000 ,  0.0000 ,  0.0000 ,  0.0000 ,  0.0000 ,
  0.0000 ,  0.0000 ,  0.0000 ,  0.0000 ,  0.0000 ,  0.0000 ,
  0.0000 ,  0.0000 ,  0.0000 ,  0.0000 ,  0.0000 ,  0.0000 ,
  0.0000 ,  0.0000 ,  0.0000 ,  0.0000 ,  0.0000 ,  0.0000 ,
  0.0000 ,  0.0000 ,  0.0000 ,  0.0000 ,  0.0000 ,  0.0000 ,
  0.0000 ,  0.0000 ,  0.0000 ,  0.0000 ,  0.0000 ,  0.0000 ,
  0.0000 ,  0.0000 ,  0.0000 ,  0.0000 ,  0.0000 ,  0.0000 ,
  0.0000 ,  0.0000 ,  0.0000 ,  0.0000 ,  0.0000 ,  0.0000 ,
  0.0000 ,  0.0000 ,  0.0000 ,  0.0000 ,  0.0000 ,  0.0000 ,
  0.0000 ,  0.0000 ,  0.0000 ,  0.0000 ,  0.0000 ,  0.0000 ,
  0.0000 ,  0.0000 ,  0.0000 ,  0.0000 ,  0.0000 ,  0.0000 ,
  0.0000 ,  0.0000 ,  0.0000 ,  0.0000 ,  0.0000 ,  0.0000 ,
  0.0000 ,  0.0000 ,  0.0000 ,  0.0000 ,  0.0000 ,  0.0000 ,
  0.0000 ,  0.0000 ,  0.0000 ,  0.0000 ,  0.0000 ,  0.0000 ,
  0.0000 ,  0.0000 ,  0.0000 ,  0.0000 ,  0.0000 ,  0.0000 ,
  0.0000 ,  0.0000 ,  0.0000 ,  0.0000 ,  0.0000 ,  0.0000 ,
  0.0000 ,  0.0000 ,  0.0000 ,  0.0000 ,  0.0000 ,  0.0000 ,
  0.0000 ,  0.0000 ,  0.0000 ,  0.0000 ,  0.0000 ,  0.0000 ,
  0.0000 ,  0.0000 ,  0.0000 ,  0.0000 ,  0.0000 ,  0.0000 ,
  0.0000 ,  0.0000 ,  0.0000 ,  0.0000 ,  0.0000 ,  0.0000 ,
  0.0000 ,  0.0000 ,  0.0000 ,  0.0000 ,  0.0000 ,  0.0000 ,
  0.0000 ,  0.0000 ,  0.0000 ,  0.0000 ,  0.0000 ,  0.0000 ,
  0.0000 ,  0.0000 ,  0.0000 ,  0.0000 ,  0.0000 ,  0.0000 ,
  0.0000 ,  0.0000 ,  0.0000 ,  0.0000 ,  0.0000 ,  0.0000 ,
  0.0000 ,  0.0000 ,  0.0000 ,  0.0000 ,  0.0000 ,  0.0000 ,
  0.0000 ,  0.0000 ,  0.0000 ,  0.0000 ,  0.0000 ,  0.0000 ,
  0.0000 ,  0.0000 ,  0.0000 ,  0.0000 ,  0.0000 ,  0.0000 ,
  0.0000 ,  0.0000 ,  0.0000 ,  0.0000 ,  0.0000 ,  0.0000 ,
  0.0000 ,  0.0000 ,  0.0000 ,  0.0000 ,  0.0000 ,  0.0000 ,
  0.0000 ,  0.0000 ,  0.0000 ,  0.0000 ,  0.0000 ,  0.0000 ,
  0.0000 ,  0.0000 ,  0.0000 ,  0.0000 ,  0.0000 ,  0.0000 ,
  0.0000 ,  0.0000 ,  0.0000 ,  0.0000 ,  0.0000 ,  0.0000 ,
  0.0000 ,  0.0000 ,  0.0000 ,  0.0000 ,  0.0000 ,  0.0000 ,
  0.0000 ,  0.0000 ,  0.0000 ,  0.0000 ,  0.0000 ,  0.0000 ,
  0.0000 ,  0.0000 ,  0.0000 ,  0.0000 ,  0.0000 ,  0.0000 ,
  0.0000 ,  0.0000 ,  0.0000 ,  0.0000 ,  0.0000 ,  0.0000 ,
  0.0000 ,  0.0000 ,  0.0000 ,  0.0000 ,  0.0000 ,  0.0000 ,
  0.0000 ,  0.0000 ,  0.0000 ,  0.0000 ,  0.0000 ,  0.0000 ,
  0.0000 ,  0.0000 ,  0.0000 ,  0.0000 ,  0.0000 ,  0.0000 ,
  0.0000 ,  0.0000 ,  0.0000 ,  0.0000 ,  0.0000 ,  0.0000 ,
  0.0000 ,  0.0000 ,  0.0000 ,  0.0000 ,  0.0000 ,  0.0000 ,
  0.0000 ,  0.0000 ,  0.0000 ,  0.0000 ,  0.0000 ,  0.0000 ,
  0.0000 ,  0.0000 ,  0.0000 ,  0.0000 ,  0.0000 ,  0.0000 ,
  0.0000 ,  0.0000 ,  0.0000 ,  0.0000 ,  0.0000 ,  0.0000 ,
  0.0000 ,  0.0000 ,  0.0000 ,  0.0000 ,  0.0000 ,  0.0000 ,
  0.0000 ,  0.0000 ,  0.0000 ,  0.0000 ,  0.0000 ,  0.0000 ,
  0.0000 ,  0.0000 ,  0.0000 ,  0.0000 ,  0.0000 ,  0.0000 ,
  0.0000 ,  0.0000 ,  0.0000 ,  0.0000 ,  0.0000 ,  0.0000 ,
  0.0000 ,  0.0000 ,  0.0000 ,  0.0000 ,  0.0000 ,  0.0000 ,
  0.0000 ,  0.0000 ,  0.0000 ,  0.0000 ,  0.0000 ,  0.0000 ,
  0.0000 ,  0.0000 ,  0.0000 ,  0.0000 ,  0.0000 ,  0.0000 ,
  0.0000 ,  0.0000 ,  0.0000 ,  0.0000 ,  0.0000 ,  0.0000 ,
  0.0000 ,  0.0000 ,  0.0000 ,  0.0000 ,  0.0000 ,  0.0000 ,
  0.0000 ,  0.0000 ,  0.0000 ,  0.0000 ,  0.0000 ,  0.0000 ,
  0.0000 ,  0.0000 ,  0.0000 ,  0.0000 ,  0.0000 ,  0.0000 ,
  0.0000 ,  0.0000 ,  0.0000 ,  0.0000 ,  0.0000 ,  0.0000 ,
  0.0000 ,  0.0000 ,  0.0000 ,  0.0000 ,  0.0000 ,  0.0000 ,
  0.0000 ,  0.0000 ,  0.0000 ,  0.0000 ,  0.0000 ,  0.0000 ,
  0.0000 ,  0.0000 ,  0.0000 ,  0.0000 ,  0.0000 ,  0.0000 ,
  0.0000 ,  0.0000 ,  0.0000 ,  0.0000 ,  0.0000 ,  0.0000 ,
  0.0000 ,  0.0000 ,  0.0000 ,  0.0000 ,  0.0000 ,  0.0000 ,
  0.0000 ,  0.0000 ,  0.0000 ,  0.0000 ,  0.0000 ,  0.0000 ,
  0.0000 ,  0.0000 ,  0.0000 ,  0.0000 ,  0.0000 ,  0.0000 ,
  0.0000 ,  0.0000 ,  0.0000 ,  0.0000 ,  0.0000 ,  0.0000 ,
  0.0000 ,  0.0000 ,  0.0000 ,  0.0000 ,  0.0000 ,  0.0000 ,
  0.0000 ,  0.0000 ,  0.0000 ,  0.0000 ,  0.0000 ,  0.0000 ,
  0.0000 ,  0.0000 ,  0.0000 ,  0.0000 ,  0.0000 ,  0.0000 ,
  0.0000 ,  0.0000 ,  0.0000 ,  0.0000 ,  0.0000 ,  0.0000 ,
  0.0000 ,  0.0000 ,  0.0000 ,  0.0000 ,  0.0000 ,  0.0000 ,
  0.0000 ,  0.0000 ,  0.0000 ,  0.0000 ,  0.0000 ,  0.0000 ,
  0.0000 ,  0.0000 ,  0.0000 ,  0.0000 ,  0.0000 ,  0.0000 ,
  0.0000 ,  0.0000 ,  0.0000 ,  0.0000 ,  0.0000 ,  0.0000 ,
  0.0000 ,  0.0000 ,  0.0000 ,  0.0000 ,  0.0000 ,  0.0000 ,
  0.0000 ,  0.0000 ,  0.0000 ,  0.0000 ,  0.0000 ,  0.0000 ,
  0.0000 ,  0.0000 ,  0.0000 ,  0.0000 ,  0.0000 ,  0.0000 ,
  0.0000 ,  0.0000 ,  0.0000 ,  0.0000 ,  0.0000 ,  0.0000 ,
  0.0000 ,  0.0000 ,  0.0000 ,  0.0000 ,  0.0000 ,  0.0000 ,
  0.0000 ,  0.0000 ,  0.0000 ,  0.0000 ,  0.0000 ,  0.0000 ,
  0.0000 ,  0.0000 ,  0.0000 ,  0.0000 ,  0.0000 ,  0.0000 ,
  0.0000 ,  0.0000 ,  0.0000 ,  0.0000 ,  0.0000 ,  0.0000 ,
  0.0000 ,  0.0000 ,  0.0000 ,  0.0000 ,  0.0000 ,  0.0000 ,
  0.0000 ,  0.0000 ,  0.0000 ,  0.0000 ,  0.0000 ,  0.0000 ,
  0.0000 ,  0.0000 ,  0.0000 ,  0.0000 ,  0.0000 ,  0.0000 ,
  0.0000 ,  0.0000 ,  0.0000 ,  0.0000 ,  0.0000 ,  0.0000 ,
  0.0000 ,  0.0000 ,  0.0000 ,  0.0000 ,  0.0000 ,  0.0000 ,
  0.0000 ,  0.0000 ,  0.0000 ,  0.0000 ,  0.0000 ,  0.0000 ,
  0.0000 ,  0.0000 ,  0.0000 ,  0.0000 ,  0.0000 ,  0.0000 ,
  0.0000 ,  0.0000 ,  0.0000 ,  0.0000 ,  0.0000 ,  0.0000 ,
  0.0000 ,  0.0000 ,  0.0000 ,  0.0000 ,  0.0000 ,  0.0000 ,
  0.0000 ,  0.0000 ,  0.0000 ,  0.0000 ,  0.0000 ,  0.0000 ,
  0.0000 ,  0.0000 ,  0.0000 ,  0.0000 ,  0.0000 ,  0.0000 ,
  0.0000 ,  0.0000 ,  0.0000 ,  0.0000 ,  0.0000 ,  0.0000 ,
  0.0000 ,  0.0000 ,  0.0000 ,  0.0000 ,  0.0000 ,  0.0000 ,
  0.0000 ,  0.0000 ,  0.0000 ,  0.0000 ,  0.0000 ,  0.0000 ,
  0.0000 ,  0.0000 ,  0.0000 ,  0.0000 ,  0.0000 ,  0.0000 ,
  0.0000 ,  0.0000 ,  0.0000 ,  0.0000 ,  0.0000 ,  0.0000 ,
  0.0000 ,  0.0000 ,  0.0000 ,  0.0000 ,  0.0000 ,  0.0000 ,
  0.0000 ,  0.0000 ,  0.0000 ,  0.0000 ,  0.0000 ,  0.0000 ,
  0.0000 ,  0.0000 ,  0.0000 ,  0.0000 ,  0.0000 ,  0.0000 ,
  0.0000 ,  0.0000 ,  0.0000 ,  0.0000 ,  0.0000 ,  0.0000 ,
  0.0000 ,  0.0000 ,  0.0000 ,  0.0000 ,  0.0000 ,  0.0000 ,
  0.0000 ,  0.0000 ,  0.0000 ,  0.0000 ,  0.0000 ,  0.0000 ,
  0.0000 ,  0.0000 ,  0.0000 ,  0.0000 ,  0.0000 ,  0.0000 ,
  0.0000 ,  0.0000 ,  0.0000 ,  0.0000 ,  0.0000 ,  0.0000 ,
  0.0000 ,  0.0000 ,  0.0000 ,  0.0000 ,  0.0000 ,  0.0000 ,
  0.0000 ,  0.0000 ,  0.0000 ,  0.0000 ,  0.0000 ,  0.0000 ,
  0.0000 ,  0.0000 ,  0.0000 ,  0.0000 ,  0.0000 ,  0.0000 ,
  0.0000 ,  0.0000 ,  0.0000 ,  0.0000 ,  0.0000 ,  0.0000 ,
  0.0000 ,  0.0000 ,  0.0000 ,  0.0000 ,  0.0000 ,  0.0000 ,
  0.0000 ,  0.0000 ,  0.0000 ,  0.0000 ,  0.0000 ,  0.0000 ,
  0.0000 ,  0.0000 ,  0.0000 ,  0.0000 ,  0.0000 ,  0.0000 ,
  0.0000 ,  0.0000 ,  0.0000 ,  0.0000 ,  0.0000 ,  0.0000 ,
  0.0000 ,  0.0000 ,  0.0000 ,  0.0000 ,  0.0000 ,  0.0000 ,
  0.0000 ,  0.0000 ,  0.0000 ,  0.0000 ,  0.0000 ,  0.0000 ,
  0.0000 ,  0.0000 ,  0.0000 ,  0.0000 ,  0.0000 ,  0.0000 ,
  0.0000 ,  0.0000 ,  0.0000 ,  0.0000 ,  0.0000 ,  0.0000 ,
  0.0000 ,  0.0000 ,  0.0000 ,  0.0000 ,  0.0000 ,  0.0000 ,
  0.0000 ,  0.0000 ,  0.0000 ,  0.0000 ,  0.0000 ,  0.0000 ,
  0.0000 ,  0.0000 ,  0.0000 ,  0.0000 ,  0.0000 ,  0.0000 ,
  0.0000 ,  0.0000 ,  0.0000 ,  0.0000 ,  0.0000 ,  0.0000 ,
  0.0000 ,  0.0000 ,  0.0000 ,  0.0000 ,  0.0000 ,  0.0000 ,
  0.0000 ,  0.0000 ,  0.0000 ,  0.0000 ,  0.0000 ,  0.0000 ,
  0.0000 ,  0.0000 ,  0.0000 ,  0.0000 ,  0.0000 ,  0.0000 ,
  0.0000 ,  0.0000 ,  0.0000 ,  0.0000 ,  0.0000 ,  0.0000 ,
  0.0000 ,  0.0000 ,  0.0000 ,  0.0000 ,  0.0000 ,  0.0000 ,
  0.0000 ,  0.0000 ,  0.0000 ,  0.0000 ,  0.0000 ,  0.0000 ,
  0.0000 ,  0.0000 ,  0.0000 ,  0.0000 ,  0.0000 ,  0.0000 ,
  0.0000 ,  0.0000 ,  0.0000 ,  0.0000 ,  0.0000 ,  0.0000 ,
  0.0000 ,  0.0000 ,  0.0000 ,  0.0000 ,  0.0000 ,  0.0000 ,
  0.0000 ,  0.0000 ,  0.0000 ,  0.0000 ,  0.0000 ,  0.0000 ,
  0.0000 ,  0.0000 ,  0.0000 ,  0.0000 ,  0.0000 ,  0.0000 ,
  0.0000 ,  0.0000 ,  0.0000 ,  0.0000 ,  0.0000 ,  0.0000 ,
  0.0000 ,  0.0000 ,  0.0000 ,  0.0000 ,  0.0000 ,  0.0000 ,
  0.0000 ,  0.0000 ,  0.0000 ,  0.0000 ,  0.0000 ,  0.0000 ,
  0.0000 ,  0.0000 ,  0.0000 ,  0.0000 ,  0.0000 ,  0.0000 ,
  0.0000 ,  0.0000 ,  0.0000 ,  0.0000 ,  0.0000 ,  0.0000 ,
  0.0000 ,  0.0000 ,  0.0000 ,  0.0000 ,  0.0000 ,  0.0000 ,
  0.0000 ,  0.0000 ,  0.0000 ,  0.0000 ,  0.0000 ,  0.0000 ,
  0.0000 ,  0.0000 ,  0.0000 ,  0.0000 ,  0.0000 ,  0.0000 ,
  0.0000 ,  0.0000 ,  0.0000 ,  0.0000 ,  0.0000 ,  0.0000 ,
  0.0000 ,  0.0000 ,  0.0000 ,  0.0000 ,  0.0000 ,  0.0000 ,
  0.0000 ,  0.0000 ,  0.0000 ,  0.0000 ,  0.0000 ,  0.0000 ,
  0.0000 ,  0.0000 ,  0.0000 ,  0.0000 ,  0.0000 ,  0.0000 ,
  0.0000 ,  0.0000 ,  0.0000 ,  0.0000 ,  0.0000 ,  0.0000 ,
  0.0000 ,  0.0000 ,  0.0000 ,  0.0000 ,  0.0000 ,  0.0000 ,
  0.0000 ,  0.0000 ,  0.0000 ,  0.0000 ,  0.0000 ,  0.0000 ,
  0.0000 ,  0.0000 ,  0.0000 ,  0.0000 ,  0.0000 ,  0.0000 ,
  0.0000 ,  0.0000 ,  0.0000 ,  0.0000 ,  0.0000 ,  0.0000 ,
  0.0000 ,  0.0000 ,  0.0000 ,  0.0000 ,  0.0000 ,  0.0000 ,
  0.0000 ,  0.0000 ,  0.0000 ,  0.0000 ,  0.0000 ,  0.0000 ,
  0.0000 ,  0.0000 ,  0.0000 ,  0.0000 ,  0.0000 ,  0.0000 ,
  0.0000 ,  0.0000 ,  0.0000 ,  0.0000 ,  0.0000 ,  0.0000 ,
  0.0000 ,  0.0000 ,  0.0000 ,  0.0000 ,  0.0000 ,  0.0000 ,
  0.0000 ,  0.0000 ,  0.0000 ,  0.0000 ,  0.0000 ,  0.0000 ,
  0.0000 ,  0.0000 ,  0.0000 ,  0.0000 ,  0.0000 ,  0.0000 ,
  0.0000 ,  0.0000 ,  0.0000 ,  0.0000 ,  0.0000 ,  0.0000 ,
  0.0000 ,  0.0000 ,  0.0000 ,  0.0000 ,  0.0000 ,  0.0000 ,
  0.0000 ,  0.0000 ,  0.0000 ,  0.0000 ,  0.0000 ,  0.0000 ,
  0.0000 ,  0.0000 ,  0.0000 ,  0.0000 ,  0.0000 ,  0.0000 ,
  0.0000 ,  0.0000 ,  0.0000 ,  0.0000 ,  0.0000 ,  0.0000 ,
  0.0000 ,  0.0000 ,  0.0000 ,  0.0000 ,  0.0000 ,  0.0000 ,
  0.0000 ,  0.0000 ,  0.0000 ,  0.0000 ,  0.0000 ,  0.0000 ,
  0.0000 ,  0.0000 ,  0.0000 ,  0.0000 ,  0.0000 ,  0.0000 ,
  0.0000 ,  0.0000 ,  0.0000 ,  0.0000 ,  0.0000 ,  0.0000 ,
  0.0000 ,  0.0000 ,  0.0000 ,  0.0000 ,  0.0000 ,  0.0000 ,
  0.0000 ,  0.0000 ,  0.0000 ,  0.0000 ,  0.0000 ,  0.0000 ,
  0.0000 ,  0.0000 ,  0.0000 ,  0.0000 ,  0.0000 ,  0.0000 ,
  0.0000 ,  0.0000 ,  0.0000 ,  0.0000 ,  0.0000 ,  0.0000 ,
  0.0000 ,  0.0000 ,  0.0000 ,  0.0000 ,  0.0000 ,  0.0000 ,
  0.0000 ,  0.0000 ,  0.0000 ,  0.0000 ,  0.0000 ,  0.0000 ,
  0.0000 ,  0.0000 ,  0.0000 ,  0.0000 ,  0.0000 ,  0.0000 ,
  0.0000 ,  0.0000 ,  0.0000 ,  0.0000 ,  0.0000 ,  0.0000 ,
  0.0000 ,  0.0000 ,  0.0000 ,  0.0000 ,  0.0000 ,  0.0000 ,
  0.0000 ,  0.0000 ,  0.0000 ,  0.0000 ,  0.0000 ,  0.0000 ,
  0.0000 ,  0.0000 ,  0.0000 ,  0.0000 ,  0.0000 ,  0.0000 ,
  0.0000 ,  0.0000 ,  0.0000 ,  0.0000 ,  0.0000 ,  0.0000 ,
  0.0000 ,  0.0000 ,  0.0000 ,  0.0000 ,  0.0000 ,  0.0000 ,
  0.0000 ,  0.0000 ,  0.0000 ,  0.0000 ,  0.0000 ,  0.0000 ,
  0.0000 ,  0.0000 ,  0.0000 ,  0.0000 ,  0.0000 ,  0.0000 ,
  0.0000 ,  0.0000 ,  0.0000 ,  0.0000 ,  0.0000 ,  0.0000 ,
  0.0000 ,  0.0000 ,  0.0000 ,  0.0000 ,  0.0000 ,  0.0000 ,
  0.0000 ,  0.0000 ,  0.0000 ,  0.0000 ,  0.0000 ,  0.0000 ,
  0.0000 ,  0.0000 ,  0.0000 ,  0.0000 ,  0.0000 ,  0.0000 ,
  0.0000 ,  0.0000 ,  0.0000 ,  0.0000 ,  0.0000 ,  0.0000 ,
  0.0000 ,  0.0000 ,  0.0000 ,  0.0000 ,  0.0000 ,  0.0000 ,
  0.0000 ,  0.0000 ,  0.0000 ,  0.0000 ,  0.0000 ,  0.0000 ,
  0.0000 ,  0.0000 ,  0.0000 ,  0.0000 ,  0.0000 ,  0.0000 ,
  0.0000 ,  0.0000 ,  0.0000 ,  0.0000 ,  0.0000 ,  0.0000 ,
  0.0000 ,  0.0000 ,  0.0000 ,  0.0000 ,  0.0000 ,  0.0000 ,
  0.0000 ,  0.0000 ,  0.0000 ,  0.0000 ,  0.0000 ,  0.0000 ,
  0.0000 ,  0.0000 ,  0.0000 ,  0.0000 ,  0.0000 ,  0.0000 ,
  0.0000 ,  0.0000 ,  0.0000 ,  0.0000 ,  0.0000 ,  0.0000 ,
  0.0000 ,  0.0000 ,  0.0000 ,  0.0000 ,  0.0000 ,  0.0000 ,
  0.0000 ,  0.0000 ,  0.0000 ,  0.0000 ,  0.0000 ,  0.0000 ,
  0.0000 ,  0.0000 ,  0.0000 ,  0.0000 ,  0.0000 ,  0.0000 ,
  0.0000 ,  0.0000 ,  0.0000 ,  0.0000 ,  0.0000 ,  0.0000 ,
  0.0000 ,  0.0000 ,  0.0000 ,  0.0000 ,  0.0000 ,  0.0000 ,
  0.0000 ,  0.0000 ,  0.0000 ,  0.0000 ,  0.0000 ,  0.0000 ,
  0.0000 ,  0.0000 ,  0.0000 ,  0.0000 ,  0.0000 ,  0.0000 ,
  0.0000 ,  0.0000 ,  0.0000 ,  0.0000 ,  0.0000 ,  0.0000 ,
  0.0000 ,  0.0000 ,  0.0000 ,  0.0000 ,  0.0000 ,  0.0000 ,
  0.0000 ,  0.0000 ,  0.0000 ,  0.0000 ,  0.0000 ,  0.0000 ,
  0.0000 ,  0.0000 ,  0.0000 ,  0.0000 ,  0.0000 ,  0.0000 ,
  0.0000 ,  0.0000 ,  0.0000 ,  0.0000 ,  0.0000 ,  0.0000 ,
  0.0000 ,  0.0000 ,  0.0000 ,  0.0000 ,  0.0000 ,  0.0000 ,
  0.0000 ,  0.0000 ,  0.0000 ,  0.0000 ,  0.0000 ,  0.0000 ,
  0.0000 ,  0.0000 ,  0.0000 ,  0.0000 ,  0.0000 ,  0.0000 ,
  0.0000 ,  0.0000 ,  0.0000 ,  0.0000 ,  0.0000 ,  0.0000 ,
  0.0000 ,  0.0000 ,  0.0000 ,  0.0000 ,  0.0000 ,  0.0000 ,
  0.0000 ,  0.0000 ,  0.0000 ,  0.0000 ,  0.0000 ,  0.0000 ,
  0.0000 ,  0.0000 ,  0.0000 ,  0.0000 ,  0.0000 ,  0.0000 ,
  0.0000 ,  0.0000 ,  0.0000 ,  0.0000 ,  0.0000 ,  0.0000 ,
  0.0000 ,  0.0000 ,  0.0000 ,  0.0000 ,  0.0000 ,  0.0000 ,
  0.0000 ,  0.0000 ,  0.0000 ,  0.0000 ,  0.0000 ,  0.0000 ,
  0.0000 ,  0.0000 ,  0.0000 ,  0.0000 ,  0.0000 ,  0.0000 ,
  0.0000 ,  0.0000 ,  0.0000 ,  0.0000 ,  0.0000 ,  0.0000 ,
  0.0000 ,  0.0000 ,  0.0000 ,  0.0000 ,  0.0000 ,  0.0000 ,
  0.0000 ,  0.0000 ,  0.0000 ,  0.0000 ,  0.0000 ,  0.0000 ,
  0.0000 ,  0.0000 ,  0.0000 ,  0.0000 ,  0.0000 ,  0.0000 ,
  0.0000 ,  0.0000 ,  0.0000 ,  0.0000 ,  0.0000 ,  0.0000 ,
  0.0000 ,  0.0000 ,  0.0000 ,  0.0000 ,  0.0000 ,  0.0000 ,
  0.0000 ,  0.0000 ,  0.0000 ,  0.0000 ,  0.0000 ,  0.0000 ,
  0.0000 ,  0.0000 ,  0.0000 ,  0.0000 ,  0.0000 ,  0.0000 ,
  0.0000 ,  0.0000 ,  0.0000 ,  0.0000 ,  0.0000 ,  0.0000 ,
  0.0000 ,  0.0000 ,  0.0000 ,  0.0000 ,  0.0000 ,  0.0000 ,
  0.0000 ,  0.0000 ,  0.0000 ,  0.0000 ,  0.0000 ,  0.0000 ,
  0.0000 ,  0.0000 ,  0.0000 ,  0.0000 ,  0.0000 ,  0.0000 ,
  0.0000 ,  0.0000 ,  0.0000 ,  0.0000 ,  0.0000 ,  0.0000 ,
  0.0000 ,  0.0000 ,  0.0000 ,  0.0000 ,  0.0000 ,  0.0000 ,
  0.0000 ,  0.0000 ,  0.0000 ,  0.0000 ,  0.0000 ,  0.0000 ,
  0.0000 ,  0.0000 ,  0.0000 ,  0.0000 ,  0.0000 ,  0.0000 ,
  0.0000 ,  0.0000 ,  0.0000 ,  0.0000 ,  0.0000 ,  0.0000 ,
  0.0000 ,  0.0000 ,  0.0000 ,  0.0000 ,  0.0000 ,  0.0000 ,
  0.0000 ,  0.0000 ,  0.0000 ,  0.0000 ,  0.0000 ,  0.0000 ,
  0.0000 ,  0.0000 ,  0.0000 ,  0.0000 ,  0.0000 ,  0.0000 ,
  0.0000 ,  0.0000 ,  0.0000 ,  0.0000 ,  0.0000 ,  0.0000 ,
  0.0000 ,  0.0000 ,  0.0000 ,  0.0000 ,  0.0000 ,  0.0000 ,
  0.0000 ,  0.0000 ,  0.0000 ,  0.0000 ,  0.0000 ,  0.0000 ,
  0.0000 ,  0.0000 ,  0.0000 ,  0.0000 ,  0.0000 ,  0.0000 ,
  0.0000 ,  0.0000 ,  0.0000 ,  0.0000 ,  0.0000 ,  0.0000 ,
  0.0000 ,  0.0000 ,  0.0000 ,  0.0000 ,  0.0000 ,  0.0000 ,
  0.0000 ,  0.0000 ,  0.0000 ,  0.0000 ,  0.0000 ,  0.0000 ,
  0.0000 ,  0.0000 ,  0.0000 ,  0.0000 ,  0.0000 ,  0.0000 ,
  0.0000 ,  0.0000 ,  0.0000 ,  0.0000 ,  0.0000 ,  0.0000 ,
  0.0000 ,  0.0000 ,  0.0000 ,  0.0000 ,  0.0000 ,  0.0000 ,
  0.0000 ,  0.0000 ,  0.0000 ,  0.0000 ,  0.0000 ,  0.0000 ,
  0.0000 ,  0.0000 ,  0.0000 ,  0.0000 ,  0.0000 ,  0.0000 ,
  0.0000 ,  0.0000 ,  0.0000 ,  0.0000 ,  0.0000 ,  0.0000 ,
  0.0000 ,  0.0000 ,  0.0000 ,  0.0000 ,  0.0000 ,  0.0000 ,
  0.0000 ,  0.0000 ,  0.0000 ,  0.0000 ,  0.0000 ,  0.0000 ,
  0.0000 ,  0.0000 ,  0.0000 ,  0.0000 ,  0.0000 ,  0.0000 ,
  0.0000 ,  0.0000 ,  0.0000 ,  0.0000 ,  0.0000 ,  0.0000 ,
  0.0000 ,  0.0000 ,  0.0000 ,  0.0000 ,  0.0000 ,  0.0000 ,
  0.0000 ,  0.0000 ,  0.0000 ,  0.0000 ,  0.0000 ,  0.0000 ,
  0.0000 ,  0.0000 ,  0.0000 ,  0.0000 ,  0.0000 ,  0.0000 ,
  0.0000 ,  0.0000 ,  0.0000 ,  0.0000 ,  0.0000 ,  0.0000 ,
  0.0000 ,  0.0000 ,  0.0000 ,  0.0000 ,  0.0000 ,  0.0000 ,
  0.0000 ,  0.0000 ,  0.0000 ,  0.0000 ,  0.0000 ,  0.0000 ,
  0.0000 ,  0.0000 ,  0.0000 ,  0.0000 ,  0.0000 ,  0.0000 ,
  0.0000 ,  0.0000 ,  0.0000 ,  0.0000 ,  0.0000 ,  0.0000 ,
  0.0000 ,  0.0000 ,  0.0000 ,  0.0000 ,  0.0000 ,  0.0000 ,
  0.0000 ,  0.0000 ,  0.0000 ,  0.0000 ,  0.0000 ,  0.0000 ,
  0.0000 ,  0.0000 ,  0.0000 ,  0.0000 ,  0.0000 ,  0.0000 ,
  0.0000 ,  0.0000 ,  0.0000 ,  0.0000 ,  0.0000 ,  0.0000 ,
  0.0000 ,  0.0000 ,  0.0000 ,  0.0000 ,  0.0000 ,  0.0000 ,
  0.0000 ,  0.0000 ,  0.0000 ,  0.0000 ,  0.0000 ,  0.0000 ,
  0.0000 ,  0.0000 ,  0.0000 ,  0.0000 ,  0.0000 ,  0.0000 ,
  0.0000 ,  0.0000 ,  0.0000 ,  0.0000 ,  0.0000 ,  0.0000 ,
  0.0000 ,  0.0000 ,  0.0000 ,  0.0000 ,  0.0000 ,  0.0000 ,
  0.0000 ,  0.0000 ,  0.0000 ,  0.0000 ,  0.0000 ,  0.0000 ,
  0.0000 ,  0.0000 ,  0.0000 ,  0.0000 ,  0.0000 ,  0.0000 ,
  0.0000 ,  0.0000 ,  0.0000 ,  0.0000 ,  0.0000 ,  0.0000 ,
  0.0000 ,  0.0000 ,  0.0000 ,  0.0000 ,  0.0000 ,  0.0000 ,
  0.0000 ,  0.0000 ,  0.0000 ,  0.0000 ,  0.0000 ,  0.0000 ,
  0.0000 ,  0.0000 ,  0.0000 ,  0.0000 ,  0.0000 ,  0.0000 ,
  0.0000 ,  0.0000 ,  0.0000 ,  0.0000 ,  0.0000 ,  0.0000 ,
  0.0000 ,  0.0000 ,  0.0000 ,  0.0000 ,  0.0000 ,  0.0000 ,
  0.0000 ,  0.0000 ,  0.0000 ,  0.0000 ,  0.0000 ,  0.0000 ,
  0.0000 ,  0.0000 ,  0.0000 ,  0.0000 ,  0.0000 ,  0.0000 ,
  0.0000 ,  0.0000 ,  0.0000 ,  0.0000 ,  0.0000 ,  0.0000 ,
  0.0000 ,  0.0000 ,  0.0000 ,  0.0000 ,  0.0000 ,  0.0000 ,
  0.0000 ,  0.0000 ,  0.0000 ,  0.0000 ,  0.0000 ,  0.0000 ,
  0.0000 ,  0.0000 ,  0.0000 ,  0.0000 ,  0.0000 ,  0.0000 ,
  0.0000 ,  0.0000 ,  0.0000 ,  0.0000 ,  0.0000 ,  0.0000 ,
  0.0000 ,  0.0000 ,  0.0000 ,  0.0000 ,  0.0000 ,  0.0000 ,
  0.0000 ,  0.0000 ,  0.0000 ,  0.0000 ,  0.0000 ,  0.0000 ,
  0.0000 ,  0.0000 ,  0.0000 ,  0.0000 ,  0.0000 ,  0.0000 ,
  0.0000 ,  0.0000 ,  0.0000 ,  0.0000 ,  0.0000 ,  0.0000 ,
  0.0000 ,  0.0000 ,  0.0000 ,  0.0000 ,  0.0000 ,  0.0000 ,
  0.0000 ,  0.0000 ,  0.0000 ,  0.0000 ,  0.0000 ,  0.0000 ,
  0.0000 ,  0.0000 ,  0.0000 ,  0.0000 ,  0.0000 ,  0.0000 ,
  0.0000 ,  0.0000 ,  0.0000 ,  0.0000 ,  0.0000 ,  0.0000 ,
  0.0000 ,  0.0000 ,  0.0000 ,  0.0000 ,  0.0000 ,  0.0000 ,
  0.0000 ,  0.0000 ,  0.0000 ,  0.0000 ,  0.0000 ,  0.0000 ,
  0.0000 ,  0.0000 ,  0.0000 ,  0.0000 ,  0.0000 ,  0.0000 ,
  0.0000 ,  0.0000 ,  0.0000 ,  0.0000 ,  0.0000 ,  0.0000 ,
  0.0000 ,  0.0000 ,  0.0000 ,  0.0000 ,  0.0000 ,  0.0000 ,
  0.0000 ,  0.0000 ,  0.0000 ,  0.0000 ,  0.0000 ,  0.0000 ,
  0.0000 ,  0.0000 ,  0.0000 ,  0.0000 ,  0.0000 ,  0.0000 ,
  0.0000 ,  0.0000 ,  0.0000 ,  0.0000 ,  0.0000 ,  0.0000 ,
  0.0000 ,  0.0000 ,  0.0000 ,  0.0000 ,  0.0000 ,  0.0000 ,
  0.0000 ,  0.0000 ,  0.0000 ,  0.0000 ,  0.0000 ,  0.0000 ,
  0.0000 ,  0.0000 ,  0.0000 ,  0.0000 ,  0.0000 ,  0.0000 ,
  0.0000 ,  0.0000 ,  0.0000 ,  0.0000 ,  0.0000 ,  0.0000 ,
  0.0000 ,  0.0000 ,  0.0000 ,  0.0000 ,  0.0000 ,  0.0000 ,
  0.0000 ,  0.0000 ,  0.0000 ,  0.0000 ,  0.0000 ,  0.0000 ,
  0.0000 ,  0.0000 ,  0.0000 ,  0.0000 ,  0.0000 ,  0.0000 ,
  0.0000 ,  0.0000 ,  0.0000 ,  0.0000 ,  0.0000 ,  0.0000 ,
  0.0000 ,  0.0000 ,  0.0000 ,  0.0000 ,  0.0000 ,  0.0000 ,
  0.0000 ,  0.0000 ,  0.0000 ,  0.0000 ,  0.0000 ,  0.0000 ,
  0.0000 ,  0.0000 ,  0.0000 ,  0.0000 ,  0.0000 ,  0.0000 ,
  0.0000 ,  0.0000 ,  0.0000 ,  0.0000 ,  0.0000 ,  0.0000 ,
  0.0000 ,  0.0000 ,  0.0000 ,  0.0000 ,  0.0000 ,  0.0000 ,
  0.0000 ,  0.0000 ,  0.0000 ,  0.0000 ,  0.0000 ,  0.0000 ,
  0.0000 ,  0.0000 ,  0.0000 ,  0.0000 ,  0.0000 ,  0.0000 ,
  0.0000 ,  0.0000 ,  0.0000 ,  0.0000 ,  0.0000 ,  0.0000 ,
  0.0000 ,  0.0000 ,  0.0000 ,  0.0000 ,  0.0000 ,  0.0000 ,
  0.0000 ,  0.0000 ,  0.0000 ,  0.0000 ,  0.0000 ,  0.0000 ,
  0.0000 ,  0.0000 ,  0.0000 ,  0.0000 ,  0.0000 ,  0.0000 ,
  0.0000 ,  0.0000 ,  0.0000 ,  0.0000 ,  0.0000 ,  0.0000 ,
  0.0000 ,  0.0000 ,  0.0000 ,  0.0000 ,  0.0000 ,  0.0000 ,
  0.0000 ,  0.0000 ,  0.0000 ,  0.0000 ,  0.0000 ,  0.0000 ,
  0.0000 ,  0.0000 ,  0.0000 ,  0.0000 ,  0.0000 ,  0.0000 ,
  0.0000 ,  0.0000 ,  0.0000 ,  0.0000 ,  0.0000 ,  0.0000 ,
  0.0000 ,  0.0000 ,  0.0000 ,  0.0000 ,  0.0000 ,  0.0000 ,
  0.0000 ,  0.0000 ,  0.0000 ,  0.0000 ,  0.0000 ,  0.0000 ,
  0.0000 ,  0.0000 ,  0.0000 ,  0.0000 ,  0.0000 ,  0.0000 ,
  0.0000 ,  0.0000 ,  0.0000 ,  0.0000 ,  0.0000 ,  0.0000 ,
  0.0000 ,  0.0000 ,  0.0000 ,  0.0000 ,  0.0000 ,  0.0000 ,
  0.0000 ,  0.0000 ,  0.0000 ,  0.0000 ,  0.0000 ,  0.0000 ,
  0.0000 ,  0.0000 ,  0.0000 ,  0.0000 ,  0.0000 ,  0.0000 ,
  0.0000 ,  0.0000 ,  0.0000 ,  0.0000 ,  0.0000 ,  0.0000 ,
  0.0000 ,  0.0000 ,  0.0000 ,  0.0000 ,  0.0000 ,  0.0000 ,
  0.0000 ,  0.0000 ,  0.0000 ,  0.0000 ,  0.0000 ,  0.0000 ,
  0.0000 ,  0.0000 ,  0.0000 ,  0.0000 ,  0.0000 ,  0.0000 ,
  0.0000 ,  0.0000 ,  0.0000 ,  0.0000 ,  0.0000 ,  0.0000 ,
  0.0000 ,  0.0000 ,  0.0000 ,  0.0000 ,  0.0000 ,  0.0000 ,
  0.0000 ,  0.0000 ,  0.0000 ,  0.0000 ,  0.0000 ,  0.0000 ,
  0.0000 ,  0.0000 ,  0.0000 ,  0.0000 ,  0.0000 ,  0.0000 ,
  0.0000 ,  0.0000 ,  0.0000 ,  0.0000 ,  0.0000 ,  0.0000 ,
  0.0000 ,  0.0000 ,  0.0000 ,  0.0000 ,  0.0000 ,  0.0000 ,
  0.0000 ,  0.0000 ,  0.0000 ,  0.0000 ,  0.0000 ,  0.0000 ,
  0.0000 ,  0.0000 ,  0.0000 ,  0.0000 ,  0.0000 ,  0.0000 ,
  0.0000 ,  0.0000 ,  0.0000 ,  0.0000 ,  0.0000 ,  0.0000 ,
  0.0000 ,  0.0000 ,  0.0000 ,  0.0000 ,  0.0000 ,  0.0000 ,
  0.0000 ,  0.0000 ,  0.0000 ,  0.0000 ,  0.0000 ,  0.0000 ,
  0.0000 ,  0.0000 ,  0.0000 ,  0.0000 ,  0.0000 ,  0.0000 ,
  0.0000 ,  0.0000 ,  0.0000 ,  0.0000 ,  0.0000 ,  0.0000 ,
  0.0000 ,  0.0000 ,  0.0000 ,  0.0000 ,  0.0000 ,  0.0000 ,
  0.0000 ,  0.0000 ,  0.0000 ,  0.0000 ,  0.0000 ,  0.0000 ,
  0.0000 ,  0.0000 ,  0.0000 ,  0.0000 ,  0.0000 ,  0.0000 ,
  0.0000 ,  0.0000 ,  0.0000 ,  0.0000 ,  0.0000 ,  0.0000 ,
  0.0000 ,  0.0000 ,  0.0000 ,  0.0000 ,  0.0000 ,  0.0000 ,
  0.0000 ,  0.0000 ,  0.0000 ,  0.0000 ,  0.0000 ,  0.0000 ,
  0.0000 ,  0.0000 ,  0.0000 ,  0.0000 ,  0.0000 ,  0.0000 ,
  0.0000 ,  0.0000 ,  0.0000 ,  0.0000 ,  0.0000 ,  0.0000 ,
  0.0000 ,  0.0000 ,  0.0000 ,  0.0000 ,  0.0000 ,  0.0000 ,
  0.0000 ,  0.0000 ,  0.0000 ,  0.0000 ,  0.0000 ,  0.0000 ,
  0.0000 ,  0.0000 ,  0.0000 ,  0.0000 ,  0.0000 ,  0.0000 ,
  0.0000 ,  0.0000 ,  0.0000 ,  0.0000 ,  0.0000 ,  0.0000 ,
  0.0000 ,  0.0000 ,  0.0000 ,  0.0000 ,  0.0000 ,  0.0000 ,
  0.0000 ,  0.0000 ,  0.0000 ,  0.0000 ,  0.0000 ,  0.0000 ,
  0.0000 ,  0.0000 ,  0.0000 ,  0.0000 ,  0.0000 ,  0.0000 ,
  0.0000 ,  0.0000 ,  0.0000 ,  0.0000 ,  0.0000 ,  0.0000 ,
  0.0000 ,  0.0000 ,  0.0000 ,  0.0000 ,  0.0000 ,  0.0000 ,
  0.0000 ,  0.0000 ,  0.0000 ,  0.0000 ,  0.0000 ,  0.0000 ,
  0.0000 ,  0.0000 ,  0.0000 ,  0.0000 ,  0.0000 ,  0.0000 ,
  0.0000 ,  0.0000 ,  0.0000 ,  0.0000 ,  0.0000 ,  0.0000 ,
  0.0000 ,  0.0000 ,  0.0000 ,  0.0000 ,  0.0000 ,  0.0000 ,
  0.0000 ,  0.0000 ,  0.0000 ,  0.0000 ,  0.0000 ,  0.0000 ,
  0.0000 ,  0.0000 ,  0.0000 ,  0.0000 ,  0.0000 ,  0.0000 ,
  0.0000 ,  0.0000 ,  0.0000 ,  0.0000 ,  0.0000 ,  0.0000 ,
  0.0000 ,  0.0000 ,  0.0000 ,  0.0000 ,  0.0000 ,  0.0000 ,
  0.0000 ,  0.0000 ,  0.0000 ,  0.0000 ,  0.0000 ,  0.0000 ,
  0.0000 ,  0.0000 ,  0.0000 ,  0.0000 ,  0.0000 ,  0.0000 ,
  0.0000 ,  0.0000 ,  0.0000 ,  0.0000 ,  0.0000 ,  0.0000 ,
  0.0000 ,  0.0000 ,  0.0000 ,  0.0000 ,  0.0000 ,  0.0000 ,
  0.0000 ,  0.0000 ,  0.0000 ,  0.0000 ,  0.0000 ,  0.0000 ,
  0.0000 ,  0.0000 ,  0.0000 ,  0.0000 ,  0.0000 ,  0.0000 ,
  0.0000 ,  0.0000 ,  0.0000 ,  0.0000 ,  0.0000 ,  0.0000 ,
  0.0000 ,  0.0000 ,  0.0000 ,  0.0000 ,  0.0000 ,  0.0000 ,
  0.0000 ,  0.0000 ,  0.0000 ,  0.0000 ,  0.0000 ,  0.0000 ,
  0.0000 ,  0.0000 ,  0.0000 ,  0.0000 ,  0.0000 ,  0.0000 ,
  0.0000 ,  0.0000 ,  0.0000 ,  0.0000 ,  0.0000 ,  0.0000 ,
  0.0000 ,  0.0000 ,  0.0000 ,  0.0000 ,  0.0000 ,  0.0000 ,
  0.0000 ,  0.0000 ,  0.0000 ,  0.0000 ,  0.0000 ,  0.0000 ,
  0.0000 ,  0.0000 ,  0.0000 ,  0.0000 ,  0.0000 ,  0.0000 ,
  0.0000 ,  0.0000 ,  0.0000 ,  0.0000 ,  0.0000 ,  0.0000 ,
  0.0000 ,  0.0000 ,  0.0000 ,  0.0000 ,  0.0000 ,  0.0000 ,
  0.0000 ,  0.0000 ,  0.0000 ,  0.0000 ,  0.0000 ,  0.0000 ,
  0.0000 ,  0.0000 ,  0.0000 ,  0.0000 ,  0.0000 ,  0.0000 ,
  0.0000 ,  0.0000 ,  0.0000 ,  0.0000 ,  0.0000 ,  0.0000 ,
  0.0000 ,  0.0000 ,  0.0000 ,  0.0000 ,  0.0000 ,  0.0000 ,
  0.0000 ,  0.0000 ,  0.0000 ,  0.0000 ,  0.0000 ,  0.0000 ,
  0.0000 ,  0.0000 ,  0.0000 ,  0.0000 ,  0.0000 ,  0.0000 ,
  0.0000 ,  0.0000 ,  0.0000 ,  0.0000 ,  0.0000 ,  0.0000 ,
  0.0000 ,  0.0000 ,  0.0000 ,  0.0000 ,  0.0000 ,  0.0000 ,
  0.0000 ,  0.0000 ,  0.0000 ,  0.0000 ,  0.0000 ,  0.0000 ,
  0.0000 ,  0.0000 ,  0.0000 ,  0.0000 ,  0.0000 ,  0.0000 ,
  0.0000 ,  0.0000 ,  0.0000 ,  0.0000 ,  0.0000 ,  0.0000 ,
  0.0000 ,  0.0000 ,  0.0000 ,  0.0000 ,  0.0000 ,  0.0000 ,
  0.0000 ,  0.0000 ,  0.0000 ,  0.0000 ,  0.0000 ,  0.0000 ,
  0.0000 ,  0.0000 ,  0.0000 ,  0.0000 ,  0.0000 ,  0.0000 ,
  0.0000 ,  0.0000 ,  0.0000 ,  0.0000 ,  0.0000 ,  0.0000 ,
  0.0000 ,  0.0000 ,  0.0000 ,  0.0000 ,  0.0000 ,  0.0000 ,
  0.0000 ,  0.0000 ,  0.0000 ,  0.0000 ,  0.0000 ,  0.0000 ,
  0.0000 ,  0.0000 ,  0.0000 ,  0.0000 ,  0.0000 ,  0.0000 ,
  0.0000 ,  0.0000 ,  0.0000 ,  0.0000 ,  0.0000 ,  0.0000 ,
  0.0000 ,  0.0000 ,  0.0000 ,  0.0000 ,  0.0000 ,  0.0000 ,
  0.0000 ,  0.0000 ,  0.0000 ,  0.0000 ,  0.0000 ,  0.0000 ,
  0.0000 ,  0.0000 ,  0.0000 ,  0.0000 ,  0.0000 ,  0.0000 ,
  0.0000 ,  0.0000 ,  0.0000 ,  0.0000 ,  0.0000 ,  0.0000 ,
  0.0000 ,  0.0000 ,  0.0000 ,  0.0000 ,  0.0000 ,  0.0000 ,
  0.0000 ,  0.0000 ,  0.0000 ,  0.0000 ,  0.0000 ,  0.0000 ,
  0.0000 ,  0.0000 ,  0.0000 ,  0.0000 ,  0.0000 ,  0.0000 ,
  0.0000 ,  0.0000 ,  0.0000 ,  0.0000 ,  0.0000 ,  0.0000 ,
  0.0000 ,  0.0000 ,  0.0000 ,  0.0000 ,  0.0000 ,  0.0000 ,
  0.0000 ,  0.0000 ,  0.0000 ,  0.0000 ,  0.0000 ,  0.0000 ,
  0.0000 ,  0.0000 ,  0.0000 ,  0.0000 ,  0.0000 ,  0.0000 ,
  0.0000 ,  0.0000 ,  0.0000 ,  0.0000 ,  0.0000 ,  0.0000 ,
  0.0000 ,  0.0000 ,  0.0000 ,  0.0000 ,  0.0000 ,  0.0000 ,
  0.0000 ,  0.0000 ,  0.0000 ,  0.0000 ,  0.0000 ,  0.0000 ,
  0.0000 ,  0.0000 ,  0.0000 ,  0.0000 ,  0.0000 ,  0.0000 ,
  0.0000 ,  0.0000 ,  0.0000 ,  0.0000 ,  0.0000 ,  0.0000 ,
  0.0000 ,  0.0000 ,  0.0000 ,  0.0000 ,  0.0000 ,  0.0000 ,
  0.0000 ,  0.0000 ,  0.0000 ,  0.0000 ,  0.0000 ,  0.0000 ,
  0.0000 ,  0.0000 ,  0.0000 ,  0.0000 ,  0.0000 ,  0.0000 ,
  0.0000 ,  0.0000 ,  0.0000 ,  0.0000 ,  0.0000 ,  0.0000 ,
  0.0000 ,  0.0000 ,  0.0000 ,  0.0000 ,  0.0000 ,  0.0000 ,
  0.0000 ,  0.0000 ,  0.0000 ,  0.0000 ,  0.0000 ,  0.0000 ,
  0.0000 ,  0.0000 ,  0.0000 ,  0.0000 ,  0.0000 ,  0.0000 ,
  0.0000 ,  0.0000 ,  0.0000 ,  0.0000 ,  0.0000 ,  0.0000 ,
  0.0000 ,  0.0000 ,  0.0000 ,  0.0000 ,  0.0000 ,  0.0000 ,
  0.0000 ,  0.0000 ,  0.0000 ,  0.0000 ,  0.0000 ,  0.0000 ,
  0.0000 ,  0.0000 ,  0.0000 ,  0.0000 ,  0.0000 ,  0.0000 ,
  0.0000 ,  0.0000 ,  0.0000 ,  0.0000 ,  0.0000 ,  0.0000 ,
  0.0000 ,  0.0000 ,  0.0000 ,  0.0000 ,  0.0000 ,  0.0000 ,
  0.0000 ,  0.0000 ,  0.0000 ,  0.0000 ,  0.0000 ,  0.0000 ,
  0.0000 ,  0.0000 ,  0.0000 ,  0.0000 ,  0.0000 ,  0.0000 ,
  0.0000 ,  0.0000 ,  0.0000 ,  0.0000 ,  0.0000 ,  0.0000 ,
  0.0000 ,  0.0000 ,  0.0000 ,  0.0000 ,  0.0000 ,  0.0000 ,
  0.0000 ,  0.0000 ,  0.0000 ,  0.0000 ,  0.0000 ,  0.0000 ,
  0.0000 ,  0.0000 ,  0.0000 ,  0.0000 ,  0.0000 ,  0.0000 ,
  0.0000 ,  0.0000 ,  0.0000 ,  0.0000 ,  0.0000 ,  0.0000 ,
  0.0000 ,  0.0000 ,  0.0000 ,  0.0000 ,  0.0000 ,  0.0000 ,
  0.0000 ,  0.0000 ,  0.0000 ,  0.0000 ,  0.0000 ,  0.0000 ,
  0.0000 ,  0.0000 ,  0.0000 ,  0.0000 ,  0.0000 ,  0.0000 ,
  0.0000 ,  0.0000 ,  0.0000 ,  0.0000 ,  0.0000 ,  0.0000 ,
  0.0000 ,  0.0000 ,  0.0000 ,  0.0000 ,  0.0000 ,  0.0000 ,
  0.0000 ,  0.0000 ,  0.0000 ,  0.0000 ,  0.0000 ,  0.0000 ,
  0.0000 ,  0.0000 ,  0.0000 ,  0.0000 ,  0.0000 ,  0.0000 ,
  0.0000 ,  0.0000 ,  0.0000 ,  0.0000 ,  0.0000 ,  0.0000 ,
  0.0000 ,  0.0000 ,  0.0000 ,  0.0000 ,  0.0000 ,  0.0000 ,
  0.0000 ,  0.0000 ,  0.0000 ,  0.0000 ,  0.0000 ,  0.0000 ,
  0.0000 ,  0.0000 ,  0.0000 ,  0.0000 ,  0.0000 ,  0.0000 ,
  0.0000 ,  0.0000 ,  0.0000 ,  0.0000 ,  0.0000 ,  0.0000 ,
  0.0000 ,  0.0000 ,  0.0000 ,  0.0000 ,  0.0000 ,  0.0000 ,
  0.0000 ,  0.0000 ,  0.0000 ,  0.0000 ,  0.0000 ,  0.0000 ,
  0.0000 ,  0.0000 ,  0.0000 ,  0.0000 ,  0.0000 ,  0.0000 ,
  0.0000 ,  0.0000 ,  0.0000 ,  0.0000 ,  0.0000 ,  0.0000 ,
  0.0000 ,  0.0000 ,  0.0000 ,  0.0000 ,  0.0000 ,  0.0000 ,
  0.0000 ,  0.0000 ,  0.0000 ,  0.0000 ,  0.0000 ,  0.0000 ,
  0.0000 ,  0.0000 ,  0.0000 ,  0.0000 ,  0.0000 ,  0.0000 ,
  0.0000 ,  0.0000 ,  0.0000 ,  0.0000 ,  0.0000 ,  0.0000 ,
  0.0000 ,  0.0000 ,  0.0000 ,  0.0000 ,  0.0000 ,  0.0000 ,
  0.0000 ,  0.0000 ,  0.0000 ,  0.0000 ,  0.0000 ,  0.0000 ,
  0.0000 ,  0.0000 ,  0.0000 ,  0.0000 ,  0.0000 ,  0.0000 ,
  0.0000 ,  0.0000 ,  0.0000 ,  0.0000 ,  0.0000 ,  0.0000 ,
  0.0000 ,  0.0000 ,  0.0000 ,  0.0000 ,  0.0000 ,  0.0000 ,
  0.0000 ,  0.0000 ,  0.0000 ,  0.0000 ,  0.0000 ,  0.0000 ,
  0.0000 ,  0.0000 ,  0.0000 ,  0.0000 ,  0.0000 ,  0.0000 ,
  0.0000 ,  0.0000 ,  0.0000 ,  0.0000 ,  0.0000 ,  0.0000 ,
  0.0000 ,  0.0000 ,  0.0000 ,  0.0000 ,  0.0000 ,  0.0000 ,
  0.0000 ,  0.0000 ,  0.0000 ,  0.0000 ,  0.0000 ,  0.0000 ,
  0.0000 ,  0.0000 ,  0.0000 ,  0.0000 ,  0.0000 ,  0.0000 ,
  0.0000 ,  0.0000 ,  0.0000 ,  0.0000 ,  0.0000 ,  0.0000 ,
  0.0000 ,  0.0000 ,  0.0000 ,  0.0000 ,  0.0000 ,  0.0000 ,
  0.0000 ,  0.0000 ,  0.0000 ,  0.0000 ,  0.0000 ,  0.0000 ,
  0.0000 ,  0.0000 ,  0.0000 ,  0.0000 ,  0.0000 ,  0.0000 ,
  0.0000 ,  0.0000 ,  0.0000 ,  0.0000 ,  0.0000 ,  0.0000 ,
  0.0000 ,  0.0000 ,  0.0000 ,  0.0000 ,  0.0000 ,  0.0000 ,
  0.0000 ,  0.0000 ,  0.0000 ,  0.0000 ,  0.0000 ,  0.0000 ,
  0.0000 ,  0.0000 ,  0.0000 ,  0.0000 ,  0.0000 ,  0.0000 ,
  0.0000 ,  0.0000 ,  0.0000 ,  0.0000 ,  0.0000 ,  0.0000 ,
  0.0000 ,  0.0000 ,  0.0000 ,  0.0000 ,  0.0000 ,  0.0000 ,
  0.0000 ,  0.0000 ,  0.0000 ,  0.0000 ,  0.0000 ,  0.0000 ,
  0.0000 ,  0.0000 ,  0.0000 ,  0.0000 ,  0.0000 ,  0.0000 ,
  0.0000 ,  0.0000 ,  0.0000 ,  0.0000 ,  0.0000 ,  0.0000 ,
  0.0000 ,  0.0000 ,  0.0000 ,  0.0000 ,  0.0000 ,  0.0000 ,
  0.0000 ,  0.0000 ,  0.0000 ,  0.0000 ,  0.0000 ,  0.0000 ,
  0.0000 ,  0.0000 ,  0.0000 ,  0.0000 ,  0.0000 ,  0.0000 ,
  0.0000 ,  0.0000 ,  0.0000 ,  0.0000 ,  0.0000 ,  0.0000 ,
  0.0000 ,  0.0000 ,  0.0000 ,  0.0000 ,  0.0000 ,  0.0000 ,
  0.0000 ,  0.0000 ,  0.0000 ,  0.0000 ,  0.0000 ,  0.0000 ,
  0.0000 ,  0.0000 ,  0.0000 ,  0.0000 ,  0.0000 ,  0.0000 ,
  0.0000 ,  0.0000 ,  0.0000 ,  0.0000 ,  0.0000 ,  0.0000 ,
  0.0000 ,  0.0000 ,  0.0000 ,  0.0000 ,  0.0000 ,  0.0000 ,
  0.0000 ,  0.0000 ,  0.0000 ,  0.0000 ,  0.0000 ,  0.0000 ,
  0.0000 ,  0.0000 ,  0.0000 ,  0.0000 ,  0.0000 ,  0.0000 ,
  0.0000 ,  0.0000 ,  0.0000 ,  0.0000 ,  0.0000 ,  0.0000 ,
  0.0000 ,  0.0000 ,  0.0000 ,  0.0000 ,  0.0000 ,  0.0000 ,
  0.0000 ,  0.0000 ,  0.0000 ,  0.0000 ,  0.0000 ,  0.0000 ,
  0.0000 ,  0.0000 ,  0.0000 ,  0.0000 ,  0.0000 ,  0.0000 ,
  0.0000 ,  0.0000 ,  0.0000 ,  0.0000 ,  0.0000 ,  0.0000 ,
  0.0000 ,  0.0000 ,  0.0000 ,  0.0000 ,  0.0000 ,  0.0000 ,
  0.0000 ,  0.0000 ,  0.0000 ,  0.0000 ,  0.0000 ,  0.0000 ,
  0.0000 ,  0.0000 ,  0.0000 ,  0.0000 ,  0.0000 ,  0.0000 ,
  0.0000 ,  0.0000 ,  0.0000 ,  0.0000 ,  0.0000 ,  0.0000 ,
  0.0000 ,  0.0000 ,  0.0000 ,  0.0000 ,  0.0000 ,  0.0000 ,
  0.0000 ,  0.0000 ,  0.0000 ,  0.0000 ,  0.0000 ,  0.0000 ,
  0.0000 ,  0.0000 ,  0.0000 ,  0.0000 ,  0.0000 ,  0.0000 ,
  0.0000 ,  0.0000 ,  0.0000 ,  0.0000 ,  0.0000 ,  0.0000 ,
  0.0000 ,  0.0000 ,  0.0000 ,  0.0000 ,  0.0000 ,  0.0000 ,
  0.0000 ,  0.0000 ,  0.0000 ,  0.0000 ,  0.0000 ,  0.0000 ,
  0.0000 ,  0.0000 ,  0.0000 ,  0.0000 ,  0.0000 ,  0.0000 ,
  0.0000 ,  0.0000 ,  0.0000 ,  0.0000 ,  0.0000 ,  0.0000 ,
  0.0000 ,  0.0000 ,  0.0000 ,  0.0000 ,  0.0000 ,  0.0000 ,
  0.0000 ,  0.0000 ,  0.0000 ,  0.0000 ,  0.0000 ,  0.0000 ,
  0.0000 ,  0.0000 ,  0.0000 ,  0.0000 ,  0.0000 ,  0.0000 ,
  0.0000 ,  0.0000 ,  0.0000 ,  0.0000 ,  0.0000 ,  0.0000 ,
  0.0000 ,  0.0000 ,  0.0000 ,  0.0000 ,  0.0000 ,  0.0000 ,
  0.0000 ,  0.0000 ,  0.0000 ,  0.0000 ,  0.0000 ,  0.0000 ,
  0.0000 ,  0.0000 ,  0.0000 ,  0.0000 ,  0.0000 ,  0.0000 ,
  0.0000 ,  0.0000 ,  0.0000 ,  0.0000 ,  0.0000 ,  0.0000 ,
  0.0000 ,  0.0000 ,  0.0000 ,  0.0000 ,  0.0000 ,  0.0000 ,
  0.0000 ,  0.0000 ,  0.0000 ,  0.0000 ,  0.0000 ,  0.0000 ,
  0.0000 ,  0.0000 ,  0.0000 ,  0.0000 ,  0.0000 ,  0.0000 ,
  0.0000 ,  0.0000 ,  0.0000 ,  0.0000 ,  0.0000 ,  0.0000 ,
  0.0000 ,  0.0000 ,  0.0000 ,  0.0000 ,  0.0000 ,  0.0000 ,
  0.0000 ,  0.0000 ,  0.0000 ,  0.0000 ,  0.0000 ,  0.0000 ,
  0.0000 ,  0.0000 ,  0.0000 ,  0.0000 ,  0.0000 ,  0.0000 ,
  0.0000 ,  0.0000 ,  0.0000 ,  0.0000 ,  0.0000 ,  0.0000 ,
  0.0000 ,  0.0000 ,  0.0000 ,  0.0000 ,  0.0000 ,  0.0000 ,
  0.0000 ,  0.0000 ,  0.0000 ,  0.0000 ,  0.0000 ,  0.0000 ,
  0.0000 ,  0.0000 ,  0.0000 ,  0.0000 ,  0.0000 ,  0.0000 ,
  0.0000 ,  0.0000 ,  0.0000 ,  0.0000 ,  0.0000 ,  0.0000 ,
  0.0000 ,  0.0000 ,  0.0000 ,  0.0000 ,  0.0000 ,  0.0000 ,
  0.0000 ,  0.0000 ,  0.0000 ,  0.0000 ,  0.0000 ,  0.0000 ,
  0.0000 ,  0.0000 ,  0.0000 ,  0.0000 ,  0.0000 ,  0.0000 ,
  0.0000 ,  0.0000 ,  0.0000 ,  0.0000 ,  0.0000 ,  0.0000 ,
  0.0000 ,  0.0000 ,  0.0000 ,  0.0000 ,  0.0000 ,  0.0000 ,
  0.0000 ,  0.0000 ,  0.0000 ,  0.0000 ,  0.0000 ,  0.0000 ,
  0.0000 ,  0.0000 ,  0.0000 ,  0.0000 ,  0.0000 ,  0.0000 ,
  0.0000 ,  0.0000 ,  0.0000 ,  0.0000 ,  0.0000 ,  0.0000 ,
  0.0000 ,  0.0000 ,  0.0000 ,  0.0000 ,  0.0000 ,  0.0000 ,
  0.0000 ,  0.0000 ,  0.0000 ,  0.0000 ,  0.0000 ,  0.0000 ,
  0.0000 ,  0.0000 ,  0.0000 ,  0.0000 ,  0.0000 ,  0.0000 ,
  0.0000 ,  0.0000 ,  0.0000 ,  0.0000 ,  0.0000 ,  0.0000 ,
  0.0000 ,  0.0000 ,  0.0000 ,  0.0000 ,  0.0000 ,  0.0000 ,
  0.0000 ,  0.0000 ,  0.0000 ,  0.0000 ,  0.0000 ,  0.0000 ,
  0.0000 ,  0.0000 ,  0.0000 ,  0.0000 ,  0.0000 ,  0.0000 ,
  0.0000 ,  0.0000 ,  0.0000 ,  0.0000 ,  0.0000 ,  0.0000 ,
  0.0000 ,  0.0000 ,  0.0000 ,  0.0000 ,  0.0000 ,  0.0000 ,
  0.0000 ,  0.0000 ,  0.0000 ,  0.0000 ,  0.0000 ,  0.0000 ,
  0.0000 ,  0.0000 ,  0.0000 ,  0.0000 ,  0.0000 ,  0.0000 ,
  0.0000 ,  0.0000 ,  0.0000 ,  0.0000 ,  0.0000 ,  0.0000 ,
  0.0000 ,  0.0000 ,  0.0000 ,  0.0000 ,  0.0000 ,  0.0000 ,
  0.0000 ,  0.0000 ,  0.0000 ,  0.0000 ,  0.0000 ,  0.0000 ,
  0.0000 ,  0.0000 ,  0.0000 ,  0.0000 ,  0.0000 ,  0.0000 ,
  0.0000 ,  0.0000 ,  0.0000 ,  0.0000 ,  0.0000 ,  0.0000 ,
  0.0000 ,  0.0000 ,  0.0000 ,  0.0000 ,  0.0000 ,  0.0000 ,
  0.0000 ,  0.0000 ,  0.0000 ,  0.0000 ,  0.0000 ,  0.0000 ,
  0.0000 ,  0.0000 ,  0.0000 ,  0.0000 ,  0.0000 ,  0.0000 ,
  0.0000 ,  0.0000 ,  0.0000 ,  0.0000 ,  0.0000 ,  0.0000 ,
  0.0000 ,  0.0000 ,  0.0000 ,  0.0000 ,  0.0000 ,  0.0000 ,
  0.0000 ,  0.0000 ,  0.0000 ,  0.0000 ,  0.0000 ,  0.0000 ,
  0.0000 ,  0.0000 ,  0.0000 ,  0.0000 ,  0.0000 ,  0.0000 ,
  0.0000 ,  0.0000 ,  0.0000 ,  0.0000 ,  0.0000 ,  0.0000 ,
  0.0000 ,  0.0000 ,  0.0000 ,  0.0000 ,  0.0000 ,  0.0000 ,
  0.0000 ,  0.0000 ,  0.0000 ,  0.0000 ,  0.0000 ,  0.0000 ,
  0.0000 ,  0.0000 ,  0.0000 ,  0.0000 ,  0.0000 ,  0.0000 ,
  0.0000 ,  0.0000 ,  0.0000 ,  0.0000 ,  0.0000 ,  0.0000 ,
  0.0000 ,  0.0000 ,  0.0000 ,  0.0000 ,  0.0000 ,  0.0000 ,
  0.0000 ,  0.0000 ,  0.0000 ,  0.0000 ,  0.0000 ,  0.0000 ,
  0.0000 ,  0.0000 ,  0.0000 ,  0.0000 ,  0.0000 ,  0.0000 ,
  0.0000 ,  0.0000 ,  0.0000 ,  0.0000 ,  0.0000 ,  0.0000 ,
  0.0000 ,  0.0000 ,  0.0000 ,  0.0000 ,  0.0000 ,  0.0000 ,
  0.0000 ,  0.0000 ,  0.0000 ,  0.0000 ,  0.0000 ,  0.0000 ,
  0.0000 ,  0.0000 ,  0.0000 ,  0.0000 ,  0.0000 ,  0.0000 ,
  0.0000 ,  0.0000 ,  0.0000 ,  0.0000 ,  0.0000 ,  0.0000 ,
  0.0000 ,  0.0000 ,  0.0000 ,  0.0000 ,  0.0000 ,  0.0000 ,
  0.0000 ,  0.0000 ,  0.0000 ,  0.0000 ,  0.0000 ,  0.0000 ,
  0.0000 ,  0.0000 ,  0.0000 ,  0.0000 ,  0.0000 ,  0.0000 ,
  0.0000 ,  0.0000 ,  0.0000 ,  0.0000 ,  0.0000 ,  0.0000 ,
  0.0000 ,  0.0000 ,  0.0000 ,  0.0000 ,  0.0000 ,  0.0000 ,
  0.0000 ,  0.0000 ,  0.0000 ,  0.0000 ,  0.0000 ,  0.0000 ,
  0.0000 ,  0.0000 ,  0.0000 ,  0.0000 ,  0.0000 ,  0.0000 ,
  0.0000 ,  0.0000 ,  0.0000 ,  0.0000 ,  0.0000 ,  0.0000 ,
  0.0000 ,  0.0000 ,  0.0000 ,  0.0000 ,  0.0000 ,  0.0000 ,
  0.0000 ,  0.0000 ,  0.0000 ,  0.0000 ,  0.0000 ,  0.0000 ,
  0.0000 ,  0.0000 ,  0.0000 ,  0.0000 ,  0.0000 ,  0.0000 ,
  0.0000 ,  0.0000 ,  0.0000 ,  0.0000 ,  0.0000 ,  0.0000 ,
  0.0000 ,  0.0000 ,  0.0000 ,  0.0000 ,  0.0000 ,  0.0000 ,
  0.0000 ,  0.0000 ,  0.0000 ,  0.0000 ,  0.0000 ,  0.0000 ,
  0.0000 ,  0.0000 ,  0.0000 ,  0.0000 ,  0.0000 ,  0.0000 ,
  0.0000 ,  0.0000 ,  0.0000 ,  0.0000 ,  0.0000 ,  0.0000 ,
  0.0000 ,  0.0000 ,  0.0000 ,  0.0000 ,  0.0000 ,  0.0000 ,
  0.0000 ,  0.0000 ,  0.0000 ,  0.0000 ,  0.0000 ,  0.0000 ,
  0.0000 ,  0.0000 ,  0.0000 ,  0.0000 ,  0.0000 ,  0.0000 ,
  0.0000 ,  0.0000 ,  0.0000 ,  0.0000 ,  0.0000 ,  0.0000 ,
  0.0000 ,  0.0000 ,  0.0000 ,  0.0000 ,  0.0000 ,  0.0000 ,
  0.0000 ,  0.0000 ,  0.0000 ,  0.0000 ,  0.0000 ,  0.0000 ,
  0.0000 ,  0.0000 ,  0.0000 ,  0.0000 ,  0.0000 ,  0.0000 ,
  0.0000 ,  0.0000 ,  0.0000 ,  0.0000 ,  0.0000 ,  0.0000 ,
  0.0000 ,  0.0000 ,  0.0000 ,  0.0000 ,  0.0000 ,  0.0000 ,
  0.0000 ,  0.0000 ,  0.0000 ,  0.0000 ,  0.0000 ,  0.0000 ,
  0.0000 ,  0.0000 ,  0.0000 ,  0.0000 ,  0.0000 ,  0.0000 ,
  0.0000 ,  0.0000 ,  0.0000 ,  0.0000 ,  0.0000 ,  0.0000 ,
  0.0000 ,  0.0000 ,  0.0000 ,  0.0000 ,  0.0000 ,  0.0000 ,
  0.0000 ,  0.0000 ,  0.0000 ,  0.0000 ,  0.0000 ,  0.0000 ,
  0.0000 ,  0.0000 ,  0.0000 ,  0.0000 ,  0.0000 ,  0.0000 ,
  0.0000 ,  0.0000 ,  0.0000 ,  0.0000 ,  0.0000 ,  0.0000 ,
  0.0000 ,  0.0000 ,  0.0000 ,  0.0000 ,  0.0000 ,  0.0000 ,
  0.0000 ,  0.0000 ,  0.0000 ,  0.0000 ,  0.0000 ,  0.0000 ,
  0.0000 ,  0.0000 ,  0.0000 ,  0.0000 ,  0.0000 ,  0.0000 ,
  0.0000 ,  0.0000 ,  0.0000 ,  0.0000 ,  0.0000 ,  0.0000 ,
  0.0000 ,  0.0000 ,  0.0000 ,  0.0000 ,  0.0000 ,  0.0000 ,
  0.0000 ,  0.0000 ,  0.0000 ,  0.0000 ,  0.0000 ,  0.0000 ,
  0.0000 ,  0.0000 ,  0.0000 ,  0.0000 ,  0.0000 ,  0.0000 ,
  0.0000 ,  0.0000 ,  0.0000 ,  0.0000 ,  0.0000 ,  0.0000 ,
  0.0000 ,  0.0000 ,  0.0000 ,  0.0000 ,  0.0000 ,  0.0000 ,
  0.0000 ,  0.0000 ,  0.0000 ,  0.0000 ,  0.0000 ,  0.0000 ,
  0.0000 ,  0.0000 ,  0.0000 ,  0.0000 ,  0.0000 ,  0.0000 ,
  0.0000 ,  0.0000 ,  0.0000 ,  0.0000 ,  0.0000 ,  0.0000 ,
  0.0000 ,  0.0000 ,  0.0000 ,  0.0000 ,  0.0000 ,  0.0000 ,
  0.0000 ,  0.0000 ,  0.0000 ,  0.0000 ,  0.0000 ,  0.0000 ,
  0.0000 ,  0.0000 ,  0.0000 ,  0.0000 ,  0.0000 ,  0.0000 ,
  0.0000 ,  0.0000 ,  0.0000 ,  0.0000 ,  0.0000 ,  0.0000 ,
  0.0000 ,  0.0000 ,  0.0000 ,  0.0000 ,  0.0000 ,  0.0000 ,
  0.0000 ,  0.0000 ,  0.0000 ,  0.0000 ,  0.0000 ,  0.0000 ,
  0.0000 ,  0.0000 ,  0.0000 ,  0.0000 ,  0.0000 ,  0.0000 ,
  0.0000 ,  0.0000 ,  0.0000 ,  0.0000 ,  0.0000 ,  0.0000 ,
  0.0000 ,  0.0000 ,  0.0000 ,  0.0000 ,  0.0000 ,  0.0000 ,
  0.0000 ,  0.0000 ,  0.0000 ,  0.0000 ,  0.0000 ,  0.0000 ,
  0.0000 ,  0.0000 ,  0.0000 ,  0.0000 ,  0.0000 ,  0.0000 ,
  0.0000 ,  0.0000 ,  0.0000 ,  0.0000 ,  0.0000 ,  0.0000 ,
  0.0000 ,  0.0000 ,  0.0000 ,  0.0000 ,  0.0000 ,  0.0000 ,
  0.0000 ,  0.0000 ,  0.0000 ,  0.0000 ,  0.0000 ,  0.0000 ,
  0.0000 ,  0.0000 ,  0.0000 ,  0.0000 ,  0.0000 ,  0.0000 ,
  0.0000 ,  0.0000 ,  0.0000 ,  0.0000 ,  0.0000 ,  0.0000 ,
  0.0000 ,  0.0000 ,  0.0000 ,  0.0000 ,  0.0000 ,  0.0000 ,
  0.0000 ,  0.0000 ,  0.0000 ,  0.0000 ,  0.0000 ,  0.0000 ,
  0.0000 ,  0.0000 ,  0.0000 ,  0.0000 ,  0.0000 ,  0.0000 ,
  0.0000 ,  0.0000 ,  0.0000 ,  0.0000 ,  0.0000 ,  0.0000 ,
  0.0000 ,  0.0000 ,  0.0000 ,  0.0000 ,  0.0000 ,  0.0000 ,
  0.0000 ,  0.0000 ,  0.0000 ,  0.0000 ,  0.0000 ,  0.0000 ,
  0.0000 ,  0.0000 ,  0.0000 ,  0.0000 ,  0.0000 ,  0.0000 ,
  0.0000 ,  0.0000 ,  0.0000 ,  0.0000 ,  0.0000 ,  0.0000 ,
  0.0000 ,  0.0000 ,  0.0000 ,  0.0000 ,  0.0000 ,  0.0000 ,
  0.0000 ,  0.0000 ,  0.0000 ,  0.0000 ,  0.0000 ,  0.0000 ,
  0.0000 ,  0.0000 ,  0.0000 ,  0.0000 ,  0.0000 ,  0.0000 ,
  0.0000 ,  0.0000 ,  0.0000 ,  0.0000 ,  0.0000 ,  0.0000 ,
  0.0000 ,  0.0000 ,  0.0000 ,  0.0000 ,  0.0000 ,  0.0000 ,
  0.0000 ,  0.0000 ,  0.0000 ,  0.0000 ,  0.0000 ,  0.0000 ,
  0.0000 ,  0.0000 ,  0.0000 ,  0.0000 ,  0.0000 ,  0.0000 ,
  0.0000 ,  0.0000 ,  0.0000 ,  0.0000 ,  0.0000 ,  0.0000 ,
  0.0000 ,  0.0000 ,  0.0000 ,  0.0000 ,  0.0000 ,  0.0000 ,
  0.0000 ,  0.0000 ,  0.0000 ,  0.0000 ,  0.0000 ,  0.0000 ,
  0.0000 ,  0.0000 ,  0.0000 ,  0.0000 ,  0.0000 ,  0.0000 ,
  0.0000 ,  0.0000 ,  0.0000 ,  0.0000 ,  0.0000 ,  0.0000 ,
  0.0000 ,  0.0000 ,  0.0000 ,  0.0000 ,  0.0000 ,  0.0000 ,
  0.0000 ,  0.0000 ,  0.0000 ,  0.0000 ,  0.0000 ,  0.0000 ,
  0.0000 ,  0.0000 ,  0.0000 ,  0.0000 ,  0.0000 ,  0.0000 ,
  0.0000 ,  0.0000 ,  0.0000 ,  0.0000 ,  0.0000 ,  0.0000 ,
  0.0000 ,  0.0000 ,  0.0000 ,  0.0000 ,  0.0000 ,  0.0000 ,
  0.0000 ,  0.0000 ,  0.0000 ,  0.0000 ,  0.0000 ,  0.0000 ,
  0.0000 ,  0.0000 ,  0.0000 ,  0.0000 ,  0.0000 ,  0.0000 ,
  0.0000 ,  0.0000 ,  0.0000 ,  0.0000 ,  0.0000 ,  0.0000 ,
  0.0000 ,  0.0000 ,  0.0000 ,  0.0000 ,  0.0000 ,  0.0000 ,
  0.0000 ,  0.0000 ,  0.0000 ,  0.0000 ,  0.0000 ,  0.0000 ,
  0.0000 ,  0.0000 ,  0.0000 ,  0.0000 ,  0.0000 ,  0.0000 ,
  0.0000 ,  0.0000 ,  0.0000 ,  0.0000 ,  0.0000 ,  0.0000 ,
  0.0000 ,  0.0000 ,  0.0000 ,  0.0000 ,  0.0000 ,  0.0000 ,
  0.0000 ,  0.0000 ,  0.0000 ,  0.0000 ,  0.0000 ,  0.0000 ,
  0.0000 ,  0.0000 ,  0.0000 ,  0.0000 ,  0.0000 ,  0.0000 ,
  0.0000 ,  0.0000 ,  0.0000 ,  0.0000 ,  0.0000 ,  0.0000 ,
  0.0000 ,  0.0000 ,  0.0000 ,  0.0000 ,  0.0000 ,  0.0000 ,
  0.0000 ,  0.0000 ,  0.0000 ,  0.0000 ,  0.0000 ,  0.0000 ,
  0.0000 ,  0.0000 ,  0.0000 ,  0.0000 ,  0.0000 ,  0.0000 ,
  0.0000 ,  0.0000 ,  0.0000 ,  0.0000 ,  0.0000 ,  0.0000 ,
  0.0000 ,  0.0000 ,  0.0000 ,  0.0000 ,  0.0000 ,  0.0000 ,
  0.0000 ,  0.0000 ,  0.0000 ,  0.0000 ,  0.0000 ,  0.0000 ,
  0.0000 ,  0.0000 ,  0.0000 ,  0.0000 ,  0.0000 ,  0.0000 ,
  0.0000 ,  0.0000 ,  0.0000 ,  0.0000 ,  0.0000 ,  0.0000 ,
  0.0000 ,  0.0000 ,  0.0000 ,  0.0000 ,  0.0000 ,  0.0000 ,
  0.0000 ,  0.0000 ,  0.0000 ,  0.0000 ,  0.0000 ,  0.0000 ,
  0.0000 ,  0.0000 ,  0.0000 ,  0.0000 ,  0.0000 ,  0.0000 ,
  0.0000 ,  0.0000 ,  0.0000 ,  0.0000 ,  0.0000 ,  0.0000 ,
  0.0000 ,  0.0000 ,  0.0000 ,  0.0000 ,  0.0000 ,  0.0000 ,
  0.0000 ,  0.0000 ,  0.0000 ,  0.0000 ,  0.0000 ,  0.0000 ,
  0.0000 ,  0.0000 ,  0.0000 ,  0.0000 ,  0.0000 ,  0.0000 ,
  0.0000 ,  0.0000 ,  0.0000 ,  0.0000 ,  0.0000 ,  0.0000 ,
  0.0000 ,  0.0000 ,  0.0000 ,  0.0000 ,  0.0000 ,  0.0000 ,
  0.0000 ,  0.0000 ,  0.0000 ,  0.0000 ,  0.0000 ,  0.0000 ,
  0.0000 ,  0.0000 ,  0.0000 ,  0.0000 ,  0.0000 ,  0.0000 ,
  0.0000 ,  0.0000 ,  0.0000 ,  0.0000 ,  0.0000 ,  0.0000 ,
  0.0000 ,  0.0000 ,  0.0000 ,  0.0000 ,  0.0000 ,  0.0000 ,
  0.0000 ,  0.0000 ,  0.0000 ,  0.0000 ,  0.0000 ,  0.0000 ,
  0.0000 ,  0.0000 ,  0.0000 ,  0.0000 ,  0.0000 ,  0.0000 ,
  0.0000 ,  0.0000 ,  0.0000 ,  0.0000 ,  0.0000 ,  0.0000 ,
  0.0000 ,  0.0000 ,  0.0000 ,  0.0000 ,  0.0000 ,  0.0000 ,
  0.0000 ,  0.0000 ,  0.0000 ,  0.0000 ,  0.0000 ,  0.0000 ,
  0.0000 ,  0.0000 ,  0.0000 ,  0.0000 ,  0.0000 ,  0.0000 ,
  0.0000 ,  0.0000 ,  0.0000 ,  0.0000 ,  0.0000 ,  0.0000 ,
  0.0000 ,  0.0000 ,  0.0000 ,  0.0000 ,  0.0000 ,  0.0000 ,
  0.0000 ,  0.0000 ,  0.0000 ,  0.0000 ,  0.0000 ,  0.0000 ,
  0.0000 ,  0.0000 ,  0.0000 ,  0.0000 ,  0.0000 ,  0.0000 ,
  0.0000 ,  0.0000 ,  0.0000 ,  0.0000 ,  0.0000 ,  0.0000 ,
  0.0000 ,  0.0000 ,  0.0000 ,  0.0000 ,  0.0000 ,  0.0000 ,
  0.0000 ,  0.0000 ,  0.0000 ,  0.0000 ,  0.0000 ,  0.0000 ,
  0.0000 ,  0.0000 ,  0.0000 ,  0.0000 ,  0.0000 ,  0.0000 ,
  0.0000 ,  0.0000 ,  0.0000 ,  0.0000 ,  0.0000 ,  0.0000 ,
  0.0000 ,  0.0000 ,  0.0000 ,  0.0000 ,  0.0000 ,  0.0000 ,
  0.0000 ,  0.0000 ,  0.0000 ,  0.0000 ,  0.0000 ,  0.0000 ,
  0.0000 ,  0.0000 ,  0.0000 ,  0.0000 ,  0.0000 ,  0.0000 ,
  0.0000 ,  0.0000 ,  0.0000 ,  0.0000 ,  0.0000 ,  0.0000 ,
  0.0000 ,  0.0000 ,  0.0000 ,  0.0000 ,  0.0000 ,  0.0000 ,
  0.0000 ,  0.0000 ,  0.0000 ,  0.0000 ,  0.0000 ,  0.0000 ,
  0.0000 ,  0.0000 ,  0.0000 ,  0.0000 ,  0.0000 ,  0.0000 ,
  0.0000 ,  0.0000 ,  0.0000 ,  0.0000 ,  0.0000 ,  0.0000 ,
  0.0000 ,  0.0000 ,  0.0000 ,  0.0000 ,  0.0000 ,  0.0000 ,
  0.0000 ,  0.0000 ,  0.0000 ,  0.0000 ,  0.0000 ,  0.0000 ,
  0.0000 ,  0.0000 ,  0.0000 ,  0.0000 ,  0.0000 ,  0.0000 ,
  0.0000 ,  0.0000 ,  0.0000 ,  0.0000 ,  0.0000 ,  0.0000 ,
  0.0000 ,  0.0000 ,  0.0000 ,  0.0000 ,  0.0000 ,  0.0000 ,
  0.0000 ,  0.0000 ,  0.0000 ,  0.0000 ,  0.0000 ,  0.0000 ,
  0.0000 ,  0.0000 ,  0.0000 ,  0.0000 ,  0.0000 ,  0.0000 ,
  0.0000 ,  0.0000 ,  0.0000 ,  0.0000 ,  0.0000 ,  0.0000 ,
  0.0000 ,  0.0000 ,  0.0000 ,  0.0000 ,  0.0000 ,  0.0000 ,
  0.0000 ,  0.0000 ,  0.0000 ,  0.0000 ,  0.0000 ,  0.0000 ,
  0.0000 ,  0.0000 ,  0.0000 ,  0.0000 ,  0.0000 ,  0.0000 ,
  0.0000 ,  0.0000 ,  0.0000 ,  0.0000 ,  0.0000 ,  0.0000 ,
  0.0000 ,  0.0000 ,  0.0000 ,  0.0000 ,  0.0000 ,  0.0000 ,
  0.0000 ,  0.0000 ,  0.0000 ,  0.0000 ,  0.0000 ,  0.0000 ,
  0.0000 ,  0.0000 ,  0.0000 ,  0.0000 ,  0.0000 ,  0.0000 ,
  0.0000 ,  0.0000 ,  0.0000 ,  0.0000 ,  0.0000 ,  0.0000 ,
  0.0000 ,  0.0000 ,  0.0000 ,  0.0000 ,  0.0000 ,  0.0000 ,
  0.0000 ,  0.0000 ,  0.0000 ,  0.0000 ,  0.0000 ,  0.0000 ,
  0.0000 ,  0.0000 ,  0.0000 ,  0.0000 ,  0.0000 ,  0.0000 ,
  0.0000 ,  0.0000 ,  0.0000 ,  0.0000 ,  0.0000 ,  0.0000 ,
  0.0000 ,  0.0000 ,  0.0000 ,  0.0000 ,  0.0000 ,  0.0000 ,
  0.0000 ,  0.0000 ,  0.0000 ,  0.0000 ,  0.0000 ,  0.0000 ,
  0.0000 ,  0.0000 ,  0.0000 ,  0.0000 ,  0.0000 ,  0.0000 ,
  0.0000 ,  0.0000 ,  0.0000 ,  0.0000 ,  0.0000 ,  0.0000 ,
  0.0000 ,  0.0000 ,  0.0000 ,  0.0000 ,  0.0000 ,  0.0000 ,
  0.0000 ,  0.0000 ,  0.0000 ,  0.0000 ,  0.0000 ,  0.0000 ,
  0.0000 ,  0.0000 ,  0.0000 ,  0.0000 ,  0.0000 ,  0.0000 ,
  0.0000 ,  0.0000 ,  0.0000 ,  0.0000 ,  0.0000 ,  0.0000 ,
  0.0000 ,  0.0000 ,  0.0000 ,  0.0000 ,  0.0000 ,  0.0000 ,
  0.0000 ,  0.0000 ,  0.0000 ,  0.0000 ,  0.0000 ,  0.0000 ,
  0.0000 ,  0.0000 ,  0.0000 ,  0.0000 ,  0.0000 ,  0.0000 ,
  0.0000 ,  0.0000 ,  0.0000 ,  0.0000 ,  0.0000 ,  0.0000 ,
  0.0000 ,  0.0000 ,  0.0000 ,  0.0000 ,  0.0000 ,  0.0000 ,
  0.0000 ,  0.0000 ,  0.0000 ,  0.0000 ,  0.0000 ,  0.0000 ,
  0.0000 ,  0.0000 ,  0.0000 ,  0.0000 ,  0.0000 ,  0.0000 ,
  0.0000 ,  0.0000 ,  0.0000 ,  0.0000 ,  0.0000 ,  0.0000 ,
  0.0000 ,  0.0000 ,  0.0000 ,  0.0000 ,  0.0000 ,  0.0000 ,
  0.0000 ,  0.0000 ,  0.0000 ,  0.0000 ,  0.0000 ,  0.0000 ,
  0.0000 ,  0.0000 ,  0.0000 ,  0.0000 ,  0.0000 ,  0.0000 ,
  0.0000 ,  0.0000 ,  0.0000 ,  0.0000 ,  0.0000 ,  0.0000 ,
  0.0000 ,  0.0000 ,  0.0000 ,  0.0000 ,  0.0000 ,  0.0000 ,
  0.0000 ,  0.0000 ,  0.0000 ,  0.0000 ,  0.0000 ,  0.0000 ,
  0.0000 ,  0.0000 ,  0.0000 ,  0.0000 ,  0.0000 ,  0.0000 ,
  0.0000 ,  0.0000 ,  0.0000 ,  0.0000 ,  0.0000 ,  0.0000 ,
  0.0000 ,  0.0000 ,  0.0000 ,  0.0000 ,  0.0000 ,  0.0000 ,
  0.0000 ,  0.0000 ,  0.0000 ,  0.0000 ,  0.0000 ,  0.0000 ,
  0.0000 ,  0.0000 ,  0.0000 ,  0.0000 ,  0.0000 ,  0.0000 ,
  0.0000 ,  0.0000 ,  0.0000 ,  0.0000 ,  0.0000 ,  0.0000 ,
  0.0000 ,  0.0000 ,  0.0000 ,  0.0000 ,  0.0000 ,  0.0000 ,
  0.0000 ,  0.0000 ,  0.0000 ,  0.0000 ,  0.0000 ,  0.0000 ,
  0.0000 ,  0.0000 ,  0.0000 ,  0.0000 ,  0.0000 ,  0.0000 ,
  0.0000 ,  0.0000 ,  0.0000 ,  0.0000 ,  0.0000 ,  0.0000 ,
  0.0000 ,  0.0000 ,  0.0000 ,  0.0000 ,  0.0000 ,  0.0000 ,
  0.0000 ,  0.0000 ,  0.0000 ,  0.0000 ,  0.0000 ,  0.0000 ,
  0.0000 ,  0.0000 ,  0.0000 ,  0.0000 ,  0.0000 ,  0.0000 ,
  0.0000 ,  0.0000 ,  0.0000 ,  0.0000 ,  0.0000 ,  0.0000 ,
  0.0000 ,  0.0000 ,  0.0000 ,  0.0000 ,  0.0000 ,  0.0000 ,
  0.0000 ,  0.0000 ,  0.0000 ,  0.0000 ,  0.0000 ,  0.0000 ,
  0.0000 ,  0.0000 ,  0.0000 ,  0.0000 ,  0.0000 ,  0.0000 ,
  0.0000 ,  0.0000 ,  0.0000 ,  0.0000 ,  0.0000 ,  0.0000 ,
  0.0000 ,  0.0000 ,  0.0000 ,  0.0000 ,  0.0000 ,  0.0000 ,
  0.0000 ,  0.0000 ,  0.0000 ,  0.0000 ,  0.0000 ,  0.0000 ,
  0.0000 ,  0.0000 ,  0.0000 ,  0.0000 ,  0.0000 ,  0.0000 ,
  0.0000 ,  0.0000 ,  0.0000 ,  0.0000 ,  0.0000 ,  0.0000 ,
  0.0000 ,  0.0000 ,  0.0000 ,  0.0000 ,  0.0000 ,  0.0000 ,
  0.0000 ,  0.0000 ,  0.0000 ,  0.0000 ,  0.0000 ,  0.0000 ,
  0.0000 ,  0.0000 ,  0.0000 ,  0.0000 ,  0.0000 ,  0.0000 ,
  0.0000 ,  0.0000 ,  0.0000 ,  0.0000 ,  0.0000 ,  0.0000 ,
  0.0000 ,  0.0000 ,  0.0000 ,  0.0000 ,  0.0000 ,  0.0000 ,
  0.0000 ,  0.0000 ,  0.0000 ,  0.0000 ,  0.0000 ,  0.0000 ,
  0.0000 ,  0.0000 ,  0.0000 ,  0.0000 ,  0.0000 ,  0.0000 ,
  0.0000 ,  0.0000 ,  0.0000 ,  0.0000 ,  0.0000 ,  0.0000 ,
  0.0000 ,  0.0000 ,  0.0000 ,  0.0000 ,  0.0000 ,  0.0000 ,
  0.0000 ,  0.0000 ,  0.0000 ,  0.0000 ,  0.0000 ,  0.0000 ,
  0.0000 ,  0.0000 ,  0.0000 ,  0.0000 ,  0.0000 ,  0.0000 ,
  0.0000 ,  0.0000 ,  0.0000 ,  0.0000 ,  0.0000 ,  0.0000 ,
  0.0000 ,  0.0000 ,  0.0000 ,  0.0000 ,  0.0000 ,  0.0000 ,
  0.0000 ,  0.0000 ,  0.0000 ,  0.0000 ,  0.0000 ,  0.0000 ,
  0.0000 ,  0.0000 ,  0.0000 ,  0.0000 ,  0.0000 ,  0.0000 ,
  0.0000 ,  0.0000 ,  0.0000 ,  0.0000 ,  0.0000 ,  0.0000 ,
  0.0000 ,  0.0000 ,  0.0000 ,  0.0000 ,  0.0000 ,  0.0000 ,
  0.0000 ,  0.0000 ,  0.0000 ,  0.0000 ,  0.0000 ,  0.0000 ,
  0.0000 ,  0.0000 ,  0.0000 ,  0.0000 ,  0.0000 ,  0.0000 ,
  0.0000 ,  0.0000 ,  0.0000 ,  0.0000 ,  0.0000 ,  0.0000 ,
  0.0000 ,  0.0000 ,  0.0000 ,  0.0000 ,  0.0000 ,  0.0000 ,
  0.0000 ,  0.0000 ,  0.0000 ,  0.0000 ,  0.0000 ,  0.0000 ,
  0.0000 ,  0.0000 ,  0.0000 ,  0.0000 ,  0.0000 ,  0.0000 ,
  0.0000 ,  0.0000 ,  0.0000 ,  0.0000 ,  0.0000 ,  0.0000 ,
  0.0000 ,  0.0000 ,  0.0000 ,  0.0000 ,  0.0000 ,  0.0000 ,
  0.0000 ,  0.0000 ,  0.0000 ,  0.0000 ,  0.0000 ,  0.0000 ,
  0.0000 ,  0.0000 ,  0.0000 ,  0.0000 ,  0.0000 ,  0.0000 ,
  0.0000 ,  0.0000 ,  0.0000 ,  0.0000 ,  0.0000 ,  0.0000 ,
  0.0000 ,  0.0000 ,  0.0000 ,  0.0000 ,  0.0000 ,  0.0000 ,
  0.0000 ,  0.0000 ,  0.0000 ,  0.0000 ,  0.0000 ,  0.0000 ,
  0.0000 ,  0.0000 ,  0.0000 ,  0.0000 ,  0.0000 ,  0.0000 ,
  0.0000 ,  0.0000 ,  0.0000 ,  0.0000 ,  0.0000 ,  0.0000 ,
  0.0000 ,  0.0000 ,  0.0000 ,  0.0000 ,  0.0000 ,  0.0000 ,
  0.0000 ,  0.0000 ,  0.0000 ,  0.0000 ,  0.0000 ,  0.0000 ,
  0.0000 ,  0.0000 ,  0.0000 ,  0.0000 ,  0.0000 ,  0.0000 ,
  0.0000 ,  0.0000 ,  0.0000 ,  0.0000 ,  0.0000 ,  0.0000 ,
  0.0000 ,  0.0000 ,  0.0000 ,  0.0000 ,  0.0000 ,  0.0000 ,
  0.0000 ,  0.0000 ,  0.0000 ,  0.0000 ,  0.0000 ,  0.0000 ,
  0.0000 ,  0.0000 ,  0.0000 ,  0.0000 ,  0.0000 ,  0.0000 ,
  0.0000 ,  0.0000 ,  0.0000 ,  0.0000 ,  0.0000 ,  0.0000 ,
  0.0000 ,  0.0000 ,  0.0000 ,  0.0000 ,  0.0000 ,  0.0000 ,
  0.0000 ,  0.0000 ,  0.0000 ,  0.0000 ,  0.0000 ,  0.0000 ,
  0.0000 ,  0.0000 ,  0.0000 ,  0.0000 ,  0.0000 ,  0.0000 ,
  0.0000 ,  0.0000 ,  0.0000 ,  0.0000 ,  0.0000 ,  0.0000 ,
  0.0000 ,  0.0000 ,  0.0000 ,  0.0000 ,  0.0000 ,  0.0000 ,
  0.0000 ,  0.0000 ,  0.0000 ,  0.0000 ,  0.0000 ,  0.0000 ,
  0.0000 ,  0.0000 ,  0.0000 ,  0.0000 ,  0.0000 ,  0.0000 ,
  0.0000 ,  0.0000 ,  0.0000 ,  0.0000 ,  0.0000 ,  0.0000 ,
  0.0000 ,  0.0000 ,  0.0000 ,  0.0000 ,  0.0000 ,  0.0000 ,
  0.0000 ,  0.0000 ,  0.0000 ,  0.0000 ,  0.0000 ,  0.0000 ,
  0.0000 ,  0.0000 ,  0.0000 ,  0.0000 ,  0.0000 ,  0.0000 ,
  0.0000 ,  0.0000 ,  0.0000 ,  0.0000 ,  0.0000 ,  0.0000 ,
  0.0000 ,  0.0000 ,  0.0000 ,  0.0000 ,  0.0000 ,  0.0000 ,
  0.0000 ,  0.0000 ,  0.0000 ,  0.0000 ,  0.0000 ,  0.0000 ,
  0.0000 ,  0.0000 ,  0.0000 ,  0.0000 ,  0.0000 ,  0.0000 ,
  0.0000 ,  0.0000 ,  0.0000 ,  0.0000 ,  0.0000 ,  0.0000 ,
  0.0000 ,  0.0000 ,  0.0000 ,  0.0000 ,  0.0000 ,  0.0000 ,
  0.0000 ,  0.0000 ,  0.0000 ,  0.0000 ,  0.0000 ,  0.0000 ,
  0.0000 ,  0.0000 ,  0.0000 ,  0.0000 ,  0.0000 ,  0.0000 ,
  0.0000 ,  0.0000 ,  0.0000 ,  0.0000 ,  0.0000 ,  0.0000 ,
  0.0000 ,  0.0000 ,  0.0000 ,  0.0000 ,  0.0000 ,  0.0000 ,
  0.0000 ,  0.0000 ,  0.0000 ,  0.0000 ,  0.0000 ,  0.0000 ,
  0.0000 ,  0.0000 ,  0.0000 ,  0.0000 ,  0.0000 ,  0.0000 ,
  0.0000 ,  0.0000 ,  0.0000 ,  0.0000 ,  0.0000 ,  0.0000 ,
  0.0000 ,  0.0000 ,  0.0000 ,  0.0000 ,  0.0000 ,  0.0000 ,
  0.0000 ,  0.0000 ,  0.0000 ,  0.0000 ,  0.0000 ,  0.0000 ,
  0.0000 ,  0.0000 ,  0.0000 ,  0.0000 ,  0.0000 ,  0.0000 ,
  0.0000 ,  0.0000 ,  0.0000 ,  0.0000 ,  0.0000 ,  0.0000 ,
  0.0000 ,  0.0000 ,  0.0000 ,  0.0000 ,  0.0000 ,  0.0000 ,
  0.0000 ,  0.0000 ,  0.0000 ,  0.0000 ,  0.0000 ,  0.0000 ,
  0.0000 ,  0.0000 ,  0.0000 ,  0.0000 ,  0.0000 ,  0.0000 ,
  0.0000 ,  0.0000 ,  0.0000 ,  0.0000 ,  0.0000 ,  0.0000 ,
  0.0000 ,  0.0000 ,  0.0000 ,  0.0000 ,  0.0000 ,  0.0000 ,
  0.0000 ,  0.0000 ,  0.0000 ,  0.0000 ,  0.0000 ,  0.0000 ,
  0.0000 ,  0.0000 ,  0.0000 ,  0.0000 ,  0.0000 ,  0.0000 ,
  0.0000 ,  0.0000 ,  0.0000 ,  0.0000 ,  0.0000 ,  0.0000 ,
  0.0000 ,  0.0000 ,  0.0000 ,  0.0000 ,  0.0000 ,  0.0000 ,
  0.0000 ,  0.0000 ,  0.0000 ,  0.0000 ,  0.0000 ,  0.0000 ,
  0.0000 ,  0.0000 ,  0.0000 ,  0.0000 ,  0.0000 ,  0.0000 ,
  0.0000 ,  0.0000 ,  0.0000 ,  0.0000 ,  0.0000 ,  0.0000 ,
  0.0000 ,  0.0000 ,  0.0000 ,  0.0000 ,  0.0000 ,  0.0000 ,
  0.0000 ,  0.0000 ,  0.0000 ,  0.0000 ,  0.0000 ,  0.0000 ,
  0.0000 ,  0.0000 ,  0.0000 ,  0.0000 ,  0.0000 ,  0.0000 ,
  0.0000 ,  0.0000 ,  0.0000 ,  0.0000 ,  0.0000 ,  0.0000 ,
  0.0000 ,  0.0000 ,  0.0000 ,  0.0000 ,  0.0000 ,  0.0000 ,
  0.0000 ,  0.0000 ,  0.0000 ,  0.0000 ,  0.0000 ,  0.0000 ,
  0.0000 ,  0.0000 ,  0.0000 ,  0.0000 ,  0.0000 ,  0.0000 ,
  0.0000 ,  0.0000 ,  0.0000 ,  0.0000 ,  0.0000 ,  0.0000 ,
  0.0000 ,  0.0000 ,  0.0000 ,  0.0000 ,  0.0000 ,  0.0000 ,
  0.0000 ,  0.0000 ,  0.0000 ,  0.0000 ,  0.0000 ,  0.0000 ,
  0.0000 ,  0.0000 ,  0.0000 ,  0.0000 ,  0.0000 ,  0.0000 ,
  0.0000 ,  0.0000 ,  0.0000 ,  0.0000 ,  0.0000 ,  0.0000 ,
  0.0000 ,  0.0000 ,  0.0000 ,  0.0000 ,  0.0000 ,  0.0000 ,
  0.0000 ,  0.0000 ,  0.0000 ,  0.0000 ,  0.0000 ,  0.0000 ,
  0.0000 ,  0.0000 ,  0.0000 ,  0.0000 ,  0.0000 ,  0.0000 ,
  0.0000 ,  0.0000 ,  0.0000 ,  0.0000 ,  0.0000 ,  0.0000 ,
  0.0000 ,  0.0000 ,  0.0000 ,  0.0000 ,  0.0000 ,  0.0000 ,
  0.0000 ,  0.0000 ,  0.0000 ,  0.0000 ,  0.0000 ,  0.0000 ,
  0.0000 ,  0.0000 ,  0.0000 ,  0.0000 ,  0.0000 ,  0.0000 ,
  0.0000 ,  0.0000 ,  0.0000 ,  0.0000 ,  0.0000 ,  0.0000 ,
  0.0000 ,  0.0000 ,  0.0000 ,  0.0000 ,  0.0000 ,  0.0000 ,
  0.0000 ,  0.0000 ,  0.0000 ,  0.0000 ,  0.0000 ,  0.0000 ,
  0.0000 ,  0.0000 ,  0.0000 ,  0.0000 ,  0.0000 ,  0.0000 ,
  0.0000 ,  0.0000 ,  0.0000 ,  0.0000 ,  0.0000 ,  0.0000 ,
  0.0000 ,  0.0000 ,  0.0000 ,  0.0000 ,  0.0000 ,  0.0000 ,
  0.0000 ,  0.0000 ,  0.0000 ,  0.0000 ,  0.0000 ,  0.0000 ,
  0.0000 ,  0.0000 ,  0.0000 ,  0.0000 ,  0.0000 ,  0.0000 ,
  0.0000 ,  0.0000 ,  0.0000 ,  0.0000 ,  0.0000 ,  0.0000 ,
  0.0000 ,  0.0000 ,  0.0000 ,  0.0000 ,  0.0000 ,  0.0000 ,
  0.0000 ,  0.0000 ,  0.0000 ,  0.0000 ,  0.0000 ,  0.0000 ,
  0.0000 ,  0.0000 ,  0.0000 ,  0.0000 ,  0.0000 ,  0.0000 ,
  0.0000 ,  0.0000 ,  0.0000 ,  0.0000 ,  0.0000 ,  0.0000 ,
  0.0000 ,  0.0000 ,  0.0000 ,  0.0000 ,  0.0000 ,  0.0000 ,
  0.0000 ,  0.0000 ,  0.0000 ,  0.0000 ,  0.0000 ,  0.0000 ,
  0.0000 ,  0.0000 ,  0.0000 ,  0.0000 ,  0.0000 ,  0.0000 ,
  0.0000 ,  0.0000 ,  0.0000 ,  0.0000 ,  0.0000 ,  0.0000 ,
  0.0000 ,  0.0000 ,  0.0000 ,  0.0000 ,  0.0000 ,  0.0000 ,
  0.0000 ,  0.0000 ,  0.0000 ,  0.0000 ,  0.0000 ,  0.0000 ,
  0.0000 ,  0.0000 ,  0.0000 ,  0.0000 ,  0.0000 ,  0.0000 ,
  0.0000 ,  0.0000 ,  0.0000 ,  0.0000 ,  0.0000 ,  0.0000 ,
  0.0000 ,  0.0000 ,  0.0000 ,  0.0000 ,  0.0000 ,  0.0000 ,
  0.0000 ,  0.0000 ,  0.0000 ,  0.0000 ,  0.0000 ,  0.0000 ,
  0.0000 ,  0.0000 ,  0.0000 ,  0.0000 ,  0.0000 ,  0.0000 ,
  0.0000 ,  0.0000 ,  0.0000 ,  0.0000 ,  0.0000 ,  0.0000 ,
  0.0000 ,  0.0000 ,  0.0000 ,  0.0000 ,  0.0000 ,  0.0000 ,
  0.0000 ,  0.0000 ,  0.0000 ,  0.0000 ,  0.0000 ,  0.0000 ,
  0.0000 ,  0.0000 ,  0.0000 ,  0.0000 ,  0.0000 ,  0.0000 ,
  0.0000 ,  0.0000 ,  0.0000 ,  0.0000 ,  0.0000 ,  0.0000 ,
  0.0000 ,  0.0000 ,  0.0000 ,  0.0000 ,  0.0000 ,  0.0000 ,
  0.0000 ,  0.0000 ,  0.0000 ,  0.0000 ,  0.0000 ,  0.0000 ,
  0.0000 ,  0.0000 ,  0.0000 ,  0.0000 ,  0.0000 ,  0.0000 ,
  0.0000 ,  0.0000 ,  0.0000 ,  0.0000 ,  0.0000 ,  0.0000 ,
  0.0000 ,  0.0000 ,  0.0000 ,  0.0000 ,  0.0000 ,  0.0000 ,
  0.0000 ,  0.0000 ,  0.0000 ,  0.0000 ,  0.0000 ,  0.0000 ,
  0.0000 ,  0.0000 ,  0.0000 ,  0.0000 ,  0.0000 ,  0.0000 ,
  0.0000 ,  0.0000 ,  0.0000 ,  0.0000 ,  0.0000 ,  0.0000 ,
  0.0000 ,  0.0000 ,  0.0000 ,  0.0000 ,  0.0000 ,  0.0000 ,
  0.0000 ,  0.0000 ,  0.0000 ,  0.0000 ,  0.0000 ,  0.0000 ,
  0.0000 ,  0.0000 ,  0.0000 ,  0.0000 ,  0.0000 ,  0.0000 ,
  0.0000 ,  0.0000 ,  0.0000 ,  0.0000 ,  0.0000 ,  0.0000 ,
  0.0000 ,  0.0000 ,  0.0000 ,  0.0000 ,  0.0000 ,  0.0000 ,
  0.0000 ,  0.0000 ,  0.0000 ,  0.0000 ,  0.0000 ,  0.0000 ,
  0.0000 ,  0.0000 ,  0.0000 ,  0.0000 ,  0.0000 ,  0.0000 ,
  0.0000 ,  0.0000 ,  0.0000 ,  0.0000 ,  0.0000 ,  0.0000 ,
  0.0000 ,  0.0000 ,  0.0000 ,  0.0000 ,  0.0000 ,  0.0000 ,
  0.0000 ,  0.0000 ,  0.0000 ,  0.0000 ,  0.0000 ,  0.0000 ,
  0.0000 ,  0.0000 ,  0.0000 ,  0.0000 ,  0.0000 ,  0.0000 ,
  0.0000 ,  0.0000 ,  0.0000 ,  0.0000 ,  0.0000 ,  0.0000 ,
  0.0000 ,  0.0000 ,  0.0000 ,  0.0000 ,  0.0000 ,  0.0000 ,
  0.0000 ,  0.0000 ,  0.0000 ,  0.0000 ,  0.0000 ,  0.0000 ,
  0.0000 ,  0.0000 ,  0.0000 ,  0.0000 ,  0.0000 ,  0.0000 ,
  0.0000 ,  0.0000 ,  0.0000 ,  0.0000 ,  0.0000 ,  0.0000 ,
  0.0000 ,  0.0000 ,  0.0000 ,  0.0000 ,  0.0000 ,  0.0000 ,
  0.0000 ,  0.0000 ,  0.0000 ,  0.0000 ,  0.0000 ,  0.0000 ,
  0.0000 ,  0.0000 ,  0.0000 ,  0.0000 ,  0.0000 ,  0.0000 ,
  0.0000 ,  0.0000 ,  0.0000 ,  0.0000 ,  0.0000 ,  0.0000 ,
  0.0000 ,  0.0000 ,  0.0000 ,  0.0000 ,  0.0000 ,  0.0000 ,
  0.0000 ,  0.0000 ,  0.0000 ,  0.0000 ,  0.0000 ,  0.0000 ,
  0.0000 ,  0.0000 ,  0.0000 ,  0.0000 ,  0.0000 ,  0.0000 ,
  0.0000 ,  0.0000 ,  0.0000 ,  0.0000 ,  0.0000 ,  0.0000 ,
  0.0000 ,  0.0000 ,  0.0000 ,  0.0000 ,  0.0000 ,  0.0000 ,
  0.0000 ,  0.0000 ,  0.0000 ,  0.0000 ,  0.0000 ,  0.0000 ,
  0.0000 ,  0.0000 ,  0.0000 ,  0.0000 ,  0.0000 ,  0.0000 ,
  0.0000 ,  0.0000 ,  0.0000 ,  0.0000 ,  0.0000 ,  0.0000 ,
  0.0000 ,  0.0000 ,  0.0000 ,  0.0000 ,  0.0000 ,  0.0000 ,
  0.0000 ,  0.0000 ,  0.0000 ,  0.0000 ,  0.0000 ,  0.0000 ,
  0.0000 ,  0.0000 ,  0.0000 ,  0.0000 ,  0.0000 ,  0.0000 ,
  0.0000 ,  0.0000 ,  0.0000 ,  0.0000 ,  0.0000 ,  0.0000 ,
  0.0000 ,  0.0000 ,  0.0000 ,  0.0000 ,  0.0000 ,  0.0000 ,
  0.0000 ,  0.0000 ,  0.0000 ,  0.0000 ,  0.0000 ,  0.0000 ,
  0.0000 ,  0.0000 ,  0.0000 ,  0.0000 ,  0.0000 ,  0.0000 ,
  0.0000 ,  0.0000 ,  0.0000 ,  0.0000 ,  0.0000 ,  0.0000 ,
  0.0000 ,  0.0000 ,  0.0000 ,  0.0000 ,  0.0000 ,  0.0000 ,
  0.0000 ,  0.0000 ,  0.0000 ,  0.0000 ,  0.0000 ,  0.0000 ,
  0.0000 ,  0.0000 ,  0.0000 ,  0.0000 ,  0.0000 ,  0.0000 ,
  0.0000 ,  0.0000 ,  0.0000 ,  0.0000 ,  0.0000 ,  0.0000 ,
  0.0000 ,  0.0000 ,  0.0000 ,  0.0000 ,  0.0000 ,  0.0000 ,
  0.0000 ,  0.0000 ,  0.0000 ,  0.0000 ,  0.0000 ,  0.0000 ,
  0.0000 ,  0.0000 ,  0.0000 ,  0.0000 ,  0.0000 ,  0.0000 ,
  0.0000 ,  0.0000 ,  0.0000 ,  0.0000 ,  0.0000 ,  0.0000 ,
  0.0000 ,  0.0000 ,  0.0000 ,  0.0000 ,  0.0000 ,  0.0000 ,
  0.0000 ,  0.0000 ,  0.0000 ,  0.0000 ,  0.0000 ,  0.0000 ,
  0.0000 ,  0.0000 ,  0.0000 ,  0.0000 ,  0.0000 ,  0.0000 ,
  0.0000 ,  0.0000 ,  0.0000 ,  0.0000 ,  0.0000 ,  0.0000 ,
  0.0000 ,  0.0000 ,  0.0000 ,  0.0000 ,  0.0000 ,  0.0000 ,
  0.0000 ,  0.0000 ,  0.0000 ,  0.0000 ,  0.0000 ,  0.0000 ,
  0.0000 ,  0.0000 ,  0.0000 ,  0.0000 ,  0.0000 ,  0.0000 ,
  0.0000 ,  0.0000 ,  0.0000 ,  0.0000 ,  0.0000 ,  0.0000 ,
  0.0000 ,  0.0000 ,  0.0000 ,  0.0000 ,  0.0000 ,  0.0000 ,
  0.0000 ,  0.0000 ,  0.0000 ,  0.0000 ,  0.0000 ,  0.0000 ,
  0.0000 ,  0.0000 ,  0.0000 ,  0.0000 ,  0.0000 ,  0.0000 ,
  0.0000 ,  0.0000 ,  0.0000 ,  0.0000 ,  0.0000 ,  0.0000 ,
  0.0000 ,  0.0000 ,  0.0000 ,  0.0000 ,  0.0000 ,  0.0000 ,
  0.0000 ,  0.0000 ,  0.0000 ,  0.0000 ,  0.0000 ,  0.0000 ,
  0.0000 ,  0.0000 ,  0.0000 ,  0.0000 ,  0.0000 ,  0.0000 ,
  0.0000 ,  0.0000 ,  0.0000 ,  0.0000 ,  0.0000 ,  0.0000 ,
  0.0000 ,  0.0000 ,  0.0000 ,  0.0000 ,  0.0000 ,  0.0000 ,
  0.0000 ,  0.0000 ,  0.0000 ,  0.0000 ,  0.0000 ,  0.0000 ,
  0.0000 ,  0.0000 ,  0.0000 ,  0.0000 ,  0.0000 ,  0.0000 ,
  0.0000 ,  0.0000 ,  0.0000 ,  0.0000 ,  0.0000 ,  0.0000 ,
  0.0000 ,  0.0000 ,  0.0000 ,  0.0000 ,  0.0000 ,  0.0000 ,
  0.0000 ,  0.0000 ,  0.0000 ,  0.0000 ,  0.0000 ,  0.0000 ,
  0.0000 ,  0.0000 ,  0.0000 ,  0.0000 ,  0.0000 ,  0.0000 ,
  0.0000 ,  0.0000 ,  0.0000 ,  0.0000 ,  0.0000 ,  0.0000 ,
  0.0000 ,  0.0000 ,  0.0000 ,  0.0000 ,  0.0000 ,  0.0000 ,
  0.0000 ,  0.0000 ,  0.0000 ,  0.0000 ,  0.0000 ,  0.0000 ,
  0.0000 ,  0.0000 ,  0.0000 ,  0.0000 ,  0.0000 ,  0.0000 ,
  0.0000 ,  0.0000 ,  0.0000 ,  0.0000 ,  0.0000 ,  0.0000 ,
  0.0000 ,  0.0000 ,  0.0000 ,  0.0000 ,  0.0000 ,  0.0000 ,
  0.0000 ,  0.0000 ,  0.0000 ,  0.0000 ,  0.0000 ,  0.0000 ,
  0.0000 ,  0.0000 ,  0.0000 ,  0.0000 ,  0.0000 ,  0.0000 ,
  0.0000 ,  0.0000 ,  0.0000 ,  0.0000 ,  0.0000 ,  0.0000 ,
  0.0000 ,  0.0000 ,  0.0000 ,  0.0000 ,  0.0000 ,  0.0000 ,
  0.0000 ,  0.0000 ,  0.0000 ,  0.0000 ,  0.0000 ,  0.0000 ,
  0.0000 ,  0.0000 ,  0.0000 ,  0.0000 ,  0.0000 ,  0.0000 ,
  0.0000 ,  0.0000 ,  0.0000 ,  0.0000 ,  0.0000 ,  0.0000 ,
  0.0000 ,  0.0000 ,  0.0000 ,  0.0000 ,  0.0000 ,  0.0000 ,
  0.0000 ,  0.0000 ,  0.0000 ,  0.0000 ,  0.0000 ,  0.0000 ,
  0.0000 ,  0.0000 ,  0.0000 ,  0.0000 ,  0.0000 ,  0.0000 ,
  0.0000 ,  0.0000 ,  0.0000 ,  0.0000 ,  0.0000 ,  0.0000 ,
  0.0000 ,  0.0000 ,  0.0000 ,  0.0000 ,  0.0000 ,  0.0000 ,
  0.0000 ,  0.0000 ,  0.0000 ,  0.0000 ,  0.0000 ,  0.0000 ,
  0.0000 ,  0.0000 ,  0.0000 ,  0.0000 ,  0.0000 ,  0.0000 ,
  0.0000 ,  0.0000 ,  0.0000 ,  0.0000 ,  0.0000 ,  0.0000 ,
  0.0000 ,  0.0000 ,  0.0000 ,  0.0000 ,  0.0000 ,  0.0000 ,
  0.0000 ,  0.0000 ,  0.0000 ,  0.0000 ,  0.0000 ,  0.0000 ,
  0.0000 ,  0.0000 ,  0.0000 ,  0.0000 ,  0.0000 ,  0.0000 ,
  0.0000 ,  0.0000 ,  0.0000 ,  0.0000 ,  0.0000 ,  0.0000 ,
  0.0000 ,  0.0000 ,  0.0000 ,  0.0000 ,  0.0000 ,  0.0000 ,
  0.0000 ,  0.0000 ,  0.0000 ,  0.0000 ,  0.0000 ,  0.0000 ,
  0.0000 ,  0.0000 ,  0.0000 ,  0.0000 ,  0.0000 ,  0.0000 ,
  0.0000 ,  0.0000 ,  0.0000 ,  0.0000 ,  0.0000 ,  0.0000 ,
  0.0000 ,  0.0000 ,  0.0000 ,  0.0000 ,  0.0000 ,  0.0000 ,
  0.0000 ,  0.0000 ,  0.0000 ,  0.0000 ,  0.0000 ,  0.0000 ,
  0.0000 ,  0.0000 ,  0.0000 ,  0.0000 ,  0.0000 ,  0.0000 ,
  0.0000 ,  0.0000 ,  0.0000 ,  0.0000 ,  0.0000 ,  0.0000 ,
  0.0000 ,  0.0000 ,  0.0000 ,  0.0000 ,  0.0000 ,  0.0000 ,
  0.0000 ,  0.0000 ,  0.0000 ,  0.0000 ,  0.0000 ,  0.0000 ,
  0.0000 ,  0.0000 ,  0.0000 ,  0.0000 ,  0.0000 ,  0.0000 ,
  0.0000 ,  0.0000 ,  0.0000 ,  0.0000 ,  0.0000 ,  0.0000 ,
  0.0000 ,  0.0000 ,  0.0000 ,  0.0000 ,  0.0000 ,  0.0000 ,
  0.0000 ,  0.0000 ,  0.0000 ,  0.0000 ,  0.0000 ,  0.0000 ,
  0.0000 ,  0.0000 ,  0.0000 ,  0.0000 ,  0.0000 ,  0.0000 ,
  0.0000 ,  0.0000 ,  0.0000 ,  0.0000 ,  0.0000 ,  0.0000 ,
  0.0000 ,  0.0000 ,  0.0000 ,  0.0000 ,  0.0000 ,  0.0000 ,
  0.0000 ,  0.0000 ,  0.0000 ,  0.0000 ,  0.0000 ,  0.0000 ,
  0.0000 ,  0.0000 ,  0.0000 ,  0.0000 ,  0.0000 ,  0.0000 ,
  0.0000 ,  0.0000 ,  0.0000 ,  0.0000 ,  0.0000 ,  0.0000 ,
  0.0000 ,  0.0000 ,  0.0000 ,  0.0000 ,  0.0000 ,  0.0000 ,
  0.0000 ,  0.0000 ,  0.0000 ,  0.0000 ,  0.0000 ,  0.0000 ,
  0.0000 ,  0.0000 ,  0.0000 ,  0.0000 ,  0.0000 ,  0.0000 ,
  0.0000 ,  0.0000 ,  0.0000 ,  0.0000 ,  0.0000 ,  0.0000 ,
  0.0000 ,  0.0000 ,  0.0000 ,  0.0000 ,  0.0000 ,  0.0000 ,
  0.0000 ,  0.0000 ,  0.0000 ,  0.0000 ,  0.0000 ,  0.0000 ,
  0.0000 ,  0.0000 ,  0.0000 ,  0.0000 ,  0.0000 ,  0.0000 ,
  0.0000 ,  0.0000 ,  0.0000 ,  0.0000 ,  0.0000 ,  0.0000 ,
  0.0000 ,  0.0000 ,  0.0000 ,  0.0000 ,  0.0000 ,  0.0000 ,
  0.0000 ,  0.0000 ,  0.0000 ,  0.0000 ,  0.0000 ,  0.0000 ,
  0.0000 ,  0.0000 ,  0.0000 ,  0.0000 ,  0.0000 ,  0.0000 ,
  0.0000 ,  0.0000 ,  0.0000 ,  0.0000 ,  0.0000 ,  0.0000 ,
  0.0000 ,  0.0000 ,  0.0000 ,  0.0000 ,  0.0000 ,  0.0000 ,
  0.0000 ,  0.0000 ,  0.0000 ,  0.0000 ,  0.0000 ,  0.0000 ,
  0.0000 ,  0.0000 ,  0.0000 ,  0.0000 ,  0.0000 ,  0.0000 ,
  0.0000 ,  0.0000 ,  0.0000 ,  0.0000 ,  0.0000 ,  0.0000 ,
  0.0000 ,  0.0000 ,  0.0000 ,  0.0000 ,  0.0000 ,  0.0000 ,
  0.0000 ,  0.0000 ,  0.0000 ,  0.0000 ,  0.0000 ,  0.0000 ,
  0.0000 ,  0.0000 ,  0.0000 ,  0.0000 ,  0.0000 ,  0.0000 ,
  0.0000 ,  0.0000 ,  0.0000 ,  0.0000 ,  0.0000 ,  0.0000 ,
  0.0000 ,  0.0000 ,  0.0000 ,  0.0000 ,  0.0000 ,  0.0000 ,
  0.0000 ,  0.0000 ,  0.0000 ,  0.0000 ,  0.0000 ,  0.0000 ,
  0.0000 ,  0.0000 ,  0.0000 ,  0.0000 ,  0.0000 ,  0.0000 ,
  0.0000 ,  0.0000 ,  0.0000 ,  0.0000 ,  0.0000 ,  0.0000 ,
  0.0000 ,  0.0000 ,  0.0000 ,  0.0000 ,  0.0000 ,  0.0000 ,
  0.0000 ,  0.0000 ,  0.0000 ,  0.0000 ,  0.0000 ,  0.0000 ,
  0.0000 ,  0.0000 ,  0.0000 ,  0.0000 ,  0.0000 ,  0.0000 ,
  0.0000 ,  0.0000 ,  0.0000 ,  0.0000 ,  0.0000 ,  0.0000 ,
  0.0000 ,  0.0000 ,  0.0000 ,  0.0000 ,  0.0000 ,  0.0000 ,
  0.0000 ,  0.0000 ,  0.0000 ,  0.0000 ,  0.0000 ,  0.0000 ,
  0.0000 ,  0.0000 ,  0.0000 ,  0.0000 ,  0.0000 ,  0.0000 ,
  0.0000 ,  0.0000 ,  0.0000 ,  0.0000 ,  0.0000 ,  0.0000 ,
  0.0000 ,  0.0000 ,  0.0000 ,  0.0000 ,  0.0000 ,  0.0000 ,
  0.0000 ,  0.0000 ,  0.0000 ,  0.0000 ,  0.0000 ,  0.0000 ,
  0.0000 ,  0.0000 ,  0.0000 ,  0.0000 ,  0.0000 ,  0.0000 ,
  0.0000 ,  0.0000 ,  0.0000 ,  0.0000 ,  0.0000 ,  0.0000 ,
  0.0000 ,  0.0000 ,  0.0000 ,  0.0000 ,  0.0000 ,  0.0000 ,
  0.0000 ,  0.0000 ,  0.0000 ,  0.0000 ,  0.0000 ,  0.0000 ,
  0.0000 ,  0.0000 ,  0.0000 ,  0.0000 ,  0.0000 ,  0.0000 ,
  0.0000 ,  0.0000 ,  0.0000 ,  0.0000 ,  0.0000 ,  0.0000 ,
  0.0000 ,  0.0000 ,  0.0000 ,  0.0000 ,  0.0000 ,  0.0000 ,
  0.0000 ,  0.0000 ,  0.0000 ,  0.0000 ,  0.0000 ,  0.0000 ,
  0.0000 ,  0.0000 ,  0.0000 ,  0.0000 ,  0.0000 ,  0.0000 ,
  0.0000 ,  0.0000 ,  0.0000 ,  0.0000 ,  0.0000 ,  0.0000 ,
  0.0000 ,  0.0000 ,  0.0000 ,  0.0000 ,  0.0000 ,  0.0000 ,
  0.0000 ,  0.0000 ,  0.0000 ,  0.0000 ,  0.0000 ,  0.0000 ,
  0.0000 ,  0.0000 ,  0.0000 ,  0.0000 ,  0.0000 ,  0.0000 ,
  0.0000 ,  0.0000 ,  0.0000 ,  0.0000 ,  0.0000 ,  0.0000 ,
  0.0000 ,  0.0000 ,  0.0000 ,  0.0000 ,  0.0000 ,  0.0000 ,
  0.0000 ,  0.0000 ,  0.0000 ,  0.0000 ,  0.0000 ,  0.0000 ,
  0.0000 ,  0.0000 ,  0.0000 ,  0.0000 ,  0.0000 ,  0.0000 ,
  0.0000 ,  0.0000 ,  0.0000 ,  0.0000 ,  0.0000 ,  0.0000 ,
  0.0000 ,  0.0000 ,  0.0000 ,  0.0000 ,  0.0000 ,  0.0000 ,
  0.0000 ,  0.0000 ,  0.0000 ,  0.0000 ,  0.0000 ,  0.0000 ,
  0.0000 ,  0.0000 ,  0.0000 ,  0.0000 ,  0.0000 ,  0.0000 ,
  0.0000 ,  0.0000 ,  0.0000 ,  0.0000 ,  0.0000 ,  0.0000 ,
  0.0000 ,  0.0000 ,  0.0000 ,  0.0000 ,  0.0000 ,  0.0000 ,
  0.0000 ,  0.0000 ,  0.0000 ,  0.0000 ,  0.0000 ,  0.0000 ,
  0.0000 ,  0.0000 ,  0.0000 ,  0.0000 ,  0.0000 ,  0.0000 ,
  0.0000 ,  0.0000 ,  0.0000 ,  0.0000 ,  0.0000 ,  0.0000 ,
  0.0000 ,  0.0000 ,  0.0000 ,  0.0000 ,  0.0000 ,  0.0000 ,
  0.0000 ,  0.0000 ,  0.0000 ,  0.0000 ,  0.0000 ,  0.0000 ,
  0.0000 ,  0.0000 ,  0.0000 ,  0.0000 ,  0.0000 ,  0.0000 ,
  0.0000 ,  0.0000 ,  0.0000 ,  0.0000 ,  0.0000 ,  0.0000 ,
  0.0000 ,  0.0000 ,  0.0000 ,  0.0000 ,  0.0000 ,  0.0000 ,
  0.0000 ,  0.0000 ,  0.0000 ,  0.0000 ,  0.0000 ,  0.0000 ,
  0.0000 ,  0.0000 ,  0.0000 ,  0.0000 ,  0.0000 ,  0.0000 ,
  0.0000 ,  0.0000 ,  0.0000 ,  0.0000 ,  0.0000 ,  0.0000 ,
  0.0000 ,  0.0000 ,  0.0000 ,  0.0000 ,  0.0000 ,  0.0000 ,
  0.0000 ,  0.0000 ,  0.0000 ,  0.0000 ,  0.0000 ,  0.0000 ,
  0.0000 ,  0.0000 ,  0.0000 ,  0.0000 ,  0.0000 ,  0.0000 ,
  0.0000 ,  0.0000 ,  0.0000 ,  0.0000 ,  0.0000 ,  0.0000 ,
  0.0000 ,  0.0000 ,  0.0000 ,  0.0000 ,  0.0000 ,  0.0000 ,
  0.0000 ,  0.0000 ,  0.0000 ,  0.0000 ,  0.0000 ,  0.0000 ,
  0.0000 ,  0.0000 ,  0.0000 ,  0.0000 ,  0.0000 ,  0.0000 ,
  0.0000 ,  0.0000 ,  0.0000 ,  0.0000 ,  0.0000 ,  0.0000 ,
  0.0000 ,  0.0000 ,  0.0000 ,  0.0000 ,  0.0000 ,  0.0000 ,
  0.0000 ,  0.0000 ,  0.0000 ,  0.0000 ,  0.0000 ,  0.0000 ,
  0.0000 ,  0.0000 ,  0.0000 ,  0.0000 ,  0.0000 ,  0.0000 ,
  0.0000 ,  0.0000 ,  0.0000 ,  0.0000 ,  0.0000 ,  0.0000 ,
  0.0000 ,  0.0000 ,  0.0000 ,  0.0000 ,  0.0000 ,  0.0000 ,
  0.0000 ,  0.0000 ,  0.0000 ,  0.0000 ,  0.0000 ,  0.0000 ,
  0.0000 ,  0.0000 ,  0.0000 ,  0.0000 ,  0.0000 ,  0.0000 ,
  0.0000 ,  0.0000 ,  0.0000 ,  0.0000 ,  0.0000 ,  0.0000 ,
  0.0000 ,  0.0000 ,  0.0000 ,  0.0000 ,  0.0000 ,  0.0000 ,
  0.0000 ,  0.0000 ,  0.0000 ,  0.0000 ,  0.0000 ,  0.0000 ,
  0.0000 ,  0.0000 ,  0.0000 ,  0.0000 ,  0.0000 ,  0.0000 ,
  0.0000 ,  0.0000 ,  0.0000 ,  0.0000 ,  0.0000 ,  0.0000 ,
  0.0000 ,  0.0000 ,  0.0000 ,  0.0000 ,  0.0000 ,  0.0000 ,
  0.0000 ,  0.0000 ,  0.0000 ,  0.0000 ,  0.0000 ,  0.0000 ,
  0.0000 ,  0.0000 ,  0.0000 ,  0.0000 ,  0.0000 ,  0.0000 ,
  0.0000 ,  0.0000 ,  0.0000 ,  0.0000 ,  0.0000 ,  0.0000 ,
  0.0000 ,  0.0000 ,  0.0000 ,  0.0000 ,  0.0000 ,  0.0000 ,
  0.0000 ,  0.0000 ,  0.0000 ,  0.0000 ,  0.0000 ,  0.0000 ,
  0.0000 ,  0.0000 ,  0.0000 ,  0.0000 ,  0.0000 ,  0.0000 ,
  0.0000 ,  0.0000 ,  0.0000 ,  0.0000 ,  0.0000 ,  0.0000 ,
  0.0000 ,  0.0000 ,  0.0000 ,  0.0000 ,  0.0000 ,  0.0000 ,
  0.0000 ,  0.0000 ,  0.0000 ,  0.0000 ,  0.0000 ,  0.0000 ,
  0.0000 ,  0.0000 ,  0.0000 ,  0.0000 ,  0.0000 ,  0.0000 ,
  0.0000 ,  0.0000 ,  0.0000 ,  0.0000 ,  0.0000 ,  0.0000 ,
  0.0000 ,  0.0000 ,  0.0000 ,  0.0000 ,  0.0000 ,  0.0000 ,
  0.0000 ,  0.0000 ,  0.0000 ,  0.0000 ,  0.0000 ,  0.0000 ,
  0.0000 ,  0.0000 ,  0.0000 ,  0.0000 ,  0.0000 ,  0.0000 ,
  0.0000 ,  0.0000 ,  0.0000 ,  0.0000 ,  0.0000 ,  0.0000 ,
  0.0000 ,  0.0000 ,  0.0000 ,  0.0000 ,  0.0000 ,  0.0000 ,
  0.0000 ,  0.0000 ,  0.0000 ,  0.0000 ,  0.0000 ,  0.0000 ,
  0.0000 ,  0.0000 ,  0.0000 ,  0.0000 ,  0.0000 ,  0.0000 ,
  0.0000 ,  0.0000 ,  0.0000 ,  0.0000 ,  0.0000 ,  0.0000 ,
  0.0000 ,  0.0000 ,  0.0000 ,  0.0000 ,  0.0000 ,  0.0000 ,
  0.0000 ,  0.0000 ,  0.0000 ,  0.0000 ,  0.0000 ,  0.0000 ,
  0.0000 ,  0.0000 ,  0.0000 ,  0.0000 ,  0.0000 ,  0.0000 ,
  0.0000 ,  0.0000 ,  0.0000 ,  0.0000 ,  0.0000 ,  0.0000 ,
  0.0000 ,  0.0000 ,  0.0000 ,  0.0000 ,  0.0000 ,  0.0000 ,
  0.0000 ,  0.0000 ,  0.0000 ,  0.0000 ,  0.0000 ,  0.0000 ,
  0.0000 ,  0.0000 ,  0.0000 ,  0.0000 ,  0.0000 ,  0.0000 ,
  0.0000 ,  0.0000 ,  0.0000 ,  0.0000 ,  0.0000 ,  0.0000 ,
  0.0000 ,  0.0000 ,  0.0000 ,  0.0000 ,  0.0000 ,  0.0000 ,
  0.0000 ,  0.0000 ,  0.0000 ,  0.0000 ,  0.0000 ,  0.0000 ,
  0.0000 ,  0.0000 ,  0.0000 ,  0.0000 ,  0.0000 ,  0.0000 ,
  0.0000 ,  0.0000 ,  0.0000 ,  0.0000 ,  0.0000 ,  0.0000 ,
  0.0000 ,  0.0000 ,  0.0000 ,  0.0000 ,  0.0000 ,  0.0000 ,
  0.0000 ,  0.0000 ,  0.0000 ,  0.0000 ,  0.0000 ,  0.0000 ,
  0.0000 ,  0.0000 ,  0.0000 ,  0.0000 ,  0.0000 ,  0.0000 ,
  0.0000 ,  0.0000 ,  0.0000 ,  0.0000 ,  0.0000 ,  0.0000 ,
  0.0000 ,  0.0000 ,  0.0000 ,  0.0000 ,  0.0000 ,  0.0000 ,
  0.0000 ,  0.0000 ,  0.0000 ,  0.0000 ,  0.0000 ,  0.0000 ,
  0.0000 ,  0.0000 ,  0.0000 ,  0.0000 ,  0.0000 ,  0.0000 ,
  0.0000 ,  0.0000 ,  0.0000 ,  0.0000 ,  0.0000 ,  0.0000 ,
  0.0000 ,  0.0000 ,  0.0000 ,  0.0000 ,  0.0000 ,  0.0000 ,
  0.0000 ,  0.0000 ,  0.0000 ,  0.0000 ,  0.0000 ,  0.0000 ,
  0.0000 ,  0.0000 ,  0.0000 ,  0.0000 ,  0.0000 ,  0.0000 ,
  0.0000 ,  0.0000 ,  0.0000 ,  0.0000 ,  0.0000 ,  0.0000 ,
  0.0000 ,  0.0000 ,  0.0000 ,  0.0000 ,  0.0000 ,  0.0000 ,
  0.0000 ,  0.0000 ,  0.0000 ,  0.0000 ,  0.0000 ,  0.0000 ,
  0.0000 ,  0.0000 ,  0.0000 ,  0.0000 ,  0.0000 ,  0.0000 ,
  0.0000 ,  0.0000 ,  0.0000 ,  0.0000 ,  0.0000 ,  0.0000 ,
  0.0000 ,  0.0000 ,  0.0000 ,  0.0000 ,  0.0000 ,  0.0000 ,
  0.0000 ,  0.0000 ,  0.0000 ,  0.0000 ,  0.0000 ,  0.0000 ,
  0.0000 ,  0.0000 ,  0.0000 ,  0.0000 ,  0.0000 ,  0.0000 ,
  0.0000 ,  0.0000 ,  0.0000 ,  0.0000 ,  0.0000 ,  0.0000 ,
  0.0000 ,  0.0000 ,  0.0000 ,  0.0000 ,  0.0000 ,  0.0000 ,
  0.0000 ,  0.0000 ,  0.0000 ,  0.0000 ,  0.0000 ,  0.0000 ,
  0.0000 ,  0.0000 ,  0.0000 ,  0.0000 ,  0.0000 ,  0.0000 ,
  0.0000 ,  0.0000 ,  0.0000 ,  0.0000 ,  0.0000 ,  0.0000 ,
  0.0000 ,  0.0000 ,  0.0000 ,  0.0000 ,  0.0000 ,  0.0000 ,
  0.0000 ,  0.0000 ,  0.0000 ,  0.0000 ,  0.0000 ,  0.0000 ,
  0.0000 ,  0.0000 ,  0.0000 ,  0.0000 ,  0.0000 ,  0.0000 ,
  0.0000 ,  0.0000 ,  0.0000 ,  0.0000 ,  0.0000 ,  0.0000 ,
  0.0000 ,  0.0000 ,  0.0000 ,  0.0000 ,  0.0000 ,  0.0000 ,
  0.0000 ,  0.0000 ,  0.0000 ,  0.0000 ,  0.0000 ,  0.0000 ,
  0.0000 ,  0.0000 ,  0.0000 ,  0.0000 ,  0.0000 ,  0.0000 ,
  0.0000 ,  0.0000 ,  0.0000 ,  0.0000 ,  0.0000 ,  0.0000 ,
  0.0000 ,  0.0000 ,  0.0000 ,  0.0000 ,  0.0000 ,  0.0000 ,
  0.0000 ,  0.0000 ,  0.0000 ,  0.0000 ,  0.0000 ,  0.0000 ,
  0.0000 ,  0.0000 ,  0.0000 ,  0.0000 ,  0.0000 ,  0.0000 ,
  0.0000 ,  0.0000 ,  0.0000 ,  0.0000 ,  0.0000 ,  0.0000 ,
  0.0000 ,  0.0000 ,  0.0000 ,  0.0000 ,  0.0000 ,  0.0000 ,
  0.0000 ,  0.0000 ,  0.0000 ,  0.0000 ,  0.0000 ,  0.0000 ,
  0.0000 ,  0.0000 ,  0.0000 ,  0.0000 ,  0.0000 ,  0.0000 ,
  0.0000 ,  0.0000 ,  0.0000 ,  0.0000 ,  0.0000 ,  0.0000 ,
  0.0000 ,  0.0000 ,  0.0000 ,  0.0000 ,  0.0000 ,  0.0000 ,
  0.0000 ,  0.0000 ,  0.0000 ,  0.0000 ,  0.0000 ,  0.0000 ,
  0.0000 ,  0.0000 ,  0.0000 ,  0.0000 ,  0.0000 ,  0.0000 ,
  0.0000 ,  0.0000 ,  0.0000 ,  0.0000 ,  0.0000 ,  0.0000 ,
  0.0000 ,  0.0000 ,  0.0000 ,  0.0000 ,  0.0000 ,  0.0000 ,
  0.0000 ,  0.0000 ,  0.0000 ,  0.0000 ,  0.0000 ,  0.0000 ,
  0.0000 ,  0.0000 ,  0.0000 ,  0.0000 ,  0.0000 ,  0.0000 ,
  0.0000 ,  0.0000 ,  0.0000 ,  0.0000 ,  0.0000 ,  0.0000 ,
  0.0000 ,  0.0000 ,  0.0000 ,  0.0000 ,  0.0000 ,  0.0000 ,
  0.0000 ,  0.0000 ,  0.0000 ,  0.0000 ,  0.0000 ,  0.0000 ,
  0.0000 ,  0.0000 ,  0.0000 ,  0.0000 ,  0.0000 ,  0.0000 ,
  0.0000 ,  0.0000 ,  0.0000 ,  0.0000 ,  0.0000 ,  0.0000 ,
  0.0000 ,  0.0000 ,  0.0000 ,  0.0000 ,  0.0000 ,  0.0000 ,
  0.0000 ,  0.0000 ,  0.0000 ,  0.0000 ,  0.0000 ,  0.0000 ,
  0.0000 ,  0.0000 ,  0.0000 ,  0.0000 ,  0.0000 ,  0.0000 ,
  0.0000 ,  0.0000 ,  0.0000 ,  0.0000 ,  0.0000 ,  0.0000 ,
  0.0000 ,  0.0000 ,  0.0000 ,  0.0000 ,  0.0000 ,  0.0000 ,
  0.0000 ,  0.0000 ,  0.0000 ,  0.0000 ,  0.0000 ,  0.0000 ,
  0.0000 ,  0.0000 ,  0.0000 ,  0.0000 ,  0.0000 ,  0.0000 ,
  0.0000 ,  0.0000 ,  0.0000 ,  0.0000 ,  0.0000 ,  0.0000 ,
  0.0000 ,  0.0000 ,  0.0000 ,  0.0000 ,  0.0000 ,  0.0000 ,
  0.0000 ,  0.0000 ,  0.0000 ,  0.0000 ,  0.0000 ,  0.0000 ,
  0.0000 ,  0.0000 ,  0.0000 ,  0.0000 ,  0.0000 ,  0.0000 ,
  0.0000 ,  0.0000 ,  0.0000 ,  0.0000 ,  0.0000 ,  0.0000 ,
  0.0000 ,  0.0000 ,  0.0000 ,  0.0000 ,  0.0000 ,  0.0000 ,
  0.0000 ,  0.0000 ,  0.0000 ,  0.0000 ,  0.0000 ,  0.0000 ,
  0.0000 ,  0.0000 ,  0.0000 ,  0.0000 ,  0.0000 ,  0.0000 ,
  0.0000 ,  0.0000 ,  0.0000 ,  0.0000 ,  0.0000 ,  0.0000 ,
  0.0000 ,  0.0000 ,  0.0000 ,  0.0000 ,  0.0000 ,  0.0000 ,
  0.0000 ,  0.0000 ,  0.0000 ,  0.0000 ,  0.0000 ,  0.0000 ,
  0.0000 ,  0.0000 ,  0.0000 ,  0.0000 ,  0.0000 ,  0.0000 ,
  0.0000 ,  0.0000 ,  0.0000 ,  0.0000 ,  0.0000 ,  0.0000 ,
  0.0000 ,  0.0000 ,  0.0000 ,  0.0000 ,  0.0000 ,  0.0000 ,
  0.0000 ,  0.0000 ,  0.0000 ,  0.0000 ,  0.0000 ,  0.0000 ,
  0.0000 ,  0.0000 ,  0.0000 ,  0.0000 ,  0.0000 ,  0.0000 ,
  0.0000 ,  0.0000 ,  0.0000 ,  0.0000 ,  0.0000 ,  0.0000 ,
  0.0000 ,  0.0000 ,  0.0000 ,  0.0000 ,  0.0000 ,  0.0000 ,
  0.0000 ,  0.0000 ,  0.0000 ,  0.0000 ,  0.0000 ,  0.0000 ,
  0.0000 ,  0.0000 ,  0.0000 ,  0.0000 ,  0.0000 ,  0.0000 ,
  0.0000 ,  0.0000 ,  0.0000 ,  0.0000 ,  0.0000 ,  0.0000 ,
  0.0000 ,  0.0000 ,  0.0000 ,  0.0000 ,  0.0000 ,  0.0000 ,
  0.0000 ,  0.0000 ,  0.0000 ,  0.0000 ,  0.0000 ,  0.0000 ,
  0.0000 ,  0.0000 ,  0.0000 ,  0.0000 ,  0.0000 ,  0.0000 ,
  0.0000 ,  0.0000 ,  0.0000 ,  0.0000 ,  0.0000 ,  0.0000 ,
  0.0000 ,  0.0000 ,  0.0000 ,  0.0000 ,  0.0000 ,  0.0000 ,
  0.0000 ,  0.0000 ,  0.0000 ,  0.0000 ,  0.0000 ,  0.0000 ,
  0.0000 ,  0.0000 ,  0.0000 ,  0.0000 ,  0.0000 ,  0.0000 ,
  0.0000 ,  0.0000 ,  0.0000 ,  0.0000 ,  0.0000 ,  0.0000 ,
  0.0000 ,  0.0000 ,  0.0000 ,  0.0000 ,  0.0000 ,  0.0000 ,
  0.0000 ,  0.0000 ,  0.0000 ,  0.0000 ,  0.0000 ,  0.0000 ,
  0.0000 ,  0.0000 ,  0.0000 ,  0.0000 ,  0.0000 ,  0.0000 ,
  0.0000 ,  0.0000 ,  0.0000 ,  0.0000 ,  0.0000 ,  0.0000 ,
  0.0000 ,  0.0000 ,  0.0000 ,  0.0000 ,  0.0000 ,  0.0000 ,
  0.0000 ,  0.0000 ,  0.0000 ,  0.0000 ,  0.0000 ,  0.0000 ,
  0.0000 ,  0.0000 ,  0.0000 ,  0.0000 ,  0.0000 ,  0.0000 ,
  0.0000 ,  0.0000 ,  0.0000 ,  0.0000 ,  0.0000 ,  0.0000 ,
  0.0000 ,  0.0000 ,  0.0000 ,  0.0000 ,  0.0000 ,  0.0000 ,
  0.0000 ,  0.0000 ,  0.0000 ,  0.0000 ,  0.0000 ,  0.0000 ,
  0.0000 ,  0.0000 ,  0.0000 ,  0.0000 ,  0.0000 ,  0.0000 ,
  0.0000 ,  0.0000 ,  0.0000 ,  0.0000 ,  0.0000 ,  0.0000 ,
  0.0000 ,  0.0000 ,  0.0000 ,  0.0000 ,  0.0000 ,  0.0000 ,
  0.0000 ,  0.0000 ,  0.0000 ,  0.0000 ,  0.0000 ,  0.0000 ,
  0.0000 ,  0.0000 ,  0.0000 ,  0.0000 ,  0.0000 ,  0.0000 ,
  0.0000 ,  0.0000 ,  0.0000 ,  0.0000 ,  0.0000 ,  0.0000 ,
  0.0000 ,  0.0000 ,  0.0000 ,  0.0000 ,  0.0000 ,  0.0000 ,
  0.0000 ,  0.0000 ,  0.0000 ,  0.0000 ,  0.0000 ,  0.0000 ,
  0.0000 ,  0.0000 ,  0.0000 ,  0.0000 ,  0.0000 ,  0.0000 ,
  0.0000 ,  0.0000 ,  0.0000 ,  0.0000 ,  0.0000 ,  0.0000 ,
  0.0000 ,  0.0000 ,  0.0000 ,  0.0000 ,  0.0000 ,  0.0000 ,
  0.0000 ,  0.0000 ,  0.0000 ,  0.0000 ,  0.0000 ,  0.0000 ,
  0.0000 ,  0.0000 ,  0.0000 ,  0.0000 ,  0.0000 ,  0.0000 ,
  0.0000 ,  0.0000 ,  0.0000 ,  0.0000 ,  0.0000 ,  0.0000 ,
  0.0000 ,  0.0000 ,  0.0000 ,  0.0000 ,  0.0000 ,  0.0000 ,
  0.0000 ,  0.0000 ,  0.0000 ,  0.0000 ,  0.0000 ,  0.0000 ,
  0.0000 ,  0.0000 ,  0.0000 ,  0.0000 ,  0.0000 ,  0.0000 ,
  0.0000 ,  0.0000 ,  0.0000 ,  0.0000 ,  0.0000 ,  0.0000 ,
  0.0000 ,  0.0000 ,  0.0000 ,  0.0000 ,  0.0000 ,  0.0000 ,
  0.0000 ,  0.0000 ,  0.0000 ,  0.0000 ,  0.0000 ,  0.0000 ,
  0.0000 ,  0.0000 ,  0.0000 ,  0.0000 ,  0.0000 ,  0.0000 ,
  0.0000 ,  0.0000 ,  0.0000 ,  0.0000 ,  0.0000 ,  0.0000 ,
  0.0000 ,  0.0000 ,  0.0000 ,  0.0000 ,  0.0000 ,  0.0000 ,
  0.0000 ,  0.0000 ,  0.0000 ,  0.0000 ,  0.0000 ,  0.0000 ,
  0.0000 ,  0.0000 ,  0.0000 ,  0.0000 ,  0.0000 ,  0.0000 ,
  0.0000 ,  0.0000 ,  0.0000 ,  0.0000 ,  0.0000 ,  0.0000 ,
  0.0000 ,  0.0000 ,  0.0000 ,  0.0000 ,  0.0000 ,  0.0000 ,
  0.0000 ,  0.0000 ,  0.0000 ,  0.0000 ,  0.0000 ,  0.0000 ,
  0.0000 ,  0.0000 ,  0.0000 ,  0.0000 ,  0.0000 ,  0.0000 ,
  0.0000 ,  0.0000 ,  0.0000 ,  0.0000 ,  0.0000 ,  0.0000 ,
  0.0000 ,  0.0000 ,  0.0000 ,  0.0000 ,  0.0000 ,  0.0000 ,
  0.0000 ,  0.0000 ,  0.0000 ,  0.0000 ,  0.0000 ,  0.0000 ,
  0.0000 ,  0.0000 ,  0.0000 ,  0.0000 ,  0.0000 ,  0.0000 ,
  0.0000 ,  0.0000 ,  0.0000 ,  0.0000 ,  0.0000 ,  0.0000 ,
  0.0000 ,  0.0000 ,  0.0000 ,  0.0000 ,  0.0000 ,  0.0000 ,
  0.0000 ,  0.0000 ,  0.0000 ,  0.0000 ,  0.0000 ,  0.0000 ,
  0.0000 ,  0.0000 ,  0.0000 ,  0.0000 ,  0.0000 ,  0.0000 ,
  0.0000 ,  0.0000 ,  0.0000 ,  0.0000 ,  0.0000 ,  0.0000 ,
  0.0000 ,  0.0000 ,  0.0000 ,  0.0000 ,  0.0000 ,  0.0000 ,
  0.0000 ,  0.0000 ,  0.0000 ,  0.0000 ,  0.0000 ,  0.0000 ,
  0.0000 ,  0.0000 ,  0.0000 ,  0.0000 ,  0.0000 ,  0.0000 ,
  0.0000 ,  0.0000 ,  0.0000 ,  0.0000 ,  0.0000 ,  0.0000 ,
  0.0000 ,  0.0000 ,  0.0000 ,  0.0000 ,  0.0000 ,  0.0000 ,
  0.0000 ,  0.0000 ,  0.0000 ,  0.0000 ,  0.0000 ,  0.0000 ,
  0.0000 ,  0.0000 ,  0.0000 ,  0.0000 ,  0.0000 ,  0.0000 ,
  0.0000 ,  0.0000 ,  0.0000 ,  0.0000 ,  0.0000 ,  0.0000 ,
  0.0000 ,  0.0000 ,  0.0000 ,  0.0000 ,  0.0000 ,  0.0000 ,
  0.0000 ,  0.0000 ,  0.0000 ,  0.0000 ,  0.0000 ,  0.0000 ,
  0.0000 ,  0.0000 ,  0.0000 ,  0.0000 ,  0.0000 ,  0.0000 ,
  0.0000 ,  0.0000 ,  0.0000 ,  0.0000 ,  0.0000 ,  0.0000 ,
  0.0000 ,  0.0000 ,  0.0000 ,  0.0000 ,  0.0000 ,  0.0000 ,
  0.0000 ,  0.0000 ,  0.0000 ,  0.0000 ,  0.0000 ,  0.0000 ,
  0.0000 ,  0.0000 ,  0.0000 ,  0.0000 ,  0.0000 ,  0.0000 ,
  0.0000 ,  0.0000 ,  0.0000 ,  0.0000 ,  0.0000 ,  0.0000 ,
  0.0000 ,  0.0000 ,  0.0000 ,  0.0000 ,  0.0000 ,  0.0000 ,
  0.0000 ,  0.0000 ,  0.0000 ,  0.0000 ,  0.0000 ,  0.0000 ,
  0.0000 ,  0.0000 ,  0.0000 ,  0.0000 ,  0.0000 ,  0.0000 ,
  0.0000 ,  0.0000 ,  0.0000 ,  0.0000 ,  0.0000 ,  0.0000 ,
  0.0000 ,  0.0000 ,  0.0000 ,  0.0000 ,  0.0000 ,  0.0000 ,
  0.0000 ,  0.0000 ,  0.0000 ,  0.0000 ,  0.0000 ,  0.0000 ,
  0.0000 ,  0.0000 ,  0.0000 ,  0.0000 ,  0.0000 ,  0.0000 ,
  0.0000 ,  0.0000 ,  0.0000 ,  0.0000 ,  0.0000 ,  0.0000 ,
  0.0000 ,  0.0000 ,  0.0000 ,  0.0000 ,  0.0000 ,  0.0000 ,
  0.0000 ,  0.0000 ,  0.0000 ,  0.0000 ,  0.0000 ,  0.0000 ,
  0.0000 ,  0.0000 ,  0.0000 ,  0.0000 ,  0.0000 ,  0.0000 ,
  0.0000 ,  0.0000 ,  0.0000 ,  0.0000 ,  0.0000 ,  0.0000 ,
  0.0000 ,  0.0000 ,  0.0000 ,  0.0000 ,  0.0000 ,  0.0000 ,
  0.0000 ,  0.0000 ,  0.0000 ,  0.0000 ,  0.0000 ,  0.0000 ,
  0.0000 ,  0.0000 ,  0.0000 ,  0.0000 ,  0.0000 ,  0.0000 ,
  0.0000 ,  0.0000 ,  0.0000 ,  0.0000 ,  0.0000 ,  0.0000 ,
  0.0000 ,  0.0000 ,  0.0000 ,  0.0000 ,  0.0000 ,  0.0000 ,
  0.0000 ,  0.0000 ,  0.0000 ,  0.0000 ,  0.0000 ,  0.0000 ,
  0.0000 ,  0.0000 ,  0.0000 ,  0.0000 ,  0.0000 ,  0.0000 ,
  0.0000 ,  0.0000 ,  0.0000 ,  0.0000 ,  0.0000 ,  0.0000 ,
  0.0000 ,  0.0000 ,  0.0000 ,  0.0000 ,  0.0000 ,  0.0000 ,
  0.0000 ,  0.0000 ,  0.0000 ,  0.0000 ,  0.0000 ,  0.0000 ,
  0.0000 ,  0.0000 ,  0.0000 ,  0.0000 ,  0.0000 ,  0.0000 ,
  0.0000 ,  0.0000 ,  0.0000 ,  0.0000 ,  0.0000 ,  0.0000 ,
  0.0000 ,  0.0000 ,  0.0000 ,  0.0000 ,  0.0000 ,  0.0000 ,
  0.0000 ,  0.0000 ,  0.0000 ,  0.0000 ,  0.0000 ,  0.0000 ,
  0.0000 ,  0.0000 ,  0.0000 ,  0.0000 ,  0.0000 ,  0.0000 ,
  0.0000 ,  0.0000 ,  0.0000 ,  0.0000 ,  0.0000 ,  0.0000 ,
  0.0000 ,  0.0000 ,  0.0000 ,  0.0000 ,  0.0000 ,  0.0000 ,
  0.0000 ,  0.0000 ,  0.0000 ,  0.0000 ,  0.0000 ,  0.0000 ,
  0.0000 ,  0.0000 ,  0.0000 ,  0.0000 ,  0.0000 ,  0.0000 ,
  0.0000 ,  0.0000 ,  0.0000 ,  0.0000 ,  0.0000 ,  0.0000 ,
  0.0000 ,  0.0000 ,  0.0000 ,  0.0000 ,  0.0000 ,  0.0000 ,
  0.0000 ,  0.0000 ,  0.0000 ,  0.0000 ,  0.0000 ,  0.0000 ,
  0.0000 ,  0.0000 ,  0.0000 ,  0.0000 ,  0.0000 ,  0.0000 ,
  0.0000 ,  0.0000 ,  0.0000 ,  0.0000 ,  0.0000 ,  0.0000 ,
  0.0000 ,  0.0000 ,  0.0000 ,  0.0000 ,  0.0000 ,  0.0000 ,
  0.0000 ,  0.0000 ,  0.0000 ,  0.0000 ,  0.0000 ,  0.0000 ,
  0.0000 ,  0.0000 ,  0.0000 ,  0.0000 ,  0.0000 ,  0.0000 ,
  0.0000 ,  0.0000 ,  0.0000 ,  0.0000 ,  0.0000 ,  0.0000 ,
  0.0000 ,  0.0000 ,  0.0000 ,  0.0000 ,  0.0000 ,  0.0000 ,
  0.0000 ,  0.0000 ,  0.0000 ,  0.0000 ,  0.0000 ,  0.0000 ,
  0.0000 ,  0.0000 ,  0.0000 ,  0.0000 ,  0.0000 ,  0.0000 ,
  0.0000 ,  0.0000 ,  0.0000 ,  0.0000 ,  0.0000 ,  0.0000 ,
  0.0000 ,  0.0000 ,  0.0000 ,  0.0000 ,  0.0000 ,  0.0000 ,
  0.0000 ,  0.0000 ,  0.0000 ,  0.0000 ,  0.0000 ,  0.0000 ,
  0.0000 ,  0.0000 ,  0.0000 ,  0.0000 ,  0.0000 ,  0.0000 ,
  0.0000 ,  0.0000 ,  0.0000 ,  0.0000 ,  0.0000 ,  0.0000 ,
  0.0000 ,  0.0000 ,  0.0000 ,  0.0000 ,  0.0000 ,  0.0000 ,
  0.0000 ,  0.0000 ,  0.0000 ,  0.0000 ,  0.0000 ,  0.0000 ,
  0.0000 ,  0.0000 ,  0.0000 ,  0.0000 ,  0.0000 ,  0.0000 ,
  0.0000 ,  0.0000 ,  0.0000 ,  0.0000 ,  0.0000 ,  0.0000 ,
  0.0000 ,  0.0000 ,  0.0000 ,  0.0000 ,  0.0000 ,  0.0000 ,
  0.0000 ,  0.0000 ,  0.0000 ,  0.0000 ,  0.0000 ,  0.0000 ,
  0.0000 ,  0.0000 ,  0.0000 ,  0.0000 ,  0.0000 ,  0.0000 ,
  0.0000 ,  0.0000 ,  0.0000 ,  0.0000 ,  0.0000 ,  0.0000 ,
  0.0000 ,  0.0000 ,  0.0000 ,  0.0000 ,  0.0000 ,  0.0000 ,
  0.0000 ,  0.0000 ,  0.0000 ,  0.0000 ,  0.0000 ,  0.0000 ,
  0.0000 ,  0.0000 ,  0.0000 ,  0.0000 ,  0.0000 ,  0.0000 ,
  0.0000 ,  0.0000 ,  0.0000 ,  0.0000 ,  0.0000 ,  0.0000 ,
  0.0000 ,  0.0000 ,  0.0000 ,  0.0000 ,  0.0000 ,  0.0000 ,
  0.0000 ,  0.0000 ,  0.0000 ,  0.0000 ,  0.0000 ,  0.0000 ,
  0.0000 ,  0.0000 ,  0.0000 ,  0.0000 ,  0.0000 ,  0.0000 ,
  0.0000 ,  0.0000 ,  0.0000 ,  0.0000 ,  0.0000 ,  0.0000 ,
  0.0000 ,  0.0000 ,  0.0000 ,  0.0000 ,  0.0000 ,  0.0000 ,
  0.0000 ,  0.0000 ,  0.0000 ,  0.0000 ,  0.0000 ,  0.0000 ,
  0.0000 ,  0.0000 ,  0.0000 ,  0.0000 ,  0.0000 ,  0.0000 ,
  0.0000 ,  0.0000 ,  0.0000 ,  0.0000 ,  0.0000 ,  0.0000 ,
  0.0000 ,  0.0000 ,  0.0000 ,  0.0000 ,  0.0000 ,  0.0000 ,
  0.0000 ,  0.0000 ,  0.0000 ,  0.0000 ,  0.0000 ,  0.0000 ,
  0.0000 ,  0.0000 ,  0.0000 ,  0.0000 ,  0.0000 ,  0.0000 ,
  0.0000 ,  0.0000 ,  0.0000 ,  0.0000 ,  0.0000 ,  0.0000 ,
  0.0000 ,  0.0000 ,  0.0000 ,  0.0000 ,  0.0000 ,  0.0000 ,
  0.0000 ,  0.0000 ,  0.0000 ,  0.0000 ,  0.0000 ,  0.0000 ,
  0.0000 ,  0.0000 ,  0.0000 ,  0.0000 ,  0.0000 ,  0.0000 ,
  0.0000 ,  0.0000 ,  0.0000 ,  0.0000 ,  0.0000 ,  0.0000 ,
  0.0000 ,  0.0000 ,  0.0000 ,  0.0000 ,  0.0000 ,  0.0000 ,
  0.0000 ,  0.0000 ,  0.0000 ,  0.0000 ,  0.0000 ,  0.0000 ,
  0.0000 ,  0.0000 ,  0.0000 ,  0.0000 ,  0.0000 ,  0.0000 ,
  0.0000 ,  0.0000 ,  0.0000 ,  0.0000 ,  0.0000 ,  0.0000 ,
  0.0000 ,  0.0000 ,  0.0000 ,  0.0000 ,  0.0000 ,  0.0000 ,
  0.0000 ,  0.0000 ,  0.0000 ,  0.0000 ,  0.0000 ,  0.0000 ,
  0.0000 ,  0.0000 ,  0.0000 ,  0.0000 ,  0.0000 ,  0.0000 ,
  0.0000 ,  0.0000 ,  0.0000 ,  0.0000 ,  0.0000 ,  0.0000 ,
  0.0000 ,  0.0000 ,  0.0000 ,  0.0000 ,  0.0000 ,  0.0000 ,
  0.0000 ,  0.0000 ,  0.0000 ,  0.0000 ,  0.0000 ,  0.0000 ,
  0.0000 ,  0.0000 ,  0.0000 ,  0.0000 ,  0.0000 ,  0.0000 ,
  0.0000 ,  0.0000 ,  0.0000 ,  0.0000 ,  0.0000 ,  0.0000 ,
  0.0000 ,  0.0000 ,  0.0000 ,  0.0000 ,  0.0000 ,  0.0000 ,
  0.0000 ,  0.0000 ,  0.0000 ,  0.0000 ,  0.0000 ,  0.0000 ,
  0.0000 ,  0.0000 ,  0.0000 ,  0.0000 ,  0.0000 ,  0.0000 ,
  0.0000 ,  0.0000 ,  0.0000 ,  0.0000 ,  0.0000 ,  0.0000 ,
  0.0000 ,  0.0000 ,  0.0000 ,  0.0000 ,  0.0000 ,  0.0000 ,
  0.0000 ,  0.0000 ,  0.0000 ,  0.0000 ,  0.0000 ,  0.0000 ,
  0.0000 ,  0.0000 ,  0.0000 ,  0.0000 ,  0.0000 ,  0.0000 ,
  0.0000 ,  0.0000 ,  0.0000 ,  0.0000 ,  0.0000 ,  0.0000 ,
  0.0000 ,  0.0000 ,  0.0000 ,  0.0000 ,  0.0000 ,  0.0000 ,
  0.0000 ,  0.0000 ,  0.0000 ,  0.0000 ,  0.0000 ,  0.0000 ,
  0.0000 ,  0.0000 ,  0.0000 ,  0.0000 ,  0.0000 ,  0.0000 ,
  0.0000 ,  0.0000 ,  0.0000 ,  0.0000 ,  0.0000 ,  0.0000 ,
  0.0000 ,  0.0000 ,  0.0000 ,  0.0000 ,  0.0000 ,  0.0000 ,
  0.0000 ,  0.0000 ,  0.0000 ,  0.0000 ,  0.0000 ,  0.0000 ,
  0.0000 ,  0.0000 ,  0.0000 ,  0.0000 ,  0.0000 ,  0.0000 ,
  0.0000 ,  0.0000 ,  0.0000 ,  0.0000 ,  0.0000 ,  0.0000 ,
  0.0000 ,  0.0000 ,  0.0000 ,  0.0000 ,  0.0000 ,  0.0000 ,
  0.0000 ,  0.0000 ,  0.0000 ,  0.0000 ,  0.0000 ,  0.0000 ,
  0.0000 ,  0.0000 ,  0.0000 ,  0.0000 ,  0.0000 ,  0.0000 ,
  0.0000 ,  0.0000 ,  0.0000 ,  0.0000 ,  0.0000 ,  0.0000 ,
  0.0000 ,  0.0000 ,  0.0000 ,  0.0000 ,  0.0000 ,  0.0000 ,
  0.0000 ,  0.0000 ,  0.0000 ,  0.0000 ,  0.0000 ,  0.0000 ,
  0.0000 ,  0.0000 ,  0.0000 ,  0.0000 ,  0.0000 ,  0.0000 ,
  0.0000 ,  0.0000 ,  0.0000 ,  0.0000 ,  0.0000 ,  0.0000 ,
  0.0000 ,  0.0000 ,  0.0000 ,  0.0000 ,  0.0000 ,  0.0000 ,
  0.0000 ,  0.0000 ,  0.0000 ,  0.0000 ,  0.0000 ,  0.0000 ,
  0.0000 ,  0.0000 ,  0.0000 ,  0.0000 ,  0.0000 ,  0.0000 ,
  0.0000 ,  0.0000 ,  0.0000 ,  0.0000 ,  0.0000 ,  0.0000 ,
  0.0000 ,  0.0000 ,  0.0000 ,  0.0000 ,  0.0000 ,  0.0000 ,
  0.0000 ,  0.0000 ,  0.0000 ,  0.0000 ,  0.0000 ,  0.0000 ,
  0.0000 ,  0.0000 ,  0.0000 ,  0.0000 ,  0.0000 ,  0.0000 ,
  0.0000 ,  0.0000 ,  0.0000 ,  0.0000 ,  0.0000 ,  0.0000 ,
  0.0000 ,  0.0000 ,  0.0000 ,  0.0000 ,  0.0000 ,  0.0000 ,
  0.0000 ,  0.0000 ,  0.0000 ,  0.0000 ,  0.0000 ,  0.0000 ,
  0.0000 ,  0.0000 ,  0.0000 ,  0.0000 ,  0.0000 ,  0.0000 ,
  0.0000 ,  0.0000 ,  0.0000 ,  0.0000 ,  0.0000 ,  0.0000 ,
  0.0000 ,  0.0000 ,  0.0000 ,  0.0000 ,  0.0000 ,  0.0000 ,
  0.0000 ,  0.0000 ,  0.0000 ,  0.0000 ,  0.0000 ,  0.0000 ,
  0.0000 ,  0.0000 ,  0.0000 ,  0.0000 ,  0.0000 ,  0.0000 ,
  0.0000 ,  0.0000 ,  0.0000 ,  0.0000 ,  0.0000 ,  0.0000 ,
  0.0000 ,  0.0000 ,  0.0000 ,  0.0000 ,  0.0000 ,  0.0000 ,
  0.0000 ,  0.0000 ,  0.0000 ,  0.0000 ,  0.0000 ,  0.0000 ,
  0.0000 ,  0.0000 ,  0.0000 ,  0.0000 ,  0.0000 ,  0.0000 ,
  0.0000 ,  0.0000 ,  0.0000 ,  0.0000 ,  0.0000 ,  0.0000 ,
  0.0000 ,  0.0000 ,  0.0000 ,  0.0000 ,  0.0000 ,  0.0000 ,
  0.0000 ,  0.0000 ,  0.0000 ,  0.0000 ,  0.0000 ,  0.0000 ,
  0.0000 ,  0.0000 ,  0.0000 ,  0.0000 ,  0.0000 ,  0.0000 ,
  0.0000 ,  0.0000 ,  0.0000 ,  0.0000 ,  0.0000 ,  0.0000 ,
  0.0000 ,  0.0000 ,  0.0000 ,  0.0000 ,  0.0000 ,  0.0000 ,
  0.0000 ,  0.0000 ,  0.0000 ,  0.0000 ,  0.0000 ,  0.0000 ,
  0.0000 ,  0.0000 ,  0.0000 ,  0.0000 ,  0.0000 ,  0.0000 ,
  0.0000 ,  0.0000 ,  0.0000 ,  0.0000 ,  0.0000 ,  0.0000 ,
  0.0000 ,  0.0000 ,  0.0000 ,  0.0000 ,  0.0000 ,  0.0000 ,
  0.0000 ,  0.0000 ,  0.0000 ,  0.0000 ,  0.0000 ,  0.0000 ,
  0.0000 ,  0.0000 ,  0.0000 ,  0.0000 ,  0.0000 ,  0.0000 ,
  0.0000 ,  0.0000 ,  0.0000 ,  0.0000 ,  0.0000 ,  0.0000 ,
  0.0000 ,  0.0000 ,  0.0000 ,  0.0000 ,  0.0000 ,  0.0000 ,
  0.0000 ,  0.0000 ,  0.0000 ,  0.0000 ,  0.0000 ,  0.0000 ,
  0.0000 ,  0.0000 ,  0.0000 ,  0.0000 ,  0.0000 ,  0.0000 ,
  0.0000 ,  0.0000 ,  0.0000 ,  0.0000 ,  0.0000 ,  0.0000 ,
  0.0000 ,  0.0000 ,  0.0000 ,  0.0000 ,  0.0000 ,  0.0000 ,
  0.0000 ,  0.0000 ,  0.0000 ,  0.0000 ,  0.0000 ,  0.0000 ,
  0.0000 ,  0.0000 ,  0.0000 ,  0.0000 ,  0.0000 ,  0.0000 ,
  0.0000 ,  0.0000 ,  0.0000 ,  0.0000 ,  0.0000 ,  0.0000 ,
  0.0000 ,  0.0000 ,  0.0000 ,  0.0000 ,  0.0000 ,  0.0000 ,
  0.0000 ,  0.0000 ,  0.0000 ,  0.0000 ,  0.0000 ,  0.0000 ,
  0.0000 ,  0.0000 ,  0.0000 ,  0.0000 ,  0.0000 ,  0.0000 ,
  0.0000 ,  0.0000 ,  0.0000 ,  0.0000 ,  0.0000 ,  0.0000 ,
  0.0000 ,  0.0000 ,  0.0000 ,  0.0000 ,  0.0000 ,  0.0000 ,
  0.0000 ,  0.0000 ,  0.0000 ,  0.0000 ,  0.0000 ,  0.0000 ,
  0.0000 ,  0.0000 ,  0.0000 ,  0.0000 ,  0.0000 ,  0.0000 ,
  0.0000 ,  0.0000 ,  0.0000 ,  0.0000 ,  0.0000 ,  0.0000 ,
  0.0000 ,  0.0000 ,  0.0000 ,  0.0000 ,  0.0000 ,  0.0000 ,
  0.0000 ,  0.0000 ,  0.0000 ,  0.0000 ,  0.0000 ,  0.0000 ,
  0.0000 ,  0.0000 ,  0.0000 ,  0.0000 ,  0.0000 ,  0.0000 ,
  0.0000 ,  0.0000 ,  0.0000 ,  0.0000 ,  0.0000 ,  0.0000 ,
  0.0000 ,  0.0000 ,  0.0000 ,  0.0000 ,  0.0000 ,  0.0000 ,
  0.0000 ,  0.0000 ,  0.0000 ,  0.0000 ,  0.0000 ,  0.0000 ,
  0.0000 ,  0.0000 ,  0.0000 ,  0.0000 ,  0.0000 ,  0.0000 ,
  0.0000 ,  0.0000 ,  0.0000 ,  0.0000 ,  0.0000 ,  0.0000 ,
  0.0000 ,  0.0000 ,  0.0000 ,  0.0000 ,  0.0000 ,  0.0000 ,
  0.0000 ,  0.0000 ,  0.0000 ,  0.0000 ,  0.0000 ,  0.0000 ,
  0.0000 ,  0.0000 ,  0.0000 ,  0.0000 ,  0.0000 ,  0.0000 ,
  0.0000 ,  0.0000 ,  0.0000 ,  0.0000 ,  0.0000 ,  0.0000 ,
  0.0000 ,  0.0000 ,  0.0000 ,  0.0000 ,  0.0000 ,  0.0000 ,
  0.0000 ,  0.0000 ,  0.0000 ,  0.0000 ,  0.0000 ,  0.0000 ,
  0.0000 ,  0.0000 ,  0.0000 ,  0.0000 ,  0.0000 ,  0.0000 ,
  0.0000 ,  0.0000 ,  0.0000 ,  0.0000 ,  0.0000 ,  0.0000 ,
  0.0000 ,  0.0000 ,  0.0000 ,  0.0000 ,  0.0000 ,  0.0000 ,
  0.0000 ,  0.0000 ,  0.0000 ,  0.0000 ,  0.0000 ,  0.0000 ,
  0.0000 ,  0.0000 ,  0.0000 ,  0.0000 ,  0.0000 ,  0.0000 ,
  0.0000 ,  0.0000 ,  0.0000 ,  0.0000 ,  0.0000 ,  0.0000 ,
  0.0000 ,  0.0000 ,  0.0000 ,  0.0000 ,  0.0000 ,  0.0000 ,
  0.0000 ,  0.0000 ,  0.0000 ,  0.0000 ,  0.0000 ,  0.0000 ,
  0.0000 ,  0.0000 ,  0.0000 ,  0.0000 ,  0.0000 ,  0.0000 ,
  0.0000 ,  0.0000 ,  0.0000 ,  0.0000 ,  0.0000 ,  0.0000 ,
  0.0000 ,  0.0000 ,  0.0000 ,  0.0000 ,  0.0000 ,  0.0000 ,
  0.0000 ,  0.0000 ,  0.0000 ,  0.0000 ,  0.0000 ,  0.0000 ,
  0.0000 ,  0.0000 ,  0.0000 ,  0.0000 ,  0.0000 ,  0.0000 ,
  0.0000 ,  0.0000 ,  0.0000 ,  0.0000 ,  0.0000 ,  0.0000 ,
  0.0000 ,  0.0000 ,  0.0000 ,  0.0000 ,  0.0000 ,  0.0000 ,
  0.0000 ,  0.0000 ,  0.0000 ,  0.0000 ,  0.0000 ,  0.0000 ,
  0.0000 ,  0.0000 ,  0.0000 ,  0.0000 ,  0.0000 ,  0.0000 ,
  0.0000 ,  0.0000 ,  0.0000 ,  0.0000 ,  0.0000 ,  0.0000 ,
  0.0000 ,  0.0000 ,  0.0000 ,  0.0000 ,  0.0000 ,  0.0000 ,
  0.0000 ,  0.0000 ,  0.0000 ,  0.0000 ,  0.0000 ,  0.0000 ,
  0.0000 ,  0.0000 ,  0.0000 ,  0.0000 ,  0.0000 ,  0.0000 ,
  0.0000 ,  0.0000 ,  0.0000 ,  0.0000 ,  0.0000 ,  0.0000 ,
  0.0000 ,  0.0000 ,  0.0000 ,  0.0000 ,  0.0000 ,  0.0000 ,
  0.0000 ,  0.0000 ,  0.0000 ,  0.0000 ,  0.0000 ,  0.0000 ,
  0.0000 ,  0.0000 ,  0.0000 ,  0.0000 ,  0.0000 ,  0.0000 ,
  0.0000 ,  0.0000 ,  0.0000 ,  0.0000 ,  0.0000 ,  0.0000 ,
  0.0000 ,  0.0000 ,  0.0000 ,  0.0000 ,  0.0000 ,  0.0000 ,
  0.0000 ,  0.0000 ,  0.0000 ,  0.0000 ,  0.0000 ,  0.0000 ,
  0.0000 ,  0.0000 ,  0.0000 ,  0.0000 ,  0.0000 ,  0.0000 ,
  0.0000 ,  0.0000 ,  0.0000 ,  0.0000 ,  0.0000 ,  0.0000 ,
  0.0000 ,  0.0000 ,  0.0000 ,  0.0000 ,  0.0000 ,  0.0000 ,
  0.0000 ,  0.0000 ,  0.0000 ,  0.0000 ,  0.0000 ,  0.0000 ,
  0.0000 ,  0.0000 ,  0.0000 ,  0.0000 ,  0.0000 ,  0.0000 ,
  0.0000 ,  0.0000 ,  0.0000 ,  0.0000 ,  0.0000 ,  0.0000 ,
  0.0000 ,  0.0000 ,  0.0000 ,  0.0000 ,  0.0000 ,  0.0000 ,
  0.0000 ,  0.0000 ,  0.0000 ,  0.0000 ,  0.0000 ,  0.0000 ,
  0.0000 ,  0.0000 ,  0.0000 ,  0.0000 ,  0.0000 ,  0.0000 ,
  0.0000 ,  0.0000 ,  0.0000 ,  0.0000 ,  0.0000 ,  0.0000 ,
  0.0000 ,  0.0000 ,  0.0000 ,  0.0000 ,  0.0000 ,  0.0000 ,
  0.0000 ,  0.0000 ,  0.0000 ,  0.0000 ,  0.0000 ,  0.0000 ,
  0.0000 ,  0.0000 ,  0.0000 ,  0.0000 ,  0.0000 ,  0.0000 ,
  0.0000 ,  0.0000 ,  0.0000 ,  0.0000 ,  0.0000 ,  0.0000 ,
  0.0000 ,  0.0000 ,  0.0000 ,  0.0000 ,  0.0000 ,  0.0000 ,
  0.0000 ,  0.0000 ,  0.0000 ,  0.0000 ,  0.0000 ,  0.0000 ,
  0.0000 ,  0.0000 ,  0.0000 ,  0.0000 ,  0.0000 ,  0.0000 ,
  0.0000 ,  0.0000 ,  0.0000 ,  0.0000 ,  0.0000 ,  0.0000 ,
  0.0000 ,  0.0000 ,  0.0000 ,  0.0000 ,  0.0000 ,  0.0000 ,
  0.0000 ,  0.0000 ,  0.0000 ,  0.0000 ,  0.0000 ,  0.0000 ,
  0.0000 ,  0.0000 ,  0.0000 ,  0.0000 ,  0.0000 ,  0.0000 ,
  0.0000 ,  0.0000 ,  0.0000 ,  0.0000 ,  0.0000 ,  0.0000 ,
  0.0000 ,  0.0000 ,  0.0000 ,  0.0000 ,  0.0000 ,  0.0000 ,
  0.0000 ,  0.0000 ,  0.0000 ,  0.0000 ,  0.0000 ,  0.0000 ,
  0.0000 ,  0.0000 ,  0.0000 ,  0.0000 ,  0.0000 ,  0.0000 ,
  0.0000 ,  0.0000 ,  0.0000 ,  0.0000 ,  0.0000 ,  0.0000 ,
  0.0000 ,  0.0000 ,  0.0000 ,  0.0000 ,  0.0000 ,  0.0000 ,
  0.0000 ,  0.0000 ,  0.0000 ,  0.0000 ,  0.0000 ,  0.0000 ,
  0.0000 ,  0.0000 ,  0.0000 ,  0.0000 ,  0.0000 ,  0.0000 ,
  0.0000 ,  0.0000 ,  0.0000 ,  0.0000 ,  0.0000 ,  0.0000 ,
  0.0000 ,  0.0000 ,  0.0000 ,  0.0000 ,  0.0000 ,  0.0000 ,
  0.0000 ,  0.0000 ,  0.0000 ,  0.0000 ,  0.0000 ,  0.0000 ,
  0.0000 ,  0.0000 ,  0.0000 ,  0.0000 ,  0.0000 ,  0.0000 ,
  0.0000 ,  0.0000 ,  0.0000 ,  0.0000 ,  0.0000 ,  0.0000 ,
  0.0000 ,  0.0000 ,  0.0000 ,  0.0000 ,  0.0000 ,  0.0000 ,
  0.0000 ,  0.0000 ,  0.0000 ,  0.0000 ,  0.0000 ,  0.0000 ,
  0.0000 ,  0.0000 ,  0.0000 ,  0.0000 ,  0.0000 ,  0.0000 ,
  0.0000 ,  0.0000 ,  0.0000 ,  0.0000 ,  0.0000 ,  0.0000 ,
  0.0000 ,  0.0000 ,  0.0000 ,  0.0000 ,  0.0000 ,  0.0000 ,
  0.0000 ,  0.0000 ,  0.0000 ,  0.0000 ,  0.0000 ,  0.0000 ,
  0.0000 ,  0.0000 ,  0.0000 ,  0.0000 ,  0.0000 ,  0.0000 ,
  0.0000 ,  0.0000 ,  0.0000 ,  0.0000 ,  0.0000 ,  0.0000 ,
  0.0000 ,  0.0000 ,  0.0000 ,  0.0000 ,  0.0000 ,  0.0000 ,
  0.0000 ,  0.0000 ,  0.0000 ,  0.0000 ,  0.0000 ,  0.0000 ,
  0.0000 ,  0.0000 ,  0.0000 ,  0.0000 ,  0.0000 ,  0.0000 ,
  0.0000 ,  0.0000 ,  0.0000 ,  0.0000 ,  0.0000 ,  0.0000 ,
  0.0000 ,  0.0000 ,  0.0000 ,  0.0000 ,  0.0000 ,  0.0000 ,
  0.0000 ,  0.0000 ,  0.0000 ,  0.0000 ,  0.0000 ,  0.0000 ,
  0.0000 ,  0.0000 ,  0.0000 ,  0.0000 ,  0.0000 ,  0.0000 ,
  0.0000 ,  0.0000 ,  0.0000 ,  0.0000 ,  0.0000 ,  0.0000 ,
  0.0000 ,  0.0000 ,  0.0000 ,  0.0000 ,  0.0000 ,  0.0000 ,
  0.0000 ,  0.0000 ,  0.0000 ,  0.0000 ,  0.0000 ,  0.0000 ,
  0.0000 ,  0.0000 ,  0.0000 ,  0.0000 ,  0.0000 ,  0.0000 ,
  0.0000 ,  0.0000 ,  0.0000 ,  0.0000 ,  0.0000 ,  0.0000 ,
  0.0000 ,  0.0000 ,  0.0000 ,  0.0000 ,  0.0000 ,  0.0000 ,
  0.0000 ,  0.0000 ,  0.0000 ,  0.0000 ,  0.0000 ,  0.0000 ,
  0.0000 ,  0.0000 ,  0.0000 ,  0.0000 ,  0.0000 ,  0.0000 ,
  0.0000 ,  0.0000 ,  0.0000 ,  0.0000 ,  0.0000 ,  0.0000 ,
  0.0000 ,  0.0000 ,  0.0000 ,  0.0000 ,  0.0000 ,  0.0000 ,
  0.0000 ,  0.0000 ,  0.0000 ,  0.0000 ,  0.0000 ,  0.0000 ,
  0.0000 ,  0.0000 ,  0.0000 ,  0.0000 ,  0.0000 ,  0.0000 ,
  0.0000 ,  0.0000 ,  0.0000 ,  0.0000 ,  0.0000 ,  0.0000 ,
  0.0000 ,  0.0000 ,  0.0000 ,  0.0000 ,  0.0000 ,  0.0000 ,
  0.0000 ,  0.0000 ,  0.0000 ,  0.0000 ,  0.0000 ,  0.0000 ,
  0.0000 ,  0.0000 ,  0.0000 ,  0.0000 ,  0.0000 ,  0.0000 ,
  0.0000 ,  0.0000 ,  0.0000 ,  0.0000 ,  0.0000 ,  0.0000 ,
  0.0000 ,  0.0000 ,  0.0000 ,  0.0000 ,  0.0000 ,  0.0000 ,
  0.0000 ,  0.0000 ,  0.0000 ,  0.0000 ,  0.0000 ,  0.0000 ,
  0.0000 ,  0.0000 ,  0.0000 ,  0.0000 ,  0.0000 ,  0.0000 ,
  0.0000 ,  0.0000 ,  0.0000 ,  0.0000 ,  0.0000 ,  0.0000 ,
  0.0000 ,  0.0000 ,  0.0000 ,  0.0000 ,  0.0000 ,  0.0000 ,
  0.0000 ,  0.0000 ,  0.0000 ,  0.0000 ,  0.0000 ,  0.0000 ,
  0.0000 ,  0.0000 ,  0.0000 ,  0.0000 ,  0.0000 ,  0.0000 ,
  0.0000 ,  0.0000 ,  0.0000 ,  0.0000 ,  0.0000 ,  0.0000 ,
  0.0000 ,  0.0000 ,  0.0000 ,  0.0000 ,  0.0000 ,  0.0000 ,
  0.0000 ,  0.0000 ,  0.0000 ,  0.0000 ,  0.0000 ,  0.0000 ,
  0.0000 ,  0.0000 ,  0.0000 ,  0.0000 ,  0.0000 ,  0.0000 ,
  0.0000 ,  0.0000 ,  0.0000 ,  0.0000 ,  0.0000 ,  0.0000 ,
  0.0000 ,  0.0000 ,  0.0000 ,  0.0000 ,  0.0000 ,  0.0000 ,
  0.0000 ,  0.0000 ,  0.0000 ,  0.0000 ,  0.0000 ,  0.0000 ,
  0.0000 ,  0.0000 ,  0.0000 ,  0.0000 ,  0.0000 ,  0.0000 ,
  0.0000 ,  0.0000 ,  0.0000 ,  0.0000 ,  0.0000 ,  0.0000 ,
  0.0000 ,  0.0000 ,  0.0000 ,  0.0000 ,  0.0000 ,  0.0000 ,
  0.0000 ,  0.0000 ,  0.0000 ,  0.0000 ,  0.0000 ,  0.0000 ,
  0.0000 ,  0.0000 ,  0.0000 ,  0.0000 ,  0.0000 ,  0.0000 ,
  0.0000 ,  0.0000 ,  0.0000 ,  0.0000 ,  0.0000 ,  0.0000 ,
  0.0000 ,  0.0000 ,  0.0000 ,  0.0000 ,  0.0000 ,  0.0000 ,
  0.0000 ,  0.0000 ,  0.0000 ,  0.0000 ,  0.0000 ,  0.0000 ,
  0.0000 ,  0.0000 ,  0.0000 ,  0.0000 ,  0.0000 ,  0.0000 ,
  0.0000 ,  0.0000 ,  0.0000 ,  0.0000 ,  0.0000 ,  0.0000 ,
  0.0000 ,  0.0000 ,  0.0000 ,  0.0000 ,  0.0000 ,  0.0000 ,
  0.0000 ,  0.0000 ,  0.0000 ,  0.0000 ,  0.0000 ,  0.0000 ,
  0.0000 ,  0.0000 ,  0.0000 ,  0.0000 ,  0.0000 ,  0.0000 ,
  0.0000 ,  0.0000 ,  0.0000 ,  0.0000 ,  0.0000 ,  0.0000 ,
  0.0000 ,  0.0000 ,  0.0000 ,  0.0000 ,  0.0000 ,  0.0000 ,
  0.0000 ,  0.0000 ,  0.0000 ,  0.0000 ,  0.0000 ,  0.0000 ,
  0.0000 ,  0.0000 ,  0.0000 ,  0.0000 ,  0.0000 ,  0.0000 ,
  0.0000 ,  0.0000 ,  0.0000 ,  0.0000 ,  0.0000 ,  0.0000 ,
  0.0000 ,  0.0000 ,  0.0000 ,  0.0000 ,  0.0000 ,  0.0000 ,
  0.0000 ,  0.0000 ,  0.0000 ,  0.0000 ,  0.0000 ,  0.0000 ,
  0.0000 ,  0.0000 ,  0.0000 ,  0.0000 ,  0.0000 ,  0.0000 ,
  0.0000 ,  0.0000 ,  0.0000 ,  0.0000 ,  0.0000 ,  0.0000 ,
  0.0000 ,  0.0000 ,  0.0000 ,  0.0000 ,  0.0000 ,  0.0000 ,
  0.0000 ,  0.0000 ,  0.0000 ,  0.0000 ,  0.0000 ,  0.0000 ,
  0.0000 ,  0.0000 ,  0.0000 ,  0.0000 ,  0.0000 ,  0.0000 ,
  0.0000 ,  0.0000 ,  0.0000 ,  0.0000 ,  0.0000 ,  0.0000 ,
  0.0000 ,  0.0000 ,  0.0000 ,  0.0000 ,  0.0000 ,  0.0000 ,
  0.0000 ,  0.0000 ,  0.0000 ,  0.0000 ,  0.0000 ,  0.0000 ,
  0.0000 ,  0.0000 ,  0.0000 ,  0.0000 ,  0.0000 ,  0.0000 ,
  0.0000 ,  0.0000 ,  0.0000 ,  0.0000 ,  0.0000 ,  0.0000 ,
  0.0000 ,  0.0000 ,  0.0000 ,  0.0000 ,  0.0000 ,  0.0000 ,
  0.0000 ,  0.0000 ,  0.0000 ,  0.0000 ,  0.0000 ,  0.0000 ,
  0.0000 ,  0.0000 ,  0.0000 ,  0.0000 ,  0.0000 ,  0.0000 ,
  0.0000 ,  0.0000 ,  0.0000 ,  0.0000 ,  0.0000 ,  0.0000 ,
  0.0000 ,  0.0000 ,  0.0000 ,  0.0000 ,  0.0000 ,  0.0000 ,
  0.0000 ,  0.0000 ,  0.0000 ,  0.0000 ,  0.0000 ,  0.0000 ,
  0.0000 ,  0.0000 ,  0.0000 ,  0.0000 ,  0.0000 ,  0.0000 ,
  0.0000 ,  0.0000 ,  0.0000 ,  0.0000 ,  0.0000 ,  0.0000 ,
  0.0000 ,  0.0000 ,  0.0000 ,  0.0000 ,  0.0000 ,  0.0000 ,
  0.0000 ,  0.0000 ,  0.0000 ,  0.0000 ,  0.0000 ,  0.0000 ,
  0.0000 ,  0.0000 ,  0.0000 ,  0.0000 ,  0.0000 ,  0.0000 ,
  0.0000 ,  0.0000 ,  0.0000 ,  0.0000 ,  0.0000 ,  0.0000 ,
  0.0000 ,  0.0000 ,  0.0000 ,  0.0000 ,  0.0000 ,  0.0000 ,
  0.0000 ,  0.0000 ,  0.0000 ,  0.0000 ,  0.0000 ,  0.0000 ,
  0.0000 ,  0.0000 ,  0.0000 ,  0.0000 ,  0.0000 ,  0.0000 ,
  0.0000 ,  0.0000 ,  0.0000 ,  0.0000 ,  0.0000 ,  0.0000 ,
  0.0000 ,  0.0000 ,  0.0000 ,  0.0000 ,  0.0000 ,  0.0000 ,
  0.0000 ,  0.0000 ,  0.0000 ,  0.0000 ,  0.0000 ,  0.0000 ,
  0.0000 ,  0.0000 ,  0.0000 ,  0.0000 ,  0.0000 ,  0.0000 ,
  0.0000 ,  0.0000 ,  0.0000 ,  0.0000 ,  0.0000 ,  0.0000 ,
  0.0000 ,  0.0000 ,  0.0000 ,  0.0000 ,  0.0000 ,  0.0000 ,
  0.0000 ,  0.0000 ,  0.0000 ,  0.0000 ,  0.0000 ,  0.0000 ,
  0.0000 ,  0.0000 ,  0.0000 ,  0.0000 ,  0.0000 ,  0.0000 ,
  0.0000 ,  0.0000 ,  0.0000 ,  0.0000 ,  0.0000 ,  0.0000 ,
  0.0000 ,  0.0000 ,  0.0000 ,  0.0000 ,  0.0000 ,  0.0000 ,
  0.0000 ,  0.0000 ,  0.0000 ,  0.0000 ,  0.0000 ,  0.0000 ,
  0.0000 ,  0.0000 ,  0.0000 ,  0.0000 ,  0.0000 ,  0.0000 ,
  0.0000 ,  0.0000 ,  0.0000 ,  0.0000 ,  0.0000 ,  0.0000 ,
  0.0000 ,  0.0000 ,  0.0000 ,  0.0000 ,  0.0000 ,  0.0000 ,
  0.0000 ,  0.0000 ,  0.0000 ,  0.0000 ,  0.0000 ,  0.0000 ,
  0.0000 ,  0.0000 ,  0.0000 ,  0.0000 ,  0.0000 ,  0.0000 ,
  0.0000 ,  0.0000 ,  0.0000 ,  0.0000 ,  0.0000 ,  0.0000 ,
  0.0000 ,  0.0000 ,  0.0000 ,  0.0000 ,  0.0000 ,  0.0000 ,
  0.0000 ,  0.0000 ,  0.0000 ,  0.0000 ,  0.0000 ,  0.0000 ,
  0.0000 ,  0.0000 ,  0.0000 ,  0.0000 ,  0.0000 ,  0.0000 ,
  0.0000 ,  0.0000 ,  0.0000 ,  0.0000 ,  0.0000 ,  0.0000 ,
  0.0000 ,  0.0000 ,  0.0000 ,  0.0000 ,  0.0000 ,  0.0000 ,
  0.0000 ,  0.0000 ,  0.0000 ,  0.0000 ,  0.0000 ,  0.0000 ,
  0.0000 ,  0.0000 ,  0.0000 ,  0.0000 ,  0.0000 ,  0.0000 ,
  0.0000 ,  0.0000 ,  0.0000 ,  0.0000 ,  0.0000 ,  0.0000 ,
  0.0000 ,  0.0000 ,  0.0000 ,  0.0000 ,  0.0000 ,  0.0000 ,
  0.0000 ,  0.0000 ,  0.0000 ,  0.0000 ,  0.0000 ,  0.0000 ,
  0.0000 ,  0.0000 ,  0.0000 ,  0.0000 ,  0.0000 ,  0.0000 ,
  0.0000 ,  0.0000 ,  0.0000 ,  0.0000 ,  0.0000 ,  0.0000 ,
  0.0000 ,  0.0000 ,  0.0000 ,  0.0000 ,  0.0000 ,  0.0000 ,
  0.0000 ,  0.0000 ,  0.0000 ,  0.0000 ,  0.0000 ,  0.0000 ,
  0.0000 ,  0.0000 ,  0.0000 ,  0.0000 ,  0.0000 ,  0.0000 ,
  0.0000 ,  0.0000 ,  0.0000 ,  0.0000 ,  0.0000 ,  0.0000 ,
  0.0000 ,  0.0000 ,  0.0000 ,  0.0000 ,  0.0000 ,  0.0000 ,
  0.0000 ,  0.0000 ,  0.0000 ,  0.0000 ,  0.0000 ,  0.0000 ,
  0.0000 ,  0.0000 ,  0.0000 ,  0.0000 ,  0.0000 ,  0.0000 ,
  0.0000 ,  0.0000 ,  0.0000 ,  0.0000 ,  0.0000 ,  0.0000 ,
  0.0000 ,  0.0000 ,  0.0000 ,  0.0000 ,  0.0000 ,  0.0000 ,
  0.0000 ,  0.0000 ,  0.0000 ,  0.0000 ,  0.0000 ,  0.0000 ,
  0.0000 ,  0.0000 ,  0.0000 ,  0.0000 ,  0.0000 ,  0.0000 ,
  0.0000 ,  0.0000 ,  0.0000 ,  0.0000 ,  0.0000 ,  0.0000 ,
  0.0000 ,  0.0000 ,  0.0000 ,  0.0000 ,  0.0000 ,  0.0000 ,
  0.0000 ,  0.0000 ,  0.0000 ,  0.0000 ,  0.0000 ,  0.0000 ,
  0.0000 ,  0.0000 ,  0.0000 ,  0.0000 ,  0.0000 ,  0.0000 ,
  0.0000 ,  0.0000 ,  0.0000 ,  0.0000 ,  0.0000 ,  0.0000 ,
  0.0000 ,  0.0000 ,  0.0000 ,  0.0000 ,  0.0000 ,  0.0000 ,
  0.0000 ,  0.0000 ,  0.0000 ,  0.0000 ,  0.0000 ,  0.0000 ,
  0.0000 ,  0.0000 ,  0.0000 ,  0.0000 ,  0.0000 ,  0.0000 ,
  0.0000 ,  0.0000 ,  0.0000 ,  0.0000 ,  0.0000 ,  0.0000 ,
  0.0000 ,  0.0000 ,  0.0000 ,  0.0000 ,  0.0000 ,  0.0000 ,
  0.0000 ,  0.0000 ,  0.0000 ,  0.0000 ,  0.0000 ,  0.0000 ,
  0.0000 ,  0.0000 ,  0.0000 ,  0.0000 ,  0.0000 ,  0.0000 ,
  0.0000 ,  0.0000 ,  0.0000 ,  0.0000 ,  0.0000 ,  0.0000 ,
  0.0000 ,  0.0000 ,  0.0000 ,  0.0000 ,  0.0000 ,  0.0000 ,
  0.0000 ,  0.0000 ,  0.0000 ,  0.0000 ,  0.0000 ,  0.0000 ,
  0.0000 ,  0.0000 ,  0.0000 ,  0.0000 ,  0.0000 ,  0.0000 ,
  0.0000 ,  0.0000 ,  0.0000 ,  0.0000 ,  0.0000 ,  0.0000 ,
  0.0000 ,  0.0000 ,  0.0000 ,  0.0000 ,  0.0000 ,  0.0000 ,
  0.0000 ,  0.0000 ,  0.0000 ,  0.0000 ,  0.0000 ,  0.0000 ,
  0.0000 ,  0.0000 ,  0.0000 ,  0.0000 ,  0.0000 ,  0.0000 ,
  0.0000 ,  0.0000 ,  0.0000 ,  0.0000 ,  0.0000 ,  0.0000 ,
  0.0000 ,  0.0000 ,  0.0000 ,  0.0000 ,  0.0000 ,  0.0000 ,
  0.0000 ,  0.0000 ,  0.0000 ,  0.0000 ,  0.0000 ,  0.0000 ,
  0.0000 ,  0.0000 ,  0.0000 ,  0.0000 ,  0.0000 ,  0.0000 ,
  0.0000 ,  0.0000 ,  0.0000 ,  0.0000 ,  0.0000 ,  0.0000 ,
  0.0000 ,  0.0000 ,  0.0000 ,  0.0000 ,  0.0000 ,  0.0000 ,
  0.0000 ,  0.0000 ,  0.0000 ,  0.0000 ,  0.0000 ,  0.0000 ,
  0.0000 ,  0.0000 ,  0.0000 ,  0.0000 ,  0.0000 ,  0.0000 ,
  0.0000 ,  0.0000 ,  0.0000 ,  0.0000 ,  0.0000 ,  0.0000 ,
  0.0000 ,  0.0000 ,  0.0000 ,  0.0000 ,  0.0000 ,  0.0000 ,
  0.0000 ,  0.0000 ,  0.0000 ,  0.0000 ,  0.0000 ,  0.0000 ,
  0.0000 ,  0.0000 ,  0.0000 ,  0.0000 ,  0.0000 ,  0.0000 ,
  0.0000 ,  0.0000 ,  0.0000 ,  0.0000 ,  0.0000 ,  0.0000 ,
  0.0000 ,  0.0000 ,  0.0000 ,  0.0000 ,  0.0000 ,  0.0000 ,
  0.0000 ,  0.0000 ,  0.0000 ,  0.0000 ,  0.0000 ,  0.0000 ,
  0.0000 ,  0.0000 ,  0.0000 ,  0.0000 ,  0.0000 ,  0.0000 ,
  0.0000 ,  0.0000 ,  0.0000 ,  0.0000 ,  0.0000 ,  0.0000 ,
  0.0000 ,  0.0000 ,  0.0000 ,  0.0000 ,  0.0000 ,  0.0000 ,
  0.0000 ,  0.0000 ,  0.0000 ,  0.0000 ,  0.0000 ,  0.0000 ,
  0.0000 ,  0.0000 ,  0.0000 ,  0.0000 ,  0.0000 ,  0.0000 ,
  0.0000 ,  0.0000 ,  0.0000 ,  0.0000 ,  0.0000 ,  0.0000 ,
  0.0000 ,  0.0000 ,  0.0000 ,  0.0000 ,  0.0000 ,  0.0000 ,
  0.0000 ,  0.0000 ,  0.0000 ,  0.0000 ,  0.0000 ,  0.0000 ,
  0.0000 ,  0.0000 ,  0.0000 ,  0.0000 ,  0.0000 ,  0.0000 ,
  0.0000 ,  0.0000 ,  0.0000 ,  0.0000 ,  0.0000 ,  0.0000 ,
  0.0000 ,  0.0000 ,  0.0000 ,  0.0000 ,  0.0000 ,  0.0000 ,
  0.0000 ,  0.0000 ,  0.0000 ,  0.0000 ,  0.0000 ,  0.0000 ,
  0.0000 ,  0.0000 ,  0.0000 ,  0.0000 ,  0.0000 ,  0.0000 ,
  0.0000 ,  0.0000 ,  0.0000 ,  0.0000 ,  0.0000 ,  0.0000 ,
  0.0000 ,  0.0000 ,  0.0000 ,  0.0000 ,  0.0000 ,  0.0000 ,
  0.0000 ,  0.0000 ,  0.0000 ,  0.0000 ,  0.0000 ,  0.0000 ,
  0.0000 ,  0.0000 ,  0.0000 ,  0.0000 ,  0.0000 ,  0.0000 ,
  0.0000 ,  0.0000 ,  0.0000 ,  0.0000 ,  0.0000 ,  0.0000 ,
  0.0000 ,  0.0000 ,  0.0000 ,  0.0000 ,  0.0000 ,  0.0000 ,
  0.0000 ,  0.0000 ,  0.0000 ,  0.0000 ,  0.0000 ,  0.0000 ,
  0.0000 ,  0.0000 ,  0.0000 ,  0.0000 ,  0.0000 ,  0.0000 ,
  0.0000 ,  0.0000 ,  0.0000 ,  0.0000 ,  0.0000 ,  0.0000 ,
  0.0000 ,  0.0000 ,  0.0000 ,  0.0000 ,  0.0000 ,  0.0000 ,
  0.0000 ,  0.0000 ,  0.0000 ,  0.0000 ,  0.0000 ,  0.0000 ,
  0.0000 ,  0.0000 ,  0.0000 ,  0.0000 ,  0.0000 ,  0.0000 ,
  0.0000 ,  0.0000 ,  0.0000 ,  0.0000 ,  0.0000 ,  0.0000 ,
  0.0000 ,  0.0000 ,  0.0000 ,  0.0000 ,  0.0000 ,  0.0000 ,
  0.0000 ,  0.0000 ,  0.0000 ,  0.0000 ,  0.0000 ,  0.0000 ,
  0.0000 ,  0.0000 ,  0.0000 ,  0.0000 ,  0.0000 ,  0.0000 ,
  0.0000 ,  0.0000 ,  0.0000 ,  0.0000 ,  0.0000 ,  0.0000 ,
  0.0000 ,  0.0000 ,  0.0000 ,  0.0000 ,  0.0000 ,  0.0000 ,
  0.0000 ,  0.0000 ,  0.0000 ,  0.0000 ,  0.0000 ,  0.0000 ,
  0.0000 ,  0.0000 ,  0.0000 ,  0.0000 ,  0.0000 ,  0.0000 ,
  0.0000 ,  0.0000 ,  0.0000 ,  0.0000 ,  0.0000 ,  0.0000 ,
  0.0000 ,  0.0000 ,  0.0000 ,  0.0000 ,  0.0000 ,  0.0000 ,
  0.0000 ,  0.0000 ,  0.0000 ,  0.0000 ,  0.0000 ,  0.0000 ,
  0.0000 ,  0.0000 ,  0.0000 ,  0.0000 ,  0.0000 ,  0.0000 ,
  0.0000 ,  0.0000 ,  0.0000 ,  0.0000 ,  0.0000 ,  0.0000 ,
  0.0000 ,  0.0000 ,  0.0000 ,  0.0000 ,  0.0000 ,  0.0000 ,
  0.0000 ,  0.0000 ,  0.0000 ,  0.0000 ,  0.0000 ,  0.0000 ,
  0.0000 ,  0.0000 ,  0.0000 ,  0.0000 ,  0.0000 ,  0.0000 ,
  0.0000 ,  0.0000 ,  0.0000 ,  0.0000 ,  0.0000 ,  0.0000 ,
  0.0000 ,  0.0000 ,  0.0000 ,  0.0000 ,  0.0000 ,  0.0000 ,
  0.0000 ,  0.0000 ,  0.0000 ,  0.0000 ,  0.0000 ,  0.0000 ,
  0.0000 ,  0.0000 ,  0.0000 ,  0.0000 ,  0.0000 ,  0.0000 ,
  0.0000 ,  0.0000 ,  0.0000 ,  0.0000 ,  0.0000 ,  0.0000 ,
  0.0000 ,  0.0000 ,  0.0000 ,  0.0000 ,  0.0000 ,  0.0000 ,
  0.0000 ,  0.0000 ,  0.0000 ,  0.0000 ,  0.0000 ,  0.0000 ,
  0.0000 ,  0.0000 ,  0.0000 ,  0.0000 ,  0.0000 ,  0.0000 ,
  0.0000 ,  0.0000 ,  0.0000 ,  0.0000 ,  0.0000 ,  0.0000 ,
  0.0000 ,  0.0000 ,  0.0000 ,  0.0000 ,  0.0000 ,  0.0000 ,
  0.0000 ,  0.0000 ,  0.0000 ,  0.0000 ,  0.0000 ,  0.0000 ,
  0.0000 ,  0.0000 ,  0.0000 ,  0.0000 ,  0.0000 ,  0.0000 ,
  0.0000 ,  0.0000 ,  0.0000 ,  0.0000 ,  0.0000 ,  0.0000 ,
  0.0000 ,  0.0000 ,  0.0000 ,  0.0000 ,  0.0000 ,  0.0000 ,
  0.0000 ,  0.0000 ,  0.0000 ,  0.0000 ,  0.0000 ,  0.0000 ,
  0.0000 ,  0.0000 ,  0.0000 ,  0.0000 ,  0.0000 ,  0.0000 ,
  0.0000 ,  0.0000 ,  0.0000 ,  0.0000 ,  0.0000 ,  0.0000 ,
  0.0000 ,  0.0000 ,  0.0000 ,  0.0000 ,  0.0000 ,  0.0000 ,
  0.0000 ,  0.0000 ,  0.0000 ,  0.0000 ,  0.0000 ,  0.0000 ,
  0.0000 ,  0.0000 ,  0.0000 ,  0.0000 ,  0.0000 ,  0.0000 ,
  0.0000 ,  0.0000 ,  0.0000 ,  0.0000 ,  0.0000 ,  0.0000 ,
  0.0000 ,  0.0000 ,  0.0000 ,  0.0000 ,  0.0000 ,  0.0000 ,
  0.0000 ,  0.0000 ,  0.0000 ,  0.0000 ,  0.0000 ,  0.0000 ,
  0.0000 ,  0.0000 ,  0.0000 ,  0.0000 ,  0.0000 ,  0.0000 ,
  0.0000 ,  0.0000 ,  0.0000 ,  0.0000 ,  0.0000 ,  0.0000 ,
  0.0000 ,  0.0000 ,  0.0000 ,  0.0000 ,  0.0000 ,  0.0000 ,
  0.0000 ,  0.0000 ,  0.0000 ,  0.0000 ,  0.0000 ,  0.0000 ,
  0.0000 ,  0.0000 ,  0.0000 ,  0.0000 ,  0.0000 ,  0.0000 ,
  0.0000 ,  0.0000 ,  0.0000 ,  0.0000 ,  0.0000 ,  0.0000 ,
  0.0000 ,  0.0000 ,  0.0000 ,  0.0000 ,  0.0000 ,  0.0000 ,
  0.0000 ,  0.0000 ,  0.0000 ,  0.0000 ,  0.0000 ,  0.0000 ,
  0.0000 ,  0.0000 ,  0.0000 ,  0.0000 ,  0.0000 ,  0.0000 ,
  0.0000 ,  0.0000 ,  0.0000 ,  0.0000 ,  0.0000 ,  0.0000 ,
  0.0000 ,  0.0000 ,  0.0000 ,  0.0000 ,  0.0000 ,  0.0000 ,
  0.0000 ,  0.0000 ,  0.0000 ,  0.0000 ,  0.0000 ,  0.0000 ,
  0.0000 ,  0.0000 ,  0.0000 ,  0.0000 ,  0.0000 ,  0.0000 ,
  0.0000 ,  0.0000 ,  0.0000 ,  0.0000 ,  0.0000 ,  0.0000 ,
  0.0000 ,  0.0000 ,  0.0000 ,  0.0000 ,  0.0000 ,  0.0000 ,
  0.0000 ,  0.0000 ,  0.0000 ,  0.0000 ,  0.0000 ,  0.0000 ,
  0.0000 ,  0.0000 ,  0.0000 ,  0.0000 ,  0.0000 ,  0.0000 ,
  0.0000 ,  0.0000 ,  0.0000 ,  0.0000 ,  0.0000 ,  0.0000 ,
  0.0000 ,  0.0000 ,  0.0000 ,  0.0000 ,  0.0000 ,  0.0000 ,
  0.0000 ,  0.0000 ,  0.0000 ,  0.0000 ,  0.0000 ,  0.0000 ,
  0.0000 ,  0.0000 ,  0.0000 ,  0.0000 ,  0.0000 ,  0.0000 ,
  0.0000 ,  0.0000 ,  0.0000 ,  0.0000 ,  0.0000 ,  0.0000 ,
  0.0000 ,  0.0000 ,  0.0000 ,  0.0000 ,  0.0000 ,  0.0000 ,
  0.0000 ,  0.0000 ,  0.0000 ,  0.0000 ,  0.0000 ,  0.0000 ,
  0.0000 ,  0.0000 ,  0.0000 ,  0.0000 ,  0.0000 ,  0.0000 ,
  0.0000 ,  0.0000 ,  0.0000 ,  0.0000 ,  0.0000 ,  0.0000 ,
  0.0000 ,  0.0000 ,  0.0000 ,  0.0000 ,  0.0000 ,  0.0000 ,
  0.0000 ,  0.0000 ,  0.0000 ,  0.0000 ,  0.0000 ,  0.0000 ,
  0.0000 ,  0.0000 ,  0.0000 ,  0.0000 ,  0.0000 ,  0.0000 ,
  0.0000 ,  0.0000 ,  0.0000 ,  0.0000 ,  0.0000 ,  0.0000 ,
  0.0000 ,  0.0000 ,  0.0000 ,  0.0000 ,  0.0000 ,  0.0000 ,
  0.0000 ,  0.0000 ,  0.0000 ,  0.0000 ,  0.0000 ,  0.0000 ,
  0.0000 ,  0.0000 ,  0.0000 ,  0.0000 ,  0.0000 ,  0.0000 ,
  0.0000 ,  0.0000 ,  0.0000 ,  0.0000 ,  0.0000 ,  0.0000 ,
  0.0000 ,  0.0000 ,  0.0000 ,  0.0000 ,  0.0000 ,  0.0000 ,
  0.0000 ,  0.0000 ,  0.0000 ,  0.0000 ,  0.0000 ,  0.0000 ,
  0.0000 ,  0.0000 ,  0.0000 ,  0.0000 ,  0.0000 ,  0.0000 ,
  0.0000 ,  0.0000 ,  0.0000 ,  0.0000 ,  0.0000 ,  0.0000 ,
  0.0000 ,  0.0000 ,  0.0000 ,  0.0000 ,  0.0000 ,  0.0000 ,
  0.0000 ,  0.0000 ,  0.0000 ,  0.0000 ,  0.0000 ,  0.0000 ,
  0.0000 ,  0.0000 ,  0.0000 ,  0.0000 ,  0.0000 ,  0.0000 ,
  0.0000 ,  0.0000 ,  0.0000 ,  0.0000 ,  0.0000 ,  0.0000 ,
  0.0000 ,  0.0000 ,  0.0000 ,  0.0000 ,  0.0000 ,  0.0000 ,
  0.0000 ,  0.0000 ,  0.0000 ,  0.0000 ,  0.0000 ,  0.0000 ,
  0.0000 ,  0.0000 ,  0.0000 ,  0.0000 ,  0.0000 ,  0.0000 ,
  0.0000 ,  0.0000 ,  0.0000 ,  0.0000 ,  0.0000 ,  0.0000 ,
  0.0000 ,  0.0000 ,  0.0000 ,  0.0000 ,  0.0000 ,  0.0000 ,
  0.0000 ,  0.0000 ,  0.0000 ,  0.0000 ,  0.0000 ,  0.0000 ,
  0.0000 ,  0.0000 ,  0.0000 ,  0.0000 ,  0.0000 ,  0.0000 ,
  0.0000 ,  0.0000 ,  0.0000 ,  0.0000 ,  0.0000 ,  0.0000 ,
  0.0000 ,  0.0000 ,  0.0000 ,  0.0000 ,  0.0000 ,  0.0000 ,
  0.0000 ,  0.0000 ,  0.0000 ,  0.0000 ,  0.0000 ,  0.0000 ,
  0.0000 ,  0.0000 ,  0.0000 ,  0.0000 ,  0.0000 ,  0.0000 ,
  0.0000 ,  0.0000 ,  0.0000 ,  0.0000 ,  0.0000 ,  0.0000 ,
  0.0000 ,  0.0000 ,  0.0000 ,  0.0000 ,  0.0000 ,  0.0000 ,
  0.0000 ,  0.0000 ,  0.0000 ,  0.0000 ,  0.0000 ,  0.0000 ,
  0.0000 ,  0.0000 ,  0.0000 ,  0.0000 ,  0.0000 ,  0.0000 ,
  0.0000 ,  0.0000 ,  0.0000 ,  0.0000 ,  0.0000 ,  0.0000 ,
  0.0000 ,  0.0000 ,  0.0000 ,  0.0000 ,  0.0000 ,  0.0000 ,
  0.0000 ,  0.0000 ,  0.0000 ,  0.0000 ,  0.0000 ,  0.0000 ,
  0.0000 ,  0.0000 ,  0.0000 ,  0.0000 ,  0.0000 ,  0.0000 ,
  0.0000 ,  0.0000 ,  0.0000 ,  0.0000 ,  0.0000 ,  0.0000 ,
  0.0000 ,  0.0000 ,  0.0000 ,  0.0000 ,  0.0000 ,  0.0000 ,
  0.0000 ,  0.0000 ,  0.0000 ,  0.0000 ,  0.0000 ,  0.0000 ,
  0.0000 ,  0.0000 ,  0.0000 ,  0.0000 ,  0.0000 ,  0.0000 ,
  0.0000 ,  0.0000 ,  0.0000 ,  0.0000 ,  0.0000 ,  0.0000 ,
  0.0000 ,  0.0000 ,  0.0000 ,  0.0000 ,  0.0000 ,  0.0000 ,
  0.0000 ,  0.0000 ,  0.0000 ,  0.0000 ,  0.0000 ,  0.0000 ,
  0.0000 ,  0.0000 ,  0.0000 ,  0.0000 ,  0.0000 ,  0.0000 ,
  0.0000 ,  0.0000 ,  0.0000 ,  0.0000 ,  0.0000 ,  0.0000 ,
  0.0000 ,  0.0000 ,  0.0000 ,  0.0000 ,  0.0000 ,  0.0000 ,
  0.0000 ,  0.0000 ,  0.0000 ,  0.0000 ,  0.0000 ,  0.0000 ,
  0.0000 ,  0.0000 ,  0.0000 ,  0.0000 ,  0.0000 ,  0.0000 ,
  0.0000 ,  0.0000 ,  0.0000 ,  0.0000 ,  0.0000 ,  0.0000 ,
  0.0000 ,  0.0000 ,  0.0000 ,  0.0000 ,  0.0000 ,  0.0000 ,
  0.0000 ,  0.0000 ,  0.0000 ,  0.0000 ,  0.0000 ,  0.0000 ,
  0.0000 ,  0.0000 ,  0.0000 ,  0.0000 ,  0.0000 ,  0.0000 ,
  0.0000 ,  0.0000 ,  0.0000 ,  0.0000 ,  0.0000 ,  0.0000 ,
  0.0000 ,  0.0000 ,  0.0000 ,  0.0000 ,  0.0000 ,  0.0000 ,
  0.0000 ,  0.0000 ,  0.0000 ,  0.0000 ,  0.0000 ,  0.0000 ,
  0.0000 ,  0.0000 ,  0.0000 ,  0.0000 ,  0.0000 ,  0.0000 ,
  0.0000 ,  0.0000 ,  0.0000 ,  0.0000 ,  0.0000 ,  0.0000 ,
  0.0000 ,  0.0000 ,  0.0000 ,  0.0000 ,  0.0000 ,  0.0000 ,
  0.0000 ,  0.0000 ,  0.0000 ,  0.0000 ,  0.0000 ,  0.0000 ,
  0.0000 ,  0.0000 ,  0.0000 ,  0.0000 ,  0.0000 ,  0.0000 ,
  0.0000 ,  0.0000 ,  0.0000 ,  0.0000 ,  0.0000 ,  0.0000 ,
  0.0000 ,  0.0000 ,  0.0000 ,  0.0000 ,  0.0000 ,  0.0000 ,
  0.0000 ,  0.0000 ,  0.0000 ,  0.0000 ,  0.0000 ,  0.0000 ,
  0.0000 ,  0.0000 ,  0.0000 ,  0.0000 ,  0.0000 ,  0.0000 ,
  0.0000 ,  0.0000 ,  0.0000 ,  0.0000 ,  0.0000 ,  0.0000 ,
  0.0000 ,  0.0000 ,  0.0000 ,  0.0000 ,  0.0000 ,  0.0000 ,
  0.0000 ,  0.0000 ,  0.0000 ,  0.0000 ,  0.0000 ,  0.0000 ,
  0.0000 ,  0.0000 ,  0.0000 ,  0.0000 ,  0.0000 ,  0.0000 ,
  0.0000 ,  0.0000 ,  0.0000 ,  0.0000 ,  0.0000 ,  0.0000 ,
  0.0000 ,  0.0000 ,  0.0000 ,  0.0000 ,  0.0000 ,  0.0000 ,
  0.0000 ,  0.0000 ,  0.0000 ,  0.0000 ,  0.0000 ,  0.0000 ,
  0.0000 ,  0.0000 ,  0.0000 ,  0.0000 ,  0.0000 ,  0.0000 ,
  0.0000 ,  0.0000 ,  0.0000 ,  0.0000 ,  0.0000 ,  0.0000 ,
  0.0000 ,  0.0000 ,  0.0000 ,  0.0000 ,  0.0000 ,  0.0000 ,
  0.0000 ,  0.0000 ,  0.0000 ,  0.0000 ,  0.0000 ,  0.0000 ,
  0.0000 ,  0.0000 ,  0.0000 ,  0.0000 ,  0.0000 ,  0.0000 ,
  0.0000 ,  0.0000 ,  0.0000 ,  0.0000 ,  0.0000 ,  0.0000 ,
  0.0000 ,  0.0000 ,  0.0000 ,  0.0000 ,  0.0000 ,  0.0000 ,
  0.0000 ,  0.0000 ,  0.0000 ,  0.0000 ,  0.0000 ,  0.0000 ,
  0.0000 ,  0.0000 ,  0.0000 ,  0.0000 ,  0.0000 ,  0.0000 ,
  0.0000 ,  0.0000 ,  0.0000 ,  0.0000 ,  0.0000 ,  0.0000 ,
  0.0000 ,  0.0000 ,  0.0000 ,  0.0000 ,  0.0000 ,  0.0000 ,
  0.0000 ,  0.0000 ,  0.0000 ,  0.0000 ,  0.0000 ,  0.0000 ,
  0.0000 ,  0.0000 ,  0.0000 ,  0.0000 ,  0.0000 ,  0.0000 ,
  0.0000 ,  0.0000 ,  0.0000 ,  0.0000 ,  0.0000 ,  0.0000 ,
  0.0000 ,  0.0000 ,  0.0000 ,  0.0000 ,  0.0000 ,  0.0000 ,
  0.0000 ,  0.0000 ,  0.0000 ,  0.0000 ,  0.0000 ,  0.0000 ,
  0.0000 ,  0.0000 ,  0.0000 ,  0.0000 ,  0.0000 ,  0.0000 ,
  0.0000 ,  0.0000 ,  0.0000 ,  0.0000 ,  0.0000 ,  0.0000 ,
  0.0000 ,  0.0000 ,  0.0000 ,  0.0000 ,  0.0000 ,  0.0000 ,
  0.0000 ,  0.0000 ,  0.0000 ,  0.0000 ,  0.0000 ,  0.0000 ,
  0.0000 ,  0.0000 ,  0.0000 ,  0.0000 ,  0.0000 ,  0.0000 ,
  0.0000 ,  0.0000 ,  0.0000 ,  0.0000 ,  0.0000 ,  0.0000 ,
  0.0000 ,  0.0000 ,  0.0000 ,  0.0000 ,  0.0000 ,  0.0000 ,
  0.0000 ,  0.0000 ,  0.0000 ,  0.0000 ,  0.0000 ,  0.0000 ,
  0.0000 ,  0.0000 ,  0.0000 ,  0.0000 ,  0.0000 ,  0.0000 ,
  0.0000 ,  0.0000 ,  0.0000 ,  0.0000 ,  0.0000 ,  0.0000 ,
  0.0000 ,  0.0000 ,  0.0000 ,  0.0000 ,  0.0000 ,  0.0000 ,
  0.0000 ,  0.0000 ,  0.0000 ,  0.0000 ,  0.0000 ,  0.0000 ,
  0.0000 ,  0.0000 ,  0.0000 ,  0.0000 ,  0.0000 ,  0.0000 ,
  0.0000 ,  0.0000 ,  0.0000 ,  0.0000 ,  0.0000 ,  0.0000 ,
  0.0000 ,  0.0000 ,  0.0000 ,  0.0000 ,  0.0000 ,  0.0000 ,
  0.0000 ,  0.0000 ,  0.0000 ,  0.0000 ,  0.0000 ,  0.0000 ,
  0.0000 ,  0.0000 ,  0.0000 ,  0.0000 ,  0.0000 ,  0.0000 ,
  0.0000 ,  0.0000 ,  0.0000 ,  0.0000 ,  0.0000 ,  0.0000 ,
  0.0000 ,  0.0000 ,  0.0000 ,  0.0000 ,  0.0000 ,  0.0000 ,
  0.0000 ,  0.0000 ,  0.0000 ,  0.0000 ,  0.0000 ,  0.0000 ,
  0.0000 ,  0.0000 ,  0.0000 ,  0.0000 ,  0.0000 ,  0.0000 ,
  0.0000 ,  0.0000 ,  0.0000 ,  0.0000 ,  0.0000 ,  0.0000 ,
  0.0000 ,  0.0000 ,  0.0000 ,  0.0000 ,  0.0000 ,  0.0000 ,
  0.0000 ,  0.0000 ,  0.0000 ,  0.0000 ,  0.0000 ,  0.0000 ,
  0.0000 ,  0.0000 ,  0.0000 ,  0.0000 ,  0.0000 ,  0.0000 ,
  0.0000 ,  0.0000 ,  0.0000 ,  0.0000 ,  0.0000 ,  0.0000 ,
  0.0000 ,  0.0000 ,  0.0000 ,  0.0000 ,  0.0000 ,  0.0000 ,
  0.0000 ,  0.0000 ,  0.0000 ,  0.0000 ,  0.0000 ,  0.0000 ,
  0.0000 ,  0.0000 ,  0.0000 ,  0.0000 ,  0.0000 ,  0.0000 ,
  0.0000 ,  0.0000 ,  0.0000 ,  0.0000 ,  0.0000 ,  0.0000 ,
  0.0000 ,  0.0000 ,  0.0000 ,  0.0000 ,  0.0000 ,  0.0000 ,
  0.0000 ,  0.0000 ,  0.0000 ,  0.0000 ,  0.0000 ,  0.0000 ,
  0.0000 ,  0.0000 ,  0.0000 ,  0.0000 ,  0.0000 ,  0.0000 ,
  0.0000 ,  0.0000 ,  0.0000 ,  0.0000 ,  0.0000 ,  0.0000 ,
  0.0000 ,  0.0000 ,  0.0000 ,  0.0000 ,  0.0000 ,  0.0000 ,
  0.0000 ,  0.0000 ,  0.0000 ,  0.0000 ,  0.0000 ,  0.0000 ,
  0.0000 ,  0.0000 ,  0.0000 ,  0.0000 ,  0.0000 ,  0.0000 ,
  0.0000 ,  0.0000 ,  0.0000 ,  0.0000 ,  0.0000 ,  0.0000 ,
  0.0000 ,  0.0000 ,  0.0000 ,  0.0000 ,  0.0000 ,  0.0000 ,
  0.0000 ,  0.0000 ,  0.0000 ,  0.0000 ,  0.0000 ,  0.0000 ,
  0.0000 ,  0.0000 ,  0.0000 ,  0.0000 ,  0.0000 ,  0.0000 ,
  0.0000 ,  0.0000 ,  0.0000 ,  0.0000 ,  0.0000 ,  0.0000 ,
  0.0000 ,  0.0000 ,  0.0000 ,  0.0000 ,  0.0000 ,  0.0000 ,
  0.0000 ,  0.0000 ,  0.0000 ,  0.0000 ,  0.0000 ,  0.0000 ,
  0.0000 ,  0.0000 ,  0.0000 ,  0.0000 ,  0.0000 ,  0.0000 ,
  0.0000 ,  0.0000 ,  0.0000 ,  0.0000 ,  0.0000 ,  0.0000 ,
  0.0000 ,  0.0000 ,  0.0000 ,  0.0000 ,  0.0000 ,  0.0000 ,
  0.0000 ,  0.0000 ,  0.0000 ,  0.0000 ,  0.0000 ,  0.0000 ,
  0.0000 ,  0.0000 ,  0.0000 ,  0.0000 ,  0.0000 ,  0.0000 ,
  0.0000 ,  0.0000 ,  0.0000 ,  0.0000 ,  0.0000 ,  0.0000 ,
  0.0000 ,  0.0000 ,  0.0000 ,  0.0000 ,  0.0000 ,  0.0000 ,
  0.0000 ,  0.0000 ,  0.0000 ,  0.0000 ,  0.0000 ,  0.0000 ,
  0.0000 ,  0.0000 ,  0.0000 ,  0.0000 ,  0.0000 ,  0.0000 ,
  0.0000 ,  0.0000 ,  0.0000 ,  0.0000 ,  0.0000 ,  0.0000 ,
  0.0000 ,  0.0000 ,  0.0000 ,  0.0000 ,  0.0000 ,  0.0000 ,
  0.0000 ,  0.0000 ,  0.0000 ,  0.0000 ,  0.0000 ,  0.0000 ,
  0.0000 ,  0.0000 ,  0.0000 ,  0.0000 ,  0.0000 ,  0.0000 ,
  0.0000 ,  0.0000 ,  0.0000 ,  0.0000 ,  0.0000 ,  0.0000 ,
  0.0000 ,  0.0000 ,  0.0000 ,  0.0000 ,  0.0000 ,  0.0000 ,
  0.0000 ,  0.0000 ,  0.0000 ,  0.0000 ,  0.0000 ,  0.0000 ,
  0.0000 ,  0.0000 ,  0.0000 ,  0.0000 ,  0.0000 ,  0.0000 ,
  0.0000 ,  0.0000 ,  0.0000 ,  0.0000 ,  0.0000 ,  0.0000 ,
  0.0000 ,  0.0000 ,  0.0000 ,  0.0000 ,  0.0000 ,  0.0000 ,
  0.0000 ,  0.0000 ,  0.0000 ,  0.0000 ,  0.0000 ,  0.0000 ,
  0.0000 ,  0.0000 ,  0.0000 ,  0.0000 ,  0.0000 ,  0.0000 ,
  0.0000 ,  0.0000 ,  0.0000 ,  0.0000 ,  0.0000 ,  0.0000 ,
  0.0000 ,  0.0000 ,  0.0000 ,  0.0000 ,  0.0000 ,  0.0000 ,
  0.0000 ,  0.0000 ,  0.0000 ,  0.0000 ,  0.0000 ,  0.0000 ,
  0.0000 ,  0.0000 ,  0.0000 ,  0.0000 ,  0.0000 ,  0.0000 ,
  0.0000 ,  0.0000 ,  0.0000 ,  0.0000 ,  0.0000 ,  0.0000 ,
  0.0000 ,  0.0000 ,  0.0000 ,  0.0000 ,  0.0000 ,  0.0000 ,
  0.0000 ,  0.0000 ,  0.0000 ,  0.0000 ,  0.0000 ,  0.0000 ,
  0.0000 ,  0.0000 ,  0.0000 ,  0.0000 ,  0.0000 ,  0.0000 ,
  0.0000 ,  0.0000 ,  0.0000 ,  0.0000 ,  0.0000 ,  0.0000 ,
  0.0000 ,  0.0000 ,  0.0000 ,  0.0000 ,  0.0000 ,  0.0000 ,
  0.0000 ,  0.0000 ,  0.0000 ,  0.0000 ,  0.0000 ,  0.0000 ,
  0.0000 ,  0.0000 ,  0.0000 ,  0.0000 ,  0.0000 ,  0.0000 ,
  0.0000 ,  0.0000 ,  0.0000 ,  0.0000 ,  0.0000 ,  0.0000 ,
  0.0000 ,  0.0000 ,  0.0000 ,  0.0000 ,  0.0000 ,  0.0000 ,
  0.0000 ,  0.0000 ,  0.0000 ,  0.0000 ,  0.0000 ,  0.0000 ,
  0.0000 ,  0.0000 ,  0.0000 ,  0.0000 ,  0.0000 ,  0.0000 ,
  0.0000 ,  0.0000 ,  0.0000 ,  0.0000 ,  0.0000 ,  0.0000 ,
  0.0000 ,  0.0000 ,  0.0000 ,  0.0000 ,  0.0000 ,  0.0000 ,
  0.0000 ,  0.0000 ,  0.0000 ,  0.0000 ,  0.0000 ,  0.0000 ,
  0.0000 ,  0.0000 ,  0.0000 ,  0.0000 ,  0.0000 ,  0.0000 ,
  0.0000 ,  0.0000 ,  0.0000 ,  0.0000 ,  0.0000 ,  0.0000 ,
  0.0000 ,  0.0000 ,  0.0000 ,  0.0000 ,  0.0000 ,  0.0000 ,
  0.0000 ,  0.0000 ,  0.0000 ,  0.0000 ,  0.0000 ,  0.0000 ,
  0.0000 ,  0.0000 ,  0.0000 ,  0.0000 ,  0.0000 ,  0.0000 ,
  0.0000 ,  0.0000 ,  0.0000 ,  0.0000 ,  0.0000 ,  0.0000 ,
  0.0000 ,  0.0000 ,  0.0000 ,  0.0000 ,  0.0000 ,  0.0000 ,
  0.0000 ,  0.0000 ,  0.0000 ,  0.0000 ,  0.0000 ,  0.0000 ,
  0.0000 ,  0.0000 ,  0.0000 ,  0.0000 ,  0.0000 ,  0.0000 ,
  0.0000 ,  0.0000 ,  0.0000 ,  0.0000 ,  0.0000 ,  0.0000 ,
  0.0000 ,  0.0000 ,  0.0000 ,  0.0000 ,  0.0000 ,  0.0000 ,
  0.0000 ,  0.0000 ,  0.0000 ,  0.0000 ,  0.0000 ,  0.0000 ,
  0.0000 ,  0.0000 ,  0.0000 ,  0.0000 ,  0.0000 ,  0.0000 ,
  0.0000 ,  0.0000 ,  0.0000 ,  0.0000 ,  0.0000 ,  0.0000 ,
  0.0000 ,  0.0000 ,  0.0000 ,  0.0000 ,  0.0000 ,  0.0000 ,
  0.0000 ,  0.0000 ,  0.0000 ,  0.0000 ,  0.0000 ,  0.0000 ,
  0.0000 ,  0.0000 ,  0.0000 ,  0.0000 ,  0.0000 ,  0.0000 ,
  0.0000 ,  0.0000 ,  0.0000 ,  0.0000 ,  0.0000 ,  0.0000 ,
  0.0000 ,  0.0000 ,  0.0000 ,  0.0000 ,  0.0000 ,  0.0000 ,
  0.0000 ,  0.0000 ,  0.0000 ,  0.0000 ,  0.0000 ,  0.0000 ,
  0.0000 ,  0.0000 ,  0.0000 ,  0.0000 ,  0.0000 ,  0.0000 ,
  0.0000 ,  0.0000 ,  0.0000 ,  0.0000 ,  0.0000 ,  0.0000 ,
  0.0000 ,  0.0000 ,  0.0000 ,  0.0000 ,  0.0000 ,  0.0000 ,
  0.0000 ,  0.0000 ,  0.0000 ,  0.0000 ,  0.0000 ,  0.0000 ,
  0.0000 ,  0.0000 ,  0.0000 ,  0.0000 ,  0.0000 ,  0.0000 ,
  0.0000 ,  0.0000 ,  0.0000 ,  0.0000 ,  0.0000 ,  0.0000 ,
  0.0000 ,  0.0000 ,  0.0000 ,  0.0000 ,  0.0000 ,  0.0000 ,
  0.0000 ,  0.0000 ,  0.0000 ,  0.0000 ,  0.0000 ,  0.0000 ,
  0.0000 ,  0.0000 ,  0.0000 ,  0.0000 ,  0.0000 ,  0.0000 ,
  0.0000 ,  0.0000 ,  0.0000 ,  0.0000 ,  0.0000 ,  0.0000 ,
  0.0000 ,  0.0000 ,  0.0000 ,  0.0000 ,  0.0000 ,  0.0000 ,
  0.0000 ,  0.0000 ,  0.0000 ,  0.0000 ,  0.0000 ,  0.0000 ,
  0.0000 ,  0.0000 ,  0.0000 ,  0.0000 ,  0.0000 ,  0.0000 ,
  0.0000 ,  0.0000 ,  0.0000 ,  0.0000 ,  0.0000 ,  0.0000 ,
  0.0000 ,  0.0000 ,  0.0000 ,  0.0000 ,  0.0000 ,  0.0000 ,
  0.0000 ,  0.0000 ,  0.0000 ,  0.0000 ,  0.0000 ,  0.0000 ,
  0.0000 ,  0.0000 ,  0.0000 ,  0.0000 ,  0.0000 ,  0.0000 ,
  0.0000 ,  0.0000 ,  0.0000 ,  0.0000 ,  0.0000 ,  0.0000 ,
  0.0000 ,  0.0000 ,  0.0000 ,  0.0000 ,  0.0000 ,  0.0000 ,
  0.0000 ,  0.0000 ,  0.0000 ,  0.0000 ,  0.0000 ,  0.0000 ,
  0.0000 ,  0.0000 ,  0.0000 ,  0.0000 ,  0.0000 ,  0.0000 ,
  0.0000 ,  0.0000 ,  0.0000 ,  0.0000 ,  0.0000 ,  0.0000 ,
  0.0000 ,  0.0000 ,  0.0000 ,  0.0000 ,  0.0000 ,  0.0000 ,
  0.0000 ,  0.0000 ,  0.0000 ,  0.0000 ,  0.0000 ,  0.0000 ,
  0.0000 ,  0.0000 ,  0.0000 ,  0.0000 ,  0.0000 ,  0.0000 ,
  0.0000 ,  0.0000 ,  0.0000 ,  0.0000 ,  0.0000 ,  0.0000 ,
  0.0000 ,  0.0000 ,  0.0000 ,  0.0000 ,  0.0000 ,  0.0000 ,
  0.0000 ,  0.0000 ,  0.0000 ,  0.0000 ,  0.0000 ,  0.0000 ,
  0.0000 ,  0.0000 ,  0.0000 ,  0.0000 ,  0.0000 ,  0.0000 ,
  0.0000 ,  0.0000 ,  0.0000 ,  0.0000 ,  0.0000 ,  0.0000 ,
  0.0000 ,  0.0000 ,  0.0000 ,  0.0000 ,  0.0000 ,  0.0000 ,
  0.0000 ,  0.0000 ,  0.0000 ,  0.0000 ,  0.0000 ,  0.0000 ,
  0.0000 ,  0.0000 ,  0.0000 ,  0.0000 ,  0.0000 ,  0.0000 ,
  0.0000 ,  0.0000 ,  0.0000 ,  0.0000 ,  0.0000 ,  0.0000 ,
  0.0000 ,  0.0000 ,  0.0000 ,  0.0000 ,  0.0000 ,  0.0000 ,
  0.0000 ,  0.0000 ,  0.0000 ,  0.0000 ,  0.0000 ,  0.0000 ,
  0.0000 ,  0.0000 ,  0.0000 ,  0.0000 ,  0.0000 ,  0.0000 ,
  0.0000 ,  0.0000 ,  0.0000 ,  0.0000 ,  0.0000 ,  0.0000 ,
  0.0000 ,  0.0000 ,  0.0000 ,  0.0000 ,  0.0000 ,  0.0000 ,
  0.0000 ,  0.0000 ,  0.0000 ,  0.0000 ,  0.0000 ,  0.0000 ,
  0.0000 ,  0.0000 ,  0.0000 ,  0.0000 ,  0.0000 ,  0.0000 ,
  0.0000 ,  0.0000 ,  0.0000 ,  0.0000 ,  0.0000 ,  0.0000 ,
  0.0000 ,  0.0000 ,  0.0000 ,  0.0000 ,  0.0000 ,  0.0000 ,
  0.0000 ,  0.0000 ,  0.0000 ,  0.0000 ,  0.0000 ,  0.0000 ,
  0.0000 ,  0.0000 ,  0.0000 ,  0.0000 ,  0.0000 ,  0.0000 ,
  0.0000 ,  0.0000 ,  0.0000 ,  0.0000 ,  0.0000 ,  0.0000 ,
  0.0000 ,  0.0000 ,  0.0000 ,  0.0000 ,  0.0000 ,  0.0000 ,
  0.0000 ,  0.0000 ,  0.0000 ,  0.0000 ,  0.0000 ,  0.0000 ,
  0.0000 ,  0.0000 ,  0.0000 ,  0.0000 ,  0.0000 ,  0.0000 ,
  0.0000 ,  0.0000 ,  0.0000 ,  0.0000 ,  0.0000 ,  0.0000 ,
  0.0000 ,  0.0000 ,  0.0000 ,  0.0000 ,  0.0000 ,  0.0000 ,
  0.0000 ,  0.0000 ,  0.0000 ,  0.0000 ,  0.0000 ,  0.0000 ,
  0.0000 ,  0.0000 ,  0.0000 ,  0.0000 ,  0.0000 ,  0.0000 ,
  0.0000 ,  0.0000 ,  0.0000 ,  0.0000 ,  0.0000 ,  0.0000 ,
  0.0000 ,  0.0000 ,  0.0000 ,  0.0000 ,  0.0000 ,  0.0000 ,
  0.0000 ,  0.0000 ,  0.0000 ,  0.0000 ,  0.0000 ,  0.0000 ,
  0.0000 ,  0.0000 ,  0.0000 ,  0.0000 ,  0.0000 ,  0.0000 ,
  0.0000 ,  0.0000 ,  0.0000 ,  0.0000 ,  0.0000 ,  0.0000 ,
  0.0000 ,  0.0000 ,  0.0000 ,  0.0000 ,  0.0000 ,  0.0000 ,
  0.0000 ,  0.0000 ,  0.0000 ,  0.0000 ,  0.0000 ,  0.0000 ,
  0.0000 ,  0.0000 ,  0.0000 ,  0.0000 ,  0.0000 ,  0.0000 ,
  0.0000 ,  0.0000 ,  0.0000 ,  0.0000 ,  0.0000 ,  0.0000 ,
  0.0000 ,  0.0000 ,  0.0000 ,  0.0000 ,  0.0000 ,  0.0000 ,
  0.0000 ,  0.0000 ,  0.0000 ,  0.0000 ,  0.0000 ,  0.0000 ,
  0.0000 ,  0.0000 ,  0.0000 ,  0.0000 ,  0.0000 ,  0.0000 ,
  0.0000 ,  0.0000 ,  0.0000 ,  0.0000 ,  0.0000 ,  0.0000 ,
  0.0000 ,  0.0000 ,  0.0000 ,  0.0000 ,  0.0000 ,  0.0000 ,
  0.0000 ,  0.0000 ,  0.0000 ,  0.0000 ,  0.0000 ,  0.0000 ,
  0.0000 ,  0.0000 ,  0.0000 ,  0.0000 ,  0.0000 ,  0.0000 ,
  0.0000 ,  0.0000 ,  0.0000 ,  0.0000 ,  0.0000 ,  0.0000 ,
  0.0000 ,  0.0000 ,  0.0000 ,  0.0000 ,  0.0000 ,  0.0000 ,
  0.0000 ,  0.0000 ,  0.0000 ,  0.0000 ,  0.0000 ,  0.0000 ,
  0.0000 ,  0.0000 ,  0.0000 ,  0.0000 ,  0.0000 ,  0.0000 ,
  0.0000 ,  0.0000 ,  0.0000 ,  0.0000 ,  0.0000 ,  0.0000 ,
  0.0000 ,  0.0000 ,  0.0000 ,  0.0000 ,  0.0000 ,  0.0000 ,
  0.0000 ,  0.0000 ,  0.0000 ,  0.0000 ,  0.0000 ,  0.0000 ,
  0.0000 ,  0.0000 ,  0.0000 ,  0.0000 ,  0.0000 ,  0.0000 ,
  0.0000 ,  0.0000 ,  0.0000 ,  0.0000 ,  0.0000 ,  0.0000 ,
  0.0000 ,  0.0000 ,  0.0000 ,  0.0000 ,  0.0000 ,  0.0000 ,
  0.0000 ,  0.0000 ,  0.0000 ,  0.0000 ,  0.0000 ,  0.0000 ,
  0.0000 ,  0.0000 ,  0.0000 ,  0.0000 ,  0.0000 ,  0.0000 ,
  0.0000 ,  0.0000 ,  0.0000 ,  0.0000 ,  0.0000 ,  0.0000 ,
  0.0000 ,  0.0000 ,  0.0000 ,  0.0000 ,  0.0000 ,  0.0000 ,
  0.0000 ,  0.0000 ,  0.0000 ,  0.0000 ,  0.0000 ,  0.0000 ,
  0.0000 ,  0.0000 ,  0.0000 ,  0.0000 ,  0.0000 ,  0.0000 ,
  0.0000 ,  0.0000 ,  0.0000 ,  0.0000 ,  0.0000 ,  0.0000 ,
  0.0000 ,  0.0000 ,  0.0000 ,  0.0000 ,  0.0000 ,  0.0000 ,
  0.0000 ,  0.0000 ,  0.0000 ,  0.0000 ,  0.0000 ,  0.0000 ,
  0.0000 ,  0.0000 ,  0.0000 ,  0.0000 ,  0.0000 ,  0.0000 ,
  0.0000 ,  0.0000 ,  0.0000 ,  0.0000 ,  0.0000 ,  0.0000 ,
  0.0000 ,  0.0000 ,  0.0000 ,  0.0000 ,  0.0000 ,  0.0000 ,
  0.0000 ,  0.0000 ,  0.0000 ,  0.0000 ,  0.0000 ,  0.0000 ,
  0.0000 ,  0.0000 ,  0.0000 ,  0.0000 ,  0.0000 ,  0.0000 ,
  0.0000 ,  0.0000 ,  0.0000 ,  0.0000 ,  0.0000 ,  0.0000 ,
  0.0000 ,  0.0000 ,  0.0000 ,  0.0000 ,  0.0000 ,  0.0000 ,
  0.0000 ,  0.0000 ,  0.0000 ,  0.0000 ,  0.0000 ,  0.0000 ,
  0.0000 ,  0.0000 ,  0.0000 ,  0.0000 ,  0.0000 ,  0.0000 ,
  0.0000 ,  0.0000 ,  0.0000 ,  0.0000 ,  0.0000 ,  0.0000 ,
  0.0000 ,  0.0000 ,  0.0000 ,  0.0000 ,  0.0000 ,  0.0000 ,
  0.0000 ,  0.0000 ,  0.0000 ,  0.0000 ,  0.0000 ,  0.0000 ,
  0.0000 ,  0.0000 ,  0.0000 ,  0.0000 ,  0.0000 ,  0.0000 ,
  0.0000 ,  0.0000 ,  0.0000 ,  0.0000 ,  0.0000 ,  0.0000 ,
  0.0000 ,  0.0000 ,  0.0000 ,  0.0000 ,  0.0000 ,  0.0000 ,
  0.0000 ,  0.0000 ,  0.0000 ,  0.0000 ,  0.0000 ,  0.0000 ,
  0.0000 ,  0.0000 ,  0.0000 ,  0.0000 ,  0.0000 ,  0.0000 ,
  0.0000 ,  0.0000 ,  0.0000 ,  0.0000 ,  0.0000 ,  0.0000 ,
  0.0000 ,  0.0000 ,  0.0000 ,  0.0000 ,  0.0000 ,  0.0000 ,
  0.0000 ,  0.0000 ,  0.0000 ,  0.0000 ,  0.0000 ,  0.0000 ,
  0.0000 ,  0.0000 ,  0.0000 ,  0.0000 ,  0.0000 ,  0.0000 ,
  0.0000 ,  0.0000 ,  0.0000 ,  0.0000 ,  0.0000 ,  0.0000 ,
  0.0000 ,  0.0000 ,  0.0000 ,  0.0000 ,  0.0000 ,  0.0000 ,
  0.0000 ,  0.0000 ,  0.0000 ,  0.0000 ,  0.0000 ,  0.0000 ,
  0.0000 ,  0.0000 ,  0.0000 ,  0.0000 ,  0.0000 ,  0.0000 ,
  0.0000 ,  0.0000 ,  0.0000 ,  0.0000 ,  0.0000 ,  0.0000 ,
  0.0000 ,  0.0000 ,  0.0000 ,  0.0000 ,  0.0000 ,  0.0000 ,
  0.0000 ,  0.0000 ,  0.0000 ,  0.0000 ,  0.0000 ,  0.0000 ,
  0.0000 ,  0.0000 ,  0.0000 ,  0.0000 ,  0.0000 ,  0.0000 ,
  0.0000 ,  0.0000 ,  0.0000 ,  0.0000 ,  0.0000 ,  0.0000 ,
  0.0000 ,  0.0000 ,  0.0000 ,  0.0000 ,  0.0000 ,  0.0000 ,
  0.0000 ,  0.0000 ,  0.0000 ,  0.0000 ,  0.0000 ,  0.0000 ,
  0.0000 ,  0.0000 ,  0.0000 ,  0.0000 ,  0.0000 ,  0.0000 ,
  0.0000 ,  0.0000 ,  0.0000 ,  0.0000 ,  0.0000 ,  0.0000 ,
  0.0000 ,  0.0000 ,  0.0000 ,  0.0000 ,  0.0000 ,  0.0000 ,
  0.0000 ,  0.0000 ,  0.0000 ,  0.0000 ,  0.0000 ,  0.0000 ,
  0.0000 ,  0.0000 ,  0.0000 ,  0.0000 ,  0.0000 ,  0.0000 ,
  0.0000 ,  0.0000 ,  0.0000 ,  0.0000 ,  0.0000 ,  0.0000 ,
  0.0000 ,  0.0000 ,  0.0000 ,  0.0000 ,  0.0000 ,  0.0000 ,
  0.0000 ,  0.0000 ,  0.0000 ,  0.0000 ,  0.0000 ,  0.0000 ,
  0.0000 ,  0.0000 ,  0.0000 ,  0.0000 ,  0.0000 ,  0.0000 ,
  0.0000 ,  0.0000 ,  0.0000 ,  0.0000 ,  0.0000 ,  0.0000 ,
  0.0000 ,  0.0000 ,  0.0000 ,  0.0000 ,  0.0000 ,  0.0000 ,
  0.0000 ,  0.0000 ,  0.0000 ,  0.0000 ,  0.0000 ,  0.0000 ,
  0.0000 ,  0.0000 ,  0.0000 ,  0.0000 ,  0.0000 ,  0.0000 ,
  0.0000 ,  0.0000 ,  0.0000 ,  0.0000 ,  0.0000 ,  0.0000 ,
  0.0000 ,  0.0000 ,  0.0000 ,  0.0000 ,  0.0000 ,  0.0000 ,
  0.0000 ,  0.0000 ,  0.0000 ,  0.0000 ,  0.0000 ,  0.0000 ,
  0.0000 ,  0.0000 ,  0.0000 ,  0.0000 ,  0.0000 ,  0.0000 ,
  0.0000 ,  0.0000 ,  0.0000 ,  0.0000 ,  0.0000 ,  0.0000 ,
  0.0000 ,  0.0000 ,  0.0000 ,  0.0000 ,  0.0000 ,  0.0000 ,
  0.0000 ,  0.0000 ,  0.0000 ,  0.0000 ,  0.0000 ,  0.0000 ,
  0.0000 ,  0.0000 ,  0.0000 ,  0.0000 ,  0.0000 ,  0.0000 ,
  0.0000 ,  0.0000 ,  0.0000 ,  0.0000 ,  0.0000 ,  0.0000 ,
  0.0000 ,  0.0000 ,  0.0000 ,  0.0000 ,  0.0000 ,  0.0000 ,
  0.0000 ,  0.0000 ,  0.0000 ,  0.0000 ,  0.0000 ,  0.0000 ,
  0.0000 ,  0.0000 ,  0.0000 ,  0.0000 ,  0.0000 ,  0.0000 ,
  0.0000 ,  0.0000 ,  0.0000 ,  0.0000 ,  0.0000 ,  0.0000 ,
  0.0000 ,  0.0000 ,  0.0000 ,  0.0000 ,  0.0000 ,  0.0000 ,
  0.0000 ,  0.0000 ,  0.0000 ,  0.0000 ,  0.0000 ,  0.0000 ,
  0.0000 ,  0.0000 ,  0.0000 ,  0.0000 ,  0.0000 ,  0.0000 ,
  0.0000 ,  0.0000 ,  0.0000 ,  0.0000 ,  0.0000 ,  0.0000 ,
  0.0000 ,  0.0000 ,  0.0000 ,  0.0000 ,  0.0000 ,  0.0000 ,
  0.0000 ,  0.0000 ,  0.0000 ,  0.0000 ,  0.0000 ,  0.0000 ,
  0.0000 ,  0.0000 ,  0.0000 ,  0.0000 ,  0.0000 ,  0.0000 ,
  0.0000 ,  0.0000 ,  0.0000 ,  0.0000 ,  0.0000 ,  0.0000 ,
  0.0000 ,  0.0000 ,  0.0000 ,  0.0000 ,  0.0000 ,  0.0000 ,
  0.0000 ,  0.0000 ,  0.0000 ,  0.0000 ,  0.0000 ,  0.0000 ,
  0.0000 ,  0.0000 ,  0.0000 ,  0.0000 ,  0.0000 ,  0.0000 ,
  0.0000 ,  0.0000 ,  0.0000 ,  0.0000 ,  0.0000 ,  0.0000 ,
  0.0000 ,  0.0000 ,  0.0000 ,  0.0000 ,  0.0000 ,  0.0000 ,
