  0.0405 ,  0.0406 ,  0.0003 , -0.8367 ,  0.0551 ,  0.3252 ,
 -0.0815 , -0.0410 , -0.3180 , -1.4778 , -0.1195 , -0.3217 ,
 -0.0003 ,  0.0809 , -0.3174 , -1.6629 ,  0.6051 , -0.3217 ,
  0.0407 ,  0.0813 ,  0.0003 , -0.8982 ,  0.0473 ,  0.3252 ,
 -0.0800 , -0.0388 ,  0.3169 ,  0.8217 ,  1.7539 ,  1.6000 ,
 -0.0008 ,  0.0398 , -0.4760 ,  0.7280 ,  1.2344 ,  0.0053 ,
  0.0008 ,  0.0818 ,  0.1585 , -1.6777 ,  0.6074 , -0.0018 ,
  0.0807 ,  0.0808 , -0.1580 , -0.1187 ,  0.7317 ,  1.3027 ,
  0.0409 ,  0.1221 ,  0.0002 , -0.1847 ,  1.2841 ,  0.3252 ,
 -0.0014 , -0.0012 , -0.6346 , -0.7553 ,  2.4860 , -0.3181 ,
 -0.0812 ,  0.0810 , -0.4769 , -0.1076 ,  0.4786 ,  0.3306 ,
  0.0392 , -0.0011 , -0.4755 ,  0.7892 ,  0.0607 ,  0.0053 ,
 -0.0007 , -0.0006 , -0.3173 ,  0.7846 ,  1.2430 ,  0.0036 ,
  0.0801 ,  0.0398 , -0.3165 , -0.0524 , -0.5058 ,  0.6540 ,
 -0.0006 ,  0.0806 , -0.4761 , -0.8831 ,  1.8489 ,  0.6558 ,
  0.0400 ,  0.0807 , -0.3170 , -0.1135 ,  1.9127 ,  0.0036 ,
 -0.0008 ,  0.0398 , -0.4760 , -0.8217 ,  1.2344 ,  0.0053 ,
 -0.0400 ,  0.0409 ,  0.1577 , -0.8469 , -0.0693 ,  0.0014 ,
  0.0803 ,  0.0805 , -0.3166 , -0.1138 ,  0.7310 , -0.3217 ,
  0.1208 ,  0.1211 , -0.3163 ,  0.5992 ,  2.0305 , -0.3217 ,
  0.0402 ,  0.1215 , -0.3171 , -2.4997 ,  1.2825 ,  0.3288 ,
  0.0401 , -0.0410 ,  0.0005 , -2.2637 ,  0.0707 , -0.0000 ,
 -0.0006 ,  0.0806 , -0.4761 ,  0.6666 ,  1.8489 ,  0.3306 ,
  0.0395 ,  0.0396 , -0.4756 , -2.3719 , -0.5695 ,  0.6558 ,
  0.0403 , -0.0002 ,  0.0004 , -0.7752 ,  0.0629 ,  0.3252 ,
  0.0808 ,  0.0404 ,  0.0007 ,  0.7127 ,  2.6070 , -0.0000 ,
  0.2008 , -0.0016 , -0.3152 , -1.5417 , -0.3092 ,  0.3288 ,
 -0.1214 ,  0.0407 , -0.3186 , -1.6004 , -0.1981 ,  0.0036 ,
  0.0404 ,  0.0810 , -0.1584 , -0.8932 ,  0.6688 ,  0.6522 ,
  0.0002 ,  0.0408 , -0.0001 , -0.8363 , -0.0078 ,  0.3252 ,
  0.0797 , -0.0418 , -0.3164 ,  0.0705 ,  0.1321 , -0.3217 ,
  0.0801 ,  0.0398 , -0.3165 , -1.6022 ,  1.3610 ,  0.3288 ,
  0.0406 ,  0.1218 , -0.1585 , -0.1798 ,  0.6610 ,  0.3270 ,
  0.0805 ,  0.0401 , -0.1579 , -3.1567 ,  2.6064 ,  1.3027 ,
  0.1198 , -0.0015 , -0.4747 , -1.5361 ,  2.0532 ,  0.6558 ,
 -0.0008 ,  0.0398 , -0.4760 , -0.0468 ,  1.8568 ,  0.0053 ,
 -0.0007 , -0.0006 , -0.3173 , -1.5400 ,  0.6208 ,  0.6541 ,
 -0.0812 , -0.0407 , -0.1594 , -0.7078 , -0.1188 ,  0.6522 ,
 -0.0809 ,  0.0001 , -0.1594 ,  0.0056 ,  1.7402 , -0.3234 ,
 -0.0404 ,  0.0406 , -0.1591 , -1.6060 ,  1.7953 ,  0.9775 ,
  0.0395 ,  0.0396 , -0.4756 , -0.8220 ,  1.2973 ,  0.9811 ,
  0.0400 ,  0.0807 , -0.3170 , -0.8884 ,  0.6681 ,  0.0036 ,
  0.0399 ,  0.1212 , -0.4757 , -0.1701 ,  0.6595 ,  0.0053 ,
 -0.0008 , -0.0818 , -0.1585 ,  0.1278 ,  1.8816 ,  1.3027 ,
  0.0396 , -0.0008 , -0.3169 ,  0.0094 ,  0.0614 ,  0.0036 ,
  0.0791 ,  0.0388 , -0.7925 , -0.0377 ,  1.3588 ,  0.3341 ,
 -0.0003 ,  0.0809 , -0.3174 ,  0.6617 ,  2.4719 ,  0.9793 ,
 -0.0008 , -0.0818 , -0.1585 ,  0.1278 ,  1.8816 , -0.3235 ,
  0.0407 ,  0.0813 ,  0.0003 , -1.6730 ,  1.2918 , -0.0000 ,
  0.0001 ,  0.0812 , -0.1588 ,  0.6568 ,  1.8504 ,  0.6522 ,
 -0.0403 ,  0.0002 , -0.0004 ,  0.0003 ,  0.5593 ,  0.0000 ,
  0.1205 ,  0.1208 , -0.4749 , -0.1707 ,  2.0299 ,  0.3306 ,
  0.0400 ,  0.0807 , -0.3170 ,  0.6613 ,  0.6681 ,  0.0036 ,
  0.0800 ,  0.0802 , -0.4752 , -0.8838 ,  2.5970 ,  0.3306 ,
  0.1212 ,  0.1214 , -0.1577 , -0.9554 ,  0.7868 ,  0.6522 ,
 -0.0400 ,  0.1222 , -0.1593 , -0.9540 , -0.0871 ,  0.3270 ,
  0.1202 , -0.0012 , -0.3161 ,  0.0087 ,  0.8095 ,  0.6540 ,
 -0.1214 ,  0.0407 , -0.3186 ,  1.4989 ,  2.2910 , -0.3217 ,
  0.1217 ,  0.0410 ,  0.3181 , -0.0701 ,  0.8031 ,  0.3132 ,
 -0.1215 ,  0.0812 , -0.4773 ,  2.2171 ,  1.6601 ,  0.6558 ,
  0.1202 , -0.0012 , -0.3161 , -0.7661 ,  1.4318 ,  0.9793 ,
 -0.0003 , -0.0003 , -0.1586 , -0.7700 ,  1.8661 ,  0.3270 ,
  0.0396 , -0.0008 , -0.3169 , -2.3153 ,  1.3059 ,  0.0036 ,
 -0.0404 ,  0.0406 , -0.1591 , -0.8311 ,  0.5508 ,  0.3270 ,
  0.0802 , -0.0007 , -0.1578 ,  1.5539 ,  0.7474 ,  0.3270 ,
 -0.0809 ,  0.0813 , -0.3182 , -0.8874 ,  1.7239 ,  0.6541 ,
 -0.0413 , -0.0007 , -0.4763 ,  0.7898 ,  1.8016 , -0.6451 ,
  0.0395 ,  0.0396 , -0.4756 , -2.3719 ,  1.2973 ,  1.3063 ,
  0.0004 ,  0.0815 , -0.0002 , -0.1229 ,  1.2288 ,  0.3252 ,
 -0.0409 , -0.0409 , -0.1590 ,  1.6163 , -0.0559 ,  0.6522 ,
  0.0801 ,  0.0398 , -0.3165 , -2.3770 ,  3.8502 ,  0.6540 ,
 -0.0001 ,  0.1217 , -0.3175 ,  0.6002 ,  2.4642 ,  0.3288 ,
  0.0807 ,  0.0808 , -0.1580 , -0.8936 ,  0.7317 ,  0.6522 ,
  0.1210 ,  0.0806 , -0.1576 , -2.4438 ,  1.4169 ,  0.3270 ,
 -0.0013 , -0.0417 , -0.4758 , -0.6988 ,  1.2500 , -0.3199 ,
 -0.0006 , -0.0411 , -0.1586 ,  0.0663 ,  1.2515 ,  0.6522 ,
  0.0405 ,  0.0406 ,  0.0003 ,  0.7130 ,  1.2996 , -0.0000 ,
  0.0001 , -0.0405 ,  0.1587 ,  1.6062 ,  2.4975 ,  0.6487 ,
  0.0796 ,  0.0799 , -0.6339 , -2.4286 ,  2.5962 ,  0.3323 ,
 -0.0400 ,  0.1222 , -0.1593 ,  0.5957 ,  0.5352 ,  0.0018 ,
  0.0387 , -0.0422 , -0.6341 , -3.0189 ,  1.9346 ,  0.9828 ,
  0.0397 , -0.0413 , -0.1582 ,  0.8408 ,  0.0700 ,  1.6278 ,
  0.0798 ,  0.0395 , -0.4752 , -0.0475 ,  0.7380 ,  0.3306 ,
  0.0008 ,  0.0818 ,  0.1585 , -2.4527 ,  1.2296 , -0.3270 ,
 -0.0003 ,  0.0809 , -0.3174 , -0.1131 ,  2.4719 ,  0.0036 ,
  0.1601 ,  0.1200 , -0.7918 , -1.7111 ,  0.8468 ,  0.6594 ,
  0.1208 ,  0.1211 , -0.3163 , -0.9505 ,  0.7861 ,  0.6540 ,
  0.0800 ,  0.0802 , -0.4752 , -0.8838 ,  0.7302 ,  0.0053 ,
 -0.1207 ,  0.0413 , -0.0013 , -0.8353 ,  1.6701 ,  0.6505 ,
  0.0805 ,  0.0401 , -0.1579 , -0.0573 ,  0.1173 ,  0.6522 ,
  0.1206 ,  0.0803 , -0.3162 ,  0.6606 , -1.0730 ,  0.3288 ,
  0.1209 , -0.0006 ,  0.0012 , -1.5508 ,  0.1888 , -0.3253 ,
  0.0797 , -0.0418 , -0.3164 , -2.2541 , -0.4902 ,  0.6540 ,
 -0.0413 , -0.0007 , -0.4763 , -1.5347 ,  1.1793 ,  0.6558 ,
 -0.0010 , -0.0009 , -0.4759 , -0.7602 ,  0.6200 ,  0.6558 ,
 -0.0812 ,  0.0810 , -0.4769 , -0.8824 ,  0.4786 ,  0.0054 ,
  0.0397 , -0.0413 , -0.1582 ,  1.6156 ,  1.9368 ,  0.0018 ,
 -0.0416 , -0.0415 , -0.4762 ,  0.0765 ,  1.8094 ,  1.6314 ,
  0.1604 ,  0.1203 , -0.6332 , -0.9411 ,  0.8475 ,  1.3080 ,
  0.0799 , -0.0010 , -0.3165 , -2.3156 ,  1.9911 ,  0.3288 ,
  0.0001 ,  0.1624 , -0.3176 , -1.7859 ,  1.8341 ,  0.6541 ,
 -0.0403 ,  0.0002 , -0.0004 ,  0.0003 ,  0.5593 ,  0.0000 ,
  0.0793 , -0.0421 , -0.4750 , -0.6995 ,  1.9982 ,  0.6558 ,
  0.0402 ,  0.0403 , -0.1583 , -0.8318 ,  1.2989 ,  0.3270 ,
  0.1208 ,  0.0399 , -0.1575 , -2.3824 ,  0.1802 ,  0.3270 ,
 -0.0410 , -0.0004 , -0.3177 , -0.7647 ,  1.8024 ,  0.3288 ,
  0.0407 ,  0.0813 ,  0.0003 ,  0.6516 ,  0.6696 ,  0.3252 ,
  0.0811 ,  0.1624 , -0.1581 , -2.5663 ,  0.7161 ,  0.3270 ,
  0.0400 ,  0.0807 , -0.3170 ,  0.6613 ,  1.2904 ,  0.0036 ,
 -0.0013 , -0.0417 , -0.4758 , -0.6988 ,  1.8723 ,  0.0053 ,
 -0.0401 ,  0.0410 , -0.0005 , -0.8360 ,  0.5515 ,  0.6505 ,
  0.0404 ,  0.0810 , -0.1584 ,  2.2061 ,  1.9133 ,  0.9775 ,
 -0.0010 ,  0.0803 , -0.6347 , -0.1034 ,  2.4705 ,  1.3081 ,
 -0.0009 , -0.0414 , -0.3172 , -2.2535 ,  1.2508 ,  0.3288 ,
  0.1210 ,  0.0806 , -0.1576 , -0.8939 ,  0.7946 ,  0.6522 ,
  0.0395 ,  0.0396 , -0.4756 , -0.0471 ,  1.2973 , -0.3199 ,
  0.0806 ,  0.2025 , -0.4755 , -1.8430 ,  2.5735 ,  0.6558 ,
  0.1204 ,  0.0396 , -0.3161 , -0.8276 ,  2.6685 ,  0.6540 ,
 -0.0817 , -0.0818 , -0.3179 ,  0.9082 ,  0.5105 ,  0.3288 ,
  0.0388 ,  0.0390 , -0.7928 , -2.3622 ,  0.6736 ,  0.9846 ,
 -0.0008 ,  0.0398 , -0.4760 , -2.3716 , -0.0101 ,  0.0053 ,
 -0.0008 ,  0.0398 , -0.4760 , -0.0468 ,  1.8568 ,  0.3306 ,
  0.1198 , -0.0015 , -0.4747 ,  0.0136 ,  0.8087 ,  0.0053 ,
 -0.0805 ,  0.0816 , -0.1596 , -0.1173 ,  1.1023 ,  0.6523 ,
  0.0402 ,  0.0403 , -0.1583 , -0.8318 ,  0.0544 , -0.6487 ,
  0.0002 ,  0.0408 , -0.0001 , -0.0615 ,  1.8590 , -0.3252 ,
 -0.0008 , -0.0818 , -0.1585 , -3.7466 ,  0.6371 ,  0.6522 ,
 -0.0010 ,  0.0803 , -0.6347 , -0.8782 ,  1.8482 ,  0.6576 ,
  0.0001 ,  0.0812 , -0.1588 , -0.8929 , -0.0164 , -0.3234 ,
  0.0390 , -0.0419 , -0.4754 ,  0.0758 ,  1.9353 ,  0.6558 ,
  0.0394 , -0.0416 , -0.3168 ,  2.3954 ,  1.9361 , -0.3217 ,
  0.0002 ,  0.0408 , -0.0001 , -1.6112 ,  0.6144 , -0.3252 ,
  0.0393 ,  0.0801 , -0.6343 ,  0.6711 ,  0.0443 ,  0.0071 ,
 -0.1210 ,  0.0410 , -0.1599 , -0.0555 ,  1.6695 ,  0.6523 ,
  0.1189 , -0.0429 , -0.7919 ,  0.0849 ,  0.1928 ,  0.6594 ,
 -0.0001 ,  0.1217 , -0.3175 , -2.4994 ,  1.8420 ,  1.3045 ,
 -0.0008 ,  0.0398 , -0.4760 , -0.0468 ,  1.8568 , -0.3199 ,
 -0.0402 ,  0.0814 , -0.1592 , -0.1177 ,  1.1652 , -0.3234 ,
 -0.0012 ,  0.0395 , -0.6346 ,  0.7329 ,  0.6115 ,  0.6576 ,
  0.1204 ,  0.0396 , -0.3161 , -1.6025 ,  2.0462 ,  0.9793 ,
  0.0003 ,  0.1220 , -0.1589 , -1.7293 ,  1.2203 ,  0.9775 ,
  0.0809 ,  0.1216 , -0.1581 , -0.9551 ,  1.9685 ,  0.9775 ,
 -0.0396 ,  0.0419 ,  0.3163 , -0.0692 ,  1.1749 ,  0.3168 ,
 -0.0009 , -0.0414 , -0.3172 ,  0.8461 ,  0.6286 ,  0.3288 ,
 -0.0010 ,  0.0803 , -0.6347 , -0.1034 ,  1.2259 ,  0.6576 ,
  0.0802 , -0.0007 , -0.1578 ,  0.7790 , -0.4972 ,  0.6522 ,
  0.0396 , -0.0008 , -0.3169 ,  0.7843 ,  0.6837 ,  0.3288 ,
  0.0001 ,  0.0812 , -0.1588 , -2.4429 , -0.0164 ,  0.0018 ,
  0.0001 ,  0.0812 , -0.1588 , -0.8930 ,  0.6059 ,  0.9775 ,
 -0.0008 ,  0.1211 , -0.6348 , -0.9397 ,  1.2181 ,  0.9828 ,
  0.1208 ,  0.0399 , -0.1575 , -0.0576 ,  1.4247 ,  0.9775 ,
  0.0801 ,  0.0398 , -0.3165 , -1.6022 ,  1.3610 ,  1.3045 ,
  0.1211 ,  0.0402 ,  0.0011 , -0.8374 ,  0.8032 ,  0.9757 ,
  0.0405 ,  0.0406 ,  0.0003 ,  0.7130 ,  0.0551 ,  0.9757 ,
 -0.0006 , -0.0411 , -0.1586 , -1.4834 ,  1.2515 , -0.3234 ,
  0.2004 , -0.0831 , -0.3151 , -0.6440 ,  0.3287 ,  0.0035 ,
  0.0403 , -0.0002 ,  0.0004 ,  0.7745 ,  0.0629 , -0.0000 ,
 -0.0410 , -0.0004 , -0.3177 ,  1.5598 ,  3.0468 ,  0.0036 ,
  0.0800 , -0.0415 , -0.1578 , -2.2589 ,  1.3775 ,  0.3270 ,
  0.0409 ,  0.1223 ,  0.1578 , -0.9678 ,  0.6551 ,  0.6420 ,
 -0.0002 , -0.0408 ,  0.0001 , -2.2633 ,  1.8746 ,  0.6504 ,
  0.1202 , -0.0012 , -0.3161 , -0.7661 ,  0.8095 ,  0.3288 ,
  0.0007 ,  0.0006 ,  0.3173 , -0.0098 ,  1.2460 ,  0.3217 ,
  0.0807 ,  0.1621 , -0.3168 , -0.2368 ,  1.9599 ,  0.9793 ,
  0.0801 ,  0.0398 , -0.3165 ,  1.4973 , -0.5058 ,  0.9793 ,
  0.0403 ,  0.0410 ,  0.1584 , -0.0643 ,  2.5505 ,  0.3229 ,
  0.0409 ,  0.1221 ,  0.0002 , -0.9596 ,  1.2841 ,  0.9757 ,
 -0.0809 ,  0.0001 , -0.1594 , -1.5442 ,  0.4957 ,  0.0018 ,
  0.0809 ,  0.1216 , -0.1581 ,  0.5946 ,  2.5907 ,  1.3027 ,
  0.0398 ,  0.0400 , -0.3170 , -0.0520 ,  0.0536 , -0.3217 ,
  0.1611 ,  0.0401 ,  0.1599 ,  0.7031 ,  1.4789 ,  0.9592 ,
 -0.0807 ,  0.0408 , -0.1595 , -0.0559 , -0.1344 ,  0.9775 ,
  0.0000 ,  0.0000 ,  0.0000 ,  0.0000 ,  0.0000 ,  0.3252 ,
 -0.0002 ,  0.1621 , -0.4762 , -1.7809 ,  1.8333 ,  0.3306 ,
  0.0405 ,  0.0406 ,  0.0003 ,  0.7130 ,  1.2996 , -0.0000 ,
  0.0397 ,  0.0804 , -0.4757 ,  0.6662 ,  1.2895 ,  0.3306 ,
 -0.0811 ,  0.0405 , -0.3182 ,  0.7238 , -0.1352 ,  0.6541 ,
  0.0817 ,  0.1221 ,  0.1587 , -0.9706 ,  0.1070 ,  0.3137 ,
 -0.1612 ,  0.0008 , -0.0016 ,  0.0014 ,  0.9929 ,  0.3253 ,
  0.0802 ,  0.1210 , -0.4753 , -0.1704 ,  2.5891 ,  0.3306 ,
 -0.0411 , -0.0817 , -0.1589 , -0.6467 ,  1.1965 ,  0.6522 ,
 -0.0003 , -0.0003 , -0.1586 , -0.7700 ,  0.6215 ,  0.0018 ,
  0.0805 ,  0.0401 , -0.1579 , -1.6070 ,  0.1173 ,  0.3270 ,
  0.1210 ,  0.1619 , -0.3164 , -2.5619 ,  1.4006 ,  0.3288 ,
  0.1208 ,  0.0399 , -0.1575 , -0.8325 ,  1.4247 ,  0.3270 ,
  0.0404 ,  0.0810 , -0.1584 , -2.4431 ,  1.2910 ,  0.0018 ,
 -0.0818 ,  0.0399 , -0.6354 ,  1.5085 ,  1.7302 ,  0.6576 ,
  0.0399 , -0.0005 , -0.1582 , -1.5453 ,  0.6844 ,  0.0018 ,
 -0.0008 ,  0.1211 , -0.6348 , -0.1648 , -0.0264 ,  0.9828 ,
  0.1614 ,  0.0400 ,  0.0015 , -0.8377 ,  1.4884 , -0.3253 ,
 -0.0809 ,  0.0813 , -0.3182 ,  0.6624 ,  1.7239 ,  0.3288 ,
 -0.0413 , -0.0007 , -0.4763 , -0.7599 ,  1.8016 ,  0.6558 ,
  0.0805 ,  0.0401 , -0.1579 ,  0.7176 ,  1.3617 ,  0.0018 ,
  0.0397 ,  0.0804 , -0.4757 ,  1.4410 ,  1.2895 ,  0.3306 ,
  0.1195 , -0.0018 , -0.6333 ,  0.0185 ,  2.0524 ,  0.3323 ,
  0.0003 ,  0.0003 ,  0.1586 , -2.3298 ,  1.2452 ,  0.3234 ,
  0.1614 ,  0.0400 ,  0.0015 , -0.8377 ,  1.4884 ,  0.6504 ,
  0.1205 , -0.0009 , -0.1574 ,  0.7786 ,  2.0547 ,  0.3270 ,
 -0.0003 , -0.0003 , -0.1586 ,  0.0049 , -0.0007 ,  0.6522 ,
  0.2001 , -0.0022 , -0.6325 ,  0.0178 ,  0.9338 ,  0.0071 ,
  0.1202 , -0.0012 , -0.3161 ,  0.7836 ,  2.6762 ,  0.3288 ,
  0.1205 ,  0.1208 , -0.4749 , -1.7205 ,  0.1631 ,  0.0053 ,
  0.0793 , -0.0421 , -0.4750 , -0.6995 ,  1.9982 ,  0.3306 ,
 -0.0002 ,  0.1621 , -0.4762 , -0.2312 ,  2.4555 ,  1.6314 ,
 -0.0004 , -0.0815 ,  0.0002 , -2.2019 ,  1.2602 , -0.0000 ,
 -0.0404 ,  0.1219 , -0.3179 , -1.7241 ,  0.5344 ,  0.3288 ,
  0.1605 , -0.0014 , -0.3157 ,  0.7832 ,  2.7391 ,  0.3288 ,
 -0.0408 ,  0.0403 , -0.3178 , -1.6010 ,  1.1724 ,  0.6541 ,
 -0.0816 ,  0.0807 , -0.6355 , -1.6524 ,  2.3448 ,  0.3324 ,
  0.0008 ,  0.0818 ,  0.1585 , -0.1278 ,  1.2296 , -0.0018 ,
  0.0397 , -0.0413 , -0.1582 ,  0.0660 ,  1.3145 ,  0.3270 ,
  0.1211 , -0.0408 ,  0.1601 ,  0.8311 ,  3.2954 , -0.6542 ,
 -0.0393 ,  0.2040 , -0.0008 ,  0.4679 ,  1.1425 ,  0.0000 ,
 -0.0010 ,  0.0803 , -0.6347 , -0.1034 ,  0.6036 ,  0.9828 ,
  0.0800 ,  0.0802 , -0.4752 , -1.6587 ,  1.9748 ,  0.3306 ,
  0.0006 ,  0.0411 ,  0.1586 ,  1.4833 ,  0.6152 ,  0.6487 ,
 -0.0410 , -0.0004 , -0.3177 ,  0.0101 ,  1.1801 ,  1.3045 ,
  0.0001 ,  0.0812 , -0.1588 , -2.4429 ,  1.2282 ,  0.3270 ,
  0.0805 ,  0.0401 , -0.1579 , -0.8322 ,  0.7395 ,  0.6522 ,
  0.0008 ,  0.1631 , -0.0003 , -1.0208 ,  0.5910 ,  0.3252 ,
  0.0810 ,  0.0811 ,  0.0007 ,  0.6512 ,  1.9770 ,  0.3252 ,
  0.0404 ,  0.0810 , -0.1584 ,  1.4313 ,  0.6688 ,  1.6278 ,
  0.1205 ,  0.1208 , -0.4749 , -1.7205 ,  0.1631 , -0.3199 ,
  0.0404 ,  0.0813 ,  0.1574 , -0.8978 ,  1.2889 ,  0.0102 ,
  0.0802 , -0.0007 , -0.1578 ,  0.7790 ,  1.9919 ,  0.6522 ,
 -0.0004 , -0.0815 ,  0.0002 , -1.4269 ,  1.2602 ,  0.6504 ,
 -0.0010 , -0.1226 , -0.1584 ,  0.1892 ,  0.0227 ,  0.3270 ,
 -0.0408 ,  0.0403 , -0.3178 ,  0.7235 ,  0.5500 ,  0.0036 ,
  0.1208 ,  0.0399 , -0.1575 ,  0.7172 ,  2.0470 ,  0.3270 ,
  0.0400 ,  0.0807 , -0.3170 , -0.1135 ,  0.0458 ,  0.3288 ,
  0.0808 ,  0.0404 ,  0.0007 , -1.6119 ,  0.7403 ,  0.3252 ,
  0.0402 ,  0.0403 , -0.1583 , -0.8318 ,  1.9211 ,  0.3270 ,
 -0.0413 , -0.0007 , -0.4763 , -1.5347 , -0.0652 ,  0.6558 ,
  0.0411 ,  0.1629 ,  0.0001 , -1.0211 ,  2.5207 ,  0.6504 ,
  0.0398 ,  0.0400 , -0.3170 , -0.0520 ,  0.0536 ,  0.3288 ,
  0.0405 ,  0.0406 ,  0.0003 ,  0.7130 ,  1.2996 ,  0.9757 ,
 -0.0007 , -0.0006 , -0.3173 , -0.7651 ,  0.6208 ,  0.3288 ,
  0.0389 , -0.0014 , -0.6342 , -1.5305 ,  1.3045 ,  0.3323 ,
 -0.0402 ,  0.0814 , -0.1592 , -0.1177 , -0.7016 ,  0.0018 ,
 -0.0021 , -0.0019 , -0.9519 ,  0.8042 ,  1.2400 ,  1.6368 ,
  0.0806 , -0.0004 ,  0.0008 , -1.5505 ,  1.9927 , -0.3253 ,
  0.0390 , -0.0419 , -0.4754 ,  0.0758 ,  0.6907 , -0.3199 ,
  0.0799 , -0.0010 , -0.3165 , -0.7658 ,  1.9911 ,  1.3045 ,
 -0.0011 , -0.0821 , -0.3171 ,  0.9075 ,  1.8809 ,  0.0036 ,
  0.0403 , -0.0002 ,  0.0004 , -0.7752 ,  1.9298 ,  1.3009 ,
  0.1609 ,  0.0801 , -0.3158 ,  0.6603 ,  1.4790 ,  0.9793 ,
  0.0407 ,  0.0406 ,  0.1583 ,  1.5155 ,  0.0447 ,  0.0011 ,
 -0.0420 , -0.1230 , -0.4761 , -0.5755 ,  1.2028 ,  0.3306 ,
  0.0001 ,  0.0812 , -0.1588 ,  0.6568 ,  1.8504 ,  0.0018 ,
  0.0386 , -0.0017 , -0.7928 , -1.5257 ,  0.6814 ,  0.0089 ,
  0.0000 ,  0.0000 ,  0.0000 , -0.7748 , -0.6223 ,  0.0000 ,
  0.0404 ,  0.0813 ,  0.1574 , -0.8978 ,  1.2889 ,  0.6573 ,
  0.1203 ,  0.0800 , -0.4749 , -0.8841 ,  0.1709 ,  0.6558 ,
  0.1209 , -0.0006 ,  0.0012 , -1.5508 ,  0.1888 ,  0.6504 ,
  0.0399 , -0.0005 , -0.1582 ,  0.7793 ,  1.3067 ,  0.6522 ,
  0.0805 ,  0.1213 , -0.3167 , -1.7250 ,  0.1009 ,  0.6540 ,
  0.0405 ,  0.0406 ,  0.0003 , -0.0618 ,  1.9219 ,  0.6504 ,
  0.1611 ,  0.1209 , -0.3159 , -0.1760 ,  1.4713 ,  0.9793 ,
  0.0799 , -0.0010 , -0.3165 , -2.3156 ,  1.3689 ,  0.9793 ,
  0.0811 ,  0.0408 ,  0.1585 , -0.8394 ,  0.7409 , -0.3236 ,
 -0.0006 , -0.0411 , -0.1586 ,  0.0663 ,  0.0071 ,  0.0018 ,
 -0.1216 , -0.0000 , -0.3185 , -1.5390 ,  1.0542 ,  0.3288 ,
 -0.0403 ,  0.0002 , -0.0004 , -0.7745 ,  0.5593 ,  0.6505 ,
  0.0795 , -0.0013 , -0.4751 , -0.7609 ,  1.3680 , -0.3199 ,
 -0.0006 ,  0.0806 , -0.4761 , -0.8831 ,  0.6044 ,  0.0053 ,
 -0.0004 , -0.0815 ,  0.0002 ,  0.1229 ,  2.5048 ,  0.6504 ,
  0.0801 ,  0.0398 , -0.3165 , -2.3770 ,  2.6054 ,  1.3045 ,
  0.0807 ,  0.0808 , -0.1580 , -1.6684 ,  1.9763 ,  0.3270 ,
 -0.0003 , -0.0003 , -0.1586 , -0.7700 , -0.0007 ,  0.3270 ,
  0.0801 ,  0.0398 , -0.3165 ,  0.7224 ,  1.3610 ,  1.3045 ,
  0.1206 ,  0.0803 , -0.3162 , -0.1142 ,  2.0384 ,  0.3288 ,
  0.0800 , -0.0415 , -0.1578 ,  0.0657 ,  0.1329 ,  0.6522 ,
  0.0406 ,  0.0001 ,  0.1590 ,  0.7696 ,  1.3082 ,  0.3234 ,
 -0.0003 , -0.0003 , -0.1586 ,  0.0049 , -0.0007 ,  0.6522 ,
 -0.0003 , -0.0003 , -0.1586 ,  0.0049 ,  1.2438 ,  0.6522 ,
 -0.0409 ,  0.0808 , -0.4765 , -1.6576 , -0.0808 ,  0.3306 ,
 -0.0400 ,  0.0818 ,  0.1570 , -0.9069 ,  0.5348 ,  0.9603 ,
 -0.0401 ,  0.0410 , -0.0005 ,  0.7137 ,  0.5515 ,  0.0000 ,
  0.0399 , -0.0005 , -0.1582 , -1.5452 ,  1.3067 ,  1.3027 ,
 -0.0815 , -0.0410 , -0.3180 , -1.4778 ,  0.5027 ,  1.3045 ,
 -0.0015 , -0.0825 , -0.4758 , -1.4122 , -0.6090 ,  0.3306 ,
  0.1202 , -0.0012 , -0.3161 , -1.5410 ,  1.4318 ,  1.9549 ,
  0.0005 ,  0.1627 , -0.1589 , -1.0159 ,  2.4570 ,  0.0018 ,
  0.0388 , -0.0826 , -0.4754 , -0.6376 ,  0.0763 ,  0.0053 ,
  0.1205 , -0.0009 , -0.1574 , -0.7710 ,  1.4325 ,  0.6522 ,
  0.1215 ,  0.1217 ,  0.0010 , -0.1854 ,  2.0321 , -0.0000 ,
 -0.0408 ,  0.0403 , -0.3178 , -1.6010 ,  0.5500 ,  0.3288 ,
 -0.0402 ,  0.0412 ,  0.1562 , -2.4059 ,  3.0192 ,  0.6690 ,
  0.1206 ,  0.0803 , -0.3162 , -1.6639 ,  1.4162 ,  0.0035 ,
  0.0390 ,  0.0798 , -0.7930 , -1.6486 ,  1.9104 ,  0.3341 ,
  0.0805 ,  0.1213 , -0.3167 , -0.9502 ,  1.3455 , -0.3217 ,
 -0.0006 ,  0.0806 , -0.4761 , -0.8831 ,  1.8489 ,  0.6558 ,
  0.0393 ,  0.0801 , -0.6343 ,  0.6711 ,  1.9111 ,  1.3081 ,
  0.0805 ,  0.1213 , -0.3167 ,  1.3744 ,  2.5899 ,  0.3288 ,
  0.0407 ,  0.0813 ,  0.0003 ,  0.6516 ,  1.2918 , -0.3253 ,
 -0.0007 , -0.0006 , -0.3173 , -0.7651 ,  0.6208 ,  0.3288 ,
  0.0399 , -0.0005 , -0.1582 , -0.7703 ,  0.0622 ,  0.9775 ,
 -0.0417 , -0.0010 , -0.6350 , -1.5299 ,  0.5563 ,  0.9828 ,
 -0.0404 ,  0.0406 , -0.1591 , -0.0562 , -0.0715 ,  0.6522 ,
  0.0402 ,  0.1215 , -0.3171 , -0.1749 ,  2.5271 ,  0.9793 ,
 -0.0417 , -0.0010 , -0.6350 , -0.7550 ,  1.1787 ,  0.9828 ,
  0.1210 ,  0.0806 , -0.1576 ,  0.6557 , -0.4499 ,  1.3027 ,
  0.1204 ,  0.0396 , -0.3161 , -0.0527 ,  0.8017 ,  0.3288 ,
  0.0404 ,  0.0810 , -0.1584 , -0.8932 ,  1.2910 ,  0.9775 ,
  0.0793 , -0.0421 , -0.4750 , -1.4744 ,  0.1314 ,  0.3306 ,
  0.0807 ,  0.0808 , -0.1580 , -0.8936 ,  3.8432 ,  0.9775 ,
 -0.1224 , -0.0819 , -0.4770 ,  0.9134 ,  1.0691 ,  0.0054 ,
 -0.0406 , -0.0001 , -0.1590 , -0.7697 ,  1.1808 ,  0.3270 ,
 -0.0013 , -0.0417 , -0.4758 , -1.4736 ,  1.2500 , -0.3199 ,
 -0.0806 ,  0.0004 , -0.0008 , -1.5490 ,  1.1186 ,  0.0000 ,
  0.0001 , -0.0405 ,  0.1587 , -2.2683 ,  0.6308 , -0.3270 ,
  0.0406 ,  0.1218 , -0.1585 ,  0.5950 ,  2.5276 ,  0.3270 ,
  0.1196 , -0.0423 , -0.4746 ,  0.0751 ,  0.1943 , -0.3199 ,
  0.0805 ,  0.0401 , -0.1579 ,  0.7176 ,  0.7395 ,  1.3027 ,
  0.0000 ,  0.0000 ,  0.0000 ,  0.0000 ,  1.2446 ,  0.6505 ,
  0.0795 ,  0.1204 , -0.7926 , -0.1606 ,  0.7209 ,  0.9846 ,
  0.0392 , -0.0011 , -0.4755 , -0.7605 ,  1.9274 ,  0.6558 ,
  0.0405 ,  0.0406 ,  0.0003 , -0.8367 ,  0.6774 ,  0.3252 ,
 -0.0005 ,  0.0401 , -0.3174 , -0.8266 ,  2.4797 ,  0.6541 ,
  0.0809 , -0.0406 ,  0.1594 ,  0.0579 ,  0.7600 ,  0.3177 ,
  0.0398 ,  0.0400 , -0.3170 , -1.6018 ,  0.6759 ,  0.0036 ,
  0.0802 , -0.0007 , -0.1578 , -1.5455 ,  1.3696 ,  0.6522 ,
  0.0395 ,  0.1209 , -0.6344 , -0.9400 ,  3.1478 ,  0.6576 ,
  0.0405 ,  0.0406 ,  0.0003 , -1.6116 ,  1.9219 , -0.3253 ,
 -0.0402 ,  0.0412 ,  0.1562 , -1.6251 ,  1.1643 ,  0.3464 ,
  0.1198 , -0.0015 , -0.4747 ,  0.7884 ,  2.6754 ,  0.6558 ,
 -0.0416 , -0.0415 , -0.4762 , -0.6984 ,  2.4316 ,  0.9811 ,
 -0.0418 ,  0.0394 , -0.7937 , -1.5864 ,  0.5478 ,  0.3342 ,
 -0.0003 , -0.0003 , -0.1586 , -1.5449 ,  1.2438 ,  0.9775 ,
 -0.0005 ,  0.0401 , -0.3174 ,  0.7231 ,  2.4797 ,  0.3288 ,
  0.0011 ,  0.0821 ,  0.3171 , -0.1327 , -0.6365 ,  0.9722 ,
  0.1607 ,  0.0394 , -0.3157 , -0.0531 ,  0.8646 ,  0.3288 ,
  0.0403 ,  0.0410 ,  0.1584 , -0.0643 ,  2.5505 , -0.0004 ,
  0.1206 ,  0.0803 , -0.3162 , -1.6639 ,  1.4162 ,  0.0035 ,
 -0.0409 , -0.0409 , -0.1590 ,  0.0667 , -0.6782 ,  1.3027 ,
 -0.0001 , -0.0812 ,  0.1588 , -0.6568 ,  1.8832 , -0.3270 ,
 -0.0808 ,  0.0409 ,  0.1562 , -0.8343 ,  1.1076 ,  0.6561 ,
 -0.0401 ,  0.0410 , -0.0005 , -0.0611 ,  0.5515 ,  0.0000 ,
  0.1200 , -0.0420 , -0.3160 , -1.4796 ,  0.8173 ,  0.3288 ,
 -0.1214 , -0.0405 , -0.1598 ,  0.8421 ,  1.6851 ,  0.3270 ,
 -0.0007 , -0.0006 , -0.3173 ,  0.7846 , -0.0015 , -0.3217 ,
  0.0402 ,  0.0403 , -0.1583 , -0.8318 ,  0.6766 , -0.3235 ,
  0.0808 , -0.0403 ,  0.1594 ,  0.0577 ,  1.3844 , -0.3213 ,
  0.0786 , -0.1239 , -0.6335 , -0.5716 ,  1.3908 ,  0.6576 ,
 -0.0007 , -0.0006 , -0.3173 , -0.7651 ,  1.8653 ,  0.6541 ,
  0.0792 , -0.0016 , -0.6337 , -0.7560 ,  0.1228 ,  0.6576 ,
  0.0000 ,  0.0000 ,  0.0000 ,  0.7748 ,  2.4891 ,  0.3252 ,
 -0.0413 , -0.0007 , -0.4763 , -0.7599 ,  1.1793 ,  0.9811 ,
  0.0001 ,  0.0812 , -0.1588 , -0.1180 ,  0.6059 ,  0.6522 ,
  0.0808 ,  0.0404 ,  0.0007 , -1.6119 ,  1.3625 ,  0.6504 ,
  0.0398 ,  0.0400 , -0.3170 , -0.8269 ,  1.2981 ,  0.3288 ,
  0.0405 ,  0.0406 ,  0.0003 , -0.8367 ,  0.0551 , -0.6505 ,
 -0.0003 ,  0.0809 , -0.3174 , -0.8881 ,  1.8497 ,  0.6541 ,
  0.0813 ,  0.0002 ,  0.3181 , -0.7854 ,  1.3718 ,  0.6469 ,
  0.0390 , -0.0419 , -0.4754 , -0.6991 ,  1.9353 ,  0.6558 ,
  0.1604 ,  0.1203 , -0.6332 , -0.1662 ,  0.8475 ,  0.6576 ,
 -0.0008 , -0.0818 , -0.1585 ,  0.9026 ,  3.7484 ,  0.9775 ,
  0.0389 , -0.0014 , -0.6342 , -0.7557 ,  0.0599 ,  0.6576 ,
  0.0395 ,  0.0396 , -0.4756 , -2.3719 ,  0.6751 ,  0.0053 ,
  0.0005 ,  0.1627 , -0.1589 ,  0.5339 ,  1.2125 ,  0.9775 ,
  0.0805 ,  0.0401 , -0.1579 , -0.8322 ,  0.1173 ,  0.0018 ,
  0.1205 , -0.0009 , -0.1574 ,  0.0039 ,  2.0547 ,  0.6522 ,
 -0.0009 , -0.0414 , -0.3172 ,  1.6209 ,  1.2508 ,  0.3288 ,
 -0.0402 ,  0.0814 , -0.1592 , -0.1177 ,  1.7875 ,  1.6278 ,
  0.0397 , -0.0413 , -0.1582 , -1.4837 ,  1.3145 ,  0.3270 ,
 -0.0005 ,  0.0401 , -0.3174 , -0.0517 ,  1.2353 ,  0.3288 ,
  0.0397 ,  0.0804 , -0.4757 , -2.4335 ,  0.6673 ,  0.0053 ,
  0.0399 , -0.0005 , -0.1582 , -0.7703 ,  1.9290 ,  0.3270 ,
 -0.0001 ,  0.1217 , -0.3175 , -0.1746 ,  0.5973 ,  0.9793 ,
  0.0013 ,  0.1229 ,  0.3170 , -1.7439 ,  0.6003 ,  0.6469 ,
  0.1201 ,  0.1205 , -0.6336 , -0.9407 ,  2.0292 ,  0.3323 ,
  0.0406 ,  0.1218 , -0.1585 , -0.9547 ,  0.0387 ,  0.0018 ,
 -0.0006 , -0.0411 , -0.1586 , -3.0331 ,  1.8739 ,  0.9775 ,
  0.1206 ,  0.0803 , -0.3162 , -2.4389 ,  3.9054 ,  0.6540 ,
  0.1611 ,  0.1209 , -0.3159 , -0.1760 ,  0.2267 ,  0.3288 ,
  0.0788 , -0.0019 , -0.7924 , -0.7511 ,  0.7443 ,  0.6594 ,
  0.1205 , -0.0009 , -0.1574 ,  0.7786 ,  1.4325 ,  0.0018 ,
  0.1202 , -0.0012 , -0.3161 , -0.7661 ,  0.8095 ,  0.6540 ,
  0.0389 , -0.0014 , -0.6342 , -0.7557 ,  1.9267 ,  0.3323 ,
  0.0801 ,  0.0398 , -0.3165 , -0.8273 ,  1.9834 ,  0.6540 ,
 -0.0005 ,  0.0401 , -0.3174 , -0.8266 ,  0.6129 ,  0.9793 ,
  0.0805 ,  0.0401 , -0.1579 , -0.8322 ,  1.3617 ,  0.6522 ,
  0.0800 ,  0.0802 , -0.4752 ,  0.6659 ,  0.7302 ,  0.9811 ,
 -0.0008 ,  0.0398 , -0.4760 , -1.5966 ,  1.8568 ,  0.3306 ,
 -0.0001 ,  0.0405 , -0.1587 , -0.0566 , -0.6309 ,  0.3270 ,
 -0.0403 ,  0.0002 , -0.0004 , -0.7745 ,  0.5593 ,  0.9757 ,
 -0.0009 , -0.0414 , -0.3172 , -2.2535 ,  1.8732 ,  0.0036 ,
  0.1210 ,  0.0806 , -0.1576 , -2.4438 ,  1.4169 ,  0.9775 ,
  0.0397 , -0.0413 , -0.1582 , -0.7089 ,  2.5588 ,  0.3270 ,
  0.0809 ,  0.1226 ,  0.3162 , -0.9525 ,  1.9726 ,  0.6514 ,
 -0.0402 ,  0.0814 , -0.1592 ,  0.6571 , -0.7016 , -0.6487 ,
 -0.0401 ,  0.0410 , -0.0005 , -0.8360 ,  2.4182 ,  0.6505 ,
  0.1207 , -0.0413 ,  0.0013 ,  0.8352 ,  1.4411 , -0.3253 ,
 -0.0807 ,  0.0408 , -0.1595 , -0.0559 , -0.1344 ,  0.0018 ,
  0.1200 ,  0.0393 , -0.4748 , -0.0478 ,  1.4232 ,  0.0053 ,
  0.0399 , -0.0005 , -0.1582 , -1.5452 ,  1.3067 ,  0.3270 ,
  0.0399 , -0.0005 , -0.1582 ,  0.0045 ,  0.0622 ,  0.6522 ,
 -0.0013 ,  0.0800 , -0.7933 , -0.0985 , -0.0194 ,  0.3341 ,
  0.0802 ,  0.1210 , -0.4753 , -0.1704 ,  1.9669 ,  0.9811 ,
 -0.0412 , -0.0412 , -0.3176 , -1.4782 ,  1.8102 ,  1.3045 ,
  0.0793 , -0.0421 , -0.4750 , -1.4744 ,  0.7536 , -0.3199 ,
 -0.0398 , -0.0398 ,  0.3162 , -0.7110 ,  1.1948 , -0.0039 ,
  0.0400 ,  0.0807 , -0.3170 ,  0.6613 ,  0.6681 ,  0.3288 ,
 -0.0405 , -0.0406 , -0.0003 , -1.4879 , -0.0551 ,  0.3252 ,
  0.1206 ,  0.0803 , -0.3162 , -0.8890 ,  0.7939 ,  0.6540 ,
 -0.0814 , -0.0815 , -0.1593 ,  0.1285 ,  0.5113 ,  0.6522 ,
  0.0001 ,  0.0812 , -0.1588 , -0.1180 ,  1.8504 ,  0.0018 ,
  0.0397 ,  0.0804 , -0.4757 , -0.1086 ,  0.6673 ,  0.3306 ,
 -0.0409 ,  0.0808 , -0.4765 , -0.8828 ,  1.7860 ,  0.3306 ,
  0.1210 ,  0.0806 , -0.1576 , -1.6688 ,  1.4169 ,  1.3027 ,
  0.1205 , -0.0009 , -0.1574 , -0.7711 , -0.4343 ,  0.0018 ,
  0.1206 ,  0.0803 , -0.3162 , -0.8890 ,  0.7939 ,  0.6540 ,
  0.0812 ,  0.0815 ,  0.1584 , -0.9016 ,  0.7308 ,  0.3213 ,
 -0.0418 ,  0.0394 , -0.7937 , -1.5864 ,  1.1700 ,  0.0089 ,
 -0.0396 ,  0.0008 ,  0.3169 , -3.1092 ,  1.8054 , -0.6541 ,
 -0.0822 , -0.0416 , -0.6353 , -2.2431 ,  1.1235 ,  0.6576 ,
 -0.0001 ,  0.0405 , -0.1587 , -1.6064 ,  1.2359 ,  0.0018 ,
  0.0810 ,  0.0811 ,  0.0007 , -0.8985 ,  1.3548 ,  0.6504 ,
  0.1208 ,  0.0399 , -0.1575 ,  0.7172 ,  0.8025 ,  0.3270 ,
  0.0805 ,  0.0401 , -0.1579 , -0.0573 ,  0.1173 , -0.3235 ,
  0.1209 ,  0.0406 ,  0.1592 , -0.0650 ,  1.4277 ,  0.6463 ,
 -0.0802 ,  0.0007 ,  0.1578 , -0.7791 , -0.7474 , -0.0018 ,
 -0.0409 ,  0.0808 , -0.4765 , -1.6576 ,  0.5415 ,  0.9811 ,
 -0.0001 ,  0.0405 , -0.1587 , -0.8315 ,  1.2359 ,  0.3270 ,
  0.0399 , -0.0005 , -0.1582 ,  0.0045 ,  0.6844 ,  0.3270 ,
  0.0398 ,  0.0400 , -0.3170 , -0.8269 ,  0.6759 ,  0.3288 ,
  0.0410 ,  0.0815 ,  0.3150 , -2.4840 ,  1.2805 ,  0.6480 ,
 -0.0413 , -0.0007 , -0.4763 ,  0.7898 ,  1.8016 ,  0.6558 ,
  0.0407 ,  0.0813 ,  0.0003 , -0.8982 ,  0.6696 ,  0.6504 ,
 -0.0409 , -0.0409 , -0.1590 , -0.7082 ,  1.1887 ,  0.3270 ,
  0.0798 ,  0.0395 , -0.4752 , -0.8224 ,  1.3603 ,  0.6558 ,
 -0.0010 , -0.0009 , -0.4759 , -0.7602 ,  1.8645 ,  0.6558 ,
  0.0795 , -0.0013 , -0.4751 , -0.7609 ,  0.1236 ,  0.3306 ,
  0.0802 , -0.0007 , -0.1578 , -0.7707 ,  0.7474 ,  0.6522 ,
  0.1609 ,  0.0801 , -0.3158 , -2.4392 ,  2.1013 ,  0.9793 ,
  0.0391 ,  0.0393 , -0.6342 , -1.5921 ,  2.5411 ,  0.3323 ,
 -0.0009 , -0.0414 , -0.3172 ,  0.0712 , -1.8607 ,  0.3288 ,
  0.0400 ,  0.0807 , -0.3170 , -0.1135 ,  0.0458 ,  0.6540 ,
 -0.0001 ,  0.0405 , -0.1587 ,  0.7182 ,  1.8582 ,  0.3270 ,
  0.0388 ,  0.0390 , -0.7928 , -0.8122 ,  1.2958 ,  0.9846 ,
  0.0399 , -0.0005 , -0.1582 ,  0.0045 , -0.5602 , -0.3235 ,
  0.0397 ,  0.0804 , -0.4757 , -0.1086 ,  1.2895 ,  0.0053 ,
 -0.0017 , -0.0015 , -0.7932 , -2.3002 ,  2.4852 ,  0.3341 ,
  0.1606 ,  0.0798 , -0.4745 , -1.6594 ,  1.4783 ,  0.9810 ,
 -0.0804 ,  0.0412 , -0.0009 , -0.0608 ,  1.7331 ,  0.6505 ,
  0.0397 , -0.0413 , -0.1582 , -0.7089 ,  1.3145 ,  0.9775 ,
  0.1201 ,  0.1205 , -0.6336 , -0.1659 ,  1.4068 ,  1.3080 ,
  0.0805 ,  0.0401 , -0.1579 , -0.8322 ,  0.1173 ,  0.6522 ,
  0.2016 ,  0.1615 , -0.3155 , -0.2378 ,  1.5264 ,  0.6540 ,
  0.0802 , -0.0007 , -0.1578 , -0.7707 ,  0.7474 ,  0.3270 ,
 -0.0808 ,  0.0819 ,  0.1553 , -1.6858 ,  2.3260 ,  0.6689 ,
  0.0397 ,  0.0804 , -0.4757 , -0.1086 ,  0.0450 ,  0.0053 ,
 -0.0009 , -0.0414 , -0.3172 ,  0.0712 ,  1.8732 ,  0.3288 ,
 -0.0402 ,  0.1223 ,  0.1561 , -1.7545 ,  0.5240 ,  0.0078 ,
  0.0802 , -0.0819 ,  0.0010 ,  0.8970 ,  1.3860 ,  0.6504 ,
  0.2012 ,  0.0800 , -0.3154 , -1.6646 , -0.3248 ,  0.0035 ,
  0.1195 , -0.0018 , -0.6333 , -1.5312 , -0.4366 ,  0.3323 ,
  0.1200 , -0.0420 , -0.3160 ,  0.8450 ,  1.4397 ,  1.3045 ,
 -0.0006 , -0.0411 , -0.1586 , -0.7085 ,  1.8739 ,  0.0018 ,
  0.1212 ,  0.1214 , -0.1577 , -2.5053 ,  2.0312 ,  0.0018 ,
  0.1613 , -0.0411 ,  0.1605 ,  0.8307 ,  2.7371 ,  0.6357 ,
 -0.0400 ,  0.1222 , -0.1593 , -2.5037 ,  0.5352 ,  1.3027 ,
  0.0001 ,  0.0812 , -0.1588 , -2.4429 ,  1.8504 ,  0.6522 ,
 -0.0800 ,  0.0417 ,  0.3154 , -0.8357 ,  1.1127 ,  0.9622 ,
  0.0803 ,  0.0805 , -0.3166 , -0.8887 ,  0.7310 ,  0.0036 ,
  0.0395 ,  0.1209 , -0.6344 , -0.1652 , -0.5859 ,  0.3323 ,
 -0.0001 ,  0.0405 , -0.1587 , -0.0566 ,  1.2359 ,  0.0018 ,
 -0.0007 , -0.0006 , -0.3173 , -1.5400 ,  0.6208 ,  0.0036 ,
  0.0392 , -0.0011 , -0.4755 , -0.7606 ,  0.6829 ,  0.0053 ,
 -0.1613 ,  0.0412 , -0.1603 , -0.0552 ,  0.9843 ,  0.3270 ,
  0.0398 ,  0.0400 , -0.3170 , -1.6018 ,  0.6759 ,  0.6540 ,
  0.0410 , -0.0404 ,  0.1580 , -1.5038 ,  1.9327 ,  0.3461 ,
 -0.0009 , -0.0414 , -0.3172 , -0.7037 , -0.6160 ,  0.0036 ,
 -0.0403 ,  0.0002 , -0.0004 , -0.7745 ,  1.8039 ,  0.0000 ,
  0.0398 ,  0.0400 , -0.3170 , -2.3768 ,  1.9204 ,  1.3045 ,
  0.1208 ,  0.0399 , -0.1575 ,  0.7172 ,  2.6692 ,  0.0018 ,
 -0.0814 ,  0.0402 , -0.4768 ,  0.7287 , -0.1359 ,  0.3306 ,
  0.0810 ,  0.0811 ,  0.0007 , -0.1236 ,  1.9770 ,  0.3252 ,
  0.0801 ,  0.0398 , -0.3165 ,  0.7224 ,  0.7388 ,  0.6540 ,
 -0.0404 ,  0.0406 , -0.1591 , -1.6060 , -0.0715 , -0.3234 ,
 -0.0006 ,  0.0806 , -0.4761 , -0.1082 ,  1.2266 ,  1.6314 ,
 -0.0004 ,  0.1214 , -0.4761 , -1.7195 ,  1.2188 ,  0.6558 ,
  0.0392 , -0.0011 , -0.4755 ,  1.5640 ,  0.6829 ,  0.3306 ,
 -0.0407 ,  0.1216 , -0.4765 , -0.1694 ,  0.5336 ,  0.9811 ,
 -0.0403 ,  0.0002 , -0.0004 , -1.5494 , -0.0629 ,  0.3252 ,
  0.0409 ,  0.1221 ,  0.0002 ,  0.5901 ,  0.6618 ,  0.9757 ,
  0.1208 ,  0.1211 , -0.3163 , -0.1756 ,  0.7861 ,  0.6540 ,
  0.2011 , -0.0013 , -0.1566 , -0.7718 ,  1.5584 ,  0.9775 ,
 -0.0408 ,  0.0403 , -0.3178 , -1.6010 ,  0.5500 ,  0.0036 ,
 -0.0415 ,  0.0397 , -0.6350 , -1.5914 ,  1.7931 ,  0.6576 ,
 -0.0007 , -0.0006 , -0.3173 , -2.3151 ,  1.8653 ,  0.6541 ,
  0.0398 ,  0.0400 , -0.3170 , -1.6018 ,  1.2981 ,  0.3288 ,
 -0.0821 , -0.0821 , -0.4766 ,  0.9131 , -0.1125 ,  0.0053 ,
  0.0803 ,  0.0805 , -0.3166 , -0.1138 ,  0.1087 ,  0.3288 ,
  0.0801 ,  0.0398 , -0.3165 ,  0.7224 , -0.5058 , -0.3217 ,
 -0.0416 , -0.0415 , -0.4762 ,  0.8513 ,  1.8094 ,  0.3306 ,
  0.0396 , -0.0008 , -0.3169 , -0.7654 ,  0.0614 ,  0.3288 ,
  0.0405 ,  0.0406 ,  0.0003 , -1.6116 ,  1.2996 , -0.3253 ,
  0.0398 ,  0.0400 , -0.3170 , -0.0520 ,  1.9204 ,  0.9793 ,
  0.0002 ,  0.0408 , -0.0001 , -0.0615 ,  1.8590 ,  0.0000 ,
  0.1204 ,  0.0396 , -0.3161 , -3.1522 ,  0.1794 ,  0.0035 ,
  0.1207 , -0.0413 ,  0.0013 ,  0.8352 ,  0.1966 , -0.3253 ,
  0.0396 , -0.0008 , -0.3169 ,  0.0094 ,  0.0614 ,  0.3288 ,
  0.0404 ,  0.0810 , -0.1584 , -2.4431 ,  0.6688 ,  0.0018 ,
 -0.0007 , -0.0006 , -0.3173 , -0.7651 ,  2.4875 ,  0.6541 ,
 -0.0006 ,  0.0806 , -0.4761 ,  0.6666 , -0.0179 ,  0.6558 ,
 -0.0010 , -0.0009 , -0.4759 , -2.3102 ,  1.2422 ,  0.6558 ,
  0.0805 ,  0.0401 , -0.1579 , -0.8322 ,  1.3617 ,  0.6522 ,
 -0.1617 , -0.0403 , -0.1602 , -0.7071 , -0.2446 ,  0.6523 ,
  0.0399 , -0.0005 , -0.1582 , -2.3202 ,  3.1733 ,  0.3270 ,
  0.1616 ,  0.0808 ,  0.0015 , -0.8992 ,  1.4806 , -0.3253 ,
  0.0802 , -0.0819 ,  0.0010 ,  1.6719 ,  2.0083 , -0.0000 ,
  0.1610 , -0.0415 ,  0.0017 , -2.2647 ,  2.7486 ,  0.6504 ,
 -0.0013 , -0.0417 , -0.4758 , -2.2487 ,  1.2500 ,  0.3306 ,
  0.0795 , -0.0013 , -0.4751 , -2.3107 ,  1.3680 , -0.3199 ,
  0.1208 ,  0.0399 , -0.1575 , -1.6073 ,  1.4247 , -0.3235 ,
  0.0802 , -0.0007 , -0.1578 , -1.5456 ,  1.9919 ,  0.0018 ,
  0.0803 ,  0.0805 , -0.3166 , -0.1138 ,  1.3533 ,  0.3288 ,
  0.0806 , -0.0004 ,  0.0008 , -0.0007 ,  1.3704 ,  0.6504 ,
 -0.0010 ,  0.0803 , -0.6347 , -2.4281 ,  1.2259 ,  0.0071 ,
  0.0793 , -0.0421 , -0.4750 , -1.4744 ,  0.1314 ,  0.0053 ,
  0.0392 , -0.0823 , -0.3167 ,  0.1323 ,  1.9439 ,  0.9793 ,
  0.0004 ,  0.0815 , -0.0002 , -1.6727 ,  1.8511 ,  0.3252 ,
  0.0402 ,  0.0816 ,  0.1586 ,  0.6420 ,  1.9065 ,  0.3155 ,
  0.0399 , -0.0005 , -0.1582 , -1.5452 ,  2.5511 ,  0.3270 ,
  0.0803 ,  0.0805 , -0.3166 , -0.8887 ,  1.3533 ,  0.3288 ,
  0.0001 ,  0.1624 , -0.3176 , -4.1108 ,  0.5895 ,  0.9793 ,
 -0.0400 ,  0.1222 , -0.1593 ,  2.1454 ,  1.1574 ,  0.9775 ,
  0.0388 ,  0.0390 , -0.7928 , -2.3622 ,  2.5403 ,  0.0089 ,
 -0.0409 ,  0.0808 , -0.4765 , -2.4326 , -0.7031 ,  0.6558 ,
  0.0812 ,  0.1219 ,  0.0006 ,  0.5897 , -0.5199 ,  1.3009 ,
 -0.0010 , -0.0009 , -0.4759 , -1.5351 ,  1.2422 ,  0.9811 ,
  0.0793 ,  0.0796 , -0.7925 , -1.6490 ,  0.7287 ,  0.6594 ,
 -0.0414 , -0.0820 , -0.3175 ,  0.9078 ,  1.1957 ,  0.0036 ,
  0.0807 ,  0.0808 , -0.1580 , -0.1187 ,  0.1095 ,  0.6522 ,
  0.0805 ,  0.0401 , -0.1579 , -0.8322 ,  0.7395 , -0.3235 ,
  0.0804 , -0.0412 ,  0.0009 , -0.7141 ,  0.7559 , -0.0000 ,
  0.0000 ,  0.0000 ,  0.0000 ,  0.7748 ,  1.8670 ,  0.3252 ,
  0.0793 ,  0.0796 , -0.7925 , -0.8741 ,  1.9732 ,  0.3341 ,
  0.0799 , -0.0010 , -0.3165 , -1.5407 ,  0.7466 ,  0.3288 ,
  0.1193 , -0.0426 , -0.6333 ,  1.6295 ,  0.1936 ,  0.3323 ,
  0.1211 ,  0.0402 ,  0.0011 , -1.6122 ,  3.2923 ,  0.9757 ,
  0.0796 ,  0.0799 , -0.6339 , -0.1040 ,  1.3517 ,  0.0071 ,
  0.1613 ,  0.0805 , -0.1572 , -0.8943 ,  0.8576 , -0.3235 ,
  0.1205 , -0.0821 ,  0.0014 ,  0.8966 ,  2.0713 ,  0.3252 ,
 -0.0013 ,  0.0800 , -0.7933 , -0.8733 ,  1.8474 ,  0.3341 ,
  0.1613 ,  0.0805 , -0.1572 , -0.1194 ,  2.1020 ,  0.9775 ,
  0.1202 , -0.0012 , -0.3161 , -2.3161 ,  0.8095 ,  0.0035 ,
 -0.0401 ,  0.0410 , -0.0005 , -0.0611 ,  1.1737 ,  0.6505 ,
 -0.0816 , -0.0005 , -0.4767 , -1.5344 ,  1.1164 ,  0.9811 ,
 -0.0821 , -0.0821 , -0.4766 ,  0.9131 ,  1.1320 ,  0.0053 ,
 -0.0402 ,  0.0814 , -0.1592 , -2.4424 ,  0.5430 ,  0.3270 ,
  0.0800 , -0.0415 , -0.1578 ,  1.6154 ,  1.3775 ,  0.0018 ,
 -0.0406 ,  0.0811 , -0.3178 , -0.8877 ,  1.1645 ,  0.3288 ,
  0.0397 ,  0.0804 , -0.4757 , -1.6584 ,  0.0450 ,  0.0053 ,
  0.0394 , -0.0416 , -0.3168 , -0.7040 ,  1.9361 ,  0.6540 ,
  0.0805 ,  0.0401 , -0.1579 , -1.6070 ,  2.6064 ,  0.0018 ,
  0.0400 ,  0.0807 , -0.3170 , -0.8884 ,  1.9127 ,  0.6540 ,
 -0.0400 , -0.0807 ,  0.3171 ,  0.1135 , -0.0458 ,  0.9792 ,
  0.0807 ,  0.0808 , -0.1580 , -2.4434 ,  1.3540 ,  0.3270 ,
  0.0405 ,  0.0406 ,  0.0003 , -0.8367 ,  0.6774 ,  0.6504 ,
  0.0795 , -0.0013 , -0.4751 ,  1.5636 ,  0.1236 ,  0.9811 ,
 -0.0010 ,  0.0803 , -0.6347 , -2.4281 ,  1.8482 ,  1.3081 ,
  0.1212 ,  0.1214 , -0.1577 , -0.9554 ,  2.0312 ,  0.0018 ,
  0.0805 ,  0.0401 , -0.1579 , -0.8322 ,  1.9841 ,  1.3027 ,
  0.0002 ,  0.0408 , -0.0001 ,  0.7133 ,  1.2367 ,  1.3010 ,
  0.0796 ,  0.0799 , -0.6339 , -0.1040 ,  1.3517 ,  0.3323 ,
 -0.0010 ,  0.0803 , -0.6347 , -0.8782 ,  2.4705 ,  0.3323 ,
  0.0397 ,  0.0804 , -0.4757 , -1.6584 ,  1.9119 , -0.3199 ,
 -0.0008 ,  0.1211 , -0.6348 , -0.9397 ,  1.8403 ,  0.6576 ,
 -0.0001 ,  0.0405 , -0.1587 , -1.6064 ,  0.6137 ,  0.9775 ,
 -0.0419 , -0.0418 , -0.6349 ,  0.8562 ,  1.8087 ,  0.6576 ,
  0.1612 , -0.0008 ,  0.0016 , -0.0014 ,  2.1185 ,  0.3252 ,
 -0.1615 ,  0.0005 , -0.1603 ,  0.0063 ,  0.9922 ,  0.3270 ,
  0.1203 ,  0.0800 , -0.4749 , -0.8841 ,  1.4153 ,  0.0053 ,
  0.0005 ,  0.1627 , -0.1589 , -1.0159 , -0.0320 ,  0.6522 ,
  0.0003 ,  0.1220 , -0.1589 , -1.7293 ,  1.2203 , -0.3234 ,
  0.0402 ,  0.0403 , -0.1583 , -0.0569 ,  1.2989 ,  0.3270 ,
  0.0805 ,  0.1213 , -0.3167 , -1.7250 ,  0.7232 ,  0.0036 ,
 -0.0811 ,  0.0405 , -0.3182 , -0.0510 ,  1.7317 ,  0.0036 ,
 -0.0013 , -0.0417 , -0.4758 , -0.6988 ,  0.6278 ,  0.0053 ,
  0.0408 ,  0.0408 ,  0.1574 , -2.4069 ,  2.5311 ,  0.3465 ,
 -0.0404 ,  0.0408 ,  0.1567 , -0.8347 ,  1.7934 ,  0.0090 ,
  0.0404 ,  0.0407 ,  0.1577 , -0.8353 ,  3.1648 ,  0.0091 ,
  0.1207 , -0.0413 ,  0.0013 ,  0.0604 ,  0.8189 , -0.0000 ,
  0.0003 ,  0.0003 ,  0.1586 , -0.0049 , -0.6216 , -0.0018 ,
 -0.0404 ,  0.0408 ,  0.1567 , -0.8347 ,  2.4150 ,  0.6562 ,
  0.1215 ,  0.1217 ,  0.0010 , -2.5102 ,  0.1653 , -0.3253 ,
 -0.1214 , -0.0405 , -0.1598 ,  0.0674 ,  2.3072 ,  0.0018 ,
 -0.0003 , -0.0003 , -0.1586 ,  0.0049 ,  0.6215 ,  0.0018 ,
 -0.0404 ,  0.1223 ,  0.1557 , -2.5283 ,  1.7628 ,  0.6690 ,
 -0.0809 ,  0.0001 , -0.1594 , -1.5442 ,  0.4957 ,  0.0018 ,
  0.0801 ,  0.0398 , -0.3165 , -0.8273 ,  1.3610 ,  0.3288 ,
 -0.1214 ,  0.0407 , -0.3186 , -1.6004 ,  1.0464 ,  0.3288 ,
 -0.0013 , -0.0417 , -0.4758 ,  0.0761 ,  1.8723 ,  0.9811 ,
  0.0399 , -0.0817 ,  0.0006 , -0.6523 ,  1.3231 , -0.6505 ,
 -0.0008 ,  0.1211 , -0.6348 , -1.7146 ,  1.2181 ,  0.3323 ,
  0.0409 ,  0.1221 ,  0.0002 , -2.5095 ,  1.2841 ,  0.3252 ,
  0.0399 , -0.0005 , -0.1582 , -1.5452 ,  0.6844 ,  0.9775 ,
  0.0810 ,  0.0811 ,  0.0007 , -0.8985 ,  2.5992 ,  0.3252 ,
  0.0001 ,  0.0812 , -0.1588 , -0.8930 ,  1.8504 ,  0.9775 ,
  0.0806 , -0.0004 ,  0.0008 , -0.0007 ,  1.3704 ,  0.6504 ,
 -0.0003 , -0.0003 , -0.1586 ,  0.7797 ,  1.2438 ,  1.3027 ,
  0.0402 ,  0.0403 , -0.1583 , -0.8318 ,  1.2989 ,  1.6278 ,
  0.1618 ,  0.1215 ,  0.0014 , -0.1858 ,  0.8505 ,  0.3252 ,
 -0.0805 ,  0.0816 , -0.1596 , -0.1173 ,  0.4801 ,  0.6523 ,
  0.1213 ,  0.0810 ,  0.0011 , -0.1240 ,  1.4176 ,  1.3009 ,
 -0.0010 , -0.0009 , -0.4759 , -0.7602 , -0.0022 ,  0.9811 ,
 -0.0011 , -0.0821 , -0.3171 , -0.6422 ,  1.2587 ,  0.0036 ,
  0.1208 ,  0.0399 , -0.1575 , -1.6073 , -0.4421 ,  0.0018 ,
  0.0806 , -0.0004 ,  0.0008 , -0.7756 ,  1.9927 ,  0.6504 ,
 -0.1228 , -0.0417 , -0.7943 , -1.4628 ,  1.0599 ,  0.6594 ,
 -0.0399 ,  0.0005 ,  0.1582 , -0.7795 ,  1.8046 , -0.3270 ,
 -0.0418 ,  0.0394 , -0.7937 , -0.0367 ,  1.7923 ,  1.3099 ,
  0.0001 ,  0.0812 , -0.1588 , -0.8930 ,  1.8504 ,  0.3270 ,
  0.1601 , -0.0017 , -0.4743 , -0.7616 ,  1.4939 ,  0.3306 ,
  0.2013 ,  0.0398 ,  0.1602 ,  0.7027 ,  2.1627 ,  0.6370 ,
  0.0404 ,  0.0810 , -0.1584 , -0.8932 ,  1.9133 ,  0.0018 ,
  0.0398 ,  0.0400 , -0.3170 , -0.8269 ,  0.0536 ,  0.6540 ,
 -0.0003 , -0.0003 , -0.1586 ,  0.0049 ,  1.2438 ,  0.0018 ,
 -0.0006 ,  0.0806 , -0.4761 , -0.8831 ,  1.8489 ,  0.9811 ,
  0.1213 ,  0.0810 ,  0.0011 , -0.1240 ,  0.7954 ,  0.3252 ,
  0.0003 ,  0.1220 , -0.1589 , -1.7293 ,  1.8427 ,  1.3027 ,
 -0.0008 ,  0.0398 , -0.4760 , -3.1464 ,  0.6122 ,  0.0053 ,
  0.0383 , -0.0425 , -0.7927 ,  0.0856 , -0.5554 ,  0.9846 ,
  0.2011 ,  0.1204 , -0.4741 , -0.9463 ,  2.1558 ,  0.3306 ,
  0.0389 , -0.0014 , -0.6342 , -0.7557 , -0.5624 ,  0.3323 ,
 -0.0414 ,  0.1209 , -0.7938 , -3.2591 , -0.0901 ,  0.0089 ,
  0.0804 , -0.0412 ,  0.0009 ,  0.8356 ,  0.7559 , -0.0000 ,
  0.0806 , -0.0004 ,  0.0008 , -0.7756 ,  0.1258 ,  0.3252 ,
  0.0402 , -0.0409 ,  0.1595 ,  0.0557 , -1.1833 , -0.3327 ,
 -0.1214 ,  0.0407 , -0.3186 , -0.0506 ,  0.4242 ,  0.6541 ,
  0.0390 , -0.0419 , -0.4754 , -0.6991 ,  1.3130 ,  0.6558 ,
  0.1598 , -0.0020 , -0.6329 ,  0.0182 ,  0.8709 , -0.9687 ,
  0.0399 , -0.0005 , -0.1582 , -1.5452 ,  0.6844 ,  0.3270 ,
  0.0392 , -0.0011 , -0.4755 ,  0.7892 ,  0.6829 ,  0.0053 ,
  0.0396 , -0.0008 , -0.3169 ,  0.0094 ,  0.6837 ,  0.6540 ,
  0.0003 ,  0.1220 , -0.1589 , -1.7293 ,  1.2203 ,  0.0018 ,
 -0.0007 , -0.0006 , -0.3173 ,  1.5594 ,  0.6208 ,  0.0036 ,
  0.0402 ,  0.0403 , -0.1583 , -0.0569 , -0.5680 ,  0.9775 ,
 -0.0403 ,  0.0002 , -0.0004 ,  0.7751 ,  1.1816 ,  0.9757 ,
  0.1211 ,  0.0402 ,  0.0011 , -0.8374 ,  0.8032 , -0.0000 ,
 -0.0015 , -0.0825 , -0.4758 , -0.6373 ,  0.0134 ,  0.6558 ,
  0.0004 ,  0.0815 , -0.0002 , -1.6727 ,  2.4733 , -0.3252 ,
  0.0792 , -0.0016 , -0.6337 , -1.5309 ,  1.3673 ,  1.3080 ,
  0.0399 , -0.0005 , -0.1582 , -3.0951 ,  1.9290 ,  0.0018 ,
  0.0002 ,  0.0408 , -0.0001 ,  0.7133 , -0.0078 ,  0.9757 ,
 -0.0018 , -0.0828 , -0.6344 , -0.6324 ,  0.0126 ,  0.9828 ,
  0.0402 ,  0.0403 , -0.1583 , -0.0569 ,  1.2989 ,  0.6522 ,
  0.0807 ,  0.0808 , -0.1580 , -1.6684 ,  0.1095 , -0.6487 ,
 -0.0008 ,  0.0398 , -0.4760 , -1.5966 , -0.0101 ,  0.6558 ,
 -0.0397 ,  0.1225 , -0.0006 , -1.7338 ,  0.5359 ,  0.9757 ,
 -0.0014 , -0.0012 , -0.6346 ,  0.0196 ,  0.6192 ,  0.0071 ,
  0.0805 ,  0.0401 , -0.1579 , -0.8322 ,  0.7395 ,  0.6522 ,
  0.1613 ,  0.0805 , -0.1572 , -0.1194 ,  0.8576 , -0.3235 ,
  0.0791 ,  0.0388 , -0.7925 , -0.0377 ,  2.6034 ,  0.0089 ,
 -0.1622 , -0.0002 , -0.4776 , -1.5337 ,  2.2351 ,  1.3063 ,
 -0.0812 ,  0.1622 , -0.6357 , -2.5505 ,  0.4622 ,  0.3324 ,
 -0.0010 ,  0.0803 , -0.6347 , -0.8782 ,  0.6036 , -0.3181 ,
  0.1204 ,  0.0396 , -0.3161 , -2.3774 ,  0.1794 ,  0.0035 ,
  0.0396 , -0.0008 , -0.3169 , -1.5403 ,  0.6837 ,  1.6297 ,
 -0.0404 ,  0.0406 , -0.1591 , -0.0562 ,  1.1730 ,  0.6522 ,
  0.0805 ,  0.1213 , -0.3167 , -1.7250 ,  0.7232 ,  0.3288 ,
  0.0791 ,  0.0388 , -0.7925 , -1.5875 ,  0.1143 ,  0.6594 ,
  0.1200 ,  0.0393 , -0.4748 , -0.8227 ,  0.1787 , -0.3199 ,
  0.1198 , -0.0015 , -0.4747 , -1.5361 ,  0.1865 , -0.6451 ,
  0.0402 ,  0.0403 , -0.1583 , -0.0569 ,  2.5433 ,  0.3270 ,
  0.0800 , -0.0415 , -0.1578 ,  0.0657 ,  0.7551 ,  0.6522 ,
  0.0799 , -0.0010 , -0.3165 ,  0.7839 ,  1.3689 ,  0.6540 ,
  0.0389 , -0.0014 , -0.6342 , -1.5305 ,  0.0599 ,  0.0071 ,
  0.1203 ,  0.0800 , -0.4749 , -0.1093 ,  0.7932 ,  0.0053 ,
  0.0003 ,  0.1220 , -0.1589 ,  1.3701 ,  2.4648 ,  0.6522 ,
  0.0797 , -0.0418 , -0.3164 , -1.4792 ,  1.9990 , -0.3217 ,
  0.0795 , -0.0825 , -0.3163 , -1.4178 ,  0.1400 ,  0.6540 ,
 -0.0409 ,  0.0808 , -0.4765 , -0.8828 ,  1.7860 ,  0.9811 ,
 -0.0402 ,  0.0814 , -0.1592 , -0.1177 ,  2.4096 ,  0.3270 ,
  0.0003 ,  0.1220 , -0.1589 , -0.1795 , -0.0242 , -0.3234 ,
 -0.0405 , -0.0406 , -0.0003 ,  0.0618 ,  1.8117 ,  0.0000 ,
  0.0395 ,  0.0396 , -0.4756 , -2.3719 ,  1.2973 ,  0.9811 ,
  0.0805 ,  0.0401 , -0.1579 , -2.3818 ,  2.6064 ,  0.3270 ,
  0.0404 ,  0.0810 , -0.1584 , -1.6682 ,  0.6688 ,  0.0018 ,
 -0.0008 ,  0.0398 , -0.4760 , -3.1464 , -0.0101 ,  0.0053 ,
 -0.0002 , -0.0408 ,  0.0001 ,  0.8362 , -0.6145 ,  0.9757 ,
  0.0390 , -0.0419 , -0.4754 ,  0.0758 ,  1.3130 , -0.3199 ,
  0.0798 ,  0.1207 , -0.6340 , -1.7152 ,  1.3439 ,  0.0071 ,
  0.0010 ,  0.1226 ,  0.1584 , -1.7391 ,  1.2218 , -0.0018 ,
 -0.0017 , -0.0015 , -0.7932 , -0.7504 ,  1.2408 ,  0.0089 ,
  0.0395 ,  0.0396 , -0.4756 , -0.0471 ,  1.2973 ,  0.3306 ,
  0.0404 ,  0.0810 , -0.1584 , -1.6682 ,  0.0465 ,  0.3270 ,
 -0.0406 , -0.0001 , -0.1590 , -0.7697 ,  2.4253 ,  0.6522 ,
  0.0811 ,  0.1624 , -0.1581 ,  0.5332 ,  1.9606 ,  0.9775 ,
  0.1603 ,  0.0391 , -0.4744 , -1.5979 ,  1.4860 ,  0.6558 ,
  0.0398 ,  0.0400 , -0.3170 , -0.8269 ,  1.9204 ,  0.3288 ,
  0.0001 ,  0.0812 , -0.1588 , -0.1180 ,  1.2282 ,  0.3270 ,
 -0.0003 , -0.0003 , -0.1586 , -0.7700 ,  2.4882 ,  0.6522 ,
 -0.0007 , -0.0006 , -0.3173 , -0.7651 ,  1.2430 , -0.3217 ,
 -0.0404 ,  0.0406 , -0.1591 , -1.6060 ,  1.7953 ,  0.6522 ,
 -0.0413 , -0.0007 , -0.4763 , -1.5347 ,  0.5571 ,  0.3306 ,
  0.0812 ,  0.1219 ,  0.0006 , -4.0598 ,  0.7247 ,  0.6504 ,
  0.0398 ,  0.0400 , -0.3170 , -0.0520 ,  1.2981 ,  0.6540 ,
  0.0405 ,  0.0406 ,  0.0003 , -0.0618 ,  1.2996 ,  0.6504 ,
 -0.0007 , -0.0006 , -0.3173 , -0.7651 ,  1.8653 , -0.3217 ,
 -0.0400 ,  0.1222 , -0.1593 , -0.9540 ,  1.1574 ,  0.3270 ,
  0.1203 , -0.0417 , -0.1573 ,  0.8401 ,  0.8181 ,  0.0018 ,
  0.0395 , -0.0820 , -0.1581 , -0.6474 ,  0.7000 , -0.3235 ,
 -0.0006 , -0.0411 , -0.1586 , -1.4835 ,  0.6293 ,  0.6522 ,
  0.0399 , -0.0005 , -0.1582 ,  0.0045 ,  0.6844 ,  1.3027 ,
  0.0809 ,  0.1216 , -0.1581 , -0.1802 ,  0.7239 , -0.6487 ,
  0.0805 ,  0.0401 , -0.1579 , -1.6070 ,  2.6064 ,  0.0018 ,
 -0.0015 , -0.1637 , -0.3170 , -0.5193 ,  0.6520 ,  0.6540 ,
  0.0000 ,  0.0000 ,  0.0000 , -0.7748 , -1.2446 ,  0.0000 ,
  0.0410 ,  0.2033 , -0.1586 , -1.0776 ,  0.6454 ,  0.0018 ,
  0.1200 ,  0.0393 , -0.4748 , -0.8227 ,  2.6677 ,  0.6558 ,
  0.0804 , -0.0412 ,  0.0009 ,  0.0608 ,  1.3782 ,  0.9757 ,
 -0.1213 , -0.0810 , -0.0011 ,  0.1240 ,  1.6936 ,  0.9757 ,
 -0.1606 ,  0.1231 , -0.0018 ,  1.3667 ,  2.2139 ,  1.3010 ,
  0.0807 ,  0.1621 , -0.3168 , -1.7865 ,  0.7153 , -0.3217 ,
  0.1596 , -0.0428 , -0.6329 ,  0.8544 , -0.3658 ,  0.6576 ,
 -0.2017 ,  0.0820 ,  0.1551 , -0.9101 ,  0.2759 ,  1.2704 ,
 -0.0399 ,  0.0005 ,  0.1582 , -0.0045 ,  0.5601 , -0.0018 ,
  0.0812 ,  0.1219 ,  0.0006 , -2.5098 ,  0.7247 , -0.3253 ,
  0.0801 ,  0.0398 , -0.3165 ,  0.7224 ,  0.1165 ,  0.0036 ,
 -0.1226 , -0.1226 , -0.4769 , -3.6744 ,  2.3215 ,  0.0054 ,
 -0.0417 , -0.0010 , -0.6350 , -0.7550 , -0.0659 ,  0.3323 ,
  0.2020 ,  0.1618 , -0.1569 ,  0.5321 , -0.9620 , -0.3235 ,
  0.0390 , -0.0419 , -0.4754 ,  0.8506 ,  1.9353 ,  0.6558 ,
 -0.0404 ,  0.0406 , -0.1591 , -0.8311 ,  1.1730 ,  0.6522 ,
  0.0806 , -0.0004 ,  0.0008 , -0.0007 ,  1.3704 ,  0.3252 ,
  0.1203 ,  0.1612 , -0.6336 ,  1.3223 ,  0.7768 ,  0.0071 ,
 -0.0409 ,  0.0808 , -0.4765 , -3.9823 ,  1.7860 ,  0.6558 ,
 -0.0818 ,  0.0399 , -0.6354 , -1.5909 ,  1.1079 ,  0.9828 ,
 -0.0815 , -0.0410 , -0.3180 , -1.4778 ,  0.5027 ,  0.0036 ,
  0.0399 , -0.0005 , -0.1582 , -2.3202 ,  1.3067 , -0.6487 ,
  0.1599 ,  0.1604 , -0.9505 ,  0.5569 ,  1.4604 ,  0.3359 ,
  0.0397 ,  0.0804 , -0.4757 , -0.8835 ,  1.2895 ,  1.3063 ,
  0.0401 , -0.0410 ,  0.0005 ,  0.8359 ,  0.6930 ,  0.9757 ,
 -0.0001 ,  0.1217 , -0.3175 , -0.9495 ,  2.4642 ,  0.0036 ,
  0.1603 ,  0.0391 , -0.4744 , -0.0482 ,  2.1084 ,  0.3306 ,
 -0.0399 ,  0.0817 , -0.0006 , -1.6723 ,  0.5437 ,  0.9757 ,
  0.1205 , -0.0009 , -0.1574 ,  0.7786 ,  2.0547 ,  0.3270 ,
 -0.0801 ,  0.1631 , -0.1597 , -2.5650 , -0.1578 ,  0.3270 ,
  0.0404 ,  0.0810 , -0.1584 , -0.1184 ,  0.6688 ,  0.3270 ,
  0.0800 ,  0.0802 , -0.4752 , -0.1089 ,  0.7302 ,  0.9811 ,
  0.0396 , -0.0008 , -0.3169 , -0.7654 ,  2.5505 ,  0.9793 ,
 -0.0813 , -0.0002 , -0.3181 ,  0.7853 ,  0.4950 ,  0.9793 ,
 -0.0008 ,  0.1211 , -0.6348 , -0.1648 ,  2.4627 ,  0.6576 ,
  0.2020 ,  0.1618 , -0.1569 , -1.7925 ,  0.9049 ,  0.9775 ,
  0.0004 ,  0.0815 , -0.0002 , -0.8978 ,  0.6066 ,  0.6505 ,
 -0.0411 ,  0.0400 , -0.4764 ,  1.5032 , -0.0730 ,  0.0053 ,
  0.1207 , -0.0413 ,  0.0013 , -2.2644 ,  2.0635 , -0.0000 ,
  0.0000 ,  0.0000 ,  0.0000 , -1.5497 ,  0.6223 , -0.3252 ,
 -0.0816 ,  0.0807 , -0.6355 , -0.8775 , -0.1445 , -0.3181 ,
  0.0392 , -0.0011 , -0.4755 , -2.3105 , -0.5617 ,  0.3306 ,
 -0.0402 ,  0.0814 , -0.1592 , -1.6675 ,  1.1652 ,  0.9775 ,
  0.0399 ,  0.1212 , -0.4757 , -0.9449 ,  0.0372 , -0.3199 ,
  0.1615 ,  0.1212 , -0.1573 , -0.1809 ,  1.4721 ,  0.3270 ,
  0.1608 , -0.0011 , -0.1570 ,  0.7783 ,  0.2509 ,  0.6522 ,
 -0.0412 , -0.0412 , -0.3176 , -0.7033 ,  2.4324 ,  0.9793 ,
 -0.0408 ,  0.0403 , -0.3178 ,  1.4983 ,  0.5500 ,  0.0036 ,
  0.0395 ,  0.1209 , -0.6344 ,  0.6097 ,  0.0365 ,  0.0071 ,
  0.0800 , -0.0415 , -0.1578 ,  1.6154 ,  0.1329 , -0.3235 ,
  0.0383 , -0.0425 , -0.7927 , -0.6893 ,  1.3115 ,  0.0089 ,
 -0.0010 ,  0.0803 , -0.6347 , -1.6531 ,  3.0927 ,  0.6576 ,
  0.1608 , -0.0011 , -0.1570 ,  0.7783 ,  1.4955 ,  0.6522 ,
 -0.0815 , -0.0410 , -0.3180 ,  0.0719 ,  0.5027 ,  0.3288 ,
 -0.0408 ,  0.0403 , -0.3178 , -0.8262 ,  0.5500 ,  0.6541 ,
  0.0398 ,  0.0400 , -0.3170 , -0.8269 ,  1.2981 ,  0.0036 ,
  0.0403 , -0.0002 ,  0.0004 , -0.0003 ,  0.0629 ,  0.3252 ,
 -0.0001 ,  0.0405 , -0.1587 , -0.0566 ,  0.6137 ,  0.3270 ,
  0.0406 ,  0.0001 ,  0.1590 , -1.5551 ,  1.3082 , -0.0018 ,
 -0.0012 ,  0.0395 , -0.6346 , -3.1414 ,  0.6115 ,  0.6576 ,
  0.0397 ,  0.0804 , -0.4757 , -2.4335 ,  1.2895 ,  0.3306 ,
  0.0400 ,  0.0807 , -0.3170 , -0.1135 ,  0.6681 ,  0.0036 ,
  0.0812 ,  0.1219 ,  0.0006 ,  1.3646 ,  1.3469 ,  0.6504 ,
  0.1615 ,  0.1212 , -0.1573 ,  1.3687 ,  0.8497 , -0.3235 ,
  0.1210 ,  0.0806 , -0.1576 , -0.8939 ,  1.4169 ,  0.3270 ,
 -0.0008 ,  0.0398 , -0.4760 , -1.5966 ,  0.6122 ,  0.3306 ,
 -0.0415 ,  0.0397 , -0.6350 ,  0.7332 ,  1.1708 ,  0.3324 ,
 -0.0005 ,  0.0401 , -0.3174 , -0.0517 ,  1.2353 ,  0.9793 ,
  0.0816 ,  0.0005 ,  0.4767 , -3.1150 ,  1.9949 , -0.0054 ,
 -0.0005 , -0.1627 ,  0.1589 ,  1.0157 ,  3.1432 ,  0.3234 ,
 -0.0406 , -0.0001 , -0.1590 , -2.3194 ,  0.5586 ,  0.3270 ,
  0.0406 ,  0.1218 , -0.1585 ,  0.5950 ,  1.2833 ,  1.3027 ,
 -0.0804 ,  0.0412 , -0.0009 , -3.1603 ,  0.4886 ,  0.9757 ,
 -0.0013 ,  0.0800 , -0.7933 , -0.0985 ,  1.2251 ,  0.9846 ,
  0.0806 , -0.0004 ,  0.0008 ,  0.7741 ,  0.1258 ,  0.6504 ,
  0.0406 ,  0.1218 , -0.1585 , -0.9547 ,  1.2833 ,  0.0018 ,
  0.1209 , -0.0006 ,  0.0012 , -0.7759 ,  2.6778 ,  0.9757 ,
 -0.0406 ,  0.1630 ,  0.1566 , -0.2469 ,  1.1463 ,  0.6526 ,
  0.0406 ,  0.0001 ,  0.1590 , -1.5551 ,  1.9305 , -0.0018 ,
 -0.0007 , -0.0006 , -0.3173 , -3.0898 ,  1.2430 ,  0.9793 ,
  0.0386 , -0.0017 , -0.7928 , -0.7508 ,  0.0592 ,  0.3341 ,
  0.0806 , -0.0004 ,  0.0008 , -2.3255 ,  1.3704 ,  0.6504 ,
 -0.0418 ,  0.0394 , -0.7937 , -0.8116 ,  0.5478 ,  0.0089 ,
  0.0386 , -0.0017 , -0.7928 ,  0.7989 ,  0.0592 ,  0.3341 ,
 -0.0422 ,  0.0391 , -0.9523 , -0.0318 ,  1.7915 ,  0.3359 ,
 -0.1214 ,  0.0407 , -0.3186 , -0.8255 ,  1.0464 ,  0.9793 ,
  0.1206 ,  0.0803 , -0.3162 , -1.6639 ,  2.0384 ,  0.6540 ,
  0.0807 ,  0.0808 , -0.1580 , -2.4434 ,  1.9763 ,  0.3270 ,
  0.0406 , -0.0816 ,  0.1580 , -1.4465 ,  0.7036 ,  0.6516 ,
  0.1599 ,  0.0792 , -0.7917 , -0.0998 ,  1.4769 ,  0.9846 ,
  0.0803 ,  0.0805 , -0.3166 , -3.2133 ,  1.3533 ,  1.3045 ,
  0.0795 , -0.0013 , -0.4751 ,  0.0140 ,  1.9904 ,  0.3306 ,
  0.0793 , -0.1233 , -0.3162 ,  0.9683 ,  2.0145 ,  1.3045 ,
  0.0806 , -0.0004 ,  0.0008 , -1.5505 ,  1.9927 ,  0.6504 ,
  0.0808 ,  0.0812 ,  0.1579 , -0.8975 ,  1.3534 , -0.3133 ,
  0.1210 ,  0.0806 , -0.1576 , -0.1191 ,  0.7946 ,  0.6522 ,
  0.0012 ,  0.1634 ,  0.1583 , -1.0257 ,  1.2140 ,  0.9739 ,
 -0.0808 , -0.0404 , -0.0007 , -0.7128 ,  2.3710 , -0.3252 ,
  0.0805 ,  0.1213 , -0.3167 , -2.4998 ,  1.3455 ,  0.3288 ,
 -0.0398 ,  0.1629 , -0.1593 ,  0.5342 ,  1.1496 ,  0.6522 ,
 -0.0008 ,  0.0398 , -0.4760 , -0.8217 ,  0.6122 ,  0.0053 ,
  0.0808 , -0.0813 ,  0.1596 ,  0.1197 ,  0.7703 ,  0.6356 ,
 -0.0005 ,  0.0401 , -0.3174 , -1.6015 ,  1.2353 ,  0.9793 ,
 -0.0416 , -0.0415 , -0.4762 ,  0.0765 ,  2.4316 ,  0.6558 ,
 -0.0007 , -0.0006 , -0.3173 ,  0.0098 ,  2.4875 ,  0.6541 ,
  0.0407 ,  0.0813 ,  0.0003 , -0.8982 ,  1.9141 ,  0.3252 ,
  0.0404 ,  0.0810 , -0.1584 , -0.1184 ,  1.2910 ,  0.6522 ,
 -0.0008 ,  0.0398 , -0.4760 ,  0.7280 ,  2.4790 ,  0.3306 ,
  0.0793 ,  0.0796 , -0.7925 , -0.8741 ,  1.9732 ,  0.6594 ,
  0.0809 ,  0.1216 , -0.1581 , -0.1802 ,  1.9685 ,  0.6522 ,
  0.0807 ,  0.0808 , -0.1580 , -2.4434 ,  1.3540 ,  1.3027 ,
  0.0395 ,  0.0396 , -0.4756 , -0.0471 , -1.8142 ,  0.0053 ,
  0.1198 , -0.0827 , -0.3159 , -0.6432 ,  0.8251 ,  0.3288 ,
 -0.0407 ,  0.1216 , -0.4765 , -0.1694 ,  1.7782 ,  0.6558 ,
 -0.0395 ,  0.1633 , -0.0007 , -3.3450 , -0.0942 ,  0.0000 ,
 -0.0806 ,  0.0004 , -0.0008 , -0.7742 ,  2.9853 ,  0.3252 ,
  0.0799 , -0.0010 , -0.3165 , -2.3156 ,  1.9911 ,  0.9793 ,
 -0.0003 ,  0.0809 , -0.3174 , -0.1131 ,  1.2274 ,  0.3288 ,
  0.1207 ,  0.1616 , -0.4750 , -1.7819 ,  1.3997 ,  0.0053 ,
 -0.0005 ,  0.0401 , -0.3174 , -0.8266 , -0.6316 ,  0.3288 ,
  0.0019 ,  0.1640 ,  0.4756 , -0.2605 ,  1.8379 ,  0.3199 ,
  0.1206 ,  0.0803 , -0.3162 , -0.1142 ,  3.2830 ,  0.6540 ,
  0.0801 ,  0.0398 , -0.3165 , -1.6022 ,  0.7388 ,  0.0036 ,
  0.0001 ,  0.0812 , -0.1588 , -0.8930 ,  1.8504 ,  0.0018 ,
  0.0802 ,  0.1210 , -0.4753 , -0.9453 ,  0.7224 , -0.3199 ,
  0.0398 ,  0.0400 , -0.3170 , -0.0520 ,  1.2981 ,  0.0036 ,
 -0.0008 ,  0.0398 , -0.4760 ,  0.7280 ,  1.8568 ,  0.3306 ,
 -0.0408 ,  0.0403 , -0.3178 , -0.0513 ,  1.7946 ,  0.3288 ,
 -0.0409 , -0.0409 , -0.1590 ,  0.8415 ,  0.5664 ,  0.6522 ,
 -0.0007 , -0.0006 , -0.3173 , -1.5400 ,  1.2430 , -0.3217 ,
 -0.0401 ,  0.0410 , -0.0005 , -0.0611 ,  1.1737 , -0.3252 ,
 -0.0809 ,  0.0813 , -0.3182 , -0.8874 ,  1.7239 ,  0.6541 ,
 -0.0809 ,  0.0813 , -0.3182 , -0.1124 ,  1.1016 , -0.6469 ,
  0.0406 ,  0.1218 , -0.1585 , -0.1798 ,  0.6610 ,  0.9775 ,
 -0.1612 ,  0.0008 , -0.0016 ,  0.0014 ,  2.2373 ,  0.0000 ,
  0.0003 ,  0.1220 , -0.1589 , -0.1795 ,  0.5981 ,  0.0018 ,
 -0.0397 ,  0.1225 , -0.0006 , -0.1840 ,  1.7804 ,  0.3252 ,
  0.0003 ,  0.1220 , -0.1589 ,  0.5953 ,  1.2203 ,  0.0018 ,
 -0.0007 , -0.0006 , -0.3173 ,  1.5594 ,  1.8653 ,  0.0036 ,
 -0.0818 , -0.0413 , -0.4766 , -1.4729 ,  0.5020 ,  0.9811 ,
  0.0407 ,  0.0813 ,  0.0003 , -0.8982 ,  1.9141 , -0.0000 ,
  0.0805 ,  0.0401 , -0.1579 , -0.8322 ,  1.3617 ,  0.3270 ,
  0.0404 ,  0.0810 , -0.1584 ,  0.6565 ,  1.2910 ,  0.3270 ,
 -0.0807 ,  0.0821 ,  0.1569 , -0.1240 ,  1.1036 ,  0.0000 ,
 -0.1216 , -0.0000 , -0.3185 , -3.0888 ,  1.0542 ,  0.3288 ,
  0.0391 ,  0.0393 , -0.6342 , -0.8171 ,  0.6744 , -0.3181 ,
  0.0004 ,  0.0815 , -0.0002 , -0.8978 , -0.0156 , -0.3252 ,
 -0.0012 ,  0.0395 , -0.6346 , -1.5917 ,  1.2337 , -0.3181 ,
  0.0798 ,  0.0395 , -0.4752 ,  1.5021 ,  1.9826 ,  0.6558 ,
  0.0803 ,  0.0805 , -0.3166 , -0.8887 ,  0.7310 ,  0.6540 ,
 -0.0009 , -0.0414 , -0.3172 ,  0.8461 ,  2.4953 ,  0.3288 ,
 -0.0409 ,  0.0808 , -0.4765 ,  0.6669 ,  2.4082 ,  1.6314 ,
  0.0416 ,  0.0819 ,  0.3181 , -0.1343 , -1.1959 , -1.0071 ,
 -0.1222 , -0.1223 , -0.3183 , -1.3546 ,  0.4554 , -0.3217 ,
  0.0798 , -0.0822 , -0.1577 , -1.4226 ,  0.7629 ,  0.3270 ,
  0.0402 ,  0.0403 , -0.1583 , -0.0569 ,  0.6766 ,  0.6522 ,
  0.0404 ,  0.1623 , -0.3172 , -0.2364 ,  0.0302 , -0.6469 ,
  0.0806 , -0.0004 ,  0.0008 ,  0.7741 ,  1.9927 , -0.0000 ,
 -0.1630 , -0.0820 , -0.6360 ,  0.9187 ,  0.3832 ,  0.3324 ,
  0.0798 ,  0.0395 , -0.4752 , -0.8224 ,  1.3603 ,  0.3306 ,
  0.0407 ,  0.0814 ,  0.1571 , -1.6870 ,  1.2843 ,  0.0238 ,
  0.0811 ,  0.1624 , -0.1581 , -0.2416 ,  1.9606 ,  0.6522 ,
 -0.0411 ,  0.0400 , -0.4764 , -1.5962 ,  0.5493 , -0.3199 ,
  0.0397 , -0.0413 , -0.1582 ,  0.8408 ,  3.1810 ,  0.6522 ,
  0.0392 , -0.0011 , -0.4755 ,  0.0143 ,  0.0607 , -0.3199 ,
 -0.0005 ,  0.0401 , -0.3174 , -2.3765 ,  1.2353 ,  0.6541 ,
 -0.1206 ,  0.1226 , -0.1601 , -2.5032 ,  1.0316 , -0.6487 ,
 -0.0419 , -0.0418 , -0.6349 ,  0.0814 ,  0.5641 ,  0.9828 ,
 -0.0807 ,  0.0408 , -0.1595 , -1.6056 ,  1.1101 ,  0.0018 ,
  0.0395 ,  0.0396 , -0.4756 , -0.0471 ,  2.5418 ,  0.3306 ,
  0.0399 ,  0.1212 , -0.4757 ,  1.3796 ,  1.2817 ,  0.3306 ,
  0.0806 , -0.0004 ,  0.0008 , -3.1002 ,  1.3704 ,  0.3252 ,
  0.0404 ,  0.0810 , -0.1584 ,  0.6565 ,  0.0465 ,  0.0018 ,
 -0.0409 , -0.0409 , -0.1590 , -0.7082 , -0.0559 ,  0.3270 ,
 -0.0399 ,  0.0005 ,  0.1582 , -0.7794 ,  1.1824 ,  0.6487 ,
  0.0400 ,  0.0807 , -0.3170 ,  0.6613 ,  0.6681 ,  0.3288 ,
 -0.0399 ,  0.0817 , -0.0006 , -2.4473 ,  1.7882 ,  0.6505 ,
  0.0402 ,  0.0403 , -0.1583 , -1.6066 , -1.1903 ,  0.3270 ,
 -0.2033 , -0.0818 , -0.6364 ,  1.6938 ,  1.5648 ,  0.6576 ,
 -0.1208 ,  0.0818 , -0.1600 , -0.1170 ,  1.0394 ,  0.3270 ,
  0.0396 , -0.0008 , -0.3169 , -0.7654 ,  3.1726 ,  1.3045 ,
  0.0402 ,  0.0403 , -0.1583 , -0.0569 ,  0.6766 ,  0.0018 ,
 -0.0407 ,  0.1216 , -0.4765 , -1.7191 ,  1.7782 ,  0.6558 ,
 -0.0005 ,  0.0401 , -0.3174 ,  0.7231 ,  1.8576 ,  0.6541 ,
  0.0402 ,  0.0403 , -0.1583 , -0.0569 ,  0.6766 ,  0.6522 ,
  0.0802 ,  0.1210 , -0.4753 , -1.7202 ,  1.3446 ,  0.6558 ,
 -0.0406 , -0.0001 , -0.1590 ,  0.0052 ,  0.5586 ,  1.3027 ,
 -0.0402 ,  0.0814 , -0.1592 , -0.8925 ,  1.7875 ,  0.3270 ,
  0.0397 , -0.0413 , -0.1582 , -0.7089 ,  1.3145 ,  0.3270 ,
 -0.0807 ,  0.1221 , -0.3183 , -1.7236 ,  0.4715 ,  0.3288 ,
  0.0387 , -0.0422 , -0.6341 ,  0.0807 ,  1.3122 ,  0.6576 ,
  0.0809 ,  0.1216 , -0.1581 , -0.1802 ,  0.7239 ,  0.0018 ,
  0.0396 , -0.0008 , -0.3169 ,  0.0094 ,  1.3059 ,  0.0036 ,
 -0.0010 ,  0.0803 , -0.6347 , -0.8782 ,  0.6036 ,  0.0071 ,
  0.0791 ,  0.0388 , -0.7925 , -0.8126 ,  2.6034 ,  0.0089 ,
 -0.0395 ,  0.1633 , -0.0007 , -0.2455 ,  1.7727 ,  0.6505 ,
  0.0795 , -0.0013 , -0.4751 , -0.7609 ,  1.3680 ,  1.3063 ,
  0.0803 ,  0.0805 , -0.3166 , -0.8887 ,  0.1087 ,  0.0036 ,
  0.0392 , -0.0011 , -0.4755 , -0.7606 ,  0.6829 ,  0.0053 ,
  0.1598 , -0.0020 , -0.6329 , -0.7567 ,  2.1154 ,  0.9828 ,
  0.0400 ,  0.0807 , -0.3170 , -1.6632 ,  1.9127 ,  0.6540 ,
  0.0792 , -0.0016 , -0.6337 , -1.5309 ,  0.7451 , -0.3181 ,
  0.0797 ,  0.1611 , -0.7927 , -2.5467 ,  1.3354 ,  0.6594 ,
  0.0799 , -0.0010 , -0.3165 , -0.7658 ,  1.3689 ,  0.6540 ,
 -0.0404 ,  0.1219 , -0.3179 , -0.9491 , -0.7102 , -0.3217 ,
  0.1211 ,  0.0402 ,  0.0011 , -0.0625 ,  2.0477 , -0.0000 ,
  0.0800 ,  0.0802 , -0.4752 , -2.4336 ,  1.3525 ,  0.3306 ,
 -0.1211 , -0.0402 , -0.0011 , -1.4873 ,  1.0636 ,  0.3253 ,
  0.0798 ,  0.0395 , -0.4752 ,  0.7273 ,  0.7380 ,  0.6558 ,
  0.0802 , -0.0007 , -0.1578 ,  0.0042 ,  0.7474 ,  0.9775 ,
  0.0807 ,  0.0808 , -0.1580 , -1.6684 ,  1.3540 ,  0.3270 ,
  0.1205 , -0.0009 , -0.1574 ,  0.7786 ,  1.4325 ,  0.9775 ,
 -0.0008 ,  0.1211 , -0.6348 , -1.7146 ,  0.5958 ,  0.0071 ,
  0.0801 ,  0.0398 , -0.3165 , -3.1520 ,  0.1165 ,  0.3288 ,
  0.0400 ,  0.0807 , -0.3170 , -0.8884 ,  0.0458 ,  0.9793 ,
 -0.0015 ,  0.1204 , -0.9520 , -0.1550 ,  0.5943 ,  0.9864 ,
 -0.0403 ,  0.0002 , -0.0004 ,  0.0003 ,  0.5593 ,  0.0000 ,
 -0.0400 ,  0.0818 ,  0.1570 , -0.9069 ,  0.5348 ,  0.6390 ,
  0.0400 ,  0.0807 , -0.3170 , -0.1135 ,  1.2904 ,  0.6540 ,
  0.1197 ,  0.0390 , -0.6334 , -1.5927 ,  2.0447 ,  0.0071 ,
  0.0796 ,  0.0799 , -0.6339 , -2.4286 ,  1.9741 ,  0.3323 ,
  0.0003 ,  0.1220 , -0.1589 , -2.5044 ,  1.2203 ,  0.3270 ,
  0.0809 ,  0.1216 , -0.1581 , -0.9551 ,  3.2129 , -0.3235 ,
  0.1208 ,  0.0399 , -0.1575 , -2.3824 ,  0.8025 ,  0.3270 ,
  0.0406 ,  0.1218 , -0.1585 , -0.1798 ,  0.6610 , -0.3235 ,
  0.1613 ,  0.0805 , -0.1572 , -0.8943 ,  1.4798 ,  0.3270 ,
  0.1200 ,  0.0393 , -0.4748 , -0.8227 ,  2.0455 ,  0.6558 ,
  0.0807 ,  0.0808 , -0.1580 , -0.1187 ,  0.1095 ,  0.3270 ,
 -0.0821 ,  0.0396 , -0.7941 , -0.8112 , -0.1374 ,  0.0089 ,
 -0.1628 , -0.0412 , -0.6361 ,  0.0824 ,  0.9977 ,  0.3324 ,
  0.0800 ,  0.0802 , -0.4752 , -0.8838 ,  1.3525 ,  1.6314 ,
  0.2011 ,  0.1204 , -0.4741 , -0.1714 ,  2.1558 ,  0.6558 ,
  0.0399 ,  0.1212 , -0.4757 , -0.1701 ,  0.6595 ,  0.6558 ,
  0.0388 , -0.0826 , -0.4754 , -0.6376 ,  1.3207 ,  0.9811 ,
  0.0395 ,  0.1209 , -0.6344 , -0.9400 ,  0.0365 ,  0.3323 ,
  0.0398 ,  0.0400 , -0.3170 , -2.3768 ,  1.2981 ,  0.0036 ,
 -0.0013 , -0.0417 , -0.4758 ,  0.8510 ,  1.8723 ,  0.9811 ,
 -0.0400 ,  0.1222 , -0.1593 , -1.7289 ,  1.7796 ,  0.6522 ,
  0.0815 ,  0.0409 ,  0.3180 ,  0.7063 ,  0.1168 , -0.0024 ,
  0.0407 ,  0.0402 ,  0.1593 ,  1.5127 ,  3.1185 , -0.3417 ,
  0.0392 , -0.0011 , -0.4755 ,  0.0143 ,  1.3051 ,  0.9811 ,
 -0.0406 , -0.0001 , -0.1590 ,  0.7801 ,  1.1808 , -0.3234 ,
 -0.0006 ,  0.0806 , -0.4761 , -1.6580 ,  1.2266 ,  0.9811 ,
  0.0804 , -0.0412 ,  0.0009 , -1.4890 ,  0.7559 ,  0.6504 ,
  0.0805 ,  0.1213 , -0.3167 ,  0.5995 ,  1.9678 ,  0.3288 ,
  0.0411 ,  0.0413 ,  0.3170 , -0.8424 ,  0.6795 ,  0.9541 ,
 -0.0416 , -0.0415 , -0.4762 ,  0.8513 ,  1.1871 ,  0.3306 ,
 -0.0395 ,  0.0820 ,  0.1581 , -0.1272 , -0.0770 , -0.0015 ,
  0.0408 ,  0.0403 ,  0.1579 , -1.6325 ,  0.0595 , -0.3147 ,
  0.1188 , -0.0024 , -0.9506 , -0.7466 ,  2.0510 ,  0.0107 ,
  0.1599 , -0.0425 , -0.4742 , -0.7001 ,  1.5017 ,  0.6558 ,
 -0.0406 , -0.0001 , -0.1590 , -3.0943 ,  0.5586 ,  0.0018 ,
 -0.0003 ,  0.0809 , -0.3174 , -0.8880 ,  1.2274 , -0.3217 ,
  0.0010 ,  0.1226 ,  0.1584 , -0.9642 ,  2.4664 ,  0.6487 ,
  0.0814 ,  0.1627 ,  0.0005 , -1.0214 ,  0.7169 , -0.3253 ,
 -0.0397 ,  0.1225 , -0.0006 , -0.1840 ,  2.4026 ,  0.0000 ,
 -0.0008 ,  0.0398 , -0.4760 , -0.0468 ,  1.2344 ,  0.0053 ,
  0.0390 , -0.0419 , -0.4754 , -1.4740 ,  1.3130 ,  0.0053 ,
  0.0405 , -0.0407 ,  0.1589 , -0.7231 ,  0.0741 ,  0.3202 ,
  0.1210 ,  0.0806 , -0.1576 , -0.1191 ,  0.7946 ,  1.6278 ,
  0.1196 , -0.0423 , -0.4746 ,  0.8499 ,  0.8166 , -0.3199 ,
  0.0395 ,  0.0396 , -0.4756 , -0.8220 ,  1.2973 ,  0.3306 ,
  0.0406 ,  0.1218 , -0.1585 , -1.7296 , -0.5836 ,  0.0018 ,
  0.0406 ,  0.1218 , -0.1585 , -2.5047 ,  0.0387 ,  0.3270 ,
  0.0396 , -0.0008 , -0.3169 , -0.7654 ,  1.9283 ,  0.6540 ,
  0.1208 ,  0.0399 , -0.1575 , -0.8325 ,  0.8025 ,  0.0018 ,
  0.1203 ,  0.0800 , -0.4749 , -1.6590 ,  0.1709 ,  0.0053 ,
  0.1605 , -0.0014 , -0.3157 , -0.7665 ,  2.1169 , -0.3217 ,
 -0.0003 ,  0.0809 , -0.3174 , -0.1131 ,  0.6051 ,  0.3288 ,
 -0.0417 , -0.0010 , -0.6350 , -1.5299 ,  0.5563 ,  0.3323 ,
  0.1211 ,  0.0816 ,  0.3167 , -0.8891 ,  2.6705 ,  0.6542 ,
  0.0396 , -0.0008 , -0.3169 ,  0.7843 ,  1.3059 ,  0.0036 ,
  0.0409 ,  0.1221 ,  0.0002 , -0.1847 ,  0.6618 , -0.6505 ,
  0.0792 , -0.0016 , -0.6337 , -0.7560 , -1.1218 ,  0.3323 ,
  0.1616 ,  0.0808 ,  0.0015 , -0.8992 ,  2.7251 ,  0.3252 ,
  0.0806 , -0.0004 ,  0.0008 , -3.1002 ,  1.9927 ,  0.6504 ,
  0.1208 ,  0.0812 ,  0.1589 , -0.1269 ,  1.4193 ,  0.0000 ,
  0.1211 ,  0.0402 ,  0.0011 ,  2.2618 ,  0.8032 ,  0.3252 ,
 -0.0019 ,  0.0389 , -0.9519 , -0.8070 ,  0.6099 ,  1.3116 ,
  0.1204 ,  0.0396 , -0.3161 , -0.8276 ,  1.4240 ,  0.3288 ,
 -0.0007 , -0.0006 , -0.3173 , -0.7651 ,  0.6208 , -0.3217 ,
  0.0398 ,  0.0400 , -0.3170 , -1.6018 ,  0.0536 ,  0.3288 ,
 -0.0406 , -0.0001 , -0.1590 , -1.5446 ,  2.4253 ,  0.0018 ,
  0.1603 ,  0.0391 , -0.4744 , -0.8230 ,  2.1084 ,  0.6558 ,
 -0.0412 , -0.0412 , -0.3176 ,  0.0716 , -0.0566 , -0.3217 ,
  0.0009 ,  0.0414 ,  0.3172 , -0.0712 , -0.6286 ,  0.3217 ,
 -0.1626 , -0.0005 , -0.6362 , -2.3037 ,  1.6122 ,  0.6576 ,
  0.0390 ,  0.0798 , -0.7930 , -2.4236 ,  1.9104 ,  0.6594 ,
  0.0800 ,  0.0802 , -0.4752 , -0.8838 ,  0.1080 ,  0.3306 ,
  0.0403 , -0.0002 ,  0.0004 , -2.3252 ,  1.3074 ,  0.9757 ,
  0.0413 ,  0.0819 ,  0.3175 ,  1.4307 ,  0.6552 , -0.3115 ,
  0.0794 ,  0.0391 , -0.6338 , -0.0426 ,  1.3596 ,  0.9828 ,
  0.1198 , -0.0827 , -0.3159 , -2.9679 ,  0.8251 , -0.3217 ,
  0.1205 , -0.0009 , -0.1574 ,  0.0039 ,  1.4325 ,  0.3270 ,
  0.0395 ,  0.1209 , -0.6344 , -0.1652 ,  0.0365 ,  0.3323 ,
 -0.0004 , -0.0815 ,  0.0002 , -0.6520 ,  1.2602 ,  0.9757 ,
  0.0000 ,  0.0000 ,  0.0000 , -2.3245 ,  1.2446 ,  0.3252 ,
  0.1211 ,  0.0402 ,  0.0011 , -0.0625 ,  0.1809 , -0.0000 ,
  0.0800 ,  0.0802 , -0.4752 , -0.1089 ,  1.9748 ,  0.3306 ,
  0.0801 ,  0.0398 , -0.3165 , -0.0524 ,  1.3610 ,  0.6540 ,
  0.0807 ,  0.1621 , -0.3168 , -2.5614 ,  1.3376 ,  0.0036 ,
  0.0807 ,  0.1621 , -0.3168 , -1.0116 ,  1.3376 ,  0.9793 ,
  0.0405 ,  0.0406 ,  0.0003 ,  0.7130 ,  0.6774 ,  0.6504 ,
  0.0802 , -0.0007 , -0.1578 , -1.5455 ,  0.7474 ,  0.9775 ,
 -0.1219 , -0.0003 , -0.4771 , -1.5341 ,  1.0535 ,  0.6558 ,
  0.1208 ,  0.1211 , -0.3163 , -0.1756 ,  1.4084 ,  0.6540 ,
 -0.0805 ,  0.0816 , -0.1596 , -0.1173 , -0.1422 ,  0.6523 ,
  0.0814 ,  0.0820 ,  0.3170 , -0.8989 ,  1.3581 , -0.0034 ,
 -0.0406 ,  0.0811 , -0.3178 , -1.6626 ,  2.4091 ,  0.9793 ,
  0.1195 , -0.0018 , -0.6333 , -3.0811 ,  1.4302 ,  0.9828 ,
  0.1213 ,  0.0810 ,  0.0011 , -0.8988 ,  0.1731 , -0.0000 ,
  0.0809 ,  0.0415 ,  0.3173 , -0.0674 ,  1.9899 ,  0.6417 ,
 -0.0006 ,  0.0806 , -0.4761 , -0.1082 ,  1.8489 ,  0.6558 ,
  0.1610 , -0.0415 ,  0.0017 , -0.7148 , -0.9851 , -0.0000 ,
 -0.0812 , -0.0407 , -0.1594 , -1.4827 , -0.1188 ,  0.6522 ,
  0.0001 ,  0.0812 , -0.1588 , -1.6679 ,  1.8504 ,  0.3270 ,
 -0.1207 ,  0.0413 , -0.0013 , -1.6102 ,  1.6701 ,  0.6505 ,
  0.1199 ,  0.0797 , -0.6335 , -0.8793 , -0.4522 ,  0.0071 ,
  0.0795 ,  0.1204 , -0.7926 , -0.9355 ,  1.9655 ,  0.9846 ,
  0.0004 ,  0.0815 , -0.0002 , -1.6727 ,  1.8511 ,  0.6505 ,
 -0.0803 ,  0.1224 , -0.1597 , -2.5036 ,  0.4723 ,  0.0018 ,
 -0.0413 , -0.0007 , -0.4763 , -0.7599 ,  1.1793 ,  0.6558 ,
  0.1204 ,  0.0396 , -0.3161 , -0.0527 ,  2.6685 , -0.6469 ,
 -0.0005 ,  0.0401 , -0.3174 , -0.8266 , -0.0093 ,  0.6541 ,
 -0.0010 , -0.0009 , -0.4759 , -1.5351 ,  0.6200 ,  0.0053 ,
 -0.0407 ,  0.1216 , -0.4765 , -2.4941 ,  1.1558 ,  0.6558 ,
 -0.0407 , -0.0813 , -0.0003 ,  0.1233 ,  1.8195 ,  0.6505 ,
  0.0398 ,  0.0400 , -0.3170 , -0.0520 ,  1.9204 ,  0.6540 ,
  0.0398 ,  0.0400 , -0.3170 , -0.0520 ,  1.2981 ,  0.0036 ,
  0.0799 , -0.0010 , -0.3165 ,  0.0091 ,  0.1243 ,  0.3288 ,
  0.2015 , -0.0010 ,  0.0020 , -0.0017 ,  1.5591 ,  0.3252 ,
 -0.0411 ,  0.1213 , -0.6352 , -1.7142 ,  2.3997 ,  0.3324 ,
  0.0406 , -0.0405 ,  0.1585 , -0.7148 ,  0.6971 , -0.0021 ,
 -0.0005 ,  0.0401 , -0.3174 , -1.6015 ,  0.6129 ,  0.0036 ,
 -0.0001 ,  0.1217 , -0.3175 , -0.9495 ,  0.5973 ,  0.6541 ,
  0.0805 ,  0.0401 , -0.1579 , -0.0573 , -0.5050 ,  0.9775 ,
 -0.0016 , -0.0420 , -0.6345 , -3.0185 ,  1.2493 ,  0.9828 ,
 -0.0414 ,  0.1209 , -0.7938 , -2.4843 ,  1.1545 ,  0.6594 ,
  0.1602 ,  0.0795 , -0.6331 , -0.8796 ,  2.0999 ,  0.3323 ,
  0.0404 ,  0.0810 , -0.1584 , -0.1184 , -0.5758 ,  0.6522 ,
  0.0803 ,  0.0805 , -0.3166 , -1.6636 ,  0.7310 ,  0.3288 ,
 -0.0399 ,  0.0817 , -0.0006 , -0.1226 , -0.0785 ,  0.6505 ,
  0.0399 , -0.0005 , -0.1582 , -0.7703 ,  1.3067 ,  0.3270 ,
 -0.0401 ,  0.0410 , -0.0005 ,  0.7137 ,  1.1737 ,  0.6505 ,
  0.0400 ,  0.0807 , -0.3170 , -2.4382 ,  0.6681 ,  0.6540 ,
  0.1605 , -0.0014 , -0.3157 , -2.3163 ,  0.8724 ,  0.0035 ,
  0.0400 ,  0.0807 , -0.3170 , -0.1135 ,  0.6681 ,  0.3288 ,
 -0.0005 ,  0.0401 , -0.3174 , -2.3765 , -1.2540 ,  1.3045 ,
  0.0398 ,  0.0400 , -0.3170 , -1.6018 ,  0.0536 ,  0.3288 ,
  0.0791 ,  0.0388 , -0.7925 , -0.8126 ,  1.3588 ,  0.3341 ,
  0.0399 ,  0.1212 , -0.4757 , -0.1701 ,  1.9040 ,  0.3306 ,
  0.1605 , -0.0014 , -0.3157 ,  0.7832 ,  0.8724 , -0.3217 ,
 -0.0416 , -0.1227 , -0.3174 , -0.5804 ,  0.5813 ,  0.0036 ,
 -0.0007 , -0.0006 , -0.3173 , -0.7651 , -0.6238 ,  0.9793 ,
  0.1200 , -0.0420 , -0.3160 , -2.2546 ,  0.8173 ,  0.3288 ,
  0.0001 ,  0.0812 , -0.1588 , -0.8930 ,  0.6059 ,  0.3270 ,
  0.0402 ,  0.0403 , -0.1583 , -0.0569 ,  1.2989 ,  0.3270 ,
  0.0395 ,  0.1209 , -0.6344 , -1.7150 ,  1.9034 , -0.3181 ,
  0.0798 ,  0.0395 , -0.4752 , -0.0475 ,  0.1158 ,  0.6558 ,
  0.0805 ,  0.0401 , -0.1579 , -1.6070 ,  1.9841 ,  0.0018 ,
  0.1620 ,  0.1623 ,  0.0013 , -2.5721 , -0.4019 ,  0.9757 ,
  0.0403 , -0.0002 ,  0.0004 , -0.0003 ,  2.5519 ,  0.9757 ,
  0.0809 ,  0.0408 ,  0.3157 , -1.6074 ,  2.6104 ,  0.3405 ,
  0.0396 , -0.0008 , -0.3169 , -0.7654 ,  2.5505 ,  0.6540 ,
  0.1212 ,  0.2026 , -0.3164 , -2.6232 ,  2.0150 ,  0.6540 ,
  0.0008 ,  0.0818 ,  0.1585 , -2.4527 ,  1.8520 ,  0.3234 ,
 -0.0411 ,  0.1213 , -0.6352 , -3.2641 ,  1.7775 ,  0.6576 ,
 -0.0001 ,  0.1217 , -0.3175 , -0.9495 ,  1.8420 ,  1.6297 ,
 -0.0412 , -0.0412 , -0.3176 ,  0.8464 ,  0.5656 ,  0.6541 ,
 -0.0007 , -0.0006 , -0.3173 ,  0.7846 ,  2.4875 ,  0.0036 ,
 -0.2020 ,  0.0411 , -0.3194 , -0.0500 , -0.3239 ,  0.6541 ,
  0.1213 ,  0.0810 ,  0.0011 , -0.8988 ,  0.7954 ,  0.9757 ,
 -0.0010 ,  0.0803 , -0.6347 , -1.6531 ,  0.6036 ,  0.3323 ,
  0.1204 ,  0.0396 , -0.3161 , -2.3774 ,  1.4240 ,  0.3288 ,
  0.0401 , -0.0410 ,  0.0005 , -1.4887 ,  1.9376 , -0.0000 ,
  0.0409 ,  0.1221 ,  0.0002 , -2.5095 ,  1.9063 ,  0.3252 ,
  0.1206 ,  0.0803 , -0.3162 , -0.8890 ,  3.9054 ,  0.6540 ,
  0.1203 , -0.0417 , -0.1573 , -0.7096 ,  2.6848 ,  0.9775 ,
  0.0006 ,  0.1223 , -0.0002 ,  0.5904 ,  1.8433 ,  0.3252 ,
  0.1206 ,  0.0803 , -0.3162 , -0.8890 ,  1.4162 ,  0.6540 ,
  0.2016 ,  0.0803 , -0.1568 , -1.6695 ,  1.5428 ,  0.3270 ,
 -0.0003 , -0.0003 , -0.1586 , -0.7700 ,  1.2438 ,  0.0018 ,
 -0.1217 ,  0.0404 , -0.4772 , -2.3706 , -0.1988 ,  0.3306 ,
  0.0401 , -0.0410 ,  0.0005 , -1.4887 ,  0.6930 ,  0.9757 ,
  0.0408 ,  0.1626 , -0.1585 , -1.0162 , -0.5914 ,  0.0018 ,
 -0.1207 , -0.0397 ,  0.1574 ,  0.0587 ,  0.4434 , -0.6300 ,
  0.0396 , -0.0008 , -0.3169 ,  0.0094 ,  0.6837 , -0.3217 ,
 -0.0007 , -0.0006 , -0.3173 ,  0.0098 ,  0.6208 ,  0.0036 ,
 -0.1216 , -0.0000 , -0.3185 , -2.3141 ,  1.0542 ,  0.0036 ,
 -0.0412 , -0.0412 , -0.3176 , -2.2532 ,  1.8102 ,  0.0036 ,
  0.0792 , -0.0016 , -0.6337 , -0.7560 ,  1.3673 ,  0.0071 ,
  0.0001 ,  0.0812 , -0.1588 ,  0.6568 ,  2.4725 ,  0.3270 ,
  0.0402 ,  0.0403 , -0.1583 , -0.8318 ,  0.6766 ,  0.3270 ,
  0.0810 ,  0.0811 ,  0.0007 , -0.8985 ,  1.3548 ,  0.6504 ,
 -0.0811 ,  0.0405 , -0.3182 , -1.6008 ,  1.1094 ,  0.6541 ,
 -0.0009 , -0.0414 , -0.3172 ,  0.8461 ,  0.0063 ,  0.0036 ,
  0.0397 ,  0.1616 , -0.6345 ,  0.5482 ,  1.2732 ,  0.6576 ,
  0.1205 , -0.0009 , -0.1574 , -0.7710 ,  2.6770 ,  0.3270 ,
  0.0809 ,  0.0408 ,  0.1590 , -0.0652 ,  0.7402 , -0.0008 ,
 -0.0411 ,  0.0400 , -0.4764 , -1.5962 ,  1.7939 ,  0.0053 ,
  0.0397 ,  0.0804 , -0.4757 , -0.1086 ,  2.5341 ,  0.6558 ,
  0.0004 ,  0.0815 , -0.0002 ,  0.6519 , -0.6380 , -0.6505 ,
 -0.0399 ,  0.0817 , -0.0006 , -1.6723 ,  1.7882 ,  0.3252 ,
 -0.0004 ,  0.1214 , -0.4761 , -1.7195 ,  1.8411 ,  0.6558 ,
 -0.0411 ,  0.0400 , -0.4764 , -1.5962 , -0.0730 ,  0.9811 ,
 -0.0413 , -0.0007 , -0.4763 ,  0.7898 , -0.0652 ,  0.0053 ,
 -0.0805 ,  0.0816 , -0.1596 , -2.4421 ,  0.4801 ,  0.3270 ,
 -0.0001 ,  0.0405 , -0.1587 , -2.3814 ,  1.2359 ,  0.0018 ,
  0.0405 ,  0.0406 ,  0.0003 , -0.0618 ,  0.6774 ,  0.3252 ,
 -0.0411 ,  0.0400 , -0.4764 , -0.8214 ,  1.7939 ,  0.9811 ,
  0.0795 , -0.0013 , -0.4751 ,  0.0140 ,  1.3680 ,  0.6558 ,
  0.0800 ,  0.0802 , -0.4752 , -0.8838 ,  1.3525 ,  0.9811 ,
 -0.0415 ,  0.0397 , -0.6350 , -0.0415 ,  0.5485 ,  0.3324 ,
  0.0404 ,  0.1623 , -0.3172 , -0.2364 ,  2.5191 ,  0.9793 ,
  0.0795 , -0.0013 , -0.4751 , -0.7609 ,  2.6126 ,  0.6558 ,
  0.0807 ,  0.0808 , -0.1580 ,  0.6561 ,  1.9763 ,  0.3270 ,
 -0.0411 ,  0.0400 , -0.4764 , -1.5962 ,  1.1715 ,  0.0053 ,
  0.0404 ,  0.0810 , -0.1584 , -0.8932 ,  0.6688 , -0.3235 ,
  0.0800 ,  0.0802 , -0.4752 , -0.1089 ,  1.9748 ,  0.0053 ,
 -0.1214 ,  0.0407 , -0.3186 , -0.0506 ,  1.0464 ,  0.6541 ,
 -0.0409 ,  0.1620 , -0.6353 , -2.5505 ,  1.1474 ,  0.3324 ,
 -0.0404 ,  0.0406 , -0.1591 , -0.8311 ,  1.1730 ,  0.0018 ,
  0.1199 ,  0.0797 , -0.6335 , -0.1044 ,  1.4147 ,  0.6576 ,
 -0.0007 , -0.0006 , -0.3173 , -0.7651 ,  0.6208 , -0.6469 ,
 -0.0808 , -0.0404 , -0.0007 , -0.7128 ,  2.3710 ,  0.6505 ,
 -0.0012 ,  0.0395 , -0.6346 , -1.5917 ,  1.8560 ,  0.0071 ,
  0.0398 ,  0.0400 , -0.3170 , -4.7014 ,  1.9204 ,  0.6540 ,
  0.0397 ,  0.0804 , -0.4757 , -0.1086 ,  0.0450 , -0.6451 ,
  0.0393 ,  0.0801 , -0.6343 , -1.6535 ,  0.0443 ,  1.6332 ,
  0.1208 ,  0.1211 , -0.3163 , -1.7254 ,  0.7861 ,  0.3288 ,
 -0.0003 , -0.0003 , -0.1586 , -0.7700 ,  1.2438 , -0.6487 ,
 -0.0815 , -0.0410 , -0.3180 , -2.2528 ,  2.9917 ,  0.6541 ,
 -0.0008 ,  0.0398 , -0.4760 , -1.5966 ,  0.6122 ,  0.6558 ,
 -0.0005 ,  0.0401 , -0.3174 , -1.6015 ,  1.2353 ,  0.9793 ,
 -0.0813 , -0.0002 , -0.3181 , -0.7644 ,  1.7395 ,  0.0036 ,
 -0.1217 ,  0.0404 , -0.4772 , -0.0457 , -0.1988 ,  0.0054 ,
 -0.0405 , -0.0406 , -0.0003 , -0.7131 ,  1.1894 ,  0.3252 ,
 -0.0815 , -0.0410 , -0.3180 , -2.2528 ,  1.1250 ,  0.3288 ,
 -0.1217 ,  0.0404 , -0.4772 , -2.3706 ,  1.6680 ,  0.0054 ,
  0.0001 ,  0.0812 , -0.1588 , -1.6679 , -0.0164 ,  0.6522 ,
  0.0795 , -0.0013 , -0.4751 , -0.7609 ,  1.9904 ,  0.9811 ,
 -0.0410 , -0.0004 , -0.3177 ,  0.0101 ,  0.5578 ,  0.0036 ,
 -0.0419 , -0.0418 , -0.6349 , -2.2433 ,  1.1864 ,  0.6576 ,
 -0.0006 ,  0.0806 , -0.4761 , -0.8831 ,  1.8489 ,  0.0053 ,
  0.0005 , -0.0401 ,  0.3174 , -0.7232 ,  0.6316 , -0.0036 ,
  0.0798 , -0.0822 , -0.1577 , -0.6478 ,  1.3852 ,  0.3270 ,
 -0.1219 , -0.0003 , -0.4771 ,  0.0157 ,  0.4313 ,  0.0054 ,
  0.0407 ,  0.0814 ,  0.1571 , -2.4681 ,  1.2843 , -0.2988 ,
 -0.0812 ,  0.0810 , -0.4769 , -0.8824 ,  0.4786 ,  0.3306 ,
  0.0814 ,  0.1228 ,  0.3172 , -0.1942 ,  1.3474 ,  0.9661 ,
  0.0803 ,  0.0805 , -0.3166 , -1.6636 ,  0.7310 ,  0.0036 ,
  0.0808 ,  0.0404 ,  0.0007 , -0.8370 ,  1.3625 ,  0.3252 ,
 -0.0811 ,  0.0405 , -0.3182 ,  0.7238 ,  2.3538 ,  0.3288 ,
  0.0000 ,  0.0000 ,  0.0000 ,  0.0000 ,  0.6223 ,  1.6262 ,
  0.0001 ,  0.1624 , -0.3176 , -1.7859 ,  1.2118 , -0.3217 ,
  0.0812 ,  0.0812 ,  0.1577 , -2.4683 ,  1.3494 , -0.2988 ,
  0.1198 , -0.0015 , -0.4747 , -0.7613 ,  1.4309 ,  0.0053 ,
  0.0402 ,  0.0403 , -0.1583 , -0.0569 ,  0.6766 ,  0.3270 ,
  0.0402 ,  0.0403 , -0.1583 , -0.0569 ,  0.6766 ,  0.6522 ,
 -0.0396 ,  0.0008 ,  0.3169 ,  0.7654 ,  1.1831 , -0.0036 ,
 -0.0006 , -0.0411 , -0.1586 , -2.2583 ,  2.4959 ,  0.6522 ,
 -0.0003 , -0.0003 , -0.1586 , -0.7700 ,  2.4882 ,  0.6522 ,
  0.1208 ,  0.0399 , -0.1575 , -0.0576 , -0.4421 ,  0.9775 ,
 -0.0802 ,  0.0007 ,  0.1578 , -0.0042 ,  0.4972 ,  1.2992 ,
 -0.0816 ,  0.0807 , -0.6355 , -1.6524 , -0.1445 ,  0.3324 ,
  0.0795 , -0.0013 , -0.4751 , -1.5359 , -0.4987 ,  0.0053 ,
  0.0401 ,  0.1619 , -0.4758 , -0.2315 ,  0.6517 , -0.3199 ,
  0.0390 , -0.0419 , -0.4754 , -1.4740 ,  1.9353 ,  0.9811 ,
 -0.0812 , -0.0407 , -0.1594 , -0.7078 ,  2.3702 ,  0.6522 ,
 -0.0404 ,  0.0406 , -0.1591 , -1.6060 , -0.0715 ,  0.3270 ,
  0.1203 , -0.0417 , -0.1573 , -0.7096 ,  0.8181 ,  0.6522 ,
  0.0403 , -0.0002 ,  0.0004 , -0.0003 ,  0.6852 ,  0.6504 ,
  0.1198 , -0.0015 , -0.4747 , -1.5361 ,  1.4309 ,  0.6558 ,
 -0.0813 , -0.0002 , -0.3181 , -0.7644 ,  1.7395 , -0.3217 ,
  0.0809 ,  0.0403 ,  0.1585 ,  2.3067 ,  0.1052 ,  0.3141 ,
 -0.1208 ,  0.0818 , -0.1600 , -0.1170 ,  0.4172 ,  0.3270 ,
  0.0414 ,  0.0819 ,  0.3176 ,  0.6443 ,  0.0465 ,  0.3149 ,
  0.0395 ,  0.0396 , -0.4756 , -0.0471 ,  1.2973 ,  0.3306 ,
 -0.0406 , -0.0001 , -0.1590 ,  0.7801 ,  1.8031 ,  0.3270 ,
 -0.0811 ,  0.0405 , -0.3182 , -0.0510 , -0.1352 ,  0.3288 ,
  0.0412 ,  0.0412 ,  0.3176 ,  0.7064 ,  0.0542 ,  0.9516 ,
  0.0805 ,  0.0401 , -0.1579 , -1.6070 , -0.5050 ,  0.6522 ,
  0.0000 ,  0.0000 ,  0.0000 ,  0.0000 ,  1.2446 ,  0.3252 ,
  0.0407 ,  0.0813 ,  0.0003 , -1.6730 ,  2.5364 ,  0.3252 ,
  0.0796 ,  0.0799 , -0.6339 , -1.6538 ,  1.3517 ,  0.6576 ,
  0.0402 ,  0.1215 , -0.3171 , -0.9498 ,  0.6602 ,  0.0036 ,
  0.0006 ,  0.1223 , -0.0002 , -0.1844 ,  1.8433 ,  0.3252 ,
 -0.0405 ,  0.1225 ,  0.1570 , -0.1858 ,  1.7811 ,  0.3273 ,
  0.0793 , -0.0421 , -0.4750 , -1.4744 ,  2.6204 ,  0.6558 ,
 -0.0411 ,  0.0400 , -0.4764 ,  0.7284 ,  1.1715 ,  0.3306 ,
  0.1212 , -0.0003 ,  0.1599 ,  0.7689 ,  2.6785 ,  0.3234 ,
 -0.0812 , -0.0407 , -0.1594 ,  0.0670 ,  0.5035 ,  0.9775 ,
  0.0399 ,  0.1212 , -0.4757 , -1.7198 ,  0.0372 ,  0.3306 ,
  0.1206 ,  0.0803 , -0.3162 , -0.1142 ,  2.0384 ,  0.9793 ,
  0.0798 ,  0.0395 , -0.4752 ,  0.7273 , -1.1289 ,  0.6558 ,
 -0.0416 , -0.0415 , -0.4762 , -1.4733 ,  1.1871 ,  0.3306 ,
  0.0406 ,  0.0001 ,  0.1590 ,  0.7696 ,  0.6859 ,  0.9739 ,
 -0.0409 ,  0.0808 , -0.4765 , -0.1079 ,  1.7860 ,  0.9811 ,
  0.1599 ,  0.0792 , -0.7917 , -1.6497 ,  1.4769 ,  0.0089 ,
  0.0008 ,  0.0818 ,  0.1585 , -0.1278 , -0.0149 , -0.6523 ,
  0.0395 ,  0.0396 , -0.4756 , -0.0471 ,  1.2973 ,  0.6558 ,
  0.0405 ,  0.0406 ,  0.0003 , -0.0618 ,  0.6774 ,  1.3009 ,
  0.0805 ,  0.1213 , -0.3167 , -1.7250 ,  0.1009 ,  0.0036 ,
  0.0003 ,  0.1220 , -0.1589 , -0.1795 ,  1.8427 ,  0.6522 ,
 -0.0003 ,  0.0809 , -0.3174 , -0.8881 ,  0.6051 ,  0.6541 ,
 -0.0795 ,  0.0825 ,  0.3163 , -0.1320 , -0.1400 ,  1.0133 ,
  0.0801 ,  0.0398 , -0.3165 , -0.0524 ,  0.1165 ,  0.6540 ,
 -0.0402 ,  0.0814 , -0.1592 , -0.1177 ,  0.5430 ,  0.6522 ,
  0.0795 , -0.0013 , -0.4751 , -2.3107 ,  2.6126 ,  0.0053 ,
 -0.0003 ,  0.0809 , -0.3174 , -1.6630 ,  2.4719 ,  0.0036 ,
  0.0401 ,  0.1619 , -0.4758 , -0.2315 ,  2.5184 ,  0.6558 ,
  0.0395 , -0.0820 , -0.1581 , -1.4223 ,  0.7000 ,  0.3270 ,
  0.0788 , -0.0019 , -0.7924 ,  0.0238 ,  0.7443 ,  0.6594 ,
  0.0004 ,  0.0815 , -0.0002 , -1.6727 ,  0.6066 ,  0.3252 ,
  0.0382 , -0.0020 , -0.9514 , -0.7459 ,  0.6807 ,  0.3359 ,
 -0.0411 ,  0.0400 , -0.4764 ,  0.7284 ,  1.1715 ,  0.3306 ,
  0.0394 ,  0.1613 , -0.7931 ,  0.5531 ,  2.5171 ,  1.3098 ,
  0.0396 , -0.0008 , -0.3169 , -2.3153 ,  2.5505 ,  0.3288 ,
 -0.0003 , -0.0003 , -0.1586 , -0.7700 , -0.0007 ,  0.0018 ,
  0.0794 ,  0.0391 , -0.6338 , -0.0426 ,  0.7373 ,  0.9828 ,
 -0.0005 ,  0.0401 , -0.3174 , -2.3765 ,  0.6129 ,  0.9793 ,
  0.0396 , -0.0008 , -0.3169 ,  0.0094 ,  1.9283 ,  0.0036 ,
 -0.0001 ,  0.0405 , -0.1587 , -0.8315 ,  1.2359 ,  0.6522 ,
  0.0801 ,  0.0398 , -0.3165 , -0.0524 ,  0.7388 ,  0.0036 ,
  0.0397 ,  0.0804 , -0.4757 ,  0.6662 ,  0.6673 ,  0.6558 ,
 -0.0006 ,  0.0806 , -0.4761 , -3.2079 , -0.0179 ,  0.3306 ,
 -0.0399 ,  0.0817 , -0.0006 , -2.4473 , -0.0785 ,  0.6505 ,
 -0.0400 ,  0.1222 , -0.1593 , -2.5037 ,  1.1574 ,  0.9775 ,
  0.0810 ,  0.0811 ,  0.0007 , -1.6734 ,  1.9770 ,  0.3252 ,
  0.0812 ,  0.1219 ,  0.0006 , -0.9599 ,  0.1024 , -0.0000 ,
  0.0398 ,  0.0400 , -0.3170 , -0.8269 ,  1.2981 ,  0.6540 ,
  0.0803 ,  0.0805 , -0.3166 ,  0.6610 ,  0.1087 ,  0.9793 ,
  0.0398 ,  0.0400 , -0.3170 , -3.1516 ,  1.9204 ,  0.6540 ,
  0.1199 ,  0.0797 , -0.6335 , -0.1044 ,  0.7924 ,  0.6576 ,
 -0.0409 , -0.0409 , -0.1590 , -0.7082 ,  1.8109 ,  0.3270 ,
  0.0813 ,  0.0402 ,  0.1589 , -1.6266 , -0.4912 ,  0.6598 ,
 -0.0002 , -0.0408 ,  0.0001 ,  0.8362 ,  1.8746 ,  0.9757 ,
  0.0798 ,  0.1207 , -0.6340 , -0.1655 ,  1.3439 ,  0.6576 ,
  0.0392 ,  0.1206 , -0.7930 , -2.4850 ,  1.2803 ,  0.9846 ,
  0.0001 ,  0.1624 , -0.3176 , -2.5610 ,  0.5895 ,  0.6541 ,
 -0.0409 , -0.0409 , -0.1590 , -1.4831 ,  2.4331 ,  0.6522 ,
 -0.0412 , -0.0412 , -0.3176 , -0.7033 ,  1.1879 ,  0.9793 ,
  0.0407 ,  0.0813 ,  0.0003 , -0.8982 ,  0.6696 ,  0.3252 ,
  0.2017 ,  0.0802 ,  0.1598 ,  2.2396 ,  0.8900 , -0.0132 ,
 -0.0007 , -0.0006 , -0.3173 , -2.3149 ,  0.6208 , -0.3217 ,
  0.0000 ,  0.0000 ,  0.0000 , -1.5497 ,  0.6223 ,  0.6505 ,
 -0.0805 ,  0.0816 , -0.1596 , -0.1173 ,  1.1023 ,  0.6523 ,
 -0.0802 ,  0.0007 ,  0.1578 , -0.0042 ,  0.4972 ,  0.6487 ,
 -0.0005 ,  0.0401 , -0.3174 , -1.6015 ,  2.4797 ,  0.3288 ,
  0.2020 ,  0.0404 ,  0.1597 , -0.8365 ,  1.5555 ,  0.3328 ,
  0.1210 ,  0.0806 , -0.1576 , -1.6688 ,  0.7946 , -0.3235 ,
 -0.0817 , -0.0818 , -0.3179 ,  1.6830 , -0.1117 , -0.3217 ,
  0.0001 ,  0.0812 , -0.1588 ,  0.6568 ,  2.4725 ,  1.3027 ,
  0.0409 ,  0.1221 ,  0.0002 , -0.9596 ,  0.6618 ,  0.3252 ,
  0.0402 ,  0.0403 , -0.1583 ,  2.2675 ,  0.0544 , -0.3235 ,
  0.1597 ,  0.0385 , -0.7917 , -0.0384 ,  0.8624 ,  0.6594 ,
  0.0398 ,  0.0400 , -0.3170 , -0.0520 ,  1.2981 ,  0.6540 ,
  0.1212 ,  0.1214 , -0.1577 , -0.1805 ,  2.0312 ,  0.6522 ,
  0.0004 ,  0.0815 , -0.0002 ,  0.6519 ,  3.0955 ,  0.3252 ,
 -0.1618 ,  0.0814 , -0.4777 , -1.6566 ,  0.9750 ,  0.3306 ,
  0.0805 ,  0.0401 , -0.1579 , -0.8322 ,  1.9841 ,  0.6522 ,
 -0.0011 , -0.0821 , -0.3171 , -2.1921 ,  0.6364 ,  0.3288 ,
  0.0003 ,  0.1220 , -0.1589 ,  0.5953 ,  2.4648 ,  0.6522 ,
 -0.0807 ,  0.0408 , -0.1595 , -1.6056 ,  0.4879 ,  0.0018 ,
 -0.1221 ,  0.0401 , -0.6358 ,  2.2836 ,  1.0450 ,  0.3324 ,
 -0.0008 , -0.0818 , -0.1585 , -2.1969 ,  1.2594 , -0.6487 ,
 -0.0005 ,  0.0401 , -0.3174 , -0.0517 ,  0.6129 ,  0.6541 ,
  0.0803 ,  0.0805 , -0.3166 , -0.8887 ,  1.3533 ,  0.6540 ,
  0.0390 , -0.0419 , -0.4754 , -1.4740 ,  1.3130 ,  0.6558 ,
 -0.0407 ,  0.1216 , -0.4765 , -0.1694 , -0.7109 ,  0.6558 ,
  0.1196 , -0.0423 , -0.4746 , -0.6998 ,  2.6833 ,  1.6314 ,
  0.1598 , -0.0020 , -0.6329 , -3.0813 ,  2.1154 ,  0.3323 ,
  0.1209 , -0.0006 ,  0.0012 , -0.7759 ,  1.4333 , -0.3253 ,
  0.1198 , -0.0015 , -0.4747 , -2.3111 ,  1.4309 ,  0.6558 ,
  0.0799 , -0.0010 , -0.3165 , -1.5407 ,  1.3689 , -0.3217 ,
  0.0387 , -0.0422 , -0.6341 , -0.6942 ,  1.3122 ,  1.9585 ,
  0.1209 , -0.0006 ,  0.0012 , -0.7759 ,  0.1888 , -0.0000 ,
  0.0396 , -0.0008 , -0.3169 , -0.7654 ,  0.6837 ,  0.9793 ,
 -0.0402 ,  0.0814 , -0.1592 ,  2.2067 ,  1.7875 ,  0.0018 ,
  0.0802 , -0.0007 , -0.1578 , -1.5456 ,  0.1251 ,  0.0018 ,
 -0.0413 , -0.0007 , -0.4763 ,  0.7898 , -0.6875 ,  0.3306 ,
  0.0006 ,  0.0411 ,  0.1586 , -0.8413 ,  1.2375 , -0.0018 ,
  0.0791 , -0.0828 , -0.4749 , -3.7376 ,  2.6282 ,  0.6558 ,
  0.0799 , -0.0010 , -0.3165 , -0.7659 ,  0.7466 ,  0.0036 ,
  0.0395 ,  0.0396 , -0.4756 , -0.8220 ,  0.6751 ,  0.3306 ,
  0.0802 , -0.0007 , -0.1578 , -1.5456 ,  1.3696 , -0.6487 ,
  0.0406 ,  0.0001 ,  0.1590 , -0.7802 ,  1.3082 ,  0.3234 ,
 -0.0003 ,  0.0809 , -0.3174 , -2.4380 ,  0.6051 ,  0.3288 ,
 -0.0398 ,  0.1629 , -0.1593 , -2.5653 ,  0.5274 ,  0.3270 ,
  0.0800 ,  0.0802 , -0.4752 ,  2.2155 ,  2.5970 ,  0.9811 ,
  0.0398 ,  0.0400 , -0.3170 ,  0.7228 ,  1.2981 ,  0.3288 ,
  0.1603 ,  0.0391 , -0.4744 ,  0.7266 ,  0.8639 ,  0.6558 ,
  0.0800 , -0.1227 ,  0.0010 ,  0.9585 ,  2.0161 ,  0.3252 ,
  0.1198 , -0.0015 , -0.4747 , -2.3111 ,  2.6754 ,  1.3063 ,
  0.0006 ,  0.1223 , -0.0002 , -0.9592 ,  1.8433 ,  0.3252 ,
 -0.0416 , -0.0415 , -0.4762 ,  0.8513 ,  2.4316 ,  0.3306 ,
 -0.0010 , -0.0009 , -0.4759 , -0.7602 ,  0.6200 ,  0.6558 ,
 -0.0400 ,  0.1225 ,  0.1568 , -0.9700 ,  0.5241 ,  0.6391 ,
  0.0386 , -0.0017 , -0.7928 ,  0.0241 ,  0.6814 ,  0.6594 ,
 -0.0405 , -0.0406 , -0.0003 , -1.4879 ,  0.5671 ,  0.0000 ,
  0.0003 ,  0.1220 , -0.1589 , -1.7293 ,  1.8427 , -0.3234 ,
  0.0812 ,  0.0407 ,  0.1596 , -0.0677 , -0.5036 , -0.6726 ,
  0.1189 , -0.0429 , -0.7919 ,  0.8597 ,  2.0595 ,  0.9846 ,
  0.0392 , -0.0011 , -0.4755 , -1.5355 ,  1.9274 ,  0.9811 ,
 -0.0003 , -0.0003 , -0.1586 ,  0.7797 ,  0.6215 ,  0.3270 ,
  0.0000 ,  0.0000 ,  0.0000 , -1.5497 ,  1.2446 ,  0.3252 ,
 -0.0823 , -0.0012 , -0.7940 , -2.2995 ,  1.1150 ,  0.6594 ,
  0.0806 , -0.0004 ,  0.0008 , -0.0007 ,  1.9927 ,  0.9757 ,
  0.1213 ,  0.0810 ,  0.0011 , -0.1240 ,  2.0400 ,  0.6504 ,
 -0.0816 ,  0.0807 , -0.6355 , -2.4273 ,  1.1001 ,  0.9828 ,
  0.0395 ,  0.0396 , -0.4756 , -1.5969 ,  0.6751 ,  0.0053 ,
  0.0412 , -0.0395 ,  0.4767 ,  1.5966 ,  1.9331 ,  0.3254 ,
 -0.0403 ,  0.0409 ,  0.1564 , -2.4145 ,  0.5431 ,  0.9693 ,
  0.0409 ,  0.1221 ,  0.0002 , -1.7345 ,  0.0395 ,  0.3252 ,
  0.1212 ,  0.1214 , -0.1577 , -1.7303 ,  1.4091 ,  0.6522 ,
  0.0004 ,  0.0815 , -0.0002 , -1.6727 ,  2.4733 ,  0.0000 ,
  0.0402 ,  0.0403 , -0.1583 , -1.6066 ,  0.0544 ,  0.0018 ,
  0.0405 ,  0.0406 ,  0.0003 , -0.8367 ,  0.6774 ,  0.9757 ,
 -0.0010 , -0.0009 , -0.4759 , -0.7602 ,  3.1090 ,  1.3063 ,
  0.0799 , -0.0010 , -0.3165 , -0.7658 ,  0.1243 ,  0.3288 ,
  0.0002 ,  0.0408 , -0.0001 , -0.8363 , -0.0078 ,  0.3252 ,
 -0.0415 ,  0.0397 , -0.6350 , -0.8165 ,  1.7931 ,  0.3324 ,
 -0.0808 ,  0.0411 ,  0.1568 , -3.9511 , -0.7537 ,  0.3215 ,
  0.0004 ,  0.0815 , -0.0002 , -1.6727 ,  1.2288 ,  0.6505 ,
  0.0801 ,  0.0398 , -0.3165 , -1.6022 ,  0.1165 ,  0.6540 ,
  0.0803 ,  0.0805 , -0.3166 , -2.4385 ,  1.3533 ,  0.3288 ,
  0.0399 , -0.0005 , -0.1582 ,  0.0045 ,  0.6844 ,  0.0018 ,
 -0.0411 ,  0.0400 , -0.4764 , -0.0464 ,  1.1715 ,  0.3306 ,
  0.0406 ,  0.1218 , -0.1585 , -0.1798 ,  2.5276 ,  0.9775 ,
  0.0402 ,  0.1215 , -0.3171 , -1.7247 ,  0.0380 ,  0.6541 ,
 -0.0007 , -0.0006 , -0.3173 ,  0.0098 ,  1.2430 ,  0.6541 ,
 -0.0817 , -0.0818 , -0.3179 ,  0.9082 , -0.1117 ,  0.3288 ,
 -0.0409 ,  0.0808 , -0.4765 , -1.6576 ,  1.7860 , -0.3199 ,
  0.0812 ,  0.0812 ,  0.1577 , -1.6874 ,  2.5860 ,  0.6692 ,
  0.1200 ,  0.0393 , -0.4748 , -0.8227 ,  1.4232 ,  0.6558 ,
  0.2016 ,  0.0803 , -0.1568 , -3.2194 , -0.3241 ,  0.6522 ,
  0.0388 ,  0.0390 , -0.7928 , -0.0374 ,  0.6736 ,  0.0089 ,
  0.0407 ,  0.0813 ,  0.0003 , -0.1233 ,  0.6696 ,  1.6261 ,
 -0.1227 , -0.0822 , -0.6356 , -1.4062 ,  0.4461 ,  0.3324 ,
  0.0809 ,  0.1216 , -0.1581 , -1.7299 ,  1.3462 , -0.3235 ,
  0.0809 ,  0.1216 , -0.1581 , -0.9551 ,  1.3462 ,  0.0018 ,
 -0.0013 , -0.0417 , -0.4758 , -0.6988 ,  0.6278 ,  0.3306 ,
  0.0001 ,  0.0812 , -0.1588 , -0.8930 ,  3.0947 ,  0.6522 ,
  0.0395 ,  0.1209 , -0.6344 , -1.7150 ,  1.2810 ,  0.9828 ,
  0.0004 ,  0.0815 , -0.0002 , -0.8978 ,  2.4733 ,  0.6505 ,
 -0.0001 ,  0.0405 , -0.1587 , -2.3814 ,  1.2359 ,  0.3270 ,
  0.0802 , -0.0007 , -0.1578 , -0.7707 ,  0.7474 ,  0.3270 ,
  0.0803 ,  0.0805 , -0.3166 , -0.1138 ,  1.9755 ,  0.0036 ,
  0.0402 ,  0.0403 , -0.1583 , -0.8318 ,  2.5433 ,  0.3270 ,
  0.0403 , -0.0002 ,  0.0004 ,  0.7745 ,  0.0629 , -0.0000 ,
  0.0803 ,  0.0805 , -0.3166 , -1.6636 ,  1.3533 , -0.3217 ,
  0.2019 ,  0.0806 ,  0.0019 , -0.8995 , -0.3233 ,  0.6504 ,
  0.0001 ,  0.0812 , -0.1588 , -0.8930 ,  0.6059 ,  0.9775 ,
  0.0402 ,  0.0403 , -0.1583 , -0.0569 ,  2.5433 ,  0.9775 ,
 -0.1203 ,  0.1229 , -0.0014 , -0.9582 ,  2.2767 ,  0.3253 ,
  0.0805 ,  0.0401 , -0.1579 , -0.8322 ,  0.1173 ,  0.3270 ,
  0.0806 , -0.0004 ,  0.0008 , -0.7756 ,  0.1258 , -0.3253 ,
 -0.0011 , -0.0821 , -0.3171 , -0.6422 ,  0.6364 , -0.3217 ,
 -0.0814 ,  0.0402 , -0.4768 , -0.8210 ,  1.1086 ,  0.6558 ,
  0.1207 ,  0.0810 ,  0.1593 ,  0.6418 ,  2.0308 ,  0.9595 ,
 -0.0007 , -0.0006 , -0.3173 , -0.7651 ,  1.8653 ,  0.0036 ,
  0.0385 , -0.0830 , -0.6340 , -1.4076 ,  0.6978 ,  0.3323 ,
 -0.0409 ,  0.0808 , -0.4765 , -0.1079 , -0.7031 ,  0.3306 ,
 -0.0409 , -0.0409 , -0.1590 , -1.4831 ,  1.1887 ,  0.3270 ,
  0.1609 ,  0.0801 , -0.3158 , -0.8894 ,  1.4790 ,  0.6540 ,
 -0.0004 ,  0.1214 , -0.4761 , -0.9446 ,  0.5966 ,  0.6558 ,
  0.0399 , -0.0005 , -0.1582 , -0.7704 ,  0.6844 ,  0.0018 ,
 -0.0005 ,  0.0401 , -0.3174 , -0.0517 , -0.0093 ,  0.3288 ,
  0.0810 ,  0.0811 ,  0.0007 , -0.8985 ,  3.2214 ,  0.6504 ,
  0.0405 ,  0.0406 ,  0.0003 , -0.0618 ,  1.9219 ,  0.9757 ,
  0.2428 , -0.0002 ,  0.4783 , -0.0167 ,  1.0020 ,  0.6451 ,
  0.0803 ,  0.0805 , -0.3166 , -0.1138 ,  1.3533 ,  1.3045 ,
  0.1628 ,  0.0407 ,  0.3165 , -2.4088 ,  3.9701 ,  0.6819 ,
  0.1620 , -0.1217 ,  0.3180 , -1.3567 ,  3.4025 ,  1.9555 ,
  0.1224 , -0.0812 ,  0.1592 , -1.4426 ,  3.3109 ,  1.6378 ,
 -0.0003 , -0.2032 ,  0.3177 ,  1.8472 ,  3.7742 ,  2.2731 ,
  0.0407 , -0.1212 ,  0.1597 ,  0.1805 ,  3.8363 ,  3.1895 ,
  0.0406 , -0.0807 ,  0.1593 ,  0.1193 ,  3.8270 ,  3.1913 ,
 -0.0794 , -0.2819 ,  0.3186 ,  1.1885 ,  7.4143 ,  2.5631 ,
 -0.1606 , -0.2423 ,  0.4726 , -1.9358 ,  9.7799 ,  3.5797 ,
 -0.0384 , -0.3199 ,  1.2673 , -1.0476 , 10.6405 ,  4.2451 ,
  0.0023 , -0.3585 ,  1.5858 ,  0.5222 , 14.4484 ,  4.4705 ,
 -0.1179 , -0.3147 ,  2.5323 , -1.8267 , 18.0159 ,  4.8851 ,
 -0.3190 , -0.3923 ,  2.6929 ,  2.0811 , 22.0696 ,  6.3574 ,
 -0.2779 , -0.4718 ,  3.3250 ,  0.6768 , 26.5295 ,  7.0265 ,
 -0.3576 , -0.5897 ,  3.9603 ,  2.3646 , 32.0505 ,  8.9156 ,
 -0.5577 , -0.5825 ,  5.5408 ,  2.3387 , 40.4680 , 11.4751 ,
 -0.5968 , -0.7807 ,  6.3368 ,  4.9032 , 48.5689 , 13.3463 ,
 -0.6352 , -0.7732 ,  8.3913 ,  2.5941 , 59.7555 , 16.9079 ,
 -0.7139 , -1.0909 ,  9.6620 ,  5.3337 , 72.8328 , 21.0130 ,
 -0.8723 , -1.2829 , 12.0374 ,  6.3558 , 88.8662 , 25.4761 ,
 -1.0301 , -1.5530 , 15.0473 ,  8.2465 ,108.6680 , 31.2023 ,
 -1.0269 , -1.6199 , 18.3729 ,  9.8247 ,131.7888 , 38.8495 ,
 -1.2655 , -1.7271 , 21.5404 , 11.4702 ,152.6754 , 45.2153 ,
 -1.7862 , -1.7101 , 24.8607 , 12.9293 ,178.7004 , 53.8305 ,
 -1.9816 , -2.1368 , 29.3007 , 17.3212 ,204.1117 , 64.2954 ,
 -2.0134 , -2.2810 , 34.3694 , 17.4919 ,230.3873 , 77.3835 ,
 -2.6132 , -2.1789 , 38.4862 , 22.6152 ,256.8877 , 88.4686 ,
 -3.6562 , -1.7494 , 42.5978 , 32.5680 ,279.4986 ,101.0792 ,
 -4.0973 , -1.3323 , 46.2351 , 35.7509 ,299.3523 ,112.2031 ,
 -4.2896 , -1.1944 , 50.6769 , 43.8821 ,313.4236 ,122.5967 ,
 -4.4073 , -0.9818 , 52.8916 , 45.8247 ,326.8899 ,130.2028 ,
 -4.5280 , -0.9740 , 53.9981 , 48.8347 ,336.0518 ,131.7499 ,
 -4.2066 , -0.8930 , 54.0016 , 48.6986 ,339.0078 ,130.1552 ,
 -3.0433 , -1.1908 , 52.2681 , 41.5376 ,337.8150 ,124.2302 ,
 -2.1582 , -2.0489 , 50.6909 , 32.8997 ,337.5038 ,119.6190 ,
 -1.2292 , -2.7467 , 50.3853 , 27.8736 ,334.1675 ,114.2732 ,
 -0.7899 , -2.8725 , 49.2753 , 27.2966 ,334.8244 ,113.3440 ,
 -0.3454 , -2.3046 , 50.2307 , 28.7109 ,335.4294 ,114.2645 ,
 -0.5884 , -1.7765 , 51.3425 , 39.3508 ,336.1382 ,116.9439 ,
 -0.8654 , -1.4840 , 53.2411 , 42.7087 ,340.0104 ,122.2941 ,
 -0.7429 , -1.4407 , 54.1930 , 44.1543 ,343.9172 ,123.8499 ,
 -0.2566 , -1.1958 , 55.1484 , 49.0983 ,344.0036 ,124.7272 ,
  0.5868 , -1.1610 , 54.6795 , 42.9529 ,346.5793 ,123.2276 ,
  1.4716 , -1.6561 , 54.2088 , 37.6005 ,349.3452 ,118.8628 ,
  2.4769 , -2.3540 , 53.7451 , 35.6039 ,351.0911 ,116.9872 ,
  3.2868 , -2.5947 , 53.7539 , 32.1034 ,352.9926 ,116.7235 ,
  3.7265 , -2.2793 , 54.0701 , 33.1892 ,352.4049 ,115.4270 ,
  4.0108 , -1.7872 , 55.3434 , 37.7561 ,355.8277 ,116.3000 ,
  4.3357 , -1.5394 , 56.7713 , 40.4053 ,361.2384 ,121.0322 ,
  4.7010 , -1.3741 , 58.0429 , 44.7075 ,364.2808 ,121.5940 ,
  5.4270 , -1.0518 , 58.5241 , 44.9733 ,365.9576 ,120.9501 ,
  6.1109 , -0.8926 , 58.3730 , 44.7183 ,365.7329 ,120.6390 ,
  7.1175 , -1.3043 , 58.2220 , 44.5606 ,368.0147 ,117.7694 ,
  8.2832 , -1.5993 , 57.2841 , 40.4355 ,365.5427 ,112.7390 ,
  9.1285 , -1.4036 , 56.6554 , 35.5737 ,363.1053 ,110.5738 ,
  9.8947 , -1.0828 , 56.8187 , 35.8438 ,361.0828 ,108.9748 ,
 10.5796 , -0.9617 , 57.1454 , 39.4459 ,362.7250 ,107.3326 ,
 10.8628 , -0.6370 , 57.4650 , 42.7563 ,360.5988 ,107.6005 ,
 11.1465 , -0.1489 , 57.9410 , 43.5342 ,360.2703 ,106.6368 ,
 11.6703 ,  0.1352 , 58.2642 , 47.6592 ,360.4086 ,103.3956 ,
 12.2341 ,  0.1702 , 57.9480 , 43.0415 ,358.7837 ,102.1769 ,
 12.8374 ,  0.1243 , 57.4791 , 41.5851 ,357.2452 ,101.2434 ,
 13.2409 , -0.0026 , 57.1665 , 38.7371 ,354.1854 , 96.8180 ,
 13.4407 ,  0.0759 , 56.3761 , 39.3832 ,350.7281 , 95.2233 ,
 13.6418 ,  0.1963 , 56.3779 , 38.4389 ,351.0047 , 95.5474 ,
 13.2809 ,  0.2428 , 57.1682 , 42.1685 ,353.5285 , 95.8240 ,
 13.0003 ,  0.3263 , 57.6424 , 42.0475 ,353.7014 , 97.0946 ,
 12.5976 ,  0.5345 , 58.2677 , 43.2533 ,356.7957 , 99.3073 ,
 12.2780 ,  0.4980 , 59.0580 , 44.8307 ,360.6506 ,100.2408 ,
 11.7564 ,  0.3825 , 60.0064 , 48.0503 ,363.6239 ,101.1613 ,
 11.4736 ,  0.3440 , 60.1575 , 45.8247 ,366.2861 ,103.7370 ,
 10.9125 ,  0.1465 , 61.2640 , 46.1228 ,369.8471 ,103.7197 ,
 10.7118 ,  0.1521 , 62.2124 , 46.8640 ,377.6606 ,104.9773 ,
 10.1893 ,  0.3236 , 63.4734 , 48.8801 ,384.8692 ,107.8166 ,
  9.5087 ,  0.3756 , 65.3667 , 54.1222 ,392.5271 ,110.9325 ,
  9.1891 ,  0.5052 , 66.7928 , 56.9637 ,400.0641 ,112.1728 ,
  8.9502 ,  0.9195 , 68.6862 , 55.5678 ,408.3098 ,115.9975 ,
  8.5168 ,  1.0119 , 71.6965 , 59.9889 ,414.3947 ,119.1264 ,
  8.1524 ,  1.1858 , 73.1191 , 63.5089 ,428.1203 ,121.9398 ,
  7.7410 ,  1.6785 , 75.3286 , 68.5025 ,438.2848 ,128.8587 ,
  7.6646 ,  2.0504 , 77.2254 , 68.6754 ,446.1848 ,130.4448 ,
  7.4688 ,  2.2226 , 79.6070 , 72.9625 ,455.1738 ,133.2495 ,
  7.4327 ,  2.3507 , 81.3387 , 74.2763 ,460.6364 ,135.1467 ,
  7.5522 ,  2.4763 , 81.9780 , 76.3507 ,469.5390 ,136.3741 ,
  7.8767 ,  2.5591 , 83.0880 , 76.9686 ,472.5123 ,134.7794 ,
  8.2407 ,  2.8041 , 84.1980 , 78.0923 ,478.0094 ,134.7664 ,
  8.4000 ,  2.6017 , 84.3560 , 75.3394 ,483.9215 ,135.4190 ,
  8.7241 ,  2.6448 , 85.4731 , 76.0265 ,485.6501 ,134.1398 ,
  9.0095 ,  2.7668 , 86.4215 , 77.3576 ,486.0477 ,134.1225 ,
  9.3318 ,  3.0129 , 87.2188 , 81.5323 ,491.4757 ,135.6783 ,
  9.4933 ,  3.1763 , 87.6966 , 83.5678 ,491.7004 ,135.3326 ,
  9.8991 ,  3.1365 , 88.8101 , 85.1366 ,493.5328 ,135.6481 ,
 10.5041 ,  3.2956 , 89.1332 , 85.6465 ,493.7921 ,137.2471 ,
 10.7114 ,  3.3781 , 89.7725 , 85.4521 ,494.1033 ,136.9143 ,
 11.1553 ,  3.2542 , 90.2538 , 85.6336 ,494.1897 ,135.6394 ,
 11.5575 ,  3.4144 , 90.2538 , 84.6180 ,494.1897 ,136.5945 ,
 12.0018 ,  3.2896 , 90.7315 , 85.5644 ,492.9969 ,134.3645 ,
 12.3649 ,  3.1249 , 90.7385 , 85.8107 ,491.7350 ,133.7465 ,
 12.6459 ,  3.2876 , 91.2197 , 85.5471 ,494.6219 ,134.0620 ,
 12.6890 ,  3.3688 , 91.5359 , 87.7166 ,490.9225 ,133.4267 ,
 13.0552 ,  3.3699 , 92.9655 , 89.9898 ,493.3081 ,133.4224 ,
 13.1772 ,  3.4917 , 93.1306 , 93.6243 ,492.8241 ,134.1095 ,
 13.1777 ,  3.4106 , 93.4468 , 90.6856 ,493.4637 ,133.4267 ,
 13.4200 ,  3.7761 , 93.7629 , 90.1238 ,493.1525 ,133.4138 ,
 13.6229 ,  3.6560 , 94.2371 , 91.8222 ,495.3652 ,134.3732 ,
 13.5843 ,  3.6174 , 95.0310 , 94.1688 ,497.7680 ,134.0707 ,
 13.5860 ,  3.7401 , 95.5087 , 95.5129 ,497.7508 ,134.7232 ,
 13.6686 ,  3.7001 , 96.1445 , 95.5561 ,497.2322 ,135.0301 ,
 13.6304 ,  3.7836 , 96.9383 , 96.1914 ,498.9781 ,135.0214 ,
 13.7125 ,  3.8261 , 97.8832 , 97.6434 ,500.3437 ,135.3196 ,
 13.6326 ,  3.9899 , 98.0448 , 97.3841 ,502.0378 ,135.9506 ,
 13.6730 ,  4.1133 , 98.1994 , 99.4845 ,503.3170 ,136.2877 ,
 13.7173 ,  4.0742 , 99.3164 ,101.8354 ,503.9912 ,136.2963 ,
 13.4771 ,  4.1996 , 99.7906 ,103.1752 ,505.4606 ,136.6248 ,
 13.5597 ,  4.3227 ,100.2613 ,105.2712 ,506.1693 ,137.2730 ,
 13.6005 ,  4.4044 ,100.7390 ,104.3809 ,506.2212 ,136.9446 ,
 13.5223 ,  4.5298 ,101.5329 ,106.4769 ,509.1426 ,136.3179 ,
 13.6040 ,  4.5704 ,102.0106 ,107.9592 ,509.2463 ,136.6248 ,
 13.6053 ,  4.6916 ,102.1686 ,107.0387 ,507.3794 ,136.6248 ,
 13.5281 ,  4.7739 ,102.9625 ,108.4821 ,504.7173 ,136.6161 ,
 13.6084 ,  4.9765 ,102.9625 ,108.1753 ,504.7864 ,135.6697 ,
 13.6910 ,  4.9785 ,103.5948 ,108.1623 ,506.7744 ,134.3818 ,
 13.7331 ,  5.1401 ,103.7599 ,111.0017 ,504.2678 ,134.4034 ,
 13.7353 ,  5.3032 ,104.5502 ,110.7942 ,501.7267 ,135.0128 ,
 13.7739 ,  5.5465 ,104.0760 ,110.3966 ,503.0059 ,133.4440 ,
 13.8165 ,  5.6676 ,104.7083 ,111.0146 ,501.1389 ,133.1156 ,
 13.8982 ,  5.7888 ,104.5502 ,113.9188 ,498.1311 ,132.8347 ,
 14.0593 ,  5.9910 ,104.5502 ,111.2912 ,498.9435 ,132.1778 ,
 14.2626 ,  6.1522 ,105.1895 ,112.6309 ,495.4689 ,129.9608 ,
 14.3851 ,  6.1519 ,105.6672 ,112.6439 ,495.0540 ,129.9348 ,
 14.4255 ,  6.2738 ,105.6672 ,114.7701 ,493.8094 ,129.9521 ,
 14.3478 ,  6.5596 ,106.3030 ,115.8851 ,494.2070 ,129.3255 ,
 14.5906 ,  6.8024 ,106.7772 ,117.0563 ,493.8786 ,129.3255 ,
 14.7531 ,  6.8839 ,107.4200 ,120.0382 ,490.9744 ,129.9824 ,
 14.9155 ,  6.9230 ,107.2585 ,118.4608 ,489.3667 ,128.3834 ,
 14.9586 ,  7.0455 ,108.2104 ,118.3053 ,488.7790 ,128.6859 ,
 15.2791 ,  7.2475 ,108.0558 ,118.7374 ,489.8508 ,128.0592 ,
 15.5715 ,  7.1256 ,109.0113 ,118.3398 ,489.7470 ,128.0376 ,
 15.5742 ,  7.2887 ,109.4890 ,119.6536 ,486.5663 ,127.4110 ,
 15.6954 ,  7.3291 ,109.6541 ,121.1273 ,486.1169 ,128.6772 ,
 15.7375 ,  7.4099 ,109.9702 ,121.7885 ,485.5118 ,126.8060 ,
 15.9017 ,  7.4507 ,111.0837 ,120.2154 ,485.1488 ,127.3894 ,
 15.8622 ,  7.4920 ,111.2383 ,124.0012 ,484.4401 ,127.4326 ,
 15.9860 ,  7.5741 ,112.0321 ,122.3503 ,483.9560 ,127.3980 ,
 16.0668 ,  7.4538 ,112.5099 ,124.0747 ,484.7685 ,128.3488 ,
 16.1494 ,  7.5342 ,112.8330 ,126.2614 ,484.2153 ,128.3574 ,
 16.3118 ,  7.5754 ,113.6234 ,124.6624 ,486.3243 ,128.6383 ,
 16.1933 ,  7.4543 ,114.1011 ,124.8655 ,484.9241 ,129.6021 ,
 16.3952 ,  7.4147 ,114.7334 ,126.4559 ,486.4799 ,130.2330 ,
 16.3566 ,  7.4565 ,115.3691 ,125.6218 ,487.0331 ,130.2114 ,
 16.4795 ,  7.3344 ,116.3176 ,126.5899 ,487.2232 ,131.1622 ,
 16.5208 ,  7.2966 ,116.7953 ,130.4837 ,489.7816 ,132.1216 ,
 16.6446 ,  7.3370 ,117.4346 ,129.6626 ,488.7271 ,133.6947 ,
 16.6051 ,  7.2172 ,118.3830 ,129.8570 ,489.8853 ,135.2505 ,
 16.6078 ,  7.1792 ,119.1768 ,130.6695 ,491.7696 ,136.5124 ,
 16.5674 ,  7.1779 ,119.5000 ,131.4733 ,488.5888 ,136.2099 ,
 16.6499 ,  6.8942 ,119.9777 ,131.9055 ,490.0236 ,137.4675 ,
 16.6894 ,  6.9383 ,120.6030 ,131.8104 ,493.7921 ,139.0449 ,
 16.7325 ,  6.7757 ,121.5654 ,132.8347 ,493.8786 ,140.6007 ,
 16.5744 ,  6.6562 ,122.0361 ,133.7941 ,494.2761 ,141.2316 ,
 16.6174 ,  6.6997 ,123.3077 ,133.7422 ,494.3280 ,141.2187 ,
 16.5770 ,  6.5779 ,123.7784 ,133.1545 ,496.1431 ,143.1072 ,
 16.7781 ,  6.4575 ,124.1016 ,133.3100 ,498.3558 ,145.0001 ,
 16.6596 ,  6.4593 ,124.8884 ,133.3014 ,500.6549 ,146.5646 ,
 16.7834 ,  6.3379 ,125.6893 ,134.2392 ,500.8796 ,148.1117 ,
 16.6631 ,  6.3001 ,126.3216 ,135.0603 ,501.3118 ,149.0452 ,
 16.7851 ,  6.2597 ,127.1154 ,135.0992 ,501.5192 ,150.2812 ,
 16.6675 ,  6.1412 ,128.3800 ,134.4985 ,504.4752 ,151.1887 ,
 16.6280 ,  6.1023 ,128.8577 ,135.3196 ,505.6162 ,152.1308 ,
 16.7509 ,  6.1052 ,129.9677 ,135.2807 ,508.2956 ,152.0790 ,
 16.8738 ,  5.9410 ,130.5999 ,137.0526 ,507.3102 ,153.3582 ,
 16.7931 ,  5.8211 ,131.5554 ,137.9904 ,509.0562 ,153.9719 ,
 16.8747 ,  5.6617 ,132.1947 ,139.7623 ,512.3061 ,156.5044 ,
 16.8765 ,  5.6222 ,132.9815 ,138.2627 ,513.5853 ,157.0835 ,
 16.9994 ,  5.5827 ,134.0915 ,137.5280 ,515.0028 ,158.3022 ,
 17.1206 ,  5.4226 ,134.5692 ,139.3042 ,517.7168 ,158.0083 ,
 17.1224 ,  5.3434 ,135.6792 ,140.1685 ,517.7168 ,160.1778 ,
 17.2040 ,  5.2224 ,136.6347 ,141.1020 ,519.7220 ,158.8986 ,
 17.2040 ,  5.2224 ,136.6347 ,140.3284 ,520.9667 ,160.1605 ,
 17.2049 ,  5.1443 ,137.1124 ,138.8979 ,524.1474 ,161.7249 ,
 17.2892 ,  4.9410 ,138.2224 ,142.2688 ,524.2684 ,162.3472 ,
 17.3279 ,  4.9039 ,138.8547 ,142.3034 ,527.4319 ,162.9695 ,
 17.4122 ,  4.9032 ,139.8031 ,140.7476 ,526.9651 ,164.4908 ,
 17.4543 ,  4.7043 ,140.7585 ,144.8705 ,530.7682 ,164.5253 ,
 17.4956 ,  4.5825 ,141.3908 ,142.7356 ,531.5288 ,165.7268 ,
 17.5369 ,  4.6244 ,142.3462 ,144.2049 ,531.5634 ,166.3491 ,
 17.6185 ,  4.5030 ,142.6624 ,145.9163 ,532.9636 ,166.6775 ,
 17.5404 ,  4.5069 ,143.7723 ,145.8904 ,535.3318 ,168.2247 ,
 17.5404 ,  4.3447 ,143.9269 ,144.5939 ,536.6111 ,168.2074 ,
 17.4605 ,  4.4703 ,144.8823 ,145.9163 ,538.3051 ,169.4607 ,
 17.5017 ,  4.1857 ,145.5146 ,147.8783 ,539.0312 ,170.4028 ,
 17.5044 ,  4.3094 ,145.9923 ,148.4488 ,541.5205 ,170.4114 ,
 17.4648 ,  4.1495 ,146.7792 ,150.2207 ,542.7478 ,171.9845 ,
 17.4666 ,  4.2727 ,147.7346 ,146.9362 ,543.3356 ,172.2006 ,
 17.5070 ,  4.1517 ,148.0578 ,147.1177 ,545.2717 ,172.8316 ,
 17.5096 ,  4.1550 ,149.1678 ,148.6217 ,547.1559 ,173.1600 ,
 17.3788 ,  4.1519 ,150.5939 ,152.6235 ,548.2795 ,174.0935 ,
 17.4201 ,  4.2325 ,151.0716 ,151.7246 ,548.9710 ,174.6985 ,
 17.4622 ,  4.1140 ,152.1816 ,152.6494 ,551.5294 ,174.9924 ,
 17.4622 ,  4.1146 ,152.3362 ,151.8715 ,553.3964 ,175.9086 ,
 17.4640 ,  4.1170 ,153.1300 ,155.6919 ,555.2115 ,175.9518 ,
 17.3849 ,  4.2007 ,153.7693 ,152.4766 ,556.9920 ,176.5136 ,
 17.4280 ,  4.3245 ,155.0339 ,151.4999 ,557.6143 ,177.1014 ,
 17.3077 ,  4.1642 ,155.5116 ,154.8103 ,559.3775 ,177.4298 ,
 17.4701 ,  4.2057 ,156.1439 ,153.9632 ,561.4865 ,178.3546 ,
 17.3507 ,  4.2903 ,156.9377 ,153.0470 ,563.1114 ,178.0175 ,
 17.3112 ,  4.2920 ,157.4154 ,155.3462 ,564.3042 ,177.7150 ,
 17.4350 ,  4.2929 ,158.5254 ,156.0981 ,564.5635 ,178.3114 ,
 17.3946 ,  4.2946 ,159.0032 ,154.5337 ,566.3613 ,179.2363 ,
 17.1952 ,  4.4602 ,159.6284 ,155.8215 ,568.4876 ,179.8586 ,
 17.3577 ,  4.5405 ,160.2677 ,157.2131 ,569.3865 ,180.1524 ,
 17.2796 ,  4.5842 ,161.0545 ,158.6738 ,572.3598 ,178.9078 ,
 17.2796 ,  4.6257 ,161.3777 ,157.0575 ,573.6044 ,178.8905 ,
 17.3217 ,  4.7906 ,162.1645 ,158.3454 ,572.3252 ,179.4956 ,
 17.3226 ,  4.7915 ,162.4877 ,159.8752 ,575.4714 ,180.1352 ,
 17.2866 ,  4.8716 ,163.2745 ,160.5062 ,574.1922 ,180.4463 ,
 17.2049 ,  4.9568 ,163.7522 ,161.1372 ,577.1309 ,180.7575 ,
 17.1733 ,  5.0376 ,164.2300 ,159.5554 ,575.2294 ,179.4610 ,
 17.2119 ,  4.9987 ,164.8622 ,161.9237 ,577.1655 ,180.7143 ,
 17.2541 ,  5.2437 ,165.3400 ,163.0646 ,579.1016 ,180.0919 ,
 17.0539 ,  5.3256 ,165.8106 ,162.1571 ,578.7558 ,180.0574 ,
 17.0143 ,  5.2470 ,166.6045 ,163.0387 ,578.7212 ,180.0487 ,
 17.0565 ,  5.5328 ,167.0822 ,161.0507 ,579.9659 ,180.0142 ,
 16.8993 ,  5.6163 ,167.5529 ,164.7760 ,580.3116 ,180.0401 ,
 16.8993 ,  5.5743 ,167.7145 ,164.8365 ,580.3116 ,179.7289 ,
 16.8615 ,  5.6993 ,168.6629 ,163.0906 ,579.6202 ,179.3486 ,
 16.7816 ,  5.9026 ,169.3022 ,165.0872 ,580.7265 ,180.3080 ,
 16.7843 ,  5.9853 ,169.7799 ,165.7181 ,580.6919 ,179.0375 ,
 16.7456 ,  6.0277 ,170.2577 ,164.8624 ,581.2451 ,179.3227 ,
 16.5463 ,  6.0288 ,170.8829 ,166.4009 ,580.3116 ,179.3227 ,
 16.6657 ,  6.1113 ,170.8899 ,165.5020 ,581.1068 ,179.3227 ,
 16.6280 ,  6.1526 ,171.6838 ,167.7407 ,581.0722 ,179.0029 ,
 16.5480 ,  6.2749 ,171.6838 ,167.5505 ,581.5563 ,178.3719 ,
 16.5498 ,  6.3974 ,172.6322 ,168.1296 ,580.8994 ,179.5993 ,
 16.5094 ,  6.4404 ,172.6322 ,168.0691 ,582.0403 ,179.2968 ,
 16.4321 ,  6.4819 ,173.4261 ,169.5298 ,580.6919 ,178.6485 ,
 16.4321 ,  6.6042 ,173.5806 ,170.1089 ,581.9020 ,178.9770 ,
 16.4330 ,  6.6453 ,173.7352 ,171.5956 ,580.6919 ,178.9770 ,
 16.3952 ,  6.6861 ,174.3745 ,170.7485 ,580.0005 ,179.2363 ,
 16.2363 ,  6.8099 ,174.6906 ,171.3276 ,581.5563 ,179.2449 ,
 16.2776 ,  6.7689 ,175.3229 ,172.1574 ,578.5138 ,179.2017 ,
 16.3188 ,  6.8505 ,175.6390 ,170.4719 ,580.4153 ,178.5448 ,
 16.3188 ,  6.8106 ,175.8006 ,171.3103 ,581.0722 ,178.5534 ,
 16.1581 ,  6.8525 ,175.9552 ,171.2585 ,580.8302 ,178.8646 ,
 16.1590 ,  6.9353 ,176.4329 ,173.4280 ,581.3834 ,177.9225 ,
 16.1204 ,  6.9776 ,176.9036 ,171.8030 ,580.7611 ,178.5102 ,
 16.1608 ,  7.0586 ,176.9036 ,173.2292 ,579.5510 ,178.5275 ,
 16.1204 ,  6.9776 ,176.9036 ,171.8030 ,580.7611 ,178.1991 ,
 16.0809 ,  6.9776 ,177.5429 ,173.3502 ,580.0696 ,179.1498 ,
 16.0431 ,  7.0204 ,178.1751 ,172.4945 ,580.0350 ,178.7954 ,
 16.0431 ,  7.1010 ,178.0136 ,173.9293 ,580.5882 ,178.5016 ,
 16.0440 ,  7.2229 ,178.6458 ,171.4141 ,579.4127 ,179.0807 ,
 15.8842 ,  7.1050 ,178.9620 ,173.9033 ,580.4153 ,179.1066 ,
 15.8842 ,  7.1028 ,178.9620 ,174.6899 ,579.7584 ,179.1066 ,
 15.7638 ,  7.0646 ,179.4397 ,176.2716 ,579.5856 ,179.4523 ,
 15.8859 ,  7.1473 ,180.2335 ,175.3641 ,579.1361 ,179.0720 ,
 15.8069 ,  7.2303 ,180.7042 ,175.2344 ,580.8994 ,179.3832 ,
 15.6462 ,  7.1484 ,180.8658 ,175.3641 ,579.4473 ,180.0055 ,
 15.6462 ,  7.0677 ,181.0274 ,175.4851 ,580.0696 ,180.9390 ,
 15.7674 ,  6.9869 ,181.3506 ,177.9311 ,578.9978 ,180.3512 ,
 15.5671 ,  7.1509 ,181.4981 ,176.8853 ,578.6521 ,180.9303 ,
 15.4872 ,  7.0712 ,181.8142 ,175.4678 ,578.5830 ,180.5933 ,
 15.4872 ,  6.9098 ,182.1444 ,178.0348 ,579.7930 ,181.5613 ,
 15.4495 ,  7.1127 ,182.7767 ,179.2449 ,580.3808 ,180.9476 ,
 15.5303 ,  7.1535 ,183.0928 ,180.7315 ,579.2398 ,182.2096 ,
 15.2089 ,  7.0336 ,183.0788 ,177.0495 ,579.4127 ,181.8379 ,
 15.2519 ,  6.9939 ,183.4090 ,178.6658 ,577.5803 ,182.4688 ,
 15.1316 ,  6.9531 ,183.8867 ,180.2648 ,578.6521 ,181.8379 ,
 15.2132 ,  6.9943 ,184.1958 ,180.9736 ,578.7904 ,183.1085 ,
 15.0525 ,  6.9129 ,184.5190 ,178.7868 ,577.9261 ,183.6616 ,
 15.1333 ,  6.8727 ,184.8281 ,179.5993 ,578.0644 ,183.0566 ,
 14.8918 ,  6.9544 ,184.5190 ,179.4869 ,577.0272 ,183.6789 ,
 14.9735 ,  6.9563 ,185.3058 ,181.0254 ,577.1655 ,184.2926 ,
 14.8137 ,  6.9175 ,185.6290 ,178.7522 ,578.7904 ,184.8976 ,
 14.7733 ,  7.0395 ,185.6149 ,182.4256 ,578.0989 ,185.5891 ,
 14.8541 ,  6.9159 ,185.9381 ,179.5301 ,577.6495 ,184.8890 ,
 14.7338 ,  6.7546 ,186.0926 ,182.8751 ,576.8197 ,185.8916 ,
 14.6547 ,  6.7555 ,186.8935 ,183.6357 ,575.4714 ,186.5053 ,
 14.6547 ,  6.7170 ,186.8935 ,180.6192 ,576.7506 ,186.4448 ,
 14.6143 ,  6.7173 ,186.8935 ,181.3798 ,576.0591 ,185.8138 ,
 14.5344 ,  6.7566 ,187.0481 ,180.5500 ,574.6762 ,186.4275 ,
 14.5379 ,  6.6347 ,187.8349 ,183.0566 ,572.8784 ,187.6808 ,
 14.5379 ,  6.7173 ,187.5258 ,182.9269 ,573.5007 ,187.3696 ,
 14.4975 ,  6.6756 ,187.8349 ,183.7740 ,572.1869 ,187.3869 ,
 14.4589 ,  6.6773 ,188.3126 ,183.7567 ,573.3624 ,187.9833 ,
 14.4589 ,  6.6773 ,188.3126 ,182.2182 ,570.9077 ,188.5883 ,
 14.3790 ,  6.5574 ,188.7903 ,182.3997 ,571.3917 ,188.2599 ,
 14.3386 ,  6.5954 ,188.6358 ,182.3392 ,568.8679 ,188.8908 ,
 14.2995 ,  6.6382 ,189.2681 ,183.8086 ,569.3865 ,187.6289 ,
 14.2982 ,  6.4749 ,188.9449 ,184.8458 ,566.3440 ,189.1847 ,
 14.2178 ,  6.4343 ,188.7903 ,184.9235 ,566.8281 ,189.5045 ,
 14.2187 ,  6.5574 ,189.2681 ,183.1690 ,567.4158 ,189.4786 ,
 14.1792 ,  6.5559 ,189.4226 ,183.1776 ,566.1193 ,190.0836 ,
 13.9799 ,  6.3950 ,189.5772 ,182.6676 ,564.0276 ,189.1242 ,
 14.0607 ,  6.3945 ,189.5772 ,182.6676 ,563.5263 ,190.6800 ,
 13.9812 ,  6.4747 ,189.7388 ,184.0851 ,560.8642 ,190.3515 ,
 13.9399 ,  6.3526 ,189.5772 ,182.7368 ,560.8296 ,190.3515 ,
 13.8205 ,  6.3144 ,190.2165 ,184.3358 ,558.1156 ,190.2824 ,
 13.7397 ,  6.3550 ,190.0619 ,184.2753 ,557.9946 ,189.9626 ,
 13.7388 ,  6.3533 ,189.4156 ,181.9848 ,556.1276 ,190.5849 ,
 13.7388 ,  6.3537 ,189.5842 ,185.8397 ,556.1276 ,191.5962 ,
 13.6611 ,  6.3122 ,189.9003 ,185.1396 ,553.5174 ,191.8296 ,
 13.6176 ,  6.3513 ,189.2681 ,185.0878 ,553.4309 ,191.8901 ,
 13.4986 ,  6.2292 ,188.9449 ,184.5173 ,548.8673 ,191.1899 ,
 13.4587 ,  6.2705 ,189.1135 ,182.1404 ,548.8327 ,191.7863 ,
 13.3392 ,  6.2707 ,189.7458 ,182.8924 ,548.0548 ,191.4579 ,
 13.3384 ,  6.2288 ,189.2681 ,183.7394 ,546.7756 ,192.7285 ,
 13.0560 ,  6.2297 ,188.9449 ,182.2182 ,544.4592 ,192.0716 ,
 13.0969 ,  6.2294 ,188.9449 ,182.9874 ,543.9406 ,192.0716 ,
 13.1364 ,  6.2288 ,188.7903 ,183.0047 ,540.2067 ,192.3568 ,
 12.9753 ,  6.1058 ,188.7903 ,184.7507 ,538.7719 ,192.0543 ,
 13.0148 ,  6.1853 ,188.3126 ,183.0825 ,538.2187 ,193.9385 ,
 12.7759 ,  6.2273 ,188.3056 ,185.3557 ,534.0526 ,193.6014 ,
 12.8159 ,  6.1860 ,188.1510 ,183.8777 ,534.7441 ,192.3395 ,
 12.6556 ,  6.1882 ,188.6288 ,184.6383 ,533.2747 ,192.6420 ,
 12.6538 ,  6.2281 ,187.5188 ,185.3816 ,530.1459 ,193.2903 ,
 12.6543 ,  6.2268 ,187.8279 ,186.1509 ,529.4890 ,192.9705 ,
 12.5726 ,  6.0233 ,187.5188 ,184.9235 ,527.5529 ,193.5669 ,
 12.5331 ,  6.1028 ,187.6733 ,185.5804 ,526.2218 ,193.8780 ,
 12.3715 ,  6.1855 ,187.0410 ,187.0152 ,525.9279 ,193.6014 ,
 12.4145 ,  6.0626 ,187.5188 ,185.6669 ,521.6754 ,194.1200 ,
 12.2134 ,  6.1445 ,187.3502 ,184.7766 ,520.7074 ,193.4804 ,
 12.1327 ,  6.1849 ,187.0340 ,184.7334 ,518.0971 ,194.1027 ,
 12.2130 ,  6.1838 ,186.8724 ,183.9555 ,516.3684 ,193.7829 ,
 12.1318 ,  6.1816 ,186.7249 ,186.2978 ,514.3459 ,193.4631 ,
 12.0514 ,  6.1008 ,186.7249 ,186.4275 ,513.6199 ,194.0941 ,
 11.9706 ,  6.1010 ,186.5633 ,185.6582 ,511.0096 ,194.6905 ,
 11.8126 ,  6.2215 ,186.5633 ,184.7075 ,507.6560 ,194.0336 ,
 11.9338 ,  6.2213 ,186.7249 ,185.4854 ,504.7173 ,193.9731 ,
 11.8512 ,  6.2191 ,185.7765 ,183.9555 ,504.5617 ,193.7138 ,
 11.8113 ,  6.1792 ,185.9310 ,185.5718 ,500.7932 ,194.6127 ,
 11.6905 ,  6.1772 ,185.7765 ,184.8198 ,498.1138 ,193.6360 ,
 11.6497 ,  6.1366 ,185.6079 ,184.1111 ,495.5381 ,194.2410 ,
 11.6106 ,  6.2589 ,185.7695 ,184.6988 ,494.2243 ,193.6014 ,
 11.6106 ,  6.2567 ,185.7695 ,183.9382 ,493.6193 ,193.2730 ,
 11.4104 ,  6.2161 ,185.2917 ,184.7853 ,491.4411 ,193.9212 ,
 11.5302 ,  6.0931 ,185.1302 ,186.5226 ,489.7989 ,194.5522 ,
 11.4499 ,  6.2150 ,184.9756 ,185.5804 ,486.5317 ,194.5176 ,
 11.4091 ,  6.2949 ,184.4979 ,185.4594 ,485.8403 ,194.2151 ,
 11.3682 ,  6.2521 ,184.3433 ,183.9901 ,482.0026 ,194.4744 ,
 11.2075 ,  6.2123 ,184.3363 ,185.6064 ,481.1556 ,193.5496 ,
 11.2080 ,  6.2534 ,184.4979 ,184.7853 ,479.2714 ,194.4485 ,
 11.0082 ,  6.3324 ,184.0342 ,186.9979 ,475.2263 ,193.8434 ,
 11.0490 ,  6.2512 ,184.1818 ,184.0333 ,474.0508 ,193.4458 ,
 11.0477 ,  6.3311 ,183.7111 ,185.4681 ,471.5442 ,194.3880 ,
 11.0082 ,  6.3296 ,183.8656 ,183.1517 ,469.0031 ,193.7138 ,
 10.9669 ,  6.2878 ,183.3949 ,186.3324 ,467.0497 ,193.4718 ,
 10.9669 ,  6.3282 ,183.2333 ,186.2892 ,463.2985 ,194.0768 ,
 10.9287 ,  6.2878 ,183.2333 ,186.3497 ,462.6589 ,194.6818 ,
 10.7276 ,  6.3678 ,183.0718 ,184.6815 ,461.0686 ,193.6965 ,
 10.7311 ,  6.3684 ,183.0718 ,185.1915 ,457.3692 ,193.9817 ,
 10.6099 ,  6.4062 ,182.5940 ,184.3877 ,454.0502 ,194.2670 ,
 10.6494 ,  6.4053 ,182.2849 ,184.4050 ,452.8920 ,193.3421 ,
 10.5695 ,  6.4874 ,182.4395 ,184.2753 ,450.2644 ,193.3076 ,
 10.4879 ,  6.4459 ,181.9618 ,185.1310 ,448.2765 ,193.6274 ,
 10.4101 ,  6.3232 ,182.2849 ,185.3298 ,445.0784 ,193.5841 ,
 10.3280 ,  6.4832 ,181.1679 ,186.6522 ,443.6437 ,192.7025 ,
 10.2881 ,  6.4839 ,181.3295 ,185.1051 ,441.0852 ,192.9705 ,
 10.2082 ,  6.5249 ,181.3295 ,185.8225 ,439.0973 ,193.5841 ,
 10.2077 ,  6.5625 ,181.0063 ,183.4542 ,437.2303 ,193.5236 ,
 10.0461 ,  6.5221 ,180.6902 ,184.3099 ,434.5163 ,192.8927 ,
  9.9658 ,  6.6846 ,180.5286 ,181.7428 ,432.4765 ,193.4804 ,
 10.1278 ,  6.6018 ,180.3811 ,185.7447 ,430.8688 ,192.5815 ,
  9.7660 ,  6.3994 ,180.5427 ,185.3039 ,425.3717 ,193.4631 ,
  9.8051 ,  6.4791 ,180.0649 ,183.6443 ,424.1444 ,193.7484 ,
  9.8451 ,  6.5164 ,179.7418 ,185.1483 ,421.7242 ,193.4458 ,
  9.7261 ,  6.5166 ,179.5872 ,184.3877 ,417.8002 ,193.3940 ,
  9.7665 ,  6.5572 ,179.5872 ,184.3272 ,417.2643 ,193.3940 ,
  9.5654 ,  6.5963 ,179.4256 ,183.5060 ,412.5623 ,194.2583 ,
  9.5245 ,  6.5552 ,179.1095 ,184.3617 ,411.8881 ,193.6533 ,
  9.5645 ,  6.6358 ,178.9479 ,181.9243 ,409.4507 ,192.9878 ,
  9.4437 ,  6.6338 ,178.7934 ,183.4801 ,406.7713 ,194.2237 ,
  9.4047 ,  6.5541 ,178.4702 ,185.1742 ,406.0971 ,193.9385 ,
  9.3243 ,  6.6756 ,178.1541 ,184.2234 ,403.4523 ,193.2989 ,
  9.2861 ,  6.7144 ,178.1541 ,184.9495 ,399.6319 ,193.8953 ,
  9.3656 ,  6.5917 ,177.9925 ,186.7041 ,397.9206 ,194.2151 ,
  9.3669 ,  6.6736 ,178.3156 ,185.7965 ,398.5429 ,194.5090 ,
  9.1640 ,  6.6321 ,177.5148 ,185.0964 ,396.3648 ,194.1978 ,
  9.0433 ,  6.6714 ,177.5148 ,184.2839 ,392.4407 ,194.1373 ,
  9.0837 ,  6.7116 ,177.3602 ,184.2321 ,393.7372 ,194.4917 ,
  9.0846 ,  6.7934 ,177.6834 ,184.8717 ,389.3637 ,194.0855 ,
  8.9239 ,  6.7109 ,176.8895 ,183.4801 ,387.2547 ,194.4053 ,
  9.0055 ,  6.7500 ,177.2127 ,184.1889 ,386.7707 ,194.6991 ,
  8.8444 ,  6.7098 ,177.0511 ,185.0273 ,383.3825 ,195.0016 ,
  8.8817 ,  6.6666 ,176.0957 ,185.1310 ,382.8639 ,195.3387 ,
  8.7632 ,  6.8288 ,176.5734 ,185.6582 ,380.1153 ,195.6240 ,
  8.7223 ,  6.7882 ,176.4118 ,184.1802 ,378.1965 ,195.2609 ,
  8.6811 ,  6.8277 ,175.9411 ,184.1197 ,377.5051 ,195.2782 ,
  8.6815 ,  6.7873 ,176.0957 ,186.5226 ,374.4108 ,195.9005 ,
  8.6047 ,  6.8681 ,176.5734 ,185.6150 ,374.2725 ,195.8660 ,
  8.5225 ,  6.7052 ,176.0957 ,184.3272 ,372.3018 ,194.9152 ,
  8.5239 ,  6.7877 ,176.5734 ,184.1975 ,369.2075 ,195.4597 ,
  8.5230 ,  6.8270 ,176.0957 ,185.7014 ,369.1902 ,195.8400 ,
  8.5221 ,  6.8257 ,175.6179 ,184.1543 ,367.9456 ,196.7649 ,
  8.3210 ,  6.7436 ,175.6179 ,185.0791 ,365.7675 ,196.4364 ,
  8.3614 ,  6.8648 ,175.4564 ,184.9149 ,363.9524 ,196.4105 ,
  8.2402 ,  6.7034 ,175.6179 ,187.4647 ,364.4191 ,197.0760 ,
  8.2007 ,  6.7853 ,175.7725 ,186.5744 ,362.4657 ,197.3267 ,
  8.1625 ,  6.7836 ,175.7725 ,186.5917 ,360.5469 ,197.6119 ,
  8.1217 ,  6.7021 ,175.6109 ,185.9435 ,359.2504 ,197.9317 ,
  8.0014 ,  6.7030 ,175.6109 ,187.4993 ,355.9141 ,198.2170 ,
  7.9618 ,  6.8253 ,175.7725 ,185.7533 ,355.8622 ,197.2575 ,
  8.0014 ,  6.7032 ,175.7725 ,185.9435 ,355.9314 ,197.8799 ,
  7.9614 ,  6.7414 ,175.6109 ,185.9002 ,353.4075 ,198.7961 ,
  7.8802 ,  6.7008 ,175.2948 ,184.4309 ,352.0246 ,198.1651 ,
  7.7590 ,  6.7412 ,174.9857 ,186.7041 ,352.4568 ,198.2170 ,
  7.6791 ,  6.6617 ,175.4634 ,186.8251 ,350.4861 ,198.4244 ,
  7.7199 ,  6.7019 ,175.4634 ,187.5425 ,348.6537 ,198.3812 ,
  7.5978 ,  6.6586 ,174.9857 ,186.8424 ,347.2535 ,198.3725 ,
  7.5583 ,  6.7807 ,174.9857 ,186.6609 ,345.3174 ,199.2542 ,
  7.5179 ,  6.7001 ,175.1402 ,186.7819 ,346.4756 ,198.9689 ,
  7.4780 ,  6.7010 ,175.2948 ,185.2434 ,343.3121 ,199.1159 ,
  7.3572 ,  6.6584 ,175.1402 ,188.4241 ,340.6327 ,200.3605 ,
  7.3572 ,  6.6185 ,175.2948 ,186.1509 ,339.4054 ,199.8938 ,
  7.2760 ,  6.6990 ,174.8241 ,188.3636 ,338.6448 ,199.6604 ,
  7.1961 ,  6.6997 ,174.9786 ,188.3722 ,337.2791 ,200.5420 ,
  7.3577 ,  6.7399 ,175.1402 ,185.9867 ,334.4268 ,200.1012 ,
  7.1552 ,  6.5757 ,174.8241 ,188.5797 ,332.8710 ,200.7322 ,
  7.1557 ,  6.6573 ,174.9786 ,187.6894 ,331.6264 ,200.9396 ,
  6.9577 ,  6.6995 ,175.1332 ,188.3895 ,329.4483 ,200.8704 ,
  6.9572 ,  6.6589 ,175.1332 ,190.7751 ,330.6929 ,201.9076 ,
  6.9548 ,  6.6584 ,174.9786 ,188.4587 ,330.0533 ,201.8299 ,
  7.0380 ,  6.6567 ,175.2948 ,186.9115 ,326.4577 ,201.3458 ,
  6.7561 ,  6.6578 ,174.9786 ,188.4846 ,326.0255 ,202.0114 ,
  6.8365 ,  6.5765 ,175.1332 ,187.8277 ,324.2969 ,201.6397 ,
  6.7563 ,  6.5772 ,175.2878 ,187.8277 ,322.9139 ,202.4695 ,
  6.7151 ,  6.5357 ,174.8100 ,189.4440 ,323.4844 ,201.3458 ,
  6.5954 ,  6.5779 ,175.1332 ,188.6142 ,321.4273 ,201.2248 ,
  6.5552 ,  6.5759 ,175.1332 ,188.6229 ,320.1135 ,202.4262 ,
  6.5550 ,  6.5754 ,174.9786 ,190.1873 ,316.3796 ,202.6423 ,
  6.5146 ,  6.6567 ,174.8100 ,188.5105 ,317.5551 ,203.6104 ,
  6.3941 ,  6.5765 ,174.9716 ,188.6402 ,317.3822 ,202.6510 ,
  6.3530 ,  6.5355 ,174.6555 ,189.4786 ,314.8065 ,203.2301 ,
  6.2330 ,  6.5750 ,174.8100 ,190.2133 ,313.3890 ,203.8005 ,
  6.3133 ,  6.4551 ,174.9716 ,190.3775 ,314.1669 ,203.8178 ,
  6.1124 ,  6.5353 ,174.8100 ,190.2738 ,311.3492 ,203.7055 ,
  6.0714 ,  6.4940 ,174.4939 ,191.1122 ,310.6577 ,204.6562 ,
  6.0325 ,  6.5768 ,174.9716 ,190.9912 ,308.7389 ,203.9302 ,
  5.9930 ,  6.6584 ,175.1262 ,189.3143 ,307.4251 ,204.1722 ,
  5.9113 ,  6.5364 ,174.8030 ,189.4959 ,307.9264 ,204.5179 ,
  5.8709 ,  6.5361 ,174.6485 ,190.2910 ,306.5954 ,204.8118 ,
  5.7906 ,  6.4538 ,174.8030 ,189.6428 ,304.6593 ,205.0020 ,
  5.7901 ,  6.4128 ,174.6485 ,191.2677 ,304.0024 ,205.3477 ,
  5.7508 ,  6.4545 ,174.9716 ,188.8822 ,302.1009 ,204.9069 ,
  5.5102 ,  6.5355 ,175.1262 ,189.5391 ,299.8363 ,205.7453 ,
  5.5489 ,  6.3717 ,174.6485 ,189.8070 ,299.2831 ,205.4687 ,
  5.4698 ,  6.4951 ,175.1262 ,188.8303 ,298.5398 ,205.9786 ,
  5.3484 ,  6.4139 ,174.8030 ,189.7379 ,297.1223 ,206.8948 ,
  5.2272 ,  6.4141 ,174.6485 ,189.7552 ,295.0479 ,206.2207 ,
  5.2683 ,  6.4145 ,174.9716 ,192.0802 ,295.1171 ,206.5491 ,
  5.0268 ,  6.4966 ,174.6485 ,191.1813 ,293.4748 ,206.8084 ,
  5.0663 ,  6.3724 ,174.6485 ,191.3715 ,292.9390 ,206.4800 ,
  4.7860 ,  6.4964 ,174.8030 ,190.4207 ,291.8845 ,207.3529 ,
  4.7469 ,  6.4977 ,175.2807 ,190.4207 ,289.9484 ,205.9959 ,
  4.7460 ,  6.4971 ,174.9646 ,191.1899 ,290.5707 ,207.3011 ,
  4.5050 ,  6.5386 ,174.8030 ,191.1381 ,288.9457 ,207.2665 ,
  4.5451 ,  6.4556 ,174.9646 ,192.0543 ,286.5429 ,207.1628 ,
  4.4244 ,  6.3750 ,174.9646 ,192.1839 ,285.1254 ,207.4394 ,
  4.3836 ,  6.3748 ,174.8030 ,192.2012 ,284.4339 ,208.3296 ,
  4.4654 ,  6.4161 ,175.2807 ,192.1148 ,283.9153 ,207.0245 ,
  4.2253 ,  6.5403 ,175.5969 ,192.7025 ,282.2818 ,207.5690 ,
  4.1429 ,  6.4169 ,174.7960 ,192.1494 ,280.9075 ,208.2259 ,
  4.1036 ,  6.3757 ,175.2737 ,191.4233 ,280.8902 ,208.7704 ,
  4.1432 ,  6.5770 ,174.6414 ,191.1294 ,279.0319 ,208.4333 ,
  3.9833 ,  6.6196 ,175.1191 ,194.9498 ,276.9229 ,209.6088 ,
  4.0231 ,  6.4163 ,175.1191 ,194.4830 ,276.3870 ,209.2890 ,
  3.8626 ,  6.3754 ,175.4283 ,191.4320 ,274.2953 ,209.7385 ,
  3.7827 ,  6.3763 ,175.5969 ,192.2012 ,274.1657 ,209.1162 ,
  3.7414 ,  6.4562 ,174.9505 ,192.1234 ,272.8606 ,209.7644 ,
  3.6615 ,  6.4977 ,175.1121 ,193.6014 ,273.3446 ,209.1680 ,
  3.6213 ,  6.4982 ,175.1121 ,193.6101 ,272.0308 ,209.7385 ,
  3.4612 ,  6.4997 ,175.4283 ,195.1486 ,270.5269 ,210.2744 ,
  3.5821 ,  6.5781 ,175.4283 ,194.2670 ,267.5881 ,210.7843 ,
  3.4612 ,  6.4975 ,175.4283 ,195.1659 ,266.7930 ,211.0782 ,
  3.3008 ,  6.4990 ,175.5898 ,194.3707 ,267.7956 ,210.1620 ,
  3.2650 ,  6.5019 ,175.9060 ,194.1287 ,265.2977 ,210.6374 ,
  3.1440 ,  6.5425 ,175.5898 ,195.6412 ,263.2319 ,210.3003 ,
  3.2243 ,  6.5015 ,175.5898 ,193.3681 ,263.3702 ,210.9053 ,
  3.0639 ,  6.5030 ,175.7444 ,194.1460 ,263.1195 ,209.9546 ,
  3.0629 ,  6.3807 ,175.5898 ,195.1313 ,261.8922 ,210.8621 ,
  2.9839 ,  6.5423 ,175.9060 ,194.0941 ,261.1229 ,211.4153 ,
  2.8636 ,  6.5028 ,176.0605 ,194.1546 ,258.4694 ,210.6720 ,
  2.8635 ,  6.6237 ,175.7444 ,197.0760 ,258.4176 ,211.3634 ,
  2.6623 ,  6.5034 ,175.8989 ,195.7190 ,257.5100 ,211.0090 ,
  2.7451 ,  6.5012 ,176.0605 ,196.4969 ,254.5713 ,211.1819 ,
  2.6646 ,  6.4613 ,176.0605 ,195.7795 ,254.4503 ,211.7869 ,
  2.6649 ,  6.4617 ,176.2221 ,197.3440 ,254.4417 ,212.0981 ,
  2.5447 ,  6.5434 ,176.2221 ,195.6585 ,251.7622 ,211.9857 ,
  2.4648 ,  6.6233 ,176.2221 ,197.1193 ,248.5124 ,211.5968 ,
  2.3850 ,  6.5434 ,176.6858 ,196.4624 ,249.6706 ,211.5968 ,
  2.3852 ,  6.5032 ,176.8544 ,199.6172 ,246.5330 ,212.4093 ,
  2.1849 ,  6.6266 ,176.8474 ,195.5462 ,245.5909 ,212.3142 ,
  2.2239 ,  6.5443 ,176.5312 ,197.2403 ,245.6774 ,211.7524 ,
  2.1034 ,  6.5449 ,176.5312 ,198.7788 ,245.4872 ,212.3833 ,
  2.0233 ,  6.6246 ,176.5312 ,196.3586 ,241.6150 ,212.2278 ,
  2.0635 ,  6.5434 ,176.6928 ,198.0268 ,242.3151 ,212.2537 ,
  1.9435 ,  6.5853 ,176.8544 ,197.9577 ,240.8890 ,212.8069 ,
  1.9446 ,  6.5862 ,177.3321 ,198.7183 ,240.8976 ,212.4784 ,
  1.9440 ,  6.6262 ,177.0160 ,198.6664 ,238.3910 ,212.9970 ,
  1.7834 ,  6.6676 ,177.0089 ,199.3924 ,237.5094 ,213.2822 ,
  1.8227 ,  6.5432 ,176.8544 ,197.2748 ,236.3599 ,212.9279 ,
  1.7439 ,  6.7067 ,177.1705 ,196.2376 ,236.8352 ,213.2131 ,
  1.5829 ,  6.6672 ,177.1635 ,199.3924 ,234.0953 ,212.8587 ,
  1.4613 ,  6.5860 ,176.8544 ,200.3173 ,232.6778 ,213.7663 ,
  1.4221 ,  6.5875 ,177.3321 ,201.8731 ,231.9864 ,213.7230 ,
  1.5422 ,  6.6266 ,177.0089 ,201.8212 ,232.1506 ,214.0428 ,
  1.3823 ,  6.5858 ,177.4867 ,200.3086 ,228.8402 ,213.2563 ,
  1.3827 ,  6.7480 ,177.3181 ,198.5195 ,229.4366 ,212.9538 ,
  1.3026 ,  6.6681 ,177.6412 ,200.9655 ,228.0969 ,212.6167 ,
  1.3018 ,  6.7076 ,177.1635 ,200.1444 ,226.2040 ,214.4145 ,
  1.2228 ,  6.7904 ,177.6412 ,200.7927 ,224.8297 ,213.7230 ,
  1.1829 ,  6.7080 ,177.9574 ,200.9310 ,222.9195 ,213.0402 ,
  1.1033 ,  6.7902 ,178.1189 ,201.5878 ,221.5280 ,214.1811 ,
  0.9824 ,  6.8714 ,177.7958 ,200.6803 ,222.5824 ,214.2503 ,
  0.9408 ,  6.7891 ,177.3181 ,201.6224 ,219.4103 ,213.5588 ,
  0.9013 ,  6.7902 ,177.6342 ,202.3744 ,219.3585 ,213.5329 ,
  0.8618 ,  6.7891 ,177.9574 ,201.6138 ,216.8260 ,214.3367 ,
  0.8620 ,  6.9105 ,177.7958 ,200.6371 ,216.1777 ,214.6133 ,
  0.7021 ,  6.7910 ,178.4281 ,200.8099 ,216.5840 ,214.2849 ,
  0.7416 ,  6.7902 ,178.1119 ,201.6138 ,213.5243 ,214.1811 ,
  0.5414 ,  6.8731 ,178.2665 ,201.4928 ,213.8354 ,215.3998 ,
  0.6211 ,  6.8718 ,177.9574 ,200.7149 ,212.0808 ,213.5329 ,
  0.5010 ,  6.9113 ,178.1119 ,203.0140 ,210.0324 ,214.3799 ,
  0.4602 ,  6.9109 ,177.7888 ,199.9110 ,207.4912 ,214.5874 ,
  0.4201 ,  6.8709 ,177.9433 ,199.9715 ,207.4394 ,214.5874 ,
  0.3401 ,  6.8716 ,178.1119 ,202.3052 ,204.8204 ,215.4171 ,
  0.3408 ,  6.9513 ,178.2665 ,203.7227 ,204.1895 ,214.8121 ,
  0.1008 ,  6.9537 ,178.7442 ,201.3804 ,203.2041 ,214.6825 ,
 -0.0203 ,  6.9135 ,178.5756 ,202.2361 ,201.7780 ,214.6565 ,
  0.0604 ,  6.9133 ,178.7442 ,203.0140 ,200.0493 ,215.8147 ,
 -0.0600 ,  7.0356 ,178.5756 ,202.8325 ,199.8419 ,215.5036 ,
 -0.1400 ,  7.0343 ,178.7372 ,202.8498 ,196.6093 ,215.3912 ,
 -0.1407 ,  6.9526 ,178.5756 ,202.9708 ,197.2403 ,214.8207 ,
 -0.2999 ,  6.9959 ,179.2149 ,205.2180 ,196.3673 ,215.6937 ,
 -0.2199 ,  6.9950 ,179.0533 ,205.2440 ,192.1580 ,215.8234 ,
 -0.2997 ,  6.9557 ,179.3694 ,202.9708 ,193.8953 ,216.7396 ,
 -0.2602 ,  7.0332 ,178.8917 ,202.8671 ,190.8529 ,215.7629 ,
 -0.3399 ,  7.0345 ,179.2149 ,202.8498 ,190.1009 ,216.0222 ,
 -0.3794 ,  6.9546 ,179.6856 ,204.5266 ,188.8217 ,214.7516 ,
 -0.4192 ,  7.1170 ,179.5240 ,205.8404 ,186.8683 ,216.1950 ,
 -0.5405 ,  7.0363 ,179.3694 ,202.0805 ,185.4594 ,215.8147 ,
 -0.6205 ,  7.0347 ,179.5240 ,203.6363 ,183.4628 ,216.3593 ,
 -0.5808 ,  6.9934 ,179.3765 ,203.7141 ,181.6737 ,215.3998 ,
 -0.7007 ,  7.0760 ,179.5240 ,202.8152 ,183.9555 ,217.5866 ,
 -0.7398 ,  7.1583 ,179.8542 ,203.4634 ,180.7834 ,216.5667 ,
 -0.8206 ,  7.0775 ,179.8542 ,203.5931 ,180.0574 ,217.1977 ,
 -0.8200 ,  7.1162 ,180.0087 ,205.0711 ,178.1991 ,217.3100 ,
 -0.9409 ,  7.1164 ,179.8542 ,202.7460 ,176.1592 ,217.0680 ,
 -0.9804 ,  7.1987 ,180.0087 ,204.9414 ,176.0814 ,216.1864 ,
 -1.0209 ,  7.0365 ,180.1633 ,204.4228 ,175.4246 ,217.4310 ,
 -1.0199 ,  7.1996 ,180.3179 ,201.8212 ,174.8022 ,218.0015 ,
 -1.1001 ,  7.0786 ,180.6410 ,203.5499 ,172.2352 ,217.5434 ,
 -1.1405 ,  7.1170 ,180.4865 ,204.2759 ,169.0804 ,217.9669 ,
 -1.2201 ,  7.1992 ,180.6410 ,203.3597 ,168.3111 ,218.9004 ,
 -1.1410 ,  7.1570 ,180.1633 ,201.8817 ,167.2048 ,218.0274 ,
 -1.4209 ,  7.2409 ,180.6340 ,204.0858 ,165.5193 ,219.0473 ,
 -1.5016 ,  7.1603 ,180.6340 ,206.5405 ,166.0379 ,219.0560 ,
 -1.4178 ,  7.1992 ,181.1117 ,205.6848 ,162.4510 ,219.1683 ,
 -1.5388 ,  7.1186 ,181.1117 ,206.5837 ,161.0334 ,220.1623 ,
 -1.5392 ,  7.0777 ,180.9572 ,206.6528 ,160.4198 ,220.4994 ,
 -1.5788 ,  7.1596 ,181.1117 ,204.9587 ,157.8786 ,219.6783 ,
 -1.7410 ,  7.1592 ,181.4278 ,206.5059 ,157.0143 ,220.9316 ,
 -1.6203 ,  7.1992 ,181.4278 ,205.6675 ,158.4318 ,220.5858 ,
 -1.6993 ,  7.0793 ,181.2663 ,206.6355 ,155.2424 ,220.4043 ,
 -1.8198 ,  7.3634 ,181.7440 ,204.6216 ,154.3867 ,220.1191 ,
 -1.8206 ,  7.3199 ,181.4208 ,204.6994 ,153.1508 ,221.3897 ,
 -1.9006 ,  7.1996 ,181.8985 ,203.3338 ,150.6010 ,219.9376 ,
 -1.9013 ,  7.2391 ,181.4208 ,206.3849 ,149.3304 ,221.2514 ,
 -2.0609 ,  7.2817 ,181.8985 ,205.5465 ,150.3330 ,221.5020 ,
 -1.9816 ,  7.2804 ,181.4208 ,204.7686 ,150.4454 ,220.8711 ,
 -2.0610 ,  7.4033 ,181.5824 ,204.5784 ,148.4488 ,221.2600 ,
 -2.1012 ,  7.2413 ,181.8985 ,205.5983 ,145.9422 ,221.7181 ,
 -2.3008 ,  7.3230 ,182.3763 ,206.2207 ,145.0174 ,221.4156 ,
 -2.2618 ,  7.3621 ,181.7440 ,203.0745 ,143.8246 ,221.4156 ,
 -2.2612 ,  7.3625 ,182.0531 ,206.1688 ,143.2110 ,222.1157 ,
 -2.3399 ,  7.4051 ,182.6854 ,206.0824 ,142.4676 ,222.7553 ,
 -2.5018 ,  7.4859 ,182.0601 ,204.4228 ,140.3327 ,222.2194 ,
 -2.5421 ,  7.3647 ,182.2217 ,205.4082 ,139.0708 ,221.9601 ,
 -2.7429 ,  7.3656 ,182.2217 ,206.9553 ,138.1373 ,223.2480 ,
 -2.7020 ,  7.4450 ,182.3763 ,204.4834 ,136.9532 ,223.5678 ,
 -2.6619 ,  7.4446 ,182.3763 ,204.4834 ,137.0137 ,223.2566 ,
 -2.7790 ,  7.4872 ,182.8540 ,204.3969 ,134.9825 ,222.4355 ,
 -2.8593 ,  7.5285 ,182.8540 ,203.5672 ,134.2349 ,223.3258 ,
 -3.1414 ,  7.5697 ,182.3763 ,206.6355 ,131.9185 ,222.5738 ,
 -2.9797 ,  7.5289 ,182.8540 ,206.6615 ,130.9504 ,222.9282 ,
 -3.1402 ,  7.6110 ,182.8540 ,204.2154 ,130.6954 ,224.4235 ,
 -3.1405 ,  7.6088 ,182.6854 ,204.2241 ,128.8285 ,224.2074 ,
 -3.2604 ,  7.5289 ,183.1631 ,205.8922 ,129.2779 ,223.9135 ,
 -3.4196 ,  7.6532 ,183.6408 ,204.1203 ,127.7870 ,224.5185 ,
 -3.4606 ,  7.6931 ,183.1631 ,204.8637 ,125.8595 ,224.0172 ,
 -3.4613 ,  7.6922 ,182.8470 ,205.6416 ,125.8509 ,224.6309 ,
 -3.5407 ,  7.6532 ,183.3247 ,204.1290 ,124.5068 ,224.3716 ,
 -3.6610 ,  7.6944 ,183.3247 ,204.0685 ,124.3167 ,224.3716 ,
 -3.7008 ,  7.8165 ,183.3247 ,204.6562 ,122.3719 ,225.3656 ,
 -3.7010 ,  7.7739 ,183.3247 ,204.7254 ,121.1489 ,224.8124 ,
 -3.8604 ,  7.7761 ,183.9569 ,202.3744 ,121.5249 ,225.3569 ,
 -3.9014 ,  7.8161 ,183.4792 ,203.1091 ,119.5888 ,224.8383 ,
 -4.0220 ,  7.7357 ,183.6338 ,203.2214 ,118.7936 ,225.5039 ,
 -4.0211 ,  7.7770 ,183.9569 ,204.6994 ,116.3259 ,225.2878 ,
 -4.2621 ,  7.7787 ,183.9429 ,205.4773 ,115.3320 ,225.6508 ,
 -4.2209 ,  7.8604 ,184.2661 ,205.3304 ,116.0018 ,226.5411 ,
 -4.3021 ,  7.7792 ,184.1115 ,205.4773 ,115.8938 ,227.4659 ,
 -4.4224 ,  7.8183 ,184.1115 ,204.6476 ,113.2273 ,226.6448 ,
 -4.3816 ,  7.8591 ,184.2661 ,203.0140 ,112.6612 ,227.5696 ,
 -4.5836 ,  7.7379 ,184.1045 ,202.4262 ,111.1313 ,227.9240 ,
 -4.7831 ,  7.9430 ,184.2590 ,202.8843 ,110.7856 ,227.3103 ,
 -4.8231 ,  7.8622 ,184.5822 ,202.9967 ,109.5107 ,227.0770 ,
 -4.9436 ,  7.8635 ,184.5822 ,204.5525 ,108.7069 ,228.6760 ,
 -5.0650 ,  7.7419 ,184.4136 ,203.2128 ,107.2937 ,227.7771 ,
 -5.2643 ,  7.8657 ,184.8913 ,203.0140 ,107.5876 ,229.0044 ,
 -5.1849 ,  7.9052 ,184.4136 ,201.3977 ,107.6999 ,228.6500 ,
 -5.2646 ,  7.7823 ,184.8913 ,202.3485 ,106.3689 ,229.6527 ,
 -5.4648 ,  7.8248 ,185.2074 ,203.8265 ,104.8131 ,229.4106 ,
 -5.5061 ,  7.8240 ,184.7297 ,203.0658 ,105.3662 ,230.0330 ,
 -5.5860 ,  7.8657 ,184.8913 ,200.6630 ,102.7603 ,229.7477 ,
 -5.5050 ,  7.8657 ,185.2074 ,201.4323 ,104.1259 ,230.3182 ,
 -5.7864 ,  7.7862 ,185.2074 ,202.3312 ,101.8484 ,230.7417 ,
 -5.9465 ,  7.8688 ,185.3620 ,199.8851 ,102.2114 ,230.0762 ,
 -6.1076 ,  7.8696 ,185.2074 ,203.7660 ,100.7118 ,232.0555 ,
 -6.0668 ,  7.7484 ,185.8467 ,200.8272 , 99.5752 ,231.7098 ,
 -6.1875 ,  7.9087 ,185.3690 ,202.9189 , 98.1145 ,232.1246 ,
 -6.3877 ,  7.9105 ,185.6781 ,200.5766 , 97.1853 ,231.7962 ,
 -6.3893 ,  7.8284 ,185.2074 ,201.5101 , 96.5673 ,233.4125 ,
 -6.3869 ,  7.8709 ,186.1559 ,201.4236 , 97.8249 ,232.7210 ,
 -6.4679 ,  8.0330 ,185.5236 ,201.1816 , 97.0427 ,232.7556 ,
 -6.6231 ,  7.8740 ,186.0013 ,200.6889 , 94.4152 ,232.5482 ,
 -6.6681 ,  7.9535 ,186.0013 ,201.2767 , 94.8992 ,233.1532 ,
 -6.9039 ,  8.0378 ,185.8397 ,201.2421 , 93.9571 ,233.5076 ,
 -7.0235 ,  7.8775 ,186.6336 ,200.6889 , 92.5655 ,234.4324 ,
 -6.9822 ,  7.9592 ,186.9427 ,202.8843 , 92.6217 ,234.4843 ,
 -7.1836 ,  8.0817 ,186.4720 ,200.3691 , 91.6623 ,234.4843 ,
 -7.2233 ,  8.0396 ,186.7881 ,202.7633 , 90.9967 ,235.1757 ,
 -7.3041 ,  7.9184 ,186.9427 ,202.9448 , 90.2750 ,235.5301 ,
 -7.3831 ,  7.9601 ,187.2659 ,201.3199 , 90.1454 ,236.0919 ,
 -7.5048 ,  7.9197 ,186.9427 ,200.6025 , 89.9639 ,236.4117 ,
 -7.6251 ,  7.9206 ,187.1043 ,197.4996 , 89.1600 ,236.0574 ,
 -7.7050 ,  7.9618 ,187.1043 ,199.7727 , 89.0261 ,236.4204 ,
 -7.7441 ,  8.0439 ,187.4134 ,200.4124 , 88.3346 ,236.4549 ,
 -7.8226 ,  8.2082 ,187.8911 ,200.1358 , 86.9517 ,236.1697 ,
 -7.9851 ,  8.0865 ,187.5679 ,200.3346 , 84.8686 ,237.1983 ,
 -8.0641 ,  8.0479 ,188.2143 ,200.3691 , 86.6146 ,237.4316 ,
 -8.1427 ,  8.3329 ,188.3688 ,200.7235 , 85.8324 ,237.1464 ,
 -8.2227 ,  8.3337 ,188.3688 ,201.5014 , 85.0847 ,237.5008 ,
 -8.3847 ,  8.2121 ,188.0457 ,200.1444 , 84.2290 ,238.1404 ,
 -8.4637 ,  8.2543 ,188.6779 ,203.1609 , 84.1080 ,238.8059 ,
 -8.5441 ,  8.2529 ,188.8395 ,200.0493 , 82.1287 ,239.1171 ,
 -8.6639 ,  8.3346 ,188.6779 ,202.2620 , 80.6896 ,238.9183 ,
 -8.8233 ,  8.3373 ,189.4718 ,201.4755 , 81.0785 ,237.9329 ,
 -8.8238 ,  8.2152 ,189.4718 ,201.6656 , 80.4778 ,239.8258 ,
 -9.0630 ,  8.3381 ,189.1486 ,202.2534 , 78.2176 ,239.6357 ,
 -9.1443 ,  8.5019 ,189.4718 ,203.5585 , 79.9333 ,240.1975 ,
 -9.3041 ,  8.3412 ,189.9355 ,201.4496 , 79.0949 ,239.8691 ,
 -9.3010 ,  8.4229 ,190.2656 ,201.3199 , 77.2366 ,239.9468 ,
 -9.3410 ,  8.5045 ,190.2656 ,201.1903 , 76.5365 ,240.2753 ,
 -9.5412 ,  8.5476 ,190.5888 ,201.1297 , 78.7060 ,240.7852 ,
 -9.7823 ,  8.5458 ,190.4202 ,203.4548 , 75.2270 ,240.0506 ,
 -9.7814 ,  8.5471 ,190.8979 ,204.2154 , 73.9953 ,240.7161 ,
-10.0220 ,  8.5893 ,191.0525 ,201.8212 , 74.8640 ,240.9235 ,
-10.1015 ,  8.6714 ,191.0525 ,201.7002 , 72.8631 ,240.6988 ,
-10.2222 ,  8.5910 ,191.2141 ,203.3770 , 72.0722 ,241.0878 ,
-10.3829 ,  8.6328 ,191.2141 ,203.3165 , 71.8172 ,242.3324 ,
-10.4224 ,  8.6745 ,191.5232 ,202.4608 , 69.9006 ,242.0904 ,
-10.5823 ,  8.8378 ,191.5232 ,202.9967 , 70.2377 ,243.0152 ,
-10.5827 ,  8.7970 ,191.3686 ,203.8351 , 70.2377 ,243.0325 ,
-10.7834 ,  8.7983 ,191.5232 ,199.9629 , 68.0812 ,242.3843 ,
-10.9037 ,  8.7987 ,191.5232 ,203.0486 , 68.5112 ,243.0671 ,
-11.0244 ,  8.7162 ,191.6777 ,202.4003 , 65.8663 ,243.4820 ,
-11.2242 ,  8.9212 ,191.8393 ,202.8671 , 66.7609 ,243.1189 ,
-11.2633 ,  8.9629 ,192.1484 ,205.0970 , 66.0781 ,243.8104 ,
-11.4244 ,  8.9634 ,191.9939 ,203.5758 , 66.4411 ,244.3895 ,
-11.5043 ,  8.8835 ,192.3100 ,199.0208 , 64.4834 ,243.7413 ,
-11.5434 ,  9.0464 ,192.4716 ,199.5567 , 66.8711 ,243.6375 ,
-11.7853 ,  9.0472 ,192.1484 ,202.6683 , 64.6325 ,243.8104 ,
-11.8644 ,  9.1298 ,192.4646 ,200.2049 , 65.7367 ,243.7067 ,
-12.0251 ,  9.0099 ,192.9353 ,202.7115 , 62.4198 ,245.7292 ,
-12.1046 ,  9.0920 ,193.0968 ,202.5818 , 62.9081 ,244.4673 ,
-12.2249 ,  9.1733 ,192.9353 ,199.3579 , 61.4690 ,244.7612 ,
-12.3869 ,  9.1733 ,192.4646 ,204.0253 , 61.8234 ,245.4958 ,
-12.4646 ,  9.1763 ,193.5746 ,202.4435 , 62.9600 ,246.6022 ,
-12.6657 ,  9.2584 ,193.4059 ,201.5533 , 60.7711 ,245.4526 ,
-12.7851 ,  9.3002 ,193.5816 ,203.0313 , 60.5788 ,246.4034 ,
-12.9854 ,  9.4639 ,193.5746 ,202.0027 , 59.6237 ,246.1268 ,
-12.9463 ,  9.2606 ,193.5605 ,201.5360 , 60.9591 ,246.3602 ,
-13.1065 ,  9.4244 ,193.5746 ,205.1748 , 60.6803 ,245.8416 ,
-13.2273 ,  9.4222 ,193.5746 ,204.4142 , 58.6297 ,247.1554 ,
-13.2255 ,  9.5043 ,193.8907 ,203.5067 , 58.6275 ,246.8096 ,
-13.4670 ,  9.5465 ,193.8837 ,202.6510 , 59.4897 ,247.0689 ,
-13.5070 ,  9.4657 ,194.0452 ,201.9941 , 56.9594 ,247.1813 ,
-13.7476 ,  9.5895 ,194.0382 ,203.3684 , 57.8043 ,247.7777 ,
-13.8275 ,  9.5899 ,194.0382 ,202.5991 , 57.0588 ,248.0975 ,
-13.9882 ,  9.5908 ,194.1928 ,201.8299 , 54.9606 ,248.1407 ,
-14.0690 ,  9.5913 ,194.0382 ,202.5991 , 56.6828 ,248.7284 ,
-14.1906 ,  9.6312 ,194.5159 ,204.0771 , 55.2588 ,248.4605 ,
-14.3101 ,  9.6734 ,194.8321 ,203.2301 , 55.0752 ,249.3767 ,
-14.4299 ,  9.7151 ,194.9866 ,203.1523 , 52.4022 ,249.1952 ,
-14.5915 ,  9.7151 ,194.5089 ,203.1782 , 54.6235 ,248.1580 ,
-14.7926 ,  9.7164 ,194.6635 ,203.1696 , 54.9304 ,249.6965 ,
-14.9524 ,  9.7590 ,194.9866 ,204.6649 , 54.0639 ,249.1433 ,
-15.0727 ,  9.8402 ,194.8180 ,202.2102 , 52.6205 ,250.4052 ,
-15.2326 ,  9.8824 ,194.9796 ,205.2440 , 50.5050 ,249.9471 ,
-15.2738 ,  9.8020 ,195.1412 ,203.8092 , 50.4596 ,249.5841 ,
-15.3142 ,  9.9636 ,194.5019 ,201.2594 , 50.9825 ,250.1546 ,
-15.5540 ,  9.8854 ,195.2957 ,204.4661 , 51.2505 ,250.5003 ,
-15.7138 ,  9.8850 ,195.7664 ,202.9016 , 49.7725 ,250.4830 ,
-15.8745 , 10.0075 ,195.6119 ,201.9336 , 49.4981 ,250.4657 ,
-15.8350 ,  9.9658 ,195.2887 ,201.2421 , 48.3247 ,250.8374 ,
-16.1968 ,  9.9680 ,195.2887 ,203.5672 , 48.3809 ,250.8893 ,
-16.2372 ,  9.8868 ,195.2887 ,202.9189 , 48.3312 ,251.4943 ,
-16.3557 , 10.1318 ,195.4433 ,200.9915 , 46.2525 ,251.5289 ,
-16.5981 , 10.0115 ,195.4433 ,203.4894 , 45.2736 ,252.2463 ,
-16.6780 , 10.0523 ,195.2817 ,202.6683 , 46.9980 ,251.8573 ,
-16.7167 , 10.0949 ,196.0756 ,202.5732 , 46.3216 ,251.8573 ,
-16.9178 , 10.1357 ,195.7594 ,203.2906 , 43.5169 ,252.0129 ,
-16.9573 , 10.1774 ,195.9140 ,203.2387 , 45.3147 ,252.5401 ,
-17.2005 , 10.0958 ,195.2817 ,202.6164 , 44.9409 ,253.1970 ,
-17.1996 , 10.2595 ,195.5978 ,200.0148 , 43.6833 ,252.5401 ,
-17.3603 , 10.1788 ,195.4363 ,199.3752 , 43.4477 ,253.1797 ,
-17.5606 , 10.1406 ,196.0685 ,200.1703 , 43.7697 ,252.2203 ,
-17.6018 , 10.1392 ,195.4292 ,202.5473 , 42.4538 ,253.2662 ,
-17.7617 , 10.2617 ,195.2747 ,200.8272 , 43.4283 ,252.9118 ,
-17.9232 , 10.1818 ,195.2747 ,202.4954 , 43.8064 ,253.8626 ,
-18.0032 , 10.3043 ,195.2747 ,201.5187 , 42.4235 ,253.5514 ,
-18.1621 , 10.2613 ,194.9515 ,200.8272 , 40.3145 ,254.5886 ,
-18.2850 , 10.2222 ,195.2676 ,201.6656 , 40.1374 ,253.6638 ,
-18.3650 , 10.2631 ,195.1131 ,201.5965 , 41.2459 ,254.5713 ,
-18.4457 , 10.1827 ,195.4222 ,199.3924 , 41.1400 ,254.4935 ,
-18.6468 , 10.2249 ,195.4222 ,200.8704 , 38.3395 ,254.9689 ,
-18.8058 , 10.2653 ,194.9445 ,200.0493 , 38.6961 ,254.9516 ,
-18.8857 , 10.2657 ,194.9445 ,198.5022 , 36.7189 ,254.9948 ,
-19.0886 , 10.2674 ,195.0990 ,202.3830 , 37.6394 ,255.0640 ,
-19.2493 , 10.3904 ,195.0990 ,199.0813 , 37.3715 ,254.9862 ,
-19.2484 , 10.3083 ,194.6283 ,199.2196 , 36.7600 ,255.0208 ,
-19.4486 , 10.3913 ,194.7829 ,200.6457 , 36.4359 ,255.0726 ,
-19.5707 , 10.3926 ,194.1506 ,199.8938 , 36.2371 ,255.0986 ,
-19.7305 , 10.3105 ,194.3052 ,197.6811 , 34.7688 ,255.0640 ,
-19.9316 , 10.2306 ,194.4597 ,200.1271 , 32.6090 ,255.2196 ,
-20.0141 , 10.2301 ,193.9820 ,200.1444 , 34.3377 ,255.1591 ,
-20.2539 , 10.2727 ,194.1436 ,196.2031 , 33.3394 ,255.7122 ,
-20.2539 , 10.3531 ,193.8204 ,197.6465 , 31.4638 ,256.1703 ,
-20.5349 , 10.2341 ,194.1366 ,198.5886 , 33.5285 ,256.7149 ,
-20.5366 , 10.3544 ,193.5043 ,196.8686 , 32.2590 ,256.7667 ,
-20.6974 , 10.3140 ,193.1811 ,198.4849 , 31.3882 ,256.5247 ,
-20.7360 , 10.4369 ,193.5043 ,196.7562 , 31.3147 ,256.4815 ,
-20.9397 , 10.3144 ,192.7034 ,194.6300 , 30.3888 ,256.8099 ,
-21.1803 , 10.2762 ,193.1811 ,193.8867 , 31.2672 ,256.1098 ,
-21.2611 , 10.3175 ,193.0196 ,193.8348 , 30.5130 ,256.4642 ,
-21.3832 , 10.2354 ,192.3803 ,193.9904 , 28.4711 ,257.2162 ,
-21.5439 , 10.2771 ,192.2257 ,195.4857 , 28.8287 ,257.5619 ,
-21.5843 , 10.3583 ,192.2257 ,192.2704 , 30.6135 ,256.4469 ,
-21.7055 , 10.2771 ,191.9096 ,193.9385 , 27.3355 ,256.3259 ,
-21.9066 , 10.3592 ,191.7410 ,192.2704 , 27.6262 ,256.5938 ,
-22.0673 , 10.2793 ,191.9025 ,192.4000 , 26.7726 ,256.6198 ,
-22.1086 , 10.3588 ,191.1087 ,191.5097 , 26.6819 ,256.9309 ,
-22.1068 , 10.3188 ,191.2632 ,192.3481 , 24.8365 ,256.4210 ,
-22.3509 , 10.2385 ,190.9471 ,192.4864 , 26.9455 ,257.2767 ,
-22.6302 , 10.1994 ,190.9471 ,193.3335 , 25.2795 ,257.6829 ,
-22.6311 , 10.2389 ,190.3148 ,190.9566 , 23.4018 ,258.0632 ,
-22.7522 , 10.2802 ,190.3078 ,189.3403 , 23.8318 ,257.6829 ,
-22.9121 , 10.2815 ,190.4694 ,189.3403 , 23.5854 ,258.3225 ,
-22.8743 , 10.2771 ,189.3524 ,190.1441 , 21.1459 ,257.8903 ,
-23.0350 , 10.3610 ,189.1978 ,187.6981 , 23.3607 ,257.3890 ,
-23.1167 , 10.3175 ,188.7201 ,188.5451 , 21.9929 ,257.5100 ,
-23.3986 , 10.1164 ,188.8746 ,188.8476 , 21.5921 ,258.1496 ,
-23.4407 , 10.1151 ,188.0808 ,189.6601 , 21.5154 ,257.9163 ,
-23.5215 , 10.1151 ,187.9262 ,187.3177 , 18.2892 ,257.6570 ,
-23.5628 , 10.1542 ,187.1183 ,186.5226 , 20.0644 ,257.9163 ,
-23.8851 , 10.1968 ,186.9708 ,184.9235 , 18.9353 ,257.6051 ,
-23.9659 , 10.1160 ,186.8022 ,185.8138 , 18.1996 ,257.3717 ,
-23.9667 , 10.1555 ,186.3315 ,184.2148 , 18.1844 ,258.2966 ,
-24.2091 , 10.0343 ,185.8538 ,184.4136 , 15.9653 ,257.4841 ,
-24.2504 ,  9.9930 ,185.5376 ,186.0472 , 16.5233 ,257.8298 ,
-24.3725 ,  9.9926 ,185.0529 ,184.5000 , 16.9441 ,257.1730 ,
-24.4146 , 10.0321 ,184.2661 ,186.7991 , 16.8631 ,257.5878 ,
-24.5744 ,  9.9930 ,184.5822 ,183.7481 , 17.2439 ,257.4668 ,
-24.8554 ,  9.9122 ,183.9429 ,182.3392 , 14.9562 ,257.2594 ,
-24.8554 ,  9.9118 ,183.6268 ,182.3478 , 14.9518 ,257.2767 ,
-25.1391 ,  9.8310 ,183.1490 ,180.9476 , 13.8963 ,257.6224 ,
-25.1786 ,  9.9522 ,182.6713 ,181.5440 , 13.8082 ,257.3717 ,
-25.3007 ,  9.8310 ,182.6713 ,180.9563 , 13.6381 ,257.3545 ,
-25.3823 ,  9.8710 ,182.1936 ,178.5794 , 12.2622 ,256.4037 ,
-25.4631 ,  9.8306 ,181.8775 ,178.6572 , 10.8965 ,256.1876 ,
-25.7055 ,  9.7498 ,181.3997 ,178.0175 , 11.7689 ,255.8332 ,
-25.7073 ,  9.6677 ,180.9220 ,178.1558 , 11.1547 ,257.1557 ,
-25.7090 ,  9.6255 ,180.2897 ,179.0029 , 11.1461 ,255.9542 ,
-25.9101 ,  9.6672 ,179.9666 ,175.8394 ,  7.7277 ,256.0407 ,
-26.0313 ,  9.6663 ,179.4959 ,175.8654 ,  8.7719 ,255.3924 ,
-25.9531 ,  9.5842 ,179.0182 ,176.7816 , 10.1343 ,254.4330 ,
-26.2359 ,  9.5847 ,178.3789 ,176.0123 ,  6.5886 ,255.8765 ,
-26.1165 ,  9.5425 ,178.0627 ,175.3122 ,  8.0175 ,253.9231 ,
-26.2394 ,  9.3379 ,177.1073 ,174.1021 ,  7.8484 ,253.9490 ,
-26.4019 ,  9.2975 ,176.6366 ,174.1886 ,  7.5975 ,254.6318 ,
-26.4019 ,  9.2545 ,176.6366 ,172.6933 ,  5.1249 ,252.7908 ,
-26.3632 ,  9.2532 ,175.9973 ,170.3769 ,  5.7959 ,253.0674 ,
-26.4862 ,  9.1302 ,175.2034 ,170.6016 ,  4.3727 ,253.4736 ,
-26.6469 ,  9.1324 ,174.5712 ,170.6102 ,  6.5943 ,251.8400 ,
-26.6890 ,  9.0494 ,173.7773 ,170.7831 ,  6.5343 ,250.3188 ,
-26.6917 ,  8.8835 ,172.9835 ,169.4866 ,  4.0647 ,250.1027 ,
-26.7329 ,  8.9234 ,172.5057 ,166.3232 ,  2.7495 ,250.4052 ,
-26.7742 ,  8.7214 ,171.8664 ,168.2160 ,  2.7054 ,250.5090 ,
-26.8164 ,  8.7201 ,171.3887 ,167.4468 ,  2.6343 ,248.9532 ,
-26.7365 ,  8.7188 ,170.9251 ,165.1217 ,  2.7549 ,249.5409 ,
-26.9016 ,  8.5146 ,169.8080 ,163.9203 ,  0.0382 ,249.8089 ,
-26.9042 ,  8.3091 ,168.6980 ,163.4795 ,  0.6732 ,247.5962 ,
-26.8673 ,  8.3877 ,167.4335 ,161.8459 ,  0.0795 ,247.3714 ,
-26.9902 ,  8.1432 ,166.7872 ,162.2522 , -1.3199 ,246.9393 ,
-27.0333 ,  7.8982 ,166.0003 ,161.0940 , -1.3563 ,246.3256 ,
-27.0745 ,  7.8165 ,165.6772 ,158.9072 , -2.0287 ,244.2339 ,
-26.9551 ,  7.7300 ,164.5742 ,156.7291 , -2.4679 ,244.3809 ,
-27.0403 ,  7.5671 ,162.9865 ,157.8009 , -1.3512 ,243.8882 ,
-27.1606 ,  7.6062 ,162.8319 ,153.8768 , -5.2694 ,244.1993 ,
-27.1220 ,  7.4828 ,162.3472 ,154.8448 , -2.0944 ,242.5053 ,
-27.0447 ,  7.4393 ,161.2372 ,154.9313 , -4.4635 ,241.4853 ,
-27.0473 ,  7.3581 ,160.2818 ,152.7618 , -3.8457 ,241.8311 ,
-27.1711 ,  7.1133 ,159.3263 ,151.6122 , -4.6285 ,240.7075 ,
-27.0526 ,  6.9891 ,158.5395 ,151.8110 , -5.0553 ,239.4628 ,
-26.9358 ,  6.8624 ,157.4295 ,148.1636 , -6.7269 ,239.2208 ,
-26.9376 ,  6.8606 ,156.6356 ,147.4030 , -6.7418 ,237.9935 ,
-27.0192 ,  6.6993 ,156.0034 ,144.5939 , -5.6100 ,236.4377 ,
-27.1027 ,  6.6165 ,155.0479 ,143.9716 , -6.9787 ,236.3080 ,
-27.0227 ,  6.4927 ,154.4156 ,143.3925 , -8.0826 ,235.7981 ,
-26.9455 ,  6.4068 ,153.1441 ,142.0009 , -7.9672 ,234.5793 ,
-26.9103 ,  6.2824 ,152.0341 ,139.8833 , -8.5264 ,233.4903 ,
-26.9534 ,  6.1186 ,151.4018 ,138.5997 ,-10.4336 ,234.0953 ,
-26.8339 ,  6.0760 ,150.7695 ,137.9126 ,-11.4891 ,231.7184 ,
-26.8963 ,  6.1153 ,149.4909 ,135.8987 ,-12.4755 ,232.0901 ,
-26.8208 ,  5.9495 ,148.2264 ,133.8675 ,-12.3378 ,230.2750 ,
-26.8234 ,  5.7847 ,147.1164 ,134.1484 ,-12.3237 ,228.6500 ,
-26.8682 ,  5.8622 ,145.0580 ,132.5278 ,-12.4285 ,227.4486 ,
-26.9867 ,  6.2292 ,145.2125 ,131.1924 ,-12.6770 ,225.9793 ,
-26.6688 ,  6.0215 ,143.9480 ,129.2174 ,-14.0173 ,223.7061 ,
-26.5134 ,  5.2055 ,143.3157 ,128.1457 ,-14.2517 ,222.5306 ,
-26.6346 ,  5.4505 ,142.5148 ,130.1250 ,-13.2502 ,224.1642 ,
-26.4352 ,  5.8933 ,140.7726 ,127.9425 ,-13.6607 ,220.8278 ,
-26.1990 ,  5.2784 ,139.9857 ,125.0254 ,-15.0475 ,217.0507 ,
-26.0401 ,  5.1528 ,138.7141 ,125.2372 ,-17.2693 ,218.8485 ,
-26.1253 ,  5.0698 ,137.6042 ,120.7600 ,-15.5353 ,219.2461 ,
-26.0866 ,  4.9462 ,136.9649 ,120.9631 ,-16.0787 ,213.5761 ,
-25.8478 ,  5.0226 ,135.2296 ,120.8896 ,-16.9776 ,212.3488 ,
-25.8109 ,  4.7361 ,134.4287 ,116.7019 ,-16.8750 ,216.7568 ,
-25.8539 ,  4.5721 ,133.6349 ,116.9699 ,-16.9166 ,210.6633 ,
-25.8565 ,  4.6499 ,131.8996 ,117.6743 ,-17.5751 ,208.1222 ,
-25.6150 ,  4.8510 ,131.4149 ,113.5125 ,-15.9977 ,209.7990 ,
-25.7029 ,  4.4016 ,129.5181 ,115.0208 ,-17.9327 ,207.3529 ,
-25.6247 ,  4.2369 ,128.7242 ,112.9723 ,-17.7879 ,207.7678 ,
-25.5852 ,  4.5195 ,127.7688 ,111.0190 ,-17.1656 ,206.2120 ,
-25.4702 ,  4.2705 ,125.7174 ,111.4382 ,-18.1996 ,203.0831 ,
-25.3525 ,  4.0222 ,124.7619 ,108.7544 ,-20.4619 ,201.9163 ,
-25.3147 ,  4.1014 ,123.6519 ,107.8858 ,-19.8051 ,201.8731 ,
-25.1154 ,  3.9761 ,122.7035 ,105.7725 ,-18.2417 ,198.9343 ,
-24.9599 ,  3.8496 ,120.9613 ,102.9072 ,-19.8548 ,196.4278 ,
-24.8818 ,  3.8062 ,119.8513 ,103.0066 ,-19.7337 ,197.0328 ,
-24.6034 ,  3.6806 ,118.9029 ,100.8933 ,-20.5279 ,194.7164 ,
-24.5665 ,  3.5976 ,117.4697 , 99.5104 ,-19.2270 ,192.0629 ,
-24.3672 ,  3.7961 ,116.3597 , 98.4559 ,-20.8250 ,190.6973 ,
-24.2899 ,  3.5499 ,114.7755 , 98.8665 ,-20.6748 ,188.0697 ,
-24.1336 ,  3.4219 ,113.0332 , 96.0142 ,-21.0443 ,186.0558 ,
-23.9746 ,  3.5011 ,112.3974 , 95.9105 ,-21.4365 ,184.4914 ,
-23.8570 ,  3.3355 ,111.2910 , 94.6442 ,-22.4748 ,182.4256 ,
-23.5408 ,  3.0043 ,109.3871 , 93.6416 ,-20.6986 ,178.7522 ,
-23.3432 ,  3.2433 ,108.1226 , 90.2102 ,-23.5454 ,179.3227 ,
-23.2668 ,  2.9966 ,106.3768 , 91.4030 ,-21.5380 ,175.7444 ,
-22.9902 ,  2.8288 ,104.6380 , 87.8333 ,-23.5735 ,172.7106 ,
-22.8726 ,  2.9067 ,103.3665 , 85.4132 ,-23.4169 ,171.8808 ,
-22.5125 ,  2.8213 ,101.7858 , 86.3553 ,-21.6147 ,169.9533 ,
-22.4352 ,  2.6957 ,100.8338 , 85.0242 ,-23.3423 ,166.6948 ,
-22.2798 ,  2.5705 , 99.0916 , 85.2489 ,-22.4704 ,165.5885 ,
-22.0813 ,  2.6464 , 97.6654 , 84.3976 ,-24.0500 ,164.5513 ,
-21.8425 ,  2.5211 , 96.7170 , 82.2929 ,-23.0441 ,161.0075 ,
-21.6027 ,  2.5176 , 95.6105 , 83.0881 ,-24.5383 ,159.8147 ,
-21.4473 ,  2.3913 , 94.0263 , 77.9108 ,-24.2888 ,158.5528 ,
-21.3700 ,  2.1442 , 92.7583 , 78.3170 ,-23.5130 ,154.8621 ,
-21.0530 ,  2.2606 , 90.8615 , 75.8623 ,-23.6773 ,153.4273 ,
-20.8133 ,  2.3369 , 89.5899 , 75.0023 ,-24.5708 ,151.6468 ,
-20.6174 ,  2.0879 , 87.6931 , 75.4301 ,-24.8592 ,148.7254 ,
-20.3399 ,  1.9619 , 86.5866 , 71.7783 ,-23.7918 ,146.2793 ,
-20.1011 ,  2.1203 , 85.1604 , 71.5709 ,-23.4601 ,143.6431 ,
-19.7015 ,  1.8720 , 84.2120 , 71.9599 ,-23.4223 ,140.6698 ,
-19.5039 ,  1.8674 , 82.4698 , 68.9174 ,-24.3730 ,139.0708 ,
-19.3871 ,  1.8632 , 80.7310 , 68.1914 ,-24.2045 ,137.1304 ,
-19.0297 ,  1.6961 , 79.6210 , 66.1515 ,-23.0063 ,134.5374 ,
-18.8304 ,  1.7328 , 78.1949 , 67.6749 ,-23.3369 ,131.8493 ,
-18.6732 ,  1.7290 , 76.7687 , 64.6195 ,-23.7248 ,131.4690 ,
-18.3131 ,  1.6834 , 75.8203 , 63.9367 ,-24.4065 ,129.3212 ,
-18.2262 ,  1.5908 , 73.9200 , 64.6001 ,-25.2752 ,126.3306 ,
-17.7863 ,  1.5448 , 72.9681 , 60.0537 ,-24.5837 ,124.6624 ,
-17.7099 ,  1.4193 , 71.5419 , 57.9620 ,-25.0678 ,121.6286 ,
-17.3920 ,  1.2517 , 70.1228 , 57.4780 ,-23.9236 ,119.8913 ,
-17.0337 ,  1.4092 , 67.9028 , 57.3030 ,-22.1625 ,118.3701 ,
-16.8747 ,  1.2417 , 66.4767 , 56.0454 ,-23.7540 ,115.3925 ,
-16.6367 ,  1.2793 , 65.5283 , 54.4658 ,-23.3942 ,113.1841 ,
-16.3188 ,  1.1926 , 63.7860 , 50.7773 ,-21.6439 ,110.6473 ,
-16.0001 ,  1.1473 , 62.3634 , 48.5667 ,-23.0117 ,109.6749 ,
-15.8025 ,  1.1023 , 60.7792 , 50.2176 ,-22.7027 ,105.5866 ,
-15.5232 ,  1.0171 , 59.6727 , 48.0546 ,-22.8767 ,103.8061 ,
-15.2045 ,  1.0129 , 58.4047 , 46.5464 ,-21.7638 ,102.1552 ,
-14.8049 ,  0.8442 , 56.9803 , 46.0667 ,-22.3570 , 99.3159 ,
-14.5652 ,  0.8818 , 56.0319 , 45.2564 ,-22.6185 , 98.1059 ,
-14.2881 ,  0.7959 , 54.6057 , 43.8777 ,-22.1755 , 95.5345 ,
-13.9272 ,  0.7915 , 53.3412 , 43.9166 ,-22.2392 , 92.9199 ,
-13.7695 ,  0.7885 , 52.2330 , 40.0833 ,-20.1324 , 91.6493 ,
-13.5320 ,  0.7022 , 50.4907 , 41.0298 ,-20.9968 , 90.0503 ,
-13.2132 ,  0.5343 , 48.9047 , 42.0951 ,-20.4749 , 86.9473 ,
-12.8545 ,  0.6117 , 47.4786 , 39.6922 ,-18.6933 , 85.6206 ,
-12.6170 ,  0.4448 , 46.2123 , 38.4303 ,-18.2946 , 83.0579 ,
-12.3381 ,  0.4399 , 44.7879 , 36.9285 ,-17.8657 , 80.4994 ,
-12.0988 ,  0.4772 , 43.6779 , 36.1225 ,-18.1283 , 78.6238 ,
-11.7810 ,  0.3504 , 42.2535 , 35.5802 ,-17.6129 , 76.9643 ,
-11.5021 ,  0.2244 , 41.1471 , 34.2502 ,-16.5368 , 74.6522 ,
-11.1425 ,  0.2194 , 39.5629 , 34.2923 ,-17.2272 , 72.1025 ,
-10.8242 ,  0.2155 , 38.4564 , 31.2337 ,-16.7361 , 70.6547 ,
-10.5454 ,  0.1297 , 37.0320 , 31.3968 ,-16.2910 , 68.2843 ,
 -9.9842 ,  0.1248 , 36.0836 , 29.1063 ,-15.4186 , 65.7561 ,
 -9.8661 ,  0.0809 , 34.8173 , 29.9771 ,-16.4774 , 63.8265 ,
 -9.3871 , -0.0471 , 33.2348 , 27.8887 ,-14.4673 , 61.7996 ,
 -9.1877 ,  0.0314 , 32.4427 , 26.2432 ,-15.4202 , 59.4249 ,
 -8.7070 , -0.1762 , 31.6542 , 26.5706 ,-14.0113 , 58.2408 ,
 -8.5489 , -0.0986 , 29.9084 , 27.2707 ,-12.5436 , 54.3988 ,
 -8.1893 , -0.0626 , 28.6438 , 24.9284 ,-13.2415 , 53.0310 ,
 -7.8306 , -0.1081 , 27.2177 , 25.0310 ,-12.0558 , 51.2332 ,
 -7.5948 , -0.2762 , 25.3165 , 21.4700 ,-10.4200 , 49.0421 ,
 -7.3546 , -0.4010 , 24.6860 , 21.6731 ,-11.2687 , 47.1622 ,
 -6.8330 , -0.2026 , 23.7384 , 19.0282 ,-12.3702 , 45.2175 ,
 -6.7140 , -0.3264 , 22.7865 , 21.5996 , -9.0490 , 41.9827 ,
 -6.2740 , -0.2907 , 21.8390 , 18.4351 ,-11.4902 , 41.2178 ,
 -5.7537 , -0.2554 , 20.4163 , 16.8712 ,-10.0700 , 39.5475 ,
 -5.5148 , -0.2995 , 19.1474 , 16.2343 , -7.8244 , 37.6697 ,
 -5.2742 , -0.3423 , 18.6741 , 16.3083 , -7.4432 , 35.0000 ,
 -4.5926 , -0.3488 , 17.2532 , 17.1208 , -7.0081 , 33.2843 ,
 -4.3124 , -0.2705 , 16.4629 , 13.9287 , -7.2139 , 32.2168 ,
 -4.0731 , -0.3140 , 15.8306 , 11.6901 , -6.8350 , 29.7330 ,
 -3.7526 , -0.2774 , 14.8822 , 13.1740 , -9.4650 , 28.5910 ,
 -3.4328 , -0.3214 , 13.9320 , 11.7176 , -7.0929 , 26.4744 ,
 -2.9923 , -0.2848 , 12.8251 ,  9.3947 , -5.1700 , 23.8166 ,
 -2.7911 , -0.2053 , 12.3513 , 10.8306 , -5.4971 , 22.4197 ,
 -2.4710 , -0.2495 , 11.5610 , 10.8922 , -5.6184 , 21.1048 ,
 -2.2716 , -0.1708 , 10.7698 ,  8.4756 , -5.9493 , 19.0434 ,
 -1.9506 , -0.0520 ,  9.8200 ,  9.0938 , -6.0984 , 18.6685 ,
 -1.8318 ,  0.0270 ,  8.8690 ,  7.4549 , -5.3100 , 17.7490 ,
 -1.4704 , -0.0163 ,  8.3961 ,  7.5437 , -4.1172 , 16.2770 ,
 -1.1899 , -0.0193 ,  7.7643 ,  7.5483 , -4.9283 , 15.0588 ,
 -1.1100 ,  0.0611 ,  7.2887 ,  6.6797 , -3.5759 , 13.3301 ,
 -0.9102 ,  0.1804 ,  6.4975 ,  4.9626 , -5.1625 , 13.3723 ,
 -0.7497 ,  0.0575 ,  6.4988 ,  5.1452 , -3.6400 , 12.1525 ,
 -0.5069 ,  0.3007 ,  6.3416 ,  5.5636 , -2.6879 , 11.0148 ,
 -0.3880 ,  0.1764 ,  5.7085 ,  5.7586 , -3.7251 , 10.8058 ,
 -0.1062 ,  0.2968 ,  5.3930 ,  5.5911 , -1.4439 , 10.5691 ,
  0.1344 ,  0.3352 ,  4.9192 ,  7.8719 , -2.9892 ,  9.8269 ,
  0.2155 ,  0.3352 ,  5.0788 ,  4.7630 , -1.5741 ,  8.9880 ,
  0.3363 ,  0.4563 ,  4.7625 ,  6.1354 , -2.6519 ,  8.4721 ,
  0.4153 ,  0.4546 ,  4.2874 ,  3.0568 , -1.9141 ,  7.8438 ,
  0.4963 ,  0.5762 ,  3.9706 ,  3.6499 , -2.4305 ,  7.5167 ,
  0.6975 ,  0.5753 ,  4.1309 ,  2.8755 , -0.8750 ,  7.3976 ,
  0.6168 ,  0.5346 ,  3.9721 ,  3.7111 , -3.4837 ,  7.2982 ,
  0.8984 ,  0.6142 ,  3.8156 ,  2.8223 , -1.8177 ,  5.8680 ,
  0.8574 ,  0.6544 ,  3.3390 ,  3.5504 , -1.2671 ,  5.4677 ,
  1.0181 ,  0.6937 ,  3.0238 ,  1.9478 , -2.8963 ,  6.4476 ,
  1.0995 ,  0.6535 ,  3.6589 ,  1.9919 , -1.5132 ,  4.5750 ,
  1.1408 ,  0.7353 ,  3.6593 ,  2.6384 , -2.0808 ,  5.2481 ,
  1.1390 ,  0.8150 ,  2.8652 ,  2.5417 , -0.8621 ,  6.0941 ,
  1.1403 ,  0.8159 ,  3.1829 ,  3.3055 , -2.0981 ,  5.5574 ,
  1.2210 ,  0.8156 ,  3.3428 ,  2.5257 , -3.2244 ,  7.0759 ,
  1.1794 ,  0.8149 ,  3.0246 ,  1.7652 , -1.4238 ,  5.5793 ,
  1.2987 ,  0.6504 ,  2.5504 ,  2.0204 , -3.0745 ,  4.3523 ,
  1.2595 ,  0.8139 ,  2.5492 ,  3.3289 , -2.5415 ,  4.6693 ,
  1.3007 ,  0.8552 ,  3.0254 ,  3.2502 , -1.2400 ,  4.8284 ,
  1.5414 ,  0.7312 ,  2.8693 ,  3.4404 , -1.4638 ,  4.8662 ,
  1.4607 ,  0.7729 ,  2.5525 ,  0.2887 , -1.6034 ,  5.1044 ,
  1.5003 ,  0.6897 ,  2.8685 ,  4.2880 , -0.3081 ,  3.8039 ,
  1.3787 ,  0.7712 ,  2.3911 ,  3.4063 ,  0.7336 ,  3.4353 ,
  1.3379 ,  0.6494 ,  2.0742 ,  2.8135 , -2.3895 ,  3.3279 ,
  1.2583 ,  0.7324 ,  2.2334 ,  0.3614 , -1.9148 ,  3.8037 ,
  1.2578 ,  0.7319 ,  2.2316 ,  2.6904 ,  0.5837 ,  3.7500 ,
  1.2571 ,  0.7715 ,  1.7565 ,  1.0884 , -2.5415 ,  3.7001 ,
  1.1366 ,  0.7322 ,  2.0719 ,  2.6973 ,  0.3939 ,  3.1320 ,
  1.1355 ,  0.6908 ,  1.5965 ,  0.4450 , -0.2298 ,  3.2208 ,
  1.0142 ,  0.5287 ,  1.7554 , -0.0882 , -1.6359 ,  4.2412 ,
  0.9333 ,  0.5689 ,  1.5944 ,  1.4046 , -0.5175 ,  3.8484 ,
  0.8938 ,  0.6513 ,  1.5951 ,  0.5069 , -1.8460 ,  3.4719 ,
  0.8925 ,  0.5689 ,  1.4352 ,  0.6379 ,  0.0407 ,  1.8962 ,
  0.8110 ,  0.4471 ,  1.2765 ,  0.0526 , -0.0661 ,  2.9089 ,
  0.6098 ,  0.4887 ,  1.2741 ,  1.5432 ,  0.2382 ,  2.1940 ,
  0.5684 ,  0.4879 ,  0.7977 ,  0.7825 ,  0.1715 ,  2.1895 ,
  0.4459 ,  0.4059 ,  0.3207 ,  0.1469 , -0.0059 ,  2.2178 ,
  0.4040 ,  0.4060 ,  0.6370 ,  3.2438 ,  2.9896 ,  2.5765 ,
  0.3223 ,  0.3247 ,  0.3185 ,  1.0378 ,  1.6576 ,  1.6022 ,
  0.2818 ,  0.2425 ,  0.3186 ,  1.9659 ,  2.2231 ,  2.2347 ,
  0.2836 ,  0.2031 , -0.1552 ,  0.4750 ,  1.0237 ,  1.3065 ,
  0.0408 ,  0.3255 ,  0.3170 ,  2.6538 ,  1.8148 ,  2.2312 ,
  0.1219 ,  0.3249 , -0.3167 , -1.2578 ,  3.8584 ,  2.2801 ,
  0.0015 ,  0.2854 , -0.0005 ,  1.8942 ,  1.8122 ,  1.9514 ,
  0.0440 ,  0.3271 , -0.1591 , -0.4895 ,  2.5305 ,  2.3130 ,
  0.0015 ,  0.2854 , -0.0005 , -0.4302 ,  3.6789 ,  1.9514 ,
  0.0413 ,  0.2036 ,  0.0000 ,  2.7917 ,  3.7575 ,  1.9514 ,
 -0.0396 ,  0.2037 , -0.1594 , -0.3021 ,  3.6309 ,  1.9533 ,
 -0.2011 ,  0.2042 , -0.3197 , -0.2958 ,  2.1337 ,  1.9551 ,
 -0.0812 ,  0.2440 ,  0.1548 , -1.1508 ,  4.1472 ,  1.6331 ,
  0.0012 ,  0.2446 , -0.0005 ,  1.9557 ,  4.3088 ,  1.6262 ,
 -0.0396 ,  0.2037 , -0.1594 ,  1.2475 ,  2.3862 ,  1.6280 ,
  0.0406 ,  0.2030 , -0.3173 ,  1.2517 ,  1.8892 ,  1.6297 ,
 -0.0393 ,  0.2040 , -0.0008 , -1.0818 ,  3.0092 ,  1.6262 ,
 -0.1202 ,  0.2041 , -0.1602 ,  1.2482 ,  1.0160 ,  1.9533 ,
  0.0002 ,  0.2437 , -0.4764 ,  0.4208 ,  2.4400 ,  2.2820 ,
 -0.0401 ,  0.1625 ,  0.1580 ,  1.3280 ,  2.3579 ,  1.2732 ,
 -0.0800 ,  0.1227 , -0.0010 ,  1.3659 ,  2.3396 ,  1.9514 ,
  0.0007 ,  0.2035 , -0.1590 ,  1.2473 ,  3.0713 ,  1.9532 ,
 -0.1205 ,  0.2038 , -0.3189 ,  0.4784 ,  1.6376 ,  0.6541 ,
 -0.1604 ,  0.2855 , -0.3194 , -0.4190 ,  1.5590 ,  1.6297 ,
 -0.1613 ,  0.1225 , -0.3191 , -0.1732 ,  2.2123 ,  1.3045 ,
 -0.1206 ,  0.1226 , -0.1601 ,  0.5964 ,  4.1428 ,  1.9533 ,
 -0.0798 ,  0.1635 , -0.0011 ,  1.3045 ,  2.9541 ,  1.6262 ,
 -0.0406 ,  0.2040 ,  0.1570 ,  0.4547 ,  3.6260 ,  1.2812 ,
 -0.0400 ,  0.2034 , -0.3181 ,  2.0273 ,  3.0077 ,  1.6297 ,
 -0.1203 ,  0.2446 , -0.3189 , -0.3579 ,  1.6297 ,  1.3045 ,
 -0.0393 ,  0.2040 , -0.0008 ,  0.4679 ,  1.7648 ,  0.9757 ,
  0.0413 ,  0.2036 ,  0.0000 ,  2.7917 ,  2.5129 ,  1.6261 ,
 -0.0396 ,  0.2037 , -0.1594 , -1.0770 ,  3.0084 ,  1.9533 ,
  0.0412 ,  0.2441 , -0.1587 ,  1.1853 ,  1.8822 ,  2.2785 ,
 -0.0798 ,  0.1635 , -0.0011 , -0.2451 ,  4.1986 ,  1.9514 ,
  0.0807 ,  0.2837 , -0.6343 ,  1.9132 ,  3.1794 ,  1.3081 ,
 -0.0416 ,  0.1614 , -0.9525 , -0.2162 ,  2.3904 ,  1.9622 ,
  0.0406 ,  0.1218 , -0.1585 ,  1.3698 ,  1.9056 ,  1.9532 ,
 -0.0395 ,  0.1633 , -0.0007 , -1.0204 ,  3.0169 ,  0.9757 ,
 -0.0013 ,  0.1612 , -0.9521 , -0.2165 ,  2.4532 ,  2.6126 ,
 -0.1615 ,  0.0817 , -0.3190 ,  2.2126 ,  2.2202 ,  1.9551 ,
  0.1610 ,  0.1614 , -0.4746 ,  0.5423 ,  2.0849 ,  1.9568 ,
 -0.0371 ,  0.2866 , -0.1598 ,  0.3272 ,  2.4091 ,  2.3130 ,
 -0.1203 ,  0.2446 , -0.3189 , -1.9077 ,  2.2519 ,  1.3045 ,
  0.0401 ,  0.1619 , -0.4758 , -1.0064 ,  3.1408 ,  1.3063 ,
 -0.1612 ,  0.1233 ,  0.1559 , -0.1846 ,  0.9665 ,  0.9798 ,
 -0.0388 ,  0.2856 , -0.0009 ,  1.1197 ,  2.9936 ,  2.2767 ,
  0.0016 ,  0.2449 ,  0.1582 ,  1.9509 ,  3.0653 ,  1.9497 ,
  0.0413 ,  0.2036 ,  0.0000 ,  0.4672 ,  0.6462 ,  1.9514 ,
 -0.1206 ,  0.1226 , -0.1601 , -0.9533 ,  2.8983 ,  1.3027 ,
 -0.0397 ,  0.2442 , -0.3181 , -0.3586 ,  3.6222 ,  1.3045 ,
 -0.0807 ,  0.1637 ,  0.1570 ,  0.5170 ,  2.9495 ,  1.6029 ,
 -0.0805 ,  0.0816 , -0.1596 , -0.1173 ,  2.3468 ,  2.6038 ,
 -0.1601 ,  0.2046 , -0.0020 , -0.3059 ,  2.1982 ,  0.6505 ,
  0.0008 ,  0.1631 , -0.0003 ,  0.5290 ,  1.8356 ,  0.3252 ,
 -0.0800 ,  0.1227 , -0.0010 ,  1.3659 ,  2.3396 ,  1.6262 ,
 -0.1605 ,  0.2043 , -0.1606 ,  2.0234 ,  2.1975 ,  1.9533 ,
 -0.0803 ,  0.2036 , -0.3185 ,  1.2528 ,  3.5673 ,  1.3045 ,
  0.0813 ,  0.2031 , -0.1582 ,  0.4717 ,  2.5750 ,  0.9775 ,
  0.1207 ,  0.1218 ,  0.1586 , -0.1880 ,  3.2820 ,  1.6350 ,
  0.0003 ,  0.2032 , -0.3177 , -1.0724 ,  1.2040 ,  1.3045 ,
  0.0413 ,  0.2036 ,  0.0000 ,  1.2419 ,  3.1351 ,  1.9514 ,
 -0.0400 ,  0.2034 , -0.3181 , -1.0720 ,  1.7634 ,  2.2801 ,
 -0.0801 ,  0.1631 , -0.1597 ,  0.5346 ,  3.5758 ,  1.6280 ,
 -0.0399 ,  0.0813 ,  0.1586 ,  1.4511 ,  4.2212 ,  1.5942 ,
 -0.0804 ,  0.2440 , -0.4772 , -0.3534 ,  2.3141 ,  0.6558 ,
  0.0814 ,  0.2844 , -0.3170 , -1.1960 ,  2.5586 ,  1.9549 ,
  0.0412 ,  0.2441 , -0.1587 ,  0.4106 ,  3.1266 ,  1.6278 ,
 -0.1609 ,  0.1228 , -0.1605 , -0.9530 ,  2.8354 ,  1.3027 ,
  0.0410 ,  0.2033 , -0.1586 , -0.3028 ,  1.8898 ,  1.3027 ,
  0.0003 ,  0.2032 , -0.3177 ,  0.4773 ,  1.8262 ,  1.3045 ,
 -0.1208 ,  0.0818 , -0.1600 , -0.1170 ,  2.9060 ,  0.9775 ,
 -0.1206 ,  0.1226 , -0.1601 , -1.7282 ,  1.6538 ,  0.9775 ,
  0.0010 ,  0.2038 , -0.0004 , -0.3073 ,  3.6946 ,  0.9757 ,
 -0.1203 ,  0.2446 , -0.3189 , -1.9077 ,  3.4965 ,  1.3045 ,
 -0.0807 ,  0.1221 , -0.3183 ,  1.3757 ,  2.3383 ,  1.6297 ,
 -0.0807 ,  0.1221 , -0.3183 , -0.1739 ,  2.3383 ,  0.9793 ,
  0.0004 ,  0.0815 , -0.0002 , -0.1229 ,  3.0955 ,  1.6262 ,
 -0.0001 ,  0.1217 , -0.3175 , -0.9495 ,  3.0863 ,  1.9549 ,
 -0.1608 ,  0.0823 , -0.0018 , -0.1215 ,  0.9772 ,  0.9757 ,
 -0.0400 ,  0.1222 , -0.1593 ,  1.3704 ,  3.0241 ,  1.9532 ,
 -0.0814 ,  0.0402 , -0.4768 ,  2.2783 ,  1.7309 ,  0.9811 ,
  0.0012 ,  0.2446 , -0.0005 , -1.9185 ,  3.0643 ,  0.6505 ,
 -0.0774 ,  0.2868 , -0.1603 ,  0.3275 ,  2.9717 ,  1.6538 ,
  0.0003 ,  0.1220 , -0.1589 , -0.1795 ,  1.8427 ,  1.6278 ,
 -0.0799 ,  0.2039 , -0.1598 , -1.0767 ,  2.3233 ,  0.9775 ,
 -0.2007 ,  0.1640 , -0.0023 ,  0.5307 ,  1.5210 ,  0.9757 ,
  0.0405 ,  0.0406 ,  0.0003 ,  1.4878 ,  2.5441 ,  1.3009 ,
 -0.0002 ,  0.1621 , -0.4762 , -0.2312 ,  2.4555 ,  1.3063 ,
 -0.0805 ,  0.1238 ,  0.3156 ,  0.5721 ,  2.3388 ,  1.2761 ,
 -0.0803 ,  0.2036 , -0.3185 , -0.2968 ,  0.4559 ,  2.2801 ,
  0.0805 ,  0.1627 ,  0.3156 , -1.0125 ,  3.8336 ,  1.6279 ,
 -0.1209 ,  0.2035 , -0.4775 , -1.0665 ,  2.2590 ,  0.9811 ,
 -0.0394 ,  0.2445 , -0.1595 , -1.9133 ,  2.3785 ,  0.9775 ,
 -0.1201 ,  0.1636 , -0.0015 , -0.2448 ,  1.6468 ,  0.9757 ,
 -0.1203 ,  0.1229 , -0.0014 ,  2.1411 ,  2.2767 ,  1.9514 ,
 -0.1206 ,  0.1226 , -0.1601 , -0.1785 ,  2.2762 ,  1.6280 ,
  0.0406 ,  0.2030 , -0.3173 ,  0.4770 ,  1.2669 ,  0.9793 ,
  0.0805 ,  0.1213 , -0.3167 ,  2.9240 ,  2.5899 ,  0.9793 ,
  0.0805 ,  0.1213 , -0.3167 , -1.7250 ,  3.8345 ,  2.6054 ,
 -0.1211 ,  0.1627 , -0.4774 , -1.0051 ,  3.5113 ,  1.3063 ,
  0.0003 ,  0.1220 , -0.1589 , -0.1795 ,  1.8427 ,  0.9775 ,
 -0.0400 ,  0.1222 , -0.1593 ,  0.5957 ,  4.8908 ,  1.6278 ,
 -0.0405 ,  0.1623 , -0.4766 , -0.2308 ,  2.3927 ,  1.6314 ,
 -0.0400 ,  0.1222 , -0.1593 ,  0.5957 ,  1.7796 ,  1.6278 ,
 -0.0808 ,  0.1625 , -0.4770 ,  1.3190 ,  2.3298 ,  1.9568 ,
 -0.1609 ,  0.1228 , -0.1605 , -0.9530 ,  1.5910 ,  1.3027 ,
 -0.0412 ,  0.1617 , -0.7939 , -0.2210 ,  1.7690 ,  1.3099 ,
  0.0015 ,  0.2854 , -0.0005 , -0.4302 ,  1.1898 ,  1.3010 ,
  0.0009 ,  0.2443 , -0.1591 , -0.3639 ,  3.0635 ,  2.2785 ,
 -0.0396 ,  0.2037 , -0.1594 ,  0.4728 ,  2.3862 ,  1.3027 ,
 -0.0400 ,  0.1222 , -0.1593 , -0.9540 ,  1.1574 ,  1.3027 ,
 -0.0395 ,  0.1633 , -0.0007 ,  1.3041 ,  1.7727 ,  1.6262 ,
  0.0006 ,  0.1223 , -0.0002 ,  1.3652 ,  3.7101 ,  1.6262 ,
  0.0001 ,  0.1624 , -0.3176 , -1.7859 ,  2.4563 ,  1.3045 ,
 -0.0008 ,  0.1211 , -0.6348 ,  0.6100 ,  1.2181 ,  1.9585 ,
 -0.0395 ,  0.1633 , -0.0007 ,  1.3041 ,  1.1503 ,  1.3010 ,
  0.0406 ,  0.2030 , -0.3173 , -0.2979 ,  0.0224 ,  1.3045 ,
 -0.0805 ,  0.0816 , -0.1596 ,  1.4322 ,  2.3468 ,  0.3270 ,
  0.0398 ,  0.0400 , -0.3170 , -0.8269 ,  2.5426 ,  1.6297 ,
 -0.0400 ,  0.1222 , -0.1593 , -0.9540 ,  3.0241 ,  1.3027 ,
 -0.1614 ,  0.1629 , -0.4779 ,  0.5450 ,  2.8261 ,  0.3306 ,
 -0.0809 ,  0.1631 ,  0.1562 , -0.2463 ,  1.7073 ,  1.3045 ,
  0.0401 ,  0.1619 , -0.4758 , -0.2315 ,  3.7631 ,  0.9811 ,
  0.0404 ,  0.1623 , -0.3172 ,  0.5384 ,  0.6524 ,  1.3045 ,
 -0.0810 ,  0.1218 , -0.4770 , -0.9439 ,  2.3375 ,  0.9811 ,
 -0.0001 ,  0.1217 , -0.3175 , -0.1746 ,  2.4642 ,  1.3045 ,
 -0.0807 ,  0.1221 , -0.3183 ,  0.6009 ,  4.2051 ,  0.6541 ,
 -0.0403 ,  0.2031 , -0.4767 ,  1.2573 ,  1.1402 ,  1.6314 ,
  0.0408 ,  0.1626 , -0.1585 , -0.2413 ,  2.5199 ,  0.9775 ,
  0.0407 ,  0.0813 ,  0.0003 ,  0.6516 ,  1.9141 ,  0.9757 ,
  0.0409 ,  0.1221 ,  0.0002 ,  1.3648 ,  2.5286 ,  0.6504 ,
 -0.0006 ,  0.0806 , -0.4761 , -0.1082 ,  1.8489 ,  1.9568 ,
 -0.0402 ,  0.0814 , -0.1592 ,  1.4320 ,  1.7875 ,  1.9532 ,
  0.0400 ,  0.0807 , -0.3170 ,  1.4361 ,  2.5349 ,  0.9793 ,
  0.0007 ,  0.2035 , -0.1590 ,  0.4724 ,  3.6938 ,  1.9532 ,
 -0.0801 ,  0.1631 , -0.1597 ,  0.5346 ,  1.7090 ,  1.6280 ,
  0.0005 ,  0.1627 , -0.1589 ,  0.5339 ,  0.5903 ,  0.9775 ,
  0.0809 ,  0.2028 , -0.3169 ,  0.4766 ,  2.5742 ,  1.9549 ,
  0.0001 ,  0.1624 , -0.3176 , -1.0110 ,  2.4563 ,  1.3045 ,
  0.0400 ,  0.0807 , -0.3170 , -0.1135 ,  2.5349 ,  1.3045 ,
 -0.0397 ,  0.1225 , -0.0006 , -0.1840 ,  3.0248 ,  1.6262 ,
 -0.1209 ,  0.0006 , -0.0012 ,  1.5506 ,  2.3002 ,  0.9757 ,
  0.1216 ,  0.2029 , -0.1578 ,  1.2462 ,  1.3935 ,  1.3027 ,
  0.0404 ,  0.0810 , -0.1584 , -0.8932 ,  1.9133 ,  0.6522 ,
 -0.0414 ,  0.1209 , -0.7938 , -0.9345 ,  4.2656 ,  1.3099 ,
 -0.0006 ,  0.1618 , -0.6349 , -1.0012 ,  3.6995 ,  1.6332 ,
  0.0003 ,  0.2032 , -0.3177 , -1.8473 ,  0.5817 ,  2.2801 ,
 -0.0390 ,  0.2448 , -0.0009 ,  0.4064 ,  2.3791 ,  0.9757 ,
  0.0003 ,  0.1220 , -0.1589 ,  0.5953 ,  2.4648 ,  1.6278 ,
  0.0008 ,  0.1631 , -0.0003 , -1.0208 ,  0.5910 ,  1.3010 ,
  0.0807 ,  0.1621 , -0.3168 , -1.7865 ,  3.8267 ,  0.6540 ,
 -0.0400 ,  0.2034 , -0.3181 , -0.2972 ,  2.3856 ,  0.9793 ,
 -0.0396 ,  0.2037 , -0.1594 , -0.3021 ,  3.0084 ,  0.6523 ,
  0.0007 ,  0.2035 , -0.1590 , -1.0773 ,  1.8270 ,  0.6522 ,
  0.0405 ,  0.2435 , -0.4760 , -1.1293 ,  1.8806 ,  0.9811 ,
  0.0002 ,  0.2437 , -0.4764 ,  1.9705 ,  1.8177 ,  1.3063 ,
 -0.0003 ,  0.0809 , -0.3174 ,  0.6617 ,  3.0940 ,  1.6297 ,
 -0.0394 ,  0.2445 , -0.1595 ,  1.1861 ,  1.7563 ,  1.3027 ,
  0.0399 ,  0.1212 , -0.4757 ,  0.6048 ,  0.6595 ,  1.3063 ,
  0.0796 ,  0.0799 , -0.6339 ,  0.6708 ,  1.3517 ,  2.2837 ,
  0.1210 ,  0.0806 , -0.1576 , -0.1191 ,  2.6615 ,  0.3270 ,
  0.0811 ,  0.1624 , -0.1581 , -1.0165 ,  2.5829 ,  2.2785 ,
 -0.1215 ,  0.0812 , -0.4773 ,  1.4423 ,  2.2824 ,  1.9568 ,
  0.1207 ,  0.1624 ,  0.1584 , -0.2492 ,  2.0240 ,  1.3045 ,
 -0.0413 , -0.0007 , -0.4763 , -0.7599 ,  2.4238 ,  0.9811 ,
 -0.0404 ,  0.1219 , -0.3179 ,  0.6005 ,  3.6457 ,  0.6541 ,
  0.0013 ,  0.1229 ,  0.3170 ,  1.3555 ,  3.7116 ,  1.2974 ,
 -0.0803 ,  0.1224 , -0.1597 , -0.1788 ,  2.9613 ,  0.9775 ,
 -0.0003 ,  0.0809 , -0.3174 , -0.1131 ,  3.7165 ,  1.9549 ,
  0.0811 ,  0.2436 , -0.3169 ,  1.1900 ,  1.9443 ,  1.3045 ,
  0.0003 ,  0.1220 , -0.1589 , -1.7293 ,  0.5981 ,  0.6522 ,
 -0.0396 ,  0.2037 , -0.1594 ,  0.4728 ,  1.1418 ,  1.3027 ,
 -0.0800 ,  0.2444 , -0.3185 , -1.1332 ,  1.6926 ,  1.9549 ,
  0.0404 ,  0.1623 , -0.3172 ,  0.5384 ,  1.8969 ,  1.3045 ,
 -0.0406 ,  0.0811 , -0.3178 , -0.1128 ,  3.0312 ,  1.6297 ,
 -0.0403 ,  0.0817 ,  0.1559 , -1.6863 ,  1.7728 ,  1.6370 ,
 -0.0396 ,  0.2037 , -0.1594 ,  1.2475 ,  2.3862 ,  1.9533 ,
 -0.0805 ,  0.1628 , -0.3184 , -0.2354 ,  1.0860 ,  0.6541 ,
  0.0394 , -0.0416 , -0.3168 ,  0.0709 ,  2.5581 ,  1.6297 ,
  0.0811 ,  0.1624 , -0.1581 , -1.0165 ,  2.5829 ,  1.3027 ,
 -0.0799 ,  0.2039 , -0.1598 ,  0.4731 ,  2.3233 ,  1.9533 ,
 -0.1613 ,  0.1225 , -0.3191 , -0.1732 ,  0.9679 ,  1.9551 ,
  0.0816 ,  0.2034 ,  0.0004 ,  1.2416 ,  1.9537 ,  1.6261 ,
  0.1210 ,  0.1619 , -0.3164 , -0.2371 ,  3.2673 ,  1.9549 ,
 -0.0008 ,  0.1211 , -0.6348 ,  0.6100 ,  3.0849 ,  1.6332 ,
  0.0807 ,  0.1621 , -0.3168 ,  2.0878 ,  2.5821 ,  1.6297 ,
  0.0393 ,  0.0801 , -0.6343 , -0.1037 ,  1.9111 ,  0.9828 ,
  0.0408 ,  0.1626 , -0.1585 ,  0.5335 ,  1.8977 ,  1.3027 ,
 -0.1203 ,  0.1229 , -0.0014 ,  1.3663 ,  1.6546 ,  0.9757 ,
  0.0005 ,  0.1627 , -0.1589 ,  0.5339 ,  2.4570 ,  0.9775 ,
 -0.0396 ,  0.2037 , -0.1594 , -1.0770 ,  3.6309 ,  0.6523 ,
 -0.0399 ,  0.0817 , -0.0006 , -0.8975 ,  1.1660 ,  1.6262 ,
 -0.0400 ,  0.1222 , -0.1593 ,  0.5957 ,  3.0241 ,  0.9775 ,
  0.0802 ,  0.1210 , -0.4753 , -0.1704 ,  1.3446 ,  0.9811 ,
  0.0003 ,  0.1220 , -0.1589 , -1.7293 ,  3.0870 ,  0.9775 ,
  0.0008 ,  0.1631 , -0.0003 , -1.0208 ,  3.0799 ,  0.9757 ,
 -0.0003 ,  0.0809 , -0.3174 , -0.1131 ,  1.2274 ,  0.6541 ,
  0.0402 ,  0.1215 , -0.3171 ,  0.5999 ,  3.1493 ,  1.3045 ,
  0.0404 ,  0.1623 , -0.3172 , -1.0113 ,  2.5191 ,  0.6541 ,
  0.0406 ,  0.1218 , -0.1585 , -0.1798 ,  0.0387 ,  1.3027 ,
 -0.0001 ,  0.0405 , -0.1587 , -0.8315 , -0.0086 ,  1.3027 ,
 -0.0004 ,  0.1214 , -0.4761 , -0.1697 ,  3.0855 ,  0.9811 ,
  0.0005 ,  0.1627 , -0.1589 ,  0.5339 ,  1.8348 ,  0.9775 ,
  0.0013 ,  0.1229 ,  0.3170 ,  1.3555 ,  1.8448 ,  1.9479 ,
 -0.0001 ,  0.2434 , -0.6350 , -0.3492 , -0.0499 ,  1.6332 ,
 -0.0398 ,  0.1629 , -0.1593 ,  0.5342 ,  1.7719 ,  1.6278 ,
  0.0408 ,  0.1626 , -0.1585 ,  1.3082 ,  2.5199 ,  1.6278 ,
 -0.0804 ,  0.0412 , -0.0009 ,  2.2636 , -0.1337 ,  0.6505 ,
 -0.0008 ,  0.1211 , -0.6348 ,  1.3848 ,  3.7073 ,  1.6332 ,
 -0.1205 ,  0.0821 , -0.0014 ,  2.2025 ,  1.6624 ,  1.9514 ,
 -0.0003 ,  0.0809 , -0.3174 ,  0.6617 ,  2.4719 ,  1.6297 ,
 -0.0398 ,  0.1629 , -0.1593 ,  0.5342 ,  1.1496 ,  1.3027 ,
 -0.0805 ,  0.1628 , -0.3184 ,  0.5394 ,  2.9528 ,  1.6297 ,
 -0.0397 ,  0.1225 , -0.0006 , -0.9589 ,  0.5359 ,  0.3252 ,
  0.0402 ,  0.1215 , -0.3171 ,  0.5999 ,  1.9048 ,  0.9793 ,
  0.1213 ,  0.0810 ,  0.0011 ,  0.6508 ,  0.7954 ,  1.6261 ,
  0.0003 ,  0.2032 , -0.3177 , -0.2975 ,  1.8262 ,  1.6297 ,
  0.0401 ,  0.1619 , -0.4758 , -1.0064 ,  3.7631 ,  1.3063 ,
 -0.0001 ,  0.1217 , -0.3175 , -0.9495 ,  2.4642 ,  1.3045 ,
 -0.0401 ,  0.1625 ,  0.1580 ,  1.3280 ,  1.7416 ,  1.5958 ,
  0.1221 ,  0.2440 ,  0.0008 , -1.9196 ,  2.6309 ,  1.3009 ,
  0.0008 ,  0.1631 , -0.0003 ,  1.3038 ,  1.8356 ,  1.3010 ,
 -0.0802 ,  0.0007 ,  0.1578 , -0.7791 ,  1.1194 ,  0.6487 ,
  0.0406 ,  0.1218 , -0.1585 , -0.1798 ,  2.5276 ,  1.3027 ,
 -0.1606 ,  0.1231 , -0.0018 , -0.1830 ,  1.5917 ,  1.3010 ,
  0.0003 ,  0.1220 , -0.1589 , -0.1795 ,  2.4648 ,  1.3027 ,
  0.1622 ,  0.0808 ,  0.1590 , -1.6905 ,  0.8598 ,  0.9822 ,
  0.0805 ,  0.1213 , -0.3167 , -0.9502 ,  1.9678 ,  1.3045 ,
  0.0407 ,  0.0813 ,  0.0003 ,  0.6516 ,  1.2918 ,  0.6504 ,
  0.0803 ,  0.0805 , -0.3166 ,  0.6610 ,  3.2198 ,  1.3045 ,
  0.0804 ,  0.1618 , -0.4754 , -1.0068 ,  2.5814 ,  1.6314 ,
  0.0003 ,  0.1220 , -0.1589 , -0.1795 ,  3.0870 ,  1.6278 ,
  0.0003 ,  0.1220 , -0.1589 ,  0.5953 ,  1.2203 ,  1.3027 ,
 -0.1615 ,  0.0005 , -0.1603 ,  1.5559 ,  2.8589 ,  1.3027 ,
 -0.0805 ,  0.1628 , -0.3184 , -0.2354 ,  1.0860 ,  1.9549 ,
  0.0001 , -0.0405 ,  0.1587 ,  0.8314 ,  2.4975 ,  1.2992 ,
 -0.1208 ,  0.1630 , -0.3188 , -1.0100 ,  1.0231 ,  1.6297 ,
 -0.0409 ,  0.0808 , -0.4765 ,  2.2165 ,  2.4082 ,  1.3063 ,
  0.0802 ,  0.1210 , -0.4753 ,  0.6044 ,  1.3446 ,  0.9811 ,
  0.0796 ,  0.0799 , -0.6339 ,  0.6708 ,  2.5962 ,  1.3080 ,
 -0.0802 ,  0.0819 , -0.0010 , -0.1222 ,  0.4808 ,  1.3010 ,
 -0.1207 , -0.0393 ,  0.1574 ,  0.0593 ,  2.9422 ,  1.5991 ,
 -0.0823 , -0.0012 , -0.7940 , -1.5247 ,  1.7372 ,  1.6351 ,
 -0.0400 ,  0.1222 , -0.1593 , -0.1791 ,  1.1574 ,  0.9775 ,
  0.0807 ,  0.1621 , -0.3168 , -1.7865 ,  1.3376 ,  1.6297 ,
 -0.0399 ,  0.0817 , -0.0006 , -0.8975 ,  1.1660 ,  0.9757 ,
  0.0402 ,  0.1215 , -0.3171 , -0.9498 ,  1.2825 ,  1.3045 ,
  0.0006 ,  0.1223 , -0.0002 ,  0.5904 ,  3.0877 ,  0.9757 ,
 -0.0806 ,  0.1231 ,  0.1572 ,  0.5794 ,  2.9571 ,  0.9598 ,
  0.0409 ,  0.1221 ,  0.0002 , -0.1847 ,  1.9063 ,  1.3009 ,
 -0.0802 ,  0.0819 , -0.0010 , -0.8971 ,  1.1030 ,  0.6505 ,
 -0.1213 ,  0.1219 , -0.4774 , -0.1687 ,  0.4079 ,  0.9811 ,
  0.0007 ,  0.2035 , -0.1590 , -1.0773 ,  3.6938 ,  1.6278 ,
  0.0003 ,  0.1220 , -0.1589 ,  0.5953 ,  3.0870 ,  1.6278 ,
 -0.0402 ,  0.1626 , -0.3180 ,  0.5391 ,  2.3934 ,  1.3045 ,
 -0.1214 ,  0.0407 , -0.3186 , -0.0506 ,  1.0464 ,  0.3288 ,
  0.0410 ,  0.2033 , -0.1586 ,  2.0219 ,  1.2676 ,  0.3270 ,
 -0.0405 ,  0.1623 , -0.4766 , -2.5556 ,  1.7704 ,  1.3063 ,
  0.0805 ,  0.1213 , -0.3167 , -1.7250 ,  1.3455 ,  0.9793 ,
 -0.0404 ,  0.1219 , -0.3179 ,  0.6005 ,  2.4011 ,  0.6541 ,
  0.0809 ,  0.2028 , -0.3169 , -0.2982 ,  2.5742 ,  1.6297 ,
  0.0003 ,  0.1220 , -0.1589 ,  0.5953 ,  3.0870 ,  0.9775 ,
  0.0410 ,  0.2033 , -0.1586 ,  0.4721 ,  1.2676 ,  1.3027 ,
  0.1217 ,  0.1625 ,  0.0009 , -1.7966 ,  1.4020 ,  2.2766 ,
  0.0006 ,  0.1223 , -0.0002 , -0.1844 ,  0.5988 ,  1.3010 ,
  0.0404 ,  0.0810 , -0.1584 , -0.8932 ,  1.9133 ,  0.9775 ,
 -0.0409 ,  0.0808 , -0.4765 , -2.4326 , -0.0808 ,  1.3063 ,
 -0.0812 ,  0.0810 , -0.4769 , -0.1076 ,  3.5899 ,  0.9811 ,
  0.0805 ,  0.1213 , -0.3167 , -0.1753 ,  3.2121 ,  1.6297 ,
  0.0399 ,  0.1212 , -0.4757 , -0.1701 ,  0.0372 ,  0.0053 ,
  0.1211 ,  0.1210 ,  0.1591 ,  1.3876 ,  1.9955 ,  0.6271 ,
  0.0415 ,  0.2444 , -0.0001 ,  1.1806 ,  0.6383 ,  2.2767 ,
 -0.0408 ,  0.0403 , -0.3178 ,  0.7235 ,  2.4167 ,  0.3288 ,
 -0.0006 ,  0.1618 , -0.6349 ,  0.5485 ,  1.8327 ,  0.6576 ,
 -0.0003 ,  0.0809 , -0.3174 , -0.1131 ,  2.4719 ,  0.6541 ,
  0.1206 ,  0.0803 , -0.3162 , -0.1142 ,  3.2830 ,  1.3045 ,
  0.0417 ,  0.2040 ,  0.1586 , -0.3128 ,  0.0260 ,  0.9656 ,
  0.0403 ,  0.2027 , -0.4759 ,  0.4819 ,  1.8885 ,  1.6314 ,
  0.0805 ,  0.0814 ,  0.1585 , -0.1263 ,  1.9804 ,  0.9779 ,
  0.0405 ,  0.0406 ,  0.0003 ,  1.4878 ,  1.9219 ,  1.6261 ,
 -0.0399 ,  0.0817 , -0.0006 , -0.8975 ,  1.1660 ,  1.3010 ,
  0.0411 ,  0.1629 ,  0.0001 ,  1.3034 ,  0.6540 ,  0.6504 ,
 -0.0814 ,  0.1214 , -0.6356 , -0.1641 ,  0.4700 ,  1.6332 ,
 -0.0002 ,  0.1621 , -0.4762 ,  1.3185 ,  1.2110 ,  1.6314 ,
 -0.1205 ,  0.2038 , -0.3189 , -0.2965 ,  1.6376 ,  1.3045 ,
 -0.1208 ,  0.0418 ,  0.1568 , -0.0630 ,  2.2990 ,  0.9697 ,
  0.0012 ,  0.1634 ,  0.1583 ,  1.2989 ,  2.4586 ,  0.9739 ,
  0.0810 ,  0.0811 ,  0.0007 ,  1.4260 ,  2.5992 ,  0.6504 ,
 -0.0406 ,  0.0811 , -0.3178 ,  1.4368 ,  0.5422 ,  0.3288 ,
 -0.0809 ,  0.0813 , -0.3182 , -2.4374 ,  1.7239 ,  0.3288 ,
 -0.0393 ,  0.2040 , -0.0008 ,  0.4679 ,  2.3869 ,  0.6505 ,
  0.0808 ,  0.1623 ,  0.1573 , -1.0239 ,  2.5721 ,  0.9835 ,
 -0.0413 ,  0.0805 , -0.6351 , -0.1030 ,  1.7852 ,  0.9828 ,
  0.0006 ,  0.1223 , -0.0002 ,  0.5904 ,  3.0877 ,  1.3010 ,
  0.0411 ,  0.1629 ,  0.0001 ,  2.0782 ,  1.8986 ,  0.9757 ,
  0.0411 ,  0.1637 ,  0.3166 , -0.2553 ,  1.2743 ,  0.9699 ,
 -0.0399 ,  0.0817 , -0.0006 , -1.6723 ,  1.1660 ,  0.0000 ,
 -0.0809 ,  0.0813 , -0.3182 , -0.1124 ,  1.7239 ,  0.9793 ,
 -0.0798 ,  0.1635 , -0.0011 ,  0.5297 ,  1.7096 ,  1.6262 ,
 -0.0406 ,  0.0811 , -0.3178 , -0.8877 ,  1.7869 ,  0.6541 ,
  0.0822 ,  0.0828 ,  0.6338 , -1.6771 ,  1.9847 ,  0.9557 ,
 -0.0396 ,  0.2037 , -0.1594 ,  1.2475 , -0.7251 ,  1.6280 ,
 -0.0399 ,  0.0817 , -0.0006 , -0.1226 ,  1.1660 ,  0.9757 ,
  0.0010 ,  0.1226 ,  0.1584 , -2.5143 ,  1.8441 ,  0.9739 ,
  0.0809 ,  0.1216 , -0.1581 ,  0.5946 ,  0.7239 ,  1.3027 ,
 -0.0398 ,  0.1629 , -0.1593 , -0.2406 ,  2.3942 ,  0.3270 ,
  0.0404 ,  0.1623 , -0.3172 ,  0.5384 ,  2.5191 ,  1.3045 ,
  0.1208 ,  0.0399 , -0.1575 ,  0.7172 ,  2.6692 ,  0.3270 ,
  0.0003 ,  0.1220 , -0.1589 , -0.1795 ,  1.8427 ,  0.9775 ,
  0.0406 ,  0.2030 , -0.3173 , -0.2979 ,  0.6446 ,  1.6297 ,
  0.0004 ,  0.0815 , -0.0002 ,  0.6519 , -0.0156 ,  0.6505 ,
  0.0798 ,  0.1207 , -0.6340 , -0.1655 ,  1.9662 ,  0.3323 ,
 -0.0402 ,  0.0814 , -0.1592 ,  1.4320 , -0.0793 ,  0.9775 ,
  0.0807 ,  0.0808 , -0.1580 , -0.8936 ,  1.3540 ,  1.6278 ,
  0.0843 ,  0.3269 , -0.1587 ,  1.0184 ,  1.9678 ,  0.9948 ,
 -0.0396 ,  0.2037 , -0.1594 ,  0.4728 ,  2.3862 ,  1.9533 ,
  0.0003 ,  0.2032 , -0.3177 , -0.2975 ,  2.4485 ,  1.3045 ,
  0.0816 ,  0.2034 ,  0.0004 , -0.3080 ,  2.5758 ,  0.6504 ,
 -0.0001 ,  0.1217 , -0.3175 ,  1.3750 ,  1.8420 ,  0.6541 ,
 -0.1608 ,  0.0823 , -0.0018 ,  2.2028 ,  2.2216 ,  0.6505 ,
 -0.0008 ,  0.1211 , -0.6348 ,  0.6100 ,  2.4627 ,  0.3323 ,
 -0.1208 ,  0.1630 , -0.3188 , -0.2350 ,  2.2675 ,  0.9793 ,
 -0.0402 ,  0.0814 , -0.1592 , -0.1177 ,  1.7875 ,  1.3027 ,
 -0.0398 ,  0.1629 , -0.1593 ,  0.5342 ,  3.0165 ,  1.9532 ,
 -0.0397 ,  0.1225 , -0.0006 , -0.9589 ,  0.5359 ,  0.9757 ,
  0.0010 ,  0.1226 ,  0.1584 , -0.1893 ,  0.5995 , -0.0018 ,
  0.1216 ,  0.2029 , -0.1578 ,  0.4714 ,  3.8825 ,  0.9775 ,
  0.0403 ,  0.0410 ,  0.1589 ,  0.7046 ,  1.9146 ,  1.6037 ,
  0.0808 ,  0.0404 ,  0.0007 ,  0.7127 ,  1.9849 ,  1.6261 ,
  0.0005 ,  0.2440 , -0.3177 , -1.1339 ,  1.8185 ,  0.3288 ,
 -0.1208 ,  0.1630 , -0.3188 ,  0.5398 ,  1.6454 ,  0.9793 ,
  0.0813 ,  0.2031 , -0.1582 , -1.8529 ,  1.3305 ,  0.6522 ,
 -0.0401 ,  0.2439 , -0.4768 , -0.3537 ,  1.1324 ,  1.3063 ,
  0.0409 ,  0.1221 ,  0.0002 ,  2.1398 ,  3.1509 ,  0.9757 ,
 -0.0807 ,  0.1638 ,  0.3145 , -0.2492 ,  2.9578 ,  0.9779 ,
  0.0807 ,  0.0808 , -0.1580 , -2.4434 ,  1.3540 ,  1.3027 ,
 -0.0402 ,  0.0814 , -0.1592 , -0.8925 ,  0.5430 ,  0.6522 ,
  0.0005 ,  0.1627 , -0.1589 ,  0.5339 , -0.0320 ,  0.9775 ,
  0.1208 ,  0.0399 , -0.1575 , -2.3824 ,  0.8025 ,  1.6278 ,
  0.0809 ,  0.1216 , -0.1581 ,  0.5946 ,  0.7239 ,  0.9775 ,
 -0.0400 ,  0.2034 , -0.3181 , -0.2972 ,  1.7634 ,  0.9793 ,
 -0.1214 ,  0.0407 , -0.3186 ,  0.7241 ,  1.6688 ,  0.9793 ,
  0.0010 ,  0.1226 ,  0.1584 ,  0.5856 ,  1.8441 ,  0.9739 ,
  0.0012 ,  0.1634 ,  0.1583 ,  0.5241 ,  1.2140 ,  1.6244 ,
 -0.1608 ,  0.0823 , -0.0018 , -0.1215 ,  0.9772 ,  1.3010 ,
  0.0404 ,  0.0810 , -0.1584 ,  0.6565 ,  1.2910 ,  1.6278 ,
 -0.0404 ,  0.0408 ,  0.1567 , -0.8347 ,  1.7934 ,  1.3033 ,
 -0.0407 ,  0.1216 , -0.4765 ,  0.6055 ,  1.1558 ,  1.3063 ,
  0.0812 ,  0.1219 ,  0.0006 ,  0.5897 ,  0.1024 ,  0.6504 ,
  0.0012 ,  0.1634 ,  0.1583 ,  2.0737 ,  2.4586 ,  0.9739 ,
 -0.0810 ,  0.1218 , -0.4770 , -1.7188 ,  2.3375 ,  0.3306 ,
  0.1212 ,  0.2026 , -0.3164 , -1.0735 ,  1.3927 ,  0.6540 ,
 -0.0404 ,  0.1219 , -0.3179 ,  0.6005 ,  1.7790 ,  0.9793 ,
 -0.0404 ,  0.0406 , -0.1591 ,  0.7186 ,  1.7953 ,  0.6522 ,
 -0.0001 ,  0.0405 , -0.1587 ,  2.2681 ,  2.4805 ,  0.6522 ,
  0.0006 ,  0.1223 , -0.0002 , -0.1844 ,  1.2210 ,  0.9757 ,
 -0.0010 , -0.0009 , -0.4759 , -2.3102 ,  1.2422 ,  0.6558 ,
 -0.0802 ,  0.0007 ,  0.1578 , -0.0042 ,  3.6087 ,  1.6244 ,
 -0.0814 ,  0.0402 , -0.4768 ,  0.7287 ,  0.4864 ,  1.3063 ,
 -0.0402 ,  0.0814 , -0.1592 , -0.8925 ,  1.7875 ,  1.3027 ,
 -0.0810 ,  0.0815 ,  0.1559 , -0.8988 ,  2.3379 ,  0.9807 ,
 -0.0013 , -0.0417 , -0.4758 ,  2.4007 ,  2.4945 ,  1.6314 ,
  0.0808 ,  0.2433 , -0.4756 , -0.3548 ,  1.3212 ,  1.3063 ,
  0.0805 ,  0.0401 , -0.1579 , -0.0573 ,  1.9841 ,  0.6522 ,
 -0.0406 ,  0.0811 , -0.3178 ,  0.6620 ,  3.0312 ,  0.6541 ,
  0.0010 ,  0.1226 ,  0.1584 , -0.1893 ,  2.4664 ,  1.9497 ,
 -0.0395 ,  0.1633 , -0.0007 , -0.2455 ,  1.7727 ,  1.9514 ,
  0.0406 ,  0.1218 , -0.1585 , -0.1798 ,  1.9056 ,  1.3027 ,
  0.0003 ,  0.2032 , -0.3177 , -1.0724 ,  2.4485 ,  0.9793 ,
  0.0001 ,  0.0812 , -0.1588 ,  0.6568 ,  1.2282 ,  0.6522 ,
  0.0000 ,  0.0000 ,  0.0000 , -1.5497 ,  1.2446 ,  1.3010 ,
 -0.0398 ,  0.1629 , -0.1593 , -0.2406 ,  2.3942 ,  0.9775 ,
  0.0411 ,  0.1629 ,  0.0001 , -1.7959 ,  2.5207 ,  0.9757 ,
  0.0812 ,  0.0812 ,  0.1577 , -1.6874 ,  1.3494 ,  0.9919 ,
 -0.0805 ,  0.0816 , -0.1596 ,  0.6575 ,  1.7246 ,  1.9533 ,
  0.0403 ,  0.2027 , -0.4759 ,  0.4819 ,  0.0216 ,  1.9568 ,
 -0.0814 ,  0.0402 , -0.4768 ,  2.2783 ,  0.4864 ,  1.3063 ,
 -0.0807 ,  0.0408 , -0.1595 , -0.0559 ,  3.5993 ,  0.9775 ,
  0.0003 ,  0.1220 , -0.1589 ,  0.5953 ,  1.8427 ,  0.6522 ,
 -0.0003 ,  0.0809 , -0.3174 ,  0.6617 ,  2.4719 ,  1.3045 ,
  0.1204 ,  0.0396 , -0.3161 , -0.8276 ,  2.0462 ,  0.6540 ,
 -0.0411 ,  0.1213 , -0.6352 , -0.9394 , -0.0893 ,  0.9828 ,
  0.0401 ,  0.1221 ,  0.1578 , -0.1869 ,  3.7802 ,  0.9812 ,
 -0.0402 ,  0.0814 , -0.1592 , -0.1177 ,  3.6542 ,  1.3027 ,
 -0.0001 ,  0.1217 , -0.3175 ,  0.6002 ,  1.8420 ,  1.9549 ,
 -0.0001 ,  0.1217 , -0.3175 , -0.1746 ,  1.2197 ,  0.6541 ,
  0.0016 ,  0.2449 ,  0.1582 ,  1.9509 ,  2.4429 ,  0.9739 ,
 -0.0003 ,  0.0809 , -0.3174 , -0.8881 ,  3.0940 ,  0.6541 ,
 -0.0792 ,  0.1235 ,  0.4744 , -0.9694 ,  0.4717 ,  1.5565 ,
  0.0406 ,  0.0807 ,  0.1590 ,  3.0283 ,  1.8774 ,  0.9481 ,
  0.0398 ,  0.0400 , -0.3170 , -0.0520 ,  0.6759 ,  0.9793 ,
  0.0402 ,  0.1215 , -0.3171 ,  0.5999 ,  1.9048 ,  1.6297 ,
 -0.1211 ,  0.1627 , -0.4774 , -1.7799 ,  0.4000 ,  1.3063 ,
  0.0399 , -0.0005 , -0.1582 , -0.7703 ,  1.9290 ,  2.2785 ,
  0.0811 ,  0.1624 , -0.1581 , -0.2416 ,  1.3383 ,  1.3027 ,
 -0.0807 ,  0.1221 , -0.3183 ,  0.6009 , -0.1508 ,  1.3045 ,
 -0.0808 ,  0.1625 , -0.4770 , -0.2305 ,  2.9520 ,  0.3306 ,
  0.0408 ,  0.1626 , -0.1585 , -0.2413 ,  2.5199 ,  0.6522 ,
 -0.0005 ,  0.0401 , -0.3174 , -0.0517 ,  2.4797 ,  1.9549 ,
  0.0005 ,  0.1627 , -0.1589 , -1.0159 ,  1.8348 ,  0.9775 ,
 -0.1607 ,  0.0821 ,  0.3140 , -1.6925 ,  0.3452 ,  0.9341 ,
 -0.0404 ,  0.0406 , -0.1591 , -0.0562 ,  1.1730 ,  0.0018 ,
  0.0405 ,  0.0406 ,  0.0003 , -0.0618 ,  1.9219 ,  1.3009 ,
  0.1207 ,  0.1616 , -0.4750 , -1.7819 ,  2.0221 ,  0.6558 ,
 -0.0006 , -0.0411 , -0.1586 ,  0.0663 ,  1.8739 ,  1.3027 ,
 -0.0402 ,  0.1626 , -0.3180 , -3.3352 ,  1.1489 ,  0.9793 ,
 -0.0398 ,  0.1629 , -0.1593 ,  0.5342 ,  1.1496 ,  0.6522 ,
  0.0017 ,  0.2044 ,  0.3169 ,  0.4578 ,  1.2070 ,  0.3217 ,
 -0.0401 ,  0.0410 , -0.0005 , -0.0611 ,  1.1737 ,  0.3252 ,
  0.0014 ,  0.2041 ,  0.1583 ,  1.2374 ,  1.8285 ,  0.6487 ,
  0.0805 ,  0.1213 , -0.3167 , -0.9502 ,  1.9678 ,  0.0036 ,
 -0.0812 ,  0.1622 , -0.6357 ,  0.5492 , -0.1601 ,  0.6576 ,
 -0.0003 ,  0.0809 , -0.3174 ,  0.6617 ,  1.8497 ,  0.6541 ,
  0.0000 ,  0.0000 ,  0.0000 , -1.5497 ,  1.2446 ,  1.6262 ,
 -0.0808 ,  0.0819 ,  0.1553 , -1.6858 ,  1.7078 ,  0.3462 ,
 -0.1213 ,  0.1219 , -0.4774 , -0.9436 ,  1.0300 ,  0.6558 ,
  0.0805 ,  0.1213 , -0.3167 ,  0.5995 ,  1.3455 ,  1.3045 ,
  0.0404 ,  0.1623 , -0.3172 , -0.2364 ,  0.0302 ,  0.9793 ,
  0.0807 ,  0.0808 , -0.1580 ,  0.6561 ,  1.9763 ,  1.3027 ,
 -0.0001 ,  0.1217 , -0.3175 , -0.1746 ,  1.8420 ,  0.9793 ,
  0.0406 ,  0.1218 , -0.1585 , -0.9547 ,  1.9056 ,  1.6278 ,
 -0.0006 ,  0.1618 , -0.6349 ,  0.5485 ,  1.2103 ,  1.6332 ,
  0.0392 , -0.0011 , -0.4755 ,  0.7891 ,  1.3051 ,  0.3306 ,
  0.0406 ,  0.0001 ,  0.1590 ,  0.7696 ,  2.5527 ,  0.9739 ,
 -0.0406 , -0.0001 , -0.1590 ,  1.5548 ,  1.1808 ,  0.3270 ,
  0.0397 ,  0.0804 , -0.4757 ,  0.6662 ,  1.9119 ,  0.9811 ,
  0.0807 ,  0.1621 , -0.3168 ,  0.5381 ,  0.0931 ,  0.6540 ,
 -0.0398 ,  0.1629 , -0.1593 ,  0.5342 ,  1.7719 ,  1.3027 ,
 -0.0406 , -0.0001 , -0.1590 ,  1.5548 ,  2.4253 ,  1.3027 ,
  0.0389 , -0.0014 , -0.6342 ,  0.7940 ,  0.6822 ,  1.6332 ,
 -0.0001 ,  0.0405 , -0.1587 ,  2.2681 ,  1.8582 ,  0.9775 ,
  0.0808 ,  0.1211 ,  0.1589 ,  2.1787 ,  1.3137 ,  0.6256 ,
  0.0003 ,  0.1220 , -0.1589 , -0.1795 ,  1.2203 ,  0.6522 ,
 -0.0806 ,  0.0004 , -0.0008 ,  0.0007 ,  2.3631 ,  0.6505 ,
  0.0807 ,  0.1218 ,  0.1576 , -0.9607 ,  1.3423 ,  0.6586 ,
  0.0008 ,  0.1631 , -0.0003 , -1.0208 ,  1.8356 ,  0.9757 ,
  0.1210 ,  0.1619 , -0.3164 ,  1.3125 ,  0.7783 ,  0.9793 ,
  0.0018 ,  0.2857 ,  0.1581 ,  1.1145 ,  1.1907 ,  0.3234 ,
 -0.0809 ,  0.0813 , -0.3182 , -0.1124 ,  2.3460 ,  0.9793 ,
 -0.0405 ,  0.1225 ,  0.1570 , -0.1858 ,  2.4054 ,  0.9812 ,
  0.0406 ,  0.2030 , -0.3173 ,  0.4770 ,  1.8892 ,  1.3045 ,
  0.0409 ,  0.1221 ,  0.0002 , -0.1847 ,  1.9063 , -0.0000 ,
  0.0406 ,  0.1218 , -0.1585 , -0.1798 ,  1.9056 ,  0.6522 ,
  0.0402 ,  0.0403 , -0.1583 , -0.0569 ,  1.9211 ,  0.6522 ,
  0.1204 ,  0.0396 , -0.3161 , -3.1522 ,  0.8017 ,  1.3045 ,
 -0.0403 ,  0.0002 , -0.0004 , -1.5494 ,  1.1816 ,  1.6262 ,
 -0.0404 ,  0.0406 , -0.1591 , -0.8311 ,  0.5508 ,  0.9775 ,
 -0.0000 ,  0.2029 , -0.4763 ,  0.4822 ,  1.8255 ,  0.6558 ,
 -0.0402 ,  0.1626 , -0.3180 ,  1.3139 ,  1.1489 ,  0.9793 ,
  0.0406 ,  0.1218 , -0.1585 , -0.9547 ,  1.9056 ,  0.6522 ,
 -0.0006 ,  0.0806 , -0.4761 , -2.4331 ,  1.8489 ,  0.9811 ,
  0.0442 ,  0.2866 ,  0.1591 , -0.4392 ,  1.9108 ,  0.6528 ,
  0.0402 ,  0.1215 , -0.3171 , -0.9498 ,  1.9048 ,  0.6541 ,
  0.0006 ,  0.1223 , -0.0002 , -0.9592 ,  1.2210 ,  1.3010 ,
  0.0808 ,  0.0404 ,  0.0007 , -0.0622 ,  1.9849 ,  0.6504 ,
  0.1210 ,  0.0806 , -0.1576 ,  0.6557 ,  1.4169 ,  0.9775 ,
  0.0003 ,  0.1220 , -0.1589 ,  0.5953 , -0.0242 ,  0.9775 ,
 -0.1221 ,  0.0401 , -0.6358 , -0.8157 ,  1.6673 ,  1.6332 ,
  0.0011 ,  0.0821 ,  0.3171 , -0.1327 ,  3.0971 ,  1.2974 ,
  0.0797 , -0.0418 , -0.3164 ,  0.0705 ,  1.9990 ,  0.9793 ,
  0.0012 ,  0.1634 ,  0.1583 , -0.2507 ,  1.8364 ,  1.2992 ,
 -0.0398 ,  0.0406 ,  0.1589 ,  1.5131 ,  1.1515 ,  1.5937 ,
 -0.0812 ,  0.0810 , -0.4769 ,  0.6673 ,  1.1008 ,  1.3063 ,
 -0.0003 ,  0.0809 , -0.3174 , -0.8881 , -1.8841 ,  0.9793 ,
 -0.0003 , -0.0003 , -0.1586 ,  0.7797 ,  1.2438 ,  0.9775 ,
  0.0404 ,  0.0810 , -0.1584 , -1.6682 ,  1.9133 ,  1.6278 ,
 -0.1210 ,  0.1223 , -0.3187 , -0.1736 ,  0.4086 ,  0.9793 ,
 -0.0404 ,  0.0406 , -0.1591 , -0.0562 ,  1.7953 ,  0.6522 ,
  0.0008 ,  0.0818 ,  0.1585 , -0.9027 ,  2.4743 ,  1.2992 ,
 -0.0402 ,  0.0814 , -0.1592 , -0.8925 ,  1.1652 ,  1.3027 ,
 -0.0803 ,  0.1224 , -0.1597 ,  0.5960 ,  1.7168 ,  1.6280 ,
  0.0401 ,  0.1221 ,  0.1578 , -0.1869 ,  1.2830 ,  0.9812 ,
  0.0800 ,  0.0802 , -0.4752 ,  0.6659 ,  1.3525 ,  0.0053 ,
 -0.0401 ,  0.0410 , -0.0005 , -0.0611 ,  1.7961 ,  1.6262 ,
  0.0002 ,  0.0408 , -0.0001 , -1.6112 ,  0.6144 ,  0.6505 ,
  0.0411 ,  0.1629 ,  0.0001 , -0.2462 ,  0.0317 ,  1.6261 ,
  0.0807 ,  0.1621 , -0.3168 , -0.2368 ,  2.5821 ,  1.3045 ,
  0.0407 ,  0.0813 ,  0.0003 , -2.4481 ,  2.5364 ,  0.9757 ,
  0.1212 ,  0.0814 ,  0.1592 , -0.1278 ,  0.7950 ,  0.6490 ,
  0.0394 , -0.0416 , -0.3168 , -0.7040 ,  1.9361 ,  0.3288 ,
 -0.0400 ,  0.1222 , -0.1593 , -1.7289 ,  3.0241 ,  1.3027 ,
  0.0011 ,  0.0821 ,  0.3171 , -0.1327 ,  2.4750 ,  0.6469 ,
  0.0402 ,  0.0403 , -0.1583 ,  0.7179 ,  1.9211 ,  1.6278 ,
 -0.0814 ,  0.1214 , -0.6356 , -1.7139 ,  1.7145 ,  1.3081 ,
  0.0402 ,  0.0816 ,  0.1581 , -0.1257 ,  1.9173 ,  0.3260 ,
  0.0008 ,  0.0818 ,  0.1585 , -0.9027 ,  1.2296 ,  1.6244 ,
 -0.2009 ,  0.1233 , -0.0023 , -0.1826 ,  1.5287 ,  1.3010 ,
  0.0802 ,  0.1210 , -0.4753 , -0.1704 ,  1.9669 ,  0.9811 ,
  0.0410 ,  0.2033 , -0.1586 , -1.0776 ,  1.8898 ,  0.6522 ,
 -0.1201 ,  0.1636 , -0.0015 ,  0.5300 ,  2.8912 ,  1.9514 ,
 -0.0403 ,  0.2031 , -0.4767 ,  0.4825 ,  3.0069 ,  0.6558 ,
  0.0803 ,  0.0805 , -0.3166 , -2.4385 ,  1.3533 ,  0.3288 ,
  0.2426 ,  0.1619 ,  0.0021 , -0.2479 ,  0.9686 ,  1.3009 ,
  0.0400 ,  0.1628 ,  0.1580 ,  0.5169 ,  1.8903 ,  1.2814 ,
  0.0006 ,  0.1223 , -0.0002 ,  0.5904 ,  1.8433 ,  1.3010 ,
 -0.0413 , -0.0007 , -0.4763 , -1.5347 ,  3.0460 ,  0.9811 ,
 -0.0405 , -0.0406 , -0.0003 , -0.7131 ,  2.4339 ,  0.6505 ,
  0.0411 ,  0.1629 ,  0.0001 ,  0.5286 , -0.5906 ,  0.6504 ,
 -0.0801 ,  0.0821 ,  0.3169 ,  3.0303 ,  1.0633 ,  1.2787 ,
  0.0402 ,  0.1215 , -0.3171 , -0.9498 ,  1.9048 ,  0.6541 ,
  0.0400 ,  0.0807 , -0.3170 , -0.1135 ,  1.9127 ,  0.9793 ,
  0.0815 ,  0.0409 ,  0.3183 , -0.0718 , -0.5026 ,  0.3420 ,
  0.0804 ,  0.1618 , -0.4754 ,  0.5430 ,  0.7146 ,  0.6558 ,
  0.1613 ,  0.0805 , -0.1572 ,  0.6554 ,  1.4798 ,  0.3270 ,
 -0.0390 ,  0.1231 ,  0.3166 , -0.1935 , -0.0830 ,  0.6663 ,
 -0.0400 ,  0.2034 , -0.3181 , -0.2972 ,  2.3856 ,  0.9793 ,
 -0.0402 ,  0.0814 , -0.1592 , -0.1177 ,  1.7875 ,  0.3270 ,
  0.0402 ,  0.0403 , -0.1583 , -0.8318 ,  0.6766 ,  0.6522 ,
 -0.0001 ,  0.0405 , -0.1587 ,  2.2681 ,  1.2359 ,  1.3027 ,
 -0.0005 ,  0.0401 , -0.3174 , -0.8266 ,  1.2353 ,  0.3288 ,
  0.0404 ,  0.0810 , -0.1584 , -0.1184 ,  1.2910 ,  1.3027 ,
 -0.0798 ,  0.1635 , -0.0011 , -3.3447 ,  1.0874 ,  1.3010 ,
  0.0002 ,  0.0408 , -0.0001 , -0.0615 ,  1.8590 ,  1.6262 ,
  0.0811 ,  0.1624 , -0.1581 , -1.7914 ,  3.2050 ,  0.6522 ,
 -0.0403 ,  0.2031 , -0.4767 , -0.2923 ,  2.3847 ,  0.9811 ,
 -0.0005 ,  0.0401 , -0.3174 ,  0.7231 ,  2.4797 ,  0.6541 ,
  0.0812 ,  0.1219 ,  0.0006 , -0.9599 ,  1.3469 ,  0.9757 ,
  0.0411 ,  0.1629 ,  0.0001 , -0.2462 ,  1.2762 ,  1.3009 ,
 -0.0815 , -0.0410 , -0.3180 ,  0.0719 , -0.1195 ,  0.6541 ,
  0.0404 ,  0.1623 , -0.3172 , -1.7862 ,  1.2746 ,  0.3288 ,
  0.0003 ,  0.2032 , -0.3177 ,  2.0270 ,  1.2040 ,  0.3288 ,
 -0.0825 ,  0.0393 , -0.9527 , -0.0314 ,  2.3508 ,  0.9864 ,
  0.0807 ,  0.1621 , -0.3168 , -1.0116 , -0.5293 ,  1.3045 ,
 -0.0004 ,  0.1214 , -0.4761 , -0.1697 ,  2.4633 ,  1.3063 ,
 -0.0009 ,  0.1615 , -0.7935 , -2.5460 ,  1.8318 ,  1.3099 ,
  0.0805 ,  0.0401 , -0.1579 ,  0.7176 ,  2.6064 ,  0.0018 ,
 -0.0403 ,  0.0822 ,  0.1579 ,  0.6421 ,  1.1599 ,  1.9256 ,
  0.1619 , -0.0002 ,  0.3189 ,  1.5384 ,  2.7422 ,  1.2974 ,
  0.0803 ,  0.0805 , -0.3166 , -0.1138 ,  2.5977 ,  0.9793 ,
  0.0001 ,  0.1624 , -0.3176 , -0.2361 ,  0.5895 ,  1.3045 ,
 -0.0397 ,  0.1225 , -0.0006 , -0.1840 ,  2.4026 ,  0.6505 ,
  0.0791 ,  0.0388 , -0.7925 , -0.0377 ,  1.3588 ,  1.3098 ,
 -0.0399 ,  0.0817 , -0.0006 ,  0.6522 ,  1.7882 ,  0.9757 ,
 -0.1215 ,  0.0812 , -0.4773 , -0.8821 ,  1.6601 ,  1.6314 ,
 -0.0404 ,  0.0406 , -0.1591 ,  2.2682 ,  0.5508 ,  1.3027 ,
 -0.0003 ,  0.0809 , -0.3174 , -0.1131 ,  1.8497 , -0.3217 ,
  0.1201 ,  0.1205 , -0.6336 , -1.7156 ,  0.1623 ,  1.3080 ,
 -0.0816 ,  0.0807 , -0.6355 ,  0.6722 ,  2.3448 ,  0.3324 ,
  0.0810 ,  0.0811 ,  0.0007 ,  2.2008 ,  0.1102 ,  0.6504 ,
 -0.0802 ,  0.0819 , -0.0010 , -1.6720 ,  1.7254 ,  0.3253 ,
  0.1206 ,  0.1216 ,  0.1590 ,  0.5790 ,  2.6449 ,  1.2816 ,
  0.0820 ,  0.2850 ,  0.0003 ,  0.3439 , -1.1735 ,  0.6504 ,
  0.0002 ,  0.0408 , -0.0001 , -0.8363 ,  0.6144 ,  1.3010 ,
  0.0400 ,  0.0807 , -0.3170 , -0.1135 ,  0.6681 ,  1.3045 ,
  0.1609 ,  0.0801 , -0.3158 ,  0.6603 ,  2.7235 ,  0.6540 ,
  0.0403 , -0.0002 ,  0.0004 ,  0.7745 ,  1.9298 ,  1.3009 ,
  0.0395 ,  0.0396 , -0.4756 , -0.8220 ,  0.6751 ,  1.3063 ,
  0.0005 ,  0.1627 , -0.1589 , -0.2409 , -0.0320 ,  0.6522 ,
  0.1219 ,  0.2032 ,  0.0008 ,  1.2413 ,  0.7720 ,  0.9757 ,
  0.0397 ,  0.0804 , -0.4757 ,  2.2158 ,  1.2895 ,  1.3063 ,
  0.0405 ,  0.0406 ,  0.0003 , -3.9364 ,  0.6774 ,  1.3009 ,
 -0.0400 ,  0.1222 , -0.1593 ,  0.5957 ,  1.7796 ,  1.9532 ,
 -0.1213 ,  0.1219 , -0.4774 , -0.9436 ,  0.4079 ,  0.6558 ,
  0.0007 ,  0.2035 , -0.1590 , -0.3024 ,  1.2047 ,  0.6522 ,
  0.0001 ,  0.0812 , -0.1588 , -0.8930 ,  1.2282 ,  0.6522 ,
 -0.0400 ,  0.1222 , -0.1593 ,  0.5957 ,  1.1574 ,  0.0018 ,
  0.0398 ,  0.0400 , -0.3170 , -0.0520 , -0.5687 ,  0.9793 ,
  0.0409 ,  0.1221 ,  0.0002 ,  0.5901 ,  3.1509 ,  1.6261 ,
 -0.0406 ,  0.0811 , -0.3178 , -0.8877 ,  2.4091 ,  1.9549 ,
  0.0802 ,  0.1210 , -0.4753 , -0.1704 ,  1.3446 ,  0.9811 ,
  0.0391 ,  0.0393 , -0.6342 , -0.0422 ,  1.9189 ,  0.9828 ,
 -0.0398 ,  0.1629 , -0.1593 , -1.0155 ,  1.7719 ,  0.0018 ,
 -0.0407 ,  0.1216 , -0.4765 , -0.9442 ,  0.5336 ,  0.9811 ,
  0.0807 ,  0.0808 , -0.1580 , -0.1187 ,  0.7317 ,  0.9775 ,
  0.0402 ,  0.1215 , -0.3171 , -0.1749 ,  0.6602 ,  0.3288 ,
  0.0812 ,  0.1219 ,  0.0006 ,  0.5897 ,  1.9693 ,  0.9757 ,
 -0.0005 ,  0.0401 , -0.3174 , -0.0517 ,  1.2353 ,  0.9793 ,
 -0.0803 ,  0.1224 , -0.1597 , -0.1788 ,  2.3390 ,  0.0018 ,
  0.0399 ,  0.1212 , -0.4757 , -0.9449 ,  1.9040 ,  0.3306 ,
  0.0810 ,  0.0811 ,  0.0007 ,  0.6512 ,  2.5992 ,  0.6504 ,
 -0.0806 ,  0.0004 , -0.0008 ,  0.0007 ,  0.4964 ,  0.3252 ,
  0.0003 ,  0.2032 , -0.3177 , -1.0724 ,  1.8262 ,  1.3045 ,
  0.0003 ,  0.2032 , -0.3177 ,  0.4773 ,  1.8262 ,  0.6541 ,
 -0.0405 ,  0.1623 , -0.4766 , -1.0057 ,  0.5258 ,  0.3306 ,
  0.0399 ,  0.1212 , -0.4757 , -0.9449 ,  2.5263 ,  0.3306 ,
  0.0006 ,  0.1223 , -0.0002 ,  0.5904 ,  1.2210 ,  0.9757 ,
 -0.0004 ,  0.2026 , -0.6350 , -1.8374 ,  1.2024 ,  0.9828 ,
  0.0810 ,  0.0811 ,  0.0007 , -1.6734 ,  1.9770 ,  0.9757 ,
  0.1215 ,  0.1217 ,  0.0010 , -0.1854 ,  0.1653 ,  0.3252 ,
 -0.0805 ,  0.0816 , -0.1596 ,  2.2071 ,  2.3468 ,  0.6523 ,
  0.1208 ,  0.1211 , -0.3163 , -0.9505 ,  2.0305 ,  0.9793 ,
  0.0402 ,  0.1215 , -0.3171 ,  1.3747 ,  1.2825 ,  1.3045 ,
  0.0396 , -0.0008 , -0.3169 ,  0.7843 ,  0.6837 ,  1.3045 ,
 -0.0416 , -0.0415 , -0.4762 , -0.6984 ,  1.1871 ,  0.9811 ,
 -0.0406 , -0.0001 , -0.1590 , -0.7697 , -0.0637 ,  1.3027 ,
  0.1618 ,  0.1215 ,  0.0014 , -0.9607 ,  2.0951 ,  0.3252 ,
 -0.0007 , -0.0006 , -0.3173 ,  0.7846 ,  1.2430 ,  0.6541 ,
 -0.0399 ,  0.0413 ,  0.3134 , -3.1926 ,  1.7848 ,  1.3226 ,
  0.0412 ,  0.2441 , -0.1587 ,  1.1853 ,  1.8822 ,  0.3270 ,
 -0.1206 ,  0.0429 ,  0.3158 ,  0.6954 ,  2.2956 ,  0.9558 ,
  0.1214 ,  0.1622 , -0.1577 ,  0.5328 ,  0.7790 ,  1.3027 ,
  0.0809 ,  0.1216 , -0.1581 , -0.1802 ,  1.3462 ,  0.9775 ,
  0.0014 ,  0.2041 ,  0.1583 , -1.0871 ,  1.2062 ,  1.6244 ,
  0.1210 ,  0.0806 , -0.1576 ,  0.6557 ,  2.0391 ,  0.6522 ,
  0.0807 ,  0.1621 , -0.3168 , -0.2368 ,  4.4486 ,  0.6540 ,
 -0.0399 ,  0.0817 , -0.0006 , -0.8975 ,  3.0327 ,  0.9757 ,
  0.0803 ,  0.0805 , -0.3166 ,  2.2107 ,  1.3533 ,  0.6540 ,
  0.0803 ,  0.0805 , -0.3166 , -1.6636 ,  1.3533 ,  1.3045 ,
  0.0009 ,  0.2443 , -0.1591 , -0.3639 ,  1.1969 ,  0.3270 ,
 -0.0001 ,  0.0405 , -0.1587 , -1.6064 , -0.0086 ,  0.9775 ,
 -0.1203 ,  0.1241 ,  0.3156 ,  0.5736 ,  1.6514 ,  0.3183 ,
  0.0397 ,  0.0804 , -0.4757 , -1.6584 ,  0.6673 ,  0.3306 ,
  0.0003 ,  0.1220 , -0.1589 , -0.9544 ,  3.0870 ,  0.9775 ,
  0.0010 ,  0.1226 ,  0.1584 ,  0.5856 ,  1.8441 ,  1.2992 ,
 -0.0001 ,  0.0405 , -0.1587 , -0.8315 ,  1.2359 ,  0.9775 ,
 -0.0406 ,  0.0811 , -0.3178 ,  1.4368 ,  1.7869 ,  0.9793 ,
 -0.0002 ,  0.1621 , -0.4762 , -0.2312 ,  1.2110 ,  0.9811 ,
  0.1211 ,  0.1219 ,  0.1593 ,  0.5817 ,  0.7756 ,  0.6418 ,
  0.0798 ,  0.1207 , -0.6340 , -0.9404 ,  0.0994 ,  1.6332 ,
  0.0803 ,  0.0805 , -0.3166 ,  0.6610 ,  0.7310 ,  1.3045 ,
  0.0001 ,  0.1624 , -0.3176 , -1.0110 , -0.0327 ,  1.3045 ,
  0.0411 ,  0.1629 ,  0.0001 , -0.2462 ,  1.8986 ,  0.6504 ,
 -0.0008 ,  0.0398 , -0.4760 , -0.8217 ,  1.8568 ,  0.9811 ,
  0.0001 ,  0.0812 , -0.1588 ,  0.6568 ,  1.8504 ,  0.6522 ,
  0.0413 ,  0.2036 ,  0.0000 ,  3.5663 ,  1.2683 ,  0.9757 ,
  0.0397 ,  0.0804 , -0.4757 , -0.8835 ,  1.9119 ,  0.9811 ,
  0.0798 ,  0.0395 , -0.4752 , -0.0475 ,  1.9826 ,  1.3063 ,
 -0.0408 ,  0.0403 , -0.3178 , -1.6010 ,  1.7946 ,  1.3045 ,
  0.0809 ,  0.1216 , -0.1581 ,  0.5946 ,  1.3462 ,  0.9775 ,
 -0.0015 ,  0.1204 , -0.9520 , -0.9299 ,  1.8389 ,  0.9864 ,
 -0.0002 , -0.0408 ,  0.0001 , -1.4883 ,  0.6301 ,  0.3252 ,
  0.1615 ,  0.1212 , -0.1573 , -0.9557 ,  1.4721 ,  0.9775 ,
 -0.0809 ,  0.0813 , -0.3182 ,  0.6624 ,  2.3460 ,  0.6541 ,
 -0.0806 ,  0.0004 , -0.0008 , -0.7742 ,  0.4964 ,  0.6505 ,
  0.0807 ,  0.0808 , -0.1580 , -0.1187 ,  1.9763 ,  0.9775 ,
  0.0810 ,  0.0811 ,  0.0007 , -0.8985 ,  0.7325 ,  0.9757 ,
  0.0409 ,  0.1221 ,  0.0002 , -0.1847 ,  2.5286 ,  0.6504 ,
  0.0814 ,  0.1627 ,  0.0005 , -1.0214 ,  0.7169 ,  0.3252 ,
  0.0000 ,  0.0000 ,  0.0000 ,  0.7748 ,  1.8670 ,  0.9757 ,
  0.0001 ,  0.0812 , -0.1588 , -1.6679 ,  2.4725 ,  1.3027 ,
  0.0001 ,  0.0812 , -0.1588 ,  0.6568 ,  1.8504 ,  0.3270 ,
 -0.0413 ,  0.0805 , -0.6351 , -0.1030 ,  1.7852 ,  1.6332 ,
  0.0008 ,  0.1631 , -0.0003 ,  2.8534 ,  1.8356 ,  0.9757 ,
  0.0809 ,  0.1216 , -0.1581 , -0.1802 ,  1.3462 ,  1.3027 ,
 -0.1207 ,  0.0413 , -0.0013 , -0.0604 , -1.4413 ,  0.0000 ,
  0.1204 ,  0.0396 , -0.3161 , -0.0527 ,  1.4240 ,  0.6540 ,
 -0.0005 ,  0.0401 , -0.3174 , -0.8266 ,  1.8576 ,  0.6541 ,
  0.0390 , -0.0419 , -0.4754 ,  0.8506 ,  1.9353 ,  2.2820 ,
  0.0804 ,  0.1625 ,  0.1579 , -0.2486 ,  1.3364 ,  1.6302 ,
 -0.0408 ,  0.0403 , -0.3178 ,  1.4983 ,  1.1724 ,  1.3045 ,
  0.0805 ,  0.1213 , -0.3167 , -0.1753 ,  0.7232 ,  0.9793 ,
 -0.0801 ,  0.1631 , -0.1597 , -1.0152 , -0.1578 ,  1.3027 ,
  0.1596 , -0.0428 , -0.6329 ,  0.8544 ,  0.8787 ,  1.3080 ,
  0.0402 ,  0.1215 , -0.3171 , -0.1749 ,  1.2825 ,  0.9793 ,
 -0.0403 ,  0.0002 , -0.0004 ,  0.0003 ,  1.8039 ,  0.3252 ,
 -0.0809 ,  0.2030 , -0.6357 , -0.2871 ,  1.6989 ,  1.3081 ,
  0.1212 ,  0.1214 , -0.1577 , -0.9554 ,  0.7868 ,  1.6278 ,
  0.1611 ,  0.2031 ,  0.1590 ,  0.4564 ,  0.8186 , -0.6424 ,
 -0.0411 ,  0.0400 , -0.4764 ,  0.7284 , -0.0730 ,  0.6558 ,
 -0.0003 ,  0.0809 , -0.3174 , -1.6630 ,  0.6051 ,  0.9793 ,
 -0.0005 ,  0.0401 , -0.3174 , -0.8266 ,  2.4797 ,  0.9793 ,
 -0.0814 ,  0.0402 , -0.4768 , -0.0461 , -0.1359 ,  0.9811 ,
  0.0398 ,  0.0400 , -0.3170 , -1.6018 ,  0.6759 , -0.3217 ,
 -0.1207 ,  0.0413 , -0.0013 , -0.8353 ,  1.0479 ,  0.9757 ,
  0.1217 ,  0.1625 ,  0.0009 , -1.7966 ,  1.4020 ,  0.6504 ,
  0.0008 ,  0.1631 , -0.0003 , -0.2458 ,  0.5910 ,  1.3010 ,
 -0.0402 ,  0.0814 , -0.1592 , -1.6675 ,  2.4096 ,  0.6522 ,
 -0.0811 ,  0.0405 , -0.3182 , -0.0510 ,  0.4871 ,  0.6541 ,
  0.0393 ,  0.0801 , -0.6343 ,  1.4459 ,  3.7781 ,  0.9828 ,
  0.0012 ,  0.1634 ,  0.1583 , -1.8006 ,  0.5918 ,  1.2992 ,
  0.0400 ,  0.0807 , -0.3170 , -0.8884 ,  1.9127 ,  1.3045 ,
 -0.0811 ,  0.0405 , -0.3182 ,  1.4986 ,  1.7317 ,  0.6541 ,
  0.0392 ,  0.2018 , -0.9518 ,  0.4966 ,  3.1306 ,  0.6611 ,
 -0.0006 ,  0.0806 , -0.4761 , -0.1082 ,  0.6044 ,  0.9811 ,
 -0.0400 ,  0.1222 , -0.1593 ,  1.3704 ,  1.7796 ,  0.0018 ,
 -0.0405 ,  0.1225 ,  0.1570 , -0.1858 ,  1.7811 ,  0.9812 ,
  0.0003 ,  0.1220 , -0.1589 , -0.1795 ,  2.4648 ,  1.3027 ,
  0.0407 ,  0.0813 ,  0.0003 , -0.1233 ,  2.5364 ,  0.9757 ,
  0.0809 ,  0.1216 , -0.1581 , -1.7299 ,  1.3462 ,  0.3270 ,
  0.0392 , -0.0011 , -0.4755 ,  0.0143 ,  0.0607 ,  1.3063 ,
  0.0397 ,  0.0804 , -0.4757 , -0.8835 ,  1.9119 ,  0.9811 ,
  0.0409 ,  0.1221 ,  0.0002 , -0.9596 ,  1.2841 ,  0.3252 ,
 -0.0803 ,  0.1224 , -0.1597 , -0.1788 ,  1.7168 ,  1.3027 ,
  0.1203 ,  0.0800 , -0.4749 , -0.1093 ,  2.0376 ,  0.6558 ,
  0.0410 ,  0.2033 , -0.1586 , -2.6274 ,  0.6454 ,  1.3027 ,
 -0.0803 ,  0.1224 , -0.1597 , -0.9537 ,  1.0945 ,  0.9775 ,
  0.0406 ,  0.1218 , -0.1585 ,  2.1446 ,  1.2833 ,  1.3027 ,
 -0.0005 ,  0.0401 , -0.3174 ,  0.7231 ,  2.4797 ,  0.6541 ,
  0.0400 ,  0.0807 , -0.3170 , -0.8884 ,  0.6681 ,  0.9793 ,
 -0.0401 ,  0.0410 , -0.0005 ,  1.4885 ,  1.7961 ,  0.3252 ,
  0.0003 ,  0.1220 , -0.1589 , -0.1795 ,  1.8427 ,  0.6522 ,
 -0.0001 ,  0.1217 , -0.3175 , -0.9495 , -0.0249 ,  0.9793 ,
  0.0002 ,  0.0408 , -0.0001 , -0.0615 ,  1.2367 ,  0.9757 ,
  0.0009 ,  0.0414 ,  0.3172 ,  1.4784 , -0.0063 ,  0.6469 ,
 -0.0406 ,  0.0811 , -0.3178 , -1.6626 , -0.0800 ,  1.6297 ,
  0.0004 ,  0.0815 , -0.0002 , -0.8978 ,  0.6066 ,  0.9757 ,
  0.0795 , -0.0013 , -0.4751 , -0.7609 ,  0.7459 , -0.3199 ,
 -0.0404 ,  0.1219 , -0.3179 , -1.7241 ,  1.7790 ,  0.6541 ,
  0.0016 ,  0.2449 ,  0.1582 , -1.1486 ,  1.8207 ,  1.2992 ,
  0.0414 ,  0.0824 ,  0.4744 , -1.6742 ,  1.9158 , -0.6518 ,
  0.0401 ,  0.1619 , -0.4758 , -0.2315 , -1.2153 ,  0.9811 ,
  0.0803 ,  0.0805 , -0.3166 , -0.8887 ,  1.3533 ,  1.3045 ,
 -0.0001 ,  0.1217 , -0.3175 , -0.1746 ,  1.2197 ,  0.9793 ,
 -0.0012 ,  0.0395 , -0.6346 ,  0.7329 , -0.0108 , -0.3181 ,
 -0.0406 ,  0.0811 , -0.3178 , -0.1128 ,  0.5422 ,  0.3288 ,
  0.0806 , -0.0004 ,  0.0008 , -0.7756 ,  1.3704 ,  0.6504 ,
  0.0001 ,  0.0812 , -0.1588 , -0.8930 ,  2.4725 ,  0.9775 ,
 -0.0006 ,  0.0806 , -0.4761 , -0.1082 ,  1.8489 ,  0.6558 ,
  0.0809 ,  0.2028 , -0.3169 , -1.8479 ,  2.5742 ,  0.3288 ,
  0.0810 ,  0.1630 ,  0.1584 , -0.2503 ,  0.7117 ,  0.6484 ,
 -0.0400 ,  0.1222 , -0.1593 ,  0.5957 ,  1.7796 ,  0.3270 ,
  0.0809 ,  0.1216 , -0.1581 , -0.1802 ,  1.3462 ,  1.3027 ,
  0.0795 , -0.0013 , -0.4751 , -2.3106 ,  0.1236 ,  0.9811 ,
 -0.0402 ,  0.0814 , -0.1592 , -1.6675 ,  1.1652 ,  0.6522 ,
  0.0007 ,  0.2035 , -0.1590 , -1.8522 ,  1.2047 ,  0.9775 ,
 -0.1211 , -0.0402 , -0.0011 ,  0.0625 ,  1.0636 ,  0.0000 ,
  0.1618 ,  0.1215 ,  0.0014 , -0.1858 ,  2.0951 ,  1.3009 ,
  0.0402 ,  0.0403 , -0.1583 , -0.8318 ,  1.2989 ,  0.6522 ,
 -0.0795 ,  0.0419 ,  0.3166 ,  0.6941 , -1.3767 ,  0.6419 ,
 -0.0413 ,  0.0805 , -0.6351 , -0.8779 ,  1.7852 ,  0.9828 ,
  0.0002 ,  0.0408 , -0.0001 , -1.6112 ,  1.2367 ,  0.6505 ,
  0.0802 ,  0.1210 , -0.4753 ,  0.6044 ,  0.7224 , -0.3199 ,
  0.0806 , -0.0004 ,  0.0008 , -0.0007 ,  1.3704 ,  0.3252 ,
 -0.0805 ,  0.1628 , -0.3184 , -1.0103 ,  1.7083 ,  0.0036 ,
  0.0807 ,  0.1621 , -0.3168 ,  0.5381 ,  1.3376 ,  0.3288 ,
 -0.0805 ,  0.1628 , -0.3184 ,  0.5394 ,  1.0860 ,  1.6297 ,
 -0.1205 ,  0.0821 , -0.0014 ,  1.4276 ,  1.0400 ,  1.3010 ,
 -0.1624 , -0.0409 , -0.4774 ,  0.8523 ,  1.6206 ,  1.9568 ,
  0.0003 ,  0.1220 , -0.1589 , -0.1795 ,  1.2203 ,  0.9775 ,
  0.0795 , -0.0013 , -0.4751 , -2.3106 ,  1.3680 ,  0.3306 ,
 -0.0406 , -0.0001 , -0.1590 , -0.7697 ,  1.8031 ,  1.3027 ,
  0.0802 , -0.0007 , -0.1578 ,  0.7790 ,  0.7474 ,  0.6522 ,
  0.0808 ,  0.1623 ,  0.1573 , -1.0239 ,  1.9521 ,  0.6601 ,
  0.1213 ,  0.0810 ,  0.0011 , -0.8988 ,  0.7954 ,  0.3252 ,
  0.0397 ,  0.0804 , -0.4757 ,  1.4410 ,  1.2895 ,  0.9811 ,
 -0.0397 ,  0.1225 , -0.0006 , -0.9589 , -0.0864 ,  0.3252 ,
  0.0809 ,  0.1216 , -0.1581 , -0.9551 ,  0.1017 ,  0.3270 ,
  0.0006 ,  0.0411 ,  0.1586 , -0.0664 ,  1.8598 ,  0.3234 ,
  0.0004 ,  0.0815 , -0.0002 ,  2.2015 ,  2.4733 ,  0.6505 ,
 -0.0803 ,  0.1224 , -0.1597 ,  0.5960 ,  1.0945 ,  0.0018 ,
  0.0406 ,  0.1218 , -0.1585 ,  0.5950 ,  1.2833 ,  0.9775 ,
  0.0003 ,  0.1220 , -0.1589 ,  0.5953 ,  0.5981 ,  0.3270 ,
 -0.1212 ,  0.0815 , -0.3186 , -0.1121 ,  1.6610 ,  1.3045 ,
 -0.0005 ,  0.0401 , -0.3174 , -1.6015 ,  1.2353 ,  0.6541 ,
  0.0806 ,  0.0407 ,  0.1592 ,  0.7041 ,  1.9766 ,  0.9592 ,
  0.0405 ,  0.0406 ,  0.0003 ,  0.7130 ,  0.6774 ,  0.3252 ,
  0.0803 ,  0.0805 , -0.3166 , -0.8887 ,  1.9755 ,  0.9793 ,
 -0.0814 ,  0.1214 , -0.6356 ,  0.6107 ,  1.0922 ,  0.9828 ,
  0.0409 ,  0.1221 ,  0.0002 , -0.9596 ,  0.6618 ,  0.3252 ,
 -0.0411 ,  0.0400 , -0.4764 , -0.8214 ,  1.7939 ,  0.9811 ,
 -0.1212 ,  0.0815 , -0.3186 , -1.6619 ,  0.4164 ,  0.6541 ,
  0.0006 ,  0.1223 , -0.0002 , -0.1844 ,  1.2210 ,  0.6505 ,
  0.0010 ,  0.2038 , -0.0004 , -1.0821 ,  1.8277 ,  1.3010 ,
 -0.0408 ,  0.0403 , -0.3178 ,  0.7235 ,  1.7946 ,  0.6541 ,
  0.0404 ,  0.1623 , -0.3172 , -0.2364 ,  0.6524 ,  0.3288 ,
  0.1204 ,  0.0396 , -0.3161 ,  0.7221 ,  0.8017 ,  0.6540 ,
 -0.0406 ,  0.0811 , -0.3178 , -0.8877 ,  1.7869 ,  0.9793 ,
  0.0408 ,  0.1626 , -0.1585 ,  0.5335 ,  1.8977 ,  1.3027 ,
 -0.0813 , -0.0002 , -0.3181 , -0.7644 ,  1.7395 , -0.3217 ,
  0.1211 ,  0.0402 ,  0.0011 , -0.0625 ,  0.8032 ,  0.6504 ,
 -0.0408 ,  0.0403 , -0.3178 , -0.8262 , -0.0722 ,  0.6541 ,
 -0.0813 , -0.0002 , -0.3181 ,  0.0105 ,  1.1171 ,  0.6541 ,
  0.0405 ,  0.1625 ,  0.1566 , -1.8094 ,  1.2644 ,  0.3464 ,
 -0.0001 ,  0.1217 , -0.3175 , -0.9495 ,  1.8420 ,  0.9793 ,
 -0.0407 ,  0.1216 , -0.4765 ,  1.3803 ,  1.1558 ,  0.0053 ,
 -0.0409 ,  0.0808 , -0.4765 ,  0.6669 ,  1.1637 ,  0.9811 ,
 -0.0002 ,  0.1621 , -0.4762 ,  0.5437 ,  1.8333 ,  1.3063 ,
  0.0391 ,  0.0393 , -0.6342 , -1.5921 ,  1.9189 ,  0.6576 ,
 -0.0408 ,  0.0403 , -0.3178 ,  0.7235 ,  1.7946 ,  0.0036 ,
 -0.0001 ,  0.1217 , -0.3175 , -1.7244 ,  0.5973 ,  0.3288 ,
 -0.0008 ,  0.0398 , -0.4760 , -0.0468 ,  1.8568 ,  1.3063 ,
  0.0393 ,  0.0801 , -0.6343 , -1.6535 ,  0.6665 ,  0.3323 ,
  0.0398 ,  0.0400 , -0.3170 , -2.3768 ,  1.2981 ,  0.9793 ,
 -0.0816 ,  0.0807 , -0.6355 , -0.1027 ,  0.4778 ,  0.0071 ,
  0.1609 ,  0.0801 , -0.3158 , -0.1145 ,  3.3458 ,  0.3288 ,
 -0.0001 ,  0.0405 , -0.1587 , -3.9309 ,  2.4805 ,  0.9775 ,
  0.0396 , -0.0008 , -0.3169 , -0.7654 ,  0.6837 ,  0.9793 ,
  0.0799 , -0.0010 , -0.3165 , -0.7659 ,  1.9911 ,  0.0036 ,
  0.0399 ,  0.1212 , -0.4757 , -0.9449 ,  1.2817 ,  0.6558 ,
 -0.0001 ,  0.0405 , -0.1587 , -0.8315 , -0.0086 ,  1.3027 ,
  0.0809 , -0.0001 ,  0.1594 ,  0.7692 ,  1.9934 ,  0.6487 ,
  0.0401 ,  0.1619 , -0.4758 , -1.0064 ,  1.2739 ,  0.0053 ,
  0.0402 ,  0.1215 , -0.3171 ,  2.1495 ,  0.6602 ,  0.6541 ,
 -0.0003 ,  0.0809 , -0.3174 , -0.1131 ,  1.8497 ,  0.0036 ,
  0.0399 , -0.0005 , -0.1582 ,  0.0045 ,  2.5511 ,  0.9775 ,
 -0.0404 ,  0.0406 , -0.1591 ,  0.7186 ,  1.7953 ,  1.6278 ,
  0.0010 ,  0.2038 , -0.0004 , -1.0821 ,  1.8277 ,  1.6262 ,
 -0.0804 ,  0.0422 ,  0.3154 , -0.0662 ,  2.3622 ,  0.3208 ,
  0.1613 ,  0.0805 , -0.1572 ,  0.6554 ,  2.1020 ,  0.3270 ,
 -0.0807 ,  0.1221 , -0.3183 , -0.9488 ,  1.7161 ,  0.3288 ,
  0.0003 ,  0.1220 , -0.1589 ,  0.5953 ,  1.8427 ,  0.6522 ,
 -0.0402 ,  0.0814 , -0.1592 ,  0.6571 ,  1.1652 ,  0.3270 ,
  0.0005 ,  0.1627 , -0.1589 , -0.2409 ,  1.8348 ,  0.9775 ,
  0.0800 , -0.0415 , -0.1578 ,  0.0657 ,  0.1329 ,  0.0018 ,
  0.0807 ,  0.1621 , -0.3168 , -0.2368 ,  2.5821 ,  0.0036 ,
 -0.0805 ,  0.0816 , -0.1596 ,  0.6575 ,  1.1023 ,  0.6523 ,
 -0.0404 ,  0.0406 , -0.1591 , -0.8311 ,  1.1730 ,  0.3270 ,
 -0.1217 , -0.0813 , -0.1597 ,  0.9036 ,  0.4484 ,  0.6523 ,
  0.0002 ,  0.0408 , -0.0001 , -0.8363 ,  2.4812 ,  0.9757 ,
  0.0409 ,  0.1221 ,  0.0002 , -1.7345 ,  0.6618 , -0.0000 ,
  0.1215 ,  0.1217 ,  0.0010 , -1.7351 ,  2.0321 , -0.3253 ,
  0.0813 ,  0.0406 ,  0.1580 , -1.6262 ,  1.9777 ,  0.6693 ,
  0.1211 ,  0.0402 ,  0.0011 , -0.0625 ,  1.4255 ,  0.6504 ,
  0.0405 ,  0.0406 ,  0.0003 , -0.0618 ,  1.9219 ,  0.6504 ,
 -0.0803 ,  0.1224 , -0.1597 , -0.1788 ,  1.7168 ,  0.3270 ,
  0.0002 ,  0.0408 , -0.0001 , -0.8363 ,  2.4812 ,  0.9757 ,
  0.0406 ,  0.1218 , -0.1585 , -0.1798 ,  0.6610 ,  0.6522 ,
  0.0012 ,  0.1634 ,  0.1583 ,  1.2989 ,  1.2140 ,  0.6487 ,
 -0.0006 ,  0.0806 , -0.4761 ,  0.6666 ,  2.4712 ,  1.3063 ,
 -0.0004 ,  0.1214 , -0.4761 , -0.9446 ,  0.5966 ,  0.0053 ,
  0.0402 ,  0.1215 , -0.3171 , -1.7247 ,  1.2825 ,  0.0036 ,
 -0.0003 ,  0.0809 , -0.3174 ,  1.4365 ,  1.8497 ,  0.9793 ,
  0.0399 ,  0.1212 , -0.4757 , -0.9449 ,  0.6595 ,  1.3063 ,
  0.0398 ,  0.0400 , -0.3170 , -0.8269 ,  1.2981 ,  0.0036 ,
 -0.0804 ,  0.0412 , -0.0009 , -0.8357 ,  1.7331 ,  0.6505 ,
  0.0807 ,  0.1218 ,  0.1576 , -0.9607 ,  2.5834 ,  0.6586 ,
  0.0005 ,  0.1627 , -0.1589 , -0.2409 ,  3.7016 ,  0.0018 ,
  0.0388 ,  0.0390 , -0.7928 ,  0.7374 ,  1.2958 ,  0.3341 ,
  0.0804 ,  0.2430 , -0.6342 ,  0.4250 ,  1.3205 ,  0.3323 ,
 -0.0003 ,  0.0809 , -0.3174 , -0.1131 ,  0.6051 ,  0.3288 ,
  0.0007 ,  0.0006 ,  0.3173 ,  2.3147 ,  1.2460 ,  0.6469 ,
 -0.0008 ,  0.1211 , -0.6348 ,  0.6100 , -0.6487 ,  0.3323 ,
 -0.0404 ,  0.1219 , -0.3179 , -0.1742 ,  1.1567 ,  0.3288 ,
  0.1210 ,  0.1619 , -0.3164 , -0.2371 ,  0.1560 ,  0.3288 ,
 -0.0001 ,  0.1217 , -0.3175 , -0.1746 ,  1.2197 ,  0.6541 ,
 -0.0400 ,  0.1222 , -0.1593 ,  0.5957 ,  0.5352 ,  0.3270 ,
  0.0400 ,  0.0807 , -0.3170 , -0.8884 ,  1.2904 ,  0.6540 ,
  0.0004 ,  0.0815 , -0.0002 , -0.1229 ,  2.4733 ,  1.6262 ,
  0.0003 ,  0.1220 , -0.1589 , -0.1795 , -0.0242 , -0.3234 ,
  0.0009 ,  0.0414 ,  0.3172 , -0.8462 ,  1.8605 ,  1.2974 ,
  0.0002 ,  0.0408 , -0.0001 , -1.6112 ,  0.6144 ,  0.3252 ,
 -0.1210 ,  0.1223 , -0.3187 , -2.4983 ,  1.0309 ,  1.3045 ,
  0.0805 ,  0.0401 , -0.1579 , -0.0573 ,  1.3617 ,  1.3027 ,
  0.0806 , -0.0004 ,  0.0008 , -0.7756 ,  1.9927 , -0.0000 ,
 -0.0408 ,  0.0403 , -0.3178 , -0.0513 , -0.0722 ,  0.6541 ,
 -0.0008 ,  0.0398 , -0.4760 , -1.5966 ,  3.1012 ,  0.0053 ,
  0.0801 ,  0.0398 , -0.3165 , -3.1520 ,  2.6054 ,  0.3288 ,
  0.0802 ,  0.1210 , -0.4753 , -0.9453 ,  1.3446 ,  0.3306 ,
  0.0003 ,  0.1220 , -0.1589 , -0.9544 ,  0.5981 ,  0.9775 ,
 -0.0400 ,  0.1222 , -0.1593 ,  0.5957 ,  1.7796 ,  0.3270 ,
 -0.0002 ,  0.1621 , -0.4762 , -0.2312 ,  0.5887 ,  0.9811 ,
 -0.0401 ,  0.0410 , -0.0005 , -1.6109 ,  1.1737 ,  0.3252 ,
  0.1214 ,  0.1622 , -0.1577 ,  2.0825 ,  0.7790 ,  0.3270 ,
 -0.0010 ,  0.0803 , -0.6347 ,  0.6714 ,  2.4705 ,  0.6576 ,
  0.1217 ,  0.1625 ,  0.0009 ,  0.5280 ,  2.6466 , -0.0000 ,
  0.0814 ,  0.1627 ,  0.0005 , -1.7963 , -0.5277 , -0.3253 ,
  0.0812 ,  0.1219 ,  0.0006 , -0.1851 ,  1.9693 ,  1.3009 ,
  0.1206 ,  0.0803 , -0.3162 , -1.6639 ,  2.0384 ,  1.3045 ,
 -0.0001 ,  0.1217 , -0.3175 , -0.9495 ,  1.2197 ,  0.6541 ,
 -0.0006 ,  0.0806 , -0.4761 ,  1.4415 ,  1.2266 ,  1.9568 ,
  0.0807 ,  0.1218 ,  0.1576 , -0.9607 ,  1.3423 ,  1.6290 ,
 -0.0395 ,  0.0417 ,  0.3166 , -0.0694 ,  0.5506 ,  0.6182 ,
 -0.0006 ,  0.0806 , -0.4761 , -0.1082 , -0.6402 ,  0.6558 ,
  0.1205 ,  0.1208 , -0.4749 , -0.1707 ,  0.1631 ,  0.0053 ,
 -0.0807 ,  0.1221 , -0.3183 , -0.1739 ,  1.0937 ,  0.3288 ,
 -0.0805 ,  0.1628 , -0.3184 , -1.7850 ,  1.0860 ,  0.9793 ,
  0.0802 ,  0.1210 , -0.4753 , -0.1704 ,  1.3446 ,  0.9811 ,
 -0.0003 ,  0.0809 , -0.3174 , -0.8881 , -0.6395 ,  0.0036 ,
 -0.0810 ,  0.1218 , -0.4770 , -0.1690 ,  1.0929 ,  0.9811 ,
  0.0399 ,  0.1212 , -0.4757 ,  0.6048 ,  1.2817 ,  0.3306 ,
  0.0800 ,  0.0802 , -0.4752 ,  0.6659 ,  0.1080 ,  0.6558 ,
  0.0010 ,  0.2038 , -0.0004 ,  1.2423 ,  1.2054 ,  0.9757 ,
 -0.0414 , -0.0820 , -0.3175 ,  0.1330 ,  1.8181 ,  0.3288 ,
 -0.0007 , -0.0006 , -0.3173 , -0.7651 ,  0.6208 ,  1.3045 ,
  0.0809 ,  0.0816 ,  0.1588 , -0.1272 ,  0.7316 ,  0.9728 ,
 -0.0807 ,  0.1221 , -0.3183 ,  0.6009 ,  1.7161 ,  0.9793 ,
  0.0398 ,  0.0400 , -0.3170 , -1.6018 ,  0.6759 ,  0.6540 ,
  0.0407 ,  0.0813 ,  0.0003 ,  1.4263 ,  1.9141 , -0.0000 ,
  0.0006 ,  0.1223 , -0.0002 , -3.2839 , -0.0234 ,  0.3252 ,
  0.0417 ,  0.1227 ,  0.3177 , -0.1940 , -0.5763 , -0.0040 ,
 -0.0805 ,  0.0816 , -0.1596 ,  1.4322 ,  1.7246 ,  0.3270 ,
 -0.0404 ,  0.1228 ,  0.1576 ,  0.5793 ,  1.1508 ,  1.2816 ,
  0.0811 ,  0.1624 , -0.1581 , -1.7914 ,  0.7161 ,  0.6522 ,
  0.0001 ,  0.0812 , -0.1588 ,  0.6568 ,  0.6059 ,  0.6522 ,
 -0.0003 ,  0.0809 , -0.3174 , -0.8881 ,  0.6051 ,  0.9793 ,
  0.0008 ,  0.1631 , -0.0003 , -1.7956 , -0.0312 ,  0.6505 ,
  0.0006 ,  0.0411 ,  0.1586 ,  0.7084 , -0.0071 ,  0.3234 ,
  0.1611 ,  0.1209 , -0.3159 , -1.7258 ,  3.3378 ,  0.3288 ,
  0.0397 ,  0.0804 , -0.4757 ,  0.6662 ,  0.6673 ,  0.9811 ,
  0.0807 ,  0.1621 , -0.3168 ,  0.5381 ,  0.7153 ,  0.3288 ,
  0.1612 ,  0.2021 , -0.4747 , -0.2940 ,  0.8326 ,  1.3063 ,
  0.0797 , -0.0418 , -0.3164 , -2.2541 ,  0.1321 ,  0.3288 ,
  0.1205 ,  0.1208 , -0.4749 , -1.7205 ,  2.6520 ,  0.0053 ,
  0.0406 ,  0.0820 ,  0.3160 , -0.8900 ,  1.9202 ,  0.9739 ,
 -0.0398 ,  0.1629 , -0.1593 , -0.2406 ,  1.7719 ,  0.9775 ,
  0.0807 ,  0.0808 , -0.1580 ,  0.6561 ,  2.5985 ,  0.6522 ,
 -0.0008 ,  0.0398 , -0.4760 , -0.0468 ,  3.1012 ,  0.3306 ,
  0.0015 ,  0.1637 ,  0.3170 , -1.0305 ,  1.2148 ,  0.6469 ,
 -0.0007 , -0.0006 , -0.3173 , -0.7651 ,  0.6208 ,  0.6541 ,
 -0.0003 ,  0.0809 , -0.3174 , -0.8881 ,  0.6051 ,  0.3288 ,
 -0.0400 ,  0.1222 , -0.1593 , -0.1791 ,  1.1574 ,  0.9775 ,
 -0.0399 ,  0.0817 , -0.0006 , -0.8975 ,  2.4105 ,  0.0000 ,
  0.0395 ,  0.0396 , -0.4756 , -0.8220 ,  3.1641 ,  0.0053 ,
  0.0396 , -0.0008 , -0.3169 ,  0.7843 ,  1.9283 ,  0.0036 ,
 -0.0008 ,  0.0398 , -0.4760 , -0.8217 ,  0.6122 ,  0.0053 ,
 -0.0004 ,  0.1214 , -0.4761 , -0.9446 ,  2.4633 ,  0.3306 ,
  0.0393 ,  0.0801 , -0.6343 ,  1.4459 ,  1.2888 ,  0.6576 ,
  0.0395 ,  0.1209 , -0.6344 , -0.1652 ,  1.9034 ,  0.0071 ,
  0.1206 ,  0.0803 , -0.3162 , -0.8890 ,  0.7939 ,  0.6540 ,
  0.0809 ,  0.1216 , -0.1581 ,  0.5946 ,  1.3462 ,  1.3027 ,
 -0.0005 ,  0.0401 , -0.3174 ,  0.7231 ,  1.2353 ,  1.3045 ,
  0.1217 ,  0.1625 ,  0.0009 ,  0.5280 ,  0.7798 ,  0.9757 ,
  0.0001 ,  0.1624 , -0.3176 ,  0.5388 ,  0.5895 ,  0.0036 ,
  0.0402 ,  0.1215 , -0.3171 , -0.1749 , -0.5843 ,  0.9793 ,
  0.0408 ,  0.1626 , -0.1585 , -1.0162 ,  3.1422 ,  1.3027 ,
  0.0003 ,  0.1220 , -0.1589 , -0.1795 ,  1.2203 ,  0.6522 ,
  0.0809 ,  0.1216 , -0.1581 , -0.1802 ,  1.9685 ,  0.9775 ,
  0.0001 ,  0.1624 , -0.3176 , -1.0110 ,  1.8341 ,  1.6297 ,
 -0.0401 ,  0.0410 , -0.0005 , -0.8360 ,  0.5515 ,  0.9757 ,
  0.0798 ,  0.0395 , -0.4752 , -0.8224 ,  1.9826 ,  1.3063 ,
  0.0402 ,  0.2031 ,  0.1565 , -1.0874 ,  1.2563 ,  0.9849 ,
 -0.0406 ,  0.0811 , -0.3178 , -0.1128 ,  1.1645 ,  0.9793 ,
  0.0806 , -0.0004 ,  0.0008 , -1.5505 ,  1.9927 ,  0.3252 ,
  0.0809 ,  0.1216 , -0.1581 , -1.7299 ,  1.9685 ,  0.9775 ,
  0.0806 ,  0.1228 ,  0.3171 ,  0.5716 ,  3.2127 ,  0.9557 ,
  0.0809 ,  0.1216 , -0.1581 ,  1.3695 ,  2.5907 ,  0.3270 ,
  0.0003 ,  0.1220 , -0.1589 , -0.9544 ,  1.8427 ,  0.6522 ,
 -0.0397 , -0.0406 ,  0.1594 ,  1.6361 ,  2.4000 ,  0.9481 ,
 -0.0402 ,  0.0814 , -0.1592 , -0.1177 ,  3.6542 ,  0.9775 ,
 -0.0406 ,  0.0811 , -0.3178 , -0.1128 ,  1.1645 ,  0.0036 ,
  0.0406 ,  0.1218 , -0.1585 , -0.1798 ,  1.2833 ,  0.9775 ,
  0.0402 ,  0.1215 , -0.3171 , -0.1749 ,  0.6602 ,  0.6541 ,
  0.0010 ,  0.2038 , -0.0004 , -1.0821 , -0.6614 ,  0.3252 ,
  0.0398 ,  0.0400 , -0.3170 , -1.6018 ,  0.6759 ,  0.3288 ,
 -0.1610 ,  0.0415 , -0.0017 ,  2.2644 ,  1.6073 ,  0.3253 ,
  0.0807 ,  0.1621 , -0.3168 , -0.2368 ,  1.9599 ,  0.6540 ,
  0.0404 ,  0.0810 , -0.1584 , -0.8932 ,  0.0465 ,  0.9775 ,
  0.0402 ,  0.0403 , -0.1583 ,  2.2675 ,  0.6766 ,  0.3270 ,
  0.0399 ,  0.1212 , -0.4757 , -1.7198 ,  2.5263 ,  0.9811 ,
  0.0813 ,  0.2031 , -0.1582 , -1.0780 ,  1.9529 ,  0.6522 ,
 -0.1208 ,  0.0418 ,  0.1568 , -0.0630 ,  1.6746 ,  0.3229 ,
  0.1199 ,  0.0797 , -0.6335 ,  0.6704 ,  2.6592 ,  0.6576 ,
 -0.0413 ,  0.0805 , -0.6351 ,  0.6718 ,  3.6521 ,  0.3324 ,
  0.0007 ,  0.2035 , -0.1590 ,  0.4724 ,  1.2047 , -0.3234 ,
  0.0402 ,  0.1215 , -0.3171 ,  0.5999 , -0.5843 ,  0.3288 ,
  0.0406 ,  0.1218 , -0.1585 , -0.1798 ,  1.2833 ,  0.0018 ,
 -0.0010 ,  0.0803 , -0.6347 ,  0.6714 ,  1.8482 ,  1.6332 ,
  0.0398 ,  0.0400 , -0.3170 ,  0.7228 ,  0.6759 ,  0.9793 ,
 -0.0399 ,  0.0817 , -0.0006 ,  0.6522 ,  1.1660 ,  0.9757 ,
  0.0002 ,  0.0408 , -0.0001 , -0.0615 ,  1.2367 ,  0.6505 ,
  0.0809 , -0.0001 ,  0.1594 , -0.0056 ,  1.3711 , -0.0018 ,
 -0.0807 ,  0.1221 , -0.3183 , -0.9488 ,  1.7161 ,  0.9793 ,
 -0.0001 ,  0.0405 , -0.1587 , -0.8315 ,  0.6137 ,  0.3270 ,
  0.1198 , -0.0015 , -0.4747 ,  0.7884 , -1.0582 ,  0.9811 ,
 -0.0005 ,  0.0401 , -0.3174 , -0.8266 ,  0.6129 ,  0.6541 ,
 -0.0406 ,  0.0811 , -0.3178 , -0.8877 ,  1.7869 ,  0.3288 ,
 -0.0415 ,  0.0397 , -0.6350 , -1.5914 ,  1.7931 ,  0.3324 ,
  0.0008 ,  0.1631 , -0.0003 , -1.0208 ,  3.7022 ,  0.6505 ,
  0.0808 ,  0.1212 ,  0.1589 ,  1.3880 ,  1.9342 ,  0.3045 ,
  0.0404 ,  0.1623 , -0.3172 , -2.5611 ,  2.5191 ,  0.6541 ,
  0.1213 ,  0.0810 ,  0.0011 ,  1.4257 ,  0.1731 , -0.0000 ,
  0.0808 ,  0.0406 ,  0.1582 , -0.8356 ,  1.3636 ,  1.6270 ,
 -0.0404 ,  0.1219 , -0.3179 , -0.9491 ,  2.4011 ,  1.3045 ,
  0.0805 ,  0.0814 ,  0.1585 , -0.1263 ,  1.3561 , -0.3260 ,
 -0.0803 ,  0.1224 , -0.1597 ,  0.5960 ,  1.0945 ,  0.3270 ,
 -0.0398 ,  0.1228 ,  0.1575 , -0.1884 ,  0.5326 ,  0.3232 ,
 -0.1217 ,  0.0404 , -0.4772 , -0.0457 ,  0.4235 ,  1.3063 ,
  0.1215 ,  0.1217 ,  0.0010 , -1.7351 ,  1.4098 ,  0.6504 ,
  0.0405 ,  0.0406 ,  0.0003 , -0.0618 ,  0.6774 ,  1.3009 ,
  0.1210 ,  0.0806 , -0.1576 , -0.1191 ,  2.0391 ,  0.3270 ,
  0.0407 ,  0.0813 ,  0.0003 , -0.1233 ,  0.6696 ,  0.3252 ,
 -0.0805 ,  0.0816 , -0.1596 , -0.8922 ,  1.1023 ,  0.3270 ,
 -0.0803 ,  0.1224 , -0.1597 ,  0.5960 ,  0.4723 ,  0.3270 ,
  0.0405 ,  0.0406 ,  0.0003 ,  0.7130 ,  1.2996 ,  0.3252 ,
  0.0400 ,  0.0807 , -0.3170 ,  1.4361 ,  1.9127 ,  1.6297 ,
 -0.0400 ,  0.1222 , -0.1593 , -1.7289 , -0.0871 ,  0.9775 ,
  0.1212 ,  0.1214 , -0.1577 ,  2.9186 ,  2.6535 ,  0.3270 ,
  0.1615 ,  0.2024 , -0.3160 , -3.3984 ,  2.0778 ,  0.3288 ,
  0.0406 ,  0.2030 , -0.3173 ,  1.2517 ,  3.1335 ,  0.3288 ,
  0.0811 ,  0.1624 , -0.1581 , -0.2416 ,  1.9606 ,  0.3270 ,
  0.1607 ,  0.0394 , -0.3157 ,  0.7217 ,  0.2424 ,  0.3288 ,
 -0.0006 ,  0.1618 , -0.6349 , -1.7761 , -0.0342 ,  0.3323 ,
 -0.0403 ,  0.0002 , -0.0004 ,  0.7751 ,  1.8039 ,  0.0000 ,
  0.0007 ,  0.2035 , -0.1590 , -1.8522 ,  0.5824 ,  0.9775 ,
 -0.0416 , -0.0415 , -0.4762 ,  0.0765 , -0.0574 ,  1.3063 ,
  0.0398 ,  0.0400 , -0.3170 , -1.6018 ,  1.9204 ,  1.3045 ,
  0.0804 ,  0.1219 ,  0.1586 ,  0.5791 ,  1.9600 , -0.0057 ,
 -0.0010 , -0.0009 , -0.4759 ,  0.0147 ,  0.6200 ,  0.3306 ,
  0.0400 ,  0.0807 , -0.3170 , -1.6632 ,  2.5349 ,  0.6540 ,
  0.1207 ,  0.1616 , -0.4750 , -1.0071 ,  0.1553 ,  0.6558 ,
  0.0412 ,  0.1219 ,  0.1578 , -1.7554 ,  0.0441 ,  0.6417 ,
  0.0803 ,  0.0805 , -0.3166 , -0.8887 ,  3.2198 ,  0.9793 ,
  0.0411 ,  0.1629 ,  0.0001 , -2.5710 ,  0.6540 , -0.0000 ,
  0.0006 ,  0.0411 ,  0.1586 , -0.0664 ,  1.2375 , -0.0018 ,
  0.0411 ,  0.1629 ,  0.0001 , -0.2462 ,  1.2762 , -0.0000 ,
 -0.0807 ,  0.0408 , -0.1595 , -1.6056 ,  1.1101 ,  0.3270 ,
  0.0804 ,  0.1618 , -0.4754 , -1.0068 ,  2.5814 ,  1.3063 ,
  0.0404 ,  0.0810 , -0.1584 , -0.1184 ,  2.5355 ,  0.6522 ,
  0.0404 ,  0.1623 , -0.3172 ,  0.5384 ,  3.1413 ,  0.9793 ,
  0.0795 ,  0.1204 , -0.7926 ,  1.3889 ,  1.3432 ,  0.6594 ,
  0.0801 ,  0.0398 , -0.3165 ,  0.7224 ,  0.7388 ,  0.6540 ,
  0.0803 ,  0.0805 , -0.3166 , -0.8887 ,  1.3533 ,  0.9793 ,
 -0.0003 ,  0.0809 , -0.3174 , -3.2127 ,  0.6051 ,  0.9793 ,
  0.1212 ,  0.1214 , -0.1577 , -0.1805 ,  2.0312 ,  0.3270 ,
 -0.0408 ,  0.0403 , -0.3178 , -0.0513 ,  2.4167 ,  0.9793 ,
  0.0404 ,  0.0810 , -0.1584 , -1.6682 ,  0.0465 ,  0.3270 ,
  0.0817 ,  0.1221 ,  0.1587 , -0.9706 ,  0.1070 ,  0.9416 ,
  0.1615 ,  0.2024 , -0.3160 ,  1.2507 ,  0.8334 ,  0.9793 ,
  0.0800 , -0.0415 , -0.1578 ,  0.8405 ,  2.6219 ,  1.3027 ,
  0.0395 ,  0.0396 , -0.4756 , -0.8220 ,  1.2973 ,  1.3063 ,
  0.1212 ,  0.1214 , -0.1577 , -0.9554 ,  1.4091 ,  1.3027 ,
  0.1611 ,  0.0810 ,  0.1593 , -0.1274 ,  2.1067 ,  0.3260 ,
  0.0800 ,  0.0802 , -0.4752 , -0.1089 ,  0.7302 ,  0.9811 ,
  0.0809 ,  0.0806 ,  0.1592 ,  1.4498 ,  1.9429 ,  0.3039 ,
 -0.0008 ,  0.1211 , -0.6348 ,  2.1595 , -0.0264 , -0.3181 ,
 -0.0806 ,  0.2033 , -0.4771 , -0.2919 ,  1.6996 ,  0.3306 ,
 -0.0007 , -0.0006 , -0.3173 , -3.8645 ,  1.2430 , -0.3217 ,
  0.0405 ,  0.0406 ,  0.0003 , -1.6116 ,  1.2996 ,  0.6504 ,
 -0.0001 ,  0.0405 , -0.1587 , -1.6064 ,  1.8582 ,  0.6522 ,
  0.0407 ,  0.0813 ,  0.0003 , -0.8982 ,  2.5364 ,  0.6504 ,
  0.0798 ,  0.0395 , -0.4752 ,  0.7273 ,  1.3603 ,  0.6558 ,
  0.2016 ,  0.1615 , -0.3155 , -0.2378 ,  1.5264 ,  0.6540 ,
  0.0406 ,  0.1219 ,  0.1568 , -2.5291 ,  1.8929 ,  0.3465 ,
 -0.0008 ,  0.1211 , -0.6348 , -0.1648 , -0.0264 ,  0.0071 ,
  0.0010 ,  0.1226 ,  0.1584 ,  0.5856 ,  1.2218 ,  0.3234 ,
 -0.0817 , -0.0818 , -0.3179 ,  0.1334 ,  1.7551 ,  0.3288 ,
  0.0811 ,  0.0408 ,  0.1585 , -0.8394 ,  0.7409 ,  1.2886 ,
  0.0003 ,  0.1220 , -0.1589 , -0.1795 ,  1.8427 ,  0.3270 ,
  0.0393 ,  0.0801 , -0.6343 , -1.6535 ,  0.6665 ,  0.9828 ,
 -0.0001 ,  0.0405 , -0.1587 ,  0.7182 ,  2.4805 ,  1.3027 ,
 -0.0403 ,  0.0002 , -0.0004 , -0.7745 , -0.0629 ,  0.6505 ,
  0.1214 ,  0.1622 , -0.1577 ,  1.3076 ,  0.7790 ,  0.6522 ,
  0.0000 ,  0.0000 ,  0.0000 ,  0.0000 ,  0.0000 , -0.3252 ,
  0.0798 ,  0.1207 , -0.6340 , -0.9404 ,  1.9662 ,  1.6332 ,
 -0.0411 ,  0.0400 , -0.4764 , -0.0464 ,  1.1715 ,  0.9811 ,
  0.0805 ,  0.0401 , -0.1579 , -1.6070 ,  1.3617 ,  0.6522 ,
 -0.0404 ,  0.0406 , -0.1591 ,  0.7186 ,  1.7953 ,  0.3270 ,
 -0.0801 ,  0.0409 ,  0.1586 ,  1.5133 ,  2.3207 ,  0.6261 ,
  0.0400 ,  0.0807 , -0.3170 ,  1.4361 ,  1.9127 ,  0.6540 ,
  0.0815 ,  0.1223 ,  0.3178 ,  2.1714 ,  0.6991 ,  0.9637 ,
  0.0809 ,  0.1624 ,  0.1587 ,  2.1189 ,  0.6862 , -0.0067 ,
 -0.0010 ,  0.0803 , -0.6347 , -1.6531 ,  1.2259 ,  0.3323 ,
  0.0799 , -0.0010 , -0.3165 ,  0.0091 ,  0.1243 ,  0.0036 ,
 -0.0005 ,  0.0401 , -0.3174 , -0.0517 ,  0.6129 ,  0.6541 ,
 -0.1615 ,  0.0817 , -0.3190 , -0.1118 ,  2.2202 ,  0.6541 ,
  0.0411 ,  0.0821 ,  0.3166 , -0.8986 ,  1.2942 , -0.0038 ,
 -0.0807 ,  0.0408 , -0.1595 , -0.0559 , -0.1344 ,  0.0018 ,
  0.0406 ,  0.0410 ,  0.1587 , -0.0660 ,  0.6773 , -0.3220 ,
  0.0404 ,  0.0810 , -0.1584 ,  0.6565 ,  0.6688 ,  0.6522 ,
  0.0800 ,  0.1614 , -0.6340 , -0.2270 ,  0.7139 ,  0.9828 ,
  0.1613 ,  0.0805 , -0.1572 , -0.1194 ,  1.4798 ,  0.3270 ,
  0.0408 ,  0.1224 ,  0.1587 ,  0.5837 ,  0.6516 ,  1.2831 ,
 -0.1221 , -0.0411 , -0.4771 ,  0.8520 ,  2.3057 ,  1.3063 ,
  0.0808 ,  0.0404 ,  0.0007 , -0.8370 ,  1.9849 ,  0.6504 ,
  0.0015 ,  0.1637 ,  0.3170 , -0.2556 ,  2.4593 ,  1.6226 ,
  0.0002 ,  0.0408 , -0.0001 ,  1.4881 ,  1.8590 ,  0.9757 ,
 -0.0409 ,  0.0808 , -0.4765 ,  2.2165 ,  1.7860 ,  0.3306 ,
  0.0405 ,  0.0419 ,  0.3173 ,  0.6949 ,  2.5457 ,  0.6350 ,
 -0.1210 ,  0.1223 , -0.3187 , -0.1736 ,  2.2752 ,  0.9793 ,
  0.0409 ,  0.1221 ,  0.0002 , -0.9596 ,  2.5286 ,  0.6504 ,
 -0.0399 ,  0.0005 ,  0.1582 , -0.7795 ,  1.8046 , -0.0018 ,
  0.0811 ,  0.1624 , -0.1581 ,  1.3080 ,  0.7161 ,  0.9775 ,
 -0.0405 ,  0.0814 ,  0.1564 , -0.8984 ,  1.1600 ,  1.3042 ,
 -0.0818 ,  0.0399 , -0.6354 , -1.5909 ,  1.7302 ,  0.3324 ,
 -0.0003 , -0.0003 , -0.1586 , -0.7700 ,  2.4882 ,  0.3270 ,
  0.0798 ,  0.0395 , -0.4752 ,  1.5021 ,  0.7380 ,  0.0053 ,
  0.0011 ,  0.0821 ,  0.3171 , -0.9076 , -0.0141 ,  0.3217 ,
  0.0400 ,  0.0807 , -0.3170 , -0.1135 ,  1.9127 ,  0.6540 ,
 -0.0395 ,  0.0419 ,  0.3172 ,  1.4867 ,  1.1591 ,  0.0072 ,
  0.1212 ,  0.0804 ,  0.1594 ,  1.4494 ,  1.3885 ,  0.6265 ,
  0.0817 ,  0.1231 ,  0.4751 , -0.9615 ,  1.9716 ,  1.6112 ,
  0.0393 ,  0.0801 , -0.6343 , -0.1037 ,  0.6665 ,  0.0071 ,
 -0.0411 ,  0.1213 , -0.6352 , -1.7142 ,  3.0219 ,  0.6576 ,
  0.0805 ,  0.0401 , -0.1579 , -0.0573 ,  1.9841 ,  0.9775 ,
  0.0798 ,  0.0395 , -0.4752 ,  0.7273 ,  1.9826 ,  0.6558 ,
  0.1608 , -0.0011 , -0.1570 ,  0.0035 ,  3.3621 ,  0.3270 ,
  0.0388 ,  0.1203 , -0.9517 , -2.4802 ,  1.9018 , -0.6398 ,
  0.0407 ,  0.0813 ,  0.0003 , -1.6730 ,  1.9141 ,  0.9757 ,
  0.0003 ,  0.1220 , -0.1589 , -0.9544 ,  1.8427 ,  0.0018 ,
  0.0000 ,  0.0000 ,  0.0000 ,  0.7748 ,  1.2446 ,  0.6505 ,
  0.0008 ,  0.1631 , -0.0003 , -2.5706 , -0.0312 ,  0.3252 ,
 -0.0407 ,  0.1216 , -0.4765 ,  0.6055 ,  2.4005 ,  1.3063 ,
  0.0399 , -0.0005 , -0.1582 , -2.3202 ,  0.6844 ,  0.9775 ,
  0.1215 ,  0.1217 ,  0.0010 , -0.9603 ,  2.6544 ,  0.9757 ,
 -0.0808 ,  0.1226 ,  0.1565 , -0.1852 ,  1.7179 ,  0.6543 ,
 -0.0820 , -0.0009 , -0.6354 ,  0.7951 ,  2.3602 ,  1.3081 ,
 -0.0007 , -0.0006 , -0.3173 ,  0.7846 ,  1.8653 ,  0.0036 ,
  0.1211 ,  0.0402 ,  0.0011 , -0.8374 ,  1.4255 , -0.6505 ,
  0.0399 ,  0.1212 , -0.4757 , -0.9449 ,  1.9040 ,  0.3306 ,
  0.0395 ,  0.0396 , -0.4756 , -2.3719 ,  0.6751 ,  0.9811 ,
  0.0399 , -0.0005 , -0.1582 ,  0.7793 ,  2.5511 ,  0.3270 ,
 -0.0401 ,  0.0410 , -0.0005 ,  0.7137 ,  1.1737 ,  1.3010 ,
  0.1203 , -0.0417 , -0.1573 ,  0.0653 ,  0.1958 ,  0.6522 ,
 -0.0420 , -0.0014 , -0.7936 ,  0.0248 , -0.0667 ,  0.3342 ,
 -0.1212 ,  0.0003 , -0.1599 , -0.7690 ,  1.6773 , -0.3234 ,
 -0.0807 ,  0.0408 , -0.1595 , -1.6056 ,  1.7324 ,  0.9775 ,
  0.0404 ,  0.0407 ,  0.1577 , -0.8353 ,  1.9214 ,  1.3033 ,
  0.1206 ,  0.0803 , -0.3162 , -2.4389 ,  2.0384 ,  0.0035 ,
 -0.0396 ,  0.0414 ,  0.1580 ,  0.7066 , -0.6894 ,  0.6493 ,
  0.0001 ,  0.0812 , -0.1588 , -0.1180 ,  0.6059 ,  0.6522 ,
 -0.0410 , -0.0004 , -0.3177 ,  0.0101 ,  1.1801 ,  0.6541 ,
  0.1216 ,  0.2029 , -0.1578 , -0.3034 ,  0.1490 ,  0.6522 ,
 -0.0008 ,  0.0398 , -0.4760 , -0.8217 ,  1.8568 ,  0.6558 ,
  0.0001 ,  0.0812 , -0.1588 , -0.1180 ,  1.8504 ,  0.9775 ,
 -0.0003 ,  0.0809 , -0.3174 , -0.1131 ,  0.6051 ,  0.6541 ,
  0.0400 ,  0.0807 , -0.3170 , -0.8884 ,  1.2904 ,  0.6540 ,
  0.0802 , -0.0007 , -0.1578 , -1.5455 ,  0.7474 ,  0.3270 ,
 -0.0414 ,  0.1209 , -0.7938 , -0.9345 ,  0.5322 ,  0.3342 ,
  0.0395 ,  0.1209 , -0.6344 , -0.9400 ,  0.6587 , -0.3181 ,
  0.1214 ,  0.1622 , -0.1577 , -0.2420 ,  0.7790 ,  0.6522 ,
  0.0004 ,  0.0815 , -0.0002 , -2.4475 ,  3.0955 ,  0.0000 ,
  0.0396 , -0.0008 , -0.3169 ,  0.0094 ,  0.6837 ,  0.6540 ,
 -0.0414 ,  0.1209 , -0.7938 , -0.1596 , -0.0901 ,  0.6594 ,
 -0.0404 ,  0.1219 , -0.3179 , -0.9491 ,  0.5344 ,  0.3288 ,
  0.0816 ,  0.2034 ,  0.0004 , -1.8578 ,  1.3313 , -0.0000 ,
  0.0001 , -0.0405 ,  0.1587 , -0.7183 , -0.6138 , -0.0018 ,
 -0.0809 ,  0.0813 , -0.3182 , -0.8874 ,  0.4793 ,  0.6541 ,
  0.0802 ,  0.1210 , -0.4753 , -1.7202 ,  1.9669 ,  0.6558 ,
 -0.0399 ,  0.0817 , -0.0006 , -1.6723 ,  0.5437 ,  0.6505 ,
  0.0406 ,  0.0001 ,  0.1590 , -0.0052 ,  1.9305 , -0.3270 ,
 -0.0003 ,  0.0809 , -0.3174 , -0.1131 ,  2.4719 ,  0.3288 ,
  0.0002 ,  0.0408 , -0.0001 , -0.8363 ,  0.6144 , -0.3252 ,
  0.0811 ,  0.2436 , -0.3169 ,  0.4152 ,  1.3220 ,  0.6540 ,
 -0.0001 ,  0.0405 , -0.1587 , -0.0566 ,  1.2359 ,  0.3270 ,
  0.0004 ,  0.0815 , -0.0002 , -0.8978 ,  2.4733 ,  0.3252 ,
 -0.0006 ,  0.0806 , -0.4761 ,  0.6666 ,  1.8489 ,  1.3063 ,
 -0.0408 ,  0.0403 , -0.3178 , -0.8262 ,  1.1724 ,  0.3288 ,
 -0.0001 ,  0.1217 , -0.3175 , -0.1746 ,  0.5973 ,  0.0036 ,
  0.0003 ,  0.1220 , -0.1589 , -1.7293 ,  1.8427 ,  0.9775 ,
  0.0393 ,  0.0801 , -0.6343 , -0.1037 ,  0.0443 ,  0.3323 ,
  0.0801 ,  0.0398 , -0.3165 , -0.0524 ,  0.1165 ,  0.3288 ,
  0.0402 ,  0.0403 , -0.1583 ,  0.7179 ,  2.5433 ,  0.6522 ,
  0.0404 ,  0.1623 , -0.3172 , -1.0113 ,  1.2746 ,  1.3045 ,
 -0.0400 ,  0.1222 , -0.1593 , -0.1791 ,  1.1574 ,  1.3027 ,
  0.1610 ,  0.1216 ,  0.1590 , -0.1886 ,  2.0967 ,  0.0004 ,
  0.0397 ,  0.0804 , -0.4757 , -0.8835 ,  1.2895 ,  0.6558 ,
  0.0397 ,  0.1616 , -0.6345 , -1.7764 ,  0.0287 ,  0.9828 ,
 -0.0003 , -0.0003 , -0.1586 , -2.3199 ,  1.2438 ,  0.6522 ,
  0.0816 ,  0.2034 ,  0.0004 , -0.3080 ,  1.9537 ,  0.3252 ,
  0.1208 ,  0.1211 , -0.3163 , -0.1756 , -0.4585 ,  0.9793 ,
 -0.0397 ,  0.1225 , -0.0006 , -0.9589 , -0.7087 ,  0.3252 ,
  0.0396 , -0.0008 , -0.3169 , -1.5403 ,  1.3059 ,  0.3288 ,
 -0.0003 , -0.0003 , -0.1586 , -0.7700 ,  1.2438 ,  0.3270 ,
  0.0006 ,  0.0411 ,  0.1586 ,  0.7084 , -1.2517 ,  0.9739 ,
 -0.0805 ,  0.0816 , -0.1596 , -0.8922 ,  0.4801 ,  0.6523 ,
 -0.0397 ,  0.1225 , -0.0006 , -0.1840 ,  1.1581 ,  0.9757 ,
  0.0802 , -0.0007 , -0.1578 ,  0.0042 ,  1.9919 ,  0.9775 ,
  0.0402 ,  0.0403 , -0.1583 , -0.8318 ,  1.9211 , -0.3235 ,
  0.0810 ,  0.0811 ,  0.0007 , -0.1236 ,  3.2214 ,  0.6504 ,
  0.0404 ,  0.0810 , -0.1584 , -0.8932 ,  1.9133 ,  0.6522 ,
  0.0001 ,  0.0812 , -0.1588 , -1.6679 ,  1.8504 ,  0.9775 ,
  0.0404 ,  0.0810 , -0.1584 , -0.1184 ,  1.9133 , -0.3235 ,
  0.1203 ,  0.0800 , -0.4749 , -0.8841 , -0.4515 ,  0.9811 ,
  0.0005 ,  0.1627 , -0.1589 ,  0.5339 ,  1.8348 ,  0.6522 ,
 -0.0003 , -0.0003 , -0.1586 , -0.7700 ,  0.6215 ,  0.0018 ,
  0.0001 ,  0.0812 , -0.1588 , -0.8930 ,  2.4725 ,  1.3027 ,
  0.0809 ,  0.0408 ,  0.1590 , -0.0652 ,  0.7402 ,  0.6424 ,
  0.1195 , -0.0018 , -0.6333 ,  0.7933 ,  3.2972 ,  0.6576 ,
  0.1212 ,  0.1214 , -0.1577 , -0.9554 ,  2.6535 ,  0.0018 ,
  0.0400 ,  0.0807 , -0.3170 ,  0.6613 ,  0.6681 ,  0.6540 ,
  0.0813 ,  0.2031 , -0.1582 , -0.3031 ,  0.7083 ,  1.3027 ,
  0.0408 ,  0.1224 ,  0.1587 ,  0.5837 ,  0.6516 ,  0.9627 ,
  0.0419 ,  0.1231 ,  0.4760 ,  1.3594 ,  0.6551 ,  0.3133 ,
 -0.0001 ,  0.0405 , -0.1587 , -0.8315 , -0.0086 ,  0.3270 ,
  0.0001 ,  0.0812 , -0.1588 ,  0.6568 ,  2.4725 ,  1.3027 ,
  0.0001 ,  0.0812 , -0.1588 , -0.1180 ,  1.2282 ,  0.9775 ,
  0.0398 ,  0.0400 , -0.3170 ,  1.4976 ,  3.1648 ,  0.9793 ,
 -0.0001 ,  0.1217 , -0.3175 , -0.1746 , -0.0249 ,  0.3288 ,
  0.0803 ,  0.0805 , -0.3166 , -0.8887 ,  2.5977 ,  0.9793 ,
 -0.0005 ,  0.0401 , -0.3174 , -0.8266 , -0.6316 ,  0.3288 ,
  0.0400 ,  0.0807 , -0.3170 , -0.8884 ,  1.9127 ,  0.6540 ,
  0.1196 ,  0.0794 , -0.7921 , -2.4243 ,  0.7916 ,  0.0089 ,
  0.1214 ,  0.1622 , -0.1577 , -1.7917 ,  0.7790 ,  1.3027 ,
 -0.0001 ,  0.0405 , -0.1587 ,  1.4931 ,  1.2359 ,  0.0018 ,
 -0.0402 ,  0.0816 ,  0.1563 , -2.4760 ,  0.5335 ,  0.6488 ,
  0.2018 ,  0.1210 , -0.1568 , -0.1812 ,  1.5349 ,  0.6522 ,
 -0.0008 ,  0.1211 , -0.6348 , -0.1648 ,  1.2181 ,  0.9828 ,
  0.1208 ,  0.1211 , -0.3163 ,  0.5992 ,  2.0305 ,  0.0036 ,
 -0.0803 ,  0.1224 , -0.1597 , -2.5036 , -0.1500 ,  0.9775 ,
  0.0798 ,  0.1207 , -0.6340 ,  2.1589 ,  0.7217 ,  0.3323 ,
  0.0398 ,  0.0400 , -0.3170 , -0.8269 ,  1.2981 ,  0.6540 ,
  0.0002 ,  0.0408 , -0.0001 ,  0.7133 ,  0.6144 ,  0.3252 ,
  0.0402 ,  0.0403 , -0.1583 , -0.0569 ,  1.2989 ,  0.9775 ,
  0.0402 ,  0.1215 , -0.3171 , -0.9498 ,  0.0380 ,  0.3288 ,
  0.0004 ,  0.0815 , -0.0002 , -0.1229 ,  1.2288 ,  0.3252 ,
  0.0800 , -0.0415 , -0.1578 ,  0.0657 ,  2.6219 ,  0.6522 ,
 -0.0800 ,  0.1227 , -0.0010 , -0.1837 ,  1.7175 ,  0.3253 ,
 -0.0824 , -0.0824 , -0.6352 ,  0.1432 ,  0.5091 , -0.3181 ,
 -0.0417 , -0.0010 , -0.6350 , -1.5299 ,  1.1787 ,  0.3323 ,
 -0.0003 , -0.0003 , -0.1586 , -1.5449 ,  1.2438 ,  0.0018 ,
 -0.0003 , -0.0003 , -0.1586 ,  0.0049 ,  1.8661 ,  0.9775 ,
  0.0404 ,  0.0813 ,  0.1574 , -0.8978 ,  1.9102 ,  1.3043 ,
  0.0800 , -0.0415 , -0.1578 , -0.7092 ,  1.3775 ,  0.3270 ,
  0.0008 ,  0.0818 ,  0.1585 ,  1.4218 ,  1.2296 ,  0.3234 ,
  0.0793 , -0.0421 , -0.4750 , -0.6995 ,  0.1314 ,  1.3063 ,
  0.0400 ,  0.0807 , -0.3170 , -0.8884 ,  0.6681 ,  0.9793 ,
 -0.0403 ,  0.0002 , -0.0004 , -0.7745 ,  1.8039 ,  0.3252 ,
  0.0400 ,  0.0807 , -0.3170 , -0.8884 ,  1.9127 ,  0.9793 ,
  0.0807 ,  0.0808 , -0.1580 ,  0.6561 ,  2.5985 ,  0.3270 ,
  0.0398 ,  0.0400 , -0.3170 , -0.8269 ,  1.2981 ,  0.0036 ,
  0.1204 ,  0.0396 , -0.3161 , -1.6025 ,  2.0462 ,  0.6540 ,
 -0.0405 , -0.0406 , -0.0003 ,  1.6114 ,  1.1894 ,  1.3010 ,
  0.0810 ,  0.0811 ,  0.0007 , -0.1236 , -0.5121 ,  0.9757 ,
 -0.0014 , -0.0012 , -0.6346 ,  1.5692 ,  0.6192 ,  0.6576 ,
  0.1217 ,  0.1625 ,  0.0009 ,  0.5280 ,  0.1575 ,  0.6504 ,
  0.1210 ,  0.0806 , -0.1576 ,  1.4305 ,  0.7946 ,  0.6522 ,
  0.0798 ,  0.1207 , -0.6340 ,  0.6093 ,  1.3439 ,  0.9828 ,
 -0.0411 ,  0.0400 , -0.4764 , -1.5962 ,  1.7939 ,  0.9811 ,
 -0.0417 , -0.0010 , -0.6350 ,  0.0199 ,  1.8009 ,  0.0071 ,
  0.0413 ,  0.0821 ,  0.3172 , -0.1316 ,  0.6683 ,  0.9450 ,
 -0.0405 ,  0.1225 ,  0.1570 , -0.1858 ,  2.4054 ,  0.6543 ,
  0.0407 ,  0.0813 ,  0.0003 , -0.1233 ,  0.0473 ,  0.3252 ,
 -0.0407 ,  0.1216 , -0.4765 , -0.9442 ,  1.1558 ,  0.6558 ,
  0.1205 ,  0.1208 , -0.4749 ,  0.6040 ,  2.0299 ,  0.6558 ,
  0.0001 ,  0.0812 , -0.1588 ,  0.6568 ,  2.4725 ,  0.9775 ,
  0.0002 ,  0.0408 , -0.0001 , -0.0615 ,  1.8590 ,  0.3252 ,
 -0.0801 ,  0.1631 , -0.1597 , -1.0152 ,  1.0867 ,  0.3270 ,
 -0.0406 ,  0.0811 , -0.3178 , -0.1128 ,  1.1645 ,  1.3045 ,
 -0.1217 ,  0.0404 , -0.4772 , -2.3706 ,  1.0456 ,  0.9811 ,
  0.0409 ,  0.1221 ,  0.0002 , -0.1847 ,  0.6618 ,  0.6504 ,
 -0.0813 , -0.0002 , -0.3181 , -2.3142 ,  1.1171 ,  0.9793 ,
  0.0000 ,  0.0000 ,  0.0000 , -1.5497 ,  1.2446 ,  1.3010 ,
  0.0795 , -0.0013 , -0.4751 , -0.7609 ,  1.9904 ,  0.6558 ,
  0.1605 , -0.0014 , -0.3157 ,  0.7832 ,  1.4948 ,  0.9793 ,
 -0.0809 ,  0.0813 , -0.3182 , -0.8874 ,  1.1016 ,  0.9793 ,
  0.0800 ,  0.0802 , -0.4752 , -1.6587 ,  1.9748 ,  1.3063 ,
  0.0795 , -0.0013 , -0.4751 ,  0.0140 , -0.4987 ,  0.6558 ,
 -0.0806 ,  0.2033 , -0.4771 , -1.0669 ,  2.3219 ,  0.6558 ,
  0.0405 ,  0.0406 ,  0.0003 , -1.6116 ,  0.6774 ,  1.3009 ,
  0.0001 ,  0.1624 , -0.3176 , -1.0110 ,  1.2118 ,  0.6541 ,
 -0.0008 ,  0.0398 , -0.4760 , -0.0468 , -0.0101 ,  0.3306 ,
 -0.0406 ,  0.0811 , -0.3178 , -0.8877 ,  1.1645 ,  0.6541 ,
  0.0001 ,  0.0812 , -0.1588 , -0.1180 ,  1.8504 ,  0.0018 ,
 -0.1221 ,  0.0401 , -0.6358 ,  1.5088 ,  0.4227 ,  0.6576 ,
  0.0402 ,  0.1215 , -0.3171 , -0.9498 ,  2.5271 ,  1.3045 ,
  0.0410 ,  0.0004 ,  0.3177 , -0.0101 ,  1.9312 ,  0.3217 ,
  0.0803 ,  0.0805 , -0.3166 , -0.1138 ,  0.1087 ,  0.6540 ,
  0.1213 ,  0.0810 ,  0.0011 , -2.4488 ,  2.0400 ,  0.6504 ,
 -0.0012 ,  0.0395 , -0.6346 , -1.5917 ,  1.2337 ,  0.0071 ,
  0.0402 ,  0.0403 , -0.1583 ,  1.4927 ,  1.2989 ,  0.0018 ,
 -0.1212 ,  0.0003 , -0.1599 , -0.7690 ,  0.4328 ,  0.6523 ,
  0.0007 ,  0.2035 , -0.1590 , -0.3024 ,  1.8270 ,  0.6522 ,
  0.0399 , -0.0005 , -0.1582 ,  0.0045 , -0.5602 ,  0.6522 ,
 -0.0813 , -0.0002 , -0.3181 ,  0.0105 ,  1.7395 ,  0.0036 ,
 -0.0404 ,  0.0406 , -0.1591 , -0.8311 , -0.0715 ,  0.0018 ,
  0.0005 ,  0.1627 , -0.1589 , -0.2409 ,  0.5903 ,  0.9775 ,
  0.0405 ,  0.0406 ,  0.0003 ,  0.7130 ,  0.6774 ,  0.3252 ,
 -0.1206 ,  0.1226 , -0.1601 , -0.1785 ,  1.0316 ,  0.3270 ,
  0.0397 ,  0.0804 , -0.4757 , -0.8835 ,  1.2895 ,  0.0053 ,
  0.0013 ,  0.1229 ,  0.3170 , -0.1942 ,  0.6003 ,  0.6469 ,
 -0.0807 ,  0.0408 , -0.1595 , -2.3807 ,  0.4879 ,  0.9775 ,
 -0.0404 ,  0.0406 , -0.1591 , -0.8311 ,  2.4176 ,  0.6522 ,
  0.0403 , -0.0002 ,  0.0004 , -0.0003 ,  1.9298 ,  0.6504 ,
  0.0408 ,  0.1626 , -0.1585 , -1.0162 ,  0.6532 ,  0.6522 ,
  0.0396 , -0.0008 , -0.3169 ,  1.5590 ,  0.6837 ,  0.6540 ,
  0.1210 ,  0.0806 , -0.1576 , -1.6688 ,  0.7946 ,  0.3270 ,
  0.1210 ,  0.0806 , -0.1576 , -0.8939 ,  0.7946 ,  0.6522 ,
  0.0003 ,  0.1220 , -0.1589 , -0.9544 ,  3.0870 ,  0.6522 ,
  0.0400 ,  0.0807 , -0.3170 , -0.8884 ,  1.9127 ,  0.9793 ,
  0.0008 ,  0.1631 , -0.0003 , -1.0208 ,  1.8356 ,  1.6262 ,
  0.0005 ,  0.1627 , -0.1589 , -0.2409 ,  1.2125 ,  0.3270 ,
  0.0791 ,  0.0388 , -0.7925 , -0.0377 ,  1.3588 ,  0.0089 ,
  0.0807 ,  0.1621 , -0.3168 , -0.2368 ,  1.3376 ,  1.3045 ,
 -0.0001 ,  0.1217 , -0.3175 , -0.1746 ,  2.4642 ,  0.6541 ,
 -0.0809 ,  0.2030 , -0.6357 ,  0.4878 ,  0.4544 ,  1.6332 ,
  0.0402 ,  0.0403 , -0.1583 ,  0.7179 ,  0.0544 ,  0.6522 ,
  0.0400 ,  0.0807 , -0.3170 , -0.1135 ,  2.5349 , -0.3217 ,
  0.0406 ,  0.1218 , -0.1585 , -0.9547 ,  0.6610 ,  0.9775 ,
  0.1609 ,  0.0801 , -0.3158 , -0.1145 ,  2.1013 ,  0.6540 ,
 -0.0398 ,  0.1629 , -0.1593 , -3.3401 ,  1.7719 ,  0.6522 ,
  0.0008 ,  0.0818 ,  0.1585 , -1.6777 , -0.6372 ,  0.6487 ,
 -0.0411 , -0.0817 , -0.1589 ,  0.1282 ,  3.0632 , -0.3234 ,
  0.0404 ,  0.0810 , -0.1584 , -0.8932 ,  1.9133 ,  0.6522 ,
  0.1218 ,  0.1224 ,  0.3181 ,  0.5813 ,  0.7797 ,  0.3171 ,
  0.1204 ,  0.0396 , -0.3161 ,  0.7221 ,  1.4240 ,  0.3288 ,
  0.0798 ,  0.1207 , -0.6340 , -0.9404 ,  1.9662 ,  0.6576 ,
  0.0397 ,  0.1616 , -0.6345 , -0.2266 ,  1.2732 ,  0.6576 ,
 -0.0006 ,  0.0806 , -0.4761 ,  0.6666 ,  1.8489 ,  0.6558 ,
  0.0400 ,  0.0807 , -0.3170 , -0.1135 ,  0.6681 ,  0.6540 ,
  0.0407 ,  0.1224 ,  0.3149 , -1.7340 ,  1.9054 ,  1.3037 ,
 -0.0007 , -0.0006 , -0.3173 , -0.7651 ,  1.2430 ,  0.6541 ,
  0.1212 ,  0.1214 , -0.1577 ,  0.5943 ,  1.4091 ,  0.3270 ,
 -0.0815 , -0.0410 , -0.3180 ,  0.0719 ,  3.6141 ,  0.3288 ,
  0.0408 ,  0.1626 , -0.1585 , -2.5660 ,  0.6532 ,  0.3270 ,
  0.0406 ,  0.1218 , -0.1585 ,  0.5950 ,  0.6610 ,  0.0018 ,
  0.0006 ,  0.0411 ,  0.1586 ,  2.2581 ,  1.2375 ,  0.9739 ,
  0.0399 ,  0.1212 , -0.4757 ,  2.1544 ,  1.2817 ,  0.6558 ,
  0.0805 ,  0.0401 , -0.1579 , -0.0573 ,  1.9841 ,  1.3027 ,
  0.1208 ,  0.0399 , -0.1575 , -1.6073 ,  0.8025 ,  0.3270 ,
  0.0405 ,  0.0406 ,  0.0003 ,  0.7130 ,  1.9219 ,  0.6504 ,
 -0.0803 ,  0.1224 , -0.1597 , -0.1788 ,  1.0945 ,  0.6523 ,
  0.0407 ,  0.0813 ,  0.0003 , -1.6730 ,  2.5364 , -0.3253 ,
  0.0404 ,  0.0810 , -0.1584 , -1.6682 ,  1.9133 ,  1.3027 ,
 -0.0006 ,  0.0806 , -0.4761 , -0.8831 , -0.0179 ,  0.6558 ,
 -0.0804 ,  0.0412 , -0.0009 , -0.0608 ,  2.3553 ,  1.3010 ,
 -0.0814 ,  0.0402 , -0.4768 ,  0.7287 ,  1.1086 ,  1.3063 ,
 -0.1212 ,  0.0003 , -0.1599 ,  0.0059 ,  0.4328 ,  0.6523 ,
  0.0397 ,  0.0804 , -0.4757 , -0.1086 ,  1.2895 ,  0.3306 ,
  0.1203 ,  0.1612 , -0.6336 , -1.0022 ,  0.7768 ,  0.6576 ,
  0.0397 ,  0.0804 , -0.4757 , -0.8835 ,  1.2895 ,  0.9811 ,
  0.0812 ,  0.1219 ,  0.0006 , -1.7349 ,  1.3469 ,  0.6504 ,
  0.0000 ,  0.0000 ,  0.0000 , -0.7748 ,  1.8670 ,  0.6505 ,
  0.0402 ,  0.0403 , -0.1583 ,  0.7179 ,  1.2989 ,  0.6522 ,
  0.0006 ,  0.1223 , -0.0002 , -0.1844 ,  0.5988 ,  0.3252 ,
  0.0802 ,  0.1210 , -0.4753 , -1.7202 ,  1.3446 , -0.3199 ,
  0.0399 ,  0.2034 ,  0.1577 ,  0.4546 ,  1.2575 , -0.0044 ,
  0.1208 ,  0.0399 , -0.1575 , -1.6073 ,  0.8025 ,  0.9775 ,
  0.2004 , -0.0019 , -0.4739 , -1.5368 ,  2.1791 ,  0.6558 ,
 -0.0003 , -0.0003 , -0.1586 , -1.5449 , -0.0007 ,  0.3270 ,
 -0.0013 ,  0.0800 , -0.7933 , -1.6482 ,  3.0920 ,  0.0089 ,
  0.1208 ,  0.1211 , -0.3163 , -0.1756 ,  2.0305 ,  0.6540 ,
 -0.0410 , -0.0004 , -0.3177 ,  0.7850 ,  1.1801 ,  0.9793 ,
  0.0399 ,  0.1212 , -0.4757 , -0.1701 ,  1.9040 ,  0.6558 ,
  0.1612 , -0.0008 ,  0.0016 , -1.5511 ,  1.4962 ,  0.6504 ,
 -0.0406 ,  0.0811 , -0.3178 , -0.8877 ,  1.1645 ,  0.9793 ,
  0.0408 ,  0.1626 , -0.1585 ,  0.5335 ,  0.6532 ,  1.3027 ,
 -0.0001 ,  0.1217 , -0.3175 ,  0.6002 ,  1.8420 ,  1.3045 ,
 -0.0406 ,  0.0811 , -0.3178 , -0.1128 ,  0.5422 ,  0.0036 ,
  0.1208 ,  0.1211 , -0.3163 , -1.7254 ,  0.1638 ,  0.3288 ,
 -0.0815 , -0.0410 , -0.3180 , -1.4778 ,  0.5027 ,  0.9793 ,
 -0.0005 ,  0.0401 , -0.3174 , -0.0517 ,  0.6129 ,  0.3288 ,
 -0.0003 , -0.0003 , -0.1586 , -1.5449 , -0.0007 , -0.3234 ,
 -0.0013 , -0.0417 , -0.4758 , -1.4737 ,  1.8723 ,  0.3306 ,
  0.0805 ,  0.0401 , -0.1579 , -0.0573 ,  0.7395 , -0.6487 ,
 -0.0806 ,  0.0004 , -0.0008 ,  0.7755 ,  1.7410 ,  0.6505 ,
 -0.0399 ,  0.0817 , -0.0006 , -0.8975 ,  1.1660 ,  0.9757 ,
  0.0812 ,  0.0812 ,  0.1577 , -2.4683 ,  1.3494 ,  0.0239 ,
  0.0406 ,  0.1218 , -0.1585 , -2.5047 ,  2.5276 ,  1.3027 ,
  0.0812 ,  0.1219 ,  0.0006 ,  0.5897 ,  0.7247 ,  0.3252 ,
  0.1609 ,  0.0801 , -0.3158 , -0.8894 ,  1.4790 ,  0.6540 ,
  0.0807 ,  0.1621 , -0.3168 , -1.7865 ,  1.9599 ,  0.3288 ,
 -0.0406 ,  0.0811 , -0.3178 , -0.8877 , -0.7024 ,  0.0036 ,
 -0.0001 ,  0.1217 , -0.3175 , -0.9495 ,  1.8420 ,  0.3288 ,
  0.0407 ,  0.0813 ,  0.0003 ,  0.6516 , -0.5751 ,  0.6504 ,
  0.0406 ,  0.1218 , -0.1585 , -0.1798 ,  0.6610 ,  0.3270 ,
  0.1610 ,  0.0397 , -0.1571 , -0.0579 ,  1.4876 ,  0.3270 ,
 -0.0408 ,  0.0403 , -0.3178 , -0.8262 ,  2.4167 ,  1.3045 ,
 -0.0807 ,  0.0408 , -0.1595 , -0.8308 ,  1.1101 ,  1.3027 ,
 -0.0406 , -0.0001 , -0.1590 ,  0.0052 ,  0.5586 ,  0.3270 ,
  0.0397 ,  0.0804 , -0.4757 , -0.8835 ,  0.0450 , -0.3199 ,
 -0.0001 ,  0.0405 , -0.1587 ,  0.7182 ,  0.6137 ,  0.3270 ,
  0.0397 ,  0.0804 , -0.4757 ,  0.6662 ,  0.6673 ,  0.3306 ,
  0.0404 ,  0.0810 , -0.1584 , -1.6682 ,  1.2910 ,  0.9775 ,
  0.0397 ,  0.0804 , -0.4757 , -0.8835 ,  0.0450 ,  0.3306 ,
 -0.0825 , -0.0419 , -0.7939 , -0.6883 ,  1.7451 ,  0.9846 ,
 -0.0408 ,  0.0403 , -0.3178 , -2.3761 ,  2.4167 ,  1.3045 ,
 -0.0003 ,  0.0809 , -0.3174 ,  1.4365 ,  0.6051 , -0.6469 ,
  0.0404 ,  0.0810 , -0.1584 ,  1.4313 ,  0.0465 ,  0.0018 ,
 -0.0809 ,  0.0813 , -0.3182 , -1.6622 , -0.1430 ,  1.3045 ,
 -0.0411 ,  0.1213 , -0.6352 , -1.7142 ,  0.5329 ,  0.0071 ,
 -0.0802 ,  0.0007 ,  0.1578 , -0.7791 ,  0.4972 ,  0.6487 ,
 -0.0409 , -0.0409 , -0.1590 , -1.4831 ,  1.8109 ,  0.6522 ,
  0.0003 ,  0.1220 , -0.1589 , -0.1795 ,  3.0870 ,  0.6522 ,
  0.0807 ,  0.0808 , -0.1580 , -1.6684 , -0.5129 ,  0.6522 ,
 -0.1221 ,  0.0401 , -0.6358 ,  0.7339 ,  0.4227 ,  0.0071 ,
  0.0810 ,  0.0404 ,  0.1592 ,  0.7158 ,  0.1134 ,  0.3129 ,
 -0.0008 ,  0.1211 , -0.6348 , -0.1648 ,  1.8403 ,  0.6576 ,
 -0.0409 ,  0.0808 , -0.4765 , -0.1079 ,  1.1637 ,  0.6558 ,
 -0.0003 ,  0.0809 , -0.3174 , -1.6630 ,  1.8497 ,  0.0036 ,
 -0.0012 ,  0.0395 , -0.6346 , -0.0419 ,  1.2337 ,  0.9828 ,
  0.0002 ,  0.0408 , -0.0001 , -1.6112 ,  0.6144 , -0.3252 ,
 -0.0802 ,  0.0819 , -0.0010 , -0.8971 ,  1.7254 ,  0.6505 ,
 -0.0409 , -0.0409 , -0.1590 ,  0.0667 ,  2.4331 ,  0.6522 ,
 -0.0402 ,  0.0814 , -0.1592 , -1.6675 ,  1.1652 ,  0.9775 ,
  0.0810 ,  0.0811 ,  0.0007 , -0.1236 ,  1.3548 , -0.3253 ,
  0.0795 , -0.0013 , -0.4751 ,  0.7888 ,  1.3680 ,  0.6558 ,
  0.0392 , -0.0011 , -0.4755 , -0.7605 ,  1.3051 ,  0.6558 ,
  0.0395 ,  0.0396 , -0.4756 , -0.8220 ,  0.6751 ,  0.6558 ,
 -0.0401 ,  0.0410 , -0.0005 ,  1.4885 ,  0.5515 ,  0.9757 ,
  0.0803 ,  0.0805 , -0.3166 , -0.1138 ,  0.7310 ,  0.6540 ,
 -0.1611 ,  0.0820 , -0.1604 , -0.1166 ,  2.2209 ,  0.0018 ,
 -0.0006 ,  0.0806 , -0.4761 ,  2.9911 ,  0.6044 ,  0.0053 ,
  0.0398 ,  0.0400 , -0.3170 ,  0.7228 ,  0.0536 ,  0.3288 ,
  0.0400 ,  0.0807 , -0.3170 , -0.8884 ,  2.5349 ,  0.3288 ,
  0.0807 ,  0.0808 , -0.1580 ,  0.6561 ,  2.5985 ,  0.6522 ,
 -0.0818 ,  0.0399 , -0.6354 , -0.8160 ,  1.7302 ,  0.6576 ,
 -0.0006 ,  0.1618 , -0.6349 , -2.5510 , -0.6566 ,  0.9828 ,
 -0.1207 ,  0.0424 ,  0.3150 , -0.0659 ,  2.2993 ,  0.9650 ,
 -0.0406 ,  0.0811 , -0.3178 , -0.1128 , -0.0800 , -0.3217 ,
  0.1200 ,  0.0393 , -0.4748 , -1.5976 ,  2.0455 ,  0.6558 ,
  0.0010 ,  0.2038 , -0.0004 , -0.3073 ,  1.2054 ,  0.6505 ,
  0.1208 ,  0.1211 , -0.3163 , -2.5003 ,  2.0305 ,  0.6540 ,
  0.0404 ,  0.0810 , -0.1584 , -1.6682 , -0.5758 ,  0.3270 ,
 -0.0400 ,  0.1222 , -0.1593 , -0.1791 ,  1.1574 ,  0.3270 ,
  0.0400 ,  0.0807 , -0.3170 , -0.1135 ,  2.5349 ,  0.6540 ,
  0.0011 ,  0.0821 ,  0.3171 , -1.6825 ,  1.8527 ,  0.3217 ,
  0.0399 , -0.0005 , -0.1582 , -0.7703 ,  1.3067 ,  0.6522 ,
 -0.0409 ,  0.0808 , -0.4765 , -1.6576 ,  0.5415 ,  1.3063 ,
 -0.0404 ,  0.0406 , -0.1591 , -1.6060 ,  1.7953 ,  0.3270 ,
 -0.0400 ,  0.1222 , -0.1593 , -0.9540 , -0.7094 ,  0.6522 ,
  0.1613 ,  0.0805 , -0.1572 , -0.8943 ,  2.7244 ,  0.6522 ,
  0.0003 ,  0.1220 , -0.1589 , -0.1795 ,  1.2203 ,  0.6522 ,
  0.0004 ,  0.0815 , -0.0002 , -0.8978 ,  1.8511 ,  0.6505 ,
  0.0411 ,  0.1629 ,  0.0001 ,  0.5286 ,  1.2762 ,  0.6504 ,
 -0.0409 ,  0.0808 , -0.4765 , -0.1079 ,  0.5415 ,  0.9811 ,
 -0.0397 ,  0.1225 , -0.0006 , -0.1840 ,  1.1581 , -0.3252 ,
  0.1609 ,  0.0801 , -0.3158 , -0.1145 ,  2.1013 ,  1.3045 ,
  0.0810 ,  0.0811 ,  0.0007 , -3.2233 ,  1.3548 ,  1.3009 ,
  0.0398 ,  0.0400 , -0.3170 ,  1.4976 ,  1.2981 ,  0.9793 ,
  0.0010 ,  0.1226 ,  0.1584 ,  0.5856 ,  0.5995 ,  1.6244 ,
 -0.0013 , -0.0417 , -0.4758 , -2.2487 ,  1.2500 ,  0.0053 ,
  0.1211 ,  0.0402 ,  0.0011 , -0.0625 ,  1.4255 ,  0.3252 ,
 -0.0805 ,  0.0825 ,  0.1575 ,  0.6422 ,  1.7202 ,  0.9596 ,
  0.0407 ,  0.0817 ,  0.1589 ,  0.6464 ,  0.6606 ,  0.6431 ,
  0.0395 ,  0.1209 , -0.6344 , -0.9400 ,  0.0365 , -0.3181 ,
  0.2011 ,  0.1204 , -0.4741 , -0.1714 ,  0.9112 ,  0.6558 ,
  0.1624 ,  0.0805 ,  0.1594 , -2.4790 ,  0.2448 ,  0.0045 ,
  0.0409 ,  0.1221 ,  0.0002 , -2.5095 ,  0.0395 , -0.0000 ,
 -0.0803 ,  0.1224 , -0.1597 , -0.9537 ,  0.4723 ,  0.6523 ,
  0.0805 ,  0.0401 , -0.1579 , -0.8322 ,  0.1173 ,  0.3270 ,
  0.0402 ,  0.0403 , -0.1583 , -0.0569 ,  0.6766 ,  0.3270 ,
  0.1202 , -0.0012 , -0.3161 ,  2.3332 ,  2.0541 ,  0.3288 ,
  0.2014 ,  0.1207 , -0.3155 , -1.7260 ,  1.5342 ,  0.3288 ,
  0.0408 ,  0.0813 ,  0.1575 , -2.4759 ,  0.6648 ,  0.0107 ,
  0.0794 ,  0.0391 , -0.6338 ,  0.7322 ,  2.6041 ,  0.0071 ,
  0.0400 ,  0.0807 , -0.3170 , -0.1135 ,  0.6681 ,  0.9793 ,
 -0.0813 , -0.0002 , -0.3181 ,  0.0105 ,  1.1171 ,  1.3045 ,
 -0.0400 ,  0.2034 , -0.3181 , -1.8469 ,  1.1411 ,  1.6297 ,
  0.0008 ,  0.0818 ,  0.1585 ,  1.4218 , -0.0149 ,  0.3234 ,
  0.0408 ,  0.1626 , -0.1585 , -1.0162 ,  1.2754 ,  0.9775 ,
  0.1614 ,  0.0400 ,  0.0015 , -0.8377 ,  0.8661 ,  1.3009 ,
 -0.0005 ,  0.0401 , -0.3174 , -0.0517 ,  0.6129 ,  0.3288 ,
  0.0399 , -0.0005 , -0.1582 , -1.5452 ,  1.3067 ,  0.3270 ,
  0.1204 ,  0.0396 , -0.3161 , -0.0527 ,  0.8017 ,  0.3288 ,
  0.0809 ,  0.0814 ,  0.1592 ,  0.6459 ,  0.7226 ,  0.9637 ,
  0.0803 ,  0.0805 , -0.3166 ,  0.6610 , -0.5136 ,  0.6540 ,
  0.0809 ,  0.1223 ,  0.1586 , -0.1888 ,  0.7215 ,  0.9764 ,
  0.0001 ,  0.0812 , -0.1588 ,  0.6568 ,  1.2282 ,  0.6522 ,
 -0.0409 ,  0.0808 , -0.4765 ,  0.6669 ,  1.1637 ,  0.3306 ,
 -0.0408 ,  0.0403 , -0.3178 , -0.0513 ,  1.1724 , -0.3217 ,
  0.0400 ,  0.0807 , -0.3170 , -0.1135 ,  1.9127 ,  0.9793 ,
  0.1210 ,  0.0806 , -0.1576 , -1.6688 ,  0.1724 ,  0.6522 ,
 -0.0405 ,  0.0814 ,  0.1564 , -0.8984 ,  3.0234 ,  0.0102 ,
  0.0399 ,  0.1212 , -0.4757 , -0.1701 ,  0.6595 ,  0.9811 ,
  0.0407 ,  0.0813 ,  0.0003 , -0.1233 ,  1.9141 , -0.0000 ,
  0.0802 ,  0.1210 , -0.4753 , -0.1704 ,  1.9669 ,  1.3063 ,
 -0.1203 ,  0.1229 , -0.0014 ,  0.5915 ,  1.0323 ,  0.9757 ,
 -0.0001 ,  0.0405 , -0.1587 , -1.6064 ,  0.6137 ,  0.9775 ,
  0.1608 ,  0.1206 , -0.4745 , -0.9459 ,  0.8483 ,  0.6558 ,
 -0.0012 ,  0.0395 , -0.6346 , -0.0419 ,  1.8560 ,  0.0071 ,
 -0.0413 , -0.0007 , -0.4763 , -0.7599 ,  1.1793 ,  0.3306 ,
  0.0395 ,  0.0396 , -0.4756 , -0.8220 ,  0.6751 ,  0.9811 ,
  0.0807 ,  0.0808 , -0.1580 , -0.8936 ,  2.5985 ,  0.6522 ,
  0.0402 ,  0.1215 , -0.3171 ,  0.5999 ,  1.2825 ,  0.3288 ,
 -0.0809 ,  0.0001 , -0.1594 ,  0.0056 ,  1.7402 ,  0.6523 ,
 -0.0004 ,  0.1214 , -0.4761 , -0.1697 ,  1.8411 ,  1.3063 ,
  0.0010 ,  0.1226 ,  0.1584 , -1.7391 ,  3.0886 ,  0.6487 ,
 -0.0399 ,  0.0817 , -0.0006 , -0.1226 ,  1.7882 ,  0.0000 ,
 -0.0809 ,  0.0813 , -0.3182 , -0.8874 ,  0.4793 ,  0.3288 ,
 -0.0010 , -0.0009 , -0.4759 ,  0.7895 ,  0.6200 ,  0.3306 ,
  0.1202 , -0.0012 , -0.3161 , -0.7661 , -0.4351 ,  0.3288 ,
  0.0408 ,  0.1626 , -0.1585 , -0.2413 ,  0.6532 ,  0.3270 ,
  0.0394 , -0.0416 , -0.3168 , -0.7040 ,  0.6915 ,  0.9793 ,
  0.0002 ,  0.0408 , -0.0001 , -2.3862 , -0.6302 ,  0.6505 ,
 -0.0003 ,  0.0809 , -0.3174 , -0.8881 ,  0.6051 ,  0.0036 ,
 -0.0404 ,  0.0406 , -0.1591 ,  2.2682 ,  1.7953 ,  0.6522 ,
  0.0396 , -0.0008 , -0.3169 , -0.7655 ,  0.6837 ,  0.0036 ,
  0.0399 , -0.0005 , -0.1582 , -0.7703 ,  0.6844 ,  0.9775 ,
 -0.0002 , -0.0408 ,  0.0001 ,  0.8362 ,  0.6301 ,  0.3252 ,
  0.1206 ,  0.0803 , -0.3162 , -0.1142 ,  0.1716 , -0.3217 ,
 -0.0402 ,  0.1626 , -0.3180 , -1.0106 ,  1.1489 ,  0.9793 ,
  0.0003 ,  0.1220 , -0.1589 , -0.1795 ,  1.2203 , -0.6487 ,
 -0.0001 ,  0.1217 , -0.3175 , -0.9495 ,  0.5973 ,  0.6541 ,
  0.0402 ,  0.1215 , -0.3171 , -0.9498 ,  0.6602 ,  1.3045 ,
  0.0008 ,  0.0818 ,  0.1585 ,  2.1966 , -0.0149 ,  0.3234 ,
  0.0000 ,  0.0000 ,  0.0000 , -1.5497 ,  0.6223 ,  0.6505 ,
  0.2006 , -0.0423 , -0.3152 , -1.4803 ,  2.1877 , -0.3217 ,
 -0.2018 ,  0.0007 , -0.1607 ,  0.0066 , -0.3153 ,  0.6523 ,
 -0.0804 ,  0.0412 , -0.0009 , -0.0608 ,  2.3553 ,  0.6505 ,
  0.0814 ,  0.1627 ,  0.0005 ,  0.5283 ,  1.3391 ,  1.3009 ,
  0.0002 ,  0.0408 , -0.0001 , -0.0615 ,  2.4812 ,  0.3252 ,
  0.1215 ,  0.1217 ,  0.0010 , -0.9603 , -0.4570 , -0.0000 ,
 -0.0006 ,  0.0806 , -0.4761 , -0.1082 ,  1.2266 ,  1.3063 ,
  0.0796 ,  0.0799 , -0.6339 , -1.6538 ,  0.7295 ,  0.6576 ,
  0.1213 ,  0.0810 ,  0.0011 , -0.8988 ,  2.0400 ,  0.9757 ,
 -0.0398 ,  0.1629 , -0.1593 , -0.2406 ,  3.6387 ,  0.9775 ,
  0.1205 ,  0.1208 , -0.4749 , -0.1707 ,  2.0299 , -0.3199 ,
  0.0805 ,  0.1213 , -0.3167 ,  0.5995 ,  1.3455 , -0.3217 ,
 -0.0003 , -0.0003 , -0.1586 ,  2.3295 ,  0.6215 ,  0.6522 ,
 -0.0402 ,  0.0814 , -0.1592 ,  0.6571 , -0.0793 ,  0.0018 ,
 -0.0409 , -0.0409 , -0.1590 ,  0.0667 , -0.0559 ,  0.6522 ,
 -0.0404 ,  0.0406 , -0.1591 , -1.6060 ,  1.7953 ,  0.6522 ,
 -0.0399 ,  0.0005 ,  0.1582 , -0.7794 ,  0.5601 ,  0.6487 ,
  0.0399 , -0.0005 , -0.1582 ,  0.0045 ,  0.6844 ,  0.0018 ,
  0.0395 ,  0.0396 , -0.4756 , -0.0471 ,  1.9197 ,  0.3306 ,
  0.1208 ,  0.1211 , -0.3163 , -0.9505 ,  0.7861 ,  0.9793 ,
  0.0001 ,  0.1624 , -0.3176 , -1.0110 ,  1.2118 ,  0.6541 ,
  0.0395 ,  0.0396 , -0.4756 , -1.5969 ,  1.2973 ,  0.6558 ,
  0.0000 ,  0.0000 ,  0.0000 , -0.7748 ,  1.8670 ,  0.9757 ,
  0.0005 ,  0.1627 , -0.1589 , -4.1154 ,  0.5903 ,  0.6522 ,
 -0.0801 ,  0.1631 , -0.1597 , -1.0152 ,  1.0867 ,  0.3270 ,
 -0.0393 ,  0.2040 , -0.0008 , -1.8568 ,  1.7648 ,  0.9757 ,
  0.0005 ,  0.1627 , -0.1589 , -1.7908 ,  1.2125 ,  0.3270 ,
  0.0004 ,  0.0815 , -0.0002 ,  0.6519 ,  0.6066 ,  1.3010 ,
  0.0397 ,  0.0804 , -0.4757 , -0.8835 ,  0.6673 ,  0.6558 ,
 -0.0395 ,  0.1633 , -0.0007 ,  0.5293 ,  1.1503 ,  0.0000 ,
  0.0803 ,  0.0805 , -0.3166 , -2.4385 ,  2.5977 ,  0.3288 ,
 -0.0002 ,  0.1621 , -0.4762 ,  0.5437 ,  0.5887 ,  0.9811 ,
 -0.0816 ,  0.0807 , -0.6355 , -0.8775 ,  2.3448 ,  0.9828 ,
 -0.0407 ,  0.1216 , -0.4765 , -0.1694 ,  1.7782 ,  0.9811 ,
  0.0409 ,  0.1220 ,  0.1573 , -1.7546 ,  0.6552 ,  0.0106 ,
  0.0810 ,  0.0811 ,  0.0007 , -0.8985 ,  0.1102 ,  0.3252 ,
  0.0404 ,  0.0813 ,  0.1574 , -0.8978 ,  1.9102 ,  0.9808 ,
  0.0407 ,  0.0813 ,  0.0003 , -0.8982 ,  1.2918 ,  0.3252 ,
 -0.0406 , -0.0001 , -0.1590 , -0.7697 ,  0.5586 ,  0.0018 ,
 -0.0802 ,  0.0819 , -0.0010 , -2.4470 ,  1.1030 , -0.3252 ,
  0.0392 , -0.0011 , -0.4755 ,  1.5640 ,  1.9274 ,  1.3063 ,
  0.0807 ,  0.1222 ,  0.3159 , -0.9505 ,  2.5965 ,  0.3306 ,
 -0.0013 , -0.0417 , -0.4758 , -2.2487 ,  0.6278 ,  0.3306 ,
 -0.0003 , -0.0003 , -0.1586 , -0.7700 ,  1.2438 ,  0.3270 ,
  0.0402 ,  0.0403 , -0.1583 , -0.8318 ,  2.5433 ,  0.0018 ,
 -0.0808 , -0.0404 , -0.0007 , -1.4876 ,  2.3710 ,  0.3252 ,
 -0.0404 ,  0.0406 , -0.1591 , -1.6060 ,  1.7953 , -0.6487 ,
 -0.0003 , -0.0003 , -0.1586 ,  0.0049 ,  1.2438 ,  0.6522 ,
 -0.0809 ,  0.0813 , -0.3182 , -0.8874 ,  0.4793 ,  1.3045 ,
 -0.0416 , -0.0415 , -0.4762 , -1.4733 ,  0.5649 ,  0.0053 ,
  0.1210 ,  0.0806 , -0.1576 , -0.1191 ,  1.4169 ,  0.6522 ,
 -0.0812 ,  0.0810 , -0.4769 , -1.6574 ,  0.4786 ,  0.6558 ,
  0.0396 , -0.0008 , -0.3169 ,  0.7843 ,  3.1726 ,  0.6540 ,
  0.0010 ,  0.2038 , -0.0004 , -0.3073 ,  3.0722 ,  0.6505 ,
  0.0405 ,  0.2435 , -0.4760 ,  0.4204 ,  1.2583 ,  0.9811 ,
 -0.0001 ,  0.1217 , -0.3175 , -3.2742 ,  1.8420 ,  0.0036 ,
 -0.0010 , -0.1226 , -0.1584 ,  0.1892 ,  1.8895 ,  0.3270 ,
  0.0396 , -0.0008 , -0.3169 ,  0.0094 ,  0.6837 ,  1.3045 ,
  0.0399 ,  0.1212 , -0.4757 , -1.7198 ,  1.9040 ,  0.3306 ,
 -0.0407 ,  0.1216 , -0.4765 , -1.7191 ,  0.5336 ,  0.3306 ,
  0.0807 ,  0.1621 , -0.3168 , -0.2368 ,  0.0931 ,  0.0036 ,
  0.0409 ,  0.1221 ,  0.0002 , -0.9596 ,  1.2841 ,  0.6504 ,
  0.0001 ,  0.0812 , -0.1588 , -0.1180 ,  1.2282 ,  0.9775 ,
  0.0807 ,  0.1621 , -0.3168 , -1.0116 ,  0.7153 ,  0.3288 ,
 -0.0800 ,  0.1227 , -0.0010 ,  0.5911 ,  1.0952 , -0.3252 ,
  0.0409 ,  0.1221 ,  0.0002 , -0.9596 ,  1.2841 ,  1.3009 ,
  0.0807 ,  0.0808 , -0.1580 ,  0.6561 , -0.5129 ,  0.3270 ,
 -0.0003 , -0.0003 , -0.1586 ,  0.7797 ,  1.2438 ,  0.3270 ,
 -0.0401 ,  0.0410 , -0.0005 , -3.1605 , -1.3154 ,  0.6505 ,
 -0.0401 ,  0.0410 , -0.0005 , -1.6109 , -0.0707 ,  0.6505 ,
  0.1202 , -0.0012 , -0.3161 , -1.5410 ,  1.4318 ,  0.3288 ,
  0.1215 ,  0.1217 ,  0.0010 , -0.1854 ,  1.4098 ,  0.3252 ,
  0.0010 ,  0.1226 ,  0.1584 , -1.7391 ,  1.2218 ,  0.9739 ,
 -0.0404 ,  0.1223 ,  0.1557 , -3.3092 ,  2.3811 ,  0.9917 ,
 -0.0007 , -0.0006 , -0.3173 ,  1.5594 ,  0.6208 ,  1.6297 ,
 -0.0010 ,  0.0803 , -0.6347 ,  1.4462 ,  1.8482 ,  1.6332 ,
  0.0808 ,  0.0404 ,  0.0007 , -0.0622 ,  1.3625 ,  0.3252 ,
 -0.0405 , -0.0406 , -0.0003 , -0.7131 ,  1.8117 ,  0.6505 ,
 -0.0400 ,  0.1222 , -0.1593 , -0.1791 ,  1.7796 ,  1.6278 ,
  0.0404 ,  0.0810 , -0.1584 , -2.4431 , -0.5758 ,  0.3270 ,
  0.1212 ,  0.1214 , -0.1577 , -0.9554 ,  0.7868 ,  0.6522 ,
  0.0798 ,  0.0395 , -0.4752 , -2.3722 ,  1.3603 ,  0.6558 ,
 -0.0404 ,  0.0406 , -0.1591 , -0.8311 ,  0.5508 ,  0.9775 ,
 -0.0800 ,  0.1227 , -0.0010 , -0.1837 , -0.7717 ,  0.3253 ,
  0.0396 , -0.0008 , -0.3169 ,  0.0094 ,  0.0614 ,  0.9793 ,
  0.0810 ,  0.0811 ,  0.0007 , -1.6734 ,  1.9770 ,  0.6504 ,
  0.1213 ,  0.0810 ,  0.0011 ,  0.6508 ,  0.7954 ,  1.3009 ,
  0.0406 ,  0.0001 ,  0.1590 , -0.7802 ,  1.9305 ,  1.2992 ,
  0.1616 ,  0.0808 ,  0.0015 , -0.1243 ,  1.4806 ,  0.9757 ,
  0.1613 ,  0.0805 , -0.1572 , -0.8943 ,  0.2353 ,  0.9775 ,
  0.1600 ,  0.0388 , -0.6330 , -0.8182 ,  2.7299 ,  0.3323 ,
  0.0396 , -0.0008 , -0.3169 ,  0.0094 ,  2.5505 ,  0.0036 ,
  0.0398 ,  0.0400 , -0.3170 , -1.6018 ,  0.6759 ,  0.6540 ,
  0.0004 ,  0.0815 , -0.0002 ,  0.6519 ,  1.2288 ,  0.0000 ,
 -0.0807 ,  0.0408 , -0.1595 , -2.3807 ,  0.4879 ,  0.6523 ,
  0.1608 ,  0.1206 , -0.4745 , -0.1711 ,  0.8483 ,  0.0053 ,
  0.0397 ,  0.0804 , -0.4757 , -0.1086 ,  1.2895 ,  0.9811 ,
 -0.0001 ,  0.0405 , -0.1587 ,  0.7182 ,  3.1028 ,  0.6522 ,
 -0.0408 ,  0.0403 , -0.3178 ,  0.7235 ,  2.4167 ,  1.6297 ,
  0.0404 ,  0.0810 , -0.1584 , -0.1184 ,  2.5355 ,  0.9775 ,
  0.0805 ,  0.0401 , -0.1579 , -0.8322 ,  2.6064 ,  0.0018 ,
  0.0000 ,  0.0000 ,  0.0000 ,  1.5497 ,  0.0000 ,  0.3252 ,
  0.0014 ,  0.2041 ,  0.1583 , -1.0871 , -0.0383 ,  0.6487 ,
  0.0405 ,  0.2435 , -0.4760 ,  1.1952 ,  1.8806 ,  0.6558 ,
 -0.0396 ,  0.2037 , -0.1594 , -1.0770 , -0.7251 ,  0.9775 ,
  0.0795 , -0.0013 , -0.4751 ,  0.7888 ,  1.9904 ,  0.9811 ,
 -0.0008 ,  0.1211 , -0.6348 , -2.4895 ,  1.2181 ,  0.3323 ,
  0.0405 ,  0.0406 ,  0.0003 ,  0.7130 ,  1.9219 ,  1.6261 ,
 -0.0801 ,  0.0409 ,  0.1586 ,  1.5133 ,  1.0906 ,  0.6261 ,
  0.1217 ,  0.1222 ,  0.1586 , -0.9640 ,  0.7856 ,  0.3237 ,
  0.0813 ,  0.2031 , -0.1582 , -0.3031 ,  0.0860 ,  0.9775 ,
 -0.0807 ,  0.0408 , -0.1595 ,  0.7189 ,  1.1101 ,  0.9775 ,
  0.0399 , -0.0005 , -0.1582 , -1.5452 ,  2.5511 ,  0.6522 ,
  0.0001 ,  0.0812 , -0.1588 , -0.8930 ,  0.6059 ,  0.6522 ,
  0.0411 ,  0.1629 ,  0.0001 , -1.7959 ,  2.5207 ,  0.3252 ,
 -0.0003 , -0.0003 , -0.1586 , -0.7700 ,  1.2438 ,  0.3270 ,
 -0.0407 ,  0.1216 , -0.4765 , -0.1694 ,  0.5336 ,  0.0053 ,
  0.0393 ,  0.0801 , -0.6343 ,  0.6711 ,  0.6665 ,  0.6576 ,
  0.0397 , -0.0413 , -0.1582 ,  0.0660 ,  1.9368 ,  0.9775 ,
  0.1206 ,  0.0803 , -0.3162 ,  0.6606 ,  2.0384 ,  0.3288 ,
 -0.0003 ,  0.0809 , -0.3174 , -0.1131 , -0.0171 ,  0.3288 ,
  0.1208 ,  0.0399 , -0.1575 , -0.8325 ,  1.4247 ,  0.3270 ,
 -0.0805 ,  0.0816 , -0.1596 , -1.6671 ,  2.3468 ,  0.3270 ,
  0.0801 ,  0.0398 , -0.3165 , -0.0524 ,  0.7388 , -0.3217 ,
 -0.0006 , -0.0411 , -0.1586 ,  0.8412 ,  2.4959 ,  0.6522 ,
 -0.0015 ,  0.0392 , -0.7933 , -0.8119 ,  1.2330 ,  0.3341 ,
  0.0001 ,  0.0812 , -0.1588 , -0.8930 ,  0.6059 ,  0.6522 ,
  0.0407 ,  0.0813 ,  0.0003 ,  0.6516 ,  1.9141 , -0.0000 ,
  0.0404 ,  0.0810 , -0.1584 , -0.8932 ,  3.1576 ,  0.6522 ,
  0.0401 ,  0.1619 , -0.4758 , -1.7813 ,  1.8962 ,  0.3306 ,
  0.0008 ,  0.1631 , -0.0003 , -1.7956 ,  0.5910 ,  0.3252 ,
  0.0805 ,  0.0401 , -0.1579 , -2.3818 ,  1.3617 ,  0.3270 ,
 -0.1205 ,  0.0821 , -0.0014 , -0.1219 ,  2.2845 ,  0.9757 ,
  0.1611 ,  0.1209 , -0.3159 , -3.2755 ,  0.2267 ,  0.9793 ,
  0.0801 ,  0.0398 , -0.3165 , -0.8273 ,  0.7388 ,  0.6540 ,
  0.0408 ,  0.1626 , -0.1585 , -1.7911 ,  0.0309 ,  1.3027 ,
  0.0001 ,  0.0812 , -0.1588 , -0.8930 ,  1.2282 ,  0.9775 ,
  0.0409 ,  0.1221 ,  0.0002 , -0.1847 ,  0.6618 , -0.0000 ,
 -0.0399 ,  0.0817 , -0.0006 ,  0.6522 ,  2.4105 ,  1.6262 ,
  0.0808 ,  0.0404 ,  0.0007 ,  0.7127 ,  0.1180 ,  0.9757 ,
  0.1212 ,  0.1214 , -0.1577 , -0.1805 ,  1.4091 ,  0.0018 ,
  0.1610 ,  0.1614 , -0.4746 , -4.1069 ,  2.0849 ,  0.6558 ,
  0.0798 ,  0.0395 , -0.4752 , -0.8224 ,  0.7380 ,  0.9811 ,
  0.0808 ,  0.0404 ,  0.0007 , -0.8370 ,  0.7403 ,  0.6504 ,
 -0.0807 ,  0.0408 , -0.1595 , -0.8308 ,  2.3548 ,  0.6523 ,
  0.0809 ,  0.1216 , -0.1581 , -0.9551 ,  1.9685 ,  0.6522 ,
  0.1208 ,  0.0399 , -0.1575 ,  0.7172 ,  0.1802 ,  0.9775 ,
 -0.0005 ,  0.0401 , -0.3174 , -2.3765 ,  1.8576 ,  0.6541 ,
 -0.0004 ,  0.1214 , -0.4761 , -2.4945 ,  2.4633 ,  0.6558 ,
 -0.0811 ,  0.0405 , -0.3182 , -0.8259 ,  1.7317 ,  1.3045 ,
 -0.0003 ,  0.0809 , -0.3174 , -1.6630 ,  1.2274 ,  0.0036 ,
 -0.0393 ,  0.1641 ,  0.3167 ,  1.2978 ,  1.1330 ,  0.0057 ,
 -0.0005 ,  0.0401 , -0.3174 , -0.0517 ,  1.2353 ,  0.6541 ,
 -0.0400 ,  0.1222 , -0.1593 , -0.9540 ,  3.0241 ,  0.9775 ,
  0.0807 ,  0.0808 , -0.1580 , -2.4434 ,  0.7317 ,  1.3027 ,
  0.0399 ,  0.1212 , -0.4757 ,  0.6048 ,  3.1485 ,  0.0053 ,
  0.0399 , -0.0005 , -0.1582 ,  1.5542 ,  0.6844 ,  1.3027 ,
  0.0805 ,  0.0401 , -0.1579 , -0.0573 ,  1.9841 ,  0.3270 ,
  0.0391 ,  0.0393 , -0.6342 , -0.8171 ,  1.9189 ,  0.9828 ,
  0.0396 , -0.0008 , -0.3169 , -3.0901 ,  0.6837 ,  0.3288 ,
 -0.0402 ,  0.0814 , -0.1592 ,  2.2067 ,  0.5430 ,  0.6522 ,
  0.0397 ,  0.0804 , -0.4757 , -1.6584 ,  0.6673 ,  0.6558 ,
  0.0402 ,  0.0403 , -0.1583 , -1.6066 ,  0.0544 ,  0.3270 ,
  0.0413 ,  0.0820 ,  0.3168 , -0.9045 ,  0.6707 , -0.0048 ,
 -0.0404 ,  0.0406 , -0.1591 , -0.8311 ,  0.5508 ,  0.9775 ,
  0.0405 ,  0.0406 ,  0.0003 , -0.0618 , -0.5672 , -0.0000 ,
 -0.0003 ,  0.0809 , -0.3174 , -1.6630 ,  1.2274 ,  0.6541 ,
 -0.1205 ,  0.0821 , -0.0014 , -1.6717 ,  1.6624 ,  0.6505 ,
  0.0804 , -0.0412 ,  0.0009 , -0.7141 ,  2.0005 ,  0.6504 ,
  0.0800 , -0.0415 , -0.1578 ,  2.3903 ,  1.9996 ,  0.3270 ,
  0.0400 ,  0.0807 , -0.3170 ,  1.4361 ,  1.9127 ,  0.0036 ,
  0.1196 , -0.0423 , -0.4746 , -1.4746 ,  2.6833 ,  0.3306 ,
  0.0400 ,  0.0807 , -0.3170 , -0.8884 ,  0.0458 ,  0.3288 ,
  0.1208 ,  0.0399 , -0.1575 , -0.8325 ,  2.0470 ,  0.0018 ,
  0.0817 ,  0.2847 , -0.1584 , -0.4260 ,  1.3149 ,  0.0018 ,
  0.1210 ,  0.0806 , -0.1576 , -0.1191 ,  2.6615 ,  0.0018 ,
  0.1214 ,  0.2434 , -0.3165 , -0.3600 ,  2.0071 ,  0.9793 ,
  0.1612 , -0.0008 ,  0.0016 , -1.5511 ,  1.4962 , -0.3253 ,
 -0.0412 , -0.0412 , -0.3176 ,  0.0716 , -0.6789 ,  0.9793 ,
  0.0800 ,  0.1614 , -0.6340 , -1.0019 ,  1.3362 ,  0.6576 ,
  0.0407 ,  0.0414 ,  0.3163 , -0.8278 ,  1.9308 , -0.3220 ,
 -0.1628 , -0.0412 , -0.6361 , -1.4673 ,  2.8643 ,  0.9828 ,
  0.0812 ,  0.0812 ,  0.1577 , -2.4683 ,  1.3494 ,  0.3466 ,
 -0.0406 ,  0.0811 , -0.3178 , -0.8877 ,  0.5422 ,  0.9793 ,
  0.0402 ,  0.0403 , -0.1583 , -0.8318 ,  1.2989 ,  0.6522 ,
  0.0800 , -0.0415 , -0.1578 , -2.2589 ,  1.3775 ,  0.0018 ,
 -0.0392 ,  0.0011 ,  0.4755 ,  1.5353 ,  1.1839 , -0.0053 ,
 -0.0006 ,  0.1618 , -0.6349 , -1.0012 ,  1.2103 ,  0.3323 ,
 -0.0404 ,  0.0406 , -0.1591 , -0.0562 ,  1.1730 ,  0.6522 ,
  0.1210 ,  0.0806 , -0.1576 , -0.1191 , -0.4499 ,  0.9775 ,
 -0.0397 ,  0.1225 , -0.0006 , -0.1840 ,  1.1581 ,  0.9757 ,
 -0.0817 , -0.0818 , -0.3179 ,  0.1334 ,  1.7551 ,  0.3288 ,
 -0.0404 ,  0.0406 , -0.1591 , -0.8311 ,  1.1730 ,  0.0018 ,
  0.0808 ,  0.0404 ,  0.0007 , -1.6119 ,  1.3625 ,  0.6504 ,
 -0.0408 ,  0.0403 , -0.3178 , -1.6010 ,  1.1724 ,  1.6297 ,
 -0.0416 ,  0.0802 , -0.7938 , -1.6479 ,  2.4068 ,  0.6594 ,
  0.1610 ,  0.0397 , -0.1571 ,  0.7169 ,  1.4876 , -0.3235 ,
  0.0803 ,  0.0805 , -0.3166 ,  0.6610 ,  0.7310 ,  0.9793 ,
 -0.0003 ,  0.0809 , -0.3174 , -1.6630 ,  1.2274 ,  0.9793 ,
  0.0402 ,  0.0403 , -0.1583 ,  0.7179 ,  0.6766 ,  0.9775 ,
 -0.0811 ,  0.0405 , -0.3182 , -0.0510 ,  1.7317 ,  0.3288 ,
  0.0805 ,  0.0401 , -0.1579 ,  2.2672 ,  3.2285 ,  0.9775 ,
  0.1224 ,  0.1631 ,  0.3179 , -1.0329 ,  0.1624 , -0.0020 ,
  0.0392 , -0.0011 , -0.4755 ,  0.0143 ,  0.6829 ,  0.3306 ,
  0.0810 ,  0.0400 ,  0.1595 ,  1.5125 ,  1.9493 ,  0.9485 ,
 -0.0003 , -0.0003 , -0.1586 ,  1.5546 ,  2.4882 ,  0.3270 ,
  0.1606 ,  0.0798 , -0.4745 , -0.1096 ,  1.4783 ,  0.9810 ,
 -0.0001 ,  0.0405 , -0.1587 , -1.6064 ,  0.6137 ,  0.6522 ,
 -0.0008 ,  0.0398 , -0.4760 , -0.0468 ,  0.6122 , -0.3199 ,
  0.0810 ,  0.0811 ,  0.0007 ,  1.4260 ,  1.9770 ,  0.6504 ,
  0.0392 , -0.0011 , -0.4755 , -0.7605 ,  0.6829 ,  0.6558 ,
 -0.0005 ,  0.0401 , -0.3174 , -0.0517 ,  1.8576 ,  1.3045 ,
  0.0001 ,  0.0812 , -0.1588 , -0.8930 ,  1.2282 ,  0.3270 ,
  0.0807 ,  0.0808 , -0.1580 , -0.1187 ,  0.7317 ,  0.6522 ,
 -0.0413 , -0.0007 , -0.4763 , -1.5347 ,  0.5571 ,  0.6558 ,
  0.1206 ,  0.0803 , -0.3162 , -2.4389 ,  2.6607 ,  0.3288 ,
  0.0010 ,  0.1226 ,  0.1584 , -0.1893 ,  0.5995 ,  0.9739 ,
 -0.1212 ,  0.0003 , -0.1599 , -0.7690 ,  0.4328 ,  0.3270 ,
  0.0793 , -0.0421 , -0.4750 , -1.4744 ,  0.7536 ,  0.6558 ,
 -0.0404 ,  0.2436 , -0.6354 , -0.3488 ,  0.5095 ,  0.9828 ,
  0.1203 ,  0.0800 , -0.4749 , -2.4340 ,  1.4153 ,  0.3306 ,
  0.0812 ,  0.1219 ,  0.0006 , -0.1851 ,  1.3469 ,  0.3252 ,
  0.0006 ,  0.1223 , -0.0002 , -1.7341 ,  1.8433 ,  0.9757 ,
  0.0402 ,  0.0403 , -0.1583 , -0.8318 ,  1.2989 ,  0.6522 ,
  0.0393 ,  0.0801 , -0.6343 , -0.8786 ,  0.6665 ,  0.3323 ,
  0.1208 ,  0.1211 , -0.3163 ,  0.5992 , -0.4585 , -0.3217 ,
 -0.0009 ,  0.1615 , -0.7935 , -0.9963 ,  3.0762 ,  0.3342 ,
 -0.0003 ,  0.0809 , -0.3174 , -0.8881 ,  0.6051 ,  0.6541 ,
  0.0013 ,  0.1229 ,  0.3170 , -0.1942 ,  1.8448 ,  0.9722 ,
  0.0408 ,  0.1626 , -0.1585 , -1.0162 ,  1.2754 ,  0.6522 ,
  0.0803 ,  0.0805 , -0.3166 ,  0.6610 ,  1.3533 ,  0.3288 ,
  0.0396 , -0.0008 , -0.3169 ,  0.7843 ,  0.6837 ,  0.3288 ,
 -0.0005 ,  0.0401 , -0.3174 , -0.8266 ,  2.4797 ,  0.3288 ,
  0.0809 , -0.0001 ,  0.1594 , -0.7805 ,  0.1266 , -0.3270 ,
  0.0810 ,  0.0811 ,  0.0007 , -0.1236 ,  1.3548 ,  1.3009 ,
 -0.0811 ,  0.0405 , -0.3182 ,  1.4986 , -0.7575 ,  0.3288 ,
  0.0403 ,  0.1625 ,  0.1568 , -1.0243 ,  2.5072 ,  0.0131 ,
  0.0003 ,  0.1220 , -0.1589 , -0.9544 ,  1.8427 ,  1.3027 ,
 -0.0010 , -0.0009 , -0.4759 ,  0.7895 ,  1.2422 ,  0.9811 ,
 -0.0010 , -0.0009 , -0.4759 , -2.3102 ,  1.2422 ,  0.6558 ,
  0.0404 ,  0.0810 , -0.1584 , -0.1184 ,  1.9133 ,  0.6522 ,
  0.0396 , -0.0008 , -0.3169 ,  0.0094 , -0.5609 ,  0.9793 ,
  0.0801 ,  0.0398 , -0.3165 , -0.0524 ,  1.9834 , -0.3217 ,
  0.0408 , -0.0399 ,  0.3178 ,  0.8249 ,  1.3146 ,  0.0020 ,
  0.0811 ,  0.1624 , -0.1581 , -1.0165 ,  2.5829 ,  0.6522 ,
  0.0805 ,  0.0401 , -0.1579 , -0.0573 ,  2.6064 ,  0.3270 ,
 -0.0001 ,  0.1217 , -0.3175 , -0.9495 ,  1.2197 ,  0.6541 ,
 -0.1206 ,  0.1226 , -0.1601 , -0.9533 , -0.2129 ,  1.3027 ,
 -0.0812 , -0.0407 , -0.1594 ,  0.0670 ,  1.1257 ,  0.0018 ,
 -0.0809 ,  0.0001 , -0.1594 ,  0.0056 , -0.7489 ,  0.0018 ,
  0.0807 ,  0.0808 , -0.1580 ,  0.6561 ,  2.5985 ,  0.6522 ,
  0.0395 ,  0.0396 , -0.4756 , -0.0471 ,  1.9197 ,  0.0053 ,
  0.0792 , -0.0016 , -0.6337 , -1.5309 ,  3.8565 ,  0.0071 ,
 -0.0002 ,  0.1621 , -0.4762 , -1.0061 ,  1.8333 ,  0.0053 ,
  0.0404 ,  0.0810 , -0.1584 , -1.6682 ,  0.6688 ,  0.3270 ,
  0.1610 ,  0.0397 , -0.1571 , -0.8329 ,  1.4876 ,  0.3270 ,
 -0.0406 ,  0.0811 , -0.3178 , -1.6626 ,  0.5422 ,  0.6541 ,
  0.0389 , -0.0014 , -0.6342 , -0.7557 ,  1.9267 ,  0.9828 ,
 -0.0005 ,  0.0401 , -0.3174 , -1.6015 ,  2.4797 ,  0.3288 ,
  0.1207 ,  0.1218 ,  0.1586 , -0.1880 ,  2.0335 ,  0.6543 ,
 -0.0404 ,  0.0406 , -0.1591 , -0.8311 , -0.0715 ,  0.6522 ,
  0.0810 ,  0.0811 ,  0.0007 , -1.6734 ,  0.7325 ,  0.6504 ,
 -0.0409 ,  0.0808 , -0.4765 ,  0.6669 ,  2.4082 , -0.3199 ,
  0.0398 ,  0.0400 , -0.3170 , -0.8269 ,  2.5426 ,  0.6540 ,
  0.0395 ,  0.0396 , -0.4756 , -1.5969 ,  0.6751 ,  0.6558 ,
 -0.0010 , -0.0009 , -0.4759 , -1.5351 ,  1.8645 , -0.3199 ,
  0.0810 ,  0.0811 ,  0.0007 , -0.8985 ,  2.5992 ,  0.3252 ,
 -0.0403 ,  0.0002 , -0.0004 , -0.7745 ,  0.5593 ,  0.0000 ,
  0.0816 ,  0.0005 ,  0.4767 , -0.0154 ,  1.9949 ,  0.9703 ,
 -0.0809 ,  0.0813 , -0.3182 , -1.6622 ,  1.7239 ,  0.9793 ,
  0.1204 ,  0.0396 , -0.3161 , -1.6025 ,  1.4240 ,  0.3288 ,
  0.0812 ,  0.1219 ,  0.0006 , -1.7349 ,  0.7247 ,  0.3252 ,
  0.0406 ,  0.0001 ,  0.1590 , -1.5551 ,  1.3082 , -0.0018 ,
  0.0008 ,  0.1631 , -0.0003 , -1.7956 ,  0.5910 ,  0.6505 ,
  0.0402 ,  0.0403 , -0.1583 , -0.8318 ,  1.9211 ,  0.9775 ,
 -0.0006 ,  0.0806 , -0.4761 , -0.8831 ,  1.8489 ,  1.3063 ,
  0.0809 ,  0.1216 , -0.1581 , -0.1802 ,  0.7239 ,  0.6522 ,
  0.1203 ,  0.0800 , -0.4749 , -3.2088 ,  0.7932 ,  0.9811 ,
  0.0396 , -0.0008 , -0.3169 ,  0.0094 ,  0.6837 , -0.3217 ,
  0.0799 , -0.0010 , -0.3165 , -2.3156 , -0.4980 ,  0.3288 ,
  0.0019 ,  0.1640 ,  0.4756 , -2.5854 ,  1.2155 , -0.0053 ,
  0.0404 ,  0.0810 , -0.1584 , -0.8932 , -0.5758 ,  1.3027 ,
  0.0809 ,  0.2028 , -0.3169 , -0.2982 ,  1.3299 ,  0.6540 ,
  0.0793 , -0.0421 , -0.4750 ,  0.8503 ,  0.7536 , -0.6451 ,
  0.1603 ,  0.0391 , -0.4744 , -0.0482 ,  0.8639 ,  0.9810 ,
  0.0794 ,  0.0391 , -0.6338 , -0.8175 ,  1.9819 ,  0.6576 ,
 -0.0006 ,  0.0806 , -0.4761 , -0.1082 ,  1.2266 ,  1.3063 ,
  0.1199 ,  0.0797 , -0.6335 , -2.4292 ,  2.0368 ,  0.6576 ,
  0.0805 ,  0.0814 ,  0.1585 , -0.1263 ,  1.9804 ,  0.3260 ,
  0.0801 ,  0.0398 , -0.3165 , -0.0524 ,  1.9834 ,  0.6540 ,
  0.0398 ,  0.0400 , -0.3170 , -0.0520 ,  1.2981 ,  0.6540 ,
 -0.0809 ,  0.0813 , -0.3182 , -0.1124 ,  2.3460 ,  0.6541 ,
  0.0400 ,  0.0807 , -0.3170 , -0.8884 ,  1.2904 ,  0.3288 ,
  0.1203 ,  0.1612 , -0.6336 ,  0.5475 ,  2.6436 ,  0.6576 ,
  0.0006 ,  0.1223 , -0.0002 , -0.1844 ,  2.4654 ,  0.6505 ,
 -0.0006 , -0.0411 , -0.1586 , -0.7085 ,  0.6293 ,  0.3270 ,
  0.0402 ,  0.1215 , -0.3171 , -0.9498 ,  2.5271 ,  0.6541 ,
  0.1209 , -0.0006 ,  0.0012 , -0.7759 ,  0.8110 ,  0.3252 ,
 -0.0009 , -0.0414 , -0.3172 , -0.7037 ,  1.2508 ,  0.9793 ,
  0.1202 , -0.0012 , -0.3161 ,  0.0087 ,  0.8095 ,  0.9793 ,
  0.0400 ,  0.0807 , -0.3170 , -2.4382 ,  1.9127 ,  0.9793 ,
  0.0801 ,  0.0398 , -0.3165 ,  0.7224 ,  0.7388 ,  0.6540 ,
  0.1198 , -0.0015 , -0.4747 , -2.3111 , -0.4358 ,  0.6558 ,
  0.0404 ,  0.1623 , -0.3172 ,  0.5384 , -0.5922 ,  0.6541 ,
  0.1606 ,  0.0798 , -0.4745 , -1.6594 ,  0.2338 ,  0.6558 ,
  0.1602 ,  0.0795 , -0.6331 ,  0.6701 ,  2.0999 ,  0.6576 ,
  0.0003 ,  0.0003 ,  0.1586 , -0.7798 ,  1.2452 ,  0.3234 ,
  0.0402 ,  0.1215 , -0.3171 ,  0.5999 ,  0.6602 ,  0.0036 ,
  0.0001 ,  0.0812 , -0.1588 ,  0.6568 ,  1.2282 ,  0.6522 ,
 -0.0409 , -0.0409 , -0.1590 ,  1.6163 ,  2.4331 ,  0.9775 ,
  0.0404 ,  0.0810 , -0.1584 ,  0.6565 ,  0.6688 , -0.3235 ,
 -0.0007 , -0.0006 , -0.3173 ,  2.3344 ,  1.8653 ,  1.3045 ,
 -0.0005 ,  0.0401 , -0.3174 ,  0.7231 ,  0.6129 ,  0.6541 ,
 -0.0009 ,  0.1615 , -0.7935 , -2.5460 ,  3.6987 ,  2.2855 ,
  0.0411 ,  0.1629 ,  0.0001 , -1.0211 ,  0.0317 , -0.0000 ,
 -0.0003 , -0.0003 , -0.1586 , -0.7700 , -1.2454 ,  1.3027 ,
 -0.1210 ,  0.0410 , -0.1599 , -0.8304 ,  1.0472 ,  0.9775 ,
  0.0805 ,  0.0401 , -0.1579 ,  0.7176 ,  1.3617 ,  0.0018 ,
  0.0005 ,  0.1627 , -0.1589 ,  0.5339 ,  1.2125 ,  0.0018 ,
  0.0410 ,  0.0004 ,  0.3177 , -1.5599 ,  0.6867 ,  0.3217 ,
  0.0402 ,  0.1215 , -0.3171 , -2.4997 ,  1.2825 ,  0.6541 ,
  0.0402 ,  0.0403 , -0.1583 , -1.6066 ,  1.2989 ,  0.9775 ,
 -0.0010 ,  0.0803 , -0.6347 , -0.8782 ,  3.0927 ,  0.9828 ,
  0.0406 ,  0.1218 , -0.1585 , -0.9547 ,  1.2833 ,  0.3270 ,
 -0.0813 , -0.0002 , -0.3181 , -0.7644 ,  0.4950 ,  0.9793 ,
  0.0808 ,  0.0404 ,  0.0007 , -2.3868 ,  1.9849 , -0.3253 ,
 -0.0406 , -0.0001 , -0.1590 , -0.7697 , -0.0637 ,  0.6522 ,
 -0.0006 ,  0.0806 , -0.4761 , -3.9828 , -0.0179 ,  0.9811 ,
  0.0795 , -0.0013 , -0.4751 ,  0.0140 ,  0.7459 ,  0.9811 ,
 -0.0397 ,  0.0818 ,  0.1577 ,  2.2451 , -0.0846 ,  0.6628 ,
  0.0408 ,  0.1626 , -0.1585 , -1.0162 ,  1.8977 ,  0.3270 ,
 -0.0402 ,  0.1626 , -0.3180 , -1.0106 ,  1.7712 ,  0.3288 ,
  0.0413 ,  0.0820 ,  0.3168 , -0.9045 ,  0.6707 ,  0.9536 ,
  0.0405 ,  0.0406 ,  0.0003 , -0.0618 ,  2.5441 ,  1.6261 ,
 -0.1204 ,  0.1633 , -0.1602 , -1.0147 , -0.2208 ,  0.9775 ,
  0.0802 , -0.0007 , -0.1578 , -0.7707 ,  0.1251 ,  0.6522 ,
 -0.0811 ,  0.0405 , -0.3182 ,  0.7238 ,  1.1094 ,  0.3288 ,
  0.1202 , -0.0012 , -0.3161 ,  1.5584 ,  2.0541 ,  0.3288 ,
 -0.0413 ,  0.0805 , -0.6351 , -1.6528 ,  0.5407 ,  0.9828 ,
  0.0393 ,  0.0801 , -0.6343 , -1.6535 ,  2.5333 ,  0.6576 ,
  0.1614 ,  0.0400 ,  0.0015 , -0.0628 ,  0.8661 ,  0.3252 ,
  0.1209 , -0.0006 ,  0.0012 , -3.1005 ,  2.6778 ,  0.9757 ,
 -0.0003 ,  0.0809 , -0.3174 , -0.8881 , -0.0171 ,  0.3288 ,
  0.0798 ,  0.0395 , -0.4752 , -0.8224 ,  1.9826 ,  0.6558 ,
  0.0798 ,  0.0395 , -0.4752 ,  0.7273 ,  0.1158 ,  0.3306 ,
 -0.0406 ,  0.0811 , -0.3178 , -0.8877 ,  2.4091 ,  1.3045 ,
 -0.0807 ,  0.1221 , -0.3183 , -1.7236 ,  1.7161 ,  1.3045 ,
 -0.0402 ,  0.0814 , -0.1592 ,  0.6571 ,  2.4096 ,  0.0018 ,
 -0.0001 ,  0.0405 , -0.1587 , -0.8315 ,  1.2359 ,  0.9775 ,
  0.0000 ,  0.0000 ,  0.0000 ,  0.0000 ,  0.0000 ,  0.0000 ,
  0.0000 ,  0.0000 ,  0.0000 ,  0.0000 ,  0.0000 ,  0.0000 ,
  0.0000 ,  0.0000 ,  0.0000 ,  0.0000 ,  0.0000 ,  0.0000 ,
  0.0000 ,  0.0000 ,  0.0000 ,  0.0000 ,  0.0000 ,  0.0000 ,
  0.0000 ,  0.0000 ,  0.0000 ,  0.0000 ,  0.0000 ,  0.0000 ,
  0.0000 ,  0.0000 ,  0.0000 ,  0.0000 ,  0.0000 ,  0.0000 ,
  0.0000 ,  0.0000 ,  0.0000 ,  0.0000 ,  0.0000 ,  0.0000 ,
  0.0000 ,  0.0000 ,  0.0000 ,  0.0000 ,  0.0000 ,  0.0000 ,
  0.0000 ,  0.0000 ,  0.0000 ,  0.0000 ,  0.0000 ,  0.0000 ,
  0.0000 ,  0.0000 ,  0.0000 ,  0.0000 ,  0.0000 ,  0.0000 ,
  0.0000 ,  0.0000 ,  0.0000 ,  0.0000 ,  0.0000 ,  0.0000 ,
  0.0000 ,  0.0000 ,  0.0000 ,  0.0000 ,  0.0000 ,  0.0000 ,
  0.0000 ,  0.0000 ,  0.0000 ,  0.0000 ,  0.0000 ,  0.0000 ,
  0.0000 ,  0.0000 ,  0.0000 ,  0.0000 ,  0.0000 ,  0.0000 ,
  0.0000 ,  0.0000 ,  0.0000 ,  0.0000 ,  0.0000 ,  0.0000 ,
  0.0000 ,  0.0000 ,  0.0000 ,  0.0000 ,  0.0000 ,  0.0000 ,
  0.0000 ,  0.0000 ,  0.0000 ,  0.0000 ,  0.0000 ,  0.0000 ,
  0.0000 ,  0.0000 ,  0.0000 ,  0.0000 ,  0.0000 ,  0.0000 ,
  0.0000 ,  0.0000 ,  0.0000 ,  0.0000 ,  0.0000 ,  0.0000 ,
  0.0000 ,  0.0000 ,  0.0000 ,  0.0000 ,  0.0000 ,  0.0000 ,
  0.0000 ,  0.0000 ,  0.0000 ,  0.0000 ,  0.0000 ,  0.0000 ,
  0.0000 ,  0.0000 ,  0.0000 ,  0.0000 ,  0.0000 ,  0.0000 ,
  0.0000 ,  0.0000 ,  0.0000 ,  0.0000 ,  0.0000 ,  0.0000 ,
  0.0000 ,  0.0000 ,  0.0000 ,  0.0000 ,  0.0000 ,  0.0000 ,
  0.0000 ,  0.0000 ,  0.0000 ,  0.0000 ,  0.0000 ,  0.0000 ,
  0.0000 ,  0.0000 ,  0.0000 ,  0.0000 ,  0.0000 ,  0.0000 ,
  0.0000 ,  0.0000 ,  0.0000 ,  0.0000 ,  0.0000 ,  0.0000 ,
  0.0000 ,  0.0000 ,  0.0000 ,  0.0000 ,  0.0000 ,  0.0000 ,
  0.0000 ,  0.0000 ,  0.0000 ,  0.0000 ,  0.0000 ,  0.0000 ,
  0.0000 ,  0.0000 ,  0.0000 ,  0.0000 ,  0.0000 ,  0.0000 ,
  0.0000 ,  0.0000 ,  0.0000 ,  0.0000 ,  0.0000 ,  0.0000 ,
  0.0000 ,  0.0000 ,  0.0000 ,  0.0000 ,  0.0000 ,  0.0000 ,
  0.0000 ,  0.0000 ,  0.0000 ,  0.0000 ,  0.0000 ,  0.0000 ,
  0.0000 ,  0.0000 ,  0.0000 ,  0.0000 ,  0.0000 ,  0.0000 ,
  0.0000 ,  0.0000 ,  0.0000 ,  0.0000 ,  0.0000 ,  0.0000 ,
  0.0000 ,  0.0000 ,  0.0000 ,  0.0000 ,  0.0000 ,  0.0000 ,
  0.0000 ,  0.0000 ,  0.0000 ,  0.0000 ,  0.0000 ,  0.0000 ,
  0.0000 ,  0.0000 ,  0.0000 ,  0.0000 ,  0.0000 ,  0.0000 ,
  0.0000 ,  0.0000 ,  0.0000 ,  0.0000 ,  0.0000 ,  0.0000 ,
  0.0000 ,  0.0000 ,  0.0000 ,  0.0000 ,  0.0000 ,  0.0000 ,
  0.0000 ,  0.0000 ,  0.0000 ,  0.0000 ,  0.0000 ,  0.0000 ,
  0.0000 ,  0.0000 ,  0.0000 ,  0.0000 ,  0.0000 ,  0.0000 ,
  0.0000 ,  0.0000 ,  0.0000 ,  0.0000 ,  0.0000 ,  0.0000 ,
  0.0000 ,  0.0000 ,  0.0000 ,  0.0000 ,  0.0000 ,  0.0000 ,
  0.0000 ,  0.0000 ,  0.0000 ,  0.0000 ,  0.0000 ,  0.0000 ,
  0.0000 ,  0.0000 ,  0.0000 ,  0.0000 ,  0.0000 ,  0.0000 ,
  0.0000 ,  0.0000 ,  0.0000 ,  0.0000 ,  0.0000 ,  0.0000 ,
  0.0000 ,  0.0000 ,  0.0000 ,  0.0000 ,  0.0000 ,  0.0000 ,
  0.0000 ,  0.0000 ,  0.0000 ,  0.0000 ,  0.0000 ,  0.0000 ,
  0.0000 ,  0.0000 ,  0.0000 ,  0.0000 ,  0.0000 ,  0.0000 ,
  0.0000 ,  0.0000 ,  0.0000 ,  0.0000 ,  0.0000 ,  0.0000 ,
  0.0000 ,  0.0000 ,  0.0000 ,  0.0000 ,  0.0000 ,  0.0000 ,
  0.0000 ,  0.0000 ,  0.0000 ,  0.0000 ,  0.0000 ,  0.0000 ,
  0.0000 ,  0.0000 ,  0.0000 ,  0.0000 ,  0.0000 ,  0.0000 ,
  0.0000 ,  0.0000 ,  0.0000 ,  0.0000 ,  0.0000 ,  0.0000 ,
  0.0000 ,  0.0000 ,  0.0000 ,  0.0000 ,  0.0000 ,  0.0000 ,
  0.0000 ,  0.0000 ,  0.0000 ,  0.0000 ,  0.0000 ,  0.0000 ,
  0.0000 ,  0.0000 ,  0.0000 ,  0.0000 ,  0.0000 ,  0.0000 ,
  0.0000 ,  0.0000 ,  0.0000 ,  0.0000 ,  0.0000 ,  0.0000 ,
  0.0000 ,  0.0000 ,  0.0000 ,  0.0000 ,  0.0000 ,  0.0000 ,
  0.0000 ,  0.0000 ,  0.0000 ,  0.0000 ,  0.0000 ,  0.0000 ,
  0.0000 ,  0.0000 ,  0.0000 ,  0.0000 ,  0.0000 ,  0.0000 ,
  0.0000 ,  0.0000 ,  0.0000 ,  0.0000 ,  0.0000 ,  0.0000 ,
  0.0000 ,  0.0000 ,  0.0000 ,  0.0000 ,  0.0000 ,  0.0000 ,
  0.0000 ,  0.0000 ,  0.0000 ,  0.0000 ,  0.0000 ,  0.0000 ,
  0.0000 ,  0.0000 ,  0.0000 ,  0.0000 ,  0.0000 ,  0.0000 ,
  0.0000 ,  0.0000 ,  0.0000 ,  0.0000 ,  0.0000 ,  0.0000 ,
  0.0000 ,  0.0000 ,  0.0000 ,  0.0000 ,  0.0000 ,  0.0000 ,
  0.0000 ,  0.0000 ,  0.0000 ,  0.0000 ,  0.0000 ,  0.0000 ,
  0.0000 ,  0.0000 ,  0.0000 ,  0.0000 ,  0.0000 ,  0.0000 ,
  0.0000 ,  0.0000 ,  0.0000 ,  0.0000 ,  0.0000 ,  0.0000 ,
  0.0000 ,  0.0000 ,  0.0000 ,  0.0000 ,  0.0000 ,  0.0000 ,
  0.0000 ,  0.0000 ,  0.0000 ,  0.0000 ,  0.0000 ,  0.0000 ,
  0.0000 ,  0.0000 ,  0.0000 ,  0.0000 ,  0.0000 ,  0.0000 ,
  0.0000 ,  0.0000 ,  0.0000 ,  0.0000 ,  0.0000 ,  0.0000 ,
  0.0000 ,  0.0000 ,  0.0000 ,  0.0000 ,  0.0000 ,  0.0000 ,
  0.0000 ,  0.0000 ,  0.0000 ,  0.0000 ,  0.0000 ,  0.0000 ,
  0.0000 ,  0.0000 ,  0.0000 ,  0.0000 ,  0.0000 ,  0.0000 ,
  0.0000 ,  0.0000 ,  0.0000 ,  0.0000 ,  0.0000 ,  0.0000 ,
  0.0000 ,  0.0000 ,  0.0000 ,  0.0000 ,  0.0000 ,  0.0000 ,
  0.0000 ,  0.0000 ,  0.0000 ,  0.0000 ,  0.0000 ,  0.0000 ,
  0.0000 ,  0.0000 ,  0.0000 ,  0.0000 ,  0.0000 ,  0.0000 ,
  0.0000 ,  0.0000 ,  0.0000 ,  0.0000 ,  0.0000 ,  0.0000 ,
  0.0000 ,  0.0000 ,  0.0000 ,  0.0000 ,  0.0000 ,  0.0000 ,
  0.0000 ,  0.0000 ,  0.0000 ,  0.0000 ,  0.0000 ,  0.0000 ,
  0.0000 ,  0.0000 ,  0.0000 ,  0.0000 ,  0.0000 ,  0.0000 ,
  0.0000 ,  0.0000 ,  0.0000 ,  0.0000 ,  0.0000 ,  0.0000 ,
  0.0000 ,  0.0000 ,  0.0000 ,  0.0000 ,  0.0000 ,  0.0000 ,
  0.0000 ,  0.0000 ,  0.0000 ,  0.0000 ,  0.0000 ,  0.0000 ,
  0.0000 ,  0.0000 ,  0.0000 ,  0.0000 ,  0.0000 ,  0.0000 ,
  0.0000 ,  0.0000 ,  0.0000 ,  0.0000 ,  0.0000 ,  0.0000 ,
  0.0000 ,  0.0000 ,  0.0000 ,  0.0000 ,  0.0000 ,  0.0000 ,
  0.0000 ,  0.0000 ,  0.0000 ,  0.0000 ,  0.0000 ,  0.0000 ,
  0.0000 ,  0.0000 ,  0.0000 ,  0.0000 ,  0.0000 ,  0.0000 ,
  0.0000 ,  0.0000 ,  0.0000 ,  0.0000 ,  0.0000 ,  0.0000 ,
  0.0000 ,  0.0000 ,  0.0000 ,  0.0000 ,  0.0000 ,  0.0000 ,
  0.0000 ,  0.0000 ,  0.0000 ,  0.0000 ,  0.0000 ,  0.0000 ,
  0.0000 ,  0.0000 ,  0.0000 ,  0.0000 ,  0.0000 ,  0.0000 ,
  0.0000 ,  0.0000 ,  0.0000 ,  0.0000 ,  0.0000 ,  0.0000 ,
  0.0000 ,  0.0000 ,  0.0000 ,  0.0000 ,  0.0000 ,  0.0000 ,
  0.0000 ,  0.0000 ,  0.0000 ,  0.0000 ,  0.0000 ,  0.0000 ,
  0.0000 ,  0.0000 ,  0.0000 ,  0.0000 ,  0.0000 ,  0.0000 ,
  0.0000 ,  0.0000 ,  0.0000 ,  0.0000 ,  0.0000 ,  0.0000 ,
  0.0000 ,  0.0000 ,  0.0000 ,  0.0000 ,  0.0000 ,  0.0000 ,
  0.0000 ,  0.0000 ,  0.0000 ,  0.0000 ,  0.0000 ,  0.0000 ,
  0.0000 ,  0.0000 ,  0.0000 ,  0.0000 ,  0.0000 ,  0.0000 ,
  0.0000 ,  0.0000 ,  0.0000 ,  0.0000 ,  0.0000 ,  0.0000 ,
  0.0000 ,  0.0000 ,  0.0000 ,  0.0000 ,  0.0000 ,  0.0000 ,
  0.0000 ,  0.0000 ,  0.0000 ,  0.0000 ,  0.0000 ,  0.0000 ,
  0.0000 ,  0.0000 ,  0.0000 ,  0.0000 ,  0.0000 ,  0.0000 ,
  0.0000 ,  0.0000 ,  0.0000 ,  0.0000 ,  0.0000 ,  0.0000 ,
  0.0000 ,  0.0000 ,  0.0000 ,  0.0000 ,  0.0000 ,  0.0000 ,
  0.0000 ,  0.0000 ,  0.0000 ,  0.0000 ,  0.0000 ,  0.0000 ,
  0.0000 ,  0.0000 ,  0.0000 ,  0.0000 ,  0.0000 ,  0.0000 ,
  0.0000 ,  0.0000 ,  0.0000 ,  0.0000 ,  0.0000 ,  0.0000 ,
  0.0000 ,  0.0000 ,  0.0000 ,  0.0000 ,  0.0000 ,  0.0000 ,
  0.0000 ,  0.0000 ,  0.0000 ,  0.0000 ,  0.0000 ,  0.0000 ,
  0.0000 ,  0.0000 ,  0.0000 ,  0.0000 ,  0.0000 ,  0.0000 ,
  0.0000 ,  0.0000 ,  0.0000 ,  0.0000 ,  0.0000 ,  0.0000 ,
  0.0000 ,  0.0000 ,  0.0000 ,  0.0000 ,  0.0000 ,  0.0000 ,
  0.0000 ,  0.0000 ,  0.0000 ,  0.0000 ,  0.0000 ,  0.0000 ,
  0.0000 ,  0.0000 ,  0.0000 ,  0.0000 ,  0.0000 ,  0.0000 ,
  0.0000 ,  0.0000 ,  0.0000 ,  0.0000 ,  0.0000 ,  0.0000 ,
  0.0000 ,  0.0000 ,  0.0000 ,  0.0000 ,  0.0000 ,  0.0000 ,
  0.0000 ,  0.0000 ,  0.0000 ,  0.0000 ,  0.0000 ,  0.0000 ,
  0.0000 ,  0.0000 ,  0.0000 ,  0.0000 ,  0.0000 ,  0.0000 ,
  0.0000 ,  0.0000 ,  0.0000 ,  0.0000 ,  0.0000 ,  0.0000 ,
  0.0000 ,  0.0000 ,  0.0000 ,  0.0000 ,  0.0000 ,  0.0000 ,
  0.0000 ,  0.0000 ,  0.0000 ,  0.0000 ,  0.0000 ,  0.0000 ,
  0.0000 ,  0.0000 ,  0.0000 ,  0.0000 ,  0.0000 ,  0.0000 ,
  0.0000 ,  0.0000 ,  0.0000 ,  0.0000 ,  0.0000 ,  0.0000 ,
  0.0000 ,  0.0000 ,  0.0000 ,  0.0000 ,  0.0000 ,  0.0000 ,
  0.0000 ,  0.0000 ,  0.0000 ,  0.0000 ,  0.0000 ,  0.0000 ,
  0.0000 ,  0.0000 ,  0.0000 ,  0.0000 ,  0.0000 ,  0.0000 ,
  0.0000 ,  0.0000 ,  0.0000 ,  0.0000 ,  0.0000 ,  0.0000 ,
  0.0000 ,  0.0000 ,  0.0000 ,  0.0000 ,  0.0000 ,  0.0000 ,
  0.0000 ,  0.0000 ,  0.0000 ,  0.0000 ,  0.0000 ,  0.0000 ,
  0.0000 ,  0.0000 ,  0.0000 ,  0.0000 ,  0.0000 ,  0.0000 ,
  0.0000 ,  0.0000 ,  0.0000 ,  0.0000 ,  0.0000 ,  0.0000 ,
  0.0000 ,  0.0000 ,  0.0000 ,  0.0000 ,  0.0000 ,  0.0000 ,
  0.0000 ,  0.0000 ,  0.0000 ,  0.0000 ,  0.0000 ,  0.0000 ,
  0.0000 ,  0.0000 ,  0.0000 ,  0.0000 ,  0.0000 ,  0.0000 ,
  0.0000 ,  0.0000 ,  0.0000 ,  0.0000 ,  0.0000 ,  0.0000 ,
  0.0000 ,  0.0000 ,  0.0000 ,  0.0000 ,  0.0000 ,  0.0000 ,
  0.0000 ,  0.0000 ,  0.0000 ,  0.0000 ,  0.0000 ,  0.0000 ,
  0.0000 ,  0.0000 ,  0.0000 ,  0.0000 ,  0.0000 ,  0.0000 ,
  0.0000 ,  0.0000 ,  0.0000 ,  0.0000 ,  0.0000 ,  0.0000 ,
  0.0000 ,  0.0000 ,  0.0000 ,  0.0000 ,  0.0000 ,  0.0000 ,
  0.0000 ,  0.0000 ,  0.0000 ,  0.0000 ,  0.0000 ,  0.0000 ,
  0.0000 ,  0.0000 ,  0.0000 ,  0.0000 ,  0.0000 ,  0.0000 ,
  0.0000 ,  0.0000 ,  0.0000 ,  0.0000 ,  0.0000 ,  0.0000 ,
  0.0000 ,  0.0000 ,  0.0000 ,  0.0000 ,  0.0000 ,  0.0000 ,
  0.0000 ,  0.0000 ,  0.0000 ,  0.0000 ,  0.0000 ,  0.0000 ,
  0.0000 ,  0.0000 ,  0.0000 ,  0.0000 ,  0.0000 ,  0.0000 ,
  0.0000 ,  0.0000 ,  0.0000 ,  0.0000 ,  0.0000 ,  0.0000 ,
  0.0000 ,  0.0000 ,  0.0000 ,  0.0000 ,  0.0000 ,  0.0000 ,
  0.0000 ,  0.0000 ,  0.0000 ,  0.0000 ,  0.0000 ,  0.0000 ,
  0.0000 ,  0.0000 ,  0.0000 ,  0.0000 ,  0.0000 ,  0.0000 ,
  0.0000 ,  0.0000 ,  0.0000 ,  0.0000 ,  0.0000 ,  0.0000 ,
  0.0000 ,  0.0000 ,  0.0000 ,  0.0000 ,  0.0000 ,  0.0000 ,
  0.0000 ,  0.0000 ,  0.0000 ,  0.0000 ,  0.0000 ,  0.0000 ,
  0.0000 ,  0.0000 ,  0.0000 ,  0.0000 ,  0.0000 ,  0.0000 ,
  0.0000 ,  0.0000 ,  0.0000 ,  0.0000 ,  0.0000 ,  0.0000 ,
  0.0000 ,  0.0000 ,  0.0000 ,  0.0000 ,  0.0000 ,  0.0000 ,
  0.0000 ,  0.0000 ,  0.0000 ,  0.0000 ,  0.0000 ,  0.0000 ,
  0.0000 ,  0.0000 ,  0.0000 ,  0.0000 ,  0.0000 ,  0.0000 ,
  0.0000 ,  0.0000 ,  0.0000 ,  0.0000 ,  0.0000 ,  0.0000 ,
  0.0000 ,  0.0000 ,  0.0000 ,  0.0000 ,  0.0000 ,  0.0000 ,
  0.0000 ,  0.0000 ,  0.0000 ,  0.0000 ,  0.0000 ,  0.0000 ,
  0.0000 ,  0.0000 ,  0.0000 ,  0.0000 ,  0.0000 ,  0.0000 ,
  0.0000 ,  0.0000 ,  0.0000 ,  0.0000 ,  0.0000 ,  0.0000 ,
  0.0000 ,  0.0000 ,  0.0000 ,  0.0000 ,  0.0000 ,  0.0000 ,
  0.0000 ,  0.0000 ,  0.0000 ,  0.0000 ,  0.0000 ,  0.0000 ,
  0.0000 ,  0.0000 ,  0.0000 ,  0.0000 ,  0.0000 ,  0.0000 ,
  0.0000 ,  0.0000 ,  0.0000 ,  0.0000 ,  0.0000 ,  0.0000 ,
  0.0000 ,  0.0000 ,  0.0000 ,  0.0000 ,  0.0000 ,  0.0000 ,
  0.0000 ,  0.0000 ,  0.0000 ,  0.0000 ,  0.0000 ,  0.0000 ,
  0.0000 ,  0.0000 ,  0.0000 ,  0.0000 ,  0.0000 ,  0.0000 ,
  0.0000 ,  0.0000 ,  0.0000 ,  0.0000 ,  0.0000 ,  0.0000 ,
  0.0000 ,  0.0000 ,  0.0000 ,  0.0000 ,  0.0000 ,  0.0000 ,
  0.0000 ,  0.0000 ,  0.0000 ,  0.0000 ,  0.0000 ,  0.0000 ,
  0.0000 ,  0.0000 ,  0.0000 ,  0.0000 ,  0.0000 ,  0.0000 ,
  0.0000 ,  0.0000 ,  0.0000 ,  0.0000 ,  0.0000 ,  0.0000 ,
  0.0000 ,  0.0000 ,  0.0000 ,  0.0000 ,  0.0000 ,  0.0000 ,
  0.0000 ,  0.0000 ,  0.0000 ,  0.0000 ,  0.0000 ,  0.0000 ,
  0.0000 ,  0.0000 ,  0.0000 ,  0.0000 ,  0.0000 ,  0.0000 ,
  0.0000 ,  0.0000 ,  0.0000 ,  0.0000 ,  0.0000 ,  0.0000 ,
  0.0000 ,  0.0000 ,  0.0000 ,  0.0000 ,  0.0000 ,  0.0000 ,
  0.0000 ,  0.0000 ,  0.0000 ,  0.0000 ,  0.0000 ,  0.0000 ,
  0.0000 ,  0.0000 ,  0.0000 ,  0.0000 ,  0.0000 ,  0.0000 ,
  0.0000 ,  0.0000 ,  0.0000 ,  0.0000 ,  0.0000 ,  0.0000 ,
  0.0000 ,  0.0000 ,  0.0000 ,  0.0000 ,  0.0000 ,  0.0000 ,
  0.0000 ,  0.0000 ,  0.0000 ,  0.0000 ,  0.0000 ,  0.0000 ,
  0.0000 ,  0.0000 ,  0.0000 ,  0.0000 ,  0.0000 ,  0.0000 ,
  0.0000 ,  0.0000 ,  0.0000 ,  0.0000 ,  0.0000 ,  0.0000 ,
  0.0000 ,  0.0000 ,  0.0000 ,  0.0000 ,  0.0000 ,  0.0000 ,
  0.0000 ,  0.0000 ,  0.0000 ,  0.0000 ,  0.0000 ,  0.0000 ,
  0.0000 ,  0.0000 ,  0.0000 ,  0.0000 ,  0.0000 ,  0.0000 ,
  0.0000 ,  0.0000 ,  0.0000 ,  0.0000 ,  0.0000 ,  0.0000 ,
  0.0000 ,  0.0000 ,  0.0000 ,  0.0000 ,  0.0000 ,  0.0000 ,
  0.0000 ,  0.0000 ,  0.0000 ,  0.0000 ,  0.0000 ,  0.0000 ,
  0.0000 ,  0.0000 ,  0.0000 ,  0.0000 ,  0.0000 ,  0.0000 ,
  0.0000 ,  0.0000 ,  0.0000 ,  0.0000 ,  0.0000 ,  0.0000 ,
  0.0000 ,  0.0000 ,  0.0000 ,  0.0000 ,  0.0000 ,  0.0000 ,
  0.0000 ,  0.0000 ,  0.0000 ,  0.0000 ,  0.0000 ,  0.0000 ,
  0.0000 ,  0.0000 ,  0.0000 ,  0.0000 ,  0.0000 ,  0.0000 ,
  0.0000 ,  0.0000 ,  0.0000 ,  0.0000 ,  0.0000 ,  0.0000 ,
  0.0000 ,  0.0000 ,  0.0000 ,  0.0000 ,  0.0000 ,  0.0000 ,
  0.0000 ,  0.0000 ,  0.0000 ,  0.0000 ,  0.0000 ,  0.0000 ,
  0.0000 ,  0.0000 ,  0.0000 ,  0.0000 ,  0.0000 ,  0.0000 ,
  0.0000 ,  0.0000 ,  0.0000 ,  0.0000 ,  0.0000 ,  0.0000 ,
  0.0000 ,  0.0000 ,  0.0000 ,  0.0000 ,  0.0000 ,  0.0000 ,
  0.0000 ,  0.0000 ,  0.0000 ,  0.0000 ,  0.0000 ,  0.0000 ,
  0.0000 ,  0.0000 ,  0.0000 ,  0.0000 ,  0.0000 ,  0.0000 ,
  0.0000 ,  0.0000 ,  0.0000 ,  0.0000 ,  0.0000 ,  0.0000 ,
  0.0000 ,  0.0000 ,  0.0000 ,  0.0000 ,  0.0000 ,  0.0000 ,
  0.0000 ,  0.0000 ,  0.0000 ,  0.0000 ,  0.0000 ,  0.0000 ,
  0.0000 ,  0.0000 ,  0.0000 ,  0.0000 ,  0.0000 ,  0.0000 ,
  0.0000 ,  0.0000 ,  0.0000 ,  0.0000 ,  0.0000 ,  0.0000 ,
  0.0000 ,  0.0000 ,  0.0000 ,  0.0000 ,  0.0000 ,  0.0000 ,
  0.0000 ,  0.0000 ,  0.0000 ,  0.0000 ,  0.0000 ,  0.0000 ,
  0.0000 ,  0.0000 ,  0.0000 ,  0.0000 ,  0.0000 ,  0.0000 ,
  0.0000 ,  0.0000 ,  0.0000 ,  0.0000 ,  0.0000 ,  0.0000 ,
  0.0000 ,  0.0000 ,  0.0000 ,  0.0000 ,  0.0000 ,  0.0000 ,
  0.0000 ,  0.0000 ,  0.0000 ,  0.0000 ,  0.0000 ,  0.0000 ,
  0.0000 ,  0.0000 ,  0.0000 ,  0.0000 ,  0.0000 ,  0.0000 ,
  0.0000 ,  0.0000 ,  0.0000 ,  0.0000 ,  0.0000 ,  0.0000 ,
  0.0000 ,  0.0000 ,  0.0000 ,  0.0000 ,  0.0000 ,  0.0000 ,
  0.0000 ,  0.0000 ,  0.0000 ,  0.0000 ,  0.0000 ,  0.0000 ,
  0.0000 ,  0.0000 ,  0.0000 ,  0.0000 ,  0.0000 ,  0.0000 ,
  0.0000 ,  0.0000 ,  0.0000 ,  0.0000 ,  0.0000 ,  0.0000 ,
  0.0000 ,  0.0000 ,  0.0000 ,  0.0000 ,  0.0000 ,  0.0000 ,
  0.0000 ,  0.0000 ,  0.0000 ,  0.0000 ,  0.0000 ,  0.0000 ,
  0.0000 ,  0.0000 ,  0.0000 ,  0.0000 ,  0.0000 ,  0.0000 ,
  0.0000 ,  0.0000 ,  0.0000 ,  0.0000 ,  0.0000 ,  0.0000 ,
  0.0000 ,  0.0000 ,  0.0000 ,  0.0000 ,  0.0000 ,  0.0000 ,
  0.0000 ,  0.0000 ,  0.0000 ,  0.0000 ,  0.0000 ,  0.0000 ,
  0.0000 ,  0.0000 ,  0.0000 ,  0.0000 ,  0.0000 ,  0.0000 ,
  0.0000 ,  0.0000 ,  0.0000 ,  0.0000 ,  0.0000 ,  0.0000 ,
  0.0000 ,  0.0000 ,  0.0000 ,  0.0000 ,  0.0000 ,  0.0000 ,
  0.0000 ,  0.0000 ,  0.0000 ,  0.0000 ,  0.0000 ,  0.0000 ,
  0.0000 ,  0.0000 ,  0.0000 ,  0.0000 ,  0.0000 ,  0.0000 ,
  0.0000 ,  0.0000 ,  0.0000 ,  0.0000 ,  0.0000 ,  0.0000 ,
  0.0000 ,  0.0000 ,  0.0000 ,  0.0000 ,  0.0000 ,  0.0000 ,
  0.0000 ,  0.0000 ,  0.0000 ,  0.0000 ,  0.0000 ,  0.0000 ,
  0.0000 ,  0.0000 ,  0.0000 ,  0.0000 ,  0.0000 ,  0.0000 ,
  0.0000 ,  0.0000 ,  0.0000 ,  0.0000 ,  0.0000 ,  0.0000 ,
  0.0000 ,  0.0000 ,  0.0000 ,  0.0000 ,  0.0000 ,  0.0000 ,
  0.0000 ,  0.0000 ,  0.0000 ,  0.0000 ,  0.0000 ,  0.0000 ,
  0.0000 ,  0.0000 ,  0.0000 ,  0.0000 ,  0.0000 ,  0.0000 ,
  0.0000 ,  0.0000 ,  0.0000 ,  0.0000 ,  0.0000 ,  0.0000 ,
  0.0000 ,  0.0000 ,  0.0000 ,  0.0000 ,  0.0000 ,  0.0000 ,
  0.0000 ,  0.0000 ,  0.0000 ,  0.0000 ,  0.0000 ,  0.0000 ,
  0.0000 ,  0.0000 ,  0.0000 ,  0.0000 ,  0.0000 ,  0.0000 ,
  0.0000 ,  0.0000 ,  0.0000 ,  0.0000 ,  0.0000 ,  0.0000 ,
  0.0000 ,  0.0000 ,  0.0000 ,  0.0000 ,  0.0000 ,  0.0000 ,
  0.0000 ,  0.0000 ,  0.0000 ,  0.0000 ,  0.0000 ,  0.0000 ,
  0.0000 ,  0.0000 ,  0.0000 ,  0.0000 ,  0.0000 ,  0.0000 ,
  0.0000 ,  0.0000 ,  0.0000 ,  0.0000 ,  0.0000 ,  0.0000 ,
  0.0000 ,  0.0000 ,  0.0000 ,  0.0000 ,  0.0000 ,  0.0000 ,
  0.0000 ,  0.0000 ,  0.0000 ,  0.0000 ,  0.0000 ,  0.0000 ,
  0.0000 ,  0.0000 ,  0.0000 ,  0.0000 ,  0.0000 ,  0.0000 ,
  0.0000 ,  0.0000 ,  0.0000 ,  0.0000 ,  0.0000 ,  0.0000 ,
  0.0000 ,  0.0000 ,  0.0000 ,  0.0000 ,  0.0000 ,  0.0000 ,
  0.0000 ,  0.0000 ,  0.0000 ,  0.0000 ,  0.0000 ,  0.0000 ,
  0.0000 ,  0.0000 ,  0.0000 ,  0.0000 ,  0.0000 ,  0.0000 ,
  0.0000 ,  0.0000 ,  0.0000 ,  0.0000 ,  0.0000 ,  0.0000 ,
  0.0000 ,  0.0000 ,  0.0000 ,  0.0000 ,  0.0000 ,  0.0000 ,
  0.0000 ,  0.0000 ,  0.0000 ,  0.0000 ,  0.0000 ,  0.0000 ,
  0.0000 ,  0.0000 ,  0.0000 ,  0.0000 ,  0.0000 ,  0.0000 ,
  0.0000 ,  0.0000 ,  0.0000 ,  0.0000 ,  0.0000 ,  0.0000 ,
  0.0000 ,  0.0000 ,  0.0000 ,  0.0000 ,  0.0000 ,  0.0000 ,
  0.0000 ,  0.0000 ,  0.0000 ,  0.0000 ,  0.0000 ,  0.0000 ,
  0.0000 ,  0.0000 ,  0.0000 ,  0.0000 ,  0.0000 ,  0.0000 ,
  0.0000 ,  0.0000 ,  0.0000 ,  0.0000 ,  0.0000 ,  0.0000 ,
  0.0000 ,  0.0000 ,  0.0000 ,  0.0000 ,  0.0000 ,  0.0000 ,
  0.0000 ,  0.0000 ,  0.0000 ,  0.0000 ,  0.0000 ,  0.0000 ,
  0.0000 ,  0.0000 ,  0.0000 ,  0.0000 ,  0.0000 ,  0.0000 ,
  0.0000 ,  0.0000 ,  0.0000 ,  0.0000 ,  0.0000 ,  0.0000 ,
  0.0000 ,  0.0000 ,  0.0000 ,  0.0000 ,  0.0000 ,  0.0000 ,
  0.0000 ,  0.0000 ,  0.0000 ,  0.0000 ,  0.0000 ,  0.0000 ,
  0.0000 ,  0.0000 ,  0.0000 ,  0.0000 ,  0.0000 ,  0.0000 ,
  0.0000 ,  0.0000 ,  0.0000 ,  0.0000 ,  0.0000 ,  0.0000 ,
  0.0000 ,  0.0000 ,  0.0000 ,  0.0000 ,  0.0000 ,  0.0000 ,
  0.0000 ,  0.0000 ,  0.0000 ,  0.0000 ,  0.0000 ,  0.0000 ,
  0.0000 ,  0.0000 ,  0.0000 ,  0.0000 ,  0.0000 ,  0.0000 ,
  0.0000 ,  0.0000 ,  0.0000 ,  0.0000 ,  0.0000 ,  0.0000 ,
  0.0000 ,  0.0000 ,  0.0000 ,  0.0000 ,  0.0000 ,  0.0000 ,
  0.0000 ,  0.0000 ,  0.0000 ,  0.0000 ,  0.0000 ,  0.0000 ,
  0.0000 ,  0.0000 ,  0.0000 ,  0.0000 ,  0.0000 ,  0.0000 ,
  0.0000 ,  0.0000 ,  0.0000 ,  0.0000 ,  0.0000 ,  0.0000 ,
  0.0000 ,  0.0000 ,  0.0000 ,  0.0000 ,  0.0000 ,  0.0000 ,
  0.0000 ,  0.0000 ,  0.0000 ,  0.0000 ,  0.0000 ,  0.0000 ,
  0.0000 ,  0.0000 ,  0.0000 ,  0.0000 ,  0.0000 ,  0.0000 ,
  0.0000 ,  0.0000 ,  0.0000 ,  0.0000 ,  0.0000 ,  0.0000 ,
  0.0000 ,  0.0000 ,  0.0000 ,  0.0000 ,  0.0000 ,  0.0000 ,
  0.0000 ,  0.0000 ,  0.0000 ,  0.0000 ,  0.0000 ,  0.0000 ,
  0.0000 ,  0.0000 ,  0.0000 ,  0.0000 ,  0.0000 ,  0.0000 ,
  0.0000 ,  0.0000 ,  0.0000 ,  0.0000 ,  0.0000 ,  0.0000 ,
  0.0000 ,  0.0000 ,  0.0000 ,  0.0000 ,  0.0000 ,  0.0000 ,
  0.0000 ,  0.0000 ,  0.0000 ,  0.0000 ,  0.0000 ,  0.0000 ,
  0.0000 ,  0.0000 ,  0.0000 ,  0.0000 ,  0.0000 ,  0.0000 ,
  0.0000 ,  0.0000 ,  0.0000 ,  0.0000 ,  0.0000 ,  0.0000 ,
  0.0000 ,  0.0000 ,  0.0000 ,  0.0000 ,  0.0000 ,  0.0000 ,
  0.0000 ,  0.0000 ,  0.0000 ,  0.0000 ,  0.0000 ,  0.0000 ,
  0.0000 ,  0.0000 ,  0.0000 ,  0.0000 ,  0.0000 ,  0.0000 ,
  0.0000 ,  0.0000 ,  0.0000 ,  0.0000 ,  0.0000 ,  0.0000 ,
  0.0000 ,  0.0000 ,  0.0000 ,  0.0000 ,  0.0000 ,  0.0000 ,
  0.0000 ,  0.0000 ,  0.0000 ,  0.0000 ,  0.0000 ,  0.0000 ,
  0.0000 ,  0.0000 ,  0.0000 ,  0.0000 ,  0.0000 ,  0.0000 ,
  0.0000 ,  0.0000 ,  0.0000 ,  0.0000 ,  0.0000 ,  0.0000 ,
  0.0000 ,  0.0000 ,  0.0000 ,  0.0000 ,  0.0000 ,  0.0000 ,
  0.0000 ,  0.0000 ,  0.0000 ,  0.0000 ,  0.0000 ,  0.0000 ,
  0.0000 ,  0.0000 ,  0.0000 ,  0.0000 ,  0.0000 ,  0.0000 ,
  0.0000 ,  0.0000 ,  0.0000 ,  0.0000 ,  0.0000 ,  0.0000 ,
  0.0000 ,  0.0000 ,  0.0000 ,  0.0000 ,  0.0000 ,  0.0000 ,
  0.0000 ,  0.0000 ,  0.0000 ,  0.0000 ,  0.0000 ,  0.0000 ,
  0.0000 ,  0.0000 ,  0.0000 ,  0.0000 ,  0.0000 ,  0.0000 ,
  0.0000 ,  0.0000 ,  0.0000 ,  0.0000 ,  0.0000 ,  0.0000 ,
  0.0000 ,  0.0000 ,  0.0000 ,  0.0000 ,  0.0000 ,  0.0000 ,
  0.0000 ,  0.0000 ,  0.0000 ,  0.0000 ,  0.0000 ,  0.0000 ,
  0.0000 ,  0.0000 ,  0.0000 ,  0.0000 ,  0.0000 ,  0.0000 ,
  0.0000 ,  0.0000 ,  0.0000 ,  0.0000 ,  0.0000 ,  0.0000 ,
  0.0000 ,  0.0000 ,  0.0000 ,  0.0000 ,  0.0000 ,  0.0000 ,
  0.0000 ,  0.0000 ,  0.0000 ,  0.0000 ,  0.0000 ,  0.0000 ,
  0.0000 ,  0.0000 ,  0.0000 ,  0.0000 ,  0.0000 ,  0.0000 ,
  0.0000 ,  0.0000 ,  0.0000 ,  0.0000 ,  0.0000 ,  0.0000 ,
  0.0000 ,  0.0000 ,  0.0000 ,  0.0000 ,  0.0000 ,  0.0000 ,
  0.0000 ,  0.0000 ,  0.0000 ,  0.0000 ,  0.0000 ,  0.0000 ,
  0.0000 ,  0.0000 ,  0.0000 ,  0.0000 ,  0.0000 ,  0.0000 ,
  0.0000 ,  0.0000 ,  0.0000 ,  0.0000 ,  0.0000 ,  0.0000 ,
  0.0000 ,  0.0000 ,  0.0000 ,  0.0000 ,  0.0000 ,  0.0000 ,
  0.0000 ,  0.0000 ,  0.0000 ,  0.0000 ,  0.0000 ,  0.0000 ,
  0.0000 ,  0.0000 ,  0.0000 ,  0.0000 ,  0.0000 ,  0.0000 ,
  0.0000 ,  0.0000 ,  0.0000 ,  0.0000 ,  0.0000 ,  0.0000 ,
  0.0000 ,  0.0000 ,  0.0000 ,  0.0000 ,  0.0000 ,  0.0000 ,
  0.0000 ,  0.0000 ,  0.0000 ,  0.0000 ,  0.0000 ,  0.0000 ,
  0.0000 ,  0.0000 ,  0.0000 ,  0.0000 ,  0.0000 ,  0.0000 ,
  0.0000 ,  0.0000 ,  0.0000 ,  0.0000 ,  0.0000 ,  0.0000 ,
  0.0000 ,  0.0000 ,  0.0000 ,  0.0000 ,  0.0000 ,  0.0000 ,
  0.0000 ,  0.0000 ,  0.0000 ,  0.0000 ,  0.0000 ,  0.0000 ,
  0.0000 ,  0.0000 ,  0.0000 ,  0.0000 ,  0.0000 ,  0.0000 ,
  0.0000 ,  0.0000 ,  0.0000 ,  0.0000 ,  0.0000 ,  0.0000 ,
  0.0000 ,  0.0000 ,  0.0000 ,  0.0000 ,  0.0000 ,  0.0000 ,
  0.0000 ,  0.0000 ,  0.0000 ,  0.0000 ,  0.0000 ,  0.0000 ,
  0.0000 ,  0.0000 ,  0.0000 ,  0.0000 ,  0.0000 ,  0.0000 ,
  0.0000 ,  0.0000 ,  0.0000 ,  0.0000 ,  0.0000 ,  0.0000 ,
  0.0000 ,  0.0000 ,  0.0000 ,  0.0000 ,  0.0000 ,  0.0000 ,
  0.0000 ,  0.0000 ,  0.0000 ,  0.0000 ,  0.0000 ,  0.0000 ,
  0.0000 ,  0.0000 ,  0.0000 ,  0.0000 ,  0.0000 ,  0.0000 ,
  0.0000 ,  0.0000 ,  0.0000 ,  0.0000 ,  0.0000 ,  0.0000 ,
  0.0000 ,  0.0000 ,  0.0000 ,  0.0000 ,  0.0000 ,  0.0000 ,
  0.0000 ,  0.0000 ,  0.0000 ,  0.0000 ,  0.0000 ,  0.0000 ,
  0.0000 ,  0.0000 ,  0.0000 ,  0.0000 ,  0.0000 ,  0.0000 ,
  0.0000 ,  0.0000 ,  0.0000 ,  0.0000 ,  0.0000 ,  0.0000 ,
  0.0000 ,  0.0000 ,  0.0000 ,  0.0000 ,  0.0000 ,  0.0000 ,
  0.0000 ,  0.0000 ,  0.0000 ,  0.0000 ,  0.0000 ,  0.0000 ,
  0.0000 ,  0.0000 ,  0.0000 ,  0.0000 ,  0.0000 ,  0.0000 ,
  0.0000 ,  0.0000 ,  0.0000 ,  0.0000 ,  0.0000 ,  0.0000 ,
  0.0000 ,  0.0000 ,  0.0000 ,  0.0000 ,  0.0000 ,  0.0000 ,
  0.0000 ,  0.0000 ,  0.0000 ,  0.0000 ,  0.0000 ,  0.0000 ,
  0.0000 ,  0.0000 ,  0.0000 ,  0.0000 ,  0.0000 ,  0.0000 ,
  0.0000 ,  0.0000 ,  0.0000 ,  0.0000 ,  0.0000 ,  0.0000 ,
  0.0000 ,  0.0000 ,  0.0000 ,  0.0000 ,  0.0000 ,  0.0000 ,
  0.0000 ,  0.0000 ,  0.0000 ,  0.0000 ,  0.0000 ,  0.0000 ,
  0.0000 ,  0.0000 ,  0.0000 ,  0.0000 ,  0.0000 ,  0.0000 ,
  0.0000 ,  0.0000 ,  0.0000 ,  0.0000 ,  0.0000 ,  0.0000 ,
  0.0000 ,  0.0000 ,  0.0000 ,  0.0000 ,  0.0000 ,  0.0000 ,
  0.0000 ,  0.0000 ,  0.0000 ,  0.0000 ,  0.0000 ,  0.0000 ,
  0.0000 ,  0.0000 ,  0.0000 ,  0.0000 ,  0.0000 ,  0.0000 ,
  0.0000 ,  0.0000 ,  0.0000 ,  0.0000 ,  0.0000 ,  0.0000 ,
  0.0000 ,  0.0000 ,  0.0000 ,  0.0000 ,  0.0000 ,  0.0000 ,
  0.0000 ,  0.0000 ,  0.0000 ,  0.0000 ,  0.0000 ,  0.0000 ,
  0.0000 ,  0.0000 ,  0.0000 ,  0.0000 ,  0.0000 ,  0.0000 ,
  0.0000 ,  0.0000 ,  0.0000 ,  0.0000 ,  0.0000 ,  0.0000 ,
  0.0000 ,  0.0000 ,  0.0000 ,  0.0000 ,  0.0000 ,  0.0000 ,
  0.0000 ,  0.0000 ,  0.0000 ,  0.0000 ,  0.0000 ,  0.0000 ,
  0.0000 ,  0.0000 ,  0.0000 ,  0.0000 ,  0.0000 ,  0.0000 ,
  0.0000 ,  0.0000 ,  0.0000 ,  0.0000 ,  0.0000 ,  0.0000 ,
  0.0000 ,  0.0000 ,  0.0000 ,  0.0000 ,  0.0000 ,  0.0000 ,
  0.0000 ,  0.0000 ,  0.0000 ,  0.0000 ,  0.0000 ,  0.0000 ,
  0.0000 ,  0.0000 ,  0.0000 ,  0.0000 ,  0.0000 ,  0.0000 ,
  0.0000 ,  0.0000 ,  0.0000 ,  0.0000 ,  0.0000 ,  0.0000 ,
  0.0000 ,  0.0000 ,  0.0000 ,  0.0000 ,  0.0000 ,  0.0000 ,
  0.0000 ,  0.0000 ,  0.0000 ,  0.0000 ,  0.0000 ,  0.0000 ,
  0.0000 ,  0.0000 ,  0.0000 ,  0.0000 ,  0.0000 ,  0.0000 ,
  0.0000 ,  0.0000 ,  0.0000 ,  0.0000 ,  0.0000 ,  0.0000 ,
  0.0000 ,  0.0000 ,  0.0000 ,  0.0000 ,  0.0000 ,  0.0000 ,
  0.0000 ,  0.0000 ,  0.0000 ,  0.0000 ,  0.0000 ,  0.0000 ,
  0.0000 ,  0.0000 ,  0.0000 ,  0.0000 ,  0.0000 ,  0.0000 ,
  0.0000 ,  0.0000 ,  0.0000 ,  0.0000 ,  0.0000 ,  0.0000 ,
  0.0000 ,  0.0000 ,  0.0000 ,  0.0000 ,  0.0000 ,  0.0000 ,
  0.0000 ,  0.0000 ,  0.0000 ,  0.0000 ,  0.0000 ,  0.0000 ,
  0.0000 ,  0.0000 ,  0.0000 ,  0.0000 ,  0.0000 ,  0.0000 ,
  0.0000 ,  0.0000 ,  0.0000 ,  0.0000 ,  0.0000 ,  0.0000 ,
  0.0000 ,  0.0000 ,  0.0000 ,  0.0000 ,  0.0000 ,  0.0000 ,
  0.0000 ,  0.0000 ,  0.0000 ,  0.0000 ,  0.0000 ,  0.0000 ,
  0.0000 ,  0.0000 ,  0.0000 ,  0.0000 ,  0.0000 ,  0.0000 ,
  0.0000 ,  0.0000 ,  0.0000 ,  0.0000 ,  0.0000 ,  0.0000 ,
  0.0000 ,  0.0000 ,  0.0000 ,  0.0000 ,  0.0000 ,  0.0000 ,
  0.0000 ,  0.0000 ,  0.0000 ,  0.0000 ,  0.0000 ,  0.0000 ,
  0.0000 ,  0.0000 ,  0.0000 ,  0.0000 ,  0.0000 ,  0.0000 ,
  0.0000 ,  0.0000 ,  0.0000 ,  0.0000 ,  0.0000 ,  0.0000 ,
  0.0000 ,  0.0000 ,  0.0000 ,  0.0000 ,  0.0000 ,  0.0000 ,
  0.0000 ,  0.0000 ,  0.0000 ,  0.0000 ,  0.0000 ,  0.0000 ,
  0.0000 ,  0.0000 ,  0.0000 ,  0.0000 ,  0.0000 ,  0.0000 ,
  0.0000 ,  0.0000 ,  0.0000 ,  0.0000 ,  0.0000 ,  0.0000 ,
  0.0000 ,  0.0000 ,  0.0000 ,  0.0000 ,  0.0000 ,  0.0000 ,
  0.0000 ,  0.0000 ,  0.0000 ,  0.0000 ,  0.0000 ,  0.0000 ,
  0.0000 ,  0.0000 ,  0.0000 ,  0.0000 ,  0.0000 ,  0.0000 ,
  0.0000 ,  0.0000 ,  0.0000 ,  0.0000 ,  0.0000 ,  0.0000 ,
  0.0000 ,  0.0000 ,  0.0000 ,  0.0000 ,  0.0000 ,  0.0000 ,
  0.0000 ,  0.0000 ,  0.0000 ,  0.0000 ,  0.0000 ,  0.0000 ,
  0.0000 ,  0.0000 ,  0.0000 ,  0.0000 ,  0.0000 ,  0.0000 ,
  0.0000 ,  0.0000 ,  0.0000 ,  0.0000 ,  0.0000 ,  0.0000 ,
  0.0000 ,  0.0000 ,  0.0000 ,  0.0000 ,  0.0000 ,  0.0000 ,
  0.0000 ,  0.0000 ,  0.0000 ,  0.0000 ,  0.0000 ,  0.0000 ,
  0.0000 ,  0.0000 ,  0.0000 ,  0.0000 ,  0.0000 ,  0.0000 ,
  0.0000 ,  0.0000 ,  0.0000 ,  0.0000 ,  0.0000 ,  0.0000 ,
  0.0000 ,  0.0000 ,  0.0000 ,  0.0000 ,  0.0000 ,  0.0000 ,
  0.0000 ,  0.0000 ,  0.0000 ,  0.0000 ,  0.0000 ,  0.0000 ,
  0.0000 ,  0.0000 ,  0.0000 ,  0.0000 ,  0.0000 ,  0.0000 ,
  0.0000 ,  0.0000 ,  0.0000 ,  0.0000 ,  0.0000 ,  0.0000 ,
  0.0000 ,  0.0000 ,  0.0000 ,  0.0000 ,  0.0000 ,  0.0000 ,
  0.0000 ,  0.0000 ,  0.0000 ,  0.0000 ,  0.0000 ,  0.0000 ,
  0.0000 ,  0.0000 ,  0.0000 ,  0.0000 ,  0.0000 ,  0.0000 ,
  0.0000 ,  0.0000 ,  0.0000 ,  0.0000 ,  0.0000 ,  0.0000 ,
  0.0000 ,  0.0000 ,  0.0000 ,  0.0000 ,  0.0000 ,  0.0000 ,
  0.0000 ,  0.0000 ,  0.0000 ,  0.0000 ,  0.0000 ,  0.0000 ,
  0.0000 ,  0.0000 ,  0.0000 ,  0.0000 ,  0.0000 ,  0.0000 ,
  0.0000 ,  0.0000 ,  0.0000 ,  0.0000 ,  0.0000 ,  0.0000 ,
  0.0000 ,  0.0000 ,  0.0000 ,  0.0000 ,  0.0000 ,  0.0000 ,
  0.0000 ,  0.0000 ,  0.0000 ,  0.0000 ,  0.0000 ,  0.0000 ,
  0.0000 ,  0.0000 ,  0.0000 ,  0.0000 ,  0.0000 ,  0.0000 ,
  0.0000 ,  0.0000 ,  0.0000 ,  0.0000 ,  0.0000 ,  0.0000 ,
  0.0000 ,  0.0000 ,  0.0000 ,  0.0000 ,  0.0000 ,  0.0000 ,
  0.0000 ,  0.0000 ,  0.0000 ,  0.0000 ,  0.0000 ,  0.0000 ,
  0.0000 ,  0.0000 ,  0.0000 ,  0.0000 ,  0.0000 ,  0.0000 ,
  0.0000 ,  0.0000 ,  0.0000 ,  0.0000 ,  0.0000 ,  0.0000 ,
  0.0000 ,  0.0000 ,  0.0000 ,  0.0000 ,  0.0000 ,  0.0000 ,
  0.0000 ,  0.0000 ,  0.0000 ,  0.0000 ,  0.0000 ,  0.0000 ,
  0.0000 ,  0.0000 ,  0.0000 ,  0.0000 ,  0.0000 ,  0.0000 ,
  0.0000 ,  0.0000 ,  0.0000 ,  0.0000 ,  0.0000 ,  0.0000 ,
  0.0000 ,  0.0000 ,  0.0000 ,  0.0000 ,  0.0000 ,  0.0000 ,
  0.0000 ,  0.0000 ,  0.0000 ,  0.0000 ,  0.0000 ,  0.0000 ,
  0.0000 ,  0.0000 ,  0.0000 ,  0.0000 ,  0.0000 ,  0.0000 ,
  0.0000 ,  0.0000 ,  0.0000 ,  0.0000 ,  0.0000 ,  0.0000 ,
  0.0000 ,  0.0000 ,  0.0000 ,  0.0000 ,  0.0000 ,  0.0000 ,
  0.0000 ,  0.0000 ,  0.0000 ,  0.0000 ,  0.0000 ,  0.0000 ,
  0.0000 ,  0.0000 ,  0.0000 ,  0.0000 ,  0.0000 ,  0.0000 ,
  0.0000 ,  0.0000 ,  0.0000 ,  0.0000 ,  0.0000 ,  0.0000 ,
  0.0000 ,  0.0000 ,  0.0000 ,  0.0000 ,  0.0000 ,  0.0000 ,
  0.0000 ,  0.0000 ,  0.0000 ,  0.0000 ,  0.0000 ,  0.0000 ,
  0.0000 ,  0.0000 ,  0.0000 ,  0.0000 ,  0.0000 ,  0.0000 ,
  0.0000 ,  0.0000 ,  0.0000 ,  0.0000 ,  0.0000 ,  0.0000 ,
  0.0000 ,  0.0000 ,  0.0000 ,  0.0000 ,  0.0000 ,  0.0000 ,
  0.0000 ,  0.0000 ,  0.0000 ,  0.0000 ,  0.0000 ,  0.0000 ,
  0.0000 ,  0.0000 ,  0.0000 ,  0.0000 ,  0.0000 ,  0.0000 ,
  0.0000 ,  0.0000 ,  0.0000 ,  0.0000 ,  0.0000 ,  0.0000 ,
  0.0000 ,  0.0000 ,  0.0000 ,  0.0000 ,  0.0000 ,  0.0000 ,
  0.0000 ,  0.0000 ,  0.0000 ,  0.0000 ,  0.0000 ,  0.0000 ,
  0.0000 ,  0.0000 ,  0.0000 ,  0.0000 ,  0.0000 ,  0.0000 ,
  0.0000 ,  0.0000 ,  0.0000 ,  0.0000 ,  0.0000 ,  0.0000 ,
  0.0000 ,  0.0000 ,  0.0000 ,  0.0000 ,  0.0000 ,  0.0000 ,
  0.0000 ,  0.0000 ,  0.0000 ,  0.0000 ,  0.0000 ,  0.0000 ,
  0.0000 ,  0.0000 ,  0.0000 ,  0.0000 ,  0.0000 ,  0.0000 ,
  0.0000 ,  0.0000 ,  0.0000 ,  0.0000 ,  0.0000 ,  0.0000 ,
  0.0000 ,  0.0000 ,  0.0000 ,  0.0000 ,  0.0000 ,  0.0000 ,
  0.0000 ,  0.0000 ,  0.0000 ,  0.0000 ,  0.0000 ,  0.0000 ,
  0.0000 ,  0.0000 ,  0.0000 ,  0.0000 ,  0.0000 ,  0.0000 ,
  0.0000 ,  0.0000 ,  0.0000 ,  0.0000 ,  0.0000 ,  0.0000 ,
  0.0000 ,  0.0000 ,  0.0000 ,  0.0000 ,  0.0000 ,  0.0000 ,
  0.0000 ,  0.0000 ,  0.0000 ,  0.0000 ,  0.0000 ,  0.0000 ,
  0.0000 ,  0.0000 ,  0.0000 ,  0.0000 ,  0.0000 ,  0.0000 ,
  0.0000 ,  0.0000 ,  0.0000 ,  0.0000 ,  0.0000 ,  0.0000 ,
  0.0000 ,  0.0000 ,  0.0000 ,  0.0000 ,  0.0000 ,  0.0000 ,
  0.0000 ,  0.0000 ,  0.0000 ,  0.0000 ,  0.0000 ,  0.0000 ,
  0.0000 ,  0.0000 ,  0.0000 ,  0.0000 ,  0.0000 ,  0.0000 ,
  0.0000 ,  0.0000 ,  0.0000 ,  0.0000 ,  0.0000 ,  0.0000 ,
  0.0000 ,  0.0000 ,  0.0000 ,  0.0000 ,  0.0000 ,  0.0000 ,
  0.0000 ,  0.0000 ,  0.0000 ,  0.0000 ,  0.0000 ,  0.0000 ,
  0.0000 ,  0.0000 ,  0.0000 ,  0.0000 ,  0.0000 ,  0.0000 ,
  0.0000 ,  0.0000 ,  0.0000 ,  0.0000 ,  0.0000 ,  0.0000 ,
  0.0000 ,  0.0000 ,  0.0000 ,  0.0000 ,  0.0000 ,  0.0000 ,
  0.0000 ,  0.0000 ,  0.0000 ,  0.0000 ,  0.0000 ,  0.0000 ,
  0.0000 ,  0.0000 ,  0.0000 ,  0.0000 ,  0.0000 ,  0.0000 ,
  0.0000 ,  0.0000 ,  0.0000 ,  0.0000 ,  0.0000 ,  0.0000 ,
  0.0000 ,  0.0000 ,  0.0000 ,  0.0000 ,  0.0000 ,  0.0000 ,
  0.0000 ,  0.0000 ,  0.0000 ,  0.0000 ,  0.0000 ,  0.0000 ,
  0.0000 ,  0.0000 ,  0.0000 ,  0.0000 ,  0.0000 ,  0.0000 ,
  0.0000 ,  0.0000 ,  0.0000 ,  0.0000 ,  0.0000 ,  0.0000 ,
  0.0000 ,  0.0000 ,  0.0000 ,  0.0000 ,  0.0000 ,  0.0000 ,
  0.0000 ,  0.0000 ,  0.0000 ,  0.0000 ,  0.0000 ,  0.0000 ,
  0.0000 ,  0.0000 ,  0.0000 ,  0.0000 ,  0.0000 ,  0.0000 ,
  0.0000 ,  0.0000 ,  0.0000 ,  0.0000 ,  0.0000 ,  0.0000 ,
  0.0000 ,  0.0000 ,  0.0000 ,  0.0000 ,  0.0000 ,  0.0000 ,
  0.0000 ,  0.0000 ,  0.0000 ,  0.0000 ,  0.0000 ,  0.0000 ,
  0.0000 ,  0.0000 ,  0.0000 ,  0.0000 ,  0.0000 ,  0.0000 ,
  0.0000 ,  0.0000 ,  0.0000 ,  0.0000 ,  0.0000 ,  0.0000 ,
  0.0000 ,  0.0000 ,  0.0000 ,  0.0000 ,  0.0000 ,  0.0000 ,
  0.0000 ,  0.0000 ,  0.0000 ,  0.0000 ,  0.0000 ,  0.0000 ,
  0.0000 ,  0.0000 ,  0.0000 ,  0.0000 ,  0.0000 ,  0.0000 ,
  0.0000 ,  0.0000 ,  0.0000 ,  0.0000 ,  0.0000 ,  0.0000 ,
  0.0000 ,  0.0000 ,  0.0000 ,  0.0000 ,  0.0000 ,  0.0000 ,
  0.0000 ,  0.0000 ,  0.0000 ,  0.0000 ,  0.0000 ,  0.0000 ,
  0.0000 ,  0.0000 ,  0.0000 ,  0.0000 ,  0.0000 ,  0.0000 ,
  0.0000 ,  0.0000 ,  0.0000 ,  0.0000 ,  0.0000 ,  0.0000 ,
  0.0000 ,  0.0000 ,  0.0000 ,  0.0000 ,  0.0000 ,  0.0000 ,
  0.0000 ,  0.0000 ,  0.0000 ,  0.0000 ,  0.0000 ,  0.0000 ,
  0.0000 ,  0.0000 ,  0.0000 ,  0.0000 ,  0.0000 ,  0.0000 ,
  0.0000 ,  0.0000 ,  0.0000 ,  0.0000 ,  0.0000 ,  0.0000 ,
  0.0000 ,  0.0000 ,  0.0000 ,  0.0000 ,  0.0000 ,  0.0000 ,
  0.0000 ,  0.0000 ,  0.0000 ,  0.0000 ,  0.0000 ,  0.0000 ,
  0.0000 ,  0.0000 ,  0.0000 ,  0.0000 ,  0.0000 ,  0.0000 ,
  0.0000 ,  0.0000 ,  0.0000 ,  0.0000 ,  0.0000 ,  0.0000 ,
  0.0000 ,  0.0000 ,  0.0000 ,  0.0000 ,  0.0000 ,  0.0000 ,
  0.0000 ,  0.0000 ,  0.0000 ,  0.0000 ,  0.0000 ,  0.0000 ,
  0.0000 ,  0.0000 ,  0.0000 ,  0.0000 ,  0.0000 ,  0.0000 ,
  0.0000 ,  0.0000 ,  0.0000 ,  0.0000 ,  0.0000 ,  0.0000 ,
  0.0000 ,  0.0000 ,  0.0000 ,  0.0000 ,  0.0000 ,  0.0000 ,
  0.0000 ,  0.0000 ,  0.0000 ,  0.0000 ,  0.0000 ,  0.0000 ,
  0.0000 ,  0.0000 ,  0.0000 ,  0.0000 ,  0.0000 ,  0.0000 ,
  0.0000 ,  0.0000 ,  0.0000 ,  0.0000 ,  0.0000 ,  0.0000 ,
  0.0000 ,  0.0000 ,  0.0000 ,  0.0000 ,  0.0000 ,  0.0000 ,
  0.0000 ,  0.0000 ,  0.0000 ,  0.0000 ,  0.0000 ,  0.0000 ,
  0.0000 ,  0.0000 ,  0.0000 ,  0.0000 ,  0.0000 ,  0.0000 ,
  0.0000 ,  0.0000 ,  0.0000 ,  0.0000 ,  0.0000 ,  0.0000 ,
  0.0000 ,  0.0000 ,  0.0000 ,  0.0000 ,  0.0000 ,  0.0000 ,
  0.0000 ,  0.0000 ,  0.0000 ,  0.0000 ,  0.0000 ,  0.0000 ,
  0.0000 ,  0.0000 ,  0.0000 ,  0.0000 ,  0.0000 ,  0.0000 ,
  0.0000 ,  0.0000 ,  0.0000 ,  0.0000 ,  0.0000 ,  0.0000 ,
  0.0000 ,  0.0000 ,  0.0000 ,  0.0000 ,  0.0000 ,  0.0000 ,
  0.0000 ,  0.0000 ,  0.0000 ,  0.0000 ,  0.0000 ,  0.0000 ,
  0.0000 ,  0.0000 ,  0.0000 ,  0.0000 ,  0.0000 ,  0.0000 ,
  0.0000 ,  0.0000 ,  0.0000 ,  0.0000 ,  0.0000 ,  0.0000 ,
  0.0000 ,  0.0000 ,  0.0000 ,  0.0000 ,  0.0000 ,  0.0000 ,
  0.0000 ,  0.0000 ,  0.0000 ,  0.0000 ,  0.0000 ,  0.0000 ,
  0.0000 ,  0.0000 ,  0.0000 ,  0.0000 ,  0.0000 ,  0.0000 ,
  0.0000 ,  0.0000 ,  0.0000 ,  0.0000 ,  0.0000 ,  0.0000 ,
  0.0000 ,  0.0000 ,  0.0000 ,  0.0000 ,  0.0000 ,  0.0000 ,
  0.0000 ,  0.0000 ,  0.0000 ,  0.0000 ,  0.0000 ,  0.0000 ,
  0.0000 ,  0.0000 ,  0.0000 ,  0.0000 ,  0.0000 ,  0.0000 ,
  0.0000 ,  0.0000 ,  0.0000 ,  0.0000 ,  0.0000 ,  0.0000 ,
  0.0000 ,  0.0000 ,  0.0000 ,  0.0000 ,  0.0000 ,  0.0000 ,
  0.0000 ,  0.0000 ,  0.0000 ,  0.0000 ,  0.0000 ,  0.0000 ,
  0.0000 ,  0.0000 ,  0.0000 ,  0.0000 ,  0.0000 ,  0.0000 ,
  0.0000 ,  0.0000 ,  0.0000 ,  0.0000 ,  0.0000 ,  0.0000 ,
  0.0000 ,  0.0000 ,  0.0000 ,  0.0000 ,  0.0000 ,  0.0000 ,
  0.0000 ,  0.0000 ,  0.0000 ,  0.0000 ,  0.0000 ,  0.0000 ,
  0.0000 ,  0.0000 ,  0.0000 ,  0.0000 ,  0.0000 ,  0.0000 ,
  0.0000 ,  0.0000 ,  0.0000 ,  0.0000 ,  0.0000 ,  0.0000 ,
  0.0000 ,  0.0000 ,  0.0000 ,  0.0000 ,  0.0000 ,  0.0000 ,
  0.0000 ,  0.0000 ,  0.0000 ,  0.0000 ,  0.0000 ,  0.0000 ,
  0.0000 ,  0.0000 ,  0.0000 ,  0.0000 ,  0.0000 ,  0.0000 ,
  0.0000 ,  0.0000 ,  0.0000 ,  0.0000 ,  0.0000 ,  0.0000 ,
  0.0000 ,  0.0000 ,  0.0000 ,  0.0000 ,  0.0000 ,  0.0000 ,
  0.0000 ,  0.0000 ,  0.0000 ,  0.0000 ,  0.0000 ,  0.0000 ,
  0.0000 ,  0.0000 ,  0.0000 ,  0.0000 ,  0.0000 ,  0.0000 ,
  0.0000 ,  0.0000 ,  0.0000 ,  0.0000 ,  0.0000 ,  0.0000 ,
  0.0000 ,  0.0000 ,  0.0000 ,  0.0000 ,  0.0000 ,  0.0000 ,
  0.0000 ,  0.0000 ,  0.0000 ,  0.0000 ,  0.0000 ,  0.0000 ,
  0.0000 ,  0.0000 ,  0.0000 ,  0.0000 ,  0.0000 ,  0.0000 ,
  0.0000 ,  0.0000 ,  0.0000 ,  0.0000 ,  0.0000 ,  0.0000 ,
  0.0000 ,  0.0000 ,  0.0000 ,  0.0000 ,  0.0000 ,  0.0000 ,
  0.0000 ,  0.0000 ,  0.0000 ,  0.0000 ,  0.0000 ,  0.0000 ,
  0.0000 ,  0.0000 ,  0.0000 ,  0.0000 ,  0.0000 ,  0.0000 ,
  0.0000 ,  0.0000 ,  0.0000 ,  0.0000 ,  0.0000 ,  0.0000 ,
  0.0000 ,  0.0000 ,  0.0000 ,  0.0000 ,  0.0000 ,  0.0000 ,
  0.0000 ,  0.0000 ,  0.0000 ,  0.0000 ,  0.0000 ,  0.0000 ,
  0.0000 ,  0.0000 ,  0.0000 ,  0.0000 ,  0.0000 ,  0.0000 ,
  0.0000 ,  0.0000 ,  0.0000 ,  0.0000 ,  0.0000 ,  0.0000 ,
  0.0000 ,  0.0000 ,  0.0000 ,  0.0000 ,  0.0000 ,  0.0000 ,
  0.0000 ,  0.0000 ,  0.0000 ,  0.0000 ,  0.0000 ,  0.0000 ,
  0.0000 ,  0.0000 ,  0.0000 ,  0.0000 ,  0.0000 ,  0.0000 ,
  0.0000 ,  0.0000 ,  0.0000 ,  0.0000 ,  0.0000 ,  0.0000 ,
  0.0000 ,  0.0000 ,  0.0000 ,  0.0000 ,  0.0000 ,  0.0000 ,
  0.0000 ,  0.0000 ,  0.0000 ,  0.0000 ,  0.0000 ,  0.0000 ,
  0.0000 ,  0.0000 ,  0.0000 ,  0.0000 ,  0.0000 ,  0.0000 ,
  0.0000 ,  0.0000 ,  0.0000 ,  0.0000 ,  0.0000 ,  0.0000 ,
  0.0000 ,  0.0000 ,  0.0000 ,  0.0000 ,  0.0000 ,  0.0000 ,
  0.0000 ,  0.0000 ,  0.0000 ,  0.0000 ,  0.0000 ,  0.0000 ,
  0.0000 ,  0.0000 ,  0.0000 ,  0.0000 ,  0.0000 ,  0.0000 ,
  0.0000 ,  0.0000 ,  0.0000 ,  0.0000 ,  0.0000 ,  0.0000 ,
  0.0000 ,  0.0000 ,  0.0000 ,  0.0000 ,  0.0000 ,  0.0000 ,
  0.0000 ,  0.0000 ,  0.0000 ,  0.0000 ,  0.0000 ,  0.0000 ,
  0.0000 ,  0.0000 ,  0.0000 ,  0.0000 ,  0.0000 ,  0.0000 ,
  0.0000 ,  0.0000 ,  0.0000 ,  0.0000 ,  0.0000 ,  0.0000 ,
  0.0000 ,  0.0000 ,  0.0000 ,  0.0000 ,  0.0000 ,  0.0000 ,
  0.0000 ,  0.0000 ,  0.0000 ,  0.0000 ,  0.0000 ,  0.0000 ,
  0.0000 ,  0.0000 ,  0.0000 ,  0.0000 ,  0.0000 ,  0.0000 ,
  0.0000 ,  0.0000 ,  0.0000 ,  0.0000 ,  0.0000 ,  0.0000 ,
  0.0000 ,  0.0000 ,  0.0000 ,  0.0000 ,  0.0000 ,  0.0000 ,
  0.0000 ,  0.0000 ,  0.0000 ,  0.0000 ,  0.0000 ,  0.0000 ,
  0.0000 ,  0.0000 ,  0.0000 ,  0.0000 ,  0.0000 ,  0.0000 ,
  0.0000 ,  0.0000 ,  0.0000 ,  0.0000 ,  0.0000 ,  0.0000 ,
  0.0000 ,  0.0000 ,  0.0000 ,  0.0000 ,  0.0000 ,  0.0000 ,
  0.0000 ,  0.0000 ,  0.0000 ,  0.0000 ,  0.0000 ,  0.0000 ,
  0.0000 ,  0.0000 ,  0.0000 ,  0.0000 ,  0.0000 ,  0.0000 ,
  0.0000 ,  0.0000 ,  0.0000 ,  0.0000 ,  0.0000 ,  0.0000 ,
  0.0000 ,  0.0000 ,  0.0000 ,  0.0000 ,  0.0000 ,  0.0000 ,
  0.0000 ,  0.0000 ,  0.0000 ,  0.0000 ,  0.0000 ,  0.0000 ,
  0.0000 ,  0.0000 ,  0.0000 ,  0.0000 ,  0.0000 ,  0.0000 ,
  0.0000 ,  0.0000 ,  0.0000 ,  0.0000 ,  0.0000 ,  0.0000 ,
  0.0000 ,  0.0000 ,  0.0000 ,  0.0000 ,  0.0000 ,  0.0000 ,
  0.0000 ,  0.0000 ,  0.0000 ,  0.0000 ,  0.0000 ,  0.0000 ,
  0.0000 ,  0.0000 ,  0.0000 ,  0.0000 ,  0.0000 ,  0.0000 ,
  0.0000 ,  0.0000 ,  0.0000 ,  0.0000 ,  0.0000 ,  0.0000 ,
  0.0000 ,  0.0000 ,  0.0000 ,  0.0000 ,  0.0000 ,  0.0000 ,
  0.0000 ,  0.0000 ,  0.0000 ,  0.0000 ,  0.0000 ,  0.0000 ,
  0.0000 ,  0.0000 ,  0.0000 ,  0.0000 ,  0.0000 ,  0.0000 ,
  0.0000 ,  0.0000 ,  0.0000 ,  0.0000 ,  0.0000 ,  0.0000 ,
  0.0000 ,  0.0000 ,  0.0000 ,  0.0000 ,  0.0000 ,  0.0000 ,
  0.0000 ,  0.0000 ,  0.0000 ,  0.0000 ,  0.0000 ,  0.0000 ,
  0.0000 ,  0.0000 ,  0.0000 ,  0.0000 ,  0.0000 ,  0.0000 ,
  0.0000 ,  0.0000 ,  0.0000 ,  0.0000 ,  0.0000 ,  0.0000 ,
  0.0000 ,  0.0000 ,  0.0000 ,  0.0000 ,  0.0000 ,  0.0000 ,
  0.0000 ,  0.0000 ,  0.0000 ,  0.0000 ,  0.0000 ,  0.0000 ,
  0.0000 ,  0.0000 ,  0.0000 ,  0.0000 ,  0.0000 ,  0.0000 ,
  0.0000 ,  0.0000 ,  0.0000 ,  0.0000 ,  0.0000 ,  0.0000 ,
  0.0000 ,  0.0000 ,  0.0000 ,  0.0000 ,  0.0000 ,  0.0000 ,
  0.0000 ,  0.0000 ,  0.0000 ,  0.0000 ,  0.0000 ,  0.0000 ,
  0.0000 ,  0.0000 ,  0.0000 ,  0.0000 ,  0.0000 ,  0.0000 ,
  0.0000 ,  0.0000 ,  0.0000 ,  0.0000 ,  0.0000 ,  0.0000 ,
  0.0000 ,  0.0000 ,  0.0000 ,  0.0000 ,  0.0000 ,  0.0000 ,
  0.0000 ,  0.0000 ,  0.0000 ,  0.0000 ,  0.0000 ,  0.0000 ,
  0.0000 ,  0.0000 ,  0.0000 ,  0.0000 ,  0.0000 ,  0.0000 ,
  0.0000 ,  0.0000 ,  0.0000 ,  0.0000 ,  0.0000 ,  0.0000 ,
  0.0000 ,  0.0000 ,  0.0000 ,  0.0000 ,  0.0000 ,  0.0000 ,
  0.0000 ,  0.0000 ,  0.0000 ,  0.0000 ,  0.0000 ,  0.0000 ,
  0.0000 ,  0.0000 ,  0.0000 ,  0.0000 ,  0.0000 ,  0.0000 ,
  0.0000 ,  0.0000 ,  0.0000 ,  0.0000 ,  0.0000 ,  0.0000 ,
  0.0000 ,  0.0000 ,  0.0000 ,  0.0000 ,  0.0000 ,  0.0000 ,
  0.0000 ,  0.0000 ,  0.0000 ,  0.0000 ,  0.0000 ,  0.0000 ,
  0.0000 ,  0.0000 ,  0.0000 ,  0.0000 ,  0.0000 ,  0.0000 ,
  0.0000 ,  0.0000 ,  0.0000 ,  0.0000 ,  0.0000 ,  0.0000 ,
  0.0000 ,  0.0000 ,  0.0000 ,  0.0000 ,  0.0000 ,  0.0000 ,
  0.0000 ,  0.0000 ,  0.0000 ,  0.0000 ,  0.0000 ,  0.0000 ,
  0.0000 ,  0.0000 ,  0.0000 ,  0.0000 ,  0.0000 ,  0.0000 ,
  0.0000 ,  0.0000 ,  0.0000 ,  0.0000 ,  0.0000 ,  0.0000 ,
  0.0000 ,  0.0000 ,  0.0000 ,  0.0000 ,  0.0000 ,  0.0000 ,
  0.0000 ,  0.0000 ,  0.0000 ,  0.0000 ,  0.0000 ,  0.0000 ,
  0.0000 ,  0.0000 ,  0.0000 ,  0.0000 ,  0.0000 ,  0.0000 ,
  0.0000 ,  0.0000 ,  0.0000 ,  0.0000 ,  0.0000 ,  0.0000 ,
  0.0000 ,  0.0000 ,  0.0000 ,  0.0000 ,  0.0000 ,  0.0000 ,
  0.0000 ,  0.0000 ,  0.0000 ,  0.0000 ,  0.0000 ,  0.0000 ,
  0.0000 ,  0.0000 ,  0.0000 ,  0.0000 ,  0.0000 ,  0.0000 ,
  0.0000 ,  0.0000 ,  0.0000 ,  0.0000 ,  0.0000 ,  0.0000 ,
  0.0000 ,  0.0000 ,  0.0000 ,  0.0000 ,  0.0000 ,  0.0000 ,
  0.0000 ,  0.0000 ,  0.0000 ,  0.0000 ,  0.0000 ,  0.0000 ,
  0.0000 ,  0.0000 ,  0.0000 ,  0.0000 ,  0.0000 ,  0.0000 ,
  0.0000 ,  0.0000 ,  0.0000 ,  0.0000 ,  0.0000 ,  0.0000 ,
  0.0000 ,  0.0000 ,  0.0000 ,  0.0000 ,  0.0000 ,  0.0000 ,
  0.0000 ,  0.0000 ,  0.0000 ,  0.0000 ,  0.0000 ,  0.0000 ,
  0.0000 ,  0.0000 ,  0.0000 ,  0.0000 ,  0.0000 ,  0.0000 ,
  0.0000 ,  0.0000 ,  0.0000 ,  0.0000 ,  0.0000 ,  0.0000 ,
  0.0000 ,  0.0000 ,  0.0000 ,  0.0000 ,  0.0000 ,  0.0000 ,
  0.0000 ,  0.0000 ,  0.0000 ,  0.0000 ,  0.0000 ,  0.0000 ,
  0.0000 ,  0.0000 ,  0.0000 ,  0.0000 ,  0.0000 ,  0.0000 ,
  0.0000 ,  0.0000 ,  0.0000 ,  0.0000 ,  0.0000 ,  0.0000 ,
  0.0000 ,  0.0000 ,  0.0000 ,  0.0000 ,  0.0000 ,  0.0000 ,
  0.0000 ,  0.0000 ,  0.0000 ,  0.0000 ,  0.0000 ,  0.0000 ,
  0.0000 ,  0.0000 ,  0.0000 ,  0.0000 ,  0.0000 ,  0.0000 ,
  0.0000 ,  0.0000 ,  0.0000 ,  0.0000 ,  0.0000 ,  0.0000 ,
  0.0000 ,  0.0000 ,  0.0000 ,  0.0000 ,  0.0000 ,  0.0000 ,
  0.0000 ,  0.0000 ,  0.0000 ,  0.0000 ,  0.0000 ,  0.0000 ,
  0.0000 ,  0.0000 ,  0.0000 ,  0.0000 ,  0.0000 ,  0.0000 ,
  0.0000 ,  0.0000 ,  0.0000 ,  0.0000 ,  0.0000 ,  0.0000 ,
  0.0000 ,  0.0000 ,  0.0000 ,  0.0000 ,  0.0000 ,  0.0000 ,
  0.0000 ,  0.0000 ,  0.0000 ,  0.0000 ,  0.0000 ,  0.0000 ,
  0.0000 ,  0.0000 ,  0.0000 ,  0.0000 ,  0.0000 ,  0.0000 ,
  0.0000 ,  0.0000 ,  0.0000 ,  0.0000 ,  0.0000 ,  0.0000 ,
  0.0000 ,  0.0000 ,  0.0000 ,  0.0000 ,  0.0000 ,  0.0000 ,
  0.0000 ,  0.0000 ,  0.0000 ,  0.0000 ,  0.0000 ,  0.0000 ,
  0.0000 ,  0.0000 ,  0.0000 ,  0.0000 ,  0.0000 ,  0.0000 ,
  0.0000 ,  0.0000 ,  0.0000 ,  0.0000 ,  0.0000 ,  0.0000 ,
  0.0000 ,  0.0000 ,  0.0000 ,  0.0000 ,  0.0000 ,  0.0000 ,
  0.0000 ,  0.0000 ,  0.0000 ,  0.0000 ,  0.0000 ,  0.0000 ,
  0.0000 ,  0.0000 ,  0.0000 ,  0.0000 ,  0.0000 ,  0.0000 ,
  0.0000 ,  0.0000 ,  0.0000 ,  0.0000 ,  0.0000 ,  0.0000 ,
  0.0000 ,  0.0000 ,  0.0000 ,  0.0000 ,  0.0000 ,  0.0000 ,
  0.0000 ,  0.0000 ,  0.0000 ,  0.0000 ,  0.0000 ,  0.0000 ,
  0.0000 ,  0.0000 ,  0.0000 ,  0.0000 ,  0.0000 ,  0.0000 ,
  0.0000 ,  0.0000 ,  0.0000 ,  0.0000 ,  0.0000 ,  0.0000 ,
  0.0000 ,  0.0000 ,  0.0000 ,  0.0000 ,  0.0000 ,  0.0000 ,
  0.0000 ,  0.0000 ,  0.0000 ,  0.0000 ,  0.0000 ,  0.0000 ,
  0.0000 ,  0.0000 ,  0.0000 ,  0.0000 ,  0.0000 ,  0.0000 ,
  0.0000 ,  0.0000 ,  0.0000 ,  0.0000 ,  0.0000 ,  0.0000 ,
  0.0000 ,  0.0000 ,  0.0000 ,  0.0000 ,  0.0000 ,  0.0000 ,
  0.0000 ,  0.0000 ,  0.0000 ,  0.0000 ,  0.0000 ,  0.0000 ,
  0.0000 ,  0.0000 ,  0.0000 ,  0.0000 ,  0.0000 ,  0.0000 ,
  0.0000 ,  0.0000 ,  0.0000 ,  0.0000 ,  0.0000 ,  0.0000 ,
  0.0000 ,  0.0000 ,  0.0000 ,  0.0000 ,  0.0000 ,  0.0000 ,
  0.0000 ,  0.0000 ,  0.0000 ,  0.0000 ,  0.0000 ,  0.0000 ,
  0.0000 ,  0.0000 ,  0.0000 ,  0.0000 ,  0.0000 ,  0.0000 ,
  0.0000 ,  0.0000 ,  0.0000 ,  0.0000 ,  0.0000 ,  0.0000 ,
  0.0000 ,  0.0000 ,  0.0000 ,  0.0000 ,  0.0000 ,  0.0000 ,
  0.0000 ,  0.0000 ,  0.0000 ,  0.0000 ,  0.0000 ,  0.0000 ,
  0.0000 ,  0.0000 ,  0.0000 ,  0.0000 ,  0.0000 ,  0.0000 ,
  0.0000 ,  0.0000 ,  0.0000 ,  0.0000 ,  0.0000 ,  0.0000 ,
  0.0000 ,  0.0000 ,  0.0000 ,  0.0000 ,  0.0000 ,  0.0000 ,
  0.0000 ,  0.0000 ,  0.0000 ,  0.0000 ,  0.0000 ,  0.0000 ,
  0.0000 ,  0.0000 ,  0.0000 ,  0.0000 ,  0.0000 ,  0.0000 ,
  0.0000 ,  0.0000 ,  0.0000 ,  0.0000 ,  0.0000 ,  0.0000 ,
  0.0000 ,  0.0000 ,  0.0000 ,  0.0000 ,  0.0000 ,  0.0000 ,
  0.0000 ,  0.0000 ,  0.0000 ,  0.0000 ,  0.0000 ,  0.0000 ,
  0.0000 ,  0.0000 ,  0.0000 ,  0.0000 ,  0.0000 ,  0.0000 ,
  0.0000 ,  0.0000 ,  0.0000 ,  0.0000 ,  0.0000 ,  0.0000 ,
  0.0000 ,  0.0000 ,  0.0000 ,  0.0000 ,  0.0000 ,  0.0000 ,
  0.0000 ,  0.0000 ,  0.0000 ,  0.0000 ,  0.0000 ,  0.0000 ,
  0.0000 ,  0.0000 ,  0.0000 ,  0.0000 ,  0.0000 ,  0.0000 ,
  0.0000 ,  0.0000 ,  0.0000 ,  0.0000 ,  0.0000 ,  0.0000 ,
  0.0000 ,  0.0000 ,  0.0000 ,  0.0000 ,  0.0000 ,  0.0000 ,
  0.0000 ,  0.0000 ,  0.0000 ,  0.0000 ,  0.0000 ,  0.0000 ,
  0.0000 ,  0.0000 ,  0.0000 ,  0.0000 ,  0.0000 ,  0.0000 ,
  0.0000 ,  0.0000 ,  0.0000 ,  0.0000 ,  0.0000 ,  0.0000 ,
  0.0000 ,  0.0000 ,  0.0000 ,  0.0000 ,  0.0000 ,  0.0000 ,
  0.0000 ,  0.0000 ,  0.0000 ,  0.0000 ,  0.0000 ,  0.0000 ,
  0.0000 ,  0.0000 ,  0.0000 ,  0.0000 ,  0.0000 ,  0.0000 ,
  0.0000 ,  0.0000 ,  0.0000 ,  0.0000 ,  0.0000 ,  0.0000 ,
  0.0000 ,  0.0000 ,  0.0000 ,  0.0000 ,  0.0000 ,  0.0000 ,
  0.0000 ,  0.0000 ,  0.0000 ,  0.0000 ,  0.0000 ,  0.0000 ,
  0.0000 ,  0.0000 ,  0.0000 ,  0.0000 ,  0.0000 ,  0.0000 ,
  0.0000 ,  0.0000 ,  0.0000 ,  0.0000 ,  0.0000 ,  0.0000 ,
  0.0000 ,  0.0000 ,  0.0000 ,  0.0000 ,  0.0000 ,  0.0000 ,
  0.0000 ,  0.0000 ,  0.0000 ,  0.0000 ,  0.0000 ,  0.0000 ,
  0.0000 ,  0.0000 ,  0.0000 ,  0.0000 ,  0.0000 ,  0.0000 ,
  0.0000 ,  0.0000 ,  0.0000 ,  0.0000 ,  0.0000 ,  0.0000 ,
  0.0000 ,  0.0000 ,  0.0000 ,  0.0000 ,  0.0000 ,  0.0000 ,
  0.0000 ,  0.0000 ,  0.0000 ,  0.0000 ,  0.0000 ,  0.0000 ,
  0.0000 ,  0.0000 ,  0.0000 ,  0.0000 ,  0.0000 ,  0.0000 ,
  0.0000 ,  0.0000 ,  0.0000 ,  0.0000 ,  0.0000 ,  0.0000 ,
  0.0000 ,  0.0000 ,  0.0000 ,  0.0000 ,  0.0000 ,  0.0000 ,
  0.0000 ,  0.0000 ,  0.0000 ,  0.0000 ,  0.0000 ,  0.0000 ,
  0.0000 ,  0.0000 ,  0.0000 ,  0.0000 ,  0.0000 ,  0.0000 ,
  0.0000 ,  0.0000 ,  0.0000 ,  0.0000 ,  0.0000 ,  0.0000 ,
  0.0000 ,  0.0000 ,  0.0000 ,  0.0000 ,  0.0000 ,  0.0000 ,
  0.0000 ,  0.0000 ,  0.0000 ,  0.0000 ,  0.0000 ,  0.0000 ,
  0.0000 ,  0.0000 ,  0.0000 ,  0.0000 ,  0.0000 ,  0.0000 ,
  0.0000 ,  0.0000 ,  0.0000 ,  0.0000 ,  0.0000 ,  0.0000 ,
  0.0000 ,  0.0000 ,  0.0000 ,  0.0000 ,  0.0000 ,  0.0000 ,
  0.0000 ,  0.0000 ,  0.0000 ,  0.0000 ,  0.0000 ,  0.0000 ,
  0.0000 ,  0.0000 ,  0.0000 ,  0.0000 ,  0.0000 ,  0.0000 ,
  0.0000 ,  0.0000 ,  0.0000 ,  0.0000 ,  0.0000 ,  0.0000 ,
  0.0000 ,  0.0000 ,  0.0000 ,  0.0000 ,  0.0000 ,  0.0000 ,
  0.0000 ,  0.0000 ,  0.0000 ,  0.0000 ,  0.0000 ,  0.0000 ,
  0.0000 ,  0.0000 ,  0.0000 ,  0.0000 ,  0.0000 ,  0.0000 ,
  0.0000 ,  0.0000 ,  0.0000 ,  0.0000 ,  0.0000 ,  0.0000 ,
  0.0000 ,  0.0000 ,  0.0000 ,  0.0000 ,  0.0000 ,  0.0000 ,
  0.0000 ,  0.0000 ,  0.0000 ,  0.0000 ,  0.0000 ,  0.0000 ,
  0.0000 ,  0.0000 ,  0.0000 ,  0.0000 ,  0.0000 ,  0.0000 ,
  0.0000 ,  0.0000 ,  0.0000 ,  0.0000 ,  0.0000 ,  0.0000 ,
  0.0000 ,  0.0000 ,  0.0000 ,  0.0000 ,  0.0000 ,  0.0000 ,
  0.0000 ,  0.0000 ,  0.0000 ,  0.0000 ,  0.0000 ,  0.0000 ,
  0.0000 ,  0.0000 ,  0.0000 ,  0.0000 ,  0.0000 ,  0.0000 ,
  0.0000 ,  0.0000 ,  0.0000 ,  0.0000 ,  0.0000 ,  0.0000 ,
  0.0000 ,  0.0000 ,  0.0000 ,  0.0000 ,  0.0000 ,  0.0000 ,
  0.0000 ,  0.0000 ,  0.0000 ,  0.0000 ,  0.0000 ,  0.0000 ,
  0.0000 ,  0.0000 ,  0.0000 ,  0.0000 ,  0.0000 ,  0.0000 ,
  0.0000 ,  0.0000 ,  0.0000 ,  0.0000 ,  0.0000 ,  0.0000 ,
  0.0000 ,  0.0000 ,  0.0000 ,  0.0000 ,  0.0000 ,  0.0000 ,
  0.0000 ,  0.0000 ,  0.0000 ,  0.0000 ,  0.0000 ,  0.0000 ,
  0.0000 ,  0.0000 ,  0.0000 ,  0.0000 ,  0.0000 ,  0.0000 ,
  0.0000 ,  0.0000 ,  0.0000 ,  0.0000 ,  0.0000 ,  0.0000 ,
  0.0000 ,  0.0000 ,  0.0000 ,  0.0000 ,  0.0000 ,  0.0000 ,
  0.0000 ,  0.0000 ,  0.0000 ,  0.0000 ,  0.0000 ,  0.0000 ,
  0.0000 ,  0.0000 ,  0.0000 ,  0.0000 ,  0.0000 ,  0.0000 ,
  0.0000 ,  0.0000 ,  0.0000 ,  0.0000 ,  0.0000 ,  0.0000 ,
  0.0000 ,  0.0000 ,  0.0000 ,  0.0000 ,  0.0000 ,  0.0000 ,
  0.0000 ,  0.0000 ,  0.0000 ,  0.0000 ,  0.0000 ,  0.0000 ,
  0.0000 ,  0.0000 ,  0.0000 ,  0.0000 ,  0.0000 ,  0.0000 ,
  0.0000 ,  0.0000 ,  0.0000 ,  0.0000 ,  0.0000 ,  0.0000 ,
  0.0000 ,  0.0000 ,  0.0000 ,  0.0000 ,  0.0000 ,  0.0000 ,
  0.0000 ,  0.0000 ,  0.0000 ,  0.0000 ,  0.0000 ,  0.0000 ,
  0.0000 ,  0.0000 ,  0.0000 ,  0.0000 ,  0.0000 ,  0.0000 ,
  0.0000 ,  0.0000 ,  0.0000 ,  0.0000 ,  0.0000 ,  0.0000 ,
  0.0000 ,  0.0000 ,  0.0000 ,  0.0000 ,  0.0000 ,  0.0000 ,
  0.0000 ,  0.0000 ,  0.0000 ,  0.0000 ,  0.0000 ,  0.0000 ,
  0.0000 ,  0.0000 ,  0.0000 ,  0.0000 ,  0.0000 ,  0.0000 ,
  0.0000 ,  0.0000 ,  0.0000 ,  0.0000 ,  0.0000 ,  0.0000 ,
  0.0000 ,  0.0000 ,  0.0000 ,  0.0000 ,  0.0000 ,  0.0000 ,
  0.0000 ,  0.0000 ,  0.0000 ,  0.0000 ,  0.0000 ,  0.0000 ,
  0.0000 ,  0.0000 ,  0.0000 ,  0.0000 ,  0.0000 ,  0.0000 ,
  0.0000 ,  0.0000 ,  0.0000 ,  0.0000 ,  0.0000 ,  0.0000 ,
  0.0000 ,  0.0000 ,  0.0000 ,  0.0000 ,  0.0000 ,  0.0000 ,
  0.0000 ,  0.0000 ,  0.0000 ,  0.0000 ,  0.0000 ,  0.0000 ,
  0.0000 ,  0.0000 ,  0.0000 ,  0.0000 ,  0.0000 ,  0.0000 ,
  0.0000 ,  0.0000 ,  0.0000 ,  0.0000 ,  0.0000 ,  0.0000 ,
  0.0000 ,  0.0000 ,  0.0000 ,  0.0000 ,  0.0000 ,  0.0000 ,
  0.0000 ,  0.0000 ,  0.0000 ,  0.0000 ,  0.0000 ,  0.0000 ,
  0.0000 ,  0.0000 ,  0.0000 ,  0.0000 ,  0.0000 ,  0.0000 ,
  0.0000 ,  0.0000 ,  0.0000 ,  0.0000 ,  0.0000 ,  0.0000 ,
  0.0000 ,  0.0000 ,  0.0000 ,  0.0000 ,  0.0000 ,  0.0000 ,
  0.0000 ,  0.0000 ,  0.0000 ,  0.0000 ,  0.0000 ,  0.0000 ,
  0.0000 ,  0.0000 ,  0.0000 ,  0.0000 ,  0.0000 ,  0.0000 ,
  0.0000 ,  0.0000 ,  0.0000 ,  0.0000 ,  0.0000 ,  0.0000 ,
  0.0000 ,  0.0000 ,  0.0000 ,  0.0000 ,  0.0000 ,  0.0000 ,
  0.0000 ,  0.0000 ,  0.0000 ,  0.0000 ,  0.0000 ,  0.0000 ,
  0.0000 ,  0.0000 ,  0.0000 ,  0.0000 ,  0.0000 ,  0.0000 ,
  0.0000 ,  0.0000 ,  0.0000 ,  0.0000 ,  0.0000 ,  0.0000 ,
  0.0000 ,  0.0000 ,  0.0000 ,  0.0000 ,  0.0000 ,  0.0000 ,
  0.0000 ,  0.0000 ,  0.0000 ,  0.0000 ,  0.0000 ,  0.0000 ,
  0.0000 ,  0.0000 ,  0.0000 ,  0.0000 ,  0.0000 ,  0.0000 ,
  0.0000 ,  0.0000 ,  0.0000 ,  0.0000 ,  0.0000 ,  0.0000 ,
  0.0000 ,  0.0000 ,  0.0000 ,  0.0000 ,  0.0000 ,  0.0000 ,
  0.0000 ,  0.0000 ,  0.0000 ,  0.0000 ,  0.0000 ,  0.0000 ,
  0.0000 ,  0.0000 ,  0.0000 ,  0.0000 ,  0.0000 ,  0.0000 ,
  0.0000 ,  0.0000 ,  0.0000 ,  0.0000 ,  0.0000 ,  0.0000 ,
  0.0000 ,  0.0000 ,  0.0000 ,  0.0000 ,  0.0000 ,  0.0000 ,
  0.0000 ,  0.0000 ,  0.0000 ,  0.0000 ,  0.0000 ,  0.0000 ,
  0.0000 ,  0.0000 ,  0.0000 ,  0.0000 ,  0.0000 ,  0.0000 ,
  0.0000 ,  0.0000 ,  0.0000 ,  0.0000 ,  0.0000 ,  0.0000 ,
  0.0000 ,  0.0000 ,  0.0000 ,  0.0000 ,  0.0000 ,  0.0000 ,
  0.0000 ,  0.0000 ,  0.0000 ,  0.0000 ,  0.0000 ,  0.0000 ,
  0.0000 ,  0.0000 ,  0.0000 ,  0.0000 ,  0.0000 ,  0.0000 ,
  0.0000 ,  0.0000 ,  0.0000 ,  0.0000 ,  0.0000 ,  0.0000 ,
  0.0000 ,  0.0000 ,  0.0000 ,  0.0000 ,  0.0000 ,  0.0000 ,
  0.0000 ,  0.0000 ,  0.0000 ,  0.0000 ,  0.0000 ,  0.0000 ,
  0.0000 ,  0.0000 ,  0.0000 ,  0.0000 ,  0.0000 ,  0.0000 ,
  0.0000 ,  0.0000 ,  0.0000 ,  0.0000 ,  0.0000 ,  0.0000 ,
  0.0000 ,  0.0000 ,  0.0000 ,  0.0000 ,  0.0000 ,  0.0000 ,
  0.0000 ,  0.0000 ,  0.0000 ,  0.0000 ,  0.0000 ,  0.0000 ,
  0.0000 ,  0.0000 ,  0.0000 ,  0.0000 ,  0.0000 ,  0.0000 ,
  0.0000 ,  0.0000 ,  0.0000 ,  0.0000 ,  0.0000 ,  0.0000 ,
  0.0000 ,  0.0000 ,  0.0000 ,  0.0000 ,  0.0000 ,  0.0000 ,
  0.0000 ,  0.0000 ,  0.0000 ,  0.0000 ,  0.0000 ,  0.0000 ,
  0.0000 ,  0.0000 ,  0.0000 ,  0.0000 ,  0.0000 ,  0.0000 ,
  0.0000 ,  0.0000 ,  0.0000 ,  0.0000 ,  0.0000 ,  0.0000 ,
  0.0000 ,  0.0000 ,  0.0000 ,  0.0000 ,  0.0000 ,  0.0000 ,
  0.0000 ,  0.0000 ,  0.0000 ,  0.0000 ,  0.0000 ,  0.0000 ,
  0.0000 ,  0.0000 ,  0.0000 ,  0.0000 ,  0.0000 ,  0.0000 ,
  0.0000 ,  0.0000 ,  0.0000 ,  0.0000 ,  0.0000 ,  0.0000 ,
  0.0000 ,  0.0000 ,  0.0000 ,  0.0000 ,  0.0000 ,  0.0000 ,
  0.0000 ,  0.0000 ,  0.0000 ,  0.0000 ,  0.0000 ,  0.0000 ,
  0.0000 ,  0.0000 ,  0.0000 ,  0.0000 ,  0.0000 ,  0.0000 ,
  0.0000 ,  0.0000 ,  0.0000 ,  0.0000 ,  0.0000 ,  0.0000 ,
  0.0000 ,  0.0000 ,  0.0000 ,  0.0000 ,  0.0000 ,  0.0000 ,
  0.0000 ,  0.0000 ,  0.0000 ,  0.0000 ,  0.0000 ,  0.0000 ,
  0.0000 ,  0.0000 ,  0.0000 ,  0.0000 ,  0.0000 ,  0.0000 ,
  0.0000 ,  0.0000 ,  0.0000 ,  0.0000 ,  0.0000 ,  0.0000 ,
  0.0000 ,  0.0000 ,  0.0000 ,  0.0000 ,  0.0000 ,  0.0000 ,
  0.0000 ,  0.0000 ,  0.0000 ,  0.0000 ,  0.0000 ,  0.0000 ,
  0.0000 ,  0.0000 ,  0.0000 ,  0.0000 ,  0.0000 ,  0.0000 ,
  0.0000 ,  0.0000 ,  0.0000 ,  0.0000 ,  0.0000 ,  0.0000 ,
  0.0000 ,  0.0000 ,  0.0000 ,  0.0000 ,  0.0000 ,  0.0000 ,
  0.0000 ,  0.0000 ,  0.0000 ,  0.0000 ,  0.0000 ,  0.0000 ,
  0.0000 ,  0.0000 ,  0.0000 ,  0.0000 ,  0.0000 ,  0.0000 ,
  0.0000 ,  0.0000 ,  0.0000 ,  0.0000 ,  0.0000 ,  0.0000 ,
  0.0000 ,  0.0000 ,  0.0000 ,  0.0000 ,  0.0000 ,  0.0000 ,
  0.0000 ,  0.0000 ,  0.0000 ,  0.0000 ,  0.0000 ,  0.0000 ,
  0.0000 ,  0.0000 ,  0.0000 ,  0.0000 ,  0.0000 ,  0.0000 ,
  0.0000 ,  0.0000 ,  0.0000 ,  0.0000 ,  0.0000 ,  0.0000 ,
  0.0000 ,  0.0000 ,  0.0000 ,  0.0000 ,  0.0000 ,  0.0000 ,
  0.0000 ,  0.0000 ,  0.0000 ,  0.0000 ,  0.0000 ,  0.0000 ,
  0.0000 ,  0.0000 ,  0.0000 ,  0.0000 ,  0.0000 ,  0.0000 ,
  0.0000 ,  0.0000 ,  0.0000 ,  0.0000 ,  0.0000 ,  0.0000 ,
  0.0000 ,  0.0000 ,  0.0000 ,  0.0000 ,  0.0000 ,  0.0000 ,
  0.0000 ,  0.0000 ,  0.0000 ,  0.0000 ,  0.0000 ,  0.0000 ,
  0.0000 ,  0.0000 ,  0.0000 ,  0.0000 ,  0.0000 ,  0.0000 ,
  0.0000 ,  0.0000 ,  0.0000 ,  0.0000 ,  0.0000 ,  0.0000 ,
  0.0000 ,  0.0000 ,  0.0000 ,  0.0000 ,  0.0000 ,  0.0000 ,
  0.0000 ,  0.0000 ,  0.0000 ,  0.0000 ,  0.0000 ,  0.0000 ,
  0.0000 ,  0.0000 ,  0.0000 ,  0.0000 ,  0.0000 ,  0.0000 ,
  0.0000 ,  0.0000 ,  0.0000 ,  0.0000 ,  0.0000 ,  0.0000 ,
  0.0000 ,  0.0000 ,  0.0000 ,  0.0000 ,  0.0000 ,  0.0000 ,
  0.0000 ,  0.0000 ,  0.0000 ,  0.0000 ,  0.0000 ,  0.0000 ,
  0.0000 ,  0.0000 ,  0.0000 ,  0.0000 ,  0.0000 ,  0.0000 ,
  0.0000 ,  0.0000 ,  0.0000 ,  0.0000 ,  0.0000 ,  0.0000 ,
  0.0000 ,  0.0000 ,  0.0000 ,  0.0000 ,  0.0000 ,  0.0000 ,
  0.0000 ,  0.0000 ,  0.0000 ,  0.0000 ,  0.0000 ,  0.0000 ,
  0.0000 ,  0.0000 ,  0.0000 ,  0.0000 ,  0.0000 ,  0.0000 ,
  0.0000 ,  0.0000 ,  0.0000 ,  0.0000 ,  0.0000 ,  0.0000 ,
  0.0000 ,  0.0000 ,  0.0000 ,  0.0000 ,  0.0000 ,  0.0000 ,
  0.0000 ,  0.0000 ,  0.0000 ,  0.0000 ,  0.0000 ,  0.0000 ,
  0.0000 ,  0.0000 ,  0.0000 ,  0.0000 ,  0.0000 ,  0.0000 ,
  0.0000 ,  0.0000 ,  0.0000 ,  0.0000 ,  0.0000 ,  0.0000 ,
  0.0000 ,  0.0000 ,  0.0000 ,  0.0000 ,  0.0000 ,  0.0000 ,
  0.0000 ,  0.0000 ,  0.0000 ,  0.0000 ,  0.0000 ,  0.0000 ,
  0.0000 ,  0.0000 ,  0.0000 ,  0.0000 ,  0.0000 ,  0.0000 ,
  0.0000 ,  0.0000 ,  0.0000 ,  0.0000 ,  0.0000 ,  0.0000 ,
  0.0000 ,  0.0000 ,  0.0000 ,  0.0000 ,  0.0000 ,  0.0000 ,
  0.0000 ,  0.0000 ,  0.0000 ,  0.0000 ,  0.0000 ,  0.0000 ,
  0.0000 ,  0.0000 ,  0.0000 ,  0.0000 ,  0.0000 ,  0.0000 ,
  0.0000 ,  0.0000 ,  0.0000 ,  0.0000 ,  0.0000 ,  0.0000 ,
  0.0000 ,  0.0000 ,  0.0000 ,  0.0000 ,  0.0000 ,  0.0000 ,
  0.0000 ,  0.0000 ,  0.0000 ,  0.0000 ,  0.0000 ,  0.0000 ,
  0.0000 ,  0.0000 ,  0.0000 ,  0.0000 ,  0.0000 ,  0.0000 ,
  0.0000 ,  0.0000 ,  0.0000 ,  0.0000 ,  0.0000 ,  0.0000 ,
  0.0000 ,  0.0000 ,  0.0000 ,  0.0000 ,  0.0000 ,  0.0000 ,
  0.0000 ,  0.0000 ,  0.0000 ,  0.0000 ,  0.0000 ,  0.0000 ,
  0.0000 ,  0.0000 ,  0.0000 ,  0.0000 ,  0.0000 ,  0.0000 ,
  0.0000 ,  0.0000 ,  0.0000 ,  0.0000 ,  0.0000 ,  0.0000 ,
  0.0000 ,  0.0000 ,  0.0000 ,  0.0000 ,  0.0000 ,  0.0000 ,
  0.0000 ,  0.0000 ,  0.0000 ,  0.0000 ,  0.0000 ,  0.0000 ,
  0.0000 ,  0.0000 ,  0.0000 ,  0.0000 ,  0.0000 ,  0.0000 ,
  0.0000 ,  0.0000 ,  0.0000 ,  0.0000 ,  0.0000 ,  0.0000 ,
  0.0000 ,  0.0000 ,  0.0000 ,  0.0000 ,  0.0000 ,  0.0000 ,
  0.0000 ,  0.0000 ,  0.0000 ,  0.0000 ,  0.0000 ,  0.0000 ,
  0.0000 ,  0.0000 ,  0.0000 ,  0.0000 ,  0.0000 ,  0.0000 ,
  0.0000 ,  0.0000 ,  0.0000 ,  0.0000 ,  0.0000 ,  0.0000 ,
  0.0000 ,  0.0000 ,  0.0000 ,  0.0000 ,  0.0000 ,  0.0000 ,
  0.0000 ,  0.0000 ,  0.0000 ,  0.0000 ,  0.0000 ,  0.0000 ,
  0.0000 ,  0.0000 ,  0.0000 ,  0.0000 ,  0.0000 ,  0.0000 ,
  0.0000 ,  0.0000 ,  0.0000 ,  0.0000 ,  0.0000 ,  0.0000 ,
  0.0000 ,  0.0000 ,  0.0000 ,  0.0000 ,  0.0000 ,  0.0000 ,
  0.0000 ,  0.0000 ,  0.0000 ,  0.0000 ,  0.0000 ,  0.0000 ,
  0.0000 ,  0.0000 ,  0.0000 ,  0.0000 ,  0.0000 ,  0.0000 ,
  0.0000 ,  0.0000 ,  0.0000 ,  0.0000 ,  0.0000 ,  0.0000 ,
  0.0000 ,  0.0000 ,  0.0000 ,  0.0000 ,  0.0000 ,  0.0000 ,
  0.0000 ,  0.0000 ,  0.0000 ,  0.0000 ,  0.0000 ,  0.0000 ,
  0.0000 ,  0.0000 ,  0.0000 ,  0.0000 ,  0.0000 ,  0.0000 ,
  0.0000 ,  0.0000 ,  0.0000 ,  0.0000 ,  0.0000 ,  0.0000 ,
  0.0000 ,  0.0000 ,  0.0000 ,  0.0000 ,  0.0000 ,  0.0000 ,
  0.0000 ,  0.0000 ,  0.0000 ,  0.0000 ,  0.0000 ,  0.0000 ,
  0.0000 ,  0.0000 ,  0.0000 ,  0.0000 ,  0.0000 ,  0.0000 ,
  0.0000 ,  0.0000 ,  0.0000 ,  0.0000 ,  0.0000 ,  0.0000 ,
  0.0000 ,  0.0000 ,  0.0000 ,  0.0000 ,  0.0000 ,  0.0000 ,
  0.0000 ,  0.0000 ,  0.0000 ,  0.0000 ,  0.0000 ,  0.0000 ,
  0.0000 ,  0.0000 ,  0.0000 ,  0.0000 ,  0.0000 ,  0.0000 ,
  0.0000 ,  0.0000 ,  0.0000 ,  0.0000 ,  0.0000 ,  0.0000 ,
  0.0000 ,  0.0000 ,  0.0000 ,  0.0000 ,  0.0000 ,  0.0000 ,
  0.0000 ,  0.0000 ,  0.0000 ,  0.0000 ,  0.0000 ,  0.0000 ,
  0.0000 ,  0.0000 ,  0.0000 ,  0.0000 ,  0.0000 ,  0.0000 ,
  0.0000 ,  0.0000 ,  0.0000 ,  0.0000 ,  0.0000 ,  0.0000 ,
  0.0000 ,  0.0000 ,  0.0000 ,  0.0000 ,  0.0000 ,  0.0000 ,
  0.0000 ,  0.0000 ,  0.0000 ,  0.0000 ,  0.0000 ,  0.0000 ,
  0.0000 ,  0.0000 ,  0.0000 ,  0.0000 ,  0.0000 ,  0.0000 ,
  0.0000 ,  0.0000 ,  0.0000 ,  0.0000 ,  0.0000 ,  0.0000 ,
  0.0000 ,  0.0000 ,  0.0000 ,  0.0000 ,  0.0000 ,  0.0000 ,
  0.0000 ,  0.0000 ,  0.0000 ,  0.0000 ,  0.0000 ,  0.0000 ,
  0.0000 ,  0.0000 ,  0.0000 ,  0.0000 ,  0.0000 ,  0.0000 ,
  0.0000 ,  0.0000 ,  0.0000 ,  0.0000 ,  0.0000 ,  0.0000 ,
  0.0000 ,  0.0000 ,  0.0000 ,  0.0000 ,  0.0000 ,  0.0000 ,
  0.0000 ,  0.0000 ,  0.0000 ,  0.0000 ,  0.0000 ,  0.0000 ,
  0.0000 ,  0.0000 ,  0.0000 ,  0.0000 ,  0.0000 ,  0.0000 ,
  0.0000 ,  0.0000 ,  0.0000 ,  0.0000 ,  0.0000 ,  0.0000 ,
  0.0000 ,  0.0000 ,  0.0000 ,  0.0000 ,  0.0000 ,  0.0000 ,
  0.0000 ,  0.0000 ,  0.0000 ,  0.0000 ,  0.0000 ,  0.0000 ,
  0.0000 ,  0.0000 ,  0.0000 ,  0.0000 ,  0.0000 ,  0.0000 ,
  0.0000 ,  0.0000 ,  0.0000 ,  0.0000 ,  0.0000 ,  0.0000 ,
  0.0000 ,  0.0000 ,  0.0000 ,  0.0000 ,  0.0000 ,  0.0000 ,
  0.0000 ,  0.0000 ,  0.0000 ,  0.0000 ,  0.0000 ,  0.0000 ,
  0.0000 ,  0.0000 ,  0.0000 ,  0.0000 ,  0.0000 ,  0.0000 ,
  0.0000 ,  0.0000 ,  0.0000 ,  0.0000 ,  0.0000 ,  0.0000 ,
  0.0000 ,  0.0000 ,  0.0000 ,  0.0000 ,  0.0000 ,  0.0000 ,
  0.0000 ,  0.0000 ,  0.0000 ,  0.0000 ,  0.0000 ,  0.0000 ,
  0.0000 ,  0.0000 ,  0.0000 ,  0.0000 ,  0.0000 ,  0.0000 ,
  0.0000 ,  0.0000 ,  0.0000 ,  0.0000 ,  0.0000 ,  0.0000 ,
  0.0000 ,  0.0000 ,  0.0000 ,  0.0000 ,  0.0000 ,  0.0000 ,
  0.0000 ,  0.0000 ,  0.0000 ,  0.0000 ,  0.0000 ,  0.0000 ,
  0.0000 ,  0.0000 ,  0.0000 ,  0.0000 ,  0.0000 ,  0.0000 ,
  0.0000 ,  0.0000 ,  0.0000 ,  0.0000 ,  0.0000 ,  0.0000 ,
  0.0000 ,  0.0000 ,  0.0000 ,  0.0000 ,  0.0000 ,  0.0000 ,
  0.0000 ,  0.0000 ,  0.0000 ,  0.0000 ,  0.0000 ,  0.0000 ,
  0.0000 ,  0.0000 ,  0.0000 ,  0.0000 ,  0.0000 ,  0.0000 ,
  0.0000 ,  0.0000 ,  0.0000 ,  0.0000 ,  0.0000 ,  0.0000 ,
  0.0000 ,  0.0000 ,  0.0000 ,  0.0000 ,  0.0000 ,  0.0000 ,
  0.0000 ,  0.0000 ,  0.0000 ,  0.0000 ,  0.0000 ,  0.0000 ,
  0.0000 ,  0.0000 ,  0.0000 ,  0.0000 ,  0.0000 ,  0.0000 ,
  0.0000 ,  0.0000 ,  0.0000 ,  0.0000 ,  0.0000 ,  0.0000 ,
  0.0000 ,  0.0000 ,  0.0000 ,  0.0000 ,  0.0000 ,  0.0000 ,
  0.0000 ,  0.0000 ,  0.0000 ,  0.0000 ,  0.0000 ,  0.0000 ,
  0.0000 ,  0.0000 ,  0.0000 ,  0.0000 ,  0.0000 ,  0.0000 ,
  0.0000 ,  0.0000 ,  0.0000 ,  0.0000 ,  0.0000 ,  0.0000 ,
  0.0000 ,  0.0000 ,  0.0000 ,  0.0000 ,  0.0000 ,  0.0000 ,
  0.0000 ,  0.0000 ,  0.0000 ,  0.0000 ,  0.0000 ,  0.0000 ,
  0.0000 ,  0.0000 ,  0.0000 ,  0.0000 ,  0.0000 ,  0.0000 ,
  0.0000 ,  0.0000 ,  0.0000 ,  0.0000 ,  0.0000 ,  0.0000 ,
  0.0000 ,  0.0000 ,  0.0000 ,  0.0000 ,  0.0000 ,  0.0000 ,
  0.0000 ,  0.0000 ,  0.0000 ,  0.0000 ,  0.0000 ,  0.0000 ,
  0.0000 ,  0.0000 ,  0.0000 ,  0.0000 ,  0.0000 ,  0.0000 ,
  0.0000 ,  0.0000 ,  0.0000 ,  0.0000 ,  0.0000 ,  0.0000 ,
  0.0000 ,  0.0000 ,  0.0000 ,  0.0000 ,  0.0000 ,  0.0000 ,
  0.0000 ,  0.0000 ,  0.0000 ,  0.0000 ,  0.0000 ,  0.0000 ,
  0.0000 ,  0.0000 ,  0.0000 ,  0.0000 ,  0.0000 ,  0.0000 ,
  0.0000 ,  0.0000 ,  0.0000 ,  0.0000 ,  0.0000 ,  0.0000 ,
  0.0000 ,  0.0000 ,  0.0000 ,  0.0000 ,  0.0000 ,  0.0000 ,
  0.0000 ,  0.0000 ,  0.0000 ,  0.0000 ,  0.0000 ,  0.0000 ,
  0.0000 ,  0.0000 ,  0.0000 ,  0.0000 ,  0.0000 ,  0.0000 ,
  0.0000 ,  0.0000 ,  0.0000 ,  0.0000 ,  0.0000 ,  0.0000 ,
  0.0000 ,  0.0000 ,  0.0000 ,  0.0000 ,  0.0000 ,  0.0000 ,
  0.0000 ,  0.0000 ,  0.0000 ,  0.0000 ,  0.0000 ,  0.0000 ,
  0.0000 ,  0.0000 ,  0.0000 ,  0.0000 ,  0.0000 ,  0.0000 ,
  0.0000 ,  0.0000 ,  0.0000 ,  0.0000 ,  0.0000 ,  0.0000 ,
  0.0000 ,  0.0000 ,  0.0000 ,  0.0000 ,  0.0000 ,  0.0000 ,
  0.0000 ,  0.0000 ,  0.0000 ,  0.0000 ,  0.0000 ,  0.0000 ,
  0.0000 ,  0.0000 ,  0.0000 ,  0.0000 ,  0.0000 ,  0.0000 ,
  0.0000 ,  0.0000 ,  0.0000 ,  0.0000 ,  0.0000 ,  0.0000 ,
  0.0000 ,  0.0000 ,  0.0000 ,  0.0000 ,  0.0000 ,  0.0000 ,
  0.0000 ,  0.0000 ,  0.0000 ,  0.0000 ,  0.0000 ,  0.0000 ,
  0.0000 ,  0.0000 ,  0.0000 ,  0.0000 ,  0.0000 ,  0.0000 ,
  0.0000 ,  0.0000 ,  0.0000 ,  0.0000 ,  0.0000 ,  0.0000 ,
  0.0000 ,  0.0000 ,  0.0000 ,  0.0000 ,  0.0000 ,  0.0000 ,
  0.0000 ,  0.0000 ,  0.0000 ,  0.0000 ,  0.0000 ,  0.0000 ,
  0.0000 ,  0.0000 ,  0.0000 ,  0.0000 ,  0.0000 ,  0.0000 ,
  0.0000 ,  0.0000 ,  0.0000 ,  0.0000 ,  0.0000 ,  0.0000 ,
  0.0000 ,  0.0000 ,  0.0000 ,  0.0000 ,  0.0000 ,  0.0000 ,
  0.0000 ,  0.0000 ,  0.0000 ,  0.0000 ,  0.0000 ,  0.0000 ,
  0.0000 ,  0.0000 ,  0.0000 ,  0.0000 ,  0.0000 ,  0.0000 ,
  0.0000 ,  0.0000 ,  0.0000 ,  0.0000 ,  0.0000 ,  0.0000 ,
  0.0000 ,  0.0000 ,  0.0000 ,  0.0000 ,  0.0000 ,  0.0000 ,
  0.0000 ,  0.0000 ,  0.0000 ,  0.0000 ,  0.0000 ,  0.0000 ,
  0.0000 ,  0.0000 ,  0.0000 ,  0.0000 ,  0.0000 ,  0.0000 ,
  0.0000 ,  0.0000 ,  0.0000 ,  0.0000 ,  0.0000 ,  0.0000 ,
  0.0000 ,  0.0000 ,  0.0000 ,  0.0000 ,  0.0000 ,  0.0000 ,
  0.0000 ,  0.0000 ,  0.0000 ,  0.0000 ,  0.0000 ,  0.0000 ,
  0.0000 ,  0.0000 ,  0.0000 ,  0.0000 ,  0.0000 ,  0.0000 ,
  0.0000 ,  0.0000 ,  0.0000 ,  0.0000 ,  0.0000 ,  0.0000 ,
  0.0000 ,  0.0000 ,  0.0000 ,  0.0000 ,  0.0000 ,  0.0000 ,
  0.0000 ,  0.0000 ,  0.0000 ,  0.0000 ,  0.0000 ,  0.0000 ,
  0.0000 ,  0.0000 ,  0.0000 ,  0.0000 ,  0.0000 ,  0.0000 ,
  0.0000 ,  0.0000 ,  0.0000 ,  0.0000 ,  0.0000 ,  0.0000 ,
  0.0000 ,  0.0000 ,  0.0000 ,  0.0000 ,  0.0000 ,  0.0000 ,
  0.0000 ,  0.0000 ,  0.0000 ,  0.0000 ,  0.0000 ,  0.0000 ,
  0.0000 ,  0.0000 ,  0.0000 ,  0.0000 ,  0.0000 ,  0.0000 ,
  0.0000 ,  0.0000 ,  0.0000 ,  0.0000 ,  0.0000 ,  0.0000 ,
  0.0000 ,  0.0000 ,  0.0000 ,  0.0000 ,  0.0000 ,  0.0000 ,
  0.0000 ,  0.0000 ,  0.0000 ,  0.0000 ,  0.0000 ,  0.0000 ,
  0.0000 ,  0.0000 ,  0.0000 ,  0.0000 ,  0.0000 ,  0.0000 ,
  0.0000 ,  0.0000 ,  0.0000 ,  0.0000 ,  0.0000 ,  0.0000 ,
  0.0000 ,  0.0000 ,  0.0000 ,  0.0000 ,  0.0000 ,  0.0000 ,
  0.0000 ,  0.0000 ,  0.0000 ,  0.0000 ,  0.0000 ,  0.0000 ,
  0.0000 ,  0.0000 ,  0.0000 ,  0.0000 ,  0.0000 ,  0.0000 ,
  0.0000 ,  0.0000 ,  0.0000 ,  0.0000 ,  0.0000 ,  0.0000 ,
  0.0000 ,  0.0000 ,  0.0000 ,  0.0000 ,  0.0000 ,  0.0000 ,
  0.0000 ,  0.0000 ,  0.0000 ,  0.0000 ,  0.0000 ,  0.0000 ,
  0.0000 ,  0.0000 ,  0.0000 ,  0.0000 ,  0.0000 ,  0.0000 ,
  0.0000 ,  0.0000 ,  0.0000 ,  0.0000 ,  0.0000 ,  0.0000 ,
  0.0000 ,  0.0000 ,  0.0000 ,  0.0000 ,  0.0000 ,  0.0000 ,
  0.0000 ,  0.0000 ,  0.0000 ,  0.0000 ,  0.0000 ,  0.0000 ,
  0.0000 ,  0.0000 ,  0.0000 ,  0.0000 ,  0.0000 ,  0.0000 ,
  0.0000 ,  0.0000 ,  0.0000 ,  0.0000 ,  0.0000 ,  0.0000 ,
  0.0000 ,  0.0000 ,  0.0000 ,  0.0000 ,  0.0000 ,  0.0000 ,
  0.0000 ,  0.0000 ,  0.0000 ,  0.0000 ,  0.0000 ,  0.0000 ,
  0.0000 ,  0.0000 ,  0.0000 ,  0.0000 ,  0.0000 ,  0.0000 ,
  0.0000 ,  0.0000 ,  0.0000 ,  0.0000 ,  0.0000 ,  0.0000 ,
  0.0000 ,  0.0000 ,  0.0000 ,  0.0000 ,  0.0000 ,  0.0000 ,
  0.0000 ,  0.0000 ,  0.0000 ,  0.0000 ,  0.0000 ,  0.0000 ,
  0.0000 ,  0.0000 ,  0.0000 ,  0.0000 ,  0.0000 ,  0.0000 ,
  0.0000 ,  0.0000 ,  0.0000 ,  0.0000 ,  0.0000 ,  0.0000 ,
  0.0000 ,  0.0000 ,  0.0000 ,  0.0000 ,  0.0000 ,  0.0000 ,
  0.0000 ,  0.0000 ,  0.0000 ,  0.0000 ,  0.0000 ,  0.0000 ,
  0.0000 ,  0.0000 ,  0.0000 ,  0.0000 ,  0.0000 ,  0.0000 ,
  0.0000 ,  0.0000 ,  0.0000 ,  0.0000 ,  0.0000 ,  0.0000 ,
  0.0000 ,  0.0000 ,  0.0000 ,  0.0000 ,  0.0000 ,  0.0000 ,
  0.0000 ,  0.0000 ,  0.0000 ,  0.0000 ,  0.0000 ,  0.0000 ,
  0.0000 ,  0.0000 ,  0.0000 ,  0.0000 ,  0.0000 ,  0.0000 ,
  0.0000 ,  0.0000 ,  0.0000 ,  0.0000 ,  0.0000 ,  0.0000 ,
  0.0000 ,  0.0000 ,  0.0000 ,  0.0000 ,  0.0000 ,  0.0000 ,
  0.0000 ,  0.0000 ,  0.0000 ,  0.0000 ,  0.0000 ,  0.0000 ,
  0.0000 ,  0.0000 ,  0.0000 ,  0.0000 ,  0.0000 ,  0.0000 ,
  0.0000 ,  0.0000 ,  0.0000 ,  0.0000 ,  0.0000 ,  0.0000 ,
  0.0000 ,  0.0000 ,  0.0000 ,  0.0000 ,  0.0000 ,  0.0000 ,
  0.0000 ,  0.0000 ,  0.0000 ,  0.0000 ,  0.0000 ,  0.0000 ,
  0.0000 ,  0.0000 ,  0.0000 ,  0.0000 ,  0.0000 ,  0.0000 ,
  0.0000 ,  0.0000 ,  0.0000 ,  0.0000 ,  0.0000 ,  0.0000 ,
  0.0000 ,  0.0000 ,  0.0000 ,  0.0000 ,  0.0000 ,  0.0000 ,
  0.0000 ,  0.0000 ,  0.0000 ,  0.0000 ,  0.0000 ,  0.0000 ,
  0.0000 ,  0.0000 ,  0.0000 ,  0.0000 ,  0.0000 ,  0.0000 ,
  0.0000 ,  0.0000 ,  0.0000 ,  0.0000 ,  0.0000 ,  0.0000 ,
  0.0000 ,  0.0000 ,  0.0000 ,  0.0000 ,  0.0000 ,  0.0000 ,
  0.0000 ,  0.0000 ,  0.0000 ,  0.0000 ,  0.0000 ,  0.0000 ,
  0.0000 ,  0.0000 ,  0.0000 ,  0.0000 ,  0.0000 ,  0.0000 ,
  0.0000 ,  0.0000 ,  0.0000 ,  0.0000 ,  0.0000 ,  0.0000 ,
  0.0000 ,  0.0000 ,  0.0000 ,  0.0000 ,  0.0000 ,  0.0000 ,
  0.0000 ,  0.0000 ,  0.0000 ,  0.0000 ,  0.0000 ,  0.0000 ,
  0.0000 ,  0.0000 ,  0.0000 ,  0.0000 ,  0.0000 ,  0.0000 ,
  0.0000 ,  0.0000 ,  0.0000 ,  0.0000 ,  0.0000 ,  0.0000 ,
  0.0000 ,  0.0000 ,  0.0000 ,  0.0000 ,  0.0000 ,  0.0000 ,
  0.0000 ,  0.0000 ,  0.0000 ,  0.0000 ,  0.0000 ,  0.0000 ,
  0.0000 ,  0.0000 ,  0.0000 ,  0.0000 ,  0.0000 ,  0.0000 ,
  0.0000 ,  0.0000 ,  0.0000 ,  0.0000 ,  0.0000 ,  0.0000 ,
  0.0000 ,  0.0000 ,  0.0000 ,  0.0000 ,  0.0000 ,  0.0000 ,
  0.0000 ,  0.0000 ,  0.0000 ,  0.0000 ,  0.0000 ,  0.0000 ,
  0.0000 ,  0.0000 ,  0.0000 ,  0.0000 ,  0.0000 ,  0.0000 ,
  0.0000 ,  0.0000 ,  0.0000 ,  0.0000 ,  0.0000 ,  0.0000 ,
  0.0000 ,  0.0000 ,  0.0000 ,  0.0000 ,  0.0000 ,  0.0000 ,
  0.0000 ,  0.0000 ,  0.0000 ,  0.0000 ,  0.0000 ,  0.0000 ,
  0.0000 ,  0.0000 ,  0.0000 ,  0.0000 ,  0.0000 ,  0.0000 ,
  0.0000 ,  0.0000 ,  0.0000 ,  0.0000 ,  0.0000 ,  0.0000 ,
  0.0000 ,  0.0000 ,  0.0000 ,  0.0000 ,  0.0000 ,  0.0000 ,
  0.0000 ,  0.0000 ,  0.0000 ,  0.0000 ,  0.0000 ,  0.0000 ,
  0.0000 ,  0.0000 ,  0.0000 ,  0.0000 ,  0.0000 ,  0.0000 ,
  0.0000 ,  0.0000 ,  0.0000 ,  0.0000 ,  0.0000 ,  0.0000 ,
  0.0000 ,  0.0000 ,  0.0000 ,  0.0000 ,  0.0000 ,  0.0000 ,
  0.0000 ,  0.0000 ,  0.0000 ,  0.0000 ,  0.0000 ,  0.0000 ,
  0.0000 ,  0.0000 ,  0.0000 ,  0.0000 ,  0.0000 ,  0.0000 ,
  0.0000 ,  0.0000 ,  0.0000 ,  0.0000 ,  0.0000 ,  0.0000 ,
  0.0000 ,  0.0000 ,  0.0000 ,  0.0000 ,  0.0000 ,  0.0000 ,
  0.0000 ,  0.0000 ,  0.0000 ,  0.0000 ,  0.0000 ,  0.0000 ,
  0.0000 ,  0.0000 ,  0.0000 ,  0.0000 ,  0.0000 ,  0.0000 ,
  0.0000 ,  0.0000 ,  0.0000 ,  0.0000 ,  0.0000 ,  0.0000 ,
  0.0000 ,  0.0000 ,  0.0000 ,  0.0000 ,  0.0000 ,  0.0000 ,
  0.0000 ,  0.0000 ,  0.0000 ,  0.0000 ,  0.0000 ,  0.0000 ,
  0.0000 ,  0.0000 ,  0.0000 ,  0.0000 ,  0.0000 ,  0.0000 ,
  0.0000 ,  0.0000 ,  0.0000 ,  0.0000 ,  0.0000 ,  0.0000 ,
  0.0000 ,  0.0000 ,  0.0000 ,  0.0000 ,  0.0000 ,  0.0000 ,
  0.0000 ,  0.0000 ,  0.0000 ,  0.0000 ,  0.0000 ,  0.0000 ,
  0.0000 ,  0.0000 ,  0.0000 ,  0.0000 ,  0.0000 ,  0.0000 ,
  0.0000 ,  0.0000 ,  0.0000 ,  0.0000 ,  0.0000 ,  0.0000 ,
  0.0000 ,  0.0000 ,  0.0000 ,  0.0000 ,  0.0000 ,  0.0000 ,
  0.0000 ,  0.0000 ,  0.0000 ,  0.0000 ,  0.0000 ,  0.0000 ,
  0.0000 ,  0.0000 ,  0.0000 ,  0.0000 ,  0.0000 ,  0.0000 ,
  0.0000 ,  0.0000 ,  0.0000 ,  0.0000 ,  0.0000 ,  0.0000 ,
  0.0000 ,  0.0000 ,  0.0000 ,  0.0000 ,  0.0000 ,  0.0000 ,
  0.0000 ,  0.0000 ,  0.0000 ,  0.0000 ,  0.0000 ,  0.0000 ,
  0.0000 ,  0.0000 ,  0.0000 ,  0.0000 ,  0.0000 ,  0.0000 ,
  0.0000 ,  0.0000 ,  0.0000 ,  0.0000 ,  0.0000 ,  0.0000 ,
  0.0000 ,  0.0000 ,  0.0000 ,  0.0000 ,  0.0000 ,  0.0000 ,
  0.0000 ,  0.0000 ,  0.0000 ,  0.0000 ,  0.0000 ,  0.0000 ,
  0.0000 ,  0.0000 ,  0.0000 ,  0.0000 ,  0.0000 ,  0.0000 ,
  0.0000 ,  0.0000 ,  0.0000 ,  0.0000 ,  0.0000 ,  0.0000 ,
  0.0000 ,  0.0000 ,  0.0000 ,  0.0000 ,  0.0000 ,  0.0000 ,
  0.0000 ,  0.0000 ,  0.0000 ,  0.0000 ,  0.0000 ,  0.0000 ,
  0.0000 ,  0.0000 ,  0.0000 ,  0.0000 ,  0.0000 ,  0.0000 ,
  0.0000 ,  0.0000 ,  0.0000 ,  0.0000 ,  0.0000 ,  0.0000 ,
  0.0000 ,  0.0000 ,  0.0000 ,  0.0000 ,  0.0000 ,  0.0000 ,
  0.0000 ,  0.0000 ,  0.0000 ,  0.0000 ,  0.0000 ,  0.0000 ,
  0.0000 ,  0.0000 ,  0.0000 ,  0.0000 ,  0.0000 ,  0.0000 ,
  0.0000 ,  0.0000 ,  0.0000 ,  0.0000 ,  0.0000 ,  0.0000 ,
  0.0000 ,  0.0000 ,  0.0000 ,  0.0000 ,  0.0000 ,  0.0000 ,
  0.0000 ,  0.0000 ,  0.0000 ,  0.0000 ,  0.0000 ,  0.0000 ,
  0.0000 ,  0.0000 ,  0.0000 ,  0.0000 ,  0.0000 ,  0.0000 ,
  0.0000 ,  0.0000 ,  0.0000 ,  0.0000 ,  0.0000 ,  0.0000 ,
  0.0000 ,  0.0000 ,  0.0000 ,  0.0000 ,  0.0000 ,  0.0000 ,
  0.0000 ,  0.0000 ,  0.0000 ,  0.0000 ,  0.0000 ,  0.0000 ,
  0.0000 ,  0.0000 ,  0.0000 ,  0.0000 ,  0.0000 ,  0.0000 ,
  0.0000 ,  0.0000 ,  0.0000 ,  0.0000 ,  0.0000 ,  0.0000 ,
  0.0000 ,  0.0000 ,  0.0000 ,  0.0000 ,  0.0000 ,  0.0000 ,
  0.0000 ,  0.0000 ,  0.0000 ,  0.0000 ,  0.0000 ,  0.0000 ,
  0.0000 ,  0.0000 ,  0.0000 ,  0.0000 ,  0.0000 ,  0.0000 ,
  0.0000 ,  0.0000 ,  0.0000 ,  0.0000 ,  0.0000 ,  0.0000 ,
  0.0000 ,  0.0000 ,  0.0000 ,  0.0000 ,  0.0000 ,  0.0000 ,
  0.0000 ,  0.0000 ,  0.0000 ,  0.0000 ,  0.0000 ,  0.0000 ,
  0.0000 ,  0.0000 ,  0.0000 ,  0.0000 ,  0.0000 ,  0.0000 ,
  0.0000 ,  0.0000 ,  0.0000 ,  0.0000 ,  0.0000 ,  0.0000 ,
  0.0000 ,  0.0000 ,  0.0000 ,  0.0000 ,  0.0000 ,  0.0000 ,
  0.0000 ,  0.0000 ,  0.0000 ,  0.0000 ,  0.0000 ,  0.0000 ,
  0.0000 ,  0.0000 ,  0.0000 ,  0.0000 ,  0.0000 ,  0.0000 ,
  0.0000 ,  0.0000 ,  0.0000 ,  0.0000 ,  0.0000 ,  0.0000 ,
  0.0000 ,  0.0000 ,  0.0000 ,  0.0000 ,  0.0000 ,  0.0000 ,
  0.0000 ,  0.0000 ,  0.0000 ,  0.0000 ,  0.0000 ,  0.0000 ,
  0.0000 ,  0.0000 ,  0.0000 ,  0.0000 ,  0.0000 ,  0.0000 ,
  0.0000 ,  0.0000 ,  0.0000 ,  0.0000 ,  0.0000 ,  0.0000 ,
  0.0000 ,  0.0000 ,  0.0000 ,  0.0000 ,  0.0000 ,  0.0000 ,
  0.0000 ,  0.0000 ,  0.0000 ,  0.0000 ,  0.0000 ,  0.0000 ,
  0.0000 ,  0.0000 ,  0.0000 ,  0.0000 ,  0.0000 ,  0.0000 ,
  0.0000 ,  0.0000 ,  0.0000 ,  0.0000 ,  0.0000 ,  0.0000 ,
  0.0000 ,  0.0000 ,  0.0000 ,  0.0000 ,  0.0000 ,  0.0000 ,
  0.0000 ,  0.0000 ,  0.0000 ,  0.0000 ,  0.0000 ,  0.0000 ,
  0.0000 ,  0.0000 ,  0.0000 ,  0.0000 ,  0.0000 ,  0.0000 ,
  0.0000 ,  0.0000 ,  0.0000 ,  0.0000 ,  0.0000 ,  0.0000 ,
  0.0000 ,  0.0000 ,  0.0000 ,  0.0000 ,  0.0000 ,  0.0000 ,
  0.0000 ,  0.0000 ,  0.0000 ,  0.0000 ,  0.0000 ,  0.0000 ,
  0.0000 ,  0.0000 ,  0.0000 ,  0.0000 ,  0.0000 ,  0.0000 ,
  0.0000 ,  0.0000 ,  0.0000 ,  0.0000 ,  0.0000 ,  0.0000 ,
  0.0000 ,  0.0000 ,  0.0000 ,  0.0000 ,  0.0000 ,  0.0000 ,
  0.0000 ,  0.0000 ,  0.0000 ,  0.0000 ,  0.0000 ,  0.0000 ,
  0.0000 ,  0.0000 ,  0.0000 ,  0.0000 ,  0.0000 ,  0.0000 ,
  0.0000 ,  0.0000 ,  0.0000 ,  0.0000 ,  0.0000 ,  0.0000 ,
  0.0000 ,  0.0000 ,  0.0000 ,  0.0000 ,  0.0000 ,  0.0000 ,
  0.0000 ,  0.0000 ,  0.0000 ,  0.0000 ,  0.0000 ,  0.0000 ,
  0.0000 ,  0.0000 ,  0.0000 ,  0.0000 ,  0.0000 ,  0.0000 ,
  0.0000 ,  0.0000 ,  0.0000 ,  0.0000 ,  0.0000 ,  0.0000 ,
  0.0000 ,  0.0000 ,  0.0000 ,  0.0000 ,  0.0000 ,  0.0000 ,
  0.0000 ,  0.0000 ,  0.0000 ,  0.0000 ,  0.0000 ,  0.0000 ,
  0.0000 ,  0.0000 ,  0.0000 ,  0.0000 ,  0.0000 ,  0.0000 ,
  0.0000 ,  0.0000 ,  0.0000 ,  0.0000 ,  0.0000 ,  0.0000 ,
  0.0000 ,  0.0000 ,  0.0000 ,  0.0000 ,  0.0000 ,  0.0000 ,
  0.0000 ,  0.0000 ,  0.0000 ,  0.0000 ,  0.0000 ,  0.0000 ,
  0.0000 ,  0.0000 ,  0.0000 ,  0.0000 ,  0.0000 ,  0.0000 ,
  0.0000 ,  0.0000 ,  0.0000 ,  0.0000 ,  0.0000 ,  0.0000 ,
  0.0000 ,  0.0000 ,  0.0000 ,  0.0000 ,  0.0000 ,  0.0000 ,
  0.0000 ,  0.0000 ,  0.0000 ,  0.0000 ,  0.0000 ,  0.0000 ,
  0.0000 ,  0.0000 ,  0.0000 ,  0.0000 ,  0.0000 ,  0.0000 ,
  0.0000 ,  0.0000 ,  0.0000 ,  0.0000 ,  0.0000 ,  0.0000 ,
  0.0000 ,  0.0000 ,  0.0000 ,  0.0000 ,  0.0000 ,  0.0000 ,
  0.0000 ,  0.0000 ,  0.0000 ,  0.0000 ,  0.0000 ,  0.0000 ,
  0.0000 ,  0.0000 ,  0.0000 ,  0.0000 ,  0.0000 ,  0.0000 ,
  0.0000 ,  0.0000 ,  0.0000 ,  0.0000 ,  0.0000 ,  0.0000 ,
  0.0000 ,  0.0000 ,  0.0000 ,  0.0000 ,  0.0000 ,  0.0000 ,
  0.0000 ,  0.0000 ,  0.0000 ,  0.0000 ,  0.0000 ,  0.0000 ,
  0.0000 ,  0.0000 ,  0.0000 ,  0.0000 ,  0.0000 ,  0.0000 ,
  0.0000 ,  0.0000 ,  0.0000 ,  0.0000 ,  0.0000 ,  0.0000 ,
  0.0000 ,  0.0000 ,  0.0000 ,  0.0000 ,  0.0000 ,  0.0000 ,
  0.0000 ,  0.0000 ,  0.0000 ,  0.0000 ,  0.0000 ,  0.0000 ,
  0.0000 ,  0.0000 ,  0.0000 ,  0.0000 ,  0.0000 ,  0.0000 ,
  0.0000 ,  0.0000 ,  0.0000 ,  0.0000 ,  0.0000 ,  0.0000 ,
  0.0000 ,  0.0000 ,  0.0000 ,  0.0000 ,  0.0000 ,  0.0000 ,
  0.0000 ,  0.0000 ,  0.0000 ,  0.0000 ,  0.0000 ,  0.0000 ,
  0.0000 ,  0.0000 ,  0.0000 ,  0.0000 ,  0.0000 ,  0.0000 ,
  0.0000 ,  0.0000 ,  0.0000 ,  0.0000 ,  0.0000 ,  0.0000 ,
  0.0000 ,  0.0000 ,  0.0000 ,  0.0000 ,  0.0000 ,  0.0000 ,
  0.0000 ,  0.0000 ,  0.0000 ,  0.0000 ,  0.0000 ,  0.0000 ,
  0.0000 ,  0.0000 ,  0.0000 ,  0.0000 ,  0.0000 ,  0.0000 ,
  0.0000 ,  0.0000 ,  0.0000 ,  0.0000 ,  0.0000 ,  0.0000 ,
  0.0000 ,  0.0000 ,  0.0000 ,  0.0000 ,  0.0000 ,  0.0000 ,
  0.0000 ,  0.0000 ,  0.0000 ,  0.0000 ,  0.0000 ,  0.0000 ,
  0.0000 ,  0.0000 ,  0.0000 ,  0.0000 ,  0.0000 ,  0.0000 ,
  0.0000 ,  0.0000 ,  0.0000 ,  0.0000 ,  0.0000 ,  0.0000 ,
  0.0000 ,  0.0000 ,  0.0000 ,  0.0000 ,  0.0000 ,  0.0000 ,
  0.0000 ,  0.0000 ,  0.0000 ,  0.0000 ,  0.0000 ,  0.0000 ,
  0.0000 ,  0.0000 ,  0.0000 ,  0.0000 ,  0.0000 ,  0.0000 ,
  0.0000 ,  0.0000 ,  0.0000 ,  0.0000 ,  0.0000 ,  0.0000 ,
  0.0000 ,  0.0000 ,  0.0000 ,  0.0000 ,  0.0000 ,  0.0000 ,
  0.0000 ,  0.0000 ,  0.0000 ,  0.0000 ,  0.0000 ,  0.0000 ,
  0.0000 ,  0.0000 ,  0.0000 ,  0.0000 ,  0.0000 ,  0.0000 ,
  0.0000 ,  0.0000 ,  0.0000 ,  0.0000 ,  0.0000 ,  0.0000 ,
  0.0000 ,  0.0000 ,  0.0000 ,  0.0000 ,  0.0000 ,  0.0000 ,
  0.0000 ,  0.0000 ,  0.0000 ,  0.0000 ,  0.0000 ,  0.0000 ,
  0.0000 ,  0.0000 ,  0.0000 ,  0.0000 ,  0.0000 ,  0.0000 ,
  0.0000 ,  0.0000 ,  0.0000 ,  0.0000 ,  0.0000 ,  0.0000 ,
  0.0000 ,  0.0000 ,  0.0000 ,  0.0000 ,  0.0000 ,  0.0000 ,
  0.0000 ,  0.0000 ,  0.0000 ,  0.0000 ,  0.0000 ,  0.0000 ,
  0.0000 ,  0.0000 ,  0.0000 ,  0.0000 ,  0.0000 ,  0.0000 ,
  0.0000 ,  0.0000 ,  0.0000 ,  0.0000 ,  0.0000 ,  0.0000 ,
  0.0000 ,  0.0000 ,  0.0000 ,  0.0000 ,  0.0000 ,  0.0000 ,
  0.0000 ,  0.0000 ,  0.0000 ,  0.0000 ,  0.0000 ,  0.0000 ,
  0.0000 ,  0.0000 ,  0.0000 ,  0.0000 ,  0.0000 ,  0.0000 ,
  0.0000 ,  0.0000 ,  0.0000 ,  0.0000 ,  0.0000 ,  0.0000 ,
  0.0000 ,  0.0000 ,  0.0000 ,  0.0000 ,  0.0000 ,  0.0000 ,
  0.0000 ,  0.0000 ,  0.0000 ,  0.0000 ,  0.0000 ,  0.0000 ,
  0.0000 ,  0.0000 ,  0.0000 ,  0.0000 ,  0.0000 ,  0.0000 ,
  0.0000 ,  0.0000 ,  0.0000 ,  0.0000 ,  0.0000 ,  0.0000 ,
  0.0000 ,  0.0000 ,  0.0000 ,  0.0000 ,  0.0000 ,  0.0000 ,
  0.0000 ,  0.0000 ,  0.0000 ,  0.0000 ,  0.0000 ,  0.0000 ,
  0.0000 ,  0.0000 ,  0.0000 ,  0.0000 ,  0.0000 ,  0.0000 ,
  0.0000 ,  0.0000 ,  0.0000 ,  0.0000 ,  0.0000 ,  0.0000 ,
  0.0000 ,  0.0000 ,  0.0000 ,  0.0000 ,  0.0000 ,  0.0000 ,
  0.0000 ,  0.0000 ,  0.0000 ,  0.0000 ,  0.0000 ,  0.0000 ,
  0.0000 ,  0.0000 ,  0.0000 ,  0.0000 ,  0.0000 ,  0.0000 ,
  0.0000 ,  0.0000 ,  0.0000 ,  0.0000 ,  0.0000 ,  0.0000 ,
  0.0000 ,  0.0000 ,  0.0000 ,  0.0000 ,  0.0000 ,  0.0000 ,
  0.0000 ,  0.0000 ,  0.0000 ,  0.0000 ,  0.0000 ,  0.0000 ,
  0.0000 ,  0.0000 ,  0.0000 ,  0.0000 ,  0.0000 ,  0.0000 ,
  0.0000 ,  0.0000 ,  0.0000 ,  0.0000 ,  0.0000 ,  0.0000 ,
  0.0000 ,  0.0000 ,  0.0000 ,  0.0000 ,  0.0000 ,  0.0000 ,
  0.0000 ,  0.0000 ,  0.0000 ,  0.0000 ,  0.0000 ,  0.0000 ,
  0.0000 ,  0.0000 ,  0.0000 ,  0.0000 ,  0.0000 ,  0.0000 ,
  0.0000 ,  0.0000 ,  0.0000 ,  0.0000 ,  0.0000 ,  0.0000 ,
  0.0000 ,  0.0000 ,  0.0000 ,  0.0000 ,  0.0000 ,  0.0000 ,
  0.0000 ,  0.0000 ,  0.0000 ,  0.0000 ,  0.0000 ,  0.0000 ,
  0.0000 ,  0.0000 ,  0.0000 ,  0.0000 ,  0.0000 ,  0.0000 ,
  0.0000 ,  0.0000 ,  0.0000 ,  0.0000 ,  0.0000 ,  0.0000 ,
  0.0000 ,  0.0000 ,  0.0000 ,  0.0000 ,  0.0000 ,  0.0000 ,
  0.0000 ,  0.0000 ,  0.0000 ,  0.0000 ,  0.0000 ,  0.0000 ,
  0.0000 ,  0.0000 ,  0.0000 ,  0.0000 ,  0.0000 ,  0.0000 ,
  0.0000 ,  0.0000 ,  0.0000 ,  0.0000 ,  0.0000 ,  0.0000 ,
  0.0000 ,  0.0000 ,  0.0000 ,  0.0000 ,  0.0000 ,  0.0000 ,
  0.0000 ,  0.0000 ,  0.0000 ,  0.0000 ,  0.0000 ,  0.0000 ,
  0.0000 ,  0.0000 ,  0.0000 ,  0.0000 ,  0.0000 ,  0.0000 ,
  0.0000 ,  0.0000 ,  0.0000 ,  0.0000 ,  0.0000 ,  0.0000 ,
  0.0000 ,  0.0000 ,  0.0000 ,  0.0000 ,  0.0000 ,  0.0000 ,
  0.0000 ,  0.0000 ,  0.0000 ,  0.0000 ,  0.0000 ,  0.0000 ,
  0.0000 ,  0.0000 ,  0.0000 ,  0.0000 ,  0.0000 ,  0.0000 ,
  0.0000 ,  0.0000 ,  0.0000 ,  0.0000 ,  0.0000 ,  0.0000 ,
  0.0000 ,  0.0000 ,  0.0000 ,  0.0000 ,  0.0000 ,  0.0000 ,
  0.0000 ,  0.0000 ,  0.0000 ,  0.0000 ,  0.0000 ,  0.0000 ,
  0.0000 ,  0.0000 ,  0.0000 ,  0.0000 ,  0.0000 ,  0.0000 ,
  0.0000 ,  0.0000 ,  0.0000 ,  0.0000 ,  0.0000 ,  0.0000 ,
  0.0000 ,  0.0000 ,  0.0000 ,  0.0000 ,  0.0000 ,  0.0000 ,
  0.0000 ,  0.0000 ,  0.0000 ,  0.0000 ,  0.0000 ,  0.0000 ,
  0.0000 ,  0.0000 ,  0.0000 ,  0.0000 ,  0.0000 ,  0.0000 ,
  0.0000 ,  0.0000 ,  0.0000 ,  0.0000 ,  0.0000 ,  0.0000 ,
  0.0000 ,  0.0000 ,  0.0000 ,  0.0000 ,  0.0000 ,  0.0000 ,
  0.0000 ,  0.0000 ,  0.0000 ,  0.0000 ,  0.0000 ,  0.0000 ,
  0.0000 ,  0.0000 ,  0.0000 ,  0.0000 ,  0.0000 ,  0.0000 ,
  0.0000 ,  0.0000 ,  0.0000 ,  0.0000 ,  0.0000 ,  0.0000 ,
  0.0000 ,  0.0000 ,  0.0000 ,  0.0000 ,  0.0000 ,  0.0000 ,
  0.0000 ,  0.0000 ,  0.0000 ,  0.0000 ,  0.0000 ,  0.0000 ,
  0.0000 ,  0.0000 ,  0.0000 ,  0.0000 ,  0.0000 ,  0.0000 ,
  0.0000 ,  0.0000 ,  0.0000 ,  0.0000 ,  0.0000 ,  0.0000 ,
  0.0000 ,  0.0000 ,  0.0000 ,  0.0000 ,  0.0000 ,  0.0000 ,
  0.0000 ,  0.0000 ,  0.0000 ,  0.0000 ,  0.0000 ,  0.0000 ,
  0.0000 ,  0.0000 ,  0.0000 ,  0.0000 ,  0.0000 ,  0.0000 ,
  0.0000 ,  0.0000 ,  0.0000 ,  0.0000 ,  0.0000 ,  0.0000 ,
  0.0000 ,  0.0000 ,  0.0000 ,  0.0000 ,  0.0000 ,  0.0000 ,
  0.0000 ,  0.0000 ,  0.0000 ,  0.0000 ,  0.0000 ,  0.0000 ,
  0.0000 ,  0.0000 ,  0.0000 ,  0.0000 ,  0.0000 ,  0.0000 ,
  0.0000 ,  0.0000 ,  0.0000 ,  0.0000 ,  0.0000 ,  0.0000 ,
  0.0000 ,  0.0000 ,  0.0000 ,  0.0000 ,  0.0000 ,  0.0000 ,
  0.0000 ,  0.0000 ,  0.0000 ,  0.0000 ,  0.0000 ,  0.0000 ,
  0.0000 ,  0.0000 ,  0.0000 ,  0.0000 ,  0.0000 ,  0.0000 ,
  0.0000 ,  0.0000 ,  0.0000 ,  0.0000 ,  0.0000 ,  0.0000 ,
  0.0000 ,  0.0000 ,  0.0000 ,  0.0000 ,  0.0000 ,  0.0000 ,
  0.0000 ,  0.0000 ,  0.0000 ,  0.0000 ,  0.0000 ,  0.0000 ,
  0.0000 ,  0.0000 ,  0.0000 ,  0.0000 ,  0.0000 ,  0.0000 ,
  0.0000 ,  0.0000 ,  0.0000 ,  0.0000 ,  0.0000 ,  0.0000 ,
  0.0000 ,  0.0000 ,  0.0000 ,  0.0000 ,  0.0000 ,  0.0000 ,
  0.0000 ,  0.0000 ,  0.0000 ,  0.0000 ,  0.0000 ,  0.0000 ,
  0.0000 ,  0.0000 ,  0.0000 ,  0.0000 ,  0.0000 ,  0.0000 ,
  0.0000 ,  0.0000 ,  0.0000 ,  0.0000 ,  0.0000 ,  0.0000 ,
  0.0000 ,  0.0000 ,  0.0000 ,  0.0000 ,  0.0000 ,  0.0000 ,
  0.0000 ,  0.0000 ,  0.0000 ,  0.0000 ,  0.0000 ,  0.0000 ,
  0.0000 ,  0.0000 ,  0.0000 ,  0.0000 ,  0.0000 ,  0.0000 ,
  0.0000 ,  0.0000 ,  0.0000 ,  0.0000 ,  0.0000 ,  0.0000 ,
  0.0000 ,  0.0000 ,  0.0000 ,  0.0000 ,  0.0000 ,  0.0000 ,
  0.0000 ,  0.0000 ,  0.0000 ,  0.0000 ,  0.0000 ,  0.0000 ,
  0.0000 ,  0.0000 ,  0.0000 ,  0.0000 ,  0.0000 ,  0.0000 ,
  0.0000 ,  0.0000 ,  0.0000 ,  0.0000 ,  0.0000 ,  0.0000 ,
  0.0000 ,  0.0000 ,  0.0000 ,  0.0000 ,  0.0000 ,  0.0000 ,
  0.0000 ,  0.0000 ,  0.0000 ,  0.0000 ,  0.0000 ,  0.0000 ,
  0.0000 ,  0.0000 ,  0.0000 ,  0.0000 ,  0.0000 ,  0.0000 ,
  0.0000 ,  0.0000 ,  0.0000 ,  0.0000 ,  0.0000 ,  0.0000 ,
  0.0000 ,  0.0000 ,  0.0000 ,  0.0000 ,  0.0000 ,  0.0000 ,
  0.0000 ,  0.0000 ,  0.0000 ,  0.0000 ,  0.0000 ,  0.0000 ,
  0.0000 ,  0.0000 ,  0.0000 ,  0.0000 ,  0.0000 ,  0.0000 ,
  0.0000 ,  0.0000 ,  0.0000 ,  0.0000 ,  0.0000 ,  0.0000 ,
  0.0000 ,  0.0000 ,  0.0000 ,  0.0000 ,  0.0000 ,  0.0000 ,
  0.0000 ,  0.0000 ,  0.0000 ,  0.0000 ,  0.0000 ,  0.0000 ,
  0.0000 ,  0.0000 ,  0.0000 ,  0.0000 ,  0.0000 ,  0.0000 ,
  0.0000 ,  0.0000 ,  0.0000 ,  0.0000 ,  0.0000 ,  0.0000 ,
  0.0000 ,  0.0000 ,  0.0000 ,  0.0000 ,  0.0000 ,  0.0000 ,
  0.0000 ,  0.0000 ,  0.0000 ,  0.0000 ,  0.0000 ,  0.0000 ,
  0.0000 ,  0.0000 ,  0.0000 ,  0.0000 ,  0.0000 ,  0.0000 ,
  0.0000 ,  0.0000 ,  0.0000 ,  0.0000 ,  0.0000 ,  0.0000 ,
  0.0000 ,  0.0000 ,  0.0000 ,  0.0000 ,  0.0000 ,  0.0000 ,
  0.0000 ,  0.0000 ,  0.0000 ,  0.0000 ,  0.0000 ,  0.0000 ,
  0.0000 ,  0.0000 ,  0.0000 ,  0.0000 ,  0.0000 ,  0.0000 ,
  0.0000 ,  0.0000 ,  0.0000 ,  0.0000 ,  0.0000 ,  0.0000 ,
  0.0000 ,  0.0000 ,  0.0000 ,  0.0000 ,  0.0000 ,  0.0000 ,
  0.0000 ,  0.0000 ,  0.0000 ,  0.0000 ,  0.0000 ,  0.0000 ,
  0.0000 ,  0.0000 ,  0.0000 ,  0.0000 ,  0.0000 ,  0.0000 ,
  0.0000 ,  0.0000 ,  0.0000 ,  0.0000 ,  0.0000 ,  0.0000 ,
  0.0000 ,  0.0000 ,  0.0000 ,  0.0000 ,  0.0000 ,  0.0000 ,
  0.0000 ,  0.0000 ,  0.0000 ,  0.0000 ,  0.0000 ,  0.0000 ,
  0.0000 ,  0.0000 ,  0.0000 ,  0.0000 ,  0.0000 ,  0.0000 ,
  0.0000 ,  0.0000 ,  0.0000 ,  0.0000 ,  0.0000 ,  0.0000 ,
  0.0000 ,  0.0000 ,  0.0000 ,  0.0000 ,  0.0000 ,  0.0000 ,
  0.0000 ,  0.0000 ,  0.0000 ,  0.0000 ,  0.0000 ,  0.0000 ,
  0.0000 ,  0.0000 ,  0.0000 ,  0.0000 ,  0.0000 ,  0.0000 ,
  0.0000 ,  0.0000 ,  0.0000 ,  0.0000 ,  0.0000 ,  0.0000 ,
  0.0000 ,  0.0000 ,  0.0000 ,  0.0000 ,  0.0000 ,  0.0000 ,
  0.0000 ,  0.0000 ,  0.0000 ,  0.0000 ,  0.0000 ,  0.0000 ,
  0.0000 ,  0.0000 ,  0.0000 ,  0.0000 ,  0.0000 ,  0.0000 ,
  0.0000 ,  0.0000 ,  0.0000 ,  0.0000 ,  0.0000 ,  0.0000 ,
  0.0000 ,  0.0000 ,  0.0000 ,  0.0000 ,  0.0000 ,  0.0000 ,
  0.0000 ,  0.0000 ,  0.0000 ,  0.0000 ,  0.0000 ,  0.0000 ,
  0.0000 ,  0.0000 ,  0.0000 ,  0.0000 ,  0.0000 ,  0.0000 ,
  0.0000 ,  0.0000 ,  0.0000 ,  0.0000 ,  0.0000 ,  0.0000 ,
  0.0000 ,  0.0000 ,  0.0000 ,  0.0000 ,  0.0000 ,  0.0000 ,
  0.0000 ,  0.0000 ,  0.0000 ,  0.0000 ,  0.0000 ,  0.0000 ,
  0.0000 ,  0.0000 ,  0.0000 ,  0.0000 ,  0.0000 ,  0.0000 ,
  0.0000 ,  0.0000 ,  0.0000 ,  0.0000 ,  0.0000 ,  0.0000 ,
  0.0000 ,  0.0000 ,  0.0000 ,  0.0000 ,  0.0000 ,  0.0000 ,
  0.0000 ,  0.0000 ,  0.0000 ,  0.0000 ,  0.0000 ,  0.0000 ,
  0.0000 ,  0.0000 ,  0.0000 ,  0.0000 ,  0.0000 ,  0.0000 ,
  0.0000 ,  0.0000 ,  0.0000 ,  0.0000 ,  0.0000 ,  0.0000 ,
  0.0000 ,  0.0000 ,  0.0000 ,  0.0000 ,  0.0000 ,  0.0000 ,
  0.0000 ,  0.0000 ,  0.0000 ,  0.0000 ,  0.0000 ,  0.0000 ,
  0.0000 ,  0.0000 ,  0.0000 ,  0.0000 ,  0.0000 ,  0.0000 ,
  0.0000 ,  0.0000 ,  0.0000 ,  0.0000 ,  0.0000 ,  0.0000 ,
  0.0000 ,  0.0000 ,  0.0000 ,  0.0000 ,  0.0000 ,  0.0000 ,
  0.0000 ,  0.0000 ,  0.0000 ,  0.0000 ,  0.0000 ,  0.0000 ,
  0.0000 ,  0.0000 ,  0.0000 ,  0.0000 ,  0.0000 ,  0.0000 ,
  0.0000 ,  0.0000 ,  0.0000 ,  0.0000 ,  0.0000 ,  0.0000 ,
  0.0000 ,  0.0000 ,  0.0000 ,  0.0000 ,  0.0000 ,  0.0000 ,
  0.0000 ,  0.0000 ,  0.0000 ,  0.0000 ,  0.0000 ,  0.0000 ,
  0.0000 ,  0.0000 ,  0.0000 ,  0.0000 ,  0.0000 ,  0.0000 ,
  0.0000 ,  0.0000 ,  0.0000 ,  0.0000 ,  0.0000 ,  0.0000 ,
  0.0000 ,  0.0000 ,  0.0000 ,  0.0000 ,  0.0000 ,  0.0000 ,
  0.0000 ,  0.0000 ,  0.0000 ,  0.0000 ,  0.0000 ,  0.0000 ,
  0.0000 ,  0.0000 ,  0.0000 ,  0.0000 ,  0.0000 ,  0.0000 ,
  0.0000 ,  0.0000 ,  0.0000 ,  0.0000 ,  0.0000 ,  0.0000 ,
  0.0000 ,  0.0000 ,  0.0000 ,  0.0000 ,  0.0000 ,  0.0000 ,
  0.0000 ,  0.0000 ,  0.0000 ,  0.0000 ,  0.0000 ,  0.0000 ,
  0.0000 ,  0.0000 ,  0.0000 ,  0.0000 ,  0.0000 ,  0.0000 ,
  0.0000 ,  0.0000 ,  0.0000 ,  0.0000 ,  0.0000 ,  0.0000 ,
  0.0000 ,  0.0000 ,  0.0000 ,  0.0000 ,  0.0000 ,  0.0000 ,
  0.0000 ,  0.0000 ,  0.0000 ,  0.0000 ,  0.0000 ,  0.0000 ,
  0.0000 ,  0.0000 ,  0.0000 ,  0.0000 ,  0.0000 ,  0.0000 ,
  0.0000 ,  0.0000 ,  0.0000 ,  0.0000 ,  0.0000 ,  0.0000 ,
  0.0000 ,  0.0000 ,  0.0000 ,  0.0000 ,  0.0000 ,  0.0000 ,
  0.0000 ,  0.0000 ,  0.0000 ,  0.0000 ,  0.0000 ,  0.0000 ,
  0.0000 ,  0.0000 ,  0.0000 ,  0.0000 ,  0.0000 ,  0.0000 ,
  0.0000 ,  0.0000 ,  0.0000 ,  0.0000 ,  0.0000 ,  0.0000 ,
  0.0000 ,  0.0000 ,  0.0000 ,  0.0000 ,  0.0000 ,  0.0000 ,
  0.0000 ,  0.0000 ,  0.0000 ,  0.0000 ,  0.0000 ,  0.0000 ,
  0.0000 ,  0.0000 ,  0.0000 ,  0.0000 ,  0.0000 ,  0.0000 ,
  0.0000 ,  0.0000 ,  0.0000 ,  0.0000 ,  0.0000 ,  0.0000 ,
  0.0000 ,  0.0000 ,  0.0000 ,  0.0000 ,  0.0000 ,  0.0000 ,
  0.0000 ,  0.0000 ,  0.0000 ,  0.0000 ,  0.0000 ,  0.0000 ,
  0.0000 ,  0.0000 ,  0.0000 ,  0.0000 ,  0.0000 ,  0.0000 ,
  0.0000 ,  0.0000 ,  0.0000 ,  0.0000 ,  0.0000 ,  0.0000 ,
  0.0000 ,  0.0000 ,  0.0000 ,  0.0000 ,  0.0000 ,  0.0000 ,
  0.0000 ,  0.0000 ,  0.0000 ,  0.0000 ,  0.0000 ,  0.0000 ,
  0.0000 ,  0.0000 ,  0.0000 ,  0.0000 ,  0.0000 ,  0.0000 ,
  0.0000 ,  0.0000 ,  0.0000 ,  0.0000 ,  0.0000 ,  0.0000 ,
  0.0000 ,  0.0000 ,  0.0000 ,  0.0000 ,  0.0000 ,  0.0000 ,
  0.0000 ,  0.0000 ,  0.0000 ,  0.0000 ,  0.0000 ,  0.0000 ,
  0.0000 ,  0.0000 ,  0.0000 ,  0.0000 ,  0.0000 ,  0.0000 ,
  0.0000 ,  0.0000 ,  0.0000 ,  0.0000 ,  0.0000 ,  0.0000 ,
  0.0000 ,  0.0000 ,  0.0000 ,  0.0000 ,  0.0000 ,  0.0000 ,
  0.0000 ,  0.0000 ,  0.0000 ,  0.0000 ,  0.0000 ,  0.0000 ,
  0.0000 ,  0.0000 ,  0.0000 ,  0.0000 ,  0.0000 ,  0.0000 ,
  0.0000 ,  0.0000 ,  0.0000 ,  0.0000 ,  0.0000 ,  0.0000 ,
  0.0000 ,  0.0000 ,  0.0000 ,  0.0000 ,  0.0000 ,  0.0000 ,
  0.0000 ,  0.0000 ,  0.0000 ,  0.0000 ,  0.0000 ,  0.0000 ,
  0.0000 ,  0.0000 ,  0.0000 ,  0.0000 ,  0.0000 ,  0.0000 ,
  0.0000 ,  0.0000 ,  0.0000 ,  0.0000 ,  0.0000 ,  0.0000 ,
  0.0000 ,  0.0000 ,  0.0000 ,  0.0000 ,  0.0000 ,  0.0000 ,
  0.0000 ,  0.0000 ,  0.0000 ,  0.0000 ,  0.0000 ,  0.0000 ,
  0.0000 ,  0.0000 ,  0.0000 ,  0.0000 ,  0.0000 ,  0.0000 ,
  0.0000 ,  0.0000 ,  0.0000 ,  0.0000 ,  0.0000 ,  0.0000 ,
  0.0000 ,  0.0000 ,  0.0000 ,  0.0000 ,  0.0000 ,  0.0000 ,
  0.0000 ,  0.0000 ,  0.0000 ,  0.0000 ,  0.0000 ,  0.0000 ,
  0.0000 ,  0.0000 ,  0.0000 ,  0.0000 ,  0.0000 ,  0.0000 ,
  0.0000 ,  0.0000 ,  0.0000 ,  0.0000 ,  0.0000 ,  0.0000 ,
  0.0000 ,  0.0000 ,  0.0000 ,  0.0000 ,  0.0000 ,  0.0000 ,
  0.0000 ,  0.0000 ,  0.0000 ,  0.0000 ,  0.0000 ,  0.0000 ,
  0.0000 ,  0.0000 ,  0.0000 ,  0.0000 ,  0.0000 ,  0.0000 ,
  0.0000 ,  0.0000 ,  0.0000 ,  0.0000 ,  0.0000 ,  0.0000 ,
  0.0000 ,  0.0000 ,  0.0000 ,  0.0000 ,  0.0000 ,  0.0000 ,
  0.0000 ,  0.0000 ,  0.0000 ,  0.0000 ,  0.0000 ,  0.0000 ,
  0.0000 ,  0.0000 ,  0.0000 ,  0.0000 ,  0.0000 ,  0.0000 ,
  0.0000 ,  0.0000 ,  0.0000 ,  0.0000 ,  0.0000 ,  0.0000 ,
  0.0000 ,  0.0000 ,  0.0000 ,  0.0000 ,  0.0000 ,  0.0000 ,
  0.0000 ,  0.0000 ,  0.0000 ,  0.0000 ,  0.0000 ,  0.0000 ,
  0.0000 ,  0.0000 ,  0.0000 ,  0.0000 ,  0.0000 ,  0.0000 ,
  0.0000 ,  0.0000 ,  0.0000 ,  0.0000 ,  0.0000 ,  0.0000 ,
  0.0000 ,  0.0000 ,  0.0000 ,  0.0000 ,  0.0000 ,  0.0000 ,
  0.0000 ,  0.0000 ,  0.0000 ,  0.0000 ,  0.0000 ,  0.0000 ,
  0.0000 ,  0.0000 ,  0.0000 ,  0.0000 ,  0.0000 ,  0.0000 ,
  0.0000 ,  0.0000 ,  0.0000 ,  0.0000 ,  0.0000 ,  0.0000 ,
  0.0000 ,  0.0000 ,  0.0000 ,  0.0000 ,  0.0000 ,  0.0000 ,
  0.0000 ,  0.0000 ,  0.0000 ,  0.0000 ,  0.0000 ,  0.0000 ,
  0.0000 ,  0.0000 ,  0.0000 ,  0.0000 ,  0.0000 ,  0.0000 ,
  0.0000 ,  0.0000 ,  0.0000 ,  0.0000 ,  0.0000 ,  0.0000 ,
  0.0000 ,  0.0000 ,  0.0000 ,  0.0000 ,  0.0000 ,  0.0000 ,
  0.0000 ,  0.0000 ,  0.0000 ,  0.0000 ,  0.0000 ,  0.0000 ,
  0.0000 ,  0.0000 ,  0.0000 ,  0.0000 ,  0.0000 ,  0.0000 ,
  0.0000 ,  0.0000 ,  0.0000 ,  0.0000 ,  0.0000 ,  0.0000 ,
  0.0000 ,  0.0000 ,  0.0000 ,  0.0000 ,  0.0000 ,  0.0000 ,
  0.0000 ,  0.0000 ,  0.0000 ,  0.0000 ,  0.0000 ,  0.0000 ,
  0.0000 ,  0.0000 ,  0.0000 ,  0.0000 ,  0.0000 ,  0.0000 ,
  0.0000 ,  0.0000 ,  0.0000 ,  0.0000 ,  0.0000 ,  0.0000 ,
  0.0000 ,  0.0000 ,  0.0000 ,  0.0000 ,  0.0000 ,  0.0000 ,
  0.0000 ,  0.0000 ,  0.0000 ,  0.0000 ,  0.0000 ,  0.0000 ,
  0.0000 ,  0.0000 ,  0.0000 ,  0.0000 ,  0.0000 ,  0.0000 ,
  0.0000 ,  0.0000 ,  0.0000 ,  0.0000 ,  0.0000 ,  0.0000 ,
  0.0000 ,  0.0000 ,  0.0000 ,  0.0000 ,  0.0000 ,  0.0000 ,
  0.0000 ,  0.0000 ,  0.0000 ,  0.0000 ,  0.0000 ,  0.0000 ,
  0.0000 ,  0.0000 ,  0.0000 ,  0.0000 ,  0.0000 ,  0.0000 ,
  0.0000 ,  0.0000 ,  0.0000 ,  0.0000 ,  0.0000 ,  0.0000 ,
  0.0000 ,  0.0000 ,  0.0000 ,  0.0000 ,  0.0000 ,  0.0000 ,
  0.0000 ,  0.0000 ,  0.0000 ,  0.0000 ,  0.0000 ,  0.0000 ,
  0.0000 ,  0.0000 ,  0.0000 ,  0.0000 ,  0.0000 ,  0.0000 ,
  0.0000 ,  0.0000 ,  0.0000 ,  0.0000 ,  0.0000 ,  0.0000 ,
  0.0000 ,  0.0000 ,  0.0000 ,  0.0000 ,  0.0000 ,  0.0000 ,
  0.0000 ,  0.0000 ,  0.0000 ,  0.0000 ,  0.0000 ,  0.0000 ,
  0.0000 ,  0.0000 ,  0.0000 ,  0.0000 ,  0.0000 ,  0.0000 ,
  0.0000 ,  0.0000 ,  0.0000 ,  0.0000 ,  0.0000 ,  0.0000 ,
  0.0000 ,  0.0000 ,  0.0000 ,  0.0000 ,  0.0000 ,  0.0000 ,
  0.0000 ,  0.0000 ,  0.0000 ,  0.0000 ,  0.0000 ,  0.0000 ,
  0.0000 ,  0.0000 ,  0.0000 ,  0.0000 ,  0.0000 ,  0.0000 ,
  0.0000 ,  0.0000 ,  0.0000 ,  0.0000 ,  0.0000 ,  0.0000 ,
  0.0000 ,  0.0000 ,  0.0000 ,  0.0000 ,  0.0000 ,  0.0000 ,
  0.0000 ,  0.0000 ,  0.0000 ,  0.0000 ,  0.0000 ,  0.0000 ,
  0.0000 ,  0.0000 ,  0.0000 ,  0.0000 ,  0.0000 ,  0.0000 ,
  0.0000 ,  0.0000 ,  0.0000 ,  0.0000 ,  0.0000 ,  0.0000 ,
  0.0000 ,  0.0000 ,  0.0000 ,  0.0000 ,  0.0000 ,  0.0000 ,
  0.0000 ,  0.0000 ,  0.0000 ,  0.0000 ,  0.0000 ,  0.0000 ,
  0.0000 ,  0.0000 ,  0.0000 ,  0.0000 ,  0.0000 ,  0.0000 ,
  0.0000 ,  0.0000 ,  0.0000 ,  0.0000 ,  0.0000 ,  0.0000 ,
  0.0000 ,  0.0000 ,  0.0000 ,  0.0000 ,  0.0000 ,  0.0000 ,
  0.0000 ,  0.0000 ,  0.0000 ,  0.0000 ,  0.0000 ,  0.0000 ,
  0.0000 ,  0.0000 ,  0.0000 ,  0.0000 ,  0.0000 ,  0.0000 ,
  0.0000 ,  0.0000 ,  0.0000 ,  0.0000 ,  0.0000 ,  0.0000 ,
  0.0000 ,  0.0000 ,  0.0000 ,  0.0000 ,  0.0000 ,  0.0000 ,
  0.0000 ,  0.0000 ,  0.0000 ,  0.0000 ,  0.0000 ,  0.0000 ,
  0.0000 ,  0.0000 ,  0.0000 ,  0.0000 ,  0.0000 ,  0.0000 ,
  0.0000 ,  0.0000 ,  0.0000 ,  0.0000 ,  0.0000 ,  0.0000 ,
  0.0000 ,  0.0000 ,  0.0000 ,  0.0000 ,  0.0000 ,  0.0000 ,
  0.0000 ,  0.0000 ,  0.0000 ,  0.0000 ,  0.0000 ,  0.0000 ,
  0.0000 ,  0.0000 ,  0.0000 ,  0.0000 ,  0.0000 ,  0.0000 ,
  0.0000 ,  0.0000 ,  0.0000 ,  0.0000 ,  0.0000 ,  0.0000 ,
  0.0000 ,  0.0000 ,  0.0000 ,  0.0000 ,  0.0000 ,  0.0000 ,
  0.0000 ,  0.0000 ,  0.0000 ,  0.0000 ,  0.0000 ,  0.0000 ,
  0.0000 ,  0.0000 ,  0.0000 ,  0.0000 ,  0.0000 ,  0.0000 ,
  0.0000 ,  0.0000 ,  0.0000 ,  0.0000 ,  0.0000 ,  0.0000 ,
  0.0000 ,  0.0000 ,  0.0000 ,  0.0000 ,  0.0000 ,  0.0000 ,
  0.0000 ,  0.0000 ,  0.0000 ,  0.0000 ,  0.0000 ,  0.0000 ,
  0.0000 ,  0.0000 ,  0.0000 ,  0.0000 ,  0.0000 ,  0.0000 ,
  0.0000 ,  0.0000 ,  0.0000 ,  0.0000 ,  0.0000 ,  0.0000 ,
  0.0000 ,  0.0000 ,  0.0000 ,  0.0000 ,  0.0000 ,  0.0000 ,
  0.0000 ,  0.0000 ,  0.0000 ,  0.0000 ,  0.0000 ,  0.0000 ,
  0.0000 ,  0.0000 ,  0.0000 ,  0.0000 ,  0.0000 ,  0.0000 ,
  0.0000 ,  0.0000 ,  0.0000 ,  0.0000 ,  0.0000 ,  0.0000 ,
  0.0000 ,  0.0000 ,  0.0000 ,  0.0000 ,  0.0000 ,  0.0000 ,
  0.0000 ,  0.0000 ,  0.0000 ,  0.0000 ,  0.0000 ,  0.0000 ,
  0.0000 ,  0.0000 ,  0.0000 ,  0.0000 ,  0.0000 ,  0.0000 ,
  0.0000 ,  0.0000 ,  0.0000 ,  0.0000 ,  0.0000 ,  0.0000 ,
  0.0000 ,  0.0000 ,  0.0000 ,  0.0000 ,  0.0000 ,  0.0000 ,
  0.0000 ,  0.0000 ,  0.0000 ,  0.0000 ,  0.0000 ,  0.0000 ,
  0.0000 ,  0.0000 ,  0.0000 ,  0.0000 ,  0.0000 ,  0.0000 ,
  0.0000 ,  0.0000 ,  0.0000 ,  0.0000 ,  0.0000 ,  0.0000 ,
  0.0000 ,  0.0000 ,  0.0000 ,  0.0000 ,  0.0000 ,  0.0000 ,
  0.0000 ,  0.0000 ,  0.0000 ,  0.0000 ,  0.0000 ,  0.0000 ,
  0.0000 ,  0.0000 ,  0.0000 ,  0.0000 ,  0.0000 ,  0.0000 ,
  0.0000 ,  0.0000 ,  0.0000 ,  0.0000 ,  0.0000 ,  0.0000 ,
  0.0000 ,  0.0000 ,  0.0000 ,  0.0000 ,  0.0000 ,  0.0000 ,
  0.0000 ,  0.0000 ,  0.0000 ,  0.0000 ,  0.0000 ,  0.0000 ,
  0.0000 ,  0.0000 ,  0.0000 ,  0.0000 ,  0.0000 ,  0.0000 ,
  0.0000 ,  0.0000 ,  0.0000 ,  0.0000 ,  0.0000 ,  0.0000 ,
  0.0000 ,  0.0000 ,  0.0000 ,  0.0000 ,  0.0000 ,  0.0000 ,
  0.0000 ,  0.0000 ,  0.0000 ,  0.0000 ,  0.0000 ,  0.0000 ,
  0.0000 ,  0.0000 ,  0.0000 ,  0.0000 ,  0.0000 ,  0.0000 ,
  0.0000 ,  0.0000 ,  0.0000 ,  0.0000 ,  0.0000 ,  0.0000 ,
  0.0000 ,  0.0000 ,  0.0000 ,  0.0000 ,  0.0000 ,  0.0000 ,
  0.0000 ,  0.0000 ,  0.0000 ,  0.0000 ,  0.0000 ,  0.0000 ,
  0.0000 ,  0.0000 ,  0.0000 ,  0.0000 ,  0.0000 ,  0.0000 ,
  0.0000 ,  0.0000 ,  0.0000 ,  0.0000 ,  0.0000 ,  0.0000 ,
  0.0000 ,  0.0000 ,  0.0000 ,  0.0000 ,  0.0000 ,  0.0000 ,
  0.0000 ,  0.0000 ,  0.0000 ,  0.0000 ,  0.0000 ,  0.0000 ,
  0.0000 ,  0.0000 ,  0.0000 ,  0.0000 ,  0.0000 ,  0.0000 ,
  0.0000 ,  0.0000 ,  0.0000 ,  0.0000 ,  0.0000 ,  0.0000 ,
  0.0000 ,  0.0000 ,  0.0000 ,  0.0000 ,  0.0000 ,  0.0000 ,
  0.0000 ,  0.0000 ,  0.0000 ,  0.0000 ,  0.0000 ,  0.0000 ,
  0.0000 ,  0.0000 ,  0.0000 ,  0.0000 ,  0.0000 ,  0.0000 ,
  0.0000 ,  0.0000 ,  0.0000 ,  0.0000 ,  0.0000 ,  0.0000 ,
  0.0000 ,  0.0000 ,  0.0000 ,  0.0000 ,  0.0000 ,  0.0000 ,
  0.0000 ,  0.0000 ,  0.0000 ,  0.0000 ,  0.0000 ,  0.0000 ,
  0.0000 ,  0.0000 ,  0.0000 ,  0.0000 ,  0.0000 ,  0.0000 ,
  0.0000 ,  0.0000 ,  0.0000 ,  0.0000 ,  0.0000 ,  0.0000 ,
  0.0000 ,  0.0000 ,  0.0000 ,  0.0000 ,  0.0000 ,  0.0000 ,
  0.0000 ,  0.0000 ,  0.0000 ,  0.0000 ,  0.0000 ,  0.0000 ,
  0.0000 ,  0.0000 ,  0.0000 ,  0.0000 ,  0.0000 ,  0.0000 ,
  0.0000 ,  0.0000 ,  0.0000 ,  0.0000 ,  0.0000 ,  0.0000 ,
  0.0000 ,  0.0000 ,  0.0000 ,  0.0000 ,  0.0000 ,  0.0000 ,
  0.0000 ,  0.0000 ,  0.0000 ,  0.0000 ,  0.0000 ,  0.0000 ,
  0.0000 ,  0.0000 ,  0.0000 ,  0.0000 ,  0.0000 ,  0.0000 ,
  0.0000 ,  0.0000 ,  0.0000 ,  0.0000 ,  0.0000 ,  0.0000 ,
  0.0000 ,  0.0000 ,  0.0000 ,  0.0000 ,  0.0000 ,  0.0000 ,
  0.0000 ,  0.0000 ,  0.0000 ,  0.0000 ,  0.0000 ,  0.0000 ,
  0.0000 ,  0.0000 ,  0.0000 ,  0.0000 ,  0.0000 ,  0.0000 ,
  0.0000 ,  0.0000 ,  0.0000 ,  0.0000 ,  0.0000 ,  0.0000 ,
  0.0000 ,  0.0000 ,  0.0000 ,  0.0000 ,  0.0000 ,  0.0000 ,
  0.0000 ,  0.0000 ,  0.0000 ,  0.0000 ,  0.0000 ,  0.0000 ,
  0.0000 ,  0.0000 ,  0.0000 ,  0.0000 ,  0.0000 ,  0.0000 ,
  0.0000 ,  0.0000 ,  0.0000 ,  0.0000 ,  0.0000 ,  0.0000 ,
  0.0000 ,  0.0000 ,  0.0000 ,  0.0000 ,  0.0000 ,  0.0000 ,
  0.0000 ,  0.0000 ,  0.0000 ,  0.0000 ,  0.0000 ,  0.0000 ,
  0.0000 ,  0.0000 ,  0.0000 ,  0.0000 ,  0.0000 ,  0.0000 ,
  0.0000 ,  0.0000 ,  0.0000 ,  0.0000 ,  0.0000 ,  0.0000 ,
  0.0000 ,  0.0000 ,  0.0000 ,  0.0000 ,  0.0000 ,  0.0000 ,
  0.0000 ,  0.0000 ,  0.0000 ,  0.0000 ,  0.0000 ,  0.0000 ,
  0.0000 ,  0.0000 ,  0.0000 ,  0.0000 ,  0.0000 ,  0.0000 ,
  0.0000 ,  0.0000 ,  0.0000 ,  0.0000 ,  0.0000 ,  0.0000 ,
  0.0000 ,  0.0000 ,  0.0000 ,  0.0000 ,  0.0000 ,  0.0000 ,
  0.0000 ,  0.0000 ,  0.0000 ,  0.0000 ,  0.0000 ,  0.0000 ,
  0.0000 ,  0.0000 ,  0.0000 ,  0.0000 ,  0.0000 ,  0.0000 ,
  0.0000 ,  0.0000 ,  0.0000 ,  0.0000 ,  0.0000 ,  0.0000 ,
  0.0000 ,  0.0000 ,  0.0000 ,  0.0000 ,  0.0000 ,  0.0000 ,
  0.0000 ,  0.0000 ,  0.0000 ,  0.0000 ,  0.0000 ,  0.0000 ,
  0.0000 ,  0.0000 ,  0.0000 ,  0.0000 ,  0.0000 ,  0.0000 ,
  0.0000 ,  0.0000 ,  0.0000 ,  0.0000 ,  0.0000 ,  0.0000 ,
  0.0000 ,  0.0000 ,  0.0000 ,  0.0000 ,  0.0000 ,  0.0000 ,
  0.0000 ,  0.0000 ,  0.0000 ,  0.0000 ,  0.0000 ,  0.0000 ,
  0.0000 ,  0.0000 ,  0.0000 ,  0.0000 ,  0.0000 ,  0.0000 ,
  0.0000 ,  0.0000 ,  0.0000 ,  0.0000 ,  0.0000 ,  0.0000 ,
  0.0000 ,  0.0000 ,  0.0000 ,  0.0000 ,  0.0000 ,  0.0000 ,
  0.0000 ,  0.0000 ,  0.0000 ,  0.0000 ,  0.0000 ,  0.0000 ,
  0.0000 ,  0.0000 ,  0.0000 ,  0.0000 ,  0.0000 ,  0.0000 ,
  0.0000 ,  0.0000 ,  0.0000 ,  0.0000 ,  0.0000 ,  0.0000 ,
  0.0000 ,  0.0000 ,  0.0000 ,  0.0000 ,  0.0000 ,  0.0000 ,
  0.0000 ,  0.0000 ,  0.0000 ,  0.0000 ,  0.0000 ,  0.0000 ,
  0.0000 ,  0.0000 ,  0.0000 ,  0.0000 ,  0.0000 ,  0.0000 ,
  0.0000 ,  0.0000 ,  0.0000 ,  0.0000 ,  0.0000 ,  0.0000 ,
  0.0000 ,  0.0000 ,  0.0000 ,  0.0000 ,  0.0000 ,  0.0000 ,
  0.0000 ,  0.0000 ,  0.0000 ,  0.0000 ,  0.0000 ,  0.0000 ,
  0.0000 ,  0.0000 ,  0.0000 ,  0.0000 ,  0.0000 ,  0.0000 ,
  0.0000 ,  0.0000 ,  0.0000 ,  0.0000 ,  0.0000 ,  0.0000 ,
  0.0000 ,  0.0000 ,  0.0000 ,  0.0000 ,  0.0000 ,  0.0000 ,
  0.0000 ,  0.0000 ,  0.0000 ,  0.0000 ,  0.0000 ,  0.0000 ,
  0.0000 ,  0.0000 ,  0.0000 ,  0.0000 ,  0.0000 ,  0.0000 ,
  0.0000 ,  0.0000 ,  0.0000 ,  0.0000 ,  0.0000 ,  0.0000 ,
  0.0000 ,  0.0000 ,  0.0000 ,  0.0000 ,  0.0000 ,  0.0000 ,
  0.0000 ,  0.0000 ,  0.0000 ,  0.0000 ,  0.0000 ,  0.0000 ,
  0.0000 ,  0.0000 ,  0.0000 ,  0.0000 ,  0.0000 ,  0.0000 ,
  0.0000 ,  0.0000 ,  0.0000 ,  0.0000 ,  0.0000 ,  0.0000 ,
  0.0000 ,  0.0000 ,  0.0000 ,  0.0000 ,  0.0000 ,  0.0000 ,
  0.0000 ,  0.0000 ,  0.0000 ,  0.0000 ,  0.0000 ,  0.0000 ,
  0.0000 ,  0.0000 ,  0.0000 ,  0.0000 ,  0.0000 ,  0.0000 ,
  0.0000 ,  0.0000 ,  0.0000 ,  0.0000 ,  0.0000 ,  0.0000 ,
  0.0000 ,  0.0000 ,  0.0000 ,  0.0000 ,  0.0000 ,  0.0000 ,
  0.0000 ,  0.0000 ,  0.0000 ,  0.0000 ,  0.0000 ,  0.0000 ,
  0.0000 ,  0.0000 ,  0.0000 ,  0.0000 ,  0.0000 ,  0.0000 ,
  0.0000 ,  0.0000 ,  0.0000 ,  0.0000 ,  0.0000 ,  0.0000 ,
  0.0000 ,  0.0000 ,  0.0000 ,  0.0000 ,  0.0000 ,  0.0000 ,
  0.0000 ,  0.0000 ,  0.0000 ,  0.0000 ,  0.0000 ,  0.0000 ,
  0.0000 ,  0.0000 ,  0.0000 ,  0.0000 ,  0.0000 ,  0.0000 ,
  0.0000 ,  0.0000 ,  0.0000 ,  0.0000 ,  0.0000 ,  0.0000 ,
  0.0000 ,  0.0000 ,  0.0000 ,  0.0000 ,  0.0000 ,  0.0000 ,
  0.0000 ,  0.0000 ,  0.0000 ,  0.0000 ,  0.0000 ,  0.0000 ,
  0.0000 ,  0.0000 ,  0.0000 ,  0.0000 ,  0.0000 ,  0.0000 ,
  0.0000 ,  0.0000 ,  0.0000 ,  0.0000 ,  0.0000 ,  0.0000 ,
  0.0000 ,  0.0000 ,  0.0000 ,  0.0000 ,  0.0000 ,  0.0000 ,
  0.0000 ,  0.0000 ,  0.0000 ,  0.0000 ,  0.0000 ,  0.0000 ,
  0.0000 ,  0.0000 ,  0.0000 ,  0.0000 ,  0.0000 ,  0.0000 ,
  0.0000 ,  0.0000 ,  0.0000 ,  0.0000 ,  0.0000 ,  0.0000 ,
  0.0000 ,  0.0000 ,  0.0000 ,  0.0000 ,  0.0000 ,  0.0000 ,
  0.0000 ,  0.0000 ,  0.0000 ,  0.0000 ,  0.0000 ,  0.0000 ,
  0.0000 ,  0.0000 ,  0.0000 ,  0.0000 ,  0.0000 ,  0.0000 ,
  0.0000 ,  0.0000 ,  0.0000 ,  0.0000 ,  0.0000 ,  0.0000 ,
  0.0000 ,  0.0000 ,  0.0000 ,  0.0000 ,  0.0000 ,  0.0000 ,
  0.0000 ,  0.0000 ,  0.0000 ,  0.0000 ,  0.0000 ,  0.0000 ,
  0.0000 ,  0.0000 ,  0.0000 ,  0.0000 ,  0.0000 ,  0.0000 ,
  0.0000 ,  0.0000 ,  0.0000 ,  0.0000 ,  0.0000 ,  0.0000 ,
  0.0000 ,  0.0000 ,  0.0000 ,  0.0000 ,  0.0000 ,  0.0000 ,
  0.0000 ,  0.0000 ,  0.0000 ,  0.0000 ,  0.0000 ,  0.0000 ,
  0.0000 ,  0.0000 ,  0.0000 ,  0.0000 ,  0.0000 ,  0.0000 ,
  0.0000 ,  0.0000 ,  0.0000 ,  0.0000 ,  0.0000 ,  0.0000 ,
  0.0000 ,  0.0000 ,  0.0000 ,  0.0000 ,  0.0000 ,  0.0000 ,
  0.0000 ,  0.0000 ,  0.0000 ,  0.0000 ,  0.0000 ,  0.0000 ,
  0.0000 ,  0.0000 ,  0.0000 ,  0.0000 ,  0.0000 ,  0.0000 ,
  0.0000 ,  0.0000 ,  0.0000 ,  0.0000 ,  0.0000 ,  0.0000 ,
  0.0000 ,  0.0000 ,  0.0000 ,  0.0000 ,  0.0000 ,  0.0000 ,
  0.0000 ,  0.0000 ,  0.0000 ,  0.0000 ,  0.0000 ,  0.0000 ,
  0.0000 ,  0.0000 ,  0.0000 ,  0.0000 ,  0.0000 ,  0.0000 ,
  0.0000 ,  0.0000 ,  0.0000 ,  0.0000 ,  0.0000 ,  0.0000 ,
  0.0000 ,  0.0000 ,  0.0000 ,  0.0000 ,  0.0000 ,  0.0000 ,
  0.0000 ,  0.0000 ,  0.0000 ,  0.0000 ,  0.0000 ,  0.0000 ,
  0.0000 ,  0.0000 ,  0.0000 ,  0.0000 ,  0.0000 ,  0.0000 ,
  0.0000 ,  0.0000 ,  0.0000 ,  0.0000 ,  0.0000 ,  0.0000 ,
  0.0000 ,  0.0000 ,  0.0000 ,  0.0000 ,  0.0000 ,  0.0000 ,
  0.0000 ,  0.0000 ,  0.0000 ,  0.0000 ,  0.0000 ,  0.0000 ,
  0.0000 ,  0.0000 ,  0.0000 ,  0.0000 ,  0.0000 ,  0.0000 ,
  0.0000 ,  0.0000 ,  0.0000 ,  0.0000 ,  0.0000 ,  0.0000 ,
  0.0000 ,  0.0000 ,  0.0000 ,  0.0000 ,  0.0000 ,  0.0000 ,
  0.0000 ,  0.0000 ,  0.0000 ,  0.0000 ,  0.0000 ,  0.0000 ,
  0.0000 ,  0.0000 ,  0.0000 ,  0.0000 ,  0.0000 ,  0.0000 ,
  0.0000 ,  0.0000 ,  0.0000 ,  0.0000 ,  0.0000 ,  0.0000 ,
  0.0000 ,  0.0000 ,  0.0000 ,  0.0000 ,  0.0000 ,  0.0000 ,
  0.0000 ,  0.0000 ,  0.0000 ,  0.0000 ,  0.0000 ,  0.0000 ,
  0.0000 ,  0.0000 ,  0.0000 ,  0.0000 ,  0.0000 ,  0.0000 ,
  0.0000 ,  0.0000 ,  0.0000 ,  0.0000 ,  0.0000 ,  0.0000 ,
  0.0000 ,  0.0000 ,  0.0000 ,  0.0000 ,  0.0000 ,  0.0000 ,
  0.0000 ,  0.0000 ,  0.0000 ,  0.0000 ,  0.0000 ,  0.0000 ,
  0.0000 ,  0.0000 ,  0.0000 ,  0.0000 ,  0.0000 ,  0.0000 ,
  0.0000 ,  0.0000 ,  0.0000 ,  0.0000 ,  0.0000 ,  0.0000 ,
  0.0000 ,  0.0000 ,  0.0000 ,  0.0000 ,  0.0000 ,  0.0000 ,
  0.0000 ,  0.0000 ,  0.0000 ,  0.0000 ,  0.0000 ,  0.0000 ,
  0.0000 ,  0.0000 ,  0.0000 ,  0.0000 ,  0.0000 ,  0.0000 ,
  0.0000 ,  0.0000 ,  0.0000 ,  0.0000 ,  0.0000 ,  0.0000 ,
  0.0000 ,  0.0000 ,  0.0000 ,  0.0000 ,  0.0000 ,  0.0000 ,
  0.0000 ,  0.0000 ,  0.0000 ,  0.0000 ,  0.0000 ,  0.0000 ,
  0.0000 ,  0.0000 ,  0.0000 ,  0.0000 ,  0.0000 ,  0.0000 ,
  0.0000 ,  0.0000 ,  0.0000 ,  0.0000 ,  0.0000 ,  0.0000 ,
  0.0000 ,  0.0000 ,  0.0000 ,  0.0000 ,  0.0000 ,  0.0000 ,
  0.0000 ,  0.0000 ,  0.0000 ,  0.0000 ,  0.0000 ,  0.0000 ,
  0.0000 ,  0.0000 ,  0.0000 ,  0.0000 ,  0.0000 ,  0.0000 ,
  0.0000 ,  0.0000 ,  0.0000 ,  0.0000 ,  0.0000 ,  0.0000 ,
  0.0000 ,  0.0000 ,  0.0000 ,  0.0000 ,  0.0000 ,  0.0000 ,
  0.0000 ,  0.0000 ,  0.0000 ,  0.0000 ,  0.0000 ,  0.0000 ,
  0.0000 ,  0.0000 ,  0.0000 ,  0.0000 ,  0.0000 ,  0.0000 ,
  0.0000 ,  0.0000 ,  0.0000 ,  0.0000 ,  0.0000 ,  0.0000 ,
  0.0000 ,  0.0000 ,  0.0000 ,  0.0000 ,  0.0000 ,  0.0000 ,
  0.0000 ,  0.0000 ,  0.0000 ,  0.0000 ,  0.0000 ,  0.0000 ,
  0.0000 ,  0.0000 ,  0.0000 ,  0.0000 ,  0.0000 ,  0.0000 ,
  0.0000 ,  0.0000 ,  0.0000 ,  0.0000 ,  0.0000 ,  0.0000 ,
  0.0000 ,  0.0000 ,  0.0000 ,  0.0000 ,  0.0000 ,  0.0000 ,
  0.0000 ,  0.0000 ,  0.0000 ,  0.0000 ,  0.0000 ,  0.0000 ,
  0.0000 ,  0.0000 ,  0.0000 ,  0.0000 ,  0.0000 ,  0.0000 ,
  0.0000 ,  0.0000 ,  0.0000 ,  0.0000 ,  0.0000 ,  0.0000 ,
  0.0000 ,  0.0000 ,  0.0000 ,  0.0000 ,  0.0000 ,  0.0000 ,
  0.0000 ,  0.0000 ,  0.0000 ,  0.0000 ,  0.0000 ,  0.0000 ,
  0.0000 ,  0.0000 ,  0.0000 ,  0.0000 ,  0.0000 ,  0.0000 ,
  0.0000 ,  0.0000 ,  0.0000 ,  0.0000 ,  0.0000 ,  0.0000 ,
  0.0000 ,  0.0000 ,  0.0000 ,  0.0000 ,  0.0000 ,  0.0000 ,
  0.0000 ,  0.0000 ,  0.0000 ,  0.0000 ,  0.0000 ,  0.0000 ,
  0.0000 ,  0.0000 ,  0.0000 ,  0.0000 ,  0.0000 ,  0.0000 ,
  0.0000 ,  0.0000 ,  0.0000 ,  0.0000 ,  0.0000 ,  0.0000 ,
  0.0000 ,  0.0000 ,  0.0000 ,  0.0000 ,  0.0000 ,  0.0000 ,
  0.0000 ,  0.0000 ,  0.0000 ,  0.0000 ,  0.0000 ,  0.0000 ,
  0.0000 ,  0.0000 ,  0.0000 ,  0.0000 ,  0.0000 ,  0.0000 ,
  0.0000 ,  0.0000 ,  0.0000 ,  0.0000 ,  0.0000 ,  0.0000 ,
  0.0000 ,  0.0000 ,  0.0000 ,  0.0000 ,  0.0000 ,  0.0000 ,
  0.0000 ,  0.0000 ,  0.0000 ,  0.0000 ,  0.0000 ,  0.0000 ,
  0.0000 ,  0.0000 ,  0.0000 ,  0.0000 ,  0.0000 ,  0.0000 ,
  0.0000 ,  0.0000 ,  0.0000 ,  0.0000 ,  0.0000 ,  0.0000 ,
  0.0000 ,  0.0000 ,  0.0000 ,  0.0000 ,  0.0000 ,  0.0000 ,
  0.0000 ,  0.0000 ,  0.0000 ,  0.0000 ,  0.0000 ,  0.0000 ,
  0.0000 ,  0.0000 ,  0.0000 ,  0.0000 ,  0.0000 ,  0.0000 ,
  0.0000 ,  0.0000 ,  0.0000 ,  0.0000 ,  0.0000 ,  0.0000 ,
  0.0000 ,  0.0000 ,  0.0000 ,  0.0000 ,  0.0000 ,  0.0000 ,
  0.0000 ,  0.0000 ,  0.0000 ,  0.0000 ,  0.0000 ,  0.0000 ,
  0.0000 ,  0.0000 ,  0.0000 ,  0.0000 ,  0.0000 ,  0.0000 ,
  0.0000 ,  0.0000 ,  0.0000 ,  0.0000 ,  0.0000 ,  0.0000 ,
  0.0000 ,  0.0000 ,  0.0000 ,  0.0000 ,  0.0000 ,  0.0000 ,
  0.0000 ,  0.0000 ,  0.0000 ,  0.0000 ,  0.0000 ,  0.0000 ,
  0.0000 ,  0.0000 ,  0.0000 ,  0.0000 ,  0.0000 ,  0.0000 ,
  0.0000 ,  0.0000 ,  0.0000 ,  0.0000 ,  0.0000 ,  0.0000 ,
  0.0000 ,  0.0000 ,  0.0000 ,  0.0000 ,  0.0000 ,  0.0000 ,
  0.0000 ,  0.0000 ,  0.0000 ,  0.0000 ,  0.0000 ,  0.0000 ,
  0.0000 ,  0.0000 ,  0.0000 ,  0.0000 ,  0.0000 ,  0.0000 ,
  0.0000 ,  0.0000 ,  0.0000 ,  0.0000 ,  0.0000 ,  0.0000 ,
  0.0000 ,  0.0000 ,  0.0000 ,  0.0000 ,  0.0000 ,  0.0000 ,
  0.0000 ,  0.0000 ,  0.0000 ,  0.0000 ,  0.0000 ,  0.0000 ,
  0.0000 ,  0.0000 ,  0.0000 ,  0.0000 ,  0.0000 ,  0.0000 ,
  0.0000 ,  0.0000 ,  0.0000 ,  0.0000 ,  0.0000 ,  0.0000 ,
  0.0000 ,  0.0000 ,  0.0000 ,  0.0000 ,  0.0000 ,  0.0000 ,
  0.0000 ,  0.0000 ,  0.0000 ,  0.0000 ,  0.0000 ,  0.0000 ,
  0.0000 ,  0.0000 ,  0.0000 ,  0.0000 ,  0.0000 ,  0.0000 ,
  0.0000 ,  0.0000 ,  0.0000 ,  0.0000 ,  0.0000 ,  0.0000 ,
  0.0000 ,  0.0000 ,  0.0000 ,  0.0000 ,  0.0000 ,  0.0000 ,
  0.0000 ,  0.0000 ,  0.0000 ,  0.0000 ,  0.0000 ,  0.0000 ,
  0.0000 ,  0.0000 ,  0.0000 ,  0.0000 ,  0.0000 ,  0.0000 ,
  0.0000 ,  0.0000 ,  0.0000 ,  0.0000 ,  0.0000 ,  0.0000 ,
  0.0000 ,  0.0000 ,  0.0000 ,  0.0000 ,  0.0000 ,  0.0000 ,
  0.0000 ,  0.0000 ,  0.0000 ,  0.0000 ,  0.0000 ,  0.0000 ,
  0.0000 ,  0.0000 ,  0.0000 ,  0.0000 ,  0.0000 ,  0.0000 ,
  0.0000 ,  0.0000 ,  0.0000 ,  0.0000 ,  0.0000 ,  0.0000 ,
  0.0000 ,  0.0000 ,  0.0000 ,  0.0000 ,  0.0000 ,  0.0000 ,
  0.0000 ,  0.0000 ,  0.0000 ,  0.0000 ,  0.0000 ,  0.0000 ,
  0.0000 ,  0.0000 ,  0.0000 ,  0.0000 ,  0.0000 ,  0.0000 ,
  0.0000 ,  0.0000 ,  0.0000 ,  0.0000 ,  0.0000 ,  0.0000 ,
  0.0000 ,  0.0000 ,  0.0000 ,  0.0000 ,  0.0000 ,  0.0000 ,
  0.0000 ,  0.0000 ,  0.0000 ,  0.0000 ,  0.0000 ,  0.0000 ,
  0.0000 ,  0.0000 ,  0.0000 ,  0.0000 ,  0.0000 ,  0.0000 ,
  0.0000 ,  0.0000 ,  0.0000 ,  0.0000 ,  0.0000 ,  0.0000 ,
  0.0000 ,  0.0000 ,  0.0000 ,  0.0000 ,  0.0000 ,  0.0000 ,
  0.0000 ,  0.0000 ,  0.0000 ,  0.0000 ,  0.0000 ,  0.0000 ,
  0.0000 ,  0.0000 ,  0.0000 ,  0.0000 ,  0.0000 ,  0.0000 ,
  0.0000 ,  0.0000 ,  0.0000 ,  0.0000 ,  0.0000 ,  0.0000 ,
  0.0000 ,  0.0000 ,  0.0000 ,  0.0000 ,  0.0000 ,  0.0000 ,
  0.0000 ,  0.0000 ,  0.0000 ,  0.0000 ,  0.0000 ,  0.0000 ,
  0.0000 ,  0.0000 ,  0.0000 ,  0.0000 ,  0.0000 ,  0.0000 ,
  0.0000 ,  0.0000 ,  0.0000 ,  0.0000 ,  0.0000 ,  0.0000 ,
  0.0000 ,  0.0000 ,  0.0000 ,  0.0000 ,  0.0000 ,  0.0000 ,
  0.0000 ,  0.0000 ,  0.0000 ,  0.0000 ,  0.0000 ,  0.0000 ,
  0.0000 ,  0.0000 ,  0.0000 ,  0.0000 ,  0.0000 ,  0.0000 ,
  0.0000 ,  0.0000 ,  0.0000 ,  0.0000 ,  0.0000 ,  0.0000 ,
  0.0000 ,  0.0000 ,  0.0000 ,  0.0000 ,  0.0000 ,  0.0000 ,
  0.0000 ,  0.0000 ,  0.0000 ,  0.0000 ,  0.0000 ,  0.0000 ,
  0.0000 ,  0.0000 ,  0.0000 ,  0.0000 ,  0.0000 ,  0.0000 ,
  0.0000 ,  0.0000 ,  0.0000 ,  0.0000 ,  0.0000 ,  0.0000 ,
  0.0000 ,  0.0000 ,  0.0000 ,  0.0000 ,  0.0000 ,  0.0000 ,
  0.0000 ,  0.0000 ,  0.0000 ,  0.0000 ,  0.0000 ,  0.0000 ,
  0.0000 ,  0.0000 ,  0.0000 ,  0.0000 ,  0.0000 ,  0.0000 ,
  0.0000 ,  0.0000 ,  0.0000 ,  0.0000 ,  0.0000 ,  0.0000 ,
  0.0000 ,  0.0000 ,  0.0000 ,  0.0000 ,  0.0000 ,  0.0000 ,
  0.0000 ,  0.0000 ,  0.0000 ,  0.0000 ,  0.0000 ,  0.0000 ,
  0.0000 ,  0.0000 ,  0.0000 ,  0.0000 ,  0.0000 ,  0.0000 ,
  0.0000 ,  0.0000 ,  0.0000 ,  0.0000 ,  0.0000 ,  0.0000 ,
  0.0000 ,  0.0000 ,  0.0000 ,  0.0000 ,  0.0000 ,  0.0000 ,
  0.0000 ,  0.0000 ,  0.0000 ,  0.0000 ,  0.0000 ,  0.0000 ,
  0.0000 ,  0.0000 ,  0.0000 ,  0.0000 ,  0.0000 ,  0.0000 ,
  0.0000 ,  0.0000 ,  0.0000 ,  0.0000 ,  0.0000 ,  0.0000 ,
  0.0000 ,  0.0000 ,  0.0000 ,  0.0000 ,  0.0000 ,  0.0000 ,
  0.0000 ,  0.0000 ,  0.0000 ,  0.0000 ,  0.0000 ,  0.0000 ,
  0.0000 ,  0.0000 ,  0.0000 ,  0.0000 ,  0.0000 ,  0.0000 ,
  0.0000 ,  0.0000 ,  0.0000 ,  0.0000 ,  0.0000 ,  0.0000 ,
  0.0000 ,  0.0000 ,  0.0000 ,  0.0000 ,  0.0000 ,  0.0000 ,
  0.0000 ,  0.0000 ,  0.0000 ,  0.0000 ,  0.0000 ,  0.0000 ,
  0.0000 ,  0.0000 ,  0.0000 ,  0.0000 ,  0.0000 ,  0.0000 ,
  0.0000 ,  0.0000 ,  0.0000 ,  0.0000 ,  0.0000 ,  0.0000 ,
  0.0000 ,  0.0000 ,  0.0000 ,  0.0000 ,  0.0000 ,  0.0000 ,
  0.0000 ,  0.0000 ,  0.0000 ,  0.0000 ,  0.0000 ,  0.0000 ,
  0.0000 ,  0.0000 ,  0.0000 ,  0.0000 ,  0.0000 ,  0.0000 ,
  0.0000 ,  0.0000 ,  0.0000 ,  0.0000 ,  0.0000 ,  0.0000 ,
  0.0000 ,  0.0000 ,  0.0000 ,  0.0000 ,  0.0000 ,  0.0000 ,
  0.0000 ,  0.0000 ,  0.0000 ,  0.0000 ,  0.0000 ,  0.0000 ,
  0.0000 ,  0.0000 ,  0.0000 ,  0.0000 ,  0.0000 ,  0.0000 ,
  0.0000 ,  0.0000 ,  0.0000 ,  0.0000 ,  0.0000 ,  0.0000 ,
  0.0000 ,  0.0000 ,  0.0000 ,  0.0000 ,  0.0000 ,  0.0000 ,
  0.0000 ,  0.0000 ,  0.0000 ,  0.0000 ,  0.0000 ,  0.0000 ,
  0.0000 ,  0.0000 ,  0.0000 ,  0.0000 ,  0.0000 ,  0.0000 ,
  0.0000 ,  0.0000 ,  0.0000 ,  0.0000 ,  0.0000 ,  0.0000 ,
  0.0000 ,  0.0000 ,  0.0000 ,  0.0000 ,  0.0000 ,  0.0000 ,
  0.0000 ,  0.0000 ,  0.0000 ,  0.0000 ,  0.0000 ,  0.0000 ,
  0.0000 ,  0.0000 ,  0.0000 ,  0.0000 ,  0.0000 ,  0.0000 ,
  0.0000 ,  0.0000 ,  0.0000 ,  0.0000 ,  0.0000 ,  0.0000 ,
  0.0000 ,  0.0000 ,  0.0000 ,  0.0000 ,  0.0000 ,  0.0000 ,
  0.0000 ,  0.0000 ,  0.0000 ,  0.0000 ,  0.0000 ,  0.0000 ,
  0.0000 ,  0.0000 ,  0.0000 ,  0.0000 ,  0.0000 ,  0.0000 ,
  0.0000 ,  0.0000 ,  0.0000 ,  0.0000 ,  0.0000 ,  0.0000 ,
  0.0000 ,  0.0000 ,  0.0000 ,  0.0000 ,  0.0000 ,  0.0000 ,
  0.0000 ,  0.0000 ,  0.0000 ,  0.0000 ,  0.0000 ,  0.0000 ,
  0.0000 ,  0.0000 ,  0.0000 ,  0.0000 ,  0.0000 ,  0.0000 ,
  0.0000 ,  0.0000 ,  0.0000 ,  0.0000 ,  0.0000 ,  0.0000 ,
  0.0000 ,  0.0000 ,  0.0000 ,  0.0000 ,  0.0000 ,  0.0000 ,
  0.0000 ,  0.0000 ,  0.0000 ,  0.0000 ,  0.0000 ,  0.0000 ,
  0.0000 ,  0.0000 ,  0.0000 ,  0.0000 ,  0.0000 ,  0.0000 ,
  0.0000 ,  0.0000 ,  0.0000 ,  0.0000 ,  0.0000 ,  0.0000 ,
  0.0000 ,  0.0000 ,  0.0000 ,  0.0000 ,  0.0000 ,  0.0000 ,
  0.0000 ,  0.0000 ,  0.0000 ,  0.0000 ,  0.0000 ,  0.0000 ,
  0.0000 ,  0.0000 ,  0.0000 ,  0.0000 ,  0.0000 ,  0.0000 ,
  0.0000 ,  0.0000 ,  0.0000 ,  0.0000 ,  0.0000 ,  0.0000 ,
  0.0000 ,  0.0000 ,  0.0000 ,  0.0000 ,  0.0000 ,  0.0000 ,
  0.0000 ,  0.0000 ,  0.0000 ,  0.0000 ,  0.0000 ,  0.0000 ,
  0.0000 ,  0.0000 ,  0.0000 ,  0.0000 ,  0.0000 ,  0.0000 ,
  0.0000 ,  0.0000 ,  0.0000 ,  0.0000 ,  0.0000 ,  0.0000 ,
  0.0000 ,  0.0000 ,  0.0000 ,  0.0000 ,  0.0000 ,  0.0000 ,
  0.0000 ,  0.0000 ,  0.0000 ,  0.0000 ,  0.0000 ,  0.0000 ,
  0.0000 ,  0.0000 ,  0.0000 ,  0.0000 ,  0.0000 ,  0.0000 ,
  0.0000 ,  0.0000 ,  0.0000 ,  0.0000 ,  0.0000 ,  0.0000 ,
  0.0000 ,  0.0000 ,  0.0000 ,  0.0000 ,  0.0000 ,  0.0000 ,
  0.0000 ,  0.0000 ,  0.0000 ,  0.0000 ,  0.0000 ,  0.0000 ,
  0.0000 ,  0.0000 ,  0.0000 ,  0.0000 ,  0.0000 ,  0.0000 ,
  0.0000 ,  0.0000 ,  0.0000 ,  0.0000 ,  0.0000 ,  0.0000 ,
  0.0000 ,  0.0000 ,  0.0000 ,  0.0000 ,  0.0000 ,  0.0000 ,
  0.0000 ,  0.0000 ,  0.0000 ,  0.0000 ,  0.0000 ,  0.0000 ,
  0.0000 ,  0.0000 ,  0.0000 ,  0.0000 ,  0.0000 ,  0.0000 ,
  0.0000 ,  0.0000 ,  0.0000 ,  0.0000 ,  0.0000 ,  0.0000 ,
  0.0000 ,  0.0000 ,  0.0000 ,  0.0000 ,  0.0000 ,  0.0000 ,
  0.0000 ,  0.0000 ,  0.0000 ,  0.0000 ,  0.0000 ,  0.0000 ,
  0.0000 ,  0.0000 ,  0.0000 ,  0.0000 ,  0.0000 ,  0.0000 ,
  0.0000 ,  0.0000 ,  0.0000 ,  0.0000 ,  0.0000 ,  0.0000 ,
  0.0000 ,  0.0000 ,  0.0000 ,  0.0000 ,  0.0000 ,  0.0000 ,
  0.0000 ,  0.0000 ,  0.0000 ,  0.0000 ,  0.0000 ,  0.0000 ,
  0.0000 ,  0.0000 ,  0.0000 ,  0.0000 ,  0.0000 ,  0.0000 ,
  0.0000 ,  0.0000 ,  0.0000 ,  0.0000 ,  0.0000 ,  0.0000 ,
  0.0000 ,  0.0000 ,  0.0000 ,  0.0000 ,  0.0000 ,  0.0000 ,
  0.0000 ,  0.0000 ,  0.0000 ,  0.0000 ,  0.0000 ,  0.0000 ,
  0.0000 ,  0.0000 ,  0.0000 ,  0.0000 ,  0.0000 ,  0.0000 ,
  0.0000 ,  0.0000 ,  0.0000 ,  0.0000 ,  0.0000 ,  0.0000 ,
  0.0000 ,  0.0000 ,  0.0000 ,  0.0000 ,  0.0000 ,  0.0000 ,
  0.0000 ,  0.0000 ,  0.0000 ,  0.0000 ,  0.0000 ,  0.0000 ,
  0.0000 ,  0.0000 ,  0.0000 ,  0.0000 ,  0.0000 ,  0.0000 ,
  0.0000 ,  0.0000 ,  0.0000 ,  0.0000 ,  0.0000 ,  0.0000 ,
  0.0000 ,  0.0000 ,  0.0000 ,  0.0000 ,  0.0000 ,  0.0000 ,
  0.0000 ,  0.0000 ,  0.0000 ,  0.0000 ,  0.0000 ,  0.0000 ,
  0.0000 ,  0.0000 ,  0.0000 ,  0.0000 ,  0.0000 ,  0.0000 ,
  0.0000 ,  0.0000 ,  0.0000 ,  0.0000 ,  0.0000 ,  0.0000 ,
  0.0000 ,  0.0000 ,  0.0000 ,  0.0000 ,  0.0000 ,  0.0000 ,
  0.0000 ,  0.0000 ,  0.0000 ,  0.0000 ,  0.0000 ,  0.0000 ,
  0.0000 ,  0.0000 ,  0.0000 ,  0.0000 ,  0.0000 ,  0.0000 ,
  0.0000 ,  0.0000 ,  0.0000 ,  0.0000 ,  0.0000 ,  0.0000 ,
  0.0000 ,  0.0000 ,  0.0000 ,  0.0000 ,  0.0000 ,  0.0000 ,
  0.0000 ,  0.0000 ,  0.0000 ,  0.0000 ,  0.0000 ,  0.0000 ,
  0.0000 ,  0.0000 ,  0.0000 ,  0.0000 ,  0.0000 ,  0.0000 ,
  0.0000 ,  0.0000 ,  0.0000 ,  0.0000 ,  0.0000 ,  0.0000 ,
  0.0000 ,  0.0000 ,  0.0000 ,  0.0000 ,  0.0000 ,  0.0000 ,
  0.0000 ,  0.0000 ,  0.0000 ,  0.0000 ,  0.0000 ,  0.0000 ,
  0.0000 ,  0.0000 ,  0.0000 ,  0.0000 ,  0.0000 ,  0.0000 ,
  0.0000 ,  0.0000 ,  0.0000 ,  0.0000 ,  0.0000 ,  0.0000 ,
  0.0000 ,  0.0000 ,  0.0000 ,  0.0000 ,  0.0000 ,  0.0000 ,
  0.0000 ,  0.0000 ,  0.0000 ,  0.0000 ,  0.0000 ,  0.0000 ,
  0.0000 ,  0.0000 ,  0.0000 ,  0.0000 ,  0.0000 ,  0.0000 ,
  0.0000 ,  0.0000 ,  0.0000 ,  0.0000 ,  0.0000 ,  0.0000 ,
  0.0000 ,  0.0000 ,  0.0000 ,  0.0000 ,  0.0000 ,  0.0000 ,
  0.0000 ,  0.0000 ,  0.0000 ,  0.0000 ,  0.0000 ,  0.0000 ,
  0.0000 ,  0.0000 ,  0.0000 ,  0.0000 ,  0.0000 ,  0.0000 ,
  0.0000 ,  0.0000 ,  0.0000 ,  0.0000 ,  0.0000 ,  0.0000 ,
  0.0000 ,  0.0000 ,  0.0000 ,  0.0000 ,  0.0000 ,  0.0000 ,
  0.0000 ,  0.0000 ,  0.0000 ,  0.0000 ,  0.0000 ,  0.0000 ,
  0.0000 ,  0.0000 ,  0.0000 ,  0.0000 ,  0.0000 ,  0.0000 ,
  0.0000 ,  0.0000 ,  0.0000 ,  0.0000 ,  0.0000 ,  0.0000 ,
  0.0000 ,  0.0000 ,  0.0000 ,  0.0000 ,  0.0000 ,  0.0000 ,
  0.0000 ,  0.0000 ,  0.0000 ,  0.0000 ,  0.0000 ,  0.0000 ,
  0.0000 ,  0.0000 ,  0.0000 ,  0.0000 ,  0.0000 ,  0.0000 ,
  0.0000 ,  0.0000 ,  0.0000 ,  0.0000 ,  0.0000 ,  0.0000 ,
  0.0000 ,  0.0000 ,  0.0000 ,  0.0000 ,  0.0000 ,  0.0000 ,
  0.0000 ,  0.0000 ,  0.0000 ,  0.0000 ,  0.0000 ,  0.0000 ,
  0.0000 ,  0.0000 ,  0.0000 ,  0.0000 ,  0.0000 ,  0.0000 ,
  0.0000 ,  0.0000 ,  0.0000 ,  0.0000 ,  0.0000 ,  0.0000 ,
  0.0000 ,  0.0000 ,  0.0000 ,  0.0000 ,  0.0000 ,  0.0000 ,
  0.0000 ,  0.0000 ,  0.0000 ,  0.0000 ,  0.0000 ,  0.0000 ,
  0.0000 ,  0.0000 ,  0.0000 ,  0.0000 ,  0.0000 ,  0.0000 ,
  0.0000 ,  0.0000 ,  0.0000 ,  0.0000 ,  0.0000 ,  0.0000 ,
  0.0000 ,  0.0000 ,  0.0000 ,  0.0000 ,  0.0000 ,  0.0000 ,
  0.0000 ,  0.0000 ,  0.0000 ,  0.0000 ,  0.0000 ,  0.0000 ,
  0.0000 ,  0.0000 ,  0.0000 ,  0.0000 ,  0.0000 ,  0.0000 ,
  0.0000 ,  0.0000 ,  0.0000 ,  0.0000 ,  0.0000 ,  0.0000 ,
  0.0000 ,  0.0000 ,  0.0000 ,  0.0000 ,  0.0000 ,  0.0000 ,
  0.0000 ,  0.0000 ,  0.0000 ,  0.0000 ,  0.0000 ,  0.0000 ,
  0.0000 ,  0.0000 ,  0.0000 ,  0.0000 ,  0.0000 ,  0.0000 ,
  0.0000 ,  0.0000 ,  0.0000 ,  0.0000 ,  0.0000 ,  0.0000 ,
  0.0000 ,  0.0000 ,  0.0000 ,  0.0000 ,  0.0000 ,  0.0000 ,
  0.0000 ,  0.0000 ,  0.0000 ,  0.0000 ,  0.0000 ,  0.0000 ,
  0.0000 ,  0.0000 ,  0.0000 ,  0.0000 ,  0.0000 ,  0.0000 ,
  0.0000 ,  0.0000 ,  0.0000 ,  0.0000 ,  0.0000 ,  0.0000 ,
  0.0000 ,  0.0000 ,  0.0000 ,  0.0000 ,  0.0000 ,  0.0000 ,
  0.0000 ,  0.0000 ,  0.0000 ,  0.0000 ,  0.0000 ,  0.0000 ,
  0.0000 ,  0.0000 ,  0.0000 ,  0.0000 ,  0.0000 ,  0.0000 ,
  0.0000 ,  0.0000 ,  0.0000 ,  0.0000 ,  0.0000 ,  0.0000 ,
  0.0000 ,  0.0000 ,  0.0000 ,  0.0000 ,  0.0000 ,  0.0000 ,
  0.0000 ,  0.0000 ,  0.0000 ,  0.0000 ,  0.0000 ,  0.0000 ,
  0.0000 ,  0.0000 ,  0.0000 ,  0.0000 ,  0.0000 ,  0.0000 ,
  0.0000 ,  0.0000 ,  0.0000 ,  0.0000 ,  0.0000 ,  0.0000 ,
  0.0000 ,  0.0000 ,  0.0000 ,  0.0000 ,  0.0000 ,  0.0000 ,
  0.0000 ,  0.0000 ,  0.0000 ,  0.0000 ,  0.0000 ,  0.0000 ,
  0.0000 ,  0.0000 ,  0.0000 ,  0.0000 ,  0.0000 ,  0.0000 ,
  0.0000 ,  0.0000 ,  0.0000 ,  0.0000 ,  0.0000 ,  0.0000 ,
  0.0000 ,  0.0000 ,  0.0000 ,  0.0000 ,  0.0000 ,  0.0000 ,
  0.0000 ,  0.0000 ,  0.0000 ,  0.0000 ,  0.0000 ,  0.0000 ,
  0.0000 ,  0.0000 ,  0.0000 ,  0.0000 ,  0.0000 ,  0.0000 ,
  0.0000 ,  0.0000 ,  0.0000 ,  0.0000 ,  0.0000 ,  0.0000 ,
  0.0000 ,  0.0000 ,  0.0000 ,  0.0000 ,  0.0000 ,  0.0000 ,
  0.0000 ,  0.0000 ,  0.0000 ,  0.0000 ,  0.0000 ,  0.0000 ,
  0.0000 ,  0.0000 ,  0.0000 ,  0.0000 ,  0.0000 ,  0.0000 ,
  0.0000 ,  0.0000 ,  0.0000 ,  0.0000 ,  0.0000 ,  0.0000 ,
  0.0000 ,  0.0000 ,  0.0000 ,  0.0000 ,  0.0000 ,  0.0000 ,
  0.0000 ,  0.0000 ,  0.0000 ,  0.0000 ,  0.0000 ,  0.0000 ,
  0.0000 ,  0.0000 ,  0.0000 ,  0.0000 ,  0.0000 ,  0.0000 ,
  0.0000 ,  0.0000 ,  0.0000 ,  0.0000 ,  0.0000 ,  0.0000 ,
  0.0000 ,  0.0000 ,  0.0000 ,  0.0000 ,  0.0000 ,  0.0000 ,
  0.0000 ,  0.0000 ,  0.0000 ,  0.0000 ,  0.0000 ,  0.0000 ,
  0.0000 ,  0.0000 ,  0.0000 ,  0.0000 ,  0.0000 ,  0.0000 ,
  0.0000 ,  0.0000 ,  0.0000 ,  0.0000 ,  0.0000 ,  0.0000 ,
  0.0000 ,  0.0000 ,  0.0000 ,  0.0000 ,  0.0000 ,  0.0000 ,
  0.0000 ,  0.0000 ,  0.0000 ,  0.0000 ,  0.0000 ,  0.0000 ,
  0.0000 ,  0.0000 ,  0.0000 ,  0.0000 ,  0.0000 ,  0.0000 ,
  0.0000 ,  0.0000 ,  0.0000 ,  0.0000 ,  0.0000 ,  0.0000 ,
  0.0000 ,  0.0000 ,  0.0000 ,  0.0000 ,  0.0000 ,  0.0000 ,
  0.0000 ,  0.0000 ,  0.0000 ,  0.0000 ,  0.0000 ,  0.0000 ,
  0.0000 ,  0.0000 ,  0.0000 ,  0.0000 ,  0.0000 ,  0.0000 ,
  0.0000 ,  0.0000 ,  0.0000 ,  0.0000 ,  0.0000 ,  0.0000 ,
  0.0000 ,  0.0000 ,  0.0000 ,  0.0000 ,  0.0000 ,  0.0000 ,
  0.0000 ,  0.0000 ,  0.0000 ,  0.0000 ,  0.0000 ,  0.0000 ,
  0.0000 ,  0.0000 ,  0.0000 ,  0.0000 ,  0.0000 ,  0.0000 ,
  0.0000 ,  0.0000 ,  0.0000 ,  0.0000 ,  0.0000 ,  0.0000 ,
  0.0000 ,  0.0000 ,  0.0000 ,  0.0000 ,  0.0000 ,  0.0000 ,
  0.0000 ,  0.0000 ,  0.0000 ,  0.0000 ,  0.0000 ,  0.0000 ,
  0.0000 ,  0.0000 ,  0.0000 ,  0.0000 ,  0.0000 ,  0.0000 ,
  0.0000 ,  0.0000 ,  0.0000 ,  0.0000 ,  0.0000 ,  0.0000 ,
  0.0000 ,  0.0000 ,  0.0000 ,  0.0000 ,  0.0000 ,  0.0000 ,
  0.0000 ,  0.0000 ,  0.0000 ,  0.0000 ,  0.0000 ,  0.0000 ,
  0.0000 ,  0.0000 ,  0.0000 ,  0.0000 ,  0.0000 ,  0.0000 ,
  0.0000 ,  0.0000 ,  0.0000 ,  0.0000 ,  0.0000 ,  0.0000 ,
  0.0000 ,  0.0000 ,  0.0000 ,  0.0000 ,  0.0000 ,  0.0000 ,
  0.0000 ,  0.0000 ,  0.0000 ,  0.0000 ,  0.0000 ,  0.0000 ,
  0.0000 ,  0.0000 ,  0.0000 ,  0.0000 ,  0.0000 ,  0.0000 ,
  0.0000 ,  0.0000 ,  0.0000 ,  0.0000 ,  0.0000 ,  0.0000 ,
  0.0000 ,  0.0000 ,  0.0000 ,  0.0000 ,  0.0000 ,  0.0000 ,
  0.0000 ,  0.0000 ,  0.0000 ,  0.0000 ,  0.0000 ,  0.0000 ,
  0.0000 ,  0.0000 ,  0.0000 ,  0.0000 ,  0.0000 ,  0.0000 ,
  0.0000 ,  0.0000 ,  0.0000 ,  0.0000 ,  0.0000 ,  0.0000 ,
  0.0000 ,  0.0000 ,  0.0000 ,  0.0000 ,  0.0000 ,  0.0000 ,
  0.0000 ,  0.0000 ,  0.0000 ,  0.0000 ,  0.0000 ,  0.0000 ,
  0.0000 ,  0.0000 ,  0.0000 ,  0.0000 ,  0.0000 ,  0.0000 ,
  0.0000 ,  0.0000 ,  0.0000 ,  0.0000 ,  0.0000 ,  0.0000 ,
  0.0000 ,  0.0000 ,  0.0000 ,  0.0000 ,  0.0000 ,  0.0000 ,
  0.0000 ,  0.0000 ,  0.0000 ,  0.0000 ,  0.0000 ,  0.0000 ,
  0.0000 ,  0.0000 ,  0.0000 ,  0.0000 ,  0.0000 ,  0.0000 ,
  0.0000 ,  0.0000 ,  0.0000 ,  0.0000 ,  0.0000 ,  0.0000 ,
  0.0000 ,  0.0000 ,  0.0000 ,  0.0000 ,  0.0000 ,  0.0000 ,
  0.0000 ,  0.0000 ,  0.0000 ,  0.0000 ,  0.0000 ,  0.0000 ,
  0.0000 ,  0.0000 ,  0.0000 ,  0.0000 ,  0.0000 ,  0.0000 ,
  0.0000 ,  0.0000 ,  0.0000 ,  0.0000 ,  0.0000 ,  0.0000 ,
  0.0000 ,  0.0000 ,  0.0000 ,  0.0000 ,  0.0000 ,  0.0000 ,
  0.0000 ,  0.0000 ,  0.0000 ,  0.0000 ,  0.0000 ,  0.0000 ,
  0.0000 ,  0.0000 ,  0.0000 ,  0.0000 ,  0.0000 ,  0.0000 ,
  0.0000 ,  0.0000 ,  0.0000 ,  0.0000 ,  0.0000 ,  0.0000 ,
  0.0000 ,  0.0000 ,  0.0000 ,  0.0000 ,  0.0000 ,  0.0000 ,
  0.0000 ,  0.0000 ,  0.0000 ,  0.0000 ,  0.0000 ,  0.0000 ,
  0.0000 ,  0.0000 ,  0.0000 ,  0.0000 ,  0.0000 ,  0.0000 ,
  0.0000 ,  0.0000 ,  0.0000 ,  0.0000 ,  0.0000 ,  0.0000 ,
  0.0000 ,  0.0000 ,  0.0000 ,  0.0000 ,  0.0000 ,  0.0000 ,
  0.0000 ,  0.0000 ,  0.0000 ,  0.0000 ,  0.0000 ,  0.0000 ,
  0.0000 ,  0.0000 ,  0.0000 ,  0.0000 ,  0.0000 ,  0.0000 ,
  0.0000 ,  0.0000 ,  0.0000 ,  0.0000 ,  0.0000 ,  0.0000 ,
  0.0000 ,  0.0000 ,  0.0000 ,  0.0000 ,  0.0000 ,  0.0000 ,
  0.0000 ,  0.0000 ,  0.0000 ,  0.0000 ,  0.0000 ,  0.0000 ,
  0.0000 ,  0.0000 ,  0.0000 ,  0.0000 ,  0.0000 ,  0.0000 ,
  0.0000 ,  0.0000 ,  0.0000 ,  0.0000 ,  0.0000 ,  0.0000 ,
  0.0000 ,  0.0000 ,  0.0000 ,  0.0000 ,  0.0000 ,  0.0000 ,
  0.0000 ,  0.0000 ,  0.0000 ,  0.0000 ,  0.0000 ,  0.0000 ,
  0.0000 ,  0.0000 ,  0.0000 ,  0.0000 ,  0.0000 ,  0.0000 ,
  0.0000 ,  0.0000 ,  0.0000 ,  0.0000 ,  0.0000 ,  0.0000 ,
  0.0000 ,  0.0000 ,  0.0000 ,  0.0000 ,  0.0000 ,  0.0000 ,
  0.0000 ,  0.0000 ,  0.0000 ,  0.0000 ,  0.0000 ,  0.0000 ,
  0.0000 ,  0.0000 ,  0.0000 ,  0.0000 ,  0.0000 ,  0.0000 ,
  0.0000 ,  0.0000 ,  0.0000 ,  0.0000 ,  0.0000 ,  0.0000 ,
  0.0000 ,  0.0000 ,  0.0000 ,  0.0000 ,  0.0000 ,  0.0000 ,
  0.0000 ,  0.0000 ,  0.0000 ,  0.0000 ,  0.0000 ,  0.0000 ,
  0.0000 ,  0.0000 ,  0.0000 ,  0.0000 ,  0.0000 ,  0.0000 ,
  0.0000 ,  0.0000 ,  0.0000 ,  0.0000 ,  0.0000 ,  0.0000 ,
  0.0000 ,  0.0000 ,  0.0000 ,  0.0000 ,  0.0000 ,  0.0000 ,
  0.0000 ,  0.0000 ,  0.0000 ,  0.0000 ,  0.0000 ,  0.0000 ,
  0.0000 ,  0.0000 ,  0.0000 ,  0.0000 ,  0.0000 ,  0.0000 ,
  0.0000 ,  0.0000 ,  0.0000 ,  0.0000 ,  0.0000 ,  0.0000 ,
  0.0000 ,  0.0000 ,  0.0000 ,  0.0000 ,  0.0000 ,  0.0000 ,
  0.0000 ,  0.0000 ,  0.0000 ,  0.0000 ,  0.0000 ,  0.0000 ,
  0.0000 ,  0.0000 ,  0.0000 ,  0.0000 ,  0.0000 ,  0.0000 ,
  0.0000 ,  0.0000 ,  0.0000 ,  0.0000 ,  0.0000 ,  0.0000 ,
  0.0000 ,  0.0000 ,  0.0000 ,  0.0000 ,  0.0000 ,  0.0000 ,
  0.0000 ,  0.0000 ,  0.0000 ,  0.0000 ,  0.0000 ,  0.0000 ,
  0.0000 ,  0.0000 ,  0.0000 ,  0.0000 ,  0.0000 ,  0.0000 ,
  0.0000 ,  0.0000 ,  0.0000 ,  0.0000 ,  0.0000 ,  0.0000 ,
  0.0000 ,  0.0000 ,  0.0000 ,  0.0000 ,  0.0000 ,  0.0000 ,
  0.0000 ,  0.0000 ,  0.0000 ,  0.0000 ,  0.0000 ,  0.0000 ,
  0.0000 ,  0.0000 ,  0.0000 ,  0.0000 ,  0.0000 ,  0.0000 ,
  0.0000 ,  0.0000 ,  0.0000 ,  0.0000 ,  0.0000 ,  0.0000 ,
  0.0000 ,  0.0000 ,  0.0000 ,  0.0000 ,  0.0000 ,  0.0000 ,
  0.0000 ,  0.0000 ,  0.0000 ,  0.0000 ,  0.0000 ,  0.0000 ,
  0.0000 ,  0.0000 ,  0.0000 ,  0.0000 ,  0.0000 ,  0.0000 ,
  0.0000 ,  0.0000 ,  0.0000 ,  0.0000 ,  0.0000 ,  0.0000 ,
  0.0000 ,  0.0000 ,  0.0000 ,  0.0000 ,  0.0000 ,  0.0000 ,
  0.0000 ,  0.0000 ,  0.0000 ,  0.0000 ,  0.0000 ,  0.0000 ,
  0.0000 ,  0.0000 ,  0.0000 ,  0.0000 ,  0.0000 ,  0.0000 ,
  0.0000 ,  0.0000 ,  0.0000 ,  0.0000 ,  0.0000 ,  0.0000 ,
  0.0000 ,  0.0000 ,  0.0000 ,  0.0000 ,  0.0000 ,  0.0000 ,
  0.0000 ,  0.0000 ,  0.0000 ,  0.0000 ,  0.0000 ,  0.0000 ,
  0.0000 ,  0.0000 ,  0.0000 ,  0.0000 ,  0.0000 ,  0.0000 ,
  0.0000 ,  0.0000 ,  0.0000 ,  0.0000 ,  0.0000 ,  0.0000 ,
  0.0000 ,  0.0000 ,  0.0000 ,  0.0000 ,  0.0000 ,  0.0000 ,
  0.0000 ,  0.0000 ,  0.0000 ,  0.0000 ,  0.0000 ,  0.0000 ,
  0.0000 ,  0.0000 ,  0.0000 ,  0.0000 ,  0.0000 ,  0.0000 ,
  0.0000 ,  0.0000 ,  0.0000 ,  0.0000 ,  0.0000 ,  0.0000 ,
  0.0000 ,  0.0000 ,  0.0000 ,  0.0000 ,  0.0000 ,  0.0000 ,
  0.0000 ,  0.0000 ,  0.0000 ,  0.0000 ,  0.0000 ,  0.0000 ,
  0.0000 ,  0.0000 ,  0.0000 ,  0.0000 ,  0.0000 ,  0.0000 ,
  0.0000 ,  0.0000 ,  0.0000 ,  0.0000 ,  0.0000 ,  0.0000 ,
  0.0000 ,  0.0000 ,  0.0000 ,  0.0000 ,  0.0000 ,  0.0000 ,
  0.0000 ,  0.0000 ,  0.0000 ,  0.0000 ,  0.0000 ,  0.0000 ,
  0.0000 ,  0.0000 ,  0.0000 ,  0.0000 ,  0.0000 ,  0.0000 ,
  0.0000 ,  0.0000 ,  0.0000 ,  0.0000 ,  0.0000 ,  0.0000 ,
  0.0000 ,  0.0000 ,  0.0000 ,  0.0000 ,  0.0000 ,  0.0000 ,
  0.0000 ,  0.0000 ,  0.0000 ,  0.0000 ,  0.0000 ,  0.0000 ,
  0.0000 ,  0.0000 ,  0.0000 ,  0.0000 ,  0.0000 ,  0.0000 ,
  0.0000 ,  0.0000 ,  0.0000 ,  0.0000 ,  0.0000 ,  0.0000 ,
  0.0000 ,  0.0000 ,  0.0000 ,  0.0000 ,  0.0000 ,  0.0000 ,
  0.0000 ,  0.0000 ,  0.0000 ,  0.0000 ,  0.0000 ,  0.0000 ,
  0.0000 ,  0.0000 ,  0.0000 ,  0.0000 ,  0.0000 ,  0.0000 ,
  0.0000 ,  0.0000 ,  0.0000 ,  0.0000 ,  0.0000 ,  0.0000 ,
  0.0000 ,  0.0000 ,  0.0000 ,  0.0000 ,  0.0000 ,  0.0000 ,
  0.0000 ,  0.0000 ,  0.0000 ,  0.0000 ,  0.0000 ,  0.0000 ,
  0.0000 ,  0.0000 ,  0.0000 ,  0.0000 ,  0.0000 ,  0.0000 ,
  0.0000 ,  0.0000 ,  0.0000 ,  0.0000 ,  0.0000 ,  0.0000 ,
  0.0000 ,  0.0000 ,  0.0000 ,  0.0000 ,  0.0000 ,  0.0000 ,
  0.0000 ,  0.0000 ,  0.0000 ,  0.0000 ,  0.0000 ,  0.0000 ,
  0.0000 ,  0.0000 ,  0.0000 ,  0.0000 ,  0.0000 ,  0.0000 ,
  0.0000 ,  0.0000 ,  0.0000 ,  0.0000 ,  0.0000 ,  0.0000 ,
  0.0000 ,  0.0000 ,  0.0000 ,  0.0000 ,  0.0000 ,  0.0000 ,
  0.0000 ,  0.0000 ,  0.0000 ,  0.0000 ,  0.0000 ,  0.0000 ,
  0.0000 ,  0.0000 ,  0.0000 ,  0.0000 ,  0.0000 ,  0.0000 ,
  0.0000 ,  0.0000 ,  0.0000 ,  0.0000 ,  0.0000 ,  0.0000 ,
  0.0000 ,  0.0000 ,  0.0000 ,  0.0000 ,  0.0000 ,  0.0000 ,
  0.0000 ,  0.0000 ,  0.0000 ,  0.0000 ,  0.0000 ,  0.0000 ,
  0.0000 ,  0.0000 ,  0.0000 ,  0.0000 ,  0.0000 ,  0.0000 ,
  0.0000 ,  0.0000 ,  0.0000 ,  0.0000 ,  0.0000 ,  0.0000 ,
  0.0000 ,  0.0000 ,  0.0000 ,  0.0000 ,  0.0000 ,  0.0000 ,
  0.0000 ,  0.0000 ,  0.0000 ,  0.0000 ,  0.0000 ,  0.0000 ,
  0.0000 ,  0.0000 ,  0.0000 ,  0.0000 ,  0.0000 ,  0.0000 ,
  0.0000 ,  0.0000 ,  0.0000 ,  0.0000 ,  0.0000 ,  0.0000 ,
  0.0000 ,  0.0000 ,  0.0000 ,  0.0000 ,  0.0000 ,  0.0000 ,
  0.0000 ,  0.0000 ,  0.0000 ,  0.0000 ,  0.0000 ,  0.0000 ,
  0.0000 ,  0.0000 ,  0.0000 ,  0.0000 ,  0.0000 ,  0.0000 ,
  0.0000 ,  0.0000 ,  0.0000 ,  0.0000 ,  0.0000 ,  0.0000 ,
  0.0000 ,  0.0000 ,  0.0000 ,  0.0000 ,  0.0000 ,  0.0000 ,
  0.0000 ,  0.0000 ,  0.0000 ,  0.0000 ,  0.0000 ,  0.0000 ,
  0.0000 ,  0.0000 ,  0.0000 ,  0.0000 ,  0.0000 ,  0.0000 ,
  0.0000 ,  0.0000 ,  0.0000 ,  0.0000 ,  0.0000 ,  0.0000 ,
  0.0000 ,  0.0000 ,  0.0000 ,  0.0000 ,  0.0000 ,  0.0000 ,
  0.0000 ,  0.0000 ,  0.0000 ,  0.0000 ,  0.0000 ,  0.0000 ,
  0.0000 ,  0.0000 ,  0.0000 ,  0.0000 ,  0.0000 ,  0.0000 ,
  0.0000 ,  0.0000 ,  0.0000 ,  0.0000 ,  0.0000 ,  0.0000 ,
  0.0000 ,  0.0000 ,  0.0000 ,  0.0000 ,  0.0000 ,  0.0000 ,
  0.0000 ,  0.0000 ,  0.0000 ,  0.0000 ,  0.0000 ,  0.0000 ,
  0.0000 ,  0.0000 ,  0.0000 ,  0.0000 ,  0.0000 ,  0.0000 ,
  0.0000 ,  0.0000 ,  0.0000 ,  0.0000 ,  0.0000 ,  0.0000 ,
  0.0000 ,  0.0000 ,  0.0000 ,  0.0000 ,  0.0000 ,  0.0000 ,
  0.0000 ,  0.0000 ,  0.0000 ,  0.0000 ,  0.0000 ,  0.0000 ,
  0.0000 ,  0.0000 ,  0.0000 ,  0.0000 ,  0.0000 ,  0.0000 ,
  0.0000 ,  0.0000 ,  0.0000 ,  0.0000 ,  0.0000 ,  0.0000 ,
  0.0000 ,  0.0000 ,  0.0000 ,  0.0000 ,  0.0000 ,  0.0000 ,
  0.0000 ,  0.0000 ,  0.0000 ,  0.0000 ,  0.0000 ,  0.0000 ,
  0.0000 ,  0.0000 ,  0.0000 ,  0.0000 ,  0.0000 ,  0.0000 ,
  0.0000 ,  0.0000 ,  0.0000 ,  0.0000 ,  0.0000 ,  0.0000 ,
  0.0000 ,  0.0000 ,  0.0000 ,  0.0000 ,  0.0000 ,  0.0000 ,
  0.0000 ,  0.0000 ,  0.0000 ,  0.0000 ,  0.0000 ,  0.0000 ,
  0.0000 ,  0.0000 ,  0.0000 ,  0.0000 ,  0.0000 ,  0.0000 ,
  0.0000 ,  0.0000 ,  0.0000 ,  0.0000 ,  0.0000 ,  0.0000 ,
  0.0000 ,  0.0000 ,  0.0000 ,  0.0000 ,  0.0000 ,  0.0000 ,
  0.0000 ,  0.0000 ,  0.0000 ,  0.0000 ,  0.0000 ,  0.0000 ,
  0.0000 ,  0.0000 ,  0.0000 ,  0.0000 ,  0.0000 ,  0.0000 ,
  0.0000 ,  0.0000 ,  0.0000 ,  0.0000 ,  0.0000 ,  0.0000 ,
  0.0000 ,  0.0000 ,  0.0000 ,  0.0000 ,  0.0000 ,  0.0000 ,
  0.0000 ,  0.0000 ,  0.0000 ,  0.0000 ,  0.0000 ,  0.0000 ,
  0.0000 ,  0.0000 ,  0.0000 ,  0.0000 ,  0.0000 ,  0.0000 ,
  0.0000 ,  0.0000 ,  0.0000 ,  0.0000 ,  0.0000 ,  0.0000 ,
  0.0000 ,  0.0000 ,  0.0000 ,  0.0000 ,  0.0000 ,  0.0000 ,
  0.0000 ,  0.0000 ,  0.0000 ,  0.0000 ,  0.0000 ,  0.0000 ,
  0.0000 ,  0.0000 ,  0.0000 ,  0.0000 ,  0.0000 ,  0.0000 ,
  0.0000 ,  0.0000 ,  0.0000 ,  0.0000 ,  0.0000 ,  0.0000 ,
  0.0000 ,  0.0000 ,  0.0000 ,  0.0000 ,  0.0000 ,  0.0000 ,
  0.0000 ,  0.0000 ,  0.0000 ,  0.0000 ,  0.0000 ,  0.0000 ,
  0.0000 ,  0.0000 ,  0.0000 ,  0.0000 ,  0.0000 ,  0.0000 ,
  0.0000 ,  0.0000 ,  0.0000 ,  0.0000 ,  0.0000 ,  0.0000 ,
  0.0000 ,  0.0000 ,  0.0000 ,  0.0000 ,  0.0000 ,  0.0000 ,
  0.0000 ,  0.0000 ,  0.0000 ,  0.0000 ,  0.0000 ,  0.0000 ,
  0.0000 ,  0.0000 ,  0.0000 ,  0.0000 ,  0.0000 ,  0.0000 ,
  0.0000 ,  0.0000 ,  0.0000 ,  0.0000 ,  0.0000 ,  0.0000 ,
  0.0000 ,  0.0000 ,  0.0000 ,  0.0000 ,  0.0000 ,  0.0000 ,
  0.0000 ,  0.0000 ,  0.0000 ,  0.0000 ,  0.0000 ,  0.0000 ,
  0.0000 ,  0.0000 ,  0.0000 ,  0.0000 ,  0.0000 ,  0.0000 ,
  0.0000 ,  0.0000 ,  0.0000 ,  0.0000 ,  0.0000 ,  0.0000 ,
  0.0000 ,  0.0000 ,  0.0000 ,  0.0000 ,  0.0000 ,  0.0000 ,
  0.0000 ,  0.0000 ,  0.0000 ,  0.0000 ,  0.0000 ,  0.0000 ,
  0.0000 ,  0.0000 ,  0.0000 ,  0.0000 ,  0.0000 ,  0.0000 ,
  0.0000 ,  0.0000 ,  0.0000 ,  0.0000 ,  0.0000 ,  0.0000 ,
  0.0000 ,  0.0000 ,  0.0000 ,  0.0000 ,  0.0000 ,  0.0000 ,
  0.0000 ,  0.0000 ,  0.0000 ,  0.0000 ,  0.0000 ,  0.0000 ,
  0.0000 ,  0.0000 ,  0.0000 ,  0.0000 ,  0.0000 ,  0.0000 ,
  0.0000 ,  0.0000 ,  0.0000 ,  0.0000 ,  0.0000 ,  0.0000 ,
  0.0000 ,  0.0000 ,  0.0000 ,  0.0000 ,  0.0000 ,  0.0000 ,
  0.0000 ,  0.0000 ,  0.0000 ,  0.0000 ,  0.0000 ,  0.0000 ,
  0.0000 ,  0.0000 ,  0.0000 ,  0.0000 ,  0.0000 ,  0.0000 ,
  0.0000 ,  0.0000 ,  0.0000 ,  0.0000 ,  0.0000 ,  0.0000 ,
  0.0000 ,  0.0000 ,  0.0000 ,  0.0000 ,  0.0000 ,  0.0000 ,
  0.0000 ,  0.0000 ,  0.0000 ,  0.0000 ,  0.0000 ,  0.0000 ,
  0.0000 ,  0.0000 ,  0.0000 ,  0.0000 ,  0.0000 ,  0.0000 ,
  0.0000 ,  0.0000 ,  0.0000 ,  0.0000 ,  0.0000 ,  0.0000 ,
  0.0000 ,  0.0000 ,  0.0000 ,  0.0000 ,  0.0000 ,  0.0000 ,
  0.0000 ,  0.0000 ,  0.0000 ,  0.0000 ,  0.0000 ,  0.0000 ,
  0.0000 ,  0.0000 ,  0.0000 ,  0.0000 ,  0.0000 ,  0.0000 ,
  0.0000 ,  0.0000 ,  0.0000 ,  0.0000 ,  0.0000 ,  0.0000 ,
  0.0000 ,  0.0000 ,  0.0000 ,  0.0000 ,  0.0000 ,  0.0000 ,
  0.0000 ,  0.0000 ,  0.0000 ,  0.0000 ,  0.0000 ,  0.0000 ,
  0.0000 ,  0.0000 ,  0.0000 ,  0.0000 ,  0.0000 ,  0.0000 ,
  0.0000 ,  0.0000 ,  0.0000 ,  0.0000 ,  0.0000 ,  0.0000 ,
  0.0000 ,  0.0000 ,  0.0000 ,  0.0000 ,  0.0000 ,  0.0000 ,
  0.0000 ,  0.0000 ,  0.0000 ,  0.0000 ,  0.0000 ,  0.0000 ,
  0.0000 ,  0.0000 ,  0.0000 ,  0.0000 ,  0.0000 ,  0.0000 ,
  0.0000 ,  0.0000 ,  0.0000 ,  0.0000 ,  0.0000 ,  0.0000 ,
  0.0000 ,  0.0000 ,  0.0000 ,  0.0000 ,  0.0000 ,  0.0000 ,
  0.0000 ,  0.0000 ,  0.0000 ,  0.0000 ,  0.0000 ,  0.0000 ,
  0.0000 ,  0.0000 ,  0.0000 ,  0.0000 ,  0.0000 ,  0.0000 ,
  0.0000 ,  0.0000 ,  0.0000 ,  0.0000 ,  0.0000 ,  0.0000 ,
  0.0000 ,  0.0000 ,  0.0000 ,  0.0000 ,  0.0000 ,  0.0000 ,
  0.0000 ,  0.0000 ,  0.0000 ,  0.0000 ,  0.0000 ,  0.0000 ,
  0.0000 ,  0.0000 ,  0.0000 ,  0.0000 ,  0.0000 ,  0.0000 ,
  0.0000 ,  0.0000 ,  0.0000 ,  0.0000 ,  0.0000 ,  0.0000 ,
  0.0000 ,  0.0000 ,  0.0000 ,  0.0000 ,  0.0000 ,  0.0000 ,
  0.0000 ,  0.0000 ,  0.0000 ,  0.0000 ,  0.0000 ,  0.0000 ,
  0.0000 ,  0.0000 ,  0.0000 ,  0.0000 ,  0.0000 ,  0.0000 ,
  0.0000 ,  0.0000 ,  0.0000 ,  0.0000 ,  0.0000 ,  0.0000 ,
  0.0000 ,  0.0000 ,  0.0000 ,  0.0000 ,  0.0000 ,  0.0000 ,
  0.0000 ,  0.0000 ,  0.0000 ,  0.0000 ,  0.0000 ,  0.0000 ,
  0.0000 ,  0.0000 ,  0.0000 ,  0.0000 ,  0.0000 ,  0.0000 ,
  0.0000 ,  0.0000 ,  0.0000 ,  0.0000 ,  0.0000 ,  0.0000 ,
  0.0000 ,  0.0000 ,  0.0000 ,  0.0000 ,  0.0000 ,  0.0000 ,
  0.0000 ,  0.0000 ,  0.0000 ,  0.0000 ,  0.0000 ,  0.0000 ,
  0.0000 ,  0.0000 ,  0.0000 ,  0.0000 ,  0.0000 ,  0.0000 ,
  0.0000 ,  0.0000 ,  0.0000 ,  0.0000 ,  0.0000 ,  0.0000 ,
  0.0000 ,  0.0000 ,  0.0000 ,  0.0000 ,  0.0000 ,  0.0000 ,
  0.0000 ,  0.0000 ,  0.0000 ,  0.0000 ,  0.0000 ,  0.0000 ,
  0.0000 ,  0.0000 ,  0.0000 ,  0.0000 ,  0.0000 ,  0.0000 ,
  0.0000 ,  0.0000 ,  0.0000 ,  0.0000 ,  0.0000 ,  0.0000 ,
  0.0000 ,  0.0000 ,  0.0000 ,  0.0000 ,  0.0000 ,  0.0000 ,
  0.0000 ,  0.0000 ,  0.0000 ,  0.0000 ,  0.0000 ,  0.0000 ,
  0.0000 ,  0.0000 ,  0.0000 ,  0.0000 ,  0.0000 ,  0.0000 ,
  0.0000 ,  0.0000 ,  0.0000 ,  0.0000 ,  0.0000 ,  0.0000 ,
  0.0000 ,  0.0000 ,  0.0000 ,  0.0000 ,  0.0000 ,  0.0000 ,
  0.0000 ,  0.0000 ,  0.0000 ,  0.0000 ,  0.0000 ,  0.0000 ,
  0.0000 ,  0.0000 ,  0.0000 ,  0.0000 ,  0.0000 ,  0.0000 ,
  0.0000 ,  0.0000 ,  0.0000 ,  0.0000 ,  0.0000 ,  0.0000 ,
  0.0000 ,  0.0000 ,  0.0000 ,  0.0000 ,  0.0000 ,  0.0000 ,
  0.0000 ,  0.0000 ,  0.0000 ,  0.0000 ,  0.0000 ,  0.0000 ,
  0.0000 ,  0.0000 ,  0.0000 ,  0.0000 ,  0.0000 ,  0.0000 ,
  0.0000 ,  0.0000 ,  0.0000 ,  0.0000 ,  0.0000 ,  0.0000 ,
  0.0000 ,  0.0000 ,  0.0000 ,  0.0000 ,  0.0000 ,  0.0000 ,
  0.0000 ,  0.0000 ,  0.0000 ,  0.0000 ,  0.0000 ,  0.0000 ,
  0.0000 ,  0.0000 ,  0.0000 ,  0.0000 ,  0.0000 ,  0.0000 ,
  0.0000 ,  0.0000 ,  0.0000 ,  0.0000 ,  0.0000 ,  0.0000 ,
  0.0000 ,  0.0000 ,  0.0000 ,  0.0000 ,  0.0000 ,  0.0000 ,
  0.0000 ,  0.0000 ,  0.0000 ,  0.0000 ,  0.0000 ,  0.0000 ,
  0.0000 ,  0.0000 ,  0.0000 ,  0.0000 ,  0.0000 ,  0.0000 ,
  0.0000 ,  0.0000 ,  0.0000 ,  0.0000 ,  0.0000 ,  0.0000 ,
  0.0000 ,  0.0000 ,  0.0000 ,  0.0000 ,  0.0000 ,  0.0000 ,
  0.0000 ,  0.0000 ,  0.0000 ,  0.0000 ,  0.0000 ,  0.0000 ,
  0.0000 ,  0.0000 ,  0.0000 ,  0.0000 ,  0.0000 ,  0.0000 ,
  0.0000 ,  0.0000 ,  0.0000 ,  0.0000 ,  0.0000 ,  0.0000 ,
  0.0000 ,  0.0000 ,  0.0000 ,  0.0000 ,  0.0000 ,  0.0000 ,
  0.0000 ,  0.0000 ,  0.0000 ,  0.0000 ,  0.0000 ,  0.0000 ,
  0.0000 ,  0.0000 ,  0.0000 ,  0.0000 ,  0.0000 ,  0.0000 ,
  0.0000 ,  0.0000 ,  0.0000 ,  0.0000 ,  0.0000 ,  0.0000 ,
  0.0000 ,  0.0000 ,  0.0000 ,  0.0000 ,  0.0000 ,  0.0000 ,
  0.0000 ,  0.0000 ,  0.0000 ,  0.0000 ,  0.0000 ,  0.0000 ,
  0.0000 ,  0.0000 ,  0.0000 ,  0.0000 ,  0.0000 ,  0.0000 ,
  0.0000 ,  0.0000 ,  0.0000 ,  0.0000 ,  0.0000 ,  0.0000 ,
  0.0000 ,  0.0000 ,  0.0000 ,  0.0000 ,  0.0000 ,  0.0000 ,
  0.0000 ,  0.0000 ,  0.0000 ,  0.0000 ,  0.0000 ,  0.0000 ,
  0.0000 ,  0.0000 ,  0.0000 ,  0.0000 ,  0.0000 ,  0.0000 ,
  0.0000 ,  0.0000 ,  0.0000 ,  0.0000 ,  0.0000 ,  0.0000 ,
  0.0000 ,  0.0000 ,  0.0000 ,  0.0000 ,  0.0000 ,  0.0000 ,
  0.0000 ,  0.0000 ,  0.0000 ,  0.0000 ,  0.0000 ,  0.0000 ,
  0.0000 ,  0.0000 ,  0.0000 ,  0.0000 ,  0.0000 ,  0.0000 ,
  0.0000 ,  0.0000 ,  0.0000 ,  0.0000 ,  0.0000 ,  0.0000 ,
  0.0000 ,  0.0000 ,  0.0000 ,  0.0000 ,  0.0000 ,  0.0000 ,
  0.0000 ,  0.0000 ,  0.0000 ,  0.0000 ,  0.0000 ,  0.0000 ,
  0.0000 ,  0.0000 ,  0.0000 ,  0.0000 ,  0.0000 ,  0.0000 ,
  0.0000 ,  0.0000 ,  0.0000 ,  0.0000 ,  0.0000 ,  0.0000 ,
  0.0000 ,  0.0000 ,  0.0000 ,  0.0000 ,  0.0000 ,  0.0000 ,
  0.0000 ,  0.0000 ,  0.0000 ,  0.0000 ,  0.0000 ,  0.0000 ,
  0.0000 ,  0.0000 ,  0.0000 ,  0.0000 ,  0.0000 ,  0.0000 ,
  0.0000 ,  0.0000 ,  0.0000 ,  0.0000 ,  0.0000 ,  0.0000 ,
  0.0000 ,  0.0000 ,  0.0000 ,  0.0000 ,  0.0000 ,  0.0000 ,
  0.0000 ,  0.0000 ,  0.0000 ,  0.0000 ,  0.0000 ,  0.0000 ,
  0.0000 ,  0.0000 ,  0.0000 ,  0.0000 ,  0.0000 ,  0.0000 ,
  0.0000 ,  0.0000 ,  0.0000 ,  0.0000 ,  0.0000 ,  0.0000 ,
  0.0000 ,  0.0000 ,  0.0000 ,  0.0000 ,  0.0000 ,  0.0000 ,
  0.0000 ,  0.0000 ,  0.0000 ,  0.0000 ,  0.0000 ,  0.0000 ,
  0.0000 ,  0.0000 ,  0.0000 ,  0.0000 ,  0.0000 ,  0.0000 ,
  0.0000 ,  0.0000 ,  0.0000 ,  0.0000 ,  0.0000 ,  0.0000 ,
  0.0000 ,  0.0000 ,  0.0000 ,  0.0000 ,  0.0000 ,  0.0000 ,
  0.0000 ,  0.0000 ,  0.0000 ,  0.0000 ,  0.0000 ,  0.0000 ,
  0.0000 ,  0.0000 ,  0.0000 ,  0.0000 ,  0.0000 ,  0.0000 ,
  0.0000 ,  0.0000 ,  0.0000 ,  0.0000 ,  0.0000 ,  0.0000 ,
  0.0000 ,  0.0000 ,  0.0000 ,  0.0000 ,  0.0000 ,  0.0000 ,
  0.0000 ,  0.0000 ,  0.0000 ,  0.0000 ,  0.0000 ,  0.0000 ,
  0.0000 ,  0.0000 ,  0.0000 ,  0.0000 ,  0.0000 ,  0.0000 ,
  0.0000 ,  0.0000 ,  0.0000 ,  0.0000 ,  0.0000 ,  0.0000 ,
  0.0000 ,  0.0000 ,  0.0000 ,  0.0000 ,  0.0000 ,  0.0000 ,
  0.0000 ,  0.0000 ,  0.0000 ,  0.0000 ,  0.0000 ,  0.0000 ,
  0.0000 ,  0.0000 ,  0.0000 ,  0.0000 ,  0.0000 ,  0.0000 ,
  0.0000 ,  0.0000 ,  0.0000 ,  0.0000 ,  0.0000 ,  0.0000 ,
  0.0000 ,  0.0000 ,  0.0000 ,  0.0000 ,  0.0000 ,  0.0000 ,
  0.0000 ,  0.0000 ,  0.0000 ,  0.0000 ,  0.0000 ,  0.0000 ,
  0.0000 ,  0.0000 ,  0.0000 ,  0.0000 ,  0.0000 ,  0.0000 ,
  0.0000 ,  0.0000 ,  0.0000 ,  0.0000 ,  0.0000 ,  0.0000 ,
  0.0000 ,  0.0000 ,  0.0000 ,  0.0000 ,  0.0000 ,  0.0000 ,
  0.0000 ,  0.0000 ,  0.0000 ,  0.0000 ,  0.0000 ,  0.0000 ,
  0.0000 ,  0.0000 ,  0.0000 ,  0.0000 ,  0.0000 ,  0.0000 ,
  0.0000 ,  0.0000 ,  0.0000 ,  0.0000 ,  0.0000 ,  0.0000 ,
  0.0000 ,  0.0000 ,  0.0000 ,  0.0000 ,  0.0000 ,  0.0000 ,
  0.0000 ,  0.0000 ,  0.0000 ,  0.0000 ,  0.0000 ,  0.0000 ,
  0.0000 ,  0.0000 ,  0.0000 ,  0.0000 ,  0.0000 ,  0.0000 ,
  0.0000 ,  0.0000 ,  0.0000 ,  0.0000 ,  0.0000 ,  0.0000 ,
  0.0000 ,  0.0000 ,  0.0000 ,  0.0000 ,  0.0000 ,  0.0000 ,
  0.0000 ,  0.0000 ,  0.0000 ,  0.0000 ,  0.0000 ,  0.0000 ,
  0.0000 ,  0.0000 ,  0.0000 ,  0.0000 ,  0.0000 ,  0.0000 ,
  0.0000 ,  0.0000 ,  0.0000 ,  0.0000 ,  0.0000 ,  0.0000 ,
  0.0000 ,  0.0000 ,  0.0000 ,  0.0000 ,  0.0000 ,  0.0000 ,
  0.0000 ,  0.0000 ,  0.0000 ,  0.0000 ,  0.0000 ,  0.0000 ,
  0.0000 ,  0.0000 ,  0.0000 ,  0.0000 ,  0.0000 ,  0.0000 ,
  0.0000 ,  0.0000 ,  0.0000 ,  0.0000 ,  0.0000 ,  0.0000 ,
  0.0000 ,  0.0000 ,  0.0000 ,  0.0000 ,  0.0000 ,  0.0000 ,
  0.0000 ,  0.0000 ,  0.0000 ,  0.0000 ,  0.0000 ,  0.0000 ,
  0.0000 ,  0.0000 ,  0.0000 ,  0.0000 ,  0.0000 ,  0.0000 ,
  0.0000 ,  0.0000 ,  0.0000 ,  0.0000 ,  0.0000 ,  0.0000 ,
  0.0000 ,  0.0000 ,  0.0000 ,  0.0000 ,  0.0000 ,  0.0000 ,
  0.0000 ,  0.0000 ,  0.0000 ,  0.0000 ,  0.0000 ,  0.0000 ,
  0.0000 ,  0.0000 ,  0.0000 ,  0.0000 ,  0.0000 ,  0.0000 ,
  0.0000 ,  0.0000 ,  0.0000 ,  0.0000 ,  0.0000 ,  0.0000 ,
  0.0000 ,  0.0000 ,  0.0000 ,  0.0000 ,  0.0000 ,  0.0000 ,
  0.0000 ,  0.0000 ,  0.0000 ,  0.0000 ,  0.0000 ,  0.0000 ,
  0.0000 ,  0.0000 ,  0.0000 ,  0.0000 ,  0.0000 ,  0.0000 ,
  0.0000 ,  0.0000 ,  0.0000 ,  0.0000 ,  0.0000 ,  0.0000 ,
  0.0000 ,  0.0000 ,  0.0000 ,  0.0000 ,  0.0000 ,  0.0000 ,
  0.0000 ,  0.0000 ,  0.0000 ,  0.0000 ,  0.0000 ,  0.0000 ,
  0.0000 ,  0.0000 ,  0.0000 ,  0.0000 ,  0.0000 ,  0.0000 ,
  0.0000 ,  0.0000 ,  0.0000 ,  0.0000 ,  0.0000 ,  0.0000 ,
  0.0000 ,  0.0000 ,  0.0000 ,  0.0000 ,  0.0000 ,  0.0000 ,
  0.0000 ,  0.0000 ,  0.0000 ,  0.0000 ,  0.0000 ,  0.0000 ,
  0.0000 ,  0.0000 ,  0.0000 ,  0.0000 ,  0.0000 ,  0.0000 ,
  0.0000 ,  0.0000 ,  0.0000 ,  0.0000 ,  0.0000 ,  0.0000 ,
  0.0000 ,  0.0000 ,  0.0000 ,  0.0000 ,  0.0000 ,  0.0000 ,
  0.0000 ,  0.0000 ,  0.0000 ,  0.0000 ,  0.0000 ,  0.0000 ,
  0.0000 ,  0.0000 ,  0.0000 ,  0.0000 ,  0.0000 ,  0.0000 ,
  0.0000 ,  0.0000 ,  0.0000 ,  0.0000 ,  0.0000 ,  0.0000 ,
  0.0000 ,  0.0000 ,  0.0000 ,  0.0000 ,  0.0000 ,  0.0000 ,
  0.0000 ,  0.0000 ,  0.0000 ,  0.0000 ,  0.0000 ,  0.0000 ,
  0.0000 ,  0.0000 ,  0.0000 ,  0.0000 ,  0.0000 ,  0.0000 ,
  0.0000 ,  0.0000 ,  0.0000 ,  0.0000 ,  0.0000 ,  0.0000 ,
  0.0000 ,  0.0000 ,  0.0000 ,  0.0000 ,  0.0000 ,  0.0000 ,
  0.0000 ,  0.0000 ,  0.0000 ,  0.0000 ,  0.0000 ,  0.0000 ,
  0.0000 ,  0.0000 ,  0.0000 ,  0.0000 ,  0.0000 ,  0.0000 ,
  0.0000 ,  0.0000 ,  0.0000 ,  0.0000 ,  0.0000 ,  0.0000 ,
  0.0000 ,  0.0000 ,  0.0000 ,  0.0000 ,  0.0000 ,  0.0000 ,
  0.0000 ,  0.0000 ,  0.0000 ,  0.0000 ,  0.0000 ,  0.0000 ,
  0.0000 ,  0.0000 ,  0.0000 ,  0.0000 ,  0.0000 ,  0.0000 ,
  0.0000 ,  0.0000 ,  0.0000 ,  0.0000 ,  0.0000 ,  0.0000 ,
  0.0000 ,  0.0000 ,  0.0000 ,  0.0000 ,  0.0000 ,  0.0000 ,
  0.0000 ,  0.0000 ,  0.0000 ,  0.0000 ,  0.0000 ,  0.0000 ,
  0.0000 ,  0.0000 ,  0.0000 ,  0.0000 ,  0.0000 ,  0.0000 ,
  0.0000 ,  0.0000 ,  0.0000 ,  0.0000 ,  0.0000 ,  0.0000 ,
  0.0000 ,  0.0000 ,  0.0000 ,  0.0000 ,  0.0000 ,  0.0000 ,
  0.0000 ,  0.0000 ,  0.0000 ,  0.0000 ,  0.0000 ,  0.0000 ,
  0.0000 ,  0.0000 ,  0.0000 ,  0.0000 ,  0.0000 ,  0.0000 ,
  0.0000 ,  0.0000 ,  0.0000 ,  0.0000 ,  0.0000 ,  0.0000 ,
  0.0000 ,  0.0000 ,  0.0000 ,  0.0000 ,  0.0000 ,  0.0000 ,
  0.0000 ,  0.0000 ,  0.0000 ,  0.0000 ,  0.0000 ,  0.0000 ,
  0.0000 ,  0.0000 ,  0.0000 ,  0.0000 ,  0.0000 ,  0.0000 ,
  0.0000 ,  0.0000 ,  0.0000 ,  0.0000 ,  0.0000 ,  0.0000 ,
  0.0000 ,  0.0000 ,  0.0000 ,  0.0000 ,  0.0000 ,  0.0000 ,
  0.0000 ,  0.0000 ,  0.0000 ,  0.0000 ,  0.0000 ,  0.0000 ,
  0.0000 ,  0.0000 ,  0.0000 ,  0.0000 ,  0.0000 ,  0.0000 ,
  0.0000 ,  0.0000 ,  0.0000 ,  0.0000 ,  0.0000 ,  0.0000 ,
  0.0000 ,  0.0000 ,  0.0000 ,  0.0000 ,  0.0000 ,  0.0000 ,
  0.0000 ,  0.0000 ,  0.0000 ,  0.0000 ,  0.0000 ,  0.0000 ,
  0.0000 ,  0.0000 ,  0.0000 ,  0.0000 ,  0.0000 ,  0.0000 ,
  0.0000 ,  0.0000 ,  0.0000 ,  0.0000 ,  0.0000 ,  0.0000 ,
  0.0000 ,  0.0000 ,  0.0000 ,  0.0000 ,  0.0000 ,  0.0000 ,
  0.0000 ,  0.0000 ,  0.0000 ,  0.0000 ,  0.0000 ,  0.0000 ,
  0.0000 ,  0.0000 ,  0.0000 ,  0.0000 ,  0.0000 ,  0.0000 ,
  0.0000 ,  0.0000 ,  0.0000 ,  0.0000 ,  0.0000 ,  0.0000 ,
  0.0000 ,  0.0000 ,  0.0000 ,  0.0000 ,  0.0000 ,  0.0000 ,
  0.0000 ,  0.0000 ,  0.0000 ,  0.0000 ,  0.0000 ,  0.0000 ,
  0.0000 ,  0.0000 ,  0.0000 ,  0.0000 ,  0.0000 ,  0.0000 ,
  0.0000 ,  0.0000 ,  0.0000 ,  0.0000 ,  0.0000 ,  0.0000 ,
  0.0000 ,  0.0000 ,  0.0000 ,  0.0000 ,  0.0000 ,  0.0000 ,
  0.0000 ,  0.0000 ,  0.0000 ,  0.0000 ,  0.0000 ,  0.0000 ,
  0.0000 ,  0.0000 ,  0.0000 ,  0.0000 ,  0.0000 ,  0.0000 ,
  0.0000 ,  0.0000 ,  0.0000 ,  0.0000 ,  0.0000 ,  0.0000 ,
  0.0000 ,  0.0000 ,  0.0000 ,  0.0000 ,  0.0000 ,  0.0000 ,
  0.0000 ,  0.0000 ,  0.0000 ,  0.0000 ,  0.0000 ,  0.0000 ,
  0.0000 ,  0.0000 ,  0.0000 ,  0.0000 ,  0.0000 ,  0.0000 ,
  0.0000 ,  0.0000 ,  0.0000 ,  0.0000 ,  0.0000 ,  0.0000 ,
  0.0000 ,  0.0000 ,  0.0000 ,  0.0000 ,  0.0000 ,  0.0000 ,
  0.0000 ,  0.0000 ,  0.0000 ,  0.0000 ,  0.0000 ,  0.0000 ,
  0.0000 ,  0.0000 ,  0.0000 ,  0.0000 ,  0.0000 ,  0.0000 ,
  0.0000 ,  0.0000 ,  0.0000 ,  0.0000 ,  0.0000 ,  0.0000 ,
  0.0000 ,  0.0000 ,  0.0000 ,  0.0000 ,  0.0000 ,  0.0000 ,
  0.0000 ,  0.0000 ,  0.0000 ,  0.0000 ,  0.0000 ,  0.0000 ,
  0.0000 ,  0.0000 ,  0.0000 ,  0.0000 ,  0.0000 ,  0.0000 ,
  0.0000 ,  0.0000 ,  0.0000 ,  0.0000 ,  0.0000 ,  0.0000 ,
  0.0000 ,  0.0000 ,  0.0000 ,  0.0000 ,  0.0000 ,  0.0000 ,
  0.0000 ,  0.0000 ,  0.0000 ,  0.0000 ,  0.0000 ,  0.0000 ,
  0.0000 ,  0.0000 ,  0.0000 ,  0.0000 ,  0.0000 ,  0.0000 ,
  0.0000 ,  0.0000 ,  0.0000 ,  0.0000 ,  0.0000 ,  0.0000 ,
  0.0000 ,  0.0000 ,  0.0000 ,  0.0000 ,  0.0000 ,  0.0000 ,
  0.0000 ,  0.0000 ,  0.0000 ,  0.0000 ,  0.0000 ,  0.0000 ,
  0.0000 ,  0.0000 ,  0.0000 ,  0.0000 ,  0.0000 ,  0.0000 ,
  0.0000 ,  0.0000 ,  0.0000 ,  0.0000 ,  0.0000 ,  0.0000 ,
  0.0000 ,  0.0000 ,  0.0000 ,  0.0000 ,  0.0000 ,  0.0000 ,
  0.0000 ,  0.0000 ,  0.0000 ,  0.0000 ,  0.0000 ,  0.0000 ,
  0.0000 ,  0.0000 ,  0.0000 ,  0.0000 ,  0.0000 ,  0.0000 ,
  0.0000 ,  0.0000 ,  0.0000 ,  0.0000 ,  0.0000 ,  0.0000 ,
  0.0000 ,  0.0000 ,  0.0000 ,  0.0000 ,  0.0000 ,  0.0000 ,
  0.0000 ,  0.0000 ,  0.0000 ,  0.0000 ,  0.0000 ,  0.0000 ,
  0.0000 ,  0.0000 ,  0.0000 ,  0.0000 ,  0.0000 ,  0.0000 ,
  0.0000 ,  0.0000 ,  0.0000 ,  0.0000 ,  0.0000 ,  0.0000 ,
  0.0000 ,  0.0000 ,  0.0000 ,  0.0000 ,  0.0000 ,  0.0000 ,
  0.0000 ,  0.0000 ,  0.0000 ,  0.0000 ,  0.0000 ,  0.0000 ,
  0.0000 ,  0.0000 ,  0.0000 ,  0.0000 ,  0.0000 ,  0.0000 ,
  0.0000 ,  0.0000 ,  0.0000 ,  0.0000 ,  0.0000 ,  0.0000 ,
  0.0000 ,  0.0000 ,  0.0000 ,  0.0000 ,  0.0000 ,  0.0000 ,
  0.0000 ,  0.0000 ,  0.0000 ,  0.0000 ,  0.0000 ,  0.0000 ,
  0.0000 ,  0.0000 ,  0.0000 ,  0.0000 ,  0.0000 ,  0.0000 ,
  0.0000 ,  0.0000 ,  0.0000 ,  0.0000 ,  0.0000 ,  0.0000 ,
  0.0000 ,  0.0000 ,  0.0000 ,  0.0000 ,  0.0000 ,  0.0000 ,
  0.0000 ,  0.0000 ,  0.0000 ,  0.0000 ,  0.0000 ,  0.0000 ,
  0.0000 ,  0.0000 ,  0.0000 ,  0.0000 ,  0.0000 ,  0.0000 ,
  0.0000 ,  0.0000 ,  0.0000 ,  0.0000 ,  0.0000 ,  0.0000 ,
  0.0000 ,  0.0000 ,  0.0000 ,  0.0000 ,  0.0000 ,  0.0000 ,
  0.0000 ,  0.0000 ,  0.0000 ,  0.0000 ,  0.0000 ,  0.0000 ,
  0.0000 ,  0.0000 ,  0.0000 ,  0.0000 ,  0.0000 ,  0.0000 ,
  0.0000 ,  0.0000 ,  0.0000 ,  0.0000 ,  0.0000 ,  0.0000 ,
  0.0000 ,  0.0000 ,  0.0000 ,  0.0000 ,  0.0000 ,  0.0000 ,
  0.0000 ,  0.0000 ,  0.0000 ,  0.0000 ,  0.0000 ,  0.0000 ,
  0.0000 ,  0.0000 ,  0.0000 ,  0.0000 ,  0.0000 ,  0.0000 ,
  0.0000 ,  0.0000 ,  0.0000 ,  0.0000 ,  0.0000 ,  0.0000 ,
  0.0000 ,  0.0000 ,  0.0000 ,  0.0000 ,  0.0000 ,  0.0000 ,
  0.0000 ,  0.0000 ,  0.0000 ,  0.0000 ,  0.0000 ,  0.0000 ,
  0.0000 ,  0.0000 ,  0.0000 ,  0.0000 ,  0.0000 ,  0.0000 ,
  0.0000 ,  0.0000 ,  0.0000 ,  0.0000 ,  0.0000 ,  0.0000 ,
  0.0000 ,  0.0000 ,  0.0000 ,  0.0000 ,  0.0000 ,  0.0000 ,
  0.0000 ,  0.0000 ,  0.0000 ,  0.0000 ,  0.0000 ,  0.0000 ,
  0.0000 ,  0.0000 ,  0.0000 ,  0.0000 ,  0.0000 ,  0.0000 ,
  0.0000 ,  0.0000 ,  0.0000 ,  0.0000 ,  0.0000 ,  0.0000 ,
  0.0000 ,  0.0000 ,  0.0000 ,  0.0000 ,  0.0000 ,  0.0000 ,
  0.0000 ,  0.0000 ,  0.0000 ,  0.0000 ,  0.0000 ,  0.0000 ,
  0.0000 ,  0.0000 ,  0.0000 ,  0.0000 ,  0.0000 ,  0.0000 ,
  0.0000 ,  0.0000 ,  0.0000 ,  0.0000 ,  0.0000 ,  0.0000 ,
  0.0000 ,  0.0000 ,  0.0000 ,  0.0000 ,  0.0000 ,  0.0000 ,
  0.0000 ,  0.0000 ,  0.0000 ,  0.0000 ,  0.0000 ,  0.0000 ,
  0.0000 ,  0.0000 ,  0.0000 ,  0.0000 ,  0.0000 ,  0.0000 ,
  0.0000 ,  0.0000 ,  0.0000 ,  0.0000 ,  0.0000 ,  0.0000 ,
  0.0000 ,  0.0000 ,  0.0000 ,  0.0000 ,  0.0000 ,  0.0000 ,
  0.0000 ,  0.0000 ,  0.0000 ,  0.0000 ,  0.0000 ,  0.0000 ,
  0.0000 ,  0.0000 ,  0.0000 ,  0.0000 ,  0.0000 ,  0.0000 ,
  0.0000 ,  0.0000 ,  0.0000 ,  0.0000 ,  0.0000 ,  0.0000 ,
  0.0000 ,  0.0000 ,  0.0000 ,  0.0000 ,  0.0000 ,  0.0000 ,
  0.0000 ,  0.0000 ,  0.0000 ,  0.0000 ,  0.0000 ,  0.0000 ,
  0.0000 ,  0.0000 ,  0.0000 ,  0.0000 ,  0.0000 ,  0.0000 ,
  0.0000 ,  0.0000 ,  0.0000 ,  0.0000 ,  0.0000 ,  0.0000 ,
  0.0000 ,  0.0000 ,  0.0000 ,  0.0000 ,  0.0000 ,  0.0000 ,
  0.0000 ,  0.0000 ,  0.0000 ,  0.0000 ,  0.0000 ,  0.0000 ,
  0.0000 ,  0.0000 ,  0.0000 ,  0.0000 ,  0.0000 ,  0.0000 ,
  0.0000 ,  0.0000 ,  0.0000 ,  0.0000 ,  0.0000 ,  0.0000 ,
  0.0000 ,  0.0000 ,  0.0000 ,  0.0000 ,  0.0000 ,  0.0000 ,
  0.0000 ,  0.0000 ,  0.0000 ,  0.0000 ,  0.0000 ,  0.0000 ,
  0.0000 ,  0.0000 ,  0.0000 ,  0.0000 ,  0.0000 ,  0.0000 ,
  0.0000 ,  0.0000 ,  0.0000 ,  0.0000 ,  0.0000 ,  0.0000 ,
  0.0000 ,  0.0000 ,  0.0000 ,  0.0000 ,  0.0000 ,  0.0000 ,
  0.0000 ,  0.0000 ,  0.0000 ,  0.0000 ,  0.0000 ,  0.0000 ,
  0.0000 ,  0.0000 ,  0.0000 ,  0.0000 ,  0.0000 ,  0.0000 ,
  0.0000 ,  0.0000 ,  0.0000 ,  0.0000 ,  0.0000 ,  0.0000 ,
  0.0000 ,  0.0000 ,  0.0000 ,  0.0000 ,  0.0000 ,  0.0000 ,
  0.0000 ,  0.0000 ,  0.0000 ,  0.0000 ,  0.0000 ,  0.0000 ,
  0.0000 ,  0.0000 ,  0.0000 ,  0.0000 ,  0.0000 ,  0.0000 ,
  0.0000 ,  0.0000 ,  0.0000 ,  0.0000 ,  0.0000 ,  0.0000 ,
  0.0000 ,  0.0000 ,  0.0000 ,  0.0000 ,  0.0000 ,  0.0000 ,
  0.0000 ,  0.0000 ,  0.0000 ,  0.0000 ,  0.0000 ,  0.0000 ,
  0.0000 ,  0.0000 ,  0.0000 ,  0.0000 ,  0.0000 ,  0.0000 ,
  0.0000 ,  0.0000 ,  0.0000 ,  0.0000 ,  0.0000 ,  0.0000 ,
  0.0000 ,  0.0000 ,  0.0000 ,  0.0000 ,  0.0000 ,  0.0000 ,
  0.0000 ,  0.0000 ,  0.0000 ,  0.0000 ,  0.0000 ,  0.0000 ,
  0.0000 ,  0.0000 ,  0.0000 ,  0.0000 ,  0.0000 ,  0.0000 ,
  0.0000 ,  0.0000 ,  0.0000 ,  0.0000 ,  0.0000 ,  0.0000 ,
  0.0000 ,  0.0000 ,  0.0000 ,  0.0000 ,  0.0000 ,  0.0000 ,
  0.0000 ,  0.0000 ,  0.0000 ,  0.0000 ,  0.0000 ,  0.0000 ,
  0.0000 ,  0.0000 ,  0.0000 ,  0.0000 ,  0.0000 ,  0.0000 ,
  0.0000 ,  0.0000 ,  0.0000 ,  0.0000 ,  0.0000 ,  0.0000 ,
  0.0000 ,  0.0000 ,  0.0000 ,  0.0000 ,  0.0000 ,  0.0000 ,
  0.0000 ,  0.0000 ,  0.0000 ,  0.0000 ,  0.0000 ,  0.0000 ,
  0.0000 ,  0.0000 ,  0.0000 ,  0.0000 ,  0.0000 ,  0.0000 ,
  0.0000 ,  0.0000 ,  0.0000 ,  0.0000 ,  0.0000 ,  0.0000 ,
  0.0000 ,  0.0000 ,  0.0000 ,  0.0000 ,  0.0000 ,  0.0000 ,
  0.0000 ,  0.0000 ,  0.0000 ,  0.0000 ,  0.0000 ,  0.0000 ,
  0.0000 ,  0.0000 ,  0.0000 ,  0.0000 ,  0.0000 ,  0.0000 ,
  0.0000 ,  0.0000 ,  0.0000 ,  0.0000 ,  0.0000 ,  0.0000 ,
  0.0000 ,  0.0000 ,  0.0000 ,  0.0000 ,  0.0000 ,  0.0000 ,
  0.0000 ,  0.0000 ,  0.0000 ,  0.0000 ,  0.0000 ,  0.0000 ,
  0.0000 ,  0.0000 ,  0.0000 ,  0.0000 ,  0.0000 ,  0.0000 ,
  0.0000 ,  0.0000 ,  0.0000 ,  0.0000 ,  0.0000 ,  0.0000 ,
  0.0000 ,  0.0000 ,  0.0000 ,  0.0000 ,  0.0000 ,  0.0000 ,
  0.0000 ,  0.0000 ,  0.0000 ,  0.0000 ,  0.0000 ,  0.0000 ,
  0.0000 ,  0.0000 ,  0.0000 ,  0.0000 ,  0.0000 ,  0.0000 ,
  0.0000 ,  0.0000 ,  0.0000 ,  0.0000 ,  0.0000 ,  0.0000 ,
  0.0000 ,  0.0000 ,  0.0000 ,  0.0000 ,  0.0000 ,  0.0000 ,
  0.0000 ,  0.0000 ,  0.0000 ,  0.0000 ,  0.0000 ,  0.0000 ,
  0.0000 ,  0.0000 ,  0.0000 ,  0.0000 ,  0.0000 ,  0.0000 ,
  0.0000 ,  0.0000 ,  0.0000 ,  0.0000 ,  0.0000 ,  0.0000 ,
  0.0000 ,  0.0000 ,  0.0000 ,  0.0000 ,  0.0000 ,  0.0000 ,
  0.0000 ,  0.0000 ,  0.0000 ,  0.0000 ,  0.0000 ,  0.0000 ,
  0.0000 ,  0.0000 ,  0.0000 ,  0.0000 ,  0.0000 ,  0.0000 ,
  0.0000 ,  0.0000 ,  0.0000 ,  0.0000 ,  0.0000 ,  0.0000 ,
  0.0000 ,  0.0000 ,  0.0000 ,  0.0000 ,  0.0000 ,  0.0000 ,
  0.0000 ,  0.0000 ,  0.0000 ,  0.0000 ,  0.0000 ,  0.0000 ,
  0.0000 ,  0.0000 ,  0.0000 ,  0.0000 ,  0.0000 ,  0.0000 ,
  0.0000 ,  0.0000 ,  0.0000 ,  0.0000 ,  0.0000 ,  0.0000 ,
  0.0000 ,  0.0000 ,  0.0000 ,  0.0000 ,  0.0000 ,  0.0000 ,
  0.0000 ,  0.0000 ,  0.0000 ,  0.0000 ,  0.0000 ,  0.0000 ,
  0.0000 ,  0.0000 ,  0.0000 ,  0.0000 ,  0.0000 ,  0.0000 ,
  0.0000 ,  0.0000 ,  0.0000 ,  0.0000 ,  0.0000 ,  0.0000 ,
  0.0000 ,  0.0000 ,  0.0000 ,  0.0000 ,  0.0000 ,  0.0000 ,
  0.0000 ,  0.0000 ,  0.0000 ,  0.0000 ,  0.0000 ,  0.0000 ,
  0.0000 ,  0.0000 ,  0.0000 ,  0.0000 ,  0.0000 ,  0.0000 ,
  0.0000 ,  0.0000 ,  0.0000 ,  0.0000 ,  0.0000 ,  0.0000 ,
  0.0000 ,  0.0000 ,  0.0000 ,  0.0000 ,  0.0000 ,  0.0000 ,
  0.0000 ,  0.0000 ,  0.0000 ,  0.0000 ,  0.0000 ,  0.0000 ,
  0.0000 ,  0.0000 ,  0.0000 ,  0.0000 ,  0.0000 ,  0.0000 ,
  0.0000 ,  0.0000 ,  0.0000 ,  0.0000 ,  0.0000 ,  0.0000 ,
  0.0000 ,  0.0000 ,  0.0000 ,  0.0000 ,  0.0000 ,  0.0000 ,
  0.0000 ,  0.0000 ,  0.0000 ,  0.0000 ,  0.0000 ,  0.0000 ,
  0.0000 ,  0.0000 ,  0.0000 ,  0.0000 ,  0.0000 ,  0.0000 ,
  0.0000 ,  0.0000 ,  0.0000 ,  0.0000 ,  0.0000 ,  0.0000 ,
  0.0000 ,  0.0000 ,  0.0000 ,  0.0000 ,  0.0000 ,  0.0000 ,
  0.0000 ,  0.0000 ,  0.0000 ,  0.0000 ,  0.0000 ,  0.0000 ,
  0.0000 ,  0.0000 ,  0.0000 ,  0.0000 ,  0.0000 ,  0.0000 ,
  0.0000 ,  0.0000 ,  0.0000 ,  0.0000 ,  0.0000 ,  0.0000 ,
  0.0000 ,  0.0000 ,  0.0000 ,  0.0000 ,  0.0000 ,  0.0000 ,
  0.0000 ,  0.0000 ,  0.0000 ,  0.0000 ,  0.0000 ,  0.0000 ,
  0.0000 ,  0.0000 ,  0.0000 ,  0.0000 ,  0.0000 ,  0.0000 ,
  0.0000 ,  0.0000 ,  0.0000 ,  0.0000 ,  0.0000 ,  0.0000 ,
  0.0000 ,  0.0000 ,  0.0000 ,  0.0000 ,  0.0000 ,  0.0000 ,
  0.0000 ,  0.0000 ,  0.0000 ,  0.0000 ,  0.0000 ,  0.0000 ,
  0.0000 ,  0.0000 ,  0.0000 ,  0.0000 ,  0.0000 ,  0.0000 ,
  0.0000 ,  0.0000 ,  0.0000 ,  0.0000 ,  0.0000 ,  0.0000 ,
  0.0000 ,  0.0000 ,  0.0000 ,  0.0000 ,  0.0000 ,  0.0000 ,
  0.0000 ,  0.0000 ,  0.0000 ,  0.0000 ,  0.0000 ,  0.0000 ,
  0.0000 ,  0.0000 ,  0.0000 ,  0.0000 ,  0.0000 ,  0.0000 ,
  0.0000 ,  0.0000 ,  0.0000 ,  0.0000 ,  0.0000 ,  0.0000 ,
  0.0000 ,  0.0000 ,  0.0000 ,  0.0000 ,  0.0000 ,  0.0000 ,
  0.0000 ,  0.0000 ,  0.0000 ,  0.0000 ,  0.0000 ,  0.0000 ,
  0.0000 ,  0.0000 ,  0.0000 ,  0.0000 ,  0.0000 ,  0.0000 ,
  0.0000 ,  0.0000 ,  0.0000 ,  0.0000 ,  0.0000 ,  0.0000 ,
  0.0000 ,  0.0000 ,  0.0000 ,  0.0000 ,  0.0000 ,  0.0000 ,
  0.0000 ,  0.0000 ,  0.0000 ,  0.0000 ,  0.0000 ,  0.0000 ,
  0.0000 ,  0.0000 ,  0.0000 ,  0.0000 ,  0.0000 ,  0.0000 ,
  0.0000 ,  0.0000 ,  0.0000 ,  0.0000 ,  0.0000 ,  0.0000 ,
  0.0000 ,  0.0000 ,  0.0000 ,  0.0000 ,  0.0000 ,  0.0000 ,
  0.0000 ,  0.0000 ,  0.0000 ,  0.0000 ,  0.0000 ,  0.0000 ,
  0.0000 ,  0.0000 ,  0.0000 ,  0.0000 ,  0.0000 ,  0.0000 ,
  0.0000 ,  0.0000 ,  0.0000 ,  0.0000 ,  0.0000 ,  0.0000 ,
  0.0000 ,  0.0000 ,  0.0000 ,  0.0000 ,  0.0000 ,  0.0000 ,
  0.0000 ,  0.0000 ,  0.0000 ,  0.0000 ,  0.0000 ,  0.0000 ,
  0.0000 ,  0.0000 ,  0.0000 ,  0.0000 ,  0.0000 ,  0.0000 ,
  0.0000 ,  0.0000 ,  0.0000 ,  0.0000 ,  0.0000 ,  0.0000 ,
  0.0000 ,  0.0000 ,  0.0000 ,  0.0000 ,  0.0000 ,  0.0000 ,
  0.0000 ,  0.0000 ,  0.0000 ,  0.0000 ,  0.0000 ,  0.0000 ,
  0.0000 ,  0.0000 ,  0.0000 ,  0.0000 ,  0.0000 ,  0.0000 ,
  0.0000 ,  0.0000 ,  0.0000 ,  0.0000 ,  0.0000 ,  0.0000 ,
  0.0000 ,  0.0000 ,  0.0000 ,  0.0000 ,  0.0000 ,  0.0000 ,
  0.0000 ,  0.0000 ,  0.0000 ,  0.0000 ,  0.0000 ,  0.0000 ,
  0.0000 ,  0.0000 ,  0.0000 ,  0.0000 ,  0.0000 ,  0.0000 ,
  0.0000 ,  0.0000 ,  0.0000 ,  0.0000 ,  0.0000 ,  0.0000 ,
  0.0000 ,  0.0000 ,  0.0000 ,  0.0000 ,  0.0000 ,  0.0000 ,
  0.0000 ,  0.0000 ,  0.0000 ,  0.0000 ,  0.0000 ,  0.0000 ,
  0.0000 ,  0.0000 ,  0.0000 ,  0.0000 ,  0.0000 ,  0.0000 ,
  0.0000 ,  0.0000 ,  0.0000 ,  0.0000 ,  0.0000 ,  0.0000 ,
  0.0000 ,  0.0000 ,  0.0000 ,  0.0000 ,  0.0000 ,  0.0000 ,
  0.0000 ,  0.0000 ,  0.0000 ,  0.0000 ,  0.0000 ,  0.0000 ,
  0.0000 ,  0.0000 ,  0.0000 ,  0.0000 ,  0.0000 ,  0.0000 ,
  0.0000 ,  0.0000 ,  0.0000 ,  0.0000 ,  0.0000 ,  0.0000 ,
  0.0000 ,  0.0000 ,  0.0000 ,  0.0000 ,  0.0000 ,  0.0000 ,
  0.0000 ,  0.0000 ,  0.0000 ,  0.0000 ,  0.0000 ,  0.0000 ,
  0.0000 ,  0.0000 ,  0.0000 ,  0.0000 ,  0.0000 ,  0.0000 ,
  0.0000 ,  0.0000 ,  0.0000 ,  0.0000 ,  0.0000 ,  0.0000 ,
  0.0000 ,  0.0000 ,  0.0000 ,  0.0000 ,  0.0000 ,  0.0000 ,
  0.0000 ,  0.0000 ,  0.0000 ,  0.0000 ,  0.0000 ,  0.0000 ,
  0.0000 ,  0.0000 ,  0.0000 ,  0.0000 ,  0.0000 ,  0.0000 ,
  0.0000 ,  0.0000 ,  0.0000 ,  0.0000 ,  0.0000 ,  0.0000 ,
  0.0000 ,  0.0000 ,  0.0000 ,  0.0000 ,  0.0000 ,  0.0000 ,
  0.0000 ,  0.0000 ,  0.0000 ,  0.0000 ,  0.0000 ,  0.0000 ,
  0.0000 ,  0.0000 ,  0.0000 ,  0.0000 ,  0.0000 ,  0.0000 ,
  0.0000 ,  0.0000 ,  0.0000 ,  0.0000 ,  0.0000 ,  0.0000 ,
  0.0000 ,  0.0000 ,  0.0000 ,  0.0000 ,  0.0000 ,  0.0000 ,
  0.0000 ,  0.0000 ,  0.0000 ,  0.0000 ,  0.0000 ,  0.0000 ,
  0.0000 ,  0.0000 ,  0.0000 ,  0.0000 ,  0.0000 ,  0.0000 ,
  0.0000 ,  0.0000 ,  0.0000 ,  0.0000 ,  0.0000 ,  0.0000 ,
  0.0000 ,  0.0000 ,  0.0000 ,  0.0000 ,  0.0000 ,  0.0000 ,
  0.0000 ,  0.0000 ,  0.0000 ,  0.0000 ,  0.0000 ,  0.0000 ,
  0.0000 ,  0.0000 ,  0.0000 ,  0.0000 ,  0.0000 ,  0.0000 ,
  0.0000 ,  0.0000 ,  0.0000 ,  0.0000 ,  0.0000 ,  0.0000 ,
  0.0000 ,  0.0000 ,  0.0000 ,  0.0000 ,  0.0000 ,  0.0000 ,
  0.0000 ,  0.0000 ,  0.0000 ,  0.0000 ,  0.0000 ,  0.0000 ,
  0.0000 ,  0.0000 ,  0.0000 ,  0.0000 ,  0.0000 ,  0.0000 ,
  0.0000 ,  0.0000 ,  0.0000 ,  0.0000 ,  0.0000 ,  0.0000 ,
  0.0000 ,  0.0000 ,  0.0000 ,  0.0000 ,  0.0000 ,  0.0000 ,
  0.0000 ,  0.0000 ,  0.0000 ,  0.0000 ,  0.0000 ,  0.0000 ,
  0.0000 ,  0.0000 ,  0.0000 ,  0.0000 ,  0.0000 ,  0.0000 ,
  0.0000 ,  0.0000 ,  0.0000 ,  0.0000 ,  0.0000 ,  0.0000 ,
  0.0000 ,  0.0000 ,  0.0000 ,  0.0000 ,  0.0000 ,  0.0000 ,
  0.0000 ,  0.0000 ,  0.0000 ,  0.0000 ,  0.0000 ,  0.0000 ,
  0.0000 ,  0.0000 ,  0.0000 ,  0.0000 ,  0.0000 ,  0.0000 ,
  0.0000 ,  0.0000 ,  0.0000 ,  0.0000 ,  0.0000 ,  0.0000 ,
  0.0000 ,  0.0000 ,  0.0000 ,  0.0000 ,  0.0000 ,  0.0000 ,
  0.0000 ,  0.0000 ,  0.0000 ,  0.0000 ,  0.0000 ,  0.0000 ,
  0.0000 ,  0.0000 ,  0.0000 ,  0.0000 ,  0.0000 ,  0.0000 ,
  0.0000 ,  0.0000 ,  0.0000 ,  0.0000 ,  0.0000 ,  0.0000 ,
  0.0000 ,  0.0000 ,  0.0000 ,  0.0000 ,  0.0000 ,  0.0000 ,
  0.0000 ,  0.0000 ,  0.0000 ,  0.0000 ,  0.0000 ,  0.0000 ,
  0.0000 ,  0.0000 ,  0.0000 ,  0.0000 ,  0.0000 ,  0.0000 ,
  0.0000 ,  0.0000 ,  0.0000 ,  0.0000 ,  0.0000 ,  0.0000 ,
  0.0000 ,  0.0000 ,  0.0000 ,  0.0000 ,  0.0000 ,  0.0000 ,
  0.0000 ,  0.0000 ,  0.0000 ,  0.0000 ,  0.0000 ,  0.0000 ,
  0.0000 ,  0.0000 ,  0.0000 ,  0.0000 ,  0.0000 ,  0.0000 ,
  0.0000 ,  0.0000 ,  0.0000 ,  0.0000 ,  0.0000 ,  0.0000 ,
  0.0000 ,  0.0000 ,  0.0000 ,  0.0000 ,  0.0000 ,  0.0000 ,
  0.0000 ,  0.0000 ,  0.0000 ,  0.0000 ,  0.0000 ,  0.0000 ,
  0.0000 ,  0.0000 ,  0.0000 ,  0.0000 ,  0.0000 ,  0.0000 ,
  0.0000 ,  0.0000 ,  0.0000 ,  0.0000 ,  0.0000 ,  0.0000 ,
  0.0000 ,  0.0000 ,  0.0000 ,  0.0000 ,  0.0000 ,  0.0000 ,
  0.0000 ,  0.0000 ,  0.0000 ,  0.0000 ,  0.0000 ,  0.0000 ,
  0.0000 ,  0.0000 ,  0.0000 ,  0.0000 ,  0.0000 ,  0.0000 ,
  0.0000 ,  0.0000 ,  0.0000 ,  0.0000 ,  0.0000 ,  0.0000 ,
  0.0000 ,  0.0000 ,  0.0000 ,  0.0000 ,  0.0000 ,  0.0000 ,
  0.0000 ,  0.0000 ,  0.0000 ,  0.0000 ,  0.0000 ,  0.0000 ,
  0.0000 ,  0.0000 ,  0.0000 ,  0.0000 ,  0.0000 ,  0.0000 ,
  0.0000 ,  0.0000 ,  0.0000 ,  0.0000 ,  0.0000 ,  0.0000 ,
  0.0000 ,  0.0000 ,  0.0000 ,  0.0000 ,  0.0000 ,  0.0000 ,
  0.0000 ,  0.0000 ,  0.0000 ,  0.0000 ,  0.0000 ,  0.0000 ,
  0.0000 ,  0.0000 ,  0.0000 ,  0.0000 ,  0.0000 ,  0.0000 ,
  0.0000 ,  0.0000 ,  0.0000 ,  0.0000 ,  0.0000 ,  0.0000 ,
  0.0000 ,  0.0000 ,  0.0000 ,  0.0000 ,  0.0000 ,  0.0000 ,
  0.0000 ,  0.0000 ,  0.0000 ,  0.0000 ,  0.0000 ,  0.0000 ,
  0.0000 ,  0.0000 ,  0.0000 ,  0.0000 ,  0.0000 ,  0.0000 ,
  0.0000 ,  0.0000 ,  0.0000 ,  0.0000 ,  0.0000 ,  0.0000 ,
  0.0000 ,  0.0000 ,  0.0000 ,  0.0000 ,  0.0000 ,  0.0000 ,
  0.0000 ,  0.0000 ,  0.0000 ,  0.0000 ,  0.0000 ,  0.0000 ,
  0.0000 ,  0.0000 ,  0.0000 ,  0.0000 ,  0.0000 ,  0.0000 ,
  0.0000 ,  0.0000 ,  0.0000 ,  0.0000 ,  0.0000 ,  0.0000 ,
  0.0000 ,  0.0000 ,  0.0000 ,  0.0000 ,  0.0000 ,  0.0000 ,
  0.0000 ,  0.0000 ,  0.0000 ,  0.0000 ,  0.0000 ,  0.0000 ,
  0.0000 ,  0.0000 ,  0.0000 ,  0.0000 ,  0.0000 ,  0.0000 ,
  0.0000 ,  0.0000 ,  0.0000 ,  0.0000 ,  0.0000 ,  0.0000 ,
  0.0000 ,  0.0000 ,  0.0000 ,  0.0000 ,  0.0000 ,  0.0000 ,
  0.0000 ,  0.0000 ,  0.0000 ,  0.0000 ,  0.0000 ,  0.0000 ,
  0.0000 ,  0.0000 ,  0.0000 ,  0.0000 ,  0.0000 ,  0.0000 ,
  0.0000 ,  0.0000 ,  0.0000 ,  0.0000 ,  0.0000 ,  0.0000 ,
  0.0000 ,  0.0000 ,  0.0000 ,  0.0000 ,  0.0000 ,  0.0000 ,
  0.0000 ,  0.0000 ,  0.0000 ,  0.0000 ,  0.0000 ,  0.0000 ,
  0.0000 ,  0.0000 ,  0.0000 ,  0.0000 ,  0.0000 ,  0.0000 ,
  0.0000 ,  0.0000 ,  0.0000 ,  0.0000 ,  0.0000 ,  0.0000 ,
  0.0000 ,  0.0000 ,  0.0000 ,  0.0000 ,  0.0000 ,  0.0000 ,
  0.0000 ,  0.0000 ,  0.0000 ,  0.0000 ,  0.0000 ,  0.0000 ,
  0.0000 ,  0.0000 ,  0.0000 ,  0.0000 ,  0.0000 ,  0.0000 ,
  0.0000 ,  0.0000 ,  0.0000 ,  0.0000 ,  0.0000 ,  0.0000 ,
  0.0000 ,  0.0000 ,  0.0000 ,  0.0000 ,  0.0000 ,  0.0000 ,
  0.0000 ,  0.0000 ,  0.0000 ,  0.0000 ,  0.0000 ,  0.0000 ,
  0.0000 ,  0.0000 ,  0.0000 ,  0.0000 ,  0.0000 ,  0.0000 ,
  0.0000 ,  0.0000 ,  0.0000 ,  0.0000 ,  0.0000 ,  0.0000 ,
  0.0000 ,  0.0000 ,  0.0000 ,  0.0000 ,  0.0000 ,  0.0000 ,
  0.0000 ,  0.0000 ,  0.0000 ,  0.0000 ,  0.0000 ,  0.0000 ,
  0.0000 ,  0.0000 ,  0.0000 ,  0.0000 ,  0.0000 ,  0.0000 ,
  0.0000 ,  0.0000 ,  0.0000 ,  0.0000 ,  0.0000 ,  0.0000 ,
  0.0000 ,  0.0000 ,  0.0000 ,  0.0000 ,  0.0000 ,  0.0000 ,
  0.0000 ,  0.0000 ,  0.0000 ,  0.0000 ,  0.0000 ,  0.0000 ,
  0.0000 ,  0.0000 ,  0.0000 ,  0.0000 ,  0.0000 ,  0.0000 ,
  0.0000 ,  0.0000 ,  0.0000 ,  0.0000 ,  0.0000 ,  0.0000 ,
  0.0000 ,  0.0000 ,  0.0000 ,  0.0000 ,  0.0000 ,  0.0000 ,
  0.0000 ,  0.0000 ,  0.0000 ,  0.0000 ,  0.0000 ,  0.0000 ,
  0.0000 ,  0.0000 ,  0.0000 ,  0.0000 ,  0.0000 ,  0.0000 ,
  0.0000 ,  0.0000 ,  0.0000 ,  0.0000 ,  0.0000 ,  0.0000 ,
  0.0000 ,  0.0000 ,  0.0000 ,  0.0000 ,  0.0000 ,  0.0000 ,
  0.0000 ,  0.0000 ,  0.0000 ,  0.0000 ,  0.0000 ,  0.0000 ,
  0.0000 ,  0.0000 ,  0.0000 ,  0.0000 ,  0.0000 ,  0.0000 ,
  0.0000 ,  0.0000 ,  0.0000 ,  0.0000 ,  0.0000 ,  0.0000 ,
  0.0000 ,  0.0000 ,  0.0000 ,  0.0000 ,  0.0000 ,  0.0000 ,
  0.0000 ,  0.0000 ,  0.0000 ,  0.0000 ,  0.0000 ,  0.0000 ,
  0.0000 ,  0.0000 ,  0.0000 ,  0.0000 ,  0.0000 ,  0.0000 ,
  0.0000 ,  0.0000 ,  0.0000 ,  0.0000 ,  0.0000 ,  0.0000 ,
  0.0000 ,  0.0000 ,  0.0000 ,  0.0000 ,  0.0000 ,  0.0000 ,
  0.0000 ,  0.0000 ,  0.0000 ,  0.0000 ,  0.0000 ,  0.0000 ,
  0.0000 ,  0.0000 ,  0.0000 ,  0.0000 ,  0.0000 ,  0.0000 ,
  0.0000 ,  0.0000 ,  0.0000 ,  0.0000 ,  0.0000 ,  0.0000 ,
  0.0000 ,  0.0000 ,  0.0000 ,  0.0000 ,  0.0000 ,  0.0000 ,
  0.0000 ,  0.0000 ,  0.0000 ,  0.0000 ,  0.0000 ,  0.0000 ,
  0.0000 ,  0.0000 ,  0.0000 ,  0.0000 ,  0.0000 ,  0.0000 ,
  0.0000 ,  0.0000 ,  0.0000 ,  0.0000 ,  0.0000 ,  0.0000 ,
  0.0000 ,  0.0000 ,  0.0000 ,  0.0000 ,  0.0000 ,  0.0000 ,
  0.0000 ,  0.0000 ,  0.0000 ,  0.0000 ,  0.0000 ,  0.0000 ,
  0.0000 ,  0.0000 ,  0.0000 ,  0.0000 ,  0.0000 ,  0.0000 ,
  0.0000 ,  0.0000 ,  0.0000 ,  0.0000 ,  0.0000 ,  0.0000 ,
  0.0000 ,  0.0000 ,  0.0000 ,  0.0000 ,  0.0000 ,  0.0000 ,
  0.0000 ,  0.0000 ,  0.0000 ,  0.0000 ,  0.0000 ,  0.0000 ,
  0.0000 ,  0.0000 ,  0.0000 ,  0.0000 ,  0.0000 ,  0.0000 ,
  0.0000 ,  0.0000 ,  0.0000 ,  0.0000 ,  0.0000 ,  0.0000 ,
  0.0000 ,  0.0000 ,  0.0000 ,  0.0000 ,  0.0000 ,  0.0000 ,
  0.0000 ,  0.0000 ,  0.0000 ,  0.0000 ,  0.0000 ,  0.0000 ,
  0.0000 ,  0.0000 ,  0.0000 ,  0.0000 ,  0.0000 ,  0.0000 ,
  0.0000 ,  0.0000 ,  0.0000 ,  0.0000 ,  0.0000 ,  0.0000 ,
  0.0000 ,  0.0000 ,  0.0000 ,  0.0000 ,  0.0000 ,  0.0000 ,
  0.0000 ,  0.0000 ,  0.0000 ,  0.0000 ,  0.0000 ,  0.0000 ,
  0.0000 ,  0.0000 ,  0.0000 ,  0.0000 ,  0.0000 ,  0.0000 ,
  0.0000 ,  0.0000 ,  0.0000 ,  0.0000 ,  0.0000 ,  0.0000 ,
  0.0000 ,  0.0000 ,  0.0000 ,  0.0000 ,  0.0000 ,  0.0000 ,
  0.0000 ,  0.0000 ,  0.0000 ,  0.0000 ,  0.0000 ,  0.0000 ,
  0.0000 ,  0.0000 ,  0.0000 ,  0.0000 ,  0.0000 ,  0.0000 ,
  0.0000 ,  0.0000 ,  0.0000 ,  0.0000 ,  0.0000 ,  0.0000 ,
  0.0000 ,  0.0000 ,  0.0000 ,  0.0000 ,  0.0000 ,  0.0000 ,
  0.0000 ,  0.0000 ,  0.0000 ,  0.0000 ,  0.0000 ,  0.0000 ,
  0.0000 ,  0.0000 ,  0.0000 ,  0.0000 ,  0.0000 ,  0.0000 ,
  0.0000 ,  0.0000 ,  0.0000 ,  0.0000 ,  0.0000 ,  0.0000 ,
  0.0000 ,  0.0000 ,  0.0000 ,  0.0000 ,  0.0000 ,  0.0000 ,
  0.0000 ,  0.0000 ,  0.0000 ,  0.0000 ,  0.0000 ,  0.0000 ,
  0.0000 ,  0.0000 ,  0.0000 ,  0.0000 ,  0.0000 ,  0.0000 ,
  0.0000 ,  0.0000 ,  0.0000 ,  0.0000 ,  0.0000 ,  0.0000 ,
  0.0000 ,  0.0000 ,  0.0000 ,  0.0000 ,  0.0000 ,  0.0000 ,
  0.0000 ,  0.0000 ,  0.0000 ,  0.0000 ,  0.0000 ,  0.0000 ,
  0.0000 ,  0.0000 ,  0.0000 ,  0.0000 ,  0.0000 ,  0.0000 ,
  0.0000 ,  0.0000 ,  0.0000 ,  0.0000 ,  0.0000 ,  0.0000 ,
  0.0000 ,  0.0000 ,  0.0000 ,  0.0000 ,  0.0000 ,  0.0000 ,
  0.0000 ,  0.0000 ,  0.0000 ,  0.0000 ,  0.0000 ,  0.0000 ,
  0.0000 ,  0.0000 ,  0.0000 ,  0.0000 ,  0.0000 ,  0.0000 ,
  0.0000 ,  0.0000 ,  0.0000 ,  0.0000 ,  0.0000 ,  0.0000 ,
  0.0000 ,  0.0000 ,  0.0000 ,  0.0000 ,  0.0000 ,  0.0000 ,
  0.0000 ,  0.0000 ,  0.0000 ,  0.0000 ,  0.0000 ,  0.0000 ,
  0.0000 ,  0.0000 ,  0.0000 ,  0.0000 ,  0.0000 ,  0.0000 ,
  0.0000 ,  0.0000 ,  0.0000 ,  0.0000 ,  0.0000 ,  0.0000 ,
  0.0000 ,  0.0000 ,  0.0000 ,  0.0000 ,  0.0000 ,  0.0000 ,
  0.0000 ,  0.0000 ,  0.0000 ,  0.0000 ,  0.0000 ,  0.0000 ,
  0.0000 ,  0.0000 ,  0.0000 ,  0.0000 ,  0.0000 ,  0.0000 ,
  0.0000 ,  0.0000 ,  0.0000 ,  0.0000 ,  0.0000 ,  0.0000 ,
  0.0000 ,  0.0000 ,  0.0000 ,  0.0000 ,  0.0000 ,  0.0000 ,
  0.0000 ,  0.0000 ,  0.0000 ,  0.0000 ,  0.0000 ,  0.0000 ,
  0.0000 ,  0.0000 ,  0.0000 ,  0.0000 ,  0.0000 ,  0.0000 ,
  0.0000 ,  0.0000 ,  0.0000 ,  0.0000 ,  0.0000 ,  0.0000 ,
  0.0000 ,  0.0000 ,  0.0000 ,  0.0000 ,  0.0000 ,  0.0000 ,
  0.0000 ,  0.0000 ,  0.0000 ,  0.0000 ,  0.0000 ,  0.0000 ,
  0.0000 ,  0.0000 ,  0.0000 ,  0.0000 ,  0.0000 ,  0.0000 ,
  0.0000 ,  0.0000 ,  0.0000 ,  0.0000 ,  0.0000 ,  0.0000 ,
  0.0000 ,  0.0000 ,  0.0000 ,  0.0000 ,  0.0000 ,  0.0000 ,
  0.0000 ,  0.0000 ,  0.0000 ,  0.0000 ,  0.0000 ,  0.0000 ,
  0.0000 ,  0.0000 ,  0.0000 ,  0.0000 ,  0.0000 ,  0.0000 ,
  0.0000 ,  0.0000 ,  0.0000 ,  0.0000 ,  0.0000 ,  0.0000 ,
  0.0000 ,  0.0000 ,  0.0000 ,  0.0000 ,  0.0000 ,  0.0000 ,
  0.0000 ,  0.0000 ,  0.0000 ,  0.0000 ,  0.0000 ,  0.0000 ,
  0.0000 ,  0.0000 ,  0.0000 ,  0.0000 ,  0.0000 ,  0.0000 ,
  0.0000 ,  0.0000 ,  0.0000 ,  0.0000 ,  0.0000 ,  0.0000 ,
  0.0000 ,  0.0000 ,  0.0000 ,  0.0000 ,  0.0000 ,  0.0000 ,
  0.0000 ,  0.0000 ,  0.0000 ,  0.0000 ,  0.0000 ,  0.0000 ,
  0.0000 ,  0.0000 ,  0.0000 ,  0.0000 ,  0.0000 ,  0.0000 ,
  0.0000 ,  0.0000 ,  0.0000 ,  0.0000 ,  0.0000 ,  0.0000 ,
  0.0000 ,  0.0000 ,  0.0000 ,  0.0000 ,  0.0000 ,  0.0000 ,
  0.0000 ,  0.0000 ,  0.0000 ,  0.0000 ,  0.0000 ,  0.0000 ,
  0.0000 ,  0.0000 ,  0.0000 ,  0.0000 ,  0.0000 ,  0.0000 ,
  0.0000 ,  0.0000 ,  0.0000 ,  0.0000 ,  0.0000 ,  0.0000 ,
  0.0000 ,  0.0000 ,  0.0000 ,  0.0000 ,  0.0000 ,  0.0000 ,
  0.0000 ,  0.0000 ,  0.0000 ,  0.0000 ,  0.0000 ,  0.0000 ,
  0.0000 ,  0.0000 ,  0.0000 ,  0.0000 ,  0.0000 ,  0.0000 ,
  0.0000 ,  0.0000 ,  0.0000 ,  0.0000 ,  0.0000 ,  0.0000 ,
  0.0000 ,  0.0000 ,  0.0000 ,  0.0000 ,  0.0000 ,  0.0000 ,
  0.0000 ,  0.0000 ,  0.0000 ,  0.0000 ,  0.0000 ,  0.0000 ,
  0.0000 ,  0.0000 ,  0.0000 ,  0.0000 ,  0.0000 ,  0.0000 ,
  0.0000 ,  0.0000 ,  0.0000 ,  0.0000 ,  0.0000 ,  0.0000 ,
  0.0000 ,  0.0000 ,  0.0000 ,  0.0000 ,  0.0000 ,  0.0000 ,
  0.0000 ,  0.0000 ,  0.0000 ,  0.0000 ,  0.0000 ,  0.0000 ,
  0.0000 ,  0.0000 ,  0.0000 ,  0.0000 ,  0.0000 ,  0.0000 ,
  0.0000 ,  0.0000 ,  0.0000 ,  0.0000 ,  0.0000 ,  0.0000 ,
  0.0000 ,  0.0000 ,  0.0000 ,  0.0000 ,  0.0000 ,  0.0000 ,
  0.0000 ,  0.0000 ,  0.0000 ,  0.0000 ,  0.0000 ,  0.0000 ,
  0.0000 ,  0.0000 ,  0.0000 ,  0.0000 ,  0.0000 ,  0.0000 ,
  0.0000 ,  0.0000 ,  0.0000 ,  0.0000 ,  0.0000 ,  0.0000 ,
  0.0000 ,  0.0000 ,  0.0000 ,  0.0000 ,  0.0000 ,  0.0000 ,
  0.0000 ,  0.0000 ,  0.0000 ,  0.0000 ,  0.0000 ,  0.0000 ,
  0.0000 ,  0.0000 ,  0.0000 ,  0.0000 ,  0.0000 ,  0.0000 ,
  0.0000 ,  0.0000 ,  0.0000 ,  0.0000 ,  0.0000 ,  0.0000 ,
  0.0000 ,  0.0000 ,  0.0000 ,  0.0000 ,  0.0000 ,  0.0000 ,
  0.0000 ,  0.0000 ,  0.0000 ,  0.0000 ,  0.0000 ,  0.0000 ,
  0.0000 ,  0.0000 ,  0.0000 ,  0.0000 ,  0.0000 ,  0.0000 ,
  0.0000 ,  0.0000 ,  0.0000 ,  0.0000 ,  0.0000 ,  0.0000 ,
  0.0000 ,  0.0000 ,  0.0000 ,  0.0000 ,  0.0000 ,  0.0000 ,
  0.0000 ,  0.0000 ,  0.0000 ,  0.0000 ,  0.0000 ,  0.0000 ,
  0.0000 ,  0.0000 ,  0.0000 ,  0.0000 ,  0.0000 ,  0.0000 ,
  0.0000 ,  0.0000 ,  0.0000 ,  0.0000 ,  0.0000 ,  0.0000 ,
  0.0000 ,  0.0000 ,  0.0000 ,  0.0000 ,  0.0000 ,  0.0000 ,
  0.0000 ,  0.0000 ,  0.0000 ,  0.0000 ,  0.0000 ,  0.0000 ,
  0.0000 ,  0.0000 ,  0.0000 ,  0.0000 ,  0.0000 ,  0.0000 ,
  0.0000 ,  0.0000 ,  0.0000 ,  0.0000 ,  0.0000 ,  0.0000 ,
  0.0000 ,  0.0000 ,  0.0000 ,  0.0000 ,  0.0000 ,  0.0000 ,
  0.0000 ,  0.0000 ,  0.0000 ,  0.0000 ,  0.0000 ,  0.0000 ,
  0.0000 ,  0.0000 ,  0.0000 ,  0.0000 ,  0.0000 ,  0.0000 ,
  0.0000 ,  0.0000 ,  0.0000 ,  0.0000 ,  0.0000 ,  0.0000 ,
  0.0000 ,  0.0000 ,  0.0000 ,  0.0000 ,  0.0000 ,  0.0000 ,
  0.0000 ,  0.0000 ,  0.0000 ,  0.0000 ,  0.0000 ,  0.0000 ,
  0.0000 ,  0.0000 ,  0.0000 ,  0.0000 ,  0.0000 ,  0.0000 ,
  0.0000 ,  0.0000 ,  0.0000 ,  0.0000 ,  0.0000 ,  0.0000 ,
  0.0000 ,  0.0000 ,  0.0000 ,  0.0000 ,  0.0000 ,  0.0000 ,
  0.0000 ,  0.0000 ,  0.0000 ,  0.0000 ,  0.0000 ,  0.0000 ,
  0.0000 ,  0.0000 ,  0.0000 ,  0.0000 ,  0.0000 ,  0.0000 ,
  0.0000 ,  0.0000 ,  0.0000 ,  0.0000 ,  0.0000 ,  0.0000 ,
  0.0000 ,  0.0000 ,  0.0000 ,  0.0000 ,  0.0000 ,  0.0000 ,
  0.0000 ,  0.0000 ,  0.0000 ,  0.0000 ,  0.0000 ,  0.0000 ,
  0.0000 ,  0.0000 ,  0.0000 ,  0.0000 ,  0.0000 ,  0.0000 ,
  0.0000 ,  0.0000 ,  0.0000 ,  0.0000 ,  0.0000 ,  0.0000 ,
  0.0000 ,  0.0000 ,  0.0000 ,  0.0000 ,  0.0000 ,  0.0000 ,
  0.0000 ,  0.0000 ,  0.0000 ,  0.0000 ,  0.0000 ,  0.0000 ,
  0.0000 ,  0.0000 ,  0.0000 ,  0.0000 ,  0.0000 ,  0.0000 ,
  0.0000 ,  0.0000 ,  0.0000 ,  0.0000 ,  0.0000 ,  0.0000 ,
  0.0000 ,  0.0000 ,  0.0000 ,  0.0000 ,  0.0000 ,  0.0000 ,
  0.0000 ,  0.0000 ,  0.0000 ,  0.0000 ,  0.0000 ,  0.0000 ,
  0.0000 ,  0.0000 ,  0.0000 ,  0.0000 ,  0.0000 ,  0.0000 ,
  0.0000 ,  0.0000 ,  0.0000 ,  0.0000 ,  0.0000 ,  0.0000 ,
  0.0000 ,  0.0000 ,  0.0000 ,  0.0000 ,  0.0000 ,  0.0000 ,
  0.0000 ,  0.0000 ,  0.0000 ,  0.0000 ,  0.0000 ,  0.0000 ,
  0.0000 ,  0.0000 ,  0.0000 ,  0.0000 ,  0.0000 ,  0.0000 ,
  0.0000 ,  0.0000 ,  0.0000 ,  0.0000 ,  0.0000 ,  0.0000 ,
  0.0000 ,  0.0000 ,  0.0000 ,  0.0000 ,  0.0000 ,  0.0000 ,
  0.0000 ,  0.0000 ,  0.0000 ,  0.0000 ,  0.0000 ,  0.0000 ,
  0.0000 ,  0.0000 ,  0.0000 ,  0.0000 ,  0.0000 ,  0.0000 ,
  0.0000 ,  0.0000 ,  0.0000 ,  0.0000 ,  0.0000 ,  0.0000 ,
  0.0000 ,  0.0000 ,  0.0000 ,  0.0000 ,  0.0000 ,  0.0000 ,
  0.0000 ,  0.0000 ,  0.0000 ,  0.0000 ,  0.0000 ,  0.0000 ,
  0.0000 ,  0.0000 ,  0.0000 ,  0.0000 ,  0.0000 ,  0.0000 ,
  0.0000 ,  0.0000 ,  0.0000 ,  0.0000 ,  0.0000 ,  0.0000 ,
  0.0000 ,  0.0000 ,  0.0000 ,  0.0000 ,  0.0000 ,  0.0000 ,
  0.0000 ,  0.0000 ,  0.0000 ,  0.0000 ,  0.0000 ,  0.0000 ,
  0.0000 ,  0.0000 ,  0.0000 ,  0.0000 ,  0.0000 ,  0.0000 ,
  0.0000 ,  0.0000 ,  0.0000 ,  0.0000 ,  0.0000 ,  0.0000 ,
  0.0000 ,  0.0000 ,  0.0000 ,  0.0000 ,  0.0000 ,  0.0000 ,
  0.0000 ,  0.0000 ,  0.0000 ,  0.0000 ,  0.0000 ,  0.0000 ,
  0.0000 ,  0.0000 ,  0.0000 ,  0.0000 ,  0.0000 ,  0.0000 ,
  0.0000 ,  0.0000 ,  0.0000 ,  0.0000 ,  0.0000 ,  0.0000 ,
  0.0000 ,  0.0000 ,  0.0000 ,  0.0000 ,  0.0000 ,  0.0000 ,
  0.0000 ,  0.0000 ,  0.0000 ,  0.0000 ,  0.0000 ,  0.0000 ,
  0.0000 ,  0.0000 ,  0.0000 ,  0.0000 ,  0.0000 ,  0.0000 ,
  0.0000 ,  0.0000 ,  0.0000 ,  0.0000 ,  0.0000 ,  0.0000 ,
  0.0000 ,  0.0000 ,  0.0000 ,  0.0000 ,  0.0000 ,  0.0000 ,
  0.0000 ,  0.0000 ,  0.0000 ,  0.0000 ,  0.0000 ,  0.0000 ,
  0.0000 ,  0.0000 ,  0.0000 ,  0.0000 ,  0.0000 ,  0.0000 ,
  0.0000 ,  0.0000 ,  0.0000 ,  0.0000 ,  0.0000 ,  0.0000 ,
  0.0000 ,  0.0000 ,  0.0000 ,  0.0000 ,  0.0000 ,  0.0000 ,
  0.0000 ,  0.0000 ,  0.0000 ,  0.0000 ,  0.0000 ,  0.0000 ,
  0.0000 ,  0.0000 ,  0.0000 ,  0.0000 ,  0.0000 ,  0.0000 ,
  0.0000 ,  0.0000 ,  0.0000 ,  0.0000 ,  0.0000 ,  0.0000 ,
  0.0000 ,  0.0000 ,  0.0000 ,  0.0000 ,  0.0000 ,  0.0000 ,
  0.0000 ,  0.0000 ,  0.0000 ,  0.0000 ,  0.0000 ,  0.0000 ,
  0.0000 ,  0.0000 ,  0.0000 ,  0.0000 ,  0.0000 ,  0.0000 ,
  0.0000 ,  0.0000 ,  0.0000 ,  0.0000 ,  0.0000 ,  0.0000 ,
  0.0000 ,  0.0000 ,  0.0000 ,  0.0000 ,  0.0000 ,  0.0000 ,
  0.0000 ,  0.0000 ,  0.0000 ,  0.0000 ,  0.0000 ,  0.0000 ,
  0.0000 ,  0.0000 ,  0.0000 ,  0.0000 ,  0.0000 ,  0.0000 ,
  0.0000 ,  0.0000 ,  0.0000 ,  0.0000 ,  0.0000 ,  0.0000 ,
  0.0000 ,  0.0000 ,  0.0000 ,  0.0000 ,  0.0000 ,  0.0000 ,
  0.0000 ,  0.0000 ,  0.0000 ,  0.0000 ,  0.0000 ,  0.0000 ,
  0.0000 ,  0.0000 ,  0.0000 ,  0.0000 ,  0.0000 ,  0.0000 ,
  0.0000 ,  0.0000 ,  0.0000 ,  0.0000 ,  0.0000 ,  0.0000 ,
  0.0000 ,  0.0000 ,  0.0000 ,  0.0000 ,  0.0000 ,  0.0000 ,
  0.0000 ,  0.0000 ,  0.0000 ,  0.0000 ,  0.0000 ,  0.0000 ,
  0.0000 ,  0.0000 ,  0.0000 ,  0.0000 ,  0.0000 ,  0.0000 ,
  0.0000 ,  0.0000 ,  0.0000 ,  0.0000 ,  0.0000 ,  0.0000 ,
  0.0000 ,  0.0000 ,  0.0000 ,  0.0000 ,  0.0000 ,  0.0000 ,
  0.0000 ,  0.0000 ,  0.0000 ,  0.0000 ,  0.0000 ,  0.0000 ,
  0.0000 ,  0.0000 ,  0.0000 ,  0.0000 ,  0.0000 ,  0.0000 ,
  0.0000 ,  0.0000 ,  0.0000 ,  0.0000 ,  0.0000 ,  0.0000 ,
  0.0000 ,  0.0000 ,  0.0000 ,  0.0000 ,  0.0000 ,  0.0000 ,
  0.0000 ,  0.0000 ,  0.0000 ,  0.0000 ,  0.0000 ,  0.0000 ,
  0.0000 ,  0.0000 ,  0.0000 ,  0.0000 ,  0.0000 ,  0.0000 ,
  0.0000 ,  0.0000 ,  0.0000 ,  0.0000 ,  0.0000 ,  0.0000 ,
  0.0000 ,  0.0000 ,  0.0000 ,  0.0000 ,  0.0000 ,  0.0000 ,
  0.0000 ,  0.0000 ,  0.0000 ,  0.0000 ,  0.0000 ,  0.0000 ,
  0.0000 ,  0.0000 ,  0.0000 ,  0.0000 ,  0.0000 ,  0.0000 ,
  0.0000 ,  0.0000 ,  0.0000 ,  0.0000 ,  0.0000 ,  0.0000 ,
  0.0000 ,  0.0000 ,  0.0000 ,  0.0000 ,  0.0000 ,  0.0000 ,
  0.0000 ,  0.0000 ,  0.0000 ,  0.0000 ,  0.0000 ,  0.0000 ,
  0.0000 ,  0.0000 ,  0.0000 ,  0.0000 ,  0.0000 ,  0.0000 ,
  0.0000 ,  0.0000 ,  0.0000 ,  0.0000 ,  0.0000 ,  0.0000 ,
  0.0000 ,  0.0000 ,  0.0000 ,  0.0000 ,  0.0000 ,  0.0000 ,
  0.0000 ,  0.0000 ,  0.0000 ,  0.0000 ,  0.0000 ,  0.0000 ,
  0.0000 ,  0.0000 ,  0.0000 ,  0.0000 ,  0.0000 ,  0.0000 ,
  0.0000 ,  0.0000 ,  0.0000 ,  0.0000 ,  0.0000 ,  0.0000 ,
  0.0000 ,  0.0000 ,  0.0000 ,  0.0000 ,  0.0000 ,  0.0000 ,
  0.0000 ,  0.0000 ,  0.0000 ,  0.0000 ,  0.0000 ,  0.0000 ,
  0.0000 ,  0.0000 ,  0.0000 ,  0.0000 ,  0.0000 ,  0.0000 ,
  0.0000 ,  0.0000 ,  0.0000 ,  0.0000 ,  0.0000 ,  0.0000 ,
  0.0000 ,  0.0000 ,  0.0000 ,  0.0000 ,  0.0000 ,  0.0000 ,
  0.0000 ,  0.0000 ,  0.0000 ,  0.0000 ,  0.0000 ,  0.0000 ,
  0.0000 ,  0.0000 ,  0.0000 ,  0.0000 ,  0.0000 ,  0.0000 ,
  0.0000 ,  0.0000 ,  0.0000 ,  0.0000 ,  0.0000 ,  0.0000 ,
  0.0000 ,  0.0000 ,  0.0000 ,  0.0000 ,  0.0000 ,  0.0000 ,
  0.0000 ,  0.0000 ,  0.0000 ,  0.0000 ,  0.0000 ,  0.0000 ,
  0.0000 ,  0.0000 ,  0.0000 ,  0.0000 ,  0.0000 ,  0.0000 ,
  0.0000 ,  0.0000 ,  0.0000 ,  0.0000 ,  0.0000 ,  0.0000 ,
  0.0000 ,  0.0000 ,  0.0000 ,  0.0000 ,  0.0000 ,  0.0000 ,
  0.0000 ,  0.0000 ,  0.0000 ,  0.0000 ,  0.0000 ,  0.0000 ,
  0.0000 ,  0.0000 ,  0.0000 ,  0.0000 ,  0.0000 ,  0.0000 ,
  0.0000 ,  0.0000 ,  0.0000 ,  0.0000 ,  0.0000 ,  0.0000 ,
  0.0000 ,  0.0000 ,  0.0000 ,  0.0000 ,  0.0000 ,  0.0000 ,
  0.0000 ,  0.0000 ,  0.0000 ,  0.0000 ,  0.0000 ,  0.0000 ,
  0.0000 ,  0.0000 ,  0.0000 ,  0.0000 ,  0.0000 ,  0.0000 ,
  0.0000 ,  0.0000 ,  0.0000 ,  0.0000 ,  0.0000 ,  0.0000 ,
  0.0000 ,  0.0000 ,  0.0000 ,  0.0000 ,  0.0000 ,  0.0000 ,
  0.0000 ,  0.0000 ,  0.0000 ,  0.0000 ,  0.0000 ,  0.0000 ,
  0.0000 ,  0.0000 ,  0.0000 ,  0.0000 ,  0.0000 ,  0.0000 ,
  0.0000 ,  0.0000 ,  0.0000 ,  0.0000 ,  0.0000 ,  0.0000 ,
  0.0000 ,  0.0000 ,  0.0000 ,  0.0000 ,  0.0000 ,  0.0000 ,
  0.0000 ,  0.0000 ,  0.0000 ,  0.0000 ,  0.0000 ,  0.0000 ,
  0.0000 ,  0.0000 ,  0.0000 ,  0.0000 ,  0.0000 ,  0.0000 ,
  0.0000 ,  0.0000 ,  0.0000 ,  0.0000 ,  0.0000 ,  0.0000 ,
  0.0000 ,  0.0000 ,  0.0000 ,  0.0000 ,  0.0000 ,  0.0000 ,
  0.0000 ,  0.0000 ,  0.0000 ,  0.0000 ,  0.0000 ,  0.0000 ,
  0.0000 ,  0.0000 ,  0.0000 ,  0.0000 ,  0.0000 ,  0.0000 ,
  0.0000 ,  0.0000 ,  0.0000 ,  0.0000 ,  0.0000 ,  0.0000 ,
  0.0000 ,  0.0000 ,  0.0000 ,  0.0000 ,  0.0000 ,  0.0000 ,
  0.0000 ,  0.0000 ,  0.0000 ,  0.0000 ,  0.0000 ,  0.0000 ,
  0.0000 ,  0.0000 ,  0.0000 ,  0.0000 ,  0.0000 ,  0.0000 ,
  0.0000 ,  0.0000 ,  0.0000 ,  0.0000 ,  0.0000 ,  0.0000 ,
  0.0000 ,  0.0000 ,  0.0000 ,  0.0000 ,  0.0000 ,  0.0000 ,
  0.0000 ,  0.0000 ,  0.0000 ,  0.0000 ,  0.0000 ,  0.0000 ,
  0.0000 ,  0.0000 ,  0.0000 ,  0.0000 ,  0.0000 ,  0.0000 ,
  0.0000 ,  0.0000 ,  0.0000 ,  0.0000 ,  0.0000 ,  0.0000 ,
  0.0000 ,  0.0000 ,  0.0000 ,  0.0000 ,  0.0000 ,  0.0000 ,
  0.0000 ,  0.0000 ,  0.0000 ,  0.0000 ,  0.0000 ,  0.0000 ,
  0.0000 ,  0.0000 ,  0.0000 ,  0.0000 ,  0.0000 ,  0.0000 ,
  0.0000 ,  0.0000 ,  0.0000 ,  0.0000 ,  0.0000 ,  0.0000 ,
  0.0000 ,  0.0000 ,  0.0000 ,  0.0000 ,  0.0000 ,  0.0000 ,
  0.0000 ,  0.0000 ,  0.0000 ,  0.0000 ,  0.0000 ,  0.0000 ,
  0.0000 ,  0.0000 ,  0.0000 ,  0.0000 ,  0.0000 ,  0.0000 ,
  0.0000 ,  0.0000 ,  0.0000 ,  0.0000 ,  0.0000 ,  0.0000 ,
  0.0000 ,  0.0000 ,  0.0000 ,  0.0000 ,  0.0000 ,  0.0000 ,
  0.0000 ,  0.0000 ,  0.0000 ,  0.0000 ,  0.0000 ,  0.0000 ,
  0.0000 ,  0.0000 ,  0.0000 ,  0.0000 ,  0.0000 ,  0.0000 ,
  0.0000 ,  0.0000 ,  0.0000 ,  0.0000 ,  0.0000 ,  0.0000 ,
  0.0000 ,  0.0000 ,  0.0000 ,  0.0000 ,  0.0000 ,  0.0000 ,
  0.0000 ,  0.0000 ,  0.0000 ,  0.0000 ,  0.0000 ,  0.0000 ,
  0.0000 ,  0.0000 ,  0.0000 ,  0.0000 ,  0.0000 ,  0.0000 ,
  0.0000 ,  0.0000 ,  0.0000 ,  0.0000 ,  0.0000 ,  0.0000 ,
  0.0000 ,  0.0000 ,  0.0000 ,  0.0000 ,  0.0000 ,  0.0000 ,
  0.0000 ,  0.0000 ,  0.0000 ,  0.0000 ,  0.0000 ,  0.0000 ,
  0.0000 ,  0.0000 ,  0.0000 ,  0.0000 ,  0.0000 ,  0.0000 ,
  0.0000 ,  0.0000 ,  0.0000 ,  0.0000 ,  0.0000 ,  0.0000 ,
  0.0000 ,  0.0000 ,  0.0000 ,  0.0000 ,  0.0000 ,  0.0000 ,
  0.0000 ,  0.0000 ,  0.0000 ,  0.0000 ,  0.0000 ,  0.0000 ,
  0.0000 ,  0.0000 ,  0.0000 ,  0.0000 ,  0.0000 ,  0.0000 ,
  0.0000 ,  0.0000 ,  0.0000 ,  0.0000 ,  0.0000 ,  0.0000 ,
  0.0000 ,  0.0000 ,  0.0000 ,  0.0000 ,  0.0000 ,  0.0000 ,
  0.0000 ,  0.0000 ,  0.0000 ,  0.0000 ,  0.0000 ,  0.0000 ,
  0.0000 ,  0.0000 ,  0.0000 ,  0.0000 ,  0.0000 ,  0.0000 ,
  0.0000 ,  0.0000 ,  0.0000 ,  0.0000 ,  0.0000 ,  0.0000 ,
  0.0000 ,  0.0000 ,  0.0000 ,  0.0000 ,  0.0000 ,  0.0000 ,
  0.0000 ,  0.0000 ,  0.0000 ,  0.0000 ,  0.0000 ,  0.0000 ,
  0.0000 ,  0.0000 ,  0.0000 ,  0.0000 ,  0.0000 ,  0.0000 ,
  0.0000 ,  0.0000 ,  0.0000 ,  0.0000 ,  0.0000 ,  0.0000 ,
  0.0000 ,  0.0000 ,  0.0000 ,  0.0000 ,  0.0000 ,  0.0000 ,
  0.0000 ,  0.0000 ,  0.0000 ,  0.0000 ,  0.0000 ,  0.0000 ,
  0.0000 ,  0.0000 ,  0.0000 ,  0.0000 ,  0.0000 ,  0.0000 ,
  0.0000 ,  0.0000 ,  0.0000 ,  0.0000 ,  0.0000 ,  0.0000 ,
  0.0000 ,  0.0000 ,  0.0000 ,  0.0000 ,  0.0000 ,  0.0000 ,
  0.0000 ,  0.0000 ,  0.0000 ,  0.0000 ,  0.0000 ,  0.0000 ,
  0.0000 ,  0.0000 ,  0.0000 ,  0.0000 ,  0.0000 ,  0.0000 ,
  0.0000 ,  0.0000 ,  0.0000 ,  0.0000 ,  0.0000 ,  0.0000 ,
  0.0000 ,  0.0000 ,  0.0000 ,  0.0000 ,  0.0000 ,  0.0000 ,
  0.0000 ,  0.0000 ,  0.0000 ,  0.0000 ,  0.0000 ,  0.0000 ,
  0.0000 ,  0.0000 ,  0.0000 ,  0.0000 ,  0.0000 ,  0.0000 ,
  0.0000 ,  0.0000 ,  0.0000 ,  0.0000 ,  0.0000 ,  0.0000 ,
  0.0000 ,  0.0000 ,  0.0000 ,  0.0000 ,  0.0000 ,  0.0000 ,
  0.0000 ,  0.0000 ,  0.0000 ,  0.0000 ,  0.0000 ,  0.0000 ,
  0.0000 ,  0.0000 ,  0.0000 ,  0.0000 ,  0.0000 ,  0.0000 ,
  0.0000 ,  0.0000 ,  0.0000 ,  0.0000 ,  0.0000 ,  0.0000 ,
  0.0000 ,  0.0000 ,  0.0000 ,  0.0000 ,  0.0000 ,  0.0000 ,
  0.0000 ,  0.0000 ,  0.0000 ,  0.0000 ,  0.0000 ,  0.0000 ,
  0.0000 ,  0.0000 ,  0.0000 ,  0.0000 ,  0.0000 ,  0.0000 ,
  0.0000 ,  0.0000 ,  0.0000 ,  0.0000 ,  0.0000 ,  0.0000 ,
  0.0000 ,  0.0000 ,  0.0000 ,  0.0000 ,  0.0000 ,  0.0000 ,
  0.0000 ,  0.0000 ,  0.0000 ,  0.0000 ,  0.0000 ,  0.0000 ,
  0.0000 ,  0.0000 ,  0.0000 ,  0.0000 ,  0.0000 ,  0.0000 ,
  0.0000 ,  0.0000 ,  0.0000 ,  0.0000 ,  0.0000 ,  0.0000 ,
  0.0000 ,  0.0000 ,  0.0000 ,  0.0000 ,  0.0000 ,  0.0000 ,
  0.0000 ,  0.0000 ,  0.0000 ,  0.0000 ,  0.0000 ,  0.0000 ,
  0.0000 ,  0.0000 ,  0.0000 ,  0.0000 ,  0.0000 ,  0.0000 ,
  0.0000 ,  0.0000 ,  0.0000 ,  0.0000 ,  0.0000 ,  0.0000 ,
  0.0000 ,  0.0000 ,  0.0000 ,  0.0000 ,  0.0000 ,  0.0000 ,
  0.0000 ,  0.0000 ,  0.0000 ,  0.0000 ,  0.0000 ,  0.0000 ,
  0.0000 ,  0.0000 ,  0.0000 ,  0.0000 ,  0.0000 ,  0.0000 ,
  0.0000 ,  0.0000 ,  0.0000 ,  0.0000 ,  0.0000 ,  0.0000 ,
  0.0000 ,  0.0000 ,  0.0000 ,  0.0000 ,  0.0000 ,  0.0000 ,
  0.0000 ,  0.0000 ,  0.0000 ,  0.0000 ,  0.0000 ,  0.0000 ,
  0.0000 ,  0.0000 ,  0.0000 ,  0.0000 ,  0.0000 ,  0.0000 ,
  0.0000 ,  0.0000 ,  0.0000 ,  0.0000 ,  0.0000 ,  0.0000 ,
  0.0000 ,  0.0000 ,  0.0000 ,  0.0000 ,  0.0000 ,  0.0000 ,
  0.0000 ,  0.0000 ,  0.0000 ,  0.0000 ,  0.0000 ,  0.0000 ,
  0.0000 ,  0.0000 ,  0.0000 ,  0.0000 ,  0.0000 ,  0.0000 ,
  0.0000 ,  0.0000 ,  0.0000 ,  0.0000 ,  0.0000 ,  0.0000 ,
  0.0000 ,  0.0000 ,  0.0000 ,  0.0000 ,  0.0000 ,  0.0000 ,
  0.0000 ,  0.0000 ,  0.0000 ,  0.0000 ,  0.0000 ,  0.0000 ,
  0.0000 ,  0.0000 ,  0.0000 ,  0.0000 ,  0.0000 ,  0.0000 ,
  0.0000 ,  0.0000 ,  0.0000 ,  0.0000 ,  0.0000 ,  0.0000 ,
  0.0000 ,  0.0000 ,  0.0000 ,  0.0000 ,  0.0000 ,  0.0000 ,
  0.0000 ,  0.0000 ,  0.0000 ,  0.0000 ,  0.0000 ,  0.0000 ,
  0.0000 ,  0.0000 ,  0.0000 ,  0.0000 ,  0.0000 ,  0.0000 ,
  0.0000 ,  0.0000 ,  0.0000 ,  0.0000 ,  0.0000 ,  0.0000 ,
  0.0000 ,  0.0000 ,  0.0000 ,  0.0000 ,  0.0000 ,  0.0000 ,
  0.0000 ,  0.0000 ,  0.0000 ,  0.0000 ,  0.0000 ,  0.0000 ,
  0.0000 ,  0.0000 ,  0.0000 ,  0.0000 ,  0.0000 ,  0.0000 ,
  0.0000 ,  0.0000 ,  0.0000 ,  0.0000 ,  0.0000 ,  0.0000 ,
  0.0000 ,  0.0000 ,  0.0000 ,  0.0000 ,  0.0000 ,  0.0000 ,
  0.0000 ,  0.0000 ,  0.0000 ,  0.0000 ,  0.0000 ,  0.0000 ,
  0.0000 ,  0.0000 ,  0.0000 ,  0.0000 ,  0.0000 ,  0.0000 ,
  0.0000 ,  0.0000 ,  0.0000 ,  0.0000 ,  0.0000 ,  0.0000 ,
  0.0000 ,  0.0000 ,  0.0000 ,  0.0000 ,  0.0000 ,  0.0000 ,
  0.0000 ,  0.0000 ,  0.0000 ,  0.0000 ,  0.0000 ,  0.0000 ,
  0.0000 ,  0.0000 ,  0.0000 ,  0.0000 ,  0.0000 ,  0.0000 ,
  0.0000 ,  0.0000 ,  0.0000 ,  0.0000 ,  0.0000 ,  0.0000 ,
  0.0000 ,  0.0000 ,  0.0000 ,  0.0000 ,  0.0000 ,  0.0000 ,
  0.0000 ,  0.0000 ,  0.0000 ,  0.0000 ,  0.0000 ,  0.0000 ,
  0.0000 ,  0.0000 ,  0.0000 ,  0.0000 ,  0.0000 ,  0.0000 ,
  0.0000 ,  0.0000 ,  0.0000 ,  0.0000 ,  0.0000 ,  0.0000 ,
  0.0000 ,  0.0000 ,  0.0000 ,  0.0000 ,  0.0000 ,  0.0000 ,
  0.0000 ,  0.0000 ,  0.0000 ,  0.0000 ,  0.0000 ,  0.0000 ,
  0.0000 ,  0.0000 ,  0.0000 ,  0.0000 ,  0.0000 ,  0.0000 ,
  0.0000 ,  0.0000 ,  0.0000 ,  0.0000 ,  0.0000 ,  0.0000 ,
  0.0000 ,  0.0000 ,  0.0000 ,  0.0000 ,  0.0000 ,  0.0000 ,
  0.0000 ,  0.0000 ,  0.0000 ,  0.0000 ,  0.0000 ,  0.0000 ,
  0.0000 ,  0.0000 ,  0.0000 ,  0.0000 ,  0.0000 ,  0.0000 ,
  0.0000 ,  0.0000 ,  0.0000 ,  0.0000 ,  0.0000 ,  0.0000 ,
  0.0000 ,  0.0000 ,  0.0000 ,  0.0000 ,  0.0000 ,  0.0000 ,
  0.0000 ,  0.0000 ,  0.0000 ,  0.0000 ,  0.0000 ,  0.0000 ,
  0.0000 ,  0.0000 ,  0.0000 ,  0.0000 ,  0.0000 ,  0.0000 ,
  0.0000 ,  0.0000 ,  0.0000 ,  0.0000 ,  0.0000 ,  0.0000 ,
  0.0000 ,  0.0000 ,  0.0000 ,  0.0000 ,  0.0000 ,  0.0000 ,
  0.0000 ,  0.0000 ,  0.0000 ,  0.0000 ,  0.0000 ,  0.0000 ,
  0.0000 ,  0.0000 ,  0.0000 ,  0.0000 ,  0.0000 ,  0.0000 ,
  0.0000 ,  0.0000 ,  0.0000 ,  0.0000 ,  0.0000 ,  0.0000 ,
  0.0000 ,  0.0000 ,  0.0000 ,  0.0000 ,  0.0000 ,  0.0000 ,
  0.0000 ,  0.0000 ,  0.0000 ,  0.0000 ,  0.0000 ,  0.0000 ,
  0.0000 ,  0.0000 ,  0.0000 ,  0.0000 ,  0.0000 ,  0.0000 ,
  0.0000 ,  0.0000 ,  0.0000 ,  0.0000 ,  0.0000 ,  0.0000 ,
  0.0000 ,  0.0000 ,  0.0000 ,  0.0000 ,  0.0000 ,  0.0000 ,
  0.0000 ,  0.0000 ,  0.0000 ,  0.0000 ,  0.0000 ,  0.0000 ,
  0.0000 ,  0.0000 ,  0.0000 ,  0.0000 ,  0.0000 ,  0.0000 ,
  0.0000 ,  0.0000 ,  0.0000 ,  0.0000 ,  0.0000 ,  0.0000 ,
  0.0000 ,  0.0000 ,  0.0000 ,  0.0000 ,  0.0000 ,  0.0000 ,
  0.0000 ,  0.0000 ,  0.0000 ,  0.0000 ,  0.0000 ,  0.0000 ,
  0.0000 ,  0.0000 ,  0.0000 ,  0.0000 ,  0.0000 ,  0.0000 ,
  0.0000 ,  0.0000 ,  0.0000 ,  0.0000 ,  0.0000 ,  0.0000 ,
  0.0000 ,  0.0000 ,  0.0000 ,  0.0000 ,  0.0000 ,  0.0000 ,
  0.0000 ,  0.0000 ,  0.0000 ,  0.0000 ,  0.0000 ,  0.0000 ,
  0.0000 ,  0.0000 ,  0.0000 ,  0.0000 ,  0.0000 ,  0.0000 ,
  0.0000 ,  0.0000 ,  0.0000 ,  0.0000 ,  0.0000 ,  0.0000 ,
  0.0000 ,  0.0000 ,  0.0000 ,  0.0000 ,  0.0000 ,  0.0000 ,
  0.0000 ,  0.0000 ,  0.0000 ,  0.0000 ,  0.0000 ,  0.0000 ,
  0.0000 ,  0.0000 ,  0.0000 ,  0.0000 ,  0.0000 ,  0.0000 ,
  0.0000 ,  0.0000 ,  0.0000 ,  0.0000 ,  0.0000 ,  0.0000 ,
  0.0000 ,  0.0000 ,  0.0000 ,  0.0000 ,  0.0000 ,  0.0000 ,
  0.0000 ,  0.0000 ,  0.0000 ,  0.0000 ,  0.0000 ,  0.0000 ,
  0.0000 ,  0.0000 ,  0.0000 ,  0.0000 ,  0.0000 ,  0.0000 ,
  0.0000 ,  0.0000 ,  0.0000 ,  0.0000 ,  0.0000 ,  0.0000 ,
  0.0000 ,  0.0000 ,  0.0000 ,  0.0000 ,  0.0000 ,  0.0000 ,
  0.0000 ,  0.0000 ,  0.0000 ,  0.0000 ,  0.0000 ,  0.0000 ,
  0.0000 ,  0.0000 ,  0.0000 ,  0.0000 ,  0.0000 ,  0.0000 ,
  0.0000 ,  0.0000 ,  0.0000 ,  0.0000 ,  0.0000 ,  0.0000 ,
  0.0000 ,  0.0000 ,  0.0000 ,  0.0000 ,  0.0000 ,  0.0000 ,
  0.0000 ,  0.0000 ,  0.0000 ,  0.0000 ,  0.0000 ,  0.0000 ,
  0.0000 ,  0.0000 ,  0.0000 ,  0.0000 ,  0.0000 ,  0.0000 ,
  0.0000 ,  0.0000 ,  0.0000 ,  0.0000 ,  0.0000 ,  0.0000 ,
  0.0000 ,  0.0000 ,  0.0000 ,  0.0000 ,  0.0000 ,  0.0000 ,
  0.0000 ,  0.0000 ,  0.0000 ,  0.0000 ,  0.0000 ,  0.0000 ,
  0.0000 ,  0.0000 ,  0.0000 ,  0.0000 ,  0.0000 ,  0.0000 ,
  0.0000 ,  0.0000 ,  0.0000 ,  0.0000 ,  0.0000 ,  0.0000 ,
  0.0000 ,  0.0000 ,  0.0000 ,  0.0000 ,  0.0000 ,  0.0000 ,
  0.0000 ,  0.0000 ,  0.0000 ,  0.0000 ,  0.0000 ,  0.0000 ,
  0.0000 ,  0.0000 ,  0.0000 ,  0.0000 ,  0.0000 ,  0.0000 ,
  0.0000 ,  0.0000 ,  0.0000 ,  0.0000 ,  0.0000 ,  0.0000 ,
  0.0000 ,  0.0000 ,  0.0000 ,  0.0000 ,  0.0000 ,  0.0000 ,
  0.0000 ,  0.0000 ,  0.0000 ,  0.0000 ,  0.0000 ,  0.0000 ,
  0.0000 ,  0.0000 ,  0.0000 ,  0.0000 ,  0.0000 ,  0.0000 ,
  0.0000 ,  0.0000 ,  0.0000 ,  0.0000 ,  0.0000 ,  0.0000 ,
  0.0000 ,  0.0000 ,  0.0000 ,  0.0000 ,  0.0000 ,  0.0000 ,
  0.0000 ,  0.0000 ,  0.0000 ,  0.0000 ,  0.0000 ,  0.0000 ,
  0.0000 ,  0.0000 ,  0.0000 ,  0.0000 ,  0.0000 ,  0.0000 ,
  0.0000 ,  0.0000 ,  0.0000 ,  0.0000 ,  0.0000 ,  0.0000 ,
  0.0000 ,  0.0000 ,  0.0000 ,  0.0000 ,  0.0000 ,  0.0000 ,
  0.0000 ,  0.0000 ,  0.0000 ,  0.0000 ,  0.0000 ,  0.0000 ,
  0.0000 ,  0.0000 ,  0.0000 ,  0.0000 ,  0.0000 ,  0.0000 ,
  0.0000 ,  0.0000 ,  0.0000 ,  0.0000 ,  0.0000 ,  0.0000 ,
  0.0000 ,  0.0000 ,  0.0000 ,  0.0000 ,  0.0000 ,  0.0000 ,
  0.0000 ,  0.0000 ,  0.0000 ,  0.0000 ,  0.0000 ,  0.0000 ,
  0.0000 ,  0.0000 ,  0.0000 ,  0.0000 ,  0.0000 ,  0.0000 ,
  0.0000 ,  0.0000 ,  0.0000 ,  0.0000 ,  0.0000 ,  0.0000 ,
  0.0000 ,  0.0000 ,  0.0000 ,  0.0000 ,  0.0000 ,  0.0000 ,
  0.0000 ,  0.0000 ,  0.0000 ,  0.0000 ,  0.0000 ,  0.0000 ,
  0.0000 ,  0.0000 ,  0.0000 ,  0.0000 ,  0.0000 ,  0.0000 ,
  0.0000 ,  0.0000 ,  0.0000 ,  0.0000 ,  0.0000 ,  0.0000 ,
  0.0000 ,  0.0000 ,  0.0000 ,  0.0000 ,  0.0000 ,  0.0000 ,
  0.0000 ,  0.0000 ,  0.0000 ,  0.0000 ,  0.0000 ,  0.0000 ,
  0.0000 ,  0.0000 ,  0.0000 ,  0.0000 ,  0.0000 ,  0.0000 ,
  0.0000 ,  0.0000 ,  0.0000 ,  0.0000 ,  0.0000 ,  0.0000 ,
  0.0000 ,  0.0000 ,  0.0000 ,  0.0000 ,  0.0000 ,  0.0000 ,
  0.0000 ,  0.0000 ,  0.0000 ,  0.0000 ,  0.0000 ,  0.0000 ,
  0.0000 ,  0.0000 ,  0.0000 ,  0.0000 ,  0.0000 ,  0.0000 ,
  0.0000 ,  0.0000 ,  0.0000 ,  0.0000 ,  0.0000 ,  0.0000 ,
  0.0000 ,  0.0000 ,  0.0000 ,  0.0000 ,  0.0000 ,  0.0000 ,
  0.0000 ,  0.0000 ,  0.0000 ,  0.0000 ,  0.0000 ,  0.0000 ,
  0.0000 ,  0.0000 ,  0.0000 ,  0.0000 ,  0.0000 ,  0.0000 ,
  0.0000 ,  0.0000 ,  0.0000 ,  0.0000 ,  0.0000 ,  0.0000 ,
  0.0000 ,  0.0000 ,  0.0000 ,  0.0000 ,  0.0000 ,  0.0000 ,
  0.0000 ,  0.0000 ,  0.0000 ,  0.0000 ,  0.0000 ,  0.0000 ,
  0.0000 ,  0.0000 ,  0.0000 ,  0.0000 ,  0.0000 ,  0.0000 ,
  0.0000 ,  0.0000 ,  0.0000 ,  0.0000 ,  0.0000 ,  0.0000 ,
  0.0000 ,  0.0000 ,  0.0000 ,  0.0000 ,  0.0000 ,  0.0000 ,
  0.0000 ,  0.0000 ,  0.0000 ,  0.0000 ,  0.0000 ,  0.0000 ,
  0.0000 ,  0.0000 ,  0.0000 ,  0.0000 ,  0.0000 ,  0.0000 ,
  0.0000 ,  0.0000 ,  0.0000 ,  0.0000 ,  0.0000 ,  0.0000 ,
  0.0000 ,  0.0000 ,  0.0000 ,  0.0000 ,  0.0000 ,  0.0000 ,
  0.0000 ,  0.0000 ,  0.0000 ,  0.0000 ,  0.0000 ,  0.0000 ,
  0.0000 ,  0.0000 ,  0.0000 ,  0.0000 ,  0.0000 ,  0.0000 ,
  0.0000 ,  0.0000 ,  0.0000 ,  0.0000 ,  0.0000 ,  0.0000 ,
  0.0000 ,  0.0000 ,  0.0000 ,  0.0000 ,  0.0000 ,  0.0000 ,
  0.0000 ,  0.0000 ,  0.0000 ,  0.0000 ,  0.0000 ,  0.0000 ,
  0.0000 ,  0.0000 ,  0.0000 ,  0.0000 ,  0.0000 ,  0.0000 ,
  0.0000 ,  0.0000 ,  0.0000 ,  0.0000 ,  0.0000 ,  0.0000 ,
  0.0000 ,  0.0000 ,  0.0000 ,  0.0000 ,  0.0000 ,  0.0000 ,
  0.0000 ,  0.0000 ,  0.0000 ,  0.0000 ,  0.0000 ,  0.0000 ,
  0.0000 ,  0.0000 ,  0.0000 ,  0.0000 ,  0.0000 ,  0.0000 ,
  0.0000 ,  0.0000 ,  0.0000 ,  0.0000 ,  0.0000 ,  0.0000 ,
  0.0000 ,  0.0000 ,  0.0000 ,  0.0000 ,  0.0000 ,  0.0000 ,
  0.0000 ,  0.0000 ,  0.0000 ,  0.0000 ,  0.0000 ,  0.0000 ,
  0.0000 ,  0.0000 ,  0.0000 ,  0.0000 ,  0.0000 ,  0.0000 ,
  0.0000 ,  0.0000 ,  0.0000 ,  0.0000 ,  0.0000 ,  0.0000 ,
  0.0000 ,  0.0000 ,  0.0000 ,  0.0000 ,  0.0000 ,  0.0000 ,
  0.0000 ,  0.0000 ,  0.0000 ,  0.0000 ,  0.0000 ,  0.0000 ,
  0.0000 ,  0.0000 ,  0.0000 ,  0.0000 ,  0.0000 ,  0.0000 ,
  0.0000 ,  0.0000 ,  0.0000 ,  0.0000 ,  0.0000 ,  0.0000 ,
  0.0000 ,  0.0000 ,  0.0000 ,  0.0000 ,  0.0000 ,  0.0000 ,
  0.0000 ,  0.0000 ,  0.0000 ,  0.0000 ,  0.0000 ,  0.0000 ,
  0.0000 ,  0.0000 ,  0.0000 ,  0.0000 ,  0.0000 ,  0.0000 ,
  0.0000 ,  0.0000 ,  0.0000 ,  0.0000 ,  0.0000 ,  0.0000 ,
  0.0000 ,  0.0000 ,  0.0000 ,  0.0000 ,  0.0000 ,  0.0000 ,
  0.0000 ,  0.0000 ,  0.0000 ,  0.0000 ,  0.0000 ,  0.0000 ,
  0.0000 ,  0.0000 ,  0.0000 ,  0.0000 ,  0.0000 ,  0.0000 ,
  0.0000 ,  0.0000 ,  0.0000 ,  0.0000 ,  0.0000 ,  0.0000 ,
  0.0000 ,  0.0000 ,  0.0000 ,  0.0000 ,  0.0000 ,  0.0000 ,
  0.0000 ,  0.0000 ,  0.0000 ,  0.0000 ,  0.0000 ,  0.0000 ,
  0.0000 ,  0.0000 ,  0.0000 ,  0.0000 ,  0.0000 ,  0.0000 ,
  0.0000 ,  0.0000 ,  0.0000 ,  0.0000 ,  0.0000 ,  0.0000 ,
  0.0000 ,  0.0000 ,  0.0000 ,  0.0000 ,  0.0000 ,  0.0000 ,
  0.0000 ,  0.0000 ,  0.0000 ,  0.0000 ,  0.0000 ,  0.0000 ,
  0.0000 ,  0.0000 ,  0.0000 ,  0.0000 ,  0.0000 ,  0.0000 ,
  0.0000 ,  0.0000 ,  0.0000 ,  0.0000 ,  0.0000 ,  0.0000 ,
  0.0000 ,  0.0000 ,  0.0000 ,  0.0000 ,  0.0000 ,  0.0000 ,
  0.0000 ,  0.0000 ,  0.0000 ,  0.0000 ,  0.0000 ,  0.0000 ,
  0.0000 ,  0.0000 ,  0.0000 ,  0.0000 ,  0.0000 ,  0.0000 ,
  0.0000 ,  0.0000 ,  0.0000 ,  0.0000 ,  0.0000 ,  0.0000 ,
  0.0000 ,  0.0000 ,  0.0000 ,  0.0000 ,  0.0000 ,  0.0000 ,
  0.0000 ,  0.0000 ,  0.0000 ,  0.0000 ,  0.0000 ,  0.0000 ,
  0.0000 ,  0.0000 ,  0.0000 ,  0.0000 ,  0.0000 ,  0.0000 ,
  0.0000 ,  0.0000 ,  0.0000 ,  0.0000 ,  0.0000 ,  0.0000 ,
  0.0000 ,  0.0000 ,  0.0000 ,  0.0000 ,  0.0000 ,  0.0000 ,
  0.0000 ,  0.0000 ,  0.0000 ,  0.0000 ,  0.0000 ,  0.0000 ,
  0.0000 ,  0.0000 ,  0.0000 ,  0.0000 ,  0.0000 ,  0.0000 ,
  0.0000 ,  0.0000 ,  0.0000 ,  0.0000 ,  0.0000 ,  0.0000 ,
  0.0000 ,  0.0000 ,  0.0000 ,  0.0000 ,  0.0000 ,  0.0000 ,
  0.0000 ,  0.0000 ,  0.0000 ,  0.0000 ,  0.0000 ,  0.0000 ,
  0.0000 ,  0.0000 ,  0.0000 ,  0.0000 ,  0.0000 ,  0.0000 ,
  0.0000 ,  0.0000 ,  0.0000 ,  0.0000 ,  0.0000 ,  0.0000 ,
  0.0000 ,  0.0000 ,  0.0000 ,  0.0000 ,  0.0000 ,  0.0000 ,
  0.0000 ,  0.0000 ,  0.0000 ,  0.0000 ,  0.0000 ,  0.0000 ,
  0.0000 ,  0.0000 ,  0.0000 ,  0.0000 ,  0.0000 ,  0.0000 ,
  0.0000 ,  0.0000 ,  0.0000 ,  0.0000 ,  0.0000 ,  0.0000 ,
  0.0000 ,  0.0000 ,  0.0000 ,  0.0000 ,  0.0000 ,  0.0000 ,
  0.0000 ,  0.0000 ,  0.0000 ,  0.0000 ,  0.0000 ,  0.0000 ,
  0.0000 ,  0.0000 ,  0.0000 ,  0.0000 ,  0.0000 ,  0.0000 ,
  0.0000 ,  0.0000 ,  0.0000 ,  0.0000 ,  0.0000 ,  0.0000 ,
  0.0000 ,  0.0000 ,  0.0000 ,  0.0000 ,  0.0000 ,  0.0000 ,
  0.0000 ,  0.0000 ,  0.0000 ,  0.0000 ,  0.0000 ,  0.0000 ,
  0.0000 ,  0.0000 ,  0.0000 ,  0.0000 ,  0.0000 ,  0.0000 ,
  0.0000 ,  0.0000 ,  0.0000 ,  0.0000 ,  0.0000 ,  0.0000 ,
  0.0000 ,  0.0000 ,  0.0000 ,  0.0000 ,  0.0000 ,  0.0000 ,
  0.0000 ,  0.0000 ,  0.0000 ,  0.0000 ,  0.0000 ,  0.0000 ,
  0.0000 ,  0.0000 ,  0.0000 ,  0.0000 ,  0.0000 ,  0.0000 ,
  0.0000 ,  0.0000 ,  0.0000 ,  0.0000 ,  0.0000 ,  0.0000 ,
  0.0000 ,  0.0000 ,  0.0000 ,  0.0000 ,  0.0000 ,  0.0000 ,
  0.0000 ,  0.0000 ,  0.0000 ,  0.0000 ,  0.0000 ,  0.0000 ,
  0.0000 ,  0.0000 ,  0.0000 ,  0.0000 ,  0.0000 ,  0.0000 ,
  0.0000 ,  0.0000 ,  0.0000 ,  0.0000 ,  0.0000 ,  0.0000 ,
  0.0000 ,  0.0000 ,  0.0000 ,  0.0000 ,  0.0000 ,  0.0000 ,
  0.0000 ,  0.0000 ,  0.0000 ,  0.0000 ,  0.0000 ,  0.0000 ,
  0.0000 ,  0.0000 ,  0.0000 ,  0.0000 ,  0.0000 ,  0.0000 ,
  0.0000 ,  0.0000 ,  0.0000 ,  0.0000 ,  0.0000 ,  0.0000 ,
  0.0000 ,  0.0000 ,  0.0000 ,  0.0000 ,  0.0000 ,  0.0000 ,
  0.0000 ,  0.0000 ,  0.0000 ,  0.0000 ,  0.0000 ,  0.0000 ,
  0.0000 ,  0.0000 ,  0.0000 ,  0.0000 ,  0.0000 ,  0.0000 ,
  0.0000 ,  0.0000 ,  0.0000 ,  0.0000 ,  0.0000 ,  0.0000 ,
  0.0000 ,  0.0000 ,  0.0000 ,  0.0000 ,  0.0000 ,  0.0000 ,
  0.0000 ,  0.0000 ,  0.0000 ,  0.0000 ,  0.0000 ,  0.0000 ,
  0.0000 ,  0.0000 ,  0.0000 ,  0.0000 ,  0.0000 ,  0.0000 ,
  0.0000 ,  0.0000 ,  0.0000 ,  0.0000 ,  0.0000 ,  0.0000 ,
  0.0000 ,  0.0000 ,  0.0000 ,  0.0000 ,  0.0000 ,  0.0000 ,
  0.0000 ,  0.0000 ,  0.0000 ,  0.0000 ,  0.0000 ,  0.0000 ,
  0.0000 ,  0.0000 ,  0.0000 ,  0.0000 ,  0.0000 ,  0.0000 ,
  0.0000 ,  0.0000 ,  0.0000 ,  0.0000 ,  0.0000 ,  0.0000 ,
  0.0000 ,  0.0000 ,  0.0000 ,  0.0000 ,  0.0000 ,  0.0000 ,
  0.0000 ,  0.0000 ,  0.0000 ,  0.0000 ,  0.0000 ,  0.0000 ,
  0.0000 ,  0.0000 ,  0.0000 ,  0.0000 ,  0.0000 ,  0.0000 ,
  0.0000 ,  0.0000 ,  0.0000 ,  0.0000 ,  0.0000 ,  0.0000 ,
  0.0000 ,  0.0000 ,  0.0000 ,  0.0000 ,  0.0000 ,  0.0000 ,
  0.0000 ,  0.0000 ,  0.0000 ,  0.0000 ,  0.0000 ,  0.0000 ,
  0.0000 ,  0.0000 ,  0.0000 ,  0.0000 ,  0.0000 ,  0.0000 ,
  0.0000 ,  0.0000 ,  0.0000 ,  0.0000 ,  0.0000 ,  0.0000 ,
  0.0000 ,  0.0000 ,  0.0000 ,  0.0000 ,  0.0000 ,  0.0000 ,
  0.0000 ,  0.0000 ,  0.0000 ,  0.0000 ,  0.0000 ,  0.0000 ,
  0.0000 ,  0.0000 ,  0.0000 ,  0.0000 ,  0.0000 ,  0.0000 ,
  0.0000 ,  0.0000 ,  0.0000 ,  0.0000 ,  0.0000 ,  0.0000 ,
  0.0000 ,  0.0000 ,  0.0000 ,  0.0000 ,  0.0000 ,  0.0000 ,
  0.0000 ,  0.0000 ,  0.0000 ,  0.0000 ,  0.0000 ,  0.0000 ,
  0.0000 ,  0.0000 ,  0.0000 ,  0.0000 ,  0.0000 ,  0.0000 ,
  0.0000 ,  0.0000 ,  0.0000 ,  0.0000 ,  0.0000 ,  0.0000 ,
  0.0000 ,  0.0000 ,  0.0000 ,  0.0000 ,  0.0000 ,  0.0000 ,
  0.0000 ,  0.0000 ,  0.0000 ,  0.0000 ,  0.0000 ,  0.0000 ,
  0.0000 ,  0.0000 ,  0.0000 ,  0.0000 ,  0.0000 ,  0.0000 ,
  0.0000 ,  0.0000 ,  0.0000 ,  0.0000 ,  0.0000 ,  0.0000 ,
  0.0000 ,  0.0000 ,  0.0000 ,  0.0000 ,  0.0000 ,  0.0000 ,
  0.0000 ,  0.0000 ,  0.0000 ,  0.0000 ,  0.0000 ,  0.0000 ,
  0.0000 ,  0.0000 ,  0.0000 ,  0.0000 ,  0.0000 ,  0.0000 ,
  0.0000 ,  0.0000 ,  0.0000 ,  0.0000 ,  0.0000 ,  0.0000 ,
  0.0000 ,  0.0000 ,  0.0000 ,  0.0000 ,  0.0000 ,  0.0000 ,
  0.0000 ,  0.0000 ,  0.0000 ,  0.0000 ,  0.0000 ,  0.0000 ,
  0.0000 ,  0.0000 ,  0.0000 ,  0.0000 ,  0.0000 ,  0.0000 ,
  0.0000 ,  0.0000 ,  0.0000 ,  0.0000 ,  0.0000 ,  0.0000 ,
  0.0000 ,  0.0000 ,  0.0000 ,  0.0000 ,  0.0000 ,  0.0000 ,
  0.0000 ,  0.0000 ,  0.0000 ,  0.0000 ,  0.0000 ,  0.0000 ,
  0.0000 ,  0.0000 ,  0.0000 ,  0.0000 ,  0.0000 ,  0.0000 ,
  0.0000 ,  0.0000 ,  0.0000 ,  0.0000 ,  0.0000 ,  0.0000 ,
  0.0000 ,  0.0000 ,  0.0000 ,  0.0000 ,  0.0000 ,  0.0000 ,
  0.0000 ,  0.0000 ,  0.0000 ,  0.0000 ,  0.0000 ,  0.0000 ,
  0.0000 ,  0.0000 ,  0.0000 ,  0.0000 ,  0.0000 ,  0.0000 ,
  0.0000 ,  0.0000 ,  0.0000 ,  0.0000 ,  0.0000 ,  0.0000 ,
  0.0000 ,  0.0000 ,  0.0000 ,  0.0000 ,  0.0000 ,  0.0000 ,
  0.0000 ,  0.0000 ,  0.0000 ,  0.0000 ,  0.0000 ,  0.0000 ,
  0.0000 ,  0.0000 ,  0.0000 ,  0.0000 ,  0.0000 ,  0.0000 ,
  0.0000 ,  0.0000 ,  0.0000 ,  0.0000 ,  0.0000 ,  0.0000 ,
  0.0000 ,  0.0000 ,  0.0000 ,  0.0000 ,  0.0000 ,  0.0000 ,
  0.0000 ,  0.0000 ,  0.0000 ,  0.0000 ,  0.0000 ,  0.0000 ,
  0.0000 ,  0.0000 ,  0.0000 ,  0.0000 ,  0.0000 ,  0.0000 ,
  0.0000 ,  0.0000 ,  0.0000 ,  0.0000 ,  0.0000 ,  0.0000 ,
  0.0000 ,  0.0000 ,  0.0000 ,  0.0000 ,  0.0000 ,  0.0000 ,
  0.0000 ,  0.0000 ,  0.0000 ,  0.0000 ,  0.0000 ,  0.0000 ,
  0.0000 ,  0.0000 ,  0.0000 ,  0.0000 ,  0.0000 ,  0.0000 ,
  0.0000 ,  0.0000 ,  0.0000 ,  0.0000 ,  0.0000 ,  0.0000 ,
  0.0000 ,  0.0000 ,  0.0000 ,  0.0000 ,  0.0000 ,  0.0000 ,
  0.0000 ,  0.0000 ,  0.0000 ,  0.0000 ,  0.0000 ,  0.0000 ,
  0.0000 ,  0.0000 ,  0.0000 ,  0.0000 ,  0.0000 ,  0.0000 ,
  0.0000 ,  0.0000 ,  0.0000 ,  0.0000 ,  0.0000 ,  0.0000 ,
  0.0000 ,  0.0000 ,  0.0000 ,  0.0000 ,  0.0000 ,  0.0000 ,
  0.0000 ,  0.0000 ,  0.0000 ,  0.0000 ,  0.0000 ,  0.0000 ,
  0.0000 ,  0.0000 ,  0.0000 ,  0.0000 ,  0.0000 ,  0.0000 ,
  0.0000 ,  0.0000 ,  0.0000 ,  0.0000 ,  0.0000 ,  0.0000 ,
  0.0000 ,  0.0000 ,  0.0000 ,  0.0000 ,  0.0000 ,  0.0000 ,
  0.0000 ,  0.0000 ,  0.0000 ,  0.0000 ,  0.0000 ,  0.0000 ,
  0.0000 ,  0.0000 ,  0.0000 ,  0.0000 ,  0.0000 ,  0.0000 ,
  0.0000 ,  0.0000 ,  0.0000 ,  0.0000 ,  0.0000 ,  0.0000 ,
  0.0000 ,  0.0000 ,  0.0000 ,  0.0000 ,  0.0000 ,  0.0000 ,
  0.0000 ,  0.0000 ,  0.0000 ,  0.0000 ,  0.0000 ,  0.0000 ,
  0.0000 ,  0.0000 ,  0.0000 ,  0.0000 ,  0.0000 ,  0.0000 ,
  0.0000 ,  0.0000 ,  0.0000 ,  0.0000 ,  0.0000 ,  0.0000 ,
  0.0000 ,  0.0000 ,  0.0000 ,  0.0000 ,  0.0000 ,  0.0000 ,
  0.0000 ,  0.0000 ,  0.0000 ,  0.0000 ,  0.0000 ,  0.0000 ,
  0.0000 ,  0.0000 ,  0.0000 ,  0.0000 ,  0.0000 ,  0.0000 ,
  0.0000 ,  0.0000 ,  0.0000 ,  0.0000 ,  0.0000 ,  0.0000 ,
  0.0000 ,  0.0000 ,  0.0000 ,  0.0000 ,  0.0000 ,  0.0000 ,
  0.0000 ,  0.0000 ,  0.0000 ,  0.0000 ,  0.0000 ,  0.0000 ,
  0.0000 ,  0.0000 ,  0.0000 ,  0.0000 ,  0.0000 ,  0.0000 ,
  0.0000 ,  0.0000 ,  0.0000 ,  0.0000 ,  0.0000 ,  0.0000 ,
  0.0000 ,  0.0000 ,  0.0000 ,  0.0000 ,  0.0000 ,  0.0000 ,
  0.0000 ,  0.0000 ,  0.0000 ,  0.0000 ,  0.0000 ,  0.0000 ,
  0.0000 ,  0.0000 ,  0.0000 ,  0.0000 ,  0.0000 ,  0.0000 ,
  0.0000 ,  0.0000 ,  0.0000 ,  0.0000 ,  0.0000 ,  0.0000 ,
  0.0000 ,  0.0000 ,  0.0000 ,  0.0000 ,  0.0000 ,  0.0000 ,
  0.0000 ,  0.0000 ,  0.0000 ,  0.0000 ,  0.0000 ,  0.0000 ,
  0.0000 ,  0.0000 ,  0.0000 ,  0.0000 ,  0.0000 ,  0.0000 ,
  0.0000 ,  0.0000 ,  0.0000 ,  0.0000 ,  0.0000 ,  0.0000 ,
  0.0000 ,  0.0000 ,  0.0000 ,  0.0000 ,  0.0000 ,  0.0000 ,
  0.0000 ,  0.0000 ,  0.0000 ,  0.0000 ,  0.0000 ,  0.0000 ,
  0.0000 ,  0.0000 ,  0.0000 ,  0.0000 ,  0.0000 ,  0.0000 ,
  0.0000 ,  0.0000 ,  0.0000 ,  0.0000 ,  0.0000 ,  0.0000 ,
  0.0000 ,  0.0000 ,  0.0000 ,  0.0000 ,  0.0000 ,  0.0000 ,
  0.0000 ,  0.0000 ,  0.0000 ,  0.0000 ,  0.0000 ,  0.0000 ,
  0.0000 ,  0.0000 ,  0.0000 ,  0.0000 ,  0.0000 ,  0.0000 ,
  0.0000 ,  0.0000 ,  0.0000 ,  0.0000 ,  0.0000 ,  0.0000 ,
  0.0000 ,  0.0000 ,  0.0000 ,  0.0000 ,  0.0000 ,  0.0000 ,
  0.0000 ,  0.0000 ,  0.0000 ,  0.0000 ,  0.0000 ,  0.0000 ,
  0.0000 ,  0.0000 ,  0.0000 ,  0.0000 ,  0.0000 ,  0.0000 ,
  0.0000 ,  0.0000 ,  0.0000 ,  0.0000 ,  0.0000 ,  0.0000 ,
  0.0000 ,  0.0000 ,  0.0000 ,  0.0000 ,  0.0000 ,  0.0000 ,
  0.0000 ,  0.0000 ,  0.0000 ,  0.0000 ,  0.0000 ,  0.0000 ,
  0.0000 ,  0.0000 ,  0.0000 ,  0.0000 ,  0.0000 ,  0.0000 ,
  0.0000 ,  0.0000 ,  0.0000 ,  0.0000 ,  0.0000 ,  0.0000 ,
  0.0000 ,  0.0000 ,  0.0000 ,  0.0000 ,  0.0000 ,  0.0000 ,
  0.0000 ,  0.0000 ,  0.0000 ,  0.0000 ,  0.0000 ,  0.0000 ,
  0.0000 ,  0.0000 ,  0.0000 ,  0.0000 ,  0.0000 ,  0.0000 ,
  0.0000 ,  0.0000 ,  0.0000 ,  0.0000 ,  0.0000 ,  0.0000 ,
  0.0000 ,  0.0000 ,  0.0000 ,  0.0000 ,  0.0000 ,  0.0000 ,
  0.0000 ,  0.0000 ,  0.0000 ,  0.0000 ,  0.0000 ,  0.0000 ,
  0.0000 ,  0.0000 ,  0.0000 ,  0.0000 ,  0.0000 ,  0.0000 ,
  0.0000 ,  0.0000 ,  0.0000 ,  0.0000 ,  0.0000 ,  0.0000 ,
  0.0000 ,  0.0000 ,  0.0000 ,  0.0000 ,  0.0000 ,  0.0000 ,
  0.0000 ,  0.0000 ,  0.0000 ,  0.0000 ,  0.0000 ,  0.0000 ,
  0.0000 ,  0.0000 ,  0.0000 ,  0.0000 ,  0.0000 ,  0.0000 ,
  0.0000 ,  0.0000 ,  0.0000 ,  0.0000 ,  0.0000 ,  0.0000 ,
  0.0000 ,  0.0000 ,  0.0000 ,  0.0000 ,  0.0000 ,  0.0000 ,
  0.0000 ,  0.0000 ,  0.0000 ,  0.0000 ,  0.0000 ,  0.0000 ,
  0.0000 ,  0.0000 ,  0.0000 ,  0.0000 ,  0.0000 ,  0.0000 ,
  0.0000 ,  0.0000 ,  0.0000 ,  0.0000 ,  0.0000 ,  0.0000 ,
  0.0000 ,  0.0000 ,  0.0000 ,  0.0000 ,  0.0000 ,  0.0000 ,
  0.0000 ,  0.0000 ,  0.0000 ,  0.0000 ,  0.0000 ,  0.0000 ,
  0.0000 ,  0.0000 ,  0.0000 ,  0.0000 ,  0.0000 ,  0.0000 ,
  0.0000 ,  0.0000 ,  0.0000 ,  0.0000 ,  0.0000 ,  0.0000 ,
  0.0000 ,  0.0000 ,  0.0000 ,  0.0000 ,  0.0000 ,  0.0000 ,
  0.0000 ,  0.0000 ,  0.0000 ,  0.0000 ,  0.0000 ,  0.0000 ,
  0.0000 ,  0.0000 ,  0.0000 ,  0.0000 ,  0.0000 ,  0.0000 ,
  0.0000 ,  0.0000 ,  0.0000 ,  0.0000 ,  0.0000 ,  0.0000 ,
  0.0000 ,  0.0000 ,  0.0000 ,  0.0000 ,  0.0000 ,  0.0000 ,
  0.0000 ,  0.0000 ,  0.0000 ,  0.0000 ,  0.0000 ,  0.0000 ,
  0.0000 ,  0.0000 ,  0.0000 ,  0.0000 ,  0.0000 ,  0.0000 ,
  0.0000 ,  0.0000 ,  0.0000 ,  0.0000 ,  0.0000 ,  0.0000 ,
  0.0000 ,  0.0000 ,  0.0000 ,  0.0000 ,  0.0000 ,  0.0000 ,
  0.0000 ,  0.0000 ,  0.0000 ,  0.0000 ,  0.0000 ,  0.0000 ,
  0.0000 ,  0.0000 ,  0.0000 ,  0.0000 ,  0.0000 ,  0.0000 ,
  0.0000 ,  0.0000 ,  0.0000 ,  0.0000 ,  0.0000 ,  0.0000 ,
  0.0000 ,  0.0000 ,  0.0000 ,  0.0000 ,  0.0000 ,  0.0000 ,
  0.0000 ,  0.0000 ,  0.0000 ,  0.0000 ,  0.0000 ,  0.0000 ,
  0.0000 ,  0.0000 ,  0.0000 ,  0.0000 ,  0.0000 ,  0.0000 ,
  0.0000 ,  0.0000 ,  0.0000 ,  0.0000 ,  0.0000 ,  0.0000 ,
  0.0000 ,  0.0000 ,  0.0000 ,  0.0000 ,  0.0000 ,  0.0000 ,
  0.0000 ,  0.0000 ,  0.0000 ,  0.0000 ,  0.0000 ,  0.0000 ,
  0.0000 ,  0.0000 ,  0.0000 ,  0.0000 ,  0.0000 ,  0.0000 ,
  0.0000 ,  0.0000 ,  0.0000 ,  0.0000 ,  0.0000 ,  0.0000 ,
  0.0000 ,  0.0000 ,  0.0000 ,  0.0000 ,  0.0000 ,  0.0000 ,
  0.0000 ,  0.0000 ,  0.0000 ,  0.0000 ,  0.0000 ,  0.0000 ,
  0.0000 ,  0.0000 ,  0.0000 ,  0.0000 ,  0.0000 ,  0.0000 ,
  0.0000 ,  0.0000 ,  0.0000 ,  0.0000 ,  0.0000 ,  0.0000 ,
  0.0000 ,  0.0000 ,  0.0000 ,  0.0000 ,  0.0000 ,  0.0000 ,
  0.0000 ,  0.0000 ,  0.0000 ,  0.0000 ,  0.0000 ,  0.0000 ,
  0.0000 ,  0.0000 ,  0.0000 ,  0.0000 ,  0.0000 ,  0.0000 ,
  0.0000 ,  0.0000 ,  0.0000 ,  0.0000 ,  0.0000 ,  0.0000 ,
  0.0000 ,  0.0000 ,  0.0000 ,  0.0000 ,  0.0000 ,  0.0000 ,
  0.0000 ,  0.0000 ,  0.0000 ,  0.0000 ,  0.0000 ,  0.0000 ,
  0.0000 ,  0.0000 ,  0.0000 ,  0.0000 ,  0.0000 ,  0.0000 ,
  0.0000 ,  0.0000 ,  0.0000 ,  0.0000 ,  0.0000 ,  0.0000 ,
  0.0000 ,  0.0000 ,  0.0000 ,  0.0000 ,  0.0000 ,  0.0000 ,
  0.0000 ,  0.0000 ,  0.0000 ,  0.0000 ,  0.0000 ,  0.0000 ,
  0.0000 ,  0.0000 ,  0.0000 ,  0.0000 ,  0.0000 ,  0.0000 ,
  0.0000 ,  0.0000 ,  0.0000 ,  0.0000 ,  0.0000 ,  0.0000 ,
  0.0000 ,  0.0000 ,  0.0000 ,  0.0000 ,  0.0000 ,  0.0000 ,
  0.0000 ,  0.0000 ,  0.0000 ,  0.0000 ,  0.0000 ,  0.0000 ,
  0.0000 ,  0.0000 ,  0.0000 ,  0.0000 ,  0.0000 ,  0.0000 ,
  0.0000 ,  0.0000 ,  0.0000 ,  0.0000 ,  0.0000 ,  0.0000 ,
  0.0000 ,  0.0000 ,  0.0000 ,  0.0000 ,  0.0000 ,  0.0000 ,
  0.0000 ,  0.0000 ,  0.0000 ,  0.0000 ,  0.0000 ,  0.0000 ,
  0.0000 ,  0.0000 ,  0.0000 ,  0.0000 ,  0.0000 ,  0.0000 ,
  0.0000 ,  0.0000 ,  0.0000 ,  0.0000 ,  0.0000 ,  0.0000 ,
  0.0000 ,  0.0000 ,  0.0000 ,  0.0000 ,  0.0000 ,  0.0000 ,
  0.0000 ,  0.0000 ,  0.0000 ,  0.0000 ,  0.0000 ,  0.0000 ,
  0.0000 ,  0.0000 ,  0.0000 ,  0.0000 ,  0.0000 ,  0.0000 ,
  0.0000 ,  0.0000 ,  0.0000 ,  0.0000 ,  0.0000 ,  0.0000 ,
  0.0000 ,  0.0000 ,  0.0000 ,  0.0000 ,  0.0000 ,  0.0000 ,
  0.0000 ,  0.0000 ,  0.0000 ,  0.0000 ,  0.0000 ,  0.0000 ,
  0.0000 ,  0.0000 ,  0.0000 ,  0.0000 ,  0.0000 ,  0.0000 ,
  0.0000 ,  0.0000 ,  0.0000 ,  0.0000 ,  0.0000 ,  0.0000 ,
  0.0000 ,  0.0000 ,  0.0000 ,  0.0000 ,  0.0000 ,  0.0000 ,
  0.0000 ,  0.0000 ,  0.0000 ,  0.0000 ,  0.0000 ,  0.0000 ,
  0.0000 ,  0.0000 ,  0.0000 ,  0.0000 ,  0.0000 ,  0.0000 ,
  0.0000 ,  0.0000 ,  0.0000 ,  0.0000 ,  0.0000 ,  0.0000 ,
  0.0000 ,  0.0000 ,  0.0000 ,  0.0000 ,  0.0000 ,  0.0000 ,
  0.0000 ,  0.0000 ,  0.0000 ,  0.0000 ,  0.0000 ,  0.0000 ,
  0.0000 ,  0.0000 ,  0.0000 ,  0.0000 ,  0.0000 ,  0.0000 ,
  0.0000 ,  0.0000 ,  0.0000 ,  0.0000 ,  0.0000 ,  0.0000 ,
  0.0000 ,  0.0000 ,  0.0000 ,  0.0000 ,  0.0000 ,  0.0000 ,
  0.0000 ,  0.0000 ,  0.0000 ,  0.0000 ,  0.0000 ,  0.0000 ,
  0.0000 ,  0.0000 ,  0.0000 ,  0.0000 ,  0.0000 ,  0.0000 ,
  0.0000 ,  0.0000 ,  0.0000 ,  0.0000 ,  0.0000 ,  0.0000 ,
  0.0000 ,  0.0000 ,  0.0000 ,  0.0000 ,  0.0000 ,  0.0000 ,
  0.0000 ,  0.0000 ,  0.0000 ,  0.0000 ,  0.0000 ,  0.0000 ,
  0.0000 ,  0.0000 ,  0.0000 ,  0.0000 ,  0.0000 ,  0.0000 ,
  0.0000 ,  0.0000 ,  0.0000 ,  0.0000 ,  0.0000 ,  0.0000 ,
  0.0000 ,  0.0000 ,  0.0000 ,  0.0000 ,  0.0000 ,  0.0000 ,
  0.0000 ,  0.0000 ,  0.0000 ,  0.0000 ,  0.0000 ,  0.0000 ,
  0.0000 ,  0.0000 ,  0.0000 ,  0.0000 ,  0.0000 ,  0.0000 ,
  0.0000 ,  0.0000 ,  0.0000 ,  0.0000 ,  0.0000 ,  0.0000 ,
  0.0000 ,  0.0000 ,  0.0000 ,  0.0000 ,  0.0000 ,  0.0000 ,
  0.0000 ,  0.0000 ,  0.0000 ,  0.0000 ,  0.0000 ,  0.0000 ,
  0.0000 ,  0.0000 ,  0.0000 ,  0.0000 ,  0.0000 ,  0.0000 ,
  0.0000 ,  0.0000 ,  0.0000 ,  0.0000 ,  0.0000 ,  0.0000 ,
  0.0000 ,  0.0000 ,  0.0000 ,  0.0000 ,  0.0000 ,  0.0000 ,
  0.0000 ,  0.0000 ,  0.0000 ,  0.0000 ,  0.0000 ,  0.0000 ,
  0.0000 ,  0.0000 ,  0.0000 ,  0.0000 ,  0.0000 ,  0.0000 ,
  0.0000 ,  0.0000 ,  0.0000 ,  0.0000 ,  0.0000 ,  0.0000 ,
  0.0000 ,  0.0000 ,  0.0000 ,  0.0000 ,  0.0000 ,  0.0000 ,
  0.0000 ,  0.0000 ,  0.0000 ,  0.0000 ,  0.0000 ,  0.0000 ,
  0.0000 ,  0.0000 ,  0.0000 ,  0.0000 ,  0.0000 ,  0.0000 ,
  0.0000 ,  0.0000 ,  0.0000 ,  0.0000 ,  0.0000 ,  0.0000 ,
  0.0000 ,  0.0000 ,  0.0000 ,  0.0000 ,  0.0000 ,  0.0000 ,
  0.0000 ,  0.0000 ,  0.0000 ,  0.0000 ,  0.0000 ,  0.0000 ,
  0.0000 ,  0.0000 ,  0.0000 ,  0.0000 ,  0.0000 ,  0.0000 ,
  0.0000 ,  0.0000 ,  0.0000 ,  0.0000 ,  0.0000 ,  0.0000 ,
  0.0000 ,  0.0000 ,  0.0000 ,  0.0000 ,  0.0000 ,  0.0000 ,
  0.0000 ,  0.0000 ,  0.0000 ,  0.0000 ,  0.0000 ,  0.0000 ,
  0.0000 ,  0.0000 ,  0.0000 ,  0.0000 ,  0.0000 ,  0.0000 ,
  0.0000 ,  0.0000 ,  0.0000 ,  0.0000 ,  0.0000 ,  0.0000 ,
  0.0000 ,  0.0000 ,  0.0000 ,  0.0000 ,  0.0000 ,  0.0000 ,
  0.0000 ,  0.0000 ,  0.0000 ,  0.0000 ,  0.0000 ,  0.0000 ,
  0.0000 ,  0.0000 ,  0.0000 ,  0.0000 ,  0.0000 ,  0.0000 ,
  0.0000 ,  0.0000 ,  0.0000 ,  0.0000 ,  0.0000 ,  0.0000 ,
  0.0000 ,  0.0000 ,  0.0000 ,  0.0000 ,  0.0000 ,  0.0000 ,
  0.0000 ,  0.0000 ,  0.0000 ,  0.0000 ,  0.0000 ,  0.0000 ,
  0.0000 ,  0.0000 ,  0.0000 ,  0.0000 ,  0.0000 ,  0.0000 ,
  0.0000 ,  0.0000 ,  0.0000 ,  0.0000 ,  0.0000 ,  0.0000 ,
  0.0000 ,  0.0000 ,  0.0000 ,  0.0000 ,  0.0000 ,  0.0000 ,
  0.0000 ,  0.0000 ,  0.0000 ,  0.0000 ,  0.0000 ,  0.0000 ,
  0.0000 ,  0.0000 ,  0.0000 ,  0.0000 ,  0.0000 ,  0.0000 ,
  0.0000 ,  0.0000 ,  0.0000 ,  0.0000 ,  0.0000 ,  0.0000 ,
  0.0000 ,  0.0000 ,  0.0000 ,  0.0000 ,  0.0000 ,  0.0000 ,
  0.0000 ,  0.0000 ,  0.0000 ,  0.0000 ,  0.0000 ,  0.0000 ,
  0.0000 ,  0.0000 ,  0.0000 ,  0.0000 ,  0.0000 ,  0.0000 ,
  0.0000 ,  0.0000 ,  0.0000 ,  0.0000 ,  0.0000 ,  0.0000 ,
  0.0000 ,  0.0000 ,  0.0000 ,  0.0000 ,  0.0000 ,  0.0000 ,
  0.0000 ,  0.0000 ,  0.0000 ,  0.0000 ,  0.0000 ,  0.0000 ,
  0.0000 ,  0.0000 ,  0.0000 ,  0.0000 ,  0.0000 ,  0.0000 ,
  0.0000 ,  0.0000 ,  0.0000 ,  0.0000 ,  0.0000 ,  0.0000 ,
  0.0000 ,  0.0000 ,  0.0000 ,  0.0000 ,  0.0000 ,  0.0000 ,
  0.0000 ,  0.0000 ,  0.0000 ,  0.0000 ,  0.0000 ,  0.0000 ,
  0.0000 ,  0.0000 ,  0.0000 ,  0.0000 ,  0.0000 ,  0.0000 ,
  0.0000 ,  0.0000 ,  0.0000 ,  0.0000 ,  0.0000 ,  0.0000 ,
  0.0000 ,  0.0000 ,  0.0000 ,  0.0000 ,  0.0000 ,  0.0000 ,
  0.0000 ,  0.0000 ,  0.0000 ,  0.0000 ,  0.0000 ,  0.0000 ,
  0.0000 ,  0.0000 ,  0.0000 ,  0.0000 ,  0.0000 ,  0.0000 ,
  0.0000 ,  0.0000 ,  0.0000 ,  0.0000 ,  0.0000 ,  0.0000 ,
  0.0000 ,  0.0000 ,  0.0000 ,  0.0000 ,  0.0000 ,  0.0000 ,
  0.0000 ,  0.0000 ,  0.0000 ,  0.0000 ,  0.0000 ,  0.0000 ,
  0.0000 ,  0.0000 ,  0.0000 ,  0.0000 ,  0.0000 ,  0.0000 ,
  0.0000 ,  0.0000 ,  0.0000 ,  0.0000 ,  0.0000 ,  0.0000 ,
  0.0000 ,  0.0000 ,  0.0000 ,  0.0000 ,  0.0000 ,  0.0000 ,
  0.0000 ,  0.0000 ,  0.0000 ,  0.0000 ,  0.0000 ,  0.0000 ,
  0.0000 ,  0.0000 ,  0.0000 ,  0.0000 ,  0.0000 ,  0.0000 ,
  0.0000 ,  0.0000 ,  0.0000 ,  0.0000 ,  0.0000 ,  0.0000 ,
  0.0000 ,  0.0000 ,  0.0000 ,  0.0000 ,  0.0000 ,  0.0000 ,
  0.0000 ,  0.0000 ,  0.0000 ,  0.0000 ,  0.0000 ,  0.0000 ,
  0.0000 ,  0.0000 ,  0.0000 ,  0.0000 ,  0.0000 ,  0.0000 ,
  0.0000 ,  0.0000 ,  0.0000 ,  0.0000 ,  0.0000 ,  0.0000 ,
  0.0000 ,  0.0000 ,  0.0000 ,  0.0000 ,  0.0000 ,  0.0000 ,
  0.0000 ,  0.0000 ,  0.0000 ,  0.0000 ,  0.0000 ,  0.0000 ,
  0.0000 ,  0.0000 ,  0.0000 ,  0.0000 ,  0.0000 ,  0.0000 ,
  0.0000 ,  0.0000 ,  0.0000 ,  0.0000 ,  0.0000 ,  0.0000 ,
  0.0000 ,  0.0000 ,  0.0000 ,  0.0000 ,  0.0000 ,  0.0000 ,
  0.0000 ,  0.0000 ,  0.0000 ,  0.0000 ,  0.0000 ,  0.0000 ,
  0.0000 ,  0.0000 ,  0.0000 ,  0.0000 ,  0.0000 ,  0.0000 ,
  0.0000 ,  0.0000 ,  0.0000 ,  0.0000 ,  0.0000 ,  0.0000 ,
  0.0000 ,  0.0000 ,  0.0000 ,  0.0000 ,  0.0000 ,  0.0000 ,
  0.0000 ,  0.0000 ,  0.0000 ,  0.0000 ,  0.0000 ,  0.0000 ,
  0.0000 ,  0.0000 ,  0.0000 ,  0.0000 ,  0.0000 ,  0.0000 ,
  0.0000 ,  0.0000 ,  0.0000 ,  0.0000 ,  0.0000 ,  0.0000 ,
  0.0000 ,  0.0000 ,  0.0000 ,  0.0000 ,  0.0000 ,  0.0000 ,
  0.0000 ,  0.0000 ,  0.0000 ,  0.0000 ,  0.0000 ,  0.0000 ,
  0.0000 ,  0.0000 ,  0.0000 ,  0.0000 ,  0.0000 ,  0.0000 ,
  0.0000 ,  0.0000 ,  0.0000 ,  0.0000 ,  0.0000 ,  0.0000 ,
  0.0000 ,  0.0000 ,  0.0000 ,  0.0000 ,  0.0000 ,  0.0000 ,
  0.0000 ,  0.0000 ,  0.0000 ,  0.0000 ,  0.0000 ,  0.0000 ,
  0.0000 ,  0.0000 ,  0.0000 ,  0.0000 ,  0.0000 ,  0.0000 ,
  0.0000 ,  0.0000 ,  0.0000 ,  0.0000 ,  0.0000 ,  0.0000 ,
  0.0000 ,  0.0000 ,  0.0000 ,  0.0000 ,  0.0000 ,  0.0000 ,
  0.0000 ,  0.0000 ,  0.0000 ,  0.0000 ,  0.0000 ,  0.0000 ,
  0.0000 ,  0.0000 ,  0.0000 ,  0.0000 ,  0.0000 ,  0.0000 ,
  0.0000 ,  0.0000 ,  0.0000 ,  0.0000 ,  0.0000 ,  0.0000 ,
  0.0000 ,  0.0000 ,  0.0000 ,  0.0000 ,  0.0000 ,  0.0000 ,
  0.0000 ,  0.0000 ,  0.0000 ,  0.0000 ,  0.0000 ,  0.0000 ,
  0.0000 ,  0.0000 ,  0.0000 ,  0.0000 ,  0.0000 ,  0.0000 ,
  0.0000 ,  0.0000 ,  0.0000 ,  0.0000 ,  0.0000 ,  0.0000 ,
  0.0000 ,  0.0000 ,  0.0000 ,  0.0000 ,  0.0000 ,  0.0000 ,
  0.0000 ,  0.0000 ,  0.0000 ,  0.0000 ,  0.0000 ,  0.0000 ,
  0.0000 ,  0.0000 ,  0.0000 ,  0.0000 ,  0.0000 ,  0.0000 ,
  0.0000 ,  0.0000 ,  0.0000 ,  0.0000 ,  0.0000 ,  0.0000 ,
  0.0000 ,  0.0000 ,  0.0000 ,  0.0000 ,  0.0000 ,  0.0000 ,
  0.0000 ,  0.0000 ,  0.0000 ,  0.0000 ,  0.0000 ,  0.0000 ,
  0.0000 ,  0.0000 ,  0.0000 ,  0.0000 ,  0.0000 ,  0.0000 ,
  0.0000 ,  0.0000 ,  0.0000 ,  0.0000 ,  0.0000 ,  0.0000 ,
  0.0000 ,  0.0000 ,  0.0000 ,  0.0000 ,  0.0000 ,  0.0000 ,
  0.0000 ,  0.0000 ,  0.0000 ,  0.0000 ,  0.0000 ,  0.0000 ,
  0.0000 ,  0.0000 ,  0.0000 ,  0.0000 ,  0.0000 ,  0.0000 ,
  0.0000 ,  0.0000 ,  0.0000 ,  0.0000 ,  0.0000 ,  0.0000 ,
  0.0000 ,  0.0000 ,  0.0000 ,  0.0000 ,  0.0000 ,  0.0000 ,
  0.0000 ,  0.0000 ,  0.0000 ,  0.0000 ,  0.0000 ,  0.0000 ,
  0.0000 ,  0.0000 ,  0.0000 ,  0.0000 ,  0.0000 ,  0.0000 ,
  0.0000 ,  0.0000 ,  0.0000 ,  0.0000 ,  0.0000 ,  0.0000 ,
  0.0000 ,  0.0000 ,  0.0000 ,  0.0000 ,  0.0000 ,  0.0000 ,
  0.0000 ,  0.0000 ,  0.0000 ,  0.0000 ,  0.0000 ,  0.0000 ,
  0.0000 ,  0.0000 ,  0.0000 ,  0.0000 ,  0.0000 ,  0.0000 ,
  0.0000 ,  0.0000 ,  0.0000 ,  0.0000 ,  0.0000 ,  0.0000 ,
  0.0000 ,  0.0000 ,  0.0000 ,  0.0000 ,  0.0000 ,  0.0000 ,
  0.0000 ,  0.0000 ,  0.0000 ,  0.0000 ,  0.0000 ,  0.0000 ,
  0.0000 ,  0.0000 ,  0.0000 ,  0.0000 ,  0.0000 ,  0.0000 ,
  0.0000 ,  0.0000 ,  0.0000 ,  0.0000 ,  0.0000 ,  0.0000 ,
  0.0000 ,  0.0000 ,  0.0000 ,  0.0000 ,  0.0000 ,  0.0000 ,
  0.0000 ,  0.0000 ,  0.0000 ,  0.0000 ,  0.0000 ,  0.0000 ,
  0.0000 ,  0.0000 ,  0.0000 ,  0.0000 ,  0.0000 ,  0.0000 ,
  0.0000 ,  0.0000 ,  0.0000 ,  0.0000 ,  0.0000 ,  0.0000 ,
  0.0000 ,  0.0000 ,  0.0000 ,  0.0000 ,  0.0000 ,  0.0000 ,
  0.0000 ,  0.0000 ,  0.0000 ,  0.0000 ,  0.0000 ,  0.0000 ,
  0.0000 ,  0.0000 ,  0.0000 ,  0.0000 ,  0.0000 ,  0.0000 ,
  0.0000 ,  0.0000 ,  0.0000 ,  0.0000 ,  0.0000 ,  0.0000 ,
  0.0000 ,  0.0000 ,  0.0000 ,  0.0000 ,  0.0000 ,  0.0000 ,
  0.0000 ,  0.0000 ,  0.0000 ,  0.0000 ,  0.0000 ,  0.0000 ,
  0.0000 ,  0.0000 ,  0.0000 ,  0.0000 ,  0.0000 ,  0.0000 ,
  0.0000 ,  0.0000 ,  0.0000 ,  0.0000 ,  0.0000 ,  0.0000 ,
  0.0000 ,  0.0000 ,  0.0000 ,  0.0000 ,  0.0000 ,  0.0000 ,
  0.0000 ,  0.0000 ,  0.0000 ,  0.0000 ,  0.0000 ,  0.0000 ,
  0.0000 ,  0.0000 ,  0.0000 ,  0.0000 ,  0.0000 ,  0.0000 ,
  0.0000 ,  0.0000 ,  0.0000 ,  0.0000 ,  0.0000 ,  0.0000 ,
  0.0000 ,  0.0000 ,  0.0000 ,  0.0000 ,  0.0000 ,  0.0000 ,
  0.0000 ,  0.0000 ,  0.0000 ,  0.0000 ,  0.0000 ,  0.0000 ,
  0.0000 ,  0.0000 ,  0.0000 ,  0.0000 ,  0.0000 ,  0.0000 ,
  0.0000 ,  0.0000 ,  0.0000 ,  0.0000 ,  0.0000 ,  0.0000 ,
  0.0000 ,  0.0000 ,  0.0000 ,  0.0000 ,  0.0000 ,  0.0000 ,
  0.0000 ,  0.0000 ,  0.0000 ,  0.0000 ,  0.0000 ,  0.0000 ,
  0.0000 ,  0.0000 ,  0.0000 ,  0.0000 ,  0.0000 ,  0.0000 ,
  0.0000 ,  0.0000 ,  0.0000 ,  0.0000 ,  0.0000 ,  0.0000 ,
  0.0000 ,  0.0000 ,  0.0000 ,  0.0000 ,  0.0000 ,  0.0000 ,
  0.0000 ,  0.0000 ,  0.0000 ,  0.0000 ,  0.0000 ,  0.0000 ,
  0.0000 ,  0.0000 ,  0.0000 ,  0.0000 ,  0.0000 ,  0.0000 ,
  0.0000 ,  0.0000 ,  0.0000 ,  0.0000 ,  0.0000 ,  0.0000 ,
  0.0000 ,  0.0000 ,  0.0000 ,  0.0000 ,  0.0000 ,  0.0000 ,
  0.0000 ,  0.0000 ,  0.0000 ,  0.0000 ,  0.0000 ,  0.0000 ,
  0.0000 ,  0.0000 ,  0.0000 ,  0.0000 ,  0.0000 ,  0.0000 ,
  0.0000 ,  0.0000 ,  0.0000 ,  0.0000 ,  0.0000 ,  0.0000 ,
  0.0000 ,  0.0000 ,  0.0000 ,  0.0000 ,  0.0000 ,  0.0000 ,
  0.0000 ,  0.0000 ,  0.0000 ,  0.0000 ,  0.0000 ,  0.0000 ,
  0.0000 ,  0.0000 ,  0.0000 ,  0.0000 ,  0.0000 ,  0.0000 ,
  0.0000 ,  0.0000 ,  0.0000 ,  0.0000 ,  0.0000 ,  0.0000 ,
  0.0000 ,  0.0000 ,  0.0000 ,  0.0000 ,  0.0000 ,  0.0000 ,
  0.0000 ,  0.0000 ,  0.0000 ,  0.0000 ,  0.0000 ,  0.0000 ,
  0.0000 ,  0.0000 ,  0.0000 ,  0.0000 ,  0.0000 ,  0.0000 ,
  0.0000 ,  0.0000 ,  0.0000 ,  0.0000 ,  0.0000 ,  0.0000 ,
  0.0000 ,  0.0000 ,  0.0000 ,  0.0000 ,  0.0000 ,  0.0000 ,
  0.0000 ,  0.0000 ,  0.0000 ,  0.0000 ,  0.0000 ,  0.0000 ,
  0.0000 ,  0.0000 ,  0.0000 ,  0.0000 ,  0.0000 ,  0.0000 ,
  0.0000 ,  0.0000 ,  0.0000 ,  0.0000 ,  0.0000 ,  0.0000 ,
  0.0000 ,  0.0000 ,  0.0000 ,  0.0000 ,  0.0000 ,  0.0000 ,
  0.0000 ,  0.0000 ,  0.0000 ,  0.0000 ,  0.0000 ,  0.0000 ,
  0.0000 ,  0.0000 ,  0.0000 ,  0.0000 ,  0.0000 ,  0.0000 ,
  0.0000 ,  0.0000 ,  0.0000 ,  0.0000 ,  0.0000 ,  0.0000 ,
  0.0000 ,  0.0000 ,  0.0000 ,  0.0000 ,  0.0000 ,  0.0000 ,
  0.0000 ,  0.0000 ,  0.0000 ,  0.0000 ,  0.0000 ,  0.0000 ,
  0.0000 ,  0.0000 ,  0.0000 ,  0.0000 ,  0.0000 ,  0.0000 ,
  0.0000 ,  0.0000 ,  0.0000 ,  0.0000 ,  0.0000 ,  0.0000 ,
  0.0000 ,  0.0000 ,  0.0000 ,  0.0000 ,  0.0000 ,  0.0000 ,
  0.0000 ,  0.0000 ,  0.0000 ,  0.0000 ,  0.0000 ,  0.0000 ,
  0.0000 ,  0.0000 ,  0.0000 ,  0.0000 ,  0.0000 ,  0.0000 ,
  0.0000 ,  0.0000 ,  0.0000 ,  0.0000 ,  0.0000 ,  0.0000 ,
  0.0000 ,  0.0000 ,  0.0000 ,  0.0000 ,  0.0000 ,  0.0000 ,
  0.0000 ,  0.0000 ,  0.0000 ,  0.0000 ,  0.0000 ,  0.0000 ,
  0.0000 ,  0.0000 ,  0.0000 ,  0.0000 ,  0.0000 ,  0.0000 ,
  0.0000 ,  0.0000 ,  0.0000 ,  0.0000 ,  0.0000 ,  0.0000 ,
  0.0000 ,  0.0000 ,  0.0000 ,  0.0000 ,  0.0000 ,  0.0000 ,
  0.0000 ,  0.0000 ,  0.0000 ,  0.0000 ,  0.0000 ,  0.0000 ,
  0.0000 ,  0.0000 ,  0.0000 ,  0.0000 ,  0.0000 ,  0.0000 ,
  0.0000 ,  0.0000 ,  0.0000 ,  0.0000 ,  0.0000 ,  0.0000 ,
  0.0000 ,  0.0000 ,  0.0000 ,  0.0000 ,  0.0000 ,  0.0000 ,
  0.0000 ,  0.0000 ,  0.0000 ,  0.0000 ,  0.0000 ,  0.0000 ,
  0.0000 ,  0.0000 ,  0.0000 ,  0.0000 ,  0.0000 ,  0.0000 ,
  0.0000 ,  0.0000 ,  0.0000 ,  0.0000 ,  0.0000 ,  0.0000 ,
  0.0000 ,  0.0000 ,  0.0000 ,  0.0000 ,  0.0000 ,  0.0000 ,
  0.0000 ,  0.0000 ,  0.0000 ,  0.0000 ,  0.0000 ,  0.0000 ,
  0.0000 ,  0.0000 ,  0.0000 ,  0.0000 ,  0.0000 ,  0.0000 ,
  0.0000 ,  0.0000 ,  0.0000 ,  0.0000 ,  0.0000 ,  0.0000 ,
  0.0000 ,  0.0000 ,  0.0000 ,  0.0000 ,  0.0000 ,  0.0000 ,
  0.0000 ,  0.0000 ,  0.0000 ,  0.0000 ,  0.0000 ,  0.0000 ,
  0.0000 ,  0.0000 ,  0.0000 ,  0.0000 ,  0.0000 ,  0.0000 ,
  0.0000 ,  0.0000 ,  0.0000 ,  0.0000 ,  0.0000 ,  0.0000 ,
  0.0000 ,  0.0000 ,  0.0000 ,  0.0000 ,  0.0000 ,  0.0000 ,
  0.0000 ,  0.0000 ,  0.0000 ,  0.0000 ,  0.0000 ,  0.0000 ,
  0.0000 ,  0.0000 ,  0.0000 ,  0.0000 ,  0.0000 ,  0.0000 ,
  0.0000 ,  0.0000 ,  0.0000 ,  0.0000 ,  0.0000 ,  0.0000 ,
  0.0000 ,  0.0000 ,  0.0000 ,  0.0000 ,  0.0000 ,  0.0000 ,
  0.0000 ,  0.0000 ,  0.0000 ,  0.0000 ,  0.0000 ,  0.0000 ,
  0.0000 ,  0.0000 ,  0.0000 ,  0.0000 ,  0.0000 ,  0.0000 ,
  0.0000 ,  0.0000 ,  0.0000 ,  0.0000 ,  0.0000 ,  0.0000 ,
  0.0000 ,  0.0000 ,  0.0000 ,  0.0000 ,  0.0000 ,  0.0000 ,
  0.0000 ,  0.0000 ,  0.0000 ,  0.0000 ,  0.0000 ,  0.0000 ,
  0.0000 ,  0.0000 ,  0.0000 ,  0.0000 ,  0.0000 ,  0.0000 ,
  0.0000 ,  0.0000 ,  0.0000 ,  0.0000 ,  0.0000 ,  0.0000 ,
  0.0000 ,  0.0000 ,  0.0000 ,  0.0000 ,  0.0000 ,  0.0000 ,
  0.0000 ,  0.0000 ,  0.0000 ,  0.0000 ,  0.0000 ,  0.0000 ,
  0.0000 ,  0.0000 ,  0.0000 ,  0.0000 ,  0.0000 ,  0.0000 ,
  0.0000 ,  0.0000 ,  0.0000 ,  0.0000 ,  0.0000 ,  0.0000 ,
  0.0000 ,  0.0000 ,  0.0000 ,  0.0000 ,  0.0000 ,  0.0000 ,
  0.0000 ,  0.0000 ,  0.0000 ,  0.0000 ,  0.0000 ,  0.0000 ,
  0.0000 ,  0.0000 ,  0.0000 ,  0.0000 ,  0.0000 ,  0.0000 ,
  0.0000 ,  0.0000 ,  0.0000 ,  0.0000 ,  0.0000 ,  0.0000 ,
  0.0000 ,  0.0000 ,  0.0000 ,  0.0000 ,  0.0000 ,  0.0000 ,
  0.0000 ,  0.0000 ,  0.0000 ,  0.0000 ,  0.0000 ,  0.0000 ,
  0.0000 ,  0.0000 ,  0.0000 ,  0.0000 ,  0.0000 ,  0.0000 ,
  0.0000 ,  0.0000 ,  0.0000 ,  0.0000 ,  0.0000 ,  0.0000 ,
  0.0000 ,  0.0000 ,  0.0000 ,  0.0000 ,  0.0000 ,  0.0000 ,
  0.0000 ,  0.0000 ,  0.0000 ,  0.0000 ,  0.0000 ,  0.0000 ,
  0.0000 ,  0.0000 ,  0.0000 ,  0.0000 ,  0.0000 ,  0.0000 ,
  0.0000 ,  0.0000 ,  0.0000 ,  0.0000 ,  0.0000 ,  0.0000 ,
  0.0000 ,  0.0000 ,  0.0000 ,  0.0000 ,  0.0000 ,  0.0000 ,
  0.0000 ,  0.0000 ,  0.0000 ,  0.0000 ,  0.0000 ,  0.0000 ,
  0.0000 ,  0.0000 ,  0.0000 ,  0.0000 ,  0.0000 ,  0.0000 ,
  0.0000 ,  0.0000 ,  0.0000 ,  0.0000 ,  0.0000 ,  0.0000 ,
  0.0000 ,  0.0000 ,  0.0000 ,  0.0000 ,  0.0000 ,  0.0000 ,
  0.0000 ,  0.0000 ,  0.0000 ,  0.0000 ,  0.0000 ,  0.0000 ,
  0.0000 ,  0.0000 ,  0.0000 ,  0.0000 ,  0.0000 ,  0.0000 ,
  0.0000 ,  0.0000 ,  0.0000 ,  0.0000 ,  0.0000 ,  0.0000 ,
  0.0000 ,  0.0000 ,  0.0000 ,  0.0000 ,  0.0000 ,  0.0000 ,
  0.0000 ,  0.0000 ,  0.0000 ,  0.0000 ,  0.0000 ,  0.0000 ,
  0.0000 ,  0.0000 ,  0.0000 ,  0.0000 ,  0.0000 ,  0.0000 ,
  0.0000 ,  0.0000 ,  0.0000 ,  0.0000 ,  0.0000 ,  0.0000 ,
  0.0000 ,  0.0000 ,  0.0000 ,  0.0000 ,  0.0000 ,  0.0000 ,
  0.0000 ,  0.0000 ,  0.0000 ,  0.0000 ,  0.0000 ,  0.0000 ,
  0.0000 ,  0.0000 ,  0.0000 ,  0.0000 ,  0.0000 ,  0.0000 ,
  0.0000 ,  0.0000 ,  0.0000 ,  0.0000 ,  0.0000 ,  0.0000 ,
  0.0000 ,  0.0000 ,  0.0000 ,  0.0000 ,  0.0000 ,  0.0000 ,
  0.0000 ,  0.0000 ,  0.0000 ,  0.0000 ,  0.0000 ,  0.0000 ,
  0.0000 ,  0.0000 ,  0.0000 ,  0.0000 ,  0.0000 ,  0.0000 ,
  0.0000 ,  0.0000 ,  0.0000 ,  0.0000 ,  0.0000 ,  0.0000 ,
  0.0000 ,  0.0000 ,  0.0000 ,  0.0000 ,  0.0000 ,  0.0000 ,
  0.0000 ,  0.0000 ,  0.0000 ,  0.0000 ,  0.0000 ,  0.0000 ,
  0.0000 ,  0.0000 ,  0.0000 ,  0.0000 ,  0.0000 ,  0.0000 ,
  0.0000 ,  0.0000 ,  0.0000 ,  0.0000 ,  0.0000 ,  0.0000 ,
  0.0000 ,  0.0000 ,  0.0000 ,  0.0000 ,  0.0000 ,  0.0000 ,
  0.0000 ,  0.0000 ,  0.0000 ,  0.0000 ,  0.0000 ,  0.0000 ,
  0.0000 ,  0.0000 ,  0.0000 ,  0.0000 ,  0.0000 ,  0.0000 ,
  0.0000 ,  0.0000 ,  0.0000 ,  0.0000 ,  0.0000 ,  0.0000 ,
  0.0000 ,  0.0000 ,  0.0000 ,  0.0000 ,  0.0000 ,  0.0000 ,
  0.0000 ,  0.0000 ,  0.0000 ,  0.0000 ,  0.0000 ,  0.0000 ,
  0.0000 ,  0.0000 ,  0.0000 ,  0.0000 ,  0.0000 ,  0.0000 ,
  0.0000 ,  0.0000 ,  0.0000 ,  0.0000 ,  0.0000 ,  0.0000 ,
  0.0000 ,  0.0000 ,  0.0000 ,  0.0000 ,  0.0000 ,  0.0000 ,
  0.0000 ,  0.0000 ,  0.0000 ,  0.0000 ,  0.0000 ,  0.0000 ,
  0.0000 ,  0.0000 ,  0.0000 ,  0.0000 ,  0.0000 ,  0.0000 ,
  0.0000 ,  0.0000 ,  0.0000 ,  0.0000 ,  0.0000 ,  0.0000 ,
  0.0000 ,  0.0000 ,  0.0000 ,  0.0000 ,  0.0000 ,  0.0000 ,
  0.0000 ,  0.0000 ,  0.0000 ,  0.0000 ,  0.0000 ,  0.0000 ,
  0.0000 ,  0.0000 ,  0.0000 ,  0.0000 ,  0.0000 ,  0.0000 ,
  0.0000 ,  0.0000 ,  0.0000 ,  0.0000 ,  0.0000 ,  0.0000 ,
  0.0000 ,  0.0000 ,  0.0000 ,  0.0000 ,  0.0000 ,  0.0000 ,
  0.0000 ,  0.0000 ,  0.0000 ,  0.0000 ,  0.0000 ,  0.0000 ,
  0.0000 ,  0.0000 ,  0.0000 ,  0.0000 ,  0.0000 ,  0.0000 ,
  0.0000 ,  0.0000 ,  0.0000 ,  0.0000 ,  0.0000 ,  0.0000 ,
  0.0000 ,  0.0000 ,  0.0000 ,  0.0000 ,  0.0000 ,  0.0000 ,
  0.0000 ,  0.0000 ,  0.0000 ,  0.0000 ,  0.0000 ,  0.0000 ,
  0.0000 ,  0.0000 ,  0.0000 ,  0.0000 ,  0.0000 ,  0.0000 ,
  0.0000 ,  0.0000 ,  0.0000 ,  0.0000 ,  0.0000 ,  0.0000 ,
  0.0000 ,  0.0000 ,  0.0000 ,  0.0000 ,  0.0000 ,  0.0000 ,
  0.0000 ,  0.0000 ,  0.0000 ,  0.0000 ,  0.0000 ,  0.0000 ,
  0.0000 ,  0.0000 ,  0.0000 ,  0.0000 ,  0.0000 ,  0.0000 ,
  0.0000 ,  0.0000 ,  0.0000 ,  0.0000 ,  0.0000 ,  0.0000 ,
  0.0000 ,  0.0000 ,  0.0000 ,  0.0000 ,  0.0000 ,  0.0000 ,
  0.0000 ,  0.0000 ,  0.0000 ,  0.0000 ,  0.0000 ,  0.0000 ,
  0.0000 ,  0.0000 ,  0.0000 ,  0.0000 ,  0.0000 ,  0.0000 ,
  0.0000 ,  0.0000 ,  0.0000 ,  0.0000 ,  0.0000 ,  0.0000 ,
  0.0000 ,  0.0000 ,  0.0000 ,  0.0000 ,  0.0000 ,  0.0000 ,
  0.0000 ,  0.0000 ,  0.0000 ,  0.0000 ,  0.0000 ,  0.0000 ,
  0.0000 ,  0.0000 ,  0.0000 ,  0.0000 ,  0.0000 ,  0.0000 ,
  0.0000 ,  0.0000 ,  0.0000 ,  0.0000 ,  0.0000 ,  0.0000 ,
  0.0000 ,  0.0000 ,  0.0000 ,  0.0000 ,  0.0000 ,  0.0000 ,
  0.0000 ,  0.0000 ,  0.0000 ,  0.0000 ,  0.0000 ,  0.0000 ,
  0.0000 ,  0.0000 ,  0.0000 ,  0.0000 ,  0.0000 ,  0.0000 ,
  0.0000 ,  0.0000 ,  0.0000 ,  0.0000 ,  0.0000 ,  0.0000 ,
  0.0000 ,  0.0000 ,  0.0000 ,  0.0000 ,  0.0000 ,  0.0000 ,
  0.0000 ,  0.0000 ,  0.0000 ,  0.0000 ,  0.0000 ,  0.0000 ,
  0.0000 ,  0.0000 ,  0.0000 ,  0.0000 ,  0.0000 ,  0.0000 ,
  0.0000 ,  0.0000 ,  0.0000 ,  0.0000 ,  0.0000 ,  0.0000 ,
  0.0000 ,  0.0000 ,  0.0000 ,  0.0000 ,  0.0000 ,  0.0000 ,
  0.0000 ,  0.0000 ,  0.0000 ,  0.0000 ,  0.0000 ,  0.0000 ,
  0.0000 ,  0.0000 ,  0.0000 ,  0.0000 ,  0.0000 ,  0.0000 ,
  0.0000 ,  0.0000 ,  0.0000 ,  0.0000 ,  0.0000 ,  0.0000 ,
  0.0000 ,  0.0000 ,  0.0000 ,  0.0000 ,  0.0000 ,  0.0000 ,
  0.0000 ,  0.0000 ,  0.0000 ,  0.0000 ,  0.0000 ,  0.0000 ,
  0.0000 ,  0.0000 ,  0.0000 ,  0.0000 ,  0.0000 ,  0.0000 ,
  0.0000 ,  0.0000 ,  0.0000 ,  0.0000 ,  0.0000 ,  0.0000 ,
  0.0000 ,  0.0000 ,  0.0000 ,  0.0000 ,  0.0000 ,  0.0000 ,
  0.0000 ,  0.0000 ,  0.0000 ,  0.0000 ,  0.0000 ,  0.0000 ,
  0.0000 ,  0.0000 ,  0.0000 ,  0.0000 ,  0.0000 ,  0.0000 ,
  0.0000 ,  0.0000 ,  0.0000 ,  0.0000 ,  0.0000 ,  0.0000 ,
  0.0000 ,  0.0000 ,  0.0000 ,  0.0000 ,  0.0000 ,  0.0000 ,
  0.0000 ,  0.0000 ,  0.0000 ,  0.0000 ,  0.0000 ,  0.0000 ,
  0.0000 ,  0.0000 ,  0.0000 ,  0.0000 ,  0.0000 ,  0.0000 ,
  0.0000 ,  0.0000 ,  0.0000 ,  0.0000 ,  0.0000 ,  0.0000 ,
  0.0000 ,  0.0000 ,  0.0000 ,  0.0000 ,  0.0000 ,  0.0000 ,
  0.0000 ,  0.0000 ,  0.0000 ,  0.0000 ,  0.0000 ,  0.0000 ,
  0.0000 ,  0.0000 ,  0.0000 ,  0.0000 ,  0.0000 ,  0.0000 ,
  0.0000 ,  0.0000 ,  0.0000 ,  0.0000 ,  0.0000 ,  0.0000 ,
  0.0000 ,  0.0000 ,  0.0000 ,  0.0000 ,  0.0000 ,  0.0000 ,
  0.0000 ,  0.0000 ,  0.0000 ,  0.0000 ,  0.0000 ,  0.0000 ,
  0.0000 ,  0.0000 ,  0.0000 ,  0.0000 ,  0.0000 ,  0.0000 ,
  0.0000 ,  0.0000 ,  0.0000 ,  0.0000 ,  0.0000 ,  0.0000 ,
  0.0000 ,  0.0000 ,  0.0000 ,  0.0000 ,  0.0000 ,  0.0000 ,
  0.0000 ,  0.0000 ,  0.0000 ,  0.0000 ,  0.0000 ,  0.0000 ,
  0.0000 ,  0.0000 ,  0.0000 ,  0.0000 ,  0.0000 ,  0.0000 ,
  0.0000 ,  0.0000 ,  0.0000 ,  0.0000 ,  0.0000 ,  0.0000 ,
  0.0000 ,  0.0000 ,  0.0000 ,  0.0000 ,  0.0000 ,  0.0000 ,
  0.0000 ,  0.0000 ,  0.0000 ,  0.0000 ,  0.0000 ,  0.0000 ,
  0.0000 ,  0.0000 ,  0.0000 ,  0.0000 ,  0.0000 ,  0.0000 ,
  0.0000 ,  0.0000 ,  0.0000 ,  0.0000 ,  0.0000 ,  0.0000 ,
  0.0000 ,  0.0000 ,  0.0000 ,  0.0000 ,  0.0000 ,  0.0000 ,
  0.0000 ,  0.0000 ,  0.0000 ,  0.0000 ,  0.0000 ,  0.0000 ,
  0.0000 ,  0.0000 ,  0.0000 ,  0.0000 ,  0.0000 ,  0.0000 ,
  0.0000 ,  0.0000 ,  0.0000 ,  0.0000 ,  0.0000 ,  0.0000 ,
  0.0000 ,  0.0000 ,  0.0000 ,  0.0000 ,  0.0000 ,  0.0000 ,
  0.0000 ,  0.0000 ,  0.0000 ,  0.0000 ,  0.0000 ,  0.0000 ,
  0.0000 ,  0.0000 ,  0.0000 ,  0.0000 ,  0.0000 ,  0.0000 ,
  0.0000 ,  0.0000 ,  0.0000 ,  0.0000 ,  0.0000 ,  0.0000 ,
  0.0000 ,  0.0000 ,  0.0000 ,  0.0000 ,  0.0000 ,  0.0000 ,
  0.0000 ,  0.0000 ,  0.0000 ,  0.0000 ,  0.0000 ,  0.0000 ,
  0.0000 ,  0.0000 ,  0.0000 ,  0.0000 ,  0.0000 ,  0.0000 ,
  0.0000 ,  0.0000 ,  0.0000 ,  0.0000 ,  0.0000 ,  0.0000 ,
  0.0000 ,  0.0000 ,  0.0000 ,  0.0000 ,  0.0000 ,  0.0000 ,
  0.0000 ,  0.0000 ,  0.0000 ,  0.0000 ,  0.0000 ,  0.0000 ,
  0.0000 ,  0.0000 ,  0.0000 ,  0.0000 ,  0.0000 ,  0.0000 ,
  0.0000 ,  0.0000 ,  0.0000 ,  0.0000 ,  0.0000 ,  0.0000 ,
  0.0000 ,  0.0000 ,  0.0000 ,  0.0000 ,  0.0000 ,  0.0000 ,
  0.0000 ,  0.0000 ,  0.0000 ,  0.0000 ,  0.0000 ,  0.0000 ,
  0.0000 ,  0.0000 ,  0.0000 ,  0.0000 ,  0.0000 ,  0.0000 ,
  0.0000 ,  0.0000 ,  0.0000 ,  0.0000 ,  0.0000 ,  0.0000 ,
  0.0000 ,  0.0000 ,  0.0000 ,  0.0000 ,  0.0000 ,  0.0000 ,
  0.0000 ,  0.0000 ,  0.0000 ,  0.0000 ,  0.0000 ,  0.0000 ,
  0.0000 ,  0.0000 ,  0.0000 ,  0.0000 ,  0.0000 ,  0.0000 ,
  0.0000 ,  0.0000 ,  0.0000 ,  0.0000 ,  0.0000 ,  0.0000 ,
  0.0000 ,  0.0000 ,  0.0000 ,  0.0000 ,  0.0000 ,  0.0000 ,
  0.0000 ,  0.0000 ,  0.0000 ,  0.0000 ,  0.0000 ,  0.0000 ,
  0.0000 ,  0.0000 ,  0.0000 ,  0.0000 ,  0.0000 ,  0.0000 ,
  0.0000 ,  0.0000 ,  0.0000 ,  0.0000 ,  0.0000 ,  0.0000 ,
  0.0000 ,  0.0000 ,  0.0000 ,  0.0000 ,  0.0000 ,  0.0000 ,
  0.0000 ,  0.0000 ,  0.0000 ,  0.0000 ,  0.0000 ,  0.0000 ,
  0.0000 ,  0.0000 ,  0.0000 ,  0.0000 ,  0.0000 ,  0.0000 ,
  0.0000 ,  0.0000 ,  0.0000 ,  0.0000 ,  0.0000 ,  0.0000 ,
  0.0000 ,  0.0000 ,  0.0000 ,  0.0000 ,  0.0000 ,  0.0000 ,
  0.0000 ,  0.0000 ,  0.0000 ,  0.0000 ,  0.0000 ,  0.0000 ,
  0.0000 ,  0.0000 ,  0.0000 ,  0.0000 ,  0.0000 ,  0.0000 ,
  0.0000 ,  0.0000 ,  0.0000 ,  0.0000 ,  0.0000 ,  0.0000 ,
  0.0000 ,  0.0000 ,  0.0000 ,  0.0000 ,  0.0000 ,  0.0000 ,
  0.0000 ,  0.0000 ,  0.0000 ,  0.0000 ,  0.0000 ,  0.0000 ,
  0.0000 ,  0.0000 ,  0.0000 ,  0.0000 ,  0.0000 ,  0.0000 ,
  0.0000 ,  0.0000 ,  0.0000 ,  0.0000 ,  0.0000 ,  0.0000 ,
  0.0000 ,  0.0000 ,  0.0000 ,  0.0000 ,  0.0000 ,  0.0000 ,
  0.0000 ,  0.0000 ,  0.0000 ,  0.0000 ,  0.0000 ,  0.0000 ,
  0.0000 ,  0.0000 ,  0.0000 ,  0.0000 ,  0.0000 ,  0.0000 ,
  0.0000 ,  0.0000 ,  0.0000 ,  0.0000 ,  0.0000 ,  0.0000 ,
  0.0000 ,  0.0000 ,  0.0000 ,  0.0000 ,  0.0000 ,  0.0000 ,
  0.0000 ,  0.0000 ,  0.0000 ,  0.0000 ,  0.0000 ,  0.0000 ,
  0.0000 ,  0.0000 ,  0.0000 ,  0.0000 ,  0.0000 ,  0.0000 ,
  0.0000 ,  0.0000 ,  0.0000 ,  0.0000 ,  0.0000 ,  0.0000 ,
  0.0000 ,  0.0000 ,  0.0000 ,  0.0000 ,  0.0000 ,  0.0000 ,
  0.0000 ,  0.0000 ,  0.0000 ,  0.0000 ,  0.0000 ,  0.0000 ,
  0.0000 ,  0.0000 ,  0.0000 ,  0.0000 ,  0.0000 ,  0.0000 ,
  0.0000 ,  0.0000 ,  0.0000 ,  0.0000 ,  0.0000 ,  0.0000 ,
  0.0000 ,  0.0000 ,  0.0000 ,  0.0000 ,  0.0000 ,  0.0000 ,
  0.0000 ,  0.0000 ,  0.0000 ,  0.0000 ,  0.0000 ,  0.0000 ,
  0.0000 ,  0.0000 ,  0.0000 ,  0.0000 ,  0.0000 ,  0.0000 ,
  0.0000 ,  0.0000 ,  0.0000 ,  0.0000 ,  0.0000 ,  0.0000 ,
  0.0000 ,  0.0000 ,  0.0000 ,  0.0000 ,  0.0000 ,  0.0000 ,
  0.0000 ,  0.0000 ,  0.0000 ,  0.0000 ,  0.0000 ,  0.0000 ,
  0.0000 ,  0.0000 ,  0.0000 ,  0.0000 ,  0.0000 ,  0.0000 ,
  0.0000 ,  0.0000 ,  0.0000 ,  0.0000 ,  0.0000 ,  0.0000 ,
  0.0000 ,  0.0000 ,  0.0000 ,  0.0000 ,  0.0000 ,  0.0000 ,
  0.0000 ,  0.0000 ,  0.0000 ,  0.0000 ,  0.0000 ,  0.0000 ,
  0.0000 ,  0.0000 ,  0.0000 ,  0.0000 ,  0.0000 ,  0.0000 ,
  0.0000 ,  0.0000 ,  0.0000 ,  0.0000 ,  0.0000 ,  0.0000 ,
  0.0000 ,  0.0000 ,  0.0000 ,  0.0000 ,  0.0000 ,  0.0000 ,
  0.0000 ,  0.0000 ,  0.0000 ,  0.0000 ,  0.0000 ,  0.0000 ,
  0.0000 ,  0.0000 ,  0.0000 ,  0.0000 ,  0.0000 ,  0.0000 ,
  0.0000 ,  0.0000 ,  0.0000 ,  0.0000 ,  0.0000 ,  0.0000 ,
  0.0000 ,  0.0000 ,  0.0000 ,  0.0000 ,  0.0000 ,  0.0000 ,
  0.0000 ,  0.0000 ,  0.0000 ,  0.0000 ,  0.0000 ,  0.0000 ,
  0.0000 ,  0.0000 ,  0.0000 ,  0.0000 ,  0.0000 ,  0.0000 ,
  0.0000 ,  0.0000 ,  0.0000 ,  0.0000 ,  0.0000 ,  0.0000 ,
  0.0000 ,  0.0000 ,  0.0000 ,  0.0000 ,  0.0000 ,  0.0000 ,
  0.0000 ,  0.0000 ,  0.0000 ,  0.0000 ,  0.0000 ,  0.0000 ,
  0.0000 ,  0.0000 ,  0.0000 ,  0.0000 ,  0.0000 ,  0.0000 ,
  0.0000 ,  0.0000 ,  0.0000 ,  0.0000 ,  0.0000 ,  0.0000 ,
  0.0000 ,  0.0000 ,  0.0000 ,  0.0000 ,  0.0000 ,  0.0000 ,
  0.0000 ,  0.0000 ,  0.0000 ,  0.0000 ,  0.0000 ,  0.0000 ,
  0.0000 ,  0.0000 ,  0.0000 ,  0.0000 ,  0.0000 ,  0.0000 ,
  0.0000 ,  0.0000 ,  0.0000 ,  0.0000 ,  0.0000 ,  0.0000 ,
  0.0000 ,  0.0000 ,  0.0000 ,  0.0000 ,  0.0000 ,  0.0000 ,
  0.0000 ,  0.0000 ,  0.0000 ,  0.0000 ,  0.0000 ,  0.0000 ,
  0.0000 ,  0.0000 ,  0.0000 ,  0.0000 ,  0.0000 ,  0.0000 ,
  0.0000 ,  0.0000 ,  0.0000 ,  0.0000 ,  0.0000 ,  0.0000 ,
  0.0000 ,  0.0000 ,  0.0000 ,  0.0000 ,  0.0000 ,  0.0000 ,
  0.0000 ,  0.0000 ,  0.0000 ,  0.0000 ,  0.0000 ,  0.0000 ,
  0.0000 ,  0.0000 ,  0.0000 ,  0.0000 ,  0.0000 ,  0.0000 ,
  0.0000 ,  0.0000 ,  0.0000 ,  0.0000 ,  0.0000 ,  0.0000 ,
  0.0000 ,  0.0000 ,  0.0000 ,  0.0000 ,  0.0000 ,  0.0000 ,
  0.0000 ,  0.0000 ,  0.0000 ,  0.0000 ,  0.0000 ,  0.0000 ,
  0.0000 ,  0.0000 ,  0.0000 ,  0.0000 ,  0.0000 ,  0.0000 ,
  0.0000 ,  0.0000 ,  0.0000 ,  0.0000 ,  0.0000 ,  0.0000 ,
  0.0000 ,  0.0000 ,  0.0000 ,  0.0000 ,  0.0000 ,  0.0000 ,
  0.0000 ,  0.0000 ,  0.0000 ,  0.0000 ,  0.0000 ,  0.0000 ,
  0.0000 ,  0.0000 ,  0.0000 ,  0.0000 ,  0.0000 ,  0.0000 ,
  0.0000 ,  0.0000 ,  0.0000 ,  0.0000 ,  0.0000 ,  0.0000 ,
  0.0000 ,  0.0000 ,  0.0000 ,  0.0000 ,  0.0000 ,  0.0000 ,
  0.0000 ,  0.0000 ,  0.0000 ,  0.0000 ,  0.0000 ,  0.0000 ,
  0.0000 ,  0.0000 ,  0.0000 ,  0.0000 ,  0.0000 ,  0.0000 ,
  0.0000 ,  0.0000 ,  0.0000 ,  0.0000 ,  0.0000 ,  0.0000 ,
  0.0000 ,  0.0000 ,  0.0000 ,  0.0000 ,  0.0000 ,  0.0000 ,
  0.0000 ,  0.0000 ,  0.0000 ,  0.0000 ,  0.0000 ,  0.0000 ,
  0.0000 ,  0.0000 ,  0.0000 ,  0.0000 ,  0.0000 ,  0.0000 ,
  0.0000 ,  0.0000 ,  0.0000 ,  0.0000 ,  0.0000 ,  0.0000 ,
  0.0000 ,  0.0000 ,  0.0000 ,  0.0000 ,  0.0000 ,  0.0000 ,
  0.0000 ,  0.0000 ,  0.0000 ,  0.0000 ,  0.0000 ,  0.0000 ,
  0.0000 ,  0.0000 ,  0.0000 ,  0.0000 ,  0.0000 ,  0.0000 ,
  0.0000 ,  0.0000 ,  0.0000 ,  0.0000 ,  0.0000 ,  0.0000 ,
  0.0000 ,  0.0000 ,  0.0000 ,  0.0000 ,  0.0000 ,  0.0000 ,
  0.0000 ,  0.0000 ,  0.0000 ,  0.0000 ,  0.0000 ,  0.0000 ,
  0.0000 ,  0.0000 ,  0.0000 ,  0.0000 ,  0.0000 ,  0.0000 ,
  0.0000 ,  0.0000 ,  0.0000 ,  0.0000 ,  0.0000 ,  0.0000 ,
  0.0000 ,  0.0000 ,  0.0000 ,  0.0000 ,  0.0000 ,  0.0000 ,
  0.0000 ,  0.0000 ,  0.0000 ,  0.0000 ,  0.0000 ,  0.0000 ,
  0.0000 ,  0.0000 ,  0.0000 ,  0.0000 ,  0.0000 ,  0.0000 ,
  0.0000 ,  0.0000 ,  0.0000 ,  0.0000 ,  0.0000 ,  0.0000 ,
  0.0000 ,  0.0000 ,  0.0000 ,  0.0000 ,  0.0000 ,  0.0000 ,
  0.0000 ,  0.0000 ,  0.0000 ,  0.0000 ,  0.0000 ,  0.0000 ,
  0.0000 ,  0.0000 ,  0.0000 ,  0.0000 ,  0.0000 ,  0.0000 ,
  0.0000 ,  0.0000 ,  0.0000 ,  0.0000 ,  0.0000 ,  0.0000 ,
  0.0000 ,  0.0000 ,  0.0000 ,  0.0000 ,  0.0000 ,  0.0000 ,
  0.0000 ,  0.0000 ,  0.0000 ,  0.0000 ,  0.0000 ,  0.0000 ,
  0.0000 ,  0.0000 ,  0.0000 ,  0.0000 ,  0.0000 ,  0.0000 ,
  0.0000 ,  0.0000 ,  0.0000 ,  0.0000 ,  0.0000 ,  0.0000 ,
  0.0000 ,  0.0000 ,  0.0000 ,  0.0000 ,  0.0000 ,  0.0000 ,
  0.0000 ,  0.0000 ,  0.0000 ,  0.0000 ,  0.0000 ,  0.0000 ,
  0.0000 ,  0.0000 ,  0.0000 ,  0.0000 ,  0.0000 ,  0.0000 ,
  0.0000 ,  0.0000 ,  0.0000 ,  0.0000 ,  0.0000 ,  0.0000 ,
  0.0000 ,  0.0000 ,  0.0000 ,  0.0000 ,  0.0000 ,  0.0000 ,
  0.0000 ,  0.0000 ,  0.0000 ,  0.0000 ,  0.0000 ,  0.0000 ,
  0.0000 ,  0.0000 ,  0.0000 ,  0.0000 ,  0.0000 ,  0.0000 ,
  0.0000 ,  0.0000 ,  0.0000 ,  0.0000 ,  0.0000 ,  0.0000 ,
  0.0000 ,  0.0000 ,  0.0000 ,  0.0000 ,  0.0000 ,  0.0000 ,
  0.0000 ,  0.0000 ,  0.0000 ,  0.0000 ,  0.0000 ,  0.0000 ,
  0.0000 ,  0.0000 ,  0.0000 ,  0.0000 ,  0.0000 ,  0.0000 ,
  0.0000 ,  0.0000 ,  0.0000 ,  0.0000 ,  0.0000 ,  0.0000 ,
  0.0000 ,  0.0000 ,  0.0000 ,  0.0000 ,  0.0000 ,  0.0000 ,
  0.0000 ,  0.0000 ,  0.0000 ,  0.0000 ,  0.0000 ,  0.0000 ,
  0.0000 ,  0.0000 ,  0.0000 ,  0.0000 ,  0.0000 ,  0.0000 ,
  0.0000 ,  0.0000 ,  0.0000 ,  0.0000 ,  0.0000 ,  0.0000 ,
  0.0000 ,  0.0000 ,  0.0000 ,  0.0000 ,  0.0000 ,  0.0000 ,
  0.0000 ,  0.0000 ,  0.0000 ,  0.0000 ,  0.0000 ,  0.0000 ,
  0.0000 ,  0.0000 ,  0.0000 ,  0.0000 ,  0.0000 ,  0.0000 ,
  0.0000 ,  0.0000 ,  0.0000 ,  0.0000 ,  0.0000 ,  0.0000 ,
  0.0000 ,  0.0000 ,  0.0000 ,  0.0000 ,  0.0000 ,  0.0000 ,
  0.0000 ,  0.0000 ,  0.0000 ,  0.0000 ,  0.0000 ,  0.0000 ,
  0.0000 ,  0.0000 ,  0.0000 ,  0.0000 ,  0.0000 ,  0.0000 ,
  0.0000 ,  0.0000 ,  0.0000 ,  0.0000 ,  0.0000 ,  0.0000 ,
  0.0000 ,  0.0000 ,  0.0000 ,  0.0000 ,  0.0000 ,  0.0000 ,
  0.0000 ,  0.0000 ,  0.0000 ,  0.0000 ,  0.0000 ,  0.0000 ,
  0.0000 ,  0.0000 ,  0.0000 ,  0.0000 ,  0.0000 ,  0.0000 ,
  0.0000 ,  0.0000 ,  0.0000 ,  0.0000 ,  0.0000 ,  0.0000 ,
  0.0000 ,  0.0000 ,  0.0000 ,  0.0000 ,  0.0000 ,  0.0000 ,
  0.0000 ,  0.0000 ,  0.0000 ,  0.0000 ,  0.0000 ,  0.0000 ,
  0.0000 ,  0.0000 ,  0.0000 ,  0.0000 ,  0.0000 ,  0.0000 ,
  0.0000 ,  0.0000 ,  0.0000 ,  0.0000 ,  0.0000 ,  0.0000 ,
  0.0000 ,  0.0000 ,  0.0000 ,  0.0000 ,  0.0000 ,  0.0000 ,
  0.0000 ,  0.0000 ,  0.0000 ,  0.0000 ,  0.0000 ,  0.0000 ,
  0.0000 ,  0.0000 ,  0.0000 ,  0.0000 ,  0.0000 ,  0.0000 ,
  0.0000 ,  0.0000 ,  0.0000 ,  0.0000 ,  0.0000 ,  0.0000 ,
  0.0000 ,  0.0000 ,  0.0000 ,  0.0000 ,  0.0000 ,  0.0000 ,
  0.0000 ,  0.0000 ,  0.0000 ,  0.0000 ,  0.0000 ,  0.0000 ,
  0.0000 ,  0.0000 ,  0.0000 ,  0.0000 ,  0.0000 ,  0.0000 ,
  0.0000 ,  0.0000 ,  0.0000 ,  0.0000 ,  0.0000 ,  0.0000 ,
  0.0000 ,  0.0000 ,  0.0000 ,  0.0000 ,  0.0000 ,  0.0000 ,
  0.0000 ,  0.0000 ,  0.0000 ,  0.0000 ,  0.0000 ,  0.0000 ,
  0.0000 ,  0.0000 ,  0.0000 ,  0.0000 ,  0.0000 ,  0.0000 ,
  0.0000 ,  0.0000 ,  0.0000 ,  0.0000 ,  0.0000 ,  0.0000 ,
  0.0000 ,  0.0000 ,  0.0000 ,  0.0000 ,  0.0000 ,  0.0000 ,
  0.0000 ,  0.0000 ,  0.0000 ,  0.0000 ,  0.0000 ,  0.0000 ,
  0.0000 ,  0.0000 ,  0.0000 ,  0.0000 ,  0.0000 ,  0.0000 ,
  0.0000 ,  0.0000 ,  0.0000 ,  0.0000 ,  0.0000 ,  0.0000 ,
  0.0000 ,  0.0000 ,  0.0000 ,  0.0000 ,  0.0000 ,  0.0000 ,
  0.0000 ,  0.0000 ,  0.0000 ,  0.0000 ,  0.0000 ,  0.0000 ,
  0.0000 ,  0.0000 ,  0.0000 ,  0.0000 ,  0.0000 ,  0.0000 ,
  0.0000 ,  0.0000 ,  0.0000 ,  0.0000 ,  0.0000 ,  0.0000 ,
  0.0000 ,  0.0000 ,  0.0000 ,  0.0000 ,  0.0000 ,  0.0000 ,
  0.0000 ,  0.0000 ,  0.0000 ,  0.0000 ,  0.0000 ,  0.0000 ,
  0.0000 ,  0.0000 ,  0.0000 ,  0.0000 ,  0.0000 ,  0.0000 ,
  0.0000 ,  0.0000 ,  0.0000 ,  0.0000 ,  0.0000 ,  0.0000 ,
  0.0000 ,  0.0000 ,  0.0000 ,  0.0000 ,  0.0000 ,  0.0000 ,
  0.0000 ,  0.0000 ,  0.0000 ,  0.0000 ,  0.0000 ,  0.0000 ,
  0.0000 ,  0.0000 ,  0.0000 ,  0.0000 ,  0.0000 ,  0.0000 ,
  0.0000 ,  0.0000 ,  0.0000 ,  0.0000 ,  0.0000 ,  0.0000 ,
  0.0000 ,  0.0000 ,  0.0000 ,  0.0000 ,  0.0000 ,  0.0000 ,
  0.0000 ,  0.0000 ,  0.0000 ,  0.0000 ,  0.0000 ,  0.0000 ,
  0.0000 ,  0.0000 ,  0.0000 ,  0.0000 ,  0.0000 ,  0.0000 ,
  0.0000 ,  0.0000 ,  0.0000 ,  0.0000 ,  0.0000 ,  0.0000 ,
  0.0000 ,  0.0000 ,  0.0000 ,  0.0000 ,  0.0000 ,  0.0000 ,
  0.0000 ,  0.0000 ,  0.0000 ,  0.0000 ,  0.0000 ,  0.0000 ,
  0.0000 ,  0.0000 ,  0.0000 ,  0.0000 ,  0.0000 ,  0.0000 ,
  0.0000 ,  0.0000 ,  0.0000 ,  0.0000 ,  0.0000 ,  0.0000 ,
  0.0000 ,  0.0000 ,  0.0000 ,  0.0000 ,  0.0000 ,  0.0000 ,
  0.0000 ,  0.0000 ,  0.0000 ,  0.0000 ,  0.0000 ,  0.0000 ,
  0.0000 ,  0.0000 ,  0.0000 ,  0.0000 ,  0.0000 ,  0.0000 ,
  0.0000 ,  0.0000 ,  0.0000 ,  0.0000 ,  0.0000 ,  0.0000 ,
  0.0000 ,  0.0000 ,  0.0000 ,  0.0000 ,  0.0000 ,  0.0000 ,
  0.0000 ,  0.0000 ,  0.0000 ,  0.0000 ,  0.0000 ,  0.0000 ,
  0.0000 ,  0.0000 ,  0.0000 ,  0.0000 ,  0.0000 ,  0.0000 ,
  0.0000 ,  0.0000 ,  0.0000 ,  0.0000 ,  0.0000 ,  0.0000 ,
  0.0000 ,  0.0000 ,  0.0000 ,  0.0000 ,  0.0000 ,  0.0000 ,
  0.0000 ,  0.0000 ,  0.0000 ,  0.0000 ,  0.0000 ,  0.0000 ,
  0.0000 ,  0.0000 ,  0.0000 ,  0.0000 ,  0.0000 ,  0.0000 ,
  0.0000 ,  0.0000 ,  0.0000 ,  0.0000 ,  0.0000 ,  0.0000 ,
  0.0000 ,  0.0000 ,  0.0000 ,  0.0000 ,  0.0000 ,  0.0000 ,
  0.0000 ,  0.0000 ,  0.0000 ,  0.0000 ,  0.0000 ,  0.0000 ,
  0.0000 ,  0.0000 ,  0.0000 ,  0.0000 ,  0.0000 ,  0.0000 ,
  0.0000 ,  0.0000 ,  0.0000 ,  0.0000 ,  0.0000 ,  0.0000 ,
  0.0000 ,  0.0000 ,  0.0000 ,  0.0000 ,  0.0000 ,  0.0000 ,
  0.0000 ,  0.0000 ,  0.0000 ,  0.0000 ,  0.0000 ,  0.0000 ,
  0.0000 ,  0.0000 ,  0.0000 ,  0.0000 ,  0.0000 ,  0.0000 ,
  0.0000 ,  0.0000 ,  0.0000 ,  0.0000 ,  0.0000 ,  0.0000 ,
  0.0000 ,  0.0000 ,  0.0000 ,  0.0000 ,  0.0000 ,  0.0000 ,
  0.0000 ,  0.0000 ,  0.0000 ,  0.0000 ,  0.0000 ,  0.0000 ,
  0.0000 ,  0.0000 ,  0.0000 ,  0.0000 ,  0.0000 ,  0.0000 ,
  0.0000 ,  0.0000 ,  0.0000 ,  0.0000 ,  0.0000 ,  0.0000 ,
  0.0000 ,  0.0000 ,  0.0000 ,  0.0000 ,  0.0000 ,  0.0000 ,
  0.0000 ,  0.0000 ,  0.0000 ,  0.0000 ,  0.0000 ,  0.0000 ,
  0.0000 ,  0.0000 ,  0.0000 ,  0.0000 ,  0.0000 ,  0.0000 ,
  0.0000 ,  0.0000 ,  0.0000 ,  0.0000 ,  0.0000 ,  0.0000 ,
  0.0000 ,  0.0000 ,  0.0000 ,  0.0000 ,  0.0000 ,  0.0000 ,
  0.0000 ,  0.0000 ,  0.0000 ,  0.0000 ,  0.0000 ,  0.0000 ,
  0.0000 ,  0.0000 ,  0.0000 ,  0.0000 ,  0.0000 ,  0.0000 ,
  0.0000 ,  0.0000 ,  0.0000 ,  0.0000 ,  0.0000 ,  0.0000 ,
  0.0000 ,  0.0000 ,  0.0000 ,  0.0000 ,  0.0000 ,  0.0000 ,
  0.0000 ,  0.0000 ,  0.0000 ,  0.0000 ,  0.0000 ,  0.0000 ,
  0.0000 ,  0.0000 ,  0.0000 ,  0.0000 ,  0.0000 ,  0.0000 ,
  0.0000 ,  0.0000 ,  0.0000 ,  0.0000 ,  0.0000 ,  0.0000 ,
  0.0000 ,  0.0000 ,  0.0000 ,  0.0000 ,  0.0000 ,  0.0000 ,
  0.0000 ,  0.0000 ,  0.0000 ,  0.0000 ,  0.0000 ,  0.0000 ,
  0.0000 ,  0.0000 ,  0.0000 ,  0.0000 ,  0.0000 ,  0.0000 ,
  0.0000 ,  0.0000 ,  0.0000 ,  0.0000 ,  0.0000 ,  0.0000 ,
  0.0000 ,  0.0000 ,  0.0000 ,  0.0000 ,  0.0000 ,  0.0000 ,
  0.0000 ,  0.0000 ,  0.0000 ,  0.0000 ,  0.0000 ,  0.0000 ,
  0.0000 ,  0.0000 ,  0.0000 ,  0.0000 ,  0.0000 ,  0.0000 ,
  0.0000 ,  0.0000 ,  0.0000 ,  0.0000 ,  0.0000 ,  0.0000 ,
  0.0000 ,  0.0000 ,  0.0000 ,  0.0000 ,  0.0000 ,  0.0000 ,
  0.0000 ,  0.0000 ,  0.0000 ,  0.0000 ,  0.0000 ,  0.0000 ,
  0.0000 ,  0.0000 ,  0.0000 ,  0.0000 ,  0.0000 ,  0.0000 ,
  0.0000 ,  0.0000 ,  0.0000 ,  0.0000 ,  0.0000 ,  0.0000 ,
  0.0000 ,  0.0000 ,  0.0000 ,  0.0000 ,  0.0000 ,  0.0000 ,
  0.0000 ,  0.0000 ,  0.0000 ,  0.0000 ,  0.0000 ,  0.0000 ,
  0.0000 ,  0.0000 ,  0.0000 ,  0.0000 ,  0.0000 ,  0.0000 ,
  0.0000 ,  0.0000 ,  0.0000 ,  0.0000 ,  0.0000 ,  0.0000 ,
  0.0000 ,  0.0000 ,  0.0000 ,  0.0000 ,  0.0000 ,  0.0000 ,
  0.0000 ,  0.0000 ,  0.0000 ,  0.0000 ,  0.0000 ,  0.0000 ,
  0.0000 ,  0.0000 ,  0.0000 ,  0.0000 ,  0.0000 ,  0.0000 ,
  0.0000 ,  0.0000 ,  0.0000 ,  0.0000 ,  0.0000 ,  0.0000 ,
  0.0000 ,  0.0000 ,  0.0000 ,  0.0000 ,  0.0000 ,  0.0000 ,
  0.0000 ,  0.0000 ,  0.0000 ,  0.0000 ,  0.0000 ,  0.0000 ,
  0.0000 ,  0.0000 ,  0.0000 ,  0.0000 ,  0.0000 ,  0.0000 ,
  0.0000 ,  0.0000 ,  0.0000 ,  0.0000 ,  0.0000 ,  0.0000 ,
  0.0000 ,  0.0000 ,  0.0000 ,  0.0000 ,  0.0000 ,  0.0000 ,
  0.0000 ,  0.0000 ,  0.0000 ,  0.0000 ,  0.0000 ,  0.0000 ,
  0.0000 ,  0.0000 ,  0.0000 ,  0.0000 ,  0.0000 ,  0.0000 ,
  0.0000 ,  0.0000 ,  0.0000 ,  0.0000 ,  0.0000 ,  0.0000 ,
  0.0000 ,  0.0000 ,  0.0000 ,  0.0000 ,  0.0000 ,  0.0000 ,
  0.0000 ,  0.0000 ,  0.0000 ,  0.0000 ,  0.0000 ,  0.0000 ,
  0.0000 ,  0.0000 ,  0.0000 ,  0.0000 ,  0.0000 ,  0.0000 ,
  0.0000 ,  0.0000 ,  0.0000 ,  0.0000 ,  0.0000 ,  0.0000 ,
  0.0000 ,  0.0000 ,  0.0000 ,  0.0000 ,  0.0000 ,  0.0000 ,
  0.0000 ,  0.0000 ,  0.0000 ,  0.0000 ,  0.0000 ,  0.0000 ,
  0.0000 ,  0.0000 ,  0.0000 ,  0.0000 ,  0.0000 ,  0.0000 ,
  0.0000 ,  0.0000 ,  0.0000 ,  0.0000 ,  0.0000 ,  0.0000 ,
  0.0000 ,  0.0000 ,  0.0000 ,  0.0000 ,  0.0000 ,  0.0000 ,
  0.0000 ,  0.0000 ,  0.0000 ,  0.0000 ,  0.0000 ,  0.0000 ,
  0.0000 ,  0.0000 ,  0.0000 ,  0.0000 ,  0.0000 ,  0.0000 ,
  0.0000 ,  0.0000 ,  0.0000 ,  0.0000 ,  0.0000 ,  0.0000 ,
  0.0000 ,  0.0000 ,  0.0000 ,  0.0000 ,  0.0000 ,  0.0000 ,
  0.0000 ,  0.0000 ,  0.0000 ,  0.0000 ,  0.0000 ,  0.0000 ,
  0.0000 ,  0.0000 ,  0.0000 ,  0.0000 ,  0.0000 ,  0.0000 ,
  0.0000 ,  0.0000 ,  0.0000 ,  0.0000 ,  0.0000 ,  0.0000 ,
  0.0000 ,  0.0000 ,  0.0000 ,  0.0000 ,  0.0000 ,  0.0000 ,
  0.0000 ,  0.0000 ,  0.0000 ,  0.0000 ,  0.0000 ,  0.0000 ,
  0.0000 ,  0.0000 ,  0.0000 ,  0.0000 ,  0.0000 ,  0.0000 ,
  0.0000 ,  0.0000 ,  0.0000 ,  0.0000 ,  0.0000 ,  0.0000 ,
  0.0000 ,  0.0000 ,  0.0000 ,  0.0000 ,  0.0000 ,  0.0000 ,
  0.0000 ,  0.0000 ,  0.0000 ,  0.0000 ,  0.0000 ,  0.0000 ,
  0.0000 ,  0.0000 ,  0.0000 ,  0.0000 ,  0.0000 ,  0.0000 ,
  0.0000 ,  0.0000 ,  0.0000 ,  0.0000 ,  0.0000 ,  0.0000 ,
  0.0000 ,  0.0000 ,  0.0000 ,  0.0000 ,  0.0000 ,  0.0000 ,
  0.0000 ,  0.0000 ,  0.0000 ,  0.0000 ,  0.0000 ,  0.0000 ,
  0.0000 ,  0.0000 ,  0.0000 ,  0.0000 ,  0.0000 ,  0.0000 ,
  0.0000 ,  0.0000 ,  0.0000 ,  0.0000 ,  0.0000 ,  0.0000 ,
  0.0000 ,  0.0000 ,  0.0000 ,  0.0000 ,  0.0000 ,  0.0000 ,
  0.0000 ,  0.0000 ,  0.0000 ,  0.0000 ,  0.0000 ,  0.0000 ,
  0.0000 ,  0.0000 ,  0.0000 ,  0.0000 ,  0.0000 ,  0.0000 ,
  0.0000 ,  0.0000 ,  0.0000 ,  0.0000 ,  0.0000 ,  0.0000 ,
  0.0000 ,  0.0000 ,  0.0000 ,  0.0000 ,  0.0000 ,  0.0000 ,
  0.0000 ,  0.0000 ,  0.0000 ,  0.0000 ,  0.0000 ,  0.0000 ,
  0.0000 ,  0.0000 ,  0.0000 ,  0.0000 ,  0.0000 ,  0.0000 ,
  0.0000 ,  0.0000 ,  0.0000 ,  0.0000 ,  0.0000 ,  0.0000 ,
  0.0000 ,  0.0000 ,  0.0000 ,  0.0000 ,  0.0000 ,  0.0000 ,
  0.0000 ,  0.0000 ,  0.0000 ,  0.0000 ,  0.0000 ,  0.0000 ,
  0.0000 ,  0.0000 ,  0.0000 ,  0.0000 ,  0.0000 ,  0.0000 ,
  0.0000 ,  0.0000 ,  0.0000 ,  0.0000 ,  0.0000 ,  0.0000 ,
  0.0000 ,  0.0000 ,  0.0000 ,  0.0000 ,  0.0000 ,  0.0000 ,
  0.0000 ,  0.0000 ,  0.0000 ,  0.0000 ,  0.0000 ,  0.0000 ,
  0.0000 ,  0.0000 ,  0.0000 ,  0.0000 ,  0.0000 ,  0.0000 ,
  0.0000 ,  0.0000 ,  0.0000 ,  0.0000 ,  0.0000 ,  0.0000 ,
  0.0000 ,  0.0000 ,  0.0000 ,  0.0000 ,  0.0000 ,  0.0000 ,
  0.0000 ,  0.0000 ,  0.0000 ,  0.0000 ,  0.0000 ,  0.0000 ,
  0.0000 ,  0.0000 ,  0.0000 ,  0.0000 ,  0.0000 ,  0.0000 ,
  0.0000 ,  0.0000 ,  0.0000 ,  0.0000 ,  0.0000 ,  0.0000 ,
  0.0000 ,  0.0000 ,  0.0000 ,  0.0000 ,  0.0000 ,  0.0000 ,
  0.0000 ,  0.0000 ,  0.0000 ,  0.0000 ,  0.0000 ,  0.0000 ,
  0.0000 ,  0.0000 ,  0.0000 ,  0.0000 ,  0.0000 ,  0.0000 ,
  0.0000 ,  0.0000 ,  0.0000 ,  0.0000 ,  0.0000 ,  0.0000 ,
  0.0000 ,  0.0000 ,  0.0000 ,  0.0000 ,  0.0000 ,  0.0000 ,
  0.0000 ,  0.0000 ,  0.0000 ,  0.0000 ,  0.0000 ,  0.0000 ,
  0.0000 ,  0.0000 ,  0.0000 ,  0.0000 ,  0.0000 ,  0.0000 ,
  0.0000 ,  0.0000 ,  0.0000 ,  0.0000 ,  0.0000 ,  0.0000 ,
  0.0000 ,  0.0000 ,  0.0000 ,  0.0000 ,  0.0000 ,  0.0000 ,
  0.0000 ,  0.0000 ,  0.0000 ,  0.0000 ,  0.0000 ,  0.0000 ,
  0.0000 ,  0.0000 ,  0.0000 ,  0.0000 ,  0.0000 ,  0.0000 ,
  0.0000 ,  0.0000 ,  0.0000 ,  0.0000 ,  0.0000 ,  0.0000 ,
  0.0000 ,  0.0000 ,  0.0000 ,  0.0000 ,  0.0000 ,  0.0000 ,
  0.0000 ,  0.0000 ,  0.0000 ,  0.0000 ,  0.0000 ,  0.0000 ,
  0.0000 ,  0.0000 ,  0.0000 ,  0.0000 ,  0.0000 ,  0.0000 ,
  0.0000 ,  0.0000 ,  0.0000 ,  0.0000 ,  0.0000 ,  0.0000 ,
  0.0000 ,  0.0000 ,  0.0000 ,  0.0000 ,  0.0000 ,  0.0000 ,
  0.0000 ,  0.0000 ,  0.0000 ,  0.0000 ,  0.0000 ,  0.0000 ,
  0.0000 ,  0.0000 ,  0.0000 ,  0.0000 ,  0.0000 ,  0.0000 ,
  0.0000 ,  0.0000 ,  0.0000 ,  0.0000 ,  0.0000 ,  0.0000 ,
  0.0000 ,  0.0000 ,  0.0000 ,  0.0000 ,  0.0000 ,  0.0000 ,
  0.0000 ,  0.0000 ,  0.0000 ,  0.0000 ,  0.0000 ,  0.0000 ,
  0.0000 ,  0.0000 ,  0.0000 ,  0.0000 ,  0.0000 ,  0.0000 ,
  0.0000 ,  0.0000 ,  0.0000 ,  0.0000 ,  0.0000 ,  0.0000 ,
  0.0000 ,  0.0000 ,  0.0000 ,  0.0000 ,  0.0000 ,  0.0000 ,
  0.0000 ,  0.0000 ,  0.0000 ,  0.0000 ,  0.0000 ,  0.0000 ,
  0.0000 ,  0.0000 ,  0.0000 ,  0.0000 ,  0.0000 ,  0.0000 ,
  0.0000 ,  0.0000 ,  0.0000 ,  0.0000 ,  0.0000 ,  0.0000 ,
  0.0000 ,  0.0000 ,  0.0000 ,  0.0000 ,  0.0000 ,  0.0000 ,
  0.0000 ,  0.0000 ,  0.0000 ,  0.0000 ,  0.0000 ,  0.0000 ,
  0.0000 ,  0.0000 ,  0.0000 ,  0.0000 ,  0.0000 ,  0.0000 ,
  0.0000 ,  0.0000 ,  0.0000 ,  0.0000 ,  0.0000 ,  0.0000 ,
  0.0000 ,  0.0000 ,  0.0000 ,  0.0000 ,  0.0000 ,  0.0000 ,
  0.0000 ,  0.0000 ,  0.0000 ,  0.0000 ,  0.0000 ,  0.0000 ,
  0.0000 ,  0.0000 ,  0.0000 ,  0.0000 ,  0.0000 ,  0.0000 ,
  0.0000 ,  0.0000 ,  0.0000 ,  0.0000 ,  0.0000 ,  0.0000 ,
  0.0000 ,  0.0000 ,  0.0000 ,  0.0000 ,  0.0000 ,  0.0000 ,
  0.0000 ,  0.0000 ,  0.0000 ,  0.0000 ,  0.0000 ,  0.0000 ,
  0.0000 ,  0.0000 ,  0.0000 ,  0.0000 ,  0.0000 ,  0.0000 ,
  0.0000 ,  0.0000 ,  0.0000 ,  0.0000 ,  0.0000 ,  0.0000 ,
  0.0000 ,  0.0000 ,  0.0000 ,  0.0000 ,  0.0000 ,  0.0000 ,
  0.0000 ,  0.0000 ,  0.0000 ,  0.0000 ,  0.0000 ,  0.0000 ,
  0.0000 ,  0.0000 ,  0.0000 ,  0.0000 ,  0.0000 ,  0.0000 ,
  0.0000 ,  0.0000 ,  0.0000 ,  0.0000 ,  0.0000 ,  0.0000 ,
  0.0000 ,  0.0000 ,  0.0000 ,  0.0000 ,  0.0000 ,  0.0000 ,
  0.0000 ,  0.0000 ,  0.0000 ,  0.0000 ,  0.0000 ,  0.0000 ,
  0.0000 ,  0.0000 ,  0.0000 ,  0.0000 ,  0.0000 ,  0.0000 ,
  0.0000 ,  0.0000 ,  0.0000 ,  0.0000 ,  0.0000 ,  0.0000 ,
  0.0000 ,  0.0000 ,  0.0000 ,  0.0000 ,  0.0000 ,  0.0000 ,
  0.0000 ,  0.0000 ,  0.0000 ,  0.0000 ,  0.0000 ,  0.0000 ,
  0.0000 ,  0.0000 ,  0.0000 ,  0.0000 ,  0.0000 ,  0.0000 ,
  0.0000 ,  0.0000 ,  0.0000 ,  0.0000 ,  0.0000 ,  0.0000 ,
  0.0000 ,  0.0000 ,  0.0000 ,  0.0000 ,  0.0000 ,  0.0000 ,
  0.0000 ,  0.0000 ,  0.0000 ,  0.0000 ,  0.0000 ,  0.0000 ,
  0.0000 ,  0.0000 ,  0.0000 ,  0.0000 ,  0.0000 ,  0.0000 ,
  0.0000 ,  0.0000 ,  0.0000 ,  0.0000 ,  0.0000 ,  0.0000 ,
  0.0000 ,  0.0000 ,  0.0000 ,  0.0000 ,  0.0000 ,  0.0000 ,
  0.0000 ,  0.0000 ,  0.0000 ,  0.0000 ,  0.0000 ,  0.0000 ,
  0.0000 ,  0.0000 ,  0.0000 ,  0.0000 ,  0.0000 ,  0.0000 ,
  0.0000 ,  0.0000 ,  0.0000 ,  0.0000 ,  0.0000 ,  0.0000 ,
  0.0000 ,  0.0000 ,  0.0000 ,  0.0000 ,  0.0000 ,  0.0000 ,
  0.0000 ,  0.0000 ,  0.0000 ,  0.0000 ,  0.0000 ,  0.0000 ,
  0.0000 ,  0.0000 ,  0.0000 ,  0.0000 ,  0.0000 ,  0.0000 ,
  0.0000 ,  0.0000 ,  0.0000 ,  0.0000 ,  0.0000 ,  0.0000 ,
  0.0000 ,  0.0000 ,  0.0000 ,  0.0000 ,  0.0000 ,  0.0000 ,
  0.0000 ,  0.0000 ,  0.0000 ,  0.0000 ,  0.0000 ,  0.0000 ,
  0.0000 ,  0.0000 ,  0.0000 ,  0.0000 ,  0.0000 ,  0.0000 ,
  0.0000 ,  0.0000 ,  0.0000 ,  0.0000 ,  0.0000 ,  0.0000 ,
  0.0000 ,  0.0000 ,  0.0000 ,  0.0000 ,  0.0000 ,  0.0000 ,
  0.0000 ,  0.0000 ,  0.0000 ,  0.0000 ,  0.0000 ,  0.0000 ,
  0.0000 ,  0.0000 ,  0.0000 ,  0.0000 ,  0.0000 ,  0.0000 ,
  0.0000 ,  0.0000 ,  0.0000 ,  0.0000 ,  0.0000 ,  0.0000 ,
  0.0000 ,  0.0000 ,  0.0000 ,  0.0000 ,  0.0000 ,  0.0000 ,
  0.0000 ,  0.0000 ,  0.0000 ,  0.0000 ,  0.0000 ,  0.0000 ,
  0.0000 ,  0.0000 ,  0.0000 ,  0.0000 ,  0.0000 ,  0.0000 ,
  0.0000 ,  0.0000 ,  0.0000 ,  0.0000 ,  0.0000 ,  0.0000 ,
  0.0000 ,  0.0000 ,  0.0000 ,  0.0000 ,  0.0000 ,  0.0000 ,
  0.0000 ,  0.0000 ,  0.0000 ,  0.0000 ,  0.0000 ,  0.0000 ,
  0.0000 ,  0.0000 ,  0.0000 ,  0.0000 ,  0.0000 ,  0.0000 ,
  0.0000 ,  0.0000 ,  0.0000 ,  0.0000 ,  0.0000 ,  0.0000 ,
  0.0000 ,  0.0000 ,  0.0000 ,  0.0000 ,  0.0000 ,  0.0000 ,
  0.0000 ,  0.0000 ,  0.0000 ,  0.0000 ,  0.0000 ,  0.0000 ,
  0.0000 ,  0.0000 ,  0.0000 ,  0.0000 ,  0.0000 ,  0.0000 ,
  0.0000 ,  0.0000 ,  0.0000 ,  0.0000 ,  0.0000 ,  0.0000 ,
  0.0000 ,  0.0000 ,  0.0000 ,  0.0000 ,  0.0000 ,  0.0000 ,
  0.0000 ,  0.0000 ,  0.0000 ,  0.0000 ,  0.0000 ,  0.0000 ,
  0.0000 ,  0.0000 ,  0.0000 ,  0.0000 ,  0.0000 ,  0.0000 ,
  0.0000 ,  0.0000 ,  0.0000 ,  0.0000 ,  0.0000 ,  0.0000 ,
  0.0000 ,  0.0000 ,  0.0000 ,  0.0000 ,  0.0000 ,  0.0000 ,
  0.0000 ,  0.0000 ,  0.0000 ,  0.0000 ,  0.0000 ,  0.0000 ,
  0.0000 ,  0.0000 ,  0.0000 ,  0.0000 ,  0.0000 ,  0.0000 ,
  0.0000 ,  0.0000 ,  0.0000 ,  0.0000 ,  0.0000 ,  0.0000 ,
  0.0000 ,  0.0000 ,  0.0000 ,  0.0000 ,  0.0000 ,  0.0000 ,
  0.0000 ,  0.0000 ,  0.0000 ,  0.0000 ,  0.0000 ,  0.0000 ,
  0.0000 ,  0.0000 ,  0.0000 ,  0.0000 ,  0.0000 ,  0.0000 ,
  0.0000 ,  0.0000 ,  0.0000 ,  0.0000 ,  0.0000 ,  0.0000 ,
  0.0000 ,  0.0000 ,  0.0000 ,  0.0000 ,  0.0000 ,  0.0000 ,
  0.0000 ,  0.0000 ,  0.0000 ,  0.0000 ,  0.0000 ,  0.0000 ,
  0.0000 ,  0.0000 ,  0.0000 ,  0.0000 ,  0.0000 ,  0.0000 ,
  0.0000 ,  0.0000 ,  0.0000 ,  0.0000 ,  0.0000 ,  0.0000 ,
  0.0000 ,  0.0000 ,  0.0000 ,  0.0000 ,  0.0000 ,  0.0000 ,
  0.0000 ,  0.0000 ,  0.0000 ,  0.0000 ,  0.0000 ,  0.0000 ,
  0.0000 ,  0.0000 ,  0.0000 ,  0.0000 ,  0.0000 ,  0.0000 ,
  0.0000 ,  0.0000 ,  0.0000 ,  0.0000 ,  0.0000 ,  0.0000 ,
  0.0000 ,  0.0000 ,  0.0000 ,  0.0000 ,  0.0000 ,  0.0000 ,
  0.0000 ,  0.0000 ,  0.0000 ,  0.0000 ,  0.0000 ,  0.0000 ,
  0.0000 ,  0.0000 ,  0.0000 ,  0.0000 ,  0.0000 ,  0.0000 ,
  0.0000 ,  0.0000 ,  0.0000 ,  0.0000 ,  0.0000 ,  0.0000 ,
  0.0000 ,  0.0000 ,  0.0000 ,  0.0000 ,  0.0000 ,  0.0000 ,
  0.0000 ,  0.0000 ,  0.0000 ,  0.0000 ,  0.0000 ,  0.0000 ,
  0.0000 ,  0.0000 ,  0.0000 ,  0.0000 ,  0.0000 ,  0.0000 ,
  0.0000 ,  0.0000 ,  0.0000 ,  0.0000 ,  0.0000 ,  0.0000 ,
  0.0000 ,  0.0000 ,  0.0000 ,  0.0000 ,  0.0000 ,  0.0000 ,
  0.0000 ,  0.0000 ,  0.0000 ,  0.0000 ,  0.0000 ,  0.0000 ,
  0.0000 ,  0.0000 ,  0.0000 ,  0.0000 ,  0.0000 ,  0.0000 ,
  0.0000 ,  0.0000 ,  0.0000 ,  0.0000 ,  0.0000 ,  0.0000 ,
  0.0000 ,  0.0000 ,  0.0000 ,  0.0000 ,  0.0000 ,  0.0000 ,
  0.0000 ,  0.0000 ,  0.0000 ,  0.0000 ,  0.0000 ,  0.0000 ,
  0.0000 ,  0.0000 ,  0.0000 ,  0.0000 ,  0.0000 ,  0.0000 ,
  0.0000 ,  0.0000 ,  0.0000 ,  0.0000 ,  0.0000 ,  0.0000 ,
  0.0000 ,  0.0000 ,  0.0000 ,  0.0000 ,  0.0000 ,  0.0000 ,
  0.0000 ,  0.0000 ,  0.0000 ,  0.0000 ,  0.0000 ,  0.0000 ,
  0.0000 ,  0.0000 ,  0.0000 ,  0.0000 ,  0.0000 ,  0.0000 ,
  0.0000 ,  0.0000 ,  0.0000 ,  0.0000 ,  0.0000 ,  0.0000 ,
  0.0000 ,  0.0000 ,  0.0000 ,  0.0000 ,  0.0000 ,  0.0000 ,
  0.0000 ,  0.0000 ,  0.0000 ,  0.0000 ,  0.0000 ,  0.0000 ,
  0.0000 ,  0.0000 ,  0.0000 ,  0.0000 ,  0.0000 ,  0.0000 ,
  0.0000 ,  0.0000 ,  0.0000 ,  0.0000 ,  0.0000 ,  0.0000 ,
  0.0000 ,  0.0000 ,  0.0000 ,  0.0000 ,  0.0000 ,  0.0000 ,
  0.0000 ,  0.0000 ,  0.0000 ,  0.0000 ,  0.0000 ,  0.0000 ,
  0.0000 ,  0.0000 ,  0.0000 ,  0.0000 ,  0.0000 ,  0.0000 ,
  0.0000 ,  0.0000 ,  0.0000 ,  0.0000 ,  0.0000 ,  0.0000 ,
  0.0000 ,  0.0000 ,  0.0000 ,  0.0000 ,  0.0000 ,  0.0000 ,
  0.0000 ,  0.0000 ,  0.0000 ,  0.0000 ,  0.0000 ,  0.0000 ,
  0.0000 ,  0.0000 ,  0.0000 ,  0.0000 ,  0.0000 ,  0.0000 ,
  0.0000 ,  0.0000 ,  0.0000 ,  0.0000 ,  0.0000 ,  0.0000 ,
  0.0000 ,  0.0000 ,  0.0000 ,  0.0000 ,  0.0000 ,  0.0000 ,
  0.0000 ,  0.0000 ,  0.0000 ,  0.0000 ,  0.0000 ,  0.0000 ,
  0.0000 ,  0.0000 ,  0.0000 ,  0.0000 ,  0.0000 ,  0.0000 ,
  0.0000 ,  0.0000 ,  0.0000 ,  0.0000 ,  0.0000 ,  0.0000 ,
  0.0000 ,  0.0000 ,  0.0000 ,  0.0000 ,  0.0000 ,  0.0000 ,
  0.0000 ,  0.0000 ,  0.0000 ,  0.0000 ,  0.0000 ,  0.0000 ,
  0.0000 ,  0.0000 ,  0.0000 ,  0.0000 ,  0.0000 ,  0.0000 ,
  0.0000 ,  0.0000 ,  0.0000 ,  0.0000 ,  0.0000 ,  0.0000 ,
  0.0000 ,  0.0000 ,  0.0000 ,  0.0000 ,  0.0000 ,  0.0000 ,
  0.0000 ,  0.0000 ,  0.0000 ,  0.0000 ,  0.0000 ,  0.0000 ,
  0.0000 ,  0.0000 ,  0.0000 ,  0.0000 ,  0.0000 ,  0.0000 ,
  0.0000 ,  0.0000 ,  0.0000 ,  0.0000 ,  0.0000 ,  0.0000 ,
  0.0000 ,  0.0000 ,  0.0000 ,  0.0000 ,  0.0000 ,  0.0000 ,
  0.0000 ,  0.0000 ,  0.0000 ,  0.0000 ,  0.0000 ,  0.0000 ,
  0.0000 ,  0.0000 ,  0.0000 ,  0.0000 ,  0.0000 ,  0.0000 ,
  0.0000 ,  0.0000 ,  0.0000 ,  0.0000 ,  0.0000 ,  0.0000 ,
  0.0000 ,  0.0000 ,  0.0000 ,  0.0000 ,  0.0000 ,  0.0000 ,
  0.0000 ,  0.0000 ,  0.0000 ,  0.0000 ,  0.0000 ,  0.0000 ,
  0.0000 ,  0.0000 ,  0.0000 ,  0.0000 ,  0.0000 ,  0.0000 ,
  0.0000 ,  0.0000 ,  0.0000 ,  0.0000 ,  0.0000 ,  0.0000 ,
  0.0000 ,  0.0000 ,  0.0000 ,  0.0000 ,  0.0000 ,  0.0000 ,
  0.0000 ,  0.0000 ,  0.0000 ,  0.0000 ,  0.0000 ,  0.0000 ,
  0.0000 ,  0.0000 ,  0.0000 ,  0.0000 ,  0.0000 ,  0.0000 ,
  0.0000 ,  0.0000 ,  0.0000 ,  0.0000 ,  0.0000 ,  0.0000 ,
  0.0000 ,  0.0000 ,  0.0000 ,  0.0000 ,  0.0000 ,  0.0000 ,
  0.0000 ,  0.0000 ,  0.0000 ,  0.0000 ,  0.0000 ,  0.0000 ,
  0.0000 ,  0.0000 ,  0.0000 ,  0.0000 ,  0.0000 ,  0.0000 ,
  0.0000 ,  0.0000 ,  0.0000 ,  0.0000 ,  0.0000 ,  0.0000 ,
  0.0000 ,  0.0000 ,  0.0000 ,  0.0000 ,  0.0000 ,  0.0000 ,
  0.0000 ,  0.0000 ,  0.0000 ,  0.0000 ,  0.0000 ,  0.0000 ,
  0.0000 ,  0.0000 ,  0.0000 ,  0.0000 ,  0.0000 ,  0.0000 ,
  0.0000 ,  0.0000 ,  0.0000 ,  0.0000 ,  0.0000 ,  0.0000 ,
  0.0000 ,  0.0000 ,  0.0000 ,  0.0000 ,  0.0000 ,  0.0000 ,
  0.0000 ,  0.0000 ,  0.0000 ,  0.0000 ,  0.0000 ,  0.0000 ,
  0.0000 ,  0.0000 ,  0.0000 ,  0.0000 ,  0.0000 ,  0.0000 ,
  0.0000 ,  0.0000 ,  0.0000 ,  0.0000 ,  0.0000 ,  0.0000 ,
  0.0000 ,  0.0000 ,  0.0000 ,  0.0000 ,  0.0000 ,  0.0000 ,
  0.0000 ,  0.0000 ,  0.0000 ,  0.0000 ,  0.0000 ,  0.0000 ,
  0.0000 ,  0.0000 ,  0.0000 ,  0.0000 ,  0.0000 ,  0.0000 ,
  0.0000 ,  0.0000 ,  0.0000 ,  0.0000 ,  0.0000 ,  0.0000 ,
  0.0000 ,  0.0000 ,  0.0000 ,  0.0000 ,  0.0000 ,  0.0000 ,
  0.0000 ,  0.0000 ,  0.0000 ,  0.0000 ,  0.0000 ,  0.0000 ,
  0.0000 ,  0.0000 ,  0.0000 ,  0.0000 ,  0.0000 ,  0.0000 ,
  0.0000 ,  0.0000 ,  0.0000 ,  0.0000 ,  0.0000 ,  0.0000 ,
  0.0000 ,  0.0000 ,  0.0000 ,  0.0000 ,  0.0000 ,  0.0000 ,
  0.0000 ,  0.0000 ,  0.0000 ,  0.0000 ,  0.0000 ,  0.0000 ,
  0.0000 ,  0.0000 ,  0.0000 ,  0.0000 ,  0.0000 ,  0.0000 ,
  0.0000 ,  0.0000 ,  0.0000 ,  0.0000 ,  0.0000 ,  0.0000 ,
  0.0000 ,  0.0000 ,  0.0000 ,  0.0000 ,  0.0000 ,  0.0000 ,
  0.0000 ,  0.0000 ,  0.0000 ,  0.0000 ,  0.0000 ,  0.0000 ,
  0.0000 ,  0.0000 ,  0.0000 ,  0.0000 ,  0.0000 ,  0.0000 ,
  0.0000 ,  0.0000 ,  0.0000 ,  0.0000 ,  0.0000 ,  0.0000 ,
  0.0000 ,  0.0000 ,  0.0000 ,  0.0000 ,  0.0000 ,  0.0000 ,
  0.0000 ,  0.0000 ,  0.0000 ,  0.0000 ,  0.0000 ,  0.0000 ,
  0.0000 ,  0.0000 ,  0.0000 ,  0.0000 ,  0.0000 ,  0.0000 ,
  0.0000 ,  0.0000 ,  0.0000 ,  0.0000 ,  0.0000 ,  0.0000 ,
  0.0000 ,  0.0000 ,  0.0000 ,  0.0000 ,  0.0000 ,  0.0000 ,
  0.0000 ,  0.0000 ,  0.0000 ,  0.0000 ,  0.0000 ,  0.0000 ,
  0.0000 ,  0.0000 ,  0.0000 ,  0.0000 ,  0.0000 ,  0.0000 ,
  0.0000 ,  0.0000 ,  0.0000 ,  0.0000 ,  0.0000 ,  0.0000 ,
  0.0000 ,  0.0000 ,  0.0000 ,  0.0000 ,  0.0000 ,  0.0000 ,
  0.0000 ,  0.0000 ,  0.0000 ,  0.0000 ,  0.0000 ,  0.0000 ,
  0.0000 ,  0.0000 ,  0.0000 ,  0.0000 ,  0.0000 ,  0.0000 ,
  0.0000 ,  0.0000 ,  0.0000 ,  0.0000 ,  0.0000 ,  0.0000 ,
  0.0000 ,  0.0000 ,  0.0000 ,  0.0000 ,  0.0000 ,  0.0000 ,
  0.0000 ,  0.0000 ,  0.0000 ,  0.0000 ,  0.0000 ,  0.0000 ,
  0.0000 ,  0.0000 ,  0.0000 ,  0.0000 ,  0.0000 ,  0.0000 ,
  0.0000 ,  0.0000 ,  0.0000 ,  0.0000 ,  0.0000 ,  0.0000 ,
  0.0000 ,  0.0000 ,  0.0000 ,  0.0000 ,  0.0000 ,  0.0000 ,
  0.0000 ,  0.0000 ,  0.0000 ,  0.0000 ,  0.0000 ,  0.0000 ,
  0.0000 ,  0.0000 ,  0.0000 ,  0.0000 ,  0.0000 ,  0.0000 ,
  0.0000 ,  0.0000 ,  0.0000 ,  0.0000 ,  0.0000 ,  0.0000 ,
  0.0000 ,  0.0000 ,  0.0000 ,  0.0000 ,  0.0000 ,  0.0000 ,
  0.0000 ,  0.0000 ,  0.0000 ,  0.0000 ,  0.0000 ,  0.0000 ,
  0.0000 ,  0.0000 ,  0.0000 ,  0.0000 ,  0.0000 ,  0.0000 ,
  0.0000 ,  0.0000 ,  0.0000 ,  0.0000 ,  0.0000 ,  0.0000 ,
  0.0000 ,  0.0000 ,  0.0000 ,  0.0000 ,  0.0000 ,  0.0000 ,
  0.0000 ,  0.0000 ,  0.0000 ,  0.0000 ,  0.0000 ,  0.0000 ,
  0.0000 ,  0.0000 ,  0.0000 ,  0.0000 ,  0.0000 ,  0.0000 ,
  0.0000 ,  0.0000 ,  0.0000 ,  0.0000 ,  0.0000 ,  0.0000 ,
  0.0000 ,  0.0000 ,  0.0000 ,  0.0000 ,  0.0000 ,  0.0000 ,
  0.0000 ,  0.0000 ,  0.0000 ,  0.0000 ,  0.0000 ,  0.0000 ,
  0.0000 ,  0.0000 ,  0.0000 ,  0.0000 ,  0.0000 ,  0.0000 ,
  0.0000 ,  0.0000 ,  0.0000 ,  0.0000 ,  0.0000 ,  0.0000 ,
  0.0000 ,  0.0000 ,  0.0000 ,  0.0000 ,  0.0000 ,  0.0000 ,
  0.0000 ,  0.0000 ,  0.0000 ,  0.0000 ,  0.0000 ,  0.0000 ,
  0.0000 ,  0.0000 ,  0.0000 ,  0.0000 ,  0.0000 ,  0.0000 ,
  0.0000 ,  0.0000 ,  0.0000 ,  0.0000 ,  0.0000 ,  0.0000 ,
  0.0000 ,  0.0000 ,  0.0000 ,  0.0000 ,  0.0000 ,  0.0000 ,
  0.0000 ,  0.0000 ,  0.0000 ,  0.0000 ,  0.0000 ,  0.0000 ,
  0.0000 ,  0.0000 ,  0.0000 ,  0.0000 ,  0.0000 ,  0.0000 ,
  0.0000 ,  0.0000 ,  0.0000 ,  0.0000 ,  0.0000 ,  0.0000 ,
  0.0000 ,  0.0000 ,  0.0000 ,  0.0000 ,  0.0000 ,  0.0000 ,
  0.0000 ,  0.0000 ,  0.0000 ,  0.0000 ,  0.0000 ,  0.0000 ,
  0.0000 ,  0.0000 ,  0.0000 ,  0.0000 ,  0.0000 ,  0.0000 ,
  0.0000 ,  0.0000 ,  0.0000 ,  0.0000 ,  0.0000 ,  0.0000 ,
  0.0000 ,  0.0000 ,  0.0000 ,  0.0000 ,  0.0000 ,  0.0000 ,
  0.0000 ,  0.0000 ,  0.0000 ,  0.0000 ,  0.0000 ,  0.0000 ,
  0.0000 ,  0.0000 ,  0.0000 ,  0.0000 ,  0.0000 ,  0.0000 ,
  0.0000 ,  0.0000 ,  0.0000 ,  0.0000 ,  0.0000 ,  0.0000 ,
  0.0000 ,  0.0000 ,  0.0000 ,  0.0000 ,  0.0000 ,  0.0000 ,
  0.0000 ,  0.0000 ,  0.0000 ,  0.0000 ,  0.0000 ,  0.0000 ,
  0.0000 ,  0.0000 ,  0.0000 ,  0.0000 ,  0.0000 ,  0.0000 ,
  0.0000 ,  0.0000 ,  0.0000 ,  0.0000 ,  0.0000 ,  0.0000 ,
  0.0000 ,  0.0000 ,  0.0000 ,  0.0000 ,  0.0000 ,  0.0000 ,
  0.0000 ,  0.0000 ,  0.0000 ,  0.0000 ,  0.0000 ,  0.0000 ,
  0.0000 ,  0.0000 ,  0.0000 ,  0.0000 ,  0.0000 ,  0.0000 ,
  0.0000 ,  0.0000 ,  0.0000 ,  0.0000 ,  0.0000 ,  0.0000 ,
  0.0000 ,  0.0000 ,  0.0000 ,  0.0000 ,  0.0000 ,  0.0000 ,
  0.0000 ,  0.0000 ,  0.0000 ,  0.0000 ,  0.0000 ,  0.0000 ,
  0.0000 ,  0.0000 ,  0.0000 ,  0.0000 ,  0.0000 ,  0.0000 ,
  0.0000 ,  0.0000 ,  0.0000 ,  0.0000 ,  0.0000 ,  0.0000 ,
  0.0000 ,  0.0000 ,  0.0000 ,  0.0000 ,  0.0000 ,  0.0000 ,
  0.0000 ,  0.0000 ,  0.0000 ,  0.0000 ,  0.0000 ,  0.0000 ,
  0.0000 ,  0.0000 ,  0.0000 ,  0.0000 ,  0.0000 ,  0.0000 ,
  0.0000 ,  0.0000 ,  0.0000 ,  0.0000 ,  0.0000 ,  0.0000 ,
  0.0000 ,  0.0000 ,  0.0000 ,  0.0000 ,  0.0000 ,  0.0000 ,
  0.0000 ,  0.0000 ,  0.0000 ,  0.0000 ,  0.0000 ,  0.0000 ,
  0.0000 ,  0.0000 ,  0.0000 ,  0.0000 ,  0.0000 ,  0.0000 ,
  0.0000 ,  0.0000 ,  0.0000 ,  0.0000 ,  0.0000 ,  0.0000 ,
  0.0000 ,  0.0000 ,  0.0000 ,  0.0000 ,  0.0000 ,  0.0000 ,
  0.0000 ,  0.0000 ,  0.0000 ,  0.0000 ,  0.0000 ,  0.0000 ,
  0.0000 ,  0.0000 ,  0.0000 ,  0.0000 ,  0.0000 ,  0.0000 ,
  0.0000 ,  0.0000 ,  0.0000 ,  0.0000 ,  0.0000 ,  0.0000 ,
  0.0000 ,  0.0000 ,  0.0000 ,  0.0000 ,  0.0000 ,  0.0000 ,
  0.0000 ,  0.0000 ,  0.0000 ,  0.0000 ,  0.0000 ,  0.0000 ,
  0.0000 ,  0.0000 ,  0.0000 ,  0.0000 ,  0.0000 ,  0.0000 ,
  0.0000 ,  0.0000 ,  0.0000 ,  0.0000 ,  0.0000 ,  0.0000 ,
  0.0000 ,  0.0000 ,  0.0000 ,  0.0000 ,  0.0000 ,  0.0000 ,
  0.0000 ,  0.0000 ,  0.0000 ,  0.0000 ,  0.0000 ,  0.0000 ,
  0.0000 ,  0.0000 ,  0.0000 ,  0.0000 ,  0.0000 ,  0.0000 ,
  0.0000 ,  0.0000 ,  0.0000 ,  0.0000 ,  0.0000 ,  0.0000 ,
  0.0000 ,  0.0000 ,  0.0000 ,  0.0000 ,  0.0000 ,  0.0000 ,
  0.0000 ,  0.0000 ,  0.0000 ,  0.0000 ,  0.0000 ,  0.0000 ,
  0.0000 ,  0.0000 ,  0.0000 ,  0.0000 ,  0.0000 ,  0.0000 ,
  0.0000 ,  0.0000 ,  0.0000 ,  0.0000 ,  0.0000 ,  0.0000 ,
  0.0000 ,  0.0000 ,  0.0000 ,  0.0000 ,  0.0000 ,  0.0000 ,
  0.0000 ,  0.0000 ,  0.0000 ,  0.0000 ,  0.0000 ,  0.0000 ,
  0.0000 ,  0.0000 ,  0.0000 ,  0.0000 ,  0.0000 ,  0.0000 ,
  0.0000 ,  0.0000 ,  0.0000 ,  0.0000 ,  0.0000 ,  0.0000 ,
  0.0000 ,  0.0000 ,  0.0000 ,  0.0000 ,  0.0000 ,  0.0000 ,
  0.0000 ,  0.0000 ,  0.0000 ,  0.0000 ,  0.0000 ,  0.0000 ,
  0.0000 ,  0.0000 ,  0.0000 ,  0.0000 ,  0.0000 ,  0.0000 ,
  0.0000 ,  0.0000 ,  0.0000 ,  0.0000 ,  0.0000 ,  0.0000 ,
  0.0000 ,  0.0000 ,  0.0000 ,  0.0000 ,  0.0000 ,  0.0000 ,
  0.0000 ,  0.0000 ,  0.0000 ,  0.0000 ,  0.0000 ,  0.0000 ,
  0.0000 ,  0.0000 ,  0.0000 ,  0.0000 ,  0.0000 ,  0.0000 ,
  0.0000 ,  0.0000 ,  0.0000 ,  0.0000 ,  0.0000 ,  0.0000 ,
  0.0000 ,  0.0000 ,  0.0000 ,  0.0000 ,  0.0000 ,  0.0000 ,
  0.0000 ,  0.0000 ,  0.0000 ,  0.0000 ,  0.0000 ,  0.0000 ,
  0.0000 ,  0.0000 ,  0.0000 ,  0.0000 ,  0.0000 ,  0.0000 ,
  0.0000 ,  0.0000 ,  0.0000 ,  0.0000 ,  0.0000 ,  0.0000 ,
  0.0000 ,  0.0000 ,  0.0000 ,  0.0000 ,  0.0000 ,  0.0000 ,
  0.0000 ,  0.0000 ,  0.0000 ,  0.0000 ,  0.0000 ,  0.0000 ,
  0.0000 ,  0.0000 ,  0.0000 ,  0.0000 ,  0.0000 ,  0.0000 ,
  0.0000 ,  0.0000 ,  0.0000 ,  0.0000 ,  0.0000 ,  0.0000 ,
  0.0000 ,  0.0000 ,  0.0000 ,  0.0000 ,  0.0000 ,  0.0000 ,
  0.0000 ,  0.0000 ,  0.0000 ,  0.0000 ,  0.0000 ,  0.0000 ,
  0.0000 ,  0.0000 ,  0.0000 ,  0.0000 ,  0.0000 ,  0.0000 ,
  0.0000 ,  0.0000 ,  0.0000 ,  0.0000 ,  0.0000 ,  0.0000 ,
  0.0000 ,  0.0000 ,  0.0000 ,  0.0000 ,  0.0000 ,  0.0000 ,
  0.0000 ,  0.0000 ,  0.0000 ,  0.0000 ,  0.0000 ,  0.0000 ,
  0.0000 ,  0.0000 ,  0.0000 ,  0.0000 ,  0.0000 ,  0.0000 ,
  0.0000 ,  0.0000 ,  0.0000 ,  0.0000 ,  0.0000 ,  0.0000 ,
  0.0000 ,  0.0000 ,  0.0000 ,  0.0000 ,  0.0000 ,  0.0000 ,
  0.0000 ,  0.0000 ,  0.0000 ,  0.0000 ,  0.0000 ,  0.0000 ,
  0.0000 ,  0.0000 ,  0.0000 ,  0.0000 ,  0.0000 ,  0.0000 ,
  0.0000 ,  0.0000 ,  0.0000 ,  0.0000 ,  0.0000 ,  0.0000 ,
  0.0000 ,  0.0000 ,  0.0000 ,  0.0000 ,  0.0000 ,  0.0000 ,
  0.0000 ,  0.0000 ,  0.0000 ,  0.0000 ,  0.0000 ,  0.0000 ,
  0.0000 ,  0.0000 ,  0.0000 ,  0.0000 ,  0.0000 ,  0.0000 ,
  0.0000 ,  0.0000 ,  0.0000 ,  0.0000 ,  0.0000 ,  0.0000 ,
  0.0000 ,  0.0000 ,  0.0000 ,  0.0000 ,  0.0000 ,  0.0000 ,
  0.0000 ,  0.0000 ,  0.0000 ,  0.0000 ,  0.0000 ,  0.0000 ,
  0.0000 ,  0.0000 ,  0.0000 ,  0.0000 ,  0.0000 ,  0.0000 ,
  0.0000 ,  0.0000 ,  0.0000 ,  0.0000 ,  0.0000 ,  0.0000 ,
  0.0000 ,  0.0000 ,  0.0000 ,  0.0000 ,  0.0000 ,  0.0000 ,
  0.0000 ,  0.0000 ,  0.0000 ,  0.0000 ,  0.0000 ,  0.0000 ,
  0.0000 ,  0.0000 ,  0.0000 ,  0.0000 ,  0.0000 ,  0.0000 ,
  0.0000 ,  0.0000 ,  0.0000 ,  0.0000 ,  0.0000 ,  0.0000 ,
  0.0000 ,  0.0000 ,  0.0000 ,  0.0000 ,  0.0000 ,  0.0000 ,
  0.0000 ,  0.0000 ,  0.0000 ,  0.0000 ,  0.0000 ,  0.0000 ,
  0.0000 ,  0.0000 ,  0.0000 ,  0.0000 ,  0.0000 ,  0.0000 ,
  0.0000 ,  0.0000 ,  0.0000 ,  0.0000 ,  0.0000 ,  0.0000 ,
  0.0000 ,  0.0000 ,  0.0000 ,  0.0000 ,  0.0000 ,  0.0000 ,
  0.0000 ,  0.0000 ,  0.0000 ,  0.0000 ,  0.0000 ,  0.0000 ,
  0.0000 ,  0.0000 ,  0.0000 ,  0.0000 ,  0.0000 ,  0.0000 ,
  0.0000 ,  0.0000 ,  0.0000 ,  0.0000 ,  0.0000 ,  0.0000 ,
  0.0000 ,  0.0000 ,  0.0000 ,  0.0000 ,  0.0000 ,  0.0000 ,
  0.0000 ,  0.0000 ,  0.0000 ,  0.0000 ,  0.0000 ,  0.0000 ,
  0.0000 ,  0.0000 ,  0.0000 ,  0.0000 ,  0.0000 ,  0.0000 ,
  0.0000 ,  0.0000 ,  0.0000 ,  0.0000 ,  0.0000 ,  0.0000 ,
  0.0000 ,  0.0000 ,  0.0000 ,  0.0000 ,  0.0000 ,  0.0000 ,
  0.0000 ,  0.0000 ,  0.0000 ,  0.0000 ,  0.0000 ,  0.0000 ,
  0.0000 ,  0.0000 ,  0.0000 ,  0.0000 ,  0.0000 ,  0.0000 ,
  0.0000 ,  0.0000 ,  0.0000 ,  0.0000 ,  0.0000 ,  0.0000 ,
  0.0000 ,  0.0000 ,  0.0000 ,  0.0000 ,  0.0000 ,  0.0000 ,
  0.0000 ,  0.0000 ,  0.0000 ,  0.0000 ,  0.0000 ,  0.0000 ,
  0.0000 ,  0.0000 ,  0.0000 ,  0.0000 ,  0.0000 ,  0.0000 ,
  0.0000 ,  0.0000 ,  0.0000 ,  0.0000 ,  0.0000 ,  0.0000 ,
  0.0000 ,  0.0000 ,  0.0000 ,  0.0000 ,  0.0000 ,  0.0000 ,
  0.0000 ,  0.0000 ,  0.0000 ,  0.0000 ,  0.0000 ,  0.0000 ,
  0.0000 ,  0.0000 ,  0.0000 ,  0.0000 ,  0.0000 ,  0.0000 ,
  0.0000 ,  0.0000 ,  0.0000 ,  0.0000 ,  0.0000 ,  0.0000 ,
  0.0000 ,  0.0000 ,  0.0000 ,  0.0000 ,  0.0000 ,  0.0000 ,
  0.0000 ,  0.0000 ,  0.0000 ,  0.0000 ,  0.0000 ,  0.0000 ,
  0.0000 ,  0.0000 ,  0.0000 ,  0.0000 ,  0.0000 ,  0.0000 ,
  0.0000 ,  0.0000 ,  0.0000 ,  0.0000 ,  0.0000 ,  0.0000 ,
  0.0000 ,  0.0000 ,  0.0000 ,  0.0000 ,  0.0000 ,  0.0000 ,
  0.0000 ,  0.0000 ,  0.0000 ,  0.0000 ,  0.0000 ,  0.0000 ,
  0.0000 ,  0.0000 ,  0.0000 ,  0.0000 ,  0.0000 ,  0.0000 ,
  0.0000 ,  0.0000 ,  0.0000 ,  0.0000 ,  0.0000 ,  0.0000 ,
  0.0000 ,  0.0000 ,  0.0000 ,  0.0000 ,  0.0000 ,  0.0000 ,
  0.0000 ,  0.0000 ,  0.0000 ,  0.0000 ,  0.0000 ,  0.0000 ,
  0.0000 ,  0.0000 ,  0.0000 ,  0.0000 ,  0.0000 ,  0.0000 ,
  0.0000 ,  0.0000 ,  0.0000 ,  0.0000 ,  0.0000 ,  0.0000 ,
  0.0000 ,  0.0000 ,  0.0000 ,  0.0000 ,  0.0000 ,  0.0000 ,
  0.0000 ,  0.0000 ,  0.0000 ,  0.0000 ,  0.0000 ,  0.0000 ,
  0.0000 ,  0.0000 ,  0.0000 ,  0.0000 ,  0.0000 ,  0.0000 ,
  0.0000 ,  0.0000 ,  0.0000 ,  0.0000 ,  0.0000 ,  0.0000 ,
  0.0000 ,  0.0000 ,  0.0000 ,  0.0000 ,  0.0000 ,  0.0000 ,
  0.0000 ,  0.0000 ,  0.0000 ,  0.0000 ,  0.0000 ,  0.0000 ,
  0.0000 ,  0.0000 ,  0.0000 ,  0.0000 ,  0.0000 ,  0.0000 ,
  0.0000 ,  0.0000 ,  0.0000 ,  0.0000 ,  0.0000 ,  0.0000 ,
  0.0000 ,  0.0000 ,  0.0000 ,  0.0000 ,  0.0000 ,  0.0000 ,
  0.0000 ,  0.0000 ,  0.0000 ,  0.0000 ,  0.0000 ,  0.0000 ,
  0.0000 ,  0.0000 ,  0.0000 ,  0.0000 ,  0.0000 ,  0.0000 ,
  0.0000 ,  0.0000 ,  0.0000 ,  0.0000 ,  0.0000 ,  0.0000 ,
  0.0000 ,  0.0000 ,  0.0000 ,  0.0000 ,  0.0000 ,  0.0000 ,
  0.0000 ,  0.0000 ,  0.0000 ,  0.0000 ,  0.0000 ,  0.0000 ,
  0.0000 ,  0.0000 ,  0.0000 ,  0.0000 ,  0.0000 ,  0.0000 ,
  0.0000 ,  0.0000 ,  0.0000 ,  0.0000 ,  0.0000 ,  0.0000 ,
  0.0000 ,  0.0000 ,  0.0000 ,  0.0000 ,  0.0000 ,  0.0000 ,
  0.0000 ,  0.0000 ,  0.0000 ,  0.0000 ,  0.0000 ,  0.0000 ,
  0.0000 ,  0.0000 ,  0.0000 ,  0.0000 ,  0.0000 ,  0.0000 ,
  0.0000 ,  0.0000 ,  0.0000 ,  0.0000 ,  0.0000 ,  0.0000 ,
  0.0000 ,  0.0000 ,  0.0000 ,  0.0000 ,  0.0000 ,  0.0000 ,
  0.0000 ,  0.0000 ,  0.0000 ,  0.0000 ,  0.0000 ,  0.0000 ,
  0.0000 ,  0.0000 ,  0.0000 ,  0.0000 ,  0.0000 ,  0.0000 ,
  0.0000 ,  0.0000 ,  0.0000 ,  0.0000 ,  0.0000 ,  0.0000 ,
  0.0000 ,  0.0000 ,  0.0000 ,  0.0000 ,  0.0000 ,  0.0000 ,
  0.0000 ,  0.0000 ,  0.0000 ,  0.0000 ,  0.0000 ,  0.0000 ,
  0.0000 ,  0.0000 ,  0.0000 ,  0.0000 ,  0.0000 ,  0.0000 ,
  0.0000 ,  0.0000 ,  0.0000 ,  0.0000 ,  0.0000 ,  0.0000 ,
  0.0000 ,  0.0000 ,  0.0000 ,  0.0000 ,  0.0000 ,  0.0000 ,
  0.0000 ,  0.0000 ,  0.0000 ,  0.0000 ,  0.0000 ,  0.0000 ,
  0.0000 ,  0.0000 ,  0.0000 ,  0.0000 ,  0.0000 ,  0.0000 ,
  0.0000 ,  0.0000 ,  0.0000 ,  0.0000 ,  0.0000 ,  0.0000 ,
  0.0000 ,  0.0000 ,  0.0000 ,  0.0000 ,  0.0000 ,  0.0000 ,
  0.0000 ,  0.0000 ,  0.0000 ,  0.0000 ,  0.0000 ,  0.0000 ,
  0.0000 ,  0.0000 ,  0.0000 ,  0.0000 ,  0.0000 ,  0.0000 ,
  0.0000 ,  0.0000 ,  0.0000 ,  0.0000 ,  0.0000 ,  0.0000 ,
  0.0000 ,  0.0000 ,  0.0000 ,  0.0000 ,  0.0000 ,  0.0000 ,
  0.0000 ,  0.0000 ,  0.0000 ,  0.0000 ,  0.0000 ,  0.0000 ,
  0.0000 ,  0.0000 ,  0.0000 ,  0.0000 ,  0.0000 ,  0.0000 ,
  0.0000 ,  0.0000 ,  0.0000 ,  0.0000 ,  0.0000 ,  0.0000 ,
  0.0000 ,  0.0000 ,  0.0000 ,  0.0000 ,  0.0000 ,  0.0000 ,
  0.0000 ,  0.0000 ,  0.0000 ,  0.0000 ,  0.0000 ,  0.0000 ,
  0.0000 ,  0.0000 ,  0.0000 ,  0.0000 ,  0.0000 ,  0.0000 ,
  0.0000 ,  0.0000 ,  0.0000 ,  0.0000 ,  0.0000 ,  0.0000 ,
  0.0000 ,  0.0000 ,  0.0000 ,  0.0000 ,  0.0000 ,  0.0000 ,
  0.0000 ,  0.0000 ,  0.0000 ,  0.0000 ,  0.0000 ,  0.0000 ,
  0.0000 ,  0.0000 ,  0.0000 ,  0.0000 ,  0.0000 ,  0.0000 ,
  0.0000 ,  0.0000 ,  0.0000 ,  0.0000 ,  0.0000 ,  0.0000 ,
  0.0000 ,  0.0000 ,  0.0000 ,  0.0000 ,  0.0000 ,  0.0000 ,
  0.0000 ,  0.0000 ,  0.0000 ,  0.0000 ,  0.0000 ,  0.0000 ,
  0.0000 ,  0.0000 ,  0.0000 ,  0.0000 ,  0.0000 ,  0.0000 ,
  0.0000 ,  0.0000 ,  0.0000 ,  0.0000 ,  0.0000 ,  0.0000 ,
  0.0000 ,  0.0000 ,  0.0000 ,  0.0000 ,  0.0000 ,  0.0000 ,
  0.0000 ,  0.0000 ,  0.0000 ,  0.0000 ,  0.0000 ,  0.0000 ,
  0.0000 ,  0.0000 ,  0.0000 ,  0.0000 ,  0.0000 ,  0.0000 ,
  0.0000 ,  0.0000 ,  0.0000 ,  0.0000 ,  0.0000 ,  0.0000 ,
  0.0000 ,  0.0000 ,  0.0000 ,  0.0000 ,  0.0000 ,  0.0000 ,
  0.0000 ,  0.0000 ,  0.0000 ,  0.0000 ,  0.0000 ,  0.0000 ,
  0.0000 ,  0.0000 ,  0.0000 ,  0.0000 ,  0.0000 ,  0.0000 ,
  0.0000 ,  0.0000 ,  0.0000 ,  0.0000 ,  0.0000 ,  0.0000 ,
  0.0000 ,  0.0000 ,  0.0000 ,  0.0000 ,  0.0000 ,  0.0000 ,
  0.0000 ,  0.0000 ,  0.0000 ,  0.0000 ,  0.0000 ,  0.0000 ,
  0.0000 ,  0.0000 ,  0.0000 ,  0.0000 ,  0.0000 ,  0.0000 ,
  0.0000 ,  0.0000 ,  0.0000 ,  0.0000 ,  0.0000 ,  0.0000 ,
  0.0000 ,  0.0000 ,  0.0000 ,  0.0000 ,  0.0000 ,  0.0000 ,
  0.0000 ,  0.0000 ,  0.0000 ,  0.0000 ,  0.0000 ,  0.0000 ,
  0.0000 ,  0.0000 ,  0.0000 ,  0.0000 ,  0.0000 ,  0.0000 ,
  0.0000 ,  0.0000 ,  0.0000 ,  0.0000 ,  0.0000 ,  0.0000 ,
  0.0000 ,  0.0000 ,  0.0000 ,  0.0000 ,  0.0000 ,  0.0000 ,
  0.0000 ,  0.0000 ,  0.0000 ,  0.0000 ,  0.0000 ,  0.0000 ,
  0.0000 ,  0.0000 ,  0.0000 ,  0.0000 ,  0.0000 ,  0.0000 ,
  0.0000 ,  0.0000 ,  0.0000 ,  0.0000 ,  0.0000 ,  0.0000 ,
  0.0000 ,  0.0000 ,  0.0000 ,  0.0000 ,  0.0000 ,  0.0000 ,
  0.0000 ,  0.0000 ,  0.0000 ,  0.0000 ,  0.0000 ,  0.0000 ,
  0.0000 ,  0.0000 ,  0.0000 ,  0.0000 ,  0.0000 ,  0.0000 ,
  0.0000 ,  0.0000 ,  0.0000 ,  0.0000 ,  0.0000 ,  0.0000 ,
  0.0000 ,  0.0000 ,  0.0000 ,  0.0000 ,  0.0000 ,  0.0000 ,
  0.0000 ,  0.0000 ,  0.0000 ,  0.0000 ,  0.0000 ,  0.0000 ,
  0.0000 ,  0.0000 ,  0.0000 ,  0.0000 ,  0.0000 ,  0.0000 ,
  0.0000 ,  0.0000 ,  0.0000 ,  0.0000 ,  0.0000 ,  0.0000 ,
  0.0000 ,  0.0000 ,  0.0000 ,  0.0000 ,  0.0000 ,  0.0000 ,
  0.0000 ,  0.0000 ,  0.0000 ,  0.0000 ,  0.0000 ,  0.0000 ,
  0.0000 ,  0.0000 ,  0.0000 ,  0.0000 ,  0.0000 ,  0.0000 ,
  0.0000 ,  0.0000 ,  0.0000 ,  0.0000 ,  0.0000 ,  0.0000 ,
  0.0000 ,  0.0000 ,  0.0000 ,  0.0000 ,  0.0000 ,  0.0000 ,
  0.0000 ,  0.0000 ,  0.0000 ,  0.0000 ,  0.0000 ,  0.0000 ,
  0.0000 ,  0.0000 ,  0.0000 ,  0.0000 ,  0.0000 ,  0.0000 ,
  0.0000 ,  0.0000 ,  0.0000 ,  0.0000 ,  0.0000 ,  0.0000 ,
  0.0000 ,  0.0000 ,  0.0000 ,  0.0000 ,  0.0000 ,  0.0000 ,
  0.0000 ,  0.0000 ,  0.0000 ,  0.0000 ,  0.0000 ,  0.0000 ,
  0.0000 ,  0.0000 ,  0.0000 ,  0.0000 ,  0.0000 ,  0.0000 ,
  0.0000 ,  0.0000 ,  0.0000 ,  0.0000 ,  0.0000 ,  0.0000 ,
  0.0000 ,  0.0000 ,  0.0000 ,  0.0000 ,  0.0000 ,  0.0000 ,
  0.0000 ,  0.0000 ,  0.0000 ,  0.0000 ,  0.0000 ,  0.0000 ,
  0.0000 ,  0.0000 ,  0.0000 ,  0.0000 ,  0.0000 ,  0.0000 ,
  0.0000 ,  0.0000 ,  0.0000 ,  0.0000 ,  0.0000 ,  0.0000 ,
  0.0000 ,  0.0000 ,  0.0000 ,  0.0000 ,  0.0000 ,  0.0000 ,
  0.0000 ,  0.0000 ,  0.0000 ,  0.0000 ,  0.0000 ,  0.0000 ,
  0.0000 ,  0.0000 ,  0.0000 ,  0.0000 ,  0.0000 ,  0.0000 ,
  0.0000 ,  0.0000 ,  0.0000 ,  0.0000 ,  0.0000 ,  0.0000 ,
  0.0000 ,  0.0000 ,  0.0000 ,  0.0000 ,  0.0000 ,  0.0000 ,
  0.0000 ,  0.0000 ,  0.0000 ,  0.0000 ,  0.0000 ,  0.0000 ,
  0.0000 ,  0.0000 ,  0.0000 ,  0.0000 ,  0.0000 ,  0.0000 ,
  0.0000 ,  0.0000 ,  0.0000 ,  0.0000 ,  0.0000 ,  0.0000 ,
  0.0000 ,  0.0000 ,  0.0000 ,  0.0000 ,  0.0000 ,  0.0000 ,
  0.0000 ,  0.0000 ,  0.0000 ,  0.0000 ,  0.0000 ,  0.0000 ,
  0.0000 ,  0.0000 ,  0.0000 ,  0.0000 ,  0.0000 ,  0.0000 ,
  0.0000 ,  0.0000 ,  0.0000 ,  0.0000 ,  0.0000 ,  0.0000 ,
  0.0000 ,  0.0000 ,  0.0000 ,  0.0000 ,  0.0000 ,  0.0000 ,
  0.0000 ,  0.0000 ,  0.0000 ,  0.0000 ,  0.0000 ,  0.0000 ,
  0.0000 ,  0.0000 ,  0.0000 ,  0.0000 ,  0.0000 ,  0.0000 ,
  0.0000 ,  0.0000 ,  0.0000 ,  0.0000 ,  0.0000 ,  0.0000 ,
  0.0000 ,  0.0000 ,  0.0000 ,  0.0000 ,  0.0000 ,  0.0000 ,
  0.0000 ,  0.0000 ,  0.0000 ,  0.0000 ,  0.0000 ,  0.0000 ,
  0.0000 ,  0.0000 ,  0.0000 ,  0.0000 ,  0.0000 ,  0.0000 ,
  0.0000 ,  0.0000 ,  0.0000 ,  0.0000 ,  0.0000 ,  0.0000 ,
  0.0000 ,  0.0000 ,  0.0000 ,  0.0000 ,  0.0000 ,  0.0000 ,
  0.0000 ,  0.0000 ,  0.0000 ,  0.0000 ,  0.0000 ,  0.0000 ,
  0.0000 ,  0.0000 ,  0.0000 ,  0.0000 ,  0.0000 ,  0.0000 ,
  0.0000 ,  0.0000 ,  0.0000 ,  0.0000 ,  0.0000 ,  0.0000 ,
  0.0000 ,  0.0000 ,  0.0000 ,  0.0000 ,  0.0000 ,  0.0000 ,
  0.0000 ,  0.0000 ,  0.0000 ,  0.0000 ,  0.0000 ,  0.0000 ,
  0.0000 ,  0.0000 ,  0.0000 ,  0.0000 ,  0.0000 ,  0.0000 ,
  0.0000 ,  0.0000 ,  0.0000 ,  0.0000 ,  0.0000 ,  0.0000 ,
  0.0000 ,  0.0000 ,  0.0000 ,  0.0000 ,  0.0000 ,  0.0000 ,
  0.0000 ,  0.0000 ,  0.0000 ,  0.0000 ,  0.0000 ,  0.0000 ,
  0.0000 ,  0.0000 ,  0.0000 ,  0.0000 ,  0.0000 ,  0.0000 ,
  0.0000 ,  0.0000 ,  0.0000 ,  0.0000 ,  0.0000 ,  0.0000 ,
  0.0000 ,  0.0000 ,  0.0000 ,  0.0000 ,  0.0000 ,  0.0000 ,
  0.0000 ,  0.0000 ,  0.0000 ,  0.0000 ,  0.0000 ,  0.0000 ,
  0.0000 ,  0.0000 ,  0.0000 ,  0.0000 ,  0.0000 ,  0.0000 ,
  0.0000 ,  0.0000 ,  0.0000 ,  0.0000 ,  0.0000 ,  0.0000 ,
  0.0000 ,  0.0000 ,  0.0000 ,  0.0000 ,  0.0000 ,  0.0000 ,
  0.0000 ,  0.0000 ,  0.0000 ,  0.0000 ,  0.0000 ,  0.0000 ,
  0.0000 ,  0.0000 ,  0.0000 ,  0.0000 ,  0.0000 ,  0.0000 ,
  0.0000 ,  0.0000 ,  0.0000 ,  0.0000 ,  0.0000 ,  0.0000 ,
  0.0000 ,  0.0000 ,  0.0000 ,  0.0000 ,  0.0000 ,  0.0000 ,
  0.0000 ,  0.0000 ,  0.0000 ,  0.0000 ,  0.0000 ,  0.0000 ,
  0.0000 ,  0.0000 ,  0.0000 ,  0.0000 ,  0.0000 ,  0.0000 ,
  0.0000 ,  0.0000 ,  0.0000 ,  0.0000 ,  0.0000 ,  0.0000 ,
  0.0000 ,  0.0000 ,  0.0000 ,  0.0000 ,  0.0000 ,  0.0000 ,
  0.0000 ,  0.0000 ,  0.0000 ,  0.0000 ,  0.0000 ,  0.0000 ,
  0.0000 ,  0.0000 ,  0.0000 ,  0.0000 ,  0.0000 ,  0.0000 ,
  0.0000 ,  0.0000 ,  0.0000 ,  0.0000 ,  0.0000 ,  0.0000 ,
  0.0000 ,  0.0000 ,  0.0000 ,  0.0000 ,  0.0000 ,  0.0000 ,
  0.0000 ,  0.0000 ,  0.0000 ,  0.0000 ,  0.0000 ,  0.0000 ,
  0.0000 ,  0.0000 ,  0.0000 ,  0.0000 ,  0.0000 ,  0.0000 ,
  0.0000 ,  0.0000 ,  0.0000 ,  0.0000 ,  0.0000 ,  0.0000 ,
  0.0000 ,  0.0000 ,  0.0000 ,  0.0000 ,  0.0000 ,  0.0000 ,
  0.0000 ,  0.0000 ,  0.0000 ,  0.0000 ,  0.0000 ,  0.0000 ,
  0.0000 ,  0.0000 ,  0.0000 ,  0.0000 ,  0.0000 ,  0.0000 ,
  0.0000 ,  0.0000 ,  0.0000 ,  0.0000 ,  0.0000 ,  0.0000 ,
  0.0000 ,  0.0000 ,  0.0000 ,  0.0000 ,  0.0000 ,  0.0000 ,
  0.0000 ,  0.0000 ,  0.0000 ,  0.0000 ,  0.0000 ,  0.0000 ,
  0.0000 ,  0.0000 ,  0.0000 ,  0.0000 ,  0.0000 ,  0.0000 ,
  0.0000 ,  0.0000 ,  0.0000 ,  0.0000 ,  0.0000 ,  0.0000 ,
  0.0000 ,  0.0000 ,  0.0000 ,  0.0000 ,  0.0000 ,  0.0000 ,
  0.0000 ,  0.0000 ,  0.0000 ,  0.0000 ,  0.0000 ,  0.0000 ,
  0.0000 ,  0.0000 ,  0.0000 ,  0.0000 ,  0.0000 ,  0.0000 ,
  0.0000 ,  0.0000 ,  0.0000 ,  0.0000 ,  0.0000 ,  0.0000 ,
  0.0000 ,  0.0000 ,  0.0000 ,  0.0000 ,  0.0000 ,  0.0000 ,
  0.0000 ,  0.0000 ,  0.0000 ,  0.0000 ,  0.0000 ,  0.0000 ,
  0.0000 ,  0.0000 ,  0.0000 ,  0.0000 ,  0.0000 ,  0.0000 ,
  0.0000 ,  0.0000 ,  0.0000 ,  0.0000 ,  0.0000 ,  0.0000 ,
  0.0000 ,  0.0000 ,  0.0000 ,  0.0000 ,  0.0000 ,  0.0000 ,
  0.0000 ,  0.0000 ,  0.0000 ,  0.0000 ,  0.0000 ,  0.0000 ,
  0.0000 ,  0.0000 ,  0.0000 ,  0.0000 ,  0.0000 ,  0.0000 ,
  0.0000 ,  0.0000 ,  0.0000 ,  0.0000 ,  0.0000 ,  0.0000 ,
  0.0000 ,  0.0000 ,  0.0000 ,  0.0000 ,  0.0000 ,  0.0000 ,
  0.0000 ,  0.0000 ,  0.0000 ,  0.0000 ,  0.0000 ,  0.0000 ,
  0.0000 ,  0.0000 ,  0.0000 ,  0.0000 ,  0.0000 ,  0.0000 ,
  0.0000 ,  0.0000 ,  0.0000 ,  0.0000 ,  0.0000 ,  0.0000 ,
  0.0000 ,  0.0000 ,  0.0000 ,  0.0000 ,  0.0000 ,  0.0000 ,
  0.0000 ,  0.0000 ,  0.0000 ,  0.0000 ,  0.0000 ,  0.0000 ,
  0.0000 ,  0.0000 ,  0.0000 ,  0.0000 ,  0.0000 ,  0.0000 ,
  0.0000 ,  0.0000 ,  0.0000 ,  0.0000 ,  0.0000 ,  0.0000 ,
  0.0000 ,  0.0000 ,  0.0000 ,  0.0000 ,  0.0000 ,  0.0000 ,
  0.0000 ,  0.0000 ,  0.0000 ,  0.0000 ,  0.0000 ,  0.0000 ,
  0.0000 ,  0.0000 ,  0.0000 ,  0.0000 ,  0.0000 ,  0.0000 ,
  0.0000 ,  0.0000 ,  0.0000 ,  0.0000 ,  0.0000 ,  0.0000 ,
  0.0000 ,  0.0000 ,  0.0000 ,  0.0000 ,  0.0000 ,  0.0000 ,
  0.0000 ,  0.0000 ,  0.0000 ,  0.0000 ,  0.0000 ,  0.0000 ,
  0.0000 ,  0.0000 ,  0.0000 ,  0.0000 ,  0.0000 ,  0.0000 ,
  0.0000 ,  0.0000 ,  0.0000 ,  0.0000 ,  0.0000 ,  0.0000 ,
  0.0000 ,  0.0000 ,  0.0000 ,  0.0000 ,  0.0000 ,  0.0000 ,
  0.0000 ,  0.0000 ,  0.0000 ,  0.0000 ,  0.0000 ,  0.0000 ,
  0.0000 ,  0.0000 ,  0.0000 ,  0.0000 ,  0.0000 ,  0.0000 ,
  0.0000 ,  0.0000 ,  0.0000 ,  0.0000 ,  0.0000 ,  0.0000 ,
  0.0000 ,  0.0000 ,  0.0000 ,  0.0000 ,  0.0000 ,  0.0000 ,
  0.0000 ,  0.0000 ,  0.0000 ,  0.0000 ,  0.0000 ,  0.0000 ,
  0.0000 ,  0.0000 ,  0.0000 ,  0.0000 ,  0.0000 ,  0.0000 ,
  0.0000 ,  0.0000 ,  0.0000 ,  0.0000 ,  0.0000 ,  0.0000 ,
  0.0000 ,  0.0000 ,  0.0000 ,  0.0000 ,  0.0000 ,  0.0000 ,
  0.0000 ,  0.0000 ,  0.0000 ,  0.0000 ,  0.0000 ,  0.0000 ,
  0.0000 ,  0.0000 ,  0.0000 ,  0.0000 ,  0.0000 ,  0.0000 ,
  0.0000 ,  0.0000 ,  0.0000 ,  0.0000 ,  0.0000 ,  0.0000 ,
  0.0000 ,  0.0000 ,  0.0000 ,  0.0000 ,  0.0000 ,  0.0000 ,
  0.0000 ,  0.0000 ,  0.0000 ,  0.0000 ,  0.0000 ,  0.0000 ,
  0.0000 ,  0.0000 ,  0.0000 ,  0.0000 ,  0.0000 ,  0.0000 ,
  0.0000 ,  0.0000 ,  0.0000 ,  0.0000 ,  0.0000 ,  0.0000 ,
  0.0000 ,  0.0000 ,  0.0000 ,  0.0000 ,  0.0000 ,  0.0000 ,
  0.0000 ,  0.0000 ,  0.0000 ,  0.0000 ,  0.0000 ,  0.0000 ,
  0.0000 ,  0.0000 ,  0.0000 ,  0.0000 ,  0.0000 ,  0.0000 ,
  0.0000 ,  0.0000 ,  0.0000 ,  0.0000 ,  0.0000 ,  0.0000 ,
  0.0000 ,  0.0000 ,  0.0000 ,  0.0000 ,  0.0000 ,  0.0000 ,
  0.0000 ,  0.0000 ,  0.0000 ,  0.0000 ,  0.0000 ,  0.0000 ,
  0.0000 ,  0.0000 ,  0.0000 ,  0.0000 ,  0.0000 ,  0.0000 ,
  0.0000 ,  0.0000 ,  0.0000 ,  0.0000 ,  0.0000 ,  0.0000 ,
  0.0000 ,  0.0000 ,  0.0000 ,  0.0000 ,  0.0000 ,  0.0000 ,
  0.0000 ,  0.0000 ,  0.0000 ,  0.0000 ,  0.0000 ,  0.0000 ,
  0.0000 ,  0.0000 ,  0.0000 ,  0.0000 ,  0.0000 ,  0.0000 ,
  0.0000 ,  0.0000 ,  0.0000 ,  0.0000 ,  0.0000 ,  0.0000 ,
  0.0000 ,  0.0000 ,  0.0000 ,  0.0000 ,  0.0000 ,  0.0000 ,
  0.0000 ,  0.0000 ,  0.0000 ,  0.0000 ,  0.0000 ,  0.0000 ,
  0.0000 ,  0.0000 ,  0.0000 ,  0.0000 ,  0.0000 ,  0.0000 ,
  0.0000 ,  0.0000 ,  0.0000 ,  0.0000 ,  0.0000 ,  0.0000 ,
  0.0000 ,  0.0000 ,  0.0000 ,  0.0000 ,  0.0000 ,  0.0000 ,
  0.0000 ,  0.0000 ,  0.0000 ,  0.0000 ,  0.0000 ,  0.0000 ,
  0.0000 ,  0.0000 ,  0.0000 ,  0.0000 ,  0.0000 ,  0.0000 ,
  0.0000 ,  0.0000 ,  0.0000 ,  0.0000 ,  0.0000 ,  0.0000 ,
  0.0000 ,  0.0000 ,  0.0000 ,  0.0000 ,  0.0000 ,  0.0000 ,
  0.0000 ,  0.0000 ,  0.0000 ,  0.0000 ,  0.0000 ,  0.0000 ,
  0.0000 ,  0.0000 ,  0.0000 ,  0.0000 ,  0.0000 ,  0.0000 ,
  0.0000 ,  0.0000 ,  0.0000 ,  0.0000 ,  0.0000 ,  0.0000 ,
  0.0000 ,  0.0000 ,  0.0000 ,  0.0000 ,  0.0000 ,  0.0000 ,
  0.0000 ,  0.0000 ,  0.0000 ,  0.0000 ,  0.0000 ,  0.0000 ,
  0.0000 ,  0.0000 ,  0.0000 ,  0.0000 ,  0.0000 ,  0.0000 ,
  0.0000 ,  0.0000 ,  0.0000 ,  0.0000 ,  0.0000 ,  0.0000 ,
  0.0000 ,  0.0000 ,  0.0000 ,  0.0000 ,  0.0000 ,  0.0000 ,
  0.0000 ,  0.0000 ,  0.0000 ,  0.0000 ,  0.0000 ,  0.0000 ,
  0.0000 ,  0.0000 ,  0.0000 ,  0.0000 ,  0.0000 ,  0.0000 ,
  0.0000 ,  0.0000 ,  0.0000 ,  0.0000 ,  0.0000 ,  0.0000 ,
  0.0000 ,  0.0000 ,  0.0000 ,  0.0000 ,  0.0000 ,  0.0000 ,
  0.0000 ,  0.0000 ,  0.0000 ,  0.0000 ,  0.0000 ,  0.0000 ,
  0.0000 ,  0.0000 ,  0.0000 ,  0.0000 ,  0.0000 ,  0.0000 ,
  0.0000 ,  0.0000 ,  0.0000 ,  0.0000 ,  0.0000 ,  0.0000 ,
  0.0000 ,  0.0000 ,  0.0000 ,  0.0000 ,  0.0000 ,  0.0000 ,
  0.0000 ,  0.0000 ,  0.0000 ,  0.0000 ,  0.0000 ,  0.0000 ,
  0.0000 ,  0.0000 ,  0.0000 ,  0.0000 ,  0.0000 ,  0.0000 ,
  0.0000 ,  0.0000 ,  0.0000 ,  0.0000 ,  0.0000 ,  0.0000 ,
  0.0000 ,  0.0000 ,  0.0000 ,  0.0000 ,  0.0000 ,  0.0000 ,
  0.0000 ,  0.0000 ,  0.0000 ,  0.0000 ,  0.0000 ,  0.0000 ,
  0.0000 ,  0.0000 ,  0.0000 ,  0.0000 ,  0.0000 ,  0.0000 ,
  0.0000 ,  0.0000 ,  0.0000 ,  0.0000 ,  0.0000 ,  0.0000 ,
  0.0000 ,  0.0000 ,  0.0000 ,  0.0000 ,  0.0000 ,  0.0000 ,
  0.0000 ,  0.0000 ,  0.0000 ,  0.0000 ,  0.0000 ,  0.0000 ,
  0.0000 ,  0.0000 ,  0.0000 ,  0.0000 ,  0.0000 ,  0.0000 ,
  0.0000 ,  0.0000 ,  0.0000 ,  0.0000 ,  0.0000 ,  0.0000 ,
  0.0000 ,  0.0000 ,  0.0000 ,  0.0000 ,  0.0000 ,  0.0000 ,
  0.0000 ,  0.0000 ,  0.0000 ,  0.0000 ,  0.0000 ,  0.0000 ,
  0.0000 ,  0.0000 ,  0.0000 ,  0.0000 ,  0.0000 ,  0.0000 ,
  0.0000 ,  0.0000 ,  0.0000 ,  0.0000 ,  0.0000 ,  0.0000 ,
  0.0000 ,  0.0000 ,  0.0000 ,  0.0000 ,  0.0000 ,  0.0000 ,
  0.0000 ,  0.0000 ,  0.0000 ,  0.0000 ,  0.0000 ,  0.0000 ,
  0.0000 ,  0.0000 ,  0.0000 ,  0.0000 ,  0.0000 ,  0.0000 ,
  0.0000 ,  0.0000 ,  0.0000 ,  0.0000 ,  0.0000 ,  0.0000 ,
  0.0000 ,  0.0000 ,  0.0000 ,  0.0000 ,  0.0000 ,  0.0000 ,
  0.0000 ,  0.0000 ,  0.0000 ,  0.0000 ,  0.0000 ,  0.0000 ,
  0.0000 ,  0.0000 ,  0.0000 ,  0.0000 ,  0.0000 ,  0.0000 ,
  0.0000 ,  0.0000 ,  0.0000 ,  0.0000 ,  0.0000 ,  0.0000 ,
  0.0000 ,  0.0000 ,  0.0000 ,  0.0000 ,  0.0000 ,  0.0000 ,
  0.0000 ,  0.0000 ,  0.0000 ,  0.0000 ,  0.0000 ,  0.0000 ,
  0.0000 ,  0.0000 ,  0.0000 ,  0.0000 ,  0.0000 ,  0.0000 ,
  0.0000 ,  0.0000 ,  0.0000 ,  0.0000 ,  0.0000 ,  0.0000 ,
  0.0000 ,  0.0000 ,  0.0000 ,  0.0000 ,  0.0000 ,  0.0000 ,
  0.0000 ,  0.0000 ,  0.0000 ,  0.0000 ,  0.0000 ,  0.0000 ,
  0.0000 ,  0.0000 ,  0.0000 ,  0.0000 ,  0.0000 ,  0.0000 ,
  0.0000 ,  0.0000 ,  0.0000 ,  0.0000 ,  0.0000 ,  0.0000 ,
  0.0000 ,  0.0000 ,  0.0000 ,  0.0000 ,  0.0000 ,  0.0000 ,
  0.0000 ,  0.0000 ,  0.0000 ,  0.0000 ,  0.0000 ,  0.0000 ,
  0.0000 ,  0.0000 ,  0.0000 ,  0.0000 ,  0.0000 ,  0.0000 ,
  0.0000 ,  0.0000 ,  0.0000 ,  0.0000 ,  0.0000 ,  0.0000 ,
  0.0000 ,  0.0000 ,  0.0000 ,  0.0000 ,  0.0000 ,  0.0000 ,
  0.0000 ,  0.0000 ,  0.0000 ,  0.0000 ,  0.0000 ,  0.0000 ,
  0.0000 ,  0.0000 ,  0.0000 ,  0.0000 ,  0.0000 ,  0.0000 ,
  0.0000 ,  0.0000 ,  0.0000 ,  0.0000 ,  0.0000 ,  0.0000 ,
  0.0000 ,  0.0000 ,  0.0000 ,  0.0000 ,  0.0000 ,  0.0000 ,
  0.0000 ,  0.0000 ,  0.0000 ,  0.0000 ,  0.0000 ,  0.0000 ,
  0.0000 ,  0.0000 ,  0.0000 ,  0.0000 ,  0.0000 ,  0.0000 ,
  0.0000 ,  0.0000 ,  0.0000 ,  0.0000 ,  0.0000 ,  0.0000 ,
  0.0000 ,  0.0000 ,  0.0000 ,  0.0000 ,  0.0000 ,  0.0000 ,
  0.0000 ,  0.0000 ,  0.0000 ,  0.0000 ,  0.0000 ,  0.0000 ,
  0.0000 ,  0.0000 ,  0.0000 ,  0.0000 ,  0.0000 ,  0.0000 ,
  0.0000 ,  0.0000 ,  0.0000 ,  0.0000 ,  0.0000 ,  0.0000 ,
  0.0000 ,  0.0000 ,  0.0000 ,  0.0000 ,  0.0000 ,  0.0000 ,
  0.0000 ,  0.0000 ,  0.0000 ,  0.0000 ,  0.0000 ,  0.0000 ,
  0.0000 ,  0.0000 ,  0.0000 ,  0.0000 ,  0.0000 ,  0.0000 ,
  0.0000 ,  0.0000 ,  0.0000 ,  0.0000 ,  0.0000 ,  0.0000 ,
  0.0000 ,  0.0000 ,  0.0000 ,  0.0000 ,  0.0000 ,  0.0000 ,
  0.0000 ,  0.0000 ,  0.0000 ,  0.0000 ,  0.0000 ,  0.0000 ,
  0.0000 ,  0.0000 ,  0.0000 ,  0.0000 ,  0.0000 ,  0.0000 ,
  0.0000 ,  0.0000 ,  0.0000 ,  0.0000 ,  0.0000 ,  0.0000 ,
  0.0000 ,  0.0000 ,  0.0000 ,  0.0000 ,  0.0000 ,  0.0000 ,
  0.0000 ,  0.0000 ,  0.0000 ,  0.0000 ,  0.0000 ,  0.0000 ,
  0.0000 ,  0.0000 ,  0.0000 ,  0.0000 ,  0.0000 ,  0.0000 ,
  0.0000 ,  0.0000 ,  0.0000 ,  0.0000 ,  0.0000 ,  0.0000 ,
  0.0000 ,  0.0000 ,  0.0000 ,  0.0000 ,  0.0000 ,  0.0000 ,
  0.0000 ,  0.0000 ,  0.0000 ,  0.0000 ,  0.0000 ,  0.0000 ,
  0.0000 ,  0.0000 ,  0.0000 ,  0.0000 ,  0.0000 ,  0.0000 ,
  0.0000 ,  0.0000 ,  0.0000 ,  0.0000 ,  0.0000 ,  0.0000 ,
  0.0000 ,  0.0000 ,  0.0000 ,  0.0000 ,  0.0000 ,  0.0000 ,
  0.0000 ,  0.0000 ,  0.0000 ,  0.0000 ,  0.0000 ,  0.0000 ,
  0.0000 ,  0.0000 ,  0.0000 ,  0.0000 ,  0.0000 ,  0.0000 ,
  0.0000 ,  0.0000 ,  0.0000 ,  0.0000 ,  0.0000 ,  0.0000 ,
  0.0000 ,  0.0000 ,  0.0000 ,  0.0000 ,  0.0000 ,  0.0000 ,
  0.0000 ,  0.0000 ,  0.0000 ,  0.0000 ,  0.0000 ,  0.0000 ,
  0.0000 ,  0.0000 ,  0.0000 ,  0.0000 ,  0.0000 ,  0.0000 ,
  0.0000 ,  0.0000 ,  0.0000 ,  0.0000 ,  0.0000 ,  0.0000 ,
  0.0000 ,  0.0000 ,  0.0000 ,  0.0000 ,  0.0000 ,  0.0000 ,
  0.0000 ,  0.0000 ,  0.0000 ,  0.0000 ,  0.0000 ,  0.0000 ,
  0.0000 ,  0.0000 ,  0.0000 ,  0.0000 ,  0.0000 ,  0.0000 ,
  0.0000 ,  0.0000 ,  0.0000 ,  0.0000 ,  0.0000 ,  0.0000 ,
  0.0000 ,  0.0000 ,  0.0000 ,  0.0000 ,  0.0000 ,  0.0000 ,
  0.0000 ,  0.0000 ,  0.0000 ,  0.0000 ,  0.0000 ,  0.0000 ,
  0.0000 ,  0.0000 ,  0.0000 ,  0.0000 ,  0.0000 ,  0.0000 ,
  0.0000 ,  0.0000 ,  0.0000 ,  0.0000 ,  0.0000 ,  0.0000 ,
  0.0000 ,  0.0000 ,  0.0000 ,  0.0000 ,  0.0000 ,  0.0000 ,
  0.0000 ,  0.0000 ,  0.0000 ,  0.0000 ,  0.0000 ,  0.0000 ,
  0.0000 ,  0.0000 ,  0.0000 ,  0.0000 ,  0.0000 ,  0.0000 ,
  0.0000 ,  0.0000 ,  0.0000 ,  0.0000 ,  0.0000 ,  0.0000 ,
  0.0000 ,  0.0000 ,  0.0000 ,  0.0000 ,  0.0000 ,  0.0000 ,
  0.0000 ,  0.0000 ,  0.0000 ,  0.0000 ,  0.0000 ,  0.0000 ,
  0.0000 ,  0.0000 ,  0.0000 ,  0.0000 ,  0.0000 ,  0.0000 ,
  0.0000 ,  0.0000 ,  0.0000 ,  0.0000 ,  0.0000 ,  0.0000 ,
  0.0000 ,  0.0000 ,  0.0000 ,  0.0000 ,  0.0000 ,  0.0000 ,
  0.0000 ,  0.0000 ,  0.0000 ,  0.0000 ,  0.0000 ,  0.0000 ,
  0.0000 ,  0.0000 ,  0.0000 ,  0.0000 ,  0.0000 ,  0.0000 ,
  0.0000 ,  0.0000 ,  0.0000 ,  0.0000 ,  0.0000 ,  0.0000 ,
  0.0000 ,  0.0000 ,  0.0000 ,  0.0000 ,  0.0000 ,  0.0000 ,
  0.0000 ,  0.0000 ,  0.0000 ,  0.0000 ,  0.0000 ,  0.0000 ,
  0.0000 ,  0.0000 ,  0.0000 ,  0.0000 ,  0.0000 ,  0.0000 ,
  0.0000 ,  0.0000 ,  0.0000 ,  0.0000 ,  0.0000 ,  0.0000 ,
  0.0000 ,  0.0000 ,  0.0000 ,  0.0000 ,  0.0000 ,  0.0000 ,
  0.0000 ,  0.0000 ,  0.0000 ,  0.0000 ,  0.0000 ,  0.0000 ,
  0.0000 ,  0.0000 ,  0.0000 ,  0.0000 ,  0.0000 ,  0.0000 ,
  0.0000 ,  0.0000 ,  0.0000 ,  0.0000 ,  0.0000 ,  0.0000 ,
  0.0000 ,  0.0000 ,  0.0000 ,  0.0000 ,  0.0000 ,  0.0000 ,
  0.0000 ,  0.0000 ,  0.0000 ,  0.0000 ,  0.0000 ,  0.0000 ,
  0.0000 ,  0.0000 ,  0.0000 ,  0.0000 ,  0.0000 ,  0.0000 ,
  0.0000 ,  0.0000 ,  0.0000 ,  0.0000 ,  0.0000 ,  0.0000 ,
  0.0000 ,  0.0000 ,  0.0000 ,  0.0000 ,  0.0000 ,  0.0000 ,
  0.0000 ,  0.0000 ,  0.0000 ,  0.0000 ,  0.0000 ,  0.0000 ,
  0.0000 ,  0.0000 ,  0.0000 ,  0.0000 ,  0.0000 ,  0.0000 ,
  0.0000 ,  0.0000 ,  0.0000 ,  0.0000 ,  0.0000 ,  0.0000 ,
  0.0000 ,  0.0000 ,  0.0000 ,  0.0000 ,  0.0000 ,  0.0000 ,
  0.0000 ,  0.0000 ,  0.0000 ,  0.0000 ,  0.0000 ,  0.0000 ,
  0.0000 ,  0.0000 ,  0.0000 ,  0.0000 ,  0.0000 ,  0.0000 ,
  0.0000 ,  0.0000 ,  0.0000 ,  0.0000 ,  0.0000 ,  0.0000 ,
  0.0000 ,  0.0000 ,  0.0000 ,  0.0000 ,  0.0000 ,  0.0000 ,
  0.0000 ,  0.0000 ,  0.0000 ,  0.0000 ,  0.0000 ,  0.0000 ,
  0.0000 ,  0.0000 ,  0.0000 ,  0.0000 ,  0.0000 ,  0.0000 ,
  0.0000 ,  0.0000 ,  0.0000 ,  0.0000 ,  0.0000 ,  0.0000 ,
  0.0000 ,  0.0000 ,  0.0000 ,  0.0000 ,  0.0000 ,  0.0000 ,
  0.0000 ,  0.0000 ,  0.0000 ,  0.0000 ,  0.0000 ,  0.0000 ,
  0.0000 ,  0.0000 ,  0.0000 ,  0.0000 ,  0.0000 ,  0.0000 ,
  0.0000 ,  0.0000 ,  0.0000 ,  0.0000 ,  0.0000 ,  0.0000 ,
  0.0000 ,  0.0000 ,  0.0000 ,  0.0000 ,  0.0000 ,  0.0000 ,
  0.0000 ,  0.0000 ,  0.0000 ,  0.0000 ,  0.0000 ,  0.0000 ,
  0.0000 ,  0.0000 ,  0.0000 ,  0.0000 ,  0.0000 ,  0.0000 ,
  0.0000 ,  0.0000 ,  0.0000 ,  0.0000 ,  0.0000 ,  0.0000 ,
  0.0000 ,  0.0000 ,  0.0000 ,  0.0000 ,  0.0000 ,  0.0000 ,
  0.0000 ,  0.0000 ,  0.0000 ,  0.0000 ,  0.0000 ,  0.0000 ,
  0.0000 ,  0.0000 ,  0.0000 ,  0.0000 ,  0.0000 ,  0.0000 ,
  0.0000 ,  0.0000 ,  0.0000 ,  0.0000 ,  0.0000 ,  0.0000 ,
  0.0000 ,  0.0000 ,  0.0000 ,  0.0000 ,  0.0000 ,  0.0000 ,
  0.0000 ,  0.0000 ,  0.0000 ,  0.0000 ,  0.0000 ,  0.0000 ,
  0.0000 ,  0.0000 ,  0.0000 ,  0.0000 ,  0.0000 ,  0.0000 ,
  0.0000 ,  0.0000 ,  0.0000 ,  0.0000 ,  0.0000 ,  0.0000 ,
  0.0000 ,  0.0000 ,  0.0000 ,  0.0000 ,  0.0000 ,  0.0000 ,
  0.0000 ,  0.0000 ,  0.0000 ,  0.0000 ,  0.0000 ,  0.0000 ,
  0.0000 ,  0.0000 ,  0.0000 ,  0.0000 ,  0.0000 ,  0.0000 ,
  0.0000 ,  0.0000 ,  0.0000 ,  0.0000 ,  0.0000 ,  0.0000 ,
  0.0000 ,  0.0000 ,  0.0000 ,  0.0000 ,  0.0000 ,  0.0000 ,
  0.0000 ,  0.0000 ,  0.0000 ,  0.0000 ,  0.0000 ,  0.0000 ,
  0.0000 ,  0.0000 ,  0.0000 ,  0.0000 ,  0.0000 ,  0.0000 ,
  0.0000 ,  0.0000 ,  0.0000 ,  0.0000 ,  0.0000 ,  0.0000 ,
  0.0000 ,  0.0000 ,  0.0000 ,  0.0000 ,  0.0000 ,  0.0000 ,
  0.0000 ,  0.0000 ,  0.0000 ,  0.0000 ,  0.0000 ,  0.0000 ,
  0.0000 ,  0.0000 ,  0.0000 ,  0.0000 ,  0.0000 ,  0.0000 ,
  0.0000 ,  0.0000 ,  0.0000 ,  0.0000 ,  0.0000 ,  0.0000 ,
  0.0000 ,  0.0000 ,  0.0000 ,  0.0000 ,  0.0000 ,  0.0000 ,
  0.0000 ,  0.0000 ,  0.0000 ,  0.0000 ,  0.0000 ,  0.0000 ,
  0.0000 ,  0.0000 ,  0.0000 ,  0.0000 ,  0.0000 ,  0.0000 ,
  0.0000 ,  0.0000 ,  0.0000 ,  0.0000 ,  0.0000 ,  0.0000 ,
  0.0000 ,  0.0000 ,  0.0000 ,  0.0000 ,  0.0000 ,  0.0000 ,
  0.0000 ,  0.0000 ,  0.0000 ,  0.0000 ,  0.0000 ,  0.0000 ,
  0.0000 ,  0.0000 ,  0.0000 ,  0.0000 ,  0.0000 ,  0.0000 ,
  0.0000 ,  0.0000 ,  0.0000 ,  0.0000 ,  0.0000 ,  0.0000 ,
  0.0000 ,  0.0000 ,  0.0000 ,  0.0000 ,  0.0000 ,  0.0000 ,
  0.0000 ,  0.0000 ,  0.0000 ,  0.0000 ,  0.0000 ,  0.0000 ,
  0.0000 ,  0.0000 ,  0.0000 ,  0.0000 ,  0.0000 ,  0.0000 ,
  0.0000 ,  0.0000 ,  0.0000 ,  0.0000 ,  0.0000 ,  0.0000 ,
  0.0000 ,  0.0000 ,  0.0000 ,  0.0000 ,  0.0000 ,  0.0000 ,
  0.0000 ,  0.0000 ,  0.0000 ,  0.0000 ,  0.0000 ,  0.0000 ,
  0.0000 ,  0.0000 ,  0.0000 ,  0.0000 ,  0.0000 ,  0.0000 ,
  0.0000 ,  0.0000 ,  0.0000 ,  0.0000 ,  0.0000 ,  0.0000 ,
  0.0000 ,  0.0000 ,  0.0000 ,  0.0000 ,  0.0000 ,  0.0000 ,
  0.0000 ,  0.0000 ,  0.0000 ,  0.0000 ,  0.0000 ,  0.0000 ,
  0.0000 ,  0.0000 ,  0.0000 ,  0.0000 ,  0.0000 ,  0.0000 ,
  0.0000 ,  0.0000 ,  0.0000 ,  0.0000 ,  0.0000 ,  0.0000 ,
  0.0000 ,  0.0000 ,  0.0000 ,  0.0000 ,  0.0000 ,  0.0000 ,
  0.0000 ,  0.0000 ,  0.0000 ,  0.0000 ,  0.0000 ,  0.0000 ,
  0.0000 ,  0.0000 ,  0.0000 ,  0.0000 ,  0.0000 ,  0.0000 ,
  0.0000 ,  0.0000 ,  0.0000 ,  0.0000 ,  0.0000 ,  0.0000 ,
  0.0000 ,  0.0000 ,  0.0000 ,  0.0000 ,  0.0000 ,  0.0000 ,
  0.0000 ,  0.0000 ,  0.0000 ,  0.0000 ,  0.0000 ,  0.0000 ,
  0.0000 ,  0.0000 ,  0.0000 ,  0.0000 ,  0.0000 ,  0.0000 ,
  0.0000 ,  0.0000 ,  0.0000 ,  0.0000 ,  0.0000 ,  0.0000 ,
  0.0000 ,  0.0000 ,  0.0000 ,  0.0000 ,  0.0000 ,  0.0000 ,
  0.0000 ,  0.0000 ,  0.0000 ,  0.0000 ,  0.0000 ,  0.0000 ,
  0.0000 ,  0.0000 ,  0.0000 ,  0.0000 ,  0.0000 ,  0.0000 ,
  0.0000 ,  0.0000 ,  0.0000 ,  0.0000 ,  0.0000 ,  0.0000 ,
  0.0000 ,  0.0000 ,  0.0000 ,  0.0000 ,  0.0000 ,  0.0000 ,
  0.0000 ,  0.0000 ,  0.0000 ,  0.0000 ,  0.0000 ,  0.0000 ,
  0.0000 ,  0.0000 ,  0.0000 ,  0.0000 ,  0.0000 ,  0.0000 ,
  0.0000 ,  0.0000 ,  0.0000 ,  0.0000 ,  0.0000 ,  0.0000 ,
  0.0000 ,  0.0000 ,  0.0000 ,  0.0000 ,  0.0000 ,  0.0000 ,
  0.0000 ,  0.0000 ,  0.0000 ,  0.0000 ,  0.0000 ,  0.0000 ,
  0.0000 ,  0.0000 ,  0.0000 ,  0.0000 ,  0.0000 ,  0.0000 ,
  0.0000 ,  0.0000 ,  0.0000 ,  0.0000 ,  0.0000 ,  0.0000 ,
  0.0000 ,  0.0000 ,  0.0000 ,  0.0000 ,  0.0000 ,  0.0000 ,
  0.0000 ,  0.0000 ,  0.0000 ,  0.0000 ,  0.0000 ,  0.0000 ,
  0.0000 ,  0.0000 ,  0.0000 ,  0.0000 ,  0.0000 ,  0.0000 ,
  0.0000 ,  0.0000 ,  0.0000 ,  0.0000 ,  0.0000 ,  0.0000 ,
  0.0000 ,  0.0000 ,  0.0000 ,  0.0000 ,  0.0000 ,  0.0000 ,
  0.0000 ,  0.0000 ,  0.0000 ,  0.0000 ,  0.0000 ,  0.0000 ,
  0.0000 ,  0.0000 ,  0.0000 ,  0.0000 ,  0.0000 ,  0.0000 ,
  0.0000 ,  0.0000 ,  0.0000 ,  0.0000 ,  0.0000 ,  0.0000 ,
  0.0000 ,  0.0000 ,  0.0000 ,  0.0000 ,  0.0000 ,  0.0000 ,
  0.0000 ,  0.0000 ,  0.0000 ,  0.0000 ,  0.0000 ,  0.0000 ,
  0.0000 ,  0.0000 ,  0.0000 ,  0.0000 ,  0.0000 ,  0.0000 ,
  0.0000 ,  0.0000 ,  0.0000 ,  0.0000 ,  0.0000 ,  0.0000 ,
  0.0000 ,  0.0000 ,  0.0000 ,  0.0000 ,  0.0000 ,  0.0000 ,
  0.0000 ,  0.0000 ,  0.0000 ,  0.0000 ,  0.0000 ,  0.0000 ,
  0.0000 ,  0.0000 ,  0.0000 ,  0.0000 ,  0.0000 ,  0.0000 ,
  0.0000 ,  0.0000 ,  0.0000 ,  0.0000 ,  0.0000 ,  0.0000 ,
  0.0000 ,  0.0000 ,  0.0000 ,  0.0000 ,  0.0000 ,  0.0000 ,
  0.0000 ,  0.0000 ,  0.0000 ,  0.0000 ,  0.0000 ,  0.0000 ,
  0.0000 ,  0.0000 ,  0.0000 ,  0.0000 ,  0.0000 ,  0.0000 ,
  0.0000 ,  0.0000 ,  0.0000 ,  0.0000 ,  0.0000 ,  0.0000 ,
  0.0000 ,  0.0000 ,  0.0000 ,  0.0000 ,  0.0000 ,  0.0000 ,
  0.0000 ,  0.0000 ,  0.0000 ,  0.0000 ,  0.0000 ,  0.0000 ,
  0.0000 ,  0.0000 ,  0.0000 ,  0.0000 ,  0.0000 ,  0.0000 ,
  0.0000 ,  0.0000 ,  0.0000 ,  0.0000 ,  0.0000 ,  0.0000 ,
  0.0000 ,  0.0000 ,  0.0000 ,  0.0000 ,  0.0000 ,  0.0000 ,
  0.0000 ,  0.0000 ,  0.0000 ,  0.0000 ,  0.0000 ,  0.0000 ,
  0.0000 ,  0.0000 ,  0.0000 ,  0.0000 ,  0.0000 ,  0.0000 ,
  0.0000 ,  0.0000 ,  0.0000 ,  0.0000 ,  0.0000 ,  0.0000 ,
  0.0000 ,  0.0000 ,  0.0000 ,  0.0000 ,  0.0000 ,  0.0000 ,
  0.0000 ,  0.0000 ,  0.0000 ,  0.0000 ,  0.0000 ,  0.0000 ,
  0.0000 ,  0.0000 ,  0.0000 ,  0.0000 ,  0.0000 ,  0.0000 ,
  0.0000 ,  0.0000 ,  0.0000 ,  0.0000 ,  0.0000 ,  0.0000 ,
  0.0000 ,  0.0000 ,  0.0000 ,  0.0000 ,  0.0000 ,  0.0000 ,
  0.0000 ,  0.0000 ,  0.0000 ,  0.0000 ,  0.0000 ,  0.0000 ,
  0.0000 ,  0.0000 ,  0.0000 ,  0.0000 ,  0.0000 ,  0.0000 ,
  0.0000 ,  0.0000 ,  0.0000 ,  0.0000 ,  0.0000 ,  0.0000 ,
  0.0000 ,  0.0000 ,  0.0000 ,  0.0000 ,  0.0000 ,  0.0000 ,
  0.0000 ,  0.0000 ,  0.0000 ,  0.0000 ,  0.0000 ,  0.0000 ,
  0.0000 ,  0.0000 ,  0.0000 ,  0.0000 ,  0.0000 ,  0.0000 ,
  0.0000 ,  0.0000 ,  0.0000 ,  0.0000 ,  0.0000 ,  0.0000 ,
  0.0000 ,  0.0000 ,  0.0000 ,  0.0000 ,  0.0000 ,  0.0000 ,
  0.0000 ,  0.0000 ,  0.0000 ,  0.0000 ,  0.0000 ,  0.0000 ,
  0.0000 ,  0.0000 ,  0.0000 ,  0.0000 ,  0.0000 ,  0.0000 ,
  0.0000 ,  0.0000 ,  0.0000 ,  0.0000 ,  0.0000 ,  0.0000 ,
  0.0000 ,  0.0000 ,  0.0000 ,  0.0000 ,  0.0000 ,  0.0000 ,
  0.0000 ,  0.0000 ,  0.0000 ,  0.0000 ,  0.0000 ,  0.0000 ,
  0.0000 ,  0.0000 ,  0.0000 ,  0.0000 ,  0.0000 ,  0.0000 ,
  0.0000 ,  0.0000 ,  0.0000 ,  0.0000 ,  0.0000 ,  0.0000 ,
  0.0000 ,  0.0000 ,  0.0000 ,  0.0000 ,  0.0000 ,  0.0000 ,
  0.0000 ,  0.0000 ,  0.0000 ,  0.0000 ,  0.0000 ,  0.0000 ,
  0.0000 ,  0.0000 ,  0.0000 ,  0.0000 ,  0.0000 ,  0.0000 ,
  0.0000 ,  0.0000 ,  0.0000 ,  0.0000 ,  0.0000 ,  0.0000 ,
  0.0000 ,  0.0000 ,  0.0000 ,  0.0000 ,  0.0000 ,  0.0000 ,
  0.0000 ,  0.0000 ,  0.0000 ,  0.0000 ,  0.0000 ,  0.0000 ,
  0.0000 ,  0.0000 ,  0.0000 ,  0.0000 ,  0.0000 ,  0.0000 ,
  0.0000 ,  0.0000 ,  0.0000 ,  0.0000 ,  0.0000 ,  0.0000 ,
  0.0000 ,  0.0000 ,  0.0000 ,  0.0000 ,  0.0000 ,  0.0000 ,
  0.0000 ,  0.0000 ,  0.0000 ,  0.0000 ,  0.0000 ,  0.0000 ,
  0.0000 ,  0.0000 ,  0.0000 ,  0.0000 ,  0.0000 ,  0.0000 ,
  0.0000 ,  0.0000 ,  0.0000 ,  0.0000 ,  0.0000 ,  0.0000 ,
  0.0000 ,  0.0000 ,  0.0000 ,  0.0000 ,  0.0000 ,  0.0000 ,
  0.0000 ,  0.0000 ,  0.0000 ,  0.0000 ,  0.0000 ,  0.0000 ,
  0.0000 ,  0.0000 ,  0.0000 ,  0.0000 ,  0.0000 ,  0.0000 ,
  0.0000 ,  0.0000 ,  0.0000 ,  0.0000 ,  0.0000 ,  0.0000 ,
  0.0000 ,  0.0000 ,  0.0000 ,  0.0000 ,  0.0000 ,  0.0000 ,
  0.0000 ,  0.0000 ,  0.0000 ,  0.0000 ,  0.0000 ,  0.0000 ,
  0.0000 ,  0.0000 ,  0.0000 ,  0.0000 ,  0.0000 ,  0.0000 ,
  0.0000 ,  0.0000 ,  0.0000 ,  0.0000 ,  0.0000 ,  0.0000 ,
  0.0000 ,  0.0000 ,  0.0000 ,  0.0000 ,  0.0000 ,  0.0000 ,
  0.0000 ,  0.0000 ,  0.0000 ,  0.0000 ,  0.0000 ,  0.0000 ,
  0.0000 ,  0.0000 ,  0.0000 ,  0.0000 ,  0.0000 ,  0.0000 ,
  0.0000 ,  0.0000 ,  0.0000 ,  0.0000 ,  0.0000 ,  0.0000 ,
  0.0000 ,  0.0000 ,  0.0000 ,  0.0000 ,  0.0000 ,  0.0000 ,
  0.0000 ,  0.0000 ,  0.0000 ,  0.0000 ,  0.0000 ,  0.0000 ,
  0.0000 ,  0.0000 ,  0.0000 ,  0.0000 ,  0.0000 ,  0.0000 ,
  0.0000 ,  0.0000 ,  0.0000 ,  0.0000 ,  0.0000 ,  0.0000 ,
  0.0000 ,  0.0000 ,  0.0000 ,  0.0000 ,  0.0000 ,  0.0000 ,
  0.0000 ,  0.0000 ,  0.0000 ,  0.0000 ,  0.0000 ,  0.0000 ,
  0.0000 ,  0.0000 ,  0.0000 ,  0.0000 ,  0.0000 ,  0.0000 ,
  0.0000 ,  0.0000 ,  0.0000 ,  0.0000 ,  0.0000 ,  0.0000 ,
  0.0000 ,  0.0000 ,  0.0000 ,  0.0000 ,  0.0000 ,  0.0000 ,
  0.0000 ,  0.0000 ,  0.0000 ,  0.0000 ,  0.0000 ,  0.0000 ,
  0.0000 ,  0.0000 ,  0.0000 ,  0.0000 ,  0.0000 ,  0.0000 ,
  0.0000 ,  0.0000 ,  0.0000 ,  0.0000 ,  0.0000 ,  0.0000 ,
  0.0000 ,  0.0000 ,  0.0000 ,  0.0000 ,  0.0000 ,  0.0000 ,
  0.0000 ,  0.0000 ,  0.0000 ,  0.0000 ,  0.0000 ,  0.0000 ,
  0.0000 ,  0.0000 ,  0.0000 ,  0.0000 ,  0.0000 ,  0.0000 ,
  0.0000 ,  0.0000 ,  0.0000 ,  0.0000 ,  0.0000 ,  0.0000 ,
  0.0000 ,  0.0000 ,  0.0000 ,  0.0000 ,  0.0000 ,  0.0000 ,
  0.0000 ,  0.0000 ,  0.0000 ,  0.0000 ,  0.0000 ,  0.0000 ,
  0.0000 ,  0.0000 ,  0.0000 ,  0.0000 ,  0.0000 ,  0.0000 ,
  0.0000 ,  0.0000 ,  0.0000 ,  0.0000 ,  0.0000 ,  0.0000 ,
  0.0000 ,  0.0000 ,  0.0000 ,  0.0000 ,  0.0000 ,  0.0000 ,
  0.0000 ,  0.0000 ,  0.0000 ,  0.0000 ,  0.0000 ,  0.0000 ,
  0.0000 ,  0.0000 ,  0.0000 ,  0.0000 ,  0.0000 ,  0.0000 ,
  0.0000 ,  0.0000 ,  0.0000 ,  0.0000 ,  0.0000 ,  0.0000 ,
  0.0000 ,  0.0000 ,  0.0000 ,  0.0000 ,  0.0000 ,  0.0000 ,
  0.0000 ,  0.0000 ,  0.0000 ,  0.0000 ,  0.0000 ,  0.0000 ,
  0.0000 ,  0.0000 ,  0.0000 ,  0.0000 ,  0.0000 ,  0.0000 ,
  0.0000 ,  0.0000 ,  0.0000 ,  0.0000 ,  0.0000 ,  0.0000 ,
  0.0000 ,  0.0000 ,  0.0000 ,  0.0000 ,  0.0000 ,  0.0000 ,
  0.0000 ,  0.0000 ,  0.0000 ,  0.0000 ,  0.0000 ,  0.0000 ,
  0.0000 ,  0.0000 ,  0.0000 ,  0.0000 ,  0.0000 ,  0.0000 ,
  0.0000 ,  0.0000 ,  0.0000 ,  0.0000 ,  0.0000 ,  0.0000 ,
  0.0000 ,  0.0000 ,  0.0000 ,  0.0000 ,  0.0000 ,  0.0000 ,
  0.0000 ,  0.0000 ,  0.0000 ,  0.0000 ,  0.0000 ,  0.0000 ,
  0.0000 ,  0.0000 ,  0.0000 ,  0.0000 ,  0.0000 ,  0.0000 ,
  0.0000 ,  0.0000 ,  0.0000 ,  0.0000 ,  0.0000 ,  0.0000 ,
  0.0000 ,  0.0000 ,  0.0000 ,  0.0000 ,  0.0000 ,  0.0000 ,
  0.0000 ,  0.0000 ,  0.0000 ,  0.0000 ,  0.0000 ,  0.0000 ,
  0.0000 ,  0.0000 ,  0.0000 ,  0.0000 ,  0.0000 ,  0.0000 ,
  0.0000 ,  0.0000 ,  0.0000 ,  0.0000 ,  0.0000 ,  0.0000 ,
  0.0000 ,  0.0000 ,  0.0000 ,  0.0000 ,  0.0000 ,  0.0000 ,
  0.0000 ,  0.0000 ,  0.0000 ,  0.0000 ,  0.0000 ,  0.0000 ,
  0.0000 ,  0.0000 ,  0.0000 ,  0.0000 ,  0.0000 ,  0.0000 ,
  0.0000 ,  0.0000 ,  0.0000 ,  0.0000 ,  0.0000 ,  0.0000 ,
  0.0000 ,  0.0000 ,  0.0000 ,  0.0000 ,  0.0000 ,  0.0000 ,
  0.0000 ,  0.0000 ,  0.0000 ,  0.0000 ,  0.0000 ,  0.0000 ,
  0.0000 ,  0.0000 ,  0.0000 ,  0.0000 ,  0.0000 ,  0.0000 ,
  0.0000 ,  0.0000 ,  0.0000 ,  0.0000 ,  0.0000 ,  0.0000 ,
  0.0000 ,  0.0000 ,  0.0000 ,  0.0000 ,  0.0000 ,  0.0000 ,
  0.0000 ,  0.0000 ,  0.0000 ,  0.0000 ,  0.0000 ,  0.0000 ,
  0.0000 ,  0.0000 ,  0.0000 ,  0.0000 ,  0.0000 ,  0.0000 ,
  0.0000 ,  0.0000 ,  0.0000 ,  0.0000 ,  0.0000 ,  0.0000 ,
  0.0000 ,  0.0000 ,  0.0000 ,  0.0000 ,  0.0000 ,  0.0000 ,
  0.0000 ,  0.0000 ,  0.0000 ,  0.0000 ,  0.0000 ,  0.0000 ,
  0.0000 ,  0.0000 ,  0.0000 ,  0.0000 ,  0.0000 ,  0.0000 ,
  0.0000 ,  0.0000 ,  0.0000 ,  0.0000 ,  0.0000 ,  0.0000 ,
  0.0000 ,  0.0000 ,  0.0000 ,  0.0000 ,  0.0000 ,  0.0000 ,
  0.0000 ,  0.0000 ,  0.0000 ,  0.0000 ,  0.0000 ,  0.0000 ,
  0.0000 ,  0.0000 ,  0.0000 ,  0.0000 ,  0.0000 ,  0.0000 ,
  0.0000 ,  0.0000 ,  0.0000 ,  0.0000 ,  0.0000 ,  0.0000 ,
  0.0000 ,  0.0000 ,  0.0000 ,  0.0000 ,  0.0000 ,  0.0000 ,
  0.0000 ,  0.0000 ,  0.0000 ,  0.0000 ,  0.0000 ,  0.0000 ,
  0.0000 ,  0.0000 ,  0.0000 ,  0.0000 ,  0.0000 ,  0.0000 ,
  0.0000 ,  0.0000 ,  0.0000 ,  0.0000 ,  0.0000 ,  0.0000 ,
  0.0000 ,  0.0000 ,  0.0000 ,  0.0000 ,  0.0000 ,  0.0000 ,
  0.0000 ,  0.0000 ,  0.0000 ,  0.0000 ,  0.0000 ,  0.0000 ,
  0.0000 ,  0.0000 ,  0.0000 ,  0.0000 ,  0.0000 ,  0.0000 ,
  0.0000 ,  0.0000 ,  0.0000 ,  0.0000 ,  0.0000 ,  0.0000 ,
  0.0000 ,  0.0000 ,  0.0000 ,  0.0000 ,  0.0000 ,  0.0000 ,
  0.0000 ,  0.0000 ,  0.0000 ,  0.0000 ,  0.0000 ,  0.0000 ,
  0.0000 ,  0.0000 ,  0.0000 ,  0.0000 ,  0.0000 ,  0.0000 ,
  0.0000 ,  0.0000 ,  0.0000 ,  0.0000 ,  0.0000 ,  0.0000 ,
  0.0000 ,  0.0000 ,  0.0000 ,  0.0000 ,  0.0000 ,  0.0000 ,
  0.0000 ,  0.0000 ,  0.0000 ,  0.0000 ,  0.0000 ,  0.0000 ,
  0.0000 ,  0.0000 ,  0.0000 ,  0.0000 ,  0.0000 ,  0.0000 ,
  0.0000 ,  0.0000 ,  0.0000 ,  0.0000 ,  0.0000 ,  0.0000 ,
  0.0000 ,  0.0000 ,  0.0000 ,  0.0000 ,  0.0000 ,  0.0000 ,
  0.0000 ,  0.0000 ,  0.0000 ,  0.0000 ,  0.0000 ,  0.0000 ,
  0.0000 ,  0.0000 ,  0.0000 ,  0.0000 ,  0.0000 ,  0.0000 ,
  0.0000 ,  0.0000 ,  0.0000 ,  0.0000 ,  0.0000 ,  0.0000 ,
  0.0000 ,  0.0000 ,  0.0000 ,  0.0000 ,  0.0000 ,  0.0000 ,
  0.0000 ,  0.0000 ,  0.0000 ,  0.0000 ,  0.0000 ,  0.0000 ,
  0.0000 ,  0.0000 ,  0.0000 ,  0.0000 ,  0.0000 ,  0.0000 ,
  0.0000 ,  0.0000 ,  0.0000 ,  0.0000 ,  0.0000 ,  0.0000 ,
  0.0000 ,  0.0000 ,  0.0000 ,  0.0000 ,  0.0000 ,  0.0000 ,
  0.0000 ,  0.0000 ,  0.0000 ,  0.0000 ,  0.0000 ,  0.0000 ,
  0.0000 ,  0.0000 ,  0.0000 ,  0.0000 ,  0.0000 ,  0.0000 ,
  0.0000 ,  0.0000 ,  0.0000 ,  0.0000 ,  0.0000 ,  0.0000 ,
  0.0000 ,  0.0000 ,  0.0000 ,  0.0000 ,  0.0000 ,  0.0000 ,
  0.0000 ,  0.0000 ,  0.0000 ,  0.0000 ,  0.0000 ,  0.0000 ,
  0.0000 ,  0.0000 ,  0.0000 ,  0.0000 ,  0.0000 ,  0.0000 ,
  0.0000 ,  0.0000 ,  0.0000 ,  0.0000 ,  0.0000 ,  0.0000 ,
  0.0000 ,  0.0000 ,  0.0000 ,  0.0000 ,  0.0000 ,  0.0000 ,
  0.0000 ,  0.0000 ,  0.0000 ,  0.0000 ,  0.0000 ,  0.0000 ,
  0.0000 ,  0.0000 ,  0.0000 ,  0.0000 ,  0.0000 ,  0.0000 ,
  0.0000 ,  0.0000 ,  0.0000 ,  0.0000 ,  0.0000 ,  0.0000 ,
  0.0000 ,  0.0000 ,  0.0000 ,  0.0000 ,  0.0000 ,  0.0000 ,
  0.0000 ,  0.0000 ,  0.0000 ,  0.0000 ,  0.0000 ,  0.0000 ,
  0.0000 ,  0.0000 ,  0.0000 ,  0.0000 ,  0.0000 ,  0.0000 ,
  0.0000 ,  0.0000 ,  0.0000 ,  0.0000 ,  0.0000 ,  0.0000 ,
  0.0000 ,  0.0000 ,  0.0000 ,  0.0000 ,  0.0000 ,  0.0000 ,
  0.0000 ,  0.0000 ,  0.0000 ,  0.0000 ,  0.0000 ,  0.0000 ,
  0.0000 ,  0.0000 ,  0.0000 ,  0.0000 ,  0.0000 ,  0.0000 ,
  0.0000 ,  0.0000 ,  0.0000 ,  0.0000 ,  0.0000 ,  0.0000 ,
  0.0000 ,  0.0000 ,  0.0000 ,  0.0000 ,  0.0000 ,  0.0000 ,
  0.0000 ,  0.0000 ,  0.0000 ,  0.0000 ,  0.0000 ,  0.0000 ,
  0.0000 ,  0.0000 ,  0.0000 ,  0.0000 ,  0.0000 ,  0.0000 ,
  0.0000 ,  0.0000 ,  0.0000 ,  0.0000 ,  0.0000 ,  0.0000 ,
  0.0000 ,  0.0000 ,  0.0000 ,  0.0000 ,  0.0000 ,  0.0000 ,
  0.0000 ,  0.0000 ,  0.0000 ,  0.0000 ,  0.0000 ,  0.0000 ,
  0.0000 ,  0.0000 ,  0.0000 ,  0.0000 ,  0.0000 ,  0.0000 ,
  0.0000 ,  0.0000 ,  0.0000 ,  0.0000 ,  0.0000 ,  0.0000 ,
  0.0000 ,  0.0000 ,  0.0000 ,  0.0000 ,  0.0000 ,  0.0000 ,
  0.0000 ,  0.0000 ,  0.0000 ,  0.0000 ,  0.0000 ,  0.0000 ,
  0.0000 ,  0.0000 ,  0.0000 ,  0.0000 ,  0.0000 ,  0.0000 ,
  0.0000 ,  0.0000 ,  0.0000 ,  0.0000 ,  0.0000 ,  0.0000 ,
  0.0000 ,  0.0000 ,  0.0000 ,  0.0000 ,  0.0000 ,  0.0000 ,
  0.0000 ,  0.0000 ,  0.0000 ,  0.0000 ,  0.0000 ,  0.0000 ,
  0.0000 ,  0.0000 ,  0.0000 ,  0.0000 ,  0.0000 ,  0.0000 ,
  0.0000 ,  0.0000 ,  0.0000 ,  0.0000 ,  0.0000 ,  0.0000 ,
  0.0000 ,  0.0000 ,  0.0000 ,  0.0000 ,  0.0000 ,  0.0000 ,
  0.0000 ,  0.0000 ,  0.0000 ,  0.0000 ,  0.0000 ,  0.0000 ,
  0.0000 ,  0.0000 ,  0.0000 ,  0.0000 ,  0.0000 ,  0.0000 ,
  0.0000 ,  0.0000 ,  0.0000 ,  0.0000 ,  0.0000 ,  0.0000 ,
  0.0000 ,  0.0000 ,  0.0000 ,  0.0000 ,  0.0000 ,  0.0000 ,
  0.0000 ,  0.0000 ,  0.0000 ,  0.0000 ,  0.0000 ,  0.0000 ,
  0.0000 ,  0.0000 ,  0.0000 ,  0.0000 ,  0.0000 ,  0.0000 ,
  0.0000 ,  0.0000 ,  0.0000 ,  0.0000 ,  0.0000 ,  0.0000 ,
  0.0000 ,  0.0000 ,  0.0000 ,  0.0000 ,  0.0000 ,  0.0000 ,
  0.0000 ,  0.0000 ,  0.0000 ,  0.0000 ,  0.0000 ,  0.0000 ,
  0.0000 ,  0.0000 ,  0.0000 ,  0.0000 ,  0.0000 ,  0.0000 ,
  0.0000 ,  0.0000 ,  0.0000 ,  0.0000 ,  0.0000 ,  0.0000 ,
  0.0000 ,  0.0000 ,  0.0000 ,  0.0000 ,  0.0000 ,  0.0000 ,
  0.0000 ,  0.0000 ,  0.0000 ,  0.0000 ,  0.0000 ,  0.0000 ,
  0.0000 ,  0.0000 ,  0.0000 ,  0.0000 ,  0.0000 ,  0.0000 ,
  0.0000 ,  0.0000 ,  0.0000 ,  0.0000 ,  0.0000 ,  0.0000 ,
  0.0000 ,  0.0000 ,  0.0000 ,  0.0000 ,  0.0000 ,  0.0000 ,
  0.0000 ,  0.0000 ,  0.0000 ,  0.0000 ,  0.0000 ,  0.0000 ,
  0.0000 ,  0.0000 ,  0.0000 ,  0.0000 ,  0.0000 ,  0.0000 ,
  0.0000 ,  0.0000 ,  0.0000 ,  0.0000 ,  0.0000 ,  0.0000 ,
  0.0000 ,  0.0000 ,  0.0000 ,  0.0000 ,  0.0000 ,  0.0000 ,
  0.0000 ,  0.0000 ,  0.0000 ,  0.0000 ,  0.0000 ,  0.0000 ,
  0.0000 ,  0.0000 ,  0.0000 ,  0.0000 ,  0.0000 ,  0.0000 ,
  0.0000 ,  0.0000 ,  0.0000 ,  0.0000 ,  0.0000 ,  0.0000 ,
  0.0000 ,  0.0000 ,  0.0000 ,  0.0000 ,  0.0000 ,  0.0000 ,
  0.0000 ,  0.0000 ,  0.0000 ,  0.0000 ,  0.0000 ,  0.0000 ,
  0.0000 ,  0.0000 ,  0.0000 ,  0.0000 ,  0.0000 ,  0.0000 ,
  0.0000 ,  0.0000 ,  0.0000 ,  0.0000 ,  0.0000 ,  0.0000 ,
  0.0000 ,  0.0000 ,  0.0000 ,  0.0000 ,  0.0000 ,  0.0000 ,
  0.0000 ,  0.0000 ,  0.0000 ,  0.0000 ,  0.0000 ,  0.0000 ,
  0.0000 ,  0.0000 ,  0.0000 ,  0.0000 ,  0.0000 ,  0.0000 ,
  0.0000 ,  0.0000 ,  0.0000 ,  0.0000 ,  0.0000 ,  0.0000 ,
  0.0000 ,  0.0000 ,  0.0000 ,  0.0000 ,  0.0000 ,  0.0000 ,
  0.0000 ,  0.0000 ,  0.0000 ,  0.0000 ,  0.0000 ,  0.0000 ,
  0.0000 ,  0.0000 ,  0.0000 ,  0.0000 ,  0.0000 ,  0.0000 ,
  0.0000 ,  0.0000 ,  0.0000 ,  0.0000 ,  0.0000 ,  0.0000 ,
  0.0000 ,  0.0000 ,  0.0000 ,  0.0000 ,  0.0000 ,  0.0000 ,
  0.0000 ,  0.0000 ,  0.0000 ,  0.0000 ,  0.0000 ,  0.0000 ,
  0.0000 ,  0.0000 ,  0.0000 ,  0.0000 ,  0.0000 ,  0.0000 ,
  0.0000 ,  0.0000 ,  0.0000 ,  0.0000 ,  0.0000 ,  0.0000 ,
  0.0000 ,  0.0000 ,  0.0000 ,  0.0000 ,  0.0000 ,  0.0000 ,
  0.0000 ,  0.0000 ,  0.0000 ,  0.0000 ,  0.0000 ,  0.0000 ,
  0.0000 ,  0.0000 ,  0.0000 ,  0.0000 ,  0.0000 ,  0.0000 ,
  0.0000 ,  0.0000 ,  0.0000 ,  0.0000 ,  0.0000 ,  0.0000 ,
  0.0000 ,  0.0000 ,  0.0000 ,  0.0000 ,  0.0000 ,  0.0000 ,
  0.0000 ,  0.0000 ,  0.0000 ,  0.0000 ,  0.0000 ,  0.0000 ,
  0.0000 ,  0.0000 ,  0.0000 ,  0.0000 ,  0.0000 ,  0.0000 ,
  0.0000 ,  0.0000 ,  0.0000 ,  0.0000 ,  0.0000 ,  0.0000 ,
  0.0000 ,  0.0000 ,  0.0000 ,  0.0000 ,  0.0000 ,  0.0000 ,
  0.0000 ,  0.0000 ,  0.0000 ,  0.0000 ,  0.0000 ,  0.0000 ,
  0.0000 ,  0.0000 ,  0.0000 ,  0.0000 ,  0.0000 ,  0.0000 ,
  0.0000 ,  0.0000 ,  0.0000 ,  0.0000 ,  0.0000 ,  0.0000 ,
  0.0000 ,  0.0000 ,  0.0000 ,  0.0000 ,  0.0000 ,  0.0000 ,
  0.0000 ,  0.0000 ,  0.0000 ,  0.0000 ,  0.0000 ,  0.0000 ,
  0.0000 ,  0.0000 ,  0.0000 ,  0.0000 ,  0.0000 ,  0.0000 ,
  0.0000 ,  0.0000 ,  0.0000 ,  0.0000 ,  0.0000 ,  0.0000 ,
  0.0000 ,  0.0000 ,  0.0000 ,  0.0000 ,  0.0000 ,  0.0000 ,
  0.0000 ,  0.0000 ,  0.0000 ,  0.0000 ,  0.0000 ,  0.0000 ,
  0.0000 ,  0.0000 ,  0.0000 ,  0.0000 ,  0.0000 ,  0.0000 ,
  0.0000 ,  0.0000 ,  0.0000 ,  0.0000 ,  0.0000 ,  0.0000 ,
  0.0000 ,  0.0000 ,  0.0000 ,  0.0000 ,  0.0000 ,  0.0000 ,
  0.0000 ,  0.0000 ,  0.0000 ,  0.0000 ,  0.0000 ,  0.0000 ,
  0.0000 ,  0.0000 ,  0.0000 ,  0.0000 ,  0.0000 ,  0.0000 ,
  0.0000 ,  0.0000 ,  0.0000 ,  0.0000 ,  0.0000 ,  0.0000 ,
  0.0000 ,  0.0000 ,  0.0000 ,  0.0000 ,  0.0000 ,  0.0000 ,
  0.0000 ,  0.0000 ,  0.0000 ,  0.0000 ,  0.0000 ,  0.0000 ,
  0.0000 ,  0.0000 ,  0.0000 ,  0.0000 ,  0.0000 ,  0.0000 ,
  0.0000 ,  0.0000 ,  0.0000 ,  0.0000 ,  0.0000 ,  0.0000 ,
  0.0000 ,  0.0000 ,  0.0000 ,  0.0000 ,  0.0000 ,  0.0000 ,
  0.0000 ,  0.0000 ,  0.0000 ,  0.0000 ,  0.0000 ,  0.0000 ,
  0.0000 ,  0.0000 ,  0.0000 ,  0.0000 ,  0.0000 ,  0.0000 ,
  0.0000 ,  0.0000 ,  0.0000 ,  0.0000 ,  0.0000 ,  0.0000 ,
  0.0000 ,  0.0000 ,  0.0000 ,  0.0000 ,  0.0000 ,  0.0000 ,
  0.0000 ,  0.0000 ,  0.0000 ,  0.0000 ,  0.0000 ,  0.0000 ,
  0.0000 ,  0.0000 ,  0.0000 ,  0.0000 ,  0.0000 ,  0.0000 ,
  0.0000 ,  0.0000 ,  0.0000 ,  0.0000 ,  0.0000 ,  0.0000 ,
  0.0000 ,  0.0000 ,  0.0000 ,  0.0000 ,  0.0000 ,  0.0000 ,
  0.0000 ,  0.0000 ,  0.0000 ,  0.0000 ,  0.0000 ,  0.0000 ,
  0.0000 ,  0.0000 ,  0.0000 ,  0.0000 ,  0.0000 ,  0.0000 ,
  0.0000 ,  0.0000 ,  0.0000 ,  0.0000 ,  0.0000 ,  0.0000 ,
  0.0000 ,  0.0000 ,  0.0000 ,  0.0000 ,  0.0000 ,  0.0000 ,
  0.0000 ,  0.0000 ,  0.0000 ,  0.0000 ,  0.0000 ,  0.0000 ,
  0.0000 ,  0.0000 ,  0.0000 ,  0.0000 ,  0.0000 ,  0.0000 ,
  0.0000 ,  0.0000 ,  0.0000 ,  0.0000 ,  0.0000 ,  0.0000 ,
  0.0000 ,  0.0000 ,  0.0000 ,  0.0000 ,  0.0000 ,  0.0000 ,
  0.0000 ,  0.0000 ,  0.0000 ,  0.0000 ,  0.0000 ,  0.0000 ,
  0.0000 ,  0.0000 ,  0.0000 ,  0.0000 ,  0.0000 ,  0.0000 ,
  0.0000 ,  0.0000 ,  0.0000 ,  0.0000 ,  0.0000 ,  0.0000 ,
  0.0000 ,  0.0000 ,  0.0000 ,  0.0000 ,  0.0000 ,  0.0000 ,
  0.0000 ,  0.0000 ,  0.0000 ,  0.0000 ,  0.0000 ,  0.0000 ,
  0.0000 ,  0.0000 ,  0.0000 ,  0.0000 ,  0.0000 ,  0.0000 ,
  0.0000 ,  0.0000 ,  0.0000 ,  0.0000 ,  0.0000 ,  0.0000 ,
  0.0000 ,  0.0000 ,  0.0000 ,  0.0000 ,  0.0000 ,  0.0000 ,
  0.0000 ,  0.0000 ,  0.0000 ,  0.0000 ,  0.0000 ,  0.0000 ,
  0.0000 ,  0.0000 ,  0.0000 ,  0.0000 ,  0.0000 ,  0.0000 ,
  0.0000 ,  0.0000 ,  0.0000 ,  0.0000 ,  0.0000 ,  0.0000 ,
  0.0000 ,  0.0000 ,  0.0000 ,  0.0000 ,  0.0000 ,  0.0000 ,
  0.0000 ,  0.0000 ,  0.0000 ,  0.0000 ,  0.0000 ,  0.0000 ,
  0.0000 ,  0.0000 ,  0.0000 ,  0.0000 ,  0.0000 ,  0.0000 ,
  0.0000 ,  0.0000 ,  0.0000 ,  0.0000 ,  0.0000 ,  0.0000 ,
  0.0000 ,  0.0000 ,  0.0000 ,  0.0000 ,  0.0000 ,  0.0000 ,
  0.0000 ,  0.0000 ,  0.0000 ,  0.0000 ,  0.0000 ,  0.0000 ,
  0.0000 ,  0.0000 ,  0.0000 ,  0.0000 ,  0.0000 ,  0.0000 ,
  0.0000 ,  0.0000 ,  0.0000 ,  0.0000 ,  0.0000 ,  0.0000 ,
  0.0000 ,  0.0000 ,  0.0000 ,  0.0000 ,  0.0000 ,  0.0000 ,
  0.0000 ,  0.0000 ,  0.0000 ,  0.0000 ,  0.0000 ,  0.0000 ,
  0.0000 ,  0.0000 ,  0.0000 ,  0.0000 ,  0.0000 ,  0.0000 ,
  0.0000 ,  0.0000 ,  0.0000 ,  0.0000 ,  0.0000 ,  0.0000 ,
  0.0000 ,  0.0000 ,  0.0000 ,  0.0000 ,  0.0000 ,  0.0000 ,
  0.0000 ,  0.0000 ,  0.0000 ,  0.0000 ,  0.0000 ,  0.0000 ,
  0.0000 ,  0.0000 ,  0.0000 ,  0.0000 ,  0.0000 ,  0.0000 ,
  0.0000 ,  0.0000 ,  0.0000 ,  0.0000 ,  0.0000 ,  0.0000 ,
  0.0000 ,  0.0000 ,  0.0000 ,  0.0000 ,  0.0000 ,  0.0000 ,
  0.0000 ,  0.0000 ,  0.0000 ,  0.0000 ,  0.0000 ,  0.0000 ,
  0.0000 ,  0.0000 ,  0.0000 ,  0.0000 ,  0.0000 ,  0.0000 ,
  0.0000 ,  0.0000 ,  0.0000 ,  0.0000 ,  0.0000 ,  0.0000 ,
  0.0000 ,  0.0000 ,  0.0000 ,  0.0000 ,  0.0000 ,  0.0000 ,
  0.0000 ,  0.0000 ,  0.0000 ,  0.0000 ,  0.0000 ,  0.0000 ,
  0.0000 ,  0.0000 ,  0.0000 ,  0.0000 ,  0.0000 ,  0.0000 ,
  0.0000 ,  0.0000 ,  0.0000 ,  0.0000 ,  0.0000 ,  0.0000 ,
  0.0000 ,  0.0000 ,  0.0000 ,  0.0000 ,  0.0000 ,  0.0000 ,
  0.0000 ,  0.0000 ,  0.0000 ,  0.0000 ,  0.0000 ,  0.0000 ,
  0.0000 ,  0.0000 ,  0.0000 ,  0.0000 ,  0.0000 ,  0.0000 ,
  0.0000 ,  0.0000 ,  0.0000 ,  0.0000 ,  0.0000 ,  0.0000 ,
  0.0000 ,  0.0000 ,  0.0000 ,  0.0000 ,  0.0000 ,  0.0000 ,
  0.0000 ,  0.0000 ,  0.0000 ,  0.0000 ,  0.0000 ,  0.0000 ,
  0.0000 ,  0.0000 ,  0.0000 ,  0.0000 ,  0.0000 ,  0.0000 ,
  0.0000 ,  0.0000 ,  0.0000 ,  0.0000 ,  0.0000 ,  0.0000 ,
  0.0000 ,  0.0000 ,  0.0000 ,  0.0000 ,  0.0000 ,  0.0000 ,
  0.0000 ,  0.0000 ,  0.0000 ,  0.0000 ,  0.0000 ,  0.0000 ,
  0.0000 ,  0.0000 ,  0.0000 ,  0.0000 ,  0.0000 ,  0.0000 ,
  0.0000 ,  0.0000 ,  0.0000 ,  0.0000 ,  0.0000 ,  0.0000 ,
  0.0000 ,  0.0000 ,  0.0000 ,  0.0000 ,  0.0000 ,  0.0000 ,
  0.0000 ,  0.0000 ,  0.0000 ,  0.0000 ,  0.0000 ,  0.0000 ,
  0.0000 ,  0.0000 ,  0.0000 ,  0.0000 ,  0.0000 ,  0.0000 ,
  0.0000 ,  0.0000 ,  0.0000 ,  0.0000 ,  0.0000 ,  0.0000 ,
  0.0000 ,  0.0000 ,  0.0000 ,  0.0000 ,  0.0000 ,  0.0000 ,
  0.0000 ,  0.0000 ,  0.0000 ,  0.0000 ,  0.0000 ,  0.0000 ,
  0.0000 ,  0.0000 ,  0.0000 ,  0.0000 ,  0.0000 ,  0.0000 ,
  0.0000 ,  0.0000 ,  0.0000 ,  0.0000 ,  0.0000 ,  0.0000 ,
  0.0000 ,  0.0000 ,  0.0000 ,  0.0000 ,  0.0000 ,  0.0000 ,
  0.0000 ,  0.0000 ,  0.0000 ,  0.0000 ,  0.0000 ,  0.0000 ,
  0.0000 ,  0.0000 ,  0.0000 ,  0.0000 ,  0.0000 ,  0.0000 ,
  0.0000 ,  0.0000 ,  0.0000 ,  0.0000 ,  0.0000 ,  0.0000 ,
  0.0000 ,  0.0000 ,  0.0000 ,  0.0000 ,  0.0000 ,  0.0000 ,
  0.0000 ,  0.0000 ,  0.0000 ,  0.0000 ,  0.0000 ,  0.0000 ,
  0.0000 ,  0.0000 ,  0.0000 ,  0.0000 ,  0.0000 ,  0.0000 ,
  0.0000 ,  0.0000 ,  0.0000 ,  0.0000 ,  0.0000 ,  0.0000 ,
  0.0000 ,  0.0000 ,  0.0000 ,  0.0000 ,  0.0000 ,  0.0000 ,
  0.0000 ,  0.0000 ,  0.0000 ,  0.0000 ,  0.0000 ,  0.0000 ,
  0.0000 ,  0.0000 ,  0.0000 ,  0.0000 ,  0.0000 ,  0.0000 ,
  0.0000 ,  0.0000 ,  0.0000 ,  0.0000 ,  0.0000 ,  0.0000 ,
  0.0000 ,  0.0000 ,  0.0000 ,  0.0000 ,  0.0000 ,  0.0000 ,
  0.0000 ,  0.0000 ,  0.0000 ,  0.0000 ,  0.0000 ,  0.0000 ,
  0.0000 ,  0.0000 ,  0.0000 ,  0.0000 ,  0.0000 ,  0.0000 ,
  0.0000 ,  0.0000 ,  0.0000 ,  0.0000 ,  0.0000 ,  0.0000 ,
  0.0000 ,  0.0000 ,  0.0000 ,  0.0000 ,  0.0000 ,  0.0000 ,
  0.0000 ,  0.0000 ,  0.0000 ,  0.0000 ,  0.0000 ,  0.0000 ,
  0.0000 ,  0.0000 ,  0.0000 ,  0.0000 ,  0.0000 ,  0.0000 ,
  0.0000 ,  0.0000 ,  0.0000 ,  0.0000 ,  0.0000 ,  0.0000 ,
  0.0000 ,  0.0000 ,  0.0000 ,  0.0000 ,  0.0000 ,  0.0000 ,
  0.0000 ,  0.0000 ,  0.0000 ,  0.0000 ,  0.0000 ,  0.0000 ,
  0.0000 ,  0.0000 ,  0.0000 ,  0.0000 ,  0.0000 ,  0.0000 ,
  0.0000 ,  0.0000 ,  0.0000 ,  0.0000 ,  0.0000 ,  0.0000 ,
  0.0000 ,  0.0000 ,  0.0000 ,  0.0000 ,  0.0000 ,  0.0000 ,
  0.0000 ,  0.0000 ,  0.0000 ,  0.0000 ,  0.0000 ,  0.0000 ,
  0.0000 ,  0.0000 ,  0.0000 ,  0.0000 ,  0.0000 ,  0.0000 ,
  0.0000 ,  0.0000 ,  0.0000 ,  0.0000 ,  0.0000 ,  0.0000 ,
  0.0000 ,  0.0000 ,  0.0000 ,  0.0000 ,  0.0000 ,  0.0000 ,
  0.0000 ,  0.0000 ,  0.0000 ,  0.0000 ,  0.0000 ,  0.0000 ,
  0.0000 ,  0.0000 ,  0.0000 ,  0.0000 ,  0.0000 ,  0.0000 ,
  0.0000 ,  0.0000 ,  0.0000 ,  0.0000 ,  0.0000 ,  0.0000 ,
  0.0000 ,  0.0000 ,  0.0000 ,  0.0000 ,  0.0000 ,  0.0000 ,
  0.0000 ,  0.0000 ,  0.0000 ,  0.0000 ,  0.0000 ,  0.0000 ,
  0.0000 ,  0.0000 ,  0.0000 ,  0.0000 ,  0.0000 ,  0.0000 ,
  0.0000 ,  0.0000 ,  0.0000 ,  0.0000 ,  0.0000 ,  0.0000 ,
  0.0000 ,  0.0000 ,  0.0000 ,  0.0000 ,  0.0000 ,  0.0000 ,
  0.0000 ,  0.0000 ,  0.0000 ,  0.0000 ,  0.0000 ,  0.0000 ,
  0.0000 ,  0.0000 ,  0.0000 ,  0.0000 ,  0.0000 ,  0.0000 ,
  0.0000 ,  0.0000 ,  0.0000 ,  0.0000 ,  0.0000 ,  0.0000 ,
  0.0000 ,  0.0000 ,  0.0000 ,  0.0000 ,  0.0000 ,  0.0000 ,
  0.0000 ,  0.0000 ,  0.0000 ,  0.0000 ,  0.0000 ,  0.0000 ,
  0.0000 ,  0.0000 ,  0.0000 ,  0.0000 ,  0.0000 ,  0.0000 ,
  0.0000 ,  0.0000 ,  0.0000 ,  0.0000 ,  0.0000 ,  0.0000 ,
  0.0000 ,  0.0000 ,  0.0000 ,  0.0000 ,  0.0000 ,  0.0000 ,
  0.0000 ,  0.0000 ,  0.0000 ,  0.0000 ,  0.0000 ,  0.0000 ,
  0.0000 ,  0.0000 ,  0.0000 ,  0.0000 ,  0.0000 ,  0.0000 ,
  0.0000 ,  0.0000 ,  0.0000 ,  0.0000 ,  0.0000 ,  0.0000 ,
  0.0000 ,  0.0000 ,  0.0000 ,  0.0000 ,  0.0000 ,  0.0000 ,
  0.0000 ,  0.0000 ,  0.0000 ,  0.0000 ,  0.0000 ,  0.0000 ,
  0.0000 ,  0.0000 ,  0.0000 ,  0.0000 ,  0.0000 ,  0.0000 ,
  0.0000 ,  0.0000 ,  0.0000 ,  0.0000 ,  0.0000 ,  0.0000 ,
  0.0000 ,  0.0000 ,  0.0000 ,  0.0000 ,  0.0000 ,  0.0000 ,
  0.0000 ,  0.0000 ,  0.0000 ,  0.0000 ,  0.0000 ,  0.0000 ,
  0.0000 ,  0.0000 ,  0.0000 ,  0.0000 ,  0.0000 ,  0.0000 ,
  0.0000 ,  0.0000 ,  0.0000 ,  0.0000 ,  0.0000 ,  0.0000 ,
  0.0000 ,  0.0000 ,  0.0000 ,  0.0000 ,  0.0000 ,  0.0000 ,
  0.0000 ,  0.0000 ,  0.0000 ,  0.0000 ,  0.0000 ,  0.0000 ,
  0.0000 ,  0.0000 ,  0.0000 ,  0.0000 ,  0.0000 ,  0.0000 ,
  0.0000 ,  0.0000 ,  0.0000 ,  0.0000 ,  0.0000 ,  0.0000 ,
  0.0000 ,  0.0000 ,  0.0000 ,  0.0000 ,  0.0000 ,  0.0000 ,
  0.0000 ,  0.0000 ,  0.0000 ,  0.0000 ,  0.0000 ,  0.0000 ,
  0.0000 ,  0.0000 ,  0.0000 ,  0.0000 ,  0.0000 ,  0.0000 ,
  0.0000 ,  0.0000 ,  0.0000 ,  0.0000 ,  0.0000 ,  0.0000 ,
  0.0000 ,  0.0000 ,  0.0000 ,  0.0000 ,  0.0000 ,  0.0000 ,
  0.0000 ,  0.0000 ,  0.0000 ,  0.0000 ,  0.0000 ,  0.0000 ,
  0.0000 ,  0.0000 ,  0.0000 ,  0.0000 ,  0.0000 ,  0.0000 ,
  0.0000 ,  0.0000 ,  0.0000 ,  0.0000 ,  0.0000 ,  0.0000 ,
  0.0000 ,  0.0000 ,  0.0000 ,  0.0000 ,  0.0000 ,  0.0000 ,
  0.0000 ,  0.0000 ,  0.0000 ,  0.0000 ,  0.0000 ,  0.0000 ,
  0.0000 ,  0.0000 ,  0.0000 ,  0.0000 ,  0.0000 ,  0.0000 ,
  0.0000 ,  0.0000 ,  0.0000 ,  0.0000 ,  0.0000 ,  0.0000 ,
  0.0000 ,  0.0000 ,  0.0000 ,  0.0000 ,  0.0000 ,  0.0000 ,
  0.0000 ,  0.0000 ,  0.0000 ,  0.0000 ,  0.0000 ,  0.0000 ,
  0.0000 ,  0.0000 ,  0.0000 ,  0.0000 ,  0.0000 ,  0.0000 ,
  0.0000 ,  0.0000 ,  0.0000 ,  0.0000 ,  0.0000 ,  0.0000 ,
  0.0000 ,  0.0000 ,  0.0000 ,  0.0000 ,  0.0000 ,  0.0000 ,
  0.0000 ,  0.0000 ,  0.0000 ,  0.0000 ,  0.0000 ,  0.0000 ,
  0.0000 ,  0.0000 ,  0.0000 ,  0.0000 ,  0.0000 ,  0.0000 ,
  0.0000 ,  0.0000 ,  0.0000 ,  0.0000 ,  0.0000 ,  0.0000 ,
  0.0000 ,  0.0000 ,  0.0000 ,  0.0000 ,  0.0000 ,  0.0000 ,
  0.0000 ,  0.0000 ,  0.0000 ,  0.0000 ,  0.0000 ,  0.0000 ,
  0.0000 ,  0.0000 ,  0.0000 ,  0.0000 ,  0.0000 ,  0.0000 ,
  0.0000 ,  0.0000 ,  0.0000 ,  0.0000 ,  0.0000 ,  0.0000 ,
  0.0000 ,  0.0000 ,  0.0000 ,  0.0000 ,  0.0000 ,  0.0000 ,
  0.0000 ,  0.0000 ,  0.0000 ,  0.0000 ,  0.0000 ,  0.0000 ,
  0.0000 ,  0.0000 ,  0.0000 ,  0.0000 ,  0.0000 ,  0.0000 ,
  0.0000 ,  0.0000 ,  0.0000 ,  0.0000 ,  0.0000 ,  0.0000 ,
  0.0000 ,  0.0000 ,  0.0000 ,  0.0000 ,  0.0000 ,  0.0000 ,
  0.0000 ,  0.0000 ,  0.0000 ,  0.0000 ,  0.0000 ,  0.0000 ,
  0.0000 ,  0.0000 ,  0.0000 ,  0.0000 ,  0.0000 ,  0.0000 ,
  0.0000 ,  0.0000 ,  0.0000 ,  0.0000 ,  0.0000 ,  0.0000 ,
  0.0000 ,  0.0000 ,  0.0000 ,  0.0000 ,  0.0000 ,  0.0000 ,
  0.0000 ,  0.0000 ,  0.0000 ,  0.0000 ,  0.0000 ,  0.0000 ,
  0.0000 ,  0.0000 ,  0.0000 ,  0.0000 ,  0.0000 ,  0.0000 ,
  0.0000 ,  0.0000 ,  0.0000 ,  0.0000 ,  0.0000 ,  0.0000 ,
  0.0000 ,  0.0000 ,  0.0000 ,  0.0000 ,  0.0000 ,  0.0000 ,
  0.0000 ,  0.0000 ,  0.0000 ,  0.0000 ,  0.0000 ,  0.0000 ,
  0.0000 ,  0.0000 ,  0.0000 ,  0.0000 ,  0.0000 ,  0.0000 ,
  0.0000 ,  0.0000 ,  0.0000 ,  0.0000 ,  0.0000 ,  0.0000 ,
  0.0000 ,  0.0000 ,  0.0000 ,  0.0000 ,  0.0000 ,  0.0000 ,
  0.0000 ,  0.0000 ,  0.0000 ,  0.0000 ,  0.0000 ,  0.0000 ,
  0.0000 ,  0.0000 ,  0.0000 ,  0.0000 ,  0.0000 ,  0.0000 ,
  0.0000 ,  0.0000 ,  0.0000 ,  0.0000 ,  0.0000 ,  0.0000 ,
  0.0000 ,  0.0000 ,  0.0000 ,  0.0000 ,  0.0000 ,  0.0000 ,
  0.0000 ,  0.0000 ,  0.0000 ,  0.0000 ,  0.0000 ,  0.0000 ,
  0.0000 ,  0.0000 ,  0.0000 ,  0.0000 ,  0.0000 ,  0.0000 ,
  0.0000 ,  0.0000 ,  0.0000 ,  0.0000 ,  0.0000 ,  0.0000 ,
  0.0000 ,  0.0000 ,  0.0000 ,  0.0000 ,  0.0000 ,  0.0000 ,
  0.0000 ,  0.0000 ,  0.0000 ,  0.0000 ,  0.0000 ,  0.0000 ,
  0.0000 ,  0.0000 ,  0.0000 ,  0.0000 ,  0.0000 ,  0.0000 ,
  0.0000 ,  0.0000 ,  0.0000 ,  0.0000 ,  0.0000 ,  0.0000 ,
  0.0000 ,  0.0000 ,  0.0000 ,  0.0000 ,  0.0000 ,  0.0000 ,
  0.0000 ,  0.0000 ,  0.0000 ,  0.0000 ,  0.0000 ,  0.0000 ,
  0.0000 ,  0.0000 ,  0.0000 ,  0.0000 ,  0.0000 ,  0.0000 ,
  0.0000 ,  0.0000 ,  0.0000 ,  0.0000 ,  0.0000 ,  0.0000 ,
  0.0000 ,  0.0000 ,  0.0000 ,  0.0000 ,  0.0000 ,  0.0000 ,
  0.0000 ,  0.0000 ,  0.0000 ,  0.0000 ,  0.0000 ,  0.0000 ,
  0.0000 ,  0.0000 ,  0.0000 ,  0.0000 ,  0.0000 ,  0.0000 ,
  0.0000 ,  0.0000 ,  0.0000 ,  0.0000 ,  0.0000 ,  0.0000 ,
  0.0000 ,  0.0000 ,  0.0000 ,  0.0000 ,  0.0000 ,  0.0000 ,
  0.0000 ,  0.0000 ,  0.0000 ,  0.0000 ,  0.0000 ,  0.0000 ,
  0.0000 ,  0.0000 ,  0.0000 ,  0.0000 ,  0.0000 ,  0.0000 ,
  0.0000 ,  0.0000 ,  0.0000 ,  0.0000 ,  0.0000 ,  0.0000 ,
  0.0000 ,  0.0000 ,  0.0000 ,  0.0000 ,  0.0000 ,  0.0000 ,
  0.0000 ,  0.0000 ,  0.0000 ,  0.0000 ,  0.0000 ,  0.0000 ,
  0.0000 ,  0.0000 ,  0.0000 ,  0.0000 ,  0.0000 ,  0.0000 ,
  0.0000 ,  0.0000 ,  0.0000 ,  0.0000 ,  0.0000 ,  0.0000 ,
  0.0000 ,  0.0000 ,  0.0000 ,  0.0000 ,  0.0000 ,  0.0000 ,
  0.0000 ,  0.0000 ,  0.0000 ,  0.0000 ,  0.0000 ,  0.0000 ,
  0.0000 ,  0.0000 ,  0.0000 ,  0.0000 ,  0.0000 ,  0.0000 ,
  0.0000 ,  0.0000 ,  0.0000 ,  0.0000 ,  0.0000 ,  0.0000 ,
  0.0000 ,  0.0000 ,  0.0000 ,  0.0000 ,  0.0000 ,  0.0000 ,
  0.0000 ,  0.0000 ,  0.0000 ,  0.0000 ,  0.0000 ,  0.0000 ,
  0.0000 ,  0.0000 ,  0.0000 ,  0.0000 ,  0.0000 ,  0.0000 ,
  0.0000 ,  0.0000 ,  0.0000 ,  0.0000 ,  0.0000 ,  0.0000 ,
  0.0000 ,  0.0000 ,  0.0000 ,  0.0000 ,  0.0000 ,  0.0000 ,
  0.0000 ,  0.0000 ,  0.0000 ,  0.0000 ,  0.0000 ,  0.0000 ,
  0.0000 ,  0.0000 ,  0.0000 ,  0.0000 ,  0.0000 ,  0.0000 ,
  0.0000 ,  0.0000 ,  0.0000 ,  0.0000 ,  0.0000 ,  0.0000 ,
  0.0000 ,  0.0000 ,  0.0000 ,  0.0000 ,  0.0000 ,  0.0000 ,
  0.0000 ,  0.0000 ,  0.0000 ,  0.0000 ,  0.0000 ,  0.0000 ,
  0.0000 ,  0.0000 ,  0.0000 ,  0.0000 ,  0.0000 ,  0.0000 ,
  0.0000 ,  0.0000 ,  0.0000 ,  0.0000 ,  0.0000 ,  0.0000 ,
  0.0000 ,  0.0000 ,  0.0000 ,  0.0000 ,  0.0000 ,  0.0000 ,
  0.0000 ,  0.0000 ,  0.0000 ,  0.0000 ,  0.0000 ,  0.0000 ,
  0.0000 ,  0.0000 ,  0.0000 ,  0.0000 ,  0.0000 ,  0.0000 ,
  0.0000 ,  0.0000 ,  0.0000 ,  0.0000 ,  0.0000 ,  0.0000 ,
  0.0000 ,  0.0000 ,  0.0000 ,  0.0000 ,  0.0000 ,  0.0000 ,
  0.0000 ,  0.0000 ,  0.0000 ,  0.0000 ,  0.0000 ,  0.0000 ,
  0.0000 ,  0.0000 ,  0.0000 ,  0.0000 ,  0.0000 ,  0.0000 ,
  0.0000 ,  0.0000 ,  0.0000 ,  0.0000 ,  0.0000 ,  0.0000 ,
  0.0000 ,  0.0000 ,  0.0000 ,  0.0000 ,  0.0000 ,  0.0000 ,
  0.0000 ,  0.0000 ,  0.0000 ,  0.0000 ,  0.0000 ,  0.0000 ,
  0.0000 ,  0.0000 ,  0.0000 ,  0.0000 ,  0.0000 ,  0.0000 ,
  0.0000 ,  0.0000 ,  0.0000 ,  0.0000 ,  0.0000 ,  0.0000 ,
  0.0000 ,  0.0000 ,  0.0000 ,  0.0000 ,  0.0000 ,  0.0000 ,
  0.0000 ,  0.0000 ,  0.0000 ,  0.0000 ,  0.0000 ,  0.0000 ,
  0.0000 ,  0.0000 ,  0.0000 ,  0.0000 ,  0.0000 ,  0.0000 ,
  0.0000 ,  0.0000 ,  0.0000 ,  0.0000 ,  0.0000 ,  0.0000 ,
  0.0000 ,  0.0000 ,  0.0000 ,  0.0000 ,  0.0000 ,  0.0000 ,
  0.0000 ,  0.0000 ,  0.0000 ,  0.0000 ,  0.0000 ,  0.0000 ,
  0.0000 ,  0.0000 ,  0.0000 ,  0.0000 ,  0.0000 ,  0.0000 ,
  0.0000 ,  0.0000 ,  0.0000 ,  0.0000 ,  0.0000 ,  0.0000 ,
  0.0000 ,  0.0000 ,  0.0000 ,  0.0000 ,  0.0000 ,  0.0000 ,
  0.0000 ,  0.0000 ,  0.0000 ,  0.0000 ,  0.0000 ,  0.0000 ,
  0.0000 ,  0.0000 ,  0.0000 ,  0.0000 ,  0.0000 ,  0.0000 ,
  0.0000 ,  0.0000 ,  0.0000 ,  0.0000 ,  0.0000 ,  0.0000 ,
  0.0000 ,  0.0000 ,  0.0000 ,  0.0000 ,  0.0000 ,  0.0000 ,
  0.0000 ,  0.0000 ,  0.0000 ,  0.0000 ,  0.0000 ,  0.0000 ,
  0.0000 ,  0.0000 ,  0.0000 ,  0.0000 ,  0.0000 ,  0.0000 ,
  0.0000 ,  0.0000 ,  0.0000 ,  0.0000 ,  0.0000 ,  0.0000 ,
  0.0000 ,  0.0000 ,  0.0000 ,  0.0000 ,  0.0000 ,  0.0000 ,
  0.0000 ,  0.0000 ,  0.0000 ,  0.0000 ,  0.0000 ,  0.0000 ,
  0.0000 ,  0.0000 ,  0.0000 ,  0.0000 ,  0.0000 ,  0.0000 ,
  0.0000 ,  0.0000 ,  0.0000 ,  0.0000 ,  0.0000 ,  0.0000 ,
  0.0000 ,  0.0000 ,  0.0000 ,  0.0000 ,  0.0000 ,  0.0000 ,
  0.0000 ,  0.0000 ,  0.0000 ,  0.0000 ,  0.0000 ,  0.0000 ,
  0.0000 ,  0.0000 ,  0.0000 ,  0.0000 ,  0.0000 ,  0.0000 ,
  0.0000 ,  0.0000 ,  0.0000 ,  0.0000 ,  0.0000 ,  0.0000 ,
  0.0000 ,  0.0000 ,  0.0000 ,  0.0000 ,  0.0000 ,  0.0000 ,
  0.0000 ,  0.0000 ,  0.0000 ,  0.0000 ,  0.0000 ,  0.0000 ,
  0.0000 ,  0.0000 ,  0.0000 ,  0.0000 ,  0.0000 ,  0.0000 ,
  0.0000 ,  0.0000 ,  0.0000 ,  0.0000 ,  0.0000 ,  0.0000 ,
  0.0000 ,  0.0000 ,  0.0000 ,  0.0000 ,  0.0000 ,  0.0000 ,
  0.0000 ,  0.0000 ,  0.0000 ,  0.0000 ,  0.0000 ,  0.0000 ,
  0.0000 ,  0.0000 ,  0.0000 ,  0.0000 ,  0.0000 ,  0.0000 ,
  0.0000 ,  0.0000 ,  0.0000 ,  0.0000 ,  0.0000 ,  0.0000 ,
  0.0000 ,  0.0000 ,  0.0000 ,  0.0000 ,  0.0000 ,  0.0000 ,
  0.0000 ,  0.0000 ,  0.0000 ,  0.0000 ,  0.0000 ,  0.0000 ,
  0.0000 ,  0.0000 ,  0.0000 ,  0.0000 ,  0.0000 ,  0.0000 ,
  0.0000 ,  0.0000 ,  0.0000 ,  0.0000 ,  0.0000 ,  0.0000 ,
  0.0000 ,  0.0000 ,  0.0000 ,  0.0000 ,  0.0000 ,  0.0000 ,
  0.0000 ,  0.0000 ,  0.0000 ,  0.0000 ,  0.0000 ,  0.0000 ,
  0.0000 ,  0.0000 ,  0.0000 ,  0.0000 ,  0.0000 ,  0.0000 ,
  0.0000 ,  0.0000 ,  0.0000 ,  0.0000 ,  0.0000 ,  0.0000 ,
  0.0000 ,  0.0000 ,  0.0000 ,  0.0000 ,  0.0000 ,  0.0000 ,
  0.0000 ,  0.0000 ,  0.0000 ,  0.0000 ,  0.0000 ,  0.0000 ,
  0.0000 ,  0.0000 ,  0.0000 ,  0.0000 ,  0.0000 ,  0.0000 ,
  0.0000 ,  0.0000 ,  0.0000 ,  0.0000 ,  0.0000 ,  0.0000 ,
  0.0000 ,  0.0000 ,  0.0000 ,  0.0000 ,  0.0000 ,  0.0000 ,
  0.0000 ,  0.0000 ,  0.0000 ,  0.0000 ,  0.0000 ,  0.0000 ,
  0.0000 ,  0.0000 ,  0.0000 ,  0.0000 ,  0.0000 ,  0.0000 ,
  0.0000 ,  0.0000 ,  0.0000 ,  0.0000 ,  0.0000 ,  0.0000 ,
  0.0000 ,  0.0000 ,  0.0000 ,  0.0000 ,  0.0000 ,  0.0000 ,
  0.0000 ,  0.0000 ,  0.0000 ,  0.0000 ,  0.0000 ,  0.0000 ,
  0.0000 ,  0.0000 ,  0.0000 ,  0.0000 ,  0.0000 ,  0.0000 ,
  0.0000 ,  0.0000 ,  0.0000 ,  0.0000 ,  0.0000 ,  0.0000 ,
  0.0000 ,  0.0000 ,  0.0000 ,  0.0000 ,  0.0000 ,  0.0000 ,
  0.0000 ,  0.0000 ,  0.0000 ,  0.0000 ,  0.0000 ,  0.0000 ,
  0.0000 ,  0.0000 ,  0.0000 ,  0.0000 ,  0.0000 ,  0.0000 ,
  0.0000 ,  0.0000 ,  0.0000 ,  0.0000 ,  0.0000 ,  0.0000 ,
  0.0000 ,  0.0000 ,  0.0000 ,  0.0000 ,  0.0000 ,  0.0000 ,
  0.0000 ,  0.0000 ,  0.0000 ,  0.0000 ,  0.0000 ,  0.0000 ,
  0.0000 ,  0.0000 ,  0.0000 ,  0.0000 ,  0.0000 ,  0.0000 ,
  0.0000 ,  0.0000 ,  0.0000 ,  0.0000 ,  0.0000 ,  0.0000 ,
  0.0000 ,  0.0000 ,  0.0000 ,  0.0000 ,  0.0000 ,  0.0000 ,
  0.0000 ,  0.0000 ,  0.0000 ,  0.0000 ,  0.0000 ,  0.0000 ,
  0.0000 ,  0.0000 ,  0.0000 ,  0.0000 ,  0.0000 ,  0.0000 ,
  0.0000 ,  0.0000 ,  0.0000 ,  0.0000 ,  0.0000 ,  0.0000 ,
  0.0000 ,  0.0000 ,  0.0000 ,  0.0000 ,  0.0000 ,  0.0000 ,
  0.0000 ,  0.0000 ,  0.0000 ,  0.0000 ,  0.0000 ,  0.0000 ,
  0.0000 ,  0.0000 ,  0.0000 ,  0.0000 ,  0.0000 ,  0.0000 ,
  0.0000 ,  0.0000 ,  0.0000 ,  0.0000 ,  0.0000 ,  0.0000 ,
  0.0000 ,  0.0000 ,  0.0000 ,  0.0000 ,  0.0000 ,  0.0000 ,
  0.0000 ,  0.0000 ,  0.0000 ,  0.0000 ,  0.0000 ,  0.0000 ,
  0.0000 ,  0.0000 ,  0.0000 ,  0.0000 ,  0.0000 ,  0.0000 ,
  0.0000 ,  0.0000 ,  0.0000 ,  0.0000 ,  0.0000 ,  0.0000 ,
  0.0000 ,  0.0000 ,  0.0000 ,  0.0000 ,  0.0000 ,  0.0000 ,
  0.0000 ,  0.0000 ,  0.0000 ,  0.0000 ,  0.0000 ,  0.0000 ,
  0.0000 ,  0.0000 ,  0.0000 ,  0.0000 ,  0.0000 ,  0.0000 ,
  0.0000 ,  0.0000 ,  0.0000 ,  0.0000 ,  0.0000 ,  0.0000 ,
  0.0000 ,  0.0000 ,  0.0000 ,  0.0000 ,  0.0000 ,  0.0000 ,
  0.0000 ,  0.0000 ,  0.0000 ,  0.0000 ,  0.0000 ,  0.0000 ,
  0.0000 ,  0.0000 ,  0.0000 ,  0.0000 ,  0.0000 ,  0.0000 ,
  0.0000 ,  0.0000 ,  0.0000 ,  0.0000 ,  0.0000 ,  0.0000 ,
  0.0000 ,  0.0000 ,  0.0000 ,  0.0000 ,  0.0000 ,  0.0000 ,
  0.0000 ,  0.0000 ,  0.0000 ,  0.0000 ,  0.0000 ,  0.0000 ,
  0.0000 ,  0.0000 ,  0.0000 ,  0.0000 ,  0.0000 ,  0.0000 ,
  0.0000 ,  0.0000 ,  0.0000 ,  0.0000 ,  0.0000 ,  0.0000 ,
  0.0000 ,  0.0000 ,  0.0000 ,  0.0000 ,  0.0000 ,  0.0000 ,
  0.0000 ,  0.0000 ,  0.0000 ,  0.0000 ,  0.0000 ,  0.0000 ,
  0.0000 ,  0.0000 ,  0.0000 ,  0.0000 ,  0.0000 ,  0.0000 ,
  0.0000 ,  0.0000 ,  0.0000 ,  0.0000 ,  0.0000 ,  0.0000 ,
  0.0000 ,  0.0000 ,  0.0000 ,  0.0000 ,  0.0000 ,  0.0000 ,
  0.0000 ,  0.0000 ,  0.0000 ,  0.0000 ,  0.0000 ,  0.0000 ,
  0.0000 ,  0.0000 ,  0.0000 ,  0.0000 ,  0.0000 ,  0.0000 ,
  0.0000 ,  0.0000 ,  0.0000 ,  0.0000 ,  0.0000 ,  0.0000 ,
  0.0000 ,  0.0000 ,  0.0000 ,  0.0000 ,  0.0000 ,  0.0000 ,
  0.0000 ,  0.0000 ,  0.0000 ,  0.0000 ,  0.0000 ,  0.0000 ,
  0.0000 ,  0.0000 ,  0.0000 ,  0.0000 ,  0.0000 ,  0.0000 ,
  0.0000 ,  0.0000 ,  0.0000 ,  0.0000 ,  0.0000 ,  0.0000 ,
  0.0000 ,  0.0000 ,  0.0000 ,  0.0000 ,  0.0000 ,  0.0000 ,
  0.0000 ,  0.0000 ,  0.0000 ,  0.0000 ,  0.0000 ,  0.0000 ,
  0.0000 ,  0.0000 ,  0.0000 ,  0.0000 ,  0.0000 ,  0.0000 ,
  0.0000 ,  0.0000 ,  0.0000 ,  0.0000 ,  0.0000 ,  0.0000 ,
  0.0000 ,  0.0000 ,  0.0000 ,  0.0000 ,  0.0000 ,  0.0000 ,
  0.0000 ,  0.0000 ,  0.0000 ,  0.0000 ,  0.0000 ,  0.0000 ,
  0.0000 ,  0.0000 ,  0.0000 ,  0.0000 ,  0.0000 ,  0.0000 ,
  0.0000 ,  0.0000 ,  0.0000 ,  0.0000 ,  0.0000 ,  0.0000 ,
  0.0000 ,  0.0000 ,  0.0000 ,  0.0000 ,  0.0000 ,  0.0000 ,
  0.0000 ,  0.0000 ,  0.0000 ,  0.0000 ,  0.0000 ,  0.0000 ,
  0.0000 ,  0.0000 ,  0.0000 ,  0.0000 ,  0.0000 ,  0.0000 ,
  0.0000 ,  0.0000 ,  0.0000 ,  0.0000 ,  0.0000 ,  0.0000 ,
  0.0000 ,  0.0000 ,  0.0000 ,  0.0000 ,  0.0000 ,  0.0000 ,
  0.0000 ,  0.0000 ,  0.0000 ,  0.0000 ,  0.0000 ,  0.0000 ,
  0.0000 ,  0.0000 ,  0.0000 ,  0.0000 ,  0.0000 ,  0.0000 ,
  0.0000 ,  0.0000 ,  0.0000 ,  0.0000 ,  0.0000 ,  0.0000 ,
  0.0000 ,  0.0000 ,  0.0000 ,  0.0000 ,  0.0000 ,  0.0000 ,
  0.0000 ,  0.0000 ,  0.0000 ,  0.0000 ,  0.0000 ,  0.0000 ,
  0.0000 ,  0.0000 ,  0.0000 ,  0.0000 ,  0.0000 ,  0.0000 ,
  0.0000 ,  0.0000 ,  0.0000 ,  0.0000 ,  0.0000 ,  0.0000 ,
  0.0000 ,  0.0000 ,  0.0000 ,  0.0000 ,  0.0000 ,  0.0000 ,
  0.0000 ,  0.0000 ,  0.0000 ,  0.0000 ,  0.0000 ,  0.0000 ,
  0.0000 ,  0.0000 ,  0.0000 ,  0.0000 ,  0.0000 ,  0.0000 ,
  0.0000 ,  0.0000 ,  0.0000 ,  0.0000 ,  0.0000 ,  0.0000 ,
  0.0000 ,  0.0000 ,  0.0000 ,  0.0000 ,  0.0000 ,  0.0000 ,
  0.0000 ,  0.0000 ,  0.0000 ,  0.0000 ,  0.0000 ,  0.0000 ,
  0.0000 ,  0.0000 ,  0.0000 ,  0.0000 ,  0.0000 ,  0.0000 ,
  0.0000 ,  0.0000 ,  0.0000 ,  0.0000 ,  0.0000 ,  0.0000 ,
  0.0000 ,  0.0000 ,  0.0000 ,  0.0000 ,  0.0000 ,  0.0000 ,
  0.0000 ,  0.0000 ,  0.0000 ,  0.0000 ,  0.0000 ,  0.0000 ,
  0.0000 ,  0.0000 ,  0.0000 ,  0.0000 ,  0.0000 ,  0.0000 ,
  0.0000 ,  0.0000 ,  0.0000 ,  0.0000 ,  0.0000 ,  0.0000 ,
  0.0000 ,  0.0000 ,  0.0000 ,  0.0000 ,  0.0000 ,  0.0000 ,
  0.0000 ,  0.0000 ,  0.0000 ,  0.0000 ,  0.0000 ,  0.0000 ,
  0.0000 ,  0.0000 ,  0.0000 ,  0.0000 ,  0.0000 ,  0.0000 ,
  0.0000 ,  0.0000 ,  0.0000 ,  0.0000 ,  0.0000 ,  0.0000 ,
  0.0000 ,  0.0000 ,  0.0000 ,  0.0000 ,  0.0000 ,  0.0000 ,
  0.0000 ,  0.0000 ,  0.0000 ,  0.0000 ,  0.0000 ,  0.0000 ,
  0.0000 ,  0.0000 ,  0.0000 ,  0.0000 ,  0.0000 ,  0.0000 ,
  0.0000 ,  0.0000 ,  0.0000 ,  0.0000 ,  0.0000 ,  0.0000 ,
  0.0000 ,  0.0000 ,  0.0000 ,  0.0000 ,  0.0000 ,  0.0000 ,
  0.0000 ,  0.0000 ,  0.0000 ,  0.0000 ,  0.0000 ,  0.0000 ,
  0.0000 ,  0.0000 ,  0.0000 ,  0.0000 ,  0.0000 ,  0.0000 ,
  0.0000 ,  0.0000 ,  0.0000 ,  0.0000 ,  0.0000 ,  0.0000 ,
  0.0000 ,  0.0000 ,  0.0000 ,  0.0000 ,  0.0000 ,  0.0000 ,
  0.0000 ,  0.0000 ,  0.0000 ,  0.0000 ,  0.0000 ,  0.0000 ,
  0.0000 ,  0.0000 ,  0.0000 ,  0.0000 ,  0.0000 ,  0.0000 ,
  0.0000 ,  0.0000 ,  0.0000 ,  0.0000 ,  0.0000 ,  0.0000 ,
  0.0000 ,  0.0000 ,  0.0000 ,  0.0000 ,  0.0000 ,  0.0000 ,
  0.0000 ,  0.0000 ,  0.0000 ,  0.0000 ,  0.0000 ,  0.0000 ,
  0.0000 ,  0.0000 ,  0.0000 ,  0.0000 ,  0.0000 ,  0.0000 ,
  0.0000 ,  0.0000 ,  0.0000 ,  0.0000 ,  0.0000 ,  0.0000 ,
  0.0000 ,  0.0000 ,  0.0000 ,  0.0000 ,  0.0000 ,  0.0000 ,
  0.0000 ,  0.0000 ,  0.0000 ,  0.0000 ,  0.0000 ,  0.0000 ,
  0.0000 ,  0.0000 ,  0.0000 ,  0.0000 ,  0.0000 ,  0.0000 ,
  0.0000 ,  0.0000 ,  0.0000 ,  0.0000 ,  0.0000 ,  0.0000 ,
  0.0000 ,  0.0000 ,  0.0000 ,  0.0000 ,  0.0000 ,  0.0000 ,
  0.0000 ,  0.0000 ,  0.0000 ,  0.0000 ,  0.0000 ,  0.0000 ,
  0.0000 ,  0.0000 ,  0.0000 ,  0.0000 ,  0.0000 ,  0.0000 ,
  0.0000 ,  0.0000 ,  0.0000 ,  0.0000 ,  0.0000 ,  0.0000 ,
  0.0000 ,  0.0000 ,  0.0000 ,  0.0000 ,  0.0000 ,  0.0000 ,
  0.0000 ,  0.0000 ,  0.0000 ,  0.0000 ,  0.0000 ,  0.0000 ,
  0.0000 ,  0.0000 ,  0.0000 ,  0.0000 ,  0.0000 ,  0.0000 ,
  0.0000 ,  0.0000 ,  0.0000 ,  0.0000 ,  0.0000 ,  0.0000 ,
  0.0000 ,  0.0000 ,  0.0000 ,  0.0000 ,  0.0000 ,  0.0000 ,
  0.0000 ,  0.0000 ,  0.0000 ,  0.0000 ,  0.0000 ,  0.0000 ,
  0.0000 ,  0.0000 ,  0.0000 ,  0.0000 ,  0.0000 ,  0.0000 ,
  0.0000 ,  0.0000 ,  0.0000 ,  0.0000 ,  0.0000 ,  0.0000 ,
  0.0000 ,  0.0000 ,  0.0000 ,  0.0000 ,  0.0000 ,  0.0000 ,
  0.0000 ,  0.0000 ,  0.0000 ,  0.0000 ,  0.0000 ,  0.0000 ,
  0.0000 ,  0.0000 ,  0.0000 ,  0.0000 ,  0.0000 ,  0.0000 ,
  0.0000 ,  0.0000 ,  0.0000 ,  0.0000 ,  0.0000 ,  0.0000 ,
  0.0000 ,  0.0000 ,  0.0000 ,  0.0000 ,  0.0000 ,  0.0000 ,
  0.0000 ,  0.0000 ,  0.0000 ,  0.0000 ,  0.0000 ,  0.0000 ,
  0.0000 ,  0.0000 ,  0.0000 ,  0.0000 ,  0.0000 ,  0.0000 ,
  0.0000 ,  0.0000 ,  0.0000 ,  0.0000 ,  0.0000 ,  0.0000 ,
  0.0000 ,  0.0000 ,  0.0000 ,  0.0000 ,  0.0000 ,  0.0000 ,
  0.0000 ,  0.0000 ,  0.0000 ,  0.0000 ,  0.0000 ,  0.0000 ,
  0.0000 ,  0.0000 ,  0.0000 ,  0.0000 ,  0.0000 ,  0.0000 ,
  0.0000 ,  0.0000 ,  0.0000 ,  0.0000 ,  0.0000 ,  0.0000 ,
  0.0000 ,  0.0000 ,  0.0000 ,  0.0000 ,  0.0000 ,  0.0000 ,
  0.0000 ,  0.0000 ,  0.0000 ,  0.0000 ,  0.0000 ,  0.0000 ,
  0.0000 ,  0.0000 ,  0.0000 ,  0.0000 ,  0.0000 ,  0.0000 ,
  0.0000 ,  0.0000 ,  0.0000 ,  0.0000 ,  0.0000 ,  0.0000 ,
  0.0000 ,  0.0000 ,  0.0000 ,  0.0000 ,  0.0000 ,  0.0000 ,
  0.0000 ,  0.0000 ,  0.0000 ,  0.0000 ,  0.0000 ,  0.0000 ,
  0.0000 ,  0.0000 ,  0.0000 ,  0.0000 ,  0.0000 ,  0.0000 ,
  0.0000 ,  0.0000 ,  0.0000 ,  0.0000 ,  0.0000 ,  0.0000 ,
  0.0000 ,  0.0000 ,  0.0000 ,  0.0000 ,  0.0000 ,  0.0000 ,
  0.0000 ,  0.0000 ,  0.0000 ,  0.0000 ,  0.0000 ,  0.0000 ,
  0.0000 ,  0.0000 ,  0.0000 ,  0.0000 ,  0.0000 ,  0.0000 ,
  0.0000 ,  0.0000 ,  0.0000 ,  0.0000 ,  0.0000 ,  0.0000 ,
  0.0000 ,  0.0000 ,  0.0000 ,  0.0000 ,  0.0000 ,  0.0000 ,
  0.0000 ,  0.0000 ,  0.0000 ,  0.0000 ,  0.0000 ,  0.0000 ,
  0.0000 ,  0.0000 ,  0.0000 ,  0.0000 ,  0.0000 ,  0.0000 ,
  0.0000 ,  0.0000 ,  0.0000 ,  0.0000 ,  0.0000 ,  0.0000 ,
  0.0000 ,  0.0000 ,  0.0000 ,  0.0000 ,  0.0000 ,  0.0000 ,
  0.0000 ,  0.0000 ,  0.0000 ,  0.0000 ,  0.0000 ,  0.0000 ,
  0.0000 ,  0.0000 ,  0.0000 ,  0.0000 ,  0.0000 ,  0.0000 ,
  0.0000 ,  0.0000 ,  0.0000 ,  0.0000 ,  0.0000 ,  0.0000 ,
  0.0000 ,  0.0000 ,  0.0000 ,  0.0000 ,  0.0000 ,  0.0000 ,
  0.0000 ,  0.0000 ,  0.0000 ,  0.0000 ,  0.0000 ,  0.0000 ,
  0.0000 ,  0.0000 ,  0.0000 ,  0.0000 ,  0.0000 ,  0.0000 ,
  0.0000 ,  0.0000 ,  0.0000 ,  0.0000 ,  0.0000 ,  0.0000 ,
  0.0000 ,  0.0000 ,  0.0000 ,  0.0000 ,  0.0000 ,  0.0000 ,
  0.0000 ,  0.0000 ,  0.0000 ,  0.0000 ,  0.0000 ,  0.0000 ,
  0.0000 ,  0.0000 ,  0.0000 ,  0.0000 ,  0.0000 ,  0.0000 ,
  0.0000 ,  0.0000 ,  0.0000 ,  0.0000 ,  0.0000 ,  0.0000 ,
  0.0000 ,  0.0000 ,  0.0000 ,  0.0000 ,  0.0000 ,  0.0000 ,
  0.0000 ,  0.0000 ,  0.0000 ,  0.0000 ,  0.0000 ,  0.0000 ,
  0.0000 ,  0.0000 ,  0.0000 ,  0.0000 ,  0.0000 ,  0.0000 ,
  0.0000 ,  0.0000 ,  0.0000 ,  0.0000 ,  0.0000 ,  0.0000 ,
  0.0000 ,  0.0000 ,  0.0000 ,  0.0000 ,  0.0000 ,  0.0000 ,
  0.0000 ,  0.0000 ,  0.0000 ,  0.0000 ,  0.0000 ,  0.0000 ,
  0.0000 ,  0.0000 ,  0.0000 ,  0.0000 ,  0.0000 ,  0.0000 ,
  0.0000 ,  0.0000 ,  0.0000 ,  0.0000 ,  0.0000 ,  0.0000 ,
  0.0000 ,  0.0000 ,  0.0000 ,  0.0000 ,  0.0000 ,  0.0000 ,
  0.0000 ,  0.0000 ,  0.0000 ,  0.0000 ,  0.0000 ,  0.0000 ,
  0.0000 ,  0.0000 ,  0.0000 ,  0.0000 ,  0.0000 ,  0.0000 ,
  0.0000 ,  0.0000 ,  0.0000 ,  0.0000 ,  0.0000 ,  0.0000 ,
  0.0000 ,  0.0000 ,  0.0000 ,  0.0000 ,  0.0000 ,  0.0000 ,
  0.0000 ,  0.0000 ,  0.0000 ,  0.0000 ,  0.0000 ,  0.0000 ,
  0.0000 ,  0.0000 ,  0.0000 ,  0.0000 ,  0.0000 ,  0.0000 ,
  0.0000 ,  0.0000 ,  0.0000 ,  0.0000 ,  0.0000 ,  0.0000 ,
  0.0000 ,  0.0000 ,  0.0000 ,  0.0000 ,  0.0000 ,  0.0000 ,
  0.0000 ,  0.0000 ,  0.0000 ,  0.0000 ,  0.0000 ,  0.0000 ,
  0.0000 ,  0.0000 ,  0.0000 ,  0.0000 ,  0.0000 ,  0.0000 ,
  0.0000 ,  0.0000 ,  0.0000 ,  0.0000 ,  0.0000 ,  0.0000 ,
  0.0000 ,  0.0000 ,  0.0000 ,  0.0000 ,  0.0000 ,  0.0000 ,
  0.0000 ,  0.0000 ,  0.0000 ,  0.0000 ,  0.0000 ,  0.0000 ,
  0.0000 ,  0.0000 ,  0.0000 ,  0.0000 ,  0.0000 ,  0.0000 ,
  0.0000 ,  0.0000 ,  0.0000 ,  0.0000 ,  0.0000 ,  0.0000 ,
  0.0000 ,  0.0000 ,  0.0000 ,  0.0000 ,  0.0000 ,  0.0000 ,
  0.0000 ,  0.0000 ,  0.0000 ,  0.0000 ,  0.0000 ,  0.0000 ,
  0.0000 ,  0.0000 ,  0.0000 ,  0.0000 ,  0.0000 ,  0.0000 ,
  0.0000 ,  0.0000 ,  0.0000 ,  0.0000 ,  0.0000 ,  0.0000 ,
  0.0000 ,  0.0000 ,  0.0000 ,  0.0000 ,  0.0000 ,  0.0000 ,
  0.0000 ,  0.0000 ,  0.0000 ,  0.0000 ,  0.0000 ,  0.0000 ,
  0.0000 ,  0.0000 ,  0.0000 ,  0.0000 ,  0.0000 ,  0.0000 ,
  0.0000 ,  0.0000 ,  0.0000 ,  0.0000 ,  0.0000 ,  0.0000 ,
  0.0000 ,  0.0000 ,  0.0000 ,  0.0000 ,  0.0000 ,  0.0000 ,
  0.0000 ,  0.0000 ,  0.0000 ,  0.0000 ,  0.0000 ,  0.0000 ,
  0.0000 ,  0.0000 ,  0.0000 ,  0.0000 ,  0.0000 ,  0.0000 ,
  0.0000 ,  0.0000 ,  0.0000 ,  0.0000 ,  0.0000 ,  0.0000 ,
  0.0000 ,  0.0000 ,  0.0000 ,  0.0000 ,  0.0000 ,  0.0000 ,
  0.0000 ,  0.0000 ,  0.0000 ,  0.0000 ,  0.0000 ,  0.0000 ,
  0.0000 ,  0.0000 ,  0.0000 ,  0.0000 ,  0.0000 ,  0.0000 ,
  0.0000 ,  0.0000 ,  0.0000 ,  0.0000 ,  0.0000 ,  0.0000 ,
  0.0000 ,  0.0000 ,  0.0000 ,  0.0000 ,  0.0000 ,  0.0000 ,
  0.0000 ,  0.0000 ,  0.0000 ,  0.0000 ,  0.0000 ,  0.0000 ,
  0.0000 ,  0.0000 ,  0.0000 ,  0.0000 ,  0.0000 ,  0.0000 ,
  0.0000 ,  0.0000 ,  0.0000 ,  0.0000 ,  0.0000 ,  0.0000 ,
  0.0000 ,  0.0000 ,  0.0000 ,  0.0000 ,  0.0000 ,  0.0000 ,
  0.0000 ,  0.0000 ,  0.0000 ,  0.0000 ,  0.0000 ,  0.0000 ,
  0.0000 ,  0.0000 ,  0.0000 ,  0.0000 ,  0.0000 ,  0.0000 ,
  0.0000 ,  0.0000 ,  0.0000 ,  0.0000 ,  0.0000 ,  0.0000 ,
  0.0000 ,  0.0000 ,  0.0000 ,  0.0000 ,  0.0000 ,  0.0000 ,
  0.0000 ,  0.0000 ,  0.0000 ,  0.0000 ,  0.0000 ,  0.0000 ,
  0.0000 ,  0.0000 ,  0.0000 ,  0.0000 ,  0.0000 ,  0.0000 ,
  0.0000 ,  0.0000 ,  0.0000 ,  0.0000 ,  0.0000 ,  0.0000 ,
  0.0000 ,  0.0000 ,  0.0000 ,  0.0000 ,  0.0000 ,  0.0000 ,
  0.0000 ,  0.0000 ,  0.0000 ,  0.0000 ,  0.0000 ,  0.0000 ,
  0.0000 ,  0.0000 ,  0.0000 ,  0.0000 ,  0.0000 ,  0.0000 ,
  0.0000 ,  0.0000 ,  0.0000 ,  0.0000 ,  0.0000 ,  0.0000 ,
  0.0000 ,  0.0000 ,  0.0000 ,  0.0000 ,  0.0000 ,  0.0000 ,
  0.0000 ,  0.0000 ,  0.0000 ,  0.0000 ,  0.0000 ,  0.0000 ,
  0.0000 ,  0.0000 ,  0.0000 ,  0.0000 ,  0.0000 ,  0.0000 ,
  0.0000 ,  0.0000 ,  0.0000 ,  0.0000 ,  0.0000 ,  0.0000 ,
  0.0000 ,  0.0000 ,  0.0000 ,  0.0000 ,  0.0000 ,  0.0000 ,
  0.0000 ,  0.0000 ,  0.0000 ,  0.0000 ,  0.0000 ,  0.0000 ,
  0.0000 ,  0.0000 ,  0.0000 ,  0.0000 ,  0.0000 ,  0.0000 ,
  0.0000 ,  0.0000 ,  0.0000 ,  0.0000 ,  0.0000 ,  0.0000 ,
  0.0000 ,  0.0000 ,  0.0000 ,  0.0000 ,  0.0000 ,  0.0000 ,
  0.0000 ,  0.0000 ,  0.0000 ,  0.0000 ,  0.0000 ,  0.0000 ,
  0.0000 ,  0.0000 ,  0.0000 ,  0.0000 ,  0.0000 ,  0.0000 ,
  0.0000 ,  0.0000 ,  0.0000 ,  0.0000 ,  0.0000 ,  0.0000 ,
  0.0000 ,  0.0000 ,  0.0000 ,  0.0000 ,  0.0000 ,  0.0000 ,
  0.0000 ,  0.0000 ,  0.0000 ,  0.0000 ,  0.0000 ,  0.0000 ,
  0.0000 ,  0.0000 ,  0.0000 ,  0.0000 ,  0.0000 ,  0.0000 ,
  0.0000 ,  0.0000 ,  0.0000 ,  0.0000 ,  0.0000 ,  0.0000 ,
  0.0000 ,  0.0000 ,  0.0000 ,  0.0000 ,  0.0000 ,  0.0000 ,
  0.0000 ,  0.0000 ,  0.0000 ,  0.0000 ,  0.0000 ,  0.0000 ,
  0.0000 ,  0.0000 ,  0.0000 ,  0.0000 ,  0.0000 ,  0.0000 ,
  0.0000 ,  0.0000 ,  0.0000 ,  0.0000 ,  0.0000 ,  0.0000 ,
  0.0000 ,  0.0000 ,  0.0000 ,  0.0000 ,  0.0000 ,  0.0000 ,
  0.0000 ,  0.0000 ,  0.0000 ,  0.0000 ,  0.0000 ,  0.0000 ,
  0.0000 ,  0.0000 ,  0.0000 ,  0.0000 ,  0.0000 ,  0.0000 ,
  0.0000 ,  0.0000 ,  0.0000 ,  0.0000 ,  0.0000 ,  0.0000 ,
  0.0000 ,  0.0000 ,  0.0000 ,  0.0000 ,  0.0000 ,  0.0000 ,
  0.0000 ,  0.0000 ,  0.0000 ,  0.0000 ,  0.0000 ,  0.0000 ,
  0.0000 ,  0.0000 ,  0.0000 ,  0.0000 ,  0.0000 ,  0.0000 ,
  0.0000 ,  0.0000 ,  0.0000 ,  0.0000 ,  0.0000 ,  0.0000 ,
  0.0000 ,  0.0000 ,  0.0000 ,  0.0000 ,  0.0000 ,  0.0000 ,
  0.0000 ,  0.0000 ,  0.0000 ,  0.0000 ,  0.0000 ,  0.0000 ,
  0.0000 ,  0.0000 ,  0.0000 ,  0.0000 ,  0.0000 ,  0.0000 ,
  0.0000 ,  0.0000 ,  0.0000 ,  0.0000 ,  0.0000 ,  0.0000 ,
  0.0000 ,  0.0000 ,  0.0000 ,  0.0000 ,  0.0000 ,  0.0000 ,
  0.0000 ,  0.0000 ,  0.0000 ,  0.0000 ,  0.0000 ,  0.0000 ,
  0.0000 ,  0.0000 ,  0.0000 ,  0.0000 ,  0.0000 ,  0.0000 ,
  0.0000 ,  0.0000 ,  0.0000 ,  0.0000 ,  0.0000 ,  0.0000 ,
  0.0000 ,  0.0000 ,  0.0000 ,  0.0000 ,  0.0000 ,  0.0000 ,
  0.0000 ,  0.0000 ,  0.0000 ,  0.0000 ,  0.0000 ,  0.0000 ,
  0.0000 ,  0.0000 ,  0.0000 ,  0.0000 ,  0.0000 ,  0.0000 ,
  0.0000 ,  0.0000 ,  0.0000 ,  0.0000 ,  0.0000 ,  0.0000 ,
  0.0000 ,  0.0000 ,  0.0000 ,  0.0000 ,  0.0000 ,  0.0000 ,
  0.0000 ,  0.0000 ,  0.0000 ,  0.0000 ,  0.0000 ,  0.0000 ,
  0.0000 ,  0.0000 ,  0.0000 ,  0.0000 ,  0.0000 ,  0.0000 ,
  0.0000 ,  0.0000 ,  0.0000 ,  0.0000 ,  0.0000 ,  0.0000 ,
  0.0000 ,  0.0000 ,  0.0000 ,  0.0000 ,  0.0000 ,  0.0000 ,
  0.0000 ,  0.0000 ,  0.0000 ,  0.0000 ,  0.0000 ,  0.0000 ,
  0.0000 ,  0.0000 ,  0.0000 ,  0.0000 ,  0.0000 ,  0.0000 ,
  0.0000 ,  0.0000 ,  0.0000 ,  0.0000 ,  0.0000 ,  0.0000 ,
  0.0000 ,  0.0000 ,  0.0000 ,  0.0000 ,  0.0000 ,  0.0000 ,
  0.0000 ,  0.0000 ,  0.0000 ,  0.0000 ,  0.0000 ,  0.0000 ,
  0.0000 ,  0.0000 ,  0.0000 ,  0.0000 ,  0.0000 ,  0.0000 ,
  0.0000 ,  0.0000 ,  0.0000 ,  0.0000 ,  0.0000 ,  0.0000 ,
  0.0000 ,  0.0000 ,  0.0000 ,  0.0000 ,  0.0000 ,  0.0000 ,
  0.0000 ,  0.0000 ,  0.0000 ,  0.0000 ,  0.0000 ,  0.0000 ,
  0.0000 ,  0.0000 ,  0.0000 ,  0.0000 ,  0.0000 ,  0.0000 ,
  0.0000 ,  0.0000 ,  0.0000 ,  0.0000 ,  0.0000 ,  0.0000 ,
  0.0000 ,  0.0000 ,  0.0000 ,  0.0000 ,  0.0000 ,  0.0000 ,
  0.0000 ,  0.0000 ,  0.0000 ,  0.0000 ,  0.0000 ,  0.0000 ,
  0.0000 ,  0.0000 ,  0.0000 ,  0.0000 ,  0.0000 ,  0.0000 ,
  0.0000 ,  0.0000 ,  0.0000 ,  0.0000 ,  0.0000 ,  0.0000 ,
  0.0000 ,  0.0000 ,  0.0000 ,  0.0000 ,  0.0000 ,  0.0000 ,
  0.0000 ,  0.0000 ,  0.0000 ,  0.0000 ,  0.0000 ,  0.0000 ,
  0.0000 ,  0.0000 ,  0.0000 ,  0.0000 ,  0.0000 ,  0.0000 ,
  0.0000 ,  0.0000 ,  0.0000 ,  0.0000 ,  0.0000 ,  0.0000 ,
  0.0000 ,  0.0000 ,  0.0000 ,  0.0000 ,  0.0000 ,  0.0000 ,
  0.0000 ,  0.0000 ,  0.0000 ,  0.0000 ,  0.0000 ,  0.0000 ,
  0.0000 ,  0.0000 ,  0.0000 ,  0.0000 ,  0.0000 ,  0.0000 ,
  0.0000 ,  0.0000 ,  0.0000 ,  0.0000 ,  0.0000 ,  0.0000 ,
  0.0000 ,  0.0000 ,  0.0000 ,  0.0000 ,  0.0000 ,  0.0000 ,
  0.0000 ,  0.0000 ,  0.0000 ,  0.0000 ,  0.0000 ,  0.0000 ,
  0.0000 ,  0.0000 ,  0.0000 ,  0.0000 ,  0.0000 ,  0.0000 ,
  0.0000 ,  0.0000 ,  0.0000 ,  0.0000 ,  0.0000 ,  0.0000 ,
  0.0000 ,  0.0000 ,  0.0000 ,  0.0000 ,  0.0000 ,  0.0000 ,
  0.0000 ,  0.0000 ,  0.0000 ,  0.0000 ,  0.0000 ,  0.0000 ,
  0.0000 ,  0.0000 ,  0.0000 ,  0.0000 ,  0.0000 ,  0.0000 ,
  0.0000 ,  0.0000 ,  0.0000 ,  0.0000 ,  0.0000 ,  0.0000 ,
  0.0000 ,  0.0000 ,  0.0000 ,  0.0000 ,  0.0000 ,  0.0000 ,
  0.0000 ,  0.0000 ,  0.0000 ,  0.0000 ,  0.0000 ,  0.0000 ,
  0.0000 ,  0.0000 ,  0.0000 ,  0.0000 ,  0.0000 ,  0.0000 ,
  0.0000 ,  0.0000 ,  0.0000 ,  0.0000 ,  0.0000 ,  0.0000 ,
  0.0000 ,  0.0000 ,  0.0000 ,  0.0000 ,  0.0000 ,  0.0000 ,
  0.0000 ,  0.0000 ,  0.0000 ,  0.0000 ,  0.0000 ,  0.0000 ,
  0.0000 ,  0.0000 ,  0.0000 ,  0.0000 ,  0.0000 ,  0.0000 ,
  0.0000 ,  0.0000 ,  0.0000 ,  0.0000 ,  0.0000 ,  0.0000 ,
  0.0000 ,  0.0000 ,  0.0000 ,  0.0000 ,  0.0000 ,  0.0000 ,
  0.0000 ,  0.0000 ,  0.0000 ,  0.0000 ,  0.0000 ,  0.0000 ,
  0.0000 ,  0.0000 ,  0.0000 ,  0.0000 ,  0.0000 ,  0.0000 ,
  0.0000 ,  0.0000 ,  0.0000 ,  0.0000 ,  0.0000 ,  0.0000 ,
  0.0000 ,  0.0000 ,  0.0000 ,  0.0000 ,  0.0000 ,  0.0000 ,
  0.0000 ,  0.0000 ,  0.0000 ,  0.0000 ,  0.0000 ,  0.0000 ,
  0.0000 ,  0.0000 ,  0.0000 ,  0.0000 ,  0.0000 ,  0.0000 ,
  0.0000 ,  0.0000 ,  0.0000 ,  0.0000 ,  0.0000 ,  0.0000 ,
  0.0000 ,  0.0000 ,  0.0000 ,  0.0000 ,  0.0000 ,  0.0000 ,
  0.0000 ,  0.0000 ,  0.0000 ,  0.0000 ,  0.0000 ,  0.0000 ,
  0.0000 ,  0.0000 ,  0.0000 ,  0.0000 ,  0.0000 ,  0.0000 ,
  0.0000 ,  0.0000 ,  0.0000 ,  0.0000 ,  0.0000 ,  0.0000 ,
  0.0000 ,  0.0000 ,  0.0000 ,  0.0000 ,  0.0000 ,  0.0000 ,
  0.0000 ,  0.0000 ,  0.0000 ,  0.0000 ,  0.0000 ,  0.0000 ,
  0.0000 ,  0.0000 ,  0.0000 ,  0.0000 ,  0.0000 ,  0.0000 ,
  0.0000 ,  0.0000 ,  0.0000 ,  0.0000 ,  0.0000 ,  0.0000 ,
  0.0000 ,  0.0000 ,  0.0000 ,  0.0000 ,  0.0000 ,  0.0000 ,
  0.0000 ,  0.0000 ,  0.0000 ,  0.0000 ,  0.0000 ,  0.0000 ,
  0.0000 ,  0.0000 ,  0.0000 ,  0.0000 ,  0.0000 ,  0.0000 ,
  0.0000 ,  0.0000 ,  0.0000 ,  0.0000 ,  0.0000 ,  0.0000 ,
  0.0000 ,  0.0000 ,  0.0000 ,  0.0000 ,  0.0000 ,  0.0000 ,
  0.0000 ,  0.0000 ,  0.0000 ,  0.0000 ,  0.0000 ,  0.0000 ,
  0.0000 ,  0.0000 ,  0.0000 ,  0.0000 ,  0.0000 ,  0.0000 ,
  0.0000 ,  0.0000 ,  0.0000 ,  0.0000 ,  0.0000 ,  0.0000 ,
  0.0000 ,  0.0000 ,  0.0000 ,  0.0000 ,  0.0000 ,  0.0000 ,
  0.0000 ,  0.0000 ,  0.0000 ,  0.0000 ,  0.0000 ,  0.0000 ,
  0.0000 ,  0.0000 ,  0.0000 ,  0.0000 ,  0.0000 ,  0.0000 ,
  0.0000 ,  0.0000 ,  0.0000 ,  0.0000 ,  0.0000 ,  0.0000 ,
  0.0000 ,  0.0000 ,  0.0000 ,  0.0000 ,  0.0000 ,  0.0000 ,
  0.0000 ,  0.0000 ,  0.0000 ,  0.0000 ,  0.0000 ,  0.0000 ,
  0.0000 ,  0.0000 ,  0.0000 ,  0.0000 ,  0.0000 ,  0.0000 ,
  0.0000 ,  0.0000 ,  0.0000 ,  0.0000 ,  0.0000 ,  0.0000 ,
  0.0000 ,  0.0000 ,  0.0000 ,  0.0000 ,  0.0000 ,  0.0000 ,
  0.0000 ,  0.0000 ,  0.0000 ,  0.0000 ,  0.0000 ,  0.0000 ,
  0.0000 ,  0.0000 ,  0.0000 ,  0.0000 ,  0.0000 ,  0.0000 ,
  0.0000 ,  0.0000 ,  0.0000 ,  0.0000 ,  0.0000 ,  0.0000 ,
  0.0000 ,  0.0000 ,  0.0000 ,  0.0000 ,  0.0000 ,  0.0000 ,
  0.0000 ,  0.0000 ,  0.0000 ,  0.0000 ,  0.0000 ,  0.0000 ,
  0.0000 ,  0.0000 ,  0.0000 ,  0.0000 ,  0.0000 ,  0.0000 ,
  0.0000 ,  0.0000 ,  0.0000 ,  0.0000 ,  0.0000 ,  0.0000 ,
  0.0000 ,  0.0000 ,  0.0000 ,  0.0000 ,  0.0000 ,  0.0000 ,
  0.0000 ,  0.0000 ,  0.0000 ,  0.0000 ,  0.0000 ,  0.0000 ,
  0.0000 ,  0.0000 ,  0.0000 ,  0.0000 ,  0.0000 ,  0.0000 ,
  0.0000 ,  0.0000 ,  0.0000 ,  0.0000 ,  0.0000 ,  0.0000 ,
  0.0000 ,  0.0000 ,  0.0000 ,  0.0000 ,  0.0000 ,  0.0000 ,
  0.0000 ,  0.0000 ,  0.0000 ,  0.0000 ,  0.0000 ,  0.0000 ,
  0.0000 ,  0.0000 ,  0.0000 ,  0.0000 ,  0.0000 ,  0.0000 ,
  0.0000 ,  0.0000 ,  0.0000 ,  0.0000 ,  0.0000 ,  0.0000 ,
  0.0000 ,  0.0000 ,  0.0000 ,  0.0000 ,  0.0000 ,  0.0000 ,
  0.0000 ,  0.0000 ,  0.0000 ,  0.0000 ,  0.0000 ,  0.0000 ,
  0.0000 ,  0.0000 ,  0.0000 ,  0.0000 ,  0.0000 ,  0.0000 ,
  0.0000 ,  0.0000 ,  0.0000 ,  0.0000 ,  0.0000 ,  0.0000 ,
  0.0000 ,  0.0000 ,  0.0000 ,  0.0000 ,  0.0000 ,  0.0000 ,
  0.0000 ,  0.0000 ,  0.0000 ,  0.0000 ,  0.0000 ,  0.0000 ,
  0.0000 ,  0.0000 ,  0.0000 ,  0.0000 ,  0.0000 ,  0.0000 ,
  0.0000 ,  0.0000 ,  0.0000 ,  0.0000 ,  0.0000 ,  0.0000 ,
  0.0000 ,  0.0000 ,  0.0000 ,  0.0000 ,  0.0000 ,  0.0000 ,
  0.0000 ,  0.0000 ,  0.0000 ,  0.0000 ,  0.0000 ,  0.0000 ,
  0.0000 ,  0.0000 ,  0.0000 ,  0.0000 ,  0.0000 ,  0.0000 ,
  0.0000 ,  0.0000 ,  0.0000 ,  0.0000 ,  0.0000 ,  0.0000 ,
  0.0000 ,  0.0000 ,  0.0000 ,  0.0000 ,  0.0000 ,  0.0000 ,
  0.0000 ,  0.0000 ,  0.0000 ,  0.0000 ,  0.0000 ,  0.0000 ,
  0.0000 ,  0.0000 ,  0.0000 ,  0.0000 ,  0.0000 ,  0.0000 ,
  0.0000 ,  0.0000 ,  0.0000 ,  0.0000 ,  0.0000 ,  0.0000 ,
  0.0000 ,  0.0000 ,  0.0000 ,  0.0000 ,  0.0000 ,  0.0000 ,
  0.0000 ,  0.0000 ,  0.0000 ,  0.0000 ,  0.0000 ,  0.0000 ,
  0.0000 ,  0.0000 ,  0.0000 ,  0.0000 ,  0.0000 ,  0.0000 ,
  0.0000 ,  0.0000 ,  0.0000 ,  0.0000 ,  0.0000 ,  0.0000 ,
  0.0000 ,  0.0000 ,  0.0000 ,  0.0000 ,  0.0000 ,  0.0000 ,
  0.0000 ,  0.0000 ,  0.0000 ,  0.0000 ,  0.0000 ,  0.0000 ,
  0.0000 ,  0.0000 ,  0.0000 ,  0.0000 ,  0.0000 ,  0.0000 ,
  0.0000 ,  0.0000 ,  0.0000 ,  0.0000 ,  0.0000 ,  0.0000 ,
  0.0000 ,  0.0000 ,  0.0000 ,  0.0000 ,  0.0000 ,  0.0000 ,
  0.0000 ,  0.0000 ,  0.0000 ,  0.0000 ,  0.0000 ,  0.0000 ,
  0.0000 ,  0.0000 ,  0.0000 ,  0.0000 ,  0.0000 ,  0.0000 ,
  0.0000 ,  0.0000 ,  0.0000 ,  0.0000 ,  0.0000 ,  0.0000 ,
  0.0000 ,  0.0000 ,  0.0000 ,  0.0000 ,  0.0000 ,  0.0000 ,
  0.0000 ,  0.0000 ,  0.0000 ,  0.0000 ,  0.0000 ,  0.0000 ,
  0.0000 ,  0.0000 ,  0.0000 ,  0.0000 ,  0.0000 ,  0.0000 ,
  0.0000 ,  0.0000 ,  0.0000 ,  0.0000 ,  0.0000 ,  0.0000 ,
  0.0000 ,  0.0000 ,  0.0000 ,  0.0000 ,  0.0000 ,  0.0000 ,
  0.0000 ,  0.0000 ,  0.0000 ,  0.0000 ,  0.0000 ,  0.0000 ,
  0.0000 ,  0.0000 ,  0.0000 ,  0.0000 ,  0.0000 ,  0.0000 ,
  0.0000 ,  0.0000 ,  0.0000 ,  0.0000 ,  0.0000 ,  0.0000 ,
  0.0000 ,  0.0000 ,  0.0000 ,  0.0000 ,  0.0000 ,  0.0000 ,
  0.0000 ,  0.0000 ,  0.0000 ,  0.0000 ,  0.0000 ,  0.0000 ,
  0.0000 ,  0.0000 ,  0.0000 ,  0.0000 ,  0.0000 ,  0.0000 ,
  0.0000 ,  0.0000 ,  0.0000 ,  0.0000 ,  0.0000 ,  0.0000 ,
  0.0000 ,  0.0000 ,  0.0000 ,  0.0000 ,  0.0000 ,  0.0000 ,
  0.0000 ,  0.0000 ,  0.0000 ,  0.0000 ,  0.0000 ,  0.0000 ,
  0.0000 ,  0.0000 ,  0.0000 ,  0.0000 ,  0.0000 ,  0.0000 ,
  0.0000 ,  0.0000 ,  0.0000 ,  0.0000 ,  0.0000 ,  0.0000 ,
  0.0000 ,  0.0000 ,  0.0000 ,  0.0000 ,  0.0000 ,  0.0000 ,
  0.0000 ,  0.0000 ,  0.0000 ,  0.0000 ,  0.0000 ,  0.0000 ,
  0.0000 ,  0.0000 ,  0.0000 ,  0.0000 ,  0.0000 ,  0.0000 ,
  0.0000 ,  0.0000 ,  0.0000 ,  0.0000 ,  0.0000 ,  0.0000 ,
  0.0000 ,  0.0000 ,  0.0000 ,  0.0000 ,  0.0000 ,  0.0000 ,
  0.0000 ,  0.0000 ,  0.0000 ,  0.0000 ,  0.0000 ,  0.0000 ,
  0.0000 ,  0.0000 ,  0.0000 ,  0.0000 ,  0.0000 ,  0.0000 ,
  0.0000 ,  0.0000 ,  0.0000 ,  0.0000 ,  0.0000 ,  0.0000 ,
  0.0000 ,  0.0000 ,  0.0000 ,  0.0000 ,  0.0000 ,  0.0000 ,
  0.0000 ,  0.0000 ,  0.0000 ,  0.0000 ,  0.0000 ,  0.0000 ,
  0.0000 ,  0.0000 ,  0.0000 ,  0.0000 ,  0.0000 ,  0.0000 ,
  0.0000 ,  0.0000 ,  0.0000 ,  0.0000 ,  0.0000 ,  0.0000 ,
  0.0000 ,  0.0000 ,  0.0000 ,  0.0000 ,  0.0000 ,  0.0000 ,
  0.0000 ,  0.0000 ,  0.0000 ,  0.0000 ,  0.0000 ,  0.0000 ,
  0.0000 ,  0.0000 ,  0.0000 ,  0.0000 ,  0.0000 ,  0.0000 ,
  0.0000 ,  0.0000 ,  0.0000 ,  0.0000 ,  0.0000 ,  0.0000 ,
  0.0000 ,  0.0000 ,  0.0000 ,  0.0000 ,  0.0000 ,  0.0000 ,
  0.0000 ,  0.0000 ,  0.0000 ,  0.0000 ,  0.0000 ,  0.0000 ,
  0.0000 ,  0.0000 ,  0.0000 ,  0.0000 ,  0.0000 ,  0.0000 ,
  0.0000 ,  0.0000 ,  0.0000 ,  0.0000 ,  0.0000 ,  0.0000 ,
  0.0000 ,  0.0000 ,  0.0000 ,  0.0000 ,  0.0000 ,  0.0000 ,
  0.0000 ,  0.0000 ,  0.0000 ,  0.0000 ,  0.0000 ,  0.0000 ,
  0.0000 ,  0.0000 ,  0.0000 ,  0.0000 ,  0.0000 ,  0.0000 ,
  0.0000 ,  0.0000 ,  0.0000 ,  0.0000 ,  0.0000 ,  0.0000 ,
  0.0000 ,  0.0000 ,  0.0000 ,  0.0000 ,  0.0000 ,  0.0000 ,
  0.0000 ,  0.0000 ,  0.0000 ,  0.0000 ,  0.0000 ,  0.0000 ,
  0.0000 ,  0.0000 ,  0.0000 ,  0.0000 ,  0.0000 ,  0.0000 ,
  0.0000 ,  0.0000 ,  0.0000 ,  0.0000 ,  0.0000 ,  0.0000 ,
  0.0000 ,  0.0000 ,  0.0000 ,  0.0000 ,  0.0000 ,  0.0000 ,
  0.0000 ,  0.0000 ,  0.0000 ,  0.0000 ,  0.0000 ,  0.0000 ,
  0.0000 ,  0.0000 ,  0.0000 ,  0.0000 ,  0.0000 ,  0.0000 ,
  0.0000 ,  0.0000 ,  0.0000 ,  0.0000 ,  0.0000 ,  0.0000 ,
  0.0000 ,  0.0000 ,  0.0000 ,  0.0000 ,  0.0000 ,  0.0000 ,
  0.0000 ,  0.0000 ,  0.0000 ,  0.0000 ,  0.0000 ,  0.0000 ,
  0.0000 ,  0.0000 ,  0.0000 ,  0.0000 ,  0.0000 ,  0.0000 ,
  0.0000 ,  0.0000 ,  0.0000 ,  0.0000 ,  0.0000 ,  0.0000 ,
  0.0000 ,  0.0000 ,  0.0000 ,  0.0000 ,  0.0000 ,  0.0000 ,
  0.0000 ,  0.0000 ,  0.0000 ,  0.0000 ,  0.0000 ,  0.0000 ,
  0.0000 ,  0.0000 ,  0.0000 ,  0.0000 ,  0.0000 ,  0.0000 ,
  0.0000 ,  0.0000 ,  0.0000 ,  0.0000 ,  0.0000 ,  0.0000 ,
  0.0000 ,  0.0000 ,  0.0000 ,  0.0000 ,  0.0000 ,  0.0000 ,
  0.0000 ,  0.0000 ,  0.0000 ,  0.0000 ,  0.0000 ,  0.0000 ,
  0.0000 ,  0.0000 ,  0.0000 ,  0.0000 ,  0.0000 ,  0.0000 ,
  0.0000 ,  0.0000 ,  0.0000 ,  0.0000 ,  0.0000 ,  0.0000 ,
  0.0000 ,  0.0000 ,  0.0000 ,  0.0000 ,  0.0000 ,  0.0000 ,
  0.0000 ,  0.0000 ,  0.0000 ,  0.0000 ,  0.0000 ,  0.0000 ,
  0.0000 ,  0.0000 ,  0.0000 ,  0.0000 ,  0.0000 ,  0.0000 ,
  0.0000 ,  0.0000 ,  0.0000 ,  0.0000 ,  0.0000 ,  0.0000 ,
  0.0000 ,  0.0000 ,  0.0000 ,  0.0000 ,  0.0000 ,  0.0000 ,
  0.0000 ,  0.0000 ,  0.0000 ,  0.0000 ,  0.0000 ,  0.0000 ,
  0.0000 ,  0.0000 ,  0.0000 ,  0.0000 ,  0.0000 ,  0.0000 ,
  0.0000 ,  0.0000 ,  0.0000 ,  0.0000 ,  0.0000 ,  0.0000 ,
  0.0000 ,  0.0000 ,  0.0000 ,  0.0000 ,  0.0000 ,  0.0000 ,
  0.0000 ,  0.0000 ,  0.0000 ,  0.0000 ,  0.0000 ,  0.0000 ,
  0.0000 ,  0.0000 ,  0.0000 ,  0.0000 ,  0.0000 ,  0.0000 ,
  0.0000 ,  0.0000 ,  0.0000 ,  0.0000 ,  0.0000 ,  0.0000 ,
  0.0000 ,  0.0000 ,  0.0000 ,  0.0000 ,  0.0000 ,  0.0000 ,
  0.0000 ,  0.0000 ,  0.0000 ,  0.0000 ,  0.0000 ,  0.0000 ,
  0.0000 ,  0.0000 ,  0.0000 ,  0.0000 ,  0.0000 ,  0.0000 ,
  0.0000 ,  0.0000 ,  0.0000 ,  0.0000 ,  0.0000 ,  0.0000 ,
  0.0000 ,  0.0000 ,  0.0000 ,  0.0000 ,  0.0000 ,  0.0000 ,
  0.0000 ,  0.0000 ,  0.0000 ,  0.0000 ,  0.0000 ,  0.0000 ,
  0.0000 ,  0.0000 ,  0.0000 ,  0.0000 ,  0.0000 ,  0.0000 ,
  0.0000 ,  0.0000 ,  0.0000 ,  0.0000 ,  0.0000 ,  0.0000 ,
  0.0000 ,  0.0000 ,  0.0000 ,  0.0000 ,  0.0000 ,  0.0000 ,
  0.0000 ,  0.0000 ,  0.0000 ,  0.0000 ,  0.0000 ,  0.0000 ,
  0.0000 ,  0.0000 ,  0.0000 ,  0.0000 ,  0.0000 ,  0.0000 ,
  0.0000 ,  0.0000 ,  0.0000 ,  0.0000 ,  0.0000 ,  0.0000 ,
  0.0000 ,  0.0000 ,  0.0000 ,  0.0000 ,  0.0000 ,  0.0000 ,
  0.0000 ,  0.0000 ,  0.0000 ,  0.0000 ,  0.0000 ,  0.0000 ,
  0.0000 ,  0.0000 ,  0.0000 ,  0.0000 ,  0.0000 ,  0.0000 ,
  0.0000 ,  0.0000 ,  0.0000 ,  0.0000 ,  0.0000 ,  0.0000 ,
  0.0000 ,  0.0000 ,  0.0000 ,  0.0000 ,  0.0000 ,  0.0000 ,
  0.0000 ,  0.0000 ,  0.0000 ,  0.0000 ,  0.0000 ,  0.0000 ,
  0.0000 ,  0.0000 ,  0.0000 ,  0.0000 ,  0.0000 ,  0.0000 ,
  0.0000 ,  0.0000 ,  0.0000 ,  0.0000 ,  0.0000 ,  0.0000 ,
  0.0000 ,  0.0000 ,  0.0000 ,  0.0000 ,  0.0000 ,  0.0000 ,
  0.0000 ,  0.0000 ,  0.0000 ,  0.0000 ,  0.0000 ,  0.0000 ,
  0.0000 ,  0.0000 ,  0.0000 ,  0.0000 ,  0.0000 ,  0.0000 ,
  0.0000 ,  0.0000 ,  0.0000 ,  0.0000 ,  0.0000 ,  0.0000 ,
  0.0000 ,  0.0000 ,  0.0000 ,  0.0000 ,  0.0000 ,  0.0000 ,
  0.0000 ,  0.0000 ,  0.0000 ,  0.0000 ,  0.0000 ,  0.0000 ,
  0.0000 ,  0.0000 ,  0.0000 ,  0.0000 ,  0.0000 ,  0.0000 ,
  0.0000 ,  0.0000 ,  0.0000 ,  0.0000 ,  0.0000 ,  0.0000 ,
  0.0000 ,  0.0000 ,  0.0000 ,  0.0000 ,  0.0000 ,  0.0000 ,
  0.0000 ,  0.0000 ,  0.0000 ,  0.0000 ,  0.0000 ,  0.0000 ,
  0.0000 ,  0.0000 ,  0.0000 ,  0.0000 ,  0.0000 ,  0.0000 ,
  0.0000 ,  0.0000 ,  0.0000 ,  0.0000 ,  0.0000 ,  0.0000 ,
  0.0000 ,  0.0000 ,  0.0000 ,  0.0000 ,  0.0000 ,  0.0000 ,
  0.0000 ,  0.0000 ,  0.0000 ,  0.0000 ,  0.0000 ,  0.0000 ,
  0.0000 ,  0.0000 ,  0.0000 ,  0.0000 ,  0.0000 ,  0.0000 ,
  0.0000 ,  0.0000 ,  0.0000 ,  0.0000 ,  0.0000 ,  0.0000 ,
  0.0000 ,  0.0000 ,  0.0000 ,  0.0000 ,  0.0000 ,  0.0000 ,
  0.0000 ,  0.0000 ,  0.0000 ,  0.0000 ,  0.0000 ,  0.0000 ,
  0.0000 ,  0.0000 ,  0.0000 ,  0.0000 ,  0.0000 ,  0.0000 ,
  0.0000 ,  0.0000 ,  0.0000 ,  0.0000 ,  0.0000 ,  0.0000 ,
  0.0000 ,  0.0000 ,  0.0000 ,  0.0000 ,  0.0000 ,  0.0000 ,
  0.0000 ,  0.0000 ,  0.0000 ,  0.0000 ,  0.0000 ,  0.0000 ,
  0.0000 ,  0.0000 ,  0.0000 ,  0.0000 ,  0.0000 ,  0.0000 ,
  0.0000 ,  0.0000 ,  0.0000 ,  0.0000 ,  0.0000 ,  0.0000 ,
  0.0000 ,  0.0000 ,  0.0000 ,  0.0000 ,  0.0000 ,  0.0000 ,
  0.0000 ,  0.0000 ,  0.0000 ,  0.0000 ,  0.0000 ,  0.0000 ,
  0.0000 ,  0.0000 ,  0.0000 ,  0.0000 ,  0.0000 ,  0.0000 ,
  0.0000 ,  0.0000 ,  0.0000 ,  0.0000 ,  0.0000 ,  0.0000 ,
  0.0000 ,  0.0000 ,  0.0000 ,  0.0000 ,  0.0000 ,  0.0000 ,
  0.0000 ,  0.0000 ,  0.0000 ,  0.0000 ,  0.0000 ,  0.0000 ,
  0.0000 ,  0.0000 ,  0.0000 ,  0.0000 ,  0.0000 ,  0.0000 ,
  0.0000 ,  0.0000 ,  0.0000 ,  0.0000 ,  0.0000 ,  0.0000 ,
  0.0000 ,  0.0000 ,  0.0000 ,  0.0000 ,  0.0000 ,  0.0000 ,
  0.0000 ,  0.0000 ,  0.0000 ,  0.0000 ,  0.0000 ,  0.0000 ,
  0.0000 ,  0.0000 ,  0.0000 ,  0.0000 ,  0.0000 ,  0.0000 ,
  0.0000 ,  0.0000 ,  0.0000 ,  0.0000 ,  0.0000 ,  0.0000 ,
  0.0000 ,  0.0000 ,  0.0000 ,  0.0000 ,  0.0000 ,  0.0000 ,
  0.0000 ,  0.0000 ,  0.0000 ,  0.0000 ,  0.0000 ,  0.0000 ,
  0.0000 ,  0.0000 ,  0.0000 ,  0.0000 ,  0.0000 ,  0.0000 ,
  0.0000 ,  0.0000 ,  0.0000 ,  0.0000 ,  0.0000 ,  0.0000 ,
  0.0000 ,  0.0000 ,  0.0000 ,  0.0000 ,  0.0000 ,  0.0000 ,
  0.0000 ,  0.0000 ,  0.0000 ,  0.0000 ,  0.0000 ,  0.0000 ,
  0.0000 ,  0.0000 ,  0.0000 ,  0.0000 ,  0.0000 ,  0.0000 ,
  0.0000 ,  0.0000 ,  0.0000 ,  0.0000 ,  0.0000 ,  0.0000 ,
  0.0000 ,  0.0000 ,  0.0000 ,  0.0000 ,  0.0000 ,  0.0000 ,
  0.0000 ,  0.0000 ,  0.0000 ,  0.0000 ,  0.0000 ,  0.0000 ,
  0.0000 ,  0.0000 ,  0.0000 ,  0.0000 ,  0.0000 ,  0.0000 ,
  0.0000 ,  0.0000 ,  0.0000 ,  0.0000 ,  0.0000 ,  0.0000 ,
  0.0000 ,  0.0000 ,  0.0000 ,  0.0000 ,  0.0000 ,  0.0000 ,
  0.0000 ,  0.0000 ,  0.0000 ,  0.0000 ,  0.0000 ,  0.0000 ,
  0.0000 ,  0.0000 ,  0.0000 ,  0.0000 ,  0.0000 ,  0.0000 ,
  0.0000 ,  0.0000 ,  0.0000 ,  0.0000 ,  0.0000 ,  0.0000 ,
  0.0000 ,  0.0000 ,  0.0000 ,  0.0000 ,  0.0000 ,  0.0000 ,
  0.0000 ,  0.0000 ,  0.0000 ,  0.0000 ,  0.0000 ,  0.0000 ,
  0.0000 ,  0.0000 ,  0.0000 ,  0.0000 ,  0.0000 ,  0.0000 ,
  0.0000 ,  0.0000 ,  0.0000 ,  0.0000 ,  0.0000 ,  0.0000 ,
  0.0000 ,  0.0000 ,  0.0000 ,  0.0000 ,  0.0000 ,  0.0000 ,
  0.0000 ,  0.0000 ,  0.0000 ,  0.0000 ,  0.0000 ,  0.0000 ,
  0.0000 ,  0.0000 ,  0.0000 ,  0.0000 ,  0.0000 ,  0.0000 ,
  0.0000 ,  0.0000 ,  0.0000 ,  0.0000 ,  0.0000 ,  0.0000 ,
  0.0000 ,  0.0000 ,  0.0000 ,  0.0000 ,  0.0000 ,  0.0000 ,
  0.0000 ,  0.0000 ,  0.0000 ,  0.0000 ,  0.0000 ,  0.0000 ,
  0.0000 ,  0.0000 ,  0.0000 ,  0.0000 ,  0.0000 ,  0.0000 ,
  0.0000 ,  0.0000 ,  0.0000 ,  0.0000 ,  0.0000 ,  0.0000 ,
  0.0000 ,  0.0000 ,  0.0000 ,  0.0000 ,  0.0000 ,  0.0000 ,
  0.0000 ,  0.0000 ,  0.0000 ,  0.0000 ,  0.0000 ,  0.0000 ,
  0.0000 ,  0.0000 ,  0.0000 ,  0.0000 ,  0.0000 ,  0.0000 ,
  0.0000 ,  0.0000 ,  0.0000 ,  0.0000 ,  0.0000 ,  0.0000 ,
  0.0000 ,  0.0000 ,  0.0000 ,  0.0000 ,  0.0000 ,  0.0000 ,
  0.0000 ,  0.0000 ,  0.0000 ,  0.0000 ,  0.0000 ,  0.0000 ,
  0.0000 ,  0.0000 ,  0.0000 ,  0.0000 ,  0.0000 ,  0.0000 ,
  0.0000 ,  0.0000 ,  0.0000 ,  0.0000 ,  0.0000 ,  0.0000 ,
  0.0000 ,  0.0000 ,  0.0000 ,  0.0000 ,  0.0000 ,  0.0000 ,
  0.0000 ,  0.0000 ,  0.0000 ,  0.0000 ,  0.0000 ,  0.0000 ,
  0.0000 ,  0.0000 ,  0.0000 ,  0.0000 ,  0.0000 ,  0.0000 ,
  0.0000 ,  0.0000 ,  0.0000 ,  0.0000 ,  0.0000 ,  0.0000 ,
  0.0000 ,  0.0000 ,  0.0000 ,  0.0000 ,  0.0000 ,  0.0000 ,
  0.0000 ,  0.0000 ,  0.0000 ,  0.0000 ,  0.0000 ,  0.0000 ,
  0.0000 ,  0.0000 ,  0.0000 ,  0.0000 ,  0.0000 ,  0.0000 ,
  0.0000 ,  0.0000 ,  0.0000 ,  0.0000 ,  0.0000 ,  0.0000 ,
  0.0000 ,  0.0000 ,  0.0000 ,  0.0000 ,  0.0000 ,  0.0000 ,
  0.0000 ,  0.0000 ,  0.0000 ,  0.0000 ,  0.0000 ,  0.0000 ,
  0.0000 ,  0.0000 ,  0.0000 ,  0.0000 ,  0.0000 ,  0.0000 ,
  0.0000 ,  0.0000 ,  0.0000 ,  0.0000 ,  0.0000 ,  0.0000 ,
  0.0000 ,  0.0000 ,  0.0000 ,  0.0000 ,  0.0000 ,  0.0000 ,
  0.0000 ,  0.0000 ,  0.0000 ,  0.0000 ,  0.0000 ,  0.0000 ,
  0.0000 ,  0.0000 ,  0.0000 ,  0.0000 ,  0.0000 ,  0.0000 ,
  0.0000 ,  0.0000 ,  0.0000 ,  0.0000 ,  0.0000 ,  0.0000 ,
  0.0000 ,  0.0000 ,  0.0000 ,  0.0000 ,  0.0000 ,  0.0000 ,
  0.0000 ,  0.0000 ,  0.0000 ,  0.0000 ,  0.0000 ,  0.0000 ,
  0.0000 ,  0.0000 ,  0.0000 ,  0.0000 ,  0.0000 ,  0.0000 ,
  0.0000 ,  0.0000 ,  0.0000 ,  0.0000 ,  0.0000 ,  0.0000 ,
  0.0000 ,  0.0000 ,  0.0000 ,  0.0000 ,  0.0000 ,  0.0000 ,
  0.0000 ,  0.0000 ,  0.0000 ,  0.0000 ,  0.0000 ,  0.0000 ,
  0.0000 ,  0.0000 ,  0.0000 ,  0.0000 ,  0.0000 ,  0.0000 ,
  0.0000 ,  0.0000 ,  0.0000 ,  0.0000 ,  0.0000 ,  0.0000 ,
  0.0000 ,  0.0000 ,  0.0000 ,  0.0000 ,  0.0000 ,  0.0000 ,
  0.0000 ,  0.0000 ,  0.0000 ,  0.0000 ,  0.0000 ,  0.0000 ,
  0.0000 ,  0.0000 ,  0.0000 ,  0.0000 ,  0.0000 ,  0.0000 ,
  0.0000 ,  0.0000 ,  0.0000 ,  0.0000 ,  0.0000 ,  0.0000 ,
  0.0000 ,  0.0000 ,  0.0000 ,  0.0000 ,  0.0000 ,  0.0000 ,
  0.0000 ,  0.0000 ,  0.0000 ,  0.0000 ,  0.0000 ,  0.0000 ,
  0.0000 ,  0.0000 ,  0.0000 ,  0.0000 ,  0.0000 ,  0.0000 ,
  0.0000 ,  0.0000 ,  0.0000 ,  0.0000 ,  0.0000 ,  0.0000 ,
  0.0000 ,  0.0000 ,  0.0000 ,  0.0000 ,  0.0000 ,  0.0000 ,
  0.0000 ,  0.0000 ,  0.0000 ,  0.0000 ,  0.0000 ,  0.0000 ,
  0.0000 ,  0.0000 ,  0.0000 ,  0.0000 ,  0.0000 ,  0.0000 ,
  0.0000 ,  0.0000 ,  0.0000 ,  0.0000 ,  0.0000 ,  0.0000 ,
  0.0000 ,  0.0000 ,  0.0000 ,  0.0000 ,  0.0000 ,  0.0000 ,
  0.0000 ,  0.0000 ,  0.0000 ,  0.0000 ,  0.0000 ,  0.0000 ,
  0.0000 ,  0.0000 ,  0.0000 ,  0.0000 ,  0.0000 ,  0.0000 ,
  0.0000 ,  0.0000 ,  0.0000 ,  0.0000 ,  0.0000 ,  0.0000 ,
  0.0000 ,  0.0000 ,  0.0000 ,  0.0000 ,  0.0000 ,  0.0000 ,
  0.0000 ,  0.0000 ,  0.0000 ,  0.0000 ,  0.0000 ,  0.0000 ,
  0.0000 ,  0.0000 ,  0.0000 ,  0.0000 ,  0.0000 ,  0.0000 ,
  0.0000 ,  0.0000 ,  0.0000 ,  0.0000 ,  0.0000 ,  0.0000 ,
  0.0000 ,  0.0000 ,  0.0000 ,  0.0000 ,  0.0000 ,  0.0000 ,
  0.0000 ,  0.0000 ,  0.0000 ,  0.0000 ,  0.0000 ,  0.0000 ,
  0.0000 ,  0.0000 ,  0.0000 ,  0.0000 ,  0.0000 ,  0.0000 ,
  0.0000 ,  0.0000 ,  0.0000 ,  0.0000 ,  0.0000 ,  0.0000 ,
  0.0000 ,  0.0000 ,  0.0000 ,  0.0000 ,  0.0000 ,  0.0000 ,
  0.0000 ,  0.0000 ,  0.0000 ,  0.0000 ,  0.0000 ,  0.0000 ,
  0.0000 ,  0.0000 ,  0.0000 ,  0.0000 ,  0.0000 ,  0.0000 ,
  0.0000 ,  0.0000 ,  0.0000 ,  0.0000 ,  0.0000 ,  0.0000 ,
  0.0000 ,  0.0000 ,  0.0000 ,  0.0000 ,  0.0000 ,  0.0000 ,
  0.0000 ,  0.0000 ,  0.0000 ,  0.0000 ,  0.0000 ,  0.0000 ,
  0.0000 ,  0.0000 ,  0.0000 ,  0.0000 ,  0.0000 ,  0.0000 ,
  0.0000 ,  0.0000 ,  0.0000 ,  0.0000 ,  0.0000 ,  0.0000 ,
  0.0000 ,  0.0000 ,  0.0000 ,  0.0000 ,  0.0000 ,  0.0000 ,
  0.0000 ,  0.0000 ,  0.0000 ,  0.0000 ,  0.0000 ,  0.0000 ,
  0.0000 ,  0.0000 ,  0.0000 ,  0.0000 ,  0.0000 ,  0.0000 ,
  0.0000 ,  0.0000 ,  0.0000 ,  0.0000 ,  0.0000 ,  0.0000 ,
  0.0000 ,  0.0000 ,  0.0000 ,  0.0000 ,  0.0000 ,  0.0000 ,
  0.0000 ,  0.0000 ,  0.0000 ,  0.0000 ,  0.0000 ,  0.0000 ,
  0.0000 ,  0.0000 ,  0.0000 ,  0.0000 ,  0.0000 ,  0.0000 ,
  0.0000 ,  0.0000 ,  0.0000 ,  0.0000 ,  0.0000 ,  0.0000 ,
  0.0000 ,  0.0000 ,  0.0000 ,  0.0000 ,  0.0000 ,  0.0000 ,
  0.0000 ,  0.0000 ,  0.0000 ,  0.0000 ,  0.0000 ,  0.0000 ,
  0.0000 ,  0.0000 ,  0.0000 ,  0.0000 ,  0.0000 ,  0.0000 ,
  0.0000 ,  0.0000 ,  0.0000 ,  0.0000 ,  0.0000 ,  0.0000 ,
  0.0000 ,  0.0000 ,  0.0000 ,  0.0000 ,  0.0000 ,  0.0000 ,
  0.0000 ,  0.0000 ,  0.0000 ,  0.0000 ,  0.0000 ,  0.0000 ,
  0.0000 ,  0.0000 ,  0.0000 ,  0.0000 ,  0.0000 ,  0.0000 ,
  0.0000 ,  0.0000 ,  0.0000 ,  0.0000 ,  0.0000 ,  0.0000 ,
