  0.0015 ,  0.1637 ,  0.3170 , -0.2556 ,  1.2148 ,  0.3217 ,
 -0.0005 ,  0.0401 , -0.3174 , -1.6015 ,  1.8576 ,  0.9793 ,
 -0.0008 ,  0.0398 , -0.4760 , -0.8217 ,  1.2344 ,  1.3063 ,
  0.0400 ,  0.0807 , -0.3170 , -0.8884 ,  1.2904 ,  0.9793 ,
  0.0807 ,  0.0808 , -0.1580 , -0.1187 ,  0.1095 ,  1.3027 ,
 -0.0003 , -0.0003 , -0.1586 ,  0.7797 ,  2.4882 ,  1.3027 ,
 -0.0006 , -0.1223 ,  0.0002 ,  0.1844 ,  1.8903 ,  0.9757 ,
  0.0403 , -0.0002 ,  0.0004 , -0.0003 ,  1.3074 ,  0.6504 ,
 -0.0007 , -0.0006 , -0.3173 ,  0.0098 ,  1.8653 ,  0.6541 ,
  0.1607 ,  0.0394 , -0.3157 , -1.6029 ,  1.4869 ,  0.9793 ,
  0.0009 ,  0.0414 ,  0.3172 , -0.0712 ,  0.6160 ,  0.3217 ,
 -0.0802 ,  0.0007 ,  0.1578 , -0.7791 ,  1.1194 ,  0.9739 ,
 -0.0809 ,  0.0001 , -0.1594 , -2.3192 ,  0.4957 ,  0.6523 ,
  0.0003 ,  0.0003 ,  0.1586 , -2.3298 ,  1.2452 ,  0.9739 ,
 -0.1215 ,  0.0812 , -0.4773 ,  0.6676 ,  1.6601 ,  0.9811 ,
 -0.1217 ,  0.0404 , -0.4772 , -2.3706 ,  1.0456 ,  0.3306 ,
 -0.0399 ,  0.0005 ,  0.1582 , -1.5544 ,  2.4269 ,  0.6487 ,
 -0.1209 ,  0.0006 , -0.0012 , -0.7738 ,  0.4335 ,  0.3253 ,
  0.0810 ,  0.0811 ,  0.0007 , -0.1236 ,  1.9770 ,  0.3252 ,
 -0.0399 , -0.0391 ,  0.3165 ,  0.0558 ,  2.4446 , -0.3225 ,
  0.1205 , -0.0009 , -0.1574 ,  0.0039 ,  2.0547 ,  0.3270 ,
 -0.0008 ,  0.0398 , -0.4760 , -0.8217 ,  1.2344 ,  0.9811 ,
  0.0381 , -0.0833 , -0.7926 ,  0.1470 ,  1.3193 ,  1.3098 ,
  0.0392 , -0.0011 , -0.4755 ,  0.0143 ,  0.6829 ,  0.9811 ,
 -0.0012 ,  0.0395 , -0.6346 , -0.0419 ,  2.4781 ,  1.6332 ,
  0.0004 ,  0.0815 , -0.0002 , -0.1229 , -0.0156 ,  0.6505 ,
  0.0402 ,  0.0403 , -0.1583 , -0.8318 ,  2.5433 ,  1.3027 ,
 -0.0398 ,  0.1220 ,  0.3135 , -3.3256 ,  0.5264 ,  1.5888 ,
 -0.1215 ,  0.0812 , -0.4773 , -0.1072 ,  1.6601 ,  0.6558 ,
 -0.0811 ,  0.0405 , -0.3182 , -1.6008 ,  1.1094 ,  0.6541 ,
  0.0407 ,  0.0814 ,  0.1571 , -2.4681 ,  1.2843 ,  0.6691 ,
  0.0005 ,  0.1627 , -0.1589 , -1.7908 ,  1.8348 ,  0.6522 ,
  0.0003 ,  0.1220 , -0.1589 , -0.9544 ,  0.5981 ,  0.3270 ,
 -0.0404 ,  0.0406 , -0.1591 , -1.6060 ,  0.5508 ,  1.6278 ,
  0.1206 ,  0.0803 , -0.3162 , -1.6639 ,  2.0384 ,  0.0035 ,
 -0.0805 ,  0.0816 , -0.1596 , -1.6671 ,  0.4801 ,  0.9775 ,
  0.0808 ,  0.0404 ,  0.0007 , -0.0622 ,  1.3625 ,  0.6504 ,
  0.0813 ,  0.0815 ,  0.1593 , -0.1290 ,  0.1115 ,  0.3137 ,
 -0.1208 ,  0.0818 , -0.1600 , -1.6667 , -0.2051 ,  0.6523 ,
  0.0803 ,  0.0805 , -0.3166 , -0.1138 ,  1.9755 ,  0.6540 ,
  0.0791 , -0.0828 , -0.4749 ,  0.1369 ,  2.0060 ,  0.6558 ,
 -0.0407 , -0.0813 , -0.0003 , -2.2014 , -0.0473 ,  0.3252 ,
  0.0802 ,  0.1210 , -0.4753 , -0.1704 ,  2.5891 ,  1.3063 ,
  0.0806 ,  0.0408 ,  0.1588 , -0.0647 ,  1.3648 ,  0.6463 ,
  0.0393 ,  0.0801 , -0.6343 , -2.4285 ,  0.6665 ,  0.3323 ,
 -0.0012 ,  0.0395 , -0.6346 , -2.3666 ,  1.8560 ,  0.6576 ,
  0.0398 ,  0.0400 , -0.3170 , -2.3768 ,  0.6759 ,  0.6540 ,
 -0.0006 , -0.0411 , -0.1586 ,  0.0663 ,  1.2515 ,  1.6278 ,
  0.0805 ,  0.0401 , -0.1579 ,  0.7176 ,  0.1173 ,  1.3027 ,
  0.0811 ,  0.1624 , -0.1581 ,  0.5332 ,  0.7161 ,  0.9775 ,
  0.0801 ,  0.0398 , -0.3165 , -0.0524 ,  1.9834 ,  1.3045 ,
 -0.0809 ,  0.0001 , -0.1594 , -0.7693 , -0.1266 ,  0.6523 ,
  0.1203 ,  0.0800 , -0.4749 ,  0.6655 ,  1.4153 ,  0.3306 ,
  0.0402 ,  0.0403 , -0.1583 , -0.8318 ,  2.5433 ,  0.3270 ,
 -0.0404 ,  0.1219 , -0.3179 ,  0.6005 ,  1.7790 ,  0.9793 ,
  0.0402 ,  0.0403 , -0.1583 ,  0.7179 ,  1.2989 ,  0.9775 ,
  0.0405 ,  0.1213 ,  0.1587 ,  2.9671 ,  1.2529 ,  1.5933 ,
 -0.0402 ,  0.1626 , -0.3180 , -0.2357 ,  1.1489 ,  0.6541 ,
 -0.0010 , -0.0009 , -0.4759 , -0.7602 ,  1.2422 ,  0.3306 ,
 -0.0005 ,  0.0401 , -0.3174 , -0.8266 ,  1.2353 ,  1.3045 ,
  0.0402 ,  0.0403 , -0.1583 , -1.6066 ,  0.6766 ,  0.6522 ,
  0.1213 ,  0.0810 ,  0.0011 , -0.1240 ,  2.6621 ,  0.3252 ,
  0.0001 ,  0.0812 , -0.1588 , -0.8930 ,  1.2282 ,  0.6522 ,
 -0.0411 ,  0.0400 , -0.4764 , -0.0464 ,  0.5493 ,  0.6558 ,
  0.0010 ,  0.1226 ,  0.1584 ,  0.5856 ,  1.8441 ,  0.6487 ,
 -0.0826 , -0.1231 , -0.6351 , -1.3452 ,  1.1392 ,  0.9828 ,
 -0.0003 , -0.0003 , -0.1586 ,  0.7797 ,  3.1105 ,  0.3270 ,
 -0.0807 ,  0.0408 , -0.1595 , -0.0559 , -1.3790 ,  0.9775 ,
  0.0815 , -0.0406 ,  0.1585 , -1.5042 ,  1.9978 ,  0.9919 ,
  0.1605 , -0.0014 , -0.3157 , -0.7665 ,  0.2502 , -1.2974 ,
 -0.0008 ,  0.0398 , -0.4760 , -0.0468 ,  1.2344 ,  0.6558 ,
 -0.0009 , -0.0414 , -0.3172 , -2.2535 , -0.6160 ,  0.9793 ,
 -0.0006 , -0.0411 , -0.1586 ,  1.6160 , -0.6153 ,  0.9775 ,
  0.0800 ,  0.0802 , -0.4752 , -1.6587 ,  3.2194 ,  0.6558 ,
  0.0402 ,  0.0403 , -0.1583 , -0.8318 ,  2.5433 ,  0.6522 ,
  0.0405 ,  0.0406 ,  0.0003 , -0.0618 ,  0.6774 ,  0.6504 ,
 -0.0403 ,  0.0002 , -0.0004 , -1.5494 ,  3.0483 ,  1.3010 ,
 -0.0007 , -0.0006 , -0.3173 , -1.5400 ,  1.2430 ,  1.3045 ,
  0.0003 ,  0.1220 , -0.1589 , -3.2792 ,  0.5981 ,  1.3027 ,
  0.0402 ,  0.0403 , -0.1583 , -0.0569 ,  1.2989 ,  0.0018 ,
  0.0400 ,  0.0807 , -0.3170 ,  0.6613 ,  2.5349 ,  0.3288 ,
  0.0000 ,  0.0000 ,  0.0000 , -0.7748 ,  1.2446 ,  0.9757 ,
  0.1208 ,  0.0399 , -0.1575 ,  0.7172 ,  1.4247 ,  0.3270 ,
  0.0004 ,  0.0815 , -0.0002 , -0.8978 ,  1.2288 ,  0.6505 ,
  0.1206 ,  0.0803 , -0.3162 , -2.4389 ,  1.4162 ,  0.6540 ,
  0.0799 , -0.0010 , -0.3165 ,  0.0091 ,  0.1243 ,  0.6540 ,
 -0.0405 ,  0.1623 , -0.4766 , -2.5556 ,  2.3927 ,  0.6558 ,
  0.0803 ,  0.0805 , -0.3166 , -1.6636 ,  1.9755 ,  0.9793 ,
 -0.0409 ,  0.0808 , -0.4765 , -0.1079 ,  1.1637 ,  1.3063 ,
  0.0809 ,  0.1216 , -0.1581 , -0.1802 ,  0.7239 ,  0.3270 ,
  0.0398 ,  0.0400 , -0.3170 , -0.0520 ,  2.5426 ,  0.9793 ,
  0.0001 ,  0.0812 , -0.1588 , -0.1180 ,  3.0947 ,  0.3270 ,
 -0.0404 ,  0.1219 , -0.3179 , -0.1742 ,  3.0233 ,  0.6541 ,
  0.0809 ,  0.1216 , -0.1581 , -0.1802 ,  1.9685 ,  0.9775 ,
  0.0804 , -0.0412 ,  0.0009 , -1.4890 ,  2.0005 ,  0.6504 ,
  0.0004 ,  0.0815 , -0.0002 , -2.4475 , -0.6380 ,  0.6505 ,
  0.0798 ,  0.0395 , -0.4752 , -1.5973 ,  2.6047 ,  0.6558 ,
 -0.0010 ,  0.0803 , -0.6347 , -0.1034 ,  1.2259 ,  0.0071 ,
  0.1205 ,  0.1208 , -0.4749 , -0.9456 ,  2.0299 ,  0.6558 ,
  0.0404 ,  0.1623 , -0.3172 , -1.0113 ,  3.7636 ,  0.3288 ,
  0.0390 ,  0.0798 , -0.7930 , -0.0988 ,  1.2881 ,  1.3098 ,
  0.0795 , -0.0825 , -0.3163 , -0.6429 ,  2.6289 ,  0.9793 ,
 -0.1216 , -0.0000 , -0.3185 ,  0.7856 ,  1.6766 ,  0.9793 ,
  0.0803 ,  0.0805 , -0.3166 , -0.1138 ,  1.9755 ,  0.0036 ,
  0.1209 , -0.0006 ,  0.0012 , -0.0010 ,  1.4333 ,  0.3252 ,
 -0.0005 ,  0.0401 , -0.3174 ,  0.7231 , -0.0093 ,  0.6541 ,
  0.0408 ,  0.2438 , -0.3173 , -0.3593 ,  0.0146 ,  0.6541 ,
  0.0795 , -0.0013 , -0.4751 ,  0.7888 ,  1.9904 ,  1.3063 ,
 -0.0006 ,  0.0806 , -0.4761 , -2.4331 ,  2.4712 ,  0.9811 ,
  0.1616 ,  0.0808 ,  0.0015 ,  0.6505 , -0.3863 ,  1.3009 ,
  0.0800 , -0.0415 , -0.1578 , -1.4841 ,  3.2442 ,  0.3270 ,
  0.0001 ,  0.0812 , -0.1588 , -0.8930 ,  0.6059 ,  0.9775 ,
 -0.0413 , -0.0007 , -0.4763 , -0.7599 ,  1.8016 ,  0.3306 ,
 -0.0807 ,  0.0408 , -0.1595 ,  1.4937 ,  1.1101 ,  0.6523 ,
  0.0002 ,  0.0408 , -0.0001 ,  1.4881 ,  1.8590 ,  1.9514 ,
 -0.0818 ,  0.0399 , -0.6354 , -0.0412 ,  1.1079 ,  0.3324 ,
 -0.0001 ,  0.0405 , -0.1587 ,  0.7182 ,  1.8582 ,  0.9775 ,
  0.0394 , -0.0416 , -0.3168 ,  0.0709 ,  0.6915 ,  0.6540 ,
 -0.0408 ,  0.0403 , -0.3178 , -0.8262 ,  2.4167 ,  1.3045 ,
 -0.1619 ,  0.0002 , -0.3189 ,  0.0112 ,  2.2358 ,  1.3045 ,
  0.1614 ,  0.0400 ,  0.0015 , -1.6126 ,  2.7330 ,  0.3252 ,
  0.0805 ,  0.1627 ,  0.3156 , -1.0125 ,  2.5860 ,  1.3038 ,
 -0.0404 ,  0.1219 , -0.3179 , -0.9491 ,  1.1567 ,  0.3288 ,
  0.0803 ,  0.0805 , -0.3166 ,  0.6610 ,  3.2198 ,  0.9793 ,
  0.0404 ,  0.0810 , -0.1584 , -0.8932 ,  1.2910 ,  0.9775 ,
 -0.0802 ,  0.0007 ,  0.1578 , -1.5540 ,  1.7418 ,  0.6487 ,
  0.0394 , -0.0416 , -0.3168 ,  0.0709 ,  1.3138 ,  0.9793 ,
  0.0391 ,  0.0393 , -0.6342 , -0.8171 ,  1.9189 ,  0.6576 ,
  0.0400 ,  0.0807 , -0.3170 , -2.4382 ,  1.9127 ,  0.3288 ,
 -0.0816 ,  0.0807 , -0.6355 , -0.1027 ,  0.4778 ,  0.6576 ,
  0.1213 ,  0.0810 ,  0.0011 , -0.8988 ,  1.4176 ,  1.6261 ,
 -0.0403 ,  0.0414 ,  0.1576 , -0.0637 ,  2.4247 ,  0.9697 ,
 -0.0804 ,  0.0412 , -0.0009 , -0.8357 ,  1.7331 ,  1.9514 ,
 -0.0407 ,  0.2033 ,  0.1556 , -1.0882 ,  1.1268 ,  0.9849 ,
  0.0008 ,  0.1631 , -0.0003 , -1.7956 ,  1.2132 ,  0.6505 ,
  0.1200 ,  0.0393 , -0.4748 , -0.0478 ,  3.2899 ,  0.0053 ,
  0.0001 ,  0.0812 , -0.1588 , -0.1180 ,  1.2282 ,  0.3270 ,
 -0.0809 ,  0.0001 , -0.1594 ,  0.0056 ,  1.1179 ,  1.3027 ,
 -0.0413 ,  0.0805 , -0.6351 , -0.8779 ,  1.1629 ,  1.3081 ,
 -0.0002 ,  0.1621 , -0.4762 , -0.2312 ,  0.5887 ,  0.9811 ,
  0.0407 ,  0.0817 ,  0.1589 ,  0.6464 ,  0.6606 ,  0.0019 ,
 -0.0416 , -0.0415 , -0.4762 , -0.6984 ,  1.8094 ,  0.6558 ,
 -0.0011 , -0.0821 , -0.3171 ,  1.6823 ,  1.2587 ,  0.6541 ,
 -0.0413 ,  0.0805 , -0.6351 , -0.1030 ,  0.5407 ,  0.0071 ,
  0.0406 ,  0.1218 , -0.1585 , -0.9547 ,  1.2833 ,  0.3270 ,
  0.0002 ,  0.0408 , -0.0001 , -2.3862 ,  2.4812 ,  0.3252 ,
  0.0397 ,  0.0804 , -0.4757 , -0.8835 ,  1.9119 ,  1.3063 ,
  0.0402 ,  0.0403 , -0.1583 , -0.0569 ,  2.5433 ,  0.0018 ,
  0.1205 , -0.0009 , -0.1574 ,  0.0039 ,  2.0547 ,  0.3270 ,
 -0.0816 , -0.0005 , -0.4767 ,  0.0154 ,  1.1164 ,  1.3063 ,
 -0.0399 ,  0.0817 , -0.0006 , -0.1226 ,  3.0327 ,  0.6505 ,
  0.0407 ,  0.0813 ,  0.0003 , -0.1233 ,  1.9141 ,  0.6504 ,
 -0.0005 ,  0.0401 , -0.3174 , -0.8266 ,  1.2353 ,  0.9793 ,
  0.0402 ,  0.0403 , -0.1583 , -1.6066 ,  1.2989 ,  1.3027 ,
  0.1206 ,  0.0803 , -0.3162 , -0.8890 ,  2.6607 ,  0.0035 ,
  0.0394 , -0.0416 , -0.3168 ,  0.8457 ,  1.3138 ,  0.0036 ,
  0.0407 ,  0.0813 ,  0.0003 , -0.8982 ,  0.6696 ,  0.6504 ,
 -0.0413 , -0.0007 , -0.4763 ,  0.7898 , -0.0652 ,  0.3306 ,
  0.0393 ,  0.0801 , -0.6343 ,  0.6711 ,  1.9111 ,  0.9828 ,
  0.0003 ,  0.2032 , -0.3177 , -0.2975 ,  3.0707 ,  0.9793 ,
  0.0807 ,  0.0808 , -0.1580 , -0.1187 ,  2.5985 ,  0.3270 ,
 -0.0013 , -0.0417 , -0.4758 ,  0.8510 ,  1.2500 ,  0.6558 ,
 -0.0409 , -0.0409 , -0.1590 ,  0.0667 ,  2.4331 ,  0.6522 ,
  0.0805 ,  0.0814 ,  0.1585 , -0.1263 ,  2.6046 ,  0.0000 ,
 -0.0404 ,  0.0406 , -0.1591 , -0.8311 ,  1.1730 ,  0.6522 ,
 -0.0807 ,  0.1221 , -0.3183 , -0.1739 ,  1.7161 ,  1.3045 ,
  0.0399 ,  0.1212 , -0.4757 ,  0.6048 ,  0.6595 ,  0.3306 ,
 -0.0007 , -0.0006 , -0.3173 , -1.5400 ,  1.8653 ,  0.0036 ,
 -0.0017 , -0.1232 , -0.4757 , -2.1258 ,  0.6434 ,  1.3063 ,
  0.0809 , -0.0001 ,  0.1594 , -1.5553 ,  2.6155 ,  0.9739 ,
  0.0395 ,  0.0396 , -0.4756 , -0.0471 ,  1.9197 ,  1.3063 ,
 -0.0001 ,  0.1217 , -0.3175 , -1.7244 ,  1.2197 ,  0.6541 ,
 -0.0410 , -0.0004 , -0.3177 ,  0.7850 ,  1.8024 ,  1.3045 ,
  0.0398 ,  0.0400 , -0.3170 , -0.8269 ,  0.6759 ,  0.3288 ,
 -0.0407 ,  0.1216 , -0.4765 , -1.7191 , -0.0886 ,  0.6558 ,
  0.0800 ,  0.0802 , -0.4752 ,  0.6659 ,  0.1080 ,  0.0053 ,
 -0.0411 ,  0.0400 , -0.4764 , -1.5962 ,  1.1715 ,  0.6558 ,
  0.0408 ,  0.1626 , -0.1585 , -2.5660 ,  1.8977 ,  0.9775 ,
 -0.0008 ,  0.0398 , -0.4760 , -0.8217 ,  0.6122 ,  0.3306 ,
 -0.1207 ,  0.0413 , -0.0013 , -0.8353 ,  2.9146 ,  1.6262 ,
  0.0805 ,  0.1213 , -0.3167 ,  1.3744 ,  1.3455 ,  0.3288 ,
 -0.0408 ,  0.0403 , -0.3178 , -0.0513 ,  3.0391 ,  0.9793 ,
  0.1203 ,  0.0800 , -0.4749 ,  0.6655 ,  1.4153 ,  0.0053 ,
  0.0798 ,  0.0395 , -0.4752 , -1.5973 ,  1.3603 ,  0.3306 ,
  0.0801 ,  0.0398 , -0.3165 , -0.8273 ,  1.3610 ,  1.9549 ,
 -0.0410 , -0.0004 , -0.3177 , -0.7647 ,  1.1801 ,  0.9793 ,
  0.0402 ,  0.1215 , -0.3171 , -0.1749 ,  1.9048 ,  0.6541 ,
 -0.0814 ,  0.0402 , -0.4768 , -0.8210 ,  1.1086 ,  0.6558 ,
  0.0403 ,  0.2027 , -0.4759 , -1.0679 ,  1.2661 ,  1.3063 ,
  0.0794 ,  0.0391 , -0.6338 , -0.8175 ,  2.6041 ,  0.9828 ,
 -0.0004 ,  0.1214 , -0.4761 , -0.1697 ,  1.2188 ,  0.9811 ,
 -0.1214 ,  0.0407 , -0.3186 , -0.8255 ,  0.4242 ,  0.6541 ,
  0.0813 ,  0.0002 ,  0.3181 ,  0.7643 ,  3.2387 ,  0.3217 ,
  0.0396 , -0.0008 , -0.3169 , -0.7654 ,  0.6837 ,  0.9793 ,
  0.0001 ,  0.0812 , -0.1588 ,  0.6568 ,  1.2282 ,  0.3270 ,
  0.0399 , -0.0005 , -0.1582 , -1.5452 ,  1.9290 ,  0.9775 ,
 -0.1219 ,  0.0809 , -0.6359 , -0.1023 ,  1.0372 ,  0.9828 ,
  0.0398 ,  0.0400 , -0.3170 , -2.3768 ,  1.9204 ,  0.3288 ,
  0.0001 ,  0.0812 , -0.1588 , -0.1180 ,  1.2282 ,  0.9775 ,
 -0.0809 ,  0.0813 , -0.3182 , -0.8874 , -0.1430 , -0.3217 ,
  0.0397 , -0.0413 , -0.1582 , -1.4837 ,  1.3145 ,  0.9775 ,
  0.0403 , -0.0002 ,  0.0004 , -0.7752 ,  1.3074 ,  0.6504 ,
  0.0809 , -0.0001 ,  0.1594 , -0.7805 ,  1.9934 ,  0.6487 ,
  0.1204 ,  0.0396 , -0.3161 , -2.3774 ,  2.6685 ,  0.9793 ,
  0.0398 ,  0.0400 , -0.3170 , -0.8269 ,  0.6759 ,  0.6540 ,
 -0.0008 ,  0.0398 , -0.4760 , -0.8217 , -0.0101 ,  0.6558 ,
 -0.0812 ,  0.0810 , -0.4769 , -0.1076 ,  1.7231 ,  0.6558 ,
 -0.0003 ,  0.0809 , -0.3174 , -1.6630 ,  1.8497 ,  2.2801 ,
 -0.0001 ,  0.1217 , -0.3175 , -0.9495 , -0.0249 ,  0.9793 ,
 -0.0411 ,  0.1213 , -0.6352 , -0.9394 ,  1.1552 ,  0.3324 ,
  0.0807 ,  0.0808 , -0.1580 , -0.1187 ,  1.9763 ,  1.3027 ,
  0.0395 ,  0.1209 , -0.6344 , -0.9400 ,  2.5256 ,  0.6576 ,
  0.0402 ,  0.1215 , -0.3171 , -0.9498 ,  1.2825 ,  0.9793 ,
  0.0813 ,  0.0406 ,  0.1580 , -1.6262 ,  1.3593 ,  1.3146 ,
  0.1206 ,  0.0803 , -0.3162 ,  2.2102 ,  2.0384 ,  0.9793 ,
  0.0812 ,  0.1219 ,  0.0006 , -0.9599 ,  2.5915 ,  0.6504 ,
  0.0411 ,  0.1629 ,  0.0001 ,  0.5286 ,  2.5207 ,  0.3252 ,
 -0.0001 ,  0.1217 , -0.3175 , -0.1746 , -0.6472 ,  0.3288 ,
  0.1606 ,  0.0798 , -0.4745 ,  0.6652 ,  0.8560 ,  0.0053 ,
 -0.0411 ,  0.0400 , -0.4764 , -0.0464 ,  2.4161 ,  0.9811 ,
  0.0405 ,  0.0406 ,  0.0003 , -1.6116 ,  2.5441 ,  1.6261 ,
  0.0409 ,  0.1221 ,  0.0002 , -0.1847 ,  1.2841 ,  0.9757 ,
 -0.0411 ,  0.0400 , -0.4764 , -1.5962 , -0.0730 ,  0.0053 ,
 -0.0003 ,  0.0809 , -0.3174 , -0.1131 ,  1.2274 ,  1.3045 ,
  0.0395 ,  0.0396 , -0.4756 , -1.5969 ,  1.2973 ,  0.6558 ,
 -0.1215 ,  0.0812 , -0.4773 ,  1.4423 ,  1.0379 ,  0.0054 ,
 -0.0406 ,  0.0811 , -0.3178 , -0.1128 ,  2.4091 ,  0.6541 ,
 -0.0007 , -0.0006 , -0.3173 ,  0.0098 ,  0.6208 ,  0.9793 ,
 -0.0396 ,  0.0008 ,  0.3169 , -1.5592 ,  1.1831 ,  0.3217 ,
  0.0404 ,  0.0810 , -0.1584 , -0.1184 ,  1.2910 , -0.3235 ,
  0.0793 ,  0.0796 , -0.7925 , -1.6490 ,  2.5956 ,  0.3341 ,
 -0.0412 , -0.0412 , -0.3176 , -0.7033 ,  1.8102 ,  0.9793 ,
  0.0391 ,  0.0393 , -0.6342 ,  0.7326 ,  1.9189 ,  1.3081 ,
  0.0801 ,  0.0398 , -0.3165 , -0.0524 ,  1.3610 ,  0.9793 ,
  0.1208 ,  0.0399 , -0.1575 , -0.0576 ,  0.1802 ,  0.9775 ,
  0.0809 ,  0.1216 , -0.1581 , -0.1802 ,  1.3462 ,  0.6522 ,
 -0.0402 ,  0.0814 , -0.1592 , -2.4424 ,  1.1652 ,  0.0018 ,
 -0.0003 ,  0.0809 , -0.3174 , -1.6630 ,  1.8497 ,  0.9793 ,
 -0.0009 , -0.0414 , -0.3172 , -1.4785 ,  1.8732 ,  1.3045 ,
 -0.0403 ,  0.0002 , -0.0004 , -0.7745 , -0.0629 ,  0.6505 ,
 -0.0005 ,  0.0401 , -0.3174 ,  0.7231 ,  1.2353 ,  0.9793 ,
  0.0805 ,  0.0401 , -0.1579 , -3.1567 , -1.1274 ,  0.9775 ,
 -0.0413 ,  0.0805 , -0.6351 , -0.8779 ,  1.7852 ,  0.9828 ,
  0.0397 , -0.0413 , -0.1582 ,  0.0660 ,  2.5588 ,  0.6522 ,
  0.0402 ,  0.0403 , -0.1583 , -0.0569 ,  1.2989 ,  0.6522 ,
  0.1611 ,  0.2031 ,  0.1590 ,  0.4564 ,  0.8186 , -0.3217 ,
 -0.0009 , -0.0414 , -0.3172 ,  0.0712 ,  0.0063 ,  0.3288 ,
  0.0805 ,  0.1213 , -0.3167 , -0.1753 ,  1.3455 ,  0.0036 ,
  0.0002 ,  0.0408 , -0.0001 , -0.0615 ,  1.8590 ,  1.3010 ,
 -0.0413 , -0.0007 , -0.4763 , -0.7599 ,  2.4238 ,  0.6558 ,
 -0.0408 ,  0.0403 , -0.3178 , -0.8262 ,  1.1724 ,  0.9793 ,
  0.1214 ,  0.1622 , -0.1577 , -1.0168 ,  1.4013 ,  0.0018 ,
  0.1208 ,  0.1211 , -0.3163 , -0.9505 ,  2.0305 ,  0.6540 ,
  0.0795 ,  0.1204 , -0.7926 , -0.1606 ,  0.7209 ,  1.6351 ,
 -0.0413 ,  0.0805 , -0.6351 ,  1.4466 ,  2.4076 ,  0.0071 ,
  0.1620 ,  0.1623 ,  0.0013 , -1.7970 ,  1.4650 ,  0.6504 ,
 -0.0808 , -0.0404 , -0.0007 , -1.4876 ,  1.7488 ,  1.6262 ,
  0.1208 ,  0.0399 , -0.1575 , -0.8325 ,  3.2913 ,  0.3270 ,
  0.0398 ,  0.0400 , -0.3170 , -0.8269 ,  1.9204 ,  0.3288 ,
  0.1212 , -0.0003 ,  0.1599 , -0.7808 ,  1.4340 ,  0.6487 ,
  0.1596 , -0.0428 , -0.6329 ,  0.0796 ,  0.2565 , -0.3181 ,
 -0.0009 , -0.0414 , -0.3172 , -2.2535 ,  1.2508 ,  0.9793 ,
  0.0397 , -0.0413 , -0.1582 , -0.7089 ,  1.9368 ,  0.9775 ,
 -0.0415 ,  0.0397 , -0.6350 , -0.0415 ,  1.7931 ,  0.6576 ,
  0.1214 ,  0.0411 ,  0.3183 ,  0.7001 ,  1.4218 ,  0.3200 ,
  0.1208 ,  0.0399 , -0.1575 , -0.8325 , -0.4421 ,  0.9775 ,
 -0.0813 , -0.0002 , -0.3181 , -0.7644 , -1.3720 ,  0.6541 ,
 -0.0008 ,  0.0398 , -0.4760 ,  0.7280 ,  1.2344 ,  0.6558 ,
  0.1211 ,  0.0402 ,  0.0011 ,  0.7123 ,  2.6700 ,  0.9757 ,
  0.1210 ,  0.0806 , -0.1576 , -0.1191 ,  1.4169 ,  1.6278 ,
  0.1200 ,  0.1609 , -0.7923 , -1.7722 ,  1.3983 ,  0.3341 ,
  0.0002 ,  0.0408 , -0.0001 , -0.8363 ,  1.2367 ,  1.6262 ,
 -0.1208 ,  0.0818 , -0.1600 , -0.1170 ,  0.4172 ,  1.3027 ,
 -0.0805 ,  0.1628 , -0.3184 , -1.0103 ,  1.7083 ,  0.6541 ,
 -0.0001 ,  0.0405 , -0.1587 , -0.0566 ,  1.8582 ,  0.6522 ,
  0.0400 ,  0.0807 , -0.3170 , -0.8884 ,  1.2904 ,  0.6540 ,
 -0.0001 ,  0.0405 , -0.1587 , -0.0566 , -0.0086 ,  0.6522 ,
  0.0811 ,  0.1624 , -0.1581 , -0.2416 ,  1.3383 , -0.3235 ,
  0.0406 ,  0.1218 , -0.1585 , -0.9547 ,  1.9056 ,  0.3270 ,
  0.1611 ,  0.0401 ,  0.1599 ,  0.7031 ,  3.3441 ,  1.2815 ,
  0.0387 , -0.0422 , -0.6341 , -0.6942 ,  1.9346 ,  0.6576 ,
  0.1212 ,  0.1214 , -0.1577 , -0.1805 ,  2.6535 ,  0.9775 ,
  0.0399 ,  0.1212 , -0.4757 , -0.1701 , -1.2074 ,  0.6558 ,
  0.0801 ,  0.0398 , -0.3165 ,  0.7224 ,  0.1165 ,  0.9793 ,
  0.1613 ,  0.0805 , -0.1572 ,  0.6554 ,  2.7244 ,  0.3270 ,
 -0.0796 ,  0.0826 ,  0.3161 , -0.1305 ,  0.4788 ,  0.3080 ,
  0.0795 , -0.0825 , -0.3163 ,  0.1320 ,  0.7622 ,  1.6297 ,
  0.0403 ,  0.0410 ,  0.1584 , -0.0643 ,  2.5505 ,  1.6164 ,
 -0.0812 ,  0.2440 ,  0.1548 , -1.1508 ,  1.0519 ,  0.9862 ,
  0.0811 ,  0.1217 ,  0.1574 , -2.5295 ,  1.3394 ,  0.9919 ,
  0.1225 , -0.2030 ,  0.1602 , -1.2590 ,  1.4854 ,  0.9894 ,
 -0.0812 , -0.0407 , -0.1594 , -2.2578 ,  1.7480 ,  1.3027 ,
 -0.1210 ,  0.3252 , -0.7950 , -1.2411 ,  0.9896 ,  0.3342 ,
  0.0792 ,  0.2013 , -1.1100 ,  0.5011 ,  1.9483 ,  0.3377 ,
  0.0795 , -0.0825 , -0.3163 , -1.4178 ,  2.0067 ,  0.3288 ,
  0.0401 , -0.0410 ,  0.0005 , -1.4887 ,  3.1820 ,  0.6504 ,
 -0.0805 ,  0.1628 , -0.3184 , -2.5602 ,  0.4637 ,  1.6297 ,
  0.1641 ,  0.2856 ,  0.1601 ,  0.3241 , -0.4096 ,  0.6586 ,
  0.1608 ,  0.1206 , -0.4745 , -1.7209 ,  2.0928 ,  0.3306 ,
 -0.2020 , -0.1616 ,  0.1549 , -2.0992 ,  0.9564 ,  1.3068 ,
 -0.2019 , -0.0806 , -0.0019 , -1.4251 ,  0.3233 ,  1.6262 ,
  0.1202 ,  0.2017 , -0.7924 , -1.0588 ,  1.3905 ,  0.0089 ,
  0.1619 ,  0.2840 , -0.3162 , -0.4218 , -0.4268 ,  0.3288 ,
 -0.0411 , -0.1629 , -0.0001 ,  0.2462 ,  1.8351 ,  1.3010 ,
 -0.2046 , -0.2047 , -0.9535 , -1.9863 , -0.2800 ,  1.9622 ,
  0.0001 ,  0.1624 , -0.3176 , -1.0110 ,  0.5895 ,  0.3288 ,
  0.2006 ,  0.1606 , -0.7915 ,  1.3265 ,  0.2796 ,  0.9846 ,
  0.0791 , -0.0828 , -0.4749 , -0.6380 ,  2.6282 ,  1.3063 ,
 -0.2004 , -0.4042 ,  0.1589 , -2.4222 ,  1.6588 ,  1.9241 ,
 -0.1209 ,  0.0006 , -0.0012 ,  0.7758 ,  0.4335 ,  1.9514 ,
  0.1614 ,  0.4458 , -0.9510 ,  0.1267 ,  1.4057 ,  0.0107 ,
  0.0400 ,  0.0807 , -0.3170 ,  0.6613 ,  1.9127 ,  0.6540 ,
 -0.0397 , -0.3251 , -0.1565 , -0.2654 ,  1.2654 ,  1.6049 ,
 -0.0815 , -0.0410 , -0.3180 , -0.7029 ,  2.3695 ,  1.3045 ,
  0.2424 ,  0.2836 , -0.1569 ,  0.3437 ,  2.1798 , -0.3112 ,
  0.1205 ,  0.2020 , -0.6337 , -1.0636 ,  2.0136 ,  0.9828 ,
 -0.0820 , -0.2038 , -0.1591 , -0.4620 ,  0.5347 ,  1.3027 ,
 -0.1226 , -0.2039 , -0.3181 ,  0.3181 ,  1.7156 ,  1.6297 ,
  0.1216 ,  0.2029 , -0.1578 , -0.3034 ,  3.2601 , -0.3235 ,
  0.1624 ,  0.2438 ,  0.0012 , -1.9199 ,  2.6939 , -0.0000 ,
 -0.1610 , -0.1208 ,  0.3152 , -0.5871 ,  1.0229 ,  1.6071 ,
 -0.3648 , -0.2030 , -0.4792 ,  0.3250 ,  1.3373 ,  0.9811 ,
  0.1603 ,  0.0391 , -0.4744 ,  1.5014 ,  2.1084 ,  0.0053 ,
  0.2423 ,  0.1616 , -0.1565 ,  1.3066 ,  0.3455 , -0.3235 ,
 -0.0418 ,  0.0394 , -0.7937 , -1.5864 ,  1.7923 ,  0.6594 ,
 -0.2432 , -0.2030 , -0.1607 , -0.4606 ,  2.1498 ,  1.9533 ,
 -0.0007 , -0.0006 , -0.3173 , -0.7651 ,  1.2430 ,  0.9793 ,
  0.1626 ,  0.2846 ,  0.0011 , -1.2066 ,  2.0638 , -0.3253 ,
  0.1214 ,  0.1622 , -0.1577 , -1.7917 ,  2.6457 ,  1.3027 ,
 -0.0802 , -0.0800 ,  0.1582 ,  0.1200 ,  3.0145 ,  1.5950 ,
  0.0407 , -0.0810 ,  0.1587 , -0.6464 ,  2.5777 ,  0.9774 ,
  0.0404 ,  0.1623 , -0.3172 ,  1.3132 ,  1.2746 ,  0.9793 ,
 -0.0815 ,  0.1619 , -0.7943 ,  1.3290 ,  1.0837 ,  0.6594 ,
  0.0391 , -0.1636 , -0.1579 , -0.5245 ,  1.9603 ,  0.6522 ,
  0.0001 , -0.0405 ,  0.1587 , -0.7183 ,  1.2530 ,  0.6487 ,
  0.0400 ,  0.0807 , -0.3170 ,  0.6613 ,  1.2904 ,  0.3288 ,
  0.0435 ,  0.2862 , -0.1590 , -1.1819 ,  1.2835 ,  0.9948 ,
 -0.0399 ,  0.0005 ,  0.1582 , -0.7794 ,  1.8046 ,  1.6244 ,
 -0.1600 , -0.1191 ,  0.6333 ,  0.9409 ,  2.2658 ,  0.9538 ,
  0.1200 , -0.0420 , -0.3160 ,  0.8450 ,  2.0618 ,  0.0035 ,
 -0.0411 ,  0.2429 , -0.9527 , -1.8888 ,  0.5080 ,  0.3359 ,
  0.2011 , -0.0013 , -0.1566 ,  0.0032 ,  1.5584 ,  1.3027 ,
 -0.0412 , -0.0412 , -0.3176 , -2.2532 ,  1.8102 ,  0.3288 ,
 -0.1210 ,  0.0410 , -0.1599 , -0.0555 ,  1.6695 ,  0.6523 ,
  0.1617 ,  0.1620 , -0.1573 ,  0.5325 ,  2.0864 ,  0.9775 ,
  0.1218 ,  0.1627 ,  0.3181 ,  2.1080 ,  0.7514 ,  0.6468 ,
  0.0799 , -0.0010 , -0.3165 , -0.7658 ,  0.7466 ,  0.9793 ,
 -0.0409 , -0.0409 , -0.1590 , -0.7082 ,  1.8109 ,  0.6522 ,
 -0.0395 ,  0.1633 , -0.0007 , -0.2455 ,  1.1503 , -0.3252 ,
 -0.0404 ,  0.1219 , -0.3179 , -0.9491 ,  0.5344 ,  0.3288 ,
 -0.0014 , -0.0012 , -0.6346 ,  0.0196 ,  1.2415 ,  0.3323 ,
 -0.0411 , -0.0817 , -0.1589 , -1.4216 ,  0.5742 , -0.3234 ,
  0.0795 , -0.0013 , -0.4751 ,  0.0140 ,  0.1236 ,  0.3306 ,
  0.0805 ,  0.1213 , -0.3167 , -0.1753 ,  1.3455 ,  0.6540 ,
  0.0802 ,  0.1210 , -0.4753 ,  0.6044 ,  1.3446 ,  0.0053 ,
 -0.0818 , -0.0413 , -0.4766 , -1.4729 ,  2.3687 ,  1.3063 ,
  0.0784 , -0.0835 , -0.7922 , -1.4031 ,  2.0045 ,  1.3098 ,
  0.0006 ,  0.1223 , -0.0002 , -0.1844 ,  1.2210 ,  0.3252 ,
  0.0807 ,  0.0808 , -0.1580 , -0.8936 ,  1.3540 ,  0.3270 ,
  0.0393 , -0.1228 , -0.1580 ,  0.1889 , -0.5367 , -0.3235 ,
 -0.0814 ,  0.0402 , -0.4768 , -0.8210 ,  1.7309 ,  1.3063 ,
  0.1204 ,  0.0396 , -0.3161 , -1.6025 ,  2.0462 ,  0.6540 ,
  0.0396 ,  0.2021 , -0.7931 , -1.8329 ,  1.8869 ,  0.0089 ,
  0.0808 ,  0.0404 ,  0.0007 ,  0.7127 ,  1.3625 ,  0.6504 ,
 -0.0405 , -0.0406 , -0.0003 ,  0.8366 ,  2.4339 ,  1.6262 ,
  0.0404 ,  0.0810 , -0.1584 , -2.4431 ,  1.9133 ,  1.3027 ,
  0.1612 , -0.0008 ,  0.0016 ,  0.7734 ,  1.4962 , -0.3253 ,
  0.1213 ,  0.0810 ,  0.0011 ,  0.6508 ,  0.1731 ,  1.3009 ,
  0.0803 ,  0.0805 , -0.3166 , -0.1138 ,  1.9755 ,  0.3288 ,
 -0.0804 ,  0.0411 ,  0.1568 , -0.8435 ,  0.4822 ,  0.9590 ,
  0.0404 ,  0.0810 , -0.1584 ,  0.6565 ,  1.9133 ,  0.6522 ,
 -0.0003 ,  0.0809 , -0.3174 ,  0.6617 ,  1.8497 ,  0.3288 ,
 -0.0403 ,  0.0002 , -0.0004 ,  1.5500 ,  1.1816 ,  1.3010 ,
  0.0407 ,  0.0817 ,  0.3152 , -1.6711 ,  1.9164 ,  0.6567 ,
  0.0401 ,  0.1619 , -0.4758 ,  2.0930 ,  0.6517 ,  1.3063 ,
  0.1601 , -0.0017 , -0.4743 , -1.5366 ,  2.7384 ,  1.6314 ,
 -0.0406 , -0.0001 , -0.1590 ,  0.0052 ,  2.4253 ,  1.3027 ,
  0.0401 ,  0.1619 , -0.4758 , -1.0064 ,  0.6517 ,  0.0053 ,
  0.0404 ,  0.0810 , -0.1584 , -1.6682 ,  1.2910 ,  0.9775 ,
 -0.0004 ,  0.1214 , -0.4761 , -0.1697 ,  2.4633 ,  0.9811 ,
 -0.0410 , -0.0004 , -0.3177 , -0.7647 ,  1.1801 ,  0.6541 ,
  0.1204 ,  0.0396 , -0.3161 ,  1.4968 ,  2.6685 ,  0.6540 ,
  0.0400 ,  0.0807 , -0.3170 , -0.8884 ,  1.2904 ,  0.6540 ,
 -0.1201 ,  0.1636 , -0.0015 , -0.2448 ,  1.0245 ,  0.9757 ,
  0.1599 ,  0.0792 , -0.7917 , -0.0998 ,  0.8546 ,  0.3341 ,
  0.0795 , -0.0013 , -0.4751 ,  0.7888 ,  1.3680 , -0.3199 ,
  0.0798 ,  0.0395 , -0.4752 , -0.8224 ,  1.9826 , -0.3199 ,
 -0.1228 , -0.0417 , -0.7943 , -0.6879 ,  0.4376 ,  0.6594 ,
 -0.0406 ,  0.0811 , -0.3178 , -0.1128 ,  2.4091 ,  0.9793 ,
  0.0400 ,  0.0807 , -0.3170 ,  1.4361 ,  3.7794 ,  0.3288 ,
  0.0006 ,  0.0411 ,  0.1586 , -0.0664 ,  1.2375 , -0.3270 ,
 -0.0004 ,  0.1214 , -0.4761 , -0.1697 ,  2.4633 ,  0.6558 ,
  0.1204 ,  0.0396 , -0.3161 , -0.0527 ,  3.2908 ,  0.6540 ,
  0.0803 ,  0.0805 , -0.3166 ,  0.6610 ,  3.2198 ,  1.3045 ,
 -0.0406 ,  0.0811 , -0.3178 , -2.4374 ,  2.4091 ,  0.3288 ,
 -0.0004 ,  0.1214 , -0.4761 , -0.1697 ,  2.4633 ,  0.3306 ,
 -0.0007 , -0.0006 , -0.3173 , -0.7651 ,  1.2430 ,  1.3045 ,
 -0.0006 ,  0.0806 , -0.4761 , -0.8831 ,  1.2266 ,  1.3063 ,
 -0.0807 ,  0.0408 , -0.1595 , -1.6056 ,  2.3548 ,  0.3270 ,
 -0.0006 , -0.0411 , -0.1586 ,  0.0663 ,  1.2515 ,  0.9775 ,
  0.0389 , -0.0014 , -0.6342 , -1.5305 , -0.5624 ,  0.6576 ,
  0.0814 ,  0.1627 ,  0.0005 , -0.2465 ,  0.0946 ,  0.3252 ,
 -0.0404 ,  0.1219 , -0.3179 , -0.1742 ,  1.1567 ,  0.3288 ,
  0.0399 ,  0.1212 , -0.4757 , -0.1701 ,  0.0372 ,  1.6314 ,
  0.0390 ,  0.0798 , -0.7930 , -0.8737 ,  1.9104 ,  0.0089 ,
  0.0402 ,  0.1215 , -0.3171 , -0.9498 ,  1.2825 ,  1.3045 ,
  0.0805 ,  0.0401 , -0.1579 , -0.8322 ,  2.6064 ,  0.9775 ,
  0.0395 ,  0.0396 , -0.4756 ,  0.7277 ,  1.2973 ,  0.6558 ,
 -0.0402 ,  0.0814 , -0.1592 , -0.8925 ,  2.4096 ,  1.9532 ,
  0.0807 ,  0.0808 , -0.1580 ,  0.6561 ,  0.1095 ,  0.9775 ,
  0.0391 ,  0.0393 , -0.6342 , -0.8171 ,  1.2966 ,  1.3081 ,
 -0.0404 ,  0.0406 , -0.1591 ,  0.7186 ,  1.1730 ,  0.6522 ,
  0.0407 ,  0.0813 ,  0.0003 , -0.1233 ,  2.5364 ,  0.6504 ,
 -0.0411 ,  0.0400 , -0.4764 , -0.8214 ,  3.0383 ,  0.9811 ,
  0.1211 ,  0.0402 ,  0.0011 ,  0.7123 ,  1.4255 ,  1.3009 ,
  0.1219 ,  0.0807 ,  0.1589 , -1.6951 ,  0.1810 ,  1.2497 ,
  0.0797 , -0.0418 , -0.3164 , -0.7043 ,  3.2434 ,  0.0036 ,
 -0.1223 , -0.0007 , -0.6358 , -0.7543 ,  0.4305 ,  0.9828 ,
 -0.0809 ,  0.0813 , -0.3182 ,  0.6624 ,  2.3460 ,  1.3045 ,
  0.0404 ,  0.0810 , -0.1584 , -0.1184 ,  1.2910 ,  0.6522 ,
  0.0403 , -0.0002 ,  0.0004 ,  0.7745 ,  1.9298 ,  0.3252 ,
  0.0410 ,  0.0004 ,  0.3177 , -1.5599 ,  1.9312 ,  0.6469 ,
  0.0403 , -0.0002 ,  0.0004 , -1.5501 ,  1.3074 ,  0.3252 ,
 -0.0404 ,  0.1219 , -0.3179 , -0.9491 ,  0.5344 ,  0.3288 ,
  0.0016 ,  0.2449 ,  0.1582 , -1.9235 ,  1.1984 , -0.0018 ,
  0.0389 , -0.0014 , -0.6342 ,  1.5688 ,  2.5490 ,  0.6576 ,
 -0.0007 , -0.0006 , -0.3173 , -3.0898 ,  0.6208 ,  0.3288 ,
 -0.0005 ,  0.0401 , -0.3174 , -0.0517 ,  2.4797 , -0.3217 ,
 -0.0807 ,  0.1221 , -0.3183 , -0.9488 ,  1.7161 ,  0.3288 ,
  0.0803 ,  0.0805 , -0.3166 , -1.6636 ,  0.7310 ,  0.6540 ,
 -0.0004 ,  0.1214 , -0.4761 ,  0.6051 ,  3.0855 ,  0.6558 ,
 -0.0813 , -0.0002 , -0.3181 ,  0.7853 ,  0.4950 ,  0.0036 ,
  0.1211 ,  0.0402 ,  0.0011 , -0.0625 ,  0.8032 ,  0.3252 ,
  0.0800 ,  0.0802 , -0.4752 , -0.8838 ,  1.9748 ,  0.3306 ,
  0.1220 ,  0.0816 ,  0.3172 , -1.6912 ,  0.7941 ,  0.9523 ,
 -0.0812 ,  0.0810 , -0.4769 ,  0.6673 ,  1.1008 ,  0.0054 ,
 -0.0011 ,  0.1208 , -0.7934 ,  1.3897 ,  1.2174 ,  0.6594 ,
 -0.0404 ,  0.0406 , -0.1591 , -1.6060 ,  1.1730 ,  0.0018 ,
  0.0396 , -0.0008 , -0.3169 , -0.7654 ,  3.1726 ,  0.6540 ,
  0.1216 ,  0.2029 , -0.1578 ,  0.4714 ,  0.1490 ,  0.3270 ,
  0.1214 ,  0.1622 , -0.1577 , -0.2420 ,  1.4013 ,  0.3270 ,
 -0.0008 ,  0.0398 , -0.4760 , -0.8217 ,  1.8568 ,  0.3306 ,
 -0.0406 ,  0.0811 , -0.3178 ,  0.6620 ,  3.0312 ,  0.6541 ,
  0.0801 ,  0.0398 , -0.3165 , -0.8273 ,  1.3610 ,  0.6540 ,
  0.0805 ,  0.0401 , -0.1579 , -0.0573 ,  1.9841 ,  1.3027 ,
  0.0405 ,  0.0406 ,  0.0003 , -0.0618 ,  3.1663 ,  1.3009 ,
  0.0794 ,  0.0391 , -0.6338 , -0.8175 ,  3.2262 ,  1.3080 ,
 -0.0003 , -0.0003 , -0.1586 ,  0.0049 , -0.0007 ,  0.6522 ,
  0.0406 ,  0.1218 , -0.1585 ,  0.5950 ,  1.9056 ,  1.3027 ,
 -0.0006 ,  0.0806 , -0.4761 , -0.8831 ,  1.2266 , -0.6451 ,
 -0.0406 ,  0.0811 , -0.3178 , -0.1128 , -0.7024 ,  0.6541 ,
 -0.1619 ,  0.0002 , -0.3189 , -0.7637 , -0.2532 ,  0.9793 ,
  0.0801 ,  0.0398 , -0.3165 , -0.0524 ,  1.3610 ,  0.6540 ,
 -0.0401 ,  0.0410 , -0.0005 ,  0.7137 ,  1.1737 , -0.3252 ,
 -0.0010 ,  0.0803 , -0.6347 ,  2.2211 ,  1.2259 ,  0.0071 ,
 -0.0404 ,  0.0406 , -0.1591 , -1.6060 ,  1.7953 ,  0.9775 ,
  0.0004 ,  0.0815 , -0.0002 , -0.8978 ,  1.2288 ,  1.6262 ,
  0.0399 , -0.0005 , -0.1582 ,  0.0045 ,  0.6844 ,  0.9775 ,
  0.0404 ,  0.0810 , -0.1584 , -0.1184 ,  1.9133 ,  0.6522 ,
 -0.0408 ,  0.0403 , -0.3178 , -0.8262 ,  1.1724 ,  0.9793 ,
  0.1204 ,  0.0396 , -0.3161 ,  0.7221 ,  0.8017 ,  0.6540 ,
 -0.0003 , -0.0003 , -0.1586 ,  1.5546 , -0.0007 ,  0.9775 ,
 -0.0002 , -0.0408 ,  0.0001 ,  0.8362 ,  2.4970 ,  0.3252 ,
 -0.0404 ,  0.0406 , -0.1591 , -0.0562 , -1.3161 ,  1.3027 ,
  0.0405 ,  0.0406 ,  0.0003 ,  1.4878 ,  1.9219 ,  0.3252 ,
 -0.1209 ,  0.0006 , -0.0012 ,  0.7758 ,  2.3002 ,  0.6505 ,
 -0.0010 , -0.0009 , -0.4759 ,  0.0147 ,  1.2422 ,  0.9811 ,
  0.0397 , -0.0413 , -0.1582 ,  0.8408 ,  1.9368 ,  0.3270 ,
  0.0807 ,  0.1621 , -0.3168 ,  0.5381 ,  1.9599 ,  0.9793 ,
  0.0001 ,  0.0812 , -0.1588 ,  0.6568 ,  0.6059 ,  0.0018 ,
  0.0797 , -0.0418 , -0.3164 ,  0.0705 ,  2.6212 , -0.3217 ,
  0.0797 , -0.0418 , -0.3164 , -3.8039 ,  2.6212 ,  0.6540 ,
 -0.0814 ,  0.0402 , -0.4768 , -0.0461 ,  1.7309 ,  1.6314 ,
  0.0798 ,  0.0395 , -0.4752 , -0.8224 ,  1.9826 ,  1.3063 ,
  0.1210 ,  0.0806 , -0.1576 ,  0.6557 ,  0.7946 ,  0.9775 ,
  0.0387 , -0.0422 , -0.6341 ,  0.0807 ,  1.3122 ,  0.6576 ,
  0.1213 ,  0.0810 ,  0.0011 , -0.1240 ,  2.0400 ,  1.3009 ,
  0.0394 , -0.0416 , -0.3168 ,  0.0709 ,  1.3138 ,  0.3288 ,
  0.2009 ,  0.0796 , -0.4740 , -1.6598 ,  0.2967 ,  0.3306 ,
  0.0400 ,  0.0807 , -0.3170 , -0.8884 ,  0.6681 ,  0.3288 ,
 -0.0001 ,  0.1217 , -0.3175 , -0.9495 ,  1.2197 ,  1.3045 ,
  0.0404 ,  0.1623 , -0.3172 ,  1.3132 ,  0.6524 ,  0.6541 ,
  0.0001 ,  0.0812 , -0.1588 , -0.1180 ,  1.2282 ,  0.0018 ,
  0.0000 ,  0.0000 ,  0.0000 , -0.7748 ,  1.8670 , -0.3252 ,
 -0.0011 , -0.0821 , -0.3171 , -0.6422 , -0.6082 ,  0.9793 ,
 -0.0008 ,  0.0398 , -0.4760 ,  0.7280 , -0.6324 ,  0.6558 ,
 -0.0418 ,  0.0394 , -0.7937 , -0.0367 ,  0.5478 ,  1.3099 ,
 -0.0404 ,  0.0406 , -0.1591 , -0.0562 ,  0.5508 ,  0.9775 ,
  0.0405 ,  0.0406 ,  0.0003 , -0.8367 ,  1.9219 ,  0.9757 ,
  0.0004 ,  0.0815 , -0.0002 ,  0.6519 ,  1.8511 ,  0.9757 ,
  0.0401 ,  0.1627 ,  0.1575 , -0.2481 ,  1.8974 ,  0.3268 ,
 -0.0409 , -0.0409 , -0.1590 ,  0.0667 ,  2.4331 ,  0.3270 ,
 -0.0010 , -0.0009 , -0.4759 ,  0.0147 ,  1.2422 , -0.3199 ,
 -0.0400 ,  0.1222 , -0.1593 ,  0.5957 ,  1.7796 ,  0.9775 ,
 -0.0004 ,  0.1214 , -0.4761 , -1.7195 ,  2.4633 ,  0.3306 ,
 -0.0412 , -0.0412 , -0.3176 , -0.7033 , -0.0566 ,  0.3288 ,
  0.0387 , -0.0422 , -0.6341 ,  0.0807 ,  1.9346 ,  0.6576 ,
 -0.0406 ,  0.0811 , -0.3178 , -3.2122 ,  0.5422 ,  0.0036 ,
  0.1205 ,  0.1208 , -0.4749 , -0.1707 ,  1.4075 ,  0.6558 ,
  0.0807 ,  0.0808 , -0.1580 , -0.8936 ,  1.9763 ,  0.6522 ,
  0.0001 ,  0.0812 , -0.1588 ,  1.4315 ,  0.6059 ,  0.3270 ,
 -0.0409 , -0.0409 , -0.1590 ,  0.8415 ,  0.5664 ,  0.9775 ,
 -0.0412 , -0.0412 , -0.3176 ,  3.1707 ,  2.4324 ,  0.3288 ,
 -0.0411 ,  0.0400 , -0.4764 , -0.8214 ,  1.1715 ,  0.0053 ,
  0.0815 ,  0.0808 ,  0.3153 , -3.2654 ,  0.7309 ,  0.3289 ,
  0.1208 ,  0.0399 , -0.1575 ,  0.7172 ,  2.0470 ,  0.9775 ,
  0.0806 , -0.0004 ,  0.0008 , -2.3255 ,  1.3704 ,  1.3009 ,
  0.0795 , -0.0013 , -0.4751 , -1.5358 ,  1.9904 ,  0.3306 ,
  0.0402 ,  0.1215 , -0.3171 , -0.9498 ,  0.0380 , -0.3217 ,
 -0.0412 , -0.0412 , -0.3176 , -1.4782 ,  1.1879 ,  1.3045 ,
  0.0800 ,  0.0802 , -0.4752 ,  0.6659 ,  1.9748 ,  0.6558 ,
  0.0394 , -0.0416 , -0.3168 ,  0.8457 ,  0.6915 ,  0.9793 ,
 -0.0814 ,  0.0402 , -0.4768 , -1.5958 , -0.1359 ,  0.3306 ,
 -0.0013 , -0.0417 , -0.4758 ,  0.0761 ,  2.4945 ,  1.3063 ,
  0.1207 , -0.0413 ,  0.0013 ,  0.0604 ,  2.0635 ,  0.9757 ,
  0.0803 ,  0.0805 , -0.3166 , -0.1138 ,  1.3533 ,  1.3045 ,
 -0.0007 , -0.0006 , -0.3173 , -1.5400 ,  0.6208 ,  0.9793 ,
  0.0395 ,  0.0396 , -0.4756 ,  1.5025 ,  1.2973 ,  0.0053 ,
 -0.0008 ,  0.0398 , -0.4760 , -0.8217 ,  2.4790 ,  0.9811 ,
 -0.0010 , -0.0009 , -0.4759 , -1.5351 , -0.6246 ,  0.3306 ,
  0.0002 ,  0.0408 , -0.0001 , -0.0615 , -0.0078 ,  0.9757 ,
 -0.0001 ,  0.1217 , -0.3175 , -1.7244 ,  0.5973 ,  0.6541 ,
  0.1208 ,  0.1211 , -0.3163 , -0.1756 ,  1.4084 ,  0.9793 ,
 -0.0008 ,  0.0398 , -0.4760 , -0.8217 ,  2.4790 ,  0.6558 ,
 -0.0814 ,  0.0402 , -0.4768 , -1.5958 ,  1.7309 ,  0.9811 ,
  0.0805 ,  0.0401 , -0.1579 , -0.8322 ,  2.6064 ,  0.9775 ,
 -0.0406 ,  0.0811 , -0.3178 , -1.6626 ,  1.7869 ,  0.3288 ,
  0.0798 ,  0.1207 , -0.6340 , -0.9404 ,  0.7217 ,  0.6576 ,
 -0.0005 ,  0.0401 , -0.3174 , -1.6015 ,  2.4797 ,  0.9793 ,
  0.1197 ,  0.0390 , -0.6334 ,  0.7319 ,  1.4225 ,  0.9828 ,
  0.0398 ,  0.0400 , -0.3170 , -0.8269 ,  2.5426 ,  0.3288 ,
  0.0798 ,  0.0395 , -0.4752 , -0.0475 ,  3.2271 ,  0.9811 ,
  0.0801 ,  0.0398 , -0.3165 , -0.0524 ,  2.6054 ,  0.6540 ,
  0.0005 ,  0.1627 , -0.1589 , -1.7908 , -0.0320 ,  0.0018 ,
  0.0005 , -0.0401 ,  0.3174 , -1.4981 ,  2.4983 ,  1.2974 ,
  0.0794 ,  0.0391 , -0.6338 , -1.5923 ,  1.9819 ,  0.9828 ,
  0.0399 ,  0.1212 , -0.4757 ,  0.6048 ,  0.6595 ,  1.3063 ,
  0.0816 ,  0.2034 ,  0.0004 , -0.3080 ,  0.7091 ,  0.3252 ,
  0.0801 ,  0.0398 , -0.3165 ,  0.7224 ,  1.3610 ,  0.0036 ,
 -0.0404 ,  0.1219 , -0.3179 , -0.9491 ,  1.1567 ,  0.6541 ,
 -0.0006 ,  0.0806 , -0.4761 , -0.1082 ,  1.8489 ,  0.0053 ,
 -0.0807 ,  0.0408 , -0.1595 , -1.6056 ,  2.3548 ,  0.3270 ,
  0.0811 ,  0.1624 , -0.1581 , -0.2416 ,  1.3383 ,  0.9775 ,
  0.0007 ,  0.0006 ,  0.3173 , -1.5596 ,  1.2460 ,  0.6469 ,
  0.0404 ,  0.0810 , -0.1584 ,  0.6565 ,  1.9133 ,  0.0018 ,
  0.0398 ,  0.0400 , -0.3170 , -1.6018 ,  0.0536 ,  0.3288 ,
  0.0400 ,  0.0807 , -0.3170 , -0.8884 ,  1.9127 ,  0.9793 ,
 -0.0001 ,  0.0405 , -0.1587 , -0.8315 ,  0.6137 ,  0.3270 ,
  0.0389 , -0.0014 , -0.6342 ,  0.7940 ,  2.5490 ,  0.6576 ,
  0.0801 ,  0.0398 , -0.3165 , -0.8273 ,  2.6054 ,  0.6540 ,
  0.0008 ,  0.0818 ,  0.1585 ,  0.6470 ,  0.6074 ,  0.9739 ,
 -0.0002 , -0.0408 ,  0.0001 ,  0.8362 ,  1.8746 ,  0.3252 ,
  0.1191 , -0.0021 , -0.7920 ,  1.5730 ,  2.6742 ,  0.3341 ,
  0.0795 ,  0.1204 , -0.7926 , -0.1606 ,  2.5876 ,  0.3341 ,
 -0.0409 ,  0.0808 , -0.4765 , -1.6576 ,  1.7860 ,  0.3306 ,
  0.0399 , -0.0005 , -0.1582 , -0.7704 ,  1.9290 ,  0.0018 ,
  0.0399 , -0.0005 , -0.1582 ,  0.0045 ,  0.6844 ,  0.6522 ,
  0.0404 ,  0.0810 , -0.1584 , -0.8932 ,  0.6688 ,  0.6522 ,
  0.1198 , -0.0015 , -0.4747 , -1.5361 ,  1.4309 ,  0.6558 ,
  0.0406 ,  0.1218 , -0.1585 ,  0.5950 ,  1.2833 ,  0.6522 ,
 -0.0406 , -0.0001 , -0.1590 ,  0.0052 ,  1.1808 ,  0.6522 ,
  0.0388 , -0.0826 , -0.4754 , -0.6376 ,  2.5653 ,  0.0053 ,
  0.0404 ,  0.0810 , -0.1584 ,  0.6565 ,  1.2910 ,  0.3270 ,
  0.1208 ,  0.0399 , -0.1575 , -0.8325 ,  2.0470 ,  0.6522 ,
  0.0400 ,  0.0807 , -0.3170 , -0.1135 ,  3.7794 ,  0.9793 ,
  0.1204 ,  0.0396 , -0.3161 , -0.0527 ,  2.6685 ,  0.6540 ,
 -0.1212 ,  0.0815 , -0.3186 , -0.1121 ,  2.2832 ,  0.9793 ,
 -0.0802 , -0.0800 ,  0.1582 ,  0.1200 ,  1.1429 ,  1.2757 ,
 -0.0001 ,  0.0405 , -0.1587 , -1.6064 ,  0.6137 ,  0.3270 ,
  0.0008 ,  0.1631 , -0.0003 , -0.2458 ,  0.5910 ,  0.6505 ,
  0.0003 ,  0.1220 , -0.1589 , -1.7293 ,  1.8427 ,  0.0018 ,
 -0.0399 ,  0.0817 , -0.0006 , -0.8975 ,  2.4105 ,  0.6505 ,
  0.0402 ,  0.0403 , -0.1583 , -0.8318 ,  3.7881 ,  0.6522 ,
 -0.1609 ,  0.0426 ,  0.1572 ,  0.7069 ,  2.8477 ,  0.3149 ,
 -0.0407 , -0.0813 , -0.0003 , -2.2014 ,  1.8195 ,  0.3252 ,
 -0.0008 ,  0.0398 , -0.4760 , -0.8217 ,  1.2344 ,  0.9811 ,
  0.1206 ,  0.0803 , -0.3162 , -1.6639 ,  1.4162 ,  0.9793 ,
 -0.0010 , -0.0009 , -0.4759 ,  0.0147 , -0.0022 ,  0.9811 ,
 -0.0409 , -0.1221 , -0.0002 ,  0.1847 ,  1.2050 ,  0.3252 ,
  0.0798 ,  0.0395 , -0.4752 , -0.0475 ,  1.9826 ,  0.6558 ,
  0.0810 ,  0.0811 ,  0.0007 , -0.8985 ,  0.1102 ,  0.3252 ,
  0.0397 ,  0.0804 , -0.4757 ,  0.6662 ,  0.6673 ,  0.3306 ,
  0.0805 ,  0.1213 , -0.3167 , -0.1753 ,  1.3455 ,  0.6540 ,
  0.0396 , -0.0008 , -0.3169 , -0.7654 ,  1.3059 ,  0.9793 ,
 -0.0002 ,  0.1621 , -0.4762 ,  0.5437 ,  1.8333 ,  0.9811 ,
  0.0810 ,  0.0811 ,  0.0007 , -0.8985 ,  1.3548 , -0.3253 ,
  0.0813 ,  0.0406 ,  0.1580 , -1.6262 ,  1.9777 ,  0.3466 ,
 -0.0007 , -0.0006 , -0.3173 , -0.7651 ,  1.8653 ,  0.6541 ,
  0.1202 , -0.0012 , -0.3161 , -0.7661 ,  0.8095 ,  1.3045 ,
 -0.0406 ,  0.0811 , -0.3178 , -0.8877 ,  2.4091 ,  0.9793 ,
  0.0805 ,  0.0401 , -0.1579 , -0.0573 ,  1.3617 ,  0.3270 ,
 -0.0406 ,  0.1220 ,  0.1561 , -0.9617 ,  1.7695 ,  0.6585 ,
 -0.0409 ,  0.0808 , -0.4765 , -0.8828 , -0.7031 ,  1.3063 ,
  0.0801 ,  0.0398 , -0.3165 , -0.0524 ,  0.7388 ,  0.3288 ,
 -0.0008 , -0.0818 , -0.1585 , -0.6471 ,  1.2594 ,  1.6278 ,
 -0.0003 , -0.0003 , -0.1586 ,  1.5546 ,  1.2438 ,  1.6278 ,
  0.0390 , -0.0419 , -0.4754 , -0.6991 ,  0.0685 ,  0.0053 ,
 -0.0399 ,  0.0813 ,  0.1586 ,  1.4511 ,  1.1434 ,  0.9491 ,
 -0.0806 ,  0.0004 , -0.0008 , -0.7742 , -0.1259 ,  0.3252 ,
  0.1194 ,  0.0386 , -0.7920 , -0.8129 ,  1.4218 ,  0.3341 ,
  0.0008 ,  0.0818 ,  0.1585 , -2.4527 ,  1.2296 ,  1.6244 ,
  0.0404 ,  0.0810 , -0.1584 , -1.6682 ,  1.2910 ,  1.6278 ,
  0.0802 , -0.0007 , -0.1578 , -2.3205 ,  0.7474 ,  0.9775 ,
  0.0806 ,  0.1226 ,  0.3165 , -0.1903 ,  2.5961 ,  0.3243 ,
 -0.0413 ,  0.0805 , -0.6351 , -1.6528 ,  0.5407 ,  0.6576 ,
  0.0398 ,  0.0400 , -0.3170 , -0.0520 ,  1.9204 ,  0.6540 ,
 -0.0809 ,  0.0813 , -0.3182 , -0.8874 ,  1.7239 ,  1.3045 ,
 -0.0406 ,  0.0811 , -0.3178 , -0.1128 , -0.0800 ,  0.6541 ,
  0.0396 , -0.0008 , -0.3169 ,  0.7843 ,  1.3059 ,  0.9793 ,
  0.0810 ,  0.0811 ,  0.0007 , -0.1236 ,  1.3548 , -0.0000 ,
  0.1206 ,  0.0803 , -0.3162 , -0.1142 ,  0.1716 ,  0.6540 ,
  0.0799 , -0.0010 , -0.3165 , -0.7658 ,  1.3689 ,  0.6540 ,
 -0.1212 ,  0.0815 , -0.3186 , -2.4369 ,  1.6610 ,  0.6541 ,
 -0.0824 , -0.0824 , -0.6352 , -0.6317 ,  1.1313 ,  0.9828 ,
  0.0392 , -0.0011 , -0.4755 ,  0.7891 ,  1.9274 ,  0.3306 ,
  0.1205 , -0.0009 , -0.1574 ,  0.0039 ,  2.0547 ,  0.0018 ,
  0.0397 ,  0.0804 , -0.4757 , -0.8835 ,  0.0450 ,  0.9811 ,
 -0.0402 ,  0.0814 , -0.1592 , -0.1177 ,  1.7875 ,  0.9775 ,
 -0.0404 ,  0.0406 , -0.1591 , -0.0562 ,  1.7953 ,  0.6522 ,
 -0.0006 , -0.0411 , -0.1586 ,  0.0663 ,  2.4959 ,  0.6522 ,
  0.0799 , -0.0010 , -0.3165 , -0.7658 ,  1.9911 ,  0.9793 ,
  0.0807 ,  0.0808 , -0.1580 , -1.6684 ,  2.5985 ,  0.9775 ,
 -0.0010 , -0.0009 , -0.4759 , -1.5351 ,  3.1090 ,  0.6558 ,
  0.0808 ,  0.1212 ,  0.1589 ,  1.3880 ,  1.3182 ,  0.3045 ,
 -0.2015 ,  0.0010 , -0.0020 ,  0.0017 ,  0.9299 ,  1.3010 ,
 -0.0015 ,  0.0392 , -0.7933 , -0.8119 ,  1.8553 ,  0.6594 ,
  0.1617 ,  0.0810 ,  0.1589 , -0.8969 ,  1.4823 ,  0.6573 ,
 -0.0001 ,  0.1217 , -0.3175 , -0.9495 ,  0.5973 ,  0.6541 ,
  0.1200 ,  0.0393 , -0.4748 , -0.0478 ,  2.6677 ,  0.6558 ,
 -0.0003 , -0.0003 , -0.1586 ,  0.7797 ,  0.6215 , -0.3234 ,
 -0.0010 , -0.0009 , -0.4759 , -0.7602 ,  1.8645 ,  0.6558 ,
  0.0806 , -0.0004 ,  0.0008 ,  0.7741 ,  0.7481 , -0.0000 ,
 -0.0813 , -0.0002 , -0.3181 ,  1.5601 ,  1.7395 ,  0.3288 ,
  0.0407 ,  0.0813 ,  0.0003 , -0.8982 ,  0.6696 ,  0.9757 ,
  0.1197 ,  0.0390 , -0.6334 , -1.5927 ,  2.0447 , -0.6434 ,
  0.1195 , -0.0018 , -0.6333 ,  1.5681 ,  0.1857 ,  0.6576 ,
  0.0405 ,  0.0406 ,  0.0003 , -0.8367 ,  1.2996 ,  0.3252 ,
 -0.0803 ,  0.1224 , -0.1597 , -0.9537 ,  2.9613 ,  0.6523 ,
  0.0001 ,  0.0812 , -0.1588 ,  0.6568 ,  1.2282 ,  0.6522 ,
  0.0399 ,  0.1212 , -0.4757 ,  1.3796 ,  3.1485 ,  1.3063 ,
 -0.0413 , -0.0007 , -0.4763 ,  0.0150 ,  0.5571 ,  0.0053 ,
 -0.0417 , -0.0010 , -0.6350 ,  0.7947 ,  1.8009 ,  0.3323 ,
 -0.0001 ,  0.0405 , -0.1587 , -0.8315 ,  1.8582 ,  0.6522 ,
  0.0390 , -0.0419 , -0.4754 , -1.4740 ,  0.6907 ,  1.6314 ,
  0.1607 ,  0.0394 , -0.3157 , -0.8279 ,  1.4869 ,  0.3288 ,
  0.0803 ,  0.0805 , -0.3166 , -0.8887 ,  0.7310 ,  0.3288 ,
  0.0397 , -0.0413 , -0.1582 , -0.7089 ,  2.5588 ,  0.0018 ,
  0.1606 , -0.0418 , -0.1569 ,  0.8398 ,  1.5032 ,  0.9775 ,
  0.1209 , -0.0006 ,  0.0012 , -1.5508 ,  0.1888 ,  0.3252 ,
 -0.0012 ,  0.0395 , -0.6346 , -0.0419 , -1.2555 ,  0.9828 ,
 -0.0406 , -0.0001 , -0.1590 ,  0.0052 ,  0.5586 ,  0.9775 ,
  0.0392 , -0.0011 , -0.4755 , -1.5355 ,  1.3051 ,  0.6558 ,
 -0.0809 ,  0.0813 , -0.3182 , -1.6622 ,  0.4793 ,  0.6541 ,
  0.0805 ,  0.0401 , -0.1579 , -3.9316 ,  0.7395 ,  1.6278 ,
 -0.0003 , -0.0003 , -0.1586 , -0.7700 ,  2.4882 ,  0.6522 ,
 -0.0406 ,  0.0811 , -0.3178 ,  0.6620 ,  2.4091 ,  0.3288 ,
  0.0398 ,  0.0400 , -0.3170 , -0.8269 ,  1.9204 ,  0.9793 ,
 -0.0408 ,  0.0403 , -0.3178 , -2.3761 ,  1.1724 ,  1.3045 ,
  0.0802 , -0.0007 , -0.1578 , -0.7707 ,  2.6139 ,  0.6522 ,
 -0.0401 ,  0.0410 , -0.0005 , -0.0611 ,  3.0404 ,  0.9757 ,
  0.0390 , -0.0419 , -0.4754 , -1.4740 ,  1.9353 , -0.3199 ,
  0.1204 ,  0.0396 , -0.3161 , -0.0527 ,  1.4240 ,  0.6540 ,
  0.0792 , -0.0016 , -0.6337 ,  0.0189 ,  1.3673 ,  0.9828 ,
  0.0391 ,  0.0393 , -0.6342 , -0.8171 ,  1.2966 ,  0.9828 ,
 -0.0010 , -0.0009 , -0.4759 , -1.5351 ,  0.6200 ,  0.3306 ,
  0.0810 ,  0.0811 ,  0.0007 ,  0.6512 ,  1.3548 ,  0.3252 ,
  0.0406 ,  0.0001 ,  0.1590 , -0.7802 , -0.5587 , -0.0018 ,
 -0.0813 , -0.0002 , -0.3181 , -0.7644 ,  1.7395 ,  0.6541 ,
  0.0795 , -0.0013 , -0.4751 , -0.7609 ,  2.6126 ,  0.6558 ,
 -0.0411 ,  0.0400 , -0.4764 , -0.8214 ,  0.5493 ,  0.6558 ,
  0.0805 ,  0.1213 , -0.3167 , -0.1753 ,  1.3455 ,  0.9793 ,
 -0.0807 ,  0.0413 ,  0.1556 , -1.6245 ,  2.3360 ,  0.6690 ,
 -0.0808 , -0.0404 , -0.0007 ,  0.0621 ,  1.1265 ,  0.0000 ,
  0.0795 , -0.0825 , -0.3163 ,  0.1320 ,  2.6289 ,  0.3288 ,
  0.0406 ,  0.0001 ,  0.1590 , -0.7802 ,  0.6859 ,  1.9497 ,
  0.0796 ,  0.0799 , -0.6339 ,  1.4456 ,  1.9741 ,  0.0071 ,
 -0.0814 ,  0.0402 , -0.4768 , -0.0461 ,  0.4864 ,  0.6558 ,
 -0.0010 , -0.0009 , -0.4759 , -0.7602 ,  1.2422 ,  0.6558 ,
  0.0402 ,  0.0403 , -0.1583 , -1.6066 ,  1.2989 ,  0.6522 ,
  0.0402 ,  0.0403 , -0.1583 ,  0.7179 ,  0.6766 ,  0.0018 ,
  0.0402 ,  0.0403 , -0.1583 , -0.8318 ,  1.2989 ,  0.3270 ,
 -0.0404 ,  0.0406 , -0.1591 , -1.6060 ,  1.7953 ,  1.3027 ,
  0.0801 ,  0.0398 , -0.3165 , -0.0524 ,  2.6054 ,  0.3288 ,
 -0.0420 , -0.0014 , -0.7936 ,  0.7996 ,  1.8002 ,  0.3342 ,
  0.1209 , -0.0006 ,  0.0012 , -0.7759 ,  0.8110 , -0.3253 ,
 -0.0007 , -0.0006 , -0.3173 ,  0.0098 ,  1.8653 ,  0.3288 ,
  0.0400 ,  0.0807 , -0.3170 ,  0.6613 ,  0.0458 ,  0.6540 ,
  0.1214 ,  0.1622 , -0.1577 , -1.0168 ,  1.4013 ,  0.6522 ,
  0.0390 , -0.1231 , -0.3166 , -1.3560 ,  1.3294 ,  0.6540 ,
  0.0801 ,  0.0398 , -0.3165 ,  3.8216 ,  2.6054 ,  0.6540 ,
 -0.0404 ,  0.0406 , -0.1591 ,  0.7186 ,  2.4176 ,  0.3270 ,
  0.1202 , -0.0012 , -0.3161 , -1.5410 ,  2.0541 ,  0.3288 ,
  0.0406 ,  0.1218 , -0.1585 ,  3.6941 ,  1.9056 ,  0.6522 ,
  0.0398 ,  0.0400 , -0.3170 , -0.0520 ,  1.9204 ,  0.3288 ,
 -0.0012 ,  0.0395 , -0.6346 , -0.8168 ,  0.6115 , -0.6434 ,
  0.1200 ,  0.0393 , -0.4748 , -0.0478 ,  2.0455 ,  0.6558 ,
  0.0805 ,  0.0401 , -0.1579 , -2.3818 ,  1.3617 ,  1.3027 ,
 -0.0406 , -0.0001 , -0.1590 , -0.7697 ,  2.4253 ,  0.3270 ,
 -0.0002 , -0.0408 ,  0.0001 , -2.2633 ,  0.6301 , -0.0000 ,
 -0.0407 , -0.0813 , -0.0003 , -0.6516 ,  0.5749 ,  0.3252 ,
 -0.0805 ,  0.0816 , -0.1596 ,  0.6575 ,  1.1023 ,  0.9775 ,
  0.0406 ,  0.0417 ,  0.3169 , -0.0671 ,  1.9273 , -0.0014 ,
  0.0788 , -0.0019 , -0.7924 , -1.5260 ,  1.3666 ,  0.3341 ,
  0.0002 ,  0.0408 , -0.0001 , -1.6112 ,  0.6144 ,  0.9757 ,
  0.0401 , -0.0410 ,  0.0005 , -1.4887 ,  1.3152 , -0.0000 ,
  0.0795 , -0.0013 , -0.4751 ,  0.0140 ,  2.6126 ,  0.9811 ,
  0.0809 ,  0.1216 , -0.1581 , -0.1802 ,  1.3462 ,  0.9775 ,
  0.0411 ,  0.1629 ,  0.0001 ,  0.5286 ,  0.6540 ,  0.9757 ,
  0.0812 ,  0.1219 ,  0.0006 , -0.9599 ,  0.7247 ,  0.9757 ,
 -0.0008 , -0.0818 , -0.1585 , -0.6471 ,  1.2594 ,  0.6522 ,
  0.0406 ,  0.1218 , -0.1585 , -0.9547 ,  0.0387 ,  1.3027 ,
 -0.0004 , -0.0815 ,  0.0002 , -2.2019 ,  1.2602 ,  0.6504 ,
  0.1198 , -0.0015 , -0.4747 , -0.7613 ,  2.0532 ,  0.0053 ,
  0.0004 ,  0.0815 , -0.0002 , -1.6727 ,  1.8511 ,  1.6262 ,
 -0.0007 , -0.0006 , -0.3173 , -0.7651 ,  3.1097 ,  1.3045 ,
  0.0803 ,  0.0805 , -0.3166 , -0.1138 ,  1.3533 ,  0.0036 ,
 -0.0402 ,  0.0814 , -0.1592 ,  0.6571 ,  1.1652 ,  0.6522 ,
  0.0812 ,  0.1219 ,  0.0006 , -0.1851 ,  1.3469 , -0.3253 ,
  0.0790 , -0.0424 , -0.6337 , -1.4695 ,  1.3752 ,  0.6576 ,
 -0.0401 ,  0.0410 , -0.0005 , -0.8360 ,  3.0404 ,  1.3010 ,
  0.0796 ,  0.0799 , -0.6339 , -0.1040 ,  1.9741 ,  0.9828 ,
  0.0801 ,  0.0398 , -0.3165 , -0.0524 ,  1.9834 ,  0.9793 ,
 -0.0817 , -0.0818 , -0.3179 ,  0.9082 ,  1.1329 ,  0.6541 ,
  0.0805 ,  0.0813 ,  0.1589 ,  0.6419 ,  2.5910 ,  0.6375 ,
  0.0804 , -0.0412 ,  0.0009 , -0.7141 ,  0.7559 ,  0.3252 ,
  0.0402 ,  0.1215 , -0.3171 , -0.9498 ,  0.6602 ,  0.9793 ,
  0.1201 ,  0.1205 , -0.6336 , -0.1659 ,  0.7846 ,  0.6576 ,
  0.0405 ,  0.0406 ,  0.0003 ,  1.4878 ,  1.9219 ,  0.9757 ,
 -0.0416 , -0.0415 , -0.4762 ,  0.0765 ,  1.1871 ,  1.3063 ,
  0.0793 , -0.0421 , -0.4750 , -1.4744 ,  0.1314 ,  1.3063 ,
  0.0807 ,  0.0808 , -0.1580 , -0.8936 ,  1.3540 ,  0.9775 ,
  0.0396 , -0.0008 , -0.3169 ,  0.7843 ,  0.6837 ,  0.6540 ,
 -0.0398 ,  0.1629 , -0.1593 , -1.0155 ,  2.3942 , -0.3234 ,
 -0.0003 ,  0.0809 , -0.3174 , -1.6630 ,  0.6051 ,  0.0036 ,
  0.0394 , -0.0416 , -0.3168 , -0.7040 ,  1.3138 ,  0.9793 ,
 -0.0406 ,  0.0811 , -0.3178 , -2.4374 ,  1.7869 ,  0.9793 ,
  0.0399 , -0.0005 , -0.1582 ,  0.7793 ,  0.6844 ,  0.9775 ,
  0.0003 ,  0.1220 , -0.1589 , -0.9544 ,  1.8427 ,  0.9775 ,
  0.1204 ,  0.0396 , -0.3161 , -0.0527 ,  2.6685 ,  0.3288 ,
 -0.0407 ,  0.1216 , -0.4765 , -0.9442 ,  2.4005 ,  0.3306 ,
  0.0802 , -0.0007 , -0.1578 ,  0.7790 ,  2.6139 ,  0.6522 ,
 -0.0007 , -0.0006 , -0.3173 , -0.7651 ,  0.6208 ,  0.3288 ,
 -0.0399 ,  0.0414 ,  0.1579 , -0.0653 ,  0.5511 ,  0.9586 ,
 -0.0813 , -0.0002 , -0.3181 , -0.7644 ,  0.4950 , -0.3217 ,
  0.1202 , -0.0012 , -0.3161 , -0.7661 ,  2.6762 ,  0.3288 ,
  0.0004 ,  0.0815 , -0.0002 ,  0.6519 , -0.0156 ,  0.6505 ,
 -0.0807 ,  0.0408 , -0.1595 ,  0.7189 ,  1.7324 ,  0.6523 ,
  0.0806 , -0.0004 ,  0.0008 , -1.5505 ,  1.9927 ,  1.3009 ,
 -0.1217 ,  0.0404 , -0.4772 , -0.8206 ,  2.2901 ,  0.9811 ,
  0.0806 , -0.0004 ,  0.0008 , -0.7756 ,  1.3704 ,  1.9514 ,
  0.0399 , -0.0005 , -0.1582 ,  0.7794 ,  0.0622 , -0.3235 ,
 -0.0404 ,  0.0406 , -0.1591 , -0.8311 ,  1.1730 ,  0.6522 ,
  0.0805 ,  0.0401 , -0.1579 , -0.0573 ,  2.6064 ,  0.3270 ,
  0.0806 , -0.0004 ,  0.0008 , -0.0007 ,  1.9927 , -0.0000 ,
  0.0402 ,  0.0403 , -0.1583 , -0.8318 ,  0.6766 ,  0.9775 ,
 -0.0408 ,  0.0403 , -0.3178 , -0.0513 ,  3.0391 ,  0.3288 ,
 -0.0001 ,  0.1217 , -0.3175 , -1.7244 ,  0.5973 ,  0.6541 ,
 -0.0814 , -0.0815 , -0.1593 , -1.4213 ,  1.1336 ,  0.0018 ,
 -0.0406 ,  0.0811 , -0.3178 ,  0.6620 ,  1.1645 ,  0.9793 ,
  0.0795 , -0.0013 , -0.4751 ,  0.0140 ,  1.9904 ,  0.3306 ,
 -0.0404 ,  0.1219 , -0.3179 ,  0.6005 ,  0.5344 ,  0.6541 ,
 -0.0010 ,  0.0803 , -0.6347 ,  0.6714 ,  1.2259 ,  0.9828 ,
  0.0405 ,  0.0406 ,  0.0003 , -0.8367 ,  2.5441 ,  0.6504 ,
 -0.0002 , -0.0408 ,  0.0001 , -0.7134 ,  1.8746 ,  1.3009 ,
  0.0809 , -0.0001 ,  0.1594 , -0.0056 ,  1.9934 ,  0.3234 ,
  0.1211 ,  0.0402 ,  0.0011 , -0.0625 ,  1.4255 ,  0.6504 ,
  0.1208 ,  0.0399 , -0.1575 ,  0.7172 ,  0.8025 ,  1.3027 ,
  0.0397 ,  0.1616 , -0.6345 , -1.0015 ,  0.6509 ,  0.3323 ,
 -0.0014 , -0.0012 , -0.6346 ,  0.7944 ,  2.4860 ,  0.0071 ,
 -0.0821 ,  0.0396 , -0.7941 , -0.0363 ,  1.1071 ,  0.3342 ,
  0.1196 , -0.0423 , -0.4746 ,  0.8499 ,  2.0612 ,  1.3063 ,
 -0.1212 ,  0.0815 , -0.3186 , -0.1121 ,  1.6610 ,  0.3288 ,
  0.0397 , -0.1225 ,  0.0006 ,  1.7337 ,  1.3309 ,  0.9757 ,
  0.0409 ,  0.1221 ,  0.0002 ,  1.3648 ,  1.9063 ,  0.6504 ,
  0.0811 ,  0.1624 , -0.1581 , -1.7914 ,  1.3383 ,  0.3270 ,
  0.0801 ,  0.0398 , -0.3165 , -0.0524 ,  1.9834 ,  0.3288 ,
  0.0398 ,  0.0400 , -0.3170 , -1.6018 ,  3.1648 ,  0.6540 ,
 -0.0406 , -0.0001 , -0.1590 ,  0.0052 ,  1.8031 ,  0.3270 ,
  0.0807 ,  0.1621 , -0.3168 , -1.0116 ,  0.7153 ,  0.3288 ,
 -0.0415 ,  0.0397 , -0.6350 , -1.5914 ,  1.1708 ,  1.3081 ,
 -0.0001 ,  0.0405 , -0.1587 , -0.8315 , -0.0086 ,  0.9775 ,
  0.0400 ,  0.0807 , -0.3170 , -1.6632 ,  1.2904 ,  0.9793 ,
 -0.0010 ,  0.0803 , -0.6347 , -0.1034 ,  1.8482 ,  1.3081 ,
 -0.0799 ,  0.0010 ,  0.3165 , -1.5588 ,  2.3648 ,  0.3217 ,
  0.0404 ,  0.0810 , -0.1584 , -0.1184 ,  1.9133 ,  0.6522 ,
  0.1597 , -0.0832 , -0.4742 ,  0.9110 ,  3.3762 ,  0.9810 ,
  0.0404 ,  0.0810 , -0.1584 ,  0.6565 , -0.5758 ,  0.6522 ,
  0.0394 , -0.0416 , -0.3168 , -0.7040 ,  0.0692 ,  0.3288 ,
 -0.0008 , -0.0818 , -0.1585 , -0.6471 , -1.2298 ,  0.3270 ,
  0.0401 ,  0.1619 , -0.4758 , -0.2315 ,  1.2739 ,  1.3063 ,
 -0.1619 ,  0.0002 , -0.3189 , -1.5386 ,  0.9914 ,  1.3045 ,
  0.0406 , -0.0405 ,  0.1585 , -0.7148 ,  0.6971 ,  0.3202 ,
 -0.0409 ,  0.0808 , -0.4765 , -2.4326 , -0.0808 ,  0.0053 ,
 -0.0002 ,  0.1621 , -0.4762 ,  0.5437 ,  1.2110 ,  0.3306 ,
  0.0801 ,  0.0398 , -0.3165 , -1.6022 ,  0.7388 ,  0.6540 ,
  0.0797 , -0.0418 , -0.3164 , -1.4792 , -0.4902 ,  0.9793 ,
  0.0397 , -0.0413 , -0.1582 ,  0.8408 , -0.5524 ,  0.6522 ,
  0.0404 ,  0.1623 , -0.3172 , -1.7862 ,  1.2746 ,  0.0036 ,
  0.0404 ,  0.0810 , -0.1584 ,  0.6565 ,  0.6688 ,  0.6522 ,
 -0.0014 , -0.0012 , -0.6346 , -0.7553 ,  1.2415 ,  0.6576 ,
 -0.0008 ,  0.1211 , -0.6348 , -0.1648 ,  1.2181 ,  0.6576 ,
  0.0801 ,  0.0398 , -0.3165 ,  0.7224 ,  1.3610 ,  1.3045 ,
  0.0407 ,  0.0813 ,  0.0003 , -0.8982 ,  1.2918 ,  0.3252 ,
 -0.0811 ,  0.0405 , -0.3182 , -0.8259 ,  1.1094 ,  0.6541 ,
  0.1211 ,  0.0402 ,  0.0011 ,  0.7123 ,  2.0477 ,  0.3252 ,
  0.1202 , -0.0012 , -0.3161 ,  0.0087 ,  1.4318 ,  0.3288 ,
 -0.0405 ,  0.1623 , -0.4766 , -1.0057 ,  0.5258 ,  0.6558 ,
  0.1205 , -0.0009 , -0.1574 ,  0.7786 ,  0.1880 ,  0.3270 ,
 -0.0804 , -0.0395 ,  0.1578 ,  0.0590 ,  1.7570 ,  0.9590 ,
 -0.0411 ,  0.1213 , -0.6352 , -0.1645 ,  1.7775 ,  0.3324 ,
  0.0407 ,  0.0813 ,  0.0003 , -0.8982 ,  2.5364 ,  0.9757 ,
  0.0400 ,  0.0807 , -0.3170 , -2.4382 ,  1.9127 ,  1.3045 ,
  0.0400 ,  0.0807 , -0.3170 , -0.8884 ,  1.9127 ,  0.9793 ,
 -0.0806 ,  0.0004 , -0.0008 , -0.7742 ,  1.7410 ,  0.9757 ,
  0.0013 ,  0.0417 ,  0.4758 , -0.8510 ,  1.8613 ,  1.6208 ,
 -0.0004 , -0.0815 ,  0.0002 ,  0.1229 ,  2.5048 ,  0.3252 ,
  0.0003 ,  0.0003 ,  0.1586 , -0.7798 ,  0.6230 ,  0.3234 ,
  0.0396 , -0.0008 , -0.3169 ,  0.0094 ,  1.3059 ,  0.6540 ,
 -0.0404 ,  0.1219 , -0.3179 ,  0.6005 ,  0.5344 ,  0.6541 ,
  0.1215 ,  0.1217 ,  0.0010 , -1.7351 ,  0.7876 , -0.0000 ,
 -0.0413 , -0.1224 , -0.1588 , -2.9098 ,  1.2042 ,  0.6522 ,
 -0.0003 , -0.0003 , -0.1586 , -3.0947 ,  1.2438 ,  1.9532 ,
  0.0803 ,  0.0805 , -0.3166 ,  0.6610 ,  2.5977 ,  0.3288 ,
  0.1218 ,  0.1625 ,  0.1588 ,  1.3297 ,  0.1445 ,  0.3132 ,
 -0.0401 ,  0.0410 , -0.0005 , -0.0611 , -0.0707 ,  0.3252 ,
 -0.0414 ,  0.1209 , -0.7938 , -1.7093 ,  0.5322 ,  1.3099 ,
  0.0811 ,  0.1624 , -0.1581 ,  0.5332 ,  1.9606 ,  0.6522 ,
 -0.1209 ,  0.0006 , -0.0012 , -0.7738 ,  0.4335 ,  0.6505 ,
  0.0399 , -0.0005 , -0.1582 ,  0.0045 ,  1.9290 ,  0.3270 ,
 -0.0008 ,  0.1211 , -0.6348 ,  0.6100 ,  1.2181 ,  0.3323 ,
  0.0799 , -0.0010 , -0.3165 ,  0.7839 ,  1.9911 ,  0.3288 ,
  0.0809 , -0.0001 ,  0.1594 , -0.0056 ,  0.7488 , -0.0018 ,
  0.0803 ,  0.0805 , -0.3166 ,  0.6610 ,  1.9755 ,  0.6540 ,
 -0.1216 , -0.0000 , -0.3185 , -0.7641 ,  1.6766 ,  0.3288 ,
 -0.0002 , -0.0408 ,  0.0001 , -2.2633 ,  0.6301 ,  0.9757 ,
 -0.0406 ,  0.0811 , -0.3178 ,  1.4368 ,  1.1645 ,  0.0036 ,
  0.0810 ,  0.0811 ,  0.0007 , -0.8985 , -0.5121 ,  0.6504 ,
 -0.0409 ,  0.0808 , -0.4765 , -0.1079 ,  1.1637 ,  0.6558 ,
 -0.0416 , -0.0415 , -0.4762 ,  0.0765 ,  3.0539 ,  0.3306 ,
 -0.0407 , -0.0813 , -0.0003 , -1.4264 ,  1.1972 ,  1.3010 ,
  0.0407 ,  0.0813 ,  0.0003 , -0.1233 ,  1.2918 ,  0.3252 ,
 -0.0006 ,  0.0806 , -0.4761 , -0.1082 ,  1.8489 ,  0.9811 ,
 -0.1216 , -0.0000 , -0.3185 , -0.7641 ,  1.0542 ,  0.6541 ,
  0.0800 ,  0.0802 , -0.4752 , -0.8838 ,  3.2194 ,  0.0053 ,
  0.0802 , -0.0007 , -0.1578 ,  0.7790 ,  1.3696 ,  0.6522 ,
  0.1215 ,  0.1217 ,  0.0010 , -1.7351 ,  0.7876 ,  0.3252 ,
  0.0799 , -0.0010 , -0.3165 , -0.7659 ,  1.9911 , -0.3217 ,
 -0.0409 , -0.0409 , -0.1590 ,  1.6163 , -0.6782 , -0.3234 ,
 -0.0811 ,  0.0405 , -0.3182 ,  0.7238 ,  1.7317 ,  0.3288 ,
  0.0809 ,  0.1216 , -0.1581 , -1.7299 ,  2.5907 ,  0.0018 ,
  0.0006 ,  0.1223 , -0.0002 , -0.1844 ,  3.0877 ,  1.6262 ,
  0.0404 ,  0.0810 , -0.1584 , -1.6682 ,  1.2910 ,  1.3027 ,
 -0.1212 ,  0.0003 , -0.1599 , -0.7690 ,  1.0550 ,  0.0018 ,
 -0.0412 , -0.0412 , -0.3176 , -0.7033 ,  1.1879 ,  0.3288 ,
  0.0807 ,  0.0808 , -0.1580 , -0.1187 ,  1.9763 ,  0.6522 ,
  0.1204 ,  0.0396 , -0.3161 , -0.0527 ,  4.5350 ,  0.9793 ,
 -0.0403 ,  0.0002 , -0.0004 ,  0.0003 ,  3.0483 ,  0.9757 ,
 -0.0410 , -0.0004 , -0.3177 ,  0.7850 ,  1.8024 ,  0.6541 ,
  0.1208 ,  0.0399 , -0.1575 , -0.0576 ,  2.6692 ,  1.3027 ,
  0.1210 ,  0.0806 , -0.1576 ,  1.4305 ,  2.6615 ,  0.3270 ,
  0.1204 ,  0.0396 , -0.3161 , -0.0527 , -0.4429 ,  1.3045 ,
 -0.0400 ,  0.1222 , -0.1593 , -0.1791 ,  0.5352 ,  0.6522 ,
  0.0407 ,  0.0813 ,  0.0003 , -1.6730 ,  1.9141 ,  0.3252 ,
  0.0390 , -0.0419 , -0.4754 ,  0.0758 ,  0.6907 ,  0.3306 ,
 -0.0010 , -0.0009 , -0.4759 ,  0.0147 ,  1.8645 ,  0.9811 ,
 -0.0003 ,  0.0809 , -0.3174 , -0.8881 ,  1.8497 ,  0.3288 ,
  0.0396 , -0.0008 , -0.3169 ,  0.0094 ,  0.0614 , -0.3217 ,
  0.1200 ,  0.0393 , -0.4748 , -0.0478 ,  2.0455 ,  0.9811 ,
 -0.2018 ,  0.0819 , -0.3195 , -0.8863 ,  0.2906 ,  0.6541 ,
  0.0801 ,  0.0398 , -0.3165 , -0.0524 ,  1.3610 ,  1.6297 ,
 -0.0409 ,  0.0808 , -0.4765 , -0.1079 ,  2.4082 ,  0.6558 ,
 -0.0407 ,  0.1216 , -0.4765 , -0.1694 ,  0.5336 ,  0.3306 ,
 -0.0405 ,  0.1225 ,  0.1570 , -0.1858 ,  2.4054 ,  0.9812 ,
  0.0398 ,  0.0400 , -0.3170 , -0.0520 ,  0.6759 ,  0.6540 ,
 -0.0809 ,  0.0813 , -0.3182 ,  1.4372 ,  2.9682 ,  0.3288 ,
  0.0385 , -0.0830 , -0.6340 ,  0.1421 ,  1.9423 ,  0.9828 ,
  0.1198 , -0.0827 , -0.3159 , -1.4181 ,  0.2029 ,  0.0035 ,
 -0.0408 ,  0.0403 , -0.3178 , -0.8262 ,  1.1724 ,  0.6541 ,
  0.0399 , -0.0005 , -0.1582 , -0.7703 ,  1.9290 ,  0.6522 ,
  0.1206 ,  0.0803 , -0.3162 , -0.8890 ,  2.6607 ,  1.3045 ,
  0.0802 ,  0.1210 , -0.4753 , -0.1704 ,  1.9669 ,  0.3306 ,
 -0.0408 ,  0.0403 , -0.3178 , -0.8262 , -0.0722 ,  0.9793 ,
 -0.0401 ,  0.0410 , -0.0005 , -0.0611 ,  2.4182 ,  1.3010 ,
 -0.0408 ,  0.0403 , -0.3178 , -0.8262 ,  3.0391 ,  0.0036 ,
  0.1206 ,  0.0803 , -0.3162 ,  0.6606 ,  1.4162 ,  0.9793 ,
  0.0404 ,  0.0810 , -0.1584 ,  0.6565 ,  1.2910 ,  0.3270 ,
 -0.0402 ,  0.0814 , -0.1592 , -0.8925 , -0.0793 ,  0.9775 ,
 -0.0003 , -0.0003 , -0.1586 , -2.3199 ,  0.6215 ,  1.3027 ,
  0.0403 , -0.0002 ,  0.0004 , -0.7752 ,  1.9298 ,  0.3252 ,
  0.0000 ,  0.0000 ,  0.0000 ,  0.0000 ,  1.8670 ,  0.9757 ,
 -0.0008 ,  0.0398 , -0.4760 , -0.8217 ,  0.6122 ,  0.3306 ,
  0.0398 ,  0.0400 , -0.3170 , -1.6018 ,  1.2981 ,  0.6540 ,
 -0.0807 ,  0.0408 , -0.1595 , -0.8308 ,  2.3548 ,  0.3270 ,
  0.0398 ,  0.0400 , -0.3170 , -2.3768 ,  3.1648 ,  0.3288 ,
  0.0003 ,  0.1220 , -0.1589 ,  0.5953 ,  2.4648 ,  0.9775 ,
 -0.0006 , -0.0411 , -0.1586 , -1.4835 ,  0.6293 ,  1.3027 ,
  0.0801 ,  0.0398 , -0.3165 , -1.6022 ,  0.1165 ,  0.3288 ,
  0.0407 ,  0.0406 ,  0.1576 , -2.4142 ,  0.6743 ,  0.6532 ,
  0.1602 ,  0.0795 , -0.6331 , -0.8796 ,  2.0999 ,  0.9828 ,
  0.1610 , -0.0415 ,  0.0017 , -1.4898 ,  2.1263 ,  0.3252 ,
  0.0805 ,  0.1213 , -0.3167 , -0.1753 ,  1.9678 ,  0.6540 ,
 -0.0812 , -0.1219 , -0.0006 , -2.1398 ,  2.3865 ,  0.6505 ,
  0.0801 ,  0.0398 , -0.3165 , -0.0524 ,  3.2277 ,  0.0036 ,
  0.0008 ,  0.0818 ,  0.1585 ,  0.6470 ,  1.8520 ,  0.3234 ,
 -0.0003 ,  0.0809 , -0.3174 ,  0.6617 ,  2.4719 ,  0.6541 ,
 -0.0400 ,  0.1222 , -0.1593 , -0.1791 ,  1.7796 ,  0.3270 ,
  0.0791 ,  0.0388 , -0.7925 , -1.5875 ,  0.7365 ,  1.3098 ,
 -0.0809 ,  0.0813 , -0.3182 , -0.8874 ,  1.1016 ,  0.6541 ,
  0.0396 , -0.0008 , -0.3169 ,  0.0094 ,  3.1726 ,  0.6540 ,
  0.0393 ,  0.0801 , -0.6343 , -1.6535 ,  0.0443 ,  0.3323 ,
  0.0807 ,  0.0808 , -0.1580 , -0.1187 ,  0.7317 ,  0.3270 ,
 -0.0421 , -0.0826 , -0.6348 , -0.6321 ,  1.1942 ,  0.6576 ,
  0.1208 ,  0.1211 , -0.3163 , -1.7254 ,  2.0305 ,  0.3288 ,
  0.1202 , -0.0012 , -0.3161 ,  0.7836 ,  1.4318 ,  0.9793 ,
 -0.0402 ,  0.0814 , -0.1592 , -0.1177 ,  0.5430 ,  0.3270 ,
 -0.0003 ,  0.0809 , -0.3174 ,  0.6617 ,  0.6051 ,  0.0036 ,
 -0.0003 , -0.0003 , -0.1586 ,  0.7797 ,  1.2438 ,  0.9775 ,
  0.0000 ,  0.0000 ,  0.0000 ,  0.0000 ,  2.4891 ,  0.3252 ,
  0.1198 , -0.0015 , -0.4747 , -1.5361 ,  1.4309 ,  0.0053 ,
  0.0791 ,  0.0388 , -0.7925 ,  0.7371 ,  1.9811 ,  0.9846 ,
  0.0798 ,  0.0395 , -0.4752 , -0.8224 ,  1.9826 ,  0.3306 ,
 -0.0416 , -0.1227 , -0.3174 , -0.5804 ,  4.3149 ,  1.3045 ,
  0.0000 ,  0.0000 ,  0.0000 ,  0.0000 ,  1.2446 ,  0.0000 ,
  0.0804 ,  0.1618 , -0.4754 ,  0.5430 ,  1.3368 ,  0.6558 ,
  0.0407 ,  0.0813 ,  0.0003 ,  0.6516 ,  2.5364 ,  0.6504 ,
  0.0397 , -0.0413 , -0.1582 ,  0.0660 ,  0.0700 ,  1.3027 ,
 -0.0409 , -0.0409 , -0.1590 , -0.7082 , -0.0559 ,  1.3027 ,
  0.0387 , -0.0422 , -0.6341 , -0.6942 ,  0.6900 ,  0.9828 ,
  0.0406 ,  0.0001 ,  0.1590 ,  0.7696 ,  2.5527 ,  0.3234 ,
  0.0401 , -0.0410 ,  0.0005 ,  0.0611 ,  1.9376 , -0.0000 ,
 -0.0406 , -0.0001 , -0.1590 , -1.5445 ,  0.5586 ,  0.6522 ,
 -0.0406 ,  0.0811 , -0.3178 , -1.6626 ,  1.1645 ,  0.0036 ,
 -0.0001 ,  0.1217 , -0.3175 , -0.9495 ,  1.2197 ,  0.9793 ,
  0.0400 ,  0.0807 , -0.3170 ,  1.4361 ,  0.0458 ,  0.0036 ,
  0.0004 ,  0.0815 , -0.0002 , -2.4475 ,  1.2288 ,  0.6505 ,
 -0.0811 ,  0.0405 , -0.3182 , -0.8259 ,  0.4871 ,  0.0036 ,
  0.1205 , -0.0009 , -0.1574 , -0.7710 ,  0.8103 ,  0.3270 ,
  0.0000 ,  0.0000 ,  0.0000 ,  0.7748 ,  1.2446 ,  0.9757 ,
 -0.0007 , -0.0006 , -0.3173 , -0.7651 ,  1.2430 ,  0.3288 ,
  0.0795 , -0.0013 , -0.4751 ,  0.7888 ,  2.6126 ,  0.6558 ,
 -0.0014 , -0.0012 , -0.6346 , -0.7553 ,  1.2415 ,  0.3323 ,
  0.0402 ,  0.1215 , -0.3171 , -1.7247 ,  1.2825 ,  0.0036 ,
  0.0408 ,  0.1626 , -0.1585 ,  0.5335 ,  1.2754 ,  1.3027 ,
 -0.0400 ,  0.1222 , -0.1593 ,  1.3704 ,  1.7796 ,  0.9775 ,
 -0.0007 , -0.0006 , -0.3173 , -1.5400 ,  1.2430 ,  0.9793 ,
 -0.0813 , -0.0002 , -0.3181 ,  0.0105 , -0.1273 ,  0.0036 ,
 -0.0010 ,  0.0803 , -0.6347 , -0.8782 ,  2.4705 ,  1.3081 ,
  0.0385 , -0.0830 , -0.6340 , -2.1827 ,  0.6978 ,  1.6332 ,
  0.0004 ,  0.0815 , -0.0002 , -0.1229 ,  1.8511 ,  0.3252 ,
  0.0801 ,  0.0398 , -0.3165 , -0.0524 ,  1.9834 ,  0.9793 ,
 -0.2022 ,  0.0003 , -0.3193 , -0.7634 ,  0.3062 ,  0.6541 ,
 -0.0409 , -0.0409 , -0.1590 , -0.7082 ,  0.5664 ,  0.3270 ,
  0.0398 ,  0.0400 , -0.3170 , -0.0520 , -0.5687 ,  0.6540 ,
  0.0399 , -0.0005 , -0.1582 , -2.3202 ,  2.5511 ,  0.6522 ,
 -0.1607 ,  0.0419 ,  0.1568 , -0.0643 ,  0.3622 ,  0.6320 ,
  0.0396 , -0.0008 , -0.3169 , -1.5403 ,  2.5505 ,  0.6540 ,
  0.1208 ,  0.0399 , -0.1575 , -2.3824 , -0.4421 ,  0.9775 ,
 -0.0816 ,  0.0807 , -0.6355 , -1.6524 ,  2.9668 ,  0.0071 ,
  0.1208 ,  0.1211 , -0.3163 ,  0.5992 ,  0.7861 ,  1.6297 ,
 -0.1613 ,  0.0412 , -0.1603 , -0.0552 ,  0.3621 ,  0.0018 ,
 -0.0409 , -0.0409 , -0.1590 , -1.4831 ,  1.1887 ,  0.6522 ,
  0.0400 ,  0.0807 , -0.3170 , -0.1135 ,  0.0458 ,  0.3288 ,
  0.0399 ,  0.1212 , -0.4757 , -1.7198 ,  1.2817 ,  0.6558 ,
 -0.0001 ,  0.1217 , -0.3175 , -0.9495 ,  1.2197 ,  0.9793 ,
 -0.0806 ,  0.0004 , -0.0008 ,  0.0007 ,  2.3631 ,  0.9757 ,
  0.0812 ,  0.0406 ,  0.3185 , -1.6228 , -1.1135 ,  1.3274 ,
 -0.0006 ,  0.0806 , -0.4761 , -0.1082 , -0.0179 ,  0.6558 ,
  0.1210 ,  0.0806 , -0.1576 ,  0.6557 ,  0.7946 ,  0.0018 ,
  0.0790 , -0.0424 , -0.6337 ,  0.0803 ,  0.7529 ,  0.9828 ,
 -0.0408 ,  0.0403 , -0.3178 , -1.6010 ,  0.5500 ,  0.6541 ,
 -0.0012 ,  0.0395 , -0.6346 , -0.8168 ,  1.2337 ,  0.6576 ,
  0.1208 ,  0.1211 , -0.3163 , -1.7254 ,  1.4084 ,  0.0036 ,
 -0.0416 , -0.0415 , -0.4762 ,  0.0765 ,  0.5649 ,  0.0053 ,
  0.0403 ,  0.1219 ,  0.1571 , -0.9610 ,  1.2778 ,  0.3351 ,
  0.0398 ,  0.0400 , -0.3170 ,  0.7228 ,  1.2981 ,  0.3288 ,
  0.0799 , -0.0010 , -0.3165 , -0.7658 ,  1.3689 ,  1.3045 ,
 -0.0807 ,  0.1221 , -0.3183 ,  1.3757 ,  1.7161 ,  0.9793 ,
  0.0806 , -0.0004 ,  0.0008 , -1.5505 ,  2.6149 ,  0.9757 ,
 -0.0401 ,  0.0410 , -0.0005 ,  0.7137 ,  1.7961 ,  0.6505 ,
  0.1212 ,  0.1622 ,  0.1578 , -1.0234 ,  2.0169 ,  0.3366 ,
  0.1208 ,  0.1211 , -0.3163 , -0.9505 ,  2.0305 ,  0.9793 ,
 -0.0409 ,  0.0808 , -0.4765 , -0.1079 ,  2.4082 ,  1.3063 ,
 -0.0407 ,  0.1216 , -0.4765 , -1.7191 ,  1.7782 ,  0.9811 ,
 -0.0413 ,  0.0805 , -0.6351 , -0.1030 , -0.0815 ,  0.3324 ,
 -0.0812 ,  0.0810 , -0.4769 , -0.8824 , -0.1437 ,  0.3306 ,
 -0.0406 ,  0.0811 , -0.3178 , -1.6626 ,  1.7869 ,  0.0036 ,
  0.0813 , -0.0816 ,  0.1586 , -1.4454 ,  0.7703 ,  1.2979 ,
 -0.0403 ,  0.2031 , -0.4767 ,  0.4825 ,  1.1402 ,  0.6558 ,
 -0.0403 ,  0.0414 ,  0.1576 , -0.0637 ,  1.8004 ,  0.3229 ,
 -0.0807 ,  0.0408 , -0.1595 , -0.8308 ,  1.7324 ,  0.9775 ,
  0.0392 , -0.0011 , -0.4755 , -0.7605 ,  0.0607 ,  0.6558 ,
 -0.0411 ,  0.0400 , -0.4764 , -0.0464 , -0.0730 ,  1.3063 ,
  0.0795 , -0.0013 , -0.4751 ,  0.0140 ,  2.6126 ,  0.3306 ,
  0.0805 ,  0.1213 , -0.3167 , -0.9502 ,  0.1009 ,  0.3288 ,
 -0.0402 ,  0.1626 , -0.3180 , -0.2357 ,  0.5266 ,  0.6541 ,
  0.1203 ,  0.0800 , -0.4749 , -0.1093 ,  2.6598 , -0.3199 ,
  0.1217 ,  0.0810 ,  0.1583 , -1.6878 ,  2.6509 ,  0.0240 ,
  0.0401 , -0.0410 ,  0.0005 , -1.4887 ,  1.3152 ,  0.9757 ,
 -0.0006 , -0.0411 , -0.1586 , -0.7085 ,  2.4959 ,  1.3027 ,
  0.0412 ,  0.0817 ,  0.1592 , -0.1290 , -0.5709 , -0.0027 ,
 -0.0404 ,  0.1219 , -0.3179 ,  0.6005 ,  0.5344 ,  0.0036 ,
  0.0803 ,  0.0805 , -0.3166 , -0.8887 ,  0.7310 , -0.3217 ,
 -0.1212 ,  0.0815 , -0.3186 , -1.6619 ,  1.6610 ,  0.6541 ,
 -0.0005 ,  0.0401 , -0.3174 ,  0.7231 ,  3.1019 ,  0.6541 ,
  0.1204 ,  0.0396 , -0.3161 ,  0.7221 ,  2.0462 ,  0.6540 ,
  0.0395 ,  0.0396 , -0.4756 ,  1.5025 ,  0.0529 ,  0.6558 ,
  0.0395 ,  0.1209 , -0.6344 , -0.1652 ,  1.9034 ,  1.3081 ,
  0.1613 ,  0.0805 , -0.1572 , -0.8943 ,  2.7244 ,  0.3270 ,
  0.0805 ,  0.0401 , -0.1579 , -1.6070 ,  1.9841 ,  0.0018 ,
  0.0403 ,  0.1219 ,  0.1571 , -0.9610 ,  1.8984 , -0.3119 ,
 -0.0804 ,  0.0412 , -0.0009 ,  1.4888 ,  1.7331 ,  0.9757 ,
  0.1210 ,  0.0806 , -0.1576 , -0.8939 ,  0.7946 ,  0.6522 ,
  0.1204 ,  0.0396 , -0.3161 , -0.8276 ,  1.4240 ,  0.6540 ,
 -0.0404 ,  0.1219 , -0.3179 , -0.1742 ,  0.5344 ,  0.3288 ,
  0.1195 , -0.0018 , -0.6333 , -2.3063 ,  0.8080 ,  0.6576 ,
  0.0402 ,  0.0403 , -0.1583 , -1.6066 ,  2.5433 ,  1.3027 ,
 -0.0006 , -0.0411 , -0.1586 ,  0.8412 ,  1.2515 ,  1.3027 ,
  0.1610 ,  0.0397 , -0.1571 ,  1.4916 , -0.3792 ,  0.9775 ,
  0.0813 ,  0.2031 , -0.1582 ,  0.4717 ,  1.9529 ,  0.0018 ,
  0.0398 ,  0.0400 , -0.3170 , -0.8269 ,  1.2981 , -0.3217 ,
  0.0810 ,  0.0811 ,  0.0007 , -1.6734 ,  1.3548 ,  0.6504 ,
 -0.0807 ,  0.0408 , -0.1595 , -0.0559 ,  1.7324 ,  0.6523 ,
 -0.0417 , -0.0010 , -0.6350 , -0.7550 ,  1.8009 ,  0.9828 ,
  0.1211 ,  0.0402 ,  0.0011 ,  0.7123 ,  2.0477 ,  0.9757 ,
 -0.0003 , -0.0003 , -0.1586 , -1.5449 ,  1.2438 ,  0.6522 ,
 -0.0402 ,  0.1626 , -0.3180 , -1.7855 ,  1.7712 ,  1.3045 ,
 -0.0014 , -0.0012 , -0.6346 , -1.5302 ,  1.2415 , -0.3181 ,
  0.0398 ,  0.0400 , -0.3170 , -0.0520 ,  1.2981 ,  0.9793 ,
  0.0405 ,  0.0406 ,  0.0003 , -0.8367 , -0.5672 ,  1.3009 ,
 -0.0401 ,  0.0410 , -0.0005 , -0.0611 , -0.0707 ,  0.0000 ,
  0.0407 ,  0.0813 ,  0.0003 , -1.6730 ,  1.9141 ,  0.6504 ,
 -0.0404 ,  0.0406 , -0.1591 , -0.0562 ,  0.5508 ,  0.9775 ,
  0.0403 , -0.0002 ,  0.0004 , -0.7752 ,  1.9298 ,  0.3252 ,
 -0.0005 ,  0.0401 , -0.3174 ,  0.7231 ,  2.4797 ,  1.3045 ,
  0.0793 , -0.0421 , -0.4750 , -0.6995 ,  1.9982 ,  0.6558 ,
  0.0801 ,  0.0398 , -0.3165 , -0.8273 ,  0.7388 ,  0.9793 ,
  0.0400 ,  0.0807 , -0.3170 , -0.1135 ,  1.2904 ,  0.3288 ,
  0.0813 ,  0.0413 ,  0.3171 , -0.8365 ,  1.3679 , -0.3263 ,
  0.0001 ,  0.0812 , -0.1588 ,  0.6568 ,  1.8504 ,  0.6522 ,
 -0.0399 ,  0.0817 , -0.0006 ,  1.4270 ,  2.4105 ,  0.0000 ,
 -0.0405 , -0.0406 , -0.0003 , -0.7131 ,  1.1894 ,  0.9757 ,
 -0.1622 , -0.0002 , -0.4776 ,  1.5657 ,  0.3684 ,  0.9811 ,
  0.0397 ,  0.0804 , -0.4757 ,  1.4410 ,  1.2895 ,  0.6558 ,
 -0.0005 ,  0.0401 , -0.3174 , -0.8266 ,  0.6129 ,  0.3288 ,
  0.1199 ,  0.0797 , -0.6335 , -0.1044 ,  2.0368 ,  0.3323 ,
  0.0400 ,  0.0807 , -0.3170 ,  0.6613 ,  1.9127 ,  1.3045 ,
  0.0811 ,  0.1624 , -0.1581 , -1.7914 ,  1.3383 ,  0.9775 ,
  0.0801 ,  0.0398 , -0.3165 , -1.6022 ,  0.7388 ,  1.6297 ,
  0.0396 , -0.0008 , -0.3169 , -0.7655 ,  1.9283 ,  0.0036 ,
  0.0809 ,  0.1216 , -0.1581 ,  0.5946 ,  3.2129 ,  0.6522 ,
  0.0392 , -0.0011 , -0.4755 , -0.7605 ,  2.5496 ,  1.3063 ,
 -0.0003 ,  0.0809 , -0.3174 , -1.6630 ,  3.0940 ,  1.6297 ,
 -0.0407 ,  0.1216 , -0.4765 , -0.9442 ,  0.5336 ,  0.3306 ,
  0.0006 ,  0.0411 ,  0.1586 , -0.8413 ,  0.6152 , -0.0018 ,
 -0.0006 , -0.0411 , -0.1586 , -0.7085 ,  1.2515 ,  0.0018 ,
  0.0397 , -0.0413 , -0.1582 , -0.7089 ,  1.3145 ,  0.6522 ,
 -0.0002 ,  0.1621 , -0.4762 ,  0.5437 ,  1.2110 ,  0.0053 ,
 -0.0400 ,  0.1222 , -0.1593 , -0.1791 ,  2.4019 ,  0.3270 ,
 -0.0015 , -0.0825 , -0.4758 ,  0.9124 ,  2.5024 ,  0.9811 ,
  0.0405 ,  0.0406 ,  0.0003 , -0.0618 ,  0.6774 ,  0.9757 ,
 -0.0005 ,  0.0401 , -0.3174 , -1.6015 , -0.6316 ,  1.3045 ,
  0.1594 , -0.0023 , -0.7916 , -0.7518 ,  2.1147 ,  1.6351 ,
 -0.0003 , -0.0003 , -0.1586 , -0.7700 ,  0.6215 ,  0.6522 ,
 -0.0404 ,  0.0406 , -0.1591 , -0.0562 , -1.3161 ,  0.0018 ,
  0.0008 ,  0.0818 ,  0.1585 , -1.6777 ,  1.2296 ,  0.3234 ,
  0.2014 ,  0.1207 , -0.3155 , -0.9512 ,  1.5342 ,  0.3288 ,
  0.0402 ,  0.1215 , -0.3171 , -1.7247 ,  1.9048 ,  0.9793 ,
 -0.0803 ,  0.1224 , -0.1597 , -0.1788 ,  1.0945 ,  0.9775 ,
 -0.0001 ,  0.0405 , -0.1587 , -0.8315 ,  2.4805 ,  1.9532 ,
  0.0398 ,  0.0400 , -0.3170 , -0.8269 ,  0.0536 ,  0.9793 ,
  0.0401 , -0.0410 ,  0.0005 ,  0.8359 ,  1.3152 ,  0.3252 ,
  0.0803 ,  0.0805 , -0.3166 , -0.1138 ,  1.9755 ,  0.3288 ,
  0.1193 , -0.0426 , -0.6333 ,  0.0800 ,  0.1936 ,  0.9828 ,
 -0.0424 , -0.0017 , -0.9523 ,  0.0297 ,  1.1771 ,  0.3359 ,
 -0.0402 ,  0.1626 , -0.3180 , -1.7855 ,  1.1489 ,  0.0036 ,
 -0.0013 , -0.0417 , -0.4758 ,  0.8510 ,  1.2500 ,  1.3063 ,
  0.0802 , -0.0007 , -0.1578 , -0.7707 ,  0.1251 ,  0.3270 ,
  0.1204 ,  0.0396 , -0.3161 , -1.6025 ,  2.6685 , -0.3217 ,
 -0.0408 ,  0.0403 , -0.3178 , -1.6010 ,  2.4167 ,  0.9793 ,
  0.1208 ,  0.0399 , -0.1575 , -1.6073 ,  2.0470 ,  1.6278 ,
  0.0809 , -0.0001 ,  0.1594 ,  0.7692 ,  2.6155 ,  0.9739 ,
  0.0001 ,  0.0812 , -0.1588 , -0.1180 ,  0.6059 ,  0.0018 ,
  0.1205 , -0.0009 , -0.1574 , -0.7710 ,  2.0547 ,  1.3027 ,
  0.0809 ,  0.1216 , -0.1581 , -0.9551 ,  1.3462 , -0.3235 ,
  0.0811 ,  0.1217 ,  0.1574 , -1.7486 ,  1.9579 ,  0.3465 ,
  0.0397 ,  0.0804 , -0.4757 , -0.8835 ,  0.0450 ,  0.6558 ,
  0.1203 ,  0.0800 , -0.4749 ,  2.2151 ,  1.4153 ,  1.3063 ,
  0.0005 ,  0.1627 , -0.1589 , -1.0159 ,  0.5903 ,  0.6522 ,
  0.0396 , -0.0008 , -0.3169 , -3.0901 ,  1.9283 ,  0.6540 ,
 -0.0013 , -0.0417 , -0.4758 , -0.6988 ,  3.1169 ,  0.3306 ,
  0.0406 ,  0.1218 , -0.1585 , -1.7296 ,  1.2833 ,  0.9775 ,
  0.1201 ,  0.1205 , -0.6336 , -1.7156 ,  2.6513 ,  0.9828 ,
  0.0804 , -0.0412 ,  0.0009 , -1.4890 ,  2.0005 ,  0.9757 ,
  0.1204 ,  0.0396 , -0.3161 , -0.8276 ,  1.4240 ,  0.6540 ,
  0.0406 ,  0.1218 , -0.1585 , -0.9547 ,  1.9056 ,  0.9775 ,
  0.1208 ,  0.0399 , -0.1575 , -0.8325 ,  0.8025 ,  0.6522 ,
  0.1208 ,  0.0399 , -0.1575 , -0.0576 ,  2.6692 ,  0.9775 ,
 -0.0011 , -0.0821 , -0.3171 , -0.6422 ,  1.2587 ,  0.6541 ,
  0.0794 ,  0.0391 , -0.6338 , -0.0426 ,  1.3596 ,  0.6576 ,
  0.0812 ,  0.0812 ,  0.1577 , -1.6874 ,  1.9678 ,  0.6692 ,
 -0.0003 ,  0.0809 , -0.3174 , -0.1131 ,  2.4719 ,  1.3045 ,
  0.0399 , -0.0005 , -0.1582 ,  0.0045 ,  1.3067 ,  0.3270 ,
  0.0786 , -0.0427 , -0.7923 , -0.6897 ,  1.3744 ,  0.0089 ,
  0.0791 ,  0.0388 , -0.7925 , -2.3625 ,  1.3588 ,  0.3341 ,
 -0.0409 , -0.0409 , -0.1590 , -1.4831 ,  1.1887 ,  0.3270 ,
  0.0398 ,  0.0400 , -0.3170 , -0.0520 ,  2.5426 ,  1.3045 ,
 -0.0409 , -0.0409 , -0.1590 , -0.7082 ,  0.5664 ,  0.3270 ,
 -0.0809 ,  0.0001 , -0.1594 ,  0.0056 , -0.7489 ,  0.6523 ,
 -0.0413 , -0.0007 , -0.4763 ,  1.5647 ,  1.1793 ,  0.3306 ,
  0.0404 ,  0.0810 , -0.1584 , -1.6682 ,  2.5355 ,  0.9775 ,
 -0.0404 ,  0.1219 , -0.3179 , -0.9491 ,  3.0233 ,  0.3288 ,
  0.0397 , -0.0413 , -0.1582 ,  0.8408 ,  1.9368 ,  0.9775 ,
  0.0800 ,  0.0802 , -0.4752 , -0.8838 ,  2.5970 ,  0.6558 ,
  0.0807 ,  0.0808 , -0.1580 , -0.1187 ,  1.9763 ,  0.0018 ,
  0.0809 , -0.0001 ,  0.1594 , -0.7805 ,  0.7488 ,  0.9739 ,
 -0.2023 ,  0.1220 , -0.6368 , -0.1631 ,  0.9035 ,  0.3324 ,
  0.0001 ,  0.0812 , -0.1588 , -0.8930 , -0.0164 ,  0.0018 ,
  0.0798 ,  0.0395 , -0.4752 ,  0.7273 ,  0.1158 ,  0.3306 ,
 -0.0807 ,  0.0408 , -0.1595 , -2.3807 , -0.1344 ,  0.6523 ,
  0.0798 ,  0.0395 , -0.4752 ,  0.7273 ,  0.1158 ,  0.6558 ,
  0.0801 ,  0.0398 , -0.3165 , -2.3770 ,  1.3610 ,  0.0036 ,
  0.1608 , -0.0011 , -0.1570 ,  0.0035 ,  0.2509 ,  0.9775 ,
 -0.0003 ,  0.0809 , -0.3174 , -0.8881 ,  1.8497 ,  0.6541 ,
  0.0807 ,  0.0808 , -0.1580 , -1.6684 ,  0.1095 ,  0.9775 ,
  0.1610 ,  0.0397 , -0.1571 , -1.6078 ,  1.4876 ,  0.6522 ,
  0.1194 ,  0.0386 , -0.7920 , -0.8129 ,  1.4218 ,  0.0089 ,
 -0.1208 ,  0.0818 , -0.1600 ,  0.6578 ,  0.4172 ,  1.3027 ,
  0.0393 ,  0.0801 , -0.6343 ,  2.2207 ,  1.9111 ,  0.3323 ,
 -0.0002 ,  0.1621 , -0.4762 , -1.7809 ,  1.2110 ,  0.6558 ,
 -0.0399 ,  0.0817 , -0.0006 ,  1.4270 ,  1.1660 ,  0.9757 ,
 -0.0394 ,  0.1235 ,  0.3165 ,  0.5774 ,  1.1515 ,  1.2746 ,
  0.0397 ,  0.0804 , -0.4757 , -0.8835 ,  1.9119 ,  0.0053 ,
  0.0405 ,  0.0406 ,  0.0003 ,  0.7130 ,  1.9219 ,  0.6504 ,
  0.0793 ,  0.0796 , -0.7925 , -1.6490 ,  0.7287 ,  0.6594 ,
  0.1600 ,  0.0388 , -0.6330 ,  0.7315 ,  2.1076 ,  0.0071 ,
  0.0010 ,  0.0009 ,  0.4759 , -0.7896 ,  1.8690 ,  0.9703 ,
  0.1204 ,  0.0396 , -0.3161 , -0.8276 ,  1.4240 ,  0.3288 ,
  0.0396 , -0.0008 , -0.3169 ,  1.5590 ,  0.6837 ,  0.3288 ,
 -0.0014 , -0.0012 , -0.6346 ,  0.7944 ,  0.6192 ,  0.3323 ,
  0.1200 ,  0.0393 , -0.4748 , -1.5976 ,  1.4232 ,  0.0053 ,
  0.0404 ,  0.1623 , -0.3172 , -1.0113 ,  1.2746 ,  0.3288 ,
 -0.0005 ,  0.0401 , -0.3174 ,  0.7231 ,  1.2353 ,  0.9793 ,
  0.1606 ,  0.0798 , -0.4745 ,  2.2148 ,  2.1006 ,  0.6558 ,
  0.1609 ,  0.0801 , -0.3158 , -0.1145 ,  0.8568 , -0.3217 ,
 -0.0006 , -0.0411 , -0.1586 , -0.7085 ,  1.2515 , -0.3234 ,
  0.0010 ,  0.1226 ,  0.1584 , -1.7391 ,  1.2218 , -0.0018 ,
 -0.0008 ,  0.0398 , -0.4760 ,  2.2776 ,  2.4790 ,  0.0053 ,
 -0.0005 ,  0.0401 , -0.3174 ,  0.7231 ,  1.2353 ,  0.6541 ,
 -0.0008 ,  0.0398 , -0.4760 , -0.8217 ,  1.2344 ,  0.0053 ,
 -0.0405 , -0.0406 , -0.0003 , -0.7131 , -0.0551 ,  1.3010 ,
  0.0404 ,  0.0810 , -0.1584 , -0.8932 ,  1.2910 ,  0.3270 ,
  0.0396 , -0.0008 , -0.3169 , -0.7654 ,  1.3059 ,  0.6540 ,
  0.0400 ,  0.0807 , -0.3170 , -0.8884 ,  1.9127 ,  0.9793 ,
 -0.0401 ,  0.0410 , -0.0005 , -0.8360 ,  1.1737 ,  0.6505 ,
  0.0412 ,  0.0819 ,  0.3158 , -1.6836 ,  1.2871 ,  0.6384 ,
  0.0802 , -0.0007 , -0.1578 ,  1.5539 ,  1.3696 ,  1.6278 ,
 -0.1203 ,  0.1229 , -0.0014 , -0.1833 ,  0.4101 ,  0.0000 ,
 -0.0007 , -0.0006 , -0.3173 , -0.7651 ,  2.4875 ,  0.0036 ,
  0.0402 ,  0.0403 , -0.1583 , -0.8318 ,  1.2989 ,  0.3270 ,
  0.0010 ,  0.1226 ,  0.1584 , -2.5143 , -0.0227 ,  0.9739 ,
  0.0805 ,  0.1213 , -0.3167 ,  2.1493 ,  1.9678 ,  0.3288 ,
  0.0407 ,  0.0813 ,  0.0003 , -0.1233 ,  2.5364 ,  0.9757 ,
 -0.0410 , -0.0004 , -0.3177 , -1.5396 ,  1.1801 ,  0.9793 ,
  0.0404 ,  0.0810 , -0.1584 ,  1.4313 ,  2.5355 ,  0.9775 ,
  0.0803 ,  0.0805 , -0.3166 , -0.8887 ,  0.7310 ,  0.3288 ,
  0.0408 ,  0.0408 ,  0.1574 , -1.6258 ,  1.9127 ,  0.6692 ,
  0.1212 ,  0.1214 , -0.1577 , -0.1805 ,  0.1646 ,  0.3270 ,
 -0.0010 ,  0.0803 , -0.6347 , -0.8782 ,  0.6036 ,  0.3323 ,
  0.0807 ,  0.0808 , -0.1580 , -0.8936 ,  1.9763 ,  0.6522 ,
 -0.0001 ,  0.1217 , -0.3175 , -0.9495 ,  1.2197 ,  0.6541 ,
 -0.0006 , -0.0411 , -0.1586 ,  0.8412 ,  2.4959 ,  0.6522 ,
  0.0398 ,  0.0400 , -0.3170 , -0.0520 ,  1.9204 ,  0.9793 ,
  0.1203 , -0.1229 ,  0.0014 , -0.5915 ,  0.8345 ,  0.9757 ,
 -0.0809 ,  0.0001 , -0.1594 ,  0.0056 ,  1.7402 ,  0.9775 ,
 -0.0807 ,  0.1221 , -0.3183 , -0.9488 ,  1.0937 ,  0.0036 ,
  0.0002 ,  0.0408 , -0.0001 , -0.8363 ,  3.1032 ,  0.3252 ,
  0.1212 ,  0.0405 ,  0.1587 , -0.8359 ,  2.0493 ,  0.9799 ,
  0.0402 ,  0.0403 , -0.1583 , -2.3816 ,  1.2989 , -0.6487 ,
  0.1203 ,  0.0800 , -0.4749 , -0.8841 ,  1.4153 ,  0.3306 ,
  0.0805 ,  0.0401 , -0.1579 , -0.8322 ,  0.7395 ,  0.6522 ,
  0.0402 ,  0.1215 , -0.3171 , -0.9498 ,  1.2825 ,  0.9793 ,
 -0.0003 ,  0.0809 , -0.3174 , -0.8881 ,  1.8497 ,  1.3045 ,
 -0.0411 ,  0.0400 , -0.4764 , -0.8214 ,  1.7939 ,  0.0053 ,
  0.0402 ,  0.0403 , -0.1583 , -0.8318 ,  1.2989 ,  0.3270 ,
  0.1208 ,  0.1211 , -0.3163 , -0.1756 ,  2.6528 ,  0.9793 ,
 -0.0807 ,  0.0821 ,  0.1569 , -0.1240 ,  1.7279 ,  1.6298 ,
 -0.0004 ,  0.1214 , -0.4761 , -0.9446 ,  0.5966 ,  0.3306 ,
  0.0800 , -0.0415 , -0.1578 ,  0.0657 ,  0.7551 ,  0.0018 ,
  0.0409 ,  0.0415 ,  0.3171 , -0.0699 ,  1.3010 , -0.0018 ,
  0.0411 ,  0.0414 ,  0.3173 , -0.0701 ,  0.6769 ,  0.6251 ,
 -0.0804 ,  0.0412 , -0.0009 , -1.6105 ,  0.4886 ,  1.3010 ,
  0.0001 ,  0.0812 , -0.1588 , -0.8930 ,  1.2282 ,  0.3270 ,
 -0.0397 ,  0.1225 , -0.0006 , -0.9589 ,  3.0248 ,  0.0000 ,
  0.0403 , -0.0002 ,  0.0004 , -1.5501 ,  1.9298 , -0.0000 ,
  0.1207 , -0.0413 ,  0.0013 , -0.7145 ,  0.8189 ,  0.9757 ,
 -0.1622 , -0.0002 , -0.4776 , -0.7588 ,  0.3684 ,  0.6558 ,
  0.0393 ,  0.0801 , -0.6343 , -0.1037 ,  2.5333 ,  0.3323 ,
 -0.0407 ,  0.1216 , -0.4765 , -0.9442 , -0.0886 ,  0.0053 ,
  0.0800 ,  0.0802 , -0.4752 , -0.8838 ,  1.9748 ,  1.3063 ,
  0.0391 ,  0.0393 , -0.6342 ,  0.7326 ,  1.9189 ,  0.6576 ,
  0.1213 ,  0.0810 ,  0.0011 ,  0.6508 ,  2.6621 ,  0.3252 ,
 -0.0006 ,  0.0806 , -0.4761 , -2.4331 ,  2.4712 ,  0.6558 ,
  0.0402 ,  0.0403 , -0.1583 , -0.0569 ,  1.2989 ,  0.0018 ,
 -0.0400 ,  0.1222 , -0.1593 ,  0.5957 ,  1.7796 ,  0.0018 ,
  0.0402 ,  0.0403 , -0.1583 ,  0.7179 ,  0.0544 ,  0.6522 ,
  0.0404 ,  0.0810 , -0.1584 , -0.8932 ,  0.6688 ,  0.0018 ,
  0.0388 , -0.0826 , -0.4754 ,  0.1372 ,  1.3207 ,  0.9811 ,
  0.0399 , -0.0005 , -0.1582 ,  0.0045 ,  2.5511 ,  0.9775 ,
  0.0010 ,  0.1226 ,  0.1584 ,  0.5856 ,  3.0886 ,  1.2992 ,
  0.0795 , -0.0825 , -0.3163 , -2.9675 ,  1.3844 ,  1.6297 ,
  0.0808 ,  0.0404 ,  0.0007 , -0.0622 ,  1.3625 ,  1.3009 ,
 -0.0408 ,  0.0403 , -0.3178 , -0.0513 ,  1.7946 ,  0.6541 ,
  0.0400 ,  0.0807 , -0.3170 , -0.8884 ,  3.1570 ,  0.6540 ,
 -0.0802 ,  0.0819 , -0.0010 , -1.6720 ,  0.4808 ,  0.6505 ,
 -0.0809 ,  0.0001 , -0.1594 , -2.3192 , -0.7489 ,  0.6523 ,
 -0.0403 ,  0.0002 , -0.0004 , -0.7745 ,  0.5593 , -0.3252 ,
 -0.0409 ,  0.0808 , -0.4765 , -2.4326 ,  1.7860 ,  0.6558 ,
  0.0002 ,  0.0408 , -0.0001 , -0.8363 ,  0.6144 ,  0.9757 ,
  0.0402 ,  0.1215 , -0.3171 , -0.9498 ,  1.9048 ,  1.3045 ,
 -0.0805 ,  0.0816 , -0.1596 , -0.8922 ,  0.4801 ,  0.9775 ,
  0.0394 , -0.0416 , -0.3168 , -0.7040 ,  1.3138 ,  0.3288 ,
 -0.0818 , -0.0413 , -0.4766 , -0.6980 ,  0.5020 ,  0.3306 ,
  0.0408 ,  0.1626 , -0.1585 , -1.0162 ,  1.2754 ,  0.3270 ,
  0.1610 ,  0.0397 , -0.1571 , -0.8329 ,  1.4876 ,  0.9775 ,
  0.0801 ,  0.0398 , -0.3165 , -1.6022 ,  1.3610 ,  0.3288 ,
 -0.0811 ,  0.0405 , -0.3182 , -0.0510 ,  0.4871 ,  0.3288 ,
  0.0002 ,  0.0408 , -0.0001 , -0.0615 ,  1.8590 ,  0.6505 ,
  0.1200 , -0.0420 , -0.3160 ,  0.0702 ,  2.0618 , -0.9722 ,
 -0.0814 ,  0.1214 , -0.6356 ,  0.6107 ,  1.0922 ,  1.3081 ,
  0.0799 , -0.0010 , -0.3165 ,  0.0091 ,  2.6134 ,  0.6540 ,
  0.0409 ,  0.1221 ,  0.0002 , -0.1847 ,  1.2841 ,  0.6504 ,
  0.0802 ,  0.1210 , -0.4753 , -0.1704 ,  0.7224 , -0.3199 ,
 -0.0008 ,  0.0398 , -0.4760 , -1.5966 ,  1.8568 ,  0.0053 ,
  0.0004 ,  0.0815 , -0.0002 , -0.8978 , -1.2604 ,  0.6505 ,
  0.1210 ,  0.0806 , -0.1576 ,  0.6557 ,  2.6615 ,  0.3270 ,
  0.0810 ,  0.1630 ,  0.1584 , -0.2503 ,  0.7117 ,  0.3237 ,
  0.0405 ,  0.1215 ,  0.1587 ,  1.3884 ,  2.4887 ,  0.3045 ,
 -0.0413 , -0.0007 , -0.4763 , -0.7599 ,  0.5571 ,  0.3306 ,
  0.1205 , -0.0009 , -0.1574 , -0.7710 ,  0.8103 ,  0.3270 ,
  0.0407 ,  0.0813 ,  0.0003 , -1.6730 ,  1.9141 ,  1.3009 ,
  0.1210 ,  0.1619 , -0.3164 , -1.0120 ,  2.0227 ,  0.6540 ,
  0.0396 , -0.0008 , -0.3169 , -1.5403 ,  1.3059 ,  1.6297 ,
  0.0802 ,  0.1210 , -0.4753 ,  0.6044 ,  1.3446 ,  0.6558 ,
 -0.0005 ,  0.0401 , -0.3174 , -2.3765 ,  1.8576 ,  0.9793 ,
 -0.1212 ,  0.0815 , -0.3186 ,  0.6627 ,  1.0387 ,  0.0036 ,
 -0.0010 , -0.0009 , -0.4759 ,  0.7895 ,  1.8645 ,  0.6558 ,
 -0.0807 ,  0.0408 , -0.1595 ,  0.7189 ,  2.3548 ,  1.6280 ,
  0.0398 ,  0.0400 , -0.3170 , -1.6018 ,  1.2981 ,  0.6540 ,
 -0.0001 ,  0.0405 , -0.1587 ,  0.7182 ,  2.4805 ,  0.6522 ,
 -0.0011 , -0.0821 , -0.3171 ,  0.9075 ,  2.5030 ,  0.9793 ,
 -0.0406 , -0.0001 , -0.1590 ,  0.0052 ,  0.5586 ,  0.0018 ,
 -0.0010 , -0.0009 , -0.4759 ,  1.5643 ,  1.2422 ,  0.6558 ,
 -0.0815 , -0.0410 , -0.3180 , -1.4778 ,  2.3695 ,  0.6541 ,
  0.0397 ,  0.0804 , -0.4757 , -0.1086 ,  1.9119 ,  0.3306 ,
  0.0402 ,  0.0403 , -0.1583 ,  0.7179 ,  2.5433 ,  0.0018 ,
 -0.0006 ,  0.0806 , -0.4761 , -0.1082 ,  1.2266 ,  0.3306 ,
  0.1212 , -0.0003 ,  0.1599 ,  0.7689 ,  2.0562 , -0.0018 ,
 -0.0014 , -0.0012 , -0.6346 ,  0.7944 ,  0.6192 ,  0.0071 ,
  0.1210 ,  0.0806 , -0.1576 ,  0.6557 ,  0.7946 ,  0.3270 ,
 -0.0007 , -0.0006 , -0.3173 , -0.7651 ,  1.2430 ,  0.6541 ,
 -0.0001 ,  0.0405 , -0.1587 ,  0.7182 ,  0.6137 ,  0.6522 ,
 -0.1214 ,  0.0407 , -0.3186 , -0.8255 ,  0.4242 ,  0.6541 ,
 -0.0816 ,  0.0807 , -0.6355 ,  1.4470 ,  0.4778 ,  0.9828 ,
 -0.0005 ,  0.0401 , -0.3174 , -0.0517 , -0.6316 ,  0.6541 ,
  0.0010 ,  0.0009 ,  0.4759 , -2.3396 ,  0.6245 ,  1.2956 ,
  0.1215 ,  0.1217 ,  0.0010 , -1.7351 ,  2.0321 ,  0.6504 ,
  0.0405 ,  0.0406 ,  0.0003 ,  0.7130 ,  0.6774 , -0.0000 ,
  0.0794 , -0.1638 , -0.1575 ,  0.2500 ,  2.0231 ,  1.3027 ,
 -0.1224 , -0.0819 , -0.4770 ,  0.9134 ,  1.6913 ,  0.0054 ,
  0.0395 ,  0.0396 , -0.4756 , -0.0471 ,  1.2973 ,  0.9811 ,
 -0.0007 , -0.0006 , -0.3173 ,  0.7846 , -0.0015 ,  0.6541 ,
 -0.0406 , -0.0001 , -0.1590 ,  0.7801 ,  1.8031 ,  1.6278 ,
  0.2012 ,  0.0800 , -0.3154 , -2.4397 , -0.9471 , -0.6469 ,
  0.0397 , -0.0413 , -0.1582 ,  0.0660 ,  1.3145 ,  0.0018 ,
  0.0404 ,  0.0810 , -0.1584 , -0.1184 ,  1.2910 ,  0.3270 ,
 -0.0408 ,  0.0403 , -0.3178 , -1.6010 ,  1.1724 ,  0.0036 ,
  0.0802 ,  0.1210 , -0.4753 , -1.7202 ,  1.3446 ,  0.0053 ,
  0.0807 ,  0.0808 , -0.1580 ,  2.2058 ,  0.1095 ,  0.9775 ,
  0.0004 ,  0.0815 , -0.0002 , -0.8978 ,  0.6066 , -0.3252 ,
  0.2014 ,  0.1207 , -0.3155 , -1.7260 ,  1.5342 ,  0.9793 ,
 -0.0004 ,  0.2026 , -0.6350 , -1.8374 ,  1.2024 ,  0.6576 ,
  0.0802 , -0.0007 , -0.1578 , -3.0952 ,  1.3696 ,  0.6522 ,
  0.0807 ,  0.0808 , -0.1580 , -1.6684 ,  3.2207 ,  0.3270 ,
 -0.0813 , -0.0002 , -0.3181 , -0.7644 ,  2.3615 ,  0.9793 ,
 -0.0415 ,  0.0397 , -0.6350 , -0.0415 ,  3.6600 ,  0.3324 ,
  0.0803 ,  0.0805 , -0.3166 ,  0.6610 ,  0.7310 ,  0.3288 ,
  0.0004 ,  0.0815 , -0.0002 ,  0.6519 ,  1.8511 ,  0.6505 ,
 -0.0010 , -0.0009 , -0.4759 , -1.5351 ,  1.8645 ,  0.6558 ,
 -0.0008 ,  0.0398 , -0.4760 , -0.0468 ,  1.8568 ,  0.3306 ,
 -0.0409 ,  0.0808 , -0.4765 , -1.6576 ,  1.7860 ,  0.3306 ,
  0.0394 , -0.0416 , -0.3168 , -0.7040 ,  0.6915 ,  0.0036 ,
  0.0410 ,  0.0004 ,  0.3177 , -0.7851 ,  1.3089 ,  0.6469 ,
 -0.0397 ,  0.1225 , -0.0006 , -0.1840 ,  1.7804 ,  0.9757 ,
  0.0387 , -0.0422 , -0.6341 ,  0.0807 ,  3.1790 ,  0.3323 ,
 -0.0806 ,  0.0004 , -0.0008 , -1.5490 ,  1.1186 ,  0.3252 ,
 -0.0004 ,  0.1214 , -0.4761 , -0.9446 ,  1.2188 ,  0.3306 ,
  0.0808 ,  0.0404 ,  0.0007 ,  0.7127 ,  1.9849 ,  0.3252 ,
  0.0403 ,  0.1219 ,  0.1571 , -0.9610 ,  1.8984 ,  0.9821 ,
  0.0807 ,  0.0808 , -0.1580 ,  1.4309 ,  1.9763 ,  0.3270 ,
  0.0403 , -0.0002 ,  0.0004 ,  0.7745 ,  0.0629 ,  1.3009 ,
 -0.0812 , -0.0407 , -0.1594 , -2.2578 ,  0.5035 ,  1.3027 ,
  0.0394 , -0.0416 , -0.3168 , -2.2539 ,  1.9361 ,  1.9549 ,
 -0.0005 ,  0.0401 , -0.3174 , -2.3765 ,  2.4797 ,  0.6541 ,
  0.1211 ,  0.0402 ,  0.0011 , -0.8374 ,  0.8032 , -0.3253 ,
  0.0809 ,  0.1216 , -0.1581 , -0.9551 ,  0.7239 ,  0.0018 ,
  0.0395 ,  0.0396 , -0.4756 , -0.0471 ,  1.2973 ,  0.6558 ,
  0.0400 ,  0.0807 , -0.3170 , -0.8884 ,  1.2904 ,  1.3045 ,
  0.1614 ,  0.0805 ,  0.1595 ,  1.4492 ,  0.8324 ,  0.3120 ,
 -0.0808 ,  0.1625 , -0.4770 , -1.0054 ,  1.0852 ,  1.6314 ,
  0.0809 ,  0.1216 , -0.1581 , -1.7299 ,  1.3462 ,  1.3027 ,
  0.0404 ,  0.1623 , -0.3172 ,  1.3132 ,  1.2746 ,  0.9793 ,
  0.0808 ,  0.0404 ,  0.0007 , -1.6119 ,  0.7403 ,  0.3252 ,
  0.0796 ,  0.0799 , -0.6339 , -0.1040 , -0.5151 ,  0.6576 ,
  0.0003 ,  0.0003 ,  0.1586 , -0.0049 ,  0.6230 ,  0.9739 ,
  0.0403 , -0.0002 ,  0.0004 , -0.7752 ,  1.3074 ,  1.3009 ,
 -0.0008 ,  0.0398 , -0.4760 ,  0.7280 ,  3.1012 ,  1.3063 ,
  0.0404 ,  0.0810 , -0.1584 ,  0.6565 ,  0.6688 , -0.3235 ,
  0.0409 ,  0.0408 ,  0.1592 , -0.0673 , -0.5662 ,  0.9986 ,
  0.0398 ,  0.0400 , -0.3170 , -0.8269 ,  1.9204 ,  0.0036 ,
 -0.0818 , -0.0413 , -0.4766 , -1.4729 ,  0.5020 ,  0.6558 ,
 -0.1618 ,  0.0814 , -0.4777 , -0.1069 ,  2.2194 ,  0.9811 ,
 -0.0417 , -0.0010 , -0.6350 ,  0.7947 ,  1.8009 ,  0.6576 ,
  0.1216 ,  0.2029 , -0.1578 , -1.0783 ,  0.1490 ,  0.9775 ,
  0.0798 ,  0.0395 , -0.4752 , -0.8224 ,  1.9826 ,  0.6558 ,
 -0.0819 ,  0.0804 , -0.7942 , -1.6476 , -0.1452 ,  0.0089 ,
  0.0395 ,  0.0396 , -0.4756 , -0.8220 ,  0.0529 ,  0.9811 ,
 -0.0413 , -0.0007 , -0.4763 ,  0.7898 ,  2.4238 ,  0.3306 ,
 -0.0003 ,  0.0809 , -0.3174 , -0.8881 ,  1.2274 ,  0.3288 ,
  0.0805 ,  0.0401 , -0.1579 ,  1.4924 ,  0.7395 ,  0.0018 ,
 -0.0404 ,  0.0406 , -0.1591 , -0.8311 ,  0.5508 ,  0.0018 ,
 -0.0408 ,  0.0403 , -0.3178 , -0.0513 ,  1.7946 ,  1.3045 ,
  0.0806 , -0.0004 ,  0.0008 , -1.5505 ,  3.8596 ,  1.3009 ,
 -0.0810 ,  0.1218 , -0.4770 , -0.9439 ,  1.0929 ,  0.6558 ,
 -0.0001 ,  0.0405 , -0.1587 ,  0.7182 ,  1.2359 ,  0.9775 ,
  0.0011 ,  0.0821 ,  0.3171 , -0.9076 ,  1.8527 ,  1.6226 ,
  0.0008 ,  0.1631 , -0.0003 , -0.2458 ,  1.8356 ,  0.6505 ,
 -0.0010 , -0.0009 , -0.4759 ,  0.7894 ,  1.2422 , -0.3199 ,
 -0.0008 ,  0.0398 , -0.4760 , -0.8217 ,  1.8568 ,  0.9811 ,
 -0.0805 ,  0.0816 , -0.1596 ,  0.6575 ,  1.7246 ,  0.9775 ,
  0.0004 ,  0.0815 , -0.0002 , -0.8978 ,  2.4733 ,  0.9757 ,
  0.0798 ,  0.0395 , -0.4752 , -0.8224 ,  1.3603 ,  0.6558 ,
  0.0796 ,  0.0799 , -0.6339 , -0.8789 ,  1.9741 ,  0.0071 ,
  0.1203 , -0.0417 , -0.1573 , -1.4845 ,  2.6848 ,  0.3270 ,
  0.0801 ,  0.0398 , -0.3165 , -1.6022 ,  2.6054 ,  1.6297 ,
 -0.0406 , -0.0001 , -0.1590 ,  1.5548 ,  1.8031 ,  0.6522 ,
  0.1208 ,  0.1211 , -0.3163 ,  1.3739 ,  2.6528 ,  0.6540 ,
  0.0403 , -0.0002 ,  0.0004 ,  0.7745 ,  0.6852 ,  0.6504 ,
  0.1205 ,  0.1208 , -0.4749 ,  0.6040 ,  1.4075 ,  0.3306 ,
  0.0399 ,  0.1212 , -0.4757 , -0.1701 ,  1.2817 ,  0.0053 ,
 -0.0001 ,  0.0405 , -0.1587 , -0.0566 ,  1.2359 ,  0.9775 ,
  0.0401 , -0.0410 ,  0.0005 , -1.4887 ,  0.6930 ,  1.3009 ,
 -0.0409 , -0.0409 , -0.1590 ,  0.0667 ,  3.6777 ,  0.3270 ,
  0.0813 ,  0.0002 ,  0.3181 , -0.0105 ,  2.6165 ,  0.3217 ,
 -0.0001 ,  0.0405 , -0.1587 , -0.8314 ,  0.6137 , -0.6487 ,
  0.0810 ,  0.0811 ,  0.0007 ,  1.4260 ,  1.3548 ,  0.6504 ,
 -0.0005 ,  0.0401 , -0.3174 , -0.0517 ,  1.2353 ,  0.6541 ,
  0.1613 ,  0.0805 , -0.1572 , -0.8943 ,  0.8576 ,  0.6522 ,
 -0.0001 ,  0.0405 , -0.1587 , -1.6064 ,  1.2359 ,  0.3270 ,
 -0.0397 ,  0.1225 , -0.0006 , -0.9589 ,  0.5359 ,  0.9757 ,
  0.0404 ,  0.0810 , -0.1584 ,  1.4313 ,  0.6688 ,  0.3270 ,
  0.0795 , -0.0013 , -0.4751 , -1.5358 ,  1.3680 ,  0.3306 ,
 -0.0411 ,  0.0400 , -0.4764 , -0.8214 ,  1.7939 ,  1.9568 ,
  0.0795 , -0.0825 , -0.3163 ,  0.1320 ,  0.1400 ,  0.3288 ,
  0.0797 , -0.0418 , -0.3164 , -2.2541 ,  0.7544 ,  0.3288 ,
  0.0811 ,  0.1624 , -0.1581 , -0.2416 ,  1.3383 ,  0.9775 ,
  0.0404 ,  0.0810 , -0.1584 , -0.1184 ,  0.0465 ,  1.3027 ,
  0.0402 ,  0.0403 , -0.1583 , -0.0569 ,  2.5433 ,  0.9775 ,
  0.0801 ,  0.0398 , -0.3165 , -0.0524 ,  0.7388 ,  0.6540 ,
  0.0795 , -0.0013 , -0.4751 ,  0.0140 ,  1.3680 ,  0.6558 ,
 -0.0406 , -0.0001 , -0.1590 , -0.7697 ,  1.1808 ,  0.9775 ,
 -0.0396 ,  0.0819 ,  0.3153 , -1.6918 ,  0.5374 ,  0.6287 ,
  0.2019 ,  0.0806 ,  0.0019 , -0.8995 ,  1.5435 ,  0.3252 ,
 -0.0410 , -0.0004 , -0.3177 ,  0.7850 ,  1.1801 ,  0.6541 ,
 -0.0418 ,  0.0394 , -0.7937 , -0.0367 ,  1.7923 ,  1.3099 ,
 -0.0001 ,  0.0405 , -0.1587 ,  0.7182 ,  1.2359 ,  0.3270 ,
 -0.0005 ,  0.0401 , -0.3174 , -0.0517 ,  2.4797 ,  0.9793 ,
  0.1205 , -0.0009 , -0.1574 ,  0.0039 ,  2.0547 ,  0.3270 ,
  0.0808 ,  0.0404 ,  0.0007 , -0.8370 ,  1.3625 ,  0.9757 ,
  0.0004 ,  0.0815 , -0.0002 ,  1.4267 ,  1.8511 ,  0.9757 ,
 -0.0411 , -0.0817 , -0.1589 ,  1.6777 , -0.0480 ,  1.3027 ,
  0.1200 ,  0.0393 , -0.4748 ,  0.7270 ,  2.0455 ,  0.9811 ,
  0.1210 ,  0.0806 , -0.1576 , -0.8939 , -0.4499 ,  0.3270 ,
  0.0794 ,  0.0391 , -0.6338 ,  0.7322 ,  0.1150 ,  0.3323 ,
 -0.0403 ,  0.0817 ,  0.1559 , -2.4673 ,  1.1544 ,  1.3143 ,
 -0.0010 ,  0.0803 , -0.6347 , -0.1034 ,  1.2259 ,  0.6576 ,
 -0.0003 ,  0.0809 , -0.3174 ,  0.6617 ,  1.8497 ,  0.0036 ,
  0.0390 , -0.0419 , -0.4754 ,  0.0758 ,  2.5576 ,  1.3063 ,
  0.1203 , -0.0417 , -0.1573 , -1.4845 ,  2.0625 ,  0.3270 ,
  0.0812 ,  0.0407 ,  0.1590 , -0.8477 ,  0.1223 ,  0.6274 ,
 -0.0809 ,  0.0813 , -0.3182 , -0.1124 ,  1.7239 ,  0.9793 ,
 -0.0819 ,  0.0804 , -0.7942 , -0.0978 ,  2.9659 ,  0.0089 ,
  0.0003 ,  0.0003 ,  0.1586 , -0.7798 ,  2.4898 ,  0.3234 ,
  0.2016 ,  0.0803 , -0.1568 , -0.8946 ,  2.7872 ,  1.3027 ,
  0.0400 ,  0.0807 , -0.3170 , -0.1135 ,  0.0458 , -0.3217 ,
 -0.0805 ,  0.0816 , -0.1596 , -1.6671 ,  2.9690 ,  0.6523 ,
 -0.0808 , -0.0404 , -0.0007 , -0.7128 ,  1.7488 ,  0.6505 ,
 -0.0418 ,  0.0394 , -0.7937 , -0.8116 ,  1.1700 ,  0.6594 ,
 -0.0006 ,  0.0806 , -0.4761 , -0.1082 ,  1.2266 ,  0.0053 ,
 -0.0802 ,  0.0819 , -0.0010 , -0.1222 ,  1.7254 ,  0.9757 ,
 -0.0008 ,  0.0398 , -0.4760 , -3.1464 ,  0.6122 ,  0.9811 ,
  0.0401 , -0.0410 ,  0.0005 , -0.7138 ,  1.3152 ,  0.6504 ,
  0.0398 ,  0.0400 , -0.3170 ,  1.4976 ,  1.2981 ,  0.6540 ,
  0.0808 ,  0.0404 ,  0.0007 , -0.0622 ,  1.3625 , -0.0000 ,
  0.0395 ,  0.0396 , -0.4756 , -0.8220 ,  1.9197 ,  0.3306 ,
 -0.0803 ,  0.1224 , -0.1597 , -0.1788 ,  2.3390 ,  1.3027 ,
 -0.0408 ,  0.0403 , -0.3178 , -0.8262 ,  1.1724 ,  0.6541 ,
  0.1212 ,  0.1214 , -0.1577 , -0.9554 ,  0.1646 ,  0.3270 ,
 -0.0807 ,  0.0408 , -0.1595 , -0.8308 ,  1.1101 ,  1.6280 ,
 -0.0409 ,  0.0808 , -0.4765 , -1.6576 ,  2.4082 ,  0.6558 ,
 -0.1228 , -0.0417 , -0.7943 ,  0.0869 ,  1.6822 ,  0.6594 ,
 -0.0003 ,  0.0809 , -0.3174 , -0.8881 ,  0.6051 ,  0.9793 ,
 -0.0409 , -0.0409 , -0.1590 , -2.2581 ,  1.1887 ,  1.9532 ,
  0.0800 , -0.0415 , -0.1578 , -1.4841 ,  0.1329 ,  0.9775 ,
 -0.0001 ,  0.0405 , -0.1587 ,  0.7182 ,  2.4805 ,  0.3270 ,
  0.1613 ,  0.1617 , -0.3160 , -1.0123 ,  2.0857 ,  1.6297 ,
  0.0810 ,  0.0811 ,  0.0007 , -0.1236 ,  3.2214 ,  0.3252 ,
  0.0402 ,  0.0403 , -0.1583 , -0.0569 ,  1.9211 ,  0.3270 ,
  0.0400 ,  0.0807 , -0.3170 ,  0.6613 ,  1.2904 ,  0.3288 ,
  0.0396 , -0.0008 , -0.3169 , -0.7655 ,  1.3059 ,  0.0036 ,
  0.1213 ,  0.0811 ,  0.1584 , -0.8971 ,  1.4179 ,  0.3338 ,
  0.0001 ,  0.0812 , -0.1588 , -0.1180 , -0.0164 ,  0.6522 ,
 -0.0406 , -0.0001 , -0.1590 ,  0.0052 ,  1.1808 ,  0.3270 ,
 -0.0006 ,  0.0806 , -0.4761 , -0.1082 ,  1.8489 ,  0.6558 ,
 -0.0008 ,  0.0398 , -0.4760 ,  1.5029 ,  0.6122 ,  0.3306 ,
 -0.0404 ,  0.0406 , -0.1591 ,  0.7186 ,  2.4176 ,  0.6522 ,
  0.0000 ,  0.0000 ,  0.0000 ,  0.0000 ,  0.6223 ,  0.6505 ,
  0.0391 ,  0.0393 , -0.6342 , -0.0422 ,  0.0521 ,  0.6576 ,
  0.0801 ,  0.0398 , -0.3165 , -0.8273 ,  1.9834 ,  0.6540 ,
 -0.0002 , -0.0408 ,  0.0001 , -0.7134 ,  1.8746 ,  0.6504 ,
 -0.0814 ,  0.0402 , -0.4768 , -0.8210 ,  1.7309 ,  0.6558 ,
 -0.0009 , -0.0414 , -0.3172 , -2.2535 ,  1.2508 ,  0.6541 ,
 -0.0406 ,  0.0811 , -0.3178 , -1.6626 ,  1.1645 ,  0.6541 ,
 -0.1207 ,  0.0413 , -0.0013 ,  0.7144 ,  1.6701 ,  0.6505 ,
 -0.0007 , -0.0006 , -0.3173 ,  0.0098 ,  1.2430 ,  1.3045 ,
  0.0395 ,  0.0396 , -0.4756 , -1.5969 ,  1.9197 ,  0.0053 ,
  0.1211 ,  0.0402 ,  0.0011 , -0.0625 ,  1.4255 ,  0.9757 ,
  0.0801 ,  0.0398 , -0.3165 , -0.0524 ,  3.8502 ,  0.9793 ,
  0.1213 ,  0.0810 ,  0.0011 , -0.1240 ,  2.0400 ,  0.6504 ,
  0.0403 , -0.0002 ,  0.0004 ,  0.7745 ,  2.5519 ,  0.3252 ,
 -0.0413 ,  0.0805 , -0.6351 ,  1.4466 , -0.0815 ,  1.3081 ,
 -0.0407 ,  0.1216 , -0.4765 , -1.7191 ,  0.5336 ,  0.6558 ,
 -0.0405 ,  0.1629 ,  0.1554 , -4.1514 ,  2.3712 ,  0.9916 ,
  0.1614 ,  0.0400 ,  0.0015 , -0.0628 ,  2.7330 ,  0.6504 ,
  0.0397 , -0.0413 , -0.1582 , -1.4837 ,  0.0700 ,  0.3270 ,
  0.0406 , -0.0402 ,  0.1595 ,  0.8321 ,  1.3100 ,  0.6358 ,
 -0.0406 ,  0.0811 , -0.3178 , -3.2122 , -0.0800 ,  0.9793 ,
 -0.0015 ,  0.0392 , -0.7933 , -0.8119 ,  1.8553 ,  0.3341 ,
  0.0795 , -0.0825 , -0.3163 , -1.4178 ,  2.6289 ,  0.6540 ,
 -0.0807 ,  0.1221 , -0.3183 ,  0.6009 ,  1.7161 ,  0.3288 ,
 -0.0406 , -0.0001 , -0.1590 , -0.7697 ,  1.1808 ,  0.3270 ,
  0.0394 , -0.0416 , -0.3168 , -0.7040 ,  2.5581 ,  0.6540 ,
  0.0805 ,  0.0401 , -0.1579 ,  1.4924 ,  1.3617 ,  0.0018 ,
  0.0384 ,  0.0387 , -0.9515 , -0.8073 ,  0.6729 ,  1.6368 ,
 -0.0003 ,  0.0809 , -0.3174 , -1.6630 ,  1.2274 ,  1.3045 ,
  0.0003 , -0.0809 ,  0.3174 , -0.6618 ,  2.5060 ,  0.6469 ,
  0.0803 ,  0.0805 , -0.3166 , -0.8887 ,  1.9755 ,  0.6540 ,
  0.0799 , -0.0010 , -0.3165 ,  0.7839 ,  0.1243 ,  0.0036 ,
 -0.0409 ,  0.0808 , -0.4765 ,  1.4417 ,  0.5415 ,  0.3306 ,
  0.0788 , -0.0019 , -0.7924 , -0.7511 ,  1.9888 ,  1.3098 ,
  0.0805 ,  0.0401 , -0.1579 ,  0.7176 ,  1.9841 ,  1.3027 ,
  0.0399 , -0.0817 ,  0.0006 , -1.4272 ,  0.7008 ,  0.9757 ,
 -0.0409 , -0.0409 , -0.1590 , -0.7082 ,  0.5664 ,  0.3270 ,
 -0.0396 ,  0.2037 , -0.1594 , -1.0770 ,  1.1418 ,  0.6523 ,
  0.0818 ,  0.1223 ,  0.1594 , -0.9675 , -0.5043 ,  0.3358 ,
  0.0401 ,  0.1619 , -0.4758 , -1.0064 ,  1.8962 ,  0.3306 ,
 -0.0413 , -0.0007 , -0.4763 ,  0.7898 ,  1.8016 ,  0.0053 ,
 -0.0005 ,  0.0401 , -0.3174 , -1.6015 ,  1.2353 ,  1.6297 ,
 -0.0408 ,  0.0403 , -0.3178 , -0.8262 ,  2.4167 ,  1.3045 ,
  0.0407 ,  0.0813 ,  0.0003 ,  0.6516 ,  1.2918 ,  0.6504 ,
 -0.0004 ,  0.1214 , -0.4761 , -0.9446 ,  1.8411 ,  0.3306 ,
  0.0392 , -0.0011 , -0.4755 ,  0.0143 ,  1.9274 ,  0.6558 ,
  0.0396 , -0.0008 , -0.3169 , -0.7654 ,  1.9283 ,  0.9793 ,
 -0.0003 ,  0.0809 , -0.3174 , -0.1131 ,  0.6051 ,  0.6541 ,
  0.0012 ,  0.1634 ,  0.1583 , -1.0257 ,  1.8364 , -0.0018 ,
  0.0400 ,  0.0807 , -0.3170 ,  1.4361 ,  2.5349 ,  0.6540 ,
  0.0399 ,  0.1212 , -0.4757 , -1.7198 ,  1.9040 ,  0.6558 ,
 -0.0006 , -0.0411 , -0.1586 , -0.7085 ,  0.6293 ,  0.9775 ,
  0.1208 ,  0.0399 , -0.1575 , -2.3824 ,  2.0470 ,  0.6522 ,
  0.0398 ,  0.0400 , -0.3170 , -1.6018 ,  2.5426 ,  0.9793 ,
  0.0403 ,  0.0410 ,  0.1584 , -0.0643 ,  2.5505 ,  0.9697 ,
 -0.0416 ,  0.0802 , -0.7938 ,  0.6767 ,  1.1622 ,  0.6594 ,
  0.1200 ,  0.0393 , -0.4748 ,  0.7270 ,  2.6677 ,  1.6314 ,
  0.0406 ,  0.0001 ,  0.1590 , -0.7802 ,  1.3082 ,  1.2992 ,
  0.0397 , -0.0413 , -0.1582 , -1.4837 ,  1.9368 ,  0.0018 ,
  0.0389 , -0.0014 , -0.6342 ,  1.5688 ,  1.3045 ,  0.0071 ,
 -0.0006 , -0.0411 , -0.1586 , -2.2583 ,  2.4959 ,  0.9775 ,
  0.0003 ,  0.1220 , -0.1589 , -0.1795 , -0.6465 ,  0.6522 ,
 -0.1220 , -0.0816 , -0.3183 ,  1.6834 ,  2.3144 ,  0.3288 ,
 -0.0002 , -0.0408 ,  0.0001 ,  0.8362 ,  1.2524 ,  0.6504 ,
  0.0798 ,  0.0395 , -0.4752 ,  0.7273 ,  1.9826 ,  0.0053 ,
 -0.0013 , -0.0417 , -0.4758 ,  0.0761 ,  0.0056 , -0.3199 ,
 -0.0005 ,  0.0401 , -0.3174 , -0.8266 ,  1.2353 ,  0.0036 ,
 -0.0413 ,  0.0805 , -0.6351 ,  0.6718 ,  1.1629 ,  0.0071 ,
 -0.0806 ,  0.0004 , -0.0008 ,  0.0007 ,  1.1186 ,  0.9757 ,
  0.0810 ,  0.0811 ,  0.0007 , -0.1236 ,  0.7325 ,  0.6504 ,
  0.1612 , -0.0008 ,  0.0016 ,  0.7734 ,  2.7407 ,  0.9757 ,
 -0.0415 ,  0.0397 , -0.6350 , -0.8165 ,  2.4153 , -0.3181 ,
 -0.0818 ,  0.0399 , -0.6354 , -0.0412 ,  1.1079 ,  0.9828 ,
  0.0805 ,  0.0401 , -0.1579 , -0.0573 ,  1.3617 ,  0.9775 ,
  0.0808 ,  0.0404 ,  0.0007 , -0.0622 ,  1.3625 ,  1.3009 ,
 -0.0406 ,  0.1220 ,  0.1561 , -0.9617 ,  1.1489 ,  0.3350 ,
  0.0401 , -0.0410 ,  0.0005 , -3.0385 ,  2.5598 , -0.0000 ,
  0.0400 ,  0.0807 , -0.3170 , -1.6632 ,  1.9127 ,  0.9793 ,
  0.0802 ,  0.1210 , -0.4753 , -1.7202 ,  1.3446 ,  0.9811 ,
  0.0798 ,  0.0395 , -0.4752 , -0.8224 ,  0.7380 ,  0.0053 ,
  0.0399 , -0.0005 , -0.1582 ,  1.5542 ,  1.3067 ,  0.0018 ,
 -0.0406 , -0.0001 , -0.1590 ,  0.7801 ,  1.1808 ,  0.3270 ,
  0.0397 , -0.0413 , -0.1582 ,  0.0660 ,  1.3145 ,  0.3270 ,
  0.0810 ,  0.0811 ,  0.0007 , -0.8985 ,  1.3548 ,  0.6504 ,
 -0.0813 , -0.0002 , -0.3181 , -1.5393 , -0.1273 ,  0.6541 ,
  0.0404 ,  0.0810 , -0.1584 , -0.8932 ,  1.9133 ,  0.3270 ,
 -0.0399 ,  0.0005 ,  0.1582 , -1.5544 ,  1.1824 ,  0.6487 ,
  0.0805 ,  0.0401 , -0.1579 , -0.0573 ,  1.3617 , -0.3235 ,
 -0.1622 , -0.0002 , -0.4776 ,  0.0161 , -1.4986 ,  0.6558 ,
  0.0807 ,  0.1621 , -0.3168 , -0.2368 ,  1.9599 ,  0.9793 ,
  0.0800 , -0.0415 , -0.1578 ,  0.0657 ,  0.7551 ,  0.6522 ,
  0.0807 ,  0.0808 , -0.1580 ,  0.6561 , -0.5129 , -0.9740 ,
  0.0808 ,  0.0404 ,  0.0007 , -0.0622 ,  1.9849 ,  1.3009 ,
 -0.0409 ,  0.0808 , -0.4765 , -0.8828 ,  1.7860 ,  1.6314 ,
 -0.0412 , -0.0412 , -0.3176 ,  0.0716 ,  0.5656 ,  0.0036 ,
  0.0798 ,  0.0395 , -0.4752 , -0.0475 ,  0.7380 ,  0.3306 ,
  0.1608 ,  0.1206 , -0.4745 , -1.7209 ,  2.0928 ,  0.6558 ,
  0.0398 ,  0.0400 , -0.3170 , -0.8269 ,  0.6759 ,  1.3045 ,
 -0.0401 ,  0.0410 , -0.0005 , -0.0611 ,  2.4182 ,  0.6505 ,
  0.0399 , -0.0005 , -0.1582 ,  0.7794 ,  2.5511 ,  0.0018 ,
  0.0401 , -0.0410 ,  0.0005 , -2.2637 ,  0.6930 , -0.0000 ,
  0.0804 ,  0.1219 ,  0.1586 ,  0.5791 ,  1.3371 ,  0.6379 ,
  0.1212 ,  0.1214 , -0.1577 , -1.7303 ,  0.7868 ,  0.9775 ,
 -0.0812 ,  0.1622 , -0.6357 , -2.5505 ,  0.4622 ,  0.6576 ,
  0.0810 ,  0.0811 ,  0.0007 , -0.1236 ,  1.3548 ,  0.3252 ,
  0.0402 ,  0.1215 , -0.3171 , -0.9498 ,  2.5271 ,  1.3045 ,
  0.0400 ,  0.0807 , -0.3170 , -0.1135 ,  1.9127 ,  0.3288 ,
  0.0814 ,  0.1627 ,  0.0005 , -1.7963 ,  1.3391 ,  0.6504 ,
  0.0411 ,  0.1629 ,  0.0001 , -1.7959 ,  3.1431 ,  0.3252 ,
  0.2009 ,  0.1609 , -0.6329 ,  0.5468 ,  1.5249 ,  0.3323 ,
 -0.0413 , -0.0007 , -0.4763 , -2.3097 ,  0.5571 ,  0.9811 ,
  0.0793 ,  0.0796 , -0.7925 , -0.0992 ,  1.3510 ,  0.3341 ,
  0.0407 ,  0.0813 ,  0.0003 , -0.8982 ,  1.9141 ,  0.6504 ,
  0.0404 ,  0.0810 , -0.1584 , -0.8932 ,  0.6688 ,  0.3270 ,
  0.0410 ,  0.0004 ,  0.3177 , -1.5599 ,  1.9312 ,  0.3217 ,
  0.0404 ,  0.0810 , -0.1584 , -0.1184 ,  0.0465 ,  0.6522 ,
  0.1206 ,  0.0803 , -0.3162 , -0.8890 ,  1.4162 ,  1.3045 ,
 -0.0812 ,  0.0810 , -0.4769 ,  0.6673 ,  2.3453 ,  0.3306 ,
 -0.0404 ,  0.1219 , -0.3179 ,  0.6005 ,  0.5344 ,  0.0036 ,
 -0.0406 , -0.0001 , -0.1590 ,  0.7801 ,  1.8031 ,  1.3027 ,
  0.0393 ,  0.0801 , -0.6343 , -0.8786 ,  1.9111 ,  0.6576 ,
  0.1201 , -0.0824 , -0.1573 ,  0.9016 ,  1.4481 ,  0.3270 ,
  0.0397 ,  0.0804 , -0.4757 , -1.6584 , -0.5773 ,  2.2820 ,
 -0.0827 , -0.0015 , -0.9526 , -0.7449 ,  2.3587 ,  0.0107 ,
 -0.0408 ,  0.0403 , -0.3178 , -0.8262 , -1.3168 ,  0.3288 ,
 -0.0013 ,  0.0800 , -0.7933 , -2.4231 ,  1.8474 ,  0.0089 ,
  0.0398 ,  0.0400 , -0.3170 , -0.0520 ,  0.6759 ,  0.3288 ,
  0.0000 ,  0.0000 ,  0.0000 ,  0.0000 ,  1.2446 ,  0.3252 ,
 -0.0802 ,  0.0819 , -0.0010 ,  0.6526 ,  0.4808 ,  0.3253 ,
  0.0397 , -0.0413 , -0.1582 ,  0.0660 ,  0.0700 ,  0.6522 ,
  0.1216 ,  0.2029 , -0.1578 , -0.3034 ,  1.3935 ,  0.6522 ,
  0.0803 ,  0.0805 , -0.3166 , -3.9882 ,  2.5977 ,  0.0036 ,
  0.0404 ,  0.0810 , -0.1584 , -1.6682 ,  1.9133 ,  1.6278 ,
  0.1202 , -0.0012 , -0.3161 , -1.5410 ,  1.4318 ,  0.3288 ,
  0.0404 ,  0.1623 , -0.3172 , -1.0113 ,  1.2746 ,  0.9793 ,
  0.2032 ,  0.1218 ,  0.3164 , -2.5326 ,  2.1579 ,  0.3609 ,
  0.1192 , -0.1238 , -0.4745 ,  0.1980 ,  2.0766 ,  0.0053 ,
 -0.0396 ,  0.2037 , -0.1594 , -0.3021 , -0.7251 ,  1.3027 ,
  0.1197 ,  0.0390 , -0.6334 , -1.5927 ,  3.2893 ,  1.3080 ,
  0.0792 , -0.0016 , -0.6337 ,  0.7937 ,  1.3673 ,  0.0071 ,
  0.0404 ,  0.0810 , -0.1584 , -0.1184 ,  1.9133 ,  1.6278 ,
  0.0395 ,  0.0396 , -0.4756 , -2.3719 ,  1.9197 ,  1.9568 ,
 -0.2025 ,  0.0000 , -0.4779 , -3.0832 ,  0.3054 , -0.3199 ,
 -0.0411 ,  0.0400 , -0.4764 , -0.8214 ,  2.4161 ,  1.6314 ,
  0.1207 ,  0.0810 ,  0.1593 ,  0.6418 ,  2.0308 , -0.0065 ,
 -0.0008 , -0.0818 , -0.1585 ,  0.9026 ,  1.2594 ,  0.0018 ,
  0.0791 ,  0.0388 , -0.7925 ,  0.7371 ,  1.9811 ,  0.9846 ,
 -0.1209 ,  0.0006 , -0.0012 ,  0.7758 ,  1.0558 ,  0.9757 ,
 -0.0014 , -0.0012 , -0.6346 ,  0.0196 ,  1.8638 , -0.3181 ,
 -0.0006 , -0.0411 , -0.1586 , -1.4835 ,  0.6293 ,  0.3270 ,
 -0.0815 , -0.0410 , -0.3180 , -0.7029 ,  2.3695 ,  1.3045 ,
  0.0386 , -0.1234 , -0.4753 , -0.5762 ,  1.9509 , -0.6451 ,
  0.1210 ,  0.0806 , -0.1576 , -1.6688 ,  0.7946 ,  0.0018 ,
  0.0809 ,  0.1216 , -0.1581 , -0.1802 ,  1.9685 ,  0.0018 ,
 -0.0003 ,  0.0809 , -0.3174 , -0.8881 ,  1.2274 ,  0.0036 ,
 -0.0406 ,  0.0811 , -0.3178 , -0.8877 ,  1.1645 ,  0.9793 ,
 -0.0398 ,  0.1629 , -0.1593 , -1.0155 , -0.0949 ,  0.9775 ,
  0.0389 , -0.0014 , -0.6342 ,  0.7940 ,  1.3045 , -0.3181 ,
 -0.1615 ,  0.0005 , -0.1603 ,  0.0063 ,  1.6143 ,  1.3027 ,
  0.0795 , -0.0013 , -0.4751 ,  0.7888 ,  1.9904 ,  0.3306 ,
  0.0397 , -0.0413 , -0.1582 ,  0.0660 ,  0.0700 ,  0.3270 ,
  0.1211 ,  0.1209 ,  0.1592 ,  2.1786 ,  1.3746 ,  1.5931 ,
  0.0805 ,  0.0401 , -0.1579 , -0.8322 ,  1.3617 ,  0.6522 ,
 -0.0007 , -0.0006 , -0.3173 , -0.7651 ,  0.6208 ,  1.3045 ,
  0.1200 ,  0.0393 , -0.4748 , -0.8227 ,  1.4232 ,  1.3063 ,
 -0.0397 ,  0.1225 , -0.0006 , -0.1840 ,  3.0248 ,  1.3010 ,
  0.0403 , -0.0002 ,  0.0004 , -0.0003 ,  0.6852 , -0.0000 ,
  0.1200 ,  0.0393 , -0.4748 , -0.0478 ,  2.0455 ,  0.3306 ,
  0.1212 , -0.0003 ,  0.1599 , -0.0059 ,  0.8118 ,  0.9739 ,
  0.1609 ,  0.0801 , -0.3158 , -0.1145 ,  2.1013 , -0.3217 ,
  0.1204 ,  0.0396 , -0.3161 , -0.8276 ,  0.8017 ,  0.3288 ,
  0.0808 ,  0.0812 ,  0.1579 , -0.8975 ,  1.3534 ,  0.3338 ,
 -0.0409 , -0.0409 , -0.1590 , -1.4831 ,  0.5664 ,  1.3027 ,
  0.0000 ,  0.0000 ,  0.0000 ,  0.0000 ,  1.8670 ,  0.3252 ,
  0.0396 , -0.0008 , -0.3169 , -1.5403 ,  1.9283 ,  0.9793 ,
 -0.0404 ,  0.1219 , -0.3179 , -0.1742 ,  1.1567 ,  0.3288 ,
  0.0395 ,  0.1209 , -0.6344 , -2.4899 ,  1.2810 ,  0.6576 ,
  0.1203 ,  0.0800 , -0.4749 ,  0.6655 ,  2.6598 ,  0.9811 ,
 -0.0009 , -0.0414 , -0.3172 , -0.7037 ,  1.8732 ,  0.3288 ,
 -0.1221 , -0.0411 , -0.4771 ,  1.6268 ,  1.0613 ,  1.3063 ,
  0.0802 , -0.0819 ,  0.0010 , -0.6527 ,  2.0083 ,  0.3252 ,
  0.0402 ,  0.1215 , -0.3171 ,  0.5999 ,  1.9048 ,  0.6541 ,
  0.0798 ,  0.1207 , -0.6340 , -0.9404 ,  1.9662 ,  0.6576 ,
  0.0400 ,  0.1628 ,  0.1580 ,  0.5169 ,  1.8903 ,  0.9598 ,
 -0.0813 , -0.0002 , -0.3181 , -0.7644 ,  0.4950 ,  0.0036 ,
  0.0397 ,  0.0804 , -0.4757 , -2.4335 ,  2.5341 ,  0.6558 ,
 -0.0404 ,  0.0406 , -0.1591 , -0.0562 ,  1.1730 ,  0.9775 ,
  0.0403 ,  0.0410 ,  0.1584 , -0.0643 ,  2.5505 ,  0.6463 ,
  0.0009 ,  0.0414 ,  0.3172 , -1.6211 , -0.0063 ,  0.6469 ,
 -0.1611 ,  0.0820 , -0.1604 , -0.8915 ,  0.9765 ,  0.6523 ,
 -0.2026 , -0.0812 , -0.3192 , -2.1904 , -0.9228 ,  0.6541 ,
  0.0809 , -0.0809 ,  0.1597 ,  0.1191 ,  2.0181 , -0.0015 ,
  0.0405 ,  0.0406 ,  0.0003 ,  1.4878 , -0.5672 ,  0.3252 ,
  0.0799 , -0.0010 , -0.3165 ,  0.0091 ,  0.7466 ,  0.3288 ,
 -0.0003 ,  0.0809 , -0.3174 ,  0.6617 ,  1.8497 ,  0.6541 ,
  0.0388 ,  0.0390 , -0.7928 , -0.0374 ,  2.5403 ,  1.3098 ,
  0.0398 ,  0.0400 , -0.3170 ,  0.7228 ,  1.2981 ,  0.6540 ,
  0.0404 ,  0.1623 , -0.3172 , -2.5611 ,  3.1413 ,  0.9793 ,
 -0.1212 ,  0.0815 , -0.3186 , -1.6619 ,  0.4164 ,  1.3045 ,
  0.0799 , -0.0010 , -0.3165 , -0.7658 ,  0.7466 ,  0.3288 ,
  0.0407 ,  0.0813 ,  0.0003 , -0.8982 ,  1.2918 ,  1.3009 ,
 -0.0809 ,  0.0813 , -0.3182 , -1.6622 ,  1.1016 ,  0.6541 ,
  0.0804 , -0.0412 ,  0.0009 , -1.4890 ,  2.0005 ,  0.6504 ,
  0.0395 ,  0.0396 , -0.4756 , -0.8220 ,  1.9197 ,  0.9811 ,
  0.0800 , -0.0415 , -0.1578 ,  0.0657 , -0.4894 ,  1.3027 ,
  0.0400 ,  0.0807 , -0.3170 , -0.8884 ,  1.2904 ,  0.6540 ,
  0.1212 ,  0.1214 , -0.1577 , -0.9554 ,  2.0312 ,  0.6522 ,
 -0.0406 ,  0.0811 , -0.3178 ,  0.6620 ,  1.7869 ,  0.6541 ,
  0.0008 ,  0.0818 ,  0.1585 , -2.4527 ,  1.2296 ,  1.2992 ,
 -0.0406 , -0.0001 , -0.1590 , -1.5445 ,  1.1808 ,  0.9775 ,
  0.0402 ,  0.0403 , -0.1583 , -0.8318 ,  0.6766 ,  0.9775 ,
  0.0388 , -0.0826 , -0.4754 ,  1.6869 ,  1.3207 ,  0.3306 ,
  0.0407 ,  0.0813 ,  0.0003 , -1.6730 ,  3.1586 ,  0.3252 ,
  0.0800 ,  0.0802 , -0.4752 , -0.1089 ,  1.9748 ,  0.6558 ,
  0.0393 , -0.1228 , -0.1580 ,  0.1889 ,  2.5746 ,  0.3270 ,
 -0.0010 , -0.0009 , -0.4759 , -0.7602 , -0.6246 , -0.3199 ,
  0.0406 ,  0.0001 ,  0.1590 , -0.7802 ,  1.3082 ,  0.6487 ,
 -0.0403 ,  0.0817 ,  0.1559 , -1.6863 ,  1.7728 ,  0.6690 ,
  0.0805 ,  0.0401 , -0.1579 , -1.6070 ,  1.9841 ,  0.6522 ,
 -0.0001 ,  0.1217 , -0.3175 , -1.7244 ,  0.5973 ,  1.3045 ,
  0.0406 ,  0.1218 , -0.1585 , -1.7296 ,  0.6610 ,  0.9775 ,
 -0.0008 ,  0.0398 , -0.4760 , -0.0468 ,  1.2344 ,  0.3306 ,
  0.1204 ,  0.0396 , -0.3161 ,  2.2717 ,  0.8017 ,  0.6540 ,
 -0.0398 ,  0.0406 ,  0.1589 ,  1.5131 ,  1.1515 ,  0.6260 ,
  0.0404 ,  0.0810 , -0.1584 , -0.1184 ,  0.6688 ,  0.3270 ,
 -0.0822 , -0.0416 , -0.6353 ,  0.8565 ,  0.5012 ,  0.3324 ,
  0.0394 , -0.0416 , -0.3168 ,  0.8457 ,  2.5581 ,  0.0036 ,
 -0.0004 ,  0.1214 , -0.4761 ,  0.6051 ,  1.2188 ,  0.6558 ,
 -0.0008 ,  0.0398 , -0.4760 , -0.8217 , -0.6324 ,  1.3063 ,
 -0.0807 ,  0.0408 , -0.1595 ,  1.4937 ,  1.1101 ,  0.3270 ,
  0.0002 ,  0.0408 , -0.0001 , -0.0615 ,  0.6144 ,  1.3010 ,
  0.1217 ,  0.1625 ,  0.0009 , -1.0218 ,  1.4020 ,  0.9757 ,
  0.0802 , -0.0007 , -0.1578 ,  1.5539 ,  1.9919 ,  0.6522 ,
 -0.0401 ,  0.0410 , -0.0005 , -0.8360 ,  2.4182 ,  1.9514 ,
 -0.0404 ,  0.0406 , -0.1591 , -2.3810 ,  1.1730 ,  0.6522 ,
 -0.0013 , -0.0417 , -0.4758 , -0.6988 ,  1.8723 , -0.6451 ,
  0.0795 , -0.0013 , -0.4751 , -0.7609 ,  0.7459 ,  0.9811 ,
  0.1210 ,  0.1619 , -0.3164 , -1.0120 ,  2.0227 ,  0.6540 ,
 -0.0418 ,  0.0394 , -0.7937 , -0.0367 ,  1.1700 ,  0.3342 ,
  0.0411 ,  0.1629 ,  0.0001 , -1.7959 ,  0.6540 ,  1.3009 ,
  0.0801 ,  0.0398 , -0.3165 , -0.8273 ,  1.3610 ,  0.6540 ,
 -0.0807 ,  0.0408 , -0.1595 ,  0.7189 ,  1.1101 ,  0.6523 ,
  0.0400 ,  0.0807 , -0.3170 , -0.8884 ,  3.1570 ,  0.9793 ,
 -0.0008 , -0.0818 , -0.1585 , -0.6471 ,  1.8816 ,  0.9775 ,
  0.0794 ,  0.0391 , -0.6338 ,  0.7322 ,  1.3596 ,  0.0071 ,
  0.0407 ,  0.0813 ,  0.0003 , -0.8982 ,  2.5364 ,  0.3252 ,
 -0.0009 , -0.0414 , -0.3172 ,  1.6209 , -0.6160 ,  0.6541 ,
 -0.0411 , -0.0817 , -0.1589 , -0.6467 ,  1.8187 ,  0.9775 ,
 -0.1206 ,  0.1226 , -0.1601 , -2.5032 ,  1.0316 ,  0.0018 ,
 -0.0805 ,  0.0816 , -0.1596 , -0.1173 ,  1.1023 ,  0.6523 ,
  0.0407 ,  0.0813 ,  0.0003 , -0.1233 ,  1.9141 ,  0.3252 ,
 -0.0399 ,  0.0817 , -0.0006 , -2.4473 ,  1.1660 ,  0.6505 ,
  0.0404 ,  0.0810 , -0.1584 , -0.8932 ,  1.2910 ,  0.9775 ,
 -0.0015 , -0.0825 , -0.4758 , -0.6373 ,  0.6356 ,  0.6558 ,
  0.0802 , -0.0007 , -0.1578 ,  0.0042 , -0.4972 ,  0.3270 ,
 -0.0005 ,  0.0401 , -0.3174 ,  0.7231 ,  1.8576 , -0.3217 ,
 -0.0808 ,  0.1625 , -0.4770 , -1.0054 ,  0.4630 ,  0.9811 ,
 -0.0414 ,  0.1209 , -0.7938 , -0.9345 ,  1.7767 ,  1.3099 ,
 -0.0809 ,  0.0813 , -0.3182 , -0.8874 ,  1.7239 ,  0.6541 ,
 -0.0816 , -0.0005 , -0.4767 ,  0.0154 ,  2.3610 ,  1.6314 ,
  0.1208 ,  0.0399 , -0.1575 , -0.0576 ,  2.0470 ,  0.9775 ,
  0.1205 ,  0.1208 , -0.4749 ,  1.3788 ,  1.4075 ,  0.9811 ,
 -0.0003 , -0.0003 , -0.1586 , -0.7700 ,  0.6215 ,  0.9775 ,
 -0.0408 ,  0.0403 , -0.3178 , -0.8262 ,  0.5500 ,  0.9793 ,
  0.0798 ,  0.0395 , -0.4752 , -0.0475 ,  1.3603 ,  0.0053 ,
 -0.0402 ,  0.0814 , -0.1592 , -0.1177 ,  1.7875 ,  0.9775 ,
 -0.0402 ,  0.0814 , -0.1592 , -0.1177 ,  3.6542 ,  1.3027 ,
 -0.1629 , -0.1225 , -0.4773 ,  0.9752 ,  2.8807 ,  0.3306 ,
  0.0795 , -0.0013 , -0.4751 ,  0.0140 ,  1.3680 ,  0.6558 ,
  0.2020 ,  0.0404 ,  0.1597 , -0.8365 ,  2.1772 ,  0.6564 ,
  0.0402 ,  0.1215 , -0.3171 , -1.7247 ,  1.9048 ,  0.3288 ,
  0.1200 ,  0.0393 , -0.4748 , -0.8227 ,  1.4232 ,  0.3306 ,
 -0.0409 ,  0.0808 , -0.4765 ,  0.6669 ,  0.5415 ,  0.0053 ,
  0.1208 ,  0.0399 , -0.1575 , -0.0576 ,  2.0470 ,  0.0018 ,
 -0.0404 ,  0.0406 , -0.1591 , -2.3810 , -0.0715 ,  1.3027 ,
 -0.0806 ,  0.0004 , -0.0008 , -0.7742 ,  1.1186 ,  0.9757 ,
 -0.0003 , -0.0003 , -0.1586 ,  0.7797 ,  1.2438 ,  0.6522 ,
  0.0403 , -0.0002 ,  0.0004 , -0.7752 ,  1.3074 ,  0.6504 ,
 -0.0007 , -0.0006 , -0.3173 ,  0.0098 ,  1.2430 ,  0.3288 ,
  0.0807 ,  0.0808 , -0.1580 , -2.4434 ,  1.3540 ,  0.0018 ,
  0.0398 ,  0.0400 , -0.3170 , -1.6018 , -0.5687 ,  0.3288 ,
  0.0808 , -0.0403 ,  0.1594 ,  0.0577 ,  1.3844 , -0.0012 ,
 -0.0415 ,  0.0397 , -0.6350 , -0.0415 ,  2.4153 ,  1.3081 ,
  0.0397 , -0.0413 , -0.1582 ,  0.0660 ,  0.6922 ,  0.6522 ,
  0.0803 ,  0.0805 , -0.3166 , -0.1138 ,  0.1087 ,  0.6540 ,
 -0.0402 , -0.0403 ,  0.1574 , -0.7085 ,  2.4389 ,  0.9781 ,
  0.0393 ,  0.0801 , -0.6343 , -2.4285 , -0.5780 ,  0.3323 ,
  0.0004 ,  0.0815 , -0.0002 , -0.8978 ,  0.6066 ,  0.6505 ,
 -0.0006 ,  0.0806 , -0.4761 , -1.6580 ,  1.8489 ,  0.6558 ,
 -0.0406 ,  0.0811 , -0.3178 , -0.1128 ,  1.1645 ,  0.3288 ,
 -0.0416 , -0.0415 , -0.4762 , -0.6984 ,  2.4316 ,  0.6558 ,
  0.0808 ,  0.0404 ,  0.0007 , -0.0622 ,  1.9849 ,  0.6504 ,
 -0.0010 , -0.0009 , -0.4759 ,  0.7895 ,  2.4868 ,  0.0053 ,
 -0.0001 ,  0.0405 , -0.1587 , -0.0566 ,  1.8582 ,  0.9775 ,
  0.0006 ,  0.0411 ,  0.1586 , -0.0664 ,  1.8598 , -0.0018 ,
  0.1206 ,  0.0803 , -0.3162 , -0.8890 ,  2.0384 ,  0.9793 ,
  0.0394 , -0.0416 , -0.3168 , -0.7040 ,  2.5581 ,  0.9793 ,
 -0.0409 , -0.0409 , -0.1590 , -1.4831 ,  0.5664 ,  1.3027 ,
 -0.0409 ,  0.0808 , -0.4765 , -0.8828 ,  1.1637 ,  0.3306 ,
  0.0798 ,  0.0395 , -0.4752 , -0.8224 ,  1.3603 ,  0.6558 ,
 -0.0406 ,  0.0811 , -0.3178 , -0.8877 ,  1.7869 ,  0.6541 ,
  0.1208 ,  0.0399 , -0.1575 , -0.0576 ,  2.0470 ,  1.3027 ,
 -0.0404 ,  0.1219 , -0.3179 , -0.9491 ,  1.7790 ,  0.9793 ,
  0.0001 ,  0.0812 , -0.1588 , -3.2177 ,  0.6059 ,  0.9775 ,
  0.1194 ,  0.0386 , -0.7920 , -0.0380 ,  1.4218 ,  0.0089 ,
 -0.0401 ,  0.0410 , -0.0005 , -0.8360 ,  1.7961 ,  0.3252 ,
  0.1217 ,  0.0815 ,  0.1588 , -0.9003 ,  0.7964 , -0.3220 ,
 -0.0008 ,  0.0398 , -0.4760 , -1.5966 , -0.0101 ,  0.3306 ,
 -0.0409 ,  0.0808 , -0.4765 , -0.8828 , -0.0808 , -0.3199 ,
  0.0404 ,  0.0810 , -0.1584 , -2.4431 ,  0.0465 ,  1.3027 ,
  0.0387 , -0.0422 , -0.6341 , -0.6942 ,  1.3122 ,  0.3323 ,
  0.0807 ,  0.0808 , -0.1580 , -2.4434 ,  1.9763 ,  0.9775 ,
  0.1196 , -0.0423 , -0.4746 , -0.6998 ,  2.0612 ,  0.0053 ,
 -0.0402 ,  0.0814 , -0.1592 , -0.1177 ,  0.5430 ,  0.6522 ,
 -0.1217 ,  0.0404 , -0.4772 , -1.5956 , -0.1988 ,  0.6558 ,
 -0.1207 ,  0.0413 , -0.0013 , -0.0604 ,  1.6701 ,  0.3253 ,
 -0.0003 , -0.0003 , -0.1586 , -1.5449 ,  2.4882 ,  0.9775 ,
  0.1615 ,  0.2024 , -0.3160 , -0.2989 ,  1.4556 ,  0.3288 ,
  0.0798 ,  0.0395 , -0.4752 , -0.8224 , -0.5066 ,  0.9811 ,
 -0.0404 ,  0.0406 , -0.1591 , -1.6060 ,  0.5508 ,  0.6522 ,
 -0.0406 ,  0.0811 , -0.3178 , -0.1128 ,  3.0312 ,  1.3045 ,
  0.0395 , -0.0820 , -0.1581 , -0.6474 ,  2.5668 ,  0.3270 ,
 -0.0416 ,  0.0802 , -0.7938 , -0.8730 ,  1.1622 ,  0.9846 ,
  0.0791 ,  0.0388 , -0.7925 , -0.8126 ,  1.9811 ,  0.3341 ,
  0.1198 , -0.0015 , -0.4747 , -1.5361 ,  1.4309 ,  0.6558 ,
  0.0008 ,  0.0818 ,  0.1585 , -0.1278 ,  0.6074 ,  0.9739 ,
 -0.0404 ,  0.1219 , -0.3179 , -1.7241 , -0.7102 ,  1.6297 ,
 -0.0404 ,  0.1219 , -0.3179 ,  0.6005 ,  1.1567 ,  0.3288 ,
  0.0801 ,  0.0398 , -0.3165 , -0.8273 ,  3.2277 ,  1.6297 ,
 -0.0410 , -0.0004 , -0.3177 ,  0.7850 ,  0.5578 ,  0.3288 ,
 -0.0003 ,  0.0809 , -0.3174 , -0.8881 ,  1.2274 ,  0.6541 ,
 -0.0808 , -0.0404 , -0.0007 ,  0.8369 ,  0.5042 ,  0.6505 ,
  0.0397 ,  0.1616 , -0.6345 ,  0.5482 ,  1.8955 ,  0.9828 ,
  0.0001 ,  0.0812 , -0.1588 , -1.6679 ,  0.6059 ,  1.6278 ,
  0.2415 ,  0.0802 ,  0.1603 ,  0.6415 ,  2.2171 ,  0.6375 ,
  0.1206 ,  0.0803 , -0.3162 ,  0.6606 ,  3.2830 ,  0.0035 ,
  0.0393 ,  0.0801 , -0.6343 , -1.6535 ,  1.9111 ,  0.9828 ,
  0.1198 , -0.0015 , -0.4747 , -0.7612 ,  2.0532 ,  0.9811 ,
 -0.1611 ,  0.0820 , -0.1604 , -2.4413 ,  0.3542 ,  0.9775 ,
  0.0798 ,  0.0395 , -0.4752 , -0.8224 ,  0.7380 ,  0.0053 ,
  0.0003 ,  0.1220 , -0.1589 , -0.9544 ,  2.4648 ,  0.6522 ,
 -0.0006 ,  0.0806 , -0.4761 , -0.1082 ,  1.2266 ,  1.6314 ,
 -0.0006 ,  0.0806 , -0.4761 , -0.8831 ,  0.6044 ,  1.3063 ,
  0.0009 ,  0.0414 ,  0.3172 ,  1.4784 ,  0.6160 ,  0.3217 ,
  0.0407 ,  0.0813 ,  0.0003 , -0.1233 ,  0.6696 ,  0.6504 ,
  0.0793 ,  0.0796 , -0.7925 , -0.0992 ,  2.5956 ,  0.3341 ,
  0.0435 ,  0.2862 , -0.1590 , -0.4276 ,  1.9092 ,  0.6653 ,
  0.1606 , -0.0418 , -0.1569 , -2.2598 , -0.3636 , -0.3235 ,
 -0.0010 , -0.0009 , -0.4759 , -3.0850 ,  2.4868 ,  0.3306 ,
 -0.0808 , -0.0404 , -0.0007 , -0.7128 ,  1.1265 ,  0.3252 ,
 -0.0409 , -0.0409 , -0.1590 , -0.7082 ,  0.5664 ,  0.3270 ,
 -0.0408 ,  0.0403 , -0.3178 , -0.0513 ,  1.1724 , -0.3217 ,
  0.0398 ,  0.0400 , -0.3170 , -0.0520 ,  0.6759 ,  0.6540 ,
  0.0406 ,  0.1218 , -0.1585 ,  0.5950 ,  1.2833 ,  0.6522 ,
 -0.0008 ,  0.0398 , -0.4760 , -0.0468 ,  1.8568 ,  0.6558 ,
  0.0402 ,  0.1215 , -0.3171 , -3.2745 ,  1.2825 ,  0.0036 ,
  0.0008 ,  0.0818 ,  0.1585 , -0.9027 ,  0.6074 , -0.0018 ,
 -0.0001 ,  0.0405 , -0.1587 , -0.8315 ,  3.1028 ,  1.3027 ,
 -0.0003 , -0.0003 , -0.1586 , -0.7700 ,  1.8661 ,  1.3027 ,
 -0.0810 , -0.0811 , -0.0007 , -2.2011 ,  1.1343 ,  0.3252 ,
 -0.0415 ,  0.0397 , -0.6350 , -0.8165 ,  0.5485 ,  0.3324 ,
 -0.0006 ,  0.0806 , -0.4761 ,  1.4414 ,  1.8489 , -0.3199 ,
  0.0404 ,  0.1623 , -0.3172 , -0.2364 ,  1.8969 ,  0.3288 ,
 -0.0004 ,  0.2026 , -0.6350 , -0.2877 ,  0.5802 ,  0.6576 ,
  0.0397 ,  0.0804 , -0.4757 ,  0.6662 ,  0.0450 ,  1.6314 ,
 -0.0411 ,  0.1213 , -0.6352 , -0.1645 ,  1.1552 ,  0.9828 ,
  0.0396 , -0.0008 , -0.3169 , -0.7654 ,  3.1726 ,  0.9793 ,
 -0.0002 , -0.0408 ,  0.0001 , -1.4883 ,  0.6301 ,  0.6504 ,
  0.0401 ,  0.1619 , -0.4758 , -1.0064 ,  1.2739 ,  0.3306 ,
  0.0801 ,  0.0398 , -0.3165 , -1.6022 ,  0.7388 ,  0.6540 ,
  0.0801 ,  0.0398 , -0.3165 , -2.3770 ,  2.6054 ,  0.6540 ,
 -0.0002 ,  0.1621 , -0.4762 , -1.7809 ,  1.8333 ,  0.6558 ,
 -0.0813 , -0.0002 , -0.3181 , -1.5393 ,  2.3615 ,  0.0036 ,
  0.0395 ,  0.0396 , -0.4756 , -1.5969 ,  1.9197 ,  0.0053 ,
  0.0806 ,  0.0408 ,  0.1588 , -0.0647 ,  1.9892 ,  0.3229 ,
  0.0802 , -0.0007 , -0.1578 ,  0.7790 ,  0.7474 ,  0.9775 ,
 -0.0409 ,  0.0808 , -0.4765 , -0.8828 , -0.0808 ,  0.6558 ,
  0.1606 ,  0.0798 , -0.4745 , -1.6594 ,  2.7229 ,  0.0053 ,
 -0.0010 ,  0.0803 , -0.6347 , -1.6531 ,  1.2259 ,  0.9828 ,
 -0.0809 ,  0.0813 , -0.3182 , -0.8874 ,  1.1016 ,  1.3045 ,
  0.0002 ,  0.0408 , -0.0001 , -0.8363 , -0.0078 , -0.3252 ,
  0.0391 ,  0.0393 , -0.6342 ,  0.7326 ,  1.2966 ,  0.6576 ,
 -0.0800 ,  0.1227 , -0.0010 , -0.1837 , -0.1493 ,  0.0000 ,
  0.0421 ,  0.1638 ,  0.4759 , -0.2611 ,  0.0372 ,  0.3221 ,
  0.0001 ,  0.0812 , -0.1588 , -1.6679 ,  1.2282 ,  0.6522 ,
 -0.0410 , -0.0004 , -0.3177 ,  1.5598 ,  1.8024 ,  0.6541 ,
  0.0407 ,  0.0406 ,  0.1576 , -1.6312 ,  0.6743 ,  0.9744 ,
 -0.0406 ,  0.0811 , -0.3178 , -0.8877 ,  1.7869 ,  0.9793 ,
 -0.0807 ,  0.0408 , -0.1595 , -2.3807 ,  2.3548 ,  0.9775 ,
  0.1206 ,  0.0803 , -0.3162 , -0.1142 ,  3.2830 ,  0.6540 ,
 -0.0807 ,  0.0408 , -0.1595 , -0.0559 ,  0.4879 ,  0.6523 ,
  0.2019 ,  0.0814 ,  0.3188 ,  0.6358 ,  1.5376 ,  0.6389 ,
 -0.0001 ,  0.0405 , -0.1587 ,  0.7182 ,  3.1028 ,  0.9775 ,
 -0.0408 ,  0.0403 , -0.3178 , -0.8262 ,  1.7946 ,  0.6541 ,
  0.0809 , -0.0001 ,  0.1594 , -1.5553 ,  1.3711 ,  0.3234 ,
 -0.0012 ,  0.0395 , -0.6346 ,  0.7329 , -0.0108 ,  0.3323 ,
  0.0809 ,  0.1216 , -0.1581 , -0.9551 ,  1.3462 ,  0.9775 ,
  0.0409 ,  0.1221 ,  0.0002 , -2.5095 ,  0.0395 , -0.3253 ,
 -0.0408 ,  0.0403 , -0.3178 , -0.8262 ,  1.7946 ,  0.9793 ,
  0.0403 , -0.0002 ,  0.0004 , -0.7752 ,  0.6852 ,  0.9757 ,
 -0.0402 ,  0.0814 , -0.1592 , -0.8925 ,  0.5430 ,  0.3270 ,
  0.0404 ,  0.1623 , -0.3172 , -0.2364 , -0.5922 ,  0.3288 ,
  0.0389 , -0.0014 , -0.6342 ,  0.0192 ,  2.5490 ,  0.3323 ,
  0.0802 , -0.0007 , -0.1578 ,  0.0042 ,  2.6139 ,  0.0018 ,
 -0.0809 ,  0.0001 , -0.1594 , -0.7693 ,  2.3625 ,  0.6523 ,
 -0.0003 ,  0.0809 , -0.3174 , -1.6630 ,  0.6051 ,  0.6541 ,
  0.1601 ,  0.1200 , -0.7918 , -0.1613 ,  2.7136 ,  0.0089 ,
 -0.0009 ,  0.1615 , -0.7935 , -0.9963 , -0.0350 , -0.3163 ,
 -0.0014 , -0.0012 , -0.6346 , -1.5302 ,  1.8638 ,  0.6576 ,
  0.0417 ,  0.0825 ,  0.4761 ,  0.6373 ,  0.6695 ,  0.3090 ,
 -0.0007 , -0.0006 , -0.3173 ,  0.0098 ,  1.8653 ,  0.6541 ,
  0.0800 ,  0.0802 , -0.4752 , -0.1089 ,  1.9748 ,  0.6558 ,
  0.0409 ,  0.1221 ,  0.0002 ,  1.3648 ,  1.2841 ,  0.9757 ,
  0.1214 ,  0.1622 , -0.1577 , -1.0168 ,  2.0235 ,  1.6278 ,
 -0.0807 ,  0.1221 , -0.3183 , -0.1739 ,  1.0937 ,  0.0036 ,
  0.0001 , -0.0405 ,  0.1587 ,  0.0566 ,  1.2530 ,  0.6487 ,
  0.1196 , -0.0423 , -0.4746 , -1.4746 ,  0.8166 ,  0.9811 ,
  0.1202 , -0.0012 , -0.3161 ,  0.0087 ,  1.4318 ,  0.6540 ,
  0.0404 ,  0.0810 , -0.1584 , -0.1184 ,  1.9133 ,  0.0018 ,
 -0.0411 ,  0.0400 , -0.4764 , -3.1460 , -0.0730 ,  0.3306 ,
  0.0799 , -0.0010 , -0.3165 , -1.5407 ,  1.3689 ,  0.0036 ,
  0.0805 ,  0.1213 , -0.3167 , -0.1753 ,  1.3455 ,  0.9793 ,
 -0.0399 ,  0.0817 , -0.0006 , -2.4473 ,  3.0327 ,  0.3252 ,
 -0.0007 , -0.0006 , -0.3173 ,  0.7846 ,  2.4875 ,  0.0036 ,
 -0.0410 , -0.0004 , -0.3177 , -0.7647 ,  1.8024 ,  0.6541 ,
  0.0406 ,  0.1218 , -0.1585 , -0.9547 ,  1.9056 ,  0.3270 ,
  0.1210 ,  0.0806 , -0.1576 ,  0.6557 ,  1.4169 , -0.3235 ,
  0.0409 ,  0.1221 ,  0.0002 , -1.7345 ,  1.9063 , -0.0000 ,
  0.1193 , -0.0426 , -0.6333 ,  0.8548 ,  4.5494 ,  0.9828 ,
 -0.0403 ,  0.0002 , -0.0004 , -0.7745 ,  0.5593 ,  0.3252 ,
  0.1205 ,  0.1208 , -0.4749 , -0.1707 ,  1.4075 ,  0.6558 ,
 -0.0001 , -0.0812 ,  0.1588 ,  0.8929 ,  0.6386 , -0.3270 ,
  0.0794 ,  0.0391 , -0.6338 , -1.5923 ,  1.3596 ,  0.6576 ,
  0.1210 ,  0.0806 , -0.1576 , -1.6688 ,  0.7946 ,  0.3270 ,
  0.0804 , -0.0412 ,  0.0009 ,  0.0608 ,  1.3782 , -0.3253 ,
 -0.0404 ,  0.0406 , -0.1591 , -0.0562 ,  1.1730 ,  1.6278 ,
  0.1210 ,  0.0806 , -0.1576 ,  0.6557 ,  2.0391 , -0.3235 ,
  0.1598 , -0.0020 , -0.6329 , -3.0813 ,  2.1154 ,  0.0071 ,
  0.0004 ,  0.0815 , -0.0002 , -0.1229 ,  1.2288 ,  0.0000 ,
  0.0812 ,  0.0404 ,  0.1581 , -1.6299 ,  0.7395 ,  0.6554 ,
 -0.0807 ,  0.0408 , -0.1595 , -1.6056 ,  2.3548 ,  0.0018 ,
  0.0008 ,  0.1631 , -0.0003 , -3.3454 ,  2.4577 ,  0.9757 ,
 -0.0413 ,  0.0805 , -0.6351 , -0.1030 ,  0.5407 ,  0.3324 ,
  0.0407 ,  0.0813 ,  0.0003 ,  0.6516 ,  0.6696 ,  0.3252 ,
  0.0804 ,  0.1618 , -0.4754 , -1.7816 ,  1.3368 ,  0.3306 ,
  0.0402 ,  0.0403 , -0.1583 , -0.8318 ,  3.1656 ,  1.6278 ,
  0.0807 ,  0.0808 , -0.1580 ,  0.6561 ,  1.3540 ,  0.6522 ,
 -0.0398 ,  0.1629 , -0.1593 , -1.0155 ,  0.5274 ,  0.6522 ,
  0.0003 ,  0.2032 , -0.3177 , -0.2975 ,  1.8262 ,  0.9793 ,
  0.0404 ,  0.0810 , -0.1584 ,  0.6565 ,  3.1576 ,  1.9532 ,
 -0.0401 ,  0.0410 , -0.0005 , -1.6109 ,  1.1737 ,  1.3010 ,
 -0.0402 ,  0.0814 , -0.1592 , -0.1177 ,  0.5430 ,  0.6522 ,
 -0.0413 , -0.0007 , -0.4763 , -0.7599 ,  1.1793 ,  0.6558 ,
  0.0393 ,  0.0801 , -0.6343 , -2.4285 ,  1.2888 ,  0.0071 ,
 -0.0013 , -0.0417 , -0.4758 ,  0.8510 ,  1.2500 ,  0.3306 ,
  0.0402 ,  0.0403 , -0.1583 , -0.8318 , -0.5680 ,  0.0018 ,
  0.0400 ,  0.0807 , -0.3170 , -1.6632 ,  1.2904 ,  0.6540 ,
  0.0806 , -0.0004 ,  0.0008 , -0.7756 ,  1.3704 ,  1.3009 ,
 -0.0006 ,  0.0806 , -0.4761 , -0.1082 ,  0.6044 ,  0.9811 ,
  0.0803 ,  0.0805 , -0.3166 , -1.6636 ,  1.9755 ,  0.3288 ,
  0.0804 , -0.0412 ,  0.0009 ,  0.0608 ,  2.0005 ,  0.9757 ,
  0.0405 ,  0.0406 ,  0.0003 ,  0.7130 ,  1.9219 ,  0.3252 ,
 -0.0409 ,  0.1620 , -0.6353 ,  0.5489 ,  1.1474 , -0.6434 ,
  0.0798 , -0.0822 , -0.1577 , -0.6478 ,  0.1407 ,  1.6278 ,
 -0.0810 ,  0.1218 , -0.4770 , -0.1690 ,  0.4708 ,  0.0054 ,
  0.0798 ,  0.1207 , -0.6340 ,  0.6093 ,  2.5885 ,  0.9828 ,
  0.0406 , -0.0402 ,  0.1595 ,  0.8321 ,  1.3100 ,  0.6358 ,
 -0.0403 ,  0.0002 , -0.0004 ,  0.7751 ,  1.1816 ,  0.3252 ,
  0.1209 , -0.0006 ,  0.0012 , -0.0010 ,  1.4333 , -0.0000 ,
  0.0403 , -0.0002 ,  0.0004 , -2.3252 ,  1.9298 ,  0.3252 ,
 -0.0006 ,  0.0806 , -0.4761 , -2.4331 ,  2.4712 ,  0.0053 ,
  0.0803 ,  0.0805 , -0.3166 , -0.8887 ,  0.7310 ,  1.3045 ,
  0.1210 ,  0.1619 , -0.3164 , -1.7869 ,  0.1560 ,  0.6540 ,
  0.0409 ,  0.1221 ,  0.0002 ,  0.5901 ,  2.5286 ,  0.3252 ,
 -0.0396 ,  0.0826 ,  0.3161 , -0.1309 ,  1.1652 ,  0.6385 ,
 -0.0010 , -0.0009 , -0.4759 , -1.5351 ,  1.2422 ,  0.6558 ,
  0.1208 ,  0.1211 , -0.3163 ,  0.5992 ,  1.4084 ,  0.3288 ,
  0.0402 ,  0.0403 , -0.1583 , -2.3816 ,  1.9211 ,  0.3270 ,
  0.0407 ,  0.0813 ,  0.0003 ,  0.6516 ,  0.6696 ,  0.9757 ,
  0.0804 , -0.0412 ,  0.0009 , -1.4890 ,  0.1336 , -0.3253 ,
  0.0001 ,  0.0812 , -0.1588 , -0.1180 , -0.0164 ,  0.3270 ,
 -0.0404 ,  0.0406 , -0.1591 ,  0.7186 , -0.6938 ,  0.6522 ,
 -0.0414 ,  0.1209 , -0.7938 , -0.1596 ,  1.1545 ,  0.6594 ,
 -0.1212 ,  0.0815 , -0.3186 , -0.8870 ,  0.4164 ,  0.9793 ,
 -0.1210 ,  0.0410 , -0.1599 ,  1.4941 ,  1.6695 ,  1.3027 ,
  0.0409 ,  0.1221 ,  0.0002 , -0.1847 ,  1.9063 , -0.0000 ,
  0.0806 , -0.0004 ,  0.0008 , -0.7756 ,  1.3704 ,  0.9757 ,
 -0.0820 , -0.0009 , -0.6354 ,  0.7951 ,  1.7380 , -0.3181 ,
 -0.0407 ,  0.1216 , -0.4765 ,  0.6055 ,  0.5336 ,  0.3306 ,
 -0.0005 ,  0.0401 , -0.3174 , -0.0517 ,  1.2353 ,  0.9793 ,
 -0.0003 , -0.0003 , -0.1586 , -1.5449 , -0.0007 ,  0.3270 ,
  0.1204 ,  0.0396 , -0.3161 ,  0.7221 ,  2.6685 ,  0.9793 ,
  0.0809 ,  0.1216 , -0.1581 , -0.1802 ,  1.9685 ,  1.3027 ,
  0.1211 ,  0.0402 ,  0.0011 ,  0.7123 ,  1.4255 ,  0.6504 ,
 -0.0001 ,  0.0405 , -0.1587 , -0.8315 , -1.8755 ,  0.6522 ,
  0.0794 ,  0.0391 , -0.6338 ,  0.7322 ,  1.3596 ,  0.0071 ,
 -0.0008 ,  0.0398 , -0.4760 , -0.0468 ,  1.2344 ,  0.9811 ,
  0.0805 ,  0.1213 , -0.3167 , -1.7250 ,  1.3455 ,  0.6540 ,
 -0.0001 ,  0.1217 , -0.3175 ,  0.6002 ,  2.4642 , -0.3217 ,
 -0.0807 ,  0.0408 , -0.1595 , -0.8308 , -0.1344 ,  0.0018 ,
  0.0402 ,  0.1215 , -0.3171 , -0.1749 ,  2.5271 ,  0.6541 ,
 -0.0802 ,  0.0819 , -0.0010 , -0.1222 ,  1.1030 ,  0.3253 ,
  0.0006 ,  0.1223 , -0.0002 , -1.7341 ,  1.8433 ,  0.3252 ,
  0.0004 ,  0.0815 , -0.0002 , -1.6727 , -0.0156 ,  0.6505 ,
  0.1616 ,  0.0808 ,  0.0015 ,  1.4253 ,  1.4806 ,  0.3252 ,
  0.1213 ,  0.0810 ,  0.0011 , -2.4488 ,  0.1731 ,  0.9757 ,
 -0.0001 ,  0.1217 , -0.3175 , -2.4994 ,  0.5973 ,  0.6541 ,
  0.0001 ,  0.1624 , -0.3176 ,  0.5388 ,  1.2118 ,  1.3045 ,
 -0.0406 ,  0.0811 , -0.3178 , -1.6626 ,  1.1645 ,  1.3045 ,
 -0.0806 ,  0.0004 , -0.0008 ,  0.0007 ,  1.7410 ,  0.3252 ,
 -0.0807 ,  0.1221 , -0.3183 , -0.9488 ,  1.0937 ,  0.9793 ,
 -0.0005 ,  0.0401 , -0.3174 ,  1.4980 , -0.6316 ,  0.6541 ,
  0.0811 ,  0.1624 , -0.1581 , -2.5663 ,  1.3383 ,  0.0018 ,
 -0.0014 , -0.0012 , -0.6346 ,  0.7944 ,  1.2415 ,  0.9828 ,
  0.1202 , -0.0012 , -0.3161 , -2.3160 ,  1.4318 ,  0.6540 ,
  0.0813 ,  0.0401 ,  0.1584 , -2.4165 ,  0.1241 ,  0.6302 ,
  0.0004 ,  0.0815 , -0.0002 , -0.8978 ,  1.8511 ,  0.0000 ,
  0.1218 ,  0.0399 ,  0.1590 , -2.4172 ,  0.1891 ,  1.2497 ,
  0.0802 , -0.0007 , -0.1578 ,  0.0042 ,  1.3696 ,  0.3270 ,
 -0.1215 ,  0.0812 , -0.4773 ,  0.6676 ,  1.0379 , -0.3199 ,
  0.0801 ,  0.0398 , -0.3165 , -0.8273 ,  1.3610 ,  0.9793 ,
 -0.1614 , -0.0400 , -0.0015 , -0.7120 ,  2.2450 ,  0.9757 ,
  0.0400 ,  0.0807 , -0.3170 , -0.1135 ,  0.6681 ,  1.3045 ,
  0.0807 ,  0.0808 , -0.1580 , -0.1187 ,  0.7317 ,  0.6522 ,
 -0.0815 , -0.0410 , -0.3180 , -2.2528 ,  1.7474 ,  1.3045 ,
  0.0819 ,  0.1628 ,  0.1586 , -1.0325 ,  0.1000 ,  0.6280 ,
 -0.0403 ,  0.0002 , -0.0004 , -0.7745 ,  3.0483 ,  0.0000 ,
 -0.0015 ,  0.0392 , -0.7933 , -0.8119 ,  1.8553 ,  0.3341 ,
 -0.1205 ,  0.0821 , -0.0014 , -0.1219 ,  1.0400 ,  0.9757 ,
  0.0406 ,  0.1218 , -0.1585 , -0.9547 ,  0.0387 ,  0.6522 ,
 -0.0003 ,  0.0809 , -0.3174 ,  0.6617 , -0.0171 ,  0.6541 ,
  0.1608 , -0.0011 , -0.1570 ,  0.0035 ,  2.7399 ,  0.6522 ,
  0.0804 ,  0.1219 ,  0.1582 , -0.1875 ,  3.2190 ,  0.0004 ,
 -0.0814 ,  0.0402 , -0.4768 , -0.0461 ,  0.4864 ,  0.3306 ,
 -0.0802 ,  0.0819 , -0.0010 , -1.6720 ,  1.1030 ,  0.9757 ,
 -0.0011 , -0.0821 , -0.3171 ,  0.1327 ,  1.2587 ,  0.6541 ,
 -0.0012 ,  0.0395 , -0.6346 , -1.5917 ,  0.6115 ,  0.0071 ,
 -0.0411 ,  0.0400 , -0.4764 , -0.8214 , -0.0730 ,  0.3306 ,
  0.1605 , -0.0014 , -0.3157 ,  0.0084 ,  0.8724 ,  0.9793 ,
  0.0813 ,  0.0406 ,  0.1580 , -1.6262 ,  1.3593 ,  0.9920 ,
  0.0004 ,  0.0815 , -0.0002 , -0.8978 , -0.0156 ,  0.6505 ,
  0.0801 ,  0.0398 , -0.3165 , -0.8273 ,  1.3610 ,  0.9793 ,
 -0.0008 ,  0.0398 , -0.4760 ,  0.7280 , -0.0101 ,  0.9811 ,
 -0.0008 ,  0.0398 , -0.4760 ,  1.5029 ,  1.2344 ,  0.9811 ,
  0.0392 ,  0.1206 , -0.7930 , -0.9351 ,  1.9025 ,  0.3341 ,
  0.0406 ,  0.1218 , -0.1585 ,  0.5950 ,  2.5276 ,  1.3027 ,
  0.0392 , -0.0823 , -0.3167 ,  0.1323 ,  3.1882 ,  0.9793 ,
 -0.0416 , -0.0415 , -0.4762 ,  0.0765 , -0.0574 ,  0.6558 ,
 -0.0000 ,  0.2029 , -0.4763 ,  0.4822 ,  0.5810 ,  0.3306 ,
 -0.0400 ,  0.1222 , -0.1593 , -0.9540 ,  1.1574 ,  0.0018 ,
 -0.0399 ,  0.0817 , -0.0006 , -2.4473 ,  1.1660 ,  0.3252 ,
  0.0400 ,  0.0807 , -0.3170 , -3.2130 ,  1.2904 ,  0.3288 ,
 -0.0412 , -0.0412 , -0.3176 ,  0.0716 ,  1.8102 ,  0.0036 ,
  0.0800 ,  0.0802 , -0.4752 , -2.4336 ,  1.9748 ,  0.6558 ,
  0.0809 , -0.0001 ,  0.1594 , -0.7805 ,  0.7488 ,  0.3234 ,
 -0.0393 ,  0.1229 ,  0.3158 , -0.9660 ,  0.5336 ,  0.3130 ,
  0.1216 ,  0.1216 ,  0.1580 , -1.7490 ,  1.4045 ,  0.9920 ,
  0.0400 ,  0.0807 , -0.3170 , -0.8884 ,  0.6681 ,  0.6540 ,
 -0.0812 , -0.0407 , -0.1594 , -0.7078 ,  1.7480 ,  0.3270 ,
  0.1212 ,  0.1214 , -0.1577 , -0.9554 ,  2.0312 ,  0.6522 ,
  0.0393 ,  0.0801 , -0.6343 , -0.8786 ,  0.6665 ,  0.0071 ,
  0.0404 ,  0.0810 , -0.1584 , -1.6682 ,  2.5355 ,  0.0018 ,
  0.1200 ,  0.1609 , -0.7923 , -0.9973 ,  1.3983 ,  0.6594 ,
 -0.0006 , -0.0411 , -0.1586 ,  0.8412 ,  1.2515 ,  0.6522 ,
  0.0004 ,  0.0815 , -0.0002 , -0.8978 ,  3.0955 ,  1.3010 ,
  0.0788 , -0.0019 , -0.7924 ,  0.7986 ,  0.1221 ,  0.0089 ,
  0.0806 , -0.0004 ,  0.0008 ,  0.7741 ,  1.3704 ,  0.9757 ,
 -0.0004 , -0.0815 ,  0.0002 ,  0.1229 ,  0.6379 ,  0.6504 ,
 -0.0009 , -0.0414 , -0.3172 ,  0.0712 ,  2.4953 ,  0.6541 ,
 -0.0005 ,  0.0401 , -0.3174 , -1.6015 ,  0.6129 ,  1.3045 ,
 -0.1610 ,  0.0415 , -0.0017 , -0.0601 ,  0.3628 ,  1.3010 ,
  0.1607 ,  0.0394 , -0.3157 , -1.6029 ,  0.8646 ,  0.3288 ,
  0.0392 , -0.0011 , -0.4755 ,  2.3387 ,  1.3051 ,  0.0053 ,
  0.0406 ,  0.1218 , -0.1585 ,  0.5950 ,  1.2833 ,  0.3270 ,
  0.0795 ,  0.1204 , -0.7926 , -0.9355 ,  2.5876 ,  0.3341 ,
  0.0001 ,  0.0812 , -0.1588 ,  0.6567 ,  1.2282 , -0.3234 ,
  0.0386 , -0.1234 , -0.4753 , -2.9009 ,  1.3286 ,  0.9811 ,
  0.1999 , -0.0430 , -0.6324 , -0.6956 ,  1.5640 ,  0.0071 ,
  0.0400 ,  0.0807 , -0.3170 , -0.1135 ,  1.2904 ,  0.0036 ,
 -0.0811 ,  0.0405 , -0.3182 ,  0.7238 , -0.1352 ,  0.3288 ,
 -0.0006 , -0.0411 , -0.1586 , -1.4835 ,  1.2515 ,  0.6522 ,
 -0.0406 ,  0.0811 , -0.3178 , -0.1128 ,  1.7869 ,  0.6541 ,
 -0.2025 ,  0.0000 , -0.4779 ,  0.0164 ,  0.9277 ,  0.3306 ,
  0.0814 ,  0.0411 ,  0.3180 ,  0.7052 ,  0.7359 ,  0.0012 ,
  0.0400 ,  0.0807 , -0.3170 ,  1.4361 ,  1.2904 , -0.6469 ,
 -0.0013 ,  0.0800 , -0.7933 , -1.6482 ,  1.8474 ,  1.3098 ,
  0.0798 ,  0.0395 , -0.4752 , -0.8224 ,  2.6047 ,  0.3306 ,
  0.1204 ,  0.0396 , -0.3161 , -1.6025 ,  2.6685 ,  0.0035 ,
 -0.1211 , -0.0402 , -0.0011 , -1.4873 ,  0.4413 ,  0.6505 ,
 -0.0811 ,  0.0405 , -0.3182 ,  0.7238 ,  1.7317 ,  0.6541 ,
  0.1204 ,  0.0396 , -0.3161 , -0.8276 ,  2.0462 ,  0.3288 ,
 -0.0403 ,  0.0002 , -0.0004 , -1.5494 ,  1.8039 ,  0.3252 ,
 -0.0406 ,  0.0811 , -0.3178 , -2.4374 ,  1.1645 ,  0.0036 ,
  0.1205 , -0.0009 , -0.1574 ,  0.7786 ,  2.6770 ,  0.3270 ,
  0.0800 , -0.0415 , -0.1578 , -0.7092 ,  1.9996 ,  1.6278 ,
  0.1202 , -0.0012 , -0.3161 , -0.7661 ,  2.6762 ,  0.3288 ,
  0.0395 ,  0.0396 , -0.4756 , -0.8220 ,  0.6751 , -0.3199 ,
  0.0402 ,  0.0403 , -0.1583 , -0.0569 ,  1.9211 ,  1.6278 ,
 -0.0008 ,  0.0398 , -0.4760 , -0.0468 ,  1.2344 ,  0.6558 ,
  0.0802 , -0.0007 , -0.1578 ,  0.0042 ,  0.1251 ,  0.9775 ,
 -0.0416 , -0.0415 , -0.4762 ,  2.4008 , -0.0574 ,  0.6558 ,
  0.0405 ,  0.0406 ,  0.0003 , -0.0618 ,  1.2996 , -0.0000 ,
 -0.0403 ,  0.0002 , -0.0004 , -1.5494 ,  1.8039 ,  1.3010 ,
  0.0795 ,  0.1204 , -0.7926 , -0.1606 ,  0.7209 ,  0.9846 ,
  0.0380 , -0.0428 , -0.9514 , -1.4594 ,  1.3107 ,  0.9864 ,
  0.0801 ,  0.0398 , -0.3165 ,  0.7224 ,  1.9834 ,  0.9793 ,
 -0.0809 ,  0.0001 , -0.1594 , -0.7693 ,  1.1179 ,  0.6523 ,
 -0.0403 ,  0.0002 , -0.0004 ,  1.5500 ,  1.1816 ,  0.0000 ,
 -0.1203 ,  0.1229 , -0.0014 , -1.7331 ,  1.6546 ,  0.3253 ,
  0.0405 ,  0.0406 ,  0.0003 ,  0.7130 ,  1.9219 ,  1.3009 ,
  0.1606 ,  0.1611 , -0.6332 ,  0.5471 ,  0.8397 ,  0.6576 ,
  0.0802 ,  0.1210 , -0.4753 ,  0.6044 , -0.5222 , -0.3199 ,
  0.0797 , -0.0418 , -0.3164 ,  0.0705 ,  1.3767 ,  0.3288 ,
 -0.0406 , -0.0001 , -0.1590 ,  0.7801 , -0.0637 ,  0.3270 ,
  0.0411 ,  0.1629 ,  0.0001 , -1.0211 ,  0.6540 ,  1.3009 ,
  0.0405 ,  0.0406 ,  0.0003 , -0.0618 ,  1.9219 ,  0.9757 ,
 -0.0397 ,  0.1225 , -0.0006 ,  0.5908 ,  2.4026 ,  0.9757 ,
 -0.0813 , -0.0002 , -0.3181 ,  0.7853 ,  1.1171 ,  0.0036 ,
  0.0813 ,  0.0406 ,  0.1580 , -3.1879 ,  1.9777 ,  0.0240 ,
  0.0402 ,  0.0403 , -0.1583 , -2.3816 ,  1.9211 ,  0.3270 ,
  0.0395 ,  0.0396 , -0.4756 ,  0.7277 ,  1.9197 ,  0.0053 ,
 -0.0811 ,  0.0405 , -0.3182 , -2.3758 ,  0.4871 ,  0.3288 ,
 -0.0005 ,  0.0401 , -0.3174 , -0.0517 ,  1.2353 ,  0.6541 ,
  0.0796 ,  0.0799 , -0.6339 , -0.8789 ,  1.9741 ,  0.3323 ,
  0.0404 ,  0.0810 , -0.1584 , -0.8932 ,  2.5355 ,  1.3027 ,
 -0.0004 , -0.0815 ,  0.0002 ,  0.1229 ,  2.5048 ,  0.6504 ,
  0.0797 , -0.0418 , -0.3164 ,  0.8454 ,  2.6212 ,  0.6540 ,
 -0.0809 ,  0.0001 , -0.1594 , -0.7694 ,  2.3625 ,  0.0018 ,
  0.0802 , -0.0007 , -0.1578 , -0.7707 ,  1.3696 ,  0.9775 ,
  0.0392 , -0.0011 , -0.4755 , -1.5355 ,  1.3051 ,  0.9811 ,
  0.0810 ,  0.0811 ,  0.0007 , -0.8985 ,  1.3548 ,  0.6504 ,
 -0.0405 , -0.0406 , -0.0003 ,  0.8366 ,  0.5671 ,  0.6505 ,
  0.0402 ,  0.1215 , -0.3171 , -0.9498 ,  0.0380 ,  0.0036 ,
  0.1206 ,  0.0803 , -0.3162 , -0.1142 ,  0.7939 ,  0.9793 ,
  0.0408 ,  0.1626 , -0.1585 , -0.2413 ,  1.8977 ,  0.9775 ,
  0.0396 , -0.0008 , -0.3169 ,  0.0094 ,  3.1726 ,  0.9793 ,
  0.1195 , -0.0018 , -0.6333 ,  0.0185 ,  2.6748 ,  0.3323 ,
  0.0407 ,  0.0813 ,  0.0003 , -0.1233 ,  1.9141 ,  0.6504 ,
 -0.0811 ,  0.0405 , -0.3182 , -0.8259 ,  1.7317 ,  0.6541 ,
 -0.0404 ,  0.1219 , -0.3179 , -1.7241 ,  0.5344 ,  0.3288 ,
 -0.0006 , -0.0411 , -0.1586 , -0.7085 ,  2.4959 ,  0.9775 ,
  0.0406 ,  0.1218 , -0.1585 ,  0.5950 ,  0.0387 ,  0.3270 ,
 -0.0404 ,  0.0406 , -0.1591 , -1.6060 ,  1.7953 ,  0.6522 ,
 -0.0409 ,  0.0808 , -0.4765 , -0.8828 ,  2.4082 ,  0.9811 ,
  0.0794 ,  0.0391 , -0.6338 , -0.8175 ,  0.1150 ,  0.6576 ,
  0.0392 , -0.0011 , -0.4755 , -1.5355 ,  0.6829 ,  0.9811 ,
  0.1612 , -0.0008 ,  0.0016 , -1.5511 ,  2.1185 ,  0.9757 ,
  0.1600 ,  0.0388 , -0.6330 , -0.0433 ,  2.1076 ,  0.3323 ,
  0.0794 ,  0.0391 , -0.6338 , -1.5923 ,  1.3596 ,  0.3323 ,
  0.0395 ,  0.0396 , -0.4756 , -0.8220 ,  1.9197 ,  0.9811 ,
  0.0387 , -0.0422 , -0.6341 , -2.2442 ,  2.5568 ,  0.3323 ,
 -0.0001 , -0.0812 ,  0.1588 , -0.6569 ,  1.8832 ,  0.3234 ,
 -0.0001 ,  0.0405 , -0.1587 , -0.8315 ,  1.2359 ,  0.6522 ,
  0.1604 ,  0.1203 , -0.6332 ,  0.6086 ,  2.7143 ,  0.3323 ,
 -0.0406 ,  0.0811 , -0.3178 , -0.1128 ,  0.5422 ,  0.9793 ,
  0.0800 ,  0.0802 , -0.4752 , -1.6587 ,  2.5970 ,  0.9811 ,
  0.0001 ,  0.0812 , -0.1588 , -0.1180 ,  3.0947 ,  0.3270 ,
  0.0398 ,  0.0400 , -0.3170 , -0.8269 ,  1.2981 ,  0.6540 ,
  0.1208 ,  0.1211 , -0.3163 , -0.1756 ,  2.0305 ,  0.3288 ,
 -0.0406 ,  0.0811 , -0.3178 , -0.8877 ,  1.1645 ,  0.6541 ,
 -0.0404 ,  0.0406 , -0.1591 , -0.8311 ,  1.7953 ,  0.0018 ,
  0.0383 , -0.0425 , -0.7927 , -0.6893 ,  0.6892 ,  0.6594 ,
  0.0001 ,  0.0812 , -0.1588 ,  1.4315 ,  1.8504 ,  0.0018 ,
 -0.0003 , -0.0003 , -0.1586 ,  0.7797 ,  1.2438 ,  0.9775 ,
 -0.0402 ,  0.0814 , -0.1592 , -0.8925 , -0.0793 ,  0.6522 ,
  0.1210 ,  0.0806 , -0.1576 , -0.1191 ,  0.1724 ,  0.6522 ,
  0.0797 , -0.0418 , -0.3164 ,  0.8454 ,  0.7544 ,  0.3288 ,
  0.0402 ,  0.0403 , -0.1583 , -0.8318 ,  0.6766 , -0.3235 ,
  0.0392 , -0.0011 , -0.4755 , -0.7605 ,  1.9274 ,  0.6558 ,
  0.0397 , -0.0413 , -0.1582 , -1.4837 ,  0.6922 ,  0.6522 ,
  0.0807 ,  0.0808 , -0.1580 , -0.8936 ,  0.7317 ,  0.0018 ,
  0.0405 ,  0.0406 ,  0.0003 , -0.8367 ,  0.6774 ,  0.6504 ,
  0.1207 ,  0.1616 , -0.4750 , -0.2322 ,  0.1553 ,  0.6558 ,
 -0.0399 ,  0.0005 ,  0.1582 , -0.0045 ,  1.1824 ,  0.3234 ,
  0.0809 ,  0.1216 , -0.1581 , -0.1802 ,  1.9685 ,  0.3270 ,
  0.0005 ,  0.1627 , -0.1589 , -1.7908 ,  1.2125 ,  0.9775 ,
 -0.0001 ,  0.0405 , -0.1587 , -0.8315 ,  1.2359 ,  0.3270 ,
  0.0801 ,  0.0398 , -0.3165 , -0.8273 ,  1.9834 ,  0.0036 ,
 -0.0002 , -0.0408 ,  0.0001 ,  0.8362 ,  0.0078 , -0.0000 ,
 -0.0408 ,  0.0403 , -0.3178 , -1.6010 ,  1.1724 ,  0.6541 ,
 -0.0827 , -0.0015 , -0.9526 , -1.5197 ,  1.7365 ,  0.9864 ,
  0.0001 ,  0.0812 , -0.1588 , -0.1180 ,  2.4725 ,  0.6522 ,
  0.0795 , -0.0013 , -0.4751 ,  0.0140 ,  2.6126 ,  1.3063 ,
  0.0409 ,  0.1221 ,  0.0002 , -0.9596 ,  1.2841 ,  0.6504 ,
 -0.0408 ,  0.0403 , -0.3178 ,  1.4983 ,  0.5500 ,  1.3045 ,
  0.0393 ,  0.0801 , -0.6343 , -0.8786 ,  2.5333 ,  0.9828 ,
  0.0402 ,  0.0403 , -0.1583 , -0.0569 ,  1.2989 ,  0.3270 ,
  0.0395 ,  0.1209 , -0.6344 , -0.9400 ,  0.6587 ,  0.9828 ,
 -0.0814 ,  0.0402 , -0.4768 ,  0.7287 ,  0.4864 ,  0.0054 ,
  0.0402 ,  0.0403 , -0.1583 , -0.8318 ,  1.2989 ,  0.3270 ,
  0.0403 , -0.0002 ,  0.0004 , -0.0003 ,  2.5519 ,  0.9757 ,
  0.0398 ,  0.0400 , -0.3170 , -0.0520 ,  1.9204 ,  0.6540 ,
  0.0800 ,  0.1614 , -0.6340 , -0.2270 ,  1.3362 ,  0.3323 ,
 -0.0411 ,  0.0400 , -0.4764 , -0.8214 ,  0.5493 ,  0.3306 ,
  0.0795 ,  0.1204 , -0.7926 , -0.1606 ,  1.9655 ,  0.0089 ,
  0.0807 ,  0.0808 , -0.1580 , -0.1187 ,  1.9763 ,  1.3027 ,
  0.1605 , -0.0014 , -0.3157 ,  0.0084 ,  0.2502 ,  1.3045 ,
 -0.0008 ,  0.1211 , -0.6348 , -0.1648 , -1.2710 ,  0.6576 ,
  0.0807 ,  0.1218 ,  0.1576 , -0.9607 ,  1.9629 ,  0.9821 ,
  0.0393 ,  0.0801 , -0.6343 , -2.4285 ,  1.9111 ,  0.9828 ,
  0.1607 ,  0.0394 , -0.3157 , -1.6029 ,  0.8646 ,  0.3288 ,
  0.0407 ,  0.0813 ,  0.0003 , -2.4481 ,  3.1586 ,  0.9757 ,
  0.0398 ,  0.0400 , -0.3170 , -0.8269 ,  1.9204 ,  0.3288 ,
 -0.0001 ,  0.0405 , -0.1587 , -0.8315 ,  0.6137 ,  0.9775 ,
 -0.0005 ,  0.0401 , -0.3174 , -0.0517 ,  0.6129 ,  0.6541 ,
  0.0399 ,  0.1212 , -0.4757 ,  0.6048 ,  1.2817 ,  1.3063 ,
 -0.0411 , -0.0817 , -0.1589 , -0.6467 ,  2.4411 ,  0.9775 ,
  0.0816 ,  0.2034 ,  0.0004 ,  0.4668 ,  1.9537 ,  0.6504 ,
  0.0409 ,  0.1221 ,  0.0002 , -0.1847 ,  1.9063 ,  1.3009 ,
 -0.0412 , -0.0412 , -0.3176 ,  0.0716 ,  1.1879 ,  0.3288 ,
 -0.0006 ,  0.0806 , -0.4761 ,  0.6666 ,  2.4712 ,  0.9811 ,
  0.0391 ,  0.0393 , -0.6342 , -0.8171 ,  2.5411 ,  0.6576 ,
  0.1606 , -0.0418 , -0.1569 ,  0.0650 ,  0.2587 ,  0.3270 ,
  0.0790 , -0.0424 , -0.6337 , -0.6946 ,  0.1306 ,  0.0071 ,
 -0.0007 , -0.0006 , -0.3173 , -1.5400 ,  2.4875 ,  0.9793 ,
  0.0808 , -0.0408 ,  0.1595 ,  0.0561 ,  0.1348 ,  1.2187 ,
 -0.0800 ,  0.1225 ,  0.1569 , -0.9712 , -0.1484 ,  0.6805 ,
 -0.0807 ,  0.0408 , -0.1595 , -0.8308 ,  1.1101 ,  0.9775 ,
 -0.0400 ,  0.1222 , -0.1593 , -0.9540 ,  2.4019 , -0.6487 ,
  0.0805 ,  0.0813 ,  0.1589 ,  0.6419 ,  2.5910 ,  0.3155 ,
 -0.0816 , -0.0005 , -0.4767 , -1.5344 ,  1.1164 ,  0.6558 ,
  0.0808 ,  0.0404 ,  0.0007 , -0.8370 ,  0.7403 ,  0.3252 ,
 -0.0811 ,  0.0405 , -0.3182 ,  0.7238 ,  2.3538 ,  0.3288 ,
  0.0400 ,  0.0807 , -0.3170 , -1.6632 ,  1.2904 ,  0.0036 ,
 -0.0015 ,  0.0392 , -0.7933 ,  0.7378 ,  0.6107 ,  0.9846 ,
  0.0809 ,  0.1216 , -0.1581 , -0.1802 ,  0.1017 ,  1.3027 ,
 -0.0407 ,  0.1216 , -0.4765 , -1.7191 ,  1.1558 ,  0.3306 ,
  0.1205 , -0.0009 , -0.1574 , -1.5459 ,  0.1880 ,  0.3270 ,
  0.0805 ,  0.0401 , -0.1579 ,  1.4924 ,  1.3617 ,  0.3270 ,
 -0.0404 ,  0.1219 , -0.3179 , -1.7241 , -0.0878 ,  0.9793 ,
  0.0408 ,  0.0813 ,  0.1575 , -2.4759 ,  0.6648 ,  0.0107 ,
  0.0799 , -0.0010 , -0.3165 , -1.5407 ,  0.1243 ,  0.6540 ,
  0.0403 , -0.0002 ,  0.0004 , -0.7752 ,  1.9298 ,  0.6504 ,
 -0.0406 ,  0.0811 , -0.3178 , -0.8877 ,  1.1645 ,  0.3288 ,
  0.0410 , -0.1217 ,  0.3159 , -2.1600 ,  1.9633 ,  0.3422 ,
  0.0404 ,  0.1623 , -0.3172 , -2.5611 ,  0.0302 ,  0.9793 ,
 -0.0408 ,  0.0403 , -0.3178 , -0.8262 ,  3.0391 ,  0.9793 ,
  0.1215 ,  0.1217 ,  0.0010 , -2.5102 ,  0.1653 ,  0.9757 ,
  0.0399 , -0.0005 , -0.1582 , -0.7703 ,  0.6844 ,  0.6522 ,
  0.0409 ,  0.1221 ,  0.0002 , -0.9596 ,  1.2841 ,  0.6504 ,
  0.0008 ,  0.0818 ,  0.1585 , -0.1278 ,  1.2296 ,  0.9739 ,
 -0.0406 ,  0.0811 , -0.3178 ,  1.4368 ,  1.1645 ,  0.9793 ,
  0.0803 ,  0.0805 , -0.3166 , -0.8887 ,  2.5977 ,  0.6540 ,
  0.0800 ,  0.1614 , -0.6340 , -0.2270 ,  1.3362 ,  0.3323 ,
 -0.0401 ,  0.0410 , -0.0005 , -0.8360 ,  1.7961 ,  0.6505 ,
  0.0406 , -0.0409 ,  0.1579 , -2.2906 ,  0.6935 ,  1.2957 ,
 -0.0815 , -0.0410 , -0.3180 ,  0.8468 ,  1.1250 ,  0.0036 ,
  0.1213 ,  0.0810 ,  0.0011 , -0.1240 ,  1.4176 ,  0.3252 ,
 -0.0406 ,  0.0811 , -0.3178 , -0.8877 ,  0.5422 ,  0.0036 ,
 -0.0006 ,  0.0806 , -0.4761 , -1.6580 ,  1.8489 , -0.3199 ,
 -0.0412 , -0.0412 , -0.3176 , -1.4782 ,  2.4324 ,  0.9793 ,
  0.0396 , -0.0008 , -0.3169 ,  0.0094 ,  1.9283 ,  0.6540 ,
  0.0006 ,  0.1223 , -0.0002 ,  0.5904 ,  2.4654 ,  0.3252 ,
  0.0402 ,  0.0403 , -0.1583 , -0.0569 ,  0.6766 ,  0.6522 ,
 -0.0010 ,  0.0803 , -0.6347 , -0.1034 ,  1.8482 ,  0.9828 ,
  0.0402 ,  0.1215 , -0.3171 , -1.7247 ,  2.5271 ,  0.6541 ,
  0.1215 ,  0.1217 ,  0.0010 , -0.1854 ,  1.4098 ,  0.3252 ,
  0.0388 , -0.0826 , -0.4754 , -2.1876 ,  0.6985 ,  0.6558 ,
  0.0810 ,  0.0811 ,  0.0007 , -0.1236 ,  1.9770 , -0.0000 ,
  0.0818 ,  0.1226 ,  0.3171 , -0.9668 ,  0.7256 ,  0.6347 ,
  0.0805 ,  0.0401 , -0.1579 ,  0.7176 ,  1.9841 ,  0.9775 ,
 -0.0010 , -0.0009 , -0.4759 , -1.5351 , -0.6246 ,  1.3063 ,
 -0.0805 ,  0.0816 , -0.1596 , -0.8922 ,  1.1023 ,  1.3027 ,
 -0.0413 , -0.0007 , -0.4763 ,  0.7898 ,  2.4238 ,  0.6558 ,
 -0.1617 , -0.0403 , -0.1602 , -0.7071 , -0.2446 ,  0.3270 ,
 -0.0400 ,  0.1222 , -0.1593 ,  2.1454 , -0.0871 ,  0.3270 ,
 -0.0005 ,  0.0401 , -0.3174 , -2.3765 ,  1.2353 ,  0.0036 ,
  0.0411 ,  0.1629 ,  0.0001 , -1.7959 ,  2.5207 ,  0.6504 ,
  0.0813 ,  0.0406 ,  0.1580 , -3.1879 ,  1.3593 ,  1.6372 ,
  0.1213 ,  0.0811 ,  0.1584 , -0.8971 ,  2.0390 ,  0.6573 ,
  0.0391 ,  0.0393 , -0.6342 , -0.0422 ,  2.5411 ,  0.3323 ,
  0.1208 ,  0.0399 , -0.1575 , -0.0576 ,  2.0470 ,  0.9775 ,
 -0.0413 ,  0.0805 , -0.6351 , -1.6528 , -0.0815 ,  0.6576 ,
 -0.1215 ,  0.0812 , -0.4773 , -0.1072 ,  1.0379 ,  0.6558 ,
  0.0399 , -0.0005 , -0.1582 , -0.7703 ,  0.6844 ,  0.6522 ,
 -0.0408 ,  0.0403 , -0.3178 , -0.8262 ,  2.4167 ,  1.3045 ,
 -0.0005 ,  0.0401 , -0.3174 , -1.6015 ,  1.8576 ,  1.3045 ,
  0.1202 , -0.0012 , -0.3161 ,  0.0087 ,  0.1873 ,  0.9793 ,
  0.0397 , -0.0413 , -0.1582 , -1.4837 ,  1.9368 ,  0.6522 ,
  0.0402 ,  0.0403 , -0.1583 , -0.8318 ,  1.2989 ,  0.3270 ,
 -0.0399 ,  0.0817 , -0.0006 ,  0.6522 ,  2.4105 ,  0.3252 ,
  0.1209 , -0.0006 ,  0.0012 , -0.7759 ,  0.8110 ,  0.3252 ,
  0.0802 , -0.0007 , -0.1578 ,  0.0042 ,  1.3696 ,  0.3270 ,
  0.0010 ,  0.1226 ,  0.1584 , -0.1893 ,  1.2218 ,  0.3234 ,
  0.0405 ,  0.0406 ,  0.0003 , -2.3866 ,  1.2996 ,  0.6504 ,
  0.0400 ,  0.0807 , -0.3170 , -0.1135 ,  1.2904 ,  0.3288 ,
  0.1199 , -0.1232 , -0.1572 ,  1.7378 ,  2.0781 , -0.3235 ,
  0.0809 , -0.0001 ,  0.1594 , -0.7805 ,  1.3711 ,  0.3234 ,
  0.0407 ,  0.0813 ,  0.0003 , -0.8982 ,  0.0473 ,  0.6504 ,
 -0.0405 ,  0.1623 , -0.4766 , -0.2308 ,  2.3927 ,  0.6558 ,
 -0.0001 ,  0.0405 , -0.1587 , -0.8315 ,  0.6137 ,  1.3027 ,
  0.0805 ,  0.0401 , -0.1579 ,  1.4924 ,  1.3617 ,  1.3027 ,
  0.0801 ,  0.0398 , -0.3165 , -2.3770 ,  1.3610 ,  0.9793 ,
 -0.0002 , -0.0408 ,  0.0001 ,  0.8362 ,  1.2524 ,  0.6504 ,
 -0.0399 ,  0.0005 ,  0.1582 , -0.0045 , -0.0622 ,  0.9739 ,
  0.0390 , -0.0419 , -0.4754 , -1.4740 ,  0.6907 ,  0.6558 ,
 -0.0001 ,  0.0405 , -0.1587 , -0.0566 ,  1.2359 ,  0.9775 ,
 -0.0005 ,  0.0401 , -0.3174 ,  0.7231 ,  0.6129 ,  0.3288 ,
  0.0811 , -0.0407 ,  0.3181 ,  0.8308 ,  0.1310 , -0.0024 ,
  0.0799 , -0.0010 , -0.3165 , -0.7658 ,  1.3689 ,  0.3288 ,
 -0.0395 ,  0.1633 , -0.0007 , -2.5702 ,  1.1503 ,  1.6262 ,
 -0.0403 ,  0.2031 , -0.4767 , -1.0672 ,  1.7626 ,  0.9811 ,
  0.1210 ,  0.1619 , -0.3164 , -0.2371 ,  2.6450 ,  0.6540 ,
 -0.0399 ,  0.0817 , -0.0006 , -0.8975 ,  1.7882 ,  0.6505 ,
  0.0806 , -0.0004 ,  0.0008 ,  0.7741 ,  2.6149 ,  1.6261 ,
  0.1208 ,  0.1211 , -0.3163 ,  1.3739 ,  1.4084 ,  0.3288 ,
  0.0807 ,  0.0808 , -0.1580 , -0.1187 ,  1.9763 ,  0.3270 ,
  0.0807 ,  0.0808 , -0.1580 , -0.1187 ,  0.7317 ,  0.3270 ,
  0.0002 ,  0.0408 , -0.0001 , -0.0615 ,  1.2367 ,  0.9757 ,
  0.0003 ,  0.0003 ,  0.1586 ,  0.7699 ,  1.2452 ,  0.6487 ,
 -0.0013 , -0.0417 , -0.4758 ,  0.0761 ,  0.0056 ,  0.9811 ,
 -0.0009 , -0.0414 , -0.3172 ,  0.0712 ,  0.6286 ,  0.9793 ,
 -0.0401 ,  0.0410 , -0.0005 , -0.8360 ,  0.5515 ,  0.6505 ,
  0.0406 ,  0.1218 , -0.1585 , -0.1798 ,  1.9056 ,  0.9775 ,
  0.0795 , -0.0013 , -0.4751 , -1.5358 ,  0.7459 ,  0.9811 ,
 -0.1219 , -0.0003 , -0.4771 , -2.3091 ,  1.0535 ,  0.9811 ,
  0.0813 ,  0.0002 ,  0.3181 , -0.0105 ,  0.1273 ,  0.9722 ,
  0.1213 ,  0.0810 ,  0.0011 , -0.1240 ,  2.6621 , -0.0000 ,
 -0.0003 ,  0.0809 , -0.3174 , -0.8881 ,  3.0940 ,  0.3288 ,
  0.0397 ,  0.0804 , -0.4757 , -0.8835 ,  0.0450 ,  0.9811 ,
 -0.0404 ,  0.0408 ,  0.1567 , -0.8347 ,  1.7934 ,  0.9798 ,
  0.0396 , -0.0008 , -0.3169 ,  1.5590 ,  1.3059 ,  0.3288 ,
  0.0008 ,  0.0818 ,  0.1585 , -0.1278 ,  0.6074 , -0.0018 ,
  0.0794 ,  0.0391 , -0.6338 ,  0.7322 ,  1.3596 ,  0.0071 ,
 -0.0001 ,  0.0405 , -0.1587 , -0.0566 ,  0.6137 ,  0.6522 ,
 -0.0409 ,  0.0808 , -0.4765 , -1.6576 , -0.0808 ,  0.6558 ,
  0.0400 ,  0.0807 , -0.3170 , -0.1135 ,  1.9127 ,  0.3288 ,
 -0.0001 ,  0.1217 , -0.3175 , -0.9495 ,  0.5973 ,  1.6297 ,
 -0.0804 ,  0.0412 , -0.0009 , -2.3856 ,  1.7331 ,  0.9757 ,
 -0.0008 ,  0.0398 , -0.4760 , -0.8217 ,  1.2344 ,  0.3306 ,
  0.0809 ,  0.1216 , -0.1581 , -2.5048 ,  1.9685 ,  0.3270 ,
 -0.0005 ,  0.0401 , -0.3174 , -1.6015 ,  0.6129 ,  0.3288 ,
  0.0388 ,  0.0390 , -0.7928 , -0.8122 ,  1.2958 ,  0.3341 ,
 -0.1622 ,  0.0811 , -0.6363 , -1.6517 ,  0.3520 ,  0.3324 ,
 -0.0809 ,  0.0813 , -0.3182 , -1.6622 ,  2.3460 ,  0.0036 ,
 -0.0408 ,  0.0403 , -0.3178 , -0.8262 ,  0.5500 ,  0.0036 ,
 -0.0013 , -0.0417 , -0.4758 ,  0.8510 ,  1.8723 ,  0.0053 ,
  0.0387 , -0.0422 , -0.6341 , -0.6942 ,  1.9346 ,  0.3323 ,
  0.0799 , -0.0010 , -0.3165 ,  0.7839 ,  0.7466 ,  0.3288 ,
  0.0400 ,  0.0807 , -0.3170 , -1.6632 ,  3.1570 ,  0.0036 ,
  0.1208 ,  0.1211 , -0.3163 , -0.1756 ,  2.0305 ,  0.3288 ,
  0.0805 ,  0.1213 , -0.3167 , -0.1753 ,  1.3455 , -0.3217 ,
  0.1208 ,  0.0399 , -0.1575 ,  1.4920 ,  2.6692 ,  0.9775 ,
 -0.0003 ,  0.0809 , -0.3174 , -0.8881 ,  1.2274 ,  0.6541 ,
 -0.0409 , -0.0409 , -0.1590 , -0.7082 ,  1.1887 ,  1.3027 ,
  0.1208 ,  0.1211 , -0.3163 , -0.9505 ,  0.1638 ,  1.3045 ,
  0.1204 ,  0.0396 , -0.3161 , -0.0527 ,  0.1794 ,  0.3288 ,
  0.0008 ,  0.0818 ,  0.1585 ,  0.6470 ,  0.6074 , -0.0018 ,
 -0.0398 ,  0.1629 , -0.1593 ,  0.5342 , -0.0949 ,  0.3270 ,
 -0.0003 , -0.0003 , -0.1586 , -0.7700 ,  0.6215 ,  0.3270 ,
  0.0786 , -0.0427 , -0.7923 , -0.6897 ,  1.9967 ,  0.9846 ,
 -0.0005 ,  0.0401 , -0.3174 ,  0.7231 ,  1.2353 ,  0.3288 ,
  0.0409 ,  0.1221 ,  0.0002 ,  1.3648 ,  1.9063 ,  0.6504 ,
  0.0392 , -0.0011 , -0.4755 ,  1.5640 ,  0.0607 ,  0.9811 ,
  0.0805 ,  0.0401 , -0.1579 , -1.6070 ,  0.7395 ,  0.9775 ,
 -0.0006 ,  0.0806 , -0.4761 , -0.8831 ,  1.2266 ,  0.9811 ,
  0.0817 ,  0.0818 ,  0.3179 , -0.1334 ,  0.1117 , -0.0029 ,
 -0.0007 , -0.0006 , -0.3173 ,  0.0098 ,  0.6208 ,  0.9793 ,
  0.0406 ,  0.1218 , -0.1585 , -0.9547 ,  1.2833 ,  1.3027 ,
  0.0795 , -0.0013 , -0.4751 , -2.3106 ,  0.1236 ,  0.9811 ,
  0.1196 , -0.0423 , -0.4746 , -0.6998 ,  1.4388 ,  0.6558 ,
 -0.0414 , -0.0820 , -0.3175 ,  0.1330 ,  1.8181 ,  0.3288 ,
  0.0802 , -0.0007 , -0.1578 ,  0.0042 ,  1.3696 ,  0.6522 ,
  0.1608 , -0.0011 , -0.1570 ,  0.0035 ,  2.7399 ,  0.6522 ,
  0.0398 ,  0.0400 , -0.3170 ,  0.7228 ,  1.2981 ,  0.9793 ,
 -0.0006 ,  0.0806 , -0.4761 ,  0.6666 ,  2.4712 ,  0.3306 ,
 -0.0003 ,  0.0809 , -0.3174 , -1.6630 ,  0.6051 ,  0.6541 ,
 -0.0399 ,  0.0817 , -0.0006 , -0.8975 ,  0.5437 ,  0.0000 ,
  0.1211 ,  0.0402 ,  0.0011 , -0.8374 , -0.4414 ,  0.9757 ,
  0.0812 ,  0.0812 ,  0.1577 , -1.6874 ,  1.3494 ,  0.6692 ,
  0.0397 ,  0.1616 , -0.6345 , -2.5515 , -0.5936 ,  0.0071 ,
 -0.0804 ,  0.0412 , -0.0009 , -0.8357 ,  1.7331 ,  1.3010 ,
 -0.0012 ,  0.0395 , -0.6346 , -0.0419 ,  1.8560 ,  1.3081 ,
  0.0396 , -0.0008 , -0.3169 , -0.7654 ,  1.3059 ,  0.9793 ,
 -0.0408 ,  0.0403 , -0.3178 , -0.0513 ,  1.1724 ,  0.6541 ,
  0.0396 , -0.0008 , -0.3169 , -0.7654 ,  1.3059 ,  0.6540 ,
  0.0389 , -0.0014 , -0.6342 , -3.0804 ,  1.3045 ,  0.9828 ,
  0.1606 ,  0.0798 , -0.4745 ,  0.6652 ,  0.8560 ,  0.6558 ,
  0.0808 ,  0.0406 ,  0.1582 , -0.8356 ,  1.3636 ,  1.3034 ,
  0.0403 , -0.0002 ,  0.0004 , -0.0003 ,  2.5519 ,  1.3009 ,
 -0.0816 ,  0.0807 , -0.6355 , -1.6524 ,  1.1001 , -0.3181 ,
 -0.0007 , -0.0006 , -0.3173 , -0.7651 ,  1.8653 ,  0.6541 ,
  0.0399 ,  0.1212 , -0.4757 , -0.1701 ,  0.0372 ,  0.6558 ,
  0.0402 ,  0.0403 , -0.1583 , -2.3816 ,  0.6766 ,  1.3027 ,
  0.0402 ,  0.1215 , -0.3171 , -0.9498 ,  1.9048 ,  0.6541 ,
  0.0406 ,  0.0001 ,  0.1590 , -0.0052 ,  0.6859 ,  0.9739 ,
 -0.0401 ,  0.0410 , -0.0005 , -1.6109 , -0.6931 ,  0.6505 ,
 -0.0001 ,  0.0405 , -0.1587 , -0.0566 ,  0.6137 ,  0.6522 ,
 -0.0003 ,  0.0809 , -0.3174 , -0.1131 ,  1.2274 ,  0.6541 ,
 -0.0401 ,  0.0410 , -0.0005 , -0.0611 ,  1.1737 ,  0.6505 ,
  0.0809 ,  0.1216 , -0.1581 , -0.9551 ,  0.7239 ,  0.6522 ,
  0.1208 ,  0.0399 , -0.1575 , -0.8325 ,  2.6692 ,  0.3270 ,
  0.0389 , -0.0014 , -0.6342 ,  0.0192 ,  0.6822 ,  0.6576 ,
  0.0388 ,  0.0390 , -0.7928 , -0.0374 ,  2.5403 ,  0.6594 ,
  0.0403 , -0.0002 ,  0.0004 , -0.0003 ,  1.9298 ,  0.3252 ,
 -0.0006 ,  0.0806 , -0.4761 , -0.1082 ,  2.4712 ,  1.3063 ,
  0.0402 ,  0.0403 , -0.1583 , -2.3816 ,  1.2989 ,  0.6522 ,
  0.0794 ,  0.0391 , -0.6338 , -0.8175 ,  3.2262 ,  0.0071 ,
  0.1211 ,  0.0402 ,  0.0011 , -0.0625 ,  2.0477 ,  0.3252 ,
 -0.0410 , -0.0004 , -0.3177 ,  0.0101 ,  0.5578 ,  0.3288 ,
 -0.0821 ,  0.0396 , -0.7941 , -0.8112 ,  0.4849 ,  0.6594 ,
 -0.0001 ,  0.1217 , -0.3175 , -0.9495 ,  1.8420 ,  1.3045 ,
  0.0390 , -0.0419 , -0.4754 ,  2.4003 ,  1.9353 ,  0.3306 ,
 -0.0011 , -0.0821 , -0.3171 ,  0.9075 ,  0.6364 ,  0.6541 ,
  0.1598 , -0.0020 , -0.6329 , -0.7567 ,  1.4932 ,  0.0071 ,
 -0.0004 ,  0.1214 , -0.4761 , -2.4945 ,  1.2188 ,  0.0053 ,
 -0.0410 , -0.0004 , -0.3177 ,  0.0101 ,  0.5578 ,  0.0036 ,
  0.1611 ,  0.1209 , -0.3159 , -2.5008 ,  3.3378 ,  0.9793 ,
 -0.1207 ,  0.0413 , -0.0013 , -1.6102 ,  1.6701 ,  0.3253 ,
  0.0398 ,  0.0400 , -0.3170 , -3.1516 ,  1.2981 ,  0.3288 ,
  0.0396 , -0.0008 , -0.3169 , -0.7655 ,  1.9283 , -0.3217 ,
 -0.0805 ,  0.0816 , -0.1596 ,  1.4322 , -0.1422 ,  1.3027 ,
 -0.0404 ,  0.0408 ,  0.1567 , -0.8347 ,  1.1716 ,  0.3326 ,
 -0.0003 ,  0.0809 , -0.3174 , -2.4380 ,  1.8497 ,  0.6541 ,
 -0.0411 ,  0.0400 , -0.4764 , -0.8214 ,  1.1715 ,  0.6558 ,
  0.0404 ,  0.0810 , -0.1584 , -1.6682 ,  0.6688 ,  0.0018 ,
  0.0407 ,  0.0813 ,  0.0003 , -0.8982 ,  1.2918 ,  0.6504 ,
  0.0397 , -0.0413 , -0.1582 ,  0.8408 ,  1.9368 ,  1.3027 ,
  0.0413 ,  0.0810 ,  0.3169 , -2.4759 , -1.1743 ,  0.9947 ,
 -0.0399 ,  0.0817 , -0.0006 , -0.8975 ,  1.7882 ,  1.3010 ,
 -0.0408 ,  0.0403 , -0.3178 , -1.6010 , -0.6945 ,  1.6297 ,
 -0.0816 , -0.0005 , -0.4767 ,  0.0154 , -0.1281 ,  0.6558 ,
  0.0394 , -0.0416 , -0.3168 ,  0.0709 ,  1.3138 ,  0.3288 ,
  0.0002 ,  0.0408 , -0.0001 , -0.0615 ,  0.6144 ,  0.9757 ,
 -0.0812 ,  0.0810 , -0.4769 , -1.6574 ,  1.1008 ,  0.6558 ,
  0.0395 ,  0.0396 , -0.4756 , -0.0471 ,  1.9197 ,  0.9811 ,
  0.0390 , -0.0419 , -0.4754 , -0.6991 ,  0.0685 ,  0.0053 ,
  0.0800 , -0.0415 , -0.1578 , -2.2589 ,  0.7551 ,  0.6522 ,
  0.0795 , -0.0013 , -0.4751 ,  0.7888 ,  1.3680 ,  0.3306 ,
 -0.0402 ,  0.0814 , -0.1592 ,  0.6571 ,  2.4096 ,  0.0018 ,
 -0.0406 , -0.0001 , -0.1590 , -0.7697 ,  1.1808 ,  1.3027 ,
 -0.0409 ,  0.0808 , -0.4765 , -0.8828 ,  1.1637 ,  0.3306 ,
 -0.0807 ,  0.0408 , -0.1595 , -2.3807 ,  1.1101 ,  1.3027 ,
 -0.0406 , -0.0001 , -0.1590 , -1.5445 ,  0.5586 ,  0.9775 ,
 -0.1214 ,  0.0407 , -0.3186 , -2.3753 ,  1.0464 ,  0.3288 ,
  0.0390 , -0.0419 , -0.4754 , -2.2490 ,  0.0685 , -0.3199 ,
  0.0803 ,  0.0805 , -0.3166 ,  1.4358 ,  2.5977 ,  0.9793 ,
 -0.0003 , -0.0003 , -0.1586 ,  1.5546 , -0.0007 ,  0.6522 ,
 -0.0013 , -0.0417 , -0.4758 , -0.6988 ,  1.8723 ,  0.3306 ,
  0.0804 ,  0.1618 , -0.4754 ,  0.5430 ,  1.3368 ,  0.9811 ,
  0.1210 ,  0.1619 , -0.3164 , -1.7869 ,  2.0227 ,  0.9793 ,
  0.1205 ,  0.1208 , -0.4749 , -0.9456 ,  3.2742 ,  1.3063 ,
  0.0003 ,  0.1220 , -0.1589 , -0.9544 ,  1.2203 ,  0.9775 ,
 -0.0806 ,  0.1231 ,  0.1572 ,  0.5794 ,  2.3344 , -0.0056 ,
  0.0799 , -0.0010 , -0.3165 , -2.3156 ,  2.6134 ,  0.9793 ,
  0.0400 ,  0.0807 , -0.3170 , -0.1135 ,  0.0458 ,  1.3045 ,
  0.0406 ,  0.1218 , -0.1585 , -0.1798 ,  0.6610 ,  0.6522 ,
  0.0395 ,  0.0396 , -0.4756 , -0.8220 ,  0.6751 ,  0.6558 ,
 -0.0816 ,  0.0807 , -0.6355 , -0.8775 ,  0.4778 ,  0.0071 ,
  0.1210 ,  0.1619 , -0.3164 , -1.0120 ,  1.4006 ,  0.9793 ,
  0.0407 ,  0.0813 ,  0.0003 , -0.8982 ,  1.9141 ,  0.6504 ,
  0.0401 , -0.0410 ,  0.0005 ,  0.0611 ,  1.9376 ,  0.6504 ,
 -0.0816 ,  0.0807 , -0.6355 , -0.8775 ,  0.4778 , -0.3181 ,
  0.0409 ,  0.1632 ,  0.1581 , -0.2513 ,  0.6495 ,  0.6476 ,
  0.0811 , -0.0403 ,  0.3180 ,  0.0525 ,  0.7576 , -0.0016 ,
  0.0802 ,  0.1210 , -0.4753 , -0.9453 ,  2.5891 ,  0.6558 ,
 -0.0408 ,  0.0403 , -0.3178 , -0.0513 ,  3.0391 ,  0.9793 ,
 -0.1616 , -0.0808 , -0.0015 , -2.9752 ,  0.3862 ,  0.9757 ,
 -0.0001 ,  0.0405 , -0.1587 , -0.8315 ,  0.6137 ,  0.9775 ,
 -0.0003 , -0.0003 , -0.1586 ,  0.0049 ,  0.6215 ,  0.3270 ,
 -0.1616 ,  0.1221 , -0.4777 , -0.1683 ,  1.5894 ,  0.6558 ,
  0.1203 ,  0.0800 , -0.4749 , -0.8841 ,  0.7932 ,  0.3306 ,
  0.1208 ,  0.1211 , -0.3163 , -0.9505 ,  0.7861 ,  0.6540 ,
 -0.1206 ,  0.1226 , -0.1601 , -0.9533 ,  2.2762 ,  1.3027 ,
 -0.0404 ,  0.1219 , -0.3179 ,  0.6005 ,  1.7790 ,  1.3045 ,
 -0.0809 ,  0.0813 , -0.3182 , -0.8874 ,  1.1016 ,  0.6541 ,
  0.0810 ,  0.0811 ,  0.0007 ,  0.6512 ,  1.3548 ,  0.6504 ,
  0.0394 , -0.0416 , -0.3168 ,  0.0709 ,  1.3138 ,  0.0036 ,
  0.1212 ,  0.1214 , -0.1577 ,  0.5943 ,  0.7868 ,  0.6522 ,
  0.0004 ,  0.0815 , -0.0002 , -3.2223 ,  3.0955 ,  0.6505 ,
 -0.0825 , -0.0419 , -0.7939 , -0.6883 ,  0.5005 ,  0.6594 ,
  0.0807 ,  0.0808 , -0.1580 , -0.8936 ,  1.9763 ,  0.6522 ,
  0.0813 ,  0.0815 ,  0.1593 , -0.1290 ,  0.1115 , -0.0013 ,
  0.0404 ,  0.0810 , -0.1584 , -0.8932 ,  1.9133 ,  1.6278 ,
  0.0395 ,  0.0396 , -0.4756 , -0.8220 ,  0.6751 ,  0.0053 ,
  0.0395 ,  0.0396 , -0.4756 ,  0.7277 ,  1.9197 ,  0.6558 ,
 -0.0404 ,  0.1219 , -0.3179 , -0.9491 ,  3.0233 ,  1.6297 ,
 -0.0404 ,  0.1219 , -0.3179 , -2.4990 , -0.0878 ,  0.6541 ,
  0.0398 ,  0.0400 , -0.3170 , -0.8269 ,  0.6759 ,  0.3288 ,
  0.0795 , -0.0013 , -0.4751 ,  0.0140 , -0.4987 ,  0.3306 ,
  0.0003 ,  0.1220 , -0.1589 ,  0.5953 ,  1.2203 ,  0.9775 ,
 -0.0001 ,  0.0405 , -0.1587 , -0.0566 ,  1.8582 ,  0.6522 ,
 -0.0403 ,  0.0002 , -0.0004 , -0.7745 ,  1.1816 ,  0.3252 ,
 -0.0814 ,  0.1214 , -0.6356 , -0.9390 ,  2.3368 ,  0.3324 ,
  0.0812 ,  0.1219 ,  0.0006 , -0.1851 ,  0.7247 ,  0.6504 ,
 -0.0406 ,  0.0811 , -0.3178 , -0.8877 , -0.0800 ,  0.6541 ,
 -0.0003 ,  0.0809 , -0.3174 , -0.1131 , -0.0171 ,  0.0036 ,
 -0.0402 ,  0.0814 , -0.1592 ,  0.6571 ,  1.7875 ,  1.3027 ,
  0.0397 ,  0.0804 , -0.4757 , -1.6584 ,  2.5341 ,  1.6314 ,
  0.0010 ,  0.1226 ,  0.1584 , -0.1893 ,  1.8441 ,  0.6487 ,
 -0.0807 ,  0.0408 , -0.1595 , -0.0559 ,  2.9768 ,  1.3027 ,
  0.1213 ,  0.0810 ,  0.0011 , -0.8988 ,  2.0400 , -0.0000 ,
  0.0808 ,  0.0404 ,  0.0007 ,  0.7127 ,  0.1180 ,  0.6504 ,
  0.0409 ,  0.1221 ,  0.0002 , -0.9596 ,  0.6618 , -0.0000 ,
  0.1208 ,  0.1211 , -0.3163 , -1.7254 ,  1.4084 ,  0.3288 ,
  0.1200 ,  0.0393 , -0.4748 , -0.8227 ,  2.6677 ,  0.6558 ,
 -0.0402 ,  0.0814 , -0.1592 ,  0.6571 ,  1.7875 ,  0.0018 ,
  0.0811 ,  0.1624 , -0.1581 , -1.0165 ,  2.5829 ,  1.9532 ,
  0.0802 , -0.0007 , -0.1578 ,  0.7790 ,  1.3696 ,  1.3027 ,
 -0.0003 ,  0.0809 , -0.3174 , -0.8881 , -0.0171 ,  0.9793 ,
  0.0800 ,  0.0802 , -0.4752 , -0.1089 ,  1.9748 ,  0.0053 ,
 -0.1212 ,  0.0815 , -0.3186 ,  0.6627 ,  1.0387 ,  0.3288 ,
  0.1206 ,  0.0803 , -0.3162 ,  0.6606 ,  1.4162 ,  0.6540 ,
  0.0008 ,  0.0818 ,  0.1585 , -2.4527 ,  1.8520 ,  0.6487 ,
  0.1203 ,  0.0800 , -0.4749 , -0.1093 ,  1.4153 ,  0.0053 ,
 -0.0006 ,  0.0806 , -0.4761 , -2.4331 ,  2.4712 ,  0.6558 ,
 -0.0408 ,  0.0403 , -0.3178 , -0.0513 ,  0.5500 ,  0.6541 ,
  0.0413 ,  0.0007 ,  0.4763 , -0.0150 ,  1.9320 ,  1.2956 ,
  0.1206 ,  0.0803 , -0.3162 , -0.1142 ,  0.7939 ,  0.6540 ,
  0.0405 ,  0.0406 ,  0.0003 ,  1.4878 ,  0.6774 , -0.0000 ,
 -0.0419 , -0.0418 , -0.6349 ,  0.0814 ,  0.5641 ,  0.6576 ,
 -0.0407 ,  0.1216 , -0.4765 , -0.1694 ,  1.7782 ,  0.6558 ,
  0.0002 ,  0.0408 , -0.0001 , -2.3862 , -0.0078 ,  0.3252 ,
 -0.0005 ,  0.0401 , -0.3174 , -0.0517 ,  1.8576 ,  0.6541 ,
 -0.0010 , -0.0009 , -0.4759 , -0.7602 ,  0.6200 ,  0.9811 ,
  0.1208 ,  0.0399 , -0.1575 , -0.8325 ,  0.8025 ,  0.0018 ,
 -0.0409 ,  0.0808 , -0.4765 ,  0.6669 ,  2.4082 ,  0.0053 ,
 -0.0007 , -0.0006 , -0.3173 ,  0.0098 ,  1.8653 ,  0.6541 ,
  0.0409 ,  0.1221 ,  0.0002 , -0.9596 ,  1.2841 ,  0.9757 ,
  0.0398 ,  0.0400 , -0.3170 , -0.8269 ,  0.6759 ,  0.6540 ,
  0.0390 , -0.0419 , -0.4754 , -0.6991 ,  0.0685 ,  0.3306 ,
  0.1610 , -0.0415 ,  0.0017 , -0.7148 ,  1.5040 , -0.3253 ,
 -0.0798 ,  0.0822 ,  0.1577 , -0.1265 , -0.1392 ,  0.3442 ,
 -0.0407 ,  0.1216 , -0.4765 , -0.9442 ,  1.7782 ,  0.9811 ,
  0.0397 ,  0.0804 , -0.4757 , -3.9831 ,  1.9119 ,  0.6558 ,
  0.0791 , -0.0828 , -0.4749 , -0.6380 ,  1.3837 ,  0.3306 ,
 -0.0004 ,  0.1214 , -0.4761 , -0.9446 ,  1.2188 ,  0.3306 ,
 -0.0008 , -0.0818 , -0.1585 ,  1.6775 ,  0.0149 ,  0.0018 ,
 -0.1206 , -0.0393 ,  0.1574 ,  0.0593 ,  1.0699 ,  0.3188 ,
 -0.0818 , -0.0413 , -0.4766 , -0.6980 ,  0.5020 ,  0.9811 ,
 -0.0805 ,  0.0816 , -0.1596 , -0.8922 ,  1.1023 ,  0.6523 ,
 -0.0003 ,  0.0809 , -0.3174 , -0.1131 ,  2.4719 ,  0.0036 ,
  0.0001 ,  0.0812 , -0.1588 , -0.1180 ,  1.8504 ,  1.3027 ,
 -0.0005 ,  0.0401 , -0.3174 , -0.8266 , -1.2540 ,  0.9793 ,
  0.0001 ,  0.1624 , -0.3176 ,  1.3135 ,  0.5895 ,  0.6541 ,
  0.0802 , -0.0819 ,  0.0010 , -2.2025 ,  1.3860 ,  1.3009 ,
 -0.0412 , -0.0412 , -0.3176 , -0.7033 ,  2.4324 ,  0.3288 ,
  0.0802 , -0.0007 , -0.1578 , -0.7707 ,  1.3696 ,  0.6522 ,
  0.0008 ,  0.0818 ,  0.1585 , -1.6777 ,  0.6074 ,  0.6487 ,
 -0.0405 ,  0.1623 , -0.4766 , -2.5556 , -1.9634 ,  0.9811 ,
  0.0397 ,  0.0804 , -0.4757 , -1.6584 ,  1.2895 , -0.3199 ,
  0.0006 ,  0.1223 , -0.0002 , -0.1844 ,  2.4654 ,  1.3010 ,
  0.0390 ,  0.0798 , -0.7930 , -0.0988 ,  0.0435 ,  0.9846 ,
 -0.0404 ,  0.0406 , -0.1591 , -2.3810 , -1.3161 ,  0.0018 ,
  0.1193 , -0.0426 , -0.6333 , -0.6949 ,  1.4380 ,  0.3323 ,
 -0.0005 ,  0.0401 , -0.3174 , -0.8266 ,  1.8576 ,  0.9793 ,
 -0.0812 ,  0.0810 , -0.4769 ,  0.6673 , -1.3884 ,  0.9811 ,
  0.1210 ,  0.0806 , -0.1576 , -0.1191 ,  1.4169 ,  0.6522 ,
  0.0399 , -0.0005 , -0.1582 ,  0.0045 ,  1.3067 ,  0.3270 ,
  0.0399 ,  0.1212 , -0.4757 , -0.9449 ,  1.2817 ,  0.6558 ,
  0.0812 ,  0.0815 ,  0.1584 , -0.9016 ,  0.7308 ,  0.3213 ,
 -0.0001 ,  0.0405 , -0.1587 , -0.0566 ,  0.6137 ,  0.0018 ,
 -0.0411 ,  0.1213 , -0.6352 , -1.7142 ,  1.7775 ,  0.6576 ,
  0.0805 ,  0.0401 , -0.1579 , -0.8322 ,  1.3617 , -0.3235 ,
 -0.0809 ,  0.0001 , -0.1594 , -0.7694 , -0.7489 ,  0.0018 ,
 -0.0816 ,  0.0807 , -0.6355 , -0.8775 ,  0.4778 ,  0.0071 ,
  0.0401 ,  0.1619 , -0.4758 , -0.2315 ,  1.8962 ,  0.3306 ,
  0.0799 , -0.0010 , -0.3165 ,  0.0091 ,  0.7466 ,  0.6540 ,
 -0.0401 ,  0.0410 , -0.0005 , -1.6109 ,  1.1737 ,  0.3252 ,
  0.1210 ,  0.0806 , -0.1576 , -0.8939 ,  2.6615 ,  0.6522 ,
 -0.0818 ,  0.0399 , -0.6354 , -0.8160 ,  0.4856 ,  0.9828 ,
  0.0396 , -0.0008 , -0.3169 ,  0.0094 ,  1.3059 ,  0.9793 ,
  0.0001 ,  0.0812 , -0.1588 ,  0.6568 ,  1.2282 ,  0.6522 ,
  0.0009 ,  0.0414 ,  0.3172 , -0.8461 ,  1.8605 , -0.3288 ,
  0.0795 , -0.0013 , -0.4751 , -0.7609 ,  0.1236 ,  0.6558 ,
  0.0407 ,  0.1224 ,  0.3149 , -1.7340 ,  1.9054 ,  0.3343 ,
 -0.0003 ,  0.0809 , -0.3174 , -2.4380 ,  1.2274 ,  0.3288 ,
 -0.0004 , -0.0815 ,  0.0002 , -0.6520 ,  1.8825 ,  0.3252 ,
 -0.0016 , -0.0420 , -0.6345 , -2.2437 ,  0.6271 ,  0.6576 ,
  0.0389 , -0.0014 , -0.6342 , -1.5305 , -0.5624 ,  0.9828 ,
  0.0402 ,  0.0403 , -0.1583 , -1.6066 ,  1.9211 ,  0.6522 ,
  0.0000 ,  0.0000 ,  0.0000 , -1.5497 ,  1.2446 , -0.3252 ,
  0.0407 ,  0.0813 ,  0.0003 , -0.8982 ,  2.5364 ,  1.3009 ,
  0.0801 ,  0.0398 , -0.3165 , -0.0524 ,  3.2277 ,  0.3288 ,
  0.1208 ,  0.0399 , -0.1575 , -1.6073 ,  2.0470 ,  0.0018 ,
  0.0399 , -0.0817 ,  0.0006 ,  1.6721 ,  0.0785 ,  0.6504 ,
 -0.0408 ,  0.0403 , -0.3178 ,  0.7235 ,  1.7946 ,  1.3045 ,
 -0.0018 , -0.0828 , -0.6344 , -0.6324 ,  1.8794 ,  0.9828 ,
  0.0395 ,  0.0396 , -0.4756 , -2.3719 ,  2.5418 ,  0.0053 ,
  0.0801 ,  0.0398 , -0.3165 , -0.0524 ,  2.6054 ,  1.3045 ,
  0.0402 ,  0.0816 ,  0.1581 , -0.1257 ,  1.2930 ,  1.3039 ,
  0.1196 , -0.0423 , -0.4746 , -0.6998 ,  0.1943 ,  0.6558 ,
  0.0402 ,  0.0403 , -0.1583 , -0.0569 ,  2.5433 ,  0.9775 ,
 -0.0411 ,  0.0400 , -0.4764 , -0.0464 ,  1.1715 ,  0.9811 ,
 -0.0003 ,  0.0809 , -0.3174 , -0.1131 , -0.0171 ,  0.9793 ,
  0.1201 , -0.0824 , -0.1573 , -1.4230 ,  0.8259 ,  0.6522 ,
 -0.0015 , -0.0825 , -0.4758 , -1.4122 ,  0.0134 ,  0.3306 ,
  0.0001 ,  0.0812 , -0.1588 , -0.1180 ,  1.8504 ,  0.3270 ,
  0.0002 ,  0.0408 , -0.0001 , -1.6112 ,  0.6144 ,  0.6505 ,
  0.1213 ,  0.0410 ,  0.3171 , -0.8281 ,  2.0576 ,  0.9760 ,
  0.0001 ,  0.0812 , -0.1588 , -1.6679 ,  0.6059 ,  0.6522 ,
 -0.0405 , -0.0406 , -0.0003 , -0.7131 ,  1.8117 ,  1.3010 ,
 -0.0003 ,  0.0809 , -0.3174 ,  0.6617 ,  1.2274 ,  0.3288 ,
  0.0805 ,  0.1213 , -0.3167 ,  0.5995 ,  1.9678 ,  0.0036 ,
 -0.0010 ,  0.0803 , -0.6347 , -2.4281 ,  0.6036 ,  0.3323 ,
  0.0798 ,  0.0395 , -0.4752 , -1.5973 ,  0.1158 ,  0.3306 ,
 -0.0411 , -0.0817 , -0.1589 , -1.4216 ,  2.4411 ,  0.9775 ,
  0.1212 ,  0.1214 , -0.1577 , -0.9554 ,  0.7868 ,  0.6522 ,
 -0.0406 , -0.0001 , -0.1590 , -1.5445 ,  1.1808 ,  0.3270 ,
 -0.0407 ,  0.1216 , -0.4765 , -0.9442 ,  2.4005 ,  0.6558 ,
  0.1604 ,  0.1203 , -0.6332 , -0.9411 ,  2.0920 ,  1.3080 ,
 -0.0411 ,  0.0400 , -0.4764 , -0.8214 ,  1.1715 ,  0.9811 ,
  0.0388 , -0.0826 , -0.4754 , -0.6376 ,  1.9431 ,  0.9811 ,
 -0.0400 , -0.0400 ,  0.1567 , -2.2836 ,  1.8025 ,  1.3145 ,
  0.0810 ,  0.0811 ,  0.0007 , -0.1236 ,  1.9770 ,  0.9757 ,
  0.0003 ,  0.1220 , -0.1589 , -0.9544 ,  1.8427 ,  0.6522 ,
 -0.0406 ,  0.0811 , -0.3178 , -0.1128 ,  1.7869 ,  0.0036 ,
  0.0405 ,  0.0406 ,  0.0003 , -2.3866 ,  1.9219 ,  1.6261 ,
 -0.0818 , -0.0413 , -0.4766 ,  0.8516 ,  1.7465 ,  0.6558 ,
 -0.0803 ,  0.1224 , -0.1597 ,  0.5960 ,  0.4723 ,  0.9775 ,
  0.0396 , -0.0008 , -0.3169 , -0.7654 ,  0.6837 ,  0.9793 ,
 -0.0008 ,  0.0398 , -0.4760 , -0.0468 ,  1.2344 ,  0.9811 ,
  0.0396 , -0.0008 , -0.3169 , -0.7654 ,  1.3059 ,  1.6297 ,
  0.0403 , -0.0002 ,  0.0004 , -2.3252 ,  2.5519 , -0.3253 ,
 -0.1203 ,  0.1229 , -0.0014 , -0.1833 ,  0.4101 ,  0.9757 ,
 -0.0804 ,  0.0420 ,  0.1579 ,  0.7060 ,  2.9719 ,  0.3149 ,
  0.0404 ,  0.0810 , -0.1584 ,  0.6565 ,  3.1576 ,  0.9775 ,
  0.0402 ,  0.0403 , -0.1583 ,  0.7179 ,  2.5433 ,  0.9775 ,
  0.0799 , -0.0010 , -0.3165 ,  0.0091 ,  2.6134 ,  0.0036 ,
  0.0405 ,  0.0406 ,  0.0003 ,  0.7130 ,  2.5441 ,  0.3252 ,
 -0.0406 , -0.0001 , -0.1590 ,  0.0052 , -0.0637 ,  0.0018 ,
  0.0400 ,  0.0807 , -0.3170 , -0.8884 ,  1.2904 ,  0.6540 ,
 -0.0003 , -0.0003 , -0.1586 ,  0.0049 , -0.0007 ,  0.3270 ,
  0.0396 , -0.0008 , -0.3169 ,  0.0094 ,  1.3059 ,  0.3288 ,
  0.0390 , -0.0419 , -0.4754 , -2.2490 ,  1.9353 ,  0.6558 ,
 -0.0802 ,  0.0819 , -0.0010 , -2.4470 ,  1.1030 ,  0.3253 ,
  0.0409 ,  0.1221 ,  0.0002 , -0.1847 ,  1.9063 ,  0.9757 ,
  0.0397 ,  0.1616 , -0.6345 , -1.0015 ,  0.6509 ,  0.3323 ,
  0.1197 ,  0.0390 , -0.6334 , -0.8178 ,  1.4225 ,  0.9828 ,
  0.0401 ,  0.1619 , -0.4758 , -2.5563 , -0.5929 ,  1.6314 ,
  0.0403 , -0.0002 ,  0.0004 ,  0.7745 ,  0.6852 ,  0.6504 ,
  0.0397 ,  0.0804 , -0.4757 ,  1.4410 ,  1.2895 , -0.3199 ,
  0.0802 , -0.0007 , -0.1578 , -1.5455 ,  0.1251 ,  0.6522 ,
  0.0807 ,  0.0808 , -0.1580 ,  0.6561 ,  1.9763 ,  0.9775 ,
 -0.0405 ,  0.1623 , -0.4766 , -1.0057 ,  0.5258 ,  0.9811 ,
  0.0800 ,  0.0802 , -0.4752 , -1.6587 ,  0.1080 ,  0.3306 ,
 -0.0020 , -0.1235 , -0.6343 , -1.3458 ,  1.8873 , -0.3181 ,
 -0.0014 , -0.0012 , -0.6346 , -0.7553 ,  0.6192 ,  0.6576 ,
 -0.0015 , -0.0825 , -0.4758 ,  0.9124 ,  2.5024 ,  0.3306 ,
  0.0399 , -0.0005 , -0.1582 , -0.7704 ,  0.0622 ,  0.0018 ,
  0.0398 ,  0.0400 , -0.3170 , -0.0520 ,  0.0536 ,  0.9793 ,
  0.1201 ,  0.1205 , -0.6336 , -0.9407 ,  2.0292 ,  0.3323 ,
 -0.0407 ,  0.1216 , -0.4765 , -0.1694 , -0.0886 ,  0.3306 ,
 -0.0409 ,  0.0808 , -0.4765 , -0.8828 ,  1.7860 ,  0.9811 ,
 -0.0818 , -0.0413 , -0.4766 , -0.6980 ,  0.5020 ,  0.6558 ,
  0.0398 ,  0.0400 , -0.3170 ,  1.4976 ,  1.9204 ,  0.0036 ,
 -0.0004 ,  0.1214 , -0.4761 , -0.1697 ,  2.4633 ,  0.6558 ,
 -0.0006 ,  0.0806 , -0.4761 , -0.8831 , -0.6402 ,  0.0053 ,
  0.0807 ,  0.1621 , -0.3168 , -1.0116 ,  1.9599 ,  0.3288 ,
 -0.0409 , -0.0409 , -0.1590 , -0.7082 ,  1.8109 ,  0.6522 ,
  0.0800 , -0.0415 , -0.1578 ,  0.8405 ,  1.9996 ,  0.9775 ,
 -0.0402 ,  0.1626 , -0.3180 , -0.2357 ,  1.7712 ,  0.3288 ,
  0.0397 , -0.0413 , -0.1582 ,  0.0660 , -0.5524 ,  0.6522 ,
 -0.0001 ,  0.1217 , -0.3175 , -0.9495 ,  1.2197 ,  0.6541 ,
  0.0811 ,  0.2436 , -0.3169 , -0.3597 ,  1.3220 ,  1.3045 ,
  0.1208 ,  0.1211 , -0.3163 , -0.9505 ,  3.2750 ,  0.3288 ,
 -0.0008 ,  0.0398 , -0.4760 , -1.5966 ,  1.2344 ,  0.6558 ,
 -0.0001 ,  0.1217 , -0.3175 , -0.1746 ,  1.8420 ,  0.9793 ,
  0.0801 ,  0.0398 , -0.3165 , -0.0524 ,  1.9834 ,  0.3288 ,
 -0.0400 ,  0.1222 , -0.1593 , -1.7289 ,  1.7796 ,  0.9775 ,
 -0.0814 ,  0.1214 , -0.6356 ,  0.6107 ,  2.3368 ,  0.9828 ,
  0.0394 , -0.0416 , -0.3168 , -2.2539 ,  1.3138 , -0.3217 ,
 -0.0404 ,  0.0406 , -0.1591 , -0.8311 ,  0.5508 ,  0.6522 ,
  0.1206 ,  0.0803 , -0.3162 , -0.8890 ,  3.2830 ,  0.9793 ,
  0.0797 , -0.0418 , -0.3164 ,  0.0705 ,  1.9990 ,  0.3288 ,
 -0.0005 ,  0.0401 , -0.3174 , -1.6015 ,  1.2353 ,  0.0036 ,
  0.0000 ,  0.0000 ,  0.0000 ,  0.0000 ,  1.2446 ,  1.3010 ,
 -0.0416 , -0.0415 , -0.4762 ,  1.6262 ,  0.5649 ,  0.6558 ,
 -0.0813 , -0.0002 , -0.3181 ,  0.7853 , -0.1273 ,  0.3288 ,
  0.0800 , -0.0415 , -0.1578 , -1.4841 ,  1.9996 ,  0.3270 ,
  0.0792 , -0.0016 , -0.6337 ,  0.0189 , -0.4995 ,  0.6576 ,
 -0.0003 , -0.0003 , -0.1586 , -2.3199 ,  1.2438 ,  0.6522 ,
  0.0407 ,  0.0813 ,  0.0003 , -0.8982 ,  1.9141 ,  0.6504 ,
  0.0392 , -0.0011 , -0.4755 , -1.5355 ,  1.3051 ,  0.3306 ,
 -0.0004 ,  0.1214 , -0.4761 , -2.4945 ,  1.2188 ,  0.6558 ,
  0.0408 ,  0.1626 , -0.1585 , -1.0162 ,  1.2754 ,  0.9775 ,
  0.0809 ,  0.0814 ,  0.1592 ,  0.6459 ,  0.7226 ,  0.9637 ,
  0.0809 ,  0.1216 , -0.1581 , -0.1802 ,  1.3462 ,  0.6522 ,
  0.0792 , -0.0016 , -0.6337 , -3.0807 ,  1.3673 ,  0.3323 ,
  0.0404 ,  0.0810 , -0.1584 , -1.6682 ,  1.2910 ,  0.3270 ,
 -0.0011 , -0.0821 , -0.3171 ,  0.1327 ,  1.2587 ,  0.3288 ,
 -0.0012 ,  0.0395 , -0.6346 ,  0.7329 ,  0.6115 ,  0.0071 ,
  0.2009 , -0.0420 , -0.1565 ,  0.8394 ,  2.1883 ,  0.0018 ,
 -0.0404 ,  0.1219 , -0.3179 , -0.9491 ,  0.5344 ,  0.3288 ,
 -0.0410 , -0.0004 , -0.3177 , -2.3145 ,  0.5578 ,  0.9793 ,
 -0.0001 ,  0.1217 , -0.3175 , -0.9495 ,  1.8420 ,  1.6297 ,
  0.0395 ,  0.0396 , -0.4756 , -0.0471 ,  0.6751 ,  0.6558 ,
 -0.0006 , -0.0411 , -0.1586 , -0.7085 ,  0.0071 ,  0.0018 ,
  0.0404 ,  0.0810 , -0.1584 , -1.6682 ,  0.0465 ,  0.3270 ,
  0.0801 ,  0.0398 , -0.3165 , -1.6022 ,  1.9834 ,  0.3288 ,
  0.0399 ,  0.1212 , -0.4757 , -1.7198 ,  1.2817 ,  0.9811 ,
  0.0807 ,  0.1621 , -0.3168 , -0.2368 ,  1.9599 ,  0.9793 ,
 -0.0809 ,  0.0813 , -0.3182 , -0.1124 ,  1.7239 ,  0.9793 ,
  0.0402 ,  0.0403 , -0.1583 , -0.8318 ,  2.5433 ,  0.9775 ,
  0.0390 , -0.1231 , -0.3166 ,  0.1938 ,  3.1960 ,  1.3045 ,
  0.1618 ,  0.1635 ,  0.4752 , -1.0156 ,  2.7139 ,  0.9724 ,
  0.0003 , -0.0809 ,  0.3174 ,  0.1131 ,  1.2616 ,  1.2974 ,
  0.0797 , -0.0418 , -0.3164 ,  0.8454 ,  1.3767 ,  1.6297 ,
 -0.0404 ,  0.0406 , -0.1591 , -1.6060 ,  1.7953 ,  0.6522 ,
  0.0797 , -0.0418 , -0.3164 , -1.4792 ,  1.9990 ,  0.6540 ,
  0.1208 ,  0.0812 ,  0.1589 , -0.1269 ,  1.4193 ,  1.3039 ,
  0.0000 ,  0.0000 ,  0.0000 , -2.3245 ,  1.2446 ,  0.9757 ,
 -0.0406 , -0.0001 , -0.1590 ,  0.7801 ,  1.1808 ,  0.6522 ,
  0.0800 ,  0.0802 , -0.4752 , -0.1089 ,  2.5970 ,  1.3063 ,
 -0.0813 , -0.0002 , -0.3181 ,  0.0105 ,  0.4950 ,  0.3288 ,
 -0.0404 ,  0.1223 ,  0.1557 , -2.5283 ,  1.1444 ,  0.3463 ,
  0.1601 , -0.0017 , -0.4743 , -0.7616 ,  2.1162 ,  0.9810 ,
 -0.0009 , -0.0414 , -0.3172 ,  0.8461 ,  0.6286 ,  0.9793 ,
  0.0798 ,  0.0395 , -0.4752 , -0.0475 ,  1.9826 ,  0.3306 ,
  0.0387 , -0.0422 , -0.6341 , -0.6942 ,  2.5568 ,  0.0071 ,
  0.0404 ,  0.0810 , -0.1584 , -2.4431 ,  1.2910 ,  0.9775 ,
 -0.0408 ,  0.0403 , -0.3178 , -2.3761 ,  0.5500 ,  0.6541 ,
  0.1202 , -0.0012 , -0.3161 , -0.7661 ,  0.8095 , -0.3217 ,
  0.0400 ,  0.0807 , -0.3170 , -0.1135 ,  1.2904 ,  1.3045 ,
 -0.0400 ,  0.1222 , -0.1593 , -1.7289 ,  1.1574 ,  0.9775 ,
  0.0800 ,  0.0802 , -0.4752 , -0.1089 ,  1.3525 ,  0.0053 ,
 -0.0013 ,  0.0800 , -0.7933 , -0.8733 ,  1.2251 ,  1.3098 ,
 -0.0409 ,  0.0808 , -0.4765 , -0.1079 ,  2.4082 ,  0.6558 ,
  0.0402 ,  0.0403 , -0.1583 , -1.6066 ,  0.6766 ,  0.6522 ,
  0.1208 ,  0.1211 , -0.3163 , -1.7254 ,  0.1638 , -0.3217 ,
  0.0803 ,  0.0805 , -0.3166 , -0.1138 ,  0.7310 ,  0.3288 ,
  0.0406 ,  0.1218 , -0.1585 , -1.7296 ,  0.0387 ,  0.0018 ,
  0.1210 ,  0.1619 , -0.3164 , -1.0120 ,  2.6450 ,  0.9793 ,
  0.0395 ,  0.1209 , -0.6344 , -0.9400 ,  1.9034 ,  0.6576 ,
  0.0800 , -0.0415 , -0.1578 , -1.4841 ,  2.6219 ,  0.9775 ,
  0.1619 , -0.0002 ,  0.3189 ,  0.7636 ,  2.7422 ,  0.9721 ,
  0.1610 ,  0.0397 , -0.1571 ,  0.7169 ,  1.4876 ,  0.3270 ,
  0.0013 ,  0.1229 ,  0.3170 , -0.1942 , -0.0219 , -0.3288 ,
 -0.0812 ,  0.0810 , -0.4769 , -0.1076 ,  0.4786 ,  0.3306 ,
  0.0395 ,  0.0396 , -0.4756 , -0.8220 ,  0.6751 ,  0.9811 ,
 -0.0008 ,  0.1211 , -0.6348 ,  1.3848 ,  2.4627 , -0.3181 ,
 -0.0397 ,  0.1225 , -0.0006 , -0.9589 ,  1.1581 ,  0.3252 ,
 -0.0003 ,  0.0809 , -0.3174 , -1.6630 ,  1.8497 ,  1.3045 ,
  0.0400 ,  0.0807 , -0.3170 , -0.8884 ,  1.9127 ,  0.3288 ,
  0.0391 ,  0.0393 , -0.6342 , -0.0422 ,  3.1633 ,  0.3323 ,
  0.0799 , -0.0010 , -0.3165 ,  0.0091 ,  1.9911 ,  0.3288 ,
  0.0800 ,  0.0802 , -0.4752 ,  0.6659 ,  1.3525 ,  1.3063 ,
  0.0805 ,  0.0401 , -0.1579 , -2.3818 ,  0.1173 ,  0.6522 ,
 -0.1201 ,  0.1636 , -0.0015 , -1.0197 ,  1.6468 ,  0.3253 ,
  0.1616 ,  0.0808 ,  0.0015 , -0.8992 ,  2.1029 ,  0.6504 ,
  0.0803 ,  0.0805 , -0.3166 ,  1.4358 , -1.7583 ,  0.3288 ,
 -0.0417 , -0.0010 , -0.6350 , -1.5299 ,  1.8009 ,  1.6332 ,
 -0.1217 ,  0.1216 , -0.6360 , -0.9386 ,  1.6517 ,  0.9828 ,
  0.0800 ,  0.0802 , -0.4752 ,  0.6659 ,  1.3525 ,  0.6558 ,
 -0.0005 ,  0.0401 , -0.3174 , -0.8266 ,  0.6129 ,  0.3288 ,
 -0.0809 ,  0.0001 , -0.1594 , -1.5442 ,  0.4957 ,  0.6523 ,
  0.0798 ,  0.1207 , -0.6340 , -0.1655 ,  1.9662 ,  0.6576 ,
 -0.0005 ,  0.0401 , -0.3174 , -0.0517 ,  1.2353 ,  0.0036 ,
  0.0397 , -0.0413 , -0.1582 , -1.4837 ,  2.5588 ,  0.3270 ,
 -0.1220 , -0.0816 , -0.3183 ,  0.1337 ,  1.6922 ,  1.3045 ,
 -0.0003 , -0.0003 , -0.1586 ,  0.0049 ,  1.2438 ,  0.9775 ,
  0.1609 ,  0.0801 , -0.3158 ,  1.4351 ,  2.1013 ,  0.3288 ,
 -0.0015 ,  0.1204 , -0.9520 , -0.9299 , -0.0279 ,  0.9864 ,
 -0.0005 ,  0.0401 , -0.3174 , -1.6015 ,  1.2353 ,  0.9793 ,
  0.0409 , -0.1624 ,  0.3169 , -1.2939 ,  1.9813 ,  1.6232 ,
 -0.0401 ,  0.0410 , -0.0005 , -0.0611 ,  1.1737 ,  0.9757 ,
  0.1210 ,  0.0806 , -0.1576 , -0.8939 ,  0.7946 ,  0.9775 ,
  0.0399 , -0.0005 , -0.1582 ,  0.0045 ,  1.9290 ,  0.3270 ,
 -0.0409 , -0.0409 , -0.1590 , -1.4831 , -0.0559 ,  0.3270 ,
  0.1212 ,  0.1214 , -0.1577 , -0.1805 ,  1.4091 ,  0.6522 ,
  0.0803 ,  0.0805 , -0.3166 , -0.1138 ,  0.1087 ,  0.6540 ,
  0.1596 , -0.0428 , -0.6329 , -0.6952 ,  1.5010 ,  0.3323 ,
 -0.0412 , -0.0412 , -0.3176 ,  0.0716 ,  1.1879 ,  0.3288 ,
  0.0799 , -0.0010 , -0.3165 , -0.7658 ,  1.3689 ,  0.3288 ,
  0.1607 ,  0.0394 , -0.3157 , -0.0531 ,  1.4869 , -0.6469 ,
  0.0399 ,  0.1212 , -0.4757 ,  1.3796 ,  1.9040 ,  0.0053 ,
 -0.0008 ,  0.0398 , -0.4760 , -0.8217 ,  0.6122 ,  1.3063 ,
 -0.0409 ,  0.0808 , -0.4765 , -0.1079 , -1.3255 ,  0.3306 ,
  0.0801 ,  0.0398 , -0.3165 ,  0.7224 ,  1.3610 ,  0.3288 ,
  0.1217 ,  0.1625 ,  0.0009 ,  0.5280 ,  2.6466 ,  0.3252 ,
  0.0409 ,  0.1221 ,  0.0002 ,  0.5901 ,  1.2841 ,  1.3009 ,
 -0.0804 ,  0.0412 , -0.0009 , -0.0608 ,  0.4886 ,  0.9757 ,
  0.0398 ,  0.0400 , -0.3170 ,  0.7228 ,  1.2981 ,  1.6297 ,
  0.1186 , -0.0432 , -0.9506 , -0.6851 ,  2.6810 ,  0.3359 ,
  0.0805 ,  0.0401 , -0.1579 , -2.3818 ,  1.3617 ,  1.3027 ,
 -0.1611 ,  0.0820 , -0.1604 , -1.6664 ,  0.9765 ,  0.3270 ,
  0.0800 , -0.0415 , -0.1578 ,  0.8405 ,  3.2442 ,  0.6522 ,
  0.0003 ,  0.0003 ,  0.1586 ,  0.7699 ,  0.6230 ,  0.6487 ,
  0.0411 ,  0.1629 ,  0.0001 ,  0.5286 ,  0.6540 ,  0.3252 ,
  0.0799 , -0.0010 , -0.3165 , -0.7658 ,  1.3689 ,  0.3288 ,
  0.0404 ,  0.0810 , -0.1584 , -0.1184 ,  1.9133 , -0.3235 ,
  0.0812 ,  0.1219 ,  0.0006 ,  0.5897 ,  1.3469 ,  0.9757 ,
 -0.0404 ,  0.0408 ,  0.1567 , -0.8347 ,  1.7934 ,  0.3326 ,
 -0.0395 ,  0.1633 , -0.0007 , -0.2455 ,  2.3947 ,  0.3252 ,
  0.0400 ,  0.0807 , -0.3170 ,  1.4361 ,  1.9127 ,  0.0036 ,
  0.0409 ,  0.1221 ,  0.0002 , -0.9596 ,  2.5286 ,  0.3252 ,
  0.0395 ,  0.0396 , -0.4756 ,  0.7277 ,  2.5418 ,  0.3306 ,
  0.0405 ,  0.0406 ,  0.0003 ,  0.7130 ,  2.5441 ,  0.9757 ,
 -0.0018 , -0.0828 , -0.6344 , -2.9570 ,  3.1239 ,  0.3323 ,
  0.0396 , -0.0008 , -0.3169 , -0.7654 ,  1.3059 ,  0.6540 ,
  0.0394 , -0.0416 , -0.3168 ,  0.0709 ,  1.9361 ,  0.0036 ,
 -0.0821 ,  0.0396 , -0.7941 , -0.8112 , -0.1374 ,  0.0089 ,
 -0.0010 , -0.0009 , -0.4759 , -0.7602 ,  1.2422 ,  0.0053 ,
  0.0397 ,  0.1616 , -0.6345 , -0.2266 ,  1.8955 ,  0.9828 ,
 -0.0009 , -0.0414 , -0.3172 , -2.2535 ,  0.0063 ,  0.0036 ,
 -0.0001 ,  0.0405 , -0.1587 , -0.0566 ,  1.2359 ,  0.6522 ,
  0.1616 ,  0.0808 ,  0.0015 , -1.6740 ,  2.1029 , -0.0000 ,
  0.1198 , -0.0827 , -0.3159 ,  0.1317 ,  2.0697 ,  1.3045 ,
 -0.0003 ,  0.0809 , -0.3174 , -0.1131 ,  1.2274 ,  0.6541 ,
 -0.0808 , -0.0404 , -0.0007 , -0.7128 ,  1.7488 ,  0.6505 ,
  0.0398 ,  0.0400 , -0.3170 , -3.1516 ,  1.9204 ,  0.3288 ,
  0.0396 , -0.0008 , -0.3169 , -3.0901 ,  1.9283 , -0.3217 ,
  0.0403 , -0.0002 ,  0.0004 , -0.7752 ,  0.0629 ,  0.9757 ,
  0.0398 ,  0.0400 , -0.3170 , -0.8269 ,  1.9204 ,  0.3288 ,
  0.1199 ,  0.0797 , -0.6335 , -0.8793 ,  2.0368 ,  0.6576 ,
  0.0397 ,  0.0804 , -0.4757 , -0.8835 ,  1.2895 ,  0.6558 ,
  0.0798 ,  0.0395 , -0.4752 ,  1.5021 ,  1.3603 ,  0.0053 ,
 -0.0815 , -0.0410 , -0.3180 ,  0.0719 ,  0.5027 ,  0.6541 ,
  0.0788 , -0.0832 , -0.6336 ,  0.9166 ,  2.6276 ,  0.6576 ,
  0.0799 , -0.0010 , -0.3165 , -0.7658 ,  1.9911 ,  0.3288 ,
  0.0795 , -0.0013 , -0.4751 ,  0.7888 ,  1.3680 ,  0.9811 ,
 -0.0417 , -0.0010 , -0.6350 , -0.7550 ,  1.8009 ,  0.3323 ,
  0.0787 ,  0.0385 , -0.9511 , -0.0328 ,  1.9804 ,  0.3359 ,
  0.0795 , -0.0013 , -0.4751 , -0.7609 ,  1.9904 ,  0.6558 ,
 -0.0401 ,  0.0410 , -0.0005 , -1.6109 ,  0.5515 ,  0.3252 ,
  0.0395 ,  0.0396 , -0.4756 ,  0.7277 ,  0.0529 ,  0.6558 ,
 -0.1206 ,  0.1226 , -0.1601 , -1.7282 ,  0.4093 ,  0.9775 ,
  0.0402 ,  0.1215 , -0.3171 , -0.9498 ,  1.2825 ,  0.3288 ,
 -0.0404 ,  0.1219 , -0.3179 , -0.9491 ,  1.1567 ,  0.3288 ,
 -0.0413 , -0.0007 , -0.4763 , -0.7599 ,  2.4238 ,  1.3063 ,
 -0.0406 ,  0.0811 , -0.3178 ,  0.6620 ,  1.7869 ,  0.3288 ,
  0.0799 , -0.0010 , -0.3165 ,  0.0091 ,  1.9911 ,  0.0036 ,
 -0.0410 , -0.0004 , -0.3177 , -0.7647 ,  1.1801 ,  0.9793 ,
 -0.0815 ,  0.1619 , -0.7943 ,  0.5542 ,  0.4615 ,  0.9846 ,
  0.1206 ,  0.0803 , -0.3162 , -0.8890 ,  0.7939 ,  0.6540 ,
  0.0810 ,  0.0811 ,  0.0007 , -1.6734 ,  0.7325 ,  0.9757 ,
 -0.0001 ,  0.0405 , -0.1587 , -0.8315 ,  1.2359 ,  0.3270 ,
  0.0810 , -0.0405 ,  0.1588 , -0.7095 ,  1.3856 ,  0.3306 ,
 -0.0411 ,  0.1213 , -0.6352 , -0.9394 , -0.7117 ,  0.9828 ,
  0.0802 ,  0.1210 , -0.4753 , -0.1704 ,  1.3446 ,  0.6558 ,
 -0.0403 ,  0.0002 , -0.0004 ,  0.0003 ,  1.8039 ,  0.9757 ,
 -0.0813 , -0.0002 , -0.3181 , -0.7644 ,  1.1171 ,  1.3045 ,
 -0.2018 ,  0.0819 , -0.3195 , -0.1114 ,  0.9128 ,  0.3288 ,
 -0.0020 , -0.0423 , -0.7931 , -0.6889 ,  2.4932 ,  0.6594 ,
  0.0394 ,  0.1613 , -0.7931 , -0.9966 ,  2.5171 ,  0.6594 ,
  0.1207 , -0.0413 ,  0.0013 , -0.7145 ,  2.0635 ,  0.6504 ,
  0.0390 ,  0.0798 , -0.7930 , -0.0988 ,  3.1549 ,  0.0089 ,
  0.1205 , -0.0009 , -0.1574 , -2.3210 ,  2.0547 ,  1.3027 ,
 -0.1617 ,  0.0409 , -0.3190 , -0.0503 ,  0.3613 ,  1.6297 ,
 -0.0008 ,  0.0398 , -0.4760 , -0.8217 ,  0.6122 ,  0.6558 ,
  0.0793 , -0.0421 , -0.4750 , -0.6995 ,  0.7536 ,  0.6558 ,
  0.0802 , -0.0007 , -0.1578 , -1.5455 , -0.4972 ,  0.6522 ,
 -0.0004 ,  0.1214 , -0.4761 , -0.1697 ,  1.2188 ,  0.9811 ,
  0.0799 , -0.0010 , -0.3165 , -2.3156 ,  1.9911 ,  0.9793 ,
  0.0405 ,  0.0406 ,  0.0003 ,  0.7130 ,  0.6774 ,  0.3252 ,
 -0.0005 ,  0.0401 , -0.3174 ,  0.7231 ,  0.6129 ,  1.3045 ,
  0.0795 , -0.0013 , -0.4751 ,  0.0140 ,  0.7459 ,  0.0053 ,
 -0.0415 ,  0.0397 , -0.6350 , -0.8165 ,  0.5485 ,  0.6576 ,
 -0.1214 , -0.0405 , -0.1598 , -3.0320 , -0.1817 ,  0.3270 ,
 -0.1208 ,  0.0818 , -0.1600 , -0.1170 ,  1.6617 ,  1.3027 ,
 -0.0402 ,  0.0814 , -0.1592 , -2.4424 ,  1.1652 ,  0.6522 ,
 -0.0008 ,  0.1211 , -0.6348 , -0.1648 ,  1.2181 ,  1.3081 ,
  0.0402 ,  0.0403 , -0.1583 , -1.6066 ,  1.2989 ,  0.6522 ,
  0.0402 ,  0.0403 , -0.1583 , -2.3816 ,  2.5433 , -0.3235 ,
 -0.0008 ,  0.0398 , -0.4760 , -1.5966 ,  1.8568 ,  0.9811 ,
 -0.0002 , -0.0408 ,  0.0001 , -2.2633 ,  0.6301 ,  0.6504 ,
  0.0399 , -0.0005 , -0.1582 ,  0.0045 ,  0.6844 ,  0.6522 ,
  0.0400 ,  0.0807 , -0.3170 ,  1.4361 ,  0.6681 ,  0.3288 ,
 -0.0005 ,  0.0401 , -0.3174 ,  0.7231 ,  1.2353 ,  0.6541 ,
 -0.0003 ,  0.0809 , -0.3174 , -0.1131 ,  0.6051 ,  0.9793 ,
 -0.0006 , -0.0411 , -0.1586 , -1.4835 ,  2.4959 ,  0.3270 ,
  0.0004 ,  0.0815 , -0.0002 ,  1.4267 ,  2.4733 ,  0.6505 ,
 -0.0411 ,  0.0400 , -0.4764 , -0.8214 ,  0.5493 ,  0.6558 ,
 -0.0010 , -0.0009 , -0.4759 , -0.7602 ,  2.4868 ,  0.3306 ,
 -0.0003 ,  0.0809 , -0.3174 , -0.1131 ,  1.8497 ,  0.9793 ,
 -0.0005 ,  0.0401 , -0.3174 ,  0.7231 , -0.0093 ,  0.0036 ,
 -0.0003 ,  0.0809 , -0.3174 , -0.1131 ,  1.2274 ,  0.3288 ,
 -0.0404 ,  0.0406 , -0.1591 , -0.8311 , -0.0715 ,  0.9775 ,
  0.0805 ,  0.1213 , -0.3167 ,  0.5995 ,  0.1009 ,  0.3288 ,
  0.0391 ,  0.0393 , -0.6342 , -0.8171 ,  0.6744 ,  0.0071 ,
  0.0008 ,  0.0818 ,  0.1585 , -2.4527 ,  1.8520 ,  0.6487 ,
  0.0808 ,  0.0404 ,  0.0007 , -0.8370 ,  3.2294 ,  0.9757 ,
 -0.0408 ,  0.0403 , -0.3178 , -0.0513 ,  0.5500 ,  0.9793 ,
 -0.0805 ,  0.0816 , -0.1596 , -0.8922 ,  1.7246 ,  0.3270 ,
 -0.0006 , -0.0411 , -0.1586 ,  0.0663 ,  3.1181 ,  1.6278 ,
  0.0807 ,  0.0808 , -0.1580 ,  0.6561 ,  1.9763 ,  0.3270 ,
 -0.0410 , -0.0004 , -0.3177 ,  0.7850 ,  1.8024 ,  0.3288 ,
  0.0408 ,  0.0409 ,  0.1581 , -0.8414 ,  0.6761 ,  0.3199 ,
  0.0400 ,  0.0807 , -0.3170 ,  1.4361 ,  1.9127 ,  0.3288 ,
 -0.0416 ,  0.0802 , -0.7938 ,  0.6767 ,  0.5400 ,  1.9603 ,
 -0.0812 ,  0.0810 , -0.4769 , -0.8824 ,  0.4786 , -0.3199 ,
 -0.0413 , -0.0007 , -0.4763 , -0.7599 ,  1.1793 ,  0.6558 ,
  0.0000 ,  0.0000 ,  0.0000 , -2.3245 ,  1.2446 ,  0.6505 ,
  0.1208 ,  0.0399 , -0.1575 ,  2.2667 ,  1.4247 ,  0.6522 ,
  0.0803 ,  0.0805 , -0.3166 , -0.8887 ,  1.9755 ,  0.0036 ,
 -0.0816 , -0.0005 , -0.4767 , -0.7595 ,  0.4942 ,  0.0054 ,
  0.1209 , -0.0006 ,  0.0012 , -1.5508 ,  1.4333 ,  1.3009 ,
 -0.1212 ,  0.0003 , -0.1599 , -1.5438 ,  1.6773 ,  0.6523 ,
 -0.0399 ,  0.0817 , -0.0006 , -2.4473 ,  0.5437 ,  0.6505 ,
  0.1213 ,  0.0810 ,  0.0011 ,  1.4257 ,  1.4176 , -0.3253 ,
 -0.0006 , -0.0411 , -0.1586 , -1.4835 ,  1.2515 ,  0.3270 ,
 -0.0816 , -0.1222 , -0.1592 , -0.5849 ,  1.7636 ,  0.6522 ,
  0.0805 ,  0.0401 , -0.1579 ,  0.7176 ,  1.3617 ,  0.9775 ,
  0.0796 ,  0.0799 , -0.6339 , -0.1040 ,  1.9741 ,  0.9828 ,
  0.1198 , -0.0015 , -0.4747 , -2.3111 ,  1.4309 ,  0.6558 ,
 -0.0417 , -0.0010 , -0.6350 ,  0.7947 ,  1.8009 ,  0.3323 ,
  0.0004 ,  0.0815 , -0.0002 , -0.8978 ,  1.8511 ,  0.3252 ,
  0.0404 ,  0.1623 , -0.3172 , -0.2364 ,  0.6524 ,  0.0036 ,
  0.0400 ,  0.0807 , -0.3170 , -0.8884 ,  1.9127 ,  0.0036 ,
 -0.1620 ,  0.0406 , -0.4776 , -0.0454 ,  1.6050 ,  1.3063 ,
 -0.0003 , -0.0003 , -0.1586 , -2.3199 ,  1.2438 ,  1.3027 ,
  0.0801 ,  0.0398 , -0.3165 , -0.8273 ,  0.1165 ,  0.6540 ,
 -0.1210 ,  0.1223 , -0.3187 , -2.4983 ,  0.4086 ,  0.9793 ,
 -0.0003 , -0.0003 , -0.1586 , -2.3199 ,  1.8661 ,  0.9775 ,
  0.0392 , -0.0011 , -0.4755 , -1.5355 ,  1.9274 ,  0.6558 ,
 -0.0013 ,  0.0800 , -0.7933 , -0.8733 ,  2.4697 ,  1.3098 ,
 -0.1214 , -0.0405 , -0.1598 , -2.2573 ,  0.4406 ,  0.3270 ,
 -0.0001 ,  0.0405 , -0.1587 , -0.0566 ,  1.2359 ,  0.9775 ,
  0.1203 , -0.0417 , -0.1573 ,  0.0653 ,  1.4403 ,  0.6522 ,
  0.0805 ,  0.1213 , -0.3167 , -0.1753 ,  1.9678 , -0.3217 ,
 -0.0002 ,  0.1621 , -0.4762 , -1.7809 ,  0.5887 , -0.3199 ,
  0.0800 ,  0.0802 , -0.4752 , -2.4336 ,  2.5970 ,  0.9811 ,
 -0.0406 , -0.0001 , -0.1590 , -0.7697 ,  1.1808 ,  0.0018 ,
  0.0793 ,  0.0796 , -0.7925 , -0.0992 ,  1.3510 ,  0.6594 ,
  0.1207 ,  0.1616 , -0.4750 , -0.2322 ,  3.2665 ,  0.9811 ,
  0.1606 , -0.0418 , -0.1569 ,  0.0650 ,  0.2587 ,  0.6522 ,
  0.0805 ,  0.0814 ,  0.1585 , -0.1263 ,  1.3561 ,  0.9779 ,
  0.0800 ,  0.0802 , -0.4752 ,  0.6659 ,  2.5970 ,  1.3063 ,
  0.0795 ,  0.1204 , -0.7926 ,  0.6142 ,  2.5876 ,  1.3098 ,
  0.0803 ,  0.0805 , -0.3166 , -0.8887 ,  1.9755 ,  0.6540 ,
 -0.0003 ,  0.0809 , -0.3174 , -0.8881 ,  2.4719 ,  0.0036 ,
 -0.0011 ,  0.1208 , -0.7934 , -0.9348 ,  1.8397 ,  0.3341 ,
  0.0801 ,  0.0398 , -0.3165 , -0.0524 ,  1.9834 , -0.3217 ,
 -0.0008 ,  0.0398 , -0.4760 ,  0.7280 ,  1.8568 ,  0.0053 ,
  0.0798 ,  0.0395 , -0.4752 ,  0.7273 ,  1.9826 , -0.6451 ,
  0.0808 ,  0.0404 ,  0.0007 , -2.3868 , -0.5043 , -0.0000 ,
  0.0810 ,  0.0811 ,  0.0007 ,  1.4260 ,  1.9770 ,  0.6504 ,
  0.0808 ,  0.0404 ,  0.0007 ,  0.7127 ,  0.7403 ,  0.6504 ,
 -0.0397 ,  0.0414 ,  0.1581 ,  0.7169 , -0.0722 ,  0.9888 ,
  0.0001 , -0.0405 ,  0.1587 , -0.7183 ,  1.2530 , -0.3270 ,
  0.1201 , -0.0824 , -0.1573 , -1.4230 ,  1.4481 ,  0.3270 ,
  0.0408 ,  0.0408 ,  0.1574 , -1.6258 ,  3.1494 , -0.2988 ,
  0.0392 , -0.0011 , -0.4755 ,  0.7891 ,  1.3051 ,  1.9568 ,
  0.0392 , -0.0011 , -0.4755 , -1.5355 ,  1.3051 ,  1.3063 ,
 -0.0007 , -0.0006 , -0.3173 ,  0.0098 ,  0.6208 ,  0.3288 ,
  0.0813 ,  0.0002 ,  0.3181 , -2.3352 ,  0.1273 ,  0.3217 ,
  0.0006 ,  0.0411 ,  0.1586 , -0.0664 ,  3.1042 ,  0.3234 ,
 -0.0416 , -0.0415 , -0.4762 ,  0.8513 ,  1.1871 ,  0.3306 ,
 -0.0013 , -0.0417 , -0.4758 , -0.6988 ,  3.1169 , -0.3199 ,
 -0.0006 ,  0.0806 , -0.4761 ,  0.6666 ,  1.8489 ,  0.0053 ,
  0.0794 ,  0.0391 , -0.6338 , -0.0426 ,  2.6041 ,  0.3323 ,
 -0.0807 ,  0.0408 , -0.1595 , -1.6056 , -0.1344 , -0.3234 ,
  0.0395 ,  0.0396 , -0.4756 , -0.0471 ,  1.2973 ,  0.6558 ,
  0.0408 ,  0.1626 , -0.1585 , -2.5660 ,  1.2754 , -0.6487 ,
 -0.0010 , -0.0009 , -0.4759 , -1.5351 ,  1.8645 ,  0.3306 ,
 -0.0417 , -0.0010 , -0.6350 , -1.5299 ,  1.1787 ,  0.6576 ,
 -0.0005 ,  0.0401 , -0.3174 , -0.8266 ,  0.6129 ,  0.3288 ,
 -0.0004 , -0.0815 ,  0.0002 , -1.4269 ,  0.6379 ,  0.9757 ,
  0.1196 , -0.0423 , -0.4746 ,  1.6247 ,  0.8166 ,  0.3306 ,
  0.1194 , -0.0830 , -0.4746 ,  0.1365 ,  2.6912 ,  0.0053 ,
  0.0397 ,  0.0804 , -0.4757 , -1.6584 ,  1.2895 ,  0.9811 ,
  0.0400 ,  0.0807 , -0.3170 , -1.6632 ,  1.9127 ,  0.3288 ,
 -0.0012 ,  0.0395 , -0.6346 , -0.8168 ,  1.2337 , -0.3181 ,
  0.0394 , -0.0416 , -0.3168 , -0.7040 ,  1.3138 ,  0.0036 ,
  0.1208 ,  0.0399 , -0.1575 , -0.0576 ,  0.8025 , -0.3235 ,
 -0.0003 ,  0.0809 , -0.3174 , -1.6630 ,  1.2274 ,  0.9793 ,
 -0.0002 , -0.0408 ,  0.0001 , -0.7134 ,  1.2524 ,  1.3009 ,
  0.0805 ,  0.0401 , -0.1579 , -0.0573 ,  2.6064 ,  0.6522 ,
  0.0403 , -0.0002 ,  0.0004 , -0.7752 ,  2.5519 ,  0.6504 ,
 -0.0809 ,  0.0001 , -0.1594 , -0.7693 , -0.1266 ,  0.6523 ,
  0.0805 ,  0.0401 , -0.1579 , -1.6070 ,  2.6064 ,  0.9775 ,
  0.0805 ,  0.0814 ,  0.1585 , -0.1263 ,  1.9804 ,  0.9779 ,
 -0.0007 , -0.0006 , -0.3173 ,  0.7846 ,  1.2430 ,  0.3288 ,
 -0.0011 , -0.0821 , -0.3171 ,  0.1327 ,  2.5030 ,  0.0036 ,
 -0.1214 ,  0.0407 , -0.3186 , -1.6004 ,  2.2910 ,  0.3288 ,
  0.0008 , -0.0398 ,  0.4760 , -2.2781 ,  0.0101 ,  0.9703 ,
  0.0390 , -0.0419 , -0.4754 , -1.4740 ,  1.9353 ,  1.3063 ,
  0.0011 ,  0.0821 ,  0.3171 , -2.4577 ,  0.6081 ,  0.3217 ,
 -0.0408 ,  0.0403 , -0.3178 , -1.6010 , -0.0722 ,  0.6541 ,
 -0.0001 ,  0.0405 , -0.1587 , -1.6064 ,  1.8582 ,  0.6522 ,
 -0.0404 ,  0.1219 , -0.3179 , -1.7241 ,  1.1567 ,  1.3045 ,
  0.1204 ,  0.0396 , -0.3161 ,  0.7221 ,  3.2908 ,  0.9793 ,
  0.0003 ,  0.1220 , -0.1589 , -0.1795 ,  1.8427 ,  0.6522 ,
  0.0408 ,  0.1626 , -0.1585 , -1.0162 ,  0.0309 ,  0.6522 ,
 -0.0006 ,  0.0806 , -0.4761 ,  1.4415 ,  1.2266 ,  0.6558 ,
  0.0398 ,  0.0400 , -0.3170 , -0.0520 ,  2.5426 ,  0.3288 ,
 -0.0003 , -0.0003 , -0.1586 , -0.7700 ,  1.2438 , -0.3234 ,
  0.0812 ,  0.1219 ,  0.1578 , -1.7530 ,  0.7196 ,  0.6554 ,
  0.0397 ,  0.0804 , -0.4757 , -1.6584 ,  0.0450 ,  0.3306 ,
 -0.0411 ,  0.0400 , -0.4764 , -0.8214 ,  1.1715 , -0.3199 ,
 -0.0408 ,  0.0403 , -0.3178 , -0.0513 ,  1.7946 ,  0.3288 ,
  0.0001 ,  0.0812 , -0.1588 , -1.6679 ,  1.2282 ,  0.6522 ,
 -0.0804 ,  0.0412 , -0.0009 , -0.8357 ,  1.1108 ,  0.0000 ,
  0.0812 ,  0.1219 ,  0.0006 , -2.5098 ,  1.3469 ,  0.3252 ,
  0.0808 ,  0.0404 ,  0.0007 , -2.3868 ,  0.7403 ,  0.6504 ,
 -0.0008 ,  0.0398 , -0.4760 , -1.5966 ,  0.6122 ,  0.0053 ,
  0.1601 , -0.0017 , -0.4743 , -0.7616 ,  2.1162 ,  0.6558 ,
  0.0404 ,  0.0810 , -0.1584 , -0.8932 ,  0.6688 , -0.3235 ,
  0.0396 , -0.0008 , -0.3169 , -1.5403 ,  0.0614 ,  0.9793 ,
  0.0000 ,  0.0000 ,  0.0000 ,  0.0000 ,  0.6223 ,  0.3252 ,
  0.0800 , -0.0415 , -0.1578 ,  0.0657 ,  2.6219 ,  0.6522 ,
 -0.0811 ,  0.0405 , -0.3182 , -0.0510 ,  2.3538 ,  0.6541 ,
 -0.0422 , -0.0421 , -0.7935 ,  1.6359 ,  2.4301 ,  0.3342 ,
  0.0387 , -0.0422 , -0.6341 , -2.2442 ,  1.3122 ,  0.0071 ,
  0.1605 , -0.0014 , -0.3157 , -1.5413 ,  1.4948 ,  0.9793 ,
  0.0408 ,  0.0407 ,  0.1592 , -0.8428 , -0.5591 ,  0.9940 ,
 -0.1613 ,  0.1225 , -0.3191 , -3.2728 ,  0.3457 ,  0.9793 ,
  0.0801 ,  0.0398 , -0.3165 , -0.8273 , -0.5058 ,  0.9793 ,
  0.0404 ,  0.0810 , -0.1584 , -0.8932 ,  1.9133 ,  0.6522 ,
  0.0406 ,  0.1218 , -0.1585 , -1.7296 ,  1.2833 ,  0.0018 ,
  0.0404 ,  0.0810 , -0.1584 , -0.8932 ,  0.6688 ,  0.6522 ,
  0.0395 , -0.0820 , -0.1581 , -2.1972 ,  0.7000 ,  1.6278 ,
  0.0391 ,  0.0393 , -0.6342 , -0.8171 ,  1.2966 , -0.3181 ,
  0.0398 ,  0.0400 , -0.3170 , -3.1516 ,  0.6759 ,  0.6540 ,
  0.0810 ,  0.0816 ,  0.3157 , -1.6713 ,  1.9795 ,  0.9821 ,
  0.0396 , -0.0008 , -0.3169 ,  0.0094 ,  0.0614 ,  0.9793 ,
  0.0003 ,  0.1220 , -0.1589 , -3.2792 ,  2.4648 ,  0.3270 ,
 -0.0410 , -0.0004 , -0.3177 , -0.7647 ,  0.5578 ,  0.9793 ,
 -0.0004 ,  0.1214 , -0.4761 ,  0.6051 ,  2.4633 ,  0.6558 ,
 -0.0005 ,  0.0401 , -0.3174 , -3.1512 ,  1.8576 ,  0.6541 ,
  0.0396 , -0.0008 , -0.3169 , -0.7654 ,  1.3059 ,  0.3288 ,
  0.0808 ,  0.2039 ,  0.3156 , -1.0771 ,  1.9510 ,  0.6523 ,
  0.0406 ,  0.0824 ,  0.3166 , -0.1285 ,  1.9168 ,  1.6123 ,
 -0.0802 ,  0.0819 , -0.0010 , -0.8971 ,  0.4808 ,  1.6262 ,
 -0.0418 ,  0.0394 , -0.7937 , -1.5864 , -1.3191 ,  0.6594 ,
 -0.0396 ,  0.2037 , -0.1594 , -0.3021 ,  1.7641 ,  0.9775 ,
 -0.0409 ,  0.0808 , -0.4765 , -0.1079 ,  1.1637 ,  0.3306 ,
 -0.0014 , -0.0012 , -0.6346 ,  0.0196 ,  1.8638 ,  0.6576 ,
 -0.0406 , -0.0001 , -0.1590 , -0.7697 ,  1.1808 ,  0.9775 ,
  0.0001 ,  0.0812 , -0.1588 , -0.1180 ,  2.4725 ,  0.3270 ,
 -0.0014 , -0.0012 , -0.6346 , -1.5302 ,  1.2415 ,  0.9828 ,
  0.0793 , -0.0421 , -0.4750 ,  0.8503 ,  2.6204 ,  0.6558 ,
  0.0803 ,  0.0805 , -0.3166 , -0.1138 ,  0.7310 ,  0.6540 ,
  0.0403 , -0.0408 ,  0.1593 ,  0.0556 , -0.5546 ,  0.3265 ,
 -0.1208 ,  0.0818 , -0.1600 , -0.1170 ,  1.6617 ,  0.3270 ,
  0.0397 ,  0.0804 , -0.4757 , -0.8835 ,  1.2895 ,  0.3306 ,
 -0.0017 , -0.1232 , -0.4757 , -0.5758 ,  1.2657 ,  0.9811 ,
 -0.0413 , -0.0007 , -0.4763 , -1.5347 ,  1.8016 ,  0.6558 ,
  0.0808 ,  0.0404 ,  0.0007 ,  0.7127 ,  2.6070 ,  0.9757 ,
 -0.0010 , -0.0009 , -0.4759 ,  1.5643 ,  1.8645 ,  0.3306 ,
  0.0402 ,  0.0403 , -0.1583 , -3.1564 ,  1.2989 ,  0.6522 ,
  0.1195 , -0.0018 , -0.6333 ,  0.0185 ,  1.4302 ,  0.0071 ,
  0.0406 ,  0.1219 ,  0.1568 , -1.7482 ,  2.5112 ,  0.6691 ,
  0.1620 ,  0.1623 ,  0.0013 , -1.7970 ,  0.8427 ,  0.3252 ,
 -0.0408 ,  0.0403 , -0.3178 , -0.8262 ,  0.5500 ,  0.0036 ,
  0.1203 , -0.0417 , -0.1573 ,  0.0653 ,  2.0625 ,  0.9775 ,
 -0.0020 , -0.0423 , -0.7931 , -0.6889 ,  1.2486 ,  0.6594 ,
 -0.1210 ,  0.1223 , -0.3187 , -0.9484 , -0.8360 ,  0.0036 ,
 -0.0406 ,  0.0811 , -0.3178 , -1.6626 ,  3.0312 ,  0.3288 ,
 -0.0404 ,  0.1219 , -0.3179 , -1.7241 ,  0.5344 ,  0.3288 ,
  0.0003 ,  0.1220 , -0.1589 ,  0.5953 ,  0.5981 ,  0.6522 ,
  0.0001 ,  0.0812 , -0.1588 , -0.8930 ,  1.2282 ,  0.3270 ,
 -0.0406 ,  0.0811 , -0.3178 , -0.8877 ,  1.7869 ,  1.9549 ,
  0.0398 ,  0.0400 , -0.3170 , -1.6018 , -0.5687 ,  0.0036 ,
  0.0400 ,  0.0807 , -0.3170 , -0.8884 ,  1.2904 , -0.3217 ,
 -0.0803 ,  0.1224 , -0.1597 , -0.1788 ,  1.0945 ,  0.9775 ,
 -0.0001 ,  0.0405 , -0.1587 , -0.8315 ,  3.7251 ,  0.3270 ,
  0.0802 , -0.0007 , -0.1578 , -1.5455 ,  1.9919 ,  0.9775 ,
 -0.0003 ,  0.0809 , -0.3174 , -0.8881 ,  2.4719 ,  0.3288 ,
  0.0407 ,  0.0813 ,  0.0003 , -0.1233 ,  1.9141 , -0.3253 ,
 -0.0408 ,  0.0403 , -0.3178 , -0.0513 ,  1.7946 ,  0.3288 ,
  0.0797 , -0.0418 , -0.3164 , -0.7043 ,  0.7544 ,  0.3288 ,
 -0.0413 , -0.1224 , -0.1588 , -0.5852 ,  0.5820 ,  0.3270 ,
  0.0803 ,  0.0805 , -0.3166 ,  0.6610 ,  2.5977 ,  0.6540 ,
  0.0390 , -0.0419 , -0.4754 , -1.4740 ,  1.3130 ,  0.6558 ,
  0.0392 , -0.0011 , -0.4755 , -0.7605 ,  0.6829 ,  0.9811 ,
  0.0800 ,  0.0802 , -0.4752 , -0.8838 ,  2.5970 ,  1.3063 ,
  0.0395 ,  0.0396 , -0.4756 , -0.0471 ,  1.2973 ,  0.9811 ,
 -0.0005 ,  0.0401 , -0.3174 , -0.0517 , -0.0093 ,  0.0036 ,
  0.0814 ,  0.1627 ,  0.0005 ,  0.5283 ,  1.3391 ,  1.3009 ,
  0.0010 ,  0.1226 ,  0.1584 , -1.7391 , -0.0227 ,  0.6487 ,
  0.0788 , -0.0019 , -0.7924 , -0.7511 ,  1.3666 ,  0.0089 ,
 -0.0409 ,  0.1620 , -0.6353 , -1.0008 ,  1.7696 ,  1.3081 ,
 -0.1209 ,  0.0006 , -0.0012 ,  0.0010 ,  1.6780 ,  0.9757 ,
  0.0390 , -0.0419 , -0.4754 ,  0.8506 ,  1.3130 , -0.3199 ,
  0.0399 ,  0.1212 , -0.4757 , -0.9449 ,  2.5263 ,  0.6558 ,
  0.0397 , -0.0413 , -0.1582 , -1.4837 ,  0.0700 ,  0.9775 ,
 -0.0410 , -0.0004 , -0.3177 , -0.7647 ,  2.4246 ,  0.6541 ,
 -0.0006 ,  0.0806 , -0.4761 , -0.8831 ,  3.0932 ,  0.3306 ,
  0.0403 , -0.0002 ,  0.0004 , -0.7752 ,  1.9298 ,  0.3252 ,
 -0.0400 ,  0.1222 , -0.1593 , -1.7289 ,  1.1574 ,  0.0018 ,
  0.0388 , -0.1639 , -0.3166 , -0.5196 ,  2.5816 ,  0.0036 ,
  0.0397 ,  0.0804 , -0.4757 , -0.1086 ,  1.9119 ,  0.6558 ,
  0.0795 , -0.0013 , -0.4751 ,  0.0140 ,  0.7459 ,  1.3063 ,
  0.0004 ,  0.0815 , -0.0002 , -0.1229 ,  1.2288 ,  0.3252 ,
 -0.0807 ,  0.1221 , -0.3183 ,  0.6009 , -0.1508 ,  1.6297 ,
  0.0001 ,  0.0812 , -0.1588 ,  1.4315 ,  1.8504 ,  0.9775 ,
  0.1603 ,  0.0391 , -0.4744 , -0.8230 ,  0.8639 ,  0.6558 ,
 -0.0003 , -0.0003 , -0.1586 , -0.7700 , -0.0007 ,  0.6522 ,
  0.0006 ,  0.1223 , -0.0002 , -1.7341 ,  2.4654 ,  0.9757 ,
  0.0395 ,  0.0396 , -0.4756 , -2.3719 ,  1.9197 ,  0.6558 ,
  0.0408 ,  0.1626 , -0.1585 ,  1.3082 ,  2.5199 ,  0.3270 ,
 -0.0404 ,  0.0406 , -0.1591 , -2.3810 ,  0.5508 ,  1.3027 ,
  0.1200 ,  0.0393 , -0.4748 ,  0.7270 ,  2.0455 ,  1.3063 ,
 -0.0408 ,  0.0403 , -0.3178 , -1.6010 ,  0.5500 ,  0.0036 ,
  0.1208 ,  0.1211 , -0.3163 ,  0.5992 ,  2.0305 ,  0.6540 ,
  0.0791 ,  0.0388 , -0.7925 , -2.3625 , -0.5080 ,  0.6594 ,
 -0.0804 ,  0.0412 , -0.0009 , -1.6105 ,  1.1108 ,  0.9757 ,
  0.1208 ,  0.0399 , -0.1575 , -3.1572 ,  2.0470 ,  0.9775 ,
  0.0406 ,  0.0001 ,  0.1590 , -0.0052 ,  0.0637 ,  0.6487 ,
 -0.0397 ,  0.1225 , -0.0006 , -0.9589 , -0.0864 ,  1.3010 ,
  0.0396 , -0.0008 , -0.3169 , -1.5403 ,  1.9283 ,  0.6540 ,
  0.0803 ,  0.0805 , -0.3166 , -0.8887 ,  1.3533 ,  0.6540 ,
  0.0406 ,  0.1218 , -0.1585 , -0.9547 ,  1.2833 ,  0.9775 ,
 -0.0015 , -0.0825 , -0.4758 , -0.6373 ,  1.2578 ,  1.3063 ,
  0.0809 , -0.0001 ,  0.1594 , -2.3303 ,  1.3711 ,  1.2991 ,
  0.0798 ,  0.0395 , -0.4752 , -0.8224 ,  1.3603 ,  0.3306 ,
 -0.0418 ,  0.0394 , -0.7937 , -0.8116 , -0.6968 ,  0.9846 ,
 -0.0010 ,  0.0803 , -0.6347 ,  1.4462 ,  1.2259 ,  1.3081 ,
  0.0404 ,  0.0810 , -0.1584 , -1.6682 ,  1.2910 ,  0.0018 ,
  0.0403 , -0.0002 ,  0.0004 , -2.3252 ,  0.6852 ,  0.9757 ,
  0.0001 ,  0.0812 , -0.1588 , -2.4429 ,  1.8504 ,  0.9775 ,
  0.1211 ,  0.0402 ,  0.0011 , -1.6122 ,  2.0477 , -0.0000 ,
  0.0802 ,  0.1210 , -0.4753 ,  0.6044 ,  1.9669 ,  0.9811 ,
 -0.0010 , -0.0009 , -0.4759 , -0.7602 ,  1.8645 ,  0.9811 ,
  0.0802 , -0.0007 , -0.1578 , -1.5455 ,  0.7474 ,  0.9775 ,
 -0.0816 ,  0.0807 , -0.6355 , -1.6524 , -0.7668 ,  0.3324 ,
 -0.0006 ,  0.0806 , -0.4761 , -0.8831 ,  1.2266 ,  0.3306 ,
 -0.0010 , -0.0009 , -0.4759 , -0.7602 ,  1.8645 ,  0.9811 ,
  0.0810 ,  0.0811 ,  0.0007 , -1.6734 ,  1.9770 ,  1.3009 ,
  0.1224 ,  0.1222 ,  0.3175 , -1.7553 ,  0.1738 , -0.0006 ,
  0.0395 ,  0.0396 , -0.4756 , -1.5969 ,  0.6751 ,  0.6558 ,
 -0.0011 , -0.0821 , -0.3171 ,  0.9075 ,  1.8809 ,  0.0036 ,
  0.0809 ,  0.1216 , -0.1581 , -0.9551 ,  0.7239 ,  0.6522 ,
 -0.0003 ,  0.0809 , -0.3174 , -0.1131 ,  1.8497 ,  0.0036 ,
  0.0805 ,  0.0401 , -0.1579 , -2.3818 ,  0.1173 ,  0.3270 ,
  0.0399 , -0.0817 ,  0.0006 , -2.9771 ,  0.0785 ,  1.3009 ,
  0.0399 , -0.0005 , -0.1582 , -1.5452 ,  1.3067 ,  0.3270 ,
  0.0809 ,  0.0408 ,  0.3157 , -1.6074 ,  3.2323 ,  1.3114 ,
 -0.0001 ,  0.1217 , -0.3175 , -0.9495 ,  0.5973 ,  1.3045 ,
  0.0396 , -0.0008 , -0.3169 , -1.5403 ,  0.6837 ,  0.3288 ,
  0.0404 ,  0.0810 , -0.1584 , -1.6682 ,  1.2910 ,  0.9775 ,
  0.0003 ,  0.0003 ,  0.1586 , -1.5547 , -1.2440 ,  0.9739 ,
 -0.0404 ,  0.0406 , -0.1591 , -1.6060 ,  1.7953 ,  0.9775 ,
 -0.0405 ,  0.1623 , -0.4766 , -1.0057 ,  1.7704 ,  0.6558 ,
  0.1208 ,  0.0399 , -0.1575 , -0.0576 ,  1.4247 ,  0.0018 ,
  0.0795 , -0.0013 , -0.4751 , -0.7609 ,  1.3680 ,  0.6558 ,
 -0.0404 ,  0.0406 , -0.1591 , -0.8311 ,  0.5508 ,  1.3027 ,
  0.0001 , -0.0405 ,  0.1587 , -0.7183 ,  0.6308 ,  0.3234 ,
  0.0405 ,  0.0406 ,  0.0003 , -0.0618 ,  1.2996 , -0.0000 ,
  0.0800 , -0.0415 , -0.1578 ,  0.8405 ,  1.3775 ,  0.6522 ,
 -0.0411 ,  0.0400 , -0.4764 , -0.0464 ,  1.1715 ,  0.6558 ,
  0.0002 ,  0.0408 , -0.0001 , -0.8363 ,  1.2367 ,  0.3252 ,
  0.0404 ,  0.0810 , -0.1584 , -1.6682 ,  3.1576 ,  0.6522 ,
 -0.0012 ,  0.0395 , -0.6346 , -1.5917 ,  1.2337 ,  0.3323 ,
 -0.0409 , -0.0409 , -0.1590 , -0.7082 ,  2.4331 ,  0.6522 ,
 -0.0411 ,  0.0400 , -0.4764 , -0.8214 ,  2.4161 ,  0.6558 ,
 -0.0001 ,  0.1217 , -0.3175 , -1.7244 ,  2.4642 ,  0.9793 ,
  0.0399 , -0.0005 , -0.1582 , -0.7703 ,  0.6844 ,  0.6522 ,
  0.0396 , -0.0008 , -0.3169 , -1.5403 ,  1.3059 ,  1.3045 ,
  0.0396 , -0.0008 , -0.3169 , -0.7655 ,  2.5505 ,  0.0036 ,
  0.0794 ,  0.0391 , -0.6338 , -0.8175 ,  1.9819 ,  0.6576 ,
 -0.0005 ,  0.0401 , -0.3174 , -2.3765 ,  0.6129 ,  0.6541 ,
  0.0801 ,  0.0398 , -0.3165 ,  1.4973 ,  1.9834 ,  0.3288 ,
  0.0402 ,  0.0403 , -0.1583 , -0.8318 ,  2.5433 ,  0.9775 ,
  0.0805 ,  0.0401 , -0.1579 , -0.8322 ,  1.3617 , -0.3235 ,
  0.0397 ,  0.0804 , -0.4757 ,  1.4410 ,  1.2895 ,  0.6558 ,
  0.0791 ,  0.0388 , -0.7925 , -0.0377 ,  0.1143 ,  0.3341 ,
 -0.0399 ,  0.0817 , -0.0006 , -2.4473 ,  0.5437 ,  0.9757 ,
 -0.0402 ,  0.1223 ,  0.1561 , -3.3212 ,  0.5240 ,  0.9693 ,
  0.0813 ,  0.2031 , -0.1582 , -0.3031 ,  2.5750 ,  0.3270 ,
  0.0814 ,  0.1627 ,  0.0005 ,  0.5283 ,  1.9614 ,  0.9757 ,
 -0.0007 , -0.0006 , -0.3173 , -1.5400 ,  3.1097 ,  0.0036 ,
 -0.0812 ,  0.0810 , -0.4769 , -0.8824 ,  0.4786 ,  1.6314 ,
 -0.0014 , -0.0012 , -0.6346 ,  0.0196 ,  1.2415 ,  0.3323 ,
 -0.0406 ,  0.0811 , -0.3178 , -0.8877 ,  0.5422 ,  0.6541 ,
  0.0405 ,  0.0406 ,  0.0003 , -0.8367 ,  3.7886 ,  0.9757 ,
  0.0810 ,  0.0811 ,  0.0007 , -0.1236 ,  1.9770 ,  0.3252 ,
  0.0006 ,  0.1223 , -0.0002 ,  0.5904 ,  0.5988 ,  0.9757 ,
  0.0399 ,  0.1212 , -0.4757 , -0.1701 ,  1.2817 ,  0.0053 ,
 -0.0017 , -0.0015 , -0.7932 , -1.5253 ,  1.8631 ,  0.3341 ,
  0.0807 ,  0.0808 , -0.1580 , -1.6684 ,  1.3540 ,  0.6522 ,
  0.0397 ,  0.0804 , -0.4757 , -2.4335 ,  1.2895 ,  0.6558 ,
 -0.0407 ,  0.1216 , -0.4765 , -1.7191 ,  2.4005 ,  0.6558 ,
  0.0004 ,  0.0815 , -0.0002 ,  1.4267 ,  0.6066 ,  0.9757 ,
 -0.0007 , -0.0006 , -0.3173 , -0.7651 ,  2.4875 ,  0.6541 ,
  0.0405 ,  0.0406 ,  0.0003 , -0.8367 ,  1.9219 ,  0.3252 ,
 -0.0411 , -0.0817 , -0.1589 ,  0.1282 ,  2.4411 ,  0.3270 ,
 -0.0004 ,  0.1214 , -0.4761 , -0.1697 ,  1.8411 ,  0.3306 ,
 -0.0003 , -0.0003 , -0.1586 , -0.7700 , -0.6231 ,  0.6522 ,
 -0.0412 , -0.0412 , -0.3176 , -1.4782 ,  2.4324 ,  0.3288 ,
  0.0807 ,  0.0808 , -0.1580 , -1.6684 ,  0.1095 ,  1.3027 ,
 -0.0001 ,  0.0405 , -0.1587 ,  0.7182 ,  0.6137 ,  1.6278 ,
  0.0799 , -0.0010 , -0.3165 , -1.5407 ,  2.6134 ,  0.0036 ,
 -0.0403 ,  0.0002 , -0.0004 ,  0.7751 ,  0.5593 ,  0.9757 ,
  0.0408 ,  0.1626 , -0.1585 , -1.0162 ,  1.8977 ,  1.6278 ,
  0.1207 , -0.0413 ,  0.0013 , -0.7145 ,  1.4411 ,  0.6504 ,
 -0.0812 ,  0.0810 , -0.4769 , -0.1076 , -1.3884 ,  0.3306 ,
  0.0398 ,  0.0400 , -0.3170 ,  1.4976 ,  1.2981 ,  0.6540 ,
 -0.0001 ,  0.1217 , -0.3175 , -2.4994 ,  0.5973 ,  1.3045 ,
  0.0395 ,  0.0396 , -0.4756 , -2.3719 ,  0.6751 ,  1.3063 ,
  0.0003 ,  0.1220 , -0.1589 , -2.5044 ,  1.2203 ,  1.6278 ,
 -0.0818 ,  0.0399 , -0.6354 , -1.5909 , -0.1366 ,  0.9828 ,
 -0.0013 , -0.0417 , -0.4758 ,  0.0761 ,  2.4945 , -0.3199 ,
 -0.0001 ,  0.0405 , -0.1587 , -0.0566 ,  1.2359 ,  0.9775 ,
 -0.0402 ,  0.0814 , -0.1592 ,  2.2067 ,  1.1652 ,  0.9775 ,
  0.0006 ,  0.0411 ,  0.1586 , -0.8413 , -1.2517 ,  0.9739 ,
  0.0405 , -0.0401 ,  0.1590 ,  0.0580 ,  2.5698 ,  0.3189 ,
  0.0800 ,  0.0802 , -0.4752 , -0.8838 ,  0.7302 ,  0.6558 ,
  0.1211 ,  0.0402 ,  0.0011 , -3.9369 ,  1.4255 ,  0.3252 ,
 -0.0804 ,  0.0412 , -0.0009 , -1.6105 ,  2.3553 ,  0.9757 ,
 -0.0802 ,  0.0819 , -0.0010 , -0.1222 ,  1.1030 ,  0.9757 ,
  0.0802 , -0.0007 , -0.1578 , -1.5455 ,  1.3696 ,  0.6522 ,
  0.1210 ,  0.0806 , -0.1576 , -0.1191 ,  2.0391 ,  0.6522 ,
 -0.0418 , -0.0823 , -0.4762 , -0.6370 , -0.0495 ,  0.3306 ,
 -0.0421 , -0.0826 , -0.6348 ,  0.1428 ,  1.8165 ,  1.3081 ,
 -0.0005 ,  0.0401 , -0.3174 , -0.8265 , -0.0093 , -0.3217 ,
  0.1205 ,  0.1208 , -0.4749 , -0.9456 ,  1.4075 ,  0.0053 ,
 -0.0406 ,  0.0811 , -0.3178 ,  1.4368 ,  1.7869 ,  0.6541 ,
 -0.0814 , -0.0815 , -0.1593 ,  0.1285 ,  1.1336 ,  0.9775 ,
  0.0410 ,  0.0004 ,  0.3177 ,  0.7646 ,  1.3089 ,  0.3217 ,
  0.0800 ,  0.1614 , -0.6340 , -1.7767 ,  1.9585 , -0.3181 ,
 -0.0805 ,  0.0816 , -0.1596 , -1.6671 ,  1.1023 ,  0.6523 ,
 -0.0404 ,  0.0406 , -0.1591 , -1.6060 ,  1.7953 ,  0.9775 ,
  0.0802 , -0.0007 , -0.1578 ,  1.5539 ,  2.6139 ,  0.3270 ,
 -0.0397 ,  0.1225 , -0.0006 , -0.9589 ,  1.1581 ,  0.0000 ,
  0.0402 ,  0.1215 , -0.3171 , -0.1749 ,  0.0380 ,  0.6541 ,
 -0.2024 , -0.0404 , -0.3192 , -0.7019 ,  0.3140 ,  1.6297 ,
 -0.0815 ,  0.1619 , -0.7943 , -0.2207 ,  0.4615 ,  0.9846 ,
  0.0411 ,  0.1629 ,  0.0001 ,  0.5286 ,  0.0317 ,  0.9757 ,
 -0.0407 ,  0.1216 , -0.4765 , -0.9442 ,  1.7782 ,  0.9811 ,
 -0.0420 , -0.1230 , -0.4761 , -1.3504 ,  0.5805 ,  0.6558 ,
 -0.0406 , -0.0001 , -0.1590 , -0.7697 ,  2.4253 ,  1.3027 ,
  0.0404 ,  0.1623 , -0.3172 , -0.2364 ,  0.0302 ,  0.6541 ,
  0.0404 ,  0.0810 , -0.1584 , -0.1184 , -1.8205 ,  0.9775 ,
 -0.0008 ,  0.0398 , -0.4760 , -0.8217 ,  0.6122 ,  1.6314 ,
 -0.0805 , -0.0398 ,  0.1561 , -3.0641 ,  1.7375 ,  0.3464 ,
 -0.0006 ,  0.0806 , -0.4761 , -0.1082 ,  3.7157 ,  0.6558 ,
  0.1215 ,  0.1217 ,  0.0010 , -0.1854 ,  2.0321 ,  0.6504 ,
 -0.0807 ,  0.0408 , -0.1595 , -0.8308 ,  1.1101 ,  0.9775 ,
  0.0790 , -0.0424 , -0.6337 , -1.4695 ,  0.1306 ,  0.0071 ,
 -0.0412 , -0.0412 , -0.3176 , -0.7033 ,  1.1879 ,  0.9793 ,
  0.0809 ,  0.1216 , -0.1581 ,  1.3695 ,  0.7239 , -0.3235 ,
  0.0001 ,  0.0812 , -0.1588 , -1.6679 ,  3.0947 ,  0.3270 ,
  0.0410 , -0.0404 ,  0.1580 , -1.5038 ,  1.9327 ,  0.3461 ,
  0.0399 , -0.0005 , -0.1582 , -1.5452 ,  1.3067 ,  0.3270 ,
  0.1203 ,  0.1612 , -0.6336 , -0.2273 ,  1.3990 ,  0.3323 ,
  0.0402 ,  0.1215 , -0.3171 , -1.7247 ,  0.6602 ,  0.6541 ,
  0.1202 , -0.0012 , -0.3161 , -0.7661 ,  2.6762 ,  0.6540 ,
 -0.0825 , -0.1636 , -0.4764 , -0.5137 ,  1.1476 ,  0.6558 ,
  0.0397 ,  0.0804 , -0.4757 , -0.1086 ,  1.9119 ,  0.6558 ,
  0.0807 ,  0.1619 ,  0.1586 ,  1.3267 ,  1.3090 , -0.0173 ,
 -0.0804 ,  0.0412 , -0.0009 , -0.8357 ,  0.4886 ,  0.6505 ,
 -0.0417 , -0.0010 , -0.6350 ,  0.0199 ,  0.5563 ,  0.6576 ,
 -0.0413 ,  0.0805 , -0.6351 , -2.4278 ,  1.1629 ,  0.9828 ,
  0.0806 , -0.0004 ,  0.0008 , -0.7756 ,  0.7481 ,  0.6504 ,
 -0.0006 , -0.0411 , -0.1586 ,  0.0663 ,  1.8739 ,  0.0018 ,
  0.0392 ,  0.1206 , -0.7930 ,  1.3894 ,  1.2803 ,  0.9846 ,
  0.0800 , -0.0415 , -0.1578 , -2.2589 ,  2.6219 ,  0.6522 ,
 -0.0818 , -0.0413 , -0.4766 ,  0.8516 ,  0.5020 ,  0.0054 ,
 -0.1208 ,  0.0818 , -0.1600 ,  0.6578 ,  1.0394 ,  0.9775 ,
 -0.0409 ,  0.0808 , -0.4765 , -0.1079 ,  2.4082 ,  0.9811 ,
  0.0409 , -0.0410 ,  0.1598 ,  1.6357 ,  1.9070 ,  1.2706 ,
  0.0006 ,  0.0411 ,  0.1586 , -0.0664 , -0.0071 ,  0.3234 ,
  0.0405 ,  0.0406 ,  0.0003 , -0.8367 ,  1.9219 ,  0.9757 ,
  0.0404 ,  0.0813 ,  0.1574 , -0.8978 ,  1.2889 , -0.3133 ,
  0.1605 , -0.0014 , -0.3157 , -1.5413 ,  2.1169 ,  0.6540 ,
 -0.1208 ,  0.0818 , -0.1600 , -2.4417 ,  0.4172 ,  0.6523 ,
 -0.0013 , -0.0417 , -0.4758 , -2.2487 ,  1.2500 ,  0.3306 ,
  0.0394 ,  0.1613 , -0.7931 , -0.2217 ,  1.2725 ,  0.6594 ,
  0.0799 , -0.0010 , -0.3165 , -0.7658 ,  0.7466 ,  0.6540 ,
 -0.0397 , -0.0396 ,  0.3166 ,  0.0542 ,  1.1941 ,  0.6325 ,
  0.0797 , -0.0418 , -0.3164 , -1.4792 ,  2.6212 ,  0.9793 ,
  0.0399 ,  0.1212 , -0.4757 , -0.1701 ,  1.2817 ,  0.9811 ,
  0.0406 ,  0.1218 , -0.1585 , -2.5047 ,  0.6610 ,  1.3027 ,
  0.0401 ,  0.1619 , -0.4758 , -3.3310 ,  3.1408 ,  0.6558 ,
 -0.0009 , -0.0414 , -0.3172 ,  0.0712 ,  0.0063 ,  0.9793 ,
 -0.0418 , -0.0823 , -0.4762 , -2.1868 ,  1.1949 ,  0.6558 ,
  0.0400 ,  0.0807 , -0.3170 ,  2.2111 ,  1.9127 ,  0.3288 ,
  0.1217 ,  0.1625 ,  0.0009 , -0.2469 ,  2.0243 ,  0.9757 ,
 -0.0411 , -0.0817 , -0.1589 ,  0.1282 ,  0.5742 ,  0.0018 ,
  0.0806 , -0.0004 ,  0.0008 , -0.0007 ,  3.8596 ,  0.3252 ,
  0.1212 ,  0.1214 , -0.1577 , -1.7303 ,  1.4091 , -0.3235 ,
  0.0800 ,  0.1614 , -0.6340 ,  0.5479 ,  1.9585 ,  0.6576 ,
 -0.0406 ,  0.0811 , -0.3178 , -1.6626 ,  0.5422 ,  1.3045 ,
  0.0003 ,  0.1220 , -0.1589 , -0.1795 ,  2.4648 ,  0.6522 ,
 -0.0010 ,  0.0803 , -0.6347 , -0.1034 ,  1.8482 ,  0.9828 ,
  0.1217 ,  0.1625 ,  0.0009 , -0.2469 ,  0.7798 ,  0.3252 ,
  0.0404 ,  0.0810 , -0.1584 , -0.1184 ,  0.6688 ,  0.3270 ,
  0.2412 ,  0.0794 , -0.4736 , -1.6601 ,  2.8486 ,  1.6314 ,
  0.0807 ,  0.0808 , -0.1580 , -1.6684 ,  2.5985 ,  0.3270 ,
 -0.0400 ,  0.1222 , -0.1593 ,  0.5957 ,  1.7796 ,  0.3270 ,
  0.0403 , -0.0002 ,  0.0004 , -0.0003 ,  1.9298 ,  0.3252 ,
 -0.0411 ,  0.0400 , -0.4764 , -2.3712 ,  1.1715 ,  0.9811 ,
  0.0394 , -0.0416 , -0.3168 ,  0.8457 ,  1.3138 ,  0.0036 ,
  0.0392 , -0.0011 , -0.4755 , -1.5355 ,  0.6829 ,  0.6558 ,
 -0.0807 ,  0.1221 , -0.3183 , -0.1739 ,  0.4715 ,  0.3288 ,
 -0.0005 ,  0.0401 , -0.3174 , -2.3765 , -0.0093 ,  0.9793 ,
 -0.0412 , -0.0412 , -0.3176 ,  2.3960 ,  1.8102 ,  0.3288 ,
 -0.0807 ,  0.0408 , -0.1595 , -0.0559 ,  2.3548 ,  1.6280 ,
  0.0406 ,  0.1218 , -0.1585 , -0.1798 ,  1.9056 ,  0.0018 ,
  0.0400 ,  0.0807 , -0.3170 , -0.1135 , -1.1988 ,  0.9793 ,
 -0.0008 ,  0.0398 , -0.4760 , -0.0468 ,  1.2344 ,  0.9811 ,
 -0.0811 ,  0.0405 , -0.3182 , -0.8259 ,  0.4871 ,  1.3045 ,
 -0.0412 , -0.0412 , -0.3176 , -1.4782 ,  0.5656 ,  0.9793 ,
  0.0389 , -0.0014 , -0.6342 ,  0.7940 ,  1.3045 ,  0.3323 ,
 -0.0394 ,  0.1225 ,  0.3157 , -1.7571 , -0.0830 ,  0.3319 ,
 -0.0001 ,  0.0405 , -0.1587 , -1.6064 ,  2.4805 ,  1.3027 ,
  0.0398 ,  0.0400 , -0.3170 , -0.0520 , -0.5687 ,  0.9793 ,
  0.0809 ,  0.1216 , -0.1581 ,  1.3695 ,  1.9685 ,  0.3270 ,
  0.0805 ,  0.0401 , -0.1579 , -0.8322 ,  2.6064 ,  0.3270 ,
 -0.0011 , -0.0821 , -0.3171 ,  0.1327 ,  0.0141 ,  0.0036 ,
 -0.0415 ,  0.0397 , -0.6350 , -0.8165 ,  1.1708 ,  0.6576 ,
  0.0407 ,  0.0813 ,  0.0003 , -0.8982 ,  1.9141 ,  0.3252 ,
  0.0403 , -0.0002 ,  0.0004 , -0.7752 ,  1.3074 ,  0.6504 ,
 -0.1208 ,  0.0818 , -0.1600 , -2.4417 , -0.8275 ,  0.3270 ,
  0.0392 , -0.0011 , -0.4755 ,  0.7891 , -0.5617 ,  0.9811 ,
  0.0808 ,  0.0404 ,  0.0007 ,  0.7127 ,  1.3625 ,  0.6504 ,
 -0.0403 ,  0.0817 ,  0.1559 , -2.4673 ,  1.7728 ,  0.6690 ,
  0.0402 ,  0.0403 , -0.1583 , -0.0569 ,  1.9211 ,  0.3270 ,
 -0.0401 ,  0.0410 , -0.0005 , -0.0611 ,  0.5515 ,  0.9757 ,
  0.0406 ,  0.1218 , -0.1585 , -0.9547 ,  0.6610 ,  0.3270 ,
  0.0404 ,  0.0810 , -0.1584 , -1.6682 ,  1.2910 ,  0.3270 ,
 -0.0802 ,  0.0819 , -0.0010 , -1.6720 ,  2.3475 ,  1.9514 ,
  0.0390 , -0.0419 , -0.4754 ,  0.0758 ,  1.9353 ,  0.9811 ,
  0.1208 ,  0.0399 , -0.1575 , -1.6073 ,  0.1802 ,  0.0018 ,
  0.0397 ,  0.0804 , -0.4757 , -1.6584 ,  0.0450 ,  0.9811 ,
  0.0814 ,  0.1627 ,  0.0005 ,  0.5283 ,  0.7169 ,  0.9757 ,
 -0.0409 , -0.0409 , -0.1590 , -0.7082 ,  1.8109 ,  1.3027 ,
  0.0797 , -0.0418 , -0.3164 , -0.7043 ,  2.6212 ,  0.6540 ,
  0.0809 ,  0.1216 , -0.1581 ,  0.5946 ,  0.1017 ,  0.9775 ,
 -0.0407 ,  0.1216 , -0.4765 , -0.1694 ,  1.1558 ,  0.9811 ,
  0.0407 ,  0.0813 ,  0.0003 , -1.6730 ,  1.2918 ,  0.3252 ,
  0.1209 , -0.0006 ,  0.0012 , -0.7759 ,  0.8110 ,  0.3252 ,
  0.0396 , -0.0008 , -0.3169 , -0.7654 ,  2.5505 ,  0.6540 ,
  0.0404 ,  0.0810 , -0.1584 , -1.6682 ,  1.2910 ,  0.6522 ,
  0.0794 ,  0.0391 , -0.6338 , -1.5923 ,  1.3596 ,  1.3080 ,
 -0.0408 ,  0.0403 , -0.3178 , -0.8262 ,  1.7946 ,  0.9793 ,
  0.0795 , -0.0825 , -0.3163 , -0.6429 ,  1.3844 ,  1.6297 ,
  0.0812 ,  0.1219 ,  0.0006 , -1.7349 ,  3.8361 ,  0.3252 ,
  0.0794 ,  0.0391 , -0.6338 , -1.5923 , -0.5073 ,  0.0071 ,
  0.0395 ,  0.0396 , -0.4756 ,  0.7277 ,  2.5418 , -0.3199 ,
  0.0403 , -0.0002 ,  0.0004 , -1.5501 ,  1.3074 ,  1.3009 ,
  0.0810 ,  0.0816 ,  0.3157 , -1.6713 ,  1.9795 ,  0.6588 ,
 -0.0805 ,  0.0816 , -0.1596 , -0.1173 ,  1.1023 ,  0.9775 ,
 -0.0005 ,  0.0401 , -0.3174 ,  0.7231 ,  1.2353 ,  0.9793 ,
 -0.0808 , -0.0404 , -0.0007 , -0.7128 ,  1.1265 ,  0.9757 ,
  0.0798 ,  0.0395 , -0.4752 , -0.8224 , -0.5066 ,  1.3063 ,
  0.0395 ,  0.0396 , -0.4756 ,  0.7277 ,  0.6751 ,  0.6558 ,
 -0.1608 ,  0.0011 ,  0.1570 , -1.5533 ,  0.9936 ,  0.6487 ,
  0.0001 ,  0.0812 , -0.1588 , -0.1180 ,  3.0947 ,  0.9775 ,
  0.0801 ,  0.0398 , -0.3165 , -0.8273 ,  1.3610 ,  0.6540 ,
 -0.0405 ,  0.1623 , -0.4766 ,  1.3188 ,  1.7704 ,  0.3306 ,
 -0.0805 ,  0.1628 , -0.3184 , -0.2354 , -0.1586 ,  0.6541 ,
 -0.0401 ,  0.0410 , -0.0005 , -2.3857 ,  0.5515 ,  0.9757 ,
 -0.0001 ,  0.0405 , -0.1587 , -3.1562 ,  0.6137 ,  0.0018 ,
 -0.0409 ,  0.0808 , -0.4765 , -1.6576 ,  2.4082 ,  1.3063 ,
  0.1203 ,  0.0800 , -0.4749 , -1.6590 ,  1.4153 ,  1.3063 ,
  0.0407 ,  0.0813 ,  0.0003 , -1.6730 ,  0.6696 ,  0.3252 ,
 -0.0003 , -0.0003 , -0.1586 , -0.7700 ,  1.2438 ,  0.3270 ,
 -0.0003 ,  0.0809 , -0.3174 , -3.2127 ,  1.8497 ,  0.9793 ,
  0.0395 ,  0.0396 , -0.4756 ,  1.5025 ,  0.6751 ,  1.6314 ,
 -0.0400 ,  0.1222 , -0.1593 , -0.1791 ,  1.1574 ,  0.3270 ,
 -0.0411 ,  0.0400 , -0.4764 , -0.0464 , -0.0730 ,  0.3306 ,
 -0.0012 ,  0.0395 , -0.6346 , -0.0419 ,  0.6115 ,  0.9828 ,
  0.0804 , -0.0412 ,  0.0009 ,  0.0608 ,  2.6227 ,  0.9757 ,
 -0.0399 ,  0.0817 , -0.0006 , -0.1226 ,  3.6552 ,  0.9757 ,
 -0.0809 ,  0.0813 , -0.3182 , -0.8874 ,  2.9682 ,  0.9793 ,
 -0.0001 ,  0.0405 , -0.1587 , -0.0566 ,  1.2359 ,  1.3027 ,
  0.0397 , -0.1225 ,  0.0006 ,  0.1840 ,  1.9533 ,  0.6504 ,
 -0.0814 ,  0.1214 , -0.6356 , -0.1641 ,  2.3368 , -0.3181 ,
 -0.0006 ,  0.0806 , -0.4761 , -1.6580 ,  1.2266 ,  0.6558 ,
 -0.1214 ,  0.0407 , -0.3186 , -2.3753 ,  0.4242 ,  0.0036 ,
 -0.0012 ,  0.0395 , -0.6346 , -1.5917 , -0.0108 ,  0.9828 ,
 -0.0007 , -0.0006 , -0.3173 , -1.5400 ,  0.6208 ,  0.6541 ,
  0.0006 ,  0.0411 ,  0.1586 , -1.6162 ,  0.6152 ,  0.3234 ,
 -0.0408 ,  0.0403 , -0.3178 , -2.3761 ,  1.7946 ,  0.9793 ,
 -0.0404 ,  0.0406 , -0.1591 , -2.3810 ,  1.7953 ,  0.0018 ,
 -0.0406 , -0.0001 , -0.1590 , -1.5445 ,  1.1808 ,  0.9775 ,
 -0.0013 , -0.0417 , -0.4758 , -1.4737 ,  2.4945 ,  0.6558 ,
  0.0011 ,  0.0821 ,  0.3171 , -1.6825 ,  2.4750 ,  0.6469 ,
 -0.0010 , -0.0009 , -0.4759 , -1.5351 , -0.0022 ,  1.6314 ,
  0.0797 , -0.0418 , -0.3164 , -0.7043 ,  0.7544 ,  1.3045 ,
  0.0397 ,  0.0804 , -0.4757 , -0.8835 ,  2.5341 ,  1.6314 ,
  0.0399 , -0.0817 ,  0.0006 , -1.4272 ,  0.0785 ,  0.9757 ,
  0.1217 ,  0.0810 ,  0.1583 , -2.4687 ,  1.4143 ,  0.3467 ,
 -0.0399 ,  0.0817 , -0.0006 , -0.8975 ,  1.1660 ,  0.6505 ,
  0.0800 , -0.0415 , -0.1578 , -1.4841 ,  1.3775 ,  0.6522 ,
 -0.0401 ,  0.0410 , -0.0005 , -0.8360 ,  2.4182 ,  0.9757 ,
 -0.0007 , -0.0006 , -0.3173 , -1.5400 ,  0.6208 ,  0.9793 ,
  0.0794 ,  0.0391 , -0.6338 , -1.5923 ,  1.3596 ,  0.6576 ,
  0.0801 ,  0.0398 , -0.3165 , -0.0524 ,  2.6054 ,  0.3288 ,
  0.0005 ,  0.1627 , -0.1589 , -2.5657 ,  1.2125 ,  1.3027 ,
 -0.0409 ,  0.1620 , -0.6353 , -1.7756 ,  1.1474 , -0.3181 ,
  0.0811 ,  0.1624 , -0.1581 , -1.7914 ,  0.7161 ,  1.3027 ,
 -0.1218 , -0.0408 , -0.3184 ,  0.8470 ,  1.6844 ,  0.6541 ,
  0.1609 ,  0.0801 , -0.3158 , -0.1145 ,  0.8568 ,  0.0035 ,
  0.0809 ,  0.1216 , -0.1581 , -1.7299 ,  0.7239 ,  0.6522 ,
  0.1208 ,  0.0399 , -0.1575 , -1.6073 ,  2.0470 ,  0.3270 ,
 -0.0393 ,  0.1229 ,  0.3158 , -0.9660 ,  0.5336 ,  0.6304 ,
 -0.0410 , -0.0004 , -0.3177 ,  1.5598 ,  3.0468 ,  0.6541 ,
  0.1603 , -0.0422 , -0.3156 ,  0.0699 ,  2.1248 ,  0.6540 ,
 -0.0405 , -0.0406 , -0.0003 , -0.7131 ,  0.5671 ,  0.3252 ,
  0.1212 ,  0.1214 , -0.1577 ,  0.5943 ,  1.4091 ,  0.6522 ,
 -0.1610 ,  0.0415 , -0.0017 , -2.3847 ,  0.9851 ,  0.6505 ,
  0.1211 ,  0.0402 ,  0.0011 , -0.0625 ,  1.4255 ,  0.3252 ,
  0.0398 ,  0.0400 , -0.3170 , -1.6018 ,  2.5426 ,  0.9793 ,
 -0.0006 ,  0.0806 , -0.4761 , -1.6580 ,  2.4712 ,  0.6558 ,
  0.1606 , -0.0418 , -0.1569 , -1.4848 ,  1.5032 ,  0.9775 ,
  0.0805 ,  0.0401 , -0.1579 , -0.0573 ,  1.9841 ,  0.6522 ,
  0.1204 ,  0.0396 , -0.3161 ,  1.4968 ,  0.8017 ,  0.9793 ,
 -0.1215 ,  0.0812 , -0.4773 , -0.8821 ,  0.4156 ,  1.3063 ,
 -0.0406 ,  0.0811 , -0.3178 , -0.1128 ,  0.5422 ,  0.9793 ,
 -0.0413 ,  0.0805 , -0.6351 , -0.1030 ,  1.7852 ,  0.9828 ,
  0.0398 ,  0.0400 , -0.3170 , -0.8269 ,  2.5426 ,  0.6540 ,
 -0.1219 , -0.0003 , -0.4771 , -1.5341 ,  2.2979 ,  0.9811 ,
  0.0802 , -0.0007 , -0.1578 , -1.5455 ,  0.7474 ,  0.3270 ,
  0.0006 ,  0.1223 , -0.0002 ,  0.5904 , -0.6458 ,  1.3010 ,
  0.1206 ,  0.0803 , -0.3162 ,  0.6606 ,  1.4162 ,  0.3288 ,
 -0.0411 ,  0.0400 , -0.4764 , -3.1460 ,  1.1715 ,  0.6558 ,
 -0.0411 , -0.0817 , -0.1589 , -2.1965 ,  1.8187 ,  0.6522 ,
  0.1616 ,  0.0808 ,  0.0015 , -1.6740 ,  0.8583 ,  0.6504 ,
  0.0391 ,  0.0393 , -0.6342 ,  1.5074 ,  0.0521 ,  0.3323 ,
  0.0797 , -0.0418 , -0.3164 , -0.7043 ,  1.9990 ,  0.6540 ,
 -0.0399 ,  0.0005 ,  0.1582 , -0.7794 ,  1.1824 ,  1.2992 ,
 -0.1620 ,  0.0406 , -0.4776 , -0.8203 ,  2.2273 ,  0.0054 ,
 -0.1218 , -0.0408 , -0.3184 , -0.7026 ,  1.6844 ,  1.3045 ,
 -0.0809 ,  0.0001 , -0.1594 , -0.7693 ,  1.1179 ,  0.6523 ,
  0.1207 , -0.0413 ,  0.0013 , -0.7145 ,  2.0635 ,  0.3252 ,
  0.2006 ,  0.0389 , -0.4740 ,  0.7263 ,  3.4157 ,  0.3306 ,
  0.0410 ,  0.1223 ,  0.3144 , -2.5334 ,  2.5163 ,  0.6843 ,
  0.0389 , -0.0014 , -0.6342 , -0.7557 ,  1.3045 ,  0.6576 ,
 -0.0001 ,  0.1217 , -0.3175 ,  0.6002 ,  1.8420 ,  0.3288 ,
  0.0405 ,  0.0406 ,  0.0003 , -2.3866 ,  1.9219 ,  0.3252 ,
  0.0800 , -0.0415 , -0.1578 , -0.7092 ,  1.9996 ,  0.3270 ,
 -0.0005 ,  0.0401 , -0.3174 , -0.0517 ,  1.2353 ,  1.6297 ,
 -0.0408 ,  0.0403 , -0.3178 , -0.8262 , -0.0722 ,  0.0036 ,
  0.0400 ,  0.0807 , -0.3170 , -0.1135 , -1.1988 ,  0.6540 ,
  0.0406 ,  0.0824 ,  0.3166 , -0.1285 ,  1.9168 ,  0.6442 ,
 -0.0405 ,  0.1623 , -0.4766 , -1.0057 ,  1.1481 ,  0.9811 ,
  0.1625 ,  0.2038 ,  0.3165 , -1.8666 ,  1.4506 ,  0.3203 ,
  0.1213 ,  0.0811 ,  0.1584 , -0.8971 ,  2.0390 ,  0.3338 ,
 -0.0005 ,  0.0401 , -0.3174 , -0.8266 ,  1.2353 ,  0.3288 ,
  0.0400 ,  0.0807 , -0.3170 , -0.8884 ,  1.2904 ,  0.0036 ,
  0.0399 , -0.0005 , -0.1582 , -0.7703 ,  0.0622 ,  0.6522 ,
  0.0397 , -0.0413 , -0.1582 ,  0.0660 ,  0.6922 ,  0.3270 ,
  0.2015 , -0.0010 ,  0.0020 , -0.0017 ,  0.9369 ,  0.9757 ,
  0.1212 , -0.0811 ,  0.1601 ,  0.1188 ,  3.3289 ,  0.3178 ,
  0.3227 , -0.1636 ,  0.1626 ,  0.2386 ,  3.6230 ,  1.6329 ,
  0.2827 , -0.0822 ,  0.4793 ,  2.4373 ,  2.3056 ,  1.6112 ,
  0.3211 , -0.2461 ,  0.0037 ,  1.9156 ,  3.0393 ,  1.9514 ,
  0.3645 , -0.4035 ,  0.9574 ,  1.3532 ,  6.2848 ,  0.9475 ,
  0.1625 , -0.2012 ,  0.7961 ,  2.5925 ,  4.6577 ,  1.9172 ,
  0.3246 , -0.2004 ,  1.4309 ,  1.8071 ,  6.1670 ,  1.5897 ,
  0.1641 , -0.3617 ,  1.9048 ,  1.2773 ,  5.9498 ,  1.8925 ,
  0.2857 , -0.4424 ,  2.2247 ,  3.7062 ,  8.0013 ,  3.5026 ,
  0.2076 , -0.3989 ,  3.3334 ,  4.3974 ,  8.5047 ,  3.4723 ,
  0.0879 , -0.4780 ,  3.9686 ,  7.5994 , 10.1467 ,  5.0669 ,
  0.0903 , -0.6366 ,  5.2362 ,  8.5825 , 15.1695 ,  5.3945 ,
  0.0917 , -0.7970 ,  6.0301 , 11.1283 , 17.6837 ,  8.2635 ,
 -0.0237 , -0.9518 ,  8.7245 , 12.8564 , 23.7432 , 10.4411 ,
  0.1426 , -1.2319 , 11.4275 , 19.4118 , 26.4853 , 13.5754 ,
  0.1475 , -1.5911 , 14.1252 , 23.7648 , 32.7614 , 16.4099 ,
  0.1953 , -1.8264 , 17.6194 , 31.8030 , 39.6771 , 20.5214 ,
 -0.0390 , -2.2211 , 21.5825 , 36.9437 , 49.9367 , 27.1475 ,
 -0.1094 , -2.5756 , 26.1867 , 46.7041 , 56.6742 , 35.9540 ,
 -0.4598 , -2.9261 , 31.5821 , 57.2079 , 66.0824 , 43.8108 ,
 -0.8508 , -3.0711 , 36.9723 , 67.3746 , 80.3655 , 51.7345 ,
 -1.2008 , -3.4207 , 42.8419 , 77.8719 , 90.4003 , 63.0572 ,
 -1.5914 , -3.8905 , 48.7098 , 88.5204 ,103.5079 , 77.8762 ,
 -2.3453 , -3.6301 , 53.1462 , 98.1361 ,112.1728 , 89.2162 ,
 -3.2973 , -3.2444 , 58.2185 ,112.9896 ,121.0884 ,103.7197 ,
 -3.9726 , -2.9448 , 62.0157 ,120.2111 ,128.0160 ,113.7589 ,
 -4.2101 , -3.1414 , 64.3902 ,125.8854 ,133.2582 ,120.6995 ,
 -4.2075 , -3.3421 , 65.8198 ,130.8121 ,135.1467 ,124.4723 ,
 -3.9660 , -3.3859 , 65.5072 ,130.8986 ,133.0551 ,123.5085 ,
 -3.2451 , -3.5987 , 63.7685 ,124.2908 ,127.4023 ,115.2369 ,
 -2.0886 , -4.3864 , 60.7652 ,113.8367 ,125.6996 ,109.6187 ,
 -0.8866 , -5.2949 , 59.8238 ,102.7732 ,119.7314 ,102.1812 ,
 -0.4869 , -5.6253 , 59.0369 ,101.7447 ,117.9466 , 98.0842 ,
 -0.5660 , -4.9757 , 58.0850 ,105.4786 ,115.1807 , 95.6252 ,
 -0.3193 , -4.1585 , 59.0404 ,109.6533 ,119.7184 , 99.5061 ,
 -0.0740 , -4.3592 , 60.9443 ,116.9267 ,120.0944 ,101.9305 ,
 -0.4736 , -4.2325 , 62.0543 ,116.6890 ,120.6995 ,107.1813 ,
 -0.3897 , -3.5799 , 62.2124 ,120.3797 ,122.5362 ,106.3472 ,
  0.6578 , -3.3024 , 62.0613 ,122.2941 ,120.3753 ,103.1492 ,
  1.8205 , -4.0450 , 61.5941 ,114.8436 ,118.0114 , 97.9805 ,
  2.6619 , -4.8681 , 60.6528 ,111.4382 ,114.5584 , 94.7523 ,
  3.1827 , -4.7926 , 59.3917 ,110.5825 ,114.1046 , 91.4030 ,
  4.2301 , -4.4338 , 59.0791 ,106.9134 ,112.5747 , 87.2499 ,
  5.2391 , -4.3568 , 59.8835 ,109.8824 ,112.8643 , 87.5394 ,
  4.7186 , -4.2281 , 61.3061 ,114.3250 ,114.4936 , 89.7002 ,
  4.7234 , -3.8990 , 62.5742 ,119.2474 ,115.0251 , 91.2258 ,
  5.7346 , -3.2110 , 63.5331 ,120.5007 ,115.8203 , 90.5689 ,
  6.5403 , -3.0135 , 63.0659 ,124.1092 ,113.9188 , 89.3243 ,
  6.8204 , -3.0984 , 62.7498 ,120.3537 ,111.8919 , 86.7356 ,
  7.3805 , -3.3899 , 61.6433 ,116.1444 ,109.7397 , 82.0034 ,
  8.7491 , -3.4400 , 61.3412 ,112.3068 ,108.7933 , 78.8270 ,
  9.7533 , -3.2461 , 60.2383 ,112.0432 ,104.7266 , 75.9790 ,
  9.7550 , -2.8387 , 60.5544 ,109.0829 ,104.0265 , 73.3990 ,
  9.7968 , -2.8380 , 60.8705 ,114.5281 ,104.0697 , 74.0559 ,
 10.4448 , -2.2301 , 61.5098 ,117.4971 ,101.8311 , 74.9029 ,
 10.7698 , -1.6618 , 61.8295 ,119.7444 , 99.7222 , 73.5978 ,
 10.8106 , -1.4583 , 61.8295 ,121.7669 ,100.9841 , 73.0316 ,
 10.9722 , -1.4182 , 61.9876 ,120.1506 , 99.9858 , 73.2823 ,
 11.6558 , -1.5873 , 61.5204 ,120.4186 , 97.3669 , 68.5609 ,
 11.9373 , -1.6712 , 61.5204 ,118.2145 , 94.7220 , 67.2147 ,
 11.9377 , -1.4279 , 61.8365 ,119.1393 , 90.9233 , 66.7890 ,
 11.7349 , -1.5504 , 61.5204 ,121.6805 , 89.4020 , 66.1624 ,
 11.5373 , -1.4238 , 63.1011 ,123.7722 , 90.2923 , 67.6468 ,
 11.1803 , -0.9718 , 64.3691 ,130.0774 , 89.0088 , 70.3781 ,
 10.7812 , -0.6818 , 65.6302 ,135.0603 , 88.9526 , 72.8112 ,
 10.4628 , -0.4754 , 66.8947 ,140.9767 , 85.9231 , 73.6107 ,
 10.3061 , -0.3896 , 68.6370 ,143.1332 , 84.4019 , 75.6419 ,
 10.1889 , -0.1426 , 69.7435 ,145.0520 , 83.5462 , 75.2400 ,
  9.7906 ,  0.0246 , 71.1696 ,146.3225 , 80.3957 , 74.4621 ,
  9.8745 ,  0.2703 , 72.2761 ,152.1741 , 79.2375 , 76.5624 ,
  9.5978 ,  0.3570 , 74.1799 ,157.4378 , 80.0154 , 78.3559 ,
  9.3063 ,  0.7623 , 76.0732 ,163.0992 , 77.4051 , 79.1035 ,
  8.9906 ,  0.9302 , 78.2932 ,169.0199 , 71.9426 , 82.3275 ,
  8.7948 ,  1.3425 , 79.7123 ,173.8083 , 75.8882 , 85.5990 ,
  8.7197 ,  1.7116 , 81.2965 ,177.8620 , 74.4707 , 87.2412 ,
  8.9256 ,  1.8752 , 83.2004 ,183.0047 , 71.0523 , 89.8688 ,
  9.1728 ,  2.1219 , 85.1042 ,185.6669 , 71.3894 , 91.1221 ,
  9.1763 ,  2.3683 , 86.2142 ,189.9280 , 70.7303 , 90.8628 ,
  9.6238 ,  2.5705 , 87.9600 ,196.5834 , 69.5311 , 91.2517 ,
 10.0303 ,  2.6125 , 89.8674 ,196.4278 , 66.4476 , 92.3019 ,
 10.5155 ,  2.6931 , 90.9809 ,197.7934 , 67.8089 , 91.0140 ,
 10.8396 ,  2.8136 , 92.2560 ,203.8092 , 63.9626 , 93.6805 ,
 11.4055 ,  2.8126 , 93.5275 ,206.8775 , 63.6039 , 94.0132 ,
 11.8912 ,  2.8125 , 94.9572 ,209.1421 , 63.1177 , 93.1057 ,
 12.1748 ,  3.0545 , 95.4384 ,214.2330 , 59.8030 , 93.8879 ,
 12.7408 ,  3.1740 , 96.5519 ,215.5554 , 56.9464 , 94.6096 ,
 13.3454 ,  3.0500 , 97.5039 ,218.0447 , 56.6720 , 92.4358 ,
 13.9114 ,  3.2098 , 98.4628 ,220.0759 , 53.1909 , 93.1878 ,
 14.1928 ,  3.3287 , 98.4663 ,221.4502 , 51.1316 , 92.6303 ,
 14.7180 ,  3.2852 , 98.7860 ,223.8789 , 46.4167 , 91.2431 ,
 15.5654 ,  3.3626 , 99.5869 ,226.0398 , 46.4794 , 89.3761 ,
 15.9685 ,  3.2789 ,100.3842 ,224.5877 , 42.1729 , 89.4798 ,
 16.2934 ,  3.3990 ,101.0200 ,228.2870 , 37.7064 , 88.6933 ,
 16.4980 ,  3.6033 ,102.1335 ,230.2577 , 36.7513 , 90.2966 ,
 16.6622 ,  3.7258 ,103.4016 ,230.8109 , 32.6555 , 90.4176 ,
 16.9450 ,  3.7660 ,104.0409 ,235.4005 , 29.9944 , 89.5576 ,
 17.0275 ,  3.7658 ,104.8312 ,237.7342 , 28.8849 , 89.9250 ,
 17.0670 ,  3.6854 ,105.4705 ,241.7274 , 26.4863 , 90.6510 ,
 17.1083 ,  3.5221 ,105.9447 ,243.5252 , 24.1062 , 89.7564 ,
 17.1926 ,  3.4845 ,107.6835 ,248.1926 , 22.3872 , 89.8126 ,
 17.2743 ,  3.5653 ,108.3193 ,248.0543 , 17.5513 , 90.5775 ,
 17.3182 ,  3.5276 ,109.9070 ,252.7216 , 18.2460 , 90.8757 ,
 17.2787 ,  3.2841 ,110.7044 ,257.7348 , 16.9911 , 90.9449 ,
 17.1601 ,  3.3286 ,111.4982 ,256.8531 , 16.7999 , 91.8654 ,
 17.0398 ,  3.1669 ,112.2886 ,258.6682 , 12.9304 , 91.6493 ,
 17.1645 ,  3.2887 ,113.2440 ,259.9820 , 11.8651 , 92.6346 ,
 17.0442 ,  3.3291 ,113.3986 ,264.6235 , 11.0532 , 93.3218 ,
 17.0047 ,  3.2090 ,114.1924 ,263.9839 , 10.3952 , 93.6243 ,
 16.9661 ,  3.1698 ,114.8247 ,264.0271 ,  7.8657 , 93.0452 ,
 16.9265 ,  3.2518 ,114.9863 ,266.2484 ,  7.1723 , 93.7237 ,
 16.8457 ,  3.2110 ,115.2989 ,268.6253 ,  5.8161 , 93.1230 ,
 16.9274 ,  3.2526 ,116.0927 ,267.7610 ,  3.4620 , 93.8058 ,
 16.9274 ,  3.3744 ,115.9382 ,270.6997 ,  2.2022 , 93.2310 ,
 16.9300 ,  3.4146 ,116.4089 ,272.9383 ,  0.9622 , 93.5811 ,
 17.0117 ,  3.4563 ,117.2098 ,272.8606 , -0.7767 , 94.2509 ,
 16.9740 ,  3.6200 ,117.5259 ,273.3878 , -1.4827 , 94.2812 ,
 17.1759 ,  3.6999 ,118.1582 ,275.5573 , -5.5147 , 95.7462 ,
 17.0960 ,  3.7003 ,118.1582 ,275.5573 , -5.6387 , 95.4264 ,
 17.2198 ,  3.8641 ,119.1066 ,279.9221 , -9.1862 , 95.2665 ,
 17.4218 ,  4.0244 ,119.2682 ,280.4321 ,-10.7577 , 96.2994 ,
 17.3437 ,  4.2294 ,119.9004 ,282.4546 ,-11.5345 , 95.6814 ,
 17.5448 ,  4.1475 ,120.2236 ,281.7459 ,-14.3020 , 96.7618 ,
 17.6695 ,  4.3908 ,121.0175 ,283.6906 ,-16.6286 , 97.4879 ,
 17.8706 ,  4.3899 ,121.1790 ,287.5628 ,-16.3121 , 97.4965 ,
 18.0330 ,  4.5120 ,121.8113 ,288.9112 ,-19.7953 , 97.6391 ,
 18.0760 ,  4.7559 ,122.6052 ,288.4963 ,-22.8669 , 98.3738 ,
 18.2780 ,  4.6341 ,123.3920 ,292.5241 ,-23.7669 , 98.7411 ,
 18.2815 ,  4.8391 ,124.1859 ,294.5120 ,-26.8915 , 99.8432 ,
 18.4045 ,  4.9614 ,124.8252 ,296.6556 ,-26.1049 , 99.7827 ,
 18.6056 ,  4.9592 ,125.1413 ,299.7672 ,-28.2636 ,101.1829 ,
 18.6486 ,  5.0824 ,125.7806 ,299.5252 ,-30.0765 ,100.2580 ,
 18.6908 ,  5.1245 ,126.7290 ,303.3109 ,-32.4934 ,102.3022 ,
 18.8128 ,  5.0420 ,127.3613 ,303.3974 ,-34.7655 ,102.0515 ,
 18.8128 ,  5.0830 ,127.5229 ,304.1061 ,-37.8663 ,103.8191 ,
 18.9770 ,  5.0843 ,128.7945 ,306.3707 ,-38.2337 ,103.4647 ,
 18.8962 ,  5.0841 ,129.1106 ,308.7389 ,-39.5928 ,103.5339 ,
 18.8998 ,  5.1263 ,129.9044 ,311.7295 ,-42.0691 ,104.9384 ,
 18.9419 ,  5.0463 ,130.8599 ,311.0208 ,-45.7058 ,105.7120 ,
 19.0209 ,  4.9234 ,131.4992 ,315.0831 ,-46.7949 ,106.7405 ,
 19.0227 ,  4.8439 ,132.6092 ,316.7080 ,-48.0157 ,106.7448 ,
 18.9841 ,  4.9675 ,133.2415 ,318.0564 ,-50.5763 ,107.1900 ,
 18.9059 ,  4.9289 ,134.0353 ,321.2026 ,-52.5405 ,109.5453 ,
 18.8269 ,  4.8887 ,134.8292 ,325.1439 ,-54.5112 ,110.2713 ,
 18.8295 ,  4.9322 ,135.4614 ,324.2450 ,-53.2817 ,111.8401 ,
 18.8304 ,  4.8914 ,136.2483 ,328.9470 ,-56.9788 ,112.9637 ,
 18.7118 ,  4.8130 ,137.3583 ,329.8113 ,-59.0079 ,112.6828 ,
 18.7944 ,  4.8525 ,137.9976 ,331.2634 ,-61.3675 ,114.0830 ,
 18.7153 ,  4.9353 ,138.4683 ,335.0319 ,-62.1194 ,115.7685 ,
 18.6758 ,  4.8553 ,138.9460 ,335.8962 ,-63.4030 ,116.1271 ,
 18.6389 ,  4.8984 ,140.2176 ,336.5704 ,-65.3304 ,117.4841 ,
 18.6003 ,  4.9410 ,141.0114 ,341.1513 ,-67.2536 ,118.2145 ,
 18.5634 ,  4.9842 ,142.2830 ,341.0476 ,-68.5587 ,119.8913 ,
 18.4431 ,  4.9836 ,142.4305 ,346.4756 ,-70.5899 ,120.3278 ,
 18.5661 ,  4.9869 ,143.6951 ,348.7747 ,-69.1594 ,120.8853 ,
 18.4484 ,  4.9480 ,143.8566 ,351.1948 ,-73.6280 ,122.4108 ,
 18.3711 ,  4.9912 ,144.9666 ,353.4421 ,-74.3757 ,123.0548 ,
 18.3711 ,  4.8297 ,145.5989 ,353.6323 ,-78.0707 ,124.5241 ,
 18.3342 ,  4.9129 ,146.3928 ,357.3834 ,-77.5175 ,124.8050 ,
 18.2552 ,  4.9146 ,147.0251 ,358.9220 ,-80.1105 ,124.8871 ,
 18.2569 ,  4.9548 ,147.8189 ,361.1692 ,-81.9645 ,125.2847 ,
 18.0980 ,  4.7144 ,149.2521 ,364.5920 ,-85.2749 ,126.7022 ,
 18.2201 ,  4.7548 ,149.5612 ,365.2834 ,-86.3293 ,128.7421 ,
 18.1314 ,  4.7934 ,151.1559 ,364.6784 ,-84.5704 ,129.6453 ,
 18.0119 ,  4.6733 ,151.7952 ,369.5359 ,-84.7174 ,129.3125 ,
 18.0532 ,  4.6316 ,152.2729 ,369.5359 ,-88.3605 ,130.1077 ,
 18.0146 ,  4.5930 ,153.2213 ,372.6821 ,-88.3994 ,131.0757 ,
 17.8943 ,  4.5945 ,153.6991 ,373.4427 ,-91.0616 ,132.8347 ,
 17.9373 ,  4.6367 ,154.6475 ,378.0582 ,-90.3744 ,132.4371 ,
 17.8187 ,  4.5177 ,155.7575 ,378.9571 ,-94.2466 ,133.8891 ,
 17.7397 ,  4.5168 ,156.0736 ,381.2908 ,-96.2130 ,133.9842 ,
 17.8627 ,  4.6398 ,157.0220 ,383.3652 ,-97.2847 ,135.0085 ,
 17.7441 ,  4.6422 ,157.8229 ,385.6816 ,-99.3159 ,135.7388 ,
 17.7792 ,  4.5508 ,158.4482 ,388.1536 ,-99.2641 ,136.0154 ,
 17.7485 ,  4.6448 ,159.4036 ,387.1683 ,-101.1613 ,136.7241 ,
 17.6695 ,  4.6472 ,160.3520 ,391.0405 ,-104.9773 ,139.5289 ,
 17.5895 ,  4.6870 ,160.6752 ,392.5271 ,-106.3472 ,138.2627 ,
 17.5509 ,  4.6496 ,161.3074 ,393.3569 ,-106.3905 ,139.9049 ,
 17.5957 ,  4.7317 ,162.8881 ,397.8341 ,-108.8063 ,139.9524 ,
 17.5096 ,  4.7629 ,163.1972 ,400.1160 ,-109.6015 ,140.6223 ,
 17.5105 ,  4.8042 ,163.5134 ,402.3632 ,-111.4511 ,143.0381 ,
 17.3586 ,  4.8176 ,164.6304 ,402.2941 ,-112.2636 ,143.0467 ,
 17.4359 ,  4.8081 ,165.4243 ,406.9442 ,-114.0398 ,142.7529 ,
 17.2374 ,  5.0145 ,166.2111 ,407.3936 ,-118.7245 ,144.2568 ,
 17.3182 ,  4.9735 ,166.3656 ,408.2407 ,-116.7235 ,145.4841 ,
 17.2462 ,  4.9460 ,167.6513 ,409.7619 ,-118.0071 ,145.8472 ,
 17.1601 ,  4.9342 ,167.6442 ,411.3695 ,-123.1455 ,147.0832 ,
 17.1232 ,  5.0178 ,168.7542 ,413.5477 ,-124.4636 ,147.4202 ,
 17.1250 ,  5.1412 ,169.5411 ,416.4172 ,-126.9399 ,147.1437 ,
 17.1671 ,  5.1423 ,170.3420 ,417.9730 ,-128.7421 ,148.5439 ,
 17.0143 ,  5.3179 ,171.1428 ,417.6446 ,-127.6962 ,149.4860 ,
 16.9353 ,  5.3195 ,171.7751 ,419.9783 ,-129.0446 ,150.2034 ,
 16.8519 ,  5.3921 ,172.2458 ,422.9689 ,-131.7326 ,150.9381 ,
 16.8536 ,  5.4742 ,172.7095 ,425.1297 ,-132.3593 ,151.9839 ,
 16.7342 ,  5.4338 ,173.5033 ,426.7373 ,-135.6308 ,152.4161 ,
 16.6543 ,  5.5563 ,173.5033 ,426.5472 ,-138.2583 ,153.5743 ,
 16.5761 ,  5.4771 ,174.2972 ,427.4115 ,-137.1217 ,154.8103 ,
 16.5384 ,  5.6815 ,174.7679 ,430.9726 ,-140.9291 ,155.3116 ,
 16.4997 ,  5.6835 ,175.7163 ,432.5111 ,-141.6076 ,156.3056 ,
 16.4198 ,  5.7653 ,175.7163 ,434.7065 ,-142.9689 ,157.0489 ,
 16.2214 ,  5.8496 ,176.5101 ,436.8846 ,-146.3917 ,156.8242 ,
 16.2231 ,  5.9315 ,176.8263 ,437.5069 ,-147.6363 ,158.2244 ,
 16.1432 ,  5.9311 ,177.4586 ,442.1916 ,-150.8430 ,159.0196 ,
 15.9448 ,  5.9741 ,177.9363 ,440.5666 ,-151.7765 ,160.3938 ,
 15.8666 ,  6.0167 ,178.7301 ,442.0187 ,-153.1508 ,161.0940 ,
 15.8253 ,  6.0573 ,178.5686 ,445.0957 ,-154.4559 ,160.8174 ,
 15.8666 ,  6.1805 ,179.3624 ,446.4095 ,-156.8760 ,161.5780 ,
 15.7463 ,  6.1414 ,179.6786 ,447.9999 ,-160.1432 ,162.7275 ,
 15.5865 ,  6.2622 ,179.6786 ,450.1434 ,-161.0248 ,162.4423 ,
 15.5478 ,  6.2637 ,180.3108 ,450.9213 ,-162.9523 ,163.1597 ,
 15.3880 ,  6.2657 ,180.7885 ,450.8867 ,-166.2972 ,163.3066 ,
 15.3090 ,  6.3072 ,180.9431 ,451.5955 ,-167.6629 ,164.6982 ,
 15.3494 ,  6.4698 ,181.1047 ,455.9690 ,-170.1003 ,164.5081 ,
 15.0306 ,  6.3906 ,182.2147 ,456.0554 ,-173.6700 ,165.2600 ,
 15.0306 ,  6.4308 ,181.8915 ,456.7815 ,-175.5456 ,167.0665 ,
 15.0315 ,  6.4725 ,182.5238 ,458.2681 ,-176.7816 ,166.4096 ,
 14.9551 ,  6.5552 ,183.0015 ,461.2241 ,-180.6192 ,165.8823 ,
 14.8743 ,  6.5961 ,182.6854 ,459.5819 ,-181.3711 ,166.6343 ,
 14.7961 ,  6.6382 ,183.3247 ,461.8465 ,-183.3591 ,167.6283 ,
 14.7952 ,  6.5574 ,183.4792 ,461.1896 ,-185.1915 ,167.5591 ,
 14.6363 ,  6.7596 ,183.4792 ,464.7852 ,-188.5624 ,168.1382 ,
 14.6767 ,  6.7188 ,183.6338 ,464.7852 ,-190.3602 ,168.0950 ,
 14.5959 ,  6.7601 ,183.6338 ,466.3237 ,-192.3395 ,167.6974 ,
 14.5169 ,  6.8830 ,183.7883 ,464.5432 ,-193.1001 ,168.7001 ,
 14.5186 ,  6.8841 ,184.4276 ,467.6375 ,-196.7995 ,168.9248 ,
 14.5195 ,  6.9656 ,184.5892 ,469.8156 ,-199.2801 ,168.8384 ,
 14.4800 ,  6.8852 ,184.8983 ,469.9366 ,-200.5766 ,167.4554 ,
 14.3983 ,  6.8850 ,184.4206 ,469.1414 ,-205.0279 ,167.9740 ,
 14.3992 ,  6.8861 ,185.0599 ,470.6799 ,-206.2552 ,168.6309 ,
 14.2784 ,  6.8865 ,184.7438 ,472.2357 ,-208.2951 ,168.2247 ,
 14.2798 ,  7.0475 ,185.0529 ,471.1639 ,-212.6426 ,169.8064 ,
 14.1595 ,  6.9669 ,185.0529 ,472.8580 ,-213.4378 ,168.3975 ,
 14.0795 ,  7.0898 ,185.2215 ,473.4112 ,-216.6791 ,169.3310 ,
 14.0800 ,  7.1304 ,185.2215 ,474.1200 ,-217.9237 ,169.6076 ,
 14.0400 ,  7.0903 ,185.3761 ,478.0440 ,-221.6662 ,168.8211 ,
 14.0396 ,  7.0496 ,185.3761 ,475.7795 ,-222.9022 ,168.7779 ,
 13.9197 ,  7.0914 ,185.3761 ,476.5055 ,-221.8478 ,168.4667 ,
 13.7998 ,  7.2545 ,185.3761 ,476.9895 ,-227.0251 ,169.3224 ,
 13.8003 ,  7.2145 ,185.6852 ,479.3924 ,-229.4712 ,168.9334 ,
 13.7195 ,  7.0525 ,185.6852 ,478.8565 ,-230.1972 ,168.2333 ,
 13.6387 ,  7.1746 ,185.3690 ,477.0760 ,-233.4298 ,169.1236 ,
 13.6396 ,  7.2944 ,185.3690 ,479.2368 ,-235.3054 ,168.3803 ,
 13.5601 ,  7.3361 ,185.6852 ,480.6889 ,-238.4948 ,167.9567 ,
 13.5188 ,  7.2141 ,185.3690 ,480.8617 ,-240.4136 ,168.2247 ,
 13.4389 ,  7.2150 ,185.6852 ,479.3059 ,-241.7792 ,168.5186 ,
 13.3998 ,  7.2567 ,186.0013 ,479.9974 ,-242.4620 ,168.1642 ,
 13.2773 ,  7.2562 ,185.2145 ,480.0493 ,-245.1242 ,168.4148 ,
 13.3586 ,  7.2562 ,185.5236 ,483.1090 ,-249.3075 ,167.6024 ,
 13.3177 ,  7.2966 ,185.2145 ,481.5013 ,-249.9990 ,167.2307 ,
 13.2374 ,  7.1757 ,185.5236 ,480.8617 ,-253.8280 ,167.1097 ,
 13.3590 ,  7.1752 ,185.8467 ,484.7339 ,-254.8393 ,167.1011 ,
 13.1983 ,  7.1765 ,185.8467 ,483.1954 ,-255.7295 ,166.0552 ,
 13.1180 ,  7.2962 ,185.5236 ,481.3976 ,-259.6104 ,165.9169 ,
 13.1979 ,  7.1739 ,185.6781 ,484.6994 ,-262.5318 ,165.8305 ,
 13.0762 ,  7.1335 ,185.3690 ,484.7685 ,-262.7133 ,166.4874 ,
 13.1171 ,  7.1746 ,185.6781 ,487.8109 ,-263.8715 ,166.4787 ,
 12.9559 ,  7.1752 ,185.3690 ,485.4600 ,-267.2165 ,165.6749 ,
 12.9968 ,  7.0940 ,185.6781 ,484.7685 ,-270.2503 ,165.2255 ,
 12.9546 ,  7.0933 ,185.0459 ,484.0252 ,-272.7914 ,165.8305 ,
 12.9151 ,  6.9320 ,185.5236 ,485.0105 ,-273.4310 ,164.4648 ,
 12.7535 ,  6.9324 ,185.2074 ,486.5836 ,-274.2953 ,166.1071 ,
 12.7583 ,  6.9344 ,185.2145 ,487.2578 ,-276.6982 ,165.3637 ,
 12.7579 ,  6.8505 ,185.0459 ,488.1394 ,-280.3889 ,165.5885 ,
 12.7588 ,  6.8516 ,185.6781 ,488.8827 ,-284.0882 ,164.1191 ,
 12.5985 ,  6.8532 ,185.8467 ,490.4039 ,-286.1626 ,165.0439 ,
 12.5963 ,  6.6490 ,185.3690 ,489.9372 ,-289.2396 ,163.6178 ,
 12.5572 ,  6.7713 ,185.3690 ,488.9519 ,-292.4376 ,163.1683 ,
 12.5169 ,  6.8119 ,185.2074 ,488.8827 ,-294.3565 ,163.4190 ,
 12.4760 ,  6.6496 ,185.3690 ,492.2536 ,-296.2234 ,163.7215 ,
 12.3544 ,  6.6501 ,185.0459 ,490.6632 ,-298.2632 ,162.9609 ,
 12.4743 ,  6.5287 ,185.8397 ,491.5621 ,-301.7897 ,163.2202 ,
 12.3926 ,  6.5260 ,185.3620 ,492.3746 ,-305.0050 ,162.0879 ,
 12.3127 ,  6.6077 ,185.2074 ,491.4411 ,-307.6153 ,161.6644 ,
 12.3127 ,  6.4865 ,185.6781 ,493.1698 ,-309.4304 ,162.3040 ,
 12.3513 ,  6.3230 ,185.3620 ,492.6512 ,-311.8332 ,162.5374 ,
 12.1511 ,  6.3656 ,185.5236 ,493.3427 ,-313.3717 ,161.8286 ,
 12.3500 ,  6.4033 ,184.7297 ,490.9225 ,-317.4341 ,162.3386 ,
 12.2701 ,  6.2828 ,185.2074 ,494.2243 ,-316.8636 ,161.7076 ,
 12.1089 ,  6.2837 ,185.0459 ,494.2070 ,-318.9726 ,161.2841 ,
 12.1085 ,  6.2830 ,184.7297 ,494.9849 ,-321.4619 ,160.5581 ,
 12.0686 ,  6.2027 ,185.0459 ,495.8665 ,-325.2131 ,160.1086 ,
 12.0282 ,  6.2031 ,185.2074 ,497.4223 ,-326.5096 ,160.0827 ,
 11.9886 ,  6.1190 ,184.7368 ,496.0221 ,-329.0507 ,160.6359 ,
 11.9469 ,  6.0788 ,184.8913 ,495.2788 ,-331.5745 ,158.8813 ,
 11.9900 ,  6.0387 ,185.2145 ,496.0912 ,-333.9601 ,159.1665 ,
 11.8679 ,  5.9577 ,184.8913 ,496.9901 ,-337.2273 ,159.3826 ,
 11.7867 ,  5.9577 ,184.5681 ,496.9901 ,-337.9879 ,159.3307 ,
 11.7458 ,  5.8762 ,184.4136 ,497.8718 ,-340.4944 ,159.2356 ,
 11.7467 ,  5.9579 ,184.5681 ,499.2893 ,-342.3614 ,159.1924 ,
 11.7467 ,  5.9175 ,184.7368 ,497.0074 ,-344.8507 ,158.7948 ,
 11.7458 ,  5.9570 ,184.1045 ,497.7335 ,-347.9450 ,158.6565 ,
 11.6242 ,  5.8358 ,183.9359 ,500.2746 ,-348.0833 ,158.6565 ,
 11.5443 ,  5.8775 ,184.2590 ,497.8199 ,-350.7108 ,157.5416 ,
 11.5439 ,  5.8343 ,184.0975 ,500.2055 ,-354.3929 ,157.7749 ,
 11.5434 ,  5.8341 ,183.9359 ,499.3930 ,-356.2425 ,156.7204 ,
 11.4622 ,  5.7124 ,183.7813 ,498.8052 ,-357.5909 ,157.3168 ,
 11.3423 ,  5.7948 ,183.7743 ,500.2400 ,-359.6480 ,156.6081 ,
 11.4218 ,  5.8343 ,183.4511 ,498.6151 ,-361.3767 ,156.8587 ,
 11.2207 ,  5.7950 ,183.4511 ,500.2227 ,-362.9152 ,156.1586 ,
 11.2202 ,  5.7945 ,183.1350 ,500.9833 ,-366.0268 ,156.4006 ,
 11.1803 ,  5.7948 ,183.1350 ,502.5046 ,-369.1556 ,155.6832 ,
 11.2606 ,  5.8349 ,183.2895 ,499.2893 ,-372.7858 ,156.3056 ,
 11.1386 ,  5.7131 ,182.8118 ,498.7015 ,-374.1688 ,155.3029 ,
 11.0973 ,  5.7533 ,182.1795 ,498.6324 ,-376.7272 ,156.2537 ,
 11.0574 ,  5.7937 ,182.0180 ,501.6748 ,-380.5129 ,155.8734 ,
 11.0170 ,  5.7131 ,182.3271 ,503.3689 ,-379.2683 ,154.8881 ,
 11.0582 ,  5.9159 ,182.1795 ,499.8943 ,-381.1180 ,154.5337 ,
 10.8966 ,  5.8738 ,181.8634 ,499.9462 ,-385.7335 ,155.1646 ,
 10.9379 ,  5.8325 ,181.6948 ,500.7932 ,-386.8917 ,154.4645 ,
 10.8580 ,  5.8736 ,181.5332 ,501.4847 ,-387.6177 ,155.1301 ,
 10.6960 ,  6.0358 ,180.5778 ,500.4475 ,-391.6282 ,153.7212 ,
 10.7763 ,  5.9546 ,180.9009 ,502.0897 ,-393.3396 ,153.7039 ,
 10.6556 ,  5.9959 ,180.7464 ,499.7214 ,-394.1521 ,153.3582 ,
 10.6143 ,  5.9952 ,180.1001 ,502.0551 ,-395.4313 ,152.6667 ,
 10.5344 ,  5.9956 ,180.1001 ,502.0551 ,-397.4020 ,153.6434 ,
 10.6139 ,  5.9950 ,179.9455 ,499.6869 ,-400.4098 ,152.6322 ,
 10.3728 ,  5.9963 ,179.7910 ,501.2081 ,-402.6225 ,152.9087 ,
 10.3324 ,  6.0777 ,179.6223 ,501.0525 ,-404.5586 ,152.9087 ,
 10.2912 ,  6.1985 ,178.6739 ,500.1536 ,-404.6796 ,152.5544 ,
 10.0510 ,  6.1197 ,179.1517 ,501.7612 ,-406.2527 ,151.8715 ,
 10.1309 ,  6.1192 ,179.1517 ,499.4103 ,-408.6210 ,151.8456 ,
  9.9298 ,  6.1607 ,178.8285 ,498.5286 ,-412.6488 ,152.1481 ,
  9.9302 ,  6.2828 ,178.8285 ,500.6722 ,-413.8761 ,151.4480 ,
  9.8872 ,  6.2404 ,177.7185 ,500.7932 ,-413.9280 ,151.1109 ,
  9.8481 ,  6.3225 ,177.8660 ,501.4155 ,-416.5037 ,150.0910 ,
  9.8486 ,  6.1574 ,177.7115 ,501.6402 ,-420.1684 ,151.6900 ,
  9.7283 ,  6.2795 ,177.2338 ,499.1510 ,-419.1658 ,150.7047 ,
  9.6879 ,  6.3610 ,177.0792 ,502.1243 ,-421.7069 ,149.6761 ,
  9.6874 ,  6.3201 ,176.9176 ,500.5858 ,-422.9170 ,149.0020 ,
  9.6079 ,  6.4022 ,177.0792 ,497.3186 ,-425.5446 ,148.9587 ,
  9.6865 ,  6.4409 ,176.2853 ,499.6177 ,-426.7028 ,148.9415 ,
  9.5658 ,  6.3607 ,176.2853 ,498.1656 ,-427.4807 ,148.5957 ,
  9.5250 ,  6.4009 ,175.9622 ,499.6523 ,-430.0218 ,148.5612 ,
  9.5254 ,  6.5225 ,175.6460 ,500.2227 ,-431.2837 ,148.8810 ,
  9.4442 ,  6.4824 ,175.6460 ,499.5140 ,-432.6321 ,148.5352 ,
  9.4038 ,  6.4417 ,175.4845 ,499.5486 ,-433.3235 ,148.5093 ,
  9.3243 ,  6.5642 ,175.4845 ,497.8026 ,-434.7065 ,148.1636 ,
  9.4068 ,  6.5278 ,175.0138 ,499.9980 ,-437.6279 ,146.7979 ,
  9.2857 ,  6.5287 ,174.8522 ,499.2374 ,-439.0627 ,147.1177 ,
  9.1272 ,  6.6103 ,174.3745 ,498.3558 ,-441.1890 ,146.7720 ,
  9.2066 ,  6.6097 ,174.2199 ,499.0991 ,-442.9003 ,146.4003 ,
  9.2857 ,  6.4865 ,174.0654 ,499.2547 ,-445.8391 ,145.3458 ,
  9.1667 ,  6.5287 ,174.3745 ,496.8518 ,-445.4587 ,146.0373 ,
  9.0047 ,  6.5695 ,173.7352 ,499.1164 ,-446.9281 ,145.6570 ,
  9.0455 ,  6.6485 ,173.7422 ,495.8319 ,-451.8721 ,144.6112 ,
  8.9643 ,  6.4865 ,173.8897 ,499.1855 ,-454.3959 ,145.5619 ,
  8.9239 ,  6.5680 ,173.5736 ,498.2693 ,-454.4996 ,144.9050 ,
  9.0429 ,  6.5660 ,172.9413 ,498.2521 ,-458.0261 ,145.1903 ,
  8.9225 ,  6.4857 ,173.0959 ,498.3904 ,-458.8213 ,144.8445 ,
  8.8014 ,  6.5267 ,172.7797 ,498.2866 ,-459.6683 ,144.1790 ,
  8.8413 ,  6.4859 ,172.9413 ,498.3558 ,-460.8093 ,144.8272 ,
  8.6824 ,  6.4865 ,172.6181 ,495.2269 ,-463.5578 ,144.4642 ,
  8.8422 ,  6.4448 ,172.6181 ,499.1855 ,-465.1482 ,144.7754 ,
  8.7223 ,  6.4863 ,172.6181 ,498.3385 ,-463.4714 ,143.7987 ,
  8.6011 ,  6.5271 ,172.1404 ,498.2175 ,-470.5070 ,144.0494 ,
  8.5603 ,  6.4459 ,171.9859 ,497.5779 ,-469.9539 ,142.7269 ,
  8.6398 ,  6.3638 ,171.9859 ,499.2374 ,-472.2703 ,144.0061 ,
  8.5998 ,  6.4046 ,171.8313 ,498.3904 ,-474.8287 ,142.9949 ,
  8.5998 ,  6.4046 ,171.8313 ,498.3904 ,-474.8287 ,143.9802 ,
  8.5199 ,  6.4055 ,172.1404 ,497.5606 ,-475.6066 ,142.9862 ,
  8.5190 ,  6.3243 ,172.1404 ,498.4595 ,-478.0613 ,142.6318 ,
  8.3574 ,  6.4055 ,171.3466 ,497.5606 ,-478.3206 ,142.2688 ,
  8.3570 ,  6.2837 ,171.5082 ,496.9383 ,-481.3976 ,141.2316 ,
  8.3175 ,  6.3249 ,171.6627 ,499.2028 ,-482.6595 ,142.5454 ,
  8.3171 ,  6.3653 ,171.3395 ,499.8943 ,-485.1834 ,142.8306 ,
  8.4369 ,  6.2426 ,171.6627 ,499.2893 ,-486.2206 ,141.8280 ,
  8.2380 ,  6.1629 ,171.6557 ,500.9488 ,-488.3468 ,141.8107 ,
  8.2771 ,  6.1616 ,171.1780 ,498.6497 ,-488.9519 ,143.1332 ,
  8.2771 ,  6.1596 ,171.1780 ,500.1536 ,-491.4066 ,142.4244 ,
  8.2363 ,  6.1190 ,171.0234 ,499.4276 ,-492.7031 ,142.0873 ,
  7.9948 ,  6.0395 ,171.1780 ,499.5658 ,-494.9157 ,142.0700 ,
  8.0347 ,  5.9983 ,171.0164 ,498.8052 ,-494.8466 ,141.4045 ,
  8.0343 ,  5.9579 ,171.0164 ,498.0619 ,-496.1085 ,141.3959 ,
  7.8727 ,  5.9179 ,170.8618 ,497.3532 ,-498.8052 ,141.0156 ,
  8.0352 ,  6.0802 ,171.1780 ,499.3930 ,-501.0179 ,142.3207 ,
  7.9131 ,  5.9987 ,170.7073 ,498.7879 ,-499.3930 ,142.0009 ,
  7.9140 ,  5.9588 ,171.1780 ,498.0446 ,-501.2081 ,142.3120 ,
  7.7919 ,  5.9179 ,170.5387 ,498.0965 ,-503.2998 ,141.9404 ,
  7.8336 ,  5.9188 ,171.1780 ,499.6177 ,-505.0803 ,140.9378 ,
  7.7924 ,  5.8777 ,170.8618 ,501.2081 ,-506.9645 ,141.8885 ,
  7.7120 ,  5.8784 ,170.8618 ,500.4302 ,-508.3302 ,141.5514 ,
  7.6703 ,  5.8777 ,170.2295 ,499.6696 ,-509.0562 ,140.8902 ,
  7.7520 ,  5.8373 ,170.8618 ,500.4647 ,-511.3726 ,141.8540 ,
  7.6703 ,  5.8371 ,170.3841 ,498.1311 ,-511.5455 ,141.5385 ,
  7.6720 ,  5.8384 ,171.1709 ,499.6350 ,-515.2102 ,141.8280 ,
  7.5491 ,  5.7162 ,170.3841 ,500.5512 ,-517.2846 ,142.1824 ,
  7.5487 ,  5.6347 ,170.5387 ,499.9289 ,-517.9069 ,141.1798 ,
  7.5091 ,  5.6356 ,170.6932 ,499.9116 ,-517.9069 ,142.1651 ,
  7.3884 ,  5.5956 ,170.6932 ,500.7240 ,-519.3417 ,141.4996 ,
  7.2268 ,  5.5963 ,170.3771 ,499.9289 ,-520.8457 ,141.8540 ,
  7.2685 ,  5.7208 ,170.6932 ,499.7041 ,-523.2831 ,142.1738 ,
  7.2277 ,  5.5989 ,170.6932 ,499.8943 ,-522.7126 ,141.8453 ,
  7.2273 ,  5.6391 ,170.3771 ,499.8079 ,-525.8069 ,142.5022 ,
  7.1476 ,  5.6402 ,170.6932 ,497.4396 ,-527.1899 ,143.4616 ,
  7.0668 ,  5.5998 ,170.5316 ,501.3982 ,-526.6885 ,142.8220 ,
  7.0281 ,  5.6821 ,171.0094 ,500.4820 ,-528.0023 ,142.4763 ,
  6.9061 ,  5.5605 ,170.6932 ,499.8251 ,-531.2522 ,143.1245 ,
  6.9462 ,  5.6413 ,170.5316 ,500.5512 ,-528.7456 ,143.4789 ,
  6.9440 ,  5.4376 ,170.2225 ,502.3663 ,-532.3931 ,143.1072 ,
  6.8273 ,  5.5203 ,170.5316 ,499.0818 ,-535.7467 ,143.1072 ,
  6.7065 ,  5.5210 ,170.5316 ,499.0645 ,-537.1469 ,143.4357 ,
  6.7072 ,  5.5212 ,170.6862 ,499.0127 ,-538.3743 ,143.0986 ,
  6.5847 ,  5.4806 ,170.0539 ,498.2866 ,-539.8091 ,143.4270 ,
  6.5048 ,  5.4815 ,170.2085 ,502.1934 ,-539.9301 ,144.3951 ,
  6.5045 ,  5.4832 ,170.0539 ,498.2521 ,-542.4712 ,143.7468 ,
  6.3041 ,  5.4040 ,170.5316 ,499.9462 ,-542.7478 ,144.7322 ,
  6.1443 ,  5.5274 ,170.5246 ,499.7214 ,-545.4618 ,144.3951 ,
  6.1443 ,  5.5678 ,170.3701 ,498.9090 ,-545.4964 ,144.7235 ,
  6.1023 ,  5.4859 ,169.8853 ,500.5512 ,-546.1533 ,145.0606 ,
  6.0630 ,  5.5680 ,170.0469 ,498.8571 ,-547.5016 ,145.3718 ,
  6.0220 ,  5.4461 ,170.0469 ,499.0472 ,-548.1585 ,145.7089 ,
  5.9021 ,  5.4068 ,170.3771 ,497.5087 ,-549.5587 ,146.3485 ,
  5.8204 ,  5.3658 ,169.8923 ,496.0221 ,-551.5640 ,145.3804 ,
  5.9425 ,  5.4876 ,170.2085 ,499.7041 ,-552.6185 ,145.3545 ,
  5.7818 ,  5.4887 ,170.2014 ,499.7041 ,-552.8778 ,146.3485 ,
  5.6602 ,  5.4485 ,169.8923 ,498.1483 ,-555.5226 ,147.3165 ,
  5.5820 ,  5.4490 ,169.8923 ,498.1311 ,-556.9055 ,146.3312 ,
  5.5030 ,  5.5717 ,170.0469 ,497.9409 ,-557.6834 ,146.0114 ,
  5.5408 ,  5.4905 ,170.2085 ,498.0446 ,-556.9574 ,148.3278 ,
  5.3001 ,  5.5331 ,170.2014 ,499.5658 ,-558.5651 ,147.2992 ,
  5.0995 ,  5.4536 ,170.5246 ,498.8744 ,-561.3309 ,146.9881 ,
  4.9792 ,  5.5342 ,169.5621 ,497.9409 ,-561.5211 ,147.3252 ,
  5.0591 ,  5.4949 ,169.4076 ,497.2149 ,-563.3016 ,148.9760 ,
  4.8182 ,  5.4158 ,169.7308 ,496.5753 ,-561.8149 ,148.3105 ,
  4.8185 ,  5.4968 ,169.5621 ,497.2149 ,-562.4373 ,148.9760 ,
  4.6582 ,  5.4578 ,169.8853 ,497.2149 ,-566.9664 ,148.9415 ,
  4.6968 ,  5.3350 ,169.5621 ,497.4050 ,-566.3095 ,148.6217 ,
  4.5768 ,  5.3765 ,169.5621 ,498.8917 ,-568.9370 ,148.9415 ,
  4.4560 ,  5.3370 ,169.7167 ,497.3704 ,-569.1099 ,149.2613 ,
  4.4167 ,  5.3783 ,169.8783 ,495.7801 ,-568.0035 ,149.2613 ,
  4.3357 ,  5.3379 ,169.7167 ,496.5925 ,-569.9742 ,150.2466 ,
  4.2556 ,  5.4196 ,169.5621 ,498.7534 ,-571.9449 ,149.9182 ,
  4.3765 ,  5.3381 ,170.0399 ,495.7455 ,-573.6390 ,149.2699 ,
  4.1759 ,  5.3798 ,169.8783 ,498.0101 ,-573.2933 ,149.9009 ,
  4.0966 ,  5.3800 ,169.5551 ,496.4543 ,-575.2985 ,149.9009 ,
  4.0176 ,  5.4626 ,169.8783 ,496.3160 ,-576.0591 ,150.2466 ,
  3.9765 ,  5.3407 ,169.8783 ,494.1551 ,-577.9606 ,151.5431 ,
  3.8960 ,  5.3006 ,169.8783 ,495.0195 ,-578.0989 ,150.8948 ,
  3.7370 ,  5.4648 ,170.0328 ,495.5208 ,-578.3755 ,150.8948 ,
  3.6553 ,  5.4646 ,169.5551 ,497.0766 ,-578.4792 ,151.8629 ,
  3.5753 ,  5.3440 ,170.0328 ,495.6936 ,-580.4499 ,151.8715 ,
  3.5349 ,  5.3034 ,170.0328 ,494.9503 ,-582.3860 ,152.1827 ,
  3.4549 ,  5.3873 ,169.8713 ,494.0341 ,-582.5243 ,152.5111 ,
  3.3729 ,  5.3478 ,170.1944 ,495.6245 ,-583.2503 ,152.8396 ,
  3.2922 ,  5.3076 ,170.1944 ,496.4715 ,-583.3541 ,152.8396 ,
  3.2125 ,  5.3072 ,169.5481 ,495.6764 ,-585.3247 ,153.1680 ,
  3.0913 ,  5.2281 ,170.3490 ,494.9849 ,-586.7768 ,153.1508 ,
  3.1329 ,  5.3085 ,169.8713 ,496.4197 ,-587.3300 ,153.4878 ,
  3.0118 ,  5.2290 ,170.6651 ,495.7628 ,-587.4683 ,154.1274 ,
  2.8114 ,  5.2294 ,170.0258 ,498.0273 ,-590.8565 ,153.4792 ,
  2.8512 ,  5.3517 ,170.3490 ,494.7602 ,-589.6118 ,154.8016 ,
  2.8508 ,  5.3111 ,170.3490 ,494.0168 ,-591.5133 ,155.1301 ,
  2.5696 ,  5.1917 ,170.6651 ,497.3359 ,-591.2368 ,156.1154 ,
  2.4889 ,  5.1919 ,170.5106 ,496.5580 ,-592.0319 ,154.7930 ,
  2.4084 ,  5.1519 ,170.5035 ,495.0540 ,-594.0372 ,155.4412 ,
  2.3734 ,  5.1945 ,170.3420 ,493.3945 ,-594.6595 ,155.7610 ,
  2.3738 ,  5.1948 ,170.5106 ,494.9330 ,-595.2473 ,156.0895 ,
  2.1753 ,  5.2369 ,170.5035 ,497.1630 ,-596.2153 ,157.7403 ,
  2.1321 ,  5.0747 ,170.6651 ,494.2934 ,-598.1168 ,156.7291 ,
  2.0123 ,  5.1164 ,170.8197 ,495.0368 ,-597.6328 ,157.0575 ,
  1.8916 ,  5.0766 ,170.8197 ,494.2761 ,-599.6726 ,158.0256 ,
  1.8126 ,  5.1592 ,171.1358 ,493.3600 ,-600.4332 ,156.7032 ,
  1.7739 ,  5.0782 ,171.1358 ,495.8147 ,-601.1247 ,158.0256 ,
  1.6934 ,  5.1596 ,170.8126 ,497.2322 ,-601.2284 ,157.7058 ,
  1.7723 ,  5.1175 ,170.3420 ,493.4291 ,-601.7816 ,158.3540 ,
  1.4522 ,  5.0824 ,170.9742 ,497.3013 ,-605.3081 ,157.6798 ,
  1.5322 ,  5.0411 ,170.9742 ,494.2416 ,-605.7921 ,158.0256 ,
  1.3708 ,  5.0821 ,170.5035 ,492.6512 ,-604.8932 ,159.6505 ,
  1.2513 ,  5.1243 ,170.8126 ,493.3772 ,-606.8984 ,159.3394 ,
  1.2515 ,  5.0029 ,171.2904 ,495.8665 ,-606.8639 ,159.6678 ,
  1.2510 ,  5.0431 ,170.9672 ,495.7974 ,-609.3186 ,159.6592 ,
  1.1707 ,  5.0437 ,170.9672 ,492.6858 ,-608.2468 ,161.3014 ,
  1.0102 ,  5.0044 ,171.1288 ,494.2416 ,-611.6004 ,160.6272 ,
  0.9299 ,  4.9647 ,171.2904 ,494.3107 ,-610.4595 ,160.6272 ,
  0.8925 ,  5.1693 ,171.7611 ,493.2217 ,-613.0179 ,161.2668 ,
  0.6896 ,  5.0073 ,171.4449 ,498.0792 ,-613.2599 ,161.9410 ,
  0.6893 ,  4.9260 ,171.5995 ,493.5501 ,-613.9168 ,161.9237 ,
  0.5283 ,  4.9269 ,171.4379 ,494.3107 ,-614.1934 ,161.9324 ,
  0.5695 ,  5.0084 ,171.5995 ,494.9503 ,-615.9566 ,161.9151 ,
  0.4078 ,  4.8874 ,171.5995 ,493.5847 ,-615.5417 ,162.9004 ,
  0.2081 ,  4.9302 ,171.9156 ,495.0195 ,-619.6214 ,162.5460 ,
  0.2080 ,  4.9708 ,171.7611 ,492.6685 ,-618.4113 ,162.9090 ,
  0.0075 ,  5.0128 ,171.7540 ,495.6936 ,-619.3102 ,163.8685 ,
 -0.0329 ,  4.9724 ,171.7540 ,495.0022 ,-619.3794 ,163.5400 ,
 -0.1132 ,  4.9326 ,171.9156 ,495.0368 ,-620.7277 ,163.5314 ,
 -0.1938 ,  4.8521 ,172.0702 ,493.5501 ,-623.9776 ,164.2055 ,
 -0.3535 ,  4.9754 ,172.0702 ,493.3772 ,-623.6319 ,164.5253 ,
 -0.3538 ,  4.9346 ,172.0702 ,494.2243 ,-623.5973 ,165.5107 ,
 -0.5141 ,  4.9361 ,172.2247 ,494.1724 ,-626.9509 ,165.1649 ,
 -0.5536 ,  4.9774 ,172.3863 ,494.0860 ,-627.0200 ,166.1503 ,
 -0.6737 ,  4.9785 ,172.5409 ,493.3254 ,-626.5706 ,165.4848 ,
 -0.7547 ,  4.9403 ,172.3863 ,494.9157 ,-629.1982 ,166.4614 ,
 -0.9164 ,  4.8597 ,172.2177 ,494.2416 ,-629.4402 ,167.7839 ,
 -0.9130 ,  5.0224 ,172.2177 ,493.9823 ,-630.6848 ,167.7839 ,
 -0.9930 ,  5.0637 ,172.2177 ,493.8958 ,-632.0677 ,167.1097 ,
 -1.0740 ,  5.0235 ,172.0631 ,494.7429 ,-632.1369 ,168.1037 ,
 -1.1540 ,  4.9840 ,172.3793 ,495.5381 ,-634.7645 ,168.4148 ,
 -1.3946 ,  5.0264 ,172.3793 ,493.1698 ,-634.4879 ,168.0777 ,
 -1.3127 ,  5.0672 ,172.8500 ,493.8440 ,-635.0410 ,169.0458 ,
 -1.5132 ,  5.0690 ,173.0116 ,496.1950 ,-635.3522 ,168.0691 ,
 -1.5132 ,  5.1094 ,172.8500 ,498.4076 ,-639.0170 ,169.0458 ,
 -1.7144 ,  5.0299 ,173.0116 ,493.8613 ,-639.3627 ,170.3682 ,
 -1.7945 ,  5.1519 ,172.6884 ,492.8932 ,-638.2909 ,170.7053 ,
 -1.8751 ,  5.1522 ,172.5338 ,497.5433 ,-640.2270 ,169.7027 ,
 -2.1150 ,  5.1548 ,173.0116 ,494.4490 ,-641.2296 ,170.6967 ,
 -1.9941 ,  5.1137 ,173.3207 ,495.2788 ,-641.6445 ,171.6647 ,
 -2.1548 ,  5.1552 ,173.1661 ,495.9529 ,-642.5089 ,171.3449 ,
 -2.2344 ,  5.1970 ,173.3207 ,496.6444 ,-643.2349 ,172.3303 ,
 -2.3545 ,  5.2384 ,173.3207 ,496.5753 ,-645.3093 ,171.9845 ,
 -2.4754 ,  5.3201 ,172.8430 ,494.8985 ,-646.1045 ,173.3069 ,
 -2.5962 ,  5.1991 ,173.1591 ,495.0886 ,-645.0673 ,174.2836 ,
 -2.6347 ,  5.3223 ,173.4752 ,495.6764 ,-645.7587 ,173.6267 ,
 -2.7947 ,  5.4049 ,173.4752 ,495.5554 ,-646.6922 ,174.9319 ,
 -2.9143 ,  5.4062 ,173.7914 ,497.0593 ,-648.6629 ,175.8999 ,
 -3.1159 ,  5.4073 ,173.4682 ,497.8718 ,-648.3517 ,175.5801 ,
 -3.2763 ,  5.4088 ,173.6228 ,497.8372 ,-649.2161 ,176.8853 ,
 -3.4361 ,  5.4529 ,173.7914 ,497.7508 ,-651.9473 ,176.8766 ,
 -3.3554 ,  5.4931 ,173.7914 ,496.0912 ,-653.0537 ,178.1731 ,
 -3.5533 ,  5.7394 ,174.2621 ,497.3013 ,-652.7771 ,177.8533 ,
 -3.6347 ,  5.7394 ,173.7843 ,496.4888 ,-652.9154 ,178.5102 ,
 -3.7950 ,  5.5790 ,174.4166 ,495.9529 ,-655.6467 ,179.1239 ,
 -3.8336 ,  5.7017 ,174.7328 ,498.0792 ,-656.9950 ,179.1239 ,
 -3.9943 ,  5.7840 ,174.4166 ,498.7188 ,-656.6147 ,180.7748 ,
 -4.1563 ,  5.7032 ,174.0935 ,498.8744 ,-656.1999 ,181.4317 ,
 -4.1937 ,  5.7864 ,175.0489 ,500.2746 ,-658.1360 ,181.0859 ,
 -4.3144 ,  5.8679 ,174.5712 ,499.3411 ,-659.5535 ,182.4083 ,
 -4.5155 ,  5.8288 ,174.7257 ,497.8372 ,-660.5561 ,183.0480 ,
 -4.6751 ,  5.9522 ,174.7257 ,499.1855 ,-661.9736 ,183.7048 ,
 -4.8751 ,  6.0352 ,174.7257 ,499.0818 ,-661.0747 ,184.3617 ,
 -5.1555 ,  6.1186 ,174.7257 ,498.9090 ,-663.3565 ,185.0100 ,
 -5.1546 ,  6.1599 ,175.0419 ,499.6177 ,-663.9788 ,185.3211 ,
 -5.2338 ,  6.1206 ,175.5266 ,501.9514 ,-666.5718 ,186.3238 ,
 -5.3546 ,  6.1217 ,175.5266 ,500.4647 ,-665.5346 ,186.3238 ,
 -5.5535 ,  6.2457 ,175.8357 ,501.7612 ,-667.0558 ,189.9280 ,
 -5.6749 ,  6.2055 ,175.6812 ,501.0525 ,-669.1648 ,188.9254 ,
 -5.7140 ,  6.2876 ,175.8357 ,500.1363 ,-669.2340 ,189.5996 ,
 -5.9151 ,  6.3291 ,175.5196 ,503.1787 ,-669.5105 ,190.9047 ,
 -6.1544 ,  6.4942 ,175.6741 ,501.3464 ,-671.7578 ,191.8641 ,
 -6.1539 ,  6.3730 ,176.3134 ,502.2971 ,-673.6248 ,191.5530 ,
 -6.3555 ,  6.3335 ,176.1519 ,502.3490 ,-673.9359 ,192.2012 ,
 -6.3555 ,  6.3741 ,175.9903 ,503.0405 ,-674.5928 ,193.5150 ,
 -6.5146 ,  6.4975 ,176.1519 ,501.2945 ,-675.4226 ,193.1866 ,
 -6.6738 ,  6.5403 ,176.6226 ,503.5418 ,-677.4624 ,194.1460 ,
 -6.7930 ,  6.6231 ,176.9387 ,501.8823 ,-677.0821 ,195.1140 ,
 -6.7934 ,  6.6229 ,176.7841 ,503.4208 ,-678.3267 ,195.1227 ,
 -7.0343 ,  6.5438 ,177.0932 ,506.6361 ,-679.8825 ,196.4364 ,
 -6.9926 ,  6.7469 ,177.0932 ,506.3249 ,-679.8479 ,197.7502 ,
 -7.1932 ,  6.7102 ,177.2478 ,506.3076 ,-683.2361 ,197.3958 ,
 -7.3919 ,  6.7129 ,178.0417 ,507.0682 ,-685.4142 ,198.3639 ,
 -7.4723 ,  6.7945 ,177.7255 ,506.1175 ,-688.0072 ,199.3147 ,
 -7.5522 ,  6.9577 ,177.5639 ,506.6879 ,-686.9700 ,199.6777 ,
 -7.5517 ,  6.9175 ,177.8871 ,508.2437 ,-688.8024 ,199.0035 ,
 -7.7511 ,  6.9603 ,178.1962 ,507.3621 ,-689.7013 ,200.9655 ,
 -7.8723 ,  6.8391 ,178.3578 ,509.1426 ,-689.8742 ,201.6051 ,
 -7.9127 ,  6.9623 ,178.6810 ,509.6958 ,-691.1880 ,201.9249 ,
 -8.0712 ,  7.0442 ,178.3508 ,508.8315 ,-692.0869 ,202.2620 ,
 -8.2736 ,  7.0060 ,178.8355 ,508.1054 ,-693.6427 ,203.2128 ,
 -8.3517 ,  7.0472 ,178.8355 ,508.7623 ,-696.8580 ,203.8697 ,
 -8.4286 ,  7.1307 ,179.7910 ,511.7356 ,-698.1717 ,205.2007 ,
 -8.5098 ,  7.1715 ,179.4678 ,510.0934 ,-698.3446 ,204.5352 ,
 -8.6696 ,  7.1329 ,179.9455 ,514.0002 ,-699.1398 ,205.2094 ,
 -8.7904 ,  7.1739 ,179.6223 ,513.1531 ,-700.0387 ,205.5378 ,
 -8.7895 ,  7.1743 ,179.9455 ,513.0840 ,-702.5280 ,206.8170 ,
 -9.0288 ,  7.2584 ,180.4162 ,514.5188 ,-704.0838 ,207.1196 ,
 -9.0279 ,  7.2997 ,180.7323 ,513.6890 ,-705.2938 ,208.1308 ,
 -9.1886 ,  7.2602 ,180.8939 ,514.5015 ,-706.1582 ,208.4593 ,
 -9.4284 ,  7.3436 ,181.0485 ,513.5853 ,-709.0623 ,208.7531 ,
 -9.3875 ,  7.3436 ,181.2030 ,514.3459 ,-709.5809 ,210.4040 ,
 -9.5899 ,  7.3054 ,181.6808 ,516.7142 ,-711.7590 ,210.3867 ,
 -9.7089 ,  7.3884 ,182.0039 ,516.5932 ,-713.1420 ,211.3548 ,
 -9.8262 ,  7.5517 ,181.8353 ,517.8378 ,-715.2509 ,211.3461 ,
-10.0264 ,  7.5131 ,182.3130 ,520.2061 ,-716.7030 ,212.6599 ,
-10.1050 ,  7.5961 ,182.7907 ,520.0505 ,-719.3651 ,212.6340 ,
-10.1858 ,  7.5179 ,182.9453 ,520.9321 ,-721.3704 ,212.9711 ,
-10.2644 ,  7.6791 ,183.0999 ,519.8949 ,-720.1949 ,214.2762 ,
-10.4260 ,  7.5197 ,183.0999 ,519.3072 ,-724.2054 ,213.9391 ,
-10.5849 ,  7.6435 ,183.4160 ,520.6555 ,-725.0351 ,215.2443 ,
-10.6235 ,  7.6857 ,183.8937 ,522.0903 ,-726.9367 ,214.5874 ,
-10.7847 ,  7.6461 ,183.8937 ,521.3643 ,-728.4579 ,216.2037 ,
-10.9853 ,  7.6475 ,183.8937 ,523.7152 ,-728.7345 ,216.5408 ,
-11.0244 ,  7.7700 ,184.0483 ,523.5251 ,-729.4605 ,216.2123 ,
-11.1834 ,  7.8534 ,184.5260 ,524.1128 ,-732.1918 ,217.4915 ,
-11.3028 ,  7.8551 ,184.8351 ,524.8734 ,-736.0986 ,219.4449 ,
-11.3428 ,  7.8551 ,184.8351 ,525.6513 ,-736.1332 ,218.7967 ,
-11.5021 ,  7.9386 ,185.1583 ,523.1448 ,-737.6889 ,219.4103 ,
-11.6628 ,  7.9399 ,185.3128 ,526.2391 ,-739.1065 ,219.4103 ,
-11.7814 ,  7.9421 ,185.9451 ,529.3334 ,-740.4894 ,221.4156 ,
-11.9403 ,  8.0655 ,186.0997 ,526.0317 ,-741.4229 ,221.7181 ,
-12.0211 ,  8.1063 ,185.9451 ,530.5953 ,-743.9467 ,222.7380 ,
-12.2209 ,  8.0685 ,186.5774 ,530.6126 ,-745.5716 ,223.3863 ,
-12.2999 ,  8.1102 ,186.8935 ,529.8001 ,-746.2977 ,224.0172 ,
-12.4607 ,  8.1924 ,186.5703 ,532.7389 ,-747.7843 ,224.3716 ,
-12.6192 ,  8.3166 ,187.0481 ,532.5487 ,-749.8933 ,224.9939 ,
-12.7794 ,  8.3179 ,187.2026 ,532.5314 ,-750.1353 ,225.9793 ,
-12.8989 ,  8.3601 ,187.5258 ,535.5566 ,-750.9305 ,225.9793 ,
-13.0991 ,  8.4022 ,187.6803 ,536.2480 ,-752.4517 ,226.6189 ,
-13.1390 ,  8.3241 ,187.9965 ,535.5566 ,-756.2202 ,225.9533 ,
-13.2567 ,  8.4457 ,188.6288 ,536.1270 ,-757.0845 ,227.8894 ,
-13.4152 ,  8.6512 ,189.0995 ,535.7813 ,-759.1935 ,227.5783 ,
-13.5364 ,  8.6543 ,188.7833 ,538.1496 ,-758.7440 ,229.2032 ,
-13.6958 ,  8.5752 ,189.4156 ,536.6456 ,-761.4062 ,230.8454 ,
-13.8552 ,  8.6582 ,189.7388 ,540.3968 ,-763.5497 ,229.5576 ,
-13.9360 ,  8.6582 ,189.5701 ,538.8410 ,-763.6880 ,231.1912 ,
-14.1353 ,  8.6205 ,190.3710 ,541.2093 ,-765.1747 ,232.7988 ,
-14.2534 ,  8.8659 ,190.3710 ,539.2732 ,-767.3182 ,233.4471 ,
-14.3746 ,  8.7447 ,190.5256 ,540.9673 ,-769.3235 ,233.4557 ,
-14.5757 ,  8.7465 ,190.6801 ,542.4885 ,-770.8447 ,234.1126 ,
-14.7742 ,  8.9111 ,190.9963 ,539.9301 ,-770.5335 ,233.4298 ,
-14.9753 ,  8.7504 ,191.1508 ,543.2837 ,-773.9217 ,235.4091 ,
-14.9753 ,  8.8317 ,190.9963 ,542.3329 ,-774.5094 ,235.0979 ,
-15.1360 ,  8.7921 ,191.1508 ,542.3675 ,-776.0998 ,235.7635 ,
-15.2545 ,  8.8756 ,191.7831 ,543.0244 ,-776.8258 ,237.0513 ,
-15.4135 ,  8.9585 ,191.9377 ,544.4246 ,-777.7593 ,237.3711 ,
-15.5355 ,  8.9186 ,191.7831 ,543.6813 ,-779.7991 ,238.3478 ,
-15.7761 ,  8.9199 ,191.7831 ,544.4592 ,-780.7672 ,238.0280 ,
-15.8561 ,  8.8804 ,192.0922 ,546.0495 ,-780.8709 ,238.6763 ,
-16.0168 ,  8.9225 ,191.9377 ,545.9977 ,-781.7698 ,238.6849 ,
-16.0563 ,  8.8444 ,192.4154 ,547.6745 ,-784.8814 ,239.3505 ,
-16.3373 ,  9.0486 ,192.8931 ,546.5854 ,-785.3654 ,239.3418 ,
-16.4163 ,  9.0099 ,192.5699 ,547.3979 ,-786.1260 ,240.6815 ,
-16.5375 ,  9.0929 ,192.8931 ,547.2423 ,-788.1659 ,241.0013 ,
-16.7351 ,  9.0112 ,193.2092 ,548.9018 ,-787.1978 ,241.6150 ,
-16.8589 ,  9.0143 ,193.2022 ,547.3115 ,-790.5168 ,242.9374 ,
-16.8958 ,  9.1368 ,193.0477 ,548.6771 ,-790.5168 ,241.6496 ,
-17.1355 ,  9.0986 ,193.6799 ,550.2675 ,-790.2748 ,243.2745 ,
-17.3401 ,  9.0591 ,193.3568 ,548.0202 ,-793.1098 ,243.2659 ,
-17.3358 ,  9.1816 ,193.6799 ,550.1465 ,-794.3545 ,243.5857 ,
-17.5377 ,  9.1838 ,193.9961 ,548.5907 ,-794.6656 ,245.5304 ,
-17.6589 ,  9.0626 ,194.1506 ,551.0800 ,-796.6363 ,244.5537 ,
-17.7792 ,  9.2255 ,193.8345 ,550.0255 ,-798.0884 ,245.5650 ,
-17.9399 ,  9.2277 ,194.1506 ,548.4870 ,-798.3995 ,244.8995 ,
-18.0594 ,  9.2286 ,194.3052 ,549.2821 ,-799.1947 ,245.5391 ,
-18.2209 ,  9.1487 ,194.3052 ,550.9071 ,-801.9260 ,246.5244 ,
-18.3816 ,  9.1109 ,194.1506 ,550.9589 ,-802.1680 ,246.2046 ,
-18.4598 ,  9.1109 ,194.9375 ,549.4032 ,-802.3063 ,246.4985 ,
-18.5397 ,  9.2734 ,194.6213 ,550.6824 ,-801.8223 ,247.8295 ,
-18.7426 ,  9.1935 ,194.4597 ,549.2821 ,-802.7558 ,247.5184 ,
-18.9015 ,  9.2360 ,194.7759 ,550.7688 ,-802.9978 ,248.4778 ,
-19.0622 ,  9.2387 ,194.4527 ,551.4603 ,-803.8275 ,248.5124 ,
-19.1834 ,  9.1992 ,194.6213 ,550.0255 ,-804.6227 ,249.8175 ,
-19.4249 ,  9.2009 ,194.4527 ,549.9909 ,-806.2477 ,249.1520 ,
-19.5443 ,  9.3239 ,194.4527 ,549.7835 ,-807.6997 ,249.7916 ,
-19.7050 ,  9.3247 ,194.4527 ,548.9883 ,-807.9763 ,250.4485 ,
-19.9465 ,  9.3673 ,194.2911 ,548.1585 ,-808.9444 ,250.7942 ,
-20.0677 ,  9.2058 ,194.6073 ,551.5294 ,-807.8380 ,250.7855 ,
-20.1880 ,  9.2062 ,194.4457 ,549.9563 ,-808.6678 ,251.1399 ,
-20.3461 ,  9.3309 ,195.2466 ,549.7835 ,-810.2582 ,252.0648 ,
-20.4690 ,  9.2084 ,194.6002 ,549.1784 ,-812.8511 ,251.7709 ,
-20.6693 ,  9.2510 ,194.6002 ,546.0495 ,-808.2875 ,253.0847 ,
-20.7896 ,  9.2119 ,195.0780 ,549.9563 ,-810.8805 ,253.0760 ,
-20.9099 ,  9.2936 ,194.6002 ,550.5959 ,-812.3325 ,253.7502 ,
-21.0697 ,  9.2949 ,194.9164 ,550.5959 ,-811.9522 ,254.0614 ,
-21.2304 ,  9.4178 ,194.5932 ,551.1491 ,-814.0612 ,254.0700 ,
-21.3920 ,  9.3779 ,194.2841 ,546.6546 ,-811.2262 ,253.7329 ,
-21.5132 ,  9.2993 ,194.2771 ,549.0574 ,-814.4761 ,254.0959 ,
-21.6326 ,  9.2580 ,194.5932 ,549.0920 ,-813.4735 ,254.7183 ,
-21.7538 ,  9.2176 ,194.4316 ,547.5881 ,-812.9894 ,255.0726 ,
-21.8354 ,  9.2611 ,194.2771 ,549.8699 ,-814.9947 ,256.0753 ,
-22.1946 ,  9.3840 ,194.4316 ,547.3460 ,-813.7155 ,256.3691 ,
-22.2772 ,  9.3041 ,193.7994 ,547.4325 ,-817.5877 ,256.7494 ,
-22.3167 ,  9.3032 ,194.2771 ,548.2449 ,-812.6437 ,256.0407 ,
-22.4774 ,  9.3059 ,193.7923 ,548.2449 ,-814.7872 ,256.4037 ,
-22.6785 ,  9.1856 ,194.1085 ,546.1533 ,-813.8538 ,257.3717 ,
-22.7997 ,  9.2264 ,193.6308 ,546.8447 ,-814.6490 ,257.7002 ,
-22.9209 ,  9.2681 ,193.6308 ,544.4938 ,-812.4017 ,257.7002 ,
-23.0016 ,  9.2677 ,193.1601 ,545.2371 ,-813.8192 ,257.7348 ,
-23.2019 ,  9.3910 ,192.9915 ,544.2690 ,-813.5080 ,258.4003 ,
-23.3213 ,  9.2699 ,192.9915 ,547.5535 ,-814.3032 ,258.4003 ,
-23.5628 ,  9.3120 ,192.6683 ,545.9977 ,-811.5719 ,259.6968 ,
-23.6840 ,  9.3124 ,192.6683 ,542.8688 ,-813.0240 ,259.0313 ,
-23.9255 ,  9.2729 ,192.1906 ,542.9380 ,-812.8166 ,259.3597 ,
-24.0870 ,  9.3954 ,191.7129 ,542.7997 ,-812.4363 ,260.6821 ,
-24.1283 ,  9.3142 ,191.5513 ,542.9380 ,-811.2608 ,261.0106 ,
-24.3294 ,  9.2738 ,191.2211 ,544.5283 ,-810.9842 ,260.7167 ,
-24.5700 ,  9.2764 ,191.3827 ,538.3397 ,-811.9868 ,260.0425 ,
-24.6903 ,  9.2369 ,191.5513 ,540.7426 ,-809.6358 ,259.0572 ,
-24.7720 ,  9.3603 ,190.7504 ,538.9620 ,-810.4310 ,260.7340 ,
-24.9749 ,  9.2795 ,190.2727 ,538.3397 ,-808.2529 ,260.4228 ,
-25.0952 ,  9.1996 ,190.5888 ,539.9992 ,-808.3566 ,261.0452 ,
-25.2172 ,  9.3208 ,189.4788 ,538.2533 ,-808.0800 ,261.3909 ,
-25.3779 ,  9.1996 ,189.6334 ,535.4010 ,-805.7636 ,261.3736 ,
-25.5395 ,  9.2817 ,189.3102 ,534.5194 ,-804.8302 ,260.7340 ,
-25.7415 ,  9.2018 ,189.0011 ,533.1192 ,-803.8967 ,261.7020 ,
-25.8636 ,  9.2018 ,188.5234 ,532.3413 ,-802.8595 ,261.3909 ,
-25.9865 ,  9.1197 ,187.7295 ,529.4025 ,-803.1015 ,261.0884 ,
-26.2280 ,  9.2018 ,187.2518 ,528.4691 ,-803.5164 ,261.7625 ,
-26.1876 ,  9.1201 ,187.2518 ,527.8640 ,-799.7479 ,262.1083 ,
-26.4309 ,  9.1206 ,186.6125 ,524.7697 ,-799.4713 ,261.3995 ,
-26.5933 ,  9.0806 ,186.1348 ,526.4292 ,-796.0140 ,260.7945 ,
-26.6337 ,  9.0389 ,185.6571 ,522.6262 ,-794.8731 ,262.1083 ,
-26.8383 ,  8.8769 ,185.1793 ,520.5518 ,-795.8411 ,262.1256 ,
-26.9973 ,  8.9190 ,185.3339 ,521.3124 ,-792.9370 ,260.1376 ,
-27.0394 ,  8.9186 ,184.7016 ,519.7393 ,-793.6284 ,261.4860 ,
-27.0816 ,  8.8769 ,184.0694 ,518.2700 ,-791.2775 ,261.8058 ,
-27.2844 ,  8.7144 ,183.5916 ,514.7089 ,-788.5116 ,260.5006 ,
-27.2853 ,  8.7140 ,183.1209 ,513.9656 ,-786.6446 ,259.5326 ,
-27.4486 ,  8.7135 ,182.3201 ,510.9059 ,-784.4320 ,260.1808 ,
-27.4890 ,  8.6745 ,181.8423 ,510.1453 ,-784.5702 ,259.5412 ,
-27.6515 ,  8.4707 ,181.0485 ,509.7822 ,-781.0438 ,259.5326 ,
-27.8148 ,  8.5102 ,181.0485 ,507.4140 ,-776.9987 ,258.8584 ,
-27.8974 ,  8.3895 ,180.2616 ,506.0483 ,-777.7247 ,257.5878 ,
-27.8579 ,  8.5515 ,179.7839 ,503.4899 ,-775.2009 ,257.5878 ,
-28.0203 ,  8.3460 ,178.3437 ,503.1096 ,-772.3659 ,256.6716 ,
-28.1450 ,  8.1831 ,177.7115 ,499.5658 ,-770.0841 ,256.3432 ,
-28.0669 ,  8.0189 ,177.2338 ,499.0300 ,-768.0442 ,255.6949 ,
-28.0686 ,  7.9359 ,176.4399 ,495.3133 ,-765.6241 ,254.7269 ,
-28.1907 ,  7.9364 ,176.1167 ,493.8094 ,-761.4753 ,254.7183 ,
-28.3128 ,  7.8951 ,175.3299 ,491.5621 ,-759.8504 ,252.7649 ,
-28.3558 ,  7.7722 ,174.6976 ,487.8974 ,-757.4994 ,252.4278 ,
-28.2381 ,  7.5662 ,173.8967 ,487.4998 ,-752.9357 ,250.8374 ,
-28.4427 ,  7.4846 ,172.7868 ,483.8005 ,-750.7922 ,249.2125 ,
-28.5657 ,  7.4033 ,172.3161 ,483.9387 ,-749.7204 ,248.5383 ,
-28.5288 ,  7.3603 ,171.2061 ,477.8711 ,-742.2872 ,247.9073 ,
-28.5314 ,  7.1956 ,170.2506 ,475.8140 ,-741.6649 ,245.9712 ,
-28.5762 ,  6.9921 ,169.1406 ,473.0655 ,-738.0001 ,245.6687 ,
-28.5762 ,  6.9904 ,168.0306 ,471.5442 ,-736.1332 ,244.0611 ,
-28.5780 ,  6.9888 ,167.2368 ,468.5018 ,-733.0907 ,242.7646 ,
-28.5832 ,  6.7829 ,165.9722 ,464.9926 ,-725.6575 ,241.4681 ,
-28.7466 ,  6.7827 ,165.1713 ,463.4714 ,-725.9341 ,240.1889 ,
-28.5077 ,  6.6169 ,164.5391 ,461.4316 ,-721.8544 ,240.1802 ,
-28.5911 ,  6.4540 ,163.0989 ,458.6139 ,-719.5034 ,237.5872 ,
-28.6728 ,  6.4128 ,162.4666 ,457.1618 ,-716.5647 ,236.3080 ,
-28.7176 ,  6.2481 ,161.2021 ,454.3786 ,-711.6207 ,236.6624 ,
-28.7220 ,  6.0828 ,160.8859 ,449.2445 ,-709.1660 ,233.3606 ,
-28.7246 ,  6.0402 ,159.9305 ,445.4760 ,-705.5358 ,234.0175 ,
-28.7685 ,  5.9987 ,158.3428 ,443.2633 ,-701.3179 ,232.1074 ,
-28.7290 ,  5.8755 ,157.8651 ,440.3938 ,-696.8580 ,229.7996 ,
-28.7325 ,  5.7111 ,157.0782 ,436.0375 ,-695.6825 ,228.8488 ,
-28.7773 ,  5.5061 ,155.9682 ,435.6572 ,-690.6694 ,227.5610 ,
-28.8195 ,  5.4639 ,155.0198 ,429.5378 ,-687.0737 ,226.5756 ,
-28.8247 ,  5.3392 ,153.5867 ,426.7028 ,-682.1643 ,223.6801 ,
-28.9090 ,  5.2176 ,152.4767 ,425.3371 ,-680.5048 ,223.7061 ,
-28.8704 ,  5.1324 ,151.6828 ,423.2282 ,-675.4571 ,222.0811 ,
-28.7123 ,  5.0889 ,150.7344 ,418.6818 ,-670.2712 ,220.7846 ,
-28.7826 ,  4.9717 ,149.6174 ,416.6592 ,-666.0878 ,218.5114 ,
-28.8265 ,  4.9282 ,148.0297 ,410.5916 ,-662.3885 ,217.8978 ,
-28.6702 ,  4.8433 ,146.7651 ,408.4481 ,-658.4817 ,216.6099 ,
-28.6342 ,  4.6389 ,145.6551 ,404.9216 ,-654.7132 ,215.6505 ,
-28.6781 ,  4.5948 ,144.5451 ,401.9656 ,-649.1815 ,213.3773 ,
-28.6394 ,  4.5522 ,143.7513 ,398.2490 ,-642.9583 ,212.0808 ,
-28.6833 ,  4.4685 ,142.4867 ,396.0709 ,-639.9159 ,210.4645 ,
-28.5253 ,  4.3036 ,141.2222 ,393.2705 ,-635.9745 ,208.5543 ,
-28.3646 ,  4.2621 ,139.6345 ,385.4742 ,-629.5093 ,207.2319 ,
-28.4085 ,  4.0975 ,138.5245 ,386.5460 ,-625.1877 ,205.6502 ,
-28.4120 ,  4.0134 ,137.2529 ,383.6591 ,-620.2091 ,205.0106 ,
-28.2557 ,  3.8066 ,136.3045 ,377.0383 ,-616.2678 ,202.7288 ,
-28.2188 ,  3.7230 ,135.3490 ,371.8178 ,-610.6669 ,201.4236 ,
-28.1038 ,  3.6369 ,133.4452 ,367.3924 ,-606.1378 ,199.1850 ,
-28.0282 ,  3.4704 ,131.8575 ,366.9429 ,-599.1886 ,197.2748 ,
-28.0317 ,  3.5104 ,130.5859 ,362.2928 ,-595.4893 ,195.3301 ,
-27.8763 ,  3.1391 ,129.7991 ,359.1121 ,-587.1225 ,193.7051 ,
-27.7586 ,  3.3395 ,127.5791 ,354.2200 ,-581.4180 ,192.4519 ,
-27.7244 ,  3.0514 ,126.3075 ,352.3876 ,-574.5379 ,190.5158 ,
-27.5681 ,  2.9237 ,124.8884 ,344.9371 ,-568.7296 ,186.9374 ,
-27.4908 ,  2.8403 ,123.4623 ,338.9559 ,-563.0250 ,186.3065 ,
-27.4162 ,  2.5126 ,122.1907 ,337.1581 ,-560.3974 ,183.0652 ,
-27.2186 ,  2.5069 ,120.7646 ,331.8338 ,-552.6530 ,181.1291 ,
-27.0219 ,  2.4215 ,119.5000 ,328.1864 ,-544.9086 ,179.8499 ,
-26.9059 ,  2.2956 ,118.0739 ,323.0522 ,-537.2680 ,177.9138 ,
-26.8708 ,  2.2120 ,116.3316 ,316.2413 ,-534.8133 ,175.6579 ,
-26.5942 ,  2.1239 ,114.7439 ,313.3890 ,-526.2737 ,172.7451 ,
-26.3984 ,  1.9979 ,112.8436 ,309.7934 ,-520.3962 ,171.8203 ,
-26.2833 ,  1.8720 ,111.4139 ,306.1978 ,-511.5109 ,168.5877 ,
-26.0453 ,  1.7447 ,110.4655 ,301.8588 ,-505.5470 ,166.6343 ,
-26.0515 ,  1.5782 ,107.9294 ,295.2035 ,-498.7361 ,165.0526 ,
-25.7749 ,  1.4919 ,106.4997 ,291.5906 ,-490.2311 ,162.4942 ,
-25.6985 ,  1.4476 ,104.9155 ,287.8740 ,-483.9387 ,160.5667 ,
-25.3007 ,  1.4423 ,103.0152 ,284.0882 ,-477.1278 ,158.6393 ,
-25.1040 ,  1.3152 ,101.9052 ,280.5012 ,-469.9712 ,156.3920 ,
-24.9898 ,  1.2705 , 99.6852 ,275.9981 ,-463.6097 ,154.1620 ,
-24.6728 ,  0.9796 , 98.7403 ,268.8068 ,-455.0528 ,150.5578 ,
-24.4761 ,  1.0157 , 97.0015 ,263.4048 ,-449.8150 ,149.2958 ,
-24.1213 ,  0.8073 , 95.4173 ,259.1868 ,-441.8286 ,144.4210 ,
-24.0054 ,  0.8037 , 93.3589 ,254.6491 ,-436.7290 ,143.1591 ,
-23.6480 ,  0.7977 , 91.6202 ,249.3594 ,-428.1203 ,141.5514 ,
-23.4934 ,  0.6301 , 89.8849 ,241.9780 ,-418.5953 ,139.2869 ,
-23.4188 ,  0.5052 , 88.2972 ,238.4083 ,-410.4188 ,137.0526 ,
-23.0210 ,  0.4984 , 86.8781 ,233.8620 ,-403.6424 ,133.8200 ,
-22.8243 ,  0.4118 , 84.9778 ,227.9413 ,-394.6534 ,130.9029 ,
-22.5090 ,  0.2844 , 83.5552 ,222.0033 ,-388.5685 ,128.9668 ,
-22.2736 ,  0.1985 , 81.1806 ,218.3731 ,-382.0514 ,126.1015 ,
-21.8767 ,  0.0704 , 79.7510 ,215.5641 ,-374.6009 ,123.5215 ,
-21.6405 , -0.0163 , 78.0157 ,209.6175 ,-365.5254 ,121.2872 ,
-21.4025 ,  0.0200 , 76.5896 ,204.9847 ,-360.8926 ,118.6899 ,
-20.9643 , -0.0262 , 75.4831 ,201.2767 ,-352.7161 ,116.4470 ,
-20.8826 , -0.1635 , 73.4247 ,194.7683 ,-343.5714 ,114.5281 ,
-20.5656 , -0.2511 , 71.5244 ,190.3775 ,-334.9973 ,112.6180 ,
-20.1292 , -0.2987 , 69.6275 ,182.8146 ,-328.7741 ,109.7268 ,
-19.6919 , -0.3456 , 67.2530 ,179.9191 ,-319.4220 ,106.2046 ,
-19.6550 , -0.3903 , 65.8269 ,175.4678 ,-310.6404 ,102.9764 ,
-19.2168 , -0.3557 , 63.7720 ,171.6561 ,-303.7604 ,101.0705 ,
-18.8198 , -0.5654 , 62.5074 ,166.6343 ,-297.5545 , 98.8146 ,
-18.5819 , -0.5294 , 60.4490 ,160.4976 ,-289.1359 , 96.9131 ,
-18.2236 , -0.4536 , 58.7103 ,154.2917 ,-282.4028 , 94.0132 ,
-17.8249 , -0.5003 , 57.1261 ,149.8231 ,-274.3213 , 90.4738 ,
-17.4666 , -0.5475 , 55.5454 ,144.5852 ,-265.6866 , 89.8601 ,
-17.0706 , -0.5939 , 53.4852 ,141.6897 ,-257.5878 , 86.9862 ,
-16.8738 , -0.6805 , 52.0626 ,136.5081 ,-248.5729 , 84.7433 ,
-16.3935 , -0.6048 , 50.6365 ,131.8666 ,-239.7653 , 82.1719 ,
-16.1573 , -0.6923 , 48.2584 ,127.4585 ,-231.8999 , 79.9592 ,
-15.6778 , -0.5766 , 46.6742 ,121.9700 ,-223.0665 , 78.3775 ,
-15.2800 , -0.6233 , 44.6158 ,118.2577 ,-216.8519 , 76.1691 ,
-14.8795 , -0.6288 , 43.5076 ,114.4676 ,-210.6115 , 73.5848 ,
-14.4817 , -0.5942 , 41.4491 ,109.1088 ,-201.9076 , 71.0480 ,
-13.9223 , -0.6426 , 39.8667 ,103.8796 ,-192.9186 , 68.8158 ,
-13.6045 , -0.6482 , 38.1279 , 98.5553 ,-186.2200 , 63.6472 ,
-13.1250 , -0.6134 , 36.5437 , 95.4826 ,-179.8672 , 62.0676 ,
-12.7667 , -0.6599 , 34.9595 , 91.0140 ,-171.1980 , 59.8398 ,
-12.2863 , -0.5438 , 33.5352 , 87.0684 ,-162.9782 , 58.2537 ,
-11.7673 , -0.5098 , 31.4750 , 85.5947 ,-152.8050 , 55.0752 ,
-11.3678 , -0.4749 , 29.8926 , 79.4104 ,-148.4834 , 52.8344 ,
-10.8483 , -0.4407 , 28.1512 , 76.3766 ,-139.5592 , 51.9182 ,
-10.4883 , -0.3647 , 26.8866 , 70.1512 ,-132.1778 , 49.6666 ,
 -9.8876 , -0.3710 , 25.4622 , 68.6948 ,-125.6089 , 47.4410 ,
 -9.2466 , -0.2560 , 23.5628 , 65.5227 ,-117.7737 , 45.2283 ,
 -8.6450 , -0.2224 , 22.4589 , 58.5779 ,-111.8833 , 41.6607 ,
 -8.1656 , -0.3099 , 21.5105 , 55.6867 ,-105.5088 , 40.0574 ,
 -7.5627 ,  0.0102 , 19.4539 , 49.0616 ,-101.5459 , 36.8637 ,
 -7.1219 ,  0.0864 , 18.3456 , 46.7106 ,-94.0089 , 34.6186 ,
 -6.6016 ,  0.0800 , 17.0820 , 42.9378 ,-86.9603 , 33.0250 ,
 -6.0009 ,  0.0691 , 16.2881 , 39.1866 ,-78.5374 , 31.0900 ,
 -5.6000 ,  0.1903 , 14.7109 , 35.9842 ,-72.3185 , 28.8578 ,
 -4.7159 ,  0.3048 , 13.6062 , 34.3161 ,-67.2212 , 27.5959 ,
 -4.1544 ,  0.3803 , 12.5006 , 30.4104 ,-60.7473 , 24.3676 ,
 -3.9954 ,  0.4181 , 11.3911 , 28.0778 ,-56.7692 , 22.7730 ,
 -3.3926 ,  0.6163 ,  9.9667 , 25.5161 ,-51.5055 , 20.2189 ,
 -2.9528 ,  0.5295 ,  9.0187 , 22.6076 ,-47.0758 , 17.9651 ,
 -2.4702 ,  0.6480 ,  7.7520 , 20.1421 ,-43.8583 , 17.3639 ,
 -2.2706 ,  0.6854 ,  6.9614 , 17.0538 ,-39.1909 , 15.7497 ,
 -1.9908 ,  0.7209 ,  6.6453 , 15.5018 ,-35.0173 , 14.7736 ,
 -1.5491 ,  0.7996 ,  5.5379 , 15.4283 ,-30.5854 , 12.8737 ,
 -1.1475 ,  0.8366 ,  5.0650 , 14.6358 ,-27.4684 , 11.2590 ,
 -0.9873 ,  0.8753 ,  3.9559 , 10.7425 ,-24.1224 , 11.2887 ,
 -0.7064 ,  0.8315 ,  3.9592 ,  9.2818 ,-22.4359 , 10.6269 ,
 -0.5465 ,  0.8298 ,  3.4841 ,  9.3229 ,-19.0520 ,  9.0225 ,
 -0.3055 ,  0.9098 ,  2.8500 ,  9.2062 ,-18.0569 ,  9.4028 ,
 -0.1057 ,  0.8661 ,  2.5345 ,  8.5404 ,-14.6461 ,  9.3985 ,
  0.0959 ,  0.9053 ,  2.3800 ,  5.3837 ,-14.9610 ,  7.0951 ,
  0.2159 ,  0.8630 ,  1.5850 ,  6.2810 ,-14.1064 ,  7.1818 ,
  0.4161 ,  0.9414 ,  2.0671 ,  1.5559 ,-10.0965 ,  7.0921 ,
  0.4568 ,  0.8192 ,  1.4330 ,  1.7231 ,-10.6340 ,  6.1089 ,
  0.3761 ,  0.9013 ,  1.2674 ,  6.2891 , -8.8632 ,  5.9085 ,
  0.4168 ,  0.9010 ,  1.1138 ,  2.3815 , -8.2065 ,  4.5272 ,
  0.5327 ,  0.7743 ,  0.7909 ,  5.8453 , -6.0868 ,  5.6219 ,
  0.2901 ,  0.6947 ,  0.7958 ,  0.4467 , -4.0178 ,  3.8888 ,
  0.1300 ,  0.6550 ,  0.4776 ,  2.0083 , -4.2580 ,  3.9358 ,
  0.0823 ,  0.3257 ,  0.0002 ,  1.8320 , -3.0483 ,  3.5774 ,
 -0.0375 ,  0.3270 ,  0.4737 ,  3.4419 , -0.7382 ,  3.0223 ,
 -0.0394 ,  0.2445 , -0.1595 ,  1.1861 , -1.3552 ,  2.9289 ,
 -0.0789 ,  0.3265 , -0.0014 ,  3.3830 , -0.1883 ,  1.6262 ,
 -0.0389 ,  0.1231 ,  0.1580 ,  0.5806 , -0.7021 ,  1.6306 ,
 -0.0403 ,  0.2031 , -0.4767 ,  0.4825 ,  1.1402 ,  1.6314 ,
  0.0014 ,  0.2041 ,  0.1583 , -0.3122 , -1.2830 ,  1.2992 ,
 -0.0802 ,  0.0819 , -0.0010 , -0.1222 , -1.3862 ,  0.6505 ,
 -0.1205 ,  0.2038 , -0.3189 ,  2.0279 ,  1.0153 ,  1.6297 ,
 -0.0814 ,  0.1214 , -0.6356 ,  0.6107 , -0.1523 ,  1.6332 ,
 -0.0404 ,  0.1219 , -0.3179 ,  0.6005 , -0.7102 ,  1.6297 ,
 -0.2012 ,  0.1229 , -0.1609 , -1.7274 ,  0.2835 ,  1.9533 ,
 -0.0392 ,  0.2049 ,  0.3166 ,  1.2350 ,  1.1242 ,  1.6050 ,
 -0.0387 ,  0.1633 ,  0.3148 ,  2.8970 , -1.3218 ,  0.9919 ,
 -0.0404 ,  0.0406 , -0.1591 , -0.8311 ,  1.1730 ,  0.9775 ,
 -0.1208 ,  0.1630 , -0.3188 ,  2.0893 , -0.8438 ,  0.9793 ,
 -0.1196 ,  0.2452 , -0.0017 ,  0.4071 ,  0.3866 ,  0.9757 ,
 -0.0799 ,  0.2039 , -0.1598 , -0.3017 , -0.1656 ,  1.9533 ,
 -0.1202 ,  0.2041 , -0.1602 , -0.3014 ,  1.6383 ,  2.2785 ,
 -0.1608 ,  0.0823 , -0.0018 ,  0.6532 , -1.5120 ,  0.9757 ,
 -0.2006 ,  0.2453 , -0.1611 , -0.3621 , -0.3622 ,  1.3027 ,
 -0.0402 ,  0.1626 , -0.3180 ,  0.5391 ,  1.1489 ,  1.6297 ,
 -0.1208 ,  0.1630 , -0.3188 , -0.2350 , -0.2215 ,  0.9793 ,
 -0.0814 ,  0.1214 , -0.6356 , -0.9390 , -1.3970 ,  0.6576 ,
 -0.0798 ,  0.1635 , -0.0011 ,  1.3045 , -0.7795 ,  1.6262 ,
 -0.1606 ,  0.1231 , -0.0018 ,  2.1414 ,  2.2139 ,  1.6262 ,
 -0.0798 ,  0.1635 , -0.0011 , -0.2451 , -0.1571 ,  1.3010 ,
 -0.0799 ,  0.2039 , -0.1598 ,  0.4731 ,  1.0789 ,  0.9775 ,
 -0.0393 ,  0.1229 ,  0.1580 ,  0.5922 , -0.0877 ,  0.9866 ,
 -0.0799 ,  0.2039 , -0.1598 ,  0.4731 ,  0.4566 ,  1.6280 ,
 -0.2012 ,  0.1229 , -0.1609 ,  0.5970 , -0.3388 , -0.3234 ,
 -0.0405 ,  0.1634 ,  0.1573 ,  0.5170 ,  1.1428 ,  0.6382 ,
  0.1203 ,  0.1612 , -0.6336 ,  0.5475 ,  0.7768 ,  0.9828 ,
 -0.0395 ,  0.1633 , -0.0007 ,  1.3041 ,  1.7727 ,  0.9757 ,
 -0.0805 ,  0.0816 , -0.1596 ,  2.2071 ,  0.4801 ,  0.9775 ,
  0.0003 ,  0.1220 , -0.1589 ,  2.1450 , -0.0242 ,  0.9775 ,
 -0.0402 ,  0.1626 , -0.3180 ,  0.5391 , -0.0957 ,  1.3045 ,
 -0.1203 ,  0.1229 , -0.0014 , -0.1833 , -0.8346 ,  1.3010 ,
 -0.0801 ,  0.1631 , -0.1597 , -0.2403 ,  0.4644 ,  2.6038 ,
 -0.1620 ,  0.0406 , -0.4776 ,  0.7294 ,  0.9828 ,  1.6314 ,
 -0.0400 ,  0.1222 , -0.1593 ,  0.5957 ,  0.5352 ,  0.3270 ,
 -0.0810 ,  0.1218 , -0.4770 ,  2.1554 ,  1.0929 ,  1.3063 ,
 -0.1170 ,  0.2874 ,  0.1575 ,  0.3163 ,  0.4078 ,  1.3120 ,
 -0.1211 ,  0.1627 , -0.4774 , -1.0051 , -1.4670 ,  1.9568 ,
 -0.0400 ,  0.2034 , -0.3181 ,  1.2525 ,  1.7634 ,  1.6297 ,
 -0.0806 ,  0.1231 ,  0.1572 ,  0.5794 ,  1.7115 ,  2.2470 ,
 -0.0797 ,  0.2447 , -0.1599 ,  1.1864 , -1.4181 ,  1.3027 ,
  0.0408 ,  0.1225 ,  0.1583 , -0.1896 ,  0.6592 ,  1.3006 ,
 -0.0798 ,  0.1635 , -0.0011 , -1.0201 ,  0.4652 ,  1.3010 ,
 -0.1212 ,  0.0815 , -0.3186 ,  0.6627 , -0.2059 ,  0.9793 ,
 -0.0802 ,  0.0819 , -0.0010 , -0.1222 , -0.1415 ,  0.6505 ,
  0.0800 ,  0.0802 , -0.4752 , -0.1089 ,  2.5970 ,  0.9811 ,
 -0.0801 ,  0.1631 , -0.1597 ,  0.5346 , -0.1578 ,  0.9775 ,
 -0.1204 ,  0.1633 , -0.1602 , -1.7896 ,  1.0237 ,  1.6280 ,
 -0.0402 ,  0.0814 , -0.1592 , -0.8925 ,  1.1652 ,  1.3027 ,
  0.0003 ,  0.1220 , -0.1589 , -1.7293 ,  1.2203 ,  1.3027 ,
  0.0812 ,  0.1219 ,  0.0006 ,  1.3646 , -0.5199 ,  1.6261 ,
 -0.1218 ,  0.1621 , -0.7947 ,  0.5545 , -0.2237 ,  0.9846 ,
 -0.1209 ,  0.2035 , -0.4775 ,  0.4832 ,  0.3922 ,  0.6558 ,
  0.0010 ,  0.1226 ,  0.1584 , -0.9642 ,  0.5995 ,  1.6244 ,
  0.0010 ,  0.1226 ,  0.1584 , -0.1893 ,  1.2218 ,  1.9497 ,
  0.0004 ,  0.0815 , -0.0002 ,  1.4267 ,  1.2288 ,  0.3252 ,
  0.0804 ,  0.1219 ,  0.1582 , -0.1875 ,  1.9705 ,  1.3081 ,
  0.0010 ,  0.2038 , -0.0004 , -1.0821 ,  1.2054 ,  1.3010 ,
 -0.0398 ,  0.1629 , -0.1593 ,  0.5342 ,  1.7719 ,  0.9775 ,
 -0.2012 ,  0.1229 , -0.1609 ,  1.3719 ,  0.2835 ,  1.6280 ,
 -0.0393 ,  0.2040 , -0.0008 ,  1.2427 ,  0.5203 ,  0.3252 ,
 -0.0002 ,  0.1621 , -0.4762 , -0.2312 ,  0.5887 ,  0.0053 ,
  0.0006 ,  0.1223 , -0.0002 ,  2.1400 ,  1.2210 ,  0.6505 ,
 -0.0803 ,  0.2036 , -0.3185 ,  1.2528 ,  1.0781 ,  1.3045 ,
 -0.0417 , -0.0010 , -0.6350 ,  1.5695 ,  1.1787 ,  0.9828 ,
 -0.2413 ,  0.1639 , -0.1614 , -1.0138 ,  0.2128 ,  0.6523 ,
 -0.1611 ,  0.0820 , -0.1604 , -1.6664 , -0.8904 ,  1.6280 ,
 -0.1599 ,  0.0827 ,  0.1574 , -0.1271 , -2.1381 ,  1.3187 ,
 -0.1210 ,  0.1223 , -0.3187 ,  0.6013 , -0.8360 ,  1.6297 ,
 -0.0393 ,  0.2040 , -0.0008 ,  0.4679 ,  0.5203 ,  0.9757 ,
 -0.0810 ,  0.1218 , -0.4770 , -0.1690 ,  0.4708 ,  0.6558 ,
  0.0002 ,  0.0408 , -0.0001 , -0.0615 , -0.6302 ,  1.6262 ,
  0.0008 ,  0.0818 ,  0.1585 ,  0.6470 , -0.0149 ,  1.6244 ,
 -0.0807 ,  0.0408 , -0.1595 , -0.8308 , -0.1344 ,  0.6523 ,
 -0.0414 ,  0.1209 , -0.7938 ,  0.6152 ,  0.5322 ,  1.3099 ,
 -0.0807 ,  0.1221 , -0.3183 ,  0.6009 , -0.7731 ,  1.6297 ,
  0.0796 ,  0.0799 , -0.6339 , -0.8789 ,  1.9741 ,  0.6576 ,
  0.0395 ,  0.1209 , -0.6344 , -0.9400 ,  0.6587 ,  0.9828 ,
 -0.1618 ,  0.1626 , -0.6365 , -0.9998 , -0.2859 ,  0.9828 ,
  0.0818 ,  0.2035 ,  0.1589 ,  0.4681 ,  0.0829 ,  2.1803 ,
 -0.0800 ,  0.1227 , -0.0010 ,  1.3659 ,  0.4730 ,  1.3010 ,
  0.0415 ,  0.1631 ,  0.1587 ,  0.5302 ,  0.0306 ,  0.9503 ,
  0.0402 ,  0.0403 , -0.1583 , -0.0569 ,  1.2989 ,  0.9775 ,
  0.0007 ,  0.2035 , -0.1590 , -1.0773 , -1.2845 ,  0.3270 ,
 -0.0812 ,  0.1622 , -0.6357 , -0.2256 ,  1.7068 ,  0.9828 ,
  0.0406 ,  0.2030 , -0.3173 , -0.2979 ,  1.2669 ,  1.3045 ,
 -0.0001 ,  0.1217 , -0.3175 , -0.1746 ,  1.2197 ,  0.9793 ,
 -0.0406 ,  0.0811 , -0.3178 , -1.6626 , -0.7024 ,  0.6541 ,
 -0.0791 ,  0.2455 ,  0.3155 , -0.3761 ,  0.4454 ,  1.9079 ,
 -0.0803 ,  0.2036 , -0.3185 , -1.0717 ,  1.0781 ,  1.9549 ,
 -0.0400 ,  0.1222 , -0.1593 ,  2.1454 ,  1.1574 ,  1.3027 ,
 -0.1624 , -0.0409 , -0.4774 ,  0.0775 ,  1.6206 ,  1.3063 ,
 -0.0400 ,  0.2034 , -0.3181 ,  1.2525 , -0.7258 ,  1.3045 ,
 -0.1208 ,  0.0818 , -0.1600 ,  1.4326 ,  0.4172 ,  1.3027 ,
  0.0005 ,  0.2440 , -0.3177 ,  1.1907 ,  0.5739 ,  2.2801 ,
 -0.0406 ,  0.0811 , -0.3178 ,  1.4368 ,  0.5422 ,  1.3045 ,
 -0.0811 ,  0.1628 ,  0.1553 , -1.0254 ,  1.0731 ,  1.3068 ,
 -0.1203 ,  0.1229 , -0.0014 , -0.1833 ,  0.4101 ,  0.9757 ,
 -0.0404 ,  0.0406 , -0.1591 ,  1.4933 ,  0.5508 ,  1.9532 ,
 -0.0393 ,  0.2040 , -0.0008 , -0.3070 ,  0.5203 ,  0.9757 ,
 -0.0010 ,  0.0803 , -0.6347 , -0.1034 ,  0.6036 ,  0.6576 ,
 -0.1220 ,  0.1213 , -0.7946 , -0.1589 ,  1.0286 ,  1.6351 ,
 -0.1614 ,  0.1629 , -0.4779 , -0.2298 ,  0.9594 ,  0.9811 ,
 -0.0807 ,  0.1221 , -0.3183 ,  0.6009 ,  0.4715 ,  1.3045 ,
 -0.0805 ,  0.0816 , -0.1596 , -0.1173 ,  1.1023 ,  1.9533 ,
  0.1615 ,  0.1212 , -0.1573 ,  0.5940 ,  1.4721 ,  1.3027 ,
  0.0802 ,  0.1210 , -0.4753 ,  0.6044 ,  1.3446 ,  0.6558 ,
 -0.0807 ,  0.1221 , -0.3183 ,  0.6009 ,  0.4715 ,  1.3045 ,
 -0.0407 ,  0.1216 , -0.4765 , -1.7191 ,  0.5336 ,  0.3306 ,
 -0.0006 ,  0.1618 , -0.6349 ,  2.0981 , -0.0342 ,  0.6576 ,
 -0.0805 ,  0.1628 , -0.3184 , -1.0103 , -0.1586 ,  0.6541 ,
 -0.1613 ,  0.1225 , -0.3191 , -0.1732 , -0.2766 ,  0.3288 ,
 -0.0406 ,  0.1220 ,  0.1561 , -0.9617 ,  1.1489 ,  1.3055 ,
 -0.1212 ,  0.0815 , -0.3186 , -1.6619 ,  2.2832 ,  0.9793 ,
 -0.0004 ,  0.1214 , -0.4761 , -0.1697 ,  0.5966 ,  0.6558 ,
 -0.0808 ,  0.1625 , -0.4770 , -0.2305 ,  0.4630 ,  0.9811 ,
 -0.0393 ,  0.2040 , -0.0008 , -0.3070 ,  1.1425 ,  1.3010 ,
  0.0813 ,  0.2031 , -0.1582 ,  1.2465 ,  0.0860 ,  0.9775 ,
 -0.0400 ,  0.1222 , -0.1593 , -1.7289 ,  1.7796 ,  1.6278 ,
 -0.1611 ,  0.1632 , -0.3192 ,  0.5402 ,  0.3378 ,  1.3045 ,
  0.0006 ,  0.1223 , -0.0002 , -0.9592 ,  0.5988 ,  0.6505 ,
 -0.0398 ,  0.1629 , -0.1593 , -1.0155 ,  1.7719 ,  1.3027 ,
 -0.0404 ,  0.2436 , -0.6354 , -0.3488 ,  0.5095 ,  2.2837 ,
 -0.0802 ,  0.0819 , -0.0010 , -0.1222 , -0.1415 ,  1.3010 ,
 -0.0397 ,  0.1225 , -0.0006 , -2.5086 ,  2.4026 ,  0.9757 ,
  0.0805 ,  0.1213 , -0.3167 , -2.4998 ,  0.1009 ,  0.9793 ,
  0.1208 ,  0.0399 , -0.1575 ,  1.4920 , -0.4421 ,  0.6522 ,
  0.0408 ,  0.1224 ,  0.1587 ,  0.5837 ,  0.6516 ,  1.2831 ,
 -0.0803 ,  0.2036 , -0.3185 , -1.0717 , -0.7887 ,  0.9793 ,
  0.0404 ,  0.1623 , -0.3172 ,  0.5384 ,  0.0302 ,  0.9793 ,
 -0.0404 ,  0.0406 , -0.1591 , -0.8311 ,  0.5508 ,  0.9775 ,
  0.0405 ,  0.0406 ,  0.0003 ,  0.7130 ,  1.2996 ,  0.9757 ,
 -0.0797 ,  0.2040 ,  0.1560 , -2.6580 , -0.1640 ,  1.3552 ,
  0.1210 ,  0.0806 , -0.1576 ,  0.6557 , -0.4499 ,  1.3027 ,
 -0.0801 ,  0.1631 , -0.1597 , -0.2403 ,  0.4644 ,  1.9533 ,
 -0.0814 ,  0.0402 , -0.4768 , -0.8210 , -0.1359 ,  0.6558 ,
 -0.0401 ,  0.2439 , -0.4768 , -1.9036 ,  1.1324 ,  1.3063 ,
  0.0004 ,  0.0815 , -0.0002 , -0.1229 , -0.6380 ,  1.3010 ,
 -0.0799 ,  0.0828 ,  0.3158 , -0.1306 ,  1.1022 ,  0.9576 ,
 -0.1608 ,  0.0011 ,  0.1570 , -0.7784 ,  0.3713 ,  0.9739 ,
 -0.0395 ,  0.1226 ,  0.3151 , -1.7549 ,  0.5275 ,  0.6287 ,
 -0.0807 ,  0.0408 , -0.1595 , -0.0559 ,  0.4879 ,  0.6523 ,
 -0.0403 ,  0.2031 , -0.4767 , -0.2923 , -0.7265 ,  0.3306 ,
 -0.0807 ,  0.0408 , -0.1595 ,  0.7189 ,  1.1101 ,  1.3027 ,
  0.0418 ,  0.2048 ,  0.4752 , -0.3193 ,  1.2673 ,  1.2781 ,
 -0.0807 ,  0.1637 ,  0.1570 ,  0.5170 ,  1.0805 ,  1.2814 ,
 -0.0812 ,  0.2034 ,  0.1551 , -1.0887 ,  1.0620 ,  0.9848 ,
 -0.0807 ,  0.1221 , -0.3183 , -0.1739 ,  0.4715 ,  1.3045 ,
  0.0390 ,  0.0798 , -0.7930 , -0.0988 ,  1.9104 ,  0.6594 ,
 -0.0403 ,  0.2031 , -0.4767 ,  1.2573 ,  0.5181 ,  0.9811 ,
 -0.0404 ,  0.1219 , -0.3179 , -1.7241 , -0.0878 ,  1.3045 ,
 -0.0805 ,  0.0816 , -0.1596 , -0.1173 ,  1.1023 ,  0.9775 ,
 -0.0397 ,  0.2442 , -0.3181 , -1.1335 , -0.1113 ,  0.3288 ,
 -0.0389 ,  0.1645 ,  0.4756 ,  2.0724 ,  1.7482 ,  1.2906 ,
  0.0407 ,  0.0813 ,  0.0003 , -0.1233 ,  0.6696 ,  1.3009 ,
 -0.0803 ,  0.2036 , -0.3185 , -1.0717 ,  1.7004 ,  1.3045 ,
 -0.1209 ,  0.0006 , -0.0012 ,  0.7758 ,  1.6780 ,  1.6262 ,
 -0.0398 ,  0.1629 , -0.1593 , -1.0155 ,  1.7719 ,  1.6278 ,
  0.1208 ,  0.1211 , -0.3163 ,  2.1488 ,  0.7861 ,  1.3045 ,
 -0.0407 ,  0.1216 , -0.4765 , -0.1694 , -0.7109 ,  0.9811 ,
 -0.0804 ,  0.0412 , -0.0009 ,  0.7141 ,  1.1108 ,  1.3010 ,
 -0.0008 ,  0.0398 , -0.4760 , -0.0468 ,  0.6122 ,  0.3306 ,
 -0.0814 ,  0.0402 , -0.4768 ,  0.7287 , -0.1359 ,  1.6314 ,
  0.0002 ,  0.0408 , -0.0001 , -0.0615 ,  1.2367 ,  0.9757 ,
 -0.0811 ,  0.0405 , -0.3182 , -0.0510 ,  1.1094 ,  2.2801 ,
 -0.0006 ,  0.0806 , -0.4761 , -1.6580 ,  2.4712 ,  0.6558 ,
  0.0812 ,  0.1219 ,  0.0006 , -0.1851 ,  0.7247 ,  0.6504 ,
 -0.0798 ,  0.1635 , -0.0011 , -0.2451 ,  1.0874 ,  1.6262 ,
  0.0802 , -0.0007 , -0.1578 , -0.7707 ,  1.3696 ,  1.3027 ,
 -0.0393 ,  0.1229 ,  0.1580 ,  0.5922 , -0.0877 ,  1.6459 ,
 -0.1208 ,  0.0818 , -0.1600 , -0.8918 ,  0.4172 ,  1.3027 ,
  0.0402 ,  0.0816 ,  0.1586 ,  0.6420 ,  1.2841 ,  0.9595 ,
  0.0014 ,  0.2041 ,  0.1583 ,  1.2374 ,  1.2062 ,  1.2992 ,
  0.0407 ,  0.0813 ,  0.0003 ,  0.6516 ,  1.9141 ,  0.9757 ,
 -0.1620 ,  0.0406 , -0.4776 ,  1.5042 ,  0.3606 ,  1.3063 ,
 -0.1208 ,  0.1630 , -0.3188 ,  1.3146 ,  1.6454 ,  1.6297 ,
  0.0404 ,  0.0810 , -0.1584 ,  0.6565 ,  1.2910 ,  0.6522 ,
  0.0392 , -0.0011 , -0.4755 ,  1.5640 ,  0.0607 ,  0.9811 ,
  0.1208 ,  0.1211 , -0.3163 , -0.9505 ,  0.7861 ,  0.6540 ,
 -0.0801 ,  0.1631 , -0.1597 ,  1.3093 , -0.1578 ,  0.3270 ,
 -0.0783 ,  0.2053 ,  0.1577 ,  0.4531 , -0.7735 ,  1.3008 ,
  0.1211 ,  0.1210 ,  0.1591 ,  1.3876 ,  1.9955 ,  0.3045 ,
  0.0411 ,  0.1629 ,  0.0001 , -1.0211 ,  0.6540 ,  0.9757 ,
 -0.0006 ,  0.0806 , -0.4761 , -0.8831 ,  1.2266 ,  1.3063 ,
  0.0411 ,  0.1629 ,  0.0001 , -0.2462 ,  1.8986 ,  0.9757 ,
 -0.1204 ,  0.1633 , -0.1602 , -1.0147 ,  1.0237 ,  1.3027 ,
  0.0406 ,  0.2030 , -0.3173 ,  0.4770 ,  0.0224 ,  0.9793 ,
  0.0008 ,  0.1631 , -0.0003 ,  0.5290 ,  2.4577 ,  0.9757 ,
  0.0006 ,  0.1223 , -0.0002 , -2.5091 ,  1.8433 ,  0.9757 ,
 -0.0400 ,  0.1222 , -0.1593 , -0.9540 ,  1.1574 ,  0.9775 ,
 -0.0411 ,  0.0400 , -0.4764 , -0.0464 ,  1.1715 ,  0.6558 ,
  0.0402 ,  0.1215 , -0.3171 , -0.1749 ,  0.6602 ,  0.6541 ,
 -0.0000 ,  0.2029 , -0.4763 ,  0.4822 , -0.6636 ,  0.6558 ,
  0.0400 ,  0.0807 , -0.3170 ,  1.4361 ,  0.6681 ,  1.3045 ,
 -0.0408 ,  0.0403 , -0.3178 , -0.0513 ,  1.1724 ,  1.3045 ,
 -0.1213 ,  0.1219 , -0.4774 , -0.1687 , -0.2144 ,  0.9811 ,
 -0.0406 , -0.0001 , -0.1590 ,  0.7801 , -0.0637 ,  0.6522 ,
  0.0411 ,  0.0818 ,  0.3175 ,  2.2351 ,  0.6452 ,  0.6437 ,
  0.0814 ,  0.1627 ,  0.0005 ,  1.3031 ,  1.9614 ,  1.3009 ,
  0.0010 ,  0.2038 , -0.0004 , -0.3073 ,  1.2054 ,  0.9757 ,
 -0.0411 ,  0.0400 , -0.4764 ,  0.7284 ,  0.5493 ,  1.3063 ,
 -0.0402 ,  0.0814 , -0.1592 , -0.8925 , -0.0793 ,  1.6278 ,
 -0.1215 ,  0.1624 , -0.6361 , -0.2252 ,  0.3993 ,  1.3081 ,
  0.0396 , -0.0008 , -0.3169 ,  0.0094 ,  1.9283 ,  0.3288 ,
  0.1223 ,  0.2848 ,  0.0007 ,  2.6678 , -1.1107 ,  0.6504 ,
 -0.0003 ,  0.0809 , -0.3174 , -0.1131 ,  0.6051 ,  1.3045 ,
  0.0798 ,  0.0395 , -0.4752 , -0.8224 ,  1.3603 ,  0.9811 ,
 -0.0405 ,  0.1623 , -0.4766 ,  0.5440 ,  1.7704 ,  1.3063 ,
 -0.0007 , -0.0006 , -0.3173 ,  1.5594 ,  1.8653 ,  0.9793 ,
 -0.0801 ,  0.1631 , -0.1597 , -0.2403 ,  0.4644 ,  1.3027 ,
 -0.0395 ,  0.1233 ,  0.3159 , -0.1924 ,  1.1574 ,  0.6416 ,
 -0.0801 ,  0.1631 , -0.1597 , -0.2403 ,  0.4644 ,  1.6280 ,
 -0.0803 ,  0.1224 , -0.1597 , -0.9537 , -0.7723 ,  1.3027 ,
 -0.0001 ,  0.1217 , -0.3175 ,  1.3750 ,  1.2197 ,  1.3045 ,
  0.1217 ,  0.1625 ,  0.0009 , -1.7966 ,  0.7798 ,  0.9757 ,
  0.0807 ,  0.0808 , -0.1580 , -0.1187 ,  0.1095 ,  0.3270 ,
 -0.2014 ,  0.0822 , -0.1608 , -1.6660 ,  1.5359 ,  0.6523 ,
 -0.0004 ,  0.1214 , -0.4761 ,  0.6051 , -0.6480 ,  1.3063 ,
  0.0411 ,  0.1637 ,  0.3171 ,  0.5141 ,  1.2680 ,  0.9560 ,
 -0.0812 ,  0.0810 , -0.4769 ,  2.2167 ,  1.1008 ,  1.3063 ,
 -0.0001 ,  0.1217 , -0.3175 ,  0.6002 ,  1.2197 ,  1.3045 ,
 -0.0001 ,  0.1217 , -0.3175 ,  0.6002 , -0.0249 ,  0.3288 ,
  0.0401 ,  0.1619 , -0.4758 ,  0.5433 ,  0.6517 ,  0.3306 ,
 -0.0004 ,  0.1214 , -0.4761 , -0.9446 , -0.0257 ,  1.3063 ,
  0.0409 ,  0.0818 ,  0.1590 , -1.6786 , -1.1870 ,  0.9599 ,
  0.0012 ,  0.1634 ,  0.1583 , -0.2507 , -1.2752 ,  0.9739 ,
  0.0404 ,  0.0810 , -0.1584 , -1.6682 ,  1.2910 ,  0.0018 ,
  0.0400 ,  0.0807 , -0.3170 , -0.1135 ,  0.0458 ,  0.3288 ,
  0.0411 ,  0.1637 ,  0.3171 ,  0.5141 ,  1.2680 ,  1.2745 ,
 -0.1210 ,  0.1223 , -0.3187 ,  0.6013 , -0.2137 ,  1.3045 ,
  0.0411 ,  0.1629 ,  0.0001 ,  1.3034 ,  0.6540 ,  1.6261 ,
  0.0401 ,  0.1222 ,  0.1583 ,  0.5792 ,  1.8978 ,  0.9598 ,
 -0.0802 ,  0.0819 , -0.0010 ,  1.4274 ,  1.7254 ,  0.9757 ,
 -0.0001 ,  0.1217 , -0.3175 , -0.1746 ,  1.2197 ,  0.9793 ,
 -0.0805 ,  0.1628 , -0.3184 , -0.2354 ,  1.0860 ,  0.3288 ,
  0.0008 ,  0.1631 , -0.0003 ,  2.0786 ,  1.8356 ,  1.3010 ,
 -0.0398 ,  0.1629 , -0.1593 , -0.2406 , -0.7172 ,  1.3027 ,
  0.0407 ,  0.0813 ,  0.0003 , -0.1233 ,  1.2918 ,  0.3252 ,
 -0.0001 ,  0.0405 , -0.1587 , -0.0566 ,  3.1028 ,  0.3270 ,
  0.0397 ,  0.0804 , -0.4757 , -0.1086 , -0.5773 ,  1.6314 ,
 -0.0808 ,  0.1625 , -0.4770 ,  0.5443 ,  0.4630 ,  0.9811 ,
  0.1211 ,  0.0402 ,  0.0011 , -1.6122 ,  2.0477 ,  0.9757 ,
  0.1208 ,  0.1211 , -0.3163 , -1.7254 ,  0.7861 ,  1.3045 ,
  0.1210 ,  0.0806 , -0.1576 , -0.1191 ,  0.7946 ,  0.3270 ,
 -0.0400 ,  0.1222 , -0.1593 , -0.1791 ,  1.1574 ,  0.6522 ,
  0.0411 ,  0.1629 ,  0.0001 , -0.2462 ,  1.2762 , -0.3253 ,
  0.0408 ,  0.1626 , -0.1585 , -0.2413 ,  0.6532 ,  1.6278 ,
 -0.1205 ,  0.0417 ,  0.1571 , -0.0643 ,  0.4253 ,  1.5889 ,
 -0.0401 ,  0.0410 , -0.0005 ,  1.4885 , -0.0707 ,  0.3252 ,
 -0.0807 ,  0.0408 , -0.1595 , -0.8308 ,  1.7324 ,  0.9775 ,
 -0.0406 ,  0.1220 ,  0.1561 , -0.9617 ,  1.7695 ,  0.9820 ,
 -0.0393 ,  0.2040 , -0.0008 , -0.3070 ,  2.3869 ,  1.3010 ,
  0.0391 ,  0.0393 , -0.6342 , -0.8171 ,  0.0521 ,  0.6576 ,
  0.0400 ,  0.0807 , -0.3170 , -0.1135 ,  0.6681 ,  0.0036 ,
 -0.1210 ,  0.0410 , -0.1599 , -0.0555 ,  0.4250 ,  0.9775 ,
 -0.0404 ,  0.0819 ,  0.1573 , -0.1246 ,  1.1667 ,  1.3039 ,
 -0.0401 ,  0.0410 , -0.0005 , -0.0611 ,  1.1737 ,  0.3252 ,
 -0.0002 ,  0.1621 , -0.4762 , -1.0061 ,  0.5887 ,  0.6558 ,
  0.0003 ,  0.1220 , -0.1589 , -0.9544 , -0.0242 ,  0.9775 ,
 -0.0411 ,  0.0400 , -0.4764 , -0.0464 ,  1.1715 ,  1.3063 ,
 -0.0816 , -0.0005 , -0.4767 ,  0.0154 ,  0.4942 ,  0.9811 ,
  0.0004 ,  0.0815 , -0.0002 , -0.1229 , -0.0156 ,  0.3252 ,
 -0.0005 ,  0.0401 , -0.3174 , -0.0517 , -0.0093 ,  0.0036 ,
  0.0814 ,  0.1627 ,  0.0005 , -1.7963 ,  0.7169 ,  0.6504 ,
 -0.0006 ,  0.1618 , -0.6349 , -1.0012 ,  1.2103 ,  1.3081 ,
  0.0401 , -0.0410 ,  0.0005 , -0.7138 ,  0.6930 ,  0.9757 ,
 -0.0802 ,  0.2040 ,  0.1562 , -1.0954 ,  0.4405 ,  0.9596 ,
  0.0402 ,  0.1215 , -0.3171 ,  0.5999 ,  0.6602 ,  0.9793 ,
  0.0008 ,  0.0818 ,  0.1585 ,  0.6470 ,  0.6074 ,  0.6487 ,
  0.0006 ,  0.0411 ,  0.1586 , -1.6162 , -0.6294 ,  1.6244 ,
  0.0393 ,  0.0801 , -0.6343 ,  1.4459 , -0.5780 ,  0.6576 ,
 -0.0805 ,  0.0816 , -0.1596 ,  2.2071 , -0.1422 ,  1.6280 ,
 -0.0001 ,  0.1217 , -0.3175 ,  0.6002 , -0.0249 ,  0.9793 ,
 -0.1215 ,  0.0812 , -0.4773 , -0.1072 , -0.8290 ,  0.9811 ,
 -0.0406 ,  0.0811 , -0.3178 , -1.6626 , -0.7024 ,  0.9793 ,
  0.0399 ,  0.1212 , -0.4757 , -0.9449 ,  1.2817 ,  0.6558 ,
 -0.0001 ,  0.1217 , -0.3175 , -0.1746 ,  0.5973 ,  0.9793 ,
 -0.1199 ,  0.0425 ,  0.3165 ,  1.4900 ,  1.0344 ,  0.6472 ,
 -0.1203 ,  0.1229 , -0.0014 , -0.1833 ,  1.0323 ,  0.9757 ,
  0.0399 , -0.0005 , -0.1582 ,  0.7793 ,  0.6844 ,  1.3027 ,
 -0.1204 ,  0.1633 , -0.1602 ,  0.5349 , -0.2208 ,  0.3270 ,
  0.0003 ,  0.1220 , -0.1589 , -1.7293 ,  1.2203 ,  0.6522 ,
 -0.0400 ,  0.1222 , -0.1593 , -0.9540 , -0.0871 ,  0.9775 ,
 -0.0400 ,  0.2034 , -0.3181 , -0.2972 ,  1.1411 ,  1.3045 ,
 -0.0012 ,  0.0395 , -0.6346 ,  0.7329 ,  0.6115 ,  0.9828 ,
 -0.0406 , -0.0001 , -0.1590 ,  1.5548 , -0.0637 ,  0.9775 ,
  0.0001 ,  0.1624 , -0.3176 ,  0.5388 ,  0.5895 ,  0.9793 ,
 -0.0403 ,  0.2031 , -0.4767 ,  0.4825 ,  1.1402 ,  0.9811 ,
  0.0008 ,  0.1631 , -0.0003 , -1.7956 ,  0.5910 ,  0.9757 ,
  0.0805 ,  0.1213 , -0.3167 , -0.9502 ,  1.3455 ,  1.3045 ,
  0.2016 ,  0.0803 , -0.1568 , -0.8946 ,  2.1650 ,  0.9775 ,
 -0.0804 ,  0.0412 , -0.0009 , -1.6105 ,  1.1108 ,  1.3010 ,
  0.1212 ,  0.1622 ,  0.1578 , -1.0234 ,  1.3970 ,  0.6601 ,
 -0.0805 ,  0.0816 , -0.1596 , -0.1173 ,  1.7246 ,  0.3270 ,
 -0.0404 ,  0.1219 , -0.3179 , -1.7241 ,  1.7790 ,  0.9793 ,
 -0.1196 ,  0.0831 ,  0.3159 ,  1.4339 , -0.2055 ,  1.3294 ,
 -0.0812 ,  0.2440 ,  0.1548 , -1.1508 ,  1.0519 ,  0.9862 ,
 -0.0399 ,  0.0005 ,  0.1582 ,  0.7703 ,  0.5601 ,  0.6487 ,
 -0.0397 ,  0.1225 , -0.0006 , -0.9589 ,  0.5359 ,  1.6262 ,
  0.0404 ,  0.0810 , -0.1584 , -0.8932 ,  0.6688 ,  0.9775 ,
 -0.0411 ,  0.0400 , -0.4764 , -0.8214 , -0.0730 ,  0.3306 ,
 -0.0809 ,  0.0813 , -0.3182 , -0.1124 , -0.1430 ,  1.6297 ,
 -0.0410 , -0.0004 , -0.3177 , -0.7647 , -0.0644 ,  0.9793 ,
 -0.0399 ,  0.0817 , -0.0006 ,  1.4270 ,  1.1660 ,  0.6505 ,
  0.0008 ,  0.1631 , -0.0003 , -1.0208 ,  0.5910 ,  0.6505 ,
 -0.0408 ,  0.0403 , -0.3178 , -0.0513 , -0.0722 , -0.3217 ,
  0.0408 ,  0.1626 , -0.1585 , -0.2413 ,  0.6532 ,  1.6278 ,
 -0.0411 ,  0.0400 , -0.4764 , -0.0464 , -1.3177 ,  1.3063 ,
  0.0001 ,  0.0812 , -0.1588 , -0.1180 , -0.0164 ,  0.6522 ,
 -0.0005 ,  0.0401 , -0.3174 , -0.0517 ,  1.8576 ,  0.6541 ,
  0.0000 ,  0.0000 ,  0.0000 , -0.7748 ,  1.2446 ,  0.6505 ,
 -0.0808 ,  0.1625 , -0.4770 , -0.2305 ,  0.4630 ,  1.3063 ,
 -0.0807 ,  0.0408 , -0.1595 , -0.8308 , -0.1344 ,  0.9775 ,
 -0.0404 ,  0.1219 , -0.3179 , -0.1742 ,  2.4011 ,  0.0036 ,
  0.1212 ,  0.1214 , -0.1577 ,  0.5943 , -0.4578 ,  0.9775 ,
  0.0813 ,  0.0821 ,  0.3178 ,  0.6367 ,  1.3498 ,  0.9582 ,
 -0.0800 ,  0.1227 , -0.0010 , -0.9586 ,  1.0952 ,  1.3010 ,
 -0.0810 ,  0.1218 , -0.4770 , -0.1690 ,  0.4708 ,  1.3063 ,
  0.1209 , -0.0006 ,  0.0012 , -0.0010 ,  0.1888 ,  0.9757 ,
 -0.0404 ,  0.0819 ,  0.1573 , -0.1246 ,  1.7911 ,  0.9779 ,
  0.0407 ,  0.0817 ,  0.1585 , -0.1279 ,  0.6689 ,  0.9716 ,
  0.0005 ,  0.1627 , -0.1589 , -0.2409 ,  0.5903 ,  0.9775 ,
  0.0409 ,  0.1221 ,  0.0002 , -0.1847 ,  0.6618 ,  0.9757 ,
 -0.2014 ,  0.0822 , -0.1608 , -1.6660 , -0.3310 ,  0.6523 ,
 -0.0001 ,  0.0405 , -0.1587 , -0.0566 ,  1.2359 ,  0.6522 ,
 -0.0404 ,  0.0406 , -0.1591 ,  0.7186 , -0.0715 ,  0.9775 ,
 -0.0816 , -0.0005 , -0.4767 ,  0.0154 ,  1.1164 ,  0.9811 ,
  0.0402 ,  0.0403 , -0.1583 ,  0.7179 ,  0.0544 , -0.6487 ,
  0.0400 ,  0.0807 , -0.3170 ,  1.4361 ,  1.9127 ,  0.3288 ,
 -0.0794 ,  0.1637 ,  0.1575 , -0.2489 , -0.1546 ,  1.3667 ,
  0.1204 ,  0.0396 , -0.3161 ,  1.4968 ,  1.4240 ,  0.6540 ,
  0.1215 ,  0.1217 ,  0.0010 , -0.9603 ,  2.6544 ,  1.3009 ,
  0.0011 ,  0.0821 ,  0.3171 , -0.9076 ,  0.6081 ,  0.6469 ,
  0.0811 ,  0.1624 , -0.1581 , -3.3412 , -1.1508 ,  0.9775 ,
 -0.0411 ,  0.1213 , -0.6352 ,  1.3852 , -0.0893 ,  1.3081 ,
  0.0000 ,  0.0000 ,  0.0000 ,  0.0000 ,  1.8670 ,  0.9757 ,
 -0.1198 ,  0.0421 ,  0.3161 ,  0.7058 , -0.1953 ,  1.6526 ,
  0.0012 ,  0.1634 ,  0.1583 , -0.2507 ,  0.5918 ,  1.2992 ,
  0.0011 ,  0.0821 ,  0.3171 ,  0.6421 , -0.0141 ,  0.9722 ,
  0.0403 , -0.0002 ,  0.0004 , -0.7752 ,  0.6852 ,  1.6261 ,
 -0.0409 ,  0.0808 , -0.4765 , -0.1079 ,  0.5415 ,  1.3063 ,
  0.1205 ,  0.1208 , -0.4749 ,  1.3788 ,  0.1631 ,  0.6558 ,
 -0.1212 ,  0.0815 , -0.3186 , -0.1121 ,  1.6610 ,  1.3045 ,
  0.0409 , -0.0809 ,  0.3166 , -1.4303 ,  1.3292 ,  1.9283 ,
 -0.0008 ,  0.0398 , -0.4760 ,  0.7280 ,  0.6122 ,  0.6558 ,
 -0.0405 ,  0.1623 , -0.4766 , -0.2308 ,  1.1481 ,  0.6558 ,
 -0.0006 ,  0.0806 , -0.4761 , -0.8831 ,  1.8489 ,  1.6314 ,
 -0.0401 ,  0.0410 , -0.0005 , -0.8360 , -0.6931 ,  0.9757 ,
 -0.0400 ,  0.1222 , -0.1593 ,  2.1454 ,  1.1574 ,  0.9775 ,
  0.0010 ,  0.2038 , -0.0004 , -0.3073 ,  0.5832 ,  1.6262 ,
  0.1607 ,  0.0394 , -0.3157 ,  0.7217 ,  1.4869 , -0.3217 ,
  0.0005 ,  0.1627 , -0.1589 , -0.2409 ,  1.8348 ,  1.3027 ,
 -0.0812 ,  0.0810 , -0.4769 , -0.8824 , -0.1437 ,  0.0054 ,
  0.0404 ,  0.2839 , -0.6347 , -0.4110 ,  0.0053 ,  0.6576 ,
 -0.0003 ,  0.0809 , -0.3174 ,  0.6617 ,  1.8497 ,  0.6541 ,
  0.0405 ,  0.0406 ,  0.0003 ,  0.7130 ,  0.0551 ,  0.9757 ,
  0.0002 ,  0.0408 , -0.0001 ,  0.7133 , -0.0078 ,  0.3252 ,
 -0.1206 ,  0.1226 , -0.1601 , -0.9533 , -0.2129 ,  1.3027 ,
 -0.0807 ,  0.0408 , -0.1595 ,  0.7189 , -1.3790 ,  0.9775 ,
 -0.0812 ,  0.0810 , -0.4769 , -0.8824 , -2.0107 ,  0.9811 ,
  0.0006 ,  0.1223 , -0.0002 , -0.1844 ,  0.5988 ,  1.3010 ,
 -0.0409 ,  0.0808 , -0.4765 , -0.1079 ,  1.7860 ,  0.6558 ,
  0.0406 ,  0.2030 , -0.3173 ,  0.4770 ,  1.8892 ,  0.9793 ,
 -0.0396 ,  0.1224 ,  0.1574 , -0.9714 , -0.0853 ,  0.3345 ,
  0.0805 ,  0.1213 , -0.3167 , -0.9502 ,  0.1009 ,  0.3288 ,
 -0.0806 ,  0.0004 , -0.0008 ,  0.7755 ,  0.4964 ,  0.6505 ,
  0.0402 ,  0.0403 , -0.1583 , -0.8318 ,  0.0544 ,  0.6522 ,
 -0.0006 ,  0.0806 , -0.4761 , -0.8831 , -0.0179 ,  1.3063 ,
 -0.0796 ,  0.0823 ,  0.1580 , -0.1282 , -0.7604 ,  1.3258 ,
 -0.0803 ,  0.1224 , -0.1597 , -0.9537 ,  0.4723 ,  0.3270 ,
 -0.0395 ,  0.1633 , -0.0007 , -2.5702 , -0.0942 ,  0.9757 ,
 -0.0816 ,  0.0807 , -0.6355 , -1.6524 , -0.1445 ,  0.6576 ,
  0.0395 ,  0.0396 , -0.4756 , -0.0471 ,  3.1641 ,  0.9811 ,
  0.1195 , -0.0018 , -0.6333 ,  0.7933 ,  0.8080 ,  0.6576 ,
  0.0807 ,  0.0808 , -0.1580 ,  0.6561 ,  1.3540 ,  0.0018 ,
  0.0803 ,  0.0805 , -0.3166 , -0.1138 ,  0.1087 ,  0.9793 ,
 -0.0397 ,  0.1225 , -0.0006 , -0.1840 , -0.0864 ,  0.9757 ,
  0.0409 ,  0.1221 ,  0.0002 ,  0.5901 , -1.2051 ,  1.3009 ,
  0.0400 ,  0.0807 , -0.3170 ,  0.6613 ,  1.2904 ,  0.9793 ,
  0.0810 ,  0.0811 ,  0.0007 , -0.8985 ,  1.9770 ,  0.9757 ,
 -0.0002 ,  0.1621 , -0.4762 , -0.2312 ,  2.4555 ,  0.6558 ,
 -0.0800 ,  0.1227 , -0.0010 , -0.1837 ,  2.9618 ,  1.3010 ,
  0.0406 ,  0.1218 , -0.1585 , -0.1798 ,  0.0387 ,  0.6522 ,
 -0.0005 ,  0.0401 , -0.3174 , -0.0517 ,  2.4797 ,  0.3288 ,
  0.0810 ,  0.0811 ,  0.0007 , -0.1236 ,  0.1102 ,  0.6504 ,
  0.0790 , -0.0424 , -0.6337 , -0.6946 ,  0.7529 ,  0.3323 ,
  0.0811 ,  0.1624 , -0.1581 , -0.2416 ,  0.7161 ,  0.9775 ,
  0.0008 ,  0.1631 , -0.0003 , -0.2458 ,  1.2132 ,  1.3010 ,
  0.0402 ,  0.0403 , -0.1583 , -0.0569 ,  1.9211 ,  0.9775 ,
 -0.0410 , -0.0004 , -0.3177 ,  1.5598 ,  0.5578 ,  1.3045 ,
  0.0001 ,  0.0812 , -0.1588 ,  0.6568 , -0.0164 ,  0.0018 ,
 -0.0810 ,  0.1218 , -0.4770 ,  1.3806 ,  1.7152 ,  1.9568 ,
 -0.1618 ,  0.0814 , -0.4777 , -0.8817 ,  2.2194 ,  0.9811 ,
 -0.0403 ,  0.0409 ,  0.1564 , -3.1978 ,  0.5431 ,  0.6488 ,
  0.0406 ,  0.1218 , -0.1585 ,  1.3698 ,  0.0387 ,  0.9775 ,
  0.0003 ,  0.2032 , -0.3177 , -0.2975 , -0.0405 ,  0.6541 ,
 -0.0397 ,  0.1225 , -0.0006 ,  1.3656 ,  0.5359 ,  0.6505 ,
  0.0001 ,  0.1624 , -0.3176 ,  0.5388 ,  1.2118 ,  1.9549 ,
 -0.1204 ,  0.0411 ,  0.1584 ,  1.5135 ,  1.0297 ,  0.6271 ,
 -0.0402 ,  0.0814 , -0.1592 , -0.8925 ,  1.7875 ,  0.6522 ,
  0.0807 ,  0.0808 , -0.1580 , -0.8936 ,  1.9763 ,  0.6522 ,
  0.0400 ,  0.0807 , -0.3170 , -0.1135 ,  1.9127 ,  0.3288 ,
  0.0813 ,  0.2031 , -0.1582 , -2.6278 ,  0.0860 ,  0.6522 ,
 -0.0403 ,  0.2031 , -0.4767 , -0.2923 ,  0.5181 ,  0.3306 ,
 -0.0811 ,  0.0405 , -0.3182 , -1.6008 ,  1.7317 ,  0.3288 ,
 -0.0404 ,  0.0406 , -0.1591 , -1.6060 ,  1.1730 ,  1.3027 ,
  0.0404 ,  0.0810 , -0.1584 , -1.6682 ,  0.0465 ,  0.6522 ,
  0.0406 ,  0.0001 ,  0.1590 , -0.7802 ,  1.3082 ,  1.2992 ,
 -0.0800 ,  0.2444 , -0.3185 , -1.9080 , -0.7965 ,  1.3045 ,
 -0.0402 ,  0.0814 , -0.1592 , -0.8925 ,  0.5430 ,  0.9775 ,
 -0.0804 ,  0.0412 , -0.0009 , -0.0608 ,  0.4886 ,  0.3252 ,
 -0.0003 ,  0.0809 , -0.3174 , -1.6630 ,  2.4719 ,  0.9793 ,
  0.0412 ,  0.0412 ,  0.3176 , -0.0716 ,  0.0566 ,  0.9618 ,
  0.1214 ,  0.1622 , -0.1577 , -0.2420 ,  0.7790 ,  0.6522 ,
  0.0804 ,  0.1219 ,  0.1586 ,  0.5791 ,  1.9600 ,  0.9598 ,
 -0.1201 ,  0.1636 , -0.0015 , -1.0197 ,  1.0245 ,  1.3010 ,
 -0.0812 ,  0.1622 , -0.6357 , -1.0005 ,  0.4622 ,  0.0071 ,
 -0.0004 ,  0.1214 , -0.4761 , -0.1697 ,  1.8411 ,  0.9811 ,
  0.0391 ,  0.0393 , -0.6342 , -0.0422 ,  0.0521 ,  1.3081 ,
 -0.0404 ,  0.0406 , -0.1591 ,  0.7186 ,  1.7953 ,  0.3270 ,
 -0.0411 ,  0.0400 , -0.4764 ,  0.7284 , -0.0730 ,  0.6558 ,
 -0.0404 ,  0.0406 , -0.1591 , -0.0562 ,  0.5508 ,  0.3270 ,
 -0.0816 ,  0.0807 , -0.6355 ,  0.6722 ,  1.7224 ,  0.6576 ,
  0.0395 ,  0.1209 , -0.6344 , -0.1652 ,  0.0365 ,  0.9828 ,
 -0.1213 ,  0.1219 , -0.4774 , -0.1687 ,  1.6524 ,  0.0054 ,
 -0.0398 ,  0.1629 , -0.1593 ,  0.5342 ,  2.3942 ,  0.6522 ,
 -0.0410 , -0.0004 , -0.3177 ,  0.0101 ,  1.1801 ,  0.9793 ,
  0.0000 ,  0.0000 ,  0.0000 , -1.5497 , -1.2446 ,  0.9757 ,
 -0.1203 ,  0.1229 , -0.0014 , -0.9582 , -1.4569 ,  0.6505 ,
  0.0408 ,  0.1626 , -0.1585 , -0.2413 ,  0.0309 ,  2.2785 ,
 -0.1201 ,  0.1636 , -0.0015 , -0.2448 , -0.2200 ,  0.9757 ,
  0.0005 ,  0.1627 , -0.1589 , -0.2409 ,  1.2125 ,  0.9775 ,
 -0.0808 ,  0.1625 , -0.4770 , -0.2305 ,  1.0852 ,  0.6558 ,
 -0.1217 ,  0.0404 , -0.4772 , -0.8206 ,  2.2901 ,  0.9811 ,
  0.0400 ,  0.0807 , -0.3170 , -0.8884 ,  0.6681 ,  0.3288 ,
 -0.0004 ,  0.1214 , -0.4761 ,  0.6051 ,  1.8411 ,  1.6314 ,
  0.1220 ,  0.1632 ,  0.3177 , -0.2552 ,  0.7782 ,  0.9608 ,
  0.0408 ,  0.1626 , -0.1585 , -1.7911 ,  0.0309 ,  0.3270 ,
  0.0807 ,  0.0808 , -0.1580 , -0.8936 ,  0.7317 ,  0.0018 ,
 -0.1608 ,  0.0823 , -0.0018 , -0.1215 ,  0.3550 ,  0.6505 ,
 -0.0400 ,  0.1222 , -0.1593 , -1.7289 ,  1.7796 ,  1.6278 ,
  0.0812 ,  0.1219 ,  0.0006 , -0.9599 ,  1.9693 ,  0.6504 ,
  0.0399 ,  0.1212 , -0.4757 ,  0.6048 ,  1.2817 ,  0.6558 ,
 -0.0000 ,  0.2029 , -0.4763 , -0.2926 ,  0.5810 ,  1.9568 ,
  0.0400 ,  0.0807 , -0.3170 ,  1.4361 ,  1.2904 ,  0.9793 ,
  0.0809 , -0.0001 ,  0.1594 , -0.0056 ,  1.3711 ,  0.6487 ,
  0.0404 ,  0.0810 , -0.1584 , -0.1184 ,  0.6688 ,  0.6522 ,
 -0.0001 ,  0.0405 , -0.1587 , -0.0566 ,  1.8582 ,  0.0018 ,
  0.0400 ,  0.0807 , -0.3170 , -0.8884 ,  2.5349 ,  0.6540 ,
 -0.0807 ,  0.1221 , -0.3183 , -1.7236 , -0.1508 ,  0.6541 ,
 -0.0407 ,  0.1216 , -0.4765 , -0.9442 ,  2.4005 ,  0.3306 ,
 -0.0803 ,  0.1224 , -0.1597 , -0.1788 ,  1.0945 ,  0.9775 ,
 -0.0401 ,  0.0410 , -0.0005 , -1.6109 , -0.0707 ,  1.3010 ,
 -0.0807 ,  0.0408 , -0.1595 , -0.0559 ,  0.4879 ,  0.9775 ,
  0.0402 ,  0.0403 , -0.1583 ,  0.7179 ,  0.0544 ,  0.6522 ,
 -0.0391 ,  0.1639 ,  0.3161 , -0.2537 ,  0.5265 ,  0.6326 ,
 -0.1206 ,  0.1226 , -0.1601 , -1.7282 ,  1.6538 ,  0.3270 ,
  0.0804 ,  0.1618 , -0.4754 , -0.2319 ,  1.3368 ,  0.3306 ,
  0.0008 ,  0.1631 , -0.0003 , -1.7956 ,  0.5910 ,  0.9757 ,
 -0.1612 ,  0.0008 , -0.0016 ,  0.0014 ,  0.9929 ,  0.3253 ,
  0.0007 ,  0.2035 , -0.1590 ,  1.2473 ,  1.8270 ,  0.6522 ,
  0.0814 ,  0.1627 ,  0.0005 , -1.0214 ,  1.3391 ,  1.6261 ,
 -0.0400 ,  0.1222 , -0.1593 , -0.9540 , -1.3317 ,  0.9775 ,
  0.0001 ,  0.0812 , -0.1588 , -0.8930 ,  0.6059 ,  1.6278 ,
  0.0403 , -0.0002 ,  0.0004 ,  1.5492 ,  1.9298 ,  1.3009 ,
 -0.1201 ,  0.1636 , -0.0015 , -0.2448 ,  0.4023 ,  0.6505 ,
 -0.0401 ,  0.0410 , -0.0005 , -0.0611 ,  1.1737 ,  1.6262 ,
 -0.0406 , -0.0001 , -0.1590 , -0.7697 ,  0.5586 ,  1.3027 ,
  0.0807 ,  0.0808 , -0.1580 ,  0.6561 ,  0.1095 ,  1.3027 ,
 -0.0406 , -0.0001 , -0.1590 ,  0.7801 ,  2.4253 ,  0.9775 ,
 -0.1206 ,  0.1226 , -0.1601 , -0.1785 , -0.8353 ,  0.6523 ,
  0.0401 ,  0.1619 , -0.4758 , -2.5563 , -0.5929 ,  0.9811 ,
  0.2013 , -0.0417 ,  0.0021 , -0.7151 ,  1.5669 ,  0.9757 ,
 -0.1208 ,  0.0818 , -0.1600 ,  0.6578 ,  0.4172 ,  0.3270 ,
 -0.0798 ,  0.1635 , -0.0011 , -0.2451 , -0.1571 ,  0.6505 ,
 -0.0810 ,  0.1218 , -0.4770 , -0.1690 ,  2.3375 ,  0.9811 ,
  0.0395 ,  0.0396 , -0.4756 , -0.8220 ,  1.2973 ,  0.3306 ,
 -0.0415 ,  0.0397 , -0.6350 , -0.0415 , -0.0737 ,  0.6576 ,
 -0.0403 ,  0.0002 , -0.0004 ,  0.0003 ,  1.1816 ,  0.3252 ,
 -0.1207 ,  0.0413 , -0.0013 , -2.3851 ,  1.0479 ,  0.9757 ,
 -0.0409 ,  0.0808 , -0.4765 ,  1.4417 ,  0.5415 ,  1.6314 ,
  0.0810 ,  0.0811 ,  0.0007 , -0.1236 ,  1.9770 ,  0.6504 ,
 -0.0402 ,  0.0814 , -0.1592 , -1.6675 , -0.0793 ,  0.6522 ,
 -0.0802 ,  0.0819 , -0.0010 , -0.1222 , -0.7638 ,  0.6505 ,
  0.0010 ,  0.1226 ,  0.1584 , -0.9642 , -0.0227 ,  0.6487 ,
  0.0006 ,  0.1223 , -0.0002 ,  1.3652 , -0.0234 ,  1.6262 ,
  0.0404 ,  0.1623 , -0.3172 , -1.7862 ,  0.0302 ,  0.9793 ,
 -0.0004 ,  0.1214 , -0.4761 , -0.1697 ,  1.2188 ,  0.6558 ,
 -0.2012 ,  0.1229 , -0.1609 ,  1.3719 , -0.3388 ,  0.9775 ,
 -0.1209 ,  0.2035 , -0.4775 , -0.2916 ,  1.0144 ,  0.9811 ,
  0.0400 ,  0.0807 , -0.3170 , -1.6632 ,  0.6681 ,  0.6540 ,
  0.0006 ,  0.0411 ,  0.1586 , -0.8413 ,  0.6152 ,  0.9739 ,
  0.0009 ,  0.0414 ,  0.3172 , -0.8462 ,  1.2382 ,  1.2974 ,
 -0.0400 ,  0.1222 , -0.1593 , -0.9540 , -0.7094 ,  0.6522 ,
 -0.1203 ,  0.1229 , -0.0014 , -0.9582 ,  0.4101 ,  0.3253 ,
  0.0406 ,  0.1218 , -0.1585 , -0.9547 , -0.5836 ,  0.9775 ,
  0.0008 ,  0.0818 ,  0.1585 , -0.9027 , -0.0149 ,  1.2992 ,
 -0.0809 ,  0.0001 , -0.1594 , -1.5442 , -0.7489 ,  0.9775 ,
  0.0398 ,  0.0400 , -0.3170 , -0.0520 , -0.5687 ,  0.9793 ,
  0.0409 ,  0.1221 ,  0.0002 , -0.9596 ,  1.9063 ,  0.6504 ,
  0.0409 ,  0.1221 ,  0.0002 , -0.1847 ,  0.0395 ,  1.3009 ,
 -0.0811 ,  0.0405 , -0.3182 , -0.0510 , -0.1352 ,  0.3288 ,
 -0.0818 ,  0.0399 , -0.6354 , -0.0412 ,  1.1079 ,  1.3081 ,
 -0.1205 ,  0.0821 , -0.0014 ,  1.4276 ,  0.4179 ,  1.3010 ,
  0.0005 ,  0.1627 , -0.1589 ,  0.5339 ,  1.8348 ,  0.3270 ,
  0.0392 , -0.0011 , -0.4755 ,  0.0143 ,  1.3051 ,  0.6558 ,
  0.0006 ,  0.0411 ,  0.1586 ,  0.7084 ,  0.6152 ,  0.6487 ,
 -0.0005 ,  0.0401 , -0.3174 ,  0.7231 , -0.0093 ,  0.9793 ,
 -0.0811 ,  0.0405 , -0.3182 , -0.0510 ,  1.7317 ,  0.9793 ,
  0.0806 , -0.0004 ,  0.0008 ,  1.5489 ,  0.1258 ,  1.3009 ,
  0.0412 ,  0.1219 ,  0.1578 , -1.7554 ,  0.0441 ,  0.6417 ,
 -0.0012 ,  0.0395 , -0.6346 , -0.8168 ,  0.6115 ,  1.3081 ,
 -0.0404 ,  0.1219 , -0.3179 , -1.7241 ,  1.1567 ,  0.9793 ,
  0.0413 ,  0.0007 ,  0.4763 , -0.0150 ,  0.6874 ,  1.6208 ,
  0.0397 , -0.0413 , -0.1582 ,  1.6156 ,  1.3145 ,  1.9532 ,
 -0.0402 ,  0.0814 , -0.1592 ,  0.6571 ,  1.1652 ,  1.3027 ,
 -0.0818 ,  0.0399 , -0.6354 , -1.5909 , -0.7590 ,  1.3081 ,
  0.0004 ,  0.0815 , -0.0002 , -0.8978 , -0.6380 ,  0.6505 ,
  0.0008 ,  0.1631 , -0.0003 ,  1.3038 , -0.6536 ,  1.3010 ,
  0.0409 ,  0.0408 ,  0.1586 , -0.8477 ,  0.0587 ,  0.9607 ,
 -0.0811 ,  0.0405 , -0.3182 , -0.0510 , -0.1352 ,  0.9793 ,
 -0.0813 , -0.0002 , -0.3181 ,  0.0105 ,  1.7395 ,  0.9793 ,
  0.0405 ,  0.0406 ,  0.0003 ,  0.7130 ,  0.6774 ,  0.3252 ,
 -0.0402 ,  0.0814 , -0.1592 , -0.1177 ,  0.5430 ,  0.9775 ,
 -0.0805 ,  0.0816 , -0.1596 , -0.8922 ,  1.1023 ,  0.6523 ,
 -0.0814 ,  0.1214 , -0.6356 ,  1.3856 , -0.7746 ,  0.3324 ,
 -0.1214 ,  0.0407 , -0.3186 , -1.6004 ,  0.4242 ,  0.9793 ,
 -0.0405 , -0.0406 , -0.0003 , -0.7131 , -0.0551 ,  0.9757 ,
 -0.0807 ,  0.1221 , -0.3183 ,  1.3757 ,  1.7161 ,  0.6541 ,
  0.0400 ,  0.0807 , -0.3170 , -0.8884 ,  0.6681 ,  0.3288 ,
  0.1206 ,  0.0803 , -0.3162 , -0.1142 ,  0.1716 ,  0.6540 ,
 -0.0812 ,  0.1622 , -0.6357 , -1.7753 , -0.1601 ,  0.3324 ,
 -0.0803 ,  0.1224 , -0.1597 , -0.9537 , -0.1500 ,  1.3027 ,
 -0.1618 ,  0.1626 , -0.6365 , -0.9998 ,  0.9586 ,  0.6576 ,
 -0.0397 ,  0.1225 , -0.0006 , -0.9589 ,  1.1581 ,  0.6505 ,
 -0.0402 ,  0.0814 , -0.1592 , -2.4424 , -0.7016 ,  0.9775 ,
 -0.0399 ,  0.0817 , -0.0006 , -2.4473 ,  1.1660 ,  0.6505 ,
  0.0800 , -0.0415 , -0.1578 , -1.4841 ,  1.9996 ,  0.3270 ,
  0.1212 ,  0.1214 , -0.1577 ,  0.5943 ,  0.7868 ,  0.9775 ,
 -0.0002 ,  0.1621 , -0.4762 , -0.2312 ,  0.5887 ,  0.9811 ,
 -0.0408 ,  0.0403 , -0.3178 , -0.8262 ,  1.7946 ,  1.3045 ,
  0.0791 ,  0.0388 , -0.7925 ,  1.5119 ,  1.3588 ,  0.3341 ,
  0.0402 ,  0.0403 , -0.1583 ,  1.4927 ,  1.2989 ,  0.6522 ,
  0.0399 , -0.0005 , -0.1582 ,  0.7793 ,  0.6844 ,  0.9775 ,
  0.0006 ,  0.1223 , -0.0002 , -1.7341 ,  0.5988 ,  0.3252 ,
 -0.0001 ,  0.0405 , -0.1587 , -1.6063 , -0.0086 , -0.3234 ,
  0.0013 ,  0.1229 ,  0.3170 , -0.1942 ,  1.2226 ,  0.6469 ,
 -0.1211 , -0.0402 , -0.0011 ,  0.0625 ,  2.3080 ,  0.9757 ,
 -0.1613 ,  0.1225 , -0.3191 , -0.1732 ,  0.9679 ,  0.9793 ,
  0.0399 ,  0.1212 , -0.4757 ,  0.6048 ,  0.0372 ,  0.0053 ,
  0.0402 ,  0.0816 ,  0.1586 ,  0.6420 ,  1.2841 ,  0.3155 ,
 -0.1204 ,  0.1633 , -0.1602 , -1.0147 ,  1.0237 ,  0.9775 ,
  0.0804 ,  0.1618 , -0.4754 , -1.0068 ,  1.3368 ,  0.6558 ,
 -0.0809 ,  0.0813 , -0.3182 , -0.8874 , -1.3876 ,  1.3045 ,
 -0.1205 ,  0.0821 , -0.0014 ,  0.6529 ,  2.2845 ,  0.6505 ,
  0.0401 ,  0.1619 , -0.4758 ,  0.5433 ,  1.8962 ,  0.9811 ,
  0.0008 ,  0.0818 ,  0.1585 ,  1.4218 ,  0.6074 , -0.0018 ,
  0.1196 ,  0.0794 , -0.7921 , -1.6493 ,  0.7916 ,  0.6594 ,
  0.0007 ,  0.2035 , -0.1590 , -1.8522 , -0.0398 ,  0.3270 ,
 -0.0409 , -0.0409 , -0.1590 ,  0.8415 ,  1.8109 ,  0.9775 ,
  0.0402 ,  0.1215 , -0.3171 , -0.1749 ,  1.9048 ,  0.9793 ,
  0.0798 ,  0.0395 , -0.4752 , -0.0475 ,  1.9826 ,  0.6558 ,
  0.0011 ,  0.0821 ,  0.3171 ,  2.9665 ,  0.6081 ,  0.6469 ,
 -0.0800 ,  0.1227 , -0.0010 ,  0.5911 ,  0.4730 ,  0.6505 ,
 -0.0796 ,  0.1230 ,  0.1576 , -0.1877 , -0.1465 ,  1.3719 ,
  0.1205 ,  0.1208 , -0.4749 ,  0.6040 , -0.4593 ,  0.9811 ,
  0.0000 ,  0.0000 ,  0.0000 ,  0.0000 ,  0.0000 ,  0.0000 ,
  0.0000 ,  0.0000 ,  0.0000 ,  0.0000 ,  0.0000 ,  0.0000 ,
  0.0000 ,  0.0000 ,  0.0000 ,  0.0000 ,  0.0000 ,  0.0000 ,
  0.0000 ,  0.0000 ,  0.0000 ,  0.0000 ,  0.0000 ,  0.0000 ,
  0.0000 ,  0.0000 ,  0.0000 ,  0.0000 ,  0.0000 ,  0.0000 ,
  0.0000 ,  0.0000 ,  0.0000 ,  0.0000 ,  0.0000 ,  0.0000 ,
  0.0000 ,  0.0000 ,  0.0000 ,  0.0000 ,  0.0000 ,  0.0000 ,
  0.0000 ,  0.0000 ,  0.0000 ,  0.0000 ,  0.0000 ,  0.0000 ,
  0.0000 ,  0.0000 ,  0.0000 ,  0.0000 ,  0.0000 ,  0.0000 ,
  0.0000 ,  0.0000 ,  0.0000 ,  0.0000 ,  0.0000 ,  0.0000 ,
  0.0000 ,  0.0000 ,  0.0000 ,  0.0000 ,  0.0000 ,  0.0000 ,
  0.0000 ,  0.0000 ,  0.0000 ,  0.0000 ,  0.0000 ,  0.0000 ,
  0.0000 ,  0.0000 ,  0.0000 ,  0.0000 ,  0.0000 ,  0.0000 ,
  0.0000 ,  0.0000 ,  0.0000 ,  0.0000 ,  0.0000 ,  0.0000 ,
  0.0000 ,  0.0000 ,  0.0000 ,  0.0000 ,  0.0000 ,  0.0000 ,
  0.0000 ,  0.0000 ,  0.0000 ,  0.0000 ,  0.0000 ,  0.0000 ,
  0.0000 ,  0.0000 ,  0.0000 ,  0.0000 ,  0.0000 ,  0.0000 ,
  0.0000 ,  0.0000 ,  0.0000 ,  0.0000 ,  0.0000 ,  0.0000 ,
  0.0000 ,  0.0000 ,  0.0000 ,  0.0000 ,  0.0000 ,  0.0000 ,
  0.0000 ,  0.0000 ,  0.0000 ,  0.0000 ,  0.0000 ,  0.0000 ,
  0.0000 ,  0.0000 ,  0.0000 ,  0.0000 ,  0.0000 ,  0.0000 ,
  0.0000 ,  0.0000 ,  0.0000 ,  0.0000 ,  0.0000 ,  0.0000 ,
  0.0000 ,  0.0000 ,  0.0000 ,  0.0000 ,  0.0000 ,  0.0000 ,
  0.0000 ,  0.0000 ,  0.0000 ,  0.0000 ,  0.0000 ,  0.0000 ,
  0.0000 ,  0.0000 ,  0.0000 ,  0.0000 ,  0.0000 ,  0.0000 ,
  0.0000 ,  0.0000 ,  0.0000 ,  0.0000 ,  0.0000 ,  0.0000 ,
  0.0000 ,  0.0000 ,  0.0000 ,  0.0000 ,  0.0000 ,  0.0000 ,
  0.0000 ,  0.0000 ,  0.0000 ,  0.0000 ,  0.0000 ,  0.0000 ,
  0.0000 ,  0.0000 ,  0.0000 ,  0.0000 ,  0.0000 ,  0.0000 ,
  0.0000 ,  0.0000 ,  0.0000 ,  0.0000 ,  0.0000 ,  0.0000 ,
  0.0000 ,  0.0000 ,  0.0000 ,  0.0000 ,  0.0000 ,  0.0000 ,
  0.0000 ,  0.0000 ,  0.0000 ,  0.0000 ,  0.0000 ,  0.0000 ,
  0.0000 ,  0.0000 ,  0.0000 ,  0.0000 ,  0.0000 ,  0.0000 ,
  0.0000 ,  0.0000 ,  0.0000 ,  0.0000 ,  0.0000 ,  0.0000 ,
  0.0000 ,  0.0000 ,  0.0000 ,  0.0000 ,  0.0000 ,  0.0000 ,
  0.0000 ,  0.0000 ,  0.0000 ,  0.0000 ,  0.0000 ,  0.0000 ,
  0.0000 ,  0.0000 ,  0.0000 ,  0.0000 ,  0.0000 ,  0.0000 ,
  0.0000 ,  0.0000 ,  0.0000 ,  0.0000 ,  0.0000 ,  0.0000 ,
  0.0000 ,  0.0000 ,  0.0000 ,  0.0000 ,  0.0000 ,  0.0000 ,
  0.0000 ,  0.0000 ,  0.0000 ,  0.0000 ,  0.0000 ,  0.0000 ,
  0.0000 ,  0.0000 ,  0.0000 ,  0.0000 ,  0.0000 ,  0.0000 ,
  0.0000 ,  0.0000 ,  0.0000 ,  0.0000 ,  0.0000 ,  0.0000 ,
  0.0000 ,  0.0000 ,  0.0000 ,  0.0000 ,  0.0000 ,  0.0000 ,
  0.0000 ,  0.0000 ,  0.0000 ,  0.0000 ,  0.0000 ,  0.0000 ,
  0.0000 ,  0.0000 ,  0.0000 ,  0.0000 ,  0.0000 ,  0.0000 ,
  0.0000 ,  0.0000 ,  0.0000 ,  0.0000 ,  0.0000 ,  0.0000 ,
  0.0000 ,  0.0000 ,  0.0000 ,  0.0000 ,  0.0000 ,  0.0000 ,
  0.0000 ,  0.0000 ,  0.0000 ,  0.0000 ,  0.0000 ,  0.0000 ,
  0.0000 ,  0.0000 ,  0.0000 ,  0.0000 ,  0.0000 ,  0.0000 ,
  0.0000 ,  0.0000 ,  0.0000 ,  0.0000 ,  0.0000 ,  0.0000 ,
  0.0000 ,  0.0000 ,  0.0000 ,  0.0000 ,  0.0000 ,  0.0000 ,
  0.0000 ,  0.0000 ,  0.0000 ,  0.0000 ,  0.0000 ,  0.0000 ,
  0.0000 ,  0.0000 ,  0.0000 ,  0.0000 ,  0.0000 ,  0.0000 ,
  0.0000 ,  0.0000 ,  0.0000 ,  0.0000 ,  0.0000 ,  0.0000 ,
  0.0000 ,  0.0000 ,  0.0000 ,  0.0000 ,  0.0000 ,  0.0000 ,
  0.0000 ,  0.0000 ,  0.0000 ,  0.0000 ,  0.0000 ,  0.0000 ,
  0.0000 ,  0.0000 ,  0.0000 ,  0.0000 ,  0.0000 ,  0.0000 ,
  0.0000 ,  0.0000 ,  0.0000 ,  0.0000 ,  0.0000 ,  0.0000 ,
  0.0000 ,  0.0000 ,  0.0000 ,  0.0000 ,  0.0000 ,  0.0000 ,
  0.0000 ,  0.0000 ,  0.0000 ,  0.0000 ,  0.0000 ,  0.0000 ,
  0.0000 ,  0.0000 ,  0.0000 ,  0.0000 ,  0.0000 ,  0.0000 ,
  0.0000 ,  0.0000 ,  0.0000 ,  0.0000 ,  0.0000 ,  0.0000 ,
  0.0000 ,  0.0000 ,  0.0000 ,  0.0000 ,  0.0000 ,  0.0000 ,
  0.0000 ,  0.0000 ,  0.0000 ,  0.0000 ,  0.0000 ,  0.0000 ,
  0.0000 ,  0.0000 ,  0.0000 ,  0.0000 ,  0.0000 ,  0.0000 ,
  0.0000 ,  0.0000 ,  0.0000 ,  0.0000 ,  0.0000 ,  0.0000 ,
  0.0000 ,  0.0000 ,  0.0000 ,  0.0000 ,  0.0000 ,  0.0000 ,
  0.0000 ,  0.0000 ,  0.0000 ,  0.0000 ,  0.0000 ,  0.0000 ,
  0.0000 ,  0.0000 ,  0.0000 ,  0.0000 ,  0.0000 ,  0.0000 ,
  0.0000 ,  0.0000 ,  0.0000 ,  0.0000 ,  0.0000 ,  0.0000 ,
  0.0000 ,  0.0000 ,  0.0000 ,  0.0000 ,  0.0000 ,  0.0000 ,
  0.0000 ,  0.0000 ,  0.0000 ,  0.0000 ,  0.0000 ,  0.0000 ,
  0.0000 ,  0.0000 ,  0.0000 ,  0.0000 ,  0.0000 ,  0.0000 ,
  0.0000 ,  0.0000 ,  0.0000 ,  0.0000 ,  0.0000 ,  0.0000 ,
  0.0000 ,  0.0000 ,  0.0000 ,  0.0000 ,  0.0000 ,  0.0000 ,
  0.0000 ,  0.0000 ,  0.0000 ,  0.0000 ,  0.0000 ,  0.0000 ,
  0.0000 ,  0.0000 ,  0.0000 ,  0.0000 ,  0.0000 ,  0.0000 ,
  0.0000 ,  0.0000 ,  0.0000 ,  0.0000 ,  0.0000 ,  0.0000 ,
  0.0000 ,  0.0000 ,  0.0000 ,  0.0000 ,  0.0000 ,  0.0000 ,
  0.0000 ,  0.0000 ,  0.0000 ,  0.0000 ,  0.0000 ,  0.0000 ,
  0.0000 ,  0.0000 ,  0.0000 ,  0.0000 ,  0.0000 ,  0.0000 ,
  0.0000 ,  0.0000 ,  0.0000 ,  0.0000 ,  0.0000 ,  0.0000 ,
  0.0000 ,  0.0000 ,  0.0000 ,  0.0000 ,  0.0000 ,  0.0000 ,
  0.0000 ,  0.0000 ,  0.0000 ,  0.0000 ,  0.0000 ,  0.0000 ,
  0.0000 ,  0.0000 ,  0.0000 ,  0.0000 ,  0.0000 ,  0.0000 ,
  0.0000 ,  0.0000 ,  0.0000 ,  0.0000 ,  0.0000 ,  0.0000 ,
  0.0000 ,  0.0000 ,  0.0000 ,  0.0000 ,  0.0000 ,  0.0000 ,
  0.0000 ,  0.0000 ,  0.0000 ,  0.0000 ,  0.0000 ,  0.0000 ,
  0.0000 ,  0.0000 ,  0.0000 ,  0.0000 ,  0.0000 ,  0.0000 ,
  0.0000 ,  0.0000 ,  0.0000 ,  0.0000 ,  0.0000 ,  0.0000 ,
  0.0000 ,  0.0000 ,  0.0000 ,  0.0000 ,  0.0000 ,  0.0000 ,
  0.0000 ,  0.0000 ,  0.0000 ,  0.0000 ,  0.0000 ,  0.0000 ,
  0.0000 ,  0.0000 ,  0.0000 ,  0.0000 ,  0.0000 ,  0.0000 ,
  0.0000 ,  0.0000 ,  0.0000 ,  0.0000 ,  0.0000 ,  0.0000 ,
  0.0000 ,  0.0000 ,  0.0000 ,  0.0000 ,  0.0000 ,  0.0000 ,
  0.0000 ,  0.0000 ,  0.0000 ,  0.0000 ,  0.0000 ,  0.0000 ,
  0.0000 ,  0.0000 ,  0.0000 ,  0.0000 ,  0.0000 ,  0.0000 ,
  0.0000 ,  0.0000 ,  0.0000 ,  0.0000 ,  0.0000 ,  0.0000 ,
  0.0000 ,  0.0000 ,  0.0000 ,  0.0000 ,  0.0000 ,  0.0000 ,
  0.0000 ,  0.0000 ,  0.0000 ,  0.0000 ,  0.0000 ,  0.0000 ,
  0.0000 ,  0.0000 ,  0.0000 ,  0.0000 ,  0.0000 ,  0.0000 ,
  0.0000 ,  0.0000 ,  0.0000 ,  0.0000 ,  0.0000 ,  0.0000 ,
  0.0000 ,  0.0000 ,  0.0000 ,  0.0000 ,  0.0000 ,  0.0000 ,
  0.0000 ,  0.0000 ,  0.0000 ,  0.0000 ,  0.0000 ,  0.0000 ,
  0.0000 ,  0.0000 ,  0.0000 ,  0.0000 ,  0.0000 ,  0.0000 ,
  0.0000 ,  0.0000 ,  0.0000 ,  0.0000 ,  0.0000 ,  0.0000 ,
  0.0000 ,  0.0000 ,  0.0000 ,  0.0000 ,  0.0000 ,  0.0000 ,
  0.0000 ,  0.0000 ,  0.0000 ,  0.0000 ,  0.0000 ,  0.0000 ,
  0.0000 ,  0.0000 ,  0.0000 ,  0.0000 ,  0.0000 ,  0.0000 ,
  0.0000 ,  0.0000 ,  0.0000 ,  0.0000 ,  0.0000 ,  0.0000 ,
  0.0000 ,  0.0000 ,  0.0000 ,  0.0000 ,  0.0000 ,  0.0000 ,
  0.0000 ,  0.0000 ,  0.0000 ,  0.0000 ,  0.0000 ,  0.0000 ,
  0.0000 ,  0.0000 ,  0.0000 ,  0.0000 ,  0.0000 ,  0.0000 ,
  0.0000 ,  0.0000 ,  0.0000 ,  0.0000 ,  0.0000 ,  0.0000 ,
  0.0000 ,  0.0000 ,  0.0000 ,  0.0000 ,  0.0000 ,  0.0000 ,
  0.0000 ,  0.0000 ,  0.0000 ,  0.0000 ,  0.0000 ,  0.0000 ,
  0.0000 ,  0.0000 ,  0.0000 ,  0.0000 ,  0.0000 ,  0.0000 ,
  0.0000 ,  0.0000 ,  0.0000 ,  0.0000 ,  0.0000 ,  0.0000 ,
  0.0000 ,  0.0000 ,  0.0000 ,  0.0000 ,  0.0000 ,  0.0000 ,
  0.0000 ,  0.0000 ,  0.0000 ,  0.0000 ,  0.0000 ,  0.0000 ,
  0.0000 ,  0.0000 ,  0.0000 ,  0.0000 ,  0.0000 ,  0.0000 ,
  0.0000 ,  0.0000 ,  0.0000 ,  0.0000 ,  0.0000 ,  0.0000 ,
  0.0000 ,  0.0000 ,  0.0000 ,  0.0000 ,  0.0000 ,  0.0000 ,
  0.0000 ,  0.0000 ,  0.0000 ,  0.0000 ,  0.0000 ,  0.0000 ,
  0.0000 ,  0.0000 ,  0.0000 ,  0.0000 ,  0.0000 ,  0.0000 ,
  0.0000 ,  0.0000 ,  0.0000 ,  0.0000 ,  0.0000 ,  0.0000 ,
  0.0000 ,  0.0000 ,  0.0000 ,  0.0000 ,  0.0000 ,  0.0000 ,
  0.0000 ,  0.0000 ,  0.0000 ,  0.0000 ,  0.0000 ,  0.0000 ,
  0.0000 ,  0.0000 ,  0.0000 ,  0.0000 ,  0.0000 ,  0.0000 ,
  0.0000 ,  0.0000 ,  0.0000 ,  0.0000 ,  0.0000 ,  0.0000 ,
  0.0000 ,  0.0000 ,  0.0000 ,  0.0000 ,  0.0000 ,  0.0000 ,
  0.0000 ,  0.0000 ,  0.0000 ,  0.0000 ,  0.0000 ,  0.0000 ,
  0.0000 ,  0.0000 ,  0.0000 ,  0.0000 ,  0.0000 ,  0.0000 ,
  0.0000 ,  0.0000 ,  0.0000 ,  0.0000 ,  0.0000 ,  0.0000 ,
  0.0000 ,  0.0000 ,  0.0000 ,  0.0000 ,  0.0000 ,  0.0000 ,
  0.0000 ,  0.0000 ,  0.0000 ,  0.0000 ,  0.0000 ,  0.0000 ,
  0.0000 ,  0.0000 ,  0.0000 ,  0.0000 ,  0.0000 ,  0.0000 ,
  0.0000 ,  0.0000 ,  0.0000 ,  0.0000 ,  0.0000 ,  0.0000 ,
  0.0000 ,  0.0000 ,  0.0000 ,  0.0000 ,  0.0000 ,  0.0000 ,
  0.0000 ,  0.0000 ,  0.0000 ,  0.0000 ,  0.0000 ,  0.0000 ,
  0.0000 ,  0.0000 ,  0.0000 ,  0.0000 ,  0.0000 ,  0.0000 ,
  0.0000 ,  0.0000 ,  0.0000 ,  0.0000 ,  0.0000 ,  0.0000 ,
  0.0000 ,  0.0000 ,  0.0000 ,  0.0000 ,  0.0000 ,  0.0000 ,
  0.0000 ,  0.0000 ,  0.0000 ,  0.0000 ,  0.0000 ,  0.0000 ,
  0.0000 ,  0.0000 ,  0.0000 ,  0.0000 ,  0.0000 ,  0.0000 ,
  0.0000 ,  0.0000 ,  0.0000 ,  0.0000 ,  0.0000 ,  0.0000 ,
  0.0000 ,  0.0000 ,  0.0000 ,  0.0000 ,  0.0000 ,  0.0000 ,
  0.0000 ,  0.0000 ,  0.0000 ,  0.0000 ,  0.0000 ,  0.0000 ,
  0.0000 ,  0.0000 ,  0.0000 ,  0.0000 ,  0.0000 ,  0.0000 ,
  0.0000 ,  0.0000 ,  0.0000 ,  0.0000 ,  0.0000 ,  0.0000 ,
  0.0000 ,  0.0000 ,  0.0000 ,  0.0000 ,  0.0000 ,  0.0000 ,
  0.0000 ,  0.0000 ,  0.0000 ,  0.0000 ,  0.0000 ,  0.0000 ,
  0.0000 ,  0.0000 ,  0.0000 ,  0.0000 ,  0.0000 ,  0.0000 ,
  0.0000 ,  0.0000 ,  0.0000 ,  0.0000 ,  0.0000 ,  0.0000 ,
  0.0000 ,  0.0000 ,  0.0000 ,  0.0000 ,  0.0000 ,  0.0000 ,
  0.0000 ,  0.0000 ,  0.0000 ,  0.0000 ,  0.0000 ,  0.0000 ,
  0.0000 ,  0.0000 ,  0.0000 ,  0.0000 ,  0.0000 ,  0.0000 ,
  0.0000 ,  0.0000 ,  0.0000 ,  0.0000 ,  0.0000 ,  0.0000 ,
  0.0000 ,  0.0000 ,  0.0000 ,  0.0000 ,  0.0000 ,  0.0000 ,
  0.0000 ,  0.0000 ,  0.0000 ,  0.0000 ,  0.0000 ,  0.0000 ,
  0.0000 ,  0.0000 ,  0.0000 ,  0.0000 ,  0.0000 ,  0.0000 ,
  0.0000 ,  0.0000 ,  0.0000 ,  0.0000 ,  0.0000 ,  0.0000 ,
  0.0000 ,  0.0000 ,  0.0000 ,  0.0000 ,  0.0000 ,  0.0000 ,
  0.0000 ,  0.0000 ,  0.0000 ,  0.0000 ,  0.0000 ,  0.0000 ,
  0.0000 ,  0.0000 ,  0.0000 ,  0.0000 ,  0.0000 ,  0.0000 ,
  0.0000 ,  0.0000 ,  0.0000 ,  0.0000 ,  0.0000 ,  0.0000 ,
  0.0000 ,  0.0000 ,  0.0000 ,  0.0000 ,  0.0000 ,  0.0000 ,
  0.0000 ,  0.0000 ,  0.0000 ,  0.0000 ,  0.0000 ,  0.0000 ,
  0.0000 ,  0.0000 ,  0.0000 ,  0.0000 ,  0.0000 ,  0.0000 ,
  0.0000 ,  0.0000 ,  0.0000 ,  0.0000 ,  0.0000 ,  0.0000 ,
  0.0000 ,  0.0000 ,  0.0000 ,  0.0000 ,  0.0000 ,  0.0000 ,
  0.0000 ,  0.0000 ,  0.0000 ,  0.0000 ,  0.0000 ,  0.0000 ,
  0.0000 ,  0.0000 ,  0.0000 ,  0.0000 ,  0.0000 ,  0.0000 ,
  0.0000 ,  0.0000 ,  0.0000 ,  0.0000 ,  0.0000 ,  0.0000 ,
  0.0000 ,  0.0000 ,  0.0000 ,  0.0000 ,  0.0000 ,  0.0000 ,
  0.0000 ,  0.0000 ,  0.0000 ,  0.0000 ,  0.0000 ,  0.0000 ,
  0.0000 ,  0.0000 ,  0.0000 ,  0.0000 ,  0.0000 ,  0.0000 ,
  0.0000 ,  0.0000 ,  0.0000 ,  0.0000 ,  0.0000 ,  0.0000 ,
  0.0000 ,  0.0000 ,  0.0000 ,  0.0000 ,  0.0000 ,  0.0000 ,
  0.0000 ,  0.0000 ,  0.0000 ,  0.0000 ,  0.0000 ,  0.0000 ,
  0.0000 ,  0.0000 ,  0.0000 ,  0.0000 ,  0.0000 ,  0.0000 ,
  0.0000 ,  0.0000 ,  0.0000 ,  0.0000 ,  0.0000 ,  0.0000 ,
  0.0000 ,  0.0000 ,  0.0000 ,  0.0000 ,  0.0000 ,  0.0000 ,
  0.0000 ,  0.0000 ,  0.0000 ,  0.0000 ,  0.0000 ,  0.0000 ,
  0.0000 ,  0.0000 ,  0.0000 ,  0.0000 ,  0.0000 ,  0.0000 ,
  0.0000 ,  0.0000 ,  0.0000 ,  0.0000 ,  0.0000 ,  0.0000 ,
  0.0000 ,  0.0000 ,  0.0000 ,  0.0000 ,  0.0000 ,  0.0000 ,
  0.0000 ,  0.0000 ,  0.0000 ,  0.0000 ,  0.0000 ,  0.0000 ,
  0.0000 ,  0.0000 ,  0.0000 ,  0.0000 ,  0.0000 ,  0.0000 ,
  0.0000 ,  0.0000 ,  0.0000 ,  0.0000 ,  0.0000 ,  0.0000 ,
  0.0000 ,  0.0000 ,  0.0000 ,  0.0000 ,  0.0000 ,  0.0000 ,
  0.0000 ,  0.0000 ,  0.0000 ,  0.0000 ,  0.0000 ,  0.0000 ,
  0.0000 ,  0.0000 ,  0.0000 ,  0.0000 ,  0.0000 ,  0.0000 ,
  0.0000 ,  0.0000 ,  0.0000 ,  0.0000 ,  0.0000 ,  0.0000 ,
  0.0000 ,  0.0000 ,  0.0000 ,  0.0000 ,  0.0000 ,  0.0000 ,
  0.0000 ,  0.0000 ,  0.0000 ,  0.0000 ,  0.0000 ,  0.0000 ,
  0.0000 ,  0.0000 ,  0.0000 ,  0.0000 ,  0.0000 ,  0.0000 ,
  0.0000 ,  0.0000 ,  0.0000 ,  0.0000 ,  0.0000 ,  0.0000 ,
  0.0000 ,  0.0000 ,  0.0000 ,  0.0000 ,  0.0000 ,  0.0000 ,
  0.0000 ,  0.0000 ,  0.0000 ,  0.0000 ,  0.0000 ,  0.0000 ,
  0.0000 ,  0.0000 ,  0.0000 ,  0.0000 ,  0.0000 ,  0.0000 ,
  0.0000 ,  0.0000 ,  0.0000 ,  0.0000 ,  0.0000 ,  0.0000 ,
  0.0000 ,  0.0000 ,  0.0000 ,  0.0000 ,  0.0000 ,  0.0000 ,
  0.0000 ,  0.0000 ,  0.0000 ,  0.0000 ,  0.0000 ,  0.0000 ,
  0.0000 ,  0.0000 ,  0.0000 ,  0.0000 ,  0.0000 ,  0.0000 ,
  0.0000 ,  0.0000 ,  0.0000 ,  0.0000 ,  0.0000 ,  0.0000 ,
  0.0000 ,  0.0000 ,  0.0000 ,  0.0000 ,  0.0000 ,  0.0000 ,
  0.0000 ,  0.0000 ,  0.0000 ,  0.0000 ,  0.0000 ,  0.0000 ,
  0.0000 ,  0.0000 ,  0.0000 ,  0.0000 ,  0.0000 ,  0.0000 ,
  0.0000 ,  0.0000 ,  0.0000 ,  0.0000 ,  0.0000 ,  0.0000 ,
  0.0000 ,  0.0000 ,  0.0000 ,  0.0000 ,  0.0000 ,  0.0000 ,
  0.0000 ,  0.0000 ,  0.0000 ,  0.0000 ,  0.0000 ,  0.0000 ,
  0.0000 ,  0.0000 ,  0.0000 ,  0.0000 ,  0.0000 ,  0.0000 ,
  0.0000 ,  0.0000 ,  0.0000 ,  0.0000 ,  0.0000 ,  0.0000 ,
  0.0000 ,  0.0000 ,  0.0000 ,  0.0000 ,  0.0000 ,  0.0000 ,
  0.0000 ,  0.0000 ,  0.0000 ,  0.0000 ,  0.0000 ,  0.0000 ,
  0.0000 ,  0.0000 ,  0.0000 ,  0.0000 ,  0.0000 ,  0.0000 ,
  0.0000 ,  0.0000 ,  0.0000 ,  0.0000 ,  0.0000 ,  0.0000 ,
  0.0000 ,  0.0000 ,  0.0000 ,  0.0000 ,  0.0000 ,  0.0000 ,
  0.0000 ,  0.0000 ,  0.0000 ,  0.0000 ,  0.0000 ,  0.0000 ,
  0.0000 ,  0.0000 ,  0.0000 ,  0.0000 ,  0.0000 ,  0.0000 ,
  0.0000 ,  0.0000 ,  0.0000 ,  0.0000 ,  0.0000 ,  0.0000 ,
  0.0000 ,  0.0000 ,  0.0000 ,  0.0000 ,  0.0000 ,  0.0000 ,
  0.0000 ,  0.0000 ,  0.0000 ,  0.0000 ,  0.0000 ,  0.0000 ,
  0.0000 ,  0.0000 ,  0.0000 ,  0.0000 ,  0.0000 ,  0.0000 ,
  0.0000 ,  0.0000 ,  0.0000 ,  0.0000 ,  0.0000 ,  0.0000 ,
  0.0000 ,  0.0000 ,  0.0000 ,  0.0000 ,  0.0000 ,  0.0000 ,
  0.0000 ,  0.0000 ,  0.0000 ,  0.0000 ,  0.0000 ,  0.0000 ,
  0.0000 ,  0.0000 ,  0.0000 ,  0.0000 ,  0.0000 ,  0.0000 ,
  0.0000 ,  0.0000 ,  0.0000 ,  0.0000 ,  0.0000 ,  0.0000 ,
  0.0000 ,  0.0000 ,  0.0000 ,  0.0000 ,  0.0000 ,  0.0000 ,
  0.0000 ,  0.0000 ,  0.0000 ,  0.0000 ,  0.0000 ,  0.0000 ,
  0.0000 ,  0.0000 ,  0.0000 ,  0.0000 ,  0.0000 ,  0.0000 ,
  0.0000 ,  0.0000 ,  0.0000 ,  0.0000 ,  0.0000 ,  0.0000 ,
  0.0000 ,  0.0000 ,  0.0000 ,  0.0000 ,  0.0000 ,  0.0000 ,
  0.0000 ,  0.0000 ,  0.0000 ,  0.0000 ,  0.0000 ,  0.0000 ,
  0.0000 ,  0.0000 ,  0.0000 ,  0.0000 ,  0.0000 ,  0.0000 ,
  0.0000 ,  0.0000 ,  0.0000 ,  0.0000 ,  0.0000 ,  0.0000 ,
  0.0000 ,  0.0000 ,  0.0000 ,  0.0000 ,  0.0000 ,  0.0000 ,
  0.0000 ,  0.0000 ,  0.0000 ,  0.0000 ,  0.0000 ,  0.0000 ,
  0.0000 ,  0.0000 ,  0.0000 ,  0.0000 ,  0.0000 ,  0.0000 ,
  0.0000 ,  0.0000 ,  0.0000 ,  0.0000 ,  0.0000 ,  0.0000 ,
  0.0000 ,  0.0000 ,  0.0000 ,  0.0000 ,  0.0000 ,  0.0000 ,
  0.0000 ,  0.0000 ,  0.0000 ,  0.0000 ,  0.0000 ,  0.0000 ,
  0.0000 ,  0.0000 ,  0.0000 ,  0.0000 ,  0.0000 ,  0.0000 ,
  0.0000 ,  0.0000 ,  0.0000 ,  0.0000 ,  0.0000 ,  0.0000 ,
  0.0000 ,  0.0000 ,  0.0000 ,  0.0000 ,  0.0000 ,  0.0000 ,
  0.0000 ,  0.0000 ,  0.0000 ,  0.0000 ,  0.0000 ,  0.0000 ,
  0.0000 ,  0.0000 ,  0.0000 ,  0.0000 ,  0.0000 ,  0.0000 ,
  0.0000 ,  0.0000 ,  0.0000 ,  0.0000 ,  0.0000 ,  0.0000 ,
  0.0000 ,  0.0000 ,  0.0000 ,  0.0000 ,  0.0000 ,  0.0000 ,
  0.0000 ,  0.0000 ,  0.0000 ,  0.0000 ,  0.0000 ,  0.0000 ,
  0.0000 ,  0.0000 ,  0.0000 ,  0.0000 ,  0.0000 ,  0.0000 ,
  0.0000 ,  0.0000 ,  0.0000 ,  0.0000 ,  0.0000 ,  0.0000 ,
  0.0000 ,  0.0000 ,  0.0000 ,  0.0000 ,  0.0000 ,  0.0000 ,
  0.0000 ,  0.0000 ,  0.0000 ,  0.0000 ,  0.0000 ,  0.0000 ,
  0.0000 ,  0.0000 ,  0.0000 ,  0.0000 ,  0.0000 ,  0.0000 ,
  0.0000 ,  0.0000 ,  0.0000 ,  0.0000 ,  0.0000 ,  0.0000 ,
  0.0000 ,  0.0000 ,  0.0000 ,  0.0000 ,  0.0000 ,  0.0000 ,
  0.0000 ,  0.0000 ,  0.0000 ,  0.0000 ,  0.0000 ,  0.0000 ,
  0.0000 ,  0.0000 ,  0.0000 ,  0.0000 ,  0.0000 ,  0.0000 ,
  0.0000 ,  0.0000 ,  0.0000 ,  0.0000 ,  0.0000 ,  0.0000 ,
  0.0000 ,  0.0000 ,  0.0000 ,  0.0000 ,  0.0000 ,  0.0000 ,
  0.0000 ,  0.0000 ,  0.0000 ,  0.0000 ,  0.0000 ,  0.0000 ,
  0.0000 ,  0.0000 ,  0.0000 ,  0.0000 ,  0.0000 ,  0.0000 ,
  0.0000 ,  0.0000 ,  0.0000 ,  0.0000 ,  0.0000 ,  0.0000 ,
  0.0000 ,  0.0000 ,  0.0000 ,  0.0000 ,  0.0000 ,  0.0000 ,
  0.0000 ,  0.0000 ,  0.0000 ,  0.0000 ,  0.0000 ,  0.0000 ,
  0.0000 ,  0.0000 ,  0.0000 ,  0.0000 ,  0.0000 ,  0.0000 ,
  0.0000 ,  0.0000 ,  0.0000 ,  0.0000 ,  0.0000 ,  0.0000 ,
  0.0000 ,  0.0000 ,  0.0000 ,  0.0000 ,  0.0000 ,  0.0000 ,
  0.0000 ,  0.0000 ,  0.0000 ,  0.0000 ,  0.0000 ,  0.0000 ,
  0.0000 ,  0.0000 ,  0.0000 ,  0.0000 ,  0.0000 ,  0.0000 ,
  0.0000 ,  0.0000 ,  0.0000 ,  0.0000 ,  0.0000 ,  0.0000 ,
  0.0000 ,  0.0000 ,  0.0000 ,  0.0000 ,  0.0000 ,  0.0000 ,
  0.0000 ,  0.0000 ,  0.0000 ,  0.0000 ,  0.0000 ,  0.0000 ,
  0.0000 ,  0.0000 ,  0.0000 ,  0.0000 ,  0.0000 ,  0.0000 ,
  0.0000 ,  0.0000 ,  0.0000 ,  0.0000 ,  0.0000 ,  0.0000 ,
  0.0000 ,  0.0000 ,  0.0000 ,  0.0000 ,  0.0000 ,  0.0000 ,
  0.0000 ,  0.0000 ,  0.0000 ,  0.0000 ,  0.0000 ,  0.0000 ,
  0.0000 ,  0.0000 ,  0.0000 ,  0.0000 ,  0.0000 ,  0.0000 ,
  0.0000 ,  0.0000 ,  0.0000 ,  0.0000 ,  0.0000 ,  0.0000 ,
  0.0000 ,  0.0000 ,  0.0000 ,  0.0000 ,  0.0000 ,  0.0000 ,
  0.0000 ,  0.0000 ,  0.0000 ,  0.0000 ,  0.0000 ,  0.0000 ,
  0.0000 ,  0.0000 ,  0.0000 ,  0.0000 ,  0.0000 ,  0.0000 ,
  0.0000 ,  0.0000 ,  0.0000 ,  0.0000 ,  0.0000 ,  0.0000 ,
  0.0000 ,  0.0000 ,  0.0000 ,  0.0000 ,  0.0000 ,  0.0000 ,
  0.0000 ,  0.0000 ,  0.0000 ,  0.0000 ,  0.0000 ,  0.0000 ,
  0.0000 ,  0.0000 ,  0.0000 ,  0.0000 ,  0.0000 ,  0.0000 ,
  0.0000 ,  0.0000 ,  0.0000 ,  0.0000 ,  0.0000 ,  0.0000 ,
  0.0000 ,  0.0000 ,  0.0000 ,  0.0000 ,  0.0000 ,  0.0000 ,
  0.0000 ,  0.0000 ,  0.0000 ,  0.0000 ,  0.0000 ,  0.0000 ,
  0.0000 ,  0.0000 ,  0.0000 ,  0.0000 ,  0.0000 ,  0.0000 ,
  0.0000 ,  0.0000 ,  0.0000 ,  0.0000 ,  0.0000 ,  0.0000 ,
  0.0000 ,  0.0000 ,  0.0000 ,  0.0000 ,  0.0000 ,  0.0000 ,
  0.0000 ,  0.0000 ,  0.0000 ,  0.0000 ,  0.0000 ,  0.0000 ,
  0.0000 ,  0.0000 ,  0.0000 ,  0.0000 ,  0.0000 ,  0.0000 ,
  0.0000 ,  0.0000 ,  0.0000 ,  0.0000 ,  0.0000 ,  0.0000 ,
  0.0000 ,  0.0000 ,  0.0000 ,  0.0000 ,  0.0000 ,  0.0000 ,
  0.0000 ,  0.0000 ,  0.0000 ,  0.0000 ,  0.0000 ,  0.0000 ,
  0.0000 ,  0.0000 ,  0.0000 ,  0.0000 ,  0.0000 ,  0.0000 ,
  0.0000 ,  0.0000 ,  0.0000 ,  0.0000 ,  0.0000 ,  0.0000 ,
  0.0000 ,  0.0000 ,  0.0000 ,  0.0000 ,  0.0000 ,  0.0000 ,
  0.0000 ,  0.0000 ,  0.0000 ,  0.0000 ,  0.0000 ,  0.0000 ,
  0.0000 ,  0.0000 ,  0.0000 ,  0.0000 ,  0.0000 ,  0.0000 ,
  0.0000 ,  0.0000 ,  0.0000 ,  0.0000 ,  0.0000 ,  0.0000 ,
  0.0000 ,  0.0000 ,  0.0000 ,  0.0000 ,  0.0000 ,  0.0000 ,
  0.0000 ,  0.0000 ,  0.0000 ,  0.0000 ,  0.0000 ,  0.0000 ,
  0.0000 ,  0.0000 ,  0.0000 ,  0.0000 ,  0.0000 ,  0.0000 ,
  0.0000 ,  0.0000 ,  0.0000 ,  0.0000 ,  0.0000 ,  0.0000 ,
  0.0000 ,  0.0000 ,  0.0000 ,  0.0000 ,  0.0000 ,  0.0000 ,
  0.0000 ,  0.0000 ,  0.0000 ,  0.0000 ,  0.0000 ,  0.0000 ,
  0.0000 ,  0.0000 ,  0.0000 ,  0.0000 ,  0.0000 ,  0.0000 ,
  0.0000 ,  0.0000 ,  0.0000 ,  0.0000 ,  0.0000 ,  0.0000 ,
  0.0000 ,  0.0000 ,  0.0000 ,  0.0000 ,  0.0000 ,  0.0000 ,
  0.0000 ,  0.0000 ,  0.0000 ,  0.0000 ,  0.0000 ,  0.0000 ,
  0.0000 ,  0.0000 ,  0.0000 ,  0.0000 ,  0.0000 ,  0.0000 ,
  0.0000 ,  0.0000 ,  0.0000 ,  0.0000 ,  0.0000 ,  0.0000 ,
  0.0000 ,  0.0000 ,  0.0000 ,  0.0000 ,  0.0000 ,  0.0000 ,
  0.0000 ,  0.0000 ,  0.0000 ,  0.0000 ,  0.0000 ,  0.0000 ,
  0.0000 ,  0.0000 ,  0.0000 ,  0.0000 ,  0.0000 ,  0.0000 ,
  0.0000 ,  0.0000 ,  0.0000 ,  0.0000 ,  0.0000 ,  0.0000 ,
  0.0000 ,  0.0000 ,  0.0000 ,  0.0000 ,  0.0000 ,  0.0000 ,
  0.0000 ,  0.0000 ,  0.0000 ,  0.0000 ,  0.0000 ,  0.0000 ,
  0.0000 ,  0.0000 ,  0.0000 ,  0.0000 ,  0.0000 ,  0.0000 ,
  0.0000 ,  0.0000 ,  0.0000 ,  0.0000 ,  0.0000 ,  0.0000 ,
  0.0000 ,  0.0000 ,  0.0000 ,  0.0000 ,  0.0000 ,  0.0000 ,
  0.0000 ,  0.0000 ,  0.0000 ,  0.0000 ,  0.0000 ,  0.0000 ,
  0.0000 ,  0.0000 ,  0.0000 ,  0.0000 ,  0.0000 ,  0.0000 ,
  0.0000 ,  0.0000 ,  0.0000 ,  0.0000 ,  0.0000 ,  0.0000 ,
  0.0000 ,  0.0000 ,  0.0000 ,  0.0000 ,  0.0000 ,  0.0000 ,
  0.0000 ,  0.0000 ,  0.0000 ,  0.0000 ,  0.0000 ,  0.0000 ,
  0.0000 ,  0.0000 ,  0.0000 ,  0.0000 ,  0.0000 ,  0.0000 ,
  0.0000 ,  0.0000 ,  0.0000 ,  0.0000 ,  0.0000 ,  0.0000 ,
  0.0000 ,  0.0000 ,  0.0000 ,  0.0000 ,  0.0000 ,  0.0000 ,
  0.0000 ,  0.0000 ,  0.0000 ,  0.0000 ,  0.0000 ,  0.0000 ,
  0.0000 ,  0.0000 ,  0.0000 ,  0.0000 ,  0.0000 ,  0.0000 ,
  0.0000 ,  0.0000 ,  0.0000 ,  0.0000 ,  0.0000 ,  0.0000 ,
  0.0000 ,  0.0000 ,  0.0000 ,  0.0000 ,  0.0000 ,  0.0000 ,
  0.0000 ,  0.0000 ,  0.0000 ,  0.0000 ,  0.0000 ,  0.0000 ,
  0.0000 ,  0.0000 ,  0.0000 ,  0.0000 ,  0.0000 ,  0.0000 ,
  0.0000 ,  0.0000 ,  0.0000 ,  0.0000 ,  0.0000 ,  0.0000 ,
  0.0000 ,  0.0000 ,  0.0000 ,  0.0000 ,  0.0000 ,  0.0000 ,
  0.0000 ,  0.0000 ,  0.0000 ,  0.0000 ,  0.0000 ,  0.0000 ,
  0.0000 ,  0.0000 ,  0.0000 ,  0.0000 ,  0.0000 ,  0.0000 ,
  0.0000 ,  0.0000 ,  0.0000 ,  0.0000 ,  0.0000 ,  0.0000 ,
  0.0000 ,  0.0000 ,  0.0000 ,  0.0000 ,  0.0000 ,  0.0000 ,
  0.0000 ,  0.0000 ,  0.0000 ,  0.0000 ,  0.0000 ,  0.0000 ,
  0.0000 ,  0.0000 ,  0.0000 ,  0.0000 ,  0.0000 ,  0.0000 ,
  0.0000 ,  0.0000 ,  0.0000 ,  0.0000 ,  0.0000 ,  0.0000 ,
  0.0000 ,  0.0000 ,  0.0000 ,  0.0000 ,  0.0000 ,  0.0000 ,
  0.0000 ,  0.0000 ,  0.0000 ,  0.0000 ,  0.0000 ,  0.0000 ,
  0.0000 ,  0.0000 ,  0.0000 ,  0.0000 ,  0.0000 ,  0.0000 ,
  0.0000 ,  0.0000 ,  0.0000 ,  0.0000 ,  0.0000 ,  0.0000 ,
  0.0000 ,  0.0000 ,  0.0000 ,  0.0000 ,  0.0000 ,  0.0000 ,
  0.0000 ,  0.0000 ,  0.0000 ,  0.0000 ,  0.0000 ,  0.0000 ,
  0.0000 ,  0.0000 ,  0.0000 ,  0.0000 ,  0.0000 ,  0.0000 ,
  0.0000 ,  0.0000 ,  0.0000 ,  0.0000 ,  0.0000 ,  0.0000 ,
  0.0000 ,  0.0000 ,  0.0000 ,  0.0000 ,  0.0000 ,  0.0000 ,
  0.0000 ,  0.0000 ,  0.0000 ,  0.0000 ,  0.0000 ,  0.0000 ,
  0.0000 ,  0.0000 ,  0.0000 ,  0.0000 ,  0.0000 ,  0.0000 ,
  0.0000 ,  0.0000 ,  0.0000 ,  0.0000 ,  0.0000 ,  0.0000 ,
  0.0000 ,  0.0000 ,  0.0000 ,  0.0000 ,  0.0000 ,  0.0000 ,
  0.0000 ,  0.0000 ,  0.0000 ,  0.0000 ,  0.0000 ,  0.0000 ,
  0.0000 ,  0.0000 ,  0.0000 ,  0.0000 ,  0.0000 ,  0.0000 ,
  0.0000 ,  0.0000 ,  0.0000 ,  0.0000 ,  0.0000 ,  0.0000 ,
  0.0000 ,  0.0000 ,  0.0000 ,  0.0000 ,  0.0000 ,  0.0000 ,
  0.0000 ,  0.0000 ,  0.0000 ,  0.0000 ,  0.0000 ,  0.0000 ,
  0.0000 ,  0.0000 ,  0.0000 ,  0.0000 ,  0.0000 ,  0.0000 ,
  0.0000 ,  0.0000 ,  0.0000 ,  0.0000 ,  0.0000 ,  0.0000 ,
  0.0000 ,  0.0000 ,  0.0000 ,  0.0000 ,  0.0000 ,  0.0000 ,
  0.0000 ,  0.0000 ,  0.0000 ,  0.0000 ,  0.0000 ,  0.0000 ,
  0.0000 ,  0.0000 ,  0.0000 ,  0.0000 ,  0.0000 ,  0.0000 ,
  0.0000 ,  0.0000 ,  0.0000 ,  0.0000 ,  0.0000 ,  0.0000 ,
  0.0000 ,  0.0000 ,  0.0000 ,  0.0000 ,  0.0000 ,  0.0000 ,
  0.0000 ,  0.0000 ,  0.0000 ,  0.0000 ,  0.0000 ,  0.0000 ,
  0.0000 ,  0.0000 ,  0.0000 ,  0.0000 ,  0.0000 ,  0.0000 ,
  0.0000 ,  0.0000 ,  0.0000 ,  0.0000 ,  0.0000 ,  0.0000 ,
  0.0000 ,  0.0000 ,  0.0000 ,  0.0000 ,  0.0000 ,  0.0000 ,
  0.0000 ,  0.0000 ,  0.0000 ,  0.0000 ,  0.0000 ,  0.0000 ,
  0.0000 ,  0.0000 ,  0.0000 ,  0.0000 ,  0.0000 ,  0.0000 ,
  0.0000 ,  0.0000 ,  0.0000 ,  0.0000 ,  0.0000 ,  0.0000 ,
  0.0000 ,  0.0000 ,  0.0000 ,  0.0000 ,  0.0000 ,  0.0000 ,
  0.0000 ,  0.0000 ,  0.0000 ,  0.0000 ,  0.0000 ,  0.0000 ,
  0.0000 ,  0.0000 ,  0.0000 ,  0.0000 ,  0.0000 ,  0.0000 ,
  0.0000 ,  0.0000 ,  0.0000 ,  0.0000 ,  0.0000 ,  0.0000 ,
  0.0000 ,  0.0000 ,  0.0000 ,  0.0000 ,  0.0000 ,  0.0000 ,
  0.0000 ,  0.0000 ,  0.0000 ,  0.0000 ,  0.0000 ,  0.0000 ,
  0.0000 ,  0.0000 ,  0.0000 ,  0.0000 ,  0.0000 ,  0.0000 ,
  0.0000 ,  0.0000 ,  0.0000 ,  0.0000 ,  0.0000 ,  0.0000 ,
  0.0000 ,  0.0000 ,  0.0000 ,  0.0000 ,  0.0000 ,  0.0000 ,
  0.0000 ,  0.0000 ,  0.0000 ,  0.0000 ,  0.0000 ,  0.0000 ,
  0.0000 ,  0.0000 ,  0.0000 ,  0.0000 ,  0.0000 ,  0.0000 ,
  0.0000 ,  0.0000 ,  0.0000 ,  0.0000 ,  0.0000 ,  0.0000 ,
  0.0000 ,  0.0000 ,  0.0000 ,  0.0000 ,  0.0000 ,  0.0000 ,
  0.0000 ,  0.0000 ,  0.0000 ,  0.0000 ,  0.0000 ,  0.0000 ,
  0.0000 ,  0.0000 ,  0.0000 ,  0.0000 ,  0.0000 ,  0.0000 ,
  0.0000 ,  0.0000 ,  0.0000 ,  0.0000 ,  0.0000 ,  0.0000 ,
  0.0000 ,  0.0000 ,  0.0000 ,  0.0000 ,  0.0000 ,  0.0000 ,
  0.0000 ,  0.0000 ,  0.0000 ,  0.0000 ,  0.0000 ,  0.0000 ,
  0.0000 ,  0.0000 ,  0.0000 ,  0.0000 ,  0.0000 ,  0.0000 ,
  0.0000 ,  0.0000 ,  0.0000 ,  0.0000 ,  0.0000 ,  0.0000 ,
  0.0000 ,  0.0000 ,  0.0000 ,  0.0000 ,  0.0000 ,  0.0000 ,
  0.0000 ,  0.0000 ,  0.0000 ,  0.0000 ,  0.0000 ,  0.0000 ,
  0.0000 ,  0.0000 ,  0.0000 ,  0.0000 ,  0.0000 ,  0.0000 ,
  0.0000 ,  0.0000 ,  0.0000 ,  0.0000 ,  0.0000 ,  0.0000 ,
  0.0000 ,  0.0000 ,  0.0000 ,  0.0000 ,  0.0000 ,  0.0000 ,
  0.0000 ,  0.0000 ,  0.0000 ,  0.0000 ,  0.0000 ,  0.0000 ,
  0.0000 ,  0.0000 ,  0.0000 ,  0.0000 ,  0.0000 ,  0.0000 ,
  0.0000 ,  0.0000 ,  0.0000 ,  0.0000 ,  0.0000 ,  0.0000 ,
  0.0000 ,  0.0000 ,  0.0000 ,  0.0000 ,  0.0000 ,  0.0000 ,
  0.0000 ,  0.0000 ,  0.0000 ,  0.0000 ,  0.0000 ,  0.0000 ,
  0.0000 ,  0.0000 ,  0.0000 ,  0.0000 ,  0.0000 ,  0.0000 ,
  0.0000 ,  0.0000 ,  0.0000 ,  0.0000 ,  0.0000 ,  0.0000 ,
  0.0000 ,  0.0000 ,  0.0000 ,  0.0000 ,  0.0000 ,  0.0000 ,
  0.0000 ,  0.0000 ,  0.0000 ,  0.0000 ,  0.0000 ,  0.0000 ,
  0.0000 ,  0.0000 ,  0.0000 ,  0.0000 ,  0.0000 ,  0.0000 ,
  0.0000 ,  0.0000 ,  0.0000 ,  0.0000 ,  0.0000 ,  0.0000 ,
  0.0000 ,  0.0000 ,  0.0000 ,  0.0000 ,  0.0000 ,  0.0000 ,
  0.0000 ,  0.0000 ,  0.0000 ,  0.0000 ,  0.0000 ,  0.0000 ,
  0.0000 ,  0.0000 ,  0.0000 ,  0.0000 ,  0.0000 ,  0.0000 ,
  0.0000 ,  0.0000 ,  0.0000 ,  0.0000 ,  0.0000 ,  0.0000 ,
  0.0000 ,  0.0000 ,  0.0000 ,  0.0000 ,  0.0000 ,  0.0000 ,
  0.0000 ,  0.0000 ,  0.0000 ,  0.0000 ,  0.0000 ,  0.0000 ,
  0.0000 ,  0.0000 ,  0.0000 ,  0.0000 ,  0.0000 ,  0.0000 ,
  0.0000 ,  0.0000 ,  0.0000 ,  0.0000 ,  0.0000 ,  0.0000 ,
  0.0000 ,  0.0000 ,  0.0000 ,  0.0000 ,  0.0000 ,  0.0000 ,
  0.0000 ,  0.0000 ,  0.0000 ,  0.0000 ,  0.0000 ,  0.0000 ,
  0.0000 ,  0.0000 ,  0.0000 ,  0.0000 ,  0.0000 ,  0.0000 ,
  0.0000 ,  0.0000 ,  0.0000 ,  0.0000 ,  0.0000 ,  0.0000 ,
  0.0000 ,  0.0000 ,  0.0000 ,  0.0000 ,  0.0000 ,  0.0000 ,
  0.0000 ,  0.0000 ,  0.0000 ,  0.0000 ,  0.0000 ,  0.0000 ,
  0.0000 ,  0.0000 ,  0.0000 ,  0.0000 ,  0.0000 ,  0.0000 ,
  0.0000 ,  0.0000 ,  0.0000 ,  0.0000 ,  0.0000 ,  0.0000 ,
  0.0000 ,  0.0000 ,  0.0000 ,  0.0000 ,  0.0000 ,  0.0000 ,
  0.0000 ,  0.0000 ,  0.0000 ,  0.0000 ,  0.0000 ,  0.0000 ,
  0.0000 ,  0.0000 ,  0.0000 ,  0.0000 ,  0.0000 ,  0.0000 ,
  0.0000 ,  0.0000 ,  0.0000 ,  0.0000 ,  0.0000 ,  0.0000 ,
  0.0000 ,  0.0000 ,  0.0000 ,  0.0000 ,  0.0000 ,  0.0000 ,
  0.0000 ,  0.0000 ,  0.0000 ,  0.0000 ,  0.0000 ,  0.0000 ,
  0.0000 ,  0.0000 ,  0.0000 ,  0.0000 ,  0.0000 ,  0.0000 ,
  0.0000 ,  0.0000 ,  0.0000 ,  0.0000 ,  0.0000 ,  0.0000 ,
  0.0000 ,  0.0000 ,  0.0000 ,  0.0000 ,  0.0000 ,  0.0000 ,
  0.0000 ,  0.0000 ,  0.0000 ,  0.0000 ,  0.0000 ,  0.0000 ,
  0.0000 ,  0.0000 ,  0.0000 ,  0.0000 ,  0.0000 ,  0.0000 ,
  0.0000 ,  0.0000 ,  0.0000 ,  0.0000 ,  0.0000 ,  0.0000 ,
  0.0000 ,  0.0000 ,  0.0000 ,  0.0000 ,  0.0000 ,  0.0000 ,
  0.0000 ,  0.0000 ,  0.0000 ,  0.0000 ,  0.0000 ,  0.0000 ,
  0.0000 ,  0.0000 ,  0.0000 ,  0.0000 ,  0.0000 ,  0.0000 ,
  0.0000 ,  0.0000 ,  0.0000 ,  0.0000 ,  0.0000 ,  0.0000 ,
  0.0000 ,  0.0000 ,  0.0000 ,  0.0000 ,  0.0000 ,  0.0000 ,
  0.0000 ,  0.0000 ,  0.0000 ,  0.0000 ,  0.0000 ,  0.0000 ,
  0.0000 ,  0.0000 ,  0.0000 ,  0.0000 ,  0.0000 ,  0.0000 ,
  0.0000 ,  0.0000 ,  0.0000 ,  0.0000 ,  0.0000 ,  0.0000 ,
  0.0000 ,  0.0000 ,  0.0000 ,  0.0000 ,  0.0000 ,  0.0000 ,
  0.0000 ,  0.0000 ,  0.0000 ,  0.0000 ,  0.0000 ,  0.0000 ,
  0.0000 ,  0.0000 ,  0.0000 ,  0.0000 ,  0.0000 ,  0.0000 ,
  0.0000 ,  0.0000 ,  0.0000 ,  0.0000 ,  0.0000 ,  0.0000 ,
  0.0000 ,  0.0000 ,  0.0000 ,  0.0000 ,  0.0000 ,  0.0000 ,
  0.0000 ,  0.0000 ,  0.0000 ,  0.0000 ,  0.0000 ,  0.0000 ,
  0.0000 ,  0.0000 ,  0.0000 ,  0.0000 ,  0.0000 ,  0.0000 ,
  0.0000 ,  0.0000 ,  0.0000 ,  0.0000 ,  0.0000 ,  0.0000 ,
  0.0000 ,  0.0000 ,  0.0000 ,  0.0000 ,  0.0000 ,  0.0000 ,
  0.0000 ,  0.0000 ,  0.0000 ,  0.0000 ,  0.0000 ,  0.0000 ,
  0.0000 ,  0.0000 ,  0.0000 ,  0.0000 ,  0.0000 ,  0.0000 ,
  0.0000 ,  0.0000 ,  0.0000 ,  0.0000 ,  0.0000 ,  0.0000 ,
  0.0000 ,  0.0000 ,  0.0000 ,  0.0000 ,  0.0000 ,  0.0000 ,
  0.0000 ,  0.0000 ,  0.0000 ,  0.0000 ,  0.0000 ,  0.0000 ,
  0.0000 ,  0.0000 ,  0.0000 ,  0.0000 ,  0.0000 ,  0.0000 ,
  0.0000 ,  0.0000 ,  0.0000 ,  0.0000 ,  0.0000 ,  0.0000 ,
  0.0000 ,  0.0000 ,  0.0000 ,  0.0000 ,  0.0000 ,  0.0000 ,
  0.0000 ,  0.0000 ,  0.0000 ,  0.0000 ,  0.0000 ,  0.0000 ,
  0.0000 ,  0.0000 ,  0.0000 ,  0.0000 ,  0.0000 ,  0.0000 ,
  0.0000 ,  0.0000 ,  0.0000 ,  0.0000 ,  0.0000 ,  0.0000 ,
  0.0000 ,  0.0000 ,  0.0000 ,  0.0000 ,  0.0000 ,  0.0000 ,
  0.0000 ,  0.0000 ,  0.0000 ,  0.0000 ,  0.0000 ,  0.0000 ,
  0.0000 ,  0.0000 ,  0.0000 ,  0.0000 ,  0.0000 ,  0.0000 ,
  0.0000 ,  0.0000 ,  0.0000 ,  0.0000 ,  0.0000 ,  0.0000 ,
  0.0000 ,  0.0000 ,  0.0000 ,  0.0000 ,  0.0000 ,  0.0000 ,
  0.0000 ,  0.0000 ,  0.0000 ,  0.0000 ,  0.0000 ,  0.0000 ,
  0.0000 ,  0.0000 ,  0.0000 ,  0.0000 ,  0.0000 ,  0.0000 ,
  0.0000 ,  0.0000 ,  0.0000 ,  0.0000 ,  0.0000 ,  0.0000 ,
  0.0000 ,  0.0000 ,  0.0000 ,  0.0000 ,  0.0000 ,  0.0000 ,
  0.0000 ,  0.0000 ,  0.0000 ,  0.0000 ,  0.0000 ,  0.0000 ,
  0.0000 ,  0.0000 ,  0.0000 ,  0.0000 ,  0.0000 ,  0.0000 ,
  0.0000 ,  0.0000 ,  0.0000 ,  0.0000 ,  0.0000 ,  0.0000 ,
  0.0000 ,  0.0000 ,  0.0000 ,  0.0000 ,  0.0000 ,  0.0000 ,
  0.0000 ,  0.0000 ,  0.0000 ,  0.0000 ,  0.0000 ,  0.0000 ,
  0.0000 ,  0.0000 ,  0.0000 ,  0.0000 ,  0.0000 ,  0.0000 ,
  0.0000 ,  0.0000 ,  0.0000 ,  0.0000 ,  0.0000 ,  0.0000 ,
  0.0000 ,  0.0000 ,  0.0000 ,  0.0000 ,  0.0000 ,  0.0000 ,
  0.0000 ,  0.0000 ,  0.0000 ,  0.0000 ,  0.0000 ,  0.0000 ,
  0.0000 ,  0.0000 ,  0.0000 ,  0.0000 ,  0.0000 ,  0.0000 ,
  0.0000 ,  0.0000 ,  0.0000 ,  0.0000 ,  0.0000 ,  0.0000 ,
  0.0000 ,  0.0000 ,  0.0000 ,  0.0000 ,  0.0000 ,  0.0000 ,
  0.0000 ,  0.0000 ,  0.0000 ,  0.0000 ,  0.0000 ,  0.0000 ,
  0.0000 ,  0.0000 ,  0.0000 ,  0.0000 ,  0.0000 ,  0.0000 ,
  0.0000 ,  0.0000 ,  0.0000 ,  0.0000 ,  0.0000 ,  0.0000 ,
  0.0000 ,  0.0000 ,  0.0000 ,  0.0000 ,  0.0000 ,  0.0000 ,
  0.0000 ,  0.0000 ,  0.0000 ,  0.0000 ,  0.0000 ,  0.0000 ,
  0.0000 ,  0.0000 ,  0.0000 ,  0.0000 ,  0.0000 ,  0.0000 ,
  0.0000 ,  0.0000 ,  0.0000 ,  0.0000 ,  0.0000 ,  0.0000 ,
  0.0000 ,  0.0000 ,  0.0000 ,  0.0000 ,  0.0000 ,  0.0000 ,
  0.0000 ,  0.0000 ,  0.0000 ,  0.0000 ,  0.0000 ,  0.0000 ,
  0.0000 ,  0.0000 ,  0.0000 ,  0.0000 ,  0.0000 ,  0.0000 ,
  0.0000 ,  0.0000 ,  0.0000 ,  0.0000 ,  0.0000 ,  0.0000 ,
  0.0000 ,  0.0000 ,  0.0000 ,  0.0000 ,  0.0000 ,  0.0000 ,
  0.0000 ,  0.0000 ,  0.0000 ,  0.0000 ,  0.0000 ,  0.0000 ,
  0.0000 ,  0.0000 ,  0.0000 ,  0.0000 ,  0.0000 ,  0.0000 ,
  0.0000 ,  0.0000 ,  0.0000 ,  0.0000 ,  0.0000 ,  0.0000 ,
  0.0000 ,  0.0000 ,  0.0000 ,  0.0000 ,  0.0000 ,  0.0000 ,
  0.0000 ,  0.0000 ,  0.0000 ,  0.0000 ,  0.0000 ,  0.0000 ,
  0.0000 ,  0.0000 ,  0.0000 ,  0.0000 ,  0.0000 ,  0.0000 ,
  0.0000 ,  0.0000 ,  0.0000 ,  0.0000 ,  0.0000 ,  0.0000 ,
  0.0000 ,  0.0000 ,  0.0000 ,  0.0000 ,  0.0000 ,  0.0000 ,
  0.0000 ,  0.0000 ,  0.0000 ,  0.0000 ,  0.0000 ,  0.0000 ,
  0.0000 ,  0.0000 ,  0.0000 ,  0.0000 ,  0.0000 ,  0.0000 ,
  0.0000 ,  0.0000 ,  0.0000 ,  0.0000 ,  0.0000 ,  0.0000 ,
  0.0000 ,  0.0000 ,  0.0000 ,  0.0000 ,  0.0000 ,  0.0000 ,
  0.0000 ,  0.0000 ,  0.0000 ,  0.0000 ,  0.0000 ,  0.0000 ,
  0.0000 ,  0.0000 ,  0.0000 ,  0.0000 ,  0.0000 ,  0.0000 ,
  0.0000 ,  0.0000 ,  0.0000 ,  0.0000 ,  0.0000 ,  0.0000 ,
  0.0000 ,  0.0000 ,  0.0000 ,  0.0000 ,  0.0000 ,  0.0000 ,
  0.0000 ,  0.0000 ,  0.0000 ,  0.0000 ,  0.0000 ,  0.0000 ,
  0.0000 ,  0.0000 ,  0.0000 ,  0.0000 ,  0.0000 ,  0.0000 ,
  0.0000 ,  0.0000 ,  0.0000 ,  0.0000 ,  0.0000 ,  0.0000 ,
  0.0000 ,  0.0000 ,  0.0000 ,  0.0000 ,  0.0000 ,  0.0000 ,
  0.0000 ,  0.0000 ,  0.0000 ,  0.0000 ,  0.0000 ,  0.0000 ,
  0.0000 ,  0.0000 ,  0.0000 ,  0.0000 ,  0.0000 ,  0.0000 ,
  0.0000 ,  0.0000 ,  0.0000 ,  0.0000 ,  0.0000 ,  0.0000 ,
  0.0000 ,  0.0000 ,  0.0000 ,  0.0000 ,  0.0000 ,  0.0000 ,
  0.0000 ,  0.0000 ,  0.0000 ,  0.0000 ,  0.0000 ,  0.0000 ,
  0.0000 ,  0.0000 ,  0.0000 ,  0.0000 ,  0.0000 ,  0.0000 ,
  0.0000 ,  0.0000 ,  0.0000 ,  0.0000 ,  0.0000 ,  0.0000 ,
  0.0000 ,  0.0000 ,  0.0000 ,  0.0000 ,  0.0000 ,  0.0000 ,
  0.0000 ,  0.0000 ,  0.0000 ,  0.0000 ,  0.0000 ,  0.0000 ,
  0.0000 ,  0.0000 ,  0.0000 ,  0.0000 ,  0.0000 ,  0.0000 ,
  0.0000 ,  0.0000 ,  0.0000 ,  0.0000 ,  0.0000 ,  0.0000 ,
  0.0000 ,  0.0000 ,  0.0000 ,  0.0000 ,  0.0000 ,  0.0000 ,
  0.0000 ,  0.0000 ,  0.0000 ,  0.0000 ,  0.0000 ,  0.0000 ,
  0.0000 ,  0.0000 ,  0.0000 ,  0.0000 ,  0.0000 ,  0.0000 ,
  0.0000 ,  0.0000 ,  0.0000 ,  0.0000 ,  0.0000 ,  0.0000 ,
  0.0000 ,  0.0000 ,  0.0000 ,  0.0000 ,  0.0000 ,  0.0000 ,
  0.0000 ,  0.0000 ,  0.0000 ,  0.0000 ,  0.0000 ,  0.0000 ,
  0.0000 ,  0.0000 ,  0.0000 ,  0.0000 ,  0.0000 ,  0.0000 ,
  0.0000 ,  0.0000 ,  0.0000 ,  0.0000 ,  0.0000 ,  0.0000 ,
  0.0000 ,  0.0000 ,  0.0000 ,  0.0000 ,  0.0000 ,  0.0000 ,
  0.0000 ,  0.0000 ,  0.0000 ,  0.0000 ,  0.0000 ,  0.0000 ,
  0.0000 ,  0.0000 ,  0.0000 ,  0.0000 ,  0.0000 ,  0.0000 ,
  0.0000 ,  0.0000 ,  0.0000 ,  0.0000 ,  0.0000 ,  0.0000 ,
  0.0000 ,  0.0000 ,  0.0000 ,  0.0000 ,  0.0000 ,  0.0000 ,
  0.0000 ,  0.0000 ,  0.0000 ,  0.0000 ,  0.0000 ,  0.0000 ,
  0.0000 ,  0.0000 ,  0.0000 ,  0.0000 ,  0.0000 ,  0.0000 ,
  0.0000 ,  0.0000 ,  0.0000 ,  0.0000 ,  0.0000 ,  0.0000 ,
  0.0000 ,  0.0000 ,  0.0000 ,  0.0000 ,  0.0000 ,  0.0000 ,
  0.0000 ,  0.0000 ,  0.0000 ,  0.0000 ,  0.0000 ,  0.0000 ,
  0.0000 ,  0.0000 ,  0.0000 ,  0.0000 ,  0.0000 ,  0.0000 ,
  0.0000 ,  0.0000 ,  0.0000 ,  0.0000 ,  0.0000 ,  0.0000 ,
  0.0000 ,  0.0000 ,  0.0000 ,  0.0000 ,  0.0000 ,  0.0000 ,
  0.0000 ,  0.0000 ,  0.0000 ,  0.0000 ,  0.0000 ,  0.0000 ,
  0.0000 ,  0.0000 ,  0.0000 ,  0.0000 ,  0.0000 ,  0.0000 ,
  0.0000 ,  0.0000 ,  0.0000 ,  0.0000 ,  0.0000 ,  0.0000 ,
  0.0000 ,  0.0000 ,  0.0000 ,  0.0000 ,  0.0000 ,  0.0000 ,
  0.0000 ,  0.0000 ,  0.0000 ,  0.0000 ,  0.0000 ,  0.0000 ,
  0.0000 ,  0.0000 ,  0.0000 ,  0.0000 ,  0.0000 ,  0.0000 ,
  0.0000 ,  0.0000 ,  0.0000 ,  0.0000 ,  0.0000 ,  0.0000 ,
  0.0000 ,  0.0000 ,  0.0000 ,  0.0000 ,  0.0000 ,  0.0000 ,
  0.0000 ,  0.0000 ,  0.0000 ,  0.0000 ,  0.0000 ,  0.0000 ,
  0.0000 ,  0.0000 ,  0.0000 ,  0.0000 ,  0.0000 ,  0.0000 ,
  0.0000 ,  0.0000 ,  0.0000 ,  0.0000 ,  0.0000 ,  0.0000 ,
  0.0000 ,  0.0000 ,  0.0000 ,  0.0000 ,  0.0000 ,  0.0000 ,
  0.0000 ,  0.0000 ,  0.0000 ,  0.0000 ,  0.0000 ,  0.0000 ,
  0.0000 ,  0.0000 ,  0.0000 ,  0.0000 ,  0.0000 ,  0.0000 ,
  0.0000 ,  0.0000 ,  0.0000 ,  0.0000 ,  0.0000 ,  0.0000 ,
  0.0000 ,  0.0000 ,  0.0000 ,  0.0000 ,  0.0000 ,  0.0000 ,
  0.0000 ,  0.0000 ,  0.0000 ,  0.0000 ,  0.0000 ,  0.0000 ,
  0.0000 ,  0.0000 ,  0.0000 ,  0.0000 ,  0.0000 ,  0.0000 ,
  0.0000 ,  0.0000 ,  0.0000 ,  0.0000 ,  0.0000 ,  0.0000 ,
  0.0000 ,  0.0000 ,  0.0000 ,  0.0000 ,  0.0000 ,  0.0000 ,
  0.0000 ,  0.0000 ,  0.0000 ,  0.0000 ,  0.0000 ,  0.0000 ,
  0.0000 ,  0.0000 ,  0.0000 ,  0.0000 ,  0.0000 ,  0.0000 ,
  0.0000 ,  0.0000 ,  0.0000 ,  0.0000 ,  0.0000 ,  0.0000 ,
  0.0000 ,  0.0000 ,  0.0000 ,  0.0000 ,  0.0000 ,  0.0000 ,
  0.0000 ,  0.0000 ,  0.0000 ,  0.0000 ,  0.0000 ,  0.0000 ,
  0.0000 ,  0.0000 ,  0.0000 ,  0.0000 ,  0.0000 ,  0.0000 ,
  0.0000 ,  0.0000 ,  0.0000 ,  0.0000 ,  0.0000 ,  0.0000 ,
  0.0000 ,  0.0000 ,  0.0000 ,  0.0000 ,  0.0000 ,  0.0000 ,
  0.0000 ,  0.0000 ,  0.0000 ,  0.0000 ,  0.0000 ,  0.0000 ,
  0.0000 ,  0.0000 ,  0.0000 ,  0.0000 ,  0.0000 ,  0.0000 ,
  0.0000 ,  0.0000 ,  0.0000 ,  0.0000 ,  0.0000 ,  0.0000 ,
  0.0000 ,  0.0000 ,  0.0000 ,  0.0000 ,  0.0000 ,  0.0000 ,
  0.0000 ,  0.0000 ,  0.0000 ,  0.0000 ,  0.0000 ,  0.0000 ,
  0.0000 ,  0.0000 ,  0.0000 ,  0.0000 ,  0.0000 ,  0.0000 ,
  0.0000 ,  0.0000 ,  0.0000 ,  0.0000 ,  0.0000 ,  0.0000 ,
  0.0000 ,  0.0000 ,  0.0000 ,  0.0000 ,  0.0000 ,  0.0000 ,
  0.0000 ,  0.0000 ,  0.0000 ,  0.0000 ,  0.0000 ,  0.0000 ,
  0.0000 ,  0.0000 ,  0.0000 ,  0.0000 ,  0.0000 ,  0.0000 ,
  0.0000 ,  0.0000 ,  0.0000 ,  0.0000 ,  0.0000 ,  0.0000 ,
  0.0000 ,  0.0000 ,  0.0000 ,  0.0000 ,  0.0000 ,  0.0000 ,
  0.0000 ,  0.0000 ,  0.0000 ,  0.0000 ,  0.0000 ,  0.0000 ,
  0.0000 ,  0.0000 ,  0.0000 ,  0.0000 ,  0.0000 ,  0.0000 ,
  0.0000 ,  0.0000 ,  0.0000 ,  0.0000 ,  0.0000 ,  0.0000 ,
  0.0000 ,  0.0000 ,  0.0000 ,  0.0000 ,  0.0000 ,  0.0000 ,
  0.0000 ,  0.0000 ,  0.0000 ,  0.0000 ,  0.0000 ,  0.0000 ,
  0.0000 ,  0.0000 ,  0.0000 ,  0.0000 ,  0.0000 ,  0.0000 ,
  0.0000 ,  0.0000 ,  0.0000 ,  0.0000 ,  0.0000 ,  0.0000 ,
  0.0000 ,  0.0000 ,  0.0000 ,  0.0000 ,  0.0000 ,  0.0000 ,
  0.0000 ,  0.0000 ,  0.0000 ,  0.0000 ,  0.0000 ,  0.0000 ,
  0.0000 ,  0.0000 ,  0.0000 ,  0.0000 ,  0.0000 ,  0.0000 ,
  0.0000 ,  0.0000 ,  0.0000 ,  0.0000 ,  0.0000 ,  0.0000 ,
  0.0000 ,  0.0000 ,  0.0000 ,  0.0000 ,  0.0000 ,  0.0000 ,
  0.0000 ,  0.0000 ,  0.0000 ,  0.0000 ,  0.0000 ,  0.0000 ,
  0.0000 ,  0.0000 ,  0.0000 ,  0.0000 ,  0.0000 ,  0.0000 ,
  0.0000 ,  0.0000 ,  0.0000 ,  0.0000 ,  0.0000 ,  0.0000 ,
  0.0000 ,  0.0000 ,  0.0000 ,  0.0000 ,  0.0000 ,  0.0000 ,
  0.0000 ,  0.0000 ,  0.0000 ,  0.0000 ,  0.0000 ,  0.0000 ,
  0.0000 ,  0.0000 ,  0.0000 ,  0.0000 ,  0.0000 ,  0.0000 ,
  0.0000 ,  0.0000 ,  0.0000 ,  0.0000 ,  0.0000 ,  0.0000 ,
  0.0000 ,  0.0000 ,  0.0000 ,  0.0000 ,  0.0000 ,  0.0000 ,
  0.0000 ,  0.0000 ,  0.0000 ,  0.0000 ,  0.0000 ,  0.0000 ,
  0.0000 ,  0.0000 ,  0.0000 ,  0.0000 ,  0.0000 ,  0.0000 ,
  0.0000 ,  0.0000 ,  0.0000 ,  0.0000 ,  0.0000 ,  0.0000 ,
  0.0000 ,  0.0000 ,  0.0000 ,  0.0000 ,  0.0000 ,  0.0000 ,
  0.0000 ,  0.0000 ,  0.0000 ,  0.0000 ,  0.0000 ,  0.0000 ,
  0.0000 ,  0.0000 ,  0.0000 ,  0.0000 ,  0.0000 ,  0.0000 ,
  0.0000 ,  0.0000 ,  0.0000 ,  0.0000 ,  0.0000 ,  0.0000 ,
  0.0000 ,  0.0000 ,  0.0000 ,  0.0000 ,  0.0000 ,  0.0000 ,
  0.0000 ,  0.0000 ,  0.0000 ,  0.0000 ,  0.0000 ,  0.0000 ,
  0.0000 ,  0.0000 ,  0.0000 ,  0.0000 ,  0.0000 ,  0.0000 ,
  0.0000 ,  0.0000 ,  0.0000 ,  0.0000 ,  0.0000 ,  0.0000 ,
  0.0000 ,  0.0000 ,  0.0000 ,  0.0000 ,  0.0000 ,  0.0000 ,
  0.0000 ,  0.0000 ,  0.0000 ,  0.0000 ,  0.0000 ,  0.0000 ,
  0.0000 ,  0.0000 ,  0.0000 ,  0.0000 ,  0.0000 ,  0.0000 ,
  0.0000 ,  0.0000 ,  0.0000 ,  0.0000 ,  0.0000 ,  0.0000 ,
  0.0000 ,  0.0000 ,  0.0000 ,  0.0000 ,  0.0000 ,  0.0000 ,
  0.0000 ,  0.0000 ,  0.0000 ,  0.0000 ,  0.0000 ,  0.0000 ,
  0.0000 ,  0.0000 ,  0.0000 ,  0.0000 ,  0.0000 ,  0.0000 ,
  0.0000 ,  0.0000 ,  0.0000 ,  0.0000 ,  0.0000 ,  0.0000 ,
  0.0000 ,  0.0000 ,  0.0000 ,  0.0000 ,  0.0000 ,  0.0000 ,
  0.0000 ,  0.0000 ,  0.0000 ,  0.0000 ,  0.0000 ,  0.0000 ,
  0.0000 ,  0.0000 ,  0.0000 ,  0.0000 ,  0.0000 ,  0.0000 ,
  0.0000 ,  0.0000 ,  0.0000 ,  0.0000 ,  0.0000 ,  0.0000 ,
  0.0000 ,  0.0000 ,  0.0000 ,  0.0000 ,  0.0000 ,  0.0000 ,
  0.0000 ,  0.0000 ,  0.0000 ,  0.0000 ,  0.0000 ,  0.0000 ,
  0.0000 ,  0.0000 ,  0.0000 ,  0.0000 ,  0.0000 ,  0.0000 ,
  0.0000 ,  0.0000 ,  0.0000 ,  0.0000 ,  0.0000 ,  0.0000 ,
  0.0000 ,  0.0000 ,  0.0000 ,  0.0000 ,  0.0000 ,  0.0000 ,
  0.0000 ,  0.0000 ,  0.0000 ,  0.0000 ,  0.0000 ,  0.0000 ,
  0.0000 ,  0.0000 ,  0.0000 ,  0.0000 ,  0.0000 ,  0.0000 ,
  0.0000 ,  0.0000 ,  0.0000 ,  0.0000 ,  0.0000 ,  0.0000 ,
  0.0000 ,  0.0000 ,  0.0000 ,  0.0000 ,  0.0000 ,  0.0000 ,
  0.0000 ,  0.0000 ,  0.0000 ,  0.0000 ,  0.0000 ,  0.0000 ,
  0.0000 ,  0.0000 ,  0.0000 ,  0.0000 ,  0.0000 ,  0.0000 ,
  0.0000 ,  0.0000 ,  0.0000 ,  0.0000 ,  0.0000 ,  0.0000 ,
  0.0000 ,  0.0000 ,  0.0000 ,  0.0000 ,  0.0000 ,  0.0000 ,
  0.0000 ,  0.0000 ,  0.0000 ,  0.0000 ,  0.0000 ,  0.0000 ,
  0.0000 ,  0.0000 ,  0.0000 ,  0.0000 ,  0.0000 ,  0.0000 ,
  0.0000 ,  0.0000 ,  0.0000 ,  0.0000 ,  0.0000 ,  0.0000 ,
  0.0000 ,  0.0000 ,  0.0000 ,  0.0000 ,  0.0000 ,  0.0000 ,
  0.0000 ,  0.0000 ,  0.0000 ,  0.0000 ,  0.0000 ,  0.0000 ,
  0.0000 ,  0.0000 ,  0.0000 ,  0.0000 ,  0.0000 ,  0.0000 ,
  0.0000 ,  0.0000 ,  0.0000 ,  0.0000 ,  0.0000 ,  0.0000 ,
  0.0000 ,  0.0000 ,  0.0000 ,  0.0000 ,  0.0000 ,  0.0000 ,
  0.0000 ,  0.0000 ,  0.0000 ,  0.0000 ,  0.0000 ,  0.0000 ,
  0.0000 ,  0.0000 ,  0.0000 ,  0.0000 ,  0.0000 ,  0.0000 ,
  0.0000 ,  0.0000 ,  0.0000 ,  0.0000 ,  0.0000 ,  0.0000 ,
  0.0000 ,  0.0000 ,  0.0000 ,  0.0000 ,  0.0000 ,  0.0000 ,
  0.0000 ,  0.0000 ,  0.0000 ,  0.0000 ,  0.0000 ,  0.0000 ,
  0.0000 ,  0.0000 ,  0.0000 ,  0.0000 ,  0.0000 ,  0.0000 ,
  0.0000 ,  0.0000 ,  0.0000 ,  0.0000 ,  0.0000 ,  0.0000 ,
  0.0000 ,  0.0000 ,  0.0000 ,  0.0000 ,  0.0000 ,  0.0000 ,
  0.0000 ,  0.0000 ,  0.0000 ,  0.0000 ,  0.0000 ,  0.0000 ,
  0.0000 ,  0.0000 ,  0.0000 ,  0.0000 ,  0.0000 ,  0.0000 ,
  0.0000 ,  0.0000 ,  0.0000 ,  0.0000 ,  0.0000 ,  0.0000 ,
  0.0000 ,  0.0000 ,  0.0000 ,  0.0000 ,  0.0000 ,  0.0000 ,
  0.0000 ,  0.0000 ,  0.0000 ,  0.0000 ,  0.0000 ,  0.0000 ,
  0.0000 ,  0.0000 ,  0.0000 ,  0.0000 ,  0.0000 ,  0.0000 ,
  0.0000 ,  0.0000 ,  0.0000 ,  0.0000 ,  0.0000 ,  0.0000 ,
  0.0000 ,  0.0000 ,  0.0000 ,  0.0000 ,  0.0000 ,  0.0000 ,
  0.0000 ,  0.0000 ,  0.0000 ,  0.0000 ,  0.0000 ,  0.0000 ,
  0.0000 ,  0.0000 ,  0.0000 ,  0.0000 ,  0.0000 ,  0.0000 ,
  0.0000 ,  0.0000 ,  0.0000 ,  0.0000 ,  0.0000 ,  0.0000 ,
  0.0000 ,  0.0000 ,  0.0000 ,  0.0000 ,  0.0000 ,  0.0000 ,
  0.0000 ,  0.0000 ,  0.0000 ,  0.0000 ,  0.0000 ,  0.0000 ,
  0.0000 ,  0.0000 ,  0.0000 ,  0.0000 ,  0.0000 ,  0.0000 ,
  0.0000 ,  0.0000 ,  0.0000 ,  0.0000 ,  0.0000 ,  0.0000 ,
  0.0000 ,  0.0000 ,  0.0000 ,  0.0000 ,  0.0000 ,  0.0000 ,
  0.0000 ,  0.0000 ,  0.0000 ,  0.0000 ,  0.0000 ,  0.0000 ,
  0.0000 ,  0.0000 ,  0.0000 ,  0.0000 ,  0.0000 ,  0.0000 ,
  0.0000 ,  0.0000 ,  0.0000 ,  0.0000 ,  0.0000 ,  0.0000 ,
  0.0000 ,  0.0000 ,  0.0000 ,  0.0000 ,  0.0000 ,  0.0000 ,
  0.0000 ,  0.0000 ,  0.0000 ,  0.0000 ,  0.0000 ,  0.0000 ,
  0.0000 ,  0.0000 ,  0.0000 ,  0.0000 ,  0.0000 ,  0.0000 ,
  0.0000 ,  0.0000 ,  0.0000 ,  0.0000 ,  0.0000 ,  0.0000 ,
  0.0000 ,  0.0000 ,  0.0000 ,  0.0000 ,  0.0000 ,  0.0000 ,
  0.0000 ,  0.0000 ,  0.0000 ,  0.0000 ,  0.0000 ,  0.0000 ,
  0.0000 ,  0.0000 ,  0.0000 ,  0.0000 ,  0.0000 ,  0.0000 ,
  0.0000 ,  0.0000 ,  0.0000 ,  0.0000 ,  0.0000 ,  0.0000 ,
  0.0000 ,  0.0000 ,  0.0000 ,  0.0000 ,  0.0000 ,  0.0000 ,
  0.0000 ,  0.0000 ,  0.0000 ,  0.0000 ,  0.0000 ,  0.0000 ,
  0.0000 ,  0.0000 ,  0.0000 ,  0.0000 ,  0.0000 ,  0.0000 ,
  0.0000 ,  0.0000 ,  0.0000 ,  0.0000 ,  0.0000 ,  0.0000 ,
  0.0000 ,  0.0000 ,  0.0000 ,  0.0000 ,  0.0000 ,  0.0000 ,
  0.0000 ,  0.0000 ,  0.0000 ,  0.0000 ,  0.0000 ,  0.0000 ,
  0.0000 ,  0.0000 ,  0.0000 ,  0.0000 ,  0.0000 ,  0.0000 ,
  0.0000 ,  0.0000 ,  0.0000 ,  0.0000 ,  0.0000 ,  0.0000 ,
  0.0000 ,  0.0000 ,  0.0000 ,  0.0000 ,  0.0000 ,  0.0000 ,
  0.0000 ,  0.0000 ,  0.0000 ,  0.0000 ,  0.0000 ,  0.0000 ,
  0.0000 ,  0.0000 ,  0.0000 ,  0.0000 ,  0.0000 ,  0.0000 ,
  0.0000 ,  0.0000 ,  0.0000 ,  0.0000 ,  0.0000 ,  0.0000 ,
  0.0000 ,  0.0000 ,  0.0000 ,  0.0000 ,  0.0000 ,  0.0000 ,
  0.0000 ,  0.0000 ,  0.0000 ,  0.0000 ,  0.0000 ,  0.0000 ,
  0.0000 ,  0.0000 ,  0.0000 ,  0.0000 ,  0.0000 ,  0.0000 ,
  0.0000 ,  0.0000 ,  0.0000 ,  0.0000 ,  0.0000 ,  0.0000 ,
  0.0000 ,  0.0000 ,  0.0000 ,  0.0000 ,  0.0000 ,  0.0000 ,
  0.0000 ,  0.0000 ,  0.0000 ,  0.0000 ,  0.0000 ,  0.0000 ,
  0.0000 ,  0.0000 ,  0.0000 ,  0.0000 ,  0.0000 ,  0.0000 ,
  0.0000 ,  0.0000 ,  0.0000 ,  0.0000 ,  0.0000 ,  0.0000 ,
  0.0000 ,  0.0000 ,  0.0000 ,  0.0000 ,  0.0000 ,  0.0000 ,
  0.0000 ,  0.0000 ,  0.0000 ,  0.0000 ,  0.0000 ,  0.0000 ,
  0.0000 ,  0.0000 ,  0.0000 ,  0.0000 ,  0.0000 ,  0.0000 ,
  0.0000 ,  0.0000 ,  0.0000 ,  0.0000 ,  0.0000 ,  0.0000 ,
  0.0000 ,  0.0000 ,  0.0000 ,  0.0000 ,  0.0000 ,  0.0000 ,
  0.0000 ,  0.0000 ,  0.0000 ,  0.0000 ,  0.0000 ,  0.0000 ,
  0.0000 ,  0.0000 ,  0.0000 ,  0.0000 ,  0.0000 ,  0.0000 ,
  0.0000 ,  0.0000 ,  0.0000 ,  0.0000 ,  0.0000 ,  0.0000 ,
  0.0000 ,  0.0000 ,  0.0000 ,  0.0000 ,  0.0000 ,  0.0000 ,
  0.0000 ,  0.0000 ,  0.0000 ,  0.0000 ,  0.0000 ,  0.0000 ,
  0.0000 ,  0.0000 ,  0.0000 ,  0.0000 ,  0.0000 ,  0.0000 ,
  0.0000 ,  0.0000 ,  0.0000 ,  0.0000 ,  0.0000 ,  0.0000 ,
  0.0000 ,  0.0000 ,  0.0000 ,  0.0000 ,  0.0000 ,  0.0000 ,
  0.0000 ,  0.0000 ,  0.0000 ,  0.0000 ,  0.0000 ,  0.0000 ,
  0.0000 ,  0.0000 ,  0.0000 ,  0.0000 ,  0.0000 ,  0.0000 ,
  0.0000 ,  0.0000 ,  0.0000 ,  0.0000 ,  0.0000 ,  0.0000 ,
  0.0000 ,  0.0000 ,  0.0000 ,  0.0000 ,  0.0000 ,  0.0000 ,
  0.0000 ,  0.0000 ,  0.0000 ,  0.0000 ,  0.0000 ,  0.0000 ,
  0.0000 ,  0.0000 ,  0.0000 ,  0.0000 ,  0.0000 ,  0.0000 ,
  0.0000 ,  0.0000 ,  0.0000 ,  0.0000 ,  0.0000 ,  0.0000 ,
  0.0000 ,  0.0000 ,  0.0000 ,  0.0000 ,  0.0000 ,  0.0000 ,
  0.0000 ,  0.0000 ,  0.0000 ,  0.0000 ,  0.0000 ,  0.0000 ,
  0.0000 ,  0.0000 ,  0.0000 ,  0.0000 ,  0.0000 ,  0.0000 ,
  0.0000 ,  0.0000 ,  0.0000 ,  0.0000 ,  0.0000 ,  0.0000 ,
  0.0000 ,  0.0000 ,  0.0000 ,  0.0000 ,  0.0000 ,  0.0000 ,
  0.0000 ,  0.0000 ,  0.0000 ,  0.0000 ,  0.0000 ,  0.0000 ,
  0.0000 ,  0.0000 ,  0.0000 ,  0.0000 ,  0.0000 ,  0.0000 ,
  0.0000 ,  0.0000 ,  0.0000 ,  0.0000 ,  0.0000 ,  0.0000 ,
  0.0000 ,  0.0000 ,  0.0000 ,  0.0000 ,  0.0000 ,  0.0000 ,
  0.0000 ,  0.0000 ,  0.0000 ,  0.0000 ,  0.0000 ,  0.0000 ,
  0.0000 ,  0.0000 ,  0.0000 ,  0.0000 ,  0.0000 ,  0.0000 ,
  0.0000 ,  0.0000 ,  0.0000 ,  0.0000 ,  0.0000 ,  0.0000 ,
  0.0000 ,  0.0000 ,  0.0000 ,  0.0000 ,  0.0000 ,  0.0000 ,
  0.0000 ,  0.0000 ,  0.0000 ,  0.0000 ,  0.0000 ,  0.0000 ,
  0.0000 ,  0.0000 ,  0.0000 ,  0.0000 ,  0.0000 ,  0.0000 ,
  0.0000 ,  0.0000 ,  0.0000 ,  0.0000 ,  0.0000 ,  0.0000 ,
  0.0000 ,  0.0000 ,  0.0000 ,  0.0000 ,  0.0000 ,  0.0000 ,
  0.0000 ,  0.0000 ,  0.0000 ,  0.0000 ,  0.0000 ,  0.0000 ,
  0.0000 ,  0.0000 ,  0.0000 ,  0.0000 ,  0.0000 ,  0.0000 ,
  0.0000 ,  0.0000 ,  0.0000 ,  0.0000 ,  0.0000 ,  0.0000 ,
  0.0000 ,  0.0000 ,  0.0000 ,  0.0000 ,  0.0000 ,  0.0000 ,
  0.0000 ,  0.0000 ,  0.0000 ,  0.0000 ,  0.0000 ,  0.0000 ,
  0.0000 ,  0.0000 ,  0.0000 ,  0.0000 ,  0.0000 ,  0.0000 ,
  0.0000 ,  0.0000 ,  0.0000 ,  0.0000 ,  0.0000 ,  0.0000 ,
  0.0000 ,  0.0000 ,  0.0000 ,  0.0000 ,  0.0000 ,  0.0000 ,
  0.0000 ,  0.0000 ,  0.0000 ,  0.0000 ,  0.0000 ,  0.0000 ,
  0.0000 ,  0.0000 ,  0.0000 ,  0.0000 ,  0.0000 ,  0.0000 ,
  0.0000 ,  0.0000 ,  0.0000 ,  0.0000 ,  0.0000 ,  0.0000 ,
  0.0000 ,  0.0000 ,  0.0000 ,  0.0000 ,  0.0000 ,  0.0000 ,
  0.0000 ,  0.0000 ,  0.0000 ,  0.0000 ,  0.0000 ,  0.0000 ,
  0.0000 ,  0.0000 ,  0.0000 ,  0.0000 ,  0.0000 ,  0.0000 ,
  0.0000 ,  0.0000 ,  0.0000 ,  0.0000 ,  0.0000 ,  0.0000 ,
  0.0000 ,  0.0000 ,  0.0000 ,  0.0000 ,  0.0000 ,  0.0000 ,
  0.0000 ,  0.0000 ,  0.0000 ,  0.0000 ,  0.0000 ,  0.0000 ,
  0.0000 ,  0.0000 ,  0.0000 ,  0.0000 ,  0.0000 ,  0.0000 ,
  0.0000 ,  0.0000 ,  0.0000 ,  0.0000 ,  0.0000 ,  0.0000 ,
  0.0000 ,  0.0000 ,  0.0000 ,  0.0000 ,  0.0000 ,  0.0000 ,
  0.0000 ,  0.0000 ,  0.0000 ,  0.0000 ,  0.0000 ,  0.0000 ,
  0.0000 ,  0.0000 ,  0.0000 ,  0.0000 ,  0.0000 ,  0.0000 ,
  0.0000 ,  0.0000 ,  0.0000 ,  0.0000 ,  0.0000 ,  0.0000 ,
  0.0000 ,  0.0000 ,  0.0000 ,  0.0000 ,  0.0000 ,  0.0000 ,
  0.0000 ,  0.0000 ,  0.0000 ,  0.0000 ,  0.0000 ,  0.0000 ,
  0.0000 ,  0.0000 ,  0.0000 ,  0.0000 ,  0.0000 ,  0.0000 ,
  0.0000 ,  0.0000 ,  0.0000 ,  0.0000 ,  0.0000 ,  0.0000 ,
  0.0000 ,  0.0000 ,  0.0000 ,  0.0000 ,  0.0000 ,  0.0000 ,
  0.0000 ,  0.0000 ,  0.0000 ,  0.0000 ,  0.0000 ,  0.0000 ,
  0.0000 ,  0.0000 ,  0.0000 ,  0.0000 ,  0.0000 ,  0.0000 ,
  0.0000 ,  0.0000 ,  0.0000 ,  0.0000 ,  0.0000 ,  0.0000 ,
  0.0000 ,  0.0000 ,  0.0000 ,  0.0000 ,  0.0000 ,  0.0000 ,
  0.0000 ,  0.0000 ,  0.0000 ,  0.0000 ,  0.0000 ,  0.0000 ,
  0.0000 ,  0.0000 ,  0.0000 ,  0.0000 ,  0.0000 ,  0.0000 ,
  0.0000 ,  0.0000 ,  0.0000 ,  0.0000 ,  0.0000 ,  0.0000 ,
  0.0000 ,  0.0000 ,  0.0000 ,  0.0000 ,  0.0000 ,  0.0000 ,
  0.0000 ,  0.0000 ,  0.0000 ,  0.0000 ,  0.0000 ,  0.0000 ,
  0.0000 ,  0.0000 ,  0.0000 ,  0.0000 ,  0.0000 ,  0.0000 ,
  0.0000 ,  0.0000 ,  0.0000 ,  0.0000 ,  0.0000 ,  0.0000 ,
  0.0000 ,  0.0000 ,  0.0000 ,  0.0000 ,  0.0000 ,  0.0000 ,
  0.0000 ,  0.0000 ,  0.0000 ,  0.0000 ,  0.0000 ,  0.0000 ,
  0.0000 ,  0.0000 ,  0.0000 ,  0.0000 ,  0.0000 ,  0.0000 ,
  0.0000 ,  0.0000 ,  0.0000 ,  0.0000 ,  0.0000 ,  0.0000 ,
  0.0000 ,  0.0000 ,  0.0000 ,  0.0000 ,  0.0000 ,  0.0000 ,
  0.0000 ,  0.0000 ,  0.0000 ,  0.0000 ,  0.0000 ,  0.0000 ,
  0.0000 ,  0.0000 ,  0.0000 ,  0.0000 ,  0.0000 ,  0.0000 ,
  0.0000 ,  0.0000 ,  0.0000 ,  0.0000 ,  0.0000 ,  0.0000 ,
  0.0000 ,  0.0000 ,  0.0000 ,  0.0000 ,  0.0000 ,  0.0000 ,
  0.0000 ,  0.0000 ,  0.0000 ,  0.0000 ,  0.0000 ,  0.0000 ,
  0.0000 ,  0.0000 ,  0.0000 ,  0.0000 ,  0.0000 ,  0.0000 ,
  0.0000 ,  0.0000 ,  0.0000 ,  0.0000 ,  0.0000 ,  0.0000 ,
  0.0000 ,  0.0000 ,  0.0000 ,  0.0000 ,  0.0000 ,  0.0000 ,
  0.0000 ,  0.0000 ,  0.0000 ,  0.0000 ,  0.0000 ,  0.0000 ,
  0.0000 ,  0.0000 ,  0.0000 ,  0.0000 ,  0.0000 ,  0.0000 ,
  0.0000 ,  0.0000 ,  0.0000 ,  0.0000 ,  0.0000 ,  0.0000 ,
  0.0000 ,  0.0000 ,  0.0000 ,  0.0000 ,  0.0000 ,  0.0000 ,
  0.0000 ,  0.0000 ,  0.0000 ,  0.0000 ,  0.0000 ,  0.0000 ,
  0.0000 ,  0.0000 ,  0.0000 ,  0.0000 ,  0.0000 ,  0.0000 ,
  0.0000 ,  0.0000 ,  0.0000 ,  0.0000 ,  0.0000 ,  0.0000 ,
  0.0000 ,  0.0000 ,  0.0000 ,  0.0000 ,  0.0000 ,  0.0000 ,
  0.0000 ,  0.0000 ,  0.0000 ,  0.0000 ,  0.0000 ,  0.0000 ,
  0.0000 ,  0.0000 ,  0.0000 ,  0.0000 ,  0.0000 ,  0.0000 ,
  0.0000 ,  0.0000 ,  0.0000 ,  0.0000 ,  0.0000 ,  0.0000 ,
  0.0000 ,  0.0000 ,  0.0000 ,  0.0000 ,  0.0000 ,  0.0000 ,
  0.0000 ,  0.0000 ,  0.0000 ,  0.0000 ,  0.0000 ,  0.0000 ,
  0.0000 ,  0.0000 ,  0.0000 ,  0.0000 ,  0.0000 ,  0.0000 ,
  0.0000 ,  0.0000 ,  0.0000 ,  0.0000 ,  0.0000 ,  0.0000 ,
  0.0000 ,  0.0000 ,  0.0000 ,  0.0000 ,  0.0000 ,  0.0000 ,
  0.0000 ,  0.0000 ,  0.0000 ,  0.0000 ,  0.0000 ,  0.0000 ,
  0.0000 ,  0.0000 ,  0.0000 ,  0.0000 ,  0.0000 ,  0.0000 ,
  0.0000 ,  0.0000 ,  0.0000 ,  0.0000 ,  0.0000 ,  0.0000 ,
  0.0000 ,  0.0000 ,  0.0000 ,  0.0000 ,  0.0000 ,  0.0000 ,
  0.0000 ,  0.0000 ,  0.0000 ,  0.0000 ,  0.0000 ,  0.0000 ,
  0.0000 ,  0.0000 ,  0.0000 ,  0.0000 ,  0.0000 ,  0.0000 ,
  0.0000 ,  0.0000 ,  0.0000 ,  0.0000 ,  0.0000 ,  0.0000 ,
  0.0000 ,  0.0000 ,  0.0000 ,  0.0000 ,  0.0000 ,  0.0000 ,
  0.0000 ,  0.0000 ,  0.0000 ,  0.0000 ,  0.0000 ,  0.0000 ,
  0.0000 ,  0.0000 ,  0.0000 ,  0.0000 ,  0.0000 ,  0.0000 ,
  0.0000 ,  0.0000 ,  0.0000 ,  0.0000 ,  0.0000 ,  0.0000 ,
  0.0000 ,  0.0000 ,  0.0000 ,  0.0000 ,  0.0000 ,  0.0000 ,
  0.0000 ,  0.0000 ,  0.0000 ,  0.0000 ,  0.0000 ,  0.0000 ,
  0.0000 ,  0.0000 ,  0.0000 ,  0.0000 ,  0.0000 ,  0.0000 ,
  0.0000 ,  0.0000 ,  0.0000 ,  0.0000 ,  0.0000 ,  0.0000 ,
  0.0000 ,  0.0000 ,  0.0000 ,  0.0000 ,  0.0000 ,  0.0000 ,
  0.0000 ,  0.0000 ,  0.0000 ,  0.0000 ,  0.0000 ,  0.0000 ,
  0.0000 ,  0.0000 ,  0.0000 ,  0.0000 ,  0.0000 ,  0.0000 ,
  0.0000 ,  0.0000 ,  0.0000 ,  0.0000 ,  0.0000 ,  0.0000 ,
  0.0000 ,  0.0000 ,  0.0000 ,  0.0000 ,  0.0000 ,  0.0000 ,
  0.0000 ,  0.0000 ,  0.0000 ,  0.0000 ,  0.0000 ,  0.0000 ,
  0.0000 ,  0.0000 ,  0.0000 ,  0.0000 ,  0.0000 ,  0.0000 ,
  0.0000 ,  0.0000 ,  0.0000 ,  0.0000 ,  0.0000 ,  0.0000 ,
  0.0000 ,  0.0000 ,  0.0000 ,  0.0000 ,  0.0000 ,  0.0000 ,
  0.0000 ,  0.0000 ,  0.0000 ,  0.0000 ,  0.0000 ,  0.0000 ,
  0.0000 ,  0.0000 ,  0.0000 ,  0.0000 ,  0.0000 ,  0.0000 ,
  0.0000 ,  0.0000 ,  0.0000 ,  0.0000 ,  0.0000 ,  0.0000 ,
  0.0000 ,  0.0000 ,  0.0000 ,  0.0000 ,  0.0000 ,  0.0000 ,
  0.0000 ,  0.0000 ,  0.0000 ,  0.0000 ,  0.0000 ,  0.0000 ,
  0.0000 ,  0.0000 ,  0.0000 ,  0.0000 ,  0.0000 ,  0.0000 ,
  0.0000 ,  0.0000 ,  0.0000 ,  0.0000 ,  0.0000 ,  0.0000 ,
  0.0000 ,  0.0000 ,  0.0000 ,  0.0000 ,  0.0000 ,  0.0000 ,
  0.0000 ,  0.0000 ,  0.0000 ,  0.0000 ,  0.0000 ,  0.0000 ,
  0.0000 ,  0.0000 ,  0.0000 ,  0.0000 ,  0.0000 ,  0.0000 ,
  0.0000 ,  0.0000 ,  0.0000 ,  0.0000 ,  0.0000 ,  0.0000 ,
  0.0000 ,  0.0000 ,  0.0000 ,  0.0000 ,  0.0000 ,  0.0000 ,
  0.0000 ,  0.0000 ,  0.0000 ,  0.0000 ,  0.0000 ,  0.0000 ,
  0.0000 ,  0.0000 ,  0.0000 ,  0.0000 ,  0.0000 ,  0.0000 ,
  0.0000 ,  0.0000 ,  0.0000 ,  0.0000 ,  0.0000 ,  0.0000 ,
  0.0000 ,  0.0000 ,  0.0000 ,  0.0000 ,  0.0000 ,  0.0000 ,
  0.0000 ,  0.0000 ,  0.0000 ,  0.0000 ,  0.0000 ,  0.0000 ,
  0.0000 ,  0.0000 ,  0.0000 ,  0.0000 ,  0.0000 ,  0.0000 ,
  0.0000 ,  0.0000 ,  0.0000 ,  0.0000 ,  0.0000 ,  0.0000 ,
  0.0000 ,  0.0000 ,  0.0000 ,  0.0000 ,  0.0000 ,  0.0000 ,
  0.0000 ,  0.0000 ,  0.0000 ,  0.0000 ,  0.0000 ,  0.0000 ,
  0.0000 ,  0.0000 ,  0.0000 ,  0.0000 ,  0.0000 ,  0.0000 ,
  0.0000 ,  0.0000 ,  0.0000 ,  0.0000 ,  0.0000 ,  0.0000 ,
  0.0000 ,  0.0000 ,  0.0000 ,  0.0000 ,  0.0000 ,  0.0000 ,
  0.0000 ,  0.0000 ,  0.0000 ,  0.0000 ,  0.0000 ,  0.0000 ,
  0.0000 ,  0.0000 ,  0.0000 ,  0.0000 ,  0.0000 ,  0.0000 ,
  0.0000 ,  0.0000 ,  0.0000 ,  0.0000 ,  0.0000 ,  0.0000 ,
  0.0000 ,  0.0000 ,  0.0000 ,  0.0000 ,  0.0000 ,  0.0000 ,
  0.0000 ,  0.0000 ,  0.0000 ,  0.0000 ,  0.0000 ,  0.0000 ,
  0.0000 ,  0.0000 ,  0.0000 ,  0.0000 ,  0.0000 ,  0.0000 ,
  0.0000 ,  0.0000 ,  0.0000 ,  0.0000 ,  0.0000 ,  0.0000 ,
  0.0000 ,  0.0000 ,  0.0000 ,  0.0000 ,  0.0000 ,  0.0000 ,
  0.0000 ,  0.0000 ,  0.0000 ,  0.0000 ,  0.0000 ,  0.0000 ,
  0.0000 ,  0.0000 ,  0.0000 ,  0.0000 ,  0.0000 ,  0.0000 ,
  0.0000 ,  0.0000 ,  0.0000 ,  0.0000 ,  0.0000 ,  0.0000 ,
  0.0000 ,  0.0000 ,  0.0000 ,  0.0000 ,  0.0000 ,  0.0000 ,
  0.0000 ,  0.0000 ,  0.0000 ,  0.0000 ,  0.0000 ,  0.0000 ,
  0.0000 ,  0.0000 ,  0.0000 ,  0.0000 ,  0.0000 ,  0.0000 ,
  0.0000 ,  0.0000 ,  0.0000 ,  0.0000 ,  0.0000 ,  0.0000 ,
  0.0000 ,  0.0000 ,  0.0000 ,  0.0000 ,  0.0000 ,  0.0000 ,
  0.0000 ,  0.0000 ,  0.0000 ,  0.0000 ,  0.0000 ,  0.0000 ,
  0.0000 ,  0.0000 ,  0.0000 ,  0.0000 ,  0.0000 ,  0.0000 ,
  0.0000 ,  0.0000 ,  0.0000 ,  0.0000 ,  0.0000 ,  0.0000 ,
  0.0000 ,  0.0000 ,  0.0000 ,  0.0000 ,  0.0000 ,  0.0000 ,
  0.0000 ,  0.0000 ,  0.0000 ,  0.0000 ,  0.0000 ,  0.0000 ,
  0.0000 ,  0.0000 ,  0.0000 ,  0.0000 ,  0.0000 ,  0.0000 ,
  0.0000 ,  0.0000 ,  0.0000 ,  0.0000 ,  0.0000 ,  0.0000 ,
  0.0000 ,  0.0000 ,  0.0000 ,  0.0000 ,  0.0000 ,  0.0000 ,
  0.0000 ,  0.0000 ,  0.0000 ,  0.0000 ,  0.0000 ,  0.0000 ,
  0.0000 ,  0.0000 ,  0.0000 ,  0.0000 ,  0.0000 ,  0.0000 ,
  0.0000 ,  0.0000 ,  0.0000 ,  0.0000 ,  0.0000 ,  0.0000 ,
  0.0000 ,  0.0000 ,  0.0000 ,  0.0000 ,  0.0000 ,  0.0000 ,
  0.0000 ,  0.0000 ,  0.0000 ,  0.0000 ,  0.0000 ,  0.0000 ,
  0.0000 ,  0.0000 ,  0.0000 ,  0.0000 ,  0.0000 ,  0.0000 ,
  0.0000 ,  0.0000 ,  0.0000 ,  0.0000 ,  0.0000 ,  0.0000 ,
  0.0000 ,  0.0000 ,  0.0000 ,  0.0000 ,  0.0000 ,  0.0000 ,
  0.0000 ,  0.0000 ,  0.0000 ,  0.0000 ,  0.0000 ,  0.0000 ,
  0.0000 ,  0.0000 ,  0.0000 ,  0.0000 ,  0.0000 ,  0.0000 ,
  0.0000 ,  0.0000 ,  0.0000 ,  0.0000 ,  0.0000 ,  0.0000 ,
  0.0000 ,  0.0000 ,  0.0000 ,  0.0000 ,  0.0000 ,  0.0000 ,
  0.0000 ,  0.0000 ,  0.0000 ,  0.0000 ,  0.0000 ,  0.0000 ,
  0.0000 ,  0.0000 ,  0.0000 ,  0.0000 ,  0.0000 ,  0.0000 ,
  0.0000 ,  0.0000 ,  0.0000 ,  0.0000 ,  0.0000 ,  0.0000 ,
  0.0000 ,  0.0000 ,  0.0000 ,  0.0000 ,  0.0000 ,  0.0000 ,
  0.0000 ,  0.0000 ,  0.0000 ,  0.0000 ,  0.0000 ,  0.0000 ,
  0.0000 ,  0.0000 ,  0.0000 ,  0.0000 ,  0.0000 ,  0.0000 ,
  0.0000 ,  0.0000 ,  0.0000 ,  0.0000 ,  0.0000 ,  0.0000 ,
  0.0000 ,  0.0000 ,  0.0000 ,  0.0000 ,  0.0000 ,  0.0000 ,
  0.0000 ,  0.0000 ,  0.0000 ,  0.0000 ,  0.0000 ,  0.0000 ,
  0.0000 ,  0.0000 ,  0.0000 ,  0.0000 ,  0.0000 ,  0.0000 ,
  0.0000 ,  0.0000 ,  0.0000 ,  0.0000 ,  0.0000 ,  0.0000 ,
  0.0000 ,  0.0000 ,  0.0000 ,  0.0000 ,  0.0000 ,  0.0000 ,
  0.0000 ,  0.0000 ,  0.0000 ,  0.0000 ,  0.0000 ,  0.0000 ,
  0.0000 ,  0.0000 ,  0.0000 ,  0.0000 ,  0.0000 ,  0.0000 ,
  0.0000 ,  0.0000 ,  0.0000 ,  0.0000 ,  0.0000 ,  0.0000 ,
  0.0000 ,  0.0000 ,  0.0000 ,  0.0000 ,  0.0000 ,  0.0000 ,
  0.0000 ,  0.0000 ,  0.0000 ,  0.0000 ,  0.0000 ,  0.0000 ,
  0.0000 ,  0.0000 ,  0.0000 ,  0.0000 ,  0.0000 ,  0.0000 ,
  0.0000 ,  0.0000 ,  0.0000 ,  0.0000 ,  0.0000 ,  0.0000 ,
  0.0000 ,  0.0000 ,  0.0000 ,  0.0000 ,  0.0000 ,  0.0000 ,
  0.0000 ,  0.0000 ,  0.0000 ,  0.0000 ,  0.0000 ,  0.0000 ,
  0.0000 ,  0.0000 ,  0.0000 ,  0.0000 ,  0.0000 ,  0.0000 ,
  0.0000 ,  0.0000 ,  0.0000 ,  0.0000 ,  0.0000 ,  0.0000 ,
  0.0000 ,  0.0000 ,  0.0000 ,  0.0000 ,  0.0000 ,  0.0000 ,
  0.0000 ,  0.0000 ,  0.0000 ,  0.0000 ,  0.0000 ,  0.0000 ,
  0.0000 ,  0.0000 ,  0.0000 ,  0.0000 ,  0.0000 ,  0.0000 ,
  0.0000 ,  0.0000 ,  0.0000 ,  0.0000 ,  0.0000 ,  0.0000 ,
  0.0000 ,  0.0000 ,  0.0000 ,  0.0000 ,  0.0000 ,  0.0000 ,
  0.0000 ,  0.0000 ,  0.0000 ,  0.0000 ,  0.0000 ,  0.0000 ,
  0.0000 ,  0.0000 ,  0.0000 ,  0.0000 ,  0.0000 ,  0.0000 ,
  0.0000 ,  0.0000 ,  0.0000 ,  0.0000 ,  0.0000 ,  0.0000 ,
  0.0000 ,  0.0000 ,  0.0000 ,  0.0000 ,  0.0000 ,  0.0000 ,
  0.0000 ,  0.0000 ,  0.0000 ,  0.0000 ,  0.0000 ,  0.0000 ,
  0.0000 ,  0.0000 ,  0.0000 ,  0.0000 ,  0.0000 ,  0.0000 ,
  0.0000 ,  0.0000 ,  0.0000 ,  0.0000 ,  0.0000 ,  0.0000 ,
  0.0000 ,  0.0000 ,  0.0000 ,  0.0000 ,  0.0000 ,  0.0000 ,
  0.0000 ,  0.0000 ,  0.0000 ,  0.0000 ,  0.0000 ,  0.0000 ,
  0.0000 ,  0.0000 ,  0.0000 ,  0.0000 ,  0.0000 ,  0.0000 ,
  0.0000 ,  0.0000 ,  0.0000 ,  0.0000 ,  0.0000 ,  0.0000 ,
  0.0000 ,  0.0000 ,  0.0000 ,  0.0000 ,  0.0000 ,  0.0000 ,
  0.0000 ,  0.0000 ,  0.0000 ,  0.0000 ,  0.0000 ,  0.0000 ,
  0.0000 ,  0.0000 ,  0.0000 ,  0.0000 ,  0.0000 ,  0.0000 ,
  0.0000 ,  0.0000 ,  0.0000 ,  0.0000 ,  0.0000 ,  0.0000 ,
  0.0000 ,  0.0000 ,  0.0000 ,  0.0000 ,  0.0000 ,  0.0000 ,
  0.0000 ,  0.0000 ,  0.0000 ,  0.0000 ,  0.0000 ,  0.0000 ,
  0.0000 ,  0.0000 ,  0.0000 ,  0.0000 ,  0.0000 ,  0.0000 ,
  0.0000 ,  0.0000 ,  0.0000 ,  0.0000 ,  0.0000 ,  0.0000 ,
  0.0000 ,  0.0000 ,  0.0000 ,  0.0000 ,  0.0000 ,  0.0000 ,
  0.0000 ,  0.0000 ,  0.0000 ,  0.0000 ,  0.0000 ,  0.0000 ,
  0.0000 ,  0.0000 ,  0.0000 ,  0.0000 ,  0.0000 ,  0.0000 ,
  0.0000 ,  0.0000 ,  0.0000 ,  0.0000 ,  0.0000 ,  0.0000 ,
  0.0000 ,  0.0000 ,  0.0000 ,  0.0000 ,  0.0000 ,  0.0000 ,
  0.0000 ,  0.0000 ,  0.0000 ,  0.0000 ,  0.0000 ,  0.0000 ,
  0.0000 ,  0.0000 ,  0.0000 ,  0.0000 ,  0.0000 ,  0.0000 ,
  0.0000 ,  0.0000 ,  0.0000 ,  0.0000 ,  0.0000 ,  0.0000 ,
  0.0000 ,  0.0000 ,  0.0000 ,  0.0000 ,  0.0000 ,  0.0000 ,
  0.0000 ,  0.0000 ,  0.0000 ,  0.0000 ,  0.0000 ,  0.0000 ,
  0.0000 ,  0.0000 ,  0.0000 ,  0.0000 ,  0.0000 ,  0.0000 ,
  0.0000 ,  0.0000 ,  0.0000 ,  0.0000 ,  0.0000 ,  0.0000 ,
  0.0000 ,  0.0000 ,  0.0000 ,  0.0000 ,  0.0000 ,  0.0000 ,
  0.0000 ,  0.0000 ,  0.0000 ,  0.0000 ,  0.0000 ,  0.0000 ,
  0.0000 ,  0.0000 ,  0.0000 ,  0.0000 ,  0.0000 ,  0.0000 ,
  0.0000 ,  0.0000 ,  0.0000 ,  0.0000 ,  0.0000 ,  0.0000 ,
  0.0000 ,  0.0000 ,  0.0000 ,  0.0000 ,  0.0000 ,  0.0000 ,
  0.0000 ,  0.0000 ,  0.0000 ,  0.0000 ,  0.0000 ,  0.0000 ,
  0.0000 ,  0.0000 ,  0.0000 ,  0.0000 ,  0.0000 ,  0.0000 ,
  0.0000 ,  0.0000 ,  0.0000 ,  0.0000 ,  0.0000 ,  0.0000 ,
  0.0000 ,  0.0000 ,  0.0000 ,  0.0000 ,  0.0000 ,  0.0000 ,
  0.0000 ,  0.0000 ,  0.0000 ,  0.0000 ,  0.0000 ,  0.0000 ,
  0.0000 ,  0.0000 ,  0.0000 ,  0.0000 ,  0.0000 ,  0.0000 ,
  0.0000 ,  0.0000 ,  0.0000 ,  0.0000 ,  0.0000 ,  0.0000 ,
  0.0000 ,  0.0000 ,  0.0000 ,  0.0000 ,  0.0000 ,  0.0000 ,
  0.0000 ,  0.0000 ,  0.0000 ,  0.0000 ,  0.0000 ,  0.0000 ,
  0.0000 ,  0.0000 ,  0.0000 ,  0.0000 ,  0.0000 ,  0.0000 ,
  0.0000 ,  0.0000 ,  0.0000 ,  0.0000 ,  0.0000 ,  0.0000 ,
  0.0000 ,  0.0000 ,  0.0000 ,  0.0000 ,  0.0000 ,  0.0000 ,
  0.0000 ,  0.0000 ,  0.0000 ,  0.0000 ,  0.0000 ,  0.0000 ,
  0.0000 ,  0.0000 ,  0.0000 ,  0.0000 ,  0.0000 ,  0.0000 ,
  0.0000 ,  0.0000 ,  0.0000 ,  0.0000 ,  0.0000 ,  0.0000 ,
  0.0000 ,  0.0000 ,  0.0000 ,  0.0000 ,  0.0000 ,  0.0000 ,
  0.0000 ,  0.0000 ,  0.0000 ,  0.0000 ,  0.0000 ,  0.0000 ,
  0.0000 ,  0.0000 ,  0.0000 ,  0.0000 ,  0.0000 ,  0.0000 ,
  0.0000 ,  0.0000 ,  0.0000 ,  0.0000 ,  0.0000 ,  0.0000 ,
  0.0000 ,  0.0000 ,  0.0000 ,  0.0000 ,  0.0000 ,  0.0000 ,
  0.0000 ,  0.0000 ,  0.0000 ,  0.0000 ,  0.0000 ,  0.0000 ,
  0.0000 ,  0.0000 ,  0.0000 ,  0.0000 ,  0.0000 ,  0.0000 ,
  0.0000 ,  0.0000 ,  0.0000 ,  0.0000 ,  0.0000 ,  0.0000 ,
  0.0000 ,  0.0000 ,  0.0000 ,  0.0000 ,  0.0000 ,  0.0000 ,
  0.0000 ,  0.0000 ,  0.0000 ,  0.0000 ,  0.0000 ,  0.0000 ,
  0.0000 ,  0.0000 ,  0.0000 ,  0.0000 ,  0.0000 ,  0.0000 ,
  0.0000 ,  0.0000 ,  0.0000 ,  0.0000 ,  0.0000 ,  0.0000 ,
  0.0000 ,  0.0000 ,  0.0000 ,  0.0000 ,  0.0000 ,  0.0000 ,
  0.0000 ,  0.0000 ,  0.0000 ,  0.0000 ,  0.0000 ,  0.0000 ,
  0.0000 ,  0.0000 ,  0.0000 ,  0.0000 ,  0.0000 ,  0.0000 ,
  0.0000 ,  0.0000 ,  0.0000 ,  0.0000 ,  0.0000 ,  0.0000 ,
  0.0000 ,  0.0000 ,  0.0000 ,  0.0000 ,  0.0000 ,  0.0000 ,
  0.0000 ,  0.0000 ,  0.0000 ,  0.0000 ,  0.0000 ,  0.0000 ,
  0.0000 ,  0.0000 ,  0.0000 ,  0.0000 ,  0.0000 ,  0.0000 ,
  0.0000 ,  0.0000 ,  0.0000 ,  0.0000 ,  0.0000 ,  0.0000 ,
  0.0000 ,  0.0000 ,  0.0000 ,  0.0000 ,  0.0000 ,  0.0000 ,
  0.0000 ,  0.0000 ,  0.0000 ,  0.0000 ,  0.0000 ,  0.0000 ,
  0.0000 ,  0.0000 ,  0.0000 ,  0.0000 ,  0.0000 ,  0.0000 ,
  0.0000 ,  0.0000 ,  0.0000 ,  0.0000 ,  0.0000 ,  0.0000 ,
  0.0000 ,  0.0000 ,  0.0000 ,  0.0000 ,  0.0000 ,  0.0000 ,
  0.0000 ,  0.0000 ,  0.0000 ,  0.0000 ,  0.0000 ,  0.0000 ,
  0.0000 ,  0.0000 ,  0.0000 ,  0.0000 ,  0.0000 ,  0.0000 ,
  0.0000 ,  0.0000 ,  0.0000 ,  0.0000 ,  0.0000 ,  0.0000 ,
  0.0000 ,  0.0000 ,  0.0000 ,  0.0000 ,  0.0000 ,  0.0000 ,
  0.0000 ,  0.0000 ,  0.0000 ,  0.0000 ,  0.0000 ,  0.0000 ,
  0.0000 ,  0.0000 ,  0.0000 ,  0.0000 ,  0.0000 ,  0.0000 ,
  0.0000 ,  0.0000 ,  0.0000 ,  0.0000 ,  0.0000 ,  0.0000 ,
  0.0000 ,  0.0000 ,  0.0000 ,  0.0000 ,  0.0000 ,  0.0000 ,
  0.0000 ,  0.0000 ,  0.0000 ,  0.0000 ,  0.0000 ,  0.0000 ,
  0.0000 ,  0.0000 ,  0.0000 ,  0.0000 ,  0.0000 ,  0.0000 ,
  0.0000 ,  0.0000 ,  0.0000 ,  0.0000 ,  0.0000 ,  0.0000 ,
  0.0000 ,  0.0000 ,  0.0000 ,  0.0000 ,  0.0000 ,  0.0000 ,
  0.0000 ,  0.0000 ,  0.0000 ,  0.0000 ,  0.0000 ,  0.0000 ,
  0.0000 ,  0.0000 ,  0.0000 ,  0.0000 ,  0.0000 ,  0.0000 ,
  0.0000 ,  0.0000 ,  0.0000 ,  0.0000 ,  0.0000 ,  0.0000 ,
  0.0000 ,  0.0000 ,  0.0000 ,  0.0000 ,  0.0000 ,  0.0000 ,
  0.0000 ,  0.0000 ,  0.0000 ,  0.0000 ,  0.0000 ,  0.0000 ,
  0.0000 ,  0.0000 ,  0.0000 ,  0.0000 ,  0.0000 ,  0.0000 ,
  0.0000 ,  0.0000 ,  0.0000 ,  0.0000 ,  0.0000 ,  0.0000 ,
  0.0000 ,  0.0000 ,  0.0000 ,  0.0000 ,  0.0000 ,  0.0000 ,
  0.0000 ,  0.0000 ,  0.0000 ,  0.0000 ,  0.0000 ,  0.0000 ,
  0.0000 ,  0.0000 ,  0.0000 ,  0.0000 ,  0.0000 ,  0.0000 ,
  0.0000 ,  0.0000 ,  0.0000 ,  0.0000 ,  0.0000 ,  0.0000 ,
  0.0000 ,  0.0000 ,  0.0000 ,  0.0000 ,  0.0000 ,  0.0000 ,
  0.0000 ,  0.0000 ,  0.0000 ,  0.0000 ,  0.0000 ,  0.0000 ,
  0.0000 ,  0.0000 ,  0.0000 ,  0.0000 ,  0.0000 ,  0.0000 ,
  0.0000 ,  0.0000 ,  0.0000 ,  0.0000 ,  0.0000 ,  0.0000 ,
  0.0000 ,  0.0000 ,  0.0000 ,  0.0000 ,  0.0000 ,  0.0000 ,
  0.0000 ,  0.0000 ,  0.0000 ,  0.0000 ,  0.0000 ,  0.0000 ,
  0.0000 ,  0.0000 ,  0.0000 ,  0.0000 ,  0.0000 ,  0.0000 ,
  0.0000 ,  0.0000 ,  0.0000 ,  0.0000 ,  0.0000 ,  0.0000 ,
  0.0000 ,  0.0000 ,  0.0000 ,  0.0000 ,  0.0000 ,  0.0000 ,
  0.0000 ,  0.0000 ,  0.0000 ,  0.0000 ,  0.0000 ,  0.0000 ,
  0.0000 ,  0.0000 ,  0.0000 ,  0.0000 ,  0.0000 ,  0.0000 ,
  0.0000 ,  0.0000 ,  0.0000 ,  0.0000 ,  0.0000 ,  0.0000 ,
  0.0000 ,  0.0000 ,  0.0000 ,  0.0000 ,  0.0000 ,  0.0000 ,
  0.0000 ,  0.0000 ,  0.0000 ,  0.0000 ,  0.0000 ,  0.0000 ,
  0.0000 ,  0.0000 ,  0.0000 ,  0.0000 ,  0.0000 ,  0.0000 ,
  0.0000 ,  0.0000 ,  0.0000 ,  0.0000 ,  0.0000 ,  0.0000 ,
  0.0000 ,  0.0000 ,  0.0000 ,  0.0000 ,  0.0000 ,  0.0000 ,
  0.0000 ,  0.0000 ,  0.0000 ,  0.0000 ,  0.0000 ,  0.0000 ,
  0.0000 ,  0.0000 ,  0.0000 ,  0.0000 ,  0.0000 ,  0.0000 ,
  0.0000 ,  0.0000 ,  0.0000 ,  0.0000 ,  0.0000 ,  0.0000 ,
  0.0000 ,  0.0000 ,  0.0000 ,  0.0000 ,  0.0000 ,  0.0000 ,
  0.0000 ,  0.0000 ,  0.0000 ,  0.0000 ,  0.0000 ,  0.0000 ,
  0.0000 ,  0.0000 ,  0.0000 ,  0.0000 ,  0.0000 ,  0.0000 ,
  0.0000 ,  0.0000 ,  0.0000 ,  0.0000 ,  0.0000 ,  0.0000 ,
  0.0000 ,  0.0000 ,  0.0000 ,  0.0000 ,  0.0000 ,  0.0000 ,
  0.0000 ,  0.0000 ,  0.0000 ,  0.0000 ,  0.0000 ,  0.0000 ,
  0.0000 ,  0.0000 ,  0.0000 ,  0.0000 ,  0.0000 ,  0.0000 ,
  0.0000 ,  0.0000 ,  0.0000 ,  0.0000 ,  0.0000 ,  0.0000 ,
  0.0000 ,  0.0000 ,  0.0000 ,  0.0000 ,  0.0000 ,  0.0000 ,
  0.0000 ,  0.0000 ,  0.0000 ,  0.0000 ,  0.0000 ,  0.0000 ,
  0.0000 ,  0.0000 ,  0.0000 ,  0.0000 ,  0.0000 ,  0.0000 ,
  0.0000 ,  0.0000 ,  0.0000 ,  0.0000 ,  0.0000 ,  0.0000 ,
  0.0000 ,  0.0000 ,  0.0000 ,  0.0000 ,  0.0000 ,  0.0000 ,
  0.0000 ,  0.0000 ,  0.0000 ,  0.0000 ,  0.0000 ,  0.0000 ,
  0.0000 ,  0.0000 ,  0.0000 ,  0.0000 ,  0.0000 ,  0.0000 ,
  0.0000 ,  0.0000 ,  0.0000 ,  0.0000 ,  0.0000 ,  0.0000 ,
  0.0000 ,  0.0000 ,  0.0000 ,  0.0000 ,  0.0000 ,  0.0000 ,
  0.0000 ,  0.0000 ,  0.0000 ,  0.0000 ,  0.0000 ,  0.0000 ,
  0.0000 ,  0.0000 ,  0.0000 ,  0.0000 ,  0.0000 ,  0.0000 ,
  0.0000 ,  0.0000 ,  0.0000 ,  0.0000 ,  0.0000 ,  0.0000 ,
  0.0000 ,  0.0000 ,  0.0000 ,  0.0000 ,  0.0000 ,  0.0000 ,
  0.0000 ,  0.0000 ,  0.0000 ,  0.0000 ,  0.0000 ,  0.0000 ,
  0.0000 ,  0.0000 ,  0.0000 ,  0.0000 ,  0.0000 ,  0.0000 ,
  0.0000 ,  0.0000 ,  0.0000 ,  0.0000 ,  0.0000 ,  0.0000 ,
  0.0000 ,  0.0000 ,  0.0000 ,  0.0000 ,  0.0000 ,  0.0000 ,
  0.0000 ,  0.0000 ,  0.0000 ,  0.0000 ,  0.0000 ,  0.0000 ,
  0.0000 ,  0.0000 ,  0.0000 ,  0.0000 ,  0.0000 ,  0.0000 ,
  0.0000 ,  0.0000 ,  0.0000 ,  0.0000 ,  0.0000 ,  0.0000 ,
  0.0000 ,  0.0000 ,  0.0000 ,  0.0000 ,  0.0000 ,  0.0000 ,
  0.0000 ,  0.0000 ,  0.0000 ,  0.0000 ,  0.0000 ,  0.0000 ,
  0.0000 ,  0.0000 ,  0.0000 ,  0.0000 ,  0.0000 ,  0.0000 ,
  0.0000 ,  0.0000 ,  0.0000 ,  0.0000 ,  0.0000 ,  0.0000 ,
  0.0000 ,  0.0000 ,  0.0000 ,  0.0000 ,  0.0000 ,  0.0000 ,
  0.0000 ,  0.0000 ,  0.0000 ,  0.0000 ,  0.0000 ,  0.0000 ,
  0.0000 ,  0.0000 ,  0.0000 ,  0.0000 ,  0.0000 ,  0.0000 ,
  0.0000 ,  0.0000 ,  0.0000 ,  0.0000 ,  0.0000 ,  0.0000 ,
  0.0000 ,  0.0000 ,  0.0000 ,  0.0000 ,  0.0000 ,  0.0000 ,
  0.0000 ,  0.0000 ,  0.0000 ,  0.0000 ,  0.0000 ,  0.0000 ,
  0.0000 ,  0.0000 ,  0.0000 ,  0.0000 ,  0.0000 ,  0.0000 ,
  0.0000 ,  0.0000 ,  0.0000 ,  0.0000 ,  0.0000 ,  0.0000 ,
  0.0000 ,  0.0000 ,  0.0000 ,  0.0000 ,  0.0000 ,  0.0000 ,
  0.0000 ,  0.0000 ,  0.0000 ,  0.0000 ,  0.0000 ,  0.0000 ,
  0.0000 ,  0.0000 ,  0.0000 ,  0.0000 ,  0.0000 ,  0.0000 ,
  0.0000 ,  0.0000 ,  0.0000 ,  0.0000 ,  0.0000 ,  0.0000 ,
  0.0000 ,  0.0000 ,  0.0000 ,  0.0000 ,  0.0000 ,  0.0000 ,
  0.0000 ,  0.0000 ,  0.0000 ,  0.0000 ,  0.0000 ,  0.0000 ,
  0.0000 ,  0.0000 ,  0.0000 ,  0.0000 ,  0.0000 ,  0.0000 ,
  0.0000 ,  0.0000 ,  0.0000 ,  0.0000 ,  0.0000 ,  0.0000 ,
  0.0000 ,  0.0000 ,  0.0000 ,  0.0000 ,  0.0000 ,  0.0000 ,
  0.0000 ,  0.0000 ,  0.0000 ,  0.0000 ,  0.0000 ,  0.0000 ,
  0.0000 ,  0.0000 ,  0.0000 ,  0.0000 ,  0.0000 ,  0.0000 ,
  0.0000 ,  0.0000 ,  0.0000 ,  0.0000 ,  0.0000 ,  0.0000 ,
  0.0000 ,  0.0000 ,  0.0000 ,  0.0000 ,  0.0000 ,  0.0000 ,
  0.0000 ,  0.0000 ,  0.0000 ,  0.0000 ,  0.0000 ,  0.0000 ,
  0.0000 ,  0.0000 ,  0.0000 ,  0.0000 ,  0.0000 ,  0.0000 ,
  0.0000 ,  0.0000 ,  0.0000 ,  0.0000 ,  0.0000 ,  0.0000 ,
  0.0000 ,  0.0000 ,  0.0000 ,  0.0000 ,  0.0000 ,  0.0000 ,
  0.0000 ,  0.0000 ,  0.0000 ,  0.0000 ,  0.0000 ,  0.0000 ,
  0.0000 ,  0.0000 ,  0.0000 ,  0.0000 ,  0.0000 ,  0.0000 ,
  0.0000 ,  0.0000 ,  0.0000 ,  0.0000 ,  0.0000 ,  0.0000 ,
  0.0000 ,  0.0000 ,  0.0000 ,  0.0000 ,  0.0000 ,  0.0000 ,
  0.0000 ,  0.0000 ,  0.0000 ,  0.0000 ,  0.0000 ,  0.0000 ,
  0.0000 ,  0.0000 ,  0.0000 ,  0.0000 ,  0.0000 ,  0.0000 ,
  0.0000 ,  0.0000 ,  0.0000 ,  0.0000 ,  0.0000 ,  0.0000 ,
  0.0000 ,  0.0000 ,  0.0000 ,  0.0000 ,  0.0000 ,  0.0000 ,
  0.0000 ,  0.0000 ,  0.0000 ,  0.0000 ,  0.0000 ,  0.0000 ,
  0.0000 ,  0.0000 ,  0.0000 ,  0.0000 ,  0.0000 ,  0.0000 ,
  0.0000 ,  0.0000 ,  0.0000 ,  0.0000 ,  0.0000 ,  0.0000 ,
  0.0000 ,  0.0000 ,  0.0000 ,  0.0000 ,  0.0000 ,  0.0000 ,
  0.0000 ,  0.0000 ,  0.0000 ,  0.0000 ,  0.0000 ,  0.0000 ,
  0.0000 ,  0.0000 ,  0.0000 ,  0.0000 ,  0.0000 ,  0.0000 ,
  0.0000 ,  0.0000 ,  0.0000 ,  0.0000 ,  0.0000 ,  0.0000 ,
  0.0000 ,  0.0000 ,  0.0000 ,  0.0000 ,  0.0000 ,  0.0000 ,
  0.0000 ,  0.0000 ,  0.0000 ,  0.0000 ,  0.0000 ,  0.0000 ,
  0.0000 ,  0.0000 ,  0.0000 ,  0.0000 ,  0.0000 ,  0.0000 ,
  0.0000 ,  0.0000 ,  0.0000 ,  0.0000 ,  0.0000 ,  0.0000 ,
  0.0000 ,  0.0000 ,  0.0000 ,  0.0000 ,  0.0000 ,  0.0000 ,
  0.0000 ,  0.0000 ,  0.0000 ,  0.0000 ,  0.0000 ,  0.0000 ,
  0.0000 ,  0.0000 ,  0.0000 ,  0.0000 ,  0.0000 ,  0.0000 ,
  0.0000 ,  0.0000 ,  0.0000 ,  0.0000 ,  0.0000 ,  0.0000 ,
  0.0000 ,  0.0000 ,  0.0000 ,  0.0000 ,  0.0000 ,  0.0000 ,
  0.0000 ,  0.0000 ,  0.0000 ,  0.0000 ,  0.0000 ,  0.0000 ,
  0.0000 ,  0.0000 ,  0.0000 ,  0.0000 ,  0.0000 ,  0.0000 ,
  0.0000 ,  0.0000 ,  0.0000 ,  0.0000 ,  0.0000 ,  0.0000 ,
  0.0000 ,  0.0000 ,  0.0000 ,  0.0000 ,  0.0000 ,  0.0000 ,
  0.0000 ,  0.0000 ,  0.0000 ,  0.0000 ,  0.0000 ,  0.0000 ,
  0.0000 ,  0.0000 ,  0.0000 ,  0.0000 ,  0.0000 ,  0.0000 ,
  0.0000 ,  0.0000 ,  0.0000 ,  0.0000 ,  0.0000 ,  0.0000 ,
  0.0000 ,  0.0000 ,  0.0000 ,  0.0000 ,  0.0000 ,  0.0000 ,
  0.0000 ,  0.0000 ,  0.0000 ,  0.0000 ,  0.0000 ,  0.0000 ,
  0.0000 ,  0.0000 ,  0.0000 ,  0.0000 ,  0.0000 ,  0.0000 ,
  0.0000 ,  0.0000 ,  0.0000 ,  0.0000 ,  0.0000 ,  0.0000 ,
  0.0000 ,  0.0000 ,  0.0000 ,  0.0000 ,  0.0000 ,  0.0000 ,
  0.0000 ,  0.0000 ,  0.0000 ,  0.0000 ,  0.0000 ,  0.0000 ,
  0.0000 ,  0.0000 ,  0.0000 ,  0.0000 ,  0.0000 ,  0.0000 ,
  0.0000 ,  0.0000 ,  0.0000 ,  0.0000 ,  0.0000 ,  0.0000 ,
  0.0000 ,  0.0000 ,  0.0000 ,  0.0000 ,  0.0000 ,  0.0000 ,
  0.0000 ,  0.0000 ,  0.0000 ,  0.0000 ,  0.0000 ,  0.0000 ,
  0.0000 ,  0.0000 ,  0.0000 ,  0.0000 ,  0.0000 ,  0.0000 ,
  0.0000 ,  0.0000 ,  0.0000 ,  0.0000 ,  0.0000 ,  0.0000 ,
  0.0000 ,  0.0000 ,  0.0000 ,  0.0000 ,  0.0000 ,  0.0000 ,
  0.0000 ,  0.0000 ,  0.0000 ,  0.0000 ,  0.0000 ,  0.0000 ,
  0.0000 ,  0.0000 ,  0.0000 ,  0.0000 ,  0.0000 ,  0.0000 ,
  0.0000 ,  0.0000 ,  0.0000 ,  0.0000 ,  0.0000 ,  0.0000 ,
  0.0000 ,  0.0000 ,  0.0000 ,  0.0000 ,  0.0000 ,  0.0000 ,
  0.0000 ,  0.0000 ,  0.0000 ,  0.0000 ,  0.0000 ,  0.0000 ,
  0.0000 ,  0.0000 ,  0.0000 ,  0.0000 ,  0.0000 ,  0.0000 ,
  0.0000 ,  0.0000 ,  0.0000 ,  0.0000 ,  0.0000 ,  0.0000 ,
  0.0000 ,  0.0000 ,  0.0000 ,  0.0000 ,  0.0000 ,  0.0000 ,
  0.0000 ,  0.0000 ,  0.0000 ,  0.0000 ,  0.0000 ,  0.0000 ,
  0.0000 ,  0.0000 ,  0.0000 ,  0.0000 ,  0.0000 ,  0.0000 ,
  0.0000 ,  0.0000 ,  0.0000 ,  0.0000 ,  0.0000 ,  0.0000 ,
  0.0000 ,  0.0000 ,  0.0000 ,  0.0000 ,  0.0000 ,  0.0000 ,
  0.0000 ,  0.0000 ,  0.0000 ,  0.0000 ,  0.0000 ,  0.0000 ,
  0.0000 ,  0.0000 ,  0.0000 ,  0.0000 ,  0.0000 ,  0.0000 ,
  0.0000 ,  0.0000 ,  0.0000 ,  0.0000 ,  0.0000 ,  0.0000 ,
  0.0000 ,  0.0000 ,  0.0000 ,  0.0000 ,  0.0000 ,  0.0000 ,
  0.0000 ,  0.0000 ,  0.0000 ,  0.0000 ,  0.0000 ,  0.0000 ,
  0.0000 ,  0.0000 ,  0.0000 ,  0.0000 ,  0.0000 ,  0.0000 ,
  0.0000 ,  0.0000 ,  0.0000 ,  0.0000 ,  0.0000 ,  0.0000 ,
  0.0000 ,  0.0000 ,  0.0000 ,  0.0000 ,  0.0000 ,  0.0000 ,
  0.0000 ,  0.0000 ,  0.0000 ,  0.0000 ,  0.0000 ,  0.0000 ,
  0.0000 ,  0.0000 ,  0.0000 ,  0.0000 ,  0.0000 ,  0.0000 ,
  0.0000 ,  0.0000 ,  0.0000 ,  0.0000 ,  0.0000 ,  0.0000 ,
  0.0000 ,  0.0000 ,  0.0000 ,  0.0000 ,  0.0000 ,  0.0000 ,
  0.0000 ,  0.0000 ,  0.0000 ,  0.0000 ,  0.0000 ,  0.0000 ,
  0.0000 ,  0.0000 ,  0.0000 ,  0.0000 ,  0.0000 ,  0.0000 ,
  0.0000 ,  0.0000 ,  0.0000 ,  0.0000 ,  0.0000 ,  0.0000 ,
  0.0000 ,  0.0000 ,  0.0000 ,  0.0000 ,  0.0000 ,  0.0000 ,
  0.0000 ,  0.0000 ,  0.0000 ,  0.0000 ,  0.0000 ,  0.0000 ,
  0.0000 ,  0.0000 ,  0.0000 ,  0.0000 ,  0.0000 ,  0.0000 ,
  0.0000 ,  0.0000 ,  0.0000 ,  0.0000 ,  0.0000 ,  0.0000 ,
  0.0000 ,  0.0000 ,  0.0000 ,  0.0000 ,  0.0000 ,  0.0000 ,
  0.0000 ,  0.0000 ,  0.0000 ,  0.0000 ,  0.0000 ,  0.0000 ,
  0.0000 ,  0.0000 ,  0.0000 ,  0.0000 ,  0.0000 ,  0.0000 ,
  0.0000 ,  0.0000 ,  0.0000 ,  0.0000 ,  0.0000 ,  0.0000 ,
  0.0000 ,  0.0000 ,  0.0000 ,  0.0000 ,  0.0000 ,  0.0000 ,
  0.0000 ,  0.0000 ,  0.0000 ,  0.0000 ,  0.0000 ,  0.0000 ,
  0.0000 ,  0.0000 ,  0.0000 ,  0.0000 ,  0.0000 ,  0.0000 ,
  0.0000 ,  0.0000 ,  0.0000 ,  0.0000 ,  0.0000 ,  0.0000 ,
  0.0000 ,  0.0000 ,  0.0000 ,  0.0000 ,  0.0000 ,  0.0000 ,
  0.0000 ,  0.0000 ,  0.0000 ,  0.0000 ,  0.0000 ,  0.0000 ,
  0.0000 ,  0.0000 ,  0.0000 ,  0.0000 ,  0.0000 ,  0.0000 ,
  0.0000 ,  0.0000 ,  0.0000 ,  0.0000 ,  0.0000 ,  0.0000 ,
  0.0000 ,  0.0000 ,  0.0000 ,  0.0000 ,  0.0000 ,  0.0000 ,
  0.0000 ,  0.0000 ,  0.0000 ,  0.0000 ,  0.0000 ,  0.0000 ,
  0.0000 ,  0.0000 ,  0.0000 ,  0.0000 ,  0.0000 ,  0.0000 ,
  0.0000 ,  0.0000 ,  0.0000 ,  0.0000 ,  0.0000 ,  0.0000 ,
  0.0000 ,  0.0000 ,  0.0000 ,  0.0000 ,  0.0000 ,  0.0000 ,
  0.0000 ,  0.0000 ,  0.0000 ,  0.0000 ,  0.0000 ,  0.0000 ,
  0.0000 ,  0.0000 ,  0.0000 ,  0.0000 ,  0.0000 ,  0.0000 ,
  0.0000 ,  0.0000 ,  0.0000 ,  0.0000 ,  0.0000 ,  0.0000 ,
  0.0000 ,  0.0000 ,  0.0000 ,  0.0000 ,  0.0000 ,  0.0000 ,
  0.0000 ,  0.0000 ,  0.0000 ,  0.0000 ,  0.0000 ,  0.0000 ,
  0.0000 ,  0.0000 ,  0.0000 ,  0.0000 ,  0.0000 ,  0.0000 ,
  0.0000 ,  0.0000 ,  0.0000 ,  0.0000 ,  0.0000 ,  0.0000 ,
  0.0000 ,  0.0000 ,  0.0000 ,  0.0000 ,  0.0000 ,  0.0000 ,
  0.0000 ,  0.0000 ,  0.0000 ,  0.0000 ,  0.0000 ,  0.0000 ,
  0.0000 ,  0.0000 ,  0.0000 ,  0.0000 ,  0.0000 ,  0.0000 ,
  0.0000 ,  0.0000 ,  0.0000 ,  0.0000 ,  0.0000 ,  0.0000 ,
  0.0000 ,  0.0000 ,  0.0000 ,  0.0000 ,  0.0000 ,  0.0000 ,
  0.0000 ,  0.0000 ,  0.0000 ,  0.0000 ,  0.0000 ,  0.0000 ,
  0.0000 ,  0.0000 ,  0.0000 ,  0.0000 ,  0.0000 ,  0.0000 ,
  0.0000 ,  0.0000 ,  0.0000 ,  0.0000 ,  0.0000 ,  0.0000 ,
  0.0000 ,  0.0000 ,  0.0000 ,  0.0000 ,  0.0000 ,  0.0000 ,
  0.0000 ,  0.0000 ,  0.0000 ,  0.0000 ,  0.0000 ,  0.0000 ,
  0.0000 ,  0.0000 ,  0.0000 ,  0.0000 ,  0.0000 ,  0.0000 ,
  0.0000 ,  0.0000 ,  0.0000 ,  0.0000 ,  0.0000 ,  0.0000 ,
  0.0000 ,  0.0000 ,  0.0000 ,  0.0000 ,  0.0000 ,  0.0000 ,
  0.0000 ,  0.0000 ,  0.0000 ,  0.0000 ,  0.0000 ,  0.0000 ,
  0.0000 ,  0.0000 ,  0.0000 ,  0.0000 ,  0.0000 ,  0.0000 ,
  0.0000 ,  0.0000 ,  0.0000 ,  0.0000 ,  0.0000 ,  0.0000 ,
  0.0000 ,  0.0000 ,  0.0000 ,  0.0000 ,  0.0000 ,  0.0000 ,
  0.0000 ,  0.0000 ,  0.0000 ,  0.0000 ,  0.0000 ,  0.0000 ,
  0.0000 ,  0.0000 ,  0.0000 ,  0.0000 ,  0.0000 ,  0.0000 ,
  0.0000 ,  0.0000 ,  0.0000 ,  0.0000 ,  0.0000 ,  0.0000 ,
  0.0000 ,  0.0000 ,  0.0000 ,  0.0000 ,  0.0000 ,  0.0000 ,
  0.0000 ,  0.0000 ,  0.0000 ,  0.0000 ,  0.0000 ,  0.0000 ,
  0.0000 ,  0.0000 ,  0.0000 ,  0.0000 ,  0.0000 ,  0.0000 ,
  0.0000 ,  0.0000 ,  0.0000 ,  0.0000 ,  0.0000 ,  0.0000 ,
  0.0000 ,  0.0000 ,  0.0000 ,  0.0000 ,  0.0000 ,  0.0000 ,
  0.0000 ,  0.0000 ,  0.0000 ,  0.0000 ,  0.0000 ,  0.0000 ,
  0.0000 ,  0.0000 ,  0.0000 ,  0.0000 ,  0.0000 ,  0.0000 ,
  0.0000 ,  0.0000 ,  0.0000 ,  0.0000 ,  0.0000 ,  0.0000 ,
  0.0000 ,  0.0000 ,  0.0000 ,  0.0000 ,  0.0000 ,  0.0000 ,
  0.0000 ,  0.0000 ,  0.0000 ,  0.0000 ,  0.0000 ,  0.0000 ,
  0.0000 ,  0.0000 ,  0.0000 ,  0.0000 ,  0.0000 ,  0.0000 ,
  0.0000 ,  0.0000 ,  0.0000 ,  0.0000 ,  0.0000 ,  0.0000 ,
  0.0000 ,  0.0000 ,  0.0000 ,  0.0000 ,  0.0000 ,  0.0000 ,
  0.0000 ,  0.0000 ,  0.0000 ,  0.0000 ,  0.0000 ,  0.0000 ,
  0.0000 ,  0.0000 ,  0.0000 ,  0.0000 ,  0.0000 ,  0.0000 ,
  0.0000 ,  0.0000 ,  0.0000 ,  0.0000 ,  0.0000 ,  0.0000 ,
  0.0000 ,  0.0000 ,  0.0000 ,  0.0000 ,  0.0000 ,  0.0000 ,
  0.0000 ,  0.0000 ,  0.0000 ,  0.0000 ,  0.0000 ,  0.0000 ,
  0.0000 ,  0.0000 ,  0.0000 ,  0.0000 ,  0.0000 ,  0.0000 ,
  0.0000 ,  0.0000 ,  0.0000 ,  0.0000 ,  0.0000 ,  0.0000 ,
  0.0000 ,  0.0000 ,  0.0000 ,  0.0000 ,  0.0000 ,  0.0000 ,
  0.0000 ,  0.0000 ,  0.0000 ,  0.0000 ,  0.0000 ,  0.0000 ,
  0.0000 ,  0.0000 ,  0.0000 ,  0.0000 ,  0.0000 ,  0.0000 ,
  0.0000 ,  0.0000 ,  0.0000 ,  0.0000 ,  0.0000 ,  0.0000 ,
  0.0000 ,  0.0000 ,  0.0000 ,  0.0000 ,  0.0000 ,  0.0000 ,
  0.0000 ,  0.0000 ,  0.0000 ,  0.0000 ,  0.0000 ,  0.0000 ,
  0.0000 ,  0.0000 ,  0.0000 ,  0.0000 ,  0.0000 ,  0.0000 ,
  0.0000 ,  0.0000 ,  0.0000 ,  0.0000 ,  0.0000 ,  0.0000 ,
  0.0000 ,  0.0000 ,  0.0000 ,  0.0000 ,  0.0000 ,  0.0000 ,
  0.0000 ,  0.0000 ,  0.0000 ,  0.0000 ,  0.0000 ,  0.0000 ,
  0.0000 ,  0.0000 ,  0.0000 ,  0.0000 ,  0.0000 ,  0.0000 ,
  0.0000 ,  0.0000 ,  0.0000 ,  0.0000 ,  0.0000 ,  0.0000 ,
  0.0000 ,  0.0000 ,  0.0000 ,  0.0000 ,  0.0000 ,  0.0000 ,
  0.0000 ,  0.0000 ,  0.0000 ,  0.0000 ,  0.0000 ,  0.0000 ,
  0.0000 ,  0.0000 ,  0.0000 ,  0.0000 ,  0.0000 ,  0.0000 ,
  0.0000 ,  0.0000 ,  0.0000 ,  0.0000 ,  0.0000 ,  0.0000 ,
  0.0000 ,  0.0000 ,  0.0000 ,  0.0000 ,  0.0000 ,  0.0000 ,
  0.0000 ,  0.0000 ,  0.0000 ,  0.0000 ,  0.0000 ,  0.0000 ,
  0.0000 ,  0.0000 ,  0.0000 ,  0.0000 ,  0.0000 ,  0.0000 ,
  0.0000 ,  0.0000 ,  0.0000 ,  0.0000 ,  0.0000 ,  0.0000 ,
  0.0000 ,  0.0000 ,  0.0000 ,  0.0000 ,  0.0000 ,  0.0000 ,
  0.0000 ,  0.0000 ,  0.0000 ,  0.0000 ,  0.0000 ,  0.0000 ,
  0.0000 ,  0.0000 ,  0.0000 ,  0.0000 ,  0.0000 ,  0.0000 ,
  0.0000 ,  0.0000 ,  0.0000 ,  0.0000 ,  0.0000 ,  0.0000 ,
  0.0000 ,  0.0000 ,  0.0000 ,  0.0000 ,  0.0000 ,  0.0000 ,
  0.0000 ,  0.0000 ,  0.0000 ,  0.0000 ,  0.0000 ,  0.0000 ,
  0.0000 ,  0.0000 ,  0.0000 ,  0.0000 ,  0.0000 ,  0.0000 ,
  0.0000 ,  0.0000 ,  0.0000 ,  0.0000 ,  0.0000 ,  0.0000 ,
  0.0000 ,  0.0000 ,  0.0000 ,  0.0000 ,  0.0000 ,  0.0000 ,
  0.0000 ,  0.0000 ,  0.0000 ,  0.0000 ,  0.0000 ,  0.0000 ,
  0.0000 ,  0.0000 ,  0.0000 ,  0.0000 ,  0.0000 ,  0.0000 ,
  0.0000 ,  0.0000 ,  0.0000 ,  0.0000 ,  0.0000 ,  0.0000 ,
  0.0000 ,  0.0000 ,  0.0000 ,  0.0000 ,  0.0000 ,  0.0000 ,
  0.0000 ,  0.0000 ,  0.0000 ,  0.0000 ,  0.0000 ,  0.0000 ,
  0.0000 ,  0.0000 ,  0.0000 ,  0.0000 ,  0.0000 ,  0.0000 ,
  0.0000 ,  0.0000 ,  0.0000 ,  0.0000 ,  0.0000 ,  0.0000 ,
  0.0000 ,  0.0000 ,  0.0000 ,  0.0000 ,  0.0000 ,  0.0000 ,
  0.0000 ,  0.0000 ,  0.0000 ,  0.0000 ,  0.0000 ,  0.0000 ,
  0.0000 ,  0.0000 ,  0.0000 ,  0.0000 ,  0.0000 ,  0.0000 ,
  0.0000 ,  0.0000 ,  0.0000 ,  0.0000 ,  0.0000 ,  0.0000 ,
  0.0000 ,  0.0000 ,  0.0000 ,  0.0000 ,  0.0000 ,  0.0000 ,
  0.0000 ,  0.0000 ,  0.0000 ,  0.0000 ,  0.0000 ,  0.0000 ,
  0.0000 ,  0.0000 ,  0.0000 ,  0.0000 ,  0.0000 ,  0.0000 ,
  0.0000 ,  0.0000 ,  0.0000 ,  0.0000 ,  0.0000 ,  0.0000 ,
  0.0000 ,  0.0000 ,  0.0000 ,  0.0000 ,  0.0000 ,  0.0000 ,
  0.0000 ,  0.0000 ,  0.0000 ,  0.0000 ,  0.0000 ,  0.0000 ,
  0.0000 ,  0.0000 ,  0.0000 ,  0.0000 ,  0.0000 ,  0.0000 ,
  0.0000 ,  0.0000 ,  0.0000 ,  0.0000 ,  0.0000 ,  0.0000 ,
  0.0000 ,  0.0000 ,  0.0000 ,  0.0000 ,  0.0000 ,  0.0000 ,
  0.0000 ,  0.0000 ,  0.0000 ,  0.0000 ,  0.0000 ,  0.0000 ,
  0.0000 ,  0.0000 ,  0.0000 ,  0.0000 ,  0.0000 ,  0.0000 ,
  0.0000 ,  0.0000 ,  0.0000 ,  0.0000 ,  0.0000 ,  0.0000 ,
  0.0000 ,  0.0000 ,  0.0000 ,  0.0000 ,  0.0000 ,  0.0000 ,
  0.0000 ,  0.0000 ,  0.0000 ,  0.0000 ,  0.0000 ,  0.0000 ,
  0.0000 ,  0.0000 ,  0.0000 ,  0.0000 ,  0.0000 ,  0.0000 ,
  0.0000 ,  0.0000 ,  0.0000 ,  0.0000 ,  0.0000 ,  0.0000 ,
  0.0000 ,  0.0000 ,  0.0000 ,  0.0000 ,  0.0000 ,  0.0000 ,
  0.0000 ,  0.0000 ,  0.0000 ,  0.0000 ,  0.0000 ,  0.0000 ,
  0.0000 ,  0.0000 ,  0.0000 ,  0.0000 ,  0.0000 ,  0.0000 ,
  0.0000 ,  0.0000 ,  0.0000 ,  0.0000 ,  0.0000 ,  0.0000 ,
  0.0000 ,  0.0000 ,  0.0000 ,  0.0000 ,  0.0000 ,  0.0000 ,
  0.0000 ,  0.0000 ,  0.0000 ,  0.0000 ,  0.0000 ,  0.0000 ,
  0.0000 ,  0.0000 ,  0.0000 ,  0.0000 ,  0.0000 ,  0.0000 ,
  0.0000 ,  0.0000 ,  0.0000 ,  0.0000 ,  0.0000 ,  0.0000 ,
  0.0000 ,  0.0000 ,  0.0000 ,  0.0000 ,  0.0000 ,  0.0000 ,
  0.0000 ,  0.0000 ,  0.0000 ,  0.0000 ,  0.0000 ,  0.0000 ,
  0.0000 ,  0.0000 ,  0.0000 ,  0.0000 ,  0.0000 ,  0.0000 ,
  0.0000 ,  0.0000 ,  0.0000 ,  0.0000 ,  0.0000 ,  0.0000 ,
  0.0000 ,  0.0000 ,  0.0000 ,  0.0000 ,  0.0000 ,  0.0000 ,
  0.0000 ,  0.0000 ,  0.0000 ,  0.0000 ,  0.0000 ,  0.0000 ,
  0.0000 ,  0.0000 ,  0.0000 ,  0.0000 ,  0.0000 ,  0.0000 ,
  0.0000 ,  0.0000 ,  0.0000 ,  0.0000 ,  0.0000 ,  0.0000 ,
  0.0000 ,  0.0000 ,  0.0000 ,  0.0000 ,  0.0000 ,  0.0000 ,
  0.0000 ,  0.0000 ,  0.0000 ,  0.0000 ,  0.0000 ,  0.0000 ,
  0.0000 ,  0.0000 ,  0.0000 ,  0.0000 ,  0.0000 ,  0.0000 ,
  0.0000 ,  0.0000 ,  0.0000 ,  0.0000 ,  0.0000 ,  0.0000 ,
  0.0000 ,  0.0000 ,  0.0000 ,  0.0000 ,  0.0000 ,  0.0000 ,
  0.0000 ,  0.0000 ,  0.0000 ,  0.0000 ,  0.0000 ,  0.0000 ,
  0.0000 ,  0.0000 ,  0.0000 ,  0.0000 ,  0.0000 ,  0.0000 ,
  0.0000 ,  0.0000 ,  0.0000 ,  0.0000 ,  0.0000 ,  0.0000 ,
  0.0000 ,  0.0000 ,  0.0000 ,  0.0000 ,  0.0000 ,  0.0000 ,
  0.0000 ,  0.0000 ,  0.0000 ,  0.0000 ,  0.0000 ,  0.0000 ,
  0.0000 ,  0.0000 ,  0.0000 ,  0.0000 ,  0.0000 ,  0.0000 ,
  0.0000 ,  0.0000 ,  0.0000 ,  0.0000 ,  0.0000 ,  0.0000 ,
  0.0000 ,  0.0000 ,  0.0000 ,  0.0000 ,  0.0000 ,  0.0000 ,
  0.0000 ,  0.0000 ,  0.0000 ,  0.0000 ,  0.0000 ,  0.0000 ,
  0.0000 ,  0.0000 ,  0.0000 ,  0.0000 ,  0.0000 ,  0.0000 ,
  0.0000 ,  0.0000 ,  0.0000 ,  0.0000 ,  0.0000 ,  0.0000 ,
  0.0000 ,  0.0000 ,  0.0000 ,  0.0000 ,  0.0000 ,  0.0000 ,
  0.0000 ,  0.0000 ,  0.0000 ,  0.0000 ,  0.0000 ,  0.0000 ,
  0.0000 ,  0.0000 ,  0.0000 ,  0.0000 ,  0.0000 ,  0.0000 ,
  0.0000 ,  0.0000 ,  0.0000 ,  0.0000 ,  0.0000 ,  0.0000 ,
  0.0000 ,  0.0000 ,  0.0000 ,  0.0000 ,  0.0000 ,  0.0000 ,
  0.0000 ,  0.0000 ,  0.0000 ,  0.0000 ,  0.0000 ,  0.0000 ,
  0.0000 ,  0.0000 ,  0.0000 ,  0.0000 ,  0.0000 ,  0.0000 ,
  0.0000 ,  0.0000 ,  0.0000 ,  0.0000 ,  0.0000 ,  0.0000 ,
  0.0000 ,  0.0000 ,  0.0000 ,  0.0000 ,  0.0000 ,  0.0000 ,
  0.0000 ,  0.0000 ,  0.0000 ,  0.0000 ,  0.0000 ,  0.0000 ,
  0.0000 ,  0.0000 ,  0.0000 ,  0.0000 ,  0.0000 ,  0.0000 ,
  0.0000 ,  0.0000 ,  0.0000 ,  0.0000 ,  0.0000 ,  0.0000 ,
  0.0000 ,  0.0000 ,  0.0000 ,  0.0000 ,  0.0000 ,  0.0000 ,
  0.0000 ,  0.0000 ,  0.0000 ,  0.0000 ,  0.0000 ,  0.0000 ,
  0.0000 ,  0.0000 ,  0.0000 ,  0.0000 ,  0.0000 ,  0.0000 ,
  0.0000 ,  0.0000 ,  0.0000 ,  0.0000 ,  0.0000 ,  0.0000 ,
  0.0000 ,  0.0000 ,  0.0000 ,  0.0000 ,  0.0000 ,  0.0000 ,
  0.0000 ,  0.0000 ,  0.0000 ,  0.0000 ,  0.0000 ,  0.0000 ,
  0.0000 ,  0.0000 ,  0.0000 ,  0.0000 ,  0.0000 ,  0.0000 ,
  0.0000 ,  0.0000 ,  0.0000 ,  0.0000 ,  0.0000 ,  0.0000 ,
  0.0000 ,  0.0000 ,  0.0000 ,  0.0000 ,  0.0000 ,  0.0000 ,
  0.0000 ,  0.0000 ,  0.0000 ,  0.0000 ,  0.0000 ,  0.0000 ,
  0.0000 ,  0.0000 ,  0.0000 ,  0.0000 ,  0.0000 ,  0.0000 ,
  0.0000 ,  0.0000 ,  0.0000 ,  0.0000 ,  0.0000 ,  0.0000 ,
  0.0000 ,  0.0000 ,  0.0000 ,  0.0000 ,  0.0000 ,  0.0000 ,
  0.0000 ,  0.0000 ,  0.0000 ,  0.0000 ,  0.0000 ,  0.0000 ,
  0.0000 ,  0.0000 ,  0.0000 ,  0.0000 ,  0.0000 ,  0.0000 ,
  0.0000 ,  0.0000 ,  0.0000 ,  0.0000 ,  0.0000 ,  0.0000 ,
  0.0000 ,  0.0000 ,  0.0000 ,  0.0000 ,  0.0000 ,  0.0000 ,
  0.0000 ,  0.0000 ,  0.0000 ,  0.0000 ,  0.0000 ,  0.0000 ,
  0.0000 ,  0.0000 ,  0.0000 ,  0.0000 ,  0.0000 ,  0.0000 ,
  0.0000 ,  0.0000 ,  0.0000 ,  0.0000 ,  0.0000 ,  0.0000 ,
  0.0000 ,  0.0000 ,  0.0000 ,  0.0000 ,  0.0000 ,  0.0000 ,
  0.0000 ,  0.0000 ,  0.0000 ,  0.0000 ,  0.0000 ,  0.0000 ,
  0.0000 ,  0.0000 ,  0.0000 ,  0.0000 ,  0.0000 ,  0.0000 ,
  0.0000 ,  0.0000 ,  0.0000 ,  0.0000 ,  0.0000 ,  0.0000 ,
  0.0000 ,  0.0000 ,  0.0000 ,  0.0000 ,  0.0000 ,  0.0000 ,
  0.0000 ,  0.0000 ,  0.0000 ,  0.0000 ,  0.0000 ,  0.0000 ,
  0.0000 ,  0.0000 ,  0.0000 ,  0.0000 ,  0.0000 ,  0.0000 ,
  0.0000 ,  0.0000 ,  0.0000 ,  0.0000 ,  0.0000 ,  0.0000 ,
  0.0000 ,  0.0000 ,  0.0000 ,  0.0000 ,  0.0000 ,  0.0000 ,
  0.0000 ,  0.0000 ,  0.0000 ,  0.0000 ,  0.0000 ,  0.0000 ,
  0.0000 ,  0.0000 ,  0.0000 ,  0.0000 ,  0.0000 ,  0.0000 ,
  0.0000 ,  0.0000 ,  0.0000 ,  0.0000 ,  0.0000 ,  0.0000 ,
  0.0000 ,  0.0000 ,  0.0000 ,  0.0000 ,  0.0000 ,  0.0000 ,
  0.0000 ,  0.0000 ,  0.0000 ,  0.0000 ,  0.0000 ,  0.0000 ,
  0.0000 ,  0.0000 ,  0.0000 ,  0.0000 ,  0.0000 ,  0.0000 ,
  0.0000 ,  0.0000 ,  0.0000 ,  0.0000 ,  0.0000 ,  0.0000 ,
  0.0000 ,  0.0000 ,  0.0000 ,  0.0000 ,  0.0000 ,  0.0000 ,
  0.0000 ,  0.0000 ,  0.0000 ,  0.0000 ,  0.0000 ,  0.0000 ,
  0.0000 ,  0.0000 ,  0.0000 ,  0.0000 ,  0.0000 ,  0.0000 ,
  0.0000 ,  0.0000 ,  0.0000 ,  0.0000 ,  0.0000 ,  0.0000 ,
  0.0000 ,  0.0000 ,  0.0000 ,  0.0000 ,  0.0000 ,  0.0000 ,
  0.0000 ,  0.0000 ,  0.0000 ,  0.0000 ,  0.0000 ,  0.0000 ,
  0.0000 ,  0.0000 ,  0.0000 ,  0.0000 ,  0.0000 ,  0.0000 ,
  0.0000 ,  0.0000 ,  0.0000 ,  0.0000 ,  0.0000 ,  0.0000 ,
  0.0000 ,  0.0000 ,  0.0000 ,  0.0000 ,  0.0000 ,  0.0000 ,
  0.0000 ,  0.0000 ,  0.0000 ,  0.0000 ,  0.0000 ,  0.0000 ,
  0.0000 ,  0.0000 ,  0.0000 ,  0.0000 ,  0.0000 ,  0.0000 ,
  0.0000 ,  0.0000 ,  0.0000 ,  0.0000 ,  0.0000 ,  0.0000 ,
  0.0000 ,  0.0000 ,  0.0000 ,  0.0000 ,  0.0000 ,  0.0000 ,
  0.0000 ,  0.0000 ,  0.0000 ,  0.0000 ,  0.0000 ,  0.0000 ,
  0.0000 ,  0.0000 ,  0.0000 ,  0.0000 ,  0.0000 ,  0.0000 ,
  0.0000 ,  0.0000 ,  0.0000 ,  0.0000 ,  0.0000 ,  0.0000 ,
  0.0000 ,  0.0000 ,  0.0000 ,  0.0000 ,  0.0000 ,  0.0000 ,
  0.0000 ,  0.0000 ,  0.0000 ,  0.0000 ,  0.0000 ,  0.0000 ,
  0.0000 ,  0.0000 ,  0.0000 ,  0.0000 ,  0.0000 ,  0.0000 ,
  0.0000 ,  0.0000 ,  0.0000 ,  0.0000 ,  0.0000 ,  0.0000 ,
  0.0000 ,  0.0000 ,  0.0000 ,  0.0000 ,  0.0000 ,  0.0000 ,
  0.0000 ,  0.0000 ,  0.0000 ,  0.0000 ,  0.0000 ,  0.0000 ,
  0.0000 ,  0.0000 ,  0.0000 ,  0.0000 ,  0.0000 ,  0.0000 ,
  0.0000 ,  0.0000 ,  0.0000 ,  0.0000 ,  0.0000 ,  0.0000 ,
  0.0000 ,  0.0000 ,  0.0000 ,  0.0000 ,  0.0000 ,  0.0000 ,
  0.0000 ,  0.0000 ,  0.0000 ,  0.0000 ,  0.0000 ,  0.0000 ,
  0.0000 ,  0.0000 ,  0.0000 ,  0.0000 ,  0.0000 ,  0.0000 ,
  0.0000 ,  0.0000 ,  0.0000 ,  0.0000 ,  0.0000 ,  0.0000 ,
  0.0000 ,  0.0000 ,  0.0000 ,  0.0000 ,  0.0000 ,  0.0000 ,
  0.0000 ,  0.0000 ,  0.0000 ,  0.0000 ,  0.0000 ,  0.0000 ,
  0.0000 ,  0.0000 ,  0.0000 ,  0.0000 ,  0.0000 ,  0.0000 ,
  0.0000 ,  0.0000 ,  0.0000 ,  0.0000 ,  0.0000 ,  0.0000 ,
  0.0000 ,  0.0000 ,  0.0000 ,  0.0000 ,  0.0000 ,  0.0000 ,
  0.0000 ,  0.0000 ,  0.0000 ,  0.0000 ,  0.0000 ,  0.0000 ,
  0.0000 ,  0.0000 ,  0.0000 ,  0.0000 ,  0.0000 ,  0.0000 ,
  0.0000 ,  0.0000 ,  0.0000 ,  0.0000 ,  0.0000 ,  0.0000 ,
  0.0000 ,  0.0000 ,  0.0000 ,  0.0000 ,  0.0000 ,  0.0000 ,
  0.0000 ,  0.0000 ,  0.0000 ,  0.0000 ,  0.0000 ,  0.0000 ,
  0.0000 ,  0.0000 ,  0.0000 ,  0.0000 ,  0.0000 ,  0.0000 ,
  0.0000 ,  0.0000 ,  0.0000 ,  0.0000 ,  0.0000 ,  0.0000 ,
  0.0000 ,  0.0000 ,  0.0000 ,  0.0000 ,  0.0000 ,  0.0000 ,
  0.0000 ,  0.0000 ,  0.0000 ,  0.0000 ,  0.0000 ,  0.0000 ,
  0.0000 ,  0.0000 ,  0.0000 ,  0.0000 ,  0.0000 ,  0.0000 ,
  0.0000 ,  0.0000 ,  0.0000 ,  0.0000 ,  0.0000 ,  0.0000 ,
  0.0000 ,  0.0000 ,  0.0000 ,  0.0000 ,  0.0000 ,  0.0000 ,
  0.0000 ,  0.0000 ,  0.0000 ,  0.0000 ,  0.0000 ,  0.0000 ,
  0.0000 ,  0.0000 ,  0.0000 ,  0.0000 ,  0.0000 ,  0.0000 ,
  0.0000 ,  0.0000 ,  0.0000 ,  0.0000 ,  0.0000 ,  0.0000 ,
  0.0000 ,  0.0000 ,  0.0000 ,  0.0000 ,  0.0000 ,  0.0000 ,
  0.0000 ,  0.0000 ,  0.0000 ,  0.0000 ,  0.0000 ,  0.0000 ,
  0.0000 ,  0.0000 ,  0.0000 ,  0.0000 ,  0.0000 ,  0.0000 ,
  0.0000 ,  0.0000 ,  0.0000 ,  0.0000 ,  0.0000 ,  0.0000 ,
  0.0000 ,  0.0000 ,  0.0000 ,  0.0000 ,  0.0000 ,  0.0000 ,
  0.0000 ,  0.0000 ,  0.0000 ,  0.0000 ,  0.0000 ,  0.0000 ,
  0.0000 ,  0.0000 ,  0.0000 ,  0.0000 ,  0.0000 ,  0.0000 ,
  0.0000 ,  0.0000 ,  0.0000 ,  0.0000 ,  0.0000 ,  0.0000 ,
  0.0000 ,  0.0000 ,  0.0000 ,  0.0000 ,  0.0000 ,  0.0000 ,
  0.0000 ,  0.0000 ,  0.0000 ,  0.0000 ,  0.0000 ,  0.0000 ,
  0.0000 ,  0.0000 ,  0.0000 ,  0.0000 ,  0.0000 ,  0.0000 ,
  0.0000 ,  0.0000 ,  0.0000 ,  0.0000 ,  0.0000 ,  0.0000 ,
  0.0000 ,  0.0000 ,  0.0000 ,  0.0000 ,  0.0000 ,  0.0000 ,
  0.0000 ,  0.0000 ,  0.0000 ,  0.0000 ,  0.0000 ,  0.0000 ,
  0.0000 ,  0.0000 ,  0.0000 ,  0.0000 ,  0.0000 ,  0.0000 ,
  0.0000 ,  0.0000 ,  0.0000 ,  0.0000 ,  0.0000 ,  0.0000 ,
  0.0000 ,  0.0000 ,  0.0000 ,  0.0000 ,  0.0000 ,  0.0000 ,
  0.0000 ,  0.0000 ,  0.0000 ,  0.0000 ,  0.0000 ,  0.0000 ,
  0.0000 ,  0.0000 ,  0.0000 ,  0.0000 ,  0.0000 ,  0.0000 ,
  0.0000 ,  0.0000 ,  0.0000 ,  0.0000 ,  0.0000 ,  0.0000 ,
  0.0000 ,  0.0000 ,  0.0000 ,  0.0000 ,  0.0000 ,  0.0000 ,
  0.0000 ,  0.0000 ,  0.0000 ,  0.0000 ,  0.0000 ,  0.0000 ,
  0.0000 ,  0.0000 ,  0.0000 ,  0.0000 ,  0.0000 ,  0.0000 ,
  0.0000 ,  0.0000 ,  0.0000 ,  0.0000 ,  0.0000 ,  0.0000 ,
  0.0000 ,  0.0000 ,  0.0000 ,  0.0000 ,  0.0000 ,  0.0000 ,
  0.0000 ,  0.0000 ,  0.0000 ,  0.0000 ,  0.0000 ,  0.0000 ,
  0.0000 ,  0.0000 ,  0.0000 ,  0.0000 ,  0.0000 ,  0.0000 ,
  0.0000 ,  0.0000 ,  0.0000 ,  0.0000 ,  0.0000 ,  0.0000 ,
  0.0000 ,  0.0000 ,  0.0000 ,  0.0000 ,  0.0000 ,  0.0000 ,
  0.0000 ,  0.0000 ,  0.0000 ,  0.0000 ,  0.0000 ,  0.0000 ,
  0.0000 ,  0.0000 ,  0.0000 ,  0.0000 ,  0.0000 ,  0.0000 ,
  0.0000 ,  0.0000 ,  0.0000 ,  0.0000 ,  0.0000 ,  0.0000 ,
  0.0000 ,  0.0000 ,  0.0000 ,  0.0000 ,  0.0000 ,  0.0000 ,
  0.0000 ,  0.0000 ,  0.0000 ,  0.0000 ,  0.0000 ,  0.0000 ,
  0.0000 ,  0.0000 ,  0.0000 ,  0.0000 ,  0.0000 ,  0.0000 ,
  0.0000 ,  0.0000 ,  0.0000 ,  0.0000 ,  0.0000 ,  0.0000 ,
  0.0000 ,  0.0000 ,  0.0000 ,  0.0000 ,  0.0000 ,  0.0000 ,
  0.0000 ,  0.0000 ,  0.0000 ,  0.0000 ,  0.0000 ,  0.0000 ,
  0.0000 ,  0.0000 ,  0.0000 ,  0.0000 ,  0.0000 ,  0.0000 ,
  0.0000 ,  0.0000 ,  0.0000 ,  0.0000 ,  0.0000 ,  0.0000 ,
  0.0000 ,  0.0000 ,  0.0000 ,  0.0000 ,  0.0000 ,  0.0000 ,
  0.0000 ,  0.0000 ,  0.0000 ,  0.0000 ,  0.0000 ,  0.0000 ,
  0.0000 ,  0.0000 ,  0.0000 ,  0.0000 ,  0.0000 ,  0.0000 ,
  0.0000 ,  0.0000 ,  0.0000 ,  0.0000 ,  0.0000 ,  0.0000 ,
  0.0000 ,  0.0000 ,  0.0000 ,  0.0000 ,  0.0000 ,  0.0000 ,
  0.0000 ,  0.0000 ,  0.0000 ,  0.0000 ,  0.0000 ,  0.0000 ,
  0.0000 ,  0.0000 ,  0.0000 ,  0.0000 ,  0.0000 ,  0.0000 ,
  0.0000 ,  0.0000 ,  0.0000 ,  0.0000 ,  0.0000 ,  0.0000 ,
  0.0000 ,  0.0000 ,  0.0000 ,  0.0000 ,  0.0000 ,  0.0000 ,
  0.0000 ,  0.0000 ,  0.0000 ,  0.0000 ,  0.0000 ,  0.0000 ,
  0.0000 ,  0.0000 ,  0.0000 ,  0.0000 ,  0.0000 ,  0.0000 ,
  0.0000 ,  0.0000 ,  0.0000 ,  0.0000 ,  0.0000 ,  0.0000 ,
  0.0000 ,  0.0000 ,  0.0000 ,  0.0000 ,  0.0000 ,  0.0000 ,
  0.0000 ,  0.0000 ,  0.0000 ,  0.0000 ,  0.0000 ,  0.0000 ,
  0.0000 ,  0.0000 ,  0.0000 ,  0.0000 ,  0.0000 ,  0.0000 ,
  0.0000 ,  0.0000 ,  0.0000 ,  0.0000 ,  0.0000 ,  0.0000 ,
  0.0000 ,  0.0000 ,  0.0000 ,  0.0000 ,  0.0000 ,  0.0000 ,
  0.0000 ,  0.0000 ,  0.0000 ,  0.0000 ,  0.0000 ,  0.0000 ,
  0.0000 ,  0.0000 ,  0.0000 ,  0.0000 ,  0.0000 ,  0.0000 ,
  0.0000 ,  0.0000 ,  0.0000 ,  0.0000 ,  0.0000 ,  0.0000 ,
  0.0000 ,  0.0000 ,  0.0000 ,  0.0000 ,  0.0000 ,  0.0000 ,
  0.0000 ,  0.0000 ,  0.0000 ,  0.0000 ,  0.0000 ,  0.0000 ,
  0.0000 ,  0.0000 ,  0.0000 ,  0.0000 ,  0.0000 ,  0.0000 ,
  0.0000 ,  0.0000 ,  0.0000 ,  0.0000 ,  0.0000 ,  0.0000 ,
  0.0000 ,  0.0000 ,  0.0000 ,  0.0000 ,  0.0000 ,  0.0000 ,
  0.0000 ,  0.0000 ,  0.0000 ,  0.0000 ,  0.0000 ,  0.0000 ,
  0.0000 ,  0.0000 ,  0.0000 ,  0.0000 ,  0.0000 ,  0.0000 ,
  0.0000 ,  0.0000 ,  0.0000 ,  0.0000 ,  0.0000 ,  0.0000 ,
  0.0000 ,  0.0000 ,  0.0000 ,  0.0000 ,  0.0000 ,  0.0000 ,
  0.0000 ,  0.0000 ,  0.0000 ,  0.0000 ,  0.0000 ,  0.0000 ,
  0.0000 ,  0.0000 ,  0.0000 ,  0.0000 ,  0.0000 ,  0.0000 ,
  0.0000 ,  0.0000 ,  0.0000 ,  0.0000 ,  0.0000 ,  0.0000 ,
  0.0000 ,  0.0000 ,  0.0000 ,  0.0000 ,  0.0000 ,  0.0000 ,
  0.0000 ,  0.0000 ,  0.0000 ,  0.0000 ,  0.0000 ,  0.0000 ,
  0.0000 ,  0.0000 ,  0.0000 ,  0.0000 ,  0.0000 ,  0.0000 ,
  0.0000 ,  0.0000 ,  0.0000 ,  0.0000 ,  0.0000 ,  0.0000 ,
  0.0000 ,  0.0000 ,  0.0000 ,  0.0000 ,  0.0000 ,  0.0000 ,
  0.0000 ,  0.0000 ,  0.0000 ,  0.0000 ,  0.0000 ,  0.0000 ,
  0.0000 ,  0.0000 ,  0.0000 ,  0.0000 ,  0.0000 ,  0.0000 ,
  0.0000 ,  0.0000 ,  0.0000 ,  0.0000 ,  0.0000 ,  0.0000 ,
  0.0000 ,  0.0000 ,  0.0000 ,  0.0000 ,  0.0000 ,  0.0000 ,
  0.0000 ,  0.0000 ,  0.0000 ,  0.0000 ,  0.0000 ,  0.0000 ,
  0.0000 ,  0.0000 ,  0.0000 ,  0.0000 ,  0.0000 ,  0.0000 ,
  0.0000 ,  0.0000 ,  0.0000 ,  0.0000 ,  0.0000 ,  0.0000 ,
  0.0000 ,  0.0000 ,  0.0000 ,  0.0000 ,  0.0000 ,  0.0000 ,
  0.0000 ,  0.0000 ,  0.0000 ,  0.0000 ,  0.0000 ,  0.0000 ,
  0.0000 ,  0.0000 ,  0.0000 ,  0.0000 ,  0.0000 ,  0.0000 ,
  0.0000 ,  0.0000 ,  0.0000 ,  0.0000 ,  0.0000 ,  0.0000 ,
  0.0000 ,  0.0000 ,  0.0000 ,  0.0000 ,  0.0000 ,  0.0000 ,
  0.0000 ,  0.0000 ,  0.0000 ,  0.0000 ,  0.0000 ,  0.0000 ,
  0.0000 ,  0.0000 ,  0.0000 ,  0.0000 ,  0.0000 ,  0.0000 ,
  0.0000 ,  0.0000 ,  0.0000 ,  0.0000 ,  0.0000 ,  0.0000 ,
  0.0000 ,  0.0000 ,  0.0000 ,  0.0000 ,  0.0000 ,  0.0000 ,
  0.0000 ,  0.0000 ,  0.0000 ,  0.0000 ,  0.0000 ,  0.0000 ,
  0.0000 ,  0.0000 ,  0.0000 ,  0.0000 ,  0.0000 ,  0.0000 ,
  0.0000 ,  0.0000 ,  0.0000 ,  0.0000 ,  0.0000 ,  0.0000 ,
  0.0000 ,  0.0000 ,  0.0000 ,  0.0000 ,  0.0000 ,  0.0000 ,
  0.0000 ,  0.0000 ,  0.0000 ,  0.0000 ,  0.0000 ,  0.0000 ,
  0.0000 ,  0.0000 ,  0.0000 ,  0.0000 ,  0.0000 ,  0.0000 ,
  0.0000 ,  0.0000 ,  0.0000 ,  0.0000 ,  0.0000 ,  0.0000 ,
  0.0000 ,  0.0000 ,  0.0000 ,  0.0000 ,  0.0000 ,  0.0000 ,
  0.0000 ,  0.0000 ,  0.0000 ,  0.0000 ,  0.0000 ,  0.0000 ,
  0.0000 ,  0.0000 ,  0.0000 ,  0.0000 ,  0.0000 ,  0.0000 ,
  0.0000 ,  0.0000 ,  0.0000 ,  0.0000 ,  0.0000 ,  0.0000 ,
  0.0000 ,  0.0000 ,  0.0000 ,  0.0000 ,  0.0000 ,  0.0000 ,
  0.0000 ,  0.0000 ,  0.0000 ,  0.0000 ,  0.0000 ,  0.0000 ,
  0.0000 ,  0.0000 ,  0.0000 ,  0.0000 ,  0.0000 ,  0.0000 ,
  0.0000 ,  0.0000 ,  0.0000 ,  0.0000 ,  0.0000 ,  0.0000 ,
  0.0000 ,  0.0000 ,  0.0000 ,  0.0000 ,  0.0000 ,  0.0000 ,
  0.0000 ,  0.0000 ,  0.0000 ,  0.0000 ,  0.0000 ,  0.0000 ,
  0.0000 ,  0.0000 ,  0.0000 ,  0.0000 ,  0.0000 ,  0.0000 ,
  0.0000 ,  0.0000 ,  0.0000 ,  0.0000 ,  0.0000 ,  0.0000 ,
  0.0000 ,  0.0000 ,  0.0000 ,  0.0000 ,  0.0000 ,  0.0000 ,
  0.0000 ,  0.0000 ,  0.0000 ,  0.0000 ,  0.0000 ,  0.0000 ,
  0.0000 ,  0.0000 ,  0.0000 ,  0.0000 ,  0.0000 ,  0.0000 ,
  0.0000 ,  0.0000 ,  0.0000 ,  0.0000 ,  0.0000 ,  0.0000 ,
  0.0000 ,  0.0000 ,  0.0000 ,  0.0000 ,  0.0000 ,  0.0000 ,
  0.0000 ,  0.0000 ,  0.0000 ,  0.0000 ,  0.0000 ,  0.0000 ,
  0.0000 ,  0.0000 ,  0.0000 ,  0.0000 ,  0.0000 ,  0.0000 ,
  0.0000 ,  0.0000 ,  0.0000 ,  0.0000 ,  0.0000 ,  0.0000 ,
  0.0000 ,  0.0000 ,  0.0000 ,  0.0000 ,  0.0000 ,  0.0000 ,
  0.0000 ,  0.0000 ,  0.0000 ,  0.0000 ,  0.0000 ,  0.0000 ,
  0.0000 ,  0.0000 ,  0.0000 ,  0.0000 ,  0.0000 ,  0.0000 ,
  0.0000 ,  0.0000 ,  0.0000 ,  0.0000 ,  0.0000 ,  0.0000 ,
  0.0000 ,  0.0000 ,  0.0000 ,  0.0000 ,  0.0000 ,  0.0000 ,
  0.0000 ,  0.0000 ,  0.0000 ,  0.0000 ,  0.0000 ,  0.0000 ,
  0.0000 ,  0.0000 ,  0.0000 ,  0.0000 ,  0.0000 ,  0.0000 ,
  0.0000 ,  0.0000 ,  0.0000 ,  0.0000 ,  0.0000 ,  0.0000 ,
  0.0000 ,  0.0000 ,  0.0000 ,  0.0000 ,  0.0000 ,  0.0000 ,
  0.0000 ,  0.0000 ,  0.0000 ,  0.0000 ,  0.0000 ,  0.0000 ,
  0.0000 ,  0.0000 ,  0.0000 ,  0.0000 ,  0.0000 ,  0.0000 ,
  0.0000 ,  0.0000 ,  0.0000 ,  0.0000 ,  0.0000 ,  0.0000 ,
  0.0000 ,  0.0000 ,  0.0000 ,  0.0000 ,  0.0000 ,  0.0000 ,
  0.0000 ,  0.0000 ,  0.0000 ,  0.0000 ,  0.0000 ,  0.0000 ,
  0.0000 ,  0.0000 ,  0.0000 ,  0.0000 ,  0.0000 ,  0.0000 ,
  0.0000 ,  0.0000 ,  0.0000 ,  0.0000 ,  0.0000 ,  0.0000 ,
  0.0000 ,  0.0000 ,  0.0000 ,  0.0000 ,  0.0000 ,  0.0000 ,
  0.0000 ,  0.0000 ,  0.0000 ,  0.0000 ,  0.0000 ,  0.0000 ,
  0.0000 ,  0.0000 ,  0.0000 ,  0.0000 ,  0.0000 ,  0.0000 ,
  0.0000 ,  0.0000 ,  0.0000 ,  0.0000 ,  0.0000 ,  0.0000 ,
  0.0000 ,  0.0000 ,  0.0000 ,  0.0000 ,  0.0000 ,  0.0000 ,
  0.0000 ,  0.0000 ,  0.0000 ,  0.0000 ,  0.0000 ,  0.0000 ,
  0.0000 ,  0.0000 ,  0.0000 ,  0.0000 ,  0.0000 ,  0.0000 ,
  0.0000 ,  0.0000 ,  0.0000 ,  0.0000 ,  0.0000 ,  0.0000 ,
  0.0000 ,  0.0000 ,  0.0000 ,  0.0000 ,  0.0000 ,  0.0000 ,
  0.0000 ,  0.0000 ,  0.0000 ,  0.0000 ,  0.0000 ,  0.0000 ,
  0.0000 ,  0.0000 ,  0.0000 ,  0.0000 ,  0.0000 ,  0.0000 ,
  0.0000 ,  0.0000 ,  0.0000 ,  0.0000 ,  0.0000 ,  0.0000 ,
  0.0000 ,  0.0000 ,  0.0000 ,  0.0000 ,  0.0000 ,  0.0000 ,
  0.0000 ,  0.0000 ,  0.0000 ,  0.0000 ,  0.0000 ,  0.0000 ,
  0.0000 ,  0.0000 ,  0.0000 ,  0.0000 ,  0.0000 ,  0.0000 ,
  0.0000 ,  0.0000 ,  0.0000 ,  0.0000 ,  0.0000 ,  0.0000 ,
  0.0000 ,  0.0000 ,  0.0000 ,  0.0000 ,  0.0000 ,  0.0000 ,
  0.0000 ,  0.0000 ,  0.0000 ,  0.0000 ,  0.0000 ,  0.0000 ,
  0.0000 ,  0.0000 ,  0.0000 ,  0.0000 ,  0.0000 ,  0.0000 ,
  0.0000 ,  0.0000 ,  0.0000 ,  0.0000 ,  0.0000 ,  0.0000 ,
  0.0000 ,  0.0000 ,  0.0000 ,  0.0000 ,  0.0000 ,  0.0000 ,
  0.0000 ,  0.0000 ,  0.0000 ,  0.0000 ,  0.0000 ,  0.0000 ,
  0.0000 ,  0.0000 ,  0.0000 ,  0.0000 ,  0.0000 ,  0.0000 ,
  0.0000 ,  0.0000 ,  0.0000 ,  0.0000 ,  0.0000 ,  0.0000 ,
  0.0000 ,  0.0000 ,  0.0000 ,  0.0000 ,  0.0000 ,  0.0000 ,
  0.0000 ,  0.0000 ,  0.0000 ,  0.0000 ,  0.0000 ,  0.0000 ,
  0.0000 ,  0.0000 ,  0.0000 ,  0.0000 ,  0.0000 ,  0.0000 ,
  0.0000 ,  0.0000 ,  0.0000 ,  0.0000 ,  0.0000 ,  0.0000 ,
  0.0000 ,  0.0000 ,  0.0000 ,  0.0000 ,  0.0000 ,  0.0000 ,
  0.0000 ,  0.0000 ,  0.0000 ,  0.0000 ,  0.0000 ,  0.0000 ,
  0.0000 ,  0.0000 ,  0.0000 ,  0.0000 ,  0.0000 ,  0.0000 ,
  0.0000 ,  0.0000 ,  0.0000 ,  0.0000 ,  0.0000 ,  0.0000 ,
  0.0000 ,  0.0000 ,  0.0000 ,  0.0000 ,  0.0000 ,  0.0000 ,
  0.0000 ,  0.0000 ,  0.0000 ,  0.0000 ,  0.0000 ,  0.0000 ,
  0.0000 ,  0.0000 ,  0.0000 ,  0.0000 ,  0.0000 ,  0.0000 ,
  0.0000 ,  0.0000 ,  0.0000 ,  0.0000 ,  0.0000 ,  0.0000 ,
  0.0000 ,  0.0000 ,  0.0000 ,  0.0000 ,  0.0000 ,  0.0000 ,
  0.0000 ,  0.0000 ,  0.0000 ,  0.0000 ,  0.0000 ,  0.0000 ,
  0.0000 ,  0.0000 ,  0.0000 ,  0.0000 ,  0.0000 ,  0.0000 ,
  0.0000 ,  0.0000 ,  0.0000 ,  0.0000 ,  0.0000 ,  0.0000 ,
  0.0000 ,  0.0000 ,  0.0000 ,  0.0000 ,  0.0000 ,  0.0000 ,
  0.0000 ,  0.0000 ,  0.0000 ,  0.0000 ,  0.0000 ,  0.0000 ,
  0.0000 ,  0.0000 ,  0.0000 ,  0.0000 ,  0.0000 ,  0.0000 ,
  0.0000 ,  0.0000 ,  0.0000 ,  0.0000 ,  0.0000 ,  0.0000 ,
  0.0000 ,  0.0000 ,  0.0000 ,  0.0000 ,  0.0000 ,  0.0000 ,
  0.0000 ,  0.0000 ,  0.0000 ,  0.0000 ,  0.0000 ,  0.0000 ,
  0.0000 ,  0.0000 ,  0.0000 ,  0.0000 ,  0.0000 ,  0.0000 ,
  0.0000 ,  0.0000 ,  0.0000 ,  0.0000 ,  0.0000 ,  0.0000 ,
  0.0000 ,  0.0000 ,  0.0000 ,  0.0000 ,  0.0000 ,  0.0000 ,
  0.0000 ,  0.0000 ,  0.0000 ,  0.0000 ,  0.0000 ,  0.0000 ,
  0.0000 ,  0.0000 ,  0.0000 ,  0.0000 ,  0.0000 ,  0.0000 ,
  0.0000 ,  0.0000 ,  0.0000 ,  0.0000 ,  0.0000 ,  0.0000 ,
  0.0000 ,  0.0000 ,  0.0000 ,  0.0000 ,  0.0000 ,  0.0000 ,
  0.0000 ,  0.0000 ,  0.0000 ,  0.0000 ,  0.0000 ,  0.0000 ,
  0.0000 ,  0.0000 ,  0.0000 ,  0.0000 ,  0.0000 ,  0.0000 ,
  0.0000 ,  0.0000 ,  0.0000 ,  0.0000 ,  0.0000 ,  0.0000 ,
  0.0000 ,  0.0000 ,  0.0000 ,  0.0000 ,  0.0000 ,  0.0000 ,
  0.0000 ,  0.0000 ,  0.0000 ,  0.0000 ,  0.0000 ,  0.0000 ,
  0.0000 ,  0.0000 ,  0.0000 ,  0.0000 ,  0.0000 ,  0.0000 ,
  0.0000 ,  0.0000 ,  0.0000 ,  0.0000 ,  0.0000 ,  0.0000 ,
  0.0000 ,  0.0000 ,  0.0000 ,  0.0000 ,  0.0000 ,  0.0000 ,
  0.0000 ,  0.0000 ,  0.0000 ,  0.0000 ,  0.0000 ,  0.0000 ,
  0.0000 ,  0.0000 ,  0.0000 ,  0.0000 ,  0.0000 ,  0.0000 ,
  0.0000 ,  0.0000 ,  0.0000 ,  0.0000 ,  0.0000 ,  0.0000 ,
  0.0000 ,  0.0000 ,  0.0000 ,  0.0000 ,  0.0000 ,  0.0000 ,
  0.0000 ,  0.0000 ,  0.0000 ,  0.0000 ,  0.0000 ,  0.0000 ,
  0.0000 ,  0.0000 ,  0.0000 ,  0.0000 ,  0.0000 ,  0.0000 ,
  0.0000 ,  0.0000 ,  0.0000 ,  0.0000 ,  0.0000 ,  0.0000 ,
  0.0000 ,  0.0000 ,  0.0000 ,  0.0000 ,  0.0000 ,  0.0000 ,
  0.0000 ,  0.0000 ,  0.0000 ,  0.0000 ,  0.0000 ,  0.0000 ,
  0.0000 ,  0.0000 ,  0.0000 ,  0.0000 ,  0.0000 ,  0.0000 ,
  0.0000 ,  0.0000 ,  0.0000 ,  0.0000 ,  0.0000 ,  0.0000 ,
  0.0000 ,  0.0000 ,  0.0000 ,  0.0000 ,  0.0000 ,  0.0000 ,
  0.0000 ,  0.0000 ,  0.0000 ,  0.0000 ,  0.0000 ,  0.0000 ,
  0.0000 ,  0.0000 ,  0.0000 ,  0.0000 ,  0.0000 ,  0.0000 ,
  0.0000 ,  0.0000 ,  0.0000 ,  0.0000 ,  0.0000 ,  0.0000 ,
  0.0000 ,  0.0000 ,  0.0000 ,  0.0000 ,  0.0000 ,  0.0000 ,
  0.0000 ,  0.0000 ,  0.0000 ,  0.0000 ,  0.0000 ,  0.0000 ,
  0.0000 ,  0.0000 ,  0.0000 ,  0.0000 ,  0.0000 ,  0.0000 ,
  0.0000 ,  0.0000 ,  0.0000 ,  0.0000 ,  0.0000 ,  0.0000 ,
  0.0000 ,  0.0000 ,  0.0000 ,  0.0000 ,  0.0000 ,  0.0000 ,
  0.0000 ,  0.0000 ,  0.0000 ,  0.0000 ,  0.0000 ,  0.0000 ,
  0.0000 ,  0.0000 ,  0.0000 ,  0.0000 ,  0.0000 ,  0.0000 ,
  0.0000 ,  0.0000 ,  0.0000 ,  0.0000 ,  0.0000 ,  0.0000 ,
  0.0000 ,  0.0000 ,  0.0000 ,  0.0000 ,  0.0000 ,  0.0000 ,
  0.0000 ,  0.0000 ,  0.0000 ,  0.0000 ,  0.0000 ,  0.0000 ,
  0.0000 ,  0.0000 ,  0.0000 ,  0.0000 ,  0.0000 ,  0.0000 ,
  0.0000 ,  0.0000 ,  0.0000 ,  0.0000 ,  0.0000 ,  0.0000 ,
  0.0000 ,  0.0000 ,  0.0000 ,  0.0000 ,  0.0000 ,  0.0000 ,
  0.0000 ,  0.0000 ,  0.0000 ,  0.0000 ,  0.0000 ,  0.0000 ,
  0.0000 ,  0.0000 ,  0.0000 ,  0.0000 ,  0.0000 ,  0.0000 ,
  0.0000 ,  0.0000 ,  0.0000 ,  0.0000 ,  0.0000 ,  0.0000 ,
  0.0000 ,  0.0000 ,  0.0000 ,  0.0000 ,  0.0000 ,  0.0000 ,
  0.0000 ,  0.0000 ,  0.0000 ,  0.0000 ,  0.0000 ,  0.0000 ,
  0.0000 ,  0.0000 ,  0.0000 ,  0.0000 ,  0.0000 ,  0.0000 ,
  0.0000 ,  0.0000 ,  0.0000 ,  0.0000 ,  0.0000 ,  0.0000 ,
  0.0000 ,  0.0000 ,  0.0000 ,  0.0000 ,  0.0000 ,  0.0000 ,
  0.0000 ,  0.0000 ,  0.0000 ,  0.0000 ,  0.0000 ,  0.0000 ,
  0.0000 ,  0.0000 ,  0.0000 ,  0.0000 ,  0.0000 ,  0.0000 ,
  0.0000 ,  0.0000 ,  0.0000 ,  0.0000 ,  0.0000 ,  0.0000 ,
  0.0000 ,  0.0000 ,  0.0000 ,  0.0000 ,  0.0000 ,  0.0000 ,
  0.0000 ,  0.0000 ,  0.0000 ,  0.0000 ,  0.0000 ,  0.0000 ,
  0.0000 ,  0.0000 ,  0.0000 ,  0.0000 ,  0.0000 ,  0.0000 ,
  0.0000 ,  0.0000 ,  0.0000 ,  0.0000 ,  0.0000 ,  0.0000 ,
  0.0000 ,  0.0000 ,  0.0000 ,  0.0000 ,  0.0000 ,  0.0000 ,
  0.0000 ,  0.0000 ,  0.0000 ,  0.0000 ,  0.0000 ,  0.0000 ,
  0.0000 ,  0.0000 ,  0.0000 ,  0.0000 ,  0.0000 ,  0.0000 ,
  0.0000 ,  0.0000 ,  0.0000 ,  0.0000 ,  0.0000 ,  0.0000 ,
  0.0000 ,  0.0000 ,  0.0000 ,  0.0000 ,  0.0000 ,  0.0000 ,
  0.0000 ,  0.0000 ,  0.0000 ,  0.0000 ,  0.0000 ,  0.0000 ,
  0.0000 ,  0.0000 ,  0.0000 ,  0.0000 ,  0.0000 ,  0.0000 ,
  0.0000 ,  0.0000 ,  0.0000 ,  0.0000 ,  0.0000 ,  0.0000 ,
  0.0000 ,  0.0000 ,  0.0000 ,  0.0000 ,  0.0000 ,  0.0000 ,
  0.0000 ,  0.0000 ,  0.0000 ,  0.0000 ,  0.0000 ,  0.0000 ,
  0.0000 ,  0.0000 ,  0.0000 ,  0.0000 ,  0.0000 ,  0.0000 ,
  0.0000 ,  0.0000 ,  0.0000 ,  0.0000 ,  0.0000 ,  0.0000 ,
  0.0000 ,  0.0000 ,  0.0000 ,  0.0000 ,  0.0000 ,  0.0000 ,
  0.0000 ,  0.0000 ,  0.0000 ,  0.0000 ,  0.0000 ,  0.0000 ,
  0.0000 ,  0.0000 ,  0.0000 ,  0.0000 ,  0.0000 ,  0.0000 ,
  0.0000 ,  0.0000 ,  0.0000 ,  0.0000 ,  0.0000 ,  0.0000 ,
  0.0000 ,  0.0000 ,  0.0000 ,  0.0000 ,  0.0000 ,  0.0000 ,
  0.0000 ,  0.0000 ,  0.0000 ,  0.0000 ,  0.0000 ,  0.0000 ,
  0.0000 ,  0.0000 ,  0.0000 ,  0.0000 ,  0.0000 ,  0.0000 ,
  0.0000 ,  0.0000 ,  0.0000 ,  0.0000 ,  0.0000 ,  0.0000 ,
  0.0000 ,  0.0000 ,  0.0000 ,  0.0000 ,  0.0000 ,  0.0000 ,
  0.0000 ,  0.0000 ,  0.0000 ,  0.0000 ,  0.0000 ,  0.0000 ,
  0.0000 ,  0.0000 ,  0.0000 ,  0.0000 ,  0.0000 ,  0.0000 ,
  0.0000 ,  0.0000 ,  0.0000 ,  0.0000 ,  0.0000 ,  0.0000 ,
  0.0000 ,  0.0000 ,  0.0000 ,  0.0000 ,  0.0000 ,  0.0000 ,
  0.0000 ,  0.0000 ,  0.0000 ,  0.0000 ,  0.0000 ,  0.0000 ,
  0.0000 ,  0.0000 ,  0.0000 ,  0.0000 ,  0.0000 ,  0.0000 ,
  0.0000 ,  0.0000 ,  0.0000 ,  0.0000 ,  0.0000 ,  0.0000 ,
  0.0000 ,  0.0000 ,  0.0000 ,  0.0000 ,  0.0000 ,  0.0000 ,
  0.0000 ,  0.0000 ,  0.0000 ,  0.0000 ,  0.0000 ,  0.0000 ,
  0.0000 ,  0.0000 ,  0.0000 ,  0.0000 ,  0.0000 ,  0.0000 ,
  0.0000 ,  0.0000 ,  0.0000 ,  0.0000 ,  0.0000 ,  0.0000 ,
  0.0000 ,  0.0000 ,  0.0000 ,  0.0000 ,  0.0000 ,  0.0000 ,
  0.0000 ,  0.0000 ,  0.0000 ,  0.0000 ,  0.0000 ,  0.0000 ,
  0.0000 ,  0.0000 ,  0.0000 ,  0.0000 ,  0.0000 ,  0.0000 ,
  0.0000 ,  0.0000 ,  0.0000 ,  0.0000 ,  0.0000 ,  0.0000 ,
  0.0000 ,  0.0000 ,  0.0000 ,  0.0000 ,  0.0000 ,  0.0000 ,
  0.0000 ,  0.0000 ,  0.0000 ,  0.0000 ,  0.0000 ,  0.0000 ,
  0.0000 ,  0.0000 ,  0.0000 ,  0.0000 ,  0.0000 ,  0.0000 ,
  0.0000 ,  0.0000 ,  0.0000 ,  0.0000 ,  0.0000 ,  0.0000 ,
  0.0000 ,  0.0000 ,  0.0000 ,  0.0000 ,  0.0000 ,  0.0000 ,
  0.0000 ,  0.0000 ,  0.0000 ,  0.0000 ,  0.0000 ,  0.0000 ,
  0.0000 ,  0.0000 ,  0.0000 ,  0.0000 ,  0.0000 ,  0.0000 ,
  0.0000 ,  0.0000 ,  0.0000 ,  0.0000 ,  0.0000 ,  0.0000 ,
  0.0000 ,  0.0000 ,  0.0000 ,  0.0000 ,  0.0000 ,  0.0000 ,
  0.0000 ,  0.0000 ,  0.0000 ,  0.0000 ,  0.0000 ,  0.0000 ,
  0.0000 ,  0.0000 ,  0.0000 ,  0.0000 ,  0.0000 ,  0.0000 ,
  0.0000 ,  0.0000 ,  0.0000 ,  0.0000 ,  0.0000 ,  0.0000 ,
  0.0000 ,  0.0000 ,  0.0000 ,  0.0000 ,  0.0000 ,  0.0000 ,
  0.0000 ,  0.0000 ,  0.0000 ,  0.0000 ,  0.0000 ,  0.0000 ,
  0.0000 ,  0.0000 ,  0.0000 ,  0.0000 ,  0.0000 ,  0.0000 ,
  0.0000 ,  0.0000 ,  0.0000 ,  0.0000 ,  0.0000 ,  0.0000 ,
  0.0000 ,  0.0000 ,  0.0000 ,  0.0000 ,  0.0000 ,  0.0000 ,
  0.0000 ,  0.0000 ,  0.0000 ,  0.0000 ,  0.0000 ,  0.0000 ,
  0.0000 ,  0.0000 ,  0.0000 ,  0.0000 ,  0.0000 ,  0.0000 ,
  0.0000 ,  0.0000 ,  0.0000 ,  0.0000 ,  0.0000 ,  0.0000 ,
  0.0000 ,  0.0000 ,  0.0000 ,  0.0000 ,  0.0000 ,  0.0000 ,
  0.0000 ,  0.0000 ,  0.0000 ,  0.0000 ,  0.0000 ,  0.0000 ,
  0.0000 ,  0.0000 ,  0.0000 ,  0.0000 ,  0.0000 ,  0.0000 ,
  0.0000 ,  0.0000 ,  0.0000 ,  0.0000 ,  0.0000 ,  0.0000 ,
  0.0000 ,  0.0000 ,  0.0000 ,  0.0000 ,  0.0000 ,  0.0000 ,
  0.0000 ,  0.0000 ,  0.0000 ,  0.0000 ,  0.0000 ,  0.0000 ,
  0.0000 ,  0.0000 ,  0.0000 ,  0.0000 ,  0.0000 ,  0.0000 ,
  0.0000 ,  0.0000 ,  0.0000 ,  0.0000 ,  0.0000 ,  0.0000 ,
  0.0000 ,  0.0000 ,  0.0000 ,  0.0000 ,  0.0000 ,  0.0000 ,
  0.0000 ,  0.0000 ,  0.0000 ,  0.0000 ,  0.0000 ,  0.0000 ,
  0.0000 ,  0.0000 ,  0.0000 ,  0.0000 ,  0.0000 ,  0.0000 ,
  0.0000 ,  0.0000 ,  0.0000 ,  0.0000 ,  0.0000 ,  0.0000 ,
  0.0000 ,  0.0000 ,  0.0000 ,  0.0000 ,  0.0000 ,  0.0000 ,
  0.0000 ,  0.0000 ,  0.0000 ,  0.0000 ,  0.0000 ,  0.0000 ,
  0.0000 ,  0.0000 ,  0.0000 ,  0.0000 ,  0.0000 ,  0.0000 ,
  0.0000 ,  0.0000 ,  0.0000 ,  0.0000 ,  0.0000 ,  0.0000 ,
  0.0000 ,  0.0000 ,  0.0000 ,  0.0000 ,  0.0000 ,  0.0000 ,
  0.0000 ,  0.0000 ,  0.0000 ,  0.0000 ,  0.0000 ,  0.0000 ,
  0.0000 ,  0.0000 ,  0.0000 ,  0.0000 ,  0.0000 ,  0.0000 ,
  0.0000 ,  0.0000 ,  0.0000 ,  0.0000 ,  0.0000 ,  0.0000 ,
  0.0000 ,  0.0000 ,  0.0000 ,  0.0000 ,  0.0000 ,  0.0000 ,
  0.0000 ,  0.0000 ,  0.0000 ,  0.0000 ,  0.0000 ,  0.0000 ,
  0.0000 ,  0.0000 ,  0.0000 ,  0.0000 ,  0.0000 ,  0.0000 ,
  0.0000 ,  0.0000 ,  0.0000 ,  0.0000 ,  0.0000 ,  0.0000 ,
  0.0000 ,  0.0000 ,  0.0000 ,  0.0000 ,  0.0000 ,  0.0000 ,
  0.0000 ,  0.0000 ,  0.0000 ,  0.0000 ,  0.0000 ,  0.0000 ,
  0.0000 ,  0.0000 ,  0.0000 ,  0.0000 ,  0.0000 ,  0.0000 ,
  0.0000 ,  0.0000 ,  0.0000 ,  0.0000 ,  0.0000 ,  0.0000 ,
  0.0000 ,  0.0000 ,  0.0000 ,  0.0000 ,  0.0000 ,  0.0000 ,
  0.0000 ,  0.0000 ,  0.0000 ,  0.0000 ,  0.0000 ,  0.0000 ,
  0.0000 ,  0.0000 ,  0.0000 ,  0.0000 ,  0.0000 ,  0.0000 ,
  0.0000 ,  0.0000 ,  0.0000 ,  0.0000 ,  0.0000 ,  0.0000 ,
  0.0000 ,  0.0000 ,  0.0000 ,  0.0000 ,  0.0000 ,  0.0000 ,
  0.0000 ,  0.0000 ,  0.0000 ,  0.0000 ,  0.0000 ,  0.0000 ,
  0.0000 ,  0.0000 ,  0.0000 ,  0.0000 ,  0.0000 ,  0.0000 ,
  0.0000 ,  0.0000 ,  0.0000 ,  0.0000 ,  0.0000 ,  0.0000 ,
  0.0000 ,  0.0000 ,  0.0000 ,  0.0000 ,  0.0000 ,  0.0000 ,
  0.0000 ,  0.0000 ,  0.0000 ,  0.0000 ,  0.0000 ,  0.0000 ,
  0.0000 ,  0.0000 ,  0.0000 ,  0.0000 ,  0.0000 ,  0.0000 ,
  0.0000 ,  0.0000 ,  0.0000 ,  0.0000 ,  0.0000 ,  0.0000 ,
  0.0000 ,  0.0000 ,  0.0000 ,  0.0000 ,  0.0000 ,  0.0000 ,
  0.0000 ,  0.0000 ,  0.0000 ,  0.0000 ,  0.0000 ,  0.0000 ,
  0.0000 ,  0.0000 ,  0.0000 ,  0.0000 ,  0.0000 ,  0.0000 ,
  0.0000 ,  0.0000 ,  0.0000 ,  0.0000 ,  0.0000 ,  0.0000 ,
  0.0000 ,  0.0000 ,  0.0000 ,  0.0000 ,  0.0000 ,  0.0000 ,
  0.0000 ,  0.0000 ,  0.0000 ,  0.0000 ,  0.0000 ,  0.0000 ,
  0.0000 ,  0.0000 ,  0.0000 ,  0.0000 ,  0.0000 ,  0.0000 ,
  0.0000 ,  0.0000 ,  0.0000 ,  0.0000 ,  0.0000 ,  0.0000 ,
  0.0000 ,  0.0000 ,  0.0000 ,  0.0000 ,  0.0000 ,  0.0000 ,
  0.0000 ,  0.0000 ,  0.0000 ,  0.0000 ,  0.0000 ,  0.0000 ,
  0.0000 ,  0.0000 ,  0.0000 ,  0.0000 ,  0.0000 ,  0.0000 ,
  0.0000 ,  0.0000 ,  0.0000 ,  0.0000 ,  0.0000 ,  0.0000 ,
  0.0000 ,  0.0000 ,  0.0000 ,  0.0000 ,  0.0000 ,  0.0000 ,
  0.0000 ,  0.0000 ,  0.0000 ,  0.0000 ,  0.0000 ,  0.0000 ,
  0.0000 ,  0.0000 ,  0.0000 ,  0.0000 ,  0.0000 ,  0.0000 ,
  0.0000 ,  0.0000 ,  0.0000 ,  0.0000 ,  0.0000 ,  0.0000 ,
  0.0000 ,  0.0000 ,  0.0000 ,  0.0000 ,  0.0000 ,  0.0000 ,
  0.0000 ,  0.0000 ,  0.0000 ,  0.0000 ,  0.0000 ,  0.0000 ,
  0.0000 ,  0.0000 ,  0.0000 ,  0.0000 ,  0.0000 ,  0.0000 ,
  0.0000 ,  0.0000 ,  0.0000 ,  0.0000 ,  0.0000 ,  0.0000 ,
  0.0000 ,  0.0000 ,  0.0000 ,  0.0000 ,  0.0000 ,  0.0000 ,
  0.0000 ,  0.0000 ,  0.0000 ,  0.0000 ,  0.0000 ,  0.0000 ,
  0.0000 ,  0.0000 ,  0.0000 ,  0.0000 ,  0.0000 ,  0.0000 ,
  0.0000 ,  0.0000 ,  0.0000 ,  0.0000 ,  0.0000 ,  0.0000 ,
  0.0000 ,  0.0000 ,  0.0000 ,  0.0000 ,  0.0000 ,  0.0000 ,
  0.0000 ,  0.0000 ,  0.0000 ,  0.0000 ,  0.0000 ,  0.0000 ,
  0.0000 ,  0.0000 ,  0.0000 ,  0.0000 ,  0.0000 ,  0.0000 ,
  0.0000 ,  0.0000 ,  0.0000 ,  0.0000 ,  0.0000 ,  0.0000 ,
  0.0000 ,  0.0000 ,  0.0000 ,  0.0000 ,  0.0000 ,  0.0000 ,
  0.0000 ,  0.0000 ,  0.0000 ,  0.0000 ,  0.0000 ,  0.0000 ,
  0.0000 ,  0.0000 ,  0.0000 ,  0.0000 ,  0.0000 ,  0.0000 ,
  0.0000 ,  0.0000 ,  0.0000 ,  0.0000 ,  0.0000 ,  0.0000 ,
  0.0000 ,  0.0000 ,  0.0000 ,  0.0000 ,  0.0000 ,  0.0000 ,
  0.0000 ,  0.0000 ,  0.0000 ,  0.0000 ,  0.0000 ,  0.0000 ,
  0.0000 ,  0.0000 ,  0.0000 ,  0.0000 ,  0.0000 ,  0.0000 ,
  0.0000 ,  0.0000 ,  0.0000 ,  0.0000 ,  0.0000 ,  0.0000 ,
  0.0000 ,  0.0000 ,  0.0000 ,  0.0000 ,  0.0000 ,  0.0000 ,
  0.0000 ,  0.0000 ,  0.0000 ,  0.0000 ,  0.0000 ,  0.0000 ,
  0.0000 ,  0.0000 ,  0.0000 ,  0.0000 ,  0.0000 ,  0.0000 ,
  0.0000 ,  0.0000 ,  0.0000 ,  0.0000 ,  0.0000 ,  0.0000 ,
  0.0000 ,  0.0000 ,  0.0000 ,  0.0000 ,  0.0000 ,  0.0000 ,
  0.0000 ,  0.0000 ,  0.0000 ,  0.0000 ,  0.0000 ,  0.0000 ,
  0.0000 ,  0.0000 ,  0.0000 ,  0.0000 ,  0.0000 ,  0.0000 ,
  0.0000 ,  0.0000 ,  0.0000 ,  0.0000 ,  0.0000 ,  0.0000 ,
  0.0000 ,  0.0000 ,  0.0000 ,  0.0000 ,  0.0000 ,  0.0000 ,
  0.0000 ,  0.0000 ,  0.0000 ,  0.0000 ,  0.0000 ,  0.0000 ,
  0.0000 ,  0.0000 ,  0.0000 ,  0.0000 ,  0.0000 ,  0.0000 ,
  0.0000 ,  0.0000 ,  0.0000 ,  0.0000 ,  0.0000 ,  0.0000 ,
  0.0000 ,  0.0000 ,  0.0000 ,  0.0000 ,  0.0000 ,  0.0000 ,
  0.0000 ,  0.0000 ,  0.0000 ,  0.0000 ,  0.0000 ,  0.0000 ,
  0.0000 ,  0.0000 ,  0.0000 ,  0.0000 ,  0.0000 ,  0.0000 ,
  0.0000 ,  0.0000 ,  0.0000 ,  0.0000 ,  0.0000 ,  0.0000 ,
  0.0000 ,  0.0000 ,  0.0000 ,  0.0000 ,  0.0000 ,  0.0000 ,
  0.0000 ,  0.0000 ,  0.0000 ,  0.0000 ,  0.0000 ,  0.0000 ,
  0.0000 ,  0.0000 ,  0.0000 ,  0.0000 ,  0.0000 ,  0.0000 ,
  0.0000 ,  0.0000 ,  0.0000 ,  0.0000 ,  0.0000 ,  0.0000 ,
  0.0000 ,  0.0000 ,  0.0000 ,  0.0000 ,  0.0000 ,  0.0000 ,
  0.0000 ,  0.0000 ,  0.0000 ,  0.0000 ,  0.0000 ,  0.0000 ,
  0.0000 ,  0.0000 ,  0.0000 ,  0.0000 ,  0.0000 ,  0.0000 ,
  0.0000 ,  0.0000 ,  0.0000 ,  0.0000 ,  0.0000 ,  0.0000 ,
  0.0000 ,  0.0000 ,  0.0000 ,  0.0000 ,  0.0000 ,  0.0000 ,
  0.0000 ,  0.0000 ,  0.0000 ,  0.0000 ,  0.0000 ,  0.0000 ,
  0.0000 ,  0.0000 ,  0.0000 ,  0.0000 ,  0.0000 ,  0.0000 ,
  0.0000 ,  0.0000 ,  0.0000 ,  0.0000 ,  0.0000 ,  0.0000 ,
  0.0000 ,  0.0000 ,  0.0000 ,  0.0000 ,  0.0000 ,  0.0000 ,
  0.0000 ,  0.0000 ,  0.0000 ,  0.0000 ,  0.0000 ,  0.0000 ,
  0.0000 ,  0.0000 ,  0.0000 ,  0.0000 ,  0.0000 ,  0.0000 ,
  0.0000 ,  0.0000 ,  0.0000 ,  0.0000 ,  0.0000 ,  0.0000 ,
  0.0000 ,  0.0000 ,  0.0000 ,  0.0000 ,  0.0000 ,  0.0000 ,
  0.0000 ,  0.0000 ,  0.0000 ,  0.0000 ,  0.0000 ,  0.0000 ,
  0.0000 ,  0.0000 ,  0.0000 ,  0.0000 ,  0.0000 ,  0.0000 ,
  0.0000 ,  0.0000 ,  0.0000 ,  0.0000 ,  0.0000 ,  0.0000 ,
  0.0000 ,  0.0000 ,  0.0000 ,  0.0000 ,  0.0000 ,  0.0000 ,
  0.0000 ,  0.0000 ,  0.0000 ,  0.0000 ,  0.0000 ,  0.0000 ,
  0.0000 ,  0.0000 ,  0.0000 ,  0.0000 ,  0.0000 ,  0.0000 ,
  0.0000 ,  0.0000 ,  0.0000 ,  0.0000 ,  0.0000 ,  0.0000 ,
  0.0000 ,  0.0000 ,  0.0000 ,  0.0000 ,  0.0000 ,  0.0000 ,
  0.0000 ,  0.0000 ,  0.0000 ,  0.0000 ,  0.0000 ,  0.0000 ,
  0.0000 ,  0.0000 ,  0.0000 ,  0.0000 ,  0.0000 ,  0.0000 ,
  0.0000 ,  0.0000 ,  0.0000 ,  0.0000 ,  0.0000 ,  0.0000 ,
  0.0000 ,  0.0000 ,  0.0000 ,  0.0000 ,  0.0000 ,  0.0000 ,
  0.0000 ,  0.0000 ,  0.0000 ,  0.0000 ,  0.0000 ,  0.0000 ,
  0.0000 ,  0.0000 ,  0.0000 ,  0.0000 ,  0.0000 ,  0.0000 ,
  0.0000 ,  0.0000 ,  0.0000 ,  0.0000 ,  0.0000 ,  0.0000 ,
  0.0000 ,  0.0000 ,  0.0000 ,  0.0000 ,  0.0000 ,  0.0000 ,
  0.0000 ,  0.0000 ,  0.0000 ,  0.0000 ,  0.0000 ,  0.0000 ,
  0.0000 ,  0.0000 ,  0.0000 ,  0.0000 ,  0.0000 ,  0.0000 ,
  0.0000 ,  0.0000 ,  0.0000 ,  0.0000 ,  0.0000 ,  0.0000 ,
  0.0000 ,  0.0000 ,  0.0000 ,  0.0000 ,  0.0000 ,  0.0000 ,
  0.0000 ,  0.0000 ,  0.0000 ,  0.0000 ,  0.0000 ,  0.0000 ,
  0.0000 ,  0.0000 ,  0.0000 ,  0.0000 ,  0.0000 ,  0.0000 ,
  0.0000 ,  0.0000 ,  0.0000 ,  0.0000 ,  0.0000 ,  0.0000 ,
  0.0000 ,  0.0000 ,  0.0000 ,  0.0000 ,  0.0000 ,  0.0000 ,
  0.0000 ,  0.0000 ,  0.0000 ,  0.0000 ,  0.0000 ,  0.0000 ,
  0.0000 ,  0.0000 ,  0.0000 ,  0.0000 ,  0.0000 ,  0.0000 ,
  0.0000 ,  0.0000 ,  0.0000 ,  0.0000 ,  0.0000 ,  0.0000 ,
  0.0000 ,  0.0000 ,  0.0000 ,  0.0000 ,  0.0000 ,  0.0000 ,
  0.0000 ,  0.0000 ,  0.0000 ,  0.0000 ,  0.0000 ,  0.0000 ,
  0.0000 ,  0.0000 ,  0.0000 ,  0.0000 ,  0.0000 ,  0.0000 ,
  0.0000 ,  0.0000 ,  0.0000 ,  0.0000 ,  0.0000 ,  0.0000 ,
  0.0000 ,  0.0000 ,  0.0000 ,  0.0000 ,  0.0000 ,  0.0000 ,
  0.0000 ,  0.0000 ,  0.0000 ,  0.0000 ,  0.0000 ,  0.0000 ,
  0.0000 ,  0.0000 ,  0.0000 ,  0.0000 ,  0.0000 ,  0.0000 ,
  0.0000 ,  0.0000 ,  0.0000 ,  0.0000 ,  0.0000 ,  0.0000 ,
  0.0000 ,  0.0000 ,  0.0000 ,  0.0000 ,  0.0000 ,  0.0000 ,
  0.0000 ,  0.0000 ,  0.0000 ,  0.0000 ,  0.0000 ,  0.0000 ,
  0.0000 ,  0.0000 ,  0.0000 ,  0.0000 ,  0.0000 ,  0.0000 ,
  0.0000 ,  0.0000 ,  0.0000 ,  0.0000 ,  0.0000 ,  0.0000 ,
  0.0000 ,  0.0000 ,  0.0000 ,  0.0000 ,  0.0000 ,  0.0000 ,
  0.0000 ,  0.0000 ,  0.0000 ,  0.0000 ,  0.0000 ,  0.0000 ,
  0.0000 ,  0.0000 ,  0.0000 ,  0.0000 ,  0.0000 ,  0.0000 ,
  0.0000 ,  0.0000 ,  0.0000 ,  0.0000 ,  0.0000 ,  0.0000 ,
  0.0000 ,  0.0000 ,  0.0000 ,  0.0000 ,  0.0000 ,  0.0000 ,
  0.0000 ,  0.0000 ,  0.0000 ,  0.0000 ,  0.0000 ,  0.0000 ,
  0.0000 ,  0.0000 ,  0.0000 ,  0.0000 ,  0.0000 ,  0.0000 ,
  0.0000 ,  0.0000 ,  0.0000 ,  0.0000 ,  0.0000 ,  0.0000 ,
  0.0000 ,  0.0000 ,  0.0000 ,  0.0000 ,  0.0000 ,  0.0000 ,
  0.0000 ,  0.0000 ,  0.0000 ,  0.0000 ,  0.0000 ,  0.0000 ,
  0.0000 ,  0.0000 ,  0.0000 ,  0.0000 ,  0.0000 ,  0.0000 ,
  0.0000 ,  0.0000 ,  0.0000 ,  0.0000 ,  0.0000 ,  0.0000 ,
  0.0000 ,  0.0000 ,  0.0000 ,  0.0000 ,  0.0000 ,  0.0000 ,
  0.0000 ,  0.0000 ,  0.0000 ,  0.0000 ,  0.0000 ,  0.0000 ,
  0.0000 ,  0.0000 ,  0.0000 ,  0.0000 ,  0.0000 ,  0.0000 ,
  0.0000 ,  0.0000 ,  0.0000 ,  0.0000 ,  0.0000 ,  0.0000 ,
  0.0000 ,  0.0000 ,  0.0000 ,  0.0000 ,  0.0000 ,  0.0000 ,
  0.0000 ,  0.0000 ,  0.0000 ,  0.0000 ,  0.0000 ,  0.0000 ,
  0.0000 ,  0.0000 ,  0.0000 ,  0.0000 ,  0.0000 ,  0.0000 ,
  0.0000 ,  0.0000 ,  0.0000 ,  0.0000 ,  0.0000 ,  0.0000 ,
  0.0000 ,  0.0000 ,  0.0000 ,  0.0000 ,  0.0000 ,  0.0000 ,
  0.0000 ,  0.0000 ,  0.0000 ,  0.0000 ,  0.0000 ,  0.0000 ,
  0.0000 ,  0.0000 ,  0.0000 ,  0.0000 ,  0.0000 ,  0.0000 ,
  0.0000 ,  0.0000 ,  0.0000 ,  0.0000 ,  0.0000 ,  0.0000 ,
  0.0000 ,  0.0000 ,  0.0000 ,  0.0000 ,  0.0000 ,  0.0000 ,
  0.0000 ,  0.0000 ,  0.0000 ,  0.0000 ,  0.0000 ,  0.0000 ,
  0.0000 ,  0.0000 ,  0.0000 ,  0.0000 ,  0.0000 ,  0.0000 ,
  0.0000 ,  0.0000 ,  0.0000 ,  0.0000 ,  0.0000 ,  0.0000 ,
  0.0000 ,  0.0000 ,  0.0000 ,  0.0000 ,  0.0000 ,  0.0000 ,
  0.0000 ,  0.0000 ,  0.0000 ,  0.0000 ,  0.0000 ,  0.0000 ,
  0.0000 ,  0.0000 ,  0.0000 ,  0.0000 ,  0.0000 ,  0.0000 ,
  0.0000 ,  0.0000 ,  0.0000 ,  0.0000 ,  0.0000 ,  0.0000 ,
  0.0000 ,  0.0000 ,  0.0000 ,  0.0000 ,  0.0000 ,  0.0000 ,
  0.0000 ,  0.0000 ,  0.0000 ,  0.0000 ,  0.0000 ,  0.0000 ,
  0.0000 ,  0.0000 ,  0.0000 ,  0.0000 ,  0.0000 ,  0.0000 ,
  0.0000 ,  0.0000 ,  0.0000 ,  0.0000 ,  0.0000 ,  0.0000 ,
  0.0000 ,  0.0000 ,  0.0000 ,  0.0000 ,  0.0000 ,  0.0000 ,
  0.0000 ,  0.0000 ,  0.0000 ,  0.0000 ,  0.0000 ,  0.0000 ,
  0.0000 ,  0.0000 ,  0.0000 ,  0.0000 ,  0.0000 ,  0.0000 ,
  0.0000 ,  0.0000 ,  0.0000 ,  0.0000 ,  0.0000 ,  0.0000 ,
  0.0000 ,  0.0000 ,  0.0000 ,  0.0000 ,  0.0000 ,  0.0000 ,
  0.0000 ,  0.0000 ,  0.0000 ,  0.0000 ,  0.0000 ,  0.0000 ,
  0.0000 ,  0.0000 ,  0.0000 ,  0.0000 ,  0.0000 ,  0.0000 ,
  0.0000 ,  0.0000 ,  0.0000 ,  0.0000 ,  0.0000 ,  0.0000 ,
  0.0000 ,  0.0000 ,  0.0000 ,  0.0000 ,  0.0000 ,  0.0000 ,
  0.0000 ,  0.0000 ,  0.0000 ,  0.0000 ,  0.0000 ,  0.0000 ,
  0.0000 ,  0.0000 ,  0.0000 ,  0.0000 ,  0.0000 ,  0.0000 ,
  0.0000 ,  0.0000 ,  0.0000 ,  0.0000 ,  0.0000 ,  0.0000 ,
  0.0000 ,  0.0000 ,  0.0000 ,  0.0000 ,  0.0000 ,  0.0000 ,
  0.0000 ,  0.0000 ,  0.0000 ,  0.0000 ,  0.0000 ,  0.0000 ,
  0.0000 ,  0.0000 ,  0.0000 ,  0.0000 ,  0.0000 ,  0.0000 ,
  0.0000 ,  0.0000 ,  0.0000 ,  0.0000 ,  0.0000 ,  0.0000 ,
  0.0000 ,  0.0000 ,  0.0000 ,  0.0000 ,  0.0000 ,  0.0000 ,
  0.0000 ,  0.0000 ,  0.0000 ,  0.0000 ,  0.0000 ,  0.0000 ,
  0.0000 ,  0.0000 ,  0.0000 ,  0.0000 ,  0.0000 ,  0.0000 ,
  0.0000 ,  0.0000 ,  0.0000 ,  0.0000 ,  0.0000 ,  0.0000 ,
  0.0000 ,  0.0000 ,  0.0000 ,  0.0000 ,  0.0000 ,  0.0000 ,
  0.0000 ,  0.0000 ,  0.0000 ,  0.0000 ,  0.0000 ,  0.0000 ,
  0.0000 ,  0.0000 ,  0.0000 ,  0.0000 ,  0.0000 ,  0.0000 ,
  0.0000 ,  0.0000 ,  0.0000 ,  0.0000 ,  0.0000 ,  0.0000 ,
  0.0000 ,  0.0000 ,  0.0000 ,  0.0000 ,  0.0000 ,  0.0000 ,
  0.0000 ,  0.0000 ,  0.0000 ,  0.0000 ,  0.0000 ,  0.0000 ,
  0.0000 ,  0.0000 ,  0.0000 ,  0.0000 ,  0.0000 ,  0.0000 ,
  0.0000 ,  0.0000 ,  0.0000 ,  0.0000 ,  0.0000 ,  0.0000 ,
  0.0000 ,  0.0000 ,  0.0000 ,  0.0000 ,  0.0000 ,  0.0000 ,
  0.0000 ,  0.0000 ,  0.0000 ,  0.0000 ,  0.0000 ,  0.0000 ,
  0.0000 ,  0.0000 ,  0.0000 ,  0.0000 ,  0.0000 ,  0.0000 ,
  0.0000 ,  0.0000 ,  0.0000 ,  0.0000 ,  0.0000 ,  0.0000 ,
  0.0000 ,  0.0000 ,  0.0000 ,  0.0000 ,  0.0000 ,  0.0000 ,
  0.0000 ,  0.0000 ,  0.0000 ,  0.0000 ,  0.0000 ,  0.0000 ,
  0.0000 ,  0.0000 ,  0.0000 ,  0.0000 ,  0.0000 ,  0.0000 ,
  0.0000 ,  0.0000 ,  0.0000 ,  0.0000 ,  0.0000 ,  0.0000 ,
  0.0000 ,  0.0000 ,  0.0000 ,  0.0000 ,  0.0000 ,  0.0000 ,
  0.0000 ,  0.0000 ,  0.0000 ,  0.0000 ,  0.0000 ,  0.0000 ,
  0.0000 ,  0.0000 ,  0.0000 ,  0.0000 ,  0.0000 ,  0.0000 ,
  0.0000 ,  0.0000 ,  0.0000 ,  0.0000 ,  0.0000 ,  0.0000 ,
  0.0000 ,  0.0000 ,  0.0000 ,  0.0000 ,  0.0000 ,  0.0000 ,
  0.0000 ,  0.0000 ,  0.0000 ,  0.0000 ,  0.0000 ,  0.0000 ,
  0.0000 ,  0.0000 ,  0.0000 ,  0.0000 ,  0.0000 ,  0.0000 ,
  0.0000 ,  0.0000 ,  0.0000 ,  0.0000 ,  0.0000 ,  0.0000 ,
  0.0000 ,  0.0000 ,  0.0000 ,  0.0000 ,  0.0000 ,  0.0000 ,
  0.0000 ,  0.0000 ,  0.0000 ,  0.0000 ,  0.0000 ,  0.0000 ,
  0.0000 ,  0.0000 ,  0.0000 ,  0.0000 ,  0.0000 ,  0.0000 ,
  0.0000 ,  0.0000 ,  0.0000 ,  0.0000 ,  0.0000 ,  0.0000 ,
  0.0000 ,  0.0000 ,  0.0000 ,  0.0000 ,  0.0000 ,  0.0000 ,
  0.0000 ,  0.0000 ,  0.0000 ,  0.0000 ,  0.0000 ,  0.0000 ,
  0.0000 ,  0.0000 ,  0.0000 ,  0.0000 ,  0.0000 ,  0.0000 ,
  0.0000 ,  0.0000 ,  0.0000 ,  0.0000 ,  0.0000 ,  0.0000 ,
  0.0000 ,  0.0000 ,  0.0000 ,  0.0000 ,  0.0000 ,  0.0000 ,
  0.0000 ,  0.0000 ,  0.0000 ,  0.0000 ,  0.0000 ,  0.0000 ,
  0.0000 ,  0.0000 ,  0.0000 ,  0.0000 ,  0.0000 ,  0.0000 ,
  0.0000 ,  0.0000 ,  0.0000 ,  0.0000 ,  0.0000 ,  0.0000 ,
  0.0000 ,  0.0000 ,  0.0000 ,  0.0000 ,  0.0000 ,  0.0000 ,
  0.0000 ,  0.0000 ,  0.0000 ,  0.0000 ,  0.0000 ,  0.0000 ,
  0.0000 ,  0.0000 ,  0.0000 ,  0.0000 ,  0.0000 ,  0.0000 ,
  0.0000 ,  0.0000 ,  0.0000 ,  0.0000 ,  0.0000 ,  0.0000 ,
  0.0000 ,  0.0000 ,  0.0000 ,  0.0000 ,  0.0000 ,  0.0000 ,
  0.0000 ,  0.0000 ,  0.0000 ,  0.0000 ,  0.0000 ,  0.0000 ,
  0.0000 ,  0.0000 ,  0.0000 ,  0.0000 ,  0.0000 ,  0.0000 ,
  0.0000 ,  0.0000 ,  0.0000 ,  0.0000 ,  0.0000 ,  0.0000 ,
  0.0000 ,  0.0000 ,  0.0000 ,  0.0000 ,  0.0000 ,  0.0000 ,
  0.0000 ,  0.0000 ,  0.0000 ,  0.0000 ,  0.0000 ,  0.0000 ,
  0.0000 ,  0.0000 ,  0.0000 ,  0.0000 ,  0.0000 ,  0.0000 ,
  0.0000 ,  0.0000 ,  0.0000 ,  0.0000 ,  0.0000 ,  0.0000 ,
  0.0000 ,  0.0000 ,  0.0000 ,  0.0000 ,  0.0000 ,  0.0000 ,
  0.0000 ,  0.0000 ,  0.0000 ,  0.0000 ,  0.0000 ,  0.0000 ,
  0.0000 ,  0.0000 ,  0.0000 ,  0.0000 ,  0.0000 ,  0.0000 ,
  0.0000 ,  0.0000 ,  0.0000 ,  0.0000 ,  0.0000 ,  0.0000 ,
  0.0000 ,  0.0000 ,  0.0000 ,  0.0000 ,  0.0000 ,  0.0000 ,
  0.0000 ,  0.0000 ,  0.0000 ,  0.0000 ,  0.0000 ,  0.0000 ,
  0.0000 ,  0.0000 ,  0.0000 ,  0.0000 ,  0.0000 ,  0.0000 ,
  0.0000 ,  0.0000 ,  0.0000 ,  0.0000 ,  0.0000 ,  0.0000 ,
  0.0000 ,  0.0000 ,  0.0000 ,  0.0000 ,  0.0000 ,  0.0000 ,
  0.0000 ,  0.0000 ,  0.0000 ,  0.0000 ,  0.0000 ,  0.0000 ,
  0.0000 ,  0.0000 ,  0.0000 ,  0.0000 ,  0.0000 ,  0.0000 ,
  0.0000 ,  0.0000 ,  0.0000 ,  0.0000 ,  0.0000 ,  0.0000 ,
  0.0000 ,  0.0000 ,  0.0000 ,  0.0000 ,  0.0000 ,  0.0000 ,
  0.0000 ,  0.0000 ,  0.0000 ,  0.0000 ,  0.0000 ,  0.0000 ,
  0.0000 ,  0.0000 ,  0.0000 ,  0.0000 ,  0.0000 ,  0.0000 ,
  0.0000 ,  0.0000 ,  0.0000 ,  0.0000 ,  0.0000 ,  0.0000 ,
  0.0000 ,  0.0000 ,  0.0000 ,  0.0000 ,  0.0000 ,  0.0000 ,
  0.0000 ,  0.0000 ,  0.0000 ,  0.0000 ,  0.0000 ,  0.0000 ,
  0.0000 ,  0.0000 ,  0.0000 ,  0.0000 ,  0.0000 ,  0.0000 ,
  0.0000 ,  0.0000 ,  0.0000 ,  0.0000 ,  0.0000 ,  0.0000 ,
  0.0000 ,  0.0000 ,  0.0000 ,  0.0000 ,  0.0000 ,  0.0000 ,
  0.0000 ,  0.0000 ,  0.0000 ,  0.0000 ,  0.0000 ,  0.0000 ,
  0.0000 ,  0.0000 ,  0.0000 ,  0.0000 ,  0.0000 ,  0.0000 ,
  0.0000 ,  0.0000 ,  0.0000 ,  0.0000 ,  0.0000 ,  0.0000 ,
  0.0000 ,  0.0000 ,  0.0000 ,  0.0000 ,  0.0000 ,  0.0000 ,
  0.0000 ,  0.0000 ,  0.0000 ,  0.0000 ,  0.0000 ,  0.0000 ,
  0.0000 ,  0.0000 ,  0.0000 ,  0.0000 ,  0.0000 ,  0.0000 ,
  0.0000 ,  0.0000 ,  0.0000 ,  0.0000 ,  0.0000 ,  0.0000 ,
  0.0000 ,  0.0000 ,  0.0000 ,  0.0000 ,  0.0000 ,  0.0000 ,
  0.0000 ,  0.0000 ,  0.0000 ,  0.0000 ,  0.0000 ,  0.0000 ,
  0.0000 ,  0.0000 ,  0.0000 ,  0.0000 ,  0.0000 ,  0.0000 ,
  0.0000 ,  0.0000 ,  0.0000 ,  0.0000 ,  0.0000 ,  0.0000 ,
  0.0000 ,  0.0000 ,  0.0000 ,  0.0000 ,  0.0000 ,  0.0000 ,
  0.0000 ,  0.0000 ,  0.0000 ,  0.0000 ,  0.0000 ,  0.0000 ,
  0.0000 ,  0.0000 ,  0.0000 ,  0.0000 ,  0.0000 ,  0.0000 ,
  0.0000 ,  0.0000 ,  0.0000 ,  0.0000 ,  0.0000 ,  0.0000 ,
  0.0000 ,  0.0000 ,  0.0000 ,  0.0000 ,  0.0000 ,  0.0000 ,
  0.0000 ,  0.0000 ,  0.0000 ,  0.0000 ,  0.0000 ,  0.0000 ,
  0.0000 ,  0.0000 ,  0.0000 ,  0.0000 ,  0.0000 ,  0.0000 ,
  0.0000 ,  0.0000 ,  0.0000 ,  0.0000 ,  0.0000 ,  0.0000 ,
  0.0000 ,  0.0000 ,  0.0000 ,  0.0000 ,  0.0000 ,  0.0000 ,
  0.0000 ,  0.0000 ,  0.0000 ,  0.0000 ,  0.0000 ,  0.0000 ,
  0.0000 ,  0.0000 ,  0.0000 ,  0.0000 ,  0.0000 ,  0.0000 ,
  0.0000 ,  0.0000 ,  0.0000 ,  0.0000 ,  0.0000 ,  0.0000 ,
  0.0000 ,  0.0000 ,  0.0000 ,  0.0000 ,  0.0000 ,  0.0000 ,
  0.0000 ,  0.0000 ,  0.0000 ,  0.0000 ,  0.0000 ,  0.0000 ,
  0.0000 ,  0.0000 ,  0.0000 ,  0.0000 ,  0.0000 ,  0.0000 ,
  0.0000 ,  0.0000 ,  0.0000 ,  0.0000 ,  0.0000 ,  0.0000 ,
  0.0000 ,  0.0000 ,  0.0000 ,  0.0000 ,  0.0000 ,  0.0000 ,
  0.0000 ,  0.0000 ,  0.0000 ,  0.0000 ,  0.0000 ,  0.0000 ,
  0.0000 ,  0.0000 ,  0.0000 ,  0.0000 ,  0.0000 ,  0.0000 ,
  0.0000 ,  0.0000 ,  0.0000 ,  0.0000 ,  0.0000 ,  0.0000 ,
  0.0000 ,  0.0000 ,  0.0000 ,  0.0000 ,  0.0000 ,  0.0000 ,
  0.0000 ,  0.0000 ,  0.0000 ,  0.0000 ,  0.0000 ,  0.0000 ,
  0.0000 ,  0.0000 ,  0.0000 ,  0.0000 ,  0.0000 ,  0.0000 ,
  0.0000 ,  0.0000 ,  0.0000 ,  0.0000 ,  0.0000 ,  0.0000 ,
  0.0000 ,  0.0000 ,  0.0000 ,  0.0000 ,  0.0000 ,  0.0000 ,
  0.0000 ,  0.0000 ,  0.0000 ,  0.0000 ,  0.0000 ,  0.0000 ,
  0.0000 ,  0.0000 ,  0.0000 ,  0.0000 ,  0.0000 ,  0.0000 ,
  0.0000 ,  0.0000 ,  0.0000 ,  0.0000 ,  0.0000 ,  0.0000 ,
  0.0000 ,  0.0000 ,  0.0000 ,  0.0000 ,  0.0000 ,  0.0000 ,
  0.0000 ,  0.0000 ,  0.0000 ,  0.0000 ,  0.0000 ,  0.0000 ,
  0.0000 ,  0.0000 ,  0.0000 ,  0.0000 ,  0.0000 ,  0.0000 ,
  0.0000 ,  0.0000 ,  0.0000 ,  0.0000 ,  0.0000 ,  0.0000 ,
  0.0000 ,  0.0000 ,  0.0000 ,  0.0000 ,  0.0000 ,  0.0000 ,
  0.0000 ,  0.0000 ,  0.0000 ,  0.0000 ,  0.0000 ,  0.0000 ,
  0.0000 ,  0.0000 ,  0.0000 ,  0.0000 ,  0.0000 ,  0.0000 ,
  0.0000 ,  0.0000 ,  0.0000 ,  0.0000 ,  0.0000 ,  0.0000 ,
  0.0000 ,  0.0000 ,  0.0000 ,  0.0000 ,  0.0000 ,  0.0000 ,
  0.0000 ,  0.0000 ,  0.0000 ,  0.0000 ,  0.0000 ,  0.0000 ,
  0.0000 ,  0.0000 ,  0.0000 ,  0.0000 ,  0.0000 ,  0.0000 ,
  0.0000 ,  0.0000 ,  0.0000 ,  0.0000 ,  0.0000 ,  0.0000 ,
  0.0000 ,  0.0000 ,  0.0000 ,  0.0000 ,  0.0000 ,  0.0000 ,
  0.0000 ,  0.0000 ,  0.0000 ,  0.0000 ,  0.0000 ,  0.0000 ,
  0.0000 ,  0.0000 ,  0.0000 ,  0.0000 ,  0.0000 ,  0.0000 ,
  0.0000 ,  0.0000 ,  0.0000 ,  0.0000 ,  0.0000 ,  0.0000 ,
  0.0000 ,  0.0000 ,  0.0000 ,  0.0000 ,  0.0000 ,  0.0000 ,
  0.0000 ,  0.0000 ,  0.0000 ,  0.0000 ,  0.0000 ,  0.0000 ,
  0.0000 ,  0.0000 ,  0.0000 ,  0.0000 ,  0.0000 ,  0.0000 ,
  0.0000 ,  0.0000 ,  0.0000 ,  0.0000 ,  0.0000 ,  0.0000 ,
  0.0000 ,  0.0000 ,  0.0000 ,  0.0000 ,  0.0000 ,  0.0000 ,
  0.0000 ,  0.0000 ,  0.0000 ,  0.0000 ,  0.0000 ,  0.0000 ,
  0.0000 ,  0.0000 ,  0.0000 ,  0.0000 ,  0.0000 ,  0.0000 ,
  0.0000 ,  0.0000 ,  0.0000 ,  0.0000 ,  0.0000 ,  0.0000 ,
  0.0000 ,  0.0000 ,  0.0000 ,  0.0000 ,  0.0000 ,  0.0000 ,
  0.0000 ,  0.0000 ,  0.0000 ,  0.0000 ,  0.0000 ,  0.0000 ,
  0.0000 ,  0.0000 ,  0.0000 ,  0.0000 ,  0.0000 ,  0.0000 ,
  0.0000 ,  0.0000 ,  0.0000 ,  0.0000 ,  0.0000 ,  0.0000 ,
  0.0000 ,  0.0000 ,  0.0000 ,  0.0000 ,  0.0000 ,  0.0000 ,
  0.0000 ,  0.0000 ,  0.0000 ,  0.0000 ,  0.0000 ,  0.0000 ,
  0.0000 ,  0.0000 ,  0.0000 ,  0.0000 ,  0.0000 ,  0.0000 ,
  0.0000 ,  0.0000 ,  0.0000 ,  0.0000 ,  0.0000 ,  0.0000 ,
  0.0000 ,  0.0000 ,  0.0000 ,  0.0000 ,  0.0000 ,  0.0000 ,
  0.0000 ,  0.0000 ,  0.0000 ,  0.0000 ,  0.0000 ,  0.0000 ,
  0.0000 ,  0.0000 ,  0.0000 ,  0.0000 ,  0.0000 ,  0.0000 ,
  0.0000 ,  0.0000 ,  0.0000 ,  0.0000 ,  0.0000 ,  0.0000 ,
  0.0000 ,  0.0000 ,  0.0000 ,  0.0000 ,  0.0000 ,  0.0000 ,
  0.0000 ,  0.0000 ,  0.0000 ,  0.0000 ,  0.0000 ,  0.0000 ,
  0.0000 ,  0.0000 ,  0.0000 ,  0.0000 ,  0.0000 ,  0.0000 ,
  0.0000 ,  0.0000 ,  0.0000 ,  0.0000 ,  0.0000 ,  0.0000 ,
  0.0000 ,  0.0000 ,  0.0000 ,  0.0000 ,  0.0000 ,  0.0000 ,
  0.0000 ,  0.0000 ,  0.0000 ,  0.0000 ,  0.0000 ,  0.0000 ,
  0.0000 ,  0.0000 ,  0.0000 ,  0.0000 ,  0.0000 ,  0.0000 ,
  0.0000 ,  0.0000 ,  0.0000 ,  0.0000 ,  0.0000 ,  0.0000 ,
  0.0000 ,  0.0000 ,  0.0000 ,  0.0000 ,  0.0000 ,  0.0000 ,
  0.0000 ,  0.0000 ,  0.0000 ,  0.0000 ,  0.0000 ,  0.0000 ,
  0.0000 ,  0.0000 ,  0.0000 ,  0.0000 ,  0.0000 ,  0.0000 ,
  0.0000 ,  0.0000 ,  0.0000 ,  0.0000 ,  0.0000 ,  0.0000 ,
  0.0000 ,  0.0000 ,  0.0000 ,  0.0000 ,  0.0000 ,  0.0000 ,
  0.0000 ,  0.0000 ,  0.0000 ,  0.0000 ,  0.0000 ,  0.0000 ,
  0.0000 ,  0.0000 ,  0.0000 ,  0.0000 ,  0.0000 ,  0.0000 ,
  0.0000 ,  0.0000 ,  0.0000 ,  0.0000 ,  0.0000 ,  0.0000 ,
  0.0000 ,  0.0000 ,  0.0000 ,  0.0000 ,  0.0000 ,  0.0000 ,
  0.0000 ,  0.0000 ,  0.0000 ,  0.0000 ,  0.0000 ,  0.0000 ,
  0.0000 ,  0.0000 ,  0.0000 ,  0.0000 ,  0.0000 ,  0.0000 ,
  0.0000 ,  0.0000 ,  0.0000 ,  0.0000 ,  0.0000 ,  0.0000 ,
  0.0000 ,  0.0000 ,  0.0000 ,  0.0000 ,  0.0000 ,  0.0000 ,
  0.0000 ,  0.0000 ,  0.0000 ,  0.0000 ,  0.0000 ,  0.0000 ,
  0.0000 ,  0.0000 ,  0.0000 ,  0.0000 ,  0.0000 ,  0.0000 ,
  0.0000 ,  0.0000 ,  0.0000 ,  0.0000 ,  0.0000 ,  0.0000 ,
  0.0000 ,  0.0000 ,  0.0000 ,  0.0000 ,  0.0000 ,  0.0000 ,
  0.0000 ,  0.0000 ,  0.0000 ,  0.0000 ,  0.0000 ,  0.0000 ,
  0.0000 ,  0.0000 ,  0.0000 ,  0.0000 ,  0.0000 ,  0.0000 ,
  0.0000 ,  0.0000 ,  0.0000 ,  0.0000 ,  0.0000 ,  0.0000 ,
  0.0000 ,  0.0000 ,  0.0000 ,  0.0000 ,  0.0000 ,  0.0000 ,
  0.0000 ,  0.0000 ,  0.0000 ,  0.0000 ,  0.0000 ,  0.0000 ,
  0.0000 ,  0.0000 ,  0.0000 ,  0.0000 ,  0.0000 ,  0.0000 ,
  0.0000 ,  0.0000 ,  0.0000 ,  0.0000 ,  0.0000 ,  0.0000 ,
  0.0000 ,  0.0000 ,  0.0000 ,  0.0000 ,  0.0000 ,  0.0000 ,
  0.0000 ,  0.0000 ,  0.0000 ,  0.0000 ,  0.0000 ,  0.0000 ,
  0.0000 ,  0.0000 ,  0.0000 ,  0.0000 ,  0.0000 ,  0.0000 ,
  0.0000 ,  0.0000 ,  0.0000 ,  0.0000 ,  0.0000 ,  0.0000 ,
  0.0000 ,  0.0000 ,  0.0000 ,  0.0000 ,  0.0000 ,  0.0000 ,
  0.0000 ,  0.0000 ,  0.0000 ,  0.0000 ,  0.0000 ,  0.0000 ,
  0.0000 ,  0.0000 ,  0.0000 ,  0.0000 ,  0.0000 ,  0.0000 ,
  0.0000 ,  0.0000 ,  0.0000 ,  0.0000 ,  0.0000 ,  0.0000 ,
  0.0000 ,  0.0000 ,  0.0000 ,  0.0000 ,  0.0000 ,  0.0000 ,
  0.0000 ,  0.0000 ,  0.0000 ,  0.0000 ,  0.0000 ,  0.0000 ,
  0.0000 ,  0.0000 ,  0.0000 ,  0.0000 ,  0.0000 ,  0.0000 ,
  0.0000 ,  0.0000 ,  0.0000 ,  0.0000 ,  0.0000 ,  0.0000 ,
  0.0000 ,  0.0000 ,  0.0000 ,  0.0000 ,  0.0000 ,  0.0000 ,
  0.0000 ,  0.0000 ,  0.0000 ,  0.0000 ,  0.0000 ,  0.0000 ,
  0.0000 ,  0.0000 ,  0.0000 ,  0.0000 ,  0.0000 ,  0.0000 ,
  0.0000 ,  0.0000 ,  0.0000 ,  0.0000 ,  0.0000 ,  0.0000 ,
  0.0000 ,  0.0000 ,  0.0000 ,  0.0000 ,  0.0000 ,  0.0000 ,
  0.0000 ,  0.0000 ,  0.0000 ,  0.0000 ,  0.0000 ,  0.0000 ,
  0.0000 ,  0.0000 ,  0.0000 ,  0.0000 ,  0.0000 ,  0.0000 ,
  0.0000 ,  0.0000 ,  0.0000 ,  0.0000 ,  0.0000 ,  0.0000 ,
  0.0000 ,  0.0000 ,  0.0000 ,  0.0000 ,  0.0000 ,  0.0000 ,
  0.0000 ,  0.0000 ,  0.0000 ,  0.0000 ,  0.0000 ,  0.0000 ,
  0.0000 ,  0.0000 ,  0.0000 ,  0.0000 ,  0.0000 ,  0.0000 ,
  0.0000 ,  0.0000 ,  0.0000 ,  0.0000 ,  0.0000 ,  0.0000 ,
  0.0000 ,  0.0000 ,  0.0000 ,  0.0000 ,  0.0000 ,  0.0000 ,
  0.0000 ,  0.0000 ,  0.0000 ,  0.0000 ,  0.0000 ,  0.0000 ,
  0.0000 ,  0.0000 ,  0.0000 ,  0.0000 ,  0.0000 ,  0.0000 ,
  0.0000 ,  0.0000 ,  0.0000 ,  0.0000 ,  0.0000 ,  0.0000 ,
  0.0000 ,  0.0000 ,  0.0000 ,  0.0000 ,  0.0000 ,  0.0000 ,
  0.0000 ,  0.0000 ,  0.0000 ,  0.0000 ,  0.0000 ,  0.0000 ,
  0.0000 ,  0.0000 ,  0.0000 ,  0.0000 ,  0.0000 ,  0.0000 ,
  0.0000 ,  0.0000 ,  0.0000 ,  0.0000 ,  0.0000 ,  0.0000 ,
  0.0000 ,  0.0000 ,  0.0000 ,  0.0000 ,  0.0000 ,  0.0000 ,
  0.0000 ,  0.0000 ,  0.0000 ,  0.0000 ,  0.0000 ,  0.0000 ,
  0.0000 ,  0.0000 ,  0.0000 ,  0.0000 ,  0.0000 ,  0.0000 ,
  0.0000 ,  0.0000 ,  0.0000 ,  0.0000 ,  0.0000 ,  0.0000 ,
  0.0000 ,  0.0000 ,  0.0000 ,  0.0000 ,  0.0000 ,  0.0000 ,
  0.0000 ,  0.0000 ,  0.0000 ,  0.0000 ,  0.0000 ,  0.0000 ,
  0.0000 ,  0.0000 ,  0.0000 ,  0.0000 ,  0.0000 ,  0.0000 ,
  0.0000 ,  0.0000 ,  0.0000 ,  0.0000 ,  0.0000 ,  0.0000 ,
  0.0000 ,  0.0000 ,  0.0000 ,  0.0000 ,  0.0000 ,  0.0000 ,
  0.0000 ,  0.0000 ,  0.0000 ,  0.0000 ,  0.0000 ,  0.0000 ,
  0.0000 ,  0.0000 ,  0.0000 ,  0.0000 ,  0.0000 ,  0.0000 ,
  0.0000 ,  0.0000 ,  0.0000 ,  0.0000 ,  0.0000 ,  0.0000 ,
  0.0000 ,  0.0000 ,  0.0000 ,  0.0000 ,  0.0000 ,  0.0000 ,
  0.0000 ,  0.0000 ,  0.0000 ,  0.0000 ,  0.0000 ,  0.0000 ,
  0.0000 ,  0.0000 ,  0.0000 ,  0.0000 ,  0.0000 ,  0.0000 ,
  0.0000 ,  0.0000 ,  0.0000 ,  0.0000 ,  0.0000 ,  0.0000 ,
  0.0000 ,  0.0000 ,  0.0000 ,  0.0000 ,  0.0000 ,  0.0000 ,
  0.0000 ,  0.0000 ,  0.0000 ,  0.0000 ,  0.0000 ,  0.0000 ,
  0.0000 ,  0.0000 ,  0.0000 ,  0.0000 ,  0.0000 ,  0.0000 ,
  0.0000 ,  0.0000 ,  0.0000 ,  0.0000 ,  0.0000 ,  0.0000 ,
  0.0000 ,  0.0000 ,  0.0000 ,  0.0000 ,  0.0000 ,  0.0000 ,
  0.0000 ,  0.0000 ,  0.0000 ,  0.0000 ,  0.0000 ,  0.0000 ,
  0.0000 ,  0.0000 ,  0.0000 ,  0.0000 ,  0.0000 ,  0.0000 ,
  0.0000 ,  0.0000 ,  0.0000 ,  0.0000 ,  0.0000 ,  0.0000 ,
  0.0000 ,  0.0000 ,  0.0000 ,  0.0000 ,  0.0000 ,  0.0000 ,
  0.0000 ,  0.0000 ,  0.0000 ,  0.0000 ,  0.0000 ,  0.0000 ,
  0.0000 ,  0.0000 ,  0.0000 ,  0.0000 ,  0.0000 ,  0.0000 ,
  0.0000 ,  0.0000 ,  0.0000 ,  0.0000 ,  0.0000 ,  0.0000 ,
  0.0000 ,  0.0000 ,  0.0000 ,  0.0000 ,  0.0000 ,  0.0000 ,
  0.0000 ,  0.0000 ,  0.0000 ,  0.0000 ,  0.0000 ,  0.0000 ,
  0.0000 ,  0.0000 ,  0.0000 ,  0.0000 ,  0.0000 ,  0.0000 ,
  0.0000 ,  0.0000 ,  0.0000 ,  0.0000 ,  0.0000 ,  0.0000 ,
  0.0000 ,  0.0000 ,  0.0000 ,  0.0000 ,  0.0000 ,  0.0000 ,
  0.0000 ,  0.0000 ,  0.0000 ,  0.0000 ,  0.0000 ,  0.0000 ,
  0.0000 ,  0.0000 ,  0.0000 ,  0.0000 ,  0.0000 ,  0.0000 ,
  0.0000 ,  0.0000 ,  0.0000 ,  0.0000 ,  0.0000 ,  0.0000 ,
  0.0000 ,  0.0000 ,  0.0000 ,  0.0000 ,  0.0000 ,  0.0000 ,
  0.0000 ,  0.0000 ,  0.0000 ,  0.0000 ,  0.0000 ,  0.0000 ,
  0.0000 ,  0.0000 ,  0.0000 ,  0.0000 ,  0.0000 ,  0.0000 ,
  0.0000 ,  0.0000 ,  0.0000 ,  0.0000 ,  0.0000 ,  0.0000 ,
  0.0000 ,  0.0000 ,  0.0000 ,  0.0000 ,  0.0000 ,  0.0000 ,
  0.0000 ,  0.0000 ,  0.0000 ,  0.0000 ,  0.0000 ,  0.0000 ,
  0.0000 ,  0.0000 ,  0.0000 ,  0.0000 ,  0.0000 ,  0.0000 ,
  0.0000 ,  0.0000 ,  0.0000 ,  0.0000 ,  0.0000 ,  0.0000 ,
  0.0000 ,  0.0000 ,  0.0000 ,  0.0000 ,  0.0000 ,  0.0000 ,
  0.0000 ,  0.0000 ,  0.0000 ,  0.0000 ,  0.0000 ,  0.0000 ,
  0.0000 ,  0.0000 ,  0.0000 ,  0.0000 ,  0.0000 ,  0.0000 ,
  0.0000 ,  0.0000 ,  0.0000 ,  0.0000 ,  0.0000 ,  0.0000 ,
  0.0000 ,  0.0000 ,  0.0000 ,  0.0000 ,  0.0000 ,  0.0000 ,
  0.0000 ,  0.0000 ,  0.0000 ,  0.0000 ,  0.0000 ,  0.0000 ,
  0.0000 ,  0.0000 ,  0.0000 ,  0.0000 ,  0.0000 ,  0.0000 ,
  0.0000 ,  0.0000 ,  0.0000 ,  0.0000 ,  0.0000 ,  0.0000 ,
  0.0000 ,  0.0000 ,  0.0000 ,  0.0000 ,  0.0000 ,  0.0000 ,
  0.0000 ,  0.0000 ,  0.0000 ,  0.0000 ,  0.0000 ,  0.0000 ,
  0.0000 ,  0.0000 ,  0.0000 ,  0.0000 ,  0.0000 ,  0.0000 ,
  0.0000 ,  0.0000 ,  0.0000 ,  0.0000 ,  0.0000 ,  0.0000 ,
  0.0000 ,  0.0000 ,  0.0000 ,  0.0000 ,  0.0000 ,  0.0000 ,
  0.0000 ,  0.0000 ,  0.0000 ,  0.0000 ,  0.0000 ,  0.0000 ,
  0.0000 ,  0.0000 ,  0.0000 ,  0.0000 ,  0.0000 ,  0.0000 ,
  0.0000 ,  0.0000 ,  0.0000 ,  0.0000 ,  0.0000 ,  0.0000 ,
  0.0000 ,  0.0000 ,  0.0000 ,  0.0000 ,  0.0000 ,  0.0000 ,
  0.0000 ,  0.0000 ,  0.0000 ,  0.0000 ,  0.0000 ,  0.0000 ,
  0.0000 ,  0.0000 ,  0.0000 ,  0.0000 ,  0.0000 ,  0.0000 ,
  0.0000 ,  0.0000 ,  0.0000 ,  0.0000 ,  0.0000 ,  0.0000 ,
  0.0000 ,  0.0000 ,  0.0000 ,  0.0000 ,  0.0000 ,  0.0000 ,
  0.0000 ,  0.0000 ,  0.0000 ,  0.0000 ,  0.0000 ,  0.0000 ,
  0.0000 ,  0.0000 ,  0.0000 ,  0.0000 ,  0.0000 ,  0.0000 ,
  0.0000 ,  0.0000 ,  0.0000 ,  0.0000 ,  0.0000 ,  0.0000 ,
  0.0000 ,  0.0000 ,  0.0000 ,  0.0000 ,  0.0000 ,  0.0000 ,
  0.0000 ,  0.0000 ,  0.0000 ,  0.0000 ,  0.0000 ,  0.0000 ,
  0.0000 ,  0.0000 ,  0.0000 ,  0.0000 ,  0.0000 ,  0.0000 ,
  0.0000 ,  0.0000 ,  0.0000 ,  0.0000 ,  0.0000 ,  0.0000 ,
  0.0000 ,  0.0000 ,  0.0000 ,  0.0000 ,  0.0000 ,  0.0000 ,
  0.0000 ,  0.0000 ,  0.0000 ,  0.0000 ,  0.0000 ,  0.0000 ,
  0.0000 ,  0.0000 ,  0.0000 ,  0.0000 ,  0.0000 ,  0.0000 ,
  0.0000 ,  0.0000 ,  0.0000 ,  0.0000 ,  0.0000 ,  0.0000 ,
  0.0000 ,  0.0000 ,  0.0000 ,  0.0000 ,  0.0000 ,  0.0000 ,
  0.0000 ,  0.0000 ,  0.0000 ,  0.0000 ,  0.0000 ,  0.0000 ,
  0.0000 ,  0.0000 ,  0.0000 ,  0.0000 ,  0.0000 ,  0.0000 ,
  0.0000 ,  0.0000 ,  0.0000 ,  0.0000 ,  0.0000 ,  0.0000 ,
  0.0000 ,  0.0000 ,  0.0000 ,  0.0000 ,  0.0000 ,  0.0000 ,
  0.0000 ,  0.0000 ,  0.0000 ,  0.0000 ,  0.0000 ,  0.0000 ,
  0.0000 ,  0.0000 ,  0.0000 ,  0.0000 ,  0.0000 ,  0.0000 ,
  0.0000 ,  0.0000 ,  0.0000 ,  0.0000 ,  0.0000 ,  0.0000 ,
  0.0000 ,  0.0000 ,  0.0000 ,  0.0000 ,  0.0000 ,  0.0000 ,
  0.0000 ,  0.0000 ,  0.0000 ,  0.0000 ,  0.0000 ,  0.0000 ,
  0.0000 ,  0.0000 ,  0.0000 ,  0.0000 ,  0.0000 ,  0.0000 ,
  0.0000 ,  0.0000 ,  0.0000 ,  0.0000 ,  0.0000 ,  0.0000 ,
  0.0000 ,  0.0000 ,  0.0000 ,  0.0000 ,  0.0000 ,  0.0000 ,
  0.0000 ,  0.0000 ,  0.0000 ,  0.0000 ,  0.0000 ,  0.0000 ,
  0.0000 ,  0.0000 ,  0.0000 ,  0.0000 ,  0.0000 ,  0.0000 ,
  0.0000 ,  0.0000 ,  0.0000 ,  0.0000 ,  0.0000 ,  0.0000 ,
  0.0000 ,  0.0000 ,  0.0000 ,  0.0000 ,  0.0000 ,  0.0000 ,
  0.0000 ,  0.0000 ,  0.0000 ,  0.0000 ,  0.0000 ,  0.0000 ,
  0.0000 ,  0.0000 ,  0.0000 ,  0.0000 ,  0.0000 ,  0.0000 ,
  0.0000 ,  0.0000 ,  0.0000 ,  0.0000 ,  0.0000 ,  0.0000 ,
  0.0000 ,  0.0000 ,  0.0000 ,  0.0000 ,  0.0000 ,  0.0000 ,
  0.0000 ,  0.0000 ,  0.0000 ,  0.0000 ,  0.0000 ,  0.0000 ,
  0.0000 ,  0.0000 ,  0.0000 ,  0.0000 ,  0.0000 ,  0.0000 ,
  0.0000 ,  0.0000 ,  0.0000 ,  0.0000 ,  0.0000 ,  0.0000 ,
  0.0000 ,  0.0000 ,  0.0000 ,  0.0000 ,  0.0000 ,  0.0000 ,
  0.0000 ,  0.0000 ,  0.0000 ,  0.0000 ,  0.0000 ,  0.0000 ,
  0.0000 ,  0.0000 ,  0.0000 ,  0.0000 ,  0.0000 ,  0.0000 ,
  0.0000 ,  0.0000 ,  0.0000 ,  0.0000 ,  0.0000 ,  0.0000 ,
  0.0000 ,  0.0000 ,  0.0000 ,  0.0000 ,  0.0000 ,  0.0000 ,
  0.0000 ,  0.0000 ,  0.0000 ,  0.0000 ,  0.0000 ,  0.0000 ,
  0.0000 ,  0.0000 ,  0.0000 ,  0.0000 ,  0.0000 ,  0.0000 ,
  0.0000 ,  0.0000 ,  0.0000 ,  0.0000 ,  0.0000 ,  0.0000 ,
  0.0000 ,  0.0000 ,  0.0000 ,  0.0000 ,  0.0000 ,  0.0000 ,
  0.0000 ,  0.0000 ,  0.0000 ,  0.0000 ,  0.0000 ,  0.0000 ,
  0.0000 ,  0.0000 ,  0.0000 ,  0.0000 ,  0.0000 ,  0.0000 ,
  0.0000 ,  0.0000 ,  0.0000 ,  0.0000 ,  0.0000 ,  0.0000 ,
  0.0000 ,  0.0000 ,  0.0000 ,  0.0000 ,  0.0000 ,  0.0000 ,
  0.0000 ,  0.0000 ,  0.0000 ,  0.0000 ,  0.0000 ,  0.0000 ,
  0.0000 ,  0.0000 ,  0.0000 ,  0.0000 ,  0.0000 ,  0.0000 ,
  0.0000 ,  0.0000 ,  0.0000 ,  0.0000 ,  0.0000 ,  0.0000 ,
  0.0000 ,  0.0000 ,  0.0000 ,  0.0000 ,  0.0000 ,  0.0000 ,
  0.0000 ,  0.0000 ,  0.0000 ,  0.0000 ,  0.0000 ,  0.0000 ,
  0.0000 ,  0.0000 ,  0.0000 ,  0.0000 ,  0.0000 ,  0.0000 ,
  0.0000 ,  0.0000 ,  0.0000 ,  0.0000 ,  0.0000 ,  0.0000 ,
  0.0000 ,  0.0000 ,  0.0000 ,  0.0000 ,  0.0000 ,  0.0000 ,
  0.0000 ,  0.0000 ,  0.0000 ,  0.0000 ,  0.0000 ,  0.0000 ,
  0.0000 ,  0.0000 ,  0.0000 ,  0.0000 ,  0.0000 ,  0.0000 ,
  0.0000 ,  0.0000 ,  0.0000 ,  0.0000 ,  0.0000 ,  0.0000 ,
  0.0000 ,  0.0000 ,  0.0000 ,  0.0000 ,  0.0000 ,  0.0000 ,
  0.0000 ,  0.0000 ,  0.0000 ,  0.0000 ,  0.0000 ,  0.0000 ,
  0.0000 ,  0.0000 ,  0.0000 ,  0.0000 ,  0.0000 ,  0.0000 ,
  0.0000 ,  0.0000 ,  0.0000 ,  0.0000 ,  0.0000 ,  0.0000 ,
  0.0000 ,  0.0000 ,  0.0000 ,  0.0000 ,  0.0000 ,  0.0000 ,
  0.0000 ,  0.0000 ,  0.0000 ,  0.0000 ,  0.0000 ,  0.0000 ,
  0.0000 ,  0.0000 ,  0.0000 ,  0.0000 ,  0.0000 ,  0.0000 ,
  0.0000 ,  0.0000 ,  0.0000 ,  0.0000 ,  0.0000 ,  0.0000 ,
  0.0000 ,  0.0000 ,  0.0000 ,  0.0000 ,  0.0000 ,  0.0000 ,
  0.0000 ,  0.0000 ,  0.0000 ,  0.0000 ,  0.0000 ,  0.0000 ,
  0.0000 ,  0.0000 ,  0.0000 ,  0.0000 ,  0.0000 ,  0.0000 ,
  0.0000 ,  0.0000 ,  0.0000 ,  0.0000 ,  0.0000 ,  0.0000 ,
  0.0000 ,  0.0000 ,  0.0000 ,  0.0000 ,  0.0000 ,  0.0000 ,
  0.0000 ,  0.0000 ,  0.0000 ,  0.0000 ,  0.0000 ,  0.0000 ,
  0.0000 ,  0.0000 ,  0.0000 ,  0.0000 ,  0.0000 ,  0.0000 ,
  0.0000 ,  0.0000 ,  0.0000 ,  0.0000 ,  0.0000 ,  0.0000 ,
  0.0000 ,  0.0000 ,  0.0000 ,  0.0000 ,  0.0000 ,  0.0000 ,
  0.0000 ,  0.0000 ,  0.0000 ,  0.0000 ,  0.0000 ,  0.0000 ,
  0.0000 ,  0.0000 ,  0.0000 ,  0.0000 ,  0.0000 ,  0.0000 ,
  0.0000 ,  0.0000 ,  0.0000 ,  0.0000 ,  0.0000 ,  0.0000 ,
  0.0000 ,  0.0000 ,  0.0000 ,  0.0000 ,  0.0000 ,  0.0000 ,
  0.0000 ,  0.0000 ,  0.0000 ,  0.0000 ,  0.0000 ,  0.0000 ,
  0.0000 ,  0.0000 ,  0.0000 ,  0.0000 ,  0.0000 ,  0.0000 ,
  0.0000 ,  0.0000 ,  0.0000 ,  0.0000 ,  0.0000 ,  0.0000 ,
  0.0000 ,  0.0000 ,  0.0000 ,  0.0000 ,  0.0000 ,  0.0000 ,
  0.0000 ,  0.0000 ,  0.0000 ,  0.0000 ,  0.0000 ,  0.0000 ,
  0.0000 ,  0.0000 ,  0.0000 ,  0.0000 ,  0.0000 ,  0.0000 ,
  0.0000 ,  0.0000 ,  0.0000 ,  0.0000 ,  0.0000 ,  0.0000 ,
  0.0000 ,  0.0000 ,  0.0000 ,  0.0000 ,  0.0000 ,  0.0000 ,
  0.0000 ,  0.0000 ,  0.0000 ,  0.0000 ,  0.0000 ,  0.0000 ,
  0.0000 ,  0.0000 ,  0.0000 ,  0.0000 ,  0.0000 ,  0.0000 ,
  0.0000 ,  0.0000 ,  0.0000 ,  0.0000 ,  0.0000 ,  0.0000 ,
  0.0000 ,  0.0000 ,  0.0000 ,  0.0000 ,  0.0000 ,  0.0000 ,
  0.0000 ,  0.0000 ,  0.0000 ,  0.0000 ,  0.0000 ,  0.0000 ,
  0.0000 ,  0.0000 ,  0.0000 ,  0.0000 ,  0.0000 ,  0.0000 ,
  0.0000 ,  0.0000 ,  0.0000 ,  0.0000 ,  0.0000 ,  0.0000 ,
  0.0000 ,  0.0000 ,  0.0000 ,  0.0000 ,  0.0000 ,  0.0000 ,
  0.0000 ,  0.0000 ,  0.0000 ,  0.0000 ,  0.0000 ,  0.0000 ,
  0.0000 ,  0.0000 ,  0.0000 ,  0.0000 ,  0.0000 ,  0.0000 ,
  0.0000 ,  0.0000 ,  0.0000 ,  0.0000 ,  0.0000 ,  0.0000 ,
  0.0000 ,  0.0000 ,  0.0000 ,  0.0000 ,  0.0000 ,  0.0000 ,
  0.0000 ,  0.0000 ,  0.0000 ,  0.0000 ,  0.0000 ,  0.0000 ,
  0.0000 ,  0.0000 ,  0.0000 ,  0.0000 ,  0.0000 ,  0.0000 ,
  0.0000 ,  0.0000 ,  0.0000 ,  0.0000 ,  0.0000 ,  0.0000 ,
  0.0000 ,  0.0000 ,  0.0000 ,  0.0000 ,  0.0000 ,  0.0000 ,
  0.0000 ,  0.0000 ,  0.0000 ,  0.0000 ,  0.0000 ,  0.0000 ,
  0.0000 ,  0.0000 ,  0.0000 ,  0.0000 ,  0.0000 ,  0.0000 ,
  0.0000 ,  0.0000 ,  0.0000 ,  0.0000 ,  0.0000 ,  0.0000 ,
  0.0000 ,  0.0000 ,  0.0000 ,  0.0000 ,  0.0000 ,  0.0000 ,
  0.0000 ,  0.0000 ,  0.0000 ,  0.0000 ,  0.0000 ,  0.0000 ,
  0.0000 ,  0.0000 ,  0.0000 ,  0.0000 ,  0.0000 ,  0.0000 ,
  0.0000 ,  0.0000 ,  0.0000 ,  0.0000 ,  0.0000 ,  0.0000 ,
  0.0000 ,  0.0000 ,  0.0000 ,  0.0000 ,  0.0000 ,  0.0000 ,
  0.0000 ,  0.0000 ,  0.0000 ,  0.0000 ,  0.0000 ,  0.0000 ,
  0.0000 ,  0.0000 ,  0.0000 ,  0.0000 ,  0.0000 ,  0.0000 ,
  0.0000 ,  0.0000 ,  0.0000 ,  0.0000 ,  0.0000 ,  0.0000 ,
  0.0000 ,  0.0000 ,  0.0000 ,  0.0000 ,  0.0000 ,  0.0000 ,
  0.0000 ,  0.0000 ,  0.0000 ,  0.0000 ,  0.0000 ,  0.0000 ,
  0.0000 ,  0.0000 ,  0.0000 ,  0.0000 ,  0.0000 ,  0.0000 ,
  0.0000 ,  0.0000 ,  0.0000 ,  0.0000 ,  0.0000 ,  0.0000 ,
  0.0000 ,  0.0000 ,  0.0000 ,  0.0000 ,  0.0000 ,  0.0000 ,
  0.0000 ,  0.0000 ,  0.0000 ,  0.0000 ,  0.0000 ,  0.0000 ,
  0.0000 ,  0.0000 ,  0.0000 ,  0.0000 ,  0.0000 ,  0.0000 ,
  0.0000 ,  0.0000 ,  0.0000 ,  0.0000 ,  0.0000 ,  0.0000 ,
  0.0000 ,  0.0000 ,  0.0000 ,  0.0000 ,  0.0000 ,  0.0000 ,
  0.0000 ,  0.0000 ,  0.0000 ,  0.0000 ,  0.0000 ,  0.0000 ,
  0.0000 ,  0.0000 ,  0.0000 ,  0.0000 ,  0.0000 ,  0.0000 ,
  0.0000 ,  0.0000 ,  0.0000 ,  0.0000 ,  0.0000 ,  0.0000 ,
  0.0000 ,  0.0000 ,  0.0000 ,  0.0000 ,  0.0000 ,  0.0000 ,
  0.0000 ,  0.0000 ,  0.0000 ,  0.0000 ,  0.0000 ,  0.0000 ,
  0.0000 ,  0.0000 ,  0.0000 ,  0.0000 ,  0.0000 ,  0.0000 ,
  0.0000 ,  0.0000 ,  0.0000 ,  0.0000 ,  0.0000 ,  0.0000 ,
  0.0000 ,  0.0000 ,  0.0000 ,  0.0000 ,  0.0000 ,  0.0000 ,
  0.0000 ,  0.0000 ,  0.0000 ,  0.0000 ,  0.0000 ,  0.0000 ,
  0.0000 ,  0.0000 ,  0.0000 ,  0.0000 ,  0.0000 ,  0.0000 ,
  0.0000 ,  0.0000 ,  0.0000 ,  0.0000 ,  0.0000 ,  0.0000 ,
  0.0000 ,  0.0000 ,  0.0000 ,  0.0000 ,  0.0000 ,  0.0000 ,
  0.0000 ,  0.0000 ,  0.0000 ,  0.0000 ,  0.0000 ,  0.0000 ,
  0.0000 ,  0.0000 ,  0.0000 ,  0.0000 ,  0.0000 ,  0.0000 ,
  0.0000 ,  0.0000 ,  0.0000 ,  0.0000 ,  0.0000 ,  0.0000 ,
  0.0000 ,  0.0000 ,  0.0000 ,  0.0000 ,  0.0000 ,  0.0000 ,
  0.0000 ,  0.0000 ,  0.0000 ,  0.0000 ,  0.0000 ,  0.0000 ,
  0.0000 ,  0.0000 ,  0.0000 ,  0.0000 ,  0.0000 ,  0.0000 ,
  0.0000 ,  0.0000 ,  0.0000 ,  0.0000 ,  0.0000 ,  0.0000 ,
  0.0000 ,  0.0000 ,  0.0000 ,  0.0000 ,  0.0000 ,  0.0000 ,
  0.0000 ,  0.0000 ,  0.0000 ,  0.0000 ,  0.0000 ,  0.0000 ,
  0.0000 ,  0.0000 ,  0.0000 ,  0.0000 ,  0.0000 ,  0.0000 ,
  0.0000 ,  0.0000 ,  0.0000 ,  0.0000 ,  0.0000 ,  0.0000 ,
  0.0000 ,  0.0000 ,  0.0000 ,  0.0000 ,  0.0000 ,  0.0000 ,
  0.0000 ,  0.0000 ,  0.0000 ,  0.0000 ,  0.0000 ,  0.0000 ,
  0.0000 ,  0.0000 ,  0.0000 ,  0.0000 ,  0.0000 ,  0.0000 ,
  0.0000 ,  0.0000 ,  0.0000 ,  0.0000 ,  0.0000 ,  0.0000 ,
  0.0000 ,  0.0000 ,  0.0000 ,  0.0000 ,  0.0000 ,  0.0000 ,
  0.0000 ,  0.0000 ,  0.0000 ,  0.0000 ,  0.0000 ,  0.0000 ,
  0.0000 ,  0.0000 ,  0.0000 ,  0.0000 ,  0.0000 ,  0.0000 ,
  0.0000 ,  0.0000 ,  0.0000 ,  0.0000 ,  0.0000 ,  0.0000 ,
  0.0000 ,  0.0000 ,  0.0000 ,  0.0000 ,  0.0000 ,  0.0000 ,
  0.0000 ,  0.0000 ,  0.0000 ,  0.0000 ,  0.0000 ,  0.0000 ,
  0.0000 ,  0.0000 ,  0.0000 ,  0.0000 ,  0.0000 ,  0.0000 ,
  0.0000 ,  0.0000 ,  0.0000 ,  0.0000 ,  0.0000 ,  0.0000 ,
  0.0000 ,  0.0000 ,  0.0000 ,  0.0000 ,  0.0000 ,  0.0000 ,
  0.0000 ,  0.0000 ,  0.0000 ,  0.0000 ,  0.0000 ,  0.0000 ,
  0.0000 ,  0.0000 ,  0.0000 ,  0.0000 ,  0.0000 ,  0.0000 ,
  0.0000 ,  0.0000 ,  0.0000 ,  0.0000 ,  0.0000 ,  0.0000 ,
  0.0000 ,  0.0000 ,  0.0000 ,  0.0000 ,  0.0000 ,  0.0000 ,
  0.0000 ,  0.0000 ,  0.0000 ,  0.0000 ,  0.0000 ,  0.0000 ,
  0.0000 ,  0.0000 ,  0.0000 ,  0.0000 ,  0.0000 ,  0.0000 ,
  0.0000 ,  0.0000 ,  0.0000 ,  0.0000 ,  0.0000 ,  0.0000 ,
  0.0000 ,  0.0000 ,  0.0000 ,  0.0000 ,  0.0000 ,  0.0000 ,
  0.0000 ,  0.0000 ,  0.0000 ,  0.0000 ,  0.0000 ,  0.0000 ,
  0.0000 ,  0.0000 ,  0.0000 ,  0.0000 ,  0.0000 ,  0.0000 ,
  0.0000 ,  0.0000 ,  0.0000 ,  0.0000 ,  0.0000 ,  0.0000 ,
  0.0000 ,  0.0000 ,  0.0000 ,  0.0000 ,  0.0000 ,  0.0000 ,
  0.0000 ,  0.0000 ,  0.0000 ,  0.0000 ,  0.0000 ,  0.0000 ,
  0.0000 ,  0.0000 ,  0.0000 ,  0.0000 ,  0.0000 ,  0.0000 ,
  0.0000 ,  0.0000 ,  0.0000 ,  0.0000 ,  0.0000 ,  0.0000 ,
  0.0000 ,  0.0000 ,  0.0000 ,  0.0000 ,  0.0000 ,  0.0000 ,
  0.0000 ,  0.0000 ,  0.0000 ,  0.0000 ,  0.0000 ,  0.0000 ,
  0.0000 ,  0.0000 ,  0.0000 ,  0.0000 ,  0.0000 ,  0.0000 ,
  0.0000 ,  0.0000 ,  0.0000 ,  0.0000 ,  0.0000 ,  0.0000 ,
  0.0000 ,  0.0000 ,  0.0000 ,  0.0000 ,  0.0000 ,  0.0000 ,
  0.0000 ,  0.0000 ,  0.0000 ,  0.0000 ,  0.0000 ,  0.0000 ,
  0.0000 ,  0.0000 ,  0.0000 ,  0.0000 ,  0.0000 ,  0.0000 ,
  0.0000 ,  0.0000 ,  0.0000 ,  0.0000 ,  0.0000 ,  0.0000 ,
  0.0000 ,  0.0000 ,  0.0000 ,  0.0000 ,  0.0000 ,  0.0000 ,
  0.0000 ,  0.0000 ,  0.0000 ,  0.0000 ,  0.0000 ,  0.0000 ,
  0.0000 ,  0.0000 ,  0.0000 ,  0.0000 ,  0.0000 ,  0.0000 ,
  0.0000 ,  0.0000 ,  0.0000 ,  0.0000 ,  0.0000 ,  0.0000 ,
  0.0000 ,  0.0000 ,  0.0000 ,  0.0000 ,  0.0000 ,  0.0000 ,
  0.0000 ,  0.0000 ,  0.0000 ,  0.0000 ,  0.0000 ,  0.0000 ,
  0.0000 ,  0.0000 ,  0.0000 ,  0.0000 ,  0.0000 ,  0.0000 ,
  0.0000 ,  0.0000 ,  0.0000 ,  0.0000 ,  0.0000 ,  0.0000 ,
  0.0000 ,  0.0000 ,  0.0000 ,  0.0000 ,  0.0000 ,  0.0000 ,
  0.0000 ,  0.0000 ,  0.0000 ,  0.0000 ,  0.0000 ,  0.0000 ,
  0.0000 ,  0.0000 ,  0.0000 ,  0.0000 ,  0.0000 ,  0.0000 ,
  0.0000 ,  0.0000 ,  0.0000 ,  0.0000 ,  0.0000 ,  0.0000 ,
  0.0000 ,  0.0000 ,  0.0000 ,  0.0000 ,  0.0000 ,  0.0000 ,
  0.0000 ,  0.0000 ,  0.0000 ,  0.0000 ,  0.0000 ,  0.0000 ,
  0.0000 ,  0.0000 ,  0.0000 ,  0.0000 ,  0.0000 ,  0.0000 ,
  0.0000 ,  0.0000 ,  0.0000 ,  0.0000 ,  0.0000 ,  0.0000 ,
  0.0000 ,  0.0000 ,  0.0000 ,  0.0000 ,  0.0000 ,  0.0000 ,
  0.0000 ,  0.0000 ,  0.0000 ,  0.0000 ,  0.0000 ,  0.0000 ,
  0.0000 ,  0.0000 ,  0.0000 ,  0.0000 ,  0.0000 ,  0.0000 ,
  0.0000 ,  0.0000 ,  0.0000 ,  0.0000 ,  0.0000 ,  0.0000 ,
  0.0000 ,  0.0000 ,  0.0000 ,  0.0000 ,  0.0000 ,  0.0000 ,
  0.0000 ,  0.0000 ,  0.0000 ,  0.0000 ,  0.0000 ,  0.0000 ,
  0.0000 ,  0.0000 ,  0.0000 ,  0.0000 ,  0.0000 ,  0.0000 ,
  0.0000 ,  0.0000 ,  0.0000 ,  0.0000 ,  0.0000 ,  0.0000 ,
  0.0000 ,  0.0000 ,  0.0000 ,  0.0000 ,  0.0000 ,  0.0000 ,
  0.0000 ,  0.0000 ,  0.0000 ,  0.0000 ,  0.0000 ,  0.0000 ,
  0.0000 ,  0.0000 ,  0.0000 ,  0.0000 ,  0.0000 ,  0.0000 ,
  0.0000 ,  0.0000 ,  0.0000 ,  0.0000 ,  0.0000 ,  0.0000 ,
  0.0000 ,  0.0000 ,  0.0000 ,  0.0000 ,  0.0000 ,  0.0000 ,
  0.0000 ,  0.0000 ,  0.0000 ,  0.0000 ,  0.0000 ,  0.0000 ,
  0.0000 ,  0.0000 ,  0.0000 ,  0.0000 ,  0.0000 ,  0.0000 ,
  0.0000 ,  0.0000 ,  0.0000 ,  0.0000 ,  0.0000 ,  0.0000 ,
  0.0000 ,  0.0000 ,  0.0000 ,  0.0000 ,  0.0000 ,  0.0000 ,
  0.0000 ,  0.0000 ,  0.0000 ,  0.0000 ,  0.0000 ,  0.0000 ,
  0.0000 ,  0.0000 ,  0.0000 ,  0.0000 ,  0.0000 ,  0.0000 ,
  0.0000 ,  0.0000 ,  0.0000 ,  0.0000 ,  0.0000 ,  0.0000 ,
  0.0000 ,  0.0000 ,  0.0000 ,  0.0000 ,  0.0000 ,  0.0000 ,
  0.0000 ,  0.0000 ,  0.0000 ,  0.0000 ,  0.0000 ,  0.0000 ,
  0.0000 ,  0.0000 ,  0.0000 ,  0.0000 ,  0.0000 ,  0.0000 ,
  0.0000 ,  0.0000 ,  0.0000 ,  0.0000 ,  0.0000 ,  0.0000 ,
  0.0000 ,  0.0000 ,  0.0000 ,  0.0000 ,  0.0000 ,  0.0000 ,
  0.0000 ,  0.0000 ,  0.0000 ,  0.0000 ,  0.0000 ,  0.0000 ,
  0.0000 ,  0.0000 ,  0.0000 ,  0.0000 ,  0.0000 ,  0.0000 ,
  0.0000 ,  0.0000 ,  0.0000 ,  0.0000 ,  0.0000 ,  0.0000 ,
  0.0000 ,  0.0000 ,  0.0000 ,  0.0000 ,  0.0000 ,  0.0000 ,
  0.0000 ,  0.0000 ,  0.0000 ,  0.0000 ,  0.0000 ,  0.0000 ,
  0.0000 ,  0.0000 ,  0.0000 ,  0.0000 ,  0.0000 ,  0.0000 ,
  0.0000 ,  0.0000 ,  0.0000 ,  0.0000 ,  0.0000 ,  0.0000 ,
  0.0000 ,  0.0000 ,  0.0000 ,  0.0000 ,  0.0000 ,  0.0000 ,
  0.0000 ,  0.0000 ,  0.0000 ,  0.0000 ,  0.0000 ,  0.0000 ,
  0.0000 ,  0.0000 ,  0.0000 ,  0.0000 ,  0.0000 ,  0.0000 ,
  0.0000 ,  0.0000 ,  0.0000 ,  0.0000 ,  0.0000 ,  0.0000 ,
  0.0000 ,  0.0000 ,  0.0000 ,  0.0000 ,  0.0000 ,  0.0000 ,
  0.0000 ,  0.0000 ,  0.0000 ,  0.0000 ,  0.0000 ,  0.0000 ,
  0.0000 ,  0.0000 ,  0.0000 ,  0.0000 ,  0.0000 ,  0.0000 ,
  0.0000 ,  0.0000 ,  0.0000 ,  0.0000 ,  0.0000 ,  0.0000 ,
  0.0000 ,  0.0000 ,  0.0000 ,  0.0000 ,  0.0000 ,  0.0000 ,
  0.0000 ,  0.0000 ,  0.0000 ,  0.0000 ,  0.0000 ,  0.0000 ,
  0.0000 ,  0.0000 ,  0.0000 ,  0.0000 ,  0.0000 ,  0.0000 ,
  0.0000 ,  0.0000 ,  0.0000 ,  0.0000 ,  0.0000 ,  0.0000 ,
  0.0000 ,  0.0000 ,  0.0000 ,  0.0000 ,  0.0000 ,  0.0000 ,
  0.0000 ,  0.0000 ,  0.0000 ,  0.0000 ,  0.0000 ,  0.0000 ,
  0.0000 ,  0.0000 ,  0.0000 ,  0.0000 ,  0.0000 ,  0.0000 ,
  0.0000 ,  0.0000 ,  0.0000 ,  0.0000 ,  0.0000 ,  0.0000 ,
  0.0000 ,  0.0000 ,  0.0000 ,  0.0000 ,  0.0000 ,  0.0000 ,
  0.0000 ,  0.0000 ,  0.0000 ,  0.0000 ,  0.0000 ,  0.0000 ,
  0.0000 ,  0.0000 ,  0.0000 ,  0.0000 ,  0.0000 ,  0.0000 ,
  0.0000 ,  0.0000 ,  0.0000 ,  0.0000 ,  0.0000 ,  0.0000 ,
  0.0000 ,  0.0000 ,  0.0000 ,  0.0000 ,  0.0000 ,  0.0000 ,
  0.0000 ,  0.0000 ,  0.0000 ,  0.0000 ,  0.0000 ,  0.0000 ,
  0.0000 ,  0.0000 ,  0.0000 ,  0.0000 ,  0.0000 ,  0.0000 ,
  0.0000 ,  0.0000 ,  0.0000 ,  0.0000 ,  0.0000 ,  0.0000 ,
  0.0000 ,  0.0000 ,  0.0000 ,  0.0000 ,  0.0000 ,  0.0000 ,
  0.0000 ,  0.0000 ,  0.0000 ,  0.0000 ,  0.0000 ,  0.0000 ,
  0.0000 ,  0.0000 ,  0.0000 ,  0.0000 ,  0.0000 ,  0.0000 ,
  0.0000 ,  0.0000 ,  0.0000 ,  0.0000 ,  0.0000 ,  0.0000 ,
  0.0000 ,  0.0000 ,  0.0000 ,  0.0000 ,  0.0000 ,  0.0000 ,
  0.0000 ,  0.0000 ,  0.0000 ,  0.0000 ,  0.0000 ,  0.0000 ,
  0.0000 ,  0.0000 ,  0.0000 ,  0.0000 ,  0.0000 ,  0.0000 ,
  0.0000 ,  0.0000 ,  0.0000 ,  0.0000 ,  0.0000 ,  0.0000 ,
  0.0000 ,  0.0000 ,  0.0000 ,  0.0000 ,  0.0000 ,  0.0000 ,
  0.0000 ,  0.0000 ,  0.0000 ,  0.0000 ,  0.0000 ,  0.0000 ,
  0.0000 ,  0.0000 ,  0.0000 ,  0.0000 ,  0.0000 ,  0.0000 ,
  0.0000 ,  0.0000 ,  0.0000 ,  0.0000 ,  0.0000 ,  0.0000 ,
  0.0000 ,  0.0000 ,  0.0000 ,  0.0000 ,  0.0000 ,  0.0000 ,
  0.0000 ,  0.0000 ,  0.0000 ,  0.0000 ,  0.0000 ,  0.0000 ,
  0.0000 ,  0.0000 ,  0.0000 ,  0.0000 ,  0.0000 ,  0.0000 ,
  0.0000 ,  0.0000 ,  0.0000 ,  0.0000 ,  0.0000 ,  0.0000 ,
  0.0000 ,  0.0000 ,  0.0000 ,  0.0000 ,  0.0000 ,  0.0000 ,
  0.0000 ,  0.0000 ,  0.0000 ,  0.0000 ,  0.0000 ,  0.0000 ,
  0.0000 ,  0.0000 ,  0.0000 ,  0.0000 ,  0.0000 ,  0.0000 ,
  0.0000 ,  0.0000 ,  0.0000 ,  0.0000 ,  0.0000 ,  0.0000 ,
  0.0000 ,  0.0000 ,  0.0000 ,  0.0000 ,  0.0000 ,  0.0000 ,
  0.0000 ,  0.0000 ,  0.0000 ,  0.0000 ,  0.0000 ,  0.0000 ,
  0.0000 ,  0.0000 ,  0.0000 ,  0.0000 ,  0.0000 ,  0.0000 ,
  0.0000 ,  0.0000 ,  0.0000 ,  0.0000 ,  0.0000 ,  0.0000 ,
  0.0000 ,  0.0000 ,  0.0000 ,  0.0000 ,  0.0000 ,  0.0000 ,
  0.0000 ,  0.0000 ,  0.0000 ,  0.0000 ,  0.0000 ,  0.0000 ,
  0.0000 ,  0.0000 ,  0.0000 ,  0.0000 ,  0.0000 ,  0.0000 ,
  0.0000 ,  0.0000 ,  0.0000 ,  0.0000 ,  0.0000 ,  0.0000 ,
  0.0000 ,  0.0000 ,  0.0000 ,  0.0000 ,  0.0000 ,  0.0000 ,
  0.0000 ,  0.0000 ,  0.0000 ,  0.0000 ,  0.0000 ,  0.0000 ,
  0.0000 ,  0.0000 ,  0.0000 ,  0.0000 ,  0.0000 ,  0.0000 ,
  0.0000 ,  0.0000 ,  0.0000 ,  0.0000 ,  0.0000 ,  0.0000 ,
  0.0000 ,  0.0000 ,  0.0000 ,  0.0000 ,  0.0000 ,  0.0000 ,
  0.0000 ,  0.0000 ,  0.0000 ,  0.0000 ,  0.0000 ,  0.0000 ,
  0.0000 ,  0.0000 ,  0.0000 ,  0.0000 ,  0.0000 ,  0.0000 ,
  0.0000 ,  0.0000 ,  0.0000 ,  0.0000 ,  0.0000 ,  0.0000 ,
  0.0000 ,  0.0000 ,  0.0000 ,  0.0000 ,  0.0000 ,  0.0000 ,
  0.0000 ,  0.0000 ,  0.0000 ,  0.0000 ,  0.0000 ,  0.0000 ,
  0.0000 ,  0.0000 ,  0.0000 ,  0.0000 ,  0.0000 ,  0.0000 ,
  0.0000 ,  0.0000 ,  0.0000 ,  0.0000 ,  0.0000 ,  0.0000 ,
  0.0000 ,  0.0000 ,  0.0000 ,  0.0000 ,  0.0000 ,  0.0000 ,
  0.0000 ,  0.0000 ,  0.0000 ,  0.0000 ,  0.0000 ,  0.0000 ,
  0.0000 ,  0.0000 ,  0.0000 ,  0.0000 ,  0.0000 ,  0.0000 ,
  0.0000 ,  0.0000 ,  0.0000 ,  0.0000 ,  0.0000 ,  0.0000 ,
  0.0000 ,  0.0000 ,  0.0000 ,  0.0000 ,  0.0000 ,  0.0000 ,
  0.0000 ,  0.0000 ,  0.0000 ,  0.0000 ,  0.0000 ,  0.0000 ,
  0.0000 ,  0.0000 ,  0.0000 ,  0.0000 ,  0.0000 ,  0.0000 ,
  0.0000 ,  0.0000 ,  0.0000 ,  0.0000 ,  0.0000 ,  0.0000 ,
  0.0000 ,  0.0000 ,  0.0000 ,  0.0000 ,  0.0000 ,  0.0000 ,
  0.0000 ,  0.0000 ,  0.0000 ,  0.0000 ,  0.0000 ,  0.0000 ,
  0.0000 ,  0.0000 ,  0.0000 ,  0.0000 ,  0.0000 ,  0.0000 ,
  0.0000 ,  0.0000 ,  0.0000 ,  0.0000 ,  0.0000 ,  0.0000 ,
  0.0000 ,  0.0000 ,  0.0000 ,  0.0000 ,  0.0000 ,  0.0000 ,
  0.0000 ,  0.0000 ,  0.0000 ,  0.0000 ,  0.0000 ,  0.0000 ,
  0.0000 ,  0.0000 ,  0.0000 ,  0.0000 ,  0.0000 ,  0.0000 ,
  0.0000 ,  0.0000 ,  0.0000 ,  0.0000 ,  0.0000 ,  0.0000 ,
  0.0000 ,  0.0000 ,  0.0000 ,  0.0000 ,  0.0000 ,  0.0000 ,
  0.0000 ,  0.0000 ,  0.0000 ,  0.0000 ,  0.0000 ,  0.0000 ,
  0.0000 ,  0.0000 ,  0.0000 ,  0.0000 ,  0.0000 ,  0.0000 ,
  0.0000 ,  0.0000 ,  0.0000 ,  0.0000 ,  0.0000 ,  0.0000 ,
  0.0000 ,  0.0000 ,  0.0000 ,  0.0000 ,  0.0000 ,  0.0000 ,
  0.0000 ,  0.0000 ,  0.0000 ,  0.0000 ,  0.0000 ,  0.0000 ,
  0.0000 ,  0.0000 ,  0.0000 ,  0.0000 ,  0.0000 ,  0.0000 ,
  0.0000 ,  0.0000 ,  0.0000 ,  0.0000 ,  0.0000 ,  0.0000 ,
  0.0000 ,  0.0000 ,  0.0000 ,  0.0000 ,  0.0000 ,  0.0000 ,
  0.0000 ,  0.0000 ,  0.0000 ,  0.0000 ,  0.0000 ,  0.0000 ,
  0.0000 ,  0.0000 ,  0.0000 ,  0.0000 ,  0.0000 ,  0.0000 ,
  0.0000 ,  0.0000 ,  0.0000 ,  0.0000 ,  0.0000 ,  0.0000 ,
  0.0000 ,  0.0000 ,  0.0000 ,  0.0000 ,  0.0000 ,  0.0000 ,
  0.0000 ,  0.0000 ,  0.0000 ,  0.0000 ,  0.0000 ,  0.0000 ,
  0.0000 ,  0.0000 ,  0.0000 ,  0.0000 ,  0.0000 ,  0.0000 ,
  0.0000 ,  0.0000 ,  0.0000 ,  0.0000 ,  0.0000 ,  0.0000 ,
  0.0000 ,  0.0000 ,  0.0000 ,  0.0000 ,  0.0000 ,  0.0000 ,
  0.0000 ,  0.0000 ,  0.0000 ,  0.0000 ,  0.0000 ,  0.0000 ,
  0.0000 ,  0.0000 ,  0.0000 ,  0.0000 ,  0.0000 ,  0.0000 ,
  0.0000 ,  0.0000 ,  0.0000 ,  0.0000 ,  0.0000 ,  0.0000 ,
  0.0000 ,  0.0000 ,  0.0000 ,  0.0000 ,  0.0000 ,  0.0000 ,
  0.0000 ,  0.0000 ,  0.0000 ,  0.0000 ,  0.0000 ,  0.0000 ,
  0.0000 ,  0.0000 ,  0.0000 ,  0.0000 ,  0.0000 ,  0.0000 ,
  0.0000 ,  0.0000 ,  0.0000 ,  0.0000 ,  0.0000 ,  0.0000 ,
  0.0000 ,  0.0000 ,  0.0000 ,  0.0000 ,  0.0000 ,  0.0000 ,
  0.0000 ,  0.0000 ,  0.0000 ,  0.0000 ,  0.0000 ,  0.0000 ,
  0.0000 ,  0.0000 ,  0.0000 ,  0.0000 ,  0.0000 ,  0.0000 ,
  0.0000 ,  0.0000 ,  0.0000 ,  0.0000 ,  0.0000 ,  0.0000 ,
  0.0000 ,  0.0000 ,  0.0000 ,  0.0000 ,  0.0000 ,  0.0000 ,
  0.0000 ,  0.0000 ,  0.0000 ,  0.0000 ,  0.0000 ,  0.0000 ,
  0.0000 ,  0.0000 ,  0.0000 ,  0.0000 ,  0.0000 ,  0.0000 ,
  0.0000 ,  0.0000 ,  0.0000 ,  0.0000 ,  0.0000 ,  0.0000 ,
  0.0000 ,  0.0000 ,  0.0000 ,  0.0000 ,  0.0000 ,  0.0000 ,
  0.0000 ,  0.0000 ,  0.0000 ,  0.0000 ,  0.0000 ,  0.0000 ,
  0.0000 ,  0.0000 ,  0.0000 ,  0.0000 ,  0.0000 ,  0.0000 ,
  0.0000 ,  0.0000 ,  0.0000 ,  0.0000 ,  0.0000 ,  0.0000 ,
  0.0000 ,  0.0000 ,  0.0000 ,  0.0000 ,  0.0000 ,  0.0000 ,
  0.0000 ,  0.0000 ,  0.0000 ,  0.0000 ,  0.0000 ,  0.0000 ,
  0.0000 ,  0.0000 ,  0.0000 ,  0.0000 ,  0.0000 ,  0.0000 ,
  0.0000 ,  0.0000 ,  0.0000 ,  0.0000 ,  0.0000 ,  0.0000 ,
  0.0000 ,  0.0000 ,  0.0000 ,  0.0000 ,  0.0000 ,  0.0000 ,
  0.0000 ,  0.0000 ,  0.0000 ,  0.0000 ,  0.0000 ,  0.0000 ,
  0.0000 ,  0.0000 ,  0.0000 ,  0.0000 ,  0.0000 ,  0.0000 ,
  0.0000 ,  0.0000 ,  0.0000 ,  0.0000 ,  0.0000 ,  0.0000 ,
  0.0000 ,  0.0000 ,  0.0000 ,  0.0000 ,  0.0000 ,  0.0000 ,
  0.0000 ,  0.0000 ,  0.0000 ,  0.0000 ,  0.0000 ,  0.0000 ,
  0.0000 ,  0.0000 ,  0.0000 ,  0.0000 ,  0.0000 ,  0.0000 ,
  0.0000 ,  0.0000 ,  0.0000 ,  0.0000 ,  0.0000 ,  0.0000 ,
  0.0000 ,  0.0000 ,  0.0000 ,  0.0000 ,  0.0000 ,  0.0000 ,
  0.0000 ,  0.0000 ,  0.0000 ,  0.0000 ,  0.0000 ,  0.0000 ,
  0.0000 ,  0.0000 ,  0.0000 ,  0.0000 ,  0.0000 ,  0.0000 ,
  0.0000 ,  0.0000 ,  0.0000 ,  0.0000 ,  0.0000 ,  0.0000 ,
  0.0000 ,  0.0000 ,  0.0000 ,  0.0000 ,  0.0000 ,  0.0000 ,
  0.0000 ,  0.0000 ,  0.0000 ,  0.0000 ,  0.0000 ,  0.0000 ,
  0.0000 ,  0.0000 ,  0.0000 ,  0.0000 ,  0.0000 ,  0.0000 ,
  0.0000 ,  0.0000 ,  0.0000 ,  0.0000 ,  0.0000 ,  0.0000 ,
  0.0000 ,  0.0000 ,  0.0000 ,  0.0000 ,  0.0000 ,  0.0000 ,
  0.0000 ,  0.0000 ,  0.0000 ,  0.0000 ,  0.0000 ,  0.0000 ,
  0.0000 ,  0.0000 ,  0.0000 ,  0.0000 ,  0.0000 ,  0.0000 ,
  0.0000 ,  0.0000 ,  0.0000 ,  0.0000 ,  0.0000 ,  0.0000 ,
  0.0000 ,  0.0000 ,  0.0000 ,  0.0000 ,  0.0000 ,  0.0000 ,
  0.0000 ,  0.0000 ,  0.0000 ,  0.0000 ,  0.0000 ,  0.0000 ,
  0.0000 ,  0.0000 ,  0.0000 ,  0.0000 ,  0.0000 ,  0.0000 ,
  0.0000 ,  0.0000 ,  0.0000 ,  0.0000 ,  0.0000 ,  0.0000 ,
  0.0000 ,  0.0000 ,  0.0000 ,  0.0000 ,  0.0000 ,  0.0000 ,
  0.0000 ,  0.0000 ,  0.0000 ,  0.0000 ,  0.0000 ,  0.0000 ,
  0.0000 ,  0.0000 ,  0.0000 ,  0.0000 ,  0.0000 ,  0.0000 ,
  0.0000 ,  0.0000 ,  0.0000 ,  0.0000 ,  0.0000 ,  0.0000 ,
  0.0000 ,  0.0000 ,  0.0000 ,  0.0000 ,  0.0000 ,  0.0000 ,
  0.0000 ,  0.0000 ,  0.0000 ,  0.0000 ,  0.0000 ,  0.0000 ,
  0.0000 ,  0.0000 ,  0.0000 ,  0.0000 ,  0.0000 ,  0.0000 ,
  0.0000 ,  0.0000 ,  0.0000 ,  0.0000 ,  0.0000 ,  0.0000 ,
  0.0000 ,  0.0000 ,  0.0000 ,  0.0000 ,  0.0000 ,  0.0000 ,
  0.0000 ,  0.0000 ,  0.0000 ,  0.0000 ,  0.0000 ,  0.0000 ,
  0.0000 ,  0.0000 ,  0.0000 ,  0.0000 ,  0.0000 ,  0.0000 ,
  0.0000 ,  0.0000 ,  0.0000 ,  0.0000 ,  0.0000 ,  0.0000 ,
  0.0000 ,  0.0000 ,  0.0000 ,  0.0000 ,  0.0000 ,  0.0000 ,
  0.0000 ,  0.0000 ,  0.0000 ,  0.0000 ,  0.0000 ,  0.0000 ,
  0.0000 ,  0.0000 ,  0.0000 ,  0.0000 ,  0.0000 ,  0.0000 ,
  0.0000 ,  0.0000 ,  0.0000 ,  0.0000 ,  0.0000 ,  0.0000 ,
  0.0000 ,  0.0000 ,  0.0000 ,  0.0000 ,  0.0000 ,  0.0000 ,
  0.0000 ,  0.0000 ,  0.0000 ,  0.0000 ,  0.0000 ,  0.0000 ,
  0.0000 ,  0.0000 ,  0.0000 ,  0.0000 ,  0.0000 ,  0.0000 ,
  0.0000 ,  0.0000 ,  0.0000 ,  0.0000 ,  0.0000 ,  0.0000 ,
  0.0000 ,  0.0000 ,  0.0000 ,  0.0000 ,  0.0000 ,  0.0000 ,
  0.0000 ,  0.0000 ,  0.0000 ,  0.0000 ,  0.0000 ,  0.0000 ,
  0.0000 ,  0.0000 ,  0.0000 ,  0.0000 ,  0.0000 ,  0.0000 ,
  0.0000 ,  0.0000 ,  0.0000 ,  0.0000 ,  0.0000 ,  0.0000 ,
  0.0000 ,  0.0000 ,  0.0000 ,  0.0000 ,  0.0000 ,  0.0000 ,
  0.0000 ,  0.0000 ,  0.0000 ,  0.0000 ,  0.0000 ,  0.0000 ,
  0.0000 ,  0.0000 ,  0.0000 ,  0.0000 ,  0.0000 ,  0.0000 ,
  0.0000 ,  0.0000 ,  0.0000 ,  0.0000 ,  0.0000 ,  0.0000 ,
  0.0000 ,  0.0000 ,  0.0000 ,  0.0000 ,  0.0000 ,  0.0000 ,
  0.0000 ,  0.0000 ,  0.0000 ,  0.0000 ,  0.0000 ,  0.0000 ,
  0.0000 ,  0.0000 ,  0.0000 ,  0.0000 ,  0.0000 ,  0.0000 ,
  0.0000 ,  0.0000 ,  0.0000 ,  0.0000 ,  0.0000 ,  0.0000 ,
  0.0000 ,  0.0000 ,  0.0000 ,  0.0000 ,  0.0000 ,  0.0000 ,
  0.0000 ,  0.0000 ,  0.0000 ,  0.0000 ,  0.0000 ,  0.0000 ,
  0.0000 ,  0.0000 ,  0.0000 ,  0.0000 ,  0.0000 ,  0.0000 ,
  0.0000 ,  0.0000 ,  0.0000 ,  0.0000 ,  0.0000 ,  0.0000 ,
  0.0000 ,  0.0000 ,  0.0000 ,  0.0000 ,  0.0000 ,  0.0000 ,
  0.0000 ,  0.0000 ,  0.0000 ,  0.0000 ,  0.0000 ,  0.0000 ,
  0.0000 ,  0.0000 ,  0.0000 ,  0.0000 ,  0.0000 ,  0.0000 ,
  0.0000 ,  0.0000 ,  0.0000 ,  0.0000 ,  0.0000 ,  0.0000 ,
  0.0000 ,  0.0000 ,  0.0000 ,  0.0000 ,  0.0000 ,  0.0000 ,
  0.0000 ,  0.0000 ,  0.0000 ,  0.0000 ,  0.0000 ,  0.0000 ,
  0.0000 ,  0.0000 ,  0.0000 ,  0.0000 ,  0.0000 ,  0.0000 ,
  0.0000 ,  0.0000 ,  0.0000 ,  0.0000 ,  0.0000 ,  0.0000 ,
  0.0000 ,  0.0000 ,  0.0000 ,  0.0000 ,  0.0000 ,  0.0000 ,
  0.0000 ,  0.0000 ,  0.0000 ,  0.0000 ,  0.0000 ,  0.0000 ,
  0.0000 ,  0.0000 ,  0.0000 ,  0.0000 ,  0.0000 ,  0.0000 ,
  0.0000 ,  0.0000 ,  0.0000 ,  0.0000 ,  0.0000 ,  0.0000 ,
  0.0000 ,  0.0000 ,  0.0000 ,  0.0000 ,  0.0000 ,  0.0000 ,
  0.0000 ,  0.0000 ,  0.0000 ,  0.0000 ,  0.0000 ,  0.0000 ,
  0.0000 ,  0.0000 ,  0.0000 ,  0.0000 ,  0.0000 ,  0.0000 ,
  0.0000 ,  0.0000 ,  0.0000 ,  0.0000 ,  0.0000 ,  0.0000 ,
  0.0000 ,  0.0000 ,  0.0000 ,  0.0000 ,  0.0000 ,  0.0000 ,
  0.0000 ,  0.0000 ,  0.0000 ,  0.0000 ,  0.0000 ,  0.0000 ,
  0.0000 ,  0.0000 ,  0.0000 ,  0.0000 ,  0.0000 ,  0.0000 ,
  0.0000 ,  0.0000 ,  0.0000 ,  0.0000 ,  0.0000 ,  0.0000 ,
  0.0000 ,  0.0000 ,  0.0000 ,  0.0000 ,  0.0000 ,  0.0000 ,
  0.0000 ,  0.0000 ,  0.0000 ,  0.0000 ,  0.0000 ,  0.0000 ,
  0.0000 ,  0.0000 ,  0.0000 ,  0.0000 ,  0.0000 ,  0.0000 ,
  0.0000 ,  0.0000 ,  0.0000 ,  0.0000 ,  0.0000 ,  0.0000 ,
  0.0000 ,  0.0000 ,  0.0000 ,  0.0000 ,  0.0000 ,  0.0000 ,
  0.0000 ,  0.0000 ,  0.0000 ,  0.0000 ,  0.0000 ,  0.0000 ,
  0.0000 ,  0.0000 ,  0.0000 ,  0.0000 ,  0.0000 ,  0.0000 ,
  0.0000 ,  0.0000 ,  0.0000 ,  0.0000 ,  0.0000 ,  0.0000 ,
  0.0000 ,  0.0000 ,  0.0000 ,  0.0000 ,  0.0000 ,  0.0000 ,
  0.0000 ,  0.0000 ,  0.0000 ,  0.0000 ,  0.0000 ,  0.0000 ,
  0.0000 ,  0.0000 ,  0.0000 ,  0.0000 ,  0.0000 ,  0.0000 ,
  0.0000 ,  0.0000 ,  0.0000 ,  0.0000 ,  0.0000 ,  0.0000 ,
  0.0000 ,  0.0000 ,  0.0000 ,  0.0000 ,  0.0000 ,  0.0000 ,
  0.0000 ,  0.0000 ,  0.0000 ,  0.0000 ,  0.0000 ,  0.0000 ,
  0.0000 ,  0.0000 ,  0.0000 ,  0.0000 ,  0.0000 ,  0.0000 ,
  0.0000 ,  0.0000 ,  0.0000 ,  0.0000 ,  0.0000 ,  0.0000 ,
  0.0000 ,  0.0000 ,  0.0000 ,  0.0000 ,  0.0000 ,  0.0000 ,
  0.0000 ,  0.0000 ,  0.0000 ,  0.0000 ,  0.0000 ,  0.0000 ,
  0.0000 ,  0.0000 ,  0.0000 ,  0.0000 ,  0.0000 ,  0.0000 ,
  0.0000 ,  0.0000 ,  0.0000 ,  0.0000 ,  0.0000 ,  0.0000 ,
  0.0000 ,  0.0000 ,  0.0000 ,  0.0000 ,  0.0000 ,  0.0000 ,
  0.0000 ,  0.0000 ,  0.0000 ,  0.0000 ,  0.0000 ,  0.0000 ,
  0.0000 ,  0.0000 ,  0.0000 ,  0.0000 ,  0.0000 ,  0.0000 ,
  0.0000 ,  0.0000 ,  0.0000 ,  0.0000 ,  0.0000 ,  0.0000 ,
  0.0000 ,  0.0000 ,  0.0000 ,  0.0000 ,  0.0000 ,  0.0000 ,
  0.0000 ,  0.0000 ,  0.0000 ,  0.0000 ,  0.0000 ,  0.0000 ,
  0.0000 ,  0.0000 ,  0.0000 ,  0.0000 ,  0.0000 ,  0.0000 ,
  0.0000 ,  0.0000 ,  0.0000 ,  0.0000 ,  0.0000 ,  0.0000 ,
  0.0000 ,  0.0000 ,  0.0000 ,  0.0000 ,  0.0000 ,  0.0000 ,
  0.0000 ,  0.0000 ,  0.0000 ,  0.0000 ,  0.0000 ,  0.0000 ,
  0.0000 ,  0.0000 ,  0.0000 ,  0.0000 ,  0.0000 ,  0.0000 ,
  0.0000 ,  0.0000 ,  0.0000 ,  0.0000 ,  0.0000 ,  0.0000 ,
  0.0000 ,  0.0000 ,  0.0000 ,  0.0000 ,  0.0000 ,  0.0000 ,
  0.0000 ,  0.0000 ,  0.0000 ,  0.0000 ,  0.0000 ,  0.0000 ,
  0.0000 ,  0.0000 ,  0.0000 ,  0.0000 ,  0.0000 ,  0.0000 ,
  0.0000 ,  0.0000 ,  0.0000 ,  0.0000 ,  0.0000 ,  0.0000 ,
  0.0000 ,  0.0000 ,  0.0000 ,  0.0000 ,  0.0000 ,  0.0000 ,
  0.0000 ,  0.0000 ,  0.0000 ,  0.0000 ,  0.0000 ,  0.0000 ,
  0.0000 ,  0.0000 ,  0.0000 ,  0.0000 ,  0.0000 ,  0.0000 ,
  0.0000 ,  0.0000 ,  0.0000 ,  0.0000 ,  0.0000 ,  0.0000 ,
  0.0000 ,  0.0000 ,  0.0000 ,  0.0000 ,  0.0000 ,  0.0000 ,
  0.0000 ,  0.0000 ,  0.0000 ,  0.0000 ,  0.0000 ,  0.0000 ,
  0.0000 ,  0.0000 ,  0.0000 ,  0.0000 ,  0.0000 ,  0.0000 ,
  0.0000 ,  0.0000 ,  0.0000 ,  0.0000 ,  0.0000 ,  0.0000 ,
  0.0000 ,  0.0000 ,  0.0000 ,  0.0000 ,  0.0000 ,  0.0000 ,
  0.0000 ,  0.0000 ,  0.0000 ,  0.0000 ,  0.0000 ,  0.0000 ,
  0.0000 ,  0.0000 ,  0.0000 ,  0.0000 ,  0.0000 ,  0.0000 ,
  0.0000 ,  0.0000 ,  0.0000 ,  0.0000 ,  0.0000 ,  0.0000 ,
  0.0000 ,  0.0000 ,  0.0000 ,  0.0000 ,  0.0000 ,  0.0000 ,
  0.0000 ,  0.0000 ,  0.0000 ,  0.0000 ,  0.0000 ,  0.0000 ,
  0.0000 ,  0.0000 ,  0.0000 ,  0.0000 ,  0.0000 ,  0.0000 ,
  0.0000 ,  0.0000 ,  0.0000 ,  0.0000 ,  0.0000 ,  0.0000 ,
  0.0000 ,  0.0000 ,  0.0000 ,  0.0000 ,  0.0000 ,  0.0000 ,
  0.0000 ,  0.0000 ,  0.0000 ,  0.0000 ,  0.0000 ,  0.0000 ,
  0.0000 ,  0.0000 ,  0.0000 ,  0.0000 ,  0.0000 ,  0.0000 ,
  0.0000 ,  0.0000 ,  0.0000 ,  0.0000 ,  0.0000 ,  0.0000 ,
  0.0000 ,  0.0000 ,  0.0000 ,  0.0000 ,  0.0000 ,  0.0000 ,
  0.0000 ,  0.0000 ,  0.0000 ,  0.0000 ,  0.0000 ,  0.0000 ,
  0.0000 ,  0.0000 ,  0.0000 ,  0.0000 ,  0.0000 ,  0.0000 ,
  0.0000 ,  0.0000 ,  0.0000 ,  0.0000 ,  0.0000 ,  0.0000 ,
  0.0000 ,  0.0000 ,  0.0000 ,  0.0000 ,  0.0000 ,  0.0000 ,
  0.0000 ,  0.0000 ,  0.0000 ,  0.0000 ,  0.0000 ,  0.0000 ,
  0.0000 ,  0.0000 ,  0.0000 ,  0.0000 ,  0.0000 ,  0.0000 ,
  0.0000 ,  0.0000 ,  0.0000 ,  0.0000 ,  0.0000 ,  0.0000 ,
  0.0000 ,  0.0000 ,  0.0000 ,  0.0000 ,  0.0000 ,  0.0000 ,
  0.0000 ,  0.0000 ,  0.0000 ,  0.0000 ,  0.0000 ,  0.0000 ,
  0.0000 ,  0.0000 ,  0.0000 ,  0.0000 ,  0.0000 ,  0.0000 ,
  0.0000 ,  0.0000 ,  0.0000 ,  0.0000 ,  0.0000 ,  0.0000 ,
  0.0000 ,  0.0000 ,  0.0000 ,  0.0000 ,  0.0000 ,  0.0000 ,
  0.0000 ,  0.0000 ,  0.0000 ,  0.0000 ,  0.0000 ,  0.0000 ,
  0.0000 ,  0.0000 ,  0.0000 ,  0.0000 ,  0.0000 ,  0.0000 ,
  0.0000 ,  0.0000 ,  0.0000 ,  0.0000 ,  0.0000 ,  0.0000 ,
  0.0000 ,  0.0000 ,  0.0000 ,  0.0000 ,  0.0000 ,  0.0000 ,
  0.0000 ,  0.0000 ,  0.0000 ,  0.0000 ,  0.0000 ,  0.0000 ,
  0.0000 ,  0.0000 ,  0.0000 ,  0.0000 ,  0.0000 ,  0.0000 ,
  0.0000 ,  0.0000 ,  0.0000 ,  0.0000 ,  0.0000 ,  0.0000 ,
  0.0000 ,  0.0000 ,  0.0000 ,  0.0000 ,  0.0000 ,  0.0000 ,
  0.0000 ,  0.0000 ,  0.0000 ,  0.0000 ,  0.0000 ,  0.0000 ,
  0.0000 ,  0.0000 ,  0.0000 ,  0.0000 ,  0.0000 ,  0.0000 ,
  0.0000 ,  0.0000 ,  0.0000 ,  0.0000 ,  0.0000 ,  0.0000 ,
  0.0000 ,  0.0000 ,  0.0000 ,  0.0000 ,  0.0000 ,  0.0000 ,
  0.0000 ,  0.0000 ,  0.0000 ,  0.0000 ,  0.0000 ,  0.0000 ,
  0.0000 ,  0.0000 ,  0.0000 ,  0.0000 ,  0.0000 ,  0.0000 ,
  0.0000 ,  0.0000 ,  0.0000 ,  0.0000 ,  0.0000 ,  0.0000 ,
  0.0000 ,  0.0000 ,  0.0000 ,  0.0000 ,  0.0000 ,  0.0000 ,
  0.0000 ,  0.0000 ,  0.0000 ,  0.0000 ,  0.0000 ,  0.0000 ,
  0.0000 ,  0.0000 ,  0.0000 ,  0.0000 ,  0.0000 ,  0.0000 ,
  0.0000 ,  0.0000 ,  0.0000 ,  0.0000 ,  0.0000 ,  0.0000 ,
  0.0000 ,  0.0000 ,  0.0000 ,  0.0000 ,  0.0000 ,  0.0000 ,
  0.0000 ,  0.0000 ,  0.0000 ,  0.0000 ,  0.0000 ,  0.0000 ,
  0.0000 ,  0.0000 ,  0.0000 ,  0.0000 ,  0.0000 ,  0.0000 ,
  0.0000 ,  0.0000 ,  0.0000 ,  0.0000 ,  0.0000 ,  0.0000 ,
  0.0000 ,  0.0000 ,  0.0000 ,  0.0000 ,  0.0000 ,  0.0000 ,
  0.0000 ,  0.0000 ,  0.0000 ,  0.0000 ,  0.0000 ,  0.0000 ,
  0.0000 ,  0.0000 ,  0.0000 ,  0.0000 ,  0.0000 ,  0.0000 ,
  0.0000 ,  0.0000 ,  0.0000 ,  0.0000 ,  0.0000 ,  0.0000 ,
  0.0000 ,  0.0000 ,  0.0000 ,  0.0000 ,  0.0000 ,  0.0000 ,
  0.0000 ,  0.0000 ,  0.0000 ,  0.0000 ,  0.0000 ,  0.0000 ,
  0.0000 ,  0.0000 ,  0.0000 ,  0.0000 ,  0.0000 ,  0.0000 ,
  0.0000 ,  0.0000 ,  0.0000 ,  0.0000 ,  0.0000 ,  0.0000 ,
  0.0000 ,  0.0000 ,  0.0000 ,  0.0000 ,  0.0000 ,  0.0000 ,
  0.0000 ,  0.0000 ,  0.0000 ,  0.0000 ,  0.0000 ,  0.0000 ,
  0.0000 ,  0.0000 ,  0.0000 ,  0.0000 ,  0.0000 ,  0.0000 ,
  0.0000 ,  0.0000 ,  0.0000 ,  0.0000 ,  0.0000 ,  0.0000 ,
  0.0000 ,  0.0000 ,  0.0000 ,  0.0000 ,  0.0000 ,  0.0000 ,
  0.0000 ,  0.0000 ,  0.0000 ,  0.0000 ,  0.0000 ,  0.0000 ,
  0.0000 ,  0.0000 ,  0.0000 ,  0.0000 ,  0.0000 ,  0.0000 ,
  0.0000 ,  0.0000 ,  0.0000 ,  0.0000 ,  0.0000 ,  0.0000 ,
  0.0000 ,  0.0000 ,  0.0000 ,  0.0000 ,  0.0000 ,  0.0000 ,
  0.0000 ,  0.0000 ,  0.0000 ,  0.0000 ,  0.0000 ,  0.0000 ,
  0.0000 ,  0.0000 ,  0.0000 ,  0.0000 ,  0.0000 ,  0.0000 ,
  0.0000 ,  0.0000 ,  0.0000 ,  0.0000 ,  0.0000 ,  0.0000 ,
  0.0000 ,  0.0000 ,  0.0000 ,  0.0000 ,  0.0000 ,  0.0000 ,
  0.0000 ,  0.0000 ,  0.0000 ,  0.0000 ,  0.0000 ,  0.0000 ,
  0.0000 ,  0.0000 ,  0.0000 ,  0.0000 ,  0.0000 ,  0.0000 ,
  0.0000 ,  0.0000 ,  0.0000 ,  0.0000 ,  0.0000 ,  0.0000 ,
  0.0000 ,  0.0000 ,  0.0000 ,  0.0000 ,  0.0000 ,  0.0000 ,
  0.0000 ,  0.0000 ,  0.0000 ,  0.0000 ,  0.0000 ,  0.0000 ,
  0.0000 ,  0.0000 ,  0.0000 ,  0.0000 ,  0.0000 ,  0.0000 ,
  0.0000 ,  0.0000 ,  0.0000 ,  0.0000 ,  0.0000 ,  0.0000 ,
  0.0000 ,  0.0000 ,  0.0000 ,  0.0000 ,  0.0000 ,  0.0000 ,
  0.0000 ,  0.0000 ,  0.0000 ,  0.0000 ,  0.0000 ,  0.0000 ,
  0.0000 ,  0.0000 ,  0.0000 ,  0.0000 ,  0.0000 ,  0.0000 ,
  0.0000 ,  0.0000 ,  0.0000 ,  0.0000 ,  0.0000 ,  0.0000 ,
  0.0000 ,  0.0000 ,  0.0000 ,  0.0000 ,  0.0000 ,  0.0000 ,
  0.0000 ,  0.0000 ,  0.0000 ,  0.0000 ,  0.0000 ,  0.0000 ,
  0.0000 ,  0.0000 ,  0.0000 ,  0.0000 ,  0.0000 ,  0.0000 ,
  0.0000 ,  0.0000 ,  0.0000 ,  0.0000 ,  0.0000 ,  0.0000 ,
  0.0000 ,  0.0000 ,  0.0000 ,  0.0000 ,  0.0000 ,  0.0000 ,
  0.0000 ,  0.0000 ,  0.0000 ,  0.0000 ,  0.0000 ,  0.0000 ,
  0.0000 ,  0.0000 ,  0.0000 ,  0.0000 ,  0.0000 ,  0.0000 ,
  0.0000 ,  0.0000 ,  0.0000 ,  0.0000 ,  0.0000 ,  0.0000 ,
  0.0000 ,  0.0000 ,  0.0000 ,  0.0000 ,  0.0000 ,  0.0000 ,
  0.0000 ,  0.0000 ,  0.0000 ,  0.0000 ,  0.0000 ,  0.0000 ,
  0.0000 ,  0.0000 ,  0.0000 ,  0.0000 ,  0.0000 ,  0.0000 ,
  0.0000 ,  0.0000 ,  0.0000 ,  0.0000 ,  0.0000 ,  0.0000 ,
  0.0000 ,  0.0000 ,  0.0000 ,  0.0000 ,  0.0000 ,  0.0000 ,
  0.0000 ,  0.0000 ,  0.0000 ,  0.0000 ,  0.0000 ,  0.0000 ,
  0.0000 ,  0.0000 ,  0.0000 ,  0.0000 ,  0.0000 ,  0.0000 ,
  0.0000 ,  0.0000 ,  0.0000 ,  0.0000 ,  0.0000 ,  0.0000 ,
  0.0000 ,  0.0000 ,  0.0000 ,  0.0000 ,  0.0000 ,  0.0000 ,
  0.0000 ,  0.0000 ,  0.0000 ,  0.0000 ,  0.0000 ,  0.0000 ,
  0.0000 ,  0.0000 ,  0.0000 ,  0.0000 ,  0.0000 ,  0.0000 ,
  0.0000 ,  0.0000 ,  0.0000 ,  0.0000 ,  0.0000 ,  0.0000 ,
  0.0000 ,  0.0000 ,  0.0000 ,  0.0000 ,  0.0000 ,  0.0000 ,
  0.0000 ,  0.0000 ,  0.0000 ,  0.0000 ,  0.0000 ,  0.0000 ,
  0.0000 ,  0.0000 ,  0.0000 ,  0.0000 ,  0.0000 ,  0.0000 ,
  0.0000 ,  0.0000 ,  0.0000 ,  0.0000 ,  0.0000 ,  0.0000 ,
  0.0000 ,  0.0000 ,  0.0000 ,  0.0000 ,  0.0000 ,  0.0000 ,
  0.0000 ,  0.0000 ,  0.0000 ,  0.0000 ,  0.0000 ,  0.0000 ,
  0.0000 ,  0.0000 ,  0.0000 ,  0.0000 ,  0.0000 ,  0.0000 ,
  0.0000 ,  0.0000 ,  0.0000 ,  0.0000 ,  0.0000 ,  0.0000 ,
  0.0000 ,  0.0000 ,  0.0000 ,  0.0000 ,  0.0000 ,  0.0000 ,
  0.0000 ,  0.0000 ,  0.0000 ,  0.0000 ,  0.0000 ,  0.0000 ,
  0.0000 ,  0.0000 ,  0.0000 ,  0.0000 ,  0.0000 ,  0.0000 ,
  0.0000 ,  0.0000 ,  0.0000 ,  0.0000 ,  0.0000 ,  0.0000 ,
  0.0000 ,  0.0000 ,  0.0000 ,  0.0000 ,  0.0000 ,  0.0000 ,
  0.0000 ,  0.0000 ,  0.0000 ,  0.0000 ,  0.0000 ,  0.0000 ,
  0.0000 ,  0.0000 ,  0.0000 ,  0.0000 ,  0.0000 ,  0.0000 ,
  0.0000 ,  0.0000 ,  0.0000 ,  0.0000 ,  0.0000 ,  0.0000 ,
  0.0000 ,  0.0000 ,  0.0000 ,  0.0000 ,  0.0000 ,  0.0000 ,
  0.0000 ,  0.0000 ,  0.0000 ,  0.0000 ,  0.0000 ,  0.0000 ,
  0.0000 ,  0.0000 ,  0.0000 ,  0.0000 ,  0.0000 ,  0.0000 ,
  0.0000 ,  0.0000 ,  0.0000 ,  0.0000 ,  0.0000 ,  0.0000 ,
  0.0000 ,  0.0000 ,  0.0000 ,  0.0000 ,  0.0000 ,  0.0000 ,
  0.0000 ,  0.0000 ,  0.0000 ,  0.0000 ,  0.0000 ,  0.0000 ,
  0.0000 ,  0.0000 ,  0.0000 ,  0.0000 ,  0.0000 ,  0.0000 ,
  0.0000 ,  0.0000 ,  0.0000 ,  0.0000 ,  0.0000 ,  0.0000 ,
  0.0000 ,  0.0000 ,  0.0000 ,  0.0000 ,  0.0000 ,  0.0000 ,
  0.0000 ,  0.0000 ,  0.0000 ,  0.0000 ,  0.0000 ,  0.0000 ,
  0.0000 ,  0.0000 ,  0.0000 ,  0.0000 ,  0.0000 ,  0.0000 ,
  0.0000 ,  0.0000 ,  0.0000 ,  0.0000 ,  0.0000 ,  0.0000 ,
  0.0000 ,  0.0000 ,  0.0000 ,  0.0000 ,  0.0000 ,  0.0000 ,
  0.0000 ,  0.0000 ,  0.0000 ,  0.0000 ,  0.0000 ,  0.0000 ,
  0.0000 ,  0.0000 ,  0.0000 ,  0.0000 ,  0.0000 ,  0.0000 ,
  0.0000 ,  0.0000 ,  0.0000 ,  0.0000 ,  0.0000 ,  0.0000 ,
  0.0000 ,  0.0000 ,  0.0000 ,  0.0000 ,  0.0000 ,  0.0000 ,
  0.0000 ,  0.0000 ,  0.0000 ,  0.0000 ,  0.0000 ,  0.0000 ,
  0.0000 ,  0.0000 ,  0.0000 ,  0.0000 ,  0.0000 ,  0.0000 ,
  0.0000 ,  0.0000 ,  0.0000 ,  0.0000 ,  0.0000 ,  0.0000 ,
  0.0000 ,  0.0000 ,  0.0000 ,  0.0000 ,  0.0000 ,  0.0000 ,
  0.0000 ,  0.0000 ,  0.0000 ,  0.0000 ,  0.0000 ,  0.0000 ,
  0.0000 ,  0.0000 ,  0.0000 ,  0.0000 ,  0.0000 ,  0.0000 ,
  0.0000 ,  0.0000 ,  0.0000 ,  0.0000 ,  0.0000 ,  0.0000 ,
  0.0000 ,  0.0000 ,  0.0000 ,  0.0000 ,  0.0000 ,  0.0000 ,
  0.0000 ,  0.0000 ,  0.0000 ,  0.0000 ,  0.0000 ,  0.0000 ,
  0.0000 ,  0.0000 ,  0.0000 ,  0.0000 ,  0.0000 ,  0.0000 ,
  0.0000 ,  0.0000 ,  0.0000 ,  0.0000 ,  0.0000 ,  0.0000 ,
  0.0000 ,  0.0000 ,  0.0000 ,  0.0000 ,  0.0000 ,  0.0000 ,
  0.0000 ,  0.0000 ,  0.0000 ,  0.0000 ,  0.0000 ,  0.0000 ,
  0.0000 ,  0.0000 ,  0.0000 ,  0.0000 ,  0.0000 ,  0.0000 ,
  0.0000 ,  0.0000 ,  0.0000 ,  0.0000 ,  0.0000 ,  0.0000 ,
  0.0000 ,  0.0000 ,  0.0000 ,  0.0000 ,  0.0000 ,  0.0000 ,
  0.0000 ,  0.0000 ,  0.0000 ,  0.0000 ,  0.0000 ,  0.0000 ,
  0.0000 ,  0.0000 ,  0.0000 ,  0.0000 ,  0.0000 ,  0.0000 ,
  0.0000 ,  0.0000 ,  0.0000 ,  0.0000 ,  0.0000 ,  0.0000 ,
  0.0000 ,  0.0000 ,  0.0000 ,  0.0000 ,  0.0000 ,  0.0000 ,
  0.0000 ,  0.0000 ,  0.0000 ,  0.0000 ,  0.0000 ,  0.0000 ,
  0.0000 ,  0.0000 ,  0.0000 ,  0.0000 ,  0.0000 ,  0.0000 ,
  0.0000 ,  0.0000 ,  0.0000 ,  0.0000 ,  0.0000 ,  0.0000 ,
  0.0000 ,  0.0000 ,  0.0000 ,  0.0000 ,  0.0000 ,  0.0000 ,
  0.0000 ,  0.0000 ,  0.0000 ,  0.0000 ,  0.0000 ,  0.0000 ,
  0.0000 ,  0.0000 ,  0.0000 ,  0.0000 ,  0.0000 ,  0.0000 ,
  0.0000 ,  0.0000 ,  0.0000 ,  0.0000 ,  0.0000 ,  0.0000 ,
  0.0000 ,  0.0000 ,  0.0000 ,  0.0000 ,  0.0000 ,  0.0000 ,
  0.0000 ,  0.0000 ,  0.0000 ,  0.0000 ,  0.0000 ,  0.0000 ,
  0.0000 ,  0.0000 ,  0.0000 ,  0.0000 ,  0.0000 ,  0.0000 ,
  0.0000 ,  0.0000 ,  0.0000 ,  0.0000 ,  0.0000 ,  0.0000 ,
  0.0000 ,  0.0000 ,  0.0000 ,  0.0000 ,  0.0000 ,  0.0000 ,
  0.0000 ,  0.0000 ,  0.0000 ,  0.0000 ,  0.0000 ,  0.0000 ,
  0.0000 ,  0.0000 ,  0.0000 ,  0.0000 ,  0.0000 ,  0.0000 ,
  0.0000 ,  0.0000 ,  0.0000 ,  0.0000 ,  0.0000 ,  0.0000 ,
  0.0000 ,  0.0000 ,  0.0000 ,  0.0000 ,  0.0000 ,  0.0000 ,
  0.0000 ,  0.0000 ,  0.0000 ,  0.0000 ,  0.0000 ,  0.0000 ,
  0.0000 ,  0.0000 ,  0.0000 ,  0.0000 ,  0.0000 ,  0.0000 ,
  0.0000 ,  0.0000 ,  0.0000 ,  0.0000 ,  0.0000 ,  0.0000 ,
  0.0000 ,  0.0000 ,  0.0000 ,  0.0000 ,  0.0000 ,  0.0000 ,
  0.0000 ,  0.0000 ,  0.0000 ,  0.0000 ,  0.0000 ,  0.0000 ,
  0.0000 ,  0.0000 ,  0.0000 ,  0.0000 ,  0.0000 ,  0.0000 ,
  0.0000 ,  0.0000 ,  0.0000 ,  0.0000 ,  0.0000 ,  0.0000 ,
  0.0000 ,  0.0000 ,  0.0000 ,  0.0000 ,  0.0000 ,  0.0000 ,
  0.0000 ,  0.0000 ,  0.0000 ,  0.0000 ,  0.0000 ,  0.0000 ,
  0.0000 ,  0.0000 ,  0.0000 ,  0.0000 ,  0.0000 ,  0.0000 ,
  0.0000 ,  0.0000 ,  0.0000 ,  0.0000 ,  0.0000 ,  0.0000 ,
  0.0000 ,  0.0000 ,  0.0000 ,  0.0000 ,  0.0000 ,  0.0000 ,
  0.0000 ,  0.0000 ,  0.0000 ,  0.0000 ,  0.0000 ,  0.0000 ,
  0.0000 ,  0.0000 ,  0.0000 ,  0.0000 ,  0.0000 ,  0.0000 ,
  0.0000 ,  0.0000 ,  0.0000 ,  0.0000 ,  0.0000 ,  0.0000 ,
  0.0000 ,  0.0000 ,  0.0000 ,  0.0000 ,  0.0000 ,  0.0000 ,
  0.0000 ,  0.0000 ,  0.0000 ,  0.0000 ,  0.0000 ,  0.0000 ,
  0.0000 ,  0.0000 ,  0.0000 ,  0.0000 ,  0.0000 ,  0.0000 ,
  0.0000 ,  0.0000 ,  0.0000 ,  0.0000 ,  0.0000 ,  0.0000 ,
  0.0000 ,  0.0000 ,  0.0000 ,  0.0000 ,  0.0000 ,  0.0000 ,
  0.0000 ,  0.0000 ,  0.0000 ,  0.0000 ,  0.0000 ,  0.0000 ,
  0.0000 ,  0.0000 ,  0.0000 ,  0.0000 ,  0.0000 ,  0.0000 ,
  0.0000 ,  0.0000 ,  0.0000 ,  0.0000 ,  0.0000 ,  0.0000 ,
  0.0000 ,  0.0000 ,  0.0000 ,  0.0000 ,  0.0000 ,  0.0000 ,
  0.0000 ,  0.0000 ,  0.0000 ,  0.0000 ,  0.0000 ,  0.0000 ,
  0.0000 ,  0.0000 ,  0.0000 ,  0.0000 ,  0.0000 ,  0.0000 ,
  0.0000 ,  0.0000 ,  0.0000 ,  0.0000 ,  0.0000 ,  0.0000 ,
  0.0000 ,  0.0000 ,  0.0000 ,  0.0000 ,  0.0000 ,  0.0000 ,
  0.0000 ,  0.0000 ,  0.0000 ,  0.0000 ,  0.0000 ,  0.0000 ,
  0.0000 ,  0.0000 ,  0.0000 ,  0.0000 ,  0.0000 ,  0.0000 ,
  0.0000 ,  0.0000 ,  0.0000 ,  0.0000 ,  0.0000 ,  0.0000 ,
  0.0000 ,  0.0000 ,  0.0000 ,  0.0000 ,  0.0000 ,  0.0000 ,
  0.0000 ,  0.0000 ,  0.0000 ,  0.0000 ,  0.0000 ,  0.0000 ,
  0.0000 ,  0.0000 ,  0.0000 ,  0.0000 ,  0.0000 ,  0.0000 ,
  0.0000 ,  0.0000 ,  0.0000 ,  0.0000 ,  0.0000 ,  0.0000 ,
  0.0000 ,  0.0000 ,  0.0000 ,  0.0000 ,  0.0000 ,  0.0000 ,
  0.0000 ,  0.0000 ,  0.0000 ,  0.0000 ,  0.0000 ,  0.0000 ,
  0.0000 ,  0.0000 ,  0.0000 ,  0.0000 ,  0.0000 ,  0.0000 ,
  0.0000 ,  0.0000 ,  0.0000 ,  0.0000 ,  0.0000 ,  0.0000 ,
  0.0000 ,  0.0000 ,  0.0000 ,  0.0000 ,  0.0000 ,  0.0000 ,
  0.0000 ,  0.0000 ,  0.0000 ,  0.0000 ,  0.0000 ,  0.0000 ,
  0.0000 ,  0.0000 ,  0.0000 ,  0.0000 ,  0.0000 ,  0.0000 ,
  0.0000 ,  0.0000 ,  0.0000 ,  0.0000 ,  0.0000 ,  0.0000 ,
  0.0000 ,  0.0000 ,  0.0000 ,  0.0000 ,  0.0000 ,  0.0000 ,
  0.0000 ,  0.0000 ,  0.0000 ,  0.0000 ,  0.0000 ,  0.0000 ,
  0.0000 ,  0.0000 ,  0.0000 ,  0.0000 ,  0.0000 ,  0.0000 ,
  0.0000 ,  0.0000 ,  0.0000 ,  0.0000 ,  0.0000 ,  0.0000 ,
  0.0000 ,  0.0000 ,  0.0000 ,  0.0000 ,  0.0000 ,  0.0000 ,
  0.0000 ,  0.0000 ,  0.0000 ,  0.0000 ,  0.0000 ,  0.0000 ,
  0.0000 ,  0.0000 ,  0.0000 ,  0.0000 ,  0.0000 ,  0.0000 ,
  0.0000 ,  0.0000 ,  0.0000 ,  0.0000 ,  0.0000 ,  0.0000 ,
  0.0000 ,  0.0000 ,  0.0000 ,  0.0000 ,  0.0000 ,  0.0000 ,
  0.0000 ,  0.0000 ,  0.0000 ,  0.0000 ,  0.0000 ,  0.0000 ,
  0.0000 ,  0.0000 ,  0.0000 ,  0.0000 ,  0.0000 ,  0.0000 ,
  0.0000 ,  0.0000 ,  0.0000 ,  0.0000 ,  0.0000 ,  0.0000 ,
  0.0000 ,  0.0000 ,  0.0000 ,  0.0000 ,  0.0000 ,  0.0000 ,
  0.0000 ,  0.0000 ,  0.0000 ,  0.0000 ,  0.0000 ,  0.0000 ,
  0.0000 ,  0.0000 ,  0.0000 ,  0.0000 ,  0.0000 ,  0.0000 ,
  0.0000 ,  0.0000 ,  0.0000 ,  0.0000 ,  0.0000 ,  0.0000 ,
  0.0000 ,  0.0000 ,  0.0000 ,  0.0000 ,  0.0000 ,  0.0000 ,
  0.0000 ,  0.0000 ,  0.0000 ,  0.0000 ,  0.0000 ,  0.0000 ,
  0.0000 ,  0.0000 ,  0.0000 ,  0.0000 ,  0.0000 ,  0.0000 ,
  0.0000 ,  0.0000 ,  0.0000 ,  0.0000 ,  0.0000 ,  0.0000 ,
  0.0000 ,  0.0000 ,  0.0000 ,  0.0000 ,  0.0000 ,  0.0000 ,
  0.0000 ,  0.0000 ,  0.0000 ,  0.0000 ,  0.0000 ,  0.0000 ,
  0.0000 ,  0.0000 ,  0.0000 ,  0.0000 ,  0.0000 ,  0.0000 ,
  0.0000 ,  0.0000 ,  0.0000 ,  0.0000 ,  0.0000 ,  0.0000 ,
  0.0000 ,  0.0000 ,  0.0000 ,  0.0000 ,  0.0000 ,  0.0000 ,
  0.0000 ,  0.0000 ,  0.0000 ,  0.0000 ,  0.0000 ,  0.0000 ,
  0.0000 ,  0.0000 ,  0.0000 ,  0.0000 ,  0.0000 ,  0.0000 ,
  0.0000 ,  0.0000 ,  0.0000 ,  0.0000 ,  0.0000 ,  0.0000 ,
  0.0000 ,  0.0000 ,  0.0000 ,  0.0000 ,  0.0000 ,  0.0000 ,
  0.0000 ,  0.0000 ,  0.0000 ,  0.0000 ,  0.0000 ,  0.0000 ,
  0.0000 ,  0.0000 ,  0.0000 ,  0.0000 ,  0.0000 ,  0.0000 ,
  0.0000 ,  0.0000 ,  0.0000 ,  0.0000 ,  0.0000 ,  0.0000 ,
  0.0000 ,  0.0000 ,  0.0000 ,  0.0000 ,  0.0000 ,  0.0000 ,
  0.0000 ,  0.0000 ,  0.0000 ,  0.0000 ,  0.0000 ,  0.0000 ,
  0.0000 ,  0.0000 ,  0.0000 ,  0.0000 ,  0.0000 ,  0.0000 ,
  0.0000 ,  0.0000 ,  0.0000 ,  0.0000 ,  0.0000 ,  0.0000 ,
  0.0000 ,  0.0000 ,  0.0000 ,  0.0000 ,  0.0000 ,  0.0000 ,
  0.0000 ,  0.0000 ,  0.0000 ,  0.0000 ,  0.0000 ,  0.0000 ,
  0.0000 ,  0.0000 ,  0.0000 ,  0.0000 ,  0.0000 ,  0.0000 ,
  0.0000 ,  0.0000 ,  0.0000 ,  0.0000 ,  0.0000 ,  0.0000 ,
  0.0000 ,  0.0000 ,  0.0000 ,  0.0000 ,  0.0000 ,  0.0000 ,
  0.0000 ,  0.0000 ,  0.0000 ,  0.0000 ,  0.0000 ,  0.0000 ,
  0.0000 ,  0.0000 ,  0.0000 ,  0.0000 ,  0.0000 ,  0.0000 ,
  0.0000 ,  0.0000 ,  0.0000 ,  0.0000 ,  0.0000 ,  0.0000 ,
  0.0000 ,  0.0000 ,  0.0000 ,  0.0000 ,  0.0000 ,  0.0000 ,
  0.0000 ,  0.0000 ,  0.0000 ,  0.0000 ,  0.0000 ,  0.0000 ,
  0.0000 ,  0.0000 ,  0.0000 ,  0.0000 ,  0.0000 ,  0.0000 ,
  0.0000 ,  0.0000 ,  0.0000 ,  0.0000 ,  0.0000 ,  0.0000 ,
  0.0000 ,  0.0000 ,  0.0000 ,  0.0000 ,  0.0000 ,  0.0000 ,
  0.0000 ,  0.0000 ,  0.0000 ,  0.0000 ,  0.0000 ,  0.0000 ,
  0.0000 ,  0.0000 ,  0.0000 ,  0.0000 ,  0.0000 ,  0.0000 ,
  0.0000 ,  0.0000 ,  0.0000 ,  0.0000 ,  0.0000 ,  0.0000 ,
  0.0000 ,  0.0000 ,  0.0000 ,  0.0000 ,  0.0000 ,  0.0000 ,
  0.0000 ,  0.0000 ,  0.0000 ,  0.0000 ,  0.0000 ,  0.0000 ,
  0.0000 ,  0.0000 ,  0.0000 ,  0.0000 ,  0.0000 ,  0.0000 ,
  0.0000 ,  0.0000 ,  0.0000 ,  0.0000 ,  0.0000 ,  0.0000 ,
  0.0000 ,  0.0000 ,  0.0000 ,  0.0000 ,  0.0000 ,  0.0000 ,
  0.0000 ,  0.0000 ,  0.0000 ,  0.0000 ,  0.0000 ,  0.0000 ,
  0.0000 ,  0.0000 ,  0.0000 ,  0.0000 ,  0.0000 ,  0.0000 ,
  0.0000 ,  0.0000 ,  0.0000 ,  0.0000 ,  0.0000 ,  0.0000 ,
  0.0000 ,  0.0000 ,  0.0000 ,  0.0000 ,  0.0000 ,  0.0000 ,
  0.0000 ,  0.0000 ,  0.0000 ,  0.0000 ,  0.0000 ,  0.0000 ,
  0.0000 ,  0.0000 ,  0.0000 ,  0.0000 ,  0.0000 ,  0.0000 ,
  0.0000 ,  0.0000 ,  0.0000 ,  0.0000 ,  0.0000 ,  0.0000 ,
  0.0000 ,  0.0000 ,  0.0000 ,  0.0000 ,  0.0000 ,  0.0000 ,
  0.0000 ,  0.0000 ,  0.0000 ,  0.0000 ,  0.0000 ,  0.0000 ,
  0.0000 ,  0.0000 ,  0.0000 ,  0.0000 ,  0.0000 ,  0.0000 ,
  0.0000 ,  0.0000 ,  0.0000 ,  0.0000 ,  0.0000 ,  0.0000 ,
  0.0000 ,  0.0000 ,  0.0000 ,  0.0000 ,  0.0000 ,  0.0000 ,
  0.0000 ,  0.0000 ,  0.0000 ,  0.0000 ,  0.0000 ,  0.0000 ,
  0.0000 ,  0.0000 ,  0.0000 ,  0.0000 ,  0.0000 ,  0.0000 ,
  0.0000 ,  0.0000 ,  0.0000 ,  0.0000 ,  0.0000 ,  0.0000 ,
  0.0000 ,  0.0000 ,  0.0000 ,  0.0000 ,  0.0000 ,  0.0000 ,
  0.0000 ,  0.0000 ,  0.0000 ,  0.0000 ,  0.0000 ,  0.0000 ,
  0.0000 ,  0.0000 ,  0.0000 ,  0.0000 ,  0.0000 ,  0.0000 ,
  0.0000 ,  0.0000 ,  0.0000 ,  0.0000 ,  0.0000 ,  0.0000 ,
  0.0000 ,  0.0000 ,  0.0000 ,  0.0000 ,  0.0000 ,  0.0000 ,
  0.0000 ,  0.0000 ,  0.0000 ,  0.0000 ,  0.0000 ,  0.0000 ,
  0.0000 ,  0.0000 ,  0.0000 ,  0.0000 ,  0.0000 ,  0.0000 ,
  0.0000 ,  0.0000 ,  0.0000 ,  0.0000 ,  0.0000 ,  0.0000 ,
  0.0000 ,  0.0000 ,  0.0000 ,  0.0000 ,  0.0000 ,  0.0000 ,
  0.0000 ,  0.0000 ,  0.0000 ,  0.0000 ,  0.0000 ,  0.0000 ,
  0.0000 ,  0.0000 ,  0.0000 ,  0.0000 ,  0.0000 ,  0.0000 ,
  0.0000 ,  0.0000 ,  0.0000 ,  0.0000 ,  0.0000 ,  0.0000 ,
  0.0000 ,  0.0000 ,  0.0000 ,  0.0000 ,  0.0000 ,  0.0000 ,
  0.0000 ,  0.0000 ,  0.0000 ,  0.0000 ,  0.0000 ,  0.0000 ,
  0.0000 ,  0.0000 ,  0.0000 ,  0.0000 ,  0.0000 ,  0.0000 ,
  0.0000 ,  0.0000 ,  0.0000 ,  0.0000 ,  0.0000 ,  0.0000 ,
  0.0000 ,  0.0000 ,  0.0000 ,  0.0000 ,  0.0000 ,  0.0000 ,
  0.0000 ,  0.0000 ,  0.0000 ,  0.0000 ,  0.0000 ,  0.0000 ,
  0.0000 ,  0.0000 ,  0.0000 ,  0.0000 ,  0.0000 ,  0.0000 ,
  0.0000 ,  0.0000 ,  0.0000 ,  0.0000 ,  0.0000 ,  0.0000 ,
  0.0000 ,  0.0000 ,  0.0000 ,  0.0000 ,  0.0000 ,  0.0000 ,
  0.0000 ,  0.0000 ,  0.0000 ,  0.0000 ,  0.0000 ,  0.0000 ,
  0.0000 ,  0.0000 ,  0.0000 ,  0.0000 ,  0.0000 ,  0.0000 ,
  0.0000 ,  0.0000 ,  0.0000 ,  0.0000 ,  0.0000 ,  0.0000 ,
  0.0000 ,  0.0000 ,  0.0000 ,  0.0000 ,  0.0000 ,  0.0000 ,
  0.0000 ,  0.0000 ,  0.0000 ,  0.0000 ,  0.0000 ,  0.0000 ,
  0.0000 ,  0.0000 ,  0.0000 ,  0.0000 ,  0.0000 ,  0.0000 ,
  0.0000 ,  0.0000 ,  0.0000 ,  0.0000 ,  0.0000 ,  0.0000 ,
  0.0000 ,  0.0000 ,  0.0000 ,  0.0000 ,  0.0000 ,  0.0000 ,
  0.0000 ,  0.0000 ,  0.0000 ,  0.0000 ,  0.0000 ,  0.0000 ,
  0.0000 ,  0.0000 ,  0.0000 ,  0.0000 ,  0.0000 ,  0.0000 ,
  0.0000 ,  0.0000 ,  0.0000 ,  0.0000 ,  0.0000 ,  0.0000 ,
  0.0000 ,  0.0000 ,  0.0000 ,  0.0000 ,  0.0000 ,  0.0000 ,
  0.0000 ,  0.0000 ,  0.0000 ,  0.0000 ,  0.0000 ,  0.0000 ,
  0.0000 ,  0.0000 ,  0.0000 ,  0.0000 ,  0.0000 ,  0.0000 ,
  0.0000 ,  0.0000 ,  0.0000 ,  0.0000 ,  0.0000 ,  0.0000 ,
  0.0000 ,  0.0000 ,  0.0000 ,  0.0000 ,  0.0000 ,  0.0000 ,
  0.0000 ,  0.0000 ,  0.0000 ,  0.0000 ,  0.0000 ,  0.0000 ,
  0.0000 ,  0.0000 ,  0.0000 ,  0.0000 ,  0.0000 ,  0.0000 ,
  0.0000 ,  0.0000 ,  0.0000 ,  0.0000 ,  0.0000 ,  0.0000 ,
  0.0000 ,  0.0000 ,  0.0000 ,  0.0000 ,  0.0000 ,  0.0000 ,
  0.0000 ,  0.0000 ,  0.0000 ,  0.0000 ,  0.0000 ,  0.0000 ,
  0.0000 ,  0.0000 ,  0.0000 ,  0.0000 ,  0.0000 ,  0.0000 ,
  0.0000 ,  0.0000 ,  0.0000 ,  0.0000 ,  0.0000 ,  0.0000 ,
  0.0000 ,  0.0000 ,  0.0000 ,  0.0000 ,  0.0000 ,  0.0000 ,
  0.0000 ,  0.0000 ,  0.0000 ,  0.0000 ,  0.0000 ,  0.0000 ,
  0.0000 ,  0.0000 ,  0.0000 ,  0.0000 ,  0.0000 ,  0.0000 ,
  0.0000 ,  0.0000 ,  0.0000 ,  0.0000 ,  0.0000 ,  0.0000 ,
  0.0000 ,  0.0000 ,  0.0000 ,  0.0000 ,  0.0000 ,  0.0000 ,
  0.0000 ,  0.0000 ,  0.0000 ,  0.0000 ,  0.0000 ,  0.0000 ,
  0.0000 ,  0.0000 ,  0.0000 ,  0.0000 ,  0.0000 ,  0.0000 ,
  0.0000 ,  0.0000 ,  0.0000 ,  0.0000 ,  0.0000 ,  0.0000 ,
  0.0000 ,  0.0000 ,  0.0000 ,  0.0000 ,  0.0000 ,  0.0000 ,
  0.0000 ,  0.0000 ,  0.0000 ,  0.0000 ,  0.0000 ,  0.0000 ,
  0.0000 ,  0.0000 ,  0.0000 ,  0.0000 ,  0.0000 ,  0.0000 ,
  0.0000 ,  0.0000 ,  0.0000 ,  0.0000 ,  0.0000 ,  0.0000 ,
  0.0000 ,  0.0000 ,  0.0000 ,  0.0000 ,  0.0000 ,  0.0000 ,
  0.0000 ,  0.0000 ,  0.0000 ,  0.0000 ,  0.0000 ,  0.0000 ,
  0.0000 ,  0.0000 ,  0.0000 ,  0.0000 ,  0.0000 ,  0.0000 ,
  0.0000 ,  0.0000 ,  0.0000 ,  0.0000 ,  0.0000 ,  0.0000 ,
  0.0000 ,  0.0000 ,  0.0000 ,  0.0000 ,  0.0000 ,  0.0000 ,
  0.0000 ,  0.0000 ,  0.0000 ,  0.0000 ,  0.0000 ,  0.0000 ,
  0.0000 ,  0.0000 ,  0.0000 ,  0.0000 ,  0.0000 ,  0.0000 ,
  0.0000 ,  0.0000 ,  0.0000 ,  0.0000 ,  0.0000 ,  0.0000 ,
  0.0000 ,  0.0000 ,  0.0000 ,  0.0000 ,  0.0000 ,  0.0000 ,
  0.0000 ,  0.0000 ,  0.0000 ,  0.0000 ,  0.0000 ,  0.0000 ,
  0.0000 ,  0.0000 ,  0.0000 ,  0.0000 ,  0.0000 ,  0.0000 ,
  0.0000 ,  0.0000 ,  0.0000 ,  0.0000 ,  0.0000 ,  0.0000 ,
  0.0000 ,  0.0000 ,  0.0000 ,  0.0000 ,  0.0000 ,  0.0000 ,
  0.0000 ,  0.0000 ,  0.0000 ,  0.0000 ,  0.0000 ,  0.0000 ,
  0.0000 ,  0.0000 ,  0.0000 ,  0.0000 ,  0.0000 ,  0.0000 ,
  0.0000 ,  0.0000 ,  0.0000 ,  0.0000 ,  0.0000 ,  0.0000 ,
  0.0000 ,  0.0000 ,  0.0000 ,  0.0000 ,  0.0000 ,  0.0000 ,
  0.0000 ,  0.0000 ,  0.0000 ,  0.0000 ,  0.0000 ,  0.0000 ,
  0.0000 ,  0.0000 ,  0.0000 ,  0.0000 ,  0.0000 ,  0.0000 ,
  0.0000 ,  0.0000 ,  0.0000 ,  0.0000 ,  0.0000 ,  0.0000 ,
  0.0000 ,  0.0000 ,  0.0000 ,  0.0000 ,  0.0000 ,  0.0000 ,
  0.0000 ,  0.0000 ,  0.0000 ,  0.0000 ,  0.0000 ,  0.0000 ,
  0.0000 ,  0.0000 ,  0.0000 ,  0.0000 ,  0.0000 ,  0.0000 ,
  0.0000 ,  0.0000 ,  0.0000 ,  0.0000 ,  0.0000 ,  0.0000 ,
  0.0000 ,  0.0000 ,  0.0000 ,  0.0000 ,  0.0000 ,  0.0000 ,
  0.0000 ,  0.0000 ,  0.0000 ,  0.0000 ,  0.0000 ,  0.0000 ,
  0.0000 ,  0.0000 ,  0.0000 ,  0.0000 ,  0.0000 ,  0.0000 ,
  0.0000 ,  0.0000 ,  0.0000 ,  0.0000 ,  0.0000 ,  0.0000 ,
  0.0000 ,  0.0000 ,  0.0000 ,  0.0000 ,  0.0000 ,  0.0000 ,
  0.0000 ,  0.0000 ,  0.0000 ,  0.0000 ,  0.0000 ,  0.0000 ,
  0.0000 ,  0.0000 ,  0.0000 ,  0.0000 ,  0.0000 ,  0.0000 ,
  0.0000 ,  0.0000 ,  0.0000 ,  0.0000 ,  0.0000 ,  0.0000 ,
  0.0000 ,  0.0000 ,  0.0000 ,  0.0000 ,  0.0000 ,  0.0000 ,
  0.0000 ,  0.0000 ,  0.0000 ,  0.0000 ,  0.0000 ,  0.0000 ,
  0.0000 ,  0.0000 ,  0.0000 ,  0.0000 ,  0.0000 ,  0.0000 ,
  0.0000 ,  0.0000 ,  0.0000 ,  0.0000 ,  0.0000 ,  0.0000 ,
  0.0000 ,  0.0000 ,  0.0000 ,  0.0000 ,  0.0000 ,  0.0000 ,
  0.0000 ,  0.0000 ,  0.0000 ,  0.0000 ,  0.0000 ,  0.0000 ,
  0.0000 ,  0.0000 ,  0.0000 ,  0.0000 ,  0.0000 ,  0.0000 ,
  0.0000 ,  0.0000 ,  0.0000 ,  0.0000 ,  0.0000 ,  0.0000 ,
  0.0000 ,  0.0000 ,  0.0000 ,  0.0000 ,  0.0000 ,  0.0000 ,
  0.0000 ,  0.0000 ,  0.0000 ,  0.0000 ,  0.0000 ,  0.0000 ,
  0.0000 ,  0.0000 ,  0.0000 ,  0.0000 ,  0.0000 ,  0.0000 ,
  0.0000 ,  0.0000 ,  0.0000 ,  0.0000 ,  0.0000 ,  0.0000 ,
  0.0000 ,  0.0000 ,  0.0000 ,  0.0000 ,  0.0000 ,  0.0000 ,
  0.0000 ,  0.0000 ,  0.0000 ,  0.0000 ,  0.0000 ,  0.0000 ,
  0.0000 ,  0.0000 ,  0.0000 ,  0.0000 ,  0.0000 ,  0.0000 ,
  0.0000 ,  0.0000 ,  0.0000 ,  0.0000 ,  0.0000 ,  0.0000 ,
  0.0000 ,  0.0000 ,  0.0000 ,  0.0000 ,  0.0000 ,  0.0000 ,
  0.0000 ,  0.0000 ,  0.0000 ,  0.0000 ,  0.0000 ,  0.0000 ,
  0.0000 ,  0.0000 ,  0.0000 ,  0.0000 ,  0.0000 ,  0.0000 ,
  0.0000 ,  0.0000 ,  0.0000 ,  0.0000 ,  0.0000 ,  0.0000 ,
  0.0000 ,  0.0000 ,  0.0000 ,  0.0000 ,  0.0000 ,  0.0000 ,
  0.0000 ,  0.0000 ,  0.0000 ,  0.0000 ,  0.0000 ,  0.0000 ,
  0.0000 ,  0.0000 ,  0.0000 ,  0.0000 ,  0.0000 ,  0.0000 ,
  0.0000 ,  0.0000 ,  0.0000 ,  0.0000 ,  0.0000 ,  0.0000 ,
  0.0000 ,  0.0000 ,  0.0000 ,  0.0000 ,  0.0000 ,  0.0000 ,
  0.0000 ,  0.0000 ,  0.0000 ,  0.0000 ,  0.0000 ,  0.0000 ,
  0.0000 ,  0.0000 ,  0.0000 ,  0.0000 ,  0.0000 ,  0.0000 ,
  0.0000 ,  0.0000 ,  0.0000 ,  0.0000 ,  0.0000 ,  0.0000 ,
  0.0000 ,  0.0000 ,  0.0000 ,  0.0000 ,  0.0000 ,  0.0000 ,
  0.0000 ,  0.0000 ,  0.0000 ,  0.0000 ,  0.0000 ,  0.0000 ,
  0.0000 ,  0.0000 ,  0.0000 ,  0.0000 ,  0.0000 ,  0.0000 ,
  0.0000 ,  0.0000 ,  0.0000 ,  0.0000 ,  0.0000 ,  0.0000 ,
  0.0000 ,  0.0000 ,  0.0000 ,  0.0000 ,  0.0000 ,  0.0000 ,
  0.0000 ,  0.0000 ,  0.0000 ,  0.0000 ,  0.0000 ,  0.0000 ,
  0.0000 ,  0.0000 ,  0.0000 ,  0.0000 ,  0.0000 ,  0.0000 ,
  0.0000 ,  0.0000 ,  0.0000 ,  0.0000 ,  0.0000 ,  0.0000 ,
  0.0000 ,  0.0000 ,  0.0000 ,  0.0000 ,  0.0000 ,  0.0000 ,
  0.0000 ,  0.0000 ,  0.0000 ,  0.0000 ,  0.0000 ,  0.0000 ,
  0.0000 ,  0.0000 ,  0.0000 ,  0.0000 ,  0.0000 ,  0.0000 ,
  0.0000 ,  0.0000 ,  0.0000 ,  0.0000 ,  0.0000 ,  0.0000 ,
  0.0000 ,  0.0000 ,  0.0000 ,  0.0000 ,  0.0000 ,  0.0000 ,
  0.0000 ,  0.0000 ,  0.0000 ,  0.0000 ,  0.0000 ,  0.0000 ,
  0.0000 ,  0.0000 ,  0.0000 ,  0.0000 ,  0.0000 ,  0.0000 ,
  0.0000 ,  0.0000 ,  0.0000 ,  0.0000 ,  0.0000 ,  0.0000 ,
  0.0000 ,  0.0000 ,  0.0000 ,  0.0000 ,  0.0000 ,  0.0000 ,
  0.0000 ,  0.0000 ,  0.0000 ,  0.0000 ,  0.0000 ,  0.0000 ,
  0.0000 ,  0.0000 ,  0.0000 ,  0.0000 ,  0.0000 ,  0.0000 ,
  0.0000 ,  0.0000 ,  0.0000 ,  0.0000 ,  0.0000 ,  0.0000 ,
  0.0000 ,  0.0000 ,  0.0000 ,  0.0000 ,  0.0000 ,  0.0000 ,
  0.0000 ,  0.0000 ,  0.0000 ,  0.0000 ,  0.0000 ,  0.0000 ,
  0.0000 ,  0.0000 ,  0.0000 ,  0.0000 ,  0.0000 ,  0.0000 ,
  0.0000 ,  0.0000 ,  0.0000 ,  0.0000 ,  0.0000 ,  0.0000 ,
  0.0000 ,  0.0000 ,  0.0000 ,  0.0000 ,  0.0000 ,  0.0000 ,
  0.0000 ,  0.0000 ,  0.0000 ,  0.0000 ,  0.0000 ,  0.0000 ,
  0.0000 ,  0.0000 ,  0.0000 ,  0.0000 ,  0.0000 ,  0.0000 ,
  0.0000 ,  0.0000 ,  0.0000 ,  0.0000 ,  0.0000 ,  0.0000 ,
  0.0000 ,  0.0000 ,  0.0000 ,  0.0000 ,  0.0000 ,  0.0000 ,
  0.0000 ,  0.0000 ,  0.0000 ,  0.0000 ,  0.0000 ,  0.0000 ,
  0.0000 ,  0.0000 ,  0.0000 ,  0.0000 ,  0.0000 ,  0.0000 ,
  0.0000 ,  0.0000 ,  0.0000 ,  0.0000 ,  0.0000 ,  0.0000 ,
  0.0000 ,  0.0000 ,  0.0000 ,  0.0000 ,  0.0000 ,  0.0000 ,
  0.0000 ,  0.0000 ,  0.0000 ,  0.0000 ,  0.0000 ,  0.0000 ,
  0.0000 ,  0.0000 ,  0.0000 ,  0.0000 ,  0.0000 ,  0.0000 ,
  0.0000 ,  0.0000 ,  0.0000 ,  0.0000 ,  0.0000 ,  0.0000 ,
  0.0000 ,  0.0000 ,  0.0000 ,  0.0000 ,  0.0000 ,  0.0000 ,
  0.0000 ,  0.0000 ,  0.0000 ,  0.0000 ,  0.0000 ,  0.0000 ,
  0.0000 ,  0.0000 ,  0.0000 ,  0.0000 ,  0.0000 ,  0.0000 ,
  0.0000 ,  0.0000 ,  0.0000 ,  0.0000 ,  0.0000 ,  0.0000 ,
  0.0000 ,  0.0000 ,  0.0000 ,  0.0000 ,  0.0000 ,  0.0000 ,
  0.0000 ,  0.0000 ,  0.0000 ,  0.0000 ,  0.0000 ,  0.0000 ,
  0.0000 ,  0.0000 ,  0.0000 ,  0.0000 ,  0.0000 ,  0.0000 ,
  0.0000 ,  0.0000 ,  0.0000 ,  0.0000 ,  0.0000 ,  0.0000 ,
  0.0000 ,  0.0000 ,  0.0000 ,  0.0000 ,  0.0000 ,  0.0000 ,
  0.0000 ,  0.0000 ,  0.0000 ,  0.0000 ,  0.0000 ,  0.0000 ,
  0.0000 ,  0.0000 ,  0.0000 ,  0.0000 ,  0.0000 ,  0.0000 ,
  0.0000 ,  0.0000 ,  0.0000 ,  0.0000 ,  0.0000 ,  0.0000 ,
  0.0000 ,  0.0000 ,  0.0000 ,  0.0000 ,  0.0000 ,  0.0000 ,
  0.0000 ,  0.0000 ,  0.0000 ,  0.0000 ,  0.0000 ,  0.0000 ,
  0.0000 ,  0.0000 ,  0.0000 ,  0.0000 ,  0.0000 ,  0.0000 ,
  0.0000 ,  0.0000 ,  0.0000 ,  0.0000 ,  0.0000 ,  0.0000 ,
  0.0000 ,  0.0000 ,  0.0000 ,  0.0000 ,  0.0000 ,  0.0000 ,
  0.0000 ,  0.0000 ,  0.0000 ,  0.0000 ,  0.0000 ,  0.0000 ,
  0.0000 ,  0.0000 ,  0.0000 ,  0.0000 ,  0.0000 ,  0.0000 ,
  0.0000 ,  0.0000 ,  0.0000 ,  0.0000 ,  0.0000 ,  0.0000 ,
  0.0000 ,  0.0000 ,  0.0000 ,  0.0000 ,  0.0000 ,  0.0000 ,
  0.0000 ,  0.0000 ,  0.0000 ,  0.0000 ,  0.0000 ,  0.0000 ,
  0.0000 ,  0.0000 ,  0.0000 ,  0.0000 ,  0.0000 ,  0.0000 ,
  0.0000 ,  0.0000 ,  0.0000 ,  0.0000 ,  0.0000 ,  0.0000 ,
  0.0000 ,  0.0000 ,  0.0000 ,  0.0000 ,  0.0000 ,  0.0000 ,
  0.0000 ,  0.0000 ,  0.0000 ,  0.0000 ,  0.0000 ,  0.0000 ,
  0.0000 ,  0.0000 ,  0.0000 ,  0.0000 ,  0.0000 ,  0.0000 ,
  0.0000 ,  0.0000 ,  0.0000 ,  0.0000 ,  0.0000 ,  0.0000 ,
  0.0000 ,  0.0000 ,  0.0000 ,  0.0000 ,  0.0000 ,  0.0000 ,
  0.0000 ,  0.0000 ,  0.0000 ,  0.0000 ,  0.0000 ,  0.0000 ,
  0.0000 ,  0.0000 ,  0.0000 ,  0.0000 ,  0.0000 ,  0.0000 ,
  0.0000 ,  0.0000 ,  0.0000 ,  0.0000 ,  0.0000 ,  0.0000 ,
  0.0000 ,  0.0000 ,  0.0000 ,  0.0000 ,  0.0000 ,  0.0000 ,
  0.0000 ,  0.0000 ,  0.0000 ,  0.0000 ,  0.0000 ,  0.0000 ,
  0.0000 ,  0.0000 ,  0.0000 ,  0.0000 ,  0.0000 ,  0.0000 ,
  0.0000 ,  0.0000 ,  0.0000 ,  0.0000 ,  0.0000 ,  0.0000 ,
  0.0000 ,  0.0000 ,  0.0000 ,  0.0000 ,  0.0000 ,  0.0000 ,
  0.0000 ,  0.0000 ,  0.0000 ,  0.0000 ,  0.0000 ,  0.0000 ,
  0.0000 ,  0.0000 ,  0.0000 ,  0.0000 ,  0.0000 ,  0.0000 ,
  0.0000 ,  0.0000 ,  0.0000 ,  0.0000 ,  0.0000 ,  0.0000 ,
  0.0000 ,  0.0000 ,  0.0000 ,  0.0000 ,  0.0000 ,  0.0000 ,
  0.0000 ,  0.0000 ,  0.0000 ,  0.0000 ,  0.0000 ,  0.0000 ,
  0.0000 ,  0.0000 ,  0.0000 ,  0.0000 ,  0.0000 ,  0.0000 ,
  0.0000 ,  0.0000 ,  0.0000 ,  0.0000 ,  0.0000 ,  0.0000 ,
  0.0000 ,  0.0000 ,  0.0000 ,  0.0000 ,  0.0000 ,  0.0000 ,
  0.0000 ,  0.0000 ,  0.0000 ,  0.0000 ,  0.0000 ,  0.0000 ,
  0.0000 ,  0.0000 ,  0.0000 ,  0.0000 ,  0.0000 ,  0.0000 ,
  0.0000 ,  0.0000 ,  0.0000 ,  0.0000 ,  0.0000 ,  0.0000 ,
  0.0000 ,  0.0000 ,  0.0000 ,  0.0000 ,  0.0000 ,  0.0000 ,
  0.0000 ,  0.0000 ,  0.0000 ,  0.0000 ,  0.0000 ,  0.0000 ,
  0.0000 ,  0.0000 ,  0.0000 ,  0.0000 ,  0.0000 ,  0.0000 ,
  0.0000 ,  0.0000 ,  0.0000 ,  0.0000 ,  0.0000 ,  0.0000 ,
  0.0000 ,  0.0000 ,  0.0000 ,  0.0000 ,  0.0000 ,  0.0000 ,
  0.0000 ,  0.0000 ,  0.0000 ,  0.0000 ,  0.0000 ,  0.0000 ,
  0.0000 ,  0.0000 ,  0.0000 ,  0.0000 ,  0.0000 ,  0.0000 ,
  0.0000 ,  0.0000 ,  0.0000 ,  0.0000 ,  0.0000 ,  0.0000 ,
  0.0000 ,  0.0000 ,  0.0000 ,  0.0000 ,  0.0000 ,  0.0000 ,
  0.0000 ,  0.0000 ,  0.0000 ,  0.0000 ,  0.0000 ,  0.0000 ,
  0.0000 ,  0.0000 ,  0.0000 ,  0.0000 ,  0.0000 ,  0.0000 ,
  0.0000 ,  0.0000 ,  0.0000 ,  0.0000 ,  0.0000 ,  0.0000 ,
  0.0000 ,  0.0000 ,  0.0000 ,  0.0000 ,  0.0000 ,  0.0000 ,
  0.0000 ,  0.0000 ,  0.0000 ,  0.0000 ,  0.0000 ,  0.0000 ,
  0.0000 ,  0.0000 ,  0.0000 ,  0.0000 ,  0.0000 ,  0.0000 ,
  0.0000 ,  0.0000 ,  0.0000 ,  0.0000 ,  0.0000 ,  0.0000 ,
  0.0000 ,  0.0000 ,  0.0000 ,  0.0000 ,  0.0000 ,  0.0000 ,
  0.0000 ,  0.0000 ,  0.0000 ,  0.0000 ,  0.0000 ,  0.0000 ,
  0.0000 ,  0.0000 ,  0.0000 ,  0.0000 ,  0.0000 ,  0.0000 ,
  0.0000 ,  0.0000 ,  0.0000 ,  0.0000 ,  0.0000 ,  0.0000 ,
  0.0000 ,  0.0000 ,  0.0000 ,  0.0000 ,  0.0000 ,  0.0000 ,
  0.0000 ,  0.0000 ,  0.0000 ,  0.0000 ,  0.0000 ,  0.0000 ,
  0.0000 ,  0.0000 ,  0.0000 ,  0.0000 ,  0.0000 ,  0.0000 ,
  0.0000 ,  0.0000 ,  0.0000 ,  0.0000 ,  0.0000 ,  0.0000 ,
  0.0000 ,  0.0000 ,  0.0000 ,  0.0000 ,  0.0000 ,  0.0000 ,
  0.0000 ,  0.0000 ,  0.0000 ,  0.0000 ,  0.0000 ,  0.0000 ,
  0.0000 ,  0.0000 ,  0.0000 ,  0.0000 ,  0.0000 ,  0.0000 ,
  0.0000 ,  0.0000 ,  0.0000 ,  0.0000 ,  0.0000 ,  0.0000 ,
  0.0000 ,  0.0000 ,  0.0000 ,  0.0000 ,  0.0000 ,  0.0000 ,
  0.0000 ,  0.0000 ,  0.0000 ,  0.0000 ,  0.0000 ,  0.0000 ,
  0.0000 ,  0.0000 ,  0.0000 ,  0.0000 ,  0.0000 ,  0.0000 ,
  0.0000 ,  0.0000 ,  0.0000 ,  0.0000 ,  0.0000 ,  0.0000 ,
  0.0000 ,  0.0000 ,  0.0000 ,  0.0000 ,  0.0000 ,  0.0000 ,
  0.0000 ,  0.0000 ,  0.0000 ,  0.0000 ,  0.0000 ,  0.0000 ,
  0.0000 ,  0.0000 ,  0.0000 ,  0.0000 ,  0.0000 ,  0.0000 ,
  0.0000 ,  0.0000 ,  0.0000 ,  0.0000 ,  0.0000 ,  0.0000 ,
  0.0000 ,  0.0000 ,  0.0000 ,  0.0000 ,  0.0000 ,  0.0000 ,
  0.0000 ,  0.0000 ,  0.0000 ,  0.0000 ,  0.0000 ,  0.0000 ,
  0.0000 ,  0.0000 ,  0.0000 ,  0.0000 ,  0.0000 ,  0.0000 ,
  0.0000 ,  0.0000 ,  0.0000 ,  0.0000 ,  0.0000 ,  0.0000 ,
  0.0000 ,  0.0000 ,  0.0000 ,  0.0000 ,  0.0000 ,  0.0000 ,
  0.0000 ,  0.0000 ,  0.0000 ,  0.0000 ,  0.0000 ,  0.0000 ,
  0.0000 ,  0.0000 ,  0.0000 ,  0.0000 ,  0.0000 ,  0.0000 ,
  0.0000 ,  0.0000 ,  0.0000 ,  0.0000 ,  0.0000 ,  0.0000 ,
  0.0000 ,  0.0000 ,  0.0000 ,  0.0000 ,  0.0000 ,  0.0000 ,
  0.0000 ,  0.0000 ,  0.0000 ,  0.0000 ,  0.0000 ,  0.0000 ,
  0.0000 ,  0.0000 ,  0.0000 ,  0.0000 ,  0.0000 ,  0.0000 ,
  0.0000 ,  0.0000 ,  0.0000 ,  0.0000 ,  0.0000 ,  0.0000 ,
  0.0000 ,  0.0000 ,  0.0000 ,  0.0000 ,  0.0000 ,  0.0000 ,
  0.0000 ,  0.0000 ,  0.0000 ,  0.0000 ,  0.0000 ,  0.0000 ,
  0.0000 ,  0.0000 ,  0.0000 ,  0.0000 ,  0.0000 ,  0.0000 ,
  0.0000 ,  0.0000 ,  0.0000 ,  0.0000 ,  0.0000 ,  0.0000 ,
  0.0000 ,  0.0000 ,  0.0000 ,  0.0000 ,  0.0000 ,  0.0000 ,
  0.0000 ,  0.0000 ,  0.0000 ,  0.0000 ,  0.0000 ,  0.0000 ,
  0.0000 ,  0.0000 ,  0.0000 ,  0.0000 ,  0.0000 ,  0.0000 ,
  0.0000 ,  0.0000 ,  0.0000 ,  0.0000 ,  0.0000 ,  0.0000 ,
  0.0000 ,  0.0000 ,  0.0000 ,  0.0000 ,  0.0000 ,  0.0000 ,
  0.0000 ,  0.0000 ,  0.0000 ,  0.0000 ,  0.0000 ,  0.0000 ,
  0.0000 ,  0.0000 ,  0.0000 ,  0.0000 ,  0.0000 ,  0.0000 ,
  0.0000 ,  0.0000 ,  0.0000 ,  0.0000 ,  0.0000 ,  0.0000 ,
  0.0000 ,  0.0000 ,  0.0000 ,  0.0000 ,  0.0000 ,  0.0000 ,
  0.0000 ,  0.0000 ,  0.0000 ,  0.0000 ,  0.0000 ,  0.0000 ,
  0.0000 ,  0.0000 ,  0.0000 ,  0.0000 ,  0.0000 ,  0.0000 ,
  0.0000 ,  0.0000 ,  0.0000 ,  0.0000 ,  0.0000 ,  0.0000 ,
  0.0000 ,  0.0000 ,  0.0000 ,  0.0000 ,  0.0000 ,  0.0000 ,
  0.0000 ,  0.0000 ,  0.0000 ,  0.0000 ,  0.0000 ,  0.0000 ,
  0.0000 ,  0.0000 ,  0.0000 ,  0.0000 ,  0.0000 ,  0.0000 ,
  0.0000 ,  0.0000 ,  0.0000 ,  0.0000 ,  0.0000 ,  0.0000 ,
  0.0000 ,  0.0000 ,  0.0000 ,  0.0000 ,  0.0000 ,  0.0000 ,
  0.0000 ,  0.0000 ,  0.0000 ,  0.0000 ,  0.0000 ,  0.0000 ,
  0.0000 ,  0.0000 ,  0.0000 ,  0.0000 ,  0.0000 ,  0.0000 ,
  0.0000 ,  0.0000 ,  0.0000 ,  0.0000 ,  0.0000 ,  0.0000 ,
  0.0000 ,  0.0000 ,  0.0000 ,  0.0000 ,  0.0000 ,  0.0000 ,
  0.0000 ,  0.0000 ,  0.0000 ,  0.0000 ,  0.0000 ,  0.0000 ,
  0.0000 ,  0.0000 ,  0.0000 ,  0.0000 ,  0.0000 ,  0.0000 ,
  0.0000 ,  0.0000 ,  0.0000 ,  0.0000 ,  0.0000 ,  0.0000 ,
  0.0000 ,  0.0000 ,  0.0000 ,  0.0000 ,  0.0000 ,  0.0000 ,
  0.0000 ,  0.0000 ,  0.0000 ,  0.0000 ,  0.0000 ,  0.0000 ,
  0.0000 ,  0.0000 ,  0.0000 ,  0.0000 ,  0.0000 ,  0.0000 ,
  0.0000 ,  0.0000 ,  0.0000 ,  0.0000 ,  0.0000 ,  0.0000 ,
  0.0000 ,  0.0000 ,  0.0000 ,  0.0000 ,  0.0000 ,  0.0000 ,
  0.0000 ,  0.0000 ,  0.0000 ,  0.0000 ,  0.0000 ,  0.0000 ,
  0.0000 ,  0.0000 ,  0.0000 ,  0.0000 ,  0.0000 ,  0.0000 ,
  0.0000 ,  0.0000 ,  0.0000 ,  0.0000 ,  0.0000 ,  0.0000 ,
  0.0000 ,  0.0000 ,  0.0000 ,  0.0000 ,  0.0000 ,  0.0000 ,
  0.0000 ,  0.0000 ,  0.0000 ,  0.0000 ,  0.0000 ,  0.0000 ,
  0.0000 ,  0.0000 ,  0.0000 ,  0.0000 ,  0.0000 ,  0.0000 ,
  0.0000 ,  0.0000 ,  0.0000 ,  0.0000 ,  0.0000 ,  0.0000 ,
  0.0000 ,  0.0000 ,  0.0000 ,  0.0000 ,  0.0000 ,  0.0000 ,
  0.0000 ,  0.0000 ,  0.0000 ,  0.0000 ,  0.0000 ,  0.0000 ,
  0.0000 ,  0.0000 ,  0.0000 ,  0.0000 ,  0.0000 ,  0.0000 ,
  0.0000 ,  0.0000 ,  0.0000 ,  0.0000 ,  0.0000 ,  0.0000 ,
  0.0000 ,  0.0000 ,  0.0000 ,  0.0000 ,  0.0000 ,  0.0000 ,
  0.0000 ,  0.0000 ,  0.0000 ,  0.0000 ,  0.0000 ,  0.0000 ,
  0.0000 ,  0.0000 ,  0.0000 ,  0.0000 ,  0.0000 ,  0.0000 ,
  0.0000 ,  0.0000 ,  0.0000 ,  0.0000 ,  0.0000 ,  0.0000 ,
  0.0000 ,  0.0000 ,  0.0000 ,  0.0000 ,  0.0000 ,  0.0000 ,
  0.0000 ,  0.0000 ,  0.0000 ,  0.0000 ,  0.0000 ,  0.0000 ,
  0.0000 ,  0.0000 ,  0.0000 ,  0.0000 ,  0.0000 ,  0.0000 ,
  0.0000 ,  0.0000 ,  0.0000 ,  0.0000 ,  0.0000 ,  0.0000 ,
  0.0000 ,  0.0000 ,  0.0000 ,  0.0000 ,  0.0000 ,  0.0000 ,
  0.0000 ,  0.0000 ,  0.0000 ,  0.0000 ,  0.0000 ,  0.0000 ,
  0.0000 ,  0.0000 ,  0.0000 ,  0.0000 ,  0.0000 ,  0.0000 ,
  0.0000 ,  0.0000 ,  0.0000 ,  0.0000 ,  0.0000 ,  0.0000 ,
  0.0000 ,  0.0000 ,  0.0000 ,  0.0000 ,  0.0000 ,  0.0000 ,
  0.0000 ,  0.0000 ,  0.0000 ,  0.0000 ,  0.0000 ,  0.0000 ,
  0.0000 ,  0.0000 ,  0.0000 ,  0.0000 ,  0.0000 ,  0.0000 ,
  0.0000 ,  0.0000 ,  0.0000 ,  0.0000 ,  0.0000 ,  0.0000 ,
  0.0000 ,  0.0000 ,  0.0000 ,  0.0000 ,  0.0000 ,  0.0000 ,
  0.0000 ,  0.0000 ,  0.0000 ,  0.0000 ,  0.0000 ,  0.0000 ,
  0.0000 ,  0.0000 ,  0.0000 ,  0.0000 ,  0.0000 ,  0.0000 ,
  0.0000 ,  0.0000 ,  0.0000 ,  0.0000 ,  0.0000 ,  0.0000 ,
  0.0000 ,  0.0000 ,  0.0000 ,  0.0000 ,  0.0000 ,  0.0000 ,
  0.0000 ,  0.0000 ,  0.0000 ,  0.0000 ,  0.0000 ,  0.0000 ,
  0.0000 ,  0.0000 ,  0.0000 ,  0.0000 ,  0.0000 ,  0.0000 ,
  0.0000 ,  0.0000 ,  0.0000 ,  0.0000 ,  0.0000 ,  0.0000 ,
  0.0000 ,  0.0000 ,  0.0000 ,  0.0000 ,  0.0000 ,  0.0000 ,
  0.0000 ,  0.0000 ,  0.0000 ,  0.0000 ,  0.0000 ,  0.0000 ,
  0.0000 ,  0.0000 ,  0.0000 ,  0.0000 ,  0.0000 ,  0.0000 ,
  0.0000 ,  0.0000 ,  0.0000 ,  0.0000 ,  0.0000 ,  0.0000 ,
  0.0000 ,  0.0000 ,  0.0000 ,  0.0000 ,  0.0000 ,  0.0000 ,
  0.0000 ,  0.0000 ,  0.0000 ,  0.0000 ,  0.0000 ,  0.0000 ,
  0.0000 ,  0.0000 ,  0.0000 ,  0.0000 ,  0.0000 ,  0.0000 ,
  0.0000 ,  0.0000 ,  0.0000 ,  0.0000 ,  0.0000 ,  0.0000 ,
  0.0000 ,  0.0000 ,  0.0000 ,  0.0000 ,  0.0000 ,  0.0000 ,
  0.0000 ,  0.0000 ,  0.0000 ,  0.0000 ,  0.0000 ,  0.0000 ,
  0.0000 ,  0.0000 ,  0.0000 ,  0.0000 ,  0.0000 ,  0.0000 ,
  0.0000 ,  0.0000 ,  0.0000 ,  0.0000 ,  0.0000 ,  0.0000 ,
  0.0000 ,  0.0000 ,  0.0000 ,  0.0000 ,  0.0000 ,  0.0000 ,
  0.0000 ,  0.0000 ,  0.0000 ,  0.0000 ,  0.0000 ,  0.0000 ,
  0.0000 ,  0.0000 ,  0.0000 ,  0.0000 ,  0.0000 ,  0.0000 ,
  0.0000 ,  0.0000 ,  0.0000 ,  0.0000 ,  0.0000 ,  0.0000 ,
  0.0000 ,  0.0000 ,  0.0000 ,  0.0000 ,  0.0000 ,  0.0000 ,
  0.0000 ,  0.0000 ,  0.0000 ,  0.0000 ,  0.0000 ,  0.0000 ,
  0.0000 ,  0.0000 ,  0.0000 ,  0.0000 ,  0.0000 ,  0.0000 ,
  0.0000 ,  0.0000 ,  0.0000 ,  0.0000 ,  0.0000 ,  0.0000 ,
  0.0000 ,  0.0000 ,  0.0000 ,  0.0000 ,  0.0000 ,  0.0000 ,
  0.0000 ,  0.0000 ,  0.0000 ,  0.0000 ,  0.0000 ,  0.0000 ,
  0.0000 ,  0.0000 ,  0.0000 ,  0.0000 ,  0.0000 ,  0.0000 ,
  0.0000 ,  0.0000 ,  0.0000 ,  0.0000 ,  0.0000 ,  0.0000 ,
  0.0000 ,  0.0000 ,  0.0000 ,  0.0000 ,  0.0000 ,  0.0000 ,
  0.0000 ,  0.0000 ,  0.0000 ,  0.0000 ,  0.0000 ,  0.0000 ,
  0.0000 ,  0.0000 ,  0.0000 ,  0.0000 ,  0.0000 ,  0.0000 ,
  0.0000 ,  0.0000 ,  0.0000 ,  0.0000 ,  0.0000 ,  0.0000 ,
  0.0000 ,  0.0000 ,  0.0000 ,  0.0000 ,  0.0000 ,  0.0000 ,
  0.0000 ,  0.0000 ,  0.0000 ,  0.0000 ,  0.0000 ,  0.0000 ,
  0.0000 ,  0.0000 ,  0.0000 ,  0.0000 ,  0.0000 ,  0.0000 ,
  0.0000 ,  0.0000 ,  0.0000 ,  0.0000 ,  0.0000 ,  0.0000 ,
  0.0000 ,  0.0000 ,  0.0000 ,  0.0000 ,  0.0000 ,  0.0000 ,
  0.0000 ,  0.0000 ,  0.0000 ,  0.0000 ,  0.0000 ,  0.0000 ,
  0.0000 ,  0.0000 ,  0.0000 ,  0.0000 ,  0.0000 ,  0.0000 ,
  0.0000 ,  0.0000 ,  0.0000 ,  0.0000 ,  0.0000 ,  0.0000 ,
  0.0000 ,  0.0000 ,  0.0000 ,  0.0000 ,  0.0000 ,  0.0000 ,
  0.0000 ,  0.0000 ,  0.0000 ,  0.0000 ,  0.0000 ,  0.0000 ,
  0.0000 ,  0.0000 ,  0.0000 ,  0.0000 ,  0.0000 ,  0.0000 ,
  0.0000 ,  0.0000 ,  0.0000 ,  0.0000 ,  0.0000 ,  0.0000 ,
  0.0000 ,  0.0000 ,  0.0000 ,  0.0000 ,  0.0000 ,  0.0000 ,
  0.0000 ,  0.0000 ,  0.0000 ,  0.0000 ,  0.0000 ,  0.0000 ,
  0.0000 ,  0.0000 ,  0.0000 ,  0.0000 ,  0.0000 ,  0.0000 ,
  0.0000 ,  0.0000 ,  0.0000 ,  0.0000 ,  0.0000 ,  0.0000 ,
  0.0000 ,  0.0000 ,  0.0000 ,  0.0000 ,  0.0000 ,  0.0000 ,
  0.0000 ,  0.0000 ,  0.0000 ,  0.0000 ,  0.0000 ,  0.0000 ,
  0.0000 ,  0.0000 ,  0.0000 ,  0.0000 ,  0.0000 ,  0.0000 ,
  0.0000 ,  0.0000 ,  0.0000 ,  0.0000 ,  0.0000 ,  0.0000 ,
  0.0000 ,  0.0000 ,  0.0000 ,  0.0000 ,  0.0000 ,  0.0000 ,
  0.0000 ,  0.0000 ,  0.0000 ,  0.0000 ,  0.0000 ,  0.0000 ,
  0.0000 ,  0.0000 ,  0.0000 ,  0.0000 ,  0.0000 ,  0.0000 ,
  0.0000 ,  0.0000 ,  0.0000 ,  0.0000 ,  0.0000 ,  0.0000 ,
  0.0000 ,  0.0000 ,  0.0000 ,  0.0000 ,  0.0000 ,  0.0000 ,
  0.0000 ,  0.0000 ,  0.0000 ,  0.0000 ,  0.0000 ,  0.0000 ,
  0.0000 ,  0.0000 ,  0.0000 ,  0.0000 ,  0.0000 ,  0.0000 ,
  0.0000 ,  0.0000 ,  0.0000 ,  0.0000 ,  0.0000 ,  0.0000 ,
  0.0000 ,  0.0000 ,  0.0000 ,  0.0000 ,  0.0000 ,  0.0000 ,
  0.0000 ,  0.0000 ,  0.0000 ,  0.0000 ,  0.0000 ,  0.0000 ,
  0.0000 ,  0.0000 ,  0.0000 ,  0.0000 ,  0.0000 ,  0.0000 ,
  0.0000 ,  0.0000 ,  0.0000 ,  0.0000 ,  0.0000 ,  0.0000 ,
  0.0000 ,  0.0000 ,  0.0000 ,  0.0000 ,  0.0000 ,  0.0000 ,
  0.0000 ,  0.0000 ,  0.0000 ,  0.0000 ,  0.0000 ,  0.0000 ,
  0.0000 ,  0.0000 ,  0.0000 ,  0.0000 ,  0.0000 ,  0.0000 ,
  0.0000 ,  0.0000 ,  0.0000 ,  0.0000 ,  0.0000 ,  0.0000 ,
  0.0000 ,  0.0000 ,  0.0000 ,  0.0000 ,  0.0000 ,  0.0000 ,
  0.0000 ,  0.0000 ,  0.0000 ,  0.0000 ,  0.0000 ,  0.0000 ,
  0.0000 ,  0.0000 ,  0.0000 ,  0.0000 ,  0.0000 ,  0.0000 ,
  0.0000 ,  0.0000 ,  0.0000 ,  0.0000 ,  0.0000 ,  0.0000 ,
  0.0000 ,  0.0000 ,  0.0000 ,  0.0000 ,  0.0000 ,  0.0000 ,
  0.0000 ,  0.0000 ,  0.0000 ,  0.0000 ,  0.0000 ,  0.0000 ,
  0.0000 ,  0.0000 ,  0.0000 ,  0.0000 ,  0.0000 ,  0.0000 ,
  0.0000 ,  0.0000 ,  0.0000 ,  0.0000 ,  0.0000 ,  0.0000 ,
  0.0000 ,  0.0000 ,  0.0000 ,  0.0000 ,  0.0000 ,  0.0000 ,
  0.0000 ,  0.0000 ,  0.0000 ,  0.0000 ,  0.0000 ,  0.0000 ,
  0.0000 ,  0.0000 ,  0.0000 ,  0.0000 ,  0.0000 ,  0.0000 ,
  0.0000 ,  0.0000 ,  0.0000 ,  0.0000 ,  0.0000 ,  0.0000 ,
  0.0000 ,  0.0000 ,  0.0000 ,  0.0000 ,  0.0000 ,  0.0000 ,
  0.0000 ,  0.0000 ,  0.0000 ,  0.0000 ,  0.0000 ,  0.0000 ,
  0.0000 ,  0.0000 ,  0.0000 ,  0.0000 ,  0.0000 ,  0.0000 ,
  0.0000 ,  0.0000 ,  0.0000 ,  0.0000 ,  0.0000 ,  0.0000 ,
  0.0000 ,  0.0000 ,  0.0000 ,  0.0000 ,  0.0000 ,  0.0000 ,
  0.0000 ,  0.0000 ,  0.0000 ,  0.0000 ,  0.0000 ,  0.0000 ,
  0.0000 ,  0.0000 ,  0.0000 ,  0.0000 ,  0.0000 ,  0.0000 ,
  0.0000 ,  0.0000 ,  0.0000 ,  0.0000 ,  0.0000 ,  0.0000 ,
  0.0000 ,  0.0000 ,  0.0000 ,  0.0000 ,  0.0000 ,  0.0000 ,
  0.0000 ,  0.0000 ,  0.0000 ,  0.0000 ,  0.0000 ,  0.0000 ,
  0.0000 ,  0.0000 ,  0.0000 ,  0.0000 ,  0.0000 ,  0.0000 ,
  0.0000 ,  0.0000 ,  0.0000 ,  0.0000 ,  0.0000 ,  0.0000 ,
  0.0000 ,  0.0000 ,  0.0000 ,  0.0000 ,  0.0000 ,  0.0000 ,
  0.0000 ,  0.0000 ,  0.0000 ,  0.0000 ,  0.0000 ,  0.0000 ,
  0.0000 ,  0.0000 ,  0.0000 ,  0.0000 ,  0.0000 ,  0.0000 ,
  0.0000 ,  0.0000 ,  0.0000 ,  0.0000 ,  0.0000 ,  0.0000 ,
  0.0000 ,  0.0000 ,  0.0000 ,  0.0000 ,  0.0000 ,  0.0000 ,
  0.0000 ,  0.0000 ,  0.0000 ,  0.0000 ,  0.0000 ,  0.0000 ,
  0.0000 ,  0.0000 ,  0.0000 ,  0.0000 ,  0.0000 ,  0.0000 ,
  0.0000 ,  0.0000 ,  0.0000 ,  0.0000 ,  0.0000 ,  0.0000 ,
  0.0000 ,  0.0000 ,  0.0000 ,  0.0000 ,  0.0000 ,  0.0000 ,
  0.0000 ,  0.0000 ,  0.0000 ,  0.0000 ,  0.0000 ,  0.0000 ,
  0.0000 ,  0.0000 ,  0.0000 ,  0.0000 ,  0.0000 ,  0.0000 ,
  0.0000 ,  0.0000 ,  0.0000 ,  0.0000 ,  0.0000 ,  0.0000 ,
  0.0000 ,  0.0000 ,  0.0000 ,  0.0000 ,  0.0000 ,  0.0000 ,
  0.0000 ,  0.0000 ,  0.0000 ,  0.0000 ,  0.0000 ,  0.0000 ,
  0.0000 ,  0.0000 ,  0.0000 ,  0.0000 ,  0.0000 ,  0.0000 ,
  0.0000 ,  0.0000 ,  0.0000 ,  0.0000 ,  0.0000 ,  0.0000 ,
  0.0000 ,  0.0000 ,  0.0000 ,  0.0000 ,  0.0000 ,  0.0000 ,
  0.0000 ,  0.0000 ,  0.0000 ,  0.0000 ,  0.0000 ,  0.0000 ,
  0.0000 ,  0.0000 ,  0.0000 ,  0.0000 ,  0.0000 ,  0.0000 ,
  0.0000 ,  0.0000 ,  0.0000 ,  0.0000 ,  0.0000 ,  0.0000 ,
  0.0000 ,  0.0000 ,  0.0000 ,  0.0000 ,  0.0000 ,  0.0000 ,
  0.0000 ,  0.0000 ,  0.0000 ,  0.0000 ,  0.0000 ,  0.0000 ,
  0.0000 ,  0.0000 ,  0.0000 ,  0.0000 ,  0.0000 ,  0.0000 ,
  0.0000 ,  0.0000 ,  0.0000 ,  0.0000 ,  0.0000 ,  0.0000 ,
  0.0000 ,  0.0000 ,  0.0000 ,  0.0000 ,  0.0000 ,  0.0000 ,
  0.0000 ,  0.0000 ,  0.0000 ,  0.0000 ,  0.0000 ,  0.0000 ,
  0.0000 ,  0.0000 ,  0.0000 ,  0.0000 ,  0.0000 ,  0.0000 ,
  0.0000 ,  0.0000 ,  0.0000 ,  0.0000 ,  0.0000 ,  0.0000 ,
  0.0000 ,  0.0000 ,  0.0000 ,  0.0000 ,  0.0000 ,  0.0000 ,
  0.0000 ,  0.0000 ,  0.0000 ,  0.0000 ,  0.0000 ,  0.0000 ,
  0.0000 ,  0.0000 ,  0.0000 ,  0.0000 ,  0.0000 ,  0.0000 ,
  0.0000 ,  0.0000 ,  0.0000 ,  0.0000 ,  0.0000 ,  0.0000 ,
  0.0000 ,  0.0000 ,  0.0000 ,  0.0000 ,  0.0000 ,  0.0000 ,
  0.0000 ,  0.0000 ,  0.0000 ,  0.0000 ,  0.0000 ,  0.0000 ,
  0.0000 ,  0.0000 ,  0.0000 ,  0.0000 ,  0.0000 ,  0.0000 ,
  0.0000 ,  0.0000 ,  0.0000 ,  0.0000 ,  0.0000 ,  0.0000 ,
  0.0000 ,  0.0000 ,  0.0000 ,  0.0000 ,  0.0000 ,  0.0000 ,
  0.0000 ,  0.0000 ,  0.0000 ,  0.0000 ,  0.0000 ,  0.0000 ,
  0.0000 ,  0.0000 ,  0.0000 ,  0.0000 ,  0.0000 ,  0.0000 ,
  0.0000 ,  0.0000 ,  0.0000 ,  0.0000 ,  0.0000 ,  0.0000 ,
  0.0000 ,  0.0000 ,  0.0000 ,  0.0000 ,  0.0000 ,  0.0000 ,
  0.0000 ,  0.0000 ,  0.0000 ,  0.0000 ,  0.0000 ,  0.0000 ,
  0.0000 ,  0.0000 ,  0.0000 ,  0.0000 ,  0.0000 ,  0.0000 ,
  0.0000 ,  0.0000 ,  0.0000 ,  0.0000 ,  0.0000 ,  0.0000 ,
  0.0000 ,  0.0000 ,  0.0000 ,  0.0000 ,  0.0000 ,  0.0000 ,
  0.0000 ,  0.0000 ,  0.0000 ,  0.0000 ,  0.0000 ,  0.0000 ,
  0.0000 ,  0.0000 ,  0.0000 ,  0.0000 ,  0.0000 ,  0.0000 ,
  0.0000 ,  0.0000 ,  0.0000 ,  0.0000 ,  0.0000 ,  0.0000 ,
  0.0000 ,  0.0000 ,  0.0000 ,  0.0000 ,  0.0000 ,  0.0000 ,
  0.0000 ,  0.0000 ,  0.0000 ,  0.0000 ,  0.0000 ,  0.0000 ,
  0.0000 ,  0.0000 ,  0.0000 ,  0.0000 ,  0.0000 ,  0.0000 ,
  0.0000 ,  0.0000 ,  0.0000 ,  0.0000 ,  0.0000 ,  0.0000 ,
  0.0000 ,  0.0000 ,  0.0000 ,  0.0000 ,  0.0000 ,  0.0000 ,
  0.0000 ,  0.0000 ,  0.0000 ,  0.0000 ,  0.0000 ,  0.0000 ,
  0.0000 ,  0.0000 ,  0.0000 ,  0.0000 ,  0.0000 ,  0.0000 ,
  0.0000 ,  0.0000 ,  0.0000 ,  0.0000 ,  0.0000 ,  0.0000 ,
  0.0000 ,  0.0000 ,  0.0000 ,  0.0000 ,  0.0000 ,  0.0000 ,
  0.0000 ,  0.0000 ,  0.0000 ,  0.0000 ,  0.0000 ,  0.0000 ,
  0.0000 ,  0.0000 ,  0.0000 ,  0.0000 ,  0.0000 ,  0.0000 ,
  0.0000 ,  0.0000 ,  0.0000 ,  0.0000 ,  0.0000 ,  0.0000 ,
  0.0000 ,  0.0000 ,  0.0000 ,  0.0000 ,  0.0000 ,  0.0000 ,
  0.0000 ,  0.0000 ,  0.0000 ,  0.0000 ,  0.0000 ,  0.0000 ,
  0.0000 ,  0.0000 ,  0.0000 ,  0.0000 ,  0.0000 ,  0.0000 ,
  0.0000 ,  0.0000 ,  0.0000 ,  0.0000 ,  0.0000 ,  0.0000 ,
  0.0000 ,  0.0000 ,  0.0000 ,  0.0000 ,  0.0000 ,  0.0000 ,
  0.0000 ,  0.0000 ,  0.0000 ,  0.0000 ,  0.0000 ,  0.0000 ,
  0.0000 ,  0.0000 ,  0.0000 ,  0.0000 ,  0.0000 ,  0.0000 ,
  0.0000 ,  0.0000 ,  0.0000 ,  0.0000 ,  0.0000 ,  0.0000 ,
  0.0000 ,  0.0000 ,  0.0000 ,  0.0000 ,  0.0000 ,  0.0000 ,
  0.0000 ,  0.0000 ,  0.0000 ,  0.0000 ,  0.0000 ,  0.0000 ,
  0.0000 ,  0.0000 ,  0.0000 ,  0.0000 ,  0.0000 ,  0.0000 ,
  0.0000 ,  0.0000 ,  0.0000 ,  0.0000 ,  0.0000 ,  0.0000 ,
  0.0000 ,  0.0000 ,  0.0000 ,  0.0000 ,  0.0000 ,  0.0000 ,
  0.0000 ,  0.0000 ,  0.0000 ,  0.0000 ,  0.0000 ,  0.0000 ,
  0.0000 ,  0.0000 ,  0.0000 ,  0.0000 ,  0.0000 ,  0.0000 ,
  0.0000 ,  0.0000 ,  0.0000 ,  0.0000 ,  0.0000 ,  0.0000 ,
  0.0000 ,  0.0000 ,  0.0000 ,  0.0000 ,  0.0000 ,  0.0000 ,
  0.0000 ,  0.0000 ,  0.0000 ,  0.0000 ,  0.0000 ,  0.0000 ,
  0.0000 ,  0.0000 ,  0.0000 ,  0.0000 ,  0.0000 ,  0.0000 ,
  0.0000 ,  0.0000 ,  0.0000 ,  0.0000 ,  0.0000 ,  0.0000 ,
  0.0000 ,  0.0000 ,  0.0000 ,  0.0000 ,  0.0000 ,  0.0000 ,
  0.0000 ,  0.0000 ,  0.0000 ,  0.0000 ,  0.0000 ,  0.0000 ,
  0.0000 ,  0.0000 ,  0.0000 ,  0.0000 ,  0.0000 ,  0.0000 ,
  0.0000 ,  0.0000 ,  0.0000 ,  0.0000 ,  0.0000 ,  0.0000 ,
  0.0000 ,  0.0000 ,  0.0000 ,  0.0000 ,  0.0000 ,  0.0000 ,
  0.0000 ,  0.0000 ,  0.0000 ,  0.0000 ,  0.0000 ,  0.0000 ,
  0.0000 ,  0.0000 ,  0.0000 ,  0.0000 ,  0.0000 ,  0.0000 ,
  0.0000 ,  0.0000 ,  0.0000 ,  0.0000 ,  0.0000 ,  0.0000 ,
  0.0000 ,  0.0000 ,  0.0000 ,  0.0000 ,  0.0000 ,  0.0000 ,
  0.0000 ,  0.0000 ,  0.0000 ,  0.0000 ,  0.0000 ,  0.0000 ,
  0.0000 ,  0.0000 ,  0.0000 ,  0.0000 ,  0.0000 ,  0.0000 ,
  0.0000 ,  0.0000 ,  0.0000 ,  0.0000 ,  0.0000 ,  0.0000 ,
  0.0000 ,  0.0000 ,  0.0000 ,  0.0000 ,  0.0000 ,  0.0000 ,
  0.0000 ,  0.0000 ,  0.0000 ,  0.0000 ,  0.0000 ,  0.0000 ,
  0.0000 ,  0.0000 ,  0.0000 ,  0.0000 ,  0.0000 ,  0.0000 ,
  0.0000 ,  0.0000 ,  0.0000 ,  0.0000 ,  0.0000 ,  0.0000 ,
  0.0000 ,  0.0000 ,  0.0000 ,  0.0000 ,  0.0000 ,  0.0000 ,
  0.0000 ,  0.0000 ,  0.0000 ,  0.0000 ,  0.0000 ,  0.0000 ,
  0.0000 ,  0.0000 ,  0.0000 ,  0.0000 ,  0.0000 ,  0.0000 ,
  0.0000 ,  0.0000 ,  0.0000 ,  0.0000 ,  0.0000 ,  0.0000 ,
  0.0000 ,  0.0000 ,  0.0000 ,  0.0000 ,  0.0000 ,  0.0000 ,
  0.0000 ,  0.0000 ,  0.0000 ,  0.0000 ,  0.0000 ,  0.0000 ,
  0.0000 ,  0.0000 ,  0.0000 ,  0.0000 ,  0.0000 ,  0.0000 ,
  0.0000 ,  0.0000 ,  0.0000 ,  0.0000 ,  0.0000 ,  0.0000 ,
  0.0000 ,  0.0000 ,  0.0000 ,  0.0000 ,  0.0000 ,  0.0000 ,
  0.0000 ,  0.0000 ,  0.0000 ,  0.0000 ,  0.0000 ,  0.0000 ,
  0.0000 ,  0.0000 ,  0.0000 ,  0.0000 ,  0.0000 ,  0.0000 ,
  0.0000 ,  0.0000 ,  0.0000 ,  0.0000 ,  0.0000 ,  0.0000 ,
  0.0000 ,  0.0000 ,  0.0000 ,  0.0000 ,  0.0000 ,  0.0000 ,
  0.0000 ,  0.0000 ,  0.0000 ,  0.0000 ,  0.0000 ,  0.0000 ,
  0.0000 ,  0.0000 ,  0.0000 ,  0.0000 ,  0.0000 ,  0.0000 ,
  0.0000 ,  0.0000 ,  0.0000 ,  0.0000 ,  0.0000 ,  0.0000 ,
  0.0000 ,  0.0000 ,  0.0000 ,  0.0000 ,  0.0000 ,  0.0000 ,
  0.0000 ,  0.0000 ,  0.0000 ,  0.0000 ,  0.0000 ,  0.0000 ,
  0.0000 ,  0.0000 ,  0.0000 ,  0.0000 ,  0.0000 ,  0.0000 ,
  0.0000 ,  0.0000 ,  0.0000 ,  0.0000 ,  0.0000 ,  0.0000 ,
  0.0000 ,  0.0000 ,  0.0000 ,  0.0000 ,  0.0000 ,  0.0000 ,
  0.0000 ,  0.0000 ,  0.0000 ,  0.0000 ,  0.0000 ,  0.0000 ,
  0.0000 ,  0.0000 ,  0.0000 ,  0.0000 ,  0.0000 ,  0.0000 ,
  0.0000 ,  0.0000 ,  0.0000 ,  0.0000 ,  0.0000 ,  0.0000 ,
  0.0000 ,  0.0000 ,  0.0000 ,  0.0000 ,  0.0000 ,  0.0000 ,
  0.0000 ,  0.0000 ,  0.0000 ,  0.0000 ,  0.0000 ,  0.0000 ,
  0.0000 ,  0.0000 ,  0.0000 ,  0.0000 ,  0.0000 ,  0.0000 ,
  0.0000 ,  0.0000 ,  0.0000 ,  0.0000 ,  0.0000 ,  0.0000 ,
  0.0000 ,  0.0000 ,  0.0000 ,  0.0000 ,  0.0000 ,  0.0000 ,
  0.0000 ,  0.0000 ,  0.0000 ,  0.0000 ,  0.0000 ,  0.0000 ,
  0.0000 ,  0.0000 ,  0.0000 ,  0.0000 ,  0.0000 ,  0.0000 ,
  0.0000 ,  0.0000 ,  0.0000 ,  0.0000 ,  0.0000 ,  0.0000 ,
  0.0000 ,  0.0000 ,  0.0000 ,  0.0000 ,  0.0000 ,  0.0000 ,
  0.0000 ,  0.0000 ,  0.0000 ,  0.0000 ,  0.0000 ,  0.0000 ,
  0.0000 ,  0.0000 ,  0.0000 ,  0.0000 ,  0.0000 ,  0.0000 ,
  0.0000 ,  0.0000 ,  0.0000 ,  0.0000 ,  0.0000 ,  0.0000 ,
  0.0000 ,  0.0000 ,  0.0000 ,  0.0000 ,  0.0000 ,  0.0000 ,
  0.0000 ,  0.0000 ,  0.0000 ,  0.0000 ,  0.0000 ,  0.0000 ,
  0.0000 ,  0.0000 ,  0.0000 ,  0.0000 ,  0.0000 ,  0.0000 ,
  0.0000 ,  0.0000 ,  0.0000 ,  0.0000 ,  0.0000 ,  0.0000 ,
  0.0000 ,  0.0000 ,  0.0000 ,  0.0000 ,  0.0000 ,  0.0000 ,
  0.0000 ,  0.0000 ,  0.0000 ,  0.0000 ,  0.0000 ,  0.0000 ,
  0.0000 ,  0.0000 ,  0.0000 ,  0.0000 ,  0.0000 ,  0.0000 ,
  0.0000 ,  0.0000 ,  0.0000 ,  0.0000 ,  0.0000 ,  0.0000 ,
  0.0000 ,  0.0000 ,  0.0000 ,  0.0000 ,  0.0000 ,  0.0000 ,
  0.0000 ,  0.0000 ,  0.0000 ,  0.0000 ,  0.0000 ,  0.0000 ,
  0.0000 ,  0.0000 ,  0.0000 ,  0.0000 ,  0.0000 ,  0.0000 ,
  0.0000 ,  0.0000 ,  0.0000 ,  0.0000 ,  0.0000 ,  0.0000 ,
  0.0000 ,  0.0000 ,  0.0000 ,  0.0000 ,  0.0000 ,  0.0000 ,
  0.0000 ,  0.0000 ,  0.0000 ,  0.0000 ,  0.0000 ,  0.0000 ,
  0.0000 ,  0.0000 ,  0.0000 ,  0.0000 ,  0.0000 ,  0.0000 ,
  0.0000 ,  0.0000 ,  0.0000 ,  0.0000 ,  0.0000 ,  0.0000 ,
  0.0000 ,  0.0000 ,  0.0000 ,  0.0000 ,  0.0000 ,  0.0000 ,
  0.0000 ,  0.0000 ,  0.0000 ,  0.0000 ,  0.0000 ,  0.0000 ,
  0.0000 ,  0.0000 ,  0.0000 ,  0.0000 ,  0.0000 ,  0.0000 ,
  0.0000 ,  0.0000 ,  0.0000 ,  0.0000 ,  0.0000 ,  0.0000 ,
  0.0000 ,  0.0000 ,  0.0000 ,  0.0000 ,  0.0000 ,  0.0000 ,
  0.0000 ,  0.0000 ,  0.0000 ,  0.0000 ,  0.0000 ,  0.0000 ,
  0.0000 ,  0.0000 ,  0.0000 ,  0.0000 ,  0.0000 ,  0.0000 ,
  0.0000 ,  0.0000 ,  0.0000 ,  0.0000 ,  0.0000 ,  0.0000 ,
  0.0000 ,  0.0000 ,  0.0000 ,  0.0000 ,  0.0000 ,  0.0000 ,
  0.0000 ,  0.0000 ,  0.0000 ,  0.0000 ,  0.0000 ,  0.0000 ,
  0.0000 ,  0.0000 ,  0.0000 ,  0.0000 ,  0.0000 ,  0.0000 ,
  0.0000 ,  0.0000 ,  0.0000 ,  0.0000 ,  0.0000 ,  0.0000 ,
  0.0000 ,  0.0000 ,  0.0000 ,  0.0000 ,  0.0000 ,  0.0000 ,
  0.0000 ,  0.0000 ,  0.0000 ,  0.0000 ,  0.0000 ,  0.0000 ,
  0.0000 ,  0.0000 ,  0.0000 ,  0.0000 ,  0.0000 ,  0.0000 ,
  0.0000 ,  0.0000 ,  0.0000 ,  0.0000 ,  0.0000 ,  0.0000 ,
  0.0000 ,  0.0000 ,  0.0000 ,  0.0000 ,  0.0000 ,  0.0000 ,
  0.0000 ,  0.0000 ,  0.0000 ,  0.0000 ,  0.0000 ,  0.0000 ,
  0.0000 ,  0.0000 ,  0.0000 ,  0.0000 ,  0.0000 ,  0.0000 ,
  0.0000 ,  0.0000 ,  0.0000 ,  0.0000 ,  0.0000 ,  0.0000 ,
  0.0000 ,  0.0000 ,  0.0000 ,  0.0000 ,  0.0000 ,  0.0000 ,
  0.0000 ,  0.0000 ,  0.0000 ,  0.0000 ,  0.0000 ,  0.0000 ,
  0.0000 ,  0.0000 ,  0.0000 ,  0.0000 ,  0.0000 ,  0.0000 ,
  0.0000 ,  0.0000 ,  0.0000 ,  0.0000 ,  0.0000 ,  0.0000 ,
  0.0000 ,  0.0000 ,  0.0000 ,  0.0000 ,  0.0000 ,  0.0000 ,
  0.0000 ,  0.0000 ,  0.0000 ,  0.0000 ,  0.0000 ,  0.0000 ,
  0.0000 ,  0.0000 ,  0.0000 ,  0.0000 ,  0.0000 ,  0.0000 ,
  0.0000 ,  0.0000 ,  0.0000 ,  0.0000 ,  0.0000 ,  0.0000 ,
  0.0000 ,  0.0000 ,  0.0000 ,  0.0000 ,  0.0000 ,  0.0000 ,
  0.0000 ,  0.0000 ,  0.0000 ,  0.0000 ,  0.0000 ,  0.0000 ,
  0.0000 ,  0.0000 ,  0.0000 ,  0.0000 ,  0.0000 ,  0.0000 ,
  0.0000 ,  0.0000 ,  0.0000 ,  0.0000 ,  0.0000 ,  0.0000 ,
  0.0000 ,  0.0000 ,  0.0000 ,  0.0000 ,  0.0000 ,  0.0000 ,
  0.0000 ,  0.0000 ,  0.0000 ,  0.0000 ,  0.0000 ,  0.0000 ,
  0.0000 ,  0.0000 ,  0.0000 ,  0.0000 ,  0.0000 ,  0.0000 ,
  0.0000 ,  0.0000 ,  0.0000 ,  0.0000 ,  0.0000 ,  0.0000 ,
  0.0000 ,  0.0000 ,  0.0000 ,  0.0000 ,  0.0000 ,  0.0000 ,
  0.0000 ,  0.0000 ,  0.0000 ,  0.0000 ,  0.0000 ,  0.0000 ,
  0.0000 ,  0.0000 ,  0.0000 ,  0.0000 ,  0.0000 ,  0.0000 ,
  0.0000 ,  0.0000 ,  0.0000 ,  0.0000 ,  0.0000 ,  0.0000 ,
  0.0000 ,  0.0000 ,  0.0000 ,  0.0000 ,  0.0000 ,  0.0000 ,
  0.0000 ,  0.0000 ,  0.0000 ,  0.0000 ,  0.0000 ,  0.0000 ,
  0.0000 ,  0.0000 ,  0.0000 ,  0.0000 ,  0.0000 ,  0.0000 ,
  0.0000 ,  0.0000 ,  0.0000 ,  0.0000 ,  0.0000 ,  0.0000 ,
  0.0000 ,  0.0000 ,  0.0000 ,  0.0000 ,  0.0000 ,  0.0000 ,
  0.0000 ,  0.0000 ,  0.0000 ,  0.0000 ,  0.0000 ,  0.0000 ,
  0.0000 ,  0.0000 ,  0.0000 ,  0.0000 ,  0.0000 ,  0.0000 ,
  0.0000 ,  0.0000 ,  0.0000 ,  0.0000 ,  0.0000 ,  0.0000 ,
  0.0000 ,  0.0000 ,  0.0000 ,  0.0000 ,  0.0000 ,  0.0000 ,
  0.0000 ,  0.0000 ,  0.0000 ,  0.0000 ,  0.0000 ,  0.0000 ,
  0.0000 ,  0.0000 ,  0.0000 ,  0.0000 ,  0.0000 ,  0.0000 ,
  0.0000 ,  0.0000 ,  0.0000 ,  0.0000 ,  0.0000 ,  0.0000 ,
  0.0000 ,  0.0000 ,  0.0000 ,  0.0000 ,  0.0000 ,  0.0000 ,
  0.0000 ,  0.0000 ,  0.0000 ,  0.0000 ,  0.0000 ,  0.0000 ,
  0.0000 ,  0.0000 ,  0.0000 ,  0.0000 ,  0.0000 ,  0.0000 ,
  0.0000 ,  0.0000 ,  0.0000 ,  0.0000 ,  0.0000 ,  0.0000 ,
  0.0000 ,  0.0000 ,  0.0000 ,  0.0000 ,  0.0000 ,  0.0000 ,
  0.0000 ,  0.0000 ,  0.0000 ,  0.0000 ,  0.0000 ,  0.0000 ,
  0.0000 ,  0.0000 ,  0.0000 ,  0.0000 ,  0.0000 ,  0.0000 ,
  0.0000 ,  0.0000 ,  0.0000 ,  0.0000 ,  0.0000 ,  0.0000 ,
  0.0000 ,  0.0000 ,  0.0000 ,  0.0000 ,  0.0000 ,  0.0000 ,
  0.0000 ,  0.0000 ,  0.0000 ,  0.0000 ,  0.0000 ,  0.0000 ,
  0.0000 ,  0.0000 ,  0.0000 ,  0.0000 ,  0.0000 ,  0.0000 ,
  0.0000 ,  0.0000 ,  0.0000 ,  0.0000 ,  0.0000 ,  0.0000 ,
  0.0000 ,  0.0000 ,  0.0000 ,  0.0000 ,  0.0000 ,  0.0000 ,
  0.0000 ,  0.0000 ,  0.0000 ,  0.0000 ,  0.0000 ,  0.0000 ,
  0.0000 ,  0.0000 ,  0.0000 ,  0.0000 ,  0.0000 ,  0.0000 ,
  0.0000 ,  0.0000 ,  0.0000 ,  0.0000 ,  0.0000 ,  0.0000 ,
  0.0000 ,  0.0000 ,  0.0000 ,  0.0000 ,  0.0000 ,  0.0000 ,
  0.0000 ,  0.0000 ,  0.0000 ,  0.0000 ,  0.0000 ,  0.0000 ,
  0.0000 ,  0.0000 ,  0.0000 ,  0.0000 ,  0.0000 ,  0.0000 ,
  0.0000 ,  0.0000 ,  0.0000 ,  0.0000 ,  0.0000 ,  0.0000 ,
  0.0000 ,  0.0000 ,  0.0000 ,  0.0000 ,  0.0000 ,  0.0000 ,
  0.0000 ,  0.0000 ,  0.0000 ,  0.0000 ,  0.0000 ,  0.0000 ,
  0.0000 ,  0.0000 ,  0.0000 ,  0.0000 ,  0.0000 ,  0.0000 ,
  0.0000 ,  0.0000 ,  0.0000 ,  0.0000 ,  0.0000 ,  0.0000 ,
  0.0000 ,  0.0000 ,  0.0000 ,  0.0000 ,  0.0000 ,  0.0000 ,
  0.0000 ,  0.0000 ,  0.0000 ,  0.0000 ,  0.0000 ,  0.0000 ,
  0.0000 ,  0.0000 ,  0.0000 ,  0.0000 ,  0.0000 ,  0.0000 ,
  0.0000 ,  0.0000 ,  0.0000 ,  0.0000 ,  0.0000 ,  0.0000 ,
  0.0000 ,  0.0000 ,  0.0000 ,  0.0000 ,  0.0000 ,  0.0000 ,
  0.0000 ,  0.0000 ,  0.0000 ,  0.0000 ,  0.0000 ,  0.0000 ,
  0.0000 ,  0.0000 ,  0.0000 ,  0.0000 ,  0.0000 ,  0.0000 ,
  0.0000 ,  0.0000 ,  0.0000 ,  0.0000 ,  0.0000 ,  0.0000 ,
  0.0000 ,  0.0000 ,  0.0000 ,  0.0000 ,  0.0000 ,  0.0000 ,
  0.0000 ,  0.0000 ,  0.0000 ,  0.0000 ,  0.0000 ,  0.0000 ,
  0.0000 ,  0.0000 ,  0.0000 ,  0.0000 ,  0.0000 ,  0.0000 ,
  0.0000 ,  0.0000 ,  0.0000 ,  0.0000 ,  0.0000 ,  0.0000 ,
  0.0000 ,  0.0000 ,  0.0000 ,  0.0000 ,  0.0000 ,  0.0000 ,
  0.0000 ,  0.0000 ,  0.0000 ,  0.0000 ,  0.0000 ,  0.0000 ,
  0.0000 ,  0.0000 ,  0.0000 ,  0.0000 ,  0.0000 ,  0.0000 ,
  0.0000 ,  0.0000 ,  0.0000 ,  0.0000 ,  0.0000 ,  0.0000 ,
  0.0000 ,  0.0000 ,  0.0000 ,  0.0000 ,  0.0000 ,  0.0000 ,
  0.0000 ,  0.0000 ,  0.0000 ,  0.0000 ,  0.0000 ,  0.0000 ,
  0.0000 ,  0.0000 ,  0.0000 ,  0.0000 ,  0.0000 ,  0.0000 ,
  0.0000 ,  0.0000 ,  0.0000 ,  0.0000 ,  0.0000 ,  0.0000 ,
  0.0000 ,  0.0000 ,  0.0000 ,  0.0000 ,  0.0000 ,  0.0000 ,
  0.0000 ,  0.0000 ,  0.0000 ,  0.0000 ,  0.0000 ,  0.0000 ,
  0.0000 ,  0.0000 ,  0.0000 ,  0.0000 ,  0.0000 ,  0.0000 ,
  0.0000 ,  0.0000 ,  0.0000 ,  0.0000 ,  0.0000 ,  0.0000 ,
  0.0000 ,  0.0000 ,  0.0000 ,  0.0000 ,  0.0000 ,  0.0000 ,
  0.0000 ,  0.0000 ,  0.0000 ,  0.0000 ,  0.0000 ,  0.0000 ,
  0.0000 ,  0.0000 ,  0.0000 ,  0.0000 ,  0.0000 ,  0.0000 ,
  0.0000 ,  0.0000 ,  0.0000 ,  0.0000 ,  0.0000 ,  0.0000 ,
  0.0000 ,  0.0000 ,  0.0000 ,  0.0000 ,  0.0000 ,  0.0000 ,
  0.0000 ,  0.0000 ,  0.0000 ,  0.0000 ,  0.0000 ,  0.0000 ,
  0.0000 ,  0.0000 ,  0.0000 ,  0.0000 ,  0.0000 ,  0.0000 ,
  0.0000 ,  0.0000 ,  0.0000 ,  0.0000 ,  0.0000 ,  0.0000 ,
  0.0000 ,  0.0000 ,  0.0000 ,  0.0000 ,  0.0000 ,  0.0000 ,
  0.0000 ,  0.0000 ,  0.0000 ,  0.0000 ,  0.0000 ,  0.0000 ,
  0.0000 ,  0.0000 ,  0.0000 ,  0.0000 ,  0.0000 ,  0.0000 ,
  0.0000 ,  0.0000 ,  0.0000 ,  0.0000 ,  0.0000 ,  0.0000 ,
  0.0000 ,  0.0000 ,  0.0000 ,  0.0000 ,  0.0000 ,  0.0000 ,
  0.0000 ,  0.0000 ,  0.0000 ,  0.0000 ,  0.0000 ,  0.0000 ,
  0.0000 ,  0.0000 ,  0.0000 ,  0.0000 ,  0.0000 ,  0.0000 ,
  0.0000 ,  0.0000 ,  0.0000 ,  0.0000 ,  0.0000 ,  0.0000 ,
  0.0000 ,  0.0000 ,  0.0000 ,  0.0000 ,  0.0000 ,  0.0000 ,
  0.0000 ,  0.0000 ,  0.0000 ,  0.0000 ,  0.0000 ,  0.0000 ,
  0.0000 ,  0.0000 ,  0.0000 ,  0.0000 ,  0.0000 ,  0.0000 ,
  0.0000 ,  0.0000 ,  0.0000 ,  0.0000 ,  0.0000 ,  0.0000 ,
  0.0000 ,  0.0000 ,  0.0000 ,  0.0000 ,  0.0000 ,  0.0000 ,
  0.0000 ,  0.0000 ,  0.0000 ,  0.0000 ,  0.0000 ,  0.0000 ,
  0.0000 ,  0.0000 ,  0.0000 ,  0.0000 ,  0.0000 ,  0.0000 ,
  0.0000 ,  0.0000 ,  0.0000 ,  0.0000 ,  0.0000 ,  0.0000 ,
  0.0000 ,  0.0000 ,  0.0000 ,  0.0000 ,  0.0000 ,  0.0000 ,
  0.0000 ,  0.0000 ,  0.0000 ,  0.0000 ,  0.0000 ,  0.0000 ,
  0.0000 ,  0.0000 ,  0.0000 ,  0.0000 ,  0.0000 ,  0.0000 ,
  0.0000 ,  0.0000 ,  0.0000 ,  0.0000 ,  0.0000 ,  0.0000 ,
  0.0000 ,  0.0000 ,  0.0000 ,  0.0000 ,  0.0000 ,  0.0000 ,
  0.0000 ,  0.0000 ,  0.0000 ,  0.0000 ,  0.0000 ,  0.0000 ,
  0.0000 ,  0.0000 ,  0.0000 ,  0.0000 ,  0.0000 ,  0.0000 ,
  0.0000 ,  0.0000 ,  0.0000 ,  0.0000 ,  0.0000 ,  0.0000 ,
  0.0000 ,  0.0000 ,  0.0000 ,  0.0000 ,  0.0000 ,  0.0000 ,
  0.0000 ,  0.0000 ,  0.0000 ,  0.0000 ,  0.0000 ,  0.0000 ,
  0.0000 ,  0.0000 ,  0.0000 ,  0.0000 ,  0.0000 ,  0.0000 ,
  0.0000 ,  0.0000 ,  0.0000 ,  0.0000 ,  0.0000 ,  0.0000 ,
  0.0000 ,  0.0000 ,  0.0000 ,  0.0000 ,  0.0000 ,  0.0000 ,
  0.0000 ,  0.0000 ,  0.0000 ,  0.0000 ,  0.0000 ,  0.0000 ,
  0.0000 ,  0.0000 ,  0.0000 ,  0.0000 ,  0.0000 ,  0.0000 ,
  0.0000 ,  0.0000 ,  0.0000 ,  0.0000 ,  0.0000 ,  0.0000 ,
  0.0000 ,  0.0000 ,  0.0000 ,  0.0000 ,  0.0000 ,  0.0000 ,
  0.0000 ,  0.0000 ,  0.0000 ,  0.0000 ,  0.0000 ,  0.0000 ,
  0.0000 ,  0.0000 ,  0.0000 ,  0.0000 ,  0.0000 ,  0.0000 ,
  0.0000 ,  0.0000 ,  0.0000 ,  0.0000 ,  0.0000 ,  0.0000 ,
  0.0000 ,  0.0000 ,  0.0000 ,  0.0000 ,  0.0000 ,  0.0000 ,
  0.0000 ,  0.0000 ,  0.0000 ,  0.0000 ,  0.0000 ,  0.0000 ,
  0.0000 ,  0.0000 ,  0.0000 ,  0.0000 ,  0.0000 ,  0.0000 ,
  0.0000 ,  0.0000 ,  0.0000 ,  0.0000 ,  0.0000 ,  0.0000 ,
  0.0000 ,  0.0000 ,  0.0000 ,  0.0000 ,  0.0000 ,  0.0000 ,
  0.0000 ,  0.0000 ,  0.0000 ,  0.0000 ,  0.0000 ,  0.0000 ,
  0.0000 ,  0.0000 ,  0.0000 ,  0.0000 ,  0.0000 ,  0.0000 ,
  0.0000 ,  0.0000 ,  0.0000 ,  0.0000 ,  0.0000 ,  0.0000 ,
  0.0000 ,  0.0000 ,  0.0000 ,  0.0000 ,  0.0000 ,  0.0000 ,
  0.0000 ,  0.0000 ,  0.0000 ,  0.0000 ,  0.0000 ,  0.0000 ,
  0.0000 ,  0.0000 ,  0.0000 ,  0.0000 ,  0.0000 ,  0.0000 ,
  0.0000 ,  0.0000 ,  0.0000 ,  0.0000 ,  0.0000 ,  0.0000 ,
  0.0000 ,  0.0000 ,  0.0000 ,  0.0000 ,  0.0000 ,  0.0000 ,
  0.0000 ,  0.0000 ,  0.0000 ,  0.0000 ,  0.0000 ,  0.0000 ,
  0.0000 ,  0.0000 ,  0.0000 ,  0.0000 ,  0.0000 ,  0.0000 ,
  0.0000 ,  0.0000 ,  0.0000 ,  0.0000 ,  0.0000 ,  0.0000 ,
  0.0000 ,  0.0000 ,  0.0000 ,  0.0000 ,  0.0000 ,  0.0000 ,
  0.0000 ,  0.0000 ,  0.0000 ,  0.0000 ,  0.0000 ,  0.0000 ,
  0.0000 ,  0.0000 ,  0.0000 ,  0.0000 ,  0.0000 ,  0.0000 ,
  0.0000 ,  0.0000 ,  0.0000 ,  0.0000 ,  0.0000 ,  0.0000 ,
  0.0000 ,  0.0000 ,  0.0000 ,  0.0000 ,  0.0000 ,  0.0000 ,
  0.0000 ,  0.0000 ,  0.0000 ,  0.0000 ,  0.0000 ,  0.0000 ,
  0.0000 ,  0.0000 ,  0.0000 ,  0.0000 ,  0.0000 ,  0.0000 ,
  0.0000 ,  0.0000 ,  0.0000 ,  0.0000 ,  0.0000 ,  0.0000 ,
  0.0000 ,  0.0000 ,  0.0000 ,  0.0000 ,  0.0000 ,  0.0000 ,
  0.0000 ,  0.0000 ,  0.0000 ,  0.0000 ,  0.0000 ,  0.0000 ,
  0.0000 ,  0.0000 ,  0.0000 ,  0.0000 ,  0.0000 ,  0.0000 ,
  0.0000 ,  0.0000 ,  0.0000 ,  0.0000 ,  0.0000 ,  0.0000 ,
  0.0000 ,  0.0000 ,  0.0000 ,  0.0000 ,  0.0000 ,  0.0000 ,
  0.0000 ,  0.0000 ,  0.0000 ,  0.0000 ,  0.0000 ,  0.0000 ,
  0.0000 ,  0.0000 ,  0.0000 ,  0.0000 ,  0.0000 ,  0.0000 ,
  0.0000 ,  0.0000 ,  0.0000 ,  0.0000 ,  0.0000 ,  0.0000 ,
  0.0000 ,  0.0000 ,  0.0000 ,  0.0000 ,  0.0000 ,  0.0000 ,
  0.0000 ,  0.0000 ,  0.0000 ,  0.0000 ,  0.0000 ,  0.0000 ,
  0.0000 ,  0.0000 ,  0.0000 ,  0.0000 ,  0.0000 ,  0.0000 ,
  0.0000 ,  0.0000 ,  0.0000 ,  0.0000 ,  0.0000 ,  0.0000 ,
  0.0000 ,  0.0000 ,  0.0000 ,  0.0000 ,  0.0000 ,  0.0000 ,
  0.0000 ,  0.0000 ,  0.0000 ,  0.0000 ,  0.0000 ,  0.0000 ,
  0.0000 ,  0.0000 ,  0.0000 ,  0.0000 ,  0.0000 ,  0.0000 ,
  0.0000 ,  0.0000 ,  0.0000 ,  0.0000 ,  0.0000 ,  0.0000 ,
  0.0000 ,  0.0000 ,  0.0000 ,  0.0000 ,  0.0000 ,  0.0000 ,
  0.0000 ,  0.0000 ,  0.0000 ,  0.0000 ,  0.0000 ,  0.0000 ,
  0.0000 ,  0.0000 ,  0.0000 ,  0.0000 ,  0.0000 ,  0.0000 ,
  0.0000 ,  0.0000 ,  0.0000 ,  0.0000 ,  0.0000 ,  0.0000 ,
  0.0000 ,  0.0000 ,  0.0000 ,  0.0000 ,  0.0000 ,  0.0000 ,
  0.0000 ,  0.0000 ,  0.0000 ,  0.0000 ,  0.0000 ,  0.0000 ,
  0.0000 ,  0.0000 ,  0.0000 ,  0.0000 ,  0.0000 ,  0.0000 ,
  0.0000 ,  0.0000 ,  0.0000 ,  0.0000 ,  0.0000 ,  0.0000 ,
  0.0000 ,  0.0000 ,  0.0000 ,  0.0000 ,  0.0000 ,  0.0000 ,
  0.0000 ,  0.0000 ,  0.0000 ,  0.0000 ,  0.0000 ,  0.0000 ,
  0.0000 ,  0.0000 ,  0.0000 ,  0.0000 ,  0.0000 ,  0.0000 ,
  0.0000 ,  0.0000 ,  0.0000 ,  0.0000 ,  0.0000 ,  0.0000 ,
  0.0000 ,  0.0000 ,  0.0000 ,  0.0000 ,  0.0000 ,  0.0000 ,
  0.0000 ,  0.0000 ,  0.0000 ,  0.0000 ,  0.0000 ,  0.0000 ,
  0.0000 ,  0.0000 ,  0.0000 ,  0.0000 ,  0.0000 ,  0.0000 ,
  0.0000 ,  0.0000 ,  0.0000 ,  0.0000 ,  0.0000 ,  0.0000 ,
  0.0000 ,  0.0000 ,  0.0000 ,  0.0000 ,  0.0000 ,  0.0000 ,
  0.0000 ,  0.0000 ,  0.0000 ,  0.0000 ,  0.0000 ,  0.0000 ,
  0.0000 ,  0.0000 ,  0.0000 ,  0.0000 ,  0.0000 ,  0.0000 ,
  0.0000 ,  0.0000 ,  0.0000 ,  0.0000 ,  0.0000 ,  0.0000 ,
  0.0000 ,  0.0000 ,  0.0000 ,  0.0000 ,  0.0000 ,  0.0000 ,
  0.0000 ,  0.0000 ,  0.0000 ,  0.0000 ,  0.0000 ,  0.0000 ,
  0.0000 ,  0.0000 ,  0.0000 ,  0.0000 ,  0.0000 ,  0.0000 ,
  0.0000 ,  0.0000 ,  0.0000 ,  0.0000 ,  0.0000 ,  0.0000 ,
  0.0000 ,  0.0000 ,  0.0000 ,  0.0000 ,  0.0000 ,  0.0000 ,
  0.0000 ,  0.0000 ,  0.0000 ,  0.0000 ,  0.0000 ,  0.0000 ,
  0.0000 ,  0.0000 ,  0.0000 ,  0.0000 ,  0.0000 ,  0.0000 ,
  0.0000 ,  0.0000 ,  0.0000 ,  0.0000 ,  0.0000 ,  0.0000 ,
  0.0000 ,  0.0000 ,  0.0000 ,  0.0000 ,  0.0000 ,  0.0000 ,
  0.0000 ,  0.0000 ,  0.0000 ,  0.0000 ,  0.0000 ,  0.0000 ,
  0.0000 ,  0.0000 ,  0.0000 ,  0.0000 ,  0.0000 ,  0.0000 ,
  0.0000 ,  0.0000 ,  0.0000 ,  0.0000 ,  0.0000 ,  0.0000 ,
  0.0000 ,  0.0000 ,  0.0000 ,  0.0000 ,  0.0000 ,  0.0000 ,
  0.0000 ,  0.0000 ,  0.0000 ,  0.0000 ,  0.0000 ,  0.0000 ,
  0.0000 ,  0.0000 ,  0.0000 ,  0.0000 ,  0.0000 ,  0.0000 ,
  0.0000 ,  0.0000 ,  0.0000 ,  0.0000 ,  0.0000 ,  0.0000 ,
  0.0000 ,  0.0000 ,  0.0000 ,  0.0000 ,  0.0000 ,  0.0000 ,
  0.0000 ,  0.0000 ,  0.0000 ,  0.0000 ,  0.0000 ,  0.0000 ,
  0.0000 ,  0.0000 ,  0.0000 ,  0.0000 ,  0.0000 ,  0.0000 ,
  0.0000 ,  0.0000 ,  0.0000 ,  0.0000 ,  0.0000 ,  0.0000 ,
  0.0000 ,  0.0000 ,  0.0000 ,  0.0000 ,  0.0000 ,  0.0000 ,
  0.0000 ,  0.0000 ,  0.0000 ,  0.0000 ,  0.0000 ,  0.0000 ,
  0.0000 ,  0.0000 ,  0.0000 ,  0.0000 ,  0.0000 ,  0.0000 ,
  0.0000 ,  0.0000 ,  0.0000 ,  0.0000 ,  0.0000 ,  0.0000 ,
  0.0000 ,  0.0000 ,  0.0000 ,  0.0000 ,  0.0000 ,  0.0000 ,
  0.0000 ,  0.0000 ,  0.0000 ,  0.0000 ,  0.0000 ,  0.0000 ,
  0.0000 ,  0.0000 ,  0.0000 ,  0.0000 ,  0.0000 ,  0.0000 ,
  0.0000 ,  0.0000 ,  0.0000 ,  0.0000 ,  0.0000 ,  0.0000 ,
  0.0000 ,  0.0000 ,  0.0000 ,  0.0000 ,  0.0000 ,  0.0000 ,
  0.0000 ,  0.0000 ,  0.0000 ,  0.0000 ,  0.0000 ,  0.0000 ,
  0.0000 ,  0.0000 ,  0.0000 ,  0.0000 ,  0.0000 ,  0.0000 ,
  0.0000 ,  0.0000 ,  0.0000 ,  0.0000 ,  0.0000 ,  0.0000 ,
  0.0000 ,  0.0000 ,  0.0000 ,  0.0000 ,  0.0000 ,  0.0000 ,
  0.0000 ,  0.0000 ,  0.0000 ,  0.0000 ,  0.0000 ,  0.0000 ,
  0.0000 ,  0.0000 ,  0.0000 ,  0.0000 ,  0.0000 ,  0.0000 ,
  0.0000 ,  0.0000 ,  0.0000 ,  0.0000 ,  0.0000 ,  0.0000 ,
  0.0000 ,  0.0000 ,  0.0000 ,  0.0000 ,  0.0000 ,  0.0000 ,
  0.0000 ,  0.0000 ,  0.0000 ,  0.0000 ,  0.0000 ,  0.0000 ,
  0.0000 ,  0.0000 ,  0.0000 ,  0.0000 ,  0.0000 ,  0.0000 ,
  0.0000 ,  0.0000 ,  0.0000 ,  0.0000 ,  0.0000 ,  0.0000 ,
  0.0000 ,  0.0000 ,  0.0000 ,  0.0000 ,  0.0000 ,  0.0000 ,
  0.0000 ,  0.0000 ,  0.0000 ,  0.0000 ,  0.0000 ,  0.0000 ,
  0.0000 ,  0.0000 ,  0.0000 ,  0.0000 ,  0.0000 ,  0.0000 ,
  0.0000 ,  0.0000 ,  0.0000 ,  0.0000 ,  0.0000 ,  0.0000 ,
  0.0000 ,  0.0000 ,  0.0000 ,  0.0000 ,  0.0000 ,  0.0000 ,
  0.0000 ,  0.0000 ,  0.0000 ,  0.0000 ,  0.0000 ,  0.0000 ,
  0.0000 ,  0.0000 ,  0.0000 ,  0.0000 ,  0.0000 ,  0.0000 ,
  0.0000 ,  0.0000 ,  0.0000 ,  0.0000 ,  0.0000 ,  0.0000 ,
  0.0000 ,  0.0000 ,  0.0000 ,  0.0000 ,  0.0000 ,  0.0000 ,
  0.0000 ,  0.0000 ,  0.0000 ,  0.0000 ,  0.0000 ,  0.0000 ,
  0.0000 ,  0.0000 ,  0.0000 ,  0.0000 ,  0.0000 ,  0.0000 ,
  0.0000 ,  0.0000 ,  0.0000 ,  0.0000 ,  0.0000 ,  0.0000 ,
  0.0000 ,  0.0000 ,  0.0000 ,  0.0000 ,  0.0000 ,  0.0000 ,
  0.0000 ,  0.0000 ,  0.0000 ,  0.0000 ,  0.0000 ,  0.0000 ,
  0.0000 ,  0.0000 ,  0.0000 ,  0.0000 ,  0.0000 ,  0.0000 ,
  0.0000 ,  0.0000 ,  0.0000 ,  0.0000 ,  0.0000 ,  0.0000 ,
  0.0000 ,  0.0000 ,  0.0000 ,  0.0000 ,  0.0000 ,  0.0000 ,
  0.0000 ,  0.0000 ,  0.0000 ,  0.0000 ,  0.0000 ,  0.0000 ,
  0.0000 ,  0.0000 ,  0.0000 ,  0.0000 ,  0.0000 ,  0.0000 ,
  0.0000 ,  0.0000 ,  0.0000 ,  0.0000 ,  0.0000 ,  0.0000 ,
  0.0000 ,  0.0000 ,  0.0000 ,  0.0000 ,  0.0000 ,  0.0000 ,
  0.0000 ,  0.0000 ,  0.0000 ,  0.0000 ,  0.0000 ,  0.0000 ,
  0.0000 ,  0.0000 ,  0.0000 ,  0.0000 ,  0.0000 ,  0.0000 ,
  0.0000 ,  0.0000 ,  0.0000 ,  0.0000 ,  0.0000 ,  0.0000 ,
  0.0000 ,  0.0000 ,  0.0000 ,  0.0000 ,  0.0000 ,  0.0000 ,
  0.0000 ,  0.0000 ,  0.0000 ,  0.0000 ,  0.0000 ,  0.0000 ,
  0.0000 ,  0.0000 ,  0.0000 ,  0.0000 ,  0.0000 ,  0.0000 ,
  0.0000 ,  0.0000 ,  0.0000 ,  0.0000 ,  0.0000 ,  0.0000 ,
  0.0000 ,  0.0000 ,  0.0000 ,  0.0000 ,  0.0000 ,  0.0000 ,
  0.0000 ,  0.0000 ,  0.0000 ,  0.0000 ,  0.0000 ,  0.0000 ,
  0.0000 ,  0.0000 ,  0.0000 ,  0.0000 ,  0.0000 ,  0.0000 ,
  0.0000 ,  0.0000 ,  0.0000 ,  0.0000 ,  0.0000 ,  0.0000 ,
  0.0000 ,  0.0000 ,  0.0000 ,  0.0000 ,  0.0000 ,  0.0000 ,
  0.0000 ,  0.0000 ,  0.0000 ,  0.0000 ,  0.0000 ,  0.0000 ,
  0.0000 ,  0.0000 ,  0.0000 ,  0.0000 ,  0.0000 ,  0.0000 ,
  0.0000 ,  0.0000 ,  0.0000 ,  0.0000 ,  0.0000 ,  0.0000 ,
  0.0000 ,  0.0000 ,  0.0000 ,  0.0000 ,  0.0000 ,  0.0000 ,
  0.0000 ,  0.0000 ,  0.0000 ,  0.0000 ,  0.0000 ,  0.0000 ,
  0.0000 ,  0.0000 ,  0.0000 ,  0.0000 ,  0.0000 ,  0.0000 ,
  0.0000 ,  0.0000 ,  0.0000 ,  0.0000 ,  0.0000 ,  0.0000 ,
  0.0000 ,  0.0000 ,  0.0000 ,  0.0000 ,  0.0000 ,  0.0000 ,
  0.0000 ,  0.0000 ,  0.0000 ,  0.0000 ,  0.0000 ,  0.0000 ,
  0.0000 ,  0.0000 ,  0.0000 ,  0.0000 ,  0.0000 ,  0.0000 ,
  0.0000 ,  0.0000 ,  0.0000 ,  0.0000 ,  0.0000 ,  0.0000 ,
  0.0000 ,  0.0000 ,  0.0000 ,  0.0000 ,  0.0000 ,  0.0000 ,
  0.0000 ,  0.0000 ,  0.0000 ,  0.0000 ,  0.0000 ,  0.0000 ,
  0.0000 ,  0.0000 ,  0.0000 ,  0.0000 ,  0.0000 ,  0.0000 ,
  0.0000 ,  0.0000 ,  0.0000 ,  0.0000 ,  0.0000 ,  0.0000 ,
  0.0000 ,  0.0000 ,  0.0000 ,  0.0000 ,  0.0000 ,  0.0000 ,
  0.0000 ,  0.0000 ,  0.0000 ,  0.0000 ,  0.0000 ,  0.0000 ,
  0.0000 ,  0.0000 ,  0.0000 ,  0.0000 ,  0.0000 ,  0.0000 ,
  0.0000 ,  0.0000 ,  0.0000 ,  0.0000 ,  0.0000 ,  0.0000 ,
  0.0000 ,  0.0000 ,  0.0000 ,  0.0000 ,  0.0000 ,  0.0000 ,
  0.0000 ,  0.0000 ,  0.0000 ,  0.0000 ,  0.0000 ,  0.0000 ,
  0.0000 ,  0.0000 ,  0.0000 ,  0.0000 ,  0.0000 ,  0.0000 ,
  0.0000 ,  0.0000 ,  0.0000 ,  0.0000 ,  0.0000 ,  0.0000 ,
  0.0000 ,  0.0000 ,  0.0000 ,  0.0000 ,  0.0000 ,  0.0000 ,
  0.0000 ,  0.0000 ,  0.0000 ,  0.0000 ,  0.0000 ,  0.0000 ,
  0.0000 ,  0.0000 ,  0.0000 ,  0.0000 ,  0.0000 ,  0.0000 ,
  0.0000 ,  0.0000 ,  0.0000 ,  0.0000 ,  0.0000 ,  0.0000 ,
  0.0000 ,  0.0000 ,  0.0000 ,  0.0000 ,  0.0000 ,  0.0000 ,
  0.0000 ,  0.0000 ,  0.0000 ,  0.0000 ,  0.0000 ,  0.0000 ,
  0.0000 ,  0.0000 ,  0.0000 ,  0.0000 ,  0.0000 ,  0.0000 ,
  0.0000 ,  0.0000 ,  0.0000 ,  0.0000 ,  0.0000 ,  0.0000 ,
  0.0000 ,  0.0000 ,  0.0000 ,  0.0000 ,  0.0000 ,  0.0000 ,
  0.0000 ,  0.0000 ,  0.0000 ,  0.0000 ,  0.0000 ,  0.0000 ,
  0.0000 ,  0.0000 ,  0.0000 ,  0.0000 ,  0.0000 ,  0.0000 ,
  0.0000 ,  0.0000 ,  0.0000 ,  0.0000 ,  0.0000 ,  0.0000 ,
  0.0000 ,  0.0000 ,  0.0000 ,  0.0000 ,  0.0000 ,  0.0000 ,
  0.0000 ,  0.0000 ,  0.0000 ,  0.0000 ,  0.0000 ,  0.0000 ,
  0.0000 ,  0.0000 ,  0.0000 ,  0.0000 ,  0.0000 ,  0.0000 ,
  0.0000 ,  0.0000 ,  0.0000 ,  0.0000 ,  0.0000 ,  0.0000 ,
  0.0000 ,  0.0000 ,  0.0000 ,  0.0000 ,  0.0000 ,  0.0000 ,
  0.0000 ,  0.0000 ,  0.0000 ,  0.0000 ,  0.0000 ,  0.0000 ,
  0.0000 ,  0.0000 ,  0.0000 ,  0.0000 ,  0.0000 ,  0.0000 ,
  0.0000 ,  0.0000 ,  0.0000 ,  0.0000 ,  0.0000 ,  0.0000 ,
  0.0000 ,  0.0000 ,  0.0000 ,  0.0000 ,  0.0000 ,  0.0000 ,
  0.0000 ,  0.0000 ,  0.0000 ,  0.0000 ,  0.0000 ,  0.0000 ,
  0.0000 ,  0.0000 ,  0.0000 ,  0.0000 ,  0.0000 ,  0.0000 ,
  0.0000 ,  0.0000 ,  0.0000 ,  0.0000 ,  0.0000 ,  0.0000 ,
  0.0000 ,  0.0000 ,  0.0000 ,  0.0000 ,  0.0000 ,  0.0000 ,
  0.0000 ,  0.0000 ,  0.0000 ,  0.0000 ,  0.0000 ,  0.0000 ,
  0.0000 ,  0.0000 ,  0.0000 ,  0.0000 ,  0.0000 ,  0.0000 ,
  0.0000 ,  0.0000 ,  0.0000 ,  0.0000 ,  0.0000 ,  0.0000 ,
  0.0000 ,  0.0000 ,  0.0000 ,  0.0000 ,  0.0000 ,  0.0000 ,
  0.0000 ,  0.0000 ,  0.0000 ,  0.0000 ,  0.0000 ,  0.0000 ,
  0.0000 ,  0.0000 ,  0.0000 ,  0.0000 ,  0.0000 ,  0.0000 ,
  0.0000 ,  0.0000 ,  0.0000 ,  0.0000 ,  0.0000 ,  0.0000 ,
  0.0000 ,  0.0000 ,  0.0000 ,  0.0000 ,  0.0000 ,  0.0000 ,
  0.0000 ,  0.0000 ,  0.0000 ,  0.0000 ,  0.0000 ,  0.0000 ,
  0.0000 ,  0.0000 ,  0.0000 ,  0.0000 ,  0.0000 ,  0.0000 ,
  0.0000 ,  0.0000 ,  0.0000 ,  0.0000 ,  0.0000 ,  0.0000 ,
  0.0000 ,  0.0000 ,  0.0000 ,  0.0000 ,  0.0000 ,  0.0000 ,
  0.0000 ,  0.0000 ,  0.0000 ,  0.0000 ,  0.0000 ,  0.0000 ,
  0.0000 ,  0.0000 ,  0.0000 ,  0.0000 ,  0.0000 ,  0.0000 ,
  0.0000 ,  0.0000 ,  0.0000 ,  0.0000 ,  0.0000 ,  0.0000 ,
  0.0000 ,  0.0000 ,  0.0000 ,  0.0000 ,  0.0000 ,  0.0000 ,
  0.0000 ,  0.0000 ,  0.0000 ,  0.0000 ,  0.0000 ,  0.0000 ,
  0.0000 ,  0.0000 ,  0.0000 ,  0.0000 ,  0.0000 ,  0.0000 ,
  0.0000 ,  0.0000 ,  0.0000 ,  0.0000 ,  0.0000 ,  0.0000 ,
  0.0000 ,  0.0000 ,  0.0000 ,  0.0000 ,  0.0000 ,  0.0000 ,
  0.0000 ,  0.0000 ,  0.0000 ,  0.0000 ,  0.0000 ,  0.0000 ,
  0.0000 ,  0.0000 ,  0.0000 ,  0.0000 ,  0.0000 ,  0.0000 ,
  0.0000 ,  0.0000 ,  0.0000 ,  0.0000 ,  0.0000 ,  0.0000 ,
  0.0000 ,  0.0000 ,  0.0000 ,  0.0000 ,  0.0000 ,  0.0000 ,
  0.0000 ,  0.0000 ,  0.0000 ,  0.0000 ,  0.0000 ,  0.0000 ,
  0.0000 ,  0.0000 ,  0.0000 ,  0.0000 ,  0.0000 ,  0.0000 ,
  0.0000 ,  0.0000 ,  0.0000 ,  0.0000 ,  0.0000 ,  0.0000 ,
  0.0000 ,  0.0000 ,  0.0000 ,  0.0000 ,  0.0000 ,  0.0000 ,
  0.0000 ,  0.0000 ,  0.0000 ,  0.0000 ,  0.0000 ,  0.0000 ,
  0.0000 ,  0.0000 ,  0.0000 ,  0.0000 ,  0.0000 ,  0.0000 ,
  0.0000 ,  0.0000 ,  0.0000 ,  0.0000 ,  0.0000 ,  0.0000 ,
  0.0000 ,  0.0000 ,  0.0000 ,  0.0000 ,  0.0000 ,  0.0000 ,
  0.0000 ,  0.0000 ,  0.0000 ,  0.0000 ,  0.0000 ,  0.0000 ,
  0.0000 ,  0.0000 ,  0.0000 ,  0.0000 ,  0.0000 ,  0.0000 ,
  0.0000 ,  0.0000 ,  0.0000 ,  0.0000 ,  0.0000 ,  0.0000 ,
  0.0000 ,  0.0000 ,  0.0000 ,  0.0000 ,  0.0000 ,  0.0000 ,
  0.0000 ,  0.0000 ,  0.0000 ,  0.0000 ,  0.0000 ,  0.0000 ,
  0.0000 ,  0.0000 ,  0.0000 ,  0.0000 ,  0.0000 ,  0.0000 ,
  0.0000 ,  0.0000 ,  0.0000 ,  0.0000 ,  0.0000 ,  0.0000 ,
  0.0000 ,  0.0000 ,  0.0000 ,  0.0000 ,  0.0000 ,  0.0000 ,
  0.0000 ,  0.0000 ,  0.0000 ,  0.0000 ,  0.0000 ,  0.0000 ,
  0.0000 ,  0.0000 ,  0.0000 ,  0.0000 ,  0.0000 ,  0.0000 ,
  0.0000 ,  0.0000 ,  0.0000 ,  0.0000 ,  0.0000 ,  0.0000 ,
  0.0000 ,  0.0000 ,  0.0000 ,  0.0000 ,  0.0000 ,  0.0000 ,
  0.0000 ,  0.0000 ,  0.0000 ,  0.0000 ,  0.0000 ,  0.0000 ,
  0.0000 ,  0.0000 ,  0.0000 ,  0.0000 ,  0.0000 ,  0.0000 ,
  0.0000 ,  0.0000 ,  0.0000 ,  0.0000 ,  0.0000 ,  0.0000 ,
  0.0000 ,  0.0000 ,  0.0000 ,  0.0000 ,  0.0000 ,  0.0000 ,
  0.0000 ,  0.0000 ,  0.0000 ,  0.0000 ,  0.0000 ,  0.0000 ,
  0.0000 ,  0.0000 ,  0.0000 ,  0.0000 ,  0.0000 ,  0.0000 ,
  0.0000 ,  0.0000 ,  0.0000 ,  0.0000 ,  0.0000 ,  0.0000 ,
  0.0000 ,  0.0000 ,  0.0000 ,  0.0000 ,  0.0000 ,  0.0000 ,
  0.0000 ,  0.0000 ,  0.0000 ,  0.0000 ,  0.0000 ,  0.0000 ,
  0.0000 ,  0.0000 ,  0.0000 ,  0.0000 ,  0.0000 ,  0.0000 ,
  0.0000 ,  0.0000 ,  0.0000 ,  0.0000 ,  0.0000 ,  0.0000 ,
  0.0000 ,  0.0000 ,  0.0000 ,  0.0000 ,  0.0000 ,  0.0000 ,
  0.0000 ,  0.0000 ,  0.0000 ,  0.0000 ,  0.0000 ,  0.0000 ,
  0.0000 ,  0.0000 ,  0.0000 ,  0.0000 ,  0.0000 ,  0.0000 ,
  0.0000 ,  0.0000 ,  0.0000 ,  0.0000 ,  0.0000 ,  0.0000 ,
  0.0000 ,  0.0000 ,  0.0000 ,  0.0000 ,  0.0000 ,  0.0000 ,
  0.0000 ,  0.0000 ,  0.0000 ,  0.0000 ,  0.0000 ,  0.0000 ,
  0.0000 ,  0.0000 ,  0.0000 ,  0.0000 ,  0.0000 ,  0.0000 ,
  0.0000 ,  0.0000 ,  0.0000 ,  0.0000 ,  0.0000 ,  0.0000 ,
  0.0000 ,  0.0000 ,  0.0000 ,  0.0000 ,  0.0000 ,  0.0000 ,
  0.0000 ,  0.0000 ,  0.0000 ,  0.0000 ,  0.0000 ,  0.0000 ,
  0.0000 ,  0.0000 ,  0.0000 ,  0.0000 ,  0.0000 ,  0.0000 ,
  0.0000 ,  0.0000 ,  0.0000 ,  0.0000 ,  0.0000 ,  0.0000 ,
  0.0000 ,  0.0000 ,  0.0000 ,  0.0000 ,  0.0000 ,  0.0000 ,
  0.0000 ,  0.0000 ,  0.0000 ,  0.0000 ,  0.0000 ,  0.0000 ,
  0.0000 ,  0.0000 ,  0.0000 ,  0.0000 ,  0.0000 ,  0.0000 ,
  0.0000 ,  0.0000 ,  0.0000 ,  0.0000 ,  0.0000 ,  0.0000 ,
  0.0000 ,  0.0000 ,  0.0000 ,  0.0000 ,  0.0000 ,  0.0000 ,
  0.0000 ,  0.0000 ,  0.0000 ,  0.0000 ,  0.0000 ,  0.0000 ,
  0.0000 ,  0.0000 ,  0.0000 ,  0.0000 ,  0.0000 ,  0.0000 ,
  0.0000 ,  0.0000 ,  0.0000 ,  0.0000 ,  0.0000 ,  0.0000 ,
  0.0000 ,  0.0000 ,  0.0000 ,  0.0000 ,  0.0000 ,  0.0000 ,
  0.0000 ,  0.0000 ,  0.0000 ,  0.0000 ,  0.0000 ,  0.0000 ,
  0.0000 ,  0.0000 ,  0.0000 ,  0.0000 ,  0.0000 ,  0.0000 ,
  0.0000 ,  0.0000 ,  0.0000 ,  0.0000 ,  0.0000 ,  0.0000 ,
  0.0000 ,  0.0000 ,  0.0000 ,  0.0000 ,  0.0000 ,  0.0000 ,
  0.0000 ,  0.0000 ,  0.0000 ,  0.0000 ,  0.0000 ,  0.0000 ,
  0.0000 ,  0.0000 ,  0.0000 ,  0.0000 ,  0.0000 ,  0.0000 ,
  0.0000 ,  0.0000 ,  0.0000 ,  0.0000 ,  0.0000 ,  0.0000 ,
  0.0000 ,  0.0000 ,  0.0000 ,  0.0000 ,  0.0000 ,  0.0000 ,
  0.0000 ,  0.0000 ,  0.0000 ,  0.0000 ,  0.0000 ,  0.0000 ,
  0.0000 ,  0.0000 ,  0.0000 ,  0.0000 ,  0.0000 ,  0.0000 ,
  0.0000 ,  0.0000 ,  0.0000 ,  0.0000 ,  0.0000 ,  0.0000 ,
  0.0000 ,  0.0000 ,  0.0000 ,  0.0000 ,  0.0000 ,  0.0000 ,
  0.0000 ,  0.0000 ,  0.0000 ,  0.0000 ,  0.0000 ,  0.0000 ,
  0.0000 ,  0.0000 ,  0.0000 ,  0.0000 ,  0.0000 ,  0.0000 ,
  0.0000 ,  0.0000 ,  0.0000 ,  0.0000 ,  0.0000 ,  0.0000 ,
  0.0000 ,  0.0000 ,  0.0000 ,  0.0000 ,  0.0000 ,  0.0000 ,
  0.0000 ,  0.0000 ,  0.0000 ,  0.0000 ,  0.0000 ,  0.0000 ,
  0.0000 ,  0.0000 ,  0.0000 ,  0.0000 ,  0.0000 ,  0.0000 ,
  0.0000 ,  0.0000 ,  0.0000 ,  0.0000 ,  0.0000 ,  0.0000 ,
  0.0000 ,  0.0000 ,  0.0000 ,  0.0000 ,  0.0000 ,  0.0000 ,
  0.0000 ,  0.0000 ,  0.0000 ,  0.0000 ,  0.0000 ,  0.0000 ,
  0.0000 ,  0.0000 ,  0.0000 ,  0.0000 ,  0.0000 ,  0.0000 ,
  0.0000 ,  0.0000 ,  0.0000 ,  0.0000 ,  0.0000 ,  0.0000 ,
  0.0000 ,  0.0000 ,  0.0000 ,  0.0000 ,  0.0000 ,  0.0000 ,
  0.0000 ,  0.0000 ,  0.0000 ,  0.0000 ,  0.0000 ,  0.0000 ,
  0.0000 ,  0.0000 ,  0.0000 ,  0.0000 ,  0.0000 ,  0.0000 ,
  0.0000 ,  0.0000 ,  0.0000 ,  0.0000 ,  0.0000 ,  0.0000 ,
  0.0000 ,  0.0000 ,  0.0000 ,  0.0000 ,  0.0000 ,  0.0000 ,
  0.0000 ,  0.0000 ,  0.0000 ,  0.0000 ,  0.0000 ,  0.0000 ,
  0.0000 ,  0.0000 ,  0.0000 ,  0.0000 ,  0.0000 ,  0.0000 ,
  0.0000 ,  0.0000 ,  0.0000 ,  0.0000 ,  0.0000 ,  0.0000 ,
  0.0000 ,  0.0000 ,  0.0000 ,  0.0000 ,  0.0000 ,  0.0000 ,
  0.0000 ,  0.0000 ,  0.0000 ,  0.0000 ,  0.0000 ,  0.0000 ,
  0.0000 ,  0.0000 ,  0.0000 ,  0.0000 ,  0.0000 ,  0.0000 ,
  0.0000 ,  0.0000 ,  0.0000 ,  0.0000 ,  0.0000 ,  0.0000 ,
  0.0000 ,  0.0000 ,  0.0000 ,  0.0000 ,  0.0000 ,  0.0000 ,
  0.0000 ,  0.0000 ,  0.0000 ,  0.0000 ,  0.0000 ,  0.0000 ,
  0.0000 ,  0.0000 ,  0.0000 ,  0.0000 ,  0.0000 ,  0.0000 ,
  0.0000 ,  0.0000 ,  0.0000 ,  0.0000 ,  0.0000 ,  0.0000 ,
  0.0000 ,  0.0000 ,  0.0000 ,  0.0000 ,  0.0000 ,  0.0000 ,
  0.0000 ,  0.0000 ,  0.0000 ,  0.0000 ,  0.0000 ,  0.0000 ,
  0.0000 ,  0.0000 ,  0.0000 ,  0.0000 ,  0.0000 ,  0.0000 ,
  0.0000 ,  0.0000 ,  0.0000 ,  0.0000 ,  0.0000 ,  0.0000 ,
  0.0000 ,  0.0000 ,  0.0000 ,  0.0000 ,  0.0000 ,  0.0000 ,
  0.0000 ,  0.0000 ,  0.0000 ,  0.0000 ,  0.0000 ,  0.0000 ,
  0.0000 ,  0.0000 ,  0.0000 ,  0.0000 ,  0.0000 ,  0.0000 ,
  0.0000 ,  0.0000 ,  0.0000 ,  0.0000 ,  0.0000 ,  0.0000 ,
  0.0000 ,  0.0000 ,  0.0000 ,  0.0000 ,  0.0000 ,  0.0000 ,
  0.0000 ,  0.0000 ,  0.0000 ,  0.0000 ,  0.0000 ,  0.0000 ,
  0.0000 ,  0.0000 ,  0.0000 ,  0.0000 ,  0.0000 ,  0.0000 ,
  0.0000 ,  0.0000 ,  0.0000 ,  0.0000 ,  0.0000 ,  0.0000 ,
  0.0000 ,  0.0000 ,  0.0000 ,  0.0000 ,  0.0000 ,  0.0000 ,
  0.0000 ,  0.0000 ,  0.0000 ,  0.0000 ,  0.0000 ,  0.0000 ,
  0.0000 ,  0.0000 ,  0.0000 ,  0.0000 ,  0.0000 ,  0.0000 ,
  0.0000 ,  0.0000 ,  0.0000 ,  0.0000 ,  0.0000 ,  0.0000 ,
  0.0000 ,  0.0000 ,  0.0000 ,  0.0000 ,  0.0000 ,  0.0000 ,
  0.0000 ,  0.0000 ,  0.0000 ,  0.0000 ,  0.0000 ,  0.0000 ,
  0.0000 ,  0.0000 ,  0.0000 ,  0.0000 ,  0.0000 ,  0.0000 ,
  0.0000 ,  0.0000 ,  0.0000 ,  0.0000 ,  0.0000 ,  0.0000 ,
  0.0000 ,  0.0000 ,  0.0000 ,  0.0000 ,  0.0000 ,  0.0000 ,
  0.0000 ,  0.0000 ,  0.0000 ,  0.0000 ,  0.0000 ,  0.0000 ,
  0.0000 ,  0.0000 ,  0.0000 ,  0.0000 ,  0.0000 ,  0.0000 ,
  0.0000 ,  0.0000 ,  0.0000 ,  0.0000 ,  0.0000 ,  0.0000 ,
  0.0000 ,  0.0000 ,  0.0000 ,  0.0000 ,  0.0000 ,  0.0000 ,
  0.0000 ,  0.0000 ,  0.0000 ,  0.0000 ,  0.0000 ,  0.0000 ,
  0.0000 ,  0.0000 ,  0.0000 ,  0.0000 ,  0.0000 ,  0.0000 ,
  0.0000 ,  0.0000 ,  0.0000 ,  0.0000 ,  0.0000 ,  0.0000 ,
  0.0000 ,  0.0000 ,  0.0000 ,  0.0000 ,  0.0000 ,  0.0000 ,
  0.0000 ,  0.0000 ,  0.0000 ,  0.0000 ,  0.0000 ,  0.0000 ,
  0.0000 ,  0.0000 ,  0.0000 ,  0.0000 ,  0.0000 ,  0.0000 ,
  0.0000 ,  0.0000 ,  0.0000 ,  0.0000 ,  0.0000 ,  0.0000 ,
  0.0000 ,  0.0000 ,  0.0000 ,  0.0000 ,  0.0000 ,  0.0000 ,
  0.0000 ,  0.0000 ,  0.0000 ,  0.0000 ,  0.0000 ,  0.0000 ,
  0.0000 ,  0.0000 ,  0.0000 ,  0.0000 ,  0.0000 ,  0.0000 ,
  0.0000 ,  0.0000 ,  0.0000 ,  0.0000 ,  0.0000 ,  0.0000 ,
  0.0000 ,  0.0000 ,  0.0000 ,  0.0000 ,  0.0000 ,  0.0000 ,
  0.0000 ,  0.0000 ,  0.0000 ,  0.0000 ,  0.0000 ,  0.0000 ,
  0.0000 ,  0.0000 ,  0.0000 ,  0.0000 ,  0.0000 ,  0.0000 ,
  0.0000 ,  0.0000 ,  0.0000 ,  0.0000 ,  0.0000 ,  0.0000 ,
  0.0000 ,  0.0000 ,  0.0000 ,  0.0000 ,  0.0000 ,  0.0000 ,
  0.0000 ,  0.0000 ,  0.0000 ,  0.0000 ,  0.0000 ,  0.0000 ,
  0.0000 ,  0.0000 ,  0.0000 ,  0.0000 ,  0.0000 ,  0.0000 ,
  0.0000 ,  0.0000 ,  0.0000 ,  0.0000 ,  0.0000 ,  0.0000 ,
  0.0000 ,  0.0000 ,  0.0000 ,  0.0000 ,  0.0000 ,  0.0000 ,
  0.0000 ,  0.0000 ,  0.0000 ,  0.0000 ,  0.0000 ,  0.0000 ,
  0.0000 ,  0.0000 ,  0.0000 ,  0.0000 ,  0.0000 ,  0.0000 ,
  0.0000 ,  0.0000 ,  0.0000 ,  0.0000 ,  0.0000 ,  0.0000 ,
  0.0000 ,  0.0000 ,  0.0000 ,  0.0000 ,  0.0000 ,  0.0000 ,
  0.0000 ,  0.0000 ,  0.0000 ,  0.0000 ,  0.0000 ,  0.0000 ,
  0.0000 ,  0.0000 ,  0.0000 ,  0.0000 ,  0.0000 ,  0.0000 ,
  0.0000 ,  0.0000 ,  0.0000 ,  0.0000 ,  0.0000 ,  0.0000 ,
  0.0000 ,  0.0000 ,  0.0000 ,  0.0000 ,  0.0000 ,  0.0000 ,
  0.0000 ,  0.0000 ,  0.0000 ,  0.0000 ,  0.0000 ,  0.0000 ,
  0.0000 ,  0.0000 ,  0.0000 ,  0.0000 ,  0.0000 ,  0.0000 ,
  0.0000 ,  0.0000 ,  0.0000 ,  0.0000 ,  0.0000 ,  0.0000 ,
  0.0000 ,  0.0000 ,  0.0000 ,  0.0000 ,  0.0000 ,  0.0000 ,
  0.0000 ,  0.0000 ,  0.0000 ,  0.0000 ,  0.0000 ,  0.0000 ,
  0.0000 ,  0.0000 ,  0.0000 ,  0.0000 ,  0.0000 ,  0.0000 ,
  0.0000 ,  0.0000 ,  0.0000 ,  0.0000 ,  0.0000 ,  0.0000 ,
  0.0000 ,  0.0000 ,  0.0000 ,  0.0000 ,  0.0000 ,  0.0000 ,
  0.0000 ,  0.0000 ,  0.0000 ,  0.0000 ,  0.0000 ,  0.0000 ,
  0.0000 ,  0.0000 ,  0.0000 ,  0.0000 ,  0.0000 ,  0.0000 ,
  0.0000 ,  0.0000 ,  0.0000 ,  0.0000 ,  0.0000 ,  0.0000 ,
  0.0000 ,  0.0000 ,  0.0000 ,  0.0000 ,  0.0000 ,  0.0000 ,
  0.0000 ,  0.0000 ,  0.0000 ,  0.0000 ,  0.0000 ,  0.0000 ,
  0.0000 ,  0.0000 ,  0.0000 ,  0.0000 ,  0.0000 ,  0.0000 ,
  0.0000 ,  0.0000 ,  0.0000 ,  0.0000 ,  0.0000 ,  0.0000 ,
  0.0000 ,  0.0000 ,  0.0000 ,  0.0000 ,  0.0000 ,  0.0000 ,
  0.0000 ,  0.0000 ,  0.0000 ,  0.0000 ,  0.0000 ,  0.0000 ,
  0.0000 ,  0.0000 ,  0.0000 ,  0.0000 ,  0.0000 ,  0.0000 ,
  0.0000 ,  0.0000 ,  0.0000 ,  0.0000 ,  0.0000 ,  0.0000 ,
  0.0000 ,  0.0000 ,  0.0000 ,  0.0000 ,  0.0000 ,  0.0000 ,
  0.0000 ,  0.0000 ,  0.0000 ,  0.0000 ,  0.0000 ,  0.0000 ,
  0.0000 ,  0.0000 ,  0.0000 ,  0.0000 ,  0.0000 ,  0.0000 ,
  0.0000 ,  0.0000 ,  0.0000 ,  0.0000 ,  0.0000 ,  0.0000 ,
  0.0000 ,  0.0000 ,  0.0000 ,  0.0000 ,  0.0000 ,  0.0000 ,
  0.0000 ,  0.0000 ,  0.0000 ,  0.0000 ,  0.0000 ,  0.0000 ,
  0.0000 ,  0.0000 ,  0.0000 ,  0.0000 ,  0.0000 ,  0.0000 ,
  0.0000 ,  0.0000 ,  0.0000 ,  0.0000 ,  0.0000 ,  0.0000 ,
  0.0000 ,  0.0000 ,  0.0000 ,  0.0000 ,  0.0000 ,  0.0000 ,
  0.0000 ,  0.0000 ,  0.0000 ,  0.0000 ,  0.0000 ,  0.0000 ,
  0.0000 ,  0.0000 ,  0.0000 ,  0.0000 ,  0.0000 ,  0.0000 ,
  0.0000 ,  0.0000 ,  0.0000 ,  0.0000 ,  0.0000 ,  0.0000 ,
  0.0000 ,  0.0000 ,  0.0000 ,  0.0000 ,  0.0000 ,  0.0000 ,
  0.0000 ,  0.0000 ,  0.0000 ,  0.0000 ,  0.0000 ,  0.0000 ,
  0.0000 ,  0.0000 ,  0.0000 ,  0.0000 ,  0.0000 ,  0.0000 ,
  0.0000 ,  0.0000 ,  0.0000 ,  0.0000 ,  0.0000 ,  0.0000 ,
  0.0000 ,  0.0000 ,  0.0000 ,  0.0000 ,  0.0000 ,  0.0000 ,
  0.0000 ,  0.0000 ,  0.0000 ,  0.0000 ,  0.0000 ,  0.0000 ,
  0.0000 ,  0.0000 ,  0.0000 ,  0.0000 ,  0.0000 ,  0.0000 ,
  0.0000 ,  0.0000 ,  0.0000 ,  0.0000 ,  0.0000 ,  0.0000 ,
  0.0000 ,  0.0000 ,  0.0000 ,  0.0000 ,  0.0000 ,  0.0000 ,
  0.0000 ,  0.0000 ,  0.0000 ,  0.0000 ,  0.0000 ,  0.0000 ,
  0.0000 ,  0.0000 ,  0.0000 ,  0.0000 ,  0.0000 ,  0.0000 ,
  0.0000 ,  0.0000 ,  0.0000 ,  0.0000 ,  0.0000 ,  0.0000 ,
  0.0000 ,  0.0000 ,  0.0000 ,  0.0000 ,  0.0000 ,  0.0000 ,
  0.0000 ,  0.0000 ,  0.0000 ,  0.0000 ,  0.0000 ,  0.0000 ,
  0.0000 ,  0.0000 ,  0.0000 ,  0.0000 ,  0.0000 ,  0.0000 ,
  0.0000 ,  0.0000 ,  0.0000 ,  0.0000 ,  0.0000 ,  0.0000 ,
  0.0000 ,  0.0000 ,  0.0000 ,  0.0000 ,  0.0000 ,  0.0000 ,
  0.0000 ,  0.0000 ,  0.0000 ,  0.0000 ,  0.0000 ,  0.0000 ,
  0.0000 ,  0.0000 ,  0.0000 ,  0.0000 ,  0.0000 ,  0.0000 ,
  0.0000 ,  0.0000 ,  0.0000 ,  0.0000 ,  0.0000 ,  0.0000 ,
  0.0000 ,  0.0000 ,  0.0000 ,  0.0000 ,  0.0000 ,  0.0000 ,
  0.0000 ,  0.0000 ,  0.0000 ,  0.0000 ,  0.0000 ,  0.0000 ,
  0.0000 ,  0.0000 ,  0.0000 ,  0.0000 ,  0.0000 ,  0.0000 ,
  0.0000 ,  0.0000 ,  0.0000 ,  0.0000 ,  0.0000 ,  0.0000 ,
  0.0000 ,  0.0000 ,  0.0000 ,  0.0000 ,  0.0000 ,  0.0000 ,
  0.0000 ,  0.0000 ,  0.0000 ,  0.0000 ,  0.0000 ,  0.0000 ,
  0.0000 ,  0.0000 ,  0.0000 ,  0.0000 ,  0.0000 ,  0.0000 ,
  0.0000 ,  0.0000 ,  0.0000 ,  0.0000 ,  0.0000 ,  0.0000 ,
  0.0000 ,  0.0000 ,  0.0000 ,  0.0000 ,  0.0000 ,  0.0000 ,
  0.0000 ,  0.0000 ,  0.0000 ,  0.0000 ,  0.0000 ,  0.0000 ,
  0.0000 ,  0.0000 ,  0.0000 ,  0.0000 ,  0.0000 ,  0.0000 ,
  0.0000 ,  0.0000 ,  0.0000 ,  0.0000 ,  0.0000 ,  0.0000 ,
  0.0000 ,  0.0000 ,  0.0000 ,  0.0000 ,  0.0000 ,  0.0000 ,
  0.0000 ,  0.0000 ,  0.0000 ,  0.0000 ,  0.0000 ,  0.0000 ,
  0.0000 ,  0.0000 ,  0.0000 ,  0.0000 ,  0.0000 ,  0.0000 ,
  0.0000 ,  0.0000 ,  0.0000 ,  0.0000 ,  0.0000 ,  0.0000 ,
  0.0000 ,  0.0000 ,  0.0000 ,  0.0000 ,  0.0000 ,  0.0000 ,
  0.0000 ,  0.0000 ,  0.0000 ,  0.0000 ,  0.0000 ,  0.0000 ,
  0.0000 ,  0.0000 ,  0.0000 ,  0.0000 ,  0.0000 ,  0.0000 ,
  0.0000 ,  0.0000 ,  0.0000 ,  0.0000 ,  0.0000 ,  0.0000 ,
  0.0000 ,  0.0000 ,  0.0000 ,  0.0000 ,  0.0000 ,  0.0000 ,
  0.0000 ,  0.0000 ,  0.0000 ,  0.0000 ,  0.0000 ,  0.0000 ,
  0.0000 ,  0.0000 ,  0.0000 ,  0.0000 ,  0.0000 ,  0.0000 ,
  0.0000 ,  0.0000 ,  0.0000 ,  0.0000 ,  0.0000 ,  0.0000 ,
  0.0000 ,  0.0000 ,  0.0000 ,  0.0000 ,  0.0000 ,  0.0000 ,
  0.0000 ,  0.0000 ,  0.0000 ,  0.0000 ,  0.0000 ,  0.0000 ,
  0.0000 ,  0.0000 ,  0.0000 ,  0.0000 ,  0.0000 ,  0.0000 ,
  0.0000 ,  0.0000 ,  0.0000 ,  0.0000 ,  0.0000 ,  0.0000 ,
  0.0000 ,  0.0000 ,  0.0000 ,  0.0000 ,  0.0000 ,  0.0000 ,
  0.0000 ,  0.0000 ,  0.0000 ,  0.0000 ,  0.0000 ,  0.0000 ,
  0.0000 ,  0.0000 ,  0.0000 ,  0.0000 ,  0.0000 ,  0.0000 ,
  0.0000 ,  0.0000 ,  0.0000 ,  0.0000 ,  0.0000 ,  0.0000 ,
  0.0000 ,  0.0000 ,  0.0000 ,  0.0000 ,  0.0000 ,  0.0000 ,
  0.0000 ,  0.0000 ,  0.0000 ,  0.0000 ,  0.0000 ,  0.0000 ,
  0.0000 ,  0.0000 ,  0.0000 ,  0.0000 ,  0.0000 ,  0.0000 ,
  0.0000 ,  0.0000 ,  0.0000 ,  0.0000 ,  0.0000 ,  0.0000 ,
  0.0000 ,  0.0000 ,  0.0000 ,  0.0000 ,  0.0000 ,  0.0000 ,
  0.0000 ,  0.0000 ,  0.0000 ,  0.0000 ,  0.0000 ,  0.0000 ,
  0.0000 ,  0.0000 ,  0.0000 ,  0.0000 ,  0.0000 ,  0.0000 ,
  0.0000 ,  0.0000 ,  0.0000 ,  0.0000 ,  0.0000 ,  0.0000 ,
  0.0000 ,  0.0000 ,  0.0000 ,  0.0000 ,  0.0000 ,  0.0000 ,
  0.0000 ,  0.0000 ,  0.0000 ,  0.0000 ,  0.0000 ,  0.0000 ,
  0.0000 ,  0.0000 ,  0.0000 ,  0.0000 ,  0.0000 ,  0.0000 ,
  0.0000 ,  0.0000 ,  0.0000 ,  0.0000 ,  0.0000 ,  0.0000 ,
  0.0000 ,  0.0000 ,  0.0000 ,  0.0000 ,  0.0000 ,  0.0000 ,
  0.0000 ,  0.0000 ,  0.0000 ,  0.0000 ,  0.0000 ,  0.0000 ,
  0.0000 ,  0.0000 ,  0.0000 ,  0.0000 ,  0.0000 ,  0.0000 ,
  0.0000 ,  0.0000 ,  0.0000 ,  0.0000 ,  0.0000 ,  0.0000 ,
  0.0000 ,  0.0000 ,  0.0000 ,  0.0000 ,  0.0000 ,  0.0000 ,
  0.0000 ,  0.0000 ,  0.0000 ,  0.0000 ,  0.0000 ,  0.0000 ,
  0.0000 ,  0.0000 ,  0.0000 ,  0.0000 ,  0.0000 ,  0.0000 ,
  0.0000 ,  0.0000 ,  0.0000 ,  0.0000 ,  0.0000 ,  0.0000 ,
  0.0000 ,  0.0000 ,  0.0000 ,  0.0000 ,  0.0000 ,  0.0000 ,
  0.0000 ,  0.0000 ,  0.0000 ,  0.0000 ,  0.0000 ,  0.0000 ,
  0.0000 ,  0.0000 ,  0.0000 ,  0.0000 ,  0.0000 ,  0.0000 ,
  0.0000 ,  0.0000 ,  0.0000 ,  0.0000 ,  0.0000 ,  0.0000 ,
  0.0000 ,  0.0000 ,  0.0000 ,  0.0000 ,  0.0000 ,  0.0000 ,
  0.0000 ,  0.0000 ,  0.0000 ,  0.0000 ,  0.0000 ,  0.0000 ,
  0.0000 ,  0.0000 ,  0.0000 ,  0.0000 ,  0.0000 ,  0.0000 ,
  0.0000 ,  0.0000 ,  0.0000 ,  0.0000 ,  0.0000 ,  0.0000 ,
  0.0000 ,  0.0000 ,  0.0000 ,  0.0000 ,  0.0000 ,  0.0000 ,
  0.0000 ,  0.0000 ,  0.0000 ,  0.0000 ,  0.0000 ,  0.0000 ,
  0.0000 ,  0.0000 ,  0.0000 ,  0.0000 ,  0.0000 ,  0.0000 ,
  0.0000 ,  0.0000 ,  0.0000 ,  0.0000 ,  0.0000 ,  0.0000 ,
  0.0000 ,  0.0000 ,  0.0000 ,  0.0000 ,  0.0000 ,  0.0000 ,
  0.0000 ,  0.0000 ,  0.0000 ,  0.0000 ,  0.0000 ,  0.0000 ,
  0.0000 ,  0.0000 ,  0.0000 ,  0.0000 ,  0.0000 ,  0.0000 ,
  0.0000 ,  0.0000 ,  0.0000 ,  0.0000 ,  0.0000 ,  0.0000 ,
  0.0000 ,  0.0000 ,  0.0000 ,  0.0000 ,  0.0000 ,  0.0000 ,
  0.0000 ,  0.0000 ,  0.0000 ,  0.0000 ,  0.0000 ,  0.0000 ,
  0.0000 ,  0.0000 ,  0.0000 ,  0.0000 ,  0.0000 ,  0.0000 ,
  0.0000 ,  0.0000 ,  0.0000 ,  0.0000 ,  0.0000 ,  0.0000 ,
  0.0000 ,  0.0000 ,  0.0000 ,  0.0000 ,  0.0000 ,  0.0000 ,
  0.0000 ,  0.0000 ,  0.0000 ,  0.0000 ,  0.0000 ,  0.0000 ,
  0.0000 ,  0.0000 ,  0.0000 ,  0.0000 ,  0.0000 ,  0.0000 ,
  0.0000 ,  0.0000 ,  0.0000 ,  0.0000 ,  0.0000 ,  0.0000 ,
  0.0000 ,  0.0000 ,  0.0000 ,  0.0000 ,  0.0000 ,  0.0000 ,
  0.0000 ,  0.0000 ,  0.0000 ,  0.0000 ,  0.0000 ,  0.0000 ,
  0.0000 ,  0.0000 ,  0.0000 ,  0.0000 ,  0.0000 ,  0.0000 ,
  0.0000 ,  0.0000 ,  0.0000 ,  0.0000 ,  0.0000 ,  0.0000 ,
  0.0000 ,  0.0000 ,  0.0000 ,  0.0000 ,  0.0000 ,  0.0000 ,
  0.0000 ,  0.0000 ,  0.0000 ,  0.0000 ,  0.0000 ,  0.0000 ,
  0.0000 ,  0.0000 ,  0.0000 ,  0.0000 ,  0.0000 ,  0.0000 ,
  0.0000 ,  0.0000 ,  0.0000 ,  0.0000 ,  0.0000 ,  0.0000 ,
  0.0000 ,  0.0000 ,  0.0000 ,  0.0000 ,  0.0000 ,  0.0000 ,
  0.0000 ,  0.0000 ,  0.0000 ,  0.0000 ,  0.0000 ,  0.0000 ,
  0.0000 ,  0.0000 ,  0.0000 ,  0.0000 ,  0.0000 ,  0.0000 ,
  0.0000 ,  0.0000 ,  0.0000 ,  0.0000 ,  0.0000 ,  0.0000 ,
  0.0000 ,  0.0000 ,  0.0000 ,  0.0000 ,  0.0000 ,  0.0000 ,
  0.0000 ,  0.0000 ,  0.0000 ,  0.0000 ,  0.0000 ,  0.0000 ,
  0.0000 ,  0.0000 ,  0.0000 ,  0.0000 ,  0.0000 ,  0.0000 ,
  0.0000 ,  0.0000 ,  0.0000 ,  0.0000 ,  0.0000 ,  0.0000 ,
  0.0000 ,  0.0000 ,  0.0000 ,  0.0000 ,  0.0000 ,  0.0000 ,
  0.0000 ,  0.0000 ,  0.0000 ,  0.0000 ,  0.0000 ,  0.0000 ,
  0.0000 ,  0.0000 ,  0.0000 ,  0.0000 ,  0.0000 ,  0.0000 ,
  0.0000 ,  0.0000 ,  0.0000 ,  0.0000 ,  0.0000 ,  0.0000 ,
  0.0000 ,  0.0000 ,  0.0000 ,  0.0000 ,  0.0000 ,  0.0000 ,
  0.0000 ,  0.0000 ,  0.0000 ,  0.0000 ,  0.0000 ,  0.0000 ,
  0.0000 ,  0.0000 ,  0.0000 ,  0.0000 ,  0.0000 ,  0.0000 ,
  0.0000 ,  0.0000 ,  0.0000 ,  0.0000 ,  0.0000 ,  0.0000 ,
  0.0000 ,  0.0000 ,  0.0000 ,  0.0000 ,  0.0000 ,  0.0000 ,
  0.0000 ,  0.0000 ,  0.0000 ,  0.0000 ,  0.0000 ,  0.0000 ,
  0.0000 ,  0.0000 ,  0.0000 ,  0.0000 ,  0.0000 ,  0.0000 ,
  0.0000 ,  0.0000 ,  0.0000 ,  0.0000 ,  0.0000 ,  0.0000 ,
  0.0000 ,  0.0000 ,  0.0000 ,  0.0000 ,  0.0000 ,  0.0000 ,
  0.0000 ,  0.0000 ,  0.0000 ,  0.0000 ,  0.0000 ,  0.0000 ,
  0.0000 ,  0.0000 ,  0.0000 ,  0.0000 ,  0.0000 ,  0.0000 ,
  0.0000 ,  0.0000 ,  0.0000 ,  0.0000 ,  0.0000 ,  0.0000 ,
  0.0000 ,  0.0000 ,  0.0000 ,  0.0000 ,  0.0000 ,  0.0000 ,
  0.0000 ,  0.0000 ,  0.0000 ,  0.0000 ,  0.0000 ,  0.0000 ,
  0.0000 ,  0.0000 ,  0.0000 ,  0.0000 ,  0.0000 ,  0.0000 ,
  0.0000 ,  0.0000 ,  0.0000 ,  0.0000 ,  0.0000 ,  0.0000 ,
  0.0000 ,  0.0000 ,  0.0000 ,  0.0000 ,  0.0000 ,  0.0000 ,
  0.0000 ,  0.0000 ,  0.0000 ,  0.0000 ,  0.0000 ,  0.0000 ,
  0.0000 ,  0.0000 ,  0.0000 ,  0.0000 ,  0.0000 ,  0.0000 ,
  0.0000 ,  0.0000 ,  0.0000 ,  0.0000 ,  0.0000 ,  0.0000 ,
  0.0000 ,  0.0000 ,  0.0000 ,  0.0000 ,  0.0000 ,  0.0000 ,
  0.0000 ,  0.0000 ,  0.0000 ,  0.0000 ,  0.0000 ,  0.0000 ,
  0.0000 ,  0.0000 ,  0.0000 ,  0.0000 ,  0.0000 ,  0.0000 ,
  0.0000 ,  0.0000 ,  0.0000 ,  0.0000 ,  0.0000 ,  0.0000 ,
  0.0000 ,  0.0000 ,  0.0000 ,  0.0000 ,  0.0000 ,  0.0000 ,
  0.0000 ,  0.0000 ,  0.0000 ,  0.0000 ,  0.0000 ,  0.0000 ,
  0.0000 ,  0.0000 ,  0.0000 ,  0.0000 ,  0.0000 ,  0.0000 ,
  0.0000 ,  0.0000 ,  0.0000 ,  0.0000 ,  0.0000 ,  0.0000 ,
  0.0000 ,  0.0000 ,  0.0000 ,  0.0000 ,  0.0000 ,  0.0000 ,
  0.0000 ,  0.0000 ,  0.0000 ,  0.0000 ,  0.0000 ,  0.0000 ,
  0.0000 ,  0.0000 ,  0.0000 ,  0.0000 ,  0.0000 ,  0.0000 ,
  0.0000 ,  0.0000 ,  0.0000 ,  0.0000 ,  0.0000 ,  0.0000 ,
  0.0000 ,  0.0000 ,  0.0000 ,  0.0000 ,  0.0000 ,  0.0000 ,
  0.0000 ,  0.0000 ,  0.0000 ,  0.0000 ,  0.0000 ,  0.0000 ,
  0.0000 ,  0.0000 ,  0.0000 ,  0.0000 ,  0.0000 ,  0.0000 ,
  0.0000 ,  0.0000 ,  0.0000 ,  0.0000 ,  0.0000 ,  0.0000 ,
  0.0000 ,  0.0000 ,  0.0000 ,  0.0000 ,  0.0000 ,  0.0000 ,
  0.0000 ,  0.0000 ,  0.0000 ,  0.0000 ,  0.0000 ,  0.0000 ,
  0.0000 ,  0.0000 ,  0.0000 ,  0.0000 ,  0.0000 ,  0.0000 ,
  0.0000 ,  0.0000 ,  0.0000 ,  0.0000 ,  0.0000 ,  0.0000 ,
  0.0000 ,  0.0000 ,  0.0000 ,  0.0000 ,  0.0000 ,  0.0000 ,
  0.0000 ,  0.0000 ,  0.0000 ,  0.0000 ,  0.0000 ,  0.0000 ,
  0.0000 ,  0.0000 ,  0.0000 ,  0.0000 ,  0.0000 ,  0.0000 ,
  0.0000 ,  0.0000 ,  0.0000 ,  0.0000 ,  0.0000 ,  0.0000 ,
  0.0000 ,  0.0000 ,  0.0000 ,  0.0000 ,  0.0000 ,  0.0000 ,
  0.0000 ,  0.0000 ,  0.0000 ,  0.0000 ,  0.0000 ,  0.0000 ,
  0.0000 ,  0.0000 ,  0.0000 ,  0.0000 ,  0.0000 ,  0.0000 ,
  0.0000 ,  0.0000 ,  0.0000 ,  0.0000 ,  0.0000 ,  0.0000 ,
  0.0000 ,  0.0000 ,  0.0000 ,  0.0000 ,  0.0000 ,  0.0000 ,
  0.0000 ,  0.0000 ,  0.0000 ,  0.0000 ,  0.0000 ,  0.0000 ,
  0.0000 ,  0.0000 ,  0.0000 ,  0.0000 ,  0.0000 ,  0.0000 ,
  0.0000 ,  0.0000 ,  0.0000 ,  0.0000 ,  0.0000 ,  0.0000 ,
  0.0000 ,  0.0000 ,  0.0000 ,  0.0000 ,  0.0000 ,  0.0000 ,
  0.0000 ,  0.0000 ,  0.0000 ,  0.0000 ,  0.0000 ,  0.0000 ,
  0.0000 ,  0.0000 ,  0.0000 ,  0.0000 ,  0.0000 ,  0.0000 ,
  0.0000 ,  0.0000 ,  0.0000 ,  0.0000 ,  0.0000 ,  0.0000 ,
  0.0000 ,  0.0000 ,  0.0000 ,  0.0000 ,  0.0000 ,  0.0000 ,
  0.0000 ,  0.0000 ,  0.0000 ,  0.0000 ,  0.0000 ,  0.0000 ,
  0.0000 ,  0.0000 ,  0.0000 ,  0.0000 ,  0.0000 ,  0.0000 ,
  0.0000 ,  0.0000 ,  0.0000 ,  0.0000 ,  0.0000 ,  0.0000 ,
  0.0000 ,  0.0000 ,  0.0000 ,  0.0000 ,  0.0000 ,  0.0000 ,
  0.0000 ,  0.0000 ,  0.0000 ,  0.0000 ,  0.0000 ,  0.0000 ,
  0.0000 ,  0.0000 ,  0.0000 ,  0.0000 ,  0.0000 ,  0.0000 ,
  0.0000 ,  0.0000 ,  0.0000 ,  0.0000 ,  0.0000 ,  0.0000 ,
  0.0000 ,  0.0000 ,  0.0000 ,  0.0000 ,  0.0000 ,  0.0000 ,
  0.0000 ,  0.0000 ,  0.0000 ,  0.0000 ,  0.0000 ,  0.0000 ,
  0.0000 ,  0.0000 ,  0.0000 ,  0.0000 ,  0.0000 ,  0.0000 ,
  0.0000 ,  0.0000 ,  0.0000 ,  0.0000 ,  0.0000 ,  0.0000 ,
  0.0000 ,  0.0000 ,  0.0000 ,  0.0000 ,  0.0000 ,  0.0000 ,
  0.0000 ,  0.0000 ,  0.0000 ,  0.0000 ,  0.0000 ,  0.0000 ,
  0.0000 ,  0.0000 ,  0.0000 ,  0.0000 ,  0.0000 ,  0.0000 ,
  0.0000 ,  0.0000 ,  0.0000 ,  0.0000 ,  0.0000 ,  0.0000 ,
  0.0000 ,  0.0000 ,  0.0000 ,  0.0000 ,  0.0000 ,  0.0000 ,
  0.0000 ,  0.0000 ,  0.0000 ,  0.0000 ,  0.0000 ,  0.0000 ,
  0.0000 ,  0.0000 ,  0.0000 ,  0.0000 ,  0.0000 ,  0.0000 ,
  0.0000 ,  0.0000 ,  0.0000 ,  0.0000 ,  0.0000 ,  0.0000 ,
  0.0000 ,  0.0000 ,  0.0000 ,  0.0000 ,  0.0000 ,  0.0000 ,
  0.0000 ,  0.0000 ,  0.0000 ,  0.0000 ,  0.0000 ,  0.0000 ,
  0.0000 ,  0.0000 ,  0.0000 ,  0.0000 ,  0.0000 ,  0.0000 ,
  0.0000 ,  0.0000 ,  0.0000 ,  0.0000 ,  0.0000 ,  0.0000 ,
  0.0000 ,  0.0000 ,  0.0000 ,  0.0000 ,  0.0000 ,  0.0000 ,
  0.0000 ,  0.0000 ,  0.0000 ,  0.0000 ,  0.0000 ,  0.0000 ,
  0.0000 ,  0.0000 ,  0.0000 ,  0.0000 ,  0.0000 ,  0.0000 ,
  0.0000 ,  0.0000 ,  0.0000 ,  0.0000 ,  0.0000 ,  0.0000 ,
  0.0000 ,  0.0000 ,  0.0000 ,  0.0000 ,  0.0000 ,  0.0000 ,
  0.0000 ,  0.0000 ,  0.0000 ,  0.0000 ,  0.0000 ,  0.0000 ,
  0.0000 ,  0.0000 ,  0.0000 ,  0.0000 ,  0.0000 ,  0.0000 ,
  0.0000 ,  0.0000 ,  0.0000 ,  0.0000 ,  0.0000 ,  0.0000 ,
  0.0000 ,  0.0000 ,  0.0000 ,  0.0000 ,  0.0000 ,  0.0000 ,
  0.0000 ,  0.0000 ,  0.0000 ,  0.0000 ,  0.0000 ,  0.0000 ,
  0.0000 ,  0.0000 ,  0.0000 ,  0.0000 ,  0.0000 ,  0.0000 ,
  0.0000 ,  0.0000 ,  0.0000 ,  0.0000 ,  0.0000 ,  0.0000 ,
  0.0000 ,  0.0000 ,  0.0000 ,  0.0000 ,  0.0000 ,  0.0000 ,
  0.0000 ,  0.0000 ,  0.0000 ,  0.0000 ,  0.0000 ,  0.0000 ,
  0.0000 ,  0.0000 ,  0.0000 ,  0.0000 ,  0.0000 ,  0.0000 ,
  0.0000 ,  0.0000 ,  0.0000 ,  0.0000 ,  0.0000 ,  0.0000 ,
  0.0000 ,  0.0000 ,  0.0000 ,  0.0000 ,  0.0000 ,  0.0000 ,
  0.0000 ,  0.0000 ,  0.0000 ,  0.0000 ,  0.0000 ,  0.0000 ,
  0.0000 ,  0.0000 ,  0.0000 ,  0.0000 ,  0.0000 ,  0.0000 ,
  0.0000 ,  0.0000 ,  0.0000 ,  0.0000 ,  0.0000 ,  0.0000 ,
  0.0000 ,  0.0000 ,  0.0000 ,  0.0000 ,  0.0000 ,  0.0000 ,
  0.0000 ,  0.0000 ,  0.0000 ,  0.0000 ,  0.0000 ,  0.0000 ,
  0.0000 ,  0.0000 ,  0.0000 ,  0.0000 ,  0.0000 ,  0.0000 ,
  0.0000 ,  0.0000 ,  0.0000 ,  0.0000 ,  0.0000 ,  0.0000 ,
  0.0000 ,  0.0000 ,  0.0000 ,  0.0000 ,  0.0000 ,  0.0000 ,
  0.0000 ,  0.0000 ,  0.0000 ,  0.0000 ,  0.0000 ,  0.0000 ,
  0.0000 ,  0.0000 ,  0.0000 ,  0.0000 ,  0.0000 ,  0.0000 ,
  0.0000 ,  0.0000 ,  0.0000 ,  0.0000 ,  0.0000 ,  0.0000 ,
  0.0000 ,  0.0000 ,  0.0000 ,  0.0000 ,  0.0000 ,  0.0000 ,
  0.0000 ,  0.0000 ,  0.0000 ,  0.0000 ,  0.0000 ,  0.0000 ,
  0.0000 ,  0.0000 ,  0.0000 ,  0.0000 ,  0.0000 ,  0.0000 ,
  0.0000 ,  0.0000 ,  0.0000 ,  0.0000 ,  0.0000 ,  0.0000 ,
  0.0000 ,  0.0000 ,  0.0000 ,  0.0000 ,  0.0000 ,  0.0000 ,
  0.0000 ,  0.0000 ,  0.0000 ,  0.0000 ,  0.0000 ,  0.0000 ,
  0.0000 ,  0.0000 ,  0.0000 ,  0.0000 ,  0.0000 ,  0.0000 ,
  0.0000 ,  0.0000 ,  0.0000 ,  0.0000 ,  0.0000 ,  0.0000 ,
  0.0000 ,  0.0000 ,  0.0000 ,  0.0000 ,  0.0000 ,  0.0000 ,
  0.0000 ,  0.0000 ,  0.0000 ,  0.0000 ,  0.0000 ,  0.0000 ,
  0.0000 ,  0.0000 ,  0.0000 ,  0.0000 ,  0.0000 ,  0.0000 ,
  0.0000 ,  0.0000 ,  0.0000 ,  0.0000 ,  0.0000 ,  0.0000 ,
  0.0000 ,  0.0000 ,  0.0000 ,  0.0000 ,  0.0000 ,  0.0000 ,
  0.0000 ,  0.0000 ,  0.0000 ,  0.0000 ,  0.0000 ,  0.0000 ,
  0.0000 ,  0.0000 ,  0.0000 ,  0.0000 ,  0.0000 ,  0.0000 ,
  0.0000 ,  0.0000 ,  0.0000 ,  0.0000 ,  0.0000 ,  0.0000 ,
  0.0000 ,  0.0000 ,  0.0000 ,  0.0000 ,  0.0000 ,  0.0000 ,
  0.0000 ,  0.0000 ,  0.0000 ,  0.0000 ,  0.0000 ,  0.0000 ,
  0.0000 ,  0.0000 ,  0.0000 ,  0.0000 ,  0.0000 ,  0.0000 ,
  0.0000 ,  0.0000 ,  0.0000 ,  0.0000 ,  0.0000 ,  0.0000 ,
  0.0000 ,  0.0000 ,  0.0000 ,  0.0000 ,  0.0000 ,  0.0000 ,
  0.0000 ,  0.0000 ,  0.0000 ,  0.0000 ,  0.0000 ,  0.0000 ,
  0.0000 ,  0.0000 ,  0.0000 ,  0.0000 ,  0.0000 ,  0.0000 ,
  0.0000 ,  0.0000 ,  0.0000 ,  0.0000 ,  0.0000 ,  0.0000 ,
  0.0000 ,  0.0000 ,  0.0000 ,  0.0000 ,  0.0000 ,  0.0000 ,
  0.0000 ,  0.0000 ,  0.0000 ,  0.0000 ,  0.0000 ,  0.0000 ,
  0.0000 ,  0.0000 ,  0.0000 ,  0.0000 ,  0.0000 ,  0.0000 ,
  0.0000 ,  0.0000 ,  0.0000 ,  0.0000 ,  0.0000 ,  0.0000 ,
  0.0000 ,  0.0000 ,  0.0000 ,  0.0000 ,  0.0000 ,  0.0000 ,
  0.0000 ,  0.0000 ,  0.0000 ,  0.0000 ,  0.0000 ,  0.0000 ,
  0.0000 ,  0.0000 ,  0.0000 ,  0.0000 ,  0.0000 ,  0.0000 ,
  0.0000 ,  0.0000 ,  0.0000 ,  0.0000 ,  0.0000 ,  0.0000 ,
  0.0000 ,  0.0000 ,  0.0000 ,  0.0000 ,  0.0000 ,  0.0000 ,
  0.0000 ,  0.0000 ,  0.0000 ,  0.0000 ,  0.0000 ,  0.0000 ,
  0.0000 ,  0.0000 ,  0.0000 ,  0.0000 ,  0.0000 ,  0.0000 ,
  0.0000 ,  0.0000 ,  0.0000 ,  0.0000 ,  0.0000 ,  0.0000 ,
  0.0000 ,  0.0000 ,  0.0000 ,  0.0000 ,  0.0000 ,  0.0000 ,
  0.0000 ,  0.0000 ,  0.0000 ,  0.0000 ,  0.0000 ,  0.0000 ,
  0.0000 ,  0.0000 ,  0.0000 ,  0.0000 ,  0.0000 ,  0.0000 ,
  0.0000 ,  0.0000 ,  0.0000 ,  0.0000 ,  0.0000 ,  0.0000 ,
  0.0000 ,  0.0000 ,  0.0000 ,  0.0000 ,  0.0000 ,  0.0000 ,
  0.0000 ,  0.0000 ,  0.0000 ,  0.0000 ,  0.0000 ,  0.0000 ,
  0.0000 ,  0.0000 ,  0.0000 ,  0.0000 ,  0.0000 ,  0.0000 ,
  0.0000 ,  0.0000 ,  0.0000 ,  0.0000 ,  0.0000 ,  0.0000 ,
  0.0000 ,  0.0000 ,  0.0000 ,  0.0000 ,  0.0000 ,  0.0000 ,
  0.0000 ,  0.0000 ,  0.0000 ,  0.0000 ,  0.0000 ,  0.0000 ,
  0.0000 ,  0.0000 ,  0.0000 ,  0.0000 ,  0.0000 ,  0.0000 ,
  0.0000 ,  0.0000 ,  0.0000 ,  0.0000 ,  0.0000 ,  0.0000 ,
  0.0000 ,  0.0000 ,  0.0000 ,  0.0000 ,  0.0000 ,  0.0000 ,
  0.0000 ,  0.0000 ,  0.0000 ,  0.0000 ,  0.0000 ,  0.0000 ,
  0.0000 ,  0.0000 ,  0.0000 ,  0.0000 ,  0.0000 ,  0.0000 ,
  0.0000 ,  0.0000 ,  0.0000 ,  0.0000 ,  0.0000 ,  0.0000 ,
  0.0000 ,  0.0000 ,  0.0000 ,  0.0000 ,  0.0000 ,  0.0000 ,
  0.0000 ,  0.0000 ,  0.0000 ,  0.0000 ,  0.0000 ,  0.0000 ,
  0.0000 ,  0.0000 ,  0.0000 ,  0.0000 ,  0.0000 ,  0.0000 ,
  0.0000 ,  0.0000 ,  0.0000 ,  0.0000 ,  0.0000 ,  0.0000 ,
  0.0000 ,  0.0000 ,  0.0000 ,  0.0000 ,  0.0000 ,  0.0000 ,
  0.0000 ,  0.0000 ,  0.0000 ,  0.0000 ,  0.0000 ,  0.0000 ,
  0.0000 ,  0.0000 ,  0.0000 ,  0.0000 ,  0.0000 ,  0.0000 ,
  0.0000 ,  0.0000 ,  0.0000 ,  0.0000 ,  0.0000 ,  0.0000 ,
  0.0000 ,  0.0000 ,  0.0000 ,  0.0000 ,  0.0000 ,  0.0000 ,
  0.0000 ,  0.0000 ,  0.0000 ,  0.0000 ,  0.0000 ,  0.0000 ,
  0.0000 ,  0.0000 ,  0.0000 ,  0.0000 ,  0.0000 ,  0.0000 ,
  0.0000 ,  0.0000 ,  0.0000 ,  0.0000 ,  0.0000 ,  0.0000 ,
  0.0000 ,  0.0000 ,  0.0000 ,  0.0000 ,  0.0000 ,  0.0000 ,
  0.0000 ,  0.0000 ,  0.0000 ,  0.0000 ,  0.0000 ,  0.0000 ,
  0.0000 ,  0.0000 ,  0.0000 ,  0.0000 ,  0.0000 ,  0.0000 ,
  0.0000 ,  0.0000 ,  0.0000 ,  0.0000 ,  0.0000 ,  0.0000 ,
  0.0000 ,  0.0000 ,  0.0000 ,  0.0000 ,  0.0000 ,  0.0000 ,
  0.0000 ,  0.0000 ,  0.0000 ,  0.0000 ,  0.0000 ,  0.0000 ,
  0.0000 ,  0.0000 ,  0.0000 ,  0.0000 ,  0.0000 ,  0.0000 ,
  0.0000 ,  0.0000 ,  0.0000 ,  0.0000 ,  0.0000 ,  0.0000 ,
  0.0000 ,  0.0000 ,  0.0000 ,  0.0000 ,  0.0000 ,  0.0000 ,
  0.0000 ,  0.0000 ,  0.0000 ,  0.0000 ,  0.0000 ,  0.0000 ,
  0.0000 ,  0.0000 ,  0.0000 ,  0.0000 ,  0.0000 ,  0.0000 ,
  0.0000 ,  0.0000 ,  0.0000 ,  0.0000 ,  0.0000 ,  0.0000 ,
  0.0000 ,  0.0000 ,  0.0000 ,  0.0000 ,  0.0000 ,  0.0000 ,
  0.0000 ,  0.0000 ,  0.0000 ,  0.0000 ,  0.0000 ,  0.0000 ,
  0.0000 ,  0.0000 ,  0.0000 ,  0.0000 ,  0.0000 ,  0.0000 ,
  0.0000 ,  0.0000 ,  0.0000 ,  0.0000 ,  0.0000 ,  0.0000 ,
  0.0000 ,  0.0000 ,  0.0000 ,  0.0000 ,  0.0000 ,  0.0000 ,
  0.0000 ,  0.0000 ,  0.0000 ,  0.0000 ,  0.0000 ,  0.0000 ,
  0.0000 ,  0.0000 ,  0.0000 ,  0.0000 ,  0.0000 ,  0.0000 ,
  0.0000 ,  0.0000 ,  0.0000 ,  0.0000 ,  0.0000 ,  0.0000 ,
  0.0000 ,  0.0000 ,  0.0000 ,  0.0000 ,  0.0000 ,  0.0000 ,
  0.0000 ,  0.0000 ,  0.0000 ,  0.0000 ,  0.0000 ,  0.0000 ,
  0.0000 ,  0.0000 ,  0.0000 ,  0.0000 ,  0.0000 ,  0.0000 ,
  0.0000 ,  0.0000 ,  0.0000 ,  0.0000 ,  0.0000 ,  0.0000 ,
  0.0000 ,  0.0000 ,  0.0000 ,  0.0000 ,  0.0000 ,  0.0000 ,
  0.0000 ,  0.0000 ,  0.0000 ,  0.0000 ,  0.0000 ,  0.0000 ,
  0.0000 ,  0.0000 ,  0.0000 ,  0.0000 ,  0.0000 ,  0.0000 ,
  0.0000 ,  0.0000 ,  0.0000 ,  0.0000 ,  0.0000 ,  0.0000 ,
  0.0000 ,  0.0000 ,  0.0000 ,  0.0000 ,  0.0000 ,  0.0000 ,
  0.0000 ,  0.0000 ,  0.0000 ,  0.0000 ,  0.0000 ,  0.0000 ,
  0.0000 ,  0.0000 ,  0.0000 ,  0.0000 ,  0.0000 ,  0.0000 ,
  0.0000 ,  0.0000 ,  0.0000 ,  0.0000 ,  0.0000 ,  0.0000 ,
  0.0000 ,  0.0000 ,  0.0000 ,  0.0000 ,  0.0000 ,  0.0000 ,
  0.0000 ,  0.0000 ,  0.0000 ,  0.0000 ,  0.0000 ,  0.0000 ,
  0.0000 ,  0.0000 ,  0.0000 ,  0.0000 ,  0.0000 ,  0.0000 ,
  0.0000 ,  0.0000 ,  0.0000 ,  0.0000 ,  0.0000 ,  0.0000 ,
  0.0000 ,  0.0000 ,  0.0000 ,  0.0000 ,  0.0000 ,  0.0000 ,
  0.0000 ,  0.0000 ,  0.0000 ,  0.0000 ,  0.0000 ,  0.0000 ,
  0.0000 ,  0.0000 ,  0.0000 ,  0.0000 ,  0.0000 ,  0.0000 ,
  0.0000 ,  0.0000 ,  0.0000 ,  0.0000 ,  0.0000 ,  0.0000 ,
  0.0000 ,  0.0000 ,  0.0000 ,  0.0000 ,  0.0000 ,  0.0000 ,
  0.0000 ,  0.0000 ,  0.0000 ,  0.0000 ,  0.0000 ,  0.0000 ,
  0.0000 ,  0.0000 ,  0.0000 ,  0.0000 ,  0.0000 ,  0.0000 ,
  0.0000 ,  0.0000 ,  0.0000 ,  0.0000 ,  0.0000 ,  0.0000 ,
  0.0000 ,  0.0000 ,  0.0000 ,  0.0000 ,  0.0000 ,  0.0000 ,
  0.0000 ,  0.0000 ,  0.0000 ,  0.0000 ,  0.0000 ,  0.0000 ,
  0.0000 ,  0.0000 ,  0.0000 ,  0.0000 ,  0.0000 ,  0.0000 ,
  0.0000 ,  0.0000 ,  0.0000 ,  0.0000 ,  0.0000 ,  0.0000 ,
  0.0000 ,  0.0000 ,  0.0000 ,  0.0000 ,  0.0000 ,  0.0000 ,
  0.0000 ,  0.0000 ,  0.0000 ,  0.0000 ,  0.0000 ,  0.0000 ,
  0.0000 ,  0.0000 ,  0.0000 ,  0.0000 ,  0.0000 ,  0.0000 ,
  0.0000 ,  0.0000 ,  0.0000 ,  0.0000 ,  0.0000 ,  0.0000 ,
  0.0000 ,  0.0000 ,  0.0000 ,  0.0000 ,  0.0000 ,  0.0000 ,
  0.0000 ,  0.0000 ,  0.0000 ,  0.0000 ,  0.0000 ,  0.0000 ,
  0.0000 ,  0.0000 ,  0.0000 ,  0.0000 ,  0.0000 ,  0.0000 ,
  0.0000 ,  0.0000 ,  0.0000 ,  0.0000 ,  0.0000 ,  0.0000 ,
  0.0000 ,  0.0000 ,  0.0000 ,  0.0000 ,  0.0000 ,  0.0000 ,
  0.0000 ,  0.0000 ,  0.0000 ,  0.0000 ,  0.0000 ,  0.0000 ,
  0.0000 ,  0.0000 ,  0.0000 ,  0.0000 ,  0.0000 ,  0.0000 ,
  0.0000 ,  0.0000 ,  0.0000 ,  0.0000 ,  0.0000 ,  0.0000 ,
  0.0000 ,  0.0000 ,  0.0000 ,  0.0000 ,  0.0000 ,  0.0000 ,
  0.0000 ,  0.0000 ,  0.0000 ,  0.0000 ,  0.0000 ,  0.0000 ,
  0.0000 ,  0.0000 ,  0.0000 ,  0.0000 ,  0.0000 ,  0.0000 ,
  0.0000 ,  0.0000 ,  0.0000 ,  0.0000 ,  0.0000 ,  0.0000 ,
  0.0000 ,  0.0000 ,  0.0000 ,  0.0000 ,  0.0000 ,  0.0000 ,
  0.0000 ,  0.0000 ,  0.0000 ,  0.0000 ,  0.0000 ,  0.0000 ,
  0.0000 ,  0.0000 ,  0.0000 ,  0.0000 ,  0.0000 ,  0.0000 ,
  0.0000 ,  0.0000 ,  0.0000 ,  0.0000 ,  0.0000 ,  0.0000 ,
  0.0000 ,  0.0000 ,  0.0000 ,  0.0000 ,  0.0000 ,  0.0000 ,
  0.0000 ,  0.0000 ,  0.0000 ,  0.0000 ,  0.0000 ,  0.0000 ,
  0.0000 ,  0.0000 ,  0.0000 ,  0.0000 ,  0.0000 ,  0.0000 ,
  0.0000 ,  0.0000 ,  0.0000 ,  0.0000 ,  0.0000 ,  0.0000 ,
  0.0000 ,  0.0000 ,  0.0000 ,  0.0000 ,  0.0000 ,  0.0000 ,
  0.0000 ,  0.0000 ,  0.0000 ,  0.0000 ,  0.0000 ,  0.0000 ,
  0.0000 ,  0.0000 ,  0.0000 ,  0.0000 ,  0.0000 ,  0.0000 ,
  0.0000 ,  0.0000 ,  0.0000 ,  0.0000 ,  0.0000 ,  0.0000 ,
  0.0000 ,  0.0000 ,  0.0000 ,  0.0000 ,  0.0000 ,  0.0000 ,
  0.0000 ,  0.0000 ,  0.0000 ,  0.0000 ,  0.0000 ,  0.0000 ,
  0.0000 ,  0.0000 ,  0.0000 ,  0.0000 ,  0.0000 ,  0.0000 ,
  0.0000 ,  0.0000 ,  0.0000 ,  0.0000 ,  0.0000 ,  0.0000 ,
  0.0000 ,  0.0000 ,  0.0000 ,  0.0000 ,  0.0000 ,  0.0000 ,
  0.0000 ,  0.0000 ,  0.0000 ,  0.0000 ,  0.0000 ,  0.0000 ,
  0.0000 ,  0.0000 ,  0.0000 ,  0.0000 ,  0.0000 ,  0.0000 ,
  0.0000 ,  0.0000 ,  0.0000 ,  0.0000 ,  0.0000 ,  0.0000 ,
  0.0000 ,  0.0000 ,  0.0000 ,  0.0000 ,  0.0000 ,  0.0000 ,
  0.0000 ,  0.0000 ,  0.0000 ,  0.0000 ,  0.0000 ,  0.0000 ,
  0.0000 ,  0.0000 ,  0.0000 ,  0.0000 ,  0.0000 ,  0.0000 ,
  0.0000 ,  0.0000 ,  0.0000 ,  0.0000 ,  0.0000 ,  0.0000 ,
  0.0000 ,  0.0000 ,  0.0000 ,  0.0000 ,  0.0000 ,  0.0000 ,
  0.0000 ,  0.0000 ,  0.0000 ,  0.0000 ,  0.0000 ,  0.0000 ,
  0.0000 ,  0.0000 ,  0.0000 ,  0.0000 ,  0.0000 ,  0.0000 ,
  0.0000 ,  0.0000 ,  0.0000 ,  0.0000 ,  0.0000 ,  0.0000 ,
  0.0000 ,  0.0000 ,  0.0000 ,  0.0000 ,  0.0000 ,  0.0000 ,
  0.0000 ,  0.0000 ,  0.0000 ,  0.0000 ,  0.0000 ,  0.0000 ,
  0.0000 ,  0.0000 ,  0.0000 ,  0.0000 ,  0.0000 ,  0.0000 ,
  0.0000 ,  0.0000 ,  0.0000 ,  0.0000 ,  0.0000 ,  0.0000 ,
  0.0000 ,  0.0000 ,  0.0000 ,  0.0000 ,  0.0000 ,  0.0000 ,
  0.0000 ,  0.0000 ,  0.0000 ,  0.0000 ,  0.0000 ,  0.0000 ,
  0.0000 ,  0.0000 ,  0.0000 ,  0.0000 ,  0.0000 ,  0.0000 ,
  0.0000 ,  0.0000 ,  0.0000 ,  0.0000 ,  0.0000 ,  0.0000 ,
  0.0000 ,  0.0000 ,  0.0000 ,  0.0000 ,  0.0000 ,  0.0000 ,
  0.0000 ,  0.0000 ,  0.0000 ,  0.0000 ,  0.0000 ,  0.0000 ,
  0.0000 ,  0.0000 ,  0.0000 ,  0.0000 ,  0.0000 ,  0.0000 ,
  0.0000 ,  0.0000 ,  0.0000 ,  0.0000 ,  0.0000 ,  0.0000 ,
  0.0000 ,  0.0000 ,  0.0000 ,  0.0000 ,  0.0000 ,  0.0000 ,
  0.0000 ,  0.0000 ,  0.0000 ,  0.0000 ,  0.0000 ,  0.0000 ,
  0.0000 ,  0.0000 ,  0.0000 ,  0.0000 ,  0.0000 ,  0.0000 ,
  0.0000 ,  0.0000 ,  0.0000 ,  0.0000 ,  0.0000 ,  0.0000 ,
  0.0000 ,  0.0000 ,  0.0000 ,  0.0000 ,  0.0000 ,  0.0000 ,
  0.0000 ,  0.0000 ,  0.0000 ,  0.0000 ,  0.0000 ,  0.0000 ,
  0.0000 ,  0.0000 ,  0.0000 ,  0.0000 ,  0.0000 ,  0.0000 ,
  0.0000 ,  0.0000 ,  0.0000 ,  0.0000 ,  0.0000 ,  0.0000 ,
  0.0000 ,  0.0000 ,  0.0000 ,  0.0000 ,  0.0000 ,  0.0000 ,
  0.0000 ,  0.0000 ,  0.0000 ,  0.0000 ,  0.0000 ,  0.0000 ,
  0.0000 ,  0.0000 ,  0.0000 ,  0.0000 ,  0.0000 ,  0.0000 ,
  0.0000 ,  0.0000 ,  0.0000 ,  0.0000 ,  0.0000 ,  0.0000 ,
  0.0000 ,  0.0000 ,  0.0000 ,  0.0000 ,  0.0000 ,  0.0000 ,
  0.0000 ,  0.0000 ,  0.0000 ,  0.0000 ,  0.0000 ,  0.0000 ,
  0.0000 ,  0.0000 ,  0.0000 ,  0.0000 ,  0.0000 ,  0.0000 ,
  0.0000 ,  0.0000 ,  0.0000 ,  0.0000 ,  0.0000 ,  0.0000 ,
  0.0000 ,  0.0000 ,  0.0000 ,  0.0000 ,  0.0000 ,  0.0000 ,
  0.0000 ,  0.0000 ,  0.0000 ,  0.0000 ,  0.0000 ,  0.0000 ,
  0.0000 ,  0.0000 ,  0.0000 ,  0.0000 ,  0.0000 ,  0.0000 ,
  0.0000 ,  0.0000 ,  0.0000 ,  0.0000 ,  0.0000 ,  0.0000 ,
  0.0000 ,  0.0000 ,  0.0000 ,  0.0000 ,  0.0000 ,  0.0000 ,
  0.0000 ,  0.0000 ,  0.0000 ,  0.0000 ,  0.0000 ,  0.0000 ,
  0.0000 ,  0.0000 ,  0.0000 ,  0.0000 ,  0.0000 ,  0.0000 ,
  0.0000 ,  0.0000 ,  0.0000 ,  0.0000 ,  0.0000 ,  0.0000 ,
  0.0000 ,  0.0000 ,  0.0000 ,  0.0000 ,  0.0000 ,  0.0000 ,
  0.0000 ,  0.0000 ,  0.0000 ,  0.0000 ,  0.0000 ,  0.0000 ,
  0.0000 ,  0.0000 ,  0.0000 ,  0.0000 ,  0.0000 ,  0.0000 ,
  0.0000 ,  0.0000 ,  0.0000 ,  0.0000 ,  0.0000 ,  0.0000 ,
  0.0000 ,  0.0000 ,  0.0000 ,  0.0000 ,  0.0000 ,  0.0000 ,
  0.0000 ,  0.0000 ,  0.0000 ,  0.0000 ,  0.0000 ,  0.0000 ,
  0.0000 ,  0.0000 ,  0.0000 ,  0.0000 ,  0.0000 ,  0.0000 ,
  0.0000 ,  0.0000 ,  0.0000 ,  0.0000 ,  0.0000 ,  0.0000 ,
  0.0000 ,  0.0000 ,  0.0000 ,  0.0000 ,  0.0000 ,  0.0000 ,
  0.0000 ,  0.0000 ,  0.0000 ,  0.0000 ,  0.0000 ,  0.0000 ,
  0.0000 ,  0.0000 ,  0.0000 ,  0.0000 ,  0.0000 ,  0.0000 ,
  0.0000 ,  0.0000 ,  0.0000 ,  0.0000 ,  0.0000 ,  0.0000 ,
  0.0000 ,  0.0000 ,  0.0000 ,  0.0000 ,  0.0000 ,  0.0000 ,
  0.0000 ,  0.0000 ,  0.0000 ,  0.0000 ,  0.0000 ,  0.0000 ,
  0.0000 ,  0.0000 ,  0.0000 ,  0.0000 ,  0.0000 ,  0.0000 ,
  0.0000 ,  0.0000 ,  0.0000 ,  0.0000 ,  0.0000 ,  0.0000 ,
  0.0000 ,  0.0000 ,  0.0000 ,  0.0000 ,  0.0000 ,  0.0000 ,
  0.0000 ,  0.0000 ,  0.0000 ,  0.0000 ,  0.0000 ,  0.0000 ,
  0.0000 ,  0.0000 ,  0.0000 ,  0.0000 ,  0.0000 ,  0.0000 ,
  0.0000 ,  0.0000 ,  0.0000 ,  0.0000 ,  0.0000 ,  0.0000 ,
  0.0000 ,  0.0000 ,  0.0000 ,  0.0000 ,  0.0000 ,  0.0000 ,
  0.0000 ,  0.0000 ,  0.0000 ,  0.0000 ,  0.0000 ,  0.0000 ,
  0.0000 ,  0.0000 ,  0.0000 ,  0.0000 ,  0.0000 ,  0.0000 ,
  0.0000 ,  0.0000 ,  0.0000 ,  0.0000 ,  0.0000 ,  0.0000 ,
  0.0000 ,  0.0000 ,  0.0000 ,  0.0000 ,  0.0000 ,  0.0000 ,
  0.0000 ,  0.0000 ,  0.0000 ,  0.0000 ,  0.0000 ,  0.0000 ,
  0.0000 ,  0.0000 ,  0.0000 ,  0.0000 ,  0.0000 ,  0.0000 ,
  0.0000 ,  0.0000 ,  0.0000 ,  0.0000 ,  0.0000 ,  0.0000 ,
  0.0000 ,  0.0000 ,  0.0000 ,  0.0000 ,  0.0000 ,  0.0000 ,
  0.0000 ,  0.0000 ,  0.0000 ,  0.0000 ,  0.0000 ,  0.0000 ,
  0.0000 ,  0.0000 ,  0.0000 ,  0.0000 ,  0.0000 ,  0.0000 ,
  0.0000 ,  0.0000 ,  0.0000 ,  0.0000 ,  0.0000 ,  0.0000 ,
  0.0000 ,  0.0000 ,  0.0000 ,  0.0000 ,  0.0000 ,  0.0000 ,
  0.0000 ,  0.0000 ,  0.0000 ,  0.0000 ,  0.0000 ,  0.0000 ,
  0.0000 ,  0.0000 ,  0.0000 ,  0.0000 ,  0.0000 ,  0.0000 ,
  0.0000 ,  0.0000 ,  0.0000 ,  0.0000 ,  0.0000 ,  0.0000 ,
  0.0000 ,  0.0000 ,  0.0000 ,  0.0000 ,  0.0000 ,  0.0000 ,
  0.0000 ,  0.0000 ,  0.0000 ,  0.0000 ,  0.0000 ,  0.0000 ,
  0.0000 ,  0.0000 ,  0.0000 ,  0.0000 ,  0.0000 ,  0.0000 ,
  0.0000 ,  0.0000 ,  0.0000 ,  0.0000 ,  0.0000 ,  0.0000 ,
  0.0000 ,  0.0000 ,  0.0000 ,  0.0000 ,  0.0000 ,  0.0000 ,
  0.0000 ,  0.0000 ,  0.0000 ,  0.0000 ,  0.0000 ,  0.0000 ,
  0.0000 ,  0.0000 ,  0.0000 ,  0.0000 ,  0.0000 ,  0.0000 ,
  0.0000 ,  0.0000 ,  0.0000 ,  0.0000 ,  0.0000 ,  0.0000 ,
  0.0000 ,  0.0000 ,  0.0000 ,  0.0000 ,  0.0000 ,  0.0000 ,
  0.0000 ,  0.0000 ,  0.0000 ,  0.0000 ,  0.0000 ,  0.0000 ,
  0.0000 ,  0.0000 ,  0.0000 ,  0.0000 ,  0.0000 ,  0.0000 ,
  0.0000 ,  0.0000 ,  0.0000 ,  0.0000 ,  0.0000 ,  0.0000 ,
  0.0000 ,  0.0000 ,  0.0000 ,  0.0000 ,  0.0000 ,  0.0000 ,
  0.0000 ,  0.0000 ,  0.0000 ,  0.0000 ,  0.0000 ,  0.0000 ,
  0.0000 ,  0.0000 ,  0.0000 ,  0.0000 ,  0.0000 ,  0.0000 ,
  0.0000 ,  0.0000 ,  0.0000 ,  0.0000 ,  0.0000 ,  0.0000 ,
  0.0000 ,  0.0000 ,  0.0000 ,  0.0000 ,  0.0000 ,  0.0000 ,
  0.0000 ,  0.0000 ,  0.0000 ,  0.0000 ,  0.0000 ,  0.0000 ,
  0.0000 ,  0.0000 ,  0.0000 ,  0.0000 ,  0.0000 ,  0.0000 ,
  0.0000 ,  0.0000 ,  0.0000 ,  0.0000 ,  0.0000 ,  0.0000 ,
  0.0000 ,  0.0000 ,  0.0000 ,  0.0000 ,  0.0000 ,  0.0000 ,
  0.0000 ,  0.0000 ,  0.0000 ,  0.0000 ,  0.0000 ,  0.0000 ,
  0.0000 ,  0.0000 ,  0.0000 ,  0.0000 ,  0.0000 ,  0.0000 ,
  0.0000 ,  0.0000 ,  0.0000 ,  0.0000 ,  0.0000 ,  0.0000 ,
  0.0000 ,  0.0000 ,  0.0000 ,  0.0000 ,  0.0000 ,  0.0000 ,
  0.0000 ,  0.0000 ,  0.0000 ,  0.0000 ,  0.0000 ,  0.0000 ,
  0.0000 ,  0.0000 ,  0.0000 ,  0.0000 ,  0.0000 ,  0.0000 ,
  0.0000 ,  0.0000 ,  0.0000 ,  0.0000 ,  0.0000 ,  0.0000 ,
  0.0000 ,  0.0000 ,  0.0000 ,  0.0000 ,  0.0000 ,  0.0000 ,
  0.0000 ,  0.0000 ,  0.0000 ,  0.0000 ,  0.0000 ,  0.0000 ,
  0.0000 ,  0.0000 ,  0.0000 ,  0.0000 ,  0.0000 ,  0.0000 ,
  0.0000 ,  0.0000 ,  0.0000 ,  0.0000 ,  0.0000 ,  0.0000 ,
  0.0000 ,  0.0000 ,  0.0000 ,  0.0000 ,  0.0000 ,  0.0000 ,
  0.0000 ,  0.0000 ,  0.0000 ,  0.0000 ,  0.0000 ,  0.0000 ,
  0.0000 ,  0.0000 ,  0.0000 ,  0.0000 ,  0.0000 ,  0.0000 ,
  0.0000 ,  0.0000 ,  0.0000 ,  0.0000 ,  0.0000 ,  0.0000 ,
  0.0000 ,  0.0000 ,  0.0000 ,  0.0000 ,  0.0000 ,  0.0000 ,
  0.0000 ,  0.0000 ,  0.0000 ,  0.0000 ,  0.0000 ,  0.0000 ,
  0.0000 ,  0.0000 ,  0.0000 ,  0.0000 ,  0.0000 ,  0.0000 ,
  0.0000 ,  0.0000 ,  0.0000 ,  0.0000 ,  0.0000 ,  0.0000 ,
  0.0000 ,  0.0000 ,  0.0000 ,  0.0000 ,  0.0000 ,  0.0000 ,
  0.0000 ,  0.0000 ,  0.0000 ,  0.0000 ,  0.0000 ,  0.0000 ,
  0.0000 ,  0.0000 ,  0.0000 ,  0.0000 ,  0.0000 ,  0.0000 ,
  0.0000 ,  0.0000 ,  0.0000 ,  0.0000 ,  0.0000 ,  0.0000 ,
  0.0000 ,  0.0000 ,  0.0000 ,  0.0000 ,  0.0000 ,  0.0000 ,
  0.0000 ,  0.0000 ,  0.0000 ,  0.0000 ,  0.0000 ,  0.0000 ,
  0.0000 ,  0.0000 ,  0.0000 ,  0.0000 ,  0.0000 ,  0.0000 ,
  0.0000 ,  0.0000 ,  0.0000 ,  0.0000 ,  0.0000 ,  0.0000 ,
  0.0000 ,  0.0000 ,  0.0000 ,  0.0000 ,  0.0000 ,  0.0000 ,
  0.0000 ,  0.0000 ,  0.0000 ,  0.0000 ,  0.0000 ,  0.0000 ,
  0.0000 ,  0.0000 ,  0.0000 ,  0.0000 ,  0.0000 ,  0.0000 ,
  0.0000 ,  0.0000 ,  0.0000 ,  0.0000 ,  0.0000 ,  0.0000 ,
  0.0000 ,  0.0000 ,  0.0000 ,  0.0000 ,  0.0000 ,  0.0000 ,
  0.0000 ,  0.0000 ,  0.0000 ,  0.0000 ,  0.0000 ,  0.0000 ,
  0.0000 ,  0.0000 ,  0.0000 ,  0.0000 ,  0.0000 ,  0.0000 ,
  0.0000 ,  0.0000 ,  0.0000 ,  0.0000 ,  0.0000 ,  0.0000 ,
  0.0000 ,  0.0000 ,  0.0000 ,  0.0000 ,  0.0000 ,  0.0000 ,
  0.0000 ,  0.0000 ,  0.0000 ,  0.0000 ,  0.0000 ,  0.0000 ,
  0.0000 ,  0.0000 ,  0.0000 ,  0.0000 ,  0.0000 ,  0.0000 ,
  0.0000 ,  0.0000 ,  0.0000 ,  0.0000 ,  0.0000 ,  0.0000 ,
  0.0000 ,  0.0000 ,  0.0000 ,  0.0000 ,  0.0000 ,  0.0000 ,
  0.0000 ,  0.0000 ,  0.0000 ,  0.0000 ,  0.0000 ,  0.0000 ,
  0.0000 ,  0.0000 ,  0.0000 ,  0.0000 ,  0.0000 ,  0.0000 ,
  0.0000 ,  0.0000 ,  0.0000 ,  0.0000 ,  0.0000 ,  0.0000 ,
  0.0000 ,  0.0000 ,  0.0000 ,  0.0000 ,  0.0000 ,  0.0000 ,
  0.0000 ,  0.0000 ,  0.0000 ,  0.0000 ,  0.0000 ,  0.0000 ,
  0.0000 ,  0.0000 ,  0.0000 ,  0.0000 ,  0.0000 ,  0.0000 ,
  0.0000 ,  0.0000 ,  0.0000 ,  0.0000 ,  0.0000 ,  0.0000 ,
  0.0000 ,  0.0000 ,  0.0000 ,  0.0000 ,  0.0000 ,  0.0000 ,
  0.0000 ,  0.0000 ,  0.0000 ,  0.0000 ,  0.0000 ,  0.0000 ,
  0.0000 ,  0.0000 ,  0.0000 ,  0.0000 ,  0.0000 ,  0.0000 ,
  0.0000 ,  0.0000 ,  0.0000 ,  0.0000 ,  0.0000 ,  0.0000 ,
  0.0000 ,  0.0000 ,  0.0000 ,  0.0000 ,  0.0000 ,  0.0000 ,
  0.0000 ,  0.0000 ,  0.0000 ,  0.0000 ,  0.0000 ,  0.0000 ,
  0.0000 ,  0.0000 ,  0.0000 ,  0.0000 ,  0.0000 ,  0.0000 ,
  0.0000 ,  0.0000 ,  0.0000 ,  0.0000 ,  0.0000 ,  0.0000 ,
  0.0000 ,  0.0000 ,  0.0000 ,  0.0000 ,  0.0000 ,  0.0000 ,
  0.0000 ,  0.0000 ,  0.0000 ,  0.0000 ,  0.0000 ,  0.0000 ,
  0.0000 ,  0.0000 ,  0.0000 ,  0.0000 ,  0.0000 ,  0.0000 ,
  0.0000 ,  0.0000 ,  0.0000 ,  0.0000 ,  0.0000 ,  0.0000 ,
  0.0000 ,  0.0000 ,  0.0000 ,  0.0000 ,  0.0000 ,  0.0000 ,
  0.0000 ,  0.0000 ,  0.0000 ,  0.0000 ,  0.0000 ,  0.0000 ,
  0.0000 ,  0.0000 ,  0.0000 ,  0.0000 ,  0.0000 ,  0.0000 ,
  0.0000 ,  0.0000 ,  0.0000 ,  0.0000 ,  0.0000 ,  0.0000 ,
  0.0000 ,  0.0000 ,  0.0000 ,  0.0000 ,  0.0000 ,  0.0000 ,
  0.0000 ,  0.0000 ,  0.0000 ,  0.0000 ,  0.0000 ,  0.0000 ,
  0.0000 ,  0.0000 ,  0.0000 ,  0.0000 ,  0.0000 ,  0.0000 ,
  0.0000 ,  0.0000 ,  0.0000 ,  0.0000 ,  0.0000 ,  0.0000 ,
  0.0000 ,  0.0000 ,  0.0000 ,  0.0000 ,  0.0000 ,  0.0000 ,
  0.0000 ,  0.0000 ,  0.0000 ,  0.0000 ,  0.0000 ,  0.0000 ,
  0.0000 ,  0.0000 ,  0.0000 ,  0.0000 ,  0.0000 ,  0.0000 ,
  0.0000 ,  0.0000 ,  0.0000 ,  0.0000 ,  0.0000 ,  0.0000 ,
  0.0000 ,  0.0000 ,  0.0000 ,  0.0000 ,  0.0000 ,  0.0000 ,
  0.0000 ,  0.0000 ,  0.0000 ,  0.0000 ,  0.0000 ,  0.0000 ,
  0.0000 ,  0.0000 ,  0.0000 ,  0.0000 ,  0.0000 ,  0.0000 ,
  0.0000 ,  0.0000 ,  0.0000 ,  0.0000 ,  0.0000 ,  0.0000 ,
  0.0000 ,  0.0000 ,  0.0000 ,  0.0000 ,  0.0000 ,  0.0000 ,
  0.0000 ,  0.0000 ,  0.0000 ,  0.0000 ,  0.0000 ,  0.0000 ,
  0.0000 ,  0.0000 ,  0.0000 ,  0.0000 ,  0.0000 ,  0.0000 ,
  0.0000 ,  0.0000 ,  0.0000 ,  0.0000 ,  0.0000 ,  0.0000 ,
  0.0000 ,  0.0000 ,  0.0000 ,  0.0000 ,  0.0000 ,  0.0000 ,
  0.0000 ,  0.0000 ,  0.0000 ,  0.0000 ,  0.0000 ,  0.0000 ,
  0.0000 ,  0.0000 ,  0.0000 ,  0.0000 ,  0.0000 ,  0.0000 ,
  0.0000 ,  0.0000 ,  0.0000 ,  0.0000 ,  0.0000 ,  0.0000 ,
  0.0000 ,  0.0000 ,  0.0000 ,  0.0000 ,  0.0000 ,  0.0000 ,
  0.0000 ,  0.0000 ,  0.0000 ,  0.0000 ,  0.0000 ,  0.0000 ,
  0.0000 ,  0.0000 ,  0.0000 ,  0.0000 ,  0.0000 ,  0.0000 ,
  0.0000 ,  0.0000 ,  0.0000 ,  0.0000 ,  0.0000 ,  0.0000 ,
  0.0000 ,  0.0000 ,  0.0000 ,  0.0000 ,  0.0000 ,  0.0000 ,
  0.0000 ,  0.0000 ,  0.0000 ,  0.0000 ,  0.0000 ,  0.0000 ,
  0.0000 ,  0.0000 ,  0.0000 ,  0.0000 ,  0.0000 ,  0.0000 ,
  0.0000 ,  0.0000 ,  0.0000 ,  0.0000 ,  0.0000 ,  0.0000 ,
  0.0000 ,  0.0000 ,  0.0000 ,  0.0000 ,  0.0000 ,  0.0000 ,
  0.0000 ,  0.0000 ,  0.0000 ,  0.0000 ,  0.0000 ,  0.0000 ,
  0.0000 ,  0.0000 ,  0.0000 ,  0.0000 ,  0.0000 ,  0.0000 ,
  0.0000 ,  0.0000 ,  0.0000 ,  0.0000 ,  0.0000 ,  0.0000 ,
  0.0000 ,  0.0000 ,  0.0000 ,  0.0000 ,  0.0000 ,  0.0000 ,
  0.0000 ,  0.0000 ,  0.0000 ,  0.0000 ,  0.0000 ,  0.0000 ,
  0.0000 ,  0.0000 ,  0.0000 ,  0.0000 ,  0.0000 ,  0.0000 ,
  0.0000 ,  0.0000 ,  0.0000 ,  0.0000 ,  0.0000 ,  0.0000 ,
  0.0000 ,  0.0000 ,  0.0000 ,  0.0000 ,  0.0000 ,  0.0000 ,
  0.0000 ,  0.0000 ,  0.0000 ,  0.0000 ,  0.0000 ,  0.0000 ,
  0.0000 ,  0.0000 ,  0.0000 ,  0.0000 ,  0.0000 ,  0.0000 ,
  0.0000 ,  0.0000 ,  0.0000 ,  0.0000 ,  0.0000 ,  0.0000 ,
  0.0000 ,  0.0000 ,  0.0000 ,  0.0000 ,  0.0000 ,  0.0000 ,
  0.0000 ,  0.0000 ,  0.0000 ,  0.0000 ,  0.0000 ,  0.0000 ,
  0.0000 ,  0.0000 ,  0.0000 ,  0.0000 ,  0.0000 ,  0.0000 ,
  0.0000 ,  0.0000 ,  0.0000 ,  0.0000 ,  0.0000 ,  0.0000 ,
  0.0000 ,  0.0000 ,  0.0000 ,  0.0000 ,  0.0000 ,  0.0000 ,
  0.0000 ,  0.0000 ,  0.0000 ,  0.0000 ,  0.0000 ,  0.0000 ,
  0.0000 ,  0.0000 ,  0.0000 ,  0.0000 ,  0.0000 ,  0.0000 ,
  0.0000 ,  0.0000 ,  0.0000 ,  0.0000 ,  0.0000 ,  0.0000 ,
  0.0000 ,  0.0000 ,  0.0000 ,  0.0000 ,  0.0000 ,  0.0000 ,
  0.0000 ,  0.0000 ,  0.0000 ,  0.0000 ,  0.0000 ,  0.0000 ,
  0.0000 ,  0.0000 ,  0.0000 ,  0.0000 ,  0.0000 ,  0.0000 ,
  0.0000 ,  0.0000 ,  0.0000 ,  0.0000 ,  0.0000 ,  0.0000 ,
  0.0000 ,  0.0000 ,  0.0000 ,  0.0000 ,  0.0000 ,  0.0000 ,
  0.0000 ,  0.0000 ,  0.0000 ,  0.0000 ,  0.0000 ,  0.0000 ,
  0.0000 ,  0.0000 ,  0.0000 ,  0.0000 ,  0.0000 ,  0.0000 ,
  0.0000 ,  0.0000 ,  0.0000 ,  0.0000 ,  0.0000 ,  0.0000 ,
  0.0000 ,  0.0000 ,  0.0000 ,  0.0000 ,  0.0000 ,  0.0000 ,
  0.0000 ,  0.0000 ,  0.0000 ,  0.0000 ,  0.0000 ,  0.0000 ,
  0.0000 ,  0.0000 ,  0.0000 ,  0.0000 ,  0.0000 ,  0.0000 ,
  0.0000 ,  0.0000 ,  0.0000 ,  0.0000 ,  0.0000 ,  0.0000 ,
  0.0000 ,  0.0000 ,  0.0000 ,  0.0000 ,  0.0000 ,  0.0000 ,
  0.0000 ,  0.0000 ,  0.0000 ,  0.0000 ,  0.0000 ,  0.0000 ,
  0.0000 ,  0.0000 ,  0.0000 ,  0.0000 ,  0.0000 ,  0.0000 ,
  0.0000 ,  0.0000 ,  0.0000 ,  0.0000 ,  0.0000 ,  0.0000 ,
  0.0000 ,  0.0000 ,  0.0000 ,  0.0000 ,  0.0000 ,  0.0000 ,
  0.0000 ,  0.0000 ,  0.0000 ,  0.0000 ,  0.0000 ,  0.0000 ,
  0.0000 ,  0.0000 ,  0.0000 ,  0.0000 ,  0.0000 ,  0.0000 ,
  0.0000 ,  0.0000 ,  0.0000 ,  0.0000 ,  0.0000 ,  0.0000 ,
  0.0000 ,  0.0000 ,  0.0000 ,  0.0000 ,  0.0000 ,  0.0000 ,
  0.0000 ,  0.0000 ,  0.0000 ,  0.0000 ,  0.0000 ,  0.0000 ,
  0.0000 ,  0.0000 ,  0.0000 ,  0.0000 ,  0.0000 ,  0.0000 ,
  0.0000 ,  0.0000 ,  0.0000 ,  0.0000 ,  0.0000 ,  0.0000 ,
  0.0000 ,  0.0000 ,  0.0000 ,  0.0000 ,  0.0000 ,  0.0000 ,
  0.0000 ,  0.0000 ,  0.0000 ,  0.0000 ,  0.0000 ,  0.0000 ,
  0.0000 ,  0.0000 ,  0.0000 ,  0.0000 ,  0.0000 ,  0.0000 ,
  0.0000 ,  0.0000 ,  0.0000 ,  0.0000 ,  0.0000 ,  0.0000 ,
  0.0000 ,  0.0000 ,  0.0000 ,  0.0000 ,  0.0000 ,  0.0000 ,
  0.0000 ,  0.0000 ,  0.0000 ,  0.0000 ,  0.0000 ,  0.0000 ,
  0.0000 ,  0.0000 ,  0.0000 ,  0.0000 ,  0.0000 ,  0.0000 ,
  0.0000 ,  0.0000 ,  0.0000 ,  0.0000 ,  0.0000 ,  0.0000 ,
  0.0000 ,  0.0000 ,  0.0000 ,  0.0000 ,  0.0000 ,  0.0000 ,
  0.0000 ,  0.0000 ,  0.0000 ,  0.0000 ,  0.0000 ,  0.0000 ,
  0.0000 ,  0.0000 ,  0.0000 ,  0.0000 ,  0.0000 ,  0.0000 ,
  0.0000 ,  0.0000 ,  0.0000 ,  0.0000 ,  0.0000 ,  0.0000 ,
  0.0000 ,  0.0000 ,  0.0000 ,  0.0000 ,  0.0000 ,  0.0000 ,
  0.0000 ,  0.0000 ,  0.0000 ,  0.0000 ,  0.0000 ,  0.0000 ,
  0.0000 ,  0.0000 ,  0.0000 ,  0.0000 ,  0.0000 ,  0.0000 ,
  0.0000 ,  0.0000 ,  0.0000 ,  0.0000 ,  0.0000 ,  0.0000 ,
  0.0000 ,  0.0000 ,  0.0000 ,  0.0000 ,  0.0000 ,  0.0000 ,
  0.0000 ,  0.0000 ,  0.0000 ,  0.0000 ,  0.0000 ,  0.0000 ,
  0.0000 ,  0.0000 ,  0.0000 ,  0.0000 ,  0.0000 ,  0.0000 ,
  0.0000 ,  0.0000 ,  0.0000 ,  0.0000 ,  0.0000 ,  0.0000 ,
  0.0000 ,  0.0000 ,  0.0000 ,  0.0000 ,  0.0000 ,  0.0000 ,
  0.0000 ,  0.0000 ,  0.0000 ,  0.0000 ,  0.0000 ,  0.0000 ,
  0.0000 ,  0.0000 ,  0.0000 ,  0.0000 ,  0.0000 ,  0.0000 ,
  0.0000 ,  0.0000 ,  0.0000 ,  0.0000 ,  0.0000 ,  0.0000 ,
  0.0000 ,  0.0000 ,  0.0000 ,  0.0000 ,  0.0000 ,  0.0000 ,
  0.0000 ,  0.0000 ,  0.0000 ,  0.0000 ,  0.0000 ,  0.0000 ,
  0.0000 ,  0.0000 ,  0.0000 ,  0.0000 ,  0.0000 ,  0.0000 ,
  0.0000 ,  0.0000 ,  0.0000 ,  0.0000 ,  0.0000 ,  0.0000 ,
  0.0000 ,  0.0000 ,  0.0000 ,  0.0000 ,  0.0000 ,  0.0000 ,
  0.0000 ,  0.0000 ,  0.0000 ,  0.0000 ,  0.0000 ,  0.0000 ,
  0.0000 ,  0.0000 ,  0.0000 ,  0.0000 ,  0.0000 ,  0.0000 ,
  0.0000 ,  0.0000 ,  0.0000 ,  0.0000 ,  0.0000 ,  0.0000 ,
  0.0000 ,  0.0000 ,  0.0000 ,  0.0000 ,  0.0000 ,  0.0000 ,
  0.0000 ,  0.0000 ,  0.0000 ,  0.0000 ,  0.0000 ,  0.0000 ,
  0.0000 ,  0.0000 ,  0.0000 ,  0.0000 ,  0.0000 ,  0.0000 ,
  0.0000 ,  0.0000 ,  0.0000 ,  0.0000 ,  0.0000 ,  0.0000 ,
  0.0000 ,  0.0000 ,  0.0000 ,  0.0000 ,  0.0000 ,  0.0000 ,
  0.0000 ,  0.0000 ,  0.0000 ,  0.0000 ,  0.0000 ,  0.0000 ,
  0.0000 ,  0.0000 ,  0.0000 ,  0.0000 ,  0.0000 ,  0.0000 ,
  0.0000 ,  0.0000 ,  0.0000 ,  0.0000 ,  0.0000 ,  0.0000 ,
  0.0000 ,  0.0000 ,  0.0000 ,  0.0000 ,  0.0000 ,  0.0000 ,
  0.0000 ,  0.0000 ,  0.0000 ,  0.0000 ,  0.0000 ,  0.0000 ,
  0.0000 ,  0.0000 ,  0.0000 ,  0.0000 ,  0.0000 ,  0.0000 ,
  0.0000 ,  0.0000 ,  0.0000 ,  0.0000 ,  0.0000 ,  0.0000 ,
  0.0000 ,  0.0000 ,  0.0000 ,  0.0000 ,  0.0000 ,  0.0000 ,
  0.0000 ,  0.0000 ,  0.0000 ,  0.0000 ,  0.0000 ,  0.0000 ,
  0.0000 ,  0.0000 ,  0.0000 ,  0.0000 ,  0.0000 ,  0.0000 ,
  0.0000 ,  0.0000 ,  0.0000 ,  0.0000 ,  0.0000 ,  0.0000 ,
  0.0000 ,  0.0000 ,  0.0000 ,  0.0000 ,  0.0000 ,  0.0000 ,
  0.0000 ,  0.0000 ,  0.0000 ,  0.0000 ,  0.0000 ,  0.0000 ,
  0.0000 ,  0.0000 ,  0.0000 ,  0.0000 ,  0.0000 ,  0.0000 ,
  0.0000 ,  0.0000 ,  0.0000 ,  0.0000 ,  0.0000 ,  0.0000 ,
  0.0000 ,  0.0000 ,  0.0000 ,  0.0000 ,  0.0000 ,  0.0000 ,
  0.0000 ,  0.0000 ,  0.0000 ,  0.0000 ,  0.0000 ,  0.0000 ,
  0.0000 ,  0.0000 ,  0.0000 ,  0.0000 ,  0.0000 ,  0.0000 ,
  0.0000 ,  0.0000 ,  0.0000 ,  0.0000 ,  0.0000 ,  0.0000 ,
  0.0000 ,  0.0000 ,  0.0000 ,  0.0000 ,  0.0000 ,  0.0000 ,
  0.0000 ,  0.0000 ,  0.0000 ,  0.0000 ,  0.0000 ,  0.0000 ,
  0.0000 ,  0.0000 ,  0.0000 ,  0.0000 ,  0.0000 ,  0.0000 ,
  0.0000 ,  0.0000 ,  0.0000 ,  0.0000 ,  0.0000 ,  0.0000 ,
  0.0000 ,  0.0000 ,  0.0000 ,  0.0000 ,  0.0000 ,  0.0000 ,
  0.0000 ,  0.0000 ,  0.0000 ,  0.0000 ,  0.0000 ,  0.0000 ,
  0.0000 ,  0.0000 ,  0.0000 ,  0.0000 ,  0.0000 ,  0.0000 ,
  0.0000 ,  0.0000 ,  0.0000 ,  0.0000 ,  0.0000 ,  0.0000 ,
  0.0000 ,  0.0000 ,  0.0000 ,  0.0000 ,  0.0000 ,  0.0000 ,
  0.0000 ,  0.0000 ,  0.0000 ,  0.0000 ,  0.0000 ,  0.0000 ,
  0.0000 ,  0.0000 ,  0.0000 ,  0.0000 ,  0.0000 ,  0.0000 ,
  0.0000 ,  0.0000 ,  0.0000 ,  0.0000 ,  0.0000 ,  0.0000 ,
  0.0000 ,  0.0000 ,  0.0000 ,  0.0000 ,  0.0000 ,  0.0000 ,
  0.0000 ,  0.0000 ,  0.0000 ,  0.0000 ,  0.0000 ,  0.0000 ,
  0.0000 ,  0.0000 ,  0.0000 ,  0.0000 ,  0.0000 ,  0.0000 ,
  0.0000 ,  0.0000 ,  0.0000 ,  0.0000 ,  0.0000 ,  0.0000 ,
  0.0000 ,  0.0000 ,  0.0000 ,  0.0000 ,  0.0000 ,  0.0000 ,
  0.0000 ,  0.0000 ,  0.0000 ,  0.0000 ,  0.0000 ,  0.0000 ,
  0.0000 ,  0.0000 ,  0.0000 ,  0.0000 ,  0.0000 ,  0.0000 ,
  0.0000 ,  0.0000 ,  0.0000 ,  0.0000 ,  0.0000 ,  0.0000 ,
  0.0000 ,  0.0000 ,  0.0000 ,  0.0000 ,  0.0000 ,  0.0000 ,
  0.0000 ,  0.0000 ,  0.0000 ,  0.0000 ,  0.0000 ,  0.0000 ,
  0.0000 ,  0.0000 ,  0.0000 ,  0.0000 ,  0.0000 ,  0.0000 ,
  0.0000 ,  0.0000 ,  0.0000 ,  0.0000 ,  0.0000 ,  0.0000 ,
  0.0000 ,  0.0000 ,  0.0000 ,  0.0000 ,  0.0000 ,  0.0000 ,
  0.0000 ,  0.0000 ,  0.0000 ,  0.0000 ,  0.0000 ,  0.0000 ,
  0.0000 ,  0.0000 ,  0.0000 ,  0.0000 ,  0.0000 ,  0.0000 ,
  0.0000 ,  0.0000 ,  0.0000 ,  0.0000 ,  0.0000 ,  0.0000 ,
  0.0000 ,  0.0000 ,  0.0000 ,  0.0000 ,  0.0000 ,  0.0000 ,
  0.0000 ,  0.0000 ,  0.0000 ,  0.0000 ,  0.0000 ,  0.0000 ,
  0.0000 ,  0.0000 ,  0.0000 ,  0.0000 ,  0.0000 ,  0.0000 ,
  0.0000 ,  0.0000 ,  0.0000 ,  0.0000 ,  0.0000 ,  0.0000 ,
  0.0000 ,  0.0000 ,  0.0000 ,  0.0000 ,  0.0000 ,  0.0000 ,
  0.0000 ,  0.0000 ,  0.0000 ,  0.0000 ,  0.0000 ,  0.0000 ,
  0.0000 ,  0.0000 ,  0.0000 ,  0.0000 ,  0.0000 ,  0.0000 ,
  0.0000 ,  0.0000 ,  0.0000 ,  0.0000 ,  0.0000 ,  0.0000 ,
  0.0000 ,  0.0000 ,  0.0000 ,  0.0000 ,  0.0000 ,  0.0000 ,
  0.0000 ,  0.0000 ,  0.0000 ,  0.0000 ,  0.0000 ,  0.0000 ,
  0.0000 ,  0.0000 ,  0.0000 ,  0.0000 ,  0.0000 ,  0.0000 ,
  0.0000 ,  0.0000 ,  0.0000 ,  0.0000 ,  0.0000 ,  0.0000 ,
  0.0000 ,  0.0000 ,  0.0000 ,  0.0000 ,  0.0000 ,  0.0000 ,
  0.0000 ,  0.0000 ,  0.0000 ,  0.0000 ,  0.0000 ,  0.0000 ,
  0.0000 ,  0.0000 ,  0.0000 ,  0.0000 ,  0.0000 ,  0.0000 ,
  0.0000 ,  0.0000 ,  0.0000 ,  0.0000 ,  0.0000 ,  0.0000 ,
  0.0000 ,  0.0000 ,  0.0000 ,  0.0000 ,  0.0000 ,  0.0000 ,
  0.0000 ,  0.0000 ,  0.0000 ,  0.0000 ,  0.0000 ,  0.0000 ,
  0.0000 ,  0.0000 ,  0.0000 ,  0.0000 ,  0.0000 ,  0.0000 ,
  0.0000 ,  0.0000 ,  0.0000 ,  0.0000 ,  0.0000 ,  0.0000 ,
  0.0000 ,  0.0000 ,  0.0000 ,  0.0000 ,  0.0000 ,  0.0000 ,
  0.0000 ,  0.0000 ,  0.0000 ,  0.0000 ,  0.0000 ,  0.0000 ,
  0.0000 ,  0.0000 ,  0.0000 ,  0.0000 ,  0.0000 ,  0.0000 ,
  0.0000 ,  0.0000 ,  0.0000 ,  0.0000 ,  0.0000 ,  0.0000 ,
  0.0000 ,  0.0000 ,  0.0000 ,  0.0000 ,  0.0000 ,  0.0000 ,
  0.0000 ,  0.0000 ,  0.0000 ,  0.0000 ,  0.0000 ,  0.0000 ,
  0.0000 ,  0.0000 ,  0.0000 ,  0.0000 ,  0.0000 ,  0.0000 ,
  0.0000 ,  0.0000 ,  0.0000 ,  0.0000 ,  0.0000 ,  0.0000 ,
  0.0000 ,  0.0000 ,  0.0000 ,  0.0000 ,  0.0000 ,  0.0000 ,
  0.0000 ,  0.0000 ,  0.0000 ,  0.0000 ,  0.0000 ,  0.0000 ,
  0.0000 ,  0.0000 ,  0.0000 ,  0.0000 ,  0.0000 ,  0.0000 ,
  0.0000 ,  0.0000 ,  0.0000 ,  0.0000 ,  0.0000 ,  0.0000 ,
  0.0000 ,  0.0000 ,  0.0000 ,  0.0000 ,  0.0000 ,  0.0000 ,
  0.0000 ,  0.0000 ,  0.0000 ,  0.0000 ,  0.0000 ,  0.0000 ,
  0.0000 ,  0.0000 ,  0.0000 ,  0.0000 ,  0.0000 ,  0.0000 ,
  0.0000 ,  0.0000 ,  0.0000 ,  0.0000 ,  0.0000 ,  0.0000 ,
  0.0000 ,  0.0000 ,  0.0000 ,  0.0000 ,  0.0000 ,  0.0000 ,
  0.0000 ,  0.0000 ,  0.0000 ,  0.0000 ,  0.0000 ,  0.0000 ,
  0.0000 ,  0.0000 ,  0.0000 ,  0.0000 ,  0.0000 ,  0.0000 ,
  0.0000 ,  0.0000 ,  0.0000 ,  0.0000 ,  0.0000 ,  0.0000 ,
  0.0000 ,  0.0000 ,  0.0000 ,  0.0000 ,  0.0000 ,  0.0000 ,
  0.0000 ,  0.0000 ,  0.0000 ,  0.0000 ,  0.0000 ,  0.0000 ,
  0.0000 ,  0.0000 ,  0.0000 ,  0.0000 ,  0.0000 ,  0.0000 ,
  0.0000 ,  0.0000 ,  0.0000 ,  0.0000 ,  0.0000 ,  0.0000 ,
  0.0000 ,  0.0000 ,  0.0000 ,  0.0000 ,  0.0000 ,  0.0000 ,
  0.0000 ,  0.0000 ,  0.0000 ,  0.0000 ,  0.0000 ,  0.0000 ,
  0.0000 ,  0.0000 ,  0.0000 ,  0.0000 ,  0.0000 ,  0.0000 ,
  0.0000 ,  0.0000 ,  0.0000 ,  0.0000 ,  0.0000 ,  0.0000 ,
  0.0000 ,  0.0000 ,  0.0000 ,  0.0000 ,  0.0000 ,  0.0000 ,
  0.0000 ,  0.0000 ,  0.0000 ,  0.0000 ,  0.0000 ,  0.0000 ,
  0.0000 ,  0.0000 ,  0.0000 ,  0.0000 ,  0.0000 ,  0.0000 ,
  0.0000 ,  0.0000 ,  0.0000 ,  0.0000 ,  0.0000 ,  0.0000 ,
  0.0000 ,  0.0000 ,  0.0000 ,  0.0000 ,  0.0000 ,  0.0000 ,
  0.0000 ,  0.0000 ,  0.0000 ,  0.0000 ,  0.0000 ,  0.0000 ,
  0.0000 ,  0.0000 ,  0.0000 ,  0.0000 ,  0.0000 ,  0.0000 ,
  0.0000 ,  0.0000 ,  0.0000 ,  0.0000 ,  0.0000 ,  0.0000 ,
  0.0000 ,  0.0000 ,  0.0000 ,  0.0000 ,  0.0000 ,  0.0000 ,
  0.0000 ,  0.0000 ,  0.0000 ,  0.0000 ,  0.0000 ,  0.0000 ,
  0.0000 ,  0.0000 ,  0.0000 ,  0.0000 ,  0.0000 ,  0.0000 ,
  0.0000 ,  0.0000 ,  0.0000 ,  0.0000 ,  0.0000 ,  0.0000 ,
  0.0000 ,  0.0000 ,  0.0000 ,  0.0000 ,  0.0000 ,  0.0000 ,
  0.0000 ,  0.0000 ,  0.0000 ,  0.0000 ,  0.0000 ,  0.0000 ,
  0.0000 ,  0.0000 ,  0.0000 ,  0.0000 ,  0.0000 ,  0.0000 ,
  0.0000 ,  0.0000 ,  0.0000 ,  0.0000 ,  0.0000 ,  0.0000 ,
  0.0000 ,  0.0000 ,  0.0000 ,  0.0000 ,  0.0000 ,  0.0000 ,
  0.0000 ,  0.0000 ,  0.0000 ,  0.0000 ,  0.0000 ,  0.0000 ,
  0.0000 ,  0.0000 ,  0.0000 ,  0.0000 ,  0.0000 ,  0.0000 ,
  0.0000 ,  0.0000 ,  0.0000 ,  0.0000 ,  0.0000 ,  0.0000 ,
  0.0000 ,  0.0000 ,  0.0000 ,  0.0000 ,  0.0000 ,  0.0000 ,
  0.0000 ,  0.0000 ,  0.0000 ,  0.0000 ,  0.0000 ,  0.0000 ,
  0.0000 ,  0.0000 ,  0.0000 ,  0.0000 ,  0.0000 ,  0.0000 ,
  0.0000 ,  0.0000 ,  0.0000 ,  0.0000 ,  0.0000 ,  0.0000 ,
  0.0000 ,  0.0000 ,  0.0000 ,  0.0000 ,  0.0000 ,  0.0000 ,
  0.0000 ,  0.0000 ,  0.0000 ,  0.0000 ,  0.0000 ,  0.0000 ,
  0.0000 ,  0.0000 ,  0.0000 ,  0.0000 ,  0.0000 ,  0.0000 ,
  0.0000 ,  0.0000 ,  0.0000 ,  0.0000 ,  0.0000 ,  0.0000 ,
  0.0000 ,  0.0000 ,  0.0000 ,  0.0000 ,  0.0000 ,  0.0000 ,
  0.0000 ,  0.0000 ,  0.0000 ,  0.0000 ,  0.0000 ,  0.0000 ,
  0.0000 ,  0.0000 ,  0.0000 ,  0.0000 ,  0.0000 ,  0.0000 ,
  0.0000 ,  0.0000 ,  0.0000 ,  0.0000 ,  0.0000 ,  0.0000 ,
  0.0000 ,  0.0000 ,  0.0000 ,  0.0000 ,  0.0000 ,  0.0000 ,
  0.0000 ,  0.0000 ,  0.0000 ,  0.0000 ,  0.0000 ,  0.0000 ,
  0.0000 ,  0.0000 ,  0.0000 ,  0.0000 ,  0.0000 ,  0.0000 ,
  0.0000 ,  0.0000 ,  0.0000 ,  0.0000 ,  0.0000 ,  0.0000 ,
  0.0000 ,  0.0000 ,  0.0000 ,  0.0000 ,  0.0000 ,  0.0000 ,
  0.0000 ,  0.0000 ,  0.0000 ,  0.0000 ,  0.0000 ,  0.0000 ,
  0.0000 ,  0.0000 ,  0.0000 ,  0.0000 ,  0.0000 ,  0.0000 ,
  0.0000 ,  0.0000 ,  0.0000 ,  0.0000 ,  0.0000 ,  0.0000 ,
  0.0000 ,  0.0000 ,  0.0000 ,  0.0000 ,  0.0000 ,  0.0000 ,
  0.0000 ,  0.0000 ,  0.0000 ,  0.0000 ,  0.0000 ,  0.0000 ,
  0.0000 ,  0.0000 ,  0.0000 ,  0.0000 ,  0.0000 ,  0.0000 ,
  0.0000 ,  0.0000 ,  0.0000 ,  0.0000 ,  0.0000 ,  0.0000 ,
  0.0000 ,  0.0000 ,  0.0000 ,  0.0000 ,  0.0000 ,  0.0000 ,
  0.0000 ,  0.0000 ,  0.0000 ,  0.0000 ,  0.0000 ,  0.0000 ,
  0.0000 ,  0.0000 ,  0.0000 ,  0.0000 ,  0.0000 ,  0.0000 ,
  0.0000 ,  0.0000 ,  0.0000 ,  0.0000 ,  0.0000 ,  0.0000 ,
  0.0000 ,  0.0000 ,  0.0000 ,  0.0000 ,  0.0000 ,  0.0000 ,
  0.0000 ,  0.0000 ,  0.0000 ,  0.0000 ,  0.0000 ,  0.0000 ,
  0.0000 ,  0.0000 ,  0.0000 ,  0.0000 ,  0.0000 ,  0.0000 ,
  0.0000 ,  0.0000 ,  0.0000 ,  0.0000 ,  0.0000 ,  0.0000 ,
  0.0000 ,  0.0000 ,  0.0000 ,  0.0000 ,  0.0000 ,  0.0000 ,
  0.0000 ,  0.0000 ,  0.0000 ,  0.0000 ,  0.0000 ,  0.0000 ,
  0.0000 ,  0.0000 ,  0.0000 ,  0.0000 ,  0.0000 ,  0.0000 ,
  0.0000 ,  0.0000 ,  0.0000 ,  0.0000 ,  0.0000 ,  0.0000 ,
  0.0000 ,  0.0000 ,  0.0000 ,  0.0000 ,  0.0000 ,  0.0000 ,
  0.0000 ,  0.0000 ,  0.0000 ,  0.0000 ,  0.0000 ,  0.0000 ,
  0.0000 ,  0.0000 ,  0.0000 ,  0.0000 ,  0.0000 ,  0.0000 ,
  0.0000 ,  0.0000 ,  0.0000 ,  0.0000 ,  0.0000 ,  0.0000 ,
  0.0000 ,  0.0000 ,  0.0000 ,  0.0000 ,  0.0000 ,  0.0000 ,
  0.0000 ,  0.0000 ,  0.0000 ,  0.0000 ,  0.0000 ,  0.0000 ,
  0.0000 ,  0.0000 ,  0.0000 ,  0.0000 ,  0.0000 ,  0.0000 ,
  0.0000 ,  0.0000 ,  0.0000 ,  0.0000 ,  0.0000 ,  0.0000 ,
  0.0000 ,  0.0000 ,  0.0000 ,  0.0000 ,  0.0000 ,  0.0000 ,
  0.0000 ,  0.0000 ,  0.0000 ,  0.0000 ,  0.0000 ,  0.0000 ,
  0.0000 ,  0.0000 ,  0.0000 ,  0.0000 ,  0.0000 ,  0.0000 ,
  0.0000 ,  0.0000 ,  0.0000 ,  0.0000 ,  0.0000 ,  0.0000 ,
  0.0000 ,  0.0000 ,  0.0000 ,  0.0000 ,  0.0000 ,  0.0000 ,
  0.0000 ,  0.0000 ,  0.0000 ,  0.0000 ,  0.0000 ,  0.0000 ,
  0.0000 ,  0.0000 ,  0.0000 ,  0.0000 ,  0.0000 ,  0.0000 ,
  0.0000 ,  0.0000 ,  0.0000 ,  0.0000 ,  0.0000 ,  0.0000 ,
  0.0000 ,  0.0000 ,  0.0000 ,  0.0000 ,  0.0000 ,  0.0000 ,
  0.0000 ,  0.0000 ,  0.0000 ,  0.0000 ,  0.0000 ,  0.0000 ,
  0.0000 ,  0.0000 ,  0.0000 ,  0.0000 ,  0.0000 ,  0.0000 ,
  0.0000 ,  0.0000 ,  0.0000 ,  0.0000 ,  0.0000 ,  0.0000 ,
  0.0000 ,  0.0000 ,  0.0000 ,  0.0000 ,  0.0000 ,  0.0000 ,
  0.0000 ,  0.0000 ,  0.0000 ,  0.0000 ,  0.0000 ,  0.0000 ,
  0.0000 ,  0.0000 ,  0.0000 ,  0.0000 ,  0.0000 ,  0.0000 ,
  0.0000 ,  0.0000 ,  0.0000 ,  0.0000 ,  0.0000 ,  0.0000 ,
  0.0000 ,  0.0000 ,  0.0000 ,  0.0000 ,  0.0000 ,  0.0000 ,
  0.0000 ,  0.0000 ,  0.0000 ,  0.0000 ,  0.0000 ,  0.0000 ,
  0.0000 ,  0.0000 ,  0.0000 ,  0.0000 ,  0.0000 ,  0.0000 ,
  0.0000 ,  0.0000 ,  0.0000 ,  0.0000 ,  0.0000 ,  0.0000 ,
  0.0000 ,  0.0000 ,  0.0000 ,  0.0000 ,  0.0000 ,  0.0000 ,
  0.0000 ,  0.0000 ,  0.0000 ,  0.0000 ,  0.0000 ,  0.0000 ,
  0.0000 ,  0.0000 ,  0.0000 ,  0.0000 ,  0.0000 ,  0.0000 ,
  0.0000 ,  0.0000 ,  0.0000 ,  0.0000 ,  0.0000 ,  0.0000 ,
  0.0000 ,  0.0000 ,  0.0000 ,  0.0000 ,  0.0000 ,  0.0000 ,
  0.0000 ,  0.0000 ,  0.0000 ,  0.0000 ,  0.0000 ,  0.0000 ,
  0.0000 ,  0.0000 ,  0.0000 ,  0.0000 ,  0.0000 ,  0.0000 ,
  0.0000 ,  0.0000 ,  0.0000 ,  0.0000 ,  0.0000 ,  0.0000 ,
  0.0000 ,  0.0000 ,  0.0000 ,  0.0000 ,  0.0000 ,  0.0000 ,
  0.0000 ,  0.0000 ,  0.0000 ,  0.0000 ,  0.0000 ,  0.0000 ,
  0.0000 ,  0.0000 ,  0.0000 ,  0.0000 ,  0.0000 ,  0.0000 ,
  0.0000 ,  0.0000 ,  0.0000 ,  0.0000 ,  0.0000 ,  0.0000 ,
  0.0000 ,  0.0000 ,  0.0000 ,  0.0000 ,  0.0000 ,  0.0000 ,
  0.0000 ,  0.0000 ,  0.0000 ,  0.0000 ,  0.0000 ,  0.0000 ,
  0.0000 ,  0.0000 ,  0.0000 ,  0.0000 ,  0.0000 ,  0.0000 ,
  0.0000 ,  0.0000 ,  0.0000 ,  0.0000 ,  0.0000 ,  0.0000 ,
  0.0000 ,  0.0000 ,  0.0000 ,  0.0000 ,  0.0000 ,  0.0000 ,
  0.0000 ,  0.0000 ,  0.0000 ,  0.0000 ,  0.0000 ,  0.0000 ,
  0.0000 ,  0.0000 ,  0.0000 ,  0.0000 ,  0.0000 ,  0.0000 ,
  0.0000 ,  0.0000 ,  0.0000 ,  0.0000 ,  0.0000 ,  0.0000 ,
  0.0000 ,  0.0000 ,  0.0000 ,  0.0000 ,  0.0000 ,  0.0000 ,
  0.0000 ,  0.0000 ,  0.0000 ,  0.0000 ,  0.0000 ,  0.0000 ,
  0.0000 ,  0.0000 ,  0.0000 ,  0.0000 ,  0.0000 ,  0.0000 ,
  0.0000 ,  0.0000 ,  0.0000 ,  0.0000 ,  0.0000 ,  0.0000 ,
  0.0000 ,  0.0000 ,  0.0000 ,  0.0000 ,  0.0000 ,  0.0000 ,
  0.0000 ,  0.0000 ,  0.0000 ,  0.0000 ,  0.0000 ,  0.0000 ,
  0.0000 ,  0.0000 ,  0.0000 ,  0.0000 ,  0.0000 ,  0.0000 ,
  0.0000 ,  0.0000 ,  0.0000 ,  0.0000 ,  0.0000 ,  0.0000 ,
  0.0000 ,  0.0000 ,  0.0000 ,  0.0000 ,  0.0000 ,  0.0000 ,
  0.0000 ,  0.0000 ,  0.0000 ,  0.0000 ,  0.0000 ,  0.0000 ,
  0.0000 ,  0.0000 ,  0.0000 ,  0.0000 ,  0.0000 ,  0.0000 ,
  0.0000 ,  0.0000 ,  0.0000 ,  0.0000 ,  0.0000 ,  0.0000 ,
  0.0000 ,  0.0000 ,  0.0000 ,  0.0000 ,  0.0000 ,  0.0000 ,
  0.0000 ,  0.0000 ,  0.0000 ,  0.0000 ,  0.0000 ,  0.0000 ,
  0.0000 ,  0.0000 ,  0.0000 ,  0.0000 ,  0.0000 ,  0.0000 ,
  0.0000 ,  0.0000 ,  0.0000 ,  0.0000 ,  0.0000 ,  0.0000 ,
  0.0000 ,  0.0000 ,  0.0000 ,  0.0000 ,  0.0000 ,  0.0000 ,
  0.0000 ,  0.0000 ,  0.0000 ,  0.0000 ,  0.0000 ,  0.0000 ,
  0.0000 ,  0.0000 ,  0.0000 ,  0.0000 ,  0.0000 ,  0.0000 ,
  0.0000 ,  0.0000 ,  0.0000 ,  0.0000 ,  0.0000 ,  0.0000 ,
  0.0000 ,  0.0000 ,  0.0000 ,  0.0000 ,  0.0000 ,  0.0000 ,
  0.0000 ,  0.0000 ,  0.0000 ,  0.0000 ,  0.0000 ,  0.0000 ,
  0.0000 ,  0.0000 ,  0.0000 ,  0.0000 ,  0.0000 ,  0.0000 ,
  0.0000 ,  0.0000 ,  0.0000 ,  0.0000 ,  0.0000 ,  0.0000 ,
  0.0000 ,  0.0000 ,  0.0000 ,  0.0000 ,  0.0000 ,  0.0000 ,
  0.0000 ,  0.0000 ,  0.0000 ,  0.0000 ,  0.0000 ,  0.0000 ,
  0.0000 ,  0.0000 ,  0.0000 ,  0.0000 ,  0.0000 ,  0.0000 ,
  0.0000 ,  0.0000 ,  0.0000 ,  0.0000 ,  0.0000 ,  0.0000 ,
  0.0000 ,  0.0000 ,  0.0000 ,  0.0000 ,  0.0000 ,  0.0000 ,
  0.0000 ,  0.0000 ,  0.0000 ,  0.0000 ,  0.0000 ,  0.0000 ,
  0.0000 ,  0.0000 ,  0.0000 ,  0.0000 ,  0.0000 ,  0.0000 ,
  0.0000 ,  0.0000 ,  0.0000 ,  0.0000 ,  0.0000 ,  0.0000 ,
  0.0000 ,  0.0000 ,  0.0000 ,  0.0000 ,  0.0000 ,  0.0000 ,
  0.0000 ,  0.0000 ,  0.0000 ,  0.0000 ,  0.0000 ,  0.0000 ,
  0.0000 ,  0.0000 ,  0.0000 ,  0.0000 ,  0.0000 ,  0.0000 ,
  0.0000 ,  0.0000 ,  0.0000 ,  0.0000 ,  0.0000 ,  0.0000 ,
  0.0000 ,  0.0000 ,  0.0000 ,  0.0000 ,  0.0000 ,  0.0000 ,
  0.0000 ,  0.0000 ,  0.0000 ,  0.0000 ,  0.0000 ,  0.0000 ,
  0.0000 ,  0.0000 ,  0.0000 ,  0.0000 ,  0.0000 ,  0.0000 ,
  0.0000 ,  0.0000 ,  0.0000 ,  0.0000 ,  0.0000 ,  0.0000 ,
  0.0000 ,  0.0000 ,  0.0000 ,  0.0000 ,  0.0000 ,  0.0000 ,
  0.0000 ,  0.0000 ,  0.0000 ,  0.0000 ,  0.0000 ,  0.0000 ,
  0.0000 ,  0.0000 ,  0.0000 ,  0.0000 ,  0.0000 ,  0.0000 ,
  0.0000 ,  0.0000 ,  0.0000 ,  0.0000 ,  0.0000 ,  0.0000 ,
  0.0000 ,  0.0000 ,  0.0000 ,  0.0000 ,  0.0000 ,  0.0000 ,
  0.0000 ,  0.0000 ,  0.0000 ,  0.0000 ,  0.0000 ,  0.0000 ,
  0.0000 ,  0.0000 ,  0.0000 ,  0.0000 ,  0.0000 ,  0.0000 ,
  0.0000 ,  0.0000 ,  0.0000 ,  0.0000 ,  0.0000 ,  0.0000 ,
  0.0000 ,  0.0000 ,  0.0000 ,  0.0000 ,  0.0000 ,  0.0000 ,
  0.0000 ,  0.0000 ,  0.0000 ,  0.0000 ,  0.0000 ,  0.0000 ,
  0.0000 ,  0.0000 ,  0.0000 ,  0.0000 ,  0.0000 ,  0.0000 ,
  0.0000 ,  0.0000 ,  0.0000 ,  0.0000 ,  0.0000 ,  0.0000 ,
  0.0000 ,  0.0000 ,  0.0000 ,  0.0000 ,  0.0000 ,  0.0000 ,
  0.0000 ,  0.0000 ,  0.0000 ,  0.0000 ,  0.0000 ,  0.0000 ,
  0.0000 ,  0.0000 ,  0.0000 ,  0.0000 ,  0.0000 ,  0.0000 ,
  0.0000 ,  0.0000 ,  0.0000 ,  0.0000 ,  0.0000 ,  0.0000 ,
  0.0000 ,  0.0000 ,  0.0000 ,  0.0000 ,  0.0000 ,  0.0000 ,
  0.0000 ,  0.0000 ,  0.0000 ,  0.0000 ,  0.0000 ,  0.0000 ,
  0.0000 ,  0.0000 ,  0.0000 ,  0.0000 ,  0.0000 ,  0.0000 ,
  0.0000 ,  0.0000 ,  0.0000 ,  0.0000 ,  0.0000 ,  0.0000 ,
  0.0000 ,  0.0000 ,  0.0000 ,  0.0000 ,  0.0000 ,  0.0000 ,
  0.0000 ,  0.0000 ,  0.0000 ,  0.0000 ,  0.0000 ,  0.0000 ,
  0.0000 ,  0.0000 ,  0.0000 ,  0.0000 ,  0.0000 ,  0.0000 ,
  0.0000 ,  0.0000 ,  0.0000 ,  0.0000 ,  0.0000 ,  0.0000 ,
  0.0000 ,  0.0000 ,  0.0000 ,  0.0000 ,  0.0000 ,  0.0000 ,
  0.0000 ,  0.0000 ,  0.0000 ,  0.0000 ,  0.0000 ,  0.0000 ,
  0.0000 ,  0.0000 ,  0.0000 ,  0.0000 ,  0.0000 ,  0.0000 ,
  0.0000 ,  0.0000 ,  0.0000 ,  0.0000 ,  0.0000 ,  0.0000 ,
  0.0000 ,  0.0000 ,  0.0000 ,  0.0000 ,  0.0000 ,  0.0000 ,
  0.0000 ,  0.0000 ,  0.0000 ,  0.0000 ,  0.0000 ,  0.0000 ,
  0.0000 ,  0.0000 ,  0.0000 ,  0.0000 ,  0.0000 ,  0.0000 ,
  0.0000 ,  0.0000 ,  0.0000 ,  0.0000 ,  0.0000 ,  0.0000 ,
  0.0000 ,  0.0000 ,  0.0000 ,  0.0000 ,  0.0000 ,  0.0000 ,
  0.0000 ,  0.0000 ,  0.0000 ,  0.0000 ,  0.0000 ,  0.0000 ,
  0.0000 ,  0.0000 ,  0.0000 ,  0.0000 ,  0.0000 ,  0.0000 ,
  0.0000 ,  0.0000 ,  0.0000 ,  0.0000 ,  0.0000 ,  0.0000 ,
  0.0000 ,  0.0000 ,  0.0000 ,  0.0000 ,  0.0000 ,  0.0000 ,
  0.0000 ,  0.0000 ,  0.0000 ,  0.0000 ,  0.0000 ,  0.0000 ,
  0.0000 ,  0.0000 ,  0.0000 ,  0.0000 ,  0.0000 ,  0.0000 ,
  0.0000 ,  0.0000 ,  0.0000 ,  0.0000 ,  0.0000 ,  0.0000 ,
  0.0000 ,  0.0000 ,  0.0000 ,  0.0000 ,  0.0000 ,  0.0000 ,
  0.0000 ,  0.0000 ,  0.0000 ,  0.0000 ,  0.0000 ,  0.0000 ,
  0.0000 ,  0.0000 ,  0.0000 ,  0.0000 ,  0.0000 ,  0.0000 ,
  0.0000 ,  0.0000 ,  0.0000 ,  0.0000 ,  0.0000 ,  0.0000 ,
  0.0000 ,  0.0000 ,  0.0000 ,  0.0000 ,  0.0000 ,  0.0000 ,
  0.0000 ,  0.0000 ,  0.0000 ,  0.0000 ,  0.0000 ,  0.0000 ,
  0.0000 ,  0.0000 ,  0.0000 ,  0.0000 ,  0.0000 ,  0.0000 ,
  0.0000 ,  0.0000 ,  0.0000 ,  0.0000 ,  0.0000 ,  0.0000 ,
  0.0000 ,  0.0000 ,  0.0000 ,  0.0000 ,  0.0000 ,  0.0000 ,
  0.0000 ,  0.0000 ,  0.0000 ,  0.0000 ,  0.0000 ,  0.0000 ,
  0.0000 ,  0.0000 ,  0.0000 ,  0.0000 ,  0.0000 ,  0.0000 ,
  0.0000 ,  0.0000 ,  0.0000 ,  0.0000 ,  0.0000 ,  0.0000 ,
  0.0000 ,  0.0000 ,  0.0000 ,  0.0000 ,  0.0000 ,  0.0000 ,
  0.0000 ,  0.0000 ,  0.0000 ,  0.0000 ,  0.0000 ,  0.0000 ,
  0.0000 ,  0.0000 ,  0.0000 ,  0.0000 ,  0.0000 ,  0.0000 ,
  0.0000 ,  0.0000 ,  0.0000 ,  0.0000 ,  0.0000 ,  0.0000 ,
  0.0000 ,  0.0000 ,  0.0000 ,  0.0000 ,  0.0000 ,  0.0000 ,
  0.0000 ,  0.0000 ,  0.0000 ,  0.0000 ,  0.0000 ,  0.0000 ,
  0.0000 ,  0.0000 ,  0.0000 ,  0.0000 ,  0.0000 ,  0.0000 ,
  0.0000 ,  0.0000 ,  0.0000 ,  0.0000 ,  0.0000 ,  0.0000 ,
  0.0000 ,  0.0000 ,  0.0000 ,  0.0000 ,  0.0000 ,  0.0000 ,
  0.0000 ,  0.0000 ,  0.0000 ,  0.0000 ,  0.0000 ,  0.0000 ,
  0.0000 ,  0.0000 ,  0.0000 ,  0.0000 ,  0.0000 ,  0.0000 ,
  0.0000 ,  0.0000 ,  0.0000 ,  0.0000 ,  0.0000 ,  0.0000 ,
  0.0000 ,  0.0000 ,  0.0000 ,  0.0000 ,  0.0000 ,  0.0000 ,
  0.0000 ,  0.0000 ,  0.0000 ,  0.0000 ,  0.0000 ,  0.0000 ,
  0.0000 ,  0.0000 ,  0.0000 ,  0.0000 ,  0.0000 ,  0.0000 ,
  0.0000 ,  0.0000 ,  0.0000 ,  0.0000 ,  0.0000 ,  0.0000 ,
  0.0000 ,  0.0000 ,  0.0000 ,  0.0000 ,  0.0000 ,  0.0000 ,
  0.0000 ,  0.0000 ,  0.0000 ,  0.0000 ,  0.0000 ,  0.0000 ,
  0.0000 ,  0.0000 ,  0.0000 ,  0.0000 ,  0.0000 ,  0.0000 ,
  0.0000 ,  0.0000 ,  0.0000 ,  0.0000 ,  0.0000 ,  0.0000 ,
  0.0000 ,  0.0000 ,  0.0000 ,  0.0000 ,  0.0000 ,  0.0000 ,
  0.0000 ,  0.0000 ,  0.0000 ,  0.0000 ,  0.0000 ,  0.0000 ,
  0.0000 ,  0.0000 ,  0.0000 ,  0.0000 ,  0.0000 ,  0.0000 ,
  0.0000 ,  0.0000 ,  0.0000 ,  0.0000 ,  0.0000 ,  0.0000 ,
  0.0000 ,  0.0000 ,  0.0000 ,  0.0000 ,  0.0000 ,  0.0000 ,
  0.0000 ,  0.0000 ,  0.0000 ,  0.0000 ,  0.0000 ,  0.0000 ,
  0.0000 ,  0.0000 ,  0.0000 ,  0.0000 ,  0.0000 ,  0.0000 ,
  0.0000 ,  0.0000 ,  0.0000 ,  0.0000 ,  0.0000 ,  0.0000 ,
  0.0000 ,  0.0000 ,  0.0000 ,  0.0000 ,  0.0000 ,  0.0000 ,
  0.0000 ,  0.0000 ,  0.0000 ,  0.0000 ,  0.0000 ,  0.0000 ,
  0.0000 ,  0.0000 ,  0.0000 ,  0.0000 ,  0.0000 ,  0.0000 ,
  0.0000 ,  0.0000 ,  0.0000 ,  0.0000 ,  0.0000 ,  0.0000 ,
  0.0000 ,  0.0000 ,  0.0000 ,  0.0000 ,  0.0000 ,  0.0000 ,
  0.0000 ,  0.0000 ,  0.0000 ,  0.0000 ,  0.0000 ,  0.0000 ,
  0.0000 ,  0.0000 ,  0.0000 ,  0.0000 ,  0.0000 ,  0.0000 ,
  0.0000 ,  0.0000 ,  0.0000 ,  0.0000 ,  0.0000 ,  0.0000 ,
  0.0000 ,  0.0000 ,  0.0000 ,  0.0000 ,  0.0000 ,  0.0000 ,
  0.0000 ,  0.0000 ,  0.0000 ,  0.0000 ,  0.0000 ,  0.0000 ,
  0.0000 ,  0.0000 ,  0.0000 ,  0.0000 ,  0.0000 ,  0.0000 ,
  0.0000 ,  0.0000 ,  0.0000 ,  0.0000 ,  0.0000 ,  0.0000 ,
  0.0000 ,  0.0000 ,  0.0000 ,  0.0000 ,  0.0000 ,  0.0000 ,
  0.0000 ,  0.0000 ,  0.0000 ,  0.0000 ,  0.0000 ,  0.0000 ,
  0.0000 ,  0.0000 ,  0.0000 ,  0.0000 ,  0.0000 ,  0.0000 ,
  0.0000 ,  0.0000 ,  0.0000 ,  0.0000 ,  0.0000 ,  0.0000 ,
  0.0000 ,  0.0000 ,  0.0000 ,  0.0000 ,  0.0000 ,  0.0000 ,
  0.0000 ,  0.0000 ,  0.0000 ,  0.0000 ,  0.0000 ,  0.0000 ,
  0.0000 ,  0.0000 ,  0.0000 ,  0.0000 ,  0.0000 ,  0.0000 ,
  0.0000 ,  0.0000 ,  0.0000 ,  0.0000 ,  0.0000 ,  0.0000 ,
  0.0000 ,  0.0000 ,  0.0000 ,  0.0000 ,  0.0000 ,  0.0000 ,
  0.0000 ,  0.0000 ,  0.0000 ,  0.0000 ,  0.0000 ,  0.0000 ,
  0.0000 ,  0.0000 ,  0.0000 ,  0.0000 ,  0.0000 ,  0.0000 ,
  0.0000 ,  0.0000 ,  0.0000 ,  0.0000 ,  0.0000 ,  0.0000 ,
  0.0000 ,  0.0000 ,  0.0000 ,  0.0000 ,  0.0000 ,  0.0000 ,
  0.0000 ,  0.0000 ,  0.0000 ,  0.0000 ,  0.0000 ,  0.0000 ,
  0.0000 ,  0.0000 ,  0.0000 ,  0.0000 ,  0.0000 ,  0.0000 ,
  0.0000 ,  0.0000 ,  0.0000 ,  0.0000 ,  0.0000 ,  0.0000 ,
  0.0000 ,  0.0000 ,  0.0000 ,  0.0000 ,  0.0000 ,  0.0000 ,
  0.0000 ,  0.0000 ,  0.0000 ,  0.0000 ,  0.0000 ,  0.0000 ,
  0.0000 ,  0.0000 ,  0.0000 ,  0.0000 ,  0.0000 ,  0.0000 ,
  0.0000 ,  0.0000 ,  0.0000 ,  0.0000 ,  0.0000 ,  0.0000 ,
  0.0000 ,  0.0000 ,  0.0000 ,  0.0000 ,  0.0000 ,  0.0000 ,
  0.0000 ,  0.0000 ,  0.0000 ,  0.0000 ,  0.0000 ,  0.0000 ,
  0.0000 ,  0.0000 ,  0.0000 ,  0.0000 ,  0.0000 ,  0.0000 ,
  0.0000 ,  0.0000 ,  0.0000 ,  0.0000 ,  0.0000 ,  0.0000 ,
  0.0000 ,  0.0000 ,  0.0000 ,  0.0000 ,  0.0000 ,  0.0000 ,
  0.0000 ,  0.0000 ,  0.0000 ,  0.0000 ,  0.0000 ,  0.0000 ,
  0.0000 ,  0.0000 ,  0.0000 ,  0.0000 ,  0.0000 ,  0.0000 ,
  0.0000 ,  0.0000 ,  0.0000 ,  0.0000 ,  0.0000 ,  0.0000 ,
  0.0000 ,  0.0000 ,  0.0000 ,  0.0000 ,  0.0000 ,  0.0000 ,
  0.0000 ,  0.0000 ,  0.0000 ,  0.0000 ,  0.0000 ,  0.0000 ,
  0.0000 ,  0.0000 ,  0.0000 ,  0.0000 ,  0.0000 ,  0.0000 ,
  0.0000 ,  0.0000 ,  0.0000 ,  0.0000 ,  0.0000 ,  0.0000 ,
  0.0000 ,  0.0000 ,  0.0000 ,  0.0000 ,  0.0000 ,  0.0000 ,
  0.0000 ,  0.0000 ,  0.0000 ,  0.0000 ,  0.0000 ,  0.0000 ,
  0.0000 ,  0.0000 ,  0.0000 ,  0.0000 ,  0.0000 ,  0.0000 ,
  0.0000 ,  0.0000 ,  0.0000 ,  0.0000 ,  0.0000 ,  0.0000 ,
  0.0000 ,  0.0000 ,  0.0000 ,  0.0000 ,  0.0000 ,  0.0000 ,
  0.0000 ,  0.0000 ,  0.0000 ,  0.0000 ,  0.0000 ,  0.0000 ,
  0.0000 ,  0.0000 ,  0.0000 ,  0.0000 ,  0.0000 ,  0.0000 ,
  0.0000 ,  0.0000 ,  0.0000 ,  0.0000 ,  0.0000 ,  0.0000 ,
  0.0000 ,  0.0000 ,  0.0000 ,  0.0000 ,  0.0000 ,  0.0000 ,
  0.0000 ,  0.0000 ,  0.0000 ,  0.0000 ,  0.0000 ,  0.0000 ,
  0.0000 ,  0.0000 ,  0.0000 ,  0.0000 ,  0.0000 ,  0.0000 ,
  0.0000 ,  0.0000 ,  0.0000 ,  0.0000 ,  0.0000 ,  0.0000 ,
  0.0000 ,  0.0000 ,  0.0000 ,  0.0000 ,  0.0000 ,  0.0000 ,
  0.0000 ,  0.0000 ,  0.0000 ,  0.0000 ,  0.0000 ,  0.0000 ,
  0.0000 ,  0.0000 ,  0.0000 ,  0.0000 ,  0.0000 ,  0.0000 ,
  0.0000 ,  0.0000 ,  0.0000 ,  0.0000 ,  0.0000 ,  0.0000 ,
  0.0000 ,  0.0000 ,  0.0000 ,  0.0000 ,  0.0000 ,  0.0000 ,
  0.0000 ,  0.0000 ,  0.0000 ,  0.0000 ,  0.0000 ,  0.0000 ,
  0.0000 ,  0.0000 ,  0.0000 ,  0.0000 ,  0.0000 ,  0.0000 ,
  0.0000 ,  0.0000 ,  0.0000 ,  0.0000 ,  0.0000 ,  0.0000 ,
  0.0000 ,  0.0000 ,  0.0000 ,  0.0000 ,  0.0000 ,  0.0000 ,
  0.0000 ,  0.0000 ,  0.0000 ,  0.0000 ,  0.0000 ,  0.0000 ,
  0.0000 ,  0.0000 ,  0.0000 ,  0.0000 ,  0.0000 ,  0.0000 ,
  0.0000 ,  0.0000 ,  0.0000 ,  0.0000 ,  0.0000 ,  0.0000 ,
  0.0000 ,  0.0000 ,  0.0000 ,  0.0000 ,  0.0000 ,  0.0000 ,
  0.0000 ,  0.0000 ,  0.0000 ,  0.0000 ,  0.0000 ,  0.0000 ,
  0.0000 ,  0.0000 ,  0.0000 ,  0.0000 ,  0.0000 ,  0.0000 ,
  0.0000 ,  0.0000 ,  0.0000 ,  0.0000 ,  0.0000 ,  0.0000 ,
  0.0000 ,  0.0000 ,  0.0000 ,  0.0000 ,  0.0000 ,  0.0000 ,
  0.0000 ,  0.0000 ,  0.0000 ,  0.0000 ,  0.0000 ,  0.0000 ,
  0.0000 ,  0.0000 ,  0.0000 ,  0.0000 ,  0.0000 ,  0.0000 ,
  0.0000 ,  0.0000 ,  0.0000 ,  0.0000 ,  0.0000 ,  0.0000 ,
  0.0000 ,  0.0000 ,  0.0000 ,  0.0000 ,  0.0000 ,  0.0000 ,
  0.0000 ,  0.0000 ,  0.0000 ,  0.0000 ,  0.0000 ,  0.0000 ,
  0.0000 ,  0.0000 ,  0.0000 ,  0.0000 ,  0.0000 ,  0.0000 ,
  0.0000 ,  0.0000 ,  0.0000 ,  0.0000 ,  0.0000 ,  0.0000 ,
  0.0000 ,  0.0000 ,  0.0000 ,  0.0000 ,  0.0000 ,  0.0000 ,
  0.0000 ,  0.0000 ,  0.0000 ,  0.0000 ,  0.0000 ,  0.0000 ,
  0.0000 ,  0.0000 ,  0.0000 ,  0.0000 ,  0.0000 ,  0.0000 ,
  0.0000 ,  0.0000 ,  0.0000 ,  0.0000 ,  0.0000 ,  0.0000 ,
  0.0000 ,  0.0000 ,  0.0000 ,  0.0000 ,  0.0000 ,  0.0000 ,
  0.0000 ,  0.0000 ,  0.0000 ,  0.0000 ,  0.0000 ,  0.0000 ,
  0.0000 ,  0.0000 ,  0.0000 ,  0.0000 ,  0.0000 ,  0.0000 ,
  0.0000 ,  0.0000 ,  0.0000 ,  0.0000 ,  0.0000 ,  0.0000 ,
  0.0000 ,  0.0000 ,  0.0000 ,  0.0000 ,  0.0000 ,  0.0000 ,
  0.0000 ,  0.0000 ,  0.0000 ,  0.0000 ,  0.0000 ,  0.0000 ,
  0.0000 ,  0.0000 ,  0.0000 ,  0.0000 ,  0.0000 ,  0.0000 ,
  0.0000 ,  0.0000 ,  0.0000 ,  0.0000 ,  0.0000 ,  0.0000 ,
  0.0000 ,  0.0000 ,  0.0000 ,  0.0000 ,  0.0000 ,  0.0000 ,
  0.0000 ,  0.0000 ,  0.0000 ,  0.0000 ,  0.0000 ,  0.0000 ,
  0.0000 ,  0.0000 ,  0.0000 ,  0.0000 ,  0.0000 ,  0.0000 ,
  0.0000 ,  0.0000 ,  0.0000 ,  0.0000 ,  0.0000 ,  0.0000 ,
  0.0000 ,  0.0000 ,  0.0000 ,  0.0000 ,  0.0000 ,  0.0000 ,
  0.0000 ,  0.0000 ,  0.0000 ,  0.0000 ,  0.0000 ,  0.0000 ,
  0.0000 ,  0.0000 ,  0.0000 ,  0.0000 ,  0.0000 ,  0.0000 ,
  0.0000 ,  0.0000 ,  0.0000 ,  0.0000 ,  0.0000 ,  0.0000 ,
  0.0000 ,  0.0000 ,  0.0000 ,  0.0000 ,  0.0000 ,  0.0000 ,
  0.0000 ,  0.0000 ,  0.0000 ,  0.0000 ,  0.0000 ,  0.0000 ,
  0.0000 ,  0.0000 ,  0.0000 ,  0.0000 ,  0.0000 ,  0.0000 ,
  0.0000 ,  0.0000 ,  0.0000 ,  0.0000 ,  0.0000 ,  0.0000 ,
  0.0000 ,  0.0000 ,  0.0000 ,  0.0000 ,  0.0000 ,  0.0000 ,
  0.0000 ,  0.0000 ,  0.0000 ,  0.0000 ,  0.0000 ,  0.0000 ,
  0.0000 ,  0.0000 ,  0.0000 ,  0.0000 ,  0.0000 ,  0.0000 ,
  0.0000 ,  0.0000 ,  0.0000 ,  0.0000 ,  0.0000 ,  0.0000 ,
  0.0000 ,  0.0000 ,  0.0000 ,  0.0000 ,  0.0000 ,  0.0000 ,
  0.0000 ,  0.0000 ,  0.0000 ,  0.0000 ,  0.0000 ,  0.0000 ,
  0.0000 ,  0.0000 ,  0.0000 ,  0.0000 ,  0.0000 ,  0.0000 ,
  0.0000 ,  0.0000 ,  0.0000 ,  0.0000 ,  0.0000 ,  0.0000 ,
  0.0000 ,  0.0000 ,  0.0000 ,  0.0000 ,  0.0000 ,  0.0000 ,
  0.0000 ,  0.0000 ,  0.0000 ,  0.0000 ,  0.0000 ,  0.0000 ,
  0.0000 ,  0.0000 ,  0.0000 ,  0.0000 ,  0.0000 ,  0.0000 ,
  0.0000 ,  0.0000 ,  0.0000 ,  0.0000 ,  0.0000 ,  0.0000 ,
  0.0000 ,  0.0000 ,  0.0000 ,  0.0000 ,  0.0000 ,  0.0000 ,
  0.0000 ,  0.0000 ,  0.0000 ,  0.0000 ,  0.0000 ,  0.0000 ,
  0.0000 ,  0.0000 ,  0.0000 ,  0.0000 ,  0.0000 ,  0.0000 ,
  0.0000 ,  0.0000 ,  0.0000 ,  0.0000 ,  0.0000 ,  0.0000 ,
  0.0000 ,  0.0000 ,  0.0000 ,  0.0000 ,  0.0000 ,  0.0000 ,
  0.0000 ,  0.0000 ,  0.0000 ,  0.0000 ,  0.0000 ,  0.0000 ,
  0.0000 ,  0.0000 ,  0.0000 ,  0.0000 ,  0.0000 ,  0.0000 ,
  0.0000 ,  0.0000 ,  0.0000 ,  0.0000 ,  0.0000 ,  0.0000 ,
  0.0000 ,  0.0000 ,  0.0000 ,  0.0000 ,  0.0000 ,  0.0000 ,
  0.0000 ,  0.0000 ,  0.0000 ,  0.0000 ,  0.0000 ,  0.0000 ,
  0.0000 ,  0.0000 ,  0.0000 ,  0.0000 ,  0.0000 ,  0.0000 ,
  0.0000 ,  0.0000 ,  0.0000 ,  0.0000 ,  0.0000 ,  0.0000 ,
  0.0000 ,  0.0000 ,  0.0000 ,  0.0000 ,  0.0000 ,  0.0000 ,
  0.0000 ,  0.0000 ,  0.0000 ,  0.0000 ,  0.0000 ,  0.0000 ,
  0.0000 ,  0.0000 ,  0.0000 ,  0.0000 ,  0.0000 ,  0.0000 ,
  0.0000 ,  0.0000 ,  0.0000 ,  0.0000 ,  0.0000 ,  0.0000 ,
  0.0000 ,  0.0000 ,  0.0000 ,  0.0000 ,  0.0000 ,  0.0000 ,
  0.0000 ,  0.0000 ,  0.0000 ,  0.0000 ,  0.0000 ,  0.0000 ,
  0.0000 ,  0.0000 ,  0.0000 ,  0.0000 ,  0.0000 ,  0.0000 ,
  0.0000 ,  0.0000 ,  0.0000 ,  0.0000 ,  0.0000 ,  0.0000 ,
  0.0000 ,  0.0000 ,  0.0000 ,  0.0000 ,  0.0000 ,  0.0000 ,
  0.0000 ,  0.0000 ,  0.0000 ,  0.0000 ,  0.0000 ,  0.0000 ,
  0.0000 ,  0.0000 ,  0.0000 ,  0.0000 ,  0.0000 ,  0.0000 ,
  0.0000 ,  0.0000 ,  0.0000 ,  0.0000 ,  0.0000 ,  0.0000 ,
  0.0000 ,  0.0000 ,  0.0000 ,  0.0000 ,  0.0000 ,  0.0000 ,
  0.0000 ,  0.0000 ,  0.0000 ,  0.0000 ,  0.0000 ,  0.0000 ,
  0.0000 ,  0.0000 ,  0.0000 ,  0.0000 ,  0.0000 ,  0.0000 ,
  0.0000 ,  0.0000 ,  0.0000 ,  0.0000 ,  0.0000 ,  0.0000 ,
  0.0000 ,  0.0000 ,  0.0000 ,  0.0000 ,  0.0000 ,  0.0000 ,
  0.0000 ,  0.0000 ,  0.0000 ,  0.0000 ,  0.0000 ,  0.0000 ,
  0.0000 ,  0.0000 ,  0.0000 ,  0.0000 ,  0.0000 ,  0.0000 ,
  0.0000 ,  0.0000 ,  0.0000 ,  0.0000 ,  0.0000 ,  0.0000 ,
  0.0000 ,  0.0000 ,  0.0000 ,  0.0000 ,  0.0000 ,  0.0000 ,
  0.0000 ,  0.0000 ,  0.0000 ,  0.0000 ,  0.0000 ,  0.0000 ,
  0.0000 ,  0.0000 ,  0.0000 ,  0.0000 ,  0.0000 ,  0.0000 ,
  0.0000 ,  0.0000 ,  0.0000 ,  0.0000 ,  0.0000 ,  0.0000 ,
  0.0000 ,  0.0000 ,  0.0000 ,  0.0000 ,  0.0000 ,  0.0000 ,
  0.0000 ,  0.0000 ,  0.0000 ,  0.0000 ,  0.0000 ,  0.0000 ,
  0.0000 ,  0.0000 ,  0.0000 ,  0.0000 ,  0.0000 ,  0.0000 ,
  0.0000 ,  0.0000 ,  0.0000 ,  0.0000 ,  0.0000 ,  0.0000 ,
  0.0000 ,  0.0000 ,  0.0000 ,  0.0000 ,  0.0000 ,  0.0000 ,
  0.0000 ,  0.0000 ,  0.0000 ,  0.0000 ,  0.0000 ,  0.0000 ,
  0.0000 ,  0.0000 ,  0.0000 ,  0.0000 ,  0.0000 ,  0.0000 ,
  0.0000 ,  0.0000 ,  0.0000 ,  0.0000 ,  0.0000 ,  0.0000 ,
  0.0000 ,  0.0000 ,  0.0000 ,  0.0000 ,  0.0000 ,  0.0000 ,
  0.0000 ,  0.0000 ,  0.0000 ,  0.0000 ,  0.0000 ,  0.0000 ,
  0.0000 ,  0.0000 ,  0.0000 ,  0.0000 ,  0.0000 ,  0.0000 ,
  0.0000 ,  0.0000 ,  0.0000 ,  0.0000 ,  0.0000 ,  0.0000 ,
  0.0000 ,  0.0000 ,  0.0000 ,  0.0000 ,  0.0000 ,  0.0000 ,
  0.0000 ,  0.0000 ,  0.0000 ,  0.0000 ,  0.0000 ,  0.0000 ,
  0.0000 ,  0.0000 ,  0.0000 ,  0.0000 ,  0.0000 ,  0.0000 ,
  0.0000 ,  0.0000 ,  0.0000 ,  0.0000 ,  0.0000 ,  0.0000 ,
  0.0000 ,  0.0000 ,  0.0000 ,  0.0000 ,  0.0000 ,  0.0000 ,
  0.0000 ,  0.0000 ,  0.0000 ,  0.0000 ,  0.0000 ,  0.0000 ,
  0.0000 ,  0.0000 ,  0.0000 ,  0.0000 ,  0.0000 ,  0.0000 ,
  0.0000 ,  0.0000 ,  0.0000 ,  0.0000 ,  0.0000 ,  0.0000 ,
  0.0000 ,  0.0000 ,  0.0000 ,  0.0000 ,  0.0000 ,  0.0000 ,
  0.0000 ,  0.0000 ,  0.0000 ,  0.0000 ,  0.0000 ,  0.0000 ,
  0.0000 ,  0.0000 ,  0.0000 ,  0.0000 ,  0.0000 ,  0.0000 ,
  0.0000 ,  0.0000 ,  0.0000 ,  0.0000 ,  0.0000 ,  0.0000 ,
  0.0000 ,  0.0000 ,  0.0000 ,  0.0000 ,  0.0000 ,  0.0000 ,
  0.0000 ,  0.0000 ,  0.0000 ,  0.0000 ,  0.0000 ,  0.0000 ,
  0.0000 ,  0.0000 ,  0.0000 ,  0.0000 ,  0.0000 ,  0.0000 ,
  0.0000 ,  0.0000 ,  0.0000 ,  0.0000 ,  0.0000 ,  0.0000 ,
  0.0000 ,  0.0000 ,  0.0000 ,  0.0000 ,  0.0000 ,  0.0000 ,
  0.0000 ,  0.0000 ,  0.0000 ,  0.0000 ,  0.0000 ,  0.0000 ,
  0.0000 ,  0.0000 ,  0.0000 ,  0.0000 ,  0.0000 ,  0.0000 ,
  0.0000 ,  0.0000 ,  0.0000 ,  0.0000 ,  0.0000 ,  0.0000 ,
  0.0000 ,  0.0000 ,  0.0000 ,  0.0000 ,  0.0000 ,  0.0000 ,
  0.0000 ,  0.0000 ,  0.0000 ,  0.0000 ,  0.0000 ,  0.0000 ,
  0.0000 ,  0.0000 ,  0.0000 ,  0.0000 ,  0.0000 ,  0.0000 ,
  0.0000 ,  0.0000 ,  0.0000 ,  0.0000 ,  0.0000 ,  0.0000 ,
  0.0000 ,  0.0000 ,  0.0000 ,  0.0000 ,  0.0000 ,  0.0000 ,
  0.0000 ,  0.0000 ,  0.0000 ,  0.0000 ,  0.0000 ,  0.0000 ,
  0.0000 ,  0.0000 ,  0.0000 ,  0.0000 ,  0.0000 ,  0.0000 ,
  0.0000 ,  0.0000 ,  0.0000 ,  0.0000 ,  0.0000 ,  0.0000 ,
  0.0000 ,  0.0000 ,  0.0000 ,  0.0000 ,  0.0000 ,  0.0000 ,
  0.0000 ,  0.0000 ,  0.0000 ,  0.0000 ,  0.0000 ,  0.0000 ,
  0.0000 ,  0.0000 ,  0.0000 ,  0.0000 ,  0.0000 ,  0.0000 ,
  0.0000 ,  0.0000 ,  0.0000 ,  0.0000 ,  0.0000 ,  0.0000 ,
  0.0000 ,  0.0000 ,  0.0000 ,  0.0000 ,  0.0000 ,  0.0000 ,
  0.0000 ,  0.0000 ,  0.0000 ,  0.0000 ,  0.0000 ,  0.0000 ,
  0.0000 ,  0.0000 ,  0.0000 ,  0.0000 ,  0.0000 ,  0.0000 ,
  0.0000 ,  0.0000 ,  0.0000 ,  0.0000 ,  0.0000 ,  0.0000 ,
  0.0000 ,  0.0000 ,  0.0000 ,  0.0000 ,  0.0000 ,  0.0000 ,
  0.0000 ,  0.0000 ,  0.0000 ,  0.0000 ,  0.0000 ,  0.0000 ,
  0.0000 ,  0.0000 ,  0.0000 ,  0.0000 ,  0.0000 ,  0.0000 ,
  0.0000 ,  0.0000 ,  0.0000 ,  0.0000 ,  0.0000 ,  0.0000 ,
  0.0000 ,  0.0000 ,  0.0000 ,  0.0000 ,  0.0000 ,  0.0000 ,
  0.0000 ,  0.0000 ,  0.0000 ,  0.0000 ,  0.0000 ,  0.0000 ,
  0.0000 ,  0.0000 ,  0.0000 ,  0.0000 ,  0.0000 ,  0.0000 ,
  0.0000 ,  0.0000 ,  0.0000 ,  0.0000 ,  0.0000 ,  0.0000 ,
  0.0000 ,  0.0000 ,  0.0000 ,  0.0000 ,  0.0000 ,  0.0000 ,
  0.0000 ,  0.0000 ,  0.0000 ,  0.0000 ,  0.0000 ,  0.0000 ,
  0.0000 ,  0.0000 ,  0.0000 ,  0.0000 ,  0.0000 ,  0.0000 ,
  0.0000 ,  0.0000 ,  0.0000 ,  0.0000 ,  0.0000 ,  0.0000 ,
  0.0000 ,  0.0000 ,  0.0000 ,  0.0000 ,  0.0000 ,  0.0000 ,
  0.0000 ,  0.0000 ,  0.0000 ,  0.0000 ,  0.0000 ,  0.0000 ,
  0.0000 ,  0.0000 ,  0.0000 ,  0.0000 ,  0.0000 ,  0.0000 ,
  0.0000 ,  0.0000 ,  0.0000 ,  0.0000 ,  0.0000 ,  0.0000 ,
  0.0000 ,  0.0000 ,  0.0000 ,  0.0000 ,  0.0000 ,  0.0000 ,
  0.0000 ,  0.0000 ,  0.0000 ,  0.0000 ,  0.0000 ,  0.0000 ,
  0.0000 ,  0.0000 ,  0.0000 ,  0.0000 ,  0.0000 ,  0.0000 ,
  0.0000 ,  0.0000 ,  0.0000 ,  0.0000 ,  0.0000 ,  0.0000 ,
  0.0000 ,  0.0000 ,  0.0000 ,  0.0000 ,  0.0000 ,  0.0000 ,
  0.0000 ,  0.0000 ,  0.0000 ,  0.0000 ,  0.0000 ,  0.0000 ,
  0.0000 ,  0.0000 ,  0.0000 ,  0.0000 ,  0.0000 ,  0.0000 ,
  0.0000 ,  0.0000 ,  0.0000 ,  0.0000 ,  0.0000 ,  0.0000 ,
  0.0000 ,  0.0000 ,  0.0000 ,  0.0000 ,  0.0000 ,  0.0000 ,
