"Time";"Angle 1.o/0/X";"Angle 1.o/0/Y";"Angle 1.a/0/X";"Angle 1.a/0/Y";"Angle 1.b/0/X";"Angle 1.b/0/Y";"Angle 1/o/X";"Angle 1/o/Y";"Angle 1/a/X";"Angle 1/a/Y";"Angle 1/b/X";"Angle 1/b/Y"
"8.341666";"-10.35223";"64.60057";"16.11276";"-0.8280487";"11.36077";"45.58188";"-10.35223";"64.60057";"16.11276";"-0.8280487";"11.36077";"45.58188"
"16.68333";"-10.37203";"64.52558";"17.31019";"-0.8437119";"11.29914";"45.53901";"-10.37203";"64.52558";"17.31019";"-0.8437119";"11.29914";"45.53901"
"25.025";"-10.33342";"64.53646";"16.10163";"-0.7598305";"11.31436";"45.52005";"-10.33342";"64.53646";"16.10163";"-0.7598305";"11.31436";"45.52005"
"33.36666";"-10.29334";"64.53653";"15.91167";"-0.8020096";"11.34519";"45.51693";"-10.29334";"64.53653";"15.91167";"-0.8020096";"11.34519";"45.51693"
"41.70833";"-10.24711";"64.55528";"16.07398";"-0.7880287";"11.35789";"45.51644";"-10.24711";"64.55528";"16.07398";"-0.7880287";"11.35789";"45.51644"
"50.05";"-10.21469";"64.59077";"17.50097";"-0.6540298";"11.3934";"45.51592";"-10.21469";"64.59077";"17.50097";"-0.6540298";"11.3934";"45.51592"
"58.39167";"-10.18522";"64.60493";"17.15618";"-0.6813698";"11.41124";"45.50623";"-10.18522";"64.60493";"17.15618";"-0.6813698";"11.41124";"45.50623"
"66.73333";"-10.16866";"64.63093";"16.78986";"-0.6608467";"11.44403";"45.50846";"-10.16866";"64.63093";"16.78986";"-0.6608467";"11.44403";"45.50846"
"75.075";"-10.12016";"64.64093";"16.96533";"-0.7945709";"11.45588";"45.51179";"-10.12016";"64.64093";"16.96533";"-0.7945709";"11.45588";"45.51179"
"83.41666";"-10.0861";"64.65364";"16.42193";"-0.8039436";"11.4884";"45.51414";"-10.0861";"64.65364";"16.42193";"-0.8039436";"11.4884";"45.51414"
"91.75833";"-10.0533";"64.66284";"16.37373";"-0.7952042";"11.50261";"45.5208";"-10.0533";"64.66284";"16.37373";"-0.7952042";"11.50261";"45.5208"
"100.1";"-10.01346";"64.67597";"17.25653";"-0.82621";"11.53262";"45.51672";"-10.01346";"64.67597";"17.25653";"-0.82621";"11.53262";"45.51672"
"108.4417";"-9.972813";"64.68662";"17.22435";"-0.806427";"11.56215";"45.51197";"-9.972813";"64.68662";"17.22435";"-0.806427";"11.56215";"45.51197"
"116.7833";"-9.92876";"64.70675";"17.3109";"-0.7244911";"11.5882";"45.51007";"-9.92876";"64.70675";"17.3109";"-0.7244911";"11.5882";"45.51007"
"125.125";"-9.880468";"64.70408";"17.2849";"-0.7996445";"11.61675";"45.50681";"-9.880468";"64.70408";"17.2849";"-0.7996445";"11.61675";"45.50681"
"133.4667";"-9.837262";"64.74147";"17.26016";"-0.6212006";"11.64876";"45.51248";"-9.837262";"64.74147";"17.26016";"-0.6212006";"11.64876";"45.51248"
"141.8083";"-9.798856";"64.75723";"17.26561";"-0.6640587";"11.67405";"45.51285";"-9.798856";"64.75723";"17.26561";"-0.6640587";"11.67405";"45.51285"
"150.15";"-9.760426";"64.79913";"17.02526";"-0.754734";"11.69813";"45.52045";"-9.760426";"64.79913";"17.02526";"-0.754734";"11.69813";"45.52045"
"158.4917";"-9.705484";"64.78888";"14.82397";"-0.7435112";"11.72488";"45.5195";"-9.705484";"64.78888";"14.82397";"-0.7435112";"11.72488";"45.5195"
"166.8333";"-9.677357";"64.8178";"14.59186";"-0.8047791";"11.74688";"45.5239";"-9.677357";"64.8178";"14.59186";"-0.8047791";"11.74688";"45.5239"
"175.175";"-9.632659";"64.8285";"14.45234";"-0.8130302";"11.79525";"45.5129";"-9.632659";"64.8285";"14.45234";"-0.8130302";"11.79525";"45.5129"
"183.5167";"-9.608723";"64.83762";"14.43593";"-0.8255768";"11.85637";"45.51416";"-9.608723";"64.83762";"14.43593";"-0.8255768";"11.85637";"45.51416"
"191.8583";"-9.568716";"64.84842";"14.16914";"-0.8078575";"11.92054";"45.51688";"-9.568716";"64.84842";"14.16914";"-0.8078575";"11.92054";"45.51688"
"200.2";"-9.527516";"64.84141";"16.13347";"-0.8302078";"11.94196";"45.52408";"-9.527516";"64.84141";"16.13347";"-0.8302078";"11.94196";"45.52408"
"208.5417";"-9.488788";"64.8505";"17.62092";"-0.7928772";"11.97542";"45.51981";"-9.488788";"64.8505";"17.62092";"-0.7928772";"11.97542";"45.51981"
"216.8833";"-9.450847";"64.86726";"15.8472";"-0.7548027";"11.99952";"45.51204";"-9.450847";"64.86726";"15.8472";"-0.7548027";"11.99952";"45.51204"
"225.225";"-9.414147";"64.8754";"16.77986";"-0.7572403";"12.03132";"45.523";"-9.414147";"64.8754";"16.77986";"-0.7572403";"12.03132";"45.523"
"233.5667";"-9.391679";"64.88815";"18.41025";"-0.7218895";"12.05385";"45.5246";"-9.391679";"64.88815";"18.41025";"-0.7218895";"12.05385";"45.5246"
"241.9083";"-9.345382";"64.89533";"18.70727";"-0.8002052";"12.08927";"45.52293";"-9.345382";"64.89533";"18.70727";"-0.8002052";"12.08927";"45.52293"
"250.25";"-9.326662";"64.88387";"18.33786";"-0.683197";"12.10652";"45.52958";"-9.326662";"64.88387";"18.33786";"-0.683197";"12.10652";"45.52958"
"258.5917";"-9.279158";"64.89759";"19.00928";"-0.7906303";"12.12901";"45.52635";"-9.279158";"64.89759";"19.00928";"-0.7906303";"12.12901";"45.52635"
"266.9333";"-9.250648";"64.91975";"17.67054";"-0.5135956";"12.15754";"45.53555";"-9.250648";"64.91975";"17.67054";"-0.5135956";"12.15754";"45.53555"
"275.275";"-9.215513";"64.93682";"19.1168";"-0.4555168";"12.20109";"45.52784";"-9.215513";"64.93682";"19.1168";"-0.4555168";"12.20109";"45.52784"
"283.6167";"-9.177788";"64.95653";"17.53807";"-0.3733177";"12.22076";"45.53492";"-9.177788";"64.95653";"17.53807";"-0.3733177";"12.22076";"45.53492"
"291.9583";"-9.136301";"64.94378";"17.24117";"-0.4512291";"12.25534";"45.53976";"-9.136301";"64.94378";"17.24117";"-0.4512291";"12.25534";"45.53976"
"300.3";"-9.110407";"64.95779";"17.30979";"-0.4558029";"12.28245";"45.54174";"-9.110407";"64.95779";"17.30979";"-0.4558029";"12.28245";"45.54174"
"308.6417";"-9.058677";"64.98276";"17.30198";"-0.458416";"12.31068";"45.5524";"-9.058677";"64.98276";"17.30198";"-0.458416";"12.31068";"45.5524"
"316.9833";"-9.02834";"64.99918";"17.44145";"-0.4653893";"12.337";"45.5504";"-9.02834";"64.99918";"17.44145";"-0.4653893";"12.337";"45.5504"
"325.325";"-9.006732";"65.01279";"17.43242";"-0.4747391";"12.37319";"45.55651";"-9.006732";"65.01279";"17.43242";"-0.4747391";"12.37319";"45.55651"
"333.6667";"-8.962893";"65.03108";"17.47069";"-0.4845734";"12.40998";"45.54795";"-8.962893";"65.03108";"17.47069";"-0.4845734";"12.40998";"45.54795"
"342.0083";"-8.918793";"65.02127";"17.52649";"-0.4793587";"12.44104";"45.55496";"-8.918793";"65.02127";"17.52649";"-0.4793587";"12.44104";"45.55496"
"350.35";"-8.887859";"65.0322";"17.41141";"-0.4697113";"12.47841";"45.56116";"-8.887859";"65.0322";"17.41141";"-0.4697113";"12.47841";"45.56116"
"358.6917";"-8.846612";"65.04226";"17.72299";"-0.5193977";"12.50657";"45.56364";"-8.846612";"65.04226";"17.72299";"-0.5193977";"12.50657";"45.56364"
"367.0333";"-8.811166";"65.05276";"17.52832";"-0.4910316";"12.5315";"45.56771";"-8.811166";"65.05276";"17.52832";"-0.4910316";"12.5315";"45.56771"
"375.375";"-8.770085";"65.06161";"16.46883";"-0.4270325";"12.5759";"45.5564";"-8.770085";"65.06161";"16.46883";"-0.4270325";"12.5759";"45.5564"
"383.7167";"-8.737899";"65.06804";"15.23171";"-0.4890518";"12.60303";"45.55675";"-8.737899";"65.06804";"15.23171";"-0.4890518";"12.60303";"45.55675"
"392.0583";"-8.696807";"65.07303";"17.673";"-0.4589081";"12.62795";"45.56551";"-8.696807";"65.07303";"17.673";"-0.4589081";"12.62795";"45.56551"
"400.4";"-8.660311";"65.08176";"14.81997";"-0.4273529";"12.65771";"45.56886";"-8.660311";"65.08176";"14.81997";"-0.4273529";"12.65771";"45.56886"
"408.7417";"-8.638749";"65.09061";"14.81875";"-0.4372749";"12.68329";"45.56675";"-8.638749";"65.09061";"14.81875";"-0.4372749";"12.68329";"45.56675"
"417.0833";"-8.601441";"65.1006";"14.84388";"-0.396553";"12.70697";"45.57047";"-8.601441";"65.1006";"14.84388";"-0.396553";"12.70697";"45.57047"
"425.425";"-8.556874";"65.10558";"15.95687";"-0.4032593";"12.72989";"45.5659";"-8.556874";"65.10558";"15.95687";"-0.4032593";"12.72989";"45.5659"
"433.7667";"-8.533642";"65.09605";"15.48065";"-0.4267578";"12.75606";"45.57243";"-8.533642";"65.09605";"15.48065";"-0.4267578";"12.75606";"45.57243"
"442.1083";"-8.484825";"65.11174";"15.07377";"-0.4477921";"12.78855";"45.55142";"-8.484825";"65.11174";"15.07377";"-0.4477921";"12.78855";"45.55142"
"450.45";"-8.45277";"65.11954";"14.91835";"-0.4120369";"12.8177";"45.56402";"-8.45277";"65.11954";"14.91835";"-0.4120369";"12.8177";"45.56402"
"458.7917";"-8.439387";"65.12906";"14.78104";"-0.3906059";"12.85137";"45.56408";"-8.439387";"65.12906";"14.78104";"-0.3906059";"12.85137";"45.56408"
"467.1333";"-8.391227";"65.16748";"15.2058";"-0.424427";"12.87199";"45.57307";"-8.391227";"65.16748";"15.2058";"-0.424427";"12.87199";"45.57307"
"475.475";"-8.341778";"65.14665";"17.06308";"-0.4773636";"12.90526";"45.57294";"-8.341778";"65.14665";"17.06308";"-0.4773636";"12.90526";"45.57294"
"483.8167";"-8.299969";"65.16425";"15.15859";"-0.4524612";"12.90512";"45.94783";"-8.299969";"65.16425";"15.15859";"-0.4524612";"12.90512";"45.94783"
"492.1583";"-8.273429";"65.18032";"16.85208";"-0.3982582";"12.88151";"45.93048";"-8.273429";"65.18032";"16.85208";"-0.3982582";"12.88151";"45.93048"
"500.5";"-8.231716";"65.18655";"15.33958";"-0.453022";"12.91174";"45.93256";"-8.231716";"65.18655";"15.33958";"-0.453022";"12.91174";"45.93256"
"508.8417";"-8.189023";"65.19353";"18.14519";"-0.4273529";"12.94814";"45.94214";"-8.189023";"65.19353";"18.14519";"-0.4273529";"12.94814";"45.94214"
"517.1833";"-8.176834";"65.21954";"17.41607";"-0.4494858";"12.97127";"45.92841";"-8.176834";"65.21954";"17.41607";"-0.4494858";"12.97127";"45.92841"
"525.525";"-8.129737";"65.21025";"18.15026";"-0.4285812";"13.02028";"45.93496";"-8.129737";"65.21025";"18.15026";"-0.4285812";"13.02028";"45.93496"
"533.8666";"-8.088811";"65.21761";"17.50107";"-0.4361877";"13.05187";"45.94217";"-8.088811";"65.21761";"17.50107";"-0.4361877";"13.05187";"45.94217"
"542.2083";"-8.046262";"65.2303";"17.30819";"-0.4598732";"13.06175";"45.94149";"-8.046262";"65.2303";"17.30819";"-0.4598732";"13.06175";"45.94149"
"550.55";"-8.019591";"65.24213";"14.79917";"-0.4687195";"13.10223";"45.94506";"-8.019591";"65.24213";"14.79917";"-0.4687195";"13.10223";"45.94506"
"558.8917";"-7.975609";"65.25146";"16.2743";"-0.4661179";"13.1477";"45.94722";"-7.975609";"65.25146";"16.2743";"-0.4661179";"13.1477";"45.94722"
"567.2333";"-7.933717";"65.25385";"17.93316";"-0.412262";"13.16574";"45.93949";"-7.933717";"65.25385";"17.93316";"-0.412262";"13.16574";"45.93949"
"575.575";"-7.901089";"65.26221";"18.32282";"-0.4111748";"13.20516";"45.9404";"-7.901089";"65.26221";"18.32282";"-0.4111748";"13.20516";"45.9404"
"583.9167";"-7.875039";"65.26524";"21.07922";"-0.4273529";"13.22113";"45.94307";"-7.875039";"65.26524";"21.07922";"-0.4273529";"13.22113";"45.94307"
"592.2584";"-7.837015";"65.27489";"21.08082";"-0.4428024";"13.25884";"45.9439";"-7.837015";"65.27489";"21.08082";"-0.4428024";"13.25884";"45.9439"
"600.6";"-7.803802";"65.28879";"20.88362";"-0.4629173";"13.28209";"45.94775";"-7.803802";"65.28879";"20.88362";"-0.4629173";"13.28209";"45.94775"
"608.9417";"-7.759342";"65.27425";"18.50186";"-0.425621";"13.32017";"45.95612";"-7.759342";"65.27425";"18.50186";"-0.425621";"13.32017";"45.95612"
"617.2833";"-7.723694";"65.28976";"20.51797";"-0.4735794";"13.3344";"45.95255";"-7.723694";"65.28976";"20.51797";"-0.4735794";"13.3344";"45.95255"
"625.625";"-7.685992";"65.30064";"18.35344";"-0.4194489";"13.37892";"45.94328";"-7.685992";"65.30064";"18.35344";"-0.4194489";"13.37892";"45.94328"
"633.9667";"-7.669111";"65.30267";"18.93306";"-0.4281769";"13.39902";"45.94578";"-7.669111";"65.30267";"18.93306";"-0.4281769";"13.39902";"45.94578"
"642.3083";"-7.626621";"65.31377";"18.79435";"-0.4328918";"13.44159";"45.94974";"-7.626621";"65.31377";"18.79435";"-0.4328918";"13.44159";"45.94974"
"650.65";"-7.593766";"65.32767";"19.91512";"-0.4390182";"13.45531";"45.95178";"-7.593766";"65.32767";"19.91512";"-0.4390182";"13.45531";"45.95178"
"658.9916";"-7.545272";"65.31979";"19.74733";"-0.4479828";"13.49699";"45.95341";"-7.545272";"65.31979";"19.74733";"-0.4479828";"13.49699";"45.95341"
"667.3333";"-7.505672";"65.32469";"17.94165";"-0.4646378";"13.5129";"45.95673";"-7.505672";"65.32469";"17.94165";"-0.4646378";"13.5129";"45.95673"
"675.675";"-7.4806";"65.33543";"18.56913";"-0.4581184";"13.56433";"45.94584";"-7.4806";"65.33543";"18.56913";"-0.4581184";"13.56433";"45.94584"
"684.0167";"-7.444737";"65.34575";"18.65237";"-0.4433136";"13.57972";"45.9516";"-7.444737";"65.34575";"18.65237";"-0.4433136";"13.57972";"45.9516"
"692.3583";"-7.400839";"65.35728";"19.68264";"-0.4825821";"13.62541";"45.95395";"-7.400839";"65.35728";"19.68264";"-0.4825821";"13.62541";"45.95395"
"700.7";"-7.356201";"65.3653";"17.75138";"-0.4195709";"13.66257";"45.95805";"-7.356201";"65.3653";"17.75138";"-0.4195709";"13.66257";"45.95805"
"709.0417";"-7.312816";"65.3795";"17.57293";"-0.414196";"13.67952";"45.95908";"-7.312816";"65.3795";"17.57293";"-0.414196";"13.67952";"45.95908"
"717.3834";"-7.275508";"65.3904";"17.96995";"-0.4752502";"13.71305";"45.96508";"-7.275508";"65.3904";"17.96995";"-0.4752502";"13.71305";"45.96508"
"725.725";"-7.256741";"65.40459";"18.42493";"-0.4173851";"13.7526";"45.95843";"-7.256741";"65.40459";"18.42493";"-0.4173851";"13.7526";"45.95843"
"734.0667";"-7.240193";"65.41039";"18.00155";"-0.4467163";"13.76797";"45.95963";"-7.240193";"65.41039";"18.00155";"-0.4467163";"13.76797";"45.95963"
"742.4083";"-7.18259";"65.40546";"16.13966";"-0.4462051";"13.81319";"45.96469";"-7.18259";"65.40546";"16.13966";"-0.4462051";"13.81319";"45.96469"
"750.75";"-7.146237";"65.42108";"15.12869";"-0.4903755";"13.84681";"45.96228";"-7.146237";"65.42108";"15.12869";"-0.4903755";"13.84681";"45.96228"
"759.0917";"-7.107031";"65.42703";"16.69831";"-0.4265633";"13.85471";"45.96457";"-7.107031";"65.42703";"16.69831";"-0.4265633";"13.85471";"45.96457"
"767.4333";"-7.083595";"65.4353";"17.75515";"-0.4515762";"13.89085";"45.96445";"-7.083595";"65.4353";"17.75515";"-0.4515762";"13.89085";"45.96445"
"775.775";"-7.051075";"65.44415";"17.68103";"-0.5047874";"13.9075";"45.96708";"-7.051075";"65.44415";"17.68103";"-0.5047874";"13.9075";"45.96708"
"784.1166";"-7.024917";"65.44773";"18.24274";"-0.4671211";"13.94745";"45.96193";"-7.024917";"65.44773";"18.24274";"-0.4671211";"13.94745";"45.96193"
"792.4583";"-6.976829";"65.43649";"18.42411";"-0.4787483";"13.98771";"45.9669";"-6.976829";"65.43649";"18.42411";"-0.4787483";"13.98771";"45.9669"
"800.8";"-6.956581";"65.44566";"18.32747";"-0.4758492";"14.00147";"45.96575";"-6.956581";"65.44566";"18.32747";"-0.4758492";"14.00147";"45.96575"
"809.1417";"-6.915226";"65.45248";"18.31574";"-0.470665";"14.0386";"45.97073";"-6.915226";"65.45248";"18.31574";"-0.470665";"14.0386";"45.97073"
"817.4833";"-6.880425";"65.46052";"18.69374";"-0.4815407";"14.05429";"45.9689";"-6.880425";"65.46052";"18.69374";"-0.4815407";"14.05429";"45.9689"
"825.825";"-6.868725";"65.46599";"17.5858";"-0.4146385";"14.09506";"45.97308";"-6.868725";"65.46599";"17.5858";"-0.4146385";"14.09506";"45.97308"
"834.1667";"-6.830402";"65.47517";"17.61053";"-0.5848122";"14.10697";"45.97436";"-6.830402";"65.47517";"17.61053";"-0.5848122";"14.10697";"45.97436"
"842.5084";"-6.785429";"65.46665";"17.55535";"-0.6260948";"14.15612";"45.97379";"-6.785429";"65.46665";"17.55535";"-0.6260948";"14.15612";"45.97379"
"850.85";"-6.748193";"65.47665";"17.74557";"-0.5367699";"14.17712";"45.97524";"-6.748193";"65.47665";"17.74557";"-0.5367699";"14.17712";"45.97524"
"859.1917";"-6.709453";"65.48358";"17.15089";"-0.5358849";"14.21943";"45.97918";"-6.709453";"65.48358";"17.15089";"-0.5358849";"14.21943";"45.97918"
"867.5333";"-6.682734";"65.4914";"16.96381";"-0.5571861";"14.23503";"45.9819";"-6.682734";"65.4914";"16.96381";"-0.5571861";"14.23503";"45.9819"
"875.875";"-6.640937";"65.49829";"16.96482";"-0.5700417";"14.27055";"45.98301";"-6.640937";"65.49829";"16.96482";"-0.5700417";"14.27055";"45.98301"
"884.2167";"-6.597898";"65.48764";"17.04786";"-0.556015";"14.31815";"45.98915";"-6.597898";"65.48764";"17.04786";"-0.556015";"14.31815";"45.98915"
"892.5583";"-6.55523";"65.49793";"17.47246";"-0.5645981";"14.3326";"45.97892";"-6.55523";"65.49793";"17.47246";"-0.5645981";"14.3326";"45.97892"
"900.9";"-6.524488";"65.50928";"17.6066";"-0.5512886";"14.38003";"45.98442";"-6.524488";"65.50928";"17.6066";"-0.5512886";"14.38003";"45.98442"
"909.2416";"-6.484315";"65.52047";"17.96186";"-0.5786285";"14.41644";"45.98531";"-6.484315";"65.52047";"17.96186";"-0.5786285";"14.41644";"45.98531"
"917.5833";"-6.453358";"65.527";"17.75288";"-0.6034813";"14.43522";"45.99023";"-6.453358";"65.527";"17.75288";"-0.6034813";"14.43522";"45.99023"
"925.925";"-6.415668";"65.53314";"17.79311";"-0.5986595";"14.47498";"45.99297";"-6.415668";"65.53314";"17.79311";"-0.5986595";"14.47498";"45.99297"
"934.2667";"-6.388998";"65.52711";"15.1743";"-0.4542618";"14.50352";"45.99688";"-6.388998";"65.52711";"15.1743";"-0.4542618";"14.50352";"45.99688"
"942.6083";"-6.34141";"65.53485";"14.70706";"-0.4773636";"14.5433";"45.98864";"-6.34141";"65.53485";"14.70706";"-0.4773636";"14.5433";"45.98864"
"950.95";"-6.304496";"65.54564";"15.00343";"-0.4272461";"14.5585";"45.98943";"-6.304496";"65.54564";"15.00343";"-0.4272461";"14.5585";"45.98943"
"959.2917";"-6.279246";"65.55769";"15.0913";"-0.3440704";"14.59904";"45.99335";"-6.279246";"65.55769";"15.0913";"-0.3440704";"14.59904";"45.99335"
"967.6334";"-6.244493";"65.57671";"14.80206";"-0.47118";"14.61998";"46.00045";"-6.244493";"65.57671";"14.80206";"-0.47118";"14.61998";"46.00045"
"975.975";"-6.201622";"65.56086";"14.89153";"-0.4719315";"14.64837";"45.99972";"-6.201622";"65.56086";"14.89153";"-0.4719315";"14.64837";"45.99972"
"984.3167";"-6.175667";"65.5789";"14.88058";"-0.4566727";"14.669";"46.00146";"-6.175667";"65.5789";"14.88058";"-0.4566727";"14.669";"46.00146"
"992.6583";"-6.151181";"65.58954";"14.99145";"-0.451088";"14.70895";"46.00628";"-6.151181";"65.58954";"14.99145";"-0.451088";"14.70895";"46.00628"
"1001";"-6.122493";"65.60954";"16.78577";"-0.4384308";"14.73192";"45.99023";"-6.122493";"65.60954";"16.78577";"-0.4384308";"14.73192";"45.99023"
"1009.342";"-6.086104";"65.61491";"15.11416";"-0.4253235";"14.74966";"45.99152";"-6.086104";"65.61491";"15.11416";"-0.4253235";"14.74966";"45.99152"
"1017.683";"-6.059982";"65.6223";"16.88379";"-0.4366035";"14.79042";"45.9919";"-6.059982";"65.6223";"16.88379";"-0.4366035";"14.79042";"45.9919"
"1026.025";"-6.015069";"65.63448";"17.96738";"-0.4176712";"14.818";"45.99689";"-6.015069";"65.63448";"17.96738";"-0.4176712";"14.818";"45.99689"
"1034.367";"-5.98656";"65.62154";"15.55021";"-0.3991165";"14.84512";"46.00153";"-5.98656";"65.62154";"15.55021";"-0.3991165";"14.84512";"46.00153"
"1042.708";"-5.939964";"65.63277";"15.05757";"-0.4610901";"14.88217";"46.0048";"-5.939964";"65.63277";"15.05757";"-0.4610901";"14.88217";"46.0048"
"1051.05";"-5.901927";"65.63924";"16.85505";"-0.4221954";"14.9025";"46.00806";"-5.901927";"65.63924";"16.85505";"-0.4221954";"14.9025";"46.00806"
"1059.392";"-5.864166";"65.6499";"14.78322";"-0.4295273";"14.95093";"45.9992";"-5.864166";"65.6499";"14.78322";"-0.4295273";"14.95093";"45.9992"
"1067.733";"-5.827682";"65.66975";"17.01273";"-0.4241905";"14.97947";"46.0022";"-5.827682";"65.66975";"17.01273";"-0.4241905";"14.97947";"46.0022"
"1076.075";"-5.787998";"65.65843";"17.00178";"-0.419651";"15.00722";"46.01145";"-5.787998";"65.65843";"17.00178";"-0.419651";"15.00722";"46.01145"
"1084.417";"-5.756958";"65.66746";"18.53607";"-0.403904";"15.04238";"46.01324";"-5.756958";"65.66746";"18.53607";"-0.403904";"15.04238";"46.01324"
"1092.758";"-5.718181";"65.67319";"20.00186";"-0.4198685";"15.05796";"46.0234";"-5.718181";"65.67319";"20.00186";"-0.4198685";"15.05796";"46.0234"
"1101.1";"-5.680288";"65.68267";"17.12183";"-0.4024239";"15.10303";"46.01791";"-5.680288";"65.68267";"17.12183";"-0.4024239";"15.10303";"46.01791"
"1109.442";"-5.641762";"65.68974";"14.69581";"-0.4696503";"15.13756";"46.01239";"-5.641762";"65.68974";"14.69581";"-0.4696503";"15.13756";"46.01239"
"1117.783";"-5.616596";"65.67613";"15.09927";"-0.4758492";"15.16361";"46.00757";"-5.616596";"65.67613";"15.09927";"-0.4758492";"15.16361";"46.00757"
"1126.125";"-5.572292";"65.68381";"14.16022";"-0.4530334";"15.20337";"46.01489";"-5.572292";"65.68381";"14.16022";"-0.4530334";"15.20337";"46.01489"
"1134.467";"-5.527725";"65.6973";"15.57607";"-0.394989";"15.231";"46.0214";"-5.527725";"65.6973";"15.57607";"-0.394989";"15.231";"46.0214"
"1142.808";"-5.49998";"65.70383";"15.64363";"-0.4387169";"15.25872";"46.02599";"-5.49998";"65.70383";"15.64363";"-0.4387169";"15.25872";"46.02599"
"1151.15";"-5.470802";"65.70926";"16.43052";"-0.4798813";"15.28431";"46.0263";"-5.470802";"65.70926";"16.43052";"-0.4798813";"15.28431";"46.0263"
"1159.492";"-5.4222";"65.69783";"13.63264";"-0.4033203";"15.32394";"46.01982";"-5.4222";"65.69783";"13.63264";"-0.4033203";"15.32394";"46.01982"
"1167.833";"-5.400663";"65.71713";"14.96921";"-0.4070206";"15.34381";"46.01923";"-5.400663";"65.71713";"14.96921";"-0.4070206";"15.34381";"46.01923"
"1176.175";"-5.353434";"65.72493";"17.39335";"-0.4412155";"15.38432";"46.0261";"-5.353434";"65.72493";"17.39335";"-0.4412155";"15.38432";"46.0261"
"1184.517";"-5.3172";"65.73203";"18.11854";"-0.4632301";"15.39301";"46.03147";"-5.3172";"65.73203";"18.11854";"-0.4632301";"15.39301";"46.03147"
"1192.858";"-5.300618";"65.73562";"17.59961";"-0.3928871";"15.43477";"46.03449";"-5.300618";"65.73562";"17.59961";"-0.3928871";"15.43477";"46.03449"
"1201.2";"-5.262605";"65.75473";"18.16006";"-0.4233665";"15.46316";"46.03613";"-5.262605";"65.75473";"18.16006";"-0.4233665";"15.46316";"46.03613"
"1209.542";"-5.217884";"65.74765";"15.21117";"-0.4273529";"15.48573";"46.04271";"-5.217884";"65.74765";"15.21117";"-0.4273529";"15.48573";"46.04271"
"1217.883";"-5.175131";"65.75458";"14.77343";"-0.4590034";"15.51929";"46.03347";"-5.175131";"65.75458";"14.77343";"-0.4590034";"15.51929";"46.03347"
"1226.225";"-5.156424";"65.78722";"14.82776";"-0.4227562";"15.53616";"46.03041";"-5.156424";"65.78722";"14.82776";"-0.4227562";"15.53616";"46.03041"
"1234.567";"-5.116251";"65.79443";"14.54739";"-0.4208603";"15.57773";"46.03662";"-5.116251";"65.79443";"14.54739";"-0.4208603";"15.57773";"46.03662"
"1242.908";"-5.096408";"65.79965";"15.03923";"-0.4442596";"15.61736";"46.04145";"-5.096408";"65.79965";"15.03923";"-0.4442596";"15.61736";"46.04145"
"1251.25";"-5.054217";"65.80577";"14.99084";"-0.4139595";"15.64212";"46.04118";"-5.054217";"65.80577";"14.99084";"-0.4139595";"15.64212";"46.04118"
"1259.592";"-5.008063";"65.80404";"14.26876";"-0.4220161";"15.66928";"46.04836";"-5.008063";"65.80404";"14.26876";"-0.4220161";"15.66928";"46.04836"
"1267.933";"-4.972976";"65.81409";"16.62045";"-0.3747292";"15.70481";"46.03909";"-4.972976";"65.81409";"16.62045";"-0.3747292";"15.70481";"46.03909"
"1276.275";"-4.934569";"65.82628";"18.0294";"-0.4310532";"15.7311";"46.04047";"-4.934569";"65.82628";"18.0294";"-0.4310532";"15.7311";"46.04047"
"1284.617";"-4.898837";"65.83683";"17.40479";"-0.4771614";"15.76046";"46.04525";"-4.898837";"65.83683";"17.40479";"-0.4771614";"15.76046";"46.04525"
"1292.958";"-4.88389";"65.84195";"16.31782";"-0.412693";"15.80556";"46.05059";"-4.88389";"65.84195";"16.31782";"-0.412693";"15.80556";"46.05059"
"1301.3";"-4.833091";"65.83349";"17.52046";"-0.3820839";"15.82203";"46.05925";"-4.833091";"65.83349";"17.52046";"-0.3820839";"15.82203";"46.05925"
"1309.642";"-4.787832";"65.84519";"17.43325";"-0.4190445";"15.86154";"46.05856";"-4.787832";"65.84519";"17.43325";"-0.4190445";"15.86154";"46.05856"
"1317.983";"-4.751861";"65.85333";"16.76427";"-0.4544525";"15.87836";"46.06203";"-4.751861";"65.85333";"16.76427";"-0.4544525";"15.87836";"46.06203"
"1326.325";"-4.718612";"65.86306";"14.58443";"-0.4009552";"15.9233";"46.05367";"-4.718612";"65.86306";"14.58443";"-0.4009552";"15.9233";"46.05367"
"1334.667";"-4.696896";"65.8709";"17.36279";"-0.4273529";"15.94164";"46.05857";"-4.696896";"65.8709";"17.36279";"-0.4273529";"15.94164";"46.05857"
"1343.008";"-4.652007";"65.87656";"15.54494";"-0.429348";"15.98423";"46.05971";"-4.652007";"65.87656";"15.54494";"-0.429348";"15.98423";"46.05971"
"1351.35";"-4.613338";"65.86975";"15.04616";"-0.4261932";"16.01422";"46.06515";"-4.613338";"65.86975";"15.04616";"-0.4261932";"16.01422";"46.06515"
"1359.692";"-4.577379";"65.88138";"15.30796";"-0.4370003";"16.02206";"46.06701";"-4.577379";"65.88138";"15.30796";"-0.4370003";"16.02206";"46.06701"
"1368.033";"-4.54487";"65.88229";"15.24564";"-0.4287033";"16.06209";"46.06787";"-4.54487";"65.88229";"15.24564";"-0.4287033";"16.06209";"46.06787"
"1376.375";"-4.509532";"65.89458";"14.46351";"-0.4193192";"16.09177";"46.05695";"-4.509532";"65.89458";"14.46351";"-0.4193192";"16.09177";"46.05695"
"1384.717";"-4.483028";"65.90318";"13.98161";"-0.4013252";"16.13273";"46.05906";"-4.483028";"65.90318";"13.98161";"-0.4013252";"16.13273";"46.05906"
"1393.058";"-4.429711";"65.88842";"14.25733";"-0.4503365";"16.1658";"46.06386";"-4.429711";"65.88842";"14.25733";"-0.4503365";"16.1658";"46.06386"
"1401.4";"-4.394039";"65.90138";"13.92623";"-0.4247742";"16.18961";"46.06817";"-4.394039";"65.90138";"13.92623";"-0.4247742";"16.18961";"46.06817"
"1409.742";"-4.357638";"65.90651";"13.64309";"-0.428833";"16.23441";"46.07414";"-4.357638";"65.90651";"13.64309";"-0.428833";"16.23441";"46.07414"
"1418.083";"-4.333474";"65.92078";"14.33806";"-0.4201889";"16.2546";"46.07801";"-4.333474";"65.92078";"14.33806";"-0.4201889";"16.2546";"46.07801"
"1426.425";"-4.297109";"65.92917";"14.23316";"-0.4104233";"16.29976";"46.0715";"-4.297109";"65.92917";"14.23316";"-0.4104233";"16.29976";"46.0715"
"1434.767";"-4.255814";"65.93742";"13.66613";"-0.4388504";"16.33621";"46.07619";"-4.255814";"65.93742";"13.66613";"-0.4388504";"16.33621";"46.07619"
"1443.108";"-4.219687";"65.92467";"13.66575";"-0.395359";"16.35478";"46.07376";"-4.219687";"65.92467";"13.66575";"-0.395359";"16.35478";"46.07376"
"1451.45";"-4.186893";"65.93562";"14.09223";"-0.4480324";"16.3915";"46.07885";"-4.186893";"65.93562";"14.09223";"-0.4480324";"16.3915";"46.07885"
"1459.792";"-4.149871";"65.94687";"15.46916";"-0.4551811";"16.42987";"46.08633";"-4.149871";"65.94687";"15.46916";"-0.4551811";"16.42987";"46.08633"
"1468.133";"-4.113721";"65.96566";"15.14806";"-0.4033813";"16.44419";"46.08817";"-4.113721";"65.96566";"15.14806";"-0.4033813";"16.44419";"46.08817"
"1476.475";"-4.078884";"65.97511";"15.1347";"-0.4462624";"16.48879";"46.08197";"-4.078884";"65.97511";"15.1347";"-0.4462624";"16.48879";"46.08197"
"1484.817";"-4.076186";"65.9845";"16.03872";"-0.3960152";"16.52391";"46.08022";"-4.076186";"65.9845";"16.03872";"-0.3960152";"16.52391";"46.08022"
"1493.158";"-4.006548";"65.97764";"18.40055";"-0.413456";"16.53663";"46.0871";"-4.006548";"65.97764";"18.40055";"-0.413456";"16.53663";"46.0871"
"1501.5";"-3.995243";"65.98678";"17.41051";"-0.4270325";"16.57497";"46.09251";"-3.995243";"65.98678";"17.41051";"-0.4270325";"16.57497";"46.09251"
"1509.842";"-3.961026";"65.99281";"19.10114";"-0.4338608";"16.61765";"46.0981";"-3.961026";"65.99281";"19.10114";"-0.4338608";"16.61765";"46.0981"
"1518.183";"-3.925664";"66.00451";"17.1299";"-0.4517899";"16.62645";"46.09647";"-3.925664";"66.00451";"17.1299";"-0.4517899";"16.62645";"46.09647"
"1526.525";"-3.890434";"66.01797";"14.49484";"-0.468338";"16.66749";"46.10288";"-3.890434";"66.01797";"14.49484";"-0.468338";"16.66749";"46.10288"
"1534.867";"-3.862509";"66.02009";"16.52604";"-0.4095535";"16.70476";"46.09469";"-3.862509";"66.02009";"16.52604";"-0.4095535";"16.70476";"46.09469"
"1543.208";"-3.818122";"66.01228";"16.91331";"-0.472599";"16.71799";"46.09552";"-3.818122";"66.01228";"16.91331";"-0.472599";"16.71799";"46.09552"
"1551.55";"-3.780396";"66.02332";"17.73273";"-0.4488411";"16.75827";"46.1011";"-3.780396";"66.02332";"17.73273";"-0.4488411";"16.75827";"46.1011"
"1559.892";"-3.756387";"66.02892";"18.30602";"-0.4606133";"16.7992";"46.10234";"-3.756387";"66.02892";"18.30602";"-0.4606133";"16.7992";"46.10234"
"1568.233";"-3.722339";"66.04282";"17.31038";"-0.4244041";"16.82174";"46.10737";"-3.722339";"66.04282";"17.31038";"-0.4244041";"16.82174";"46.10737"
"1576.575";"-3.679981";"66.04771";"17.79094";"-0.3985329";"16.8599";"46.11012";"-3.679981";"66.04771";"17.79094";"-0.3985329";"16.8599";"46.11012"
"1584.917";"-3.643783";"66.03429";"15.79154";"-0.441021";"16.87929";"46.1074";"-3.643783";"66.03429";"15.79154";"-0.441021";"16.87929";"46.1074"
"1593.258";"-3.602917";"66.04799";"14.46503";"-0.4002304";"16.92325";"46.11233";"-3.602917";"66.04799";"14.46503";"-0.4002304";"16.92325";"46.11233"
"1601.6";"-3.572677";"66.05453";"15.67581";"-0.5139084";"16.94503";"46.11427";"-3.572677";"66.05453";"15.67581";"-0.5139084";"16.94503";"46.11427"
"1609.942";"-3.536013";"66.06403";"15.41249";"-0.4577026";"16.98589";"46.12008";"-3.536013";"66.06403";"15.41249";"-0.4577026";"16.98589";"46.12008"
"1618.283";"-3.500866";"66.07146";"15.45403";"-0.4611282";"17.02033";"46.12561";"-3.500866";"66.07146";"15.45403";"-0.4611282";"17.02033";"46.12561"
"1626.625";"-3.470232";"66.07788";"16.18483";"-0.4452591";"17.03687";"46.12801";"-3.470232";"66.07788";"16.18483";"-0.4452591";"17.03687";"46.12801"
"1634.967";"-3.410539";"66.07014";"16.15456";"-0.443924";"17.07563";"46.11855";"-3.410539";"66.07014";"16.15456";"-0.443924";"17.07563";"46.11855"
"1643.308";"-3.391545";"66.07549";"16.15092";"-0.4313889";"17.12938";"46.11798";"-3.391545";"66.07549";"16.15092";"-0.4313889";"17.12938";"46.11798"
"1651.65";"-3.351192";"66.084";"16.43984";"-0.4273529";"17.16007";"46.12697";"-3.351192";"66.084";"16.43984";"-0.4273529";"17.16007";"46.12697"
"1659.992";"-3.314231";"66.09236";"16.34311";"-0.3969574";"17.17406";"46.131";"-3.314231";"66.09236";"16.34311";"-0.3969574";"17.17406";"46.131"
"1668.333";"-3.286844";"66.0958";"16.94482";"-0.4123459";"17.20947";"46.13011";"-3.286844";"66.0958";"16.94482";"-0.4123459";"17.20947";"46.13011"
"1676.675";"-3.246193";"66.08672";"16.95353";"-0.433094";"17.23315";"46.1362";"-3.246193";"66.08672";"16.95353";"-0.433094";"17.23315";"46.1362"
"1685.017";"-3.213839";"66.09079";"17.40253";"-0.5347176";"17.2666";"46.12322";"-3.213839";"66.09079";"17.40253";"-0.5347176";"17.2666";"46.12322"
"1693.358";"-3.172854";"66.09961";"16.54854";"-0.5909576";"17.30376";"46.1265";"-3.172854";"66.09961";"16.54854";"-0.5909576";"17.30376";"46.1265"
"1701.7";"-3.151771";"66.11237";"16.74608";"-0.573494";"17.32649";"46.13535";"-3.151771";"66.11237";"16.74608";"-0.573494";"17.32649";"46.13535"
"1710.042";"-3.107837";"66.11721";"16.61586";"-0.4682655";"17.37249";"46.13961";"-3.107837";"66.11721";"16.61586";"-0.4682655";"17.37249";"46.13961"
"1718.383";"-3.09049";"66.12152";"16.09374";"-0.5367813";"17.38311";"46.14269";"-3.09049";"66.12152";"16.09374";"-0.5367813";"17.38311";"46.14269"
"1726.725";"-3.042807";"66.10711";"16.68692";"-0.6225471";"17.42667";"46.14521";"-3.042807";"66.10711";"16.68692";"-0.6225471";"17.42667";"46.14521"
"1735.067";"-3.016304";"66.11949";"16.22403";"-0.6190758";"17.44869";"46.14999";"-3.016304";"66.11949";"16.22403";"-0.6190758";"17.44869";"46.14999"
"1743.408";"-2.981586";"66.13094";"15.95143";"-0.4897804";"17.49822";"46.13721";"-2.981586";"66.13094";"15.95143";"-0.4897804";"17.49822";"46.13721"
"1751.75";"-2.940971";"66.13618";"16.01879";"-0.6223221";"17.51368";"46.14631";"-2.940971";"66.13618";"16.01879";"-0.6223221";"17.51368";"46.14631"
"1760.092";"-2.917966";"66.14359";"16.00952";"-0.6483727";"17.55909";"46.15008";"-2.917966";"66.14359";"16.00952";"-0.6483727";"17.55909";"46.15008"
"1768.433";"-2.880682";"66.13338";"16.92111";"-0.5795212";"17.57467";"46.15054";"-2.880682";"66.13338";"16.92111";"-0.5795212";"17.57467";"46.15054"
"1776.775";"-2.838192";"66.14362";"16.97397";"-0.6359062";"17.61393";"46.15472";"-2.838192";"66.14362";"16.97397";"-0.6359062";"17.61393";"46.15472"
"1785.117";"-2.805397";"66.15862";"16.44061";"-0.6040573";"17.64121";"46.16041";"-2.805397";"66.15862";"16.44061";"-0.6040573";"17.64121";"46.16041"
"1793.458";"-2.767778";"66.16314";"16.57654";"-0.6037941";"17.66617";"46.14815";"-2.767778";"66.16314";"16.57654";"-0.6037941";"17.66617";"46.14815"
"1801.8";"-2.770966";"66.17708";"16.94617";"-0.6411858";"17.70874";"46.16106";"-2.770966";"66.17708";"16.94617";"-0.6411858";"17.70874";"46.16106"
"1810.142";"-2.731449";"66.18196";"17.54881";"-0.6364098";"17.74748";"46.16397";"-2.731449";"66.18196";"17.54881";"-0.6364098";"17.74748";"46.16397"
"1818.483";"-2.661788";"66.16628";"16.05397";"-0.6230621";"17.76854";"46.1769";"-2.661788";"66.16628";"16.05397";"-0.6230621";"17.76854";"46.1769"
"1826.825";"-2.654302";"66.17941";"17.55949";"-0.6388435";"17.80656";"46.17895";"-2.654302";"66.17941";"17.55949";"-0.6388435";"17.80656";"46.17895"
"1835.167";"-2.628479";"66.18348";"16.12211";"-0.6084862";"17.8282";"46.18066";"-2.628479";"66.18348";"16.12211";"-0.6084862";"17.8282";"46.18066"
"1843.508";"-2.590085";"66.19398";"16.23002";"-0.568718";"17.87638";"46.17482";"-2.590085";"66.19398";"16.23002";"-0.568718";"17.87638";"46.17482"
"1851.85";"-2.560811";"66.20121";"18.3748";"-0.5901604";"17.90744";"46.17812";"-2.560811";"66.20121";"18.3748";"-0.5901604";"17.90744";"46.17812"
"1860.192";"-2.534726";"66.21121";"19.12847";"-0.6148491";"17.92548";"46.1837";"-2.534726";"66.21121";"19.12847";"-0.6148491";"17.92548";"46.1837"
"1868.533";"-2.491221";"66.21974";"16.59355";"-0.6210098";"17.96144";"46.18337";"-2.491221";"66.21974";"16.59355";"-0.6210098";"17.96144";"46.18337"
"1876.875";"-2.449771";"66.20839";"15.44042";"-0.6100006";"18.00315";"46.19093";"-2.449771";"66.20839";"15.44042";"-0.6100006";"18.00315";"46.19093"
"1885.217";"-2.42156";"66.2168";"17.79607";"-0.5110168";"18.02846";"46.19834";"-2.42156";"66.2168";"17.79607";"-0.5110168";"18.02846";"46.19834"
"1893.558";"-2.392609";"66.22309";"19.29389";"-0.6036606";"18.06367";"46.18961";"-2.392609";"66.22309";"19.29389";"-0.6036606";"18.06367";"46.18961"
"1901.9";"-2.354059";"66.22906";"17.94491";"-0.4476738";"18.09129";"46.18918";"-2.354059";"66.22906";"17.94491";"-0.4476738";"18.09129";"46.18918"
"1910.242";"-2.321718";"66.23529";"17.77369";"-0.4972878";"18.14078";"46.19182";"-2.321718";"66.23529";"17.77369";"-0.4972878";"18.14078";"46.19182"
"1918.583";"-2.292492";"66.22117";"16.42963";"-0.5880241";"18.16944";"46.20347";"-2.292492";"66.22117";"16.42963";"-0.5880241";"18.16944";"46.20347"
"1926.925";"-2.245012";"66.23207";"16.50318";"-0.5949707";"18.18209";"46.20448";"-2.245012";"66.23207";"16.50318";"-0.5949707";"18.18209";"46.20448"
"1935.267";"-2.213172";"66.24092";"17.72959";"-0.567524";"18.22129";"46.21064";"-2.213172";"66.24092";"17.72959";"-0.567524";"18.22129";"46.21064"
"1943.608";"-2.175088";"66.2453";"17.49312";"-0.6031494";"18.27";"46.20304";"-2.175088";"66.2453";"17.49312";"-0.6031494";"18.27";"46.20304"
"1951.95";"-2.15459";"66.25005";"18.30609";"-0.7435837";"18.29972";"46.21071";"-2.15459";"66.25005";"18.30609";"-0.7435837";"18.29972";"46.21071"
"1960.292";"-2.115789";"66.25928";"17.66101";"-0.4731865";"18.33074";"46.21385";"-2.115789";"66.25928";"17.66101";"-0.4731865";"18.33074";"46.21385"
"1968.633";"-2.083221";"66.24628";"17.73261";"-0.6360168";"18.35648";"46.21047";"-2.083221";"66.24628";"17.73261";"-0.6360168";"18.35648";"46.21047"
"1976.975";"-2.038738";"66.25541";"17.79178";"-0.6094513";"18.39722";"46.21854";"-2.038738";"66.25541";"17.79178";"-0.6094513";"18.39722";"46.21854"
"1985.317";"-2.017057";"66.26704";"17.90012";"-0.6170197";"18.40113";"46.22837";"-2.017057";"66.26704";"17.90012";"-0.6170197";"18.40113";"46.22837"
"1993.658";"-1.978794";"66.2729";"18.0169";"-0.6066475";"18.45794";"46.21949";"-1.978794";"66.2729";"18.0169";"-0.6066475";"18.45794";"46.21949"
"2002";"-1.956911";"66.28307";"17.61197";"-0.617691";"18.472";"46.23541";"-1.956911";"66.28307";"17.61197";"-0.617691";"18.472";"46.23541"
"2010.342";"-1.914899";"66.28964";"17.59049";"-0.5376053";"18.51593";"46.24171";"-1.914899";"66.28964";"17.59049";"-0.5376053";"18.51593";"46.24171"
"2018.683";"-1.891643";"66.27548";"17.59991";"-0.6315994";"18.52769";"46.24581";"-1.891643";"66.27548";"17.59991";"-0.6315994";"18.52769";"46.24581"
"2027.025";"-1.844987";"66.28157";"17.47616";"-0.610157";"18.56154";"46.24821";"-1.844987";"66.28157";"17.47616";"-0.610157";"18.56154";"46.24821"
"2035.367";"-1.817946";"66.29031";"15.22255";"-0.4815063";"18.59869";"46.25148";"-1.817946";"66.29031";"15.22255";"-0.4815063";"18.59869";"46.25148"
"2043.708";"-1.800503";"66.29807";"16.07463";"-0.5961304";"18.63341";"46.2551";"-1.800503";"66.29807";"16.07463";"-0.5961304";"18.63341";"46.2551"
"2052.05";"-1.763804";"66.3007";"16.34005";"-0.4754181";"18.65577";"46.25575";"-1.763804";"66.3007";"16.34005";"-0.4754181";"18.65577";"46.25575"
"2060.392";"-1.721005";"66.30781";"16.00703";"-0.550808";"18.70656";"46.25771";"-1.721005";"66.30781";"16.00703";"-0.550808";"18.70656";"46.25771"
"2068.733";"-1.687469";"66.30011";"18.33985";"-0.5084648";"18.72486";"46.26524";"-1.687469";"66.30011";"18.33985";"-0.5084648";"18.72486";"46.26524"
"2077.075";"-1.665144";"66.30702";"18.69039";"-0.4885254";"18.7577";"46.26377";"-1.665144";"66.30702";"18.69039";"-0.4885254";"18.7577";"46.26377"
"2085.417";"-1.627394";"66.314";"15.98151";"-0.5675697";"18.7801";"46.27237";"-1.627394";"66.314";"15.98151";"-0.5675697";"18.7801";"46.27237"
"2093.758";"-1.601679";"66.32094";"16.36068";"-0.5233879";"18.82412";"46.27545";"-1.601679";"66.32094";"16.36068";"-0.5233879";"18.82412";"46.27545"
"2102.1";"-1.567701";"66.32345";"16.96328";"-0.6716881";"18.86601";"46.2724";"-1.567701";"66.32345";"16.96328";"-0.6716881";"18.86601";"46.2724"
"2110.442";"-1.532411";"66.33476";"16.98505";"-0.5687065";"18.88364";"46.27077";"-1.532411";"66.33476";"16.98505";"-0.5687065";"18.88364";"46.27077"
"2118.783";"-1.499795";"66.31737";"17.03039";"-0.5988846";"18.92832";"46.2749";"-1.499795";"66.31737";"17.03039";"-0.5988846";"18.92832";"46.2749"
"2127.125";"-1.455574";"66.32702";"16.49196";"-0.6584244";"18.96305";"46.28629";"-1.455574";"66.32702";"16.49196";"-0.6584244";"18.96305";"46.28629"
"2135.467";"-1.425131";"66.33537";"16.38757";"-0.5901947";"18.98863";"46.29296";"-1.425131";"66.33537";"16.38757";"-0.5901947";"18.98863";"46.29296"
"2143.808";"-1.399344";"66.34302";"17.03959";"-0.6352272";"19.00668";"46.29343";"-1.399344";"66.34302";"17.03959";"-0.6352272";"19.00668";"46.29343"
"2152.15";"-1.360555";"66.34941";"14.98602";"-0.7190971";"19.04942";"46.28754";"-1.360555";"66.34941";"14.98602";"-0.7190971";"19.04942";"46.28754"
"2160.492";"-1.335914";"66.35541";"15.62945";"-0.6304512";"19.10255";"46.29351";"-1.335914";"66.35541";"15.62945";"-0.6304512";"19.10255";"46.29351"
"2168.833";"-1.298105";"66.34528";"16.04958";"-0.6285667";"19.13483";"46.30497";"-1.298105";"66.34528";"16.04958";"-0.6285667";"19.13483";"46.30497"
"2177.175";"-1.25429";"66.35359";"16.89006";"-0.5764046";"19.15024";"46.30709";"-1.25429";"66.35359";"16.89006";"-0.5764046";"19.15024";"46.30709"
"2185.517";"-1.231607";"66.36361";"17.72668";"-0.6334381";"19.19118";"46.31306";"-1.231607";"66.36361";"17.72668";"-0.6334381";"19.19118";"46.31306"
"2193.858";"-1.199671";"66.36961";"17.75239";"-0.6084137";"19.2206";"46.31653";"-1.199671";"66.36961";"17.75239";"-0.6084137";"19.2206";"46.31653"
"2202.2";"-1.188091";"66.37663";"17.68097";"-0.6591759";"19.26414";"46.31048";"-1.188091";"66.37663";"17.68097";"-0.6591759";"19.26414";"46.31048"
"2210.542";"-1.149028";"66.38464";"16.73739";"-0.6043167";"19.31285";"46.31369";"-1.149028";"66.38464";"16.73739";"-0.6043167";"19.31285";"46.31369"
"2218.883";"-1.11702";"66.37717";"17.42617";"-0.6353111";"19.32812";"46.31401";"-1.11702";"66.37717";"17.42617";"-0.6353111";"19.32812";"46.31401"
"2227.225";"-1.083724";"66.3888";"17.78055";"-0.5603142";"19.3694";"46.32164";"-1.083724";"66.3888";"17.78055";"-0.5603142";"19.3694";"46.32164"
"2235.567";"-1.041915";"66.38458";"17.32249";"-0.6421776";"19.39931";"46.31919";"-1.041915";"66.38458";"17.32249";"-0.6421776";"19.39931";"46.31919"
"2243.908";"-0.9736262";"66.33501";"17.72342";"-0.7437744";"19.46821";"46.26117";"-0.9736262";"66.33501";"17.72342";"-0.7437744";"19.46821";"46.26117"
"2252.25";"-0.9267076";"66.29409";"17.01324";"-0.6868134";"19.51317";"46.21655";"-0.9267076";"66.29409";"17.01324";"-0.6868134";"19.51317";"46.21655"
"2260.592";"-0.8761836";"66.26545";"16.96008";"-0.6988602";"19.56639";"46.19885";"-0.8761836";"66.26545";"16.96008";"-0.6988602";"19.56639";"46.19885"
"2268.933";"-0.8040985";"66.25034";"17.37851";"-0.7743111";"19.63925";"46.16739";"-0.8040985";"66.25034";"17.37851";"-0.7743111";"19.63925";"46.16739"
"2277.275";"-0.7419463";"66.24004";"17.3694";"-0.725769";"19.72281";"46.16664";"-0.7419463";"66.24004";"17.3694";"-0.725769";"19.72281";"46.16664"
"2285.617";"-0.6938577";"66.23761";"17.65557";"-0.6802826";"19.74485";"46.17649";"-0.6938577";"66.23761";"17.65557";"-0.6802826";"19.74485";"46.17649"
"2293.958";"-0.677478";"66.28652";"17.45155";"-0.5084877";"19.74476";"46.23485";"-0.677478";"66.28652";"17.45155";"-0.5084877";"19.74476";"46.23485"
"2302.3";"-0.6497208";"66.33739";"17.06669";"-0.6281853";"19.76533";"46.28378";"-0.6497208";"66.33739";"17.06669";"-0.6281853";"19.76533";"46.28378"
"2310.642";"-0.615302";"66.35262";"18.49004";"-0.5917931";"19.80986";"46.28382";"-0.615302";"66.35262";"18.49004";"-0.5917931";"19.80986";"46.28382"
"2318.983";"-0.6084492";"66.37556";"17.12416";"-0.5033188";"19.8486";"46.29298";"-0.6084492";"66.37556";"17.12416";"-0.5033188";"19.8486";"46.29298"
"2327.325";"-0.5984089";"66.37979";"16.93198";"-0.4645882";"19.84871";"46.29314";"-0.5984089";"66.37979";"16.93198";"-0.4645882";"19.84871";"46.29314"
"2335.667";"-0.6198028";"66.38343";"16.49574";"-0.4952354";"19.80129";"46.30138";"-0.6198028";"66.38343";"16.49574";"-0.4952354";"19.80129";"46.30138"
"2344.008";"-0.6553081";"66.41062";"16.87333";"-0.4318771";"19.79821";"46.34203";"-0.6553081";"66.41062";"16.87333";"-0.4318771";"19.79821";"46.34203"
"2352.35";"-0.6229546";"66.43763";"15.23714";"-0.4294052";"19.8042";"46.34832";"-0.6229546";"66.43763";"15.23714";"-0.4294052";"19.8042";"46.34832"
"2360.692";"-0.5644078";"66.47344";"15.33628";"-0.4166336";"19.86389";"46.38896";"-0.5644078";"66.47344";"15.33628";"-0.4166336";"19.86389";"46.38896"
"2369.033";"-0.5181817";"66.50967";"17.59411";"-0.2432709";"19.89899";"46.45523";"-0.5181817";"66.50967";"17.59411";"-0.2432709";"19.89899";"46.45523"
"2377.375";"-0.4830346";"66.54057";"16.87488";"-0.2478561";"19.94686";"46.45749";"-0.4830346";"66.54057";"16.87488";"-0.2478561";"19.94686";"46.45749"
"2385.717";"-0.4614018";"66.513";"17.95882";"-0.3247299";"19.95721";"46.44919";"-0.4614018";"66.513";"17.95882";"-0.3247299";"19.95721";"46.44919"
"2394.058";"-0.4188528";"66.4574";"17.6218";"-0.4571152";"20.02113";"46.37724";"-0.4188528";"66.4574";"17.6218";"-0.4571152";"20.02113";"46.37724"
"2402.4";"-0.349048";"66.44629";"18.53156";"-0.3294945";"20.11072";"46.35646";"-0.349048";"66.44629";"18.53156";"-0.3294945";"20.11072";"46.35646"
"2410.742";"-0.2981419";"66.44121";"18.51924";"-0.3680077";"20.15384";"46.3639";"-0.2981419";"66.44121";"18.51924";"-0.3680077";"20.15384";"46.3639"
"2419.083";"-0.3067377";"66.43646";"18.39278";"-0.4145432";"20.13866";"46.36222";"-0.3067377";"66.43646";"18.39278";"-0.4145432";"20.13866";"46.36222"
"2427.425";"-0.3094";"66.43636";"18.34778";"-0.4017448";"20.13215";"46.36197";"-0.3094";"66.43636";"18.34778";"-0.4017448";"20.13215";"46.36197"
"2435.767";"-0.2966018";"66.48058";"17.59459";"-0.3171349";"20.1408";"46.41371";"-0.2966018";"66.48058";"17.59459";"-0.3171349";"20.1408";"46.41371"
"2444.108";"-0.2553899";"66.53262";"17.60458";"-0.1786385";"20.17821";"46.4678";"-0.2553899";"66.53262";"17.60458";"-0.1786385";"20.17821";"46.4678"
"2452.45";"-0.1879967";"66.54759";"17.26283";"-0.1685486";"20.26227";"46.46987";"-0.1879967";"66.54759";"17.26283";"-0.1685486";"20.26227";"46.46987"
"2460.792";"-0.1251281";"66.51744";"16.3782";"-0.2518806";"20.32219";"46.46315";"-0.1251281";"66.51744";"16.3782";"-0.2518806";"20.32219";"46.46315"
"2469.133";"-0.1113988";"66.50015";"16.95041";"-0.270565";"20.32286";"46.43098";"-0.1113988";"66.50015";"16.95041";"-0.270565";"20.32286";"46.43098"
"2477.475";"-0.0930134";"66.49183";"16.86942";"-0.2079811";"20.35809";"46.43214";"-0.0930134";"66.49183";"16.86942";"-0.2079811";"20.35809";"46.43214"
"2485.817";"-0.05048821";"66.48014";"16.53859";"-0.3237381";"20.41461";"46.401";"-0.05048821";"66.48014";"16.53859";"-0.3237381";"20.41461";"46.401"
"2494.158";"-0.02113127";"66.4938";"16.97594";"-0.3005905";"20.43785";"46.40831";"-0.02113127";"66.4938";"16.97594";"-0.3005905";"20.43785";"46.40831"
"2502.5";"-0.008906174";"66.50916";"16.98683";"-0.2505684";"20.4318";"46.42194";"-0.008906174";"66.50916";"16.98683";"-0.2505684";"20.4318";"46.42194"
"2510.842";"-0.00133712";"66.52943";"17.27202";"-0.2308693";"20.43255";"46.43338";"-0.00133712";"66.52943";"17.27202";"-0.2308693";"20.43255";"46.43338"
"2519.183";"0.01515005";"66.55148";"17.0274";"-0.2422676";"20.45644";"46.46093";"0.01515005";"66.55148";"17.0274";"-0.2422676";"20.45644";"46.46093"
"2527.525";"0.09353869";"66.53918";"17.03632";"-0.2407417";"20.50944";"46.46373";"0.09353869";"66.53918";"17.03632";"-0.2407417";"20.50944";"46.46373"
"2535.867";"0.1624004";"66.55634";"16.98717";"-0.2417068";"20.59893";"46.46414";"0.1624004";"66.55634";"16.98717";"-0.2417068";"20.59893";"46.46414"
"2544.208";"0.2039705";"66.55722";"17.34962";"-0.1959343";"20.63584";"46.4645";"0.2039705";"66.55722";"17.34962";"-0.1959343";"20.63584";"46.4645"
"2552.55";"0.2107874";"66.54604";"17.29534";"-0.263092";"20.65802";"46.45397";"0.2107874";"66.54604";"17.29534";"-0.263092";"20.65802";"46.45397"
"2560.892";"0.2130677";"66.53945";"16.93173";"-0.274025";"20.65524";"46.45618";"0.2130677";"66.53945";"16.93173";"-0.274025";"20.65524";"46.45618"
"2569.233";"0.2337691";"66.54736";"16.01612";"-0.2686768";"20.66556";"46.45473";"0.2337691";"66.54736";"16.01612";"-0.2686768";"20.66556";"46.45473"
"2577.575";"0.2640454";"66.53336";"16.71895";"-0.3012466";"20.70966";"46.46497";"0.2640454";"66.53336";"16.71895";"-0.3012466";"20.70966";"46.46497"
"2585.917";"0.2898804";"66.55229";"17.51973";"-0.2476044";"20.7233";"46.47634";"0.2898804";"66.55229";"17.51973";"-0.2476044";"20.7233";"46.47634"
"2594.258";"0.2885552";"66.56589";"17.10919";"-0.2601891";"20.72232";"46.47884";"0.2885552";"66.56589";"17.10919";"-0.2601891";"20.72232";"46.47884"
"2602.6";"0.2939634";"66.55432";"17.7127";"-0.2644386";"20.72699";"46.4799";"0.2939634";"66.55432";"17.7127";"-0.2644386";"20.72699";"46.4799"
"2610.942";"0.3385659";"66.55959";"17.652";"-0.2162209";"20.77358";"46.48252";"0.3385659";"66.55959";"17.652";"-0.2162209";"20.77358";"46.48252"
"2619.283";"0.3493823";"66.57225";"17.41344";"-0.3046608";"20.78257";"46.48282";"0.3493823";"66.57225";"17.41344";"-0.3046608";"20.78257";"46.48282"
"2627.625";"0.3648069";"66.5776";"17.54091";"-0.3011971";"20.82003";"46.47583";"0.3648069";"66.5776";"17.54091";"-0.3011971";"20.82003";"46.47583"
"2635.967";"0.3714328";"66.57756";"17.43859";"-0.2993698";"20.82773";"46.47417";"0.3714328";"66.57756";"17.43859";"-0.2993698";"20.82773";"46.47417"
"2644.308";"0.3730087";"66.57477";"17.43268";"-0.2950249";"20.81865";"46.46987";"0.3730087";"66.57477";"17.43268";"-0.2950249";"20.81865";"46.46987"
"2652.65";"0.3802554";"66.57426";"17.7073";"-0.2593422";"20.83248";"46.47152";"0.3802554";"66.57426";"17.7073";"-0.2593422";"20.83248";"46.47152"
"2660.992";"0.4611034";"66.55366";"18.27657";"-0.2385559";"20.8917";"46.48141";"0.4611034";"66.55366";"18.27657";"-0.2385559";"20.8917";"46.48141"
"2669.333";"0.5052881";"66.56599";"17.40575";"-0.2867279";"20.93594";"46.4939";"0.5052881";"66.56599";"17.40575";"-0.2867279";"20.93594";"46.4939"
"2677.675";"0.5223125";"66.57215";"16.30183";"-0.2605133";"20.97931";"46.49557";"0.5223125";"66.57215";"16.30183";"-0.2605133";"20.97931";"46.49557"
"2686.017";"0.5459388";"66.58016";"18.63131";"-0.2340317";"20.9935";"46.48746";"0.5459388";"66.58016";"18.63131";"-0.2340317";"20.9935";"46.48746"
"2694.358";"0.5834379";"66.59477";"17.26334";"-0.2320518";"21.05117";"46.5009";"0.5834379";"66.59477";"17.26334";"-0.2320518";"21.05117";"46.5009"
"2702.7";"0.6101207";"66.6031";"17.69991";"-0.2962914";"21.08076";"46.5228";"0.6101207";"66.6031";"17.69991";"-0.2962914";"21.08076";"46.5228"
"2711.042";"0.6466526";"66.59212";"15.39157";"-0.2437515";"21.10868";"46.52755";"0.6466526";"66.59212";"15.39157";"-0.2437515";"21.10868";"46.52755"
"2719.383";"0.6679272";"66.60086";"16.00721";"-0.2472229";"21.14499";"46.52708";"0.6679272";"66.60086";"16.00721";"-0.2472229";"21.14499";"46.52708"
"2727.725";"0.6720818";"66.60037";"16.1246";"-0.2345695";"21.15764";"46.52134";"0.6720818";"66.60037";"16.1246";"-0.2345695";"21.15764";"46.52134"
"2736.067";"0.7180692";"66.60753";"15.93982";"-0.2643204";"21.20105";"46.51132";"0.7180692";"66.60753";"15.93982";"-0.2643204";"21.20105";"46.51132"
"2744.408";"0.7683186";"66.60995";"15.92045";"-0.2649651";"21.25729";"46.51262";"0.7683186";"66.60995";"15.92045";"-0.2649651";"21.25729";"46.51262"
"2752.75";"0.816837";"66.61763";"16.44051";"-0.2257004";"21.30309";"46.51357";"0.816837";"66.61763";"16.44051";"-0.2257004";"21.30309";"46.51357"
"2761.092";"0.8681609";"66.60557";"16.16968";"-0.221199";"21.32774";"46.5191";"0.8681609";"66.60557";"16.16968";"-0.221199";"21.32774";"46.5191"
"2769.433";"0.8956435";"66.61239";"16.32863";"-0.245327";"21.35429";"46.5301";"0.8956435";"66.61239";"16.32863";"-0.245327";"21.35429";"46.5301"
"2777.775";"0.9030334";"66.62429";"16.99294";"-0.2283249";"21.36743";"46.5383";"0.9030334";"66.62429";"16.99294";"-0.2283249";"21.36743";"46.5383"
"2786.117";"0.9322829";"66.64468";"15.82617";"-0.2289581";"21.39951";"46.53665";"0.9322829";"66.64468";"15.82617";"-0.2289581";"21.39951";"46.53665"
"2794.458";"0.9604818";"66.65154";"16.56751";"-0.2486343";"21.43965";"46.54194";"0.9604818";"66.65154";"16.56751";"-0.2486343";"21.43965";"46.54194"
"2802.8";"0.9800491";"66.64877";"16.31123";"-0.2463989";"21.4703";"46.54216";"0.9800491";"66.64877";"16.31123";"-0.2463989";"21.4703";"46.54216"
"2811.142";"1.003926";"66.64043";"17.15859";"-0.2647133";"21.48017";"46.53236";"1.003926";"66.64043";"17.15859";"-0.2647133";"21.48017";"46.53236"
"2819.483";"1.033271";"66.6153";"17.71808";"-0.2170677";"21.51274";"46.52679";"1.033271";"66.6153";"17.71808";"-0.2170677";"21.51274";"46.52679"
"2827.825";"1.067678";"66.61108";"16.84322";"-0.2936783";"21.53574";"46.52273";"1.067678";"66.61108";"16.84322";"-0.2936783";"21.53574";"46.52273"
"2836.167";"1.10575";"66.61725";"17.24935";"-0.2862015";"21.56728";"46.52718";"1.10575";"66.61725";"17.24935";"-0.2862015";"21.56728";"46.52718"
"2844.508";"1.143309";"66.6206";"17.23803";"-0.2921982";"21.59741";"46.51602";"1.143309";"66.6206";"17.23803";"-0.2921982";"21.59741";"46.51602"
"2852.85";"1.146962";"66.62569";"14.80249";"-0.1870537";"21.61537";"46.51882";"1.146962";"66.62569";"14.80249";"-0.1870537";"21.61537";"46.51882"
"2861.192";"1.156358";"66.634";"15.19043";"-0.2294121";"21.62402";"46.52211";"1.156358";"66.634";"15.19043";"-0.2294121";"21.62402";"46.52211"
"2869.533";"1.187482";"66.63702";"14.82573";"-0.2470932";"21.66188";"46.5321";"1.187482";"66.63702";"14.82573";"-0.2470932";"21.66188";"46.5321"
"2877.875";"1.239033";"66.62379";"15.65107";"-0.2458038";"21.70818";"46.53471";"1.239033";"66.62379";"15.65107";"-0.2458038";"21.70818";"46.53471"
"2886.217";"1.27843";"66.6282";"14.81254";"-0.2605591";"21.73589";"46.53071";"1.27843";"66.6282";"14.81254";"-0.2605591";"21.73589";"46.53071"
"2894.558";"1.298451";"66.62404";"14.2618";"-0.2159348";"21.76982";"46.51743";"1.298451";"66.62404";"14.2618";"-0.2159348";"21.76982";"46.51743"
"2902.9";"1.336057";"66.62125";"14.96694";"-0.3397102";"21.80179";"46.51137";"1.336057";"66.62125";"14.96694";"-0.3397102";"21.80179";"46.51137"
"2911.242";"1.374285";"66.63124";"13.43532";"-0.258625";"21.85514";"46.52293";"1.374285";"66.63124";"13.43532";"-0.258625";"21.85514";"46.52293"
"2919.583";"1.399953";"66.66192";"14.27865";"-0.3285484";"21.89041";"46.56502";"1.399953";"66.66192";"14.27865";"-0.3285484";"21.89041";"46.56502"
"2927.925";"1.411975";"66.68668";"13.90778";"-0.1863365";"21.89195";"46.57343";"1.411975";"66.68668";"13.90778";"-0.1863365";"21.89195";"46.57343"
"2936.267";"1.417204";"66.70608";"14.43181";"-0.06661606";"21.89738";"46.60216";"1.417204";"66.70608";"14.43181";"-0.06661606";"21.89738";"46.60216"
"2944.608";"1.426229";"66.69507";"14.88031";"-0.191124";"21.89842";"46.62321";"1.426229";"66.69507";"14.88031";"-0.191124";"21.89842";"46.62321"
"2952.95";"1.460911";"66.70383";"13.37158";"-0.1718445";"21.91114";"46.62021";"1.460911";"66.70383";"13.37158";"-0.1718445";"21.91114";"46.62021"
"2961.292";"1.493718";"66.69868";"13.58267";"-0.3276901";"21.95298";"46.61098";"1.493718";"66.69868";"13.58267";"-0.3276901";"21.95298";"46.61098"
"2969.633";"1.525391";"66.67361";"13.53977";"-0.2439156";"21.99815";"46.58041";"1.525391";"66.67361";"13.53977";"-0.2439156";"21.99815";"46.58041"
"2977.975";"1.537342";"66.67092";"13.84434";"-0.3058891";"22.01139";"46.57812";"1.537342";"66.67092";"13.84434";"-0.3058891";"22.01139";"46.57812"
"2986.317";"1.562496";"66.66868";"13.51889";"-0.2406807";"22.04506";"46.57887";"1.562496";"66.66868";"13.51889";"-0.2406807";"22.04506";"46.57887"
"2994.658";"1.571534";"66.67018";"13.63295";"-0.257206";"22.06865";"46.5846";"1.571534";"66.67018";"13.63295";"-0.257206";"22.06865";"46.5846"
"3003";"1.608854";"66.68788";"16.38478";"-0.2317505";"22.10474";"46.601";"1.608854";"66.68788";"16.38478";"-0.2317505";"22.10474";"46.601"
"3011.342";"1.629376";"66.69931";"16.39123";"-0.2421875";"22.10265";"46.64649";"1.629376";"66.69931";"16.39123";"-0.2421875";"22.10265";"46.64649"
"3019.683";"1.663377";"66.71635";"16.31197";"-0.264904";"22.13733";"46.65231";"1.663377";"66.71635";"16.31197";"-0.264904";"22.13733";"46.65231"
"3028.025";"1.682503";"66.71881";"16.2184";"-0.2697144";"22.15403";"46.65296";"1.682503";"66.71881";"16.2184";"-0.2697144";"22.15403";"46.65296"
"3036.367";"1.717602";"66.71529";"17.26333";"-0.271328";"22.20584";"46.63861";"1.717602";"66.71529";"17.26333";"-0.271328";"22.20584";"46.63861"
"3044.708";"1.756188";"66.71204";"17.36539";"-0.2608223";"22.25361";"46.62856";"1.756188";"66.71204";"17.36539";"-0.2608223";"22.25361";"46.62856"
"3053.05";"1.781139";"66.69851";"17.10395";"-0.4097786";"22.28642";"46.61926";"1.781139";"66.69851";"17.10395";"-0.4097786";"22.28642";"46.61926"
"3061.392";"1.819163";"66.67903";"15.55606";"-0.3269844";"22.31858";"46.62041";"1.819163";"66.67903";"15.55606";"-0.3269844";"22.31858";"46.62041"
"3069.733";"1.843244";"66.68695";"16.02053";"-0.2695389";"22.33249";"46.62212";"1.843244";"66.68695";"16.02053";"-0.2695389";"22.33249";"46.62212"
"3078.075";"1.879334";"66.70352";"16.24568";"-0.3171844";"22.38734";"46.62207";"1.879334";"66.70352";"16.24568";"-0.3171844";"22.38734";"46.62207"
"3086.417";"1.917024";"66.73343";"15.94588";"-0.2576714";"22.4137";"46.65339";"1.917024";"66.73343";"15.94588";"-0.2576714";"22.4137";"46.65339"
"3094.758";"1.956839";"66.75004";"15.78358";"-0.2784805";"22.44967";"46.65599";"1.956839";"66.75004";"15.78358";"-0.2784805";"22.44967";"46.65599"
"3103.1";"1.989802";"66.7524";"16.53845";"-0.2973671";"22.4787";"46.65673";"1.989802";"66.7524";"16.53845";"-0.2973671";"22.4787";"46.65673"
"3111.442";"2.028172";"66.73";"16.29152";"-0.2904892";"22.52925";"46.66177";"2.028172";"66.73";"16.29152";"-0.2904892";"22.52925";"46.66177"
"3119.783";"2.06246";"66.72265";"15.83416";"-0.412178";"22.53321";"46.65368";"2.06246";"66.72265";"15.83416";"-0.412178";"22.53321";"46.65368"
"3128.125";"2.092736";"66.7158";"13.63935";"-0.4341583";"22.58436";"46.64098";"2.092736";"66.7158";"13.63935";"-0.4341583";"22.58436";"46.64098"
"3136.467";"2.116362";"66.72364";"14.60667";"-0.2792664";"22.61444";"46.64065";"2.116362";"66.72364";"14.60667";"-0.2792664";"22.61444";"46.64065"
"3144.808";"2.144657";"66.73236";"15.91787";"-0.287468";"22.63053";"46.64504";"2.144657";"66.73236";"15.91787";"-0.287468";"22.63053";"46.64504"
"3153.15";"2.169585";"66.74833";"13.70432";"-0.3026314";"22.66582";"46.64874";"2.169585";"66.74833";"13.70432";"-0.3026314";"22.66582";"46.64874"
"3161.492";"2.165275";"66.76855";"13.80482";"-0.2622414";"22.67487";"46.65715";"2.165275";"66.76855";"13.80482";"-0.2622414";"22.67487";"46.65715"
"3169.833";"2.229576";"66.75917";"14.35725";"-0.2524414";"22.71598";"46.6901";"2.229576";"66.75917";"14.35725";"-0.2524414";"22.71598";"46.6901"
"3178.175";"2.239831";"66.76851";"14.31925";"-0.2821312";"22.76142";"46.68546";"2.239831";"66.76851";"14.31925";"-0.2821312";"22.76142";"46.68546"
"3186.517";"2.263242";"66.76779";"16.84222";"-0.2772255";"22.77905";"46.67587";"2.263242";"66.76779";"16.84222";"-0.2772255";"22.77905";"46.67587"
"3194.858";"2.286976";"66.76421";"17.89301";"-0.2749443";"22.78032";"46.67532";"2.286976";"66.76421";"17.89301";"-0.2749443";"22.78032";"46.67532"
"3203.2";"2.310865";"66.76238";"16.55772";"-0.2831116";"22.84151";"46.68247";"2.310865";"66.76238";"16.55772";"-0.2831116";"22.84151";"46.68247"
"3211.542";"2.357713";"66.75151";"17.957";"-0.4168587";"22.88971";"46.68537";"2.357713";"66.75151";"17.957";"-0.4168587";"22.88971";"46.68537"
"3219.883";"2.358835";"66.76316";"16.85272";"-0.3143082";"22.88981";"46.68609";"2.358835";"66.76316";"16.85272";"-0.3143082";"22.88981";"46.68609"
"3228.225";"2.416725";"66.75153";"16.46111";"-0.2629929";"22.93502";"46.68956";"2.416725";"66.75153";"16.46111";"-0.2629929";"22.93502";"46.68956"
"3236.567";"2.421846";"66.76862";"16.85595";"-0.2121735";"22.93516";"46.69015";"2.421846";"66.76862";"16.85595";"-0.2121735";"22.93516";"46.69015"
"3244.908";"2.464479";"66.77942";"17.23395";"-0.2087822";"22.99043";"46.68089";"2.464479";"66.77942";"17.23395";"-0.2087822";"22.99043";"46.68089"
"3253.25";"2.497215";"66.78735";"16.96908";"-0.2525826";"23.03349";"46.6965";"2.497215";"66.78735";"16.96908";"-0.2525826";"23.03349";"46.6965"
"3261.592";"2.533711";"66.78627";"16.96645";"-0.2470093";"23.08055";"46.6992";"2.533711";"66.78627";"16.96645";"-0.2470093";"23.08055";"46.6992"
"3269.933";"2.560752";"66.78766";"16.96073";"-0.2594719";"23.11978";"46.70759";"2.560752";"66.78766";"16.96073";"-0.2594719";"23.11978";"46.70759"
"3278.275";"2.586252";"66.78519";"16.96553";"-0.2624931";"23.13401";"46.69663";"2.586252";"66.78519";"16.96553";"-0.2624931";"23.13401";"46.69663"
"3286.617";"2.620588";"66.76813";"16.94444";"-0.2504005";"23.17901";"46.70078";"2.620588";"66.76813";"16.94444";"-0.2504005";"23.17901";"46.70078"
"3294.958";"2.653228";"66.77335";"16.84185";"-0.2366943";"23.22663";"46.70539";"2.653228";"66.77335";"16.84185";"-0.2366943";"23.22663";"46.70539"
"3303.3";"2.683253";"66.77727";"16.36851";"-0.2596283";"23.24115";"46.71609";"2.683253";"66.77727";"16.36851";"-0.2596283";"23.24115";"46.71609"
"3311.642";"2.720323";"66.78656";"15.59475";"-0.2278481";"23.28314";"46.72046";"2.720323";"66.78656";"15.59475";"-0.2278481";"23.28314";"46.72046"
"3319.983";"2.749333";"66.79958";"16.87357";"-0.2524414";"23.31858";"46.73214";"2.749333";"66.79958";"16.87357";"-0.2524414";"23.31858";"46.73214"
"3328.325";"2.786629";"66.79999";"17.95396";"-0.2377205";"23.32516";"46.73645";"2.786629";"66.79999";"17.95396";"-0.2377205";"23.32516";"46.73645"
"3336.667";"2.804967";"66.78493";"16.90198";"-0.2517014";"23.38069";"46.72535";"2.804967";"66.78493";"16.90198";"-0.2517014";"23.38069";"46.72535"
"3345.008";"2.838288";"66.78293";"16.88736";"-0.2543526";"23.38469";"46.72469";"2.838288";"66.78293";"16.88736";"-0.2543526";"23.38469";"46.72469"
"3353.35";"2.858834";"66.78862";"16.30976";"-0.2409325";"23.43579";"46.72623";"2.858834";"66.78862";"16.30976";"-0.2409325";"23.43579";"46.72623"
"3361.692";"2.871811";"66.78889";"16.88946";"-0.2377548";"23.45418";"46.72682";"2.871811";"66.78889";"16.88946";"-0.2377548";"23.45418";"46.72682"
"3370.033";"2.90272";"66.79301";"16.35777";"-0.2519989";"23.48126";"46.72401";"2.90272";"66.79301";"16.35777";"-0.2519989";"23.48126";"46.72401"
"3378.375";"2.923493";"66.79153";"14.48559";"-0.2485504";"23.51477";"46.73349";"2.923493";"66.79153";"14.48559";"-0.2485504";"23.51477";"46.73349"
"3386.717";"2.952695";"66.79994";"16.79593";"-0.2574081";"23.53153";"46.72871";"2.952695";"66.79994";"16.79593";"-0.2574081";"23.53153";"46.72871"
"3395.058";"2.993095";"66.79163";"17.11291";"-0.2719116";"23.58908";"46.73898";"2.993095";"66.79163";"17.11291";"-0.2719116";"23.58908";"46.73898"
"3403.4";"3.022607";"66.79816";"16.90981";"-0.2766533";"23.6013";"46.74983";"3.022607";"66.79816";"16.90981";"-0.2766533";"23.6013";"46.74983"
"3411.742";"3.048036";"66.79591";"16.45478";"-0.2923393";"23.64482";"46.75487";"3.048036";"66.79591";"16.45478";"-0.2923393";"23.64482";"46.75487"
"3420.083";"3.074098";"66.80434";"16.99891";"-0.2460289";"23.67829";"46.75423";"3.074098";"66.80434";"16.99891";"-0.2460289";"23.67829";"46.75423"
"3428.425";"3.107371";"66.80929";"18.64916";"-0.2632446";"23.69957";"46.7582";"3.107371";"66.80929";"18.64916";"-0.2632446";"23.69957";"46.7582"
"3436.767";"3.129362";"66.80776";"17.78337";"-0.2660522";"23.72038";"46.75669";"3.129362";"66.80776";"17.78337";"-0.2660522";"23.72038";"46.75669"
"3445.108";"3.175755";"66.81203";"19.18509";"-0.2628403";"23.77068";"46.76052";"3.175755";"66.81203";"19.18509";"-0.2628403";"23.77068";"46.76052"
"3453.45";"3.194475";"66.799";"17.67477";"-0.2881241";"23.8078";"46.76715";"3.194475";"66.799";"17.67477";"-0.2881241";"23.8078";"46.76715"
"3461.792";"3.240964";"66.804";"16.68629";"-0.2622299";"23.83446";"46.77907";"3.240964";"66.804";"16.68629";"-0.2622299";"23.83446";"46.77907"
"3470.133";"3.273341";"66.81273";"16.72883";"-0.2355232";"23.8693";"46.77626";"3.273341";"66.81273";"16.72883";"-0.2355232";"23.8693";"46.77626"
"3478.475";"3.299093";"66.81265";"16.77757";"-0.2178535";"23.91347";"46.7817";"3.299093";"66.81265";"16.77757";"-0.2178535";"23.91347";"46.7817"
"3486.817";"3.327423";"66.81966";"15.85683";"-0.2657776";"23.96146";"46.78105";"3.327423";"66.81966";"15.85683";"-0.2657776";"23.96146";"46.78105"
"3495.158";"3.356111";"66.82391";"16.98096";"-0.3119316";"23.99553";"46.79971";"3.356111";"66.82391";"16.98096";"-0.3119316";"23.99553";"46.79971"
"3503.5";"3.394386";"66.80893";"16.96031";"-0.1970215";"24.02108";"46.80354";"3.394386";"66.80893";"16.96031";"-0.1970215";"24.02108";"46.80354"
"3511.842";"3.420006";"66.81413";"16.95856";"-0.2145119";"24.04841";"46.80232";"3.420006";"66.81413";"16.95856";"-0.2145119";"24.04841";"46.80232"
"3520.183";"3.449292";"66.81119";"16.95119";"-0.2199326";"24.07397";"46.80563";"3.449292";"66.81119";"16.95119";"-0.2199326";"24.07397";"46.80563"
"3528.525";"3.469695";"66.81364";"16.91531";"-0.1236229";"24.10088";"46.81103";"3.469695";"66.81364";"16.91531";"-0.1236229";"24.10088";"46.81103"
"3536.867";"3.497416";"66.81715";"17.27371";"-0.1863594";"24.13957";"46.80058";"3.497416";"66.81715";"17.27371";"-0.1863594";"24.13957";"46.80058"
"3545.208";"3.516076";"66.82094";"17.187";"-0.1657562";"24.19115";"46.80717";"3.516076";"66.82094";"17.187";"-0.1657562";"24.19115";"46.80717"
"3553.55";"3.548203";"66.82431";"18.39837";"-0.2231216";"24.21265";"46.82138";"3.548203";"66.82431";"18.39837";"-0.2231216";"24.21265";"46.82138"
"3561.892";"3.582252";"66.81106";"17.08451";"-0.2429008";"24.23958";"46.82895";"3.582252";"66.81106";"17.08451";"-0.2429008";"24.23958";"46.82895"
"3570.233";"3.60349";"66.81039";"17.9277";"-0.2125893";"24.25938";"46.82966";"3.60349";"66.81039";"17.9277";"-0.2125893";"24.25938";"46.82966"
"3578.575";"3.627988";"66.81499";"18.59931";"-0.2740631";"24.29192";"46.83678";"3.627988";"66.81499";"18.59931";"-0.2740631";"24.29192";"46.83678"
"3586.917";"3.650779";"66.81203";"17.89524";"-0.2512817";"24.32073";"46.8273";"3.650779";"66.81203";"17.89524";"-0.2512817";"24.32073";"46.8273"
"3595.258";"3.667123";"66.80265";"17.92104";"-0.2390938";"24.34064";"46.82325";"3.667123";"66.80265";"17.92104";"-0.2390938";"24.34064";"46.82325"
"3603.6";"3.70498";"66.80632";"18.358";"-0.257576";"24.38713";"46.81794";"3.70498";"66.80632";"18.358";"-0.257576";"24.38713";"46.81794"
"3611.942";"3.737823";"66.80646";"15.87125";"-0.2740746";"24.42796";"46.81656";"3.737823";"66.80646";"15.87125";"-0.2740746";"24.42796";"46.81656"
"3620.283";"3.763419";"66.80661";"17.13492";"-0.2708855";"24.45666";"46.82948";"3.763419";"66.80661";"17.13492";"-0.2708855";"24.45666";"46.82948"
"3628.625";"3.80924";"66.7987";"16.38996";"-0.2664223";"24.47415";"46.82862";"3.80924";"66.7987";"16.38996";"-0.2664223";"24.47415";"46.82862"
"3636.967";"3.82661";"66.80289";"16.43514";"-0.2841721";"24.5034";"46.82867";"3.82661";"66.80289";"16.43514";"-0.2841721";"24.5034";"46.82867"
"3645.308";"3.853926";"66.80305";"18.52174";"-0.2697639";"24.54004";"46.83152";"3.853926";"66.80305";"18.52174";"-0.2697639";"24.54004";"46.83152"
"3653.65";"3.883832";"66.80882";"16.24975";"-0.2812729";"24.59464";"46.84296";"3.883832";"66.80882";"16.24975";"-0.2812729";"24.59464";"46.84296"
"3661.992";"3.918394";"66.8099";"16.29389";"-0.2723427";"24.61831";"46.84573";"3.918394";"66.8099";"16.29389";"-0.2723427";"24.61831";"46.84573"
"3670.333";"3.939991";"66.81028";"18.65917";"-0.2706223";"24.6513";"46.85162";"3.939991";"66.81028";"18.65917";"-0.2706223";"24.6513";"46.85162"
"3678.675";"3.989118";"66.79533";"19.19846";"-0.2709351";"24.69183";"46.85221";"3.989118";"66.79533";"19.19846";"-0.2709351";"24.69183";"46.85221"
"3687.017";"4.005987";"66.7894";"17.16579";"-0.3052444";"24.7317";"46.84383";"4.005987";"66.7894";"17.16579";"-0.3052444";"24.7317";"46.84383"
"3695.358";"4.045146";"66.79586";"18.98108";"-0.3074417";"24.74831";"46.84048";"4.045146";"66.79586";"18.98108";"-0.3074417";"24.74831";"46.84048"
"3703.7";"4.054768";"66.79436";"17.34471";"-0.2616081";"24.78635";"46.85719";"4.054768";"66.79436";"17.34471";"-0.2616081";"24.78635";"46.85719"
"3712.042";"4.076353";"66.79887";"15.94601";"-0.2910728";"24.8171";"46.86195";"4.076353";"66.79887";"15.94601";"-0.2910728";"24.8171";"46.86195"
"3720.383";"4.102081";"66.80022";"16.49368";"-0.2483215";"24.84163";"46.87019";"4.102081";"66.80022";"16.49368";"-0.2483215";"24.84163";"46.87019"
"3728.725";"4.136333";"66.80747";"16.19866";"-0.3179588";"24.86922";"46.87541";"4.136333";"66.80747";"16.19866";"-0.3179588";"24.86922";"46.87541"
"3737.067";"4.158658";"66.8037";"16.58766";"-0.29216";"24.90701";"46.86797";"4.158658";"66.8037";"16.58766";"-0.29216";"24.90701";"46.86797"
"3745.408";"4.18885";"66.79137";"16.89153";"-0.2559395";"24.93584";"46.87102";"4.18885";"66.79137";"16.89153";"-0.2559395";"24.93584";"46.87102"
"3753.75";"4.213241";"66.79056";"15.98157";"-0.311573";"24.96935";"46.86472";"4.213241";"66.79056";"15.98157";"-0.311573";"24.96935";"46.86472"
"3762.092";"4.253975";"66.79073";"15.30023";"-0.2416382";"25.00483";"46.87647";"4.253975";"66.79073";"15.30023";"-0.2416382";"25.00483";"46.87647"
"3770.433";"4.263132";"66.78922";"16.01505";"-0.2301292";"25.03389";"46.88582";"4.263132";"66.78922";"16.01505";"-0.2301292";"25.03389";"46.88582"
"3778.775";"4.3021";"66.79101";"16.5536";"-0.2868118";"25.06369";"46.88925";"4.3021";"66.79101";"16.5536";"-0.2868118";"25.06369";"46.88925"
"3787.117";"4.319172";"66.79474";"16.96022";"-0.1848221";"25.11005";"46.88871";"4.319172";"66.79474";"16.96022";"-0.1848221";"25.11005";"46.88871"
"3795.458";"4.346726";"66.79842";"16.9766";"-0.2534561";"25.15088";"46.89645";"4.346726";"66.79842";"16.9766";"-0.2534561";"25.15088";"46.89645"
"3803.8";"4.378065";"66.78318";"15.70624";"-0.2662544";"25.17965";"46.89636";"4.378065";"66.78318";"15.70624";"-0.2662544";"25.17965";"46.89636"
"3812.142";"4.420184";"66.78757";"16.76597";"-0.2966499";"25.22179";"46.90381";"4.420184";"66.78757";"16.76597";"-0.2966499";"25.22179";"46.90381"
"3820.483";"4.436468";"66.785";"16.84267";"-0.3082657";"25.25825";"46.90231";"4.436468";"66.785";"16.84267";"-0.3082657";"25.25825";"46.90231"
"3828.825";"4.473979";"66.78838";"16.94331";"-0.4890747";"25.27558";"46.90681";"4.473979";"66.78838";"16.94331";"-0.4890747";"25.27558";"46.90681"
"3837.167";"4.50102";"66.7859";"15.90943";"-0.3665123";"25.31131";"46.89972";"4.50102";"66.7859";"15.90943";"-0.3665123";"25.31131";"46.89972"
"3845.508";"4.520707";"66.78493";"17.90457";"-0.3907738";"25.36546";"46.9051";"4.520707";"66.78493";"17.90457";"-0.3907738";"25.36546";"46.9051"
"3853.85";"4.552977";"66.77647";"17.4988";"-0.3849106";"25.38846";"46.9078";"4.552977";"66.77647";"17.4988";"-0.3849106";"25.38846";"46.9078"
"3862.192";"4.586524";"66.77667";"18.17294";"-0.3942604";"25.41899";"46.91286";"4.586524";"66.77667";"18.17294";"-0.3942604";"25.41899";"46.91286"
"3870.533";"4.607763";"66.77913";"17.1302";"-0.4368553";"25.44142";"46.92212";"4.607763";"66.77913";"17.1302";"-0.4368553";"25.44142";"46.92212"
"3878.875";"4.633646";"66.78618";"15.69222";"-0.4502144";"25.48695";"46.92281";"4.633646";"66.78618";"15.69222";"-0.4502144";"25.48695";"46.92281"
"3887.217";"4.657081";"66.78297";"17.92378";"-0.4259338";"25.52801";"46.92129";"4.657081";"66.78297";"17.92378";"-0.4259338";"25.52801";"46.92129"
"3895.558";"4.689053";"66.78077";"18.39143";"-0.4647217";"25.53956";"46.92308";"4.689053";"66.78077";"18.39143";"-0.4647217";"25.53956";"46.92308"
"3903.9";"4.706948";"66.77906";"16.96145";"-0.4912376";"25.57902";"46.92194";"4.706948";"66.77906";"16.96145";"-0.4912376";"25.57902";"46.92194"
"3912.242";"4.736258";"66.77422";"16.58341";"-0.4194603";"25.60606";"46.91803";"4.736258";"66.77422";"16.58341";"-0.4194603";"25.60606";"46.91803"
"3920.583";"4.780395";"66.76014";"18.08076";"-0.4504662";"25.64365";"46.92923";"4.780395";"66.76014";"18.08076";"-0.4504662";"25.64365";"46.92923"
"3928.925";"4.817941";"66.75896";"18.49212";"-0.5725021";"25.66666";"46.94001";"4.817941";"66.75896";"18.49212";"-0.5725021";"25.66666";"46.94001"
"3937.267";"4.812796";"66.76646";"15.96587";"-0.4887047";"25.70169";"46.93584";"4.812796";"66.76646";"15.96587";"-0.4887047";"25.70169";"46.93584"
"3945.608";"4.835718";"66.76883";"15.96348";"-0.5142899";"25.74077";"46.94209";"4.835718";"66.76883";"15.96348";"-0.5142899";"25.74077";"46.94209"
"3953.95";"4.860598";"66.77316";"15.81432";"-0.4717751";"25.76175";"46.93995";"4.860598";"66.77316";"15.81432";"-0.4717751";"25.76175";"46.93995"
"3962.292";"4.888546";"66.77293";"17.13683";"-0.4777946";"25.80075";"46.95155";"4.888546";"66.77293";"17.13683";"-0.4777946";"25.80075";"46.95155"
"3970.633";"4.905093";"66.77046";"15.34749";"-0.4482079";"25.82549";"46.95586";"4.905093";"66.77046";"15.34749";"-0.4482079";"25.82549";"46.95586"
"3978.975";"4.966875";"66.7477";"15.26076";"-0.4541092";"25.84086";"46.95623";"4.966875";"66.7477";"15.26076";"-0.4541092";"25.84086";"46.95623"
"3987.317";"4.991623";"66.74519";"14.67626";"-0.4485664";"25.87662";"46.94741";"4.991623";"66.74519";"14.67626";"-0.4485664";"25.87662";"46.94741"
"3995.658";"5.028538";"66.74763";"15.80061";"-0.4389572";"25.92871";"46.95592";"5.028538";"66.74763";"15.80061";"-0.4389572";"25.92871";"46.95592"
"4004";"5.051173";"66.7445";"16.76026";"-0.4315681";"25.96563";"46.96732";"5.051173";"66.7445";"16.76026";"-0.4315681";"25.96563";"46.96732"
"4012.342";"5.082011";"66.75382";"16.77065";"-0.4361267";"26.00846";"46.97047";"5.082011";"66.75382";"16.77065";"-0.4361267";"26.00846";"46.97047"
"4020.683";"5.104002";"66.75722";"16.76761";"-0.4266624";"26.03117";"46.98213";"5.104002";"66.75722";"16.76761";"-0.4266624";"26.03117";"46.98213"
"4029.025";"5.134015";"66.75504";"15.79629";"-0.428009";"26.07674";"46.96865";"5.134015";"66.75504";"15.79629";"-0.428009";"26.07674";"46.96865"
"4037.367";"5.16496";"66.73829";"15.97434";"-0.4097786";"26.1115";"46.97709";"5.16496";"66.73829";"15.97434";"-0.4097786";"26.1115";"46.97709"
"4045.708";"5.200214";"66.73914";"15.97385";"-0.4364853";"26.13082";"46.97659";"5.200214";"66.73914";"15.97385";"-0.4364853";"26.13082";"46.97659"
"4054.05";"5.227661";"66.73624";"15.97";"-0.4352798";"26.17352";"46.98115";"5.227661";"66.73624";"15.97";"-0.4352798";"26.17352";"46.98115"
"4062.392";"5.254547";"66.73938";"17.31176";"-0.4863052";"26.21894";"46.98656";"5.254547";"66.73938";"17.31176";"-0.4863052";"26.21894";"46.98656"
"4070.733";"5.275558";"66.73759";"16.17956";"-0.4512405";"26.25514";"46.99745";"5.275558";"66.73759";"16.17956";"-0.4512405";"26.25514";"46.99745"
"4079.075";"5.302289";"66.74063";"16.16523";"-0.4742355";"26.24188";"47.00691";"5.302289";"66.74063";"16.16523";"-0.4742355";"26.24188";"47.00691"
"4087.417";"5.32619";"66.74113";"16.22812";"-0.4378242";"26.31541";"46.99371";"5.32619";"66.74113";"16.22812";"-0.4378242";"26.31541";"46.99371"
"4095.758";"5.346044";"66.71616";"16.30552";"-0.4140549";"26.3602";"47.00209";"5.346044";"66.71616";"16.30552";"-0.4140549";"26.3602";"47.00209"
"4104.1";"5.380618";"66.72455";"14.95995";"-0.4185066";"26.35633";"47.0153";"5.380618";"66.72455";"14.95995";"-0.4185066";"26.35633";"47.0153"
"4112.442";"5.414177";"66.72837";"15.02548";"-0.4298859";"26.39792";"47.01835";"5.414177";"66.72837";"15.02548";"-0.4298859";"26.39792";"47.01835"
"4120.783";"5.434389";"66.72336";"14.63263";"-0.4279137";"26.42704";"47.02621";"5.434389";"66.72336";"14.63263";"-0.4279137";"26.42704";"47.02621"
"4129.125";"5.459186";"66.72047";"15.02865";"-0.4405441";"26.46115";"47.01584";"5.459186";"66.72047";"15.02865";"-0.4405441";"26.46115";"47.01584"
"4137.467";"5.483063";"66.72327";"14.39789";"-0.4677544";"26.48536";"47.01377";"5.483063";"66.72327";"14.39789";"-0.4677544";"26.48536";"47.01377"
"4145.808";"5.500517";"66.7188";"14.42085";"-0.4156876";"26.52343";"47.01865";"5.500517";"66.7188";"14.42085";"-0.4156876";"26.52343";"47.01865"
"4154.15";"5.539341";"66.69902";"14.42478";"-0.4271393";"26.55618";"47.02672";"5.539341";"66.69902";"14.42478";"-0.4271393";"26.55618";"47.02672"
"4162.492";"5.551435";"66.69905";"14.32404";"-0.3783226";"26.59836";"47.03181";"5.551435";"66.69905";"14.32404";"-0.3783226";"26.59836";"47.03181"
"4170.833";"5.590641";"66.70663";"14.31076";"-0.4417152";"26.61192";"47.03564";"5.590641";"66.70663";"14.31076";"-0.4417152";"26.61192";"47.03564"
"4179.175";"5.624857";"66.70956";"14.41728";"-0.430088";"26.65036";"47.04754";"5.624857";"66.70956";"14.41728";"-0.430088";"26.65036";"47.04754"
"4187.517";"5.639792";"66.71039";"14.41644";"-0.4335365";"26.67324";"47.02773";"5.639792";"66.71039";"14.41644";"-0.4335365";"26.67324";"47.02773"
"4195.858";"5.671657";"66.7054";"14.39392";"-0.4260406";"26.7134";"47.02862";"5.671657";"66.7054";"14.39392";"-0.4260406";"26.7134";"47.02862"
"4204.2";"5.693182";"66.7044";"14.65339";"-0.4084892";"26.7522";"47.03902";"5.693182";"66.7044";"14.65339";"-0.4084892";"26.7522";"47.03902"
"4212.542";"5.720103";"66.7037";"16.21505";"-0.4330482";"26.75812";"47.04059";"5.720103";"66.7037";"16.21505";"-0.4330482";"26.75812";"47.04059"
"4220.883";"5.752314";"66.68286";"14.45228";"-0.4560661";"26.8034";"47.04675";"5.752314";"66.68286";"14.45228";"-0.4560661";"26.8034";"47.04675"
"4229.225";"5.785933";"66.68102";"16.46054";"-0.3616905";"26.84156";"47.05706";"5.785933";"66.68102";"16.46054";"-0.3616905";"26.84156";"47.05706"
"4237.567";"5.806694";"66.68398";"14.53379";"-0.4710846";"26.8679";"47.04144";"5.806694";"66.68398";"14.53379";"-0.4710846";"26.8679";"47.04144"
"4245.908";"5.846915";"66.68642";"13.78549";"-0.4555168";"26.90119";"47.05508";"5.846915";"66.68642";"13.78549";"-0.4555168";"26.90119";"47.05508"
"4254.25";"5.854926";"66.6861";"14.27389";"-0.4638596";"26.9407";"47.05272";"5.854926";"66.6861";"14.27389";"-0.4638596";"26.9407";"47.05272"
"4262.592";"5.888425";"66.68272";"14.58388";"-0.4595642";"26.98684";"47.06776";"5.888425";"66.68272";"14.58388";"-0.4595642";"26.98684";"47.06776"
"4270.933";"5.910559";"66.68784";"13.83476";"-0.4185791";"27.00143";"47.06841";"5.910559";"66.68784";"13.83476";"-0.4185791";"27.00143";"47.06841"
"4279.275";"5.937314";"66.66112";"13.65069";"-0.4186249";"27.03593";"47.0733";"5.937314";"66.66112";"13.65069";"-0.4186249";"27.03593";"47.0733"
"4287.617";"5.964498";"66.67177";"13.46332";"-0.3853645";"27.04881";"47.0743";"5.964498";"66.67177";"13.46332";"-0.3853645";"27.04881";"47.0743"
"4295.958";"5.982406";"66.66759";"12.61725";"-0.4389572";"27.10051";"47.07155";"5.982406";"66.66759";"12.61725";"-0.4389572";"27.10051";"47.07155"
"4304.3";"6.013315";"66.6664";"13.53395";"-0.3652229";"27.12898";"47.07635";"6.013315";"66.6664";"13.53395";"-0.3652229";"27.12898";"47.07635"
"4312.642";"6.040331";"66.66894";"12.98203";"-0.4858398";"27.15941";"47.08273";"6.040331";"66.66894";"12.98203";"-0.4858398";"27.15941";"47.08273"
"4320.983";"6.058347";"66.66885";"13.29954";"-0.594471";"27.19348";"47.08799";"6.058347";"66.66885";"13.29954";"-0.594471";"27.19348";"47.08799"
"4329.325";"6.089041";"66.66109";"13.84189";"-0.4940529";"27.21857";"47.10039";"6.089041";"66.66109";"13.84189";"-0.4940529";"27.21857";"47.10039"
"4337.667";"6.115186";"66.66602";"13.20893";"-0.5135269";"27.26214";"47.08417";"6.115186";"66.66602";"13.20893";"-0.5135269";"27.26214";"47.08417"
"4346.008";"6.150859";"66.6441";"13.53532";"-0.5960464";"27.28899";"47.09098";"6.150859";"66.6441";"13.53532";"-0.5960464";"27.28899";"47.09098"
"4354.35";"6.174354";"66.64728";"14.11693";"-0.5746613";"27.32191";"47.09443";"6.174354";"66.64728";"14.11693";"-0.5746613";"27.32191";"47.09443"
"4362.692";"6.202397";"66.64082";"14.40648";"-0.6126404";"27.35519";"47.10027";"6.202397";"66.64082";"14.40648";"-0.6126404";"27.35519";"47.10027"
"4371.033";"6.226645";"66.64806";"13.85521";"-0.6117783";"27.39363";"47.1072";"6.226645";"66.64806";"13.85521";"-0.6117783";"27.39363";"47.1072"
"4379.375";"6.263738";"66.64571";"13.63037";"-0.6082573";"27.42229";"47.1158";"6.263738";"66.64571";"13.63037";"-0.6082573";"27.42229";"47.1158"
"4387.717";"6.287508";"66.6485";"13.95356";"-0.6218071";"27.45791";"47.09354";"6.287508";"66.6485";"13.95356";"-0.6218071";"27.45791";"47.09354"
"4396.058";"6.335907";"66.63618";"13.94384";"-0.6287804";"27.50174";"47.09946";"6.335907";"66.63618";"13.94384";"-0.6287804";"27.50174";"47.09946"
"4404.4";"6.347284";"66.63465";"14.49209";"-0.5443764";"27.53576";"47.11253";"6.347284";"66.63465";"14.49209";"-0.5443764";"27.53576";"47.11253"
"4412.742";"6.390287";"66.63718";"14.47897";"-0.5261078";"27.54865";"47.11203";"6.390287";"66.63718";"14.47897";"-0.5261078";"27.54865";"47.11203"
"4421.083";"6.40293";"66.63876";"14.04941";"-0.5719528";"27.58797";"47.12394";"6.40293";"66.63876";"14.04941";"-0.5719528";"27.58797";"47.12394"
"4429.425";"6.440596";"66.63801";"13.80231";"-0.6001053";"27.62143";"47.13416";"6.440596";"66.63801";"13.80231";"-0.6001053";"27.62143";"47.13416"
"4437.767";"6.460736";"66.63876";"13.26201";"-0.6507721";"27.64588";"47.11412";"6.460736";"66.63876";"13.26201";"-0.6507721";"27.64588";"47.11412"
"4446.108";"6.481569";"66.636";"13.12317";"-0.6390228";"27.67827";"47.11357";"6.481569";"66.636";"13.12317";"-0.6390228";"27.67827";"47.11357"
"4454.45";"6.512371";"66.6199";"15.57246";"-0.605011";"27.70479";"47.11874";"6.512371";"66.6199";"15.57246";"-0.605011";"27.70479";"47.11874"
"4462.792";"6.553929";"66.62463";"15.92544";"-0.5800934";"27.74065";"47.12411";"6.553929";"66.62463";"15.92544";"-0.5800934";"27.74065";"47.12411"
"4471.133";"6.567598";"66.62412";"16.94032";"-0.5706406";"27.7681";"47.13638";"6.567598";"66.62412";"16.94032";"-0.5706406";"27.7681";"47.13638"
"4479.475";"6.594914";"66.62497";"16.93678";"-0.5975266";"27.79734";"47.139";"6.594914";"66.62497";"16.93678";"-0.5975266";"27.79734";"47.139"
"4487.817";"6.614469";"66.62501";"17.11858";"-0.6015854";"27.82642";"47.14244";"6.614469";"66.62501";"17.11858";"-0.6015854";"27.82642";"47.14244"
"4496.158";"6.650118";"66.61769";"15.59244";"-0.4603882";"27.87557";"47.12778";"6.650118";"66.61769";"15.59244";"-0.4603882";"27.87557";"47.12778"
"4504.5";"6.667393";"66.61769";"15.53232";"-0.4769936";"27.90274";"47.13091";"6.667393";"66.61769";"15.53232";"-0.4769936";"27.90274";"47.13091"
"4512.842";"6.685874";"66.62017";"13.84429";"-0.3625641";"27.93156";"47.13718";"6.685874";"66.62017";"13.84429";"-0.3625641";"27.93156";"47.13718"
"4521.183";"6.724257";"66.60377";"13.90888";"-0.5708656";"27.96221";"47.15189";"6.724257";"66.60377";"13.90888";"-0.5708656";"27.96221";"47.15189"
"4529.525";"6.73912";"66.59874";"13.93068";"-0.5536499";"27.99585";"47.15976";"6.73912";"66.59874";"13.93068";"-0.5536499";"27.99585";"47.15976"
"4537.867";"6.775019";"66.60265";"14.05151";"-0.4960709";"28.03003";"47.14018";"6.775019";"66.60265";"14.05151";"-0.4960709";"28.03003";"47.14018"
"4546.208";"6.796926";"66.60606";"14.54555";"-0.4828796";"28.05468";"47.14428";"6.796926";"66.60606";"14.54555";"-0.4828796";"28.05468";"47.14428"
"4554.55";"6.820278";"66.60316";"13.14367";"-0.4968948";"28.10025";"47.15827";"6.820278";"66.60316";"13.14367";"-0.4968948";"28.10025";"47.15827"
"4562.892";"6.856034";"66.60353";"13.40787";"-0.4262428";"28.1241";"47.17224";"6.856034";"66.60353";"13.40787";"-0.4262428";"28.1241";"47.17224"
"4571.233";"6.880103";"66.60112";"13.56772";"-0.4707375";"28.15942";"47.17542";"6.880103";"66.60112";"13.56772";"-0.4707375";"28.15942";"47.17542"
"4579.575";"6.907215";"66.5847";"13.08794";"-0.456974";"28.19585";"47.19144";"6.907215";"66.5847";"13.08794";"-0.456974";"28.19585";"47.19144"
"4587.917";"6.933897";"66.58502";"13.09875";"-0.4549446";"28.23056";"47.16087";"6.933897";"66.58502";"13.09875";"-0.4549446";"28.23056";"47.16087"
"4596.258";"6.950671";"66.58143";"13.09999";"-0.4583931";"28.25076";"47.16767";"6.950671";"66.58143";"13.09999";"-0.4583931";"28.25076";"47.16767"
"4604.6";"6.982201";"66.58133";"13.09869";"-0.4576187";"28.29402";"47.17915";"6.982201";"66.58133";"13.09869";"-0.4576187";"28.29402";"47.17915"
"4612.942";"6.995978";"66.57758";"13.63477";"-0.441597";"28.3374";"47.18208";"6.995978";"66.57758";"13.63477";"-0.441597";"28.3374";"47.18208"
"4621.283";"7.033418";"66.57346";"13.38939";"-0.4981842";"28.37423";"47.19292";"7.033418";"66.57346";"13.38939";"-0.4981842";"28.37423";"47.19292"
"4629.625";"7.043494";"66.56877";"13.87305";"-0.6201477";"28.35619";"47.20863";"7.043494";"66.56877";"13.87305";"-0.6201477";"28.35619";"47.20863"
"4637.967";"7.108153";"66.54848";"13.47478";"-0.5160103";"28.39556";"47.21326";"7.108153";"66.54848";"13.47478";"-0.5160103";"28.39556";"47.21326"
"4646.308";"7.127851";"66.54112";"13.54453";"-0.4370842";"28.45575";"47.19833";"7.127851";"66.54112";"13.54453";"-0.4370842";"28.45575";"47.19833"
"4654.65";"7.157256";"66.54488";"13.51191";"-0.4290123";"28.5001";"47.19874";"7.157256";"66.54488";"13.51191";"-0.4290123";"28.5001";"47.19874"
"4662.992";"7.172693";"66.54143";"13.50471";"-0.4352455";"28.50553";"47.20697";"7.172693";"66.54143";"13.50471";"-0.4352455";"28.50553";"47.20697"
"4671.333";"7.202468";"66.54128";"13.50265";"-0.4467163";"28.52427";"47.21118";"7.202468";"66.54128";"13.50265";"-0.4467163";"28.52427";"47.21118"
"4679.675";"7.213976";"66.53672";"13.70545";"-0.4491768";"28.56731";"47.227";"7.213976";"66.53672";"13.70545";"-0.4491768";"28.56731";"47.227"
"4688.017";"7.248825";"66.53055";"16.38478";"-0.4273529";"28.59661";"47.23438";"7.248825";"66.53055";"16.38478";"-0.4273529";"28.59661";"47.23438"
"4696.358";"7.288198";"66.53353";"15.93714";"-0.4630241";"28.60338";"47.23579";"7.288198";"66.53353";"15.93714";"-0.4630241";"28.60338";"47.23579"
"4704.7";"7.304817";"66.50847";"16.49955";"-0.3985939";"28.66428";"47.2217";"7.304817";"66.50847";"16.49955";"-0.3985939";"28.66428";"47.2217"
"4713.042";"7.341492";"66.50574";"16.57507";"-0.4282379";"28.70209";"47.22992";"7.341492";"66.50574";"16.57507";"-0.4282379";"28.70209";"47.22992"
"4721.383";"7.360618";"66.50717";"15.79763";"-0.4489861";"28.7225";"47.23568";"7.360618";"66.50717";"15.79763";"-0.4489861";"28.7225";"47.23568"
"4729.725";"7.384244";"66.50533";"15.80841";"-0.4525566";"28.76183";"47.24223";"7.384244";"66.50533";"15.80841";"-0.4525566";"28.76183";"47.24223"
"4738.067";"7.404086";"66.50661";"13.37036";"-0.4520416";"28.77839";"47.24189";"7.404086";"66.50661";"13.37036";"-0.4520416";"28.77839";"47.24189"
"4746.408";"7.431581";"66.50024";"15.73221";"-0.4387894";"28.81533";"47.23014";"7.431581";"66.50024";"15.73221";"-0.4387894";"28.81533";"47.23014"
"4754.75";"7.451077";"66.50014";"15.06366";"-0.449894";"28.85051";"47.23424";"7.451077";"66.50014";"15.06366";"-0.449894";"28.85051";"47.23424"
"4763.092";"7.485674";"66.47612";"15.18232";"-0.497097";"28.87632";"47.2397";"7.485674";"66.47612";"15.18232";"-0.497097";"28.87632";"47.2397"
"4771.433";"7.50911";"66.47914";"15.80406";"-0.4269218";"28.91474";"47.25088";"7.50911";"66.47914";"15.80406";"-0.4269218";"28.91474";"47.25088"
"4779.775";"7.535363";"66.47312";"16.63937";"-0.4738426";"28.95856";"47.25563";"7.535363";"66.47312";"16.63937";"-0.4738426";"28.95856";"47.25563"
"4788.117";"7.563311";"66.4746";"17.05901";"-0.4646988";"28.96803";"47.2709";"7.563311";"66.4746";"17.05901";"-0.4646988";"28.96803";"47.2709"
"4796.458";"7.597479";"66.47607";"17.7058";"-0.3748817";"28.9983";"47.27624";"7.597479";"66.47607";"17.7058";"-0.3748817";"28.9983";"47.27624"
"4804.8";"7.610289";"66.47424";"16.4894";"-0.3782501";"29.05483";"47.26143";"7.610289";"66.47424";"16.4894";"-0.3782501";"29.05483";"47.26143"
"4813.142";"7.622753";"66.46515";"16.48116";"-0.3747978";"29.07101";"47.2669";"7.622753";"66.46515";"16.48116";"-0.3747978";"29.07101";"47.2669"
"4821.483";"7.657853";"66.47144";"15.88172";"-0.3872414";"29.10945";"47.26921";"7.657853";"66.47144";"15.88172";"-0.3872414";"29.10945";"47.26921"
"4829.825";"7.672334";"66.46536";"15.53196";"-0.3476143";"29.13136";"47.27772";"7.672334";"66.46536";"15.53196";"-0.3476143";"29.13136";"47.27772"
"4838.167";"7.711385";"66.44714";"16.20133";"-0.426506";"29.16461";"47.28742";"7.711385";"66.44714";"16.20133";"-0.426506";"29.16461";"47.28742"
"4846.508";"7.74855";"66.44762";"17.49451";"-0.4545479";"29.21625";"47.27829";"7.74855";"66.44762";"17.49451";"-0.4545479";"29.21625";"47.27829"
"4854.85";"7.763473";"66.44653";"15.69447";"-0.406498";"29.2536";"47.27384";"7.763473";"66.44653";"15.69447";"-0.406498";"29.2536";"47.27384"
"4863.192";"7.772773";"66.4397";"16.86404";"-0.4050751";"29.27237";"47.28242";"7.772773";"66.4397";"16.86404";"-0.4050751";"29.27237";"47.28242"
"4871.533";"7.80755";"66.44959";"15.79777";"-0.4269485";"29.30691";"47.2907";"7.80755";"66.44959";"15.79777";"-0.4269485";"29.30691";"47.2907"
"4879.875";"7.831869";"66.44323";"16.60457";"-0.4345284";"29.35124";"47.29825";"7.831869";"66.44323";"16.60457";"-0.4345284";"29.35124";"47.29825"
"4888.217";"7.857728";"66.42176";"15.57536";"-0.4377022";"29.37873";"47.31281";"7.857728";"66.42176";"15.57536";"-0.4377022";"29.37873";"47.31281"
"4896.558";"7.891084";"66.41147";"15.6922";"-0.4161301";"29.42712";"47.31161";"7.891084";"66.41147";"15.6922";"-0.4161301";"29.42712";"47.31161"
"4904.9";"7.916609";"66.40988";"16.55292";"-0.456089";"29.46844";"47.30858";"7.916609";"66.40988";"16.55292";"-0.456089";"29.46844";"47.30858"
"4913.242";"7.928094";"66.40424";"16.50277";"-0.4302559";"29.47995";"47.31583";"7.928094";"66.40424";"16.50277";"-0.4302559";"29.47995";"47.31583"
"4921.583";"7.961283";"66.41203";"17.98002";"-0.4362717";"29.52769";"47.32022";"7.961283";"66.41203";"17.98002";"-0.4362717";"29.52769";"47.32022"
"4929.925";"7.986474";"66.40366";"16.75658";"-0.4589195";"29.56662";"47.32221";"7.986474";"66.40366";"16.75658";"-0.4589195";"29.56662";"47.32221"
"4938.267";"8.006531";"66.40422";"16.49887";"-0.4238205";"29.5727";"47.33286";"8.006531";"66.40422";"16.49887";"-0.4238205";"29.5727";"47.33286"
"4946.608";"8.038406";"66.40195";"16.43711";"-0.4207153";"29.6186";"47.32455";"8.038406";"66.40195";"16.43711";"-0.4207153";"29.6186";"47.32455"
"4954.95";"8.058308";"66.39896";"17.35327";"-0.3961449";"29.67298";"47.32849";"8.058308";"66.39896";"17.35327";"-0.3961449";"29.67298";"47.32849"
"4963.292";"8.081862";"66.38153";"16.58555";"-0.4673729";"29.69151";"47.33572";"8.081862";"66.38153";"16.58555";"-0.4673729";"29.69151";"47.33572"
"4971.633";"8.115314";"66.38124";"17.2608";"-0.3903084";"29.72434";"47.33703";"8.115314";"66.38124";"17.2608";"-0.3903084";"29.72434";"47.33703"
"4979.975";"8.132243";"66.37523";"16.89913";"-0.4283447";"29.76139";"47.35051";"8.132243";"66.37523";"16.89913";"-0.4283447";"29.76139";"47.35051"
"4988.317";"8.160132";"66.37752";"14.03756";"-0.4273529";"29.78907";"47.33593";"8.160132";"66.37752";"14.03756";"-0.4273529";"29.78907";"47.33593"
"4996.658";"8.177503";"66.3745";"14.0928";"-0.4452477";"29.83553";"47.34691";"8.177503";"66.3745";"14.0928";"-0.4452477";"29.83553";"47.34691"
"5005";"8.220195";"66.35776";"16.30034";"-0.4058762";"29.85938";"47.36383";"8.220195";"66.35776";"16.30034";"-0.4058762";"29.85938";"47.36383"
"5013.342";"8.245851";"66.35622";"16.2063";"-0.3679352";"29.87501";"47.36567";"8.245851";"66.35622";"16.2063";"-0.3679352";"29.87501";"47.36567"
"5021.683";"8.279172";"66.33963";"16.42677";"-0.4536896";"29.9218";"47.36057";"8.279172";"66.33963";"16.42677";"-0.4536896";"29.9218";"47.36057"
"5030.025";"8.293033";"66.33289";"16.4059";"-0.4449997";"29.95132";"47.36975";"8.293033";"66.33289";"16.4059";"-0.4449997";"29.95132";"47.36975"
"5038.367";"8.322652";"66.32838";"16.00572";"-0.4258003";"29.98102";"47.37027";"8.322652";"66.32838";"16.00572";"-0.4258003";"29.98102";"47.37027"
"5046.708";"8.351161";"66.32877";"15.94895";"-0.4693642";"30.11036";"47.30833";"8.351161";"66.32877";"15.94895";"-0.4693642";"30.11036";"47.30833"
"5055.05";"8.371278";"66.32632";"15.85961";"-0.4257545";"30.12696";"47.31208";"8.371278";"66.32632";"15.85961";"-0.4257545";"30.12696";"47.31208"
"5063.392";"8.387276";"66.3126";"16.56005";"-0.419117";"30.17546";"47.29881";"8.387276";"66.3126";"16.56005";"-0.419117";"30.17546";"47.29881"
"5071.733";"8.411642";"66.30768";"14.86978";"-0.4550972";"30.20425";"47.30528";"8.411642";"66.30768";"14.86978";"-0.4550972";"30.20425";"47.30528"
"5080.075";"8.432033";"66.30337";"15.25851";"-0.4672279";"30.24813";"47.31178";"8.432033";"66.30337";"15.25851";"-0.4672279";"30.24813";"47.31178"
"5088.417";"8.448019";"66.29036";"16.00365";"-0.4528999";"30.27683";"47.32494";"8.448019";"66.29036";"16.00365";"-0.4528999";"30.27683";"47.32494"
"5096.758";"8.48584";"66.27379";"16.20866";"-0.4015312";"30.31026";"47.33999";"8.48584";"66.27379";"16.20866";"-0.4015312";"30.31026";"47.33999"
"5105.1";"8.506828";"66.27183";"16.52822";"-0.4558868";"30.33722";"47.33882";"8.506828";"66.27183";"16.52822";"-0.4558868";"30.33722";"47.33882"
"5113.442";"8.526849";"66.2623";"14.78769";"-0.4309807";"30.3773";"47.32773";"8.526849";"66.2623";"14.78769";"-0.4309807";"30.3773";"47.32773"
"5121.783";"8.555036";"66.26234";"15.15644";"-0.4382896";"30.40528";"47.35391";"8.555036";"66.26234";"15.15644";"-0.4382896";"30.40528";"47.35391"
"5130.125";"8.571321";"66.25892";"15.08678";"-0.4440689";"30.44136";"47.34788";"8.571321";"66.25892";"15.08678";"-0.4440689";"30.44136";"47.34788"
"5138.467";"8.602134";"66.26035";"16.01929";"-0.432415";"30.4653";"47.35621";"8.602134";"66.26035";"16.01929";"-0.432415";"30.4653";"47.35621"
"5146.808";"8.623528";"66.25278";"14.59111";"-0.4519691";"30.50886";"47.36253";"8.623528";"66.25278";"14.59111";"-0.4519691";"30.50886";"47.36253"
"5155.15";"8.64559";"66.2418";"16.68794";"-0.4283333";"30.5432";"47.37358";"8.64559";"66.2418";"16.68794";"-0.4283333";"30.5432";"47.37358"
"5163.492";"8.668584";"66.21555";"14.98176";"-0.4195213";"30.57268";"47.35273";"8.668584";"66.21555";"14.98176";"-0.4195213";"30.57268";"47.35273"
"5171.833";"8.696985";"66.22202";"15.44079";"-0.4416428";"30.6106";"47.37081";"8.696985";"66.22202";"15.44079";"-0.4416428";"30.6106";"47.37081"
"5180.175";"8.712291";"66.21229";"15.74819";"-0.4476242";"30.64349";"47.37498";"8.712291";"66.21229";"15.74819";"-0.4476242";"30.64349";"47.37498"
"5188.517";"8.741982";"66.20924";"15.462";"-0.4379082";"30.67847";"47.38787";"8.741982";"66.20924";"15.462";"-0.4379082";"30.67847";"47.38787"
"5196.858";"8.756917";"66.20523";"14.09949";"-0.4471359";"30.70006";"47.3918";"8.756917";"66.20523";"14.09949";"-0.4471359";"30.70006";"47.3918"
"5205.2";"8.784638";"66.20563";"15.47298";"-0.4246788";"30.73501";"47.39635";"8.784638";"66.20563";"15.47298";"-0.4246788";"30.73501";"47.39635"
"5213.542";"8.797854";"66.19669";"15.88096";"-0.4651756";"30.76734";"47.38058";"8.797854";"66.19669";"15.88096";"-0.4651756";"30.76734";"47.38058"
"5221.883";"8.829528";"66.19079";"15.84526";"-0.4070206";"30.7974";"47.38807";"8.829528";"66.19079";"15.84526";"-0.4070206";"30.7974";"47.38807"
"5230.225";"8.857929";"66.17931";"15.961";"-0.4693184";"30.83599";"47.39563";"8.857929";"66.17931";"15.961";"-0.4693184";"30.83599";"47.39563"
"5238.567";"8.903463";"66.16805";"17.18569";"-0.433094";"30.85137";"47.39929";"8.903463";"66.16805";"17.18569";"-0.433094";"30.85137";"47.39929"
"5246.908";"8.923496";"66.16001";"16.35424";"-0.4337769";"30.88625";"47.42055";"8.923496";"66.16001";"16.35424";"-0.4337769";"30.88625";"47.42055"
"5255.25";"8.951886";"66.16151";"16.93092";"-0.4509659";"30.91317";"47.43085";"8.951886";"66.16151";"16.93092";"-0.4509659";"30.91317";"47.43085"
"5263.592";"8.964397";"66.15517";"16.701";"-0.4477806";"30.95144";"47.42922";"8.964397";"66.15517";"16.701";"-0.4477806";"30.95144";"47.42922"
"5271.933";"8.989302";"66.12472";"15.17401";"-0.4502411";"30.98892";"47.42387";"8.989302";"66.12472";"15.17401";"-0.4502411";"30.98892";"47.42387"
"5280.275";"9.010003";"66.12753";"15.21998";"-0.4919777";"31.02154";"47.42633";"9.010003";"66.12753";"15.21998";"-0.4919777";"31.02154";"47.42633"
"5288.617";"9.034226";"66.12433";"16.35237";"-0.4255753";"31.04872";"47.43625";"9.034226";"66.12433";"16.35237";"-0.4255753";"31.04872";"47.43625"
"5296.958";"9.050523";"66.10087";"16.88872";"-0.4479485";"31.08013";"47.43855";"9.050523";"66.10087";"16.88872";"-0.4479485";"31.08013";"47.43855"
"5305.3";"9.072227";"66.08857";"16.49377";"-0.4799767";"31.12576";"47.44684";"9.072227";"66.08857";"16.49377";"-0.4799767";"31.12576";"47.44684"
"5313.642";"9.101381";"66.08427";"16.80029";"-0.4372253";"31.14855";"47.45615";"9.101381";"66.08427";"16.80029";"-0.4372253";"31.14855";"47.45615"
"5321.983";"9.129556";"66.0883";"16.33632";"-0.4497261";"31.18343";"47.43292";"9.129556";"66.0883";"16.33632";"-0.4497261";"31.18343";"47.43292"
"5330.325";"9.144647";"66.08271";"15.89106";"-0.4501076";"31.22028";"47.43876";"9.144647";"66.08271";"15.89106";"-0.4501076";"31.22028";"47.43876"
"5338.667";"9.167903";"66.07293";"16.39517";"-0.4241791";"31.25286";"47.45664";"9.167903";"66.07293";"16.39517";"-0.4241791";"31.25286";"47.45664"
"5347.008";"9.18926";"66.07185";"16.91652";"-0.3832169";"31.27547";"47.46601";"9.18926";"66.07185";"16.91652";"-0.3832169";"31.27547";"47.46601"
"5355.35";"9.20872";"66.05927";"16.49552";"-0.4167747";"31.32466";"47.48053";"9.20872";"66.05927";"16.49552";"-0.4167747";"31.32466";"47.48053"
"5363.692";"9.218821";"66.04164";"16.69898";"-0.3935547";"31.34708";"47.48616";"9.218821";"66.04164";"16.69898";"-0.3935547";"31.34708";"47.48616"
"5372.033";"9.248368";"66.01652";"16.38011";"-0.3987617";"31.39048";"47.47169";"9.248368";"66.01652";"16.38011";"-0.3987617";"31.39048";"47.47169"
"5380.375";"9.256176";"66.01241";"17.27965";"-0.381176";"31.42732";"47.48269";"9.256176";"66.01241";"17.27965";"-0.381176";"31.42732";"47.48269"
"5388.717";"9.292422";"65.99624";"16.00991";"-0.3539772";"31.45311";"47.49366";"9.292422";"65.99624";"16.00991";"-0.3539772";"31.45311";"47.49366"
"5397.058";"9.298749";"65.98948";"16.26413";"-0.4322243";"31.49876";"47.50787";"9.298749";"65.98948";"16.26413";"-0.4322243";"31.49876";"47.50787"
"5405.4";"9.330709";"65.95463";"16.6642";"-0.4902573";"31.53899";"47.52361";"9.330709";"65.95463";"16.6642";"-0.4902573";"31.53899";"47.52361"
"5413.742";"9.34334";"65.95097";"16.08633";"-0.4858894";"31.57218";"47.50609";"9.34334";"65.95097";"16.08633";"-0.4858894";"31.57218";"47.50609"
"5422.083";"9.365247";"65.93515";"16.75015";"-0.4529839";"31.61294";"47.51402";"9.365247";"65.93515";"16.75015";"-0.4529839";"31.61294";"47.51402"
"5430.425";"9.375347";"65.91129";"16.43413";"-0.4493446";"31.65111";"47.52938";"9.375347";"65.91129";"16.43413";"-0.4493446";"31.65111";"47.52938"
"5438.767";"9.394915";"65.88956";"15.30986";"-0.5144196";"31.68578";"47.54126";"9.394915";"65.88956";"15.30986";"-0.5144196";"31.68578";"47.54126"
"5447.108";"9.403129";"65.8866";"16.00744";"-0.4377403";"31.70994";"47.55267";"9.403129";"65.8866";"16.00744";"-0.4377403";"31.70994";"47.55267"
"5455.45";"9.422851";"65.87357";"16.70139";"-0.4379768";"31.75783";"47.54243";"9.422851";"65.87357";"16.70139";"-0.4379768";"31.75783";"47.54243"
"5463.792";"9.435112";"65.85855";"17.35777";"-0.5118561";"31.80187";"47.55646";"9.435112";"65.85855";"17.35777";"-0.5118561";"31.80187";"47.55646"
"5472.133";"9.474545";"65.84095";"16.97413";"-0.4434586";"31.83223";"47.56903";"9.474545";"65.84095";"16.97413";"-0.4434586";"31.83223";"47.56903"
"5480.475";"9.483916";"65.8285";"17.11125";"-0.430336";"31.85916";"47.58025";"9.483916";"65.8285";"17.11125";"-0.430336";"31.85916";"47.58025"
"5488.817";"9.493814";"65.80167";"16.40116";"-0.3683281";"31.87983";"47.6032";"9.493814";"65.80167";"16.40116";"-0.3683281";"31.87983";"47.6032"
"5497.158";"9.546033";"65.78329";"16.51085";"-0.4263382";"31.91025";"47.62815";"9.546033";"65.78329";"16.51085";"-0.4263382";"31.91025";"47.62815"
"5505.5";"9.554998";"65.77011";"17.20864";"-0.440033";"31.95897";"47.61189";"9.554998";"65.77011";"17.20864";"-0.440033";"31.95897";"47.61189"
"5513.842";"9.562747";"65.75634";"18.57269";"-0.4379425";"32.00035";"47.6202";"9.562747";"65.75634";"18.57269";"-0.4379425";"32.00035";"47.6202"
"5522.183";"9.589489";"65.73837";"17.62065";"-0.4310417";"32.03006";"47.63557";"9.589489";"65.73837";"17.62065";"-0.4310417";"32.03006";"47.63557"
"5530.525";"9.597166";"65.73116";"17.35959";"-0.4464684";"32.06427";"47.63984";"9.597166";"65.73116";"17.35959";"-0.4464684";"32.06427";"47.63984"
"5538.867";"9.623717";"65.70356";"17.93377";"-0.4351845";"32.09837";"47.6487";"9.623717";"65.70356";"17.93377";"-0.4351845";"32.09837";"47.6487"
"5547.208";"9.630725";"65.69525";"17.49914";"-0.4520416";"32.1454";"47.62852";"9.630725";"65.69525";"17.49914";"-0.4520416";"32.1454";"47.62852"
"5555.55";"9.655437";"65.66568";"17.53901";"-0.4369774";"32.18745";"47.64854";"9.655437";"65.66568";"17.53901";"-0.4369774";"32.18745";"47.64854"
"5563.892";"9.674706";"65.65384";"17.5698";"-0.462738";"32.21119";"47.66124";"9.674706";"65.65384";"17.5698";"-0.462738";"32.21119";"47.66124"
"5572.233";"9.70164";"65.63689";"17.81549";"-0.4799423";"32.25785";"47.67252";"9.70164";"65.63689";"17.81549";"-0.4799423";"32.25785";"47.67252"
"5580.575";"9.711215";"65.63033";"18.21535";"-0.3862381";"32.28502";"47.68849";"9.711215";"65.63033";"18.21535";"-0.3862381";"32.28502";"47.68849"
"5588.917";"9.734257";"65.60477";"18.77343";"-0.4092674";"32.326";"47.69939";"9.734257";"65.60477";"18.77343";"-0.4092674";"32.326";"47.69939"
"5597.258";"9.743151";"65.59888";"18.93615";"-0.4172173";"32.36519";"47.68187";"9.743151";"65.59888";"18.93615";"-0.4172173";"32.36519";"47.68187"
"5605.6";"9.77049";"65.58548";"18.18688";"-0.3806725";"32.40672";"47.69554";"9.77049";"65.58548";"18.18688";"-0.3806725";"32.40672";"47.69554"
"5613.942";"9.784112";"65.56618";"18.36256";"-0.4333954";"32.44329";"47.70562";"9.784112";"65.56618";"18.36256";"-0.4333954";"32.44329";"47.70562"
"5622.283";"9.808108";"65.54204";"18.45912";"-0.4905663";"32.46594";"47.71727";"9.808108";"65.54204";"18.45912";"-0.4905663";"32.46594";"47.71727"
"5630.625";"9.813469";"65.52834";"18.38177";"-0.5000839";"32.51402";"47.73542";"9.813469";"65.52834";"18.38177";"-0.5000839";"32.51402";"47.73542"
"5638.967";"9.847744";"65.50363";"18.03109";"-0.5960808";"32.55314";"47.71899";"9.847744";"65.50363";"18.03109";"-0.5960808";"32.55314";"47.71899"
"5647.308";"9.855577";"65.49902";"17.93464";"-0.6085701";"32.57755";"47.72588";"9.855577";"65.49902";"17.93464";"-0.6085701";"32.57755";"47.72588"
"5655.65";"9.888527";"65.47702";"17.65237";"-0.5380592";"32.6081";"47.74872";"9.888527";"65.47702";"17.65237";"-0.5380592";"32.6081";"47.74872"
"5663.992";"9.895093";"65.46971";"17.71644";"-0.4898376";"32.65549";"47.75836";"9.895093";"65.46971";"17.71644";"-0.4898376";"32.65549";"47.75836"
"5672.333";"9.912846";"65.45734";"17.75295";"-0.5633583";"32.69856";"47.78365";"9.912846";"65.45734";"17.75295";"-0.5633583";"32.69856";"47.78365"
"5680.675";"9.924987";"65.44854";"17.63554";"-0.5814781";"32.71891";"47.76196";"9.924987";"65.44854";"17.63554";"-0.5814781";"32.71891";"47.76196"
"5689.017";"9.948303";"65.42181";"16.74751";"-0.5710335";"32.75849";"47.77817";"9.948303";"65.42181";"16.74751";"-0.5710335";"32.75849";"47.77817"
"5697.358";"9.95758";"65.41201";"15.16356";"-0.6287193";"32.7991";"47.78735";"9.95758";"65.41201";"15.16356";"-0.6287193";"32.7991";"47.78735"
"5705.7";"9.992249";"65.37943";"17.20465";"-0.6281357";"32.82352";"47.80339";"9.992249";"65.37943";"17.20465";"-0.6281357";"32.82352";"47.80339"
"5714.042";"10.00123";"65.36582";"16.53087";"-0.5686836";"32.84255";"47.80301";"10.00123";"65.36582";"16.53087";"-0.5686836";"32.84255";"47.80301"
"5722.383";"10.02317";"65.35284";"17.34575";"-0.5993996";"32.88018";"47.81927";"10.02317";"65.35284";"17.34575";"-0.5993996";"32.88018";"47.81927"
"5730.725";"10.0358";"65.32285";"15.66244";"-0.6066589";"32.92776";"47.81228";"10.0358";"65.32285";"15.66244";"-0.6066589";"32.92776";"47.81228"
"5739.067";"10.05822";"65.29181";"17.26835";"-0.6089859";"32.96735";"47.82646";"10.05822";"65.29181";"17.26835";"-0.6089859";"32.96735";"47.82646"
"5747.408";"10.07437";"65.28978";"14.75789";"-0.5916977";"32.99953";"47.83743";"10.07437";"65.28978";"14.75789";"-0.5916977";"32.99953";"47.83743"
"5755.75";"10.1014";"65.27972";"17.55839";"-0.6229553";"33.02726";"47.857";"10.1014";"65.27972";"17.55839";"-0.6229553";"33.02726";"47.857"
"5764.092";"10.10615";"65.24669";"17.68235";"-0.6090469";"33.07921";"47.86357";"10.10615";"65.24669";"17.68235";"-0.6090469";"33.07921";"47.86357"
"5772.433";"10.11571";"65.24179";"17.34044";"-0.5008583";"33.11189";"47.86828";"10.11571";"65.24179";"17.34044";"-0.5008583";"33.11189";"47.86828"
"5780.775";"10.1498";"65.23705";"17.24768";"-0.431366";"33.14363";"47.86899";"10.1498";"65.23705";"17.24768";"-0.431366";"33.14363";"47.86899"
"5789.117";"10.15857";"65.20979";"16.68018";"-0.5111122";"33.17841";"47.88609";"10.15857";"65.20979";"16.68018";"-0.5111122";"33.17841";"47.88609"
"5797.458";"10.17972";"65.19497";"15.8665";"-0.4774132";"33.20787";"47.8933";"10.17972";"65.19497";"15.8665";"-0.4774132";"33.20787";"47.8933"
"5805.8";"10.20557";"65.16386";"15.05064";"-0.474762";"33.25304";"47.90244";"10.20557";"65.16386";"15.05064";"-0.474762";"33.25304";"47.90244"
"5814.142";"10.21185";"65.15722";"14.88007";"-0.4387321";"33.29173";"47.91194";"10.21185";"65.15722";"14.88007";"-0.4387321";"33.29173";"47.91194"
"5822.483";"10.22928";"65.12485";"14.32616";"-0.4279633";"33.32669";"47.90221";"10.22928";"65.12485";"14.32616";"-0.4279633";"33.32669";"47.90221"
"5830.825";"10.24437";"65.11064";"13.45816";"-0.404705";"33.36558";"47.90978";"10.24437";"65.11064";"13.45816";"-0.404705";"33.36558";"47.90978"
"5839.167";"10.27867";"65.08444";"13.45956";"-0.4211693";"33.39837";"47.92314";"10.27867";"65.08444";"13.45956";"-0.4211693";"33.39837";"47.92314"
"5847.508";"10.28511";"65.07898";"13.03842";"-0.4116554";"33.43571";"47.93819";"10.28511";"65.07898";"13.03842";"-0.4116554";"33.43571";"47.93819"
"5855.85";"10.29767";"65.05235";"14.69085";"-0.3954277";"33.46727";"47.96111";"10.29767";"65.05235";"14.69085";"-0.3954277";"33.46727";"47.96111"
"5864.192";"10.33239";"65.04473";"14.63635";"-0.4142342";"33.50215";"47.9474";"10.33239";"65.04473";"14.63635";"-0.4142342";"33.50215";"47.9474"
"5872.533";"10.33989";"65.03133";"15.5555";"-0.4697571";"33.53863";"47.95762";"10.33989";"65.03133";"15.5555";"-0.4697571";"33.53863";"47.95762"
"5880.875";"10.34899";"65.01894";"13.72049";"-0.4216805";"33.57686";"47.96509";"10.34899";"65.01894";"13.72049";"-0.4216805";"33.57686";"47.96509"
"5889.217";"10.38191";"64.99081";"15.81772";"-0.4311752";"33.59005";"47.98564";"10.38191";"64.99081";"15.81772";"-0.4311752";"33.59005";"47.98564"
"5897.558";"10.3877";"64.98143";"17.7576";"-0.406292";"33.62881";"47.99439";"10.3877";"64.98143";"17.7576";"-0.406292";"33.62881";"47.99439"
"5905.9";"10.41604";"64.94218";"16.99009";"-0.4102821";"33.67282";"48.00563";"10.41604";"64.94218";"16.99009";"-0.4102821";"33.67282";"48.00563"
"5914.242";"10.42607";"64.93067";"17.57668";"-0.4458809";"33.69992";"47.9965";"10.42607";"64.93067";"17.57668";"-0.4458809";"33.69992";"47.9965"
"5922.583";"10.44332";"64.91954";"17.45183";"-0.427784";"33.73909";"48.0071";"10.44332";"64.91954";"17.45183";"-0.427784";"33.73909";"48.0071"
"5930.925";"10.45906";"64.91";"17.35037";"-0.4372139";"33.771";"48.02218";"10.45906";"64.91";"17.35037";"-0.4372139";"33.771";"48.02218"
"5939.267";"10.4894";"64.87907";"16.96578";"-0.4341354";"33.81234";"48.03403";"10.4894";"64.87907";"16.96578";"-0.4341354";"33.81234";"48.03403"
"5947.608";"10.49634";"64.87411";"16.99703";"-0.4263611";"33.84635";"48.04314";"10.49634";"64.87411";"16.99703";"-0.4263611";"33.84635";"48.04314"
"5955.95";"10.51044";"64.85103";"16.93848";"-0.4306374";"33.87678";"48.05394";"10.51044";"64.85103";"16.93848";"-0.4306374";"33.87678";"48.05394"
"5964.292";"10.52024";"64.84798";"16.97594";"-0.4279633";"33.90969";"48.03868";"10.52024";"64.84798";"16.97594";"-0.4279633";"33.90969";"48.03868"
"5972.633";"10.54684";"64.8166";"17.5534";"-0.4556465";"33.93472";"48.0612";"10.54684";"64.8166";"17.5534";"-0.4556465";"33.93472";"48.0612"
"5980.975";"10.55749";"64.81125";"17.7422";"-0.4463348";"33.98309";"48.07081";"10.55749";"64.81125";"17.7422";"-0.4463348";"33.98309";"48.07081"
"5989.317";"10.59207";"64.76946";"17.13951";"-0.4683151";"34.01265";"48.08315";"10.59207";"64.76946";"17.13951";"-0.4683151";"34.01265";"48.08315"
"5997.658";"10.59778";"64.76714";"17.83696";"-0.4830704";"34.05405";"48.09233";"10.59778";"64.76714";"17.83696";"-0.4830704";"34.05405";"48.09233"
"6006";"10.62758";"64.73083";"17.14345";"-0.5088234";"34.0961";"48.09273";"10.62758";"64.73083";"17.14345";"-0.5088234";"34.0961";"48.09273"
"6014.342";"10.63934";"64.72406";"17.16038";"-0.4345055";"34.13345";"48.10258";"10.63934";"64.72406";"17.16038";"-0.4345055";"34.13345";"48.10258"
"6022.683";"10.66176";"64.69601";"16.89321";"-0.4198303";"34.16347";"48.11562";"10.66176";"64.69601";"16.89321";"-0.4198303";"34.16347";"48.11562"
"6031.025";"10.66666";"64.69473";"17.55783";"-0.4313889";"34.19687";"48.12421";"10.66666";"64.69473";"17.55783";"-0.4313889";"34.19687";"48.12421"
"6039.367";"10.69765";"64.66508";"17.11451";"-0.4423828";"34.2303";"48.14028";"10.69765";"64.66508";"17.11451";"-0.4423828";"34.2303";"48.14028"
"6047.708";"10.69973";"64.66017";"17.32912";"-0.4256096";"34.26532";"48.14976";"10.69973";"64.66017";"17.32912";"-0.4256096";"34.26532";"48.14976"
"6056.05";"10.73218";"64.64566";"15.08977";"-0.3939018";"34.3079";"48.14756";"10.73218";"64.64566";"15.08977";"-0.3939018";"34.3079";"48.14756"
"6064.392";"10.73516";"64.61325";"15.16373";"-0.4246788";"34.34157";"48.15643";"10.73516";"64.61325";"15.16373";"-0.4246788";"34.34157";"48.15643"
"6072.733";"10.75882";"64.59994";"15.59533";"-0.4962044";"34.37871";"48.17793";"10.75882";"64.59994";"15.59533";"-0.4962044";"34.37871";"48.17793"
"6081.075";"10.77264";"64.58089";"15.87843";"-0.4924545";"34.39291";"48.18582";"10.77264";"64.58089";"15.87843";"-0.4924545";"34.39291";"48.18582"
"6089.417";"10.79857";"64.54984";"14.97353";"-0.4923592";"34.4403";"48.2056";"10.79857";"64.54984";"14.97353";"-0.4923592";"34.4403";"48.2056"
"6097.758";"10.80259";"64.54137";"14.94575";"-0.5116501";"34.4753";"48.21455";"10.80259";"64.54137";"14.94575";"-0.5116501";"34.4753";"48.21455"
"6106.1";"10.84062";"64.51412";"15.34813";"-0.4671936";"34.51531";"48.21654";"10.84062";"64.51412";"15.34813";"-0.4671936";"34.51531";"48.21654"
"6114.442";"10.84863";"64.50182";"15.37323";"-0.512619";"34.54811";"48.22434";"10.84863";"64.50182";"15.37323";"-0.512619";"34.54811";"48.22434"
"6122.783";"10.87394";"64.47578";"14.86832";"-0.4652328";"34.58138";"48.23594";"10.87394";"64.47578";"14.86832";"-0.4652328";"34.58138";"48.23594"
"6131.125";"10.881";"64.47182";"14.29786";"-0.4704628";"34.62606";"48.24784";"10.881";"64.47182";"14.29786";"-0.4704628";"34.62606";"48.24784"
"6139.467";"10.90828";"64.45044";"15.62908";"-0.4332619";"34.67352";"48.24468";"10.90828";"64.45044";"15.62908";"-0.4332619";"34.67352";"48.24468"
"6147.808";"10.91114";"64.43721";"14.05493";"-0.4563179";"34.70776";"48.25384";"10.91114";"64.43721";"14.05493";"-0.4563179";"34.70776";"48.25384"
"6156.15";"10.92964";"64.41666";"14.86807";"-0.4519119";"34.72401";"48.26442";"10.92964";"64.41666";"14.86807";"-0.4519119";"34.72401";"48.26442"
"6164.492";"10.96331";"64.38231";"15.71055";"-0.4373589";"34.76569";"48.27551";"10.96331";"64.38231";"15.71055";"-0.4373589";"34.76569";"48.27551"
"6172.833";"10.97759";"64.35908";"18.40242";"-0.4804802";"34.80621";"48.28936";"10.97759";"64.35908";"18.40242";"-0.4804802";"34.80621";"48.28936"
"6181.175";"10.99123";"64.35085";"18.39987";"-0.4297638";"34.84543";"48.30241";"10.99123";"64.35085";"18.39987";"-0.4297638";"34.84543";"48.30241"
"6189.517";"11.01488";"64.32562";"18.03434";"-0.4108315";"34.88704";"48.29826";"11.01488";"64.32562";"18.03434";"-0.4108315";"34.88704";"48.29826"
"6197.858";"11.03136";"64.31499";"18.31092";"-0.395298";"34.91912";"48.31474";"11.03136";"64.31499";"18.31092";"-0.395298";"34.91912";"48.31474"
"6206.2";"11.05796";"64.29155";"19.19665";"-0.4183998";"34.9452";"48.3205";"11.05796";"64.29155";"19.19665";"-0.4183998";"34.9452";"48.3205"
"6214.542";"11.06652";"64.28159";"19.0603";"-0.4517555";"34.9873";"48.32973";"11.06652";"64.28159";"19.0603";"-0.4517555";"34.9873";"48.32973"
"6222.883";"11.07898";"64.2594";"19.11155";"-0.4294052";"35.0309";"48.34457";"11.07898";"64.2594";"19.11155";"-0.4294052";"35.0309";"48.34457"
"6231.225";"11.10484";"64.25116";"19.11596";"-0.4315681";"35.05777";"48.35903";"11.10484";"64.25116";"19.11596";"-0.4315681";"35.05777";"48.35903"
"6239.567";"11.11504";"64.22746";"19.28647";"-0.4665604";"35.00312";"48.28287";"11.11504";"64.22746";"19.28647";"-0.4665604";"35.00312";"48.28287"
"6247.908";"11.13064";"64.21133";"18.97489";"-0.4476013";"35.04281";"48.29714";"11.13064";"64.21133";"18.97489";"-0.4476013";"35.04281";"48.29714"
"6256.25";"11.15786";"64.17239";"19.09313";"-0.407856";"35.08788";"48.28947";"11.15786";"64.17239";"19.09313";"-0.407856";"35.08788";"48.28947"
"6264.592";"11.16822";"64.16265";"19.16418";"-0.4417381";"35.10809";"48.29682";"11.16822";"64.16265";"19.16418";"-0.4417381";"35.10809";"48.29682"
"6272.933";"11.19242";"64.14909";"19.74907";"-0.4450684";"35.1445";"48.30994";"11.19242";"64.14909";"19.74907";"-0.4450684";"35.1445";"48.30994"
"6281.275";"11.19893";"64.11487";"19.50494";"-0.3990936";"35.18441";"48.32658";"11.19893";"64.11487";"19.50494";"-0.3990936";"35.18441";"48.32658"
"6289.617";"11.22196";"64.10472";"19.45463";"-0.4384689";"35.21705";"48.33347";"11.22196";"64.10472";"19.45463";"-0.4384689";"35.21705";"48.33347"
"6297.958";"11.23671";"64.09575";"19.29921";"-0.4303856";"35.25653";"48.34303";"11.23671";"64.09575";"19.29921";"-0.4303856";"35.25653";"48.34303"
"6306.3";"11.26661";"64.07307";"19.09383";"-0.473793";"35.27805";"48.33784";"11.26661";"64.07307";"19.09383";"-0.473793";"35.27805";"48.33784"
"6314.642";"11.27799";"64.06741";"18.93464";"-0.4295387";"35.32441";"48.3493";"11.27799";"64.06741";"18.93464";"-0.4295387";"35.32441";"48.3493"
"6322.983";"11.29274";"64.04147";"18.69196";"-0.4394226";"35.3516";"48.36353";"11.29274";"64.04147";"18.69196";"-0.4394226";"35.3516";"48.36353"
"6331.325";"11.30778";"64.02946";"19.18426";"-0.4496193";"35.37032";"48.38247";"11.30778";"64.02946";"19.18426";"-0.4496193";"35.37032";"48.38247"
"6339.667";"11.33178";"63.99715";"17.53046";"-0.4574127";"35.41142";"48.38724";"11.33178";"63.99715";"17.53046";"-0.4574127";"35.41142";"48.38724"
"6348.008";"11.34214";"63.98526";"20.29681";"-0.4273529";"35.43193";"48.40183";"11.34214";"63.98526";"20.29681";"-0.4273529";"35.43193";"48.40183"
"6356.35";"11.36268";"63.94317";"17.92447";"-0.4333572";"35.48067";"48.39998";"11.36268";"63.94317";"17.92447";"-0.4333572";"35.48067";"48.39998"
"6364.692";"11.37483";"63.94051";"18.73928";"-0.4472923";"35.52169";"48.41079";"11.37483";"63.94051";"18.73928";"-0.4472923";"35.52169";"48.41079"
"6373.033";"11.3908";"63.91376";"18.0195";"-0.4650917";"35.54825";"48.41982";"11.3908";"63.91376";"18.0195";"-0.4650917";"35.54825";"48.41982"
"6381.375";"11.40505";"63.90805";"17.66594";"-0.4941025";"35.57805";"48.43023";"11.40505";"63.90805";"17.66594";"-0.4941025";"35.57805";"48.43023"
"6389.717";"11.43401";"63.88548";"18.887";"-0.4459038";"35.60877";"48.43723";"11.43401";"63.88548";"18.887";"-0.4459038";"35.60877";"48.43723"
"6398.058";"11.44957";"63.86851";"18.75202";"-0.4422646";"35.65852";"48.43215";"11.44957";"63.86851";"18.75202";"-0.4422646";"35.65852";"48.43215"
"6406.4";"11.45911";"63.84785";"18.40251";"-0.4863434";"35.68515";"48.44044";"11.45911";"63.84785";"18.40251";"-0.4863434";"35.68515";"48.44044"
"6414.742";"11.47409";"63.83532";"18.13537";"-0.4784966";"35.72384";"48.45422";"11.47409";"63.83532";"18.13537";"-0.4784966";"35.72384";"48.45422"
"6423.083";"11.49173";"63.7983";"18.38374";"-0.493576";"35.76525";"48.47187";"11.49173";"63.7983";"18.38374";"-0.493576";"35.76525";"48.47187"
"6431.425";"11.50415";"63.78142";"18.56031";"-0.4442444";"35.79275";"48.48209";"11.50415";"63.78142";"18.56031";"-0.4442444";"35.79275";"48.48209"
"6439.767";"11.52657";"63.75266";"18.5022";"-0.4727669";"35.82297";"48.48729";"11.52657";"63.75266";"18.5022";"-0.4727669";"35.82297";"48.48729"
"6448.108";"11.54244";"63.7414";"19.28934";"-0.4448547";"35.87178";"48.47732";"11.54244";"63.7414";"19.28934";"-0.4448547";"35.87178";"48.47732"
"6456.45";"11.55814";"63.71134";"18.62264";"-0.3982239";"35.91156";"48.49274";"11.55814";"63.71134";"18.62264";"-0.3982239";"35.91156";"48.49274"
"6464.792";"11.57424";"63.70348";"18.63745";"-0.4499397";"35.93064";"48.50206";"11.57424";"63.70348";"18.63745";"-0.4499397";"35.93064";"48.50206"
"6473.133";"11.60344";"63.6884";"18.835";"-0.4423256";"35.96666";"48.50776";"11.60344";"63.6884";"18.835";"-0.4423256";"35.96666";"48.50776"
"6481.475";"11.61187";"63.66516";"18.66089";"-0.4419403";"36.00327";"48.52312";"11.61187";"63.66516";"18.66089";"-0.4419403";"36.00327";"48.52312"
"6489.817";"11.64396";"63.64892";"18.70589";"-0.4445686";"36.04816";"48.50237";"11.64396";"63.64892";"18.70589";"-0.4445686";"36.04816";"48.50237"
"6498.158";"11.66687";"63.61763";"17.5516";"-0.4424667";"36.07978";"48.52735";"11.66687";"63.61763";"17.5516";"-0.4424667";"36.07978";"48.52735"
"6506.5";"11.67542";"63.59996";"17.5538";"-0.4939117";"36.1112";"48.53974";"11.67542";"63.59996";"17.5538";"-0.4939117";"36.1112";"48.53974"
"6514.842";"11.68485";"63.57834";"17.57298";"-0.4246063";"36.15441";"48.55059";"11.68485";"63.57834";"17.57298";"-0.4246063";"36.15441";"48.55059"
"6523.183";"11.70352";"63.54999";"17.52598";"-0.4396362";"36.17401";"48.55641";"11.70352";"63.54999";"17.52598";"-0.4396362";"36.17401";"48.55641"
"6531.525";"11.72229";"63.54352";"18.17653";"-0.4748459";"36.21516";"48.56617";"11.72229";"63.54352";"18.17653";"-0.4748459";"36.21516";"48.56617"
"6539.867";"11.73618";"63.51881";"18.17326";"-0.4561844";"36.25241";"48.54608";"11.73618";"63.51881";"18.17326";"-0.4561844";"36.25241";"48.54608"
"6548.208";"11.75505";"63.50498";"18.14968";"-0.4608765";"36.28598";"48.55962";"11.75505";"63.50498";"18.14968";"-0.4608765";"36.28598";"48.55962"
"6556.55";"11.77352";"63.48939";"18.91737";"-0.4600182";"36.29724";"48.57112";"11.77352";"63.48939";"18.91737";"-0.4600182";"36.29724";"48.57112"
"6564.892";"11.78342";"63.47898";"16.11481";"-0.4765892";"36.32288";"48.57687";"11.78342";"63.47898";"16.11481";"-0.4765892";"36.32288";"48.57687"
"6573.233";"11.81136";"63.45159";"17.71449";"-0.4946136";"36.35477";"48.59161";"11.81136";"63.45159";"17.71449";"-0.4946136";"36.35477";"48.59161"
"6581.575";"11.82205";"63.43712";"18.52214";"-0.4641342";"36.38611";"48.59386";"11.82205";"63.43712";"18.52214";"-0.4641342";"36.38611";"48.59386"
"6589.917";"11.84158";"63.40694";"19.31288";"-0.4332733";"36.42197";"48.60443";"11.84158";"63.40694";"19.31288";"-0.4332733";"36.42197";"48.60443"
"6598.258";"11.85741";"63.39283";"18.15071";"-0.4474335";"36.45512";"48.5878";"11.85741";"63.39283";"18.15071";"-0.4474335";"36.45512";"48.5878"
"6606.6";"11.87711";"63.36328";"16.5953";"-0.4327126";"36.48752";"48.5988";"11.87711";"63.36328";"16.5953";"-0.4327126";"36.48752";"48.5988"
"6614.942";"11.88609";"63.35095";"16.54276";"-0.4012451";"36.52594";"48.61018";"11.88609";"63.35095";"16.54276";"-0.4012451";"36.52594";"48.61018"
"6623.283";"11.90745";"63.31998";"16.83522";"-0.4378929";"36.55499";"48.61543";"11.90745";"63.31998";"16.83522";"-0.4378929";"36.55499";"48.61543"
"6631.625";"11.91354";"63.31435";"17.20098";"-0.4465637";"36.59001";"48.62046";"11.91354";"63.31435";"17.20098";"-0.4465637";"36.59001";"48.62046"
"6639.967";"11.93697";"63.29638";"16.55483";"-0.4465981";"36.61306";"48.62548";"11.93697";"63.29638";"16.55483";"-0.4465981";"36.61306";"48.62548"
"6648.308";"11.94983";"63.2796";"16.13328";"-0.4471703";"36.65603";"48.61838";"11.94983";"63.2796";"16.13328";"-0.4471703";"36.65603";"48.61838"
"6656.65";"11.98013";"63.24712";"15.80149";"-0.4368782";"36.68706";"48.61967";"11.98013";"63.24712";"15.80149";"-0.4368782";"36.68706";"48.61967"
"6664.992";"11.9801";"63.23625";"18.5364";"-0.4273529";"36.72203";"48.62927";"11.9801";"63.23625";"18.5364";"-0.4273529";"36.72203";"48.62927"
"6673.333";"12.01807";"63.20784";"16.14967";"-0.5017891";"36.75391";"48.6394";"12.01807";"63.20784";"16.14967";"-0.5017891";"36.75391";"48.6394"
"6681.675";"12.02782";"63.19036";"15.26148";"-0.3955956";"36.79539";"48.65462";"12.02782";"63.19036";"15.26148";"-0.3955956";"36.79539";"48.65462"
"6690.017";"12.04281";"63.1621";"16.94151";"-0.4208336";"36.81553";"48.65482";"12.04281";"63.1621";"16.94151";"-0.4208336";"36.81553";"48.65482"
"6698.358";"12.0632";"63.1507";"16.38236";"-0.4168358";"36.86292";"48.64433";"12.0632";"63.1507";"16.38236";"-0.4168358";"36.86292";"48.64433"
"6706.7";"12.08553";"63.12309";"17.06169";"-0.4149246";"36.90548";"48.65327";"12.08553";"63.12309";"17.06169";"-0.4149246";"36.90548";"48.65327"
"6715.042";"12.0943";"63.11072";"17.11405";"-0.4086227";"36.91235";"48.65112";"12.0943";"63.11072";"17.11405";"-0.4086227";"36.91235";"48.65112"
"6723.383";"12.12106";"63.08604";"17.72831";"-0.4052773";"36.95057";"48.66142";"12.12106";"63.08604";"17.72831";"-0.4052773";"36.95057";"48.66142"
"6731.725";"12.129";"63.0708";"18.15816";"-0.4632759";"36.98074";"48.66456";"12.129";"63.0708";"18.15816";"-0.4632759";"36.98074";"48.66456"
"6740.067";"12.15174";"63.03483";"18.08578";"-0.5697556";"37.02364";"48.6578";"12.15174";"63.03483";"18.08578";"-0.5697556";"37.02364";"48.6578"
"6748.408";"12.15819";"63.02394";"20.71784";"-0.380352";"37.06275";"48.66349";"12.15819";"63.02394";"20.71784";"-0.380352";"37.06275";"48.66349"
"6756.75";"12.18913";"62.99924";"22.24901";"-0.4644585";"37.08596";"48.66171";"12.18913";"62.99924";"22.24901";"-0.4644585";"37.08596";"48.66171"
"6765.092";"12.20336";"62.98447";"21.49482";"-0.4590874";"37.11255";"48.67205";"12.20336";"62.98447";"21.49482";"-0.4590874";"37.11255";"48.67205"
"6773.433";"12.23193";"62.9569";"22.73662";"-0.4101257";"37.14405";"48.67371";"12.23193";"62.9569";"22.73662";"-0.4101257";"37.14405";"48.67371"
"6781.775";"12.24821";"62.94376";"22.96269";"-0.4237251";"37.18622";"48.68136";"12.24821";"62.94376";"22.96269";"-0.4237251";"37.18622";"48.68136"
"6790.117";"12.26398";"62.92035";"23.60986";"-0.4041557";"37.22528";"48.67288";"12.26398";"62.92035";"23.60986";"-0.4041557";"37.22528";"48.67288"
"6798.458";"12.27698";"62.90658";"23.46235";"-0.4607086";"37.26204";"48.68113";"12.27698";"62.90658";"23.46235";"-0.4607086";"37.26204";"48.68113"
"6806.8";"12.3043";"62.88453";"21.60961";"-0.4824867";"37.29009";"48.68967";"12.3043";"62.88453";"21.60961";"-0.4824867";"37.29009";"48.68967"
"6815.142";"12.31357";"62.86825";"22.54514";"-0.4281883";"37.41607";"48.91078";"12.31357";"62.86825";"22.54514";"-0.4281883";"37.41607";"48.91078"
"6823.483";"12.33494";"62.83234";"22.73935";"-0.4345398";"37.36512";"48.69885";"12.33494";"62.83234";"22.73935";"-0.4345398";"37.36512";"48.69885"
"6831.825";"12.34903";"62.81429";"22.93963";"-0.4373474";"37.32468";"48.6671";"12.34903";"62.81429";"22.93963";"-0.4373474";"37.32468";"48.6671"
"6840.167";"12.37947";"62.79071";"22.03439";"-0.4161682";"37.36409";"48.67509";"12.37947";"62.79071";"22.03439";"-0.4161682";"37.36409";"48.67509"
"6848.508";"12.39048";"62.77765";"22.04216";"-0.3950577";"37.40237";"48.67914";"12.39048";"62.77765";"22.04216";"-0.3950577";"37.40237";"48.67914"
"6856.85";"12.40926";"62.75321";"22.51604";"-0.3957634";"37.44461";"48.66481";"12.40926";"62.75321";"22.51604";"-0.3957634";"37.44461";"48.66481"
"6865.192";"12.42171";"62.74319";"22.42948";"-0.4001198";"37.45725";"48.66622";"12.42171";"62.74319";"22.42948";"-0.4001198";"37.45725";"48.66622"
"6873.533";"12.44845";"62.71991";"22.80663";"-0.4659386";"37.49149";"48.67176";"12.44845";"62.71991";"22.80663";"-0.4659386";"37.49149";"48.67176"
"6881.875";"12.45555";"62.70541";"22.68362";"-0.3887062";"37.50646";"48.67737";"12.45555";"62.70541";"22.68362";"-0.3887062";"37.50646";"48.67737"
"6890.217";"12.47128";"62.69199";"22.63521";"-0.4420738";"37.53778";"48.6852";"12.47128";"62.69199";"22.63521";"-0.4420738";"37.53778";"48.6852"
"6898.558";"12.4808";"62.67299";"22.17466";"-0.4280701";"37.58707";"48.69191";"12.4808";"62.67299";"22.17466";"-0.4280701";"37.58707";"48.69191"
"6906.9";"12.50069";"62.64103";"23.72879";"-0.4189606";"37.61014";"48.67563";"12.50069";"62.64103";"23.72879";"-0.4189606";"37.61014";"48.67563"
"6915.242";"12.50823";"62.62309";"23.98072";"-0.4239502";"37.65355";"48.68687";"12.50823";"62.62309";"23.98072";"-0.4239502";"37.65355";"48.68687"
"6923.583";"12.5352";"62.57495";"23.39481";"-0.4267082";"37.86948";"49.19098";"12.5352";"62.57495";"23.39481";"-0.4267082";"37.86948";"49.19098"
"6931.925";"12.5424";"62.56827";"23.46575";"-0.4416084";"37.93068";"49.26312";"12.5424";"62.56827";"23.46575";"-0.4416084";"37.93068";"49.26312"
"6940.267";"12.5596";"62.55332";"23.87745";"-0.4182205";"37.95684";"49.26942";"12.5596";"62.55332";"23.87745";"-0.4182205";"37.95684";"49.26942"
"6948.608";"12.57474";"62.53595";"23.65854";"-0.4797974";"38.00554";"49.2554";"12.57474";"62.53595";"23.65854";"-0.4797974";"38.00554";"49.2554"
"6956.95";"12.61512";"62.51925";"21.88306";"-0.4111404";"38.03534";"49.26242";"12.61512";"62.51925";"21.88306";"-0.4111404";"38.03534";"49.26242"
"6965.292";"12.62216";"62.50797";"23.77831";"-0.467968";"38.06804";"49.27045";"12.62216";"62.50797";"23.77831";"-0.467968";"38.06804";"49.27045"
"6973.633";"12.65429";"62.4798";"24.14963";"-0.4422874";"38.09472";"49.27597";"12.65429";"62.4798";"24.14963";"-0.4422874";"38.09472";"49.27597"
"6981.975";"12.66071";"62.46697";"24.2192";"-0.4423599";"38.1212";"49.28581";"12.66071";"62.46697";"24.2192";"-0.4423599";"38.1212";"49.28581"
"6990.317";"12.68177";"62.42194";"23.62256";"-0.3807335";"38.15294";"49.29092";"12.68177";"62.42194";"23.62256";"-0.3807335";"38.15294";"49.29092"
"6998.658";"12.68511";"62.41141";"23.73667";"-0.4732704";"38.2029";"49.278";"12.68511";"62.41141";"23.73667";"-0.4732704";"38.2029";"49.278"
"7007";"12.70872";"62.3849";"21.42105";"-0.4866524";"38.22877";"49.2813";"12.70872";"62.3849";"21.42105";"-0.4866524";"38.22877";"49.2813"
"7015.342";"12.71821";"62.36581";"21.55696";"-0.4104004";"38.26837";"49.29235";"12.71821";"62.36581";"21.55696";"-0.4104004";"38.26837";"49.29235"
"7023.683";"12.74982";"62.34061";"20.09029";"-0.2728806";"38.28473";"49.29727";"12.74982";"62.34061";"20.09029";"-0.2728806";"38.28473";"49.29727"
"7032.025";"12.76035";"62.33123";"20.07195";"-0.282299";"38.32477";"49.30584";"12.76035";"62.33123";"20.07195";"-0.282299";"38.32477";"49.30584"
"7040.367";"12.79681";"62.30727";"21.72475";"-0.3727837";"38.34627";"49.31753";"12.79681";"62.30727";"21.72475";"-0.3727837";"38.34627";"49.31753"
"7048.708";"12.80389";"62.29771";"21.60973";"-0.4434586";"38.39286";"49.30309";"12.80389";"62.29771";"21.60973";"-0.4434586";"38.39286";"49.30309"
"7057.05";"12.83205";"62.27178";"20.69639";"-0.4244652";"38.40831";"49.30938";"12.83205";"62.27178";"20.69639";"-0.4244652";"38.40831";"49.30938"
"7065.392";"12.83312";"62.24954";"21.3071";"-0.4490814";"38.4571";"49.31886";"12.83312";"62.24954";"21.3071";"-0.4490814";"38.4571";"49.31886"
"7073.733";"12.84798";"62.20727";"20.24749";"-0.3769951";"38.4954";"49.32883";"12.84798";"62.20727";"20.24749";"-0.3769951";"38.4954";"49.32883"
"7082.075";"12.85822";"62.19023";"20.46247";"-0.2788124";"38.5065";"49.33509";"12.85822";"62.19023";"20.46247";"-0.2788124";"38.5065";"49.33509"
"7090.417";"12.88553";"62.15984";"19.93203";"-0.3613815";"38.5493";"49.34942";"12.88553";"62.15984";"19.93203";"-0.3613815";"38.5493";"49.34942"
"7098.758";"12.89367";"62.14845";"20.16869";"-0.4253845";"38.56609";"49.36125";"12.89367";"62.14845";"20.16869";"-0.4253845";"38.56609";"49.36125"
"7107.1";"12.90715";"62.12172";"19.72819";"-0.3927078";"38.61816";"49.34687";"12.90715";"62.12172";"19.72819";"-0.3927078";"38.61816";"49.34687"
"7115.442";"12.93942";"62.11384";"19.4828";"-0.4001312";"38.63588";"49.35625";"12.93942";"62.11384";"19.4828";"-0.4001312";"38.63588";"49.35625"
"7123.783";"12.9558";"62.08061";"16.83127";"-0.4508133";"38.65972";"49.36956";"12.9558";"62.08061";"16.83127";"-0.4508133";"38.65972";"49.36956"
"7132.125";"12.99331";"62.08127";"16.96886";"-0.4440422";"38.69881";"49.37985";"12.99331";"62.08127";"16.96886";"-0.4440422";"38.69881";"49.37985"
"7140.467";"12.99159";"62.04147";"16.57426";"-0.4268761";"38.72057";"49.38401";"12.99159";"62.04147";"16.57426";"-0.4268761";"38.72057";"49.38401"
"7148.808";"13.0044";"62.03284";"16.40472";"-0.4703789";"38.7641";"49.38845";"13.0044";"62.03284";"16.40472";"-0.4703789";"38.7641";"49.38845"
"7157.15";"13.03366";"61.99778";"16.85994";"-0.4145317";"38.8111";"49.38686";"13.03366";"61.99778";"16.85994";"-0.4145317";"38.8111";"49.38686"
"7165.492";"13.03663";"61.98846";"18.71176";"-0.4435997";"38.8166";"49.39304";"13.03663";"61.98846";"18.71176";"-0.4435997";"38.8166";"49.39304"
"7173.833";"13.05212";"61.98546";"18.20062";"-0.4218483";"38.83092";"49.39218";"13.05212";"61.98546";"18.20062";"-0.4218483";"38.83092";"49.39218"
"7182.175";"13.06035";"61.97856";"17.95674";"-0.4468384";"38.86599";"49.39581";"13.06035";"61.97856";"17.95674";"-0.4468384";"38.86599";"49.39581"
"7190.517";"13.08399";"61.9446";"17.99495";"-0.4667015";"38.89067";"49.40968";"13.08399";"61.9446";"17.99495";"-0.4667015";"38.89067";"49.40968"
"7198.858";"13.08791";"61.92629";"16.79821";"-0.4730186";"38.90693";"49.41787";"13.08791";"61.92629";"16.79821";"-0.4730186";"38.90693";"49.41787"
"7207.2";"13.12049";"61.91167";"17.32395";"-0.454071";"38.94347";"49.42217";"13.12049";"61.91167";"17.32395";"-0.454071";"38.94347";"49.42217"
"7215.542";"13.12439";"61.90164";"17.69605";"-0.4701424";"38.98635";"49.41867";"13.12439";"61.90164";"17.69605";"-0.4701424";"38.98635";"49.41867"
"7223.883";"13.12948";"61.85091";"18.93438";"-0.4497261";"39.01295";"49.43488";"13.12948";"61.85091";"18.93438";"-0.4497261";"39.01295";"49.43488"
"7232.225";"13.13916";"61.839";"19.81244";"-0.4385872";"39.05504";"49.43948";"13.13916";"61.839";"19.81244";"-0.4385872";"39.05504";"49.43948"
"7240.567";"13.17858";"61.81449";"19.60131";"-0.4021034";"39.06709";"49.44894";"13.17858";"61.81449";"19.60131";"-0.4021034";"39.06709";"49.44894"
"7248.908";"13.18826";"61.79539";"19.3399";"-0.3972321";"39.10683";"49.45507";"13.18826";"61.79539";"19.3399";"-0.3972321";"39.10683";"49.45507"
"7257.25";"13.20123";"61.76871";"19.67297";"-0.4046936";"39.12439";"49.45771";"13.20123";"61.76871";"19.67297";"-0.4046936";"39.12439";"49.45771"
"7265.592";"13.23689";"61.76086";"17.19233";"-0.4701767";"39.17117";"49.47274";"13.23689";"61.76086";"17.19233";"-0.4701767";"39.17117";"49.47274"
"7273.933";"13.25086";"61.73094";"17.19088";"-0.4628944";"39.19855";"49.47593";"13.25086";"61.73094";"17.19088";"-0.4628944";"39.19855";"49.47593"
"7282.275";"13.25753";"61.72163";"17.11733";"-0.4577827";"39.24381";"49.49491";"13.25753";"61.72163";"17.11733";"-0.4577827";"39.24381";"49.49491"
"7290.617";"13.28913";"61.68693";"17.18821";"-0.4341698";"39.26186";"49.491";"13.28913";"61.68693";"17.18821";"-0.4341698";"39.26186";"49.491"
"7298.958";"13.29308";"61.67782";"17.30501";"-0.4231644";"39.29366";"49.49757";"13.29308";"61.67782";"17.30501";"-0.4231644";"39.29366";"49.49757"
"7307.3";"13.29954";"61.63879";"15.55541";"-0.4780083";"39.32758";"49.50812";"13.29954";"61.63879";"15.55541";"-0.4780083";"39.32758";"49.50812"
"7315.642";"13.31195";"61.60952";"15.60034";"-0.4182549";"39.3067";"49.45731";"13.31195";"61.60952";"15.60034";"-0.4182549";"39.3067";"49.45731"
"7323.983";"13.34898";"61.58372";"14.05111";"-0.4333115";"39.34522";"49.46927";"13.34898";"61.58372";"14.05111";"-0.4333115";"39.34522";"49.46927"
"7332.325";"13.35992";"61.58604";"16.36205";"-0.3818893";"39.36825";"49.45191";"13.35992";"61.58604";"16.36205";"-0.3818893";"39.36825";"49.45191"
"7340.667";"13.39808";"61.55408";"14.06255";"-0.4332848";"39.40734";"49.46376";"13.39808";"61.55408";"14.06255";"-0.4332848";"39.40734";"49.46376"
"7349.008";"13.41064";"61.54007";"13.89742";"-0.5018616";"39.44593";"49.47453";"13.41064";"61.54007";"13.89742";"-0.5018616";"39.44593";"49.47453"
"7357.35";"13.43848";"61.52168";"14.47054";"-0.5036392";"39.4654";"49.48362";"13.43848";"61.52168";"14.47054";"-0.5036392";"39.4654";"49.48362"
"7365.692";"13.44701";"61.50717";"14.46842";"-0.4892311";"39.4849";"49.49271";"13.44701";"61.50717";"14.46842";"-0.4892311";"39.4849";"49.49271"
"7374.033";"13.4605";"61.4631";"13.98194";"-0.4123116";"39.52456";"49.50502";"13.4605";"61.4631";"13.98194";"-0.4123116";"39.52456";"49.50502"
"7382.375";"13.46172";"61.44799";"14.00826";"-0.4287262";"39.57737";"49.49504";"13.46172";"61.44799";"14.00826";"-0.4287262";"39.57737";"49.49504"
"7390.717";"13.48356";"61.41141";"14.29788";"-0.3885994";"39.59513";"49.50274";"13.48356";"61.41141";"14.29788";"-0.3885994";"39.59513";"49.50274"
"7399.058";"13.49522";"61.40292";"14.20619";"-0.4604568";"39.62777";"49.50992";"13.49522";"61.40292";"14.20619";"-0.4604568";"39.62777";"49.50992"
"7407.4";"13.52924";"61.36652";"15.01398";"-0.4055634";"39.68297";"49.70398";"13.52924";"61.36652";"15.01398";"-0.4055634";"39.68297";"49.70398"
"7415.742";"13.53346";"61.355";"15.73732";"-0.337204";"39.69362";"49.65211";"13.53346";"61.355";"15.73732";"-0.337204";"39.69362";"49.65211"
"7424.083";"13.55859";"61.34229";"15.30545";"-0.4405937";"39.71399";"49.65644";"13.55859";"61.34229";"15.30545";"-0.4405937";"39.71399";"49.65644"
"7432.425";"13.59753";"61.33398";"16.35168";"-0.45998";"39.74777";"49.66587";"13.59753";"61.33398";"16.35168";"-0.45998";"39.74777";"49.66587"
"7440.767";"13.61227";"61.30084";"14.03855";"-0.4102097";"39.78303";"49.6609";"13.61227";"61.30084";"14.03855";"-0.4102097";"39.78303";"49.6609"
"7449.108";"13.62029";"61.2886";"14.11183";"-0.4470291";"39.82851";"49.67009";"13.62029";"61.2886";"14.11183";"-0.4470291";"39.82851";"49.67009"
"7457.45";"13.63364";"61.25439";"14.62977";"-0.4207268";"39.84198";"49.6775";"13.63364";"61.25439";"14.62977";"-0.4207268";"39.84198";"49.6775"
"7465.792";"13.6446";"61.21115";"14.34352";"-0.4189835";"39.86857";"49.68945";"13.6446";"61.21115";"14.34352";"-0.4189835";"39.86857";"49.68945"
"7474.133";"13.66652";"61.19632";"14.98042";"-0.4740448";"39.90425";"49.69683";"13.66652";"61.19632";"14.98042";"-0.4740448";"39.90425";"49.69683"
"7482.475";"13.67964";"61.18206";"15.2672";"-0.4630127";"39.94912";"49.70976";"13.67964";"61.18206";"15.2672";"-0.4630127";"39.94912";"49.70976"
"7490.817";"13.71145";"61.15628";"14.60579";"-0.4654388";"39.9718";"49.69374";"13.71145";"61.15628";"14.60579";"-0.4654388";"39.9718";"49.69374"
"7499.158";"13.73433";"61.12611";"16.60527";"-0.4290619";"40.02057";"49.71576";"13.73433";"61.12611";"16.60527";"-0.4290619";"40.02057";"49.71576"
"7507.5";"13.76053";"61.131";"16.57593";"-0.4378357";"40.03879";"49.72062";"13.76053";"61.131";"16.57593";"-0.4378357";"40.03879";"49.72062"
"7515.842";"13.76915";"61.11885";"16.77977";"-0.4299927";"40.0636";"49.7325";"13.76915";"61.11885";"16.77977";"-0.4299927";"40.0636";"49.7325"
"7524.183";"13.78758";"61.07485";"16.61734";"-0.4207878";"40.10077";"49.73649";"13.78758";"61.07485";"16.61734";"-0.4207878";"40.10077";"49.73649"
"7532.525";"13.79797";"61.05774";"16.61186";"-0.420311";"40.10231";"49.74632";"13.79797";"61.05774";"16.61186";"-0.420311";"40.10231";"49.74632"
"7540.867";"13.82633";"61.01591";"17.18694";"-0.46632";"40.16386";"49.73421";"13.82633";"61.01591";"17.18694";"-0.46632";"40.16386";"49.73421"
"7549.208";"13.83573";"61.00217";"16.75479";"-0.4815788";"40.1726";"49.75123";"13.83573";"61.00217";"16.75479";"-0.4815788";"40.1726";"49.75123"
"7557.55";"13.85643";"60.96475";"17.36545";"-0.4382286";"40.33404";"50.00636";"13.85643";"60.96475";"17.36545";"-0.4382286";"40.33404";"50.00636"
"7565.892";"13.8618";"60.95963";"15.60279";"-0.4332275";"40.27333";"50.04215";"13.8618";"60.95963";"15.60279";"-0.4332275";"40.27333";"50.04215"
"7574.233";"13.87689";"60.93273";"16.33995";"-0.452877";"40.29995";"50.05151";"13.87689";"60.93273";"16.33995";"-0.452877";"40.29995";"50.05151"
"7582.575";"13.90404";"60.9001";"16.31144";"-0.4278297";"40.34805";"50.03867";"13.90404";"60.9001";"16.31144";"-0.4278297";"40.34805";"50.03867"
"7590.917";"13.90528";"60.86757";"16.56324";"-0.4755135";"40.37062";"50.05081";"13.90528";"60.86757";"16.56324";"-0.4755135";"40.37062";"50.05081"
"7599.258";"13.91079";"60.85262";"14.69944";"-0.4460716";"40.40814";"50.05838";"13.91079";"60.85262";"14.69944";"-0.4460716";"40.40814";"50.05838"
"7607.6";"13.95534";"60.8295";"14.58641";"-0.4113808";"40.42703";"50.06441";"13.95534";"60.8295";"14.58641";"-0.4113808";"40.42703";"50.06441"
"7615.942";"13.96198";"60.82115";"15.53312";"-0.4118347";"40.4505";"50.07538";"13.96198";"60.82115";"15.53312";"-0.4118347";"40.4505";"50.07538"
"7624.283";"14.00029";"60.78173";"17.40686";"-0.4463844";"40.48204";"50.08099";"14.00029";"60.78173";"17.40686";"-0.4463844";"40.48204";"50.08099"
"7632.625";"14.01164";"60.77563";"16.45412";"-0.4073067";"40.52156";"50.08955";"14.01164";"60.77563";"16.45412";"-0.4073067";"40.52156";"50.08955"
"7640.967";"14.04205";"60.73682";"17.81611";"-0.434742";"40.54914";"50.07162";"14.04205";"60.73682";"17.81611";"-0.434742";"40.54914";"50.07162"
"7649.308";"14.04611";"60.73109";"17.82991";"-0.4118195";"40.57531";"50.07701";"14.04611";"60.73109";"17.82991";"-0.4118195";"40.57531";"50.07701"
"7657.65";"14.04211";"60.69477";"18.68239";"-0.4622841";"40.61186";"50.08735";"14.04211";"60.69477";"18.68239";"-0.4622841";"40.61186";"50.08735"
"7665.992";"14.07497";"60.68367";"18.89891";"-0.4656029";"40.64204";"50.09117";"14.07497";"60.68367";"18.89891";"-0.4656029";"40.64204";"50.09117"
"7674.333";"14.09093";"60.6306";"19.67253";"-0.4449844";"40.66831";"50.10635";"14.09093";"60.6306";"19.67253";"-0.4449844";"40.66831";"50.10635"
"7682.675";"14.11533";"60.61691";"19.49005";"-0.4732819";"40.7042";"50.11053";"14.11533";"60.61691";"19.49005";"-0.4732819";"40.7042";"50.11053"
"7691.017";"14.14769";"60.59925";"16.81845";"-0.4375839";"40.72714";"50.11918";"14.14769";"60.59925";"16.81845";"-0.4375839";"40.72714";"50.11918"
"7699.358";"14.15861";"60.59209";"16.96341";"-0.397995";"40.76699";"50.10447";"14.15861";"60.59209";"16.96341";"-0.397995";"40.76699";"50.10447"
"7707.7";"14.19325";"60.55975";"17.62891";"-0.3983536";"40.78803";"50.12009";"14.19325";"60.55975";"17.62891";"-0.3983536";"40.78803";"50.12009"
"7716.042";"14.20506";"60.55207";"17.45152";"-0.4426804";"40.82423";"50.12856";"14.20506";"60.55207";"17.45152";"-0.4426804";"40.82423";"50.12856"
"7724.383";"14.23021";"60.51409";"15.43441";"-0.4284515";"40.83781";"50.14495";"14.23021";"60.51409";"15.43441";"-0.4284515";"40.83781";"50.14495"
"7732.725";"14.23907";"60.50668";"14.27429";"-0.4227448";"40.87107";"50.14733";"14.23907";"60.50668";"14.27429";"-0.4227448";"40.87107";"50.14733"
"7741.067";"14.24781";"60.45959";"15.80907";"-0.4175262";"40.89438";"50.16525";"14.24781";"60.45959";"15.80907";"-0.4175262";"40.89438";"50.16525"
"7749.408";"14.25831";"60.44505";"18.31515";"-0.4796791";"40.93134";"50.17707";"14.25831";"60.44505";"18.31515";"-0.4796791";"40.93134";"50.17707"
"7757.75";"14.28227";"60.4121";"18.13087";"-0.4354591";"40.8492";"50.23746";"14.28227";"60.4121";"18.13087";"-0.4354591";"40.8492";"50.23746"
"7766.092";"14.29757";"60.40105";"18.68145";"-0.4491043";"40.86432";"50.24746";"14.29757";"60.40105";"18.68145";"-0.4491043";"40.86432";"50.24746"
"7774.433";"14.30792";"60.3745";"21.47042";"-0.4273529";"40.90173";"50.24748";"14.30792";"60.3745";"21.47042";"-0.4273529";"40.90173";"50.24748"
"7782.775";"14.31844";"60.37035";"19.31965";"-0.4344788";"40.91582";"50.24822";"14.31844";"60.37035";"19.31965";"-0.4344788";"40.91582";"50.24822"
"7791.117";"14.34142";"60.37873";"17.14428";"-0.4685516";"40.94896";"50.24222";"14.34142";"60.37873";"17.14428";"-0.4685516";"40.94896";"50.24222"
"7799.458";"14.36003";"60.36334";"17.48541";"-0.4213943";"40.96634";"50.24652";"14.36003";"60.36334";"17.48541";"-0.4213943";"40.96634";"50.24652"
"7807.8";"14.37862";"60.32994";"16.9805";"-0.4284401";"40.98991";"50.25394";"14.37862";"60.32994";"16.9805";"-0.4284401";"40.98991";"50.25394"
"7816.142";"14.38821";"60.31995";"16.96431";"-0.4402008";"40.99934";"50.26076";"14.38821";"60.31995";"16.96431";"-0.4402008";"40.99934";"50.26076"
"7824.483";"14.40796";"60.27528";"16.8647";"-0.4554672";"41.02783";"50.2646";"14.40796";"60.27528";"16.8647";"-0.4554672";"41.02783";"50.2646"
"7832.825";"14.41951";"60.24427";"16.17884";"-0.4886475";"41.04585";"50.27542";"14.41951";"60.24427";"16.17884";"-0.4886475";"41.04585";"50.27542"
"7841.167";"14.44307";"60.2131";"16.57348";"-0.441143";"41.08081";"50.28561";"14.44307";"60.2131";"16.57348";"-0.441143";"41.08081";"50.28561"
"7849.508";"14.45089";"60.20806";"16.21362";"-0.4264107";"41.12823";"50.28259";"14.45089";"60.20806";"16.21362";"-0.4264107";"41.12823";"50.28259"
"7857.85";"14.47203";"60.17081";"17.78646";"-0.4187698";"41.41043";"50.46783";"14.47203";"60.17081";"17.78646";"-0.4187698";"41.41043";"50.46783"
"7866.192";"14.48785";"60.13679";"17.19336";"-0.4283447";"41.4393";"50.43541";"14.48785";"60.13679";"17.19336";"-0.4283447";"41.4393";"50.43541"
"7874.533";"14.51551";"60.12365";"17.7464";"-0.45578";"41.47149";"50.43617";"14.51551";"60.12365";"17.7464";"-0.45578";"41.47149";"50.43617"
"7882.875";"14.53612";"60.12796";"17.00861";"-0.4482079";"41.4887";"50.43632";"14.53612";"60.12796";"17.00861";"-0.4482079";"41.4887";"50.43632"
"7891.217";"14.55534";"60.08443";"17.05064";"-0.4510498";"41.52922";"50.45342";"14.55534";"60.08443";"17.05064";"-0.4510498";"41.52922";"50.45342"
"7899.558";"14.565";"60.06444";"16.76763";"-0.4258003";"41.5654";"50.45189";"14.565";"60.06444";"16.76763";"-0.4258003";"41.5654";"50.45189"
"7907.9";"14.60657";"60.02866";"17.34999";"-0.4311981";"41.58729";"50.46258";"14.60657";"60.02866";"17.34999";"-0.4311981";"41.58729";"50.46258"
"7916.242";"14.61571";"60.01939";"16.589";"-0.4322128";"41.62901";"50.46286";"14.61571";"60.01939";"16.589";"-0.4322128";"41.62901";"50.46286"
"7924.583";"14.64365";"59.98246";"16.65827";"-0.4755974";"41.6492";"50.46817";"14.64365";"59.98246";"16.65827";"-0.4755974";"41.6492";"50.46817"
"7932.925";"14.65018";"59.96332";"16.1863";"-0.4034653";"41.67468";"50.47563";"14.65018";"59.96332";"16.1863";"-0.4034653";"41.67468";"50.47563"
"7941.267";"14.6791";"59.93676";"16.63649";"-0.4453812";"41.7025";"50.48117";"14.6791";"59.93676";"16.63649";"-0.4453812";"41.7025";"50.48117"
"7949.608";"14.69196";"59.92294";"16.61071";"-0.4474335";"41.72521";"50.50635";"14.69196";"59.92294";"16.61071";"-0.4474335";"41.72521";"50.50635"
"7957.95";"14.69694";"59.88494";"15.98128";"-0.4842529";"41.76389";"50.5169";"14.69694";"59.88494";"15.98128";"-0.4842529";"41.76389";"50.5169"
"7966.292";"14.71866";"59.86084";"16.78863";"-0.4571762";"41.78533";"50.52721";"14.71866";"59.86084";"16.78863";"-0.4571762";"41.78533";"50.52721"
"7974.633";"14.75382";"59.84848";"16.77411";"-0.4352455";"41.80768";"50.52569";"14.75382";"59.84848";"16.77411";"-0.4352455";"41.80768";"50.52569"
"7982.975";"14.76411";"59.83246";"17.9632";"-0.4653435";"41.83344";"50.53302";"14.76411";"59.83246";"17.9632";"-0.4653435";"41.83344";"50.53302"
"7991.317";"14.79051";"59.79636";"15.41544";"-0.4437561";"41.86365";"50.52845";"14.79051";"59.79636";"15.41544";"-0.4437561";"41.86365";"50.52845"
"7999.658";"14.79892";"59.78468";"14.67548";"-0.4258957";"41.8828";"50.54799";"14.79892";"59.78468";"14.67548";"-0.4258957";"41.8828";"50.54799"
"8008";"14.8193";"59.75247";"14.32153";"-0.4578438";"41.93745";"50.58891";"14.8193";"59.75247";"14.32153";"-0.4578438";"41.93745";"50.58891"
"8016.342";"14.82698";"59.74125";"13.86399";"-0.4219437";"41.96166";"50.58862";"14.82698";"59.74125";"13.86399";"-0.4219437";"41.96166";"50.58862"
"8024.683";"14.84247";"59.69912";"14.21362";"-0.4790573";"41.98826";"50.5914";"14.84247";"59.69912";"14.21362";"-0.4790573";"41.98826";"50.5914"
"8033.025";"14.84936";"59.6761";"14.29333";"-0.4930496";"42.0061";"50.60207";"14.84936";"59.6761";"14.29333";"-0.4930496";"42.0061";"50.60207"
"8041.367";"14.87231";"59.63804";"14.69956";"-0.4505272";"42.03551";"50.59632";"14.87231";"59.63804";"14.69956";"-0.4505272";"42.03551";"50.59632"
"8049.708";"14.90307";"59.62252";"14.70002";"-0.4420853";"42.05154";"50.61102";"14.90307";"59.62252";"14.70002";"-0.4420853";"42.05154";"50.61102"
"8058.05";"14.92216";"59.61557";"13.18311";"-0.460125";"42.18343";"50.79461";"14.92216";"59.61557";"13.18311";"-0.460125";"42.18343";"50.79461"
"8066.392";"14.95509";"59.59026";"13.45664";"-0.4401855";"42.11304";"50.64513";"14.95509";"59.59026";"13.45664";"-0.4401855";"42.11304";"50.64513"
"8074.733";"14.97239";"59.57706";"13.42454";"-0.4100075";"42.23771";"50.63739";"14.97239";"59.57706";"13.42454";"-0.4100075";"42.23771";"50.63739"
"8083.075";"14.98511";"59.56184";"13.83948";"-0.3753242";"42.27144";"50.63351";"14.98511";"59.56184";"13.83948";"-0.3753242";"42.27144";"50.63351"
"8091.417";"15.01029";"59.53922";"13.42541";"-0.4026871";"42.28632";"50.63575";"15.01029";"59.53922";"13.42541";"-0.4026871";"42.28632";"50.63575"
"8099.758";"15.01023";"59.53771";"13.46122";"-0.4822121";"42.29305";"50.63932";"15.01023";"59.53771";"13.46122";"-0.4822121";"42.29305";"50.63932"
"8108.1";"15.0197";"59.53046";"13.39011";"-0.4330254";"42.33362";"50.63826";"15.0197";"59.53046";"13.39011";"-0.4330254";"42.33362";"50.63826"
"8116.442";"15.03124";"59.48636";"13.2511";"-0.4327965";"42.34281";"50.65655";"15.03124";"59.48636";"13.2511";"-0.4327965";"42.34281";"50.65655"
"8124.783";"15.05179";"59.44356";"13.7018";"-0.4402351";"42.35509";"50.65589";"15.05179";"59.44356";"13.7018";"-0.4402351";"42.35509";"50.65589"
"8133.125";"15.05909";"59.43727";"13.61864";"-0.4385262";"42.37187";"50.66507";"15.05909";"59.43727";"13.61864";"-0.4385262";"42.37187";"50.66507"
"8141.467";"15.07741";"59.4088";"14.00484";"-0.4142799";"42.4031";"50.66585";"15.07741";"59.4088";"14.00484";"-0.4142799";"42.4031";"50.66585"
"8149.808";"15.10975";"59.37298";"14.58009";"-0.4962845";"42.42686";"50.67665";"15.10975";"59.37298";"14.58009";"-0.4962845";"42.42686";"50.67665"
"8158.15";"15.1318";"59.3718";"17.09164";"-0.4632416";"42.45821";"50.70214";"15.1318";"59.3718";"17.09164";"-0.4632416";"42.45821";"50.70214"
"8166.492";"15.1491";"59.36713";"17.10637";"-0.4525452";"42.49687";"50.69658";"15.1491";"59.36713";"17.10637";"-0.4525452";"42.49687";"50.69658"
"8174.833";"15.1487";"59.32412";"15.9614";"-0.4549789";"42.52641";"50.7194";"15.1487";"59.32412";"15.9614";"-0.4549789";"42.52641";"50.7194"
"8183.175";"15.16906";"59.28177";"15.59035";"-0.4216957";"42.55004";"50.72388";"15.16906";"59.28177";"15.59035";"-0.4216957";"42.55004";"50.72388"
"8191.517";"15.19874";"59.26672";"16.33822";"-0.4246788";"42.57698";"50.72389";"15.19874";"59.26672";"16.33822";"-0.4246788";"42.57698";"50.72389"
"8199.858";"15.21653";"59.2559";"14.93087";"-0.4479485";"42.59126";"50.73483";"15.21653";"59.2559";"14.93087";"-0.4479485";"42.59126";"50.73483"
"8208.2";"15.23204";"59.21465";"15.90206";"-0.4359741";"42.62573";"50.74498";"15.23204";"59.21465";"15.90206";"-0.4359741";"42.62573";"50.74498"
"8216.542";"15.24283";"59.20145";"17.40488";"-0.4710846";"42.6471";"50.7517";"15.24283";"59.20145";"17.40488";"-0.4710846";"42.6471";"50.7517"
"8224.884";"15.27134";"59.17661";"15.7629";"-0.4324379";"42.69104";"50.75812";"15.27134";"59.17661";"15.7629";"-0.4324379";"42.69104";"50.75812"
"8233.225";"15.28868";"59.15828";"16.06218";"-0.5237923";"42.73048";"50.77631";"15.28868";"59.15828";"16.06218";"-0.5237923";"42.73048";"50.77631"
"8241.566";"15.33118";"59.14199";"15.68871";"-0.4507065";"42.75914";"50.79105";"15.33118";"59.14199";"15.68871";"-0.4507065";"42.75914";"50.79105"
"8249.908";"15.3199";"59.1193";"15.60116";"-0.444294";"42.77566";"50.79863";"15.3199";"59.1193";"15.60116";"-0.444294";"42.77566";"50.79863"
"8258.25";"15.35846";"59.07613";"15.75864";"-0.4166069";"42.80651";"50.80267";"15.35846";"59.07613";"15.75864";"-0.4166069";"42.80651";"50.80267"
"8266.592";"15.36655";"59.06161";"17.70714";"-0.4449043";"42.83057";"50.80045";"15.36655";"59.06161";"17.70714";"-0.4449043";"42.83057";"50.80045"
"8274.934";"15.39732";"59.02937";"16.03231";"-0.3900337";"42.86317";"50.81184";"15.39732";"59.02937";"16.03231";"-0.3900337";"42.86317";"50.81184"
"8283.275";"15.41514";"59.01726";"16.53192";"-0.4420013";"42.87938";"50.81491";"15.41514";"59.01726";"16.53192";"-0.4420013";"42.87938";"50.81491"
"8291.616";"15.44";"58.98428";"16.93143";"-0.491272";"42.92379";"50.84031";"15.44";"58.98428";"16.93143";"-0.491272";"42.92379";"50.84031"
"8299.958";"15.44471";"58.96318";"17.69596";"-0.4682922";"42.95624";"50.84507";"15.44471";"58.96318";"17.69596";"-0.4682922";"42.95624";"50.84507"
"8308.3";"15.46198";"58.93256";"17.60266";"-0.4554787";"42.98575";"50.8526";"15.46198";"58.93256";"17.60266";"-0.4554787";"42.98575";"50.8526"
"8316.642";"15.4809";"58.90764";"16.64829";"-0.458931";"43.00352";"50.85872";"15.4809";"58.90764";"16.64829";"-0.458931";"43.00352";"50.85872"
"8324.983";"15.51533";"58.88567";"16.1416";"-0.4412003";"43.03585";"50.86448";"15.51533";"58.88567";"16.1416";"-0.4412003";"43.03585";"50.86448"
"8333.325";"15.52579";"58.87298";"16.60539";"-0.4337158";"43.05017";"50.86987";"15.52579";"58.87298";"16.60539";"-0.4337158";"43.05017";"50.86987"
"8341.667";"15.55376";"58.84321";"16.54662";"-0.4340134";"43.08785";"50.90562";"15.55376";"58.84321";"16.54662";"-0.4340134";"43.08785";"50.90562"
"8350.009";"15.56742";"58.81562";"16.03387";"-0.4275208";"43.11123";"50.90807";"15.56742";"58.81562";"16.03387";"-0.4275208";"43.11123";"50.90807"
"8358.35";"15.58793";"58.795";"16.40579";"-0.407032";"43.14368";"50.91034";"15.58793";"58.795";"16.40579";"-0.407032";"43.14368";"50.91034"
"8366.691";"15.60256";"58.77991";"16.38445";"-0.4268532";"43.16125";"50.9172";"15.60256";"58.77991";"16.38445";"-0.4268532";"43.16125";"50.9172"
"8375.033";"15.62733";"58.7445";"17.15509";"-0.4294777";"43.19749";"50.93792";"15.62733";"58.7445";"17.15509";"-0.4294777";"43.19749";"50.93792"
"8383.375";"15.62575";"58.70868";"16.86183";"-0.4767914";"43.22572";"50.92975";"15.62575";"58.70868";"16.86183";"-0.4767914";"43.22572";"50.92975"
"8391.717";"15.65975";"58.6773";"18.71881";"-0.4570808";"43.2565";"50.93932";"15.65975";"58.6773";"18.71881";"-0.4570808";"43.2565";"50.93932"
"8400.059";"15.66738";"58.66717";"17.1638";"-0.5322571";"43.29222";"50.98682";"15.66738";"58.66717";"17.1638";"-0.5322571";"43.29222";"50.98682"
"8408.4";"15.70195";"58.65422";"16.77109";"-0.4392433";"43.32254";"50.977";"15.70195";"58.65422";"16.77109";"-0.4392433";"43.32254";"50.977"
"8416.741";"15.7143";"58.64478";"16.70098";"-0.4314957";"43.33629";"50.9856";"15.7143";"58.64478";"16.70098";"-0.4314957";"43.33629";"50.9856"
"8425.083";"15.73524";"58.61412";"18.71938";"-0.4622498";"43.36583";"51.00669";"15.73524";"58.61412";"18.71938";"-0.4622498";"43.36583";"51.00669"
"8433.425";"15.74399";"58.60276";"16.28493";"-0.4662018";"43.40033";"50.99821";"15.74399";"58.60276";"16.28493";"-0.4662018";"43.40033";"50.99821"
"8441.767";"15.78246";"58.57181";"15.28259";"-0.4875107";"43.42017";"51.0169";"15.78246";"58.57181";"15.28259";"-0.4875107";"43.42017";"51.0169"
"8450.108";"15.78688";"58.55126";"16.3469";"-0.4906998";"43.4493";"51.03554";"15.78688";"58.55126";"16.3469";"-0.4906998";"43.4493";"51.03554"
"8458.45";"15.80414";"58.51127";"16.9835";"-0.491951";"43.48514";"51.05852";"15.80414";"58.51127";"16.9835";"-0.491951";"43.48514";"51.05852"
"8466.792";"15.81387";"58.49683";"16.94569";"-0.4510994";"43.50885";"51.07361";"15.81387";"58.49683";"16.94569";"-0.4510994";"43.50885";"51.07361"
"8475.134";"15.84322";"58.45926";"15.38347";"-0.4917717";"43.54371";"51.0889";"15.84322";"58.45926";"15.38347";"-0.4917717";"43.54371";"51.0889"
"8483.475";"15.85096";"58.44839";"15.1969";"-0.5066605";"43.56193";"51.08735";"15.85096";"58.44839";"15.1969";"-0.5066605";"43.56193";"51.08735"
"8491.816";"15.88933";"58.41602";"15.04181";"-0.6092606";"43.59352";"51.09845";"15.88933";"58.41602";"15.04181";"-0.6092606";"43.59352";"51.09845"
"8500.158";"15.91876";"58.4014";"15.99656";"-0.4739494";"43.62919";"51.11288";"15.91876";"58.4014";"15.99656";"-0.4739494";"43.62919";"51.11288"
"8508.5";"15.93244";"58.39333";"16.77621";"-0.4586067";"43.65522";"51.12083";"15.93244";"58.39333";"16.77621";"-0.4586067";"43.65522";"51.12083"
"8516.842";"15.94312";"58.38924";"16.16261";"-0.4807892";"43.68266";"51.15373";"15.94312";"58.38924";"16.16261";"-0.4807892";"43.68266";"51.15373"
"8525.184";"15.95699";"58.34568";"16.76329";"-0.448925";"43.71198";"51.14711";"15.95699";"58.34568";"16.76329";"-0.448925";"43.71198";"51.14711"
"8533.525";"15.97323";"58.31699";"16.02708";"-0.5611839";"43.73423";"51.15495";"15.97323";"58.31699";"16.02708";"-0.5611839";"43.73423";"51.15495"
"8541.866";"15.98795";"58.27936";"16.46362";"-0.4762421";"43.76112";"51.18665";"15.98795";"58.27936";"16.46362";"-0.4762421";"43.76112";"51.18665"
"8550.208";"16.00745";"58.26237";"16.2155";"-0.4944344";"43.8029";"51.18108";"16.00745";"58.26237";"16.2155";"-0.4944344";"43.8029";"51.18108"
"8558.55";"16.03666";"58.22479";"16.55197";"-0.4994621";"43.8215";"51.19282";"16.03666";"58.22479";"16.55197";"-0.4994621";"43.8215";"51.19282"
"8566.892";"16.05626";"58.21055";"16.01907";"-0.4791908";"43.84772";"51.20081";"16.05626";"58.21055";"16.01907";"-0.4791908";"43.84772";"51.20081"
"8575.233";"16.08907";"58.17813";"17.21229";"-0.4332848";"43.87661";"51.23745";"16.08907";"58.17813";"17.21229";"-0.4332848";"43.87661";"51.23745"
"8583.575";"16.10277";"58.17856";"15.80963";"-0.4548836";"43.91799";"51.24275";"16.10277";"58.17856";"15.80963";"-0.4548836";"43.91799";"51.24275"
"8591.917";"16.12524";"58.1514";"17.53657";"-0.4856987";"43.93964";"51.26066";"16.12524";"58.1514";"17.53657";"-0.4856987";"43.93964";"51.26066"
"8600.259";"16.139";"58.11726";"18.30096";"-0.4298019";"43.97396";"51.28619";"16.139";"58.11726";"18.30096";"-0.4298019";"43.97396";"51.28619"
"8608.6";"16.17153";"58.08303";"18.07424";"-0.4853401";"43.99984";"51.28281";"16.17153";"58.08303";"18.07424";"-0.4853401";"43.99984";"51.28281"
"8616.941";"16.18704";"58.06652";"18.11637";"-0.4410591";"44.02713";"51.29893";"16.18704";"58.06652";"18.11637";"-0.4410591";"44.02713";"51.29893"
"8625.283";"16.21275";"58.03651";"18.30438";"-0.4182816";"44.07577";"51.31679";"16.21275";"58.03651";"18.30438";"-0.4182816";"44.07577";"51.31679"
"8633.625";"16.2236";"58.02129";"18.34043";"-0.3320236";"44.10034";"51.32925";"16.2236";"58.02129";"18.34043";"-0.3320236";"44.10034";"51.32925"
"8641.967";"16.26028";"57.99637";"18.31879";"-0.507843";"44.13066";"51.33918";"16.26028";"57.99637";"18.31879";"-0.507843";"44.13066";"51.33918"
"8650.309";"16.27272";"57.97908";"18.34066";"-0.4841461";"44.15408";"51.35184";"16.27272";"57.97908";"18.34066";"-0.4841461";"44.15408";"51.35184"
"8658.65";"16.28255";"57.93309";"19.13976";"-0.4412956";"44.18861";"51.3702";"16.28255";"57.93309";"19.13976";"-0.4412956";"44.18861";"51.3702"
"8666.991";"16.30396";"57.92683";"18.4093";"-0.4429321";"44.20657";"51.37518";"16.30396";"57.92683";"18.4093";"-0.4429321";"44.20657";"51.37518"
"8675.333";"16.33516";"57.90125";"17.96009";"-0.4634781";"44.24398";"51.39092";"16.33516";"57.90125";"17.96009";"-0.4634781";"44.24398";"51.39092"
"8683.675";"16.34129";"57.88775";"17.63117";"-0.4289894";"44.2793";"51.3914";"16.34129";"57.88775";"17.63117";"-0.4289894";"44.2793";"51.3914"
"8692.017";"16.36681";"57.84913";"18.52409";"-0.4191017";"44.30632";"51.40891";"16.36681";"57.84913";"18.52409";"-0.4191017";"44.30632";"51.40891"
"8700.358";"16.3901";"57.83366";"18.75913";"-0.4869614";"44.32001";"51.41313";"16.3901";"57.83366";"18.75913";"-0.4869614";"44.32001";"51.41313"
"8708.7";"16.40639";"57.80588";"16.19438";"-0.4204063";"44.34981";"51.43064";"16.40639";"57.80588";"16.19438";"-0.4204063";"44.34981";"51.43064"
"8717.042";"16.41211";"57.80103";"14.66";"-0.3995361";"44.36141";"51.43587";"16.41211";"57.80103";"14.66";"-0.3995361";"44.36141";"51.43587"
"8725.384";"16.42493";"57.76023";"16.40856";"-0.4564476";"44.39613";"51.44292";"16.42493";"57.76023";"16.40856";"-0.4564476";"44.39613";"51.44292"
"8733.725";"16.44111";"57.74359";"16.30375";"-0.4812927";"44.41203";"51.45156";"16.44111";"57.74359";"16.30375";"-0.4812927";"44.41203";"51.45156"
"8742.066";"16.47668";"57.71382";"16.39631";"-0.4545593";"44.45155";"51.45846";"16.47668";"57.71382";"16.39631";"-0.4545593";"44.45155";"51.45846"
"8750.408";"16.48775";"57.69804";"16.44348";"-0.4600525";"44.37223";"51.42131";"16.48775";"57.69804";"16.44348";"-0.4600525";"44.37223";"51.42131"
"8758.75";"16.51774";"57.67188";"16.9315";"-0.4547157";"44.4031";"51.41795";"16.51774";"57.67188";"16.9315";"-0.4547157";"44.4031";"51.41795"
"8767.092";"16.54293";"57.64584";"19.25456";"-0.3978996";"44.43517";"51.42329";"16.54293";"57.64584";"19.25456";"-0.3978996";"44.43517";"51.42329"
"8775.434";"16.56607";"57.62628";"18.54618";"-0.4126091";"44.46917";"51.45338";"16.56607";"57.62628";"18.54618";"-0.4126091";"44.46917";"51.45338"
"8783.775";"16.57453";"57.60294";"15.75598";"-0.4310417";"44.48738";"51.46038";"16.57453";"57.60294";"15.75598";"-0.4310417";"44.48738";"51.46038"
"8792.116";"16.60464";"57.58131";"18.5364";"-0.4273529";"44.52294";"51.45722";"16.60464";"57.58131";"18.5364";"-0.4273529";"44.52294";"51.45722"
"8800.458";"16.61214";"57.55964";"17.28671";"-0.412323";"44.54741";"51.47183";"16.61214";"57.55964";"17.28671";"-0.412323";"44.54741";"51.47183"
"8808.8";"16.63486";"57.51676";"15.15875";"-0.475956";"44.56831";"51.47388";"16.63486";"57.51676";"15.15875";"-0.475956";"44.56831";"51.47388"
"8817.142";"16.65166";"57.50882";"16.95836";"-0.4865074";"44.61169";"51.48089";"16.65166";"57.50882";"16.95836";"-0.4865074";"44.61169";"51.48089"
"8825.483";"16.69059";"57.48226";"15.38811";"-0.4435768";"44.67117";"51.52991";"16.69059";"57.48226";"15.38811";"-0.4435768";"44.67117";"51.52991"
"8833.825";"16.71307";"57.46302";"15.09814";"-0.4427528";"44.70238";"51.53377";"16.71307";"57.46302";"15.09814";"-0.4427528";"44.70238";"51.53377"
"8842.167";"16.73828";"57.4349";"15.21302";"-0.4650307";"44.72203";"51.54044";"16.73828";"57.4349";"15.21302";"-0.4650307";"44.72203";"51.54044"
"8850.509";"16.74732";"57.42157";"16.59215";"-0.4619026";"44.74175";"51.54649";"16.74732";"57.42157";"16.59215";"-0.4619026";"44.74175";"51.54649"
"8858.85";"16.77315";"57.39977";"15.32269";"-0.4556961";"44.92577";"51.73714";"16.77315";"57.39977";"15.32269";"-0.4556961";"44.92577";"51.73714"
"8867.191";"16.76886";"57.35787";"16.59871";"-0.4265404";"44.7849";"51.56605";"16.76886";"57.35787";"16.59871";"-0.4265404";"44.7849";"51.56605"
"8875.533";"16.79823";"57.33652";"15.53884";"-0.428772";"44.75684";"51.60659";"16.79823";"57.33652";"15.53884";"-0.428772";"44.75684";"51.60659"
"8883.875";"16.80815";"57.31602";"15.16218";"-0.418911";"44.77711";"51.61649";"16.80815";"57.31602";"15.16218";"-0.418911";"44.77711";"51.61649"
"8892.217";"16.83628";"57.28132";"15.96224";"-0.4350662";"44.80777";"51.61526";"16.83628";"57.28132";"15.96224";"-0.4350662";"44.80777";"51.61526"
"8900.559";"16.85145";"57.26715";"15.96365";"-0.4422874";"44.84545";"51.66129";"16.85145";"57.26715";"15.96365";"-0.4422874";"44.84545";"51.66129"
"8908.9";"16.88517";"57.25115";"15.818";"-0.4478378";"44.8715";"51.66922";"16.88517";"57.25115";"15.818";"-0.4478378";"44.8715";"51.66922"
"8917.241";"16.90974";"57.23941";"18.35299";"-0.4306374";"44.89566";"51.67345";"16.90974";"57.23941";"18.35299";"-0.4306374";"44.89566";"51.67345"
"8925.583";"16.93472";"57.20416";"18.19701";"-0.4464188";"44.9199";"51.67575";"16.93472";"57.20416";"18.19701";"-0.4464188";"44.9199";"51.67575"
"8933.925";"16.95097";"57.18858";"15.37602";"-0.4780922";"44.94191";"51.68118";"16.95097";"57.18858";"15.37602";"-0.4780922";"44.94191";"51.68118"
"8942.267";"16.96563";"57.14929";"16.64077";"-0.4665947";"44.96364";"51.68398";"16.96563";"57.14929";"16.64077";"-0.4665947";"44.96364";"51.68398"
"8950.608";"16.98921";"57.1279";"18.82605";"-0.4945183";"44.9943";"51.69547";"16.98921";"57.1279";"18.82605";"-0.4945183";"44.9943";"51.69547"
"8958.95";"17.00763";"57.09459";"18.61074";"-0.4689827";"45.06438";"51.74193";"17.00763";"57.09459";"18.61074";"-0.4689827";"45.06438";"51.74193"
"8967.292";"17.02709";"57.07712";"19.26901";"-0.4306946";"45.09236";"51.7493";"17.02709";"57.07712";"19.26901";"-0.4306946";"45.09236";"51.7493"
"8975.634";"17.05982";"57.04434";"19.72557";"-0.414959";"45.11624";"51.75104";"17.05982";"57.04434";"19.72557";"-0.414959";"45.11624";"51.75104"
"8983.975";"17.08227";"57.0428";"20.49078";"-0.4451523";"45.14153";"51.7552";"17.08227";"57.0428";"20.49078";"-0.4451523";"45.14153";"51.7552"
"8992.316";"17.11419";"57.01649";"18.75035";"-0.458107";"45.16304";"51.76711";"17.11419";"57.01649";"18.75035";"-0.458107";"45.16304";"51.76711"
"9000.658";"17.12614";"57.00787";"18.73322";"-0.4078102";"45.18476";"51.77229";"17.12614";"57.00787";"18.73322";"-0.4078102";"45.18476";"51.77229"
"9009";"17.14243";"56.97814";"19.52";"-0.4510498";"45.22796";"51.78743";"17.14243";"56.97814";"19.52";"-0.4510498";"45.22796";"51.78743"
"9017.342";"17.15604";"56.95058";"19.51117";"-0.4337044";"45.24197";"51.82828";"17.15604";"56.95058";"19.51117";"-0.4337044";"45.24197";"51.82828"
"9025.684";"17.18766";"56.908";"19.4946";"-0.3827744";"45.27127";"51.83311";"17.18766";"56.908";"19.4946";"-0.3827744";"45.27127";"51.83311"
"9034.025";"17.19926";"56.89812";"20.08182";"-0.2946663";"45.294";"51.84148";"17.19926";"56.89812";"20.08182";"-0.2946663";"45.294";"51.84148"
"9042.366";"17.22323";"56.86295";"22.83963";"-0.4273529";"45.31824";"51.8467";"17.22323";"56.86295";"22.83963";"-0.4273529";"45.31824";"51.8467"
"9050.708";"17.25073";"56.85415";"21.60492";"-0.4533806";"45.33775";"51.8574";"17.25073";"56.85415";"21.60492";"-0.4533806";"45.33775";"51.8574"
"9059.05";"17.27262";"56.8328";"23.55087";"-0.4937897";"45.45785";"51.93908";"17.27262";"56.8328";"23.55087";"-0.4937897";"45.45785";"51.93908"
"9067.392";"17.2833";"56.82103";"23.40362";"-0.5396233";"45.38846";"51.88735";"17.2833";"56.82103";"23.40362";"-0.5396233";"45.38846";"51.88735"
"9075.733";"17.31353";"56.78675";"23.9573";"-0.3974113";"45.3392";"51.80335";"17.31353";"56.78675";"23.9573";"-0.3974113";"45.3392";"51.80335"
"9084.075";"17.3142";"56.76383";"21.84604";"-0.4608307";"45.36635";"51.80936";"17.3142";"56.76383";"21.84604";"-0.4608307";"45.36635";"51.80936"
"9092.417";"17.34642";"56.72029";"21.34825";"-0.4277229";"45.39121";"51.81702";"17.34642";"56.72029";"21.34825";"-0.4277229";"45.39121";"51.81702"
"9100.759";"17.34913";"56.7107";"22.23427";"-0.4401627";"45.40706";"51.82495";"17.34913";"56.7107";"22.23427";"-0.4401627";"45.40706";"51.82495"
"9109.1";"17.38825";"56.6721";"23.25438";"-0.4268379";"45.44436";"51.85304";"17.38825";"56.6721";"23.25438";"-0.4268379";"45.44436";"51.85304"
"9117.441";"17.39315";"56.64906";"22.82612";"-0.4256706";"45.46687";"51.85944";"17.39315";"56.64906";"22.82612";"-0.4256706";"45.46687";"51.85944"
"9125.783";"17.42747";"56.62765";"23.38445";"-0.3892937";"45.48882";"51.87505";"17.42747";"56.62765";"23.38445";"-0.3892937";"45.48882";"51.87505"
"9134.125";"17.42888";"56.61081";"23.43292";"-0.4333458";"45.5015";"51.88055";"17.42888";"56.61081";"23.43292";"-0.4333458";"45.5015";"51.88055"
"9142.467";"17.47884";"56.59387";"23.3877";"-0.593277";"45.52695";"51.89513";"17.47884";"56.59387";"23.3877";"-0.593277";"45.52695";"51.89513"
"9150.809";"17.47234";"56.57792";"23.39135";"-0.5980988";"45.54861";"51.9011";"17.47234";"56.57792";"23.39135";"-0.5980988";"45.54861";"51.9011"
"9159.15";"17.49865";"56.54229";"22.97731";"-0.4913063";"45.58199";"51.91498";"17.49865";"56.54229";"22.97731";"-0.4913063";"45.58199";"51.91498"
"9167.491";"17.51682";"56.51091";"23.52522";"-0.3747025";"45.59908";"51.92879";"17.51682";"56.51091";"23.52522";"-0.3747025";"45.59908";"51.92879"
"9175.833";"17.54605";"56.48795";"23.05862";"-0.4488525";"45.64177";"51.94622";"17.54605";"56.48795";"23.05862";"-0.4488525";"45.64177";"51.94622"
"9184.175";"17.56276";"56.46293";"23.07368";"-0.4827461";"45.65639";"51.95995";"17.56276";"56.46293";"23.07368";"-0.4827461";"45.65639";"51.95995"
"9192.517";"17.59074";"56.44564";"21.46376";"-0.4077034";"45.68812";"51.95503";"17.59074";"56.44564";"21.46376";"-0.4077034";"45.68812";"51.95503"
"9200.858";"17.60237";"56.43054";"23.76287";"-0.4371185";"45.71181";"51.96777";"17.60237";"56.43054";"23.76287";"-0.4371185";"45.71181";"51.96777"
"9209.2";"17.64592";"56.39952";"20.88362";"-0.4273529";"45.7337";"51.98132";"17.64592";"56.39952";"20.88362";"-0.4273529";"45.7337";"51.98132"
"9217.542";"17.64007";"56.38097";"22.80896";"-0.4746895";"45.746";"51.97983";"17.64007";"56.38097";"22.80896";"-0.4746895";"45.746";"51.97983"
"9225.884";"17.67744";"56.355";"21.12886";"-0.4416428";"46.00943";"52.2841";"17.67744";"56.355";"21.12886";"-0.4416428";"46.00943";"52.2841"
"9234.225";"17.69199";"56.34056";"21.14513";"-0.429142";"45.92572";"52.19396";"17.69199";"56.34056";"21.14513";"-0.429142";"45.92572";"52.19396"
"9242.566";"17.72308";"56.29528";"20.88194";"-0.4650536";"45.95098";"52.20386";"17.72308";"56.29528";"20.88194";"-0.4650536";"45.95098";"52.20386"
"9250.908";"17.7274";"56.28847";"21.20957";"-0.4594688";"45.96082";"52.20805";"17.7274";"56.28847";"21.20957";"-0.4594688";"45.96082";"52.20805"
"9259.25";"17.76655";"56.25404";"21.73074";"-0.3770065";"45.99535";"52.21774";"17.76655";"56.25404";"21.73074";"-0.3770065";"45.99535";"52.21774"
"9267.592";"17.77314";"56.24738";"21.49578";"-0.4578323";"46.01746";"52.23534";"17.77314";"56.24738";"21.49578";"-0.4578323";"46.01746";"52.23534"
"9275.934";"17.79285";"56.21174";"21.53188";"-0.4173851";"46.04855";"52.23745";"17.79285";"56.21174";"21.53188";"-0.4173851";"46.04855";"52.23745"
"9284.275";"17.79264";"56.19744";"21.56321";"-0.4626427";"46.06863";"52.24413";"17.79264";"56.19744";"21.56321";"-0.4626427";"46.06863";"52.24413"
"9292.616";"17.82661";"56.14686";"21.37852";"-0.4284172";"46.09014";"52.24815";"17.82661";"56.14686";"21.37852";"-0.4284172";"46.09014";"52.24815"
"9300.958";"17.84367";"56.13808";"21.30039";"-0.4243317";"46.10399";"52.26479";"17.84367";"56.13808";"21.30039";"-0.4243317";"46.10399";"52.26479"
"9309.3";"17.88389";"56.11306";"20.49438";"-0.4471817";"46.13095";"52.26952";"17.88389";"56.11306";"20.49438";"-0.4471817";"46.13095";"52.26952"
"9317.642";"17.89245";"56.10748";"18.93002";"-0.3973389";"46.14315";"52.28131";"17.89245";"56.10748";"18.93002";"-0.3973389";"46.14315";"52.28131"
"9325.983";"17.93171";"56.07543";"18.49602";"-0.3650475";"46.1915";"52.29597";"17.93171";"56.07543";"18.49602";"-0.3650475";"46.1915";"52.29597"
"9334.325";"17.94075";"56.06625";"19.4794";"-0.3857002";"46.20322";"52.30451";"17.94075";"56.06625";"19.4794";"-0.3857002";"46.20322";"52.30451"
"9342.667";"17.96452";"56.03861";"19.34435";"-0.3904152";"46.24314";"52.31766";"17.96452";"56.03861";"19.34435";"-0.3904152";"46.24314";"52.31766"
"9351.009";"17.98463";"56.02665";"19.1043";"-0.4704857";"46.25542";"52.34578";"17.98463";"56.02665";"19.1043";"-0.4704857";"46.25542";"52.34578"
"9359.35";"17.99556";"55.98402";"19.14165";"-0.4316635";"46.28684";"52.34801";"17.99556";"55.98402";"19.14165";"-0.4316635";"46.28684";"52.34801"
"9367.691";"18.01824";"55.95699";"19.07345";"-0.4766235";"46.2951";"52.35545";"18.01824";"55.95699";"19.07345";"-0.4766235";"46.2951";"52.35545"
"9376.033";"18.04459";"55.92787";"19.00152";"-0.4084892";"46.32144";"52.36413";"18.04459";"55.92787";"19.00152";"-0.4084892";"46.32144";"52.36413"
"9384.375";"18.06196";"55.92547";"19.09893";"-0.4287987";"46.34457";"52.37086";"18.06196";"55.92547";"19.09893";"-0.4287987";"46.34457";"52.37086"
"9392.717";"18.09589";"55.89093";"19.07093";"-0.469986";"46.37156";"52.38518";"18.09589";"55.89093";"19.07093";"-0.469986";"46.37156";"52.38518"
"9401.059";"18.10667";"55.87867";"18.36544";"-0.4302063";"46.39839";"52.39045";"18.10667";"55.87867";"18.36544";"-0.4302063";"46.39839";"52.39045"
"9409.4";"18.139";"55.84779";"19.27118";"-0.4713707";"46.43063";"52.41708";"18.139";"55.84779";"19.27118";"-0.4713707";"46.43063";"52.41708"
"9417.741";"18.14809";"55.81673";"18.73655";"-0.4435196";"46.66372";"52.51938";"18.14809";"55.81673";"18.73655";"-0.4435196";"46.66372";"52.51938"
"9426.083";"18.16813";"55.79426";"18.44781";"-0.5106354";"46.73613";"52.58577";"18.16813";"55.79426";"18.44781";"-0.5106354";"46.73613";"52.58577"
"9434.425";"18.17542";"55.77346";"16.97792";"-0.4457855";"46.75478";"52.60707";"18.17542";"55.77346";"16.97792";"-0.4457855";"46.75478";"52.60707"
"9442.767";"18.20871";"55.7422";"17.7511";"-0.4946251";"46.78527";"52.61523";"18.20871";"55.7422";"17.7511";"-0.4946251";"46.78527";"52.61523"
"9451.108";"18.23008";"55.72719";"17.77652";"-0.5842743";"46.80519";"52.61934";"18.23008";"55.72719";"17.77652";"-0.5842743";"46.80519";"52.61934"
"9459.45";"18.26476";"55.70512";"16.39098";"-0.4480782";"46.83979";"52.63017";"18.26476";"55.70512";"16.39098";"-0.4480782";"46.83979";"52.63017"
"9467.792";"18.2751";"55.68618";"16.06825";"-0.4748573";"46.85511";"52.63443";"18.2751";"55.68618";"16.06825";"-0.4748573";"46.85511";"52.63443"
"9476.134";"18.30673";"55.66276";"16.22119";"-0.4227333";"46.87613";"52.64291";"18.30673";"55.66276";"16.22119";"-0.4227333";"46.87613";"52.64291"
"9484.475";"18.319";"55.64322";"14.79104";"-0.4433403";"46.89012";"52.65347";"18.319";"55.64322";"14.79104";"-0.4433403";"46.89012";"52.65347"
"9492.816";"18.34963";"55.61938";"15.20609";"-0.4411316";"46.91588";"52.66458";"18.34963";"55.61938";"15.20609";"-0.4411316";"46.91588";"52.66458"
"9501.158";"18.36153";"55.58395";"16.40912";"-0.3921814";"46.95377";"52.69131";"18.36153";"55.58395";"16.40912";"-0.3921814";"46.95377";"52.69131"
"9509.5";"18.3777";"55.55922";"16.4099";"-0.3813896";"46.96481";"52.69815";"18.3777";"55.55922";"16.4099";"-0.3813896";"46.96481";"52.69815"
"9517.842";"18.39312";"55.52702";"15.70714";"-0.4522095";"47.00444";"52.7066";"18.39312";"55.52702";"15.70714";"-0.4522095";"47.00444";"52.7066"
"9526.184";"18.43072";"55.50592";"15.80852";"-0.4237366";"47.01999";"52.71378";"18.43072";"55.50592";"15.80852";"-0.4237366";"47.01999";"52.71378"
"9534.525";"18.44152";"55.50894";"16.15702";"-0.4177551";"47.04522";"52.71977";"18.44152";"55.50894";"16.15702";"-0.4177551";"47.04522";"52.71977"
"9542.866";"18.485";"55.47801";"14.98895";"-0.4198799";"47.06984";"52.75167";"18.485";"55.47801";"14.98895";"-0.4198799";"47.06984";"52.75167"
"9551.208";"18.49593";"55.46758";"15.06777";"-0.4573898";"47.08405";"52.75229";"18.49593";"55.46758";"15.06777";"-0.4573898";"47.08405";"52.75229"
"9559.55";"18.52655";"55.43934";"16.28026";"-0.4381561";"47.11411";"52.76199";"18.52655";"55.43934";"16.28026";"-0.4381561";"47.11411";"52.76199"
"9567.892";"18.54375";"55.42282";"17.53343";"-0.3881454";"47.12543";"52.77074";"18.54375";"55.42282";"17.53343";"-0.3881454";"47.12543";"52.77074"
"9576.233";"18.55783";"55.38446";"17.32109";"-0.4834175";"47.15766";"52.78075";"18.55783";"55.38446";"17.32109";"-0.4834175";"47.15766";"52.78075"
"9584.575";"18.56944";"55.35859";"17.31248";"-0.4717522";"47.17046";"52.78636";"18.56944";"55.35859";"17.31248";"-0.4717522";"47.17046";"52.78636"
"9592.917";"18.60232";"55.32989";"16.61693";"-0.3936729";"47.20718";"52.80177";"18.60232";"55.32989";"16.61693";"-0.3936729";"47.20718";"52.80177"
"9601.259";"18.62357";"55.30816";"17.10305";"-0.385746";"47.22215";"52.81007";"18.62357";"55.30816";"17.10305";"-0.385746";"47.22215";"52.81007"
"9609.6";"18.65197";"55.29905";"18.02871";"-0.3996315";"47.24937";"52.81423";"18.65197";"55.29905";"18.02871";"-0.3996315";"47.24937";"52.81423"
"9617.941";"18.665";"55.28591";"17.05333";"-0.4272079";"47.25924";"52.82509";"18.665";"55.28591";"17.05333";"-0.4272079";"47.25924";"52.82509"
"9626.283";"18.69898";"55.25665";"15.76679";"-0.3179703";"47.28839";"52.84781";"18.69898";"55.25665";"15.76679";"-0.3179703";"47.28839";"52.84781"
"9634.625";"18.71638";"55.2422";"15.71737";"-0.2522278";"47.29577";"52.85472";"18.71638";"55.2422";"15.71737";"-0.2522278";"47.29577";"52.85472"
"9642.967";"18.72241";"55.20801";"16.57114";"-0.2518578";"47.32459";"52.86378";"18.72241";"55.20801";"16.57114";"-0.2518578";"47.32459";"52.86378"
"9651.309";"18.73658";"55.18697";"16.66";"-0.2555466";"47.34756";"52.87949";"18.73658";"55.18697";"16.66";"-0.2555466";"47.34756";"52.87949"
"9659.65";"18.76158";"55.14721";"17.59418";"-0.2071457";"47.38562";"52.88782";"18.76158";"55.14721";"17.59418";"-0.2071457";"47.38562";"52.88782"
"9667.991";"18.77818";"55.12638";"14.62437";"-0.4273529";"47.4045";"52.91772";"18.77818";"55.12638";"14.62437";"-0.4273529";"47.4045";"52.91772"
"9676.333";"18.80554";"55.1024";"16.97667";"-0.3943787";"47.42831";"52.91815";"18.80554";"55.1024";"16.97667";"-0.3943787";"47.42831";"52.91815"
"9684.675";"18.81896";"55.08937";"17.15423";"-0.4101868";"47.44877";"52.93927";"18.81896";"55.08937";"17.15423";"-0.4101868";"47.44877";"52.93927"
"9693.017";"18.86238";"55.07243";"18.20065";"-0.4378128";"47.47172";"52.95499";"18.86238";"55.07243";"18.20065";"-0.4378128";"47.47172";"52.95499"
"9701.358";"18.8761";"55.05806";"17.01405";"-0.4283905";"47.48621";"52.96144";"18.8761";"55.05806";"17.01405";"-0.4283905";"47.48621";"52.96144"
"9709.7";"18.90586";"55.03424";"16.23449";"-0.3760529";"47.50901";"52.96797";"18.90586";"55.03424";"16.23449";"-0.3760529";"47.50901";"52.96797"
"9718.042";"18.90895";"55.01987";"15.81211";"-0.4106522";"47.52723";"52.98401";"18.90895";"55.01987";"15.81211";"-0.4106522";"47.52723";"52.98401"
"9726.384";"18.93419";"54.97055";"14.96632";"-0.4091225";"47.56438";"52.99264";"18.93419";"54.97055";"14.96632";"-0.4091225";"47.56438";"52.99264"
"9734.725";"18.95503";"54.95942";"17.20522";"-0.2946434";"47.58029";"52.99787";"18.95503";"54.95942";"17.20522";"-0.2946434";"47.58029";"52.99787"
"9743.066";"18.97657";"54.92982";"18.10872";"-0.3921242";"47.61002";"53.03188";"18.97657";"54.92982";"18.10872";"-0.3921242";"47.61002";"53.03188"
"9751.408";"18.99505";"54.90614";"18.15208";"-0.4499283";"47.62274";"53.03574";"18.99505";"54.90614";"18.15208";"-0.4499283";"47.62274";"53.03574"
"9759.75";"19.02455";"54.88744";"16.21649";"-0.371254";"47.65421";"53.04401";"19.02455";"54.88744";"16.21649";"-0.371254";"47.65421";"53.04401"
"9768.092";"19.04902";"54.88583";"16.2014";"-0.4391594";"47.66663";"53.06875";"19.04902";"54.88583";"16.2014";"-0.4391594";"47.66663";"53.06875"
"9776.434";"19.07803";"54.85847";"16.18609";"-0.4347191";"47.71424";"53.09139";"19.07803";"54.85847";"16.18609";"-0.4347191";"47.71424";"53.09139"
"9784.775";"19.1003";"54.84032";"15.4137";"-0.4393997";"47.72536";"53.09119";"19.1003";"54.84032";"15.4137";"-0.4393997";"47.72536";"53.09119"
"9793.116";"19.11305";"54.80987";"16.24303";"-0.4163704";"47.75533";"53.10564";"19.11305";"54.80987";"16.24303";"-0.4163704";"47.75533";"53.10564"
"9801.458";"19.1233";"54.78736";"15.822";"-0.4418335";"47.77453";"53.12185";"19.1233";"54.78736";"15.822";"-0.4418335";"47.77453";"53.12185"
"9809.8";"19.15532";"54.74275";"15.92722";"-0.486866";"47.80686";"53.14563";"19.15532";"54.74275";"15.92722";"-0.486866";"47.80686";"53.14563"
"9818.142";"19.16638";"54.7309";"15.95441";"-0.4845505";"47.82465";"53.16156";"19.16638";"54.7309";"15.95441";"-0.4845505";"47.82465";"53.16156"
"9826.483";"19.19369";"54.70463";"17.94959";"-0.8185577";"47.84993";"53.16785";"19.19369";"54.70463";"17.94959";"-0.8185577";"47.84993";"53.16785"
"9834.825";"19.2107";"54.68522";"17.72761";"-0.5664749";"47.85936";"53.18349";"19.2107";"54.68522";"17.72761";"-0.5664749";"47.85936";"53.18349"
"9843.167";"19.24414";"54.67117";"16.962";"-0.4833221";"47.89071";"53.19518";"19.24414";"54.67117";"16.962";"-0.4833221";"47.89071";"53.19518"
"9851.509";"19.25839";"54.65582";"15.06723";"-0.484024";"47.90256";"53.21048";"19.25839";"54.65582";"15.06723";"-0.484024";"47.90256";"53.21048"
"9859.85";"19.27379";"54.62881";"16.8227";"-0.4587746";"47.9409";"53.24564";"19.27379";"54.62881";"16.8227";"-0.4587746";"47.9409";"53.24564"
"9868.191";"19.30215";"54.60159";"16.76164";"-0.4953079";"47.95184";"53.25014";"19.30215";"54.60159";"16.76164";"-0.4953079";"47.95184";"53.25014"
"9876.533";"19.32106";"54.57948";"17.06884";"-0.3870735";"47.90277";"53.17837";"19.32106";"54.57948";"17.06884";"-0.3870735";"47.90277";"53.17837"
"9884.875";"19.33955";"54.55891";"17.11958";"-0.274826";"47.91158";"53.18686";"19.33955";"54.55891";"17.11958";"-0.274826";"47.91158";"53.18686"
"9893.217";"19.36612";"54.51989";"17.897";"-0.4465866";"47.95017";"53.20148";"19.36612";"54.51989";"17.897";"-0.4465866";"47.95017";"53.20148"
"9901.559";"19.38979";"54.50702";"17.99043";"-0.4154396";"47.96407";"53.2149";"19.38979";"54.50702";"17.99043";"-0.4154396";"47.96407";"53.2149"
"9909.9";"19.41792";"54.49063";"17.48042";"-0.371685";"48.00623";"53.19342";"19.41792";"54.49063";"17.48042";"-0.371685";"48.00623";"53.19342"
"9918.241";"19.43283";"54.4838";"17.16809";"-0.272953";"48.01125";"53.20568";"19.43283";"54.4838";"17.16809";"-0.272953";"48.01125";"53.20568"
"9926.583";"19.46263";"54.45621";"15.43474";"-0.3990479";"48.02903";"53.21883";"19.46263";"54.45621";"15.43474";"-0.3990479";"48.02903";"53.21883"
"9934.925";"19.48197";"54.44418";"15.57632";"-0.3658562";"48.04183";"53.2239";"19.48197";"54.44418";"15.57632";"-0.3658562";"48.04183";"53.2239"
"9943.267";"19.49274";"54.40073";"15.29796";"-0.404335";"48.06788";"53.23855";"19.49274";"54.40073";"15.29796";"-0.404335";"48.06788";"53.23855"
"9951.608";"19.51248";"54.38208";"17.08476";"-0.4183044";"48.07538";"53.2433";"19.51248";"54.38208";"17.08476";"-0.4183044";"48.07538";"53.2433"
"9959.95";"19.53462";"54.33783";"17.55986";"-0.335247";"48.10645";"53.26096";"19.53462";"54.33783";"17.55986";"-0.335247";"48.10645";"53.26096"
"9968.292";"19.54418";"54.32559";"17.35639";"-0.4417877";"48.09147";"53.27386";"19.54418";"54.32559";"17.35639";"-0.4417877";"48.09147";"53.27386"
"9976.634";"19.5821";"54.29662";"17.66002";"-0.4384079";"48.11951";"53.30052";"19.5821";"54.29662";"17.66002";"-0.4384079";"48.11951";"53.30052"
"9984.975";"19.59185";"54.28262";"18.69588";"-0.4264565";"48.1325";"53.3139";"19.59185";"54.28262";"18.69588";"-0.4264565";"48.1325";"53.3139"
"9993.316";"19.62844";"54.28346";"16.84329";"-0.4564247";"48.17395";"53.2968";"19.62844";"54.28346";"16.84329";"-0.4564247";"48.17395";"53.2968"
"10001.66";"19.642";"54.2654";"16.78493";"-0.4282494";"48.18194";"53.30286";"19.642";"54.2654";"16.78493";"-0.4282494";"48.18194";"53.30286"
"10010";"19.66027";"54.23172";"16.96325";"-0.3508492";"48.20771";"53.32998";"19.66027";"54.23172";"16.96325";"-0.3508492";"48.20771";"53.32998"
"10018.34";"19.67134";"54.20942";"16.9641";"-0.4304581";"48.21692";"53.33764";"19.67134";"54.20942";"16.9641";"-0.4304581";"48.21692";"53.33764"
"10026.68";"19.70862";"54.17181";"18.53246";"-0.4542503";"48.24703";"53.34928";"19.70862";"54.17181";"18.53246";"-0.4542503";"48.24703";"53.34928"
"10035.03";"19.71514";"54.15867";"18.36119";"-0.4640656";"48.25508";"53.36292";"19.71514";"54.15867";"18.36119";"-0.4640656";"48.25508";"53.36292"
"10043.37";"19.75293";"54.12673";"18.4779";"-0.4365234";"48.28548";"53.37471";"19.75293";"54.12673";"18.4779";"-0.4365234";"48.28548";"53.37471"
"10051.71";"19.76155";"54.11902";"18.19144";"-0.4115944";"48.29567";"53.38304";"19.76155";"54.11902";"18.19144";"-0.4115944";"48.29567";"53.38304"
"10060.05";"19.79713";"54.08155";"16.92236";"-0.4244385";"48.32783";"53.40927";"19.79713";"54.08155";"16.92236";"-0.4244385";"48.32783";"53.40927"
"10068.39";"19.81023";"54.08587";"18.07976";"-0.4436836";"48.33497";"53.41679";"19.81023";"54.08587";"18.07976";"-0.4436836";"48.33497";"53.41679"
"10076.73";"19.84023";"54.07024";"16.98373";"-0.434494";"48.37893";"53.4011";"19.84023";"54.07024";"16.98373";"-0.434494";"48.37893";"53.4011"
"10085.08";"19.84491";"54.0336";"14.03756";"-0.4273529";"48.38846";"53.40883";"19.84491";"54.0336";"14.03756";"-0.4273529";"48.38846";"53.40883"
"10093.42";"19.87691";"54.00853";"16.77598";"-0.4273529";"48.40978";"53.43583";"19.87691";"54.00853";"16.77598";"-0.4273529";"48.40978";"53.43583"
"10101.76";"19.88894";"53.99328";"17.0896";"-0.4246292";"48.4407";"53.45072";"19.88894";"53.99328";"17.0896";"-0.4246292";"48.4407";"53.45072"
"10110.1";"19.92435";"53.95252";"16.31008";"-0.3299217";"48.44624";"53.45895";"19.92435";"53.95252";"16.31008";"-0.3299217";"48.44624";"53.45895"
"10118.44";"19.9356";"53.93865";"16.9421";"-0.426506";"48.44335";"53.4748";"19.9356";"53.93865";"16.9421";"-0.426506";"48.44335";"53.4748"
"10126.78";"19.96481";"53.91402";"16.9228";"-0.4218025";"48.47979";"53.48693";"19.96481";"53.91402";"16.9228";"-0.4218025";"48.47979";"53.48693"
"10135.13";"19.97968";"53.89507";"16.91709";"-0.3723412";"48.48869";"53.49566";"19.97968";"53.89507";"16.91709";"-0.3723412";"48.48869";"53.49566"
"10143.47";"20.02102";"53.88361";"14.03756";"-0.6229553";"48.51785";"53.51324";"20.02102";"53.88361";"14.03756";"-0.6229553";"48.51785";"53.51324"
"10151.81";"20.03038";"53.87276";"16.05419";"-0.486042";"48.53485";"53.52247";"20.03038";"53.87276";"16.05419";"-0.486042";"48.53485";"53.52247"
"10160.15";"20.05052";"53.83158";"14.69859";"-0.4943886";"48.55713";"53.5371";"20.05052";"53.83158";"14.69859";"-0.4943886";"48.55713";"53.5371"
"10168.49";"20.05737";"53.81435";"14.67392";"-0.4771614";"48.57212";"53.53624";"20.05737";"53.81435";"14.67392";"-0.4771614";"48.57212";"53.53624"
"10176.83";"20.08593";"53.78194";"15.0282";"-0.4809685";"48.59442";"53.54684";"20.08593";"53.78194";"15.0282";"-0.4809685";"48.59442";"53.54684"
"10185.17";"20.10287";"53.74872";"16.55784";"-0.453701";"48.60595";"53.56081";"20.10287";"53.74872";"16.55784";"-0.453701";"48.60595";"53.56081"
"10193.52";"20.12886";"53.7336";"18.04508";"-0.4970741";"48.62685";"53.57987";"20.12886";"53.7336";"18.04508";"-0.4970741";"48.62685";"53.57987"
"10201.86";"20.14019";"53.72257";"17.71043";"-0.4699135";"48.63898";"53.58532";"20.14019";"53.72257";"17.71043";"-0.4699135";"48.63898";"53.58532"
"10210.2";"20.17352";"53.69317";"16.73518";"-0.4872589";"48.67052";"53.59235";"20.17352";"53.69317";"16.73518";"-0.4872589";"48.67052";"53.59235"
"10218.54";"20.18841";"53.68097";"15.05467";"-0.4512558";"48.67923";"53.5979";"20.18841";"53.68097";"15.05467";"-0.4512558";"48.67923";"53.5979"
"10226.88";"20.22079";"53.67846";"15.84294";"-0.446991";"48.71515";"53.60704";"20.22079";"53.67846";"15.84294";"-0.446991";"48.71515";"53.60704"
"10235.22";"20.21919";"53.64654";"13.87017";"-0.632637";"48.72467";"53.62206";"20.21919";"53.64654";"13.87017";"-0.632637";"48.72467";"53.62206"
"10243.57";"20.25504";"53.6043";"14.06403";"-0.4727211";"48.74876";"53.63146";"20.25504";"53.6043";"14.06403";"-0.4727211";"48.74876";"53.63146"
"10251.91";"20.26685";"53.58228";"16.53938";"-0.4980659";"48.77224";"53.65626";"20.26685";"53.58228";"16.53938";"-0.4980659";"48.77224";"53.65626"
"10260.25";"20.30011";"53.55884";"15.17733";"-0.4586449";"48.79955";"53.66835";"20.30011";"53.55884";"15.17733";"-0.4586449";"48.79955";"53.66835"
"10268.59";"20.31203";"53.53607";"15.47068";"-0.5380592";"48.80793";"53.68018";"20.31203";"53.53607";"15.47068";"-0.5380592";"48.80793";"53.68018"
"10276.93";"20.3292";"53.52091";"14.11189";"-0.4385147";"48.83802";"53.68782";"20.3292";"53.52091";"14.11189";"-0.4385147";"48.83802";"53.68782"
"10285.28";"20.34798";"53.51052";"13.94312";"-0.4454155";"48.84726";"53.70111";"20.34798";"53.51052";"13.94312";"-0.4454155";"48.84726";"53.70111"
"10293.62";"20.37718";"53.46952";"13.96905";"-0.4945068";"48.88419";"53.71388";"20.37718";"53.46952";"13.96905";"-0.4945068";"48.88419";"53.71388"
"10301.96";"20.37639";"53.45768";"14.10386";"-0.5054665";"48.89833";"53.72293";"20.37639";"53.45768";"14.10386";"-0.5054665";"48.89833";"53.72293"
"10310.3";"20.40657";"53.45451";"15.12735";"-0.6762352";"48.93668";"53.73005";"20.40657";"53.45451";"15.12735";"-0.6762352";"48.93668";"53.73005"
"10318.64";"20.43386";"53.41944";"15.28561";"-0.5896683";"48.94186";"53.7402";"20.43386";"53.41944";"15.28561";"-0.5896683";"48.94186";"53.7402"
"10326.98";"20.45902";"53.39764";"14.5166";"-0.5733986";"48.9701";"53.7604";"20.45902";"53.39764";"14.5166";"-0.5733986";"48.9701";"53.7604"
"10335.33";"20.47327";"53.39363";"14.27767";"-0.5919991";"48.98195";"53.77261";"20.47327";"53.39363";"14.27767";"-0.5919991";"48.98195";"53.77261"
"10343.67";"20.49968";"53.3689";"15.63087";"-0.4574738";"49.00141";"53.77629";"20.49968";"53.3689";"15.63087";"-0.4574738";"49.00141";"53.77629"
"10352.01";"20.51193";"53.36721";"16.7179";"-0.4977531";"49.01325";"53.78625";"20.51193";"53.36721";"16.7179";"-0.4977531";"49.01325";"53.78625"
"10360.35";"20.54221";"53.35102";"16.50815";"-0.5031624";"49.03586";"53.79274";"20.54221";"53.35102";"16.50815";"-0.5031624";"49.03586";"53.79274"
"10368.69";"20.55801";"53.3369";"16.12377";"-0.523159";"49.04405";"53.8034";"20.55801";"53.3369";"16.12377";"-0.523159";"49.04405";"53.8034"
"10377.03";"20.58243";"53.32196";"16.34242";"-0.4352913";"49.06019";"53.81522";"20.58243";"53.32196";"16.34242";"-0.4352913";"49.06019";"53.81522"
"10385.38";"20.59175";"53.3208";"16.42197";"-0.4785461";"49.07944";"53.82418";"20.59175";"53.3208";"16.42197";"-0.4785461";"49.07944";"53.82418"
"10393.72";"20.62551";"53.30503";"17.78821";"-0.5195923";"49.10835";"53.83452";"20.62551";"53.30503";"17.78821";"-0.5195923";"49.10835";"53.83452"
"10402.06";"20.63409";"53.28777";"18.3311";"-0.3515434";"49.50689";"53.71722";"20.63409";"53.28777";"18.3311";"-0.3515434";"49.50689";"53.71722"
"10410.4";"20.65571";"53.26855";"16.7892";"-0.4284744";"49.46426";"53.76085";"20.65571";"53.26855";"16.7892";"-0.4284744";"49.46426";"53.76085"
"10418.74";"20.67378";"53.25338";"16.79747";"-0.4215851";"49.47905";"53.77493";"20.67378";"53.25338";"16.79747";"-0.4215851";"49.47905";"53.77493"
"10427.08";"20.69668";"53.21875";"17.64171";"-0.3440819";"49.51018";"53.78437";"20.69668";"53.21875";"17.64171";"-0.3440819";"49.51018";"53.78437"
"10435.42";"20.71558";"53.21378";"17.61474";"-0.3453102";"49.53086";"53.79864";"20.71558";"53.21378";"17.61474";"-0.3453102";"49.53086";"53.79864"
"10443.77";"20.7293";"53.17788";"17.63845";"-0.3623123";"49.56718";"53.79505";"20.7293";"53.17788";"17.63845";"-0.3623123";"49.56718";"53.79505"
"10452.11";"20.76885";"53.16723";"15.81114";"-0.4201317";"49.58138";"53.80884";"20.76885";"53.16723";"15.81114";"-0.4201317";"49.58138";"53.80884"
"10460.45";"20.78611";"53.14124";"17.72442";"-0.4245949";"49.60242";"53.82162";"20.78611";"53.14124";"17.72442";"-0.4245949";"49.60242";"53.82162"
"10468.79";"20.79772";"53.13198";"17.97728";"-0.4963837";"49.61381";"53.83292";"20.79772";"53.13198";"17.97728";"-0.4963837";"49.61381";"53.83292"
"10477.13";"20.82891";"53.11834";"18.23677";"-0.4187813";"49.63642";"53.84811";"20.82891";"53.11834";"18.23677";"-0.4187813";"49.63642";"53.84811"
"10485.47";"20.84567";"53.1038";"17.68096";"-0.4352684";"49.64387";"53.86211";"20.84567";"53.1038";"17.68096";"-0.4352684";"49.64387";"53.86211"
"10493.82";"20.8754";"53.06772";"17.95993";"-0.3023453";"49.67092";"53.87529";"20.8754";"53.06772";"17.95993";"-0.3023453";"49.67092";"53.87529"
"10502.16";"20.91181";"53.02299";"16.78527";"-0.4389687";"49.69549";"53.89561";"20.91181";"53.02299";"16.78527";"-0.4389687";"49.69549";"53.89561"
"10510.5";"20.91488";"53.01839";"16.77583";"-0.4260178";"49.70559";"53.89765";"20.91488";"53.01839";"16.77583";"-0.4260178";"49.70559";"53.89765"
"10518.84";"20.92636";"53.00742";"16.5308";"-0.4124641";"49.72047";"53.90509";"20.92636";"53.00742";"16.5308";"-0.4124641";"49.72047";"53.90509"
"10527.18";"20.95839";"52.97707";"16.76841";"-0.4180298";"49.74838";"53.91785";"20.95839";"52.97707";"16.76841";"-0.4180298";"49.74838";"53.91785"
"10535.53";"20.96572";"52.96382";"16.77302";"-0.4302292";"49.77477";"53.92366";"20.96572";"52.96382";"16.77302";"-0.4302292";"49.77477";"53.92366"
"10543.87";"21.00674";"52.94619";"18.30731";"-0.4186363";"49.78737";"53.93335";"21.00674";"52.94619";"18.30731";"-0.4186363";"49.78737";"53.93335"
"10552.21";"21.01766";"52.9137";"18.36923";"-0.4709053";"49.80027";"53.9395";"21.01766";"52.9137";"18.36923";"-0.4709053";"49.80027";"53.9395"
"10560.55";"21.03466";"52.89529";"19.14265";"-0.3847313";"49.82598";"53.95708";"21.03466";"52.89529";"19.14265";"-0.3847313";"49.82598";"53.95708"
"10568.89";"21.05188";"52.85332";"18.20681";"-0.4038239";"49.83971";"53.96349";"21.05188";"52.85332";"18.20681";"-0.4038239";"49.83971";"53.96349"
"10577.23";"21.08361";"52.83049";"18.38672";"-0.3634338";"49.86478";"53.97714";"21.08361";"52.83049";"18.38672";"-0.3634338";"49.86478";"53.97714"
"10585.58";"21.10623";"52.80936";"18.88842";"-0.3762207";"49.87798";"53.98333";"21.10623";"52.80936";"18.88842";"-0.3762207";"49.87798";"53.98333"
"10593.92";"21.12608";"52.77149";"19.13274";"-0.3959656";"49.90461";"54.00189";"21.12608";"52.77149";"19.13274";"-0.3959656";"49.90461";"54.00189"
"10602.26";"21.13835";"52.76277";"19.146";"-0.4096947";"49.91609";"54.00974";"21.13835";"52.76277";"19.146";"-0.4096947";"49.91609";"54.00974"
"10610.6";"21.16393";"52.72858";"18.24683";"-0.3830147";"49.94279";"54.0235";"21.16393";"52.72858";"18.24683";"-0.3830147";"49.94279";"54.0235"
"10618.94";"21.17526";"52.71465";"18.3478";"-0.4195099";"49.96807";"54.04039";"21.17526";"52.71465";"18.3478";"-0.4195099";"49.96807";"54.04039"
"10627.28";"21.21393";"52.67794";"18.37432";"-0.3948555";"49.98116";"54.05374";"21.21393";"52.67794";"18.37432";"-0.3948555";"49.98116";"54.05374"
"10635.63";"21.22505";"52.65941";"18.31018";"-0.4365807";"49.99493";"54.06391";"21.22505";"52.65941";"18.31018";"-0.4365807";"49.99493";"54.06391"
"10643.97";"21.24324";"52.61613";"17.27607";"-0.4674416";"50.00854";"54.08232";"21.24324";"52.61613";"17.27607";"-0.4674416";"50.00854";"54.08232"
"10652.31";"21.27133";"52.60645";"17.27048";"-0.4444504";"50.03001";"54.09438";"21.27133";"52.60645";"17.27048";"-0.4444504";"50.03001";"54.09438"
"10660.65";"21.29177";"52.5653";"17.57655";"-0.4387894";"50.04978";"54.10661";"21.29177";"52.5653";"17.57655";"-0.4387894";"50.04978";"54.10661"
"10668.99";"21.30792";"52.55048";"17.58052";"-0.4309006";"50.06571";"54.11108";"21.30792";"52.55048";"17.58052";"-0.4309006";"50.06571";"54.11108"
"10677.33";"21.33533";"52.52441";"17.50345";"-0.4211578";"50.0915";"54.13039";"21.33533";"52.52441";"17.50345";"-0.4211578";"50.0915";"54.13039"
"10685.67";"21.34511";"52.51107";"17.97506";"-0.4526253";"50.11334";"54.13788";"21.34511";"52.51107";"17.97506";"-0.4526253";"50.11334";"54.13788"
"10694.02";"21.38432";"52.48352";"17.19644";"-0.4426231";"50.13736";"54.14761";"21.38432";"52.48352";"17.19644";"-0.4426231";"50.13736";"54.14761"
"10702.36";"21.39927";"52.45179";"17.68974";"-0.4274826";"50.15157";"54.15648";"21.39927";"52.45179";"17.68974";"-0.4274826";"50.15157";"54.15648"
"10710.7";"21.43432";"52.423";"18.09785";"-0.455719";"50.17793";"54.16702";"21.43432";"52.423";"18.09785";"-0.455719";"50.17793";"54.16702"
"10719.04";"21.43945";"52.40194";"17.85294";"-0.4599571";"50.19909";"54.1748";"21.43945";"52.40194";"17.85294";"-0.4599571";"50.19909";"54.1748"
"10727.38";"21.46317";"52.36306";"17.67468";"-0.4799423";"50.21384";"54.18728";"21.46317";"52.36306";"17.67468";"-0.4799423";"50.21384";"54.18728"
"10735.72";"21.4935";"52.36043";"17.95105";"-0.4650917";"50.23261";"54.19755";"21.4935";"52.36043";"17.95105";"-0.4650917";"50.23261";"54.19755"
"10744.07";"21.5113";"52.32259";"15.59108";"-0.4744759";"50.25252";"54.21308";"21.5113";"52.32259";"15.59108";"-0.4744759";"50.25252";"54.21308"
"10752.41";"21.534";"52.3113";"16.63015";"-0.4138489";"50.26231";"54.22587";"21.534";"52.3113";"16.63015";"-0.4138489";"50.26231";"54.22587"
"10760.75";"21.56226";"52.29023";"14.48769";"-0.4413452";"50.28862";"54.24645";"21.56226";"52.29023";"14.48769";"-0.4413452";"50.28862";"54.24645"
"10769.09";"21.57616";"52.26286";"14.62269";"-0.4633827";"50.30823";"54.25675";"21.57616";"52.26286";"14.62269";"-0.4633827";"50.30823";"54.25675"
"10777.43";"21.60949";"52.2314";"14.94182";"-0.4390755";"50.33244";"54.26491";"21.60949";"52.2314";"14.94182";"-0.4390755";"50.33244";"54.26491"
"10785.78";"21.61952";"52.22365";"15.00024";"-0.470665";"50.35032";"54.27954";"21.61952";"52.22365";"15.00024";"-0.470665";"50.35032";"54.27954"
"10794.12";"21.64074";"52.18807";"14.2677";"-0.457222";"50.3694";"54.29339";"21.64074";"52.18807";"14.2677";"-0.457222";"50.3694";"54.29339"
"10802.46";"21.66157";"52.16731";"14.4481";"-0.4622383";"50.39001";"54.29977";"21.66157";"52.16731";"14.4481";"-0.4622383";"50.39001";"54.29977"
"10810.8";"21.6894";"52.14391";"14.42509";"-0.4591331";"50.41207";"54.31413";"21.6894";"52.14391";"14.42509";"-0.4591331";"50.41207";"54.31413"
"10819.14";"21.69912";"52.13072";"14.26718";"-0.451683";"50.42374";"54.32058";"21.69912";"52.13072";"14.26718";"-0.451683";"50.42374";"54.32058"
"10827.48";"21.73394";"52.11672";"14.49881";"-0.4654388";"50.44297";"54.32969";"21.73394";"52.11672";"14.49881";"-0.4654388";"50.44297";"54.32969"
"10835.83";"21.73666";"52.08519";"14.59419";"-0.4519119";"50.46013";"54.3386";"21.73666";"52.08519";"14.59419";"-0.4519119";"50.46013";"54.3386"
"10844.17";"21.77594";"52.05461";"14.49992";"-0.4392815";"50.48415";"54.34878";"21.77594";"52.05461";"14.49992";"-0.4392815";"50.48415";"54.34878"
"10852.51";"21.78999";"52.04594";"14.6067";"-0.4319382";"50.50875";"54.35672";"21.78999";"52.04594";"14.6067";"-0.4319382";"50.50875";"54.35672"
"10860.85";"21.81931";"52.00785";"16.77208";"-0.4341583";"50.52835";"54.37084";"21.81931";"52.00785";"16.77208";"-0.4341583";"50.52835";"54.37084"
"10869.19";"21.83119";"51.99291";"17.47197";"-0.397995";"50.5444";"54.38648";"21.83119";"51.99291";"17.47197";"-0.397995";"50.5444";"54.38648"
"10877.53";"21.8509";"51.97137";"17.40688";"-0.3615608";"50.56904";"54.39069";"21.8509";"51.97137";"17.40688";"-0.3615608";"50.56904";"54.39069"
"10885.88";"21.87058";"51.95452";"14.94574";"-0.4336319";"50.57866";"54.39505";"21.87058";"51.95452";"14.94574";"-0.4336319";"50.57866";"54.39505"
"10894.22";"21.9014";"51.93098";"17.22423";"-0.4461937";"50.60017";"54.41069";"21.9014";"51.93098";"17.22423";"-0.4461937";"50.60017";"54.41069"
"10902.56";"21.91949";"51.91542";"17.89439";"-0.4248466";"50.61039";"54.41648";"21.91949";"51.91542";"17.89439";"-0.4248466";"50.61039";"54.41648"
"10910.9";"21.95092";"51.89742";"17.94708";"-0.4227791";"50.63609";"54.44093";"21.95092";"51.89742";"17.94708";"-0.4227791";"50.63609";"54.44093"
"10919.24";"21.95684";"51.87816";"17.88208";"-0.414196";"50.64621";"54.45242";"21.95684";"51.87816";"17.88208";"-0.414196";"50.64621";"54.45242"
"10927.58";"21.99087";"51.85966";"16.70275";"-0.4923477";"50.66973";"54.46426";"21.99087";"51.85966";"16.70275";"-0.4923477";"50.66973";"54.46426"
"10935.92";"22.00637";"51.84129";"17.80618";"-0.4736633";"50.69239";"54.46906";"22.00637";"51.84129";"17.80618";"-0.4736633";"50.69239";"54.46906"
"10944.27";"22.03668";"51.81042";"17.24586";"-0.4959984";"50.71433";"54.48124";"22.03668";"51.81042";"17.24586";"-0.4959984";"50.71433";"54.48124"
"10952.61";"22.04992";"51.79052";"17.3433";"-0.4160728";"50.73176";"54.48593";"22.04992";"51.79052";"17.3433";"-0.4160728";"50.73176";"54.48593"
"10960.95";"22.07972";"51.7686";"17.34593";"-0.4124527";"50.75449";"54.50198";"22.07972";"51.7686";"17.34593";"-0.4124527";"50.75449";"54.50198"
"10969.29";"22.0978";"51.75596";"17.24466";"-0.431736";"50.76564";"54.51141";"22.0978";"51.75596";"17.24466";"-0.431736";"50.76564";"54.51141"
"10977.63";"22.12724";"51.72333";"18.37615";"-0.4164047";"50.78818";"54.52363";"22.12724";"51.72333";"18.37615";"-0.4164047";"50.78818";"54.52363"
"10985.97";"22.15068";"51.70595";"17.35482";"-0.4465485";"50.80022";"54.52699";"22.15068";"51.70595";"17.35482";"-0.4465485";"50.80022";"54.52699"
"10994.32";"22.17495";"51.68747";"15.80728";"-0.4308853";"50.82049";"54.53564";"22.17495";"51.68747";"15.80728";"-0.4308853";"50.82049";"54.53564"
"11002.66";"22.18776";"51.65677";"16.73471";"-0.4448776";"50.83735";"54.54198";"22.18776";"51.65677";"16.73471";"-0.4448776";"50.83735";"54.54198"
"11011";"22.21566";"51.6412";"18.93329";"-0.3619194";"50.85277";"54.55567";"22.21566";"51.6412";"18.93329";"-0.3619194";"50.85277";"54.55567"
"11019.34";"22.2287";"51.61987";"16.76874";"-0.3174095";"50.86609";"54.56231";"22.2287";"51.61987";"16.76874";"-0.3174095";"50.86609";"54.56231"
"11027.68";"22.25891";"51.59333";"14.01978";"-0.4051819";"50.90047";"54.57244";"22.25891";"51.59333";"14.01978";"-0.4051819";"50.90047";"54.57244"
"11036.03";"22.27256";"51.58393";"14.2605";"-0.2983932";"50.91716";"54.5863";"22.27256";"51.58393";"14.2605";"-0.2983932";"50.91716";"54.5863"
"11044.37";"22.29903";"51.56397";"14.45275";"-0.410305";"50.94518";"54.60845";"22.29903";"51.56397";"14.45275";"-0.410305";"50.94518";"54.60845"
"11052.71";"22.31882";"51.53996";"14.21899";"-0.4398766";"50.94973";"54.61494";"22.31882";"51.53996";"14.21899";"-0.4398766";"50.94973";"54.61494"
"11061.05";"22.35213";"51.52427";"16.97158";"-0.4273529";"50.97626";"54.62062";"22.35213";"51.52427";"16.97158";"-0.4273529";"50.97626";"54.62062"
"11069.39";"22.35916";"51.50119";"17.43149";"-0.4350891";"51.00126";"54.63191";"22.35916";"51.50119";"17.43149";"-0.4350891";"51.00126";"54.63191"
"11077.73";"22.39771";"51.47843";"16.97106";"-0.4159279";"51.01327";"54.64725";"22.39771";"51.47843";"16.97106";"-0.4159279";"51.01327";"54.64725"
"11086.08";"22.415";"51.45868";"16.49808";"-0.4665337";"51.02488";"54.66054";"22.415";"51.45868";"16.49808";"-0.4665337";"51.02488";"54.66054"
"11094.42";"22.44141";"51.42406";"16.74916";"-0.4179573";"51.05093";"54.66948";"22.44141";"51.42406";"16.74916";"-0.4179573";"51.05093";"54.66948"
"11102.76";"22.46222";"51.41122";"16.75542";"-0.4252281";"51.06017";"54.68201";"22.46222";"51.41122";"16.75542";"-0.4252281";"51.06017";"54.68201"
"11111.1";"22.48458";"51.38293";"16.67793";"-0.4545479";"51.09378";"54.70259";"22.48458";"51.38293";"16.67793";"-0.4545479";"51.09378";"54.70259"
"11119.44";"22.50924";"51.3741";"16.59631";"-0.4036446";"51.10429";"54.70673";"22.50924";"51.3741";"16.59631";"-0.4036446";"51.10429";"54.70673"
"11127.78";"22.54207";"51.34879";"16.41692";"-0.4389572";"51.14022";"54.72345";"22.54207";"51.34879";"16.41692";"-0.4389572";"51.14022";"54.72345"
"11136.13";"22.55687";"51.35124";"16.15717";"-0.4541893";"51.14194";"54.72726";"22.55687";"51.35124";"16.15717";"-0.4541893";"51.14194";"54.72726"
"11144.47";"22.59383";"51.33097";"17.20868";"-0.4623909";"51.16764";"54.73636";"22.59383";"51.33097";"17.20868";"-0.4623909";"51.16764";"54.73636"
"11152.81";"22.60275";"51.31747";"17.21387";"-0.4519463";"51.1837";"54.74606";"22.60275";"51.31747";"17.21387";"-0.4519463";"51.1837";"54.74606"
"11161.15";"22.63011";"51.27783";"16.93035";"-0.4378815";"51.19576";"54.76516";"22.63011";"51.27783";"16.93035";"-0.4378815";"51.19576";"54.76516"
"11169.49";"22.63669";"51.2678";"17.17824";"-0.4758949";"51.2183";"54.76962";"22.63669";"51.2678";"17.17824";"-0.4758949";"51.2183";"54.76962"
"11177.83";"22.66479";"51.23869";"16.78285";"-0.4278679";"51.23359";"54.78057";"22.66479";"51.23869";"16.78285";"-0.4278679";"51.23359";"54.78057"
"11186.17";"22.69088";"51.23119";"16.67651";"-0.4015999";"51.24559";"54.78772";"22.69088";"51.23119";"16.67651";"-0.4015999";"51.24559";"54.78772"
"11194.52";"22.71315";"51.1996";"15.96335";"-0.4405937";"51.27589";"54.80883";"22.71315";"51.1996";"15.96335";"-0.4405937";"51.27589";"54.80883"
"11202.86";"22.73223";"51.19252";"15.20483";"-0.4395065";"51.2897";"54.81475";"22.73223";"51.19252";"15.20483";"-0.4395065";"51.2897";"54.81475"
"11211.2";"22.76142";"51.16964";"15.74441";"-0.4380989";"51.31973";"54.84646";"22.76142";"51.16964";"15.74441";"-0.4380989";"51.31973";"54.84646"
"11219.54";"22.78193";"51.15756";"16.03364";"-0.4182091";"51.33179";"54.85213";"22.78193";"51.15756";"16.03364";"-0.4182091";"51.33179";"54.85213"
"11227.88";"22.80656";"51.13432";"16.37803";"-0.4937668";"51.35944";"54.85853";"22.80656";"51.13432";"16.37803";"-0.4937668";"51.35944";"54.85853"
"11236.22";"22.82017";"51.12545";"18.75894";"-0.4945297";"51.36773";"54.86897";"22.82017";"51.12545";"18.75894";"-0.4945297";"51.36773";"54.86897"
"11244.57";"22.84607";"51.10109";"19.28069";"-0.5057068";"51.38368";"54.87711";"22.84607";"51.10109";"19.28069";"-0.5057068";"51.38368";"54.87711"
"11252.91";"22.85467";"51.08613";"19.55155";"-0.4854469";"51.39597";"54.88726";"22.85467";"51.08613";"19.55155";"-0.4854469";"51.39597";"54.88726"
"11261.25";"22.88564";"51.06084";"19.12392";"-0.4882164";"51.42176";"54.90963";"22.88564";"51.06084";"19.12392";"-0.4882164";"51.42176";"54.90963"
"11269.59";"22.90442";"51.03255";"17.62193";"-0.5151749";"51.42673";"54.91071";"22.90442";"51.03255";"17.62193";"-0.5151749";"51.42673";"54.91071"
"11277.93";"22.93822";"51.02559";"19.68559";"-0.4727211";"51.44363";"54.91786";"22.93822";"51.02559";"19.68559";"-0.4727211";"51.44363";"54.91786"
"11286.28";"22.95397";"51.01447";"17.34432";"-0.4871407";"51.45798";"54.93023";"22.95397";"51.01447";"17.34432";"-0.4871407";"51.45798";"54.93023"
"11294.62";"22.98387";"50.98949";"17.7533";"-0.4073067";"51.48809";"54.94905";"22.98387";"50.98949";"17.7533";"-0.4073067";"51.48809";"54.94905"
"11302.96";"23.00074";"50.97771";"19.06395";"-0.4031906";"51.5034";"54.9486";"23.00074";"50.97771";"19.06395";"-0.4031906";"51.5034";"54.9486"
"11311.3";"23.0246";"50.94929";"19.05483";"-0.4623222";"51.53196";"54.95916";"23.0246";"50.94929";"19.05483";"-0.4623222";"51.53196";"54.95916"
"11319.64";"23.03405";"50.93831";"17.86424";"-0.415844";"51.54401";"54.96348";"23.03405";"50.93831";"17.86424";"-0.415844";"51.54401";"54.96348"
"11327.98";"23.06705";"50.92347";"19.28092";"-0.4752502";"51.56278";"54.97795";"23.06705";"50.92347";"19.28092";"-0.4752502";"51.56278";"54.97795"
"11336.33";"23.07748";"50.8981";"20.07971";"-0.4196663";"51.57744";"54.98727";"23.07748";"50.8981";"20.07971";"-0.4196663";"51.57744";"54.98727"
"11344.67";"23.11";"50.8657";"19.36311";"-0.4084778";"51.60352";"54.99899";"23.11";"50.8657";"19.36311";"-0.4084778";"51.60352";"54.99899"
"11353.01";"23.12181";"50.85128";"17.7797";"-0.4442329";"51.60703";"55.00715";"23.12181";"50.85128";"17.7797";"-0.4442329";"51.60703";"55.00715"
"11361.35";"23.15544";"50.82778";"18.84149";"-0.4416084";"51.63601";"55.01971";"23.15544";"50.82778";"18.84149";"-0.4416084";"51.63601";"55.01971"
"11369.69";"23.17965";"50.81964";"18.42576";"-0.4512177";"51.6405";"55.02811";"23.17965";"50.81964";"18.42576";"-0.4512177";"51.6405";"55.02811"
"11378.03";"23.20402";"50.798";"17.42459";"-0.4220047";"51.65986";"55.05396";"23.20402";"50.798";"17.42459";"-0.4220047";"51.65986";"55.05396"
"11386.38";"23.23316";"50.78534";"17.68633";"-0.3834305";"51.67565";"55.05828";"23.23316";"50.78534";"17.68633";"-0.3834305";"51.67565";"55.05828"
"11394.72";"23.24909";"50.75581";"18.5961";"-0.4726372";"51.70566";"55.07196";"23.24909";"50.75581";"18.5961";"-0.4726372";"51.70566";"55.07196"
"11403.06";"23.26511";"50.74947";"17.77721";"-0.4596825";"51.71404";"55.07808";"23.26511";"50.74947";"17.77721";"-0.4596825";"51.71404";"55.07808"
"11411.4";"23.29234";"50.7354";"16.99044";"-0.5970955";"51.74465";"55.08375";"23.29234";"50.7354";"16.99044";"-0.5970955";"51.74465";"55.08375"
"11419.74";"23.30082";"50.71598";"17.18013";"-0.4454041";"51.74936";"55.09636";"23.30082";"50.71598";"17.18013";"-0.4454041";"51.74936";"55.09636"
"11428.08";"23.33133";"50.68652";"16.35447";"-0.4534264";"51.7627";"55.11459";"23.33133";"50.68652";"16.35447";"-0.4534264";"51.7627";"55.11459"
"11436.42";"23.34352";"50.67809";"17.6691";"-0.4517899";"51.77412";"55.11755";"23.34352";"50.67809";"17.6691";"-0.4517899";"51.77412";"55.11755"
"11444.77";"23.38183";"50.63975";"16.20764";"-0.4636345";"51.80229";"55.12242";"23.38183";"50.63975";"16.20764";"-0.4636345";"51.80229";"55.12242"
"11453.11";"23.39461";"50.6347";"16.19287";"-0.4580956";"51.80697";"55.13327";"23.39461";"50.6347";"16.19287";"-0.4580956";"51.80697";"55.13327"
"11461.45";"23.42585";"50.61477";"16.25293";"-0.4738045";"51.83605";"55.13993";"23.42585";"50.61477";"16.25293";"-0.4738045";"51.83605";"55.13993"
"11469.79";"23.43334";"50.59056";"16.20429";"-0.4653549";"51.8436";"55.15105";"23.43334";"50.59056";"16.20429";"-0.4653549";"51.8436";"55.15105"
"11478.13";"23.47015";"50.57373";"17.32462";"-0.4633255";"51.85912";"55.16668";"23.47015";"50.57373";"17.32462";"-0.4633255";"51.85912";"55.16668"
"11486.47";"23.4788";"50.56753";"17.34071";"-0.4639816";"51.89601";"55.16846";"23.4788";"50.56753";"17.34071";"-0.4639816";"51.89601";"55.16846"
"11494.82";"23.51449";"50.54632";"17.80029";"-0.3757324";"51.91146";"55.17721";"23.51449";"50.54632";"17.80029";"-0.3757324";"51.91146";"55.17721"
"11503.16";"23.54439";"50.52798";"17.90947";"-0.4120483";"51.94197";"55.20107";"23.54439";"50.52798";"17.90947";"-0.4120483";"51.94197";"55.20107"
"11511.5";"23.55833";"50.5176";"17.91696";"-0.4242477";"51.94971";"55.20512";"23.55833";"50.5176";"17.91696";"-0.4242477";"51.94971";"55.20512"
"11519.84";"23.58556";"50.49984";"17.92951";"-0.421051";"51.95406";"55.20895";"23.58556";"50.49984";"17.92951";"-0.421051";"51.95406";"55.20895"
"11528.18";"23.59989";"50.46165";"18.50889";"-0.4491768";"51.97306";"55.22249";"23.59989";"50.46165";"18.50889";"-0.4491768";"51.97306";"55.22249"
"11536.53";"23.61424";"50.45082";"18.4824";"-0.4642906";"51.98294";"55.23106";"23.61424";"50.45082";"18.4824";"-0.4642906";"51.98294";"55.23106"
"11544.87";"23.64263";"50.4378";"15.97814";"-0.4319267";"52.00205";"55.24469";"23.64263";"50.4378";"15.97814";"-0.4319267";"52.00205";"55.24469"
"11553.21";"23.65508";"50.41354";"15.67247";"-0.4234238";"52.01146";"55.25418";"23.65508";"50.41354";"15.67247";"-0.4234238";"52.01146";"55.25418"
"11561.55";"23.68698";"50.39457";"18.3408";"-0.4273529";"52.03765";"55.28519";"23.68698";"50.39457";"18.3408";"-0.4273529";"52.03765";"55.28519"
"11569.89";"23.69699";"50.38734";"17.6012";"-0.4661179";"52.04479";"55.28493";"23.69699";"50.38734";"17.6012";"-0.4661179";"52.04479";"55.28493"
"11578.23";"23.73659";"50.37262";"18.34742";"-0.4599686";"52.06742";"55.29287";"23.73659";"50.37262";"18.34742";"-0.4599686";"52.06742";"55.29287"
"11586.58";"23.74801";"50.35713";"15.40677";"-0.4273529";"52.07967";"55.29989";"23.74801";"50.35713";"15.40677";"-0.4273529";"52.07967";"55.29989"
"11594.92";"23.77575";"50.33112";"14.88031";"-0.4146385";"52.10567";"55.30981";"23.77575";"50.33112";"14.88031";"-0.4146385";"52.10567";"55.30981"
"11603.26";"23.79821";"50.31889";"14.84476";"-0.4465637";"52.13516";"55.31418";"23.79821";"50.31889";"14.84476";"-0.4465637";"52.13516";"55.31418"
"11611.6";"23.81947";"50.27919";"17.06572";"-0.4168701";"52.14875";"55.3265";"23.81947";"50.27919";"17.06572";"-0.4168701";"52.14875";"55.3265"
"11619.94";"23.84035";"50.27339";"17.16851";"-0.4006233";"52.15887";"55.33419";"23.84035";"50.27339";"17.16851";"-0.4006233";"52.15887";"55.33419"
"11628.28";"23.86474";"50.25355";"15.03138";"-0.4684677";"52.18421";"55.34887";"23.86474";"50.25355";"15.03138";"-0.4684677";"52.18421";"55.34887"
"11636.63";"23.87398";"50.23418";"14.99779";"-0.4874878";"52.19373";"55.35372";"23.87398";"50.23418";"14.99779";"-0.4874878";"52.19373";"55.35372"
"11644.97";"23.91353";"50.20645";"15.95712";"-0.4218864";"52.20835";"55.36308";"23.91353";"50.20645";"15.95712";"-0.4218864";"52.20835";"55.36308"
"11653.31";"23.92722";"50.20835";"17.9734";"-0.4349327";"52.22284";"55.3725";"23.92722";"50.20835";"17.9734";"-0.4349327";"52.22284";"55.3725"
"11661.65";"23.95877";"50.17987";"16.75806";"-0.4120598";"52.24937";"55.38408";"23.95877";"50.17987";"16.75806";"-0.4120598";"52.24937";"55.38408"
"11669.99";"23.97346";"50.17562";"16.76874";"-0.4114647";"52.2598";"55.39641";"23.97346";"50.17562";"16.76874";"-0.4114647";"52.2598";"55.39641"
"11678.33";"24.00044";"50.16594";"17.35342";"-0.3890648";"52.27606";"55.41453";"24.00044";"50.16594";"17.35342";"-0.3890648";"52.27606";"55.41453"
"11686.67";"24.01624";"50.13945";"16.94495";"-0.406662";"52.29435";"55.41687";"24.01624";"50.13945";"16.94495";"-0.406662";"52.29435";"55.41687"
"11695.02";"24.03695";"50.11229";"15.54694";"-0.4108543";"52.31981";"55.4381";"24.03695";"50.11229";"15.54694";"-0.4108543";"52.31981";"55.4381"
"11703.36";"24.04884";"50.10686";"16.62731";"-0.4254532";"52.32816";"55.44378";"24.04884";"50.10686";"16.62731";"-0.4254532";"52.32816";"55.44378"
"11711.7";"24.07878";"50.0817";"15.62681";"-0.4676323";"52.34318";"55.45472";"24.07878";"50.0817";"15.62681";"-0.4676323";"52.34318";"55.45472"
"11720.04";"24.09669";"50.06348";"14.97363";"-0.3854828";"52.35586";"55.46433";"24.09669";"50.06348";"14.97363";"-0.3854828";"52.35586";"55.46433"
"11728.38";"24.13109";"50.04836";"16.06626";"-0.489994";"52.37974";"55.47";"24.13109";"50.04836";"16.06626";"-0.489994";"52.37974";"55.47"
"11736.72";"24.14984";"50.03926";"16.42177";"-0.4263992";"52.38979";"55.4825";"24.14984";"50.03926";"16.42177";"-0.4263992";"52.38979";"55.4825"
"11745.07";"24.17473";"50.02662";"15.70065";"-0.4289894";"52.40825";"55.50321";"24.17473";"50.02662";"15.70065";"-0.4289894";"52.40825";"55.50321"
"11753.41";"24.19856";"50.0051";"15.72538";"-0.3974571";"52.42205";"55.50674";"24.19856";"50.0051";"15.72538";"-0.3974571";"52.42205";"55.50674"
"11761.75";"24.21946";"49.98764";"15.63448";"-0.3894234";"52.44695";"55.51374";"24.21946";"49.98764";"15.63448";"-0.3894234";"52.44695";"55.51374"
"11770.09";"24.22754";"49.98282";"15.44562";"-0.4188156";"52.45898";"55.51984";"24.22754";"49.98282";"15.44562";"-0.4188156";"52.45898";"55.51984"
"11778.43";"24.2604";"49.96757";"18.14519";"-0.4273529";"52.4777";"55.52181";"24.2604";"49.96757";"18.14519";"-0.4273529";"52.4777";"55.52181"
"11786.78";"24.26701";"49.96047";"16.72767";"-0.476181";"52.49014";"55.52926";"24.26701";"49.96047";"16.72767";"-0.476181";"52.49014";"55.52926"
"11795.12";"24.29812";"49.91195";"15.38352";"-0.4543953";"52.51925";"55.54944";"24.29812";"49.91195";"15.38352";"-0.4543953";"52.51925";"55.54944"
"11803.46";"24.31026";"49.91866";"15.60719";"-0.4554558";"52.52895";"55.5524";"24.31026";"49.91866";"15.60719";"-0.4554558";"52.52895";"55.5524"
"11811.8";"24.34627";"49.90557";"14.97005";"-0.473053";"52.55311";"55.56031";"24.34627";"49.90557";"14.97005";"-0.473053";"52.55311";"55.56031"
"11820.14";"24.36922";"49.87185";"15.76074";"-0.4052658";"52.56189";"55.57137";"24.36922";"49.87185";"15.76074";"-0.4052658";"52.56189";"55.57137"
"11828.48";"24.3959";"49.84998";"15.02269";"-0.4858055";"52.58644";"55.58459";"24.3959";"49.84998";"15.02269";"-0.4858055";"52.58644";"55.58459"
"11836.83";"24.40867";"49.84719";"16.50858";"-0.4149132";"52.59193";"55.5905";"24.40867";"49.84719";"16.50858";"-0.4149132";"52.59193";"55.5905"
"11845.17";"24.42741";"49.82267";"15.4056";"-0.4245338";"52.60678";"55.60804";"24.42741";"49.82267";"15.4056";"-0.4245338";"52.60678";"55.60804"
"11853.51";"24.4651";"49.81072";"14.82379";"-0.4340248";"52.62877";"55.61928";"24.4651";"49.81072";"14.82379";"-0.4340248";"52.62877";"55.61928"
"11861.85";"24.4831";"49.78846";"16.18341";"-0.4048119";"52.64489";"55.62719";"24.4831";"49.78846";"16.18341";"-0.4048119";"52.64489";"55.62719"
"11870.19";"24.49641";"49.78156";"16.54782";"-0.3663597";"52.66111";"55.63728";"24.49641";"49.78156";"16.54782";"-0.3663597";"52.66111";"55.63728"
"11878.53";"24.53955";"49.76291";"16.50943";"-0.3574753";"52.68964";"55.64292";"24.53955";"49.76291";"16.50943";"-0.3574753";"52.68964";"55.64292"
"11886.88";"24.54849";"49.75792";"16.55763";"-0.3301735";"52.7038";"55.64896";"24.54849";"49.75792";"16.55763";"-0.3301735";"52.7038";"55.64896"
"11895.22";"24.57143";"49.7253";"16.43514";"-0.3764725";"52.72865";"55.65868";"24.57143";"49.7253";"16.43514";"-0.3764725";"52.72865";"55.65868"
"11903.56";"24.59264";"49.71039";"14.90103";"-0.4247513";"52.73863";"55.66737";"24.59264";"49.71039";"14.90103";"-0.4247513";"52.73863";"55.66737"
"11911.9";"24.61558";"49.6844";"16.99773";"-0.4219704";"52.76005";"55.68143";"24.61558";"49.6844";"16.99773";"-0.4219704";"52.76005";"55.68143"
"11920.24";"24.63685";"49.67166";"15.75325";"-0.4349594";"52.76306";"55.68447";"24.63685";"49.67166";"15.75325";"-0.4349594";"52.76306";"55.68447"
"11928.58";"24.66511";"49.65201";"14.66005";"-0.3950462";"52.78713";"55.69329";"24.66511";"49.65201";"14.66005";"-0.3950462";"52.78713";"55.69329"
"11936.92";"24.67745";"49.62564";"16.40924";"-0.405674";"52.79876";"55.70241";"24.67745";"49.62564";"16.40924";"-0.405674";"52.79876";"55.70241"
"11945.27";"24.70717";"49.62173";"15.73255";"-0.4073677";"52.81898";"55.71185";"24.70717";"49.62173";"15.73255";"-0.4073677";"52.81898";"55.71185"
"11953.61";"24.73765";"49.61457";"14.84755";"-0.4036293";"52.83586";"55.71361";"24.73765";"49.61457";"14.84755";"-0.4036293";"52.83586";"55.71361"
"11961.95";"24.75556";"49.60357";"16.50923";"-0.3919449";"52.86201";"55.721";"24.75556";"49.60357";"16.50923";"-0.3919449";"52.86201";"55.721"
"11970.29";"24.77213";"49.57722";"16.1795";"-0.4277";"52.86793";"55.7235";"24.77213";"49.57722";"16.1795";"-0.4277";"52.86793";"55.7235"
"11978.63";"24.80263";"49.56245";"15.74361";"-0.3966484";"52.89199";"55.73691";"24.80263";"49.56245";"15.74361";"-0.3966484";"52.89199";"55.73691"
"11986.97";"24.82444";"49.55354";"16.70756";"-0.4799919";"52.91375";"55.74277";"24.82444";"49.55354";"16.70756";"-0.4799919";"52.91375";"55.74277"
"11995.32";"24.8365";"49.51548";"15.16707";"-0.4308052";"52.92736";"55.74932";"24.8365";"49.51548";"15.16707";"-0.4308052";"52.92736";"55.74932"
"12003.66";"24.84617";"49.49039";"16.59955";"-0.4627762";"52.9367";"55.75759";"24.84617";"49.49039";"16.59955";"-0.4627762";"52.9367";"55.75759"
"12012";"24.88035";"49.47548";"17.99331";"-0.4275551";"52.96053";"55.7736";"24.88035";"49.47548";"17.99331";"-0.4275551";"52.96053";"55.7736"
"12020.34";"24.90093";"49.47114";"19.14438";"-0.4363556";"52.96814";"55.77627";"24.90093";"49.47114";"19.14438";"-0.4363556";"52.96814";"55.77627"
"12028.68";"24.93013";"49.45787";"18.16457";"-0.4143143";"52.98653";"55.78542";"24.93013";"49.45787";"18.16457";"-0.4143143";"52.98653";"55.78542"
"12037.03";"24.94035";"49.44654";"18.27931";"-0.3893166";"53.00056";"55.7897";"24.94035";"49.44654";"18.27931";"-0.3893166";"53.00056";"55.7897"
"12045.37";"24.97693";"49.42664";"18.71484";"-0.4203224";"53.02502";"55.80505";"24.97693";"49.42664";"18.71484";"-0.4203224";"53.02502";"55.80505"
"12053.71";"24.98802";"49.41545";"17.63209";"-0.41465";"53.02786";"55.81145";"24.98802";"49.41545";"17.63209";"-0.41465";"53.02786";"55.81145"
"12062.05";"25.01773";"49.40331";"17.90314";"-0.4512672";"53.06198";"55.81961";"25.01773";"49.40331";"17.90314";"-0.4512672";"53.06198";"55.81961"
"12070.39";"25.02286";"49.39666";"18.94935";"-0.4311028";"53.06689";"55.82678";"25.02286";"49.39666";"18.94935";"-0.4311028";"53.06689";"55.82678"
"12078.73";"25.05068";"49.37247";"18.88692";"-0.4582977";"53.08366";"55.84372";"25.05068";"49.37247";"18.88692";"-0.4582977";"53.08366";"55.84372"
"12087.08";"25.07817";"49.36293";"17.63544";"-0.4250031";"53.09746";"55.85022";"25.07817";"49.36293";"17.63544";"-0.4250031";"53.09746";"55.85022"
"12095.42";"25.09886";"49.36449";"18.17663";"-0.4220657";"53.12554";"55.85473";"25.09886";"49.36449";"18.17663";"-0.4220657";"53.12554";"55.85473"
"12103.76";"25.11766";"49.33255";"15.44391";"-0.4762421";"53.13175";"55.86105";"25.11766";"49.33255";"15.44391";"-0.4762421";"53.13175";"55.86105"
"12112.1";"25.14087";"49.31197";"16.42225";"-0.4040146";"53.14197";"55.88181";"25.14087";"49.31197";"16.42225";"-0.4040146";"53.14197";"55.88181"
"12120.44";"25.14911";"49.30011";"15.77929";"-0.3868942";"53.15584";"55.88356";"25.14911";"49.30011";"15.77929";"-0.3868942";"53.15584";"55.88356"
"12128.78";"25.17653";"49.28654";"14.9404";"-0.457653";"53.18019";"55.88702";"25.17653";"49.28654";"14.9404";"-0.457653";"53.18019";"55.88702"
"12137.13";"25.19025";"49.26817";"13.8437";"-0.4552765";"53.18798";"55.89272";"25.19025";"49.26817";"13.8437";"-0.4552765";"53.18798";"55.89272"
"12145.47";"25.21225";"49.24854";"15.00534";"-0.4572716";"53.20682";"55.90822";"25.21225";"49.24854";"15.00534";"-0.4572716";"53.20682";"55.90822"
"12153.81";"25.23496";"49.23988";"15.00997";"-0.4680977";"53.21407";"55.91175";"25.23496";"49.23988";"15.00997";"-0.4680977";"53.21407";"55.91175"
"12162.15";"25.26009";"49.21296";"15.39535";"-0.4478378";"53.2332";"55.91976";"25.26009";"49.21296";"15.39535";"-0.4478378";"53.2332";"55.91976"
"12170.49";"25.2741";"49.20837";"15.03372";"-0.4575081";"53.24495";"55.92303";"25.2741";"49.20837";"15.03372";"-0.4575081";"53.24495";"55.92303"
"12178.83";"25.30837";"49.19752";"15.75349";"-0.4660339";"53.2806";"55.92908";"25.30837";"49.19752";"15.75349";"-0.4660339";"53.2806";"55.92908"
"12187.17";"25.31927";"49.19547";"16.4514";"-0.4166222";"53.28354";"55.93581";"25.31927";"49.19547";"16.4514";"-0.4166222";"53.28354";"55.93581"
"12195.52";"25.35362";"49.18295";"15.3876";"-0.4662132";"53.30304";"55.95142";"25.35362";"49.18295";"15.3876";"-0.4662132";"53.30304";"55.95142"
"12203.86";"25.36753";"49.17003";"15.40827";"-0.4449997";"53.30801";"55.95557";"25.36753";"49.17003";"15.40827";"-0.4449997";"53.30801";"55.95557"
"12212.2";"25.38798";"49.1328";"16.55012";"-0.4376221";"53.34213";"55.96687";"25.38798";"49.1328";"16.55012";"-0.4376221";"53.34213";"55.96687"
"12220.54";"25.39852";"49.12953";"17.34271";"-0.4540596";"53.34958";"55.97028";"25.39852";"49.12953";"17.34271";"-0.4540596";"53.34958";"55.97028"
"12228.88";"25.42823";"49.09922";"15.53309";"-0.4612465";"53.3678";"55.98354";"25.42823";"49.09922";"15.53309";"-0.4612465";"53.3678";"55.98354"
"12237.22";"25.4439";"49.0771";"15.48054";"-0.4428024";"53.37885";"55.99453";"25.4439";"49.0771";"15.48054";"-0.4428024";"53.37885";"55.99453"
"12245.57";"25.4754";"49.06091";"17.38924";"-0.3883133";"53.4007";"56.00567";"25.4754";"49.06091";"17.38924";"-0.3883133";"53.4007";"56.00567"
"12253.91";"25.49003";"49.06525";"14.74682";"-0.4598961";"53.41235";"56.0104";"25.49003";"49.06525";"14.74682";"-0.4598961";"53.41235";"56.0104"
"12262.25";"25.52943";"49.04451";"14.24476";"-0.4285126";"53.43186";"56.04453";"25.52943";"49.04451";"14.24476";"-0.4285126";"53.43186";"56.04453"
"12270.59";"25.54355";"49.02586";"16.43847";"-0.3813286";"53.45927";"56.04388";"25.54355";"49.02586";"16.43847";"-0.3813286";"53.45927";"56.04388"
"12278.93";"25.57158";"49.01608";"16.80276";"-0.4500618";"53.46612";"56.04662";"25.57158";"49.01608";"16.80276";"-0.4500618";"53.46612";"56.04662"
"12287.28";"25.58191";"49.01064";"16.80619";"-0.4504776";"53.48506";"56.05103";"25.58191";"49.01064";"16.80619";"-0.4504776";"53.48506";"56.05103"
"12295.62";"25.61254";"48.98186";"14.64798";"-0.4466934";"53.50597";"56.05817";"25.61254";"48.98186";"14.64798";"-0.4466934";"53.50597";"56.05817"
"12303.96";"25.61914";"48.97657";"14.87945";"-0.3987236";"53.51208";"56.06073";"25.61914";"48.97657";"14.87945";"-0.3987236";"53.51208";"56.06073"
"12312.3";"25.63672";"48.95609";"15.07001";"-0.4169769";"53.52775";"56.07278";"25.63672";"48.95609";"15.07001";"-0.4169769";"53.52775";"56.07278"
"12320.64";"25.6703";"48.94089";"15.04653";"-0.4661636";"53.53883";"56.08148";"25.6703";"48.94089";"15.04653";"-0.4661636";"53.53883";"56.08148"
"12328.98";"25.58968";"48.83119";"17.29672";"-0.4294319";"53.56447";"56.08599";"25.58968";"48.83119";"17.29672";"-0.4294319";"53.56447";"56.08599"
"12337.33";"25.60468";"48.80988";"18.36091";"-0.4850044";"53.57206";"56.09415";"25.60468";"48.80988";"18.36091";"-0.4850044";"53.57206";"56.09415"
"12345.67";"25.63928";"48.7889";"18.3644";"-0.3914642";"53.58942";"56.11304";"25.63928";"48.7889";"18.3644";"-0.3914642";"53.58942";"56.11304"
"12354.01";"25.65644";"48.77805";"18.44688";"-0.3857231";"53.59995";"56.11509";"25.65644";"48.77805";"18.44688";"-0.3857231";"53.59995";"56.11509"
"12362.35";"25.68829";"48.79852";"17.3622";"-0.4275932";"53.63369";"56.11827";"25.68829";"48.79852";"17.3622";"-0.4275932";"53.63369";"56.11827"
"12370.69";"25.7094";"48.78169";"15.37623";"-0.4647942";"53.64704";"56.12132";"25.7094";"48.78169";"15.37623";"-0.4647942";"53.64704";"56.12132"
"12379.03";"25.70821";"48.75891";"17.51333";"-0.4522552";"53.65869";"56.13263";"25.70821";"48.75891";"17.51333";"-0.4522552";"53.65869";"56.13263"
"12387.38";"25.72083";"48.74642";"18.99053";"-0.4281425";"53.67572";"56.13665";"25.72083";"48.74642";"18.99053";"-0.4281425";"53.67572";"56.13665"
"12395.72";"25.75628";"48.71069";"19.33043";"-0.3764114";"53.70506";"56.14121";"25.75628";"48.71069";"19.33043";"-0.3764114";"53.70506";"56.14121"
"12404.06";"25.76674";"48.69674";"17.80647";"-0.3392334";"53.71046";"56.14662";"25.76674";"48.69674";"17.80647";"-0.3392334";"53.71046";"56.14662"
"12412.4";"25.8014";"48.67149";"17.73242";"-0.5155067";"53.72371";"56.15633";"25.8014";"48.67149";"17.73242";"-0.5155067";"53.72371";"56.15633"
"12420.74";"25.81763";"48.65485";"17.95945";"-0.523243";"53.73622";"56.16478";"25.81763";"48.65485";"17.95945";"-0.523243";"53.73622";"56.16478"
"12429.08";"25.85005";"48.63846";"18.19554";"-0.6087112";"53.76495";"56.16567";"25.85005";"48.63846";"18.19554";"-0.6087112";"53.76495";"56.16567"
"12437.42";"25.86577";"48.6218";"18.53594";"-0.4523888";"53.76927";"56.17047";"25.86577";"48.6218";"18.53594";"-0.4523888";"53.76927";"56.17047"
"12445.77";"25.90486";"48.64156";"18.43901";"-0.6080093";"53.79895";"56.18969";"25.90486";"48.64156";"18.43901";"-0.6080093";"53.79895";"56.18969"
"12454.11";"25.91784";"48.61903";"18.19549";"-0.4711456";"53.80172";"56.19258";"25.91784";"48.61903";"18.19549";"-0.4711456";"53.80172";"56.19258"
"12462.45";"25.94901";"48.60963";"18.38481";"-0.5475044";"53.81755";"56.22921";"25.94901";"48.60963";"18.38481";"-0.5475044";"53.81755";"56.22921"
"12470.79";"25.96623";"48.58709";"16.97429";"-0.4656029";"53.83632";"56.22879";"25.96623";"48.58709";"16.97429";"-0.4656029";"53.83632";"56.22879"
"12479.13";"25.96687";"48.56915";"17.00494";"-0.5654945";"53.86814";"56.23372";"25.96687";"48.56915";"17.00494";"-0.5654945";"53.86814";"56.23372"
"12487.47";"25.97395";"48.55659";"16.9065";"-0.5497818";"53.87127";"56.23109";"25.97395";"48.55659";"16.9065";"-0.5497818";"53.87127";"56.23109"
"12495.82";"26.00728";"48.53554";"16.75464";"-0.5598335";"53.8845";"56.23923";"26.00728";"48.53554";"16.75464";"-0.5598335";"53.8845";"56.23923"
"12504.16";"26.03905";"48.49752";"18.55786";"-0.5006447";"53.91835";"56.25238";"26.03905";"48.49752";"18.55786";"-0.5006447";"53.91835";"56.25238"
"12512.5";"26.05616";"48.48956";"16.62457";"-0.423439";"53.92752";"56.25333";"26.05616";"48.48956";"16.62457";"-0.423439";"53.92752";"56.25333"
"12520.84";"26.076";"48.52003";"13.64636";"-0.4273529";"53.9365";"56.25572";"26.076";"48.52003";"13.64636";"-0.4273529";"53.9365";"56.25572"
"12529.18";"26.10608";"48.50538";"13.37429";"-0.4906502";"53.96415";"56.26571";"26.10608";"48.50538";"13.37429";"-0.4906502";"53.96415";"56.26571"
"12537.53";"26.11832";"48.47754";"13.46421";"-0.4118919";"53.96926";"56.26826";"26.11832";"48.47754";"13.46421";"-0.4118919";"53.96926";"56.26826"
"12545.87";"26.1511";"48.45705";"14.05923";"-0.4224472";"53.99832";"56.27502";"26.1511";"48.45705";"14.05923";"-0.4224472";"53.99832";"56.27502"
"12554.21";"26.16494";"48.45017";"14.40846";"-0.4166336";"54.00472";"56.27903";"26.16494";"48.45017";"14.40846";"-0.4166336";"54.00472";"56.27903"
"12562.55";"26.19646";"48.42507";"14.07865";"-0.474987";"54.01627";"56.30085";"26.19646";"48.42507";"14.07865";"-0.474987";"54.01627";"56.30085"
"12570.89";"26.20526";"48.41786";"14.19654";"-0.471241";"54.03132";"56.30296";"26.20526";"48.41786";"14.19654";"-0.471241";"54.03132";"56.30296"
"12579.23";"26.24869";"48.39825";"13.99843";"-0.4137802";"54.06725";"56.30267";"26.24869";"48.39825";"13.99843";"-0.4137802";"54.06725";"56.30267"
"12587.58";"26.22482";"48.36297";"13.13798";"-0.3546715";"54.07069";"56.30552";"26.22482";"48.36297";"13.13798";"-0.3546715";"54.07069";"56.30552"
"12595.92";"26.29414";"48.39743";"13.08718";"-0.4235916";"54.08432";"56.31023";"26.29414";"48.39743";"13.08718";"-0.4235916";"54.08432";"56.31023"
"12604.26";"26.31282";"48.38696";"13.17444";"-0.4311028";"54.12107";"56.32008";"26.31282";"48.38696";"13.17444";"-0.4311028";"54.12107";"56.32008"
"12612.6";"26.31097";"48.37443";"12.89737";"-0.3996658";"54.1268";"56.32146";"26.31097";"48.37443";"12.89737";"-0.3996658";"54.1268";"56.32146"
"12620.94";"26.32918";"48.35083";"13.40686";"-0.4331779";"54.13449";"56.32362";"26.32918";"48.35083";"13.40686";"-0.4331779";"54.13449";"56.32362"
"12629.28";"26.3543";"48.31712";"16.18918";"-0.4273529";"54.14786";"56.3342";"26.3543";"48.31712";"16.18918";"-0.4273529";"54.14786";"56.3342"
"12637.63";"26.36374";"48.30749";"16.55462";"-0.3633041";"54.16214";"56.34021";"26.36374";"48.30749";"16.55462";"-0.3633041";"54.16214";"56.34021"
"12645.97";"26.39809";"48.27899";"16.16722";"-0.3988571";"54.18788";"56.34468";"26.39809";"48.27899";"16.16722";"-0.3988571";"54.18788";"56.34468"
"12654.31";"26.40452";"48.2741";"15.10481";"-0.4006233";"54.19593";"56.35101";"26.40452";"48.2741";"15.10481";"-0.4006233";"54.19593";"56.35101"
"12662.65";"26.4451";"48.24081";"16.03158";"-0.4109383";"54.20813";"56.37654";"26.4451";"48.24081";"16.03158";"-0.4109383";"54.20813";"56.37654"
"12670.99";"26.47029";"48.27539";"15.73935";"-0.4185295";"54.24401";"56.3773";"26.47029";"48.27539";"15.73935";"-0.4185295";"54.24401";"56.3773"
"12679.33";"26.49582";"48.26487";"16.02714";"-0.3864288";"54.25698";"56.37965";"26.49582";"48.26487";"16.02714";"-0.3864288";"54.25698";"56.37965"
"12687.67";"26.51023";"48.25212";"16.21235";"-0.3822594";"54.25977";"56.38405";"26.51023";"48.25212";"16.21235";"-0.3822594";"54.25977";"56.38405"
"12696.02";"26.53631";"48.23586";"16.51017";"-0.4343605";"54.29253";"56.39429";"26.53631";"48.23586";"16.51017";"-0.4343605";"54.29253";"56.39429"
"12704.36";"26.54914";"48.21159";"16.57649";"-0.4470291";"54.29382";"56.39886";"26.54914";"48.21159";"16.57649";"-0.4470291";"54.29382";"56.39886"
"12712.7";"26.58051";"48.19238";"15.46199";"-0.4513359";"54.30598";"56.42092";"26.58051";"48.19238";"15.46199";"-0.4513359";"54.30598";"56.42092"
"12721.04";"26.59006";"48.18566";"15.59897";"-0.4529381";"54.31524";"56.42654";"26.59006";"48.18566";"15.59897";"-0.4529381";"54.31524";"56.42654"
"12729.38";"26.59023";"48.16451";"15.55986";"-0.4775887";"54.34841";"56.43077";"26.59023";"48.16451";"15.55986";"-0.4775887";"54.34841";"56.43077"
"12737.72";"26.6057";"48.14425";"15.23573";"-0.4496078";"54.35686";"56.43447";"26.6057";"48.14425";"15.23573";"-0.4496078";"54.35686";"56.43447"
"12746.07";"26.63787";"48.11061";"15.62944";"-0.4681816";"54.36548";"56.44138";"26.63787";"48.11061";"15.62944";"-0.4681816";"54.36548";"56.44138"
"12754.41";"26.65786";"48.15465";"18.14189";"-0.4606743";"54.40382";"56.44799";"26.65786";"48.15465";"18.14189";"-0.4606743";"54.40382";"56.44799"
"12762.75";"26.68824";"48.12476";"15.84517";"-0.434742";"54.41252";"56.45573";"26.68824";"48.12476";"15.84517";"-0.434742";"54.41252";"56.45573"
"12771.09";"26.70473";"48.11165";"18.10587";"-0.4375839";"54.41717";"56.45991";"26.70473";"48.11165";"18.10587";"-0.4375839";"54.41717";"56.45991"
"12779.43";"26.73325";"48.09576";"17.74487";"-0.4211922";"54.45392";"56.47487";"26.73325";"48.09576";"17.74487";"-0.4211922";"54.45392";"56.47487"
"12787.78";"26.75124";"48.06874";"17.65481";"-0.4336433";"54.45693";"56.47634";"26.75124";"48.06874";"17.65481";"-0.4336433";"54.45693";"56.47634"
"12796.12";"26.77356";"48.05085";"16.78761";"-0.4494858";"54.47087";"56.48246";"26.77356";"48.05085";"16.78761";"-0.4494858";"54.47087";"56.48246"
"12804.46";"26.79174";"48.04405";"15.33114";"-0.4017792";"54.5016";"56.48601";"26.79174";"48.04405";"15.33114";"-0.4017792";"54.5016";"56.48601"
"12812.8";"26.82185";"48.02497";"16.24371";"-0.4352188";"54.50982";"56.49049";"26.82185";"48.02497";"16.24371";"-0.4352188";"54.50982";"56.49049"
"12821.14";"26.85136";"48.0526";"16.79129";"-0.4343719";"54.51431";"56.49426";"26.85136";"48.0526";"16.79129";"-0.4343719";"54.51431";"56.49426"
"12829.48";"26.87387";"48.04576";"17.7416";"-0.4072723";"54.54112";"56.50215";"26.87387";"48.04576";"17.7416";"-0.4072723";"54.54112";"56.50215"
"12837.83";"26.88811";"48.02185";"16.35579";"-0.4120712";"54.54453";"56.50558";"26.88811";"48.02185";"16.35579";"-0.4120712";"54.54453";"56.50558"
"12846.17";"26.92722";"48.00184";"15.73434";"-0.4255028";"54.5533";"56.50874";"26.92722";"48.00184";"15.73434";"-0.4255028";"54.5533";"56.50874"
"12854.51";"26.93376";"47.99931";"15.41571";"-0.3681984";"54.58601";"56.51985";"26.93376";"47.99931";"15.41571";"-0.3681984";"54.58601";"56.51985"
"12862.85";"26.93437";"47.98147";"15.1925";"-0.4379921";"54.59728";"56.53265";"26.93437";"47.98147";"15.1925";"-0.4379921";"54.59728";"56.53265"
"12871.19";"26.95068";"47.95349";"15.4457";"-0.4539986";"54.60325";"56.53689";"26.95068";"47.95349";"15.4457";"-0.4539986";"54.60325";"56.53689"
"12879.53";"26.97514";"47.93517";"16.14815";"-0.4034996";"54.63971";"56.53999";"26.97514";"47.93517";"16.14815";"-0.4034996";"54.63971";"56.53999"
"12887.88";"26.9929";"47.91874";"15.64043";"-0.3925629";"54.64288";"56.5442";"26.9929";"47.91874";"15.64043";"-0.3925629";"54.64288";"56.5442"
"12896.22";"27.02612";"47.89389";"15.26799";"-0.4361992";"54.67378";"56.54717";"27.02612";"47.89389";"15.26799";"-0.4361992";"54.67378";"56.54717"
"12904.56";"27.04032";"47.8862";"16.89028";"-0.4663582";"54.68042";"56.55468";"27.04032";"47.8862";"16.89028";"-0.4663582";"54.68042";"56.55468"
"12912.9";"27.07708";"47.91171";"16.49986";"-0.4023056";"54.69529";"56.56061";"27.07708";"47.91171";"16.49986";"-0.4023056";"54.69529";"56.56061"
"12921.24";"27.0921";"47.88129";"16.17871";"-0.4166565";"54.71346";"56.5685";"27.0921";"47.88129";"16.17871";"-0.4166565";"54.71346";"56.5685"
"12929.58";"27.1153";"47.87203";"16.76827";"-0.3863564";"54.73631";"56.57815";"27.1153";"47.87203";"16.76827";"-0.3863564";"54.73631";"56.57815"
"12937.92";"27.12558";"47.86667";"16.45766";"-0.3993912";"54.74579";"56.58333";"27.12558";"47.86667";"16.45766";"-0.3993912";"54.74579";"56.58333"
"12946.27";"27.15379";"47.84648";"16.00019";"-0.4679565";"54.75455";"56.59081";"27.15379";"47.84648";"16.00019";"-0.4679565";"54.75455";"56.59081"
"12954.61";"27.16677";"47.84002";"16.28038";"-0.463562";"54.76958";"56.59498";"27.16677";"47.84002";"16.28038";"-0.463562";"54.76958";"56.59498"
"12962.95";"27.19692";"47.82085";"16.82835";"-0.4479103";"54.78677";"56.60635";"27.19692";"47.82085";"16.82835";"-0.4479103";"54.78677";"56.60635"
"12971.29";"27.21444";"47.80737";"15.98075";"-0.4792747";"54.79369";"56.60612";"27.21444";"47.80737";"15.98075";"-0.4792747";"54.79369";"56.60612"
"12979.63";"27.24289";"47.82842";"16.94975";"-0.390976";"54.83003";"56.60915";"27.24289";"47.82842";"16.94975";"-0.390976";"54.83003";"56.60915"
"12987.97";"27.27516";"47.81018";"16.80102";"-0.458786";"54.83142";"56.61389";"27.27516";"47.81018";"16.80102";"-0.458786";"54.83142";"56.61389"
"12996.32";"27.29255";"47.80732";"16.06107";"-0.4034653";"54.86325";"56.6181";"27.29255";"47.80732";"16.06107";"-0.4034653";"54.86325";"56.6181"
"13004.66";"27.30581";"47.79044";"17.36672";"-0.4114494";"54.86609";"56.62324";"27.30581";"47.79044";"17.36672";"-0.4114494";"54.86609";"56.62324"
"13013";"27.30029";"47.76804";"15.80845";"-0.4470863";"54.88846";"56.63776";"27.30029";"47.76804";"15.80845";"-0.4470863";"54.88846";"56.63776"
"13021.34";"27.32273";"47.74239";"17.70028";"-0.4167976";"54.89822";"56.63986";"27.32273";"47.74239";"17.70028";"-0.4167976";"54.89822";"56.63986"
"13029.68";"27.33838";"47.73116";"15.92794";"-0.4585724";"54.92726";"56.64607";"27.33838";"47.73116";"15.92794";"-0.4585724";"54.92726";"56.64607"
"13038.03";"27.36429";"47.71873";"17.33271";"-0.4314842";"54.9286";"56.65076";"27.36429";"47.71873";"17.33271";"-0.4314842";"54.9286";"56.65076"
"13046.37";"27.38453";"47.69666";"17.74456";"-0.4340744";"54.94378";"56.6565";"27.38453";"47.69666";"17.74456";"-0.4340744";"54.94378";"56.6565"
"13054.71";"27.40426";"47.67947";"16.55537";"-0.4122849";"54.95314";"56.65862";"27.40426";"47.67947";"16.55537";"-0.4122849";"54.95314";"56.65862"
"13063.05";"27.43333";"47.66614";"18.52769";"-0.4307671";"54.97829";"56.66295";"27.43333";"47.66614";"18.52769";"-0.4307671";"54.97829";"56.66295"
"13071.39";"27.45082";"47.69093";"18.07568";"-0.4366035";"54.98626";"56.66758";"27.45082";"47.69093";"18.07568";"-0.4366035";"54.98626";"56.66758"
"13079.73";"27.48284";"47.66523";"18.13401";"-0.4355659";"55.02024";"56.66525";"27.48284";"47.66523";"18.13401";"-0.4355659";"55.02024";"56.66525"
"13088.08";"27.49287";"47.6629";"15.43516";"-0.3985329";"55.02279";"56.66867";"27.49287";"47.6629";"15.43516";"-0.3985329";"55.02279";"56.66867"
"13096.42";"27.52366";"47.64891";"15.34021";"-0.4580956";"55.04524";"56.67838";"27.52366";"47.64891";"15.34021";"-0.4580956";"55.04524";"56.67838"
"13104.76";"27.53909";"47.63357";"14.58688";"-0.4736404";"55.06095";"56.68212";"27.53909";"47.63357";"14.58688";"-0.4736404";"55.06095";"56.68212"
"13113.1";"27.55609";"47.61535";"15.75396";"-0.4830818";"55.07711";"56.68537";"27.55609";"47.61535";"15.75396";"-0.4830818";"55.07711";"56.68537"
"13121.44";"27.58944";"47.60405";"14.70878";"-0.4207497";"55.08726";"56.69074";"27.58944";"47.60405";"14.70878";"-0.4207497";"55.08726";"56.69074"
"13129.78";"27.6059";"47.59347";"15.46146";"-0.4303741";"55.1147";"56.69791";"27.6059";"47.59347";"15.46146";"-0.4303741";"55.1147";"56.69791"
"13138.13";"27.58829";"47.57343";"14.19583";"-0.4641495";"55.1247";"56.7017";"27.58829";"47.57343";"14.19583";"-0.4641495";"55.1247";"56.7017"
"13146.47";"27.65739";"47.60933";"16.1135";"-0.4237938";"55.14433";"56.7104";"27.65739";"47.60933";"16.1135";"-0.4237938";"55.14433";"56.7104"
"13154.81";"27.64623";"47.58997";"16.19862";"-0.4816017";"55.15915";"56.71336";"27.64623";"47.58997";"16.19862";"-0.4816017";"55.15915";"56.71336"
"13163.15";"27.66797";"47.5633";"18.74358";"-0.4643974";"55.18246";"56.72184";"27.66797";"47.5633";"18.74358";"-0.4643974";"55.18246";"56.72184"
"13171.49";"27.68363";"47.54783";"16.09104";"-0.4661789";"55.19502";"56.72736";"27.68363";"47.54783";"16.09104";"-0.4661789";"55.19502";"56.72736"
"13179.83";"27.7118";"47.52888";"16.8533";"-0.4248085";"55.20512";"56.73499";"27.7118";"47.52888";"16.8533";"-0.4248085";"55.20512";"56.73499"
"13188.17";"27.72707";"47.51508";"16.53363";"-0.3973885";"55.22257";"56.72934";"27.72707";"47.51508";"16.53363";"-0.3973885";"55.22257";"56.72934"
"13196.52";"27.74549";"47.49834";"18.59874";"-0.4331436";"55.24495";"56.73209";"27.74549";"47.49834";"18.59874";"-0.4331436";"55.24495";"56.73209"
"13204.86";"27.7631";"47.48449";"15.60237";"-0.4273529";"55.24972";"56.73396";"27.7631";"47.48449";"15.60237";"-0.4273529";"55.24972";"56.73396"
"13213.2";"27.78917";"47.46672";"15.60068";"-0.4069862";"55.27059";"56.74337";"27.78917";"47.46672";"15.60068";"-0.4069862";"55.27059";"56.74337"
"13221.54";"27.81899";"47.44567";"15.64055";"-0.418148";"55.28754";"56.74657";"27.81899";"47.44567";"15.64055";"-0.418148";"55.28754";"56.74657"
"13229.88";"27.84022";"47.48368";"16.43942";"-0.4373474";"55.30268";"56.75384";"27.84022";"47.48368";"16.43942";"-0.4373474";"55.30268";"56.75384"
"13238.22";"27.86258";"47.46387";"15.96112";"-0.4338226";"55.31321";"56.75811";"27.86258";"47.46387";"15.96112";"-0.4338226";"55.31321";"56.75811"
"13246.57";"27.88079";"47.46529";"16.01146";"-0.4315186";"55.32928";"56.76466";"27.88079";"47.46529";"16.01146";"-0.4315186";"55.32928";"56.76466"
"13254.91";"27.89978";"47.44447";"16.37242";"-0.4444962";"55.34212";"56.77503";"27.89978";"47.44447";"16.37242";"-0.4444962";"55.34212";"56.77503"
"13263.25";"27.91973";"47.44451";"15.78177";"-0.4898033";"55.3575";"56.78901";"27.91973";"47.44451";"15.78177";"-0.4898033";"55.3575";"56.78901"
"13271.59";"27.93859";"47.41961";"16.31824";"-0.4709511";"55.36199";"56.78823";"27.93859";"47.41961";"16.31824";"-0.4709511";"55.36199";"56.78823"
"13279.93";"27.95846";"47.41394";"16.01151";"-0.4018745";"55.38733";"56.79876";"27.95846";"47.41394";"16.01151";"-0.4018745";"55.38733";"56.79876"
"13288.28";"27.94595";"47.39019";"16.02764";"-0.3789558";"55.39726";"56.80334";"27.94595";"47.39019";"16.02764";"-0.3789558";"55.39726";"56.80334"
"13296.62";"27.96953";"47.3863";"15.96379";"-0.4638596";"55.41068";"56.79539";"27.96953";"47.3863";"15.96379";"-0.4638596";"55.41068";"56.79539"
"13304.96";"27.9868";"47.35913";"16.28329";"-0.4714432";"55.42732";"56.80374";"27.9868";"47.35913";"16.28329";"-0.4714432";"55.42732";"56.80374"
"13313.3";"28.0087";"47.34792";"17.49174";"-0.4250374";"55.45499";"56.80711";"28.0087";"47.34792";"17.49174";"-0.4250374";"55.45499";"56.80711"
"13321.64";"28.04055";"47.36957";"18.36854";"-0.4167747";"55.46106";"56.80904";"28.04055";"47.36957";"18.36854";"-0.4167747";"55.46106";"56.80904"
"13329.98";"28.0547";"47.3634";"17.14297";"-0.4243698";"55.4831";"56.81577";"28.0547";"47.3634";"17.14297";"-0.4243698";"55.4831";"56.81577"
"13338.33";"28.08495";"47.34782";"15.8121";"-0.3946762";"55.49871";"56.81897";"28.08495";"47.34782";"15.8121";"-0.3946762";"55.49871";"56.81897"
"13346.67";"28.09771";"47.3376";"14.43977";"-0.4417877";"55.517";"56.82607";"28.09771";"47.3376";"14.43977";"-0.4417877";"55.517";"56.82607"
"13355.01";"28.11327";"47.32133";"16.09525";"-0.4614601";"55.53094";"56.83132";"28.11327";"47.32133";"16.09525";"-0.4614601";"55.53094";"56.83132"
"13363.35";"28.14094";"47.30689";"17.31218";"-0.4604568";"55.54348";"56.8389";"28.14094";"47.30689";"17.31218";"-0.4604568";"55.54348";"56.8389"
"13371.69";"28.14907";"47.29877";"16.84513";"-0.4426804";"55.55461";"56.84225";"28.14907";"47.29877";"16.84513";"-0.4426804";"55.55461";"56.84225"
"13380.03";"28.1779";"47.28011";"14.4488";"-0.5011215";"55.57915";"56.84711";"28.1779";"47.28011";"14.4488";"-0.5011215";"55.57915";"56.84711"
"13388.38";"28.19074";"47.27024";"14.03608";"-0.3651428";"55.58591";"56.85121";"28.19074";"47.27024";"14.03608";"-0.3651428";"55.58591";"56.85121"
"13396.72";"28.22273";"47.29459";"14.37416";"-0.2538605";"55.60883";"56.84814";"28.22273";"47.29459";"14.37416";"-0.2538605";"55.60883";"56.84814"
"13405.06";"28.24504";"47.2775";"14.3469";"-0.2918282";"55.61604";"56.8537";"28.24504";"47.2775";"14.3469";"-0.2918282";"55.61604";"56.8537"
"13413.4";"28.25766";"47.27244";"14.03312";"-0.3857727";"55.63987";"56.85261";"28.25766";"47.27244";"14.03312";"-0.3857727";"55.63987";"56.85261"
"13421.74";"28.28707";"47.26129";"14.05697";"-0.3947716";"55.64687";"56.85401";"28.28707";"47.26129";"14.05697";"-0.3947716";"55.64687";"56.85401"
"13430.08";"28.30002";"47.247";"16.07372";"-0.396801";"55.66845";"56.86266";"28.30002";"47.247";"16.07372";"-0.396801";"55.66845";"56.86266"
"13438.42";"28.31811";"47.23228";"15.98818";"-0.4313049";"55.67674";"56.8669";"28.31811";"47.23228";"15.98818";"-0.4313049";"55.67674";"56.8669"
"13446.77";"28.33488";"47.22414";"16.59169";"-0.5387535";"55.69744";"56.8707";"28.33488";"47.22414";"16.59169";"-0.5387535";"55.69744";"56.8707"
"13455.11";"28.34553";"47.21471";"16.90814";"-0.3264122";"55.70647";"56.87412";"28.34553";"47.21471";"16.90814";"-0.3264122";"55.70647";"56.87412"
"13463.45";"28.3763";"47.20388";"15.19442";"-0.4932404";"55.72492";"56.87873";"28.3763";"47.20388";"15.19442";"-0.4932404";"55.72492";"56.87873"
"13471.79";"28.36164";"47.18428";"15.14354";"-0.4406281";"55.73256";"56.8829";"28.36164";"47.18428";"15.14354";"-0.4406281";"55.73256";"56.8829"
"13480.13";"28.3908";"47.15392";"14.84783";"-0.4443169";"55.75563";"56.8866";"28.3908";"47.15392";"14.84783";"-0.4443169";"55.75563";"56.8866"
"13488.47";"28.41757";"47.18444";"14.84416";"-0.4499397";"55.7679";"56.88987";"28.41757";"47.18444";"14.84416";"-0.4499397";"55.7679";"56.88987"
"13496.82";"28.44019";"47.18479";"15.59347";"-0.3849831";"55.78603";"56.89789";"28.44019";"47.18479";"15.59347";"-0.3849831";"55.78603";"56.89789"
"13505.16";"28.47148";"47.15037";"17.75721";"-0.4705963";"55.80792";"56.88891";"28.47148";"47.15037";"17.75721";"-0.4705963";"55.80792";"56.88891"
"13513.5";"28.4817";"47.14283";"17.74658";"-0.4263725";"55.82442";"56.89537";"28.4817";"47.14283";"17.74658";"-0.4263725";"55.82442";"56.89537"
"13521.84";"28.49232";"47.13504";"17.7751";"-0.4196167";"55.83927";"56.90002";"28.49232";"47.13504";"17.7751";"-0.4196167";"55.83927";"56.90002"
"13530.18";"28.52267";"47.11511";"17.86972";"-0.4638481";"55.85181";"56.90076";"28.52267";"47.11511";"17.86972";"-0.4638481";"55.85181";"56.90076"
"13538.53";"28.52995";"47.10896";"17.10297";"-0.457222";"55.87408";"56.9063";"28.52995";"47.10896";"17.10297";"-0.457222";"55.87408";"56.9063"
"13546.87";"28.55255";"47.09562";"16.92783";"-0.4399605";"55.88638";"56.91133";"28.55255";"47.09562";"16.92783";"-0.4399605";"55.88638";"56.91133"
"13555.21";"28.57161";"47.08246";"17.77283";"-0.4745598";"55.89669";"56.90928";"28.57161";"47.08246";"17.77283";"-0.4745598";"55.89669";"56.90928"
"13563.55";"28.6014";"47.07102";"16.56204";"-0.4160118";"55.91764";"56.91076";"28.6014";"47.07102";"16.56204";"-0.4160118";"55.91764";"56.91076"
"13571.89";"28.61051";"47.10555";"15.56951";"-0.4332161";"55.9301";"56.91601";"28.61051";"47.10555";"15.56951";"-0.4332161";"55.9301";"56.91601"
"13580.23";"28.63631";"47.0779";"16.26077";"-0.4331779";"55.94564";"56.91943";"28.63631";"47.0779";"16.26077";"-0.4331779";"55.94564";"56.91943"
"13588.58";"28.65123";"47.0771";"15.20411";"-0.3660622";"55.95995";"56.91983";"28.65123";"47.0771";"15.20411";"-0.3660622";"55.95995";"56.91983"
"13596.92";"28.68079";"47.06363";"16.34822";"-0.467289";"55.98";"56.9192";"28.68079";"47.06363";"16.34822";"-0.467289";"55.98";"56.9192"
"13605.26";"28.69024";"47.05754";"16.43416";"-0.4309235";"56.00252";"56.91707";"28.69024";"47.05754";"16.43416";"-0.4309235";"56.00252";"56.91707"
"13613.6";"28.71102";"47.0479";"16.43646";"-0.4547768";"56.01992";"56.92372";"28.71102";"47.0479";"16.43646";"-0.4547768";"56.01992";"56.92372"
"13621.94";"28.72392";"47.04064";"19.1232";"-0.4273529";"56.02857";"56.92745";"28.72392";"47.04064";"19.1232";"-0.4273529";"56.02857";"56.92745"
"13630.28";"28.7474";"47.02345";"16.18918";"-0.4273529";"56.05741";"56.92308";"28.7474";"47.02345";"16.18918";"-0.4273529";"56.05741";"56.92308"
"13638.63";"28.76772";"47.01598";"15.82793";"-0.4830093";"56.06472";"56.92896";"28.76772";"47.01598";"15.82793";"-0.4830093";"56.06472";"56.92896"
"13646.97";"28.76243";"47.00456";"17.27712";"-0.4552193";"56.08155";"56.93866";"28.76243";"47.00456";"17.27712";"-0.4552193";"56.08155";"56.93866"
"13655.31";"28.77839";"46.96624";"16.71148";"-0.4311256";"56.09784";"56.94067";"28.77839";"46.96624";"16.71148";"-0.4311256";"56.09784";"56.94067"
"13663.65";"28.84041";"47.01097";"16.61436";"-0.4488068";"56.11847";"56.94374";"28.84041";"47.01097";"16.61436";"-0.4488068";"56.11847";"56.94374"
"13671.99";"28.85469";"47.00783";"18.14289";"-0.4463348";"56.13325";"56.93964";"28.85469";"47.00783";"18.14289";"-0.4463348";"56.13325";"56.93964"
"13680.33";"28.85009";"46.98824";"18.15973";"-0.4243088";"56.14795";"56.94243";"28.85009";"46.98824";"18.15973";"-0.4243088";"56.14795";"56.94243"
"13688.67";"28.86234";"46.97546";"17.6562";"-0.4287376";"56.15564";"56.9475";"28.86234";"46.97546";"17.6562";"-0.4287376";"56.15564";"56.9475"
"13697.02";"28.88684";"46.96577";"16.72467";"-0.3991165";"56.17506";"56.9545";"28.88684";"46.96577";"16.72467";"-0.3991165";"56.17506";"56.9545"
"13705.36";"28.89963";"46.93417";"16.7217";"-0.4163094";"56.18608";"56.9567";"28.89963";"46.93417";"16.7217";"-0.4163094";"56.18608";"56.9567"
"13713.7";"28.91702";"46.93887";"16.60847";"-0.435257";"56.20745";"56.9445";"28.91702";"46.93887";"16.60847";"-0.435257";"56.20745";"56.9445"
"13722.04";"28.93181";"46.90723";"18.58876";"-0.6148605";"56.22157";"56.95258";"28.93181";"46.90723";"18.58876";"-0.6148605";"56.22157";"56.95258"
"13730.38";"28.96416";"46.91666";"16.85386";"-0.3958244";"56.24511";"56.95361";"28.96416";"46.91666";"16.85386";"-0.3958244";"56.24511";"56.95361"
"13738.72";"28.98384";"46.89892";"15.38516";"-0.3999901";"56.25805";"56.95374";"28.98384";"46.89892";"15.38516";"-0.3999901";"56.25805";"56.95374"
"13747.07";"28.9955";"46.87282";"17.6695";"-0.4693642";"56.27579";"56.97028";"28.9955";"46.87282";"17.6695";"-0.4693642";"56.27579";"56.97028"
"13755.41";"29.0112";"46.91568";"16.0625";"-0.4314728";"56.28737";"56.97143";"29.0112";"46.91568";"16.0625";"-0.4314728";"56.28737";"56.97143"
"13763.75";"29.04374";"46.90205";"16.97651";"-0.4227943";"56.30249";"56.96865";"29.04374";"46.90205";"16.97651";"-0.4227943";"56.30249";"56.96865"
"13772.09";"29.05348";"46.89475";"17.04495";"-0.4192352";"56.31911";"56.972";"29.05348";"46.89475";"17.04495";"-0.4192352";"56.31911";"56.972"
"13780.43";"29.08096";"46.88438";"16.81854";"-0.4436607";"56.33739";"56.98079";"29.08096";"46.88438";"16.81854";"-0.4436607";"56.33739";"56.98079"
"13788.78";"29.0908";"46.87641";"17.27001";"-0.4294777";"56.3475";"56.97998";"29.0908";"46.87641";"17.27001";"-0.4294777";"56.3475";"56.97998"
"13797.12";"29.11926";"46.86611";"18.78747";"-0.4574013";"56.34621";"56.98351";"29.11926";"46.86611";"18.78747";"-0.4574013";"56.34621";"56.98351"
"13805.46";"29.125";"46.86119";"15.79798";"-0.4273529";"56.36485";"56.98434";"29.125";"46.86119";"15.79798";"-0.4273529";"56.36485";"56.98434"
"13813.8";"29.15716";"46.8502";"14.5991";"-0.3660622";"56.38673";"56.98399";"29.15716";"46.8502";"14.5991";"-0.3660622";"56.38673";"56.98399"
"13822.14";"29.16436";"46.83879";"14.61996";"-0.4374428";"56.40144";"56.9872";"29.16436";"46.83879";"14.61996";"-0.4374428";"56.40144";"56.9872"
"13830.48";"29.18025";"46.81954";"14.5901";"-0.4693298";"56.40743";"56.994";"29.18025";"46.81954";"14.5901";"-0.4693298";"56.40743";"56.994"
"13838.83";"29.22205";"46.84411";"14.74311";"-0.4741898";"56.42287";"56.99219";"29.22205";"46.84411";"14.74311";"-0.4741898";"56.42287";"56.99219"
"13847.17";"29.23518";"46.8405";"14.39522";"-0.4281998";"56.44141";"56.99335";"29.23518";"46.8405";"14.39522";"-0.4281998";"56.44141";"56.99335"
"13855.51";"29.24288";"46.83754";"16.00165";"-0.4399719";"56.45962";"56.99757";"29.24288";"46.83754";"16.00165";"-0.4399719";"56.45962";"56.99757"
"13863.85";"29.27537";"46.82541";"14.7021";"-0.4251671";"56.46803";"57.0033";"29.27537";"46.82541";"14.7021";"-0.4251671";"56.46803";"57.0033"
"13872.19";"29.28303";"46.81807";"14.62409";"-0.430706";"56.48692";"57.00336";"29.28303";"46.81807";"14.62409";"-0.430706";"56.48692";"57.00336"
"13880.53";"29.28165";"46.80991";"14.30937";"-0.4277";"56.51015";"57.00243";"29.28165";"46.80991";"14.30937";"-0.4277";"56.51015";"57.00243"
"13888.88";"29.28688";"46.80287";"14.22328";"-0.4242363";"56.52068";"57.00679";"29.28688";"46.80287";"14.22328";"-0.4242363";"56.52068";"57.00679"
"13897.22";"29.3185";"46.78125";"13.66259";"-0.4211922";"56.54403";"57.01326";"29.3185";"46.78125";"13.66259";"-0.4211922";"56.54403";"57.01326"
"13905.56";"29.3249";"46.76677";"13.67512";"-0.3197136";"56.55248";"57.01898";"29.3249";"46.76677";"13.67512";"-0.3197136";"56.55248";"57.01898"
"13913.9";"29.34374";"46.73494";"13.73054";"-0.4643135";"56.57949";"57.01167";"29.34374";"46.73494";"13.73054";"-0.4643135";"56.57949";"57.01167"
"13922.24";"29.35422";"46.73383";"14.47935";"-0.4729691";"56.59011";"57.00232";"29.35422";"46.73383";"14.47935";"-0.4729691";"56.59011";"57.00232"
"13930.58";"29.39942";"46.76903";"13.8276";"-0.4393044";"56.60308";"57.00552";"29.39942";"46.76903";"13.8276";"-0.4393044";"56.60308";"57.00552"
"13938.92";"29.4066";"46.76222";"16.16088";"-0.4788933";"56.61576";"57.01351";"29.4066";"46.76222";"16.16088";"-0.4788933";"56.61576";"57.01351"
"13947.27";"29.43838";"46.74745";"16.99024";"-0.4393387";"56.64615";"57.00641";"29.43838";"46.74745";"16.99024";"-0.4393387";"56.64615";"57.00641"
"13955.61";"29.44426";"46.74303";"16.71956";"-0.3548393";"56.66031";"57.01471";"29.44426";"46.74303";"16.71956";"-0.3548393";"56.66031";"57.01471"
"13963.95";"29.47699";"46.72904";"17.04544";"-0.4717178";"56.67027";"57.01846";"29.47699";"46.72904";"17.04544";"-0.4717178";"56.67027";"57.01846"
"13972.29";"29.48044";"46.72638";"17.58346";"-0.4776497";"56.68619";"57.02175";"29.48044";"46.72638";"17.58346";"-0.4776497";"56.68619";"57.02175"
"13980.63";"29.51003";"46.7183";"17.56838";"-0.4660454";"56.71091";"57.02074";"29.51003";"46.7183";"17.56838";"-0.4660454";"56.71091";"57.02074"
"13988.97";"29.51186";"46.71568";"17.1659";"-0.4363174";"56.71387";"57.01899";"29.51186";"46.71568";"17.1659";"-0.4363174";"56.71387";"57.01899"
"13997.32";"29.54656";"46.69996";"18.20123";"-0.4426804";"56.73182";"57.02619";"29.54656";"46.69996";"18.20123";"-0.4426804";"56.73182";"57.02619"
"14005.66";"29.55153";"46.69134";"17.6068";"-0.4117508";"56.74104";"57.03103";"29.55153";"46.69134";"17.6068";"-0.4117508";"56.74104";"57.03103"
"14014";"29.56986";"46.6741";"17.85143";"-0.4818153";"56.76587";"57.02946";"29.56986";"46.6741";"17.85143";"-0.4818153";"56.76587";"57.02946"
"14022.34";"29.58477";"46.66385";"17.72909";"-0.4277458";"56.77915";"57.02258";"29.58477";"46.66385";"17.72909";"-0.4277458";"56.77915";"57.02258"
"14030.68";"29.61646";"46.69867";"17.7358";"-0.4244766";"56.79639";"57.02116";"29.61646";"46.69867";"17.7358";"-0.4244766";"56.79639";"57.02116"
"14039.03";"29.62749";"46.68761";"17.96834";"-0.4215393";"56.81086";"57.02476";"29.62749";"46.68761";"17.96834";"-0.4215393";"56.81086";"57.02476"
"14047.37";"29.65349";"46.67841";"18.68172";"-0.428154";"56.82261";"57.0228";"29.65349";"46.67841";"18.68172";"-0.428154";"56.82261";"57.0228"
"14055.71";"29.6592";"46.66978";"18.99547";"-0.4376678";"56.83791";"57.02693";"29.6592";"46.66978";"18.99547";"-0.4376678";"56.83791";"57.02693"
"14064.05";"29.68819";"46.66054";"17.34677";"-0.4080963";"56.86308";"57.03012";"29.68819";"46.66054";"17.34677";"-0.4080963";"56.86308";"57.03012"
"14072.39";"29.69512";"46.6559";"15.77561";"-0.4290466";"56.8716";"57.03041";"29.69512";"46.6559";"15.77561";"-0.4290466";"56.8716";"57.03041"
"14080.73";"29.71272";"46.62836";"16.89917";"-0.4228058";"56.89032";"57.03259";"29.71272";"46.62836";"16.89917";"-0.4228058";"56.89032";"57.03259"
"14089.08";"29.74581";"46.61817";"17.36625";"-0.4637794";"56.90667";"57.03273";"29.74581";"46.61817";"17.36625";"-0.4637794";"56.90667";"57.03273"
"14097.42";"29.7612";"46.61932";"17.08984";"-0.4352798";"56.9221";"57.04113";"29.7612";"46.61932";"17.08984";"-0.4352798";"56.9221";"57.04113"
"14105.76";"29.73911";"46.60738";"17.0414";"-0.4139709";"56.93526";"57.04227";"29.73911";"46.60738";"17.0414";"-0.4139709";"56.93526";"57.04227"
"14114.1";"29.80661";"46.64115";"17.5363";"-0.3930283";"56.95512";"57.03517";"29.80661";"46.64115";"17.5363";"-0.3930283";"56.95512";"57.03517"
"14122.44";"29.81374";"46.63189";"17.57878";"-0.3946762";"56.96376";"57.03718";"29.81374";"46.63189";"17.57878";"-0.3946762";"56.96376";"57.03718"
"14130.78";"29.80395";"46.60652";"18.18847";"-0.5054436";"56.99158";"57.03794";"29.80395";"46.60652";"18.18847";"-0.5054436";"56.99158";"57.03794"
"14139.13";"29.83815";"46.59343";"17.56931";"-0.4968605";"57.00178";"57.03592";"29.83815";"46.59343";"17.56931";"-0.4968605";"57.00178";"57.03592"
"14147.47";"29.84678";"46.58615";"17.70587";"-0.4614372";"57.01099";"57.03999";"29.84678";"46.58615";"17.70587";"-0.4614372";"57.01099";"57.03999"
"14155.81";"29.85483";"46.57959";"17.61536";"-0.4832954";"57.03286";"57.03688";"29.85483";"46.57959";"17.61536";"-0.4832954";"57.03286";"57.03688"
"14164.15";"29.88321";"46.56868";"18.11111";"-0.519352";"57.06149";"57.04107";"29.88321";"46.56868";"18.11111";"-0.519352";"57.06149";"57.04107"
"14172.49";"29.8873";"46.56057";"18.07676";"-0.4867477";"57.06236";"57.03727";"29.8873";"46.56057";"18.07676";"-0.4867477";"57.06236";"57.03727"
"14180.83";"29.91345";"46.55571";"18.08287";"-0.4847908";"57.07558";"57.0361";"29.91345";"46.55571";"18.08287";"-0.4847908";"57.07558";"57.0361"
"14189.17";"29.91881";"46.55008";"17.57342";"-0.4781761";"57.09017";"57.0343";"29.91881";"46.55008";"17.57342";"-0.4781761";"57.09017";"57.0343"
"14197.52";"29.9405";"46.53933";"17.92328";"-0.4563026";"57.11335";"57.03924";"29.9405";"46.53933";"17.92328";"-0.4563026";"57.11335";"57.03924"
"14205.86";"29.96907";"46.52364";"16.10678";"-0.4558029";"57.12532";"57.03937";"29.96907";"46.52364";"16.10678";"-0.4558029";"57.12532";"57.03937"
"14214.2";"29.97862";"46.51747";"18.46998";"-0.571106";"57.13881";"57.03583";"29.97862";"46.51747";"18.46998";"-0.571106";"57.13881";"57.03583"
"14222.54";"29.98398";"46.55537";"17.50674";"-0.6814537";"57.14334";"57.04072";"29.98398";"46.55537";"17.50674";"-0.6814537";"57.14334";"57.04072"
"14230.88";"30.02393";"46.54379";"18.28236";"-0.4913063";"57.17047";"57.03097";"30.02393";"46.54379";"18.28236";"-0.4913063";"57.17047";"57.03097"
"14239.22";"30.0294";"46.53188";"18.25213";"-0.4832497";"57.17641";"57.03069";"30.0294";"46.53188";"18.25213";"-0.4832497";"57.17641";"57.03069"
"14247.57";"30.04339";"46.52406";"16.16348";"-0.5598221";"57.18138";"57.02741";"30.04339";"46.52406";"16.16348";"-0.5598221";"57.18138";"57.02741"
"14255.91";"30.06805";"46.51124";"16.58015";"-0.6119957";"57.20201";"57.02802";"30.06805";"46.51124";"16.58015";"-0.6119957";"57.20201";"57.02802"
"14264.25";"30.07949";"46.50515";"16.53252";"-0.5177765";"57.22684";"57.02327";"30.07949";"46.50515";"16.53252";"-0.5177765";"57.22684";"57.02327"
"14272.59";"30.08926";"46.49445";"16.49709";"-0.5060883";"57.23143";"57.02231";"30.08926";"46.49445";"16.49709";"-0.5060883";"57.23143";"57.02231"
"14280.93";"30.11971";"46.48501";"16.48899";"-0.5809059";"57.26593";"57.01952";"30.11971";"46.48501";"16.48899";"-0.5809059";"57.26593";"57.01952"
"14289.28";"30.12408";"46.4811";"16.41439";"-0.5120926";"57.27452";"57.02406";"30.12408";"46.4811";"16.41439";"-0.5120926";"57.27452";"57.02406"
"14297.62";"30.14711";"46.46696";"16.53203";"-0.5576019";"57.29167";"57.02275";"30.14711";"46.46696";"16.53203";"-0.5576019";"57.29167";"57.02275"
"14305.96";"30.16115";"46.46389";"16.47445";"-0.5379524";"57.29449";"57.02518";"30.16115";"46.46389";"16.47445";"-0.5379524";"57.29449";"57.02518"
"14314.3";"30.18278";"46.49492";"16.47339";"-0.5657196";"57.325";"57.02803";"30.18278";"46.49492";"16.47339";"-0.5657196";"57.325";"57.02803"
"14322.64";"30.19266";"46.48712";"16.54292";"-0.5764046";"57.32665";"57.02853";"30.19266";"46.48712";"16.54292";"-0.5764046";"57.32665";"57.02853"
"14330.98";"30.22441";"46.4781";"16.4486";"-0.5884285";"57.33995";"57.02963";"30.22441";"46.4781";"16.4486";"-0.5884285";"57.33995";"57.02963"
"14339.33";"30.22842";"46.47575";"16.41937";"-0.5565414";"57.35554";"57.02763";"30.22842";"46.47575";"16.41937";"-0.5565414";"57.35554";"57.02763"
"14347.67";"30.24886";"46.46631";"17.17885";"-0.575737";"57.37359";"57.01946";"30.24886";"46.46631";"17.17885";"-0.575737";"57.37359";"57.01946"
"14356.01";"30.26173";"46.4642";"16.87529";"-0.5436592";"57.38911";"57.02501";"30.26173";"46.4642";"16.87529";"-0.5436592";"57.38911";"57.02501"
"14364.35";"30.28573";"46.45501";"18.30086";"-0.6362648";"57.40996";"57.02545";"30.28573";"46.45501";"18.30086";"-0.6362648";"57.40996";"57.02545"
"14372.69";"30.29485";"46.4472";"17.26946";"-0.5415802";"57.42684";"57.02569";"30.29485";"46.4472";"17.26946";"-0.5415802";"57.42684";"57.02569"
"14381.03";"30.32461";"46.43778";"16.95561";"-0.4814568";"57.45062";"57.03197";"30.32461";"46.43778";"16.95561";"-0.4814568";"57.45062";"57.03197"
"14389.38";"30.33327";"46.43105";"17.34853";"-0.5461426";"57.45129";"57.02828";"30.33327";"46.43105";"17.34853";"-0.5461426";"57.45129";"57.02828"
"14397.72";"30.34707";"46.42665";"17.54756";"-0.4831657";"57.46619";"57.03328";"30.34707";"46.42665";"17.54756";"-0.4831657";"57.46619";"57.03328"
"14406.06";"30.36191";"46.42221";"16.60648";"-0.4638481";"57.47022";"57.03172";"30.36191";"46.42221";"16.60648";"-0.4638481";"57.47022";"57.03172"
"14414.4";"30.40121";"46.44282";"17.07952";"-0.5162468";"57.50993";"57.02982";"30.40121";"46.44282";"17.07952";"-0.5162468";"57.50993";"57.02982"
"14422.74";"30.40771";"46.43883";"16.79365";"-0.4638481";"57.52342";"57.02856";"30.40771";"46.43883";"16.79365";"-0.4638481";"57.52342";"57.02856"
"14431.08";"30.42025";"46.41968";"17.08572";"-0.4939575";"57.53674";"57.02945";"30.42025";"46.41968";"17.08572";"-0.4939575";"57.53674";"57.02945"
"14439.42";"30.41574";"46.41768";"16.96321";"-0.5214882";"57.54415";"57.02703";"30.41574";"46.41768";"16.96321";"-0.5214882";"57.54415";"57.02703"
"14447.77";"30.43695";"46.40498";"17.18431";"-0.4883957";"57.48195";"57.07485";"30.43695";"46.40498";"17.18431";"-0.4883957";"57.48195";"57.07485"
"14456.11";"30.43821";"46.40325";"17.20577";"-0.4259071";"57.48851";"57.07969";"30.43821";"46.40325";"17.20577";"-0.4259071";"57.48851";"57.07969"
"14464.45";"30.45914";"46.39707";"17.1";"-0.4771385";"57.5038";"57.08079";"30.45914";"46.39707";"17.1";"-0.4771385";"57.5038";"57.08079"
"14472.79";"30.46557";"46.39286";"17.59074";"-0.4873924";"57.51127";"57.08118";"30.46557";"46.39286";"17.59074";"-0.4873924";"57.51127";"57.08118"
"14481.13";"30.49574";"46.37356";"17.10186";"-0.4619522";"57.54761";"57.07797";"30.49574";"46.37356";"17.10186";"-0.4619522";"57.54761";"57.07797"
"14489.47";"30.49937";"46.36892";"17.07847";"-0.4970627";"57.54978";"57.07783";"30.49937";"46.36892";"17.07847";"-0.4970627";"57.54978";"57.07783"
"14497.82";"30.51941";"46.36618";"16.99557";"-0.4886932";"57.57039";"57.07513";"30.51941";"46.36618";"16.99557";"-0.4886932";"57.57039";"57.07513"
"14506.16";"30.55308";"46.34404";"19.71001";"-0.4273529";"57.59945";"57.07127";"30.55308";"46.34404";"19.71001";"-0.4273529";"57.59945";"57.07127"
"14514.5";"30.55995";"46.34036";"18.69813";"-0.4581184";"57.60527";"57.07021";"30.55995";"46.34036";"18.69813";"-0.4581184";"57.60527";"57.07021"
"14522.84";"30.5639";"46.33757";"18.70855";"-0.4626541";"57.60933";"57.07359";"30.5639";"46.33757";"18.70855";"-0.4626541";"57.60933";"57.07359"
"14531.18";"30.60722";"46.37304";"15.97517";"-0.4481621";"57.63805";"57.06586";"30.60722";"46.37304";"15.97517";"-0.4481621";"57.63805";"57.06586"
"14539.53";"30.60806";"46.37251";"16.98521";"-0.4550018";"57.64579";"57.06732";"30.60806";"46.37251";"16.98521";"-0.4550018";"57.64579";"57.06732"
"14547.87";"30.61283";"46.37004";"16.44372";"-0.4420013";"57.65339";"57.06667";"30.61283";"46.37004";"16.44372";"-0.4420013";"57.65339";"57.06667"
"14556.21";"30.64869";"46.35167";"17.00153";"-0.45998";"57.67538";"57.06001";"30.64869";"46.35167";"17.00153";"-0.45998";"57.67538";"57.06001"
"14564.55";"30.65623";"46.35193";"15.41589";"-0.4645309";"57.69407";"57.06493";"30.65623";"46.35193";"15.41589";"-0.4645309";"57.69407";"57.06493"
"14572.89";"30.65987";"46.34536";"15.78936";"-0.4899712";"57.6982";"57.06357";"30.65987";"46.34536";"15.78936";"-0.4899712";"57.6982";"57.06357"
"14581.23";"30.68764";"46.32859";"16.45051";"-0.4350662";"57.71071";"57.06512";"30.68764";"46.32859";"16.45051";"-0.4350662";"57.71071";"57.06512"
"14589.58";"30.69511";"46.3211";"16.92382";"-0.4450684";"57.72468";"57.06516";"30.69511";"46.3211";"16.92382";"-0.4450684";"57.72468";"57.06516"
"14597.92";"30.71935";"46.31405";"15.56905";"-0.4790001";"57.75195";"57.06345";"30.71935";"46.31405";"15.56905";"-0.4790001";"57.75195";"57.06345"
"14606.26";"30.72368";"46.31379";"15.76046";"-0.467453";"57.7625";"57.05396";"30.72368";"46.31379";"15.76046";"-0.467453";"57.7625";"57.05396"
"14614.6";"30.75018";"46.29168";"14.97013";"-0.489399";"57.79693";"57.05183";"30.75018";"46.29168";"14.97013";"-0.489399";"57.79693";"57.05183"
"14622.94";"30.75704";"46.29071";"14.98269";"-0.4925728";"57.80918";"57.05321";"30.75704";"46.29071";"14.98269";"-0.4925728";"57.80918";"57.05321"
"14631.28";"30.77891";"46.3283";"14.09486";"-0.4296913";"57.82365";"57.05403";"30.77891";"46.3283";"14.09486";"-0.4296913";"57.82365";"57.05403"
"14639.63";"30.79709";"46.31816";"14.12424";"-0.4790459";"57.8338";"57.05241";"30.79709";"46.31816";"14.12424";"-0.4790459";"57.8338";"57.05241"
"14647.97";"30.81173";"46.31092";"15.4179";"-0.5283775";"57.85037";"57.04344";"30.81173";"46.31092";"15.4179";"-0.5283775";"57.85037";"57.04344"
"14656.31";"30.81747";"46.31219";"15.26739";"-0.4406776";"57.85725";"57.04911";"30.81747";"46.31219";"15.26739";"-0.4406776";"57.85725";"57.04911"
"14664.65";"30.8464";"46.2959";"14.5458";"-0.6124611";"57.87114";"57.04461";"30.8464";"46.2959";"14.5458";"-0.6124611";"57.87114";"57.04461"
"14672.99";"30.85172";"46.29435";"15.36607";"-0.5794868";"57.88067";"57.04514";"30.85172";"46.29435";"15.36607";"-0.5794868";"57.88067";"57.04514"
"14681.33";"30.87605";"46.28727";"13.76974";"-0.4558258";"57.90042";"57.04169";"30.87605";"46.28727";"13.76974";"-0.4558258";"57.90042";"57.04169"
"14689.67";"30.8859";"46.28165";"13.69453";"-0.4662018";"57.90572";"57.04109";"30.8859";"46.28165";"13.69453";"-0.4662018";"57.90572";"57.04109"
"14698.02";"30.90485";"46.27074";"14.27023";"-0.4653282";"57.93938";"57.04494";"30.90485";"46.27074";"14.27023";"-0.4653282";"57.93938";"57.04494"
"14706.36";"30.91531";"46.26478";"13.74766";"-0.3342934";"57.94896";"57.04374";"30.91531";"46.26478";"13.74766";"-0.3342934";"57.94896";"57.04374"
"14714.7";"30.94949";"46.25467";"13.01515";"-0.4940796";"57.97613";"57.03509";"30.94949";"46.25467";"13.01515";"-0.4940796";"57.97613";"57.03509"
"14723.04";"30.95092";"46.25299";"13.97248";"-0.4267197";"57.99574";"57.03614";"30.95092";"46.25299";"13.97248";"-0.4267197";"57.99574";"57.03614"
"14731.38";"30.96974";"46.28224";"14.99764";"-0.4570427";"58.01792";"57.0367";"30.96974";"46.28224";"14.99764";"-0.4570427";"58.01792";"57.0367"
"14739.72";"30.98026";"46.27687";"13.64139";"-0.3950119";"58.02412";"57.03518";"30.98026";"46.27687";"13.64139";"-0.3950119";"58.02412";"57.03518"
"14748.07";"31.01552";"46.27382";"14.30173";"-0.4234734";"58.04514";"57.02834";"31.01552";"46.27382";"14.30173";"-0.4234734";"58.04514";"57.02834"
"14756.41";"31.01859";"46.26953";"14.22558";"-0.451828";"58.05213";"57.02605";"31.01859";"46.26953";"14.22558";"-0.451828";"58.05213";"57.02605"
"14764.75";"31.03066";"46.26541";"15.8576";"-0.4046707";"58.06985";"57.02385";"31.03066";"46.26541";"15.8576";"-0.4046707";"58.06985";"57.02385"
"14773.09";"31.04099";"46.25715";"13.96591";"-0.4694595";"58.07799";"57.02444";"31.04099";"46.25715";"13.96591";"-0.4694595";"58.07799";"57.02444"
"14781.43";"31.0696";"46.24916";"15.19545";"-0.4602432";"58.10149";"57.01164";"31.0696";"46.24916";"15.19545";"-0.4602432";"58.10149";"57.01164"
"14789.78";"31.07178";"46.24286";"15.38638";"-0.3621559";"58.1133";"57.01533";"31.07178";"46.24286";"15.38638";"-0.3621559";"58.1133";"57.01533"
"14798.12";"31.08816";"46.23851";"15.32458";"-0.4395905";"58.13885";"57.01357";"31.08816";"46.23851";"15.32458";"-0.4395905";"58.13885";"57.01357"
"14806.46";"31.09489";"46.23552";"15.22003";"-0.4331093";"58.14779";"57.00196";"31.09489";"46.23552";"15.22003";"-0.4331093";"58.14779";"57.00196"
"14814.8";"31.11786";"46.22735";"15.78009";"-0.4278183";"58.16316";"57.0026";"31.11786";"46.22735";"15.78009";"-0.4278183";"58.16316";"57.0026"
"14823.14";"31.12602";"46.22521";"16.1083";"-0.4363441";"58.17763";"56.99753";"31.12602";"46.22521";"16.1083";"-0.4363441";"58.17763";"56.99753"
"14831.48";"31.1112";"46.21553";"14.37458";"-0.4237823";"58.19499";"56.99284";"31.1112";"46.21553";"14.37458";"-0.4237823";"58.19499";"56.99284"
"14839.83";"31.12487";"46.20773";"14.4137";"-0.4326172";"58.21118";"56.99595";"31.12487";"46.20773";"14.4137";"-0.4326172";"58.21118";"56.99595"
"14848.17";"31.18658";"46.24284";"14.47466";"-0.517643";"58.233";"56.98087";"31.18658";"46.24284";"14.47466";"-0.517643";"58.233";"56.98087"
"14856.51";"31.18937";"46.24014";"14.47239";"-0.4754524";"58.23962";"56.97821";"31.18937";"46.24014";"14.47239";"-0.4754524";"58.23962";"56.97821"
"14864.85";"31.20028";"46.23211";"14.02611";"-0.4223518";"58.25072";"56.9787";"31.20028";"46.23211";"14.02611";"-0.4223518";"58.25072";"56.9787"
"14873.19";"31.2137";"46.22747";"13.90446";"-0.4329872";"58.25919";"56.98398";"31.2137";"46.22747";"13.90446";"-0.4329872";"58.25919";"56.98398"
"14881.53";"31.2397";"46.22414";"14.3995";"-0.4755135";"58.28634";"56.9728";"31.2397";"46.22414";"14.3995";"-0.4755135";"58.28634";"56.9728"
"14889.88";"31.21968";"46.21991";"14.97722";"-0.4669304";"58.2957";"56.97118";"31.21968";"46.21991";"14.97722";"-0.4669304";"58.2957";"56.97118"
"14898.22";"31.23593";"46.20784";"16.81949";"-0.4576874";"58.31645";"56.96669";"31.23593";"46.20784";"16.81949";"-0.4576874";"58.31645";"56.96669"
"14906.56";"31.23957";"46.20992";"16.78151";"-0.4233665";"58.33534";"56.97517";"31.23957";"46.20992";"16.78151";"-0.4233665";"58.33534";"56.97517"
"14914.9";"31.26023";"46.19949";"16.7769";"-0.4335861";"58.35984";"56.96108";"31.26023";"46.19949";"16.7769";"-0.4335861";"58.35984";"56.96108"
"14923.24";"31.27525";"46.19828";"15.79271";"-0.3943672";"58.37199";"56.9613";"31.27525";"46.19828";"15.79271";"-0.3943672";"58.37199";"56.9613"
"14931.58";"31.30127";"46.18674";"15.29201";"-0.4226265";"58.38603";"56.95377";"31.30127";"46.18674";"15.29201";"-0.4226265";"58.38603";"56.95377"
"14939.92";"31.30379";"46.18517";"16.59282";"-0.4935417";"58.39613";"56.95211";"31.30379";"46.18517";"16.59282";"-0.4935417";"58.39613";"56.95211"
"14948.27";"31.31519";"46.16848";"15.44445";"-0.4259567";"58.41361";"56.95069";"31.31519";"46.16848";"15.44445";"-0.4259567";"58.41361";"56.95069"
"14956.61";"31.34198";"46.15841";"17.24326";"-0.3858414";"58.42476";"56.94494";"31.34198";"46.15841";"17.24326";"-0.3858414";"58.42476";"56.94494"
"14964.95";"31.36476";"46.20249";"16.87979";"-0.4366531";"58.43493";"56.94052";"31.36476";"46.20249";"16.87979";"-0.4366531";"58.43493";"56.94052"
"14973.29";"31.3685";"46.1979";"16.75357";"-0.4425735";"58.44329";"56.93793";"31.3685";"46.1979";"16.75357";"-0.4425735";"58.44329";"56.93793"
"14981.63";"31.37832";"46.18571";"17.4024";"-0.3604126";"58.46162";"56.9371";"31.37832";"46.18571";"17.4024";"-0.3604126";"58.46162";"56.9371"
"14989.97";"31.40343";"46.17999";"15.99852";"-0.4131355";"58.47313";"56.93691";"31.40343";"46.17999";"15.99852";"-0.4131355";"58.47313";"56.93691"
"14998.32";"31.41924";"46.17895";"14.59302";"-0.4568901";"58.49238";"56.9286";"31.41924";"46.17895";"14.59302";"-0.4568901";"58.49238";"56.9286"
"15006.66";"31.42627";"46.17083";"14.47127";"-0.4389114";"58.5089";"56.92799";"31.42627";"46.17083";"14.47127";"-0.4389114";"58.5089";"56.92799"
"15015";"31.44317";"46.15368";"13.89135";"-0.4703445";"58.53307";"56.93177";"31.44317";"46.15368";"13.89135";"-0.4703445";"58.53307";"56.93177"
"15023.34";"31.45108";"46.15208";"13.85515";"-0.4230423";"58.54386";"56.92415";"31.45108";"46.15208";"13.85515";"-0.4230423";"58.54386";"56.92415"
"15031.68";"31.46017";"46.14732";"13.84154";"-0.4404716";"58.56239";"56.91938";"31.46017";"46.14732";"13.84154";"-0.4404716";"58.56239";"56.91938"
"15040.03";"31.46491";"46.14507";"13.83576";"-0.4349442";"58.57139";"56.91609";"31.46491";"46.14507";"13.83576";"-0.4349442";"58.57139";"56.91609"
"15048.37";"31.46664";"46.1407";"13.95205";"-0.4400787";"58.57463";"56.91688";"31.46664";"46.1407";"13.95205";"-0.4400787";"58.57463";"56.91688"
"15056.71";"31.46945";"46.14175";"13.25588";"-0.4025574";"58.57932";"56.91644";"31.46945";"46.14175";"13.25588";"-0.4025574";"58.57932";"56.91644"
"15065.05";"31.47413";"46.14223";"13.63546";"-0.4710121";"58.57965";"56.91864";"31.47413";"46.14223";"13.63546";"-0.4710121";"58.57965";"56.91864"
"15073.39";"31.4745";"46.14408";"13.93898";"-0.43116";"58.58034";"56.91623";"31.4745";"46.14408";"13.93898";"-0.43116";"58.58034";"56.91623"
"15081.73";"31.49465";"46.14074";"13.58991";"-0.4425621";"58.58686";"56.91057";"31.49465";"46.14074";"13.58991";"-0.4425621";"58.58686";"56.91057"
"15090.08";"31.50016";"46.14008";"13.4896";"-0.3723869";"58.60584";"56.91009";"31.50016";"46.14008";"13.4896";"-0.3723869";"58.60584";"56.91009"
"15098.42";"31.5117";"46.13203";"14.41298";"-0.4241905";"58.61654";"56.90962";"31.5117";"46.13203";"14.41298";"-0.4241905";"58.61654";"56.90962"
"15106.76";"31.51965";"46.13281";"13.84269";"-0.4753838";"58.62514";"56.90904";"31.51965";"46.13281";"13.84269";"-0.4753838";"58.62514";"56.90904"
"15115.1";"31.55842";"46.16137";"13.86302";"-0.4716797";"58.64199";"56.90165";"31.55842";"46.16137";"13.86302";"-0.4716797";"58.64199";"56.90165"
"15123.44";"31.55948";"46.16375";"13.7948";"-0.4862442";"58.65016";"56.89309";"31.55948";"46.16375";"13.7948";"-0.4862442";"58.65016";"56.89309"
"15131.78";"31.56689";"46.16483";"14.5727";"-0.4314117";"58.66308";"56.8805";"31.56689";"46.16483";"14.5727";"-0.4314117";"58.66308";"56.8805"
"15140.13";"31.57715";"46.15771";"15.89905";"-0.454525";"58.67017";"56.88252";"31.57715";"46.15771";"15.89905";"-0.454525";"58.67017";"56.88252"
"15148.47";"31.60223";"46.15009";"14.6302";"-0.4246559";"58.69118";"56.87606";"31.60223";"46.15009";"14.6302";"-0.4246559";"58.69118";"56.87606"
"15156.81";"31.60633";"46.14694";"14.24682";"-0.4154625";"58.70372";"56.87079";"31.60633";"46.14694";"14.24682";"-0.4154625";"58.70372";"56.87079"
"15165.15";"31.62436";"46.13961";"14.36804";"-0.4586067";"58.73232";"56.86808";"31.62436";"46.13961";"14.36804";"-0.4586067";"58.73232";"56.86808"
"15173.49";"31.64396";"46.13078";"14.10981";"-0.4883232";"58.74651";"56.86075";"31.64396";"46.13078";"14.10981";"-0.4883232";"58.74651";"56.86075"
"15181.83";"31.65259";"46.12833";"16.2323";"-0.3843994";"58.78148";"56.85746";"31.65259";"46.12833";"16.2323";"-0.3843994";"58.78148";"56.85746"
"15190.17";"31.66128";"46.12679";"16.87255";"-0.4336319";"58.79092";"56.85498";"31.66128";"46.12679";"16.87255";"-0.4336319";"58.79092";"56.85498"
"15198.52";"31.67356";"46.12537";"17.15485";"-0.4394722";"58.80073";"56.85327";"31.67356";"46.12537";"17.15485";"-0.4394722";"58.80073";"56.85327"
"15206.86";"31.70109";"46.11462";"17.14307";"-0.4389343";"58.80968";"56.84806";"31.70109";"46.11462";"17.14307";"-0.4389343";"58.80968";"56.84806"
"15215.2";"31.71996";"46.10771";"17.96986";"-0.4335747";"58.83487";"56.84237";"31.71996";"46.10771";"17.96986";"-0.4335747";"58.83487";"56.84237"
"15223.54";"31.72366";"46.10883";"15.6084";"-0.4024734";"58.84877";"56.84389";"31.72366";"46.10883";"15.6084";"-0.4024734";"58.84877";"56.84389"
"15231.88";"31.7342";"46.10535";"17.60815";"-0.5263596";"58.86868";"56.83452";"31.7342";"46.10535";"17.60815";"-0.5263596";"58.86868";"56.83452"
"15240.22";"31.77154";"46.13339";"18.37262";"-0.5406876";"58.87547";"56.83903";"31.77154";"46.13339";"18.37262";"-0.5406876";"58.87547";"56.83903"
"15248.57";"31.78046";"46.13516";"15.40677";"-0.4273529";"58.89597";"56.83497";"31.78046";"46.13516";"15.40677";"-0.4273529";"58.89597";"56.83497"
"15256.91";"31.78425";"46.13189";"15.24968";"-0.4736023";"58.906";"56.82787";"31.78425";"46.13189";"15.24968";"-0.4736023";"58.906";"56.82787"
"15265.25";"31.79013";"46.12994";"17.94959";"-0.6229553";"58.92635";"56.8209";"31.79013";"46.12994";"17.94959";"-0.6229553";"58.92635";"56.8209"
"15273.59";"31.79852";"46.12415";"16.59428";"-0.6254005";"58.93936";"56.81169";"31.79852";"46.12415";"16.59428";"-0.6254005";"58.93936";"56.81169"
"15281.93";"31.82224";"46.12093";"17.76549";"-0.5388718";"58.95932";"56.80457";"31.82224";"46.12093";"17.76549";"-0.5388718";"58.95932";"56.80457"
"15290.28";"31.82874";"46.11816";"20.26214";"-0.6129723";"58.97143";"56.80633";"31.82874";"46.11816";"20.26214";"-0.6129723";"58.97143";"56.80633"
"15298.62";"31.83608";"46.1136";"17.76265";"-0.5653763";"58.99048";"56.79531";"31.83608";"46.1136";"17.76265";"-0.5653763";"58.99048";"56.79531"
"15306.96";"31.85247";"46.10905";"17.44318";"-0.531971";"59.00084";"56.78995";"31.85247";"46.10905";"17.44318";"-0.531971";"59.00084";"56.78995"
"15315.3";"31.87881";"46.09752";"17.57904";"-0.4733658";"59.01049";"56.78852";"31.87881";"46.09752";"17.57904";"-0.4733658";"59.01049";"56.78852"
"15323.64";"31.87966";"46.09865";"16.12725";"-0.4465637";"59.03155";"56.78348";"31.87966";"46.09865";"16.12725";"-0.4465637";"59.03155";"56.78348"
"15331.98";"31.88812";"46.09236";"17.56059";"-0.4689941";"59.05363";"56.76768";"31.88812";"46.09236";"17.56059";"-0.4689941";"59.05363";"56.76768"
"15340.33";"31.8993";"46.09314";"16.88825";"-0.5877228";"59.06381";"56.77407";"31.8993";"46.09314";"16.88825";"-0.5877228";"59.06381";"56.77407"
"15348.67";"31.93244";"46.08562";"17.58578";"-0.4878349";"59.0867";"56.75818";"31.93244";"46.08562";"17.58578";"-0.4878349";"59.0867";"56.75818"
"15357.01";"31.94089";"46.12143";"15.69332";"-0.4563179";"59.09986";"56.75822";"31.94089";"46.12143";"15.69332";"-0.4563179";"59.09986";"56.75822"
"15365.35";"31.96134";"46.11108";"16.17965";"-0.4626083";"59.13379";"56.74472";"31.96134";"46.11108";"16.17965";"-0.4626083";"59.13379";"56.74472"
"15373.69";"31.96833";"46.11151";"16.89139";"-0.4933014";"59.14597";"56.74573";"31.96833";"46.11151";"16.89139";"-0.4933014";"59.14597";"56.74573"
"15382.03";"31.98958";"46.11329";"16.16862";"-0.4139709";"59.16703";"56.74066";"31.98958";"46.11329";"16.16862";"-0.4139709";"59.16703";"56.74066"
"15390.38";"31.99373";"46.11028";"16.21651";"-0.4436722";"59.17887";"56.73659";"31.99373";"46.11028";"16.21651";"-0.4436722";"59.17887";"56.73659"
"15398.72";"32.0175";"46.10392";"16.49084";"-0.4352341";"59.19819";"56.73116";"32.0175";"46.10392";"16.49084";"-0.4352341";"59.19819";"56.73116"
"15407.06";"32.02081";"46.10325";"15.25713";"-0.5250931";"59.21082";"56.72758";"32.02081";"46.10325";"15.25713";"-0.5250931";"59.21082";"56.72758"
"15415.4";"32.02597";"46.10366";"16.20216";"-0.4758224";"59.22106";"56.72275";"32.02597";"46.10366";"16.20216";"-0.4758224";"59.22106";"56.72275"
"15423.74";"32.03493";"46.10316";"16.33171";"-0.4772682";"59.23754";"56.71883";"32.03493";"46.10316";"16.33171";"-0.4772682";"59.23754";"56.71883"
"15432.08";"32.06473";"46.0944";"17.29461";"-0.4777832";"59.24165";"56.71566";"32.06473";"46.0944";"17.29461";"-0.4777832";"59.24165";"56.71566"
"15440.42";"32.06579";"46.09431";"16.11288";"-0.4472771";"59.2511";"56.70802";"32.06579";"46.09431";"16.11288";"-0.4472771";"59.2511";"56.70802"
"15448.77";"32.07362";"46.09088";"15.56263";"-0.5063019";"59.27233";"56.70208";"32.07362";"46.09088";"15.56263";"-0.5063019";"59.27233";"56.70208"
"15457.11";"32.07465";"46.08936";"15.96691";"-0.3949738";"59.28305";"56.6989";"32.07465";"46.08936";"15.96691";"-0.3949738";"59.28305";"56.6989"
"15465.45";"32.11398";"46.0812";"16.67316";"-0.4648895";"59.28615";"56.69092";"32.11398";"46.0812";"16.67316";"-0.4648895";"59.28615";"56.69092"
"15473.79";"32.11287";"46.08167";"16.66813";"-0.4517555";"59.30532";"56.68835";"32.11287";"46.08167";"16.66813";"-0.4517555";"59.30532";"56.68835"
"15482.13";"32.11602";"46.07766";"15.3902";"-0.4550514";"59.33228";"56.6758";"32.11602";"46.07766";"15.3902";"-0.4550514";"59.33228";"56.6758"
"15490.47";"32.12343";"46.07789";"15.44664";"-0.4458923";"59.33744";"56.67244";"32.12343";"46.07789";"15.44664";"-0.4458923";"59.33744";"56.67244"
"15498.82";"32.15847";"46.10632";"15.3939";"-0.4050026";"59.35482";"56.66124";"32.15847";"46.10632";"15.3939";"-0.4050026";"59.35482";"56.66124"
"15507.16";"32.16627";"46.10397";"16.72326";"-0.4163818";"59.37383";"56.66154";"32.16627";"46.10397";"16.72326";"-0.4163818";"59.37383";"56.66154"
"15515.5";"32.17284";"46.10579";"18.30516";"-0.4557304";"59.38534";"56.65736";"32.17284";"46.10579";"18.30516";"-0.4557304";"59.38534";"56.65736"
"15523.84";"32.18297";"46.10173";"16.8678";"-0.4507751";"59.39448";"56.6546";"32.18297";"46.10173";"16.8678";"-0.4507751";"59.39448";"56.6546"
"15532.18";"32.20887";"46.09811";"16.79015";"-0.4541092";"59.41521";"56.65136";"32.20887";"46.09811";"16.79015";"-0.4541092";"59.41521";"56.65136"
"15540.53";"32.20964";"46.09576";"17.4834";"-0.4682083";"59.42812";"56.64663";"32.20964";"46.09576";"17.4834";"-0.4682083";"59.42812";"56.64663"
"15548.87";"32.22181";"46.09513";"19.85594";"-0.4184837";"59.46172";"56.64126";"32.22181";"46.09513";"19.85594";"-0.4184837";"59.46172";"56.64126"
"15557.21";"32.2307";"46.09038";"20.03507";"-0.3987465";"59.46482";"56.63899";"32.2307";"46.09038";"20.03507";"-0.3987465";"59.46482";"56.63899"
"15565.55";"32.25687";"46.08612";"17.46816";"-0.4445801";"59.4972";"56.62873";"32.25687";"46.08612";"17.46816";"-0.4445801";"59.4972";"56.62873"
"15573.89";"32.2595";"46.08424";"18.32593";"-0.4155579";"59.49861";"56.62921";"32.2595";"46.08424";"18.32593";"-0.4155579";"59.49861";"56.62921"
"15582.23";"32.27048";"46.08187";"16.53814";"-0.4135742";"59.51124";"56.62666";"32.27048";"46.08187";"16.53814";"-0.4135742";"59.51124";"56.62666"
"15590.58";"32.27812";"46.08199";"16.41364";"-0.4383469";"59.52564";"56.60881";"32.27812";"46.08199";"16.41364";"-0.4383469";"59.52564";"56.60881"
"15598.92";"32.31211";"46.07172";"15.3714";"-0.4159508";"59.55797";"56.59028";"32.31211";"46.07172";"15.3714";"-0.4159508";"59.55797";"56.59028"
"15607.26";"32.31406";"46.07313";"15.3727";"-0.4109612";"59.55675";"56.59077";"32.31406";"46.07313";"15.3727";"-0.4109612";"59.55675";"56.59077"
"15615.6";"32.32915";"46.10658";"17.33514";"-0.4478989";"59.58461";"56.58588";"32.32915";"46.10658";"17.33514";"-0.4478989";"59.58461";"56.58588"
"15623.94";"32.33792";"46.10289";"17.73202";"-0.4561615";"59.59309";"56.58289";"32.33792";"46.10289";"17.73202";"-0.4561615";"59.59309";"56.58289"
"15632.28";"32.35044";"46.10287";"16.08801";"-0.4150314";"59.60938";"56.5731";"32.35044";"46.10287";"16.08801";"-0.4150314";"59.60938";"56.5731"
"15640.63";"32.35667";"46.10387";"15.87617";"-0.3910599";"59.62373";"56.55906";"32.35667";"46.10387";"15.87617";"-0.3910599";"59.62373";"56.55906"
"15648.97";"32.38578";"46.09814";"18.2833";"-0.4326553";"59.64531";"56.56561";"32.38578";"46.09814";"18.2833";"-0.4326553";"59.64531";"56.56561"
"15657.31";"32.38743";"46.09958";"18.24942";"-0.457737";"59.65312";"56.55752";"32.38743";"46.09958";"18.24942";"-0.457737";"59.65312";"56.55752"
"15665.65";"32.39331";"46.09412";"21.07922";"-0.4273529";"59.66861";"56.56293";"32.39331";"46.09412";"21.07922";"-0.4273529";"59.66861";"56.56293"
"15673.99";"32.39714";"46.09507";"23.44377";"-0.4354706";"59.68146";"56.55253";"32.39714";"46.09507";"23.44377";"-0.4354706";"59.68146";"56.55253"
"15682.33";"32.42294";"46.08838";"23.51264";"-0.442276";"59.7119";"56.54301";"32.42294";"46.08838";"23.51264";"-0.442276";"59.7119";"56.54301"
"15690.67";"32.42281";"46.09014";"21.28294";"-0.5109215";"59.71565";"56.54336";"32.42281";"46.09014";"21.28294";"-0.5109215";"59.71565";"56.54336"
"15699.02";"32.43031";"46.08939";"22.06361";"-0.4587746";"59.73389";"56.53056";"32.43031";"46.08939";"22.06361";"-0.4587746";"59.73389";"56.53056"
"15707.36";"32.43604";"46.0869";"21.65836";"-0.4935417";"59.73886";"56.52457";"32.43604";"46.0869";"21.65836";"-0.4935417";"59.73886";"56.52457"
"15715.7";"32.43922";"46.08482";"21.80543";"-0.4871521";"59.75147";"56.51769";"32.43922";"46.08482";"21.80543";"-0.4871521";"59.75147";"56.51769"
"15724.04";"32.47445";"46.08002";"21.0152";"-0.3933029";"59.76224";"56.51294";"32.47445";"46.08002";"21.0152";"-0.3933029";"59.76224";"56.51294"
"15732.38";"32.47961";"46.08055";"18.69049";"-0.4322128";"59.77687";"56.50474";"32.47961";"46.08055";"18.69049";"-0.4322128";"59.77687";"56.50474"
"15740.72";"32.4796";"46.08055";"18.98808";"-0.4470978";"59.78659";"56.50006";"32.4796";"46.08055";"18.98808";"-0.4470978";"59.78659";"56.50006"
"15749.07";"32.48703";"46.07505";"16.41378";"-0.4515648";"59.80331";"56.48853";"32.48703";"46.07505";"16.41378";"-0.4515648";"59.80331";"56.48853"
"15757.41";"32.53061";"46.10582";"18.6633";"-0.4198303";"59.81565";"56.48373";"32.53061";"46.10582";"18.6633";"-0.4198303";"59.81565";"56.48373"
"15765.75";"32.53526";"46.10616";"16.96531";"-0.4231644";"59.84502";"56.48684";"32.53526";"46.10616";"16.96531";"-0.4231644";"59.84502";"56.48684"
"15774.09";"32.53617";"46.10622";"16.77238";"-0.4389572";"59.84891";"56.48605";"32.53617";"46.10622";"16.77238";"-0.4389572";"59.84891";"56.48605"
"15782.43";"32.54423";"46.10306";"17.4208";"-0.3379326";"59.85698";"56.46612";"32.54423";"46.10306";"17.4208";"-0.3379326";"59.85698";"56.46612"
"15790.78";"32.54967";"46.10123";"18.12766";"-0.4053993";"59.88021";"56.46631";"32.54967";"46.10123";"18.12766";"-0.4053993";"59.88021";"56.46631"
"15799.12";"32.58144";"46.09533";"18.67264";"-0.422554";"59.90999";"56.4447";"32.58144";"46.09533";"18.67264";"-0.422554";"59.90999";"56.4447"
"15807.46";"32.58565";"46.09874";"18.77666";"-0.4401169";"59.91844";"56.43652";"32.58565";"46.09874";"18.77666";"-0.4401169";"59.91844";"56.43652"
"15815.8";"32.58836";"46.09741";"17.97787";"-0.4195824";"59.93009";"56.42736";"32.58836";"46.09741";"17.97787";"-0.4195824";"59.93009";"56.42736"
"15824.14";"32.59058";"46.0948";"18.05218";"-0.443615";"59.94459";"56.42815";"32.59058";"46.0948";"18.05218";"-0.443615";"59.94459";"56.42815"
"15832.48";"32.6286";"46.08915";"17.06754";"-0.3597908";"59.97109";"56.42264";"32.6286";"46.08915";"17.06754";"-0.3597908";"59.97109";"56.42264"
"15840.83";"32.62856";"46.08915";"16.76894";"-0.4299812";"59.97482";"56.42175";"32.62856";"46.08915";"16.76894";"-0.4299812";"59.97482";"56.42175"
"15849.17";"32.63172";"46.08873";"16.68458";"-0.3785858";"59.99514";"56.39418";"32.63172";"46.08873";"16.68458";"-0.3785858";"59.99514";"56.39418"
